#rname	startpos	endpos	numreads	covbases	coverage	meandepth	meanbaseq	meanmapq
dDocent_Contig_469	1	379	46	374	98.6807	13.1873	36.2	57.7
dDocent_Contig_2221	1	248	18	195	78.629	6.66129	35.4	53.5
dDocent_Contig_2643	1	401	16	139	34.6633	4.41646	35.1	60
dDocent_Contig_3763	1	343	19	245	71.4286	5.55102	36	59.5
dDocent_Contig_3808	1	399	1	68	17.0426	0.170426	36.2	60
dDocent_Contig_4059	1	317	16	230	72.5552	5.90221	35.3	57.1
dDocent_Contig_4302	1	351	44	289	82.3362	15.849	35.8	60
dDocent_Contig_4678	1	417	63	224	53.717	18.0048	35.4	60
dDocent_Contig_4795	1	504	10	100	19.8413	1.84127	36	60
dDocent_Contig_4841	1	434	7	292	67.2811	1.80645	35.1	54.4
dDocent_Contig_4870	1	346	8	215	62.1387	2.16763	36.7	60
dDocent_Contig_4893	1	390	848	272	69.7436	257.233	36.1	49.6
dDocent_Contig_4896	1	478	11	188	39.3305	2.69456	36.3	60
dDocent_Contig_4915	1	490	6	119	24.2857	1.26531	35.5	60
dDocent_Contig_4954	1	448	24	166	37.0536	7.20982	34.1	59
dDocent_Contig_5374	1	339	22	207	61.0619	7.78761	36.3	60
dDocent_Contig_5466	1	378	2	125	33.0688	0.661376	37	60
dDocent_Contig_5536	1	385	11	221	57.4026	2.64675	36.1	52.4
dDocent_Contig_5701	1	399	8	215	53.8847	2.14787	34.6	56
dDocent_Contig_5745	1	350	3	179	51.1429	1.06286	35.3	60
dDocent_Contig_5793	1	491	35	209	42.5662	7.92057	35.7	60
dDocent_Contig_5885	1	411	7	123	29.927	1.90024	35.9	60
dDocent_Contig_5919	1	389	4	128	32.9049	1.01542	35.9	60
dDocent_Contig_6187	1	358	2	92	25.6983	0.513966	36.6	60
dDocent_Contig_6364	1	384	6	130	33.8542	1.77604	34	60
dDocent_Contig_6641	1	379	3	172	45.3826	1.05805	36.6	60
dDocent_Contig_6659	1	367	31	331	90.1907	9.86104	35.8	38.6
dDocent_Contig_6765	1	403	12	241	59.8015	3.16625	35.3	60
dDocent_Contig_7234	1	472	10	121	25.6356	1.8072	35.9	60
dDocent_Contig_7358	1	381	18	199	52.231	6.14436	35.5	60
dDocent_Contig_7458	1	407	1	93	22.8501	0.228501	36.2	60
dDocent_Contig_7519	1	512	11	162	31.6406	2.19531	36.5	60
dDocent_Contig_8407	1	391	37	233	59.5908	10.2532	36	60
dDocent_Contig_8530	1	364	12	121	33.2418	3.50549	36.6	60
dDocent_Contig_8860	1	444	1	69	15.5405	0.155405	36.4	60
dDocent_Contig_8973	1	510	9	161	31.5686	2.02941	36.6	60
dDocent_Contig_8977	1	408	13	284	69.6078	3.14216	36.6	60
dDocent_Contig_8980	1	418	6	149	35.6459	1.66746	35.3	60
dDocent_Contig_10010	1	372	49	174	46.7742	14.2661	35.3	57.9
dDocent_Contig_10081	1	392	7	113	28.8265	1.69643	36.4	60
dDocent_Contig_10223	1	421	9	182	43.2304	2.56532	36.5	60
dDocent_Contig_10246	1	383	16	202	52.7415	4.54569	35.6	56.2
dDocent_Contig_10283	1	462	25	247	53.4632	7.69264	35.7	60
dDocent_Contig_10521	1	327	10	218	66.6667	3.44343	36.3	60
dDocent_Contig_10528	1	358	4	147	41.0615	1.15642	36.2	60
dDocent_Contig_10735	1	355	13	159	44.7887	3.69859	35.9	55.8
dDocent_Contig_11013	1	448	9	280	62.5	2.06696	35.8	52.1
dDocent_Contig_11040	1	438	16	232	52.968	4.30365	35.1	60
dDocent_Contig_11104	1	379	8	160	42.2164	2.07388	36.6	60
dDocent_Contig_11121	1	371	26	206	55.5256	8.15094	35.4	59.9
dDocent_Contig_11227	1	393	8	148	37.659	2.14504	36.4	52.1
dDocent_Contig_11328	1	340	10	192	56.4706	2.58235	35.8	60
dDocent_Contig_11809	1	369	18	181	49.0515	6.33333	36.3	60
dDocent_Contig_11825	1	443	6	116	26.1851	1.57111	36.6	60
dDocent_Contig_12441	1	390	2	122	31.2821	0.625641	36.8	60
dDocent_Contig_12477	1	499	6	197	39.479	1.50902	33.1	60
dDocent_Contig_12539	1	470	2	113	24.0426	0.368085	35	60
dDocent_Contig_12540	1	484	2	141	29.1322	0.582645	36.8	60
dDocent_Contig_12650	1	438	16	159	36.3014	5.02055	35	60
dDocent_Contig_12696	1	413	9	198	47.9419	2.14044	36.6	55.6
dDocent_Contig_12794	1	399	4	274	68.6717	1.37343	36.1	60
dDocent_Contig_13087	1	371	38	246	66.3073	12.4367	35.9	60
dDocent_Contig_13133	1	358	231	355	99.162	72.4358	36.2	48.3
dDocent_Contig_13319	1	497	8	218	43.8632	1.93964	36	60
dDocent_Contig_13325	1	471	5	246	52.2293	1.16985	36.9	60
dDocent_Contig_13631	1	350	10	190	54.2857	2.68857	35.6	60
dDocent_Contig_13704	1	509	7	160	31.4342	1.00393	35.3	34.4
dDocent_Contig_13714	1	320	9	204	63.75	3.2125	36.6	60
dDocent_Contig_13802	1	386	28	237	61.399	7.52073	35	60
dDocent_Contig_13814	1	441	28	206	46.712	8.6712	35.1	60
dDocent_Contig_13926	1	385	341	383	99.4805	104.252	36.2	47.3
dDocent_Contig_14040	1	412	20	233	56.5534	6.69903	35.2	60
dDocent_Contig_14127	1	505	23	416	82.3762	4.83366	36.6	49.6
dDocent_Contig_14341	1	437	12	302	69.1076	3.00458	35.9	60
dDocent_Contig_14387	1	376	12	222	59.0426	3.60106	36.1	53.7
dDocent_Contig_14401	1	499	3	129	25.8517	0.773547	36.3	60
dDocent_Contig_14458	1	389	17	301	77.3779	4.97429	36.8	60
dDocent_Contig_14471	1	381	21	249	65.3543	6.65879	36	60
dDocent_Contig_14496	1	390	10	286	73.3333	2.31795	36.3	58.7
dDocent_Contig_14696	1	399	12	256	64.1604	3.65664	36.3	60
dDocent_Contig_14857	1	507	39	194	38.2643	7.63116	35.9	60
dDocent_Contig_14945	1	384	28	382	99.4792	8.11198	35.6	58.6
dDocent_Contig_15303	1	463	5	224	48.3801	1.17711	36.8	60
dDocent_Contig_15394	1	383	19	278	72.5849	6.17493	35.9	60
dDocent_Contig_15443	1	336	34	225	66.9643	13.5357	35.5	60
dDocent_Contig_15798	1	345	50	301	87.2464	20.1478	35.4	60
dDocent_Contig_16416	1	339	26	245	72.2714	9.75221	35.6	60
dDocent_Contig_16644	1	379	214	377	99.4723	51.7493	34.1	36
dDocent_Contig_16876	1	407	58	235	57.7396	19.656	34.9	60
dDocent_Contig_17025	1	364	18	170	46.7033	4.81044	36.1	60
dDocent_Contig_17172	1	417	13	152	36.4508	3.54436	36.9	60
dDocent_Contig_17263	1	344	1231	341	99.1279	414.974	35.6	54.8
dDocent_Contig_17281	1	338	8	218	64.497	3.43491	36.2	60
dDocent_Contig_17506	1	283	605	257	90.8127	218.23	35.5	45.4
dDocent_Contig_17552	1	383	13	131	34.2037	3.93211	36.2	60
dDocent_Contig_17966	1	427	13	202	47.3068	2.86183	36	60
dDocent_Contig_18067	1	417	2	174	41.7266	0.517986	36.5	60
dDocent_Contig_18263	1	320	11	144	45	3.98438	35.7	39.6
dDocent_Contig_18530	1	383	43	243	63.4465	14.0496	35.4	59.3
dDocent_Contig_18645	1	325	107	295	90.7692	35.9815	36.2	59.2
dDocent_Contig_18820	1	389	11	195	50.1285	3.79692	35.5	60
dDocent_Contig_19079	1	369	8	202	54.7425	2.24661	36.7	60
dDocent_Contig_19438	1	398	6	189	47.4874	1.82161	36.7	60
dDocent_Contig_19450	1	413	4	132	31.9613	1.1477	36.9	60
dDocent_Contig_19596	1	387	7	173	44.7028	2.13178	36.8	60
dDocent_Contig_19601	1	407	16	230	56.5111	4.45946	35.5	60
dDocent_Contig_19667	1	459	74	339	73.8562	20.427	35.2	60
dDocent_Contig_19729	1	417	32	182	43.6451	7.1247	35.6	50.1
dDocent_Contig_19789	1	421	5	246	58.4323	1.5962	36.9	60
dDocent_Contig_19841	1	341	2	105	30.7918	0.615836	35.9	60
dDocent_Contig_19852	1	390	100	303	77.6923	28.0923	36.2	47.2
dDocent_Contig_19961	1	405	15	277	68.3951	4.58025	36.3	60
dDocent_Contig_20075	1	513	6	153	29.8246	1.48733	36.8	60
dDocent_Contig_20137	1	400	22	163	40.75	6.0425	36.1	60
dDocent_Contig_20312	1	305	27	273	89.5082	11.4852	36.1	60
dDocent_Contig_20384	1	417	1	141	33.8129	0.338129	36.7	60
dDocent_Contig_20541	1	394	15	373	94.6701	5.35787	36.4	60
dDocent_Contig_20805	1	446	33	395	88.565	8.83184	36	60
dDocent_Contig_20878	1	441	15	166	37.6417	3.80272	36.6	60
dDocent_Contig_20914	1	382	9	159	41.623	2.68848	36.5	60
dDocent_Contig_21026	1	291	17	182	62.543	5.58076	36.1	60
dDocent_Contig_21304	1	354	13	211	59.6045	3.93503	35.9	59.5
dDocent_Contig_21306	1	382	10	179	46.8586	3.51832	36.1	60
dDocent_Contig_21534	1	309	2	103	33.3333	0.666667	36.6	47
dDocent_Contig_21546	1	415	2	75	18.0723	0.361446	36.8	60
dDocent_Contig_21972	1	384	33	230	59.8958	11.4661	35.6	60
dDocent_Contig_22345	1	419	12	235	56.0859	2.75656	36.9	60
dDocent_Contig_22724	1	396	21	351	88.6364	6.34343	36.1	60
dDocent_Contig_22852	1	422	6	189	44.7867	1.66114	36.1	60
dDocent_Contig_22969	1	387	4	131	33.8501	0.914729	36.9	60
dDocent_Contig_22974	1	418	38	197	47.1292	10.1962	34.8	59.2
dDocent_Contig_23082	1	339	2	132	38.9381	0.778761	35.5	60
dDocent_Contig_23105	1	357	10	147	41.1765	3.92157	34.8	60
dDocent_Contig_23475	1	412	8	242	58.7379	2.67718	35.8	60
dDocent_Contig_23718	1	457	2	133	29.1028	0.582057	36.8	60
dDocent_Contig_24326	1	366	13	156	42.623	3.56284	35.4	55.5
dDocent_Contig_24509	1	391	60	259	66.2404	16.6036	35.7	58.8
dDocent_Contig_24768	1	496	2	86	17.3387	0.346774	37	60
dDocent_Contig_24942	1	431	4	191	44.3155	1.05336	37	39.5
dDocent_Contig_25303	1	364	5	158	43.4066	1.42308	35.7	52
dDocent_Contig_25362	1	430	8	307	71.3953	2.16977	36.3	60
dDocent_Contig_25525	1	348	14	225	64.6552	4.83333	35.1	60
dDocent_Contig_25528	1	376	5	168	44.6809	1.16223	36.4	52.6
dDocent_Contig_25719	1	415	2	100	24.0964	0.481928	36.9	60
dDocent_Contig_25734	1	337	17	173	51.3353	6.51632	35.2	60
dDocent_Contig_25745	1	397	6	188	47.3552	1.60705	36.8	43.7
dDocent_Contig_26001	1	384	1	100	26.0417	0.260417	36.9	60
dDocent_Contig_26341	1	444	13	360	81.0811	2.79054	35.8	60
dDocent_Contig_26480	1	421	15	138	32.7791	3.65796	36.4	60
dDocent_Contig_26506	1	400	51	230	57.5	15.87	35.9	60
dDocent_Contig_26705	1	461	29	248	53.7961	8.21041	34.8	60
dDocent_Contig_26735	1	393	3	145	36.8957	0.969466	36.8	60
dDocent_Contig_26794	1	356	13	208	58.427	4.54775	35.2	60
dDocent_Contig_26833	1	400	4	107	26.75	0.89	37	60
dDocent_Contig_26860	1	394	35	365	92.6396	10.6294	36.2	60
dDocent_Contig_26932	1	258	87	251	97.2868	35.2054	35.5	60
dDocent_Contig_27151	1	347	3	144	41.4986	1.24496	36.8	60
dDocent_Contig_27303	1	378	6	327	86.5079	2.04762	36.3	60
dDocent_Contig_27382	1	387	2	83	21.447	0.428941	36.2	60
dDocent_Contig_27425	1	360	3	125	34.7222	0.936111	36.9	60
dDocent_Contig_27478	1	459	1	150	32.6797	0.326797	37	60
dDocent_Contig_27500	1	396	11	210	53.0303	4.01263	33.7	60
dDocent_Contig_27714	1	470	13	175	37.234	2.70851	35.8	60
dDocent_Contig_27757	1	391	1	92	23.5294	0.235294	37	60
dDocent_Contig_27791	1	475	7	140	29.4737	1.70947	35.6	53.9
dDocent_Contig_27963	1	379	9	219	57.7836	2.64908	36.4	60
dDocent_Contig_28454	1	399	9	145	36.3409	2.20551	35.8	60
dDocent_Contig_28529	1	406	14	298	73.399	4.18719	35.8	57.5
dDocent_Contig_28554	1	330	15	188	56.9697	5.30303	35.3	58.7
dDocent_Contig_28643	1	365	10	136	37.2603	3.23562	35.4	60
dDocent_Contig_28723	1	276	9	172	62.3188	3.48551	34.8	60
dDocent_Contig_28759	1	388	19	163	42.0103	6.79124	35.9	60
dDocent_Contig_28983	1	302	138	149	49.3377	37.3411	36	57.8
dDocent_Contig_29239	1	466	8	139	29.8283	1.88841	35.4	60
dDocent_Contig_29337	1	430	51	182	42.3256	12.5442	34.9	59.9
dDocent_Contig_29359	1	344	4	117	34.0116	1.22965	36.9	60
dDocent_Contig_29718	1	364	26	305	83.7912	9.17308	35.2	60
dDocent_Contig_29719	1	372	24	216	58.0645	7.66667	35.7	60
dDocent_Contig_30057	1	507	12	149	29.3886	2.66667	36.6	56.8
dDocent_Contig_30094	1	502	3	265	52.7888	0.762948	36.9	60
dDocent_Contig_30299	1	433	22	234	54.0416	6.30947	35.9	59.8
dDocent_Contig_30444	1	357	9	117	32.7731	2.7563	33.9	60
dDocent_Contig_30573	1	400	2	79	19.75	0.395	36.9	60
dDocent_Contig_31438	1	426	8	141	33.0986	1.85446	35.9	60
dDocent_Contig_31551	1	325	9	125	38.4615	2.42769	36.1	58.2
dDocent_Contig_31599	1	401	8	188	46.8828	2.34913	35.2	60
dDocent_Contig_31843	1	381	13	146	38.3202	3.27822	35.7	60
dDocent_Contig_32237	1	398	7	147	36.9347	2.09296	36.9	60
dDocent_Contig_32242	1	298	8	170	57.047	2.76846	35.8	44.2
dDocent_Contig_32553	1	337	20	312	92.5816	7.66469	35.6	60
dDocent_Contig_32556	1	374	12	260	69.5187	3.95187	36.9	60
dDocent_Contig_32581	1	458	352	438	95.6332	90.4934	35.6	31.8
dDocent_Contig_32642	1	399	14	318	79.6992	3.6416	35.6	60
dDocent_Contig_32650	1	406	19	188	46.3054	6.69951	35.6	60
dDocent_Contig_32658	1	400	15	221	55.25	4.9275	35	60
dDocent_Contig_32684	1	418	6	189	45.2153	1.32057	36.6	60
dDocent_Contig_32849	1	364	15	183	50.2747	4.85714	35.1	60
dDocent_Contig_32933	1	371	4	111	29.9191	1.19677	35.2	60
dDocent_Contig_33311	1	493	8	276	55.9838	1.75862	34.8	50.2
dDocent_Contig_33441	1	388	5	258	66.4948	1.39433	37	60
dDocent_Contig_33639	1	375	2	67	17.8667	0.357333	37	60
dDocent_Contig_33920	1	360	13	304	84.4444	4.73611	36.1	59.4
dDocent_Contig_34098	1	339	3	98	28.9086	0.787611	36.6	60
dDocent_Contig_34176	1	488	20	203	41.5984	4.28279	36.2	60
dDocent_Contig_34252	1	375	4	97	25.8667	0.96	36.8	60
dDocent_Contig_34267	1	417	34	188	45.0839	11.4269	35.7	60
dDocent_Contig_34458	1	319	5	204	63.9498	2.15987	36.5	60
dDocent_Contig_34474	1	341	7	202	59.2375	2.48974	36.1	60
dDocent_Contig_34668	1	348	23	247	70.977	8.34483	35.8	60
dDocent_Contig_34685	1	317	3	215	67.8233	1.24921	36.9	60
dDocent_Contig_34862	1	499	2	165	33.0661	0.601202	36.8	60
dDocent_Contig_35098	1	323	4	244	75.5418	1.387	36.9	60
dDocent_Contig_35248	1	338	61	247	73.0769	20.5976	36.1	30.6
dDocent_Contig_35451	1	353	4	96	27.1955	1.08782	36.8	60
dDocent_Contig_35500	1	376	5	120	31.9149	1.42021	36.9	60
dDocent_Contig_35857	1	406	5	150	36.9458	1.59113	36.5	60
dDocent_Contig_36016	1	330	24	197	59.697	7.54848	35.7	60
dDocent_Contig_470	1	494	30	295	59.7166	7.24291	36.8	60
dDocent_Contig_1286	1	344	29	269	78.1977	7.65407	35.9	52.4
dDocent_Contig_1288	1	336	12	159	47.3214	4.39881	35	60
dDocent_Contig_1292	1	399	13	121	30.3258	3.54386	35.2	60
dDocent_Contig_1334	1	434	105	416	95.8525	29.7442	35.9	60
dDocent_Contig_1391	1	326	7	208	63.8037	1.95706	34.7	60
dDocent_Contig_1397	1	375	191	350	93.3333	57.9307	36	59.1
dDocent_Contig_1439	1	432	2	136	31.4815	0.62963	36.9	60
dDocent_Contig_1469	1	380	28	231	60.7895	8.70789	35.6	60
dDocent_Contig_1516	1	346	7	162	46.8208	2.29769	36.2	60
dDocent_Contig_1547	1	414	16	293	70.7729	5.44444	36	60
dDocent_Contig_1565	1	437	33	174	39.8169	9.02517	35.1	60
dDocent_Contig_1611	1	459	29	185	40.305	6.05229	35.5	60
dDocent_Contig_1625	1	377	17	165	43.7666	5.41114	36.1	60
dDocent_Contig_1627	1	367	35	276	75.2044	11.0736	36.1	60
dDocent_Contig_1638	1	317	9	285	89.9054	3.0347	36.4	60
dDocent_Contig_1676	1	297	27	215	72.3906	11.6768	35.6	60
dDocent_Contig_1681	1	393	108	384	97.7099	35.2646	35.9	59
dDocent_Contig_1759	1	361	8	204	56.5097	3.17729	35.6	60
dDocent_Contig_1775	1	371	6	152	40.9704	2.31267	36.6	60
dDocent_Contig_1794	1	390	2	78	20	0.4	36.8	60
dDocent_Contig_1852	1	359	922	324	90.2507	311.518	36.2	43.5
dDocent_Contig_1865	1	399	57	257	64.411	17.3258	36.2	60
dDocent_Contig_1933	1	359	16	158	44.0111	4.97493	35.9	60
dDocent_Contig_1947	1	370	5	175	47.2973	1.70811	36.8	60
dDocent_Contig_1971	1	371	11	247	66.5768	3.43127	36.3	60
dDocent_Contig_1980	1	340	10	244	71.7647	3.09412	36.7	60
dDocent_Contig_2001	1	359	25	178	49.5822	7.97772	35.6	60
dDocent_Contig_2002	1	340	8	143	42.0588	2.73235	35.4	60
dDocent_Contig_2029	1	376	6	158	42.0213	1.86436	36.8	60
dDocent_Contig_2074	1	286	14	226	79.021	6.52098	35.4	60
dDocent_Contig_2082	1	346	6	220	63.5838	2.08671	36.2	60
dDocent_Contig_2085	1	474	2	160	33.7553	0.632911	36.7	60
dDocent_Contig_2089	1	392	17	209	53.3163	6.17602	35	60
dDocent_Contig_2100	1	326	4	152	46.6258	1.37117	36.8	60
dDocent_Contig_2102	1	387	13	202	52.1964	4.44444	36.8	60
dDocent_Contig_2104	1	396	8	188	47.4747	2.29798	35.4	60
dDocent_Contig_2106	1	359	8	145	40.39	3.22284	34.5	60
dDocent_Contig_2110	1	358	28	296	82.6816	8.59497	36.1	47.8
dDocent_Contig_2111	1	468	4	142	30.3419	0.764957	34.8	60
dDocent_Contig_2160	1	385	13	180	46.7532	3.93766	35.7	60
dDocent_Contig_2189	1	375	12	187	49.8667	4	36.4	60
dDocent_Contig_2192	1	360	12	207	57.5	4.38889	36.1	60
dDocent_Contig_2195	1	389	10	143	36.7609	2.54242	36.6	60
dDocent_Contig_2220	1	360	28	233	64.7222	9.40556	35.8	43.8
dDocent_Contig_2275	1	399	7	178	44.6115	2.03258	36.4	60
dDocent_Contig_2302	1	378	3	264	69.8413	1	36.5	60
dDocent_Contig_2325	1	354	18	220	62.1469	7.21751	35.6	60
dDocent_Contig_2332	1	413	25	194	46.9734	8.44068	35.8	60
dDocent_Contig_2581	1	402	47	316	78.607	15.8831	35.3	60
dDocent_Contig_2603	1	333	3	130	39.039	0.843844	36.7	60
dDocent_Contig_2666	1	415	22	268	64.5783	7.16867	35	60
dDocent_Contig_2694	1	353	8	206	58.3569	3.01416	36.7	60
dDocent_Contig_2703	1	383	17	191	49.8695	5.42559	36.2	60
dDocent_Contig_2786	1	419	16	177	42.2434	3.79714	35.3	60
dDocent_Contig_2801	1	405	3	161	39.7531	0.728395	36.9	60
dDocent_Contig_2812	1	316	5	264	83.5443	2.17722	36.8	60
dDocent_Contig_2818	1	381	2	76	19.9475	0.39895	35.5	60
dDocent_Contig_2839	1	376	14	170	45.2128	3.55319	36	60
dDocent_Contig_2840	1	492	1	150	30.4878	0.304878	36	60
dDocent_Contig_2853	1	365	25	326	89.3151	8.17808	36.3	60
dDocent_Contig_2896	1	394	21	267	67.7665	5.53299	35.9	50.7
dDocent_Contig_2901	1	402	29	389	96.7662	7.64677	35.2	56.2
dDocent_Contig_2933	1	361	11	225	62.3269	3.57895	36.4	57.2
dDocent_Contig_3190	1	288	10	203	70.4861	4.375	36.6	60
dDocent_Contig_3221	1	370	19	230	62.1622	6.1027	35.4	60
dDocent_Contig_3294	1	379	4	214	56.4644	1.58311	36.9	60
dDocent_Contig_3391	1	365	3	95	26.0274	0.723288	36.6	60
dDocent_Contig_3398	1	351	15	195	55.5556	5.75783	36.1	60
dDocent_Contig_3401	1	423	16	359	84.87	4.53664	36.6	60
dDocent_Contig_3402	1	434	2	150	34.5622	0.691244	35.7	60
dDocent_Contig_3405	1	356	11	212	59.5506	3.35393	35.2	59.7
dDocent_Contig_3454	1	332	30	164	49.3976	9.92771	34.1	58.1
dDocent_Contig_3472	1	389	34	192	49.3573	11.8252	34.6	60
dDocent_Contig_3489	1	407	6	116	28.5012	1.38084	36.6	60
dDocent_Contig_3686	1	360	60	181	50.2778	19.5083	35.4	60
dDocent_Contig_3697	1	390	22	180	46.1538	5.88718	35.5	43.9
dDocent_Contig_3706	1	391	16	288	73.6573	4.78517	35.1	60
dDocent_Contig_3708	1	451	13	253	56.0976	3.44124	36.1	60
dDocent_Contig_3709	1	398	13	268	67.3367	3.95729	36.1	60
dDocent_Contig_3711	1	327	242	217	66.3609	68.6269	36.2	56.3
dDocent_Contig_3719	1	405	32	330	81.4815	8.78025	35.8	60
dDocent_Contig_3722	1	341	8	166	48.6804	2.53372	36.2	60
dDocent_Contig_3723	1	390	16	269	68.9744	5.66667	35.8	60
dDocent_Contig_3725	1	382	15	193	50.5236	4.20419	36	60
dDocent_Contig_3728	1	363	8	144	39.6694	1.93939	36.5	60
dDocent_Contig_3729	1	298	2	87	29.1946	0.583893	36.9	60
dDocent_Contig_3730	1	455	6	230	50.5495	1.65055	34.9	60
dDocent_Contig_3733	1	437	10	352	80.5492	2.94279	36.4	60
dDocent_Contig_3741	1	355	10	182	51.2676	3.84225	36.7	60
dDocent_Contig_3746	1	420	7	297	70.7143	1.56429	35.7	60
dDocent_Contig_3748	1	326	3	190	58.2822	1.30982	36.7	60
dDocent_Contig_3752	1	362	11	241	66.5746	3.77348	36.8	60
dDocent_Contig_3754	1	405	5	118	29.1358	1.06914	36.9	60
dDocent_Contig_3758	1	394	11	262	66.4975	3.35787	36.3	60
dDocent_Contig_3759	1	306	20	169	55.2288	7.92157	36.5	60
dDocent_Contig_3762	1	327	131	326	99.6942	47.4067	35.9	44.7
dDocent_Contig_3769	1	375	26	196	52.2667	8.576	35.5	60
dDocent_Contig_3772	1	394	54	249	63.198	17.0355	35.4	60
dDocent_Contig_3775	1	403	8	187	46.402	2.25062	35.4	60
dDocent_Contig_3777	1	347	2	188	54.1787	0.541787	36.9	60
dDocent_Contig_3796	1	309	20	253	81.877	8.1521	35.5	60
dDocent_Contig_3797	1	440	17	145	32.9545	4.63182	36.4	60
dDocent_Contig_3803	1	346	17	188	54.3353	6.58671	35.5	60
dDocent_Contig_3804	1	381	8	267	70.0787	2.11549	36	60
dDocent_Contig_3806	1	307	13	221	71.987	5.56678	36	60
dDocent_Contig_3813	1	323	506	310	95.9752	179.607	35.9	54.9
dDocent_Contig_3817	1	392	2	89	22.7041	0.454082	36.7	60
dDocent_Contig_3818	1	303	12	169	55.7756	5.0231	36.9	60
dDocent_Contig_3819	1	472	26	286	60.5932	6.64831	35.8	59.2
dDocent_Contig_3820	1	411	9	297	72.2628	2.20195	35.2	60
dDocent_Contig_3823	1	350	57	293	83.7143	20.8343	36	60
dDocent_Contig_3827	1	395	4	90	22.7848	0.855696	36.9	60
dDocent_Contig_3833	1	370	17	206	55.6757	6.05946	36	60
dDocent_Contig_3834	1	285	2	78	27.3684	0.547368	35	60
dDocent_Contig_3835	1	393	77	341	86.7684	22.0941	36.1	43.4
dDocent_Contig_3843	1	469	81	373	79.5309	20.4456	35.6	60
dDocent_Contig_3856	1	359	17	326	90.8078	5.49304	35.8	60
dDocent_Contig_3858	1	440	11	252	57.2727	2.32955	36.9	60
dDocent_Contig_3862	1	312	71	262	83.9744	28.8974	35.2	60
dDocent_Contig_3866	1	389	1	92	23.6504	0.236504	37	60
dDocent_Contig_3886	1	336	13	237	70.5357	4.47024	36	60
dDocent_Contig_3894	1	317	10	240	75.7098	3.86435	36.9	60
dDocent_Contig_3895	1	350	198	331	94.5714	64.92	36.1	55.6
dDocent_Contig_3896	1	313	12	248	79.2332	4.39936	35.6	60
dDocent_Contig_3899	1	304	7	244	80.2632	2.93421	36.6	60
dDocent_Contig_3900	1	314	17	159	50.6369	5.7293	36	60
dDocent_Contig_3906	1	397	5	154	38.7909	1.88665	35.5	60
dDocent_Contig_3914	1	387	5	224	57.8811	1.36951	36.6	60
dDocent_Contig_3915	1	253	5	174	68.7747	2.18182	36.6	60
dDocent_Contig_3922	1	427	18	201	47.0726	4.99532	34.8	60
dDocent_Contig_3924	1	344	22	208	60.4651	7.45349	34.8	60
dDocent_Contig_3928	1	336	29	149	44.3452	9.85417	35	60
dDocent_Contig_3932	1	375	7	284	75.7333	2.272	36.7	60
dDocent_Contig_3934	1	384	14	190	49.4792	4.21354	35.6	60
dDocent_Contig_3935	1	315	4	241	76.5079	1.84762	36.8	60
dDocent_Contig_3938	1	323	2	128	39.6285	0.79257	36.4	60
dDocent_Contig_3939	1	405	7	167	41.2346	2.0321	35.2	60
dDocent_Contig_3940	1	411	14	240	58.3942	4.56448	36	60
dDocent_Contig_3956	1	399	11	217	54.386	3.61404	36.4	60
dDocent_Contig_3957	1	372	14	223	59.9462	4.95968	35.2	60
dDocent_Contig_3959	1	325	8	158	48.6154	2.38769	36.7	60
dDocent_Contig_3966	1	415	6	179	43.1325	1.4506	36.8	60
dDocent_Contig_3970	1	415	2	124	29.8795	0.438554	35.4	60
dDocent_Contig_3972	1	358	3	145	40.5028	0.930168	36.7	60
dDocent_Contig_3973	1	333	33	171	51.3514	11.024	35.1	59.8
dDocent_Contig_3976	1	440	7	257	58.4091	1.7	36.9	60
dDocent_Contig_3980	1	393	2	142	36.1323	0.722646	34.6	60
dDocent_Contig_3983	1	396	8	149	37.6263	1.98737	35.8	60
dDocent_Contig_3987	1	274	2	158	57.6642	0.835766	36.9	60
dDocent_Contig_3988	1	380	17	215	56.5789	6.08158	34.1	60
dDocent_Contig_3989	1	269	5	199	73.9777	2.39405	36.7	60
dDocent_Contig_3990	1	429	17	399	93.007	4.40326	36.4	60
dDocent_Contig_3994	1	349	8	191	54.7278	1.90831	36.7	60
dDocent_Contig_3997	1	319	6	228	71.4734	2.16301	37	60
dDocent_Contig_4002	1	353	9	244	69.1218	3.50142	35.7	60
dDocent_Contig_4003	1	438	4	150	34.2466	1.35616	35.3	60
dDocent_Contig_4004	1	302	9	182	60.2649	3.63576	36.7	60
dDocent_Contig_4006	1	359	4	119	33.1476	1.11978	36.6	60
dDocent_Contig_4011	1	390	27	304	77.9487	8.35385	35.9	59.4
dDocent_Contig_4014	1	333	4	135	40.5405	1.28228	36.9	35.5
dDocent_Contig_4017	1	311	144	290	93.2476	51.0932	36.1	40
dDocent_Contig_4019	1	425	12	162	38.1176	3.04706	35.5	60
dDocent_Contig_4023	1	348	1	145	41.6667	0.416667	36.8	60
dDocent_Contig_4032	1	396	4	104	26.2626	0.964646	36.6	60
dDocent_Contig_4035	1	385	1	141	36.6234	0.366234	36.9	60
dDocent_Contig_4038	1	396	18	142	35.8586	5.76768	33	60
dDocent_Contig_4043	1	403	304	387	96.0298	84.0496	36.3	54.9
dDocent_Contig_4050	1	437	17	171	39.1304	4.07323	35.9	60
dDocent_Contig_4055	1	349	5	232	66.4756	1.77077	36.9	60
dDocent_Contig_4056	1	396	28	286	72.2222	8.5404	35.2	60
dDocent_Contig_4057	1	380	18	238	62.6316	5.55	36	40.4
dDocent_Contig_4061	1	373	55	274	73.4584	17.1743	35.5	60
dDocent_Contig_4063	1	395	5	109	27.5949	1.22532	37	60
dDocent_Contig_4065	1	388	320	385	99.2268	99.732	36	60
dDocent_Contig_4066	1	329	38	301	91.4894	13.3222	36.4	50.5
dDocent_Contig_4068	1	340	9	215	63.2353	2.70294	35.7	31.7
dDocent_Contig_4086	1	391	6	252	64.4501	2.04092	36.6	60
dDocent_Contig_4091	1	301	8	292	97.01	3.05316	36.8	60
dDocent_Contig_4094	1	389	3	84	21.5938	0.616967	36.9	60
dDocent_Contig_4106	1	370	11	184	49.7297	4.03243	35.5	60
dDocent_Contig_4107	1	458	105	447	97.5983	23.4956	35.2	36.5
dDocent_Contig_4122	1	394	6	212	53.8071	1.17259	37	60
dDocent_Contig_4123	1	264	5	183	69.3182	2.01136	36.7	60
dDocent_Contig_4127	1	324	9	300	92.5926	3.08025	36.8	60
dDocent_Contig_4131	1	391	7	164	41.9437	1.94118	35.3	60
dDocent_Contig_4143	1	309	18	273	88.3495	8.05825	36.1	60
dDocent_Contig_4148	1	319	41	307	96.2382	14.8495	36	44
dDocent_Contig_4151	1	390	22	177	45.3846	7.02051	36.6	60
dDocent_Contig_4157	1	271	1	150	55.3506	0.553506	36.9	60
dDocent_Contig_4160	1	324	14	152	46.9136	3.96296	36.5	60
dDocent_Contig_4164	1	280	5	151	53.9286	1.81429	35.9	60
dDocent_Contig_4169	1	355	2	102	28.7324	0.574648	36.9	39
dDocent_Contig_4170	1	367	247	277	75.4768	81.1035	35.8	60
dDocent_Contig_4171	1	375	147	367	97.8667	45.216	36.1	52
dDocent_Contig_4173	1	466	23	354	75.9657	5.48712	36	60
dDocent_Contig_4180	1	432	22	193	44.6759	5.8125	35.2	60
dDocent_Contig_4181	1	386	39	247	63.9896	12.5026	36.1	60
dDocent_Contig_4182	1	381	12	215	56.4304	4.23885	35.3	60
dDocent_Contig_4187	1	291	22	203	69.7595	9.811	36.1	60
dDocent_Contig_4191	1	367	16	237	64.5777	5.59946	35.8	60
dDocent_Contig_4193	1	374	7	135	36.0963	2.08556	36.1	60
dDocent_Contig_4194	1	343	6	166	48.3965	1.91254	36.8	60
dDocent_Contig_4196	1	421	13	192	45.6057	3.63658	36.3	60
dDocent_Contig_4204	1	327	1	113	34.5566	0.345566	36.2	60
dDocent_Contig_4207	1	378	10	343	90.7407	3	36.9	60
dDocent_Contig_4208	1	334	7	217	64.9701	2.34731	35.8	60
dDocent_Contig_4217	1	391	9	233	59.5908	2.64962	35.6	60
dDocent_Contig_4221	1	412	19	280	67.9612	4.74757	36.8	60
dDocent_Contig_4251	1	288	27	238	82.6389	11.1597	35.4	60
dDocent_Contig_4258	1	372	6	231	62.0968	1.70161	35.6	60
dDocent_Contig_4261	1	403	8	271	67.2457	2.34491	36.8	60
dDocent_Contig_4263	1	319	3	142	44.5141	1.10345	36.1	60
dDocent_Contig_4266	1	320	4	123	38.4375	1.5375	35.9	60
dDocent_Contig_4268	1	348	7	201	57.7586	2.35632	36.3	60
dDocent_Contig_4270	1	315	8	151	47.9365	3.80635	34.9	60
dDocent_Contig_4272	1	383	23	193	50.3916	7.36554	35.8	60
dDocent_Contig_4283	1	318	2	107	33.6478	0.672956	37	60
dDocent_Contig_4284	1	381	2	91	23.8845	0.47769	33.6	60
dDocent_Contig_4288	1	349	15	267	76.5043	4.84527	36.8	60
dDocent_Contig_4290	1	395	14	282	71.3924	3.23038	36.3	60
dDocent_Contig_4294	1	362	16	212	58.5635	4.65746	36.8	60
dDocent_Contig_4296	1	344	31	271	78.7791	8.71221	36.2	59.1
dDocent_Contig_4298	1	353	13	167	47.3088	4.45042	34.7	60
dDocent_Contig_4300	1	401	49	302	75.3117	15.2519	35.4	60
dDocent_Contig_4313	1	370	8	153	41.3514	1.96757	36.9	60
dDocent_Contig_4320	1	412	2	141	34.2233	0.538835	36.6	60
dDocent_Contig_4326	1	279	4	127	45.5197	1.35484	36.9	60
dDocent_Contig_4344	1	320	10	141	44.0625	3.70312	35.8	60
dDocent_Contig_4351	1	320	58	213	66.5625	24.9406	35.4	60
dDocent_Contig_4362	1	468	12	149	31.8376	2.39744	36.4	60
dDocent_Contig_4364	1	326	197	325	99.6933	69.3098	36.4	57.8
dDocent_Contig_4367	1	344	12	163	47.3837	3.47965	35.2	60
dDocent_Contig_4378	1	388	8	261	67.268	2.80412	35.9	60
dDocent_Contig_4380	1	360	1	110	30.5556	0.305556	37	60
dDocent_Contig_4401	1	402	96	401	99.7512	27.7313	36	59.1
dDocent_Contig_4402	1	364	15	336	92.3077	4.46703	36.5	60
dDocent_Contig_4408	1	333	7	280	84.0841	2.75375	36.8	60
dDocent_Contig_4409	1	425	27	251	59.0588	8.08235	36.4	60
dDocent_Contig_4410	1	413	2	90	21.7918	0.435835	36.9	60
dDocent_Contig_4412	1	378	16	257	67.9894	4.93386	36.4	56.5
dDocent_Contig_4416	1	265	1	105	39.6226	0.396226	37	60
dDocent_Contig_4418	1	369	13	152	41.1924	4.09485	35.2	60
dDocent_Contig_4420	1	227	8	211	92.9515	3.52863	36.5	60
dDocent_Contig_4425	1	386	78	254	65.8031	27.3264	35.3	60
dDocent_Contig_4427	1	353	9	168	47.5921	3.69122	34.3	60
dDocent_Contig_4436	1	349	10	349	100	3.51862	34.8	60
dDocent_Contig_4442	1	315	9	232	73.6508	3.45714	36.8	60
dDocent_Contig_4443	1	453	13	345	76.1589	4.00442	36.2	60
dDocent_Contig_4451	1	345	30	281	81.4493	8.8029	36.3	58.3
dDocent_Contig_4456	1	367	5	139	37.8747	1.47684	35.7	60
dDocent_Contig_4458	1	381	4	83	21.7848	0.871391	36.9	60
dDocent_Contig_4484	1	356	22	201	56.4607	8.23315	35.1	60
dDocent_Contig_4486	1	379	7	281	74.1425	2.22691	35.1	60
dDocent_Contig_4489	1	300	868	288	96	328.057	35.7	52.1
dDocent_Contig_4490	1	381	7	161	42.2572	2.09186	35.2	60
dDocent_Contig_4511	1	347	17	169	48.7032	5.83573	35.8	60
dDocent_Contig_4513	1	405	40	268	66.1728	11.8494	36.2	57.1
dDocent_Contig_4517	1	246	12	244	99.187	6.07317	35.6	60
dDocent_Contig_4518	1	414	7	208	50.2415	2.01691	34.4	60
dDocent_Contig_4519	1	423	5	114	26.9504	1.19149	35.4	60
dDocent_Contig_4521	1	457	2	82	17.9431	0.358862	36.9	60
dDocent_Contig_4532	1	407	17	235	57.7396	5.26044	35.7	60
dDocent_Contig_4534	1	388	68	189	48.7113	21.0902	35.1	60
dDocent_Contig_4536	1	397	19	240	60.4534	5.95214	35.8	60
dDocent_Contig_4537	1	421	23	202	47.981	6.77672	36.5	60
dDocent_Contig_4542	1	403	18	226	56.0794	5.54342	35.7	60
dDocent_Contig_4544	1	268	37	178	66.4179	16.0336	35.9	60
dDocent_Contig_4545	1	428	55	251	58.6449	16.3621	36.2	57.2
dDocent_Contig_4559	1	363	14	189	52.0661	4.23967	35.7	60
dDocent_Contig_4579	1	367	20	169	46.049	5.99455	36.5	60
dDocent_Contig_4580	1	430	11	298	69.3023	2.51163	36.6	60
dDocent_Contig_4584	1	358	991	329	91.8994	313.958	36.1	56.6
dDocent_Contig_4589	1	454	5	166	36.5639	1.52863	36.8	60
dDocent_Contig_4590	1	439	76	437	99.5444	20.6697	35.6	59.5
dDocent_Contig_4608	1	279	12	207	74.1935	4.74194	35.6	60
dDocent_Contig_4610	1	300	17	159	53	7.51667	36	60
dDocent_Contig_4623	1	380	8	175	46.0526	2.61579	35.4	60
dDocent_Contig_4627	1	370	31	132	35.6757	9.07568	35.2	60
dDocent_Contig_4636	1	396	3	205	51.7677	0.709596	35.7	60
dDocent_Contig_4639	1	306	46	298	97.3856	20.8333	35	60
dDocent_Contig_4641	1	375	7	152	40.5333	2.144	36.1	60
dDocent_Contig_4643	1	330	13	328	99.3939	4.71818	35.9	60
dDocent_Contig_4645	1	360	9	223	61.9444	3.17778	35.9	60
dDocent_Contig_4651	1	362	6	227	62.7072	1.79006	36.7	60
dDocent_Contig_4652	1	395	10	161	40.7595	2.43544	36.7	60
dDocent_Contig_4656	1	248	29	246	99.1935	13.5806	35.8	59.2
dDocent_Contig_4657	1	400	27	232	58	8.63	34.8	60
dDocent_Contig_4658	1	374	39	371	99.1979	12.9305	35.9	60
dDocent_Contig_4663	1	406	4	179	44.0887	1.0936	36.8	60
dDocent_Contig_4664	1	390	1	150	38.4615	0.384615	36.3	60
dDocent_Contig_4665	1	365	26	267	73.1507	7.97808	35.8	60
dDocent_Contig_4670	1	319	2	86	26.9592	0.539185	36.9	60
dDocent_Contig_4671	1	367	12	238	64.8501	3.65668	35.4	60
dDocent_Contig_4672	1	319	7	98	30.721	2.15047	35.4	60
dDocent_Contig_4673	1	301	24	292	97.01	9.76744	35.7	57.3
dDocent_Contig_4677	1	331	1	134	40.4834	0.404834	36.6	60
dDocent_Contig_4680	1	363	2	92	25.3444	0.506887	36.7	60
dDocent_Contig_4682	1	302	13	169	55.9603	5.34106	36.7	60
dDocent_Contig_4683	1	487	10	176	36.1396	2.53593	36.3	60
dDocent_Contig_4685	1	396	20	217	54.798	7.24242	34.8	60
dDocent_Contig_4708	1	411	16	200	48.6618	4.27737	36.8	60
dDocent_Contig_4715	1	402	16	191	47.5124	4.25373	34.8	60
dDocent_Contig_4716	1	418	2	99	23.6842	0.473684	36.9	60
dDocent_Contig_4718	1	365	9	146	40	2.53973	34.4	60
dDocent_Contig_4736	1	373	8	205	54.9598	2.34853	36.7	60
dDocent_Contig_4742	1	288	14	267	92.7083	5.58333	36.4	60
dDocent_Contig_4774	1	472	11	184	38.9831	3.29449	36.3	60
dDocent_Contig_4786	1	364	16	297	81.5934	5.73626	35.8	60
dDocent_Contig_4790	1	469	18	190	40.5117	3.8678	36.1	53.7
dDocent_Contig_4792	1	352	6	213	60.5114	2.25	36.4	60
dDocent_Contig_4807	1	467	17	400	85.6531	4.09636	36	60
dDocent_Contig_4810	1	373	16	189	50.6702	4.36461	35.1	60
dDocent_Contig_4813	1	403	281	402	99.7519	78.1985	35.9	57.4
dDocent_Contig_4835	1	419	19	343	81.8616	5.56563	36.5	60
dDocent_Contig_4837	1	350	35	240	68.5714	9.77429	36.1	50.3
dDocent_Contig_4844	1	327	11	211	64.526	3.51376	35.2	60
dDocent_Contig_4849	1	500	45	390	78	10.724	36.2	47.8
dDocent_Contig_4874	1	334	23	204	61.0778	9.10778	35.3	60
dDocent_Contig_4879	1	427	26	259	60.6557	8.18033	35.2	60
dDocent_Contig_4880	1	345	73	330	95.6522	21.5565	36.2	59
dDocent_Contig_4881	1	370	16	333	90	5.32973	34.7	60
dDocent_Contig_4886	1	466	11	192	41.2017	2.7897	36.1	60
dDocent_Contig_4888	1	286	33	162	56.6434	15.8497	34.8	60
dDocent_Contig_4889	1	349	17	204	58.4527	5.84241	35.4	60
dDocent_Contig_4914	1	304	12	232	76.3158	4.73026	35.6	60
dDocent_Contig_4926	1	395	18	183	46.3291	5.6557	35.4	60
dDocent_Contig_4936	1	318	65	305	95.9119	23.6258	36.1	50.7
dDocent_Contig_4939	1	430	9	181	42.093	2.43488	35.4	59.7
dDocent_Contig_4941	1	378	14	252	66.6667	4.11376	36.1	60
dDocent_Contig_4948	1	397	10	141	35.5164	3.01259	35.8	60
dDocent_Contig_4953	1	307	18	141	45.9283	7.72964	35.6	60
dDocent_Contig_4956	1	406	1465	405	99.7537	455.946	35.9	59.8
dDocent_Contig_4961	1	435	7	203	46.6667	2.02069	36.2	60
dDocent_Contig_4962	1	373	46	340	91.1528	14.555	35.3	53.6
dDocent_Contig_4966	1	251	4	146	58.1673	2.32669	34.7	60
dDocent_Contig_4975	1	350	12	162	46.2857	3.84571	35.2	60
dDocent_Contig_4983	1	370	3	107	28.9189	0.867568	36.7	60
dDocent_Contig_4986	1	381	47	262	68.7664	15.3386	36.1	59.8
dDocent_Contig_4987	1	373	13	190	50.9383	4.20912	35.1	60
dDocent_Contig_4988	1	378	21	180	47.619	7.24339	35.6	60
dDocent_Contig_4991	1	372	67	371	99.7312	15.578	36.2	51.2
dDocent_Contig_4994	1	307	141	302	98.3713	46.6775	36.1	56.5
dDocent_Contig_5001	1	370	9	105	28.3784	2.2027	34.2	60
dDocent_Contig_5013	1	368	7	225	61.1413	1.91304	36.9	60
dDocent_Contig_5020	1	350	5	132	37.7143	1.46	36.8	60
dDocent_Contig_5021	1	361	10	249	68.9751	3.93075	35.6	60
dDocent_Contig_5044	1	416	5	122	29.3269	1.46635	36.8	60
dDocent_Contig_5046	1	364	18	168	46.1538	5.41209	34.8	60
dDocent_Contig_5061	1	384	3	153	39.8438	1.1276	36.7	60
dDocent_Contig_5062	1	430	8	218	50.6977	1.8814	36.7	60
dDocent_Contig_5067	1	383	10	181	47.2585	3.50131	36.7	60
dDocent_Contig_5068	1	363	9	163	44.9036	2.68044	36.9	60
dDocent_Contig_5069	1	463	23	251	54.2117	6.44708	35.8	60
dDocent_Contig_5085	1	306	19	209	68.3007	7.17647	35.7	60
dDocent_Contig_5104	1	319	14	204	63.9498	4.45141	35.9	60
dDocent_Contig_5108	1	347	9	124	35.7349	2.89625	35.3	60
dDocent_Contig_5110	1	318	8	227	71.3836	2.96541	34.8	60
dDocent_Contig_5111	1	374	3	198	52.9412	0.794118	36.7	60
dDocent_Contig_5114	1	271	8	191	70.4797	4.16974	36.6	60
dDocent_Contig_5117	1	475	13	256	53.8947	2.92632	36.1	57.3
dDocent_Contig_5118	1	488	12	180	36.8852	3.34426	35.1	60
dDocent_Contig_5119	1	306	10	206	67.3203	4.43791	36.8	60
dDocent_Contig_5123	1	427	19	269	62.9977	5.27166	36	60
dDocent_Contig_5127	1	375	11	145	38.6667	2.81333	36.8	58.6
dDocent_Contig_5132	1	374	34	260	69.5187	11.5508	35.3	60
dDocent_Contig_5133	1	419	83	354	84.4869	23.5227	36.2	60
dDocent_Contig_5134	1	493	47	389	78.9047	11.5456	34.8	60
dDocent_Contig_5135	1	378	12	278	73.545	3.32804	36.4	60
dDocent_Contig_5142	1	348	32	274	78.7356	12.6178	35.6	60
dDocent_Contig_5159	1	350	12	270	77.1429	4.12571	35.5	60
dDocent_Contig_5160	1	374	23	205	54.8128	6.88503	35.6	60
dDocent_Contig_5173	1	329	3	127	38.6018	0.711246	36.7	60
dDocent_Contig_5181	1	410	7	176	42.9268	2.13171	36.3	60
dDocent_Contig_5184	1	383	18	216	56.3969	6.42559	36.6	60
dDocent_Contig_5190	1	282	11	153	54.2553	4.88298	35.4	60
dDocent_Contig_5197	1	422	4	80	18.9573	0.758294	36.6	60
dDocent_Contig_5205	1	338	21	314	92.8994	7.26923	36.2	60
dDocent_Contig_5208	1	439	4	172	39.18	0.997722	36.7	60
dDocent_Contig_5210	1	377	24	162	42.9708	6.51459	35.8	60
dDocent_Contig_5218	1	384	17	207	53.9062	5.56771	36	60
dDocent_Contig_5226	1	489	720	488	99.7955	164.29	35.9	57.5
dDocent_Contig_5228	1	306	83	251	82.0261	31.598	35.8	57.5
dDocent_Contig_5233	1	393	14	154	39.1858	4.56743	36	60
dDocent_Contig_5234	1	319	113	253	79.3103	40.2947	35.3	60
dDocent_Contig_5238	1	397	11	273	68.7657	3.52645	34.9	60
dDocent_Contig_5264	1	321	42	211	65.7321	18.0031	35.3	60
dDocent_Contig_5270	1	362	33	306	84.5304	9.85635	34.9	60
dDocent_Contig_5283	1	313	2	141	45.0479	0.900958	37	60
dDocent_Contig_5317	1	352	21	308	87.5	8.18182	35.8	60
dDocent_Contig_5328	1	357	3	105	29.4118	0.658263	37	60
dDocent_Contig_5329	1	447	7	140	31.3199	1.87696	35.9	60
dDocent_Contig_5330	1	402	23	179	44.5274	7.15174	35.7	60
dDocent_Contig_5333	1	274	2	89	32.4818	0.649635	36.8	60
dDocent_Contig_5359	1	342	13	234	68.4211	4.37719	35.4	60
dDocent_Contig_5364	1	293	8	197	67.2355	3.19113	34.2	60
dDocent_Contig_5365	1	365	13	245	67.1233	4.06027	36.3	60
dDocent_Contig_5368	1	400	29	187	46.75	8.705	35.5	60
dDocent_Contig_5397	1	237	14	178	75.1055	6.03797	35.3	60
dDocent_Contig_5406	1	337	21	191	56.6766	6.25223	36.3	60
dDocent_Contig_5409	1	352	518	350	99.4318	176.96	35.8	57.4
dDocent_Contig_5421	1	315	7	200	63.4921	2.11111	35.5	60
dDocent_Contig_5424	1	240	4	219	91.25	2.45	36.5	60
dDocent_Contig_5427	1	401	34	204	50.8728	11.1546	34.9	60
dDocent_Contig_5430	1	475	2	135	28.4211	0.568421	35.6	60
dDocent_Contig_5432	1	423	8	246	58.156	2.35461	35.9	60
dDocent_Contig_5437	1	383	17	334	87.2063	5.89817	36.2	60
dDocent_Contig_5440	1	414	19	236	57.0048	6.06522	36.6	60
dDocent_Contig_5443	1	324	6	199	61.4198	2.53704	36.4	60
dDocent_Contig_5444	1	264	7	217	82.197	3.40909	36.8	60
dDocent_Contig_5450	1	364	131	295	81.044	45.3571	35.5	60
dDocent_Contig_5453	1	337	6	164	48.6647	2.36202	33.1	60
dDocent_Contig_5455	1	388	30	241	62.1134	10.0155	36.1	60
dDocent_Contig_5459	1	305	39	209	68.5246	13.2656	36.7	37.6
dDocent_Contig_5463	1	446	14	294	65.9193	4.30942	35.8	60
dDocent_Contig_5476	1	405	2	210	51.8519	0.703704	36.7	60
dDocent_Contig_5477	1	334	12	203	60.7784	4.87725	36.6	60
dDocent_Contig_5478	1	349	2	83	23.7822	0.475645	36.9	60
dDocent_Contig_5479	1	252	34	248	98.4127	15.4087	35.7	60
dDocent_Contig_5482	1	347	34	290	83.5735	12.7867	36.4	60
dDocent_Contig_5495	1	290	17	159	54.8276	5.7	35.4	60
dDocent_Contig_5496	1	346	6	198	57.2254	2.20809	36.5	60
dDocent_Contig_5499	1	400	72	213	53.25	22.66	35.1	60
dDocent_Contig_5501	1	318	32	252	79.2453	12.9811	36	60
dDocent_Contig_5502	1	389	17	273	70.1799	5.47558	36.7	60
dDocent_Contig_5503	1	355	4	189	53.2394	1.06479	36.8	60
dDocent_Contig_5506	1	273	7	230	84.2491	3.79487	36.4	60
dDocent_Contig_5509	1	430	56	220	51.1628	18.114	34.8	60
dDocent_Contig_5514	1	408	11	148	36.2745	3.43627	34.5	60
dDocent_Contig_5515	1	414	30	245	59.1787	9.3913	35.5	60
dDocent_Contig_5523	1	324	9	175	54.0123	2.7716	36.9	60
dDocent_Contig_5524	1	384	3	257	66.9271	0.979167	37	60
dDocent_Contig_5526	1	323	12	261	80.805	3.72136	36.5	59.7
dDocent_Contig_5533	1	245	13	217	88.5714	6.18367	35.7	60
dDocent_Contig_5534	1	451	4	207	45.898	1.051	36.7	57
dDocent_Contig_5535	1	266	10	150	56.391	3.55263	34.3	60
dDocent_Contig_5539	1	443	2	74	16.7043	0.334086	36.8	37
dDocent_Contig_5540	1	255	15	190	74.5098	7.03922	36.1	47.2
dDocent_Contig_5543	1	386	22	286	74.0933	7.6399	36.3	60
dDocent_Contig_5546	1	342	17	241	70.4678	6.15789	35.5	60
dDocent_Contig_5561	1	363	61	362	99.7245	19.9146	36.2	50.9
dDocent_Contig_5562	1	294	60	198	67.3469	22.8537	35.9	59.1
dDocent_Contig_5576	1	363	7	177	48.7603	2.33884	35.7	60
dDocent_Contig_5577	1	390	21	209	53.5897	5.78462	36.5	60
dDocent_Contig_5592	1	326	11	175	53.681	3.96933	34.6	60
dDocent_Contig_5602	1	361	10	199	55.1247	3.46814	35.1	60
dDocent_Contig_5609	1	406	2	137	33.7438	0.674877	36.7	60
dDocent_Contig_5613	1	465	7	166	35.6989	2.06452	33.6	60
dDocent_Contig_5617	1	362	10	167	46.1326	3.15193	36.2	60
dDocent_Contig_5618	1	238	2	198	83.1933	1.22269	36.8	60
dDocent_Contig_5620	1	408	22	235	57.598	7.23039	35.8	60
dDocent_Contig_5621	1	441	11	404	91.61	2.87075	36.8	60
dDocent_Contig_5639	1	447	6	150	33.557	1.42282	35	59.8
dDocent_Contig_5647	1	395	14	174	44.0506	4.13418	35.4	60
dDocent_Contig_5648	1	335	20	182	54.3284	6.1791	36.3	60
dDocent_Contig_5655	1	378	7	224	59.2593	1.89418	36.8	41.4
dDocent_Contig_5656	1	366	6	140	38.2514	2.29508	35.6	60
dDocent_Contig_5658	1	343	20	203	59.1837	8.08455	35.4	60
dDocent_Contig_5661	1	365	12	202	55.3425	3.92877	35.9	60
dDocent_Contig_5662	1	366	1	75	20.4918	0.204918	36.7	60
dDocent_Contig_5664	1	456	3	137	30.0439	0.901316	35.4	60
dDocent_Contig_5665	1	345	14	151	43.7681	5.11304	36.2	60
dDocent_Contig_5670	1	298	3	165	55.3691	1.37248	36.7	60
dDocent_Contig_5673	1	307	7	104	33.8762	2.35179	36.7	60
dDocent_Contig_5674	1	357	10	182	50.9804	2.92157	36.8	60
dDocent_Contig_5676	1	365	15	221	60.5479	5.27123	35.8	60
dDocent_Contig_5679	1	401	4	114	28.4289	1.00249	37	60
dDocent_Contig_5685	1	375	9	327	87.2	3.12267	35.5	60
dDocent_Contig_5686	1	481	12	231	48.0249	3.02287	36	60
dDocent_Contig_5688	1	402	33	207	51.4925	10.4851	36.4	52.2
dDocent_Contig_5695	1	397	14	184	46.3476	3.86146	36.6	60
dDocent_Contig_5696	1	373	42	144	38.6059	11.9839	35.6	60
dDocent_Contig_5697	1	325	7	223	68.6154	3.2	36.4	60
dDocent_Contig_5698	1	349	88	282	80.8023	30.4384	36.2	59.1
dDocent_Contig_5702	1	391	2	127	32.4808	0.647059	33.5	60
dDocent_Contig_5703	1	467	2	110	23.5546	0.471092	37	60
dDocent_Contig_5704	1	355	5	182	51.2676	1.62535	36.3	60
dDocent_Contig_5749	1	361	2	129	35.7341	0.457064	36.9	60
dDocent_Contig_5750	1	333	9	139	41.7417	3.09309	36.6	60
dDocent_Contig_5751	1	379	4	134	35.3562	1.39842	36.2	60
dDocent_Contig_5752	1	355	3	172	48.4507	0.743662	36.8	60
dDocent_Contig_5754	1	409	17	231	56.4792	4.46944	36.1	60
dDocent_Contig_5755	1	406	7	192	47.2906	2.3202	35.9	60
dDocent_Contig_5758	1	326	1	100	30.6748	0.306748	36.8	60
dDocent_Contig_5759	1	308	13	120	38.961	4.69481	35.5	60
dDocent_Contig_5760	1	429	17	173	40.3263	4.65967	34.7	60
dDocent_Contig_5761	1	363	1	112	30.854	0.30854	36.9	60
dDocent_Contig_5763	1	425	6	157	36.9412	1.52235	36	60
dDocent_Contig_5769	1	376	36	196	52.1277	11.7473	35.2	60
dDocent_Contig_5777	1	396	48	367	92.6768	14.4899	35.5	60
dDocent_Contig_5783	1	411	13	152	36.983	3.56934	36	60
dDocent_Contig_5784	1	355	8	156	43.9437	2.47887	36	60
dDocent_Contig_5789	1	381	7	249	65.3543	1.95538	36.7	60
dDocent_Contig_5791	1	487	46	192	39.4251	11.731	35.3	60
dDocent_Contig_5806	1	284	8	131	46.1268	3.15845	34.8	60
dDocent_Contig_5812	1	316	16	234	74.0506	6.2057	35.1	60
dDocent_Contig_5820	1	414	6	223	53.8647	1.81643	36.9	60
dDocent_Contig_5823	1	347	2	113	32.5648	0.648415	32.5	60
dDocent_Contig_5832	1	419	5	161	38.4248	1.11933	36.9	60
dDocent_Contig_5840	1	325	6	93	28.6154	1.26462	35.3	60
dDocent_Contig_5860	1	426	18	346	81.2207	4.95775	36	53.5
dDocent_Contig_5862	1	279	10	224	80.2867	4.97849	36	60
dDocent_Contig_5872	1	358	2	108	30.1676	0.603352	36.9	60
dDocent_Contig_5873	1	353	2	62	17.5637	0.351275	36.7	60
dDocent_Contig_5877	1	229	12	129	56.3319	5.869	36.6	60
dDocent_Contig_5886	1	238	19	219	92.0168	10.9118	36.1	60
dDocent_Contig_5895	1	335	17	282	84.1791	6.03284	36.3	60
dDocent_Contig_5898	1	385	9	146	37.9221	1.92727	36.6	60
dDocent_Contig_5899	1	435	11	223	51.2644	2.65287	36.9	60
dDocent_Contig_5900	1	425	5	153	36	1.29882	36.9	60
dDocent_Contig_5901	1	392	14	179	45.6633	3.47449	36.6	60
dDocent_Contig_5902	1	385	17	218	56.6234	4.66753	36.1	60
dDocent_Contig_5913	1	477	5	159	33.3333	1.02306	36.8	60
dDocent_Contig_5914	1	350	17	279	79.7143	6.27429	35.9	58.4
dDocent_Contig_5922	1	357	73	243	68.0672	27.8067	35	60
dDocent_Contig_5923	1	351	10	274	78.0627	2.89459	34.9	60
dDocent_Contig_5931	1	285	2	154	54.0351	1.05263	36.8	60
dDocent_Contig_5935	1	338	20	190	56.213	7.61834	35.8	60
dDocent_Contig_5939	1	357	2	105	29.4118	0.588235	36.7	60
dDocent_Contig_5948	1	299	32	191	63.8796	13.6957	36.1	60
dDocent_Contig_5949	1	404	33	274	67.8218	8.2401	36.4	55.4
dDocent_Contig_5956	1	407	23	225	55.2826	8.31204	34.9	60
dDocent_Contig_5958	1	275	7	134	48.7273	2.78909	35.8	60
dDocent_Contig_5963	1	375	12	219	58.4	3.16533	36.9	60
dDocent_Contig_5964	1	332	6	160	48.1928	1.83434	36.8	60
dDocent_Contig_5965	1	394	4	113	28.6802	1.01015	36.7	60
dDocent_Contig_5966	1	284	2	101	35.5634	0.68662	36.8	60
dDocent_Contig_5967	1	398	20	170	42.7136	5.53769	35.9	60
dDocent_Contig_5968	1	420	45	305	72.619	14.4238	35	60
dDocent_Contig_5969	1	416	19	263	63.2212	6.15865	35.7	60
dDocent_Contig_5972	1	341	8	167	48.9736	3.13783	36.8	60
dDocent_Contig_5975	1	272	3	127	46.6912	1.08088	35.2	60
dDocent_Contig_5980	1	268	174	267	99.6269	74.5373	35.9	59.6
dDocent_Contig_5983	1	291	7	170	58.4192	2.38488	35.8	60
dDocent_Contig_5988	1	242	21	242	100	11.1116	35.7	60
dDocent_Contig_6003	1	333	9	151	45.3453	2.66066	36.7	60
dDocent_Contig_6004	1	417	3	145	34.7722	0.693046	37	60
dDocent_Contig_6025	1	318	2	117	36.7925	0.735849	36.9	60
dDocent_Contig_6048	1	395	4	211	53.4177	1.06835	36.8	60
dDocent_Contig_6051	1	391	15	155	39.6419	4.36573	35.6	60
dDocent_Contig_6052	1	355	2	180	50.7042	0.602817	36.7	60
dDocent_Contig_6062	1	464	3	280	60.3448	0.911638	36.7	60
dDocent_Contig_6063	1	275	9	210	76.3636	3.93455	35.9	60
dDocent_Contig_6065	1	432	9	139	32.1759	1.87269	36	60
dDocent_Contig_6068	1	454	10	220	48.4581	2.99339	35.8	60
dDocent_Contig_6080	1	314	4	172	54.7771	1.09554	36.3	60
dDocent_Contig_6085	1	336	7	245	72.9167	2.35417	35.8	60
dDocent_Contig_6089	1	368	12	165	44.837	3.66033	36.4	60
dDocent_Contig_6095	1	262	62	240	91.6031	22.916	36	41.5
dDocent_Contig_6112	1	327	3	142	43.4251	1.06422	36.9	60
dDocent_Contig_6114	1	392	94	323	82.398	31.3903	35.8	59.4
dDocent_Contig_6115	1	483	54	282	58.3851	15.1222	35.1	59.9
dDocent_Contig_6126	1	249	69	247	99.1968	24.9357	35.8	53
dDocent_Contig_6127	1	377	18	297	78.7798	5.95491	36.3	60
dDocent_Contig_6135	1	375	5	237	63.2	1.29333	36.8	60
dDocent_Contig_6141	1	451	3	110	24.3902	0.669623	36.9	60
dDocent_Contig_6144	1	304	3	124	40.7895	1.22368	34.6	60
dDocent_Contig_6150	1	289	2	76	26.2976	0.525952	36.3	60
dDocent_Contig_6151	1	391	8	243	62.1483	2.25575	36.8	60
dDocent_Contig_6154	1	325	14	161	49.5385	5.64	35.7	60
dDocent_Contig_6155	1	383	30	183	47.7807	9.33681	34.4	60
dDocent_Contig_6158	1	358	40	320	89.3855	13.3939	36	60
dDocent_Contig_6175	1	373	9	204	54.6917	3.40483	35.5	60
dDocent_Contig_6176	1	324	29	228	70.3704	10.7932	35.8	60
dDocent_Contig_6178	1	411	21	197	47.9319	6.11192	35.5	60
dDocent_Contig_6181	1	391	5	138	35.2941	1.34271	36.3	60
dDocent_Contig_6184	1	316	11	198	62.6582	3.71519	36.7	60
dDocent_Contig_6186	1	301	61	256	85.0498	25.9834	35.6	60
dDocent_Contig_6189	1	322	5	150	46.5839	1.96273	35.8	60
dDocent_Contig_6190	1	400	61	163	40.75	18.375	35.6	60
dDocent_Contig_6199	1	333	6	165	49.5495	1.78378	36.9	60
dDocent_Contig_6201	1	279	1	144	51.6129	0.516129	36.9	60
dDocent_Contig_6206	1	417	5	146	35.012	1.7506	35.7	60
dDocent_Contig_6224	1	279	21	217	77.7778	10.7849	36.3	60
dDocent_Contig_6225	1	363	5	232	63.9118	1.56749	36.7	60
dDocent_Contig_6231	1	312	8	225	72.1154	3.60256	36.8	60
dDocent_Contig_6244	1	433	13	390	90.0693	3.94688	36.1	60
dDocent_Contig_6245	1	295	13	210	71.1864	5.40678	34.9	60
dDocent_Contig_6248	1	390	31	106	27.1795	7.64615	35.5	60
dDocent_Contig_6253	1	260	6	118	45.3846	2.1	36.9	60
dDocent_Contig_6258	1	363	9	141	38.843	3	35	60
dDocent_Contig_6259	1	372	23	190	51.0753	6.77419	36.4	60
dDocent_Contig_6261	1	492	12	138	28.0488	2.91667	35.7	60
dDocent_Contig_6269	1	309	4	93	30.0971	1.02913	36.8	60
dDocent_Contig_6278	1	395	32	321	81.2658	8.86835	36	60
dDocent_Contig_6285	1	490	95	425	86.7347	23.8551	35.6	60
dDocent_Contig_6312	1	340	5	155	45.5882	1.51765	36.7	60
dDocent_Contig_6314	1	443	4	181	40.8578	1.12867	36.8	60
dDocent_Contig_6316	1	339	15	219	64.6018	4.89381	35.4	60
dDocent_Contig_6329	1	319	14	170	53.2915	4.36364	36.8	60
dDocent_Contig_6333	1	330	2	105	31.8182	0.636364	36.8	60
dDocent_Contig_6335	1	305	4	95	31.1475	1.2459	36.8	60
dDocent_Contig_6336	1	368	5	112	30.4348	1.40761	36.8	60
dDocent_Contig_6338	1	339	12	277	81.7109	4.78171	36	60
dDocent_Contig_6339	1	412	14	233	56.5534	4.07282	36.2	60
dDocent_Contig_6340	1	234	31	191	81.6239	14.1368	35	60
dDocent_Contig_6343	1	393	114	388	98.7277	29.8473	36.4	50.8
dDocent_Contig_6353	1	432	14	220	50.9259	3.24074	36.2	60
dDocent_Contig_6360	1	329	30	313	95.1368	10.0547	36.3	60
dDocent_Contig_6363	1	363	21	251	69.146	6.53168	35.8	60
dDocent_Contig_6405	1	363	2	201	55.3719	0.826446	36.6	60
dDocent_Contig_6409	1	355	7	173	48.7324	2.37183	36.2	60
dDocent_Contig_6415	1	376	17	295	78.4574	4.6516	35.5	60
dDocent_Contig_6420	1	389	14	200	51.4139	4.39589	36	59.7
dDocent_Contig_6422	1	390	21	199	51.0256	6.16154	36.5	60
dDocent_Contig_6424	1	372	14	191	51.3441	4.22581	36.3	60
dDocent_Contig_6428	1	420	9	258	61.4286	1.95476	36.3	60
dDocent_Contig_6430	1	363	6	181	49.8623	1.95317	35.7	60
dDocent_Contig_6431	1	395	10	217	54.9367	2.43544	35.7	60
dDocent_Contig_6432	1	369	17	179	48.5095	4.34146	35.4	60
dDocent_Contig_6434	1	321	14	287	89.4081	5.10903	35.8	60
dDocent_Contig_6439	1	444	16	224	50.4505	4.4955	36.5	60
dDocent_Contig_6444	1	351	7	236	67.2365	2.0057	36.8	60
dDocent_Contig_6445	1	365	13	276	75.6164	4.56986	36.5	60
dDocent_Contig_6446	1	281	32	262	93.2384	15.0747	35.4	59.6
dDocent_Contig_6448	1	403	5	309	76.6749	1.72208	36.3	58.4
dDocent_Contig_6450	1	439	57	244	55.5809	15.9476	35.7	60
dDocent_Contig_6453	1	400	11	228	57	3.1125	36.8	60
dDocent_Contig_6456	1	371	21	183	49.3261	7.45553	34.7	60
dDocent_Contig_6464	1	392	3	132	33.6735	1.0102	35.7	60
dDocent_Contig_6465	1	367	5	187	50.9537	1.21253	34.4	57.8
dDocent_Contig_6466	1	322	5	154	47.8261	2.15839	34.5	60
dDocent_Contig_6474	1	510	38	185	36.2745	8.34706	34.8	60
dDocent_Contig_6480	1	358	30	173	48.324	9.61173	35.6	60
dDocent_Contig_6488	1	378	12	158	41.7989	3.51058	35.4	60
dDocent_Contig_6500	1	406	6	181	44.5813	2.11823	35.7	60
dDocent_Contig_6502	1	384	13	229	59.6354	4.41927	35.2	60
dDocent_Contig_6505	1	400	6	150	37.5	1.65	36.9	60
dDocent_Contig_6506	1	437	116	385	88.1007	34.6384	36.2	48
dDocent_Contig_6507	1	399	8	239	59.8997	2.35589	36.3	60
dDocent_Contig_6515	1	320	21	255	79.6875	8.125	35.5	60
dDocent_Contig_6536	1	395	9	107	27.0886	2.27342	35.7	60
dDocent_Contig_6538	1	343	3	189	55.102	1.31195	36.5	60
dDocent_Contig_6551	1	403	28	186	46.1538	9.49132	34.7	60
dDocent_Contig_6553	1	390	39	334	85.641	9.98718	36.4	60
dDocent_Contig_6554	1	337	22	316	93.7685	8.75074	35.9	58.2
dDocent_Contig_6565	1	379	16	221	58.3113	5.90765	36.3	60
dDocent_Contig_6568	1	335	3	184	54.9254	0.770149	36.8	60
dDocent_Contig_6569	1	404	34	319	78.9604	9.94307	35.5	60
dDocent_Contig_6573	1	342	57	240	70.1754	20.9123	35.9	60
dDocent_Contig_6574	1	424	22	259	61.0849	6.74292	34.7	60
dDocent_Contig_6576	1	228	1	146	64.0351	0.640351	36.8	60
dDocent_Contig_6577	1	490	5	176	35.9184	1.06327	36.6	60
dDocent_Contig_6579	1	389	82	387	99.4859	24.2956	35.5	60
dDocent_Contig_6580	1	380	3	87	22.8947	0.686842	36.9	60
dDocent_Contig_6582	1	325	8	180	55.3846	3.36615	35	60
dDocent_Contig_6585	1	444	12	270	60.8108	3.4482	36	60
dDocent_Contig_6613	1	439	21	194	44.1913	5.57403	35.3	60
dDocent_Contig_6622	1	379	11	128	33.7731	3.31926	35.6	60
dDocent_Contig_6623	1	397	37	183	46.0957	11.864	35.8	60
dDocent_Contig_6637	1	362	18	309	85.3591	5.6989	35.6	60
dDocent_Contig_6638	1	340	13	191	56.1765	4.17353	36.4	60
dDocent_Contig_6642	1	346	8	140	40.4624	2.52023	36.7	60
dDocent_Contig_6648	1	394	6	210	53.2995	1.57868	33.1	60
dDocent_Contig_6649	1	380	10	165	43.4211	3.12105	36.1	60
dDocent_Contig_6650	1	352	23	206	58.5227	8.30966	35	60
dDocent_Contig_6656	1	387	122	386	99.7416	35.1447	36.3	31.3
dDocent_Contig_6670	1	344	4	123	35.7558	1.15116	36	60
dDocent_Contig_6686	1	291	28	218	74.9141	12.2921	35.7	60
dDocent_Contig_6688	1	301	5	175	58.1395	1.41196	36.6	60
dDocent_Contig_6689	1	289	7	179	61.9377	2.69896	36.8	60
dDocent_Contig_6693	1	293	23	225	76.7918	10.6655	35.6	60
dDocent_Contig_6695	1	461	23	382	82.8633	6.19089	36.2	59.6
dDocent_Contig_6702	1	417	3	98	23.5012	0.705036	36.8	60
dDocent_Contig_6705	1	284	1	95	33.4507	0.334507	36.7	60
dDocent_Contig_6711	1	399	1	102	25.5639	0.255639	36.9	60
dDocent_Contig_6713	1	434	7	165	38.0184	1.90092	36.9	60
dDocent_Contig_6718	1	375	3	164	43.7333	0.92	36	60
dDocent_Contig_6726	1	448	187	446	99.5536	50.5804	35.9	46.3
dDocent_Contig_6729	1	457	5	300	65.6455	1.28228	36.5	60
dDocent_Contig_6738	1	408	11	202	49.5098	3.26716	35.1	60
dDocent_Contig_6739	1	379	16	276	72.8232	4.38259	35.7	58.1
dDocent_Contig_6744	1	271	25	255	94.0959	10.5756	36.1	60
dDocent_Contig_6746	1	382	18	223	58.377	5.87173	34.9	60
dDocent_Contig_6756	1	372	8	282	75.8065	3.22312	34.8	60
dDocent_Contig_6771	1	423	36	311	73.5225	7.91489	36.4	40.5
dDocent_Contig_6772	1	375	36	207	55.2	12.84	35.5	60
dDocent_Contig_6776	1	370	224	319	86.2162	65.5162	35.8	56
dDocent_Contig_6781	1	365	30	356	97.5342	7.58356	36.2	47.8
dDocent_Contig_6786	1	381	24	161	42.2572	6.44882	35.5	60
dDocent_Contig_6787	1	418	21	248	59.3301	7.08852	35.3	60
dDocent_Contig_6788	1	338	16	226	66.8639	5.97337	35.8	60
dDocent_Contig_6796	1	296	16	193	65.2027	6.53716	35.6	60
dDocent_Contig_6797	1	428	2	155	36.215	0.67757	36.8	60
dDocent_Contig_6803	1	453	8	153	33.7748	1.75717	36.8	60
dDocent_Contig_6806	1	297	7	156	52.5253	2.51852	34.8	60
dDocent_Contig_6807	1	308	175	307	99.6753	66.1721	36.1	51.2
dDocent_Contig_6808	1	394	4	210	53.2995	1.30711	36.6	60
dDocent_Contig_6810	1	399	4	126	31.5789	1.26316	35.6	60
dDocent_Contig_6812	1	270	11	215	79.6296	4.7037	36.3	60
dDocent_Contig_6813	1	366	14	215	58.7432	4.93443	35.7	60
dDocent_Contig_6814	1	390	15	217	55.641	4.80256	35.6	60
dDocent_Contig_6820	1	402	20	257	63.9303	6.45025	36.6	60
dDocent_Contig_6824	1	412	13	174	42.233	4.31068	34.6	60
dDocent_Contig_6825	1	356	8	262	73.5955	2.38764	36.9	60
dDocent_Contig_6826	1	409	2	132	32.2738	0.645477	36.7	60
dDocent_Contig_6829	1	317	28	165	52.0505	9.41956	36.3	60
dDocent_Contig_6846	1	470	9	208	44.2553	2.56809	33.9	60
dDocent_Contig_6848	1	456	7	119	26.0965	1.43202	36.5	60
dDocent_Contig_6851	1	387	2	96	24.8062	0.496124	36.7	60
dDocent_Contig_6852	1	326	5	179	54.908	1.53681	36.8	60
dDocent_Contig_6853	1	389	3	252	64.7815	1.02057	36.4	60
dDocent_Contig_6854	1	396	17	308	77.7778	6.01263	35.3	60
dDocent_Contig_6858	1	366	7	128	34.9727	1.78689	36.8	60
dDocent_Contig_6864	1	243	6	166	68.3128	3.0535	36.6	50.8
dDocent_Contig_6868	1	246	9	236	95.935	4.10976	36.6	60
dDocent_Contig_6874	1	422	10	188	44.5498	2.8436	36.5	59.6
dDocent_Contig_6879	1	251	15	187	74.502	6.84861	35.9	60
dDocent_Contig_6884	1	437	17	258	59.0389	5.28833	35.5	60
dDocent_Contig_6888	1	384	8	151	39.3229	2.59896	36	60
dDocent_Contig_6912	1	425	50	339	79.7647	15.3576	36.1	60
dDocent_Contig_6917	1	416	4	178	42.7885	0.855769	37	60
dDocent_Contig_6918	1	379	6	187	49.3404	1.46966	34.6	60
dDocent_Contig_6923	1	344	5	205	59.593	1.66279	36.8	60
dDocent_Contig_6924	1	276	28	212	76.8116	13.7029	35.1	60
dDocent_Contig_6925	1	373	26	207	55.496	9.17426	35.9	60
dDocent_Contig_6926	1	372	4	211	56.7204	1.15054	35.5	60
dDocent_Contig_6933	1	389	4	179	46.0154	1.35476	35.2	60
dDocent_Contig_6934	1	274	5	181	66.0584	2.11679	36.8	60
dDocent_Contig_6941	1	395	30	231	58.481	10.1418	35.7	60
dDocent_Contig_6942	1	335	3	187	55.8209	0.901493	36.9	60
dDocent_Contig_6959	1	356	17	233	65.4494	6.1573	36.5	60
dDocent_Contig_6962	1	339	8	230	67.8466	3.29794	35.6	60
dDocent_Contig_6963	1	268	14	168	62.6866	6.5	35.5	60
dDocent_Contig_6966	1	369	13	149	40.3794	4.11653	35.4	60
dDocent_Contig_6976	1	359	19	289	80.5014	6.27298	35	60
dDocent_Contig_6995	1	378	17	185	48.9418	5.30423	36.1	60
dDocent_Contig_7006	1	345	50	334	96.8116	14.0841	36	47
dDocent_Contig_7018	1	414	7	234	56.5217	1.79227	36.8	60
dDocent_Contig_7029	1	356	10	107	30.0562	2.71067	36.1	60
dDocent_Contig_7039	1	385	22	215	55.8442	6.50909	36.4	60
dDocent_Contig_7040	1	428	30	252	58.8785	8.45327	35.5	60
dDocent_Contig_7041	1	357	11	206	57.7031	3.29972	36.9	56
dDocent_Contig_7044	1	391	9	207	52.9412	2.95908	35.5	60
dDocent_Contig_7056	1	360	30	267	74.1667	10.5194	35.2	60
dDocent_Contig_7060	1	364	2186	324	89.011	791.055	35	35.3
dDocent_Contig_7062	1	330	77	327	99.0909	28.9	35.7	59.9
dDocent_Contig_7070	1	444	11	166	37.3874	2.97748	35.7	57.3
dDocent_Contig_7072	1	411	37	194	47.2019	12.2895	35.2	60
dDocent_Contig_7090	1	443	26	175	39.5034	5.40181	36.4	52.2
dDocent_Contig_7109	1	408	3	182	44.6078	1.09069	36.9	60
dDocent_Contig_7115	1	351	4	145	41.3105	1.09402	36.6	60
dDocent_Contig_7120	1	374	14	330	88.2353	5.35829	35.6	60
dDocent_Contig_7122	1	417	3	199	47.7218	1.0048	36.7	60
dDocent_Contig_7130	1	348	10	272	78.1609	3.23563	36	60
dDocent_Contig_7166	1	227	12	200	88.1057	6.44053	34.4	58.5
dDocent_Contig_7171	1	368	7	252	68.4783	2.01087	36.8	60
dDocent_Contig_7174	1	366	16	249	68.0328	4.65301	35.5	60
dDocent_Contig_7175	1	359	14	239	66.5738	3.92479	35	60
dDocent_Contig_7181	1	353	9	169	47.8754	2.96884	35.9	60
dDocent_Contig_7183	1	364	2	194	53.2967	0.824176	36.8	60
dDocent_Contig_7185	1	337	8	299	88.724	2.87834	34.1	60
dDocent_Contig_7196	1	462	19	172	37.2294	5.329	36.6	60
dDocent_Contig_7216	1	445	2	90	20.2247	0.404494	36.9	60
dDocent_Contig_7221	1	336	17	218	64.881	5.22321	36	60
dDocent_Contig_7228	1	354	79	247	69.774	28.4463	35.8	60
dDocent_Contig_7233	1	402	16	209	51.99	5.04726	35.1	60
dDocent_Contig_7243	1	414	33	211	50.9662	10.3551	35.8	60
dDocent_Contig_7253	1	322	8	228	70.8075	2.46273	35.6	60
dDocent_Contig_7257	1	363	25	273	75.2066	6.26171	36.3	57.4
dDocent_Contig_7264	1	413	18	262	63.4383	5.43341	36.6	60
dDocent_Contig_7266	1	386	16	152	39.3782	4.95337	36	60
dDocent_Contig_7269	1	357	8	201	56.3025	2.70868	36.6	60
dDocent_Contig_7270	1	420	8	194	46.1905	2.04048	36.8	60
dDocent_Contig_7281	1	401	41	249	62.0948	10.9102	36.4	41.8
dDocent_Contig_7283	1	429	14	242	56.4103	4.25874	35.1	60
dDocent_Contig_7284	1	334	4	113	33.8323	1.28743	35.4	60
dDocent_Contig_7297	1	300	23	299	99.6667	9.84	35.9	60
dDocent_Contig_7298	1	395	22	238	60.2532	6.63038	35.6	60
dDocent_Contig_7308	1	289	4	131	45.3287	1.59516	36	60
dDocent_Contig_7311	1	401	8	327	81.5461	2.17706	36.4	60
dDocent_Contig_7314	1	335	2	97	28.9552	0.579104	36.9	60
dDocent_Contig_7330	1	453	15	226	49.8896	4.24724	36.8	60
dDocent_Contig_7339	1	380	25	226	59.4737	8.17368	35.2	60
dDocent_Contig_7345	1	308	14	199	64.6104	6.03571	35.3	60
dDocent_Contig_7348	1	327	9	179	54.7401	3.05505	36.1	60
dDocent_Contig_7356	1	371	10	262	70.6199	3.25606	36.1	60
dDocent_Contig_7368	1	366	30	220	60.1093	11.0328	34.7	60
dDocent_Contig_7380	1	231	2	95	41.1255	0.822511	36.9	60
dDocent_Contig_7382	1	398	11	217	54.5226	3.42965	35.8	60
dDocent_Contig_7389	1	324	5	182	56.1728	1.64815	36.8	59.8
dDocent_Contig_7392	1	358	11	139	38.8268	3.38547	34.6	60
dDocent_Contig_7393	1	390	16	254	65.1282	5.38718	35	60
dDocent_Contig_7394	1	483	4	121	25.0518	0.84058	36.8	60
dDocent_Contig_7412	1	360	5	300	83.3333	1.75	36.6	60
dDocent_Contig_7414	1	376	13	220	58.5106	4.36968	35.6	60
dDocent_Contig_7415	1	432	20	228	52.7778	6.21296	36.8	60
dDocent_Contig_7422	1	342	22	175	51.1696	8.2924	35.8	56.1
dDocent_Contig_7428	1	396	2	98	24.7475	0.494949	36.6	60
dDocent_Contig_7431	1	450	5	259	57.5556	1.19556	36.8	60
dDocent_Contig_7436	1	420	12	186	44.2857	3.17381	35.3	60
dDocent_Contig_7437	1	310	28	204	65.8065	11.0774	35.7	60
dDocent_Contig_7439	1	309	9	222	71.8447	2.85437	36.8	60
dDocent_Contig_7450	1	224	22	191	85.2679	10.9688	35.2	60
dDocent_Contig_7452	1	362	24	228	62.9834	7.46685	35.9	57.1
dDocent_Contig_7455	1	375	17	136	36.2667	4.45067	35.2	60
dDocent_Contig_7459	1	346	10	260	75.1445	3.08092	36.8	60
dDocent_Contig_7460	1	381	2	122	32.021	0.64042	36.9	60
dDocent_Contig_7467	1	386	4	260	67.3575	1.26943	35.5	60
dDocent_Contig_7474	1	364	42	205	56.3187	13.7445	34.6	60
dDocent_Contig_7482	1	389	8	200	51.4139	2.74036	36.6	60
dDocent_Contig_7483	1	417	2	225	53.9568	0.539568	36.8	60
dDocent_Contig_7489	1	290	5	193	66.5517	1.79655	36.7	60
dDocent_Contig_7508	1	354	5	144	40.678	1.46328	36.5	60
dDocent_Contig_7512	1	370	19	188	50.8108	6.3973	36	60
dDocent_Contig_7520	1	406	4	88	21.6749	0.866995	36.9	60
dDocent_Contig_7542	1	379	3	169	44.591	1.18734	35.2	60
dDocent_Contig_7548	1	379	11	297	78.3641	3.15831	35.9	60
dDocent_Contig_7557	1	275	11	221	80.3636	4.44364	36	60
dDocent_Contig_7561	1	454	10	335	73.7885	2.51542	36.7	60
dDocent_Contig_7563	1	390	7	106	27.1795	1.61795	35.7	60
dDocent_Contig_7564	1	355	12	164	46.1972	4.21127	35.9	60
dDocent_Contig_7565	1	446	5	87	19.5067	0.901345	35.9	60
dDocent_Contig_7572	1	353	8	192	54.3909	2.45326	35.1	60
dDocent_Contig_7576	1	357	9	220	61.6246	2.89076	36.5	60
dDocent_Contig_7577	1	314	4	200	63.6943	1.53503	36.7	60
dDocent_Contig_7579	1	395	9	196	49.6203	2.61772	36.8	60
dDocent_Contig_7580	1	360	25	193	53.6111	8.27778	35.9	60
dDocent_Contig_7590	1	346	10	167	48.2659	3.34104	35.7	60
dDocent_Contig_7591	1	235	15	150	63.8298	7.30638	36.2	60
dDocent_Contig_7604	1	412	23	311	75.4854	6.65777	35.3	60
dDocent_Contig_7617	1	360	10	123	34.1667	3.18889	36.6	60
dDocent_Contig_7619	1	389	5	104	26.7352	1.23393	35.1	60
dDocent_Contig_7632	1	356	7	190	53.3708	1.98315	36.6	60
dDocent_Contig_7639	1	387	29	262	67.7003	10.5116	35.1	60
dDocent_Contig_7640	1	423	43	314	74.2317	12.9149	35.3	60
dDocent_Contig_7668	1	278	9	106	38.1295	2.9964	34.8	60
dDocent_Contig_7669	1	387	6	223	57.6227	1.84496	36.6	60
dDocent_Contig_7670	1	359	24	337	93.8719	7.81058	36.7	57.9
dDocent_Contig_7687	1	277	78	186	67.148	36.7292	35.3	60
dDocent_Contig_7688	1	426	9	277	65.0235	2.12911	36.7	60
dDocent_Contig_7693	1	363	13	240	66.1157	4.7741	36.1	60
dDocent_Contig_7696	1	363	20	199	54.8209	5.77135	36.1	60
dDocent_Contig_7697	1	434	8	190	43.7788	2.34562	36.6	60
dDocent_Contig_7720	1	374	45	349	93.3155	15.1925	36.1	60
dDocent_Contig_7721	1	352	1	117	33.2386	0.332386	31.5	60
dDocent_Contig_7722	1	378	4	136	35.9788	1.2037	36.8	60
dDocent_Contig_7728	1	355	28	183	51.5493	10.2225	34.3	59.5
dDocent_Contig_7730	1	416	11	157	37.7404	3.33413	36	60
dDocent_Contig_7738	1	393	12	213	54.1985	3.743	36.5	60
dDocent_Contig_7749	1	383	11	241	62.9243	3.6658	35.3	60
dDocent_Contig_7750	1	327	8	180	55.0459	2.53211	36.7	60
dDocent_Contig_7753	1	394	20	286	72.5888	6.53046	36.5	54.3
dDocent_Contig_7761	1	417	14	149	35.7314	3.67146	36.9	60
dDocent_Contig_7763	1	371	3	98	26.4151	0.792453	35.3	60
dDocent_Contig_7767	1	406	2	100	24.6305	0.492611	36.9	60
dDocent_Contig_7768	1	283	5	203	71.7314	2.5583	35.5	60
dDocent_Contig_7769	1	369	1	150	40.6504	0.406504	32.5	60
dDocent_Contig_7777	1	319	26	296	92.79	10.6865	36.3	60
dDocent_Contig_7778	1	312	36	263	84.2949	13.7083	35.5	57.3
dDocent_Contig_7780	1	363	612	360	99.1736	202.967	36.2	59
dDocent_Contig_7783	1	378	5	173	45.7672	1.46561	35.9	60
dDocent_Contig_7786	1	348	6	179	51.4368	2.40517	35.5	60
dDocent_Contig_7792	1	335	7	179	53.4328	2.50746	36.8	60
dDocent_Contig_7796	1	442	6	183	41.4027	1.59729	34.3	60
dDocent_Contig_7797	1	386	7	139	36.0104	2.52073	36.3	60
dDocent_Contig_7819	1	366	372	338	92.3497	118.918	36.2	59.8
dDocent_Contig_7820	1	332	11	226	68.0723	3.71988	35.9	48.3
dDocent_Contig_7832	1	237	3	90	37.9747	1.13924	36.5	60
dDocent_Contig_7837	1	369	20	195	52.8455	5.79946	36.2	60
dDocent_Contig_7838	1	281	6	185	65.8363	2.92171	35.5	60
dDocent_Contig_7839	1	270	50	246	91.1111	24.6741	35.9	60
dDocent_Contig_7843	1	365	54	281	76.9863	15.2575	35.3	48.6
dDocent_Contig_7844	1	333	19	216	64.8649	7.54955	36	60
dDocent_Contig_7853	1	385	28	281	72.987	10.0909	36.4	60
dDocent_Contig_7859	1	398	10	202	50.7538	2.45226	35.2	56.6
dDocent_Contig_7864	1	340	33	239	70.2941	13.5147	34.8	60
dDocent_Contig_7865	1	345	5	142	41.1594	2.05507	35.7	60
dDocent_Contig_7868	1	315	18	214	67.9365	6.02857	36.1	60
dDocent_Contig_7878	1	305	21	252	82.623	8.94426	35.7	60
dDocent_Contig_7884	1	392	8	198	50.5102	2.46939	36.5	60
dDocent_Contig_7892	1	295	20	174	58.9831	9.27119	36.1	60
dDocent_Contig_7893	1	389	32	247	63.4961	9.66838	36.1	60
dDocent_Contig_7905	1	344	14	210	61.0465	4.9186	35.3	51.4
dDocent_Contig_7918	1	419	14	246	58.7112	3.89499	34.2	51.1
dDocent_Contig_7924	1	493	5	129	26.1663	1.30832	35.9	60
dDocent_Contig_7925	1	395	6	148	37.4684	2.2481	36.7	60
dDocent_Contig_7952	1	286	5	190	66.4336	2.62238	35.2	60
dDocent_Contig_7966	1	371	3	130	35.0404	0.727763	36.9	52.7
dDocent_Contig_7970	1	407	16	148	36.3636	4.40295	35.9	60
dDocent_Contig_7973	1	399	7	106	26.5664	1.68421	36.8	60
dDocent_Contig_7982	1	440	23	223	50.6818	7.025	36.3	60
dDocent_Contig_7984	1	352	10	184	52.2727	3.94886	34.7	60
dDocent_Contig_7992	1	226	6	143	63.2743	3.30973	36.8	60
dDocent_Contig_7994	1	396	18	283	71.4646	5.14899	36.3	60
dDocent_Contig_8018	1	376	25	279	74.2021	8.17287	36.1	60
dDocent_Contig_8019	1	358	15	190	53.0726	4.5	35.1	60
dDocent_Contig_8040	1	400	2	108	27	0.54	36.8	60
dDocent_Contig_8045	1	414	10	293	70.7729	2.73913	35.4	60
dDocent_Contig_8047	1	413	2	99	23.9709	0.479419	36.7	60
dDocent_Contig_8051	1	333	8	250	75.0751	2.68468	34.1	58.2
dDocent_Contig_8052	1	369	11	233	63.1436	3.27371	36.1	60
dDocent_Contig_8053	1	393	9	165	41.9847	2.30789	34.9	60
dDocent_Contig_8055	1	297	2	169	56.9024	0.700337	36.9	60
dDocent_Contig_8059	1	419	13	156	37.2315	3.41527	36.8	60
dDocent_Contig_8063	1	408	9	107	26.2255	2.36029	36.8	60
dDocent_Contig_8064	1	293	14	226	77.1331	6.20478	36.5	60
dDocent_Contig_8065	1	408	19	150	36.7647	5.27206	35.5	60
dDocent_Contig_8075	1	339	8	163	48.0826	2.31268	36.4	60
dDocent_Contig_8077	1	413	25	227	54.9637	8.16707	36.1	60
dDocent_Contig_8085	1	261	20	195	74.7126	9.61303	36.5	60
dDocent_Contig_8087	1	359	28	229	63.7883	8.67967	35.8	60
dDocent_Contig_8100	1	365	8	207	56.7123	2.57534	34.2	60
dDocent_Contig_8101	1	339	22	220	64.8968	7.35988	35.3	60
dDocent_Contig_8114	1	381	18	263	69.0289	5.86089	36.1	60
dDocent_Contig_8115	1	422	8	212	50.237	2.27725	35.1	60
dDocent_Contig_8118	1	398	7	189	47.4874	1.74874	36.8	60
dDocent_Contig_8131	1	315	12	135	42.8571	4.84444	35.7	60
dDocent_Contig_8136	1	357	15	206	57.7031	4.72269	36.1	60
dDocent_Contig_8146	1	473	34	283	59.8309	8.67653	36.2	60
dDocent_Contig_8162	1	336	2	110	32.7381	0.58631	35.7	60
dDocent_Contig_8175	1	432	5	115	26.6204	1.28704	37	60
dDocent_Contig_8185	1	272	12	203	74.6324	6.30515	35.1	60
dDocent_Contig_8188	1	385	13	233	60.5195	3.67792	36.1	60
dDocent_Contig_8189	1	352	60	349	99.1477	15.9006	35.6	43.4
dDocent_Contig_8190	1	376	57	310	82.4468	18.2606	36.1	60
dDocent_Contig_8193	1	401	4	151	37.6559	1.16209	36.4	60
dDocent_Contig_8213	1	399	34	216	54.1353	10.7318	35.4	60
dDocent_Contig_8220	1	403	8	160	39.7022	2.22084	35.6	60
dDocent_Contig_8244	1	470	52	450	95.7447	14.2404	35.7	60
dDocent_Contig_8251	1	377	19	189	50.1326	6.00265	36.5	60
dDocent_Contig_8263	1	408	25	293	71.8137	8.31373	35.8	60
dDocent_Contig_8267	1	393	130	325	82.6972	33.2901	36.1	39.2
dDocent_Contig_8278	1	348	13	198	56.8966	4.87069	36	60
dDocent_Contig_8289	1	453	11	205	45.2539	2.78808	36.9	60
dDocent_Contig_8296	1	474	3	149	31.4346	0.943038	35.6	60
dDocent_Contig_8304	1	375	2	71	18.9333	0.378667	36.5	58
dDocent_Contig_8305	1	332	6	235	70.7831	2.41566	36.7	60
dDocent_Contig_8308	1	353	2	66	18.6969	0.373938	36.9	60
dDocent_Contig_8313	1	272	42	272	100	16.9779	36.1	59.3
dDocent_Contig_8315	1	460	12	239	51.9565	3.77826	35.9	60
dDocent_Contig_8321	1	267	4	144	53.9326	1.86517	36.9	60
dDocent_Contig_8323	1	312	8	295	94.5513	3.4391	35.9	60
dDocent_Contig_8325	1	399	57	385	96.4912	16.5589	35.8	59.8
dDocent_Contig_8327	1	396	31	231	58.3333	9.07323	36	60
dDocent_Contig_8330	1	355	12	188	52.9577	3.59155	34.9	60
dDocent_Contig_8331	1	394	6	147	37.3096	1.50761	37	60
dDocent_Contig_8335	1	381	12	198	51.9685	4.62992	34.7	60
dDocent_Contig_8337	1	444	20	234	52.7027	5.93243	35.8	60
dDocent_Contig_8346	1	339	27	237	69.9115	10.5457	34.7	60
dDocent_Contig_8348	1	405	3	260	64.1975	0.91358	36.8	60
dDocent_Contig_8358	1	417	9	173	41.4868	2.69305	35.1	60
dDocent_Contig_8360	1	291	19	277	95.189	6.64605	35.3	60
dDocent_Contig_8362	1	411	22	392	95.3771	6.20681	34.6	60
dDocent_Contig_8371	1	313	16	232	74.1214	5.98722	35	60
dDocent_Contig_8374	1	403	9	217	53.8462	3.134	35.7	60
dDocent_Contig_8376	1	364	8	283	77.7473	2.43407	36.8	60
dDocent_Contig_8384	1	393	4	168	42.7481	1.17557	36.5	60
dDocent_Contig_8386	1	397	24	251	63.2242	5.89169	36.4	60
dDocent_Contig_8398	1	395	6	112	28.3544	1.55696	34.2	60
dDocent_Contig_8399	1	387	11	171	44.186	3.53747	35.9	60
dDocent_Contig_8409	1	375	5	163	43.4667	1.16267	36.3	60
dDocent_Contig_8412	1	389	4	135	34.7044	1.01799	36.1	60
dDocent_Contig_8413	1	340	31	295	86.7647	11.5	35.5	60
dDocent_Contig_8423	1	407	11	255	62.6536	3.16953	35.5	60
dDocent_Contig_8430	1	307	28	241	78.5016	11.6971	34.7	60
dDocent_Contig_8433	1	230	22	204	88.6957	10.6217	36	45.9
dDocent_Contig_8434	1	341	4	200	58.651	1.33724	36.9	60
dDocent_Contig_8436	1	364	12	174	47.8022	4.07692	35.6	60
dDocent_Contig_8440	1	374	7	179	47.861	2.10695	36.8	60
dDocent_Contig_8443	1	377	11	212	56.2334	3.48011	35.8	60
dDocent_Contig_8456	1	381	10	189	49.6063	3.8294	35.9	60
dDocent_Contig_8460	1	326	6	207	63.4969	2.01227	35.9	60
dDocent_Contig_8466	1	299	4	237	79.2642	1.51839	36.7	60
dDocent_Contig_8471	1	342	16	254	74.269	5.63158	35	60
dDocent_Contig_8473	1	332	17	145	43.6747	6.21084	35.4	60
dDocent_Contig_8474	1	388	19	209	53.866	5.91237	35.7	60
dDocent_Contig_8480	1	347	4	187	53.8905	1.36599	36.9	60
dDocent_Contig_8481	1	458	39	292	63.7555	9.98908	36.4	60
dDocent_Contig_8485	1	313	26	222	70.9265	10.6326	35	60
dDocent_Contig_8489	1	418	13	249	59.5694	3.34928	35.8	60
dDocent_Contig_8492	1	409	7	266	65.0367	1.64059	36.8	60
dDocent_Contig_8493	1	392	7	205	52.2959	2.27041	36.9	60
dDocent_Contig_8498	1	382	2	141	36.911	0.36911	36.9	60
dDocent_Contig_8505	1	348	219	329	94.5402	71.7155	35.8	38.4
dDocent_Contig_8512	1	472	13	187	39.6186	3.01271	35.7	60
dDocent_Contig_8515	1	383	344	312	81.4621	92.295	36.2	49.4
dDocent_Contig_8516	1	310	2	63	20.3226	0.406452	36.9	60
dDocent_Contig_8520	1	368	30	257	69.837	9.77989	35.7	60
dDocent_Contig_8528	1	401	2	120	29.9252	0.598504	36.9	60
dDocent_Contig_8531	1	390	28	377	96.6667	9.23846	35.3	60
dDocent_Contig_8534	1	397	9	146	36.7758	2.65743	34.7	60
dDocent_Contig_8536	1	452	12	191	42.2566	3.0177	36.1	60
dDocent_Contig_8537	1	271	38	206	76.0148	16.2214	35.7	49.1
dDocent_Contig_8542	1	326	21	278	85.2761	7.7362	35.1	60
dDocent_Contig_8545	1	383	9	169	44.1253	3.40209	35.4	60
dDocent_Contig_8546	1	379	19	277	73.0871	7.21636	34	60
dDocent_Contig_8557	1	404	10	175	43.3168	2.51238	35	60
dDocent_Contig_8562	1	303	13	171	56.4356	5.37294	35.5	60
dDocent_Contig_8564	1	350	4	126	36	1.26286	35.2	56.2
dDocent_Contig_8566	1	377	3	138	36.6048	0.944297	36.9	60
dDocent_Contig_8567	1	402	6	155	38.5572	1.68408	35.5	60
dDocent_Contig_8570	1	338	18	216	63.9053	7.06509	35.7	60
dDocent_Contig_8571	1	382	10	147	38.4817	3.41623	35.2	60
dDocent_Contig_8573	1	337	1	102	30.2671	0.302671	36.6	60
dDocent_Contig_8584	1	347	16	186	53.6023	5.54179	35.6	60
dDocent_Contig_8589	1	313	34	311	99.361	11.345	36.5	57.1
dDocent_Contig_8590	1	348	22	257	73.8506	7.22989	34.6	60
dDocent_Contig_8591	1	354	12	183	51.6949	4.29379	36.8	60
dDocent_Contig_8592	1	378	3	143	37.8307	0.674603	36.8	60
dDocent_Contig_8598	1	405	436	390	96.2963	124.086	35.5	50.5
dDocent_Contig_8605	1	384	2	89	23.1771	0.463542	36.9	60
dDocent_Contig_8606	1	303	3	144	47.5248	1.42574	36.2	60
dDocent_Contig_8609	1	391	19	165	42.1995	6.71867	35.8	60
dDocent_Contig_8610	1	378	14	193	51.0582	4.78042	35.5	60
dDocent_Contig_8611	1	277	13	209	75.4513	5.75812	36.6	60
dDocent_Contig_8612	1	339	18	156	46.0177	6.39823	35.8	60
dDocent_Contig_8613	1	456	22	185	40.5702	6.51096	35.4	60
dDocent_Contig_8614	1	362	19	204	56.3536	6.35912	35.4	60
dDocent_Contig_8619	1	348	4	101	29.023	1.16092	33.5	60
dDocent_Contig_8620	1	270	12	141	52.2222	4.91481	36.2	60
dDocent_Contig_8623	1	382	3	142	37.1728	1.11518	36.6	60
dDocent_Contig_8639	1	333	30	246	73.8739	10.8228	36	60
dDocent_Contig_8640	1	435	16	154	35.4023	3.54253	36.7	60
dDocent_Contig_8645	1	343	14	282	82.2157	4.73178	34.9	60
dDocent_Contig_8646	1	505	10	227	44.9505	2.3802	36.4	60
dDocent_Contig_8649	1	342	42	183	53.5088	15.4327	35.1	60
dDocent_Contig_8663	1	368	10	169	45.9239	2.97011	36.3	60
dDocent_Contig_8684	1	426	10	229	53.7559	3.35211	35.4	60
dDocent_Contig_8686	1	410	21	298	72.6829	6.63902	36.1	60
dDocent_Contig_8687	1	328	18	221	67.378	6.09146	36.4	60
dDocent_Contig_8688	1	361	212	297	82.2715	62.5651	35.9	59.8
dDocent_Contig_8692	1	372	25	245	65.8602	6.98387	36	60
dDocent_Contig_8697	1	412	26	337	81.7961	7.06068	36	60
dDocent_Contig_8703	1	331	14	306	92.4471	5.09366	36	60
dDocent_Contig_8704	1	327	46	218	66.6667	18.422	35.8	60
dDocent_Contig_8711	1	346	4	170	49.1329	1.69942	36.9	60
dDocent_Contig_8743	1	281	14	158	56.2278	5.34164	35.8	60
dDocent_Contig_8746	1	420	4	94	22.381	0.895238	36.1	60
dDocent_Contig_8749	1	293	3	235	80.2048	1.22526	36.8	60
dDocent_Contig_8750	1	284	20	219	77.1127	8.55634	36	60
dDocent_Contig_8753	1	265	2	113	42.6415	0.85283	36.8	60
dDocent_Contig_8755	1	399	25	212	53.1328	7.13283	36	60
dDocent_Contig_8756	1	384	2	100	26.0417	0.520833	37	60
dDocent_Contig_8757	1	320	4	187	58.4375	1.61875	36.9	60
dDocent_Contig_8758	1	375	29	285	76	9.984	35.9	60
dDocent_Contig_8768	1	414	9	170	41.0628	2.58454	36.7	60
dDocent_Contig_8772	1	437	2	109	24.9428	0.498856	36.8	60
dDocent_Contig_8782	1	340	4	162	47.6471	1.45882	35.5	52
dDocent_Contig_8791	1	360	456	360	100	138.736	36.1	56.7
dDocent_Contig_8797	1	372	12	282	75.8065	3.94624	36.7	60
dDocent_Contig_8798	1	507	3	251	49.5069	0.765286	36.8	60
dDocent_Contig_8801	1	356	12	208	58.427	4.30056	35.5	60
dDocent_Contig_8803	1	395	8	213	53.9241	2.23291	36.9	60
dDocent_Contig_8804	1	368	19	335	91.0326	5.87228	36.2	60
dDocent_Contig_8809	1	379	27	276	72.8232	9.73087	36.1	60
dDocent_Contig_8816	1	460	24	202	43.913	6.91304	35.7	60
dDocent_Contig_8817	1	365	4	118	32.3288	1.29315	33.8	60
dDocent_Contig_8840	1	330	8	117	35.4545	2.83636	33.1	60
dDocent_Contig_8841	1	459	5	198	43.1373	1.39651	37	60
dDocent_Contig_8845	1	441	35	353	80.0454	10.2109	35	60
dDocent_Contig_8854	1	377	9	294	77.9841	2.79576	35.6	52.8
dDocent_Contig_8855	1	419	19	275	65.6325	5.49403	34.4	60
dDocent_Contig_8869	1	309	97	306	99.0291	37.7346	35.7	58.7
dDocent_Contig_8876	1	310	10	202	65.1613	4.67097	36.3	60
dDocent_Contig_8888	1	392	4	163	41.5816	1.53061	35.9	60
dDocent_Contig_8893	1	321	4	192	59.8131	1.12773	36.7	60
dDocent_Contig_8894	1	410	7	278	67.8049	1.84146	35.7	60
dDocent_Contig_8897	1	363	47	224	61.708	12.3664	36.2	42.5
dDocent_Contig_8900	1	379	1	132	34.8285	0.348285	36.8	60
dDocent_Contig_8901	1	362	3	154	42.5414	0.972376	37	60
dDocent_Contig_8902	1	370	2	98	26.4865	0.52973	36.4	60
dDocent_Contig_8903	1	400	2115	396	99	660.263	35.3	59.8
dDocent_Contig_8935	1	391	50	241	61.6368	13.2225	35.7	60
dDocent_Contig_8936	1	431	11	222	51.5081	2.89095	36.2	56.7
dDocent_Contig_8945	1	400	3	141	35.25	0.76	36.6	60
dDocent_Contig_8955	1	339	50	266	78.4661	11.4012	36.2	43.4
dDocent_Contig_8967	1	386	13	185	47.9275	4.65544	36.5	60
dDocent_Contig_8969	1	312	10	238	76.2821	3.87179	36.6	60
dDocent_Contig_8970	1	259	6	210	81.0811	2.8417	36.8	60
dDocent_Contig_8976	1	334	25	255	76.3473	9.22455	36	60
dDocent_Contig_8978	1	321	117	203	63.2399	44.1464	36.3	60
dDocent_Contig_8990	1	413	29	164	39.7094	8.69492	35.4	60
dDocent_Contig_8992	1	376	3	123	32.7128	0.667553	35.5	60
dDocent_Contig_9005	1	317	25	248	78.2334	10.5552	36.2	60
dDocent_Contig_9010	1	352	755	350	99.4318	254.804	36.2	58.7
dDocent_Contig_9013	1	359	5	116	32.312	1.3649	36.9	60
dDocent_Contig_9023	1	391	5	166	42.4552	1.57801	37	60
dDocent_Contig_9028	1	250	19	197	78.8	10.508	35.4	60
dDocent_Contig_9040	1	422	2	223	52.8436	0.7109	36.8	60
dDocent_Contig_9041	1	504	15	188	37.3016	3.9127	35.9	60
dDocent_Contig_9047	1	433	6	176	40.6467	1.24711	36.2	60
dDocent_Contig_9052	1	305	196	298	97.7049	73.5672	36.1	57.9
dDocent_Contig_9055	1	330	8	210	63.6364	2.45758	36.7	60
dDocent_Contig_9057	1	310	8	102	32.9032	2.16774	36.6	60
dDocent_Contig_9058	1	333	10	183	54.955	2.93093	35.6	60
dDocent_Contig_9063	1	399	6	154	38.5965	1.89474	36.2	60
dDocent_Contig_9070	1	393	3	167	42.4936	0.862595	36.9	60
dDocent_Contig_9073	1	342	14	195	57.0175	5.63158	35.8	60
dDocent_Contig_9075	1	352	4	155	44.0341	1.33239	36.8	60
dDocent_Contig_9076	1	395	17	223	56.4557	3.92152	35.3	60
dDocent_Contig_9079	1	270	13	146	54.0741	5.2963	36.7	60
dDocent_Contig_9080	1	419	8	153	36.5155	2.86396	34.9	60
dDocent_Contig_9083	1	366	1	120	32.7869	0.327869	37	60
dDocent_Contig_10000	1	363	67	218	60.0551	21.9008	35.5	58.4
dDocent_Contig_10007	1	430	12	238	55.3488	3.96047	35.7	60
dDocent_Contig_10009	1	227	158	221	97.3568	70.2291	36.4	40.5
dDocent_Contig_10011	1	402	32	273	67.9104	8.85075	36.5	60
dDocent_Contig_10014	1	388	47	340	87.6289	10.7835	35.7	59.9
dDocent_Contig_10025	1	397	19	237	59.6977	6.17632	36.2	60
dDocent_Contig_10026	1	427	30	188	44.0281	9.5082	35.2	60
dDocent_Contig_10029	1	368	58	216	58.6957	16.0897	35	60
dDocent_Contig_10035	1	383	28	224	58.4856	9.21932	36.3	60
dDocent_Contig_10044	1	505	15	322	63.7624	3.08515	36.4	60
dDocent_Contig_10047	1	327	29	196	59.9388	10.9633	35.5	60
dDocent_Contig_10053	1	453	12	140	30.9051	2.53422	34.9	60
dDocent_Contig_10056	1	348	10	213	61.2069	3.54885	36.8	60
dDocent_Contig_10057	1	388	8	150	38.6598	2.1134	36.7	60
dDocent_Contig_10058	1	448	7	285	63.6161	1.63393	35.9	60
dDocent_Contig_10060	1	344	8	151	43.8953	2.56105	34.8	60
dDocent_Contig_10064	1	345	4	132	38.2609	1.31014	36.9	60
dDocent_Contig_10065	1	451	9	214	47.4501	2.48115	35.2	60
dDocent_Contig_10068	1	279	172	265	94.9821	83.276	35.2	60
dDocent_Contig_10078	1	382	20	150	39.267	6.17539	36	60
dDocent_Contig_10079	1	364	9	199	54.6703	2.31319	36.6	60
dDocent_Contig_10083	1	327	9	182	55.6575	3.63609	36.7	60
dDocent_Contig_10084	1	350	11	191	54.5714	3.78	35.3	57.9
dDocent_Contig_10094	1	304	9	198	65.1316	3.24342	34.5	60
dDocent_Contig_10096	1	358	10	107	29.8883	2.75419	36.2	60
dDocent_Contig_10097	1	395	4	201	50.8861	0.881013	36.2	60
dDocent_Contig_10099	1	367	5	260	70.8447	1.59946	36.4	60
dDocent_Contig_10101	1	393	34	238	60.5598	11.5064	35.3	60
dDocent_Contig_10102	1	465	17	463	99.5699	4.3828	35.9	60
dDocent_Contig_10108	1	323	9	166	51.3932	3.84211	36.5	60
dDocent_Contig_10109	1	393	2	112	28.4987	0.569975	37	60
dDocent_Contig_10110	1	395	10	195	49.3671	3.10633	36.6	60
dDocent_Contig_10113	1	441	11	158	35.8277	2.93878	36.6	60
dDocent_Contig_10114	1	373	7	204	54.6917	1.93566	35.9	60
dDocent_Contig_10115	1	373	71	311	83.378	23.1635	35.1	60
dDocent_Contig_10122	1	309	16	264	85.4369	5.71521	36.8	60
dDocent_Contig_10128	1	343	21	220	64.1399	6.77843	36.1	60
dDocent_Contig_10136	1	370	16	188	50.8108	5.32162	35	60
dDocent_Contig_10138	1	417	25	297	71.223	6.76259	35.8	60
dDocent_Contig_10140	1	381	4	149	39.1076	1.02362	34.7	60
dDocent_Contig_10141	1	372	3	212	56.9892	1.00269	36.9	60
dDocent_Contig_10142	1	402	11	291	72.3881	3.32338	36.4	52.1
dDocent_Contig_10144	1	334	1281	244	73.0539	530.207	34.1	25.9
dDocent_Contig_10146	1	355	5	140	39.4366	1.36338	34.7	30.4
dDocent_Contig_10151	1	318	121	202	63.522	19.5943	34.2	30.7
dDocent_Contig_10152	1	395	204	224	56.7089	62.1443	35.3	29.8
dDocent_Contig_10153	1	318	35	261	82.0755	11.1824	35.2	36.7
dDocent_Contig_10157	1	321	3	173	53.8941	0.834891	35.8	24
dDocent_Contig_10158	1	364	54	224	61.5385	14.1181	34.6	27.4
dDocent_Contig_10160	1	388	595	387	99.7423	172.899	36.2	47.8
dDocent_Contig_10163	1	371	88	349	94.0701	25.3423	36.3	55.5
dDocent_Contig_10164	1	297	11	154	51.8519	2.18182	34.5	38.2
dDocent_Contig_10166	1	360	1432	341	94.7222	527.836	35.9	29.4
dDocent_Contig_10167	1	360	614	277	76.9444	199.628	36	59.9
dDocent_Contig_10170	1	473	2	112	23.6786	0.473573	36.8	60
dDocent_Contig_10176	1	508	3	128	25.1969	0.401575	35.4	60
dDocent_Contig_10179	1	466	47	393	84.3348	11.2103	36.4	46.4
dDocent_Contig_10185	1	285	63	285	100	29.607	35.4	60
dDocent_Contig_10188	1	412	12	233	56.5534	3.45631	36	60
dDocent_Contig_10203	1	363	9	259	71.3499	3.55647	35.9	60
dDocent_Contig_10204	1	291	8	255	87.6289	3.34021	35.8	60
dDocent_Contig_10210	1	402	28	344	85.5721	7.801	35.4	60
dDocent_Contig_10213	1	278	2	102	36.6906	0.733813	36.8	60
dDocent_Contig_10216	1	331	10	303	91.5408	3.30514	36.7	60
dDocent_Contig_10217	1	496	225	492	99.1935	49.9778	35.8	50.2
dDocent_Contig_10218	1	294	3	181	61.5646	1.43537	34.9	60
dDocent_Contig_10225	1	322	7	151	46.8944	2.5559	36	60
dDocent_Contig_10230	1	296	14	180	60.8108	5.22297	36.7	60
dDocent_Contig_10241	1	408	32	293	71.8137	8.97549	35.2	60
dDocent_Contig_10244	1	384	18	215	55.9896	5.85417	35.4	60
dDocent_Contig_10250	1	307	4	154	50.1629	1.32248	36.2	60
dDocent_Contig_10255	1	324	32	217	66.9753	13.1512	35.3	60
dDocent_Contig_10269	1	361	9	172	47.6454	2.78116	35.4	60
dDocent_Contig_10270	1	404	31	185	45.7921	9.48515	36.1	60
dDocent_Contig_10271	1	417	16	175	41.9664	4.2446	36.8	60
dDocent_Contig_10287	1	329	2	208	63.2219	0.702128	36.9	60
dDocent_Contig_10293	1	273	37	235	86.0806	16.7546	35.5	60
dDocent_Contig_10408	1	465	13	356	76.5591	3.01075	36.4	60
dDocent_Contig_10410	1	375	4	141	37.6	1.504	36.8	60
dDocent_Contig_10413	1	400	6	104	26	1.45	36.8	60
dDocent_Contig_10418	1	365	59	286	78.3562	19.0493	34.9	57.6
dDocent_Contig_10424	1	462	250	393	85.0649	62.8377	36.3	49
dDocent_Contig_10426	1	383	28	243	63.4465	9.7624	35.9	60
dDocent_Contig_10427	1	265	5	110	41.5094	2.01132	34.2	60
dDocent_Contig_10431	1	329	7	201	61.0942	2.64438	36.4	60
dDocent_Contig_10433	1	398	2	192	48.2412	0.753769	36.5	60
dDocent_Contig_10440	1	355	28	271	76.338	9.2169	36.2	57.5
dDocent_Contig_10444	1	362	7	151	41.7127	2.03315	36.2	60
dDocent_Contig_10448	1	396	8	215	54.2929	2.59343	35.5	60
dDocent_Contig_10450	1	322	53	226	70.1863	22.705	35.8	60
dDocent_Contig_10452	1	358	13	240	67.0391	3.86034	36.2	60
dDocent_Contig_10454	1	475	11	227	47.7895	2.38737	34.8	60
dDocent_Contig_10464	1	367	8	296	80.654	2.47956	36.7	60
dDocent_Contig_10466	1	494	7	151	30.5668	1.96154	34.5	60
dDocent_Contig_10472	1	300	32	171	57	12.57	35.3	60
dDocent_Contig_10473	1	397	15	336	84.6348	4.20907	36.2	60
dDocent_Contig_10478	1	262	13	156	59.542	5.39313	35.8	60
dDocent_Contig_10494	1	332	4	136	40.9639	1.34337	35.9	60
dDocent_Contig_10496	1	380	11	148	38.9474	3.39474	36.1	60
dDocent_Contig_10498	1	415	4	219	52.7711	1.05542	36.8	60
dDocent_Contig_10511	1	358	12	183	51.1173	3.74581	35.4	60
dDocent_Contig_10513	1	384	28	298	77.6042	8.90104	35.7	60
dDocent_Contig_10516	1	322	34	321	99.6894	11.7919	35.7	57.9
dDocent_Contig_10517	1	305	11	259	84.918	3.52131	36.6	60
dDocent_Contig_10520	1	362	12	180	49.7238	3.16022	36.7	60
dDocent_Contig_10522	1	358	17	355	99.162	5.64246	36.8	60
dDocent_Contig_10523	1	238	9	171	71.8487	4.46218	36.7	60
dDocent_Contig_10530	1	513	58	409	79.7271	12.0546	36.1	56.2
dDocent_Contig_10535	1	424	3	167	39.3868	0.929245	36.9	60
dDocent_Contig_10537	1	424	11	204	48.1132	3.53538	35.9	60
dDocent_Contig_10545	1	367	4	81	22.0708	0.882834	36.5	60
dDocent_Contig_10556	1	377	69	346	91.7772	19.4854	36.4	36.5
dDocent_Contig_10557	1	401	16	179	44.6384	4.29676	34.8	60
dDocent_Contig_10558	1	381	133	379	99.4751	36.4961	35.7	58.2
dDocent_Contig_10561	1	339	3	277	81.7109	1.18289	36.8	60
dDocent_Contig_10562	1	359	477	356	99.1643	157.368	36.4	56.3
dDocent_Contig_10565	1	375	3	137	36.5333	1.096	36.1	60
dDocent_Contig_10571	1	334	35	217	64.9701	13.4072	36	60
dDocent_Contig_10579	1	306	10	186	60.7843	4.7451	34.9	60
dDocent_Contig_10584	1	396	15	205	51.7677	3.55303	35.9	60
dDocent_Contig_10590	1	409	20	287	70.1711	4.93888	36.2	60
dDocent_Contig_10593	1	322	5	127	39.441	1.88199	35.7	60
dDocent_Contig_10596	1	336	7	208	61.9048	2.27381	36.2	60
dDocent_Contig_10597	1	404	10	171	42.3267	2.78465	36.5	60
dDocent_Contig_10598	1	357	1	150	42.0168	0.420168	36.3	60
dDocent_Contig_10599	1	467	19	379	81.1563	4.86296	35.6	59.8
dDocent_Contig_10619	1	329	12	224	68.0851	4.20973	36.8	60
dDocent_Contig_10626	1	416	8	236	56.7308	2.16827	36.4	60
dDocent_Contig_10630	1	236	7	145	61.4407	3.33051	34.1	60
dDocent_Contig_10632	1	430	2	105	24.4186	0.488372	36.9	60
dDocent_Contig_10643	1	297	16	202	68.0135	7.13805	36	60
dDocent_Contig_10650	1	288	4	134	46.5278	1.51042	33.4	60
dDocent_Contig_10660	1	394	582	360	91.3706	167.074	36	58.3
dDocent_Contig_10668	1	365	18	229	62.7397	6.03562	36.1	60
dDocent_Contig_10675	1	281	12	242	86.121	5.53025	36.3	60
dDocent_Contig_10676	1	376	5	181	48.1383	1.96011	36.8	60
dDocent_Contig_10679	1	382	6	249	65.1832	1.63351	36.7	60
dDocent_Contig_10680	1	319	29	245	76.8025	12.4169	35.7	60
dDocent_Contig_10682	1	362	14	200	55.2486	5.07182	35.8	60
dDocent_Contig_10686	1	335	24	157	46.8657	8.97015	35.6	60
dDocent_Contig_10688	1	309	14	225	72.8155	5.46278	36.6	60
dDocent_Contig_10691	1	364	38	279	76.6484	13.4725	35.6	60
dDocent_Contig_10693	1	356	24	173	48.5955	8.94101	35.4	60
dDocent_Contig_10694	1	309	16	215	69.5793	6.15534	36.3	60
dDocent_Contig_10698	1	379	5	217	57.2559	1.82058	35.7	60
dDocent_Contig_10699	1	393	7	338	86.0051	2.26972	36.7	60
dDocent_Contig_10700	1	362	10	280	77.3481	3.07182	36	60
dDocent_Contig_10701	1	345	13	239	69.2754	5.03768	35.1	60
dDocent_Contig_10704	1	306	7	227	74.183	2.79412	36.9	60
dDocent_Contig_10706	1	257	25	229	89.1051	12.7043	36.1	60
dDocent_Contig_10709	1	320	4	188	58.75	1.32812	36.8	60
dDocent_Contig_10714	1	422	1	87	20.6161	0.206161	36.9	60
dDocent_Contig_10720	1	384	12	220	57.2917	3.85938	36	60
dDocent_Contig_10726	1	368	28	263	71.4674	8.59783	36.5	41.6
dDocent_Contig_10729	1	340	16	203	59.7059	5.21471	35.8	60
dDocent_Contig_10737	1	444	22	247	55.6306	4.7455	34	60
dDocent_Contig_10739	1	355	8	207	58.3099	2.24225	35.5	60
dDocent_Contig_10745	1	395	26	296	74.9367	7.81519	36.2	60
dDocent_Contig_10747	1	377	6	172	45.6233	1.77719	35.1	60
dDocent_Contig_10748	1	414	215	324	78.2609	57.7198	36.5	59
dDocent_Contig_10749	1	404	24	334	82.6733	6.25248	36.5	60
dDocent_Contig_10750	1	368	23	327	88.8587	8.09783	36	60
dDocent_Contig_10755	1	370	7	174	47.027	2.39189	36	60
dDocent_Contig_10756	1	375	73	142	37.8667	15.8453	35.6	37.7
dDocent_Contig_10757	1	322	68	310	96.2733	21.0621	35.9	45
dDocent_Contig_10760	1	308	28	237	76.9481	9.32792	36.2	51
dDocent_Contig_10764	1	374	14	220	58.8235	4.17112	36.5	60
dDocent_Contig_10767	1	387	317	386	99.7416	92.8036	36.2	46.7
dDocent_Contig_10773	1	366	12	171	46.7213	4.20765	36.2	60
dDocent_Contig_10774	1	430	9	138	32.093	2.55349	35.4	60
dDocent_Contig_10781	1	368	12	258	70.1087	3.87772	36	60
dDocent_Contig_10783	1	357	2	113	31.6527	0.633053	36.9	60
dDocent_Contig_10787	1	421	13	171	40.6176	4.038	36.1	60
dDocent_Contig_10789	1	250	63	202	80.8	30.256	34.9	59.9
dDocent_Contig_10790	1	459	12	199	43.3551	3.38344	35.7	60
dDocent_Contig_10795	1	447	7	171	38.255	1.19463	36.9	60
dDocent_Contig_10796	1	367	24	195	53.1335	8.17984	35.4	60
dDocent_Contig_10800	1	385	8	217	56.3636	2.62078	36.6	60
dDocent_Contig_10813	1	431	8	322	74.71	2.22042	35.8	60
dDocent_Contig_10815	1	383	21	325	84.8564	6.05222	36	60
dDocent_Contig_10817	1	414	1	87	21.0145	0.210145	37	60
dDocent_Contig_10819	1	396	18	174	43.9394	5.55303	36.1	60
dDocent_Contig_10820	1	279	13	200	71.6846	6.37276	35.3	60
dDocent_Contig_10821	1	389	5	138	35.4756	1.77378	36.8	60
dDocent_Contig_10823	1	330	11	195	59.0909	3.80606	36.4	60
dDocent_Contig_10824	1	323	14	277	85.7585	5.06192	35.7	60
dDocent_Contig_10827	1	357	11	248	69.4678	2.98599	36.8	54.3
dDocent_Contig_10848	1	381	4	237	62.2047	1.13911	36.6	60
dDocent_Contig_10849	1	403	7	168	41.6873	2.21588	36.6	60
dDocent_Contig_10851	1	382	17	200	52.356	5.64136	34.7	60
dDocent_Contig_10862	1	431	3	167	38.7471	0.856148	36.5	60
dDocent_Contig_10863	1	402	973	370	92.0398	258.542	36.2	44
dDocent_Contig_10864	1	379	41	286	75.4617	14.2665	35	60
dDocent_Contig_10875	1	439	6	211	48.0638	1.51708	36.9	60
dDocent_Contig_10876	1	367	5	192	52.3161	1.61035	35.7	60
dDocent_Contig_10880	1	376	14	188	50	4.60638	34.8	60
dDocent_Contig_10886	1	300	18	292	97.3333	7.58333	35.7	60
dDocent_Contig_10893	1	372	2	89	23.9247	0.478495	36.6	60
dDocent_Contig_10894	1	227	5	206	90.7489	2.23348	36.7	60
dDocent_Contig_10906	1	348	17	315	90.5172	5.61782	35.6	60
dDocent_Contig_10915	1	371	10	267	71.9677	2.97035	36.5	60
dDocent_Contig_10920	1	372	7	195	52.4194	2.13172	36.8	60
dDocent_Contig_10922	1	432	1	124	28.7037	0.287037	33.4	60
dDocent_Contig_10926	1	386	12	161	41.7098	3.67358	36.2	60
dDocent_Contig_10931	1	406	8	156	38.4236	2.20936	35.5	60
dDocent_Contig_10932	1	254	18	239	94.0945	9.02362	35.1	60
dDocent_Contig_10935	1	268	4	152	56.7164	2.23881	35.1	60
dDocent_Contig_10940	1	339	4	214	63.1268	1.74926	36.8	60
dDocent_Contig_10941	1	404	21	273	67.5743	7.43069	35.3	60
dDocent_Contig_10958	1	371	30	207	55.7951	9.43935	35.2	60
dDocent_Contig_10962	1	303	31	298	98.3498	13.6205	35.2	60
dDocent_Contig_10967	1	363	14	215	59.2287	4.50964	36.5	54.4
dDocent_Contig_10970	1	430	4	140	32.5581	1.06279	35	60
dDocent_Contig_10973	1	259	1	114	44.0154	0.440154	36.5	60
dDocent_Contig_10975	1	434	22	196	45.1613	6.32258	36.5	60
dDocent_Contig_10977	1	330	50	239	72.4242	19.5242	35.2	60
dDocent_Contig_10978	1	375	3	129	34.4	1.032	36.2	60
dDocent_Contig_10980	1	403	13	146	36.2283	3.48883	36.4	60
dDocent_Contig_10984	1	298	4	154	51.6779	1.63423	36.7	60
dDocent_Contig_10993	1	378	20	268	70.8995	6.6746	35.8	60
dDocent_Contig_11002	1	311	7	115	36.9775	2.4791	36.2	60
dDocent_Contig_11003	1	305	6	165	54.0984	2.28852	36.8	60
dDocent_Contig_11004	1	435	12	252	57.931	3.16782	35.2	60
dDocent_Contig_11010	1	402	42	354	88.0597	10.5348	36.3	40.6
dDocent_Contig_11025	1	353	9	185	52.4079	3.23513	35.6	60
dDocent_Contig_11026	1	433	9	214	49.4226	2.49654	34.9	60
dDocent_Contig_11030	1	396	14	190	47.9798	4.32323	34.8	60
dDocent_Contig_11031	1	332	6	139	41.8675	1.86446	35.4	60
dDocent_Contig_11032	1	272	13	164	60.2941	5.39338	34.9	60
dDocent_Contig_11042	1	349	17	218	62.4642	6.39542	36	60
dDocent_Contig_11052	1	369	6	173	46.8835	1.4607	36.5	60
dDocent_Contig_11053	1	348	13	155	44.5402	4.20977	35.8	60
dDocent_Contig_11056	1	404	19	293	72.5248	5.96287	34.8	60
dDocent_Contig_11060	1	315	42	213	67.619	16.5175	35.1	60
dDocent_Contig_11061	1	336	5	111	33.0357	1.55357	36.8	60
dDocent_Contig_11066	1	371	3	261	70.3504	1.10782	36.9	60
dDocent_Contig_11067	1	310	7	284	91.6129	2.87097	35.5	60
dDocent_Contig_11068	1	361	10	251	69.5291	2.85873	36.9	60
dDocent_Contig_11069	1	320	14	251	78.4375	6.19062	35.4	60
dDocent_Contig_11076	1	356	6	197	55.3371	2.49719	35.4	60
dDocent_Contig_11085	1	412	6	231	56.068	1.37864	36.8	60
dDocent_Contig_11086	1	388	6	176	45.3608	1.70103	33	60
dDocent_Contig_11087	1	432	18	185	42.8241	5.09722	34.8	60
dDocent_Contig_11088	1	400	1	145	36.25	0.3625	36.9	60
dDocent_Contig_11090	1	463	5	182	39.3089	1.37797	36.7	60
dDocent_Contig_11093	1	463	42	320	69.1145	10.6307	35.1	59.5
dDocent_Contig_11094	1	356	6	197	55.3371	2.24438	35.2	60
dDocent_Contig_11096	1	363	2	94	25.8953	0.517906	37	60
dDocent_Contig_11097	1	377	5	162	42.9708	1.48011	36.8	60
dDocent_Contig_11100	1	397	32	212	53.4005	10.1134	35.6	60
dDocent_Contig_11106	1	289	12	163	56.4014	3.6955	36.5	60
dDocent_Contig_11109	1	386	9	236	61.1399	2.86528	36.1	54.9
dDocent_Contig_11119	1	391	13	210	53.7084	3.17647	36.4	60
dDocent_Contig_11126	1	294	21	235	79.932	7.91497	36.1	60
dDocent_Contig_11131	1	385	17	352	91.4286	5.10649	35.5	53.9
dDocent_Contig_11133	1	362	12	305	84.2541	4.6547	35.5	60
dDocent_Contig_11137	1	301	22	127	42.1927	6.55482	35.7	44.6
dDocent_Contig_11139	1	398	13	156	39.196	3.01508	35.9	60
dDocent_Contig_11140	1	329	7	97	29.4833	2.05775	36.8	60
dDocent_Contig_11141	1	284	21	170	59.8592	8.3169	36.4	60
dDocent_Contig_11155	1	470	2	130	27.6596	0.548936	33.7	60
dDocent_Contig_11170	1	414	3	136	32.8502	0.714976	36.9	60
dDocent_Contig_11171	1	314	9	96	30.5732	2.48408	36.4	60
dDocent_Contig_11175	1	397	14	253	63.728	3.80605	36.8	60
dDocent_Contig_11176	1	388	14	167	43.0412	4.57474	35.7	60
dDocent_Contig_11182	1	360	2	108	30	0.6	36.9	60
dDocent_Contig_11184	1	368	4	167	45.3804	1.29891	36.6	59.2
dDocent_Contig_11194	1	428	4	199	46.4953	1.17991	35.8	60
dDocent_Contig_11205	1	337	22	196	58.1602	7.47181	35.7	60
dDocent_Contig_11208	1	395	12	241	61.0127	3.31139	36.7	60
dDocent_Contig_11222	1	404	41	360	89.1089	13.4728	35.5	60
dDocent_Contig_11223	1	354	10	222	62.7119	3.03672	35.8	60
dDocent_Contig_11229	1	380	23	178	46.8421	8.42105	35.8	60
dDocent_Contig_11232	1	394	7	188	47.7157	2.25381	36.6	60
dDocent_Contig_11235	1	489	12	266	54.3967	2.61759	36	60
dDocent_Contig_11236	1	398	7	122	30.6533	1.97487	33.9	60
dDocent_Contig_11244	1	435	8	229	52.6437	2.02299	36.9	60
dDocent_Contig_11245	1	362	22	165	45.5801	6.89503	35.6	60
dDocent_Contig_11258	1	290	13	174	60	5.36207	36.6	60
dDocent_Contig_11259	1	381	13	299	78.4777	4.16798	36.5	60
dDocent_Contig_11268	1	310	11	223	71.9355	5.00645	35.3	60
dDocent_Contig_11272	1	384	70	253	65.8854	18.4635	36.2	53.5
dDocent_Contig_11277	1	358	4	150	41.8994	1.56145	36.2	60
dDocent_Contig_11278	1	383	9	198	51.6971	2.94778	34.5	60
dDocent_Contig_11299	1	375	13	135	36	4.30133	35.6	60
dDocent_Contig_11302	1	432	2	90	20.8333	0.416667	37	60
dDocent_Contig_11303	1	388	20	201	51.8041	7.44845	36.1	60
dDocent_Contig_11305	1	332	17	187	56.3253	6.10843	35.6	60
dDocent_Contig_11307	1	384	22	198	51.5625	6.79948	34.9	60
dDocent_Contig_11310	1	311	1	121	38.9068	0.389068	36.9	60
dDocent_Contig_11313	1	323	9	214	66.2539	3.51703	36.9	60
dDocent_Contig_11317	1	399	22	153	38.3459	6.16541	35.3	60
dDocent_Contig_11319	1	291	8	128	43.9863	3.03093	35.9	60
dDocent_Contig_11321	1	279	7	180	64.5161	2.57706	35.7	27.4
dDocent_Contig_11332	1	360	10	204	56.6667	3.58333	36.9	60
dDocent_Contig_11335	1	462	6	245	53.0303	1.61472	35.7	60
dDocent_Contig_11337	1	347	21	302	87.0317	7.27378	36.4	60
dDocent_Contig_11340	1	358	22	207	57.8212	7.30447	35.7	60
dDocent_Contig_11341	1	279	18	266	95.3405	7.5914	35.8	60
dDocent_Contig_11344	1	361	12	233	64.5429	3.57895	35.6	60
dDocent_Contig_11345	1	277	2	182	65.704	1.07942	35.5	60
dDocent_Contig_11346	1	311	5	171	54.9839	2.17042	33.9	60
dDocent_Contig_11348	1	357	9	246	68.9076	3.35014	36.4	60
dDocent_Contig_11351	1	321	26	307	95.6386	10.2679	36	55.8
dDocent_Contig_11353	1	343	18	242	70.5539	6.28571	35.9	60
dDocent_Contig_11360	1	364	3	150	41.2088	0.785714	36.8	60
dDocent_Contig_11368	1	267	26	259	97.0037	12.1948	36	60
dDocent_Contig_11370	1	381	24	215	56.4304	8.30971	36.1	60
dDocent_Contig_11371	1	339	8	191	56.3422	3.53982	34.2	60
dDocent_Contig_11375	1	404	7	225	55.6931	2.54703	34.8	60
dDocent_Contig_11377	1	424	3	195	45.9906	1.06132	36.7	60
dDocent_Contig_11378	1	408	7	139	34.0686	1.99755	34.2	60
dDocent_Contig_11379	1	350	4	106	30.2857	1.21143	36.9	60
dDocent_Contig_11382	1	397	8	189	47.6071	2.29723	36.6	60
dDocent_Contig_11386	1	450	16	189	42	4.27111	35.3	58.4
dDocent_Contig_11388	1	483	23	371	76.8116	5.21946	35.1	52
dDocent_Contig_11389	1	311	10	100	32.1543	3.15113	35.4	60
dDocent_Contig_11395	1	389	9	210	53.9846	2.85861	35.7	60
dDocent_Contig_11407	1	308	16	215	69.8052	6.41558	35.2	60
dDocent_Contig_11416	1	325	14	227	69.8462	4.92615	35.2	60
dDocent_Contig_11424	1	273	17	179	65.5678	6.77289	36.4	60
dDocent_Contig_11427	1	301	19	291	96.6777	5.94684	36.8	51.7
dDocent_Contig_11430	1	463	16	380	82.0734	3.82073	35.8	60
dDocent_Contig_11438	1	240	6	75	31.25	1.63333	36.9	60
dDocent_Contig_11440	1	232	10	208	89.6552	5.36207	36.9	60
dDocent_Contig_11441	1	367	39	172	46.8665	13.2071	35.7	60
dDocent_Contig_11442	1	383	14	343	89.5561	3.37598	36.6	46.8
dDocent_Contig_11445	1	463	7	150	32.3974	1.92441	36.4	60
dDocent_Contig_11447	1	379	10	218	57.5198	2.44063	36.5	60
dDocent_Contig_11450	1	395	10	147	37.2152	2.8	36.4	60
dDocent_Contig_11452	1	387	19	187	48.3204	5.17054	35.8	60
dDocent_Contig_11456	1	404	12	193	47.7723	3.46535	36	60
dDocent_Contig_11460	1	416	38	231	55.5288	12.0168	36	60
dDocent_Contig_11463	1	313	16	214	68.3706	4.39617	36.4	60
dDocent_Contig_11474	1	386	23	229	59.3264	6.60622	36.2	60
dDocent_Contig_11480	1	412	9	261	63.3495	2.75485	36.7	60
dDocent_Contig_11481	1	306	13	164	53.5948	5.47059	35.9	60
dDocent_Contig_11482	1	357	2	77	21.5686	0.431373	36.8	60
dDocent_Contig_11483	1	375	227	343	91.4667	67.1947	36.2	35.6
dDocent_Contig_11485	1	397	883	336	84.6348	255.592	36.2	46
dDocent_Contig_11487	1	356	28	316	88.764	8.63483	36.5	34.4
dDocent_Contig_11491	1	318	13	145	45.5975	5.14151	36.6	60
dDocent_Contig_11492	1	386	11	207	53.6269	3.43264	35.1	60
dDocent_Contig_11493	1	340	40	185	54.4118	13.0971	35.2	60
dDocent_Contig_11495	1	387	8	172	44.4444	2.04134	36.5	60
dDocent_Contig_11498	1	410	20	248	60.4878	6.84878	36.1	60
dDocent_Contig_11500	1	447	32	300	67.1141	7.67338	34.7	60
dDocent_Contig_11501	1	370	10	207	55.9459	2.94595	36.9	59.6
dDocent_Contig_11502	1	343	18	235	68.5131	4.50437	35.7	60
dDocent_Contig_11504	1	370	2	132	35.6757	0.713514	36.4	60
dDocent_Contig_11511	1	373	3	195	52.2788	1.12869	33.5	60
dDocent_Contig_11513	1	359	17	175	48.7465	5.61838	35.7	60
dDocent_Contig_11514	1	429	21	284	66.2005	5.31702	36.3	60
dDocent_Contig_11515	1	409	6	290	70.9046	1.5868	35.7	60
dDocent_Contig_11516	1	348	11	240	68.9655	3.86207	36.4	60
dDocent_Contig_11561	1	318	2	67	21.0692	0.421384	37	60
dDocent_Contig_11574	1	371	27	221	59.5687	7.50135	35.5	60
dDocent_Contig_11577	1	365	54	247	67.6712	20.3918	35.3	60
dDocent_Contig_11612	1	383	94	338	88.2507	24.0601	36.1	32.1
dDocent_Contig_11615	1	407	10	172	42.2604	2.11794	36.8	60
dDocent_Contig_11623	1	358	13	195	54.4693	4.74022	36	60
dDocent_Contig_11626	1	283	27	223	78.7986	13.2297	36.2	60
dDocent_Contig_11628	1	268	57	230	85.8209	28.3993	35	59.9
dDocent_Contig_11629	1	442	28	266	60.181	8.06109	34.4	60
dDocent_Contig_11637	1	358	7	111	31.0056	1.98883	34.5	60
dDocent_Contig_11663	1	347	9	190	54.755	3.29971	35.4	60
dDocent_Contig_11667	1	431	2	67	15.5452	0.310905	36.9	60
dDocent_Contig_11669	1	296	17	181	61.1486	5.77365	36.1	60
dDocent_Contig_11676	1	352	31	292	82.9545	10.8438	35	60
dDocent_Contig_11686	1	378	12	171	45.2381	4.3836	36	60
dDocent_Contig_11694	1	278	31	181	65.1079	13.946	34.8	60
dDocent_Contig_11718	1	390	33	285	73.0769	11.0179	35.2	60
dDocent_Contig_11735	1	341	14	190	55.7185	5.43695	36.8	60
dDocent_Contig_11736	1	360	7	150	41.6667	1.93056	36.6	60
dDocent_Contig_11748	1	331	3	78	23.565	0.706949	35.8	21
dDocent_Contig_11752	1	366	14	231	63.1148	4.50273	36.5	60
dDocent_Contig_11754	1	408	16	345	84.5588	5.06127	35.2	60
dDocent_Contig_11762	1	391	15	239	61.1253	4.38875	35.8	60
dDocent_Contig_11764	1	250	9	185	74	3.66	36.9	60
dDocent_Contig_11765	1	366	15	301	82.2404	5.65574	35.2	60
dDocent_Contig_11767	1	325	8	278	85.5385	2.47385	36.3	60
dDocent_Contig_11780	1	249	31	244	97.992	16.0884	35	60
dDocent_Contig_11782	1	417	10	323	77.458	3.14388	36	60
dDocent_Contig_11791	1	369	22	301	81.5718	7.20867	35.8	60
dDocent_Contig_11816	1	397	2	85	21.4106	0.428212	36.9	60
dDocent_Contig_11819	1	390	47	232	59.4872	14.2077	35.3	60
dDocent_Contig_11821	1	379	8	156	41.1609	3.01319	34.6	60
dDocent_Contig_11823	1	412	2	162	39.3204	0.723301	36.6	60
dDocent_Contig_11830	1	358	11	259	72.3464	3.67877	36	60
dDocent_Contig_11831	1	352	36	237	67.3295	12.6051	35.1	60
dDocent_Contig_11835	1	306	16	252	82.3529	6.48366	35.2	60
dDocent_Contig_11848	1	421	14	278	66.0333	4.51069	35.6	60
dDocent_Contig_11849	1	385	2	98	25.4545	0.509091	36.9	60
dDocent_Contig_11851	1	409	6	155	37.8973	1.72127	36.9	60
dDocent_Contig_11852	1	393	31	327	83.2061	8.91858	36.3	48.5
dDocent_Contig_11853	1	392	2	102	26.0204	0.520408	37	60
dDocent_Contig_11854	1	285	3	137	48.0702	1.00351	36.7	55.7
dDocent_Contig_11856	1	248	4	127	51.2097	1.74194	36.9	53.5
dDocent_Contig_11866	1	267	4	153	57.3034	1.74532	35.6	60
dDocent_Contig_11867	1	298	13	225	75.5034	6.20134	36.6	60
dDocent_Contig_11868	1	343	2	148	43.1487	0.862974	36.3	60
dDocent_Contig_11870	1	411	4	121	29.4404	1.17762	36.7	60
dDocent_Contig_11877	1	423	6	106	25.0591	1.38061	36.7	60
dDocent_Contig_11880	1	343	10	200	58.309	3.50729	35.3	60
dDocent_Contig_11885	1	457	16	214	46.8271	4.25602	35.8	60
dDocent_Contig_11889	1	398	6	141	35.4271	2.12563	35.4	60
dDocent_Contig_11896	1	450	23	283	62.8889	5.7	36.2	60
dDocent_Contig_11898	1	341	21	167	48.9736	6.98827	35.5	60
dDocent_Contig_11900	1	249	9	189	75.9036	3.84337	36.9	60
dDocent_Contig_11907	1	350	9	216	61.7143	3.22	34.7	60
dDocent_Contig_11910	1	339	12	230	67.8466	4.84366	33.9	60
dDocent_Contig_11913	1	388	8	195	50.2577	2.37887	35.9	60
dDocent_Contig_11921	1	356	10	147	41.2921	3.00843	35.6	60
dDocent_Contig_11923	1	408	17	345	84.5588	4.14461	36.2	34.3
dDocent_Contig_11924	1	373	9	174	46.6488	2.96783	36.4	49.9
dDocent_Contig_11926	1	396	66	375	94.697	18.3359	36.1	53.6
dDocent_Contig_11927	1	409	210	407	99.511	58.1467	36.1	53.8
dDocent_Contig_11928	1	225	2	111	49.3333	0.986667	35.4	60
dDocent_Contig_11943	1	379	9	218	57.5198	2.83377	36.6	60
dDocent_Contig_11952	1	387	83	378	97.6744	27.4625	36	38.4
dDocent_Contig_11954	1	411	10	174	42.3358	2.79075	35.5	60
dDocent_Contig_11957	1	379	12	131	34.5646	3.38522	35.7	60
dDocent_Contig_11964	1	340	5	148	43.5294	2.17647	36.7	60
dDocent_Contig_11977	1	365	20	292	80	6.66301	36.3	60
dDocent_Contig_11979	1	370	32	319	86.2162	11.7541	35.5	60
dDocent_Contig_11986	1	315	22	209	66.3492	8.50159	36.1	60
dDocent_Contig_11987	1	370	8	214	57.8378	2.32162	34.6	60
dDocent_Contig_11992	1	408	37	270	66.1765	12.2328	35.3	60
dDocent_Contig_11993	1	314	11	268	85.3503	4.26115	35.5	60
dDocent_Contig_11995	1	359	4	131	36.4903	1.14206	36.9	60
dDocent_Contig_11997	1	353	9	149	42.2096	2.98584	35.1	60
dDocent_Contig_11998	1	367	11	225	61.3079	3.91008	36.4	60
dDocent_Contig_12001	1	394	5	92	23.3503	0.908629	36.7	60
dDocent_Contig_12002	1	368	8	129	35.0543	2.1413	36.5	60
dDocent_Contig_12003	1	392	31	271	69.1327	9.46429	36.6	60
dDocent_Contig_12004	1	349	11	176	50.4298	3.38109	36.3	60
dDocent_Contig_12005	1	332	14	284	85.5422	4.86747	36.1	60
dDocent_Contig_12007	1	388	19	348	89.6907	6.68557	36.1	60
dDocent_Contig_12008	1	393	11	162	41.2214	3.25445	35.8	60
dDocent_Contig_12012	1	437	7	171	39.1304	1.45995	36.6	60
dDocent_Contig_12014	1	352	17	201	57.1023	5.60227	36.7	60
dDocent_Contig_12018	1	439	13	224	51.0251	2.81093	36	60
dDocent_Contig_12024	1	338	25	180	53.2544	7.97929	36.4	60
dDocent_Contig_12027	1	323	8	165	51.0836	3.33127	35.1	60
dDocent_Contig_12038	1	334	1	122	36.5269	0.365269	36.9	60
dDocent_Contig_12051	1	398	5	148	37.1859	1.8593	34	60
dDocent_Contig_12053	1	304	21	200	65.7895	8.63487	35.7	60
dDocent_Contig_12065	1	305	15	201	65.9016	5.34426	36	60
dDocent_Contig_12068	1	244	6	193	79.0984	3.09426	36.4	60
dDocent_Contig_12075	1	336	21	209	62.2024	6.80357	36.4	60
dDocent_Contig_12082	1	450	4	85	18.8889	0.755556	36.7	60
dDocent_Contig_12083	1	400	4	243	60.75	1.215	35.1	60
dDocent_Contig_12091	1	379	16	202	53.2982	4.39578	36.4	60
dDocent_Contig_12093	1	360	14	239	66.3889	4.61944	36.3	60
dDocent_Contig_12099	1	407	15	390	95.8231	4.48894	36.5	60
dDocent_Contig_12105	1	229	782	225	98.2533	417.83	36.2	56.2
dDocent_Contig_12106	1	382	8	163	42.6702	2.7644	36.4	60
dDocent_Contig_12110	1	410	2	147	35.8537	0.717073	36	60
dDocent_Contig_12113	1	397	8	317	79.8489	2.64987	36.6	60
dDocent_Contig_12116	1	386	4	134	34.715	0.875648	35.3	60
dDocent_Contig_12118	1	242	13	237	97.9339	6.47107	36.2	60
dDocent_Contig_12122	1	340	5	128	37.6471	1.84706	36.6	60
dDocent_Contig_12135	1	325	18	171	52.6154	7.18462	35.8	60
dDocent_Contig_12136	1	402	19	153	38.0597	6.47015	35.8	60
dDocent_Contig_12150	1	479	10	154	32.1503	2.3382	36.1	60
dDocent_Contig_12161	1	312	24	307	98.3974	7.54167	36.6	41.6
dDocent_Contig_12162	1	284	32	262	92.2535	11.4155	36.2	53.4
dDocent_Contig_12163	1	402	28	400	99.5025	9.49254	35.8	57.9
dDocent_Contig_12165	1	395	11	249	63.038	2.79241	36.4	60
dDocent_Contig_12169	1	410	13	138	33.6585	3.23659	35	60
dDocent_Contig_12171	1	377	21	309	81.9629	7.33156	35.3	60
dDocent_Contig_12173	1	393	12	299	76.0814	2.83969	36.5	60
dDocent_Contig_12176	1	412	11	243	58.9806	2.57767	36.7	60
dDocent_Contig_12181	1	381	45	202	53.0184	13.8766	35.1	60
dDocent_Contig_12191	1	231	23	200	86.5801	14.0779	35.5	60
dDocent_Contig_12206	1	374	17	137	36.631	4.37433	36.6	60
dDocent_Contig_12209	1	356	9	196	55.0562	3.70506	36.4	60
dDocent_Contig_12230	1	384	6	223	58.0729	1.80208	36.8	60
dDocent_Contig_12235	1	374	6	145	38.7701	2.32353	34.5	60
dDocent_Contig_12237	1	395	21	181	45.8228	6.28354	35.1	60
dDocent_Contig_12238	1	392	12	199	50.7653	4.37245	36.1	60
dDocent_Contig_12242	1	462	306	443	95.8874	75.5736	35.9	52.7
dDocent_Contig_12247	1	406	4	195	48.0296	1.32759	35.2	60
dDocent_Contig_12259	1	353	25	195	55.2408	6.65722	35.8	55.7
dDocent_Contig_12285	1	270	22	162	60	10.4333	35	60
dDocent_Contig_12286	1	433	5	150	34.642	1.72979	35.1	60
dDocent_Contig_12309	1	360	14	209	58.0556	5.31944	36.6	60
dDocent_Contig_12314	1	376	21	332	88.2979	7.14894	35.1	60
dDocent_Contig_12320	1	357	5	187	52.381	1.47339	36.7	60
dDocent_Contig_12324	1	323	18	156	48.2972	7.81734	36	60
dDocent_Contig_12328	1	281	12	202	71.8861	4.45907	35.4	60
dDocent_Contig_12334	1	432	2	139	32.1759	0.643519	36.1	60
dDocent_Contig_12338	1	410	23	314	76.5854	5.83659	36.5	60
dDocent_Contig_12340	1	377	6	156	41.3793	2.02918	36.8	60
dDocent_Contig_12345	1	313	7	139	44.4089	2.72843	35	60
dDocent_Contig_12351	1	286	32	217	75.8741	12.6748	35.3	60
dDocent_Contig_12357	1	362	7	222	61.326	2.73204	36.7	60
dDocent_Contig_12361	1	378	14	177	46.8254	3.80952	34	60
dDocent_Contig_12364	1	325	16	278	85.5385	5.91692	35.4	60
dDocent_Contig_12365	1	378	8	145	38.3598	2.4709	35.9	60
dDocent_Contig_12371	1	305	10	177	58.0328	3.86885	36.7	60
dDocent_Contig_12378	1	284	10	141	49.6479	2.80986	35.6	60
dDocent_Contig_12379	1	440	6	269	61.1364	1.67273	36.9	60
dDocent_Contig_12383	1	339	11	209	61.6519	4.52212	35	60
dDocent_Contig_12386	1	351	8	254	72.3647	2.60114	36.6	60
dDocent_Contig_12392	1	396	27	327	82.5758	7.89394	35.5	60
dDocent_Contig_12404	1	354	26	228	64.4068	9.14124	34.4	60
dDocent_Contig_12406	1	312	16	295	94.5513	6.53526	34.9	59.2
dDocent_Contig_12418	1	426	13	199	46.7136	2.81455	36.7	60
dDocent_Contig_12419	1	404	7	242	59.901	2.17327	35.2	60
dDocent_Contig_12420	1	285	2	124	43.5088	0.870175	36.7	60
dDocent_Contig_12423	1	248	19	227	91.5323	10.1371	35.3	60
dDocent_Contig_12428	1	392	3	187	47.7041	1.14796	36.6	60
dDocent_Contig_12434	1	427	40	325	76.1124	11.897	35.8	60
dDocent_Contig_12435	1	324	11	229	70.679	4.58025	36.2	60
dDocent_Contig_12438	1	453	24	292	64.4592	6.78587	36.3	60
dDocent_Contig_12440	1	328	3	132	40.2439	1.07317	36.8	60
dDocent_Contig_12448	1	374	3	122	32.6203	0.737968	37	60
dDocent_Contig_12450	1	413	3	142	34.3826	0.755448	36.8	60
dDocent_Contig_12453	1	378	2	129	34.127	0.68254	36	60
dDocent_Contig_12454	1	432	7	188	43.5185	1.73611	35	60
dDocent_Contig_12455	1	395	21	286	72.4051	6.43544	36	60
dDocent_Contig_12457	1	289	20	199	68.8581	7.6955	36.4	60
dDocent_Contig_12458	1	246	4	148	60.1626	2.22764	36.2	60
dDocent_Contig_12460	1	286	5	85	29.7203	1.48601	36.2	60
dDocent_Contig_12461	1	412	5	188	45.6311	1.14806	36.2	53.2
dDocent_Contig_12463	1	364	12	165	45.3297	3.9533	36.2	60
dDocent_Contig_12464	1	362	2	102	28.1768	0.563536	36.6	60
dDocent_Contig_12465	1	387	17	218	56.3307	5.65633	36.3	60
dDocent_Contig_12470	1	376	19	233	61.9681	6.98936	35.9	59.3
dDocent_Contig_12481	1	410	38	235	57.3171	12.5805	34.7	60
dDocent_Contig_12482	1	377	3	211	55.9682	0.867374	36.9	60
dDocent_Contig_12486	1	418	2	52	12.4402	0.248804	37	60
dDocent_Contig_12495	1	315	13	154	48.8889	4.97778	34.3	60
dDocent_Contig_12496	1	406	13	194	47.7833	3.95074	35.1	60
dDocent_Contig_12501	1	398	7	244	61.3065	2.4196	35.9	60
dDocent_Contig_12503	1	481	2	109	22.6611	0.453222	36.7	60
dDocent_Contig_12506	1	307	6	271	88.2736	2.51466	36.5	60
dDocent_Contig_12511	1	444	8	154	34.6847	1.60811	36	60
dDocent_Contig_12515	1	366	15	346	94.5355	4.93443	36	56.9
dDocent_Contig_12516	1	395	6	243	61.519	1.4962	34	60
dDocent_Contig_12525	1	355	4	159	44.7887	1.11549	36.8	60
dDocent_Contig_12526	1	406	14	189	46.5517	3.8867	36.1	60
dDocent_Contig_12532	1	388	437	351	90.4639	123.085	36.2	54.8
dDocent_Contig_12533	1	386	2	123	31.8653	0.637306	36.8	60
dDocent_Contig_12538	1	370	20	204	55.1351	7.16216	35.4	60
dDocent_Contig_12545	1	356	41	219	61.5169	14.1545	35.4	60
dDocent_Contig_12574	1	473	13	289	61.0994	3.33192	36.4	59.1
dDocent_Contig_12597	1	365	16	165	45.2055	5.27123	35.5	60
dDocent_Contig_12608	1	326	15	212	65.0307	6.0184	36	60
dDocent_Contig_12612	1	454	10	276	60.793	2.45595	36.2	50.8
dDocent_Contig_12630	1	379	19	179	47.2296	7.40633	35.4	60
dDocent_Contig_12634	1	367	6	183	49.8638	2.2861	36.8	60
dDocent_Contig_12640	1	361	6	121	33.518	1.75346	36.7	60
dDocent_Contig_12645	1	392	8	217	55.3571	2.29592	36.9	60
dDocent_Contig_12655	1	342	31	265	77.4854	12.038	35.4	60
dDocent_Contig_12657	1	278	2	98	35.2518	0.586331	36.9	60
dDocent_Contig_12658	1	299	8	153	51.1706	3.30435	36.6	60
dDocent_Contig_12662	1	449	8	149	33.1849	1.97996	35.5	60
dDocent_Contig_12673	1	299	7	212	70.903	2.56187	36.7	60
dDocent_Contig_12682	1	472	12	181	38.3475	2.79025	36.5	60
dDocent_Contig_12687	1	392	2	91	23.2143	0.464286	36.9	60
dDocent_Contig_12690	1	372	6	148	39.7849	1.77151	34.6	60
dDocent_Contig_12692	1	418	11	242	57.8947	3.28469	36.2	60
dDocent_Contig_12693	1	324	17	181	55.8642	5.90123	35.4	60
dDocent_Contig_12697	1	342	8	246	71.9298	2.62573	36.6	60
dDocent_Contig_12708	1	405	29	274	67.6543	8.66914	34.7	60
dDocent_Contig_12711	1	286	6	177	61.8881	2.6014	35.1	60
dDocent_Contig_12719	1	459	55	284	61.8736	15.6972	34.8	59.9
dDocent_Contig_12725	1	351	3	97	27.6353	0.82906	36.8	60
dDocent_Contig_12726	1	421	27	204	48.4561	6.77197	35	60
dDocent_Contig_12732	1	392	14	186	47.449	3.05102	35.5	60
dDocent_Contig_12742	1	429	1	140	32.634	0.32634	36.8	60
dDocent_Contig_12760	1	385	11	315	81.8182	3.07013	36.1	60
dDocent_Contig_12761	1	248	8	205	82.6613	3.75	36.8	60
dDocent_Contig_12774	1	372	3	164	44.086	0.956989	36.7	60
dDocent_Contig_12777	1	360	19	161	44.7222	6.42778	35.6	60
dDocent_Contig_12801	1	395	9	170	43.038	2.9038	35.4	60
dDocent_Contig_12817	1	392	13	260	66.3265	4.2551	36.1	60
dDocent_Contig_12819	1	342	2	96	28.0702	0.561404	37	60
dDocent_Contig_12820	1	451	7	175	38.8027	1.83149	36.1	60
dDocent_Contig_12833	1	417	4	177	42.446	0.848921	37	60
dDocent_Contig_12839	1	362	115	353	97.5138	34.1105	36.4	52.7
dDocent_Contig_12844	1	425	6	202	47.5294	1.44706	36.4	60
dDocent_Contig_12848	1	427	4	145	33.9578	1.1007	36.9	60
dDocent_Contig_12849	1	391	2	199	50.8951	0.641944	36.4	60
dDocent_Contig_12851	1	376	22	157	41.7553	6.46543	36.3	60
dDocent_Contig_12852	1	508	32	244	48.0315	7.24016	35.6	60
dDocent_Contig_12857	1	495	2	104	21.0101	0.420202	36.4	60
dDocent_Contig_12872	1	380	4	136	35.7895	1.20526	36.6	60
dDocent_Contig_12877	1	308	1	114	37.013	0.37013	36.5	60
dDocent_Contig_12887	1	393	2	167	42.4936	0.64631	37	60
dDocent_Contig_12888	1	449	4	174	38.7528	0.926503	36.5	60
dDocent_Contig_12901	1	325	14	160	49.2308	6.07692	35.6	60
dDocent_Contig_12910	1	246	5	126	51.2195	2.06911	35.5	60
dDocent_Contig_12911	1	393	5	133	33.8422	1.5369	35.6	60
dDocent_Contig_12926	1	358	89	319	89.1061	30.0112	36.1	50
dDocent_Contig_12932	1	390	6	150	38.4615	1.77949	35.6	60
dDocent_Contig_12935	1	455	25	208	45.7143	5.66813	35.4	59.2
dDocent_Contig_12943	1	409	4	202	49.3888	0.987775	36.7	60
dDocent_Contig_12946	1	333	18	174	52.2523	6.61261	35.9	60
dDocent_Contig_12947	1	326	23	203	62.2699	8.61963	35.2	60
dDocent_Contig_12948	1	433	2	107	24.7113	0.494226	36.9	60
dDocent_Contig_12952	1	349	13	168	48.1375	4.92837	35.2	60
dDocent_Contig_12953	1	393	36	156	39.6947	9.63104	35.2	60
dDocent_Contig_12964	1	284	9	164	57.7465	3.97183	34.6	60
dDocent_Contig_12966	1	374	14	200	53.4759	4.3877	36.3	60
dDocent_Contig_12997	1	364	12	166	45.6044	3.04396	35.6	60
dDocent_Contig_12998	1	314	5	151	48.0892	2.21019	36.5	60
dDocent_Contig_13019	1	399	22	355	88.9724	6.26065	35.5	60
dDocent_Contig_13020	1	462	10	155	33.5498	2.91775	36.3	60
dDocent_Contig_13024	1	310	14	256	82.5806	5.83548	36.4	60
dDocent_Contig_13033	1	298	10	164	55.0336	5.0302	35.9	60
dDocent_Contig_13034	1	349	6	166	47.5645	2.45272	35.7	60
dDocent_Contig_13035	1	377	5	185	49.0716	1.22546	36.6	60
dDocent_Contig_13046	1	381	4	92	24.147	0.871391	35.1	60
dDocent_Contig_13050	1	251	12	163	64.9402	5.33068	36.6	60
dDocent_Contig_13058	1	395	12	183	46.3291	4.27342	35.7	60
dDocent_Contig_13062	1	425	10	137	32.2353	3.05176	33.7	60
dDocent_Contig_13070	1	403	18	287	71.2159	5.04467	35.9	60
dDocent_Contig_13072	1	515	2	75	14.5631	0.291262	36.8	60
dDocent_Contig_13076	1	451	9	239	52.9933	2.68293	35.7	60
dDocent_Contig_13078	1	399	16	298	74.6867	5.1203	36.2	60
dDocent_Contig_13079	1	290	7	162	55.8621	2.95172	36.5	60
dDocent_Contig_13080	1	361	12	231	63.9889	4.79501	35.9	60
dDocent_Contig_13086	1	242	4	102	42.1488	1.68595	35.8	60
dDocent_Contig_13090	1	388	7	206	53.0928	1.78093	36.2	60
dDocent_Contig_13098	1	358	8	156	43.5754	2.73184	36.7	60
dDocent_Contig_13099	1	338	10	253	74.8521	3.42604	36.1	60
dDocent_Contig_13102	1	253	1	52	20.5534	0.205534	36.8	60
dDocent_Contig_13103	1	319	14	152	47.6489	4.48589	36.1	60
dDocent_Contig_13109	1	334	13	190	56.8862	4.15269	36.6	60
dDocent_Contig_13120	1	419	15	182	43.4368	4.09308	35.8	60
dDocent_Contig_13123	1	327	24	147	44.9541	7.51682	35.1	59.5
dDocent_Contig_13124	1	423	5	249	58.8652	1.69267	36.2	60
dDocent_Contig_13152	1	454	6	168	37.0044	1.06167	37	60
dDocent_Contig_13155	1	270	89	243	90	41.9593	35.5	60
dDocent_Contig_13158	1	327	17	218	66.6667	6.81651	36.3	60
dDocent_Contig_13159	1	365	15	227	62.1918	4.73151	36.5	60
dDocent_Contig_13160	1	274	4	150	54.7445	1.9854	36.5	60
dDocent_Contig_13161	1	319	22	186	58.3072	9.27586	36	60
dDocent_Contig_13162	1	346	148	268	77.4566	47.8699	34.8	55.9
dDocent_Contig_13172	1	389	2	156	40.1028	0.570694	36.5	60
dDocent_Contig_13173	1	402	16	203	50.4975	5.4403	36.4	60
dDocent_Contig_13176	1	382	7	213	55.7592	1.86911	36.8	60
dDocent_Contig_13191	1	380	5	101	26.5789	1.30526	36.7	60
dDocent_Contig_13193	1	251	14	232	92.4303	6.14343	35.9	60
dDocent_Contig_13194	1	311	19	214	68.8103	6.14148	35.7	60
dDocent_Contig_13204	1	432	2	108	25	0.5	35.8	60
dDocent_Contig_13210	1	295	19	150	50.8475	8.41356	35.4	60
dDocent_Contig_13213	1	316	16	263	83.2278	6.62658	35.5	60
dDocent_Contig_13214	1	439	6	126	28.7016	1.7221	36.8	60
dDocent_Contig_13216	1	373	23	240	64.3432	7.04558	36.4	60
dDocent_Contig_13223	1	366	7	188	51.3661	2.00546	36.8	60
dDocent_Contig_13230	1	335	52	198	59.1045	20.2925	36.1	60
dDocent_Contig_13236	1	375	4	98	26.1333	0.768	36.9	60
dDocent_Contig_13238	1	401	16	268	66.8329	4.74813	35.2	60
dDocent_Contig_13242	1	347	4	150	43.2277	1.59366	35.6	60
dDocent_Contig_13243	1	391	13	209	53.4527	4.38363	34.8	60
dDocent_Contig_13244	1	372	81	328	88.172	19.2581	36.3	38.4
dDocent_Contig_13246	1	418	38	205	49.0431	11.5263	36.2	60
dDocent_Contig_13248	1	436	6	151	34.633	1.31651	36.9	60
dDocent_Contig_13250	1	357	5	133	37.2549	1.59944	36.8	60
dDocent_Contig_13256	1	363	16	168	46.281	4.95317	36.3	60
dDocent_Contig_13258	1	342	5	173	50.5848	1.65789	36.9	60
dDocent_Contig_13259	1	350	16	299	85.4286	4.62286	36.3	60
dDocent_Contig_13272	1	300	1	150	50	0.5	36.7	60
dDocent_Contig_13280	1	365	2	94	25.7534	0.515068	36.5	60
dDocent_Contig_13281	1	360	195	278	77.2222	64.0889	36.1	57.9
dDocent_Contig_13282	1	350	28	240	68.5714	10.8971	34.4	60
dDocent_Contig_13283	1	357	27	194	54.3417	8.7507	35.1	60
dDocent_Contig_13298	1	356	3	239	67.1348	1.17978	36.7	60
dDocent_Contig_13303	1	398	1	97	24.3719	0.243719	36.9	60
dDocent_Contig_13304	1	335	5	126	37.6119	1.59104	34.3	60
dDocent_Contig_13308	1	353	32	186	52.6912	10.3144	36.5	52.5
dDocent_Contig_13310	1	332	3	153	46.0843	1.3494	35.1	60
dDocent_Contig_13312	1	283	19	202	71.3781	7.83392	35.6	60
dDocent_Contig_13321	1	431	14	195	45.2436	3.57541	35.8	60
dDocent_Contig_13327	1	394	10	209	53.0457	2.2335	36.6	39
dDocent_Contig_13328	1	401	4	101	25.187	1.00748	36.9	60
dDocent_Contig_13330	1	318	1	75	23.5849	0.235849	36.8	60
dDocent_Contig_13331	1	426	32	259	60.7981	8.4507	35.5	59.8
dDocent_Contig_13333	1	423	11	199	47.0449	2.6052	36.3	60
dDocent_Contig_13347	1	364	5	157	43.1319	1.63187	36.3	60
dDocent_Contig_13350	1	360	6	129	35.8333	1.66111	36.8	60
dDocent_Contig_13352	1	305	13	156	51.1475	5.21311	36.4	60
dDocent_Contig_13363	1	370	617	361	97.5676	194.746	36	59.8
dDocent_Contig_13367	1	461	31	218	47.2885	8.98482	35.7	60
dDocent_Contig_13369	1	426	6	142	33.3333	1.99765	33.6	60
dDocent_Contig_13374	1	301	21	234	77.7409	7.42525	36.3	60
dDocent_Contig_13375	1	367	3	232	63.2153	1.00272	36.7	60
dDocent_Contig_13377	1	387	1	129	33.3333	0.333333	31.7	60
dDocent_Contig_13381	1	340	2	156	45.8824	0.882353	36	60
dDocent_Contig_13383	1	272	4	128	47.0588	1.65441	35.9	60
dDocent_Contig_13387	1	309	2	87	28.1553	0.563107	36.8	60
dDocent_Contig_13388	1	276	12	204	73.913	5.60507	36.6	60
dDocent_Contig_13389	1	335	22	223	66.5672	8.17015	35.9	60
dDocent_Contig_13390	1	393	3	116	29.5165	0.882952	36.4	60
dDocent_Contig_13394	1	335	4	196	58.5075	1.45075	36.6	60
dDocent_Contig_13396	1	401	1	148	36.9077	0.369077	36.9	60
dDocent_Contig_13400	1	425	13	165	38.8235	3.20941	36.4	60
dDocent_Contig_13403	1	386	6	179	46.3731	1.63731	36.8	60
dDocent_Contig_13404	1	341	28	170	49.8534	11.3695	34.2	59.8
dDocent_Contig_13406	1	348	7	189	54.3103	2.10345	36.7	60
dDocent_Contig_13428	1	420	10	176	41.9048	2.40714	36.9	60
dDocent_Contig_13434	1	396	13	229	57.8283	4.0101	36.5	60
dDocent_Contig_13435	1	329	1	93	28.2675	0.282675	36.9	60
dDocent_Contig_13437	1	469	10	117	24.9467	2.33262	36.7	60
dDocent_Contig_13438	1	414	4	207	50	1.22705	36.8	60
dDocent_Contig_13443	1	362	17	224	61.8785	6.08011	36.4	60
dDocent_Contig_13449	1	391	2	113	28.9003	0.578005	36.8	60
dDocent_Contig_13451	1	391	5	109	27.8772	1.38875	35.6	60
dDocent_Contig_13456	1	392	36	325	82.9082	9.60969	36.3	58.1
dDocent_Contig_13459	1	226	6	187	82.7434	2.31858	36.4	60
dDocent_Contig_13461	1	375	43	212	56.5333	14.256	36.2	60
dDocent_Contig_13470	1	316	10	173	54.7468	4.4019	35.3	60
dDocent_Contig_13471	1	264	22	234	88.6364	10.5455	36	60
dDocent_Contig_13472	1	462	3	147	31.8182	0.686147	36.8	52.7
dDocent_Contig_13473	1	305	2	139	45.5738	0.911475	36.8	60
dDocent_Contig_13480	1	352	16	198	56.25	6.36932	35.9	60
dDocent_Contig_13491	1	388	9	159	40.9794	2.6366	36	60
dDocent_Contig_13500	1	339	12	220	64.8968	4.49558	35.9	60
dDocent_Contig_13504	1	427	11	189	44.2623	2.56909	36.8	60
dDocent_Contig_13508	1	484	26	178	36.7769	6.25826	35.8	60
dDocent_Contig_13509	1	347	6	184	53.0259	2.39481	36	60
dDocent_Contig_13511	1	391	10	231	59.0793	3.51151	36	60
dDocent_Contig_13512	1	408	3	204	50	0.946078	36.8	60
dDocent_Contig_13513	1	336	36	225	66.9643	11.2054	35.4	60
dDocent_Contig_13517	1	401	7	177	44.1397	2.34165	36	60
dDocent_Contig_13523	1	351	10	156	44.4444	3.92877	36.1	60
dDocent_Contig_13526	1	295	30	257	87.1186	14.5017	35.2	60
dDocent_Contig_13527	1	395	19	339	85.8228	5.8481	35.8	49.7
dDocent_Contig_13534	1	415	229	414	99.759	66.0602	36	58.6
dDocent_Contig_13546	1	435	25	314	72.1839	6.31034	35.5	60
dDocent_Contig_13547	1	401	1	129	32.1696	0.321696	37	60
dDocent_Contig_13548	1	339	6	158	46.6077	2.24779	36.7	60
dDocent_Contig_13550	1	452	10	219	48.4513	2.35398	35.7	60
dDocent_Contig_13553	1	349	9	115	32.9513	2.80516	36.8	60
dDocent_Contig_13554	1	272	21	172	63.2353	9.08824	36	60
dDocent_Contig_13556	1	372	32	226	60.7527	9.88978	35.3	60
dDocent_Contig_13557	1	376	214	210	55.8511	62.1303	34.8	60
dDocent_Contig_13561	1	432	17	150	34.7222	4.41435	35.9	60
dDocent_Contig_13564	1	369	609	369	100	181.271	36	52
dDocent_Contig_13575	1	300	16	216	72	6.61667	35.4	60
dDocent_Contig_13576	1	353	13	235	66.5722	4.71671	35.8	60
dDocent_Contig_13579	1	314	37	205	65.2866	14.449	35.2	60
dDocent_Contig_13580	1	376	6	273	72.6064	2.08511	36.4	60
dDocent_Contig_13585	1	308	5	111	36.039	1.80195	36	60
dDocent_Contig_13588	1	374	16	232	62.0321	5.39037	35.4	60
dDocent_Contig_13595	1	366	10	336	91.8033	2.68852	36.7	60
dDocent_Contig_13596	1	301	4	145	48.1728	1.15615	36.9	60
dDocent_Contig_13597	1	458	11	158	34.4978	3.38428	36.7	60
dDocent_Contig_13598	1	283	16	244	86.2191	6.38516	35.7	57.6
dDocent_Contig_13599	1	358	20	226	63.1285	6.86872	35.2	60
dDocent_Contig_13600	1	246	15	226	91.8699	8.23171	35.4	58.8
dDocent_Contig_13603	1	388	9	251	64.6907	2.75	35.5	60
dDocent_Contig_13607	1	390	2	165	42.3077	0.769231	36.9	60
dDocent_Contig_13621	1	389	18	209	53.7275	5.58869	36.3	60
dDocent_Contig_13622	1	352	5	200	56.8182	1.4517	35.3	60
dDocent_Contig_13626	1	427	13	227	53.1616	4.56674	36.4	60
dDocent_Contig_13633	1	280	21	208	74.2857	9.1	36.1	60
dDocent_Contig_13640	1	385	8	189	49.0909	2.86234	36.1	60
dDocent_Contig_13643	1	410	43	338	82.439	11.4829	34.9	60
dDocent_Contig_13648	1	283	11	174	61.4841	3.89753	36.2	60
dDocent_Contig_13649	1	407	3	170	41.769	0.958231	36.9	60
dDocent_Contig_13650	1	306	2	117	38.2353	0.607843	34.5	60
dDocent_Contig_13651	1	392	26	228	58.1633	8.86735	36.1	60
dDocent_Contig_13658	1	357	16	189	52.9412	4.71148	35.1	60
dDocent_Contig_13659	1	341	30	208	60.9971	11.4956	35.9	60
dDocent_Contig_13660	1	292	4	118	40.411	1.61644	36.8	60
dDocent_Contig_13662	1	384	2	95	24.7396	0.494792	36.9	60
dDocent_Contig_13663	1	393	8	201	51.145	2.79644	36.1	60
dDocent_Contig_13664	1	400	33	378	94.5	9.5075	36.5	57.1
dDocent_Contig_13668	1	300	42	283	94.3333	19.8767	35.2	60
dDocent_Contig_13669	1	397	24	213	53.6524	8.18892	35.7	60
dDocent_Contig_13673	1	341	12	248	72.7273	3.82698	36.7	60
dDocent_Contig_13675	1	377	10	208	55.1724	3.687	36.8	60
dDocent_Contig_13686	1	371	21	162	43.6658	6.19946	35.9	60
dDocent_Contig_13688	1	360	28	212	58.8889	10.3389	35.2	60
dDocent_Contig_13693	1	396	29	160	40.404	8.49495	35.7	60
dDocent_Contig_13702	1	415	35	218	52.5301	10.0434	36.3	60
dDocent_Contig_13706	1	390	14	332	85.1282	4.74615	36.7	60
dDocent_Contig_13707	1	318	19	207	65.0943	7.09434	35.5	60
dDocent_Contig_13709	1	404	14	292	72.2772	4.33663	36.6	60
dDocent_Contig_13713	1	376	11	321	85.3723	3.76064	36.4	60
dDocent_Contig_13715	1	387	7	190	49.0956	2.05685	36.7	60
dDocent_Contig_13725	1	352	53	240	68.1818	16.6449	35.9	59.1
dDocent_Contig_13726	1	322	18	256	79.5031	7.48447	36.2	60
dDocent_Contig_13729	1	482	7	155	32.1577	1.57261	36.2	60
dDocent_Contig_13730	1	436	5	152	34.8624	1.30734	36.1	60
dDocent_Contig_13731	1	380	6	202	53.1579	2.05526	35.9	60
dDocent_Contig_13748	1	437	5	227	51.9451	0.956522	36.4	44.8
dDocent_Contig_13755	1	495	28	223	45.0505	6.13939	36.3	60
dDocent_Contig_13761	1	394	11	380	96.4467	3.3401	36.6	60
dDocent_Contig_13762	1	301	4	150	49.8339	1.66113	37	60
dDocent_Contig_13767	1	310	3	112	36.129	0.941935	36.8	60
dDocent_Contig_13778	1	323	33	171	52.9412	12.9969	35.7	60
dDocent_Contig_13783	1	294	6	131	44.5578	2.23469	33.8	60
dDocent_Contig_13799	1	346	11	240	69.3642	3.21965	36.8	60
dDocent_Contig_13810	1	376	2	151	40.1596	0.797872	36.4	60
dDocent_Contig_13827	1	329	9	220	66.8693	2.95441	36.4	60
dDocent_Contig_13829	1	430	16	233	54.186	5.24419	36.4	60
dDocent_Contig_13837	1	256	11	174	67.9688	5.02734	36.2	60
dDocent_Contig_13843	1	356	10	199	55.8989	3.27528	35.6	60
dDocent_Contig_13873	1	444	6	146	32.8829	1.48649	36.2	60
dDocent_Contig_13879	1	404	7	273	67.5743	1.9505	36.9	60
dDocent_Contig_13884	1	390	27	220	56.4103	9.57179	35.2	60
dDocent_Contig_13886	1	396	37	370	93.4343	10.5682	35.8	50.7
dDocent_Contig_13889	1	349	17	325	93.1232	5.91977	35.5	60
dDocent_Contig_13890	1	337	11	240	71.2166	3.84273	36.8	60
dDocent_Contig_13892	1	346	6	138	39.8844	1.38728	36.4	54
dDocent_Contig_13902	1	407	6	151	37.1007	1.24324	36.3	60
dDocent_Contig_13908	1	386	7	166	43.0052	2.28756	34.7	60
dDocent_Contig_13930	1	354	8	189	53.3898	2.46893	35.9	60
dDocent_Contig_13931	1	398	19	145	36.4322	5.65578	35.6	60
dDocent_Contig_13938	1	372	25	226	60.7527	8.04839	36	60
dDocent_Contig_13942	1	277	3	89	32.13	0.888087	34.5	60
dDocent_Contig_13947	1	313	7	150	47.9233	2.84984	36.2	60
dDocent_Contig_13948	1	357	17	269	75.3501	5.46218	36.5	60
dDocent_Contig_13949	1	404	37	201	49.7525	10.3564	34.9	60
dDocent_Contig_13951	1	384	27	234	60.9375	9.34896	34.4	60
dDocent_Contig_13960	1	481	2	126	26.1954	0.523909	36.9	22
dDocent_Contig_13961	1	283	16	176	62.1908	6.33922	35.8	60
dDocent_Contig_13978	1	388	7	189	48.7113	2.45103	34.6	60
dDocent_Contig_13987	1	419	10	141	33.6516	2.96897	35.5	60
dDocent_Contig_14019	1	406	57	327	80.5419	18.266	35.7	57.4
dDocent_Contig_14024	1	391	18	213	54.4757	5.78005	36.4	60
dDocent_Contig_14036	1	369	11	192	52.0325	3.80217	36.7	60
dDocent_Contig_14038	1	409	11	229	55.9902	3.55012	35.8	60
dDocent_Contig_14039	1	276	2	103	37.3188	0.746377	36.9	60
dDocent_Contig_14046	1	367	11	199	54.2234	3.03542	35.5	60
dDocent_Contig_14074	1	445	134	442	99.3258	37.1236	36	54.3
dDocent_Contig_14090	1	387	15	288	74.4186	4.57623	36.1	60
dDocent_Contig_14091	1	337	11	161	47.7745	3.45104	36.4	60
dDocent_Contig_14093	1	459	148	279	60.7843	35.4336	36.3	40
dDocent_Contig_14097	1	328	5	139	42.378	1.44817	36.6	60
dDocent_Contig_14098	1	370	12	145	39.1892	3.80541	35.5	60
dDocent_Contig_14101	1	340	1	79	23.2353	0.232353	36.8	60
dDocent_Contig_14106	1	404	15	222	54.9505	4.58168	35.8	60
dDocent_Contig_14113	1	281	13	226	80.427	5.78292	36.1	60
dDocent_Contig_14124	1	493	22	191	38.7424	5.48073	35.9	60
dDocent_Contig_14129	1	365	7	141	38.6301	2.01644	34.6	60
dDocent_Contig_14130	1	339	8	178	52.5074	2.73451	36.7	60
dDocent_Contig_14138	1	264	8	171	64.7727	3.07576	36.6	60
dDocent_Contig_14144	1	365	22	252	69.0411	6.26575	35.9	60
dDocent_Contig_14156	1	399	16	232	58.1454	5.32331	36.2	60
dDocent_Contig_14157	1	261	26	252	96.5517	14.1648	35	60
dDocent_Contig_14159	1	399	13	254	63.6591	3.69674	36.5	60
dDocent_Contig_14160	1	448	368	447	99.7768	94.3504	36.2	59.5
dDocent_Contig_14171	1	397	9	217	54.6599	2.98992	36.6	57.6
dDocent_Contig_14173	1	292	1	87	29.7945	0.297945	36.7	60
dDocent_Contig_14183	1	412	10	139	33.7379	3.21845	36.6	60
dDocent_Contig_14184	1	468	22	267	57.0513	6.01496	35.6	60
dDocent_Contig_14187	1	251	13	206	82.0717	6.40239	36	60
dDocent_Contig_14189	1	369	12	199	53.9295	4.87805	35.6	60
dDocent_Contig_14194	1	377	7	145	38.4615	2.18568	36.7	60
dDocent_Contig_14198	1	347	10	172	49.5677	3.2536	36.7	60
dDocent_Contig_14205	1	340	2	86	25.2941	0.505882	36.9	60
dDocent_Contig_14209	1	357	3	142	39.7759	0.985994	36.5	60
dDocent_Contig_14216	1	384	2	78	20.3125	0.40625	36.8	60
dDocent_Contig_14220	1	429	9	178	41.4918	2.40559	36.3	60
dDocent_Contig_14221	1	389	1	88	22.6221	0.226221	36.7	60
dDocent_Contig_14228	1	333	25	166	49.8498	8.88288	35.4	60
dDocent_Contig_14229	1	340	19	239	70.2941	6.78824	35.8	60
dDocent_Contig_14242	1	378	21	231	61.1111	7.06349	35.9	60
dDocent_Contig_14251	1	351	8	220	62.6781	2.50142	36.4	60
dDocent_Contig_14255	1	341	31	329	96.4809	10.6393	35.1	60
dDocent_Contig_14257	1	304	14	205	67.4342	5.22368	36.7	60
dDocent_Contig_14258	1	355	16	155	43.662	5.10141	36.5	60
dDocent_Contig_14266	1	263	2	91	34.6008	0.692015	36.7	60
dDocent_Contig_14277	1	440	16	283	64.3182	4.95227	35.5	60
dDocent_Contig_14280	1	467	12	195	41.7559	3.09636	35.3	60
dDocent_Contig_14288	1	305	9	162	53.1148	4.03279	35.2	60
dDocent_Contig_14292	1	385	21	248	64.4156	6.67532	36.2	60
dDocent_Contig_14293	1	329	5	158	48.0243	1.8845	35.2	60
dDocent_Contig_14296	1	271	59	269	99.262	24.7196	36.3	56.5
dDocent_Contig_14298	1	441	5	142	32.1995	1.53061	36.6	60
dDocent_Contig_14299	1	362	2	37	10.221	0.20442	36.8	60
dDocent_Contig_14314	1	396	4	195	49.2424	1.34596	36.2	60
dDocent_Contig_14315	1	377	12	150	39.7878	3.02122	36.5	60
dDocent_Contig_14316	1	387	14	194	50.1292	4.49871	35.6	60
dDocent_Contig_14317	1	408	10	302	74.0196	2.66176	35.7	60
dDocent_Contig_14324	1	443	9	156	35.2144	2.10609	35.6	60
dDocent_Contig_14325	1	302	6	154	50.9934	1.8245	36.7	60
dDocent_Contig_14336	1	405	6	116	28.642	1.59506	35.3	60
dDocent_Contig_14343	1	352	13	144	40.9091	3.74432	35.6	60
dDocent_Contig_14346	1	413	18	169	40.9201	4.66828	36	60
dDocent_Contig_14347	1	358	6	189	52.7933	2.1676	36.1	60
dDocent_Contig_14353	1	330	46	301	91.2121	18.903	35.2	60
dDocent_Contig_14356	1	358	15	159	44.4134	4.36872	35.9	60
dDocent_Contig_14357	1	410	7	122	29.7561	1.99512	35.1	60
dDocent_Contig_14360	1	353	36	221	62.6062	13.0737	34.9	60
dDocent_Contig_14362	1	395	3	209	52.9114	1.13418	33.7	60
dDocent_Contig_14365	1	394	5	233	59.1371	1.58883	34.9	60
dDocent_Contig_14368	1	379	7	197	51.9789	1.84169	36.5	60
dDocent_Contig_14372	1	394	9	271	68.7817	3.21066	35.4	60
dDocent_Contig_14375	1	340	2	87	25.5882	0.511765	36.8	60
dDocent_Contig_14381	1	436	2	62	14.2202	0.284404	36.9	60
dDocent_Contig_14383	1	373	2	135	36.193	0.723861	33.7	60
dDocent_Contig_14384	1	346	2	148	42.7746	0.855491	36.9	60
dDocent_Contig_14397	1	322	10	233	72.3602	3.88509	36.2	60
dDocent_Contig_14404	1	374	3	101	27.0053	0.81016	36.3	60
dDocent_Contig_14409	1	274	4	102	37.2263	1.48905	36.9	60
dDocent_Contig_14417	1	262	2	207	79.0076	1.08015	35.1	60
dDocent_Contig_14418	1	382	20	238	62.3037	5.66492	35.7	60
dDocent_Contig_14423	1	348	2	140	40.2299	0.804598	37	60
dDocent_Contig_14427	1	396	2	99	25	0.5	36.9	60
dDocent_Contig_14428	1	423	26	179	42.3168	7.513	35.6	60
dDocent_Contig_14429	1	351	13	207	58.9744	4.52707	35.7	60
dDocent_Contig_14430	1	388	2	103	26.5464	0.530928	36.8	60
dDocent_Contig_14431	1	396	1	150	37.8788	0.378788	36.8	60
dDocent_Contig_14432	1	441	13	255	57.8231	4.15873	36.6	60
dDocent_Contig_14434	1	402	21	209	51.99	6.72886	35.3	58.6
dDocent_Contig_14435	1	375	42	183	48.8	14.336	36	60
dDocent_Contig_14449	1	306	17	203	66.3399	7.7549	36.6	60
dDocent_Contig_14453	1	386	2	175	45.3368	0.510363	36.6	60
dDocent_Contig_14463	1	359	6	253	70.4735	1.76045	36.2	60
dDocent_Contig_14464	1	325	10	151	46.4615	2.86154	35.2	60
dDocent_Contig_14466	1	343	29	167	48.688	10.6793	35	60
dDocent_Contig_14467	1	411	16	226	54.9878	3.51095	36.4	60
dDocent_Contig_14469	1	335	10	152	45.3731	3.10746	35.3	60
dDocent_Contig_14470	1	454	11	349	76.8722	3.13436	35.8	60
dDocent_Contig_14479	1	389	7	173	44.473	1.92031	36.8	60
dDocent_Contig_14481	1	394	17	200	50.7614	4.9264	36.3	60
dDocent_Contig_14482	1	406	13	184	45.3202	3.5197	35.6	60
dDocent_Contig_14489	1	407	4	180	44.226	1.23587	35.8	60
dDocent_Contig_14490	1	440	3	283	64.3182	0.709091	36.3	56.7
dDocent_Contig_14491	1	313	9	203	64.8562	3.6262	36.5	60
dDocent_Contig_14495	1	305	3	96	31.4754	0.816393	36.8	60
dDocent_Contig_14511	1	298	4	116	38.9262	1.44966	36.4	60
dDocent_Contig_14514	1	353	15	267	75.6374	4.75921	35.5	60
dDocent_Contig_14524	1	400	3	136	34	0.905	33.4	60
dDocent_Contig_14529	1	396	24	250	63.1313	7.71465	36.1	57.4
dDocent_Contig_14532	1	347	9	202	58.2133	3.51009	34.8	60
dDocent_Contig_14539	1	368	3	150	40.7609	0.978261	36.9	60
dDocent_Contig_14540	1	386	48	351	90.9326	13.5311	36.2	50.6
dDocent_Contig_14544	1	343	9	135	39.3586	2.14577	36.1	60
dDocent_Contig_14548	1	417	12	208	49.8801	3.46523	35.5	60
dDocent_Contig_14549	1	390	8	136	34.8718	2.19744	36.3	60
dDocent_Contig_14551	1	353	4	195	55.2408	1.69405	35	60
dDocent_Contig_14552	1	353	16	269	76.204	5.54391	35.6	60
dDocent_Contig_14553	1	311	270	289	92.926	100.865	35.8	57.1
dDocent_Contig_14554	1	427	12	294	68.8525	3.04684	36.2	60
dDocent_Contig_14555	1	252	30	214	84.9206	15.1905	35.9	60
dDocent_Contig_14556	1	317	12	202	63.7224	5.41956	36.3	60
dDocent_Contig_14557	1	262	1	112	42.7481	0.427481	30.9	60
dDocent_Contig_14561	1	347	15	159	45.8213	5.65418	35.6	60
dDocent_Contig_14563	1	374	4	305	81.5508	1.2246	36.9	60
dDocent_Contig_14566	1	344	18	221	64.2442	6.96802	35.6	60
dDocent_Contig_14572	1	405	20	179	44.1975	5.52346	36.4	60
dDocent_Contig_14587	1	372	24	187	50.2688	8.10753	36.4	60
dDocent_Contig_14590	1	423	13	264	62.4113	3.85579	35.4	60
dDocent_Contig_14599	1	379	12	165	43.5356	4.43272	35.9	60
dDocent_Contig_14600	1	282	1	144	51.0638	0.510638	36.5	60
dDocent_Contig_14603	1	425	6	279	65.6471	1.61882	35	60
dDocent_Contig_14611	1	419	23	283	67.5418	7.23389	35.3	60
dDocent_Contig_14637	1	336	21	170	50.5952	6.93155	36.2	60
dDocent_Contig_14639	1	317	13	173	54.5741	4.85804	35.7	60
dDocent_Contig_14664	1	395	52	334	84.557	14.0203	36.7	51.6
dDocent_Contig_14667	1	373	18	212	56.8365	7.23592	35.5	60
dDocent_Contig_14670	1	312	2	160	51.2821	0.961538	36.8	60
dDocent_Contig_14687	1	345	22	153	44.3478	7.09565	34.9	52.2
dDocent_Contig_14699	1	432	27	215	49.7685	7.62963	36.4	60
dDocent_Contig_14710	1	374	2	117	31.2834	0.625668	36.9	60
dDocent_Contig_14724	1	363	8	200	55.0964	2.2865	35.6	60
dDocent_Contig_14727	1	439	1	74	16.8565	0.168565	36.7	60
dDocent_Contig_14733	1	332	12	193	58.1325	4.4247	35.7	60
dDocent_Contig_14742	1	317	9	278	87.6972	3.47319	36.6	60
dDocent_Contig_14743	1	322	4	141	43.7888	1.11801	36.9	60
dDocent_Contig_14753	1	486	17	108	22.2222	3.64815	35.2	60
dDocent_Contig_14754	1	407	14	228	56.0197	4.15479	35.7	60
dDocent_Contig_14764	1	289	9	213	73.7024	4.03806	36.4	60
dDocent_Contig_14769	1	369	6	196	53.1165	1.56911	36.2	60
dDocent_Contig_14772	1	282	10	220	78.0142	4.84043	35.8	60
dDocent_Contig_14777	1	435	40	355	81.6092	11.4759	36	60
dDocent_Contig_14778	1	341	3	141	41.349	1.24047	36.2	60
dDocent_Contig_14782	1	405	3	184	45.4321	0.883951	36.8	60
dDocent_Contig_14793	1	393	4	191	48.6005	1.3944	36.6	60
dDocent_Contig_14796	1	354	10	228	64.4068	3.48023	36.6	60
dDocent_Contig_14799	1	414	2	85	20.5314	0.410628	36.6	60
dDocent_Contig_14802	1	338	25	213	63.0178	9.10947	36.4	60
dDocent_Contig_14807	1	317	32	237	74.7634	11.1483	36.5	51.3
dDocent_Contig_14810	1	350	15	156	44.5714	4.33714	35.7	60
dDocent_Contig_14812	1	401	8	179	44.6384	2.6783	36.8	60
dDocent_Contig_14819	1	348	13	166	47.7011	4.6523	35.2	60
dDocent_Contig_14820	1	471	5	86	18.259	0.912951	35.6	60
dDocent_Contig_14831	1	395	6	101	25.5696	1.29367	34.9	60
dDocent_Contig_14838	1	439	4	175	39.8633	0.797267	36.7	60
dDocent_Contig_14849	1	362	3	173	47.7901	1.12707	36.8	60
dDocent_Contig_14864	1	383	4	143	37.3368	1.10705	37	60
dDocent_Contig_14869	1	427	6	94	22.0141	1.09602	36.6	60
dDocent_Contig_14881	1	428	12	230	53.7383	3.51402	35.4	60
dDocent_Contig_14902	1	465	17	234	50.3226	4.76989	35	60
dDocent_Contig_14926	1	456	42	329	72.1491	10.9386	35.5	60
dDocent_Contig_14936	1	382	17	145	37.9581	4.74084	36.1	60
dDocent_Contig_14944	1	374	16	291	77.8075	4.6123	36.6	60
dDocent_Contig_14987	1	343	10	186	54.2274	3.78717	36.2	60
dDocent_Contig_14988	1	412	30	207	50.2427	8.84223	35.6	60
dDocent_Contig_14990	1	416	2	139	33.4135	0.668269	36.7	60
dDocent_Contig_14992	1	368	56	235	63.8587	20.9266	34.1	59.1
dDocent_Contig_15003	1	357	75	336	94.1176	25.5658	36	45.8
dDocent_Contig_15004	1	403	2	94	23.3251	0.466501	36.7	60
dDocent_Contig_15007	1	338	14	190	56.213	5.16272	34.3	60
dDocent_Contig_15013	1	368	15	327	88.8587	4.75	36.6	60
dDocent_Contig_15020	1	372	17	263	70.6989	5.05376	36.2	60
dDocent_Contig_15024	1	262	7	206	78.626	3.5	35.6	52.6
dDocent_Contig_15028	1	337	16	284	84.273	6.37092	35	60
dDocent_Contig_15038	1	436	10	195	44.7248	2.61697	35	60
dDocent_Contig_15039	1	359	12	166	46.2396	3.72981	35.9	60
dDocent_Contig_15040	1	360	18	182	50.5556	6.21389	35	60
dDocent_Contig_15048	1	385	16	158	41.039	5.12987	36.3	60
dDocent_Contig_15050	1	428	17	305	71.2617	5.14019	36.7	60
dDocent_Contig_15054	1	379	5	232	61.2137	1.42216	36.4	60
dDocent_Contig_15068	1	329	22	301	91.4894	8.769	35.9	60
dDocent_Contig_15088	1	399	4	161	40.3509	0.932331	36.9	60
dDocent_Contig_15090	1	404	8	179	44.3069	2.63614	36.6	60
dDocent_Contig_15091	1	426	9	172	40.3756	1.90376	36.9	60
dDocent_Contig_15097	1	380	10	182	47.8947	3.16053	36.2	60
dDocent_Contig_15101	1	382	2	113	29.5812	0.591623	36.9	60
dDocent_Contig_15102	1	372	6	163	43.8172	2.14516	34.9	60
dDocent_Contig_15122	1	417	14	143	34.2926	3.8729	36.6	60
dDocent_Contig_15134	1	325	3	157	48.3077	1.38462	36.2	60
dDocent_Contig_15145	1	414	129	395	95.4106	38.5483	36.2	34.8
dDocent_Contig_15180	1	333	15	325	97.5976	5.04204	35.1	60
dDocent_Contig_15186	1	376	15	175	46.5426	4.56383	34.3	58.5
dDocent_Contig_15201	1	415	19	372	89.6386	5.83855	36.6	60
dDocent_Contig_15210	1	323	24	241	74.613	9.71207	36	59.7
dDocent_Contig_15211	1	399	14	284	71.1779	3.53133	36.2	60
dDocent_Contig_15212	1	390	37	299	76.6667	12.341	35.6	60
dDocent_Contig_15216	1	460	10	231	50.2174	2.44348	36.8	60
dDocent_Contig_15218	1	380	20	197	51.8421	7.34474	34.7	60
dDocent_Contig_15229	1	356	14	118	33.1461	3.92697	35.6	60
dDocent_Contig_15235	1	396	2	84	21.2121	0.424242	36.9	60
dDocent_Contig_15236	1	357	26	190	53.2213	7.85434	36.4	60
dDocent_Contig_15240	1	415	177	364	87.7108	47.3036	36.2	59.3
dDocent_Contig_15250	1	396	33	230	58.0808	10.4874	35.6	60
dDocent_Contig_15258	1	364	13	205	56.3187	4.12912	35.9	60
dDocent_Contig_15259	1	411	11	215	52.3114	3.17518	35.7	51.5
dDocent_Contig_15260	1	393	40	212	53.944	13.1476	35.3	60
dDocent_Contig_15263	1	410	9	172	41.9512	2.56829	34.8	60
dDocent_Contig_15273	1	389	13	157	40.3599	4.56041	35.1	60
dDocent_Contig_15278	1	291	19	155	53.2646	7.16151	35.9	60
dDocent_Contig_15280	1	393	4	274	69.7201	1.23664	35.5	60
dDocent_Contig_15282	1	386	12	109	28.2383	2.80829	36	60
dDocent_Contig_15285	1	425	12	173	40.7059	3.41412	35.8	60
dDocent_Contig_15291	1	334	1	97	29.0419	0.290419	36.8	60
dDocent_Contig_15292	1	439	3	210	47.836	0.756264	35.6	60
dDocent_Contig_15294	1	436	27	314	72.0183	7.35092	35	60
dDocent_Contig_15296	1	373	8	165	44.2359	2.06702	36.7	60
dDocent_Contig_15302	1	389	24	197	50.6427	6.79434	36.3	60
dDocent_Contig_15305	1	338	14	152	44.9704	6.02959	35.6	60
dDocent_Contig_15306	1	391	1281	387	98.977	380.077	36	56.6
dDocent_Contig_15320	1	342	13	267	78.0702	3.26316	36.6	58.4
dDocent_Contig_15324	1	376	97	187	49.734	29.1729	36.2	50.3
dDocent_Contig_15326	1	335	15	149	44.4776	5.26269	34.7	60
dDocent_Contig_15327	1	406	4	130	32.0197	0.935961	36.6	60
dDocent_Contig_15331	1	359	7	132	36.7688	1.91922	36.2	60
dDocent_Contig_15332	1	352	6	149	42.3295	1.8125	36.8	60
dDocent_Contig_15334	1	300	2	226	75.3333	1	36.7	60
dDocent_Contig_15338	1	377	51	222	58.8859	15.1751	35.2	59.9
dDocent_Contig_15339	1	253	15	157	62.0553	7.7668	35.6	60
dDocent_Contig_15350	1	278	30	182	65.4676	12.7086	35	60
dDocent_Contig_15359	1	311	11	190	61.0932	3.90354	36.1	60
dDocent_Contig_15373	1	311	5	166	53.3762	1.78135	36.7	60
dDocent_Contig_15374	1	392	82	312	79.5918	24.9668	35.6	54.4
dDocent_Contig_15376	1	330	7	131	39.697	2.41515	36.5	60
dDocent_Contig_15377	1	301	66	243	80.7309	25.598	36.2	60
dDocent_Contig_15384	1	401	15	233	58.1047	4.91771	36.5	60
dDocent_Contig_15387	1	329	14	258	78.4195	5.03343	35.1	60
dDocent_Contig_15393	1	354	36	207	58.4746	13.0028	35.8	60
dDocent_Contig_15396	1	419	19	279	66.5871	5.87351	36.4	60
dDocent_Contig_15398	1	386	5	143	37.0466	1.31347	36.8	60
dDocent_Contig_15399	1	395	9	226	57.2152	2.93418	34.5	60
dDocent_Contig_15404	1	500	5	133	26.6	1.1	36.9	60
dDocent_Contig_15412	1	395	10	178	45.0633	2.98734	34.1	60
dDocent_Contig_15414	1	357	2	131	36.6947	0.733894	33.4	60
dDocent_Contig_15417	1	382	10	226	59.1623	3.00524	36.9	60
dDocent_Contig_15418	1	346	9	271	78.3237	3.43353	35.3	60
dDocent_Contig_15419	1	442	24	219	49.5475	6.59502	36.2	60
dDocent_Contig_15421	1	357	34	283	79.2717	12.2409	34.5	60
dDocent_Contig_15422	1	381	9	167	43.832	2.46457	36.8	60
dDocent_Contig_15425	1	369	6	219	59.3496	1.88618	36.8	60
dDocent_Contig_15432	1	249	12	211	84.739	6.03614	36.8	60
dDocent_Contig_15439	1	314	5	170	54.1401	1.72293	36.1	60
dDocent_Contig_15440	1	294	1	150	51.0204	0.510204	37	60
dDocent_Contig_15441	1	324	7	198	61.1111	2.72531	35.9	60
dDocent_Contig_15442	1	265	12	191	72.0755	6.20755	35.7	60
dDocent_Contig_15455	1	430	6	132	30.6977	1.49767	36.8	60
dDocent_Contig_15456	1	405	13	250	61.7284	3.81728	36.7	44
dDocent_Contig_15458	1	402	40	202	50.2488	11.9602	35.5	60
dDocent_Contig_15463	1	296	5	193	65.2027	1.875	37	60
dDocent_Contig_15464	1	348	25	186	53.4483	8.87356	36.6	60
dDocent_Contig_15466	1	378	5	226	59.7884	1.98148	33.9	60
dDocent_Contig_15467	1	386	21	214	55.4404	6.21762	35.8	60
dDocent_Contig_15501	1	393	6	129	32.8244	1.70229	36.7	60
dDocent_Contig_15506	1	279	17	191	68.4588	7.64158	34.9	60
dDocent_Contig_15507	1	375	114	233	62.1333	36.224	35.2	60
dDocent_Contig_15517	1	309	14	143	46.2783	5.13592	36	60
dDocent_Contig_15524	1	340	6	112	32.9412	1.97353	33.7	60
dDocent_Contig_15525	1	365	1	145	39.726	0.39726	35.3	60
dDocent_Contig_15526	1	252	6	150	59.5238	3.54762	36	60
dDocent_Contig_15533	1	234	28	198	84.6154	15.7906	35.9	60
dDocent_Contig_15535	1	454	13	267	58.8106	3.34361	36	60
dDocent_Contig_15537	1	313	15	185	59.1054	5.3099	35.9	60
dDocent_Contig_15543	1	415	5	176	42.4096	1.17831	36.8	60
dDocent_Contig_15544	1	325	27	191	58.7692	10.6215	35.2	60
dDocent_Contig_15549	1	355	19	211	59.4366	4.8507	36	60
dDocent_Contig_15562	1	328	23	154	46.9512	6.42073	36	60
dDocent_Contig_15568	1	273	14	205	75.0916	6.7033	36.1	60
dDocent_Contig_15569	1	298	13	171	57.3826	5.07047	36.2	60
dDocent_Contig_15571	1	349	16	199	57.0201	4.9255	35.4	60
dDocent_Contig_15579	1	417	47	387	92.8058	14.1918	35.2	55.3
dDocent_Contig_15581	1	394	7	234	59.3909	2.25127	36.8	60
dDocent_Contig_15610	1	366	3	194	53.0055	0.786885	36.8	60
dDocent_Contig_15617	1	256	15	147	57.4219	7.19141	35.6	60
dDocent_Contig_15620	1	491	4	118	24.0326	0.961303	35.8	60
dDocent_Contig_15621	1	324	17	254	78.3951	6.85494	36.2	60
dDocent_Contig_15622	1	265	15	229	86.4151	7.12453	36	60
dDocent_Contig_15627	1	407	3	116	28.5012	0.840295	36.6	60
dDocent_Contig_15629	1	357	15	252	70.5882	5.11204	36.7	60
dDocent_Contig_15642	1	256	11	183	71.4844	5.17188	34.8	60
dDocent_Contig_15646	1	309	4	178	57.6052	1.76699	36.5	60
dDocent_Contig_15647	1	377	10	163	43.2361	3.38992	35.7	60
dDocent_Contig_15657	1	301	18	178	59.1362	6.13621	36.1	60
dDocent_Contig_15659	1	440	305	440	100	81.1364	36	58.8
dDocent_Contig_15667	1	380	2	145	38.1579	0.763158	36	60
dDocent_Contig_15670	1	444	109	300	67.5676	31.2613	35.5	60
dDocent_Contig_15680	1	310	16	200	64.5161	4.38065	36.7	60
dDocent_Contig_15689	1	350	11	285	81.4286	3.07714	36.8	60
dDocent_Contig_15690	1	366	174	346	94.5355	54.8907	35.7	41.9
dDocent_Contig_15692	1	420	9	169	40.2381	3.10952	36.7	60
dDocent_Contig_15694	1	354	38	350	98.8701	11.0113	36.7	56.1
dDocent_Contig_15711	1	430	3	151	35.1163	1.01395	36.1	60
dDocent_Contig_15712	1	350	11	192	54.8571	3.31714	36.2	60
dDocent_Contig_15713	1	387	4	146	37.7261	1.09044	34.3	60
dDocent_Contig_15716	1	282	19	183	64.8936	9.0922	36.3	60
dDocent_Contig_15717	1	385	387	361	93.7662	118.065	36.4	58.8
dDocent_Contig_15718	1	382	171	359	93.9791	50.4974	36.3	36.1
dDocent_Contig_15719	1	241	10	202	83.8174	4.3361	35.9	60
dDocent_Contig_15733	1	378	17	155	41.0053	5.59524	36	60
dDocent_Contig_15750	1	397	6	131	32.9975	1.32997	36.9	60
dDocent_Contig_15754	1	455	11	289	63.5165	2.77802	35.1	60
dDocent_Contig_15768	1	332	23	231	69.5783	8.88554	36.1	60
dDocent_Contig_15770	1	436	3	151	34.633	1.03211	36.4	60
dDocent_Contig_15772	1	508	4	300	59.0551	1.10236	36.8	60
dDocent_Contig_15778	1	428	11	229	53.5047	3.07243	36.6	60
dDocent_Contig_15784	1	289	22	162	56.0554	9.61592	35	60
dDocent_Contig_15789	1	372	8	232	62.3656	2.3629	36	60
dDocent_Contig_15792	1	450	17	200	44.4444	4.66444	36	60
dDocent_Contig_15795	1	385	13	188	48.8312	4.10649	36.8	60
dDocent_Contig_15796	1	392	27	299	76.2755	8.90561	35.6	60
dDocent_Contig_15799	1	329	157	193	58.6626	55.1611	35.1	60
dDocent_Contig_15821	1	335	12	170	50.7463	4.4209	35.5	60
dDocent_Contig_15842	1	339	4	184	54.2773	1.53687	36.8	60
dDocent_Contig_15846	1	250	19	249	99.6	10.676	36.3	60
dDocent_Contig_15856	1	389	5	183	47.0437	1.38046	36.5	60
dDocent_Contig_15857	1	415	16	172	41.4458	3.98072	36.7	60
dDocent_Contig_15860	1	395	30	349	88.3544	9.12658	35	60
dDocent_Contig_15863	1	237	16	199	83.9662	7.71308	35.3	48.3
dDocent_Contig_15864	1	307	27	215	70.0326	10.1792	35.7	57
dDocent_Contig_15893	1	341	27	309	90.6158	10.5513	34.1	60
dDocent_Contig_15901	1	432	19	267	61.8056	4.54861	35.6	60
dDocent_Contig_15902	1	347	7	157	45.245	2.48991	36.6	60
dDocent_Contig_15908	1	351	15	233	66.3818	3.93732	35.6	60
dDocent_Contig_15912	1	427	10	192	44.9649	2.37471	36.4	60
dDocent_Contig_15926	1	409	11	156	38.1418	3.57457	35.2	60
dDocent_Contig_15928	1	420	1	119	28.3333	0.283333	36.9	60
dDocent_Contig_15931	1	288	15	210	72.9167	5.73958	36.2	60
dDocent_Contig_15936	1	351	4	171	48.7179	1.09972	36.1	60
dDocent_Contig_15938	1	333	3	210	63.0631	1.07508	36.9	60
dDocent_Contig_15944	1	270	47	245	90.7407	22.5778	35.9	60
dDocent_Contig_15949	1	369	41	188	50.9485	14.7317	34.9	60
dDocent_Contig_15955	1	363	9	194	53.4435	2.96143	36	60
dDocent_Contig_15957	1	291	36	274	94.1581	11.9897	36.2	54.5
dDocent_Contig_15958	1	390	19	188	48.2051	5.72051	34.5	60
dDocent_Contig_15960	1	319	20	200	62.6959	6.8652	35.7	60
dDocent_Contig_15963	1	379	2	156	41.1609	0.411609	36.9	60
dDocent_Contig_15967	1	357	51	298	83.4734	18.2633	35.5	60
dDocent_Contig_15968	1	322	36	211	65.528	14.118	35.2	60
dDocent_Contig_15973	1	387	11	267	68.9922	3.09044	34.9	60
dDocent_Contig_15977	1	424	78	290	68.3962	24.4835	35.7	59.6
dDocent_Contig_15982	1	380	44	361	95	14.4526	35	59.8
dDocent_Contig_15983	1	419	26	198	47.2554	7.59905	35.4	58.7
dDocent_Contig_16005	1	386	11	167	43.2642	3.39637	36.8	60
dDocent_Contig_16007	1	349	11	156	44.6991	3.09742	36.2	60
dDocent_Contig_16008	1	468	5	164	35.0427	1.17949	36.9	60
dDocent_Contig_16010	1	403	10	157	38.9578	2.48635	36.1	60
dDocent_Contig_16012	1	400	2	115	28.75	0.575	36.6	60
dDocent_Contig_16015	1	316	17	202	63.9241	5.81962	36.8	60
dDocent_Contig_16024	1	298	19	251	84.2282	8.49329	35.3	60
dDocent_Contig_16026	1	309	28	266	86.0841	11.5437	36.2	53.2
dDocent_Contig_16027	1	460	2	109	23.6957	0.473913	36.9	60
dDocent_Contig_16029	1	279	21	177	63.4409	8.01434	36	60
dDocent_Contig_16031	1	353	137	349	98.8669	44.3796	36.1	53.3
dDocent_Contig_16033	1	334	8	199	59.5808	3.12275	36.1	60
dDocent_Contig_16041	1	336	10	266	79.1667	2.71131	36.5	60
dDocent_Contig_16042	1	427	5	224	52.459	1.53396	35	60
dDocent_Contig_16046	1	397	12	204	51.3854	3.92443	36.5	60
dDocent_Contig_16056	1	369	2	99	26.8293	0.536585	36.9	60
dDocent_Contig_16064	1	368	20	164	44.5652	6.51359	36.2	60
dDocent_Contig_16066	1	472	5	107	22.6695	0.915254	36.9	60
dDocent_Contig_16067	1	398	14	212	53.2663	4.40704	35.1	60
dDocent_Contig_16070	1	410	2	142	34.6341	0.665854	36.5	60
dDocent_Contig_16077	1	450	32	191	42.4444	8.81111	35.7	60
dDocent_Contig_16078	1	331	9	248	74.9245	3.35347	36.4	60
dDocent_Contig_16081	1	383	10	250	65.2742	2.62663	36	60
dDocent_Contig_16086	1	401	6	295	73.5661	1.78803	36.7	60
dDocent_Contig_16089	1	338	4	135	39.9408	1.33136	36.9	60
dDocent_Contig_16100	1	311	2	172	55.3055	0.96463	36.9	60
dDocent_Contig_16124	1	246	125	244	99.187	57.6301	36	49.4
dDocent_Contig_16131	1	364	2	86	23.6264	0.472527	36.9	60
dDocent_Contig_16134	1	341	16	148	43.4018	5.59238	35.8	60
dDocent_Contig_16140	1	391	6	254	64.9616	1.69565	36.8	60
dDocent_Contig_16142	1	301	14	219	72.7575	6.34219	35.6	60
dDocent_Contig_16146	1	414	4	118	28.5024	1.1401	36.5	60
dDocent_Contig_16156	1	358	9	164	45.8101	2.9162	36.8	60
dDocent_Contig_16157	1	384	1	102	26.5625	0.265625	36.9	60
dDocent_Contig_16162	1	441	7	251	56.9161	1.88435	36.3	60
dDocent_Contig_16184	1	335	25	193	57.6119	9.70746	35.5	60
dDocent_Contig_16185	1	370	700	355	95.9459	233.63	35.7	55.3
dDocent_Contig_16186	1	448	639	395	88.1696	166.379	36	59.8
dDocent_Contig_16191	1	342	1	66	19.2982	0.192982	36.8	60
dDocent_Contig_16192	1	472	19	374	79.2373	4.72458	35	60
dDocent_Contig_16194	1	384	1902	365	95.0521	575.245	36.1	51.3
dDocent_Contig_16205	1	333	17	153	45.9459	5.42042	35.6	60
dDocent_Contig_16208	1	385	15	268	69.6104	4.72208	34.9	60
dDocent_Contig_16209	1	274	23	227	82.8467	11.3248	35.5	60
dDocent_Contig_16210	1	264	18	221	83.7121	7.34848	36.2	60
dDocent_Contig_16213	1	236	12	194	82.2034	6.16949	36.3	60
dDocent_Contig_16224	1	393	3	194	49.3639	0.715013	36.8	60
dDocent_Contig_16236	1	372	6	95	25.5376	1.41398	36.9	60
dDocent_Contig_16240	1	409	11	138	33.7408	3.2445	35.3	60
dDocent_Contig_16241	1	370	9	197	53.2432	3.19189	36.4	60
dDocent_Contig_16243	1	412	52	408	99.0291	13.6796	36.5	59.6
dDocent_Contig_16262	1	411	11	214	52.0681	3.46959	35.5	55.7
dDocent_Contig_16265	1	386	53	229	59.3264	15.1114	35.6	60
dDocent_Contig_16283	1	341	13	242	70.9677	4.09091	36.5	58.2
dDocent_Contig_16284	1	435	52	96	22.069	9.48276	35.7	57.4
dDocent_Contig_16287	1	409	168	276	67.4817	44.7237	36.2	51.6
dDocent_Contig_16294	1	387	7	207	53.4884	1.66408	36.1	52
dDocent_Contig_16295	1	296	274	281	94.9324	111.767	36.2	59.9
dDocent_Contig_16296	1	380	113	238	62.6316	35.6132	36.1	59.9
dDocent_Contig_16297	1	264	194	196	74.2424	77.0568	36.1	59.8
dDocent_Contig_16298	1	377	20	289	76.6578	6.87003	36.4	56.1
dDocent_Contig_16300	1	384	31	228	59.375	9.01042	35.4	60
dDocent_Contig_16301	1	319	317	305	95.6113	119.176	36.3	60
dDocent_Contig_16304	1	379	1555	366	96.5699	490.28	35.6	59
dDocent_Contig_16306	1	307	112	293	95.4397	42.43	36.4	59.7
dDocent_Contig_16307	1	351	35	189	53.8462	12.4957	36.4	60
dDocent_Contig_16309	1	248	151	198	79.8387	66.7944	35.4	57.3
dDocent_Contig_16312	1	376	873	365	97.0745	260.362	36.3	50.3
dDocent_Contig_16318	1	485	230	462	95.2577	55.6474	36.1	59.9
dDocent_Contig_16320	1	396	38	323	81.5657	9.86364	36	57
dDocent_Contig_16321	1	344	813	340	98.8372	264.645	35.3	58.3
dDocent_Contig_16323	1	392	95	375	95.6633	28.1964	36.2	45.9
dDocent_Contig_16328	1	362	228	361	99.7238	77.0359	36	60
dDocent_Contig_16331	1	371	9	119	32.0755	2.48787	35.7	60
dDocent_Contig_16336	1	302	433	295	97.6821	176.493	35.8	51.6
dDocent_Contig_16337	1	339	52	266	78.4661	17.3363	36.6	36.2
dDocent_Contig_16338	1	349	10	143	40.9742	3.15186	36.1	60
dDocent_Contig_16340	1	513	10	261	50.8772	1.75049	36.7	60
dDocent_Contig_16342	1	444	394	425	95.7207	105.462	35.2	35.3
dDocent_Contig_16344	1	411	130	372	90.5109	36.4282	35.5	59.7
dDocent_Contig_16346	1	352	22	296	84.0909	7.61364	36.2	58.6
dDocent_Contig_16348	1	402	604	353	87.8109	173.587	35.6	55.8
dDocent_Contig_16352	1	405	1805	284	70.1235	490.469	35.4	57.1
dDocent_Contig_16353	1	419	326	398	94.9881	88.0811	36.1	59.1
dDocent_Contig_16355	1	277	9	125	45.1264	2.70036	35.3	43
dDocent_Contig_16363	1	301	243	295	98.0066	89.5017	36.1	51.7
dDocent_Contig_16364	1	390	154	369	94.6154	47.4462	36.3	47.4
dDocent_Contig_16366	1	367	13	305	83.1063	3.91281	35.9	58.6
dDocent_Contig_16367	1	393	24	336	85.4962	6.43511	36.1	45.2
dDocent_Contig_16369	1	430	2	204	47.4419	0.697674	36.7	60
dDocent_Contig_16370	1	244	14	194	79.5082	7.60656	36	60
dDocent_Contig_16371	1	402	474	401	99.7512	146.087	35.6	59.4
dDocent_Contig_16374	1	394	24	161	40.8629	6.74112	35.8	60
dDocent_Contig_16375	1	389	84	352	90.4884	24.1645	36.2	44.5
dDocent_Contig_16391	1	235	6	134	57.0213	2.70638	36.8	60
dDocent_Contig_16398	1	406	31	148	36.4532	8.79557	34.8	60
dDocent_Contig_16402	1	408	5	175	42.8922	1.83824	35.4	60
dDocent_Contig_16407	1	368	16	217	58.9674	4.8913	35.6	60
dDocent_Contig_16423	1	370	405	370	100	144.838	36.1	44.1
dDocent_Contig_16424	1	302	22	242	80.1325	8.48675	36.1	60
dDocent_Contig_16427	1	401	3	138	34.414	0.842893	36.4	60
dDocent_Contig_16430	1	373	12	240	64.3432	3.72118	36.7	55.8
dDocent_Contig_16432	1	395	14	215	54.4304	4.57975	35.9	60
dDocent_Contig_16435	1	361	14	203	56.2327	4.92521	35.5	60
dDocent_Contig_16439	1	350	12	233	66.5714	4.78571	35.2	60
dDocent_Contig_16442	1	368	12	272	73.913	4.29891	36.4	60
dDocent_Contig_16472	1	397	7	101	25.4408	1.78086	36	60
dDocent_Contig_16487	1	331	22	254	76.7372	8.60725	35.4	60
dDocent_Contig_16493	1	475	19	284	59.7895	5.42526	35.3	60
dDocent_Contig_16509	1	412	28	220	53.3981	8.18204	36.5	60
dDocent_Contig_16517	1	345	43	285	82.6087	16.4957	35.2	60
dDocent_Contig_16532	1	366	9	210	57.377	3.26776	36.6	60
dDocent_Contig_16536	1	464	17	171	36.8534	4.80388	36.3	60
dDocent_Contig_16541	1	321	9	162	50.4673	3.71963	36.1	60
dDocent_Contig_16542	1	345	12	216	62.6087	3.61159	36	60
dDocent_Contig_16551	1	380	11	190	50	3.99211	34.9	60
dDocent_Contig_16552	1	368	14	218	59.2391	4.89674	35.5	60
dDocent_Contig_16553	1	364	14	204	56.044	4.44505	36.2	60
dDocent_Contig_16574	1	412	20	182	44.1748	5.34709	35.6	60
dDocent_Contig_16577	1	442	11	251	56.7873	2.52941	36.9	56.2
dDocent_Contig_16581	1	406	2	110	27.0936	0.541872	36.8	60
dDocent_Contig_16589	1	393	6	173	44.0204	2.09924	36.7	60
dDocent_Contig_16591	1	376	14	174	46.2766	4.03457	36.2	60
dDocent_Contig_16595	1	334	14	292	87.4251	5.54192	35.5	60
dDocent_Contig_16603	1	315	8	246	78.0952	2.37778	36.9	60
dDocent_Contig_16612	1	392	13	204	52.0408	3.97959	36.6	60
dDocent_Contig_16616	1	380	30	215	56.5789	9.93158	35.9	60
dDocent_Contig_16617	1	437	26	388	88.7872	6.60412	36.5	56.7
dDocent_Contig_16619	1	317	6	152	47.9495	2.2776	35.9	60
dDocent_Contig_16633	1	414	7	130	31.401	1.58696	36.8	60
dDocent_Contig_16638	1	438	19	293	66.895	5.89726	36.3	59.9
dDocent_Contig_16663	1	447	7	159	35.5705	1.82774	35.3	60
dDocent_Contig_16672	1	363	14	147	40.4959	3.60606	35.4	60
dDocent_Contig_16676	1	390	27	195	50	7.99744	36.7	60
dDocent_Contig_16680	1	246	8	236	95.935	3.81707	36.6	60
dDocent_Contig_16700	1	400	847	399	99.75	242.333	36.3	54.6
dDocent_Contig_16715	1	403	6	187	46.402	1.69231	36.7	60
dDocent_Contig_16721	1	366	34	166	45.3552	10.4918	34.9	60
dDocent_Contig_16724	1	328	1538	328	100	556.387	36.2	56.5
dDocent_Contig_16725	1	394	71	393	99.7462	19.3503	36	52.6
dDocent_Contig_16729	1	385	12	296	76.8831	3.21299	36.5	60
dDocent_Contig_16737	1	325	30	225	69.2308	9.75077	35.9	60
dDocent_Contig_16743	1	458	11	241	52.6201	2.5262	35.5	60
dDocent_Contig_16746	1	394	58	359	91.1168	13.5812	36.1	54.9
dDocent_Contig_16747	1	335	7	106	31.6418	1.69851	35.4	60
dDocent_Contig_16748	1	292	94	292	100	31.7432	35.4	53.1
dDocent_Contig_16749	1	238	5	197	82.7731	2.5042	33.7	60
dDocent_Contig_16780	1	356	10	237	66.573	3.6573	36.8	60
dDocent_Contig_16781	1	334	4	127	38.024	1.40719	36.9	60
dDocent_Contig_16782	1	406	134	361	88.9163	40.2463	35.6	59.3
dDocent_Contig_16783	1	364	24	303	83.2418	8.42857	35.7	60
dDocent_Contig_16785	1	356	1	78	21.9101	0.219101	36.8	60
dDocent_Contig_16786	1	466	8	305	65.4506	2.3927	34.6	60
dDocent_Contig_16800	1	439	18	237	53.9863	4.56948	35.7	57.2
dDocent_Contig_16801	1	295	22	165	55.9322	9.75593	34.8	60
dDocent_Contig_16817	1	339	28	248	73.1563	9.66667	35.9	55.3
dDocent_Contig_16821	1	463	31	193	41.6847	8.77538	35.1	60
dDocent_Contig_16822	1	369	142	332	89.9729	47.3523	35.4	41
dDocent_Contig_16830	1	453	21	213	47.0199	6.88521	35.4	60
dDocent_Contig_16831	1	244	360	166	68.0328	144.348	36.3	56.7
dDocent_Contig_16833	1	360	2	150	41.6667	0.833333	36.4	60
dDocent_Contig_16848	1	386	187	384	99.4819	55.5959	36.3	42.8
dDocent_Contig_16850	1	343	1218	343	100	429.262	36.1	56.2
dDocent_Contig_16853	1	312	14	195	62.5	4.85256	36.2	60
dDocent_Contig_16862	1	224	12	190	84.8214	5	36.1	60
dDocent_Contig_16875	1	359	24	169	47.0752	8.13928	35.3	60
dDocent_Contig_16877	1	375	16	196	52.2667	5.21333	34.7	60
dDocent_Contig_16886	1	398	462	189	47.4874	126.188	36.1	46.2
dDocent_Contig_16887	1	368	62	195	52.9891	17.2745	36	42.5
dDocent_Contig_16888	1	339	6	123	36.2832	1.72271	36.7	60
dDocent_Contig_16892	1	455	3	228	50.1099	0.701099	36.9	60
dDocent_Contig_16900	1	404	19	187	46.2871	6.22772	36.2	60
dDocent_Contig_16904	1	368	7	264	71.7391	2.03261	36.8	60
dDocent_Contig_16907	1	460	14	146	31.7391	3.57391	35.5	60
dDocent_Contig_16920	1	320	5	220	68.75	1.85	36.4	60
dDocent_Contig_16921	1	350	5	140	40	1.60571	36.7	60
dDocent_Contig_16923	1	484	11	169	34.9174	2.41736	35.6	60
dDocent_Contig_16941	1	335	19	174	51.9403	6.42687	35.8	60
dDocent_Contig_16943	1	419	8	150	35.7995	2.04057	36.6	60
dDocent_Contig_16944	1	353	19	287	81.3031	6.11898	35.4	60
dDocent_Contig_16945	1	479	11	277	57.8288	2.30689	36.8	60
dDocent_Contig_16952	1	411	60	243	59.1241	14.7105	35.3	60
dDocent_Contig_16954	1	240	9	186	77.5	4.25833	36.8	60
dDocent_Contig_16969	1	414	34	124	29.9517	7.64251	34.6	60
dDocent_Contig_16973	1	304	7	222	73.0263	2.50329	35.7	60
dDocent_Contig_16978	1	376	27	206	54.7872	9.05851	35.5	60
dDocent_Contig_16982	1	374	21	252	67.3797	6.98663	36.2	60
dDocent_Contig_16983	1	313	14	133	42.492	4.89776	36.1	60
dDocent_Contig_16984	1	326	24	203	62.2699	7.63497	36	60
dDocent_Contig_16991	1	385	61	289	75.0649	19.4727	36.1	45.2
dDocent_Contig_16994	1	391	4	143	36.5729	1.12532	36.9	60
dDocent_Contig_16996	1	475	2	92	19.3684	0.387368	37	60
dDocent_Contig_16998	1	366	16	191	52.1858	5.06557	35.1	60
dDocent_Contig_17000	1	399	21	187	46.8672	6.58897	36.1	60
dDocent_Contig_17002	1	267	7	145	54.3071	2.7603	36.8	60
dDocent_Contig_17004	1	378	7	142	37.5661	2.31217	34.6	60
dDocent_Contig_17005	1	330	1	108	32.7273	0.327273	36.9	60
dDocent_Contig_17006	1	408	5	205	50.2451	1.2549	34.7	60
dDocent_Contig_17016	1	296	38	192	64.8649	17.1824	35.3	60
dDocent_Contig_17021	1	372	9	163	43.8172	2.7043	34.8	60
dDocent_Contig_17023	1	309	5	169	54.6926	1.73463	36.6	60
dDocent_Contig_17033	1	400	5	126	31.5	1.165	36.8	60
dDocent_Contig_17042	1	399	85	358	89.7243	23.8847	35.8	60
dDocent_Contig_17060	1	384	36	275	71.6146	12.7292	35	60
dDocent_Contig_17061	1	385	5	255	66.2338	1.65195	36.2	60
dDocent_Contig_17064	1	384	2	76	19.7917	0.395833	37	60
dDocent_Contig_17066	1	392	15	274	69.898	5.16327	36.3	60
dDocent_Contig_17067	1	299	18	193	64.5485	6.87625	35.1	60
dDocent_Contig_17069	1	357	13	222	62.1849	3.67227	35.9	60
dDocent_Contig_17073	1	403	11	281	69.727	2.68238	35.9	45.8
dDocent_Contig_17075	1	290	2	142	48.9655	0.97931	35	60
dDocent_Contig_17078	1	467	17	392	83.94	3.95931	36.5	60
dDocent_Contig_17089	1	376	5	201	53.4574	1.65957	36.8	60
dDocent_Contig_17090	1	333	8	174	52.2523	3.42943	36.4	60
dDocent_Contig_17091	1	380	9	297	78.1579	3.07105	36.7	60
dDocent_Contig_17095	1	462	13	211	45.671	3.18831	36.1	60
dDocent_Contig_17100	1	393	19	286	72.7735	5.63613	35.6	60
dDocent_Contig_17110	1	405	10	233	57.5309	3.21235	36.3	60
dDocent_Contig_17111	1	321	9	193	60.1246	2.51402	36.9	60
dDocent_Contig_17123	1	334	8	186	55.6886	2.32934	35.5	51.2
dDocent_Contig_17127	1	361	8	203	56.2327	2.6482	36.9	60
dDocent_Contig_17134	1	388	27	229	59.0206	8.20103	35.6	60
dDocent_Contig_17136	1	434	13	209	48.1567	3.92857	35.9	60
dDocent_Contig_17139	1	405	13	295	72.8395	3.72346	35.6	60
dDocent_Contig_17141	1	369	17	178	48.2385	6.17344	35.8	60
dDocent_Contig_17142	1	488	17	304	62.2951	4.25205	35.7	60
dDocent_Contig_17144	1	435	7	204	46.8966	1.84828	36.9	60
dDocent_Contig_17152	1	458	2	99	21.6157	0.432314	36.7	60
dDocent_Contig_17155	1	399	7	127	31.8296	1.59398	36.9	60
dDocent_Contig_17156	1	401	11	242	60.3491	3.21945	34.9	60
dDocent_Contig_17160	1	336	4	104	30.9524	1.2381	37	60
dDocent_Contig_17163	1	280	2	200	71.4286	1.07143	36.9	60
dDocent_Contig_17164	1	313	10	215	68.6901	2.90735	35.5	60
dDocent_Contig_17165	1	362	85	179	49.4475	25.5856	35.3	60
dDocent_Contig_17170	1	459	71	443	96.5142	19.3529	35.8	42.6
dDocent_Contig_17175	1	322	18	302	93.7888	6.3882	36.1	60
dDocent_Contig_17176	1	313	33	301	96.1661	13.3035	35.6	60
dDocent_Contig_17177	1	244	6	179	73.3607	3.43443	35.2	60
dDocent_Contig_17188	1	387	3	108	27.907	0.669251	36.7	60
dDocent_Contig_17189	1	421	9	167	39.6675	2.95249	34.5	60
dDocent_Contig_17192	1	298	21	237	79.5302	9.56711	35.5	60
dDocent_Contig_17193	1	413	6	117	28.3293	1.37046	36.4	60
dDocent_Contig_17194	1	454	14	146	32.1586	3.8326	34.6	60
dDocent_Contig_17201	1	335	6	265	79.1045	1.66567	36.8	60
dDocent_Contig_17213	1	446	3	153	34.3049	0.890135	36.9	60
dDocent_Contig_17218	1	353	12	254	71.9547	4.10765	35.6	60
dDocent_Contig_17220	1	401	16	302	75.3117	5.00249	36.1	60
dDocent_Contig_17229	1	344	75	291	84.593	19.6105	35.8	60
dDocent_Contig_17231	1	424	19	340	80.1887	5.86557	36.4	60
dDocent_Contig_17232	1	388	17	131	33.7629	4.97165	36.3	60
dDocent_Contig_17234	1	401	6	254	63.3416	1.54613	36.1	60
dDocent_Contig_17237	1	266	56	205	77.0677	26.1955	35.2	60
dDocent_Contig_17257	1	378	2	70	18.5185	0.37037	36.7	60
dDocent_Contig_17268	1	351	17	207	58.9744	6.47009	36	60
dDocent_Contig_17269	1	380	12	209	55	4.06053	36.4	60
dDocent_Contig_17273	1	341	12	188	55.132	4.80938	35.6	60
dDocent_Contig_17274	1	384	10	115	29.9479	2.60938	35.1	60
dDocent_Contig_17280	1	388	9	193	49.7423	3.07474	35.8	60
dDocent_Contig_17292	1	435	7	231	53.1034	1.97701	34.6	60
dDocent_Contig_17295	1	244	13	231	94.6721	6.68852	35.1	60
dDocent_Contig_17296	1	375	8	236	62.9333	2.208	36.9	60
dDocent_Contig_17298	1	444	21	232	52.2523	6.53829	35.3	60
dDocent_Contig_17299	1	335	16	138	41.194	5.39701	35.2	60
dDocent_Contig_17304	1	379	9	236	62.2691	2.6781	36.2	60
dDocent_Contig_17307	1	388	10	336	86.5979	3.07474	36	60
dDocent_Contig_17308	1	498	15	192	38.5542	2.72289	36.4	60
dDocent_Contig_17310	1	375	24	219	58.4	8.25333	35.3	60
dDocent_Contig_17316	1	322	25	180	55.9006	9.85093	35.6	60
dDocent_Contig_17319	1	324	13	224	69.1358	4.9537	35.8	60
dDocent_Contig_17320	1	410	34	244	59.5122	8.78537	36.6	35.2
dDocent_Contig_17321	1	387	13	201	51.938	3.94832	35.7	60
dDocent_Contig_17328	1	341	121	261	76.5396	41.6158	36.2	26.9
dDocent_Contig_17333	1	301	7	131	43.5216	2.0598	36.8	60
dDocent_Contig_17336	1	401	7	142	35.4115	2.3591	36.6	60
dDocent_Contig_17337	1	434	94	165	38.0184	19.3249	35.4	60
dDocent_Contig_17341	1	388	9	235	60.567	3.26289	36.7	60
dDocent_Contig_17348	1	321	4	165	51.4019	1.60748	32.9	60
dDocent_Contig_17349	1	327	88	246	75.2294	29.1529	36.2	50.8
dDocent_Contig_17365	1	328	6	142	43.2927	2.07622	36.7	60
dDocent_Contig_17368	1	446	26	195	43.722	7.01794	35.9	52.1
dDocent_Contig_17374	1	384	16	231	60.1562	5.14323	36	60
dDocent_Contig_17377	1	269	2	69	25.6506	0.513011	37	60
dDocent_Contig_17384	1	353	18	227	64.3059	5.98584	35.3	60
dDocent_Contig_17388	1	334	15	173	51.7964	5.99401	35.7	60
dDocent_Contig_17389	1	349	24	317	90.8309	7.90544	34.5	56.8
dDocent_Contig_17390	1	373	2	109	29.2225	0.58445	34.9	60
dDocent_Contig_17393	1	387	18	184	47.5452	5.44444	35.3	60
dDocent_Contig_17396	1	276	1	63	22.8261	0.228261	36.8	60
dDocent_Contig_17407	1	355	1293	353	99.4366	430.541	36.1	58.3
dDocent_Contig_17409	1	316	11	205	64.8734	3.7057	35.3	60
dDocent_Contig_17413	1	399	2	112	28.0702	0.561404	37	60
dDocent_Contig_17415	1	400	6	133	33.25	1.465	36.6	60
dDocent_Contig_17417	1	281	15	182	64.7687	6.1032	34.7	60
dDocent_Contig_17421	1	395	10	318	80.5063	3.03038	36.1	47.6
dDocent_Contig_17422	1	371	115	370	99.7305	34.4178	36.1	56.4
dDocent_Contig_17423	1	382	14	190	49.7382	5.0733	34.5	60
dDocent_Contig_17428	1	458	2	69	15.0655	0.30131	36.5	60
dDocent_Contig_17429	1	343	4	188	54.8105	1.41108	35	60
dDocent_Contig_17434	1	408	9	321	78.6765	2.42402	36.9	60
dDocent_Contig_17435	1	433	7	257	59.3533	2.11547	36.2	60
dDocent_Contig_17442	1	352	14	239	67.8977	5.07102	35.6	60
dDocent_Contig_17444	1	310	22	187	60.3226	8.11613	34.7	60
dDocent_Contig_17446	1	350	2	134	38.2857	0.765714	36.9	60
dDocent_Contig_17447	1	430	5	114	26.5116	0.946512	36.2	60
dDocent_Contig_17452	1	402	238	387	96.2687	76.1393	36	59.6
dDocent_Contig_17456	1	384	37	215	55.9896	12.0312	35.4	60
dDocent_Contig_17461	1	475	12	298	62.7368	2.90526	36.6	60
dDocent_Contig_17471	1	296	8	172	58.1081	2.95946	36.6	60
dDocent_Contig_17472	1	350	6	250	71.4286	2.06571	34.8	60
dDocent_Contig_17483	1	405	8	348	85.9259	2.58025	36.5	60
dDocent_Contig_17489	1	516	16	214	41.4729	3.41473	35.9	60
dDocent_Contig_17491	1	290	11	160	55.1724	3.97586	36.1	60
dDocent_Contig_17498	1	450	18	221	49.1111	5.33778	35.7	60
dDocent_Contig_17500	1	500	13	203	40.6	3.324	35.9	60
dDocent_Contig_17503	1	412	6	130	31.5534	1.50971	35.6	60
dDocent_Contig_17509	1	402	21	272	67.6617	6.67413	35.1	60
dDocent_Contig_17515	1	306	12	218	71.2418	4.6634	36.1	60
dDocent_Contig_17522	1	411	13	217	52.7981	4.32847	36	60
dDocent_Contig_17523	1	344	2	117	34.0116	0.680233	33.5	60
dDocent_Contig_17526	1	298	3	232	77.8523	1.11745	36.7	60
dDocent_Contig_17530	1	379	4	223	58.8391	1.23483	36.6	60
dDocent_Contig_17536	1	354	12	182	51.4124	4.58475	36.4	60
dDocent_Contig_17559	1	346	9	206	59.5376	2.38728	36.6	46.3
dDocent_Contig_17562	1	329	16	210	63.8298	5.01216	36.3	60
dDocent_Contig_17571	1	450	57	207	46	16.36	35.5	60
dDocent_Contig_17576	1	449	13	131	29.1759	2.85746	36.5	60
dDocent_Contig_17608	1	341	108	207	60.7038	31.7302	35.9	53.2
dDocent_Contig_17609	1	235	24	207	88.0851	12.2809	35.5	60
dDocent_Contig_17611	1	334	84	333	99.7006	26.9102	36.1	55.5
dDocent_Contig_17613	1	273	6	152	55.6777	1.97436	35.5	60
dDocent_Contig_17617	1	390	20	287	73.5897	6.75641	35.6	60
dDocent_Contig_17642	1	331	18	190	57.4018	7.84894	34.7	60
dDocent_Contig_17650	1	351	21	221	62.963	7.31054	36.7	60
dDocent_Contig_17658	1	360	43	184	51.1111	13.0667	35	60
dDocent_Contig_17659	1	436	12	301	69.0367	3.30505	36.6	60
dDocent_Contig_17671	1	306	7	105	34.3137	1.90196	36	60
dDocent_Contig_17676	1	360	6	127	35.2778	1.86667	36.8	60
dDocent_Contig_17677	1	371	2	101	27.2237	0.544474	36.9	60
dDocent_Contig_17681	1	422	18	156	36.9668	3.89573	36.2	60
dDocent_Contig_17686	1	396	23	325	82.0707	7.90909	35.9	60
dDocent_Contig_17692	1	435	13	216	49.6552	3.64138	36.4	60
dDocent_Contig_17700	1	385	29	332	86.2338	9.82338	35.8	60
dDocent_Contig_17711	1	238	10	167	70.1681	4.21849	36.6	60
dDocent_Contig_17712	1	273	1	119	43.5897	0.435897	36.6	60
dDocent_Contig_17715	1	358	25	224	62.5698	8.76816	36.1	60
dDocent_Contig_17716	1	396	10	206	52.0202	3.35354	35.8	60
dDocent_Contig_17722	1	365	16	297	81.3699	5.85753	36.1	60
dDocent_Contig_17730	1	373	8	178	47.7212	2.63271	35.7	60
dDocent_Contig_17739	1	248	27	170	68.5484	12.5726	35	60
dDocent_Contig_17740	1	260	33	212	81.5385	17.5231	35.4	60
dDocent_Contig_17766	1	277	10	162	58.4838	4.14801	35.7	60
dDocent_Contig_17767	1	375	8	155	41.3333	2.16533	34.8	60
dDocent_Contig_17775	1	326	19	165	50.6135	6.98466	36.2	60
dDocent_Contig_17777	1	321	8	203	63.2399	3.26791	36.1	60
dDocent_Contig_17790	1	473	16	209	44.186	4.30021	35.4	60
dDocent_Contig_17792	1	395	13	222	56.2025	4.64557	36.7	60
dDocent_Contig_17796	1	331	38	236	71.2991	15.2568	35.4	60
dDocent_Contig_17804	1	382	14	151	39.5288	4.44503	35.8	60
dDocent_Contig_17813	1	466	11	148	31.7597	3.17382	35.6	60
dDocent_Contig_17817	1	429	18	182	42.4242	4.39394	36.2	60
dDocent_Contig_17818	1	430	13	314	73.0233	3.1907	36.7	60
dDocent_Contig_17829	1	304	13	173	56.9079	4.26974	36.8	60
dDocent_Contig_17834	1	359	1	114	31.7549	0.317549	37	60
dDocent_Contig_17835	1	266	9	251	94.3609	4.80075	35.5	60
dDocent_Contig_17848	1	408	19	252	61.7647	5.21324	36.5	60
dDocent_Contig_17849	1	361	21	213	59.0028	7.37396	35	60
dDocent_Contig_17860	1	300	6	215	71.6667	2.97667	36.8	60
dDocent_Contig_17861	1	267	8	208	77.9026	3.04869	34.7	60
dDocent_Contig_17867	1	376	13	289	76.8617	4.00798	36.7	60
dDocent_Contig_17871	1	402	2	94	23.3831	0.383085	33.3	60
dDocent_Contig_17898	1	307	1	150	48.8599	0.488599	35.7	60
dDocent_Contig_17903	1	359	14	160	44.5682	3.73538	36.5	60
dDocent_Contig_17931	1	405	6	281	69.3827	2.13333	35.8	60
dDocent_Contig_17937	1	396	14	253	63.8889	4.09091	36.8	60
dDocent_Contig_17938	1	416	17	237	56.9712	5.2524	35.7	60
dDocent_Contig_17949	1	391	11	163	41.688	2.98977	35.4	60
dDocent_Contig_17950	1	381	5	181	47.5066	1.11811	36.7	60
dDocent_Contig_17963	1	260	2	94	36.1538	0.723077	37	60
dDocent_Contig_17968	1	272	18	212	77.9412	8.31618	35.4	60
dDocent_Contig_17970	1	352	22	177	50.2841	5.71307	35.5	60
dDocent_Contig_17982	1	430	14	149	34.6512	4.43488	35.7	60
dDocent_Contig_17995	1	355	12	148	41.6901	4.11831	33.9	60
dDocent_Contig_17996	1	332	17	209	62.9518	5.97289	34.9	60
dDocent_Contig_18003	1	383	5	282	73.6292	1.51175	36.8	60
dDocent_Contig_18004	1	360	22	244	67.7778	7.79444	35.7	60
dDocent_Contig_18011	1	301	23	171	56.8106	9.06645	36	60
dDocent_Contig_18012	1	357	78	346	96.9188	25.1204	36.2	56
dDocent_Contig_18013	1	405	15	162	40	3.63704	34.8	60
dDocent_Contig_18023	1	334	10	252	75.4491	2.48802	36.7	54
dDocent_Contig_18036	1	411	7	117	28.4672	1.80292	36.4	60
dDocent_Contig_18038	1	446	2	59	13.2287	0.264574	36.5	60
dDocent_Contig_18042	1	335	8	195	58.209	2.44179	35.8	60
dDocent_Contig_18043	1	373	7	199	53.3512	2.03485	34.7	60
dDocent_Contig_18048	1	382	5	204	53.4031	1.93194	36.1	60
dDocent_Contig_18053	1	385	24	169	43.8961	6.64416	36.2	60
dDocent_Contig_18080	1	400	2	110	27.5	0.55	34.7	60
dDocent_Contig_18083	1	317	9	176	55.5205	3.35647	36.9	60
dDocent_Contig_18089	1	397	1	121	30.4786	0.304786	36.9	60
dDocent_Contig_18091	1	378	17	323	85.4497	5.49735	36.5	60
dDocent_Contig_18093	1	375	16	338	90.1333	4.26933	36.7	57.8
dDocent_Contig_18097	1	277	23	276	99.639	8.68231	35.9	59.8
dDocent_Contig_18108	1	419	6	253	60.3819	1.53222	35.8	60
dDocent_Contig_18109	1	369	25	245	66.3957	8.28184	36.4	60
dDocent_Contig_18110	1	386	1	120	31.0881	0.310881	36.6	60
dDocent_Contig_18118	1	378	12	172	45.5026	3.27778	36.3	60
dDocent_Contig_18132	1	477	958	412	86.3732	232.925	36	36
dDocent_Contig_18138	1	369	6	189	51.2195	1.69106	36.8	60
dDocent_Contig_18141	1	246	4	138	56.0976	1.53659	35.3	60
dDocent_Contig_18153	1	379	2	154	40.6332	0.765172	36.9	60
dDocent_Contig_18154	1	343	2	96	27.9883	0.559767	36.9	60
dDocent_Contig_18160	1	409	1782	407	99.511	514.958	35.9	59.3
dDocent_Contig_18183	1	293	11	150	51.1945	3.56314	36.1	60
dDocent_Contig_18187	1	359	6	191	53.2033	2.36769	33.7	60
dDocent_Contig_18188	1	376	9	155	41.2234	2.9734	34.8	60
dDocent_Contig_18203	1	471	9	279	59.2357	2.70064	34.8	60
dDocent_Contig_18206	1	259	6	174	67.1815	2.7529	36.1	60
dDocent_Contig_18209	1	370	5	150	40.5405	1.55946	36.8	60
dDocent_Contig_18211	1	274	13	200	72.9927	4.98905	36	60
dDocent_Contig_18212	1	379	10	190	50.1319	3.80739	36.1	60
dDocent_Contig_18223	1	292	14	212	72.6027	5.65411	35.1	60
dDocent_Contig_18227	1	465	19	254	54.6237	4.03441	36.2	60
dDocent_Contig_18231	1	294	7	149	50.6803	2.09184	36.8	60
dDocent_Contig_18235	1	270	8	93	34.4444	2.48148	35.8	22.2
dDocent_Contig_18242	1	384	76	223	58.0729	20.0964	36	54.9
dDocent_Contig_18252	1	374	9	135	36.0963	2.64706	35.7	60
dDocent_Contig_18253	1	446	3	166	37.2197	1.00897	35.3	60
dDocent_Contig_18254	1	329	7	162	49.2401	2.21884	34.9	60
dDocent_Contig_18261	1	372	8	279	75	3.10753	34.5	60
dDocent_Contig_18272	1	254	41	249	98.0315	19.1299	35	60
dDocent_Contig_18273	1	368	13	155	42.1196	4.02717	35.2	60
dDocent_Contig_18275	1	358	7	164	45.8101	2.5419	35.8	60
dDocent_Contig_18297	1	388	4	198	51.0309	1.51546	36.7	60
dDocent_Contig_18300	1	326	20	198	60.7362	7.7362	35.2	60
dDocent_Contig_18317	1	424	6	163	38.4434	1.88679	36.8	60
dDocent_Contig_18318	1	297	8	229	77.1044	3.70707	36.3	60
dDocent_Contig_18321	1	353	3	182	51.5581	1.13031	36.7	60
dDocent_Contig_18331	1	397	6	184	46.3476	1.51637	36.8	60
dDocent_Contig_18336	1	357	3	100	28.0112	0.655462	33.1	60
dDocent_Contig_18350	1	452	4	145	32.0796	1.06858	36	60
dDocent_Contig_18353	1	316	5	162	51.2658	2.37342	36.5	60
dDocent_Contig_18354	1	349	579	304	87.106	174.639	36.1	47.6
dDocent_Contig_18359	1	370	135	349	94.3243	46.5324	36	59.1
dDocent_Contig_18370	1	307	7	187	60.9121	3.20521	36.5	60
dDocent_Contig_18371	1	460	8	156	33.913	1.96522	36.6	60
dDocent_Contig_18372	1	309	18	168	54.3689	6.44337	35.9	60
dDocent_Contig_18376	1	416	40	240	57.6923	10.3798	35.4	60
dDocent_Contig_18385	1	401	3	150	37.4065	0.773067	36.6	60
dDocent_Contig_18391	1	264	5	143	54.1667	2.54545	36.3	60
dDocent_Contig_18394	1	345	9	173	50.1449	2.04058	36.5	52
dDocent_Contig_18410	1	461	14	173	37.5271	3.84382	35.2	60
dDocent_Contig_18421	1	439	28	218	49.6583	8.74943	35.4	60
dDocent_Contig_18432	1	387	14	236	60.9819	4.26615	35.7	57.4
dDocent_Contig_18433	1	340	4	159	46.7647	1.75	33.3	60
dDocent_Contig_18437	1	344	6	110	31.9767	1.9186	35.5	60
dDocent_Contig_18439	1	329	459	316	96.0486	169.951	36.2	59.9
dDocent_Contig_18440	1	435	47	163	37.4713	15.9425	34.5	60
dDocent_Contig_18443	1	396	10	172	43.4343	3.36111	35.5	60
dDocent_Contig_18447	1	255	11	192	75.2941	5.4549	36.4	60
dDocent_Contig_18456	1	395	13	244	61.7722	3.09367	36.6	57.1
dDocent_Contig_18457	1	299	9	147	49.1639	3.88629	35.7	60
dDocent_Contig_18492	1	343	1308	277	80.758	454.571	35.8	59.4
dDocent_Contig_18498	1	330	9	182	55.1515	3.09697	36.1	60
dDocent_Contig_18499	1	442	3	105	23.7557	0.585973	34.8	60
dDocent_Contig_18504	1	393	3	163	41.4758	0.94402	36.9	60
dDocent_Contig_18505	1	368	6	199	54.0761	1.91576	36.6	60
dDocent_Contig_18509	1	413	5	207	50.1211	1.61743	36.3	60
dDocent_Contig_18510	1	392	6	249	63.5204	2.08163	36.6	60
dDocent_Contig_18511	1	334	19	274	82.0359	6.07485	36.6	57.2
dDocent_Contig_18519	1	446	20	262	58.7444	5.42152	36.3	60
dDocent_Contig_18529	1	375	2	126	33.6	0.672	36.7	60
dDocent_Contig_18551	1	315	3	156	49.5238	0.688889	36.8	58
dDocent_Contig_18560	1	430	22	258	60	6.70465	36.1	60
dDocent_Contig_18562	1	375	19	249	66.4	6.936	35.4	60
dDocent_Contig_18568	1	361	17	190	52.6316	5.759	35.4	60
dDocent_Contig_18569	1	362	1	148	40.884	0.40884	36.9	60
dDocent_Contig_18605	1	362	26	174	48.0663	8.74033	35.8	60
dDocent_Contig_18607	1	407	2	136	33.4152	0.668305	36.6	60
dDocent_Contig_18625	1	379	8	175	46.1741	2.79156	36	60
dDocent_Contig_18627	1	395	7	196	49.6203	2.08608	35.2	60
dDocent_Contig_18632	1	327	62	193	59.0214	14.2844	34.9	59.9
dDocent_Contig_18633	1	394	13	195	49.4924	4.12437	35.3	60
dDocent_Contig_18634	1	264	73	247	93.5606	35.303	35.5	60
dDocent_Contig_18635	1	239	12	172	71.9665	5.44351	35.9	60
dDocent_Contig_18638	1	399	3	214	53.6341	1.12782	36.9	60
dDocent_Contig_18640	1	329	16	279	84.8024	5.94833	36.2	58.8
dDocent_Contig_18641	1	413	55	365	88.3777	16.0751	36.1	60
dDocent_Contig_18646	1	333	327	332	99.6997	113.429	35.8	53
dDocent_Contig_18669	1	321	9	155	48.2866	2.86604	35.6	60
dDocent_Contig_18670	1	373	619	373	100	201.04	35.3	59.7
dDocent_Contig_18671	1	410	18	246	60	4.56098	36.1	60
dDocent_Contig_18678	1	363	9	169	46.5565	3.0551	36.2	60
dDocent_Contig_18687	1	347	240	326	93.9481	78.4726	36.1	58.9
dDocent_Contig_18688	1	335	4	114	34.0299	1.23284	36.9	60
dDocent_Contig_18693	1	303	44	202	66.6667	15.7855	35.9	50.8
dDocent_Contig_18694	1	380	12	202	53.1579	3.55263	35.8	60
dDocent_Contig_18717	1	354	8	143	40.3955	2.19774	36.7	60
dDocent_Contig_18726	1	400	27	318	79.5	8.785	35	60
dDocent_Contig_18735	1	383	44	181	47.2585	15.0601	34.5	60
dDocent_Contig_18738	1	320	67	160	50	21.5375	34.6	59.9
dDocent_Contig_18739	1	394	44	211	53.5533	14.3553	35.3	60
dDocent_Contig_18747	1	401	39	188	46.8828	11.1796	34.8	60
dDocent_Contig_18750	1	258	2	79	30.6202	0.612403	36.8	60
dDocent_Contig_18755	1	284	10	122	42.9577	3.76761	36.6	60
dDocent_Contig_18756	1	378	5	202	53.4392	1.4127	36.9	60
dDocent_Contig_18757	1	300	7	77	25.6667	1.79667	34.6	60
dDocent_Contig_18759	1	380	9	143	37.6316	2.19211	35.6	60
dDocent_Contig_18768	1	425	4	168	39.5294	1.29412	36.9	60
dDocent_Contig_18791	1	308	2	84	27.2727	0.545455	37	60
dDocent_Contig_18799	1	381	10	167	43.832	3.3937	35.7	60
dDocent_Contig_18823	1	338	5	132	39.0533	1.22485	36.5	60
dDocent_Contig_18827	1	414	58	395	95.4106	16.9179	35.9	47.6
dDocent_Contig_18832	1	431	29	329	76.3341	7.30626	36.2	55
dDocent_Contig_18846	1	398	24	323	81.1558	7.67588	35.6	60
dDocent_Contig_18849	1	322	11	156	48.4472	4.46273	35.4	60
dDocent_Contig_18850	1	358	2	113	31.5642	0.631285	37	60
dDocent_Contig_18853	1	407	23	286	70.2703	6.81818	36.4	60
dDocent_Contig_18860	1	357	23	225	63.0252	7.2381	36	60
dDocent_Contig_18861	1	307	20	205	66.7752	8.57329	36.2	60
dDocent_Contig_18862	1	417	3	153	36.6906	1.07914	36.9	60
dDocent_Contig_18863	1	345	5	180	52.1739	1.52754	36.9	60
dDocent_Contig_18865	1	340	20	169	49.7059	6.17059	35.6	60
dDocent_Contig_18871	1	319	8	156	48.9028	2.61755	34.6	60
dDocent_Contig_18880	1	368	10	179	48.6413	3.13315	36	60
dDocent_Contig_18883	1	385	11	329	85.4545	3.24935	36.4	60
dDocent_Contig_18888	1	396	17	201	50.7576	5.4899	33.9	60
dDocent_Contig_18890	1	344	18	337	97.9651	5.77616	36.2	60
dDocent_Contig_18892	1	335	960	310	92.5373	348.699	36	59.6
dDocent_Contig_18893	1	369	141	260	70.4607	41.6585	35.9	52
dDocent_Contig_18894	1	426	4	172	40.3756	1.0939	36.7	60
dDocent_Contig_18898	1	304	142	302	99.3421	50.7138	36.3	55.5
dDocent_Contig_18903	1	417	8	134	32.1343	1.73861	36.6	52.9
dDocent_Contig_18906	1	368	6	168	45.6522	1.6413	36.5	60
dDocent_Contig_18907	1	338	14	188	55.6213	4.90237	36.3	60
dDocent_Contig_18908	1	413	108	362	87.6513	33.7942	35.9	60
dDocent_Contig_18910	1	482	15	455	94.3983	3.34025	36.1	60
dDocent_Contig_18911	1	365	4	188	51.5068	1.51781	36.9	60
dDocent_Contig_18917	1	315	8	167	53.0159	3.25714	36.9	60
dDocent_Contig_18918	1	405	8	250	61.7284	1.90617	35.7	60
dDocent_Contig_18934	1	341	16	198	58.0645	5.32845	36.3	60
dDocent_Contig_18941	1	399	33	251	62.9073	7.92481	36.2	33.8
dDocent_Contig_18942	1	367	50	146	39.782	16.3134	34.1	60
dDocent_Contig_18946	1	356	8	148	41.573	2.63202	36.6	60
dDocent_Contig_18947	1	371	47	366	98.6523	15.2318	36.4	60
dDocent_Contig_18952	1	375	21	205	54.6667	6.34933	35.4	60
dDocent_Contig_18953	1	337	23	236	70.0297	7.39466	36	54.8
dDocent_Contig_18954	1	373	21	215	57.6408	7.16622	36.3	60
dDocent_Contig_18955	1	453	9	108	23.8411	1.43488	35.7	60
dDocent_Contig_18970	1	467	18	192	41.1135	4.72377	35	60
dDocent_Contig_18971	1	408	16	305	74.7549	5.40931	36.3	60
dDocent_Contig_18974	1	394	8	144	36.5482	2.5736	35.4	60
dDocent_Contig_18975	1	308	11	230	74.6753	3.18182	36.7	60
dDocent_Contig_18986	1	361	16	199	55.1247	5.01662	35.4	60
dDocent_Contig_18987	1	337	16	155	45.9941	4.80119	36.4	59.8
dDocent_Contig_18992	1	410	7	179	43.6585	2.28049	36.3	60
dDocent_Contig_18994	1	341	7	208	60.9971	2.29326	36	60
dDocent_Contig_19005	1	410	4	184	44.878	1.20976	36.6	60
dDocent_Contig_19008	1	411	4	172	41.8491	1.14842	36.9	60
dDocent_Contig_19013	1	406	1	114	28.0788	0.280788	36.3	60
dDocent_Contig_19021	1	368	1	150	40.7609	0.407609	36.8	60
dDocent_Contig_19022	1	480	4	140	29.1667	1.08542	36.4	60
dDocent_Contig_19023	1	343	362	341	99.4169	104.469	35.7	59.4
dDocent_Contig_19024	1	380	13	182	47.8947	3.19211	36.9	60
dDocent_Contig_19029	1	239	22	203	84.9372	13.0126	35.3	60
dDocent_Contig_19030	1	464	6	95	20.4741	1.22845	36.4	60
dDocent_Contig_19031	1	294	6	160	54.4218	2.09524	36.8	60
dDocent_Contig_19033	1	328	12	195	59.4512	3.22256	35.3	60
dDocent_Contig_19034	1	462	14	151	32.684	3.30519	36.1	60
dDocent_Contig_19036	1	327	22	172	52.5994	7.31498	36	59.7
dDocent_Contig_19038	1	330	8	141	42.7273	3.40909	35.3	60
dDocent_Contig_19043	1	408	13	178	43.6275	3.99265	35.6	58.9
dDocent_Contig_19047	1	359	10	163	45.4039	3.02786	36.7	60
dDocent_Contig_19056	1	360	8	157	43.6111	2.63889	36.1	60
dDocent_Contig_19057	1	347	18	244	70.317	5.44669	36	60
dDocent_Contig_19058	1	401	13	195	48.6284	4.49127	36.3	60
dDocent_Contig_19063	1	364	4	164	45.0549	1.36264	36.4	60
dDocent_Contig_19068	1	314	14	260	82.8025	4.34076	36.6	60
dDocent_Contig_19071	1	426	493	419	98.3568	123.406	36.3	56.3
dDocent_Contig_19075	1	377	2	91	24.1379	0.482759	36.9	60
dDocent_Contig_19076	1	371	10	126	33.9623	3.1186	36	60
dDocent_Contig_19080	1	328	143	303	92.378	51.4055	36.1	58.3
dDocent_Contig_19081	1	405	29	216	53.3333	8.77531	36.1	60
dDocent_Contig_19084	1	430	9	347	80.6977	2.62093	36.9	60
dDocent_Contig_19092	1	398	6	109	27.3869	1.45226	36	58.2
dDocent_Contig_19093	1	464	10	200	43.1034	2.44828	35.7	60
dDocent_Contig_19098	1	342	6	209	61.1111	1.80702	36.2	60
dDocent_Contig_19099	1	346	5	314	90.7514	1.35838	35.9	53.2
dDocent_Contig_19201	1	295	49	216	73.2203	21.0068	35.5	60
dDocent_Contig_19203	1	265	30	261	98.4906	14.8906	35.7	59.3
dDocent_Contig_19206	1	373	8	197	52.815	2.51206	34.3	60
dDocent_Contig_19208	1	356	19	203	57.0225	7.66854	34.9	60
dDocent_Contig_19213	1	374	5	161	43.0481	1.73797	34.9	60
dDocent_Contig_19214	1	311	10	233	74.9196	4.1865	36.2	60
dDocent_Contig_19223	1	355	8	175	49.2958	2.51831	36.9	60
dDocent_Contig_19226	1	257	7	230	89.4942	3.46693	36.8	60
dDocent_Contig_19228	1	381	4	176	46.1942	1.04987	34.5	60
dDocent_Contig_19229	1	391	13	187	47.8261	4.40665	35.4	60
dDocent_Contig_19233	1	480	17	262	54.5833	4.53125	35	60
dDocent_Contig_19234	1	350	15	207	59.1429	6.21429	35.9	60
dDocent_Contig_19236	1	376	10	190	50.5319	2.98404	36.3	60
dDocent_Contig_19248	1	386	37	189	48.9637	11.3523	35	60
dDocent_Contig_19249	1	358	11	316	88.2682	3.44972	34.5	60
dDocent_Contig_19252	1	336	8	204	60.7143	2.875	36	60
dDocent_Contig_19261	1	347	2	248	71.4697	0.786744	36.5	60
dDocent_Contig_19262	1	417	38	377	90.4077	10.8082	36.3	42.3
dDocent_Contig_19267	1	354	4	95	26.8362	1.0452	36.8	60
dDocent_Contig_19269	1	457	34	182	39.8249	8.29759	34.5	60
dDocent_Contig_19280	1	418	22	175	41.866	5.37321	36.1	60
dDocent_Contig_19288	1	438	1	131	29.9087	0.299087	36.9	60
dDocent_Contig_19289	1	358	8	285	79.6089	2.97765	36.5	60
dDocent_Contig_19292	1	343	45	340	99.1254	13.2012	36	50.4
dDocent_Contig_19296	1	366	3	113	30.8743	0.92623	35.7	60
dDocent_Contig_19297	1	357	6	184	51.5406	1.68627	36.6	60
dDocent_Contig_19304	1	472	15	232	49.1525	4.4322	35.9	60
dDocent_Contig_19313	1	358	16	203	56.7039	5.60894	35.4	60
dDocent_Contig_19314	1	233	17	198	84.9785	8.87124	35.2	60
dDocent_Contig_19339	1	490	32	471	96.1224	6.65306	36.1	57.5
dDocent_Contig_19345	1	396	5	224	56.5657	1.86869	36.2	60
dDocent_Contig_19346	1	375	5	115	30.6667	1.33067	34.8	58.4
dDocent_Contig_19347	1	375	18	232	61.8667	6.064	36.5	60
dDocent_Contig_19348	1	357	36	194	54.3417	11.8936	36.2	60
dDocent_Contig_19351	1	380	62	362	95.2632	19.2026	36.2	59.6
dDocent_Contig_19358	1	383	13	155	40.47	3.81723	35.2	60
dDocent_Contig_19361	1	383	7	120	31.3316	2.01044	35.4	60
dDocent_Contig_19371	1	383	16	194	50.6527	5.21671	35.5	60
dDocent_Contig_19377	1	401	4	163	40.6484	1.01746	36.7	60
dDocent_Contig_19379	1	289	12	185	64.0138	5.92388	35.5	60
dDocent_Contig_19380	1	322	52	291	90.3727	21.4317	34.9	60
dDocent_Contig_19381	1	324	29	204	62.963	10.5586	34.9	60
dDocent_Contig_19383	1	389	13	215	55.2699	4.14139	36.5	60
dDocent_Contig_19384	1	405	22	192	47.4074	7.41235	35.7	60
dDocent_Contig_19388	1	415	15	300	72.2892	4.01687	36	60
dDocent_Contig_19402	1	398	4	156	39.196	0.979899	36.5	60
dDocent_Contig_19404	1	350	112	305	87.1429	40.74	36.2	59.8
dDocent_Contig_19415	1	507	3	151	29.783	0.676529	36.4	60
dDocent_Contig_19420	1	379	36	330	87.0712	11.3509	35.5	60
dDocent_Contig_19423	1	319	87	308	96.5517	28.7618	35.8	58.3
dDocent_Contig_19424	1	415	210	415	100	53.3976	36.2	55.7
dDocent_Contig_19425	1	364	259	363	99.7253	82.9121	36	50.6
dDocent_Contig_19429	1	304	2	181	59.5395	0.986842	36.5	60
dDocent_Contig_19433	1	334	14	258	77.2455	4.79641	36.5	60
dDocent_Contig_19434	1	282	382	211	74.8227	152.362	36.1	57.6
dDocent_Contig_19435	1	412	57	412	100	15.8883	35.9	58.9
dDocent_Contig_19437	1	421	132	315	74.8219	37.3302	36.3	51.7
dDocent_Contig_19444	1	386	1681	377	97.6684	555.249	36.1	60
dDocent_Contig_19447	1	401	41	354	88.2793	12.7781	35.4	60
dDocent_Contig_19460	1	336	2	226	67.2619	0.776786	36	60
dDocent_Contig_19463	1	328	83	230	70.122	24.0549	35.3	53.5
dDocent_Contig_19469	1	318	5	142	44.6541	1.74214	36.8	60
dDocent_Contig_19487	1	356	4	163	45.7865	1.68539	36.1	60
dDocent_Contig_19488	1	404	6	179	44.3069	1.23762	35.8	60
dDocent_Contig_19493	1	368	40	334	90.7609	12.5842	35.7	60
dDocent_Contig_19495	1	366	10	186	50.8197	3.12842	36.3	60
dDocent_Contig_19497	1	352	22	193	54.8295	7.64489	35.7	60
dDocent_Contig_19498	1	342	26	181	52.924	8.67251	34.9	60
dDocent_Contig_19511	1	327	37	310	94.8012	11.2049	36.5	60
dDocent_Contig_19512	1	365	7	206	56.4384	2.76164	34.6	60
dDocent_Contig_19514	1	407	10	300	73.7101	3.42752	36.4	60
dDocent_Contig_19517	1	369	4	197	53.3875	1.02168	37	60
dDocent_Contig_19518	1	305	4	192	62.9508	1.45574	36.8	60
dDocent_Contig_19519	1	386	5	223	57.772	1.62176	36.6	60
dDocent_Contig_19520	1	388	7	186	47.9381	2.41753	36.5	60
dDocent_Contig_19523	1	364	16	294	80.7692	4.87637	35.7	60
dDocent_Contig_19524	1	394	8	174	44.1624	2.35787	36.3	60
dDocent_Contig_19530	1	442	13	213	48.19	3.54299	36.4	60
dDocent_Contig_19532	1	352	7	209	59.375	2.67614	36	60
dDocent_Contig_19536	1	379	14	219	57.7836	4.99208	36.7	60
dDocent_Contig_19546	1	383	10	132	34.4648	2.75457	36.4	60
dDocent_Contig_19550	1	457	6	208	45.5142	1.67615	35.9	60
dDocent_Contig_19564	1	313	18	206	65.8147	6.7476	36.1	60
dDocent_Contig_19566	1	378	25	234	61.9048	7	36.1	50.9
dDocent_Contig_19573	1	258	27	169	65.5039	11.7752	35.5	60
dDocent_Contig_19577	1	385	14	332	86.2338	4.41039	36.4	60
dDocent_Contig_19579	1	380	10	289	76.0526	2.46579	36.7	60
dDocent_Contig_19582	1	339	13	169	49.8525	4.34808	35.2	60
dDocent_Contig_19584	1	357	26	321	89.916	9.36134	35.6	60
dDocent_Contig_19585	1	254	61	253	99.6063	30.4173	34.6	56.7
dDocent_Contig_19591	1	406	25	233	57.3892	7.81281	35.5	60
dDocent_Contig_19595	1	330	17	260	78.7879	6.20606	35.7	60
dDocent_Contig_19597	1	394	11	188	47.7157	3.8731	35.4	60
dDocent_Contig_19605	1	451	4	143	31.7073	1.01996	36.7	60
dDocent_Contig_19610	1	383	4	143	37.3368	1.2846	36.8	60
dDocent_Contig_19611	1	409	4	156	38.1418	1.11491	36.9	60
dDocent_Contig_19613	1	402	9	130	32.3383	1.84577	36.8	60
dDocent_Contig_19614	1	359	23	148	41.2256	6.5766	35.4	60
dDocent_Contig_19619	1	404	2	90	22.2772	0.445545	36.6	60
dDocent_Contig_19636	1	466	8	128	27.4678	1.69099	36	60
dDocent_Contig_19638	1	497	24	220	44.2656	5.15091	36.2	60
dDocent_Contig_19641	1	359	9	243	67.688	3.41504	36.3	60
dDocent_Contig_19645	1	342	1	150	43.8596	0.438596	37	60
dDocent_Contig_19649	1	411	2	116	28.2238	0.564477	36.9	60
dDocent_Contig_19651	1	376	16	232	61.7021	4.7234	36.7	60
dDocent_Contig_19652	1	361	7	237	65.651	2.42659	35.7	60
dDocent_Contig_19657	1	369	9	126	34.1463	2.88076	35.6	60
dDocent_Contig_19659	1	364	20	231	63.4615	6.56319	34.8	60
dDocent_Contig_19665	1	348	11	206	59.1954	3.61207	36.5	60
dDocent_Contig_19679	1	262	9	193	73.6641	5.15267	35.3	60
dDocent_Contig_19688	1	393	40	216	54.9618	10.5394	35.8	37.8
dDocent_Contig_19690	1	412	13	311	75.4854	3.08981	35.2	60
dDocent_Contig_19697	1	372	20	244	65.5914	6.3629	36.5	60
dDocent_Contig_19698	1	315	27	292	92.6984	11.8222	35.1	60
dDocent_Contig_19705	1	363	5	171	47.1074	1.75482	36.5	60
dDocent_Contig_19706	1	325	16	212	65.2308	6.84923	35.5	60
dDocent_Contig_19707	1	395	2	111	28.1013	0.562025	34.1	60
dDocent_Contig_19708	1	272	9	217	79.7794	4.06618	36.6	60
dDocent_Contig_19709	1	293	24	204	69.6246	9.42662	35.7	60
dDocent_Contig_19720	1	405	5	135	33.3333	1.50864	36.1	60
dDocent_Contig_19730	1	408	98	372	91.1765	27.0098	35.7	59.6
dDocent_Contig_19731	1	349	12	255	73.0659	4.04585	36.6	60
dDocent_Contig_19733	1	397	45	201	50.6297	15.4207	34.3	59.4
dDocent_Contig_19734	1	281	19	250	88.968	8.3274	35.6	60
dDocent_Contig_19735	1	386	14	279	72.2798	4.70207	36.6	60
dDocent_Contig_19736	1	278	19	232	83.4532	9.14029	36.3	60
dDocent_Contig_19737	1	328	16	109	33.2317	5.29268	35.8	60
dDocent_Contig_19738	1	326	65	189	57.9755	26.4877	35.5	60
dDocent_Contig_19740	1	366	18	226	61.7486	5.34153	36.3	60
dDocent_Contig_19743	1	255	2	81	31.7647	0.635294	36.9	60
dDocent_Contig_19758	1	348	7	196	56.3218	2.31034	36.8	60
dDocent_Contig_19764	1	410	20	194	47.3171	6.26098	36.1	60
dDocent_Contig_19765	1	462	4	117	25.3247	0.896104	35.8	42.5
dDocent_Contig_19767	1	388	453	387	99.7423	141.608	35.9	58.8
dDocent_Contig_19771	1	318	16	218	68.5535	6.66667	36	60
dDocent_Contig_19774	1	411	84	328	79.8054	24.8759	36.2	60
dDocent_Contig_19778	1	397	24	371	93.4509	6.62972	35.7	60
dDocent_Contig_19779	1	398	8	163	40.9548	2.32663	36.9	60
dDocent_Contig_19780	1	304	44	204	67.1053	20.7138	34.8	60
dDocent_Contig_19781	1	398	9	148	37.1859	1.93216	36.5	60
dDocent_Contig_19783	1	328	22	197	60.061	7.07927	35.4	55.5
dDocent_Contig_19784	1	342	7	140	40.9357	2.09064	35.5	60
dDocent_Contig_19797	1	373	7	153	41.0188	2.30563	36.9	60
dDocent_Contig_19807	1	321	14	214	66.6667	5.06854	34.9	60
dDocent_Contig_19809	1	392	440	389	99.2347	129.268	35.7	58.3
dDocent_Contig_19810	1	415	13	277	66.747	3.44578	36.2	60
dDocent_Contig_19813	1	374	8	230	61.4973	2.59358	33.8	60
dDocent_Contig_19823	1	284	10	245	86.2676	3.95775	36.1	60
dDocent_Contig_19824	1	311	10	192	61.7363	3.98392	34.8	60
dDocent_Contig_19825	1	360	18	168	46.6667	5.93611	35	60
dDocent_Contig_19827	1	376	10	164	43.617	3.52926	34.9	60
dDocent_Contig_19830	1	391	10	307	78.5166	2.8798	35.9	60
dDocent_Contig_19834	1	319	3	115	36.0502	0.796238	37	60
dDocent_Contig_19837	1	488	137	457	93.6475	30.3135	36.5	41.9
dDocent_Contig_19842	1	384	10	196	51.0417	3.67708	36	60
dDocent_Contig_19844	1	389	6	181	46.5296	1.61954	36.4	60
dDocent_Contig_19845	1	372	31	165	44.3548	10.1344	35.4	60
dDocent_Contig_19848	1	376	10	185	49.2021	3.3617	35.1	60
dDocent_Contig_19853	1	310	13	222	71.6129	5.23548	36.6	60
dDocent_Contig_19854	1	343	8	266	77.551	2.39359	35.7	60
dDocent_Contig_19856	1	353	10	126	35.6941	2.76771	34.5	60
dDocent_Contig_19859	1	438	4	169	38.5845	1.36986	35.3	60
dDocent_Contig_19862	1	295	27	261	88.4746	9.04746	36.6	53.2
dDocent_Contig_19881	1	394	20	273	69.2893	6.74873	36.6	60
dDocent_Contig_19882	1	335	65	325	97.0149	20.6239	36.5	52.8
dDocent_Contig_19883	1	373	19	237	63.5389	5.35925	36.1	60
dDocent_Contig_19885	1	351	26	283	80.6268	8.17379	35.8	60
dDocent_Contig_19889	1	397	19	321	80.8564	5.09824	35.8	60
dDocent_Contig_19891	1	360	7	157	43.6111	2.59167	36	60
dDocent_Contig_19903	1	458	9	210	45.8515	2.50655	35.1	60
dDocent_Contig_19905	1	329	42	191	58.0547	13.0729	35.1	60
dDocent_Contig_19908	1	366	8	234	63.9344	2.41257	36.3	60
dDocent_Contig_19916	1	291	24	218	74.9141	10.7182	35.9	60
dDocent_Contig_19920	1	381	5	173	45.4068	1.73491	36.9	60
dDocent_Contig_19925	1	438	4	100	22.8311	0.778539	36.9	60
dDocent_Contig_19927	1	262	61	242	92.3664	29.4504	35.7	60
dDocent_Contig_19929	1	290	22	289	99.6552	8.62759	36.2	60
dDocent_Contig_19932	1	437	17	388	88.7872	4.91304	35.3	60
dDocent_Contig_19937	1	379	36	222	58.5752	13.1135	35.2	60
dDocent_Contig_19939	1	386	32	333	86.2694	7.6943	36.2	47.4
dDocent_Contig_19943	1	405	4	133	32.8395	0.987654	36.7	60
dDocent_Contig_19944	1	415	7	157	37.8313	1.97108	35.7	60
dDocent_Contig_19953	1	336	12	155	46.131	4.61012	35	60
dDocent_Contig_19954	1	397	5	198	49.8741	1.36776	36.8	60
dDocent_Contig_19955	1	351	57	260	74.0741	20.3105	35.3	60
dDocent_Contig_19956	1	401	3	206	51.3716	0.832918	34.5	60
dDocent_Contig_19957	1	273	16	191	69.9634	6.36996	36.8	60
dDocent_Contig_19958	1	350	4	140	40	1.05143	36.9	60
dDocent_Contig_19960	1	356	22	335	94.1011	7.26404	35.3	60
dDocent_Contig_19965	1	405	29	149	36.7901	8.04198	36	60
dDocent_Contig_19969	1	368	22	283	76.9022	6.86413	36.3	60
dDocent_Contig_19974	1	404	30	226	55.9406	9.01238	35.1	60
dDocent_Contig_19981	1	341	45	264	77.4194	13.4575	36.7	54.6
dDocent_Contig_19996	1	473	16	156	32.981	3.37844	36.1	60
dDocent_Contig_20005	1	320	15	182	56.875	6.3	36.5	60
dDocent_Contig_20007	1	369	61	368	99.729	21.2846	35.7	60
dDocent_Contig_20019	1	415	8	169	40.7229	1.95663	35.5	60
dDocent_Contig_20034	1	304	18	266	87.5	7.51316	35	60
dDocent_Contig_20043	1	368	9	106	28.8043	1.97011	36.4	60
dDocent_Contig_20044	1	313	270	311	99.361	91.9936	36.1	59.9
dDocent_Contig_20056	1	439	11	195	44.4191	3.2779	36	60
dDocent_Contig_20060	1	285	8	186	65.2632	2.86316	37	60
dDocent_Contig_20064	1	397	2	150	37.7834	0.755668	36.9	60
dDocent_Contig_20065	1	407	19	189	46.4373	5.18919	36.3	60
dDocent_Contig_20078	1	323	2	88	27.2446	0.544892	36.9	60
dDocent_Contig_20084	1	414	8	117	28.2609	2.15217	35.9	60
dDocent_Contig_20086	1	358	19	220	61.4525	6.89665	34.8	60
dDocent_Contig_20093	1	435	19	298	68.5057	4.82529	35.9	60
dDocent_Contig_20100	1	377	21	279	74.0053	7.60477	36.4	60
dDocent_Contig_20109	1	362	6	150	41.4365	2.19061	34.9	60
dDocent_Contig_20111	1	318	28	232	72.956	10.5126	36.1	60
dDocent_Contig_20114	1	400	2	95	23.75	0.475	37	60
dDocent_Contig_20116	1	378	12	244	64.5503	4.28836	36	60
dDocent_Contig_20131	1	397	5	199	50.1259	1.7733	36.5	60
dDocent_Contig_20135	1	347	35	291	83.8617	12.196	36.1	60
dDocent_Contig_20141	1	399	6	136	34.0852	1.39348	36.9	60
dDocent_Contig_20150	1	316	21	182	57.5949	8.58228	35.5	60
dDocent_Contig_20164	1	415	16	221	53.253	4.31084	36.5	60
dDocent_Contig_20179	1	343	13	177	51.6035	4.89796	36.3	60
dDocent_Contig_20181	1	369	2	72	19.5122	0.390244	37	60
dDocent_Contig_20183	1	370	13	180	48.6486	4.52432	35.9	60
dDocent_Contig_20187	1	346	18	210	60.6936	6.95376	36.4	60
dDocent_Contig_20191	1	232	12	159	68.5345	4.5819	36.8	60
dDocent_Contig_20201	1	308	8	242	78.5714	2.55844	36.1	60
dDocent_Contig_20202	1	410	7	221	53.9024	2.10244	36.8	60
dDocent_Contig_20204	1	380	6	213	56.0526	1.66316	36.9	60
dDocent_Contig_20205	1	300	136	275	91.6667	58.4867	35.5	40.3
dDocent_Contig_20206	1	387	10	196	50.646	2.64599	35.6	55.6
dDocent_Contig_20210	1	340	8	185	54.4118	2.55294	36.4	60
dDocent_Contig_20213	1	339	2	92	27.1386	0.542773	36.9	60
dDocent_Contig_20223	1	453	6	131	28.9183	1.41722	36.7	60
dDocent_Contig_20224	1	255	6	200	78.4314	2.85098	36.8	60
dDocent_Contig_20225	1	385	2	156	40.5195	0.779221	36.7	60
dDocent_Contig_20229	1	377	22	181	48.0106	8.03714	36.1	60
dDocent_Contig_20234	1	363	370	336	92.562	122.771	35.5	56.7
dDocent_Contig_20238	1	355	5	157	44.2254	1.65352	36.3	60
dDocent_Contig_20247	1	337	76	133	39.4659	21.9585	35.1	40.2
dDocent_Contig_20248	1	352	142	247	70.1705	50.2415	34.5	60
dDocent_Contig_20251	1	413	3	161	38.9831	0.842615	36.8	60
dDocent_Contig_20253	1	394	14	168	42.6396	3.30457	34.9	60
dDocent_Contig_20263	1	330	37	318	96.3636	15.1273	35.5	60
dDocent_Contig_20264	1	424	4	81	19.1038	0.764151	37	60
dDocent_Contig_20267	1	392	289	390	99.4898	84.0612	35.8	57.8
dDocent_Contig_20268	1	402	10	142	35.3234	2.24876	36.6	60
dDocent_Contig_20274	1	282	18	202	71.6312	8.21986	36.7	60
dDocent_Contig_20276	1	391	12	186	47.5703	3.1202	36.8	60
dDocent_Contig_20278	1	364	9	171	46.978	2.70879	35.7	60
dDocent_Contig_20279	1	251	127	203	80.8765	58.7012	35.7	60
dDocent_Contig_20280	1	414	8	215	51.9324	2.6087	36	60
dDocent_Contig_20297	1	391	36	213	54.4757	10.9437	35.7	60
dDocent_Contig_20299	1	447	4	102	22.8188	0.910515	34.7	60
dDocent_Contig_20303	1	291	37	290	99.6564	14.3711	35.8	52.1
dDocent_Contig_20311	1	369	2	110	29.8103	0.596206	36.7	60
dDocent_Contig_20319	1	344	4	249	72.3837	1.4186	35.8	60
dDocent_Contig_20333	1	489	6	130	26.5849	1.27198	36.4	46.8
dDocent_Contig_20341	1	269	19	201	74.7212	9.77323	35.6	60
dDocent_Contig_20346	1	385	18	177	45.974	4.11948	36.8	60
dDocent_Contig_20362	1	289	6	140	48.4429	1.67474	35.3	60
dDocent_Contig_20364	1	344	16	172	50	5.56105	35.8	60
dDocent_Contig_20366	1	371	2	157	42.3181	0.641509	36.7	60
dDocent_Contig_20367	1	287	1	113	39.3728	0.393728	36.8	56
dDocent_Contig_20374	1	379	12	372	98.153	3.66755	36.8	60
dDocent_Contig_20381	1	352	6	138	39.2045	1.86932	36.4	60
dDocent_Contig_20382	1	390	4	125	32.0513	1.15128	36.9	26.2
dDocent_Contig_20383	1	350	26	192	54.8571	9.08571	35.7	60
dDocent_Contig_20386	1	344	4	122	35.4651	1.17442	36.8	60
dDocent_Contig_20389	1	339	6	135	39.823	1.87611	36.8	60
dDocent_Contig_20397	1	338	6	202	59.7633	1.56805	36.7	60
dDocent_Contig_20404	1	359	5	244	67.9666	1.31755	36.6	60
dDocent_Contig_20407	1	421	19	230	54.6318	5.42518	35.8	60
dDocent_Contig_20410	1	408	11	244	59.8039	3.14951	36.4	60
dDocent_Contig_20414	1	497	6	179	36.0161	1.47485	34.8	60
dDocent_Contig_20418	1	333	13	154	46.2462	3.74174	35.2	60
dDocent_Contig_20428	1	352	2	76	21.5909	0.431818	36.5	60
dDocent_Contig_20429	1	366	1332	365	99.7268	445.279	36	59.9
dDocent_Contig_20431	1	396	20	317	80.0505	5.23737	36.7	49.4
dDocent_Contig_20450	1	292	1	92	31.5068	0.315068	36.9	60
dDocent_Contig_20451	1	397	3	121	30.4786	0.914358	34.3	60
dDocent_Contig_20453	1	400	18	237	59.25	5.3825	35.6	60
dDocent_Contig_20459	1	317	6	217	68.4543	2.65931	36.4	60
dDocent_Contig_20460	1	246	10	133	54.065	4.78862	33.6	60
dDocent_Contig_20473	1	397	8	146	36.7758	2.30227	35.1	60
dDocent_Contig_20474	1	357	8	154	43.1373	2.45938	36.1	60
dDocent_Contig_20478	1	270	6	151	55.9259	2.12963	36.9	60
dDocent_Contig_20486	1	313	12	281	89.7764	4.46965	36.1	60
dDocent_Contig_20493	1	415	10	194	46.747	3.43855	36.3	60
dDocent_Contig_20498	1	310	23	140	45.1613	9.31935	33.8	60
dDocent_Contig_20503	1	383	40	217	56.658	10.0496	36.3	39.5
dDocent_Contig_20507	1	340	26	197	57.9412	8.62059	35.1	60
dDocent_Contig_20508	1	309	17	262	84.7896	6.62136	34.7	60
dDocent_Contig_20511	1	424	4	208	49.0566	1.10377	36.6	60
dDocent_Contig_20513	1	378	6	166	43.9153	1.45503	36.9	60
dDocent_Contig_20524	1	238	2	167	70.1681	1.16387	36.8	60
dDocent_Contig_20527	1	338	2	97	28.6982	0.573964	36.8	60
dDocent_Contig_20532	1	367	26	299	81.4714	9.64033	35.4	60
dDocent_Contig_20543	1	404	4	132	32.6733	1.30693	34.3	60
dDocent_Contig_20548	1	310	10	211	68.0645	3.19677	36.5	60
dDocent_Contig_20559	1	371	17	180	48.5175	5.21024	36.3	60
dDocent_Contig_20560	1	388	6	200	51.5464	1.98454	36.6	60
dDocent_Contig_20563	1	459	11	163	35.512	2.81481	34.5	60
dDocent_Contig_20564	1	383	21	291	75.9791	7.17493	35.2	60
dDocent_Contig_20566	1	283	9	251	88.6926	3.39223	36.9	60
dDocent_Contig_20570	1	418	23	197	47.1292	7.26077	36	60
dDocent_Contig_20572	1	255	11	216	84.7059	5.85882	36.3	60
dDocent_Contig_20577	1	308	15	162	52.5974	5.77597	35.9	60
dDocent_Contig_20579	1	323	4	203	62.8483	1.52941	36.9	60
dDocent_Contig_20582	1	327	18	175	53.5168	6.90214	36.6	60
dDocent_Contig_20583	1	353	3	104	29.4618	0.759207	36.6	60
dDocent_Contig_20591	1	413	4	135	32.6877	1.07506	34.2	60
dDocent_Contig_20595	1	390	10	168	43.0769	3.00769	36.6	60
dDocent_Contig_20598	1	445	4	200	44.9438	0.898876	36.9	60
dDocent_Contig_20599	1	241	15	153	63.4855	8.78838	34	60
dDocent_Contig_20600	1	358	59	253	70.6704	20.3408	35.4	60
dDocent_Contig_20606	1	474	30	407	85.865	8.673	35.7	60
dDocent_Contig_20611	1	350	10	277	79.1429	3.38571	36.5	60
dDocent_Contig_20614	1	388	13	135	34.7938	3.11856	36.6	60
dDocent_Contig_20621	1	262	19	213	81.2977	10.1489	35.1	60
dDocent_Contig_20622	1	333	16	136	40.8408	5.81081	33.7	60
dDocent_Contig_20636	1	397	3	136	34.2569	0.692695	36.7	60
dDocent_Contig_20638	1	371	3	263	70.8895	1.07278	35.4	60
dDocent_Contig_20640	1	431	3	131	30.3944	0.651972	36.9	60
dDocent_Contig_20642	1	283	169	218	77.0318	73.4417	35.1	60
dDocent_Contig_20653	1	361	5	219	60.6648	1.46537	36.1	60
dDocent_Contig_20663	1	348	28	176	50.5747	10.7874	35.5	60
dDocent_Contig_20670	1	481	5	189	39.2931	1.17256	36.3	60
dDocent_Contig_20677	1	367	2	97	26.4305	0.52861	37	60
dDocent_Contig_20679	1	390	15	144	36.9231	4.48462	36.6	60
dDocent_Contig_20680	1	340	48	282	82.9412	16.4382	35.8	45.5
dDocent_Contig_20687	1	317	205	271	85.489	78.6845	36.2	58.8
dDocent_Contig_20688	1	353	24	246	69.6884	9.49008	35.3	60
dDocent_Contig_20695	1	419	20	184	43.9141	6.57757	35.6	60
dDocent_Contig_20708	1	329	35	187	56.8389	13.4225	35.4	60
dDocent_Contig_20713	1	336	9	177	52.6786	3.22024	36.7	60
dDocent_Contig_20718	1	342	5	214	62.5731	1.66667	36.9	60
dDocent_Contig_20725	1	450	39	343	76.2222	10.4111	35.8	60
dDocent_Contig_20728	1	358	7	291	81.2849	2.02514	36.8	60
dDocent_Contig_20729	1	369	2	111	30.0813	0.601626	36.9	60
dDocent_Contig_20746	1	400	9	279	69.75	2.4925	35.4	60
dDocent_Contig_20750	1	414	5	151	36.4734	1.29469	36.5	60
dDocent_Contig_20760	1	342	8	136	39.7661	3.17836	35.7	60
dDocent_Contig_20761	1	411	4	182	44.2822	0.987835	36.8	60
dDocent_Contig_20768	1	242	17	176	72.7273	8.23554	34.9	60
dDocent_Contig_20769	1	448	2	98	21.875	0.4375	36.8	60
dDocent_Contig_20780	1	361	10	316	87.5346	3.49584	36.5	60
dDocent_Contig_20790	1	325	14	145	44.6154	5.33538	35.7	60
dDocent_Contig_20792	1	334	12	182	54.491	5.22754	36	60
dDocent_Contig_20793	1	396	13	174	43.9394	4.15657	36.5	60
dDocent_Contig_20829	1	375	7	134	35.7333	2.26933	36.8	60
dDocent_Contig_20833	1	389	1	136	34.9614	0.349614	35.4	60
dDocent_Contig_20837	1	404	21	220	54.4554	6.47277	35	60
dDocent_Contig_20839	1	489	17	205	41.9223	3.93661	35.9	60
dDocent_Contig_20842	1	382	36	231	60.4712	11.2382	35.6	60
dDocent_Contig_20843	1	379	5	149	39.314	1.87071	35	60
dDocent_Contig_20845	1	442	20	173	39.1403	5.11312	35.3	60
dDocent_Contig_20858	1	411	2	117	28.4672	0.569343	36.8	60
dDocent_Contig_20859	1	514	9	189	36.7704	1.83268	36.3	60
dDocent_Contig_20863	1	417	25	205	49.1607	6.89209	36	60
dDocent_Contig_20871	1	362	10	190	52.4862	2.98343	35.7	60
dDocent_Contig_20879	1	351	9	189	53.8462	3.20798	36.2	60
dDocent_Contig_20882	1	403	147	401	99.5037	46.9975	34.9	60
dDocent_Contig_20884	1	421	11	325	77.1971	3.03088	36.2	60
dDocent_Contig_20886	1	372	9	160	43.0108	2.40054	35.1	60
dDocent_Contig_20888	1	291	15	175	60.1375	6.19244	35.8	60
dDocent_Contig_20906	1	319	1	81	25.3918	0.253918	37	60
dDocent_Contig_20907	1	359	10	215	59.8886	3.79109	36.8	60
dDocent_Contig_20911	1	280	30	268	95.7143	14.5893	35.5	60
dDocent_Contig_20924	1	486	583	417	85.8025	143.833	36	57
dDocent_Contig_20929	1	263	4	195	74.1445	2.11407	36.5	60
dDocent_Contig_20935	1	434	8	167	38.4793	1.52535	36.9	60
dDocent_Contig_20939	1	463	2	96	20.7343	0.414687	35.6	60
dDocent_Contig_20949	1	354	10	333	94.0678	3.90678	36.7	60
dDocent_Contig_20969	1	427	6	132	30.9133	1.8548	35.8	60
dDocent_Contig_20972	1	371	11	233	62.8032	4.28302	36	60
dDocent_Contig_20981	1	366	45	205	56.0109	15.0683	36.1	59.8
dDocent_Contig_20986	1	369	2	92	24.9322	0.498645	36.9	60
dDocent_Contig_20987	1	479	5	257	53.6534	1.3737	34.7	60
dDocent_Contig_20990	1	344	25	207	60.1744	9.26163	35.9	60
dDocent_Contig_20996	1	404	22	231	57.1782	6.88614	36.5	60
dDocent_Contig_21028	1	374	2	109	29.1444	0.582888	37	60
dDocent_Contig_21031	1	424	17	131	30.8962	4.76651	35.2	60
dDocent_Contig_21033	1	420	41	236	56.1905	13.2024	35.1	60
dDocent_Contig_21046	1	366	20	242	66.1202	7.06284	35.9	60
dDocent_Contig_21049	1	420	2	92	21.9048	0.438095	36.8	60
dDocent_Contig_21056	1	373	29	175	46.9169	8.42895	35.4	60
dDocent_Contig_21073	1	359	19	315	87.7437	6.15877	36.5	51.5
dDocent_Contig_21077	1	453	14	130	28.6976	2.89183	36.6	60
dDocent_Contig_21084	1	269	4	98	36.4312	1.45725	35.8	60
dDocent_Contig_21086	1	246	1	121	49.187	0.49187	36.8	60
dDocent_Contig_21087	1	360	7	243	67.5	2.46944	34.3	60
dDocent_Contig_21090	1	401	13	286	71.3217	3.64589	36.3	60
dDocent_Contig_21094	1	454	9	265	58.37	2.77093	36.6	60
dDocent_Contig_21095	1	367	4	178	48.5014	1.44414	36.5	60
dDocent_Contig_21116	1	300	16	205	68.3333	7.69333	34.9	60
dDocent_Contig_21117	1	427	12	256	59.9532	3.75176	36.7	60
dDocent_Contig_21121	1	452	62	239	52.8761	17.4624	35	60
dDocent_Contig_21126	1	406	16	141	34.7291	5.3202	36.4	60
dDocent_Contig_21132	1	265	11	126	47.5472	4.35094	34.9	60
dDocent_Contig_21133	1	373	9	297	79.6247	2.9437	36.8	60
dDocent_Contig_21140	1	378	11	207	54.7619	3.58466	35.7	60
dDocent_Contig_21148	1	361	14	258	71.4681	4.51801	36.5	60
dDocent_Contig_21149	1	392	16	160	40.8163	6.12245	34.6	60
dDocent_Contig_21153	1	307	15	201	65.4723	6.57003	36	60
dDocent_Contig_21158	1	362	19	263	72.6519	6.13536	36.1	60
dDocent_Contig_21171	1	229	3	165	72.0524	1.9083	36.7	60
dDocent_Contig_21172	1	344	4	195	56.686	1.55233	36.5	60
dDocent_Contig_21175	1	381	9	212	55.643	3.03412	35.3	60
dDocent_Contig_21180	1	416	38	245	58.8942	10.5745	35.5	60
dDocent_Contig_21184	1	329	8	164	49.848	2.46809	36.2	60
dDocent_Contig_21186	1	286	32	194	67.8322	12.486	34.9	60
dDocent_Contig_21193	1	399	9	109	27.3183	1.97494	36.7	60
dDocent_Contig_21198	1	369	17	289	78.3198	6.37127	36.4	60
dDocent_Contig_21199	1	442	13	312	70.5882	3.13801	35.9	60
dDocent_Contig_21201	1	256	13	210	82.0312	6.67578	33.8	60
dDocent_Contig_21203	1	359	36	189	52.6462	13	35.2	60
dDocent_Contig_21204	1	306	16	215	70.2614	7.62092	36.3	60
dDocent_Contig_21209	1	261	12	259	99.2337	5.85441	35.2	60
dDocent_Contig_21210	1	375	150	347	92.5333	44.3573	36.2	53.3
dDocent_Contig_21211	1	259	10	170	65.6371	3.45946	36.4	60
dDocent_Contig_21212	1	358	34	313	87.4302	12.1676	35.9	60
dDocent_Contig_21214	1	281	5	181	64.4128	2.29181	36.6	60
dDocent_Contig_21227	1	355	8	235	66.1972	2.49014	36.1	60
dDocent_Contig_21232	1	425	7	181	42.5882	2.19529	35.6	60
dDocent_Contig_21233	1	287	28	238	82.9268	10.2648	35.9	56.4
dDocent_Contig_21234	1	349	14	279	79.9427	4.69341	36.1	60
dDocent_Contig_21243	1	405	26	215	53.0864	8.06667	35.5	60
dDocent_Contig_21245	1	293	9	189	64.5051	3.81229	36.7	60
dDocent_Contig_21246	1	397	2	151	38.0353	0.498741	36.1	60
dDocent_Contig_21251	1	408	6	213	52.2059	1.76961	36.6	60
dDocent_Contig_21253	1	505	2	87	17.2277	0.344554	36.9	60
dDocent_Contig_21258	1	488	18	182	37.2951	4.71516	36.4	60
dDocent_Contig_21260	1	281	16	178	63.3452	6.79715	35.5	60
dDocent_Contig_21261	1	425	7	124	29.1765	1.90824	36.3	60
dDocent_Contig_21266	1	351	4	203	57.8348	1.27066	36.8	60
dDocent_Contig_21273	1	409	26	351	85.8191	6.40831	35.5	60
dDocent_Contig_21274	1	357	4	197	55.1821	1.28291	36.6	60
dDocent_Contig_21275	1	400	23	185	46.25	6.8775	36.1	60
dDocent_Contig_21278	1	362	19	159	43.9227	6.69061	35.8	60
dDocent_Contig_21279	1	378	24	276	73.0159	9.05556	35.3	60
dDocent_Contig_21281	1	434	8	261	60.1382	2.37558	36.8	60
dDocent_Contig_21285	1	334	7	191	57.1856	2.31437	35	60
dDocent_Contig_21291	1	426	3	107	25.1174	0.753521	36.8	60
dDocent_Contig_21300	1	292	2	80	27.3973	0.547945	36.9	60
dDocent_Contig_21301	1	384	25	195	50.7812	7.74219	35.1	60
dDocent_Contig_21307	1	368	9	249	67.663	2.80435	36.4	60
dDocent_Contig_21312	1	347	6	156	44.9568	2.12104	36.8	60
dDocent_Contig_21323	1	316	18	182	57.5949	6.83228	35.1	60
dDocent_Contig_21326	1	393	21	269	68.4478	6.71247	36.3	60
dDocent_Contig_21328	1	398	65	366	91.9598	16.6859	36.2	51.2
dDocent_Contig_21329	1	313	14	249	79.5527	4.63578	34.5	60
dDocent_Contig_21330	1	389	4	175	44.9871	1.43445	33.8	60
dDocent_Contig_21335	1	441	8	141	31.9728	1.81406	34.7	60
dDocent_Contig_21336	1	465	2	95	20.4301	0.408602	37	60
dDocent_Contig_21337	1	512	3	79	15.4297	0.462891	36.8	60
dDocent_Contig_21340	1	368	3	75	20.3804	0.611413	36.4	60
dDocent_Contig_21345	1	250	16	212	84.8	8.224	36	60
dDocent_Contig_21347	1	317	46	161	50.7886	14.1451	35.3	42.7
dDocent_Contig_21351	1	342	18	199	58.1871	6.39474	36.2	60
dDocent_Contig_21354	1	426	16	193	45.3052	4.62676	35.9	60
dDocent_Contig_21355	1	332	59	244	73.494	21.3584	35	59.8
dDocent_Contig_21356	1	470	23	208	44.2553	5.81064	35.4	35.9
dDocent_Contig_21359	1	405	150	399	98.5185	35.2914	36	50.5
dDocent_Contig_21379	1	373	31	236	63.2708	10.2252	35.5	60
dDocent_Contig_21385	1	425	67	298	70.1176	18.4282	36.1	60
dDocent_Contig_21388	1	367	3	135	36.7847	0.831063	36.7	60
dDocent_Contig_21390	1	402	23	193	48.01	6.56965	36	60
dDocent_Contig_21392	1	355	14	177	49.8592	4.77746	36.2	60
dDocent_Contig_21400	1	351	11	205	58.4046	4.24217	36.6	60
dDocent_Contig_21404	1	391	17	277	70.844	4.75192	36.5	60
dDocent_Contig_21406	1	389	11	149	38.3033	2.88175	36.1	60
dDocent_Contig_21414	1	387	12	163	42.1189	3.19897	36	60
dDocent_Contig_21415	1	389	11	169	43.4447	3.06684	36.2	60
dDocent_Contig_21419	1	434	3	194	44.7005	1.03687	36.8	60
dDocent_Contig_21429	1	344	22	312	90.6977	7.29651	35.5	60
dDocent_Contig_21431	1	484	16	331	68.3884	4.00413	36.5	58.1
dDocent_Contig_21432	1	314	10	155	49.3631	3.51274	36.3	60
dDocent_Contig_21434	1	318	13	183	57.5472	4.61006	34.8	60
dDocent_Contig_21435	1	388	35	217	55.9278	10.6959	35.6	60
dDocent_Contig_21459	1	236	9	174	73.7288	3.81356	34.1	59.7
dDocent_Contig_21460	1	382	31	199	52.0942	10.0864	35.1	60
dDocent_Contig_21462	1	359	15	229	63.7883	5.84958	35.9	59.9
dDocent_Contig_21463	1	295	2	120	40.678	0.813559	36.3	60
dDocent_Contig_21464	1	269	23	186	69.145	9.86245	35.9	59.9
dDocent_Contig_21468	1	450	2185	447	99.3333	597.627	35.8	49.7
dDocent_Contig_21469	1	413	9	216	52.3002	2.53269	36.8	60
dDocent_Contig_21473	1	363	12	153	42.1488	4.33058	36.1	60
dDocent_Contig_21474	1	349	22	208	59.5989	6.92264	35.4	59.9
dDocent_Contig_21481	1	352	10	137	38.9205	2.8125	36.6	60
dDocent_Contig_21482	1	412	14	249	60.4369	3.97087	36.4	60
dDocent_Contig_21485	1	355	8	179	50.4225	2.99718	36.3	60
dDocent_Contig_21487	1	332	12	218	65.6627	4.13855	36.3	60
dDocent_Contig_21488	1	333	9	164	49.2492	3.81381	36.3	60
dDocent_Contig_21492	1	381	11	309	81.1024	3.07349	36.8	60
dDocent_Contig_21495	1	393	28	180	45.8015	9.58015	35.5	60
dDocent_Contig_21496	1	389	46	265	68.1234	14.2699	35.1	60
dDocent_Contig_21500	1	240	10	190	79.1667	5.58333	35.9	60
dDocent_Contig_21501	1	326	2	50	15.3374	0.306748	37	60
dDocent_Contig_21504	1	361	11	239	66.205	3.67036	36.4	60
dDocent_Contig_21505	1	370	26	174	47.027	7.55946	35.6	60
dDocent_Contig_21510	1	315	2	65	20.6349	0.412698	36.9	60
dDocent_Contig_21511	1	368	6	255	69.2935	1.93207	36.8	57.5
dDocent_Contig_21514	1	401	5	176	43.8903	1.00249	36.9	60
dDocent_Contig_21515	1	407	1	140	34.398	0.34398	36.9	60
dDocent_Contig_21517	1	303	20	216	71.2871	6.82178	35.3	60
dDocent_Contig_21527	1	439	19	166	37.8132	5.76993	34.7	60
dDocent_Contig_21536	1	397	5	144	36.272	1.61209	36.1	60
dDocent_Contig_21540	1	333	6	177	53.1532	2.56456	34.2	60
dDocent_Contig_21541	1	373	16	280	75.067	6.01609	35.8	60
dDocent_Contig_21548	1	365	10	300	82.1918	3.40548	35.7	60
dDocent_Contig_21557	1	377	5	198	52.5199	1.33156	36.6	60
dDocent_Contig_21559	1	397	91	390	98.2368	25.6776	36	51.4
dDocent_Contig_21566	1	411	7	260	63.2603	1.77616	36.8	60
dDocent_Contig_21567	1	360	7	319	88.6111	2.175	36.8	60
dDocent_Contig_21568	1	350	9	190	54.2857	3.66857	35.5	60
dDocent_Contig_21569	1	300	3	196	65.3333	1.34333	36.4	60
dDocent_Contig_21574	1	402	2	124	30.8458	0.616915	36.9	60
dDocent_Contig_21580	1	429	15	157	36.5967	3.85548	36.6	60
dDocent_Contig_21582	1	315	18	256	81.2698	7.38413	36.5	60
dDocent_Contig_21583	1	380	8	143	37.6316	2.58947	36.4	60
dDocent_Contig_21586	1	387	15	174	44.9612	5.28941	36.2	60
dDocent_Contig_21587	1	242	11	181	74.7934	4.4876	35.6	60
dDocent_Contig_21589	1	383	9	225	58.7467	3.13316	36.3	60
dDocent_Contig_21593	1	417	21	130	31.1751	5.38129	35.5	60
dDocent_Contig_21619	1	511	24	360	70.4501	5.35029	35.9	60
dDocent_Contig_21629	1	357	17	289	80.9524	6	35.6	60
dDocent_Contig_21630	1	261	23	204	78.1609	10.0421	35.2	60
dDocent_Contig_21631	1	392	23	224	57.1429	8.06888	35.3	60
dDocent_Contig_21632	1	367	2	139	37.8747	0.378747	36.7	50.5
dDocent_Contig_21643	1	361	3	131	36.2881	0.867036	34	60
dDocent_Contig_21644	1	312	43	238	76.2821	15.5	35.4	60
dDocent_Contig_21648	1	431	4	148	34.3387	0.969838	36.6	60
dDocent_Contig_21667	1	394	6	139	35.2792	1.83756	35.3	60
dDocent_Contig_21670	1	385	19	173	44.9351	6.02597	35.6	60
dDocent_Contig_21671	1	253	7	144	56.917	3.05929	36.8	60
dDocent_Contig_21689	1	312	4	136	43.5897	1.53205	34.5	60
dDocent_Contig_21690	1	468	21	222	47.4359	5.02778	36.8	60
dDocent_Contig_21693	1	384	4	185	48.1771	1.25521	36.8	60
dDocent_Contig_21698	1	491	27	190	38.6965	5.75764	36.3	60
dDocent_Contig_21699	1	283	9	183	64.6643	3.55477	36.3	59.3
dDocent_Contig_21705	1	466	2	112	24.0343	0.480687	36.7	60
dDocent_Contig_21709	1	348	11	195	56.0345	4.23563	36.5	60
dDocent_Contig_21711	1	405	8	168	41.4815	2.41728	36.5	60
dDocent_Contig_21712	1	383	5	223	58.2245	1.15405	36.4	60
dDocent_Contig_21717	1	455	4	126	27.6923	0.773626	37	60
dDocent_Contig_21718	1	472	7	198	41.9492	1.66102	34.5	60
dDocent_Contig_21722	1	286	9	193	67.4825	3.9021	36.9	60
dDocent_Contig_21723	1	403	9	221	54.8387	2.93797	35.1	60
dDocent_Contig_21726	1	280	11	185	66.0714	3.83571	35.8	59.4
dDocent_Contig_21729	1	375	10	235	62.6667	2.62933	36.6	60
dDocent_Contig_21737	1	315	2	96	30.4762	0.609524	36.6	60
dDocent_Contig_21740	1	364	25	205	56.3187	8.09066	36	60
dDocent_Contig_21747	1	305	11	261	85.5738	3.78361	36.6	60
dDocent_Contig_21755	1	393	7	193	49.1094	2.16539	36.6	60
dDocent_Contig_21760	1	237	8	178	75.1055	4.14346	36.2	60
dDocent_Contig_21779	1	365	6	189	51.7808	2.13699	36	60
dDocent_Contig_21786	1	350	18	194	55.4286	6.15714	36.2	60
dDocent_Contig_21792	1	371	17	173	46.6307	4.30997	35.5	60
dDocent_Contig_21800	1	329	2	90	27.3556	0.547112	36.9	60
dDocent_Contig_21803	1	356	3	145	40.7303	1.07584	36.9	60
dDocent_Contig_21808	1	359	3	105	29.2479	0.827298	36.8	60
dDocent_Contig_21809	1	386	22	202	52.3316	7.04922	35.8	60
dDocent_Contig_21815	1	492	3	81	16.4634	0.493902	36.9	60
dDocent_Contig_21819	1	405	6	150	37.037	2.05926	35.8	60
dDocent_Contig_21829	1	370	9	159	42.973	2.41081	36.9	60
dDocent_Contig_21830	1	319	36	268	84.0125	11.4138	36.4	45.1
dDocent_Contig_21832	1	428	17	121	28.271	4.56542	35.4	60
dDocent_Contig_21833	1	339	24	190	56.0472	7.58112	36.1	56.1
dDocent_Contig_21850	1	296	5	144	48.6486	1.85811	36.8	60
dDocent_Contig_21855	1	437	6	181	41.4188	1.77346	36.9	60
dDocent_Contig_21856	1	304	19	293	96.3816	8.48355	36.1	60
dDocent_Contig_21864	1	380	26	148	38.9474	7.80526	35.2	60
dDocent_Contig_21866	1	314	10	158	50.3185	3.55414	36.4	60
dDocent_Contig_21871	1	374	2	94	25.1337	0.502674	36.4	60
dDocent_Contig_21886	1	331	12	212	64.0483	4.38066	36.1	60
dDocent_Contig_21888	1	394	2	107	27.1574	0.543147	36.3	60
dDocent_Contig_21889	1	423	10	164	38.7707	2.47754	36.1	60
dDocent_Contig_21901	1	449	5	143	31.8486	1.21826	36.7	60
dDocent_Contig_21911	1	339	17	223	65.7817	6.70796	34.9	60
dDocent_Contig_21913	1	394	10	203	51.5228	2.4264	36.3	60
dDocent_Contig_21914	1	339	10	242	71.3864	3.84661	36.8	60
dDocent_Contig_21941	1	301	7	261	86.711	2.49834	36.3	60
dDocent_Contig_21942	1	404	6	138	34.1584	2.0495	36.3	60
dDocent_Contig_21944	1	343	34	174	50.7289	11.9738	35	60
dDocent_Contig_21945	1	303	557	302	99.67	227.983	36.2	59.2
dDocent_Contig_21946	1	393	8	155	39.4402	1.85496	35.6	60
dDocent_Contig_21949	1	445	6	222	49.8876	1.54382	36	60
dDocent_Contig_21957	1	401	7	140	34.9127	1.3616	35.8	60
dDocent_Contig_21962	1	243	8	122	50.2058	2.88066	35.3	60
dDocent_Contig_21964	1	380	7	234	61.5789	2.23421	36.8	60
dDocent_Contig_21968	1	366	6	110	30.0546	1.33333	36.7	60
dDocent_Contig_21969	1	420	15	200	47.619	3.81429	36.4	60
dDocent_Contig_21970	1	398	95	335	84.1709	24.608	36.2	57.4
dDocent_Contig_21973	1	282	18	228	80.8511	8.84043	36.1	60
dDocent_Contig_21984	1	317	3	128	40.3785	0.962145	36.9	60
dDocent_Contig_21989	1	374	23	205	54.8128	7.52139	36.2	60
dDocent_Contig_21993	1	268	13	229	85.4478	5.61567	35.8	60
dDocent_Contig_22006	1	317	716	314	99.0536	267.098	36.2	55.4
dDocent_Contig_22009	1	470	14	308	65.5319	3.90851	36	60
dDocent_Contig_22019	1	320	15	259	80.9375	4.925	36.3	60
dDocent_Contig_22021	1	338	4	117	34.6154	1.27219	36.9	60
dDocent_Contig_22030	1	367	30	284	77.3842	10.1335	35.7	60
dDocent_Contig_22036	1	267	4	194	72.6592	2.11985	36.2	60
dDocent_Contig_22038	1	360	6	143	39.7222	2.15	36.8	60
dDocent_Contig_22042	1	469	29	267	56.9296	8.02772	36.3	60
dDocent_Contig_22043	1	427	5	182	42.623	1.75644	35.5	60
dDocent_Contig_22044	1	316	48	274	86.7089	17.8354	36.3	60
dDocent_Contig_22045	1	350	9	261	74.5714	2.88286	35.8	60
dDocent_Contig_22046	1	310	59	306	98.7097	23.1065	35.9	60
dDocent_Contig_22055	1	358	12	159	44.4134	3.94413	36.9	60
dDocent_Contig_22058	1	344	6	280	81.3953	2.31977	36.1	60
dDocent_Contig_22079	1	397	5	294	74.0554	1.58438	36.7	60
dDocent_Contig_22086	1	502	17	242	48.2072	4.25299	36.3	60
dDocent_Contig_22097	1	386	19	265	68.6528	7.18135	35.5	60
dDocent_Contig_22100	1	345	53	298	86.3768	17.6116	34.6	60
dDocent_Contig_22109	1	384	4	131	34.1146	1.36458	34.6	60
dDocent_Contig_22116	1	420	3	152	36.1905	0.935714	36.3	60
dDocent_Contig_22117	1	467	2	123	26.3383	0.526767	36.8	60
dDocent_Contig_22135	1	365	16	195	53.4247	5.25753	35.4	60
dDocent_Contig_22136	1	504	8	247	49.0079	1.61111	35.9	60
dDocent_Contig_22142	1	402	9	219	54.4776	2.8209	36.8	60
dDocent_Contig_22144	1	255	12	233	91.3725	4.36078	36	52
dDocent_Contig_22157	1	319	4	128	40.1254	1.14734	36.9	60
dDocent_Contig_22159	1	405	2	108	26.6667	0.533333	36.7	60
dDocent_Contig_22161	1	434	5	255	58.7558	1.04147	36.6	60
dDocent_Contig_22162	1	425	27	265	62.3529	8.56706	34.9	60
dDocent_Contig_22168	1	381	707	378	99.2126	226.239	35.6	58.6
dDocent_Contig_22170	1	337	32	222	65.8754	12.6024	35.4	60
dDocent_Contig_22182	1	319	10	215	67.3981	3.02821	36.4	60
dDocent_Contig_22196	1	377	14	230	61.008	4.51194	36.4	59.8
dDocent_Contig_22219	1	444	6	172	38.7387	1.53378	36.7	60
dDocent_Contig_22220	1	381	10	157	41.2073	3.07612	34.7	60
dDocent_Contig_22221	1	309	50	175	56.6343	20.0615	36	59.7
dDocent_Contig_22243	1	227	15	225	99.1189	7.74009	36.7	60
dDocent_Contig_22247	1	286	5	143	50	1.83566	34.2	60
dDocent_Contig_22251	1	382	21	201	52.6178	7.17539	35.1	60
dDocent_Contig_22263	1	382	12	154	40.3141	2.72251	36	60
dDocent_Contig_22277	1	389	11	202	51.928	3.47044	36.3	60
dDocent_Contig_22278	1	386	6	119	30.829	1.48705	35.3	60
dDocent_Contig_22295	1	414	3	131	31.6425	0.891304	36.7	60
dDocent_Contig_22317	1	325	4	132	40.6154	1.15692	36.9	60
dDocent_Contig_22319	1	393	15	188	47.8372	4.68702	35.3	60
dDocent_Contig_22344	1	417	9	167	40.048	2.97842	36.1	60
dDocent_Contig_22346	1	286	9	141	49.3007	3.32517	36.2	60
dDocent_Contig_22348	1	405	23	299	73.8272	6.41235	36	56.9
dDocent_Contig_22350	1	374	10	197	52.6738	3.05882	36.6	60
dDocent_Contig_22362	1	375	11	183	48.8	2.86933	35.6	60
dDocent_Contig_22373	1	391	29	183	46.8031	9.27877	36	60
dDocent_Contig_22401	1	321	6	219	68.2243	2.03738	34.6	60
dDocent_Contig_22407	1	245	23	235	95.9184	9.97959	36	55.4
dDocent_Contig_22414	1	326	72	184	56.4417	22.9233	36.4	39.4
dDocent_Contig_22437	1	351	14	227	64.6724	5.19943	36.6	60
dDocent_Contig_22450	1	381	46	342	89.7638	17.5381	35.8	60
dDocent_Contig_22454	1	345	22	216	62.6087	8.06377	36.5	60
dDocent_Contig_22459	1	402	9	197	49.005	3.21642	35.2	60
dDocent_Contig_22460	1	332	29	233	70.1807	11.7289	34.6	60
dDocent_Contig_22463	1	362	13	185	51.105	4.65193	35.5	60
dDocent_Contig_22473	1	292	2	91	31.1644	0.623288	36.8	60
dDocent_Contig_22476	1	295	17	260	88.1356	7.2339	35.1	58.2
dDocent_Contig_22483	1	313	4	129	41.2141	1.64856	36.9	60
dDocent_Contig_22484	1	331	7	139	41.994	2.67976	35.9	60
dDocent_Contig_22500	1	345	4	86	24.9275	0.776812	37	60
dDocent_Contig_22502	1	432	12	193	44.6759	3.13889	36.5	60
dDocent_Contig_22505	1	244	11	173	70.9016	5.88934	36.6	60
dDocent_Contig_22531	1	400	1	150	37.5	0.375	36	60
dDocent_Contig_22545	1	478	12	152	31.7992	2.6318	36.3	60
dDocent_Contig_22546	1	381	18	224	58.7927	5.75328	36.2	60
dDocent_Contig_22551	1	374	4	156	41.7112	1	36.2	60
dDocent_Contig_22600	1	381	6	160	41.9948	1.90551	36	60
dDocent_Contig_22607	1	344	12	175	50.8721	4.92151	34.8	60
dDocent_Contig_22611	1	336	2	96	28.5714	0.571429	36.6	60
dDocent_Contig_22612	1	322	16	235	72.9814	7.21118	35	60
dDocent_Contig_22620	1	389	103	374	96.144	29.8303	36.1	59.7
dDocent_Contig_22625	1	328	10	146	44.5122	3.20122	36.8	60
dDocent_Contig_22627	1	371	8	238	64.1509	2.42588	36.8	60
dDocent_Contig_22632	1	436	45	314	72.0183	12.3601	36	60
dDocent_Contig_22648	1	313	58	204	65.1757	19.2013	35.6	44.1
dDocent_Contig_22653	1	375	13	194	51.7333	3.896	35.5	60
dDocent_Contig_22656	1	386	17	184	47.6684	5.29534	36	59.1
dDocent_Contig_22678	1	413	16	177	42.8571	4.72639	35.2	60
dDocent_Contig_22687	1	371	19	211	56.8733	5.80323	36	60
dDocent_Contig_22704	1	313	8	144	46.0064	2.94888	35.8	60
dDocent_Contig_22707	1	309	14	265	85.7605	6.54693	35.1	60
dDocent_Contig_22711	1	430	6	110	25.5814	1.53488	35.4	60
dDocent_Contig_22717	1	358	19	273	76.257	6.25698	36.4	60
dDocent_Contig_22720	1	370	11	241	65.1351	3.36757	36.3	60
dDocent_Contig_22721	1	464	17	450	96.9828	4.5194	36.1	59.5
dDocent_Contig_22772	1	329	15	241	73.2523	5.05471	36.1	60
dDocent_Contig_22788	1	342	6	177	51.7544	2.63158	36.7	60
dDocent_Contig_22799	1	367	13	306	83.3787	4.16076	34.6	60
dDocent_Contig_22801	1	386	48	199	51.5544	15.8264	35.2	60
dDocent_Contig_22802	1	470	92	235	50	25.1702	35.7	59.5
dDocent_Contig_22804	1	340	14	202	59.4118	4.87353	35.9	60
dDocent_Contig_22806	1	386	4	122	31.6062	1.26166	33.5	60
dDocent_Contig_22817	1	281	6	215	76.5125	2.51246	36.7	52.7
dDocent_Contig_22818	1	446	9	268	60.0897	2.65695	34.3	57.8
dDocent_Contig_22829	1	335	15	162	48.3582	5.3791	36	60
dDocent_Contig_22843	1	339	6	167	49.2625	2.64602	35.4	60
dDocent_Contig_22857	1	264	10	170	64.3939	4.43182	36.3	60
dDocent_Contig_22858	1	376	10	192	51.0638	3.30851	34.9	60
dDocent_Contig_22859	1	407	13	247	60.688	3.83292	35.7	60
dDocent_Contig_22861	1	282	27	272	96.4539	12.9078	35.9	60
dDocent_Contig_22871	1	484	6	220	45.4545	1.52893	36.3	60
dDocent_Contig_22872	1	429	19	151	35.1981	4.72727	36.5	60
dDocent_Contig_22873	1	305	12	165	54.0984	4.61639	36	60
dDocent_Contig_22875	1	327	2	116	35.474	0.70948	37	60
dDocent_Contig_22880	1	353	2	95	26.9122	0.538244	36.9	60
dDocent_Contig_22881	1	317	13	129	40.694	4.95899	35.8	60
dDocent_Contig_22883	1	330	8	194	58.7879	2.76364	36.4	60
dDocent_Contig_22884	1	365	5	207	56.7123	1.51233	34.2	60
dDocent_Contig_22886	1	334	2	111	33.2335	0.664671	36.9	60
dDocent_Contig_22888	1	353	28	202	57.2238	9.04816	35.5	60
dDocent_Contig_22891	1	383	9	118	30.8094	1.88512	36.8	60
dDocent_Contig_22914	1	352	11	307	87.2159	3.55114	36.4	60
dDocent_Contig_22918	1	288	9	226	78.4722	3.86806	36.2	60
dDocent_Contig_22922	1	474	12	224	47.2574	3.06118	35.4	60
dDocent_Contig_22924	1	410	176	363	88.5366	49.1756	36.4	45.7
dDocent_Contig_22948	1	246	38	223	90.6504	20.6992	35.4	60
dDocent_Contig_22956	1	369	18	249	67.4797	6.19783	36	60
dDocent_Contig_22957	1	386	342	386	100	109.332	36	59.9
dDocent_Contig_22958	1	360	3	212	58.8889	0.95	36.8	60
dDocent_Contig_22962	1	468	12	180	38.4615	3.00855	35.2	60
dDocent_Contig_22972	1	230	16	227	98.6957	8.18696	35.5	49.9
dDocent_Contig_22978	1	413	82	404	97.8208	21.4891	36.6	59.4
dDocent_Contig_22992	1	284	8	99	34.8592	2.78873	33.9	60
dDocent_Contig_22996	1	368	32	184	50	11.4783	35.2	60
dDocent_Contig_22997	1	399	10	245	61.4035	3.60902	36.8	60
dDocent_Contig_23004	1	374	11	261	69.7861	3.5	35.7	60
dDocent_Contig_23010	1	377	3	210	55.7029	1.12732	36.7	60
dDocent_Contig_23011	1	415	27	237	57.1084	7.68916	35.7	60
dDocent_Contig_23026	1	292	27	242	82.8767	9.08219	36.2	45.2
dDocent_Contig_23031	1	357	60	335	93.8375	21.5126	35.9	59.7
dDocent_Contig_23036	1	392	30	201	51.2755	9.96684	35.5	60
dDocent_Contig_23039	1	392	13	151	38.5204	3.47959	36.4	60
dDocent_Contig_23041	1	352	5	185	52.5568	1.69318	35.3	60
dDocent_Contig_23051	1	293	22	276	94.198	8.16041	35.8	60
dDocent_Contig_23057	1	392	9	317	80.8673	2.99235	34.9	60
dDocent_Contig_23059	1	405	29	183	45.1852	8.90617	36.3	60
dDocent_Contig_23060	1	379	11	173	45.6464	3.1029	36.4	60
dDocent_Contig_23061	1	380	33	337	88.6842	10.3	35.4	60
dDocent_Contig_23065	1	363	13	187	51.5152	4.50964	34.8	60
dDocent_Contig_23070	1	337	10	198	58.7537	3.97626	36.4	60
dDocent_Contig_23077	1	392	8	179	45.6633	2.36735	35.3	60
dDocent_Contig_23079	1	455	9	175	38.4615	2.01758	36	60
dDocent_Contig_23090	1	328	26	201	61.2805	11.0091	35.1	60
dDocent_Contig_23091	1	322	99	319	99.0683	37.528	35.7	59.9
dDocent_Contig_23096	1	269	26	268	99.6283	10.5762	35.7	60
dDocent_Contig_23100	1	341	8	157	46.0411	2.61877	36.3	60
dDocent_Contig_23102	1	351	16	165	47.0085	6.17094	35.4	60
dDocent_Contig_23104	1	423	258	423	100	74.8771	36	59.8
dDocent_Contig_23113	1	390	4	140	35.8974	1.22564	36.6	60
dDocent_Contig_23114	1	367	5	213	58.0381	1.87466	36.7	60
dDocent_Contig_23117	1	416	5	231	55.5288	1.28125	36.6	60
dDocent_Contig_23128	1	383	6	362	94.517	1.81462	36.9	60
dDocent_Contig_23151	1	333	40	302	90.6907	13.027	35.7	33
dDocent_Contig_23173	1	393	148	374	95.1654	44.3588	36.3	51.3
dDocent_Contig_23175	1	399	1070	379	94.9875	318.464	36.2	53.9
dDocent_Contig_23176	1	409	696	388	94.8655	217.208	36.2	53.6
dDocent_Contig_23177	1	418	9	139	33.2536	2.99043	35.3	60
dDocent_Contig_23180	1	462	12	332	71.8615	2.95671	36	60
dDocent_Contig_23186	1	351	34	214	60.9687	11.4729	36.3	49.7
dDocent_Contig_23199	1	301	30	198	65.7807	11.907	35.7	60
dDocent_Contig_23200	1	358	6	225	62.8492	2.11732	36.6	60
dDocent_Contig_23219	1	347	1	109	31.4121	0.314121	36.8	60
dDocent_Contig_23226	1	298	12	179	60.0671	4.32215	36	60
dDocent_Contig_23230	1	376	8	183	48.6702	2.35106	36.9	60
dDocent_Contig_23238	1	432	12	407	94.213	3.68519	36.4	60
dDocent_Contig_23242	1	406	16	167	41.133	4.61084	35.6	60
dDocent_Contig_23244	1	331	7	124	37.4622	1.97885	36.8	60
dDocent_Contig_23266	1	425	14	213	50.1176	3.19529	36.5	60
dDocent_Contig_23269	1	342	8	142	41.5205	2.45906	36.8	60
dDocent_Contig_23272	1	454	8	181	39.8678	1.97137	35.3	60
dDocent_Contig_23273	1	468	7	161	34.4017	1.70299	34.9	60
dDocent_Contig_23284	1	480	20	230	47.9167	4.49583	36.1	58.3
dDocent_Contig_23285	1	365	2	139	38.0822	0.761644	36.9	60
dDocent_Contig_23286	1	306	6	145	47.3856	2.62745	36.4	60
dDocent_Contig_23291	1	388	12	224	57.732	3.76031	36.2	60
dDocent_Contig_23294	1	460	5	216	46.9565	1.09348	36.8	52.4
dDocent_Contig_23303	1	427	6	170	39.8126	1.46604	35.4	60
dDocent_Contig_23304	1	443	23	363	81.9413	6.97065	36.1	60
dDocent_Contig_23306	1	369	10	225	60.9756	2.97832	35.7	60
dDocent_Contig_23308	1	280	6	162	57.8571	2.30357	36.7	60
dDocent_Contig_23311	1	250	4	169	67.6	1.816	36.9	60
dDocent_Contig_23332	1	362	9	176	48.6188	3.04144	36.3	60
dDocent_Contig_23343	1	459	10	227	49.4553	2.45316	35.3	60
dDocent_Contig_23369	1	425	6	109	25.6471	1.20941	35.5	60
dDocent_Contig_23371	1	374	36	170	45.4545	12.0856	35.2	60
dDocent_Contig_23372	1	403	4	263	65.2605	1.34739	36.6	60
dDocent_Contig_23374	1	388	33	285	73.4536	10.6546	35.5	58.4
dDocent_Contig_23377	1	474	19	163	34.3882	4.92405	36.2	60
dDocent_Contig_23384	1	406	172	406	100	51.9458	36.1	56.1
dDocent_Contig_23388	1	314	13	227	72.293	4.98726	35.4	60
dDocent_Contig_23397	1	359	1	87	24.234	0.24234	36.9	60
dDocent_Contig_23399	1	412	28	216	52.4272	7.2233	36.1	60
dDocent_Contig_23402	1	389	9	311	79.9486	2.82262	35.4	60
dDocent_Contig_23406	1	423	11	206	48.6998	3.28369	36	60
dDocent_Contig_23409	1	387	9	173	44.7028	2.57623	36.9	60
dDocent_Contig_23411	1	335	28	203	60.597	10.5493	35.9	60
dDocent_Contig_23416	1	413	19	220	53.2688	6.39467	36.2	60
dDocent_Contig_23418	1	255	6	148	58.0392	3.47843	36.8	60
dDocent_Contig_23419	1	355	37	219	61.6901	12.2394	36.1	60
dDocent_Contig_23421	1	328	21	174	53.0488	8.95427	35.2	60
dDocent_Contig_23423	1	250	10	235	94	4.46	36.7	60
dDocent_Contig_23428	1	283	11	148	52.2968	4.39223	36.7	60
dDocent_Contig_23429	1	289	6	155	53.6332	1.96886	34.9	60
dDocent_Contig_23444	1	376	21	252	67.0213	6.89894	35.4	60
dDocent_Contig_23449	1	394	49	186	47.2081	14.1447	34.9	60
dDocent_Contig_23458	1	485	13	205	42.268	3.76701	34.7	60
dDocent_Contig_23461	1	394	3	257	65.2284	0.916244	36	60
dDocent_Contig_23470	1	361	9	314	86.9806	3.54848	36.6	60
dDocent_Contig_23471	1	278	6	118	42.446	2.11511	36.9	60
dDocent_Contig_23473	1	319	25	165	51.7241	10.4044	34.3	60
dDocent_Contig_23477	1	399	8	158	39.599	2.30075	34.5	60
dDocent_Contig_23478	1	379	14	241	63.5884	4.81266	36.8	60
dDocent_Contig_23487	1	368	10	158	42.9348	3.29348	36	60
dDocent_Contig_23489	1	392	18	177	45.1531	5.71429	35.7	60
dDocent_Contig_23490	1	247	20	237	95.9514	10.4372	35.8	53
dDocent_Contig_23499	1	387	17	205	52.9716	5.18605	36.5	60
dDocent_Contig_23502	1	297	2	51	17.1717	0.343434	36.9	60
dDocent_Contig_23508	1	420	8	314	74.7619	2.47857	36.4	60
dDocent_Contig_23519	1	395	11	239	60.5063	3.51646	35.6	60
dDocent_Contig_23527	1	452	4	130	28.7611	1.0177	36.8	60
dDocent_Contig_23529	1	388	5	210	54.1237	1.42526	36.7	60
dDocent_Contig_23547	1	406	10	169	41.6256	2.99507	35.5	60
dDocent_Contig_23548	1	393	14	146	37.1501	3.79389	35.5	58.5
dDocent_Contig_23554	1	345	7	172	49.8551	2.06377	36.6	60
dDocent_Contig_23559	1	337	4	134	39.7626	1.46291	35.7	53.2
dDocent_Contig_23560	1	319	10	258	80.8777	3.39185	34.6	60
dDocent_Contig_23563	1	273	8	156	57.1429	3.54579	36.7	60
dDocent_Contig_23566	1	390	13	150	38.4615	3.27436	36.9	60
dDocent_Contig_23570	1	334	11	176	52.6946	3.51497	36.8	60
dDocent_Contig_23572	1	460	7	153	33.2609	1.83696	36.5	60
dDocent_Contig_23576	1	337	4	130	38.5757	1.30564	36.9	60
dDocent_Contig_23593	1	347	1	134	38.6167	0.386167	37	60
dDocent_Contig_23597	1	246	4	134	54.4715	1.82114	36.6	60
dDocent_Contig_23600	1	361	13	167	46.2604	4.75069	36.8	60
dDocent_Contig_23601	1	391	28	231	59.0793	8.30435	36.1	60
dDocent_Contig_23610	1	367	12	232	63.2153	4.10899	36.5	60
dDocent_Contig_23618	1	432	5	105	24.3056	0.935185	36.9	60
dDocent_Contig_23621	1	350	18	209	59.7143	6.04286	34.9	60
dDocent_Contig_23625	1	339	2	98	28.9086	0.578171	36.8	60
dDocent_Contig_23639	1	385	7	179	46.4935	2.15325	35.7	60
dDocent_Contig_23641	1	298	11	219	73.4899	5.04362	35.4	60
dDocent_Contig_23647	1	333	83	319	95.7958	30.9399	36.2	40
dDocent_Contig_23652	1	478	7	106	22.1757	1.30753	36	60
dDocent_Contig_23658	1	387	3	104	26.8734	0.633075	35.2	60
dDocent_Contig_23660	1	411	16	202	49.1484	4.94891	35.9	60
dDocent_Contig_23665	1	377	4	134	35.5438	1.18302	34.9	60
dDocent_Contig_23686	1	328	13	292	89.0244	4.20732	35.1	53.6
dDocent_Contig_23700	1	339	8	167	49.2625	3.53982	35.9	60
dDocent_Contig_23701	1	395	26	309	78.2278	7.56203	35.4	58.3
dDocent_Contig_23703	1	319	55	257	80.5643	21.3448	35.2	60
dDocent_Contig_23712	1	382	23	257	67.2775	7.70942	36.2	60
dDocent_Contig_23732	1	435	10	247	56.7816	2.29885	36.7	60
dDocent_Contig_23733	1	392	17	193	49.2347	5.72704	35	60
dDocent_Contig_23740	1	408	17	182	44.6078	5.23775	35.3	60
dDocent_Contig_23749	1	429	18	159	37.0629	4.46154	36	60
dDocent_Contig_23759	1	403	12	323	80.1489	3.41935	36.2	60
dDocent_Contig_23760	1	408	4	147	36.0294	1.21078	36.1	60
dDocent_Contig_23761	1	268	9	175	65.2985	3.38806	36	60
dDocent_Contig_23767	1	366	9	276	75.4098	2.48361	35.7	60
dDocent_Contig_23782	1	258	9	167	64.7287	4.00775	36.6	60
dDocent_Contig_23794	1	405	34	182	44.9383	9.03457	35.8	60
dDocent_Contig_23799	1	322	9	239	74.2236	3.67081	36.1	60
dDocent_Contig_23806	1	374	12	180	48.1283	3.5615	36.8	60
dDocent_Contig_23810	1	350	25	169	48.2857	8.72857	35	60
dDocent_Contig_23811	1	360	19	203	56.3889	5.52222	36.9	60
dDocent_Contig_23826	1	374	10	294	78.6096	3.08556	35	60
dDocent_Contig_23828	1	321	12	199	61.9938	3.84112	36.1	60
dDocent_Contig_23829	1	400	8	245	61.25	2.29	36.8	60
dDocent_Contig_23839	1	447	13	227	50.783	3.62192	36.3	58.6
dDocent_Contig_23840	1	282	13	195	69.1489	5.38652	35.7	60
dDocent_Contig_23865	1	235	4	121	51.4894	1.42979	36.8	60
dDocent_Contig_23867	1	356	21	341	95.7865	7.84831	35.5	60
dDocent_Contig_23870	1	388	31	201	51.8041	10.2062	35.6	60
dDocent_Contig_23878	1	369	42	367	99.458	13.3252	36.3	52.1
dDocent_Contig_23892	1	246	13	206	83.7398	5.06911	36.8	60
dDocent_Contig_23893	1	319	30	249	78.0564	11.2414	35.8	60
dDocent_Contig_23905	1	417	77	146	35.012	22.9281	35.1	60
dDocent_Contig_23907	1	486	9	204	41.9753	2.47119	36.1	60
dDocent_Contig_23908	1	391	7	174	44.5013	2.34271	36.2	57.4
dDocent_Contig_23909	1	370	6	198	53.5135	1.82973	36	60
dDocent_Contig_23912	1	479	14	323	67.4322	3.30689	35.8	60
dDocent_Contig_23916	1	404	1	62	15.3465	0.153465	37	60
dDocent_Contig_23946	1	399	10	209	52.381	3.27569	35.1	60
dDocent_Contig_23949	1	374	1091	364	97.3262	352.123	36	49.4
dDocent_Contig_23950	1	389	6	149	38.3033	1.66067	36.2	60
dDocent_Contig_23952	1	264	231	229	86.7424	82.9962	36.3	39.6
dDocent_Contig_23953	1	293	28	290	98.9761	12.5085	35.4	59.1
dDocent_Contig_23957	1	376	279	375	99.734	88.3856	35.7	59.5
dDocent_Contig_23958	1	374	5	133	35.5615	1.62567	35.7	60
dDocent_Contig_23966	1	292	38	217	74.3151	12.9075	36	54.1
dDocent_Contig_23972	1	409	5	116	28.3619	1.1198	36.8	60
dDocent_Contig_23985	1	376	14	165	43.883	4.01596	35	60
dDocent_Contig_23988	1	337	7	207	61.4243	2.36202	35	60
dDocent_Contig_23989	1	279	18	174	62.3656	7.8172	35.9	60
dDocent_Contig_23992	1	417	9	215	51.5588	2	36	60
dDocent_Contig_24008	1	388	3	133	34.2784	0.845361	36.8	60
dDocent_Contig_24016	1	386	6	223	57.772	1.96373	36.7	60
dDocent_Contig_24018	1	408	24	305	74.7549	5.77696	35.9	60
dDocent_Contig_24024	1	402	9	181	45.0249	2.17413	36	60
dDocent_Contig_24033	1	299	6	184	61.5385	2.22074	36.2	60
dDocent_Contig_24039	1	310	24	213	68.7097	8.90323	36.1	60
dDocent_Contig_24040	1	307	12	180	58.6319	4.6645	35.6	60
dDocent_Contig_24044	1	273	85	265	97.0696	29.3993	36.2	59.6
dDocent_Contig_24046	1	373	37	245	65.6836	12.0483	36.3	46.9
dDocent_Contig_24050	1	375	7	321	85.6	2.016	35.6	60
dDocent_Contig_24055	1	506	9	157	31.0277	1.74308	36.8	60
dDocent_Contig_24059	1	356	10	215	60.3933	3.42978	36.7	60
dDocent_Contig_24064	1	333	12	254	76.2763	4.18018	35.6	60
dDocent_Contig_24073	1	376	24	177	47.0745	7.86436	35.4	60
dDocent_Contig_24097	1	382	5	227	59.4241	1.57068	35.3	60
dDocent_Contig_24210	1	388	2	64	16.4948	0.329897	36.9	60
dDocent_Contig_24219	1	361	21	172	47.6454	5.67036	35.8	60
dDocent_Contig_24221	1	366	23	228	62.2951	7.00273	35.6	60
dDocent_Contig_24229	1	350	7	223	63.7143	2.10857	36.9	60
dDocent_Contig_24232	1	364	4	300	82.4176	1.38736	36.2	60
dDocent_Contig_24234	1	396	5	168	42.4242	1.33081	33.1	60
dDocent_Contig_24253	1	364	6	227	62.3626	2.42033	35	60
dDocent_Contig_24254	1	340	14	147	43.2353	4.58824	35.7	60
dDocent_Contig_24276	1	404	40	250	61.8812	12.3218	35.9	60
dDocent_Contig_24287	1	392	23	190	48.4694	8.05102	35.9	60
dDocent_Contig_24288	1	437	6	165	37.7574	1.4508	36.7	60
dDocent_Contig_24290	1	366	7	185	50.5464	2.77049	36.4	60
dDocent_Contig_24301	1	281	27	261	92.8826	11.0249	35.9	60
dDocent_Contig_24316	1	291	16	196	67.354	5.71478	36.6	60
dDocent_Contig_24322	1	386	115	352	91.1917	30.1891	36.4	51.7
dDocent_Contig_24323	1	325	3	120	36.9231	1.10769	33.8	60
dDocent_Contig_24340	1	275	68	243	88.3636	29.92	35.6	60
dDocent_Contig_24347	1	298	2	129	43.2886	0.530201	36.8	60
dDocent_Contig_24349	1	363	6	107	29.4766	1.31129	36.8	60
dDocent_Contig_24353	1	400	27	173	43.25	6.94	36.2	55.7
dDocent_Contig_24380	1	320	22	245	76.5625	7.8625	36.1	60
dDocent_Contig_24381	1	334	10	229	68.5629	3.11078	36.2	60
dDocent_Contig_24383	1	400	13	182	45.5	3.7	35.4	60
dDocent_Contig_24386	1	435	5	162	37.2414	1.1908	36.8	60
dDocent_Contig_24388	1	351	29	234	66.6667	10.9687	35.8	60
dDocent_Contig_24391	1	407	5	133	32.6781	1.50614	34.6	60
dDocent_Contig_24394	1	438	19	214	48.8584	5.24201	35.6	60
dDocent_Contig_24399	1	391	10	286	73.1458	2.96931	36	60
dDocent_Contig_24403	1	353	4	181	51.2748	1.67989	35.7	60
dDocent_Contig_24418	1	388	8	159	40.9794	2.27835	36.4	60
dDocent_Contig_24420	1	392	5	165	42.0918	1.25255	37	60
dDocent_Contig_24421	1	428	29	256	59.8131	9.08178	35.4	60
dDocent_Contig_24431	1	355	4	196	55.2113	1.10423	36.7	60
dDocent_Contig_24434	1	283	17	184	65.0177	6.77739	35.2	60
dDocent_Contig_24439	1	390	17	152	38.9744	5.06154	35.8	60
dDocent_Contig_24441	1	386	11	202	52.3316	3.54404	36	60
dDocent_Contig_24443	1	342	22	283	82.7485	8.05556	36	60
dDocent_Contig_24449	1	325	46	200	61.5385	16.9046	34.7	60
dDocent_Contig_24451	1	455	10	232	50.989	2.28791	36.7	60
dDocent_Contig_24467	1	362	15	213	58.8398	5.29006	36.4	60
dDocent_Contig_24468	1	319	20	165	51.7241	7.88401	35.7	60
dDocent_Contig_24470	1	400	33	394	98.5	9.4225	35.9	57.8
dDocent_Contig_24491	1	332	6	137	41.2651	1.89759	36.9	60
dDocent_Contig_24493	1	401	4	203	50.6234	1.29676	36.8	60
dDocent_Contig_24506	1	337	6	154	45.6973	1.96439	36.6	27.2
dDocent_Contig_24526	1	344	1	82	23.8372	0.238372	37	60
dDocent_Contig_24533	1	449	6	244	54.343	1.38085	36.8	60
dDocent_Contig_24543	1	314	9	155	49.3631	2.41083	35.4	60
dDocent_Contig_24550	1	368	4	118	32.0652	1.28261	35.6	60
dDocent_Contig_24559	1	325	13	201	61.8462	5.20923	35.8	60
dDocent_Contig_24560	1	398	3	144	36.1809	0.914573	34	60
dDocent_Contig_24576	1	406	17	205	50.4926	4.51478	36.1	60
dDocent_Contig_24580	1	271	1	119	43.9114	0.439114	36.8	60
dDocent_Contig_24586	1	435	4	89	20.4598	0.806897	29.5	60
dDocent_Contig_24593	1	226	10	173	76.5487	5.02655	36.1	60
dDocent_Contig_24594	1	275	24	189	68.7273	9.59636	35.4	60
dDocent_Contig_24602	1	407	11	116	28.5012	2.63636	34.8	60
dDocent_Contig_24611	1	431	6	112	25.9861	1.28074	36.7	60
dDocent_Contig_24628	1	454	17	210	46.2555	4.71145	36.1	60
dDocent_Contig_24629	1	311	7	172	55.3055	2.94212	36	60
dDocent_Contig_24633	1	329	29	179	54.4073	12.4316	35.9	60
dDocent_Contig_24641	1	286	7	270	94.4056	3.11538	36.3	60
dDocent_Contig_24645	1	313	11	206	65.8147	4.50479	35.1	60
dDocent_Contig_24650	1	296	5	93	31.4189	1.54054	35.2	60
dDocent_Contig_24651	1	387	17	181	46.77	5.10853	36.2	60
dDocent_Contig_24652	1	451	14	244	54.102	3.71397	36.4	60
dDocent_Contig_24653	1	408	10	210	51.4706	2.17892	35.5	59.2
dDocent_Contig_24658	1	309	19	200	64.7249	7.70227	35.6	60
dDocent_Contig_24672	1	487	37	309	63.4497	8.13758	35.6	60
dDocent_Contig_24682	1	406	6	203	50	1.64532	36.3	60
dDocent_Contig_24704	1	470	7	154	32.766	1.4234	36.9	60
dDocent_Contig_24711	1	224	6	185	82.5893	2.77679	36.8	60
dDocent_Contig_24716	1	318	6	177	55.6604	2.04717	35.9	60
dDocent_Contig_24732	1	330	8	224	67.8788	3.08182	36	60
dDocent_Contig_24738	1	363	7	163	44.9036	2.17906	33.8	60
dDocent_Contig_24741	1	387	2	95	24.5478	0.490956	36.8	60
dDocent_Contig_24748	1	391	13	148	37.8517	3.70844	36.1	60
dDocent_Contig_24767	1	352	12	231	65.625	4.14205	36.3	60
dDocent_Contig_24778	1	379	5	198	52.2427	1.67018	36.4	55
dDocent_Contig_24782	1	402	10	188	46.7662	2.74129	36.6	60
dDocent_Contig_24789	1	277	26	273	98.556	11.0578	35.6	60
dDocent_Contig_24791	1	395	7	172	43.5443	2.12658	36.3	60
dDocent_Contig_24795	1	350	7	235	67.1429	2.66571	36.7	60
dDocent_Contig_24806	1	440	18	417	94.7727	4.65455	36.2	60
dDocent_Contig_24807	1	319	9	151	47.3354	3.05643	36.8	60
dDocent_Contig_24808	1	291	12	203	69.7595	6.01718	35	60
dDocent_Contig_24809	1	392	20	205	52.2959	4.03061	34.4	60
dDocent_Contig_24810	1	226	2	89	39.3805	0.787611	37	60
dDocent_Contig_24813	1	386	19	165	42.7461	5.97927	35.5	60
dDocent_Contig_24820	1	344	5	110	31.9767	1.47384	36.7	60
dDocent_Contig_24822	1	471	14	180	38.2166	3.30149	36.7	60
dDocent_Contig_24827	1	435	10	317	72.8736	2.31724	36.7	60
dDocent_Contig_24841	1	391	4	116	29.6675	1.1867	36.8	60
dDocent_Contig_24854	1	390	7	167	42.8205	1.39487	36.8	42.6
dDocent_Contig_24872	1	355	4	137	38.5915	1.47324	36.5	60
dDocent_Contig_24873	1	369	12	171	46.3415	3.8645	35	60
dDocent_Contig_24875	1	352	9	218	61.9318	3.02557	36.7	60
dDocent_Contig_24876	1	376	15	153	40.6915	4.30585	36.4	60
dDocent_Contig_24879	1	406	5	229	56.4039	1.62315	36.7	60
dDocent_Contig_24880	1	257	14	256	99.6109	6.64591	36.1	60
dDocent_Contig_24881	1	342	10	246	71.9298	3.36257	36.7	60
dDocent_Contig_24882	1	340	40	225	66.1765	14.3324	35.7	60
dDocent_Contig_24894	1	427	3	139	32.5527	0.496487	36	60
dDocent_Contig_24941	1	447	2	88	19.6868	0.393736	36.6	60
dDocent_Contig_24947	1	445	86	276	62.0225	19.8315	36.1	57.8
dDocent_Contig_24948	1	361	4	192	53.1856	1.31856	36.7	60
dDocent_Contig_24959	1	441	24	270	61.2245	6.84354	36.5	60
dDocent_Contig_24977	1	371	9	160	43.1267	2.44474	35.2	60
dDocent_Contig_25002	1	447	15	105	23.4899	2.51007	34	60
dDocent_Contig_25017	1	236	17	218	92.3729	8.88136	36.3	60
dDocent_Contig_25031	1	507	2	108	21.3018	0.426036	36.6	60
dDocent_Contig_25032	1	495	8	345	69.697	1.47879	36.8	60
dDocent_Contig_25034	1	404	9	148	36.6337	2.35644	36.6	60
dDocent_Contig_25039	1	374	15	371	99.1979	4.90909	35.4	60
dDocent_Contig_25043	1	387	11	178	45.9948	2.70543	36.6	60
dDocent_Contig_25062	1	356	13	150	42.1348	4.26124	35.6	60
dDocent_Contig_25069	1	367	4	161	43.8692	1.15531	37	60
dDocent_Contig_25096	1	402	55	185	46.0199	13.5199	36.2	43.1
dDocent_Contig_25107	1	299	9	163	54.5151	2.89632	35.8	60
dDocent_Contig_25115	1	408	25	190	46.5686	8.02206	35.8	60
dDocent_Contig_25117	1	354	1	101	28.5311	0.285311	36.9	60
dDocent_Contig_25124	1	298	72	196	65.7718	33.4262	35.9	60
dDocent_Contig_25128	1	317	6	152	47.9495	2.4511	33.6	58.3
dDocent_Contig_25143	1	341	4	116	34.0176	1.09091	36.8	60
dDocent_Contig_25172	1	416	10	190	45.6731	2.93269	35.3	60
dDocent_Contig_25174	1	375	4	158	42.1333	1.136	36.6	60
dDocent_Contig_25179	1	407	7	186	45.7002	2.28747	35.5	60
dDocent_Contig_25181	1	404	23	294	72.7723	6.80941	36.8	60
dDocent_Contig_25182	1	270	1	134	49.6296	0.496296	37	60
dDocent_Contig_25185	1	378	243	319	84.3915	64.3836	36.1	59.6
dDocent_Contig_25187	1	482	9	225	46.6805	2.43154	35.7	60
dDocent_Contig_25188	1	377	14	161	42.7056	4.77454	36	60
dDocent_Contig_25196	1	380	18	226	59.4737	7.10263	34.6	60
dDocent_Contig_25200	1	269	6	66	24.5353	1.42007	36.9	51.3
dDocent_Contig_25204	1	452	19	195	43.1416	5.45354	35.1	59.4
dDocent_Contig_25217	1	299	3	114	38.1271	1.02007	36.5	60
dDocent_Contig_25226	1	293	4	219	74.744	1.49829	37	60
dDocent_Contig_25233	1	378	4	109	28.836	1.02116	36.6	60
dDocent_Contig_25240	1	275	1	114	41.4545	0.414545	37	26
dDocent_Contig_25242	1	384	3	115	29.9479	0.773438	36.9	60
dDocent_Contig_25243	1	329	24	205	62.31	9.51672	35.4	60
dDocent_Contig_25247	1	401	13	219	54.6135	3.91272	35.3	60
dDocent_Contig_25248	1	342	5	214	62.5731	1.48246	36	60
dDocent_Contig_25263	1	392	5	368	93.8776	1.68112	36.9	60
dDocent_Contig_25264	1	400	5	185	46.25	1.875	36.5	60
dDocent_Contig_25265	1	369	41	351	95.122	12.1463	36	52.4
dDocent_Contig_25282	1	411	35	240	58.3942	10.3674	35.8	60
dDocent_Contig_25294	1	411	2	100	24.3309	0.486618	36.9	60
dDocent_Contig_25296	1	323	32	210	65.0155	12.9102	35.4	60
dDocent_Contig_25307	1	310	55	166	53.5484	18.3097	35	60
dDocent_Contig_25308	1	338	27	226	66.8639	9.88757	36.2	60
dDocent_Contig_25309	1	404	22	190	47.0297	6.74505	35.5	60
dDocent_Contig_25315	1	426	3	87	20.4225	0.612676	36.8	60
dDocent_Contig_25320	1	413	17	150	36.3196	4.19855	36.2	60
dDocent_Contig_25324	1	359	9	210	58.4958	2.92201	36.2	60
dDocent_Contig_25329	1	379	10	235	62.0053	3.10818	36.8	60
dDocent_Contig_25333	1	311	11	234	75.2412	4.7492	36.2	60
dDocent_Contig_25337	1	422	1	124	29.3839	0.293839	36.8	60
dDocent_Contig_25338	1	404	17	306	75.7426	5.04455	36.1	60
dDocent_Contig_25339	1	324	2	86	26.5432	0.530864	35.5	60
dDocent_Contig_25348	1	273	13	213	78.022	6.54212	35.1	60
dDocent_Contig_25351	1	361	2	70	19.3906	0.387812	36.7	60
dDocent_Contig_25355	1	406	9	151	37.1921	2.4532	36	60
dDocent_Contig_25361	1	502	7	147	29.2829	1.249	36.9	60
dDocent_Contig_25364	1	293	37	235	80.2048	16.1058	36.1	60
dDocent_Contig_25365	1	437	12	277	63.3867	2.73684	35	60
dDocent_Contig_25381	1	357	8	167	46.7787	2.65546	35.1	60
dDocent_Contig_25384	1	363	9	128	35.2617	2.53719	36.1	60
dDocent_Contig_25385	1	320	30	261	81.5625	12.5156	35.1	60
dDocent_Contig_25386	1	317	3	149	47.0032	1.01893	35.3	60
dDocent_Contig_25387	1	337	20	182	54.0059	8.15727	35.9	60
dDocent_Contig_25402	1	401	8	175	43.6409	2.38404	36.9	60
dDocent_Contig_25404	1	328	29	228	69.5122	11.7195	34.9	60
dDocent_Contig_25405	1	345	27	216	62.6087	10.0754	35.5	60
dDocent_Contig_25410	1	313	5	150	47.9233	1.76038	35.7	60
dDocent_Contig_25416	1	231	80	227	98.2684	43.0563	34.9	60
dDocent_Contig_25418	1	395	17	344	87.0886	5.21519	35.3	60
dDocent_Contig_25420	1	302	5	130	43.0464	1.93046	36.8	60
dDocent_Contig_25435	1	262	4	202	77.0992	2.08397	36.5	60
dDocent_Contig_25439	1	356	4	114	32.0225	1.20506	35.8	60
dDocent_Contig_25449	1	456	25	269	58.9912	5.25658	36.1	55.2
dDocent_Contig_25450	1	337	12	225	66.7656	3.89614	36.8	60
dDocent_Contig_25451	1	297	24	296	99.6633	11.4175	35.2	60
dDocent_Contig_25454	1	399	4	124	31.0777	1.06516	36.7	60
dDocent_Contig_25456	1	358	9	178	49.7207	3.01117	36.7	60
dDocent_Contig_25465	1	248	12	186	75	5.15323	36.1	60
dDocent_Contig_25467	1	471	20	196	41.6136	6.08705	35.2	60
dDocent_Contig_25472	1	411	25	331	80.5353	7.78589	35.5	60
dDocent_Contig_25473	1	308	16	171	55.5195	6.20779	36.7	60
dDocent_Contig_25476	1	348	21	236	67.8161	7.72989	34.3	60
dDocent_Contig_25477	1	274	10	214	78.1022	3.88321	36	60
dDocent_Contig_25491	1	350	446	349	99.7143	155.463	36.1	59.7
dDocent_Contig_25492	1	383	20	305	79.6345	6.15144	36.4	60
dDocent_Contig_25493	1	365	6	283	77.5342	1.72603	36.4	60
dDocent_Contig_25496	1	405	12	202	49.8765	3.56049	36.7	60
dDocent_Contig_25505	1	400	1	113	28.25	0.2825	36.8	60
dDocent_Contig_25517	1	328	2	105	32.0122	0.640244	36.9	60
dDocent_Contig_25536	1	343	19	159	46.3557	6.99125	34.9	60
dDocent_Contig_25539	1	417	15	303	72.6619	4.54436	35.9	60
dDocent_Contig_25542	1	378	5	182	48.1481	1.22751	34.4	60
dDocent_Contig_25545	1	369	11	219	59.3496	3.73171	36.8	60
dDocent_Contig_25551	1	380	1	89	23.4211	0.234211	36.9	60
dDocent_Contig_25564	1	341	2	214	62.7566	0.733138	36.9	60
dDocent_Contig_25567	1	239	5	91	38.0753	1.58577	35.3	60
dDocent_Contig_25575	1	338	17	319	94.3787	7.11538	35	60
dDocent_Contig_25576	1	452	2	85	18.8053	0.376106	36.8	60
dDocent_Contig_25577	1	360	38	206	57.2222	13.2778	35.4	60
dDocent_Contig_25580	1	345	8	150	43.4783	2.73043	36.8	60
dDocent_Contig_25583	1	391	53	279	71.3555	15.0946	36.3	40.5
dDocent_Contig_25586	1	366	16	286	78.1421	4.40984	36.2	48.4
dDocent_Contig_25587	1	372	7	193	51.8817	2.59677	36.7	49.1
dDocent_Contig_25588	1	369	6	187	50.6775	2.20325	34.9	60
dDocent_Contig_25593	1	401	73	400	99.7506	19.601	36.1	45.4
dDocent_Contig_25595	1	264	379	253	95.8333	169.883	36.1	58.8
dDocent_Contig_25599	1	361	18	208	57.6177	5.8338	36.5	60
dDocent_Contig_25613	1	322	8	155	48.1366	3.21429	36.6	60
dDocent_Contig_25614	1	291	5	129	44.3299	1.29897	36.2	60
dDocent_Contig_25615	1	326	2	69	21.1656	0.423313	36.8	60
dDocent_Contig_25634	1	395	38	306	77.4684	12.7316	35.3	60
dDocent_Contig_25642	1	406	6	167	41.133	1.74877	36.7	60
dDocent_Contig_25643	1	447	4	88	19.6868	0.787472	36.9	60
dDocent_Contig_25644	1	377	2	101	26.7905	0.535809	36.6	60
dDocent_Contig_25652	1	362	7	277	76.5193	2.64917	36.5	60
dDocent_Contig_25657	1	327	8	180	55.0459	2.96636	35.7	60
dDocent_Contig_25663	1	485	63	196	40.4124	15.7526	34.9	60
dDocent_Contig_25682	1	329	26	203	61.7021	10.0122	35.8	60
dDocent_Contig_25685	1	345	2	67	19.4203	0.388406	36.9	60
dDocent_Contig_25686	1	370	11	169	45.6757	3.07297	36.6	60
dDocent_Contig_25688	1	304	10	278	91.4474	3.35526	36.7	60
dDocent_Contig_25692	1	365	8	184	50.411	2.6274	36.8	60
dDocent_Contig_25697	1	283	9	209	73.8516	3.47703	36.1	51.6
dDocent_Contig_25698	1	326	24	187	57.362	9.5092	35.1	60
dDocent_Contig_25699	1	409	2	92	22.4939	0.449878	36.8	60
dDocent_Contig_25700	1	343	160	301	87.7551	48.7609	35.8	55.2
dDocent_Contig_25727	1	359	1	91	25.3482	0.253482	36.6	60
dDocent_Contig_25728	1	335	487	325	97.0149	167.221	36.3	58.2
dDocent_Contig_25729	1	405	8	195	48.1481	2.24691	36.7	60
dDocent_Contig_25749	1	454	14	241	53.0837	3.64097	35.3	60
dDocent_Contig_25751	1	397	11	221	55.6675	3.63728	36.1	60
dDocent_Contig_25756	1	271	42	199	73.4317	19.8007	35.3	60
dDocent_Contig_25759	1	351	4	128	36.4672	1.37322	36.7	60
dDocent_Contig_25760	1	418	10	143	34.2105	2.41866	35.2	60
dDocent_Contig_25767	1	387	17	252	65.1163	5.10336	35.8	60
dDocent_Contig_25769	1	390	12	207	53.0769	3.48974	36.3	60
dDocent_Contig_25773	1	403	2	115	28.536	0.548387	36.9	60
dDocent_Contig_25774	1	245	16	234	95.5102	8.20408	34.9	60
dDocent_Contig_25776	1	382	2	93	24.3455	0.486911	37	60
dDocent_Contig_25779	1	360	16	261	72.5	5.43611	35.7	60
dDocent_Contig_25782	1	292	25	180	61.6438	8.46575	35.8	60
dDocent_Contig_25783	1	390	23	212	54.359	7.88718	35.6	60
dDocent_Contig_25784	1	430	8	193	44.8837	2.30698	36	60
dDocent_Contig_25791	1	358	4	96	26.8156	0.960894	36.6	60
dDocent_Contig_25799	1	363	13	143	39.3939	3.7438	36.1	60
dDocent_Contig_25800	1	383	27	211	55.0914	9.6658	35.2	60
dDocent_Contig_25802	1	395	3	207	52.4051	1.13924	36.9	60
dDocent_Contig_25804	1	370	40	344	92.973	13.473	36.2	55.8
dDocent_Contig_25829	1	354	4	290	81.9209	1.22881	36.3	60
dDocent_Contig_25830	1	412	20	261	63.3495	6.67718	35	60
dDocent_Contig_25836	1	278	39	195	70.1439	17.6043	35.3	60
dDocent_Contig_25838	1	286	12	138	48.2517	4.08392	36.3	60
dDocent_Contig_25843	1	368	9	176	47.8261	2.94837	36.6	60
dDocent_Contig_25845	1	395	20	193	48.8608	5.18481	35.9	60
dDocent_Contig_25846	1	387	20	201	51.938	6.81395	34.8	60
dDocent_Contig_25847	1	247	3	201	81.3765	1.36437	37	60
dDocent_Contig_25851	1	477	8	239	50.1048	2.15514	35.9	60
dDocent_Contig_25855	1	413	623	359	86.9249	170.896	36.1	57.3
dDocent_Contig_25858	1	362	7	262	72.3757	1.99724	36.7	60
dDocent_Contig_25872	1	350	9	158	45.1429	2.75143	36.2	60
dDocent_Contig_25876	1	431	7	211	48.9559	1.74942	36.9	60
dDocent_Contig_25877	1	415	6	204	49.1566	1.96867	34.9	60
dDocent_Contig_25881	1	373	356	371	99.4638	99.933	36.3	50.4
dDocent_Contig_25894	1	394	7	144	36.5482	1.98477	36.1	60
dDocent_Contig_25902	1	344	191	340	98.8372	55.3808	36	44.1
dDocent_Contig_25907	1	266	3	157	59.0226	1.69173	36.6	60
dDocent_Contig_25908	1	391	12	216	55.243	3.65217	36.1	60
dDocent_Contig_25909	1	335	43	119	35.5224	12.0567	36.4	58.3
dDocent_Contig_25918	1	469	8	363	77.3987	1.88913	35.5	60
dDocent_Contig_25922	1	365	8	256	70.137	3.07945	36	60
dDocent_Contig_25924	1	442	9	146	33.0317	2.51357	35.7	60
dDocent_Contig_25926	1	414	7	189	45.6522	2.33575	34.1	60
dDocent_Contig_25932	1	297	5	188	63.2997	1.76431	35.9	60
dDocent_Contig_25934	1	276	4	116	42.029	1.08696	37	60
dDocent_Contig_25938	1	365	43	237	64.9315	15.7589	36	60
dDocent_Contig_25946	1	374	6	151	40.3743	2.06417	34.1	60
dDocent_Contig_25947	1	426	12	260	61.0329	3.24178	35.2	60
dDocent_Contig_25951	1	393	30	313	79.6438	10.3613	36.2	60
dDocent_Contig_25952	1	358	13	292	81.5642	3.98883	35.3	60
dDocent_Contig_25967	1	370	9	115	31.0811	2.09459	36.6	60
dDocent_Contig_25983	1	450	21	196	43.5556	5.24	35.9	60
dDocent_Contig_25990	1	398	8	321	80.6533	1.85678	36	60
dDocent_Contig_25999	1	281	9	200	71.1744	3.96441	36.3	60
dDocent_Contig_26003	1	349	1	93	26.6476	0.266476	36.7	60
dDocent_Contig_26013	1	319	7	213	66.7712	2.59561	36.8	60
dDocent_Contig_26014	1	363	30	158	43.5262	9.80441	35.4	60
dDocent_Contig_26016	1	317	29	153	48.265	10.6278	35.8	60
dDocent_Contig_26020	1	405	2	93	22.963	0.459259	36.9	60
dDocent_Contig_26024	1	333	12	172	51.6517	4.3033	35.9	60
dDocent_Contig_26025	1	269	12	196	72.8625	5.17844	36.1	60
dDocent_Contig_26028	1	296	4	135	45.6081	1.31757	36.9	60
dDocent_Contig_26040	1	385	3	174	45.1948	0.65974	36.9	60
dDocent_Contig_26041	1	337	48	271	80.4154	16.6944	35.7	54.5
dDocent_Contig_26048	1	398	11	322	80.9045	3.05779	36.1	49.8
dDocent_Contig_26053	1	418	3	124	29.6651	0.799043	36.8	60
dDocent_Contig_26056	1	330	19	317	96.0606	6.31212	34.6	59.9
dDocent_Contig_26060	1	345	17	240	69.5652	5.70435	36.1	60
dDocent_Contig_26063	1	350	5	197	56.2857	2.01714	35.7	60
dDocent_Contig_26084	1	403	22	184	45.6576	6.52357	35.8	59.8
dDocent_Contig_26094	1	389	1	97	24.9357	0.249357	37	60
dDocent_Contig_26097	1	242	7	198	81.8182	3.83884	36.1	60
dDocent_Contig_26101	1	356	10	183	51.4045	4.03652	35.9	60
dDocent_Contig_26103	1	381	10	228	59.8425	3.4357	35.5	60
dDocent_Contig_26104	1	308	10	202	65.5844	3.89935	36.4	60
dDocent_Contig_26105	1	364	44	322	88.4615	15.4753	35.5	60
dDocent_Contig_26106	1	317	7	121	38.1703	2.653	36.4	60
dDocent_Contig_26108	1	364	4	165	45.3297	1.33516	36.8	60
dDocent_Contig_26109	1	296	9	148	50	3.21284	35.4	60
dDocent_Contig_26120	1	342	15	186	54.386	4.83041	35.7	60
dDocent_Contig_26123	1	349	5	229	65.616	1.91404	36.7	60
dDocent_Contig_26125	1	386	24	233	60.3627	7.71244	36.6	60
dDocent_Contig_26129	1	264	10	262	99.2424	3.89394	36	60
dDocent_Contig_26130	1	396	27	207	52.2727	7.50758	36	60
dDocent_Contig_26132	1	375	49	248	66.1333	17.3733	35.5	60
dDocent_Contig_26140	1	413	8	391	94.6731	2.42131	36.9	60
dDocent_Contig_26143	1	369	24	313	84.8238	8.58537	35.7	60
dDocent_Contig_26144	1	307	44	184	59.9349	12.8762	35.4	59
dDocent_Contig_26157	1	398	15	172	43.2161	3.58794	36.1	60
dDocent_Contig_26172	1	288	7	210	72.9167	2.77778	36.6	60
dDocent_Contig_26173	1	380	11	265	69.7368	3.02895	36.2	37.5
dDocent_Contig_26179	1	328	16	157	47.8659	6.10061	35.7	60
dDocent_Contig_26183	1	420	2	60	14.2857	0.285714	37	60
dDocent_Contig_26185	1	378	7	237	62.6984	1.81746	36.8	60
dDocent_Contig_26188	1	388	8	185	47.6804	2.37371	35	60
dDocent_Contig_26193	1	325	16	244	75.0769	6.00923	36	60
dDocent_Contig_26194	1	241	10	144	59.751	4.23651	35.3	60
dDocent_Contig_26195	1	397	5	213	53.6524	1.84131	36.6	60
dDocent_Contig_26215	1	358	6	221	61.7318	1.90503	36.8	60
dDocent_Contig_26219	1	326	4	102	31.2883	1.17178	36.7	54.5
dDocent_Contig_26224	1	420	2	75	17.8571	0.357143	36.7	60
dDocent_Contig_26226	1	389	30	229	58.8689	10.4499	35.6	60
dDocent_Contig_26232	1	466	8	144	30.9013	1.38627	36.2	60
dDocent_Contig_26233	1	377	14	127	33.687	3.79841	33.4	60
dDocent_Contig_26235	1	351	11	279	79.4872	3.32764	36.8	45.8
dDocent_Contig_26236	1	317	5	170	53.6278	1.47634	36.5	60
dDocent_Contig_26240	1	461	10	244	52.9284	2.96963	36.1	60
dDocent_Contig_26247	1	295	20	216	73.2203	8.2	34.9	60
dDocent_Contig_26249	1	406	13	226	55.665	3.73399	36	59.9
dDocent_Contig_26251	1	426	7	150	35.2113	2.46479	34	60
dDocent_Contig_26265	1	375	2	140	37.3333	0.746667	36.8	60
dDocent_Contig_26266	1	325	376	267	82.1538	134.175	36.2	59
dDocent_Contig_26268	1	308	1	133	43.1818	0.431818	36.9	60
dDocent_Contig_26276	1	330	44	225	68.1818	15.0909	35.2	59.6
dDocent_Contig_26277	1	323	5	148	45.8204	1.613	36.6	60
dDocent_Contig_26283	1	465	10	211	45.3763	2.9914	36.5	60
dDocent_Contig_26293	1	410	16	191	46.5854	4.50976	36.2	60
dDocent_Contig_26305	1	364	19	143	39.2857	5.85714	34.7	60
dDocent_Contig_26307	1	328	66	113	34.4512	18.9604	34.4	60
dDocent_Contig_26320	1	280	11	254	90.7143	4.71071	34.5	60
dDocent_Contig_26323	1	272	4	147	54.0441	2.16176	35.2	60
dDocent_Contig_26326	1	311	6	186	59.8071	1.76849	36.6	60
dDocent_Contig_26336	1	364	32	265	72.8022	8.23901	35.2	53.4
dDocent_Contig_26347	1	273	10	263	96.337	5.38828	35.3	60
dDocent_Contig_26348	1	451	31	306	67.8492	7.65188	34.9	60
dDocent_Contig_26351	1	449	9	154	34.2984	2.20267	34.7	60
dDocent_Contig_26353	1	377	3	152	40.3183	0.779841	35.6	60
dDocent_Contig_26357	1	343	3	153	44.6064	1.07872	36.9	60
dDocent_Contig_26358	1	362	7	138	38.1215	2.14641	36.5	60
dDocent_Contig_26359	1	403	14	302	74.938	3.90323	36.3	60
dDocent_Contig_26362	1	318	22	236	74.2138	7.84277	36.4	60
dDocent_Contig_26368	1	303	13	227	74.9175	5.62046	35.8	60
dDocent_Contig_26372	1	499	12	156	31.2625	2.81162	35.1	60
dDocent_Contig_26373	1	352	12	194	55.1136	4.4233	36.6	59.4
dDocent_Contig_26374	1	283	3	190	67.1378	1.0106	36.9	60
dDocent_Contig_26388	1	447	16	210	46.9799	5.17673	35.4	60
dDocent_Contig_26389	1	415	25	261	62.8916	7.67952	35.6	60
dDocent_Contig_26391	1	409	9	130	31.7848	2.36186	35.4	60
dDocent_Contig_26396	1	358	4	201	56.1453	1.22346	36.9	60
dDocent_Contig_26401	1	369	21	226	61.2466	6.48238	36	60
dDocent_Contig_26404	1	323	12	186	57.5851	4.21053	35.6	60
dDocent_Contig_26409	1	278	31	276	99.2806	12.8165	36	60
dDocent_Contig_26410	1	305	6	218	71.4754	2.85902	36.8	60
dDocent_Contig_26420	1	393	24	320	81.4249	7.02545	36.2	60
dDocent_Contig_26424	1	333	12	177	53.1532	3.83784	35.3	60
dDocent_Contig_26437	1	379	25	267	70.4485	8.02902	35.7	60
dDocent_Contig_26441	1	468	21	191	40.812	5.81624	35.3	60
dDocent_Contig_26442	1	319	13	280	87.7743	5.19436	36.5	60
dDocent_Contig_26443	1	356	8	151	42.4157	3.33708	35.9	60
dDocent_Contig_26454	1	392	18	206	52.551	5.91071	36.5	60
dDocent_Contig_26457	1	475	23	177	37.2632	6.50526	35.5	60
dDocent_Contig_26458	1	495	9	148	29.899	2.68889	36	60
dDocent_Contig_26467	1	343	7	195	56.8513	2.5102	36.8	60
dDocent_Contig_26475	1	364	10	239	65.6593	3.2033	36.7	59.2
dDocent_Contig_26477	1	291	2	111	38.1443	0.762887	36.9	60
dDocent_Contig_26487	1	302	2	156	51.6556	0.993377	36.4	60
dDocent_Contig_26489	1	284	4	221	77.8169	1.33099	36.8	60
dDocent_Contig_26490	1	398	14	204	51.2563	5.07538	34.9	60
dDocent_Contig_26499	1	388	2	106	27.3196	0.546392	36.4	60
dDocent_Contig_26502	1	242	1	117	48.3471	0.483471	36.9	60
dDocent_Contig_26503	1	427	12	225	52.6932	3.77049	35.4	60
dDocent_Contig_26511	1	357	5	191	53.5014	1.7507	36.9	60
dDocent_Contig_26518	1	413	5	275	66.586	1.68039	36.3	60
dDocent_Contig_26522	1	316	27	166	52.5316	9.24684	35.8	60
dDocent_Contig_26525	1	383	7	256	66.8407	2.07311	36.7	60
dDocent_Contig_26526	1	382	12	145	37.9581	3.60995	35.8	60
dDocent_Contig_26535	1	422	2	127	30.0948	0.601896	36.5	60
dDocent_Contig_26536	1	382	10	182	47.644	3.00262	36.8	60
dDocent_Contig_26538	1	414	7	209	50.4831	2.38889	36.6	60
dDocent_Contig_26539	1	374	5	155	41.4439	1.36096	36.9	60
dDocent_Contig_26540	1	403	9	219	54.3424	2.76923	36.3	60
dDocent_Contig_26542	1	443	8	237	53.4989	2.23476	36.2	60
dDocent_Contig_26557	1	338	20	141	41.716	7.44675	34.8	60
dDocent_Contig_26558	1	406	9	216	53.202	2.3867	35.7	60
dDocent_Contig_26561	1	414	20	364	87.9227	4.85266	36.1	54.6
dDocent_Contig_26563	1	333	22	209	62.7628	8.01802	35.3	60
dDocent_Contig_26564	1	313	10	128	40.8946	3.94888	36.3	60
dDocent_Contig_26570	1	360	29	217	60.2778	9.67222	35.7	60
dDocent_Contig_26571	1	404	5	140	34.6535	1.25495	35.4	60
dDocent_Contig_26584	1	300	22	204	68	10.0133	36.1	60
dDocent_Contig_26616	1	299	10	159	53.1773	4.05351	35.7	60
dDocent_Contig_26617	1	357	12	225	63.0252	4.01961	35.5	60
dDocent_Contig_26620	1	368	17	133	36.1413	5.58424	35	60
dDocent_Contig_26627	1	367	23	239	65.1226	6.86649	36.6	60
dDocent_Contig_26638	1	350	20	204	58.2857	6.79714	36.7	60
dDocent_Contig_26645	1	334	25	199	59.5808	8.28443	36.1	54.8
dDocent_Contig_26649	1	394	7	150	38.0711	1.98223	35.1	60
dDocent_Contig_26650	1	354	13	148	41.8079	3.65254	35.7	60
dDocent_Contig_26659	1	343	4	160	46.6472	1.4519	35.4	60
dDocent_Contig_26668	1	380	11	148	38.9474	3.46579	36.7	60
dDocent_Contig_26669	1	429	19	255	59.4406	4.95804	34.8	60
dDocent_Contig_26682	1	432	14	191	44.213	3.98843	35.2	60
dDocent_Contig_26690	1	365	10	151	41.3699	3.08219	36.3	60
dDocent_Contig_26691	1	366	27	179	48.9071	7.71585	35.3	60
dDocent_Contig_26693	1	364	2	112	30.7692	0.615385	36.7	60
dDocent_Contig_26699	1	354	322	285	80.5085	94.8503	36.2	59.8
dDocent_Contig_26706	1	386	6	141	36.5285	1.7228	36.3	60
dDocent_Contig_26719	1	319	5	278	87.1473	1.67398	36.8	60
dDocent_Contig_26739	1	264	11	249	94.3182	4.45455	36.7	60
dDocent_Contig_26748	1	448	2	129	28.7946	0.575893	36.8	60
dDocent_Contig_26751	1	467	7	202	43.2548	1.87366	34.9	60
dDocent_Contig_26755	1	433	6	131	30.254	1.49192	35.8	60
dDocent_Contig_26756	1	409	9	373	91.198	3.15648	35.5	60
dDocent_Contig_26787	1	380	41	236	62.1053	12.9237	35.6	60
dDocent_Contig_26795	1	312	186	305	97.7564	71.4744	35.9	54.5
dDocent_Contig_26797	1	374	2	102	27.2727	0.545455	36.9	60
dDocent_Contig_26799	1	388	7	132	34.0206	1.98196	36.8	60
dDocent_Contig_26807	1	355	15	226	63.662	5.36338	36.3	60
dDocent_Contig_26813	1	386	5	67	17.3575	0.696891	36.4	30.8
dDocent_Contig_26817	1	384	324	214	55.7292	98.987	35.7	57
dDocent_Contig_26820	1	418	24	275	65.7895	6.52392	35.4	60
dDocent_Contig_26821	1	387	12	141	36.4341	3.67959	35.9	60
dDocent_Contig_26822	1	303	10	180	59.4059	3.59406	36.7	60
dDocent_Contig_26823	1	399	26	336	84.2105	7.15789	36	60
dDocent_Contig_26824	1	312	106	302	96.7949	37.1474	36.1	41
dDocent_Contig_26826	1	328	5	248	75.6098	1.64329	36	59.8
dDocent_Contig_26831	1	387	12	227	58.6563	3.7907	36.3	60
dDocent_Contig_26839	1	323	21	239	73.9938	8.13622	35.5	60
dDocent_Contig_26841	1	436	24	292	66.9725	7.47936	35	60
dDocent_Contig_26842	1	272	2	158	58.0882	1.10294	36.6	60
dDocent_Contig_26861	1	325	7	186	57.2308	2.58769	36.6	60
dDocent_Contig_26862	1	389	6	200	51.4139	1.75835	35.9	60
dDocent_Contig_26865	1	468	10	170	36.3248	2.30128	35.8	60
dDocent_Contig_26870	1	397	4	87	21.9144	0.876574	36.9	60
dDocent_Contig_26876	1	319	2	150	47.0219	0.940439	36.8	60
dDocent_Contig_26880	1	357	3	164	45.9384	1.2605	36.1	60
dDocent_Contig_26883	1	328	3	86	26.2195	0.786585	35.8	60
dDocent_Contig_26884	1	457	7	262	57.3304	1.5558	36.8	60
dDocent_Contig_26887	1	302	18	246	81.457	8.07285	36.8	60
dDocent_Contig_26893	1	354	227	352	99.435	75.4435	36	54.9
dDocent_Contig_26895	1	302	5	154	50.9934	2.33113	35.5	60
dDocent_Contig_26902	1	373	17	318	85.2547	5.34316	35.8	60
dDocent_Contig_26903	1	393	6	274	69.7201	1.98219	35.5	60
dDocent_Contig_26906	1	399	29	397	99.4987	8.38346	35.9	60
dDocent_Contig_26928	1	381	5	135	35.4331	1.05249	35.5	60
dDocent_Contig_26930	1	446	18	254	56.9507	6.02466	35.9	60
dDocent_Contig_26933	1	284	11	228	80.2817	4.95775	35.7	60
dDocent_Contig_26934	1	376	59	246	65.4255	20.8883	34.4	60
dDocent_Contig_26938	1	425	35	253	59.5294	11.2165	35.4	60
dDocent_Contig_26939	1	284	17	124	43.662	7.01408	35.7	60
dDocent_Contig_26949	1	296	4	150	50.6757	1.53378	37	60
dDocent_Contig_26960	1	335	6	215	64.1791	2.17313	36.7	60
dDocent_Contig_26962	1	430	5	120	27.907	1.39302	35	60
dDocent_Contig_26968	1	346	9	114	32.948	2.72543	33.7	60
dDocent_Contig_26969	1	373	7	159	42.6273	2.01072	34.8	60
dDocent_Contig_26971	1	321	2	111	34.5794	0.691589	36.7	60
dDocent_Contig_26975	1	385	7	206	53.5065	2.30649	36.9	60
dDocent_Contig_26978	1	421	4	104	24.7031	0.988124	36.9	60
dDocent_Contig_26982	1	353	16	192	54.3909	4.69122	36.1	60
dDocent_Contig_26987	1	337	13	229	67.9525	4.02077	36.5	60
dDocent_Contig_26990	1	429	11	182	42.4242	3.03263	36.4	60
dDocent_Contig_26991	1	332	14	246	74.0964	5.03614	36.2	60
dDocent_Contig_26995	1	366	14	226	61.7486	3.33607	35.9	60
dDocent_Contig_26996	1	398	13	303	76.1307	3.22111	36.6	60
dDocent_Contig_26999	1	405	13	244	60.2469	2.92346	36.9	60
dDocent_Contig_27002	1	428	12	339	79.2056	2.84813	35.6	60
dDocent_Contig_27003	1	361	27	230	63.7119	9.98892	35.6	60
dDocent_Contig_27005	1	274	27	180	65.6934	12.9635	34.9	60
dDocent_Contig_27006	1	329	27	255	77.5076	10.9088	35.5	60
dDocent_Contig_27010	1	380	12	133	35	3.81842	36	60
dDocent_Contig_27012	1	419	15	157	37.4702	4.15274	35.9	60
dDocent_Contig_27015	1	336	571	296	88.0952	181.619	36.3	58.6
dDocent_Contig_27024	1	372	136	371	99.7312	42.6048	35.9	34.8
dDocent_Contig_27038	1	361	1	89	24.6537	0.246537	36.9	60
dDocent_Contig_27041	1	297	3	159	53.5354	1.18855	36.8	60
dDocent_Contig_27043	1	399	2	148	37.0927	0.741855	36.8	60
dDocent_Contig_27046	1	409	6	223	54.5232	1.32029	36.4	60
dDocent_Contig_27052	1	393	2	110	27.9898	0.559796	35.6	60
dDocent_Contig_27056	1	400	8	170	42.5	2.195	36.6	60
dDocent_Contig_27059	1	278	7	210	75.5396	2.82014	36.6	60
dDocent_Contig_27060	1	402	23	335	83.3333	6.73881	35.7	56.6
dDocent_Contig_27061	1	343	15	265	77.2595	5.79009	36.7	60
dDocent_Contig_27062	1	353	4	178	50.4249	1.46459	35.7	60
dDocent_Contig_27065	1	353	39	211	59.7734	12.7705	35.2	60
dDocent_Contig_27066	1	427	510	427	100	153.056	35.9	60
dDocent_Contig_27069	1	389	9	192	49.3573	3.01028	36.3	60
dDocent_Contig_27070	1	352	7	138	39.2045	2.00284	35.6	60
dDocent_Contig_27080	1	407	8	145	35.6265	2.16216	36.8	60
dDocent_Contig_27086	1	420	6	133	31.6667	1.41429	37	60
dDocent_Contig_27089	1	282	18	176	62.4113	8.71631	35.8	60
dDocent_Contig_27094	1	406	2	130	32.0197	0.640394	36.7	60
dDocent_Contig_27095	1	330	19	251	76.0606	7.73939	34.8	60
dDocent_Contig_27097	1	367	8	157	42.7793	2.34332	35.7	60
dDocent_Contig_27101	1	286	275	176	61.5385	83.6329	36.3	58.8
dDocent_Contig_27107	1	320	8	175	54.6875	2.61875	36.6	60
dDocent_Contig_27109	1	415	24	268	64.5783	6.84337	35.7	60
dDocent_Contig_27121	1	376	2	102	27.1277	0.542553	36.9	60
dDocent_Contig_27131	1	478	166	378	79.0795	40.7929	36.5	35.9
dDocent_Contig_27132	1	334	6	226	67.6647	2.1497	36.6	60
dDocent_Contig_27135	1	328	12	195	59.4512	4.22866	36.1	60
dDocent_Contig_27138	1	377	8	285	75.5968	2.22546	36.6	60
dDocent_Contig_27139	1	343	35	252	73.4694	13.4227	35.3	60
dDocent_Contig_27141	1	394	6	165	41.8782	1.2868	36.9	60
dDocent_Contig_27142	1	272	12	239	87.8676	4.27941	35.9	60
dDocent_Contig_27143	1	393	4	214	54.4529	1.08906	36.7	60
dDocent_Contig_27148	1	385	28	221	57.4026	8.45974	35.6	60
dDocent_Contig_27150	1	436	4	177	40.5963	1.21101	36.8	60
dDocent_Contig_27155	1	344	11	229	66.5698	3.2064	35.7	60
dDocent_Contig_27156	1	359	6	124	34.5404	1.95543	36.8	60
dDocent_Contig_27158	1	514	344	512	99.6109	75.2101	36	59.9
dDocent_Contig_27159	1	290	17	214	73.7931	7.25862	35.6	60
dDocent_Contig_27160	1	361	11	305	84.4875	3.05817	36.8	60
dDocent_Contig_27168	1	327	17	173	52.9052	5.44037	35.7	60
dDocent_Contig_27171	1	412	64	290	70.3883	16.2864	35.9	40.8
dDocent_Contig_27175	1	383	4	213	55.6136	1.11227	36.7	60
dDocent_Contig_27176	1	350	26	275	78.5714	9.34	35.6	38.3
dDocent_Contig_27180	1	401	16	352	87.7805	5.31671	36.4	60
dDocent_Contig_27181	1	457	7	159	34.7921	1.61488	36.5	60
dDocent_Contig_27182	1	359	19	274	76.3231	5.80223	34.7	39.3
dDocent_Contig_27187	1	423	85	333	78.7234	24.0165	34.8	60
dDocent_Contig_27188	1	512	17	212	41.4062	3.78906	36.4	60
dDocent_Contig_27189	1	518	4	147	28.3784	0.953668	36.8	60
dDocent_Contig_27193	1	320	19	298	93.125	6.82188	35.8	60
dDocent_Contig_27198	1	355	12	220	61.9718	3.40563	35.5	60
dDocent_Contig_27200	1	402	12	175	43.5323	2.62687	36.5	60
dDocent_Contig_27202	1	413	8	160	38.7409	2.12107	36.9	60
dDocent_Contig_27203	1	395	5	141	35.6962	1.34684	37	60
dDocent_Contig_27206	1	374	14	233	62.2995	5.24866	36.1	60
dDocent_Contig_27212	1	388	32	186	47.9381	9.63918	35.7	60
dDocent_Contig_27213	1	319	4	184	57.6803	1.81191	36.9	60
dDocent_Contig_27226	1	360	22	302	83.8889	7.49444	35.7	60
dDocent_Contig_27229	1	283	12	208	73.4982	5.10954	36	60
dDocent_Contig_27230	1	322	25	261	81.0559	10.6056	35.5	60
dDocent_Contig_27233	1	370	27	209	56.4865	8.84054	35.4	60
dDocent_Contig_27238	1	447	22	141	31.5436	5.75168	35.8	60
dDocent_Contig_27239	1	356	9	233	65.4494	3.18539	35.7	60
dDocent_Contig_27249	1	377	5	199	52.7851	1.43236	36.8	60
dDocent_Contig_27256	1	334	34	195	58.3832	13.2605	36	60
dDocent_Contig_27257	1	427	15	316	74.0047	3.7822	35.2	59.3
dDocent_Contig_27259	1	270	17	178	65.9259	6.57037	35.6	60
dDocent_Contig_27266	1	322	16	249	77.3292	6.8354	35.7	60
dDocent_Contig_27267	1	469	22	184	39.2324	5.18763	35.2	60
dDocent_Contig_27269	1	306	31	256	83.6601	11.598	36	60
dDocent_Contig_27279	1	253	16	182	71.9368	5.4664	36.4	60
dDocent_Contig_27280	1	270	11	240	88.8889	4.91481	36	60
dDocent_Contig_27281	1	336	18	280	83.3333	6.75	36.7	60
dDocent_Contig_27282	1	402	6	223	55.4726	1.301	35.7	60
dDocent_Contig_27286	1	372	2	143	38.4409	0.672043	35.6	60
dDocent_Contig_27290	1	451	16	214	47.4501	4.74058	36.4	60
dDocent_Contig_27297	1	330	8	165	50	2.50909	36.7	60
dDocent_Contig_27299	1	298	9	194	65.1007	2.65436	36.5	60
dDocent_Contig_27304	1	380	9	150	39.4737	2.64474	36.8	60
dDocent_Contig_27311	1	408	87	201	49.2647	26.3456	34.8	60
dDocent_Contig_27315	1	400	9	198	49.5	3.06	35.6	60
dDocent_Contig_27319	1	313	32	267	85.3035	11.6645	35.5	60
dDocent_Contig_27322	1	446	7	255	57.1749	1.87668	35.7	60
dDocent_Contig_27325	1	340	10	272	80	3.13529	35.8	60
dDocent_Contig_27332	1	356	21	212	59.5506	7.07865	35.9	60
dDocent_Contig_27338	1	260	6	130	50	2.53846	36.9	60
dDocent_Contig_27339	1	386	17	342	88.601	5.59845	35.9	60
dDocent_Contig_27342	1	451	4	94	20.8426	0.665188	36.8	60
dDocent_Contig_27352	1	225	1	106	47.1111	0.471111	36.5	60
dDocent_Contig_27363	1	332	12	151	45.4819	3.7741	35.7	60
dDocent_Contig_27366	1	332	241	174	52.4096	81.3464	35.9	60
dDocent_Contig_27388	1	287	11	243	84.669	4.42857	35.3	60
dDocent_Contig_27390	1	361	9	275	76.1773	2.65374	36.6	60
dDocent_Contig_27391	1	405	10	136	33.5802	2.23704	36.5	60
dDocent_Contig_27393	1	380	16	220	57.8947	5.26842	36.5	60
dDocent_Contig_27395	1	407	21	125	30.7125	6.29238	35.6	60
dDocent_Contig_27396	1	341	10	141	41.349	2.59531	36.3	60
dDocent_Contig_27399	1	436	17	174	39.9083	5.30734	35.8	60
dDocent_Contig_27404	1	391	8	153	39.1304	1.90793	36.2	60
dDocent_Contig_27409	1	366	12	218	59.5628	4.31967	36.7	60
dDocent_Contig_27431	1	352	68	292	82.9545	23.0966	35.3	60
dDocent_Contig_27443	1	390	4	214	54.8718	1.25128	35.5	60
dDocent_Contig_27446	1	383	4	158	41.2533	0.926893	35.7	60
dDocent_Contig_27447	1	457	6	174	38.0744	1.26915	36.6	60
dDocent_Contig_27448	1	385	4	152	39.4805	1.22597	33.3	60
dDocent_Contig_27449	1	318	9	216	67.9245	3.44025	36.7	60
dDocent_Contig_27454	1	334	24	200	59.8802	8.29042	35.3	60
dDocent_Contig_27455	1	433	61	291	67.2055	16.0924	36.4	60
dDocent_Contig_27457	1	418	95	352	84.2105	23.4928	36.3	53.9
dDocent_Contig_27458	1	276	10	267	96.7391	5.4058	36.2	60
dDocent_Contig_27461	1	252	8	212	84.127	3.36508	36.8	60
dDocent_Contig_27466	1	478	6	220	46.0251	1.40586	36.8	60
dDocent_Contig_27467	1	358	17	219	61.1732	5.77095	35.7	60
dDocent_Contig_27468	1	297	31	215	72.3906	14.0842	34.8	60
dDocent_Contig_27470	1	347	23	209	60.2305	9.32565	35.9	60
dDocent_Contig_27473	1	266	12	188	70.6767	5.78195	36.6	60
dDocent_Contig_27482	1	403	15	217	53.8462	4.95285	36	60
dDocent_Contig_27491	1	386	7	155	40.1554	2.20466	36.3	60
dDocent_Contig_27496	1	401	16	357	89.0274	4.38653	35.1	52.1
dDocent_Contig_27497	1	343	20	315	91.8367	7.41983	36.1	60
dDocent_Contig_27505	1	379	1	94	24.8021	0.248021	36.9	60
dDocent_Contig_27512	1	437	18	233	53.3181	5.56293	36	58.4
dDocent_Contig_27514	1	455	39	179	39.3407	10.6154	34.8	60
dDocent_Contig_27516	1	357	3	204	57.1429	1.13165	36.8	60
dDocent_Contig_27521	1	395	34	186	47.0886	9.61013	36.4	60
dDocent_Contig_27526	1	347	6	271	78.098	2.28818	36.7	60
dDocent_Contig_27528	1	314	9	194	61.7834	3.19108	36	60
dDocent_Contig_27539	1	272	11	235	86.3971	4.62132	35.7	60
dDocent_Contig_27541	1	422	6	130	30.8057	1.58531	35.5	60
dDocent_Contig_27549	1	389	29	300	77.1208	9.12596	35.8	60
dDocent_Contig_27560	1	234	14	170	72.6496	7.35897	34.3	60
dDocent_Contig_27561	1	362	2	92	25.4144	0.508287	37	60
dDocent_Contig_27568	1	459	48	186	40.5229	13.8584	35.8	60
dDocent_Contig_27569	1	363	17	205	56.4738	6.01653	36.7	60
dDocent_Contig_27573	1	432	21	150	34.7222	5.48148	35	60
dDocent_Contig_27577	1	344	8	157	45.6395	3.48547	34	60
dDocent_Contig_27578	1	420	7	231	55	2.0119	36.6	60
dDocent_Contig_27587	1	308	3	173	56.1688	1.38961	37	60
dDocent_Contig_27588	1	452	2	112	24.7788	0.495575	36.9	60
dDocent_Contig_27589	1	383	9	205	53.5248	3.07572	35.6	60
dDocent_Contig_27590	1	260	47	258	99.2308	22.4462	35.5	60
dDocent_Contig_27591	1	407	8	192	47.1744	2.26044	36.7	60
dDocent_Contig_27593	1	330	48	212	64.2424	18.997	35.2	60
dDocent_Contig_27594	1	305	9	254	83.2787	3.77705	36.2	60
dDocent_Contig_27600	1	317	14	263	82.9653	5.70978	36.4	60
dDocent_Contig_27603	1	302	8	150	49.6689	2.99669	36.6	60
dDocent_Contig_27604	1	376	17	231	61.4362	5.21011	36.3	60
dDocent_Contig_27606	1	294	4	160	54.4218	1.08844	36.7	60
dDocent_Contig_27609	1	389	12	204	52.4422	3.91517	35.8	60
dDocent_Contig_27610	1	377	35	351	93.1034	12.2971	35.7	60
dDocent_Contig_27616	1	235	11	156	66.383	4.4383	35.5	60
dDocent_Contig_27617	1	398	15	149	37.4372	3.55025	35.9	60
dDocent_Contig_27620	1	313	2	93	29.7125	0.594249	36.9	60
dDocent_Contig_27631	1	424	8	259	61.0849	2.21698	36.4	60
dDocent_Contig_27634	1	315	25	226	71.746	9.1619	36.3	60
dDocent_Contig_27640	1	363	13	340	93.6639	4.58402	35.3	60
dDocent_Contig_27641	1	467	6	125	26.7666	1.40471	36.8	60
dDocent_Contig_27652	1	241	36	239	99.1701	20.4979	35.4	60
dDocent_Contig_27666	1	326	5	178	54.6012	1.60736	36.9	60
dDocent_Contig_27671	1	386	3	120	31.0881	0.80829	36.9	60
dDocent_Contig_27674	1	395	7	186	47.0886	1.89114	36.8	60
dDocent_Contig_27676	1	296	10	191	64.527	4.66554	35	60
dDocent_Contig_27683	1	278	21	184	66.1871	9.48921	35.7	60
dDocent_Contig_27684	1	348	47	245	70.4023	16.2845	35.7	60
dDocent_Contig_27692	1	362	13	128	35.3591	4.44199	35.7	60
dDocent_Contig_27702	1	351	25	198	56.4103	10.4929	34.8	60
dDocent_Contig_27704	1	451	11	197	43.6807	2.57871	36.9	60
dDocent_Contig_27710	1	392	3	135	34.4388	0.987245	36	60
dDocent_Contig_27715	1	400	4	213	53.25	1.445	35.5	60
dDocent_Contig_27717	1	332	10	243	73.1928	3.21084	35.9	53.3
dDocent_Contig_27725	1	359	75	298	83.0084	22.5348	36.1	56.4
dDocent_Contig_27731	1	353	27	278	78.7535	10.5071	35.7	60
dDocent_Contig_27733	1	331	28	280	84.5921	9.55891	34.8	60
dDocent_Contig_27734	1	390	6	116	29.7436	1.78462	36.7	60
dDocent_Contig_27736	1	457	7	279	61.0503	1.407	36.8	60
dDocent_Contig_27740	1	232	11	190	81.8966	6.67241	36	60
dDocent_Contig_27741	1	387	4	279	72.093	1.27649	36.4	60
dDocent_Contig_27742	1	320	14	304	95	5.90937	35.7	60
dDocent_Contig_27746	1	381	13	234	61.4173	3.75066	36.2	60
dDocent_Contig_27754	1	451	16	262	58.0931	5.06652	35.2	60
dDocent_Contig_27755	1	500	32	360	72	8.092	36.7	60
dDocent_Contig_27766	1	342	5	191	55.848	2.00877	35.7	60
dDocent_Contig_27775	1	456	3	163	35.7456	0.807018	35.2	60
dDocent_Contig_27801	1	375	9	237	63.2	3.21067	36	60
dDocent_Contig_27802	1	426	13	107	25.1174	3.11972	35.5	60
dDocent_Contig_27806	1	280	34	251	89.6429	15.8643	35.4	60
dDocent_Contig_27808	1	433	130	385	88.9145	34.9815	36.2	59.4
dDocent_Contig_27813	1	341	11	301	88.2698	3.89443	35.5	56.9
dDocent_Contig_27820	1	483	12	185	38.3023	3.31884	36	60
dDocent_Contig_27823	1	366	24	221	60.3825	8.62568	35.6	60
dDocent_Contig_27824	1	285	23	146	51.2281	8.80702	35.7	60
dDocent_Contig_27825	1	403	4	166	41.1911	1.48883	36.6	60
dDocent_Contig_27827	1	499	14	187	37.4749	3.12625	36.6	60
dDocent_Contig_27831	1	439	12	356	81.0934	3.45103	36.3	60
dDocent_Contig_27839	1	324	23	200	61.7284	9.23457	34.5	60
dDocent_Contig_27845	1	336	17	205	61.0119	6.34821	36.2	60
dDocent_Contig_27847	1	298	30	224	75.1678	13.9463	35.7	60
dDocent_Contig_27848	1	420	2	109	25.9524	0.519048	36.9	60
dDocent_Contig_27849	1	322	27	255	79.1925	9.68944	36.1	60
dDocent_Contig_27850	1	276	7	141	51.087	1.3587	35.1	60
dDocent_Contig_27858	1	352	27	249	70.7386	10.2188	35.7	60
dDocent_Contig_27866	1	373	20	233	62.4665	6.08579	35.7	55.8
dDocent_Contig_27872	1	376	26	300	79.7872	9.30585	36	60
dDocent_Contig_27912	1	383	7	184	48.0418	2.44909	36.7	60
dDocent_Contig_27915	1	269	18	235	87.3606	7.26394	35.7	60
dDocent_Contig_27926	1	329	2	72	21.8845	0.43769	36.8	60
dDocent_Contig_27927	1	404	15	151	37.3762	4.76485	36.4	60
dDocent_Contig_27928	1	396	7	202	51.0101	2.32323	36.5	60
dDocent_Contig_27935	1	357	14	226	63.3053	5.05042	36.7	60
dDocent_Contig_27940	1	352	14	162	46.0227	4.90057	36.5	59.1
dDocent_Contig_27942	1	393	4	121	30.7888	0.905852	36.9	60
dDocent_Contig_27943	1	337	1	150	44.5104	0.445104	36.8	60
dDocent_Contig_27957	1	271	10	191	70.4797	4.41697	36.4	60
dDocent_Contig_27958	1	390	36	293	75.1282	11.0744	35.2	60
dDocent_Contig_27959	1	298	2	96	32.2148	0.644295	36.9	60
dDocent_Contig_27971	1	485	1	150	30.9278	0.309278	36.6	60
dDocent_Contig_27978	1	332	14	211	63.5542	5.24398	36.5	60
dDocent_Contig_27979	1	428	6	230	53.7383	1.28505	36.1	60
dDocent_Contig_27980	1	430	1	150	34.8837	0.348837	36.8	60
dDocent_Contig_27981	1	410	6	118	28.7805	1.72195	34.6	60
dDocent_Contig_28002	1	413	5	104	25.1816	1.25908	36.7	60
dDocent_Contig_28003	1	335	26	325	97.0149	9.48358	35.9	60
dDocent_Contig_28008	1	302	24	271	89.7351	9.63576	35.8	60
dDocent_Contig_28021	1	380	7	150	39.4737	2.74211	35.1	60
dDocent_Contig_28023	1	338	18	182	53.8462	6.62426	36.1	60
dDocent_Contig_28029	1	390	860	389	99.7436	265.254	35.8	45.7
dDocent_Contig_28047	1	333	13	324	97.2973	5.64565	36.7	60
dDocent_Contig_28052	1	434	12	228	52.5346	2.78341	36.6	48.9
dDocent_Contig_28054	1	357	2	61	17.0868	0.341737	36.9	60
dDocent_Contig_28063	1	415	17	221	53.253	5.26747	36.3	60
dDocent_Contig_28072	1	370	55	250	67.5676	19.7108	35.2	60
dDocent_Contig_28076	1	306	12	169	55.2288	4.30065	35	60
dDocent_Contig_28078	1	395	10	174	44.0506	3.00506	36.4	60
dDocent_Contig_28085	1	361	352	198	54.8476	106.512	35.6	59.9
dDocent_Contig_28087	1	280	2	108	38.5714	0.771429	36.9	60
dDocent_Contig_28097	1	391	658	328	83.8875	207.56	36.2	42.6
dDocent_Contig_28102	1	363	20	274	75.4821	4.90634	36.5	54.4
dDocent_Contig_28108	1	421	7	197	46.7933	1.44418	34.5	60
dDocent_Contig_28109	1	384	113	354	92.1875	37.1771	34.9	60
dDocent_Contig_28110	1	353	12	191	54.1076	4.32295	35.6	60
dDocent_Contig_28111	1	388	7	192	49.4845	1.61082	36.7	60
dDocent_Contig_28119	1	367	14	231	62.9428	4.81199	35.9	60
dDocent_Contig_28126	1	510	1	135	26.4706	0.264706	36.5	60
dDocent_Contig_28127	1	342	38	310	90.6433	13.8918	35.9	60
dDocent_Contig_28134	1	388	21	185	47.6804	6.18041	35.4	60
dDocent_Contig_28136	1	378	6	256	67.7249	2.20635	36.5	60
dDocent_Contig_28140	1	247	2	94	38.0567	0.761134	36.9	60
dDocent_Contig_28159	1	476	10	176	36.9748	2.7479	36.6	60
dDocent_Contig_28160	1	293	5	167	56.9966	2.33447	36.7	60
dDocent_Contig_28170	1	262	7	103	39.313	1.74427	34.7	51.4
dDocent_Contig_28171	1	404	4	168	41.5842	1.07426	36.6	60
dDocent_Contig_28174	1	297	7	181	60.9428	2.79798	35.7	60
dDocent_Contig_28176	1	433	15	167	38.5681	4.51963	35.9	60
dDocent_Contig_28178	1	429	6	114	26.5734	1.27739	35.5	60
dDocent_Contig_28186	1	388	15	178	45.8763	4.78351	36.8	60
dDocent_Contig_28191	1	394	17	164	41.6244	5.83503	35.9	60
dDocent_Contig_28192	1	415	12	187	45.0602	4.18795	35	60
dDocent_Contig_28198	1	400	22	191	47.75	5.8875	36.6	60
dDocent_Contig_28199	1	415	9	199	47.9518	2.73494	36.7	60
dDocent_Contig_28203	1	322	3	150	46.5839	0.934783	36.8	60
dDocent_Contig_28205	1	356	8	155	43.5393	2.24719	36.9	60
dDocent_Contig_28206	1	358	10	155	43.2961	2.65363	36.1	60
dDocent_Contig_28208	1	383	15	179	46.7363	4.32376	36	60
dDocent_Contig_28213	1	311	46	243	78.135	19.3183	35.8	59.1
dDocent_Contig_28214	1	386	9	172	44.5596	2.66062	35.9	60
dDocent_Contig_28219	1	383	10	111	28.9817	2.56919	35.4	60
dDocent_Contig_28220	1	381	19	256	67.1916	6.17848	36.2	58
dDocent_Contig_28227	1	313	8	178	56.869	3.27476	36.8	60
dDocent_Contig_28233	1	399	2	157	39.3484	0.674185	36.2	60
dDocent_Contig_28241	1	399	32	298	74.6867	9.47619	35.8	60
dDocent_Contig_28243	1	305	41	184	60.3279	17.4066	35.4	60
dDocent_Contig_28257	1	279	25	186	66.6667	11.362	36.2	60
dDocent_Contig_28258	1	345	11	139	40.2899	4.41739	36	60
dDocent_Contig_28263	1	380	10	161	42.3684	3.22368	36.1	58.7
dDocent_Contig_28268	1	331	30	181	54.6828	12.6254	35.2	60
dDocent_Contig_28276	1	328	26	218	66.4634	10.4817	35.5	60
dDocent_Contig_28287	1	392	10	134	34.1837	2.55102	36.4	60
dDocent_Contig_28294	1	359	18	202	56.2674	6.81616	34.6	60
dDocent_Contig_28298	1	309	12	176	56.9579	3.58576	36.4	57.7
dDocent_Contig_28302	1	434	8	266	61.2903	2.18203	36.2	60
dDocent_Contig_28305	1	381	5	158	41.4698	1.28609	36.9	60
dDocent_Contig_28306	1	330	5	220	66.6667	2.05455	36.9	60
dDocent_Contig_28311	1	328	2	191	58.2317	0.670732	36.4	60
dDocent_Contig_28314	1	336	1	103	30.6548	0.306548	36.9	35
dDocent_Contig_28316	1	376	26	206	54.7872	7.42287	36.7	52.3
dDocent_Contig_28340	1	439	8	220	50.1139	2.12073	35.5	60
dDocent_Contig_28349	1	360	31	207	57.5	12.2528	35.9	60
dDocent_Contig_28354	1	347	1	70	20.1729	0.201729	35.2	60
dDocent_Contig_28406	1	443	5	142	32.0542	1.19413	36.6	60
dDocent_Contig_28407	1	324	11	181	55.8642	3.47531	36.2	60
dDocent_Contig_28413	1	400	53	170	42.5	14.35	35.7	56.3
dDocent_Contig_28414	1	382	15	143	37.4346	4.40314	36.3	60
dDocent_Contig_28417	1	391	24	214	54.7315	8.0844	34.5	60
dDocent_Contig_28423	1	407	8	257	63.145	2.11794	36.6	60
dDocent_Contig_28433	1	360	14	162	45	5.24444	36.5	60
dDocent_Contig_28436	1	331	2	64	19.3353	0.386707	37	60
dDocent_Contig_28446	1	358	19	232	64.8045	6.91341	35.7	60
dDocent_Contig_28451	1	427	16	160	37.4707	4.6534	35.8	60
dDocent_Contig_28453	1	422	21	189	44.7867	6.50948	36.3	60
dDocent_Contig_28460	1	308	10	131	42.5325	3.75	34.8	60
dDocent_Contig_28463	1	442	11	146	33.0317	3.13122	36.1	60
dDocent_Contig_28464	1	401	6	182	45.3865	1.74564	36	60
dDocent_Contig_28468	1	417	5	198	47.482	1.43405	35.8	60
dDocent_Contig_28471	1	369	10	240	65.0407	3.58266	36.7	60
dDocent_Contig_28481	1	417	168	391	93.765	47.53	36.1	58.2
dDocent_Contig_28493	1	497	29	243	48.8934	6.63179	36.1	60
dDocent_Contig_28503	1	383	264	331	86.423	79.4256	36.1	59.2
dDocent_Contig_28505	1	389	6	216	55.527	1.8329	36.9	60
dDocent_Contig_28509	1	420	34	267	63.5714	7.77619	35.6	35.9
dDocent_Contig_28513	1	389	10	205	52.6992	3.00257	36.3	60
dDocent_Contig_28523	1	282	15	150	53.1915	6.14184	36.3	60
dDocent_Contig_28527	1	357	12	181	50.7003	4.5014	35.1	60
dDocent_Contig_28546	1	422	3	147	34.8341	1.04502	35.3	60
dDocent_Contig_28550	1	444	1	93	20.9459	0.209459	36.7	60
dDocent_Contig_28552	1	370	4	265	71.6216	1.30811	36.6	60
dDocent_Contig_28555	1	360	483	358	99.4444	152.9	35.7	59.3
dDocent_Contig_28558	1	267	78	249	93.2584	32.7903	36	59.7
dDocent_Contig_28559	1	411	5	101	24.5742	1.03893	35.5	60
dDocent_Contig_28561	1	453	7	192	42.3841	1.88521	36.3	60
dDocent_Contig_28563	1	380	26	348	91.5789	7.92632	36.1	59.2
dDocent_Contig_28566	1	450	10	144	32	2.43556	36.4	60
dDocent_Contig_28571	1	325	105	298	91.6923	35.0123	34.9	59.9
dDocent_Contig_28573	1	295	34	262	88.8136	14.8508	35.4	60
dDocent_Contig_28576	1	240	7	148	61.6667	2.36667	35.7	60
dDocent_Contig_28579	1	483	12	216	44.7205	2.80331	36	57.8
dDocent_Contig_28584	1	425	9	157	36.9412	2.43294	35.4	60
dDocent_Contig_28585	1	306	87	293	95.7516	33.1307	36.5	54.4
dDocent_Contig_28587	1	332	2	179	53.9157	0.903614	36.8	60
dDocent_Contig_28588	1	371	1	150	40.4313	0.404313	36.7	60
dDocent_Contig_28590	1	389	2	96	24.6787	0.493573	36.9	60
dDocent_Contig_28601	1	498	14	326	65.4618	3.28112	35.1	60
dDocent_Contig_28602	1	346	10	122	35.2601	2.94798	36.4	60
dDocent_Contig_28610	1	371	8	216	58.221	2.68733	36.7	60
dDocent_Contig_28612	1	433	30	385	88.9145	8.47344	36.5	60
dDocent_Contig_28615	1	310	22	185	59.6774	7.67742	35.1	60
dDocent_Contig_28619	1	342	10	139	40.6433	2.79825	35.1	60
dDocent_Contig_28627	1	433	10	222	51.2702	2.48268	35.8	60
dDocent_Contig_28632	1	328	2	79	24.0854	0.481707	37	60
dDocent_Contig_28633	1	445	7	214	48.0899	1.52809	34.9	60
dDocent_Contig_28635	1	356	23	212	59.5506	9.08427	35.8	60
dDocent_Contig_28638	1	417	11	289	69.3046	3.03118	36.5	60
dDocent_Contig_28642	1	369	15	206	55.8266	5.22222	35.9	60
dDocent_Contig_28662	1	276	2	155	56.1594	1.08696	36.8	60
dDocent_Contig_28672	1	349	27	226	64.7564	8.01719	35.3	60
dDocent_Contig_28678	1	416	21	242	58.1731	5.95673	35.6	60
dDocent_Contig_28684	1	353	21	261	73.9377	7.28329	36.1	60
dDocent_Contig_28687	1	402	4	155	38.5572	1.43284	36.8	60
dDocent_Contig_28688	1	353	2	79	22.3796	0.447592	35.2	60
dDocent_Contig_28689	1	277	4	108	38.9892	1.15523	36.7	60
dDocent_Contig_28691	1	469	46	209	44.5629	13.3881	35	60
dDocent_Contig_28693	1	450	1	84	18.6667	0.186667	36.9	60
dDocent_Contig_28698	1	399	4	120	30.0752	0.892231	37	60
dDocent_Contig_28701	1	377	13	293	77.7188	3.73475	36.6	60
dDocent_Contig_28702	1	417	15	196	47.0024	4.68825	35.9	60
dDocent_Contig_28706	1	390	21	273	70	7.04359	35.9	60
dDocent_Contig_28710	1	421	40	398	94.5368	10.4941	35.4	47.5
dDocent_Contig_28711	1	363	13	309	85.124	4.07989	36.4	60
dDocent_Contig_28712	1	451	65	297	65.8537	16.3149	36.3	51.5
dDocent_Contig_28714	1	435	17	202	46.4368	4.64598	35.5	60
dDocent_Contig_28718	1	372	6	162	43.5484	2.23118	36.8	60
dDocent_Contig_28720	1	406	15	231	56.8966	4.45567	34.6	60
dDocent_Contig_28735	1	284	20	226	79.5775	8.96127	36.6	60
dDocent_Contig_28748	1	390	7	155	39.7436	2.45641	36.1	60
dDocent_Contig_28749	1	328	2	93	28.3537	0.567073	36.9	60
dDocent_Contig_28751	1	404	30	300	74.2574	8.35396	36.3	54.1
dDocent_Contig_28752	1	425	31	387	91.0588	8.98353	35.2	60
dDocent_Contig_28754	1	300	10	204	68	4.39	35.2	60
dDocent_Contig_28761	1	344	9	153	44.4767	2.5843	36.8	60
dDocent_Contig_28762	1	388	20	248	63.9175	6.56701	35.2	60
dDocent_Contig_28764	1	372	34	244	65.5914	10.8414	34.5	60
dDocent_Contig_28788	1	437	18	208	47.5973	4.04348	35.5	60
dDocent_Contig_28789	1	382	2	72	18.8482	0.376963	34.8	60
dDocent_Contig_28794	1	386	8	144	37.3057	1.95596	36.8	60
dDocent_Contig_28797	1	381	26	208	54.5932	8.36745	35.1	60
dDocent_Contig_28799	1	373	23	215	57.6408	8.13405	36	60
dDocent_Contig_28800	1	357	20	236	66.1064	6.70308	35.3	60
dDocent_Contig_28802	1	500	4	111	22.2	0.888	36.8	60
dDocent_Contig_28809	1	458	4	256	55.8952	1.18341	36	60
dDocent_Contig_28811	1	406	18	390	96.0591	5.62808	36.4	59.9
dDocent_Contig_28812	1	414	7	278	67.1498	1.73913	35.4	60
dDocent_Contig_28815	1	407	21	177	43.4889	5.05897	35.3	60
dDocent_Contig_28816	1	318	4	212	66.6667	1.33019	36.6	60
dDocent_Contig_28818	1	321	8	241	75.0779	2.73209	36.7	60
dDocent_Contig_28821	1	344	22	185	53.7791	8.38372	35.7	59.9
dDocent_Contig_28824	1	293	6	180	61.4334	1.88396	35.6	60
dDocent_Contig_28826	1	463	7	166	35.8531	1.75594	36.6	60
dDocent_Contig_28829	1	249	6	216	86.747	3.05221	36.9	60
dDocent_Contig_28831	1	369	22	208	56.3686	6.50136	36.1	60
dDocent_Contig_28836	1	358	26	196	54.7486	6.87709	35.4	41
dDocent_Contig_28841	1	403	6	154	38.2134	1.53598	36.8	59.2
dDocent_Contig_28844	1	368	6	243	66.0326	1.8913	36.8	60
dDocent_Contig_28845	1	354	1	100	28.2486	0.282486	36.9	60
dDocent_Contig_28854	1	284	43	239	84.1549	15.3486	35.4	60
dDocent_Contig_28855	1	379	60	208	54.8813	20.0976	35.7	60
dDocent_Contig_28856	1	303	12	158	52.1452	3.32013	36	60
dDocent_Contig_28857	1	467	43	190	40.6852	9.61028	36.4	60
dDocent_Contig_28858	1	400	9	223	55.75	1.975	36.9	60
dDocent_Contig_28859	1	376	8	241	64.0957	2.75798	36.3	60
dDocent_Contig_28872	1	435	1	94	21.6092	0.216092	36.9	60
dDocent_Contig_28880	1	428	8	199	46.4953	2.80374	36.6	60
dDocent_Contig_28894	1	351	10	273	77.7778	4.04843	35.9	60
dDocent_Contig_28895	1	388	8	153	39.433	2.72938	35.8	60
dDocent_Contig_28901	1	276	24	123	44.5652	8.51449	35.1	60
dDocent_Contig_28907	1	313	406	261	83.3866	134.562	36.2	58.5
dDocent_Contig_28908	1	443	11	263	59.3679	2.41084	34.5	60
dDocent_Contig_28917	1	340	6	177	52.0588	2.11765	36.6	60
dDocent_Contig_28919	1	388	27	238	61.3402	8.5567	35.7	60
dDocent_Contig_28920	1	366	10	237	64.7541	3.51093	36.8	60
dDocent_Contig_28921	1	407	22	325	79.8526	6.22359	35.9	60
dDocent_Contig_28924	1	386	9	225	58.2902	3.1114	36.2	60
dDocent_Contig_28934	1	437	27	310	70.9382	7.64989	35.5	60
dDocent_Contig_28936	1	409	16	146	35.6968	5.04401	36.3	60
dDocent_Contig_28937	1	440	3	131	29.7727	0.390909	33.7	60
dDocent_Contig_28940	1	348	32	204	58.6207	9.85057	35.7	60
dDocent_Contig_28941	1	457	2	107	23.4136	0.468271	36.8	60
dDocent_Contig_28942	1	378	4	205	54.2328	1.30688	36.4	60
dDocent_Contig_28943	1	382	10	158	41.3613	2.57853	35.6	60
dDocent_Contig_28949	1	390	25	273	70	7.61795	36.5	60
dDocent_Contig_28966	1	370	6	188	50.8108	1.64865	36.8	60
dDocent_Contig_28967	1	365	146	302	82.7397	49.6301	35.7	60
dDocent_Contig_28968	1	297	20	207	69.697	7.89226	35.8	60
dDocent_Contig_28972	1	377	6	240	63.6605	1.7374	36.5	60
dDocent_Contig_28974	1	397	3	148	37.2796	1.11839	36.9	60
dDocent_Contig_28985	1	360	11	218	60.5556	2.61944	36.6	53
dDocent_Contig_28987	1	366	5	179	48.9071	1.18852	36.9	48.8
dDocent_Contig_28988	1	326	295	278	85.2761	105.417	36.3	54.6
dDocent_Contig_28990	1	253	5	152	60.0791	2.02767	36.8	60
dDocent_Contig_28992	1	425	13	181	42.5882	3.01882	36.5	60
dDocent_Contig_28994	1	353	34	181	51.2748	12.5637	35.2	60
dDocent_Contig_28995	1	324	4	171	52.7778	1.48765	36.9	60
dDocent_Contig_28999	1	342	15	222	64.9123	5.50877	35.9	60
dDocent_Contig_29000	1	315	64	315	100	19.7778	35.8	58.5
dDocent_Contig_29001	1	373	30	194	52.0107	9.01072	35.4	60
dDocent_Contig_29002	1	245	14	157	64.0816	6.08163	33.9	60
dDocent_Contig_29006	1	299	9	190	63.5452	3.78261	36.3	60
dDocent_Contig_29008	1	395	50	268	67.8481	15.0127	35.6	60
dDocent_Contig_29023	1	369	2074	369	100	689.949	36.1	57
dDocent_Contig_29026	1	512	8	254	49.6094	1.98828	34.9	60
dDocent_Contig_29028	1	457	9	183	40.0438	2.07221	36.9	60
dDocent_Contig_29032	1	326	26	297	91.1043	9.63804	35.7	60
dDocent_Contig_29033	1	431	4	147	34.1067	1.08353	36.8	60
dDocent_Contig_29036	1	352	2	83	23.5795	0.471591	36.8	60
dDocent_Contig_29044	1	379	9	188	49.6042	2.63061	35.8	60
dDocent_Contig_29049	1	263	3	95	36.1217	0.904943	36.8	60
dDocent_Contig_29052	1	319	13	211	66.1442	4.63323	36.3	60
dDocent_Contig_29053	1	398	7	206	51.7588	1.83166	36.5	60
dDocent_Contig_29057	1	385	10	199	51.6883	3.72727	36.6	60
dDocent_Contig_29062	1	430	3	171	39.7674	0.597674	35.8	60
dDocent_Contig_29064	1	340	85	189	55.5882	25.3147	36.5	58.5
dDocent_Contig_29065	1	398	10	186	46.7337	2.95226	36.3	60
dDocent_Contig_29066	1	313	42	271	86.5815	19.3898	34.3	60
dDocent_Contig_29080	1	351	20	241	68.661	6.55271	36.7	60
dDocent_Contig_29082	1	386	21	226	58.5492	6.52332	35.8	60
dDocent_Contig_29096	1	362	28	140	38.674	8.49724	33.9	60
dDocent_Contig_29108	1	356	14	179	50.2809	4.61517	35.7	60
dDocent_Contig_29114	1	369	34	302	81.8428	11.6179	35.3	60
dDocent_Contig_29118	1	376	6	150	39.8936	1.63564	35.1	60
dDocent_Contig_29119	1	278	2	81	29.1367	0.582734	36.8	60
dDocent_Contig_29122	1	408	10	177	43.3824	3.06618	36.7	60
dDocent_Contig_29126	1	401	4	127	31.6708	1.17706	36.9	60
dDocent_Contig_29128	1	411	11	239	58.1509	3.72749	36.6	60
dDocent_Contig_29130	1	340	11	144	42.3529	3.27059	36.7	60
dDocent_Contig_29138	1	353	9	181	51.2748	3.38244	35.6	60
dDocent_Contig_29146	1	376	19	216	57.4468	5.66755	35.2	60
dDocent_Contig_29147	1	479	2	170	35.4906	0.626305	36.7	60
dDocent_Contig_29150	1	351	14	225	64.1026	4.82906	35.9	60
dDocent_Contig_29152	1	269	1	130	48.3271	0.483271	36.7	60
dDocent_Contig_29163	1	377	24	191	50.6631	7.68966	36	60
dDocent_Contig_29164	1	405	14	164	40.4938	4.53333	33.9	59.4
dDocent_Contig_29166	1	378	11	166	43.9153	3.05556	36.8	60
dDocent_Contig_29168	1	360	15	323	89.7222	4.71389	35.9	60
dDocent_Contig_29169	1	339	31	196	57.8171	11.292	35.6	60
dDocent_Contig_29170	1	371	28	280	75.4717	9.09434	35.8	60
dDocent_Contig_29174	1	311	17	276	88.746	7.10289	34.3	60
dDocent_Contig_29178	1	426	94	388	91.0798	25.4038	35.6	43.9
dDocent_Contig_29185	1	340	6	256	75.2941	2.31176	36.9	60
dDocent_Contig_29189	1	483	10	202	41.8219	2.66046	35.9	60
dDocent_Contig_29192	1	434	12	346	79.7235	3.93779	35.6	60
dDocent_Contig_29198	1	352	5	201	57.1023	2.13068	36.5	60
dDocent_Contig_29201	1	274	23	164	59.854	9.93796	35.9	60
dDocent_Contig_29202	1	345	5	168	48.6957	1.97101	36.8	60
dDocent_Contig_29204	1	226	16	193	85.3982	9.97345	34	60
dDocent_Contig_29213	1	416	6	150	36.0577	1.50481	35.1	60
dDocent_Contig_29214	1	380	6	197	51.8421	1.86053	34.8	60
dDocent_Contig_29217	1	388	979	387	99.7423	305.085	35.8	59.7
dDocent_Contig_29219	1	360	17	216	60	5.40278	36.5	60
dDocent_Contig_29223	1	394	24	200	50.7614	7.49492	35.2	60
dDocent_Contig_29229	1	239	6	130	54.3933	2.6318	36.5	59.3
dDocent_Contig_29234	1	400	27	347	86.75	8.28	35.1	60
dDocent_Contig_29238	1	403	22	212	52.6055	7.01985	36.1	60
dDocent_Contig_29240	1	281	23	239	85.0534	10.2206	35.9	60
dDocent_Contig_29241	1	361	24	329	91.1357	9.14681	36.3	60
dDocent_Contig_29243	1	298	16	256	85.906	7.21477	36.3	60
dDocent_Contig_29244	1	338	17	194	57.3964	6.34911	35.3	60
dDocent_Contig_29248	1	336	5	221	65.7738	2.05357	36.9	60
dDocent_Contig_29250	1	410	11	202	49.2683	2.6561	36.5	60
dDocent_Contig_29253	1	424	8	267	62.9717	2.09198	36	60
dDocent_Contig_29254	1	389	6	152	39.0746	1.02571	36.1	60
dDocent_Contig_29263	1	285	5	190	66.6667	1.7614	36.1	60
dDocent_Contig_29264	1	384	2	163	42.4479	0.585938	36.8	60
dDocent_Contig_29267	1	373	15	232	62.1984	4.04021	36.3	60
dDocent_Contig_29269	1	241	34	204	84.6473	14.0705	34.9	60
dDocent_Contig_29286	1	414	18	142	34.2995	5.80193	35.7	60
dDocent_Contig_29287	1	239	17	177	74.0586	8.8954	36.1	60
dDocent_Contig_29289	1	315	240	313	99.3651	87.946	36	60
dDocent_Contig_29291	1	399	13	325	81.4536	4.2782	36.1	60
dDocent_Contig_29294	1	334	11	195	58.3832	3.76347	36.7	60
dDocent_Contig_29295	1	358	9	300	83.7989	3.28492	36.2	60
dDocent_Contig_29296	1	298	13	163	54.698	4.65772	36.3	60
dDocent_Contig_29297	1	432	6	132	30.5556	1.50463	36.6	60
dDocent_Contig_29298	1	401	10	285	71.0723	3.43641	35.9	60
dDocent_Contig_29302	1	368	28	275	74.7283	8.69837	36.2	49.5
dDocent_Contig_29303	1	348	33	309	88.7931	10.6006	35.4	60
dDocent_Contig_29314	1	330	36	183	55.4545	15.4697	35.3	60
dDocent_Contig_29323	1	337	22	330	97.9228	5.80119	36.3	37.2
dDocent_Contig_29342	1	366	12	174	47.541	4.3388	35.8	60
dDocent_Contig_29347	1	400	14	219	54.75	4.7	36.3	60
dDocent_Contig_29357	1	473	12	151	31.9239	3.02748	35.7	60
dDocent_Contig_29358	1	365	24	201	55.0685	8.27671	35.5	60
dDocent_Contig_29361	1	434	93	304	70.0461	22.6336	36.5	52.6
dDocent_Contig_29363	1	456	16	344	75.4386	3.95395	35.3	60
dDocent_Contig_29368	1	285	1	89	31.2281	0.312281	36.9	60
dDocent_Contig_29369	1	391	15	160	40.9207	4.84399	35.9	60
dDocent_Contig_29371	1	353	4	155	43.9093	1.55241	35.9	60
dDocent_Contig_29372	1	312	11	174	55.7692	3.9359	35.5	60
dDocent_Contig_29381	1	330	1	150	45.4545	0.454545	36.3	60
dDocent_Contig_29382	1	327	28	169	51.682	8.97554	36	50.6
dDocent_Contig_29408	1	383	5	88	22.9765	1.05222	34.8	60
dDocent_Contig_29416	1	470	22	233	49.5745	6.01064	36.1	60
dDocent_Contig_29424	1	376	8	211	56.117	2.15426	36.6	60
dDocent_Contig_29426	1	498	16	174	34.9398	3.90161	35.8	60
dDocent_Contig_29429	1	456	21	362	79.386	6.3114	35.8	60
dDocent_Contig_29432	1	319	9	201	63.0094	2.56113	36.6	60
dDocent_Contig_29437	1	391	4	201	51.4066	1.04092	36.9	60
dDocent_Contig_29444	1	363	7	145	39.9449	2.73278	34.3	60
dDocent_Contig_29450	1	409	10	232	56.7237	3.47922	34.5	60
dDocent_Contig_29451	1	284	4	113	39.7887	1.59155	35.7	60
dDocent_Contig_29452	1	340	14	154	45.2941	4.85	35.2	60
dDocent_Contig_29459	1	340	39	251	73.8235	15.95	35.7	60
dDocent_Contig_29462	1	394	26	190	48.2234	7.89086	36.1	60
dDocent_Contig_29464	1	319	16	180	56.4263	5.7931	36	60
dDocent_Contig_29484	1	348	104	214	61.4943	33.6379	36.4	56.4
dDocent_Contig_29486	1	376	9	238	63.2979	2.93883	36.3	60
dDocent_Contig_29489	1	349	27	131	37.5358	7.81375	35.9	60
dDocent_Contig_29490	1	355	18	218	61.4085	5.67042	35.6	60
dDocent_Contig_29494	1	439	13	161	36.6743	3.46241	35.9	60
dDocent_Contig_29498	1	381	49	338	88.7139	16.9081	35.2	60
dDocent_Contig_29502	1	351	13	287	81.7664	3.76353	34.8	60
dDocent_Contig_29514	1	403	22	127	31.5136	5.71216	34.2	60
dDocent_Contig_29516	1	453	2	96	21.1921	0.423841	36.8	60
dDocent_Contig_29517	1	330	69	254	76.9697	24.7939	35.4	60
dDocent_Contig_29519	1	331	28	193	58.3082	9.89426	36.1	60
dDocent_Contig_29533	1	342	4	170	49.7076	1.37719	36	60
dDocent_Contig_29540	1	309	2	144	46.6019	0.886731	36.7	43
dDocent_Contig_29541	1	383	27	172	44.9086	9.03133	35.4	60
dDocent_Contig_29544	1	289	20	280	96.8858	7.76125	34.7	53.7
dDocent_Contig_29549	1	338	5	155	45.858	2.05917	36.6	60
dDocent_Contig_29550	1	499	2	63	12.6253	0.252505	36.5	60
dDocent_Contig_29554	1	386	9	236	61.1399	3.21503	35.5	60
dDocent_Contig_29557	1	364	11	162	44.5055	3.74451	36.6	60
dDocent_Contig_29565	1	379	2	89	23.4828	0.469657	36.3	60
dDocent_Contig_29570	1	442	57	288	65.1584	14.4502	36.1	60
dDocent_Contig_29572	1	346	23	308	89.0173	7.24566	36.1	60
dDocent_Contig_29573	1	363	15	341	93.9394	5.19008	35.8	60
dDocent_Contig_29576	1	419	5	132	31.5036	1.09069	36.9	60
dDocent_Contig_29583	1	416	10	302	72.5962	3.34375	36.2	60
dDocent_Contig_29596	1	386	3	123	31.8653	0.953368	35	60
dDocent_Contig_29598	1	342	7	135	39.4737	2.40936	35.9	60
dDocent_Contig_29601	1	373	9	279	74.7989	3.01877	36.9	60
dDocent_Contig_29602	1	491	6	86	17.5153	1.05092	36.5	56.7
dDocent_Contig_29604	1	346	9	144	41.6185	2.41908	36.7	60
dDocent_Contig_29613	1	382	4	150	39.267	1.54712	35.6	60
dDocent_Contig_29619	1	399	12	199	49.8747	3.61153	35.8	60
dDocent_Contig_29630	1	382	10	221	57.8534	3.18848	34.1	57.1
dDocent_Contig_29631	1	384	11	237	61.7188	3.46354	35.2	60
dDocent_Contig_29636	1	324	15	195	60.1852	5.80864	35.5	60
dDocent_Contig_29638	1	349	2	95	27.2206	0.544413	36.7	60
dDocent_Contig_29640	1	327	15	145	44.3425	5.45872	35.2	60
dDocent_Contig_29646	1	382	2	192	50.2618	0.748691	36.8	60
dDocent_Contig_29647	1	496	8	172	34.6774	2.17944	35.4	60
dDocent_Contig_29652	1	351	32	198	56.4103	10.8974	35.8	60
dDocent_Contig_29653	1	235	4	167	71.0638	1.0383	36.7	60
dDocent_Contig_29654	1	366	4	110	30.0546	1.20219	36.8	60
dDocent_Contig_29655	1	253	14	213	84.1897	6.58498	36.8	60
dDocent_Contig_29658	1	242	22	240	99.1736	10.3926	36	60
dDocent_Contig_29662	1	277	40	224	80.8664	19.0975	35.8	60
dDocent_Contig_29664	1	374	9	216	57.754	3.28075	36.2	60
dDocent_Contig_29665	1	311	190	214	68.8103	70.8167	35.9	59.9
dDocent_Contig_29667	1	385	2	87	22.5974	0.451948	36.9	57
dDocent_Contig_29668	1	348	4	193	55.4598	1.53736	35.2	60
dDocent_Contig_29674	1	299	4	161	53.8462	1.2709	36.8	60
dDocent_Contig_29675	1	292	3	182	62.3288	1.38699	36.6	60
dDocent_Contig_29678	1	345	3	180	52.1739	0.747826	36.2	49.7
dDocent_Contig_29679	1	381	14	229	60.105	4.90026	36.3	58.3
dDocent_Contig_29680	1	351	22	238	67.8063	7.78917	36.3	60
dDocent_Contig_29682	1	406	23	193	47.5369	8.10345	36	60
dDocent_Contig_29683	1	371	23	287	77.3585	8.71968	34.7	57.7
dDocent_Contig_29694	1	450	8	143	31.7778	1.53333	36.1	60
dDocent_Contig_29695	1	390	21	202	51.7949	7	35.7	60
dDocent_Contig_29698	1	392	23	255	65.051	7.11224	36.1	60
dDocent_Contig_29707	1	367	12	197	53.6785	4.16621	36.3	60
dDocent_Contig_29716	1	453	4	252	55.6291	1.22296	36.2	60
dDocent_Contig_29717	1	310	7	118	38.0645	2.42258	36.7	60
dDocent_Contig_29720	1	385	6	173	44.9351	1.71948	36.6	60
dDocent_Contig_29722	1	477	14	280	58.7002	3.67505	35.8	60
dDocent_Contig_29723	1	378	16	153	40.4762	4.60317	34.7	59.4
dDocent_Contig_29724	1	385	14	313	81.2987	4.36364	36.2	60
dDocent_Contig_29725	1	443	5	229	51.693	1.07449	36.8	60
dDocent_Contig_29727	1	372	3	89	23.9247	0.604839	36.5	38.3
dDocent_Contig_29729	1	372	5	238	63.9785	1.74462	36.5	60
dDocent_Contig_29733	1	470	2	81	17.234	0.344681	36.9	60
dDocent_Contig_29734	1	394	2	99	25.1269	0.502538	36.8	60
dDocent_Contig_29738	1	399	27	348	87.218	8.03759	35.7	60
dDocent_Contig_29750	1	371	42	208	56.0647	15.3962	35.3	60
dDocent_Contig_29751	1	426	9	143	33.5681	2.55164	36.3	49.3
dDocent_Contig_29760	1	375	7	235	62.6667	1.744	35.3	60
dDocent_Contig_29766	1	316	6	183	57.9114	2.8481	36.5	60
dDocent_Contig_29784	1	416	10	192	46.1538	2.4976	36.1	60
dDocent_Contig_29790	1	341	15	209	61.2903	5.91496	36.7	60
dDocent_Contig_29792	1	427	6	130	30.445	1.55035	36.5	60
dDocent_Contig_29804	1	280	3	137	48.9286	1.13571	37	60
dDocent_Contig_29806	1	360	31	273	75.8333	10.0444	36.1	60
dDocent_Contig_29831	1	385	140	368	95.5844	45.1065	36	33.5
dDocent_Contig_29838	1	417	14	162	38.8489	4.40048	36.3	60
dDocent_Contig_29841	1	326	7	180	55.2147	3.03681	34.8	60
dDocent_Contig_29851	1	351	16	141	40.1709	5.07977	34.1	60
dDocent_Contig_29856	1	298	4	90	30.2013	1.20805	36.5	28
dDocent_Contig_29858	1	390	35	245	62.8205	10.8667	36.1	60
dDocent_Contig_29859	1	487	15	407	83.5729	3.05749	35.6	60
dDocent_Contig_29868	1	364	60	226	62.0879	20.5962	34.6	60
dDocent_Contig_29872	1	330	6	161	48.7879	2.14545	36.3	60
dDocent_Contig_29885	1	406	18	173	42.6108	4.87192	35.6	60
dDocent_Contig_29893	1	371	1	95	25.6065	0.256065	36.6	60
dDocent_Contig_29907	1	335	3	95	28.3582	0.552239	36.8	60
dDocent_Contig_29910	1	282	2	110	39.0071	0.780142	36.7	60
dDocent_Contig_29911	1	395	14	340	86.0759	4.11646	36.5	60
dDocent_Contig_29913	1	379	7	208	54.8813	2.02375	36.1	60
dDocent_Contig_29917	1	383	4	148	38.6423	1.31854	36	60
dDocent_Contig_29920	1	425	3	156	36.7059	1.02588	36.6	60
dDocent_Contig_29921	1	352	8	152	43.1818	3.36932	35.1	60
dDocent_Contig_29923	1	263	27	243	92.3954	13.9278	34.8	60
dDocent_Contig_29933	1	243	3	215	88.4774	1.77366	36.6	60
dDocent_Contig_29937	1	351	8	220	62.6781	2.82621	36.1	60
dDocent_Contig_29953	1	328	4	125	38.1098	0.926829	36.9	60
dDocent_Contig_29970	1	318	3	176	55.3459	0.930818	36.9	60
dDocent_Contig_29976	1	328	7	134	40.8537	2.28354	36.3	60
dDocent_Contig_29977	1	383	4	214	55.8747	1.22977	33.8	60
dDocent_Contig_29978	1	403	10	212	52.6055	3.0397	36	60
dDocent_Contig_29981	1	319	64	263	82.4451	25.7241	35.6	60
dDocent_Contig_29982	1	285	2	96	33.6842	0.673684	35.8	60
dDocent_Contig_29993	1	382	16	216	56.5445	4.78796	35.9	60
dDocent_Contig_29996	1	381	3	220	57.7428	0.910761	36.9	60
dDocent_Contig_29997	1	363	7	173	47.6584	2.13223	36.8	60
dDocent_Contig_30008	1	355	21	148	41.6901	7.6169	35.5	60
dDocent_Contig_30009	1	388	7	138	35.567	2.23711	36.1	60
dDocent_Contig_30013	1	341	10	201	58.9443	3.84457	36.3	60
dDocent_Contig_30020	1	349	13	300	85.9599	4.2808	36.5	60
dDocent_Contig_30021	1	338	6	188	55.6213	1.98817	36.6	60
dDocent_Contig_30022	1	407	123	389	95.5774	37.3808	35.9	56.2
dDocent_Contig_30023	1	340	8	143	42.0588	2.73529	34.8	60
dDocent_Contig_30028	1	341	5	156	45.7478	1.55132	36.9	60
dDocent_Contig_30029	1	281	2	102	36.2989	0.697509	36.8	60
dDocent_Contig_30048	1	296	2	119	40.2027	0.804054	36.9	60
dDocent_Contig_30071	1	335	2	103	30.7463	0.614925	36.9	60
dDocent_Contig_30074	1	351	6	246	70.0855	1.87749	36	60
dDocent_Contig_30075	1	348	28	193	55.4598	10.0287	35.7	60
dDocent_Contig_30076	1	472	29	234	49.5763	7.26483	35.3	60
dDocent_Contig_30077	1	337	26	222	65.8754	9.61128	35.4	60
dDocent_Contig_30084	1	397	2	219	55.1637	0.755668	36.6	60
dDocent_Contig_30089	1	368	11	286	77.7174	3.63859	36.1	60
dDocent_Contig_30116	1	390	15	155	39.7436	4.75641	36.2	60
dDocent_Contig_30117	1	395	2	96	24.3038	0.486076	36.9	60
dDocent_Contig_30133	1	446	16	182	40.8072	4.28924	36.1	60
dDocent_Contig_30137	1	439	8	209	47.6082	2.36902	36.5	60
dDocent_Contig_30138	1	406	9	174	42.8571	2.95074	34.9	60
dDocent_Contig_30141	1	356	2	81	22.7528	0.455056	36.7	60
dDocent_Contig_30159	1	350	11	154	44	4.3	35.5	60
dDocent_Contig_30166	1	292	11	194	66.4384	4.5	36.6	60
dDocent_Contig_30169	1	406	17	238	58.6207	5.51232	35.9	60
dDocent_Contig_30179	1	425	27	145	34.1176	6.09176	34.8	60
dDocent_Contig_30181	1	373	14	176	47.185	4.34853	36.2	60
dDocent_Contig_30183	1	424	20	312	73.5849	5.65094	36.9	56.4
dDocent_Contig_30184	1	364	11	156	42.8571	3.3956	35.1	60
dDocent_Contig_30189	1	354	5	183	51.6949	1.93503	36.7	60
dDocent_Contig_30203	1	405	12	127	31.358	3.4716	36.2	60
dDocent_Contig_30207	1	278	24	192	69.0647	11.7122	36.4	60
dDocent_Contig_30208	1	449	183	447	99.5546	52.3229	35.7	59.7
dDocent_Contig_30211	1	361	12	229	63.4349	4.03601	35.6	60
dDocent_Contig_30212	1	353	3	141	39.9433	0.94051	36.8	60
dDocent_Contig_30222	1	467	10	162	34.6895	2.20771	35.8	60
dDocent_Contig_30226	1	423	10	148	34.9882	2.64539	36.3	60
dDocent_Contig_30232	1	309	4	219	70.8738	1.55987	34.9	60
dDocent_Contig_30240	1	379	10	152	40.1055	2.67018	36.2	60
dDocent_Contig_30243	1	319	17	152	47.6489	5.81818	36.7	60
dDocent_Contig_30261	1	314	15	201	64.0127	5.97452	36.7	60
dDocent_Contig_30262	1	387	26	271	70.0258	8.10853	35.8	60
dDocent_Contig_30266	1	370	30	213	57.5676	9.73784	34.3	59.4
dDocent_Contig_30268	1	255	5	135	52.9412	2.03922	37	60
dDocent_Contig_30271	1	224	4	137	61.1607	2.29911	36.3	60
dDocent_Contig_30275	1	413	34	209	50.6053	10.5932	35.3	60
dDocent_Contig_30277	1	258	1	68	26.3566	0.263566	36.8	60
dDocent_Contig_30278	1	373	3	122	32.7078	0.965147	36.7	48.7
dDocent_Contig_30279	1	387	17	214	55.2972	5.8553	36.3	60
dDocent_Contig_30292	1	392	4	137	34.949	1.39541	34.5	60
dDocent_Contig_30296	1	439	9	182	41.4579	2.48064	35.8	60
dDocent_Contig_30298	1	371	155	183	49.3261	48.4987	35.2	60
dDocent_Contig_30300	1	355	1448	354	99.7183	498.346	36.2	42.8
dDocent_Contig_30301	1	430	39	379	88.1395	11.6233	35.6	59.2
dDocent_Contig_30335	1	364	1	150	41.2088	0.412088	36.7	60
dDocent_Contig_30347	1	350	7	166	47.4286	2.71714	34.4	60
dDocent_Contig_30348	1	397	13	173	43.5768	3.80856	35.2	60
dDocent_Contig_30353	1	368	4	58	15.7609	0.630435	36.9	60
dDocent_Contig_30354	1	375	16	246	65.6	5.54133	36.6	60
dDocent_Contig_30356	1	324	2	147	45.3704	0.493827	34.5	60
dDocent_Contig_30361	1	360	8	127	35.2778	2.52778	35.5	60
dDocent_Contig_30364	1	464	8	123	26.5086	1.65517	35.9	60
dDocent_Contig_30368	1	366	8	182	49.7268	2.36066	36.3	60
dDocent_Contig_30375	1	329	9	137	41.6413	3.05167	36.1	22.7
dDocent_Contig_30376	1	360	18	272	75.5556	5.93611	34.7	60
dDocent_Contig_30393	1	423	8	152	35.9338	2.07092	36.8	60
dDocent_Contig_30408	1	365	16	204	55.8904	5.6274	36.6	60
dDocent_Contig_30410	1	352	6	225	63.9205	2.19034	34.9	60
dDocent_Contig_30412	1	434	5	264	60.8295	1.29032	34.6	60
dDocent_Contig_30414	1	373	3	195	52.2788	0.970509	36.3	60
dDocent_Contig_30418	1	273	20	268	98.1685	7.7619	36	60
dDocent_Contig_30423	1	388	2	102	26.2887	0.525773	36.7	60
dDocent_Contig_30425	1	332	20	204	61.4458	7.60542	36.7	60
dDocent_Contig_30429	1	447	7	149	33.3333	1.86577	36.2	60
dDocent_Contig_30437	1	447	5	125	27.9642	1.12528	36.8	60
dDocent_Contig_30438	1	329	20	254	77.2036	8.15805	35.6	60
dDocent_Contig_30439	1	350	14	209	59.7143	5.25714	35.5	60
dDocent_Contig_30446	1	282	9	193	68.4397	3.49291	35.9	60
dDocent_Contig_30450	1	344	8	264	76.7442	2.43314	35.9	60
dDocent_Contig_30458	1	394	6	156	39.5939	1.78173	36.1	60
dDocent_Contig_30474	1	342	843	292	85.3801	277.684	36.2	58.5
dDocent_Contig_30475	1	352	20	207	58.8068	6.90057	36	60
dDocent_Contig_30479	1	341	7	180	52.7859	2.10264	36.9	60
dDocent_Contig_30484	1	321	15	189	58.8785	5.21184	35.9	60
dDocent_Contig_30488	1	470	7	117	24.8936	1.43191	35.9	60
dDocent_Contig_30503	1	413	9	166	40.1937	3.08475	36	60
dDocent_Contig_30506	1	408	12	196	48.0392	3.74755	35.9	60
dDocent_Contig_30508	1	293	13	148	50.5119	5.46075	36.7	60
dDocent_Contig_30511	1	325	21	209	64.3077	7.23385	35.8	60
dDocent_Contig_30512	1	328	20	210	64.0244	7.35976	36.5	60
dDocent_Contig_30516	1	387	4	98	25.323	0.795866	37	60
dDocent_Contig_30520	1	306	18	244	79.7386	7.88235	36.1	60
dDocent_Contig_30522	1	386	12	221	57.2539	3.80829	36.5	60
dDocent_Contig_30523	1	373	4	96	25.7373	0.906166	36.5	60
dDocent_Contig_30530	1	439	22	398	90.6606	5.99089	36.1	55.2
dDocent_Contig_30531	1	331	20	204	61.6314	6.40483	35.6	57.5
dDocent_Contig_30533	1	372	16	222	59.6774	5.26613	36.3	59.4
dDocent_Contig_30537	1	339	6	245	72.2714	2.51622	35.2	60
dDocent_Contig_30547	1	305	18	278	91.1475	5.32787	36.3	60
dDocent_Contig_30549	1	395	28	387	97.9747	8.61772	35.2	60
dDocent_Contig_30550	1	415	2009	376	90.6024	588.067	36.2	54.2
dDocent_Contig_30556	1	340	32	241	70.8824	11.8912	35.5	60
dDocent_Contig_30559	1	377	3	177	46.9496	1.05305	35.5	60
dDocent_Contig_30562	1	393	24	205	52.1628	6.55725	36.2	60
dDocent_Contig_30587	1	382	24	202	52.8796	7.32199	35	60
dDocent_Contig_30594	1	396	21	229	57.8283	5.36616	36.1	60
dDocent_Contig_30597	1	491	1	90	18.3299	0.183299	35.9	60
dDocent_Contig_30606	1	306	6	145	47.3856	1.44444	36.9	47.7
dDocent_Contig_30609	1	441	7	175	39.6825	2.11111	34.8	60
dDocent_Contig_30611	1	384	3	117	30.4688	0.914062	35.7	60
dDocent_Contig_30614	1	383	6	182	47.5196	2.08877	36.8	60
dDocent_Contig_30617	1	347	15	307	88.4726	6.01441	34.8	60
dDocent_Contig_30637	1	342	7	135	39.4737	2.06725	36.9	60
dDocent_Contig_30640	1	406	5	110	27.0936	1.35468	36.3	60
dDocent_Contig_30646	1	249	10	248	99.5984	4.73092	36.3	60
dDocent_Contig_30650	1	369	13	162	43.9024	3.90244	35.3	60
dDocent_Contig_30661	1	410	10	207	50.4878	2.89756	36.7	60
dDocent_Contig_30663	1	325	2	104	32	0.64	36.6	60
dDocent_Contig_30679	1	388	13	174	44.8454	3.58763	36.7	60
dDocent_Contig_30680	1	354	10	193	54.5198	3.94068	35.8	60
dDocent_Contig_30691	1	334	6	190	56.8862	2.19162	34.8	60
dDocent_Contig_30698	1	313	5	138	44.0895	1.90415	35.1	60
dDocent_Contig_30700	1	250	18	165	66	8.804	35.4	60
dDocent_Contig_30701	1	382	27	350	91.623	8.93455	35.8	60
dDocent_Contig_30702	1	436	523	435	99.7706	138.248	36.4	56.2
dDocent_Contig_30704	1	343	3	116	33.8192	1.01458	34.7	60
dDocent_Contig_30705	1	332	19	181	54.5181	6.68675	35.9	60
dDocent_Contig_30708	1	376	5	106	28.1915	1.2234	35.3	56.8
dDocent_Contig_30714	1	468	17	230	49.1453	4.30342	36	60
dDocent_Contig_30720	1	232	17	195	84.0517	9.74138	35.9	60
dDocent_Contig_30735	1	362	19	190	52.4862	6.33149	35.4	60
dDocent_Contig_30736	1	261	11	201	77.0115	4.24521	35.6	60
dDocent_Contig_30741	1	360	13	136	37.7778	3.88611	36.6	60
dDocent_Contig_30742	1	302	2	119	39.404	0.788079	36.9	60
dDocent_Contig_30743	1	434	9	211	48.6175	2.84332	35.5	60
dDocent_Contig_30747	1	357	11	178	49.8599	3.90196	35.4	60
dDocent_Contig_30753	1	287	13	246	85.7143	5.73519	35.5	60
dDocent_Contig_30756	1	350	5	124	35.4286	1.37143	36.8	60
dDocent_Contig_30757	1	441	2	123	27.8912	0.557823	36.9	60
dDocent_Contig_30758	1	445	2	137	30.7865	0.474157	36.7	60
dDocent_Contig_30765	1	366	47	196	53.5519	15.2869	34.7	57.3
dDocent_Contig_30766	1	355	8	242	68.169	2.45634	36.5	60
dDocent_Contig_30769	1	434	11	148	34.1014	2.71198	36.6	60
dDocent_Contig_30770	1	374	36	261	69.7861	11.8182	35.6	60
dDocent_Contig_30780	1	395	14	173	43.7975	4.15443	35.7	60
dDocent_Contig_30787	1	392	7	150	38.2653	2.53571	35.3	60
dDocent_Contig_30790	1	287	3	130	45.2962	1.12544	36.6	60
dDocent_Contig_30797	1	415	9	251	60.4819	2.67952	36.9	60
dDocent_Contig_30812	1	338	7	131	38.7574	2.42899	36	60
dDocent_Contig_30813	1	383	11	213	55.6136	3.79112	35.6	60
dDocent_Contig_30821	1	431	30	318	73.7819	7.89095	35.6	60
dDocent_Contig_30824	1	335	11	216	64.4776	4.45373	35.4	60
dDocent_Contig_30827	1	381	20	257	67.4541	5.2021	35.6	60
dDocent_Contig_30830	1	292	7	161	55.137	2.33562	36.1	60
dDocent_Contig_30844	1	299	45	267	89.2977	16.4147	35.6	58.3
dDocent_Contig_30847	1	338	9	240	71.0059	2.94379	34.7	60
dDocent_Contig_30857	1	327	24	280	85.6269	9.24771	35.6	58.4
dDocent_Contig_30858	1	385	6	161	41.8182	1.77143	35.4	60
dDocent_Contig_30863	1	394	9	158	40.1015	2.20051	35	60
dDocent_Contig_30864	1	413	2	103	24.9395	0.498789	36.9	60
dDocent_Contig_30871	1	339	43	246	72.5664	13.4395	35.2	58.8
dDocent_Contig_30872	1	282	107	280	99.2908	41.6135	36.3	59.3
dDocent_Contig_30875	1	310	7	305	98.3871	2.45484	35.7	43.6
dDocent_Contig_30876	1	387	24	201	51.938	7.78295	35.9	60
dDocent_Contig_30878	1	247	22	151	61.1336	10.1619	36.2	60
dDocent_Contig_30889	1	341	39	279	81.8182	15.3284	35.3	60
dDocent_Contig_30896	1	386	17	232	60.1036	5.26684	36.5	60
dDocent_Contig_30898	1	476	9	152	31.9328	1.96639	36.8	60
dDocent_Contig_30902	1	371	5	185	49.8652	1.50404	35.7	60
dDocent_Contig_30905	1	397	38	177	44.5844	11.4937	35.4	60
dDocent_Contig_30909	1	249	11	164	65.8635	3.80723	36.7	60
dDocent_Contig_30912	1	435	8	130	29.8851	2.1931	36	60
dDocent_Contig_30919	1	489	14	224	45.8078	3.2045	34.9	60
dDocent_Contig_30924	1	339	7	296	87.3156	2.30383	36.9	60
dDocent_Contig_30926	1	412	4	157	38.1068	1.45631	36.7	60
dDocent_Contig_30928	1	431	12	159	36.891	3.7123	35.5	60
dDocent_Contig_30935	1	374	16	256	68.4492	5.40374	35.7	60
dDocent_Contig_30937	1	374	6	162	43.3155	2.12032	35.6	60
dDocent_Contig_30938	1	309	13	228	73.7864	4.85761	36.5	60
dDocent_Contig_30944	1	412	22	218	52.9126	6.43932	36.1	59.7
dDocent_Contig_30946	1	303	540	217	71.6172	197.993	36.2	48.5
dDocent_Contig_30947	1	381	3	75	19.685	0.590551	36.9	60
dDocent_Contig_30949	1	335	38	333	99.403	12.791	36.3	59.8
dDocent_Contig_30954	1	404	18	301	74.505	5.74752	35.9	60
dDocent_Contig_30955	1	324	9	184	56.7901	3.51235	35.7	60
dDocent_Contig_30960	1	322	2	132	40.9938	0.819876	36.9	60
dDocent_Contig_30963	1	384	17	226	58.8542	5.01562	36.1	60
dDocent_Contig_30971	1	359	8	180	50.1393	2.93872	36.2	60
dDocent_Contig_30976	1	394	95	373	94.6701	30.2766	36.2	54.1
dDocent_Contig_30977	1	357	56	268	75.07	16.6555	36	59.9
dDocent_Contig_30978	1	418	7	241	57.6555	2.21292	36.7	60
dDocent_Contig_30979	1	293	41	218	74.4027	19.2253	35.9	59
dDocent_Contig_30980	1	366	12	177	48.3607	3.89891	36.3	60
dDocent_Contig_30987	1	394	30	200	50.7614	9.35533	35.6	60
dDocent_Contig_30989	1	319	2	95	29.7806	0.595611	33.7	60
dDocent_Contig_30992	1	436	13	166	38.0734	3.33486	35.3	60
dDocent_Contig_30997	1	409	12	188	45.9658	3.53301	36.2	60
dDocent_Contig_31002	1	303	5	132	43.5644	1.64356	36.3	60
dDocent_Contig_31014	1	281	2	115	40.9253	0.818505	36.8	60
dDocent_Contig_31015	1	346	8	154	44.5087	3.0578	35.7	60
dDocent_Contig_31022	1	410	40	362	88.2927	11.9878	35.5	60
dDocent_Contig_31024	1	329	17	164	49.848	7.06687	36.1	60
dDocent_Contig_31028	1	277	1	150	54.1516	0.541516	36.5	60
dDocent_Contig_31030	1	358	5	207	57.8212	1.65363	36.9	60
dDocent_Contig_31037	1	307	5	119	38.7622	1.42671	36.9	60
dDocent_Contig_31039	1	312	1	101	32.3718	0.323718	36.9	60
dDocent_Contig_31040	1	396	2	168	42.4242	0.757576	36.9	60
dDocent_Contig_31043	1	511	14	178	34.8337	3.17808	36.4	60
dDocent_Contig_31059	1	228	12	159	69.7368	6.5	36.3	60
dDocent_Contig_31064	1	318	10	174	54.717	3.30503	36.1	60
dDocent_Contig_31065	1	247	31	206	83.4008	15.1943	35.2	60
dDocent_Contig_31071	1	392	5	171	43.6224	1.33929	35.9	60
dDocent_Contig_31072	1	454	18	252	55.5066	4.82379	35.3	60
dDocent_Contig_31078	1	368	32	241	65.4891	9.43478	35.8	60
dDocent_Contig_31079	1	462	14	225	48.7013	3.79654	35.7	60
dDocent_Contig_31081	1	424	54	406	95.7547	15.6462	35.7	60
dDocent_Contig_31102	1	497	14	284	57.1429	3.13078	35.5	60
dDocent_Contig_31109	1	314	20	263	83.758	7.00955	35.5	60
dDocent_Contig_31116	1	447	3	88	19.6868	0.57047	37	60
dDocent_Contig_31119	1	374	17	178	47.5936	5.93583	36.1	60
dDocent_Contig_31139	1	313	8	145	46.3259	3.01278	36.1	60
dDocent_Contig_31140	1	461	27	219	47.5054	6.80043	35	60
dDocent_Contig_31141	1	377	27	300	79.5756	7.07692	36.1	60
dDocent_Contig_31142	1	350	2	123	35.1429	0.702857	37	60
dDocent_Contig_31148	1	303	14	287	94.7195	5.60726	36.2	58.2
dDocent_Contig_31161	1	399	12	243	60.9023	3.35338	36.4	60
dDocent_Contig_31167	1	374	8	155	41.4439	2.14439	36.4	52.5
dDocent_Contig_31169	1	386	28	122	31.6062	7.35751	35.7	59.8
dDocent_Contig_31179	1	407	46	219	53.8084	12.0246	36.5	60
dDocent_Contig_31185	1	413	20	168	40.678	4.82567	35.7	60
dDocent_Contig_31186	1	399	9	286	71.6792	2.68672	36.8	60
dDocent_Contig_31187	1	399	9	174	43.609	3.06266	35.6	60
dDocent_Contig_31190	1	421	16	262	62.2328	4.68646	35.6	60
dDocent_Contig_31201	1	379	18	173	45.6464	5.84169	35.9	60
dDocent_Contig_31202	1	418	1	113	27.0335	0.270335	36.9	60
dDocent_Contig_31210	1	267	37	248	92.8839	16.8052	35.2	60
dDocent_Contig_31211	1	417	13	211	50.5995	4.20863	34.4	60
dDocent_Contig_31220	1	393	24	162	41.2214	6.66667	35.5	60
dDocent_Contig_31238	1	470	15	172	36.5957	3.85957	36.2	60
dDocent_Contig_31246	1	417	6	234	56.1151	2.15827	33.3	60
dDocent_Contig_31253	1	383	5	142	37.0757	1.48825	36.8	60
dDocent_Contig_31257	1	289	31	207	71.6263	13.1938	35.1	60
dDocent_Contig_31260	1	250	17	191	76.4	9.012	36.4	60
dDocent_Contig_31270	1	353	2	128	36.2606	0.725212	37	60
dDocent_Contig_31273	1	365	15	247	67.6712	4.08767	36.6	60
dDocent_Contig_31275	1	372	6	214	57.5269	1.36559	35	60
dDocent_Contig_31276	1	361	33	267	73.9612	9.99723	35.3	60
dDocent_Contig_31277	1	351	15	219	62.3932	5.06553	33.6	60
dDocent_Contig_31281	1	381	19	172	45.1444	5.69291	36	60
dDocent_Contig_31283	1	309	15	137	44.3366	5.84466	36.3	60
dDocent_Contig_31284	1	357	5	163	45.6583	1.85154	35.1	60
dDocent_Contig_31286	1	377	20	261	69.2308	5.11936	36.8	60
dDocent_Contig_31295	1	373	10	188	50.4021	2.32976	36.4	60
dDocent_Contig_31296	1	340	10	179	52.6471	2.60882	36.9	60
dDocent_Contig_31297	1	436	3	150	34.4037	0.784404	36.9	60
dDocent_Contig_31306	1	362	9	129	35.6354	2.70166	36.7	60
dDocent_Contig_31308	1	437	16	227	51.9451	4.37071	36.3	60
dDocent_Contig_31315	1	358	6	191	53.352	2.11732	36.7	60
dDocent_Contig_31318	1	386	22	265	68.6528	7	34.5	60
dDocent_Contig_31319	1	345	14	189	54.7826	5.16522	35.3	60
dDocent_Contig_31330	1	362	14	253	69.8895	4.5442	36.7	60
dDocent_Contig_31334	1	364	39	241	66.2088	12.6786	36	60
dDocent_Contig_31340	1	299	3	138	46.1538	1.38462	36.8	60
dDocent_Contig_31341	1	378	19	209	55.291	4.80159	36.7	60
dDocent_Contig_31342	1	516	13	197	38.1783	2.93798	36.1	60
dDocent_Contig_31343	1	403	4	106	26.3027	0.83871	36.8	60
dDocent_Contig_31346	1	437	9	165	37.7574	1.72998	35.7	59.2
dDocent_Contig_31347	1	392	4	112	28.5714	1.10714	36.3	60
dDocent_Contig_31353	1	410	5	96	23.4146	1.11951	35.5	60
dDocent_Contig_31355	1	403	6	124	30.7692	1.33499	36.9	60
dDocent_Contig_31356	1	338	16	195	57.6923	5.76627	35	60
dDocent_Contig_31362	1	344	17	220	63.9535	5.20058	35.2	60
dDocent_Contig_31366	1	362	3	121	33.4254	0.68232	37	60
dDocent_Contig_31374	1	253	5	103	40.7115	1.65613	36.8	60
dDocent_Contig_31384	1	396	174	315	79.5455	48.5152	36	42.5
dDocent_Contig_31386	1	351	14	286	81.4815	4.60684	34.9	60
dDocent_Contig_31387	1	355	6	190	53.5211	2.19718	36.5	60
dDocent_Contig_31400	1	312	27	175	56.0897	10.7564	34.5	59.3
dDocent_Contig_31404	1	384	4	150	39.0625	1.54167	34.1	60
dDocent_Contig_31406	1	411	5	128	31.1436	1.55718	35.4	60
dDocent_Contig_31407	1	368	2	288	78.2609	0.782609	36.5	60
dDocent_Contig_31411	1	272	2	122	44.8529	0.897059	37	60
dDocent_Contig_31423	1	395	9	166	42.0253	2.82025	36.3	60
dDocent_Contig_31434	1	406	39	252	62.069	12.6502	35.5	60
dDocent_Contig_31435	1	388	10	174	44.8454	2.53608	34.3	60
dDocent_Contig_31441	1	347	9	195	56.196	2.86455	36.4	60
dDocent_Contig_31442	1	315	12	185	58.7302	5.10794	35.8	60
dDocent_Contig_31453	1	399	3	183	45.8647	0.962406	36.7	60
dDocent_Contig_31456	1	364	5	151	41.4835	1.47253	36.7	60
dDocent_Contig_31466	1	387	6	166	42.8941	2.18088	34.8	60
dDocent_Contig_31468	1	360	15	256	71.1111	5.70278	36.1	60
dDocent_Contig_31471	1	415	207	355	85.5422	57.759	35.6	59.4
dDocent_Contig_31482	1	377	16	140	37.1353	4.43767	35.7	60
dDocent_Contig_31486	1	336	7	164	48.8095	1.61905	36.7	60
dDocent_Contig_31487	1	331	9	143	43.2024	2.74622	35.8	60
dDocent_Contig_31489	1	293	28	180	61.4334	11.256	35.6	59.9
dDocent_Contig_31490	1	391	9	249	63.6829	3.0844	36.7	60
dDocent_Contig_31492	1	324	15	212	65.4321	4.98765	36.1	60
dDocent_Contig_31496	1	413	14	236	57.1429	4.13801	35.9	60
dDocent_Contig_31502	1	434	8	231	53.2258	2.43318	36.7	60
dDocent_Contig_31504	1	484	9	246	50.8264	1.66736	36.8	55.6
dDocent_Contig_31505	1	466	6	129	27.6824	1.40129	36.2	60
dDocent_Contig_31511	1	398	11	244	61.3065	3.5603	35.7	60
dDocent_Contig_31514	1	348	13	137	39.3678	4.03736	36.5	60
dDocent_Contig_31516	1	402	6	298	74.1294	2.06219	36.6	60
dDocent_Contig_31534	1	475	7	293	61.6842	1.69263	36.8	60
dDocent_Contig_31537	1	367	2	136	37.0572	0.741144	36.7	60
dDocent_Contig_31538	1	347	15	189	54.4669	4.27666	36	60
dDocent_Contig_31539	1	446	19	263	58.9686	5.30045	36	60
dDocent_Contig_31540	1	290	11	132	45.5172	3.58966	36.8	60
dDocent_Contig_31545	1	374	36	294	78.6096	12.1925	36.1	60
dDocent_Contig_31550	1	382	12	275	71.9895	2.98953	36.2	60
dDocent_Contig_31553	1	390	226	256	65.641	77.2538	35.5	60
dDocent_Contig_31559	1	367	36	198	53.951	11.8011	35.7	58.3
dDocent_Contig_31566	1	399	38	398	99.7494	10.1128	36.3	54.8
dDocent_Contig_31568	1	452	8	275	60.8407	1.78982	34.4	60
dDocent_Contig_31571	1	401	27	163	40.6484	7.6808	35.2	60
dDocent_Contig_31572	1	400	17	251	62.75	5.06	35.6	60
dDocent_Contig_31577	1	452	4	126	27.8761	0.710177	36.7	60
dDocent_Contig_31580	1	323	2	75	23.2198	0.464396	37	60
dDocent_Contig_31589	1	382	4	166	43.4555	1.26702	36.8	60
dDocent_Contig_31594	1	351	5	178	50.7123	1.40456	36.4	60
dDocent_Contig_31600	1	293	12	203	69.2833	4.38908	35.4	60
dDocent_Contig_31601	1	384	15	194	50.5208	5.40104	36.6	60
dDocent_Contig_31604	1	377	23	375	99.4695	6.85942	36.1	57.4
dDocent_Contig_31630	1	476	11	202	42.437	3.02311	35.3	60
dDocent_Contig_31632	1	332	8	170	51.2048	1.99096	35.6	60
dDocent_Contig_31641	1	366	28	234	63.9344	9.18306	35.7	60
dDocent_Contig_31642	1	357	10	149	41.7367	2.80952	36.3	60
dDocent_Contig_31650	1	413	1	145	35.109	0.35109	36.8	60
dDocent_Contig_31655	1	346	18	170	49.1329	5.24277	35.5	60
dDocent_Contig_31660	1	321	4	195	60.7477	1.78193	36.8	60
dDocent_Contig_31669	1	362	6	188	51.9337	2.24862	36.9	60
dDocent_Contig_31700	1	358	5	183	51.1173	1.65642	36	60
dDocent_Contig_31701	1	395	39	192	48.6076	12.4481	35.9	60
dDocent_Contig_31702	1	297	9	204	68.6869	3.74411	36	60
dDocent_Contig_31703	1	374	539	351	93.8503	172.965	36.1	44.4
dDocent_Contig_31708	1	454	9	200	44.0529	2.41189	35.3	60
dDocent_Contig_31718	1	408	14	217	53.1863	5.07353	35.6	60
dDocent_Contig_31731	1	375	18	269	71.7333	5.45333	36.2	60
dDocent_Contig_31736	1	501	16	418	83.4331	4.38523	35.8	60
dDocent_Contig_31739	1	393	44	229	58.2697	12.9771	35.7	60
dDocent_Contig_31741	1	456	4	128	28.0702	1.0614	36.9	60
dDocent_Contig_31749	1	321	27	249	77.5701	10.2804	35.8	59.2
dDocent_Contig_31753	1	349	2	77	22.063	0.441261	36.8	60
dDocent_Contig_31764	1	436	147	435	99.7706	32.8165	34.8	48.3
dDocent_Contig_31765	1	481	28	446	92.7235	6.48025	35.7	51.8
dDocent_Contig_31768	1	293	10	159	54.2662	5.11263	34	60
dDocent_Contig_31790	1	320	11	123	38.4375	3.68125	35.2	60
dDocent_Contig_31793	1	376	4	144	38.2979	1.25	34.2	60
dDocent_Contig_31798	1	339	7	232	68.4366	1.56342	36.9	59.4
dDocent_Contig_31807	1	325	22	234	72	8.35077	36.2	60
dDocent_Contig_31808	1	416	3	198	47.5962	1.07212	35.1	60
dDocent_Contig_31809	1	373	65	275	73.7265	21.8767	35.7	60
dDocent_Contig_31810	1	299	2	121	40.4682	0.809365	36.7	60
dDocent_Contig_31824	1	448	8	311	69.4196	1.84375	36.6	60
dDocent_Contig_31830	1	402	10	181	45.0249	2.75871	33.3	60
dDocent_Contig_31834	1	380	11	163	42.8947	3.42895	36.5	60
dDocent_Contig_31837	1	375	8	187	49.8667	1.84	36.7	60
dDocent_Contig_31845	1	361	4	188	52.0776	1.50139	36.1	60
dDocent_Contig_31847	1	448	34	172	38.3929	7.73661	35.8	60
dDocent_Contig_31856	1	340	26	195	57.3529	5.30588	35.6	60
dDocent_Contig_31859	1	430	8	110	25.5814	2.04419	35.1	60
dDocent_Contig_31862	1	328	15	230	70.122	6.38415	35.8	56.3
dDocent_Contig_31864	1	419	10	293	69.9284	2.88783	36.6	60
dDocent_Contig_31866	1	387	33	120	31.0078	8.78553	33.9	60
dDocent_Contig_31868	1	388	26	189	48.7113	7.53866	36.6	60
dDocent_Contig_31869	1	351	5	120	34.188	1.2792	36.7	60
dDocent_Contig_31870	1	275	9	221	80.3636	4.54909	35.3	60
dDocent_Contig_31871	1	382	2	188	49.2147	0.78534	35.4	60
dDocent_Contig_31876	1	407	10	314	77.1499	2.79361	36.4	60
dDocent_Contig_31877	1	236	4	101	42.7966	1.5678	36.3	42.5
dDocent_Contig_31878	1	375	31	248	66.1333	10.4187	34.8	60
dDocent_Contig_31883	1	381	17	222	58.2677	5.02625	35.4	60
dDocent_Contig_31886	1	363	9	154	42.4242	2.4573	35.7	60
dDocent_Contig_31890	1	390	19	325	83.3333	5.98205	36.3	60
dDocent_Contig_31891	1	381	4	169	44.357	1.44357	34.8	60
dDocent_Contig_31893	1	368	13	161	43.75	3.83424	35.8	60
dDocent_Contig_31915	1	388	19	275	70.8763	5.8067	35.9	60
dDocent_Contig_31916	1	365	48	362	99.1781	14.6712	35.9	60
dDocent_Contig_31918	1	337	5	111	32.9377	1.47774	36	60
dDocent_Contig_31921	1	456	13	212	46.4912	4.27412	35.9	60
dDocent_Contig_31935	1	426	11	296	69.4836	2.42254	36.3	57.8
dDocent_Contig_31937	1	349	15	191	54.7278	5.46418	35.5	60
dDocent_Contig_31948	1	342	11	160	46.7836	3.42398	35.5	60
dDocent_Contig_31959	1	402	9	265	65.9204	3.08955	34.4	60
dDocent_Contig_31961	1	364	13	174	47.8022	4.53846	35.8	60
dDocent_Contig_31978	1	349	4	122	34.957	1.22636	36.9	60
dDocent_Contig_31984	1	314	5	173	55.0955	1.74841	35.3	60
dDocent_Contig_31986	1	383	17	181	47.2585	5.98433	35	60
dDocent_Contig_31989	1	431	10	350	81.2065	2.62645	36.4	55.1
dDocent_Contig_31995	1	384	9	297	77.3438	3.24479	35.2	60
dDocent_Contig_31996	1	263	14	183	69.5817	7.62738	34.8	60
dDocent_Contig_31998	1	400	17	303	75.75	4.425	36.4	46.8
dDocent_Contig_31999	1	364	14	236	64.8352	4.56044	34.6	60
dDocent_Contig_32000	1	390	9	196	50.2564	2.59487	36.8	60
dDocent_Contig_32012	1	422	2	72	17.0616	0.341232	36.7	60
dDocent_Contig_32013	1	349	11	177	50.7163	4.00287	34.5	60
dDocent_Contig_32019	1	291	15	223	76.6323	5.82474	36.1	60
dDocent_Contig_32034	1	365	15	177	48.4932	5.35068	36.6	60
dDocent_Contig_32039	1	406	19	222	54.6798	4.81281	35.6	60
dDocent_Contig_32054	1	336	4	165	49.1071	1.16667	36.3	60
dDocent_Contig_32077	1	358	34	253	70.6704	11.2961	35.3	60
dDocent_Contig_32078	1	393	16	305	77.6081	4.63613	35.8	60
dDocent_Contig_32087	1	463	35	199	42.9806	9.31965	35.8	60
dDocent_Contig_32093	1	383	21	226	59.0078	5.55875	35.3	60
dDocent_Contig_32095	1	376	19	220	58.5106	6.23138	36.5	60
dDocent_Contig_32101	1	351	6	211	60.114	2.19943	34.8	60
dDocent_Contig_32105	1	329	1	97	29.4833	0.294833	36.9	60
dDocent_Contig_32106	1	406	7	150	36.9458	2.23892	35.8	60
dDocent_Contig_32108	1	372	21	214	57.5269	6.42473	36.2	60
dDocent_Contig_32110	1	389	14	174	44.7301	4.16452	36.6	60
dDocent_Contig_32111	1	366	16	163	44.5355	4.95902	35.9	60
dDocent_Contig_32116	1	316	1	135	42.7215	0.427215	36.6	60
dDocent_Contig_32117	1	331	3	101	30.5136	0.915408	35.9	60
dDocent_Contig_32118	1	250	7	146	58.4	2.608	36.2	60
dDocent_Contig_32127	1	320	16	152	47.5	4.49375	36.6	60
dDocent_Contig_32128	1	411	10	190	46.2287	3.16058	35.8	60
dDocent_Contig_32152	1	454	5	189	41.63	1.10132	36.3	60
dDocent_Contig_32157	1	404	5	176	43.5644	1.2896	35.9	60
dDocent_Contig_32165	1	409	1455	409	100	401.609	36.2	58.4
dDocent_Contig_32167	1	378	38	218	57.672	11.6693	35.6	60
dDocent_Contig_32171	1	364	5	270	74.1758	1.58242	36.8	60
dDocent_Contig_32174	1	345	5	160	46.3768	2.07536	36.4	60
dDocent_Contig_32175	1	330	9	215	65.1515	3.10909	36	60
dDocent_Contig_32176	1	472	12	394	83.4746	3.49576	36.1	60
dDocent_Contig_32185	1	386	42	257	66.5803	12.2617	35.6	60
dDocent_Contig_32186	1	325	7	173	53.2308	2.03692	36	56.6
dDocent_Contig_32189	1	355	11	335	94.3662	4.16056	35.9	60
dDocent_Contig_32192	1	420	10	180	42.8571	2.82857	36.7	60
dDocent_Contig_32222	1	290	14	168	57.931	5.12069	35.5	60
dDocent_Contig_32227	1	300	18	215	71.6667	7.46333	35.7	60
dDocent_Contig_32228	1	498	7	171	34.3373	1.56024	36.7	60
dDocent_Contig_32232	1	341	9	183	53.6657	3.02639	36.5	60
dDocent_Contig_32233	1	402	1	108	26.8657	0.268657	33.9	60
dDocent_Contig_32254	1	310	14	255	82.2581	5.61935	36.2	60
dDocent_Contig_32255	1	383	11	195	50.9138	3.02872	35.8	59.1
dDocent_Contig_32260	1	361	10	121	33.518	2.90859	36.8	60
dDocent_Contig_32276	1	420	12	206	49.0476	2.76667	35.5	60
dDocent_Contig_32296	1	342	9	202	59.0643	3.28655	36.8	60
dDocent_Contig_32297	1	374	14	258	68.984	4.68984	36.1	60
dDocent_Contig_32300	1	358	7	307	85.7542	2.7067	36.9	60
dDocent_Contig_32301	1	319	12	200	62.6959	4.5674	35.1	60
dDocent_Contig_32311	1	407	3	113	27.7641	0.832924	33.3	60
dDocent_Contig_32314	1	333	11	173	51.952	4.75075	33.7	60
dDocent_Contig_32316	1	390	8	242	62.0513	2.60769	36.5	60
dDocent_Contig_32321	1	301	45	300	99.6678	18.0199	35.5	60
dDocent_Contig_32322	1	301	7	175	58.1395	2.66445	36.7	60
dDocent_Contig_32332	1	410	12	135	32.9268	3.39756	36.4	60
dDocent_Contig_32333	1	377	26	218	57.8249	9.50928	35.1	60
dDocent_Contig_32340	1	382	41	324	84.8168	13.2565	35.8	60
dDocent_Contig_32350	1	397	26	172	43.3249	7.1461	35.4	57.5
dDocent_Contig_32351	1	467	49	231	49.4647	13.1777	35.2	56.8
dDocent_Contig_32352	1	415	21	167	40.241	5.57831	35.9	60
dDocent_Contig_32356	1	470	24	236	50.2128	7.18511	35.4	60
dDocent_Contig_32362	1	438	23	206	47.032	6.91324	34.8	60
dDocent_Contig_32381	1	438	7	152	34.7032	1.97489	35.4	60
dDocent_Contig_32388	1	384	14	178	46.3542	4.0625	35.3	60
dDocent_Contig_32390	1	289	20	243	84.083	8.30796	34.6	56.1
dDocent_Contig_32399	1	379	9	165	43.5356	2.04749	36.5	60
dDocent_Contig_32407	1	379	7	146	38.5224	2.19789	35.5	60
dDocent_Contig_32413	1	363	14	209	57.5758	4.86501	34.9	60
dDocent_Contig_32417	1	382	6	213	55.7592	1.67539	36.9	60
dDocent_Contig_32420	1	398	6	134	33.6683	1.10553	36.7	60
dDocent_Contig_32421	1	458	9	130	28.3843	2.15284	35.7	60
dDocent_Contig_32422	1	296	8	237	80.0676	2.77365	36.7	60
dDocent_Contig_32427	1	372	8	128	34.4086	2.51075	36.6	60
dDocent_Contig_32433	1	263	4	124	47.1483	1.73384	35.9	60
dDocent_Contig_32438	1	393	14	318	80.916	4.0458	36.1	52.1
dDocent_Contig_32443	1	360	15	333	92.5	4.95833	35.9	57.7
dDocent_Contig_32444	1	374	17	254	67.9144	4.7139	36.7	53.1
dDocent_Contig_32446	1	414	8	114	27.5362	2.20048	33.9	60
dDocent_Contig_32453	1	368	25	340	92.3913	7.1875	36.2	52.1
dDocent_Contig_32454	1	299	10	162	54.1806	3.19732	36.8	60
dDocent_Contig_32455	1	516	2	73	14.1473	0.282946	36.2	60
dDocent_Contig_32462	1	406	11	290	71.4286	3.38916	35.1	60
dDocent_Contig_32467	1	245	11	122	49.7959	4.73469	33.9	60
dDocent_Contig_32509	1	317	60	315	99.3691	26.6562	34.8	60
dDocent_Contig_32510	1	372	7	178	47.8495	2.64516	36.1	60
dDocent_Contig_32511	1	339	16	215	63.4218	5.90265	36.6	60
dDocent_Contig_32513	1	249	11	220	88.3534	6.29719	35.8	60
dDocent_Contig_32516	1	344	4	110	31.9767	1.27907	36.7	60
dDocent_Contig_32517	1	268	1	114	42.5373	0.425373	36.9	60
dDocent_Contig_32521	1	438	8	207	47.2603	2.45662	36.5	60
dDocent_Contig_32523	1	362	9	110	30.3867	2.52762	35.6	60
dDocent_Contig_32526	1	349	14	254	72.7794	4.84241	36.4	60
dDocent_Contig_32529	1	357	3	165	46.2185	0.820728	36.6	60
dDocent_Contig_32530	1	368	8	137	37.2283	2.31793	36.4	60
dDocent_Contig_32531	1	507	5	196	38.6588	1.12426	35.8	60
dDocent_Contig_32533	1	349	6	209	59.8854	2.18052	36.8	60
dDocent_Contig_32534	1	349	16	197	56.447	5.46991	36.6	60
dDocent_Contig_32549	1	361	13	157	43.4903	3.99169	35.1	60
dDocent_Contig_32558	1	421	6	237	56.2945	1.71496	36.8	60
dDocent_Contig_32577	1	418	11	118	28.2297	2.80622	36.8	27.4
dDocent_Contig_32585	1	309	3	171	55.3398	1.05825	36.9	49.7
dDocent_Contig_32589	1	421	78	338	80.285	19.7078	36	37.2
dDocent_Contig_32598	1	375	34	304	81.0667	10.8133	36.3	35.3
dDocent_Contig_32603	1	396	20	269	67.9293	6.20202	35.3	57.6
dDocent_Contig_32611	1	393	10	186	47.3282	3.09415	36.3	60
dDocent_Contig_32615	1	281	12	214	76.1566	4.39146	35.6	60
dDocent_Contig_32631	1	264	8	176	66.6667	3.7197	35.8	60
dDocent_Contig_32640	1	437	30	184	42.1053	8.46453	36.4	60
dDocent_Contig_32644	1	386	9	295	76.4249	2.95596	36.6	60
dDocent_Contig_32645	1	393	14	231	58.7786	3.36387	36.5	60
dDocent_Contig_32649	1	277	7	169	61.0108	3.68231	36.7	60
dDocent_Contig_32653	1	363	1	83	22.865	0.22865	36	60
dDocent_Contig_32664	1	377	3	102	27.0557	0.535809	34.1	60
dDocent_Contig_32665	1	322	8	159	49.3789	3.46584	34.9	60
dDocent_Contig_32673	1	411	11	371	90.2676	3.47689	36.8	60
dDocent_Contig_32677	1	352	32	196	55.6818	10.517	35.9	60
dDocent_Contig_32678	1	370	3	123	33.2432	0.856757	36.9	60
dDocent_Contig_32681	1	443	10	232	52.3702	2.56433	36.6	60
dDocent_Contig_32694	1	380	20	275	72.3684	7.39474	34.7	60
dDocent_Contig_32695	1	407	20	197	48.4029	5.10811	36.8	58.5
dDocent_Contig_32697	1	403	7	189	46.8983	2.46898	36.5	60
dDocent_Contig_32701	1	427	12	345	80.7963	3.69321	35.5	60
dDocent_Contig_32705	1	494	12	170	34.413	2.4332	35.6	57.9
dDocent_Contig_32710	1	416	26	202	48.5577	7.22115	35.1	60
dDocent_Contig_32721	1	515	258	438	85.0485	63.765	36	35.1
dDocent_Contig_32722	1	253	820	251	99.2095	363.024	35.7	59.1
dDocent_Contig_32723	1	362	373	323	89.2265	119.428	35.6	40.5
dDocent_Contig_32724	1	392	154	375	95.6633	42.5	36.2	57.7
dDocent_Contig_32725	1	390	219	381	97.6923	65.5513	35.4	59.9
dDocent_Contig_32726	1	278	3	112	40.2878	1.05036	37	60
dDocent_Contig_32727	1	462	1007	387	83.7662	265.097	35.7	49.2
dDocent_Contig_32731	1	335	11	292	87.1642	3.91343	36.4	60
dDocent_Contig_32733	1	395	20	324	82.0253	5.1443	36	51.5
dDocent_Contig_32739	1	347	12	145	41.7867	3.85014	35.8	60
dDocent_Contig_32756	1	294	2	114	38.7755	0.77551	37	60
dDocent_Contig_32764	1	305	16	169	55.4098	6.76721	35.4	60
dDocent_Contig_32775	1	462	5	117	25.3247	1.20996	35.3	60
dDocent_Contig_32783	1	381	8	303	79.5276	2.34646	36	60
dDocent_Contig_32788	1	362	6	233	64.3646	1.71547	35.1	60
dDocent_Contig_32799	1	360	14	232	64.4444	4.05833	36.7	60
dDocent_Contig_32802	1	286	9	244	85.3147	3.28671	36.8	60
dDocent_Contig_32832	1	443	10	179	40.4063	2.33183	36.5	60
dDocent_Contig_32833	1	463	22	211	45.5724	6.10799	35.7	60
dDocent_Contig_32842	1	362	384	252	69.6133	110.439	35.8	39.9
dDocent_Contig_32852	1	364	10	196	53.8462	3.26374	35.3	60
dDocent_Contig_32859	1	363	17	191	52.6171	5.38292	34.6	60
dDocent_Contig_32888	1	337	19	251	74.4807	7.5638	35.8	60
dDocent_Contig_32889	1	348	4	219	62.931	1.63218	37	60
dDocent_Contig_32902	1	359	3	162	45.1253	0.601671	36.8	60
dDocent_Contig_32906	1	428	40	218	50.9346	10.8131	35.5	60
dDocent_Contig_32908	1	391	4	162	41.4322	1.30435	36.5	60
dDocent_Contig_32909	1	301	10	135	44.8505	3.41528	35.6	54.4
dDocent_Contig_32910	1	343	2	106	30.9038	0.618076	36.9	60
dDocent_Contig_32911	1	381	432	340	89.2388	135.609	36.2	59.9
dDocent_Contig_32918	1	338	13	234	69.2308	4.95562	35.6	60
dDocent_Contig_32929	1	276	3	157	56.8841	1.63043	36.8	60
dDocent_Contig_32931	1	449	15	289	64.3653	4.32739	35.3	60
dDocent_Contig_32935	1	396	8	109	27.5253	1.98485	36.7	60
dDocent_Contig_32949	1	392	4	197	50.2551	1.29592	36.8	60
dDocent_Contig_32950	1	330	44	251	76.0606	16.3788	35.4	60
dDocent_Contig_32951	1	347	2	90	25.9366	0.518732	36.8	60
dDocent_Contig_32952	1	474	17	348	73.4177	4.01688	36.3	56.5
dDocent_Contig_32956	1	412	8	157	38.1068	2.34951	35.8	60
dDocent_Contig_32970	1	393	41	252	64.1221	12.5013	36.3	56.1
dDocent_Contig_32981	1	348	17	248	71.2644	5.1408	36	50.8
dDocent_Contig_32990	1	340	9	161	47.3529	3.14412	35.8	60
dDocent_Contig_32991	1	343	19	206	60.0583	7.62391	35.8	60
dDocent_Contig_32992	1	376	34	217	57.7128	11.6569	35.2	60
dDocent_Contig_33001	1	317	6	234	73.817	2.07256	35.9	60
dDocent_Contig_33004	1	398	13	206	51.7588	3.84673	35.7	60
dDocent_Contig_33015	1	364	66	298	81.8681	20.9148	36	36
dDocent_Contig_33023	1	409	6	190	46.4548	1.7824	36.5	60
dDocent_Contig_33026	1	410	22	214	52.1951	6.90244	35.4	60
dDocent_Contig_33027	1	357	8	116	32.493	1.98319	35.6	60
dDocent_Contig_33034	1	363	29	193	53.168	9.93113	36.1	60
dDocent_Contig_33039	1	383	12	129	33.6815	3.17493	35.2	60
dDocent_Contig_33042	1	331	31	197	59.5166	11.8429	35.4	60
dDocent_Contig_33043	1	303	21	212	69.967	8.60396	35.5	60
dDocent_Contig_33055	1	349	4	152	43.553	1.17479	36.3	60
dDocent_Contig_33058	1	439	15	254	57.8588	4.4533	36.5	60
dDocent_Contig_33060	1	385	9	216	56.1039	2.88312	36.3	60
dDocent_Contig_33065	1	347	8	115	33.1412	1.74352	36.3	60
dDocent_Contig_33067	1	354	28	238	67.2316	9.62994	35.9	60
dDocent_Contig_33076	1	393	7	174	44.2748	1.72774	36.8	55.4
dDocent_Contig_33080	1	413	8	193	46.7312	2.63438	35.6	60
dDocent_Contig_33082	1	462	29	337	72.9437	8.21645	35.4	57.6
dDocent_Contig_33083	1	280	12	218	77.8571	4.36071	36.3	57.4
dDocent_Contig_33088	1	373	13	165	44.2359	5.07775	35.5	60
dDocent_Contig_33089	1	388	4	186	47.9381	1.14948	36.7	60
dDocent_Contig_33090	1	341	2	140	41.0557	0.821114	36.9	60
dDocent_Contig_33093	1	310	57	210	67.7419	26.7129	35.3	60
dDocent_Contig_33098	1	411	42	136	33.09	11.2384	35.8	60
dDocent_Contig_33099	1	369	21	211	57.1816	7.22493	36.1	60
dDocent_Contig_33107	1	430	23	223	51.8605	7.08372	35.5	60
dDocent_Contig_33109	1	503	4	217	43.1412	1.0338	36.9	60
dDocent_Contig_33113	1	353	9	241	68.272	3.24079	35.3	60
dDocent_Contig_33125	1	351	37	255	72.6496	11.3219	35.3	60
dDocent_Contig_33128	1	316	4	102	32.2785	1.29114	36.8	60
dDocent_Contig_33136	1	266	15	249	93.609	5.41353	36.9	56.7
dDocent_Contig_33137	1	313	4	115	36.7412	1.46965	36.8	60
dDocent_Contig_33147	1	373	1	99	26.5416	0.265416	36.9	60
dDocent_Contig_33150	1	313	5	167	53.3546	1.42492	36.7	60
dDocent_Contig_33152	1	249	15	205	82.3293	8.10442	36.2	60
dDocent_Contig_33153	1	378	18	198	52.381	5.16402	36.8	60
dDocent_Contig_33157	1	361	8	120	33.241	2.65928	35	22.1
dDocent_Contig_33162	1	305	4	117	38.3607	1.37049	36.8	60
dDocent_Contig_33163	1	329	177	327	99.3921	61.6748	35.9	55.5
dDocent_Contig_33170	1	338	10	120	35.503	3.01183	36.1	41.3
dDocent_Contig_33173	1	420	19	332	79.0476	5.29524	36.4	60
dDocent_Contig_33174	1	349	48	219	62.7507	16.5014	35.2	60
dDocent_Contig_33191	1	325	245	322	99.0769	93.3354	35.9	59.6
dDocent_Contig_33206	1	374	12	244	65.2406	4.27273	35.6	60
dDocent_Contig_33207	1	387	12	183	47.2868	3.07235	36.1	60
dDocent_Contig_33208	1	377	4	195	51.7241	1.29973	36.9	60
dDocent_Contig_33211	1	249	15	153	61.4458	6.36546	36.5	60
dDocent_Contig_33217	1	398	9	242	60.804	2.70101	36.8	60
dDocent_Contig_33219	1	480	8	211	43.9583	1.78333	35.7	60
dDocent_Contig_33220	1	322	7	147	45.6522	1.87888	36.8	60
dDocent_Contig_33221	1	395	5	148	37.4684	1.47848	36.6	60
dDocent_Contig_33223	1	407	8	241	59.2138	1.87224	36.6	60
dDocent_Contig_33226	1	365	10	281	76.9863	3.5726	35.1	56
dDocent_Contig_33230	1	349	16	291	83.3811	6.24069	36.1	60
dDocent_Contig_33231	1	390	4	284	72.8205	1.53846	36.6	60
dDocent_Contig_33232	1	363	2	146	40.2204	0.804408	36.9	60
dDocent_Contig_33237	1	377	20	334	88.5942	6.01592	36.3	53.1
dDocent_Contig_33239	1	407	25	205	50.3686	7.89926	35.1	60
dDocent_Contig_33243	1	395	14	182	46.0759	4.38987	35.8	60
dDocent_Contig_33250	1	282	3	152	53.9007	1.11702	36.6	60
dDocent_Contig_33251	1	422	23	215	50.9479	6.57346	36.2	60
dDocent_Contig_33255	1	321	12	283	88.162	4.26168	34.7	60
dDocent_Contig_33263	1	393	2	198	50.3817	0.763359	36.7	60
dDocent_Contig_33279	1	405	5	192	47.4074	1.58272	36.5	60
dDocent_Contig_33280	1	349	21	312	89.3983	7.0745	35.7	60
dDocent_Contig_33282	1	404	11	293	72.5248	3.58168	36.5	60
dDocent_Contig_33287	1	372	11	246	66.129	3.26075	36.6	60
dDocent_Contig_33289	1	462	8	295	63.8528	2.1039	36.4	60
dDocent_Contig_33290	1	313	43	265	84.6645	17.7604	35.4	60
dDocent_Contig_33307	1	421	15	197	46.7933	5.29216	33.8	60
dDocent_Contig_33314	1	335	6	186	55.5224	2.38806	36.9	60
dDocent_Contig_33315	1	380	1	79	20.7895	0.207895	36.8	35
dDocent_Contig_33316	1	248	22	247	99.5968	10.2258	35.6	60
dDocent_Contig_33326	1	292	16	166	56.8493	5.92466	36.7	60
dDocent_Contig_33331	1	393	34	271	68.9567	11.0814	35.4	57.9
dDocent_Contig_33339	1	412	9	225	54.6117	2.70874	35.5	60
dDocent_Contig_33340	1	301	15	254	84.3854	5.96678	36	60
dDocent_Contig_33341	1	395	21	306	77.4684	6.09367	36.2	60
dDocent_Contig_33346	1	421	59	299	71.0214	15.4822	36.6	56.8
dDocent_Contig_33361	1	407	8	214	52.5799	2.63145	35	60
dDocent_Contig_33362	1	324	6	198	61.1111	2.04938	36.9	60
dDocent_Contig_33364	1	369	16	201	54.4715	5.40379	35	60
dDocent_Contig_33368	1	345	7	202	58.5507	2.6058	36.7	60
dDocent_Contig_33376	1	446	11	111	24.8879	2.60762	36.5	60
dDocent_Contig_33382	1	374	1423	374	100	451.353	36.1	55.5
dDocent_Contig_33390	1	387	8	161	41.6021	2.59948	35.6	60
dDocent_Contig_33404	1	311	4	195	62.701	1.29904	36.9	60
dDocent_Contig_33410	1	402	10	213	52.9851	2.66418	36.1	60
dDocent_Contig_33413	1	330	18	247	74.8485	7.72727	35.4	60
dDocent_Contig_33419	1	435	35	193	44.3678	9.57931	35.9	60
dDocent_Contig_33421	1	349	6	214	61.3181	1.67908	36.7	60
dDocent_Contig_33429	1	319	12	241	75.5486	5.41066	35.5	60
dDocent_Contig_33439	1	370	8	158	42.7027	2.81622	35.6	60
dDocent_Contig_33443	1	360	24	174	48.3333	7.78889	36	60
dDocent_Contig_33447	1	413	276	406	98.3051	80.5956	36.1	59.4
dDocent_Contig_33449	1	276	390	275	99.6377	175.982	35.9	59.7
dDocent_Contig_33461	1	310	18	208	67.0968	5.10323	36.4	56.4
dDocent_Contig_33469	1	294	5	151	51.3605	1.78571	36.9	60
dDocent_Contig_33470	1	457	18	211	46.1707	4.76368	36.2	60
dDocent_Contig_33472	1	424	11	333	78.5377	2.9033	35.3	60
dDocent_Contig_33473	1	366	7	203	55.4645	1.9153	36.8	60
dDocent_Contig_33480	1	272	104	262	96.3235	45.8015	36.1	51.9
dDocent_Contig_33481	1	357	18	195	54.6218	5.30252	35.2	59.9
dDocent_Contig_33489	1	399	19	150	37.594	4.57644	36	59.9
dDocent_Contig_33491	1	363	44	299	82.3691	15.8512	36	57.7
dDocent_Contig_33502	1	421	14	227	53.9192	3.52019	35.6	60
dDocent_Contig_33504	1	415	5	115	27.7108	1.38554	34.6	60
dDocent_Contig_33505	1	398	19	149	37.4372	5.4397	34.6	60
dDocent_Contig_33508	1	441	9	153	34.6939	2.28118	36.7	60
dDocent_Contig_33517	1	420	4	165	39.2857	0.819048	36.9	60
dDocent_Contig_33518	1	324	6	145	44.7531	2.21914	36.8	60
dDocent_Contig_33525	1	287	25	196	68.2927	10.6132	35.5	60
dDocent_Contig_33532	1	347	10	188	54.1787	3.12968	36.4	60
dDocent_Contig_33533	1	381	11	205	53.8058	3.47244	35.9	60
dDocent_Contig_33537	1	338	12	294	86.9822	4.05917	35.9	60
dDocent_Contig_33546	1	345	47	250	72.4638	16.9391	35.6	60
dDocent_Contig_33547	1	405	12	211	52.0988	3.70617	35.7	60
dDocent_Contig_33550	1	347	28	211	60.8069	10.9251	35.8	60
dDocent_Contig_33553	1	418	8	218	52.1531	2.10048	36.9	60
dDocent_Contig_33559	1	385	7	191	49.6104	2.01818	35.6	60
dDocent_Contig_33568	1	340	17	240	70.5882	7.46176	36.4	60
dDocent_Contig_33580	1	380	11	166	43.6842	2.78684	35.5	60
dDocent_Contig_33582	1	429	4	141	32.8671	1.1655	37	60
dDocent_Contig_33594	1	388	23	238	61.3402	6.96649	35.8	60
dDocent_Contig_33597	1	426	16	246	57.7465	5.28404	34.7	59.9
dDocent_Contig_33599	1	451	70	213	47.2284	20.5942	35.3	60
dDocent_Contig_33612	1	341	12	150	43.9883	4.00587	36.8	60
dDocent_Contig_33614	1	496	2	95	19.1532	0.383065	36.7	60
dDocent_Contig_33617	1	329	17	223	67.7812	5.81763	36.5	60
dDocent_Contig_33618	1	362	9	146	40.3315	3.29282	35.9	60
dDocent_Contig_33620	1	382	5	187	48.9529	1.4712	35.1	60
dDocent_Contig_33623	1	485	10	204	42.0619	2.39794	35.1	60
dDocent_Contig_33636	1	395	42	238	60.2532	12.4684	34.9	60
dDocent_Contig_33640	1	356	21	190	53.3708	6.97753	36.1	60
dDocent_Contig_33641	1	394	3	159	40.3553	1.14213	35.4	60
dDocent_Contig_33642	1	349	32	243	69.6275	10.4183	35.3	60
dDocent_Contig_33650	1	365	6	150	41.0959	2	35.1	60
dDocent_Contig_33652	1	369	1	150	40.6504	0.406504	37	60
dDocent_Contig_33653	1	347	18	208	59.9424	6.56772	36	60
dDocent_Contig_33656	1	475	8	259	54.5263	2.00421	36.5	60
dDocent_Contig_33660	1	253	2	142	56.1265	1.12253	35.9	60
dDocent_Contig_33701	1	409	34	179	43.7653	9.57702	34.8	60
dDocent_Contig_33706	1	318	30	243	76.4151	11.3994	34.9	60
dDocent_Contig_33711	1	406	18	160	39.4089	5.23399	34.9	60
dDocent_Contig_33714	1	391	21	343	87.7238	5.44246	36.2	60
dDocent_Contig_33728	1	386	11	197	51.0363	3.76943	35.7	60
dDocent_Contig_33741	1	359	4	187	52.0891	1.3649	36.8	60
dDocent_Contig_33748	1	378	8	359	94.9735	2.68254	36.6	60
dDocent_Contig_33750	1	334	10	213	63.7725	4.35629	36.4	60
dDocent_Contig_33755	1	358	8	158	44.1341	2.76536	36.4	60
dDocent_Contig_33757	1	429	8	305	71.0956	2.41026	35	56.2
dDocent_Contig_33760	1	388	25	332	85.567	7.94588	36.3	57.8
dDocent_Contig_33763	1	330	23	244	73.9394	10.0061	35.2	60
dDocent_Contig_33764	1	422	9	172	40.7583	2.65877	35.5	60
dDocent_Contig_33766	1	472	12	270	57.2034	2.94915	34.9	60
dDocent_Contig_33768	1	306	9	193	63.0719	3.33987	36.8	60
dDocent_Contig_33776	1	436	10	229	52.5229	3.19037	36.5	60
dDocent_Contig_33777	1	357	4	185	51.8207	1.37255	36.7	60
dDocent_Contig_33781	1	451	24	133	29.49	7.07539	35.1	60
dDocent_Contig_33783	1	402	30	303	75.3731	9.67662	35.4	52.4
dDocent_Contig_33792	1	371	22	198	53.3693	8.14016	36.1	60
dDocent_Contig_33801	1	437	2	104	23.7986	0.475973	36.9	60
dDocent_Contig_33803	1	458	17	295	64.4105	4.95633	36.1	60
dDocent_Contig_33804	1	281	16	229	81.4947	7.27402	35.9	60
dDocent_Contig_33806	1	432	10	141	32.6389	2.68981	36.6	60
dDocent_Contig_33814	1	382	28	280	73.2984	8.51047	34.8	60
dDocent_Contig_33817	1	255	5	139	54.5098	2.14118	36.8	60
dDocent_Contig_33818	1	349	3	167	47.851	0.799427	36.8	60
dDocent_Contig_33819	1	394	9	251	63.7056	3.00761	35.3	60
dDocent_Contig_33823	1	373	21	270	72.3861	6.48257	35.9	60
dDocent_Contig_33824	1	385	15	190	49.3506	4.84156	36.8	60
dDocent_Contig_33835	1	293	292	266	90.785	115.819	36.2	58.2
dDocent_Contig_33837	1	426	20	204	47.8873	5.23005	35.3	60
dDocent_Contig_33841	1	387	9	222	57.3643	3.04393	33.9	60
dDocent_Contig_33849	1	312	28	218	69.8718	11.3878	35.5	60
dDocent_Contig_33851	1	367	19	250	68.1199	6.67847	36.2	60
dDocent_Contig_33860	1	337	18	202	59.9407	6.56083	36.3	60
dDocent_Contig_33868	1	363	10	139	38.292	3.42424	34.9	60
dDocent_Contig_33875	1	505	5	106	20.9901	0.871287	36.9	60
dDocent_Contig_33899	1	355	16	232	65.3521	4.95775	36.2	53.5
dDocent_Contig_33902	1	372	131	329	88.4409	43.8898	36.1	53.9
dDocent_Contig_33916	1	387	19	369	95.3488	5.24806	36.7	48.5
dDocent_Contig_33917	1	487	52	486	99.7947	11.4579	36.1	57.2
dDocent_Contig_33922	1	351	8	255	72.6496	2.74644	36.5	60
dDocent_Contig_33927	1	270	39	225	83.3333	18.737	35.5	60
dDocent_Contig_33930	1	368	2595	367	99.7283	874.231	35.9	59.6
dDocent_Contig_33931	1	462	12	339	73.3766	2.88528	35.4	60
dDocent_Contig_33933	1	313	2	150	47.9233	0.958466	34.1	60
dDocent_Contig_33949	1	373	16	215	57.6408	5.41823	35.9	60
dDocent_Contig_33950	1	401	5	155	38.6534	1.09476	35.9	60
dDocent_Contig_33965	1	425	36	210	49.4118	11.1318	36.4	60
dDocent_Contig_33986	1	331	9	142	42.9003	3.66465	34.6	60
dDocent_Contig_34079	1	387	39	216	55.814	13.031	35.5	60
dDocent_Contig_34082	1	370	10	325	87.8378	3.02432	36.6	60
dDocent_Contig_34088	1	438	27	230	52.5114	7.84018	35.3	60
dDocent_Contig_34090	1	304	9	136	44.7368	3.34539	36.1	60
dDocent_Contig_34092	1	375	32	306	81.6	10.576	35.9	60
dDocent_Contig_34097	1	361	6	204	56.5097	2.27147	36.8	60
dDocent_Contig_34099	1	420	23	300	71.4286	6.90476	35.2	60
dDocent_Contig_34104	1	266	8	256	96.2406	3.49248	35.9	60
dDocent_Contig_34106	1	416	11	317	76.2019	2.6875	36.8	60
dDocent_Contig_34108	1	266	18	217	81.5789	9.96617	35.3	60
dDocent_Contig_34111	1	417	19	226	54.1966	5.82254	34.5	60
dDocent_Contig_34114	1	361	3	145	40.1662	0.844875	33.5	60
dDocent_Contig_34115	1	368	8	177	48.0978	2.68478	36.7	60
dDocent_Contig_34116	1	378	10	147	38.8889	2.27513	36.9	60
dDocent_Contig_34121	1	413	10	184	44.5521	2.13075	36.7	59.6
dDocent_Contig_34124	1	334	7	275	82.3353	2.71257	36.5	60
dDocent_Contig_34126	1	370	16	293	79.1892	5.66216	35.1	60
dDocent_Contig_34133	1	403	10	165	40.9429	2.87345	36	60
dDocent_Contig_34137	1	398	21	169	42.4623	7.5402	36	60
dDocent_Contig_34142	1	341	15	262	76.8328	5.39589	36.5	60
dDocent_Contig_34150	1	402	13	223	55.4726	3.64179	36.1	60
dDocent_Contig_34161	1	390	3	187	47.9487	0.84359	36.5	60
dDocent_Contig_34171	1	364	25	244	67.033	8.48626	36.3	60
dDocent_Contig_34173	1	407	5	207	50.86	1.45455	36.5	60
dDocent_Contig_34179	1	287	20	273	95.122	9.92683	35.4	60
dDocent_Contig_34185	1	351	6	162	46.1538	1.45299	36.9	60
dDocent_Contig_34188	1	458	24	168	36.6812	6.86026	35.9	60
dDocent_Contig_34191	1	386	4	89	23.057	0.92228	36.8	60
dDocent_Contig_34201	1	392	15	285	72.7041	4.78571	35.7	60
dDocent_Contig_34207	1	401	16	294	73.3167	4.48878	35.8	60
dDocent_Contig_34210	1	378	3	167	44.1799	0.857143	36.4	60
dDocent_Contig_34218	1	385	16	232	60.2597	5.08052	35.5	60
dDocent_Contig_34219	1	393	8	307	78.117	2.54453	36.8	60
dDocent_Contig_34220	1	378	7	141	37.3016	2.20635	36.5	60
dDocent_Contig_34234	1	267	14	182	68.1648	7.45318	36	60
dDocent_Contig_34235	1	375	3	178	47.4667	0.672	36.8	60
dDocent_Contig_34237	1	362	11	200	55.2486	3.5442	36.5	60
dDocent_Contig_34238	1	404	11	233	57.6733	3.42822	36.5	60
dDocent_Contig_34240	1	335	4	128	38.209	1.23284	32.4	60
dDocent_Contig_34241	1	368	72	206	55.9783	24.712	35.2	60
dDocent_Contig_34244	1	365	40	210	57.5342	15.0795	34.9	60
dDocent_Contig_34255	1	412	24	194	47.0874	7.98786	36.1	60
dDocent_Contig_34265	1	324	8	159	49.0741	3.42901	35.2	60
dDocent_Contig_34266	1	317	691	317	100	253.637	35.9	59.7
dDocent_Contig_34277	1	382	6	203	53.1414	1.84817	36.7	60
dDocent_Contig_34280	1	361	1	112	31.0249	0.310249	37	60
dDocent_Contig_34283	1	379	16	228	60.1583	4.92612	35.6	60
dDocent_Contig_34290	1	411	8	340	82.7251	2.72506	35.4	60
dDocent_Contig_34299	1	373	11	224	60.0536	3.51475	36.7	53.6
dDocent_Contig_34310	1	364	113	310	85.1648	32.9148	35.8	56.1
dDocent_Contig_34316	1	426	6	172	40.3756	1.27934	35.4	60
dDocent_Contig_34331	1	369	35	242	65.5827	11.8753	35.7	60
dDocent_Contig_34333	1	388	2	66	17.0103	0.340206	36.9	60
dDocent_Contig_34343	1	457	6	198	43.326	1.34792	35.9	60
dDocent_Contig_34347	1	312	9	169	54.1667	3.33333	36.6	60
dDocent_Contig_34354	1	417	76	294	70.5036	23.259	35.1	60
dDocent_Contig_34355	1	289	16	256	88.5813	6.88235	36.1	60
dDocent_Contig_34360	1	302	24	238	78.8079	10.6291	35.8	60
dDocent_Contig_34371	1	348	9	153	43.9655	3.31322	36.2	60
dDocent_Contig_34372	1	299	3	158	52.8428	0.926421	36.7	60
dDocent_Contig_34373	1	368	93	219	59.5109	33.2337	34.8	60
dDocent_Contig_34376	1	366	4	150	40.9836	1.30601	36.7	60
dDocent_Contig_34381	1	371	2	107	28.841	0.576819	36.9	60
dDocent_Contig_34382	1	397	9	227	57.1788	2.83375	36.7	60
dDocent_Contig_34389	1	429	4	151	35.1981	1.09091	37	60
dDocent_Contig_34392	1	288	4	168	58.3333	1.63889	36.9	60
dDocent_Contig_34396	1	378	7	185	48.9418	1.95503	36.7	60
dDocent_Contig_34397	1	463	34	203	43.8445	9.34773	35.5	60
dDocent_Contig_34401	1	305	16	207	67.8689	6.53443	36.1	60
dDocent_Contig_34402	1	360	8	206	57.2222	2.83333	36.3	60
dDocent_Contig_34403	1	434	32	374	86.1751	9.52995	36.1	60
dDocent_Contig_34407	1	359	11	259	72.1448	3.28412	35.9	51
dDocent_Contig_34415	1	279	37	255	91.3978	16.5591	34.8	60
dDocent_Contig_34418	1	380	2	171	45	0.728947	36.8	60
dDocent_Contig_34421	1	353	3	144	40.7932	1.05666	36.9	60
dDocent_Contig_34422	1	350	16	178	50.8571	5.33143	36.4	60
dDocent_Contig_34423	1	269	4	160	59.4796	1.19703	35.7	60
dDocent_Contig_34432	1	455	24	277	60.8791	5.33846	36.1	60
dDocent_Contig_34433	1	358	11	119	33.2402	3.14525	36.1	60
dDocent_Contig_34434	1	335	15	161	48.0597	5.1791	36.2	60
dDocent_Contig_34435	1	367	4	156	42.5068	1.11444	36.8	60
dDocent_Contig_34442	1	333	3	95	28.5285	0.855856	36.4	60
dDocent_Contig_34443	1	418	15	177	42.3445	4.10526	35.4	60
dDocent_Contig_34448	1	410	19	203	49.5122	6.50732	35.9	60
dDocent_Contig_34451	1	272	5	176	64.7059	2.71691	34.4	60
dDocent_Contig_34464	1	348	3	109	31.3218	0.678161	36.8	60
dDocent_Contig_34469	1	332	68	223	67.1687	27.0241	35.3	55.1
dDocent_Contig_34471	1	302	13	118	39.0728	5.07616	33.8	60
dDocent_Contig_34472	1	337	18	205	60.8309	6.21365	36.7	60
dDocent_Contig_34473	1	375	4	146	38.9333	1.55733	35.6	60
dDocent_Contig_34480	1	517	8	191	36.9439	2.30754	35.6	60
dDocent_Contig_34491	1	380	14	267	70.2632	4.11579	36.7	58.6
dDocent_Contig_34492	1	372	182	208	55.914	63.8199	35.2	60
dDocent_Contig_34494	1	427	2	102	23.8876	0.477752	36.8	60
dDocent_Contig_34495	1	369	9	250	67.7507	2.45799	35.4	60
dDocent_Contig_34497	1	339	26	338	99.705	10.3481	36	60
dDocent_Contig_34501	1	268	18	203	75.7463	6.89179	36.4	53.7
dDocent_Contig_34506	1	348	4	105	30.1724	1.2069	36.8	60
dDocent_Contig_34515	1	412	7	207	50.2427	2.10194	35.9	60
dDocent_Contig_34517	1	282	13	227	80.4965	5.26596	35.7	60
dDocent_Contig_34523	1	339	17	254	74.9263	6.43363	36.2	60
dDocent_Contig_34534	1	386	2	63	16.3212	0.326425	36.9	60
dDocent_Contig_34551	1	391	8	148	37.8517	2.24297	35.3	60
dDocent_Contig_34559	1	382	9	210	54.9738	2.93194	36.5	60
dDocent_Contig_34562	1	241	56	230	95.4357	29.7552	35.4	60
dDocent_Contig_34566	1	395	22	175	44.3038	7.53165	34.9	60
dDocent_Contig_34568	1	435	18	159	36.5517	3.90575	35.4	60
dDocent_Contig_34569	1	305	15	275	90.1639	6.24918	34.8	60
dDocent_Contig_34570	1	372	16	199	53.4946	5.05914	36	60
dDocent_Contig_34571	1	330	12	127	38.4848	3.17273	36.3	60
dDocent_Contig_34574	1	294	21	205	69.7279	9.27211	35.6	60
dDocent_Contig_34581	1	473	6	318	67.2304	1.49683	36.6	60
dDocent_Contig_34584	1	316	13	162	51.2658	3.78481	36.8	60
dDocent_Contig_34589	1	301	28	175	58.1395	11.6711	35.1	60
dDocent_Contig_34591	1	407	1	145	35.6265	0.356265	36.5	60
dDocent_Contig_34592	1	334	8	177	52.994	3.10778	35.3	60
dDocent_Contig_34596	1	411	43	189	45.9854	12.6083	34.6	60
dDocent_Contig_34603	1	290	12	187	64.4828	4.55862	36.9	60
dDocent_Contig_34606	1	322	16	235	72.9814	6.04037	36	60
dDocent_Contig_34610	1	348	26	248	71.2644	9.43678	36.2	60
dDocent_Contig_34612	1	420	35	291	69.2857	10.9262	35.1	60
dDocent_Contig_34615	1	340	7	204	60	2.05882	36.8	60
dDocent_Contig_34616	1	350	23	296	84.5714	5.93143	36.5	60
dDocent_Contig_34622	1	403	5	100	24.8139	0.957816	36.9	53.8
dDocent_Contig_34623	1	389	9	316	81.2339	2.33933	36	57.1
dDocent_Contig_34627	1	340	12	196	57.6471	4.17647	36	60
dDocent_Contig_34629	1	489	73	384	78.5276	19.3579	36.2	60
dDocent_Contig_34633	1	325	9	154	47.3846	3.35692	36.7	57.3
dDocent_Contig_34640	1	359	57	322	89.6936	20.6769	35.6	59.2
dDocent_Contig_34643	1	250	17	207	82.8	9	35	60
dDocent_Contig_34644	1	461	18	233	50.5423	4.29718	36.1	58
dDocent_Contig_34648	1	373	24	229	61.3941	7.71314	35.6	60
dDocent_Contig_34650	1	377	2	137	36.3395	0.72679	36.9	60
dDocent_Contig_34654	1	390	16	234	60	5.74103	35.6	60
dDocent_Contig_34658	1	378	8	206	54.4974	2.68254	36.8	60
dDocent_Contig_34659	1	423	92	186	43.9716	24.2482	35.7	60
dDocent_Contig_34667	1	452	16	197	43.5841	3.73673	36.2	60
dDocent_Contig_34671	1	356	20	201	56.4607	7.08146	35.7	60
dDocent_Contig_34675	1	351	1080	329	93.7322	350.917	36.1	57.5
dDocent_Contig_34684	1	321	11	188	58.567	4.41121	35.7	60
dDocent_Contig_34686	1	382	15	239	62.5654	5.14136	36.1	60
dDocent_Contig_34692	1	299	17	279	93.311	6.98997	35.5	60
dDocent_Contig_34694	1	430	11	170	39.5349	2.69302	36.7	60
dDocent_Contig_34700	1	370	4	168	45.4054	1.29189	36.8	60
dDocent_Contig_34707	1	406	2	107	26.3547	0.527094	37	60
dDocent_Contig_34716	1	341	9	286	83.871	3.15543	36.4	60
dDocent_Contig_34717	1	317	36	193	60.8833	13.142	35.5	60
dDocent_Contig_34726	1	385	7	183	47.5325	1.99481	36.6	59.3
dDocent_Contig_34731	1	394	6	164	41.6244	2.03553	36.8	60
dDocent_Contig_34733	1	354	18	219	61.8644	6.79096	36	60
dDocent_Contig_34734	1	341	6	145	42.522	1.82111	35	60
dDocent_Contig_34736	1	384	3	143	37.2396	0.804688	36.6	60
dDocent_Contig_34741	1	471	265	447	94.9045	65.1975	35.9	57.9
dDocent_Contig_34742	1	335	14	208	62.0896	5.94627	35.8	60
dDocent_Contig_34755	1	268	77	266	99.2537	31.4552	36.5	57.1
dDocent_Contig_34756	1	362	3	189	52.2099	0.986188	35.4	60
dDocent_Contig_34757	1	298	15	293	98.3221	6.47651	36	60
dDocent_Contig_34762	1	451	4	244	54.102	0.880266	36.5	51.2
dDocent_Contig_34766	1	347	15	166	47.8386	5.20461	35.7	60
dDocent_Contig_34767	1	443	3	143	32.2799	0.715576	36.4	60
dDocent_Contig_34770	1	360	9	215	59.7222	2.82222	36.7	60
dDocent_Contig_34773	1	389	103	215	55.2699	25.1645	35.5	60
dDocent_Contig_34774	1	347	16	217	62.536	6.1268	34.9	60
dDocent_Contig_34776	1	303	10	164	54.1254	4.58416	35.2	60
dDocent_Contig_34782	1	396	5	300	75.7576	1.89394	35.2	60
dDocent_Contig_34785	1	343	6	228	66.4723	2.27697	35.1	60
dDocent_Contig_34788	1	281	8	143	50.8897	2.78292	36.9	60
dDocent_Contig_34791	1	319	4	165	51.7241	1.32602	36.1	60
dDocent_Contig_34806	1	397	7	159	40.0504	2.16625	36.1	60
dDocent_Contig_34807	1	277	26	233	84.1155	11.5054	35.4	60
dDocent_Contig_34808	1	371	25	166	44.7439	7.54447	36.2	60
dDocent_Contig_34818	1	407	17	191	46.9287	4.54545	36.4	60
dDocent_Contig_34821	1	398	19	147	36.9347	6.44472	35.8	60
dDocent_Contig_34823	1	304	2	93	30.5921	0.611842	36.9	60
dDocent_Contig_34824	1	278	7	205	73.741	3.06475	36.5	60
dDocent_Contig_34825	1	322	44	239	74.2236	15.9814	35	60
dDocent_Contig_34827	1	304	7	261	85.8553	3.32566	35.9	60
dDocent_Contig_34829	1	307	28	201	65.4723	12.3779	35.1	59.6
dDocent_Contig_34830	1	480	22	461	96.0417	4.79792	36.1	34.3
dDocent_Contig_34831	1	398	5	154	38.6935	1.35427	35.8	60
dDocent_Contig_34832	1	359	165	326	90.8078	53.8022	35.9	56.4
dDocent_Contig_34833	1	438	12	270	61.6438	3.02511	36.6	50.7
dDocent_Contig_34837	1	386	3	196	50.7772	0.948187	36.7	60
dDocent_Contig_34852	1	416	7	197	47.3558	2.13462	34.3	60
dDocent_Contig_34858	1	371	7	164	44.2049	2.13208	34.9	60
dDocent_Contig_34869	1	383	16	235	61.3577	5.33159	36.3	60
dDocent_Contig_34872	1	333	22	202	60.6607	7.63964	35.1	60
dDocent_Contig_34877	1	399	66	218	54.6366	20.8346	35.4	60
dDocent_Contig_34878	1	392	2	129	32.9082	0.658163	36.7	60
dDocent_Contig_34881	1	496	3	255	51.4113	0.816532	34.6	60
dDocent_Contig_34882	1	445	32	175	39.3258	7.56854	35	60
dDocent_Contig_34883	1	384	7	202	52.6042	2.54948	36.7	60
dDocent_Contig_34896	1	421	12	201	47.7435	3.64608	36.6	60
dDocent_Contig_34917	1	421	1	150	35.6295	0.356295	36.9	60
dDocent_Contig_34918	1	484	9	322	66.5289	2.35537	35.8	60
dDocent_Contig_34920	1	263	14	262	99.6198	7.36122	35.7	60
dDocent_Contig_34921	1	397	26	178	44.8363	8.98992	35.5	60
dDocent_Contig_34923	1	408	16	225	55.1471	4.19853	36	60
dDocent_Contig_34924	1	248	11	178	71.7742	4.87903	36.4	60
dDocent_Contig_34929	1	451	4	173	38.3592	0.767184	36.8	60
dDocent_Contig_34931	1	368	7	332	90.2174	2.24185	35.9	60
dDocent_Contig_34933	1	426	14	200	46.9484	3.73944	36.5	60
dDocent_Contig_34934	1	416	10	201	48.3173	2.86779	36.4	56.5
dDocent_Contig_34938	1	470	18	338	71.9149	4.00851	36	60
dDocent_Contig_34944	1	357	5	111	31.0924	1.39216	35.6	60
dDocent_Contig_34947	1	364	4	181	49.7253	1.24176	36.6	60
dDocent_Contig_34956	1	306	4	209	68.3007	1.42484	36.7	60
dDocent_Contig_34964	1	404	1025	393	97.2772	295.344	36.2	59.6
dDocent_Contig_34966	1	453	5	254	56.0706	1.19868	36.6	60
dDocent_Contig_34967	1	391	16	189	48.3376	4.93606	35.9	60
dDocent_Contig_34972	1	307	54	280	91.2052	20.987	35.7	59.8
dDocent_Contig_34985	1	376	34	219	58.2447	10.6968	35	60
dDocent_Contig_34986	1	342	38	288	84.2105	14.6257	36	60
dDocent_Contig_34988	1	368	873	365	99.1848	295.13	35.6	45.6
dDocent_Contig_34989	1	398	19	175	43.9698	5.80653	36	60
dDocent_Contig_34991	1	310	16	231	74.5161	5.96774	36.2	60
dDocent_Contig_34993	1	417	15	248	59.4724	4.32134	36.3	60
dDocent_Contig_35008	1	450	5	177	39.3333	1.06667	36.9	60
dDocent_Contig_35010	1	321	22	254	79.1277	8.01558	34.8	60
dDocent_Contig_35018	1	369	5	111	30.0813	1.39295	33.8	60
dDocent_Contig_35020	1	414	32	381	92.029	9.72705	36	60
dDocent_Contig_35023	1	486	3	139	28.6008	0.705761	36.8	60
dDocent_Contig_35026	1	429	37	397	92.5408	11.2051	36.3	58.2
dDocent_Contig_35031	1	421	3	243	57.7197	0.916865	36.7	60
dDocent_Contig_35036	1	324	29	230	70.9877	11.2222	35.1	52.5
dDocent_Contig_35037	1	391	6	150	38.3632	1.91304	36.2	60
dDocent_Contig_35038	1	387	4	140	36.1757	0.852713	37	60
dDocent_Contig_35041	1	369	26	256	69.3767	8.43631	35.4	60
dDocent_Contig_35046	1	248	10	141	56.8548	4.44355	35.7	60
dDocent_Contig_35050	1	398	5	176	44.2211	1.88442	36.3	60
dDocent_Contig_35052	1	376	11	191	50.7979	3.60372	35.5	60
dDocent_Contig_35070	1	386	2	229	59.3264	0.593264	33.9	60
dDocent_Contig_35072	1	467	4	143	30.621	0.976445	34.8	60
dDocent_Contig_35078	1	423	26	154	36.4066	7.41371	35	60
dDocent_Contig_35080	1	378	3	110	29.1005	0.873016	36.9	60
dDocent_Contig_35081	1	436	27	280	64.2202	7.92202	36.1	55.7
dDocent_Contig_35088	1	333	7	128	38.4384	2.44444	36.8	60
dDocent_Contig_35089	1	314	17	195	62.1019	7.09236	36.3	60
dDocent_Contig_35096	1	404	12	185	45.7921	3.43564	36.8	60
dDocent_Contig_35099	1	402	632	402	100	192.047	36.1	59.9
dDocent_Contig_35108	1	393	7	150	38.1679	2.65649	36.2	60
dDocent_Contig_35109	1	371	14	209	56.3342	4.07547	36.7	60
dDocent_Contig_35117	1	347	6	144	41.4986	2.2219	33	60
dDocent_Contig_35127	1	398	15	160	40.201	4.38191	34.5	60
dDocent_Contig_35128	1	336	11	270	80.3571	3.41667	36.5	60
dDocent_Contig_35138	1	333	165	210	63.0631	55.0811	34.8	58.7
dDocent_Contig_35140	1	397	7	97	24.4332	1.71033	35.8	60
dDocent_Contig_35157	1	342	171	341	99.7076	58.9181	35.8	52.4
dDocent_Contig_35160	1	279	7	177	63.4409	2.5914	36.8	60
dDocent_Contig_35163	1	418	6	189	45.2153	1.6244	36.5	54.7
dDocent_Contig_35169	1	318	2	122	38.3648	0.767296	36.8	60
dDocent_Contig_35174	1	396	33	271	68.4343	11.4192	35.5	60
dDocent_Contig_35184	1	385	22	276	71.6883	6.97403	35	60
dDocent_Contig_35190	1	440	9	146	33.1818	2.98636	35.3	60
dDocent_Contig_35191	1	366	11	143	39.071	2.89617	36.8	60
dDocent_Contig_35192	1	388	5	112	28.866	1.18814	36.6	60
dDocent_Contig_35203	1	439	12	209	47.6082	3.5262	35.1	60
dDocent_Contig_35209	1	389	17	253	65.0386	4.6838	35.3	60
dDocent_Contig_35217	1	355	13	198	55.7746	4.66761	35.5	60
dDocent_Contig_35223	1	433	6	159	36.7206	1.40185	36.1	58
dDocent_Contig_35226	1	363	2	173	47.6584	0.782369	36.9	60
dDocent_Contig_35228	1	419	31	194	46.3007	8.37709	35.5	60
dDocent_Contig_35233	1	514	8	305	59.3385	1.62257	35.9	60
dDocent_Contig_35237	1	376	3	93	24.734	0.739362	35.1	60
dDocent_Contig_35244	1	395	15	245	62.0253	3.89367	35.7	60
dDocent_Contig_35249	1	366	2	113	30.8743	0.617486	36.1	60
dDocent_Contig_35255	1	467	8	255	54.6039	2.0257	34.6	60
dDocent_Contig_35256	1	394	18	201	51.0152	5.82234	35	60
dDocent_Contig_35257	1	372	23	194	52.1505	7.70699	36.1	60
dDocent_Contig_35260	1	363	15	208	57.3003	5.16529	35.4	60
dDocent_Contig_35266	1	344	19	271	78.7791	6.5407	36	60
dDocent_Contig_35268	1	362	20	248	68.5083	7.57459	35.6	60
dDocent_Contig_35280	1	275	2	150	54.5455	1.09091	36.9	60
dDocent_Contig_35287	1	360	14	141	39.1667	4.4	34.9	55.9
dDocent_Contig_35290	1	388	7	249	64.1753	1.89433	36.6	60
dDocent_Contig_35296	1	294	4	85	28.9116	1.15646	36.9	60
dDocent_Contig_35299	1	409	14	181	44.2543	4.00244	35.5	60
dDocent_Contig_35304	1	412	8	182	44.1748	2.22816	36.8	60
dDocent_Contig_35319	1	352	26	126	35.7955	5.3608	35.5	54.3
dDocent_Contig_35320	1	333	4	252	75.6757	1.24324	35.9	60
dDocent_Contig_35328	1	368	15	163	44.2935	4.72554	36.1	60
dDocent_Contig_35332	1	393	22	196	49.8728	6.83461	36.1	60
dDocent_Contig_35333	1	298	3	237	79.5302	1.25503	35.5	60
dDocent_Contig_35336	1	317	6	312	98.4227	2.4858	35.7	60
dDocent_Contig_35337	1	367	6	157	42.7793	1.65123	36.7	60
dDocent_Contig_35344	1	314	5	94	29.9363	1.49682	36.7	60
dDocent_Contig_35346	1	372	13	132	35.4839	4.59946	35.8	60
dDocent_Contig_35375	1	381	1	107	28.084	0.28084	36.9	60
dDocent_Contig_35380	1	326	46	309	94.7853	17.2331	35	59.8
dDocent_Contig_35381	1	378	118	369	97.619	34.955	36.4	47.5
dDocent_Contig_35385	1	433	16	179	41.3395	3.82217	35.7	60
dDocent_Contig_35387	1	383	4	151	39.4256	1.17493	35.8	60
dDocent_Contig_35391	1	257	14	207	80.5447	6.78988	36.2	60
dDocent_Contig_35422	1	376	5	152	40.4255	1.24468	34.9	60
dDocent_Contig_35426	1	327	14	248	75.841	5.26911	35.1	60
dDocent_Contig_35434	1	391	6	155	39.6419	2.29412	35.1	60
dDocent_Contig_35439	1	340	3	134	39.4118	0.788235	36.8	60
dDocent_Contig_35441	1	380	118	378	99.4737	37.2289	36.3	50.7
dDocent_Contig_35442	1	346	15	174	50.289	4.67341	35.7	60
dDocent_Contig_35444	1	367	22	202	55.0409	6.57766	35.6	60
dDocent_Contig_35446	1	415	2	41	9.87952	0.19759	36.9	60
dDocent_Contig_35448	1	303	8	115	37.9538	3.0363	35.2	60
dDocent_Contig_35449	1	390	26	329	84.359	7.18462	36.1	60
dDocent_Contig_35458	1	376	2	111	29.5213	0.590426	36.9	60
dDocent_Contig_35459	1	293	69	289	98.6348	29.0273	35.9	60
dDocent_Contig_35465	1	454	13	156	34.3612	2.86344	35.6	60
dDocent_Contig_35468	1	367	11	207	56.4033	4.36512	36.7	60
dDocent_Contig_35474	1	258	9	205	79.4574	4.13566	36.3	60
dDocent_Contig_35483	1	312	4	140	44.8718	1.5	36.9	60
dDocent_Contig_35492	1	390	18	353	90.5128	6.35128	35.2	60
dDocent_Contig_35494	1	442	15	145	32.8054	4.34615	35.8	60
dDocent_Contig_35499	1	357	7	176	49.2997	2.07283	36.8	59.7
dDocent_Contig_35501	1	395	18	161	40.7595	5.01013	34.8	60
dDocent_Contig_35512	1	436	3	116	26.6055	0.683486	36.9	60
dDocent_Contig_35518	1	434	26	231	53.2258	7.30415	35.8	60
dDocent_Contig_35521	1	283	6	120	42.4028	1.99293	36.4	60
dDocent_Contig_35530	1	381	4	138	36.2205	1.17585	36.7	60
dDocent_Contig_35535	1	299	7	178	59.5318	2.47157	36.9	60
dDocent_Contig_35542	1	445	6	144	32.3596	1.3618	35.9	60
dDocent_Contig_35543	1	387	10	176	45.478	2.36951	36.4	52.9
dDocent_Contig_35546	1	322	2	132	40.9938	0.819876	36	60
dDocent_Contig_35551	1	367	21	139	37.8747	7.22071	34.1	60
dDocent_Contig_35553	1	330	1	78	23.6364	0.236364	36.7	60
dDocent_Contig_35567	1	249	3	126	50.6024	1.40964	34.7	60
dDocent_Contig_35573	1	408	5	224	54.902	1.56373	36.8	60
dDocent_Contig_35577	1	393	8	174	44.2748	2.84733	33.8	60
dDocent_Contig_35578	1	300	17	186	62	6.46333	36	60
dDocent_Contig_35584	1	374	13	156	41.7112	4.59626	35.5	60
dDocent_Contig_35586	1	287	22	200	69.6864	9.19164	36.4	60
dDocent_Contig_35587	1	359	30	205	57.1031	10.8969	36.2	60
dDocent_Contig_35590	1	400	24	251	62.75	7.3225	36.2	60
dDocent_Contig_35598	1	446	12	222	49.7758	2.67937	35.8	60
dDocent_Contig_35600	1	414	7	166	40.0966	1.87681	35.5	60
dDocent_Contig_35601	1	383	4	156	40.7311	1.1671	36.9	60
dDocent_Contig_35603	1	446	14	165	36.9955	3.73094	35.5	60
dDocent_Contig_35604	1	325	4	239	73.5385	1.61538	36.4	60
dDocent_Contig_35607	1	380	10	189	49.7368	3.16842	35.9	60
dDocent_Contig_35613	1	327	99	279	85.3211	38.8226	35.6	59.5
dDocent_Contig_35617	1	430	8	119	27.6744	1.44651	34	60
dDocent_Contig_35618	1	390	10	174	44.6154	3.48718	34.6	60
dDocent_Contig_35625	1	338	24	168	49.7041	9.67751	36.4	60
dDocent_Contig_35634	1	439	6	248	56.492	1.44875	36.9	48.3
dDocent_Contig_35636	1	393	18	191	48.6005	5.05598	35.8	60
dDocent_Contig_35640	1	289	11	135	46.7128	3.6782	36.3	60
dDocent_Contig_35641	1	431	8	171	39.6752	1.98144	36.9	60
dDocent_Contig_35642	1	350	21	274	78.2857	7.95143	36.5	60
dDocent_Contig_35643	1	271	6	114	42.0664	2.12177	35.8	60
dDocent_Contig_35644	1	396	6	165	41.6667	2.14899	35.1	60
dDocent_Contig_35647	1	356	13	190	53.3708	3.93539	36.1	60
dDocent_Contig_35652	1	396	44	277	69.9495	13.9293	34.8	60
dDocent_Contig_35657	1	368	13	239	64.9457	3.3913	36.8	49.8
dDocent_Contig_35658	1	377	19	352	93.3687	5.71088	36.5	60
dDocent_Contig_35660	1	385	47	292	75.8442	14.1455	36	58.7
dDocent_Contig_35661	1	354	13	147	41.5254	4.57345	36.4	60
dDocent_Contig_35668	1	302	32	158	52.3179	9.29139	36.2	44.4
dDocent_Contig_35669	1	326	7	137	42.0245	2.15951	36.6	47.4
dDocent_Contig_35673	1	324	6	103	31.7901	1.90741	36.5	60
dDocent_Contig_35678	1	274	9	159	58.0292	3.9635	36	60
dDocent_Contig_35681	1	377	12	245	64.9867	4.23077	35.6	60
dDocent_Contig_35682	1	426	18	236	55.3991	5.07277	36.4	60
dDocent_Contig_35699	1	495	23	268	54.1414	5.60606	35.6	60
dDocent_Contig_35700	1	404	7	204	50.495	2.22772	36.2	60
dDocent_Contig_35703	1	368	8	207	56.25	2.46196	36.7	60
dDocent_Contig_35704	1	419	25	363	86.6348	6.48449	35.8	51.8
dDocent_Contig_35705	1	374	20	323	86.3636	6.18449	35.7	60
dDocent_Contig_35710	1	358	37	216	60.3352	13.1117	35.4	60
dDocent_Contig_35711	1	407	40	209	51.3514	13.0688	35.7	60
dDocent_Contig_35712	1	385	7	186	48.3117	2.09351	36.4	60
dDocent_Contig_35728	1	379	4	309	81.5303	1.10026	36.2	60
dDocent_Contig_35733	1	360	15	205	56.9444	5.66389	36	60
dDocent_Contig_35738	1	303	3	230	75.9076	1.38944	35.4	60
dDocent_Contig_35744	1	396	6	175	44.1919	1.82828	36.3	60
dDocent_Contig_35746	1	379	14	250	65.9631	4.88918	35.2	60
dDocent_Contig_35750	1	494	30	342	69.2308	7.53036	35.7	60
dDocent_Contig_35758	1	246	9	244	99.187	4.38618	35.7	60
dDocent_Contig_35762	1	460	6	120	26.087	1.15217	36.5	60
dDocent_Contig_35767	1	406	20	211	51.9704	6.05911	36	60
dDocent_Contig_35768	1	400	25	214	53.5	8.1175	35.3	60
dDocent_Contig_35769	1	400	4	158	39.5	1.32	33.7	60
dDocent_Contig_35776	1	363	17	206	56.7493	4.69421	36.1	60
dDocent_Contig_35784	1	400	9	251	62.75	2.595	35.3	60
dDocent_Contig_35797	1	386	8	175	45.3368	2.26425	36.9	60
dDocent_Contig_35800	1	385	7	229	59.4805	2.08312	35.8	60
dDocent_Contig_35802	1	445	8	260	58.427	1.8764	36.1	60
dDocent_Contig_35803	1	351	2	81	23.0769	0.461538	36.9	60
dDocent_Contig_35806	1	480	49	258	53.75	14.6062	35.5	60
dDocent_Contig_35813	1	396	61	229	57.8283	18.5177	35	60
dDocent_Contig_35817	1	376	13	280	74.4681	4.60106	35.6	60
dDocent_Contig_35819	1	442	4	165	37.3303	0.884615	35.2	60
dDocent_Contig_35826	1	334	8	138	41.3174	3.14371	35.8	60
dDocent_Contig_35827	1	394	19	176	44.6701	6.51015	35.3	60
dDocent_Contig_35829	1	331	1350	318	96.0725	489.508	35.4	51
dDocent_Contig_35830	1	395	7	119	30.1266	1.41519	36.5	60
dDocent_Contig_35837	1	387	6	156	40.3101	2.2584	35.4	60
dDocent_Contig_35846	1	362	16	195	53.8674	5.60497	35.6	60
dDocent_Contig_35847	1	465	11	206	44.3011	2.66452	36.2	60
dDocent_Contig_35849	1	330	10	173	52.4242	3.04848	35.3	60
dDocent_Contig_35850	1	340	10	269	79.1176	3.21471	35.8	60
dDocent_Contig_35851	1	243	5	165	67.9012	2.20988	36.3	60
dDocent_Contig_35856	1	291	21	240	82.4742	9.17869	35.3	60
dDocent_Contig_35867	1	353	5	175	49.5751	1.78187	34.4	60
dDocent_Contig_35872	1	358	2	124	34.6369	0.692737	36.7	60
dDocent_Contig_35875	1	442	16	227	51.3575	3.81222	35.5	60
dDocent_Contig_35886	1	371	15	127	34.2318	3.71429	36.3	60
dDocent_Contig_35896	1	396	21	181	45.7071	6.87121	35.7	60
dDocent_Contig_35897	1	359	10	166	46.2396	3.77437	33.8	59.5
dDocent_Contig_35900	1	279	2	90	32.2581	0.645161	36.5	60
dDocent_Contig_35901	1	376	19	203	53.9894	6.39894	35.7	60
dDocent_Contig_35907	1	272	156	195	71.6912	65.6985	35.7	60
dDocent_Contig_35908	1	360	7	162	45	2.35	35.7	60
dDocent_Contig_35909	1	388	39	173	44.5876	11.9304	35.5	60
dDocent_Contig_35912	1	295	9	249	84.4068	3.95254	36.5	60
dDocent_Contig_35913	1	355	11	169	47.6056	3.86479	36.6	59
dDocent_Contig_35914	1	376	12	163	43.3511	3.12234	36.4	46.2
dDocent_Contig_35915	1	474	16	237	50	4.18987	36.1	60
dDocent_Contig_35924	1	310	17	224	72.2581	6.76774	36	60
dDocent_Contig_35926	1	262	9	203	77.4809	3.37405	36.8	60
dDocent_Contig_35927	1	341	28	211	61.8768	9.32845	35.7	60
dDocent_Contig_35938	1	382	8	189	49.4764	2.01047	35.5	60
dDocent_Contig_35940	1	272	14	166	61.0294	5.65441	35.8	60
dDocent_Contig_35941	1	355	12	280	78.8732	4.12113	36	60
dDocent_Contig_35942	1	443	6	268	60.4966	1.74492	35.3	60
dDocent_Contig_35945	1	393	6	118	30.0254	1.38422	36.5	60
dDocent_Contig_35946	1	250	15	222	88.8	7.148	35.4	60
dDocent_Contig_35951	1	298	1089	296	99.3289	436.587	35.7	58.4
dDocent_Contig_35953	1	382	2	73	19.1099	0.382199	37	60
dDocent_Contig_35957	1	455	81	290	63.7363	22.6549	35.3	60
dDocent_Contig_35961	1	326	208	207	63.4969	80.3129	34.4	59.9
dDocent_Contig_35963	1	373	18	237	63.5389	6.60322	35.8	60
dDocent_Contig_35972	1	430	11	172	40	3.10698	36.2	60
dDocent_Contig_35973	1	395	15	165	41.7722	4.32405	35.1	60
dDocent_Contig_35975	1	280	8	120	42.8571	2.725	36.9	60
dDocent_Contig_35976	1	474	43	203	42.827	10.6456	34.7	60
dDocent_Contig_35977	1	429	4	95	22.1445	0.885781	36.7	60
dDocent_Contig_35978	1	287	13	194	67.5958	5.96516	36	60
dDocent_Contig_35995	1	386	3	196	50.7772	0.717617	36.9	60
dDocent_Contig_35997	1	377	11	274	72.679	3.55438	36.5	60
dDocent_Contig_35999	1	312	8	191	61.2179	2.46795	36.5	60
dDocent_Contig_36000	1	398	4	128	32.1608	1.1608	34.3	60
dDocent_Contig_36003	1	260	14	247	95	6.26923	36.7	50.8
dDocent_Contig_36004	1	323	13	200	61.9195	4.09907	36	60
dDocent_Contig_36014	1	376	20	212	56.383	6.40691	34.9	60
dDocent_Contig_36015	1	330	15	198	60	5.94545	35.4	60
dDocent_Contig_36017	1	305	6	223	73.1148	2.37377	36.7	60
dDocent_Contig_36020	1	329	15	200	60.7903	5.91793	35.1	60
dDocent_Contig_36021	1	366	21	237	64.7541	6.3306	35.8	60
dDocent_Contig_36024	1	375	31	214	57.0667	9.27733	35.8	54.4
dDocent_Contig_36025	1	368	7	253	68.75	2.24728	35.9	60
dDocent_Contig_36026	1	300	2	110	36.6667	0.733333	36.5	60
dDocent_Contig_36027	1	369	13	331	89.7019	4.23577	35.5	60
dDocent_Contig_36029	1	304	9	171	56.25	3.59868	36.6	60
dDocent_Contig_36032	1	281	16	206	73.3096	6.6726	36.4	60
dDocent_Contig_36033	1	411	6	162	39.4161	1.94647	36.8	60
dDocent_Contig_36037	1	477	4	232	48.6373	1.16143	36.9	60
dDocent_Contig_36040	1	353	4	145	41.0765	1.33994	36.7	60
dDocent_Contig_36041	1	283	3	168	59.364	1.36749	36.6	60
dDocent_Contig_36047	1	429	10	133	31.0023	2.52681	36.8	60
dDocent_Contig_36052	1	322	10	195	60.559	3.70807	36.7	60
dDocent_Contig_36053	1	266	11	236	88.7218	5.45489	33.4	60
dDocent_Contig_36059	1	403	8	150	37.2208	2.24318	35.5	60
dDocent_Contig_36060	1	322	37	275	85.4037	11.0776	35.6	56.6
dDocent_Contig_36063	1	338	3	128	37.8698	0.775148	36.5	60
dDocent_Contig_36064	1	256	9	116	45.3125	3.46484	36.4	60
dDocent_Contig_36066	1	336	34	213	63.3929	12.9048	35.4	60
dDocent_Contig_36069	1	348	43	242	69.5402	14.9282	35.5	60
dDocent_Contig_36070	1	274	19	197	71.8978	7.22628	35.5	60
dDocent_Contig_36071	1	483	29	318	65.8385	7.37888	35.3	59.6
dDocent_Contig_1300	1	438	0	0	0	0	0	0
dDocent_Contig_1426	1	384	0	0	0	0	0	0
dDocent_Contig_1428	1	402	0	0	0	0	0	0
dDocent_Contig_1536	1	373	0	0	0	0	0	0
dDocent_Contig_1813	1	363	0	0	0	0	0	0
dDocent_Contig_1905	1	398	0	0	0	0	0	0
dDocent_Contig_1953	1	397	0	0	0	0	0	0
dDocent_Contig_1972	1	398	0	0	0	0	0	0
dDocent_Contig_2092	1	399	0	0	0	0	0	0
dDocent_Contig_2273	1	414	0	0	0	0	0	0
dDocent_Contig_2510	1	488	0	0	0	0	0	0
dDocent_Contig_2698	1	419	0	0	0	0	0	0
dDocent_Contig_2949	1	337	0	0	0	0	0	0
dDocent_Contig_3011	1	463	0	0	0	0	0	0
dDocent_Contig_3094	1	445	0	0	0	0	0	0
dDocent_Contig_3166	1	416	0	0	0	0	0	0
dDocent_Contig_3467	1	322	0	0	0	0	0	0
dDocent_Contig_3481	1	397	0	0	0	0	0	0
dDocent_Contig_3518	1	335	0	0	0	0	0	0
dDocent_Contig_3575	1	459	0	0	0	0	0	0
dDocent_Contig_3995	1	437	0	0	0	0	0	0
dDocent_Contig_4496	1	394	0	0	0	0	0	0
dDocent_Contig_4686	1	411	0	0	0	0	0	0
dDocent_Contig_5112	1	465	0	0	0	0	0	0
dDocent_Contig_5338	1	426	0	0	0	0	0	0
dDocent_Contig_5379	1	416	0	0	0	0	0	0
dDocent_Contig_5529	1	391	0	0	0	0	0	0
dDocent_Contig_5581	1	403	0	0	0	0	0	0
dDocent_Contig_5866	1	433	0	0	0	0	0	0
dDocent_Contig_5916	1	488	0	0	0	0	0	0
dDocent_Contig_5973	1	398	0	0	0	0	0	0
dDocent_Contig_6116	1	443	0	0	0	0	0	0
dDocent_Contig_6393	1	365	0	0	0	0	0	0
dDocent_Contig_6418	1	396	0	0	0	0	0	0
dDocent_Contig_6503	1	490	0	0	0	0	0	0
dDocent_Contig_6615	1	401	0	0	0	0	0	0
dDocent_Contig_6700	1	421	0	0	0	0	0	0
dDocent_Contig_6734	1	360	0	0	0	0	0	0
dDocent_Contig_6742	1	413	0	0	0	0	0	0
dDocent_Contig_6792	1	386	0	0	0	0	0	0
dDocent_Contig_6883	1	387	0	0	0	0	0	0
dDocent_Contig_6929	1	441	0	0	0	0	0	0
dDocent_Contig_6983	1	397	0	0	0	0	0	0
dDocent_Contig_7364	1	465	0	0	0	0	0	0
dDocent_Contig_7746	1	400	0	0	0	0	0	0
dDocent_Contig_7891	1	492	0	0	0	0	0	0
dDocent_Contig_7900	1	435	0	0	0	0	0	0
dDocent_Contig_7962	1	404	0	0	0	0	0	0
dDocent_Contig_8025	1	423	0	0	0	0	0	0
dDocent_Contig_8139	1	382	0	0	0	0	0	0
dDocent_Contig_8186	1	365	0	0	0	0	0	0
dDocent_Contig_8248	1	416	0	0	0	0	0	0
dDocent_Contig_8379	1	403	0	0	0	0	0	0
dDocent_Contig_8565	1	379	0	0	0	0	0	0
dDocent_Contig_8683	1	370	0	0	0	0	0	0
dDocent_Contig_8741	1	430	0	0	0	0	0	0
dDocent_Contig_8812	1	413	0	0	0	0	0	0
dDocent_Contig_9135	1	395	0	0	0	0	0	0
dDocent_Contig_9328	1	453	0	0	0	0	0	0
dDocent_Contig_9414	1	362	0	0	0	0	0	0
dDocent_Contig_9527	1	378	0	0	0	0	0	0
dDocent_Contig_9565	1	441	0	0	0	0	0	0
dDocent_Contig_9576	1	334	0	0	0	0	0	0
dDocent_Contig_9617	1	377	0	0	0	0	0	0
dDocent_Contig_9674	1	437	0	0	0	0	0	0
dDocent_Contig_9705	1	364	0	0	0	0	0	0
dDocent_Contig_10012	1	303	0	0	0	0	0	0
dDocent_Contig_10040	1	509	0	0	0	0	0	0
dDocent_Contig_10235	1	367	0	0	0	0	0	0
dDocent_Contig_10262	1	431	0	0	0	0	0	0
dDocent_Contig_10930	1	405	0	0	0	0	0	0
dDocent_Contig_11016	1	369	0	0	0	0	0	0
dDocent_Contig_11108	1	342	0	0	0	0	0	0
dDocent_Contig_11206	1	397	0	0	0	0	0	0
dDocent_Contig_11219	1	405	0	0	0	0	0	0
dDocent_Contig_11265	1	368	0	0	0	0	0	0
dDocent_Contig_11306	1	329	0	0	0	0	0	0
dDocent_Contig_11367	1	314	0	0	0	0	0	0
dDocent_Contig_11503	1	383	0	0	0	0	0	0
dDocent_Contig_11683	1	368	0	0	0	0	0	0
dDocent_Contig_11687	1	410	0	0	0	0	0	0
dDocent_Contig_11833	1	396	0	0	0	0	0	0
dDocent_Contig_11884	1	404	0	0	0	0	0	0
dDocent_Contig_11955	1	503	0	0	0	0	0	0
dDocent_Contig_12034	1	385	0	0	0	0	0	0
dDocent_Contig_12066	1	516	0	0	0	0	0	0
dDocent_Contig_12089	1	353	0	0	0	0	0	0
dDocent_Contig_12114	1	398	0	0	0	0	0	0
dDocent_Contig_12317	1	345	0	0	0	0	0	0
dDocent_Contig_12466	1	370	0	0	0	0	0	0
dDocent_Contig_12592	1	448	0	0	0	0	0	0
dDocent_Contig_12609	1	385	0	0	0	0	0	0
dDocent_Contig_12688	1	403	0	0	0	0	0	0
dDocent_Contig_12914	1	398	0	0	0	0	0	0
dDocent_Contig_12960	1	453	0	0	0	0	0	0
dDocent_Contig_13235	1	417	0	0	0	0	0	0
dDocent_Contig_13273	1	367	0	0	0	0	0	0
dDocent_Contig_13335	1	393	0	0	0	0	0	0
dDocent_Contig_13353	1	466	0	0	0	0	0	0
dDocent_Contig_13862	1	380	0	0	0	0	0	0
dDocent_Contig_13932	1	484	0	0	0	0	0	0
dDocent_Contig_14026	1	494	0	0	0	0	0	0
dDocent_Contig_14058	1	508	0	0	0	0	0	0
dDocent_Contig_14188	1	381	0	0	0	0	0	0
dDocent_Contig_14332	1	445	0	0	0	0	0	0
dDocent_Contig_14706	1	389	0	0	0	0	0	0
dDocent_Contig_14758	1	371	0	0	0	0	0	0
dDocent_Contig_14854	1	386	0	0	0	0	0	0
dDocent_Contig_14885	1	390	0	0	0	0	0	0
dDocent_Contig_14906	1	392	0	0	0	0	0	0
dDocent_Contig_14975	1	440	0	0	0	0	0	0
dDocent_Contig_15031	1	476	0	0	0	0	0	0
dDocent_Contig_15051	1	381	0	0	0	0	0	0
dDocent_Contig_15106	1	461	0	0	0	0	0	0
dDocent_Contig_15347	1	374	0	0	0	0	0	0
dDocent_Contig_15891	1	436	0	0	0	0	0	0
dDocent_Contig_15978	1	349	0	0	0	0	0	0
dDocent_Contig_16270	1	406	0	0	0	0	0	0
dDocent_Contig_16475	1	395	0	0	0	0	0	0
dDocent_Contig_16841	1	375	0	0	0	0	0	0
dDocent_Contig_16951	1	485	0	0	0	0	0	0
dDocent_Contig_17015	1	361	0	0	0	0	0	0
dDocent_Contig_17386	1	334	0	0	0	0	0	0
dDocent_Contig_17517	1	307	0	0	0	0	0	0
dDocent_Contig_17687	1	437	0	0	0	0	0	0
dDocent_Contig_17702	1	406	0	0	0	0	0	0
dDocent_Contig_17811	1	358	0	0	0	0	0	0
dDocent_Contig_17825	1	479	0	0	0	0	0	0
dDocent_Contig_17828	1	433	0	0	0	0	0	0
dDocent_Contig_17868	1	477	0	0	0	0	0	0
dDocent_Contig_17915	1	427	0	0	0	0	0	0
dDocent_Contig_17961	1	493	0	0	0	0	0	0
dDocent_Contig_18032	1	458	0	0	0	0	0	0
dDocent_Contig_18044	1	402	0	0	0	0	0	0
dDocent_Contig_18078	1	421	0	0	0	0	0	0
dDocent_Contig_18449	1	376	0	0	0	0	0	0
dDocent_Contig_18856	1	464	0	0	0	0	0	0
dDocent_Contig_18984	1	387	0	0	0	0	0	0
dDocent_Contig_19265	1	446	0	0	0	0	0	0
dDocent_Contig_19275	1	466	0	0	0	0	0	0
dDocent_Contig_19785	1	452	0	0	0	0	0	0
dDocent_Contig_19951	1	481	0	0	0	0	0	0
dDocent_Contig_20289	1	436	0	0	0	0	0	0
dDocent_Contig_20470	1	363	0	0	0	0	0	0
dDocent_Contig_20516	1	393	0	0	0	0	0	0
dDocent_Contig_20529	1	418	0	0	0	0	0	0
dDocent_Contig_20628	1	398	0	0	0	0	0	0
dDocent_Contig_20672	1	488	0	0	0	0	0	0
dDocent_Contig_20721	1	423	0	0	0	0	0	0
dDocent_Contig_20811	1	353	0	0	0	0	0	0
dDocent_Contig_20919	1	513	0	0	0	0	0	0
dDocent_Contig_20993	1	441	0	0	0	0	0	0
dDocent_Contig_21105	1	426	0	0	0	0	0	0
dDocent_Contig_21613	1	468	0	0	0	0	0	0
dDocent_Contig_21640	1	502	0	0	0	0	0	0
dDocent_Contig_21678	1	473	0	0	0	0	0	0
dDocent_Contig_21748	1	325	0	0	0	0	0	0
dDocent_Contig_21823	1	423	0	0	0	0	0	0
dDocent_Contig_21862	1	375	0	0	0	0	0	0
dDocent_Contig_21897	1	393	0	0	0	0	0	0
dDocent_Contig_21938	1	409	0	0	0	0	0	0
dDocent_Contig_22040	1	359	0	0	0	0	0	0
dDocent_Contig_22073	1	441	0	0	0	0	0	0
dDocent_Contig_22078	1	421	0	0	0	0	0	0
dDocent_Contig_22307	1	403	0	0	0	0	0	0
dDocent_Contig_22324	1	446	0	0	0	0	0	0
dDocent_Contig_22366	1	394	0	0	0	0	0	0
dDocent_Contig_22367	1	293	0	0	0	0	0	0
dDocent_Contig_22409	1	308	0	0	0	0	0	0
dDocent_Contig_22445	1	380	0	0	0	0	0	0
dDocent_Contig_22513	1	359	0	0	0	0	0	0
dDocent_Contig_22554	1	319	0	0	0	0	0	0
dDocent_Contig_22655	1	426	0	0	0	0	0	0
dDocent_Contig_22709	1	372	0	0	0	0	0	0
dDocent_Contig_22725	1	498	0	0	0	0	0	0
dDocent_Contig_22737	1	383	0	0	0	0	0	0
dDocent_Contig_22739	1	337	0	0	0	0	0	0
dDocent_Contig_22810	1	364	0	0	0	0	0	0
dDocent_Contig_22864	1	349	0	0	0	0	0	0
dDocent_Contig_23013	1	408	0	0	0	0	0	0
dDocent_Contig_23271	1	371	0	0	0	0	0	0
dDocent_Contig_23427	1	370	0	0	0	0	0	0
dDocent_Contig_23628	1	370	0	0	0	0	0	0
dDocent_Contig_23822	1	404	0	0	0	0	0	0
dDocent_Contig_23864	1	451	0	0	0	0	0	0
dDocent_Contig_24209	1	339	0	0	0	0	0	0
dDocent_Contig_24292	1	347	0	0	0	0	0	0
dDocent_Contig_24295	1	427	0	0	0	0	0	0
dDocent_Contig_24300	1	402	0	0	0	0	0	0
dDocent_Contig_24462	1	512	0	0	0	0	0	0
dDocent_Contig_24494	1	441	0	0	0	0	0	0
dDocent_Contig_24631	1	441	0	0	0	0	0	0
dDocent_Contig_24642	1	389	0	0	0	0	0	0
dDocent_Contig_24760	1	319	0	0	0	0	0	0
dDocent_Contig_24814	1	447	0	0	0	0	0	0
dDocent_Contig_24850	1	348	0	0	0	0	0	0
dDocent_Contig_24890	1	345	0	0	0	0	0	0
dDocent_Contig_24905	1	394	0	0	0	0	0	0
dDocent_Contig_25020	1	394	0	0	0	0	0	0
dDocent_Contig_25189	1	340	0	0	0	0	0	0
dDocent_Contig_25210	1	437	0	0	0	0	0	0
dDocent_Contig_25335	1	396	0	0	0	0	0	0
dDocent_Contig_25390	1	460	0	0	0	0	0	0
dDocent_Contig_25425	1	334	0	0	0	0	0	0
dDocent_Contig_25468	1	406	0	0	0	0	0	0
dDocent_Contig_25860	1	461	0	0	0	0	0	0
dDocent_Contig_25896	1	393	0	0	0	0	0	0
dDocent_Contig_26196	1	405	0	0	0	0	0	0
dDocent_Contig_26214	1	368	0	0	0	0	0	0
dDocent_Contig_26315	1	456	0	0	0	0	0	0
dDocent_Contig_26491	1	379	0	0	0	0	0	0
dDocent_Contig_27088	1	385	0	0	0	0	0	0
dDocent_Contig_27334	1	348	0	0	0	0	0	0
dDocent_Contig_27360	1	468	0	0	0	0	0	0
dDocent_Contig_27436	1	393	0	0	0	0	0	0
dDocent_Contig_27681	1	328	0	0	0	0	0	0
dDocent_Contig_28020	1	368	0	0	0	0	0	0
dDocent_Contig_28226	1	488	0	0	0	0	0	0
dDocent_Contig_28295	1	467	0	0	0	0	0	0
dDocent_Contig_28482	1	383	0	0	0	0	0	0
dDocent_Contig_28594	1	480	0	0	0	0	0	0
dDocent_Contig_28704	1	347	0	0	0	0	0	0
dDocent_Contig_28950	1	450	0	0	0	0	0	0
dDocent_Contig_29115	1	421	0	0	0	0	0	0
dDocent_Contig_29187	1	412	0	0	0	0	0	0
dDocent_Contig_29390	1	424	0	0	0	0	0	0
dDocent_Contig_29467	1	452	0	0	0	0	0	0
dDocent_Contig_29495	1	500	0	0	0	0	0	0
dDocent_Contig_29559	1	308	0	0	0	0	0	0
dDocent_Contig_29881	1	341	0	0	0	0	0	0
dDocent_Contig_29894	1	414	0	0	0	0	0	0
dDocent_Contig_30170	1	405	0	0	0	0	0	0
dDocent_Contig_30200	1	499	0	0	0	0	0	0
dDocent_Contig_30209	1	409	0	0	0	0	0	0
dDocent_Contig_30382	1	446	0	0	0	0	0	0
dDocent_Contig_30390	1	301	0	0	0	0	0	0
dDocent_Contig_30498	1	421	0	0	0	0	0	0
dDocent_Contig_30535	1	386	0	0	0	0	0	0
dDocent_Contig_30600	1	362	0	0	0	0	0	0
dDocent_Contig_30613	1	446	0	0	0	0	0	0
dDocent_Contig_30891	1	394	0	0	0	0	0	0
dDocent_Contig_30906	1	395	0	0	0	0	0	0
dDocent_Contig_31127	1	403	0	0	0	0	0	0
dDocent_Contig_31164	1	354	0	0	0	0	0	0
dDocent_Contig_31290	1	365	0	0	0	0	0	0
dDocent_Contig_31503	1	318	0	0	0	0	0	0
dDocent_Contig_31644	1	400	0	0	0	0	0	0
dDocent_Contig_31719	1	382	0	0	0	0	0	0
dDocent_Contig_31735	1	455	0	0	0	0	0	0
dDocent_Contig_31939	1	429	0	0	0	0	0	0
dDocent_Contig_31944	1	422	0	0	0	0	0	0
dDocent_Contig_31962	1	426	0	0	0	0	0	0
dDocent_Contig_32088	1	494	0	0	0	0	0	0
dDocent_Contig_32278	1	439	0	0	0	0	0	0
dDocent_Contig_32538	1	442	0	0	0	0	0	0
dDocent_Contig_32628	1	404	0	0	0	0	0	0
dDocent_Contig_32675	1	500	0	0	0	0	0	0
dDocent_Contig_32685	1	453	0	0	0	0	0	0
dDocent_Contig_32985	1	484	0	0	0	0	0	0
dDocent_Contig_33056	1	479	0	0	0	0	0	0
dDocent_Contig_33129	1	416	0	0	0	0	0	0
dDocent_Contig_33166	1	379	0	0	0	0	0	0
dDocent_Contig_33224	1	363	0	0	0	0	0	0
dDocent_Contig_33459	1	478	0	0	0	0	0	0
dDocent_Contig_33490	1	359	0	0	0	0	0	0
dDocent_Contig_33601	1	399	0	0	0	0	0	0
dDocent_Contig_33689	1	356	0	0	0	0	0	0
dDocent_Contig_33863	1	452	0	0	0	0	0	0
dDocent_Contig_33873	1	440	0	0	0	0	0	0
dDocent_Contig_33948	1	421	0	0	0	0	0	0
dDocent_Contig_34319	1	397	0	0	0	0	0	0
dDocent_Contig_34705	1	394	0	0	0	0	0	0
dDocent_Contig_34790	1	415	0	0	0	0	0	0
dDocent_Contig_34835	1	396	0	0	0	0	0	0
dDocent_Contig_34970	1	412	0	0	0	0	0	0
dDocent_Contig_35076	1	368	0	0	0	0	0	0
dDocent_Contig_35254	1	429	0	0	0	0	0	0
dDocent_Contig_35334	1	381	0	0	0	0	0	0
dDocent_Contig_35495	1	401	0	0	0	0	0	0
dDocent_Contig_35862	1	463	0	0	0	0	0	0
dDocent_Contig_57	1	328	0	0	0	0	0	0
dDocent_Contig_60	1	307	0	0	0	0	0	0
dDocent_Contig_74	1	504	0	0	0	0	0	0
dDocent_Contig_81	1	407	0	0	0	0	0	0
dDocent_Contig_82	1	391	0	0	0	0	0	0
dDocent_Contig_184	1	466	0	0	0	0	0	0
dDocent_Contig_207	1	468	0	0	0	0	0	0
dDocent_Contig_227	1	398	0	0	0	0	0	0
dDocent_Contig_231	1	419	0	0	0	0	0	0
dDocent_Contig_242	1	411	0	0	0	0	0	0
dDocent_Contig_243	1	407	0	0	0	0	0	0
dDocent_Contig_318	1	482	0	0	0	0	0	0
dDocent_Contig_326	1	458	0	0	0	0	0	0
dDocent_Contig_444	1	384	0	0	0	0	0	0
dDocent_Contig_445	1	487	0	0	0	0	0	0
dDocent_Contig_498	1	434	0	0	0	0	0	0
dDocent_Contig_499	1	433	0	0	0	0	0	0
dDocent_Contig_501	1	472	0	0	0	0	0	0
dDocent_Contig_533	1	431	0	0	0	0	0	0
dDocent_Contig_569	1	452	0	0	0	0	0	0
dDocent_Contig_821	1	357	0	0	0	0	0	0
dDocent_Contig_828	1	504	0	0	0	0	0	0
dDocent_Contig_830	1	415	0	0	0	0	0	0
dDocent_Contig_1269	1	355	0	0	0	0	0	0
dDocent_Contig_1270	1	401	0	0	0	0	0	0
dDocent_Contig_1273	1	358	0	0	0	0	0	0
dDocent_Contig_1282	1	423	0	0	0	0	0	0
dDocent_Contig_1283	1	321	0	0	0	0	0	0
dDocent_Contig_1285	1	451	0	0	0	0	0	0
dDocent_Contig_1287	1	373	0	0	0	0	0	0
dDocent_Contig_1295	1	382	0	0	0	0	0	0
dDocent_Contig_1296	1	333	0	0	0	0	0	0
dDocent_Contig_1297	1	409	0	0	0	0	0	0
dDocent_Contig_1298	1	297	0	0	0	0	0	0
dDocent_Contig_1309	1	381	0	0	0	0	0	0
dDocent_Contig_1311	1	402	0	0	0	0	0	0
dDocent_Contig_1312	1	317	0	0	0	0	0	0
dDocent_Contig_1313	1	451	0	0	0	0	0	0
dDocent_Contig_1317	1	340	0	0	0	0	0	0
dDocent_Contig_1319	1	259	0	0	0	0	0	0
dDocent_Contig_1322	1	335	0	0	0	0	0	0
dDocent_Contig_1323	1	424	0	0	0	0	0	0
dDocent_Contig_1325	1	348	0	0	0	0	0	0
dDocent_Contig_1330	1	330	0	0	0	0	0	0
dDocent_Contig_1333	1	397	0	0	0	0	0	0
dDocent_Contig_1338	1	345	0	0	0	0	0	0
dDocent_Contig_1339	1	442	0	0	0	0	0	0
dDocent_Contig_1345	1	273	0	0	0	0	0	0
dDocent_Contig_1376	1	447	0	0	0	0	0	0
dDocent_Contig_1381	1	308	0	0	0	0	0	0
dDocent_Contig_1383	1	308	0	0	0	0	0	0
dDocent_Contig_1384	1	472	0	0	0	0	0	0
dDocent_Contig_1390	1	397	0	0	0	0	0	0
dDocent_Contig_1393	1	291	0	0	0	0	0	0
dDocent_Contig_1394	1	304	0	0	0	0	0	0
dDocent_Contig_1395	1	311	0	0	0	0	0	0
dDocent_Contig_1396	1	391	0	0	0	0	0	0
dDocent_Contig_1398	1	317	0	0	0	0	0	0
dDocent_Contig_1400	1	337	0	0	0	0	0	0
dDocent_Contig_1401	1	423	0	0	0	0	0	0
dDocent_Contig_1402	1	456	0	0	0	0	0	0
dDocent_Contig_1404	1	397	0	0	0	0	0	0
dDocent_Contig_1405	1	311	0	0	0	0	0	0
dDocent_Contig_1407	1	441	0	0	0	0	0	0
dDocent_Contig_1408	1	362	0	0	0	0	0	0
dDocent_Contig_1409	1	476	0	0	0	0	0	0
dDocent_Contig_1410	1	390	0	0	0	0	0	0
dDocent_Contig_1414	1	398	0	0	0	0	0	0
dDocent_Contig_1415	1	473	0	0	0	0	0	0
dDocent_Contig_1419	1	386	0	0	0	0	0	0
dDocent_Contig_1431	1	386	0	0	0	0	0	0
dDocent_Contig_1433	1	335	0	0	0	0	0	0
dDocent_Contig_1434	1	401	0	0	0	0	0	0
dDocent_Contig_1463	1	368	0	0	0	0	0	0
dDocent_Contig_1465	1	291	0	0	0	0	0	0
dDocent_Contig_1466	1	302	0	0	0	0	0	0
dDocent_Contig_1468	1	350	0	0	0	0	0	0
dDocent_Contig_1471	1	386	0	0	0	0	0	0
dDocent_Contig_1472	1	345	0	0	0	0	0	0
dDocent_Contig_1473	1	381	0	0	0	0	0	0
dDocent_Contig_1475	1	395	0	0	0	0	0	0
dDocent_Contig_1477	1	380	0	0	0	0	0	0
dDocent_Contig_1478	1	379	0	0	0	0	0	0
dDocent_Contig_1479	1	401	0	0	0	0	0	0
dDocent_Contig_1480	1	274	0	0	0	0	0	0
dDocent_Contig_1484	1	388	0	0	0	0	0	0
dDocent_Contig_1499	1	483	0	0	0	0	0	0
dDocent_Contig_1503	1	361	0	0	0	0	0	0
dDocent_Contig_1504	1	391	0	0	0	0	0	0
dDocent_Contig_1505	1	277	0	0	0	0	0	0
dDocent_Contig_1506	1	379	0	0	0	0	0	0
dDocent_Contig_1508	1	361	0	0	0	0	0	0
dDocent_Contig_1509	1	400	0	0	0	0	0	0
dDocent_Contig_1510	1	373	0	0	0	0	0	0
dDocent_Contig_1511	1	400	0	0	0	0	0	0
dDocent_Contig_1512	1	396	0	0	0	0	0	0
dDocent_Contig_1513	1	379	0	0	0	0	0	0
dDocent_Contig_1517	1	315	0	0	0	0	0	0
dDocent_Contig_1518	1	346	0	0	0	0	0	0
dDocent_Contig_1519	1	284	0	0	0	0	0	0
dDocent_Contig_1524	1	279	0	0	0	0	0	0
dDocent_Contig_1528	1	276	0	0	0	0	0	0
dDocent_Contig_1529	1	407	0	0	0	0	0	0
dDocent_Contig_1533	1	322	0	0	0	0	0	0
dDocent_Contig_1535	1	414	0	0	0	0	0	0
dDocent_Contig_1537	1	391	0	0	0	0	0	0
dDocent_Contig_1540	1	332	0	0	0	0	0	0
dDocent_Contig_1541	1	434	0	0	0	0	0	0
dDocent_Contig_1543	1	451	0	0	0	0	0	0
dDocent_Contig_1544	1	361	0	0	0	0	0	0
dDocent_Contig_1549	1	295	0	0	0	0	0	0
dDocent_Contig_1550	1	397	0	0	0	0	0	0
dDocent_Contig_1555	1	357	0	0	0	0	0	0
dDocent_Contig_1563	1	425	0	0	0	0	0	0
dDocent_Contig_1564	1	408	0	0	0	0	0	0
dDocent_Contig_1573	1	376	0	0	0	0	0	0
dDocent_Contig_1577	1	397	0	0	0	0	0	0
dDocent_Contig_1590	1	337	0	0	0	0	0	0
dDocent_Contig_1591	1	285	0	0	0	0	0	0
dDocent_Contig_1592	1	407	0	0	0	0	0	0
dDocent_Contig_1594	1	325	0	0	0	0	0	0
dDocent_Contig_1596	1	391	0	0	0	0	0	0
dDocent_Contig_1597	1	279	0	0	0	0	0	0
dDocent_Contig_1602	1	382	0	0	0	0	0	0
dDocent_Contig_1603	1	294	0	0	0	0	0	0
dDocent_Contig_1604	1	405	0	0	0	0	0	0
dDocent_Contig_1605	1	373	0	0	0	0	0	0
dDocent_Contig_1606	1	276	0	0	0	0	0	0
dDocent_Contig_1607	1	272	0	0	0	0	0	0
dDocent_Contig_1608	1	263	0	0	0	0	0	0
dDocent_Contig_1614	1	434	0	0	0	0	0	0
dDocent_Contig_1616	1	410	0	0	0	0	0	0
dDocent_Contig_1621	1	397	0	0	0	0	0	0
dDocent_Contig_1622	1	407	0	0	0	0	0	0
dDocent_Contig_1623	1	314	0	0	0	0	0	0
dDocent_Contig_1624	1	397	0	0	0	0	0	0
dDocent_Contig_1630	1	275	0	0	0	0	0	0
dDocent_Contig_1632	1	348	0	0	0	0	0	0
dDocent_Contig_1633	1	393	0	0	0	0	0	0
dDocent_Contig_1634	1	382	0	0	0	0	0	0
dDocent_Contig_1636	1	410	0	0	0	0	0	0
dDocent_Contig_1640	1	421	0	0	0	0	0	0
dDocent_Contig_1643	1	308	0	0	0	0	0	0
dDocent_Contig_1644	1	445	0	0	0	0	0	0
dDocent_Contig_1646	1	382	0	0	0	0	0	0
dDocent_Contig_1647	1	416	0	0	0	0	0	0
dDocent_Contig_1649	1	308	0	0	0	0	0	0
dDocent_Contig_1650	1	385	0	0	0	0	0	0
dDocent_Contig_1651	1	260	0	0	0	0	0	0
dDocent_Contig_1652	1	353	0	0	0	0	0	0
dDocent_Contig_1654	1	390	0	0	0	0	0	0
dDocent_Contig_1655	1	382	0	0	0	0	0	0
dDocent_Contig_1664	1	365	0	0	0	0	0	0
dDocent_Contig_1669	1	366	0	0	0	0	0	0
dDocent_Contig_1673	1	387	0	0	0	0	0	0
dDocent_Contig_1674	1	338	0	0	0	0	0	0
dDocent_Contig_1675	1	388	0	0	0	0	0	0
dDocent_Contig_1680	1	369	0	0	0	0	0	0
dDocent_Contig_1684	1	385	0	0	0	0	0	0
dDocent_Contig_1689	1	370	0	0	0	0	0	0
dDocent_Contig_1691	1	353	0	0	0	0	0	0
dDocent_Contig_1698	1	394	0	0	0	0	0	0
dDocent_Contig_1705	1	355	0	0	0	0	0	0
dDocent_Contig_1706	1	387	0	0	0	0	0	0
dDocent_Contig_1710	1	414	0	0	0	0	0	0
dDocent_Contig_1712	1	292	0	0	0	0	0	0
dDocent_Contig_1713	1	313	0	0	0	0	0	0
dDocent_Contig_1714	1	325	0	0	0	0	0	0
dDocent_Contig_1716	1	471	0	0	0	0	0	0
dDocent_Contig_1718	1	441	0	0	0	0	0	0
dDocent_Contig_1720	1	271	0	0	0	0	0	0
dDocent_Contig_1724	1	358	0	0	0	0	0	0
dDocent_Contig_1725	1	358	0	0	0	0	0	0
dDocent_Contig_1726	1	324	0	0	0	0	0	0
dDocent_Contig_1727	1	351	0	0	0	0	0	0
dDocent_Contig_1731	1	294	0	0	0	0	0	0
dDocent_Contig_1732	1	422	0	0	0	0	0	0
dDocent_Contig_1733	1	380	0	0	0	0	0	0
dDocent_Contig_1734	1	383	0	0	0	0	0	0
dDocent_Contig_1739	1	404	0	0	0	0	0	0
dDocent_Contig_1740	1	468	0	0	0	0	0	0
dDocent_Contig_1743	1	360	0	0	0	0	0	0
dDocent_Contig_1752	1	273	0	0	0	0	0	0
dDocent_Contig_1760	1	387	0	0	0	0	0	0
dDocent_Contig_1763	1	366	0	0	0	0	0	0
dDocent_Contig_1768	1	279	0	0	0	0	0	0
dDocent_Contig_1769	1	326	0	0	0	0	0	0
dDocent_Contig_1770	1	367	0	0	0	0	0	0
dDocent_Contig_1774	1	409	0	0	0	0	0	0
dDocent_Contig_1776	1	356	0	0	0	0	0	0
dDocent_Contig_1785	1	399	0	0	0	0	0	0
dDocent_Contig_1786	1	372	0	0	0	0	0	0
dDocent_Contig_1790	1	317	0	0	0	0	0	0
dDocent_Contig_1791	1	360	0	0	0	0	0	0
dDocent_Contig_1793	1	383	0	0	0	0	0	0
dDocent_Contig_1796	1	436	0	0	0	0	0	0
dDocent_Contig_1797	1	471	0	0	0	0	0	0
dDocent_Contig_1800	1	406	0	0	0	0	0	0
dDocent_Contig_1803	1	275	0	0	0	0	0	0
dDocent_Contig_1804	1	373	0	0	0	0	0	0
dDocent_Contig_1805	1	376	0	0	0	0	0	0
dDocent_Contig_1808	1	325	0	0	0	0	0	0
dDocent_Contig_1809	1	400	0	0	0	0	0	0
dDocent_Contig_1812	1	436	0	0	0	0	0	0
dDocent_Contig_1820	1	345	0	0	0	0	0	0
dDocent_Contig_1821	1	413	0	0	0	0	0	0
dDocent_Contig_1825	1	308	0	0	0	0	0	0
dDocent_Contig_1826	1	343	0	0	0	0	0	0
dDocent_Contig_1830	1	257	0	0	0	0	0	0
dDocent_Contig_1833	1	319	0	0	0	0	0	0
dDocent_Contig_1844	1	434	0	0	0	0	0	0
dDocent_Contig_1845	1	406	0	0	0	0	0	0
dDocent_Contig_1850	1	375	0	0	0	0	0	0
dDocent_Contig_1858	1	383	0	0	0	0	0	0
dDocent_Contig_1862	1	302	0	0	0	0	0	0
dDocent_Contig_1864	1	309	0	0	0	0	0	0
dDocent_Contig_1867	1	401	0	0	0	0	0	0
dDocent_Contig_1869	1	408	0	0	0	0	0	0
dDocent_Contig_1882	1	319	0	0	0	0	0	0
dDocent_Contig_1883	1	334	0	0	0	0	0	0
dDocent_Contig_1884	1	345	0	0	0	0	0	0
dDocent_Contig_1888	1	385	0	0	0	0	0	0
dDocent_Contig_1889	1	334	0	0	0	0	0	0
dDocent_Contig_1890	1	335	0	0	0	0	0	0
dDocent_Contig_1892	1	361	0	0	0	0	0	0
dDocent_Contig_1893	1	291	0	0	0	0	0	0
dDocent_Contig_1894	1	307	0	0	0	0	0	0
dDocent_Contig_1901	1	390	0	0	0	0	0	0
dDocent_Contig_1902	1	288	0	0	0	0	0	0
dDocent_Contig_1903	1	402	0	0	0	0	0	0
dDocent_Contig_1904	1	330	0	0	0	0	0	0
dDocent_Contig_1906	1	369	0	0	0	0	0	0
dDocent_Contig_1907	1	398	0	0	0	0	0	0
dDocent_Contig_1908	1	450	0	0	0	0	0	0
dDocent_Contig_1909	1	386	0	0	0	0	0	0
dDocent_Contig_1921	1	285	0	0	0	0	0	0
dDocent_Contig_1922	1	363	0	0	0	0	0	0
dDocent_Contig_1923	1	442	0	0	0	0	0	0
dDocent_Contig_1925	1	397	0	0	0	0	0	0
dDocent_Contig_1926	1	290	0	0	0	0	0	0
dDocent_Contig_1927	1	376	0	0	0	0	0	0
dDocent_Contig_1928	1	377	0	0	0	0	0	0
dDocent_Contig_1929	1	405	0	0	0	0	0	0
dDocent_Contig_1930	1	418	0	0	0	0	0	0
dDocent_Contig_1931	1	280	0	0	0	0	0	0
dDocent_Contig_1932	1	329	0	0	0	0	0	0
dDocent_Contig_1935	1	270	0	0	0	0	0	0
dDocent_Contig_1936	1	254	0	0	0	0	0	0
dDocent_Contig_1937	1	397	0	0	0	0	0	0
dDocent_Contig_1938	1	413	0	0	0	0	0	0
dDocent_Contig_1939	1	389	0	0	0	0	0	0
dDocent_Contig_1944	1	385	0	0	0	0	0	0
dDocent_Contig_1946	1	362	0	0	0	0	0	0
dDocent_Contig_1951	1	392	0	0	0	0	0	0
dDocent_Contig_1952	1	311	0	0	0	0	0	0
dDocent_Contig_1955	1	389	0	0	0	0	0	0
dDocent_Contig_1956	1	354	0	0	0	0	0	0
dDocent_Contig_1957	1	413	0	0	0	0	0	0
dDocent_Contig_1961	1	430	0	0	0	0	0	0
dDocent_Contig_1965	1	435	0	0	0	0	0	0
dDocent_Contig_1969	1	365	0	0	0	0	0	0
dDocent_Contig_1970	1	368	0	0	0	0	0	0
dDocent_Contig_1977	1	329	0	0	0	0	0	0
dDocent_Contig_1979	1	298	0	0	0	0	0	0
dDocent_Contig_1983	1	385	0	0	0	0	0	0
dDocent_Contig_1994	1	403	0	0	0	0	0	0
dDocent_Contig_1998	1	368	0	0	0	0	0	0
dDocent_Contig_1999	1	335	0	0	0	0	0	0
dDocent_Contig_2003	1	455	0	0	0	0	0	0
dDocent_Contig_2010	1	356	0	0	0	0	0	0
dDocent_Contig_2011	1	408	0	0	0	0	0	0
dDocent_Contig_2014	1	369	0	0	0	0	0	0
dDocent_Contig_2016	1	282	0	0	0	0	0	0
dDocent_Contig_2018	1	383	0	0	0	0	0	0
dDocent_Contig_2023	1	414	0	0	0	0	0	0
dDocent_Contig_2024	1	387	0	0	0	0	0	0
dDocent_Contig_2025	1	380	0	0	0	0	0	0
dDocent_Contig_2026	1	320	0	0	0	0	0	0
dDocent_Contig_2027	1	297	0	0	0	0	0	0
dDocent_Contig_2030	1	374	0	0	0	0	0	0
dDocent_Contig_2031	1	420	0	0	0	0	0	0
dDocent_Contig_2032	1	333	0	0	0	0	0	0
dDocent_Contig_2033	1	313	0	0	0	0	0	0
dDocent_Contig_2034	1	382	0	0	0	0	0	0
dDocent_Contig_2036	1	384	0	0	0	0	0	0
dDocent_Contig_2037	1	385	0	0	0	0	0	0
dDocent_Contig_2038	1	432	0	0	0	0	0	0
dDocent_Contig_2041	1	273	0	0	0	0	0	0
dDocent_Contig_2043	1	337	0	0	0	0	0	0
dDocent_Contig_2051	1	256	0	0	0	0	0	0
dDocent_Contig_2053	1	340	0	0	0	0	0	0
dDocent_Contig_2056	1	440	0	0	0	0	0	0
dDocent_Contig_2064	1	330	0	0	0	0	0	0
dDocent_Contig_2065	1	411	0	0	0	0	0	0
dDocent_Contig_2067	1	345	0	0	0	0	0	0
dDocent_Contig_2068	1	307	0	0	0	0	0	0
dDocent_Contig_2071	1	331	0	0	0	0	0	0
dDocent_Contig_2075	1	416	0	0	0	0	0	0
dDocent_Contig_2076	1	255	0	0	0	0	0	0
dDocent_Contig_2079	1	372	0	0	0	0	0	0
dDocent_Contig_2081	1	334	0	0	0	0	0	0
dDocent_Contig_2083	1	355	0	0	0	0	0	0
dDocent_Contig_2087	1	312	0	0	0	0	0	0
dDocent_Contig_2088	1	396	0	0	0	0	0	0
dDocent_Contig_2094	1	337	0	0	0	0	0	0
dDocent_Contig_2097	1	380	0	0	0	0	0	0
dDocent_Contig_2099	1	329	0	0	0	0	0	0
dDocent_Contig_2153	1	433	0	0	0	0	0	0
dDocent_Contig_2156	1	292	0	0	0	0	0	0
dDocent_Contig_2157	1	388	0	0	0	0	0	0
dDocent_Contig_2158	1	257	0	0	0	0	0	0
dDocent_Contig_2159	1	420	0	0	0	0	0	0
dDocent_Contig_2161	1	408	0	0	0	0	0	0
dDocent_Contig_2163	1	382	0	0	0	0	0	0
dDocent_Contig_2164	1	344	0	0	0	0	0	0
dDocent_Contig_2168	1	389	0	0	0	0	0	0
dDocent_Contig_2169	1	373	0	0	0	0	0	0
dDocent_Contig_2172	1	395	0	0	0	0	0	0
dDocent_Contig_2173	1	405	0	0	0	0	0	0
dDocent_Contig_2174	1	457	0	0	0	0	0	0
dDocent_Contig_2176	1	354	0	0	0	0	0	0
dDocent_Contig_2181	1	445	0	0	0	0	0	0
dDocent_Contig_2183	1	353	0	0	0	0	0	0
dDocent_Contig_2186	1	454	0	0	0	0	0	0
dDocent_Contig_2187	1	369	0	0	0	0	0	0
dDocent_Contig_2188	1	336	0	0	0	0	0	0
dDocent_Contig_2191	1	418	0	0	0	0	0	0
dDocent_Contig_2193	1	322	0	0	0	0	0	0
dDocent_Contig_2201	1	379	0	0	0	0	0	0
dDocent_Contig_2203	1	408	0	0	0	0	0	0
dDocent_Contig_2211	1	317	0	0	0	0	0	0
dDocent_Contig_2219	1	431	0	0	0	0	0	0
dDocent_Contig_2222	1	462	0	0	0	0	0	0
dDocent_Contig_2228	1	390	0	0	0	0	0	0
dDocent_Contig_2232	1	508	0	0	0	0	0	0
dDocent_Contig_2236	1	364	0	0	0	0	0	0
dDocent_Contig_2239	1	433	0	0	0	0	0	0
dDocent_Contig_2241	1	415	0	0	0	0	0	0
dDocent_Contig_2246	1	299	0	0	0	0	0	0
dDocent_Contig_2247	1	395	0	0	0	0	0	0
dDocent_Contig_2251	1	421	0	0	0	0	0	0
dDocent_Contig_2256	1	470	0	0	0	0	0	0
dDocent_Contig_2258	1	403	0	0	0	0	0	0
dDocent_Contig_2266	1	407	0	0	0	0	0	0
dDocent_Contig_2276	1	390	0	0	0	0	0	0
dDocent_Contig_2277	1	413	0	0	0	0	0	0
dDocent_Contig_2282	1	454	0	0	0	0	0	0
dDocent_Contig_2285	1	388	0	0	0	0	0	0
dDocent_Contig_2286	1	343	0	0	0	0	0	0
dDocent_Contig_2291	1	321	0	0	0	0	0	0
dDocent_Contig_2300	1	403	0	0	0	0	0	0
dDocent_Contig_2301	1	378	0	0	0	0	0	0
dDocent_Contig_2304	1	362	0	0	0	0	0	0
dDocent_Contig_2311	1	287	0	0	0	0	0	0
dDocent_Contig_2318	1	370	0	0	0	0	0	0
dDocent_Contig_2319	1	399	0	0	0	0	0	0
dDocent_Contig_2322	1	417	0	0	0	0	0	0
dDocent_Contig_2324	1	421	0	0	0	0	0	0
dDocent_Contig_2326	1	358	0	0	0	0	0	0
dDocent_Contig_2330	1	411	0	0	0	0	0	0
dDocent_Contig_2331	1	513	0	0	0	0	0	0
dDocent_Contig_2338	1	370	0	0	0	0	0	0
dDocent_Contig_2339	1	504	0	0	0	0	0	0
dDocent_Contig_2340	1	409	0	0	0	0	0	0
dDocent_Contig_2342	1	382	0	0	0	0	0	0
dDocent_Contig_2343	1	448	0	0	0	0	0	0
dDocent_Contig_2346	1	409	0	0	0	0	0	0
dDocent_Contig_2349	1	316	0	0	0	0	0	0
dDocent_Contig_2351	1	401	0	0	0	0	0	0
dDocent_Contig_2355	1	404	0	0	0	0	0	0
dDocent_Contig_2356	1	458	0	0	0	0	0	0
dDocent_Contig_2358	1	431	0	0	0	0	0	0
dDocent_Contig_2363	1	276	0	0	0	0	0	0
dDocent_Contig_2370	1	338	0	0	0	0	0	0
dDocent_Contig_2371	1	274	0	0	0	0	0	0
dDocent_Contig_2380	1	336	0	0	0	0	0	0
dDocent_Contig_2382	1	394	0	0	0	0	0	0
dDocent_Contig_2396	1	332	0	0	0	0	0	0
dDocent_Contig_2400	1	385	0	0	0	0	0	0
dDocent_Contig_2402	1	415	0	0	0	0	0	0
dDocent_Contig_2421	1	330	0	0	0	0	0	0
dDocent_Contig_2422	1	333	0	0	0	0	0	0
dDocent_Contig_2429	1	388	0	0	0	0	0	0
dDocent_Contig_2430	1	380	0	0	0	0	0	0
dDocent_Contig_2432	1	390	0	0	0	0	0	0
dDocent_Contig_2438	1	401	0	0	0	0	0	0
dDocent_Contig_2439	1	305	0	0	0	0	0	0
dDocent_Contig_2441	1	425	0	0	0	0	0	0
dDocent_Contig_2442	1	284	0	0	0	0	0	0
dDocent_Contig_2444	1	357	0	0	0	0	0	0
dDocent_Contig_2445	1	366	0	0	0	0	0	0
dDocent_Contig_2446	1	435	0	0	0	0	0	0
dDocent_Contig_2451	1	451	0	0	0	0	0	0
dDocent_Contig_2453	1	391	0	0	0	0	0	0
dDocent_Contig_2455	1	279	0	0	0	0	0	0
dDocent_Contig_2456	1	385	0	0	0	0	0	0
dDocent_Contig_2457	1	378	0	0	0	0	0	0
dDocent_Contig_2463	1	388	0	0	0	0	0	0
dDocent_Contig_2465	1	373	0	0	0	0	0	0
dDocent_Contig_2484	1	298	0	0	0	0	0	0
dDocent_Contig_2495	1	501	0	0	0	0	0	0
dDocent_Contig_2508	1	460	0	0	0	0	0	0
dDocent_Contig_2509	1	401	0	0	0	0	0	0
dDocent_Contig_2512	1	330	0	0	0	0	0	0
dDocent_Contig_2513	1	440	0	0	0	0	0	0
dDocent_Contig_2514	1	234	0	0	0	0	0	0
dDocent_Contig_2519	1	465	0	0	0	0	0	0
dDocent_Contig_2521	1	424	0	0	0	0	0	0
dDocent_Contig_2522	1	363	0	0	0	0	0	0
dDocent_Contig_2523	1	437	0	0	0	0	0	0
dDocent_Contig_2524	1	402	0	0	0	0	0	0
dDocent_Contig_2530	1	316	0	0	0	0	0	0
dDocent_Contig_2533	1	396	0	0	0	0	0	0
dDocent_Contig_2579	1	370	0	0	0	0	0	0
dDocent_Contig_2583	1	383	0	0	0	0	0	0
dDocent_Contig_2586	1	390	0	0	0	0	0	0
dDocent_Contig_2590	1	363	0	0	0	0	0	0
dDocent_Contig_2591	1	367	0	0	0	0	0	0
dDocent_Contig_2596	1	369	0	0	0	0	0	0
dDocent_Contig_2600	1	327	0	0	0	0	0	0
dDocent_Contig_2601	1	413	0	0	0	0	0	0
dDocent_Contig_2602	1	435	0	0	0	0	0	0
dDocent_Contig_2610	1	396	0	0	0	0	0	0
dDocent_Contig_2613	1	483	0	0	0	0	0	0
dDocent_Contig_2614	1	444	0	0	0	0	0	0
dDocent_Contig_2615	1	341	0	0	0	0	0	0
dDocent_Contig_2616	1	329	0	0	0	0	0	0
dDocent_Contig_2625	1	376	0	0	0	0	0	0
dDocent_Contig_2638	1	384	0	0	0	0	0	0
dDocent_Contig_2640	1	400	0	0	0	0	0	0
dDocent_Contig_2641	1	350	0	0	0	0	0	0
dDocent_Contig_2642	1	465	0	0	0	0	0	0
dDocent_Contig_2648	1	380	0	0	0	0	0	0
dDocent_Contig_2651	1	383	0	0	0	0	0	0
dDocent_Contig_2655	1	340	0	0	0	0	0	0
dDocent_Contig_2661	1	516	0	0	0	0	0	0
dDocent_Contig_2676	1	386	0	0	0	0	0	0
dDocent_Contig_2680	1	343	0	0	0	0	0	0
dDocent_Contig_2682	1	351	0	0	0	0	0	0
dDocent_Contig_2684	1	355	0	0	0	0	0	0
dDocent_Contig_2685	1	315	0	0	0	0	0	0
dDocent_Contig_2690	1	373	0	0	0	0	0	0
dDocent_Contig_2691	1	301	0	0	0	0	0	0
dDocent_Contig_2696	1	401	0	0	0	0	0	0
dDocent_Contig_2697	1	283	0	0	0	0	0	0
dDocent_Contig_2700	1	481	0	0	0	0	0	0
dDocent_Contig_2704	1	326	0	0	0	0	0	0
dDocent_Contig_2719	1	421	0	0	0	0	0	0
dDocent_Contig_2728	1	320	0	0	0	0	0	0
dDocent_Contig_2733	1	240	0	0	0	0	0	0
dDocent_Contig_2735	1	438	0	0	0	0	0	0
dDocent_Contig_2736	1	301	0	0	0	0	0	0
dDocent_Contig_2740	1	306	0	0	0	0	0	0
dDocent_Contig_2741	1	302	0	0	0	0	0	0
dDocent_Contig_2743	1	427	0	0	0	0	0	0
dDocent_Contig_2746	1	434	0	0	0	0	0	0
dDocent_Contig_2768	1	303	0	0	0	0	0	0
dDocent_Contig_2769	1	373	0	0	0	0	0	0
dDocent_Contig_2772	1	381	0	0	0	0	0	0
dDocent_Contig_2775	1	431	0	0	0	0	0	0
dDocent_Contig_2781	1	323	0	0	0	0	0	0
dDocent_Contig_2795	1	407	0	0	0	0	0	0
dDocent_Contig_2796	1	295	0	0	0	0	0	0
dDocent_Contig_2797	1	468	0	0	0	0	0	0
dDocent_Contig_2799	1	359	0	0	0	0	0	0
dDocent_Contig_2800	1	367	0	0	0	0	0	0
dDocent_Contig_2802	1	352	0	0	0	0	0	0
dDocent_Contig_2806	1	325	0	0	0	0	0	0
dDocent_Contig_2808	1	304	0	0	0	0	0	0
dDocent_Contig_2811	1	371	0	0	0	0	0	0
dDocent_Contig_2822	1	371	0	0	0	0	0	0
dDocent_Contig_2823	1	341	0	0	0	0	0	0
dDocent_Contig_2824	1	332	0	0	0	0	0	0
dDocent_Contig_2825	1	392	0	0	0	0	0	0
dDocent_Contig_2828	1	362	0	0	0	0	0	0
dDocent_Contig_2829	1	375	0	0	0	0	0	0
dDocent_Contig_2830	1	396	0	0	0	0	0	0
dDocent_Contig_2833	1	380	0	0	0	0	0	0
dDocent_Contig_2834	1	243	0	0	0	0	0	0
dDocent_Contig_2835	1	397	0	0	0	0	0	0
dDocent_Contig_2841	1	409	0	0	0	0	0	0
dDocent_Contig_2843	1	466	0	0	0	0	0	0
dDocent_Contig_2851	1	364	0	0	0	0	0	0
dDocent_Contig_2854	1	345	0	0	0	0	0	0
dDocent_Contig_2861	1	367	0	0	0	0	0	0
dDocent_Contig_2863	1	486	0	0	0	0	0	0
dDocent_Contig_2867	1	410	0	0	0	0	0	0
dDocent_Contig_2868	1	279	0	0	0	0	0	0
dDocent_Contig_2869	1	476	0	0	0	0	0	0
dDocent_Contig_2871	1	375	0	0	0	0	0	0
dDocent_Contig_2872	1	364	0	0	0	0	0	0
dDocent_Contig_2873	1	494	0	0	0	0	0	0
dDocent_Contig_2875	1	373	0	0	0	0	0	0
dDocent_Contig_2882	1	384	0	0	0	0	0	0
dDocent_Contig_2883	1	359	0	0	0	0	0	0
dDocent_Contig_2886	1	310	0	0	0	0	0	0
dDocent_Contig_2887	1	477	0	0	0	0	0	0
dDocent_Contig_2890	1	399	0	0	0	0	0	0
dDocent_Contig_2892	1	430	0	0	0	0	0	0
dDocent_Contig_2893	1	412	0	0	0	0	0	0
dDocent_Contig_2895	1	442	0	0	0	0	0	0
dDocent_Contig_2897	1	424	0	0	0	0	0	0
dDocent_Contig_2904	1	310	0	0	0	0	0	0
dDocent_Contig_2911	1	329	0	0	0	0	0	0
dDocent_Contig_2912	1	405	0	0	0	0	0	0
dDocent_Contig_2916	1	357	0	0	0	0	0	0
dDocent_Contig_2920	1	353	0	0	0	0	0	0
dDocent_Contig_2921	1	427	0	0	0	0	0	0
dDocent_Contig_2922	1	353	0	0	0	0	0	0
dDocent_Contig_2923	1	451	0	0	0	0	0	0
dDocent_Contig_2924	1	371	0	0	0	0	0	0
dDocent_Contig_2928	1	330	0	0	0	0	0	0
dDocent_Contig_2929	1	354	0	0	0	0	0	0
dDocent_Contig_2935	1	408	0	0	0	0	0	0
dDocent_Contig_2936	1	445	0	0	0	0	0	0
dDocent_Contig_2938	1	438	0	0	0	0	0	0
dDocent_Contig_2941	1	410	0	0	0	0	0	0
dDocent_Contig_2946	1	412	0	0	0	0	0	0
dDocent_Contig_2951	1	363	0	0	0	0	0	0
dDocent_Contig_2952	1	226	0	0	0	0	0	0
dDocent_Contig_2954	1	475	0	0	0	0	0	0
dDocent_Contig_2957	1	389	0	0	0	0	0	0
dDocent_Contig_2958	1	278	0	0	0	0	0	0
dDocent_Contig_2959	1	316	0	0	0	0	0	0
dDocent_Contig_2962	1	375	0	0	0	0	0	0
dDocent_Contig_2963	1	333	0	0	0	0	0	0
dDocent_Contig_2964	1	402	0	0	0	0	0	0
dDocent_Contig_2967	1	380	0	0	0	0	0	0
dDocent_Contig_2974	1	325	0	0	0	0	0	0
dDocent_Contig_2975	1	411	0	0	0	0	0	0
dDocent_Contig_2976	1	364	0	0	0	0	0	0
dDocent_Contig_2980	1	428	0	0	0	0	0	0
dDocent_Contig_2982	1	233	0	0	0	0	0	0
dDocent_Contig_2983	1	293	0	0	0	0	0	0
dDocent_Contig_2984	1	246	0	0	0	0	0	0
dDocent_Contig_2987	1	453	0	0	0	0	0	0
dDocent_Contig_2990	1	362	0	0	0	0	0	0
dDocent_Contig_2992	1	284	0	0	0	0	0	0
dDocent_Contig_2999	1	307	0	0	0	0	0	0
dDocent_Contig_3001	1	250	0	0	0	0	0	0
dDocent_Contig_3002	1	405	0	0	0	0	0	0
dDocent_Contig_3004	1	451	0	0	0	0	0	0
dDocent_Contig_3005	1	372	0	0	0	0	0	0
dDocent_Contig_3006	1	321	0	0	0	0	0	0
dDocent_Contig_3008	1	400	0	0	0	0	0	0
dDocent_Contig_3009	1	421	0	0	0	0	0	0
dDocent_Contig_3010	1	319	0	0	0	0	0	0
dDocent_Contig_3014	1	377	0	0	0	0	0	0
dDocent_Contig_3017	1	387	0	0	0	0	0	0
dDocent_Contig_3020	1	421	0	0	0	0	0	0
dDocent_Contig_3031	1	397	0	0	0	0	0	0
dDocent_Contig_3034	1	406	0	0	0	0	0	0
dDocent_Contig_3037	1	417	0	0	0	0	0	0
dDocent_Contig_3040	1	306	0	0	0	0	0	0
dDocent_Contig_3041	1	372	0	0	0	0	0	0
dDocent_Contig_3043	1	363	0	0	0	0	0	0
dDocent_Contig_3044	1	431	0	0	0	0	0	0
dDocent_Contig_3045	1	344	0	0	0	0	0	0
dDocent_Contig_3050	1	445	0	0	0	0	0	0
dDocent_Contig_3053	1	415	0	0	0	0	0	0
dDocent_Contig_3055	1	332	0	0	0	0	0	0
dDocent_Contig_3056	1	339	0	0	0	0	0	0
dDocent_Contig_3060	1	359	0	0	0	0	0	0
dDocent_Contig_3061	1	259	0	0	0	0	0	0
dDocent_Contig_3069	1	353	0	0	0	0	0	0
dDocent_Contig_3074	1	465	0	0	0	0	0	0
dDocent_Contig_3081	1	357	0	0	0	0	0	0
dDocent_Contig_3085	1	392	0	0	0	0	0	0
dDocent_Contig_3086	1	395	0	0	0	0	0	0
dDocent_Contig_3088	1	351	0	0	0	0	0	0
dDocent_Contig_3092	1	456	0	0	0	0	0	0
dDocent_Contig_3097	1	414	0	0	0	0	0	0
dDocent_Contig_3098	1	409	0	0	0	0	0	0
dDocent_Contig_3099	1	381	0	0	0	0	0	0
dDocent_Contig_3102	1	444	0	0	0	0	0	0
dDocent_Contig_3103	1	320	0	0	0	0	0	0
dDocent_Contig_3105	1	373	0	0	0	0	0	0
dDocent_Contig_3106	1	449	0	0	0	0	0	0
dDocent_Contig_3109	1	381	0	0	0	0	0	0
dDocent_Contig_3110	1	332	0	0	0	0	0	0
dDocent_Contig_3116	1	400	0	0	0	0	0	0
dDocent_Contig_3117	1	360	0	0	0	0	0	0
dDocent_Contig_3120	1	394	0	0	0	0	0	0
dDocent_Contig_3121	1	392	0	0	0	0	0	0
dDocent_Contig_3125	1	366	0	0	0	0	0	0
dDocent_Contig_3142	1	358	0	0	0	0	0	0
dDocent_Contig_3144	1	384	0	0	0	0	0	0
dDocent_Contig_3145	1	396	0	0	0	0	0	0
dDocent_Contig_3146	1	410	0	0	0	0	0	0
dDocent_Contig_3148	1	382	0	0	0	0	0	0
dDocent_Contig_3150	1	428	0	0	0	0	0	0
dDocent_Contig_3151	1	387	0	0	0	0	0	0
dDocent_Contig_3152	1	406	0	0	0	0	0	0
dDocent_Contig_3153	1	374	0	0	0	0	0	0
dDocent_Contig_3154	1	408	0	0	0	0	0	0
dDocent_Contig_3156	1	330	0	0	0	0	0	0
dDocent_Contig_3158	1	403	0	0	0	0	0	0
dDocent_Contig_3160	1	368	0	0	0	0	0	0
dDocent_Contig_3173	1	390	0	0	0	0	0	0
dDocent_Contig_3178	1	378	0	0	0	0	0	0
dDocent_Contig_3185	1	344	0	0	0	0	0	0
dDocent_Contig_3186	1	410	0	0	0	0	0	0
dDocent_Contig_3188	1	487	0	0	0	0	0	0
dDocent_Contig_3189	1	383	0	0	0	0	0	0
dDocent_Contig_3205	1	392	0	0	0	0	0	0
dDocent_Contig_3207	1	332	0	0	0	0	0	0
dDocent_Contig_3208	1	358	0	0	0	0	0	0
dDocent_Contig_3211	1	411	0	0	0	0	0	0
dDocent_Contig_3212	1	313	0	0	0	0	0	0
dDocent_Contig_3213	1	511	0	0	0	0	0	0
dDocent_Contig_3219	1	314	0	0	0	0	0	0
dDocent_Contig_3222	1	496	0	0	0	0	0	0
dDocent_Contig_3224	1	249	0	0	0	0	0	0
dDocent_Contig_3226	1	374	0	0	0	0	0	0
dDocent_Contig_3227	1	304	0	0	0	0	0	0
dDocent_Contig_3229	1	322	0	0	0	0	0	0
dDocent_Contig_3230	1	289	0	0	0	0	0	0
dDocent_Contig_3231	1	286	0	0	0	0	0	0
dDocent_Contig_3233	1	382	0	0	0	0	0	0
dDocent_Contig_3234	1	466	0	0	0	0	0	0
dDocent_Contig_3235	1	360	0	0	0	0	0	0
dDocent_Contig_3237	1	349	0	0	0	0	0	0
dDocent_Contig_3238	1	373	0	0	0	0	0	0
dDocent_Contig_3241	1	390	0	0	0	0	0	0
dDocent_Contig_3242	1	224	0	0	0	0	0	0
dDocent_Contig_3243	1	380	0	0	0	0	0	0
dDocent_Contig_3244	1	452	0	0	0	0	0	0
dDocent_Contig_3253	1	278	0	0	0	0	0	0
dDocent_Contig_3264	1	362	0	0	0	0	0	0
dDocent_Contig_3265	1	379	0	0	0	0	0	0
dDocent_Contig_3267	1	423	0	0	0	0	0	0
dDocent_Contig_3268	1	382	0	0	0	0	0	0
dDocent_Contig_3269	1	327	0	0	0	0	0	0
dDocent_Contig_3272	1	441	0	0	0	0	0	0
dDocent_Contig_3273	1	358	0	0	0	0	0	0
dDocent_Contig_3276	1	398	0	0	0	0	0	0
dDocent_Contig_3280	1	301	0	0	0	0	0	0
dDocent_Contig_3283	1	408	0	0	0	0	0	0
dDocent_Contig_3285	1	292	0	0	0	0	0	0
dDocent_Contig_3286	1	393	0	0	0	0	0	0
dDocent_Contig_3288	1	348	0	0	0	0	0	0
dDocent_Contig_3295	1	448	0	0	0	0	0	0
dDocent_Contig_3298	1	252	0	0	0	0	0	0
dDocent_Contig_3299	1	350	0	0	0	0	0	0
dDocent_Contig_3303	1	369	0	0	0	0	0	0
dDocent_Contig_3307	1	356	0	0	0	0	0	0
dDocent_Contig_3310	1	360	0	0	0	0	0	0
dDocent_Contig_3313	1	506	0	0	0	0	0	0
dDocent_Contig_3316	1	441	0	0	0	0	0	0
dDocent_Contig_3318	1	346	0	0	0	0	0	0
dDocent_Contig_3319	1	382	0	0	0	0	0	0
dDocent_Contig_3321	1	360	0	0	0	0	0	0
dDocent_Contig_3324	1	393	0	0	0	0	0	0
dDocent_Contig_3325	1	437	0	0	0	0	0	0
dDocent_Contig_3326	1	425	0	0	0	0	0	0
dDocent_Contig_3332	1	489	0	0	0	0	0	0
dDocent_Contig_3334	1	461	0	0	0	0	0	0
dDocent_Contig_3336	1	319	0	0	0	0	0	0
dDocent_Contig_3338	1	442	0	0	0	0	0	0
dDocent_Contig_3339	1	467	0	0	0	0	0	0
dDocent_Contig_3341	1	341	0	0	0	0	0	0
dDocent_Contig_3347	1	424	0	0	0	0	0	0
dDocent_Contig_3355	1	396	0	0	0	0	0	0
dDocent_Contig_3358	1	449	0	0	0	0	0	0
dDocent_Contig_3360	1	353	0	0	0	0	0	0
dDocent_Contig_3361	1	377	0	0	0	0	0	0
dDocent_Contig_3363	1	373	0	0	0	0	0	0
dDocent_Contig_3364	1	383	0	0	0	0	0	0
dDocent_Contig_3366	1	443	0	0	0	0	0	0
dDocent_Contig_3370	1	419	0	0	0	0	0	0
dDocent_Contig_3371	1	425	0	0	0	0	0	0
dDocent_Contig_3374	1	440	0	0	0	0	0	0
dDocent_Contig_3375	1	471	0	0	0	0	0	0
dDocent_Contig_3377	1	270	0	0	0	0	0	0
dDocent_Contig_3378	1	498	0	0	0	0	0	0
dDocent_Contig_3379	1	381	0	0	0	0	0	0
dDocent_Contig_3380	1	313	0	0	0	0	0	0
dDocent_Contig_3384	1	420	0	0	0	0	0	0
dDocent_Contig_3385	1	467	0	0	0	0	0	0
dDocent_Contig_3386	1	345	0	0	0	0	0	0
dDocent_Contig_3388	1	367	0	0	0	0	0	0
dDocent_Contig_3390	1	340	0	0	0	0	0	0
dDocent_Contig_3400	1	416	0	0	0	0	0	0
dDocent_Contig_3404	1	387	0	0	0	0	0	0
dDocent_Contig_3424	1	310	0	0	0	0	0	0
dDocent_Contig_3436	1	449	0	0	0	0	0	0
dDocent_Contig_3437	1	402	0	0	0	0	0	0
dDocent_Contig_3438	1	486	0	0	0	0	0	0
dDocent_Contig_3439	1	376	0	0	0	0	0	0
dDocent_Contig_3442	1	386	0	0	0	0	0	0
dDocent_Contig_3444	1	388	0	0	0	0	0	0
dDocent_Contig_3445	1	432	0	0	0	0	0	0
dDocent_Contig_3446	1	316	0	0	0	0	0	0
dDocent_Contig_3447	1	293	0	0	0	0	0	0
dDocent_Contig_3448	1	317	0	0	0	0	0	0
dDocent_Contig_3449	1	384	0	0	0	0	0	0
dDocent_Contig_3455	1	258	0	0	0	0	0	0
dDocent_Contig_3463	1	273	0	0	0	0	0	0
dDocent_Contig_3470	1	295	0	0	0	0	0	0
dDocent_Contig_3471	1	351	0	0	0	0	0	0
dDocent_Contig_3476	1	387	0	0	0	0	0	0
dDocent_Contig_3477	1	316	0	0	0	0	0	0
dDocent_Contig_3478	1	332	0	0	0	0	0	0
dDocent_Contig_3479	1	336	0	0	0	0	0	0
dDocent_Contig_3482	1	241	0	0	0	0	0	0
dDocent_Contig_3488	1	427	0	0	0	0	0	0
dDocent_Contig_3491	1	321	0	0	0	0	0	0
dDocent_Contig_3492	1	338	0	0	0	0	0	0
dDocent_Contig_3496	1	407	0	0	0	0	0	0
dDocent_Contig_3497	1	297	0	0	0	0	0	0
dDocent_Contig_3502	1	330	0	0	0	0	0	0
dDocent_Contig_3512	1	359	0	0	0	0	0	0
dDocent_Contig_3514	1	418	0	0	0	0	0	0
dDocent_Contig_3515	1	356	0	0	0	0	0	0
dDocent_Contig_3516	1	396	0	0	0	0	0	0
dDocent_Contig_3517	1	346	0	0	0	0	0	0
dDocent_Contig_3521	1	286	0	0	0	0	0	0
dDocent_Contig_3522	1	382	0	0	0	0	0	0
dDocent_Contig_3523	1	342	0	0	0	0	0	0
dDocent_Contig_3527	1	349	0	0	0	0	0	0
dDocent_Contig_3529	1	275	0	0	0	0	0	0
dDocent_Contig_3530	1	383	0	0	0	0	0	0
dDocent_Contig_3531	1	401	0	0	0	0	0	0
dDocent_Contig_3534	1	262	0	0	0	0	0	0
dDocent_Contig_3535	1	256	0	0	0	0	0	0
dDocent_Contig_3539	1	260	0	0	0	0	0	0
dDocent_Contig_3544	1	419	0	0	0	0	0	0
dDocent_Contig_3545	1	395	0	0	0	0	0	0
dDocent_Contig_3547	1	275	0	0	0	0	0	0
dDocent_Contig_3548	1	459	0	0	0	0	0	0
dDocent_Contig_3549	1	491	0	0	0	0	0	0
dDocent_Contig_3550	1	409	0	0	0	0	0	0
dDocent_Contig_3554	1	371	0	0	0	0	0	0
dDocent_Contig_3555	1	413	0	0	0	0	0	0
dDocent_Contig_3559	1	278	0	0	0	0	0	0
dDocent_Contig_3560	1	436	0	0	0	0	0	0
dDocent_Contig_3563	1	457	0	0	0	0	0	0
dDocent_Contig_3566	1	274	0	0	0	0	0	0
dDocent_Contig_3573	1	280	0	0	0	0	0	0
dDocent_Contig_3574	1	340	0	0	0	0	0	0
dDocent_Contig_3577	1	430	0	0	0	0	0	0
dDocent_Contig_3580	1	479	0	0	0	0	0	0
dDocent_Contig_3687	1	412	0	0	0	0	0	0
dDocent_Contig_3699	1	303	0	0	0	0	0	0
dDocent_Contig_3705	1	371	0	0	0	0	0	0
dDocent_Contig_3731	1	396	0	0	0	0	0	0
dDocent_Contig_3735	1	491	0	0	0	0	0	0
dDocent_Contig_3737	1	293	0	0	0	0	0	0
dDocent_Contig_3740	1	335	0	0	0	0	0	0
dDocent_Contig_3751	1	345	0	0	0	0	0	0
dDocent_Contig_3753	1	327	0	0	0	0	0	0
dDocent_Contig_3760	1	425	0	0	0	0	0	0
dDocent_Contig_3761	1	490	0	0	0	0	0	0
dDocent_Contig_3770	1	412	0	0	0	0	0	0
dDocent_Contig_3782	1	345	0	0	0	0	0	0
dDocent_Contig_3784	1	374	0	0	0	0	0	0
dDocent_Contig_3787	1	420	0	0	0	0	0	0
dDocent_Contig_3789	1	425	0	0	0	0	0	0
dDocent_Contig_3790	1	265	0	0	0	0	0	0
dDocent_Contig_3792	1	453	0	0	0	0	0	0
dDocent_Contig_3794	1	408	0	0	0	0	0	0
dDocent_Contig_3798	1	389	0	0	0	0	0	0
dDocent_Contig_3805	1	417	0	0	0	0	0	0
dDocent_Contig_3807	1	297	0	0	0	0	0	0
dDocent_Contig_3809	1	360	0	0	0	0	0	0
dDocent_Contig_3824	1	388	0	0	0	0	0	0
dDocent_Contig_3830	1	373	0	0	0	0	0	0
dDocent_Contig_3845	1	349	0	0	0	0	0	0
dDocent_Contig_3889	1	251	0	0	0	0	0	0
dDocent_Contig_3890	1	292	0	0	0	0	0	0
dDocent_Contig_3891	1	388	0	0	0	0	0	0
dDocent_Contig_3897	1	241	0	0	0	0	0	0
dDocent_Contig_3901	1	332	0	0	0	0	0	0
dDocent_Contig_3902	1	357	0	0	0	0	0	0
dDocent_Contig_3905	1	412	0	0	0	0	0	0
dDocent_Contig_3908	1	496	0	0	0	0	0	0
dDocent_Contig_3923	1	352	0	0	0	0	0	0
dDocent_Contig_3930	1	504	0	0	0	0	0	0
dDocent_Contig_3931	1	346	0	0	0	0	0	0
dDocent_Contig_3937	1	448	0	0	0	0	0	0
dDocent_Contig_3950	1	399	0	0	0	0	0	0
dDocent_Contig_3953	1	429	0	0	0	0	0	0
dDocent_Contig_3967	1	438	0	0	0	0	0	0
dDocent_Contig_3977	1	456	0	0	0	0	0	0
dDocent_Contig_3978	1	421	0	0	0	0	0	0
dDocent_Contig_3982	1	388	0	0	0	0	0	0
dDocent_Contig_3998	1	341	0	0	0	0	0	0
dDocent_Contig_4005	1	359	0	0	0	0	0	0
dDocent_Contig_4010	1	382	0	0	0	0	0	0
dDocent_Contig_4015	1	290	0	0	0	0	0	0
dDocent_Contig_4020	1	384	0	0	0	0	0	0
dDocent_Contig_4026	1	514	0	0	0	0	0	0
dDocent_Contig_4029	1	447	0	0	0	0	0	0
dDocent_Contig_4030	1	397	0	0	0	0	0	0
dDocent_Contig_4031	1	355	0	0	0	0	0	0
dDocent_Contig_4049	1	385	0	0	0	0	0	0
dDocent_Contig_4053	1	323	0	0	0	0	0	0
dDocent_Contig_4067	1	305	0	0	0	0	0	0
dDocent_Contig_4069	1	332	0	0	0	0	0	0
dDocent_Contig_4084	1	360	0	0	0	0	0	0
dDocent_Contig_4092	1	357	0	0	0	0	0	0
dDocent_Contig_4100	1	292	0	0	0	0	0	0
dDocent_Contig_4102	1	404	0	0	0	0	0	0
dDocent_Contig_4103	1	352	0	0	0	0	0	0
dDocent_Contig_4104	1	395	0	0	0	0	0	0
dDocent_Contig_4105	1	297	0	0	0	0	0	0
dDocent_Contig_4116	1	296	0	0	0	0	0	0
dDocent_Contig_4117	1	446	0	0	0	0	0	0
dDocent_Contig_4119	1	406	0	0	0	0	0	0
dDocent_Contig_4121	1	284	0	0	0	0	0	0
dDocent_Contig_4130	1	388	0	0	0	0	0	0
dDocent_Contig_4140	1	382	0	0	0	0	0	0
dDocent_Contig_4152	1	378	0	0	0	0	0	0
dDocent_Contig_4158	1	375	0	0	0	0	0	0
dDocent_Contig_4163	1	339	0	0	0	0	0	0
dDocent_Contig_4175	1	387	0	0	0	0	0	0
dDocent_Contig_4183	1	265	0	0	0	0	0	0
dDocent_Contig_4184	1	408	0	0	0	0	0	0
dDocent_Contig_4186	1	301	0	0	0	0	0	0
dDocent_Contig_4189	1	453	0	0	0	0	0	0
dDocent_Contig_4192	1	395	0	0	0	0	0	0
dDocent_Contig_4198	1	446	0	0	0	0	0	0
dDocent_Contig_4200	1	245	0	0	0	0	0	0
dDocent_Contig_4211	1	355	0	0	0	0	0	0
dDocent_Contig_4215	1	387	0	0	0	0	0	0
dDocent_Contig_4222	1	373	0	0	0	0	0	0
dDocent_Contig_4223	1	435	0	0	0	0	0	0
dDocent_Contig_4249	1	461	0	0	0	0	0	0
dDocent_Contig_4259	1	338	0	0	0	0	0	0
dDocent_Contig_4262	1	336	0	0	0	0	0	0
dDocent_Contig_4267	1	384	0	0	0	0	0	0
dDocent_Contig_4269	1	412	0	0	0	0	0	0
dDocent_Contig_4274	1	310	0	0	0	0	0	0
dDocent_Contig_4286	1	447	0	0	0	0	0	0
dDocent_Contig_4295	1	483	0	0	0	0	0	0
dDocent_Contig_4297	1	340	0	0	0	0	0	0
dDocent_Contig_4299	1	281	0	0	0	0	0	0
dDocent_Contig_4303	1	381	0	0	0	0	0	0
dDocent_Contig_4306	1	379	0	0	0	0	0	0
dDocent_Contig_4310	1	373	0	0	0	0	0	0
dDocent_Contig_4321	1	402	0	0	0	0	0	0
dDocent_Contig_4324	1	285	0	0	0	0	0	0
dDocent_Contig_4325	1	352	0	0	0	0	0	0
dDocent_Contig_4339	1	421	0	0	0	0	0	0
dDocent_Contig_4342	1	324	0	0	0	0	0	0
dDocent_Contig_4345	1	486	0	0	0	0	0	0
dDocent_Contig_4348	1	363	0	0	0	0	0	0
dDocent_Contig_4352	1	322	0	0	0	0	0	0
dDocent_Contig_4360	1	498	0	0	0	0	0	0
dDocent_Contig_4365	1	303	0	0	0	0	0	0
dDocent_Contig_4373	1	321	0	0	0	0	0	0
dDocent_Contig_4375	1	476	0	0	0	0	0	0
dDocent_Contig_4389	1	384	0	0	0	0	0	0
dDocent_Contig_4391	1	395	0	0	0	0	0	0
dDocent_Contig_4393	1	495	0	0	0	0	0	0
dDocent_Contig_4403	1	467	0	0	0	0	0	0
dDocent_Contig_4417	1	388	0	0	0	0	0	0
dDocent_Contig_4422	1	405	0	0	0	0	0	0
dDocent_Contig_4426	1	346	0	0	0	0	0	0
dDocent_Contig_4435	1	409	0	0	0	0	0	0
dDocent_Contig_4446	1	330	0	0	0	0	0	0
dDocent_Contig_4453	1	340	0	0	0	0	0	0
dDocent_Contig_4455	1	384	0	0	0	0	0	0
dDocent_Contig_4483	1	374	0	0	0	0	0	0
dDocent_Contig_4491	1	499	0	0	0	0	0	0
dDocent_Contig_4494	1	339	0	0	0	0	0	0
dDocent_Contig_4497	1	398	0	0	0	0	0	0
dDocent_Contig_4498	1	516	0	0	0	0	0	0
dDocent_Contig_4501	1	400	0	0	0	0	0	0
dDocent_Contig_4509	1	393	0	0	0	0	0	0
dDocent_Contig_4510	1	325	0	0	0	0	0	0
dDocent_Contig_4512	1	463	0	0	0	0	0	0
dDocent_Contig_4515	1	449	0	0	0	0	0	0
dDocent_Contig_4528	1	324	0	0	0	0	0	0
dDocent_Contig_4535	1	454	0	0	0	0	0	0
dDocent_Contig_4541	1	388	0	0	0	0	0	0
dDocent_Contig_4546	1	433	0	0	0	0	0	0
dDocent_Contig_4557	1	354	0	0	0	0	0	0
dDocent_Contig_4561	1	429	0	0	0	0	0	0
dDocent_Contig_4562	1	422	0	0	0	0	0	0
dDocent_Contig_4573	1	382	0	0	0	0	0	0
dDocent_Contig_4574	1	480	0	0	0	0	0	0
dDocent_Contig_4586	1	289	0	0	0	0	0	0
dDocent_Contig_4588	1	352	0	0	0	0	0	0
dDocent_Contig_4592	1	430	0	0	0	0	0	0
dDocent_Contig_4616	1	519	0	0	0	0	0	0
dDocent_Contig_4622	1	395	0	0	0	0	0	0
dDocent_Contig_4624	1	415	0	0	0	0	0	0
dDocent_Contig_4630	1	399	0	0	0	0	0	0
dDocent_Contig_4644	1	389	0	0	0	0	0	0
dDocent_Contig_4646	1	286	0	0	0	0	0	0
dDocent_Contig_4666	1	418	0	0	0	0	0	0
dDocent_Contig_4667	1	400	0	0	0	0	0	0
dDocent_Contig_4679	1	399	0	0	0	0	0	0
dDocent_Contig_4691	1	352	0	0	0	0	0	0
dDocent_Contig_4699	1	337	0	0	0	0	0	0
dDocent_Contig_4705	1	348	0	0	0	0	0	0
dDocent_Contig_4707	1	372	0	0	0	0	0	0
dDocent_Contig_4710	1	405	0	0	0	0	0	0
dDocent_Contig_4735	1	414	0	0	0	0	0	0
dDocent_Contig_4738	1	348	0	0	0	0	0	0
dDocent_Contig_4743	1	419	0	0	0	0	0	0
dDocent_Contig_4744	1	363	0	0	0	0	0	0
dDocent_Contig_4787	1	388	0	0	0	0	0	0
dDocent_Contig_4801	1	256	0	0	0	0	0	0
dDocent_Contig_4811	1	368	0	0	0	0	0	0
dDocent_Contig_4814	1	445	0	0	0	0	0	0
dDocent_Contig_4815	1	386	0	0	0	0	0	0
dDocent_Contig_4816	1	373	0	0	0	0	0	0
dDocent_Contig_4817	1	359	0	0	0	0	0	0
dDocent_Contig_4818	1	435	0	0	0	0	0	0
dDocent_Contig_4821	1	289	0	0	0	0	0	0
dDocent_Contig_4828	1	272	0	0	0	0	0	0
dDocent_Contig_4830	1	360	0	0	0	0	0	0
dDocent_Contig_4833	1	410	0	0	0	0	0	0
dDocent_Contig_4836	1	378	0	0	0	0	0	0
dDocent_Contig_4869	1	373	0	0	0	0	0	0
dDocent_Contig_4871	1	392	0	0	0	0	0	0
dDocent_Contig_4872	1	423	0	0	0	0	0	0
dDocent_Contig_4877	1	273	0	0	0	0	0	0
dDocent_Contig_4878	1	307	0	0	0	0	0	0
dDocent_Contig_4883	1	397	0	0	0	0	0	0
dDocent_Contig_4894	1	402	0	0	0	0	0	0
dDocent_Contig_4918	1	418	0	0	0	0	0	0
dDocent_Contig_4923	1	449	0	0	0	0	0	0
dDocent_Contig_4928	1	414	0	0	0	0	0	0
dDocent_Contig_4931	1	441	0	0	0	0	0	0
dDocent_Contig_4935	1	393	0	0	0	0	0	0
dDocent_Contig_4937	1	388	0	0	0	0	0	0
dDocent_Contig_4942	1	446	0	0	0	0	0	0
dDocent_Contig_4943	1	382	0	0	0	0	0	0
dDocent_Contig_4944	1	477	0	0	0	0	0	0
dDocent_Contig_4947	1	343	0	0	0	0	0	0
dDocent_Contig_4955	1	369	0	0	0	0	0	0
dDocent_Contig_4958	1	401	0	0	0	0	0	0
dDocent_Contig_4967	1	501	0	0	0	0	0	0
dDocent_Contig_4969	1	412	0	0	0	0	0	0
dDocent_Contig_4971	1	429	0	0	0	0	0	0
dDocent_Contig_4976	1	361	0	0	0	0	0	0
dDocent_Contig_4981	1	393	0	0	0	0	0	0
dDocent_Contig_4984	1	369	0	0	0	0	0	0
dDocent_Contig_4985	1	291	0	0	0	0	0	0
dDocent_Contig_4993	1	434	0	0	0	0	0	0
dDocent_Contig_5009	1	388	0	0	0	0	0	0
dDocent_Contig_5010	1	427	0	0	0	0	0	0
dDocent_Contig_5012	1	430	0	0	0	0	0	0
dDocent_Contig_5015	1	401	0	0	0	0	0	0
dDocent_Contig_5022	1	329	0	0	0	0	0	0
dDocent_Contig_5027	1	283	0	0	0	0	0	0
dDocent_Contig_5030	1	405	0	0	0	0	0	0
dDocent_Contig_5033	1	308	0	0	0	0	0	0
dDocent_Contig_5040	1	360	0	0	0	0	0	0
dDocent_Contig_5043	1	452	0	0	0	0	0	0
dDocent_Contig_5045	1	416	0	0	0	0	0	0
dDocent_Contig_5047	1	372	0	0	0	0	0	0
dDocent_Contig_5048	1	399	0	0	0	0	0	0
dDocent_Contig_5053	1	374	0	0	0	0	0	0
dDocent_Contig_5055	1	392	0	0	0	0	0	0
dDocent_Contig_5056	1	438	0	0	0	0	0	0
dDocent_Contig_5064	1	372	0	0	0	0	0	0
dDocent_Contig_5065	1	402	0	0	0	0	0	0
dDocent_Contig_5070	1	391	0	0	0	0	0	0
dDocent_Contig_5072	1	479	0	0	0	0	0	0
dDocent_Contig_5074	1	375	0	0	0	0	0	0
dDocent_Contig_5081	1	352	0	0	0	0	0	0
dDocent_Contig_5088	1	366	0	0	0	0	0	0
dDocent_Contig_5089	1	377	0	0	0	0	0	0
dDocent_Contig_5090	1	295	0	0	0	0	0	0
dDocent_Contig_5091	1	413	0	0	0	0	0	0
dDocent_Contig_5106	1	381	0	0	0	0	0	0
dDocent_Contig_5125	1	347	0	0	0	0	0	0
dDocent_Contig_5126	1	442	0	0	0	0	0	0
dDocent_Contig_5129	1	429	0	0	0	0	0	0
dDocent_Contig_5130	1	305	0	0	0	0	0	0
dDocent_Contig_5138	1	441	0	0	0	0	0	0
dDocent_Contig_5144	1	394	0	0	0	0	0	0
dDocent_Contig_5154	1	360	0	0	0	0	0	0
dDocent_Contig_5155	1	334	0	0	0	0	0	0
dDocent_Contig_5189	1	395	0	0	0	0	0	0
dDocent_Contig_5191	1	303	0	0	0	0	0	0
dDocent_Contig_5192	1	493	0	0	0	0	0	0
dDocent_Contig_5209	1	364	0	0	0	0	0	0
dDocent_Contig_5213	1	480	0	0	0	0	0	0
dDocent_Contig_5216	1	463	0	0	0	0	0	0
dDocent_Contig_5219	1	446	0	0	0	0	0	0
dDocent_Contig_5221	1	407	0	0	0	0	0	0
dDocent_Contig_5235	1	413	0	0	0	0	0	0
dDocent_Contig_5236	1	354	0	0	0	0	0	0
dDocent_Contig_5237	1	434	0	0	0	0	0	0
dDocent_Contig_5246	1	365	0	0	0	0	0	0
dDocent_Contig_5249	1	399	0	0	0	0	0	0
dDocent_Contig_5255	1	454	0	0	0	0	0	0
dDocent_Contig_5263	1	413	0	0	0	0	0	0
dDocent_Contig_5271	1	411	0	0	0	0	0	0
dDocent_Contig_5280	1	433	0	0	0	0	0	0
dDocent_Contig_5284	1	488	0	0	0	0	0	0
dDocent_Contig_5286	1	427	0	0	0	0	0	0
dDocent_Contig_5292	1	390	0	0	0	0	0	0
dDocent_Contig_5295	1	435	0	0	0	0	0	0
dDocent_Contig_5297	1	393	0	0	0	0	0	0
dDocent_Contig_5298	1	447	0	0	0	0	0	0
dDocent_Contig_5299	1	377	0	0	0	0	0	0
dDocent_Contig_5311	1	413	0	0	0	0	0	0
dDocent_Contig_5318	1	342	0	0	0	0	0	0
dDocent_Contig_5324	1	390	0	0	0	0	0	0
dDocent_Contig_5334	1	394	0	0	0	0	0	0
dDocent_Contig_5341	1	346	0	0	0	0	0	0
dDocent_Contig_5357	1	355	0	0	0	0	0	0
dDocent_Contig_5358	1	337	0	0	0	0	0	0
dDocent_Contig_5366	1	454	0	0	0	0	0	0
dDocent_Contig_5369	1	456	0	0	0	0	0	0
dDocent_Contig_5375	1	466	0	0	0	0	0	0
dDocent_Contig_5378	1	374	0	0	0	0	0	0
dDocent_Contig_5398	1	336	0	0	0	0	0	0
dDocent_Contig_5399	1	478	0	0	0	0	0	0
dDocent_Contig_5408	1	376	0	0	0	0	0	0
dDocent_Contig_5416	1	454	0	0	0	0	0	0
dDocent_Contig_5419	1	328	0	0	0	0	0	0
dDocent_Contig_5426	1	385	0	0	0	0	0	0
dDocent_Contig_5428	1	362	0	0	0	0	0	0
dDocent_Contig_5441	1	380	0	0	0	0	0	0
dDocent_Contig_5451	1	507	0	0	0	0	0	0
dDocent_Contig_5454	1	337	0	0	0	0	0	0
dDocent_Contig_5458	1	351	0	0	0	0	0	0
dDocent_Contig_5467	1	496	0	0	0	0	0	0
dDocent_Contig_5473	1	311	0	0	0	0	0	0
dDocent_Contig_5474	1	402	0	0	0	0	0	0
dDocent_Contig_5484	1	383	0	0	0	0	0	0
dDocent_Contig_5485	1	440	0	0	0	0	0	0
dDocent_Contig_5489	1	398	0	0	0	0	0	0
dDocent_Contig_5491	1	406	0	0	0	0	0	0
dDocent_Contig_5500	1	284	0	0	0	0	0	0
dDocent_Contig_5504	1	411	0	0	0	0	0	0
dDocent_Contig_5525	1	330	0	0	0	0	0	0
dDocent_Contig_5541	1	420	0	0	0	0	0	0
dDocent_Contig_5552	1	333	0	0	0	0	0	0
dDocent_Contig_5554	1	374	0	0	0	0	0	0
dDocent_Contig_5557	1	433	0	0	0	0	0	0
dDocent_Contig_5558	1	397	0	0	0	0	0	0
dDocent_Contig_5560	1	274	0	0	0	0	0	0
dDocent_Contig_5563	1	358	0	0	0	0	0	0
dDocent_Contig_5568	1	422	0	0	0	0	0	0
dDocent_Contig_5570	1	310	0	0	0	0	0	0
dDocent_Contig_5574	1	380	0	0	0	0	0	0
dDocent_Contig_5575	1	477	0	0	0	0	0	0
dDocent_Contig_5580	1	355	0	0	0	0	0	0
dDocent_Contig_5591	1	302	0	0	0	0	0	0
dDocent_Contig_5604	1	394	0	0	0	0	0	0
dDocent_Contig_5605	1	414	0	0	0	0	0	0
dDocent_Contig_5606	1	338	0	0	0	0	0	0
dDocent_Contig_5607	1	458	0	0	0	0	0	0
dDocent_Contig_5610	1	457	0	0	0	0	0	0
dDocent_Contig_5612	1	385	0	0	0	0	0	0
dDocent_Contig_5616	1	437	0	0	0	0	0	0
dDocent_Contig_5622	1	401	0	0	0	0	0	0
dDocent_Contig_5633	1	443	0	0	0	0	0	0
dDocent_Contig_5637	1	394	0	0	0	0	0	0
dDocent_Contig_5644	1	420	0	0	0	0	0	0
dDocent_Contig_5650	1	421	0	0	0	0	0	0
dDocent_Contig_5653	1	467	0	0	0	0	0	0
dDocent_Contig_5666	1	326	0	0	0	0	0	0
dDocent_Contig_5675	1	331	0	0	0	0	0	0
dDocent_Contig_5681	1	375	0	0	0	0	0	0
dDocent_Contig_5689	1	271	0	0	0	0	0	0
dDocent_Contig_5700	1	505	0	0	0	0	0	0
dDocent_Contig_5716	1	416	0	0	0	0	0	0
dDocent_Contig_5718	1	482	0	0	0	0	0	0
dDocent_Contig_5719	1	405	0	0	0	0	0	0
dDocent_Contig_5722	1	391	0	0	0	0	0	0
dDocent_Contig_5723	1	355	0	0	0	0	0	0
dDocent_Contig_5732	1	395	0	0	0	0	0	0
dDocent_Contig_5734	1	387	0	0	0	0	0	0
dDocent_Contig_5735	1	470	0	0	0	0	0	0
dDocent_Contig_5738	1	414	0	0	0	0	0	0
dDocent_Contig_5739	1	398	0	0	0	0	0	0
dDocent_Contig_5740	1	301	0	0	0	0	0	0
dDocent_Contig_5743	1	384	0	0	0	0	0	0
dDocent_Contig_5746	1	393	0	0	0	0	0	0
dDocent_Contig_5748	1	289	0	0	0	0	0	0
dDocent_Contig_5753	1	385	0	0	0	0	0	0
dDocent_Contig_5756	1	326	0	0	0	0	0	0
dDocent_Contig_5767	1	309	0	0	0	0	0	0
dDocent_Contig_5768	1	347	0	0	0	0	0	0
dDocent_Contig_5779	1	309	0	0	0	0	0	0
dDocent_Contig_5781	1	352	0	0	0	0	0	0
dDocent_Contig_5790	1	341	0	0	0	0	0	0
dDocent_Contig_5792	1	462	0	0	0	0	0	0
dDocent_Contig_5799	1	386	0	0	0	0	0	0
dDocent_Contig_5803	1	467	0	0	0	0	0	0
dDocent_Contig_5805	1	495	0	0	0	0	0	0
dDocent_Contig_5808	1	376	0	0	0	0	0	0
dDocent_Contig_5809	1	459	0	0	0	0	0	0
dDocent_Contig_5810	1	333	0	0	0	0	0	0
dDocent_Contig_5822	1	339	0	0	0	0	0	0
dDocent_Contig_5825	1	462	0	0	0	0	0	0
dDocent_Contig_5828	1	326	0	0	0	0	0	0
dDocent_Contig_5834	1	371	0	0	0	0	0	0
dDocent_Contig_5835	1	440	0	0	0	0	0	0
dDocent_Contig_5836	1	471	0	0	0	0	0	0
dDocent_Contig_5841	1	383	0	0	0	0	0	0
dDocent_Contig_5843	1	387	0	0	0	0	0	0
dDocent_Contig_5845	1	383	0	0	0	0	0	0
dDocent_Contig_5874	1	300	0	0	0	0	0	0
dDocent_Contig_5876	1	396	0	0	0	0	0	0
dDocent_Contig_5892	1	398	0	0	0	0	0	0
dDocent_Contig_5896	1	371	0	0	0	0	0	0
dDocent_Contig_5897	1	342	0	0	0	0	0	0
dDocent_Contig_5920	1	408	0	0	0	0	0	0
dDocent_Contig_5928	1	449	0	0	0	0	0	0
dDocent_Contig_5929	1	306	0	0	0	0	0	0
dDocent_Contig_5936	1	376	0	0	0	0	0	0
dDocent_Contig_5938	1	420	0	0	0	0	0	0
dDocent_Contig_5940	1	366	0	0	0	0	0	0
dDocent_Contig_5941	1	359	0	0	0	0	0	0
dDocent_Contig_5945	1	400	0	0	0	0	0	0
dDocent_Contig_5953	1	399	0	0	0	0	0	0
dDocent_Contig_5957	1	312	0	0	0	0	0	0
dDocent_Contig_5960	1	398	0	0	0	0	0	0
dDocent_Contig_5970	1	387	0	0	0	0	0	0
dDocent_Contig_5978	1	338	0	0	0	0	0	0
dDocent_Contig_5981	1	458	0	0	0	0	0	0
dDocent_Contig_5985	1	479	0	0	0	0	0	0
dDocent_Contig_5986	1	405	0	0	0	0	0	0
dDocent_Contig_5989	1	335	0	0	0	0	0	0
dDocent_Contig_5990	1	430	0	0	0	0	0	0
dDocent_Contig_5991	1	451	0	0	0	0	0	0
dDocent_Contig_6000	1	463	0	0	0	0	0	0
dDocent_Contig_6008	1	492	0	0	0	0	0	0
dDocent_Contig_6009	1	380	0	0	0	0	0	0
dDocent_Contig_6023	1	422	0	0	0	0	0	0
dDocent_Contig_6027	1	270	0	0	0	0	0	0
dDocent_Contig_6030	1	429	0	0	0	0	0	0
dDocent_Contig_6033	1	364	0	0	0	0	0	0
dDocent_Contig_6035	1	488	0	0	0	0	0	0
dDocent_Contig_6039	1	414	0	0	0	0	0	0
dDocent_Contig_6044	1	454	0	0	0	0	0	0
dDocent_Contig_6053	1	362	0	0	0	0	0	0
dDocent_Contig_6066	1	375	0	0	0	0	0	0
dDocent_Contig_6072	1	386	0	0	0	0	0	0
dDocent_Contig_6076	1	465	0	0	0	0	0	0
dDocent_Contig_6078	1	456	0	0	0	0	0	0
dDocent_Contig_6082	1	345	0	0	0	0	0	0
dDocent_Contig_6096	1	396	0	0	0	0	0	0
dDocent_Contig_6098	1	393	0	0	0	0	0	0
dDocent_Contig_6110	1	352	0	0	0	0	0	0
dDocent_Contig_6111	1	378	0	0	0	0	0	0
dDocent_Contig_6113	1	290	0	0	0	0	0	0
dDocent_Contig_6117	1	441	0	0	0	0	0	0
dDocent_Contig_6119	1	237	0	0	0	0	0	0
dDocent_Contig_6120	1	422	0	0	0	0	0	0
dDocent_Contig_6153	1	298	0	0	0	0	0	0
dDocent_Contig_6160	1	334	0	0	0	0	0	0
dDocent_Contig_6164	1	431	0	0	0	0	0	0
dDocent_Contig_6166	1	416	0	0	0	0	0	0
dDocent_Contig_6169	1	364	0	0	0	0	0	0
dDocent_Contig_6170	1	408	0	0	0	0	0	0
dDocent_Contig_6174	1	368	0	0	0	0	0	0
dDocent_Contig_6179	1	339	0	0	0	0	0	0
dDocent_Contig_6183	1	271	0	0	0	0	0	0
dDocent_Contig_6191	1	396	0	0	0	0	0	0
dDocent_Contig_6197	1	343	0	0	0	0	0	0
dDocent_Contig_6198	1	384	0	0	0	0	0	0
dDocent_Contig_6204	1	426	0	0	0	0	0	0
dDocent_Contig_6219	1	396	0	0	0	0	0	0
dDocent_Contig_6247	1	419	0	0	0	0	0	0
dDocent_Contig_6249	1	468	0	0	0	0	0	0
dDocent_Contig_6252	1	386	0	0	0	0	0	0
dDocent_Contig_6254	1	372	0	0	0	0	0	0
dDocent_Contig_6255	1	363	0	0	0	0	0	0
dDocent_Contig_6256	1	420	0	0	0	0	0	0
dDocent_Contig_6263	1	398	0	0	0	0	0	0
dDocent_Contig_6273	1	356	0	0	0	0	0	0
dDocent_Contig_6274	1	490	0	0	0	0	0	0
dDocent_Contig_6279	1	435	0	0	0	0	0	0
dDocent_Contig_6292	1	274	0	0	0	0	0	0
dDocent_Contig_6294	1	454	0	0	0	0	0	0
dDocent_Contig_6299	1	345	0	0	0	0	0	0
dDocent_Contig_6300	1	458	0	0	0	0	0	0
dDocent_Contig_6301	1	433	0	0	0	0	0	0
dDocent_Contig_6303	1	451	0	0	0	0	0	0
dDocent_Contig_6307	1	320	0	0	0	0	0	0
dDocent_Contig_6308	1	360	0	0	0	0	0	0
dDocent_Contig_6309	1	425	0	0	0	0	0	0
dDocent_Contig_6313	1	402	0	0	0	0	0	0
dDocent_Contig_6315	1	383	0	0	0	0	0	0
dDocent_Contig_6320	1	268	0	0	0	0	0	0
dDocent_Contig_6322	1	381	0	0	0	0	0	0
dDocent_Contig_6323	1	227	0	0	0	0	0	0
dDocent_Contig_6328	1	379	0	0	0	0	0	0
dDocent_Contig_6337	1	333	0	0	0	0	0	0
dDocent_Contig_6346	1	389	0	0	0	0	0	0
dDocent_Contig_6350	1	408	0	0	0	0	0	0
dDocent_Contig_6354	1	490	0	0	0	0	0	0
dDocent_Contig_6355	1	435	0	0	0	0	0	0
dDocent_Contig_6362	1	315	0	0	0	0	0	0
dDocent_Contig_6365	1	328	0	0	0	0	0	0
dDocent_Contig_6378	1	399	0	0	0	0	0	0
dDocent_Contig_6380	1	459	0	0	0	0	0	0
dDocent_Contig_6383	1	429	0	0	0	0	0	0
dDocent_Contig_6384	1	445	0	0	0	0	0	0
dDocent_Contig_6391	1	393	0	0	0	0	0	0
dDocent_Contig_6394	1	396	0	0	0	0	0	0
dDocent_Contig_6406	1	400	0	0	0	0	0	0
dDocent_Contig_6425	1	381	0	0	0	0	0	0
dDocent_Contig_6436	1	515	0	0	0	0	0	0
dDocent_Contig_6447	1	364	0	0	0	0	0	0
dDocent_Contig_6451	1	440	0	0	0	0	0	0
dDocent_Contig_6454	1	437	0	0	0	0	0	0
dDocent_Contig_6455	1	421	0	0	0	0	0	0
dDocent_Contig_6457	1	413	0	0	0	0	0	0
dDocent_Contig_6467	1	331	0	0	0	0	0	0
dDocent_Contig_6468	1	297	0	0	0	0	0	0
dDocent_Contig_6473	1	470	0	0	0	0	0	0
dDocent_Contig_6475	1	320	0	0	0	0	0	0
dDocent_Contig_6476	1	439	0	0	0	0	0	0
dDocent_Contig_6479	1	518	0	0	0	0	0	0
dDocent_Contig_6487	1	367	0	0	0	0	0	0
dDocent_Contig_6491	1	390	0	0	0	0	0	0
dDocent_Contig_6511	1	375	0	0	0	0	0	0
dDocent_Contig_6522	1	253	0	0	0	0	0	0
dDocent_Contig_6523	1	462	0	0	0	0	0	0
dDocent_Contig_6525	1	385	0	0	0	0	0	0
dDocent_Contig_6527	1	424	0	0	0	0	0	0
dDocent_Contig_6530	1	466	0	0	0	0	0	0
dDocent_Contig_6542	1	395	0	0	0	0	0	0
dDocent_Contig_6571	1	377	0	0	0	0	0	0
dDocent_Contig_6572	1	399	0	0	0	0	0	0
dDocent_Contig_6583	1	465	0	0	0	0	0	0
dDocent_Contig_6593	1	460	0	0	0	0	0	0
dDocent_Contig_6594	1	387	0	0	0	0	0	0
dDocent_Contig_6599	1	338	0	0	0	0	0	0
dDocent_Contig_6600	1	394	0	0	0	0	0	0
dDocent_Contig_6609	1	299	0	0	0	0	0	0
dDocent_Contig_6616	1	356	0	0	0	0	0	0
dDocent_Contig_6617	1	341	0	0	0	0	0	0
dDocent_Contig_6618	1	414	0	0	0	0	0	0
dDocent_Contig_6636	1	372	0	0	0	0	0	0
dDocent_Contig_6647	1	368	0	0	0	0	0	0
dDocent_Contig_6671	1	364	0	0	0	0	0	0
dDocent_Contig_6678	1	382	0	0	0	0	0	0
dDocent_Contig_6694	1	379	0	0	0	0	0	0
dDocent_Contig_6699	1	331	0	0	0	0	0	0
dDocent_Contig_6709	1	498	0	0	0	0	0	0
dDocent_Contig_6710	1	464	0	0	0	0	0	0
dDocent_Contig_6712	1	339	0	0	0	0	0	0
dDocent_Contig_6714	1	403	0	0	0	0	0	0
dDocent_Contig_6716	1	430	0	0	0	0	0	0
dDocent_Contig_6717	1	254	0	0	0	0	0	0
dDocent_Contig_6720	1	385	0	0	0	0	0	0
dDocent_Contig_6723	1	446	0	0	0	0	0	0
dDocent_Contig_6730	1	369	0	0	0	0	0	0
dDocent_Contig_6749	1	399	0	0	0	0	0	0
dDocent_Contig_6753	1	328	0	0	0	0	0	0
dDocent_Contig_6754	1	465	0	0	0	0	0	0
dDocent_Contig_6758	1	400	0	0	0	0	0	0
dDocent_Contig_6764	1	312	0	0	0	0	0	0
dDocent_Contig_6766	1	389	0	0	0	0	0	0
dDocent_Contig_6767	1	409	0	0	0	0	0	0
dDocent_Contig_6769	1	430	0	0	0	0	0	0
dDocent_Contig_6777	1	360	0	0	0	0	0	0
dDocent_Contig_6778	1	307	0	0	0	0	0	0
dDocent_Contig_6790	1	276	0	0	0	0	0	0
dDocent_Contig_6791	1	362	0	0	0	0	0	0
dDocent_Contig_6819	1	453	0	0	0	0	0	0
dDocent_Contig_6821	1	437	0	0	0	0	0	0
dDocent_Contig_6830	1	327	0	0	0	0	0	0
dDocent_Contig_6859	1	370	0	0	0	0	0	0
dDocent_Contig_6877	1	476	0	0	0	0	0	0
dDocent_Contig_6880	1	358	0	0	0	0	0	0
dDocent_Contig_6882	1	245	0	0	0	0	0	0
dDocent_Contig_6897	1	336	0	0	0	0	0	0
dDocent_Contig_6898	1	447	0	0	0	0	0	0
dDocent_Contig_6921	1	344	0	0	0	0	0	0
dDocent_Contig_6922	1	357	0	0	0	0	0	0
dDocent_Contig_6927	1	420	0	0	0	0	0	0
dDocent_Contig_6938	1	377	0	0	0	0	0	0
dDocent_Contig_6939	1	429	0	0	0	0	0	0
dDocent_Contig_6948	1	286	0	0	0	0	0	0
dDocent_Contig_6949	1	399	0	0	0	0	0	0
dDocent_Contig_6950	1	357	0	0	0	0	0	0
dDocent_Contig_6952	1	456	0	0	0	0	0	0
dDocent_Contig_6953	1	372	0	0	0	0	0	0
dDocent_Contig_6954	1	396	0	0	0	0	0	0
dDocent_Contig_6956	1	368	0	0	0	0	0	0
dDocent_Contig_6961	1	372	0	0	0	0	0	0
dDocent_Contig_6967	1	469	0	0	0	0	0	0
dDocent_Contig_6972	1	384	0	0	0	0	0	0
dDocent_Contig_6973	1	330	0	0	0	0	0	0
dDocent_Contig_6974	1	423	0	0	0	0	0	0
dDocent_Contig_6977	1	335	0	0	0	0	0	0
dDocent_Contig_6978	1	406	0	0	0	0	0	0
dDocent_Contig_6980	1	309	0	0	0	0	0	0
dDocent_Contig_6996	1	419	0	0	0	0	0	0
dDocent_Contig_7005	1	267	0	0	0	0	0	0
dDocent_Contig_7009	1	475	0	0	0	0	0	0
dDocent_Contig_7012	1	398	0	0	0	0	0	0
dDocent_Contig_7019	1	428	0	0	0	0	0	0
dDocent_Contig_7020	1	327	0	0	0	0	0	0
dDocent_Contig_7021	1	445	0	0	0	0	0	0
dDocent_Contig_7023	1	402	0	0	0	0	0	0
dDocent_Contig_7030	1	381	0	0	0	0	0	0
dDocent_Contig_7031	1	402	0	0	0	0	0	0
dDocent_Contig_7032	1	418	0	0	0	0	0	0
dDocent_Contig_7036	1	361	0	0	0	0	0	0
dDocent_Contig_7038	1	237	0	0	0	0	0	0
dDocent_Contig_7045	1	398	0	0	0	0	0	0
dDocent_Contig_7048	1	442	0	0	0	0	0	0
dDocent_Contig_7051	1	420	0	0	0	0	0	0
dDocent_Contig_7059	1	380	0	0	0	0	0	0
dDocent_Contig_7061	1	488	0	0	0	0	0	0
dDocent_Contig_7089	1	334	0	0	0	0	0	0
dDocent_Contig_7102	1	491	0	0	0	0	0	0
dDocent_Contig_7105	1	305	0	0	0	0	0	0
dDocent_Contig_7114	1	252	0	0	0	0	0	0
dDocent_Contig_7117	1	506	0	0	0	0	0	0
dDocent_Contig_7118	1	316	0	0	0	0	0	0
dDocent_Contig_7129	1	374	0	0	0	0	0	0
dDocent_Contig_7131	1	494	0	0	0	0	0	0
dDocent_Contig_7132	1	420	0	0	0	0	0	0
dDocent_Contig_7143	1	347	0	0	0	0	0	0
dDocent_Contig_7145	1	342	0	0	0	0	0	0
dDocent_Contig_7146	1	467	0	0	0	0	0	0
dDocent_Contig_7149	1	345	0	0	0	0	0	0
dDocent_Contig_7150	1	381	0	0	0	0	0	0
dDocent_Contig_7151	1	401	0	0	0	0	0	0
dDocent_Contig_7164	1	491	0	0	0	0	0	0
dDocent_Contig_7176	1	416	0	0	0	0	0	0
dDocent_Contig_7177	1	397	0	0	0	0	0	0
dDocent_Contig_7178	1	385	0	0	0	0	0	0
dDocent_Contig_7179	1	462	0	0	0	0	0	0
dDocent_Contig_7180	1	451	0	0	0	0	0	0
dDocent_Contig_7193	1	458	0	0	0	0	0	0
dDocent_Contig_7198	1	483	0	0	0	0	0	0
dDocent_Contig_7201	1	414	0	0	0	0	0	0
dDocent_Contig_7202	1	326	0	0	0	0	0	0
dDocent_Contig_7204	1	374	0	0	0	0	0	0
dDocent_Contig_7206	1	337	0	0	0	0	0	0
dDocent_Contig_7207	1	342	0	0	0	0	0	0
dDocent_Contig_7208	1	249	0	0	0	0	0	0
dDocent_Contig_7220	1	320	0	0	0	0	0	0
dDocent_Contig_7223	1	380	0	0	0	0	0	0
dDocent_Contig_7227	1	430	0	0	0	0	0	0
dDocent_Contig_7230	1	304	0	0	0	0	0	0
dDocent_Contig_7232	1	343	0	0	0	0	0	0
dDocent_Contig_7235	1	431	0	0	0	0	0	0
dDocent_Contig_7236	1	310	0	0	0	0	0	0
dDocent_Contig_7238	1	308	0	0	0	0	0	0
dDocent_Contig_7239	1	506	0	0	0	0	0	0
dDocent_Contig_7240	1	321	0	0	0	0	0	0
dDocent_Contig_7242	1	508	0	0	0	0	0	0
dDocent_Contig_7244	1	397	0	0	0	0	0	0
dDocent_Contig_7245	1	354	0	0	0	0	0	0
dDocent_Contig_7246	1	308	0	0	0	0	0	0
dDocent_Contig_7247	1	300	0	0	0	0	0	0
dDocent_Contig_7262	1	339	0	0	0	0	0	0
dDocent_Contig_7285	1	343	0	0	0	0	0	0
dDocent_Contig_7287	1	348	0	0	0	0	0	0
dDocent_Contig_7290	1	333	0	0	0	0	0	0
dDocent_Contig_7291	1	429	0	0	0	0	0	0
dDocent_Contig_7294	1	313	0	0	0	0	0	0
dDocent_Contig_7299	1	333	0	0	0	0	0	0
dDocent_Contig_7303	1	362	0	0	0	0	0	0
dDocent_Contig_7304	1	377	0	0	0	0	0	0
dDocent_Contig_7305	1	280	0	0	0	0	0	0
dDocent_Contig_7306	1	375	0	0	0	0	0	0
dDocent_Contig_7307	1	392	0	0	0	0	0	0
dDocent_Contig_7310	1	314	0	0	0	0	0	0
dDocent_Contig_7315	1	436	0	0	0	0	0	0
dDocent_Contig_7336	1	381	0	0	0	0	0	0
dDocent_Contig_7340	1	400	0	0	0	0	0	0
dDocent_Contig_7346	1	370	0	0	0	0	0	0
dDocent_Contig_7349	1	368	0	0	0	0	0	0
dDocent_Contig_7352	1	354	0	0	0	0	0	0
dDocent_Contig_7354	1	373	0	0	0	0	0	0
dDocent_Contig_7362	1	499	0	0	0	0	0	0
dDocent_Contig_7370	1	344	0	0	0	0	0	0
dDocent_Contig_7371	1	417	0	0	0	0	0	0
dDocent_Contig_7372	1	337	0	0	0	0	0	0
dDocent_Contig_7379	1	404	0	0	0	0	0	0
dDocent_Contig_7384	1	466	0	0	0	0	0	0
dDocent_Contig_7395	1	348	0	0	0	0	0	0
dDocent_Contig_7399	1	445	0	0	0	0	0	0
dDocent_Contig_7400	1	489	0	0	0	0	0	0
dDocent_Contig_7402	1	390	0	0	0	0	0	0
dDocent_Contig_7406	1	402	0	0	0	0	0	0
dDocent_Contig_7413	1	379	0	0	0	0	0	0
dDocent_Contig_7416	1	492	0	0	0	0	0	0
dDocent_Contig_7423	1	334	0	0	0	0	0	0
dDocent_Contig_7430	1	431	0	0	0	0	0	0
dDocent_Contig_7432	1	501	0	0	0	0	0	0
dDocent_Contig_7434	1	373	0	0	0	0	0	0
dDocent_Contig_7435	1	413	0	0	0	0	0	0
dDocent_Contig_7451	1	275	0	0	0	0	0	0
dDocent_Contig_7453	1	462	0	0	0	0	0	0
dDocent_Contig_7454	1	340	0	0	0	0	0	0
dDocent_Contig_7456	1	519	0	0	0	0	0	0
dDocent_Contig_7461	1	319	0	0	0	0	0	0
dDocent_Contig_7471	1	455	0	0	0	0	0	0
dDocent_Contig_7475	1	351	0	0	0	0	0	0
dDocent_Contig_7478	1	292	0	0	0	0	0	0
dDocent_Contig_7480	1	454	0	0	0	0	0	0
dDocent_Contig_7481	1	464	0	0	0	0	0	0
dDocent_Contig_7485	1	402	0	0	0	0	0	0
dDocent_Contig_7502	1	233	0	0	0	0	0	0
dDocent_Contig_7503	1	382	0	0	0	0	0	0
dDocent_Contig_7505	1	396	0	0	0	0	0	0
dDocent_Contig_7509	1	373	0	0	0	0	0	0
dDocent_Contig_7510	1	315	0	0	0	0	0	0
dDocent_Contig_7513	1	370	0	0	0	0	0	0
dDocent_Contig_7515	1	397	0	0	0	0	0	0
dDocent_Contig_7516	1	447	0	0	0	0	0	0
dDocent_Contig_7517	1	401	0	0	0	0	0	0
dDocent_Contig_7521	1	256	0	0	0	0	0	0
dDocent_Contig_7527	1	349	0	0	0	0	0	0
dDocent_Contig_7528	1	476	0	0	0	0	0	0
dDocent_Contig_7529	1	309	0	0	0	0	0	0
dDocent_Contig_7534	1	419	0	0	0	0	0	0
dDocent_Contig_7543	1	390	0	0	0	0	0	0
dDocent_Contig_7549	1	408	0	0	0	0	0	0
dDocent_Contig_7555	1	483	0	0	0	0	0	0
dDocent_Contig_7567	1	370	0	0	0	0	0	0
dDocent_Contig_7578	1	405	0	0	0	0	0	0
dDocent_Contig_7585	1	486	0	0	0	0	0	0
dDocent_Contig_7587	1	459	0	0	0	0	0	0
dDocent_Contig_7596	1	366	0	0	0	0	0	0
dDocent_Contig_7597	1	310	0	0	0	0	0	0
dDocent_Contig_7620	1	399	0	0	0	0	0	0
dDocent_Contig_7623	1	414	0	0	0	0	0	0
dDocent_Contig_7629	1	478	0	0	0	0	0	0
dDocent_Contig_7636	1	412	0	0	0	0	0	0
dDocent_Contig_7638	1	369	0	0	0	0	0	0
dDocent_Contig_7645	1	482	0	0	0	0	0	0
dDocent_Contig_7662	1	393	0	0	0	0	0	0
dDocent_Contig_7671	1	354	0	0	0	0	0	0
dDocent_Contig_7680	1	347	0	0	0	0	0	0
dDocent_Contig_7682	1	273	0	0	0	0	0	0
dDocent_Contig_7701	1	388	0	0	0	0	0	0
dDocent_Contig_7711	1	394	0	0	0	0	0	0
dDocent_Contig_7715	1	390	0	0	0	0	0	0
dDocent_Contig_7724	1	469	0	0	0	0	0	0
dDocent_Contig_7729	1	470	0	0	0	0	0	0
dDocent_Contig_7731	1	320	0	0	0	0	0	0
dDocent_Contig_7737	1	484	0	0	0	0	0	0
dDocent_Contig_7739	1	471	0	0	0	0	0	0
dDocent_Contig_7745	1	439	0	0	0	0	0	0
dDocent_Contig_7772	1	419	0	0	0	0	0	0
dDocent_Contig_7774	1	428	0	0	0	0	0	0
dDocent_Contig_7779	1	404	0	0	0	0	0	0
dDocent_Contig_7784	1	459	0	0	0	0	0	0
dDocent_Contig_7787	1	375	0	0	0	0	0	0
dDocent_Contig_7791	1	484	0	0	0	0	0	0
dDocent_Contig_7799	1	394	0	0	0	0	0	0
dDocent_Contig_7800	1	370	0	0	0	0	0	0
dDocent_Contig_7801	1	357	0	0	0	0	0	0
dDocent_Contig_7804	1	350	0	0	0	0	0	0
dDocent_Contig_7805	1	432	0	0	0	0	0	0
dDocent_Contig_7807	1	370	0	0	0	0	0	0
dDocent_Contig_7812	1	433	0	0	0	0	0	0
dDocent_Contig_7813	1	395	0	0	0	0	0	0
dDocent_Contig_7814	1	462	0	0	0	0	0	0
dDocent_Contig_7816	1	487	0	0	0	0	0	0
dDocent_Contig_7825	1	439	0	0	0	0	0	0
dDocent_Contig_7830	1	388	0	0	0	0	0	0
dDocent_Contig_7831	1	296	0	0	0	0	0	0
dDocent_Contig_7836	1	328	0	0	0	0	0	0
dDocent_Contig_7845	1	445	0	0	0	0	0	0
dDocent_Contig_7854	1	378	0	0	0	0	0	0
dDocent_Contig_7855	1	438	0	0	0	0	0	0
dDocent_Contig_7856	1	500	0	0	0	0	0	0
dDocent_Contig_7867	1	468	0	0	0	0	0	0
dDocent_Contig_7873	1	397	0	0	0	0	0	0
dDocent_Contig_7879	1	343	0	0	0	0	0	0
dDocent_Contig_7880	1	363	0	0	0	0	0	0
dDocent_Contig_7882	1	404	0	0	0	0	0	0
dDocent_Contig_7883	1	441	0	0	0	0	0	0
dDocent_Contig_7890	1	403	0	0	0	0	0	0
dDocent_Contig_7894	1	378	0	0	0	0	0	0
dDocent_Contig_7898	1	328	0	0	0	0	0	0
dDocent_Contig_7906	1	493	0	0	0	0	0	0
dDocent_Contig_7910	1	247	0	0	0	0	0	0
dDocent_Contig_7911	1	388	0	0	0	0	0	0
dDocent_Contig_7913	1	499	0	0	0	0	0	0
dDocent_Contig_7916	1	510	0	0	0	0	0	0
dDocent_Contig_7919	1	376	0	0	0	0	0	0
dDocent_Contig_7921	1	350	0	0	0	0	0	0
dDocent_Contig_7923	1	277	0	0	0	0	0	0
dDocent_Contig_7927	1	419	0	0	0	0	0	0
dDocent_Contig_7941	1	480	0	0	0	0	0	0
dDocent_Contig_7944	1	379	0	0	0	0	0	0
dDocent_Contig_7946	1	461	0	0	0	0	0	0
dDocent_Contig_7950	1	381	0	0	0	0	0	0
dDocent_Contig_7951	1	302	0	0	0	0	0	0
dDocent_Contig_7958	1	364	0	0	0	0	0	0
dDocent_Contig_7963	1	462	0	0	0	0	0	0
dDocent_Contig_7971	1	452	0	0	0	0	0	0
dDocent_Contig_7975	1	351	0	0	0	0	0	0
dDocent_Contig_7978	1	386	0	0	0	0	0	0
dDocent_Contig_7980	1	375	0	0	0	0	0	0
dDocent_Contig_7981	1	471	0	0	0	0	0	0
dDocent_Contig_7993	1	393	0	0	0	0	0	0
dDocent_Contig_8005	1	314	0	0	0	0	0	0
dDocent_Contig_8006	1	424	0	0	0	0	0	0
dDocent_Contig_8007	1	354	0	0	0	0	0	0
dDocent_Contig_8031	1	311	0	0	0	0	0	0
dDocent_Contig_8032	1	258	0	0	0	0	0	0
dDocent_Contig_8033	1	410	0	0	0	0	0	0
dDocent_Contig_8035	1	398	0	0	0	0	0	0
dDocent_Contig_8036	1	513	0	0	0	0	0	0
dDocent_Contig_8038	1	433	0	0	0	0	0	0
dDocent_Contig_8041	1	503	0	0	0	0	0	0
dDocent_Contig_8044	1	349	0	0	0	0	0	0
dDocent_Contig_8060	1	504	0	0	0	0	0	0
dDocent_Contig_8062	1	427	0	0	0	0	0	0
dDocent_Contig_8067	1	412	0	0	0	0	0	0
dDocent_Contig_8074	1	399	0	0	0	0	0	0
dDocent_Contig_8076	1	419	0	0	0	0	0	0
dDocent_Contig_8083	1	373	0	0	0	0	0	0
dDocent_Contig_8084	1	292	0	0	0	0	0	0
dDocent_Contig_8086	1	476	0	0	0	0	0	0
dDocent_Contig_8102	1	466	0	0	0	0	0	0
dDocent_Contig_8109	1	396	0	0	0	0	0	0
dDocent_Contig_8110	1	273	0	0	0	0	0	0
dDocent_Contig_8116	1	393	0	0	0	0	0	0
dDocent_Contig_8125	1	448	0	0	0	0	0	0
dDocent_Contig_8135	1	360	0	0	0	0	0	0
dDocent_Contig_8137	1	351	0	0	0	0	0	0
dDocent_Contig_8138	1	449	0	0	0	0	0	0
dDocent_Contig_8141	1	314	0	0	0	0	0	0
dDocent_Contig_8142	1	295	0	0	0	0	0	0
dDocent_Contig_8148	1	414	0	0	0	0	0	0
dDocent_Contig_8154	1	401	0	0	0	0	0	0
dDocent_Contig_8155	1	398	0	0	0	0	0	0
dDocent_Contig_8166	1	454	0	0	0	0	0	0
dDocent_Contig_8167	1	436	0	0	0	0	0	0
dDocent_Contig_8183	1	381	0	0	0	0	0	0
dDocent_Contig_8192	1	432	0	0	0	0	0	0
dDocent_Contig_8206	1	452	0	0	0	0	0	0
dDocent_Contig_8214	1	252	0	0	0	0	0	0
dDocent_Contig_8223	1	462	0	0	0	0	0	0
dDocent_Contig_8230	1	307	0	0	0	0	0	0
dDocent_Contig_8231	1	432	0	0	0	0	0	0
dDocent_Contig_8235	1	458	0	0	0	0	0	0
dDocent_Contig_8241	1	385	0	0	0	0	0	0
dDocent_Contig_8243	1	381	0	0	0	0	0	0
dDocent_Contig_8255	1	361	0	0	0	0	0	0
dDocent_Contig_8259	1	416	0	0	0	0	0	0
dDocent_Contig_8260	1	306	0	0	0	0	0	0
dDocent_Contig_8265	1	415	0	0	0	0	0	0
dDocent_Contig_8268	1	364	0	0	0	0	0	0
dDocent_Contig_8285	1	390	0	0	0	0	0	0
dDocent_Contig_8286	1	252	0	0	0	0	0	0
dDocent_Contig_8291	1	368	0	0	0	0	0	0
dDocent_Contig_8299	1	365	0	0	0	0	0	0
dDocent_Contig_8306	1	343	0	0	0	0	0	0
dDocent_Contig_8339	1	290	0	0	0	0	0	0
dDocent_Contig_8342	1	374	0	0	0	0	0	0
dDocent_Contig_8343	1	400	0	0	0	0	0	0
dDocent_Contig_8344	1	516	0	0	0	0	0	0
dDocent_Contig_8347	1	402	0	0	0	0	0	0
dDocent_Contig_8359	1	406	0	0	0	0	0	0
dDocent_Contig_8363	1	469	0	0	0	0	0	0
dDocent_Contig_8364	1	409	0	0	0	0	0	0
dDocent_Contig_8373	1	401	0	0	0	0	0	0
dDocent_Contig_8375	1	430	0	0	0	0	0	0
dDocent_Contig_8378	1	264	0	0	0	0	0	0
dDocent_Contig_8380	1	493	0	0	0	0	0	0
dDocent_Contig_8382	1	344	0	0	0	0	0	0
dDocent_Contig_8383	1	416	0	0	0	0	0	0
dDocent_Contig_8385	1	330	0	0	0	0	0	0
dDocent_Contig_8391	1	396	0	0	0	0	0	0
dDocent_Contig_8392	1	299	0	0	0	0	0	0
dDocent_Contig_8396	1	279	0	0	0	0	0	0
dDocent_Contig_8408	1	363	0	0	0	0	0	0
dDocent_Contig_8410	1	459	0	0	0	0	0	0
dDocent_Contig_8415	1	426	0	0	0	0	0	0
dDocent_Contig_8416	1	340	0	0	0	0	0	0
dDocent_Contig_8417	1	418	0	0	0	0	0	0
dDocent_Contig_8422	1	332	0	0	0	0	0	0
dDocent_Contig_8424	1	362	0	0	0	0	0	0
dDocent_Contig_8429	1	409	0	0	0	0	0	0
dDocent_Contig_8431	1	352	0	0	0	0	0	0
dDocent_Contig_8435	1	405	0	0	0	0	0	0
dDocent_Contig_8438	1	370	0	0	0	0	0	0
dDocent_Contig_8445	1	487	0	0	0	0	0	0
dDocent_Contig_8447	1	297	0	0	0	0	0	0
dDocent_Contig_8454	1	436	0	0	0	0	0	0
dDocent_Contig_8463	1	316	0	0	0	0	0	0
dDocent_Contig_8464	1	434	0	0	0	0	0	0
dDocent_Contig_8465	1	320	0	0	0	0	0	0
dDocent_Contig_8470	1	470	0	0	0	0	0	0
dDocent_Contig_8472	1	483	0	0	0	0	0	0
dDocent_Contig_8475	1	510	0	0	0	0	0	0
dDocent_Contig_8476	1	502	0	0	0	0	0	0
dDocent_Contig_8486	1	350	0	0	0	0	0	0
dDocent_Contig_8487	1	377	0	0	0	0	0	0
dDocent_Contig_8496	1	395	0	0	0	0	0	0
dDocent_Contig_8497	1	420	0	0	0	0	0	0
dDocent_Contig_8501	1	374	0	0	0	0	0	0
dDocent_Contig_8506	1	380	0	0	0	0	0	0
dDocent_Contig_8507	1	372	0	0	0	0	0	0
dDocent_Contig_8517	1	368	0	0	0	0	0	0
dDocent_Contig_8518	1	265	0	0	0	0	0	0
dDocent_Contig_8524	1	324	0	0	0	0	0	0
dDocent_Contig_8527	1	385	0	0	0	0	0	0
dDocent_Contig_8535	1	402	0	0	0	0	0	0
dDocent_Contig_8541	1	312	0	0	0	0	0	0
dDocent_Contig_8554	1	385	0	0	0	0	0	0
dDocent_Contig_8569	1	465	0	0	0	0	0	0
dDocent_Contig_8580	1	313	0	0	0	0	0	0
dDocent_Contig_8583	1	390	0	0	0	0	0	0
dDocent_Contig_8597	1	368	0	0	0	0	0	0
dDocent_Contig_8607	1	394	0	0	0	0	0	0
dDocent_Contig_8621	1	370	0	0	0	0	0	0
dDocent_Contig_8630	1	294	0	0	0	0	0	0
dDocent_Contig_8631	1	283	0	0	0	0	0	0
dDocent_Contig_8632	1	366	0	0	0	0	0	0
dDocent_Contig_8633	1	454	0	0	0	0	0	0
dDocent_Contig_8634	1	505	0	0	0	0	0	0
dDocent_Contig_8650	1	310	0	0	0	0	0	0
dDocent_Contig_8667	1	375	0	0	0	0	0	0
dDocent_Contig_8669	1	448	0	0	0	0	0	0
dDocent_Contig_8671	1	337	0	0	0	0	0	0
dDocent_Contig_8672	1	372	0	0	0	0	0	0
dDocent_Contig_8673	1	404	0	0	0	0	0	0
dDocent_Contig_8676	1	404	0	0	0	0	0	0
dDocent_Contig_8698	1	479	0	0	0	0	0	0
dDocent_Contig_8709	1	387	0	0	0	0	0	0
dDocent_Contig_8717	1	489	0	0	0	0	0	0
dDocent_Contig_8724	1	405	0	0	0	0	0	0
dDocent_Contig_8728	1	301	0	0	0	0	0	0
dDocent_Contig_8731	1	397	0	0	0	0	0	0
dDocent_Contig_8744	1	431	0	0	0	0	0	0
dDocent_Contig_8751	1	353	0	0	0	0	0	0
dDocent_Contig_8766	1	469	0	0	0	0	0	0
dDocent_Contig_8774	1	466	0	0	0	0	0	0
dDocent_Contig_8779	1	283	0	0	0	0	0	0
dDocent_Contig_8793	1	387	0	0	0	0	0	0
dDocent_Contig_8796	1	441	0	0	0	0	0	0
dDocent_Contig_8820	1	421	0	0	0	0	0	0
dDocent_Contig_8821	1	403	0	0	0	0	0	0
dDocent_Contig_8822	1	461	0	0	0	0	0	0
dDocent_Contig_8842	1	429	0	0	0	0	0	0
dDocent_Contig_8843	1	358	0	0	0	0	0	0
dDocent_Contig_8871	1	418	0	0	0	0	0	0
dDocent_Contig_8872	1	405	0	0	0	0	0	0
dDocent_Contig_8875	1	469	0	0	0	0	0	0
dDocent_Contig_8880	1	249	0	0	0	0	0	0
dDocent_Contig_8887	1	363	0	0	0	0	0	0
dDocent_Contig_8892	1	384	0	0	0	0	0	0
dDocent_Contig_8933	1	384	0	0	0	0	0	0
dDocent_Contig_8934	1	402	0	0	0	0	0	0
dDocent_Contig_8937	1	306	0	0	0	0	0	0
dDocent_Contig_8944	1	319	0	0	0	0	0	0
dDocent_Contig_8983	1	299	0	0	0	0	0	0
dDocent_Contig_8984	1	394	0	0	0	0	0	0
dDocent_Contig_8988	1	436	0	0	0	0	0	0
dDocent_Contig_8991	1	438	0	0	0	0	0	0
dDocent_Contig_8993	1	301	0	0	0	0	0	0
dDocent_Contig_8994	1	392	0	0	0	0	0	0
dDocent_Contig_9001	1	430	0	0	0	0	0	0
dDocent_Contig_9002	1	438	0	0	0	0	0	0
dDocent_Contig_9009	1	371	0	0	0	0	0	0
dDocent_Contig_9020	1	394	0	0	0	0	0	0
dDocent_Contig_9021	1	416	0	0	0	0	0	0
dDocent_Contig_9022	1	394	0	0	0	0	0	0
dDocent_Contig_9025	1	419	0	0	0	0	0	0
dDocent_Contig_9030	1	376	0	0	0	0	0	0
dDocent_Contig_9033	1	335	0	0	0	0	0	0
dDocent_Contig_9037	1	455	0	0	0	0	0	0
dDocent_Contig_9042	1	430	0	0	0	0	0	0
dDocent_Contig_9044	1	265	0	0	0	0	0	0
dDocent_Contig_9049	1	421	0	0	0	0	0	0
dDocent_Contig_9078	1	451	0	0	0	0	0	0
dDocent_Contig_9082	1	474	0	0	0	0	0	0
dDocent_Contig_9084	1	444	0	0	0	0	0	0
dDocent_Contig_9085	1	424	0	0	0	0	0	0
dDocent_Contig_9087	1	333	0	0	0	0	0	0
dDocent_Contig_9088	1	381	0	0	0	0	0	0
dDocent_Contig_9104	1	495	0	0	0	0	0	0
dDocent_Contig_9105	1	345	0	0	0	0	0	0
dDocent_Contig_9106	1	389	0	0	0	0	0	0
dDocent_Contig_9107	1	360	0	0	0	0	0	0
dDocent_Contig_9108	1	306	0	0	0	0	0	0
dDocent_Contig_9113	1	432	0	0	0	0	0	0
dDocent_Contig_9115	1	433	0	0	0	0	0	0
dDocent_Contig_9117	1	373	0	0	0	0	0	0
dDocent_Contig_9120	1	375	0	0	0	0	0	0
dDocent_Contig_9126	1	328	0	0	0	0	0	0
dDocent_Contig_9127	1	337	0	0	0	0	0	0
dDocent_Contig_9129	1	400	0	0	0	0	0	0
dDocent_Contig_9130	1	307	0	0	0	0	0	0
dDocent_Contig_9131	1	499	0	0	0	0	0	0
dDocent_Contig_9133	1	342	0	0	0	0	0	0
dDocent_Contig_9134	1	407	0	0	0	0	0	0
dDocent_Contig_9137	1	393	0	0	0	0	0	0
dDocent_Contig_9140	1	266	0	0	0	0	0	0
dDocent_Contig_9141	1	393	0	0	0	0	0	0
dDocent_Contig_9142	1	354	0	0	0	0	0	0
dDocent_Contig_9144	1	404	0	0	0	0	0	0
dDocent_Contig_9145	1	266	0	0	0	0	0	0
dDocent_Contig_9146	1	338	0	0	0	0	0	0
dDocent_Contig_9148	1	284	0	0	0	0	0	0
dDocent_Contig_9151	1	437	0	0	0	0	0	0
dDocent_Contig_9154	1	283	0	0	0	0	0	0
dDocent_Contig_9155	1	408	0	0	0	0	0	0
dDocent_Contig_9159	1	386	0	0	0	0	0	0
dDocent_Contig_9166	1	458	0	0	0	0	0	0
dDocent_Contig_9168	1	279	0	0	0	0	0	0
dDocent_Contig_9170	1	439	0	0	0	0	0	0
dDocent_Contig_9172	1	286	0	0	0	0	0	0
dDocent_Contig_9175	1	387	0	0	0	0	0	0
dDocent_Contig_9176	1	348	0	0	0	0	0	0
dDocent_Contig_9181	1	427	0	0	0	0	0	0
dDocent_Contig_9183	1	386	0	0	0	0	0	0
dDocent_Contig_9187	1	417	0	0	0	0	0	0
dDocent_Contig_9188	1	292	0	0	0	0	0	0
dDocent_Contig_9189	1	408	0	0	0	0	0	0
dDocent_Contig_9194	1	379	0	0	0	0	0	0
dDocent_Contig_9197	1	363	0	0	0	0	0	0
dDocent_Contig_9198	1	395	0	0	0	0	0	0
dDocent_Contig_9199	1	300	0	0	0	0	0	0
dDocent_Contig_9203	1	312	0	0	0	0	0	0
dDocent_Contig_9207	1	382	0	0	0	0	0	0
dDocent_Contig_9211	1	396	0	0	0	0	0	0
dDocent_Contig_9212	1	426	0	0	0	0	0	0
dDocent_Contig_9214	1	406	0	0	0	0	0	0
dDocent_Contig_9215	1	376	0	0	0	0	0	0
dDocent_Contig_9217	1	330	0	0	0	0	0	0
dDocent_Contig_9229	1	375	0	0	0	0	0	0
dDocent_Contig_9231	1	364	0	0	0	0	0	0
dDocent_Contig_9234	1	408	0	0	0	0	0	0
dDocent_Contig_9236	1	365	0	0	0	0	0	0
dDocent_Contig_9237	1	489	0	0	0	0	0	0
dDocent_Contig_9238	1	377	0	0	0	0	0	0
dDocent_Contig_9243	1	334	0	0	0	0	0	0
dDocent_Contig_9244	1	388	0	0	0	0	0	0
dDocent_Contig_9248	1	442	0	0	0	0	0	0
dDocent_Contig_9250	1	344	0	0	0	0	0	0
dDocent_Contig_9251	1	240	0	0	0	0	0	0
dDocent_Contig_9252	1	442	0	0	0	0	0	0
dDocent_Contig_9257	1	412	0	0	0	0	0	0
dDocent_Contig_9258	1	308	0	0	0	0	0	0
dDocent_Contig_9259	1	390	0	0	0	0	0	0
dDocent_Contig_9266	1	292	0	0	0	0	0	0
dDocent_Contig_9268	1	381	0	0	0	0	0	0
dDocent_Contig_9269	1	397	0	0	0	0	0	0
dDocent_Contig_9270	1	407	0	0	0	0	0	0
dDocent_Contig_9279	1	398	0	0	0	0	0	0
dDocent_Contig_9280	1	383	0	0	0	0	0	0
dDocent_Contig_9281	1	396	0	0	0	0	0	0
dDocent_Contig_9288	1	345	0	0	0	0	0	0
dDocent_Contig_9289	1	392	0	0	0	0	0	0
dDocent_Contig_9295	1	434	0	0	0	0	0	0
dDocent_Contig_9297	1	492	0	0	0	0	0	0
dDocent_Contig_9301	1	292	0	0	0	0	0	0
dDocent_Contig_9302	1	342	0	0	0	0	0	0
dDocent_Contig_9303	1	458	0	0	0	0	0	0
dDocent_Contig_9304	1	473	0	0	0	0	0	0
dDocent_Contig_9306	1	371	0	0	0	0	0	0
dDocent_Contig_9307	1	308	0	0	0	0	0	0
dDocent_Contig_9310	1	377	0	0	0	0	0	0
dDocent_Contig_9311	1	438	0	0	0	0	0	0
dDocent_Contig_9312	1	363	0	0	0	0	0	0
dDocent_Contig_9316	1	421	0	0	0	0	0	0
dDocent_Contig_9318	1	460	0	0	0	0	0	0
dDocent_Contig_9319	1	346	0	0	0	0	0	0
dDocent_Contig_9320	1	351	0	0	0	0	0	0
dDocent_Contig_9323	1	384	0	0	0	0	0	0
dDocent_Contig_9324	1	304	0	0	0	0	0	0
dDocent_Contig_9325	1	440	0	0	0	0	0	0
dDocent_Contig_9326	1	381	0	0	0	0	0	0
dDocent_Contig_9330	1	358	0	0	0	0	0	0
dDocent_Contig_9333	1	311	0	0	0	0	0	0
dDocent_Contig_9335	1	255	0	0	0	0	0	0
dDocent_Contig_9336	1	377	0	0	0	0	0	0
dDocent_Contig_9338	1	269	0	0	0	0	0	0
dDocent_Contig_9346	1	483	0	0	0	0	0	0
dDocent_Contig_9349	1	384	0	0	0	0	0	0
dDocent_Contig_9351	1	353	0	0	0	0	0	0
dDocent_Contig_9352	1	338	0	0	0	0	0	0
dDocent_Contig_9353	1	425	0	0	0	0	0	0
dDocent_Contig_9354	1	319	0	0	0	0	0	0
dDocent_Contig_9355	1	391	0	0	0	0	0	0
dDocent_Contig_9367	1	382	0	0	0	0	0	0
dDocent_Contig_9368	1	422	0	0	0	0	0	0
dDocent_Contig_9370	1	416	0	0	0	0	0	0
dDocent_Contig_9371	1	305	0	0	0	0	0	0
dDocent_Contig_9374	1	452	0	0	0	0	0	0
dDocent_Contig_9376	1	340	0	0	0	0	0	0
dDocent_Contig_9378	1	277	0	0	0	0	0	0
dDocent_Contig_9379	1	389	0	0	0	0	0	0
dDocent_Contig_9380	1	370	0	0	0	0	0	0
dDocent_Contig_9382	1	237	0	0	0	0	0	0
dDocent_Contig_9383	1	238	0	0	0	0	0	0
dDocent_Contig_9384	1	424	0	0	0	0	0	0
dDocent_Contig_9387	1	442	0	0	0	0	0	0
dDocent_Contig_9390	1	401	0	0	0	0	0	0
dDocent_Contig_9391	1	373	0	0	0	0	0	0
dDocent_Contig_9393	1	354	0	0	0	0	0	0
dDocent_Contig_9395	1	402	0	0	0	0	0	0
dDocent_Contig_9396	1	395	0	0	0	0	0	0
dDocent_Contig_9397	1	319	0	0	0	0	0	0
dDocent_Contig_9398	1	246	0	0	0	0	0	0
dDocent_Contig_9400	1	319	0	0	0	0	0	0
dDocent_Contig_9402	1	264	0	0	0	0	0	0
dDocent_Contig_9404	1	227	0	0	0	0	0	0
dDocent_Contig_9413	1	224	0	0	0	0	0	0
dDocent_Contig_9415	1	423	0	0	0	0	0	0
dDocent_Contig_9416	1	400	0	0	0	0	0	0
dDocent_Contig_9419	1	457	0	0	0	0	0	0
dDocent_Contig_9420	1	316	0	0	0	0	0	0
dDocent_Contig_9421	1	406	0	0	0	0	0	0
dDocent_Contig_9422	1	419	0	0	0	0	0	0
dDocent_Contig_9423	1	396	0	0	0	0	0	0
dDocent_Contig_9433	1	348	0	0	0	0	0	0
dDocent_Contig_9438	1	312	0	0	0	0	0	0
dDocent_Contig_9439	1	439	0	0	0	0	0	0
dDocent_Contig_9444	1	306	0	0	0	0	0	0
dDocent_Contig_9446	1	240	0	0	0	0	0	0
dDocent_Contig_9448	1	392	0	0	0	0	0	0
dDocent_Contig_9449	1	381	0	0	0	0	0	0
dDocent_Contig_9451	1	445	0	0	0	0	0	0
dDocent_Contig_9452	1	404	0	0	0	0	0	0
dDocent_Contig_9457	1	378	0	0	0	0	0	0
dDocent_Contig_9461	1	353	0	0	0	0	0	0
dDocent_Contig_9465	1	357	0	0	0	0	0	0
dDocent_Contig_9468	1	391	0	0	0	0	0	0
dDocent_Contig_9470	1	338	0	0	0	0	0	0
dDocent_Contig_9471	1	390	0	0	0	0	0	0
dDocent_Contig_9472	1	325	0	0	0	0	0	0
dDocent_Contig_9473	1	342	0	0	0	0	0	0
dDocent_Contig_9474	1	290	0	0	0	0	0	0
dDocent_Contig_9475	1	443	0	0	0	0	0	0
dDocent_Contig_9477	1	338	0	0	0	0	0	0
dDocent_Contig_9478	1	332	0	0	0	0	0	0
dDocent_Contig_9487	1	349	0	0	0	0	0	0
dDocent_Contig_9488	1	286	0	0	0	0	0	0
dDocent_Contig_9489	1	363	0	0	0	0	0	0
dDocent_Contig_9490	1	409	0	0	0	0	0	0
dDocent_Contig_9491	1	405	0	0	0	0	0	0
dDocent_Contig_9495	1	327	0	0	0	0	0	0
dDocent_Contig_9497	1	352	0	0	0	0	0	0
dDocent_Contig_9498	1	430	0	0	0	0	0	0
dDocent_Contig_9500	1	421	0	0	0	0	0	0
dDocent_Contig_9501	1	304	0	0	0	0	0	0
dDocent_Contig_9502	1	494	0	0	0	0	0	0
dDocent_Contig_9504	1	380	0	0	0	0	0	0
dDocent_Contig_9508	1	366	0	0	0	0	0	0
dDocent_Contig_9514	1	407	0	0	0	0	0	0
dDocent_Contig_9517	1	323	0	0	0	0	0	0
dDocent_Contig_9519	1	306	0	0	0	0	0	0
dDocent_Contig_9525	1	327	0	0	0	0	0	0
dDocent_Contig_9526	1	249	0	0	0	0	0	0
dDocent_Contig_9529	1	393	0	0	0	0	0	0
dDocent_Contig_9530	1	290	0	0	0	0	0	0
dDocent_Contig_9531	1	475	0	0	0	0	0	0
dDocent_Contig_9534	1	294	0	0	0	0	0	0
dDocent_Contig_9536	1	383	0	0	0	0	0	0
dDocent_Contig_9540	1	486	0	0	0	0	0	0
dDocent_Contig_9543	1	334	0	0	0	0	0	0
dDocent_Contig_9544	1	295	0	0	0	0	0	0
dDocent_Contig_9545	1	354	0	0	0	0	0	0
dDocent_Contig_9548	1	409	0	0	0	0	0	0
dDocent_Contig_9549	1	339	0	0	0	0	0	0
dDocent_Contig_9550	1	370	0	0	0	0	0	0
dDocent_Contig_9551	1	371	0	0	0	0	0	0
dDocent_Contig_9552	1	458	0	0	0	0	0	0
dDocent_Contig_9557	1	388	0	0	0	0	0	0
dDocent_Contig_9558	1	335	0	0	0	0	0	0
dDocent_Contig_9559	1	403	0	0	0	0	0	0
dDocent_Contig_9560	1	513	0	0	0	0	0	0
dDocent_Contig_9562	1	417	0	0	0	0	0	0
dDocent_Contig_9564	1	341	0	0	0	0	0	0
dDocent_Contig_9573	1	362	0	0	0	0	0	0
dDocent_Contig_9578	1	362	0	0	0	0	0	0
dDocent_Contig_9583	1	398	0	0	0	0	0	0
dDocent_Contig_9584	1	381	0	0	0	0	0	0
dDocent_Contig_9585	1	329	0	0	0	0	0	0
dDocent_Contig_9587	1	405	0	0	0	0	0	0
dDocent_Contig_9588	1	364	0	0	0	0	0	0
dDocent_Contig_9590	1	354	0	0	0	0	0	0
dDocent_Contig_9594	1	457	0	0	0	0	0	0
dDocent_Contig_9599	1	376	0	0	0	0	0	0
dDocent_Contig_9601	1	447	0	0	0	0	0	0
dDocent_Contig_9602	1	460	0	0	0	0	0	0
dDocent_Contig_9606	1	415	0	0	0	0	0	0
dDocent_Contig_9607	1	399	0	0	0	0	0	0
dDocent_Contig_9613	1	441	0	0	0	0	0	0
dDocent_Contig_9614	1	407	0	0	0	0	0	0
dDocent_Contig_9616	1	398	0	0	0	0	0	0
dDocent_Contig_9620	1	484	0	0	0	0	0	0
dDocent_Contig_9621	1	420	0	0	0	0	0	0
dDocent_Contig_9625	1	268	0	0	0	0	0	0
dDocent_Contig_9626	1	301	0	0	0	0	0	0
dDocent_Contig_9627	1	470	0	0	0	0	0	0
dDocent_Contig_9631	1	371	0	0	0	0	0	0
dDocent_Contig_9632	1	336	0	0	0	0	0	0
dDocent_Contig_9634	1	437	0	0	0	0	0	0
dDocent_Contig_9635	1	387	0	0	0	0	0	0
dDocent_Contig_9637	1	343	0	0	0	0	0	0
dDocent_Contig_9638	1	406	0	0	0	0	0	0
dDocent_Contig_9639	1	286	0	0	0	0	0	0
dDocent_Contig_9641	1	373	0	0	0	0	0	0
dDocent_Contig_9642	1	406	0	0	0	0	0	0
dDocent_Contig_9643	1	357	0	0	0	0	0	0
dDocent_Contig_9644	1	349	0	0	0	0	0	0
dDocent_Contig_9651	1	400	0	0	0	0	0	0
dDocent_Contig_9654	1	343	0	0	0	0	0	0
dDocent_Contig_9657	1	377	0	0	0	0	0	0
dDocent_Contig_9658	1	381	0	0	0	0	0	0
dDocent_Contig_9663	1	398	0	0	0	0	0	0
dDocent_Contig_9664	1	425	0	0	0	0	0	0
dDocent_Contig_9665	1	399	0	0	0	0	0	0
dDocent_Contig_9666	1	255	0	0	0	0	0	0
dDocent_Contig_9667	1	398	0	0	0	0	0	0
dDocent_Contig_9668	1	446	0	0	0	0	0	0
dDocent_Contig_9669	1	385	0	0	0	0	0	0
dDocent_Contig_9670	1	371	0	0	0	0	0	0
dDocent_Contig_9671	1	378	0	0	0	0	0	0
dDocent_Contig_9672	1	398	0	0	0	0	0	0
dDocent_Contig_9676	1	434	0	0	0	0	0	0
dDocent_Contig_9682	1	473	0	0	0	0	0	0
dDocent_Contig_9684	1	344	0	0	0	0	0	0
dDocent_Contig_9685	1	316	0	0	0	0	0	0
dDocent_Contig_9686	1	400	0	0	0	0	0	0
dDocent_Contig_9687	1	401	0	0	0	0	0	0
dDocent_Contig_9688	1	400	0	0	0	0	0	0
dDocent_Contig_9696	1	487	0	0	0	0	0	0
dDocent_Contig_9699	1	379	0	0	0	0	0	0
dDocent_Contig_9700	1	409	0	0	0	0	0	0
dDocent_Contig_9704	1	313	0	0	0	0	0	0
dDocent_Contig_9709	1	423	0	0	0	0	0	0
dDocent_Contig_9710	1	409	0	0	0	0	0	0
dDocent_Contig_9711	1	363	0	0	0	0	0	0
dDocent_Contig_9713	1	336	0	0	0	0	0	0
dDocent_Contig_9715	1	439	0	0	0	0	0	0
dDocent_Contig_9718	1	507	0	0	0	0	0	0
dDocent_Contig_9720	1	467	0	0	0	0	0	0
dDocent_Contig_9722	1	355	0	0	0	0	0	0
dDocent_Contig_9724	1	346	0	0	0	0	0	0
dDocent_Contig_9725	1	418	0	0	0	0	0	0
dDocent_Contig_9730	1	404	0	0	0	0	0	0
dDocent_Contig_9732	1	349	0	0	0	0	0	0
dDocent_Contig_9737	1	494	0	0	0	0	0	0
dDocent_Contig_9741	1	357	0	0	0	0	0	0
dDocent_Contig_9743	1	357	0	0	0	0	0	0
dDocent_Contig_9746	1	347	0	0	0	0	0	0
dDocent_Contig_9747	1	412	0	0	0	0	0	0
dDocent_Contig_9748	1	382	0	0	0	0	0	0
dDocent_Contig_9749	1	383	0	0	0	0	0	0
dDocent_Contig_9750	1	305	0	0	0	0	0	0
dDocent_Contig_9751	1	347	0	0	0	0	0	0
dDocent_Contig_9753	1	423	0	0	0	0	0	0
dDocent_Contig_9754	1	392	0	0	0	0	0	0
dDocent_Contig_9756	1	367	0	0	0	0	0	0
dDocent_Contig_9757	1	343	0	0	0	0	0	0
dDocent_Contig_9758	1	396	0	0	0	0	0	0
dDocent_Contig_9759	1	376	0	0	0	0	0	0
dDocent_Contig_9760	1	344	0	0	0	0	0	0
dDocent_Contig_9762	1	358	0	0	0	0	0	0
dDocent_Contig_9763	1	365	0	0	0	0	0	0
dDocent_Contig_9768	1	389	0	0	0	0	0	0
dDocent_Contig_9769	1	402	0	0	0	0	0	0
dDocent_Contig_9771	1	403	0	0	0	0	0	0
dDocent_Contig_9775	1	378	0	0	0	0	0	0
dDocent_Contig_9781	1	478	0	0	0	0	0	0
dDocent_Contig_9784	1	419	0	0	0	0	0	0
dDocent_Contig_9787	1	391	0	0	0	0	0	0
dDocent_Contig_9790	1	304	0	0	0	0	0	0
dDocent_Contig_9791	1	396	0	0	0	0	0	0
dDocent_Contig_9793	1	364	0	0	0	0	0	0
dDocent_Contig_9794	1	387	0	0	0	0	0	0
dDocent_Contig_9800	1	384	0	0	0	0	0	0
dDocent_Contig_9801	1	373	0	0	0	0	0	0
dDocent_Contig_9802	1	387	0	0	0	0	0	0
dDocent_Contig_9803	1	325	0	0	0	0	0	0
dDocent_Contig_9804	1	376	0	0	0	0	0	0
dDocent_Contig_9805	1	408	0	0	0	0	0	0
dDocent_Contig_9811	1	289	0	0	0	0	0	0
dDocent_Contig_9821	1	403	0	0	0	0	0	0
dDocent_Contig_9822	1	329	0	0	0	0	0	0
dDocent_Contig_9823	1	334	0	0	0	0	0	0
dDocent_Contig_9824	1	385	0	0	0	0	0	0
dDocent_Contig_9826	1	362	0	0	0	0	0	0
dDocent_Contig_9828	1	327	0	0	0	0	0	0
dDocent_Contig_9829	1	394	0	0	0	0	0	0
dDocent_Contig_9831	1	370	0	0	0	0	0	0
dDocent_Contig_9835	1	316	0	0	0	0	0	0
dDocent_Contig_9837	1	398	0	0	0	0	0	0
dDocent_Contig_9838	1	408	0	0	0	0	0	0
dDocent_Contig_9839	1	340	0	0	0	0	0	0
dDocent_Contig_9840	1	326	0	0	0	0	0	0
dDocent_Contig_9844	1	396	0	0	0	0	0	0
dDocent_Contig_9845	1	432	0	0	0	0	0	0
dDocent_Contig_9847	1	451	0	0	0	0	0	0
dDocent_Contig_9849	1	239	0	0	0	0	0	0
dDocent_Contig_9850	1	363	0	0	0	0	0	0
dDocent_Contig_9851	1	318	0	0	0	0	0	0
dDocent_Contig_9852	1	440	0	0	0	0	0	0
dDocent_Contig_9855	1	354	0	0	0	0	0	0
dDocent_Contig_9858	1	369	0	0	0	0	0	0
dDocent_Contig_9859	1	365	0	0	0	0	0	0
dDocent_Contig_9860	1	435	0	0	0	0	0	0
dDocent_Contig_9866	1	404	0	0	0	0	0	0
dDocent_Contig_9872	1	340	0	0	0	0	0	0
dDocent_Contig_9873	1	449	0	0	0	0	0	0
dDocent_Contig_9876	1	393	0	0	0	0	0	0
dDocent_Contig_9880	1	463	0	0	0	0	0	0
dDocent_Contig_9881	1	457	0	0	0	0	0	0
dDocent_Contig_9891	1	392	0	0	0	0	0	0
dDocent_Contig_9892	1	368	0	0	0	0	0	0
dDocent_Contig_9894	1	438	0	0	0	0	0	0
dDocent_Contig_9895	1	411	0	0	0	0	0	0
dDocent_Contig_9896	1	428	0	0	0	0	0	0
dDocent_Contig_9897	1	400	0	0	0	0	0	0
dDocent_Contig_9898	1	384	0	0	0	0	0	0
dDocent_Contig_9899	1	301	0	0	0	0	0	0
dDocent_Contig_9900	1	357	0	0	0	0	0	0
dDocent_Contig_9904	1	454	0	0	0	0	0	0
dDocent_Contig_9905	1	266	0	0	0	0	0	0
dDocent_Contig_9907	1	383	0	0	0	0	0	0
dDocent_Contig_9910	1	397	0	0	0	0	0	0
dDocent_Contig_9912	1	310	0	0	0	0	0	0
dDocent_Contig_9915	1	402	0	0	0	0	0	0
dDocent_Contig_9916	1	334	0	0	0	0	0	0
dDocent_Contig_9917	1	381	0	0	0	0	0	0
dDocent_Contig_9921	1	387	0	0	0	0	0	0
dDocent_Contig_9922	1	426	0	0	0	0	0	0
dDocent_Contig_9925	1	396	0	0	0	0	0	0
dDocent_Contig_9926	1	285	0	0	0	0	0	0
dDocent_Contig_9932	1	399	0	0	0	0	0	0
dDocent_Contig_9935	1	508	0	0	0	0	0	0
dDocent_Contig_9938	1	386	0	0	0	0	0	0
dDocent_Contig_9939	1	261	0	0	0	0	0	0
dDocent_Contig_9940	1	321	0	0	0	0	0	0
dDocent_Contig_9941	1	375	0	0	0	0	0	0
dDocent_Contig_9947	1	350	0	0	0	0	0	0
dDocent_Contig_9948	1	473	0	0	0	0	0	0
dDocent_Contig_9958	1	392	0	0	0	0	0	0
dDocent_Contig_9962	1	406	0	0	0	0	0	0
dDocent_Contig_9965	1	357	0	0	0	0	0	0
dDocent_Contig_9966	1	397	0	0	0	0	0	0
dDocent_Contig_9973	1	499	0	0	0	0	0	0
dDocent_Contig_9975	1	396	0	0	0	0	0	0
dDocent_Contig_9980	1	339	0	0	0	0	0	0
dDocent_Contig_9981	1	388	0	0	0	0	0	0
dDocent_Contig_9982	1	427	0	0	0	0	0	0
dDocent_Contig_9983	1	431	0	0	0	0	0	0
dDocent_Contig_9986	1	385	0	0	0	0	0	0
dDocent_Contig_9988	1	421	0	0	0	0	0	0
dDocent_Contig_9990	1	329	0	0	0	0	0	0
dDocent_Contig_9991	1	346	0	0	0	0	0	0
dDocent_Contig_9992	1	295	0	0	0	0	0	0
dDocent_Contig_9997	1	297	0	0	0	0	0	0
dDocent_Contig_9998	1	371	0	0	0	0	0	0
dDocent_Contig_10001	1	397	0	0	0	0	0	0
dDocent_Contig_10002	1	295	0	0	0	0	0	0
dDocent_Contig_10005	1	393	0	0	0	0	0	0
dDocent_Contig_10037	1	386	0	0	0	0	0	0
dDocent_Contig_10046	1	326	0	0	0	0	0	0
dDocent_Contig_10050	1	389	0	0	0	0	0	0
dDocent_Contig_10051	1	460	0	0	0	0	0	0
dDocent_Contig_10059	1	396	0	0	0	0	0	0
dDocent_Contig_10061	1	435	0	0	0	0	0	0
dDocent_Contig_10066	1	326	0	0	0	0	0	0
dDocent_Contig_10067	1	298	0	0	0	0	0	0
dDocent_Contig_10071	1	354	0	0	0	0	0	0
dDocent_Contig_10080	1	414	0	0	0	0	0	0
dDocent_Contig_10082	1	374	0	0	0	0	0	0
dDocent_Contig_10085	1	287	0	0	0	0	0	0
dDocent_Contig_10089	1	358	0	0	0	0	0	0
dDocent_Contig_10090	1	413	0	0	0	0	0	0
dDocent_Contig_10091	1	465	0	0	0	0	0	0
dDocent_Contig_10092	1	486	0	0	0	0	0	0
dDocent_Contig_10095	1	322	0	0	0	0	0	0
dDocent_Contig_10098	1	356	0	0	0	0	0	0
dDocent_Contig_10111	1	331	0	0	0	0	0	0
dDocent_Contig_10112	1	401	0	0	0	0	0	0
dDocent_Contig_10116	1	493	0	0	0	0	0	0
dDocent_Contig_10119	1	407	0	0	0	0	0	0
dDocent_Contig_10126	1	484	0	0	0	0	0	0
dDocent_Contig_10129	1	408	0	0	0	0	0	0
dDocent_Contig_10135	1	492	0	0	0	0	0	0
dDocent_Contig_10137	1	234	0	0	0	0	0	0
dDocent_Contig_10165	1	341	0	0	0	0	0	0
dDocent_Contig_10168	1	383	0	0	0	0	0	0
dDocent_Contig_10177	1	423	0	0	0	0	0	0
dDocent_Contig_10178	1	436	0	0	0	0	0	0
dDocent_Contig_10183	1	419	0	0	0	0	0	0
dDocent_Contig_10186	1	298	0	0	0	0	0	0
dDocent_Contig_10187	1	386	0	0	0	0	0	0
dDocent_Contig_10201	1	439	0	0	0	0	0	0
dDocent_Contig_10207	1	326	0	0	0	0	0	0
dDocent_Contig_10214	1	401	0	0	0	0	0	0
dDocent_Contig_10215	1	435	0	0	0	0	0	0
dDocent_Contig_10219	1	493	0	0	0	0	0	0
dDocent_Contig_10237	1	423	0	0	0	0	0	0
dDocent_Contig_10247	1	478	0	0	0	0	0	0
dDocent_Contig_10252	1	416	0	0	0	0	0	0
dDocent_Contig_10253	1	388	0	0	0	0	0	0
dDocent_Contig_10256	1	442	0	0	0	0	0	0
dDocent_Contig_10258	1	363	0	0	0	0	0	0
dDocent_Contig_10261	1	444	0	0	0	0	0	0
dDocent_Contig_10263	1	306	0	0	0	0	0	0
dDocent_Contig_10264	1	447	0	0	0	0	0	0
dDocent_Contig_10281	1	263	0	0	0	0	0	0
dDocent_Contig_10284	1	445	0	0	0	0	0	0
dDocent_Contig_10289	1	335	0	0	0	0	0	0
dDocent_Contig_10290	1	408	0	0	0	0	0	0
dDocent_Contig_10294	1	399	0	0	0	0	0	0
dDocent_Contig_10299	1	343	0	0	0	0	0	0
dDocent_Contig_10411	1	476	0	0	0	0	0	0
dDocent_Contig_10420	1	474	0	0	0	0	0	0
dDocent_Contig_10421	1	402	0	0	0	0	0	0
dDocent_Contig_10436	1	466	0	0	0	0	0	0
dDocent_Contig_10439	1	380	0	0	0	0	0	0
dDocent_Contig_10441	1	327	0	0	0	0	0	0
dDocent_Contig_10442	1	418	0	0	0	0	0	0
dDocent_Contig_10443	1	271	0	0	0	0	0	0
dDocent_Contig_10457	1	372	0	0	0	0	0	0
dDocent_Contig_10462	1	370	0	0	0	0	0	0
dDocent_Contig_10465	1	387	0	0	0	0	0	0
dDocent_Contig_10479	1	369	0	0	0	0	0	0
dDocent_Contig_10481	1	467	0	0	0	0	0	0
dDocent_Contig_10482	1	425	0	0	0	0	0	0
dDocent_Contig_10497	1	418	0	0	0	0	0	0
dDocent_Contig_10502	1	460	0	0	0	0	0	0
dDocent_Contig_10505	1	387	0	0	0	0	0	0
dDocent_Contig_10509	1	378	0	0	0	0	0	0
dDocent_Contig_10510	1	313	0	0	0	0	0	0
dDocent_Contig_10512	1	343	0	0	0	0	0	0
dDocent_Contig_10515	1	409	0	0	0	0	0	0
dDocent_Contig_10524	1	469	0	0	0	0	0	0
dDocent_Contig_10525	1	229	0	0	0	0	0	0
dDocent_Contig_10527	1	468	0	0	0	0	0	0
dDocent_Contig_10533	1	324	0	0	0	0	0	0
dDocent_Contig_10534	1	352	0	0	0	0	0	0
dDocent_Contig_10536	1	330	0	0	0	0	0	0
dDocent_Contig_10539	1	342	0	0	0	0	0	0
dDocent_Contig_10542	1	398	0	0	0	0	0	0
dDocent_Contig_10543	1	392	0	0	0	0	0	0
dDocent_Contig_10544	1	315	0	0	0	0	0	0
dDocent_Contig_10546	1	320	0	0	0	0	0	0
dDocent_Contig_10548	1	509	0	0	0	0	0	0
dDocent_Contig_10550	1	324	0	0	0	0	0	0
dDocent_Contig_10555	1	432	0	0	0	0	0	0
dDocent_Contig_10559	1	447	0	0	0	0	0	0
dDocent_Contig_10560	1	446	0	0	0	0	0	0
dDocent_Contig_10567	1	375	0	0	0	0	0	0
dDocent_Contig_10569	1	357	0	0	0	0	0	0
dDocent_Contig_10570	1	427	0	0	0	0	0	0
dDocent_Contig_10583	1	376	0	0	0	0	0	0
dDocent_Contig_10587	1	296	0	0	0	0	0	0
dDocent_Contig_10592	1	472	0	0	0	0	0	0
dDocent_Contig_10600	1	352	0	0	0	0	0	0
dDocent_Contig_10603	1	467	0	0	0	0	0	0
dDocent_Contig_10612	1	449	0	0	0	0	0	0
dDocent_Contig_10621	1	402	0	0	0	0	0	0
dDocent_Contig_10623	1	264	0	0	0	0	0	0
dDocent_Contig_10628	1	398	0	0	0	0	0	0
dDocent_Contig_10633	1	278	0	0	0	0	0	0
dDocent_Contig_10634	1	503	0	0	0	0	0	0
dDocent_Contig_10636	1	391	0	0	0	0	0	0
dDocent_Contig_10637	1	381	0	0	0	0	0	0
dDocent_Contig_10641	1	330	0	0	0	0	0	0
dDocent_Contig_10651	1	506	0	0	0	0	0	0
dDocent_Contig_10653	1	401	0	0	0	0	0	0
dDocent_Contig_10657	1	298	0	0	0	0	0	0
dDocent_Contig_10677	1	297	0	0	0	0	0	0
dDocent_Contig_10692	1	392	0	0	0	0	0	0
dDocent_Contig_10718	1	417	0	0	0	0	0	0
dDocent_Contig_10733	1	453	0	0	0	0	0	0
dDocent_Contig_10738	1	338	0	0	0	0	0	0
dDocent_Contig_10746	1	329	0	0	0	0	0	0
dDocent_Contig_10752	1	358	0	0	0	0	0	0
dDocent_Contig_10753	1	345	0	0	0	0	0	0
dDocent_Contig_10786	1	331	0	0	0	0	0	0
dDocent_Contig_10810	1	233	0	0	0	0	0	0
dDocent_Contig_10814	1	307	0	0	0	0	0	0
dDocent_Contig_10825	1	359	0	0	0	0	0	0
dDocent_Contig_10826	1	312	0	0	0	0	0	0
dDocent_Contig_10830	1	398	0	0	0	0	0	0
dDocent_Contig_10853	1	454	0	0	0	0	0	0
dDocent_Contig_10873	1	447	0	0	0	0	0	0
dDocent_Contig_10879	1	370	0	0	0	0	0	0
dDocent_Contig_10884	1	270	0	0	0	0	0	0
dDocent_Contig_10887	1	463	0	0	0	0	0	0
dDocent_Contig_10892	1	400	0	0	0	0	0	0
dDocent_Contig_10897	1	298	0	0	0	0	0	0
dDocent_Contig_10898	1	289	0	0	0	0	0	0
dDocent_Contig_10900	1	255	0	0	0	0	0	0
dDocent_Contig_10905	1	385	0	0	0	0	0	0
dDocent_Contig_10919	1	374	0	0	0	0	0	0
dDocent_Contig_10929	1	332	0	0	0	0	0	0
dDocent_Contig_10933	1	388	0	0	0	0	0	0
dDocent_Contig_10934	1	338	0	0	0	0	0	0
dDocent_Contig_10939	1	406	0	0	0	0	0	0
dDocent_Contig_10948	1	413	0	0	0	0	0	0
dDocent_Contig_10950	1	290	0	0	0	0	0	0
dDocent_Contig_10951	1	360	0	0	0	0	0	0
dDocent_Contig_10952	1	407	0	0	0	0	0	0
dDocent_Contig_10956	1	431	0	0	0	0	0	0
dDocent_Contig_10966	1	481	0	0	0	0	0	0
dDocent_Contig_10968	1	287	0	0	0	0	0	0
dDocent_Contig_10972	1	427	0	0	0	0	0	0
dDocent_Contig_10976	1	431	0	0	0	0	0	0
dDocent_Contig_10979	1	369	0	0	0	0	0	0
dDocent_Contig_10981	1	417	0	0	0	0	0	0
dDocent_Contig_10983	1	388	0	0	0	0	0	0
dDocent_Contig_10985	1	254	0	0	0	0	0	0
dDocent_Contig_10989	1	341	0	0	0	0	0	0
dDocent_Contig_10998	1	508	0	0	0	0	0	0
dDocent_Contig_11001	1	341	0	0	0	0	0	0
dDocent_Contig_11008	1	243	0	0	0	0	0	0
dDocent_Contig_11009	1	403	0	0	0	0	0	0
dDocent_Contig_11011	1	439	0	0	0	0	0	0
dDocent_Contig_11015	1	410	0	0	0	0	0	0
dDocent_Contig_11033	1	405	0	0	0	0	0	0
dDocent_Contig_11034	1	349	0	0	0	0	0	0
dDocent_Contig_11036	1	455	0	0	0	0	0	0
dDocent_Contig_11051	1	311	0	0	0	0	0	0
dDocent_Contig_11054	1	369	0	0	0	0	0	0
dDocent_Contig_11055	1	380	0	0	0	0	0	0
dDocent_Contig_11059	1	290	0	0	0	0	0	0
dDocent_Contig_11064	1	286	0	0	0	0	0	0
dDocent_Contig_11071	1	249	0	0	0	0	0	0
dDocent_Contig_11073	1	398	0	0	0	0	0	0
dDocent_Contig_11077	1	303	0	0	0	0	0	0
dDocent_Contig_11083	1	350	0	0	0	0	0	0
dDocent_Contig_11089	1	471	0	0	0	0	0	0
dDocent_Contig_11092	1	469	0	0	0	0	0	0
dDocent_Contig_11099	1	336	0	0	0	0	0	0
dDocent_Contig_11105	1	340	0	0	0	0	0	0
dDocent_Contig_11122	1	329	0	0	0	0	0	0
dDocent_Contig_11127	1	317	0	0	0	0	0	0
dDocent_Contig_11135	1	502	0	0	0	0	0	0
dDocent_Contig_11136	1	371	0	0	0	0	0	0
dDocent_Contig_11143	1	472	0	0	0	0	0	0
dDocent_Contig_11172	1	381	0	0	0	0	0	0
dDocent_Contig_11174	1	249	0	0	0	0	0	0
dDocent_Contig_11177	1	372	0	0	0	0	0	0
dDocent_Contig_11180	1	360	0	0	0	0	0	0
dDocent_Contig_11181	1	389	0	0	0	0	0	0
dDocent_Contig_11183	1	455	0	0	0	0	0	0
dDocent_Contig_11200	1	351	0	0	0	0	0	0
dDocent_Contig_11201	1	414	0	0	0	0	0	0
dDocent_Contig_11204	1	461	0	0	0	0	0	0
dDocent_Contig_11209	1	384	0	0	0	0	0	0
dDocent_Contig_11210	1	412	0	0	0	0	0	0
dDocent_Contig_11240	1	361	0	0	0	0	0	0
dDocent_Contig_11248	1	371	0	0	0	0	0	0
dDocent_Contig_11250	1	291	0	0	0	0	0	0
dDocent_Contig_11252	1	357	0	0	0	0	0	0
dDocent_Contig_11257	1	334	0	0	0	0	0	0
dDocent_Contig_11260	1	327	0	0	0	0	0	0
dDocent_Contig_11261	1	305	0	0	0	0	0	0
dDocent_Contig_11262	1	404	0	0	0	0	0	0
dDocent_Contig_11263	1	412	0	0	0	0	0	0
dDocent_Contig_11274	1	343	0	0	0	0	0	0
dDocent_Contig_11275	1	480	0	0	0	0	0	0
dDocent_Contig_11283	1	420	0	0	0	0	0	0
dDocent_Contig_11291	1	438	0	0	0	0	0	0
dDocent_Contig_11294	1	323	0	0	0	0	0	0
dDocent_Contig_11300	1	399	0	0	0	0	0	0
dDocent_Contig_11308	1	407	0	0	0	0	0	0
dDocent_Contig_11320	1	377	0	0	0	0	0	0
dDocent_Contig_11322	1	378	0	0	0	0	0	0
dDocent_Contig_11334	1	452	0	0	0	0	0	0
dDocent_Contig_11338	1	504	0	0	0	0	0	0
dDocent_Contig_11350	1	338	0	0	0	0	0	0
dDocent_Contig_11365	1	337	0	0	0	0	0	0
dDocent_Contig_11408	1	384	0	0	0	0	0	0
dDocent_Contig_11409	1	391	0	0	0	0	0	0
dDocent_Contig_11410	1	388	0	0	0	0	0	0
dDocent_Contig_11415	1	357	0	0	0	0	0	0
dDocent_Contig_11419	1	411	0	0	0	0	0	0
dDocent_Contig_11428	1	453	0	0	0	0	0	0
dDocent_Contig_11439	1	457	0	0	0	0	0	0
dDocent_Contig_11443	1	443	0	0	0	0	0	0
dDocent_Contig_11444	1	394	0	0	0	0	0	0
dDocent_Contig_11446	1	493	0	0	0	0	0	0
dDocent_Contig_11457	1	361	0	0	0	0	0	0
dDocent_Contig_11459	1	405	0	0	0	0	0	0
dDocent_Contig_11468	1	434	0	0	0	0	0	0
dDocent_Contig_11475	1	380	0	0	0	0	0	0
dDocent_Contig_11494	1	395	0	0	0	0	0	0
dDocent_Contig_11508	1	499	0	0	0	0	0	0
dDocent_Contig_11518	1	295	0	0	0	0	0	0
dDocent_Contig_11556	1	372	0	0	0	0	0	0
dDocent_Contig_11558	1	353	0	0	0	0	0	0
dDocent_Contig_11562	1	344	0	0	0	0	0	0
dDocent_Contig_11563	1	305	0	0	0	0	0	0
dDocent_Contig_11564	1	331	0	0	0	0	0	0
dDocent_Contig_11572	1	247	0	0	0	0	0	0
dDocent_Contig_11573	1	427	0	0	0	0	0	0
dDocent_Contig_11576	1	314	0	0	0	0	0	0
dDocent_Contig_11586	1	461	0	0	0	0	0	0
dDocent_Contig_11593	1	356	0	0	0	0	0	0
dDocent_Contig_11616	1	358	0	0	0	0	0	0
dDocent_Contig_11624	1	423	0	0	0	0	0	0
dDocent_Contig_11631	1	303	0	0	0	0	0	0
dDocent_Contig_11632	1	313	0	0	0	0	0	0
dDocent_Contig_11635	1	438	0	0	0	0	0	0
dDocent_Contig_11646	1	391	0	0	0	0	0	0
dDocent_Contig_11660	1	365	0	0	0	0	0	0
dDocent_Contig_11668	1	358	0	0	0	0	0	0
dDocent_Contig_11675	1	456	0	0	0	0	0	0
dDocent_Contig_11682	1	392	0	0	0	0	0	0
dDocent_Contig_11684	1	383	0	0	0	0	0	0
dDocent_Contig_11685	1	332	0	0	0	0	0	0
dDocent_Contig_11688	1	420	0	0	0	0	0	0
dDocent_Contig_11690	1	357	0	0	0	0	0	0
dDocent_Contig_11734	1	315	0	0	0	0	0	0
dDocent_Contig_11737	1	411	0	0	0	0	0	0
dDocent_Contig_11739	1	354	0	0	0	0	0	0
dDocent_Contig_11741	1	461	0	0	0	0	0	0
dDocent_Contig_11756	1	249	0	0	0	0	0	0
dDocent_Contig_11758	1	490	0	0	0	0	0	0
dDocent_Contig_11763	1	374	0	0	0	0	0	0
dDocent_Contig_11766	1	387	0	0	0	0	0	0
dDocent_Contig_11770	1	403	0	0	0	0	0	0
dDocent_Contig_11785	1	311	0	0	0	0	0	0
dDocent_Contig_11794	1	422	0	0	0	0	0	0
dDocent_Contig_11796	1	381	0	0	0	0	0	0
dDocent_Contig_11797	1	401	0	0	0	0	0	0
dDocent_Contig_11803	1	380	0	0	0	0	0	0
dDocent_Contig_11811	1	382	0	0	0	0	0	0
dDocent_Contig_11814	1	359	0	0	0	0	0	0
dDocent_Contig_11817	1	512	0	0	0	0	0	0
dDocent_Contig_11827	1	345	0	0	0	0	0	0
dDocent_Contig_11829	1	392	0	0	0	0	0	0
dDocent_Contig_11832	1	394	0	0	0	0	0	0
dDocent_Contig_11837	1	333	0	0	0	0	0	0
dDocent_Contig_11840	1	328	0	0	0	0	0	0
dDocent_Contig_11841	1	354	0	0	0	0	0	0
dDocent_Contig_11843	1	367	0	0	0	0	0	0
dDocent_Contig_11844	1	445	0	0	0	0	0	0
dDocent_Contig_11850	1	402	0	0	0	0	0	0
dDocent_Contig_11855	1	422	0	0	0	0	0	0
dDocent_Contig_11857	1	437	0	0	0	0	0	0
dDocent_Contig_11861	1	335	0	0	0	0	0	0
dDocent_Contig_11863	1	379	0	0	0	0	0	0
dDocent_Contig_11872	1	398	0	0	0	0	0	0
dDocent_Contig_11878	1	412	0	0	0	0	0	0
dDocent_Contig_11879	1	358	0	0	0	0	0	0
dDocent_Contig_11886	1	348	0	0	0	0	0	0
dDocent_Contig_11887	1	417	0	0	0	0	0	0
dDocent_Contig_11888	1	326	0	0	0	0	0	0
dDocent_Contig_11892	1	338	0	0	0	0	0	0
dDocent_Contig_11895	1	403	0	0	0	0	0	0
dDocent_Contig_11899	1	399	0	0	0	0	0	0
dDocent_Contig_11901	1	414	0	0	0	0	0	0
dDocent_Contig_11903	1	343	0	0	0	0	0	0
dDocent_Contig_11906	1	246	0	0	0	0	0	0
dDocent_Contig_11912	1	499	0	0	0	0	0	0
dDocent_Contig_11914	1	457	0	0	0	0	0	0
dDocent_Contig_11916	1	413	0	0	0	0	0	0
dDocent_Contig_11917	1	495	0	0	0	0	0	0
dDocent_Contig_11920	1	393	0	0	0	0	0	0
dDocent_Contig_11934	1	341	0	0	0	0	0	0
dDocent_Contig_11935	1	436	0	0	0	0	0	0
dDocent_Contig_11939	1	362	0	0	0	0	0	0
dDocent_Contig_11941	1	373	0	0	0	0	0	0
dDocent_Contig_11948	1	408	0	0	0	0	0	0
dDocent_Contig_11949	1	402	0	0	0	0	0	0
dDocent_Contig_11951	1	396	0	0	0	0	0	0
dDocent_Contig_11953	1	354	0	0	0	0	0	0
dDocent_Contig_11958	1	397	0	0	0	0	0	0
dDocent_Contig_11968	1	465	0	0	0	0	0	0
dDocent_Contig_11972	1	344	0	0	0	0	0	0
dDocent_Contig_11975	1	428	0	0	0	0	0	0
dDocent_Contig_11982	1	350	0	0	0	0	0	0
dDocent_Contig_11988	1	487	0	0	0	0	0	0
dDocent_Contig_11991	1	393	0	0	0	0	0	0
dDocent_Contig_11999	1	445	0	0	0	0	0	0
dDocent_Contig_12013	1	430	0	0	0	0	0	0
dDocent_Contig_12015	1	374	0	0	0	0	0	0
dDocent_Contig_12016	1	384	0	0	0	0	0	0
dDocent_Contig_12020	1	307	0	0	0	0	0	0
dDocent_Contig_12021	1	382	0	0	0	0	0	0
dDocent_Contig_12025	1	251	0	0	0	0	0	0
dDocent_Contig_12026	1	503	0	0	0	0	0	0
dDocent_Contig_12035	1	309	0	0	0	0	0	0
dDocent_Contig_12039	1	432	0	0	0	0	0	0
dDocent_Contig_12041	1	412	0	0	0	0	0	0
dDocent_Contig_12042	1	473	0	0	0	0	0	0
dDocent_Contig_12043	1	384	0	0	0	0	0	0
dDocent_Contig_12058	1	365	0	0	0	0	0	0
dDocent_Contig_12064	1	411	0	0	0	0	0	0
dDocent_Contig_12069	1	433	0	0	0	0	0	0
dDocent_Contig_12073	1	354	0	0	0	0	0	0
dDocent_Contig_12076	1	488	0	0	0	0	0	0
dDocent_Contig_12084	1	456	0	0	0	0	0	0
dDocent_Contig_12086	1	493	0	0	0	0	0	0
dDocent_Contig_12088	1	436	0	0	0	0	0	0
dDocent_Contig_12090	1	275	0	0	0	0	0	0
dDocent_Contig_12092	1	420	0	0	0	0	0	0
dDocent_Contig_12098	1	355	0	0	0	0	0	0
dDocent_Contig_12112	1	472	0	0	0	0	0	0
dDocent_Contig_12119	1	370	0	0	0	0	0	0
dDocent_Contig_12132	1	335	0	0	0	0	0	0
dDocent_Contig_12138	1	436	0	0	0	0	0	0
dDocent_Contig_12141	1	439	0	0	0	0	0	0
dDocent_Contig_12147	1	395	0	0	0	0	0	0
dDocent_Contig_12164	1	334	0	0	0	0	0	0
dDocent_Contig_12168	1	241	0	0	0	0	0	0
dDocent_Contig_12174	1	447	0	0	0	0	0	0
dDocent_Contig_12177	1	378	0	0	0	0	0	0
dDocent_Contig_12178	1	517	0	0	0	0	0	0
dDocent_Contig_12180	1	407	0	0	0	0	0	0
dDocent_Contig_12204	1	366	0	0	0	0	0	0
dDocent_Contig_12240	1	329	0	0	0	0	0	0
dDocent_Contig_12250	1	435	0	0	0	0	0	0
dDocent_Contig_12260	1	306	0	0	0	0	0	0
dDocent_Contig_12278	1	373	0	0	0	0	0	0
dDocent_Contig_12282	1	362	0	0	0	0	0	0
dDocent_Contig_12284	1	252	0	0	0	0	0	0
dDocent_Contig_12287	1	332	0	0	0	0	0	0
dDocent_Contig_12288	1	333	0	0	0	0	0	0
dDocent_Contig_12294	1	348	0	0	0	0	0	0
dDocent_Contig_12300	1	299	0	0	0	0	0	0
dDocent_Contig_12303	1	399	0	0	0	0	0	0
dDocent_Contig_12305	1	340	0	0	0	0	0	0
dDocent_Contig_12316	1	452	0	0	0	0	0	0
dDocent_Contig_12322	1	390	0	0	0	0	0	0
dDocent_Contig_12325	1	287	0	0	0	0	0	0
dDocent_Contig_12327	1	377	0	0	0	0	0	0
dDocent_Contig_12330	1	395	0	0	0	0	0	0
dDocent_Contig_12331	1	428	0	0	0	0	0	0
dDocent_Contig_12349	1	383	0	0	0	0	0	0
dDocent_Contig_12356	1	363	0	0	0	0	0	0
dDocent_Contig_12358	1	393	0	0	0	0	0	0
dDocent_Contig_12363	1	326	0	0	0	0	0	0
dDocent_Contig_12370	1	366	0	0	0	0	0	0
dDocent_Contig_12372	1	319	0	0	0	0	0	0
dDocent_Contig_12373	1	431	0	0	0	0	0	0
dDocent_Contig_12375	1	364	0	0	0	0	0	0
dDocent_Contig_12384	1	369	0	0	0	0	0	0
dDocent_Contig_12393	1	325	0	0	0	0	0	0
dDocent_Contig_12414	1	496	0	0	0	0	0	0
dDocent_Contig_12417	1	308	0	0	0	0	0	0
dDocent_Contig_12424	1	400	0	0	0	0	0	0
dDocent_Contig_12430	1	384	0	0	0	0	0	0
dDocent_Contig_12436	1	409	0	0	0	0	0	0
dDocent_Contig_12442	1	424	0	0	0	0	0	0
dDocent_Contig_12456	1	370	0	0	0	0	0	0
dDocent_Contig_12472	1	377	0	0	0	0	0	0
dDocent_Contig_12473	1	401	0	0	0	0	0	0
dDocent_Contig_12476	1	331	0	0	0	0	0	0
dDocent_Contig_12479	1	454	0	0	0	0	0	0
dDocent_Contig_12487	1	395	0	0	0	0	0	0
dDocent_Contig_12491	1	518	0	0	0	0	0	0
dDocent_Contig_12497	1	332	0	0	0	0	0	0
dDocent_Contig_12500	1	419	0	0	0	0	0	0
dDocent_Contig_12508	1	354	0	0	0	0	0	0
dDocent_Contig_12510	1	362	0	0	0	0	0	0
dDocent_Contig_12517	1	408	0	0	0	0	0	0
dDocent_Contig_12518	1	438	0	0	0	0	0	0
dDocent_Contig_12542	1	361	0	0	0	0	0	0
dDocent_Contig_12546	1	410	0	0	0	0	0	0
dDocent_Contig_12548	1	420	0	0	0	0	0	0
dDocent_Contig_12550	1	326	0	0	0	0	0	0
dDocent_Contig_12551	1	336	0	0	0	0	0	0
dDocent_Contig_12553	1	367	0	0	0	0	0	0
dDocent_Contig_12554	1	489	0	0	0	0	0	0
dDocent_Contig_12557	1	312	0	0	0	0	0	0
dDocent_Contig_12561	1	324	0	0	0	0	0	0
dDocent_Contig_12564	1	323	0	0	0	0	0	0
dDocent_Contig_12567	1	383	0	0	0	0	0	0
dDocent_Contig_12570	1	395	0	0	0	0	0	0
dDocent_Contig_12576	1	349	0	0	0	0	0	0
dDocent_Contig_12577	1	374	0	0	0	0	0	0
dDocent_Contig_12601	1	410	0	0	0	0	0	0
dDocent_Contig_12603	1	490	0	0	0	0	0	0
dDocent_Contig_12605	1	488	0	0	0	0	0	0
dDocent_Contig_12606	1	495	0	0	0	0	0	0
dDocent_Contig_12610	1	312	0	0	0	0	0	0
dDocent_Contig_12611	1	382	0	0	0	0	0	0
dDocent_Contig_12625	1	491	0	0	0	0	0	0
dDocent_Contig_12639	1	319	0	0	0	0	0	0
dDocent_Contig_12641	1	389	0	0	0	0	0	0
dDocent_Contig_12642	1	329	0	0	0	0	0	0
dDocent_Contig_12643	1	402	0	0	0	0	0	0
dDocent_Contig_12644	1	283	0	0	0	0	0	0
dDocent_Contig_12646	1	349	0	0	0	0	0	0
dDocent_Contig_12647	1	292	0	0	0	0	0	0
dDocent_Contig_12648	1	350	0	0	0	0	0	0
dDocent_Contig_12649	1	300	0	0	0	0	0	0
dDocent_Contig_12653	1	351	0	0	0	0	0	0
dDocent_Contig_12654	1	424	0	0	0	0	0	0
dDocent_Contig_12656	1	328	0	0	0	0	0	0
dDocent_Contig_12659	1	392	0	0	0	0	0	0
dDocent_Contig_12661	1	453	0	0	0	0	0	0
dDocent_Contig_12671	1	409	0	0	0	0	0	0
dDocent_Contig_12674	1	477	0	0	0	0	0	0
dDocent_Contig_12677	1	278	0	0	0	0	0	0
dDocent_Contig_12678	1	407	0	0	0	0	0	0
dDocent_Contig_12679	1	401	0	0	0	0	0	0
dDocent_Contig_12681	1	385	0	0	0	0	0	0
dDocent_Contig_12689	1	380	0	0	0	0	0	0
dDocent_Contig_12691	1	297	0	0	0	0	0	0
dDocent_Contig_12694	1	472	0	0	0	0	0	0
dDocent_Contig_12701	1	405	0	0	0	0	0	0
dDocent_Contig_12702	1	328	0	0	0	0	0	0
dDocent_Contig_12703	1	403	0	0	0	0	0	0
dDocent_Contig_12705	1	442	0	0	0	0	0	0
dDocent_Contig_12707	1	402	0	0	0	0	0	0
dDocent_Contig_12713	1	274	0	0	0	0	0	0
dDocent_Contig_12714	1	388	0	0	0	0	0	0
dDocent_Contig_12718	1	519	0	0	0	0	0	0
dDocent_Contig_12720	1	356	0	0	0	0	0	0
dDocent_Contig_12727	1	385	0	0	0	0	0	0
dDocent_Contig_12728	1	408	0	0	0	0	0	0
dDocent_Contig_12730	1	440	0	0	0	0	0	0
dDocent_Contig_12731	1	401	0	0	0	0	0	0
dDocent_Contig_12736	1	398	0	0	0	0	0	0
dDocent_Contig_12743	1	376	0	0	0	0	0	0
dDocent_Contig_12748	1	368	0	0	0	0	0	0
dDocent_Contig_12753	1	410	0	0	0	0	0	0
dDocent_Contig_12754	1	434	0	0	0	0	0	0
dDocent_Contig_12758	1	386	0	0	0	0	0	0
dDocent_Contig_12767	1	425	0	0	0	0	0	0
dDocent_Contig_12770	1	427	0	0	0	0	0	0
dDocent_Contig_12771	1	381	0	0	0	0	0	0
dDocent_Contig_12775	1	406	0	0	0	0	0	0
dDocent_Contig_12778	1	360	0	0	0	0	0	0
dDocent_Contig_12780	1	418	0	0	0	0	0	0
dDocent_Contig_12782	1	477	0	0	0	0	0	0
dDocent_Contig_12783	1	384	0	0	0	0	0	0
dDocent_Contig_12792	1	385	0	0	0	0	0	0
dDocent_Contig_12807	1	451	0	0	0	0	0	0
dDocent_Contig_12808	1	255	0	0	0	0	0	0
dDocent_Contig_12810	1	379	0	0	0	0	0	0
dDocent_Contig_12818	1	430	0	0	0	0	0	0
dDocent_Contig_12831	1	244	0	0	0	0	0	0
dDocent_Contig_12835	1	465	0	0	0	0	0	0
dDocent_Contig_12836	1	427	0	0	0	0	0	0
dDocent_Contig_12840	1	425	0	0	0	0	0	0
dDocent_Contig_12843	1	361	0	0	0	0	0	0
dDocent_Contig_12859	1	401	0	0	0	0	0	0
dDocent_Contig_12868	1	448	0	0	0	0	0	0
dDocent_Contig_12869	1	357	0	0	0	0	0	0
dDocent_Contig_12870	1	490	0	0	0	0	0	0
dDocent_Contig_12875	1	346	0	0	0	0	0	0
dDocent_Contig_12876	1	471	0	0	0	0	0	0
dDocent_Contig_12884	1	499	0	0	0	0	0	0
dDocent_Contig_12902	1	374	0	0	0	0	0	0
dDocent_Contig_12908	1	382	0	0	0	0	0	0
dDocent_Contig_12909	1	404	0	0	0	0	0	0
dDocent_Contig_12917	1	358	0	0	0	0	0	0
dDocent_Contig_12928	1	410	0	0	0	0	0	0
dDocent_Contig_12930	1	424	0	0	0	0	0	0
dDocent_Contig_12931	1	484	0	0	0	0	0	0
dDocent_Contig_12937	1	389	0	0	0	0	0	0
dDocent_Contig_12938	1	450	0	0	0	0	0	0
dDocent_Contig_12941	1	333	0	0	0	0	0	0
dDocent_Contig_12942	1	419	0	0	0	0	0	0
dDocent_Contig_12945	1	410	0	0	0	0	0	0
dDocent_Contig_12963	1	379	0	0	0	0	0	0
dDocent_Contig_12965	1	316	0	0	0	0	0	0
dDocent_Contig_12971	1	365	0	0	0	0	0	0
dDocent_Contig_12979	1	444	0	0	0	0	0	0
dDocent_Contig_12980	1	269	0	0	0	0	0	0
dDocent_Contig_12984	1	265	0	0	0	0	0	0
dDocent_Contig_12991	1	354	0	0	0	0	0	0
dDocent_Contig_12995	1	434	0	0	0	0	0	0
dDocent_Contig_12996	1	396	0	0	0	0	0	0
dDocent_Contig_12999	1	367	0	0	0	0	0	0
dDocent_Contig_13004	1	395	0	0	0	0	0	0
dDocent_Contig_13005	1	344	0	0	0	0	0	0
dDocent_Contig_13017	1	331	0	0	0	0	0	0
dDocent_Contig_13028	1	390	0	0	0	0	0	0
dDocent_Contig_13043	1	395	0	0	0	0	0	0
dDocent_Contig_13047	1	332	0	0	0	0	0	0
dDocent_Contig_13048	1	372	0	0	0	0	0	0
dDocent_Contig_13049	1	293	0	0	0	0	0	0
dDocent_Contig_13051	1	374	0	0	0	0	0	0
dDocent_Contig_13059	1	360	0	0	0	0	0	0
dDocent_Contig_13060	1	401	0	0	0	0	0	0
dDocent_Contig_13061	1	399	0	0	0	0	0	0
dDocent_Contig_13067	1	399	0	0	0	0	0	0
dDocent_Contig_13068	1	358	0	0	0	0	0	0
dDocent_Contig_13081	1	284	0	0	0	0	0	0
dDocent_Contig_13091	1	315	0	0	0	0	0	0
dDocent_Contig_13094	1	395	0	0	0	0	0	0
dDocent_Contig_13095	1	352	0	0	0	0	0	0
dDocent_Contig_13097	1	359	0	0	0	0	0	0
dDocent_Contig_13100	1	321	0	0	0	0	0	0
dDocent_Contig_13104	1	406	0	0	0	0	0	0
dDocent_Contig_13105	1	344	0	0	0	0	0	0
dDocent_Contig_13117	1	357	0	0	0	0	0	0
dDocent_Contig_13119	1	413	0	0	0	0	0	0
dDocent_Contig_13125	1	460	0	0	0	0	0	0
dDocent_Contig_13127	1	413	0	0	0	0	0	0
dDocent_Contig_13131	1	366	0	0	0	0	0	0
dDocent_Contig_13135	1	418	0	0	0	0	0	0
dDocent_Contig_13146	1	267	0	0	0	0	0	0
dDocent_Contig_13168	1	415	0	0	0	0	0	0
dDocent_Contig_13171	1	418	0	0	0	0	0	0
dDocent_Contig_13174	1	303	0	0	0	0	0	0
dDocent_Contig_13181	1	389	0	0	0	0	0	0
dDocent_Contig_13195	1	242	0	0	0	0	0	0
dDocent_Contig_13206	1	376	0	0	0	0	0	0
dDocent_Contig_13215	1	361	0	0	0	0	0	0
dDocent_Contig_13218	1	429	0	0	0	0	0	0
dDocent_Contig_13222	1	435	0	0	0	0	0	0
dDocent_Contig_13224	1	365	0	0	0	0	0	0
dDocent_Contig_13225	1	387	0	0	0	0	0	0
dDocent_Contig_13226	1	423	0	0	0	0	0	0
dDocent_Contig_13231	1	391	0	0	0	0	0	0
dDocent_Contig_13237	1	396	0	0	0	0	0	0
dDocent_Contig_13239	1	360	0	0	0	0	0	0
dDocent_Contig_13240	1	458	0	0	0	0	0	0
dDocent_Contig_13247	1	299	0	0	0	0	0	0
dDocent_Contig_13251	1	322	0	0	0	0	0	0
dDocent_Contig_13257	1	421	0	0	0	0	0	0
dDocent_Contig_13270	1	415	0	0	0	0	0	0
dDocent_Contig_13274	1	436	0	0	0	0	0	0
dDocent_Contig_13276	1	426	0	0	0	0	0	0
dDocent_Contig_13278	1	476	0	0	0	0	0	0
dDocent_Contig_13285	1	261	0	0	0	0	0	0
dDocent_Contig_13292	1	402	0	0	0	0	0	0
dDocent_Contig_13293	1	339	0	0	0	0	0	0
dDocent_Contig_13295	1	441	0	0	0	0	0	0
dDocent_Contig_13296	1	236	0	0	0	0	0	0
dDocent_Contig_13334	1	413	0	0	0	0	0	0
dDocent_Contig_13336	1	366	0	0	0	0	0	0
dDocent_Contig_13346	1	479	0	0	0	0	0	0
dDocent_Contig_13365	1	325	0	0	0	0	0	0
dDocent_Contig_13368	1	382	0	0	0	0	0	0
dDocent_Contig_13373	1	381	0	0	0	0	0	0
dDocent_Contig_13379	1	481	0	0	0	0	0	0
dDocent_Contig_13380	1	319	0	0	0	0	0	0
dDocent_Contig_13395	1	297	0	0	0	0	0	0
dDocent_Contig_13408	1	306	0	0	0	0	0	0
dDocent_Contig_13413	1	369	0	0	0	0	0	0
dDocent_Contig_13426	1	292	0	0	0	0	0	0
dDocent_Contig_13427	1	438	0	0	0	0	0	0
dDocent_Contig_13430	1	402	0	0	0	0	0	0
dDocent_Contig_13439	1	370	0	0	0	0	0	0
dDocent_Contig_13440	1	310	0	0	0	0	0	0
dDocent_Contig_13448	1	506	0	0	0	0	0	0
dDocent_Contig_13453	1	468	0	0	0	0	0	0
dDocent_Contig_13455	1	404	0	0	0	0	0	0
dDocent_Contig_13460	1	367	0	0	0	0	0	0
dDocent_Contig_13462	1	381	0	0	0	0	0	0
dDocent_Contig_13464	1	346	0	0	0	0	0	0
dDocent_Contig_13469	1	411	0	0	0	0	0	0
dDocent_Contig_13481	1	420	0	0	0	0	0	0
dDocent_Contig_13482	1	386	0	0	0	0	0	0
dDocent_Contig_13494	1	402	0	0	0	0	0	0
dDocent_Contig_13503	1	341	0	0	0	0	0	0
dDocent_Contig_13505	1	459	0	0	0	0	0	0
dDocent_Contig_13507	1	370	0	0	0	0	0	0
dDocent_Contig_13518	1	499	0	0	0	0	0	0
dDocent_Contig_13525	1	343	0	0	0	0	0	0
dDocent_Contig_13529	1	328	0	0	0	0	0	0
dDocent_Contig_13545	1	338	0	0	0	0	0	0
dDocent_Contig_13555	1	337	0	0	0	0	0	0
dDocent_Contig_13558	1	419	0	0	0	0	0	0
dDocent_Contig_13570	1	326	0	0	0	0	0	0
dDocent_Contig_13571	1	277	0	0	0	0	0	0
dDocent_Contig_13573	1	483	0	0	0	0	0	0
dDocent_Contig_13582	1	419	0	0	0	0	0	0
dDocent_Contig_13583	1	400	0	0	0	0	0	0
dDocent_Contig_13586	1	434	0	0	0	0	0	0
dDocent_Contig_13602	1	392	0	0	0	0	0	0
dDocent_Contig_13604	1	286	0	0	0	0	0	0
dDocent_Contig_13608	1	341	0	0	0	0	0	0
dDocent_Contig_13612	1	310	0	0	0	0	0	0
dDocent_Contig_13616	1	416	0	0	0	0	0	0
dDocent_Contig_13617	1	367	0	0	0	0	0	0
dDocent_Contig_13618	1	413	0	0	0	0	0	0
dDocent_Contig_13629	1	445	0	0	0	0	0	0
dDocent_Contig_13638	1	390	0	0	0	0	0	0
dDocent_Contig_13644	1	407	0	0	0	0	0	0
dDocent_Contig_13657	1	245	0	0	0	0	0	0
dDocent_Contig_13661	1	470	0	0	0	0	0	0
dDocent_Contig_13694	1	400	0	0	0	0	0	0
dDocent_Contig_13695	1	377	0	0	0	0	0	0
dDocent_Contig_13700	1	399	0	0	0	0	0	0
dDocent_Contig_13705	1	325	0	0	0	0	0	0
dDocent_Contig_13710	1	351	0	0	0	0	0	0
dDocent_Contig_13711	1	243	0	0	0	0	0	0
dDocent_Contig_13733	1	267	0	0	0	0	0	0
dDocent_Contig_13734	1	479	0	0	0	0	0	0
dDocent_Contig_13736	1	439	0	0	0	0	0	0
dDocent_Contig_13757	1	348	0	0	0	0	0	0
dDocent_Contig_13768	1	411	0	0	0	0	0	0
dDocent_Contig_13770	1	436	0	0	0	0	0	0
dDocent_Contig_13780	1	363	0	0	0	0	0	0
dDocent_Contig_13785	1	280	0	0	0	0	0	0
dDocent_Contig_13803	1	323	0	0	0	0	0	0
dDocent_Contig_13805	1	397	0	0	0	0	0	0
dDocent_Contig_13806	1	328	0	0	0	0	0	0
dDocent_Contig_13807	1	399	0	0	0	0	0	0
dDocent_Contig_13816	1	303	0	0	0	0	0	0
dDocent_Contig_13817	1	299	0	0	0	0	0	0
dDocent_Contig_13818	1	366	0	0	0	0	0	0
dDocent_Contig_13822	1	391	0	0	0	0	0	0
dDocent_Contig_13826	1	268	0	0	0	0	0	0
dDocent_Contig_13830	1	402	0	0	0	0	0	0
dDocent_Contig_13855	1	427	0	0	0	0	0	0
dDocent_Contig_13857	1	331	0	0	0	0	0	0
dDocent_Contig_13859	1	456	0	0	0	0	0	0
dDocent_Contig_13866	1	366	0	0	0	0	0	0
dDocent_Contig_13867	1	319	0	0	0	0	0	0
dDocent_Contig_13868	1	369	0	0	0	0	0	0
dDocent_Contig_13881	1	511	0	0	0	0	0	0
dDocent_Contig_13900	1	477	0	0	0	0	0	0
dDocent_Contig_13904	1	390	0	0	0	0	0	0
dDocent_Contig_13934	1	338	0	0	0	0	0	0
dDocent_Contig_13935	1	327	0	0	0	0	0	0
dDocent_Contig_13943	1	489	0	0	0	0	0	0
dDocent_Contig_13944	1	435	0	0	0	0	0	0
dDocent_Contig_13950	1	327	0	0	0	0	0	0
dDocent_Contig_13965	1	296	0	0	0	0	0	0
dDocent_Contig_13983	1	371	0	0	0	0	0	0
dDocent_Contig_13985	1	439	0	0	0	0	0	0
dDocent_Contig_14003	1	446	0	0	0	0	0	0
dDocent_Contig_14005	1	290	0	0	0	0	0	0
dDocent_Contig_14006	1	299	0	0	0	0	0	0
dDocent_Contig_14008	1	388	0	0	0	0	0	0
dDocent_Contig_14010	1	509	0	0	0	0	0	0
dDocent_Contig_14015	1	489	0	0	0	0	0	0
dDocent_Contig_14016	1	320	0	0	0	0	0	0
dDocent_Contig_14025	1	369	0	0	0	0	0	0
dDocent_Contig_14029	1	418	0	0	0	0	0	0
dDocent_Contig_14031	1	386	0	0	0	0	0	0
dDocent_Contig_14033	1	443	0	0	0	0	0	0
dDocent_Contig_14043	1	324	0	0	0	0	0	0
dDocent_Contig_14045	1	413	0	0	0	0	0	0
dDocent_Contig_14047	1	369	0	0	0	0	0	0
dDocent_Contig_14049	1	320	0	0	0	0	0	0
dDocent_Contig_14056	1	354	0	0	0	0	0	0
dDocent_Contig_14076	1	482	0	0	0	0	0	0
dDocent_Contig_14085	1	255	0	0	0	0	0	0
dDocent_Contig_14087	1	391	0	0	0	0	0	0
dDocent_Contig_14088	1	425	0	0	0	0	0	0
dDocent_Contig_14089	1	393	0	0	0	0	0	0
dDocent_Contig_14102	1	292	0	0	0	0	0	0
dDocent_Contig_14104	1	409	0	0	0	0	0	0
dDocent_Contig_14105	1	362	0	0	0	0	0	0
dDocent_Contig_14107	1	482	0	0	0	0	0	0
dDocent_Contig_14109	1	379	0	0	0	0	0	0
dDocent_Contig_14120	1	370	0	0	0	0	0	0
dDocent_Contig_14123	1	254	0	0	0	0	0	0
dDocent_Contig_14125	1	323	0	0	0	0	0	0
dDocent_Contig_14126	1	393	0	0	0	0	0	0
dDocent_Contig_14128	1	391	0	0	0	0	0	0
dDocent_Contig_14131	1	318	0	0	0	0	0	0
dDocent_Contig_14146	1	277	0	0	0	0	0	0
dDocent_Contig_14153	1	369	0	0	0	0	0	0
dDocent_Contig_14165	1	372	0	0	0	0	0	0
dDocent_Contig_14166	1	364	0	0	0	0	0	0
dDocent_Contig_14167	1	389	0	0	0	0	0	0
dDocent_Contig_14169	1	363	0	0	0	0	0	0
dDocent_Contig_14176	1	414	0	0	0	0	0	0
dDocent_Contig_14177	1	347	0	0	0	0	0	0
dDocent_Contig_14195	1	351	0	0	0	0	0	0
dDocent_Contig_14210	1	404	0	0	0	0	0	0
dDocent_Contig_14213	1	477	0	0	0	0	0	0
dDocent_Contig_14214	1	490	0	0	0	0	0	0
dDocent_Contig_14218	1	351	0	0	0	0	0	0
dDocent_Contig_14219	1	381	0	0	0	0	0	0
dDocent_Contig_14225	1	345	0	0	0	0	0	0
dDocent_Contig_14226	1	408	0	0	0	0	0	0
dDocent_Contig_14234	1	377	0	0	0	0	0	0
dDocent_Contig_14235	1	359	0	0	0	0	0	0
dDocent_Contig_14238	1	435	0	0	0	0	0	0
dDocent_Contig_14250	1	338	0	0	0	0	0	0
dDocent_Contig_14256	1	454	0	0	0	0	0	0
dDocent_Contig_14264	1	319	0	0	0	0	0	0
dDocent_Contig_14271	1	408	0	0	0	0	0	0
dDocent_Contig_14272	1	407	0	0	0	0	0	0
dDocent_Contig_14273	1	379	0	0	0	0	0	0
dDocent_Contig_14276	1	437	0	0	0	0	0	0
dDocent_Contig_14281	1	484	0	0	0	0	0	0
dDocent_Contig_14286	1	407	0	0	0	0	0	0
dDocent_Contig_14291	1	343	0	0	0	0	0	0
dDocent_Contig_14294	1	429	0	0	0	0	0	0
dDocent_Contig_14297	1	481	0	0	0	0	0	0
dDocent_Contig_14300	1	362	0	0	0	0	0	0
dDocent_Contig_14319	1	355	0	0	0	0	0	0
dDocent_Contig_14326	1	299	0	0	0	0	0	0
dDocent_Contig_14328	1	295	0	0	0	0	0	0
dDocent_Contig_14330	1	391	0	0	0	0	0	0
dDocent_Contig_14335	1	313	0	0	0	0	0	0
dDocent_Contig_14345	1	424	0	0	0	0	0	0
dDocent_Contig_14354	1	362	0	0	0	0	0	0
dDocent_Contig_14373	1	397	0	0	0	0	0	0
dDocent_Contig_14377	1	449	0	0	0	0	0	0
dDocent_Contig_14380	1	347	0	0	0	0	0	0
dDocent_Contig_14386	1	518	0	0	0	0	0	0
dDocent_Contig_14392	1	410	0	0	0	0	0	0
dDocent_Contig_14396	1	339	0	0	0	0	0	0
dDocent_Contig_14407	1	363	0	0	0	0	0	0
dDocent_Contig_14438	1	372	0	0	0	0	0	0
dDocent_Contig_14439	1	269	0	0	0	0	0	0
dDocent_Contig_14451	1	429	0	0	0	0	0	0
dDocent_Contig_14461	1	323	0	0	0	0	0	0
dDocent_Contig_14462	1	413	0	0	0	0	0	0
dDocent_Contig_14465	1	261	0	0	0	0	0	0
dDocent_Contig_14468	1	234	0	0	0	0	0	0
dDocent_Contig_14476	1	251	0	0	0	0	0	0
dDocent_Contig_14477	1	324	0	0	0	0	0	0
dDocent_Contig_14494	1	409	0	0	0	0	0	0
dDocent_Contig_14502	1	342	0	0	0	0	0	0
dDocent_Contig_14505	1	323	0	0	0	0	0	0
dDocent_Contig_14512	1	321	0	0	0	0	0	0
dDocent_Contig_14515	1	309	0	0	0	0	0	0
dDocent_Contig_14516	1	452	0	0	0	0	0	0
dDocent_Contig_14523	1	419	0	0	0	0	0	0
dDocent_Contig_14530	1	321	0	0	0	0	0	0
dDocent_Contig_14533	1	366	0	0	0	0	0	0
dDocent_Contig_14537	1	393	0	0	0	0	0	0
dDocent_Contig_14541	1	432	0	0	0	0	0	0
dDocent_Contig_14545	1	329	0	0	0	0	0	0
dDocent_Contig_14546	1	360	0	0	0	0	0	0
dDocent_Contig_14550	1	338	0	0	0	0	0	0
dDocent_Contig_14558	1	405	0	0	0	0	0	0
dDocent_Contig_14559	1	438	0	0	0	0	0	0
dDocent_Contig_14562	1	355	0	0	0	0	0	0
dDocent_Contig_14564	1	441	0	0	0	0	0	0
dDocent_Contig_14565	1	420	0	0	0	0	0	0
dDocent_Contig_14570	1	404	0	0	0	0	0	0
dDocent_Contig_14585	1	508	0	0	0	0	0	0
dDocent_Contig_14593	1	466	0	0	0	0	0	0
dDocent_Contig_14596	1	346	0	0	0	0	0	0
dDocent_Contig_14605	1	477	0	0	0	0	0	0
dDocent_Contig_14606	1	399	0	0	0	0	0	0
dDocent_Contig_14612	1	411	0	0	0	0	0	0
dDocent_Contig_14615	1	393	0	0	0	0	0	0
dDocent_Contig_14616	1	249	0	0	0	0	0	0
dDocent_Contig_14619	1	414	0	0	0	0	0	0
dDocent_Contig_14621	1	420	0	0	0	0	0	0
dDocent_Contig_14630	1	365	0	0	0	0	0	0
dDocent_Contig_14641	1	421	0	0	0	0	0	0
dDocent_Contig_14644	1	367	0	0	0	0	0	0
dDocent_Contig_14649	1	396	0	0	0	0	0	0
dDocent_Contig_14651	1	404	0	0	0	0	0	0
dDocent_Contig_14652	1	350	0	0	0	0	0	0
dDocent_Contig_14655	1	357	0	0	0	0	0	0
dDocent_Contig_14665	1	335	0	0	0	0	0	0
dDocent_Contig_14668	1	433	0	0	0	0	0	0
dDocent_Contig_14671	1	332	0	0	0	0	0	0
dDocent_Contig_14672	1	424	0	0	0	0	0	0
dDocent_Contig_14673	1	400	0	0	0	0	0	0
dDocent_Contig_14674	1	253	0	0	0	0	0	0
dDocent_Contig_14675	1	371	0	0	0	0	0	0
dDocent_Contig_14676	1	403	0	0	0	0	0	0
dDocent_Contig_14680	1	239	0	0	0	0	0	0
dDocent_Contig_14681	1	497	0	0	0	0	0	0
dDocent_Contig_14683	1	374	0	0	0	0	0	0
dDocent_Contig_14686	1	243	0	0	0	0	0	0
dDocent_Contig_14692	1	449	0	0	0	0	0	0
dDocent_Contig_14697	1	382	0	0	0	0	0	0
dDocent_Contig_14698	1	300	0	0	0	0	0	0
dDocent_Contig_14700	1	391	0	0	0	0	0	0
dDocent_Contig_14707	1	371	0	0	0	0	0	0
dDocent_Contig_14708	1	352	0	0	0	0	0	0
dDocent_Contig_14712	1	503	0	0	0	0	0	0
dDocent_Contig_14715	1	379	0	0	0	0	0	0
dDocent_Contig_14716	1	339	0	0	0	0	0	0
dDocent_Contig_14725	1	377	0	0	0	0	0	0
dDocent_Contig_14729	1	392	0	0	0	0	0	0
dDocent_Contig_14731	1	445	0	0	0	0	0	0
dDocent_Contig_14734	1	449	0	0	0	0	0	0
dDocent_Contig_14735	1	347	0	0	0	0	0	0
dDocent_Contig_14737	1	401	0	0	0	0	0	0
dDocent_Contig_14741	1	270	0	0	0	0	0	0
dDocent_Contig_14755	1	376	0	0	0	0	0	0
dDocent_Contig_14757	1	411	0	0	0	0	0	0
dDocent_Contig_14770	1	356	0	0	0	0	0	0
dDocent_Contig_14771	1	487	0	0	0	0	0	0
dDocent_Contig_14773	1	346	0	0	0	0	0	0
dDocent_Contig_14774	1	400	0	0	0	0	0	0
dDocent_Contig_14780	1	394	0	0	0	0	0	0
dDocent_Contig_14785	1	331	0	0	0	0	0	0
dDocent_Contig_14786	1	483	0	0	0	0	0	0
dDocent_Contig_14788	1	485	0	0	0	0	0	0
dDocent_Contig_14792	1	316	0	0	0	0	0	0
dDocent_Contig_14797	1	403	0	0	0	0	0	0
dDocent_Contig_14801	1	396	0	0	0	0	0	0
dDocent_Contig_14803	1	443	0	0	0	0	0	0
dDocent_Contig_14805	1	380	0	0	0	0	0	0
dDocent_Contig_14806	1	267	0	0	0	0	0	0
dDocent_Contig_14808	1	452	0	0	0	0	0	0
dDocent_Contig_14813	1	483	0	0	0	0	0	0
dDocent_Contig_14821	1	245	0	0	0	0	0	0
dDocent_Contig_14823	1	447	0	0	0	0	0	0
dDocent_Contig_14828	1	489	0	0	0	0	0	0
dDocent_Contig_14835	1	437	0	0	0	0	0	0
dDocent_Contig_14840	1	420	0	0	0	0	0	0
dDocent_Contig_14842	1	472	0	0	0	0	0	0
dDocent_Contig_14847	1	464	0	0	0	0	0	0
dDocent_Contig_14850	1	324	0	0	0	0	0	0
dDocent_Contig_14853	1	355	0	0	0	0	0	0
dDocent_Contig_14856	1	402	0	0	0	0	0	0
dDocent_Contig_14862	1	398	0	0	0	0	0	0
dDocent_Contig_14868	1	379	0	0	0	0	0	0
dDocent_Contig_14870	1	362	0	0	0	0	0	0
dDocent_Contig_14873	1	437	0	0	0	0	0	0
dDocent_Contig_14874	1	387	0	0	0	0	0	0
dDocent_Contig_14876	1	451	0	0	0	0	0	0
dDocent_Contig_14888	1	500	0	0	0	0	0	0
dDocent_Contig_14889	1	370	0	0	0	0	0	0
dDocent_Contig_14891	1	414	0	0	0	0	0	0
dDocent_Contig_14894	1	356	0	0	0	0	0	0
dDocent_Contig_14896	1	381	0	0	0	0	0	0
dDocent_Contig_14897	1	519	0	0	0	0	0	0
dDocent_Contig_14910	1	461	0	0	0	0	0	0
dDocent_Contig_14933	1	434	0	0	0	0	0	0
dDocent_Contig_14946	1	288	0	0	0	0	0	0
dDocent_Contig_14961	1	391	0	0	0	0	0	0
dDocent_Contig_14963	1	363	0	0	0	0	0	0
dDocent_Contig_14964	1	365	0	0	0	0	0	0
dDocent_Contig_14965	1	381	0	0	0	0	0	0
dDocent_Contig_14967	1	353	0	0	0	0	0	0
dDocent_Contig_14974	1	426	0	0	0	0	0	0
dDocent_Contig_14976	1	367	0	0	0	0	0	0
dDocent_Contig_14978	1	424	0	0	0	0	0	0
dDocent_Contig_14980	1	380	0	0	0	0	0	0
dDocent_Contig_14991	1	419	0	0	0	0	0	0
dDocent_Contig_14993	1	328	0	0	0	0	0	0
dDocent_Contig_14995	1	467	0	0	0	0	0	0
dDocent_Contig_14997	1	346	0	0	0	0	0	0
dDocent_Contig_15000	1	428	0	0	0	0	0	0
dDocent_Contig_15001	1	353	0	0	0	0	0	0
dDocent_Contig_15005	1	348	0	0	0	0	0	0
dDocent_Contig_15006	1	337	0	0	0	0	0	0
dDocent_Contig_15009	1	374	0	0	0	0	0	0
dDocent_Contig_15012	1	397	0	0	0	0	0	0
dDocent_Contig_15019	1	426	0	0	0	0	0	0
dDocent_Contig_15021	1	392	0	0	0	0	0	0
dDocent_Contig_15022	1	449	0	0	0	0	0	0
dDocent_Contig_15025	1	317	0	0	0	0	0	0
dDocent_Contig_15030	1	510	0	0	0	0	0	0
dDocent_Contig_15049	1	449	0	0	0	0	0	0
dDocent_Contig_15052	1	340	0	0	0	0	0	0
dDocent_Contig_15055	1	339	0	0	0	0	0	0
dDocent_Contig_15057	1	275	0	0	0	0	0	0
dDocent_Contig_15063	1	305	0	0	0	0	0	0
dDocent_Contig_15069	1	450	0	0	0	0	0	0
dDocent_Contig_15082	1	324	0	0	0	0	0	0
dDocent_Contig_15083	1	395	0	0	0	0	0	0
dDocent_Contig_15092	1	423	0	0	0	0	0	0
dDocent_Contig_15095	1	295	0	0	0	0	0	0
dDocent_Contig_15099	1	349	0	0	0	0	0	0
dDocent_Contig_15100	1	317	0	0	0	0	0	0
dDocent_Contig_15108	1	450	0	0	0	0	0	0
dDocent_Contig_15114	1	334	0	0	0	0	0	0
dDocent_Contig_15115	1	387	0	0	0	0	0	0
dDocent_Contig_15116	1	349	0	0	0	0	0	0
dDocent_Contig_15117	1	278	0	0	0	0	0	0
dDocent_Contig_15125	1	379	0	0	0	0	0	0
dDocent_Contig_15126	1	276	0	0	0	0	0	0
dDocent_Contig_15127	1	411	0	0	0	0	0	0
dDocent_Contig_15132	1	438	0	0	0	0	0	0
dDocent_Contig_15133	1	375	0	0	0	0	0	0
dDocent_Contig_15137	1	495	0	0	0	0	0	0
dDocent_Contig_15144	1	398	0	0	0	0	0	0
dDocent_Contig_15149	1	498	0	0	0	0	0	0
dDocent_Contig_15151	1	430	0	0	0	0	0	0
dDocent_Contig_15162	1	442	0	0	0	0	0	0
dDocent_Contig_15163	1	431	0	0	0	0	0	0
dDocent_Contig_15165	1	370	0	0	0	0	0	0
dDocent_Contig_15170	1	391	0	0	0	0	0	0
dDocent_Contig_15172	1	454	0	0	0	0	0	0
dDocent_Contig_15175	1	429	0	0	0	0	0	0
dDocent_Contig_15181	1	372	0	0	0	0	0	0
dDocent_Contig_15182	1	448	0	0	0	0	0	0
dDocent_Contig_15185	1	378	0	0	0	0	0	0
dDocent_Contig_15190	1	509	0	0	0	0	0	0
dDocent_Contig_15191	1	424	0	0	0	0	0	0
dDocent_Contig_15193	1	363	0	0	0	0	0	0
dDocent_Contig_15197	1	411	0	0	0	0	0	0
dDocent_Contig_15203	1	345	0	0	0	0	0	0
dDocent_Contig_15208	1	317	0	0	0	0	0	0
dDocent_Contig_15209	1	461	0	0	0	0	0	0
dDocent_Contig_15215	1	265	0	0	0	0	0	0
dDocent_Contig_15224	1	488	0	0	0	0	0	0
dDocent_Contig_15238	1	363	0	0	0	0	0	0
dDocent_Contig_15239	1	407	0	0	0	0	0	0
dDocent_Contig_15242	1	433	0	0	0	0	0	0
dDocent_Contig_15243	1	377	0	0	0	0	0	0
dDocent_Contig_15251	1	356	0	0	0	0	0	0
dDocent_Contig_15255	1	286	0	0	0	0	0	0
dDocent_Contig_15274	1	412	0	0	0	0	0	0
dDocent_Contig_15277	1	383	0	0	0	0	0	0
dDocent_Contig_15301	1	355	0	0	0	0	0	0
dDocent_Contig_15312	1	437	0	0	0	0	0	0
dDocent_Contig_15317	1	419	0	0	0	0	0	0
dDocent_Contig_15321	1	419	0	0	0	0	0	0
dDocent_Contig_15353	1	378	0	0	0	0	0	0
dDocent_Contig_15363	1	311	0	0	0	0	0	0
dDocent_Contig_15364	1	446	0	0	0	0	0	0
dDocent_Contig_15365	1	389	0	0	0	0	0	0
dDocent_Contig_15366	1	452	0	0	0	0	0	0
dDocent_Contig_15368	1	466	0	0	0	0	0	0
dDocent_Contig_15371	1	345	0	0	0	0	0	0
dDocent_Contig_15372	1	452	0	0	0	0	0	0
dDocent_Contig_15381	1	282	0	0	0	0	0	0
dDocent_Contig_15382	1	416	0	0	0	0	0	0
dDocent_Contig_15385	1	295	0	0	0	0	0	0
dDocent_Contig_15390	1	367	0	0	0	0	0	0
dDocent_Contig_15391	1	381	0	0	0	0	0	0
dDocent_Contig_15401	1	362	0	0	0	0	0	0
dDocent_Contig_15402	1	436	0	0	0	0	0	0
dDocent_Contig_15410	1	350	0	0	0	0	0	0
dDocent_Contig_15411	1	314	0	0	0	0	0	0
dDocent_Contig_15430	1	362	0	0	0	0	0	0
dDocent_Contig_15434	1	417	0	0	0	0	0	0
dDocent_Contig_15438	1	415	0	0	0	0	0	0
dDocent_Contig_15445	1	418	0	0	0	0	0	0
dDocent_Contig_15459	1	470	0	0	0	0	0	0
dDocent_Contig_15473	1	401	0	0	0	0	0	0
dDocent_Contig_15477	1	240	0	0	0	0	0	0
dDocent_Contig_15490	1	439	0	0	0	0	0	0
dDocent_Contig_15492	1	424	0	0	0	0	0	0
dDocent_Contig_15493	1	450	0	0	0	0	0	0
dDocent_Contig_15508	1	478	0	0	0	0	0	0
dDocent_Contig_15510	1	416	0	0	0	0	0	0
dDocent_Contig_15511	1	424	0	0	0	0	0	0
dDocent_Contig_15512	1	468	0	0	0	0	0	0
dDocent_Contig_15513	1	455	0	0	0	0	0	0
dDocent_Contig_15516	1	418	0	0	0	0	0	0
dDocent_Contig_15521	1	394	0	0	0	0	0	0
dDocent_Contig_15530	1	360	0	0	0	0	0	0
dDocent_Contig_15531	1	379	0	0	0	0	0	0
dDocent_Contig_15534	1	460	0	0	0	0	0	0
dDocent_Contig_15545	1	412	0	0	0	0	0	0
dDocent_Contig_15548	1	366	0	0	0	0	0	0
dDocent_Contig_15551	1	372	0	0	0	0	0	0
dDocent_Contig_15555	1	380	0	0	0	0	0	0
dDocent_Contig_15556	1	352	0	0	0	0	0	0
dDocent_Contig_15559	1	400	0	0	0	0	0	0
dDocent_Contig_15565	1	307	0	0	0	0	0	0
dDocent_Contig_15570	1	447	0	0	0	0	0	0
dDocent_Contig_15573	1	428	0	0	0	0	0	0
dDocent_Contig_15583	1	409	0	0	0	0	0	0
dDocent_Contig_15584	1	356	0	0	0	0	0	0
dDocent_Contig_15591	1	419	0	0	0	0	0	0
dDocent_Contig_15597	1	373	0	0	0	0	0	0
dDocent_Contig_15619	1	351	0	0	0	0	0	0
dDocent_Contig_15632	1	448	0	0	0	0	0	0
dDocent_Contig_15636	1	392	0	0	0	0	0	0
dDocent_Contig_15639	1	266	0	0	0	0	0	0
dDocent_Contig_15649	1	430	0	0	0	0	0	0
dDocent_Contig_15658	1	293	0	0	0	0	0	0
dDocent_Contig_15660	1	507	0	0	0	0	0	0
dDocent_Contig_15691	1	323	0	0	0	0	0	0
dDocent_Contig_15698	1	314	0	0	0	0	0	0
dDocent_Contig_15703	1	400	0	0	0	0	0	0
dDocent_Contig_15706	1	367	0	0	0	0	0	0
dDocent_Contig_15708	1	404	0	0	0	0	0	0
dDocent_Contig_15714	1	368	0	0	0	0	0	0
dDocent_Contig_15728	1	481	0	0	0	0	0	0
dDocent_Contig_15734	1	395	0	0	0	0	0	0
dDocent_Contig_15735	1	489	0	0	0	0	0	0
dDocent_Contig_15737	1	397	0	0	0	0	0	0
dDocent_Contig_15738	1	377	0	0	0	0	0	0
dDocent_Contig_15744	1	330	0	0	0	0	0	0
dDocent_Contig_15747	1	417	0	0	0	0	0	0
dDocent_Contig_15749	1	403	0	0	0	0	0	0
dDocent_Contig_15751	1	424	0	0	0	0	0	0
dDocent_Contig_15758	1	394	0	0	0	0	0	0
dDocent_Contig_15759	1	399	0	0	0	0	0	0
dDocent_Contig_15765	1	439	0	0	0	0	0	0
dDocent_Contig_15767	1	317	0	0	0	0	0	0
dDocent_Contig_15769	1	325	0	0	0	0	0	0
dDocent_Contig_15771	1	390	0	0	0	0	0	0
dDocent_Contig_15788	1	452	0	0	0	0	0	0
dDocent_Contig_15790	1	313	0	0	0	0	0	0
dDocent_Contig_15797	1	334	0	0	0	0	0	0
dDocent_Contig_15801	1	295	0	0	0	0	0	0
dDocent_Contig_15807	1	271	0	0	0	0	0	0
dDocent_Contig_15808	1	386	0	0	0	0	0	0
dDocent_Contig_15809	1	402	0	0	0	0	0	0
dDocent_Contig_15826	1	290	0	0	0	0	0	0
dDocent_Contig_15827	1	291	0	0	0	0	0	0
dDocent_Contig_15838	1	337	0	0	0	0	0	0
dDocent_Contig_15843	1	467	0	0	0	0	0	0
dDocent_Contig_15845	1	387	0	0	0	0	0	0
dDocent_Contig_15849	1	303	0	0	0	0	0	0
dDocent_Contig_15861	1	387	0	0	0	0	0	0
dDocent_Contig_15870	1	422	0	0	0	0	0	0
dDocent_Contig_15872	1	453	0	0	0	0	0	0
dDocent_Contig_15873	1	501	0	0	0	0	0	0
dDocent_Contig_15875	1	354	0	0	0	0	0	0
dDocent_Contig_15885	1	506	0	0	0	0	0	0
dDocent_Contig_15886	1	407	0	0	0	0	0	0
dDocent_Contig_15887	1	414	0	0	0	0	0	0
dDocent_Contig_15890	1	387	0	0	0	0	0	0
dDocent_Contig_15894	1	399	0	0	0	0	0	0
dDocent_Contig_15898	1	453	0	0	0	0	0	0
dDocent_Contig_15903	1	412	0	0	0	0	0	0
dDocent_Contig_15906	1	397	0	0	0	0	0	0
dDocent_Contig_15914	1	467	0	0	0	0	0	0
dDocent_Contig_15919	1	334	0	0	0	0	0	0
dDocent_Contig_15922	1	312	0	0	0	0	0	0
dDocent_Contig_15925	1	382	0	0	0	0	0	0
dDocent_Contig_15933	1	355	0	0	0	0	0	0
dDocent_Contig_15937	1	476	0	0	0	0	0	0
dDocent_Contig_15942	1	379	0	0	0	0	0	0
dDocent_Contig_15956	1	340	0	0	0	0	0	0
dDocent_Contig_15959	1	424	0	0	0	0	0	0
dDocent_Contig_15961	1	361	0	0	0	0	0	0
dDocent_Contig_15962	1	278	0	0	0	0	0	0
dDocent_Contig_15970	1	409	0	0	0	0	0	0
dDocent_Contig_15974	1	329	0	0	0	0	0	0
dDocent_Contig_15975	1	377	0	0	0	0	0	0
dDocent_Contig_15985	1	447	0	0	0	0	0	0
dDocent_Contig_15989	1	438	0	0	0	0	0	0
dDocent_Contig_16011	1	429	0	0	0	0	0	0
dDocent_Contig_16014	1	354	0	0	0	0	0	0
dDocent_Contig_16020	1	378	0	0	0	0	0	0
dDocent_Contig_16021	1	310	0	0	0	0	0	0
dDocent_Contig_16022	1	417	0	0	0	0	0	0
dDocent_Contig_16025	1	450	0	0	0	0	0	0
dDocent_Contig_16036	1	282	0	0	0	0	0	0
dDocent_Contig_16038	1	408	0	0	0	0	0	0
dDocent_Contig_16050	1	330	0	0	0	0	0	0
dDocent_Contig_16051	1	410	0	0	0	0	0	0
dDocent_Contig_16052	1	412	0	0	0	0	0	0
dDocent_Contig_16054	1	405	0	0	0	0	0	0
dDocent_Contig_16055	1	419	0	0	0	0	0	0
dDocent_Contig_16058	1	501	0	0	0	0	0	0
dDocent_Contig_16060	1	313	0	0	0	0	0	0
dDocent_Contig_16061	1	361	0	0	0	0	0	0
dDocent_Contig_16062	1	363	0	0	0	0	0	0
dDocent_Contig_16065	1	228	0	0	0	0	0	0
dDocent_Contig_16068	1	407	0	0	0	0	0	0
dDocent_Contig_16072	1	456	0	0	0	0	0	0
dDocent_Contig_16076	1	470	0	0	0	0	0	0
dDocent_Contig_16079	1	392	0	0	0	0	0	0
dDocent_Contig_16080	1	418	0	0	0	0	0	0
dDocent_Contig_16082	1	358	0	0	0	0	0	0
dDocent_Contig_16085	1	390	0	0	0	0	0	0
dDocent_Contig_16102	1	424	0	0	0	0	0	0
dDocent_Contig_16108	1	353	0	0	0	0	0	0
dDocent_Contig_16130	1	383	0	0	0	0	0	0
dDocent_Contig_16132	1	370	0	0	0	0	0	0
dDocent_Contig_16137	1	462	0	0	0	0	0	0
dDocent_Contig_16139	1	373	0	0	0	0	0	0
dDocent_Contig_16141	1	386	0	0	0	0	0	0
dDocent_Contig_16144	1	344	0	0	0	0	0	0
dDocent_Contig_16145	1	411	0	0	0	0	0	0
dDocent_Contig_16154	1	305	0	0	0	0	0	0
dDocent_Contig_16155	1	358	0	0	0	0	0	0
dDocent_Contig_16166	1	326	0	0	0	0	0	0
dDocent_Contig_16168	1	225	0	0	0	0	0	0
dDocent_Contig_16177	1	400	0	0	0	0	0	0
dDocent_Contig_16179	1	332	0	0	0	0	0	0
dDocent_Contig_16180	1	364	0	0	0	0	0	0
dDocent_Contig_16181	1	385	0	0	0	0	0	0
dDocent_Contig_16182	1	374	0	0	0	0	0	0
dDocent_Contig_16193	1	293	0	0	0	0	0	0
dDocent_Contig_16195	1	395	0	0	0	0	0	0
dDocent_Contig_16198	1	294	0	0	0	0	0	0
dDocent_Contig_16200	1	468	0	0	0	0	0	0
dDocent_Contig_16206	1	393	0	0	0	0	0	0
dDocent_Contig_16207	1	402	0	0	0	0	0	0
dDocent_Contig_16217	1	431	0	0	0	0	0	0
dDocent_Contig_16225	1	359	0	0	0	0	0	0
dDocent_Contig_16228	1	310	0	0	0	0	0	0
dDocent_Contig_16229	1	373	0	0	0	0	0	0
dDocent_Contig_16231	1	283	0	0	0	0	0	0
dDocent_Contig_16232	1	395	0	0	0	0	0	0
dDocent_Contig_16242	1	378	0	0	0	0	0	0
dDocent_Contig_16246	1	386	0	0	0	0	0	0
dDocent_Contig_16252	1	416	0	0	0	0	0	0
dDocent_Contig_16263	1	390	0	0	0	0	0	0
dDocent_Contig_16278	1	317	0	0	0	0	0	0
dDocent_Contig_16279	1	435	0	0	0	0	0	0
dDocent_Contig_16281	1	401	0	0	0	0	0	0
dDocent_Contig_16286	1	415	0	0	0	0	0	0
dDocent_Contig_16289	1	281	0	0	0	0	0	0
dDocent_Contig_16290	1	249	0	0	0	0	0	0
dDocent_Contig_16292	1	394	0	0	0	0	0	0
dDocent_Contig_16302	1	319	0	0	0	0	0	0
dDocent_Contig_16305	1	374	0	0	0	0	0	0
dDocent_Contig_16308	1	349	0	0	0	0	0	0
dDocent_Contig_16311	1	260	0	0	0	0	0	0
dDocent_Contig_16313	1	364	0	0	0	0	0	0
dDocent_Contig_16314	1	250	0	0	0	0	0	0
dDocent_Contig_16315	1	355	0	0	0	0	0	0
dDocent_Contig_16316	1	467	0	0	0	0	0	0
dDocent_Contig_16319	1	340	0	0	0	0	0	0
dDocent_Contig_16322	1	363	0	0	0	0	0	0
dDocent_Contig_16324	1	297	0	0	0	0	0	0
dDocent_Contig_16327	1	431	0	0	0	0	0	0
dDocent_Contig_16330	1	382	0	0	0	0	0	0
dDocent_Contig_16334	1	313	0	0	0	0	0	0
dDocent_Contig_16335	1	368	0	0	0	0	0	0
dDocent_Contig_16341	1	367	0	0	0	0	0	0
dDocent_Contig_16349	1	400	0	0	0	0	0	0
dDocent_Contig_16362	1	348	0	0	0	0	0	0
dDocent_Contig_16365	1	383	0	0	0	0	0	0
dDocent_Contig_16368	1	339	0	0	0	0	0	0
dDocent_Contig_16376	1	371	0	0	0	0	0	0
dDocent_Contig_16378	1	445	0	0	0	0	0	0
dDocent_Contig_16384	1	348	0	0	0	0	0	0
dDocent_Contig_16385	1	361	0	0	0	0	0	0
dDocent_Contig_16386	1	463	0	0	0	0	0	0
dDocent_Contig_16387	1	477	0	0	0	0	0	0
dDocent_Contig_16389	1	492	0	0	0	0	0	0
dDocent_Contig_16390	1	370	0	0	0	0	0	0
dDocent_Contig_16403	1	481	0	0	0	0	0	0
dDocent_Contig_16408	1	330	0	0	0	0	0	0
dDocent_Contig_16410	1	452	0	0	0	0	0	0
dDocent_Contig_16412	1	345	0	0	0	0	0	0
dDocent_Contig_16418	1	356	0	0	0	0	0	0
dDocent_Contig_16420	1	403	0	0	0	0	0	0
dDocent_Contig_16425	1	438	0	0	0	0	0	0
dDocent_Contig_16426	1	393	0	0	0	0	0	0
dDocent_Contig_16431	1	284	0	0	0	0	0	0
dDocent_Contig_16436	1	428	0	0	0	0	0	0
dDocent_Contig_16438	1	460	0	0	0	0	0	0
dDocent_Contig_16441	1	338	0	0	0	0	0	0
dDocent_Contig_16456	1	385	0	0	0	0	0	0
dDocent_Contig_16459	1	496	0	0	0	0	0	0
dDocent_Contig_16461	1	502	0	0	0	0	0	0
dDocent_Contig_16465	1	450	0	0	0	0	0	0
dDocent_Contig_16468	1	476	0	0	0	0	0	0
dDocent_Contig_16488	1	373	0	0	0	0	0	0
dDocent_Contig_16492	1	338	0	0	0	0	0	0
dDocent_Contig_16507	1	365	0	0	0	0	0	0
dDocent_Contig_16510	1	361	0	0	0	0	0	0
dDocent_Contig_16511	1	318	0	0	0	0	0	0
dDocent_Contig_16527	1	387	0	0	0	0	0	0
dDocent_Contig_16528	1	302	0	0	0	0	0	0
dDocent_Contig_16531	1	378	0	0	0	0	0	0
dDocent_Contig_16533	1	337	0	0	0	0	0	0
dDocent_Contig_16534	1	451	0	0	0	0	0	0
dDocent_Contig_16537	1	412	0	0	0	0	0	0
dDocent_Contig_16543	1	405	0	0	0	0	0	0
dDocent_Contig_16549	1	383	0	0	0	0	0	0
dDocent_Contig_16554	1	422	0	0	0	0	0	0
dDocent_Contig_16559	1	449	0	0	0	0	0	0
dDocent_Contig_16571	1	320	0	0	0	0	0	0
dDocent_Contig_16578	1	426	0	0	0	0	0	0
dDocent_Contig_16583	1	436	0	0	0	0	0	0
dDocent_Contig_16587	1	451	0	0	0	0	0	0
dDocent_Contig_16592	1	373	0	0	0	0	0	0
dDocent_Contig_16594	1	379	0	0	0	0	0	0
dDocent_Contig_16597	1	408	0	0	0	0	0	0
dDocent_Contig_16602	1	295	0	0	0	0	0	0
dDocent_Contig_16609	1	332	0	0	0	0	0	0
dDocent_Contig_16610	1	491	0	0	0	0	0	0
dDocent_Contig_16615	1	297	0	0	0	0	0	0
dDocent_Contig_16634	1	397	0	0	0	0	0	0
dDocent_Contig_16635	1	443	0	0	0	0	0	0
dDocent_Contig_16636	1	420	0	0	0	0	0	0
dDocent_Contig_16637	1	394	0	0	0	0	0	0
dDocent_Contig_16652	1	383	0	0	0	0	0	0
dDocent_Contig_16653	1	407	0	0	0	0	0	0
dDocent_Contig_16662	1	363	0	0	0	0	0	0
dDocent_Contig_16665	1	399	0	0	0	0	0	0
dDocent_Contig_16677	1	482	0	0	0	0	0	0
dDocent_Contig_16688	1	348	0	0	0	0	0	0
dDocent_Contig_16689	1	394	0	0	0	0	0	0
dDocent_Contig_16692	1	390	0	0	0	0	0	0
dDocent_Contig_16693	1	425	0	0	0	0	0	0
dDocent_Contig_16701	1	393	0	0	0	0	0	0
dDocent_Contig_16702	1	432	0	0	0	0	0	0
dDocent_Contig_16707	1	345	0	0	0	0	0	0
dDocent_Contig_16709	1	368	0	0	0	0	0	0
dDocent_Contig_16717	1	398	0	0	0	0	0	0
dDocent_Contig_16718	1	391	0	0	0	0	0	0
dDocent_Contig_16730	1	277	0	0	0	0	0	0
dDocent_Contig_16734	1	438	0	0	0	0	0	0
dDocent_Contig_16750	1	354	0	0	0	0	0	0
dDocent_Contig_16768	1	276	0	0	0	0	0	0
dDocent_Contig_16784	1	364	0	0	0	0	0	0
dDocent_Contig_16792	1	361	0	0	0	0	0	0
dDocent_Contig_16795	1	448	0	0	0	0	0	0
dDocent_Contig_16796	1	396	0	0	0	0	0	0
dDocent_Contig_16802	1	425	0	0	0	0	0	0
dDocent_Contig_16816	1	446	0	0	0	0	0	0
dDocent_Contig_16820	1	231	0	0	0	0	0	0
dDocent_Contig_16828	1	414	0	0	0	0	0	0
dDocent_Contig_16836	1	435	0	0	0	0	0	0
dDocent_Contig_16843	1	473	0	0	0	0	0	0
dDocent_Contig_16854	1	422	0	0	0	0	0	0
dDocent_Contig_16856	1	300	0	0	0	0	0	0
dDocent_Contig_16872	1	402	0	0	0	0	0	0
dDocent_Contig_16878	1	393	0	0	0	0	0	0
dDocent_Contig_16890	1	272	0	0	0	0	0	0
dDocent_Contig_16891	1	403	0	0	0	0	0	0
dDocent_Contig_16893	1	416	0	0	0	0	0	0
dDocent_Contig_16894	1	457	0	0	0	0	0	0
dDocent_Contig_16895	1	395	0	0	0	0	0	0
dDocent_Contig_16901	1	334	0	0	0	0	0	0
dDocent_Contig_16915	1	308	0	0	0	0	0	0
dDocent_Contig_16922	1	399	0	0	0	0	0	0
dDocent_Contig_16924	1	379	0	0	0	0	0	0
dDocent_Contig_16929	1	280	0	0	0	0	0	0
dDocent_Contig_16942	1	351	0	0	0	0	0	0
dDocent_Contig_16949	1	340	0	0	0	0	0	0
dDocent_Contig_16956	1	374	0	0	0	0	0	0
dDocent_Contig_16957	1	390	0	0	0	0	0	0
dDocent_Contig_16961	1	462	0	0	0	0	0	0
dDocent_Contig_16965	1	322	0	0	0	0	0	0
dDocent_Contig_16967	1	469	0	0	0	0	0	0
dDocent_Contig_16971	1	422	0	0	0	0	0	0
dDocent_Contig_16974	1	385	0	0	0	0	0	0
dDocent_Contig_16977	1	368	0	0	0	0	0	0
dDocent_Contig_16980	1	389	0	0	0	0	0	0
dDocent_Contig_16985	1	469	0	0	0	0	0	0
dDocent_Contig_16990	1	454	0	0	0	0	0	0
dDocent_Contig_16993	1	404	0	0	0	0	0	0
dDocent_Contig_17003	1	332	0	0	0	0	0	0
dDocent_Contig_17019	1	407	0	0	0	0	0	0
dDocent_Contig_17031	1	341	0	0	0	0	0	0
dDocent_Contig_17034	1	425	0	0	0	0	0	0
dDocent_Contig_17038	1	367	0	0	0	0	0	0
dDocent_Contig_17048	1	345	0	0	0	0	0	0
dDocent_Contig_17055	1	291	0	0	0	0	0	0
dDocent_Contig_17057	1	357	0	0	0	0	0	0
dDocent_Contig_17062	1	372	0	0	0	0	0	0
dDocent_Contig_17068	1	337	0	0	0	0	0	0
dDocent_Contig_17070	1	360	0	0	0	0	0	0
dDocent_Contig_17076	1	403	0	0	0	0	0	0
dDocent_Contig_17077	1	455	0	0	0	0	0	0
dDocent_Contig_17092	1	405	0	0	0	0	0	0
dDocent_Contig_17103	1	379	0	0	0	0	0	0
dDocent_Contig_17105	1	384	0	0	0	0	0	0
dDocent_Contig_17112	1	315	0	0	0	0	0	0
dDocent_Contig_17114	1	352	0	0	0	0	0	0
dDocent_Contig_17125	1	390	0	0	0	0	0	0
dDocent_Contig_17128	1	427	0	0	0	0	0	0
dDocent_Contig_17130	1	296	0	0	0	0	0	0
dDocent_Contig_17133	1	452	0	0	0	0	0	0
dDocent_Contig_17135	1	396	0	0	0	0	0	0
dDocent_Contig_17140	1	365	0	0	0	0	0	0
dDocent_Contig_17148	1	448	0	0	0	0	0	0
dDocent_Contig_17158	1	483	0	0	0	0	0	0
dDocent_Contig_17161	1	460	0	0	0	0	0	0
dDocent_Contig_17166	1	287	0	0	0	0	0	0
dDocent_Contig_17168	1	360	0	0	0	0	0	0
dDocent_Contig_17180	1	350	0	0	0	0	0	0
dDocent_Contig_17182	1	250	0	0	0	0	0	0
dDocent_Contig_17185	1	368	0	0	0	0	0	0
dDocent_Contig_17190	1	431	0	0	0	0	0	0
dDocent_Contig_17200	1	411	0	0	0	0	0	0
dDocent_Contig_17202	1	400	0	0	0	0	0	0
dDocent_Contig_17214	1	320	0	0	0	0	0	0
dDocent_Contig_17216	1	424	0	0	0	0	0	0
dDocent_Contig_17219	1	404	0	0	0	0	0	0
dDocent_Contig_17222	1	343	0	0	0	0	0	0
dDocent_Contig_17226	1	304	0	0	0	0	0	0
dDocent_Contig_17238	1	332	0	0	0	0	0	0
dDocent_Contig_17247	1	347	0	0	0	0	0	0
dDocent_Contig_17250	1	418	0	0	0	0	0	0
dDocent_Contig_17252	1	350	0	0	0	0	0	0
dDocent_Contig_17260	1	278	0	0	0	0	0	0
dDocent_Contig_17261	1	332	0	0	0	0	0	0
dDocent_Contig_17262	1	389	0	0	0	0	0	0
dDocent_Contig_17265	1	404	0	0	0	0	0	0
dDocent_Contig_17271	1	370	0	0	0	0	0	0
dDocent_Contig_17272	1	306	0	0	0	0	0	0
dDocent_Contig_17277	1	307	0	0	0	0	0	0
dDocent_Contig_17278	1	411	0	0	0	0	0	0
dDocent_Contig_17285	1	388	0	0	0	0	0	0
dDocent_Contig_17294	1	259	0	0	0	0	0	0
dDocent_Contig_17309	1	387	0	0	0	0	0	0
dDocent_Contig_17314	1	414	0	0	0	0	0	0
dDocent_Contig_17323	1	353	0	0	0	0	0	0
dDocent_Contig_17325	1	344	0	0	0	0	0	0
dDocent_Contig_17330	1	337	0	0	0	0	0	0
dDocent_Contig_17334	1	233	0	0	0	0	0	0
dDocent_Contig_17338	1	405	0	0	0	0	0	0
dDocent_Contig_17342	1	319	0	0	0	0	0	0
dDocent_Contig_17344	1	356	0	0	0	0	0	0
dDocent_Contig_17345	1	401	0	0	0	0	0	0
dDocent_Contig_17367	1	268	0	0	0	0	0	0
dDocent_Contig_17371	1	374	0	0	0	0	0	0
dDocent_Contig_17373	1	421	0	0	0	0	0	0
dDocent_Contig_17375	1	382	0	0	0	0	0	0
dDocent_Contig_17376	1	376	0	0	0	0	0	0
dDocent_Contig_17378	1	424	0	0	0	0	0	0
dDocent_Contig_17380	1	497	0	0	0	0	0	0
dDocent_Contig_17385	1	356	0	0	0	0	0	0
dDocent_Contig_17404	1	299	0	0	0	0	0	0
dDocent_Contig_17406	1	336	0	0	0	0	0	0
dDocent_Contig_17408	1	486	0	0	0	0	0	0
dDocent_Contig_17414	1	269	0	0	0	0	0	0
dDocent_Contig_17418	1	407	0	0	0	0	0	0
dDocent_Contig_17424	1	268	0	0	0	0	0	0
dDocent_Contig_17437	1	428	0	0	0	0	0	0
dDocent_Contig_17445	1	386	0	0	0	0	0	0
dDocent_Contig_17454	1	286	0	0	0	0	0	0
dDocent_Contig_17458	1	466	0	0	0	0	0	0
dDocent_Contig_17463	1	319	0	0	0	0	0	0
dDocent_Contig_17464	1	464	0	0	0	0	0	0
dDocent_Contig_17466	1	407	0	0	0	0	0	0
dDocent_Contig_17467	1	386	0	0	0	0	0	0
dDocent_Contig_17473	1	370	0	0	0	0	0	0
dDocent_Contig_17474	1	427	0	0	0	0	0	0
dDocent_Contig_17487	1	415	0	0	0	0	0	0
dDocent_Contig_17492	1	440	0	0	0	0	0	0
dDocent_Contig_17495	1	397	0	0	0	0	0	0
dDocent_Contig_17501	1	396	0	0	0	0	0	0
dDocent_Contig_17502	1	513	0	0	0	0	0	0
dDocent_Contig_17507	1	379	0	0	0	0	0	0
dDocent_Contig_17512	1	443	0	0	0	0	0	0
dDocent_Contig_17524	1	395	0	0	0	0	0	0
dDocent_Contig_17525	1	423	0	0	0	0	0	0
dDocent_Contig_17527	1	451	0	0	0	0	0	0
dDocent_Contig_17533	1	456	0	0	0	0	0	0
dDocent_Contig_17537	1	424	0	0	0	0	0	0
dDocent_Contig_17541	1	377	0	0	0	0	0	0
dDocent_Contig_17572	1	502	0	0	0	0	0	0
dDocent_Contig_17587	1	397	0	0	0	0	0	0
dDocent_Contig_17606	1	358	0	0	0	0	0	0
dDocent_Contig_17607	1	338	0	0	0	0	0	0
dDocent_Contig_17610	1	356	0	0	0	0	0	0
dDocent_Contig_17616	1	380	0	0	0	0	0	0
dDocent_Contig_17630	1	378	0	0	0	0	0	0
dDocent_Contig_17631	1	280	0	0	0	0	0	0
dDocent_Contig_17633	1	495	0	0	0	0	0	0
dDocent_Contig_17634	1	440	0	0	0	0	0	0
dDocent_Contig_17638	1	414	0	0	0	0	0	0
dDocent_Contig_17639	1	375	0	0	0	0	0	0
dDocent_Contig_17643	1	293	0	0	0	0	0	0
dDocent_Contig_17652	1	441	0	0	0	0	0	0
dDocent_Contig_17672	1	388	0	0	0	0	0	0
dDocent_Contig_17673	1	454	0	0	0	0	0	0
dDocent_Contig_17674	1	284	0	0	0	0	0	0
dDocent_Contig_17679	1	370	0	0	0	0	0	0
dDocent_Contig_17682	1	301	0	0	0	0	0	0
dDocent_Contig_17689	1	357	0	0	0	0	0	0
dDocent_Contig_17701	1	394	0	0	0	0	0	0
dDocent_Contig_17703	1	467	0	0	0	0	0	0
dDocent_Contig_17709	1	340	0	0	0	0	0	0
dDocent_Contig_17713	1	348	0	0	0	0	0	0
dDocent_Contig_17714	1	414	0	0	0	0	0	0
dDocent_Contig_17721	1	246	0	0	0	0	0	0
dDocent_Contig_17724	1	467	0	0	0	0	0	0
dDocent_Contig_17725	1	419	0	0	0	0	0	0
dDocent_Contig_17728	1	329	0	0	0	0	0	0
dDocent_Contig_17731	1	495	0	0	0	0	0	0
dDocent_Contig_17733	1	426	0	0	0	0	0	0
dDocent_Contig_17736	1	464	0	0	0	0	0	0
dDocent_Contig_17738	1	385	0	0	0	0	0	0
dDocent_Contig_17749	1	404	0	0	0	0	0	0
dDocent_Contig_17758	1	444	0	0	0	0	0	0
dDocent_Contig_17765	1	367	0	0	0	0	0	0
dDocent_Contig_17781	1	240	0	0	0	0	0	0
dDocent_Contig_17783	1	491	0	0	0	0	0	0
dDocent_Contig_17786	1	358	0	0	0	0	0	0
dDocent_Contig_17787	1	366	0	0	0	0	0	0
dDocent_Contig_17788	1	473	0	0	0	0	0	0
dDocent_Contig_17795	1	398	0	0	0	0	0	0
dDocent_Contig_17812	1	386	0	0	0	0	0	0
dDocent_Contig_17814	1	470	0	0	0	0	0	0
dDocent_Contig_17816	1	339	0	0	0	0	0	0
dDocent_Contig_17819	1	360	0	0	0	0	0	0
dDocent_Contig_17824	1	320	0	0	0	0	0	0
dDocent_Contig_17831	1	467	0	0	0	0	0	0
dDocent_Contig_17844	1	418	0	0	0	0	0	0
dDocent_Contig_17845	1	354	0	0	0	0	0	0
dDocent_Contig_17846	1	481	0	0	0	0	0	0
dDocent_Contig_17850	1	393	0	0	0	0	0	0
dDocent_Contig_17853	1	337	0	0	0	0	0	0
dDocent_Contig_17854	1	450	0	0	0	0	0	0
dDocent_Contig_17855	1	432	0	0	0	0	0	0
dDocent_Contig_17864	1	430	0	0	0	0	0	0
dDocent_Contig_17865	1	448	0	0	0	0	0	0
dDocent_Contig_17870	1	488	0	0	0	0	0	0
dDocent_Contig_17873	1	393	0	0	0	0	0	0
dDocent_Contig_17894	1	500	0	0	0	0	0	0
dDocent_Contig_17896	1	407	0	0	0	0	0	0
dDocent_Contig_17901	1	408	0	0	0	0	0	0
dDocent_Contig_17904	1	408	0	0	0	0	0	0
dDocent_Contig_17907	1	417	0	0	0	0	0	0
dDocent_Contig_17913	1	412	0	0	0	0	0	0
dDocent_Contig_17914	1	411	0	0	0	0	0	0
dDocent_Contig_17922	1	382	0	0	0	0	0	0
dDocent_Contig_17929	1	350	0	0	0	0	0	0
dDocent_Contig_17930	1	396	0	0	0	0	0	0
dDocent_Contig_17935	1	302	0	0	0	0	0	0
dDocent_Contig_17936	1	396	0	0	0	0	0	0
dDocent_Contig_17945	1	388	0	0	0	0	0	0
dDocent_Contig_17947	1	348	0	0	0	0	0	0
dDocent_Contig_17956	1	354	0	0	0	0	0	0
dDocent_Contig_17957	1	350	0	0	0	0	0	0
dDocent_Contig_17969	1	391	0	0	0	0	0	0
dDocent_Contig_17974	1	439	0	0	0	0	0	0
dDocent_Contig_17978	1	457	0	0	0	0	0	0
dDocent_Contig_17981	1	397	0	0	0	0	0	0
dDocent_Contig_17987	1	304	0	0	0	0	0	0
dDocent_Contig_17992	1	396	0	0	0	0	0	0
dDocent_Contig_17994	1	303	0	0	0	0	0	0
dDocent_Contig_18014	1	350	0	0	0	0	0	0
dDocent_Contig_18017	1	365	0	0	0	0	0	0
dDocent_Contig_18024	1	493	0	0	0	0	0	0
dDocent_Contig_18034	1	397	0	0	0	0	0	0
dDocent_Contig_18035	1	409	0	0	0	0	0	0
dDocent_Contig_18040	1	403	0	0	0	0	0	0
dDocent_Contig_18041	1	400	0	0	0	0	0	0
dDocent_Contig_18049	1	459	0	0	0	0	0	0
dDocent_Contig_18071	1	410	0	0	0	0	0	0
dDocent_Contig_18079	1	302	0	0	0	0	0	0
dDocent_Contig_18081	1	455	0	0	0	0	0	0
dDocent_Contig_18084	1	361	0	0	0	0	0	0
dDocent_Contig_18085	1	393	0	0	0	0	0	0
dDocent_Contig_18087	1	409	0	0	0	0	0	0
dDocent_Contig_18088	1	392	0	0	0	0	0	0
dDocent_Contig_18102	1	396	0	0	0	0	0	0
dDocent_Contig_18106	1	380	0	0	0	0	0	0
dDocent_Contig_18107	1	491	0	0	0	0	0	0
dDocent_Contig_18112	1	450	0	0	0	0	0	0
dDocent_Contig_18124	1	379	0	0	0	0	0	0
dDocent_Contig_18125	1	345	0	0	0	0	0	0
dDocent_Contig_18127	1	407	0	0	0	0	0	0
dDocent_Contig_18134	1	293	0	0	0	0	0	0
dDocent_Contig_18139	1	399	0	0	0	0	0	0
dDocent_Contig_18143	1	455	0	0	0	0	0	0
dDocent_Contig_18147	1	477	0	0	0	0	0	0
dDocent_Contig_18150	1	376	0	0	0	0	0	0
dDocent_Contig_18152	1	364	0	0	0	0	0	0
dDocent_Contig_18163	1	470	0	0	0	0	0	0
dDocent_Contig_18167	1	360	0	0	0	0	0	0
dDocent_Contig_18171	1	332	0	0	0	0	0	0
dDocent_Contig_18180	1	356	0	0	0	0	0	0
dDocent_Contig_18181	1	519	0	0	0	0	0	0
dDocent_Contig_18189	1	455	0	0	0	0	0	0
dDocent_Contig_18194	1	339	0	0	0	0	0	0
dDocent_Contig_18195	1	334	0	0	0	0	0	0
dDocent_Contig_18196	1	396	0	0	0	0	0	0
dDocent_Contig_18207	1	350	0	0	0	0	0	0
dDocent_Contig_18214	1	321	0	0	0	0	0	0
dDocent_Contig_18218	1	459	0	0	0	0	0	0
dDocent_Contig_18225	1	383	0	0	0	0	0	0
dDocent_Contig_18226	1	391	0	0	0	0	0	0
dDocent_Contig_18228	1	364	0	0	0	0	0	0
dDocent_Contig_18229	1	421	0	0	0	0	0	0
dDocent_Contig_18230	1	318	0	0	0	0	0	0
dDocent_Contig_18241	1	421	0	0	0	0	0	0
dDocent_Contig_18247	1	330	0	0	0	0	0	0
dDocent_Contig_18259	1	262	0	0	0	0	0	0
dDocent_Contig_18262	1	313	0	0	0	0	0	0
dDocent_Contig_18265	1	304	0	0	0	0	0	0
dDocent_Contig_18266	1	311	0	0	0	0	0	0
dDocent_Contig_18267	1	396	0	0	0	0	0	0
dDocent_Contig_18274	1	259	0	0	0	0	0	0
dDocent_Contig_18276	1	413	0	0	0	0	0	0
dDocent_Contig_18278	1	422	0	0	0	0	0	0
dDocent_Contig_18293	1	379	0	0	0	0	0	0
dDocent_Contig_18295	1	431	0	0	0	0	0	0
dDocent_Contig_18304	1	333	0	0	0	0	0	0
dDocent_Contig_18305	1	473	0	0	0	0	0	0
dDocent_Contig_18306	1	458	0	0	0	0	0	0
dDocent_Contig_18311	1	378	0	0	0	0	0	0
dDocent_Contig_18314	1	340	0	0	0	0	0	0
dDocent_Contig_18316	1	326	0	0	0	0	0	0
dDocent_Contig_18327	1	405	0	0	0	0	0	0
dDocent_Contig_18328	1	357	0	0	0	0	0	0
dDocent_Contig_18329	1	385	0	0	0	0	0	0
dDocent_Contig_18332	1	472	0	0	0	0	0	0
dDocent_Contig_18335	1	381	0	0	0	0	0	0
dDocent_Contig_18337	1	311	0	0	0	0	0	0
dDocent_Contig_18342	1	364	0	0	0	0	0	0
dDocent_Contig_18343	1	420	0	0	0	0	0	0
dDocent_Contig_18344	1	487	0	0	0	0	0	0
dDocent_Contig_18347	1	502	0	0	0	0	0	0
dDocent_Contig_18349	1	451	0	0	0	0	0	0
dDocent_Contig_18355	1	502	0	0	0	0	0	0
dDocent_Contig_18358	1	346	0	0	0	0	0	0
dDocent_Contig_18374	1	388	0	0	0	0	0	0
dDocent_Contig_18375	1	438	0	0	0	0	0	0
dDocent_Contig_18377	1	337	0	0	0	0	0	0
dDocent_Contig_18378	1	276	0	0	0	0	0	0
dDocent_Contig_18380	1	320	0	0	0	0	0	0
dDocent_Contig_18383	1	413	0	0	0	0	0	0
dDocent_Contig_18384	1	406	0	0	0	0	0	0
dDocent_Contig_18388	1	402	0	0	0	0	0	0
dDocent_Contig_18392	1	395	0	0	0	0	0	0
dDocent_Contig_18395	1	451	0	0	0	0	0	0
dDocent_Contig_18422	1	454	0	0	0	0	0	0
dDocent_Contig_18431	1	388	0	0	0	0	0	0
dDocent_Contig_18438	1	441	0	0	0	0	0	0
dDocent_Contig_18448	1	427	0	0	0	0	0	0
dDocent_Contig_18451	1	491	0	0	0	0	0	0
dDocent_Contig_18454	1	385	0	0	0	0	0	0
dDocent_Contig_18459	1	403	0	0	0	0	0	0
dDocent_Contig_18462	1	484	0	0	0	0	0	0
dDocent_Contig_18479	1	365	0	0	0	0	0	0
dDocent_Contig_18480	1	356	0	0	0	0	0	0
dDocent_Contig_18482	1	332	0	0	0	0	0	0
dDocent_Contig_18493	1	443	0	0	0	0	0	0
dDocent_Contig_18495	1	420	0	0	0	0	0	0
dDocent_Contig_18502	1	436	0	0	0	0	0	0
dDocent_Contig_18514	1	397	0	0	0	0	0	0
dDocent_Contig_18515	1	450	0	0	0	0	0	0
dDocent_Contig_18517	1	439	0	0	0	0	0	0
dDocent_Contig_18520	1	446	0	0	0	0	0	0
dDocent_Contig_18527	1	238	0	0	0	0	0	0
dDocent_Contig_18531	1	425	0	0	0	0	0	0
dDocent_Contig_18540	1	291	0	0	0	0	0	0
dDocent_Contig_18557	1	294	0	0	0	0	0	0
dDocent_Contig_18561	1	379	0	0	0	0	0	0
dDocent_Contig_18567	1	321	0	0	0	0	0	0
dDocent_Contig_18574	1	442	0	0	0	0	0	0
dDocent_Contig_18578	1	440	0	0	0	0	0	0
dDocent_Contig_18580	1	365	0	0	0	0	0	0
dDocent_Contig_18594	1	383	0	0	0	0	0	0
dDocent_Contig_18595	1	368	0	0	0	0	0	0
dDocent_Contig_18609	1	350	0	0	0	0	0	0
dDocent_Contig_18619	1	324	0	0	0	0	0	0
dDocent_Contig_18620	1	330	0	0	0	0	0	0
dDocent_Contig_18622	1	328	0	0	0	0	0	0
dDocent_Contig_18623	1	428	0	0	0	0	0	0
dDocent_Contig_18626	1	371	0	0	0	0	0	0
dDocent_Contig_18630	1	389	0	0	0	0	0	0
dDocent_Contig_18631	1	358	0	0	0	0	0	0
dDocent_Contig_18639	1	269	0	0	0	0	0	0
dDocent_Contig_18654	1	515	0	0	0	0	0	0
dDocent_Contig_18660	1	460	0	0	0	0	0	0
dDocent_Contig_18662	1	462	0	0	0	0	0	0
dDocent_Contig_18666	1	487	0	0	0	0	0	0
dDocent_Contig_18681	1	322	0	0	0	0	0	0
dDocent_Contig_18690	1	462	0	0	0	0	0	0
dDocent_Contig_18718	1	383	0	0	0	0	0	0
dDocent_Contig_18727	1	272	0	0	0	0	0	0
dDocent_Contig_18731	1	394	0	0	0	0	0	0
dDocent_Contig_18741	1	423	0	0	0	0	0	0
dDocent_Contig_18743	1	405	0	0	0	0	0	0
dDocent_Contig_18744	1	375	0	0	0	0	0	0
dDocent_Contig_18746	1	287	0	0	0	0	0	0
dDocent_Contig_18751	1	371	0	0	0	0	0	0
dDocent_Contig_18758	1	423	0	0	0	0	0	0
dDocent_Contig_18760	1	418	0	0	0	0	0	0
dDocent_Contig_18767	1	443	0	0	0	0	0	0
dDocent_Contig_18769	1	288	0	0	0	0	0	0
dDocent_Contig_18771	1	335	0	0	0	0	0	0
dDocent_Contig_18774	1	226	0	0	0	0	0	0
dDocent_Contig_18781	1	351	0	0	0	0	0	0
dDocent_Contig_18782	1	389	0	0	0	0	0	0
dDocent_Contig_18786	1	374	0	0	0	0	0	0
dDocent_Contig_18795	1	382	0	0	0	0	0	0
dDocent_Contig_18800	1	407	0	0	0	0	0	0
dDocent_Contig_18805	1	353	0	0	0	0	0	0
dDocent_Contig_18818	1	355	0	0	0	0	0	0
dDocent_Contig_18821	1	338	0	0	0	0	0	0
dDocent_Contig_18822	1	376	0	0	0	0	0	0
dDocent_Contig_18841	1	498	0	0	0	0	0	0
dDocent_Contig_18842	1	411	0	0	0	0	0	0
dDocent_Contig_18844	1	362	0	0	0	0	0	0
dDocent_Contig_18845	1	451	0	0	0	0	0	0
dDocent_Contig_18855	1	422	0	0	0	0	0	0
dDocent_Contig_18859	1	374	0	0	0	0	0	0
dDocent_Contig_18868	1	412	0	0	0	0	0	0
dDocent_Contig_18884	1	363	0	0	0	0	0	0
dDocent_Contig_18891	1	453	0	0	0	0	0	0
dDocent_Contig_18901	1	395	0	0	0	0	0	0
dDocent_Contig_18909	1	364	0	0	0	0	0	0
dDocent_Contig_18914	1	408	0	0	0	0	0	0
dDocent_Contig_18922	1	407	0	0	0	0	0	0
dDocent_Contig_18926	1	346	0	0	0	0	0	0
dDocent_Contig_18927	1	289	0	0	0	0	0	0
dDocent_Contig_18936	1	362	0	0	0	0	0	0
dDocent_Contig_18937	1	395	0	0	0	0	0	0
dDocent_Contig_18939	1	376	0	0	0	0	0	0
dDocent_Contig_18943	1	386	0	0	0	0	0	0
dDocent_Contig_18944	1	344	0	0	0	0	0	0
dDocent_Contig_18948	1	288	0	0	0	0	0	0
dDocent_Contig_18951	1	302	0	0	0	0	0	0
dDocent_Contig_18967	1	436	0	0	0	0	0	0
dDocent_Contig_18976	1	367	0	0	0	0	0	0
dDocent_Contig_18981	1	326	0	0	0	0	0	0
dDocent_Contig_18982	1	420	0	0	0	0	0	0
dDocent_Contig_18991	1	492	0	0	0	0	0	0
dDocent_Contig_18995	1	368	0	0	0	0	0	0
dDocent_Contig_18997	1	439	0	0	0	0	0	0
dDocent_Contig_19000	1	354	0	0	0	0	0	0
dDocent_Contig_19001	1	355	0	0	0	0	0	0
dDocent_Contig_19003	1	372	0	0	0	0	0	0
dDocent_Contig_19004	1	449	0	0	0	0	0	0
dDocent_Contig_19006	1	414	0	0	0	0	0	0
dDocent_Contig_19009	1	349	0	0	0	0	0	0
dDocent_Contig_19010	1	489	0	0	0	0	0	0
dDocent_Contig_19012	1	425	0	0	0	0	0	0
dDocent_Contig_19020	1	359	0	0	0	0	0	0
dDocent_Contig_19027	1	443	0	0	0	0	0	0
dDocent_Contig_19028	1	329	0	0	0	0	0	0
dDocent_Contig_19035	1	238	0	0	0	0	0	0
dDocent_Contig_19039	1	369	0	0	0	0	0	0
dDocent_Contig_19040	1	425	0	0	0	0	0	0
dDocent_Contig_19045	1	317	0	0	0	0	0	0
dDocent_Contig_19046	1	327	0	0	0	0	0	0
dDocent_Contig_19048	1	495	0	0	0	0	0	0
dDocent_Contig_19050	1	512	0	0	0	0	0	0
dDocent_Contig_19051	1	410	0	0	0	0	0	0
dDocent_Contig_19053	1	411	0	0	0	0	0	0
dDocent_Contig_19054	1	324	0	0	0	0	0	0
dDocent_Contig_19059	1	390	0	0	0	0	0	0
dDocent_Contig_19061	1	445	0	0	0	0	0	0
dDocent_Contig_19062	1	503	0	0	0	0	0	0
dDocent_Contig_19072	1	346	0	0	0	0	0	0
dDocent_Contig_19077	1	351	0	0	0	0	0	0
dDocent_Contig_19082	1	384	0	0	0	0	0	0
dDocent_Contig_19085	1	496	0	0	0	0	0	0
dDocent_Contig_19089	1	352	0	0	0	0	0	0
dDocent_Contig_19094	1	411	0	0	0	0	0	0
dDocent_Contig_19096	1	439	0	0	0	0	0	0
dDocent_Contig_19202	1	357	0	0	0	0	0	0
dDocent_Contig_19205	1	398	0	0	0	0	0	0
dDocent_Contig_19209	1	314	0	0	0	0	0	0
dDocent_Contig_19210	1	345	0	0	0	0	0	0
dDocent_Contig_19211	1	393	0	0	0	0	0	0
dDocent_Contig_19215	1	334	0	0	0	0	0	0
dDocent_Contig_19219	1	415	0	0	0	0	0	0
dDocent_Contig_19222	1	349	0	0	0	0	0	0
dDocent_Contig_19225	1	395	0	0	0	0	0	0
dDocent_Contig_19230	1	245	0	0	0	0	0	0
dDocent_Contig_19257	1	264	0	0	0	0	0	0
dDocent_Contig_19264	1	378	0	0	0	0	0	0
dDocent_Contig_19273	1	303	0	0	0	0	0	0
dDocent_Contig_19279	1	302	0	0	0	0	0	0
dDocent_Contig_19281	1	406	0	0	0	0	0	0
dDocent_Contig_19283	1	439	0	0	0	0	0	0
dDocent_Contig_19290	1	390	0	0	0	0	0	0
dDocent_Contig_19291	1	394	0	0	0	0	0	0
dDocent_Contig_19293	1	350	0	0	0	0	0	0
dDocent_Contig_19301	1	364	0	0	0	0	0	0
dDocent_Contig_19303	1	421	0	0	0	0	0	0
dDocent_Contig_19305	1	391	0	0	0	0	0	0
dDocent_Contig_19307	1	376	0	0	0	0	0	0
dDocent_Contig_19317	1	368	0	0	0	0	0	0
dDocent_Contig_19349	1	309	0	0	0	0	0	0
dDocent_Contig_19359	1	428	0	0	0	0	0	0
dDocent_Contig_19360	1	367	0	0	0	0	0	0
dDocent_Contig_19392	1	403	0	0	0	0	0	0
dDocent_Contig_19393	1	367	0	0	0	0	0	0
dDocent_Contig_19395	1	412	0	0	0	0	0	0
dDocent_Contig_19397	1	383	0	0	0	0	0	0
dDocent_Contig_19431	1	395	0	0	0	0	0	0
dDocent_Contig_19436	1	280	0	0	0	0	0	0
dDocent_Contig_19439	1	326	0	0	0	0	0	0
dDocent_Contig_19443	1	382	0	0	0	0	0	0
dDocent_Contig_19445	1	347	0	0	0	0	0	0
dDocent_Contig_19456	1	301	0	0	0	0	0	0
dDocent_Contig_19457	1	415	0	0	0	0	0	0
dDocent_Contig_19459	1	377	0	0	0	0	0	0
dDocent_Contig_19461	1	430	0	0	0	0	0	0
dDocent_Contig_19464	1	340	0	0	0	0	0	0
dDocent_Contig_19482	1	405	0	0	0	0	0	0
dDocent_Contig_19483	1	343	0	0	0	0	0	0
dDocent_Contig_19485	1	271	0	0	0	0	0	0
dDocent_Contig_19489	1	495	0	0	0	0	0	0
dDocent_Contig_19492	1	432	0	0	0	0	0	0
dDocent_Contig_19510	1	274	0	0	0	0	0	0
dDocent_Contig_19525	1	429	0	0	0	0	0	0
dDocent_Contig_19528	1	321	0	0	0	0	0	0
dDocent_Contig_19531	1	389	0	0	0	0	0	0
dDocent_Contig_19533	1	305	0	0	0	0	0	0
dDocent_Contig_19535	1	351	0	0	0	0	0	0
dDocent_Contig_19539	1	510	0	0	0	0	0	0
dDocent_Contig_19542	1	382	0	0	0	0	0	0
dDocent_Contig_19543	1	486	0	0	0	0	0	0
dDocent_Contig_19547	1	260	0	0	0	0	0	0
dDocent_Contig_19554	1	386	0	0	0	0	0	0
dDocent_Contig_19569	1	319	0	0	0	0	0	0
dDocent_Contig_19599	1	380	0	0	0	0	0	0
dDocent_Contig_19604	1	458	0	0	0	0	0	0
dDocent_Contig_19609	1	492	0	0	0	0	0	0
dDocent_Contig_19612	1	508	0	0	0	0	0	0
dDocent_Contig_19615	1	422	0	0	0	0	0	0
dDocent_Contig_19624	1	393	0	0	0	0	0	0
dDocent_Contig_19633	1	423	0	0	0	0	0	0
dDocent_Contig_19654	1	424	0	0	0	0	0	0
dDocent_Contig_19658	1	375	0	0	0	0	0	0
dDocent_Contig_19666	1	443	0	0	0	0	0	0
dDocent_Contig_19671	1	343	0	0	0	0	0	0
dDocent_Contig_19672	1	420	0	0	0	0	0	0
dDocent_Contig_19673	1	357	0	0	0	0	0	0
dDocent_Contig_19678	1	428	0	0	0	0	0	0
dDocent_Contig_19691	1	395	0	0	0	0	0	0
dDocent_Contig_19696	1	369	0	0	0	0	0	0
dDocent_Contig_19726	1	449	0	0	0	0	0	0
dDocent_Contig_19732	1	401	0	0	0	0	0	0
dDocent_Contig_19757	1	394	0	0	0	0	0	0
dDocent_Contig_19762	1	326	0	0	0	0	0	0
dDocent_Contig_19763	1	373	0	0	0	0	0	0
dDocent_Contig_19775	1	298	0	0	0	0	0	0
dDocent_Contig_19776	1	334	0	0	0	0	0	0
dDocent_Contig_19787	1	334	0	0	0	0	0	0
dDocent_Contig_19795	1	295	0	0	0	0	0	0
dDocent_Contig_19808	1	407	0	0	0	0	0	0
dDocent_Contig_19811	1	428	0	0	0	0	0	0
dDocent_Contig_19814	1	402	0	0	0	0	0	0
dDocent_Contig_19835	1	416	0	0	0	0	0	0
dDocent_Contig_19839	1	387	0	0	0	0	0	0
dDocent_Contig_19846	1	369	0	0	0	0	0	0
dDocent_Contig_19860	1	305	0	0	0	0	0	0
dDocent_Contig_19865	1	287	0	0	0	0	0	0
dDocent_Contig_19869	1	436	0	0	0	0	0	0
dDocent_Contig_19875	1	444	0	0	0	0	0	0
dDocent_Contig_19876	1	399	0	0	0	0	0	0
dDocent_Contig_19878	1	373	0	0	0	0	0	0
dDocent_Contig_19880	1	365	0	0	0	0	0	0
dDocent_Contig_19887	1	375	0	0	0	0	0	0
dDocent_Contig_19914	1	383	0	0	0	0	0	0
dDocent_Contig_19915	1	455	0	0	0	0	0	0
dDocent_Contig_19924	1	361	0	0	0	0	0	0
dDocent_Contig_19936	1	407	0	0	0	0	0	0
dDocent_Contig_19938	1	339	0	0	0	0	0	0
dDocent_Contig_19940	1	395	0	0	0	0	0	0
dDocent_Contig_19962	1	386	0	0	0	0	0	0
dDocent_Contig_19972	1	503	0	0	0	0	0	0
dDocent_Contig_19977	1	288	0	0	0	0	0	0
dDocent_Contig_19979	1	327	0	0	0	0	0	0
dDocent_Contig_19980	1	460	0	0	0	0	0	0
dDocent_Contig_19993	1	378	0	0	0	0	0	0
dDocent_Contig_19994	1	315	0	0	0	0	0	0
dDocent_Contig_19995	1	241	0	0	0	0	0	0
dDocent_Contig_19998	1	443	0	0	0	0	0	0
dDocent_Contig_19999	1	355	0	0	0	0	0	0
dDocent_Contig_20000	1	383	0	0	0	0	0	0
dDocent_Contig_20001	1	427	0	0	0	0	0	0
dDocent_Contig_20002	1	225	0	0	0	0	0	0
dDocent_Contig_20003	1	339	0	0	0	0	0	0
dDocent_Contig_20014	1	506	0	0	0	0	0	0
dDocent_Contig_20018	1	292	0	0	0	0	0	0
dDocent_Contig_20026	1	453	0	0	0	0	0	0
dDocent_Contig_20030	1	332	0	0	0	0	0	0
dDocent_Contig_20031	1	301	0	0	0	0	0	0
dDocent_Contig_20032	1	382	0	0	0	0	0	0
dDocent_Contig_20035	1	449	0	0	0	0	0	0
dDocent_Contig_20036	1	376	0	0	0	0	0	0
dDocent_Contig_20038	1	486	0	0	0	0	0	0
dDocent_Contig_20058	1	303	0	0	0	0	0	0
dDocent_Contig_20061	1	476	0	0	0	0	0	0
dDocent_Contig_20067	1	337	0	0	0	0	0	0
dDocent_Contig_20068	1	338	0	0	0	0	0	0
dDocent_Contig_20069	1	325	0	0	0	0	0	0
dDocent_Contig_20079	1	507	0	0	0	0	0	0
dDocent_Contig_20083	1	318	0	0	0	0	0	0
dDocent_Contig_20085	1	312	0	0	0	0	0	0
dDocent_Contig_20089	1	414	0	0	0	0	0	0
dDocent_Contig_20094	1	354	0	0	0	0	0	0
dDocent_Contig_20095	1	363	0	0	0	0	0	0
dDocent_Contig_20101	1	337	0	0	0	0	0	0
dDocent_Contig_20103	1	365	0	0	0	0	0	0
dDocent_Contig_20107	1	365	0	0	0	0	0	0
dDocent_Contig_20110	1	372	0	0	0	0	0	0
dDocent_Contig_20115	1	429	0	0	0	0	0	0
dDocent_Contig_20117	1	423	0	0	0	0	0	0
dDocent_Contig_20127	1	420	0	0	0	0	0	0
dDocent_Contig_20128	1	460	0	0	0	0	0	0
dDocent_Contig_20140	1	287	0	0	0	0	0	0
dDocent_Contig_20146	1	393	0	0	0	0	0	0
dDocent_Contig_20156	1	388	0	0	0	0	0	0
dDocent_Contig_20158	1	385	0	0	0	0	0	0
dDocent_Contig_20175	1	297	0	0	0	0	0	0
dDocent_Contig_20190	1	434	0	0	0	0	0	0
dDocent_Contig_20192	1	381	0	0	0	0	0	0
dDocent_Contig_20207	1	428	0	0	0	0	0	0
dDocent_Contig_20209	1	333	0	0	0	0	0	0
dDocent_Contig_20211	1	354	0	0	0	0	0	0
dDocent_Contig_20212	1	381	0	0	0	0	0	0
dDocent_Contig_20215	1	353	0	0	0	0	0	0
dDocent_Contig_20216	1	298	0	0	0	0	0	0
dDocent_Contig_20221	1	469	0	0	0	0	0	0
dDocent_Contig_20222	1	391	0	0	0	0	0	0
dDocent_Contig_20226	1	306	0	0	0	0	0	0
dDocent_Contig_20227	1	347	0	0	0	0	0	0
dDocent_Contig_20228	1	442	0	0	0	0	0	0
dDocent_Contig_20245	1	457	0	0	0	0	0	0
dDocent_Contig_20250	1	279	0	0	0	0	0	0
dDocent_Contig_20255	1	337	0	0	0	0	0	0
dDocent_Contig_20256	1	296	0	0	0	0	0	0
dDocent_Contig_20266	1	378	0	0	0	0	0	0
dDocent_Contig_20269	1	412	0	0	0	0	0	0
dDocent_Contig_20271	1	408	0	0	0	0	0	0
dDocent_Contig_20275	1	352	0	0	0	0	0	0
dDocent_Contig_20281	1	381	0	0	0	0	0	0
dDocent_Contig_20283	1	359	0	0	0	0	0	0
dDocent_Contig_20284	1	504	0	0	0	0	0	0
dDocent_Contig_20288	1	413	0	0	0	0	0	0
dDocent_Contig_20293	1	372	0	0	0	0	0	0
dDocent_Contig_20304	1	356	0	0	0	0	0	0
dDocent_Contig_20305	1	460	0	0	0	0	0	0
dDocent_Contig_20309	1	407	0	0	0	0	0	0
dDocent_Contig_20310	1	370	0	0	0	0	0	0
dDocent_Contig_20320	1	329	0	0	0	0	0	0
dDocent_Contig_20325	1	450	0	0	0	0	0	0
dDocent_Contig_20331	1	397	0	0	0	0	0	0
dDocent_Contig_20332	1	378	0	0	0	0	0	0
dDocent_Contig_20334	1	386	0	0	0	0	0	0
dDocent_Contig_20345	1	388	0	0	0	0	0	0
dDocent_Contig_20347	1	391	0	0	0	0	0	0
dDocent_Contig_20349	1	337	0	0	0	0	0	0
dDocent_Contig_20368	1	386	0	0	0	0	0	0
dDocent_Contig_20375	1	353	0	0	0	0	0	0
dDocent_Contig_20385	1	378	0	0	0	0	0	0
dDocent_Contig_20387	1	362	0	0	0	0	0	0
dDocent_Contig_20388	1	373	0	0	0	0	0	0
dDocent_Contig_20390	1	350	0	0	0	0	0	0
dDocent_Contig_20391	1	464	0	0	0	0	0	0
dDocent_Contig_20396	1	398	0	0	0	0	0	0
dDocent_Contig_20402	1	394	0	0	0	0	0	0
dDocent_Contig_20408	1	397	0	0	0	0	0	0
dDocent_Contig_20422	1	412	0	0	0	0	0	0
dDocent_Contig_20430	1	437	0	0	0	0	0	0
dDocent_Contig_20432	1	402	0	0	0	0	0	0
dDocent_Contig_20436	1	429	0	0	0	0	0	0
dDocent_Contig_20439	1	399	0	0	0	0	0	0
dDocent_Contig_20454	1	373	0	0	0	0	0	0
dDocent_Contig_20468	1	353	0	0	0	0	0	0
dDocent_Contig_20480	1	458	0	0	0	0	0	0
dDocent_Contig_20489	1	421	0	0	0	0	0	0
dDocent_Contig_20490	1	401	0	0	0	0	0	0
dDocent_Contig_20505	1	408	0	0	0	0	0	0
dDocent_Contig_20509	1	324	0	0	0	0	0	0
dDocent_Contig_20512	1	245	0	0	0	0	0	0
dDocent_Contig_20514	1	385	0	0	0	0	0	0
dDocent_Contig_20518	1	410	0	0	0	0	0	0
dDocent_Contig_20519	1	391	0	0	0	0	0	0
dDocent_Contig_20520	1	405	0	0	0	0	0	0
dDocent_Contig_20522	1	471	0	0	0	0	0	0
dDocent_Contig_20526	1	316	0	0	0	0	0	0
dDocent_Contig_20533	1	482	0	0	0	0	0	0
dDocent_Contig_20537	1	334	0	0	0	0	0	0
dDocent_Contig_20538	1	374	0	0	0	0	0	0
dDocent_Contig_20539	1	271	0	0	0	0	0	0
dDocent_Contig_20545	1	401	0	0	0	0	0	0
dDocent_Contig_20555	1	420	0	0	0	0	0	0
dDocent_Contig_20557	1	323	0	0	0	0	0	0
dDocent_Contig_20561	1	367	0	0	0	0	0	0
dDocent_Contig_20565	1	427	0	0	0	0	0	0
dDocent_Contig_20568	1	375	0	0	0	0	0	0
dDocent_Contig_20571	1	398	0	0	0	0	0	0
dDocent_Contig_20584	1	413	0	0	0	0	0	0
dDocent_Contig_20585	1	347	0	0	0	0	0	0
dDocent_Contig_20612	1	424	0	0	0	0	0	0
dDocent_Contig_20613	1	323	0	0	0	0	0	0
dDocent_Contig_20615	1	428	0	0	0	0	0	0
dDocent_Contig_20624	1	386	0	0	0	0	0	0
dDocent_Contig_20627	1	399	0	0	0	0	0	0
dDocent_Contig_20635	1	307	0	0	0	0	0	0
dDocent_Contig_20637	1	389	0	0	0	0	0	0
dDocent_Contig_20650	1	411	0	0	0	0	0	0
dDocent_Contig_20656	1	311	0	0	0	0	0	0
dDocent_Contig_20659	1	382	0	0	0	0	0	0
dDocent_Contig_20660	1	375	0	0	0	0	0	0
dDocent_Contig_20662	1	388	0	0	0	0	0	0
dDocent_Contig_20668	1	359	0	0	0	0	0	0
dDocent_Contig_20671	1	414	0	0	0	0	0	0
dDocent_Contig_20678	1	400	0	0	0	0	0	0
dDocent_Contig_20681	1	481	0	0	0	0	0	0
dDocent_Contig_20684	1	359	0	0	0	0	0	0
dDocent_Contig_20685	1	368	0	0	0	0	0	0
dDocent_Contig_20693	1	404	0	0	0	0	0	0
dDocent_Contig_20696	1	385	0	0	0	0	0	0
dDocent_Contig_20699	1	474	0	0	0	0	0	0
dDocent_Contig_20703	1	377	0	0	0	0	0	0
dDocent_Contig_20706	1	407	0	0	0	0	0	0
dDocent_Contig_20712	1	389	0	0	0	0	0	0
dDocent_Contig_20716	1	370	0	0	0	0	0	0
dDocent_Contig_20717	1	377	0	0	0	0	0	0
dDocent_Contig_20719	1	358	0	0	0	0	0	0
dDocent_Contig_20720	1	395	0	0	0	0	0	0
dDocent_Contig_20730	1	355	0	0	0	0	0	0
dDocent_Contig_20731	1	428	0	0	0	0	0	0
dDocent_Contig_20734	1	402	0	0	0	0	0	0
dDocent_Contig_20735	1	269	0	0	0	0	0	0
dDocent_Contig_20738	1	451	0	0	0	0	0	0
dDocent_Contig_20745	1	380	0	0	0	0	0	0
dDocent_Contig_20747	1	398	0	0	0	0	0	0
dDocent_Contig_20748	1	376	0	0	0	0	0	0
dDocent_Contig_20753	1	360	0	0	0	0	0	0
dDocent_Contig_20762	1	266	0	0	0	0	0	0
dDocent_Contig_20763	1	366	0	0	0	0	0	0
dDocent_Contig_20786	1	482	0	0	0	0	0	0
dDocent_Contig_20788	1	518	0	0	0	0	0	0
dDocent_Contig_20810	1	468	0	0	0	0	0	0
dDocent_Contig_20813	1	382	0	0	0	0	0	0
dDocent_Contig_20814	1	500	0	0	0	0	0	0
dDocent_Contig_20828	1	480	0	0	0	0	0	0
dDocent_Contig_20831	1	500	0	0	0	0	0	0
dDocent_Contig_20834	1	477	0	0	0	0	0	0
dDocent_Contig_20865	1	443	0	0	0	0	0	0
dDocent_Contig_20872	1	476	0	0	0	0	0	0
dDocent_Contig_20880	1	383	0	0	0	0	0	0
dDocent_Contig_20881	1	363	0	0	0	0	0	0
dDocent_Contig_20894	1	421	0	0	0	0	0	0
dDocent_Contig_20899	1	348	0	0	0	0	0	0
dDocent_Contig_20900	1	334	0	0	0	0	0	0
dDocent_Contig_20901	1	415	0	0	0	0	0	0
dDocent_Contig_20902	1	323	0	0	0	0	0	0
dDocent_Contig_20903	1	389	0	0	0	0	0	0
dDocent_Contig_20916	1	399	0	0	0	0	0	0
dDocent_Contig_20921	1	418	0	0	0	0	0	0
dDocent_Contig_20922	1	282	0	0	0	0	0	0
dDocent_Contig_20926	1	400	0	0	0	0	0	0
dDocent_Contig_20928	1	437	0	0	0	0	0	0
dDocent_Contig_20931	1	458	0	0	0	0	0	0
dDocent_Contig_20932	1	365	0	0	0	0	0	0
dDocent_Contig_20933	1	431	0	0	0	0	0	0
dDocent_Contig_20945	1	512	0	0	0	0	0	0
dDocent_Contig_20947	1	313	0	0	0	0	0	0
dDocent_Contig_20951	1	435	0	0	0	0	0	0
dDocent_Contig_20953	1	401	0	0	0	0	0	0
dDocent_Contig_20976	1	475	0	0	0	0	0	0
dDocent_Contig_20978	1	373	0	0	0	0	0	0
dDocent_Contig_20979	1	388	0	0	0	0	0	0
dDocent_Contig_20991	1	377	0	0	0	0	0	0
dDocent_Contig_20992	1	309	0	0	0	0	0	0
dDocent_Contig_20994	1	288	0	0	0	0	0	0
dDocent_Contig_21003	1	476	0	0	0	0	0	0
dDocent_Contig_21013	1	423	0	0	0	0	0	0
dDocent_Contig_21034	1	285	0	0	0	0	0	0
dDocent_Contig_21035	1	301	0	0	0	0	0	0
dDocent_Contig_21036	1	387	0	0	0	0	0	0
dDocent_Contig_21037	1	443	0	0	0	0	0	0
dDocent_Contig_21047	1	470	0	0	0	0	0	0
dDocent_Contig_21048	1	432	0	0	0	0	0	0
dDocent_Contig_21050	1	382	0	0	0	0	0	0
dDocent_Contig_21051	1	448	0	0	0	0	0	0
dDocent_Contig_21058	1	324	0	0	0	0	0	0
dDocent_Contig_21059	1	482	0	0	0	0	0	0
dDocent_Contig_21060	1	360	0	0	0	0	0	0
dDocent_Contig_21065	1	502	0	0	0	0	0	0
dDocent_Contig_21068	1	414	0	0	0	0	0	0
dDocent_Contig_21069	1	402	0	0	0	0	0	0
dDocent_Contig_21088	1	492	0	0	0	0	0	0
dDocent_Contig_21091	1	431	0	0	0	0	0	0
dDocent_Contig_21103	1	441	0	0	0	0	0	0
dDocent_Contig_21125	1	284	0	0	0	0	0	0
dDocent_Contig_21130	1	384	0	0	0	0	0	0
dDocent_Contig_21139	1	507	0	0	0	0	0	0
dDocent_Contig_21146	1	394	0	0	0	0	0	0
dDocent_Contig_21155	1	367	0	0	0	0	0	0
dDocent_Contig_21156	1	415	0	0	0	0	0	0
dDocent_Contig_21167	1	310	0	0	0	0	0	0
dDocent_Contig_21170	1	429	0	0	0	0	0	0
dDocent_Contig_21177	1	401	0	0	0	0	0	0
dDocent_Contig_21181	1	298	0	0	0	0	0	0
dDocent_Contig_21191	1	359	0	0	0	0	0	0
dDocent_Contig_21194	1	440	0	0	0	0	0	0
dDocent_Contig_21196	1	315	0	0	0	0	0	0
dDocent_Contig_21197	1	461	0	0	0	0	0	0
dDocent_Contig_21205	1	411	0	0	0	0	0	0
dDocent_Contig_21206	1	347	0	0	0	0	0	0
dDocent_Contig_21207	1	456	0	0	0	0	0	0
dDocent_Contig_21213	1	485	0	0	0	0	0	0
dDocent_Contig_21216	1	399	0	0	0	0	0	0
dDocent_Contig_21228	1	426	0	0	0	0	0	0
dDocent_Contig_21230	1	354	0	0	0	0	0	0
dDocent_Contig_21239	1	385	0	0	0	0	0	0
dDocent_Contig_21242	1	438	0	0	0	0	0	0
dDocent_Contig_21256	1	371	0	0	0	0	0	0
dDocent_Contig_21264	1	320	0	0	0	0	0	0
dDocent_Contig_21265	1	453	0	0	0	0	0	0
dDocent_Contig_21270	1	353	0	0	0	0	0	0
dDocent_Contig_21280	1	313	0	0	0	0	0	0
dDocent_Contig_21299	1	471	0	0	0	0	0	0
dDocent_Contig_21303	1	363	0	0	0	0	0	0
dDocent_Contig_21305	1	431	0	0	0	0	0	0
dDocent_Contig_21332	1	472	0	0	0	0	0	0
dDocent_Contig_21333	1	463	0	0	0	0	0	0
dDocent_Contig_21353	1	377	0	0	0	0	0	0
dDocent_Contig_21360	1	324	0	0	0	0	0	0
dDocent_Contig_21361	1	322	0	0	0	0	0	0
dDocent_Contig_21366	1	291	0	0	0	0	0	0
dDocent_Contig_21375	1	426	0	0	0	0	0	0
dDocent_Contig_21377	1	263	0	0	0	0	0	0
dDocent_Contig_21383	1	417	0	0	0	0	0	0
dDocent_Contig_21391	1	433	0	0	0	0	0	0
dDocent_Contig_21397	1	298	0	0	0	0	0	0
dDocent_Contig_21402	1	300	0	0	0	0	0	0
dDocent_Contig_21403	1	290	0	0	0	0	0	0
dDocent_Contig_21405	1	368	0	0	0	0	0	0
dDocent_Contig_21411	1	414	0	0	0	0	0	0
dDocent_Contig_21421	1	396	0	0	0	0	0	0
dDocent_Contig_21424	1	443	0	0	0	0	0	0
dDocent_Contig_21437	1	424	0	0	0	0	0	0
dDocent_Contig_21438	1	400	0	0	0	0	0	0
dDocent_Contig_21444	1	371	0	0	0	0	0	0
dDocent_Contig_21457	1	349	0	0	0	0	0	0
dDocent_Contig_21461	1	351	0	0	0	0	0	0
dDocent_Contig_21465	1	375	0	0	0	0	0	0
dDocent_Contig_21470	1	419	0	0	0	0	0	0
dDocent_Contig_21480	1	490	0	0	0	0	0	0
dDocent_Contig_21483	1	388	0	0	0	0	0	0
dDocent_Contig_21491	1	452	0	0	0	0	0	0
dDocent_Contig_21497	1	386	0	0	0	0	0	0
dDocent_Contig_21498	1	395	0	0	0	0	0	0
dDocent_Contig_21502	1	317	0	0	0	0	0	0
dDocent_Contig_21508	1	396	0	0	0	0	0	0
dDocent_Contig_21509	1	374	0	0	0	0	0	0
dDocent_Contig_21512	1	439	0	0	0	0	0	0
dDocent_Contig_21520	1	485	0	0	0	0	0	0
dDocent_Contig_21524	1	408	0	0	0	0	0	0
dDocent_Contig_21528	1	384	0	0	0	0	0	0
dDocent_Contig_21531	1	486	0	0	0	0	0	0
dDocent_Contig_21532	1	426	0	0	0	0	0	0
dDocent_Contig_21533	1	299	0	0	0	0	0	0
dDocent_Contig_21535	1	415	0	0	0	0	0	0
dDocent_Contig_21538	1	357	0	0	0	0	0	0
dDocent_Contig_21545	1	351	0	0	0	0	0	0
dDocent_Contig_21549	1	377	0	0	0	0	0	0
dDocent_Contig_21558	1	380	0	0	0	0	0	0
dDocent_Contig_21560	1	453	0	0	0	0	0	0
dDocent_Contig_21562	1	418	0	0	0	0	0	0
dDocent_Contig_21565	1	365	0	0	0	0	0	0
dDocent_Contig_21570	1	380	0	0	0	0	0	0
dDocent_Contig_21575	1	383	0	0	0	0	0	0
dDocent_Contig_21579	1	452	0	0	0	0	0	0
dDocent_Contig_21581	1	311	0	0	0	0	0	0
dDocent_Contig_21588	1	282	0	0	0	0	0	0
dDocent_Contig_21591	1	414	0	0	0	0	0	0
dDocent_Contig_21602	1	351	0	0	0	0	0	0
dDocent_Contig_21606	1	288	0	0	0	0	0	0
dDocent_Contig_21628	1	374	0	0	0	0	0	0
dDocent_Contig_21637	1	344	0	0	0	0	0	0
dDocent_Contig_21642	1	418	0	0	0	0	0	0
dDocent_Contig_21645	1	384	0	0	0	0	0	0
dDocent_Contig_21647	1	491	0	0	0	0	0	0
dDocent_Contig_21649	1	397	0	0	0	0	0	0
dDocent_Contig_21661	1	346	0	0	0	0	0	0
dDocent_Contig_21665	1	345	0	0	0	0	0	0
dDocent_Contig_21675	1	509	0	0	0	0	0	0
dDocent_Contig_21685	1	245	0	0	0	0	0	0
dDocent_Contig_21687	1	368	0	0	0	0	0	0
dDocent_Contig_21692	1	327	0	0	0	0	0	0
dDocent_Contig_21694	1	414	0	0	0	0	0	0
dDocent_Contig_21730	1	368	0	0	0	0	0	0
dDocent_Contig_21738	1	383	0	0	0	0	0	0
dDocent_Contig_21739	1	398	0	0	0	0	0	0
dDocent_Contig_21745	1	328	0	0	0	0	0	0
dDocent_Contig_21749	1	382	0	0	0	0	0	0
dDocent_Contig_21756	1	372	0	0	0	0	0	0
dDocent_Contig_21766	1	389	0	0	0	0	0	0
dDocent_Contig_21775	1	316	0	0	0	0	0	0
dDocent_Contig_21778	1	390	0	0	0	0	0	0
dDocent_Contig_21784	1	347	0	0	0	0	0	0
dDocent_Contig_21788	1	498	0	0	0	0	0	0
dDocent_Contig_21789	1	261	0	0	0	0	0	0
dDocent_Contig_21801	1	384	0	0	0	0	0	0
dDocent_Contig_21804	1	363	0	0	0	0	0	0
dDocent_Contig_21806	1	324	0	0	0	0	0	0
dDocent_Contig_21814	1	398	0	0	0	0	0	0
dDocent_Contig_21816	1	265	0	0	0	0	0	0
dDocent_Contig_21825	1	413	0	0	0	0	0	0
dDocent_Contig_21831	1	351	0	0	0	0	0	0
dDocent_Contig_21834	1	498	0	0	0	0	0	0
dDocent_Contig_21837	1	365	0	0	0	0	0	0
dDocent_Contig_21849	1	345	0	0	0	0	0	0
dDocent_Contig_21851	1	354	0	0	0	0	0	0
dDocent_Contig_21860	1	319	0	0	0	0	0	0
dDocent_Contig_21865	1	433	0	0	0	0	0	0
dDocent_Contig_21869	1	414	0	0	0	0	0	0
dDocent_Contig_21872	1	509	0	0	0	0	0	0
dDocent_Contig_21875	1	357	0	0	0	0	0	0
dDocent_Contig_21877	1	252	0	0	0	0	0	0
dDocent_Contig_21878	1	367	0	0	0	0	0	0
dDocent_Contig_21880	1	434	0	0	0	0	0	0
dDocent_Contig_21885	1	384	0	0	0	0	0	0
dDocent_Contig_21894	1	424	0	0	0	0	0	0
dDocent_Contig_21902	1	487	0	0	0	0	0	0
dDocent_Contig_21916	1	515	0	0	0	0	0	0
dDocent_Contig_21918	1	350	0	0	0	0	0	0
dDocent_Contig_21919	1	467	0	0	0	0	0	0
dDocent_Contig_21922	1	300	0	0	0	0	0	0
dDocent_Contig_21925	1	440	0	0	0	0	0	0
dDocent_Contig_21926	1	418	0	0	0	0	0	0
dDocent_Contig_21927	1	395	0	0	0	0	0	0
dDocent_Contig_21937	1	385	0	0	0	0	0	0
dDocent_Contig_21940	1	361	0	0	0	0	0	0
dDocent_Contig_21963	1	346	0	0	0	0	0	0
dDocent_Contig_21965	1	374	0	0	0	0	0	0
dDocent_Contig_21966	1	442	0	0	0	0	0	0
dDocent_Contig_21979	1	386	0	0	0	0	0	0
dDocent_Contig_21981	1	411	0	0	0	0	0	0
dDocent_Contig_21982	1	451	0	0	0	0	0	0
dDocent_Contig_21986	1	297	0	0	0	0	0	0
dDocent_Contig_21990	1	306	0	0	0	0	0	0
dDocent_Contig_21992	1	343	0	0	0	0	0	0
dDocent_Contig_21994	1	225	0	0	0	0	0	0
dDocent_Contig_21995	1	430	0	0	0	0	0	0
dDocent_Contig_22000	1	362	0	0	0	0	0	0
dDocent_Contig_22001	1	401	0	0	0	0	0	0
dDocent_Contig_22003	1	298	0	0	0	0	0	0
dDocent_Contig_22007	1	263	0	0	0	0	0	0
dDocent_Contig_22010	1	366	0	0	0	0	0	0
dDocent_Contig_22011	1	381	0	0	0	0	0	0
dDocent_Contig_22015	1	353	0	0	0	0	0	0
dDocent_Contig_22016	1	312	0	0	0	0	0	0
dDocent_Contig_22024	1	297	0	0	0	0	0	0
dDocent_Contig_22025	1	384	0	0	0	0	0	0
dDocent_Contig_22026	1	425	0	0	0	0	0	0
dDocent_Contig_22027	1	384	0	0	0	0	0	0
dDocent_Contig_22029	1	261	0	0	0	0	0	0
dDocent_Contig_22041	1	321	0	0	0	0	0	0
dDocent_Contig_22047	1	392	0	0	0	0	0	0
dDocent_Contig_22053	1	337	0	0	0	0	0	0
dDocent_Contig_22059	1	441	0	0	0	0	0	0
dDocent_Contig_22060	1	481	0	0	0	0	0	0
dDocent_Contig_22062	1	428	0	0	0	0	0	0
dDocent_Contig_22069	1	414	0	0	0	0	0	0
dDocent_Contig_22072	1	471	0	0	0	0	0	0
dDocent_Contig_22075	1	408	0	0	0	0	0	0
dDocent_Contig_22077	1	398	0	0	0	0	0	0
dDocent_Contig_22082	1	321	0	0	0	0	0	0
dDocent_Contig_22096	1	462	0	0	0	0	0	0
dDocent_Contig_22098	1	404	0	0	0	0	0	0
dDocent_Contig_22101	1	419	0	0	0	0	0	0
dDocent_Contig_22108	1	381	0	0	0	0	0	0
dDocent_Contig_22110	1	337	0	0	0	0	0	0
dDocent_Contig_22111	1	388	0	0	0	0	0	0
dDocent_Contig_22113	1	401	0	0	0	0	0	0
dDocent_Contig_22115	1	318	0	0	0	0	0	0
dDocent_Contig_22134	1	442	0	0	0	0	0	0
dDocent_Contig_22137	1	436	0	0	0	0	0	0
dDocent_Contig_22139	1	493	0	0	0	0	0	0
dDocent_Contig_22155	1	421	0	0	0	0	0	0
dDocent_Contig_22158	1	463	0	0	0	0	0	0
dDocent_Contig_22164	1	374	0	0	0	0	0	0
dDocent_Contig_22178	1	385	0	0	0	0	0	0
dDocent_Contig_22190	1	488	0	0	0	0	0	0
dDocent_Contig_22192	1	275	0	0	0	0	0	0
dDocent_Contig_22195	1	338	0	0	0	0	0	0
dDocent_Contig_22198	1	300	0	0	0	0	0	0
dDocent_Contig_22199	1	498	0	0	0	0	0	0
dDocent_Contig_22203	1	435	0	0	0	0	0	0
dDocent_Contig_22206	1	460	0	0	0	0	0	0
dDocent_Contig_22214	1	430	0	0	0	0	0	0
dDocent_Contig_22218	1	294	0	0	0	0	0	0
dDocent_Contig_22222	1	449	0	0	0	0	0	0
dDocent_Contig_22227	1	395	0	0	0	0	0	0
dDocent_Contig_22228	1	254	0	0	0	0	0	0
dDocent_Contig_22229	1	454	0	0	0	0	0	0
dDocent_Contig_22240	1	479	0	0	0	0	0	0
dDocent_Contig_22254	1	401	0	0	0	0	0	0
dDocent_Contig_22255	1	370	0	0	0	0	0	0
dDocent_Contig_22258	1	340	0	0	0	0	0	0
dDocent_Contig_22260	1	480	0	0	0	0	0	0
dDocent_Contig_22261	1	419	0	0	0	0	0	0
dDocent_Contig_22265	1	436	0	0	0	0	0	0
dDocent_Contig_22268	1	406	0	0	0	0	0	0
dDocent_Contig_22269	1	425	0	0	0	0	0	0
dDocent_Contig_22273	1	395	0	0	0	0	0	0
dDocent_Contig_22275	1	403	0	0	0	0	0	0
dDocent_Contig_22280	1	285	0	0	0	0	0	0
dDocent_Contig_22281	1	419	0	0	0	0	0	0
dDocent_Contig_22283	1	405	0	0	0	0	0	0
dDocent_Contig_22284	1	360	0	0	0	0	0	0
dDocent_Contig_22290	1	373	0	0	0	0	0	0
dDocent_Contig_22304	1	397	0	0	0	0	0	0
dDocent_Contig_22311	1	344	0	0	0	0	0	0
dDocent_Contig_22312	1	454	0	0	0	0	0	0
dDocent_Contig_22315	1	229	0	0	0	0	0	0
dDocent_Contig_22326	1	445	0	0	0	0	0	0
dDocent_Contig_22328	1	300	0	0	0	0	0	0
dDocent_Contig_22334	1	439	0	0	0	0	0	0
dDocent_Contig_22336	1	318	0	0	0	0	0	0
dDocent_Contig_22337	1	377	0	0	0	0	0	0
dDocent_Contig_22343	1	367	0	0	0	0	0	0
dDocent_Contig_22347	1	423	0	0	0	0	0	0
dDocent_Contig_22349	1	290	0	0	0	0	0	0
dDocent_Contig_22351	1	373	0	0	0	0	0	0
dDocent_Contig_22352	1	475	0	0	0	0	0	0
dDocent_Contig_22360	1	345	0	0	0	0	0	0
dDocent_Contig_22363	1	381	0	0	0	0	0	0
dDocent_Contig_22365	1	396	0	0	0	0	0	0
dDocent_Contig_22369	1	403	0	0	0	0	0	0
dDocent_Contig_22376	1	317	0	0	0	0	0	0
dDocent_Contig_22377	1	371	0	0	0	0	0	0
dDocent_Contig_22379	1	306	0	0	0	0	0	0
dDocent_Contig_22381	1	395	0	0	0	0	0	0
dDocent_Contig_22386	1	419	0	0	0	0	0	0
dDocent_Contig_22390	1	438	0	0	0	0	0	0
dDocent_Contig_22400	1	376	0	0	0	0	0	0
dDocent_Contig_22408	1	434	0	0	0	0	0	0
dDocent_Contig_22413	1	382	0	0	0	0	0	0
dDocent_Contig_22415	1	385	0	0	0	0	0	0
dDocent_Contig_22419	1	417	0	0	0	0	0	0
dDocent_Contig_22422	1	424	0	0	0	0	0	0
dDocent_Contig_22424	1	453	0	0	0	0	0	0
dDocent_Contig_22425	1	425	0	0	0	0	0	0
dDocent_Contig_22428	1	318	0	0	0	0	0	0
dDocent_Contig_22431	1	435	0	0	0	0	0	0
dDocent_Contig_22442	1	318	0	0	0	0	0	0
dDocent_Contig_22443	1	491	0	0	0	0	0	0
dDocent_Contig_22444	1	403	0	0	0	0	0	0
dDocent_Contig_22446	1	257	0	0	0	0	0	0
dDocent_Contig_22455	1	399	0	0	0	0	0	0
dDocent_Contig_22458	1	469	0	0	0	0	0	0
dDocent_Contig_22462	1	383	0	0	0	0	0	0
dDocent_Contig_22465	1	415	0	0	0	0	0	0
dDocent_Contig_22467	1	401	0	0	0	0	0	0
dDocent_Contig_22468	1	393	0	0	0	0	0	0
dDocent_Contig_22469	1	362	0	0	0	0	0	0
dDocent_Contig_22482	1	391	0	0	0	0	0	0
dDocent_Contig_22485	1	393	0	0	0	0	0	0
dDocent_Contig_22488	1	395	0	0	0	0	0	0
dDocent_Contig_22492	1	386	0	0	0	0	0	0
dDocent_Contig_22493	1	469	0	0	0	0	0	0
dDocent_Contig_22495	1	440	0	0	0	0	0	0
dDocent_Contig_22498	1	490	0	0	0	0	0	0
dDocent_Contig_22499	1	336	0	0	0	0	0	0
dDocent_Contig_22501	1	385	0	0	0	0	0	0
dDocent_Contig_22503	1	418	0	0	0	0	0	0
dDocent_Contig_22509	1	357	0	0	0	0	0	0
dDocent_Contig_22510	1	473	0	0	0	0	0	0
dDocent_Contig_22516	1	326	0	0	0	0	0	0
dDocent_Contig_22518	1	371	0	0	0	0	0	0
dDocent_Contig_22523	1	275	0	0	0	0	0	0
dDocent_Contig_22533	1	394	0	0	0	0	0	0
dDocent_Contig_22538	1	400	0	0	0	0	0	0
dDocent_Contig_22544	1	398	0	0	0	0	0	0
dDocent_Contig_22559	1	404	0	0	0	0	0	0
dDocent_Contig_22565	1	440	0	0	0	0	0	0
dDocent_Contig_22571	1	466	0	0	0	0	0	0
dDocent_Contig_22572	1	383	0	0	0	0	0	0
dDocent_Contig_22580	1	410	0	0	0	0	0	0
dDocent_Contig_22602	1	384	0	0	0	0	0	0
dDocent_Contig_22603	1	456	0	0	0	0	0	0
dDocent_Contig_22605	1	458	0	0	0	0	0	0
dDocent_Contig_22610	1	433	0	0	0	0	0	0
dDocent_Contig_22613	1	497	0	0	0	0	0	0
dDocent_Contig_22616	1	426	0	0	0	0	0	0
dDocent_Contig_22630	1	427	0	0	0	0	0	0
dDocent_Contig_22631	1	380	0	0	0	0	0	0
dDocent_Contig_22637	1	400	0	0	0	0	0	0
dDocent_Contig_22640	1	313	0	0	0	0	0	0
dDocent_Contig_22646	1	415	0	0	0	0	0	0
dDocent_Contig_22651	1	431	0	0	0	0	0	0
dDocent_Contig_22665	1	296	0	0	0	0	0	0
dDocent_Contig_22669	1	358	0	0	0	0	0	0
dDocent_Contig_22671	1	374	0	0	0	0	0	0
dDocent_Contig_22680	1	383	0	0	0	0	0	0
dDocent_Contig_22694	1	417	0	0	0	0	0	0
dDocent_Contig_22696	1	366	0	0	0	0	0	0
dDocent_Contig_22698	1	426	0	0	0	0	0	0
dDocent_Contig_22700	1	425	0	0	0	0	0	0
dDocent_Contig_22701	1	410	0	0	0	0	0	0
dDocent_Contig_22702	1	414	0	0	0	0	0	0
dDocent_Contig_22705	1	411	0	0	0	0	0	0
dDocent_Contig_22708	1	405	0	0	0	0	0	0
dDocent_Contig_22712	1	338	0	0	0	0	0	0
dDocent_Contig_22714	1	323	0	0	0	0	0	0
dDocent_Contig_22716	1	357	0	0	0	0	0	0
dDocent_Contig_22718	1	240	0	0	0	0	0	0
dDocent_Contig_22719	1	292	0	0	0	0	0	0
dDocent_Contig_22723	1	373	0	0	0	0	0	0
dDocent_Contig_22731	1	467	0	0	0	0	0	0
dDocent_Contig_22733	1	327	0	0	0	0	0	0
dDocent_Contig_22735	1	403	0	0	0	0	0	0
dDocent_Contig_22740	1	492	0	0	0	0	0	0
dDocent_Contig_22742	1	357	0	0	0	0	0	0
dDocent_Contig_22743	1	381	0	0	0	0	0	0
dDocent_Contig_22744	1	470	0	0	0	0	0	0
dDocent_Contig_22746	1	401	0	0	0	0	0	0
dDocent_Contig_22748	1	450	0	0	0	0	0	0
dDocent_Contig_22749	1	247	0	0	0	0	0	0
dDocent_Contig_22757	1	331	0	0	0	0	0	0
dDocent_Contig_22758	1	417	0	0	0	0	0	0
dDocent_Contig_22761	1	282	0	0	0	0	0	0
dDocent_Contig_22764	1	373	0	0	0	0	0	0
dDocent_Contig_22765	1	331	0	0	0	0	0	0
dDocent_Contig_22769	1	411	0	0	0	0	0	0
dDocent_Contig_22771	1	260	0	0	0	0	0	0
dDocent_Contig_22779	1	477	0	0	0	0	0	0
dDocent_Contig_22781	1	398	0	0	0	0	0	0
dDocent_Contig_22784	1	396	0	0	0	0	0	0
dDocent_Contig_22785	1	430	0	0	0	0	0	0
dDocent_Contig_22786	1	448	0	0	0	0	0	0
dDocent_Contig_22808	1	512	0	0	0	0	0	0
dDocent_Contig_22811	1	383	0	0	0	0	0	0
dDocent_Contig_22815	1	486	0	0	0	0	0	0
dDocent_Contig_22819	1	448	0	0	0	0	0	0
dDocent_Contig_22822	1	474	0	0	0	0	0	0
dDocent_Contig_22824	1	421	0	0	0	0	0	0
dDocent_Contig_22826	1	406	0	0	0	0	0	0
dDocent_Contig_22836	1	298	0	0	0	0	0	0
dDocent_Contig_22839	1	352	0	0	0	0	0	0
dDocent_Contig_22841	1	363	0	0	0	0	0	0
dDocent_Contig_22842	1	487	0	0	0	0	0	0
dDocent_Contig_22844	1	476	0	0	0	0	0	0
dDocent_Contig_22847	1	468	0	0	0	0	0	0
dDocent_Contig_22856	1	418	0	0	0	0	0	0
dDocent_Contig_22860	1	440	0	0	0	0	0	0
dDocent_Contig_22865	1	318	0	0	0	0	0	0
dDocent_Contig_22877	1	411	0	0	0	0	0	0
dDocent_Contig_22889	1	402	0	0	0	0	0	0
dDocent_Contig_22908	1	280	0	0	0	0	0	0
dDocent_Contig_22917	1	279	0	0	0	0	0	0
dDocent_Contig_22925	1	361	0	0	0	0	0	0
dDocent_Contig_22932	1	368	0	0	0	0	0	0
dDocent_Contig_22936	1	248	0	0	0	0	0	0
dDocent_Contig_22939	1	380	0	0	0	0	0	0
dDocent_Contig_22942	1	476	0	0	0	0	0	0
dDocent_Contig_22947	1	386	0	0	0	0	0	0
dDocent_Contig_22949	1	396	0	0	0	0	0	0
dDocent_Contig_22951	1	447	0	0	0	0	0	0
dDocent_Contig_22959	1	341	0	0	0	0	0	0
dDocent_Contig_22960	1	303	0	0	0	0	0	0
dDocent_Contig_22966	1	306	0	0	0	0	0	0
dDocent_Contig_22976	1	369	0	0	0	0	0	0
dDocent_Contig_22980	1	401	0	0	0	0	0	0
dDocent_Contig_22985	1	293	0	0	0	0	0	0
dDocent_Contig_22986	1	375	0	0	0	0	0	0
dDocent_Contig_22990	1	429	0	0	0	0	0	0
dDocent_Contig_22991	1	482	0	0	0	0	0	0
dDocent_Contig_22995	1	362	0	0	0	0	0	0
dDocent_Contig_22998	1	393	0	0	0	0	0	0
dDocent_Contig_23002	1	289	0	0	0	0	0	0
dDocent_Contig_23003	1	363	0	0	0	0	0	0
dDocent_Contig_23005	1	277	0	0	0	0	0	0
dDocent_Contig_23006	1	359	0	0	0	0	0	0
dDocent_Contig_23007	1	347	0	0	0	0	0	0
dDocent_Contig_23012	1	346	0	0	0	0	0	0
dDocent_Contig_23014	1	434	0	0	0	0	0	0
dDocent_Contig_23015	1	425	0	0	0	0	0	0
dDocent_Contig_23016	1	336	0	0	0	0	0	0
dDocent_Contig_23027	1	333	0	0	0	0	0	0
dDocent_Contig_23034	1	480	0	0	0	0	0	0
dDocent_Contig_23035	1	452	0	0	0	0	0	0
dDocent_Contig_23038	1	334	0	0	0	0	0	0
dDocent_Contig_23040	1	475	0	0	0	0	0	0
dDocent_Contig_23045	1	357	0	0	0	0	0	0
dDocent_Contig_23046	1	488	0	0	0	0	0	0
dDocent_Contig_23048	1	457	0	0	0	0	0	0
dDocent_Contig_23054	1	443	0	0	0	0	0	0
dDocent_Contig_23062	1	376	0	0	0	0	0	0
dDocent_Contig_23064	1	402	0	0	0	0	0	0
dDocent_Contig_23066	1	413	0	0	0	0	0	0
dDocent_Contig_23071	1	290	0	0	0	0	0	0
dDocent_Contig_23072	1	447	0	0	0	0	0	0
dDocent_Contig_23074	1	288	0	0	0	0	0	0
dDocent_Contig_23085	1	444	0	0	0	0	0	0
dDocent_Contig_23086	1	434	0	0	0	0	0	0
dDocent_Contig_23092	1	391	0	0	0	0	0	0
dDocent_Contig_23094	1	291	0	0	0	0	0	0
dDocent_Contig_23095	1	390	0	0	0	0	0	0
dDocent_Contig_23099	1	373	0	0	0	0	0	0
dDocent_Contig_23106	1	439	0	0	0	0	0	0
dDocent_Contig_23108	1	415	0	0	0	0	0	0
dDocent_Contig_23115	1	370	0	0	0	0	0	0
dDocent_Contig_23118	1	415	0	0	0	0	0	0
dDocent_Contig_23125	1	378	0	0	0	0	0	0
dDocent_Contig_23181	1	416	0	0	0	0	0	0
dDocent_Contig_23182	1	313	0	0	0	0	0	0
dDocent_Contig_23185	1	304	0	0	0	0	0	0
dDocent_Contig_23191	1	451	0	0	0	0	0	0
dDocent_Contig_23192	1	456	0	0	0	0	0	0
dDocent_Contig_23193	1	474	0	0	0	0	0	0
dDocent_Contig_23195	1	390	0	0	0	0	0	0
dDocent_Contig_23196	1	323	0	0	0	0	0	0
dDocent_Contig_23197	1	379	0	0	0	0	0	0
dDocent_Contig_23204	1	390	0	0	0	0	0	0
dDocent_Contig_23205	1	381	0	0	0	0	0	0
dDocent_Contig_23208	1	338	0	0	0	0	0	0
dDocent_Contig_23211	1	478	0	0	0	0	0	0
dDocent_Contig_23212	1	423	0	0	0	0	0	0
dDocent_Contig_23218	1	378	0	0	0	0	0	0
dDocent_Contig_23220	1	452	0	0	0	0	0	0
dDocent_Contig_23223	1	400	0	0	0	0	0	0
dDocent_Contig_23225	1	336	0	0	0	0	0	0
dDocent_Contig_23232	1	468	0	0	0	0	0	0
dDocent_Contig_23237	1	317	0	0	0	0	0	0
dDocent_Contig_23240	1	470	0	0	0	0	0	0
dDocent_Contig_23243	1	310	0	0	0	0	0	0
dDocent_Contig_23246	1	354	0	0	0	0	0	0
dDocent_Contig_23247	1	348	0	0	0	0	0	0
dDocent_Contig_23255	1	433	0	0	0	0	0	0
dDocent_Contig_23257	1	450	0	0	0	0	0	0
dDocent_Contig_23258	1	428	0	0	0	0	0	0
dDocent_Contig_23262	1	450	0	0	0	0	0	0
dDocent_Contig_23263	1	380	0	0	0	0	0	0
dDocent_Contig_23264	1	235	0	0	0	0	0	0
dDocent_Contig_23265	1	397	0	0	0	0	0	0
dDocent_Contig_23275	1	372	0	0	0	0	0	0
dDocent_Contig_23278	1	394	0	0	0	0	0	0
dDocent_Contig_23280	1	339	0	0	0	0	0	0
dDocent_Contig_23292	1	364	0	0	0	0	0	0
dDocent_Contig_23293	1	364	0	0	0	0	0	0
dDocent_Contig_23302	1	469	0	0	0	0	0	0
dDocent_Contig_23305	1	412	0	0	0	0	0	0
dDocent_Contig_23307	1	361	0	0	0	0	0	0
dDocent_Contig_23309	1	391	0	0	0	0	0	0
dDocent_Contig_23310	1	268	0	0	0	0	0	0
dDocent_Contig_23313	1	226	0	0	0	0	0	0
dDocent_Contig_23317	1	378	0	0	0	0	0	0
dDocent_Contig_23333	1	393	0	0	0	0	0	0
dDocent_Contig_23336	1	399	0	0	0	0	0	0
dDocent_Contig_23337	1	296	0	0	0	0	0	0
dDocent_Contig_23339	1	344	0	0	0	0	0	0
dDocent_Contig_23345	1	451	0	0	0	0	0	0
dDocent_Contig_23346	1	394	0	0	0	0	0	0
dDocent_Contig_23349	1	497	0	0	0	0	0	0
dDocent_Contig_23354	1	500	0	0	0	0	0	0
dDocent_Contig_23359	1	334	0	0	0	0	0	0
dDocent_Contig_23363	1	306	0	0	0	0	0	0
dDocent_Contig_23364	1	309	0	0	0	0	0	0
dDocent_Contig_23367	1	380	0	0	0	0	0	0
dDocent_Contig_23373	1	400	0	0	0	0	0	0
dDocent_Contig_23376	1	357	0	0	0	0	0	0
dDocent_Contig_23380	1	351	0	0	0	0	0	0
dDocent_Contig_23383	1	413	0	0	0	0	0	0
dDocent_Contig_23385	1	232	0	0	0	0	0	0
dDocent_Contig_23386	1	444	0	0	0	0	0	0
dDocent_Contig_23390	1	421	0	0	0	0	0	0
dDocent_Contig_23394	1	443	0	0	0	0	0	0
dDocent_Contig_23400	1	408	0	0	0	0	0	0
dDocent_Contig_23405	1	328	0	0	0	0	0	0
dDocent_Contig_23415	1	411	0	0	0	0	0	0
dDocent_Contig_23442	1	229	0	0	0	0	0	0
dDocent_Contig_23445	1	372	0	0	0	0	0	0
dDocent_Contig_23447	1	426	0	0	0	0	0	0
dDocent_Contig_23453	1	379	0	0	0	0	0	0
dDocent_Contig_23456	1	426	0	0	0	0	0	0
dDocent_Contig_23465	1	333	0	0	0	0	0	0
dDocent_Contig_23467	1	347	0	0	0	0	0	0
dDocent_Contig_23472	1	277	0	0	0	0	0	0
dDocent_Contig_23479	1	321	0	0	0	0	0	0
dDocent_Contig_23480	1	267	0	0	0	0	0	0
dDocent_Contig_23542	1	374	0	0	0	0	0	0
dDocent_Contig_23545	1	382	0	0	0	0	0	0
dDocent_Contig_23549	1	383	0	0	0	0	0	0
dDocent_Contig_23550	1	395	0	0	0	0	0	0
dDocent_Contig_23551	1	394	0	0	0	0	0	0
dDocent_Contig_23555	1	351	0	0	0	0	0	0
dDocent_Contig_23556	1	405	0	0	0	0	0	0
dDocent_Contig_23567	1	433	0	0	0	0	0	0
dDocent_Contig_23581	1	455	0	0	0	0	0	0
dDocent_Contig_23583	1	373	0	0	0	0	0	0
dDocent_Contig_23585	1	435	0	0	0	0	0	0
dDocent_Contig_23587	1	364	0	0	0	0	0	0
dDocent_Contig_23588	1	360	0	0	0	0	0	0
dDocent_Contig_23592	1	268	0	0	0	0	0	0
dDocent_Contig_23594	1	393	0	0	0	0	0	0
dDocent_Contig_23599	1	358	0	0	0	0	0	0
dDocent_Contig_23602	1	325	0	0	0	0	0	0
dDocent_Contig_23604	1	394	0	0	0	0	0	0
dDocent_Contig_23605	1	437	0	0	0	0	0	0
dDocent_Contig_23607	1	360	0	0	0	0	0	0
dDocent_Contig_23611	1	394	0	0	0	0	0	0
dDocent_Contig_23613	1	353	0	0	0	0	0	0
dDocent_Contig_23615	1	414	0	0	0	0	0	0
dDocent_Contig_23631	1	445	0	0	0	0	0	0
dDocent_Contig_23635	1	333	0	0	0	0	0	0
dDocent_Contig_23636	1	299	0	0	0	0	0	0
dDocent_Contig_23637	1	479	0	0	0	0	0	0
dDocent_Contig_23638	1	407	0	0	0	0	0	0
dDocent_Contig_23640	1	391	0	0	0	0	0	0
dDocent_Contig_23646	1	396	0	0	0	0	0	0
dDocent_Contig_23649	1	361	0	0	0	0	0	0
dDocent_Contig_23650	1	438	0	0	0	0	0	0
dDocent_Contig_23669	1	298	0	0	0	0	0	0
dDocent_Contig_23674	1	290	0	0	0	0	0	0
dDocent_Contig_23680	1	382	0	0	0	0	0	0
dDocent_Contig_23684	1	441	0	0	0	0	0	0
dDocent_Contig_23685	1	248	0	0	0	0	0	0
dDocent_Contig_23690	1	461	0	0	0	0	0	0
dDocent_Contig_23692	1	382	0	0	0	0	0	0
dDocent_Contig_23697	1	286	0	0	0	0	0	0
dDocent_Contig_23698	1	429	0	0	0	0	0	0
dDocent_Contig_23705	1	455	0	0	0	0	0	0
dDocent_Contig_23706	1	391	0	0	0	0	0	0
dDocent_Contig_23715	1	431	0	0	0	0	0	0
dDocent_Contig_23730	1	359	0	0	0	0	0	0
dDocent_Contig_23737	1	393	0	0	0	0	0	0
dDocent_Contig_23745	1	270	0	0	0	0	0	0
dDocent_Contig_23746	1	419	0	0	0	0	0	0
dDocent_Contig_23769	1	329	0	0	0	0	0	0
dDocent_Contig_23780	1	445	0	0	0	0	0	0
dDocent_Contig_23785	1	376	0	0	0	0	0	0
dDocent_Contig_23787	1	367	0	0	0	0	0	0
dDocent_Contig_23788	1	325	0	0	0	0	0	0
dDocent_Contig_23792	1	333	0	0	0	0	0	0
dDocent_Contig_23793	1	308	0	0	0	0	0	0
dDocent_Contig_23796	1	378	0	0	0	0	0	0
dDocent_Contig_23798	1	374	0	0	0	0	0	0
dDocent_Contig_23800	1	332	0	0	0	0	0	0
dDocent_Contig_23801	1	335	0	0	0	0	0	0
dDocent_Contig_23805	1	400	0	0	0	0	0	0
dDocent_Contig_23813	1	404	0	0	0	0	0	0
dDocent_Contig_23816	1	419	0	0	0	0	0	0
dDocent_Contig_23817	1	384	0	0	0	0	0	0
dDocent_Contig_23825	1	316	0	0	0	0	0	0
dDocent_Contig_23827	1	404	0	0	0	0	0	0
dDocent_Contig_23830	1	388	0	0	0	0	0	0
dDocent_Contig_23841	1	399	0	0	0	0	0	0
dDocent_Contig_23851	1	384	0	0	0	0	0	0
dDocent_Contig_23859	1	382	0	0	0	0	0	0
dDocent_Contig_23863	1	428	0	0	0	0	0	0
dDocent_Contig_23871	1	384	0	0	0	0	0	0
dDocent_Contig_23891	1	475	0	0	0	0	0	0
dDocent_Contig_23913	1	420	0	0	0	0	0	0
dDocent_Contig_23920	1	327	0	0	0	0	0	0
dDocent_Contig_23923	1	499	0	0	0	0	0	0
dDocent_Contig_23927	1	372	0	0	0	0	0	0
dDocent_Contig_23929	1	342	0	0	0	0	0	0
dDocent_Contig_23941	1	395	0	0	0	0	0	0
dDocent_Contig_23943	1	369	0	0	0	0	0	0
dDocent_Contig_23944	1	491	0	0	0	0	0	0
dDocent_Contig_23945	1	386	0	0	0	0	0	0
dDocent_Contig_23954	1	389	0	0	0	0	0	0
dDocent_Contig_23956	1	331	0	0	0	0	0	0
dDocent_Contig_23963	1	429	0	0	0	0	0	0
dDocent_Contig_23965	1	373	0	0	0	0	0	0
dDocent_Contig_23973	1	429	0	0	0	0	0	0
dDocent_Contig_23977	1	249	0	0	0	0	0	0
dDocent_Contig_23979	1	410	0	0	0	0	0	0
dDocent_Contig_23983	1	465	0	0	0	0	0	0
dDocent_Contig_23990	1	379	0	0	0	0	0	0
dDocent_Contig_23994	1	311	0	0	0	0	0	0
dDocent_Contig_23997	1	371	0	0	0	0	0	0
dDocent_Contig_24002	1	504	0	0	0	0	0	0
dDocent_Contig_24004	1	285	0	0	0	0	0	0
dDocent_Contig_24005	1	326	0	0	0	0	0	0
dDocent_Contig_24009	1	440	0	0	0	0	0	0
dDocent_Contig_24013	1	479	0	0	0	0	0	0
dDocent_Contig_24014	1	389	0	0	0	0	0	0
dDocent_Contig_24017	1	363	0	0	0	0	0	0
dDocent_Contig_24019	1	324	0	0	0	0	0	0
dDocent_Contig_24022	1	384	0	0	0	0	0	0
dDocent_Contig_24029	1	415	0	0	0	0	0	0
dDocent_Contig_24030	1	320	0	0	0	0	0	0
dDocent_Contig_24034	1	451	0	0	0	0	0	0
dDocent_Contig_24052	1	319	0	0	0	0	0	0
dDocent_Contig_24056	1	333	0	0	0	0	0	0
dDocent_Contig_24057	1	397	0	0	0	0	0	0
dDocent_Contig_24068	1	460	0	0	0	0	0	0
dDocent_Contig_24079	1	472	0	0	0	0	0	0
dDocent_Contig_24088	1	272	0	0	0	0	0	0
dDocent_Contig_24089	1	487	0	0	0	0	0	0
dDocent_Contig_24096	1	354	0	0	0	0	0	0
dDocent_Contig_24099	1	356	0	0	0	0	0	0
dDocent_Contig_24200	1	336	0	0	0	0	0	0
dDocent_Contig_24201	1	409	0	0	0	0	0	0
dDocent_Contig_24203	1	368	0	0	0	0	0	0
dDocent_Contig_24228	1	372	0	0	0	0	0	0
dDocent_Contig_24230	1	347	0	0	0	0	0	0
dDocent_Contig_24233	1	347	0	0	0	0	0	0
dDocent_Contig_24242	1	324	0	0	0	0	0	0
dDocent_Contig_24251	1	348	0	0	0	0	0	0
dDocent_Contig_24258	1	289	0	0	0	0	0	0
dDocent_Contig_24277	1	427	0	0	0	0	0	0
dDocent_Contig_24280	1	460	0	0	0	0	0	0
dDocent_Contig_24284	1	494	0	0	0	0	0	0
dDocent_Contig_24291	1	374	0	0	0	0	0	0
dDocent_Contig_24293	1	358	0	0	0	0	0	0
dDocent_Contig_24299	1	339	0	0	0	0	0	0
dDocent_Contig_24302	1	421	0	0	0	0	0	0
dDocent_Contig_24303	1	473	0	0	0	0	0	0
dDocent_Contig_24310	1	347	0	0	0	0	0	0
dDocent_Contig_24312	1	321	0	0	0	0	0	0
dDocent_Contig_24314	1	453	0	0	0	0	0	0
dDocent_Contig_24315	1	247	0	0	0	0	0	0
dDocent_Contig_24317	1	393	0	0	0	0	0	0
dDocent_Contig_24319	1	431	0	0	0	0	0	0
dDocent_Contig_24325	1	436	0	0	0	0	0	0
dDocent_Contig_24327	1	382	0	0	0	0	0	0
dDocent_Contig_24343	1	333	0	0	0	0	0	0
dDocent_Contig_24344	1	447	0	0	0	0	0	0
dDocent_Contig_24346	1	312	0	0	0	0	0	0
dDocent_Contig_24348	1	314	0	0	0	0	0	0
dDocent_Contig_24352	1	294	0	0	0	0	0	0
dDocent_Contig_24355	1	375	0	0	0	0	0	0
dDocent_Contig_24369	1	376	0	0	0	0	0	0
dDocent_Contig_24371	1	427	0	0	0	0	0	0
dDocent_Contig_24377	1	414	0	0	0	0	0	0
dDocent_Contig_24378	1	365	0	0	0	0	0	0
dDocent_Contig_24382	1	380	0	0	0	0	0	0
dDocent_Contig_24393	1	432	0	0	0	0	0	0
dDocent_Contig_24395	1	294	0	0	0	0	0	0
dDocent_Contig_24396	1	404	0	0	0	0	0	0
dDocent_Contig_24398	1	365	0	0	0	0	0	0
dDocent_Contig_24405	1	312	0	0	0	0	0	0
dDocent_Contig_24415	1	276	0	0	0	0	0	0
dDocent_Contig_24422	1	377	0	0	0	0	0	0
dDocent_Contig_24423	1	307	0	0	0	0	0	0
dDocent_Contig_24432	1	258	0	0	0	0	0	0
dDocent_Contig_24433	1	234	0	0	0	0	0	0
dDocent_Contig_24437	1	317	0	0	0	0	0	0
dDocent_Contig_24440	1	388	0	0	0	0	0	0
dDocent_Contig_24444	1	388	0	0	0	0	0	0
dDocent_Contig_24448	1	254	0	0	0	0	0	0
dDocent_Contig_24450	1	351	0	0	0	0	0	0
dDocent_Contig_24452	1	297	0	0	0	0	0	0
dDocent_Contig_24453	1	478	0	0	0	0	0	0
dDocent_Contig_24463	1	455	0	0	0	0	0	0
dDocent_Contig_24464	1	383	0	0	0	0	0	0
dDocent_Contig_24465	1	383	0	0	0	0	0	0
dDocent_Contig_24471	1	413	0	0	0	0	0	0
dDocent_Contig_24480	1	447	0	0	0	0	0	0
dDocent_Contig_24492	1	274	0	0	0	0	0	0
dDocent_Contig_24514	1	364	0	0	0	0	0	0
dDocent_Contig_24518	1	301	0	0	0	0	0	0
dDocent_Contig_24527	1	505	0	0	0	0	0	0
dDocent_Contig_24528	1	307	0	0	0	0	0	0
dDocent_Contig_24529	1	451	0	0	0	0	0	0
dDocent_Contig_24530	1	416	0	0	0	0	0	0
dDocent_Contig_24534	1	335	0	0	0	0	0	0
dDocent_Contig_24535	1	474	0	0	0	0	0	0
dDocent_Contig_24544	1	398	0	0	0	0	0	0
dDocent_Contig_24547	1	347	0	0	0	0	0	0
dDocent_Contig_24558	1	397	0	0	0	0	0	0
dDocent_Contig_24565	1	415	0	0	0	0	0	0
dDocent_Contig_24567	1	463	0	0	0	0	0	0
dDocent_Contig_24569	1	409	0	0	0	0	0	0
dDocent_Contig_24570	1	317	0	0	0	0	0	0
dDocent_Contig_24571	1	400	0	0	0	0	0	0
dDocent_Contig_24572	1	352	0	0	0	0	0	0
dDocent_Contig_24595	1	385	0	0	0	0	0	0
dDocent_Contig_24597	1	338	0	0	0	0	0	0
dDocent_Contig_24600	1	396	0	0	0	0	0	0
dDocent_Contig_24606	1	466	0	0	0	0	0	0
dDocent_Contig_24610	1	270	0	0	0	0	0	0
dDocent_Contig_24612	1	278	0	0	0	0	0	0
dDocent_Contig_24613	1	262	0	0	0	0	0	0
dDocent_Contig_24614	1	377	0	0	0	0	0	0
dDocent_Contig_24615	1	422	0	0	0	0	0	0
dDocent_Contig_24620	1	406	0	0	0	0	0	0
dDocent_Contig_24621	1	432	0	0	0	0	0	0
dDocent_Contig_24622	1	458	0	0	0	0	0	0
dDocent_Contig_24634	1	384	0	0	0	0	0	0
dDocent_Contig_24649	1	260	0	0	0	0	0	0
dDocent_Contig_24655	1	246	0	0	0	0	0	0
dDocent_Contig_24656	1	297	0	0	0	0	0	0
dDocent_Contig_24659	1	367	0	0	0	0	0	0
dDocent_Contig_24660	1	400	0	0	0	0	0	0
dDocent_Contig_24662	1	301	0	0	0	0	0	0
dDocent_Contig_24681	1	375	0	0	0	0	0	0
dDocent_Contig_24683	1	446	0	0	0	0	0	0
dDocent_Contig_24690	1	395	0	0	0	0	0	0
dDocent_Contig_24692	1	334	0	0	0	0	0	0
dDocent_Contig_24694	1	454	0	0	0	0	0	0
dDocent_Contig_24696	1	315	0	0	0	0	0	0
dDocent_Contig_24698	1	396	0	0	0	0	0	0
dDocent_Contig_24701	1	347	0	0	0	0	0	0
dDocent_Contig_24708	1	275	0	0	0	0	0	0
dDocent_Contig_24717	1	339	0	0	0	0	0	0
dDocent_Contig_24718	1	276	0	0	0	0	0	0
dDocent_Contig_24719	1	315	0	0	0	0	0	0
dDocent_Contig_24720	1	373	0	0	0	0	0	0
dDocent_Contig_24727	1	386	0	0	0	0	0	0
dDocent_Contig_24733	1	350	0	0	0	0	0	0
dDocent_Contig_24739	1	318	0	0	0	0	0	0
dDocent_Contig_24740	1	418	0	0	0	0	0	0
dDocent_Contig_24742	1	399	0	0	0	0	0	0
dDocent_Contig_24743	1	509	0	0	0	0	0	0
dDocent_Contig_24745	1	407	0	0	0	0	0	0
dDocent_Contig_24746	1	415	0	0	0	0	0	0
dDocent_Contig_24752	1	337	0	0	0	0	0	0
dDocent_Contig_24753	1	461	0	0	0	0	0	0
dDocent_Contig_24754	1	418	0	0	0	0	0	0
dDocent_Contig_24755	1	470	0	0	0	0	0	0
dDocent_Contig_24756	1	497	0	0	0	0	0	0
dDocent_Contig_24799	1	404	0	0	0	0	0	0
dDocent_Contig_24800	1	373	0	0	0	0	0	0
dDocent_Contig_24802	1	286	0	0	0	0	0	0
dDocent_Contig_24804	1	463	0	0	0	0	0	0
dDocent_Contig_24811	1	405	0	0	0	0	0	0
dDocent_Contig_24812	1	457	0	0	0	0	0	0
dDocent_Contig_24817	1	389	0	0	0	0	0	0
dDocent_Contig_24828	1	401	0	0	0	0	0	0
dDocent_Contig_24833	1	446	0	0	0	0	0	0
dDocent_Contig_24835	1	327	0	0	0	0	0	0
dDocent_Contig_24840	1	350	0	0	0	0	0	0
dDocent_Contig_24842	1	432	0	0	0	0	0	0
dDocent_Contig_24844	1	444	0	0	0	0	0	0
dDocent_Contig_24851	1	443	0	0	0	0	0	0
dDocent_Contig_24856	1	390	0	0	0	0	0	0
dDocent_Contig_24861	1	491	0	0	0	0	0	0
dDocent_Contig_24862	1	400	0	0	0	0	0	0
dDocent_Contig_24864	1	230	0	0	0	0	0	0
dDocent_Contig_24867	1	388	0	0	0	0	0	0
dDocent_Contig_24868	1	333	0	0	0	0	0	0
dDocent_Contig_24869	1	372	0	0	0	0	0	0
dDocent_Contig_24870	1	415	0	0	0	0	0	0
dDocent_Contig_24888	1	390	0	0	0	0	0	0
dDocent_Contig_24889	1	443	0	0	0	0	0	0
dDocent_Contig_24893	1	367	0	0	0	0	0	0
dDocent_Contig_24897	1	343	0	0	0	0	0	0
dDocent_Contig_24898	1	425	0	0	0	0	0	0
dDocent_Contig_24902	1	353	0	0	0	0	0	0
dDocent_Contig_24908	1	389	0	0	0	0	0	0
dDocent_Contig_24912	1	346	0	0	0	0	0	0
dDocent_Contig_24915	1	474	0	0	0	0	0	0
dDocent_Contig_24931	1	424	0	0	0	0	0	0
dDocent_Contig_24933	1	475	0	0	0	0	0	0
dDocent_Contig_24940	1	348	0	0	0	0	0	0
dDocent_Contig_24949	1	468	0	0	0	0	0	0
dDocent_Contig_24955	1	443	0	0	0	0	0	0
dDocent_Contig_24957	1	321	0	0	0	0	0	0
dDocent_Contig_24958	1	444	0	0	0	0	0	0
dDocent_Contig_24961	1	432	0	0	0	0	0	0
dDocent_Contig_24965	1	317	0	0	0	0	0	0
dDocent_Contig_24966	1	392	0	0	0	0	0	0
dDocent_Contig_24971	1	393	0	0	0	0	0	0
dDocent_Contig_24974	1	383	0	0	0	0	0	0
dDocent_Contig_24975	1	299	0	0	0	0	0	0
dDocent_Contig_24978	1	491	0	0	0	0	0	0
dDocent_Contig_24982	1	373	0	0	0	0	0	0
dDocent_Contig_24983	1	412	0	0	0	0	0	0
dDocent_Contig_24984	1	348	0	0	0	0	0	0
dDocent_Contig_24986	1	401	0	0	0	0	0	0
dDocent_Contig_24988	1	430	0	0	0	0	0	0
dDocent_Contig_24989	1	347	0	0	0	0	0	0
dDocent_Contig_24991	1	437	0	0	0	0	0	0
dDocent_Contig_24992	1	442	0	0	0	0	0	0
dDocent_Contig_24993	1	421	0	0	0	0	0	0
dDocent_Contig_25005	1	303	0	0	0	0	0	0
dDocent_Contig_25006	1	420	0	0	0	0	0	0
dDocent_Contig_25008	1	480	0	0	0	0	0	0
dDocent_Contig_25010	1	498	0	0	0	0	0	0
dDocent_Contig_25013	1	425	0	0	0	0	0	0
dDocent_Contig_25015	1	365	0	0	0	0	0	0
dDocent_Contig_25016	1	447	0	0	0	0	0	0
dDocent_Contig_25018	1	351	0	0	0	0	0	0
dDocent_Contig_25024	1	264	0	0	0	0	0	0
dDocent_Contig_25026	1	370	0	0	0	0	0	0
dDocent_Contig_25038	1	289	0	0	0	0	0	0
dDocent_Contig_25044	1	483	0	0	0	0	0	0
dDocent_Contig_25045	1	423	0	0	0	0	0	0
dDocent_Contig_25053	1	385	0	0	0	0	0	0
dDocent_Contig_25063	1	398	0	0	0	0	0	0
dDocent_Contig_25064	1	402	0	0	0	0	0	0
dDocent_Contig_25070	1	401	0	0	0	0	0	0
dDocent_Contig_25071	1	428	0	0	0	0	0	0
dDocent_Contig_25073	1	487	0	0	0	0	0	0
dDocent_Contig_25082	1	389	0	0	0	0	0	0
dDocent_Contig_25083	1	405	0	0	0	0	0	0
dDocent_Contig_25084	1	380	0	0	0	0	0	0
dDocent_Contig_25087	1	417	0	0	0	0	0	0
dDocent_Contig_25089	1	328	0	0	0	0	0	0
dDocent_Contig_25095	1	263	0	0	0	0	0	0
dDocent_Contig_25099	1	409	0	0	0	0	0	0
dDocent_Contig_25108	1	314	0	0	0	0	0	0
dDocent_Contig_25109	1	360	0	0	0	0	0	0
dDocent_Contig_25113	1	405	0	0	0	0	0	0
dDocent_Contig_25121	1	379	0	0	0	0	0	0
dDocent_Contig_25125	1	406	0	0	0	0	0	0
dDocent_Contig_25129	1	479	0	0	0	0	0	0
dDocent_Contig_25132	1	409	0	0	0	0	0	0
dDocent_Contig_25137	1	436	0	0	0	0	0	0
dDocent_Contig_25140	1	365	0	0	0	0	0	0
dDocent_Contig_25141	1	376	0	0	0	0	0	0
dDocent_Contig_25144	1	433	0	0	0	0	0	0
dDocent_Contig_25150	1	267	0	0	0	0	0	0
dDocent_Contig_25151	1	365	0	0	0	0	0	0
dDocent_Contig_25155	1	461	0	0	0	0	0	0
dDocent_Contig_25162	1	306	0	0	0	0	0	0
dDocent_Contig_25163	1	292	0	0	0	0	0	0
dDocent_Contig_25164	1	373	0	0	0	0	0	0
dDocent_Contig_25175	1	373	0	0	0	0	0	0
dDocent_Contig_25176	1	464	0	0	0	0	0	0
dDocent_Contig_25190	1	484	0	0	0	0	0	0
dDocent_Contig_25192	1	352	0	0	0	0	0	0
dDocent_Contig_25194	1	231	0	0	0	0	0	0
dDocent_Contig_25195	1	377	0	0	0	0	0	0
dDocent_Contig_25197	1	516	0	0	0	0	0	0
dDocent_Contig_25198	1	356	0	0	0	0	0	0
dDocent_Contig_25203	1	372	0	0	0	0	0	0
dDocent_Contig_25212	1	256	0	0	0	0	0	0
dDocent_Contig_25213	1	414	0	0	0	0	0	0
dDocent_Contig_25215	1	381	0	0	0	0	0	0
dDocent_Contig_25218	1	403	0	0	0	0	0	0
dDocent_Contig_25219	1	259	0	0	0	0	0	0
dDocent_Contig_25223	1	419	0	0	0	0	0	0
dDocent_Contig_25231	1	438	0	0	0	0	0	0
dDocent_Contig_25235	1	364	0	0	0	0	0	0
dDocent_Contig_25250	1	461	0	0	0	0	0	0
dDocent_Contig_25252	1	400	0	0	0	0	0	0
dDocent_Contig_25253	1	375	0	0	0	0	0	0
dDocent_Contig_25256	1	469	0	0	0	0	0	0
dDocent_Contig_25260	1	290	0	0	0	0	0	0
dDocent_Contig_25262	1	374	0	0	0	0	0	0
dDocent_Contig_25272	1	459	0	0	0	0	0	0
dDocent_Contig_25273	1	361	0	0	0	0	0	0
dDocent_Contig_25298	1	332	0	0	0	0	0	0
dDocent_Contig_25300	1	232	0	0	0	0	0	0
dDocent_Contig_25313	1	307	0	0	0	0	0	0
dDocent_Contig_25317	1	440	0	0	0	0	0	0
dDocent_Contig_25321	1	295	0	0	0	0	0	0
dDocent_Contig_25327	1	277	0	0	0	0	0	0
dDocent_Contig_25330	1	341	0	0	0	0	0	0
dDocent_Contig_25332	1	352	0	0	0	0	0	0
dDocent_Contig_25340	1	427	0	0	0	0	0	0
dDocent_Contig_25356	1	265	0	0	0	0	0	0
dDocent_Contig_25357	1	374	0	0	0	0	0	0
dDocent_Contig_25360	1	352	0	0	0	0	0	0
dDocent_Contig_25380	1	368	0	0	0	0	0	0
dDocent_Contig_25382	1	488	0	0	0	0	0	0
dDocent_Contig_25391	1	460	0	0	0	0	0	0
dDocent_Contig_25394	1	433	0	0	0	0	0	0
dDocent_Contig_25409	1	424	0	0	0	0	0	0
dDocent_Contig_25411	1	360	0	0	0	0	0	0
dDocent_Contig_25414	1	459	0	0	0	0	0	0
dDocent_Contig_25417	1	461	0	0	0	0	0	0
dDocent_Contig_25419	1	389	0	0	0	0	0	0
dDocent_Contig_25421	1	359	0	0	0	0	0	0
dDocent_Contig_25423	1	290	0	0	0	0	0	0
dDocent_Contig_25427	1	434	0	0	0	0	0	0
dDocent_Contig_25430	1	303	0	0	0	0	0	0
dDocent_Contig_25437	1	403	0	0	0	0	0	0
dDocent_Contig_25438	1	360	0	0	0	0	0	0
dDocent_Contig_25440	1	443	0	0	0	0	0	0
dDocent_Contig_25441	1	408	0	0	0	0	0	0
dDocent_Contig_25442	1	445	0	0	0	0	0	0
dDocent_Contig_25445	1	374	0	0	0	0	0	0
dDocent_Contig_25447	1	457	0	0	0	0	0	0
dDocent_Contig_25452	1	400	0	0	0	0	0	0
dDocent_Contig_25457	1	399	0	0	0	0	0	0
dDocent_Contig_25462	1	390	0	0	0	0	0	0
dDocent_Contig_25464	1	377	0	0	0	0	0	0
dDocent_Contig_25466	1	407	0	0	0	0	0	0
dDocent_Contig_25470	1	302	0	0	0	0	0	0
dDocent_Contig_25471	1	387	0	0	0	0	0	0
dDocent_Contig_25484	1	362	0	0	0	0	0	0
dDocent_Contig_25490	1	392	0	0	0	0	0	0
dDocent_Contig_25494	1	458	0	0	0	0	0	0
dDocent_Contig_25508	1	433	0	0	0	0	0	0
dDocent_Contig_25511	1	421	0	0	0	0	0	0
dDocent_Contig_25518	1	395	0	0	0	0	0	0
dDocent_Contig_25523	1	451	0	0	0	0	0	0
dDocent_Contig_25533	1	416	0	0	0	0	0	0
dDocent_Contig_25537	1	357	0	0	0	0	0	0
dDocent_Contig_25541	1	403	0	0	0	0	0	0
dDocent_Contig_25558	1	366	0	0	0	0	0	0
dDocent_Contig_25573	1	443	0	0	0	0	0	0
dDocent_Contig_25578	1	326	0	0	0	0	0	0
dDocent_Contig_25579	1	340	0	0	0	0	0	0
dDocent_Contig_25584	1	375	0	0	0	0	0	0
dDocent_Contig_25594	1	391	0	0	0	0	0	0
dDocent_Contig_25616	1	402	0	0	0	0	0	0
dDocent_Contig_25620	1	367	0	0	0	0	0	0
dDocent_Contig_25622	1	425	0	0	0	0	0	0
dDocent_Contig_25629	1	408	0	0	0	0	0	0
dDocent_Contig_25636	1	417	0	0	0	0	0	0
dDocent_Contig_25637	1	332	0	0	0	0	0	0
dDocent_Contig_25647	1	418	0	0	0	0	0	0
dDocent_Contig_25651	1	317	0	0	0	0	0	0
dDocent_Contig_25661	1	442	0	0	0	0	0	0
dDocent_Contig_25665	1	274	0	0	0	0	0	0
dDocent_Contig_25666	1	293	0	0	0	0	0	0
dDocent_Contig_25684	1	416	0	0	0	0	0	0
dDocent_Contig_25687	1	399	0	0	0	0	0	0
dDocent_Contig_25693	1	444	0	0	0	0	0	0
dDocent_Contig_25695	1	265	0	0	0	0	0	0
dDocent_Contig_25696	1	363	0	0	0	0	0	0
dDocent_Contig_25726	1	359	0	0	0	0	0	0
dDocent_Contig_25730	1	364	0	0	0	0	0	0
dDocent_Contig_25731	1	387	0	0	0	0	0	0
dDocent_Contig_25744	1	321	0	0	0	0	0	0
dDocent_Contig_25747	1	386	0	0	0	0	0	0
dDocent_Contig_25761	1	431	0	0	0	0	0	0
dDocent_Contig_25775	1	325	0	0	0	0	0	0
dDocent_Contig_25778	1	354	0	0	0	0	0	0
dDocent_Contig_25794	1	355	0	0	0	0	0	0
dDocent_Contig_25798	1	388	0	0	0	0	0	0
dDocent_Contig_25803	1	367	0	0	0	0	0	0
dDocent_Contig_25819	1	396	0	0	0	0	0	0
dDocent_Contig_25820	1	350	0	0	0	0	0	0
dDocent_Contig_25837	1	239	0	0	0	0	0	0
dDocent_Contig_25840	1	389	0	0	0	0	0	0
dDocent_Contig_25853	1	505	0	0	0	0	0	0
dDocent_Contig_25859	1	345	0	0	0	0	0	0
dDocent_Contig_25873	1	403	0	0	0	0	0	0
dDocent_Contig_25903	1	406	0	0	0	0	0	0
dDocent_Contig_25925	1	352	0	0	0	0	0	0
dDocent_Contig_25930	1	435	0	0	0	0	0	0
dDocent_Contig_25935	1	411	0	0	0	0	0	0
dDocent_Contig_25937	1	378	0	0	0	0	0	0
dDocent_Contig_25950	1	428	0	0	0	0	0	0
dDocent_Contig_25954	1	331	0	0	0	0	0	0
dDocent_Contig_25955	1	421	0	0	0	0	0	0
dDocent_Contig_25985	1	454	0	0	0	0	0	0
dDocent_Contig_25993	1	328	0	0	0	0	0	0
dDocent_Contig_25998	1	392	0	0	0	0	0	0
dDocent_Contig_26004	1	372	0	0	0	0	0	0
dDocent_Contig_26010	1	399	0	0	0	0	0	0
dDocent_Contig_26015	1	339	0	0	0	0	0	0
dDocent_Contig_26017	1	397	0	0	0	0	0	0
dDocent_Contig_26026	1	512	0	0	0	0	0	0
dDocent_Contig_26035	1	459	0	0	0	0	0	0
dDocent_Contig_26036	1	401	0	0	0	0	0	0
dDocent_Contig_26042	1	453	0	0	0	0	0	0
dDocent_Contig_26052	1	511	0	0	0	0	0	0
dDocent_Contig_26059	1	345	0	0	0	0	0	0
dDocent_Contig_26061	1	487	0	0	0	0	0	0
dDocent_Contig_26064	1	313	0	0	0	0	0	0
dDocent_Contig_26065	1	384	0	0	0	0	0	0
dDocent_Contig_26066	1	402	0	0	0	0	0	0
dDocent_Contig_26067	1	315	0	0	0	0	0	0
dDocent_Contig_26083	1	373	0	0	0	0	0	0
dDocent_Contig_26090	1	493	0	0	0	0	0	0
dDocent_Contig_26091	1	407	0	0	0	0	0	0
dDocent_Contig_26100	1	410	0	0	0	0	0	0
dDocent_Contig_26102	1	361	0	0	0	0	0	0
dDocent_Contig_26110	1	388	0	0	0	0	0	0
dDocent_Contig_26113	1	359	0	0	0	0	0	0
dDocent_Contig_26115	1	419	0	0	0	0	0	0
dDocent_Contig_26121	1	297	0	0	0	0	0	0
dDocent_Contig_26131	1	354	0	0	0	0	0	0
dDocent_Contig_26137	1	385	0	0	0	0	0	0
dDocent_Contig_26138	1	434	0	0	0	0	0	0
dDocent_Contig_26147	1	369	0	0	0	0	0	0
dDocent_Contig_26148	1	448	0	0	0	0	0	0
dDocent_Contig_26150	1	328	0	0	0	0	0	0
dDocent_Contig_26151	1	392	0	0	0	0	0	0
dDocent_Contig_26156	1	278	0	0	0	0	0	0
dDocent_Contig_26167	1	445	0	0	0	0	0	0
dDocent_Contig_26169	1	509	0	0	0	0	0	0
dDocent_Contig_26184	1	463	0	0	0	0	0	0
dDocent_Contig_26189	1	482	0	0	0	0	0	0
dDocent_Contig_26208	1	515	0	0	0	0	0	0
dDocent_Contig_26216	1	338	0	0	0	0	0	0
dDocent_Contig_26218	1	431	0	0	0	0	0	0
dDocent_Contig_26220	1	370	0	0	0	0	0	0
dDocent_Contig_26225	1	235	0	0	0	0	0	0
dDocent_Contig_26229	1	379	0	0	0	0	0	0
dDocent_Contig_26231	1	384	0	0	0	0	0	0
dDocent_Contig_26239	1	360	0	0	0	0	0	0
dDocent_Contig_26241	1	336	0	0	0	0	0	0
dDocent_Contig_26242	1	388	0	0	0	0	0	0
dDocent_Contig_26243	1	383	0	0	0	0	0	0
dDocent_Contig_26245	1	399	0	0	0	0	0	0
dDocent_Contig_26248	1	408	0	0	0	0	0	0
dDocent_Contig_26252	1	337	0	0	0	0	0	0
dDocent_Contig_26253	1	399	0	0	0	0	0	0
dDocent_Contig_26255	1	384	0	0	0	0	0	0
dDocent_Contig_26262	1	410	0	0	0	0	0	0
dDocent_Contig_26270	1	484	0	0	0	0	0	0
dDocent_Contig_26271	1	395	0	0	0	0	0	0
dDocent_Contig_26281	1	372	0	0	0	0	0	0
dDocent_Contig_26286	1	237	0	0	0	0	0	0
dDocent_Contig_26288	1	362	0	0	0	0	0	0
dDocent_Contig_26289	1	355	0	0	0	0	0	0
dDocent_Contig_26294	1	333	0	0	0	0	0	0
dDocent_Contig_26295	1	384	0	0	0	0	0	0
dDocent_Contig_26297	1	357	0	0	0	0	0	0
dDocent_Contig_26301	1	405	0	0	0	0	0	0
dDocent_Contig_26312	1	286	0	0	0	0	0	0
dDocent_Contig_26313	1	265	0	0	0	0	0	0
dDocent_Contig_26316	1	383	0	0	0	0	0	0
dDocent_Contig_26319	1	439	0	0	0	0	0	0
dDocent_Contig_26321	1	388	0	0	0	0	0	0
dDocent_Contig_26324	1	379	0	0	0	0	0	0
dDocent_Contig_26325	1	376	0	0	0	0	0	0
dDocent_Contig_26327	1	316	0	0	0	0	0	0
dDocent_Contig_26331	1	378	0	0	0	0	0	0
dDocent_Contig_26335	1	333	0	0	0	0	0	0
dDocent_Contig_26363	1	347	0	0	0	0	0	0
dDocent_Contig_26370	1	331	0	0	0	0	0	0
dDocent_Contig_26379	1	395	0	0	0	0	0	0
dDocent_Contig_26383	1	388	0	0	0	0	0	0
dDocent_Contig_26384	1	350	0	0	0	0	0	0
dDocent_Contig_26399	1	418	0	0	0	0	0	0
dDocent_Contig_26400	1	398	0	0	0	0	0	0
dDocent_Contig_26405	1	331	0	0	0	0	0	0
dDocent_Contig_26406	1	387	0	0	0	0	0	0
dDocent_Contig_26407	1	410	0	0	0	0	0	0
dDocent_Contig_26419	1	235	0	0	0	0	0	0
dDocent_Contig_26427	1	391	0	0	0	0	0	0
dDocent_Contig_26431	1	398	0	0	0	0	0	0
dDocent_Contig_26436	1	389	0	0	0	0	0	0
dDocent_Contig_26440	1	377	0	0	0	0	0	0
dDocent_Contig_26459	1	296	0	0	0	0	0	0
dDocent_Contig_26461	1	369	0	0	0	0	0	0
dDocent_Contig_26465	1	487	0	0	0	0	0	0
dDocent_Contig_26468	1	362	0	0	0	0	0	0
dDocent_Contig_26469	1	334	0	0	0	0	0	0
dDocent_Contig_26471	1	457	0	0	0	0	0	0
dDocent_Contig_26482	1	468	0	0	0	0	0	0
dDocent_Contig_26486	1	251	0	0	0	0	0	0
dDocent_Contig_26501	1	381	0	0	0	0	0	0
dDocent_Contig_26505	1	436	0	0	0	0	0	0
dDocent_Contig_26508	1	470	0	0	0	0	0	0
dDocent_Contig_26509	1	375	0	0	0	0	0	0
dDocent_Contig_26515	1	391	0	0	0	0	0	0
dDocent_Contig_26544	1	326	0	0	0	0	0	0
dDocent_Contig_26548	1	434	0	0	0	0	0	0
dDocent_Contig_26562	1	311	0	0	0	0	0	0
dDocent_Contig_26566	1	372	0	0	0	0	0	0
dDocent_Contig_26572	1	438	0	0	0	0	0	0
dDocent_Contig_26575	1	342	0	0	0	0	0	0
dDocent_Contig_26576	1	415	0	0	0	0	0	0
dDocent_Contig_26577	1	389	0	0	0	0	0	0
dDocent_Contig_26578	1	435	0	0	0	0	0	0
dDocent_Contig_26582	1	371	0	0	0	0	0	0
dDocent_Contig_26592	1	411	0	0	0	0	0	0
dDocent_Contig_26598	1	406	0	0	0	0	0	0
dDocent_Contig_26600	1	425	0	0	0	0	0	0
dDocent_Contig_26607	1	334	0	0	0	0	0	0
dDocent_Contig_26612	1	359	0	0	0	0	0	0
dDocent_Contig_26614	1	424	0	0	0	0	0	0
dDocent_Contig_26621	1	377	0	0	0	0	0	0
dDocent_Contig_26637	1	388	0	0	0	0	0	0
dDocent_Contig_26639	1	381	0	0	0	0	0	0
dDocent_Contig_26681	1	285	0	0	0	0	0	0
dDocent_Contig_26684	1	388	0	0	0	0	0	0
dDocent_Contig_26687	1	226	0	0	0	0	0	0
dDocent_Contig_26688	1	390	0	0	0	0	0	0
dDocent_Contig_26689	1	404	0	0	0	0	0	0
dDocent_Contig_26700	1	296	0	0	0	0	0	0
dDocent_Contig_26712	1	338	0	0	0	0	0	0
dDocent_Contig_26713	1	388	0	0	0	0	0	0
dDocent_Contig_26716	1	392	0	0	0	0	0	0
dDocent_Contig_26722	1	416	0	0	0	0	0	0
dDocent_Contig_26723	1	335	0	0	0	0	0	0
dDocent_Contig_26726	1	363	0	0	0	0	0	0
dDocent_Contig_26733	1	386	0	0	0	0	0	0
dDocent_Contig_26737	1	494	0	0	0	0	0	0
dDocent_Contig_26749	1	468	0	0	0	0	0	0
dDocent_Contig_26752	1	458	0	0	0	0	0	0
dDocent_Contig_26757	1	375	0	0	0	0	0	0
dDocent_Contig_26765	1	398	0	0	0	0	0	0
dDocent_Contig_26780	1	458	0	0	0	0	0	0
dDocent_Contig_26784	1	403	0	0	0	0	0	0
dDocent_Contig_26788	1	364	0	0	0	0	0	0
dDocent_Contig_26789	1	373	0	0	0	0	0	0
dDocent_Contig_26796	1	375	0	0	0	0	0	0
dDocent_Contig_26800	1	343	0	0	0	0	0	0
dDocent_Contig_26801	1	322	0	0	0	0	0	0
dDocent_Contig_26806	1	401	0	0	0	0	0	0
dDocent_Contig_26808	1	315	0	0	0	0	0	0
dDocent_Contig_26809	1	481	0	0	0	0	0	0
dDocent_Contig_26811	1	416	0	0	0	0	0	0
dDocent_Contig_26818	1	377	0	0	0	0	0	0
dDocent_Contig_26825	1	443	0	0	0	0	0	0
dDocent_Contig_26829	1	395	0	0	0	0	0	0
dDocent_Contig_26832	1	469	0	0	0	0	0	0
dDocent_Contig_26835	1	495	0	0	0	0	0	0
dDocent_Contig_26838	1	388	0	0	0	0	0	0
dDocent_Contig_26843	1	439	0	0	0	0	0	0
dDocent_Contig_26849	1	392	0	0	0	0	0	0
dDocent_Contig_26850	1	380	0	0	0	0	0	0
dDocent_Contig_26851	1	343	0	0	0	0	0	0
dDocent_Contig_26853	1	444	0	0	0	0	0	0
dDocent_Contig_26854	1	435	0	0	0	0	0	0
dDocent_Contig_26857	1	393	0	0	0	0	0	0
dDocent_Contig_26863	1	455	0	0	0	0	0	0
dDocent_Contig_26864	1	363	0	0	0	0	0	0
dDocent_Contig_26874	1	368	0	0	0	0	0	0
dDocent_Contig_26907	1	418	0	0	0	0	0	0
dDocent_Contig_26927	1	381	0	0	0	0	0	0
dDocent_Contig_26929	1	335	0	0	0	0	0	0
dDocent_Contig_26935	1	404	0	0	0	0	0	0
dDocent_Contig_26937	1	454	0	0	0	0	0	0
dDocent_Contig_26940	1	341	0	0	0	0	0	0
dDocent_Contig_26961	1	325	0	0	0	0	0	0
dDocent_Contig_26964	1	345	0	0	0	0	0	0
dDocent_Contig_26965	1	436	0	0	0	0	0	0
dDocent_Contig_26967	1	519	0	0	0	0	0	0
dDocent_Contig_26970	1	424	0	0	0	0	0	0
dDocent_Contig_26984	1	394	0	0	0	0	0	0
dDocent_Contig_26985	1	351	0	0	0	0	0	0
dDocent_Contig_26989	1	322	0	0	0	0	0	0
dDocent_Contig_26992	1	302	0	0	0	0	0	0
dDocent_Contig_27004	1	371	0	0	0	0	0	0
dDocent_Contig_27022	1	417	0	0	0	0	0	0
dDocent_Contig_27044	1	361	0	0	0	0	0	0
dDocent_Contig_27045	1	409	0	0	0	0	0	0
dDocent_Contig_27047	1	272	0	0	0	0	0	0
dDocent_Contig_27051	1	377	0	0	0	0	0	0
dDocent_Contig_27054	1	312	0	0	0	0	0	0
dDocent_Contig_27055	1	366	0	0	0	0	0	0
dDocent_Contig_27057	1	340	0	0	0	0	0	0
dDocent_Contig_27058	1	321	0	0	0	0	0	0
dDocent_Contig_27067	1	342	0	0	0	0	0	0
dDocent_Contig_27071	1	316	0	0	0	0	0	0
dDocent_Contig_27073	1	384	0	0	0	0	0	0
dDocent_Contig_27077	1	279	0	0	0	0	0	0
dDocent_Contig_27084	1	255	0	0	0	0	0	0
dDocent_Contig_27090	1	455	0	0	0	0	0	0
dDocent_Contig_27093	1	393	0	0	0	0	0	0
dDocent_Contig_27105	1	337	0	0	0	0	0	0
dDocent_Contig_27110	1	335	0	0	0	0	0	0
dDocent_Contig_27118	1	279	0	0	0	0	0	0
dDocent_Contig_27122	1	352	0	0	0	0	0	0
dDocent_Contig_27127	1	388	0	0	0	0	0	0
dDocent_Contig_27130	1	279	0	0	0	0	0	0
dDocent_Contig_27134	1	388	0	0	0	0	0	0
dDocent_Contig_27140	1	262	0	0	0	0	0	0
dDocent_Contig_27146	1	428	0	0	0	0	0	0
dDocent_Contig_27164	1	515	0	0	0	0	0	0
dDocent_Contig_27172	1	259	0	0	0	0	0	0
dDocent_Contig_27179	1	321	0	0	0	0	0	0
dDocent_Contig_27185	1	396	0	0	0	0	0	0
dDocent_Contig_27192	1	291	0	0	0	0	0	0
dDocent_Contig_27196	1	475	0	0	0	0	0	0
dDocent_Contig_27201	1	322	0	0	0	0	0	0
dDocent_Contig_27209	1	321	0	0	0	0	0	0
dDocent_Contig_27210	1	358	0	0	0	0	0	0
dDocent_Contig_27211	1	505	0	0	0	0	0	0
dDocent_Contig_27214	1	444	0	0	0	0	0	0
dDocent_Contig_27216	1	425	0	0	0	0	0	0
dDocent_Contig_27224	1	454	0	0	0	0	0	0
dDocent_Contig_27231	1	269	0	0	0	0	0	0
dDocent_Contig_27232	1	303	0	0	0	0	0	0
dDocent_Contig_27234	1	345	0	0	0	0	0	0
dDocent_Contig_27235	1	491	0	0	0	0	0	0
dDocent_Contig_27236	1	336	0	0	0	0	0	0
dDocent_Contig_27240	1	443	0	0	0	0	0	0
dDocent_Contig_27242	1	315	0	0	0	0	0	0
dDocent_Contig_27245	1	281	0	0	0	0	0	0
dDocent_Contig_27264	1	391	0	0	0	0	0	0
dDocent_Contig_27268	1	297	0	0	0	0	0	0
dDocent_Contig_27271	1	372	0	0	0	0	0	0
dDocent_Contig_27276	1	319	0	0	0	0	0	0
dDocent_Contig_27278	1	355	0	0	0	0	0	0
dDocent_Contig_27283	1	410	0	0	0	0	0	0
dDocent_Contig_27284	1	383	0	0	0	0	0	0
dDocent_Contig_27285	1	371	0	0	0	0	0	0
dDocent_Contig_27291	1	376	0	0	0	0	0	0
dDocent_Contig_27301	1	442	0	0	0	0	0	0
dDocent_Contig_27305	1	388	0	0	0	0	0	0
dDocent_Contig_27309	1	442	0	0	0	0	0	0
dDocent_Contig_27313	1	396	0	0	0	0	0	0
dDocent_Contig_27317	1	324	0	0	0	0	0	0
dDocent_Contig_27330	1	359	0	0	0	0	0	0
dDocent_Contig_27335	1	383	0	0	0	0	0	0
dDocent_Contig_27340	1	381	0	0	0	0	0	0
dDocent_Contig_27345	1	438	0	0	0	0	0	0
dDocent_Contig_27353	1	317	0	0	0	0	0	0
dDocent_Contig_27364	1	397	0	0	0	0	0	0
dDocent_Contig_27367	1	245	0	0	0	0	0	0
dDocent_Contig_27383	1	396	0	0	0	0	0	0
dDocent_Contig_27410	1	457	0	0	0	0	0	0
dDocent_Contig_27412	1	348	0	0	0	0	0	0
dDocent_Contig_27426	1	336	0	0	0	0	0	0
dDocent_Contig_27432	1	363	0	0	0	0	0	0
dDocent_Contig_27433	1	384	0	0	0	0	0	0
dDocent_Contig_27437	1	408	0	0	0	0	0	0
dDocent_Contig_27441	1	343	0	0	0	0	0	0
dDocent_Contig_27442	1	366	0	0	0	0	0	0
dDocent_Contig_27459	1	396	0	0	0	0	0	0
dDocent_Contig_27472	1	331	0	0	0	0	0	0
dDocent_Contig_27475	1	376	0	0	0	0	0	0
dDocent_Contig_27476	1	298	0	0	0	0	0	0
dDocent_Contig_27479	1	344	0	0	0	0	0	0
dDocent_Contig_27488	1	461	0	0	0	0	0	0
dDocent_Contig_27490	1	418	0	0	0	0	0	0
dDocent_Contig_27498	1	518	0	0	0	0	0	0
dDocent_Contig_27502	1	357	0	0	0	0	0	0
dDocent_Contig_27503	1	457	0	0	0	0	0	0
dDocent_Contig_27509	1	468	0	0	0	0	0	0
dDocent_Contig_27536	1	340	0	0	0	0	0	0
dDocent_Contig_27537	1	320	0	0	0	0	0	0
dDocent_Contig_27543	1	409	0	0	0	0	0	0
dDocent_Contig_27562	1	290	0	0	0	0	0	0
dDocent_Contig_27563	1	405	0	0	0	0	0	0
dDocent_Contig_27565	1	305	0	0	0	0	0	0
dDocent_Contig_27570	1	435	0	0	0	0	0	0
dDocent_Contig_27574	1	373	0	0	0	0	0	0
dDocent_Contig_27586	1	361	0	0	0	0	0	0
dDocent_Contig_27602	1	397	0	0	0	0	0	0
dDocent_Contig_27608	1	272	0	0	0	0	0	0
dDocent_Contig_27619	1	418	0	0	0	0	0	0
dDocent_Contig_27622	1	414	0	0	0	0	0	0
dDocent_Contig_27623	1	374	0	0	0	0	0	0
dDocent_Contig_27635	1	500	0	0	0	0	0	0
dDocent_Contig_27637	1	496	0	0	0	0	0	0
dDocent_Contig_27643	1	433	0	0	0	0	0	0
dDocent_Contig_27644	1	400	0	0	0	0	0	0
dDocent_Contig_27670	1	339	0	0	0	0	0	0
dDocent_Contig_27678	1	356	0	0	0	0	0	0
dDocent_Contig_27680	1	263	0	0	0	0	0	0
dDocent_Contig_27690	1	490	0	0	0	0	0	0
dDocent_Contig_27694	1	369	0	0	0	0	0	0
dDocent_Contig_27698	1	421	0	0	0	0	0	0
dDocent_Contig_27699	1	282	0	0	0	0	0	0
dDocent_Contig_27700	1	384	0	0	0	0	0	0
dDocent_Contig_27724	1	291	0	0	0	0	0	0
dDocent_Contig_27730	1	346	0	0	0	0	0	0
dDocent_Contig_27732	1	381	0	0	0	0	0	0
dDocent_Contig_27735	1	410	0	0	0	0	0	0
dDocent_Contig_27738	1	370	0	0	0	0	0	0
dDocent_Contig_27745	1	350	0	0	0	0	0	0
dDocent_Contig_27753	1	351	0	0	0	0	0	0
dDocent_Contig_27758	1	423	0	0	0	0	0	0
dDocent_Contig_27760	1	348	0	0	0	0	0	0
dDocent_Contig_27763	1	503	0	0	0	0	0	0
dDocent_Contig_27782	1	327	0	0	0	0	0	0
dDocent_Contig_27788	1	397	0	0	0	0	0	0
dDocent_Contig_27799	1	401	0	0	0	0	0	0
dDocent_Contig_27807	1	405	0	0	0	0	0	0
dDocent_Contig_27809	1	404	0	0	0	0	0	0
dDocent_Contig_27818	1	380	0	0	0	0	0	0
dDocent_Contig_27822	1	348	0	0	0	0	0	0
dDocent_Contig_27826	1	333	0	0	0	0	0	0
dDocent_Contig_27833	1	456	0	0	0	0	0	0
dDocent_Contig_27840	1	277	0	0	0	0	0	0
dDocent_Contig_27843	1	378	0	0	0	0	0	0
dDocent_Contig_27852	1	485	0	0	0	0	0	0
dDocent_Contig_27859	1	388	0	0	0	0	0	0
dDocent_Contig_27862	1	424	0	0	0	0	0	0
dDocent_Contig_27906	1	415	0	0	0	0	0	0
dDocent_Contig_27921	1	413	0	0	0	0	0	0
dDocent_Contig_27934	1	408	0	0	0	0	0	0
dDocent_Contig_27941	1	300	0	0	0	0	0	0
dDocent_Contig_27954	1	479	0	0	0	0	0	0
dDocent_Contig_27956	1	287	0	0	0	0	0	0
dDocent_Contig_27960	1	435	0	0	0	0	0	0
dDocent_Contig_27961	1	376	0	0	0	0	0	0
dDocent_Contig_27964	1	417	0	0	0	0	0	0
dDocent_Contig_27966	1	379	0	0	0	0	0	0
dDocent_Contig_27967	1	488	0	0	0	0	0	0
dDocent_Contig_27969	1	391	0	0	0	0	0	0
dDocent_Contig_27974	1	331	0	0	0	0	0	0
dDocent_Contig_27977	1	401	0	0	0	0	0	0
dDocent_Contig_27983	1	385	0	0	0	0	0	0
dDocent_Contig_27987	1	349	0	0	0	0	0	0
dDocent_Contig_27994	1	412	0	0	0	0	0	0
dDocent_Contig_27995	1	509	0	0	0	0	0	0
dDocent_Contig_27996	1	462	0	0	0	0	0	0
dDocent_Contig_27999	1	440	0	0	0	0	0	0
dDocent_Contig_28032	1	485	0	0	0	0	0	0
dDocent_Contig_28033	1	291	0	0	0	0	0	0
dDocent_Contig_28034	1	305	0	0	0	0	0	0
dDocent_Contig_28036	1	401	0	0	0	0	0	0
dDocent_Contig_28039	1	482	0	0	0	0	0	0
dDocent_Contig_28042	1	328	0	0	0	0	0	0
dDocent_Contig_28050	1	491	0	0	0	0	0	0
dDocent_Contig_28051	1	348	0	0	0	0	0	0
dDocent_Contig_28053	1	504	0	0	0	0	0	0
dDocent_Contig_28055	1	346	0	0	0	0	0	0
dDocent_Contig_28071	1	413	0	0	0	0	0	0
dDocent_Contig_28075	1	436	0	0	0	0	0	0
dDocent_Contig_28077	1	480	0	0	0	0	0	0
dDocent_Contig_28079	1	465	0	0	0	0	0	0
dDocent_Contig_28082	1	425	0	0	0	0	0	0
dDocent_Contig_28083	1	367	0	0	0	0	0	0
dDocent_Contig_28086	1	314	0	0	0	0	0	0
dDocent_Contig_28088	1	434	0	0	0	0	0	0
dDocent_Contig_28089	1	421	0	0	0	0	0	0
dDocent_Contig_28099	1	430	0	0	0	0	0	0
dDocent_Contig_28104	1	323	0	0	0	0	0	0
dDocent_Contig_28117	1	393	0	0	0	0	0	0
dDocent_Contig_28122	1	390	0	0	0	0	0	0
dDocent_Contig_28142	1	400	0	0	0	0	0	0
dDocent_Contig_28144	1	418	0	0	0	0	0	0
dDocent_Contig_28146	1	337	0	0	0	0	0	0
dDocent_Contig_28147	1	325	0	0	0	0	0	0
dDocent_Contig_28148	1	257	0	0	0	0	0	0
dDocent_Contig_28149	1	395	0	0	0	0	0	0
dDocent_Contig_28150	1	380	0	0	0	0	0	0
dDocent_Contig_28154	1	336	0	0	0	0	0	0
dDocent_Contig_28155	1	507	0	0	0	0	0	0
dDocent_Contig_28168	1	421	0	0	0	0	0	0
dDocent_Contig_28179	1	388	0	0	0	0	0	0
dDocent_Contig_28184	1	439	0	0	0	0	0	0
dDocent_Contig_28187	1	396	0	0	0	0	0	0
dDocent_Contig_28188	1	374	0	0	0	0	0	0
dDocent_Contig_28193	1	437	0	0	0	0	0	0
dDocent_Contig_28200	1	356	0	0	0	0	0	0
dDocent_Contig_28207	1	464	0	0	0	0	0	0
dDocent_Contig_28209	1	407	0	0	0	0	0	0
dDocent_Contig_28230	1	371	0	0	0	0	0	0
dDocent_Contig_28245	1	323	0	0	0	0	0	0
dDocent_Contig_28247	1	361	0	0	0	0	0	0
dDocent_Contig_28254	1	330	0	0	0	0	0	0
dDocent_Contig_28255	1	379	0	0	0	0	0	0
dDocent_Contig_28264	1	339	0	0	0	0	0	0
dDocent_Contig_28265	1	350	0	0	0	0	0	0
dDocent_Contig_28269	1	422	0	0	0	0	0	0
dDocent_Contig_28270	1	504	0	0	0	0	0	0
dDocent_Contig_28283	1	480	0	0	0	0	0	0
dDocent_Contig_28285	1	500	0	0	0	0	0	0
dDocent_Contig_28291	1	394	0	0	0	0	0	0
dDocent_Contig_28296	1	458	0	0	0	0	0	0
dDocent_Contig_28307	1	352	0	0	0	0	0	0
dDocent_Contig_28312	1	346	0	0	0	0	0	0
dDocent_Contig_28331	1	355	0	0	0	0	0	0
dDocent_Contig_28333	1	415	0	0	0	0	0	0
dDocent_Contig_28335	1	350	0	0	0	0	0	0
dDocent_Contig_28345	1	248	0	0	0	0	0	0
dDocent_Contig_28348	1	367	0	0	0	0	0	0
dDocent_Contig_28353	1	351	0	0	0	0	0	0
dDocent_Contig_28358	1	322	0	0	0	0	0	0
dDocent_Contig_28371	1	331	0	0	0	0	0	0
dDocent_Contig_28372	1	420	0	0	0	0	0	0
dDocent_Contig_28388	1	381	0	0	0	0	0	0
dDocent_Contig_28395	1	366	0	0	0	0	0	0
dDocent_Contig_28396	1	398	0	0	0	0	0	0
dDocent_Contig_28408	1	486	0	0	0	0	0	0
dDocent_Contig_28411	1	497	0	0	0	0	0	0
dDocent_Contig_28420	1	366	0	0	0	0	0	0
dDocent_Contig_28422	1	442	0	0	0	0	0	0
dDocent_Contig_28424	1	484	0	0	0	0	0	0
dDocent_Contig_28430	1	400	0	0	0	0	0	0
dDocent_Contig_28431	1	395	0	0	0	0	0	0
dDocent_Contig_28438	1	414	0	0	0	0	0	0
dDocent_Contig_28442	1	448	0	0	0	0	0	0
dDocent_Contig_28447	1	368	0	0	0	0	0	0
dDocent_Contig_28461	1	344	0	0	0	0	0	0
dDocent_Contig_28467	1	376	0	0	0	0	0	0
dDocent_Contig_28472	1	260	0	0	0	0	0	0
dDocent_Contig_28473	1	247	0	0	0	0	0	0
dDocent_Contig_28476	1	310	0	0	0	0	0	0
dDocent_Contig_28478	1	382	0	0	0	0	0	0
dDocent_Contig_28480	1	355	0	0	0	0	0	0
dDocent_Contig_28497	1	388	0	0	0	0	0	0
dDocent_Contig_28498	1	330	0	0	0	0	0	0
dDocent_Contig_28500	1	391	0	0	0	0	0	0
dDocent_Contig_28502	1	311	0	0	0	0	0	0
dDocent_Contig_28508	1	332	0	0	0	0	0	0
dDocent_Contig_28510	1	519	0	0	0	0	0	0
dDocent_Contig_28518	1	400	0	0	0	0	0	0
dDocent_Contig_28520	1	430	0	0	0	0	0	0
dDocent_Contig_28537	1	353	0	0	0	0	0	0
dDocent_Contig_28538	1	450	0	0	0	0	0	0
dDocent_Contig_28540	1	267	0	0	0	0	0	0
dDocent_Contig_28543	1	410	0	0	0	0	0	0
dDocent_Contig_28545	1	256	0	0	0	0	0	0
dDocent_Contig_28548	1	481	0	0	0	0	0	0
dDocent_Contig_28553	1	312	0	0	0	0	0	0
dDocent_Contig_28556	1	487	0	0	0	0	0	0
dDocent_Contig_28557	1	325	0	0	0	0	0	0
dDocent_Contig_28562	1	444	0	0	0	0	0	0
dDocent_Contig_28564	1	316	0	0	0	0	0	0
dDocent_Contig_28572	1	365	0	0	0	0	0	0
dDocent_Contig_28575	1	375	0	0	0	0	0	0
dDocent_Contig_28578	1	356	0	0	0	0	0	0
dDocent_Contig_28580	1	431	0	0	0	0	0	0
dDocent_Contig_28582	1	382	0	0	0	0	0	0
dDocent_Contig_28586	1	336	0	0	0	0	0	0
dDocent_Contig_28596	1	424	0	0	0	0	0	0
dDocent_Contig_28598	1	360	0	0	0	0	0	0
dDocent_Contig_28603	1	395	0	0	0	0	0	0
dDocent_Contig_28609	1	406	0	0	0	0	0	0
dDocent_Contig_28622	1	335	0	0	0	0	0	0
dDocent_Contig_28623	1	373	0	0	0	0	0	0
dDocent_Contig_28624	1	391	0	0	0	0	0	0
dDocent_Contig_28628	1	490	0	0	0	0	0	0
dDocent_Contig_28636	1	396	0	0	0	0	0	0
dDocent_Contig_28644	1	318	0	0	0	0	0	0
dDocent_Contig_28646	1	319	0	0	0	0	0	0
dDocent_Contig_28648	1	455	0	0	0	0	0	0
dDocent_Contig_28656	1	391	0	0	0	0	0	0
dDocent_Contig_28658	1	383	0	0	0	0	0	0
dDocent_Contig_28665	1	293	0	0	0	0	0	0
dDocent_Contig_28667	1	419	0	0	0	0	0	0
dDocent_Contig_28670	1	382	0	0	0	0	0	0
dDocent_Contig_28671	1	356	0	0	0	0	0	0
dDocent_Contig_28675	1	404	0	0	0	0	0	0
dDocent_Contig_28677	1	342	0	0	0	0	0	0
dDocent_Contig_28685	1	359	0	0	0	0	0	0
dDocent_Contig_28703	1	305	0	0	0	0	0	0
dDocent_Contig_28708	1	363	0	0	0	0	0	0
dDocent_Contig_28716	1	447	0	0	0	0	0	0
dDocent_Contig_28721	1	329	0	0	0	0	0	0
dDocent_Contig_28724	1	302	0	0	0	0	0	0
dDocent_Contig_28725	1	425	0	0	0	0	0	0
dDocent_Contig_28727	1	383	0	0	0	0	0	0
dDocent_Contig_28731	1	406	0	0	0	0	0	0
dDocent_Contig_28736	1	385	0	0	0	0	0	0
dDocent_Contig_28737	1	352	0	0	0	0	0	0
dDocent_Contig_28780	1	420	0	0	0	0	0	0
dDocent_Contig_28787	1	465	0	0	0	0	0	0
dDocent_Contig_28793	1	290	0	0	0	0	0	0
dDocent_Contig_28795	1	369	0	0	0	0	0	0
dDocent_Contig_28798	1	365	0	0	0	0	0	0
dDocent_Contig_28808	1	288	0	0	0	0	0	0
dDocent_Contig_28810	1	380	0	0	0	0	0	0
dDocent_Contig_28814	1	392	0	0	0	0	0	0
dDocent_Contig_28832	1	345	0	0	0	0	0	0
dDocent_Contig_28833	1	395	0	0	0	0	0	0
dDocent_Contig_28834	1	363	0	0	0	0	0	0
dDocent_Contig_28835	1	372	0	0	0	0	0	0
dDocent_Contig_28837	1	450	0	0	0	0	0	0
dDocent_Contig_28846	1	277	0	0	0	0	0	0
dDocent_Contig_28853	1	392	0	0	0	0	0	0
dDocent_Contig_28860	1	382	0	0	0	0	0	0
dDocent_Contig_28869	1	364	0	0	0	0	0	0
dDocent_Contig_28871	1	491	0	0	0	0	0	0
dDocent_Contig_28897	1	271	0	0	0	0	0	0
dDocent_Contig_28909	1	315	0	0	0	0	0	0
dDocent_Contig_28929	1	463	0	0	0	0	0	0
dDocent_Contig_28931	1	413	0	0	0	0	0	0
dDocent_Contig_28935	1	380	0	0	0	0	0	0
dDocent_Contig_28938	1	441	0	0	0	0	0	0
dDocent_Contig_28945	1	361	0	0	0	0	0	0
dDocent_Contig_28946	1	461	0	0	0	0	0	0
dDocent_Contig_28947	1	374	0	0	0	0	0	0
dDocent_Contig_28955	1	378	0	0	0	0	0	0
dDocent_Contig_28959	1	388	0	0	0	0	0	0
dDocent_Contig_28978	1	246	0	0	0	0	0	0
dDocent_Contig_29024	1	379	0	0	0	0	0	0
dDocent_Contig_29056	1	368	0	0	0	0	0	0
dDocent_Contig_29059	1	296	0	0	0	0	0	0
dDocent_Contig_29063	1	287	0	0	0	0	0	0
dDocent_Contig_29077	1	409	0	0	0	0	0	0
dDocent_Contig_29079	1	307	0	0	0	0	0	0
dDocent_Contig_29110	1	512	0	0	0	0	0	0
dDocent_Contig_29117	1	330	0	0	0	0	0	0
dDocent_Contig_29121	1	366	0	0	0	0	0	0
dDocent_Contig_29125	1	379	0	0	0	0	0	0
dDocent_Contig_29129	1	418	0	0	0	0	0	0
dDocent_Contig_29141	1	413	0	0	0	0	0	0
dDocent_Contig_29143	1	458	0	0	0	0	0	0
dDocent_Contig_29158	1	291	0	0	0	0	0	0
dDocent_Contig_29159	1	426	0	0	0	0	0	0
dDocent_Contig_29167	1	309	0	0	0	0	0	0
dDocent_Contig_29171	1	403	0	0	0	0	0	0
dDocent_Contig_29173	1	341	0	0	0	0	0	0
dDocent_Contig_29175	1	458	0	0	0	0	0	0
dDocent_Contig_29181	1	353	0	0	0	0	0	0
dDocent_Contig_29183	1	414	0	0	0	0	0	0
dDocent_Contig_29184	1	370	0	0	0	0	0	0
dDocent_Contig_29186	1	323	0	0	0	0	0	0
dDocent_Contig_29193	1	321	0	0	0	0	0	0
dDocent_Contig_29194	1	310	0	0	0	0	0	0
dDocent_Contig_29196	1	356	0	0	0	0	0	0
dDocent_Contig_29205	1	314	0	0	0	0	0	0
dDocent_Contig_29207	1	380	0	0	0	0	0	0
dDocent_Contig_29211	1	366	0	0	0	0	0	0
dDocent_Contig_29212	1	319	0	0	0	0	0	0
dDocent_Contig_29230	1	398	0	0	0	0	0	0
dDocent_Contig_29231	1	337	0	0	0	0	0	0
dDocent_Contig_29235	1	397	0	0	0	0	0	0
dDocent_Contig_29236	1	439	0	0	0	0	0	0
dDocent_Contig_29242	1	263	0	0	0	0	0	0
dDocent_Contig_29251	1	494	0	0	0	0	0	0
dDocent_Contig_29252	1	307	0	0	0	0	0	0
dDocent_Contig_29265	1	380	0	0	0	0	0	0
dDocent_Contig_29280	1	512	0	0	0	0	0	0
dDocent_Contig_29282	1	407	0	0	0	0	0	0
dDocent_Contig_29285	1	343	0	0	0	0	0	0
dDocent_Contig_29290	1	357	0	0	0	0	0	0
dDocent_Contig_29293	1	296	0	0	0	0	0	0
dDocent_Contig_29306	1	377	0	0	0	0	0	0
dDocent_Contig_29322	1	387	0	0	0	0	0	0
dDocent_Contig_29324	1	304	0	0	0	0	0	0
dDocent_Contig_29338	1	391	0	0	0	0	0	0
dDocent_Contig_29340	1	447	0	0	0	0	0	0
dDocent_Contig_29346	1	268	0	0	0	0	0	0
dDocent_Contig_29355	1	381	0	0	0	0	0	0
dDocent_Contig_29360	1	430	0	0	0	0	0	0
dDocent_Contig_29362	1	308	0	0	0	0	0	0
dDocent_Contig_29366	1	473	0	0	0	0	0	0
dDocent_Contig_29370	1	335	0	0	0	0	0	0
dDocent_Contig_29383	1	391	0	0	0	0	0	0
dDocent_Contig_29386	1	462	0	0	0	0	0	0
dDocent_Contig_29392	1	355	0	0	0	0	0	0
dDocent_Contig_29400	1	412	0	0	0	0	0	0
dDocent_Contig_29402	1	459	0	0	0	0	0	0
dDocent_Contig_29404	1	401	0	0	0	0	0	0
dDocent_Contig_29406	1	342	0	0	0	0	0	0
dDocent_Contig_29413	1	371	0	0	0	0	0	0
dDocent_Contig_29417	1	378	0	0	0	0	0	0
dDocent_Contig_29418	1	431	0	0	0	0	0	0
dDocent_Contig_29422	1	401	0	0	0	0	0	0
dDocent_Contig_29423	1	370	0	0	0	0	0	0
dDocent_Contig_29438	1	450	0	0	0	0	0	0
dDocent_Contig_29440	1	394	0	0	0	0	0	0
dDocent_Contig_29441	1	334	0	0	0	0	0	0
dDocent_Contig_29455	1	389	0	0	0	0	0	0
dDocent_Contig_29457	1	414	0	0	0	0	0	0
dDocent_Contig_29460	1	297	0	0	0	0	0	0
dDocent_Contig_29463	1	374	0	0	0	0	0	0
dDocent_Contig_29493	1	438	0	0	0	0	0	0
dDocent_Contig_29499	1	302	0	0	0	0	0	0
dDocent_Contig_29501	1	399	0	0	0	0	0	0
dDocent_Contig_29505	1	345	0	0	0	0	0	0
dDocent_Contig_29515	1	287	0	0	0	0	0	0
dDocent_Contig_29522	1	355	0	0	0	0	0	0
dDocent_Contig_29525	1	393	0	0	0	0	0	0
dDocent_Contig_29526	1	341	0	0	0	0	0	0
dDocent_Contig_29562	1	374	0	0	0	0	0	0
dDocent_Contig_29566	1	292	0	0	0	0	0	0
dDocent_Contig_29575	1	369	0	0	0	0	0	0
dDocent_Contig_29577	1	224	0	0	0	0	0	0
dDocent_Contig_29582	1	406	0	0	0	0	0	0
dDocent_Contig_29584	1	403	0	0	0	0	0	0
dDocent_Contig_29585	1	338	0	0	0	0	0	0
dDocent_Contig_29587	1	472	0	0	0	0	0	0
dDocent_Contig_29615	1	350	0	0	0	0	0	0
dDocent_Contig_29617	1	410	0	0	0	0	0	0
dDocent_Contig_29625	1	285	0	0	0	0	0	0
dDocent_Contig_29629	1	446	0	0	0	0	0	0
dDocent_Contig_29637	1	397	0	0	0	0	0	0
dDocent_Contig_29642	1	375	0	0	0	0	0	0
dDocent_Contig_29643	1	278	0	0	0	0	0	0
dDocent_Contig_29648	1	364	0	0	0	0	0	0
dDocent_Contig_29666	1	378	0	0	0	0	0	0
dDocent_Contig_29669	1	321	0	0	0	0	0	0
dDocent_Contig_29700	1	449	0	0	0	0	0	0
dDocent_Contig_29703	1	382	0	0	0	0	0	0
dDocent_Contig_29706	1	488	0	0	0	0	0	0
dDocent_Contig_29726	1	462	0	0	0	0	0	0
dDocent_Contig_29735	1	374	0	0	0	0	0	0
dDocent_Contig_29736	1	397	0	0	0	0	0	0
dDocent_Contig_29737	1	507	0	0	0	0	0	0
dDocent_Contig_29740	1	504	0	0	0	0	0	0
dDocent_Contig_29742	1	366	0	0	0	0	0	0
dDocent_Contig_29744	1	374	0	0	0	0	0	0
dDocent_Contig_29748	1	443	0	0	0	0	0	0
dDocent_Contig_29752	1	379	0	0	0	0	0	0
dDocent_Contig_29757	1	380	0	0	0	0	0	0
dDocent_Contig_29764	1	436	0	0	0	0	0	0
dDocent_Contig_29765	1	435	0	0	0	0	0	0
dDocent_Contig_29786	1	396	0	0	0	0	0	0
dDocent_Contig_29795	1	502	0	0	0	0	0	0
dDocent_Contig_29801	1	428	0	0	0	0	0	0
dDocent_Contig_29805	1	404	0	0	0	0	0	0
dDocent_Contig_29807	1	443	0	0	0	0	0	0
dDocent_Contig_29817	1	366	0	0	0	0	0	0
dDocent_Contig_29818	1	436	0	0	0	0	0	0
dDocent_Contig_29823	1	357	0	0	0	0	0	0
dDocent_Contig_29829	1	296	0	0	0	0	0	0
dDocent_Contig_29833	1	362	0	0	0	0	0	0
dDocent_Contig_29834	1	403	0	0	0	0	0	0
dDocent_Contig_29835	1	411	0	0	0	0	0	0
dDocent_Contig_29837	1	376	0	0	0	0	0	0
dDocent_Contig_29854	1	329	0	0	0	0	0	0
dDocent_Contig_29857	1	285	0	0	0	0	0	0
dDocent_Contig_29870	1	395	0	0	0	0	0	0
dDocent_Contig_29874	1	396	0	0	0	0	0	0
dDocent_Contig_29875	1	298	0	0	0	0	0	0
dDocent_Contig_29882	1	332	0	0	0	0	0	0
dDocent_Contig_29891	1	437	0	0	0	0	0	0
dDocent_Contig_29895	1	374	0	0	0	0	0	0
dDocent_Contig_29896	1	378	0	0	0	0	0	0
dDocent_Contig_29899	1	505	0	0	0	0	0	0
dDocent_Contig_29906	1	387	0	0	0	0	0	0
dDocent_Contig_29927	1	349	0	0	0	0	0	0
dDocent_Contig_29932	1	434	0	0	0	0	0	0
dDocent_Contig_29936	1	374	0	0	0	0	0	0
dDocent_Contig_29938	1	349	0	0	0	0	0	0
dDocent_Contig_29939	1	300	0	0	0	0	0	0
dDocent_Contig_29952	1	391	0	0	0	0	0	0
dDocent_Contig_29956	1	418	0	0	0	0	0	0
dDocent_Contig_29957	1	473	0	0	0	0	0	0
dDocent_Contig_29959	1	337	0	0	0	0	0	0
dDocent_Contig_29961	1	466	0	0	0	0	0	0
dDocent_Contig_29967	1	274	0	0	0	0	0	0
dDocent_Contig_29969	1	505	0	0	0	0	0	0
dDocent_Contig_29971	1	378	0	0	0	0	0	0
dDocent_Contig_29972	1	281	0	0	0	0	0	0
dDocent_Contig_29983	1	413	0	0	0	0	0	0
dDocent_Contig_29991	1	453	0	0	0	0	0	0
dDocent_Contig_29994	1	381	0	0	0	0	0	0
dDocent_Contig_30011	1	338	0	0	0	0	0	0
dDocent_Contig_30012	1	332	0	0	0	0	0	0
dDocent_Contig_30015	1	387	0	0	0	0	0	0
dDocent_Contig_30016	1	421	0	0	0	0	0	0
dDocent_Contig_30017	1	404	0	0	0	0	0	0
dDocent_Contig_30031	1	486	0	0	0	0	0	0
dDocent_Contig_30033	1	309	0	0	0	0	0	0
dDocent_Contig_30034	1	412	0	0	0	0	0	0
dDocent_Contig_30045	1	355	0	0	0	0	0	0
dDocent_Contig_30046	1	352	0	0	0	0	0	0
dDocent_Contig_30047	1	263	0	0	0	0	0	0
dDocent_Contig_30049	1	379	0	0	0	0	0	0
dDocent_Contig_30052	1	391	0	0	0	0	0	0
dDocent_Contig_30055	1	390	0	0	0	0	0	0
dDocent_Contig_30064	1	375	0	0	0	0	0	0
dDocent_Contig_30065	1	382	0	0	0	0	0	0
dDocent_Contig_30067	1	460	0	0	0	0	0	0
dDocent_Contig_30073	1	359	0	0	0	0	0	0
dDocent_Contig_30079	1	407	0	0	0	0	0	0
dDocent_Contig_30082	1	314	0	0	0	0	0	0
dDocent_Contig_30085	1	444	0	0	0	0	0	0
dDocent_Contig_30086	1	461	0	0	0	0	0	0
dDocent_Contig_30088	1	385	0	0	0	0	0	0
dDocent_Contig_30090	1	378	0	0	0	0	0	0
dDocent_Contig_30096	1	442	0	0	0	0	0	0
dDocent_Contig_30097	1	406	0	0	0	0	0	0
dDocent_Contig_30099	1	369	0	0	0	0	0	0
dDocent_Contig_30101	1	249	0	0	0	0	0	0
dDocent_Contig_30112	1	252	0	0	0	0	0	0
dDocent_Contig_30113	1	390	0	0	0	0	0	0
dDocent_Contig_30114	1	385	0	0	0	0	0	0
dDocent_Contig_30129	1	454	0	0	0	0	0	0
dDocent_Contig_30142	1	473	0	0	0	0	0	0
dDocent_Contig_30145	1	469	0	0	0	0	0	0
dDocent_Contig_30146	1	357	0	0	0	0	0	0
dDocent_Contig_30155	1	381	0	0	0	0	0	0
dDocent_Contig_30158	1	363	0	0	0	0	0	0
dDocent_Contig_30163	1	320	0	0	0	0	0	0
dDocent_Contig_30172	1	329	0	0	0	0	0	0
dDocent_Contig_30175	1	387	0	0	0	0	0	0
dDocent_Contig_30177	1	446	0	0	0	0	0	0
dDocent_Contig_30178	1	325	0	0	0	0	0	0
dDocent_Contig_30187	1	433	0	0	0	0	0	0
dDocent_Contig_30190	1	320	0	0	0	0	0	0
dDocent_Contig_30191	1	437	0	0	0	0	0	0
dDocent_Contig_30213	1	474	0	0	0	0	0	0
dDocent_Contig_30214	1	509	0	0	0	0	0	0
dDocent_Contig_30223	1	391	0	0	0	0	0	0
dDocent_Contig_30228	1	365	0	0	0	0	0	0
dDocent_Contig_30231	1	383	0	0	0	0	0	0
dDocent_Contig_30234	1	405	0	0	0	0	0	0
dDocent_Contig_30235	1	411	0	0	0	0	0	0
dDocent_Contig_30238	1	502	0	0	0	0	0	0
dDocent_Contig_30241	1	321	0	0	0	0	0	0
dDocent_Contig_30245	1	373	0	0	0	0	0	0
dDocent_Contig_30246	1	425	0	0	0	0	0	0
dDocent_Contig_30247	1	450	0	0	0	0	0	0
dDocent_Contig_30251	1	259	0	0	0	0	0	0
dDocent_Contig_30252	1	356	0	0	0	0	0	0
dDocent_Contig_30258	1	410	0	0	0	0	0	0
dDocent_Contig_30264	1	395	0	0	0	0	0	0
dDocent_Contig_30267	1	416	0	0	0	0	0	0
dDocent_Contig_30269	1	408	0	0	0	0	0	0
dDocent_Contig_30276	1	369	0	0	0	0	0	0
dDocent_Contig_30285	1	428	0	0	0	0	0	0
dDocent_Contig_30288	1	317	0	0	0	0	0	0
dDocent_Contig_30306	1	438	0	0	0	0	0	0
dDocent_Contig_30313	1	434	0	0	0	0	0	0
dDocent_Contig_30315	1	309	0	0	0	0	0	0
dDocent_Contig_30316	1	403	0	0	0	0	0	0
dDocent_Contig_30317	1	445	0	0	0	0	0	0
dDocent_Contig_30318	1	399	0	0	0	0	0	0
dDocent_Contig_30319	1	409	0	0	0	0	0	0
dDocent_Contig_30324	1	284	0	0	0	0	0	0
dDocent_Contig_30326	1	286	0	0	0	0	0	0
dDocent_Contig_30327	1	324	0	0	0	0	0	0
dDocent_Contig_30336	1	423	0	0	0	0	0	0
dDocent_Contig_30349	1	375	0	0	0	0	0	0
dDocent_Contig_30351	1	397	0	0	0	0	0	0
dDocent_Contig_30352	1	267	0	0	0	0	0	0
dDocent_Contig_30355	1	372	0	0	0	0	0	0
dDocent_Contig_30357	1	439	0	0	0	0	0	0
dDocent_Contig_30381	1	339	0	0	0	0	0	0
dDocent_Contig_30386	1	442	0	0	0	0	0	0
dDocent_Contig_30391	1	416	0	0	0	0	0	0
dDocent_Contig_30394	1	501	0	0	0	0	0	0
dDocent_Contig_30396	1	432	0	0	0	0	0	0
dDocent_Contig_30397	1	433	0	0	0	0	0	0
dDocent_Contig_30400	1	380	0	0	0	0	0	0
dDocent_Contig_30401	1	417	0	0	0	0	0	0
dDocent_Contig_30402	1	347	0	0	0	0	0	0
dDocent_Contig_30403	1	411	0	0	0	0	0	0
dDocent_Contig_30406	1	302	0	0	0	0	0	0
dDocent_Contig_30407	1	440	0	0	0	0	0	0
dDocent_Contig_30409	1	406	0	0	0	0	0	0
dDocent_Contig_30411	1	279	0	0	0	0	0	0
dDocent_Contig_30413	1	409	0	0	0	0	0	0
dDocent_Contig_30415	1	325	0	0	0	0	0	0
dDocent_Contig_30419	1	350	0	0	0	0	0	0
dDocent_Contig_30420	1	419	0	0	0	0	0	0
dDocent_Contig_30421	1	445	0	0	0	0	0	0
dDocent_Contig_30422	1	251	0	0	0	0	0	0
dDocent_Contig_30424	1	402	0	0	0	0	0	0
dDocent_Contig_30426	1	376	0	0	0	0	0	0
dDocent_Contig_30430	1	498	0	0	0	0	0	0
dDocent_Contig_30431	1	406	0	0	0	0	0	0
dDocent_Contig_30432	1	277	0	0	0	0	0	0
dDocent_Contig_30434	1	362	0	0	0	0	0	0
dDocent_Contig_30435	1	378	0	0	0	0	0	0
dDocent_Contig_30441	1	367	0	0	0	0	0	0
dDocent_Contig_30443	1	345	0	0	0	0	0	0
dDocent_Contig_30449	1	390	0	0	0	0	0	0
dDocent_Contig_30457	1	266	0	0	0	0	0	0
dDocent_Contig_30471	1	480	0	0	0	0	0	0
dDocent_Contig_30473	1	499	0	0	0	0	0	0
dDocent_Contig_30486	1	362	0	0	0	0	0	0
dDocent_Contig_30492	1	399	0	0	0	0	0	0
dDocent_Contig_30494	1	488	0	0	0	0	0	0
dDocent_Contig_30500	1	407	0	0	0	0	0	0
dDocent_Contig_30505	1	337	0	0	0	0	0	0
dDocent_Contig_30507	1	365	0	0	0	0	0	0
dDocent_Contig_30514	1	340	0	0	0	0	0	0
dDocent_Contig_30515	1	378	0	0	0	0	0	0
dDocent_Contig_30517	1	482	0	0	0	0	0	0
dDocent_Contig_30525	1	367	0	0	0	0	0	0
dDocent_Contig_30532	1	412	0	0	0	0	0	0
dDocent_Contig_30541	1	489	0	0	0	0	0	0
dDocent_Contig_30560	1	394	0	0	0	0	0	0
dDocent_Contig_30565	1	400	0	0	0	0	0	0
dDocent_Contig_30566	1	391	0	0	0	0	0	0
dDocent_Contig_30572	1	373	0	0	0	0	0	0
dDocent_Contig_30577	1	411	0	0	0	0	0	0
dDocent_Contig_30578	1	265	0	0	0	0	0	0
dDocent_Contig_30583	1	274	0	0	0	0	0	0
dDocent_Contig_30585	1	405	0	0	0	0	0	0
dDocent_Contig_30588	1	400	0	0	0	0	0	0
dDocent_Contig_30596	1	472	0	0	0	0	0	0
dDocent_Contig_30603	1	344	0	0	0	0	0	0
dDocent_Contig_30612	1	395	0	0	0	0	0	0
dDocent_Contig_30615	1	360	0	0	0	0	0	0
dDocent_Contig_30618	1	448	0	0	0	0	0	0
dDocent_Contig_30639	1	380	0	0	0	0	0	0
dDocent_Contig_30642	1	368	0	0	0	0	0	0
dDocent_Contig_30655	1	395	0	0	0	0	0	0
dDocent_Contig_30659	1	515	0	0	0	0	0	0
dDocent_Contig_30672	1	440	0	0	0	0	0	0
dDocent_Contig_30675	1	242	0	0	0	0	0	0
dDocent_Contig_30683	1	481	0	0	0	0	0	0
dDocent_Contig_30689	1	371	0	0	0	0	0	0
dDocent_Contig_30693	1	416	0	0	0	0	0	0
dDocent_Contig_30695	1	384	0	0	0	0	0	0
dDocent_Contig_30697	1	278	0	0	0	0	0	0
dDocent_Contig_30703	1	434	0	0	0	0	0	0
dDocent_Contig_30706	1	508	0	0	0	0	0	0
dDocent_Contig_30715	1	345	0	0	0	0	0	0
dDocent_Contig_30722	1	333	0	0	0	0	0	0
dDocent_Contig_30723	1	353	0	0	0	0	0	0
dDocent_Contig_30725	1	424	0	0	0	0	0	0
dDocent_Contig_30727	1	248	0	0	0	0	0	0
dDocent_Contig_30746	1	280	0	0	0	0	0	0
dDocent_Contig_30750	1	410	0	0	0	0	0	0
dDocent_Contig_30760	1	380	0	0	0	0	0	0
dDocent_Contig_30772	1	507	0	0	0	0	0	0
dDocent_Contig_30778	1	396	0	0	0	0	0	0
dDocent_Contig_30781	1	427	0	0	0	0	0	0
dDocent_Contig_30785	1	326	0	0	0	0	0	0
dDocent_Contig_30786	1	325	0	0	0	0	0	0
dDocent_Contig_30791	1	421	0	0	0	0	0	0
dDocent_Contig_30811	1	418	0	0	0	0	0	0
dDocent_Contig_30826	1	309	0	0	0	0	0	0
dDocent_Contig_30839	1	318	0	0	0	0	0	0
dDocent_Contig_30845	1	478	0	0	0	0	0	0
dDocent_Contig_30848	1	389	0	0	0	0	0	0
dDocent_Contig_30850	1	464	0	0	0	0	0	0
dDocent_Contig_30853	1	407	0	0	0	0	0	0
dDocent_Contig_30854	1	472	0	0	0	0	0	0
dDocent_Contig_30865	1	389	0	0	0	0	0	0
dDocent_Contig_30867	1	302	0	0	0	0	0	0
dDocent_Contig_30874	1	399	0	0	0	0	0	0
dDocent_Contig_30879	1	420	0	0	0	0	0	0
dDocent_Contig_30890	1	356	0	0	0	0	0	0
dDocent_Contig_30892	1	236	0	0	0	0	0	0
dDocent_Contig_30911	1	401	0	0	0	0	0	0
dDocent_Contig_30917	1	305	0	0	0	0	0	0
dDocent_Contig_30918	1	376	0	0	0	0	0	0
dDocent_Contig_30925	1	382	0	0	0	0	0	0
dDocent_Contig_30927	1	298	0	0	0	0	0	0
dDocent_Contig_30929	1	401	0	0	0	0	0	0
dDocent_Contig_30939	1	378	0	0	0	0	0	0
dDocent_Contig_30972	1	360	0	0	0	0	0	0
dDocent_Contig_30981	1	428	0	0	0	0	0	0
dDocent_Contig_30988	1	289	0	0	0	0	0	0
dDocent_Contig_30991	1	382	0	0	0	0	0	0
dDocent_Contig_31000	1	344	0	0	0	0	0	0
dDocent_Contig_31003	1	322	0	0	0	0	0	0
dDocent_Contig_31004	1	477	0	0	0	0	0	0
dDocent_Contig_31006	1	391	0	0	0	0	0	0
dDocent_Contig_31008	1	330	0	0	0	0	0	0
dDocent_Contig_31009	1	315	0	0	0	0	0	0
dDocent_Contig_31011	1	258	0	0	0	0	0	0
dDocent_Contig_31016	1	386	0	0	0	0	0	0
dDocent_Contig_31018	1	446	0	0	0	0	0	0
dDocent_Contig_31019	1	348	0	0	0	0	0	0
dDocent_Contig_31025	1	430	0	0	0	0	0	0
dDocent_Contig_31027	1	475	0	0	0	0	0	0
dDocent_Contig_31029	1	397	0	0	0	0	0	0
dDocent_Contig_31033	1	382	0	0	0	0	0	0
dDocent_Contig_31035	1	374	0	0	0	0	0	0
dDocent_Contig_31041	1	341	0	0	0	0	0	0
dDocent_Contig_31044	1	350	0	0	0	0	0	0
dDocent_Contig_31045	1	393	0	0	0	0	0	0
dDocent_Contig_31047	1	421	0	0	0	0	0	0
dDocent_Contig_31048	1	368	0	0	0	0	0	0
dDocent_Contig_31053	1	306	0	0	0	0	0	0
dDocent_Contig_31055	1	289	0	0	0	0	0	0
dDocent_Contig_31068	1	474	0	0	0	0	0	0
dDocent_Contig_31073	1	422	0	0	0	0	0	0
dDocent_Contig_31092	1	346	0	0	0	0	0	0
dDocent_Contig_31093	1	398	0	0	0	0	0	0
dDocent_Contig_31096	1	369	0	0	0	0	0	0
dDocent_Contig_31098	1	395	0	0	0	0	0	0
dDocent_Contig_31103	1	368	0	0	0	0	0	0
dDocent_Contig_31105	1	377	0	0	0	0	0	0
dDocent_Contig_31106	1	426	0	0	0	0	0	0
dDocent_Contig_31124	1	427	0	0	0	0	0	0
dDocent_Contig_31131	1	412	0	0	0	0	0	0
dDocent_Contig_31133	1	356	0	0	0	0	0	0
dDocent_Contig_31135	1	427	0	0	0	0	0	0
dDocent_Contig_31158	1	323	0	0	0	0	0	0
dDocent_Contig_31159	1	353	0	0	0	0	0	0
dDocent_Contig_31160	1	304	0	0	0	0	0	0
dDocent_Contig_31170	1	364	0	0	0	0	0	0
dDocent_Contig_31172	1	452	0	0	0	0	0	0
dDocent_Contig_31174	1	398	0	0	0	0	0	0
dDocent_Contig_31176	1	339	0	0	0	0	0	0
dDocent_Contig_31184	1	367	0	0	0	0	0	0
dDocent_Contig_31188	1	386	0	0	0	0	0	0
dDocent_Contig_31204	1	516	0	0	0	0	0	0
dDocent_Contig_31205	1	323	0	0	0	0	0	0
dDocent_Contig_31217	1	375	0	0	0	0	0	0
dDocent_Contig_31218	1	426	0	0	0	0	0	0
dDocent_Contig_31221	1	403	0	0	0	0	0	0
dDocent_Contig_31227	1	351	0	0	0	0	0	0
dDocent_Contig_31237	1	381	0	0	0	0	0	0
dDocent_Contig_31239	1	432	0	0	0	0	0	0
dDocent_Contig_31244	1	409	0	0	0	0	0	0
dDocent_Contig_31250	1	407	0	0	0	0	0	0
dDocent_Contig_31252	1	290	0	0	0	0	0	0
dDocent_Contig_31256	1	438	0	0	0	0	0	0
dDocent_Contig_31261	1	410	0	0	0	0	0	0
dDocent_Contig_31262	1	500	0	0	0	0	0	0
dDocent_Contig_31263	1	416	0	0	0	0	0	0
dDocent_Contig_31265	1	368	0	0	0	0	0	0
dDocent_Contig_31271	1	463	0	0	0	0	0	0
dDocent_Contig_31274	1	320	0	0	0	0	0	0
dDocent_Contig_31278	1	459	0	0	0	0	0	0
dDocent_Contig_31282	1	452	0	0	0	0	0	0
dDocent_Contig_31287	1	498	0	0	0	0	0	0
dDocent_Contig_31289	1	363	0	0	0	0	0	0
dDocent_Contig_31294	1	409	0	0	0	0	0	0
dDocent_Contig_31303	1	460	0	0	0	0	0	0
dDocent_Contig_31305	1	368	0	0	0	0	0	0
dDocent_Contig_31310	1	248	0	0	0	0	0	0
dDocent_Contig_31322	1	489	0	0	0	0	0	0
dDocent_Contig_31324	1	417	0	0	0	0	0	0
dDocent_Contig_31326	1	373	0	0	0	0	0	0
dDocent_Contig_31329	1	233	0	0	0	0	0	0
dDocent_Contig_31335	1	362	0	0	0	0	0	0
dDocent_Contig_31336	1	492	0	0	0	0	0	0
dDocent_Contig_31348	1	336	0	0	0	0	0	0
dDocent_Contig_31350	1	464	0	0	0	0	0	0
dDocent_Contig_31368	1	430	0	0	0	0	0	0
dDocent_Contig_31376	1	398	0	0	0	0	0	0
dDocent_Contig_31405	1	379	0	0	0	0	0	0
dDocent_Contig_31413	1	403	0	0	0	0	0	0
dDocent_Contig_31415	1	482	0	0	0	0	0	0
dDocent_Contig_31416	1	344	0	0	0	0	0	0
dDocent_Contig_31417	1	383	0	0	0	0	0	0
dDocent_Contig_31418	1	400	0	0	0	0	0	0
dDocent_Contig_31421	1	380	0	0	0	0	0	0
dDocent_Contig_31436	1	328	0	0	0	0	0	0
dDocent_Contig_31443	1	386	0	0	0	0	0	0
dDocent_Contig_31449	1	399	0	0	0	0	0	0
dDocent_Contig_31451	1	317	0	0	0	0	0	0
dDocent_Contig_31454	1	510	0	0	0	0	0	0
dDocent_Contig_31465	1	405	0	0	0	0	0	0
dDocent_Contig_31470	1	376	0	0	0	0	0	0
dDocent_Contig_31472	1	329	0	0	0	0	0	0
dDocent_Contig_31476	1	366	0	0	0	0	0	0
dDocent_Contig_31485	1	314	0	0	0	0	0	0
dDocent_Contig_31493	1	325	0	0	0	0	0	0
dDocent_Contig_31510	1	278	0	0	0	0	0	0
dDocent_Contig_31512	1	335	0	0	0	0	0	0
dDocent_Contig_31515	1	375	0	0	0	0	0	0
dDocent_Contig_31525	1	363	0	0	0	0	0	0
dDocent_Contig_31528	1	416	0	0	0	0	0	0
dDocent_Contig_31530	1	461	0	0	0	0	0	0
dDocent_Contig_31535	1	470	0	0	0	0	0	0
dDocent_Contig_31536	1	277	0	0	0	0	0	0
dDocent_Contig_31544	1	456	0	0	0	0	0	0
dDocent_Contig_31546	1	371	0	0	0	0	0	0
dDocent_Contig_31557	1	394	0	0	0	0	0	0
dDocent_Contig_31561	1	384	0	0	0	0	0	0
dDocent_Contig_31562	1	436	0	0	0	0	0	0
dDocent_Contig_31569	1	503	0	0	0	0	0	0
dDocent_Contig_31588	1	386	0	0	0	0	0	0
dDocent_Contig_31590	1	406	0	0	0	0	0	0
dDocent_Contig_31591	1	395	0	0	0	0	0	0
dDocent_Contig_31592	1	257	0	0	0	0	0	0
dDocent_Contig_31593	1	468	0	0	0	0	0	0
dDocent_Contig_31597	1	457	0	0	0	0	0	0
dDocent_Contig_31605	1	514	0	0	0	0	0	0
dDocent_Contig_31609	1	398	0	0	0	0	0	0
dDocent_Contig_31610	1	418	0	0	0	0	0	0
dDocent_Contig_31617	1	394	0	0	0	0	0	0
dDocent_Contig_31618	1	282	0	0	0	0	0	0
dDocent_Contig_31619	1	494	0	0	0	0	0	0
dDocent_Contig_31627	1	425	0	0	0	0	0	0
dDocent_Contig_31629	1	333	0	0	0	0	0	0
dDocent_Contig_31637	1	459	0	0	0	0	0	0
dDocent_Contig_31640	1	349	0	0	0	0	0	0
dDocent_Contig_31663	1	336	0	0	0	0	0	0
dDocent_Contig_31664	1	485	0	0	0	0	0	0
dDocent_Contig_31665	1	452	0	0	0	0	0	0
dDocent_Contig_31667	1	399	0	0	0	0	0	0
dDocent_Contig_31670	1	396	0	0	0	0	0	0
dDocent_Contig_31672	1	382	0	0	0	0	0	0
dDocent_Contig_31673	1	286	0	0	0	0	0	0
dDocent_Contig_31684	1	407	0	0	0	0	0	0
dDocent_Contig_31688	1	312	0	0	0	0	0	0
dDocent_Contig_31707	1	352	0	0	0	0	0	0
dDocent_Contig_31717	1	394	0	0	0	0	0	0
dDocent_Contig_31732	1	502	0	0	0	0	0	0
dDocent_Contig_31737	1	481	0	0	0	0	0	0
dDocent_Contig_31750	1	387	0	0	0	0	0	0
dDocent_Contig_31757	1	409	0	0	0	0	0	0
dDocent_Contig_31759	1	343	0	0	0	0	0	0
dDocent_Contig_31762	1	413	0	0	0	0	0	0
dDocent_Contig_31769	1	445	0	0	0	0	0	0
dDocent_Contig_31771	1	400	0	0	0	0	0	0
dDocent_Contig_31774	1	361	0	0	0	0	0	0
dDocent_Contig_31775	1	472	0	0	0	0	0	0
dDocent_Contig_31776	1	362	0	0	0	0	0	0
dDocent_Contig_31780	1	427	0	0	0	0	0	0
dDocent_Contig_31785	1	295	0	0	0	0	0	0
dDocent_Contig_31789	1	384	0	0	0	0	0	0
dDocent_Contig_31797	1	492	0	0	0	0	0	0
dDocent_Contig_31800	1	459	0	0	0	0	0	0
dDocent_Contig_31805	1	330	0	0	0	0	0	0
dDocent_Contig_31812	1	485	0	0	0	0	0	0
dDocent_Contig_31828	1	511	0	0	0	0	0	0
dDocent_Contig_31829	1	385	0	0	0	0	0	0
dDocent_Contig_31840	1	319	0	0	0	0	0	0
dDocent_Contig_31841	1	420	0	0	0	0	0	0
dDocent_Contig_31850	1	399	0	0	0	0	0	0
dDocent_Contig_31851	1	356	0	0	0	0	0	0
dDocent_Contig_31861	1	328	0	0	0	0	0	0
dDocent_Contig_31865	1	285	0	0	0	0	0	0
dDocent_Contig_31872	1	501	0	0	0	0	0	0
dDocent_Contig_31892	1	396	0	0	0	0	0	0
dDocent_Contig_31894	1	292	0	0	0	0	0	0
dDocent_Contig_31895	1	278	0	0	0	0	0	0
dDocent_Contig_31896	1	260	0	0	0	0	0	0
dDocent_Contig_31898	1	394	0	0	0	0	0	0
dDocent_Contig_31901	1	474	0	0	0	0	0	0
dDocent_Contig_31906	1	338	0	0	0	0	0	0
dDocent_Contig_31908	1	387	0	0	0	0	0	0
dDocent_Contig_31909	1	373	0	0	0	0	0	0
dDocent_Contig_31910	1	294	0	0	0	0	0	0
dDocent_Contig_31913	1	485	0	0	0	0	0	0
dDocent_Contig_31919	1	367	0	0	0	0	0	0
dDocent_Contig_31920	1	495	0	0	0	0	0	0
dDocent_Contig_31922	1	471	0	0	0	0	0	0
dDocent_Contig_31936	1	409	0	0	0	0	0	0
dDocent_Contig_31945	1	430	0	0	0	0	0	0
dDocent_Contig_31954	1	457	0	0	0	0	0	0
dDocent_Contig_31956	1	373	0	0	0	0	0	0
dDocent_Contig_31958	1	404	0	0	0	0	0	0
dDocent_Contig_31960	1	465	0	0	0	0	0	0
dDocent_Contig_31971	1	437	0	0	0	0	0	0
dDocent_Contig_31973	1	434	0	0	0	0	0	0
dDocent_Contig_31976	1	247	0	0	0	0	0	0
dDocent_Contig_31979	1	361	0	0	0	0	0	0
dDocent_Contig_31991	1	439	0	0	0	0	0	0
dDocent_Contig_31997	1	407	0	0	0	0	0	0
dDocent_Contig_32001	1	231	0	0	0	0	0	0
dDocent_Contig_32014	1	431	0	0	0	0	0	0
dDocent_Contig_32020	1	316	0	0	0	0	0	0
dDocent_Contig_32022	1	385	0	0	0	0	0	0
dDocent_Contig_32023	1	312	0	0	0	0	0	0
dDocent_Contig_32024	1	515	0	0	0	0	0	0
dDocent_Contig_32032	1	410	0	0	0	0	0	0
dDocent_Contig_32050	1	390	0	0	0	0	0	0
dDocent_Contig_32052	1	423	0	0	0	0	0	0
dDocent_Contig_32055	1	304	0	0	0	0	0	0
dDocent_Contig_32058	1	512	0	0	0	0	0	0
dDocent_Contig_32060	1	459	0	0	0	0	0	0
dDocent_Contig_32064	1	272	0	0	0	0	0	0
dDocent_Contig_32073	1	461	0	0	0	0	0	0
dDocent_Contig_32076	1	390	0	0	0	0	0	0
dDocent_Contig_32079	1	306	0	0	0	0	0	0
dDocent_Contig_32080	1	346	0	0	0	0	0	0
dDocent_Contig_32081	1	422	0	0	0	0	0	0
dDocent_Contig_32083	1	388	0	0	0	0	0	0
dDocent_Contig_32084	1	460	0	0	0	0	0	0
dDocent_Contig_32085	1	289	0	0	0	0	0	0
dDocent_Contig_32090	1	371	0	0	0	0	0	0
dDocent_Contig_32094	1	369	0	0	0	0	0	0
dDocent_Contig_32096	1	519	0	0	0	0	0	0
dDocent_Contig_32099	1	351	0	0	0	0	0	0
dDocent_Contig_32100	1	320	0	0	0	0	0	0
dDocent_Contig_32107	1	274	0	0	0	0	0	0
dDocent_Contig_32109	1	435	0	0	0	0	0	0
dDocent_Contig_32112	1	231	0	0	0	0	0	0
dDocent_Contig_32120	1	389	0	0	0	0	0	0
dDocent_Contig_32125	1	493	0	0	0	0	0	0
dDocent_Contig_32129	1	276	0	0	0	0	0	0
dDocent_Contig_32130	1	463	0	0	0	0	0	0
dDocent_Contig_32134	1	246	0	0	0	0	0	0
dDocent_Contig_32139	1	461	0	0	0	0	0	0
dDocent_Contig_32141	1	476	0	0	0	0	0	0
dDocent_Contig_32147	1	457	0	0	0	0	0	0
dDocent_Contig_32151	1	481	0	0	0	0	0	0
dDocent_Contig_32153	1	444	0	0	0	0	0	0
dDocent_Contig_32162	1	405	0	0	0	0	0	0
dDocent_Contig_32166	1	355	0	0	0	0	0	0
dDocent_Contig_32168	1	413	0	0	0	0	0	0
dDocent_Contig_32169	1	316	0	0	0	0	0	0
dDocent_Contig_32170	1	308	0	0	0	0	0	0
dDocent_Contig_32172	1	415	0	0	0	0	0	0
dDocent_Contig_32180	1	352	0	0	0	0	0	0
dDocent_Contig_32181	1	418	0	0	0	0	0	0
dDocent_Contig_32183	1	363	0	0	0	0	0	0
dDocent_Contig_32184	1	405	0	0	0	0	0	0
dDocent_Contig_32187	1	372	0	0	0	0	0	0
dDocent_Contig_32196	1	411	0	0	0	0	0	0
dDocent_Contig_32202	1	406	0	0	0	0	0	0
dDocent_Contig_32203	1	423	0	0	0	0	0	0
dDocent_Contig_32205	1	474	0	0	0	0	0	0
dDocent_Contig_32206	1	408	0	0	0	0	0	0
dDocent_Contig_32208	1	499	0	0	0	0	0	0
dDocent_Contig_32209	1	449	0	0	0	0	0	0
dDocent_Contig_32230	1	481	0	0	0	0	0	0
dDocent_Contig_32234	1	446	0	0	0	0	0	0
dDocent_Contig_32246	1	397	0	0	0	0	0	0
dDocent_Contig_32249	1	436	0	0	0	0	0	0
dDocent_Contig_32250	1	492	0	0	0	0	0	0
dDocent_Contig_32252	1	496	0	0	0	0	0	0
dDocent_Contig_32257	1	372	0	0	0	0	0	0
dDocent_Contig_32258	1	426	0	0	0	0	0	0
dDocent_Contig_32264	1	500	0	0	0	0	0	0
dDocent_Contig_32269	1	339	0	0	0	0	0	0
dDocent_Contig_32271	1	442	0	0	0	0	0	0
dDocent_Contig_32273	1	426	0	0	0	0	0	0
dDocent_Contig_32275	1	297	0	0	0	0	0	0
dDocent_Contig_32277	1	422	0	0	0	0	0	0
dDocent_Contig_32288	1	404	0	0	0	0	0	0
dDocent_Contig_32302	1	324	0	0	0	0	0	0
dDocent_Contig_32305	1	335	0	0	0	0	0	0
dDocent_Contig_32306	1	379	0	0	0	0	0	0
dDocent_Contig_32310	1	392	0	0	0	0	0	0
dDocent_Contig_32313	1	428	0	0	0	0	0	0
dDocent_Contig_32327	1	313	0	0	0	0	0	0
dDocent_Contig_32330	1	407	0	0	0	0	0	0
dDocent_Contig_32334	1	333	0	0	0	0	0	0
dDocent_Contig_32335	1	424	0	0	0	0	0	0
dDocent_Contig_32342	1	445	0	0	0	0	0	0
dDocent_Contig_32343	1	331	0	0	0	0	0	0
dDocent_Contig_32344	1	425	0	0	0	0	0	0
dDocent_Contig_32347	1	375	0	0	0	0	0	0
dDocent_Contig_32349	1	402	0	0	0	0	0	0
dDocent_Contig_32355	1	479	0	0	0	0	0	0
dDocent_Contig_32357	1	421	0	0	0	0	0	0
dDocent_Contig_32359	1	380	0	0	0	0	0	0
dDocent_Contig_32363	1	494	0	0	0	0	0	0
dDocent_Contig_32366	1	375	0	0	0	0	0	0
dDocent_Contig_32367	1	352	0	0	0	0	0	0
dDocent_Contig_32377	1	420	0	0	0	0	0	0
dDocent_Contig_32379	1	494	0	0	0	0	0	0
dDocent_Contig_32383	1	413	0	0	0	0	0	0
dDocent_Contig_32386	1	317	0	0	0	0	0	0
dDocent_Contig_32391	1	311	0	0	0	0	0	0
dDocent_Contig_32393	1	396	0	0	0	0	0	0
dDocent_Contig_32401	1	394	0	0	0	0	0	0
dDocent_Contig_32405	1	461	0	0	0	0	0	0
dDocent_Contig_32406	1	425	0	0	0	0	0	0
dDocent_Contig_32414	1	413	0	0	0	0	0	0
dDocent_Contig_32419	1	326	0	0	0	0	0	0
dDocent_Contig_32423	1	357	0	0	0	0	0	0
dDocent_Contig_32428	1	381	0	0	0	0	0	0
dDocent_Contig_32431	1	394	0	0	0	0	0	0
dDocent_Contig_32434	1	341	0	0	0	0	0	0
dDocent_Contig_32435	1	357	0	0	0	0	0	0
dDocent_Contig_32437	1	371	0	0	0	0	0	0
dDocent_Contig_32445	1	291	0	0	0	0	0	0
dDocent_Contig_32466	1	327	0	0	0	0	0	0
dDocent_Contig_32468	1	490	0	0	0	0	0	0
dDocent_Contig_32469	1	472	0	0	0	0	0	0
dDocent_Contig_32476	1	416	0	0	0	0	0	0
dDocent_Contig_32479	1	374	0	0	0	0	0	0
dDocent_Contig_32481	1	392	0	0	0	0	0	0
dDocent_Contig_32483	1	398	0	0	0	0	0	0
dDocent_Contig_32490	1	473	0	0	0	0	0	0
dDocent_Contig_32493	1	371	0	0	0	0	0	0
dDocent_Contig_32495	1	371	0	0	0	0	0	0
dDocent_Contig_32500	1	330	0	0	0	0	0	0
dDocent_Contig_32501	1	368	0	0	0	0	0	0
dDocent_Contig_32506	1	459	0	0	0	0	0	0
dDocent_Contig_32508	1	416	0	0	0	0	0	0
dDocent_Contig_32514	1	371	0	0	0	0	0	0
dDocent_Contig_32519	1	374	0	0	0	0	0	0
dDocent_Contig_32527	1	357	0	0	0	0	0	0
dDocent_Contig_32532	1	425	0	0	0	0	0	0
dDocent_Contig_32535	1	406	0	0	0	0	0	0
dDocent_Contig_32536	1	370	0	0	0	0	0	0
dDocent_Contig_32537	1	353	0	0	0	0	0	0
dDocent_Contig_32543	1	345	0	0	0	0	0	0
dDocent_Contig_32546	1	308	0	0	0	0	0	0
dDocent_Contig_32547	1	319	0	0	0	0	0	0
dDocent_Contig_32559	1	336	0	0	0	0	0	0
dDocent_Contig_32564	1	403	0	0	0	0	0	0
dDocent_Contig_32566	1	404	0	0	0	0	0	0
dDocent_Contig_32567	1	412	0	0	0	0	0	0
dDocent_Contig_32568	1	351	0	0	0	0	0	0
dDocent_Contig_32570	1	434	0	0	0	0	0	0
dDocent_Contig_32571	1	389	0	0	0	0	0	0
dDocent_Contig_32610	1	406	0	0	0	0	0	0
dDocent_Contig_32612	1	393	0	0	0	0	0	0
dDocent_Contig_32614	1	360	0	0	0	0	0	0
dDocent_Contig_32616	1	332	0	0	0	0	0	0
dDocent_Contig_32618	1	428	0	0	0	0	0	0
dDocent_Contig_32619	1	350	0	0	0	0	0	0
dDocent_Contig_32622	1	386	0	0	0	0	0	0
dDocent_Contig_32626	1	324	0	0	0	0	0	0
dDocent_Contig_32632	1	370	0	0	0	0	0	0
dDocent_Contig_32637	1	379	0	0	0	0	0	0
dDocent_Contig_32639	1	331	0	0	0	0	0	0
dDocent_Contig_32643	1	320	0	0	0	0	0	0
dDocent_Contig_32646	1	430	0	0	0	0	0	0
dDocent_Contig_32648	1	255	0	0	0	0	0	0
dDocent_Contig_32652	1	342	0	0	0	0	0	0
dDocent_Contig_32655	1	325	0	0	0	0	0	0
dDocent_Contig_32657	1	476	0	0	0	0	0	0
dDocent_Contig_32660	1	471	0	0	0	0	0	0
dDocent_Contig_32663	1	457	0	0	0	0	0	0
dDocent_Contig_32667	1	240	0	0	0	0	0	0
dDocent_Contig_32702	1	309	0	0	0	0	0	0
dDocent_Contig_32703	1	347	0	0	0	0	0	0
dDocent_Contig_32704	1	501	0	0	0	0	0	0
dDocent_Contig_32708	1	397	0	0	0	0	0	0
dDocent_Contig_32709	1	480	0	0	0	0	0	0
dDocent_Contig_32711	1	298	0	0	0	0	0	0
dDocent_Contig_32712	1	428	0	0	0	0	0	0
dDocent_Contig_32714	1	391	0	0	0	0	0	0
dDocent_Contig_32728	1	407	0	0	0	0	0	0
dDocent_Contig_32729	1	373	0	0	0	0	0	0
dDocent_Contig_32730	1	462	0	0	0	0	0	0
dDocent_Contig_32732	1	387	0	0	0	0	0	0
dDocent_Contig_32735	1	452	0	0	0	0	0	0
dDocent_Contig_32751	1	440	0	0	0	0	0	0
dDocent_Contig_32753	1	405	0	0	0	0	0	0
dDocent_Contig_32754	1	462	0	0	0	0	0	0
dDocent_Contig_32755	1	299	0	0	0	0	0	0
dDocent_Contig_32759	1	407	0	0	0	0	0	0
dDocent_Contig_32760	1	369	0	0	0	0	0	0
dDocent_Contig_32763	1	379	0	0	0	0	0	0
dDocent_Contig_32765	1	332	0	0	0	0	0	0
dDocent_Contig_32786	1	451	0	0	0	0	0	0
dDocent_Contig_32789	1	351	0	0	0	0	0	0
dDocent_Contig_32791	1	459	0	0	0	0	0	0
dDocent_Contig_32793	1	363	0	0	0	0	0	0
dDocent_Contig_32794	1	416	0	0	0	0	0	0
dDocent_Contig_32797	1	366	0	0	0	0	0	0
dDocent_Contig_32798	1	405	0	0	0	0	0	0
dDocent_Contig_32800	1	479	0	0	0	0	0	0
dDocent_Contig_32801	1	430	0	0	0	0	0	0
dDocent_Contig_32804	1	433	0	0	0	0	0	0
dDocent_Contig_32808	1	433	0	0	0	0	0	0
dDocent_Contig_32809	1	359	0	0	0	0	0	0
dDocent_Contig_32824	1	294	0	0	0	0	0	0
dDocent_Contig_32825	1	355	0	0	0	0	0	0
dDocent_Contig_32826	1	424	0	0	0	0	0	0
dDocent_Contig_32831	1	383	0	0	0	0	0	0
dDocent_Contig_32834	1	369	0	0	0	0	0	0
dDocent_Contig_32845	1	394	0	0	0	0	0	0
dDocent_Contig_32850	1	402	0	0	0	0	0	0
dDocent_Contig_32853	1	353	0	0	0	0	0	0
dDocent_Contig_32856	1	481	0	0	0	0	0	0
dDocent_Contig_32858	1	411	0	0	0	0	0	0
dDocent_Contig_32866	1	416	0	0	0	0	0	0
dDocent_Contig_32867	1	392	0	0	0	0	0	0
dDocent_Contig_32871	1	483	0	0	0	0	0	0
dDocent_Contig_32878	1	447	0	0	0	0	0	0
dDocent_Contig_32881	1	328	0	0	0	0	0	0
dDocent_Contig_32886	1	378	0	0	0	0	0	0
dDocent_Contig_32887	1	412	0	0	0	0	0	0
dDocent_Contig_32903	1	383	0	0	0	0	0	0
dDocent_Contig_32904	1	464	0	0	0	0	0	0
dDocent_Contig_32932	1	371	0	0	0	0	0	0
dDocent_Contig_32936	1	450	0	0	0	0	0	0
dDocent_Contig_32942	1	489	0	0	0	0	0	0
dDocent_Contig_32945	1	405	0	0	0	0	0	0
dDocent_Contig_32954	1	406	0	0	0	0	0	0
dDocent_Contig_32969	1	289	0	0	0	0	0	0
dDocent_Contig_32971	1	386	0	0	0	0	0	0
dDocent_Contig_32973	1	353	0	0	0	0	0	0
dDocent_Contig_32975	1	388	0	0	0	0	0	0
dDocent_Contig_32976	1	358	0	0	0	0	0	0
dDocent_Contig_32977	1	462	0	0	0	0	0	0
dDocent_Contig_32978	1	339	0	0	0	0	0	0
dDocent_Contig_32993	1	345	0	0	0	0	0	0
dDocent_Contig_32995	1	342	0	0	0	0	0	0
dDocent_Contig_33002	1	487	0	0	0	0	0	0
dDocent_Contig_33012	1	406	0	0	0	0	0	0
dDocent_Contig_33013	1	391	0	0	0	0	0	0
dDocent_Contig_33014	1	357	0	0	0	0	0	0
dDocent_Contig_33016	1	490	0	0	0	0	0	0
dDocent_Contig_33017	1	396	0	0	0	0	0	0
dDocent_Contig_33018	1	358	0	0	0	0	0	0
dDocent_Contig_33020	1	384	0	0	0	0	0	0
dDocent_Contig_33024	1	309	0	0	0	0	0	0
dDocent_Contig_33031	1	377	0	0	0	0	0	0
dDocent_Contig_33032	1	455	0	0	0	0	0	0
dDocent_Contig_33033	1	441	0	0	0	0	0	0
dDocent_Contig_33035	1	387	0	0	0	0	0	0
dDocent_Contig_33038	1	342	0	0	0	0	0	0
dDocent_Contig_33044	1	261	0	0	0	0	0	0
dDocent_Contig_33048	1	419	0	0	0	0	0	0
dDocent_Contig_33050	1	424	0	0	0	0	0	0
dDocent_Contig_33064	1	398	0	0	0	0	0	0
dDocent_Contig_33066	1	294	0	0	0	0	0	0
dDocent_Contig_33074	1	421	0	0	0	0	0	0
dDocent_Contig_33081	1	397	0	0	0	0	0	0
dDocent_Contig_33084	1	289	0	0	0	0	0	0
dDocent_Contig_33092	1	412	0	0	0	0	0	0
dDocent_Contig_33096	1	455	0	0	0	0	0	0
dDocent_Contig_33100	1	400	0	0	0	0	0	0
dDocent_Contig_33105	1	324	0	0	0	0	0	0
dDocent_Contig_33112	1	377	0	0	0	0	0	0
dDocent_Contig_33114	1	322	0	0	0	0	0	0
dDocent_Contig_33121	1	375	0	0	0	0	0	0
dDocent_Contig_33122	1	304	0	0	0	0	0	0
dDocent_Contig_33124	1	337	0	0	0	0	0	0
dDocent_Contig_33126	1	382	0	0	0	0	0	0
dDocent_Contig_33133	1	375	0	0	0	0	0	0
dDocent_Contig_33135	1	442	0	0	0	0	0	0
dDocent_Contig_33138	1	292	0	0	0	0	0	0
dDocent_Contig_33144	1	287	0	0	0	0	0	0
dDocent_Contig_33145	1	332	0	0	0	0	0	0
dDocent_Contig_33151	1	276	0	0	0	0	0	0
dDocent_Contig_33154	1	375	0	0	0	0	0	0
dDocent_Contig_33156	1	342	0	0	0	0	0	0
dDocent_Contig_33160	1	358	0	0	0	0	0	0
dDocent_Contig_33164	1	419	0	0	0	0	0	0
dDocent_Contig_33171	1	365	0	0	0	0	0	0
dDocent_Contig_33175	1	420	0	0	0	0	0	0
dDocent_Contig_33179	1	517	0	0	0	0	0	0
dDocent_Contig_33185	1	431	0	0	0	0	0	0
dDocent_Contig_33189	1	387	0	0	0	0	0	0
dDocent_Contig_33203	1	508	0	0	0	0	0	0
dDocent_Contig_33205	1	456	0	0	0	0	0	0
dDocent_Contig_33212	1	409	0	0	0	0	0	0
dDocent_Contig_33227	1	340	0	0	0	0	0	0
dDocent_Contig_33229	1	468	0	0	0	0	0	0
dDocent_Contig_33234	1	331	0	0	0	0	0	0
dDocent_Contig_33242	1	383	0	0	0	0	0	0
dDocent_Contig_33247	1	367	0	0	0	0	0	0
dDocent_Contig_33252	1	356	0	0	0	0	0	0
dDocent_Contig_33254	1	389	0	0	0	0	0	0
dDocent_Contig_33267	1	482	0	0	0	0	0	0
dDocent_Contig_33273	1	406	0	0	0	0	0	0
dDocent_Contig_33275	1	417	0	0	0	0	0	0
dDocent_Contig_33281	1	324	0	0	0	0	0	0
dDocent_Contig_33286	1	403	0	0	0	0	0	0
dDocent_Contig_33296	1	321	0	0	0	0	0	0
dDocent_Contig_33297	1	456	0	0	0	0	0	0
dDocent_Contig_33325	1	514	0	0	0	0	0	0
dDocent_Contig_33329	1	416	0	0	0	0	0	0
dDocent_Contig_33338	1	312	0	0	0	0	0	0
dDocent_Contig_33344	1	415	0	0	0	0	0	0
dDocent_Contig_33345	1	379	0	0	0	0	0	0
dDocent_Contig_33348	1	421	0	0	0	0	0	0
dDocent_Contig_33353	1	365	0	0	0	0	0	0
dDocent_Contig_33354	1	302	0	0	0	0	0	0
dDocent_Contig_33356	1	398	0	0	0	0	0	0
dDocent_Contig_33358	1	401	0	0	0	0	0	0
dDocent_Contig_33359	1	412	0	0	0	0	0	0
dDocent_Contig_33375	1	278	0	0	0	0	0	0
dDocent_Contig_33379	1	368	0	0	0	0	0	0
dDocent_Contig_33380	1	429	0	0	0	0	0	0
dDocent_Contig_33383	1	349	0	0	0	0	0	0
dDocent_Contig_33391	1	323	0	0	0	0	0	0
dDocent_Contig_33399	1	388	0	0	0	0	0	0
dDocent_Contig_33403	1	402	0	0	0	0	0	0
dDocent_Contig_33405	1	387	0	0	0	0	0	0
dDocent_Contig_33406	1	387	0	0	0	0	0	0
dDocent_Contig_33407	1	337	0	0	0	0	0	0
dDocent_Contig_33411	1	385	0	0	0	0	0	0
dDocent_Contig_33418	1	348	0	0	0	0	0	0
dDocent_Contig_33428	1	358	0	0	0	0	0	0
dDocent_Contig_33430	1	412	0	0	0	0	0	0
dDocent_Contig_33442	1	383	0	0	0	0	0	0
dDocent_Contig_33444	1	369	0	0	0	0	0	0
dDocent_Contig_33448	1	395	0	0	0	0	0	0
dDocent_Contig_33453	1	379	0	0	0	0	0	0
dDocent_Contig_33454	1	501	0	0	0	0	0	0
dDocent_Contig_33456	1	375	0	0	0	0	0	0
dDocent_Contig_33458	1	434	0	0	0	0	0	0
dDocent_Contig_33465	1	410	0	0	0	0	0	0
dDocent_Contig_33466	1	350	0	0	0	0	0	0
dDocent_Contig_33468	1	332	0	0	0	0	0	0
dDocent_Contig_33483	1	503	0	0	0	0	0	0
dDocent_Contig_33488	1	373	0	0	0	0	0	0
dDocent_Contig_33498	1	227	0	0	0	0	0	0
dDocent_Contig_33499	1	412	0	0	0	0	0	0
dDocent_Contig_33507	1	463	0	0	0	0	0	0
dDocent_Contig_33515	1	388	0	0	0	0	0	0
dDocent_Contig_33516	1	371	0	0	0	0	0	0
dDocent_Contig_33520	1	397	0	0	0	0	0	0
dDocent_Contig_33551	1	391	0	0	0	0	0	0
dDocent_Contig_33555	1	290	0	0	0	0	0	0
dDocent_Contig_33560	1	382	0	0	0	0	0	0
dDocent_Contig_33573	1	404	0	0	0	0	0	0
dDocent_Contig_33574	1	387	0	0	0	0	0	0
dDocent_Contig_33575	1	364	0	0	0	0	0	0
dDocent_Contig_33585	1	355	0	0	0	0	0	0
dDocent_Contig_33586	1	421	0	0	0	0	0	0
dDocent_Contig_33587	1	432	0	0	0	0	0	0
dDocent_Contig_33595	1	385	0	0	0	0	0	0
dDocent_Contig_33596	1	240	0	0	0	0	0	0
dDocent_Contig_33609	1	403	0	0	0	0	0	0
dDocent_Contig_33616	1	462	0	0	0	0	0	0
dDocent_Contig_33624	1	419	0	0	0	0	0	0
dDocent_Contig_33629	1	349	0	0	0	0	0	0
dDocent_Contig_33631	1	354	0	0	0	0	0	0
dDocent_Contig_33632	1	400	0	0	0	0	0	0
dDocent_Contig_33635	1	471	0	0	0	0	0	0
dDocent_Contig_33658	1	369	0	0	0	0	0	0
dDocent_Contig_33664	1	443	0	0	0	0	0	0
dDocent_Contig_33666	1	463	0	0	0	0	0	0
dDocent_Contig_33684	1	291	0	0	0	0	0	0
dDocent_Contig_33686	1	416	0	0	0	0	0	0
dDocent_Contig_33692	1	385	0	0	0	0	0	0
dDocent_Contig_33708	1	334	0	0	0	0	0	0
dDocent_Contig_33710	1	349	0	0	0	0	0	0
dDocent_Contig_33715	1	358	0	0	0	0	0	0
dDocent_Contig_33717	1	383	0	0	0	0	0	0
dDocent_Contig_33719	1	335	0	0	0	0	0	0
dDocent_Contig_33725	1	321	0	0	0	0	0	0
dDocent_Contig_33729	1	462	0	0	0	0	0	0
dDocent_Contig_33737	1	339	0	0	0	0	0	0
dDocent_Contig_33740	1	413	0	0	0	0	0	0
dDocent_Contig_33749	1	381	0	0	0	0	0	0
dDocent_Contig_33769	1	419	0	0	0	0	0	0
dDocent_Contig_33775	1	313	0	0	0	0	0	0
dDocent_Contig_33778	1	415	0	0	0	0	0	0
dDocent_Contig_33790	1	432	0	0	0	0	0	0
dDocent_Contig_33793	1	321	0	0	0	0	0	0
dDocent_Contig_33807	1	361	0	0	0	0	0	0
dDocent_Contig_33815	1	366	0	0	0	0	0	0
dDocent_Contig_33820	1	415	0	0	0	0	0	0
dDocent_Contig_33822	1	377	0	0	0	0	0	0
dDocent_Contig_33826	1	422	0	0	0	0	0	0
dDocent_Contig_33828	1	335	0	0	0	0	0	0
dDocent_Contig_33829	1	375	0	0	0	0	0	0
dDocent_Contig_33832	1	345	0	0	0	0	0	0
dDocent_Contig_33840	1	344	0	0	0	0	0	0
dDocent_Contig_33846	1	390	0	0	0	0	0	0
dDocent_Contig_33850	1	400	0	0	0	0	0	0
dDocent_Contig_33865	1	338	0	0	0	0	0	0
dDocent_Contig_33866	1	416	0	0	0	0	0	0
dDocent_Contig_33874	1	401	0	0	0	0	0	0
dDocent_Contig_33889	1	314	0	0	0	0	0	0
dDocent_Contig_33905	1	308	0	0	0	0	0	0
dDocent_Contig_33924	1	375	0	0	0	0	0	0
dDocent_Contig_33926	1	501	0	0	0	0	0	0
dDocent_Contig_33934	1	374	0	0	0	0	0	0
dDocent_Contig_33939	1	415	0	0	0	0	0	0
dDocent_Contig_33968	1	366	0	0	0	0	0	0
dDocent_Contig_33972	1	424	0	0	0	0	0	0
dDocent_Contig_33976	1	361	0	0	0	0	0	0
dDocent_Contig_33999	1	473	0	0	0	0	0	0
dDocent_Contig_34002	1	402	0	0	0	0	0	0
dDocent_Contig_34005	1	391	0	0	0	0	0	0
dDocent_Contig_34037	1	377	0	0	0	0	0	0
dDocent_Contig_34049	1	470	0	0	0	0	0	0
dDocent_Contig_34056	1	319	0	0	0	0	0	0
dDocent_Contig_34062	1	404	0	0	0	0	0	0
dDocent_Contig_34064	1	461	0	0	0	0	0	0
dDocent_Contig_34065	1	324	0	0	0	0	0	0
dDocent_Contig_34071	1	470	0	0	0	0	0	0
dDocent_Contig_34080	1	486	0	0	0	0	0	0
dDocent_Contig_34101	1	410	0	0	0	0	0	0
dDocent_Contig_34105	1	363	0	0	0	0	0	0
dDocent_Contig_34127	1	388	0	0	0	0	0	0
dDocent_Contig_34130	1	366	0	0	0	0	0	0
dDocent_Contig_34134	1	376	0	0	0	0	0	0
dDocent_Contig_34135	1	411	0	0	0	0	0	0
dDocent_Contig_34139	1	349	0	0	0	0	0	0
dDocent_Contig_34140	1	333	0	0	0	0	0	0
dDocent_Contig_34146	1	395	0	0	0	0	0	0
dDocent_Contig_34148	1	351	0	0	0	0	0	0
dDocent_Contig_34154	1	359	0	0	0	0	0	0
dDocent_Contig_34155	1	456	0	0	0	0	0	0
dDocent_Contig_34162	1	402	0	0	0	0	0	0
dDocent_Contig_34167	1	395	0	0	0	0	0	0
dDocent_Contig_34186	1	419	0	0	0	0	0	0
dDocent_Contig_34189	1	449	0	0	0	0	0	0
dDocent_Contig_34193	1	380	0	0	0	0	0	0
dDocent_Contig_34195	1	386	0	0	0	0	0	0
dDocent_Contig_34197	1	401	0	0	0	0	0	0
dDocent_Contig_34199	1	398	0	0	0	0	0	0
dDocent_Contig_34200	1	357	0	0	0	0	0	0
dDocent_Contig_34204	1	408	0	0	0	0	0	0
dDocent_Contig_34208	1	438	0	0	0	0	0	0
dDocent_Contig_34217	1	499	0	0	0	0	0	0
dDocent_Contig_34222	1	412	0	0	0	0	0	0
dDocent_Contig_34224	1	418	0	0	0	0	0	0
dDocent_Contig_34243	1	371	0	0	0	0	0	0
dDocent_Contig_34245	1	408	0	0	0	0	0	0
dDocent_Contig_34248	1	440	0	0	0	0	0	0
dDocent_Contig_34250	1	424	0	0	0	0	0	0
dDocent_Contig_34259	1	455	0	0	0	0	0	0
dDocent_Contig_34264	1	465	0	0	0	0	0	0
dDocent_Contig_34294	1	368	0	0	0	0	0	0
dDocent_Contig_34295	1	456	0	0	0	0	0	0
dDocent_Contig_34315	1	335	0	0	0	0	0	0
dDocent_Contig_34320	1	385	0	0	0	0	0	0
dDocent_Contig_34358	1	443	0	0	0	0	0	0
dDocent_Contig_34368	1	324	0	0	0	0	0	0
dDocent_Contig_34369	1	448	0	0	0	0	0	0
dDocent_Contig_34380	1	390	0	0	0	0	0	0
dDocent_Contig_34387	1	416	0	0	0	0	0	0
dDocent_Contig_34390	1	390	0	0	0	0	0	0
dDocent_Contig_34395	1	313	0	0	0	0	0	0
dDocent_Contig_34412	1	430	0	0	0	0	0	0
dDocent_Contig_34427	1	339	0	0	0	0	0	0
dDocent_Contig_34430	1	420	0	0	0	0	0	0
dDocent_Contig_34436	1	281	0	0	0	0	0	0
dDocent_Contig_34439	1	396	0	0	0	0	0	0
dDocent_Contig_34444	1	316	0	0	0	0	0	0
dDocent_Contig_34449	1	340	0	0	0	0	0	0
dDocent_Contig_34450	1	373	0	0	0	0	0	0
dDocent_Contig_34454	1	292	0	0	0	0	0	0
dDocent_Contig_34456	1	325	0	0	0	0	0	0
dDocent_Contig_34457	1	359	0	0	0	0	0	0
dDocent_Contig_34465	1	349	0	0	0	0	0	0
dDocent_Contig_34475	1	394	0	0	0	0	0	0
dDocent_Contig_34478	1	281	0	0	0	0	0	0
dDocent_Contig_34481	1	332	0	0	0	0	0	0
dDocent_Contig_34482	1	391	0	0	0	0	0	0
dDocent_Contig_34487	1	389	0	0	0	0	0	0
dDocent_Contig_34493	1	379	0	0	0	0	0	0
dDocent_Contig_34498	1	298	0	0	0	0	0	0
dDocent_Contig_34500	1	397	0	0	0	0	0	0
dDocent_Contig_34502	1	350	0	0	0	0	0	0
dDocent_Contig_34511	1	307	0	0	0	0	0	0
dDocent_Contig_34513	1	461	0	0	0	0	0	0
dDocent_Contig_34516	1	247	0	0	0	0	0	0
dDocent_Contig_34518	1	506	0	0	0	0	0	0
dDocent_Contig_34522	1	428	0	0	0	0	0	0
dDocent_Contig_34533	1	298	0	0	0	0	0	0
dDocent_Contig_34555	1	449	0	0	0	0	0	0
dDocent_Contig_34560	1	403	0	0	0	0	0	0
dDocent_Contig_34561	1	428	0	0	0	0	0	0
dDocent_Contig_34565	1	378	0	0	0	0	0	0
dDocent_Contig_34572	1	381	0	0	0	0	0	0
dDocent_Contig_34573	1	435	0	0	0	0	0	0
dDocent_Contig_34575	1	390	0	0	0	0	0	0
dDocent_Contig_34587	1	384	0	0	0	0	0	0
dDocent_Contig_34590	1	333	0	0	0	0	0	0
dDocent_Contig_34601	1	374	0	0	0	0	0	0
dDocent_Contig_34607	1	421	0	0	0	0	0	0
dDocent_Contig_34611	1	334	0	0	0	0	0	0
dDocent_Contig_34613	1	499	0	0	0	0	0	0
dDocent_Contig_34620	1	251	0	0	0	0	0	0
dDocent_Contig_34632	1	378	0	0	0	0	0	0
dDocent_Contig_34634	1	306	0	0	0	0	0	0
dDocent_Contig_34649	1	331	0	0	0	0	0	0
dDocent_Contig_34651	1	337	0	0	0	0	0	0
dDocent_Contig_34662	1	351	0	0	0	0	0	0
dDocent_Contig_34663	1	382	0	0	0	0	0	0
dDocent_Contig_34676	1	278	0	0	0	0	0	0
dDocent_Contig_34679	1	320	0	0	0	0	0	0
dDocent_Contig_34680	1	401	0	0	0	0	0	0
dDocent_Contig_34693	1	371	0	0	0	0	0	0
dDocent_Contig_34706	1	493	0	0	0	0	0	0
dDocent_Contig_34708	1	433	0	0	0	0	0	0
dDocent_Contig_34709	1	385	0	0	0	0	0	0
dDocent_Contig_34711	1	393	0	0	0	0	0	0
dDocent_Contig_34718	1	389	0	0	0	0	0	0
dDocent_Contig_34732	1	311	0	0	0	0	0	0
dDocent_Contig_34735	1	441	0	0	0	0	0	0
dDocent_Contig_34752	1	341	0	0	0	0	0	0
dDocent_Contig_34753	1	399	0	0	0	0	0	0
dDocent_Contig_34754	1	317	0	0	0	0	0	0
dDocent_Contig_34765	1	286	0	0	0	0	0	0
dDocent_Contig_34781	1	389	0	0	0	0	0	0
dDocent_Contig_34786	1	386	0	0	0	0	0	0
dDocent_Contig_34793	1	327	0	0	0	0	0	0
dDocent_Contig_34797	1	323	0	0	0	0	0	0
dDocent_Contig_34798	1	371	0	0	0	0	0	0
dDocent_Contig_34834	1	381	0	0	0	0	0	0
dDocent_Contig_34838	1	284	0	0	0	0	0	0
dDocent_Contig_34840	1	402	0	0	0	0	0	0
dDocent_Contig_34846	1	515	0	0	0	0	0	0
dDocent_Contig_34847	1	476	0	0	0	0	0	0
dDocent_Contig_34848	1	385	0	0	0	0	0	0
dDocent_Contig_34851	1	391	0	0	0	0	0	0
dDocent_Contig_34861	1	377	0	0	0	0	0	0
dDocent_Contig_34863	1	345	0	0	0	0	0	0
dDocent_Contig_34873	1	286	0	0	0	0	0	0
dDocent_Contig_34876	1	359	0	0	0	0	0	0
dDocent_Contig_34880	1	347	0	0	0	0	0	0
dDocent_Contig_34899	1	413	0	0	0	0	0	0
dDocent_Contig_34901	1	423	0	0	0	0	0	0
dDocent_Contig_34902	1	434	0	0	0	0	0	0
dDocent_Contig_34905	1	436	0	0	0	0	0	0
dDocent_Contig_34910	1	409	0	0	0	0	0	0
dDocent_Contig_34919	1	267	0	0	0	0	0	0
dDocent_Contig_34928	1	236	0	0	0	0	0	0
dDocent_Contig_34940	1	519	0	0	0	0	0	0
dDocent_Contig_34946	1	400	0	0	0	0	0	0
dDocent_Contig_34953	1	451	0	0	0	0	0	0
dDocent_Contig_34954	1	477	0	0	0	0	0	0
dDocent_Contig_34965	1	455	0	0	0	0	0	0
dDocent_Contig_34969	1	267	0	0	0	0	0	0
dDocent_Contig_34971	1	415	0	0	0	0	0	0
dDocent_Contig_34973	1	381	0	0	0	0	0	0
dDocent_Contig_34974	1	506	0	0	0	0	0	0
dDocent_Contig_34976	1	362	0	0	0	0	0	0
dDocent_Contig_34978	1	349	0	0	0	0	0	0
dDocent_Contig_34979	1	253	0	0	0	0	0	0
dDocent_Contig_34982	1	375	0	0	0	0	0	0
dDocent_Contig_34983	1	398	0	0	0	0	0	0
dDocent_Contig_34992	1	334	0	0	0	0	0	0
dDocent_Contig_34996	1	259	0	0	0	0	0	0
dDocent_Contig_34997	1	500	0	0	0	0	0	0
dDocent_Contig_35011	1	370	0	0	0	0	0	0
dDocent_Contig_35015	1	412	0	0	0	0	0	0
dDocent_Contig_35016	1	382	0	0	0	0	0	0
dDocent_Contig_35017	1	347	0	0	0	0	0	0
dDocent_Contig_35022	1	395	0	0	0	0	0	0
dDocent_Contig_35028	1	380	0	0	0	0	0	0
dDocent_Contig_35029	1	413	0	0	0	0	0	0
dDocent_Contig_35033	1	378	0	0	0	0	0	0
dDocent_Contig_35040	1	354	0	0	0	0	0	0
dDocent_Contig_35051	1	501	0	0	0	0	0	0
dDocent_Contig_35058	1	378	0	0	0	0	0	0
dDocent_Contig_35073	1	518	0	0	0	0	0	0
dDocent_Contig_35077	1	405	0	0	0	0	0	0
dDocent_Contig_35084	1	342	0	0	0	0	0	0
dDocent_Contig_35086	1	330	0	0	0	0	0	0
dDocent_Contig_35091	1	348	0	0	0	0	0	0
dDocent_Contig_35092	1	367	0	0	0	0	0	0
dDocent_Contig_35094	1	281	0	0	0	0	0	0
dDocent_Contig_35095	1	389	0	0	0	0	0	0
dDocent_Contig_35097	1	429	0	0	0	0	0	0
dDocent_Contig_35102	1	506	0	0	0	0	0	0
dDocent_Contig_35110	1	491	0	0	0	0	0	0
dDocent_Contig_35112	1	462	0	0	0	0	0	0
dDocent_Contig_35113	1	390	0	0	0	0	0	0
dDocent_Contig_35116	1	276	0	0	0	0	0	0
dDocent_Contig_35120	1	388	0	0	0	0	0	0
dDocent_Contig_35123	1	295	0	0	0	0	0	0
dDocent_Contig_35133	1	409	0	0	0	0	0	0
dDocent_Contig_35139	1	342	0	0	0	0	0	0
dDocent_Contig_35144	1	455	0	0	0	0	0	0
dDocent_Contig_35161	1	340	0	0	0	0	0	0
dDocent_Contig_35165	1	309	0	0	0	0	0	0
dDocent_Contig_35175	1	314	0	0	0	0	0	0
dDocent_Contig_35176	1	386	0	0	0	0	0	0
dDocent_Contig_35180	1	275	0	0	0	0	0	0
dDocent_Contig_35182	1	338	0	0	0	0	0	0
dDocent_Contig_35183	1	322	0	0	0	0	0	0
dDocent_Contig_35185	1	375	0	0	0	0	0	0
dDocent_Contig_35189	1	449	0	0	0	0	0	0
dDocent_Contig_35197	1	403	0	0	0	0	0	0
dDocent_Contig_35200	1	302	0	0	0	0	0	0
dDocent_Contig_35201	1	429	0	0	0	0	0	0
dDocent_Contig_35205	1	438	0	0	0	0	0	0
dDocent_Contig_35213	1	390	0	0	0	0	0	0
dDocent_Contig_35215	1	295	0	0	0	0	0	0
dDocent_Contig_35219	1	392	0	0	0	0	0	0
dDocent_Contig_35222	1	371	0	0	0	0	0	0
dDocent_Contig_35232	1	393	0	0	0	0	0	0
dDocent_Contig_35236	1	348	0	0	0	0	0	0
dDocent_Contig_35240	1	295	0	0	0	0	0	0
dDocent_Contig_35241	1	225	0	0	0	0	0	0
dDocent_Contig_35245	1	260	0	0	0	0	0	0
dDocent_Contig_35265	1	450	0	0	0	0	0	0
dDocent_Contig_35271	1	335	0	0	0	0	0	0
dDocent_Contig_35295	1	347	0	0	0	0	0	0
dDocent_Contig_35297	1	289	0	0	0	0	0	0
dDocent_Contig_35305	1	400	0	0	0	0	0	0
dDocent_Contig_35308	1	395	0	0	0	0	0	0
dDocent_Contig_35310	1	393	0	0	0	0	0	0
dDocent_Contig_35311	1	410	0	0	0	0	0	0
dDocent_Contig_35312	1	374	0	0	0	0	0	0
dDocent_Contig_35313	1	424	0	0	0	0	0	0
dDocent_Contig_35315	1	418	0	0	0	0	0	0
dDocent_Contig_35316	1	429	0	0	0	0	0	0
dDocent_Contig_35324	1	296	0	0	0	0	0	0
dDocent_Contig_35325	1	360	0	0	0	0	0	0
dDocent_Contig_35326	1	375	0	0	0	0	0	0
dDocent_Contig_35329	1	479	0	0	0	0	0	0
dDocent_Contig_35331	1	345	0	0	0	0	0	0
dDocent_Contig_35335	1	411	0	0	0	0	0	0
dDocent_Contig_35342	1	430	0	0	0	0	0	0
dDocent_Contig_35347	1	362	0	0	0	0	0	0
dDocent_Contig_35348	1	386	0	0	0	0	0	0
dDocent_Contig_35355	1	264	0	0	0	0	0	0
dDocent_Contig_35356	1	473	0	0	0	0	0	0
dDocent_Contig_35357	1	436	0	0	0	0	0	0
dDocent_Contig_35362	1	380	0	0	0	0	0	0
dDocent_Contig_35363	1	486	0	0	0	0	0	0
dDocent_Contig_35379	1	396	0	0	0	0	0	0
dDocent_Contig_35383	1	355	0	0	0	0	0	0
dDocent_Contig_35388	1	400	0	0	0	0	0	0
dDocent_Contig_35390	1	331	0	0	0	0	0	0
dDocent_Contig_35393	1	365	0	0	0	0	0	0
dDocent_Contig_35423	1	454	0	0	0	0	0	0
dDocent_Contig_35443	1	459	0	0	0	0	0	0
dDocent_Contig_35455	1	300	0	0	0	0	0	0
dDocent_Contig_35466	1	248	0	0	0	0	0	0
dDocent_Contig_35469	1	359	0	0	0	0	0	0
dDocent_Contig_35487	1	422	0	0	0	0	0	0
dDocent_Contig_35491	1	440	0	0	0	0	0	0
dDocent_Contig_35493	1	392	0	0	0	0	0	0
dDocent_Contig_35497	1	401	0	0	0	0	0	0
dDocent_Contig_35498	1	471	0	0	0	0	0	0
dDocent_Contig_35506	1	386	0	0	0	0	0	0
dDocent_Contig_35507	1	240	0	0	0	0	0	0
dDocent_Contig_35508	1	394	0	0	0	0	0	0
dDocent_Contig_35509	1	396	0	0	0	0	0	0
dDocent_Contig_35511	1	410	0	0	0	0	0	0
dDocent_Contig_35513	1	453	0	0	0	0	0	0
dDocent_Contig_35522	1	375	0	0	0	0	0	0
dDocent_Contig_35524	1	258	0	0	0	0	0	0
dDocent_Contig_35531	1	380	0	0	0	0	0	0
dDocent_Contig_35540	1	371	0	0	0	0	0	0
dDocent_Contig_35541	1	426	0	0	0	0	0	0
dDocent_Contig_35545	1	342	0	0	0	0	0	0
dDocent_Contig_35552	1	367	0	0	0	0	0	0
dDocent_Contig_35569	1	334	0	0	0	0	0	0
dDocent_Contig_35570	1	410	0	0	0	0	0	0
dDocent_Contig_35574	1	355	0	0	0	0	0	0
dDocent_Contig_35585	1	439	0	0	0	0	0	0
dDocent_Contig_35588	1	326	0	0	0	0	0	0
dDocent_Contig_35594	1	325	0	0	0	0	0	0
dDocent_Contig_35599	1	376	0	0	0	0	0	0
dDocent_Contig_35602	1	284	0	0	0	0	0	0
dDocent_Contig_35605	1	320	0	0	0	0	0	0
dDocent_Contig_35614	1	504	0	0	0	0	0	0
dDocent_Contig_35621	1	397	0	0	0	0	0	0
dDocent_Contig_35635	1	355	0	0	0	0	0	0
dDocent_Contig_35637	1	411	0	0	0	0	0	0
dDocent_Contig_35648	1	371	0	0	0	0	0	0
dDocent_Contig_35650	1	420	0	0	0	0	0	0
dDocent_Contig_35653	1	274	0	0	0	0	0	0
dDocent_Contig_35662	1	485	0	0	0	0	0	0
dDocent_Contig_35663	1	352	0	0	0	0	0	0
dDocent_Contig_35671	1	446	0	0	0	0	0	0
dDocent_Contig_35674	1	331	0	0	0	0	0	0
dDocent_Contig_35679	1	450	0	0	0	0	0	0
dDocent_Contig_35684	1	345	0	0	0	0	0	0
dDocent_Contig_35686	1	342	0	0	0	0	0	0
dDocent_Contig_35690	1	403	0	0	0	0	0	0
dDocent_Contig_35691	1	495	0	0	0	0	0	0
dDocent_Contig_35693	1	388	0	0	0	0	0	0
dDocent_Contig_35695	1	494	0	0	0	0	0	0
dDocent_Contig_35701	1	400	0	0	0	0	0	0
dDocent_Contig_35729	1	348	0	0	0	0	0	0
dDocent_Contig_35731	1	348	0	0	0	0	0	0
dDocent_Contig_35732	1	408	0	0	0	0	0	0
dDocent_Contig_35734	1	442	0	0	0	0	0	0
dDocent_Contig_35739	1	377	0	0	0	0	0	0
dDocent_Contig_35741	1	449	0	0	0	0	0	0
dDocent_Contig_35745	1	417	0	0	0	0	0	0
dDocent_Contig_35748	1	379	0	0	0	0	0	0
dDocent_Contig_35749	1	390	0	0	0	0	0	0
dDocent_Contig_35755	1	364	0	0	0	0	0	0
dDocent_Contig_35763	1	320	0	0	0	0	0	0
dDocent_Contig_35775	1	346	0	0	0	0	0	0
dDocent_Contig_35791	1	344	0	0	0	0	0	0
dDocent_Contig_35805	1	386	0	0	0	0	0	0
dDocent_Contig_35807	1	334	0	0	0	0	0	0
dDocent_Contig_35810	1	290	0	0	0	0	0	0
dDocent_Contig_35811	1	391	0	0	0	0	0	0
dDocent_Contig_35814	1	435	0	0	0	0	0	0
dDocent_Contig_35820	1	363	0	0	0	0	0	0
dDocent_Contig_35823	1	328	0	0	0	0	0	0
dDocent_Contig_35831	1	462	0	0	0	0	0	0
dDocent_Contig_35833	1	447	0	0	0	0	0	0
dDocent_Contig_35834	1	397	0	0	0	0	0	0
dDocent_Contig_35836	1	295	0	0	0	0	0	0
dDocent_Contig_35845	1	289	0	0	0	0	0	0
dDocent_Contig_35848	1	309	0	0	0	0	0	0
dDocent_Contig_35854	1	423	0	0	0	0	0	0
dDocent_Contig_35868	1	338	0	0	0	0	0	0
dDocent_Contig_35871	1	394	0	0	0	0	0	0
dDocent_Contig_35873	1	253	0	0	0	0	0	0
dDocent_Contig_35880	1	373	0	0	0	0	0	0
dDocent_Contig_35883	1	421	0	0	0	0	0	0
dDocent_Contig_35888	1	367	0	0	0	0	0	0
dDocent_Contig_35911	1	474	0	0	0	0	0	0
dDocent_Contig_35918	1	332	0	0	0	0	0	0
dDocent_Contig_35919	1	484	0	0	0	0	0	0
dDocent_Contig_35920	1	347	0	0	0	0	0	0
dDocent_Contig_35921	1	420	0	0	0	0	0	0
dDocent_Contig_35925	1	485	0	0	0	0	0	0
dDocent_Contig_35952	1	324	0	0	0	0	0	0
dDocent_Contig_35958	1	329	0	0	0	0	0	0
dDocent_Contig_35984	1	404	0	0	0	0	0	0
dDocent_Contig_35985	1	395	0	0	0	0	0	0
dDocent_Contig_35998	1	386	0	0	0	0	0	0
dDocent_Contig_36006	1	366	0	0	0	0	0	0
dDocent_Contig_36007	1	321	0	0	0	0	0	0
dDocent_Contig_36008	1	451	0	0	0	0	0	0
dDocent_Contig_36013	1	292	0	0	0	0	0	0
dDocent_Contig_36018	1	369	0	0	0	0	0	0
dDocent_Contig_36023	1	393	0	0	0	0	0	0
dDocent_Contig_36030	1	404	0	0	0	0	0	0
dDocent_Contig_36043	1	381	0	0	0	0	0	0
dDocent_Contig_36045	1	468	0	0	0	0	0	0
dDocent_Contig_36051	1	401	0	0	0	0	0	0
dDocent_Contig_36057	1	284	0	0	0	0	0	0
dDocent_Contig_36067	1	366	0	0	0	0	0	0
dDocent_Contig_36068	1	300	0	0	0	0	0	0
