#rname	startpos	endpos	numreads	covbases	coverage	meandepth	meanbaseq	meanmapq
dDocent_Contig_469	1	379	48	341	89.9736	18.3483	36.5	58.5
dDocent_Contig_2221	1	248	15	246	99.1935	8.26613	35.9	55.3
dDocent_Contig_2643	1	401	31	395	98.5037	11.1771	35.7	60
dDocent_Contig_3763	1	343	9	314	91.5452	3.88047	36.2	60
dDocent_Contig_3808	1	399	30	265	66.416	10.6817	36.2	60
dDocent_Contig_4059	1	317	17	237	74.7634	7.64669	35.6	60
dDocent_Contig_4302	1	351	46	317	90.3134	18.8889	36.2	60
dDocent_Contig_4678	1	417	3	101	24.2206	0.647482	36.9	60
dDocent_Contig_4795	1	504	69	390	77.381	20.1944	36.3	60
dDocent_Contig_4841	1	434	67	434	100	19.4447	35	59.3
dDocent_Contig_4870	1	346	1	150	43.3526	0.433526	34.8	60
dDocent_Contig_4893	1	390	155	278	71.2821	55.8385	35.6	56.6
dDocent_Contig_4896	1	478	37	398	83.2636	9.87866	36.2	60
dDocent_Contig_4915	1	490	17	233	47.551	5.01224	36	60
dDocent_Contig_4954	1	448	35	408	91.0714	10.7857	35.9	59.5
dDocent_Contig_5374	1	339	18	298	87.9056	7.32448	35.4	60
dDocent_Contig_5466	1	378	20	289	76.455	7.5291	35.5	60
dDocent_Contig_5536	1	385	12	244	63.3766	4.22857	36	60
dDocent_Contig_5701	1	399	15	378	94.7368	5.01003	35.2	60
dDocent_Contig_5745	1	350	17	317	90.5714	7.19714	36.1	60
dDocent_Contig_5793	1	491	132	488	99.389	38.2607	35.9	60
dDocent_Contig_5885	1	411	5	236	57.4209	1.6253	36	60
dDocent_Contig_5919	1	389	14	254	65.2956	4.37532	36.2	60
dDocent_Contig_6187	1	358	13	335	93.5754	5.09777	35.7	60
dDocent_Contig_6364	1	384	14	275	71.6146	5.36719	36.5	60
dDocent_Contig_6641	1	379	38	347	91.5567	14.1768	36.1	60
dDocent_Contig_6659	1	367	23	355	96.7302	8.59673	35.8	41.8
dDocent_Contig_6765	1	403	3	278	68.9826	0.933002	36.5	60
dDocent_Contig_6929	1	441	4	217	49.2063	1.36054	36.5	60
dDocent_Contig_7234	1	472	78	313	66.3136	23.4492	35.5	60
dDocent_Contig_7358	1	381	73	372	97.6378	27.8373	35.9	60
dDocent_Contig_7458	1	407	9	164	40.2948	3.14005	36.6	60
dDocent_Contig_7519	1	512	34	499	97.4609	9.7832	36	60
dDocent_Contig_8407	1	391	58	335	85.6777	20.5396	36.5	60
dDocent_Contig_8530	1	364	10	195	53.5714	3.1978	33.6	60
dDocent_Contig_8860	1	444	49	360	81.0811	15.2928	35.3	60
dDocent_Contig_8973	1	510	9	256	50.1961	2.58039	36.4	60
dDocent_Contig_8977	1	408	43	377	92.402	14.5147	36	60
dDocent_Contig_8980	1	418	13	301	72.0096	4.41148	36.1	60
dDocent_Contig_10010	1	372	179	371	99.7312	60.2016	34.8	59.6
dDocent_Contig_10223	1	421	13	331	78.6223	4.54632	36.4	60
dDocent_Contig_10246	1	383	19	277	72.3238	7.13316	36	60
dDocent_Contig_10283	1	462	19	399	86.3636	5.60606	36	60
dDocent_Contig_10521	1	327	15	325	99.3884	6.60856	36.2	60
dDocent_Contig_10528	1	358	25	346	96.648	9.75698	36.1	60
dDocent_Contig_10735	1	355	6	224	63.0986	2.53521	36.6	60
dDocent_Contig_11013	1	448	3	166	37.0536	0.977679	35.3	60
dDocent_Contig_11016	1	369	5	265	71.8157	1.97019	36.3	60
dDocent_Contig_11040	1	438	22	307	70.0913	6.86758	36.5	60
dDocent_Contig_11104	1	379	11	336	88.6544	4.2876	36.3	60
dDocent_Contig_11121	1	371	41	350	94.3396	15.752	36.1	60
dDocent_Contig_11227	1	393	16	321	81.6794	5.61832	36.4	60
dDocent_Contig_11328	1	340	30	337	99.1176	12.1647	35.3	60
dDocent_Contig_11809	1	369	16	259	70.1897	6.14092	36.5	60
dDocent_Contig_11825	1	443	2	68	15.3499	0.306998	36.9	60
dDocent_Contig_12066	1	516	2	135	26.1628	0.523256	36.8	60
dDocent_Contig_12441	1	390	14	325	83.3333	5.17692	35.6	60
dDocent_Contig_12477	1	499	30	455	91.1824	8.75952	35.7	60
dDocent_Contig_12539	1	470	66	416	88.5106	17.9957	34.8	60
dDocent_Contig_12540	1	484	2	76	15.7025	0.31405	36.2	60
dDocent_Contig_12650	1	438	26	323	73.7443	7.71005	35.2	60
dDocent_Contig_12696	1	413	21	350	84.7458	7.12107	36.4	60
dDocent_Contig_12794	1	399	10	346	86.7168	3.58396	36.3	60
dDocent_Contig_13087	1	371	24	364	98.1132	8.8841	35.6	60
dDocent_Contig_13133	1	358	26	340	94.9721	9.87709	36.1	53.7
dDocent_Contig_13319	1	497	33	396	79.6781	9.22535	35.6	60
dDocent_Contig_13325	1	471	61	469	99.5754	17.6051	35.8	59.5
dDocent_Contig_13631	1	350	9	276	78.8571	3.75429	36.1	60
dDocent_Contig_13704	1	509	24	359	70.5305	6.71316	36.4	60
dDocent_Contig_13714	1	320	23	210	65.625	10.3781	35.7	60
dDocent_Contig_13802	1	386	42	325	84.1969	14.1114	36.1	60
dDocent_Contig_13814	1	441	93	409	92.7438	29.9909	35.1	60
dDocent_Contig_13926	1	385	154	383	99.4805	54.1948	36.2	51.6
dDocent_Contig_14040	1	412	92	395	95.8738	31.784	36	60
dDocent_Contig_14127	1	505	8	396	78.4158	2.34257	36.6	44.9
dDocent_Contig_14341	1	437	26	368	84.2105	8.36613	36.6	60
dDocent_Contig_14387	1	376	16	276	73.4043	6.12234	36.3	60
dDocent_Contig_14401	1	499	5	165	33.0661	1.23848	36	60
dDocent_Contig_14458	1	389	17	348	89.4602	6.24679	36.3	60
dDocent_Contig_14471	1	381	14	222	58.2677	4.90026	36.6	60
dDocent_Contig_14696	1	399	13	393	98.4962	4.6015	35.4	60
dDocent_Contig_14857	1	507	123	506	99.8028	34.1085	36	59.7
dDocent_Contig_14945	1	384	57	382	99.4792	21.4792	36.2	60
dDocent_Contig_15303	1	463	6	265	57.2354	1.94384	36.9	60
dDocent_Contig_15394	1	383	63	379	98.9556	23.0183	35.4	60
dDocent_Contig_15443	1	336	55	335	99.7024	23.3036	35.9	60
dDocent_Contig_15798	1	345	21	344	99.7101	8.4058	36.2	58
dDocent_Contig_16416	1	339	30	299	88.2006	12.1298	34.3	60
dDocent_Contig_16644	1	379	186	377	99.4723	60.3641	34.8	50.8
dDocent_Contig_16876	1	407	14	326	80.0983	4.95086	35.3	60
dDocent_Contig_17025	1	364	52	344	94.5055	19.0769	35.6	60
dDocent_Contig_17172	1	417	47	265	63.5492	10.9281	35.3	60
dDocent_Contig_17263	1	344	307	336	97.6744	122.157	35.2	54.1
dDocent_Contig_17281	1	338	18	329	97.3373	7.91124	35.8	60
dDocent_Contig_17506	1	283	121	255	90.106	56.7597	35.5	50
dDocent_Contig_17552	1	383	32	305	79.6345	9.09399	34.3	60
dDocent_Contig_17966	1	427	13	164	38.4075	3.86417	36.1	60
dDocent_Contig_18067	1	417	20	343	82.2542	6.61631	36.1	60
dDocent_Contig_18263	1	320	29	315	98.4375	13.2906	36.2	56
dDocent_Contig_18530	1	383	20	383	100	7.46475	36.2	60
dDocent_Contig_18645	1	325	23	312	96	9.63385	36.1	60
dDocent_Contig_18820	1	389	21	239	61.4396	7.57326	36.2	60
dDocent_Contig_19079	1	369	15	314	85.0949	5.68293	36.1	57.1
dDocent_Contig_19438	1	398	13	309	77.6382	4.05779	36	60
dDocent_Contig_19450	1	413	3	135	32.6877	0.949153	36	60
dDocent_Contig_19596	1	387	7	235	60.7235	2.65891	35.8	60
dDocent_Contig_19601	1	407	27	303	74.4472	9.44717	36.3	59.4
dDocent_Contig_19667	1	459	29	433	94.3355	9.40741	36.2	60
dDocent_Contig_19729	1	417	40	410	98.3213	13.6019	35.9	57.2
dDocent_Contig_19789	1	421	5	206	48.9311	1.75772	36.3	60
dDocent_Contig_19841	1	341	9	154	45.1613	3.50147	36.6	60
dDocent_Contig_19852	1	390	64	388	99.4872	22.4641	36.1	47.7
dDocent_Contig_19961	1	405	7	210	51.8519	2.56296	35.9	60
dDocent_Contig_20075	1	513	19	459	89.4737	5.36257	36.3	60
dDocent_Contig_20137	1	400	78	388	97	25.985	35	60
dDocent_Contig_20312	1	305	31	281	92.1311	13.8623	35.9	60
dDocent_Contig_20541	1	394	7	222	56.3452	2.57868	36.5	60
dDocent_Contig_20805	1	446	71	445	99.7758	22.8229	35.7	60
dDocent_Contig_20878	1	441	23	282	63.9456	7.31519	35.7	60
dDocent_Contig_20914	1	382	4	201	52.6178	1.56021	36.7	60
dDocent_Contig_21026	1	291	17	290	99.6564	8.14089	36.2	60
dDocent_Contig_21304	1	354	20	266	75.1412	8.20621	35.6	60
dDocent_Contig_21306	1	382	8	300	78.534	2.62565	35.1	60
dDocent_Contig_21534	1	309	7	172	55.6634	2.71521	36.6	60
dDocent_Contig_21546	1	415	35	412	99.2771	11.812	36.2	60
dDocent_Contig_21613	1	468	1	132	28.2051	0.282051	36.9	60
dDocent_Contig_21972	1	384	28	273	71.0938	10.349	36.3	60
dDocent_Contig_22345	1	419	6	249	59.4272	2.14081	35.6	60
dDocent_Contig_22513	1	359	4	187	52.0891	1.52925	35.5	60
dDocent_Contig_22724	1	396	5	293	73.9899	1.56566	36.5	57
dDocent_Contig_22852	1	422	4	154	36.4929	1.2654	35.9	60
dDocent_Contig_22974	1	418	29	287	68.6603	9.44019	36.6	60
dDocent_Contig_23082	1	339	21	299	88.2006	8.79056	36	60
dDocent_Contig_23105	1	357	54	356	99.7199	21.7283	36.2	60
dDocent_Contig_23475	1	412	26	344	83.4951	9.17961	36.5	60
dDocent_Contig_23718	1	457	4	227	49.6718	1.00438	34.9	60
dDocent_Contig_24326	1	366	15	220	60.1093	5.59836	35.2	60
dDocent_Contig_24509	1	391	36	389	99.4885	12.5269	35.6	60
dDocent_Contig_24768	1	496	10	284	57.2581	2.68347	35	60
dDocent_Contig_24942	1	431	9	377	87.471	2.86311	36.7	60
dDocent_Contig_25303	1	364	13	258	70.8791	5.08791	36.4	60
dDocent_Contig_25362	1	430	24	248	57.6744	8.0907	35.9	60
dDocent_Contig_25525	1	348	18	320	91.954	7.53448	35.3	60
dDocent_Contig_25528	1	376	7	207	55.0532	2.2633	34.7	58.7
dDocent_Contig_25719	1	415	26	278	66.988	8.54458	36	60
dDocent_Contig_25734	1	337	17	335	99.4065	6.97626	35.1	60
dDocent_Contig_26001	1	384	3	240	62.5	1.11198	36.4	60
dDocent_Contig_26341	1	444	26	314	70.7207	6.27928	35.7	60
dDocent_Contig_26480	1	421	11	245	58.1948	3.55819	36.1	55
dDocent_Contig_26506	1	400	10	282	70.5	3.045	36	60
dDocent_Contig_26705	1	461	44	396	85.9002	13.2972	36.3	60
dDocent_Contig_26735	1	393	5	157	39.9491	1.9084	36.7	60
dDocent_Contig_26794	1	356	22	354	99.4382	9.12921	36.4	60
dDocent_Contig_26833	1	400	10	294	73.5	3.5475	36.4	59.1
dDocent_Contig_26860	1	394	25	262	66.4975	8.88579	34.8	59.9
dDocent_Contig_26932	1	258	81	257	99.6124	43.8411	36.2	60
dDocent_Contig_27088	1	385	12	295	76.6234	4.34545	36	60
dDocent_Contig_27151	1	347	27	329	94.8127	11.0144	36.3	60
dDocent_Contig_27303	1	378	10	291	76.9841	3.63757	36.3	60
dDocent_Contig_27382	1	387	7	304	78.553	2.68217	34.5	60
dDocent_Contig_27425	1	360	22	359	99.7222	9.00278	36.5	60
dDocent_Contig_27478	1	459	31	389	84.7495	9.5512	36.6	60
dDocent_Contig_27500	1	396	39	393	99.2424	14.5455	36.2	60
dDocent_Contig_27714	1	470	55	417	88.7234	16.7234	35.7	59.9
dDocent_Contig_27757	1	391	6	187	47.8261	2.08951	36.2	56.3
dDocent_Contig_27791	1	475	21	375	78.9474	5.86947	36.3	58.7
dDocent_Contig_27963	1	379	33	279	73.6148	12.3562	36	60
dDocent_Contig_28454	1	399	11	331	82.9574	3.74185	36.1	60
dDocent_Contig_28529	1	406	98	399	98.2759	33.8645	35.7	59.5
dDocent_Contig_28554	1	330	32	323	97.8788	14.2091	36	60
dDocent_Contig_28643	1	365	6	302	82.7397	2.39452	36.6	60
dDocent_Contig_28723	1	276	2	151	54.7101	1.0471	36.6	60
dDocent_Contig_28759	1	388	34	381	98.1959	12.1495	36.5	60
dDocent_Contig_28983	1	302	70	248	82.1192	21.5695	35.6	46.2
dDocent_Contig_29187	1	412	101	315	76.4563	27.6044	34.7	58.6
dDocent_Contig_29239	1	466	6	326	69.9571	1.8133	36.5	60
dDocent_Contig_29337	1	430	49	259	60.2326	14.5744	35.8	59.9
dDocent_Contig_29359	1	344	17	220	63.9535	7	36.3	60
dDocent_Contig_29718	1	364	25	284	78.022	9.8956	36.6	60
dDocent_Contig_29719	1	372	29	357	95.9677	10.9274	35.8	60
dDocent_Contig_30057	1	507	9	305	60.1578	2.66272	35.1	60
dDocent_Contig_30094	1	502	19	254	50.5976	5.40837	35.4	54.8
dDocent_Contig_30299	1	433	38	385	88.9145	12.582	36.1	60
dDocent_Contig_30444	1	357	21	322	90.1961	8.10644	35.6	57.1
dDocent_Contig_30573	1	400	39	343	85.75	13.9525	35.7	60
dDocent_Contig_31290	1	365	2	145	39.726	0.794521	36.3	60
dDocent_Contig_31438	1	426	24	332	77.9343	8.05634	35	60
dDocent_Contig_31551	1	325	32	321	98.7692	13.2492	35.4	60
dDocent_Contig_31599	1	401	10	336	83.7905	3.74065	36.3	60
dDocent_Contig_31843	1	381	71	381	100	26.3386	36	60
dDocent_Contig_32237	1	398	9	307	77.1357	3.27136	35.5	60
dDocent_Contig_32242	1	298	5	239	80.2013	2.03691	36.6	31.4
dDocent_Contig_32553	1	337	21	310	91.9881	8.84273	36.2	60
dDocent_Contig_32556	1	374	5	289	77.2727	1.94652	36.5	60
dDocent_Contig_32581	1	458	190	457	99.7817	58.3624	35.4	42.2
dDocent_Contig_32642	1	399	16	371	92.9825	5.89975	36.3	60
dDocent_Contig_32650	1	406	74	362	89.1626	25.6773	35.2	60
dDocent_Contig_32658	1	400	62	379	94.75	21.51	35.5	59.9
dDocent_Contig_32684	1	418	39	397	94.9761	11.3612	34.4	59.4
dDocent_Contig_32849	1	364	41	352	96.7033	16.5192	35.9	60
dDocent_Contig_32933	1	371	4	275	74.124	1.48248	35.5	60
dDocent_Contig_33311	1	493	32	393	79.716	8.93306	36.5	58.2
dDocent_Contig_33441	1	388	29	386	99.4845	10.8454	35.5	60
dDocent_Contig_33639	1	375	10	341	90.9333	3.664	34.9	60
dDocent_Contig_33920	1	360	9	241	66.9444	2.61111	36.6	57.3
dDocent_Contig_34098	1	339	33	301	88.7906	13.5929	36	60
dDocent_Contig_34176	1	488	90	486	99.5902	25.6086	35.6	60
dDocent_Contig_34252	1	375	12	319	85.0667	4.152	35.8	60
dDocent_Contig_34267	1	417	57	417	100	19.8441	36.1	60
dDocent_Contig_34319	1	397	3	200	50.3778	0.921914	36.7	60
dDocent_Contig_34458	1	319	8	228	71.4734	3.4232	36.2	60
dDocent_Contig_34474	1	341	26	331	97.0674	10.8475	36.4	60
dDocent_Contig_34668	1	348	21	323	92.8161	8.71264	36.1	60
dDocent_Contig_34862	1	499	11	213	42.6854	3.08216	36.2	60
dDocent_Contig_35098	1	323	11	250	77.3994	4.40557	36.5	60
dDocent_Contig_35248	1	338	11	192	56.8047	4.76627	35.6	33.4
dDocent_Contig_35451	1	353	16	318	90.085	6.74788	36	60
dDocent_Contig_35500	1	376	10	339	90.1596	3.88032	36.2	60
dDocent_Contig_35857	1	406	6	253	62.3153	2.06404	35.4	60
dDocent_Contig_36016	1	330	25	324	98.1818	10.5333	36.5	60
dDocent_Contig_470	1	494	6	302	61.1336	1.69028	36.9	60
dDocent_Contig_1286	1	344	35	328	95.3488	14.8023	36.3	59.1
dDocent_Contig_1288	1	336	1	150	44.6429	0.446429	36.5	60
dDocent_Contig_1292	1	399	9	348	87.218	3.34586	34.9	60
dDocent_Contig_1334	1	434	246	432	99.5392	82.9194	35.9	59.9
dDocent_Contig_1391	1	326	15	300	92.0245	6.28528	35.7	60
dDocent_Contig_1397	1	375	91	357	95.2	32.8827	35.8	59.5
dDocent_Contig_1439	1	432	16	402	93.0556	5.48148	34.7	60
dDocent_Contig_1469	1	380	17	216	56.8421	5.79474	36.5	60
dDocent_Contig_1516	1	346	39	345	99.711	16.2312	35.9	60
dDocent_Contig_1547	1	414	20	315	76.087	7.03382	36.1	60
dDocent_Contig_1565	1	437	102	435	99.5423	33.8856	35.7	60
dDocent_Contig_1611	1	459	40	427	93.0283	12.7712	36.3	60
dDocent_Contig_1625	1	377	6	244	64.7215	2.35279	36.6	60
dDocent_Contig_1627	1	367	20	241	65.6676	8.13079	35.8	60
dDocent_Contig_1638	1	317	44	317	100	20.0347	35.8	60
dDocent_Contig_1676	1	297	31	293	98.6532	15.4545	36.3	60
dDocent_Contig_1681	1	393	123	392	99.7455	45.4682	36	59.4
dDocent_Contig_1775	1	371	17	333	89.7574	6.25876	36.3	60
dDocent_Contig_1794	1	390	34	363	93.0769	12.2897	36.2	60
dDocent_Contig_1852	1	359	349	318	88.5794	137.769	35.8	47.4
dDocent_Contig_1865	1	399	93	398	99.7494	32.7945	36	60
dDocent_Contig_1933	1	359	23	358	99.7214	8.95265	36	60
dDocent_Contig_1947	1	370	6	263	71.0811	2.23784	34.9	60
dDocent_Contig_1971	1	371	30	343	92.4528	11.7628	35.7	60
dDocent_Contig_1980	1	340	11	328	96.4706	4.66471	35.8	60
dDocent_Contig_2001	1	359	31	326	90.8078	12.2089	36.4	60
dDocent_Contig_2002	1	340	8	254	74.7059	3.27059	36.8	60
dDocent_Contig_2029	1	376	15	254	67.5532	5.7234	36	60
dDocent_Contig_2074	1	286	3	197	68.8811	1.39161	36.6	60
dDocent_Contig_2082	1	346	4	256	73.9884	1.7341	36.7	60
dDocent_Contig_2085	1	474	33	308	64.9789	10.0338	36.4	60
dDocent_Contig_2089	1	392	22	367	93.6224	7.93112	35.9	58.4
dDocent_Contig_2100	1	326	5	260	79.7546	2.30061	36.9	60
dDocent_Contig_2102	1	387	22	347	89.6641	8.16021	35.9	60
dDocent_Contig_2104	1	396	28	385	97.2222	10.3207	35.7	60
dDocent_Contig_2106	1	359	59	358	99.7214	23.649	35.7	59.6
dDocent_Contig_2110	1	358	24	353	98.6034	9.50559	35.9	59.9
dDocent_Contig_2111	1	468	7	250	53.4188	2.1859	35.5	60
dDocent_Contig_2160	1	385	37	306	79.4805	13.8338	35.1	60
dDocent_Contig_2189	1	375	41	315	84	16.2613	35.6	60
dDocent_Contig_2192	1	360	28	293	81.3889	11.2472	36.6	60
dDocent_Contig_2195	1	389	17	388	99.7429	6.13882	36.1	54.7
dDocent_Contig_2220	1	360	42	314	87.2222	15.8472	36.3	41.2
dDocent_Contig_2275	1	399	37	373	93.4837	13.2506	35.6	60
dDocent_Contig_2302	1	378	9	358	94.709	3.53175	35.3	60
dDocent_Contig_2325	1	354	25	322	90.9605	10.5537	35.3	60
dDocent_Contig_2332	1	413	14	375	90.799	4.53995	35.9	60
dDocent_Contig_2581	1	402	68	333	82.8358	24.0323	35.8	60
dDocent_Contig_2603	1	333	27	332	99.6997	11.9429	36.5	60
dDocent_Contig_2666	1	415	34	322	77.5904	11.6217	36.7	60
dDocent_Contig_2694	1	353	39	308	87.2521	15.9632	35.8	60
dDocent_Contig_2703	1	383	18	356	92.9504	6.97911	36.4	60
dDocent_Contig_2786	1	419	84	385	91.8854	28.6062	35.8	60
dDocent_Contig_2801	1	405	38	354	87.4074	13.9062	36.4	60
dDocent_Contig_2812	1	316	28	299	94.6203	12.1835	35.4	60
dDocent_Contig_2818	1	381	17	282	74.0157	6.11024	35.4	60
dDocent_Contig_2839	1	376	16	346	92.0213	6.20745	36.3	60
dDocent_Contig_2840	1	492	3	185	37.6016	0.914634	36.2	60
dDocent_Contig_2853	1	365	36	306	83.8356	13.5479	35.9	60
dDocent_Contig_2896	1	394	21	353	89.5939	7.73096	35.9	60
dDocent_Contig_2901	1	402	26	388	96.5174	9.17413	36.3	60
dDocent_Contig_2928	1	330	1	150	45.4545	0.454545	36.9	60
dDocent_Contig_2933	1	361	38	359	99.446	15.2465	36.1	57.3
dDocent_Contig_3190	1	288	35	224	77.7778	16.941	35.6	59.9
dDocent_Contig_3221	1	370	38	323	87.2973	14.7973	35.1	60
dDocent_Contig_3294	1	379	18	372	98.153	7.08179	36.4	60
dDocent_Contig_3391	1	365	14	275	75.3425	5.47123	36.6	60
dDocent_Contig_3398	1	351	12	254	72.3647	4.86325	36.4	60
dDocent_Contig_3401	1	423	22	268	63.357	7.63357	35.8	60
dDocent_Contig_3402	1	434	9	233	53.6866	3.08065	35.1	60
dDocent_Contig_3405	1	356	20	293	82.3034	6.24719	34.3	60
dDocent_Contig_3454	1	332	112	332	100	48.0271	35.7	59.7
dDocent_Contig_3472	1	389	46	336	86.3753	17.3213	36.3	60
dDocent_Contig_3489	1	407	10	279	68.5504	3.31941	36.7	60
dDocent_Contig_3686	1	360	55	285	79.1667	21.3694	36.4	60
dDocent_Contig_3697	1	390	26	389	99.7436	9.84359	36.3	59
dDocent_Contig_3705	1	371	15	290	78.1671	5.95687	36.2	60
dDocent_Contig_3706	1	391	11	244	62.4041	3.96419	35.7	60
dDocent_Contig_3708	1	451	9	273	60.5322	2.90909	36.1	60
dDocent_Contig_3709	1	398	14	280	70.3518	5.27387	36.3	60
dDocent_Contig_3711	1	327	24	111	33.945	6.62691	35.9	57.4
dDocent_Contig_3719	1	405	52	361	89.1358	17.963	36	60
dDocent_Contig_3722	1	341	19	251	73.607	8.20235	36.2	60
dDocent_Contig_3723	1	390	58	364	93.3333	21.8462	35.6	60
dDocent_Contig_3725	1	382	39	304	79.5812	14.301	36	60
dDocent_Contig_3728	1	363	20	361	99.449	7.96419	36	60
dDocent_Contig_3729	1	298	15	264	88.5906	6.2047	35.8	60
dDocent_Contig_3730	1	455	47	432	94.9451	15.0374	35.4	60
dDocent_Contig_3733	1	437	11	387	88.5584	3.74142	36.3	60
dDocent_Contig_3746	1	420	18	392	93.3333	6.28571	35.5	60
dDocent_Contig_3748	1	326	11	264	80.9816	4.61963	35.8	60
dDocent_Contig_3752	1	362	29	343	94.7514	11.6354	36.1	58.8
dDocent_Contig_3754	1	405	11	268	66.1728	3.8716	36.1	60
dDocent_Contig_3758	1	394	49	393	99.7462	18.1066	36.5	60
dDocent_Contig_3759	1	306	26	282	92.1569	11.6993	36.1	60
dDocent_Contig_3762	1	327	154	324	99.0826	64.1346	35.8	38.4
dDocent_Contig_3769	1	375	39	360	96	14.928	36.2	60
dDocent_Contig_3772	1	394	40	350	88.8325	14.7081	36.1	60
dDocent_Contig_3775	1	403	127	402	99.7519	43.8387	35.8	60
dDocent_Contig_3796	1	309	46	266	86.0841	20.8835	35.7	60
dDocent_Contig_3797	1	440	11	185	42.0455	3.48636	36.4	60
dDocent_Contig_3803	1	346	20	332	95.9538	8.24855	36.1	60
dDocent_Contig_3804	1	381	11	353	92.6509	4.15748	36.3	60
dDocent_Contig_3806	1	307	10	199	64.8208	4.35831	36	60
dDocent_Contig_3813	1	323	212	323	100	85.9814	35.9	55.3
dDocent_Contig_3817	1	392	29	326	83.1633	10.4949	36.3	60
dDocent_Contig_3818	1	303	25	303	100	11.8515	36.8	60
dDocent_Contig_3819	1	472	35	452	95.7627	10.7458	36	60
dDocent_Contig_3820	1	411	31	277	67.3966	11.2019	36	60
dDocent_Contig_3823	1	350	28	346	98.8571	11.3571	36.3	60
dDocent_Contig_3824	1	388	30	285	73.4536	10.5361	36	60
dDocent_Contig_3827	1	395	10	248	62.7848	3.70886	35.6	60
dDocent_Contig_3833	1	370	20	339	91.6216	7.73784	35.9	60
dDocent_Contig_3834	1	285	6	251	88.0702	3.15789	36.5	60
dDocent_Contig_3835	1	393	16	383	97.4555	5.95674	35.9	53.8
dDocent_Contig_3843	1	469	49	337	71.855	15.2196	35.9	60
dDocent_Contig_3856	1	359	32	300	83.5655	12.6407	35.8	60
dDocent_Contig_3858	1	440	14	280	63.6364	4.34091	36.7	60
dDocent_Contig_3862	1	312	66	303	97.1154	30.5481	36	60
dDocent_Contig_3866	1	389	16	271	69.6658	5.83548	36.4	60
dDocent_Contig_3886	1	336	29	335	99.7024	12.494	35.9	60
dDocent_Contig_3894	1	317	23	316	99.6845	10.0694	36.5	60
dDocent_Contig_3895	1	350	99	348	99.4286	39.4086	35.8	55.3
dDocent_Contig_3896	1	313	51	276	88.1789	23.2524	35.7	60
dDocent_Contig_3899	1	304	12	271	89.1447	5.66447	35.2	60
dDocent_Contig_3900	1	314	12	272	86.6242	5.13376	35.9	60
dDocent_Contig_3906	1	397	4	267	67.2544	1.46348	36.4	60
dDocent_Contig_3914	1	387	25	330	85.2713	9.0155	35.8	60
dDocent_Contig_3915	1	253	29	246	97.2332	16.2253	36.6	60
dDocent_Contig_3922	1	427	32	383	89.6956	10.8361	36.4	60
dDocent_Contig_3924	1	344	24	303	88.0814	9.27035	36.1	60
dDocent_Contig_3928	1	336	5	154	45.8333	1.52381	36.8	60
dDocent_Contig_3932	1	375	34	334	89.0667	12.9893	36.3	60
dDocent_Contig_3934	1	384	32	327	85.1562	12.0755	34.9	59.9
dDocent_Contig_3935	1	315	15	298	94.6032	5.74921	36.3	60
dDocent_Contig_3938	1	323	13	297	91.9505	5.76161	36.4	60
dDocent_Contig_3939	1	405	33	301	74.321	11.1111	35.3	60
dDocent_Contig_3940	1	411	74	395	96.1071	25.8856	36.2	60
dDocent_Contig_3956	1	399	11	282	70.6767	3.93734	35.5	60
dDocent_Contig_3957	1	372	29	371	99.7312	11.6075	36.2	60
dDocent_Contig_3959	1	325	72	324	99.6923	30.2462	35.8	60
dDocent_Contig_3966	1	415	18	347	83.6145	6.35904	34.8	60
dDocent_Contig_3970	1	415	18	354	85.3012	5.78795	36.2	60
dDocent_Contig_3972	1	358	33	341	95.2514	13.648	36.1	60
dDocent_Contig_3973	1	333	19	292	87.6877	7.74775	35.6	60
dDocent_Contig_3976	1	440	2	132	30	0.6	36.8	60
dDocent_Contig_3980	1	393	11	283	72.0102	4.17557	35.2	60
dDocent_Contig_3983	1	396	4	196	49.4949	1.51515	35.4	60
dDocent_Contig_3987	1	274	21	266	97.0803	11.2774	35.7	60
dDocent_Contig_3988	1	380	23	290	76.3158	8.65789	36.3	60
dDocent_Contig_3989	1	269	41	267	99.2565	22.5167	36.1	60
dDocent_Contig_3990	1	429	54	399	93.007	18.2564	36.2	60
dDocent_Contig_3994	1	349	12	314	89.9713	5.02865	36.8	60
dDocent_Contig_3997	1	319	13	265	83.0721	5.6395	36.3	60
dDocent_Contig_4002	1	353	9	240	67.9887	3.56374	36.8	60
dDocent_Contig_4003	1	438	8	384	87.6712	2.65068	35.6	60
dDocent_Contig_4004	1	302	12	238	78.8079	5.78146	36.2	60
dDocent_Contig_4006	1	359	7	277	77.1588	2.59331	36.5	60
dDocent_Contig_4011	1	390	46	388	99.4872	17.3846	36.2	60
dDocent_Contig_4014	1	333	9	331	99.3994	3.88889	35.6	60
dDocent_Contig_4017	1	311	38	310	99.6785	17.1961	36.1	49
dDocent_Contig_4019	1	425	7	194	45.6471	2.2	36.5	60
dDocent_Contig_4023	1	348	34	337	96.8391	14.1839	36	60
dDocent_Contig_4032	1	396	13	256	64.6465	4.78788	36.3	60
dDocent_Contig_4035	1	385	23	362	94.026	8.78961	36	60
dDocent_Contig_4038	1	396	3	282	71.2121	1.13131	36.5	60
dDocent_Contig_4043	1	403	173	386	95.7816	60.4516	36.1	57.4
dDocent_Contig_4050	1	437	75	429	98.1693	24.6773	35.5	60
dDocent_Contig_4055	1	349	11	348	99.7135	4.5702	36	60
dDocent_Contig_4056	1	396	24	365	92.1717	8.84848	36.2	60
dDocent_Contig_4057	1	380	21	306	80.5263	7.76842	36.3	60
dDocent_Contig_4061	1	373	40	371	99.4638	14.8391	36	60
dDocent_Contig_4063	1	395	35	389	98.481	12.6354	36.2	60
dDocent_Contig_4065	1	388	378	387	99.7423	141.08	35.9	60
dDocent_Contig_4066	1	329	17	316	96.0486	7.06079	36.4	54.1
dDocent_Contig_4086	1	391	35	381	97.4425	12.6317	36.1	59.8
dDocent_Contig_4091	1	301	6	261	86.711	2.96013	36.6	60
dDocent_Contig_4094	1	389	11	297	76.3496	3.93059	36	60
dDocent_Contig_4100	1	292	5	122	41.7808	2.07534	36.3	60
dDocent_Contig_4106	1	370	6	180	48.6486	2.08919	35.8	60
dDocent_Contig_4107	1	458	82	439	95.8515	23.7227	34.3	40.5
dDocent_Contig_4122	1	394	17	269	68.2741	6.39848	35.6	60
dDocent_Contig_4123	1	264	15	261	98.8636	7.82955	36.6	60
dDocent_Contig_4127	1	324	50	319	98.4568	21.7778	35.9	60
dDocent_Contig_4131	1	391	73	361	92.3274	26.867	36.1	60
dDocent_Contig_4143	1	309	25	307	99.3528	11.4822	36	60
dDocent_Contig_4148	1	319	36	314	98.4326	16.069	35.8	47.3
dDocent_Contig_4151	1	390	23	317	81.2821	8.28205	35.6	60
dDocent_Contig_4157	1	271	50	270	99.631	25.8819	35.2	59.9
dDocent_Contig_4160	1	324	12	287	88.5802	5.34568	36.4	60
dDocent_Contig_4163	1	339	23	276	81.4159	9.82006	35.2	60
dDocent_Contig_4164	1	280	7	230	82.1429	3.75	35.8	60
dDocent_Contig_4170	1	367	59	279	76.0218	22.3651	35.9	60
dDocent_Contig_4171	1	375	63	373	99.4667	23.2427	35.9	54.9
dDocent_Contig_4173	1	466	53	464	99.5708	15.5579	35.8	59.5
dDocent_Contig_4180	1	432	22	319	73.8426	7.33565	36.7	60
dDocent_Contig_4181	1	386	46	331	85.7513	16.9896	36.5	60
dDocent_Contig_4182	1	381	46	379	99.4751	17.2178	36.2	60
dDocent_Contig_4187	1	291	19	271	93.1271	8.99313	36.8	60
dDocent_Contig_4191	1	367	24	365	99.455	8.74387	36	60
dDocent_Contig_4192	1	395	6	123	31.1392	1.8481	36.5	60
dDocent_Contig_4193	1	374	12	351	93.8503	4.59626	35.7	60
dDocent_Contig_4194	1	343	4	230	67.0554	1.74927	36	60
dDocent_Contig_4196	1	421	148	420	99.7625	51.1591	36.2	59.9
dDocent_Contig_4200	1	245	127	243	99.1837	60.0367	33.9	55.8
dDocent_Contig_4204	1	327	7	220	67.2783	3.11621	35.8	60
dDocent_Contig_4207	1	378	13	343	90.7407	4.84392	36.6	60
dDocent_Contig_4208	1	334	5	225	67.3653	2.16168	36.3	60
dDocent_Contig_4217	1	391	15	307	78.5166	5.27877	36.5	60
dDocent_Contig_4221	1	412	22	395	95.8738	7.8568	36.3	60
dDocent_Contig_4251	1	288	65	267	92.7083	32.4097	34.9	60
dDocent_Contig_4258	1	372	33	267	71.7742	13.1505	36.2	60
dDocent_Contig_4261	1	403	7	265	65.7568	2.49628	36.4	60
dDocent_Contig_4263	1	319	7	271	84.953	3.26332	36.8	60
dDocent_Contig_4266	1	320	26	297	92.8125	11.3844	36.4	59.7
dDocent_Contig_4268	1	348	5	310	89.0805	2.07471	34.1	60
dDocent_Contig_4270	1	315	39	312	99.0476	17.5206	35.7	60
dDocent_Contig_4272	1	383	18	313	81.7232	6.71802	36.2	60
dDocent_Contig_4283	1	318	5	275	86.478	2.33648	35.8	60
dDocent_Contig_4284	1	381	19	344	90.2887	6.96325	35.1	60
dDocent_Contig_4288	1	349	14	272	77.937	5.7937	36.1	60
dDocent_Contig_4290	1	395	9	257	65.0633	3.23291	35.1	60
dDocent_Contig_4294	1	362	21	262	72.3757	7.56354	36.4	60
dDocent_Contig_4296	1	344	87	312	90.6977	35.157	35.9	60
dDocent_Contig_4298	1	353	21	321	90.9348	8.55524	35.9	60
dDocent_Contig_4300	1	401	25	360	89.7756	8.83791	36.5	60
dDocent_Contig_4313	1	370	56	370	100	21.973	35.9	60
dDocent_Contig_4320	1	412	11	339	82.2816	3.97816	36.5	60
dDocent_Contig_4326	1	279	1	150	53.7634	0.537634	37	60
dDocent_Contig_4344	1	320	29	263	82.1875	11.9031	35.6	60
dDocent_Contig_4351	1	320	48	319	99.6875	20.8656	36.4	60
dDocent_Contig_4362	1	468	36	377	80.5556	10.9231	36.4	60
dDocent_Contig_4364	1	326	48	315	96.6258	19.9908	35.6	58.6
dDocent_Contig_4367	1	344	22	300	87.2093	9.06977	35.7	60
dDocent_Contig_4378	1	388	8	357	92.0103	3.03866	34.6	60
dDocent_Contig_4380	1	360	59	334	92.7778	22.9944	36.3	60
dDocent_Contig_4401	1	402	77	400	99.5025	27.9677	35.8	60
dDocent_Contig_4402	1	364	13	243	66.7582	5.2033	36.2	60
dDocent_Contig_4408	1	333	23	277	83.1832	10.1772	35.9	60
dDocent_Contig_4409	1	425	70	400	94.1176	24.0494	36.2	60
dDocent_Contig_4410	1	413	23	398	96.368	7.93947	36.1	60
dDocent_Contig_4412	1	378	40	251	66.4021	14.3519	36.4	59.5
dDocent_Contig_4416	1	265	5	224	84.5283	2.76981	34.4	60
dDocent_Contig_4418	1	369	11	262	71.0027	4.47154	36	60
dDocent_Contig_4420	1	227	7	222	97.7974	4.38767	36.7	60
dDocent_Contig_4425	1	386	107	385	99.7409	40.3472	35.8	60
dDocent_Contig_4427	1	353	23	313	88.6686	9.34278	36.6	60
dDocent_Contig_4436	1	349	18	239	68.4814	7.52436	36	56.3
dDocent_Contig_4442	1	315	7	258	81.9048	2.94921	36.3	60
dDocent_Contig_4443	1	453	24	348	76.8212	7.30022	36.3	60
dDocent_Contig_4451	1	345	22	260	75.3623	8.94783	36.1	60
dDocent_Contig_4456	1	367	10	196	53.406	3.54223	36.2	60
dDocent_Contig_4458	1	381	12	342	89.7638	4.49869	36.6	60
dDocent_Contig_4483	1	374	8	237	63.369	2.85027	36.2	60
dDocent_Contig_4484	1	356	28	355	99.7191	10.9831	35.5	60
dDocent_Contig_4486	1	379	38	283	74.6702	14.5778	36.1	60
dDocent_Contig_4489	1	300	437	299	99.6667	194.823	36	55.6
dDocent_Contig_4490	1	381	45	285	74.8031	16.21	36.1	60
dDocent_Contig_4511	1	347	34	345	99.4236	13.5245	35.5	60
dDocent_Contig_4513	1	405	46	326	80.4938	15.9235	36.4	60
dDocent_Contig_4517	1	246	17	245	99.5935	9.81707	35.8	60
dDocent_Contig_4518	1	414	26	348	84.058	9.02174	36.4	60
dDocent_Contig_4519	1	423	49	411	97.1631	16.3783	36.2	60
dDocent_Contig_4521	1	457	3	213	46.6083	0.761488	35.1	60
dDocent_Contig_4532	1	407	46	319	78.3784	16.113	36.3	60
dDocent_Contig_4534	1	388	135	384	98.9691	50.9149	36	60
dDocent_Contig_4536	1	397	63	392	98.7406	23.33	35.9	60
dDocent_Contig_4537	1	421	38	377	89.5487	12.5131	36.5	60
dDocent_Contig_4542	1	403	63	380	94.2928	22.2581	35.4	60
dDocent_Contig_4544	1	268	19	266	99.2537	9.82836	35.8	60
dDocent_Contig_4545	1	428	53	265	61.9159	17.6846	36	57.2
dDocent_Contig_4559	1	363	25	258	71.0744	9.15427	36.5	60
dDocent_Contig_4579	1	367	48	367	100	18.9918	35.6	60
dDocent_Contig_4580	1	430	54	428	99.5349	17.6326	35.8	60
dDocent_Contig_4584	1	358	585	331	92.4581	233.338	36.1	57.3
dDocent_Contig_4589	1	454	13	397	87.4449	4.22467	36.5	60
dDocent_Contig_4590	1	439	135	438	99.7722	42.4647	36.1	59.8
dDocent_Contig_4608	1	279	18	272	97.491	9.36559	35.8	60
dDocent_Contig_4610	1	300	6	207	69	2.84	36.5	60
dDocent_Contig_4623	1	380	25	379	99.7368	9.51316	34.5	60
dDocent_Contig_4627	1	370	8	188	50.8108	3.24324	36	60
dDocent_Contig_4636	1	396	5	267	67.4242	1.80051	36.8	60
dDocent_Contig_4639	1	306	20	297	97.0588	9.33333	36.3	60
dDocent_Contig_4641	1	375	38	301	80.2667	13.4187	35.2	60
dDocent_Contig_4643	1	330	18	324	98.1818	8.08788	35.8	60
dDocent_Contig_4645	1	360	29	358	99.4444	10.9194	35.7	60
dDocent_Contig_4651	1	362	22	332	91.7127	8.50552	35.9	60
dDocent_Contig_4652	1	395	34	369	93.4177	12.4633	36.3	60
dDocent_Contig_4656	1	248	64	247	99.5968	36.0282	35.8	59.5
dDocent_Contig_4657	1	400	37	399	99.75	13.26	34.5	60
dDocent_Contig_4658	1	374	37	369	98.6631	14.746	35.9	60
dDocent_Contig_4663	1	406	34	310	76.3547	11.6601	35.5	59.5
dDocent_Contig_4664	1	390	15	287	73.5897	5.4641	36.2	60
dDocent_Contig_4665	1	365	56	358	98.0822	21.4	36.1	60
dDocent_Contig_4670	1	319	26	261	81.8182	11.4859	36.2	60
dDocent_Contig_4671	1	367	35	365	99.455	13.2561	35.7	60
dDocent_Contig_4672	1	319	28	285	89.3417	12.2476	36.3	60
dDocent_Contig_4673	1	301	23	205	68.1063	10.3355	35.8	60
dDocent_Contig_4677	1	331	11	260	78.5498	4.7855	36.8	60
dDocent_Contig_4680	1	363	18	255	70.2479	7.19835	36	60
dDocent_Contig_4682	1	302	47	301	99.6689	22.106	36.4	60
dDocent_Contig_4683	1	487	43	478	98.152	12.5092	35.8	60
dDocent_Contig_4685	1	396	34	310	78.2828	12.0631	36.6	60
dDocent_Contig_4708	1	411	43	398	96.837	15.2798	36.1	60
dDocent_Contig_4715	1	402	11	232	57.7114	4.04726	36.6	60
dDocent_Contig_4718	1	365	39	331	90.6849	15.9726	35.6	60
dDocent_Contig_4736	1	373	31	358	95.9786	12.2306	36.2	60
dDocent_Contig_4742	1	288	19	286	99.3056	9.625	36.2	60
dDocent_Contig_4774	1	472	29	305	64.6186	8.88347	35.4	60
dDocent_Contig_4786	1	364	17	331	90.9341	6.97527	35.7	60
dDocent_Contig_4790	1	469	13	363	77.3987	3.56077	36	57.2
dDocent_Contig_4792	1	352	39	351	99.7159	16.0597	35.8	59.5
dDocent_Contig_4807	1	467	86	378	80.9422	26.3469	36	60
dDocent_Contig_4810	1	373	45	296	79.3566	17.3217	35.9	60
dDocent_Contig_4813	1	403	285	401	99.5037	100.303	35.6	59.6
dDocent_Contig_4835	1	419	26	348	83.0549	8.68019	36.1	60
dDocent_Contig_4837	1	350	28	246	70.2857	10.0886	36.5	57.8
dDocent_Contig_4844	1	327	15	311	95.107	6.78899	36.2	60
dDocent_Contig_4849	1	500	94	490	98	26.628	36	59.1
dDocent_Contig_4874	1	334	41	332	99.4012	17.0838	35.9	60
dDocent_Contig_4878	1	307	1	150	48.8599	0.488599	35.3	60
dDocent_Contig_4879	1	427	24	289	67.6815	7.74005	36	60
dDocent_Contig_4880	1	345	28	343	99.4203	11.3594	35.6	60
dDocent_Contig_4881	1	370	43	332	89.7297	17.4162	36.3	60
dDocent_Contig_4886	1	466	16	307	65.8798	5.08155	36.1	60
dDocent_Contig_4888	1	286	31	258	90.2098	15.3846	36.5	60
dDocent_Contig_4889	1	349	26	339	97.1347	10.6934	35.6	60
dDocent_Contig_4914	1	304	34	296	97.3684	15.1612	36.2	60
dDocent_Contig_4926	1	395	28	385	97.4684	9.97722	36.2	60
dDocent_Contig_4936	1	318	53	318	100	21.9623	35.3	56.8
dDocent_Contig_4939	1	430	33	312	72.5581	11.0767	36	59.9
dDocent_Contig_4941	1	378	9	301	79.6296	3.5582	36.6	60
dDocent_Contig_4948	1	397	25	313	78.8413	8.80605	35.9	60
dDocent_Contig_4953	1	307	52	305	99.3485	24.2704	36.1	60
dDocent_Contig_4956	1	406	1017	405	99.7537	356.914	35.8	59.6
dDocent_Contig_4961	1	435	7	203	46.6667	2.28736	36.3	60
dDocent_Contig_4962	1	373	65	372	99.7319	21.9115	36.1	56
dDocent_Contig_4966	1	251	15	242	96.4143	8.68924	35.9	60
dDocent_Contig_4975	1	350	17	313	89.4286	6.8	36.3	60
dDocent_Contig_4976	1	361	11	348	96.3989	4.55402	36.3	60
dDocent_Contig_4983	1	370	4	296	80	1.53243	36.7	60
dDocent_Contig_4986	1	381	98	380	99.7375	37.6982	35.9	60
dDocent_Contig_4987	1	373	25	346	92.7614	9.0563	35.1	59.3
dDocent_Contig_4988	1	378	52	325	85.9788	19.545	36	56
dDocent_Contig_4991	1	372	16	370	99.4624	5.3629	36.4	57.2
dDocent_Contig_4994	1	307	25	259	84.3648	11.6189	36.3	60
dDocent_Contig_5001	1	370	159	369	99.7297	61.9432	36.1	60
dDocent_Contig_5013	1	368	46	367	99.7283	17.9022	35.6	60
dDocent_Contig_5020	1	350	3	256	73.1429	1.28571	36.5	60
dDocent_Contig_5021	1	361	12	344	95.2909	4.98615	35.9	60
dDocent_Contig_5043	1	452	10	289	63.9381	3.31858	36.3	60
dDocent_Contig_5044	1	416	9	200	48.0769	2.97596	35.9	60
dDocent_Contig_5046	1	364	40	364	100	15.4038	36.2	60
dDocent_Contig_5061	1	384	50	382	99.4792	18.6406	36.1	60
dDocent_Contig_5062	1	430	26	262	60.9302	8.84651	35.8	60
dDocent_Contig_5067	1	383	14	315	82.2454	5.22715	35.2	60
dDocent_Contig_5068	1	363	32	354	97.5207	12.8843	35.9	60
dDocent_Contig_5069	1	463	11	319	68.8985	3.3067	36.5	60
dDocent_Contig_5085	1	306	38	306	100	17.9837	36.2	60
dDocent_Contig_5089	1	377	25	298	79.0451	9.82759	35.5	60
dDocent_Contig_5104	1	319	34	305	95.6113	14.5893	35.5	60
dDocent_Contig_5108	1	347	21	206	59.366	8.34006	36.3	60
dDocent_Contig_5110	1	318	36	311	97.7987	16.5472	36.5	60
dDocent_Contig_5111	1	374	25	291	77.8075	9.08824	35.7	60
dDocent_Contig_5114	1	271	5	236	87.0849	2.76753	34.2	60
dDocent_Contig_5117	1	475	24	442	93.0526	6.81474	35.5	60
dDocent_Contig_5118	1	488	66	367	75.2049	19.2582	35.9	60
dDocent_Contig_5119	1	306	16	305	99.6732	7.49673	36.3	60
dDocent_Contig_5123	1	427	28	392	91.8033	8.98595	35.4	60
dDocent_Contig_5127	1	375	51	316	84.2667	17.6587	35.6	60
dDocent_Contig_5130	1	305	4	190	62.2951	1.96393	35.5	60
dDocent_Contig_5132	1	374	37	350	93.5829	13.6551	36.2	60
dDocent_Contig_5133	1	419	89	404	96.42	30.3198	35.9	60
dDocent_Contig_5134	1	493	81	475	96.3489	24.0041	35.6	60
dDocent_Contig_5135	1	378	39	366	96.8254	14.9524	36.2	60
dDocent_Contig_5142	1	348	46	347	99.7126	19.2557	35.8	60
dDocent_Contig_5159	1	350	16	271	77.4286	6.59143	36.7	60
dDocent_Contig_5160	1	374	33	305	81.5508	12.9786	36.3	60
dDocent_Contig_5173	1	329	7	222	67.4772	2.93617	36.8	60
dDocent_Contig_5181	1	410	28	361	88.0488	9.77805	36.3	60
dDocent_Contig_5184	1	383	33	368	96.0836	12.7781	35.7	60
dDocent_Contig_5190	1	282	11	245	86.8794	5.47518	35.3	60
dDocent_Contig_5205	1	338	56	322	95.2663	23.8491	36	60
dDocent_Contig_5208	1	439	24	410	93.3941	7.7631	36.2	60
dDocent_Contig_5210	1	377	24	334	88.5942	8.51724	36.3	60
dDocent_Contig_5218	1	384	32	323	84.1146	12.0911	36.4	60
dDocent_Contig_5226	1	489	467	486	99.3865	129.131	36	59.4
dDocent_Contig_5228	1	306	74	255	83.3333	32.549	35.7	60
dDocent_Contig_5233	1	393	23	392	99.7455	8.14758	35.6	60
dDocent_Contig_5234	1	319	89	304	95.2978	34.0658	34.2	60
dDocent_Contig_5238	1	397	6	364	91.6877	2.07305	36.4	60
dDocent_Contig_5264	1	321	21	289	90.0312	9.75701	36	60
dDocent_Contig_5270	1	362	33	351	96.9613	13.3674	35.6	60
dDocent_Contig_5283	1	313	3	186	59.4249	1.4377	36.6	60
dDocent_Contig_5317	1	352	11	333	94.6023	4.62216	35.6	60
dDocent_Contig_5328	1	357	30	355	99.4398	12.2381	35.9	60
dDocent_Contig_5329	1	447	91	437	97.7629	28.9083	35.3	59.5
dDocent_Contig_5330	1	402	39	400	99.5025	13.4104	35.6	60
dDocent_Contig_5333	1	274	3	215	78.4672	1.62774	36.5	60
dDocent_Contig_5359	1	342	111	340	99.4152	47.152	35.7	60
dDocent_Contig_5364	1	293	83	290	98.9761	41.3959	36	60
dDocent_Contig_5365	1	365	22	323	88.4932	8.56712	35.7	60
dDocent_Contig_5368	1	400	35	370	92.5	12.67	35.1	60
dDocent_Contig_5397	1	237	7	150	63.2911	3.3038	33.7	60
dDocent_Contig_5406	1	337	21	337	100	8.64095	36.1	60
dDocent_Contig_5409	1	352	241	351	99.7159	96.5824	35.9	59.1
dDocent_Contig_5421	1	315	12	312	99.0476	5.42857	36.6	60
dDocent_Contig_5424	1	240	3	186	77.5	1.83333	37	60
dDocent_Contig_5427	1	401	34	337	84.0399	12.384	36.5	60
dDocent_Contig_5428	1	362	21	242	66.8508	7.82597	35.1	56.8
dDocent_Contig_5430	1	475	17	372	78.3158	5.14105	35.4	59.5
dDocent_Contig_5432	1	423	12	211	49.8818	4.01182	36.2	60
dDocent_Contig_5437	1	383	46	349	91.1227	17.4883	36.1	59.4
dDocent_Contig_5440	1	414	9	336	81.1594	3.14493	36.7	60
dDocent_Contig_5443	1	324	22	315	97.2222	9.18827	35.5	60
dDocent_Contig_5444	1	264	6	233	88.2576	3.29924	36.4	60
dDocent_Contig_5450	1	364	164	364	100	65.4505	35.9	60
dDocent_Contig_5453	1	337	21	335	99.4065	9.04451	35.4	60
dDocent_Contig_5455	1	388	113	356	91.7526	42.5851	36.2	60
dDocent_Contig_5459	1	305	55	278	91.1475	23.0918	36.6	57.5
dDocent_Contig_5463	1	446	29	363	81.3901	9.64798	36.1	60
dDocent_Contig_5476	1	405	17	264	65.1852	5.91111	36.7	60
dDocent_Contig_5477	1	334	27	333	99.7006	11.0509	35.1	60
dDocent_Contig_5478	1	349	9	225	64.4699	3.7851	36.2	60
dDocent_Contig_5479	1	252	20	223	88.4921	10.6865	35	60
dDocent_Contig_5482	1	347	21	282	81.268	8.48127	36.3	60
dDocent_Contig_5495	1	290	15	257	88.6207	6.84138	36.4	60
dDocent_Contig_5496	1	346	3	150	43.3526	1.08092	36.5	60
dDocent_Contig_5499	1	400	35	316	79	12.385	35.2	60
dDocent_Contig_5501	1	318	19	316	99.3711	8.6761	36.4	60
dDocent_Contig_5502	1	389	7	300	77.1208	2.4653	36.7	60
dDocent_Contig_5503	1	355	8	177	49.8592	2.69577	36.1	60
dDocent_Contig_5506	1	273	7	241	88.2784	3.77656	36.4	60
dDocent_Contig_5509	1	430	41	226	52.5581	12.9488	36.3	60
dDocent_Contig_5514	1	408	11	324	79.4118	4.0049	36.1	60
dDocent_Contig_5515	1	414	36	304	73.43	12.9469	36.4	60
dDocent_Contig_5523	1	324	58	322	99.3827	25.713	35.9	60
dDocent_Contig_5524	1	384	12	277	72.1354	4.53646	36.4	60
dDocent_Contig_5526	1	323	19	227	70.2786	8.39009	36.1	60
dDocent_Contig_5533	1	245	4	236	96.3265	2.28163	36.5	60
dDocent_Contig_5534	1	451	9	227	50.3326	2.95122	36.6	60
dDocent_Contig_5540	1	255	13	212	83.1373	7.3451	36.5	60
dDocent_Contig_5543	1	386	13	252	65.285	4.79534	35.2	59.5
dDocent_Contig_5546	1	342	9	281	82.1637	3.58187	35.7	60
dDocent_Contig_5561	1	363	21	348	95.8678	7.56198	34.7	56.2
dDocent_Contig_5562	1	294	59	203	69.0476	28.4966	36.3	60
dDocent_Contig_5576	1	363	28	244	67.2176	11.2066	35.9	60
dDocent_Contig_5577	1	390	37	339	86.9231	13.6821	36.1	60
dDocent_Contig_5592	1	326	30	237	72.6994	13.184	35.6	60
dDocent_Contig_5602	1	361	16	311	86.1496	6.27978	35.2	60
dDocent_Contig_5606	1	338	9	290	85.7988	3.75148	36.7	60
dDocent_Contig_5609	1	406	15	309	76.1084	5.14039	36.1	60
dDocent_Contig_5613	1	465	101	463	99.5699	31.6065	36.4	60
dDocent_Contig_5617	1	362	32	293	80.9392	13.0359	36.5	60
dDocent_Contig_5618	1	238	6	200	84.0336	3.53782	36.8	60
dDocent_Contig_5620	1	408	18	382	93.6275	6.39951	36.5	60
dDocent_Contig_5621	1	441	15	432	97.9592	4.69161	36.3	60
dDocent_Contig_5639	1	447	68	324	72.4832	18.132	35.8	60
dDocent_Contig_5647	1	395	7	360	91.1392	2.46329	36	60
dDocent_Contig_5648	1	335	13	266	79.403	5.33731	36	60
dDocent_Contig_5656	1	366	19	324	88.5246	7.63661	35.3	60
dDocent_Contig_5658	1	343	9	320	93.2945	3.88921	36.2	60
dDocent_Contig_5661	1	365	22	353	96.7123	8.64658	35.4	60
dDocent_Contig_5662	1	366	12	352	96.1749	4.84153	36.4	60
dDocent_Contig_5664	1	456	11	316	69.2982	3.51754	36.5	60
dDocent_Contig_5665	1	345	18	287	83.1884	7.5942	36	60
dDocent_Contig_5670	1	298	24	270	90.604	11.5671	36.4	60
dDocent_Contig_5673	1	307	29	287	93.4853	13.3225	36.5	60
dDocent_Contig_5674	1	357	17	272	76.1905	6.56303	35.2	58.7
dDocent_Contig_5676	1	365	70	299	81.9178	28.0247	33.7	60
dDocent_Contig_5679	1	401	7	268	66.8329	2.58603	36.6	60
dDocent_Contig_5685	1	375	21	281	74.9333	7.99467	36.3	60
dDocent_Contig_5686	1	481	11	296	61.5385	3.42412	35.4	60
dDocent_Contig_5688	1	402	16	361	89.801	5.801	36.6	60
dDocent_Contig_5695	1	397	54	388	97.733	19.3073	36.3	60
dDocent_Contig_5696	1	373	114	367	98.3914	44.4718	35.7	60
dDocent_Contig_5697	1	325	32	293	90.1538	14.0892	35.9	60
dDocent_Contig_5698	1	349	71	349	100	27.4069	35.7	59.1
dDocent_Contig_5702	1	391	5	343	87.7238	1.86189	36.4	60
dDocent_Contig_5703	1	467	42	353	75.5889	12.9529	36.4	60
dDocent_Contig_5704	1	355	10	246	69.2958	4.21972	36.7	60
dDocent_Contig_5739	1	398	42	393	98.7437	15.6658	35.4	60
dDocent_Contig_5749	1	361	17	358	99.169	6.9446	35.7	60
dDocent_Contig_5750	1	333	2	132	39.6396	0.792793	36.2	60
dDocent_Contig_5751	1	379	11	269	70.9763	4.0343	36	60
dDocent_Contig_5752	1	355	10	267	75.2113	4.04225	36	60
dDocent_Contig_5754	1	409	25	399	97.555	8.81418	35.9	60
dDocent_Contig_5755	1	406	22	322	79.3103	7.23399	36.1	60
dDocent_Contig_5758	1	326	12	205	62.8834	5.52147	34.8	60
dDocent_Contig_5759	1	308	6	285	92.5325	2.56169	35.3	60
dDocent_Contig_5760	1	429	58	381	88.8112	18.8112	35.8	60
dDocent_Contig_5761	1	363	11	305	84.022	4.25344	36.6	60
dDocent_Contig_5763	1	425	12	186	43.7647	3.95765	36.3	60
dDocent_Contig_5768	1	347	7	252	72.6225	2.82133	36.6	60
dDocent_Contig_5769	1	376	45	337	89.6277	17.1463	35	60
dDocent_Contig_5777	1	396	45	394	99.4949	16.3434	36	60
dDocent_Contig_5783	1	411	8	360	87.5912	2.80535	35.8	60
dDocent_Contig_5784	1	355	17	321	90.4225	6.82817	35.9	60
dDocent_Contig_5789	1	381	22	352	92.3885	8.27034	36.3	60
dDocent_Contig_5791	1	487	75	453	93.0185	21.5955	35.4	60
dDocent_Contig_5806	1	284	26	223	78.5211	12.5528	36.6	60
dDocent_Contig_5812	1	316	25	314	99.3671	11.3608	36.2	60
dDocent_Contig_5820	1	414	52	330	79.7101	18.0097	36.1	60
dDocent_Contig_5823	1	347	14	244	70.317	5.12392	35.8	60
dDocent_Contig_5832	1	419	48	402	95.9427	16.3699	35.9	60
dDocent_Contig_5840	1	325	33	323	99.3846	14.6462	36.1	60
dDocent_Contig_5860	1	426	74	426	100	25.1972	36.1	60
dDocent_Contig_5862	1	279	10	226	81.0036	4.89606	36.3	60
dDocent_Contig_5872	1	358	10	198	55.3073	3.8324	36.6	60
dDocent_Contig_5873	1	353	15	317	89.8017	6.05949	35.2	60
dDocent_Contig_5877	1	229	13	227	99.1266	7.94323	35.5	60
dDocent_Contig_5886	1	238	32	233	97.8992	18.4706	35.7	60
dDocent_Contig_5895	1	335	18	230	68.6567	7.72537	36.8	60
dDocent_Contig_5898	1	385	9	244	63.3766	3.35325	36.5	60
dDocent_Contig_5899	1	435	26	350	80.4598	8.25977	36.5	60
dDocent_Contig_5900	1	425	40	380	89.4118	13.3035	35.7	60
dDocent_Contig_5901	1	392	2	100	25.5102	0.510204	36.9	60
dDocent_Contig_5902	1	385	2	70	18.1818	0.363636	37	60
dDocent_Contig_5913	1	477	57	409	85.7442	17.499	36	60
dDocent_Contig_5914	1	350	10	245	70	4.06	35.9	60
dDocent_Contig_5922	1	357	178	355	99.4398	71.9552	35.9	60
dDocent_Contig_5923	1	351	39	323	92.0228	16.1823	35.4	60
dDocent_Contig_5931	1	285	8	186	65.2632	3.69123	36.8	60
dDocent_Contig_5935	1	338	14	336	99.4083	5.63314	35.6	60
dDocent_Contig_5936	1	376	13	252	67.0213	4.88564	36.4	60
dDocent_Contig_5939	1	357	7	262	73.3894	2.87395	36.3	60
dDocent_Contig_5940	1	366	64	364	99.4536	22.8607	35.8	60
dDocent_Contig_5948	1	299	35	298	99.6656	16.592	36.4	60
dDocent_Contig_5949	1	404	19	312	77.2277	6.61386	36.2	52.9
dDocent_Contig_5956	1	407	7	250	61.4251	2.50614	36.3	60
dDocent_Contig_5958	1	275	14	272	98.9091	7.37455	36.3	60
dDocent_Contig_5963	1	375	39	374	99.7333	15.36	36.2	60
dDocent_Contig_5964	1	332	15	211	63.5542	6.53916	35.8	60
dDocent_Contig_5965	1	394	29	393	99.7462	10.5406	35.3	60
dDocent_Contig_5967	1	398	28	335	84.1709	10.0553	36	60
dDocent_Contig_5968	1	420	24	344	81.9048	8.14286	36.4	60
dDocent_Contig_5969	1	416	41	380	91.3462	13.6731	35.8	60
dDocent_Contig_5972	1	341	14	299	87.6833	5.27859	36.2	60
dDocent_Contig_5975	1	272	5	168	61.7647	2.27574	36.8	60
dDocent_Contig_5980	1	268	163	267	99.6269	84.4888	36.1	59.7
dDocent_Contig_5983	1	291	47	290	99.6564	23.3918	36.3	59.8
dDocent_Contig_5986	1	405	27	363	89.6296	9.55062	36.3	60
dDocent_Contig_5988	1	242	23	242	100	13.4835	36.2	60
dDocent_Contig_6003	1	333	27	280	84.0841	11.8078	36	60
dDocent_Contig_6004	1	417	32	415	99.5204	10.8225	36.3	59.5
dDocent_Contig_6025	1	318	8	266	83.6478	3.55346	36.7	60
dDocent_Contig_6027	1	270	2	191	70.7407	1.1	36.8	60
dDocent_Contig_6048	1	395	34	310	78.481	12.1747	36.1	60
dDocent_Contig_6051	1	391	12	310	79.2839	4.10742	36.1	60
dDocent_Contig_6052	1	355	17	308	86.7606	7.16338	35.9	60
dDocent_Contig_6053	1	362	6	198	54.6961	2.33702	36.8	60
dDocent_Contig_6062	1	464	33	452	97.4138	10.5603	35.6	60
dDocent_Contig_6063	1	275	38	274	99.6364	20.0218	35.1	60
dDocent_Contig_6065	1	432	53	416	96.2963	17.9282	35.9	60
dDocent_Contig_6068	1	454	30	417	91.8502	9.54185	36.2	60
dDocent_Contig_6080	1	314	8	278	88.535	3.73567	34.9	60
dDocent_Contig_6085	1	336	6	274	81.5476	2.49107	36.2	60
dDocent_Contig_6089	1	368	19	336	91.3043	7.37772	36.5	60
dDocent_Contig_6095	1	262	11	250	95.4198	4.41603	35.6	54.4
dDocent_Contig_6112	1	327	4	248	75.841	1.81957	36.9	60
dDocent_Contig_6114	1	392	26	326	83.1633	9.34694	35.9	57.2
dDocent_Contig_6115	1	483	144	316	65.4244	41.4265	35.1	60
dDocent_Contig_6126	1	249	31	246	98.7952	14.9076	35.9	56.4
dDocent_Contig_6127	1	377	4	284	75.3316	1.57294	36.7	60
dDocent_Contig_6135	1	375	14	373	99.4667	5.50933	36	60
dDocent_Contig_6141	1	451	24	334	74.0576	7.66519	35.8	59.4
dDocent_Contig_6144	1	304	24	294	96.7105	11.4934	35.7	60
dDocent_Contig_6150	1	289	17	285	98.6159	8.14187	36.4	60
dDocent_Contig_6151	1	391	16	312	79.7954	5.39386	35.8	60
dDocent_Contig_6154	1	325	18	261	80.3077	7.81231	36.2	60
dDocent_Contig_6155	1	383	23	369	96.3446	9.00522	36.1	60
dDocent_Contig_6158	1	358	30	317	88.5475	12.4469	36.3	60
dDocent_Contig_6175	1	373	33	372	99.7319	12.7641	35.7	60
dDocent_Contig_6176	1	324	16	293	90.4321	6.93519	36.4	60
dDocent_Contig_6178	1	411	12	361	87.8345	4.14112	36.3	60
dDocent_Contig_6181	1	391	7	207	52.9412	2.60102	36.4	60
dDocent_Contig_6184	1	316	4	289	91.4557	1.89873	36.5	60
dDocent_Contig_6186	1	301	19	301	100	9.21927	35.4	60
dDocent_Contig_6189	1	322	7	254	78.882	3.26087	35.9	60
dDocent_Contig_6190	1	400	14	264	66	4.9625	35	60
dDocent_Contig_6191	1	396	26	294	74.2424	9.22727	36.5	60
dDocent_Contig_6199	1	333	40	333	100	17.6396	36.2	60
dDocent_Contig_6201	1	279	5	227	81.362	2.64158	35.6	60
dDocent_Contig_6206	1	417	18	402	96.4029	6.47482	35.8	60
dDocent_Contig_6224	1	279	23	278	99.6416	11.9642	35.4	60
dDocent_Contig_6225	1	363	18	312	85.9504	7.39945	35.9	60
dDocent_Contig_6231	1	312	23	272	87.1795	10.7692	36	59.7
dDocent_Contig_6244	1	433	20	350	80.8314	6.89838	36.1	60
dDocent_Contig_6245	1	295	37	294	99.661	17.939	35.5	60
dDocent_Contig_6248	1	390	25	310	79.4872	8.90513	35.7	60
dDocent_Contig_6253	1	260	34	253	97.3077	18.5769	36	60
dDocent_Contig_6254	1	372	5	308	82.7957	1.99462	36.4	60
dDocent_Contig_6258	1	363	13	359	98.8981	5.33884	36.4	60
dDocent_Contig_6259	1	372	16	243	65.3226	5.39247	36.3	59.5
dDocent_Contig_6261	1	492	42	406	82.5203	11.1931	34.2	59.6
dDocent_Contig_6269	1	309	4	256	82.8479	1.90615	36.6	60
dDocent_Contig_6278	1	395	12	266	67.3418	4.49367	35.8	60
dDocent_Contig_6285	1	490	55	455	92.8571	16.4449	35.8	60
dDocent_Contig_6312	1	340	97	339	99.7059	40.9412	35.7	60
dDocent_Contig_6314	1	443	20	343	77.4266	6.50339	36.3	60
dDocent_Contig_6316	1	339	10	296	87.3156	4.0354	36	60
dDocent_Contig_6329	1	319	6	300	94.0439	2.82132	36.6	60
dDocent_Contig_6333	1	330	15	309	93.6364	6.44545	35.6	60
dDocent_Contig_6335	1	305	12	257	84.2623	5.68197	36.6	60
dDocent_Contig_6336	1	368	9	312	84.7826	3.6087	36.6	60
dDocent_Contig_6338	1	339	35	305	89.9705	15.0413	35.8	60
dDocent_Contig_6339	1	412	27	279	67.7184	9.77427	36.4	60
dDocent_Contig_6340	1	234	22	233	99.5726	13.6111	36.1	60
dDocent_Contig_6343	1	393	53	392	99.7455	18.2443	36.1	50.6
dDocent_Contig_6350	1	408	2	212	51.9608	0.735294	36.9	60
dDocent_Contig_6353	1	432	48	349	80.787	15.8796	35.8	60
dDocent_Contig_6360	1	329	16	302	91.7933	6.89058	35.5	60
dDocent_Contig_6363	1	363	54	303	83.4711	21.7163	36.2	60
dDocent_Contig_6378	1	399	11	166	41.604	4.0401	36.2	60
dDocent_Contig_6383	1	429	20	273	63.6364	6.77389	35.5	60
dDocent_Contig_6405	1	363	18	270	74.3802	7.15978	35.5	60
dDocent_Contig_6409	1	355	27	330	92.9577	11.2479	36.1	60
dDocent_Contig_6415	1	376	57	375	99.734	21.5904	36	60
dDocent_Contig_6420	1	389	24	363	93.3162	8.8329	35.9	58.5
dDocent_Contig_6422	1	390	35	299	76.6667	12.6821	36.4	60
dDocent_Contig_6424	1	372	9	284	76.3441	3.54032	34.2	60
dDocent_Contig_6428	1	420	11	261	62.1429	3.52381	36.1	60
dDocent_Contig_6430	1	363	27	331	91.1846	10.6033	36.1	60
dDocent_Contig_6431	1	395	29	345	87.3418	10.8709	36.2	60
dDocent_Contig_6432	1	369	11	253	68.5637	4.29539	36.7	60
dDocent_Contig_6434	1	321	11	235	73.2087	4.95639	35.9	60
dDocent_Contig_6439	1	444	8	279	62.8378	2.11486	34.9	60
dDocent_Contig_6444	1	351	20	333	94.8718	8.08832	36	60
dDocent_Contig_6445	1	365	34	345	94.5205	13.2192	34.6	60
dDocent_Contig_6446	1	281	41	278	98.9324	20.1246	35.2	60
dDocent_Contig_6448	1	403	40	293	72.7047	14.3648	34.5	60
dDocent_Contig_6450	1	439	20	339	77.221	6.43052	36.1	60
dDocent_Contig_6453	1	400	25	309	77.25	8.6625	36.4	60
dDocent_Contig_6456	1	371	16	277	74.6631	6.01887	35.6	60
dDocent_Contig_6464	1	392	12	218	55.6122	4.56888	36.3	60
dDocent_Contig_6465	1	367	9	278	75.7493	3.51771	34.6	60
dDocent_Contig_6466	1	322	21	322	100	9.55901	36	60
dDocent_Contig_6474	1	510	69	448	87.8431	19.1627	34.9	60
dDocent_Contig_6480	1	358	10	199	55.5866	3.21788	35.8	60
dDocent_Contig_6488	1	378	7	253	66.9312	2.48677	36.2	60
dDocent_Contig_6500	1	406	19	357	87.931	6.49507	35.8	60
dDocent_Contig_6502	1	384	9	359	93.4896	3.40885	36.4	60
dDocent_Contig_6505	1	400	22	398	99.5	7.9575	36.3	60
dDocent_Contig_6506	1	437	105	360	82.3799	35.0137	36.1	53.8
dDocent_Contig_6507	1	399	39	374	93.7343	14.4336	36.3	60
dDocent_Contig_6515	1	320	88	318	99.375	39.6531	34.7	60
dDocent_Contig_6536	1	395	29	357	90.3797	10.1165	35.4	60
dDocent_Contig_6538	1	343	18	341	99.4169	7.79883	36.3	60
dDocent_Contig_6551	1	403	7	179	44.4169	2.37717	36.6	60
dDocent_Contig_6553	1	390	42	389	99.7436	15.2513	35.8	60
dDocent_Contig_6554	1	337	7	287	85.1632	3.11573	36.8	60
dDocent_Contig_6565	1	379	23	318	83.905	8.85224	35.6	60
dDocent_Contig_6568	1	335	29	252	75.2239	12.6896	36.1	60
dDocent_Contig_6569	1	404	36	388	96.0396	12.9208	36.3	60
dDocent_Contig_6573	1	342	20	324	94.7368	8.35965	36	60
dDocent_Contig_6574	1	424	19	356	83.9623	6.13208	36.1	60
dDocent_Contig_6576	1	228	5	194	85.0877	2.77632	36.8	60
dDocent_Contig_6577	1	490	35	404	82.449	10.4224	35.7	60
dDocent_Contig_6579	1	389	49	387	99.4859	18.0334	36.3	60
dDocent_Contig_6580	1	380	14	348	91.5789	4.97632	35.9	60
dDocent_Contig_6582	1	325	8	265	81.5385	3.68615	35.9	60
dDocent_Contig_6583	1	465	13	351	75.4839	3.89462	36.1	57.8
dDocent_Contig_6585	1	444	37	428	96.3964	12.1081	36	60
dDocent_Contig_6600	1	394	4	318	80.7107	1.44162	36.3	60
dDocent_Contig_6609	1	299	11	298	99.6656	5.43478	36	60
dDocent_Contig_6613	1	439	14	280	63.7813	4.43964	35.6	60
dDocent_Contig_6622	1	379	19	285	75.1979	7.24802	36.5	60
dDocent_Contig_6623	1	397	34	396	99.7481	11.9723	36	60
dDocent_Contig_6637	1	362	28	360	99.4475	10.9945	36.1	60
dDocent_Contig_6638	1	340	19	219	64.4118	7.13235	35.7	60
dDocent_Contig_6642	1	346	28	344	99.422	11.5549	36.2	60
dDocent_Contig_6648	1	394	15	318	80.7107	5.58883	36.4	60
dDocent_Contig_6649	1	380	2	290	76.3158	0.763158	36.5	60
dDocent_Contig_6650	1	352	19	261	74.1477	7.93466	35.7	60
dDocent_Contig_6656	1	387	104	370	95.6072	32.2119	35.7	33.2
dDocent_Contig_6670	1	344	16	325	94.4767	6.62209	35.9	60
dDocent_Contig_6686	1	291	24	285	97.9381	11.9794	36.6	60
dDocent_Contig_6688	1	301	14	229	76.0797	6.18272	36.4	60
dDocent_Contig_6689	1	289	8	264	91.3495	3.57093	36.4	60
dDocent_Contig_6693	1	293	10	253	86.3481	5.03413	34.1	57.6
dDocent_Contig_6695	1	461	33	379	82.2126	10.4946	36	60
dDocent_Contig_6702	1	417	22	278	66.6667	7.81055	35.3	60
dDocent_Contig_6705	1	284	8	282	99.2958	3.91549	35.6	60
dDocent_Contig_6711	1	399	15	394	98.7469	5.09524	36.2	60
dDocent_Contig_6713	1	434	6	315	72.5806	1.86866	34.9	60
dDocent_Contig_6718	1	375	52	348	92.8	20.1947	35.8	60
dDocent_Contig_6726	1	448	311	447	99.7768	101.346	35.4	51.3
dDocent_Contig_6729	1	457	14	378	82.7133	4.5733	36.5	60
dDocent_Contig_6738	1	408	32	328	80.3922	11.1495	35.3	60
dDocent_Contig_6739	1	379	34	280	73.8786	11.715	35.4	60
dDocent_Contig_6744	1	271	9	195	71.9557	4.77491	34.1	60
dDocent_Contig_6746	1	382	44	382	100	16.5	34.9	60
dDocent_Contig_6756	1	372	23	313	84.1398	8.29839	36.5	60
dDocent_Contig_6771	1	423	12	249	58.8652	4.1182	36	60
dDocent_Contig_6772	1	375	86	374	99.7333	33.4667	36.1	60
dDocent_Contig_6776	1	370	128	368	99.4595	46.4135	36	57
dDocent_Contig_6781	1	365	30	325	89.0411	12.2438	35.9	60
dDocent_Contig_6786	1	381	30	337	88.4514	11.5591	36.1	60
dDocent_Contig_6787	1	418	22	274	65.5502	7.78708	36.2	60
dDocent_Contig_6788	1	338	53	300	88.7574	22.3432	36.3	60
dDocent_Contig_6796	1	296	44	275	92.9054	20.875	35.8	60
dDocent_Contig_6797	1	428	22	317	74.0654	6.96262	36	60
dDocent_Contig_6803	1	453	33	450	99.3377	10.5982	36.3	60
dDocent_Contig_6806	1	297	10	213	71.7172	4.86869	36.3	60
dDocent_Contig_6807	1	308	36	298	96.7532	15.7792	36.4	57.7
dDocent_Contig_6808	1	394	38	283	71.8274	13	35.8	57.6
dDocent_Contig_6810	1	399	15	326	81.7043	5.63659	35.4	60
dDocent_Contig_6812	1	270	11	206	76.2963	5.98889	34	60
dDocent_Contig_6813	1	366	8	227	62.0219	2.81421	36.7	60
dDocent_Contig_6814	1	390	14	288	73.8462	5.28462	36.6	60
dDocent_Contig_6820	1	402	64	401	99.7512	22.8731	35.6	60
dDocent_Contig_6821	1	437	6	206	47.1396	1.93135	36.6	60
dDocent_Contig_6824	1	412	27	410	99.5146	8.9199	36.6	60
dDocent_Contig_6825	1	356	18	265	74.4382	7.0309	36	60
dDocent_Contig_6826	1	409	25	302	73.8386	8.50611	36.2	60
dDocent_Contig_6829	1	317	21	209	65.9306	9.05678	36	60
dDocent_Contig_6846	1	470	29	414	88.0851	8.83404	35.5	60
dDocent_Contig_6848	1	456	23	455	99.7807	7.17763	36.4	60
dDocent_Contig_6851	1	387	14	386	99.7416	5.22739	35.9	60
dDocent_Contig_6852	1	326	30	318	97.546	12.9018	35.9	60
dDocent_Contig_6853	1	389	61	339	87.1465	23.2596	35.9	60
dDocent_Contig_6854	1	396	26	278	70.202	9.43434	35.5	60
dDocent_Contig_6858	1	366	5	328	89.6175	1.8388	36.7	60
dDocent_Contig_6864	1	243	5	237	97.5309	2.81893	36.2	60
dDocent_Contig_6868	1	246	32	244	99.187	18.687	36.3	60
dDocent_Contig_6874	1	422	11	383	90.7583	3.83175	35.5	60
dDocent_Contig_6879	1	251	26	245	97.6096	13.6295	35.2	60
dDocent_Contig_6884	1	437	15	314	71.8535	4.81465	36.5	60
dDocent_Contig_6888	1	384	15	382	99.4792	5.77083	36.3	60
dDocent_Contig_6912	1	425	45	391	92	15.0706	35.7	59.8
dDocent_Contig_6917	1	416	28	300	72.1154	9.32212	36.4	60
dDocent_Contig_6918	1	379	4	224	59.1029	1.53562	36.6	60
dDocent_Contig_6923	1	344	42	335	97.3837	17.9302	35.7	60
dDocent_Contig_6924	1	276	28	244	88.4058	14.8841	35.2	60
dDocent_Contig_6925	1	373	15	255	68.3646	5.8445	36.4	60
dDocent_Contig_6926	1	372	25	330	88.7097	9.90323	35.5	60
dDocent_Contig_6933	1	389	21	372	95.6298	7.62211	36.2	60
dDocent_Contig_6934	1	274	7	248	90.5109	3.74088	35.9	60
dDocent_Contig_6941	1	395	29	395	100	10.3544	36.2	59.9
dDocent_Contig_6942	1	335	13	331	98.806	5.61194	35.7	60
dDocent_Contig_6949	1	399	7	256	64.1604	2.61153	35.1	60
dDocent_Contig_6959	1	356	39	311	87.3596	16.2837	35.9	60
dDocent_Contig_6962	1	339	20	333	98.2301	8.78171	35.6	60
dDocent_Contig_6963	1	268	11	251	93.6567	5.99627	36.7	60
dDocent_Contig_6966	1	369	33	291	78.8618	12.8347	35.6	60
dDocent_Contig_6976	1	359	13	214	59.61	4.82451	36.5	60
dDocent_Contig_6995	1	378	14	360	95.2381	5.32011	36	60
dDocent_Contig_7006	1	345	21	344	99.7101	8.82029	36.4	55.6
dDocent_Contig_7018	1	414	18	328	79.2271	6.36232	35.9	60
dDocent_Contig_7029	1	356	22	278	78.0899	8.63202	35.7	60
dDocent_Contig_7038	1	237	31	231	97.4684	18.4473	35.7	60
dDocent_Contig_7039	1	385	58	375	97.4026	21.7948	35.8	60
dDocent_Contig_7040	1	428	44	361	84.3458	14.7313	36.3	60
dDocent_Contig_7041	1	357	27	335	93.8375	10.6975	36.2	57.8
dDocent_Contig_7044	1	391	22	335	85.6777	8.30691	36.3	60
dDocent_Contig_7056	1	360	25	337	93.6111	10.0083	36.6	60
dDocent_Contig_7060	1	364	1879	363	99.7253	748.736	34.8	40.9
dDocent_Contig_7062	1	330	125	329	99.697	54.7455	35.9	60
dDocent_Contig_7070	1	444	28	370	83.3333	8.72748	36.5	58
dDocent_Contig_7072	1	411	37	403	98.0535	12.9489	35.9	60
dDocent_Contig_7090	1	443	19	299	67.4944	5.64786	35.8	46
dDocent_Contig_7109	1	408	6	256	62.7451	2.10784	35	60
dDocent_Contig_7115	1	351	22	350	99.7151	9.19088	36	60
dDocent_Contig_7120	1	374	8	214	57.2193	2.59091	36.7	60
dDocent_Contig_7122	1	417	27	415	99.5204	9.33094	36.2	60
dDocent_Contig_7130	1	348	46	325	93.3908	19.0747	36	60
dDocent_Contig_7166	1	227	14	218	96.0352	9.01322	36.2	60
dDocent_Contig_7171	1	368	12	235	63.8587	4.73913	35.3	60
dDocent_Contig_7174	1	366	42	364	99.4536	16.3388	35.7	60
dDocent_Contig_7175	1	359	25	269	74.9304	9.88022	36.4	60
dDocent_Contig_7181	1	353	35	345	97.7337	14.1785	35.7	60
dDocent_Contig_7183	1	364	11	323	88.7363	4.31868	36.2	60
dDocent_Contig_7185	1	337	13	263	78.0415	5.33531	34.1	60
dDocent_Contig_7196	1	462	20	241	52.1645	6.29004	35.4	60
dDocent_Contig_7216	1	445	1	148	33.2584	0.332584	36.7	60
dDocent_Contig_7221	1	336	12	322	95.8333	4.9494	36.4	60
dDocent_Contig_7228	1	354	50	352	99.435	20.6695	35.8	60
dDocent_Contig_7233	1	402	16	355	88.3085	5.74378	36.7	60
dDocent_Contig_7243	1	414	42	405	97.8261	15.1256	35.5	60
dDocent_Contig_7244	1	397	6	268	67.5063	2.24433	36.6	60
dDocent_Contig_7253	1	322	26	296	91.9255	11.5714	35.6	60
dDocent_Contig_7257	1	363	52	361	99.449	20.6997	35.4	59.8
dDocent_Contig_7264	1	413	16	212	51.3317	5.73608	34.9	60
dDocent_Contig_7266	1	386	58	380	98.4456	20.899	36.6	60
dDocent_Contig_7269	1	357	15	275	77.0308	5.92157	35.6	60
dDocent_Contig_7270	1	420	20	315	75	6.75714	35.3	60
dDocent_Contig_7281	1	401	52	396	98.7531	18.6384	35.6	54.5
dDocent_Contig_7283	1	429	16	394	91.8415	5.53147	36	60
dDocent_Contig_7284	1	334	5	202	60.479	2.15868	35.9	60
dDocent_Contig_7298	1	395	46	348	88.1013	17.0532	35.6	60
dDocent_Contig_7308	1	289	11	288	99.654	5.17647	35.4	60
dDocent_Contig_7311	1	401	7	186	46.384	2.24439	36	60
dDocent_Contig_7314	1	335	4	172	51.3433	1.79104	36.7	60
dDocent_Contig_7330	1	453	28	434	95.8057	9.16115	36.1	60
dDocent_Contig_7339	1	380	32	379	99.7368	12.2421	36.2	60
dDocent_Contig_7345	1	308	67	303	98.3766	31.1234	36.3	60
dDocent_Contig_7348	1	327	56	301	92.0489	24.5443	36.1	60
dDocent_Contig_7356	1	371	10	307	82.7493	3.81671	35.9	60
dDocent_Contig_7368	1	366	56	323	88.2514	22.347	35.9	60
dDocent_Contig_7380	1	231	17	206	89.1775	9.91342	36.5	60
dDocent_Contig_7382	1	398	11	215	54.0201	3.97739	36.1	60
dDocent_Contig_7389	1	324	12	254	78.3951	5.41975	36.3	60
dDocent_Contig_7392	1	358	30	357	99.7207	12.2263	35.1	60
dDocent_Contig_7393	1	390	36	280	71.7949	13.6949	36.1	60
dDocent_Contig_7394	1	483	37	397	82.1946	10.9648	35.4	60
dDocent_Contig_7412	1	360	29	356	98.8889	11.6417	36.1	60
dDocent_Contig_7414	1	376	25	350	93.0851	9.55585	36	60
dDocent_Contig_7415	1	432	13	398	92.1296	4.30093	36.2	60
dDocent_Contig_7422	1	342	23	341	99.7076	9.22807	34.8	60
dDocent_Contig_7428	1	396	1	104	26.2626	0.262626	36.8	60
dDocent_Contig_7431	1	450	8	331	73.5556	2.38889	36.7	60
dDocent_Contig_7436	1	420	48	419	99.7619	16.1	36.2	60
dDocent_Contig_7437	1	310	43	310	100	19.7806	36.2	60
dDocent_Contig_7439	1	309	17	279	90.2913	8.10356	35.8	60
dDocent_Contig_7450	1	224	41	223	99.5536	26.8929	36.2	60
dDocent_Contig_7452	1	362	41	360	99.4475	16.8149	36.3	60
dDocent_Contig_7454	1	340	12	271	79.7059	5.28235	35.4	60
dDocent_Contig_7455	1	375	35	280	74.6667	13.7253	35.5	60
dDocent_Contig_7459	1	346	16	325	93.9306	6.83815	36.3	60
dDocent_Contig_7460	1	381	3	279	73.2283	1.15486	36.1	60
dDocent_Contig_7467	1	386	25	385	99.7409	8.93005	35.6	60
dDocent_Contig_7474	1	364	79	358	98.3516	31.4533	35.6	60
dDocent_Contig_7482	1	389	11	253	65.0386	4.21851	36.7	60
dDocent_Contig_7483	1	417	2	194	46.5228	0.676259	36.7	60
dDocent_Contig_7485	1	402	3	150	37.3134	1.11692	33.9	60
dDocent_Contig_7489	1	290	8	252	86.8966	3.98621	35.9	60
dDocent_Contig_7508	1	354	2	147	41.5254	0.805085	36.4	60
dDocent_Contig_7509	1	373	10	217	58.1769	3.67828	35.9	60
dDocent_Contig_7512	1	370	12	346	93.5135	4.8	35.4	60
dDocent_Contig_7520	1	406	7	203	50	2.56158	36.7	60
dDocent_Contig_7542	1	379	16	289	76.2533	5.97098	36.1	60
dDocent_Contig_7548	1	379	21	371	97.8892	8.01847	35.7	60
dDocent_Contig_7557	1	275	13	274	99.6364	6.72	35.8	60
dDocent_Contig_7561	1	454	42	429	94.4934	13.2819	36.4	60
dDocent_Contig_7563	1	390	25	310	79.4872	8.95128	35.9	60
dDocent_Contig_7564	1	355	22	252	70.9859	8.12113	36.6	60
dDocent_Contig_7565	1	446	15	320	71.7489	4.59193	35.8	60
dDocent_Contig_7572	1	353	15	320	90.6516	5.90935	36.2	60
dDocent_Contig_7576	1	357	29	303	84.8739	11.6779	36.3	60
dDocent_Contig_7579	1	395	16	270	68.3544	5.82785	36.4	60
dDocent_Contig_7580	1	360	16	354	98.3333	6.33333	36.2	60
dDocent_Contig_7590	1	346	18	258	74.5665	7.78324	36	60
dDocent_Contig_7591	1	235	40	233	99.1489	23.366	36.1	60
dDocent_Contig_7604	1	412	25	389	94.4175	8.6966	36	60
dDocent_Contig_7617	1	360	46	351	97.5	18.5528	36.4	60
dDocent_Contig_7619	1	389	33	349	89.7172	12.3445	36.1	60
dDocent_Contig_7632	1	356	15	300	84.2697	6.23596	36.1	60
dDocent_Contig_7639	1	387	34	297	76.7442	12.6021	36.1	60
dDocent_Contig_7640	1	423	65	392	92.6714	22.4279	36	60
dDocent_Contig_7668	1	278	4	166	59.7122	1.67626	36.9	60
dDocent_Contig_7669	1	387	35	346	89.4057	12.5297	36.1	60
dDocent_Contig_7670	1	359	13	340	94.7075	5.41783	36.6	59
dDocent_Contig_7687	1	277	63	205	74.0072	29.1119	36.2	59.7
dDocent_Contig_7688	1	426	22	340	79.8122	7.4108	35.2	60
dDocent_Contig_7693	1	363	29	342	94.2149	10.7328	36.7	60
dDocent_Contig_7696	1	363	23	348	95.8678	9.10744	36	60
dDocent_Contig_7697	1	434	2	150	34.5622	0.68894	34.3	60
dDocent_Contig_7720	1	374	53	372	99.4652	20.5722	36.2	60
dDocent_Contig_7721	1	352	10	283	80.3977	3.98864	35.2	59.5
dDocent_Contig_7722	1	378	13	260	68.7831	5.11111	36.1	60
dDocent_Contig_7728	1	355	26	323	90.9859	10.1465	35.7	60
dDocent_Contig_7730	1	416	4	354	85.0962	1.43029	37	60
dDocent_Contig_7738	1	393	7	298	75.827	2.63868	35.4	60
dDocent_Contig_7749	1	383	10	314	81.9843	3.29504	35	57
dDocent_Contig_7750	1	327	5	191	58.4098	2.18654	36.4	60
dDocent_Contig_7753	1	394	18	334	84.7716	6.62944	36	58.2
dDocent_Contig_7761	1	417	47	338	81.0552	16.3237	36.3	60
dDocent_Contig_7763	1	371	18	288	77.628	6.64151	36.1	60
dDocent_Contig_7767	1	406	10	292	71.9212	3.62808	36.3	60
dDocent_Contig_7768	1	283	127	283	100	64.6749	35.5	60
dDocent_Contig_7769	1	369	15	273	73.9837	6.01897	35.7	60
dDocent_Contig_7777	1	319	5	224	70.2194	2	36	60
dDocent_Contig_7778	1	312	15	247	79.1667	6.99679	34.7	60
dDocent_Contig_7780	1	363	300	362	99.7245	113.634	36.1	59.8
dDocent_Contig_7783	1	378	27	346	91.5344	10.4365	35.8	60
dDocent_Contig_7787	1	375	11	249	66.4	4.01867	36.4	60
dDocent_Contig_7792	1	335	26	325	97.0149	11.4806	36.2	60
dDocent_Contig_7796	1	442	15	377	85.2941	4.62217	36	60
dDocent_Contig_7797	1	386	7	256	66.3212	2.33679	36.8	60
dDocent_Contig_7819	1	366	182	299	81.694	71.3415	35.9	60
dDocent_Contig_7820	1	332	18	322	96.988	7.40361	36.5	55.9
dDocent_Contig_7832	1	237	32	231	97.4684	18.6624	36.3	60
dDocent_Contig_7837	1	369	35	368	99.729	13.4553	36	60
dDocent_Contig_7838	1	281	32	262	93.2384	16.5374	36.3	60
dDocent_Contig_7839	1	270	45	269	99.6296	24.1889	36.2	60
dDocent_Contig_7843	1	365	32	265	72.6027	11.6247	35.3	56.5
dDocent_Contig_7844	1	333	11	313	93.994	4.42643	35.8	60
dDocent_Contig_7853	1	385	30	339	88.0519	11.3377	35.9	60
dDocent_Contig_7859	1	398	33	379	95.2261	11.8543	35.8	60
dDocent_Contig_7864	1	340	23	315	92.6471	9.95294	36.1	60
dDocent_Contig_7865	1	345	7	242	70.1449	2.49275	36.6	60
dDocent_Contig_7868	1	315	20	313	99.3651	9.27619	36.4	60
dDocent_Contig_7878	1	305	20	244	80	9.3541	36.7	60
dDocent_Contig_7884	1	392	24	263	67.0918	8.10204	35.7	60
dDocent_Contig_7892	1	295	41	294	99.661	20.1797	35.8	60
dDocent_Contig_7893	1	389	45	371	95.3728	16.8226	35.9	60
dDocent_Contig_7894	1	378	20	362	95.7672	7.12698	36.1	60
dDocent_Contig_7905	1	344	6	170	49.4186	1.99709	35.7	60
dDocent_Contig_7918	1	419	8	346	82.5776	2.83532	36.3	60
dDocent_Contig_7924	1	493	11	365	74.0365	2.77079	36.2	60
dDocent_Contig_7925	1	395	12	349	88.3544	4.22532	36.4	60
dDocent_Contig_7952	1	286	19	267	93.3566	9.17133	36.3	60
dDocent_Contig_7966	1	371	14	232	62.5337	5.20216	36.3	60
dDocent_Contig_7970	1	407	43	322	79.1155	14.9066	35.4	59.1
dDocent_Contig_7973	1	399	5	168	42.1053	1.55388	36	60
dDocent_Contig_7982	1	440	20	429	97.5	6.61818	36.3	59.8
dDocent_Contig_7984	1	352	16	235	66.7614	6.40341	35.8	59.5
dDocent_Contig_7992	1	226	8	190	84.0708	4.84513	36.2	60
dDocent_Contig_7994	1	396	33	278	70.202	11.5556	36.7	60
dDocent_Contig_8018	1	376	113	375	99.734	42.4362	35.6	60
dDocent_Contig_8019	1	358	75	357	99.7207	31.0587	35.9	60
dDocent_Contig_8040	1	400	28	358	89.5	10.345	36.3	60
dDocent_Contig_8045	1	414	9	247	59.6618	2.9372	36.8	60
dDocent_Contig_8047	1	413	9	318	76.9976	3.0678	36	60
dDocent_Contig_8051	1	333	65	318	95.4955	26.8378	35.7	49.2
dDocent_Contig_8053	1	393	51	387	98.4733	19.0992	36.3	60
dDocent_Contig_8055	1	297	19	259	87.2054	9.20875	36.7	60
dDocent_Contig_8059	1	419	14	358	85.4415	4.93556	36.4	60
dDocent_Contig_8063	1	408	46	352	86.2745	16.3554	36.2	60
dDocent_Contig_8064	1	293	14	291	99.3174	6.99317	35.6	60
dDocent_Contig_8065	1	408	9	173	42.402	3.10294	36.2	60
dDocent_Contig_8075	1	339	16	298	87.9056	6.61357	35.6	60
dDocent_Contig_8077	1	413	41	412	99.7579	14.5472	36.1	60
dDocent_Contig_8085	1	261	2	140	53.6398	1.0728	35.3	60
dDocent_Contig_8087	1	359	37	336	93.5933	14.7967	35.3	60
dDocent_Contig_8100	1	365	13	336	92.0548	4.72603	36	60
dDocent_Contig_8101	1	339	35	329	97.0501	15.1622	36.3	60
dDocent_Contig_8114	1	381	36	359	94.2257	13.6299	36.3	60
dDocent_Contig_8115	1	422	46	360	85.3081	15.7299	35.9	60
dDocent_Contig_8118	1	398	46	356	89.4472	16.8593	34.9	60
dDocent_Contig_8131	1	315	6	313	99.3651	2.72698	36.1	60
dDocent_Contig_8136	1	357	14	280	78.4314	5.68627	36	60
dDocent_Contig_8146	1	473	63	395	83.5095	19.0507	35.8	60
dDocent_Contig_8162	1	336	25	298	88.6905	11.0595	35.9	60
dDocent_Contig_8175	1	432	74	425	98.3796	24.9815	36	60
dDocent_Contig_8185	1	272	32	272	100	16.7831	35.8	60
dDocent_Contig_8188	1	385	12	253	65.7143	4.55325	35.7	60
dDocent_Contig_8189	1	352	314	351	99.7159	99.3949	35.3	42.7
dDocent_Contig_8190	1	376	51	374	99.4681	19.6941	35.8	59.7
dDocent_Contig_8193	1	401	25	399	99.5012	8.99002	36.3	59.2
dDocent_Contig_8213	1	399	36	353	88.4712	11.9549	35.8	60
dDocent_Contig_8220	1	403	33	312	77.4194	11.6998	36	60
dDocent_Contig_8244	1	470	43	419	89.1489	13.2043	36	60
dDocent_Contig_8251	1	377	14	197	52.2546	5.1618	36.3	59.9
dDocent_Contig_8263	1	408	21	304	74.5098	7.21324	36.3	60
dDocent_Contig_8267	1	393	27	392	99.7455	9.02036	36.4	45.6
dDocent_Contig_8278	1	348	24	347	99.7126	9.78736	35.1	60
dDocent_Contig_8289	1	453	17	409	90.287	5.24945	36.3	60
dDocent_Contig_8296	1	474	5	257	54.2194	1.55907	36.8	60
dDocent_Contig_8304	1	375	9	285	76	3.13867	33.6	60
dDocent_Contig_8305	1	332	22	307	92.4699	9.61145	35.7	60
dDocent_Contig_8308	1	353	17	332	94.051	6.89802	36	60
dDocent_Contig_8313	1	272	30	271	99.6324	15.6544	36.1	59.3
dDocent_Contig_8315	1	460	14	414	90	4.53696	35.9	60
dDocent_Contig_8321	1	267	4	247	92.5094	2.24719	36.7	60
dDocent_Contig_8323	1	312	24	298	95.5128	11.1603	36.4	60
dDocent_Contig_8325	1	399	46	337	84.4612	16.3258	36.1	60
dDocent_Contig_8327	1	396	76	394	99.4949	27.3081	35.5	60
dDocent_Contig_8330	1	355	104	353	99.4366	42.3915	35.9	60
dDocent_Contig_8331	1	394	9	230	58.3756	2.94162	36	60
dDocent_Contig_8335	1	381	61	379	99.4751	23.4724	35.8	60
dDocent_Contig_8337	1	444	71	418	94.1441	23.5315	35.6	59.9
dDocent_Contig_8346	1	339	6	280	82.5959	2.51917	35.2	60
dDocent_Contig_8348	1	405	10	221	54.5679	3.55062	36.1	60
dDocent_Contig_8358	1	417	16	359	86.0911	5.58273	36.2	60
dDocent_Contig_8360	1	291	7	214	73.5395	3.41924	36.3	60
dDocent_Contig_8362	1	411	26	373	90.7543	9.06569	35.5	60
dDocent_Contig_8371	1	313	11	311	99.361	4.92652	36.4	60
dDocent_Contig_8374	1	403	11	219	54.3424	3.8139	36.2	60
dDocent_Contig_8376	1	364	2	233	64.011	0.807692	36.1	60
dDocent_Contig_8384	1	393	13	329	83.715	4.87277	35.7	60
dDocent_Contig_8386	1	397	26	328	82.6196	9.73048	35.3	60
dDocent_Contig_8398	1	395	43	381	96.4557	15.9949	36.1	60
dDocent_Contig_8399	1	387	26	284	73.385	9.89664	36.2	60
dDocent_Contig_8409	1	375	5	282	75.2	1.75467	36.8	60
dDocent_Contig_8412	1	389	6	369	94.8586	2.2982	36.6	60
dDocent_Contig_8413	1	340	56	330	97.0588	24.3	36.5	60
dDocent_Contig_8423	1	407	21	343	84.2752	7.57002	36	60
dDocent_Contig_8430	1	307	63	305	99.3485	29.0033	35	60
dDocent_Contig_8433	1	230	5	191	83.0435	3.06087	36.6	60
dDocent_Contig_8434	1	341	7	222	65.1026	2.97067	36.5	60
dDocent_Contig_8436	1	364	14	297	81.5934	5.54121	36.1	60
dDocent_Contig_8440	1	374	30	372	99.4652	11.7674	36.3	60
dDocent_Contig_8443	1	377	20	280	74.2706	7.38727	36.2	60
dDocent_Contig_8456	1	381	53	376	98.6877	20.3701	36.1	60
dDocent_Contig_8460	1	326	38	251	76.9939	14.5521	35.2	60
dDocent_Contig_8466	1	299	7	297	99.3311	3.0301	36.4	60
dDocent_Contig_8471	1	342	39	336	98.2456	16.5234	36.3	60
dDocent_Contig_8473	1	332	16	331	99.6988	7.03012	35	60
dDocent_Contig_8474	1	388	39	386	99.4845	14.7964	36.5	60
dDocent_Contig_8480	1	347	12	249	71.7579	4.90202	35.5	60
dDocent_Contig_8481	1	458	14	258	56.3319	3.77293	36.8	60
dDocent_Contig_8485	1	313	26	289	92.3323	12.1502	36.2	60
dDocent_Contig_8489	1	418	61	416	99.5215	21.2464	36.3	60
dDocent_Contig_8492	1	409	4	280	68.4597	1.34474	36.5	60
dDocent_Contig_8493	1	392	6	227	57.9082	2.29592	36.7	60
dDocent_Contig_8498	1	382	8	278	72.7749	2.79843	36.6	60
dDocent_Contig_8505	1	348	91	342	98.2759	34.9023	35.8	37.7
dDocent_Contig_8512	1	472	7	255	54.0254	2.19703	36.7	60
dDocent_Contig_8515	1	383	93	313	81.7232	32.517	36.3	51.3
dDocent_Contig_8516	1	310	68	308	99.3548	31.6355	36.3	60
dDocent_Contig_8520	1	368	23	322	87.5	9.29348	36.4	60
dDocent_Contig_8528	1	401	16	361	90.0249	5.87531	36.4	60
dDocent_Contig_8531	1	390	27	384	98.4615	9.84872	36.2	60
dDocent_Contig_8534	1	397	10	333	83.8791	3.73048	36.5	60
dDocent_Contig_8536	1	452	27	341	75.4425	8.34292	36.1	60
dDocent_Contig_8537	1	271	27	236	87.0849	12.476	36.3	53.4
dDocent_Contig_8542	1	326	16	310	95.092	7.34049	35.5	60
dDocent_Contig_8545	1	383	19	376	98.1723	6.95561	36.5	60
dDocent_Contig_8546	1	379	52	378	99.7361	19.6253	36.4	60
dDocent_Contig_8557	1	404	18	383	94.802	6.2995	35.9	60
dDocent_Contig_8562	1	303	13	278	91.7492	5.94059	36.7	60
dDocent_Contig_8566	1	377	37	281	74.5358	13.8462	35	60
dDocent_Contig_8567	1	402	10	364	90.5473	3.45771	36	60
dDocent_Contig_8570	1	338	28	297	87.8698	11.926	36.2	60
dDocent_Contig_8571	1	382	6	267	69.8953	2.35602	36.3	60
dDocent_Contig_8573	1	337	23	278	82.4926	9.92582	35.6	60
dDocent_Contig_8584	1	347	8	206	59.366	3.39193	36.8	60
dDocent_Contig_8589	1	313	17	311	99.361	7.66134	36	58.5
dDocent_Contig_8590	1	348	21	346	99.4253	8.31034	36.3	60
dDocent_Contig_8591	1	354	31	273	77.1186	12.6723	35.9	60
dDocent_Contig_8592	1	378	20	260	68.7831	7.85185	36.3	60
dDocent_Contig_8598	1	405	264	405	100	87.9778	36	56
dDocent_Contig_8605	1	384	30	384	100	11.1406	35.7	60
dDocent_Contig_8606	1	303	5	202	66.6667	2.0198	36.9	60
dDocent_Contig_8609	1	391	18	298	76.2148	6.55754	36.5	60
dDocent_Contig_8610	1	378	73	368	97.3545	27.1323	35.9	60
dDocent_Contig_8611	1	277	8	167	60.2888	3.72563	34.9	60
dDocent_Contig_8612	1	339	33	324	95.5752	13.9617	36.1	60
dDocent_Contig_8613	1	456	53	439	96.2719	16.7785	36.2	60
dDocent_Contig_8614	1	362	11	315	87.0166	4.40608	36.4	60
dDocent_Contig_8620	1	270	35	269	99.6296	17.9185	35.9	59.7
dDocent_Contig_8623	1	382	13	368	96.3351	5.04188	33.2	60
dDocent_Contig_8639	1	333	41	333	100	18.012	35.6	60
dDocent_Contig_8640	1	435	20	301	69.1954	6.23448	36.7	60
dDocent_Contig_8645	1	343	8	322	93.8776	3.38192	35.9	60
dDocent_Contig_8646	1	505	21	474	93.8614	6.2297	35.8	60
dDocent_Contig_8649	1	342	42	337	98.538	17.9678	36.2	60
dDocent_Contig_8663	1	368	33	367	99.7283	13.0516	36.1	60
dDocent_Contig_8684	1	426	28	425	99.7653	9.31455	36.1	60
dDocent_Contig_8686	1	410	28	408	99.5122	9.58293	36	60
dDocent_Contig_8687	1	328	34	275	83.8415	14.622	36.3	60
dDocent_Contig_8688	1	361	92	297	82.2715	34.241	35.7	60
dDocent_Contig_8692	1	372	29	357	95.9677	11.1989	36.4	60
dDocent_Contig_8697	1	412	16	320	77.6699	5.6335	35.5	60
dDocent_Contig_8703	1	331	41	315	95.1662	17.9426	36.1	60
dDocent_Contig_8704	1	327	22	258	78.8991	9.47706	36.4	60
dDocent_Contig_8711	1	346	21	275	79.4798	8.49133	36.5	60
dDocent_Contig_8743	1	281	34	242	86.121	17.395	35.9	60
dDocent_Contig_8746	1	420	24	366	87.1429	8.31429	35.7	60
dDocent_Contig_8749	1	293	6	155	52.901	2.52218	36.2	60
dDocent_Contig_8750	1	284	24	275	96.831	12.0704	35.7	58.8
dDocent_Contig_8753	1	265	78	264	99.6226	35.4868	35.9	60
dDocent_Contig_8755	1	399	36	368	92.2306	13.1604	36.2	57.8
dDocent_Contig_8756	1	384	18	272	70.8333	6.76562	36.5	57
dDocent_Contig_8757	1	320	26	312	97.5	11.325	36	60
dDocent_Contig_8758	1	375	55	365	97.3333	20.7333	35.8	60
dDocent_Contig_8766	1	469	36	389	82.9424	11.3603	36.5	60
dDocent_Contig_8768	1	414	21	369	89.1304	7.47101	36.1	60
dDocent_Contig_8772	1	437	19	310	70.9382	6.41876	36.7	60
dDocent_Contig_8782	1	340	24	261	76.7647	10.0294	36.1	60
dDocent_Contig_8791	1	360	116	360	100	42.4083	35.6	59
dDocent_Contig_8797	1	372	9	285	76.6129	3.55376	35.2	60
dDocent_Contig_8798	1	507	23	416	82.0513	6.6785	36.1	60
dDocent_Contig_8801	1	356	16	316	88.764	6.46067	36	60
dDocent_Contig_8803	1	395	14	362	91.6456	4.93418	35.6	60
dDocent_Contig_8804	1	368	20	348	94.5652	8.11413	35.6	60
dDocent_Contig_8809	1	379	19	330	87.0712	6.99736	36.3	59.8
dDocent_Contig_8816	1	460	57	320	69.5652	18.2652	36.2	60
dDocent_Contig_8817	1	365	22	365	100	8.68767	35.9	60
dDocent_Contig_8840	1	330	23	319	96.6667	10.0152	36.2	60
dDocent_Contig_8841	1	459	20	316	68.8453	6.19172	36.1	60
dDocent_Contig_8845	1	441	40	404	91.61	13.22	35.2	59.5
dDocent_Contig_8854	1	377	25	256	67.9045	9.57294	36.2	60
dDocent_Contig_8855	1	419	15	253	60.3819	4.92124	36.2	60
dDocent_Contig_8869	1	309	81	306	99.0291	36.2201	35.6	60
dDocent_Contig_8875	1	469	12	266	56.7164	3.4435	36.6	60
dDocent_Contig_8876	1	310	29	276	89.0323	11.9871	35.6	60
dDocent_Contig_8888	1	392	14	329	83.9286	4.81888	36.2	60
dDocent_Contig_8893	1	321	21	320	99.6885	9.60125	36.1	60
dDocent_Contig_8894	1	410	8	275	67.0732	2.81707	35.9	60
dDocent_Contig_8897	1	363	27	361	99.449	9.53719	36.5	53.8
dDocent_Contig_8900	1	379	24	350	92.3483	9.30607	36.1	60
dDocent_Contig_8901	1	362	8	261	72.0994	3.07182	35.8	60
dDocent_Contig_8902	1	370	65	366	98.9189	25.2784	35.8	59.5
dDocent_Contig_8903	1	400	1029	399	99.75	369.55	35.9	59.9
dDocent_Contig_8935	1	391	83	390	99.7442	29.7954	35.7	60
dDocent_Contig_8936	1	431	17	269	62.413	5.88631	36.2	60
dDocent_Contig_8937	1	306	5	202	66.0131	2.39542	35.3	60
dDocent_Contig_8945	1	400	6	157	39.25	1.76	36.7	60
dDocent_Contig_8955	1	339	43	336	99.115	18.1534	36.1	59.6
dDocent_Contig_8967	1	386	8	250	64.7668	3.04663	36	60
dDocent_Contig_8969	1	312	32	261	83.6538	14.25	35.6	60
dDocent_Contig_8970	1	259	1	150	57.9151	0.579151	36.9	60
dDocent_Contig_8976	1	334	31	332	99.4012	13.5719	36.1	60
dDocent_Contig_8978	1	321	40	216	67.2897	16.324	35.7	60
dDocent_Contig_8990	1	413	79	412	99.7579	28.0315	36.1	60
dDocent_Contig_8992	1	376	7	195	51.8617	2.51596	36.4	60
dDocent_Contig_9005	1	317	53	296	93.3754	23.9369	35.9	60
dDocent_Contig_9010	1	352	238	351	99.7159	94.4318	36	59.7
dDocent_Contig_9013	1	359	5	196	54.5961	1.99443	36.3	60
dDocent_Contig_9023	1	391	61	357	91.3043	21.9923	35.3	60
dDocent_Contig_9028	1	250	42	249	99.6	23.008	36.4	60
dDocent_Contig_9040	1	422	18	316	74.8815	6.09242	35.6	60
dDocent_Contig_9041	1	504	29	412	81.746	8.38294	35.9	60
dDocent_Contig_9047	1	433	21	360	83.1409	6.90993	35.8	60
dDocent_Contig_9052	1	305	74	303	99.3443	34.6492	35.9	59.9
dDocent_Contig_9055	1	330	3	150	45.4545	1.36364	36	60
dDocent_Contig_9057	1	310	3	149	48.0645	1.38387	36.8	60
dDocent_Contig_9058	1	333	31	332	99.6997	12.6426	36.3	60
dDocent_Contig_9063	1	399	90	349	87.4687	33.3709	36.3	60
dDocent_Contig_9070	1	393	20	358	91.0941	6.80407	35.4	60
dDocent_Contig_9073	1	342	40	341	99.7076	15.9181	35.8	60
dDocent_Contig_9075	1	352	17	311	88.3523	6.60511	36.3	60
dDocent_Contig_9076	1	395	37	336	85.0633	12.9924	36.1	60
dDocent_Contig_9079	1	270	20	226	83.7037	10.4815	36.1	60
dDocent_Contig_9080	1	419	49	418	99.7613	16.2864	35.5	60
dDocent_Contig_9083	1	366	1	143	39.071	0.39071	35.9	60
dDocent_Contig_10000	1	363	61	356	98.0716	22.157	35.6	59.8
dDocent_Contig_10007	1	430	27	281	65.3488	8.97442	36.7	60
dDocent_Contig_10009	1	227	22	225	99.1189	12.2996	36.5	44
dDocent_Contig_10011	1	402	46	377	93.7811	16.6393	36.3	60
dDocent_Contig_10014	1	388	87	371	95.6186	28.6108	34.9	59.7
dDocent_Contig_10025	1	397	103	396	99.7481	35.4005	35.9	60
dDocent_Contig_10026	1	427	43	395	92.5059	13.9953	36.4	60
dDocent_Contig_10029	1	368	33	339	92.1196	12.5326	35.6	60
dDocent_Contig_10035	1	383	27	371	96.8668	10.517	36.3	60
dDocent_Contig_10044	1	505	28	318	62.9703	8.10297	36.2	60
dDocent_Contig_10047	1	327	35	326	99.6942	15.7064	36.2	60
dDocent_Contig_10053	1	453	38	351	77.4834	11.6313	36.3	60
dDocent_Contig_10056	1	348	15	194	55.7471	5.91092	36.5	60
dDocent_Contig_10057	1	388	71	370	95.3608	26.3351	35.7	60
dDocent_Contig_10058	1	448	18	269	60.0446	5.54241	36	60
dDocent_Contig_10064	1	345	12	302	87.5362	5.10725	36	60
dDocent_Contig_10065	1	451	6	268	59.4235	1.90909	36.8	60
dDocent_Contig_10068	1	279	92	277	99.2832	47.3226	36	60
dDocent_Contig_10078	1	382	20	242	63.3508	7.59948	35.9	60
dDocent_Contig_10079	1	364	19	291	79.9451	7.48352	36.7	60
dDocent_Contig_10082	1	374	1	150	40.107	0.40107	36.3	60
dDocent_Contig_10083	1	327	20	319	97.5535	8.26606	36.2	60
dDocent_Contig_10084	1	350	27	296	84.5714	11.3743	35.9	51.5
dDocent_Contig_10094	1	304	3	184	60.5263	1.48026	36.9	60
dDocent_Contig_10095	1	322	9	291	90.3727	4.18012	36.1	60
dDocent_Contig_10096	1	358	7	337	94.1341	2.89106	36.5	60
dDocent_Contig_10097	1	395	16	270	68.3544	5.82278	36.2	60
dDocent_Contig_10099	1	367	13	353	96.1853	4.6594	36.3	60
dDocent_Contig_10101	1	393	22	274	69.7201	7.68193	36.2	60
dDocent_Contig_10102	1	465	85	447	96.129	26.5097	36.1	60
dDocent_Contig_10108	1	323	34	322	99.6904	15.1703	35.4	60
dDocent_Contig_10109	1	393	10	222	56.4885	3.60051	36.4	60
dDocent_Contig_10110	1	395	8	236	59.7468	2.92152	36.6	60
dDocent_Contig_10113	1	441	46	423	95.9184	15.1383	35.8	60
dDocent_Contig_10114	1	373	28	328	87.9357	11.1233	36.3	60
dDocent_Contig_10115	1	373	91	342	91.689	34.7024	34.7	60
dDocent_Contig_10122	1	309	37	309	100	17.3948	36	60
dDocent_Contig_10128	1	343	32	295	86.0058	13.586	36.1	60
dDocent_Contig_10136	1	370	28	334	90.2703	10.8676	36	60
dDocent_Contig_10138	1	417	69	417	100	23.6475	35.7	60
dDocent_Contig_10140	1	381	122	381	100	42.0656	34.7	59.9
dDocent_Contig_10141	1	372	35	300	80.6452	13.8495	36.6	60
dDocent_Contig_10142	1	402	18	328	81.592	6.54229	35.7	60
dDocent_Contig_10144	1	334	458	332	99.4012	194.602	33.9	27.8
dDocent_Contig_10146	1	355	7	232	65.3521	2.92958	36.4	60
dDocent_Contig_10151	1	318	100	232	72.956	24.566	32.4	37.5
dDocent_Contig_10152	1	395	7	203	51.3924	2.03291	34.1	31
dDocent_Contig_10153	1	318	18	278	87.4214	8.3805	35.6	56.2
dDocent_Contig_10157	1	321	21	283	88.162	7.5296	34.9	53.1
dDocent_Contig_10158	1	364	15	306	84.0659	5.60989	34.9	45.1
dDocent_Contig_10160	1	388	181	368	94.8454	64.0155	35.9	52.5
dDocent_Contig_10163	1	371	40	358	96.496	15.5148	35.9	59.4
dDocent_Contig_10164	1	297	4	49	16.4983	0.592593	35.2	22.5
dDocent_Contig_10166	1	360	522	352	97.7778	213.214	35.8	35.4
dDocent_Contig_10167	1	360	194	277	76.9444	77.6333	35.7	60
dDocent_Contig_10170	1	473	18	403	85.2008	5.39746	36.4	60
dDocent_Contig_10176	1	508	17	380	74.8031	4.62008	36.4	60
dDocent_Contig_10179	1	466	28	459	98.4979	8.22747	36.4	52.8
dDocent_Contig_10185	1	285	37	284	99.6491	17.7509	36.3	60
dDocent_Contig_10186	1	298	17	262	87.9195	8.52685	35.3	60
dDocent_Contig_10188	1	412	15	215	52.1845	4.71359	36.7	60
dDocent_Contig_10203	1	363	12	361	99.449	4.69146	36.4	60
dDocent_Contig_10204	1	291	12	191	65.6357	5.06186	36.3	60
dDocent_Contig_10210	1	402	6	282	70.1493	2.23632	36	60
dDocent_Contig_10213	1	278	13	277	99.6403	6.55036	36.1	60
dDocent_Contig_10216	1	331	11	329	99.3958	4.16918	36.5	60
dDocent_Contig_10217	1	496	107	419	84.4758	25.6875	35.7	53.9
dDocent_Contig_10218	1	294	9	253	86.0544	4.55782	36.5	60
dDocent_Contig_10225	1	322	13	301	93.4783	5.87578	35.7	60
dDocent_Contig_10230	1	296	10	288	97.2973	4.48311	35.8	60
dDocent_Contig_10241	1	408	338	408	100	115.316	35.6	60
dDocent_Contig_10244	1	384	28	300	78.125	10.526	35.9	60
dDocent_Contig_10250	1	307	6	207	67.4267	2.85016	36.8	60
dDocent_Contig_10255	1	324	16	314	96.9136	7.13889	35.2	60
dDocent_Contig_10269	1	361	13	340	94.1828	5.37119	36.4	60
dDocent_Contig_10270	1	404	5	179	44.3069	1.58416	35.9	60
dDocent_Contig_10271	1	417	69	284	68.1055	23.6691	36.2	60
dDocent_Contig_10287	1	329	1	147	44.6809	0.446809	36.2	60
dDocent_Contig_10293	1	273	49	262	95.9707	26.1905	36.3	60
dDocent_Contig_10408	1	465	33	416	89.4624	10.2817	36	60
dDocent_Contig_10410	1	375	63	374	99.7333	24.312	35.6	59.7
dDocent_Contig_10413	1	400	45	372	93	16.5575	35.6	60
dDocent_Contig_10418	1	365	80	363	99.4521	31.4521	35.7	60
dDocent_Contig_10424	1	462	133	462	100	40.4091	35.8	51
dDocent_Contig_10426	1	383	29	315	82.2454	10.3681	35.8	60
dDocent_Contig_10427	1	265	9	216	81.5094	4.81132	36.4	60
dDocent_Contig_10431	1	329	27	327	99.3921	11.7082	36.5	60
dDocent_Contig_10433	1	398	5	267	67.0854	1.48241	36.2	60
dDocent_Contig_10440	1	355	19	344	96.9014	7.73803	35.7	60
dDocent_Contig_10441	1	327	39	325	99.3884	16.9969	35.7	60
dDocent_Contig_10444	1	362	20	285	78.7293	8.20994	36.2	60
dDocent_Contig_10448	1	396	24	393	99.2424	8.64899	36.1	60
dDocent_Contig_10450	1	322	16	270	83.8509	7.13665	36.3	60
dDocent_Contig_10452	1	358	18	356	99.4413	7.2067	36.6	60
dDocent_Contig_10454	1	475	31	391	82.3158	9.34526	35.7	60
dDocent_Contig_10457	1	372	29	255	68.5484	10.9005	35.3	60
dDocent_Contig_10464	1	367	19	355	96.7302	7.72207	36.2	60
dDocent_Contig_10465	1	387	73	365	94.3152	25.1964	35.6	60
dDocent_Contig_10466	1	494	19	354	71.6599	5.72267	34.9	60
dDocent_Contig_10472	1	300	12	242	80.6667	5.82333	35.2	60
dDocent_Contig_10473	1	397	36	362	91.1839	13.2116	35.9	60
dDocent_Contig_10478	1	262	17	243	92.7481	9.36641	36.4	60
dDocent_Contig_10494	1	332	5	305	91.8675	2.25301	36.4	60
dDocent_Contig_10496	1	380	6	299	78.6842	2.36316	36	60
dDocent_Contig_10498	1	415	15	325	78.3133	5.39036	36.5	60
dDocent_Contig_10510	1	313	16	261	83.3866	5.73802	35.2	52.2
dDocent_Contig_10511	1	358	13	279	77.933	5.26257	35.4	60
dDocent_Contig_10513	1	384	87	352	91.6667	32.2109	36	60
dDocent_Contig_10515	1	409	32	334	81.6626	11.0098	35.9	60
dDocent_Contig_10516	1	322	34	321	99.6894	15.2453	35.9	60
dDocent_Contig_10517	1	305	32	304	99.6721	15.4033	36	60
dDocent_Contig_10520	1	362	10	360	99.4475	3.76243	36	60
dDocent_Contig_10522	1	358	20	324	90.5028	7.80447	35.8	60
dDocent_Contig_10523	1	238	11	188	78.9916	5.36975	35.3	60
dDocent_Contig_10530	1	513	356	513	100	101.786	35.7	59.3
dDocent_Contig_10535	1	424	79	424	100	26.9788	36.1	60
dDocent_Contig_10537	1	424	74	343	80.8962	24.7075	35.4	60
dDocent_Contig_10545	1	367	31	318	86.6485	12.4659	36.3	60
dDocent_Contig_10556	1	377	50	327	86.7374	18.2546	36.2	41.5
dDocent_Contig_10557	1	401	23	396	98.7531	7.89277	35.7	60
dDocent_Contig_10558	1	381	40	380	99.7375	15.1785	35.8	58.9
dDocent_Contig_10561	1	339	4	234	69.0265	1.74336	36.5	60
dDocent_Contig_10562	1	359	232	355	98.8858	91.6379	36	58.8
dDocent_Contig_10565	1	375	33	339	90.4	12.5493	36.3	60
dDocent_Contig_10567	1	375	6	357	95.2	2.368	36	60
dDocent_Contig_10571	1	334	37	333	99.7006	16.0419	36.2	60
dDocent_Contig_10579	1	306	28	297	97.0588	13.6471	36.1	60
dDocent_Contig_10583	1	376	13	345	91.7553	5.1383	34.8	60
dDocent_Contig_10584	1	396	48	287	72.4747	17.7146	35.9	60
dDocent_Contig_10587	1	296	12	204	68.9189	5.47973	36.5	60
dDocent_Contig_10590	1	409	12	257	62.8362	4.09291	36.6	60
dDocent_Contig_10593	1	322	14	306	95.0311	6.17081	36.1	59.6
dDocent_Contig_10596	1	336	13	292	86.9048	5.69643	35.9	60
dDocent_Contig_10597	1	404	12	317	78.4653	4.10149	36.1	60
dDocent_Contig_10598	1	357	5	184	51.5406	2.02241	36.8	60
dDocent_Contig_10599	1	467	86	338	72.3769	23.1713	34.9	60
dDocent_Contig_10619	1	329	10	265	80.5471	4.30699	36.5	60
dDocent_Contig_10621	1	402	25	402	100	9.05473	36.3	60
dDocent_Contig_10626	1	416	26	338	81.25	9.02644	36.4	60
dDocent_Contig_10630	1	236	29	231	97.8814	17.1949	35.9	60
dDocent_Contig_10632	1	430	10	319	74.186	3.24419	36.2	60
dDocent_Contig_10643	1	297	20	294	98.9899	9.73737	36.2	60
dDocent_Contig_10650	1	288	20	272	94.4444	9.62153	36.2	60
dDocent_Contig_10660	1	394	180	394	100	62.4213	36.1	58.9
dDocent_Contig_10668	1	365	32	305	83.5616	12.737	36.2	60
dDocent_Contig_10675	1	281	4	227	80.7829	2.00356	36.3	60
dDocent_Contig_10676	1	376	16	313	83.2447	6.34043	36	60
dDocent_Contig_10679	1	382	9	267	69.8953	3.02356	36	60
dDocent_Contig_10680	1	319	27	237	74.2947	11.1129	35.7	60
dDocent_Contig_10682	1	362	58	269	74.3094	23.4006	35.7	60
dDocent_Contig_10686	1	335	11	274	81.791	4.69254	36.7	60
dDocent_Contig_10688	1	309	12	211	68.2848	4.91586	36.8	60
dDocent_Contig_10691	1	364	26	340	93.4066	10.0412	36.4	60
dDocent_Contig_10692	1	392	18	264	67.3469	6.19643	36.7	60
dDocent_Contig_10693	1	356	12	271	76.1236	4.96348	35.6	60
dDocent_Contig_10694	1	309	18	307	99.3528	8.4466	36.3	60
dDocent_Contig_10698	1	379	8	308	81.2665	3.09499	36.4	60
dDocent_Contig_10699	1	393	42	392	99.7455	15.2061	36.1	60
dDocent_Contig_10700	1	362	12	319	88.1215	4.91713	35.9	60
dDocent_Contig_10701	1	345	8	231	66.9565	3.34203	36.6	60
dDocent_Contig_10704	1	306	22	271	88.5621	10.549	35.4	60
dDocent_Contig_10706	1	257	27	255	99.2218	15.6693	36	60
dDocent_Contig_10709	1	320	27	289	90.3125	12.05	35	60
dDocent_Contig_10714	1	422	20	396	93.8389	7.0545	35.9	60
dDocent_Contig_10720	1	384	24	326	84.8958	9.1875	35.3	60
dDocent_Contig_10726	1	368	16	333	90.4891	5.90489	35.8	43.1
dDocent_Contig_10729	1	340	19	330	97.0588	8.17941	35.7	60
dDocent_Contig_10737	1	444	44	409	92.1171	14.232	36.2	60
dDocent_Contig_10738	1	338	20	337	99.7041	8.22485	35.5	60
dDocent_Contig_10739	1	355	60	354	99.7183	24.2732	36.3	60
dDocent_Contig_10745	1	395	27	325	82.2785	9.91392	36.2	60
dDocent_Contig_10747	1	377	63	368	97.6127	23.2228	35.3	60
dDocent_Contig_10748	1	414	95	413	99.7585	28.5	35	57.4
dDocent_Contig_10749	1	404	107	393	97.2772	37.2946	36	60
dDocent_Contig_10750	1	368	6	340	92.3913	2.30435	35.1	60
dDocent_Contig_10755	1	370	10	286	77.2973	3.91622	36.2	60
dDocent_Contig_10756	1	375	31	298	79.4667	10.312	36.3	54.5
dDocent_Contig_10757	1	322	5	143	44.4099	1.50932	36.1	44.4
dDocent_Contig_10760	1	308	41	307	99.6753	18.1851	36.4	56.7
dDocent_Contig_10764	1	374	36	331	88.5027	14.131	35.2	60
dDocent_Contig_10767	1	387	225	386	99.7416	80.2351	35.7	53.6
dDocent_Contig_10774	1	430	18	372	86.5116	6.11628	36.6	60
dDocent_Contig_10781	1	368	28	347	94.2935	11.2364	36.1	60
dDocent_Contig_10783	1	357	1	150	42.0168	0.420168	36.8	60
dDocent_Contig_10787	1	421	41	355	84.323	13.7767	36.1	60
dDocent_Contig_10789	1	250	46	250	100	25.308	33.9	59.5
dDocent_Contig_10790	1	459	37	376	81.9172	11.8322	36.1	60
dDocent_Contig_10795	1	447	5	206	46.085	1.62864	36.8	60
dDocent_Contig_10796	1	367	30	350	95.3678	11.594	35.7	60
dDocent_Contig_10800	1	385	15	321	83.3766	5.57403	36.5	60
dDocent_Contig_10813	1	431	18	341	79.1183	6.24826	35.9	60
dDocent_Contig_10815	1	383	31	381	99.4778	11.8668	35.8	60
dDocent_Contig_10817	1	414	9	246	59.4203	3.26087	36	60
dDocent_Contig_10819	1	396	14	395	99.7475	5.25505	36	60
dDocent_Contig_10820	1	279	3	213	76.3441	1.54122	34.6	60
dDocent_Contig_10821	1	389	18	351	90.2314	6.03599	36.5	60
dDocent_Contig_10823	1	330	9	246	74.5455	3.58788	36.5	60
dDocent_Contig_10824	1	323	21	321	99.3808	8.62539	36.2	60
dDocent_Contig_10827	1	357	29	279	78.1513	10.3697	36.5	47.1
dDocent_Contig_10830	1	398	9	192	48.2412	3.07035	35.6	60
dDocent_Contig_10848	1	381	8	227	59.5801	3.14961	35.5	60
dDocent_Contig_10849	1	403	25	349	86.6005	9.12903	36.4	60
dDocent_Contig_10851	1	382	9	234	61.2565	3.36126	35.8	60
dDocent_Contig_10862	1	431	25	304	70.5336	8.10441	35.5	60
dDocent_Contig_10863	1	402	397	393	97.7612	121.784	35.9	48
dDocent_Contig_10864	1	379	36	353	93.1398	13.4248	36.3	60
dDocent_Contig_10875	1	439	8	367	83.5991	2.73349	35.6	60
dDocent_Contig_10876	1	367	27	321	87.4659	10.4905	35.8	60
dDocent_Contig_10880	1	376	71	374	99.4681	27.6941	36	59.9
dDocent_Contig_10886	1	300	28	264	88	13.63	36.4	60
dDocent_Contig_10893	1	372	16	280	75.2688	6.27151	35.6	60
dDocent_Contig_10906	1	348	8	163	46.8391	2.92816	35.1	60
dDocent_Contig_10915	1	371	14	298	80.3235	5.22911	36.2	60
dDocent_Contig_10920	1	372	28	301	80.914	10.5672	35.6	60
dDocent_Contig_10922	1	432	63	369	85.4167	21.6042	36	60
dDocent_Contig_10926	1	386	13	344	89.1192	4.53109	34.9	60
dDocent_Contig_10929	1	332	4	249	75	1.72289	36.5	60
dDocent_Contig_10931	1	406	14	346	85.2217	4.73645	36.3	60
dDocent_Contig_10932	1	254	29	252	99.2126	16.8819	36	60
dDocent_Contig_10935	1	268	20	266	99.2537	10.25	36.5	60
dDocent_Contig_10940	1	339	29	299	88.2006	12.4838	35.6	60
dDocent_Contig_10941	1	404	52	352	87.1287	18.6386	36.1	60
dDocent_Contig_10958	1	371	7	268	72.2372	2.6442	36.6	60
dDocent_Contig_10962	1	303	46	270	89.1089	21.2607	35.9	60
dDocent_Contig_10967	1	363	8	195	53.719	3.21763	34.2	60
dDocent_Contig_10970	1	430	43	423	98.3721	14.5186	35.6	60
dDocent_Contig_10973	1	259	7	227	87.6448	3.99228	35.7	60
dDocent_Contig_10975	1	434	29	342	78.8018	9.57373	35.1	60
dDocent_Contig_10977	1	330	21	327	99.0909	8.76667	36.4	60
dDocent_Contig_10978	1	375	5	325	86.6667	1.84533	35.3	60
dDocent_Contig_10980	1	403	64	402	99.7519	23.1588	36.2	60
dDocent_Contig_10984	1	298	41	268	89.9329	19.5805	36	60
dDocent_Contig_10993	1	378	9	321	84.9206	3.2619	34.5	60
dDocent_Contig_11002	1	311	14	215	69.1318	6.58842	36.4	60
dDocent_Contig_11003	1	305	15	263	86.2295	6.86885	36.3	60
dDocent_Contig_11004	1	435	24	269	61.8391	7.89425	36.3	60
dDocent_Contig_11010	1	402	38	401	99.7512	12.9229	36.1	54.1
dDocent_Contig_11025	1	353	12	344	97.4504	5.07365	36.3	60
dDocent_Contig_11026	1	433	8	409	94.4573	2.40185	36.6	60
dDocent_Contig_11030	1	396	13	269	67.9293	4.71212	35.7	60
dDocent_Contig_11031	1	332	1	150	45.1807	0.451807	36.7	60
dDocent_Contig_11032	1	272	58	270	99.2647	30.5037	35.4	60
dDocent_Contig_11042	1	349	41	321	91.9771	17.4327	36.1	60
dDocent_Contig_11052	1	369	60	368	99.729	23.1789	36.1	60
dDocent_Contig_11056	1	404	10	299	74.0099	3.32921	35.6	60
dDocent_Contig_11060	1	315	24	262	83.1746	11.1683	36.6	60
dDocent_Contig_11061	1	336	47	334	99.4048	20.4881	36	60
dDocent_Contig_11066	1	371	4	167	45.0135	1.30728	35.7	60
dDocent_Contig_11067	1	310	1	150	48.3871	0.483871	36.9	24
dDocent_Contig_11068	1	361	41	334	92.5208	16.8753	35.6	60
dDocent_Contig_11069	1	320	30	314	98.125	12.8875	35.5	60
dDocent_Contig_11076	1	356	11	356	100	4.50281	35.2	60
dDocent_Contig_11085	1	412	29	299	72.5728	10.4684	36.5	60
dDocent_Contig_11086	1	388	5	314	80.9278	1.89433	36.9	60
dDocent_Contig_11087	1	432	84	364	84.2593	28.6829	36.1	60
dDocent_Contig_11088	1	400	19	251	62.75	6.955	36.3	60
dDocent_Contig_11090	1	463	24	372	80.3456	7.56803	36.2	60
dDocent_Contig_11093	1	463	47	461	99.568	14.1663	36.3	59.9
dDocent_Contig_11094	1	356	12	296	83.1461	4.89326	35.5	60
dDocent_Contig_11096	1	363	11	271	74.6556	4.31405	36.5	60
dDocent_Contig_11097	1	377	15	375	99.4695	5.82759	35.5	60
dDocent_Contig_11100	1	397	86	388	97.733	30.6851	35.5	60
dDocent_Contig_11106	1	289	13	287	99.308	6.64014	35.6	60
dDocent_Contig_11109	1	386	24	384	99.4819	8.79016	35.9	60
dDocent_Contig_11119	1	391	28	390	99.7442	9.8491	35.6	59.3
dDocent_Contig_11126	1	294	35	270	91.8367	17.0544	36.6	60
dDocent_Contig_11131	1	385	150	385	100	52.6494	34.8	60
dDocent_Contig_11133	1	362	49	336	92.8177	19.8232	35.7	60
dDocent_Contig_11137	1	301	12	222	73.7542	4.7309	35.6	47.7
dDocent_Contig_11139	1	398	14	281	70.603	5.12814	36.5	60
dDocent_Contig_11140	1	329	36	302	91.7933	15.6261	36	60
dDocent_Contig_11141	1	284	23	279	98.2394	11.3768	35.7	60
dDocent_Contig_11155	1	470	24	307	65.3191	7.57872	36.5	60
dDocent_Contig_11170	1	414	97	363	87.6812	34.1498	36	60
dDocent_Contig_11171	1	314	49	286	91.0828	22.7739	36	60
dDocent_Contig_11175	1	397	20	343	86.398	7.45844	36.3	60
dDocent_Contig_11176	1	388	10	298	76.8041	3.81959	36.5	60
dDocent_Contig_11182	1	360	22	309	85.8333	8.74167	36	60
dDocent_Contig_11194	1	428	46	290	67.757	15.2664	35.6	60
dDocent_Contig_11205	1	337	23	311	92.2849	9.78635	36.7	60
dDocent_Contig_11208	1	395	20	367	92.9114	7.52152	36.6	60
dDocent_Contig_11222	1	404	22	310	76.7327	7.78713	36.6	60
dDocent_Contig_11223	1	354	39	307	86.7232	15.6441	36.4	60
dDocent_Contig_11229	1	380	13	342	90	5.08158	36.3	60
dDocent_Contig_11232	1	394	7	238	60.4061	2.55838	36.3	60
dDocent_Contig_11235	1	489	21	323	66.0532	6.41309	36.3	60
dDocent_Contig_11236	1	398	133	384	96.4824	49.2161	35.7	60
dDocent_Contig_11244	1	435	2	85	19.5402	0.390805	37	60
dDocent_Contig_11245	1	362	34	342	94.4751	13.8729	35.6	60
dDocent_Contig_11258	1	290	9	236	81.3793	4.43448	36.2	60
dDocent_Contig_11259	1	381	22	300	78.7402	8.32021	36.7	60
dDocent_Contig_11268	1	310	28	308	99.3548	12.6226	35.5	60
dDocent_Contig_11272	1	384	19	251	65.3646	6.5	35.8	60
dDocent_Contig_11277	1	358	17	327	91.3408	6.42458	36.6	60
dDocent_Contig_11278	1	383	19	336	87.7285	6.67102	36.5	60
dDocent_Contig_11299	1	375	18	373	99.4667	6.584	35.7	60
dDocent_Contig_11302	1	432	35	301	69.6759	11.7361	35.3	60
dDocent_Contig_11303	1	388	7	252	64.9485	2.67526	36.6	60
dDocent_Contig_11305	1	332	24	309	93.0723	10.1837	36.6	60
dDocent_Contig_11307	1	384	34	248	64.5833	12.8802	35.9	60
dDocent_Contig_11310	1	311	8	221	71.0611	3.78135	36.4	60
dDocent_Contig_11313	1	323	12	234	72.4458	5.33746	36.1	60
dDocent_Contig_11317	1	399	30	390	97.7444	11.1378	36.3	60
dDocent_Contig_11319	1	291	19	252	86.5979	8.74914	35.4	60
dDocent_Contig_11320	1	377	10	295	78.2493	3.82759	35.5	60
dDocent_Contig_11321	1	279	1	135	48.3871	0.483871	37	60
dDocent_Contig_11332	1	360	26	326	90.5556	10.2778	36.2	60
dDocent_Contig_11335	1	462	31	319	69.0476	9.43506	35.5	60
dDocent_Contig_11337	1	347	19	341	98.2709	7.75504	35.6	60
dDocent_Contig_11340	1	358	18	344	96.0894	7.10056	36.5	60
dDocent_Contig_11341	1	279	4	199	71.3262	1.72401	36.8	60
dDocent_Contig_11344	1	361	18	274	75.9003	7.0831	36.3	60
dDocent_Contig_11345	1	277	13	275	99.278	6.63538	36.4	60
dDocent_Contig_11346	1	311	3	112	36.0129	0.932476	34.3	60
dDocent_Contig_11348	1	357	16	324	90.7563	6.31653	35.4	60
dDocent_Contig_11351	1	321	67	318	99.0654	29.8318	35.7	60
dDocent_Contig_11353	1	343	28	341	99.4169	11.9854	36.4	60
dDocent_Contig_11360	1	364	25	362	99.4505	10.1099	35.3	60
dDocent_Contig_11368	1	267	6	198	74.1573	3.26966	35.7	60
dDocent_Contig_11370	1	381	22	298	78.2152	8.57743	34.8	60
dDocent_Contig_11371	1	339	22	283	83.4808	9.21534	36.7	60
dDocent_Contig_11375	1	404	19	389	96.2871	7	36.2	60
dDocent_Contig_11377	1	424	6	306	72.1698	2.12264	36.8	60
dDocent_Contig_11378	1	408	22	343	84.0686	7.60539	36.4	60
dDocent_Contig_11379	1	350	1	135	38.5714	0.385714	36.9	60
dDocent_Contig_11382	1	397	13	301	75.8186	4.61965	36.2	60
dDocent_Contig_11386	1	450	13	260	57.7778	3.25556	36	60
dDocent_Contig_11388	1	483	13	422	87.3706	4	36.2	55.2
dDocent_Contig_11389	1	311	11	179	57.5563	4.36013	36.5	60
dDocent_Contig_11395	1	389	23	292	75.0643	8.68638	35.6	60
dDocent_Contig_11407	1	308	20	306	99.3506	9.28247	36.2	60
dDocent_Contig_11416	1	325	21	323	99.3846	9.59692	36.4	60
dDocent_Contig_11424	1	273	19	258	94.5055	9.80586	36.1	60
dDocent_Contig_11427	1	301	3	216	71.7608	1.40532	36.3	60
dDocent_Contig_11430	1	463	48	337	72.7862	14.8855	36.3	60
dDocent_Contig_11438	1	240	14	195	81.25	7.4375	36.6	60
dDocent_Contig_11440	1	232	24	230	99.1379	13.9784	36	60
dDocent_Contig_11441	1	367	52	356	97.0027	20.406	36	60
dDocent_Contig_11442	1	383	16	367	95.8225	5.69974	36.6	60
dDocent_Contig_11445	1	463	11	319	68.8985	3.56371	36.3	60
dDocent_Contig_11447	1	379	47	378	99.7361	17.8391	35.7	60
dDocent_Contig_11450	1	395	8	327	82.7848	2.8557	35.2	60
dDocent_Contig_11452	1	387	75	387	100	27.5581	35.8	60
dDocent_Contig_11456	1	404	18	263	65.099	6.44059	35.9	60
dDocent_Contig_11460	1	416	38	365	87.7404	13.2861	35.3	60
dDocent_Contig_11463	1	313	19	242	77.3163	8.39297	36.2	60
dDocent_Contig_11474	1	386	51	385	99.7409	19.2228	36.2	60
dDocent_Contig_11480	1	412	9	313	75.9709	3.1966	36.4	60
dDocent_Contig_11481	1	306	19	283	92.4837	8.82353	36	60
dDocent_Contig_11482	1	357	5	278	77.8711	1.69748	35.7	60
dDocent_Contig_11483	1	375	31	300	80	11.2293	36.4	30.5
dDocent_Contig_11485	1	397	217	379	95.466	75.9773	35.8	44.1
dDocent_Contig_11487	1	356	21	320	89.8876	8.33427	36	48.1
dDocent_Contig_11491	1	318	6	269	84.5912	2.78616	35.6	60
dDocent_Contig_11492	1	386	3	279	72.2798	1.16321	35.5	60
dDocent_Contig_11493	1	340	32	324	95.2941	13.4	35.7	60
dDocent_Contig_11495	1	387	9	260	67.1835	3.4677	35.5	60
dDocent_Contig_11498	1	410	16	320	78.0488	5.50244	35.7	60
dDocent_Contig_11500	1	447	39	435	97.3154	11.5749	35	60
dDocent_Contig_11501	1	370	26	296	80	10.0892	36	59
dDocent_Contig_11502	1	343	38	341	99.4169	15.4927	35.9	60
dDocent_Contig_11504	1	370	21	256	69.1892	7.72703	34.9	60
dDocent_Contig_11511	1	373	20	349	93.5657	7.81501	35.9	60
dDocent_Contig_11513	1	359	28	328	91.3649	11.1393	36.3	60
dDocent_Contig_11514	1	429	37	419	97.669	12.8345	36	60
dDocent_Contig_11515	1	409	33	277	67.7262	11.5012	36.5	60
dDocent_Contig_11516	1	348	6	307	88.2184	2.46552	36.7	60
dDocent_Contig_11561	1	318	66	315	99.0566	25.4969	34	60
dDocent_Contig_11574	1	371	70	369	99.4609	27.062	35.7	60
dDocent_Contig_11577	1	365	75	348	95.3425	29.526	36	60
dDocent_Contig_11612	1	383	12	295	77.0235	3.79373	36.4	47.3
dDocent_Contig_11615	1	407	3	147	36.1179	0.936118	36.8	60
dDocent_Contig_11623	1	358	16	323	90.2235	6.42458	36	60
dDocent_Contig_11626	1	283	10	281	99.2933	5.20141	36.3	60
dDocent_Contig_11628	1	268	17	168	62.6866	7.96642	33.2	60
dDocent_Contig_11629	1	442	99	362	81.9005	33.2285	36.2	60
dDocent_Contig_11637	1	358	26	261	72.905	10.0084	35.7	60
dDocent_Contig_11663	1	347	12	267	76.9452	4.89625	36.5	60
dDocent_Contig_11667	1	431	12	269	62.413	3.89791	35.8	60
dDocent_Contig_11669	1	296	18	276	93.2432	8.90541	36.6	60
dDocent_Contig_11676	1	352	66	324	92.0455	27.5114	35.4	60
dDocent_Contig_11686	1	378	32	376	99.4709	11.9788	36.3	60
dDocent_Contig_11694	1	278	32	276	99.2806	15.5324	36	60
dDocent_Contig_11718	1	390	54	388	99.4872	20.3974	36.4	60
dDocent_Contig_11735	1	341	12	326	95.6012	5.14076	36	60
dDocent_Contig_11736	1	360	14	274	76.1111	5.66667	35.3	60
dDocent_Contig_11748	1	331	12	300	90.6344	5.15408	35.3	57.8
dDocent_Contig_11752	1	366	13	343	93.7158	4.96995	36.7	60
dDocent_Contig_11754	1	408	17	306	75	6.18382	36.2	60
dDocent_Contig_11762	1	391	32	387	98.977	11.6266	35.9	60
dDocent_Contig_11764	1	250	11	211	84.4	6.288	36.2	60
dDocent_Contig_11765	1	366	33	361	98.6339	12.8388	36.7	60
dDocent_Contig_11767	1	325	53	323	99.3846	23.2708	35.8	60
dDocent_Contig_11780	1	249	32	241	96.7871	17.7711	36.3	60
dDocent_Contig_11782	1	417	8	289	69.3046	2.8777	36.7	60
dDocent_Contig_11791	1	369	21	272	73.7127	7.96477	36.3	60
dDocent_Contig_11816	1	397	11	249	62.7204	4.15617	36.3	60
dDocent_Contig_11819	1	390	48	322	82.5641	16.8308	35.2	60
dDocent_Contig_11821	1	379	34	337	88.9182	13.0158	36.2	60
dDocent_Contig_11823	1	412	26	283	68.6893	9.45388	34.7	60
dDocent_Contig_11830	1	358	3	208	58.1006	1.25698	35.3	60
dDocent_Contig_11831	1	352	35	316	89.7727	13.858	35.9	60
dDocent_Contig_11835	1	306	59	306	100	25.5882	36	60
dDocent_Contig_11837	1	333	9	204	61.2613	3.55856	36	60
dDocent_Contig_11848	1	421	21	324	76.9596	7.2399	35.6	60
dDocent_Contig_11849	1	385	1	150	38.961	0.38961	36.9	60
dDocent_Contig_11851	1	409	6	290	70.9046	1.97555	33.8	60
dDocent_Contig_11852	1	393	7	319	81.1705	2.61069	35.5	60
dDocent_Contig_11853	1	392	27	385	98.2143	10.0536	35.8	60
dDocent_Contig_11854	1	285	11	218	76.4912	4.85965	36.6	56.5
dDocent_Contig_11856	1	248	1	150	60.4839	0.604839	36.7	60
dDocent_Contig_11866	1	267	13	252	94.382	7.09363	35.6	60
dDocent_Contig_11867	1	298	9	260	87.2483	4.4698	36.4	60
dDocent_Contig_11868	1	343	10	257	74.9271	4.30321	36.3	60
dDocent_Contig_11870	1	411	21	254	61.8005	7.35766	36.1	60
dDocent_Contig_11877	1	423	17	199	47.0449	5.28132	32.2	60
dDocent_Contig_11880	1	343	36	343	100	15.2945	35.8	60
dDocent_Contig_11885	1	457	11	205	44.8578	3.39606	36.6	60
dDocent_Contig_11889	1	398	9	344	86.4322	2.91709	36.1	60
dDocent_Contig_11896	1	450	16	333	74	4.50444	36.5	60
dDocent_Contig_11898	1	341	21	238	69.7947	8.6305	35.6	60
dDocent_Contig_11900	1	249	15	248	99.5984	7.93173	35.8	60
dDocent_Contig_11907	1	350	10	227	64.8571	4.2	35.7	60
dDocent_Contig_11910	1	339	4	141	41.5929	1.59882	36.6	60
dDocent_Contig_11913	1	388	5	324	83.5052	1.76804	36.5	60
dDocent_Contig_11921	1	356	5	272	76.4045	1.97191	36.7	60
dDocent_Contig_11923	1	408	6	160	39.2157	1.9902	35.2	42.7
dDocent_Contig_11924	1	373	8	298	79.8928	3.19035	35.7	60
dDocent_Contig_11926	1	396	61	394	99.4949	21.9444	36.1	60
dDocent_Contig_11927	1	409	99	404	98.7775	32.8582	35.9	54.3
dDocent_Contig_11928	1	225	8	184	81.7778	5.22222	35.3	60
dDocent_Contig_11943	1	379	51	368	97.0976	19.4749	35.8	60
dDocent_Contig_11952	1	387	48	362	93.5401	18.0233	36	46.1
dDocent_Contig_11953	1	354	23	332	93.7853	9.07345	36	60
dDocent_Contig_11954	1	411	17	360	87.5912	6.09976	36.6	60
dDocent_Contig_11964	1	340	42	339	99.7059	17.7529	35.4	60
dDocent_Contig_11977	1	365	13	269	73.6986	4.99178	35.6	60
dDocent_Contig_11979	1	370	15	337	91.0811	6.04054	34.9	60
dDocent_Contig_11986	1	315	16	314	99.6825	7.46032	36.4	60
dDocent_Contig_11987	1	370	9	234	63.2432	3.41622	35.6	60
dDocent_Contig_11992	1	408	29	354	86.7647	9.63971	36	59.6
dDocent_Contig_11993	1	314	23	312	99.3631	10.6624	36.1	60
dDocent_Contig_11995	1	359	23	358	99.7214	9.16156	35.7	60
dDocent_Contig_11997	1	353	18	315	89.2351	7.32295	35.9	60
dDocent_Contig_11998	1	367	37	365	99.455	14.1989	35.6	60
dDocent_Contig_12001	1	394	23	269	68.2741	6.02284	34.2	60
dDocent_Contig_12002	1	368	79	343	93.2065	30.8152	36.3	60
dDocent_Contig_12003	1	392	55	289	73.7245	19.8546	36.1	60
dDocent_Contig_12004	1	349	18	216	61.8911	7.2894	36.2	60
dDocent_Contig_12005	1	332	13	296	89.1566	5.71988	36.5	60
dDocent_Contig_12007	1	388	14	357	92.0103	5.10309	35.9	60
dDocent_Contig_12008	1	393	57	384	97.7099	21.3639	36.3	60
dDocent_Contig_12012	1	437	23	425	97.254	7.51716	35.2	60
dDocent_Contig_12014	1	352	124	347	98.5795	45.7614	35	59.1
dDocent_Contig_12018	1	439	28	371	84.5103	9.35308	36.5	60
dDocent_Contig_12020	1	307	16	284	92.5081	7.75244	36.2	60
dDocent_Contig_12024	1	338	34	266	78.6982	14.0444	36.3	60
dDocent_Contig_12027	1	323	3	174	53.87	1.33127	36.7	60
dDocent_Contig_12038	1	334	22	325	97.3054	9.50299	36.2	60
dDocent_Contig_12041	1	412	6	352	85.4369	2.17233	36.2	60
dDocent_Contig_12051	1	398	38	273	68.593	13.2412	36	60
dDocent_Contig_12053	1	304	34	295	97.0395	16.2533	35.5	60
dDocent_Contig_12065	1	305	12	298	97.7049	5.71803	35.6	60
dDocent_Contig_12068	1	244	24	240	98.3607	14.4754	36.4	60
dDocent_Contig_12075	1	336	64	336	100	26.9554	36.1	60
dDocent_Contig_12082	1	450	78	448	99.5556	25.4956	36.2	60
dDocent_Contig_12083	1	400	18	322	80.5	6.61	35.9	60
dDocent_Contig_12091	1	379	40	311	82.058	15.3298	35.7	60
dDocent_Contig_12093	1	360	12	285	79.1667	4.96389	35.2	60
dDocent_Contig_12099	1	407	12	203	49.8771	3.99017	36.8	60
dDocent_Contig_12105	1	229	631	228	99.5633	393.524	35.8	59.1
dDocent_Contig_12106	1	382	25	367	96.0733	9.7199	35.5	60
dDocent_Contig_12110	1	410	5	210	51.2195	1.81951	36.5	60
dDocent_Contig_12113	1	397	12	226	56.927	4.10076	36	60
dDocent_Contig_12116	1	386	11	240	62.1762	4.24611	36.3	60
dDocent_Contig_12122	1	340	16	258	75.8824	6.77941	36.4	60
dDocent_Contig_12135	1	325	51	324	99.6923	22.6092	36	60
dDocent_Contig_12136	1	402	22	354	88.0597	8.00995	36.4	60
dDocent_Contig_12150	1	479	45	476	99.3737	13.4823	36.3	60
dDocent_Contig_12161	1	312	8	311	99.6795	3.69231	36.6	30.4
dDocent_Contig_12162	1	284	11	268	94.3662	5.32042	36.6	60
dDocent_Contig_12163	1	402	20	384	95.5224	7.02239	36.4	56.6
dDocent_Contig_12164	1	334	43	333	99.7006	18.3144	36.6	60
dDocent_Contig_12165	1	395	17	347	87.8481	6.16456	36.2	60
dDocent_Contig_12169	1	410	9	312	76.0976	2.78293	36.1	60
dDocent_Contig_12171	1	377	38	375	99.4695	14.2308	36.5	60
dDocent_Contig_12173	1	393	16	328	83.4606	5.56234	36.3	60
dDocent_Contig_12176	1	412	46	389	94.4175	15.9199	35.5	60
dDocent_Contig_12181	1	381	13	366	96.063	5.02887	36.4	60
dDocent_Contig_12191	1	231	27	229	99.1342	16.2771	36.3	60
dDocent_Contig_12206	1	374	14	322	86.0963	5.56684	36.7	60
dDocent_Contig_12209	1	356	19	290	81.4607	7.50281	36.3	60
dDocent_Contig_12230	1	384	39	330	85.9375	14.5312	36	60
dDocent_Contig_12235	1	374	10	361	96.5241	3.8262	35	60
dDocent_Contig_12237	1	395	40	375	94.9367	14.4962	36.1	60
dDocent_Contig_12238	1	392	12	337	85.9694	4.31633	36.3	59.4
dDocent_Contig_12240	1	329	5	249	75.6839	2.07295	36.7	55.6
dDocent_Contig_12242	1	462	201	461	99.7835	62.2987	35.6	55.6
dDocent_Contig_12247	1	406	15	385	94.8276	4.84975	36	60
dDocent_Contig_12259	1	353	100	351	99.4334	39.9802	35.8	60
dDocent_Contig_12285	1	270	44	269	99.6296	23.7704	36	59.6
dDocent_Contig_12286	1	433	27	431	99.5381	8.96998	36.2	60
dDocent_Contig_12309	1	360	4	238	66.1111	1.58333	36.4	60
dDocent_Contig_12314	1	376	54	367	97.6064	20.0559	36	60
dDocent_Contig_12320	1	357	14	277	77.591	5.66106	36.1	60
dDocent_Contig_12324	1	323	19	298	92.2601	8.34365	35.9	60
dDocent_Contig_12327	1	377	21	375	99.4695	7.91777	35.6	60
dDocent_Contig_12328	1	281	11	256	91.1032	5.78292	36.2	60
dDocent_Contig_12334	1	432	31	373	86.3426	10.5023	36.1	60
dDocent_Contig_12338	1	410	45	388	94.6341	14.6585	35.3	59.4
dDocent_Contig_12340	1	377	9	231	61.2732	3.33422	36.5	60
dDocent_Contig_12345	1	313	7	289	92.3323	3.35463	36.7	60
dDocent_Contig_12351	1	286	76	275	96.1538	38.5664	36	60
dDocent_Contig_12357	1	362	9	254	70.1657	3.54144	36.7	60
dDocent_Contig_12361	1	378	57	359	94.9735	21.6164	36	60
dDocent_Contig_12364	1	325	38	323	99.3846	16.6769	35.8	60
dDocent_Contig_12365	1	378	11	263	69.5767	4.10317	36.3	60
dDocent_Contig_12371	1	305	46	303	99.3443	21.7082	36	60
dDocent_Contig_12378	1	284	19	256	90.1408	8.81338	36.2	60
dDocent_Contig_12379	1	440	5	297	67.5	1.70455	34.9	60
dDocent_Contig_12383	1	339	36	338	99.705	14.8024	35.9	60
dDocent_Contig_12386	1	351	11	342	97.4359	4.62393	36	60
dDocent_Contig_12392	1	396	11	299	75.5051	4.15404	36.9	60
dDocent_Contig_12404	1	354	36	315	88.9831	14.8136	36.5	60
dDocent_Contig_12406	1	312	23	311	99.6795	10.3526	36.3	60
dDocent_Contig_12418	1	426	58	336	78.8732	19.8239	35.9	60
dDocent_Contig_12419	1	404	6	197	48.7624	2.06931	36.8	60
dDocent_Contig_12420	1	285	7	244	85.614	3.62807	35.5	60
dDocent_Contig_12423	1	248	19	219	88.3065	11.2702	36	60
dDocent_Contig_12428	1	392	21	362	92.3469	7.82653	35.2	60
dDocent_Contig_12434	1	427	11	322	75.4098	3.55269	36.4	60
dDocent_Contig_12435	1	324	29	257	79.321	13.1852	34.9	60
dDocent_Contig_12436	1	409	4	234	57.2127	1.46699	35.6	60
dDocent_Contig_12438	1	453	29	345	76.1589	8.89845	36.4	60
dDocent_Contig_12440	1	328	23	327	99.6951	10.0335	35.3	60
dDocent_Contig_12448	1	374	25	373	99.7326	9.30749	36.3	60
dDocent_Contig_12453	1	378	4	172	45.5026	1.56878	36.5	60
dDocent_Contig_12454	1	432	10	228	52.7778	3.10648	36.8	54.4
dDocent_Contig_12455	1	395	18	298	75.443	6.53924	36.6	60
dDocent_Contig_12457	1	289	19	287	99.308	9.33564	35.6	60
dDocent_Contig_12458	1	246	10	241	97.9675	5.87398	36.7	60
dDocent_Contig_12460	1	286	20	285	99.6503	10.3392	35.1	60
dDocent_Contig_12461	1	412	10	322	78.1553	2.91505	36	60
dDocent_Contig_12463	1	364	6	212	58.2418	2.25824	36.4	60
dDocent_Contig_12464	1	362	46	355	98.0663	18.4144	36	60
dDocent_Contig_12465	1	387	43	385	99.4832	15.9845	36.3	59.5
dDocent_Contig_12470	1	376	19	364	96.8085	6.80585	36.1	57
dDocent_Contig_12481	1	410	34	333	81.2195	12.1854	35.7	60
dDocent_Contig_12482	1	377	28	367	97.3475	11.0557	35.9	60
dDocent_Contig_12486	1	418	8	234	55.9809	2.7512	34.6	60
dDocent_Contig_12487	1	395	13	284	71.8987	4.88608	35.4	60
dDocent_Contig_12495	1	315	13	259	82.2222	5.87619	35.3	60
dDocent_Contig_12496	1	406	19	378	93.1034	6.5936	36.6	60
dDocent_Contig_12501	1	398	45	302	75.8794	16.1307	35.9	60
dDocent_Contig_12503	1	481	4	191	39.7089	1.16008	36.7	60
dDocent_Contig_12506	1	307	25	305	99.3485	11.4365	36.6	60
dDocent_Contig_12511	1	444	38	299	67.3423	12.1374	36.6	60
dDocent_Contig_12516	1	395	20	316	80	7.3443	36	60
dDocent_Contig_12525	1	355	17	300	84.507	6.83944	36	60
dDocent_Contig_12526	1	406	60	282	69.4581	21.5246	35.8	60
dDocent_Contig_12532	1	388	207	380	97.9381	73.7887	35.9	57.8
dDocent_Contig_12533	1	386	11	343	88.8601	4.27202	35.8	60
dDocent_Contig_12538	1	370	83	369	99.7297	31.5622	34.3	60
dDocent_Contig_12545	1	356	60	354	99.4382	24.5084	35.8	59.8
dDocent_Contig_12574	1	473	32	417	88.1607	9.62791	35.7	56.9
dDocent_Contig_12597	1	365	14	328	89.863	5.49863	35.7	60
dDocent_Contig_12608	1	326	11	241	73.9264	4.94479	36.4	60
dDocent_Contig_12612	1	454	10	269	59.2511	2.90969	36.5	46.9
dDocent_Contig_12630	1	379	23	369	97.3615	8.79683	36.5	60
dDocent_Contig_12634	1	367	20	360	98.0926	7.89101	35.8	60
dDocent_Contig_12640	1	361	4	311	86.1496	1.56787	34	60
dDocent_Contig_12645	1	392	16	367	93.6224	6.06378	36	60
dDocent_Contig_12647	1	292	39	244	83.5616	18.887	36.2	60
dDocent_Contig_12649	1	300	7	282	94	3.38	36.5	60
dDocent_Contig_12655	1	342	44	340	99.4152	18.7427	36.1	60
dDocent_Contig_12657	1	278	17	275	98.9209	8.65108	36.5	60
dDocent_Contig_12658	1	299	28	277	92.6421	13.786	36.1	60
dDocent_Contig_12662	1	449	72	441	98.2183	22.8931	35.4	60
dDocent_Contig_12673	1	299	1	137	45.8194	0.458194	36.7	60
dDocent_Contig_12682	1	472	34	455	96.3983	10.214	36.4	60
dDocent_Contig_12687	1	392	72	360	91.8367	26.3571	36	60
dDocent_Contig_12690	1	372	51	369	99.1935	19.5296	35.9	60
dDocent_Contig_12692	1	418	23	378	90.4306	8	35.8	60
dDocent_Contig_12693	1	324	32	308	95.0617	14.2716	35.5	60
dDocent_Contig_12697	1	342	24	311	90.9357	9.78363	36	60
dDocent_Contig_12701	1	405	13	347	85.679	4.45432	35.7	60
dDocent_Contig_12708	1	405	54	331	81.7284	19.3901	35.6	60
dDocent_Contig_12711	1	286	1	150	52.4476	0.524476	36.3	60
dDocent_Contig_12713	1	274	14	271	98.9051	7.60219	36.5	60
dDocent_Contig_12719	1	459	30	271	59.0414	9.44227	36.2	60
dDocent_Contig_12725	1	351	9	291	82.906	3.31339	36.5	60
dDocent_Contig_12726	1	421	33	419	99.5249	10.9406	35.9	60
dDocent_Contig_12732	1	392	43	299	76.2755	15.1122	36.2	60
dDocent_Contig_12742	1	429	2	150	34.965	0.699301	36.4	60
dDocent_Contig_12760	1	385	40	341	88.5714	14.6571	35.8	60
dDocent_Contig_12761	1	248	13	247	99.5968	7.56855	35.6	60
dDocent_Contig_12774	1	372	11	288	77.4194	4.4328	36	60
dDocent_Contig_12777	1	360	23	293	81.3889	8.59722	35.8	60
dDocent_Contig_12801	1	395	21	393	99.4937	7.83038	35.5	60
dDocent_Contig_12817	1	392	30	391	99.7449	10.9464	36	60
dDocent_Contig_12819	1	342	2	98	28.655	0.573099	36.9	60
dDocent_Contig_12820	1	451	25	270	59.867	7.67849	36.5	60
dDocent_Contig_12833	1	417	15	216	51.7986	4.7506	36.7	60
dDocent_Contig_12839	1	362	38	362	100	14.1326	36.4	57.6
dDocent_Contig_12844	1	425	42	370	87.0588	13.9012	35.6	60
dDocent_Contig_12848	1	427	12	273	63.9344	3.83138	36.7	60
dDocent_Contig_12849	1	391	16	373	95.3964	5.94118	36	60
dDocent_Contig_12851	1	376	7	257	68.3511	2.31649	36.8	60
dDocent_Contig_12852	1	508	14	356	70.0787	4.11024	36.1	60
dDocent_Contig_12857	1	495	8	221	44.6465	2.39596	35.9	60
dDocent_Contig_12872	1	380	24	295	77.6316	9.06579	35.6	60
dDocent_Contig_12877	1	308	17	209	67.8571	7.50649	36.6	60
dDocent_Contig_12887	1	393	17	330	83.9695	6.20356	35.9	60
dDocent_Contig_12888	1	449	41	410	91.314	13.4432	36.2	60
dDocent_Contig_12901	1	325	36	324	99.6923	15.6554	35.9	60
dDocent_Contig_12910	1	246	10	212	86.1789	5.04065	36.6	60
dDocent_Contig_12911	1	393	7	241	61.3232	2.40458	34.4	60
dDocent_Contig_12926	1	358	24	355	99.162	9.91341	35.6	55
dDocent_Contig_12932	1	390	10	250	64.1026	3.50256	36.2	60
dDocent_Contig_12935	1	455	157	365	80.2198	50.1209	35.8	60
dDocent_Contig_12943	1	409	37	328	80.1956	13.2078	35.9	60
dDocent_Contig_12946	1	333	18	229	68.7688	7.81982	36	60
dDocent_Contig_12947	1	326	43	321	98.4663	19.0061	35.3	60
dDocent_Contig_12948	1	433	17	281	64.8961	5.27945	36.3	60
dDocent_Contig_12952	1	349	5	260	74.4986	2.01719	36.7	60
dDocent_Contig_12953	1	393	95	301	76.5903	34.6947	35.7	60
dDocent_Contig_12964	1	284	25	283	99.6479	12.7254	36	60
dDocent_Contig_12966	1	374	17	363	97.0588	6.36364	35.4	60
dDocent_Contig_12997	1	364	21	363	99.7253	8.06868	35.7	60
dDocent_Contig_12998	1	314	11	303	96.4968	5.08599	34.9	60
dDocent_Contig_13019	1	399	4	180	45.1128	1.47368	36.4	60
dDocent_Contig_13020	1	462	16	349	75.5411	4.35931	36.4	60
dDocent_Contig_13024	1	310	49	309	99.6774	23.2677	36.3	60
dDocent_Contig_13033	1	298	15	240	80.5369	6.60067	36.4	60
dDocent_Contig_13034	1	349	30	325	93.1232	12.1003	35.8	60
dDocent_Contig_13035	1	377	6	299	79.3103	2.29708	36.6	60
dDocent_Contig_13046	1	381	62	379	99.4751	24	36.1	60
dDocent_Contig_13050	1	251	11	246	98.008	6.38645	36.1	60
dDocent_Contig_13058	1	395	13	386	97.7215	4.38734	36	57.8
dDocent_Contig_13060	1	401	20	385	96.01	7.17706	36	60
dDocent_Contig_13062	1	425	31	354	83.2941	10.2	35.9	60
dDocent_Contig_13070	1	403	8	290	71.9603	2.23077	34.3	60
dDocent_Contig_13072	1	515	20	368	71.4563	5.29903	35.8	60
dDocent_Contig_13076	1	451	82	436	96.6741	26.4967	35.8	60
dDocent_Contig_13078	1	399	15	310	77.6942	5.44862	35.8	60
dDocent_Contig_13079	1	290	6	206	71.0345	2.33793	36.8	60
dDocent_Contig_13080	1	361	11	254	70.3601	4.1108	36.4	60
dDocent_Contig_13081	1	284	3	196	69.0141	1.57746	36.9	60
dDocent_Contig_13086	1	242	16	241	99.5868	9.00413	34.9	60
dDocent_Contig_13090	1	388	125	385	99.2268	45.1778	36	59.9
dDocent_Contig_13098	1	358	27	338	94.4134	11.2011	35.5	60
dDocent_Contig_13099	1	338	15	336	99.4083	6.45562	36.4	60
dDocent_Contig_13102	1	253	14	233	92.0949	7.917	35.6	60
dDocent_Contig_13103	1	319	10	261	81.8182	4.4953	35.5	60
dDocent_Contig_13105	1	344	23	322	93.6047	9.48547	36.2	60
dDocent_Contig_13109	1	334	9	334	100	3.84431	36.1	60
dDocent_Contig_13120	1	419	34	320	76.3723	11.4177	35.5	60
dDocent_Contig_13123	1	327	80	293	89.6024	33.4343	36.2	59.1
dDocent_Contig_13152	1	454	11	291	64.0969	3.59031	36.9	60
dDocent_Contig_13155	1	270	36	270	100	17.9556	36.3	60
dDocent_Contig_13158	1	327	6	292	89.2966	2.66361	35.9	60
dDocent_Contig_13159	1	365	12	269	73.6986	4.82192	35.9	60
dDocent_Contig_13160	1	274	23	272	99.2701	12.2299	35.9	60
dDocent_Contig_13161	1	319	28	311	97.4922	13.0752	36.4	60
dDocent_Contig_13162	1	346	20	294	84.9711	8.23699	35.7	57.2
dDocent_Contig_13172	1	389	5	198	50.8997	1.88689	35.3	60
dDocent_Contig_13173	1	402	10	302	75.1244	2.8209	36.2	60
dDocent_Contig_13176	1	382	16	311	81.4136	6.26178	35.3	60
dDocent_Contig_13181	1	389	26	354	91.0026	9.77892	36.6	60
dDocent_Contig_13191	1	380	24	378	99.4737	8.43421	35.2	60
dDocent_Contig_13193	1	251	15	249	99.2032	8.58566	36.2	60
dDocent_Contig_13194	1	311	70	310	99.6785	32.9003	36.2	60
dDocent_Contig_13204	1	432	66	357	82.6389	22.3287	35.5	60
dDocent_Contig_13210	1	295	7	184	62.3729	2.89492	36.6	60
dDocent_Contig_13213	1	316	10	309	97.7848	4.57278	36.8	60
dDocent_Contig_13214	1	439	11	381	86.7882	3.71526	36.6	60
dDocent_Contig_13216	1	373	15	322	86.3271	5.563	36.1	60
dDocent_Contig_13223	1	366	28	360	98.3607	10.3197	34.7	59.6
dDocent_Contig_13230	1	335	21	313	93.4328	8.97313	36.3	60
dDocent_Contig_13236	1	375	8	204	54.4	3.024	36.1	60
dDocent_Contig_13238	1	401	15	336	83.7905	5.18953	36.7	60
dDocent_Contig_13242	1	347	13	278	80.1153	5.04323	35.8	60
dDocent_Contig_13243	1	391	3	198	50.6394	0.782609	36.2	60
dDocent_Contig_13244	1	372	8	245	65.8602	1.89516	35.3	41.1
dDocent_Contig_13246	1	418	8	312	74.6411	2.79187	36.7	60
dDocent_Contig_13248	1	436	4	261	59.8624	1.36927	36.8	60
dDocent_Contig_13250	1	357	18	262	73.3894	7.52661	35.7	60
dDocent_Contig_13256	1	363	39	360	99.1736	15.5455	36.1	60
dDocent_Contig_13258	1	342	11	297	86.8421	4.80994	36.7	60
dDocent_Contig_13259	1	350	42	349	99.7143	17.5514	36.1	60
dDocent_Contig_13272	1	300	9	207	69	4.18667	35.9	60
dDocent_Contig_13280	1	365	4	198	54.2466	1.62192	36.9	60
dDocent_Contig_13281	1	360	69	359	99.7222	27.0222	36	59.7
dDocent_Contig_13282	1	350	16	307	87.7143	6.20286	36	60
dDocent_Contig_13283	1	357	28	286	80.112	10.8291	36.4	60
dDocent_Contig_13298	1	356	5	202	56.7416	2.00562	35.9	60
dDocent_Contig_13303	1	398	14	277	69.598	5.08794	36.5	60
dDocent_Contig_13304	1	335	16	333	99.403	6.60299	35.9	59.1
dDocent_Contig_13308	1	353	7	244	69.1218	2.97167	34.3	60
dDocent_Contig_13310	1	332	25	331	99.6988	10.7108	35.8	60
dDocent_Contig_13312	1	283	19	200	70.6714	9.34276	36	60
dDocent_Contig_13321	1	431	30	353	81.9026	9.97448	35.6	60
dDocent_Contig_13327	1	394	3	193	48.9848	1.11675	36.8	60
dDocent_Contig_13328	1	401	3	298	74.3142	0.995012	36.7	52.7
dDocent_Contig_13330	1	318	9	311	97.7987	3.72327	36.2	60
dDocent_Contig_13331	1	426	8	246	57.7465	2.64085	36.4	56
dDocent_Contig_13333	1	423	9	214	50.591	3.06383	36.6	60
dDocent_Contig_13347	1	364	9	308	84.6154	3.52473	36.1	60
dDocent_Contig_13350	1	360	7	223	61.9444	2.54722	35.3	60
dDocent_Contig_13352	1	305	55	303	99.3443	26.0852	36.4	60
dDocent_Contig_13363	1	370	384	362	97.8378	145.243	36	59.9
dDocent_Contig_13367	1	461	15	274	59.436	4.83948	36	60
dDocent_Contig_13369	1	426	57	415	97.4178	18.8333	36.2	60
dDocent_Contig_13374	1	301	18	289	96.0133	8.25581	36.4	60
dDocent_Contig_13375	1	367	20	296	80.654	7.6376	36.2	60
dDocent_Contig_13377	1	387	7	278	71.8346	2.44186	36.5	60
dDocent_Contig_13381	1	340	4	306	90	1.74118	36.6	60
dDocent_Contig_13383	1	272	4	185	68.0147	1.83824	36.8	60
dDocent_Contig_13387	1	309	7	261	84.466	3.07443	36.3	60
dDocent_Contig_13388	1	276	3	223	80.7971	1.63043	36.9	60
dDocent_Contig_13389	1	335	17	290	86.5672	7.19701	36.1	60
dDocent_Contig_13390	1	393	3	142	36.1323	1.07888	36.8	60
dDocent_Contig_13394	1	335	5	326	97.3134	2.09552	36.6	60
dDocent_Contig_13396	1	401	42	362	90.2743	15.1347	35.6	60
dDocent_Contig_13400	1	425	9	233	54.8235	3.11765	36.5	60
dDocent_Contig_13403	1	386	25	384	99.4819	9.60622	36	60
dDocent_Contig_13404	1	341	42	313	91.7889	17.0499	35.2	60
dDocent_Contig_13406	1	348	32	346	99.4253	13.4626	36.7	60
dDocent_Contig_13427	1	438	8	173	39.4977	2.3379	36.1	60
dDocent_Contig_13428	1	420	20	375	89.2857	7.02381	36.4	60
dDocent_Contig_13434	1	396	25	348	87.8788	8.24242	36.1	60
dDocent_Contig_13435	1	329	23	322	97.8723	10.228	36	60
dDocent_Contig_13437	1	469	53	466	99.3603	15.6418	36.1	60
dDocent_Contig_13438	1	414	33	351	84.7826	11.2923	36.2	60
dDocent_Contig_13443	1	362	24	360	99.4475	9.51105	35.8	60
dDocent_Contig_13449	1	391	7	278	71.0997	2.65729	36.3	60
dDocent_Contig_13451	1	391	18	314	80.3069	6.60358	36	60
dDocent_Contig_13456	1	392	32	379	96.6837	11.7908	36.5	60
dDocent_Contig_13461	1	375	43	375	100	17.024	35.9	60
dDocent_Contig_13470	1	316	17	232	73.4177	7.62025	36.1	60
dDocent_Contig_13471	1	264	18	241	91.2879	10.1326	35.7	60
dDocent_Contig_13472	1	462	21	384	83.1169	6.41342	35.8	60
dDocent_Contig_13473	1	305	2	160	52.459	0.983607	36.6	60
dDocent_Contig_13480	1	352	5	270	76.7045	1.96023	35.4	60
dDocent_Contig_13491	1	388	18	381	98.1959	6.83505	35.2	60
dDocent_Contig_13500	1	339	8	275	81.1209	3.26844	34.9	60
dDocent_Contig_13504	1	427	36	367	85.9485	12.2482	36.4	60
dDocent_Contig_13505	1	459	11	409	89.1068	2.93246	35.6	50.6
dDocent_Contig_13508	1	484	55	428	88.4298	16.2066	36.1	60
dDocent_Contig_13509	1	347	13	235	67.7233	5.38329	36.8	60
dDocent_Contig_13511	1	391	61	296	75.7033	22.0051	36.2	60
dDocent_Contig_13512	1	408	36	352	86.2745	12.6324	36.1	60
dDocent_Contig_13513	1	336	31	335	99.7024	12.8661	35.8	60
dDocent_Contig_13517	1	401	40	378	94.2643	14.2793	35.7	60
dDocent_Contig_13523	1	351	15	271	77.208	6.32764	35.3	60
dDocent_Contig_13526	1	295	11	260	88.1356	5.18983	36.2	60
dDocent_Contig_13527	1	395	24	277	70.1266	8.79747	36.3	58.2
dDocent_Contig_13534	1	415	84	391	94.2169	28.1639	36.1	59.2
dDocent_Contig_13546	1	435	30	433	99.5402	10.0023	36	60
dDocent_Contig_13547	1	401	55	315	78.5536	17.0549	35.2	59.3
dDocent_Contig_13548	1	339	22	331	97.6401	9.35693	36.3	60
dDocent_Contig_13550	1	452	98	434	96.0177	31.0354	35.8	60
dDocent_Contig_13553	1	349	4	155	44.4126	1.63897	36.5	60
dDocent_Contig_13554	1	272	22	256	94.1176	11.0331	36.4	60
dDocent_Contig_13556	1	372	43	362	97.3118	15.8763	35.7	60
dDocent_Contig_13557	1	376	167	357	94.9468	55.9601	35.2	60
dDocent_Contig_13561	1	432	10	278	64.3519	3.29861	35.4	60
dDocent_Contig_13564	1	369	173	369	100	61.8157	36	56.2
dDocent_Contig_13571	1	277	7	268	96.7509	3.68953	36.8	60
dDocent_Contig_13575	1	300	30	270	90	14	35.7	60
dDocent_Contig_13576	1	353	31	283	80.17	12.5042	35.9	60
dDocent_Contig_13579	1	314	37	311	99.0446	16.258	35.9	60
dDocent_Contig_13580	1	376	37	374	99.4681	14.3537	36.3	60
dDocent_Contig_13585	1	308	13	259	84.0909	5.71429	36.1	60
dDocent_Contig_13588	1	374	20	335	89.5722	7.56952	36.4	60
dDocent_Contig_13595	1	366	25	365	99.7268	9.97541	35.8	60
dDocent_Contig_13596	1	301	7	269	89.3688	3.40532	35.8	60
dDocent_Contig_13597	1	458	23	394	86.0262	7.01747	36.5	60
dDocent_Contig_13598	1	283	35	272	96.1131	18.1908	35.7	60
dDocent_Contig_13599	1	358	20	350	97.7654	7.72346	36.5	60
dDocent_Contig_13600	1	246	10	233	94.7154	5.99187	35.6	60
dDocent_Contig_13603	1	388	39	386	99.4845	14.2577	35.1	60
dDocent_Contig_13607	1	390	55	389	99.7436	19.7103	35.3	60
dDocent_Contig_13612	1	310	24	286	92.2581	11.3065	36.2	60
dDocent_Contig_13617	1	367	55	347	94.5504	21.7657	35.8	59.6
dDocent_Contig_13621	1	389	39	265	68.1234	14.0051	35.8	60
dDocent_Contig_13622	1	352	4	156	44.3182	1.05114	36.8	60
dDocent_Contig_13626	1	427	38	282	66.0422	12.5855	35.8	60
dDocent_Contig_13633	1	280	28	273	97.5	13.9107	35.7	60
dDocent_Contig_13640	1	385	15	309	80.2597	5.76883	35.8	60
dDocent_Contig_13643	1	410	88	410	100	30.7707	36.1	60
dDocent_Contig_13648	1	283	6	244	86.2191	3.18021	36.6	60
dDocent_Contig_13649	1	407	10	235	57.7396	3.6855	36.7	60
dDocent_Contig_13650	1	306	75	302	98.6928	34.8758	35.5	59.7
dDocent_Contig_13651	1	392	14	331	84.4388	4.8648	36.5	60
dDocent_Contig_13658	1	357	44	333	93.2773	17.9608	35.9	60
dDocent_Contig_13659	1	341	25	339	99.4135	10.8768	36.5	60
dDocent_Contig_13660	1	292	33	290	99.3151	15.1267	35.8	55.5
dDocent_Contig_13662	1	384	10	367	95.5729	3.54688	36.6	60
dDocent_Contig_13663	1	393	35	319	81.1705	12.6056	35.7	60
dDocent_Contig_13664	1	400	53	398	99.5	18.5075	35.7	60
dDocent_Contig_13668	1	300	41	299	99.6667	20.1233	36.2	60
dDocent_Contig_13669	1	397	90	396	99.7481	32.1134	35.9	60
dDocent_Contig_13673	1	341	14	325	95.3079	6.08798	35.8	60
dDocent_Contig_13675	1	377	63	376	99.7347	20.87	34.7	59.4
dDocent_Contig_13686	1	371	27	297	80.0539	10.4933	35.7	60
dDocent_Contig_13688	1	360	14	281	78.0556	5.38333	35.6	60
dDocent_Contig_13693	1	396	54	305	77.0202	19.9773	36.2	60
dDocent_Contig_13702	1	415	53	399	96.1446	17.6458	35.5	60
dDocent_Contig_13706	1	390	24	389	99.7436	8.85385	36.1	60
dDocent_Contig_13707	1	318	25	317	99.6855	11.544	36.4	60
dDocent_Contig_13709	1	404	36	368	91.0891	12.8738	36.4	60
dDocent_Contig_13713	1	376	12	374	99.4681	4.49202	36.1	60
dDocent_Contig_13715	1	387	7	234	60.4651	2.71318	36.8	60
dDocent_Contig_13725	1	352	107	348	98.8636	39.6761	35.8	60
dDocent_Contig_13726	1	322	24	320	99.3789	10.8789	35.7	60
dDocent_Contig_13729	1	482	41	392	81.3278	11.6929	34.9	59.8
dDocent_Contig_13730	1	436	17	381	87.3853	5.44725	35.5	60
dDocent_Contig_13731	1	380	22	380	100	8.27105	35.7	60
dDocent_Contig_13748	1	437	18	347	79.405	5.90847	35.9	56
dDocent_Contig_13755	1	495	24	444	89.697	7.11717	35.7	60
dDocent_Contig_13761	1	394	46	348	88.3249	16.6244	36.5	59.8
dDocent_Contig_13762	1	301	11	219	72.7575	5.37874	36.6	60
dDocent_Contig_13767	1	310	15	288	92.9032	6.53871	35.8	60
dDocent_Contig_13778	1	323	28	265	82.0433	12.1548	36	60
dDocent_Contig_13783	1	294	23	266	90.4762	10.483	36.2	60
dDocent_Contig_13799	1	346	19	280	80.9249	8.04913	35.6	60
dDocent_Contig_13810	1	376	52	372	98.9362	20.3218	36	60
dDocent_Contig_13827	1	329	27	284	86.3222	11.6018	36.4	60
dDocent_Contig_13829	1	430	18	277	64.4186	5.65581	36.3	60
dDocent_Contig_13837	1	256	28	255	99.6094	16.0117	35.8	60
dDocent_Contig_13843	1	356	21	328	92.1348	8.4073	36.6	60
dDocent_Contig_13866	1	366	13	280	76.5027	5.20492	35.7	60
dDocent_Contig_13873	1	444	47	261	58.7838	15.1892	36.3	60
dDocent_Contig_13879	1	404	35	283	70.0495	12.3762	36.2	60
dDocent_Contig_13884	1	390	27	390	100	10.2641	35.5	60
dDocent_Contig_13886	1	396	28	285	71.9697	8.34596	36.3	51.2
dDocent_Contig_13889	1	349	34	333	95.4155	14.1891	36.2	60
dDocent_Contig_13890	1	337	11	331	98.2196	4.71217	36.7	60
dDocent_Contig_13892	1	346	16	316	91.3295	6.40462	35.1	60
dDocent_Contig_13902	1	407	26	407	100	9.0172	36.3	60
dDocent_Contig_13904	1	390	8	236	60.5128	3.07692	35.7	60
dDocent_Contig_13908	1	386	6	303	78.4974	2.06218	36.4	60
dDocent_Contig_13930	1	354	3	195	55.0847	1.22881	36.8	60
dDocent_Contig_13931	1	398	25	259	65.0754	9.00754	36.6	60
dDocent_Contig_13938	1	372	25	310	83.3333	9.82527	35.9	60
dDocent_Contig_13942	1	277	27	258	93.1408	13.278	35.5	60
dDocent_Contig_13947	1	313	13	245	78.2748	5.38658	36	60
dDocent_Contig_13948	1	357	26	338	94.6779	10.9104	36.5	60
dDocent_Contig_13949	1	404	33	318	78.7129	12.0916	36	60
dDocent_Contig_13950	1	327	125	312	95.4128	50.9358	35.4	60
dDocent_Contig_13951	1	384	90	383	99.7396	34.1042	36.1	60
dDocent_Contig_13960	1	481	6	386	80.2495	1.8711	34.5	46.7
dDocent_Contig_13961	1	283	22	253	89.3993	11.265	35.5	60
dDocent_Contig_13978	1	388	10	227	58.5052	3.62629	35.9	60
dDocent_Contig_13987	1	419	11	197	47.0167	3.31504	36	60
dDocent_Contig_14019	1	406	53	382	94.0887	18.1108	35.7	58.1
dDocent_Contig_14024	1	391	107	384	98.2097	40.6292	36.3	60
dDocent_Contig_14036	1	369	12	360	97.561	4.80488	35.3	60
dDocent_Contig_14038	1	409	9	207	50.6112	3.13203	35.8	60
dDocent_Contig_14039	1	276	9	276	100	4.60145	36.8	60
dDocent_Contig_14046	1	367	17	352	95.9128	6.68937	35.9	60
dDocent_Contig_14074	1	445	41	439	98.6517	13.1798	36.3	57.7
dDocent_Contig_14090	1	387	25	368	95.0904	9.03876	35.5	60
dDocent_Contig_14091	1	337	36	325	96.4392	14.0801	35.8	60
dDocent_Contig_14093	1	459	32	225	49.0196	9.12418	36.1	53.2
dDocent_Contig_14097	1	328	28	303	92.378	12.247	36.2	60
dDocent_Contig_14098	1	370	14	296	80	5.45405	36.5	60
dDocent_Contig_14101	1	340	26	288	84.7059	11.2	35.4	60
dDocent_Contig_14106	1	404	8	173	42.8218	2.32673	36.2	60
dDocent_Contig_14113	1	281	28	279	99.2883	14.2811	36.4	60
dDocent_Contig_14124	1	493	45	464	94.1176	12.7586	35.7	60
dDocent_Contig_14129	1	365	24	337	92.3288	8.69589	35.6	59.8
dDocent_Contig_14130	1	339	20	266	78.4661	8.25664	36.1	60
dDocent_Contig_14138	1	264	4	233	88.2576	2.14394	34.5	60
dDocent_Contig_14144	1	365	47	364	99.726	18.9945	35.9	60
dDocent_Contig_14156	1	399	23	397	99.4987	8.57393	36.3	60
dDocent_Contig_14157	1	261	31	258	98.8506	16.8544	35.3	60
dDocent_Contig_14159	1	399	13	281	70.4261	4.78947	36.2	60
dDocent_Contig_14160	1	448	212	447	99.7768	67.0112	36.1	60
dDocent_Contig_14171	1	397	32	294	74.0554	11.2141	35.9	57.9
dDocent_Contig_14173	1	292	14	258	88.3562	7.09589	35.5	60
dDocent_Contig_14183	1	412	24	292	70.8738	8.67961	36.2	60
dDocent_Contig_14184	1	468	82	447	95.5128	24.9509	35.9	60
dDocent_Contig_14187	1	251	9	247	98.4064	5.13944	36.6	60
dDocent_Contig_14189	1	369	10	313	84.8238	3.88347	36.5	60
dDocent_Contig_14194	1	377	8	305	80.9019	2.89125	36	60
dDocent_Contig_14198	1	347	17	262	75.5043	7.29395	35.7	60
dDocent_Contig_14205	1	340	1	150	44.1176	0.441176	36.9	60
dDocent_Contig_14209	1	357	2	217	60.7843	0.840336	36.6	60
dDocent_Contig_14216	1	384	52	287	74.7396	16.4557	35.6	60
dDocent_Contig_14220	1	429	16	381	88.8112	5.34732	36.4	60
dDocent_Contig_14221	1	389	9	262	67.3522	3.24679	35.4	60
dDocent_Contig_14228	1	333	21	332	99.6997	9.18619	36.1	60
dDocent_Contig_14229	1	340	30	335	98.5294	12.9441	35.9	60
dDocent_Contig_14242	1	378	58	311	82.2751	22.1455	35.9	60
dDocent_Contig_14251	1	351	24	256	72.9345	9.8433	36.5	60
dDocent_Contig_14255	1	341	95	325	95.3079	39.9941	35.7	59.5
dDocent_Contig_14257	1	304	12	263	86.5132	5.63487	35.7	60
dDocent_Contig_14258	1	355	10	353	99.4366	4.11549	36.6	60
dDocent_Contig_14266	1	263	10	262	99.6198	5.65399	36.1	60
dDocent_Contig_14277	1	440	34	405	92.0455	11.3636	36	60
dDocent_Contig_14280	1	467	36	375	80.2998	11.2463	35.6	60
dDocent_Contig_14288	1	305	23	235	77.0492	10.9213	36.2	60
dDocent_Contig_14292	1	385	47	378	98.1818	17.7065	35.9	60
dDocent_Contig_14293	1	329	1	150	45.5927	0.455927	35.1	60
dDocent_Contig_14296	1	271	22	264	97.417	10.9188	35.8	59.8
dDocent_Contig_14298	1	441	26	318	72.1088	8.41043	36.3	60
dDocent_Contig_14299	1	362	30	344	95.0276	11.8895	36.8	60
dDocent_Contig_14314	1	396	23	394	99.4949	8.65909	36.1	60
dDocent_Contig_14315	1	377	45	330	87.5332	17.5146	36.1	60
dDocent_Contig_14316	1	387	21	297	76.7442	7.88372	35.8	60
dDocent_Contig_14317	1	408	19	255	62.5	5.59559	34.8	58.3
dDocent_Contig_14319	1	355	23	318	89.5775	9.20282	36.1	60
dDocent_Contig_14324	1	443	30	419	94.5824	9.75395	36.4	60
dDocent_Contig_14325	1	302	9	300	99.3377	4.06954	36	60
dDocent_Contig_14336	1	405	20	284	70.1235	7.16543	36.3	60
dDocent_Contig_14343	1	352	14	219	62.2159	5.6733	36.1	60
dDocent_Contig_14346	1	413	22	310	75.0605	7.35351	35.4	60
dDocent_Contig_14347	1	358	13	272	75.9777	5.39944	35.7	60
dDocent_Contig_14353	1	330	52	328	99.3939	22.5303	36	60
dDocent_Contig_14356	1	358	18	227	63.4078	7.12849	36.5	60
dDocent_Contig_14357	1	410	11	293	71.4634	3.98293	35	60
dDocent_Contig_14360	1	353	35	352	99.7167	14.2918	36	60
dDocent_Contig_14362	1	395	29	354	89.6203	10.7443	35.8	60
dDocent_Contig_14365	1	394	107	383	97.2081	38.8223	35.2	60
dDocent_Contig_14368	1	379	10	173	45.6464	3.83641	36.4	60
dDocent_Contig_14372	1	394	11	330	83.7563	3.95939	36.2	60
dDocent_Contig_14375	1	340	7	259	76.1765	2.92647	36.8	60
dDocent_Contig_14381	1	436	3	215	49.3119	0.926606	36.8	60
dDocent_Contig_14383	1	373	23	264	70.7775	8.99464	35.9	60
dDocent_Contig_14384	1	346	75	344	99.422	31.6705	35.8	58.6
dDocent_Contig_14397	1	322	26	318	98.7578	11.4596	35.5	60
dDocent_Contig_14404	1	374	18	363	97.0588	7.03476	35.9	60
dDocent_Contig_14409	1	274	34	273	99.635	18.2664	35.4	60
dDocent_Contig_14417	1	262	7	207	79.0076	3.66412	36.5	60
dDocent_Contig_14418	1	382	22	329	86.1257	8.2644	36.4	60
dDocent_Contig_14423	1	348	17	268	77.0115	7.08908	36.2	60
dDocent_Contig_14427	1	396	11	253	63.8889	4.10101	35.4	60
dDocent_Contig_14428	1	423	32	269	63.5934	10.6028	36.7	60
dDocent_Contig_14429	1	351	30	272	77.4929	12.1311	36.2	60
dDocent_Contig_14430	1	388	12	291	75	4.57216	35.9	60
dDocent_Contig_14432	1	441	31	375	85.034	10.0295	35.8	60
dDocent_Contig_14434	1	402	36	400	99.5025	12.903	36.2	60
dDocent_Contig_14435	1	375	15	296	78.9333	5.69067	35.8	60
dDocent_Contig_14449	1	306	33	274	89.5425	15.134	35.4	60
dDocent_Contig_14453	1	386	5	240	62.1762	1.93523	35.8	60
dDocent_Contig_14463	1	359	2	300	83.5655	0.835655	36.1	60
dDocent_Contig_14464	1	325	11	205	63.0769	5.00308	34.7	60
dDocent_Contig_14466	1	343	83	336	97.9592	34.4315	36.3	60
dDocent_Contig_14467	1	411	47	266	64.7202	15.8005	34.5	60
dDocent_Contig_14468	1	234	12	223	95.2991	7.11111	36.2	60
dDocent_Contig_14469	1	335	38	334	99.7015	16.3194	36.1	60
dDocent_Contig_14470	1	454	34	321	70.7048	11.0044	35.7	60
dDocent_Contig_14479	1	389	10	347	89.2031	3.43445	36.1	60
dDocent_Contig_14481	1	394	19	393	99.7462	7.20051	36.2	60
dDocent_Contig_14482	1	406	1	150	36.9458	0.369458	36.5	60
dDocent_Contig_14489	1	407	11	338	83.0467	3.9312	35.4	60
dDocent_Contig_14490	1	440	18	370	84.0909	5.74773	36	53.7
dDocent_Contig_14491	1	313	82	274	87.5399	35.1438	35.9	60
dDocent_Contig_14495	1	305	20	274	89.8361	9.68852	36	60
dDocent_Contig_14511	1	298	13	242	81.2081	6.15436	35.6	60
dDocent_Contig_14514	1	353	12	284	80.4533	4.54958	34.7	59.3
dDocent_Contig_14524	1	400	15	360	90	5.59	36.2	60
dDocent_Contig_14529	1	396	25	394	99.4949	8.89141	35.3	57.5
dDocent_Contig_14532	1	347	1	150	43.2277	0.432277	36.7	60
dDocent_Contig_14539	1	368	39	335	91.0326	15.2174	35.2	59.4
dDocent_Contig_14540	1	386	20	384	99.4819	6.98964	36	57.6
dDocent_Contig_14544	1	343	11	242	70.5539	4.72595	36.5	60
dDocent_Contig_14548	1	417	5	325	77.9376	1.79856	35.7	60
dDocent_Contig_14549	1	390	51	389	99.7436	19.1821	35.6	60
dDocent_Contig_14551	1	353	8	335	94.9008	3.39943	36.4	60
dDocent_Contig_14552	1	353	22	329	93.2011	9.22663	36.3	60
dDocent_Contig_14553	1	311	247	309	99.3569	109.386	36.1	59.6
dDocent_Contig_14554	1	427	109	425	99.5316	36.4005	36.2	60
dDocent_Contig_14555	1	252	2	158	62.6984	1.19048	36.8	60
dDocent_Contig_14556	1	317	12	245	77.2871	5.39432	35.5	60
dDocent_Contig_14557	1	262	18	261	99.6183	10.1298	35.5	60
dDocent_Contig_14561	1	347	13	223	64.2651	5.41787	36.1	60
dDocent_Contig_14563	1	374	32	322	86.0963	12.1444	36.5	60
dDocent_Contig_14566	1	344	30	343	99.7093	12.1076	36	60
dDocent_Contig_14572	1	405	22	329	81.2346	7.93333	35.9	60
dDocent_Contig_14587	1	372	40	370	99.4624	15.5887	35.8	60
dDocent_Contig_14590	1	423	18	291	68.7943	6.16076	35.5	60
dDocent_Contig_14599	1	379	6	226	59.6306	2.2533	36.3	60
dDocent_Contig_14600	1	282	10	260	92.1986	5.29078	35.8	60
dDocent_Contig_14603	1	425	6	304	71.5294	1.84235	35.7	60
dDocent_Contig_14611	1	419	22	399	95.2267	7.75418	35.4	60
dDocent_Contig_14630	1	365	8	180	49.3151	3.06849	36.7	60
dDocent_Contig_14637	1	336	16	321	95.5357	7.04464	35	60
dDocent_Contig_14639	1	317	9	184	58.0442	4.11041	36.6	60
dDocent_Contig_14664	1	395	10	292	73.9241	3.67848	36.5	55.4
dDocent_Contig_14667	1	373	23	361	96.7828	9.1689	35.9	60
dDocent_Contig_14670	1	312	19	277	88.7821	8.4359	36.3	60
dDocent_Contig_14687	1	345	38	343	99.4203	15.6203	36.5	60
dDocent_Contig_14699	1	432	24	274	63.4259	8.05324	35.6	60
dDocent_Contig_14710	1	374	9	229	61.2299	3.28877	36.5	60
dDocent_Contig_14724	1	363	16	346	95.3168	6.31405	36.1	60
dDocent_Contig_14727	1	439	28	295	67.1982	8.86105	35.2	60
dDocent_Contig_14733	1	332	10	278	83.7349	4.18976	36.3	58
dDocent_Contig_14742	1	317	4	184	58.0442	1.62776	37	60
dDocent_Contig_14743	1	322	25	268	83.2298	11.4224	36.5	60
dDocent_Contig_14753	1	486	44	382	78.6008	13.0988	36.1	60
dDocent_Contig_14754	1	407	13	265	65.1106	4.56757	35	60
dDocent_Contig_14764	1	289	46	287	99.308	22.1107	35.8	60
dDocent_Contig_14769	1	369	12	307	83.1978	4.66938	36.5	60
dDocent_Contig_14772	1	282	17	278	98.5816	8.89716	35.8	60
dDocent_Contig_14777	1	435	40	424	97.4713	13.4414	35.7	60
dDocent_Contig_14778	1	341	1	124	36.3636	0.363636	37	60
dDocent_Contig_14782	1	405	11	229	56.5432	3.66173	36.4	60
dDocent_Contig_14793	1	393	25	371	94.402	9.21883	35.5	60
dDocent_Contig_14796	1	354	16	318	89.8305	6.25141	36.4	60
dDocent_Contig_14799	1	414	9	242	58.4541	3.25604	36.5	60
dDocent_Contig_14802	1	338	17	337	99.7041	6.99704	36.4	60
dDocent_Contig_14807	1	317	88	314	99.0536	39.4132	35.8	59.2
dDocent_Contig_14810	1	350	41	348	99.4286	16.3457	35.7	60
dDocent_Contig_14812	1	401	7	317	79.0524	2.50873	35.3	60
dDocent_Contig_14819	1	348	21	311	89.3678	8.01149	35.9	60
dDocent_Contig_14820	1	471	21	291	61.7834	6.43737	36.1	60
dDocent_Contig_14831	1	395	80	392	99.2405	28.719	35.6	60
dDocent_Contig_14838	1	439	50	332	75.6264	15.713	35.6	60
dDocent_Contig_14849	1	362	22	316	87.2928	8.9337	35.4	60
dDocent_Contig_14864	1	383	6	263	68.6684	2.29504	34.5	60
dDocent_Contig_14869	1	427	19	264	61.8267	6.11944	36.3	60
dDocent_Contig_14881	1	428	27	392	91.5888	8.94393	35.6	60
dDocent_Contig_14902	1	465	32	463	99.5699	10.0903	36.2	60
dDocent_Contig_14926	1	456	155	451	98.9035	48.489	36	60
dDocent_Contig_14936	1	382	20	229	59.9476	7.14136	36.8	60
dDocent_Contig_14944	1	374	8	239	63.9037	2.91711	35.8	60
dDocent_Contig_14963	1	363	13	335	92.2865	5.35537	36.2	60
dDocent_Contig_14987	1	343	6	300	87.4636	2.48105	35.6	60
dDocent_Contig_14988	1	412	14	262	63.5922	4.57282	34.6	60
dDocent_Contig_14990	1	416	24	380	91.3462	7.80529	36.1	60
dDocent_Contig_14992	1	368	36	367	99.7283	14.0489	36.3	60
dDocent_Contig_15003	1	357	313	353	98.8796	126.908	36.1	49.9
dDocent_Contig_15004	1	403	5	169	41.9355	1.59801	36.9	60
dDocent_Contig_15007	1	338	28	290	85.7988	11.9704	35.8	60
dDocent_Contig_15013	1	368	12	292	79.3478	4.84783	35.9	60
dDocent_Contig_15020	1	372	20	291	78.2258	7.58602	36.6	60
dDocent_Contig_15024	1	262	14	232	88.5496	7.51908	36.5	54.3
dDocent_Contig_15028	1	337	8	306	90.8012	3.56083	36.6	60
dDocent_Contig_15038	1	436	21	396	90.8257	6.83028	34.6	60
dDocent_Contig_15039	1	359	59	358	99.7214	23.6156	35.6	60
dDocent_Contig_15040	1	360	22	357	99.1667	8.51667	35.9	60
dDocent_Contig_15048	1	385	29	286	74.2857	10.2935	35.4	60
dDocent_Contig_15050	1	428	51	422	98.5981	17.2103	36.2	60
dDocent_Contig_15054	1	379	60	377	99.4723	22.6253	35.9	60
dDocent_Contig_15068	1	329	8	220	66.8693	3.07599	36.3	60
dDocent_Contig_15088	1	399	21	355	88.9724	7.48371	36.4	60
dDocent_Contig_15090	1	404	6	288	71.2871	2.2104	34.3	60
dDocent_Contig_15091	1	426	8	273	64.0845	2.723	35.7	60
dDocent_Contig_15097	1	380	5	208	54.7368	1.77632	31.3	60
dDocent_Contig_15101	1	382	3	207	54.1885	1.11257	35.1	60
dDocent_Contig_15102	1	372	11	256	68.8172	4.1371	36.4	60
dDocent_Contig_15117	1	278	17	265	95.3237	8.58273	36	60
dDocent_Contig_15122	1	417	30	388	93.0456	10.0624	36.2	60
dDocent_Contig_15134	1	325	24	318	97.8462	10.9323	35.8	60
dDocent_Contig_15145	1	414	148	409	98.7923	51.0918	36	39.2
dDocent_Contig_15180	1	333	8	226	67.8679	3.30931	36.1	59.8
dDocent_Contig_15186	1	376	10	316	84.0426	3.53191	35.8	60
dDocent_Contig_15201	1	415	82	322	77.5904	26.4916	35.9	60
dDocent_Contig_15209	1	461	11	419	90.8894	3.27332	35.9	60
dDocent_Contig_15210	1	323	18	311	96.2848	7.7709	36.4	60
dDocent_Contig_15211	1	399	15	331	82.9574	5.62657	36.1	60
dDocent_Contig_15212	1	390	13	381	97.6923	4.80769	35.8	60
dDocent_Contig_15216	1	460	33	338	73.4783	10.4326	35.8	60
dDocent_Contig_15218	1	380	68	375	98.6842	25.7316	36	60
dDocent_Contig_15229	1	356	12	173	48.5955	4.40169	35.4	60
dDocent_Contig_15235	1	396	33	384	96.9697	12.4141	36.1	60
dDocent_Contig_15236	1	357	39	343	96.0784	15.9216	36.2	60
dDocent_Contig_15240	1	415	53	363	87.4699	18.1446	35.8	58.7
dDocent_Contig_15250	1	396	51	389	98.2323	18.9116	36.1	60
dDocent_Contig_15258	1	364	2	194	53.2967	0.824176	36	60
dDocent_Contig_15259	1	411	15	386	93.9173	5.33577	35.5	60
dDocent_Contig_15260	1	393	55	345	87.7863	20.3944	36	60
dDocent_Contig_15263	1	410	48	346	84.3902	16.5317	36.4	60
dDocent_Contig_15273	1	389	7	225	57.8406	2.1054	36.8	60
dDocent_Contig_15278	1	291	1	138	47.4227	0.474227	36.2	60
dDocent_Contig_15280	1	393	31	354	90.0763	11.285	36.1	60
dDocent_Contig_15282	1	386	160	383	99.2228	54.4093	34.7	60
dDocent_Contig_15285	1	425	16	365	85.8824	5.44471	36	60
dDocent_Contig_15291	1	334	21	278	83.2335	8.67665	35.6	60
dDocent_Contig_15292	1	439	29	435	99.0888	9.83144	35.6	60
dDocent_Contig_15294	1	436	18	400	91.7431	6.00229	35.9	60
dDocent_Contig_15296	1	373	22	281	75.3351	8.30295	36.5	60
dDocent_Contig_15302	1	389	28	278	71.4653	10.3136	35.7	60
dDocent_Contig_15305	1	338	27	338	100	11.9112	36	60
dDocent_Contig_15306	1	391	513	388	99.2327	182.555	35.9	59
dDocent_Contig_15320	1	342	4	272	79.5322	1.62573	36.4	48.8
dDocent_Contig_15324	1	376	38	356	94.6809	13.5559	34.8	58.3
dDocent_Contig_15326	1	335	21	330	98.5075	8.74627	35.8	60
dDocent_Contig_15327	1	406	33	400	98.5222	12.064	36	60
dDocent_Contig_15332	1	352	14	240	68.1818	5.80398	35.6	60
dDocent_Contig_15334	1	300	3	197	65.6667	1.5	36.7	60
dDocent_Contig_15338	1	377	67	371	98.4085	24.5703	36.2	60
dDocent_Contig_15339	1	253	21	248	98.0237	11.3281	36.1	60
dDocent_Contig_15350	1	278	23	277	99.6403	11.8094	35.9	60
dDocent_Contig_15353	1	378	16	357	94.4444	6.2037	36.4	60
dDocent_Contig_15359	1	311	14	254	81.672	6.39871	35.7	60
dDocent_Contig_15371	1	345	67	343	99.4203	27.658	36.4	60
dDocent_Contig_15373	1	311	2	131	42.1222	0.810289	36.9	60
dDocent_Contig_15374	1	392	27	376	95.9184	9.87755	35.3	58.3
dDocent_Contig_15376	1	330	11	259	78.4848	4.81212	35.4	60
dDocent_Contig_15377	1	301	32	278	92.3588	14.5515	36	59.2
dDocent_Contig_15384	1	401	75	353	88.0299	27.5985	36	60
dDocent_Contig_15387	1	329	39	328	99.696	16.2492	35.6	60
dDocent_Contig_15393	1	354	27	354	100	11.2288	36.6	60
dDocent_Contig_15396	1	419	25	383	91.4081	8.68258	36.1	60
dDocent_Contig_15398	1	386	18	384	99.4819	6.50518	36	60
dDocent_Contig_15399	1	395	24	367	92.9114	9.06076	35.3	60
dDocent_Contig_15404	1	500	16	359	71.8	4.482	35.3	60
dDocent_Contig_15412	1	395	19	394	99.7468	6.79494	35	60
dDocent_Contig_15414	1	357	6	314	87.9552	2.52101	36.3	60
dDocent_Contig_15418	1	346	20	265	76.5896	8.32659	35.7	60
dDocent_Contig_15419	1	442	48	428	96.8326	15.6018	36.1	60
dDocent_Contig_15421	1	357	12	271	75.9104	4.66667	34.8	60
dDocent_Contig_15422	1	381	20	371	97.3753	7.69816	36.1	60
dDocent_Contig_15425	1	369	3	207	56.0976	1.21951	36.6	60
dDocent_Contig_15432	1	249	17	249	100	10.0402	36	60
dDocent_Contig_15439	1	314	4	219	69.7452	1.91083	36.7	60
dDocent_Contig_15440	1	294	9	193	65.6463	4.13265	36.7	60
dDocent_Contig_15441	1	324	29	311	95.9877	12.0494	35.1	58.3
dDocent_Contig_15442	1	265	8	263	99.2453	4.42264	35.9	60
dDocent_Contig_15455	1	430	38	371	86.2791	12.4884	36.3	60
dDocent_Contig_15456	1	405	49	356	87.9012	17.0346	36.2	60
dDocent_Contig_15458	1	402	52	296	73.6318	18.6866	35.8	60
dDocent_Contig_15463	1	296	5	227	76.6892	2.5	36.8	60
dDocent_Contig_15464	1	348	33	329	94.5402	13.1149	36.1	60
dDocent_Contig_15466	1	378	5	329	87.037	1.90212	36.5	60
dDocent_Contig_15467	1	386	19	383	99.2228	7.23575	35.8	60
dDocent_Contig_15501	1	393	10	333	84.7328	3.51908	36.3	60
dDocent_Contig_15506	1	279	18	255	91.3978	9.45161	36.7	60
dDocent_Contig_15507	1	375	93	323	86.1333	33.336	35.1	59.1
dDocent_Contig_15517	1	309	14	307	99.3528	6.64078	36.3	60
dDocent_Contig_15524	1	340	25	293	86.1765	10.0441	35.6	60
dDocent_Contig_15525	1	365	36	299	81.9178	14.3014	36	60
dDocent_Contig_15526	1	252	19	244	96.8254	11.0397	36.1	60
dDocent_Contig_15533	1	234	28	232	99.1453	17.3333	35.8	60
dDocent_Contig_15535	1	454	14	357	78.6344	4.09031	36.5	60
dDocent_Contig_15537	1	313	72	311	99.361	33.6326	35.9	60
dDocent_Contig_15543	1	415	7	259	62.4096	2.48675	35.5	60
dDocent_Contig_15544	1	325	27	324	99.6923	11.9138	35.8	60
dDocent_Contig_15549	1	355	67	352	99.1549	24.9127	36.1	60
dDocent_Contig_15562	1	328	23	280	85.3659	9.93293	35	60
dDocent_Contig_15568	1	273	20	261	95.6044	10.7326	35	60
dDocent_Contig_15569	1	298	18	291	97.651	8.66779	35.6	60
dDocent_Contig_15571	1	349	26	342	97.9943	10.4613	36.5	60
dDocent_Contig_15573	1	428	67	427	99.7664	21.8505	35.9	60
dDocent_Contig_15579	1	417	94	415	99.5204	31.9928	35.9	58.7
dDocent_Contig_15581	1	394	24	392	99.4924	8.86802	35.6	60
dDocent_Contig_15610	1	366	15	326	89.071	5.2459	35.8	60
dDocent_Contig_15617	1	256	10	234	91.4062	5.71484	36.2	60
dDocent_Contig_15620	1	491	2	210	42.7699	0.606925	35.4	60
dDocent_Contig_15621	1	324	20	270	83.3333	8.82099	35.7	60
dDocent_Contig_15622	1	265	27	233	87.9245	14.834	35.1	60
dDocent_Contig_15627	1	407	35	291	71.4988	12.145	35.8	60
dDocent_Contig_15629	1	357	34	356	99.7199	13.8151	36	60
dDocent_Contig_15642	1	256	6	156	60.9375	3.45703	36.5	60
dDocent_Contig_15646	1	309	38	307	99.3528	17.9644	36.3	60
dDocent_Contig_15647	1	377	13	375	99.4695	5.01326	36.2	60
dDocent_Contig_15657	1	301	65	300	99.6678	30.5282	35.4	60
dDocent_Contig_15659	1	440	215	438	99.5455	65.4705	36.1	59.7
dDocent_Contig_15667	1	380	12	255	67.1053	4.54211	35.9	60
dDocent_Contig_15670	1	444	287	444	100	94.0023	36.1	60
dDocent_Contig_15680	1	310	39	303	97.7419	18.3774	35.5	60
dDocent_Contig_15689	1	350	7	284	81.1429	2.88857	36	60
dDocent_Contig_15690	1	366	269	359	98.0874	106.213	35.4	39.9
dDocent_Contig_15692	1	420	10	225	53.5714	3.52857	36.7	60
dDocent_Contig_15694	1	354	14	347	98.0226	5.70339	36	58.9
dDocent_Contig_15711	1	430	42	355	82.5581	14.0186	35.9	60
dDocent_Contig_15712	1	350	11	327	93.4286	4.55714	34.8	60
dDocent_Contig_15713	1	387	10	230	59.4315	3.52196	36.3	60
dDocent_Contig_15716	1	282	5	199	70.5674	2.6383	36.8	60
dDocent_Contig_15717	1	385	146	362	94.026	54.7766	35.8	59.2
dDocent_Contig_15718	1	382	97	304	79.5812	37.0995	36.1	38.4
dDocent_Contig_15719	1	241	5	193	80.083	2.6556	36.7	60
dDocent_Contig_15733	1	378	44	354	93.6508	16.9841	36	60
dDocent_Contig_15750	1	397	11	273	68.7657	3.92695	36.1	60
dDocent_Contig_15754	1	455	31	385	84.6154	9.64835	36.1	60
dDocent_Contig_15768	1	332	29	293	88.253	12.2169	36	60
dDocent_Contig_15770	1	436	12	250	57.3394	4.0344	35.8	60
dDocent_Contig_15772	1	508	2	284	55.9055	0.559055	36.8	60
dDocent_Contig_15778	1	428	12	314	73.3645	4.03505	35.8	60
dDocent_Contig_15784	1	289	22	283	97.9239	11.0969	36	60
dDocent_Contig_15789	1	372	12	340	91.3978	4.16129	36.4	60
dDocent_Contig_15792	1	450	56	386	85.7778	18.2378	35.6	60
dDocent_Contig_15795	1	385	32	348	90.3896	11.2234	36.2	60
dDocent_Contig_15796	1	392	75	391	99.7449	27.9337	35.6	60
dDocent_Contig_15799	1	329	94	327	99.3921	40.5137	35.7	60
dDocent_Contig_15821	1	335	27	326	97.3134	11.8209	36.1	60
dDocent_Contig_15842	1	339	15	273	80.531	6.19174	36.3	60
dDocent_Contig_15846	1	250	34	233	93.2	19.42	36	60
dDocent_Contig_15856	1	389	15	300	77.1208	5.73265	35.7	60
dDocent_Contig_15857	1	415	96	407	98.0723	33.3976	36.2	60
dDocent_Contig_15860	1	395	58	338	85.5696	21.1975	35.6	60
dDocent_Contig_15863	1	237	38	236	99.5781	23.6498	36.5	60
dDocent_Contig_15864	1	307	21	306	99.6743	9.87948	36.1	56.1
dDocent_Contig_15893	1	341	24	304	89.1496	10.0469	36.1	60
dDocent_Contig_15901	1	432	62	414	95.8333	20.4375	35.9	60
dDocent_Contig_15902	1	347	17	277	79.8271	7.0951	35.8	60
dDocent_Contig_15908	1	351	26	346	98.5755	10.5214	36.4	60
dDocent_Contig_15912	1	427	11	315	73.7705	3.71194	36	60
dDocent_Contig_15926	1	409	29	284	69.4377	10.3472	35.3	60
dDocent_Contig_15928	1	420	6	363	86.4286	1.95714	35	55.5
dDocent_Contig_15931	1	288	9	281	97.5694	4.46181	36.1	60
dDocent_Contig_15936	1	351	57	349	99.4302	23.4957	35.5	60
dDocent_Contig_15938	1	333	24	332	99.6997	10.7838	35.8	60
dDocent_Contig_15944	1	270	78	269	99.6296	41.5963	36	60
dDocent_Contig_15949	1	369	42	325	88.0759	16.0732	36.2	60
dDocent_Contig_15955	1	363	10	221	60.8815	3.79614	36.3	60
dDocent_Contig_15957	1	291	14	287	98.6254	6.79381	35.7	53.5
dDocent_Contig_15958	1	390	46	363	93.0769	17.2718	36.3	60
dDocent_Contig_15960	1	319	46	302	94.6708	20.7461	35.7	60
dDocent_Contig_15963	1	379	4	299	78.8918	1.54354	36.4	60
dDocent_Contig_15967	1	357	27	325	91.0364	10.5882	35.6	60
dDocent_Contig_15968	1	322	50	270	83.8509	21.6273	35	60
dDocent_Contig_15973	1	387	9	231	59.6899	3.00775	36.4	60
dDocent_Contig_15977	1	424	63	384	90.566	21.7594	35.7	59.5
dDocent_Contig_15982	1	380	34	261	68.6842	12.6237	35.9	60
dDocent_Contig_15983	1	419	40	396	94.5107	13.1002	36.3	60
dDocent_Contig_16005	1	386	10	180	46.6321	3.44041	35.5	60
dDocent_Contig_16007	1	349	35	295	84.5272	14.3438	35.8	60
dDocent_Contig_16008	1	468	11	214	45.7265	3.1453	36.7	60
dDocent_Contig_16010	1	403	10	308	76.4268	3.70968	35.4	60
dDocent_Contig_16012	1	400	17	239	59.75	6.27	36	60
dDocent_Contig_16014	1	354	30	266	75.1412	11.3814	35.8	60
dDocent_Contig_16015	1	316	16	314	99.3671	7.18038	36	60
dDocent_Contig_16024	1	298	66	298	100	31.0336	35.9	60
dDocent_Contig_16026	1	309	22	308	99.6764	10.2298	36.7	58.3
dDocent_Contig_16027	1	460	24	459	99.7826	7.73913	35.6	60
dDocent_Contig_16029	1	279	56	277	99.2832	28.7921	36.2	60
dDocent_Contig_16031	1	353	66	349	98.8669	25.4249	36.1	56.4
dDocent_Contig_16033	1	334	35	305	91.3174	14.8263	35.8	60
dDocent_Contig_16041	1	336	15	221	65.7738	6.1756	36.6	60
dDocent_Contig_16042	1	427	4	196	45.9016	1.38876	34.6	60
dDocent_Contig_16046	1	397	45	393	98.9924	16.3753	34.7	60
dDocent_Contig_16056	1	369	20	313	84.8238	8.04878	35.6	60
dDocent_Contig_16064	1	368	2	150	40.7609	0.815217	36.2	60
dDocent_Contig_16066	1	472	21	266	56.3559	6.58898	36	60
dDocent_Contig_16067	1	398	9	231	58.0402	3.08543	36.7	60
dDocent_Contig_16070	1	410	26	408	99.5122	9.00732	35.6	60
dDocent_Contig_16077	1	450	29	344	76.4444	9.19333	36	60
dDocent_Contig_16078	1	331	2	140	42.2961	0.845921	36.8	60
dDocent_Contig_16081	1	383	36	300	78.329	13.718	35.5	60
dDocent_Contig_16086	1	401	12	350	87.2818	4.4389	35.9	60
dDocent_Contig_16089	1	338	61	338	100	26.1953	36.1	60
dDocent_Contig_16100	1	311	20	282	90.6752	9.01608	36.4	60
dDocent_Contig_16124	1	246	25	236	95.935	13.4553	35.8	56.4
dDocent_Contig_16131	1	364	18	345	94.7802	7.3544	35.7	60
dDocent_Contig_16134	1	341	18	293	85.9238	7.21701	36.4	60
dDocent_Contig_16140	1	391	22	344	87.9795	8.0844	35.6	60
dDocent_Contig_16142	1	301	10	273	90.6977	4.5814	36.6	60
dDocent_Contig_16146	1	414	9	337	81.401	3.13043	36.7	60
dDocent_Contig_16156	1	358	38	357	99.7207	15.3268	35.8	60
dDocent_Contig_16157	1	384	7	289	75.2604	2.4401	36.1	60
dDocent_Contig_16162	1	441	11	435	98.6395	3.63492	36.2	60
dDocent_Contig_16166	1	326	10	313	96.0123	4.05828	36	60
dDocent_Contig_16184	1	335	15	281	83.8806	6.4	35.7	60
dDocent_Contig_16185	1	370	344	368	99.4595	129.103	35.9	57.9
dDocent_Contig_16186	1	448	216	395	88.1696	68.1629	36	59.9
dDocent_Contig_16191	1	342	40	319	93.2749	12.3421	34.2	57.4
dDocent_Contig_16192	1	472	16	419	88.7712	4.87076	35.2	58.9
dDocent_Contig_16194	1	384	834	373	97.1354	299.826	36.2	54.4
dDocent_Contig_16205	1	333	15	331	99.3994	6.1952	35.9	60
dDocent_Contig_16208	1	385	26	346	89.8701	9.33247	36	60
dDocent_Contig_16209	1	274	11	272	99.2701	5.69343	36.6	60
dDocent_Contig_16210	1	264	17	260	98.4848	8.71591	34.7	60
dDocent_Contig_16213	1	236	25	236	100	14.9025	36.1	60
dDocent_Contig_16224	1	393	6	237	60.3053	2.03817	35	53.8
dDocent_Contig_16236	1	372	17	236	63.4409	6.52151	36.1	60
dDocent_Contig_16240	1	409	60	339	82.8851	21.2494	36.1	60
dDocent_Contig_16241	1	370	10	201	54.3243	4.05135	34.5	60
dDocent_Contig_16243	1	412	88	410	99.5146	30.2743	35.9	60
dDocent_Contig_16262	1	411	7	203	49.3917	2.35766	35.6	41
dDocent_Contig_16265	1	386	21	384	99.4819	7.77461	36	60
dDocent_Contig_16283	1	341	41	329	96.4809	16.4692	35.9	60
dDocent_Contig_16284	1	435	53	434	99.7701	17.069	35.3	59.5
dDocent_Contig_16287	1	409	85	246	60.1467	29.022	36	51.6
dDocent_Contig_16294	1	387	24	385	99.4832	8.81912	36.3	60
dDocent_Contig_16295	1	296	123	295	99.6622	59.3784	35.9	60
dDocent_Contig_16296	1	380	44	347	91.3158	15.5105	36	60
dDocent_Contig_16297	1	264	61	194	73.4848	30.8826	35.8	59.9
dDocent_Contig_16298	1	377	7	307	81.4324	2.71618	36.1	60
dDocent_Contig_16300	1	384	44	355	92.4479	16.4375	36.2	60
dDocent_Contig_16301	1	319	154	317	99.373	67.0408	36.1	59.9
dDocent_Contig_16304	1	379	1211	378	99.7361	450.736	35.8	59.7
dDocent_Contig_16306	1	307	32	289	94.1368	13.8827	35.9	60
dDocent_Contig_16307	1	351	28	264	75.2137	11.7778	35.8	60
dDocent_Contig_16309	1	248	95	239	96.371	49.6694	35.8	59.8
dDocent_Contig_16312	1	376	251	361	96.0106	91.2447	35.9	54.6
dDocent_Contig_16318	1	485	192	427	88.0412	56.3629	35.7	59.8
dDocent_Contig_16320	1	396	43	335	84.596	14.5227	36.5	58.2
dDocent_Contig_16321	1	344	299	344	100	116.616	35.6	59.8
dDocent_Contig_16323	1	392	54	376	95.9184	20.4974	36.1	48.3
dDocent_Contig_16328	1	362	253	361	99.7238	100.522	35.9	59.8
dDocent_Contig_16331	1	371	29	370	99.7305	11.1294	35.9	60
dDocent_Contig_16336	1	302	192	290	96.0265	88.6656	35.9	48.2
dDocent_Contig_16337	1	339	12	261	76.9912	5.19469	36.5	38.3
dDocent_Contig_16338	1	349	29	280	80.2292	11.8997	36	60
dDocent_Contig_16340	1	513	3	260	50.6823	0.768031	36.8	60
dDocent_Contig_16342	1	444	91	377	84.9099	27.1554	35.3	41.3
dDocent_Contig_16344	1	411	161	411	100	55.8686	35.7	60
dDocent_Contig_16346	1	352	59	301	85.5114	24.1818	36	59.3
dDocent_Contig_16348	1	402	170	352	87.5622	57.0522	35	59.3
dDocent_Contig_16352	1	405	158	403	99.5062	50.4198	35.4	58.1
dDocent_Contig_16353	1	419	136	404	96.42	44.3604	36.2	59.5
dDocent_Contig_16355	1	277	1	124	44.7653	0.447653	36.9	36
dDocent_Contig_16363	1	301	48	299	99.3355	22.1462	36	57.7
dDocent_Contig_16364	1	390	82	376	96.4103	29.9846	35.2	53.2
dDocent_Contig_16366	1	367	28	365	99.455	10.7684	36	55.5
dDocent_Contig_16367	1	393	2	160	40.7125	0.707379	35.5	60
dDocent_Contig_16369	1	430	7	306	71.1628	2.44186	36.2	60
dDocent_Contig_16370	1	244	15	242	99.1803	8.29508	36.4	60
dDocent_Contig_16371	1	402	343	401	99.7512	120.647	35.7	59.9
dDocent_Contig_16374	1	394	69	362	91.8782	24.5102	35.8	60
dDocent_Contig_16375	1	389	29	360	92.545	10.2776	36.1	50.8
dDocent_Contig_16391	1	235	7	204	86.8085	4.30638	36.8	60
dDocent_Contig_16398	1	406	36	329	81.0345	12.936	35.3	60
dDocent_Contig_16402	1	408	18	407	99.7549	5.48775	36.4	60
dDocent_Contig_16407	1	368	53	367	99.7283	19.6902	35.6	59.8
dDocent_Contig_16423	1	370	209	355	95.9459	82.7297	35.9	47.2
dDocent_Contig_16424	1	302	27	297	98.3444	12.7616	35.7	60
dDocent_Contig_16427	1	401	26	334	83.2918	9.52369	35.8	60
dDocent_Contig_16430	1	373	23	356	95.4424	9.06434	36.3	60
dDocent_Contig_16432	1	395	54	348	88.1013	19.9722	35.9	60
dDocent_Contig_16435	1	361	12	258	71.4681	4.70637	36.7	60
dDocent_Contig_16439	1	350	9	304	86.8571	3.70857	36.6	60
dDocent_Contig_16442	1	368	17	332	90.2174	6.66848	36.2	60
dDocent_Contig_16472	1	397	34	396	99.7481	12.2116	35.6	60
dDocent_Contig_16487	1	331	38	306	92.4471	16.4834	36	60
dDocent_Contig_16493	1	475	32	473	99.5789	9.74526	36.3	60
dDocent_Contig_16509	1	412	31	323	78.3981	10.2791	35.9	60
dDocent_Contig_16517	1	345	81	342	99.1304	34.5043	35.9	60
dDocent_Contig_16532	1	366	37	352	96.1749	14.6148	36.2	60
dDocent_Contig_16536	1	464	36	367	79.0948	11.3534	36.1	58.1
dDocent_Contig_16541	1	321	34	319	99.3769	15.3178	35.4	60
dDocent_Contig_16542	1	345	17	262	75.942	7.23188	36.1	60
dDocent_Contig_16551	1	380	26	348	91.5789	10.1026	36	60
dDocent_Contig_16552	1	368	17	348	94.5652	6.90217	35.7	60
dDocent_Contig_16553	1	364	30	330	90.6593	12.0632	35.7	60
dDocent_Contig_16574	1	412	21	410	99.5146	6.93689	36.5	60
dDocent_Contig_16577	1	442	2	222	50.2262	0.667421	34.8	60
dDocent_Contig_16581	1	406	19	260	64.0394	6.81281	36.4	60
dDocent_Contig_16589	1	393	15	339	86.2595	5.43766	36.1	60
dDocent_Contig_16591	1	376	4	154	40.9574	1.35638	36.9	60
dDocent_Contig_16595	1	334	12	305	91.3174	5.23952	36.1	60
dDocent_Contig_16603	1	315	6	195	61.9048	2.85397	32.8	60
dDocent_Contig_16609	1	332	16	304	91.5663	6.60843	36.1	60
dDocent_Contig_16612	1	392	7	266	67.8571	2.56633	35.9	60
dDocent_Contig_16616	1	380	41	333	87.6316	15.7579	36.2	60
dDocent_Contig_16617	1	437	23	436	99.7712	7.55149	36.4	60
dDocent_Contig_16619	1	317	24	283	89.2744	10.6278	36.5	60
dDocent_Contig_16633	1	414	33	330	79.7101	11.5507	35.8	60
dDocent_Contig_16638	1	438	45	420	95.8904	14.7785	35.5	60
dDocent_Contig_16663	1	447	23	442	98.8814	7.16331	35.2	59.3
dDocent_Contig_16672	1	363	15	263	72.4518	5.4573	36.1	60
dDocent_Contig_16676	1	390	32	339	86.9231	12.0564	36.2	60
dDocent_Contig_16680	1	246	11	222	90.2439	6.5813	36	60
dDocent_Contig_16700	1	400	308	399	99.75	102.955	35.9	53.1
dDocent_Contig_16709	1	368	41	353	95.9239	16.5	36.2	60
dDocent_Contig_16715	1	403	9	348	86.3524	3.34739	36.2	60
dDocent_Contig_16721	1	366	50	304	83.0601	18.6148	35.8	60
dDocent_Contig_16724	1	328	459	327	99.6951	197.936	36	58
dDocent_Contig_16725	1	394	15	355	90.1015	4.53553	36.1	48.7
dDocent_Contig_16729	1	385	59	357	92.7273	22.2234	35.9	60
dDocent_Contig_16730	1	277	16	275	99.278	8.42599	36.4	60
dDocent_Contig_16737	1	325	28	257	79.0769	11.9415	36.3	60
dDocent_Contig_16743	1	458	24	435	94.9782	7.04148	36.1	60
dDocent_Contig_16746	1	394	34	306	77.665	11.7386	36.4	58.5
dDocent_Contig_16747	1	335	6	183	54.6269	2.22687	36.7	60
dDocent_Contig_16748	1	292	31	291	99.6575	14.1918	35.7	57.4
dDocent_Contig_16749	1	238	18	235	98.7395	10.6891	35.6	59.9
dDocent_Contig_16781	1	334	4	62	18.5629	0.706587	36.4	60
dDocent_Contig_16782	1	406	71	402	99.0148	24.3941	36.1	60
dDocent_Contig_16783	1	364	39	360	98.9011	15.2473	36.3	60
dDocent_Contig_16785	1	356	22	354	99.4382	8.87921	35.7	60
dDocent_Contig_16786	1	466	6	279	59.8712	1.65021	34.8	60
dDocent_Contig_16800	1	439	22	409	93.1663	7.1344	36.3	60
dDocent_Contig_16801	1	295	32	249	84.4068	15.5492	35.6	60
dDocent_Contig_16817	1	339	18	273	80.531	7.28024	36.4	60
dDocent_Contig_16821	1	463	41	424	91.5767	12.7711	35.9	60
dDocent_Contig_16822	1	369	97	367	99.458	38.4363	35.6	48.5
dDocent_Contig_16830	1	453	11	362	79.9117	3.44371	35.8	60
dDocent_Contig_16831	1	244	88	164	67.2131	45.9303	35.4	58.7
dDocent_Contig_16833	1	360	31	311	86.3889	12.775	35.6	60
dDocent_Contig_16848	1	386	85	385	99.7409	30.6114	36.1	44.5
dDocent_Contig_16850	1	343	246	343	100	100.105	35.8	57.8
dDocent_Contig_16853	1	312	36	309	99.0385	15.6859	36.3	60
dDocent_Contig_16862	1	224	34	223	99.5536	20.7188	35.9	60
dDocent_Contig_16875	1	359	30	348	96.9359	12.2396	36	60
dDocent_Contig_16877	1	375	37	328	87.4667	14.0293	35.7	60
dDocent_Contig_16886	1	398	48	183	45.9799	15.3668	35.9	46.2
dDocent_Contig_16887	1	368	6	148	40.2174	1.51087	36.9	48.2
dDocent_Contig_16888	1	339	17	338	99.705	7.33038	36.3	60
dDocent_Contig_16892	1	455	3	297	65.2747	0.989011	36.4	60
dDocent_Contig_16900	1	404	20	317	78.4653	7.18564	36	60
dDocent_Contig_16904	1	368	23	225	61.1413	8.84511	35.8	60
dDocent_Contig_16907	1	460	40	459	99.7826	12.1109	35.5	60
dDocent_Contig_16920	1	320	17	306	95.625	7.19375	36.7	60
dDocent_Contig_16921	1	350	9	315	90	3.35714	36.5	60
dDocent_Contig_16923	1	484	76	304	62.8099	21.9814	34.7	60
dDocent_Contig_16941	1	335	14	325	97.0149	5.78806	36.3	60
dDocent_Contig_16943	1	419	9	383	91.4081	3.18616	34.9	60
dDocent_Contig_16944	1	353	26	345	97.7337	10.4023	35.9	60
dDocent_Contig_16945	1	479	33	349	72.8601	10.0209	36.1	60
dDocent_Contig_16952	1	411	84	409	99.5134	28.9757	35.5	60
dDocent_Contig_16954	1	240	18	230	95.8333	10.6917	36.5	60
dDocent_Contig_16969	1	414	53	393	94.9275	17.9372	35.5	60
dDocent_Contig_16973	1	304	28	302	99.3421	13.5197	36.6	60
dDocent_Contig_16977	1	368	38	315	85.5978	14.6223	35.9	60
dDocent_Contig_16978	1	376	6	209	55.5851	2.36702	35.9	60
dDocent_Contig_16982	1	374	51	353	94.385	19.861	35.7	59.7
dDocent_Contig_16983	1	313	18	240	76.6773	8.23323	36.6	60
dDocent_Contig_16984	1	326	51	280	85.8896	22.7393	35.9	60
dDocent_Contig_16991	1	385	18	382	99.2208	6.54805	35.8	49.7
dDocent_Contig_16993	1	404	14	379	93.8119	5.11634	36.1	60
dDocent_Contig_16994	1	391	3	165	42.1995	1.10486	36.6	60
dDocent_Contig_16996	1	475	17	362	76.2105	4.92842	36.2	60
dDocent_Contig_16998	1	366	31	357	97.541	11.7814	36.3	60
dDocent_Contig_17000	1	399	27	396	99.2481	9.72932	36	60
dDocent_Contig_17002	1	267	6	235	88.015	3.34831	35.9	60
dDocent_Contig_17004	1	378	3	150	39.6825	1.06878	36.5	60
dDocent_Contig_17005	1	330	32	297	90	13.903	35.4	60
dDocent_Contig_17006	1	408	10	292	71.5686	3.54412	36.5	60
dDocent_Contig_17016	1	296	43	295	99.6622	21.0236	35.7	60
dDocent_Contig_17021	1	372	46	370	99.4624	17.9651	36.1	60
dDocent_Contig_17023	1	309	23	284	91.9094	10.8608	34.9	60
dDocent_Contig_17033	1	400	25	380	95	8.7975	36.5	60
dDocent_Contig_17042	1	399	52	376	94.2356	18.7018	36.3	60
dDocent_Contig_17060	1	384	6	200	52.0833	2.32812	34.9	60
dDocent_Contig_17061	1	385	9	222	57.6623	3.27273	35.4	60
dDocent_Contig_17064	1	384	8	217	56.5104	1.41146	32.8	60
dDocent_Contig_17066	1	392	19	391	99.7449	7.00765	35.9	60
dDocent_Contig_17067	1	299	37	297	99.3311	17.5585	36.4	60
dDocent_Contig_17069	1	357	21	325	91.0364	8.28011	36.6	60
dDocent_Contig_17073	1	403	19	346	85.8561	6.63027	36.8	55.9
dDocent_Contig_17075	1	290	3	164	56.5517	1.55172	36.5	60
dDocent_Contig_17078	1	467	135	407	87.152	36.469	35.4	60
dDocent_Contig_17089	1	376	5	285	75.7979	1.86968	36.6	60
dDocent_Contig_17090	1	333	3	173	51.952	1.12913	36.7	60
dDocent_Contig_17091	1	380	26	289	76.0526	9.71579	35.5	60
dDocent_Contig_17095	1	462	6	306	66.2338	1.86797	35.7	60
dDocent_Contig_17100	1	393	45	349	88.8041	16.3232	35.6	60
dDocent_Contig_17110	1	405	26	300	74.0741	9.3358	36.3	60
dDocent_Contig_17111	1	321	12	308	95.9502	5.47664	35.8	60
dDocent_Contig_17123	1	334	2	97	29.0419	0.580838	36.7	38
dDocent_Contig_17127	1	361	41	347	96.1219	15.2355	36.2	59.7
dDocent_Contig_17134	1	388	52	386	99.4845	19.7139	36.2	60
dDocent_Contig_17136	1	434	15	271	62.4424	5.03917	36.5	60
dDocent_Contig_17139	1	405	21	321	79.2593	7.42716	36.2	60
dDocent_Contig_17141	1	369	40	300	81.3008	15.9377	36.2	60
dDocent_Contig_17142	1	488	19	426	87.2951	5.79508	36.4	60
dDocent_Contig_17144	1	435	14	423	97.2414	4.8092	36	60
dDocent_Contig_17152	1	458	2	218	47.5983	0.652838	36.5	60
dDocent_Contig_17155	1	399	35	334	83.7093	12.4085	36.1	60
dDocent_Contig_17156	1	401	32	396	98.7531	11.4389	36.2	60
dDocent_Contig_17160	1	336	26	335	99.7024	10.7917	35.9	60
dDocent_Contig_17163	1	280	15	278	99.2857	7.12857	35.1	60
dDocent_Contig_17164	1	313	28	311	99.361	13.0831	36.2	60
dDocent_Contig_17165	1	362	23	344	95.0276	9.07459	35.6	60
dDocent_Contig_17170	1	459	64	456	99.3464	19.5512	35.9	41.5
dDocent_Contig_17175	1	322	23	300	93.1677	10.5062	34.9	60
dDocent_Contig_17176	1	313	28	312	99.6805	12.4984	35.9	60
dDocent_Contig_17177	1	244	11	239	97.9508	6.20082	35.9	60
dDocent_Contig_17188	1	387	25	366	94.5736	8.78036	35.9	60
dDocent_Contig_17189	1	421	5	288	68.4086	1.5962	36.7	60
dDocent_Contig_17192	1	298	38	220	73.8255	16.8792	36.3	60
dDocent_Contig_17193	1	413	19	307	74.3341	6.71913	36.4	60
dDocent_Contig_17194	1	454	18	335	73.7885	5.85022	35.6	60
dDocent_Contig_17201	1	335	7	264	78.806	2.91045	35.5	60
dDocent_Contig_17213	1	446	22	330	73.991	7.25785	35.3	60
dDocent_Contig_17218	1	353	27	351	99.4334	11.1246	36.3	60
dDocent_Contig_17219	1	404	72	404	100	24.0891	35.8	60
dDocent_Contig_17220	1	401	28	342	85.2868	9.52618	34.9	60
dDocent_Contig_17229	1	344	19	342	99.4186	7.11919	35.6	60
dDocent_Contig_17231	1	424	56	346	81.6038	18.8608	36.1	60
dDocent_Contig_17232	1	388	54	343	88.4021	20.1753	36.4	60
dDocent_Contig_17234	1	401	17	279	69.5761	5.95761	35.8	60
dDocent_Contig_17237	1	266	27	258	96.9925	13.906	35.6	60
dDocent_Contig_17257	1	378	13	337	89.1534	4.42063	35.9	60
dDocent_Contig_17268	1	351	13	206	58.6895	4.73789	35.3	60
dDocent_Contig_17269	1	380	8	255	67.1053	3.06316	36.1	60
dDocent_Contig_17273	1	341	16	318	93.2551	6.77713	36.4	60
dDocent_Contig_17274	1	384	1	144	37.5	0.375	36.8	60
dDocent_Contig_17280	1	388	12	382	98.4536	4.48711	36.1	60
dDocent_Contig_17292	1	435	64	412	94.7126	21.3517	35.7	60
dDocent_Contig_17295	1	244	37	243	99.5902	21.2541	35.2	59.7
dDocent_Contig_17296	1	375	3	163	43.4667	0.914667	36.8	60
dDocent_Contig_17298	1	444	43	311	70.045	14.0293	36.2	60
dDocent_Contig_17299	1	335	45	246	73.4328	19.3403	35.9	60
dDocent_Contig_17304	1	379	8	230	60.686	3.07388	36.2	60
dDocent_Contig_17307	1	388	14	235	60.567	5.23454	36.3	60
dDocent_Contig_17308	1	498	10	318	63.8554	2.90361	36.4	60
dDocent_Contig_17310	1	375	39	288	76.8	14.616	36.4	60
dDocent_Contig_17316	1	322	19	224	69.5652	8.29503	35.8	60
dDocent_Contig_17319	1	324	8	311	95.9877	3.68519	35.5	60
dDocent_Contig_17320	1	410	12	303	73.9024	4.06585	35.8	44.5
dDocent_Contig_17321	1	387	6	240	62.0155	2.32558	36.6	60
dDocent_Contig_17328	1	341	144	340	99.7067	60.3988	36.2	40.6
dDocent_Contig_17333	1	301	53	300	99.6678	24.1395	36	60
dDocent_Contig_17336	1	401	17	356	88.7781	5.94015	35.7	60
dDocent_Contig_17337	1	434	206	434	100	58.6382	35.3	60
dDocent_Contig_17341	1	388	23	337	86.8557	8.60052	35.1	60
dDocent_Contig_17348	1	321	12	319	99.3769	5.33956	36.1	60
dDocent_Contig_17349	1	327	29	322	98.4709	12.1529	35.9	57.6
dDocent_Contig_17365	1	328	25	319	97.2561	11.0366	36.1	60
dDocent_Contig_17368	1	446	22	352	78.9238	6.73767	36.2	58.3
dDocent_Contig_17374	1	384	48	266	69.2708	18.0286	35.8	60
dDocent_Contig_17377	1	269	17	242	89.9628	8.72862	36.3	60
dDocent_Contig_17384	1	353	11	343	97.1671	4.53258	36.1	60
dDocent_Contig_17385	1	356	39	355	99.7191	15.736	35.9	60
dDocent_Contig_17388	1	334	7	229	68.5629	3.14072	35.7	60
dDocent_Contig_17389	1	349	41	300	85.9599	16.298	35.8	60
dDocent_Contig_17390	1	373	11	347	93.0295	4.26542	36.2	60
dDocent_Contig_17393	1	387	23	340	87.8553	8.27132	36.5	60
dDocent_Contig_17396	1	276	23	219	79.3478	11.4783	36.1	60
dDocent_Contig_17407	1	355	427	353	99.4366	167.963	35.7	59.6
dDocent_Contig_17409	1	316	17	296	93.6709	7.87658	35.8	60
dDocent_Contig_17413	1	399	26	336	84.2105	9.35088	35.6	60
dDocent_Contig_17415	1	400	53	399	99.75	18.315	35.3	60
dDocent_Contig_17417	1	281	14	234	83.274	6.68683	36.1	60
dDocent_Contig_17421	1	395	18	389	98.481	5.90886	34.7	54.9
dDocent_Contig_17422	1	371	27	348	93.8005	9.73046	35.8	57.9
dDocent_Contig_17423	1	382	24	381	99.7382	9.08901	36.2	60
dDocent_Contig_17428	1	458	29	304	66.3755	8.58734	36.3	60
dDocent_Contig_17429	1	343	33	336	97.9592	13.7609	35.8	60
dDocent_Contig_17434	1	408	8	245	60.049	2.88235	35.8	60
dDocent_Contig_17435	1	433	55	426	98.3834	17.8845	35.8	60
dDocent_Contig_17442	1	352	21	350	99.4318	8.76136	36.1	60
dDocent_Contig_17444	1	310	1	150	48.3871	0.483871	36.4	60
dDocent_Contig_17446	1	350	4	172	49.1429	1.68286	34.2	60
dDocent_Contig_17447	1	430	26	247	57.4419	8.27907	35.7	60
dDocent_Contig_17452	1	402	152	389	96.7662	54.6269	35.7	60
dDocent_Contig_17456	1	384	69	378	98.4375	23.3672	35.4	60
dDocent_Contig_17461	1	475	29	312	65.6842	8.98316	35.7	60
dDocent_Contig_17471	1	296	9	271	91.5541	4.52365	36.6	60
dDocent_Contig_17472	1	350	25	348	99.4286	10.4771	36.3	60
dDocent_Contig_17483	1	405	11	328	80.9877	4.05926	35.9	60
dDocent_Contig_17489	1	516	38	421	81.5891	10.9399	35.9	60
dDocent_Contig_17491	1	290	37	222	76.5517	17.831	36.2	60
dDocent_Contig_17498	1	450	91	439	97.5556	29.5622	36.1	60
dDocent_Contig_17500	1	500	154	484	96.8	43.834	35.4	60
dDocent_Contig_17502	1	513	12	356	69.3957	3.50682	35.1	60
dDocent_Contig_17503	1	412	3	139	33.7379	1.00728	36.6	60
dDocent_Contig_17509	1	402	94	378	94.0299	33.3905	35.6	60
dDocent_Contig_17515	1	306	21	252	82.3529	10.0294	36.1	60
dDocent_Contig_17522	1	411	12	316	76.8856	4.25547	35.8	60
dDocent_Contig_17523	1	344	24	264	76.7442	10.0988	36.5	60
dDocent_Contig_17526	1	298	12	245	82.2148	5.40268	36.4	60
dDocent_Contig_17530	1	379	36	365	96.3061	13.3852	36.5	60
dDocent_Contig_17536	1	354	12	319	90.113	4.9096	36.3	60
dDocent_Contig_17562	1	329	27	307	93.3131	11.8359	34.6	60
dDocent_Contig_17571	1	450	174	450	100	47.5822	35.2	60
dDocent_Contig_17576	1	449	44	426	94.8775	14.3274	36	60
dDocent_Contig_17608	1	341	30	328	96.1877	10.6804	35.9	55
dDocent_Contig_17609	1	235	23	201	85.5319	14.1149	36	60
dDocent_Contig_17611	1	334	25	334	100	10.0778	35.3	52.8
dDocent_Contig_17613	1	273	39	247	90.4762	20.3004	35.4	59.6
dDocent_Contig_17617	1	390	55	297	76.1538	20.0641	35.9	60
dDocent_Contig_17642	1	331	68	331	100	28.3414	34.4	60
dDocent_Contig_17650	1	351	15	329	93.7322	5.48718	36.4	60
dDocent_Contig_17658	1	360	94	358	99.4444	36.3139	35.9	60
dDocent_Contig_17659	1	436	16	293	67.2018	5.30734	36.4	60
dDocent_Contig_17671	1	306	11	219	71.5686	4.85621	36	60
dDocent_Contig_17676	1	360	6	215	59.7222	2.45833	36.8	60
dDocent_Contig_17677	1	371	10	319	85.9838	3.91914	36.1	60
dDocent_Contig_17681	1	422	24	398	94.3128	8.12322	35.5	60
dDocent_Contig_17686	1	396	39	329	83.0808	14.3737	36	60
dDocent_Contig_17692	1	435	33	357	82.069	11.0368	35.5	60
dDocent_Contig_17700	1	385	10	291	75.5844	3.77143	34.3	60
dDocent_Contig_17711	1	238	67	236	99.1597	38.4916	35.9	60
dDocent_Contig_17712	1	273	19	272	99.6337	9.92308	35.9	60
dDocent_Contig_17715	1	358	31	338	94.4134	11.3184	36.5	60
dDocent_Contig_17716	1	396	3	204	51.5152	1.06566	36.9	60
dDocent_Contig_17722	1	365	16	272	74.5205	6.56164	36.3	60
dDocent_Contig_17730	1	373	6	219	58.7131	2.04558	36.9	60
dDocent_Contig_17739	1	248	127	247	99.5968	73.9032	35.6	60
dDocent_Contig_17740	1	260	23	258	99.2308	12.3154	36	60
dDocent_Contig_17766	1	277	10	251	90.6137	5.18051	36.9	60
dDocent_Contig_17767	1	375	42	373	99.4667	16.296	35.8	60
dDocent_Contig_17775	1	326	17	269	82.5153	7.5	36.2	60
dDocent_Contig_17777	1	321	5	219	68.2243	2.18069	36.6	60
dDocent_Contig_17790	1	473	11	226	47.7801	3.19239	36.5	60
dDocent_Contig_17792	1	395	40	395	100	14.4734	36.1	60
dDocent_Contig_17796	1	331	44	299	90.3323	18.5498	35.9	60
dDocent_Contig_17804	1	382	41	349	91.3613	15.0314	36.1	60
dDocent_Contig_17813	1	466	25	353	75.7511	7.78326	36.3	60
dDocent_Contig_17817	1	429	40	428	99.7669	13.7436	36.5	60
dDocent_Contig_17818	1	430	43	382	88.8372	14.6791	35.5	60
dDocent_Contig_17829	1	304	7	205	67.4342	3.09868	36.2	60
dDocent_Contig_17834	1	359	23	236	65.7382	9.3454	36.5	60
dDocent_Contig_17835	1	266	14	250	93.985	7.09774	36.7	60
dDocent_Contig_17848	1	408	14	279	68.3824	5.14461	35.2	60
dDocent_Contig_17849	1	361	17	263	72.8532	6.63435	36.5	60
dDocent_Contig_17860	1	300	12	195	65	5.6	35.7	60
dDocent_Contig_17861	1	267	45	240	89.8876	24.5768	35.7	60
dDocent_Contig_17867	1	376	22	309	82.1809	8.72872	35.6	60
dDocent_Contig_17871	1	402	30	378	94.0299	10.3483	35.7	60
dDocent_Contig_17898	1	307	9	294	95.7655	4.09772	36.1	60
dDocent_Contig_17903	1	359	31	327	91.0864	12.7242	36.1	60
dDocent_Contig_17931	1	405	25	203	50.1235	8.91358	36.1	60
dDocent_Contig_17937	1	396	7	356	89.899	2.58838	36	60
dDocent_Contig_17938	1	416	47	390	93.75	16.2909	35.8	59.6
dDocent_Contig_17949	1	391	9	301	76.9821	3.30946	36.6	60
dDocent_Contig_17950	1	381	3	297	77.9528	1.17323	36.8	60
dDocent_Contig_17963	1	260	8	220	84.6154	4.45	36.5	60
dDocent_Contig_17968	1	272	24	268	98.5294	12.5625	35.5	60
dDocent_Contig_17970	1	352	180	333	94.6023	69.0795	35.5	60
dDocent_Contig_17982	1	430	17	232	53.9535	5.1814	35.1	60
dDocent_Contig_17995	1	355	5	317	89.2958	2.02254	36.5	60
dDocent_Contig_17996	1	332	58	309	93.0723	25.0211	35.4	60
dDocent_Contig_18003	1	383	47	328	85.6397	17.6475	35	60
dDocent_Contig_18004	1	360	14	292	81.1111	5.53889	35.9	60
dDocent_Contig_18011	1	301	140	300	99.6678	63.3355	34.8	59.8
dDocent_Contig_18012	1	357	25	307	85.9944	9.84034	35.6	54.8
dDocent_Contig_18013	1	405	8	336	82.963	2.96296	35.9	60
dDocent_Contig_18023	1	334	31	286	85.6287	13.4701	35.4	59.6
dDocent_Contig_18036	1	411	32	329	80.0487	10.8613	36.1	60
dDocent_Contig_18038	1	446	9	181	40.583	2.25561	36.6	60
dDocent_Contig_18042	1	335	45	333	99.403	19.1075	36.1	60
dDocent_Contig_18043	1	373	32	371	99.4638	12.3056	35.8	60
dDocent_Contig_18048	1	382	11	214	56.0209	4.08115	36.4	60
dDocent_Contig_18053	1	385	59	345	89.6104	22.5065	36.2	60
dDocent_Contig_18080	1	400	31	374	93.5	11.2375	35.7	60
dDocent_Contig_18083	1	317	16	314	99.0536	7.16404	36.5	60
dDocent_Contig_18088	1	392	4	209	53.3163	1.53061	36.4	60
dDocent_Contig_18089	1	397	50	383	96.4736	15.1335	33.5	57.2
dDocent_Contig_18091	1	378	23	358	94.709	8.88624	35.8	60
dDocent_Contig_18093	1	375	34	373	99.4667	10.7973	34.9	60
dDocent_Contig_18097	1	277	7	266	96.0289	3.42238	35.3	60
dDocent_Contig_18107	1	491	65	489	99.5927	18.2363	36	60
dDocent_Contig_18108	1	419	49	327	78.043	17.0501	35.8	60
dDocent_Contig_18109	1	369	55	366	99.187	20.9133	36.3	60
dDocent_Contig_18110	1	386	7	285	73.8342	2.61399	35.4	60
dDocent_Contig_18118	1	378	31	339	89.6825	11.6164	35.3	60
dDocent_Contig_18124	1	379	9	374	98.6807	3.27704	35.2	60
dDocent_Contig_18132	1	477	619	444	93.0818	184.551	35.8	40.5
dDocent_Contig_18138	1	369	3	221	59.8916	1.21951	36.8	60
dDocent_Contig_18141	1	246	5	147	59.7561	2.21138	35.8	60
dDocent_Contig_18153	1	379	6	200	52.7704	2.37467	35.6	60
dDocent_Contig_18154	1	343	6	199	58.0175	2.29155	36.5	60
dDocent_Contig_18160	1	409	701	404	98.7775	233.934	35.4	59.5
dDocent_Contig_18183	1	293	26	259	88.3959	12.1433	35.8	60
dDocent_Contig_18187	1	359	34	353	98.3287	13.3398	35.8	60
dDocent_Contig_18188	1	376	16	354	94.1489	6.23404	36.4	60
dDocent_Contig_18203	1	471	40	435	92.3567	12.4225	36.1	60
dDocent_Contig_18206	1	259	32	257	99.2278	18.1544	36.6	60
dDocent_Contig_18209	1	370	3	315	85.1351	1.21622	35	60
dDocent_Contig_18211	1	274	33	199	72.6277	16.5803	35.8	60
dDocent_Contig_18212	1	379	53	377	99.4723	19.4855	35.9	60
dDocent_Contig_18223	1	292	39	234	80.137	18.6952	36.3	60
dDocent_Contig_18227	1	465	26	350	75.2688	7.76344	36.3	60
dDocent_Contig_18231	1	294	9	171	58.1633	4.35374	35.7	60
dDocent_Contig_18242	1	384	20	182	47.3958	6.4349	36.3	58.5
dDocent_Contig_18252	1	374	15	235	62.8342	5.3984	35.6	60
dDocent_Contig_18253	1	446	16	329	73.7668	5.20628	35.7	60
dDocent_Contig_18254	1	329	5	211	64.1337	2.19149	34.2	60
dDocent_Contig_18259	1	262	1	150	57.2519	0.572519	36.8	60
dDocent_Contig_18261	1	372	50	328	88.172	19.4355	36.4	60
dDocent_Contig_18272	1	254	29	252	99.2126	16.2402	35.9	60
dDocent_Contig_18273	1	368	13	366	99.4565	5.13587	35.9	60
dDocent_Contig_18275	1	358	30	319	89.1061	12.1704	36.2	60
dDocent_Contig_18295	1	431	36	279	64.7332	12.0742	36.2	60
dDocent_Contig_18297	1	388	86	386	99.4845	32.3918	35.9	60
dDocent_Contig_18300	1	326	14	324	99.3865	6.29448	35.8	60
dDocent_Contig_18317	1	424	15	261	61.5566	4.56132	36.4	60
dDocent_Contig_18318	1	297	50	296	99.6633	24.1481	36	60
dDocent_Contig_18321	1	353	15	324	91.7847	6.20397	36.7	60
dDocent_Contig_18331	1	397	13	363	91.4358	4.83375	36.5	60
dDocent_Contig_18336	1	357	7	218	61.0644	2.84874	36.5	60
dDocent_Contig_18350	1	452	57	378	83.6283	18.6881	35.5	60
dDocent_Contig_18353	1	316	11	315	99.6835	5.10759	36.3	60
dDocent_Contig_18354	1	349	339	266	76.2178	127.94	35.8	49.4
dDocent_Contig_18359	1	370	45	279	75.4054	17.5541	35.8	59.8
dDocent_Contig_18370	1	307	10	288	93.8111	4.05212	36.3	60
dDocent_Contig_18371	1	460	25	322	70	7.59348	35	58.9
dDocent_Contig_18372	1	309	33	265	85.7605	14.945	35.9	59.8
dDocent_Contig_18376	1	416	64	416	100	21.7212	35.7	60
dDocent_Contig_18385	1	401	3	255	63.591	1.0399	35.8	60
dDocent_Contig_18391	1	264	10	187	70.8333	5.17803	35.8	60
dDocent_Contig_18394	1	345	16	320	92.7536	6.53913	35	60
dDocent_Contig_18410	1	461	34	363	78.7419	10.8048	35.8	60
dDocent_Contig_18421	1	439	110	418	95.2164	35.3462	35.5	60
dDocent_Contig_18432	1	387	16	377	97.416	6.03101	36.1	60
dDocent_Contig_18433	1	340	9	221	65	3.86765	36	60
dDocent_Contig_18437	1	344	9	259	75.2907	3.88081	35.1	60
dDocent_Contig_18439	1	329	125	314	95.4407	51.4772	36.1	60
dDocent_Contig_18440	1	435	82	353	81.1494	27.308	33.8	59.6
dDocent_Contig_18443	1	396	15	350	88.3838	5.55051	35.8	60
dDocent_Contig_18447	1	255	15	246	96.4706	8.38039	36.6	60
dDocent_Contig_18456	1	395	28	299	75.6962	10.1797	35.4	60
dDocent_Contig_18457	1	299	20	219	73.2441	9.48495	36.6	60
dDocent_Contig_18492	1	343	278	277	80.758	114.475	35.4	59.5
dDocent_Contig_18498	1	330	22	267	80.9091	9.06667	36.2	60
dDocent_Contig_18499	1	442	5	198	44.7964	1.48643	35.6	60
dDocent_Contig_18504	1	393	14	257	65.3944	4.74555	36.4	60
dDocent_Contig_18505	1	368	29	334	90.7609	11.4946	35.7	60
dDocent_Contig_18509	1	413	23	405	98.063	7.82809	36	60
dDocent_Contig_18510	1	392	12	265	67.602	4.49745	35.1	60
dDocent_Contig_18511	1	334	17	306	91.6168	7.62874	35.3	60
dDocent_Contig_18519	1	446	98	359	80.4933	32.1121	36.3	60
dDocent_Contig_18529	1	375	21	329	87.7333	8.01333	36.3	60
dDocent_Contig_18551	1	315	28	294	93.3333	12.9714	36.6	60
dDocent_Contig_18560	1	430	23	292	67.907	7.61163	36.3	60
dDocent_Contig_18562	1	375	16	305	81.3333	5.84	35.8	60
dDocent_Contig_18567	1	321	6	235	73.2087	2.59813	36.5	60
dDocent_Contig_18568	1	361	12	273	75.6233	4.83102	35.9	60
dDocent_Contig_18569	1	362	3	157	43.3702	1.1989	36.6	60
dDocent_Contig_18605	1	362	39	352	97.2376	14.7265	36.2	60
dDocent_Contig_18607	1	407	20	256	62.8993	7.06634	34.9	60
dDocent_Contig_18620	1	330	68	328	99.3939	29.3788	35.8	60
dDocent_Contig_18625	1	379	5	235	62.0053	1.92612	36.5	60
dDocent_Contig_18627	1	395	8	202	51.1392	3.03797	35.4	60
dDocent_Contig_18632	1	327	101	326	99.6942	39.1131	35.8	59.9
dDocent_Contig_18633	1	394	14	338	85.7868	5.24619	36.5	60
dDocent_Contig_18634	1	264	93	263	99.6212	50.5265	35.4	60
dDocent_Contig_18635	1	239	19	206	86.1925	11.159	35.8	60
dDocent_Contig_18638	1	399	28	317	79.4486	9.66165	36.4	60
dDocent_Contig_18640	1	329	20	272	82.6748	8.8693	36.4	60
dDocent_Contig_18641	1	413	33	408	98.7893	10.7385	36.4	60
dDocent_Contig_18646	1	333	370	332	99.6997	158.183	35.9	57.6
dDocent_Contig_18669	1	321	28	296	92.2118	12.3271	36.5	60
dDocent_Contig_18670	1	373	464	373	100	175.19	35.2	59.9
dDocent_Contig_18671	1	410	48	346	84.3902	17.0659	35.7	60
dDocent_Contig_18678	1	363	40	312	85.9504	16.1928	35.6	60
dDocent_Contig_18681	1	322	10	293	90.9938	3.78882	36.3	60
dDocent_Contig_18687	1	347	133	315	90.7781	52.7349	36.1	58.5
dDocent_Contig_18688	1	335	40	334	99.7015	16.4299	35.8	60
dDocent_Contig_18693	1	303	22	269	88.7789	10.2508	36.4	59.2
dDocent_Contig_18694	1	380	34	364	95.7895	12.9342	35.4	60
dDocent_Contig_18717	1	354	46	319	90.113	18.0565	35.7	60
dDocent_Contig_18726	1	400	43	330	82.5	15.77	36	60
dDocent_Contig_18735	1	383	33	381	99.4778	12	35.7	60
dDocent_Contig_18738	1	320	81	319	99.6875	25.9406	34.5	59.5
dDocent_Contig_18739	1	394	41	372	94.4162	15.1624	36.5	60
dDocent_Contig_18747	1	401	10	216	53.8653	2.75561	34.2	60
dDocent_Contig_18750	1	258	22	241	93.4109	12.1434	35.4	60
dDocent_Contig_18751	1	371	9	328	88.4097	3.2372	35.1	60
dDocent_Contig_18755	1	284	8	259	91.1972	3.83451	36	60
dDocent_Contig_18756	1	378	5	187	49.4709	1.9709	36.8	60
dDocent_Contig_18757	1	300	13	279	93	6.30333	36.4	60
dDocent_Contig_18759	1	380	36	331	87.1053	13.4842	36.2	60
dDocent_Contig_18768	1	425	16	423	99.5294	5.38353	36.4	60
dDocent_Contig_18791	1	308	27	296	96.1039	12.9383	36.2	60
dDocent_Contig_18799	1	381	6	284	74.5407	2.25722	35.3	60
dDocent_Contig_18823	1	338	53	266	78.6982	19.9053	33.9	59.9
dDocent_Contig_18827	1	414	22	405	97.8261	7.58213	35.8	49.6
dDocent_Contig_18832	1	431	22	418	96.9838	7.00232	36.6	49
dDocent_Contig_18846	1	398	28	346	86.9347	10.2437	36.6	60
dDocent_Contig_18849	1	322	6	173	53.7267	2.79503	36.3	60
dDocent_Contig_18850	1	358	9	357	99.7207	3.61453	36.1	60
dDocent_Contig_18853	1	407	45	405	99.5086	16.0614	36.3	60
dDocent_Contig_18860	1	357	66	355	99.4398	27.0084	36.1	60
dDocent_Contig_18861	1	307	5	304	99.0228	2.3355	35.8	60
dDocent_Contig_18862	1	417	12	315	75.5396	4.28777	36.7	60
dDocent_Contig_18863	1	345	62	322	93.3333	25.971	36.3	60
dDocent_Contig_18865	1	340	44	335	98.5294	18.6088	36.2	60
dDocent_Contig_18871	1	319	11	299	93.7304	4.78997	35.9	60
dDocent_Contig_18880	1	368	28	366	99.4565	10.9918	36.4	60
dDocent_Contig_18883	1	385	28	313	81.2987	10.5506	36.2	60
dDocent_Contig_18888	1	396	37	394	99.4949	13.3586	36.2	60
dDocent_Contig_18890	1	344	12	316	91.8605	4.74709	34.8	60
dDocent_Contig_18891	1	453	30	334	73.7307	9.5894	36.1	60
dDocent_Contig_18892	1	335	276	310	92.5373	118.913	35.8	59.9
dDocent_Contig_18893	1	369	36	343	92.9539	12.3225	36.1	51.1
dDocent_Contig_18894	1	426	32	409	96.0094	10.5352	36.1	60
dDocent_Contig_18898	1	304	43	302	99.3421	18.6809	36.3	57.7
dDocent_Contig_18903	1	417	64	415	99.5204	21.0911	36.4	60
dDocent_Contig_18906	1	368	21	367	99.7283	8.13315	36.3	60
dDocent_Contig_18907	1	338	14	290	85.7988	5.89349	36.5	60
dDocent_Contig_18908	1	413	154	412	99.7579	53.9855	35.6	60
dDocent_Contig_18910	1	482	58	391	81.1203	17.6826	36.4	60
dDocent_Contig_18911	1	365	32	345	94.5205	12.737	36.5	60
dDocent_Contig_18917	1	315	50	314	99.6825	22.6476	36.4	60
dDocent_Contig_18918	1	405	38	295	72.8395	13.5827	35.7	60
dDocent_Contig_18927	1	289	10	235	81.3149	5.0173	34.6	60
dDocent_Contig_18934	1	341	18	334	97.9472	7.63636	35.9	60
dDocent_Contig_18937	1	395	2	187	47.3418	0.759494	36.6	60
dDocent_Contig_18941	1	399	3	150	37.594	0.741855	36.9	60
dDocent_Contig_18942	1	367	104	366	99.7275	40.5831	36	60
dDocent_Contig_18946	1	356	19	286	80.3371	7.81461	36.2	60
dDocent_Contig_18952	1	375	41	337	89.8667	16.0507	36.2	60
dDocent_Contig_18953	1	337	11	311	92.2849	4.67359	36.7	56.8
dDocent_Contig_18954	1	373	7	272	72.9223	2.52011	36.9	60
dDocent_Contig_18955	1	453	126	422	93.1567	38.298	34.9	60
dDocent_Contig_18970	1	467	15	329	70.4497	4.71734	36	60
dDocent_Contig_18971	1	408	91	404	99.0196	32.6348	36	60
dDocent_Contig_18974	1	394	13	235	59.6447	4.71066	35	60
dDocent_Contig_18975	1	308	50	302	98.0519	23.5552	35.6	60
dDocent_Contig_18986	1	361	8	235	65.097	2.87812	36.6	60
dDocent_Contig_18987	1	337	12	306	90.8012	5.19585	36.6	54.3
dDocent_Contig_18992	1	410	28	404	98.5366	9.64634	36.3	60
dDocent_Contig_18994	1	341	22	340	99.7067	9.26393	36.1	60
dDocent_Contig_19005	1	410	23	303	73.9024	7.94634	35.8	60
dDocent_Contig_19008	1	411	85	410	99.7567	30.2603	36.3	60
dDocent_Contig_19013	1	406	73	405	99.7537	25.8547	36.3	60
dDocent_Contig_19021	1	368	28	314	85.3261	11.0516	35.5	60
dDocent_Contig_19023	1	343	113	342	99.7085	40.793	35.9	59.3
dDocent_Contig_19024	1	380	45	366	96.3158	17.5605	36.4	60
dDocent_Contig_19029	1	239	24	238	99.5816	13.4226	36.1	60
dDocent_Contig_19030	1	464	14	260	56.0345	4.51724	36.1	60
dDocent_Contig_19031	1	294	31	241	81.9728	15.2483	36.2	60
dDocent_Contig_19033	1	328	118	326	99.3902	52.8323	35	60
dDocent_Contig_19034	1	462	12	246	53.2468	3.41775	36.6	60
dDocent_Contig_19036	1	327	32	238	72.7829	13.4037	36.3	60
dDocent_Contig_19038	1	330	46	299	90.6061	20.6848	36.2	60
dDocent_Contig_19043	1	408	36	408	100	12.2108	36	59.7
dDocent_Contig_19047	1	359	16	279	77.7159	6.07242	35.9	60
dDocent_Contig_19056	1	360	27	344	95.5556	10.7806	36.3	60
dDocent_Contig_19057	1	347	20	315	90.7781	8.48415	35.6	60
dDocent_Contig_19058	1	401	23	382	95.2618	8.40898	36.3	60
dDocent_Contig_19061	1	445	11	289	64.9438	3.24045	35.9	60
dDocent_Contig_19063	1	364	15	320	87.9121	6.02198	36.5	60
dDocent_Contig_19068	1	314	31	313	99.6815	13.3185	34.3	60
dDocent_Contig_19071	1	426	298	420	98.5915	96.8826	35.7	55.5
dDocent_Contig_19075	1	377	20	346	91.7772	7.42706	36.6	60
dDocent_Contig_19076	1	371	7	220	59.2992	2.83019	36	60
dDocent_Contig_19080	1	328	29	324	98.7805	11.6585	36.3	60
dDocent_Contig_19081	1	405	15	224	55.3086	5.45679	36.3	60
dDocent_Contig_19084	1	430	3	185	43.0233	1.04651	36.9	60
dDocent_Contig_19092	1	398	6	365	91.7085	2.13317	36.3	60
dDocent_Contig_19093	1	464	27	451	97.1983	8.62069	36.2	60
dDocent_Contig_19098	1	342	22	260	76.0234	8.26023	35.3	60
dDocent_Contig_19099	1	346	15	314	90.7514	6.22543	36.1	60
dDocent_Contig_19201	1	295	54	293	99.322	24.6	35.3	59.3
dDocent_Contig_19203	1	265	5	205	77.3585	2.38491	35.9	60
dDocent_Contig_19206	1	373	16	303	81.2332	6.28686	36.1	60
dDocent_Contig_19208	1	356	98	340	95.5056	40.0197	36.1	60
dDocent_Contig_19209	1	314	29	313	99.6815	13.4554	35.6	60
dDocent_Contig_19213	1	374	16	185	49.4652	6.35294	36.1	60
dDocent_Contig_19214	1	311	5	295	94.8553	2.40193	36.7	60
dDocent_Contig_19223	1	355	3	152	42.8169	1.1493	36.7	60
dDocent_Contig_19226	1	257	17	207	80.5447	9.75486	36.6	60
dDocent_Contig_19228	1	381	12	323	84.7769	4.48556	36.1	60
dDocent_Contig_19229	1	391	18	379	96.9309	6.76215	35.8	60
dDocent_Contig_19233	1	480	27	437	91.0417	8.21458	35.6	60
dDocent_Contig_19234	1	350	22	322	92	9.12571	35.2	60
dDocent_Contig_19236	1	376	29	270	71.8085	11.1622	34.1	60
dDocent_Contig_19248	1	386	38	371	96.114	14.0725	35.8	60
dDocent_Contig_19249	1	358	38	357	99.7207	14.4777	35.9	60
dDocent_Contig_19252	1	336	46	224	66.6667	19.3839	36.2	60
dDocent_Contig_19261	1	347	65	346	99.7118	27.072	35.9	60
dDocent_Contig_19262	1	417	41	324	77.6978	14.4125	36.1	46.3
dDocent_Contig_19267	1	354	12	352	99.435	4.70904	35.9	60
dDocent_Contig_19269	1	457	146	426	93.2166	46.6302	35.5	60
dDocent_Contig_19280	1	418	41	417	99.7608	13.823	36	60
dDocent_Contig_19288	1	438	4	153	34.9315	1.33562	36.7	60
dDocent_Contig_19289	1	358	7	236	65.9218	2.67598	36.1	60
dDocent_Contig_19292	1	343	5	238	69.3878	1.86589	34.5	57
dDocent_Contig_19296	1	366	23	330	90.1639	9.07104	36.5	60
dDocent_Contig_19297	1	357	26	355	99.4398	10.6555	35.4	60
dDocent_Contig_19304	1	472	20	471	99.7881	5.93644	36	60
dDocent_Contig_19313	1	358	17	339	94.6927	7.07542	36.5	60
dDocent_Contig_19314	1	233	10	230	98.7124	6.28326	35.9	60
dDocent_Contig_19339	1	490	17	312	63.6735	4.56327	36.1	60
dDocent_Contig_19345	1	396	36	357	90.1515	12.8788	36.6	60
dDocent_Contig_19346	1	375	5	209	55.7333	1.84	36.6	60
dDocent_Contig_19347	1	375	16	371	98.9333	5.93067	34.7	60
dDocent_Contig_19348	1	357	30	294	82.3529	11.437	36	60
dDocent_Contig_19351	1	380	205	378	99.4737	77.6053	35.9	60
dDocent_Contig_19358	1	383	54	361	94.2559	20	36.1	60
dDocent_Contig_19361	1	383	39	312	81.4621	14.8642	35.6	60
dDocent_Contig_19371	1	383	28	272	71.0183	9.89556	35.5	59.1
dDocent_Contig_19377	1	401	10	272	67.8304	3.6783	36.4	60
dDocent_Contig_19379	1	289	8	267	92.3875	4.02768	36	60
dDocent_Contig_19380	1	322	49	319	99.0683	22.1273	35.6	60
dDocent_Contig_19381	1	324	18	258	79.6296	7.87963	36.3	60
dDocent_Contig_19383	1	389	19	388	99.7429	7.20566	36.2	60
dDocent_Contig_19384	1	405	64	378	93.3333	23.1926	36	60
dDocent_Contig_19388	1	415	24	407	98.0723	8.03855	35.9	60
dDocent_Contig_19402	1	398	23	377	94.7236	8.42714	36.1	60
dDocent_Contig_19404	1	350	36	305	87.1429	14.7229	36.2	59.8
dDocent_Contig_19415	1	507	13	314	61.9329	3.72978	35.8	60
dDocent_Contig_19420	1	379	35	306	80.7388	13.4617	36.1	60
dDocent_Contig_19423	1	319	30	215	67.3981	12.5674	35.5	55.8
dDocent_Contig_19424	1	415	135	413	99.5181	45.1976	36	59.3
dDocent_Contig_19425	1	364	187	363	99.7253	71.533	36.1	56.3
dDocent_Contig_19429	1	304	12	209	68.75	5.76316	35.8	60
dDocent_Contig_19433	1	334	10	203	60.7784	4.28144	36.1	60
dDocent_Contig_19434	1	282	66	207	73.4043	32.0993	35.9	59.3
dDocent_Contig_19435	1	412	117	411	99.7573	40.6893	35.3	59.7
dDocent_Contig_19437	1	421	180	354	84.0855	62.2399	36	50.8
dDocent_Contig_19444	1	386	2139	377	97.6684	810.699	36	60
dDocent_Contig_19447	1	401	57	400	99.7506	20.5885	36	60
dDocent_Contig_19460	1	336	5	230	68.4524	2.23214	35.8	60
dDocent_Contig_19463	1	328	24	300	91.4634	9.91463	36.1	57.1
dDocent_Contig_19469	1	318	12	316	99.3711	5.55031	35.2	60
dDocent_Contig_19487	1	356	22	344	96.6292	9.07865	35.9	60
dDocent_Contig_19488	1	404	5	364	90.099	1.82673	33.2	60
dDocent_Contig_19493	1	368	16	366	99.4565	6.08696	35.1	60
dDocent_Contig_19495	1	366	5	274	74.8634	1.72131	34.9	60
dDocent_Contig_19497	1	352	8	278	78.9773	3.40057	36.1	60
dDocent_Contig_19498	1	342	38	313	91.5205	16.3392	35.8	60
dDocent_Contig_19511	1	327	3	181	55.3517	1.11315	36.8	56
dDocent_Contig_19512	1	365	8	232	63.5616	3.05753	35.4	60
dDocent_Contig_19514	1	407	15	293	71.9902	4.98771	34.8	60
dDocent_Contig_19517	1	369	4	195	52.8455	1.28184	36.5	60
dDocent_Contig_19518	1	305	6	283	92.7869	2.93115	36.4	60
dDocent_Contig_19519	1	386	13	359	93.0052	4.89119	36.2	60
dDocent_Contig_19520	1	388	33	358	92.268	12.5954	35.5	60
dDocent_Contig_19523	1	364	23	307	84.3407	9.12088	35.6	60
dDocent_Contig_19524	1	394	86	393	99.7462	31.4188	36.1	60
dDocent_Contig_19530	1	442	23	382	86.4253	7.54072	36.1	60
dDocent_Contig_19532	1	352	29	351	99.7159	12.0739	35.6	60
dDocent_Contig_19536	1	379	10	294	77.5726	3.82322	35.4	60
dDocent_Contig_19546	1	383	21	374	97.6501	8.16188	36.2	60
dDocent_Contig_19547	1	260	21	257	98.8462	11.7462	35.8	60
dDocent_Contig_19550	1	457	5	284	62.1444	1.60394	36.8	60
dDocent_Contig_19564	1	313	26	279	89.1374	11.4888	35.8	60
dDocent_Contig_19566	1	378	25	378	100	9.01587	36	57.1
dDocent_Contig_19573	1	258	27	257	99.6124	14.938	36.5	60
dDocent_Contig_19577	1	385	9	307	79.7403	3.45195	36.7	60
dDocent_Contig_19579	1	380	49	333	87.6316	17.6368	36.3	60
dDocent_Contig_19582	1	339	47	309	91.1504	20.1091	36.1	60
dDocent_Contig_19584	1	357	33	332	92.9972	13.1008	35.6	60
dDocent_Contig_19585	1	254	71	253	99.6063	32.2402	35.8	51.1
dDocent_Contig_19591	1	406	101	378	93.1034	35.4212	36	60
dDocent_Contig_19595	1	330	37	325	98.4848	16.4091	36	60
dDocent_Contig_19597	1	394	15	224	56.8528	5.65228	35.1	60
dDocent_Contig_19604	1	458	19	457	99.7817	5.63974	36.1	60
dDocent_Contig_19605	1	451	12	223	49.4457	3.85144	36	60
dDocent_Contig_19610	1	383	17	344	89.8172	6.11749	36.2	60
dDocent_Contig_19611	1	409	19	313	76.5281	6.57702	35.3	60
dDocent_Contig_19612	1	508	26	402	79.1339	7.19094	36.6	60
dDocent_Contig_19613	1	402	11	267	66.4179	3.90299	36.3	60
dDocent_Contig_19614	1	359	18	238	66.2953	7.2117	36.5	60
dDocent_Contig_19619	1	404	20	344	85.1485	7.24752	35.5	60
dDocent_Contig_19636	1	466	7	172	36.9099	2.04506	36.9	60
dDocent_Contig_19638	1	497	123	497	100	36.0302	35.9	59.3
dDocent_Contig_19641	1	359	6	246	68.5237	2.36769	35.2	60
dDocent_Contig_19645	1	342	9	243	71.0526	3.87135	34.4	60
dDocent_Contig_19649	1	411	16	283	68.8564	5.58394	35.8	60
dDocent_Contig_19651	1	376	22	335	89.0957	8.77394	35.3	60
dDocent_Contig_19652	1	361	39	314	86.9806	15.5125	35.9	60
dDocent_Contig_19657	1	369	19	208	56.3686	7.07317	34.6	60
dDocent_Contig_19659	1	364	5	329	90.3846	1.91758	36.6	60
dDocent_Contig_19665	1	348	4	200	57.4713	1.72126	36.7	60
dDocent_Contig_19679	1	262	19	208	79.3893	10.542	36	60
dDocent_Contig_19688	1	393	14	255	64.8855	4.49618	35.9	42.3
dDocent_Contig_19690	1	412	11	295	71.6019	3.91262	35.6	60
dDocent_Contig_19697	1	372	14	364	97.8495	4.89785	35.6	52.6
dDocent_Contig_19698	1	315	19	300	95.2381	8.66032	36.7	60
dDocent_Contig_19705	1	363	5	325	89.5317	2.06612	36.5	60
dDocent_Contig_19706	1	325	45	309	95.0769	19.7723	36.1	60
dDocent_Contig_19707	1	395	14	390	98.7342	5.24557	36.4	60
dDocent_Contig_19708	1	272	10	268	98.5294	5.41912	35.2	60
dDocent_Contig_19709	1	293	44	288	98.2935	22.1195	36.2	60
dDocent_Contig_19720	1	405	33	309	76.2963	11.7778	35.3	60
dDocent_Contig_19730	1	408	42	329	80.6373	14.1789	35.8	60
dDocent_Contig_19731	1	349	10	247	70.7736	4.2808	36.2	60
dDocent_Contig_19733	1	397	42	390	98.2368	15.0856	35.5	60
dDocent_Contig_19734	1	281	17	251	89.3238	8.97509	36.6	60
dDocent_Contig_19735	1	386	24	358	92.7461	8.63731	35.6	60
dDocent_Contig_19736	1	278	18	272	97.8417	9.11871	34.4	60
dDocent_Contig_19737	1	328	9	246	75	3.92988	33.5	60
dDocent_Contig_19738	1	326	25	262	80.3681	11.3282	36.4	60
dDocent_Contig_19740	1	366	17	245	66.9399	6.14481	36.1	60
dDocent_Contig_19743	1	255	5	193	75.6863	2.93333	36.8	60
dDocent_Contig_19758	1	348	24	233	66.954	9.58908	35.5	60
dDocent_Contig_19764	1	410	81	321	78.2927	28.3098	36.4	60
dDocent_Contig_19765	1	462	53	454	98.2684	16.619	35.7	60
dDocent_Contig_19767	1	388	264	387	99.7423	96.8041	36.1	59.8
dDocent_Contig_19771	1	318	16	246	77.3585	6.9717	36.5	60
dDocent_Contig_19774	1	411	33	264	64.2336	11.5961	36.2	60
dDocent_Contig_19778	1	397	16	360	90.6801	5.70277	36.4	60
dDocent_Contig_19779	1	398	29	294	73.8693	10.2915	36	60
dDocent_Contig_19780	1	304	37	278	91.4474	17.4441	36.1	60
dDocent_Contig_19781	1	398	22	345	86.6834	8.15327	36.4	60
dDocent_Contig_19783	1	328	21	269	82.0122	8.95122	36.2	59.2
dDocent_Contig_19784	1	342	16	218	63.7427	6.55263	36.4	60
dDocent_Contig_19797	1	373	23	357	95.7105	9.14209	35.9	60
dDocent_Contig_19807	1	321	16	240	74.7664	7.11838	36.8	60
dDocent_Contig_19809	1	392	176	390	99.4898	62.1429	35.9	59.7
dDocent_Contig_19810	1	415	5	265	63.8554	1.77831	36.7	60
dDocent_Contig_19813	1	374	17	279	74.5989	6.72727	36.6	60
dDocent_Contig_19823	1	284	18	282	99.2958	9.0493	36.2	59.2
dDocent_Contig_19824	1	311	21	310	99.6785	9.78457	35.6	60
dDocent_Contig_19825	1	360	5	321	89.1667	2.08333	36.8	60
dDocent_Contig_19827	1	376	34	288	76.5957	13.1356	36.3	60
dDocent_Contig_19830	1	391	41	337	86.1893	15.2916	36	60
dDocent_Contig_19834	1	319	15	297	93.1034	6.98433	35.9	60
dDocent_Contig_19837	1	488	41	488	100	11.4078	36.2	49.6
dDocent_Contig_19842	1	384	52	362	94.2708	18.7474	36.3	60
dDocent_Contig_19844	1	389	9	272	69.9229	3.46272	35.9	60
dDocent_Contig_19845	1	372	63	345	92.7419	24.4597	35.5	60
dDocent_Contig_19848	1	376	7	287	76.3298	2.70745	36.6	60
dDocent_Contig_19853	1	310	15	308	99.3548	6.55484	36	60
dDocent_Contig_19854	1	343	22	278	81.0496	9.41399	36.3	60
dDocent_Contig_19856	1	353	11	171	48.4419	3.50142	36.6	60
dDocent_Contig_19859	1	438	25	296	67.5799	8.26712	36.1	60
dDocent_Contig_19862	1	295	17	287	97.2881	8.49831	36.3	60
dDocent_Contig_19881	1	394	34	363	92.132	12.6802	36	60
dDocent_Contig_19882	1	335	13	281	83.8806	4.88358	35.5	49.5
dDocent_Contig_19883	1	373	11	221	59.2493	4.31099	36.1	60
dDocent_Contig_19885	1	351	11	334	95.1567	4.39316	36.4	60
dDocent_Contig_19889	1	397	31	339	85.3904	11.4736	35.7	60
dDocent_Contig_19891	1	360	19	358	99.4444	7.39167	36.7	60
dDocent_Contig_19903	1	458	23	299	65.2838	7.35808	36.3	60
dDocent_Contig_19905	1	329	52	328	99.696	22.8845	36.5	60
dDocent_Contig_19908	1	366	3	261	71.3115	0.997268	36.6	60
dDocent_Contig_19916	1	291	16	290	99.6564	7.72509	36	60
dDocent_Contig_19920	1	381	17	379	99.4751	6.62205	36.5	60
dDocent_Contig_19925	1	438	14	436	99.5434	4.6895	36.5	60
dDocent_Contig_19927	1	262	34	261	99.6183	18.7595	35.3	60
dDocent_Contig_19929	1	290	30	289	99.6552	14.8966	36.5	60
dDocent_Contig_19932	1	437	34	356	81.4645	11.3158	35.9	60
dDocent_Contig_19937	1	379	23	336	88.6544	8.8153	36.2	60
dDocent_Contig_19939	1	386	21	380	98.4456	7.6658	36.8	58
dDocent_Contig_19943	1	405	50	320	79.0123	17.3383	35.7	60
dDocent_Contig_19944	1	415	31	364	87.7108	10.8241	35.2	60
dDocent_Contig_19953	1	336	9	248	73.8095	3.33333	35.8	60
dDocent_Contig_19954	1	397	63	370	93.199	23.136	35.5	60
dDocent_Contig_19955	1	351	58	319	90.8832	23.9174	35.8	60
dDocent_Contig_19956	1	401	6	327	81.5461	2.22943	36.8	60
dDocent_Contig_19957	1	273	49	271	99.2674	25.2564	35.5	60
dDocent_Contig_19958	1	350	1	125	35.7143	0.357143	36.5	60
dDocent_Contig_19960	1	356	47	309	86.7978	19.382	35.2	60
dDocent_Contig_19965	1	405	26	404	99.7531	9.33333	35.6	60
dDocent_Contig_19969	1	368	28	367	99.7283	10.9728	35.8	59
dDocent_Contig_19972	1	503	5	152	30.2187	1.34394	35.1	60
dDocent_Contig_19974	1	404	65	318	78.7129	23.4332	36	60
dDocent_Contig_19981	1	341	14	312	91.4956	5.78592	36	53.9
dDocent_Contig_19996	1	473	50	472	99.7886	15.408	35.8	60
dDocent_Contig_20003	1	339	16	249	73.4513	7.04425	36.1	60
dDocent_Contig_20005	1	320	10	319	99.6875	3.9625	36.4	60
dDocent_Contig_20007	1	369	30	368	99.729	11.6748	36.3	60
dDocent_Contig_20019	1	415	32	321	77.3494	11.4988	35	60
dDocent_Contig_20034	1	304	31	284	93.4211	14.3618	35.8	60
dDocent_Contig_20043	1	368	67	367	99.7283	26.587	35.5	60
dDocent_Contig_20044	1	313	171	301	96.1661	74.2524	35.9	60
dDocent_Contig_20056	1	439	14	370	84.2825	4.31891	35.7	60
dDocent_Contig_20060	1	285	13	284	99.6491	6.69123	36.8	60
dDocent_Contig_20064	1	397	7	368	92.6952	2.58438	36.7	60
dDocent_Contig_20065	1	407	58	407	100	20.5946	35.9	60
dDocent_Contig_20078	1	323	10	322	99.6904	4.17647	36.5	60
dDocent_Contig_20084	1	414	27	278	67.1498	9.2343	36.2	60
dDocent_Contig_20086	1	358	5	216	60.3352	2.09497	35.9	60
dDocent_Contig_20089	1	414	25	342	82.6087	8.70773	36.2	60
dDocent_Contig_20093	1	435	21	418	96.092	6.75862	35.7	60
dDocent_Contig_20094	1	354	7	270	76.2712	2.4209	35.1	60
dDocent_Contig_20100	1	377	50	368	97.6127	19.2626	36	59.4
dDocent_Contig_20109	1	362	22	311	85.9116	9.02486	35.9	60
dDocent_Contig_20111	1	318	34	271	85.2201	15.5063	36.2	60
dDocent_Contig_20114	1	400	6	337	84.25	2.145	36.8	60
dDocent_Contig_20116	1	378	14	370	97.8836	5.39153	36.3	60
dDocent_Contig_20131	1	397	51	336	84.6348	18.3123	35.6	60
dDocent_Contig_20135	1	347	8	320	92.219	3.36599	35.6	60
dDocent_Contig_20141	1	399	16	374	93.7343	5.73935	34.6	59.9
dDocent_Contig_20150	1	316	22	272	86.0759	10.1899	35.8	60
dDocent_Contig_20164	1	415	40	406	97.8313	14.0193	35.8	60
dDocent_Contig_20179	1	343	39	333	97.0845	16.5569	36.1	60
dDocent_Contig_20181	1	369	5	237	64.2276	2.03252	36.8	60
dDocent_Contig_20183	1	370	10	274	74.0541	3.6	36.1	60
dDocent_Contig_20187	1	346	35	302	87.2832	13.974	35.3	60
dDocent_Contig_20191	1	232	5	150	64.6552	2.71552	36.8	60
dDocent_Contig_20201	1	308	29	287	93.1818	13.6948	35.9	60
dDocent_Contig_20202	1	410	24	313	76.3415	8.33171	36	60
dDocent_Contig_20204	1	380	23	377	99.2105	8.76842	36	60
dDocent_Contig_20205	1	300	153	212	70.6667	72.2567	35.8	47.8
dDocent_Contig_20206	1	387	33	309	79.845	12.0233	35.8	60
dDocent_Contig_20210	1	340	30	282	82.9412	13.0088	36.1	60
dDocent_Contig_20211	1	354	7	255	72.0339	2.70339	36.4	60
dDocent_Contig_20213	1	339	6	318	93.8053	2.64012	36.4	60
dDocent_Contig_20223	1	453	9	387	85.4305	2.98013	36.3	60
dDocent_Contig_20224	1	255	38	254	99.6078	21.0392	36.1	60
dDocent_Contig_20225	1	385	6	232	60.2597	1.96364	35.6	60
dDocent_Contig_20229	1	377	23	292	77.4536	8.7374	36.3	60
dDocent_Contig_20234	1	363	237	361	99.449	89.0551	34.9	57.2
dDocent_Contig_20238	1	355	9	311	87.6056	3.69577	36.4	57.7
dDocent_Contig_20247	1	337	21	294	87.2404	8.58457	35.8	58.1
dDocent_Contig_20248	1	352	106	333	94.6023	43.7812	35.7	60
dDocent_Contig_20251	1	413	17	395	95.6416	6.03874	36.7	60
dDocent_Contig_20253	1	394	44	355	90.1015	15.8985	36.3	60
dDocent_Contig_20256	1	296	61	279	94.2568	20.9628	34.1	56.9
dDocent_Contig_20263	1	330	24	313	94.8485	10.7788	36.1	60
dDocent_Contig_20264	1	424	25	385	90.8019	7.98113	36	60
dDocent_Contig_20267	1	392	42	390	99.4898	14.5638	36.1	58.4
dDocent_Contig_20268	1	402	55	375	93.2836	20.1194	36	60
dDocent_Contig_20274	1	282	9	250	88.6525	4.67376	36.4	60
dDocent_Contig_20276	1	391	11	315	80.5627	3.91816	36.7	60
dDocent_Contig_20278	1	364	33	351	96.4286	13.2198	35.9	60
dDocent_Contig_20279	1	251	58	248	98.8048	26.1633	34.9	60
dDocent_Contig_20280	1	414	45	232	56.0386	15.7029	35.5	60
dDocent_Contig_20297	1	391	59	308	78.7724	21.4834	36.2	60
dDocent_Contig_20299	1	447	9	304	68.0089	2.7651	36.6	60
dDocent_Contig_20303	1	291	15	279	95.8763	6.90034	35.4	60
dDocent_Contig_20311	1	369	2	131	35.5014	0.710027	33.4	60
dDocent_Contig_20319	1	344	48	335	97.3837	19.7849	36.2	60
dDocent_Contig_20333	1	489	11	383	78.3231	3.09202	35	60
dDocent_Contig_20341	1	269	37	207	76.9517	19.7509	35.7	60
dDocent_Contig_20346	1	385	35	341	88.5714	12.6883	36.2	60
dDocent_Contig_20362	1	289	21	285	98.6159	9.91349	36.4	60
dDocent_Contig_20364	1	344	29	292	84.8837	12.4128	36.4	60
dDocent_Contig_20366	1	371	1	150	40.4313	0.404313	36.5	60
dDocent_Contig_20367	1	287	13	177	61.6725	6.52962	34.8	60
dDocent_Contig_20374	1	379	35	377	99.4723	13.4327	35.4	60
dDocent_Contig_20381	1	352	43	350	99.4318	18.0824	36	58.7
dDocent_Contig_20382	1	390	11	230	58.9744	3.86667	36.7	51.4
dDocent_Contig_20383	1	350	12	334	95.4286	4.88	36	60
dDocent_Contig_20386	1	344	24	290	84.3023	10.3924	36.3	60
dDocent_Contig_20387	1	362	4	184	50.8287	1.65746	36.4	60
dDocent_Contig_20389	1	339	33	313	92.3304	14.1947	36	60
dDocent_Contig_20397	1	338	9	336	99.4083	3.42604	35.8	60
dDocent_Contig_20404	1	359	25	244	67.9666	9.87465	36.5	59.7
dDocent_Contig_20407	1	421	94	385	91.4489	30.0333	34.7	60
dDocent_Contig_20410	1	408	112	331	81.1275	38.7402	34.8	59.8
dDocent_Contig_20414	1	497	16	361	72.6358	4.72435	36.2	60
dDocent_Contig_20418	1	333	22	255	76.5766	9.16517	35.6	60
dDocent_Contig_20428	1	352	67	351	99.7159	27.0256	36.2	60
dDocent_Contig_20429	1	366	852	365	99.7268	326	35.9	59.6
dDocent_Contig_20431	1	396	31	362	91.4141	10.8131	35.3	59.3
dDocent_Contig_20450	1	292	6	173	59.2466	2.9863	36.7	60
dDocent_Contig_20451	1	397	25	239	60.2015	9.05793	36	60
dDocent_Contig_20453	1	400	14	289	72.25	5.1825	36.1	60
dDocent_Contig_20459	1	317	48	316	99.6845	21.8486	35.9	60
dDocent_Contig_20460	1	246	10	243	98.7805	5.5935	36.7	60
dDocent_Contig_20473	1	397	18	356	89.6725	6.74307	35.4	60
dDocent_Contig_20474	1	357	44	308	86.2745	17.9048	35.8	60
dDocent_Contig_20478	1	270	1	123	45.5556	0.455556	36.4	60
dDocent_Contig_20486	1	313	23	300	95.8466	9.85942	36.1	60
dDocent_Contig_20493	1	415	11	214	51.5663	2.95663	36.2	60
dDocent_Contig_20498	1	310	17	246	79.3548	7.56774	36.4	58.6
dDocent_Contig_20503	1	383	27	381	99.4778	9.29765	36.5	44.1
dDocent_Contig_20507	1	340	60	338	99.4118	25.9971	36.3	60
dDocent_Contig_20508	1	309	17	297	96.1165	7.7767	36.3	60
dDocent_Contig_20511	1	424	8	261	61.5566	2.83019	36.5	60
dDocent_Contig_20513	1	378	1	150	39.6825	0.396825	36.9	60
dDocent_Contig_20524	1	238	6	211	88.6555	3.70588	36.8	60
dDocent_Contig_20527	1	338	19	249	73.6686	7.19527	36.3	58.7
dDocent_Contig_20532	1	367	19	329	89.6458	6.82289	35.7	60
dDocent_Contig_20543	1	404	39	383	94.802	13.6931	35.8	60
dDocent_Contig_20548	1	310	21	308	99.3548	9.30968	36.2	60
dDocent_Contig_20559	1	371	29	337	90.8356	11.6038	36.3	60
dDocent_Contig_20560	1	388	20	379	97.6804	7.45619	35.7	60
dDocent_Contig_20563	1	459	14	234	50.9804	3.81264	36.6	60
dDocent_Contig_20564	1	383	14	378	98.6945	5.39426	35.6	60
dDocent_Contig_20566	1	283	12	239	84.4523	5.66431	36.5	60
dDocent_Contig_20570	1	418	11	374	89.4737	3.94258	36.6	60
dDocent_Contig_20572	1	255	32	253	99.2157	17.8745	36.3	60
dDocent_Contig_20577	1	308	21	307	99.6753	10.1104	36.5	60
dDocent_Contig_20579	1	323	8	218	67.4923	3.42105	36.3	60
dDocent_Contig_20582	1	327	21	275	84.0979	9.53211	36	60
dDocent_Contig_20583	1	353	1	150	42.4929	0.424929	35.8	60
dDocent_Contig_20591	1	413	19	296	71.6707	6.76271	35.4	60
dDocent_Contig_20595	1	390	49	389	99.7436	18.4128	36.2	60
dDocent_Contig_20598	1	445	20	233	52.3596	6.48315	35.1	60
dDocent_Contig_20599	1	241	39	236	97.9253	21.0622	34.4	60
dDocent_Contig_20600	1	358	58	356	99.4413	21.8994	35.3	59.7
dDocent_Contig_20606	1	474	20	412	86.9198	6.08439	35.7	58.1
dDocent_Contig_20611	1	350	40	349	99.7143	16.2886	35.9	60
dDocent_Contig_20614	1	388	63	346	89.1753	23.1314	36.1	60
dDocent_Contig_20621	1	262	31	262	100	16.5229	36.5	60
dDocent_Contig_20622	1	333	40	321	96.3964	17.5646	35.8	60
dDocent_Contig_20635	1	307	1	150	48.8599	0.488599	36.8	60
dDocent_Contig_20636	1	397	21	222	55.9194	7.6927	35.8	60
dDocent_Contig_20638	1	371	26	327	88.1402	9.97035	35.9	60
dDocent_Contig_20640	1	431	67	377	87.471	19.2251	34.3	60
dDocent_Contig_20642	1	283	48	281	99.2933	21.9435	35.1	59.5
dDocent_Contig_20653	1	361	8	344	95.2909	2.9169	36.4	60
dDocent_Contig_20663	1	348	27	347	99.7126	11.6121	35.6	60
dDocent_Contig_20670	1	481	41	351	72.973	12.2682	35.6	60
dDocent_Contig_20677	1	367	20	365	99.455	7.94823	36.5	60
dDocent_Contig_20679	1	390	10	297	76.1538	3.77436	35.8	60
dDocent_Contig_20680	1	340	22	323	95	9.34118	35.8	53.2
dDocent_Contig_20687	1	317	81	273	86.1199	36.1546	36	59.3
dDocent_Contig_20688	1	353	35	349	98.8669	14.4929	36	60
dDocent_Contig_20695	1	419	20	296	70.6444	6.4821	36.1	60
dDocent_Contig_20708	1	329	34	311	94.5289	15.2006	36.2	60
dDocent_Contig_20713	1	336	18	332	98.8095	7.85119	36.2	60
dDocent_Contig_20718	1	342	11	284	83.0409	4.64035	36.6	60
dDocent_Contig_20725	1	450	142	430	95.5556	45.4511	36.3	60
dDocent_Contig_20728	1	358	7	335	93.5754	2.92737	35.5	60
dDocent_Contig_20729	1	369	7	240	65.0407	2.74255	36.5	60
dDocent_Contig_20746	1	400	21	305	76.25	7.5875	36.1	60
dDocent_Contig_20750	1	414	13	261	63.0435	4.54589	35.7	60
dDocent_Contig_20760	1	342	24	227	66.3743	10.1696	36.2	60
dDocent_Contig_20761	1	411	13	356	86.618	4.24088	35.6	60
dDocent_Contig_20768	1	242	16	240	99.1736	9.1405	36.1	60
dDocent_Contig_20769	1	448	5	353	78.7946	1.60714	36.6	60
dDocent_Contig_20780	1	361	4	189	52.3546	1.66205	36.7	60
dDocent_Contig_20790	1	325	15	323	99.3846	6.51385	35.6	60
dDocent_Contig_20792	1	334	8	237	70.9581	3.43713	36.1	60
dDocent_Contig_20793	1	396	31	380	95.9596	10.9217	36.2	60
dDocent_Contig_20829	1	375	3	181	48.2667	0.826667	35.9	60
dDocent_Contig_20833	1	389	11	232	59.6401	3.97172	36.3	60
dDocent_Contig_20837	1	404	32	303	75	11.6213	36.2	60
dDocent_Contig_20839	1	489	50	455	93.047	14.4029	36	60
dDocent_Contig_20842	1	382	21	296	77.4869	8.03927	35.7	60
dDocent_Contig_20843	1	379	2	193	50.9235	0.791557	37	60
dDocent_Contig_20845	1	442	45	351	79.4118	14.8462	35.5	60
dDocent_Contig_20858	1	411	20	302	73.4793	7.14355	34.5	60
dDocent_Contig_20859	1	514	14	448	87.1595	3.88911	35.8	60
dDocent_Contig_20863	1	417	36	332	79.6163	12.3165	36.2	60
dDocent_Contig_20871	1	362	16	288	79.558	6.45856	36.1	60
dDocent_Contig_20879	1	351	5	249	70.9402	2.13675	36.2	60
dDocent_Contig_20882	1	403	280	402	99.7519	100.697	36.1	60
dDocent_Contig_20884	1	421	12	317	75.2969	4.17102	36.3	60
dDocent_Contig_20886	1	372	101	371	99.7312	39.4624	35.9	60
dDocent_Contig_20888	1	291	5	285	97.9381	2.50859	36.6	60
dDocent_Contig_20906	1	319	16	244	76.489	7.40439	36.5	60
dDocent_Contig_20907	1	359	3	105	29.2479	0.866295	36.8	60
dDocent_Contig_20911	1	280	55	279	99.6429	28.7036	36	60
dDocent_Contig_20924	1	486	217	388	79.8354	61.6975	36.2	59.3
dDocent_Contig_20929	1	263	11	240	91.2548	5.95817	35.7	60
dDocent_Contig_20935	1	434	10	292	67.2811	3.25806	36.1	60
dDocent_Contig_20939	1	463	15	315	68.0346	4.7041	36.4	60
dDocent_Contig_20949	1	354	32	353	99.7175	12.6271	36.2	60
dDocent_Contig_20969	1	427	31	345	80.7963	10.6183	35.4	60
dDocent_Contig_20972	1	371	36	342	92.1833	14.1806	36.3	60
dDocent_Contig_20981	1	366	102	328	89.6175	39.623	35.5	60
dDocent_Contig_20986	1	369	17	198	53.6585	6.75339	33.9	60
dDocent_Contig_20987	1	479	15	216	45.0939	4.32777	35.9	60
dDocent_Contig_20990	1	344	20	331	96.2209	8.28779	36.4	57.5
dDocent_Contig_20994	1	288	9	232	80.5556	4.40972	36.7	60
dDocent_Contig_20996	1	404	10	229	56.6832	3.01238	36.4	60
dDocent_Contig_21028	1	374	11	371	99.1979	4.30481	36	60
dDocent_Contig_21031	1	424	22	311	73.3491	7.0684	35.5	60
dDocent_Contig_21033	1	420	33	409	97.381	11.4405	36.3	60
dDocent_Contig_21046	1	366	27	355	96.9945	10.6967	35.9	60
dDocent_Contig_21049	1	420	10	223	53.0952	3.3381	36.8	60
dDocent_Contig_21056	1	373	32	318	85.2547	12.4665	35.1	60
dDocent_Contig_21073	1	359	36	339	94.429	14.2145	35.8	60
dDocent_Contig_21077	1	453	12	246	54.3046	3.92715	35.9	60
dDocent_Contig_21084	1	269	3	239	88.8476	1.67286	36.6	60
dDocent_Contig_21086	1	246	5	157	63.8211	2.97967	34	59.2
dDocent_Contig_21087	1	360	1	148	41.1111	0.411111	36.9	60
dDocent_Contig_21090	1	401	13	342	85.2868	4.68828	36.3	60
dDocent_Contig_21094	1	454	34	400	88.1057	10.5286	35.8	59
dDocent_Contig_21095	1	367	4	162	44.1417	1.60218	36.9	60
dDocent_Contig_21116	1	300	23	271	90.3333	11.3733	35.3	60
dDocent_Contig_21117	1	427	60	396	92.74	20.2646	36.2	60
dDocent_Contig_21121	1	452	66	367	81.1947	21.2898	36.3	60
dDocent_Contig_21126	1	406	50	387	95.3202	17.5567	36.3	60
dDocent_Contig_21133	1	373	8	278	74.5308	3.2118	36.4	60
dDocent_Contig_21140	1	378	4	172	45.5026	1.57937	34.9	60
dDocent_Contig_21148	1	361	46	323	89.4737	19.0249	36.1	60
dDocent_Contig_21149	1	392	81	391	99.7449	30.0638	35.8	60
dDocent_Contig_21153	1	307	28	295	96.0912	12.7068	36.2	60
dDocent_Contig_21156	1	415	67	409	98.5542	23.7108	36.4	60
dDocent_Contig_21158	1	362	7	245	67.6796	2.77072	36.1	60
dDocent_Contig_21171	1	229	4	228	99.5633	2.57205	36.9	60
dDocent_Contig_21172	1	344	4	257	74.7093	1.68605	36.7	60
dDocent_Contig_21175	1	381	11	324	85.0394	4.01575	36.4	60
dDocent_Contig_21180	1	416	38	362	87.0192	13.4567	35.5	60
dDocent_Contig_21181	1	298	14	297	99.6644	6.85235	36.2	60
dDocent_Contig_21184	1	329	14	259	78.7234	5.45289	34.3	59.6
dDocent_Contig_21186	1	286	20	284	99.3007	10.1853	36	60
dDocent_Contig_21193	1	399	45	397	99.4987	16.7569	36.5	60
dDocent_Contig_21197	1	461	16	277	60.0868	4.20824	35	60
dDocent_Contig_21198	1	369	33	343	92.9539	13.252	36.4	60
dDocent_Contig_21199	1	442	1	145	32.8054	0.328054	37	60
dDocent_Contig_21201	1	256	42	254	99.2188	23.5898	35.6	60
dDocent_Contig_21203	1	359	36	249	69.3593	13.8663	36	60
dDocent_Contig_21204	1	306	16	243	79.4118	7.71242	35.4	60
dDocent_Contig_21209	1	261	3	150	57.4713	1.31034	36.6	60
dDocent_Contig_21210	1	375	72	372	99.2	27.4853	35.7	56.9
dDocent_Contig_21211	1	259	61	258	99.6139	33.9846	36.1	60
dDocent_Contig_21212	1	358	15	306	85.4749	5.93017	35	60
dDocent_Contig_21214	1	281	11	268	95.3737	5.36299	35.3	60
dDocent_Contig_21227	1	355	14	289	81.4085	5.84507	36.5	60
dDocent_Contig_21232	1	425	20	301	70.8235	6.81647	36.4	60
dDocent_Contig_21233	1	287	11	284	98.9547	5.35192	35	60
dDocent_Contig_21234	1	349	11	329	94.2693	4.2149	36.6	60
dDocent_Contig_21243	1	405	62	403	99.5062	21.5778	35.8	60
dDocent_Contig_21245	1	293	7	167	56.9966	3.32082	36.3	60
dDocent_Contig_21246	1	397	6	258	64.9874	2.19144	34.7	60
dDocent_Contig_21251	1	408	25	395	96.8137	8.71814	36.7	60
dDocent_Contig_21253	1	505	58	473	93.6634	16.5188	35.6	60
dDocent_Contig_21258	1	488	16	324	66.3934	4.8873	36.6	60
dDocent_Contig_21260	1	281	6	193	68.6833	3.00712	36.2	60
dDocent_Contig_21261	1	425	116	389	91.5294	38.1129	35	59.9
dDocent_Contig_21266	1	351	27	350	99.7151	11.1083	36.3	60
dDocent_Contig_21273	1	409	40	351	85.8191	14.5086	36	60
dDocent_Contig_21274	1	357	9	307	85.9944	3.61345	36	60
dDocent_Contig_21275	1	400	45	357	89.25	16.485	36.1	60
dDocent_Contig_21278	1	362	20	332	91.7127	7.74862	35.9	59.5
dDocent_Contig_21279	1	378	24	364	96.2963	9.28307	35.9	60
dDocent_Contig_21281	1	434	16	403	92.8571	4.95622	35.2	60
dDocent_Contig_21285	1	334	30	283	84.7305	12.9072	36.3	60
dDocent_Contig_21291	1	426	12	387	90.8451	4.07981	36.3	60
dDocent_Contig_21300	1	292	27	267	91.4384	13.3801	36.5	60
dDocent_Contig_21301	1	384	34	327	85.1562	12.9922	35.9	59.7
dDocent_Contig_21307	1	368	12	335	91.0326	4.66576	36.3	60
dDocent_Contig_21312	1	347	16	319	91.9308	6.59654	36.3	60
dDocent_Contig_21323	1	316	25	314	99.3671	10.962	36.3	60
dDocent_Contig_21326	1	393	36	335	85.2417	13.341	35.7	60
dDocent_Contig_21328	1	398	27	361	90.7035	8.92714	35.6	51.1
dDocent_Contig_21329	1	313	18	222	70.9265	8.12141	36.3	60
dDocent_Contig_21330	1	389	17	303	77.892	5.94602	35.9	60
dDocent_Contig_21335	1	441	6	275	62.3583	2	35.5	60
dDocent_Contig_21336	1	465	14	289	62.1505	4.42151	35.7	60
dDocent_Contig_21337	1	512	37	446	87.1094	10.0098	36.5	60
dDocent_Contig_21340	1	368	43	318	86.413	15.9783	36.3	60
dDocent_Contig_21345	1	250	19	248	99.2	10.572	35.5	60
dDocent_Contig_21347	1	317	17	271	85.489	6.89905	35.2	50.3
dDocent_Contig_21351	1	342	5	222	64.9123	2.11404	35.9	60
dDocent_Contig_21354	1	426	9	332	77.9343	2.92488	35.8	59.6
dDocent_Contig_21355	1	332	35	331	99.6988	14.8102	35.9	60
dDocent_Contig_21356	1	470	34	295	62.766	10.1723	35.5	49.1
dDocent_Contig_21359	1	405	100	404	99.7531	29.5136	35.2	54.7
dDocent_Contig_21379	1	373	41	358	95.9786	16.059	36	60
dDocent_Contig_21385	1	425	116	375	88.2353	39.4	35.7	60
dDocent_Contig_21388	1	367	62	359	97.8202	24.515	36.3	60
dDocent_Contig_21390	1	402	59	315	78.3582	21.0871	36.1	60
dDocent_Contig_21391	1	433	39	401	92.6097	12.7136	36.2	60
dDocent_Contig_21392	1	355	19	303	85.3521	7.47606	35.9	60
dDocent_Contig_21400	1	351	9	190	54.1311	3.59829	36.7	60
dDocent_Contig_21404	1	391	22	244	62.4041	7.85166	35.7	60
dDocent_Contig_21406	1	389	9	265	68.1234	3.39332	35.8	60
dDocent_Contig_21414	1	387	18	293	75.7106	6.17054	36.8	60
dDocent_Contig_21415	1	389	36	322	82.7763	13.1774	36	60
dDocent_Contig_21419	1	434	3	337	77.6498	1.03687	36.9	60
dDocent_Contig_21429	1	344	22	258	75	9.47384	35.7	60
dDocent_Contig_21431	1	484	23	469	96.9008	6.58678	36.5	60
dDocent_Contig_21432	1	314	17	295	93.949	7.65287	36.2	60
dDocent_Contig_21435	1	388	40	309	79.6392	14.6701	36.1	60
dDocent_Contig_21459	1	236	13	235	99.5763	7.5339	35.8	60
dDocent_Contig_21460	1	382	42	364	95.288	15.966	36.2	60
dDocent_Contig_21462	1	359	8	258	71.8663	3.34262	36.1	60
dDocent_Contig_21463	1	295	15	293	99.322	7.24068	36.2	60
dDocent_Contig_21464	1	269	16	248	92.1933	8.30483	34.9	60
dDocent_Contig_21468	1	450	864	450	100	269.636	35.3	53
dDocent_Contig_21469	1	413	18	316	76.5133	6.41162	36	60
dDocent_Contig_21473	1	363	23	244	67.2176	9.17906	36	60
dDocent_Contig_21474	1	349	64	335	95.9885	26.0659	35.7	59.8
dDocent_Contig_21481	1	352	20	326	92.6136	8.15909	35.8	60
dDocent_Contig_21482	1	412	18	396	96.1165	6.2767	34.8	60
dDocent_Contig_21485	1	355	30	343	96.6197	12.2732	36	55.2
dDocent_Contig_21487	1	332	17	299	90.0602	6.78916	36.6	60
dDocent_Contig_21488	1	333	21	284	85.2853	9.25826	36.1	60
dDocent_Contig_21492	1	381	1	134	35.1706	0.351706	36.7	60
dDocent_Contig_21495	1	393	87	346	88.0407	31.1781	34.6	60
dDocent_Contig_21496	1	389	52	387	99.4859	19.7635	36	60
dDocent_Contig_21500	1	240	30	224	93.3333	17.9875	36.1	60
dDocent_Contig_21501	1	326	4	322	98.773	1.65644	36.3	60
dDocent_Contig_21504	1	361	14	359	99.446	5.53463	36	60
dDocent_Contig_21505	1	370	42	347	93.7838	16.3595	35.6	60
dDocent_Contig_21510	1	315	1	150	47.619	0.47619	37	60
dDocent_Contig_21511	1	368	44	347	94.2935	17.1875	35	58.6
dDocent_Contig_21514	1	401	21	307	76.5586	7.81297	36.6	60
dDocent_Contig_21515	1	407	27	241	59.2138	9.41523	35.2	60
dDocent_Contig_21517	1	303	9	302	99.67	4.39604	34.9	60
dDocent_Contig_21527	1	439	15	243	55.3531	4.72437	36.6	60
dDocent_Contig_21536	1	397	24	329	82.8715	8.92695	35.8	60
dDocent_Contig_21540	1	333	18	248	74.4745	8.06306	36.2	60
dDocent_Contig_21541	1	373	60	372	99.7319	22.6461	35.8	60
dDocent_Contig_21548	1	365	25	269	73.6986	9.8137	35.7	60
dDocent_Contig_21557	1	377	2	150	39.7878	0.795756	34	60
dDocent_Contig_21559	1	397	131	396	99.7481	46.1914	36	58.1
dDocent_Contig_21562	1	418	5	320	76.555	1.77033	36.8	60
dDocent_Contig_21566	1	411	24	350	85.1582	8.61557	36.1	60
dDocent_Contig_21567	1	360	62	347	96.3889	25.2889	36.2	60
dDocent_Contig_21568	1	350	17	324	92.5714	6.74857	35.7	60
dDocent_Contig_21569	1	300	10	257	85.6667	4.63	34.6	60
dDocent_Contig_21574	1	402	13	401	99.7512	4.81592	35.3	60
dDocent_Contig_21580	1	429	27	411	95.8042	9.41026	36.1	60
dDocent_Contig_21582	1	315	6	183	58.0952	2.59048	35.5	60
dDocent_Contig_21583	1	380	12	212	55.7895	4.52895	36.6	60
dDocent_Contig_21586	1	387	14	212	54.7804	5.12661	36.8	60
dDocent_Contig_21587	1	242	28	235	97.1074	16.5496	36.2	60
dDocent_Contig_21589	1	383	17	364	95.0392	6.27676	36.2	59.3
dDocent_Contig_21593	1	417	16	300	71.9424	5.45564	36.2	60
dDocent_Contig_21606	1	288	15	267	92.7083	7.31944	35.1	60
dDocent_Contig_21619	1	511	39	447	87.4755	10.4834	36.4	60
dDocent_Contig_21629	1	357	46	356	99.7199	19.0392	35.9	60
dDocent_Contig_21630	1	261	31	255	97.7011	16.659	36.3	60
dDocent_Contig_21631	1	392	68	391	99.7449	25.6327	36.1	60
dDocent_Contig_21632	1	367	61	283	77.1117	23.7575	35.7	60
dDocent_Contig_21643	1	361	17	320	88.6427	6.47645	35	60
dDocent_Contig_21644	1	312	47	310	99.359	21.141	36.1	60
dDocent_Contig_21648	1	431	12	357	82.8306	3.64965	35.8	60
dDocent_Contig_21665	1	345	32	277	80.2899	13.5971	36.2	60
dDocent_Contig_21667	1	394	14	308	78.1726	5.21066	36.7	60
dDocent_Contig_21670	1	385	52	384	99.7403	19.6857	36	60
dDocent_Contig_21687	1	368	3	287	77.9891	1.15217	36.5	60
dDocent_Contig_21689	1	312	16	237	75.9615	7.26603	36.2	60
dDocent_Contig_21690	1	468	24	294	62.8205	7.38675	36.1	60
dDocent_Contig_21693	1	384	6	262	68.2292	2.1901	36.5	60
dDocent_Contig_21698	1	491	42	461	93.89	12.5642	35.3	60
dDocent_Contig_21699	1	283	51	281	99.2933	21.8057	35.7	60
dDocent_Contig_21705	1	466	25	368	78.97	7.4206	36.3	60
dDocent_Contig_21709	1	348	16	302	86.7816	6.78161	36.1	60
dDocent_Contig_21711	1	405	27	354	87.4074	9.45432	35.4	60
dDocent_Contig_21712	1	383	85	382	99.7389	32.1201	35.6	60
dDocent_Contig_21717	1	455	28	434	95.3846	9.07033	36.5	60
dDocent_Contig_21718	1	472	17	470	99.5763	5.17797	36.1	60
dDocent_Contig_21722	1	286	7	277	96.8531	3.66084	36.6	60
dDocent_Contig_21723	1	403	59	362	89.8263	21.2308	35.8	60
dDocent_Contig_21726	1	280	27	229	81.7857	13.5357	35.1	59.9
dDocent_Contig_21729	1	375	9	368	98.1333	3.29867	35.9	60
dDocent_Contig_21737	1	315	17	305	96.8254	7.53333	36.5	60
dDocent_Contig_21740	1	364	34	334	91.7582	12.8214	36.1	60
dDocent_Contig_21747	1	305	9	198	64.918	3.84918	36.7	60
dDocent_Contig_21755	1	393	35	346	88.0407	13.028	35.8	60
dDocent_Contig_21760	1	237	12	235	99.1561	6.11392	36.7	60
dDocent_Contig_21779	1	365	14	322	88.2192	4.83836	36.7	60
dDocent_Contig_21786	1	350	35	313	89.4286	14.4286	36.4	60
dDocent_Contig_21792	1	371	19	302	81.4016	7.29111	36.3	60
dDocent_Contig_21800	1	329	13	205	62.31	5.13678	35.9	60
dDocent_Contig_21803	1	356	10	224	62.9213	4.16854	36	60
dDocent_Contig_21808	1	359	1	150	41.7827	0.417827	36.8	60
dDocent_Contig_21809	1	386	32	384	99.4819	11.9275	35.4	60
dDocent_Contig_21815	1	492	39	388	78.8618	11.6768	36	60
dDocent_Contig_21819	1	405	86	385	95.0617	30.9259	36.3	60
dDocent_Contig_21829	1	370	60	368	99.4595	23.6676	33.8	60
dDocent_Contig_21830	1	319	22	318	99.6865	9.21944	36.2	56.4
dDocent_Contig_21832	1	428	20	285	66.5888	6.92757	35.3	60
dDocent_Contig_21833	1	339	43	314	92.6254	18.4159	36.1	60
dDocent_Contig_21850	1	296	20	256	86.4865	9.87838	36.6	60
dDocent_Contig_21855	1	437	4	150	34.3249	1.373	34.6	60
dDocent_Contig_21856	1	304	18	296	97.3684	8.26316	36.1	60
dDocent_Contig_21864	1	380	11	363	95.5263	4.26579	36.6	60
dDocent_Contig_21866	1	314	10	275	87.5796	4.63694	36.6	60
dDocent_Contig_21871	1	374	8	284	75.9358	3.06952	35.2	60
dDocent_Contig_21886	1	331	21	289	87.3112	9.17523	36.5	60
dDocent_Contig_21888	1	394	8	332	84.264	2.78426	36.7	60
dDocent_Contig_21889	1	423	17	293	69.2671	5.89362	35.8	60
dDocent_Contig_21901	1	449	61	404	89.9777	19.4633	35.8	59.9
dDocent_Contig_21911	1	339	47	336	99.115	19.6637	35.8	60
dDocent_Contig_21913	1	394	15	236	59.8985	5.35025	35.9	60
dDocent_Contig_21914	1	339	31	334	98.5251	12.7699	36.1	60
dDocent_Contig_21941	1	301	4	230	76.412	1.98671	36.8	60
dDocent_Contig_21942	1	404	48	361	89.3564	16.8812	35.5	60
dDocent_Contig_21944	1	343	30	324	94.4606	12.2536	36.4	60
dDocent_Contig_21945	1	303	117	301	99.3399	54.0099	35.6	60
dDocent_Contig_21946	1	393	4	173	44.0204	1.29517	36.9	60
dDocent_Contig_21949	1	445	6	168	37.7528	1.80449	36.6	60
dDocent_Contig_21957	1	401	35	399	99.5012	12.5162	36.5	60
dDocent_Contig_21962	1	243	38	242	99.5885	22.1523	36.1	60
dDocent_Contig_21964	1	380	1	150	39.4737	0.394737	37	60
dDocent_Contig_21968	1	366	25	295	80.6011	9.61749	34.8	60
dDocent_Contig_21969	1	420	26	331	78.8095	8.72857	36.2	60
dDocent_Contig_21970	1	398	108	391	98.2412	37.9447	36	59.4
dDocent_Contig_21973	1	282	29	281	99.6454	14.7199	36	60
dDocent_Contig_21984	1	317	7	253	79.8107	3.08833	36.2	60
dDocent_Contig_21989	1	374	30	296	79.1444	11.1818	36.1	60
dDocent_Contig_21993	1	268	10	266	99.2537	5.34328	36	60
dDocent_Contig_22006	1	317	474	315	99.3691	194.394	35.7	57.2
dDocent_Contig_22009	1	470	16	367	78.0851	5.05106	36.3	60
dDocent_Contig_22019	1	320	10	286	89.375	3.89062	36.1	60
dDocent_Contig_22021	1	338	13	235	69.5266	5.66568	36.2	60
dDocent_Contig_22030	1	367	52	346	94.2779	20.0381	36.2	60
dDocent_Contig_22036	1	267	27	261	97.7528	14	35.2	60
dDocent_Contig_22038	1	360	7	273	75.8333	2.91667	35.7	60
dDocent_Contig_22042	1	469	15	314	66.951	4.40512	36.1	60
dDocent_Contig_22043	1	427	23	298	69.7892	7.7096	35.7	60
dDocent_Contig_22044	1	316	10	291	92.0886	4.48418	35.1	60
dDocent_Contig_22045	1	350	15	350	100	6.13143	36.3	60
dDocent_Contig_22046	1	310	39	299	96.4516	17.8419	35.9	60
dDocent_Contig_22055	1	358	9	314	87.7095	3.70112	35.9	60
dDocent_Contig_22058	1	344	3	150	43.6047	1.23837	36.5	60
dDocent_Contig_22079	1	397	9	216	54.4081	2.91436	35.5	60
dDocent_Contig_22086	1	502	4	433	86.255	1.16534	36.3	60
dDocent_Contig_22097	1	386	39	286	74.0933	14.3264	35.8	60
dDocent_Contig_22100	1	345	41	298	86.3768	16.7159	35.1	60
dDocent_Contig_22109	1	384	8	354	92.1875	2.63281	36.2	60
dDocent_Contig_22116	1	420	33	334	79.5238	10.8905	36.1	60
dDocent_Contig_22117	1	467	29	399	85.439	8.95075	36.3	60
dDocent_Contig_22135	1	365	30	313	85.7534	12.0082	36	60
dDocent_Contig_22136	1	504	25	348	69.0476	7.06746	36.2	60
dDocent_Contig_22142	1	402	7	223	55.4726	2.54229	36.2	60
dDocent_Contig_22144	1	255	29	255	100	16.0941	35.8	60
dDocent_Contig_22157	1	319	16	294	92.163	7.17555	36.5	60
dDocent_Contig_22159	1	405	48	373	92.0988	16.4469	35.9	60
dDocent_Contig_22161	1	434	25	344	79.2627	8.00691	35.9	60
dDocent_Contig_22162	1	425	24	331	77.8824	7.79059	36.2	60
dDocent_Contig_22168	1	381	494	381	100	182.793	36.1	59.9
dDocent_Contig_22170	1	337	18	322	95.549	7.80712	36.4	60
dDocent_Contig_22182	1	319	10	207	64.8903	3.91223	35.8	60
dDocent_Contig_22196	1	377	34	331	87.7984	12.9257	36.1	60
dDocent_Contig_22219	1	444	31	346	77.9279	9.34234	35.9	60
dDocent_Contig_22220	1	381	23	280	73.4908	8.19948	35.8	60
dDocent_Contig_22221	1	309	44	304	98.3819	19.8414	35.6	60
dDocent_Contig_22243	1	227	25	226	99.5595	15.8811	35.8	60
dDocent_Contig_22247	1	286	23	272	95.1049	11.0455	35.2	60
dDocent_Contig_22251	1	382	29	360	94.2408	10.8377	35.1	60
dDocent_Contig_22263	1	382	55	281	73.5602	20.733	35.3	60
dDocent_Contig_22277	1	389	19	361	92.8021	7.31105	35	60
dDocent_Contig_22278	1	386	22	248	64.2487	8.31606	36.4	60
dDocent_Contig_22290	1	373	5	264	70.7775	2.00536	34.5	60
dDocent_Contig_22295	1	414	41	316	76.3285	14.3744	36.2	60
dDocent_Contig_22317	1	325	3	174	53.5385	1.06154	36.6	60
dDocent_Contig_22319	1	393	17	376	95.6743	6.3715	36.2	60
dDocent_Contig_22344	1	417	23	330	79.1367	7.7554	35.9	60
dDocent_Contig_22346	1	286	28	275	96.1538	13.7168	35.2	58.4
dDocent_Contig_22347	1	423	73	423	100	25.0071	35.8	60
dDocent_Contig_22348	1	405	63	404	99.7531	22.4	35.3	60
dDocent_Contig_22350	1	374	10	251	67.1123	3.60695	36.5	60
dDocent_Contig_22362	1	375	12	230	61.3333	4.35733	36	60
dDocent_Contig_22369	1	403	23	286	70.9677	8.50124	36.6	60
dDocent_Contig_22373	1	391	34	313	80.0512	12.422	36.2	60
dDocent_Contig_22407	1	245	5	191	77.9592	2.72653	35.7	58.2
dDocent_Contig_22414	1	326	29	242	74.2331	11.9509	35.9	42.4
dDocent_Contig_22437	1	351	50	303	86.3248	21.1795	36	60
dDocent_Contig_22443	1	491	14	272	55.3971	4.18737	36.7	60
dDocent_Contig_22450	1	381	38	380	99.7375	14.2205	36.2	60
dDocent_Contig_22454	1	345	26	315	91.3043	10.771	36.5	60
dDocent_Contig_22459	1	402	17	279	69.403	6.12935	34.6	60
dDocent_Contig_22460	1	332	63	281	84.6386	27.3584	35.7	60
dDocent_Contig_22462	1	383	32	267	69.7128	12.0914	36.5	60
dDocent_Contig_22463	1	362	14	331	91.4365	5.20994	36.4	60
dDocent_Contig_22467	1	401	18	371	92.5187	6.59352	35.5	60
dDocent_Contig_22473	1	292	24	290	99.3151	12.1199	35.9	60
dDocent_Contig_22476	1	295	2	150	50.8475	1.01695	36.2	60
dDocent_Contig_22483	1	313	11	244	77.9553	4.95847	36.2	60
dDocent_Contig_22484	1	331	6	272	82.1752	2.54683	36.5	60
dDocent_Contig_22500	1	345	20	325	94.2029	7.93043	36.3	60
dDocent_Contig_22502	1	432	12	370	85.6481	4.12731	36	60
dDocent_Contig_22505	1	244	18	244	100	10.7828	35.7	60
dDocent_Contig_22531	1	400	19	263	65.75	6.965	36.1	60
dDocent_Contig_22545	1	478	14	381	79.7071	4.23013	36.3	60
dDocent_Contig_22546	1	381	22	317	83.2021	8.06037	36.4	60
dDocent_Contig_22551	1	374	9	176	47.0588	3.05882	36.7	60
dDocent_Contig_22600	1	381	16	305	80.0525	6.04199	34.6	60
dDocent_Contig_22607	1	344	37	343	99.7093	15.4186	36.2	60
dDocent_Contig_22611	1	336	3	150	44.6429	0.904762	36.6	60
dDocent_Contig_22612	1	322	8	286	88.8199	3.24224	36.3	60
dDocent_Contig_22620	1	389	134	388	99.7429	48.4833	36.1	59.7
dDocent_Contig_22625	1	328	8	160	48.7805	3.41768	36.5	60
dDocent_Contig_22627	1	371	17	303	81.6712	6.55256	35.8	60
dDocent_Contig_22632	1	436	103	406	93.1193	34.0183	35.9	60
dDocent_Contig_22648	1	313	66	308	98.4026	31.1693	36	60
dDocent_Contig_22653	1	375	55	374	99.7333	20.7653	36	60
dDocent_Contig_22656	1	386	10	215	55.6995	3.82124	36.3	60
dDocent_Contig_22678	1	413	28	362	87.6513	9.80872	35.9	60
dDocent_Contig_22687	1	371	23	329	88.6792	8.92453	36.2	60
dDocent_Contig_22704	1	313	5	190	60.7029	2.16294	36.4	60
dDocent_Contig_22707	1	309	11	218	70.5502	4.71197	36.7	60
dDocent_Contig_22711	1	430	8	264	61.3953	2.7907	36.7	60
dDocent_Contig_22717	1	358	21	324	90.5028	8.39944	35.8	60
dDocent_Contig_22719	1	292	26	291	99.6575	12.6541	36.3	60
dDocent_Contig_22720	1	370	21	346	93.5135	8.28919	35.8	60
dDocent_Contig_22721	1	464	112	422	90.9483	33.9246	35.9	60
dDocent_Contig_22772	1	329	7	302	91.7933	2.87842	36.3	60
dDocent_Contig_22788	1	342	42	331	96.7836	18.1053	36.2	60
dDocent_Contig_22799	1	367	35	365	99.455	13.8474	36.3	60
dDocent_Contig_22801	1	386	63	386	100	23.9145	36.1	60
dDocent_Contig_22802	1	470	52	404	85.9574	15.6255	36.2	60
dDocent_Contig_22804	1	340	27	223	65.5882	11.3735	36.2	60
dDocent_Contig_22806	1	386	22	356	92.228	8.34974	36	60
dDocent_Contig_22817	1	281	25	253	90.0356	12.9537	36	51.6
dDocent_Contig_22818	1	446	7	334	74.8879	2.34753	35.6	58.9
dDocent_Contig_22829	1	335	13	333	99.403	5.36119	35.9	60
dDocent_Contig_22843	1	339	36	328	96.7552	15.3274	36	60
dDocent_Contig_22857	1	264	11	203	76.8939	5.75	36.4	60
dDocent_Contig_22858	1	376	32	288	76.5957	11.6011	35.9	60
dDocent_Contig_22859	1	407	7	405	99.5086	2.53563	36.7	60
dDocent_Contig_22861	1	282	38	279	98.9362	18.305	36.1	60
dDocent_Contig_22871	1	484	63	478	98.7603	18.1426	35.8	60
dDocent_Contig_22872	1	429	38	316	73.6597	12.6037	36.3	60
dDocent_Contig_22873	1	305	15	282	92.459	6.85246	36.3	60
dDocent_Contig_22875	1	327	55	325	99.3884	24.6391	36.2	60
dDocent_Contig_22880	1	353	26	281	79.6034	10.5637	36.3	60
dDocent_Contig_22881	1	317	31	315	99.3691	13.4543	35.7	60
dDocent_Contig_22883	1	330	18	292	88.4848	7.5	36.5	60
dDocent_Contig_22884	1	365	15	343	93.9726	6.16438	36.2	60
dDocent_Contig_22886	1	334	3	150	44.9102	1.09581	36.3	60
dDocent_Contig_22888	1	353	146	342	96.8839	59.4391	35.1	60
dDocent_Contig_22891	1	383	7	298	77.8068	2.56658	36.3	60
dDocent_Contig_22914	1	352	14	269	76.4205	5.9233	35	60
dDocent_Contig_22918	1	288	15	250	86.8056	6.92014	35.5	60
dDocent_Contig_22922	1	474	21	360	75.9494	6.52532	34.4	60
dDocent_Contig_22924	1	410	118	366	89.2683	40.939	36	48
dDocent_Contig_22948	1	246	29	244	99.187	16.4959	36.3	60
dDocent_Contig_22956	1	369	36	283	76.6938	13.8916	35.8	60
dDocent_Contig_22957	1	386	351	386	100	131.404	35.9	60
dDocent_Contig_22958	1	360	19	301	83.6111	7.81389	36.5	60
dDocent_Contig_22962	1	468	65	419	89.5299	19.6902	36	59.3
dDocent_Contig_22972	1	230	17	229	99.5652	10.5826	36.1	57.9
dDocent_Contig_22978	1	413	47	411	99.5157	16.2954	36.2	58.9
dDocent_Contig_22992	1	284	46	278	97.8873	21.7148	34.6	59.4
dDocent_Contig_22996	1	368	29	367	99.7283	10.6603	36.1	60
dDocent_Contig_22997	1	399	39	392	98.2456	14.4461	36.1	60
dDocent_Contig_23004	1	374	18	343	91.7112	7.0508	35.4	60
dDocent_Contig_23010	1	377	5	311	82.4934	1.71883	36.6	60
dDocent_Contig_23011	1	415	60	411	99.0361	21.2578	35.6	60
dDocent_Contig_23026	1	292	3	264	90.411	1.48973	36.9	60
dDocent_Contig_23027	1	333	1	140	42.042	0.42042	36.6	60
dDocent_Contig_23031	1	357	52	233	65.2661	20.9132	36.3	59.7
dDocent_Contig_23036	1	392	151	390	99.4898	57.0663	35.9	60
dDocent_Contig_23039	1	392	20	288	73.4694	7.0102	36.5	60
dDocent_Contig_23041	1	352	36	329	93.4659	14.1477	36	60
dDocent_Contig_23051	1	293	25	292	99.6587	12.3379	35.5	60
dDocent_Contig_23057	1	392	15	345	88.0102	5.49235	36.2	60
dDocent_Contig_23059	1	405	61	399	98.5185	22.1358	36.2	60
dDocent_Contig_23060	1	379	17	321	84.6966	6.00792	35.3	60
dDocent_Contig_23061	1	380	29	364	95.7895	11.2579	35.7	60
dDocent_Contig_23062	1	376	2	247	65.6915	0.792553	35.3	60
dDocent_Contig_23065	1	363	18	319	87.8788	7.1157	35.4	60
dDocent_Contig_23070	1	337	47	335	99.4065	20.0208	35.9	60
dDocent_Contig_23077	1	392	15	220	56.1224	5.32653	36.4	60
dDocent_Contig_23079	1	455	9	203	44.6154	2.91868	36.3	60
dDocent_Contig_23090	1	328	91	327	99.6951	38.7561	36	60
dDocent_Contig_23091	1	322	71	312	96.8944	31.3168	36.1	59.9
dDocent_Contig_23096	1	269	35	268	99.6283	18.9777	36.4	60
dDocent_Contig_23100	1	341	10	287	84.1642	4.07918	35.4	60
dDocent_Contig_23102	1	351	7	301	85.755	2.89744	36.7	60
dDocent_Contig_23104	1	423	49	390	92.1986	16.1584	36.4	59.7
dDocent_Contig_23113	1	390	10	328	84.1026	3.56154	36.8	60
dDocent_Contig_23114	1	367	25	327	89.1008	9.92098	35.6	60
dDocent_Contig_23117	1	416	50	344	82.6923	17.3389	36.4	60
dDocent_Contig_23128	1	383	29	382	99.7389	10.9034	36.2	60
dDocent_Contig_23151	1	333	31	333	100	12.5075	35.8	36.8
dDocent_Contig_23173	1	393	108	377	95.9288	38.6845	36	51.1
dDocent_Contig_23175	1	399	498	379	94.9875	179.14	35.9	58.3
dDocent_Contig_23176	1	409	214	331	80.9291	75.7702	36.2	52.4
dDocent_Contig_23177	1	418	9	279	66.7464	3.16507	35.9	60
dDocent_Contig_23180	1	462	53	443	95.8874	16.4545	35.9	60
dDocent_Contig_23186	1	351	1	133	37.8917	0.378917	37	60
dDocent_Contig_23199	1	301	67	299	99.3355	31.7874	36.1	59.5
dDocent_Contig_23200	1	358	23	263	73.4637	8.72905	36.4	60
dDocent_Contig_23219	1	347	25	304	87.6081	10.1066	36	60
dDocent_Contig_23226	1	298	11	298	100	5.43289	36.3	60
dDocent_Contig_23230	1	376	30	308	81.9149	11.1037	36.1	60
dDocent_Contig_23238	1	432	37	346	80.0926	12.3519	35.8	60
dDocent_Contig_23242	1	406	47	405	99.7537	17.1084	35.2	60
dDocent_Contig_23244	1	331	29	289	87.3112	12.6042	35.8	60
dDocent_Contig_23266	1	425	18	312	73.4118	6.09647	36.1	60
dDocent_Contig_23269	1	342	1	134	39.1813	0.391813	36.2	60
dDocent_Contig_23272	1	454	20	314	69.163	6.05286	35.6	60
dDocent_Contig_23273	1	468	13	368	78.6325	3.9188	36.7	60
dDocent_Contig_23284	1	480	121	441	91.875	34.8479	35.8	60
dDocent_Contig_23285	1	365	15	282	77.2603	5.94521	35.2	60
dDocent_Contig_23286	1	306	13	245	80.0654	5.16667	36.5	60
dDocent_Contig_23291	1	388	44	387	99.7423	16.7371	35.5	60
dDocent_Contig_23294	1	460	18	432	93.913	5.8587	35.1	58.4
dDocent_Contig_23303	1	427	13	273	63.9344	4.03279	36.1	60
dDocent_Contig_23304	1	443	90	442	99.7743	29.2257	35.9	60
dDocent_Contig_23306	1	369	18	305	82.6558	6.73442	36.5	60
dDocent_Contig_23308	1	280	25	279	99.6429	12.9714	35.8	60
dDocent_Contig_23309	1	391	17	311	79.5396	6.25064	35.3	60
dDocent_Contig_23311	1	250	19	249	99.6	10.772	35.8	60
dDocent_Contig_23332	1	362	10	283	78.1768	3.96685	35.8	60
dDocent_Contig_23343	1	459	3	152	33.1155	0.873638	36.7	60
dDocent_Contig_23354	1	500	3	210	42	0.89	35.2	46.7
dDocent_Contig_23369	1	425	22	319	75.0588	7.31059	35.9	60
dDocent_Contig_23371	1	374	20	296	79.1444	7.8262	36.2	60
dDocent_Contig_23372	1	403	10	314	77.9156	3.63524	35.5	60
dDocent_Contig_23374	1	388	36	324	83.5052	13.2242	35.7	60
dDocent_Contig_23377	1	474	22	435	91.7722	6.5443	36.5	60
dDocent_Contig_23384	1	406	108	406	100	37.0714	35.8	54.1
dDocent_Contig_23388	1	314	48	299	95.2229	21.8854	35.8	60
dDocent_Contig_23397	1	359	9	168	46.7967	3.49861	36.3	60
dDocent_Contig_23399	1	412	50	340	82.5243	16.2087	35.8	60
dDocent_Contig_23402	1	389	22	362	93.0591	8.10026	36.3	60
dDocent_Contig_23406	1	423	27	374	88.4161	8.91726	35.9	60
dDocent_Contig_23409	1	387	16	291	75.1938	5.85271	35.8	60
dDocent_Contig_23411	1	335	65	313	93.4328	28.1522	36.4	60
dDocent_Contig_23416	1	413	19	308	74.5763	6.74334	36.7	60
dDocent_Contig_23418	1	255	14	227	89.0196	7.62353	36.6	60
dDocent_Contig_23419	1	355	65	344	96.9014	26.4732	36.3	60
dDocent_Contig_23421	1	328	19	258	78.6585	8.34756	34.9	60
dDocent_Contig_23423	1	250	27	246	98.4	14.8	35.4	60
dDocent_Contig_23428	1	283	18	281	99.2933	8.75618	36.4	60
dDocent_Contig_23429	1	289	7	264	91.3495	3.60554	35.7	60
dDocent_Contig_23444	1	376	38	363	96.5426	14.8085	36.4	60
dDocent_Contig_23449	1	394	19	318	80.7107	6.94416	35.1	60
dDocent_Contig_23458	1	485	94	477	98.3505	28.3134	35.7	60
dDocent_Contig_23461	1	394	18	267	67.7665	6.47462	35	60
dDocent_Contig_23470	1	361	19	234	64.8199	7.29917	36.1	60
dDocent_Contig_23471	1	278	12	269	96.7626	6.11511	36.2	60
dDocent_Contig_23473	1	319	13	290	90.9091	5.32915	35.9	60
dDocent_Contig_23477	1	399	10	217	54.386	3.72682	36.2	60
dDocent_Contig_23478	1	379	54	349	92.0844	20.7863	36	60
dDocent_Contig_23487	1	368	21	253	68.75	8.26902	35.9	60
dDocent_Contig_23489	1	392	46	391	99.7449	16.8546	35.9	60
dDocent_Contig_23490	1	247	3	167	67.6113	1.75709	36.4	57.7
dDocent_Contig_23499	1	387	15	329	85.0129	5.50646	36.1	60
dDocent_Contig_23502	1	297	22	295	99.3266	10.4411	35.9	60
dDocent_Contig_23508	1	420	8	236	56.1905	2.75238	36.3	60
dDocent_Contig_23519	1	395	24	394	99.7468	8.99241	35.9	60
dDocent_Contig_23527	1	452	21	436	96.4602	6.5885	36.6	60
dDocent_Contig_23529	1	388	11	216	55.6701	4.05155	36.4	60
dDocent_Contig_23542	1	374	33	292	78.0749	12.8797	36.4	60
dDocent_Contig_23547	1	406	40	323	79.5567	14.3054	35.6	60
dDocent_Contig_23548	1	393	10	361	91.8575	3.80407	36.5	60
dDocent_Contig_23554	1	345	44	344	99.7101	18.2696	35.9	60
dDocent_Contig_23556	1	405	39	402	99.2593	14.1432	35.5	60
dDocent_Contig_23559	1	337	16	241	71.5134	6.67953	36.8	60
dDocent_Contig_23560	1	319	42	280	87.7743	19.2226	36.2	60
dDocent_Contig_23563	1	273	6	269	98.5348	3.0696	35.1	60
dDocent_Contig_23566	1	390	12	358	91.7949	4.44872	35.9	60
dDocent_Contig_23570	1	334	13	299	89.521	4.79042	36.5	60
dDocent_Contig_23572	1	460	2	138	30	0.491304	33.5	60
dDocent_Contig_23576	1	337	15	257	76.2611	6.53709	36.1	60
dDocent_Contig_23587	1	364	22	362	99.4505	8.6978	36.2	60
dDocent_Contig_23593	1	347	3	203	58.5014	1.06628	36.7	60
dDocent_Contig_23597	1	246	7	190	77.2358	3.87398	36.3	60
dDocent_Contig_23600	1	361	67	341	94.4598	26.3906	35.7	60
dDocent_Contig_23601	1	391	36	390	99.7442	13.2379	36	60
dDocent_Contig_23610	1	367	28	321	87.4659	10.5095	35.9	60
dDocent_Contig_23618	1	432	9	283	65.5093	3.125	36.1	60
dDocent_Contig_23621	1	350	47	332	94.8571	18.9886	36.2	60
dDocent_Contig_23625	1	339	10	325	95.8702	4.0059	35.4	60
dDocent_Contig_23639	1	385	25	238	61.8182	9.49351	36.6	60
dDocent_Contig_23640	1	391	8	340	86.9565	3.06905	36.1	60
dDocent_Contig_23641	1	298	17	297	99.6644	7.88926	36.1	60
dDocent_Contig_23647	1	333	58	230	69.0691	24.9339	35.9	39.5
dDocent_Contig_23652	1	478	30	425	88.9121	9.21967	36.3	60
dDocent_Contig_23658	1	387	16	386	99.7416	5.86305	35.1	60
dDocent_Contig_23660	1	411	14	320	77.8589	4.81509	36.5	60
dDocent_Contig_23665	1	377	26	322	85.4111	10.1247	36	60
dDocent_Contig_23686	1	328	22	304	92.6829	9.32622	35.4	60
dDocent_Contig_23700	1	339	9	327	96.4602	3.941	36.7	60
dDocent_Contig_23701	1	395	39	393	99.4937	14.2785	36	60
dDocent_Contig_23703	1	319	43	317	99.373	18.4107	36.2	60
dDocent_Contig_23712	1	382	14	298	78.0105	4.99738	36.6	60
dDocent_Contig_23732	1	435	23	367	84.3678	7.71264	35.7	60
dDocent_Contig_23733	1	392	29	340	86.7347	10.4235	36.3	60
dDocent_Contig_23740	1	408	15	268	65.6863	5.01961	35.7	60
dDocent_Contig_23749	1	429	43	400	93.2401	14.5035	35.9	60
dDocent_Contig_23759	1	403	13	254	63.0273	4.62779	36.7	60
dDocent_Contig_23760	1	408	39	339	83.0882	13.9387	36.7	60
dDocent_Contig_23761	1	268	9	244	91.0448	4.99627	36.2	60
dDocent_Contig_23767	1	366	54	331	90.4372	21.0929	35.9	60
dDocent_Contig_23782	1	258	37	257	99.6124	20.8837	36.3	60
dDocent_Contig_23794	1	405	32	380	93.8272	11.6025	35.7	58.1
dDocent_Contig_23799	1	322	21	320	99.3789	9.46273	35.7	60
dDocent_Contig_23806	1	374	19	347	92.7807	7.4492	35.4	60
dDocent_Contig_23810	1	350	35	310	88.5714	13.8914	35.9	60
dDocent_Contig_23811	1	360	10	299	83.0556	3.89444	36.6	60
dDocent_Contig_23826	1	374	36	362	96.7914	13.4251	35.8	60
dDocent_Contig_23828	1	321	42	267	83.1776	18.433	36.2	60
dDocent_Contig_23829	1	400	7	212	53	2.32	36	60
dDocent_Contig_23839	1	447	34	446	99.7763	11.3132	35.6	60
dDocent_Contig_23840	1	282	10	246	87.234	5.10638	36.6	60
dDocent_Contig_23865	1	235	50	221	94.0426	30.3702	35.7	60
dDocent_Contig_23867	1	356	24	321	90.1685	9.96348	34.9	60
dDocent_Contig_23870	1	388	63	368	94.8454	22.6546	36	60
dDocent_Contig_23878	1	369	37	364	98.645	14.5854	35.6	59.1
dDocent_Contig_23892	1	246	44	245	99.5935	25.9268	35.7	60
dDocent_Contig_23893	1	319	18	297	93.1034	8.06897	36.1	60
dDocent_Contig_23905	1	417	65	336	80.5755	22.2734	35.3	60
dDocent_Contig_23907	1	486	21	359	73.8683	6.28601	35.7	60
dDocent_Contig_23908	1	391	8	233	59.5908	2.96419	36.7	60
dDocent_Contig_23909	1	370	6	242	65.4054	2.37027	36.8	60
dDocent_Contig_23912	1	479	20	381	79.5407	5.86013	36	60
dDocent_Contig_23916	1	404	70	375	92.8218	24.0495	35.8	60
dDocent_Contig_23945	1	386	1	140	36.2694	0.362694	37	60
dDocent_Contig_23946	1	399	54	388	97.2431	18.7043	35.7	59.7
dDocent_Contig_23949	1	374	348	341	91.1765	133.773	35.6	55.1
dDocent_Contig_23950	1	389	20	350	89.9743	7.42674	36.2	60
dDocent_Contig_23952	1	264	21	259	98.1061	10.0758	36.2	41.3
dDocent_Contig_23953	1	293	35	292	99.6587	17.0819	34.4	58.4
dDocent_Contig_23957	1	376	512	376	100	196.165	35.8	59.9
dDocent_Contig_23958	1	374	9	259	69.2513	3.28342	36.1	60
dDocent_Contig_23966	1	292	47	291	99.6575	21.7877	36	59.4
dDocent_Contig_23972	1	409	25	289	70.6601	8.92176	36.2	60
dDocent_Contig_23985	1	376	25	330	87.766	9.85638	35	60
dDocent_Contig_23988	1	337	31	326	96.7359	12.9733	36.3	60
dDocent_Contig_23989	1	279	24	274	98.2079	12.0143	36.5	60
dDocent_Contig_23990	1	379	56	314	82.8496	20.0237	34.4	60
dDocent_Contig_23992	1	417	44	310	74.3405	14.8273	35.5	60
dDocent_Contig_24016	1	386	25	334	86.5285	9.2487	35.8	60
dDocent_Contig_24018	1	408	49	343	84.0686	17.0686	36	60
dDocent_Contig_24024	1	402	32	392	97.5124	11.5771	36.2	60
dDocent_Contig_24030	1	320	41	308	96.25	18.7437	36.2	60
dDocent_Contig_24033	1	299	30	297	99.3311	14.3712	36	60
dDocent_Contig_24039	1	310	28	302	97.4194	13.2323	35.7	60
dDocent_Contig_24040	1	307	39	306	99.6743	18.5993	36.3	60
dDocent_Contig_24044	1	273	25	273	100	12.9011	35.8	60
dDocent_Contig_24046	1	373	19	309	82.8418	7.19035	35.8	55.8
dDocent_Contig_24050	1	375	35	338	90.1333	13.0027	35	60
dDocent_Contig_24055	1	506	38	347	68.5771	10.5138	35.9	60
dDocent_Contig_24059	1	356	23	354	99.4382	9.43539	35.6	60
dDocent_Contig_24064	1	333	16	298	89.4895	6.38138	34.7	60
dDocent_Contig_24073	1	376	41	375	99.734	15.2234	35.7	60
dDocent_Contig_24097	1	382	9	167	43.7173	3.21466	36.4	60
dDocent_Contig_24210	1	388	24	359	92.5258	8.71649	36.1	60
dDocent_Contig_24219	1	361	28	293	81.1634	11.169	36.2	60
dDocent_Contig_24221	1	366	62	365	99.7268	24.3224	35.6	60
dDocent_Contig_24229	1	350	5	313	89.4286	2.09714	35.4	60
dDocent_Contig_24232	1	364	19	348	95.6044	7.61264	35.9	60
dDocent_Contig_24234	1	396	10	259	65.404	3.78788	36	60
dDocent_Contig_24253	1	364	11	318	87.3626	3.89011	35.9	60
dDocent_Contig_24254	1	340	61	280	82.3529	26.2529	36	60
dDocent_Contig_24276	1	404	65	384	95.0495	22.7401	36	60
dDocent_Contig_24287	1	392	29	329	83.9286	10.5893	36.1	60
dDocent_Contig_24288	1	437	15	408	93.3638	5.12586	36	60
dDocent_Contig_24290	1	366	22	366	100	8.86339	36.5	60
dDocent_Contig_24299	1	339	28	338	99.705	11.767	35.7	60
dDocent_Contig_24301	1	281	18	280	99.6441	8.79004	35.2	60
dDocent_Contig_24316	1	291	7	253	86.9416	3.5189	36.5	60
dDocent_Contig_24322	1	386	26	384	99.4819	8.8886	35.7	54.4
dDocent_Contig_24323	1	325	36	323	99.3846	16.3754	36.4	60
dDocent_Contig_24340	1	275	19	274	99.6364	9.82545	35.9	60
dDocent_Contig_24347	1	298	16	249	83.557	8.03356	36	60
dDocent_Contig_24348	1	314	31	309	98.4076	13.3121	35	53.5
dDocent_Contig_24349	1	363	10	300	82.6446	4.04132	36.2	60
dDocent_Contig_24353	1	400	19	362	90.5	6.225	35.4	57.2
dDocent_Contig_24377	1	414	25	315	76.087	6.67874	35.7	60
dDocent_Contig_24380	1	320	13	305	95.3125	5.9625	36.5	60
dDocent_Contig_24381	1	334	20	256	76.6467	8.8982	36.2	60
dDocent_Contig_24383	1	400	79	385	96.25	29.1525	35.8	60
dDocent_Contig_24386	1	435	24	433	99.5402	8.16552	35.8	60
dDocent_Contig_24388	1	351	29	279	79.4872	12.0313	36.2	60
dDocent_Contig_24391	1	407	28	383	94.1032	9.90418	36	60
dDocent_Contig_24394	1	438	40	306	69.863	13.1735	35.3	59.7
dDocent_Contig_24399	1	391	11	332	84.9105	4.05371	36.7	60
dDocent_Contig_24403	1	353	3	167	47.3088	1.16997	36.9	60
dDocent_Contig_24418	1	388	5	214	55.1546	1.51031	36.9	60
dDocent_Contig_24420	1	392	8	198	50.5102	2.45408	36.6	60
dDocent_Contig_24421	1	428	23	397	92.757	7.94626	35.7	60
dDocent_Contig_24431	1	355	18	258	72.6761	7.07324	36.5	60
dDocent_Contig_24432	1	258	28	257	99.6124	15.3953	36.4	54.5
dDocent_Contig_24434	1	283	60	282	99.6466	30.8834	35.9	60
dDocent_Contig_24439	1	390	12	344	88.2051	4.26154	35.7	60
dDocent_Contig_24441	1	386	19	280	72.5389	7.31865	36	60
dDocent_Contig_24443	1	342	11	337	98.538	4.80117	36.3	60
dDocent_Contig_24449	1	325	29	239	73.5385	9.10769	34.9	59.1
dDocent_Contig_24451	1	455	45	373	81.978	14.0923	35.9	60
dDocent_Contig_24467	1	362	18	307	84.8066	7.25967	35.5	60
dDocent_Contig_24468	1	319	45	317	99.373	19.7931	36.3	60
dDocent_Contig_24470	1	400	65	362	90.5	23.4925	36.1	59.5
dDocent_Contig_24491	1	332	12	298	89.759	5.2741	35.7	60
dDocent_Contig_24493	1	401	22	385	96.01	7.84788	34.7	60
dDocent_Contig_24506	1	337	4	247	73.2938	1.72107	33.4	60
dDocent_Contig_24526	1	344	1	150	43.6047	0.436047	36.7	60
dDocent_Contig_24528	1	307	15	263	85.6678	7.12378	35.9	60
dDocent_Contig_24533	1	449	15	323	71.9376	4.65702	36.7	60
dDocent_Contig_24543	1	314	41	297	94.586	18.5414	36	60
dDocent_Contig_24550	1	368	30	365	99.1848	11.6332	36.1	60
dDocent_Contig_24559	1	325	36	282	86.7692	15.4031	36.3	60
dDocent_Contig_24560	1	398	34	345	86.6834	12.4598	35.4	60
dDocent_Contig_24570	1	317	2	150	47.3186	0.946372	37	60
dDocent_Contig_24576	1	406	15	264	65.0246	5.36453	36.8	60
dDocent_Contig_24580	1	271	6	231	85.2399	3.19188	36.1	60
dDocent_Contig_24586	1	435	10	265	60.9195	3.42069	35.8	60
dDocent_Contig_24593	1	226	15	217	96.0177	9.21681	36	60
dDocent_Contig_24594	1	275	15	241	87.6364	7.68	36.5	60
dDocent_Contig_24602	1	407	26	364	89.4349	8.77396	36.6	60
dDocent_Contig_24611	1	431	50	393	91.1833	17.232	36	60
dDocent_Contig_24615	1	422	3	152	36.019	1.06635	36.4	60
dDocent_Contig_24628	1	454	39	447	98.4581	12.5947	36	60
dDocent_Contig_24629	1	311	15	299	96.1415	6.5627	36.6	60
dDocent_Contig_24633	1	329	6	225	68.3891	2.13678	36.6	60
dDocent_Contig_24641	1	286	6	169	59.0909	2.89161	35.9	60
dDocent_Contig_24645	1	313	17	303	96.8051	7.81789	36.1	60
dDocent_Contig_24650	1	296	15	291	98.3108	6.72635	36.5	60
dDocent_Contig_24651	1	387	32	311	80.3618	12.0594	35.9	60
dDocent_Contig_24652	1	451	11	262	58.0931	3.48115	36.3	60
dDocent_Contig_24653	1	408	2	140	34.3137	0.686275	37	60
dDocent_Contig_24658	1	309	21	293	94.822	9.75728	35.6	60
dDocent_Contig_24672	1	487	193	486	99.7947	57.5893	35.9	60
dDocent_Contig_24682	1	406	6	322	79.3103	2.17488	36.4	60
dDocent_Contig_24704	1	470	29	442	94.0426	9.04894	35.7	60
dDocent_Contig_24711	1	224	23	224	100	14.5089	36.1	60
dDocent_Contig_24716	1	318	12	310	97.4843	5.1761	36.6	60
dDocent_Contig_24720	1	373	4	47	12.6005	0.504021	35.3	60
dDocent_Contig_24732	1	330	79	330	100	34.0333	35.6	59.9
dDocent_Contig_24738	1	363	29	344	94.7658	11.5647	36.1	60
dDocent_Contig_24741	1	387	7	230	59.4315	2.57364	36.7	60
dDocent_Contig_24748	1	391	48	369	94.3734	17.8824	35.9	60
dDocent_Contig_24767	1	352	47	352	100	19.5114	35.7	60
dDocent_Contig_24778	1	379	79	304	80.2111	29.2929	35.7	60
dDocent_Contig_24782	1	402	19	381	94.7761	6.97015	35.5	60
dDocent_Contig_24789	1	277	13	276	99.639	6.56318	36.1	60
dDocent_Contig_24791	1	395	10	209	52.9114	3.01772	35.4	60
dDocent_Contig_24795	1	350	12	319	91.1429	4.72	36.5	60
dDocent_Contig_24806	1	440	23	428	97.2727	7.60909	36.4	60
dDocent_Contig_24807	1	319	6	288	90.2821	2.55172	35.3	60
dDocent_Contig_24808	1	291	29	262	90.0344	13.8522	35.8	60
dDocent_Contig_24809	1	392	57	391	99.7449	18.2551	35.2	59.8
dDocent_Contig_24810	1	226	43	221	97.7876	20.9469	34.5	58.2
dDocent_Contig_24813	1	386	22	317	82.1244	8.29534	36.1	60
dDocent_Contig_24820	1	344	26	245	71.2209	10.968	35.1	60
dDocent_Contig_24822	1	471	58	454	96.3907	17.5626	36	60
dDocent_Contig_24827	1	435	20	263	60.4598	6.09885	35.9	60
dDocent_Contig_24841	1	391	30	359	91.8159	10.9872	35.6	60
dDocent_Contig_24872	1	355	19	308	86.7606	7.70423	36.2	60
dDocent_Contig_24873	1	369	39	363	98.374	15.2602	36.1	60
dDocent_Contig_24875	1	352	36	286	81.25	14.8523	35.5	60
dDocent_Contig_24876	1	376	47	326	86.7021	18.3617	36	60
dDocent_Contig_24879	1	406	4	175	43.1034	1.47783	35.8	60
dDocent_Contig_24880	1	257	25	252	98.0545	13.9961	35.1	60
dDocent_Contig_24881	1	342	11	133	38.8889	4.11111	36	60
dDocent_Contig_24882	1	340	15	330	97.0588	6.29118	36.1	60
dDocent_Contig_24894	1	427	8	150	35.1288	2.4192	35.2	60
dDocent_Contig_24897	1	343	3	183	53.3528	1.26822	36.9	60
dDocent_Contig_24941	1	447	3	287	64.2058	1.00671	36.5	60
dDocent_Contig_24947	1	445	64	444	99.7753	18.791	36.2	57.6
dDocent_Contig_24948	1	361	24	311	86.1496	9.23546	36.2	60
dDocent_Contig_24959	1	441	39	397	90.0227	12.6961	35.7	60
dDocent_Contig_24965	1	317	29	236	74.4479	11.5773	35.4	60
dDocent_Contig_24977	1	371	36	369	99.4609	14.3693	36.3	60
dDocent_Contig_25002	1	447	68	319	71.3647	21.8367	35.8	60
dDocent_Contig_25015	1	365	27	242	66.3014	10.8438	35.4	60
dDocent_Contig_25017	1	236	6	207	87.7119	3.81356	36	60
dDocent_Contig_25026	1	370	21	331	89.4595	8.31622	35.9	60
dDocent_Contig_25031	1	507	23	377	74.359	6.26233	35.2	60
dDocent_Contig_25032	1	495	2	187	37.7778	0.575758	34.5	60
dDocent_Contig_25034	1	404	37	304	75.2475	13.5396	36.4	60
dDocent_Contig_25039	1	374	27	280	74.8663	9.58824	35.9	60
dDocent_Contig_25043	1	387	17	272	70.2842	6.5478	36.7	60
dDocent_Contig_25062	1	356	8	224	62.9213	3.23876	36.3	60
dDocent_Contig_25069	1	367	1	133	36.2398	0.362398	36.7	60
dDocent_Contig_25096	1	402	87	397	98.7562	25.6343	35.3	58.9
dDocent_Contig_25107	1	299	57	283	94.6488	27.3946	35.6	60
dDocent_Contig_25115	1	408	30	372	91.1765	10.7549	36.1	60
dDocent_Contig_25117	1	354	3	236	66.6667	1.26271	36.9	60
dDocent_Contig_25124	1	298	111	297	99.6644	52.8691	36.1	60
dDocent_Contig_25128	1	317	28	316	99.6845	12.9811	35.6	60
dDocent_Contig_25143	1	341	33	273	80.0587	14.0938	36.1	60
dDocent_Contig_25172	1	416	78	415	99.7596	26.7788	35.6	60
dDocent_Contig_25174	1	375	8	249	66.4	3.11733	36.5	60
dDocent_Contig_25179	1	407	8	296	72.7273	2.72973	36.5	60
dDocent_Contig_25181	1	404	27	385	95.297	9.72525	36.2	60
dDocent_Contig_25182	1	270	11	238	88.1481	5.64074	36.7	60
dDocent_Contig_25185	1	378	58	374	98.9418	17.1376	36	60
dDocent_Contig_25187	1	482	40	255	52.9046	12.1349	36	60
dDocent_Contig_25188	1	377	14	273	72.4138	5.4695	36.4	60
dDocent_Contig_25196	1	380	46	344	90.5263	17.2947	35.7	60
dDocent_Contig_25200	1	269	10	224	83.2714	5.15242	36.1	60
dDocent_Contig_25204	1	452	44	341	75.4425	13.5708	36.1	58.9
dDocent_Contig_25217	1	299	72	251	83.9465	28.5251	35.6	60
dDocent_Contig_25226	1	293	35	234	79.8635	17.041	35.5	60
dDocent_Contig_25233	1	378	20	305	80.6878	7.51852	35.9	60
dDocent_Contig_25240	1	275	2	110	40	0.8	36.9	60
dDocent_Contig_25242	1	384	14	297	77.3438	5.29167	35.8	60
dDocent_Contig_25243	1	329	56	328	99.696	24.9696	36.3	60
dDocent_Contig_25247	1	401	44	380	94.7631	15.9152	35.7	60
dDocent_Contig_25248	1	342	26	328	95.9064	10.4415	36.2	60
dDocent_Contig_25263	1	392	16	323	82.398	5.7449	35.7	60
dDocent_Contig_25264	1	400	14	259	64.75	5.0875	36.2	60
dDocent_Contig_25265	1	369	27	344	93.2249	10.3469	35.3	59.6
dDocent_Contig_25282	1	411	38	390	94.8905	13.4477	36	60
dDocent_Contig_25294	1	411	17	285	69.3431	5.93187	35.6	60
dDocent_Contig_25296	1	323	62	322	99.6904	27.0372	36.1	60
dDocent_Contig_25307	1	310	103	297	95.8065	46.5	35.3	60
dDocent_Contig_25308	1	338	5	232	68.6391	2.0503	35.4	60
dDocent_Contig_25309	1	404	19	400	99.0099	6.92079	35.3	60
dDocent_Contig_25315	1	426	102	424	99.5305	34.7887	35.8	60
dDocent_Contig_25320	1	413	38	352	85.23	13.5036	36.2	60
dDocent_Contig_25324	1	359	17	285	79.3872	6.65738	36.1	60
dDocent_Contig_25329	1	379	56	378	99.7361	21.2375	35.9	60
dDocent_Contig_25333	1	311	9	201	64.6302	3.96463	36.8	60
dDocent_Contig_25337	1	422	5	189	44.7867	1.55924	36.6	60
dDocent_Contig_25338	1	404	47	374	92.5743	16.7946	36	60
dDocent_Contig_25339	1	324	24	321	99.0741	10.7654	36.3	60
dDocent_Contig_25348	1	273	8	263	96.337	4.35165	36.6	60
dDocent_Contig_25351	1	361	50	325	90.0277	20.4211	36.1	60
dDocent_Contig_25355	1	406	6	158	38.9163	2.15764	36.7	60
dDocent_Contig_25361	1	502	36	457	91.0359	10.4263	36.4	60
dDocent_Contig_25364	1	293	40	274	93.5154	20.0273	36.2	60
dDocent_Contig_25365	1	437	39	428	97.9405	12.746	36.1	60
dDocent_Contig_25381	1	357	23	299	83.7535	8.7423	36	60
dDocent_Contig_25384	1	363	14	294	80.9917	5.68044	36.4	60
dDocent_Contig_25385	1	320	6	254	79.375	2.62188	36.6	60
dDocent_Contig_25386	1	317	15	195	61.5142	6.90221	34.8	60
dDocent_Contig_25387	1	337	21	336	99.7033	8.72404	36.5	60
dDocent_Contig_25402	1	401	14	331	82.5436	4.97506	36.5	60
dDocent_Contig_25404	1	328	31	327	99.6951	13.5793	35.6	60
dDocent_Contig_25405	1	345	21	343	99.4203	8.6058	35.7	60
dDocent_Contig_25410	1	313	38	302	96.4856	17.5879	36.3	60
dDocent_Contig_25416	1	231	18	230	99.5671	9.7619	35.6	60
dDocent_Contig_25418	1	395	50	360	91.1392	18.6608	35.7	60
dDocent_Contig_25420	1	302	14	253	83.7748	6.93046	36.1	60
dDocent_Contig_25435	1	262	15	228	87.0229	7.9542	36.5	60
dDocent_Contig_25439	1	356	16	293	82.3034	6.33146	36	60
dDocent_Contig_25449	1	456	13	274	60.0877	4.17325	36.5	60
dDocent_Contig_25450	1	337	22	257	76.2611	8.98516	36.1	60
dDocent_Contig_25451	1	297	61	295	99.3266	29.596	35.7	60
dDocent_Contig_25454	1	399	8	189	47.3684	2.73183	36.7	60
dDocent_Contig_25456	1	358	16	255	71.2291	6.30447	35.4	60
dDocent_Contig_25457	1	399	6	277	69.4236	2.21053	36.7	60
dDocent_Contig_25465	1	248	21	247	99.5968	11.5444	35.6	60
dDocent_Contig_25467	1	471	33	355	75.3715	9.98089	35.8	60
dDocent_Contig_25472	1	411	31	382	92.944	10.5012	35.9	60
dDocent_Contig_25473	1	308	9	249	80.8442	3.8474	36.2	60
dDocent_Contig_25476	1	348	63	346	99.4253	26.4138	36.1	60
dDocent_Contig_25477	1	274	15	245	89.4161	8.10949	36.1	60
dDocent_Contig_25491	1	350	172	348	99.4286	69.7343	35.8	60
dDocent_Contig_25492	1	383	41	383	100	15.6345	36.4	60
dDocent_Contig_25493	1	365	23	274	75.0685	8.68219	35.8	60
dDocent_Contig_25494	1	458	13	407	88.8646	3.9345	34.1	60
dDocent_Contig_25496	1	405	6	183	45.1852	2.22222	36.6	60
dDocent_Contig_25505	1	400	9	292	73	3.375	36.6	60
dDocent_Contig_25517	1	328	15	279	85.061	6.58232	34.9	60
dDocent_Contig_25536	1	343	15	212	61.8076	6.19242	36	60
dDocent_Contig_25539	1	417	56	381	91.3669	19.0671	35.5	60
dDocent_Contig_25542	1	378	6	121	32.0106	1.78307	36.8	52.7
dDocent_Contig_25545	1	369	5	289	78.3198	1.89431	36.8	60
dDocent_Contig_25551	1	380	5	373	98.1579	1.91316	36.2	60
dDocent_Contig_25564	1	341	20	340	99.7067	8.09971	36.1	60
dDocent_Contig_25567	1	239	23	228	95.3975	13.2762	35	60
dDocent_Contig_25575	1	338	19	337	99.7041	7.90237	35.7	60
dDocent_Contig_25576	1	452	7	291	64.3805	2.25442	35.2	60
dDocent_Contig_25577	1	360	50	347	96.3889	20.275	35.9	60
dDocent_Contig_25580	1	345	4	128	37.1014	1.31594	36.8	60
dDocent_Contig_25583	1	391	14	280	71.6113	4.55499	35.5	52.3
dDocent_Contig_25586	1	366	12	337	92.0765	4.87978	35.8	60
dDocent_Contig_25587	1	372	8	316	84.9462	3.00269	36	60
dDocent_Contig_25588	1	369	28	347	94.0379	10.9051	35.9	60
dDocent_Contig_25593	1	401	39	362	90.2743	13.3042	35.7	52.5
dDocent_Contig_25595	1	264	142	183	69.3182	71.5947	36.1	59.2
dDocent_Contig_25599	1	361	53	359	99.446	21.5319	36.1	60
dDocent_Contig_25613	1	322	25	313	97.205	11.4876	36.6	60
dDocent_Contig_25614	1	291	34	290	99.6564	17.2062	36.2	60
dDocent_Contig_25615	1	326	7	325	99.6933	3.16871	36.5	60
dDocent_Contig_25634	1	395	1	139	35.1899	0.351899	36.9	60
dDocent_Contig_25642	1	406	26	319	78.5714	8.29557	35.6	60
dDocent_Contig_25643	1	447	30	445	99.5526	9.16107	36	60
dDocent_Contig_25644	1	377	20	360	95.4907	7.88859	36	60
dDocent_Contig_25652	1	362	15	312	86.1878	6.21271	36.1	60
dDocent_Contig_25657	1	327	13	175	53.5168	5.82263	36.5	60
dDocent_Contig_25663	1	485	58	390	80.4124	16.7216	36.1	60
dDocent_Contig_25682	1	329	33	324	98.4802	14.7751	36.1	60
dDocent_Contig_25685	1	345	12	308	89.2754	5.12754	36	60
dDocent_Contig_25686	1	370	21	292	78.9189	8.28649	36.2	60
dDocent_Contig_25688	1	304	6	281	92.4342	2.59211	36.6	60
dDocent_Contig_25692	1	365	12	359	98.3562	4.70959	35.9	60
dDocent_Contig_25695	1	265	11	263	99.2453	6.02264	36.1	60
dDocent_Contig_25697	1	283	12	254	89.7527	6.26502	36	60
dDocent_Contig_25698	1	326	14	324	99.3865	6.23313	35.2	60
dDocent_Contig_25699	1	409	28	291	71.1491	9.4621	36.1	60
dDocent_Contig_25700	1	343	111	342	99.7085	37.8338	36	57
dDocent_Contig_25727	1	359	72	358	99.7214	28.9443	35.9	60
dDocent_Contig_25728	1	335	160	277	82.6866	65.8925	36	59.2
dDocent_Contig_25729	1	405	10	375	92.5926	3.65679	36.7	60
dDocent_Contig_25730	1	364	26	363	99.7253	10.239	36.2	60
dDocent_Contig_25749	1	454	20	371	81.7181	5.86344	36.4	60
dDocent_Contig_25751	1	397	6	320	80.6045	2.26448	36.2	60
dDocent_Contig_25756	1	271	3	169	62.3616	1.64207	36.1	60
dDocent_Contig_25759	1	351	7	185	52.7066	2.96581	36.3	60
dDocent_Contig_25760	1	418	7	215	51.4354	2.51196	35.8	60
dDocent_Contig_25767	1	387	35	347	89.6641	10.0284	36.3	60
dDocent_Contig_25769	1	390	12	221	56.6667	4.53846	36.7	60
dDocent_Contig_25773	1	403	16	305	75.6824	5.79156	36	60
dDocent_Contig_25774	1	245	69	244	99.5918	40.4082	36.3	60
dDocent_Contig_25776	1	382	7	236	61.7801	2.7199	36.6	60
dDocent_Contig_25779	1	360	2	300	83.3333	0.833333	36.5	60
dDocent_Contig_25782	1	292	17	290	99.3151	7.78767	36.1	60
dDocent_Contig_25783	1	390	16	387	99.2308	6.12821	36.1	60
dDocent_Contig_25784	1	430	23	261	60.6977	7.4814	36.2	60
dDocent_Contig_25791	1	358	30	315	87.9888	12.0978	35.8	60
dDocent_Contig_25799	1	363	83	344	94.7658	32.3416	36.2	60
dDocent_Contig_25800	1	383	85	376	98.1723	32.6214	36.3	60
dDocent_Contig_25802	1	395	36	392	99.2405	12.9266	35.4	60
dDocent_Contig_25803	1	367	73	341	92.9155	28.8447	35.7	56.2
dDocent_Contig_25804	1	370	48	369	99.7297	18.4757	36.1	55.6
dDocent_Contig_25829	1	354	12	331	93.5028	4.56215	35.7	60
dDocent_Contig_25830	1	412	18	219	53.1553	5.64806	36.3	60
dDocent_Contig_25836	1	278	34	256	92.0863	15.9137	36.5	60
dDocent_Contig_25838	1	286	10	246	86.014	5.16084	36.6	60
dDocent_Contig_25843	1	368	58	323	87.7717	22.3886	36.1	60
dDocent_Contig_25845	1	395	21	338	85.5696	7.44557	36.3	60
dDocent_Contig_25846	1	387	53	359	92.7649	20.1447	35.6	60
dDocent_Contig_25847	1	247	19	233	94.332	10.5061	36.3	60
dDocent_Contig_25851	1	477	18	290	60.7966	5.31656	35.8	60
dDocent_Contig_25855	1	413	567	407	98.5472	195.533	36.1	58.6
dDocent_Contig_25858	1	362	11	292	80.663	4.33978	35.5	60
dDocent_Contig_25872	1	350	32	298	85.1429	13.3086	36.2	60
dDocent_Contig_25876	1	431	20	364	84.4548	6.57541	36.2	60
dDocent_Contig_25877	1	415	17	413	99.5181	6.04819	35.9	60
dDocent_Contig_25881	1	373	72	337	90.3485	26.0375	36	55.2
dDocent_Contig_25894	1	394	18	333	84.5178	6.53553	35.9	60
dDocent_Contig_25902	1	344	120	338	98.2558	49.0349	35.7	47.8
dDocent_Contig_25907	1	266	13	262	98.4962	6.86842	35.7	60
dDocent_Contig_25908	1	391	20	307	78.5166	7.31969	36.6	60
dDocent_Contig_25909	1	335	3	119	35.5224	0.946269	36.5	60
dDocent_Contig_25918	1	469	47	353	75.2665	13.9424	35.9	60
dDocent_Contig_25922	1	365	24	346	94.7945	9.6	36	60
dDocent_Contig_25924	1	442	10	296	66.9683	3.09955	34.6	60
dDocent_Contig_25926	1	414	39	412	99.5169	13.93	35.5	60
dDocent_Contig_25932	1	297	12	223	75.0842	5.86532	36.6	60
dDocent_Contig_25934	1	276	12	274	99.2754	6.27899	36.5	60
dDocent_Contig_25938	1	365	18	364	99.726	6.61644	35.9	60
dDocent_Contig_25946	1	374	14	351	93.8503	5.37166	36.7	60
dDocent_Contig_25947	1	426	24	320	75.1174	8.15962	36.1	60
dDocent_Contig_25951	1	393	11	288	73.2824	3.69975	35.8	60
dDocent_Contig_25952	1	358	20	356	99.4413	7.13128	36	60
dDocent_Contig_25967	1	370	39	341	92.1622	15.4541	35.4	60
dDocent_Contig_25983	1	450	8	352	78.2222	2.43111	36.8	60
dDocent_Contig_25990	1	398	54	339	85.1759	18.5729	35.6	60
dDocent_Contig_25999	1	281	32	245	87.1886	16.4804	36.2	60
dDocent_Contig_26003	1	349	10	273	78.2235	3.91117	35.1	60
dDocent_Contig_26013	1	319	2	232	72.7273	0.727273	35.8	60
dDocent_Contig_26014	1	363	32	294	80.9917	12.8209	36.5	60
dDocent_Contig_26016	1	317	6	179	56.4669	2.83912	36.8	60
dDocent_Contig_26024	1	333	13	311	93.3934	5.8048	36.2	60
dDocent_Contig_26025	1	269	21	259	96.2825	11.5056	36.5	60
dDocent_Contig_26028	1	296	12	265	89.527	5.86824	35.9	60
dDocent_Contig_26040	1	385	28	384	99.7403	10.5013	36.3	59.4
dDocent_Contig_26041	1	337	31	335	99.4065	13.003	35.6	58.1
dDocent_Contig_26048	1	398	4	338	84.9246	1.31407	36.6	60
dDocent_Contig_26053	1	418	16	332	79.4258	5.4378	35.6	60
dDocent_Contig_26056	1	330	82	328	99.3939	35.0485	34.8	59.8
dDocent_Contig_26060	1	345	87	334	96.8116	35.5014	36	60
dDocent_Contig_26063	1	350	20	280	80	8.16571	36.7	60
dDocent_Contig_26084	1	403	41	332	82.3821	13.9007	36.2	60
dDocent_Contig_26094	1	389	17	279	71.7224	6.5347	35.8	60
dDocent_Contig_26097	1	242	23	241	99.5868	13.4835	35.6	60
dDocent_Contig_26101	1	356	18	283	79.4944	7.13764	36.3	60
dDocent_Contig_26103	1	381	13	294	77.1654	4.76115	36.7	60
dDocent_Contig_26104	1	308	16	248	80.5195	7.42532	35.4	60
dDocent_Contig_26105	1	364	16	228	62.6374	6.36264	34.8	60
dDocent_Contig_26108	1	364	34	335	92.033	12.9863	36	60
dDocent_Contig_26109	1	296	53	290	97.973	26.0574	35.7	60
dDocent_Contig_26120	1	342	7	340	99.4152	3.00292	36	60
dDocent_Contig_26123	1	349	31	345	98.8539	12.9198	35.4	60
dDocent_Contig_26125	1	386	43	358	92.7461	15.8601	36.3	60
dDocent_Contig_26129	1	264	1	139	52.6515	0.526515	36.3	60
dDocent_Contig_26130	1	396	46	333	84.0909	17.0455	36.3	60
dDocent_Contig_26132	1	375	96	373	99.4667	36.896	35.6	60
dDocent_Contig_26140	1	413	8	304	73.6077	2.88378	36.5	60
dDocent_Contig_26143	1	369	19	330	89.4309	7.271	36.2	60
dDocent_Contig_26144	1	307	105	287	93.4853	38.9772	35.3	60
dDocent_Contig_26157	1	398	17	318	79.8995	6.1005	36.4	60
dDocent_Contig_26172	1	288	42	275	95.4861	20.9479	36	60
dDocent_Contig_26173	1	380	13	378	99.4737	4.84211	36.1	52.6
dDocent_Contig_26179	1	328	25	319	97.2561	10.8811	36.1	60
dDocent_Contig_26183	1	420	19	410	97.619	6.72143	36.2	60
dDocent_Contig_26185	1	378	24	274	72.4868	9.5	36.4	60
dDocent_Contig_26188	1	388	36	338	87.1134	13.2371	36.3	60
dDocent_Contig_26193	1	325	82	322	99.0769	34.6646	35.9	59.7
dDocent_Contig_26194	1	241	20	240	99.5851	11.9876	36	60
dDocent_Contig_26195	1	397	16	250	62.9723	5.57179	36.5	60
dDocent_Contig_26215	1	358	15	222	62.0112	5.82961	36.4	60
dDocent_Contig_26216	1	338	24	336	99.4083	10.3728	36.2	60
dDocent_Contig_26219	1	326	25	254	77.9141	10.6135	36.2	60
dDocent_Contig_26224	1	420	5	224	53.3333	1.67619	36.9	60
dDocent_Contig_26226	1	389	58	304	78.1491	21.2725	35.9	60
dDocent_Contig_26232	1	466	34	387	83.0472	10.7275	35.7	60
dDocent_Contig_26233	1	377	33	282	74.8011	12.4642	36	60
dDocent_Contig_26235	1	351	56	349	99.4302	22.7749	36.1	55.9
dDocent_Contig_26236	1	317	26	267	84.2271	11.4543	36.2	60
dDocent_Contig_26240	1	461	15	372	80.6941	4.42299	35.9	60
dDocent_Contig_26247	1	295	22	291	98.6441	10.922	36	60
dDocent_Contig_26249	1	406	16	346	85.2217	4.9064	34.8	60
dDocent_Contig_26251	1	426	14	424	99.5305	4.84507	36.3	60
dDocent_Contig_26265	1	375	17	373	99.4667	6.14133	36.4	60
dDocent_Contig_26266	1	325	69	323	99.3846	27.2462	36.1	57.8
dDocent_Contig_26268	1	308	14	216	70.1299	6.51623	36	60
dDocent_Contig_26276	1	330	65	329	99.697	28.8545	36	60
dDocent_Contig_26277	1	323	15	268	82.9721	6.81115	36.3	60
dDocent_Contig_26283	1	465	26	265	56.9892	8.02366	36.4	60
dDocent_Contig_26293	1	410	27	258	62.9268	9.22927	35.7	60
dDocent_Contig_26305	1	364	55	349	95.8791	21.6593	35.4	60
dDocent_Contig_26307	1	328	6	202	61.5854	2.68598	34.7	60
dDocent_Contig_26320	1	280	6	275	98.2143	3.21429	35.9	60
dDocent_Contig_26323	1	272	15	271	99.6324	7.68015	36.1	60
dDocent_Contig_26326	1	311	28	285	91.6399	13.2605	36.4	60
dDocent_Contig_26336	1	364	19	353	96.978	7.48077	35.7	58.9
dDocent_Contig_26347	1	273	17	227	83.1502	8.64469	35.4	60
dDocent_Contig_26348	1	451	54	288	63.8581	17.6031	36.1	60
dDocent_Contig_26351	1	449	13	355	79.0646	4.27171	34.5	60
dDocent_Contig_26353	1	377	8	314	83.2891	2.96021	36	60
dDocent_Contig_26357	1	343	36	315	91.8367	15.0262	36	60
dDocent_Contig_26358	1	362	19	289	79.8343	7.3453	36.2	60
dDocent_Contig_26359	1	403	22	289	71.7122	7.8139	35.5	60
dDocent_Contig_26362	1	318	23	302	94.9686	10.4591	35.9	60
dDocent_Contig_26368	1	303	42	296	97.6898	20.3762	36.4	60
dDocent_Contig_26372	1	499	4	319	63.9279	1.19238	36.6	60
dDocent_Contig_26373	1	352	12	237	67.3295	4.63068	35.7	57.2
dDocent_Contig_26374	1	283	19	281	99.2933	9.77739	36	60
dDocent_Contig_26388	1	447	8	398	89.038	2.67562	35.9	60
dDocent_Contig_26389	1	415	37	335	80.7229	12.8313	36.2	60
dDocent_Contig_26391	1	409	64	380	92.9095	22.6773	36.1	60
dDocent_Contig_26399	1	418	1	125	29.9043	0.299043	36.5	60
dDocent_Contig_26400	1	398	12	357	89.6985	4.51005	36.1	60
dDocent_Contig_26401	1	369	9	237	64.2276	3.45528	34.9	60
dDocent_Contig_26404	1	323	5	199	61.6099	2.32198	36.1	60
dDocent_Contig_26409	1	278	23	263	94.6043	11.8094	36.3	60
dDocent_Contig_26410	1	305	2	154	50.4918	0.983607	36.5	60
dDocent_Contig_26420	1	393	20	313	79.6438	7.08906	35.9	60
dDocent_Contig_26424	1	333	2	230	69.0691	0.87988	36.8	60
dDocent_Contig_26437	1	379	10	224	59.1029	3.94459	36.8	60
dDocent_Contig_26441	1	468	11	253	54.0598	3.47436	36.5	60
dDocent_Contig_26442	1	319	9	316	99.0596	4.03135	34.3	60
dDocent_Contig_26443	1	356	22	290	81.4607	8.38764	35.7	60
dDocent_Contig_26454	1	392	7	157	40.051	2.39286	36.1	60
dDocent_Contig_26457	1	475	61	448	94.3158	18.8253	35.7	60
dDocent_Contig_26458	1	495	39	218	44.0404	11.1394	36.4	60
dDocent_Contig_26467	1	343	16	215	62.6822	6.78717	36.3	60
dDocent_Contig_26475	1	364	19	311	85.4396	7.48352	36.2	60
dDocent_Contig_26477	1	291	17	275	94.5017	8.61168	36.7	60
dDocent_Contig_26487	1	302	18	261	86.4238	7.9106	34.7	60
dDocent_Contig_26489	1	284	33	257	90.493	16.1232	36.3	60
dDocent_Contig_26490	1	398	23	397	99.7487	8.48995	36.2	60
dDocent_Contig_26499	1	388	5	286	73.7113	1.85052	36.7	60
dDocent_Contig_26502	1	242	42	241	99.5868	25.3017	36.2	60
dDocent_Contig_26503	1	427	74	381	89.2272	25.3068	35.9	60
dDocent_Contig_26511	1	357	9	340	95.2381	3.56863	35.6	60
dDocent_Contig_26518	1	413	34	408	98.7893	11.9613	36.2	60
dDocent_Contig_26522	1	316	44	315	99.6835	20.0222	36.6	60
dDocent_Contig_26525	1	383	16	356	92.9504	6.03655	36.3	60
dDocent_Contig_26526	1	382	12	338	88.4817	4.59162	35.6	60
dDocent_Contig_26535	1	422	7	305	72.2749	2.35071	36.1	60
dDocent_Contig_26536	1	382	26	270	70.6806	9.92147	35.9	60
dDocent_Contig_26538	1	414	11	355	85.7488	3.50966	35.4	60
dDocent_Contig_26539	1	374	54	372	99.4652	20.7112	36.1	60
dDocent_Contig_26540	1	403	26	401	99.5037	9.53102	36.4	60
dDocent_Contig_26542	1	443	20	387	87.3589	6.37472	36	60
dDocent_Contig_26557	1	338	96	307	90.8284	41.1982	36.2	60
dDocent_Contig_26558	1	406	17	304	74.8768	5.91379	35.8	60
dDocent_Contig_26561	1	414	56	358	86.4734	19.686	36	60
dDocent_Contig_26563	1	333	18	331	99.3994	7.15616	36.2	60
dDocent_Contig_26564	1	313	31	312	99.6805	14.0927	35.8	60
dDocent_Contig_26570	1	360	16	227	63.0556	6.23333	36.1	58.8
dDocent_Contig_26571	1	404	21	318	78.7129	7.34653	35.8	60
dDocent_Contig_26584	1	300	16	287	95.6667	7.69333	35.7	60
dDocent_Contig_26616	1	299	21	286	95.6522	9.9398	35.4	60
dDocent_Contig_26617	1	357	7	260	72.8291	2.89636	36.3	60
dDocent_Contig_26620	1	368	22	359	97.5543	8.48641	35.1	60
dDocent_Contig_26627	1	367	18	365	99.455	7.0545	35.9	60
dDocent_Contig_26638	1	350	56	347	99.1429	23.1086	35.7	60
dDocent_Contig_26645	1	334	36	304	91.018	15.2695	35.8	55.8
dDocent_Contig_26649	1	394	15	221	56.0914	5.35279	36.1	60
dDocent_Contig_26650	1	354	38	324	91.5254	15.4915	35.9	60
dDocent_Contig_26659	1	343	46	283	82.5073	19.4198	35.7	60
dDocent_Contig_26668	1	380	9	236	62.1053	3.46842	35.9	60
dDocent_Contig_26669	1	429	38	428	99.7669	12.373	35.9	60
dDocent_Contig_26682	1	432	30	324	75	10.25	36	60
dDocent_Contig_26690	1	365	23	331	90.6849	8.59178	35.2	60
dDocent_Contig_26691	1	366	89	341	93.1694	34.2077	35.4	60
dDocent_Contig_26693	1	364	25	363	99.7253	9.54945	36	60
dDocent_Contig_26699	1	354	679	329	92.9379	266.328	35.8	59.9
dDocent_Contig_26706	1	386	1	150	38.8601	0.388601	36.4	60
dDocent_Contig_26719	1	319	9	180	56.4263	4.09404	35	60
dDocent_Contig_26739	1	264	16	254	96.2121	7.65152	35.7	60
dDocent_Contig_26748	1	448	1	146	32.5893	0.325893	36.5	60
dDocent_Contig_26751	1	467	63	387	82.8694	19.3276	34.9	60
dDocent_Contig_26755	1	433	15	386	89.1455	4.86605	35.9	60
dDocent_Contig_26756	1	409	11	191	46.6993	3.88998	36.3	60
dDocent_Contig_26787	1	380	19	246	64.7368	7.41316	35.9	60
dDocent_Contig_26789	1	373	9	280	75.067	3.5067	35.9	60
dDocent_Contig_26795	1	312	116	311	99.6795	51.8141	36	50.3
dDocent_Contig_26796	1	375	21	318	84.8	7.72533	36.2	60
dDocent_Contig_26797	1	374	8	236	63.1016	2.92781	36.6	60
dDocent_Contig_26799	1	388	21	370	95.3608	7.59536	36.1	60
dDocent_Contig_26807	1	355	17	329	92.6761	7.05915	36.5	60
dDocent_Contig_26813	1	386	4	208	53.886	1.14767	35.9	55.8
dDocent_Contig_26817	1	384	271	372	96.875	94.8932	36	55.3
dDocent_Contig_26820	1	418	31	417	99.7608	10.8325	36	60
dDocent_Contig_26821	1	387	5	351	90.6977	1.93798	36.8	60
dDocent_Contig_26822	1	303	45	277	91.4191	21.2706	35.8	59.4
dDocent_Contig_26823	1	399	27	385	96.4912	9.81955	35.6	60
dDocent_Contig_26824	1	312	33	300	96.1538	14.7692	36	51
dDocent_Contig_26826	1	328	3	206	62.8049	1.35671	36.7	60
dDocent_Contig_26831	1	387	4	374	96.6408	1.49612	34.6	60
dDocent_Contig_26839	1	323	53	321	99.3808	24.2167	35.6	60
dDocent_Contig_26841	1	436	36	381	87.3853	11.9518	36.7	60
dDocent_Contig_26842	1	272	16	235	86.3971	7.66912	35.6	60
dDocent_Contig_26861	1	325	25	287	88.3077	10.88	36.3	59.4
dDocent_Contig_26862	1	389	7	334	85.8612	2.6581	35.8	60
dDocent_Contig_26865	1	468	23	462	98.7179	6.80769	36.4	60
dDocent_Contig_26870	1	397	17	393	98.9924	6.36524	35.9	60
dDocent_Contig_26874	1	368	10	279	75.8152	3.84511	36.6	60
dDocent_Contig_26876	1	319	10	255	79.9373	4.55172	36.3	60
dDocent_Contig_26880	1	357	5	234	65.5462	2.02521	35.9	60
dDocent_Contig_26883	1	328	2	285	86.8902	0.914634	36.9	60
dDocent_Contig_26884	1	457	19	331	72.4289	6.03939	35.4	60
dDocent_Contig_26887	1	302	27	252	83.4437	12.5033	36	60
dDocent_Contig_26893	1	354	57	339	95.7627	21.8729	36.1	50
dDocent_Contig_26895	1	302	9	242	80.1325	3.99669	36.3	60
dDocent_Contig_26902	1	373	50	368	98.6595	19.4584	36	60
dDocent_Contig_26903	1	393	14	281	71.5013	5.26209	36.3	60
dDocent_Contig_26906	1	399	34	397	99.4987	12.3333	36.2	60
dDocent_Contig_26928	1	381	28	364	95.5381	10.3517	35.7	60
dDocent_Contig_26930	1	446	37	439	98.4305	11.8475	36.2	60
dDocent_Contig_26933	1	284	39	283	99.6479	18.8415	36.1	60
dDocent_Contig_26934	1	376	42	338	89.8936	15.9574	36.4	60
dDocent_Contig_26938	1	425	47	324	76.2353	15.6541	36.3	60
dDocent_Contig_26949	1	296	10	258	87.1622	4.93581	35.5	60
dDocent_Contig_26960	1	335	45	320	95.5224	19	35.8	60
dDocent_Contig_26962	1	430	20	392	91.1628	6.5186	35.6	60
dDocent_Contig_26968	1	346	13	196	56.6474	5.42775	36	60
dDocent_Contig_26969	1	373	21	337	90.3485	8.39142	36.3	60
dDocent_Contig_26971	1	321	1	72	22.4299	0.224299	36.8	60
dDocent_Contig_26975	1	385	28	384	99.7403	10.4	36.7	60
dDocent_Contig_26978	1	421	124	406	96.4371	41.9454	36.1	60
dDocent_Contig_26982	1	353	57	352	99.7167	23.6771	35.6	60
dDocent_Contig_26987	1	337	39	289	85.7567	16.8754	36.1	59.9
dDocent_Contig_26990	1	429	24	369	86.014	8.17716	35.7	60
dDocent_Contig_26991	1	332	31	321	96.6867	12.8373	36.6	60
dDocent_Contig_26995	1	366	22	364	99.4536	8.62568	36.4	60
dDocent_Contig_26996	1	398	19	396	99.4975	6.91709	35.5	60
dDocent_Contig_26999	1	405	31	355	87.6543	10.6938	35.7	60
dDocent_Contig_27002	1	428	18	365	85.2804	5.82477	36	60
dDocent_Contig_27003	1	361	27	329	91.1357	10.9723	36.2	60
dDocent_Contig_27005	1	274	45	273	99.635	23.0146	36	60
dDocent_Contig_27006	1	329	12	328	99.696	4.91489	36.6	60
dDocent_Contig_27010	1	380	21	319	83.9474	7.16579	36.7	60
dDocent_Contig_27012	1	419	7	362	86.3962	2.44391	36.5	60
dDocent_Contig_27015	1	336	54	204	60.7143	18.381	36.3	57.1
dDocent_Contig_27024	1	372	217	371	99.7312	75.4624	35.5	38.3
dDocent_Contig_27038	1	361	12	280	77.5623	4.95291	36.4	60
dDocent_Contig_27041	1	297	7	187	62.963	3.53535	36.3	60
dDocent_Contig_27043	1	399	3	150	37.594	1.12782	36.7	60
dDocent_Contig_27046	1	409	44	372	90.9535	15.8631	36.1	60
dDocent_Contig_27052	1	393	30	385	97.9644	11.145	35.9	60
dDocent_Contig_27056	1	400	13	371	92.75	4.18	36.5	60
dDocent_Contig_27058	1	321	16	314	97.8193	7.10903	35.4	60
dDocent_Contig_27059	1	278	22	255	91.7266	11.223	35.9	60
dDocent_Contig_27060	1	402	30	315	78.3582	10.607	36.5	60
dDocent_Contig_27061	1	343	6	161	46.9388	2.27114	36.1	60
dDocent_Contig_27062	1	353	16	205	58.0737	6.24646	36.5	60
dDocent_Contig_27065	1	353	64	351	99.4334	25.915	36.1	60
dDocent_Contig_27066	1	427	576	427	100	197.37	36.2	60
dDocent_Contig_27069	1	389	6	151	38.8175	1.48072	36.7	60
dDocent_Contig_27070	1	352	3	105	29.8295	0.735795	36.9	60
dDocent_Contig_27080	1	407	47	407	100	15.8305	35.9	60
dDocent_Contig_27086	1	420	10	171	40.7143	3.07857	35.7	60
dDocent_Contig_27089	1	282	10	272	96.4539	5.2234	35.7	60
dDocent_Contig_27094	1	406	4	181	44.5813	1.36207	36.4	60
dDocent_Contig_27095	1	330	46	311	94.2424	20.4152	36.2	60
dDocent_Contig_27097	1	367	32	342	93.188	12.6158	35.5	60
dDocent_Contig_27101	1	286	8	200	69.9301	3.39161	34.7	59.8
dDocent_Contig_27107	1	320	15	253	79.0625	6.4125	35.7	60
dDocent_Contig_27109	1	415	125	379	91.3253	43.4627	35.9	59.9
dDocent_Contig_27121	1	376	26	298	79.2553	10.0878	35.5	60
dDocent_Contig_27131	1	478	86	474	99.1632	24.7113	36.2	41.5
dDocent_Contig_27132	1	334	2	150	44.9102	0.898204	35.4	60
dDocent_Contig_27135	1	328	31	295	89.939	13.3872	36.2	60
dDocent_Contig_27138	1	377	15	230	61.008	5.50133	36.2	60
dDocent_Contig_27139	1	343	22	311	90.6706	9.45773	36.1	60
dDocent_Contig_27141	1	394	17	339	86.0406	5.93655	36.2	60
dDocent_Contig_27142	1	272	17	254	93.3824	9.22794	36	60
dDocent_Contig_27143	1	393	8	291	74.0458	2.79898	35.8	60
dDocent_Contig_27148	1	385	76	329	85.4545	28.6468	36.3	60
dDocent_Contig_27150	1	436	5	286	65.5963	1.72018	36.7	60
dDocent_Contig_27155	1	344	17	274	79.6512	6.53198	36.7	60
dDocent_Contig_27156	1	359	9	277	77.1588	3.56825	36.7	60
dDocent_Contig_27158	1	514	455	513	99.8054	125.77	36.1	59.9
dDocent_Contig_27159	1	290	9	246	84.8276	4.46897	35.9	60
dDocent_Contig_27160	1	361	9	222	61.4958	3.65651	35.7	60
dDocent_Contig_27168	1	327	12	141	43.1193	3.33333	35.7	57.8
dDocent_Contig_27171	1	412	37	406	98.5437	11.0291	35.5	44.6
dDocent_Contig_27175	1	383	35	383	100	13.2715	36.1	60
dDocent_Contig_27176	1	350	19	241	68.8571	7.60286	36.6	48.4
dDocent_Contig_27180	1	401	31	399	99.5012	11.4065	36.2	60
dDocent_Contig_27181	1	457	15	287	62.8009	4.57112	36.2	60
dDocent_Contig_27182	1	359	27	345	96.1003	11.0836	35.8	54.8
dDocent_Contig_27187	1	423	71	356	84.1608	24.4397	36	60
dDocent_Contig_27188	1	512	55	357	69.7266	15.7891	36.4	60
dDocent_Contig_27189	1	518	46	495	95.5598	11.5598	35	60
dDocent_Contig_27193	1	320	18	318	99.375	8.24375	36.2	60
dDocent_Contig_27198	1	355	8	341	96.0563	3.28169	36	60
dDocent_Contig_27200	1	402	35	366	91.0448	12.1144	36	60
dDocent_Contig_27202	1	413	31	315	76.2712	10.7893	35.9	60
dDocent_Contig_27203	1	395	44	268	67.8481	15.6025	35.8	60
dDocent_Contig_27206	1	374	17	274	73.262	6.72995	36.7	60
dDocent_Contig_27212	1	388	31	379	97.6804	11.5284	36	60
dDocent_Contig_27213	1	319	18	253	79.3103	7.27586	35.9	60
dDocent_Contig_27226	1	360	11	133	36.9444	3.74167	36.3	60
dDocent_Contig_27229	1	283	9	211	74.5583	4.30389	36.5	60
dDocent_Contig_27230	1	322	20	290	90.0621	9.00621	36	60
dDocent_Contig_27233	1	370	30	307	82.973	11.1568	36	60
dDocent_Contig_27238	1	447	14	370	82.774	4.42953	36.4	60
dDocent_Contig_27239	1	356	24	304	85.3933	9.97753	35.7	60
dDocent_Contig_27249	1	377	20	270	71.618	7.67374	36.1	60
dDocent_Contig_27256	1	334	54	327	97.9042	23.5329	35.6	60
dDocent_Contig_27257	1	427	125	424	99.2974	39.8595	33.8	59.7
dDocent_Contig_27259	1	270	33	268	99.2593	17.4222	36.3	60
dDocent_Contig_27266	1	322	25	312	96.8944	11.5839	35.5	60
dDocent_Contig_27267	1	469	41	449	95.7356	12.6951	35.6	60
dDocent_Contig_27269	1	306	30	298	97.3856	13.951	35.2	60
dDocent_Contig_27279	1	253	15	240	94.8617	7.81818	35.9	60
dDocent_Contig_27280	1	270	15	212	78.5185	7.80741	36.4	60
dDocent_Contig_27281	1	336	15	275	81.8452	6.25595	35.5	60
dDocent_Contig_27282	1	402	34	344	85.5721	12.0323	36.4	60
dDocent_Contig_27286	1	372	41	234	62.9032	12.6694	35.4	60
dDocent_Contig_27290	1	451	51	349	77.3836	16.2129	36	60
dDocent_Contig_27291	1	376	22	375	99.734	8.37234	35.5	60
dDocent_Contig_27297	1	330	10	256	77.5758	4.12121	36.5	60
dDocent_Contig_27299	1	298	23	283	94.9664	10.9195	35.8	60
dDocent_Contig_27304	1	380	33	368	96.8421	12.9342	35.7	60
dDocent_Contig_27311	1	408	109	403	98.7745	39.076	35.9	60
dDocent_Contig_27315	1	400	46	398	99.5	17.115	36.2	60
dDocent_Contig_27319	1	313	32	312	99.6805	14.2428	36.1	58.9
dDocent_Contig_27322	1	446	11	414	92.8251	3.69507	36.3	60
dDocent_Contig_27325	1	340	21	339	99.7059	8.56471	35.9	60
dDocent_Contig_27332	1	356	22	329	92.4157	8.92978	35.7	60
dDocent_Contig_27338	1	260	24	251	96.5385	13.7077	36.3	60
dDocent_Contig_27339	1	386	16	345	89.3782	6.14508	36	60
dDocent_Contig_27342	1	451	47	369	81.8182	14.2173	35.8	57.5
dDocent_Contig_27352	1	225	32	217	96.4444	19.9111	35.6	60
dDocent_Contig_27363	1	332	2	86	25.9036	0.518072	36.8	60
dDocent_Contig_27366	1	332	97	171	51.506	38.1958	35.9	60
dDocent_Contig_27388	1	287	10	206	71.777	5.15679	36.8	60
dDocent_Contig_27390	1	361	12	281	77.8393	4.81994	35.7	60
dDocent_Contig_27391	1	405	11	350	86.4198	3.70123	36.8	60
dDocent_Contig_27393	1	380	23	343	90.2632	8.55	36.3	60
dDocent_Contig_27395	1	407	15	320	78.6241	5.5258	35.8	60
dDocent_Contig_27396	1	341	22	278	81.5249	9.15249	35.8	60
dDocent_Contig_27399	1	436	12	345	79.1284	4.00229	35.8	60
dDocent_Contig_27404	1	391	20	248	63.4271	6.87212	36	60
dDocent_Contig_27409	1	366	8	346	94.5355	3.02186	36.7	60
dDocent_Contig_27431	1	352	47	337	95.7386	19.179	35.8	60
dDocent_Contig_27433	1	384	13	375	97.6562	4.63281	35.8	60
dDocent_Contig_27443	1	390	4	311	79.7436	1.52308	35.5	60
dDocent_Contig_27446	1	383	17	272	71.0183	5.70496	35.7	60
dDocent_Contig_27447	1	457	21	326	71.3348	6.78118	36.3	60
dDocent_Contig_27448	1	385	17	271	70.3896	6.60779	36.3	60
dDocent_Contig_27449	1	318	10	311	97.7987	4.64465	35.8	60
dDocent_Contig_27454	1	334	34	301	90.1198	14.8443	36.5	60
dDocent_Contig_27455	1	433	19	207	47.806	5.8037	36.5	60
dDocent_Contig_27457	1	418	52	361	86.3636	15.5167	35.4	57.3
dDocent_Contig_27458	1	276	19	275	99.6377	9.9058	34.9	60
dDocent_Contig_27461	1	252	17	249	98.8095	9.48413	34.9	60
dDocent_Contig_27466	1	478	1	150	31.3808	0.313808	36.8	60
dDocent_Contig_27467	1	358	18	356	99.4413	7.41061	35.1	60
dDocent_Contig_27468	1	297	60	297	100	28.2054	36	60
dDocent_Contig_27470	1	347	13	267	76.9452	5.4755	35.7	60
dDocent_Contig_27473	1	266	22	264	99.2481	11.9887	36.3	60
dDocent_Contig_27482	1	403	26	401	99.5037	9.38213	35.6	60
dDocent_Contig_27491	1	386	9	272	70.4663	3.24352	36.4	60
dDocent_Contig_27496	1	401	35	386	96.2594	12.1421	36.3	60
dDocent_Contig_27497	1	343	32	341	99.4169	13.5918	36	60
dDocent_Contig_27505	1	379	16	253	66.7546	6.05541	36.3	59.6
dDocent_Contig_27512	1	437	40	345	78.9474	13.2792	36.1	59.5
dDocent_Contig_27514	1	455	11	320	70.3297	3.16923	36.7	60
dDocent_Contig_27516	1	357	2	105	29.4118	0.588235	36.6	60
dDocent_Contig_27521	1	395	101	335	84.8101	35.3139	35.8	59.7
dDocent_Contig_27526	1	347	6	275	79.2507	2.33141	35.8	60
dDocent_Contig_27528	1	314	23	305	97.1338	10.6688	35.4	60
dDocent_Contig_27539	1	272	19	244	89.7059	9.70588	35.5	60
dDocent_Contig_27541	1	422	21	327	77.4882	7.12322	35.7	60
dDocent_Contig_27549	1	389	23	388	99.7429	8.56555	36.5	60
dDocent_Contig_27560	1	234	26	231	98.7179	15.8675	36.1	60
dDocent_Contig_27561	1	362	6	217	59.9448	2.40884	36.7	60
dDocent_Contig_27568	1	459	66	350	76.2527	17.9542	35.1	60
dDocent_Contig_27569	1	363	22	361	99.449	8.36364	35.6	60
dDocent_Contig_27573	1	432	20	385	89.1204	6.4213	34.7	60
dDocent_Contig_27577	1	344	13	275	79.9419	5.60756	35.4	60
dDocent_Contig_27578	1	420	18	344	81.9048	6.14524	35.9	60
dDocent_Contig_27586	1	361	41	310	85.8726	16.7064	35	60
dDocent_Contig_27587	1	308	25	282	91.5584	11.7792	34.8	60
dDocent_Contig_27588	1	452	8	347	76.7699	2.64823	36.4	60
dDocent_Contig_27589	1	383	15	364	95.0392	5.68146	35.7	60
dDocent_Contig_27590	1	260	9	219	84.2308	5.14615	35.6	60
dDocent_Contig_27591	1	407	26	292	71.7445	9.29975	36	60
dDocent_Contig_27593	1	330	10	285	86.3636	4.01515	36.1	60
dDocent_Contig_27594	1	305	22	302	99.0164	10.5016	36.6	60
dDocent_Contig_27600	1	317	31	315	99.3691	14.53	36.1	60
dDocent_Contig_27604	1	376	13	374	99.4681	5.00532	36.6	60
dDocent_Contig_27606	1	294	8	185	62.9252	4.08163	36.2	60
dDocent_Contig_27609	1	389	34	388	99.7429	12.4139	36.1	60
dDocent_Contig_27610	1	377	33	286	75.8621	12.2493	35.1	60
dDocent_Contig_27616	1	235	38	234	99.5745	22.8213	35.9	60
dDocent_Contig_27617	1	398	85	366	91.9598	30.8568	36	60
dDocent_Contig_27620	1	313	6	142	45.3674	2.33546	36.3	60
dDocent_Contig_27631	1	424	46	319	75.2358	15.5542	36	60
dDocent_Contig_27634	1	315	20	275	87.3016	9.07302	35.2	60
dDocent_Contig_27640	1	363	47	352	96.9697	18.7989	35.5	60
dDocent_Contig_27641	1	467	23	437	93.576	7.20128	36	60
dDocent_Contig_27643	1	433	16	245	56.582	5.37182	35.2	60
dDocent_Contig_27652	1	241	16	226	93.7759	8.94191	36.5	60
dDocent_Contig_27666	1	326	3	133	40.7975	1.09509	36.4	60
dDocent_Contig_27670	1	339	8	307	90.5605	3.38643	36.8	60
dDocent_Contig_27671	1	386	22	311	80.5699	7.84715	35.8	60
dDocent_Contig_27674	1	395	27	305	77.2152	9.7519	36.3	60
dDocent_Contig_27676	1	296	14	281	94.9324	6.96622	36.7	60
dDocent_Contig_27683	1	278	31	272	97.8417	15.9101	36.2	59.9
dDocent_Contig_27684	1	348	84	341	97.9885	35.4454	36	60
dDocent_Contig_27692	1	362	24	348	96.1326	9.67403	36.1	60
dDocent_Contig_27694	1	369	6	214	57.9946	2.19783	35.6	60
dDocent_Contig_27702	1	351	42	348	99.1453	17.5556	35.3	60
dDocent_Contig_27704	1	451	37	412	91.3525	10.9712	35.8	60
dDocent_Contig_27710	1	392	4	177	45.1531	1.44898	35.1	60
dDocent_Contig_27715	1	400	4	282	70.5	1.4975	35.5	60
dDocent_Contig_27717	1	332	17	281	84.6386	7.59639	36.1	59.8
dDocent_Contig_27725	1	359	60	296	82.4513	22.0084	35.8	59.4
dDocent_Contig_27731	1	353	44	352	99.7167	17.7337	35.4	60
dDocent_Contig_27733	1	331	25	317	95.7704	10.5378	36.1	60
dDocent_Contig_27734	1	390	65	379	97.1795	24.5897	36.1	60
dDocent_Contig_27736	1	457	23	424	92.779	7.2035	36.2	60
dDocent_Contig_27740	1	232	4	199	85.7759	2.55172	36.8	60
dDocent_Contig_27741	1	387	41	386	99.7416	14.6977	36.1	60
dDocent_Contig_27742	1	320	1	86	26.875	0.26875	30.6	60
dDocent_Contig_27746	1	381	37	380	99.7375	13.2887	36	60
dDocent_Contig_27754	1	451	19	368	81.5965	5.90909	35.8	60
dDocent_Contig_27755	1	500	76	435	87	22.372	36.5	60
dDocent_Contig_27766	1	342	20	326	95.3216	8.32456	35.4	60
dDocent_Contig_27775	1	456	11	221	48.4649	3.48904	35.8	60
dDocent_Contig_27801	1	375	15	297	79.2	5.60267	36.3	60
dDocent_Contig_27802	1	426	27	375	88.0282	8.6831	36.4	60
dDocent_Contig_27806	1	280	16	256	91.4286	7.80714	35.6	60
dDocent_Contig_27808	1	433	37	431	99.5381	11.4827	36.2	58.4
dDocent_Contig_27813	1	341	12	230	67.4487	4.9824	34.8	60
dDocent_Contig_27820	1	483	20	218	45.1346	5.79089	35.8	60
dDocent_Contig_27823	1	366	39	364	99.4536	15.5984	35.5	60
dDocent_Contig_27824	1	285	3	164	57.5439	1.5614	36.5	60
dDocent_Contig_27825	1	403	22	312	77.4194	8.11414	36	60
dDocent_Contig_27826	1	333	10	266	79.8799	4.46547	36.6	60
dDocent_Contig_27827	1	499	11	280	56.1122	3.00601	36.3	56.9
dDocent_Contig_27831	1	439	15	313	71.2984	4.90205	36.2	60
dDocent_Contig_27839	1	324	24	270	83.3333	10.9414	35.5	60
dDocent_Contig_27843	1	378	22	330	87.3016	8.13228	34.4	60
dDocent_Contig_27845	1	336	9	243	72.3214	3.99405	34.2	60
dDocent_Contig_27847	1	298	32	297	99.6644	15.4966	35.8	60
dDocent_Contig_27848	1	420	35	396	94.2857	11.9238	36	60
dDocent_Contig_27849	1	322	28	231	71.7391	12.4938	36	60
dDocent_Contig_27850	1	276	51	263	95.2899	26.5362	36	60
dDocent_Contig_27858	1	352	32	309	87.7841	13.0455	36.3	60
dDocent_Contig_27866	1	373	53	266	71.3137	19.7292	35.6	59.5
dDocent_Contig_27872	1	376	33	276	73.4043	12.8218	35.8	60
dDocent_Contig_27912	1	383	18	332	86.6841	6.54569	36.1	60
dDocent_Contig_27915	1	269	36	269	100	19.4498	36.2	60
dDocent_Contig_27921	1	413	9	310	75.0605	2.65617	36	60
dDocent_Contig_27926	1	329	2	149	45.2888	0.905775	35.7	60
dDocent_Contig_27927	1	404	65	387	95.7921	17.9208	35.1	60
dDocent_Contig_27928	1	396	4	287	72.4747	1.51515	36.7	60
dDocent_Contig_27935	1	357	4	138	38.6555	1.39496	36.6	60
dDocent_Contig_27940	1	352	37	345	98.0114	15.1818	35.9	56.2
dDocent_Contig_27942	1	393	27	246	62.5954	9.7888	36.2	60
dDocent_Contig_27943	1	337	13	335	99.4065	5.68249	36.2	60
dDocent_Contig_27957	1	271	21	270	99.631	11.1771	35.6	60
dDocent_Contig_27958	1	390	27	328	84.1026	9.8641	36.3	60
dDocent_Contig_27959	1	298	6	218	73.1544	2.49664	36.4	60
dDocent_Contig_27967	1	488	18	370	75.8197	5.45697	36.3	60
dDocent_Contig_27971	1	485	54	381	78.5567	15.9093	35.8	60
dDocent_Contig_27978	1	332	9	247	74.3976	3.93976	34.9	60
dDocent_Contig_27979	1	428	23	311	72.6636	6.99065	36.7	60
dDocent_Contig_27980	1	430	16	363	84.4186	5.2093	36	60
dDocent_Contig_27981	1	410	29	316	77.0732	10.0829	36.1	60
dDocent_Contig_27999	1	440	6	235	53.4091	2.00227	36.4	60
dDocent_Contig_28003	1	335	29	334	99.7015	12.4269	35.4	60
dDocent_Contig_28008	1	302	41	299	99.0066	20.0828	36.2	60
dDocent_Contig_28021	1	380	28	378	99.4737	10.2342	35.1	60
dDocent_Contig_28023	1	338	18	308	91.1243	7.90533	35.5	60
dDocent_Contig_28029	1	390	463	389	99.7436	167.192	35.8	52.8
dDocent_Contig_28047	1	333	32	331	99.3994	14.0631	36.4	60
dDocent_Contig_28052	1	434	24	423	97.4654	7.5553	36.1	58.8
dDocent_Contig_28054	1	357	24	322	90.1961	9.33053	36.3	60
dDocent_Contig_28063	1	415	13	293	70.6024	4.55422	35.7	60
dDocent_Contig_28072	1	370	71	368	99.4595	27.7162	35.8	60
dDocent_Contig_28076	1	306	35	297	97.0588	15.3595	35.7	59.2
dDocent_Contig_28078	1	395	32	359	90.8861	11.7165	35.9	60
dDocent_Contig_28085	1	361	252	348	96.3989	92.5457	36.1	60
dDocent_Contig_28087	1	280	26	280	100	13.2071	35.9	60
dDocent_Contig_28088	1	434	20	419	96.5438	6.57604	36.2	60
dDocent_Contig_28097	1	391	265	377	96.4194	97.2967	35.8	47.1
dDocent_Contig_28102	1	363	29	226	62.259	11.6198	35.7	60
dDocent_Contig_28108	1	421	9	253	60.095	3.10451	36.1	60
dDocent_Contig_28109	1	384	90	359	93.4896	34.2891	35.6	60
dDocent_Contig_28110	1	353	51	340	96.3173	21.1643	35	60
dDocent_Contig_28111	1	388	19	244	62.8866	7.22423	35.7	60
dDocent_Contig_28119	1	367	35	322	87.7384	13.7003	35.7	60
dDocent_Contig_28126	1	510	9	288	56.4706	2.59804	36.6	60
dDocent_Contig_28127	1	342	61	304	88.8889	25.4591	36.1	60
dDocent_Contig_28134	1	388	71	309	79.6392	25.8273	36.1	58.7
dDocent_Contig_28136	1	378	10	360	95.2381	3.74603	36	60
dDocent_Contig_28140	1	247	2	105	42.5101	0.850202	37	60
dDocent_Contig_28147	1	325	13	220	67.6923	5.76308	35.6	60
dDocent_Contig_28159	1	476	12	379	79.6218	3.55882	35.3	60
dDocent_Contig_28160	1	293	4	226	77.1331	2.04096	36.6	60
dDocent_Contig_28171	1	404	12	308	76.2376	4.41089	35.9	60
dDocent_Contig_28174	1	297	6	257	86.532	2.39057	36.6	60
dDocent_Contig_28176	1	433	29	385	88.9145	9.80831	35.7	60
dDocent_Contig_28178	1	429	46	363	84.6154	15.3613	36.3	59.6
dDocent_Contig_28186	1	388	16	341	87.8866	5.71392	36.5	60
dDocent_Contig_28191	1	394	69	392	99.4924	25.5127	36.1	60
dDocent_Contig_28192	1	415	34	403	97.1084	11.9325	36	60
dDocent_Contig_28198	1	400	44	399	99.75	15.73	36.2	60
dDocent_Contig_28199	1	415	16	367	88.4337	5.13012	36.5	60
dDocent_Contig_28203	1	322	26	286	88.8199	12.0062	36.3	60
dDocent_Contig_28205	1	356	23	287	80.618	9.44382	36.7	60
dDocent_Contig_28206	1	358	20	299	83.5196	7.73743	35.8	60
dDocent_Contig_28208	1	383	17	349	91.1227	5.86162	36	60
dDocent_Contig_28213	1	311	23	259	83.2797	10.373	36.1	58.2
dDocent_Contig_28214	1	386	6	298	77.2021	2.14508	36.6	60
dDocent_Contig_28219	1	383	7	222	57.9634	2.6423	34.8	60
dDocent_Contig_28220	1	381	8	378	99.2126	3.10236	36.4	60
dDocent_Contig_28227	1	313	6	251	80.1917	2.84345	35.7	60
dDocent_Contig_28233	1	399	40	309	77.4436	14.6892	35.5	60
dDocent_Contig_28241	1	399	33	282	70.6767	11.9674	35.7	60
dDocent_Contig_28243	1	305	43	285	93.4426	19.8328	35.2	60
dDocent_Contig_28257	1	279	23	274	98.2079	11.9211	36.5	60
dDocent_Contig_28258	1	345	18	258	74.7826	7.32464	36.2	60
dDocent_Contig_28263	1	380	6	217	57.1053	2.23421	35.9	60
dDocent_Contig_28268	1	331	11	312	94.2598	4.6858	35.9	60
dDocent_Contig_28276	1	328	21	307	93.5976	9.27439	36.1	60
dDocent_Contig_28287	1	392	30	368	93.8776	10.9107	36.4	60
dDocent_Contig_28294	1	359	15	341	94.9861	6.09192	36.5	60
dDocent_Contig_28298	1	309	42	296	95.7929	19.7282	35.7	60
dDocent_Contig_28302	1	434	11	351	80.8756	3.53687	35.8	60
dDocent_Contig_28305	1	381	13	246	64.5669	4.77165	35.4	60
dDocent_Contig_28306	1	330	48	303	91.8182	21.3697	36	60
dDocent_Contig_28311	1	328	47	309	94.2073	20.5366	35.3	60
dDocent_Contig_28312	1	346	10	316	91.3295	4.30058	36.3	60
dDocent_Contig_28314	1	336	12	334	99.4048	4.76786	36.4	59.2
dDocent_Contig_28316	1	376	93	351	93.3511	34.7287	36.1	54.6
dDocent_Contig_28340	1	439	71	408	92.9385	23.6424	35.8	60
dDocent_Contig_28349	1	360	27	359	99.7222	10.4111	35.9	60
dDocent_Contig_28354	1	347	45	342	98.5591	18.7839	36.2	60
dDocent_Contig_28371	1	331	7	282	85.1964	3.08157	35	60
dDocent_Contig_28406	1	443	16	266	60.0451	4.82844	36.5	60
dDocent_Contig_28407	1	324	33	316	97.5309	15.1235	35.9	60
dDocent_Contig_28413	1	400	63	399	99.75	21.6025	36.4	60
dDocent_Contig_28414	1	382	22	300	78.534	8.10471	36.1	60
dDocent_Contig_28417	1	391	16	315	80.5627	5.92327	36	60
dDocent_Contig_28423	1	407	11	234	57.4939	3.74939	36	60
dDocent_Contig_28433	1	360	5	202	56.1111	1.70278	35.4	60
dDocent_Contig_28436	1	331	1	94	28.3988	0.283988	36	60
dDocent_Contig_28446	1	358	52	358	100	21.0838	36	60
dDocent_Contig_28451	1	427	56	402	94.1452	18.4778	36.2	60
dDocent_Contig_28453	1	422	14	209	49.5261	4.22749	36.6	60
dDocent_Contig_28460	1	308	3	294	95.4545	1.41558	36.7	60
dDocent_Contig_28463	1	442	23	363	82.1267	7.34389	36.3	60
dDocent_Contig_28464	1	401	14	371	92.5187	4.98753	36	60
dDocent_Contig_28468	1	417	20	331	79.3765	6.58513	36	60
dDocent_Contig_28471	1	369	50	367	99.458	19.6016	35.4	60
dDocent_Contig_28481	1	417	178	415	99.5204	57.9209	36.1	59.1
dDocent_Contig_28493	1	497	32	308	61.9718	9.07243	36.3	60
dDocent_Contig_28503	1	383	87	331	86.423	31.577	36.3	59.3
dDocent_Contig_28505	1	389	49	369	94.8586	18.3728	34.3	60
dDocent_Contig_28509	1	420	9	346	82.381	3.12143	35.9	55.9
dDocent_Contig_28513	1	389	6	197	50.6427	2.2982	36.2	60
dDocent_Contig_28523	1	282	15	186	65.9574	7.69149	35.9	60
dDocent_Contig_28527	1	357	7	149	41.7367	2.73669	33.7	60
dDocent_Contig_28546	1	422	6	184	43.6019	2.12322	35.3	60
dDocent_Contig_28550	1	444	12	311	70.045	3.72072	36.6	60
dDocent_Contig_28552	1	370	18	333	90	6.85946	35.4	60
dDocent_Contig_28555	1	360	294	359	99.7222	110.072	35.5	59.4
dDocent_Contig_28558	1	267	43	267	100	22.2097	35.9	60
dDocent_Contig_28559	1	411	17	238	57.9075	5.89294	35.2	60
dDocent_Contig_28561	1	453	4	150	33.1126	1.3245	36.6	60
dDocent_Contig_28563	1	380	25	336	88.4211	9.55263	36.3	60
dDocent_Contig_28566	1	450	29	340	75.5556	9.62667	33.9	60
dDocent_Contig_28571	1	325	58	324	99.6923	26.0185	35.9	60
dDocent_Contig_28573	1	295	52	288	97.6271	25.7797	36	60
dDocent_Contig_28575	1	375	40	346	92.2667	15.224	36.2	60
dDocent_Contig_28576	1	240	35	237	98.75	19.4167	36.1	60
dDocent_Contig_28579	1	483	67	385	79.7101	20.0725	36	59.3
dDocent_Contig_28584	1	425	23	350	82.3529	8.05882	36.4	60
dDocent_Contig_28585	1	306	41	300	98.0392	19.0588	36.1	59
dDocent_Contig_28587	1	332	11	282	84.9398	4.89759	36	60
dDocent_Contig_28588	1	371	3	226	60.9164	1.21294	33.9	60
dDocent_Contig_28590	1	389	13	293	75.3213	4.87918	36.1	60
dDocent_Contig_28601	1	498	28	497	99.7992	8.06426	35.6	60
dDocent_Contig_28602	1	346	35	336	97.1098	14.3266	35.9	60
dDocent_Contig_28603	1	395	26	394	99.7468	9.78228	36	60
dDocent_Contig_28610	1	371	32	350	94.3396	12.531	36.4	60
dDocent_Contig_28612	1	433	32	332	76.6744	10.8037	36.4	60
dDocent_Contig_28615	1	310	59	292	94.1935	27.7645	35.8	60
dDocent_Contig_28619	1	342	23	291	85.0877	9.55556	36	60
dDocent_Contig_28627	1	433	27	283	65.358	9.11085	36	60
dDocent_Contig_28632	1	328	26	311	94.8171	11.6372	36.5	60
dDocent_Contig_28633	1	445	65	420	94.382	20.6742	36.1	60
dDocent_Contig_28635	1	356	30	273	76.6854	11.5028	36.1	60
dDocent_Contig_28638	1	417	30	416	99.7602	10.2974	36	60
dDocent_Contig_28642	1	369	23	362	98.103	8.94038	36.5	60
dDocent_Contig_28656	1	391	12	318	81.3299	4.48849	36.4	60
dDocent_Contig_28662	1	276	34	268	97.1014	18.0399	36.4	60
dDocent_Contig_28670	1	382	23	322	84.2932	8.60209	36.3	59.4
dDocent_Contig_28672	1	349	32	257	73.639	12.7593	36.1	60
dDocent_Contig_28678	1	416	49	410	98.5577	16.9231	36.3	60
dDocent_Contig_28684	1	353	14	295	83.5694	5.63173	36.7	60
dDocent_Contig_28687	1	402	7	372	92.5373	2.48259	36.4	60
dDocent_Contig_28688	1	353	12	351	99.4334	4.89802	36.4	60
dDocent_Contig_28689	1	277	12	256	92.4188	6.213	36.7	60
dDocent_Contig_28691	1	469	46	378	80.597	14.0469	35.9	60
dDocent_Contig_28693	1	450	5	223	49.5556	1.66667	36.3	60
dDocent_Contig_28698	1	399	2	226	56.6416	0.75188	36.9	60
dDocent_Contig_28701	1	377	25	376	99.7347	9.40318	36.2	60
dDocent_Contig_28702	1	417	62	411	98.5612	21.9161	36.1	60
dDocent_Contig_28706	1	390	10	222	56.9231	3.67179	36.4	60
dDocent_Contig_28710	1	421	24	410	97.3872	7.92162	35.8	56.9
dDocent_Contig_28711	1	363	35	361	99.449	14.1653	36	60
dDocent_Contig_28712	1	451	128	451	100	37.7073	35.6	53.7
dDocent_Contig_28714	1	435	40	379	87.1264	12.6345	36.4	60
dDocent_Contig_28718	1	372	41	353	94.8925	15.6505	35.4	60
dDocent_Contig_28720	1	406	81	295	72.6601	24.2562	35.8	60
dDocent_Contig_28735	1	284	8	222	78.169	4.01056	36.9	60
dDocent_Contig_28748	1	390	41	330	84.6154	15.4051	36.1	60
dDocent_Contig_28749	1	328	7	208	63.4146	2.95732	36.6	60
dDocent_Contig_28751	1	404	27	366	90.5941	9.82178	36	60
dDocent_Contig_28752	1	425	60	424	99.7647	20.3106	36.2	60
dDocent_Contig_28754	1	300	87	299	99.6667	41.28	36.4	60
dDocent_Contig_28761	1	344	2	170	49.4186	0.872093	36.6	60
dDocent_Contig_28762	1	388	72	315	81.1856	26.5515	35.6	60
dDocent_Contig_28764	1	372	73	372	100	27.4704	35.7	60
dDocent_Contig_28788	1	437	45	342	78.2609	14.6842	36.2	60
dDocent_Contig_28789	1	382	6	227	59.4241	2.35602	34.8	60
dDocent_Contig_28793	1	290	11	287	98.9655	5.20345	36.5	58.4
dDocent_Contig_28794	1	386	17	331	85.7513	6.46891	36.6	60
dDocent_Contig_28797	1	381	9	251	65.8793	3.23622	36.8	60
dDocent_Contig_28799	1	373	50	324	86.8633	19.1743	35.7	60
dDocent_Contig_28800	1	357	56	355	99.4398	22.549	36.2	59.8
dDocent_Contig_28802	1	500	9	431	86.2	2.334	36.7	60
dDocent_Contig_28809	1	458	33	364	79.476	10.2664	36.2	60
dDocent_Contig_28811	1	406	31	356	87.6847	11.0148	36	60
dDocent_Contig_28812	1	414	19	294	71.0145	6.46377	36.3	60
dDocent_Contig_28815	1	407	44	405	99.5086	15.8182	36.1	60
dDocent_Contig_28816	1	318	21	316	99.3711	9.72956	35.6	60
dDocent_Contig_28821	1	344	143	341	99.1279	61.1919	35.6	60
dDocent_Contig_28824	1	293	6	291	99.3174	2.7099	36.5	60
dDocent_Contig_28826	1	463	36	361	77.9698	11.1793	35.4	60
dDocent_Contig_28829	1	249	2	187	75.1004	1.20482	36.2	60
dDocent_Contig_28831	1	369	46	353	95.664	18.2385	35.7	60
dDocent_Contig_28836	1	358	36	338	94.4134	14.1844	36.2	55.7
dDocent_Contig_28841	1	403	19	395	98.0149	6.95533	35.8	60
dDocent_Contig_28845	1	354	69	347	98.0226	28.0593	36	60
dDocent_Contig_28854	1	284	33	261	91.9014	16.331	35.5	60
dDocent_Contig_28855	1	379	36	283	74.6702	12.9657	36.2	60
dDocent_Contig_28856	1	303	177	302	99.67	84.67	36.1	60
dDocent_Contig_28857	1	467	31	397	85.0107	8.44111	36.2	60
dDocent_Contig_28858	1	400	18	314	78.5	6.6775	36.2	60
dDocent_Contig_28859	1	376	5	208	55.3191	1.69947	36.8	60
dDocent_Contig_28872	1	435	86	427	98.1609	28.6437	36	60
dDocent_Contig_28880	1	428	15	333	77.8037	5.15421	34.6	60
dDocent_Contig_28894	1	351	42	325	92.5926	17.4786	35.8	60
dDocent_Contig_28895	1	388	4	186	47.9381	1.4433	35.8	60
dDocent_Contig_28901	1	276	3	187	67.7536	1.19565	37	60
dDocent_Contig_28907	1	313	251	261	83.3866	107.722	36.2	59.7
dDocent_Contig_28908	1	443	28	433	97.7427	9.36343	36.3	60
dDocent_Contig_28917	1	340	36	306	90	15.2765	36.4	60
dDocent_Contig_28919	1	388	12	347	89.433	4.39691	36.5	60
dDocent_Contig_28920	1	366	25	349	95.3552	9.9918	36.3	60
dDocent_Contig_28921	1	407	39	396	97.2973	13.5725	36.2	60
dDocent_Contig_28924	1	386	17	300	77.7202	6.14508	36.3	60
dDocent_Contig_28929	1	463	29	246	53.1317	8.71706	35.6	60
dDocent_Contig_28934	1	437	60	422	96.5675	20.3638	35.9	60
dDocent_Contig_28936	1	409	12	255	62.3472	4.19071	36.6	60
dDocent_Contig_28937	1	440	36	363	82.5	11.6932	35.9	60
dDocent_Contig_28940	1	348	1	150	43.1034	0.431034	36.8	60
dDocent_Contig_28941	1	457	6	415	90.8096	1.7965	36.1	60
dDocent_Contig_28942	1	378	18	377	99.7354	7.03968	36.3	60
dDocent_Contig_28943	1	382	41	368	96.3351	14.9738	36.2	60
dDocent_Contig_28949	1	390	15	380	97.4359	5.05897	36.5	60
dDocent_Contig_28966	1	370	35	368	99.4595	13.427	36	60
dDocent_Contig_28967	1	365	372	364	99.726	146.868	36.1	60
dDocent_Contig_28968	1	297	26	252	84.8485	12.8013	35.6	60
dDocent_Contig_28972	1	377	20	323	85.6764	7.56233	36.2	60
dDocent_Contig_28974	1	397	26	359	90.4282	9.58186	36.3	60
dDocent_Contig_28985	1	360	3	203	56.3889	1.25	36.6	60
dDocent_Contig_28987	1	366	36	344	93.9891	13.6667	35.7	60
dDocent_Contig_28988	1	326	44	298	91.411	18.1933	36.3	55.6
dDocent_Contig_28990	1	253	4	221	87.3518	2.23715	36.6	60
dDocent_Contig_28992	1	425	49	423	99.5294	16.88	35.9	60
dDocent_Contig_28994	1	353	24	336	95.1841	9.74504	36.4	60
dDocent_Contig_28995	1	324	7	220	67.9012	3.06173	36.5	60
dDocent_Contig_28999	1	342	17	338	98.8304	7.11696	36.5	60
dDocent_Contig_29000	1	315	20	314	99.6825	8.29524	35.9	60
dDocent_Contig_29001	1	373	33	372	99.7319	12.7748	36.1	59.6
dDocent_Contig_29002	1	245	6	189	77.1429	3.56735	35.3	60
dDocent_Contig_29006	1	299	27	297	99.3311	13.3244	35.7	60
dDocent_Contig_29008	1	395	60	354	89.6203	19.8861	35.6	60
dDocent_Contig_29023	1	369	964	368	99.729	369.528	35.8	55.7
dDocent_Contig_29026	1	512	19	283	55.2734	5.29688	34.7	60
dDocent_Contig_29028	1	457	10	325	71.116	3.10066	35.7	60
dDocent_Contig_29032	1	326	27	257	78.8344	11.6196	35.9	60
dDocent_Contig_29033	1	431	43	425	98.6079	14.5545	35.8	60
dDocent_Contig_29036	1	352	32	351	99.7159	13.3608	36	60
dDocent_Contig_29044	1	379	29	326	86.0158	11.1266	36.4	60
dDocent_Contig_29049	1	263	38	263	100	20.6388	36	60
dDocent_Contig_29052	1	319	30	299	93.7304	13.7962	35.6	60
dDocent_Contig_29053	1	398	6	180	45.2261	2.10804	36.7	60
dDocent_Contig_29057	1	385	40	311	80.7792	14.7247	35.9	60
dDocent_Contig_29062	1	430	15	396	92.093	5.14186	35.4	60
dDocent_Contig_29064	1	340	15	325	95.5882	5.37941	35.6	60
dDocent_Contig_29065	1	398	44	397	99.7487	15.7085	35.5	60
dDocent_Contig_29066	1	313	16	312	99.6805	7.23323	35.3	60
dDocent_Contig_29080	1	351	28	348	99.1453	11.1054	35.7	60
dDocent_Contig_29082	1	386	27	385	99.7409	9.90933	36.6	60
dDocent_Contig_29096	1	362	18	286	79.0055	7.07735	35.8	60
dDocent_Contig_29108	1	356	16	316	88.764	6.64888	36.3	60
dDocent_Contig_29114	1	369	32	336	91.0569	12.1436	36.2	60
dDocent_Contig_29118	1	376	28	369	98.1383	11.117	36.1	60
dDocent_Contig_29119	1	278	3	244	87.7698	1.61151	36.6	60
dDocent_Contig_29122	1	408	8	351	86.0294	2.69118	36	60
dDocent_Contig_29126	1	401	28	370	92.2693	10.0848	36.5	60
dDocent_Contig_29128	1	411	41	323	78.5888	14.6545	36	60
dDocent_Contig_29130	1	340	4	213	62.6471	1.59118	36.9	60
dDocent_Contig_29138	1	353	16	344	97.4504	6.40227	35.7	60
dDocent_Contig_29146	1	376	30	341	90.6915	11.3777	35.7	60
dDocent_Contig_29147	1	479	4	249	51.9833	1.25261	36.5	60
dDocent_Contig_29150	1	351	31	338	96.2963	12.641	35.8	60
dDocent_Contig_29152	1	269	16	223	82.8996	7.79926	35.5	59.6
dDocent_Contig_29163	1	377	19	319	84.6154	6.76393	36.2	60
dDocent_Contig_29164	1	405	30	321	79.2593	10.8963	36.1	60
dDocent_Contig_29166	1	378	28	303	80.1587	10.6905	36.2	60
dDocent_Contig_29168	1	360	7	267	74.1667	2.91389	36.6	60
dDocent_Contig_29169	1	339	39	322	94.9853	17.1622	36	60
dDocent_Contig_29170	1	371	47	369	99.4609	17.2453	35.7	60
dDocent_Contig_29171	1	403	5	205	50.8685	1.73945	36.7	60
dDocent_Contig_29174	1	311	3	183	58.8424	1.44695	36.3	60
dDocent_Contig_29178	1	426	53	397	93.1925	17.4742	35.9	54
dDocent_Contig_29185	1	340	9	267	78.5294	3.78824	36.2	60
dDocent_Contig_29189	1	483	45	451	93.3747	13.1636	35.5	60
dDocent_Contig_29192	1	434	38	381	87.788	12.3618	35.9	59.9
dDocent_Contig_29198	1	352	45	350	99.4318	18.9688	35.5	60
dDocent_Contig_29201	1	274	38	255	93.0657	18.5474	35.6	60
dDocent_Contig_29202	1	345	26	315	91.3043	11.0957	36.6	60
dDocent_Contig_29204	1	226	8	177	78.3186	4.93805	35.8	60
dDocent_Contig_29213	1	416	31	382	91.8269	10.9639	36.3	60
dDocent_Contig_29214	1	380	14	233	61.3158	5.30263	36.4	60
dDocent_Contig_29217	1	388	353	388	100	127.791	36	59.9
dDocent_Contig_29219	1	360	60	343	95.2778	24.125	35.9	59.9
dDocent_Contig_29223	1	394	47	327	82.9949	17.302	35.8	60
dDocent_Contig_29229	1	239	9	182	76.1506	5.13808	36.2	60
dDocent_Contig_29234	1	400	58	355	88.75	21.0875	36.2	60
dDocent_Contig_29238	1	403	29	398	98.7593	10.1712	36.2	60
dDocent_Contig_29240	1	281	20	272	96.7972	9.90747	35.5	60
dDocent_Contig_29241	1	361	24	358	99.169	8.99169	36.4	60
dDocent_Contig_29243	1	298	33	298	100	15.896	35.4	60
dDocent_Contig_29244	1	338	29	302	89.3491	12.6213	35.4	60
dDocent_Contig_29248	1	336	17	272	80.9524	7.46726	36.6	60
dDocent_Contig_29250	1	410	26	324	79.0244	9.16341	36.2	60
dDocent_Contig_29253	1	424	38	400	94.3396	12.8113	36	60
dDocent_Contig_29254	1	389	33	377	96.9152	12.126	35.5	60
dDocent_Contig_29263	1	285	28	281	98.5965	14.0105	35.7	60
dDocent_Contig_29264	1	384	23	378	98.4375	8.92188	35.8	60
dDocent_Contig_29267	1	373	17	333	89.2761	6.55496	36.6	60
dDocent_Contig_29269	1	241	33	240	99.5851	20.1867	35.5	60
dDocent_Contig_29286	1	414	53	372	89.8551	18.7826	36	60
dDocent_Contig_29287	1	239	17	221	92.4686	10.2887	35.9	60
dDocent_Contig_29289	1	315	405	314	99.6825	186.251	35.8	60
dDocent_Contig_29290	1	357	34	355	99.4398	13.7675	36.1	60
dDocent_Contig_29291	1	399	110	399	100	40.4261	35.8	60
dDocent_Contig_29294	1	334	17	252	75.4491	7.50898	36.6	60
dDocent_Contig_29295	1	358	36	291	81.2849	14.2235	36.4	60
dDocent_Contig_29296	1	298	5	214	71.8121	2.37919	36.4	60
dDocent_Contig_29297	1	432	32	420	97.2222	9.81019	33.1	59.2
dDocent_Contig_29298	1	401	5	281	70.0748	1.399	32.2	56
dDocent_Contig_29302	1	368	30	368	100	10.8397	36.2	45
dDocent_Contig_29303	1	348	23	348	100	9.41667	35.8	60
dDocent_Contig_29314	1	330	17	303	91.8182	7.51212	35.4	60
dDocent_Contig_29323	1	337	43	334	99.1098	18.0653	36	57.7
dDocent_Contig_29324	1	304	11	247	81.25	5.31579	36.8	60
dDocent_Contig_29342	1	366	11	200	54.6448	4.35246	35.5	60
dDocent_Contig_29346	1	268	5	209	77.9851	2.73507	36.9	60
dDocent_Contig_29347	1	400	25	396	99	8.9125	36.6	60
dDocent_Contig_29357	1	473	41	317	67.019	12.482	36	60
dDocent_Contig_29358	1	365	26	363	99.4521	10.4822	35.9	60
dDocent_Contig_29361	1	434	23	401	92.3963	6.89171	35.4	59
dDocent_Contig_29363	1	456	34	375	82.2368	10.9364	35	60
dDocent_Contig_29368	1	285	49	282	98.9474	24.8947	36.4	60
dDocent_Contig_29369	1	391	23	294	75.1918	8.64194	35.6	60
dDocent_Contig_29371	1	353	11	208	58.9235	4.27195	36.7	60
dDocent_Contig_29372	1	312	8	269	86.2179	3.62821	36.1	60
dDocent_Contig_29381	1	330	3	240	72.7273	1.32727	36.5	60
dDocent_Contig_29382	1	327	47	326	99.6942	19.37	36.2	55.3
dDocent_Contig_29408	1	383	32	376	98.1723	11.9478	36	60
dDocent_Contig_29416	1	470	21	349	74.2553	6.37447	36.6	60
dDocent_Contig_29424	1	376	13	295	78.4574	4.68883	35.4	60
dDocent_Contig_29426	1	498	25	329	66.0643	7.03815	36.3	60
dDocent_Contig_29429	1	456	15	403	88.3772	4.92105	36.2	60
dDocent_Contig_29432	1	319	12	289	90.5956	5.15047	36.2	60
dDocent_Contig_29437	1	391	6	222	56.7775	2.30179	35.9	60
dDocent_Contig_29438	1	450	4	336	74.6667	1.31556	35.9	60
dDocent_Contig_29444	1	363	36	336	92.562	13.6364	36	60
dDocent_Contig_29450	1	409	18	287	70.1711	6.33496	36	60
dDocent_Contig_29451	1	284	1	150	52.8169	0.528169	36.7	60
dDocent_Contig_29452	1	340	31	337	99.1176	12.8324	35.9	60
dDocent_Contig_29459	1	340	39	339	99.7059	16.7647	35.9	60
dDocent_Contig_29462	1	394	41	394	100	14.9391	36.1	60
dDocent_Contig_29464	1	319	26	273	85.5799	11.9279	36.1	60
dDocent_Contig_29484	1	348	13	327	93.9655	4.96264	35.9	59.2
dDocent_Contig_29486	1	376	19	373	99.2021	7.25798	35.9	60
dDocent_Contig_29489	1	349	11	151	43.2665	3.37822	36.8	59.5
dDocent_Contig_29490	1	355	14	320	90.1408	5.84789	36.4	60
dDocent_Contig_29494	1	439	16	258	58.7699	4.91344	36.4	60
dDocent_Contig_29498	1	381	47	333	87.4016	17.3465	36.1	60
dDocent_Contig_29502	1	351	117	350	99.7151	48.5613	35.8	60
dDocent_Contig_29514	1	403	33	383	95.0372	12.0273	36.2	60
dDocent_Contig_29516	1	453	32	449	99.117	10.053	36.3	60
dDocent_Contig_29517	1	330	36	270	81.8182	15.8697	35.6	60
dDocent_Contig_29519	1	331	46	276	83.3837	20.4955	35.6	60
dDocent_Contig_29533	1	342	10	292	85.3801	3.74561	36.5	60
dDocent_Contig_29540	1	309	6	221	71.521	2.58252	36.6	59.3
dDocent_Contig_29541	1	383	15	251	65.5352	5.50653	35.8	60
dDocent_Contig_29544	1	289	36	248	85.8131	17.9031	36	59.2
dDocent_Contig_29549	1	338	8	217	64.2012	3.03846	35.9	60
dDocent_Contig_29550	1	499	63	407	81.5631	18.1082	35.8	60
dDocent_Contig_29554	1	386	105	385	99.7409	37.2876	35.8	56
dDocent_Contig_29557	1	364	17	272	74.7253	6.8544	36.2	60
dDocent_Contig_29565	1	379	11	333	87.8628	4.11346	35.9	60
dDocent_Contig_29570	1	442	63	441	99.7738	20.871	36.2	60
dDocent_Contig_29572	1	346	35	342	98.8439	15.0896	35.6	60
dDocent_Contig_29573	1	363	11	312	85.9504	4.35262	36.1	60
dDocent_Contig_29576	1	419	5	353	84.2482	1.75418	36.6	60
dDocent_Contig_29583	1	416	37	294	70.6731	13.1298	36.1	60
dDocent_Contig_29596	1	386	18	330	85.4922	6.63212	36	60
dDocent_Contig_29598	1	342	9	210	61.4035	3.78363	35.3	60
dDocent_Contig_29601	1	373	5	199	53.3512	1.75067	36.5	60
dDocent_Contig_29602	1	491	7	185	37.6782	2.0387	36.2	60
dDocent_Contig_29604	1	346	8	188	54.3353	3.07803	35.7	60
dDocent_Contig_29613	1	382	18	255	66.7539	6.36911	36.1	60
dDocent_Contig_29619	1	399	26	342	85.7143	9.65915	35.6	60
dDocent_Contig_29630	1	382	44	357	93.4555	16.4031	36	58.6
dDocent_Contig_29631	1	384	31	381	99.2188	11.875	35.3	60
dDocent_Contig_29636	1	324	27	319	98.4568	12.25	35.8	60
dDocent_Contig_29638	1	349	14	278	79.6562	5.99713	36.3	60
dDocent_Contig_29640	1	327	14	277	84.7095	5.98471	35.6	60
dDocent_Contig_29646	1	382	19	257	67.2775	7.38743	35.3	60
dDocent_Contig_29647	1	496	32	460	92.7419	9.44355	35.4	60
dDocent_Contig_29648	1	364	23	319	87.6374	9.23352	36.1	60
dDocent_Contig_29652	1	351	32	350	99.7151	12.9687	36.3	60
dDocent_Contig_29653	1	235	18	210	89.3617	5.62979	36.4	59.5
dDocent_Contig_29654	1	366	16	359	98.0874	6.3306	36.1	60
dDocent_Contig_29655	1	253	8	180	71.1462	4.56917	34.5	58.4
dDocent_Contig_29658	1	242	6	204	84.2975	3.08264	36.5	60
dDocent_Contig_29662	1	277	22	255	92.0578	10.8159	36.1	58.9
dDocent_Contig_29664	1	374	40	372	99.4652	15.639	36.2	60
dDocent_Contig_29665	1	311	35	182	58.5209	10.6527	33.4	59.1
dDocent_Contig_29667	1	385	24	384	99.7403	8.15584	36.2	60
dDocent_Contig_29668	1	348	10	273	78.4483	4.24425	36.5	60
dDocent_Contig_29674	1	299	8	287	95.9866	3.67559	36.6	60
dDocent_Contig_29675	1	292	13	275	94.1781	6.38014	35.1	60
dDocent_Contig_29678	1	345	8	242	70.1449	1.95072	34.2	57
dDocent_Contig_29679	1	381	6	244	64.042	2.32546	36.6	60
dDocent_Contig_29680	1	351	24	344	98.0057	10.1368	36	60
dDocent_Contig_29682	1	406	16	346	85.2217	5.78571	36.3	60
dDocent_Contig_29683	1	371	10	160	43.1267	3.37736	36.2	60
dDocent_Contig_29694	1	450	162	407	90.4444	51.8711	34.9	60
dDocent_Contig_29695	1	390	50	370	94.8718	18.4872	36	60
dDocent_Contig_29698	1	392	49	372	94.898	17.4056	36.2	60
dDocent_Contig_29707	1	367	44	295	80.3815	17.3542	36.1	60
dDocent_Contig_29716	1	453	29	405	89.404	9.14128	35.6	60
dDocent_Contig_29717	1	310	12	198	63.871	4.80323	35.6	60
dDocent_Contig_29722	1	477	23	320	67.086	7.00629	36.7	60
dDocent_Contig_29723	1	378	31	365	96.5608	11.6455	36.1	60
dDocent_Contig_29724	1	385	50	368	95.5844	19.0312	36	60
dDocent_Contig_29725	1	443	10	253	57.1106	3.35666	36.1	60
dDocent_Contig_29727	1	372	31	296	79.5699	8.45161	35.2	52.7
dDocent_Contig_29729	1	372	16	316	84.9462	5.99462	36.3	60
dDocent_Contig_29733	1	470	11	238	50.6383	3.05745	36.8	60
dDocent_Contig_29734	1	394	12	228	57.868	4.46954	35.8	60
dDocent_Contig_29738	1	399	25	278	69.6742	8.94486	36.4	60
dDocent_Contig_29750	1	371	43	335	90.2965	16.9245	35.9	60
dDocent_Contig_29751	1	426	9	243	57.0423	3.0939	35	60
dDocent_Contig_29760	1	375	32	331	88.2667	12.2293	35.8	60
dDocent_Contig_29766	1	316	9	312	98.7342	3.93671	36.3	56.6
dDocent_Contig_29784	1	416	31	402	96.6346	11	36.2	60
dDocent_Contig_29790	1	341	22	341	100	9.08211	35.5	60
dDocent_Contig_29792	1	427	7	266	62.2951	2.34426	35.3	60
dDocent_Contig_29804	1	280	3	217	77.5	1.60714	36.6	60
dDocent_Contig_29806	1	360	20	259	71.9444	7.925	36.4	60
dDocent_Contig_29818	1	436	6	281	64.4495	1.62156	36.5	60
dDocent_Contig_29831	1	385	188	379	98.4416	71.9273	35.8	46.4
dDocent_Contig_29838	1	417	59	408	97.8417	20.3957	35.4	60
dDocent_Contig_29841	1	326	10	199	61.0429	4.10429	36.1	60
dDocent_Contig_29851	1	351	15	262	74.6439	6.20228	35.9	60
dDocent_Contig_29856	1	298	7	297	99.6644	3.48322	36.7	60
dDocent_Contig_29858	1	390	37	385	98.7179	13.8821	35.6	60
dDocent_Contig_29859	1	487	85	446	91.5811	25.4476	35.9	60
dDocent_Contig_29868	1	364	34	359	98.6264	13.2665	35.6	60
dDocent_Contig_29872	1	330	32	293	88.7879	14.0364	35.9	60
dDocent_Contig_29885	1	406	72	336	82.7586	25.8498	35.3	60
dDocent_Contig_29893	1	371	9	280	75.4717	3.44474	36.4	60
dDocent_Contig_29907	1	335	26	333	99.403	11.0836	36.6	60
dDocent_Contig_29910	1	282	1	150	53.1915	0.531915	36.9	60
dDocent_Contig_29911	1	395	27	313	79.2405	9.98228	36.3	60
dDocent_Contig_29913	1	379	13	271	71.504	5.00792	34.8	60
dDocent_Contig_29920	1	425	23	247	58.1176	7.79059	35.8	60
dDocent_Contig_29921	1	352	7	258	73.2955	2.55966	36.1	49.6
dDocent_Contig_29923	1	263	14	241	91.635	5.87072	34.4	60
dDocent_Contig_29933	1	243	6	215	88.4774	3.30041	36.8	60
dDocent_Contig_29937	1	351	25	308	87.7493	10.5641	36.4	60
dDocent_Contig_29952	1	391	10	296	75.7033	3.83376	36.1	60
dDocent_Contig_29953	1	328	58	293	89.3293	25.75	36	60
dDocent_Contig_29970	1	318	14	316	99.3711	6.24843	35.5	60
dDocent_Contig_29976	1	328	19	311	94.8171	8.35976	36.1	60
dDocent_Contig_29977	1	383	7	205	53.5248	2.35248	36.7	60
dDocent_Contig_29978	1	403	42	341	84.6154	15.4144	36.6	60
dDocent_Contig_29981	1	319	39	317	99.373	17.7492	36.2	60
dDocent_Contig_29982	1	285	4	215	75.4386	1.95789	36.5	60
dDocent_Contig_29993	1	382	15	355	92.9319	5.35602	36.5	60
dDocent_Contig_29996	1	381	15	287	75.3281	5.88714	35.8	60
dDocent_Contig_29997	1	363	24	349	96.1433	9.13774	36.4	60
dDocent_Contig_30008	1	355	16	354	99.7183	6.51549	36.3	60
dDocent_Contig_30009	1	388	6	334	86.0825	2.31959	34.7	60
dDocent_Contig_30013	1	341	13	190	55.7185	5.25513	36.2	60
dDocent_Contig_30020	1	349	14	256	73.3524	5.95415	36.4	60
dDocent_Contig_30021	1	338	6	289	85.503	2.42604	36.8	60
dDocent_Contig_30022	1	407	317	407	100	112.771	36.1	59.6
dDocent_Contig_30023	1	340	21	339	99.7059	8.83824	35.9	60
dDocent_Contig_30028	1	341	2	110	32.2581	0.645161	36.8	60
dDocent_Contig_30029	1	281	18	264	93.9502	9.31317	35.4	60
dDocent_Contig_30048	1	296	1	150	50.6757	0.506757	33.7	60
dDocent_Contig_30071	1	335	9	262	78.209	3.6209	36.4	60
dDocent_Contig_30074	1	351	9	236	67.2365	3.60114	36.7	60
dDocent_Contig_30075	1	348	44	281	80.7471	17.3764	36	60
dDocent_Contig_30076	1	472	11	186	39.4068	3.41737	36.1	60
dDocent_Contig_30077	1	337	19	264	78.3383	8.41543	36.2	60
dDocent_Contig_30084	1	397	39	396	99.7481	14.0856	35.8	60
dDocent_Contig_30089	1	368	22	367	99.7283	8.5462	35.8	60
dDocent_Contig_30116	1	390	20	303	77.6923	7.02051	35.5	60
dDocent_Contig_30117	1	395	25	342	86.5823	9.16456	36	60
dDocent_Contig_30129	1	454	37	403	88.7665	11.6564	36	60
dDocent_Contig_30133	1	446	31	445	99.7758	10.0112	36.3	60
dDocent_Contig_30137	1	439	5	348	79.2711	1.46014	36.5	60
dDocent_Contig_30138	1	406	5	212	52.2167	1.60345	36.7	60
dDocent_Contig_30141	1	356	38	262	73.5955	15.7528	36	60
dDocent_Contig_30159	1	350	17	244	69.7143	6.99429	35.9	60
dDocent_Contig_30166	1	292	14	207	70.8904	7.08562	36.4	60
dDocent_Contig_30169	1	406	51	405	99.7537	17.7734	35.4	60
dDocent_Contig_30179	1	425	23	272	64	7.71059	35.9	60
dDocent_Contig_30181	1	373	6	253	67.8284	2.24397	36.6	60
dDocent_Contig_30183	1	424	55	423	99.7642	18.2075	36	59.5
dDocent_Contig_30184	1	364	24	288	79.1209	9.75549	36.1	60
dDocent_Contig_30189	1	354	10	217	61.2994	4.0452	36.1	60
dDocent_Contig_30203	1	405	23	309	76.2963	8.08148	36	60
dDocent_Contig_30207	1	278	16	266	95.6835	7.92806	35.6	59.6
dDocent_Contig_30208	1	449	325	444	98.8864	105.261	36.1	60
dDocent_Contig_30211	1	361	28	360	99.723	11.0139	35.5	60
dDocent_Contig_30212	1	353	19	300	84.9858	7.35411	35.8	60
dDocent_Contig_30222	1	467	24	375	80.2998	7.42398	35.8	60
dDocent_Contig_30226	1	423	33	421	99.5272	11.4184	36.4	60
dDocent_Contig_30240	1	379	23	253	66.7546	8.84433	36.2	60
dDocent_Contig_30243	1	319	17	258	80.8777	7.88401	36.7	60
dDocent_Contig_30252	1	356	87	356	100	34.2022	35.4	60
dDocent_Contig_30261	1	314	79	312	99.3631	36.2675	36	60
dDocent_Contig_30262	1	387	33	386	99.7416	12.5349	35.9	60
dDocent_Contig_30266	1	370	26	354	95.6757	10.1162	36.2	60
dDocent_Contig_30268	1	255	25	254	99.6078	13.8078	36.2	60
dDocent_Contig_30271	1	224	5	174	77.6786	3.16071	36.4	60
dDocent_Contig_30275	1	413	30	276	66.8281	10.2736	35.9	60
dDocent_Contig_30277	1	258	1	133	51.5504	0.515504	36.1	60
dDocent_Contig_30278	1	373	37	349	93.5657	14.4665	36.2	58.9
dDocent_Contig_30279	1	387	88	386	99.7416	32.2972	35.9	60
dDocent_Contig_30292	1	392	23	314	80.102	8.09694	36.1	60
dDocent_Contig_30296	1	439	3	329	74.9431	1.02278	36.7	60
dDocent_Contig_30298	1	371	134	369	99.4609	51.407	35.4	59.9
dDocent_Contig_30300	1	355	678	354	99.7183	274.71	35.9	48.3
dDocent_Contig_30301	1	430	35	357	83.0233	11.7023	36.2	60
dDocent_Contig_30317	1	445	8	263	59.1011	2.69663	36.1	60
dDocent_Contig_30335	1	364	6	249	68.4066	2.29396	36.4	60
dDocent_Contig_30347	1	350	21	276	78.8571	8.28857	35	60
dDocent_Contig_30348	1	397	49	392	98.7406	18.0705	35.9	60
dDocent_Contig_30353	1	368	6	272	73.913	2.28261	35.6	60
dDocent_Contig_30354	1	375	12	266	70.9333	4.696	36.5	60
dDocent_Contig_30356	1	324	26	243	75	8.48457	36.1	60
dDocent_Contig_30361	1	360	8	269	74.7222	3.25556	36.5	60
dDocent_Contig_30364	1	464	17	348	75	5.06681	36.4	60
dDocent_Contig_30368	1	366	11	364	99.4536	4.1776	36	60
dDocent_Contig_30375	1	329	1	150	45.5927	0.455927	36.3	60
dDocent_Contig_30376	1	360	24	261	72.5	9.54444	35.2	60
dDocent_Contig_30393	1	423	48	383	90.5437	16.2033	36.3	60
dDocent_Contig_30408	1	365	20	310	84.9315	7.79178	36.1	60
dDocent_Contig_30410	1	352	34	310	88.0682	13.9233	36.3	60
dDocent_Contig_30412	1	434	10	289	66.5899	3.14286	35.6	60
dDocent_Contig_30414	1	373	1	150	40.2145	0.402145	36.8	60
dDocent_Contig_30418	1	273	28	242	88.6447	15.0659	36.1	60
dDocent_Contig_30423	1	388	23	378	97.4227	8.60825	35.9	60
dDocent_Contig_30425	1	332	30	331	99.6988	12.6114	36	60
dDocent_Contig_30429	1	447	6	137	30.6488	1.77629	36.6	60
dDocent_Contig_30437	1	447	18	370	82.774	6.00895	36	60
dDocent_Contig_30438	1	329	32	327	99.3921	14.231	35.4	60
dDocent_Contig_30439	1	350	21	338	96.5714	8.73143	35.7	60
dDocent_Contig_30446	1	282	9	257	91.1348	4.53901	36.4	60
dDocent_Contig_30449	1	390	5	239	61.2821	1.84872	36.6	60
dDocent_Contig_30450	1	344	17	278	80.814	7.23547	35.6	60
dDocent_Contig_30458	1	394	9	368	93.401	3.39086	35.5	60
dDocent_Contig_30474	1	342	267	336	98.2456	94.8977	35.9	58.4
dDocent_Contig_30475	1	352	10	220	62.5	4.26136	36.5	60
dDocent_Contig_30479	1	341	42	329	96.4809	17.3666	36.1	60
dDocent_Contig_30484	1	321	34	285	88.785	14.704	36.3	60
dDocent_Contig_30488	1	470	17	310	65.9574	5.38298	36.1	60
dDocent_Contig_30503	1	413	39	322	77.9661	13.3051	36.3	60
dDocent_Contig_30506	1	408	56	404	99.0196	19.3505	36	59.5
dDocent_Contig_30507	1	365	34	331	90.6849	13.1973	36.2	60
dDocent_Contig_30508	1	293	21	292	99.6587	10.157	36.4	60
dDocent_Contig_30511	1	325	14	274	84.3077	6.41538	36	60
dDocent_Contig_30512	1	328	28	226	68.9024	12.2622	35.1	60
dDocent_Contig_30515	1	378	2	185	48.9418	0.793651	36.8	60
dDocent_Contig_30516	1	387	10	236	60.9819	3.44444	35.4	59.2
dDocent_Contig_30520	1	306	28	258	84.3137	13.1634	36.1	60
dDocent_Contig_30522	1	386	31	297	76.943	11.3886	36.1	60
dDocent_Contig_30523	1	373	8	196	52.5469	2.67828	36.4	60
dDocent_Contig_30530	1	439	51	363	82.6879	16.5262	36.2	58.1
dDocent_Contig_30531	1	331	21	285	86.1027	9.10272	35.8	60
dDocent_Contig_30532	1	412	9	243	58.9806	3.23786	35.5	60
dDocent_Contig_30533	1	372	36	362	97.3118	13.3118	36	60
dDocent_Contig_30537	1	339	8	313	92.3304	3.32448	33.9	60
dDocent_Contig_30547	1	305	106	304	99.6721	48.5443	35.9	60
dDocent_Contig_30549	1	395	9	225	56.962	3.41772	36.3	60
dDocent_Contig_30550	1	415	722	414	99.759	243.764	35.9	53.5
dDocent_Contig_30556	1	340	22	279	82.0588	9.52059	36.6	60
dDocent_Contig_30559	1	377	20	314	83.2891	7.56764	35.6	60
dDocent_Contig_30562	1	393	41	341	86.7684	15.1654	36.1	60
dDocent_Contig_30587	1	382	64	380	99.4764	24.6911	35.8	60
dDocent_Contig_30594	1	396	38	372	93.9394	13.9646	35.6	60
dDocent_Contig_30597	1	491	22	424	86.3544	6.58656	36	60
dDocent_Contig_30606	1	306	5	271	88.5621	2.36601	36.9	60
dDocent_Contig_30609	1	441	32	286	64.8526	10.0431	35.6	60
dDocent_Contig_30611	1	384	37	378	98.4375	13.6745	36.1	60
dDocent_Contig_30614	1	383	29	337	87.9896	11.1149	35.7	60
dDocent_Contig_30617	1	347	35	281	80.9798	13.9452	35.8	60
dDocent_Contig_30637	1	342	20	337	98.538	8.69006	35.5	60
dDocent_Contig_30640	1	406	2	210	51.7241	0.704433	36.4	60
dDocent_Contig_30646	1	249	8	221	88.755	4.68675	36.5	60
dDocent_Contig_30650	1	369	16	324	87.8049	5.94038	36.3	60
dDocent_Contig_30661	1	410	40	409	99.7561	13.8415	36.4	60
dDocent_Contig_30663	1	325	3	129	39.6923	0.941538	35	60
dDocent_Contig_30675	1	242	27	241	99.5868	15.4132	36	60
dDocent_Contig_30679	1	388	17	307	79.1237	6.47423	36	60
dDocent_Contig_30680	1	354	25	352	99.435	10.2768	36.4	60
dDocent_Contig_30691	1	334	15	320	95.8084	6.71257	35.2	60
dDocent_Contig_30698	1	313	10	301	96.1661	4.50799	36.4	60
dDocent_Contig_30700	1	250	17	249	99.6	9.312	36	60
dDocent_Contig_30701	1	382	36	365	95.5497	13.555	36.3	60
dDocent_Contig_30702	1	436	173	429	98.3945	56.5161	36	59.2
dDocent_Contig_30704	1	343	32	332	96.793	13.3528	35.6	60
dDocent_Contig_30705	1	332	14	330	99.3976	6.03313	36.4	60
dDocent_Contig_30708	1	376	13	270	71.8085	5.03191	36.3	60
dDocent_Contig_30714	1	468	29	311	66.453	8.95726	36.3	60
dDocent_Contig_30720	1	232	19	223	96.1207	11.4052	35.9	60
dDocent_Contig_30735	1	362	32	332	91.7127	12.8867	36.1	60
dDocent_Contig_30736	1	261	23	261	100	11.9962	35.7	60
dDocent_Contig_30741	1	360	39	266	73.8889	15.8833	36	60
dDocent_Contig_30742	1	302	10	301	99.6689	4.77152	36.1	60
dDocent_Contig_30743	1	434	36	310	71.4286	12.03	36	60
dDocent_Contig_30747	1	357	7	242	67.7871	2.84314	36.7	60
dDocent_Contig_30753	1	287	19	285	99.3031	9.51568	35.4	60
dDocent_Contig_30756	1	350	22	316	90.2857	9.27714	35.8	60
dDocent_Contig_30757	1	441	10	299	67.8005	3.24036	35.9	60
dDocent_Contig_30758	1	445	4	296	66.5169	1.33034	36.6	60
dDocent_Contig_30765	1	366	22	360	98.3607	8.0765	35.3	57.3
dDocent_Contig_30766	1	355	52	351	98.8732	20.7887	36.1	60
dDocent_Contig_30769	1	434	60	329	75.8065	19.924	35.8	60
dDocent_Contig_30770	1	374	16	369	98.6631	6.09893	36	60
dDocent_Contig_30780	1	395	86	346	87.5949	30.3089	35.8	60
dDocent_Contig_30786	1	325	4	276	84.9231	1.84615	35.3	60
dDocent_Contig_30787	1	392	56	375	95.6633	21.352	36.6	52.7
dDocent_Contig_30790	1	287	7	229	79.7909	3.27178	35.4	60
dDocent_Contig_30797	1	415	16	269	64.8193	3.91325	35.6	60
dDocent_Contig_30812	1	338	17	336	99.4083	7.01183	36.3	60
dDocent_Contig_30813	1	383	16	244	63.7076	5.70496	35.6	59.4
dDocent_Contig_30821	1	431	52	376	87.239	17.1346	36	60
dDocent_Contig_30824	1	335	12	287	85.6716	5.05075	36.4	60
dDocent_Contig_30827	1	381	34	295	77.4278	11.2388	36	60
dDocent_Contig_30830	1	292	42	288	98.6301	19.5856	35.6	60
dDocent_Contig_30844	1	299	29	248	82.9431	10.388	36.3	55.1
dDocent_Contig_30847	1	338	38	296	87.574	15.5799	36.3	60
dDocent_Contig_30853	1	407	8	180	44.226	2.72973	36.8	60
dDocent_Contig_30857	1	327	15	255	77.9817	6.70948	36.5	60
dDocent_Contig_30858	1	385	50	375	97.4026	18.7195	36.4	60
dDocent_Contig_30863	1	394	31	308	78.1726	11.4213	36.5	60
dDocent_Contig_30864	1	413	43	306	74.092	15.0169	36.1	60
dDocent_Contig_30871	1	339	17	279	82.3009	6.52212	36.6	60
dDocent_Contig_30872	1	282	136	281	99.6454	66.0035	35.4	58.5
dDocent_Contig_30875	1	310	44	302	97.4194	19.0581	35.5	58.3
dDocent_Contig_30876	1	387	31	371	95.8656	11.5039	36.1	60
dDocent_Contig_30878	1	247	20	247	100	10.7045	36.3	60
dDocent_Contig_30889	1	341	38	340	99.7067	15.8563	35.5	60
dDocent_Contig_30896	1	386	64	379	98.1865	22.9715	35.8	60
dDocent_Contig_30898	1	476	106	411	86.3445	32.0042	35.7	60
dDocent_Contig_30902	1	371	45	334	90.027	17.2776	36.3	60
dDocent_Contig_30905	1	397	41	334	84.131	14.995	35.2	60
dDocent_Contig_30909	1	249	25	220	88.3534	13.7871	36	60
dDocent_Contig_30912	1	435	65	435	100	21.6115	36.2	60
dDocent_Contig_30918	1	376	19	322	85.6383	7.21011	36.5	60
dDocent_Contig_30919	1	489	43	393	80.3681	12.5849	36.4	60
dDocent_Contig_30924	1	339	6	332	97.9351	2.61947	36.4	60
dDocent_Contig_30926	1	412	13	410	99.5146	4.62621	34.8	60
dDocent_Contig_30928	1	431	114	416	96.5197	37.0974	35.3	60
dDocent_Contig_30935	1	374	35	296	79.1444	13.2166	36	60
dDocent_Contig_30937	1	374	49	356	95.1872	19.3209	36.1	60
dDocent_Contig_30938	1	309	5	301	97.411	2.3754	36.6	60
dDocent_Contig_30944	1	412	30	350	84.9515	10.3714	35.8	60
dDocent_Contig_30946	1	303	115	217	71.6172	53.3927	35.9	45.9
dDocent_Contig_30947	1	381	9	339	88.9764	3.54331	36.2	60
dDocent_Contig_30949	1	335	33	331	98.806	13.997	34.8	60
dDocent_Contig_30954	1	404	23	343	84.901	8.31683	36.6	60
dDocent_Contig_30955	1	324	18	323	99.6914	8.14198	35.7	60
dDocent_Contig_30960	1	322	12	319	99.0683	5.21739	36.6	60
dDocent_Contig_30963	1	384	29	312	81.25	11.0052	36.2	60
dDocent_Contig_30971	1	359	11	233	64.9025	4.05292	35.6	60
dDocent_Contig_30976	1	394	40	363	92.132	14.0051	35.7	56.2
dDocent_Contig_30977	1	357	72	341	95.5182	28.8992	36.1	60
dDocent_Contig_30978	1	418	16	246	58.8517	5.71053	36.3	60
dDocent_Contig_30979	1	293	36	288	98.2935	17.7952	36.5	58.6
dDocent_Contig_30980	1	366	16	332	90.7104	6.34153	35.8	60
dDocent_Contig_30987	1	394	15	263	66.7513	5.46193	36.6	60
dDocent_Contig_30989	1	319	2	188	58.9342	0.940439	36.9	60
dDocent_Contig_30992	1	436	9	277	63.5321	2.90826	36	60
dDocent_Contig_30997	1	409	7	225	55.0122	2.40098	36.1	60
dDocent_Contig_31002	1	303	12	240	79.2079	5.52805	36.2	60
dDocent_Contig_31014	1	281	14	243	86.4769	7.1637	35.8	60
dDocent_Contig_31015	1	346	25	325	93.9306	10.3439	36.5	60
dDocent_Contig_31022	1	410	23	343	83.6585	7.41707	36.1	60
dDocent_Contig_31024	1	329	98	327	99.3921	42.997	35.8	60
dDocent_Contig_31028	1	277	4	251	90.6137	2.08303	35.1	60
dDocent_Contig_31029	1	397	8	241	60.7053	2.82368	35.8	60
dDocent_Contig_31030	1	358	56	355	99.162	23.1089	35.9	60
dDocent_Contig_31033	1	382	9	247	64.6597	3.5288	35.5	60
dDocent_Contig_31037	1	307	5	294	95.7655	2.37785	36.6	60
dDocent_Contig_31039	1	312	16	186	59.6154	7.42628	36.3	60
dDocent_Contig_31040	1	396	19	375	94.697	7.17677	36	60
dDocent_Contig_31043	1	511	9	366	71.6243	2.6184	36.4	60
dDocent_Contig_31044	1	350	8	271	77.4286	3.34	36.3	60
dDocent_Contig_31059	1	228	10	219	96.0526	6.40789	36.7	60
dDocent_Contig_31064	1	318	10	314	98.7421	4.47484	36.6	60
dDocent_Contig_31065	1	247	31	246	99.5951	17.4777	36	60
dDocent_Contig_31071	1	392	53	346	88.2653	19.5459	35.8	60
dDocent_Contig_31072	1	454	61	453	99.7797	19.7841	35.3	60
dDocent_Contig_31078	1	368	50	313	85.0543	18.981	36.2	60
dDocent_Contig_31079	1	462	23	295	63.8528	7.16234	35.6	60
dDocent_Contig_31081	1	424	42	405	95.5189	12.8986	35.2	60
dDocent_Contig_31102	1	497	10	372	74.8491	2.77264	36	60
dDocent_Contig_31109	1	314	48	313	99.6815	21.6338	36.1	60
dDocent_Contig_31116	1	447	73	427	95.5257	22.9866	36.1	60
dDocent_Contig_31119	1	374	35	311	83.1551	13.3583	35.5	60
dDocent_Contig_31139	1	313	67	296	94.5687	30.6613	36.4	60
dDocent_Contig_31140	1	461	32	302	65.5098	10.1367	36.5	60
dDocent_Contig_31141	1	377	58	330	87.5332	21.1804	35.9	60
dDocent_Contig_31142	1	350	26	344	98.2857	11.0914	36.4	60
dDocent_Contig_31148	1	303	26	273	90.099	12.5248	35.2	60
dDocent_Contig_31158	1	323	5	258	79.8762	2.32198	35.6	60
dDocent_Contig_31161	1	399	19	398	99.7494	6.62657	35.7	60
dDocent_Contig_31167	1	374	26	285	76.2032	10.2861	35.7	57
dDocent_Contig_31169	1	386	13	325	84.1969	4.72021	35.3	59.7
dDocent_Contig_31170	1	364	40	363	99.7253	16.1209	36.4	60
dDocent_Contig_31179	1	407	80	344	84.5209	27.1843	35.8	60
dDocent_Contig_31185	1	413	44	317	76.7554	15.3366	35.8	60
dDocent_Contig_31186	1	399	14	348	87.218	5.18797	36.2	60
dDocent_Contig_31187	1	399	26	370	92.7318	9.45113	36.5	60
dDocent_Contig_31190	1	421	43	306	72.6841	13.8409	35.8	60
dDocent_Contig_31201	1	379	27	328	86.5435	10.504	35.5	60
dDocent_Contig_31202	1	418	38	333	79.6651	12.6077	36.2	60
dDocent_Contig_31210	1	267	51	266	99.6255	27.6517	35.9	60
dDocent_Contig_31211	1	417	15	379	90.8873	5.10072	36.3	60
dDocent_Contig_31220	1	393	22	310	78.8804	7.54962	36.3	60
dDocent_Contig_31238	1	470	36	425	90.4255	10.9128	36.5	60
dDocent_Contig_31246	1	417	22	409	98.0815	7.69305	36	60
dDocent_Contig_31253	1	383	8	294	76.7624	3.08877	36.5	60
dDocent_Contig_31257	1	289	42	287	99.308	20.3945	36.4	60
dDocent_Contig_31260	1	250	9	193	77.2	4.408	35.9	60
dDocent_Contig_31270	1	353	5	132	37.3938	1.86969	36.5	60
dDocent_Contig_31273	1	365	26	347	95.0685	10.3616	35.9	60
dDocent_Contig_31275	1	372	9	284	76.3441	3.52419	36.9	60
dDocent_Contig_31276	1	361	148	361	100	58.4488	36	60
dDocent_Contig_31277	1	351	34	305	86.8946	14.3362	35.9	60
dDocent_Contig_31281	1	381	10	200	52.4934	3.22572	36.8	60
dDocent_Contig_31283	1	309	56	301	97.411	25.9385	35.4	60
dDocent_Contig_31284	1	357	10	222	62.1849	2.9972	35.1	60
dDocent_Contig_31286	1	377	43	377	100	16.5836	35.9	60
dDocent_Contig_31295	1	373	12	293	78.5523	4.64879	36.2	60
dDocent_Contig_31296	1	340	28	310	91.1765	11.9029	36.4	60
dDocent_Contig_31297	1	436	8	369	84.633	2.73165	35.9	60
dDocent_Contig_31306	1	362	20	360	99.4475	7.61878	35.9	60
dDocent_Contig_31308	1	437	33	416	95.1945	10.7849	36	60
dDocent_Contig_31315	1	358	27	280	78.2123	11.0726	35.1	60
dDocent_Contig_31318	1	386	31	384	99.4819	10.9819	35.2	59.5
dDocent_Contig_31319	1	345	24	342	99.1304	9.93623	36.3	60
dDocent_Contig_31330	1	362	21	270	74.5856	7.67403	35.5	60
dDocent_Contig_31334	1	364	48	359	98.6264	18.261	36.2	60
dDocent_Contig_31340	1	299	6	197	65.8863	2.99331	36.6	60
dDocent_Contig_31341	1	378	100	376	99.4709	38.3148	36	60
dDocent_Contig_31342	1	516	11	258	50	3.02907	35.8	60
dDocent_Contig_31343	1	403	7	168	41.6873	2	36.8	60
dDocent_Contig_31346	1	437	20	338	77.3455	6.85584	36.6	60
dDocent_Contig_31347	1	392	36	367	93.6224	13.0306	36	60
dDocent_Contig_31353	1	410	22	254	61.9512	7.38293	35.7	60
dDocent_Contig_31355	1	403	4	185	45.9057	1.44417	36.7	60
dDocent_Contig_31356	1	338	24	287	84.9112	10.0118	36.2	60
dDocent_Contig_31362	1	344	33	323	93.8953	13.9535	36.3	60
dDocent_Contig_31366	1	362	8	265	73.2044	3.28729	35.8	60
dDocent_Contig_31374	1	253	31	245	96.8379	16.9763	36.2	60
dDocent_Contig_31384	1	396	113	208	52.5253	39.0859	35.9	41.4
dDocent_Contig_31386	1	351	34	298	84.9003	13.7835	36.2	60
dDocent_Contig_31387	1	355	10	277	78.0282	4.08451	36.1	60
dDocent_Contig_31400	1	312	29	252	80.7692	13.7308	36.1	60
dDocent_Contig_31404	1	384	10	357	92.9688	3.71094	34.9	60
dDocent_Contig_31406	1	411	9	221	53.7713	3.11922	36.2	60
dDocent_Contig_31407	1	368	9	341	92.663	3.625	35.4	60
dDocent_Contig_31411	1	272	21	270	99.2647	10.6324	36.2	60
dDocent_Contig_31423	1	395	11	225	56.962	4.07595	36.7	60
dDocent_Contig_31434	1	406	34	374	92.1182	12.1207	35.7	59.9
dDocent_Contig_31435	1	388	25	364	93.8144	8.91237	35.6	60
dDocent_Contig_31441	1	347	64	338	97.4063	25.9366	35.8	60
dDocent_Contig_31442	1	315	7	220	69.8413	3.23175	36.7	60
dDocent_Contig_31453	1	399	32	343	85.9649	11.8622	36.2	60
dDocent_Contig_31456	1	364	11	211	57.967	4.3956	36.6	60
dDocent_Contig_31466	1	387	4	177	45.7364	1.44186	36.2	60
dDocent_Contig_31468	1	360	29	358	99.4444	11.2361	35.9	60
dDocent_Contig_31471	1	415	223	372	89.6386	75.5036	36	60
dDocent_Contig_31482	1	377	4	184	48.8064	1.50663	36.4	60
dDocent_Contig_31486	1	336	10	282	83.9286	4.45833	34.4	60
dDocent_Contig_31487	1	331	7	212	64.0483	3.10272	36.7	60
dDocent_Contig_31489	1	293	26	268	91.4676	12.1911	36.5	60
dDocent_Contig_31490	1	391	1	76	19.4373	0.194373	31.3	60
dDocent_Contig_31492	1	324	9	300	92.5926	3.7963	35.3	60
dDocent_Contig_31496	1	413	27	373	90.3148	9.67312	36.2	60
dDocent_Contig_31502	1	434	19	431	99.3088	6.35023	35.8	59.8
dDocent_Contig_31504	1	484	20	296	61.157	5.91322	35.7	59.9
dDocent_Contig_31505	1	466	12	303	65.0215	3.48927	35.7	60
dDocent_Contig_31511	1	398	73	396	99.4975	26.0427	36	60
dDocent_Contig_31514	1	348	7	241	69.2529	2.8908	36.6	60
dDocent_Contig_31516	1	402	23	398	99.005	7.91542	35.5	60
dDocent_Contig_31534	1	475	27	349	73.4737	8.2	36.7	60
dDocent_Contig_31537	1	367	1	150	40.8719	0.408719	35.7	60
dDocent_Contig_31538	1	347	50	345	99.4236	20.6599	36.4	60
dDocent_Contig_31539	1	446	10	319	71.5247	3.36323	36.2	60
dDocent_Contig_31540	1	290	9	192	66.2069	4.58621	35.8	60
dDocent_Contig_31545	1	374	14	334	89.3048	5.36364	36.4	60
dDocent_Contig_31550	1	382	24	278	72.7749	9.2356	36.2	60
dDocent_Contig_31553	1	390	136	389	99.7436	44.2538	35.1	60
dDocent_Contig_31557	1	394	1	150	38.0711	0.380711	36.7	60
dDocent_Contig_31559	1	367	48	337	91.8256	18.8147	35.5	60
dDocent_Contig_31566	1	399	14	227	56.8922	3.84211	35.8	53.6
dDocent_Contig_31568	1	452	20	417	92.2566	6.44469	36.4	60
dDocent_Contig_31571	1	401	125	384	95.7606	44.9626	35.8	60
dDocent_Contig_31572	1	400	9	317	79.25	3.2625	36.2	60
dDocent_Contig_31577	1	452	2	98	21.6814	0.433628	36.7	60
dDocent_Contig_31580	1	323	16	236	73.065	7.31579	36.3	60
dDocent_Contig_31589	1	382	12	312	81.6754	4.59424	34.9	60
dDocent_Contig_31594	1	351	32	317	90.3134	13.0484	35.8	60
dDocent_Contig_31600	1	293	17	247	84.3003	8.42321	36.5	60
dDocent_Contig_31601	1	384	24	382	99.4792	9.19271	36.3	60
dDocent_Contig_31604	1	377	10	331	87.7984	3.93369	35.8	60
dDocent_Contig_31630	1	476	26	364	76.4706	7.54622	35.9	59.7
dDocent_Contig_31632	1	332	11	331	99.6988	4.81928	36.6	60
dDocent_Contig_31641	1	366	31	329	89.8907	12.1721	35.6	60
dDocent_Contig_31642	1	357	29	356	99.7199	11.5546	36	60
dDocent_Contig_31650	1	413	5	246	59.5642	1.63438	36.1	60
dDocent_Contig_31655	1	346	15	345	99.711	5.75723	36.5	60
dDocent_Contig_31660	1	321	9	242	75.3894	4.16822	36.1	60
dDocent_Contig_31669	1	362	11	306	84.5304	4.32873	35.9	60
dDocent_Contig_31672	1	382	14	309	80.8901	5.34293	36.2	60
dDocent_Contig_31688	1	312	25	269	86.2179	11.5833	36.4	60
dDocent_Contig_31700	1	358	7	223	62.2905	2.73464	36	60
dDocent_Contig_31701	1	395	26	385	97.4684	9.35696	36.4	60
dDocent_Contig_31702	1	297	8	237	79.798	3.64983	36.6	60
dDocent_Contig_31703	1	374	96	254	67.9144	35.2193	35.5	48.8
dDocent_Contig_31708	1	454	10	386	85.022	2.98238	35.8	60
dDocent_Contig_31717	1	394	15	356	90.3553	5.70812	35.5	28.2
dDocent_Contig_31718	1	408	45	381	93.3824	15.7426	36	60
dDocent_Contig_31731	1	375	54	357	95.2	19.9013	35.9	60
dDocent_Contig_31736	1	501	47	426	85.0299	13.976	35.6	60
dDocent_Contig_31739	1	393	16	263	66.9211	5.743	36.4	60
dDocent_Contig_31741	1	456	36	449	98.4649	10.9978	34.6	60
dDocent_Contig_31749	1	321	20	297	92.5234	8.56075	36	60
dDocent_Contig_31750	1	387	10	244	63.0491	3.7907	35.3	60
dDocent_Contig_31753	1	349	31	315	90.2579	13.0888	35.6	60
dDocent_Contig_31759	1	343	6	195	56.8513	2.50146	35.8	60
dDocent_Contig_31764	1	436	134	405	92.8899	39.2271	35.3	41.4
dDocent_Contig_31765	1	481	6	301	62.578	1.8711	35.9	60
dDocent_Contig_31768	1	293	12	252	86.0068	5.55631	36.6	60
dDocent_Contig_31790	1	320	19	318	99.375	8.77812	36	60
dDocent_Contig_31793	1	376	3	136	36.1702	0.920213	36.2	60
dDocent_Contig_31798	1	339	8	227	66.9617	3.05605	36	60
dDocent_Contig_31807	1	325	25	260	80	10.8708	35.2	60
dDocent_Contig_31808	1	416	17	294	70.6731	5.96154	36.5	60
dDocent_Contig_31809	1	373	73	367	98.3914	27.2574	36	60
dDocent_Contig_31810	1	299	11	264	88.2943	5.32441	36.4	60
dDocent_Contig_31824	1	448	46	404	90.1786	14.596	35.6	60
dDocent_Contig_31830	1	402	13	347	86.3184	4.56468	36.4	60
dDocent_Contig_31834	1	380	38	378	99.4737	14.0447	35.8	60
dDocent_Contig_31837	1	375	78	338	90.1333	29.7227	35.8	60
dDocent_Contig_31845	1	361	38	302	83.6565	15.0942	35.8	60
dDocent_Contig_31847	1	448	47	351	78.3482	14.7277	36.5	60
dDocent_Contig_31856	1	340	41	329	96.7647	17.5941	35.9	60
dDocent_Contig_31859	1	430	8	235	54.6512	2.06977	36.6	60
dDocent_Contig_31862	1	328	20	255	77.7439	9.02439	36.4	60
dDocent_Contig_31864	1	419	4	221	52.7446	1.42721	36.1	60
dDocent_Contig_31866	1	387	60	386	99.7416	22.6693	36.1	60
dDocent_Contig_31868	1	388	26	371	95.6186	9.31701	36.1	60
dDocent_Contig_31869	1	351	26	285	81.1966	10.5954	36.3	60
dDocent_Contig_31870	1	275	26	274	99.6364	13.6545	36.7	60
dDocent_Contig_31871	1	382	38	380	99.4764	14.6257	36.2	60
dDocent_Contig_31876	1	407	18	310	76.1671	6.31695	36.3	60
dDocent_Contig_31878	1	375	27	373	99.4667	10.0507	35.9	60
dDocent_Contig_31883	1	381	35	320	83.9895	12.8268	36.5	60
dDocent_Contig_31886	1	363	55	350	96.4187	21.2231	35.9	60
dDocent_Contig_31890	1	390	7	331	84.8718	2.63077	36.3	60
dDocent_Contig_31891	1	381	20	317	83.2021	7.28609	36.5	60
dDocent_Contig_31893	1	368	20	362	98.3696	7.88315	35.6	60
dDocent_Contig_31915	1	388	16	299	77.0619	5.92268	35.5	60
dDocent_Contig_31916	1	365	53	359	98.3562	21.3288	35.9	60
dDocent_Contig_31918	1	337	2	268	79.5252	0.836795	36.4	60
dDocent_Contig_31921	1	456	123	455	99.7807	39.4605	35.8	60
dDocent_Contig_31935	1	426	27	414	97.1831	9.26291	36.2	60
dDocent_Contig_31936	1	409	17	267	65.2812	6.03667	36.8	60
dDocent_Contig_31937	1	349	33	348	99.7135	13.49	35.7	60
dDocent_Contig_31948	1	342	13	248	72.5146	5.22515	36.3	59.8
dDocent_Contig_31959	1	402	23	284	70.6468	8.42537	35.8	60
dDocent_Contig_31961	1	364	11	339	93.1319	4.21978	36.4	60
dDocent_Contig_31978	1	349	3	141	40.4011	1	36.8	60
dDocent_Contig_31984	1	314	20	294	93.6306	8.24841	35	60
dDocent_Contig_31986	1	383	25	351	91.6449	9.55875	36.4	60
dDocent_Contig_31989	1	431	24	389	90.2552	8.20186	34.3	60
dDocent_Contig_31995	1	384	75	383	99.7396	28.4792	35.3	60
dDocent_Contig_31996	1	263	19	263	100	10.3954	36	60
dDocent_Contig_31998	1	400	9	289	72.25	2.8425	35.9	58.7
dDocent_Contig_31999	1	364	9	279	76.6484	3.43407	35.6	60
dDocent_Contig_32000	1	390	9	229	58.7179	3.35641	36.7	60
dDocent_Contig_32012	1	422	18	221	52.3697	6.25118	35.9	60
dDocent_Contig_32013	1	349	27	348	99.7135	11.3696	36.1	60
dDocent_Contig_32019	1	291	45	290	99.6564	21.9725	35.7	60
dDocent_Contig_32034	1	365	13	351	96.1644	5.10685	34.6	60
dDocent_Contig_32039	1	406	24	376	92.6108	8.58867	36	60
dDocent_Contig_32054	1	336	28	335	99.7024	12.3423	36.1	60
dDocent_Contig_32077	1	358	28	356	99.4413	10.6872	36.1	60
dDocent_Contig_32078	1	393	8	317	80.6616	3.04326	35.7	60
dDocent_Contig_32087	1	463	58	378	81.6415	17.676	36	60
dDocent_Contig_32093	1	383	25	280	73.107	9.46736	35	60
dDocent_Contig_32095	1	376	23	375	99.734	8.93617	35.9	60
dDocent_Contig_32101	1	351	13	271	77.208	5.54131	35.5	60
dDocent_Contig_32105	1	329	2	140	42.5532	0.613982	36.9	60
dDocent_Contig_32106	1	406	38	315	77.5862	13.5493	36.2	60
dDocent_Contig_32107	1	274	14	273	99.635	7.40511	35	60
dDocent_Contig_32108	1	372	26	366	98.3871	10	36.4	60
dDocent_Contig_32110	1	389	30	379	97.4293	11.5656	35.6	60
dDocent_Contig_32111	1	366	37	297	81.1475	14.0929	35.4	60
dDocent_Contig_32116	1	316	22	307	97.1519	9.8481	35.9	60
dDocent_Contig_32117	1	331	41	329	99.3958	17.5982	36.1	60
dDocent_Contig_32118	1	250	15	209	83.6	7.848	35.8	60
dDocent_Contig_32120	1	389	3	320	82.2622	1.12339	36.9	60
dDocent_Contig_32127	1	320	108	307	95.9375	47.6625	35	59.9
dDocent_Contig_32128	1	411	10	314	76.399	3.63017	36.7	60
dDocent_Contig_32152	1	454	66	390	85.9031	20.9163	36.1	60
dDocent_Contig_32157	1	404	35	362	89.604	12.0322	36	60
dDocent_Contig_32165	1	409	853	409	100	295.183	36.1	59.4
dDocent_Contig_32167	1	378	30	364	96.2963	11.4127	35.6	60
dDocent_Contig_32171	1	364	3	199	54.6703	1.11538	36.9	60
dDocent_Contig_32174	1	345	26	246	71.3043	10.6145	36.5	60
dDocent_Contig_32175	1	330	23	329	99.697	9.81212	35.9	60
dDocent_Contig_32176	1	472	19	467	98.9407	5.9661	35.7	60
dDocent_Contig_32185	1	386	75	340	88.0829	27.6399	36.2	60
dDocent_Contig_32186	1	325	40	279	85.8462	18.3231	36.1	60
dDocent_Contig_32189	1	355	12	312	87.8873	5.0507	35.2	60
dDocent_Contig_32192	1	420	12	338	80.4762	4.14524	36.1	60
dDocent_Contig_32222	1	290	50	261	90	25.0862	35.8	60
dDocent_Contig_32227	1	300	15	248	82.6667	7.25333	36.7	60
dDocent_Contig_32228	1	498	14	375	75.3012	3.91968	36.3	60
dDocent_Contig_32232	1	341	21	326	95.6012	9.08211	36.6	60
dDocent_Contig_32233	1	402	15	289	71.8905	5.4403	36	60
dDocent_Contig_32246	1	397	43	332	83.6272	15.665	36.2	60
dDocent_Contig_32254	1	310	6	297	95.8065	2.85484	36.9	60
dDocent_Contig_32255	1	383	41	265	69.1906	14.9164	36.5	60
dDocent_Contig_32260	1	361	17	359	99.446	6.44321	36	60
dDocent_Contig_32276	1	420	13	307	73.0952	4.4381	36	60
dDocent_Contig_32296	1	342	11	264	77.193	4.63158	35.9	60
dDocent_Contig_32297	1	374	12	234	62.5668	4.67914	36.6	60
dDocent_Contig_32300	1	358	19	341	95.2514	7.82402	35	60
dDocent_Contig_32301	1	319	10	194	60.815	4.34796	36.1	60
dDocent_Contig_32311	1	407	38	404	99.2629	13.317	35.2	60
dDocent_Contig_32314	1	333	5	258	77.4775	2.24024	36.8	60
dDocent_Contig_32316	1	390	34	349	89.4872	12.6256	35.9	60
dDocent_Contig_32321	1	301	17	297	98.6711	7.54153	36.4	60
dDocent_Contig_32322	1	301	5	299	99.3355	2.18605	36.5	60
dDocent_Contig_32332	1	410	21	305	74.3902	7.2122	36.1	60
dDocent_Contig_32333	1	377	17	265	70.2918	6.44032	36.1	60
dDocent_Contig_32340	1	382	76	376	98.4293	28.9398	36.1	60
dDocent_Contig_32343	1	331	9	160	48.3384	3.91843	36.2	60
dDocent_Contig_32350	1	397	61	368	92.6952	22.4584	36.4	60
dDocent_Contig_32351	1	467	53	347	74.3041	15.7709	36.2	53.7
dDocent_Contig_32352	1	415	86	367	88.4337	29.1084	35.7	57.9
dDocent_Contig_32356	1	470	9	277	58.9362	2.3383	36.8	60
dDocent_Contig_32357	1	421	22	322	76.4846	7.18052	36.5	58.5
dDocent_Contig_32362	1	438	54	437	99.7717	17.8584	36.2	60
dDocent_Contig_32381	1	438	8	276	63.0137	2.45662	35.4	60
dDocent_Contig_32388	1	384	9	356	92.7083	3.09375	36.5	60
dDocent_Contig_32390	1	289	13	269	93.0796	6.28028	35.8	60
dDocent_Contig_32391	1	311	10	259	83.2797	4.3955	36.2	60
dDocent_Contig_32399	1	379	67	378	99.7361	25.7203	35.3	60
dDocent_Contig_32407	1	379	24	377	99.4723	9.29024	36.5	60
dDocent_Contig_32413	1	363	17	324	89.2562	6.99174	36.5	60
dDocent_Contig_32417	1	382	69	312	81.6754	26.0445	35.9	60
dDocent_Contig_32420	1	398	26	361	90.7035	9.33668	36.5	60
dDocent_Contig_32421	1	458	59	389	84.9345	18.81	35.8	60
dDocent_Contig_32422	1	296	7	292	98.6486	3.46959	36.2	60
dDocent_Contig_32427	1	372	4	230	61.828	1.5672	36.7	60
dDocent_Contig_32438	1	393	16	379	96.4377	5.61832	34.6	48.7
dDocent_Contig_32443	1	360	7	299	83.0556	2.88056	36.2	60
dDocent_Contig_32444	1	374	6	313	83.6898	2.05882	36.7	60
dDocent_Contig_32446	1	414	16	367	88.6473	5.65459	35.4	60
dDocent_Contig_32453	1	368	17	314	85.3261	5.95924	36	53
dDocent_Contig_32454	1	299	18	253	84.6154	8.19732	35.3	60
dDocent_Contig_32455	1	516	5	233	45.155	1.28682	36.6	60
dDocent_Contig_32462	1	406	18	320	78.8177	6.4335	36.3	60
dDocent_Contig_32466	1	327	8	325	99.3884	3.48012	36.8	60
dDocent_Contig_32467	1	245	50	244	99.5918	27.902	35.4	60
dDocent_Contig_32509	1	317	22	288	90.8517	10.0189	36.1	60
dDocent_Contig_32510	1	372	24	311	83.6022	9.12097	36.4	60
dDocent_Contig_32511	1	339	15	326	96.1652	6.28909	35.4	55.5
dDocent_Contig_32513	1	249	5	171	68.6747	2.8996	36.6	60
dDocent_Contig_32516	1	344	13	288	83.7209	5.05233	36	60
dDocent_Contig_32517	1	268	4	263	98.1343	2.22388	36.9	60
dDocent_Contig_32521	1	438	25	432	98.6301	8.1347	36.5	60
dDocent_Contig_32523	1	362	51	339	93.6464	20.7983	36.1	60
dDocent_Contig_32526	1	349	22	347	99.4269	8.88252	35.7	60
dDocent_Contig_32529	1	357	22	352	98.5994	8.73669	35.8	60
dDocent_Contig_32530	1	368	27	364	98.913	10.5109	35.9	60
dDocent_Contig_32531	1	507	5	199	39.2505	1.47929	36.5	60
dDocent_Contig_32533	1	349	13	285	81.6619	5.29513	35.5	60
dDocent_Contig_32534	1	349	29	348	99.7135	12.3181	36.1	60
dDocent_Contig_32549	1	361	7	304	84.2105	2.83102	36.8	60
dDocent_Contig_32558	1	421	44	364	86.4608	15.2874	35.6	59.9
dDocent_Contig_32577	1	418	18	357	85.4067	5.35885	36.3	38
dDocent_Contig_32585	1	309	31	304	98.3819	14.5922	36.3	42.4
dDocent_Contig_32589	1	421	96	404	95.962	31.9311	35.4	45.4
dDocent_Contig_32598	1	375	217	367	97.8667	85.2027	36.1	47.3
dDocent_Contig_32603	1	396	33	356	89.899	12.2323	36.4	59.1
dDocent_Contig_32611	1	393	6	208	52.9262	1.98219	36.7	60
dDocent_Contig_32615	1	281	21	243	86.4769	10.1922	34.3	60
dDocent_Contig_32631	1	264	4	262	99.2424	2.21591	36.8	60
dDocent_Contig_32640	1	437	65	435	99.5423	21.7689	35.8	60
dDocent_Contig_32644	1	386	11	274	70.9845	4.24093	33	60
dDocent_Contig_32645	1	393	33	392	99.7455	12.2799	36.1	60
dDocent_Contig_32649	1	277	2	150	54.1516	1.07942	35.3	60
dDocent_Contig_32653	1	363	59	360	99.1736	23.135	36.2	60
dDocent_Contig_32664	1	377	28	367	97.3475	10.496	35.8	60
dDocent_Contig_32665	1	322	10	243	75.4658	4.64907	36.2	60
dDocent_Contig_32673	1	411	4	220	53.528	1.45985	35.4	60
dDocent_Contig_32677	1	352	18	346	98.2955	7.24432	36	60
dDocent_Contig_32681	1	443	17	373	84.1986	5.48758	36	59.2
dDocent_Contig_32694	1	380	35	374	98.4211	13.5526	36.4	60
dDocent_Contig_32695	1	407	26	398	97.7887	8.99017	35.7	60
dDocent_Contig_32697	1	403	25	362	89.8263	9.03722	36.1	60
dDocent_Contig_32701	1	427	12	339	79.3911	4.14988	36.5	60
dDocent_Contig_32705	1	494	15	231	46.7611	4.21862	36.2	60
dDocent_Contig_32710	1	416	24	381	91.5865	8.3149	36	60
dDocent_Contig_32721	1	515	1134	514	99.8058	324.649	36	42.3
dDocent_Contig_32722	1	253	211	189	74.7036	108.549	35.6	59.7
dDocent_Contig_32723	1	362	387	361	99.7238	148.489	35.7	35.6
dDocent_Contig_32724	1	392	83	361	92.0918	27.6888	35.7	58.1
dDocent_Contig_32725	1	390	337	389	99.7436	119.633	35.8	59.8
dDocent_Contig_32726	1	278	6	172	61.8705	2.49281	36	60
dDocent_Contig_32727	1	462	1050	460	99.5671	322.881	35.6	57.3
dDocent_Contig_32731	1	335	20	283	84.4776	8.46567	36.6	60
dDocent_Contig_32733	1	395	7	337	85.3165	2.44304	36.5	60
dDocent_Contig_32739	1	347	4	293	84.438	1.69741	36.7	60
dDocent_Contig_32756	1	294	43	292	99.3197	20.4524	35.5	60
dDocent_Contig_32764	1	305	6	237	77.7049	2.88197	36.6	60
dDocent_Contig_32775	1	462	13	287	62.1212	4.0368	36.2	60
dDocent_Contig_32783	1	381	4	234	61.4173	1.55381	36.6	60
dDocent_Contig_32788	1	362	10	335	92.5414	4.1105	35.7	60
dDocent_Contig_32799	1	360	21	358	99.4444	8.50556	35.9	60
dDocent_Contig_32802	1	286	29	285	99.6503	14.2133	36	60
dDocent_Contig_32804	1	433	15	232	53.5797	4.96074	35.9	60
dDocent_Contig_32832	1	443	13	406	91.6479	4.03612	36.6	60
dDocent_Contig_32833	1	463	33	339	73.2181	9.91145	36.3	60
dDocent_Contig_32842	1	362	155	358	98.895	58.2155	35.8	33
dDocent_Contig_32852	1	364	22	265	72.8022	8.16484	35.9	60
dDocent_Contig_32859	1	363	5	233	64.1873	2.05234	36.7	60
dDocent_Contig_32866	1	416	17	320	76.9231	5.94712	35.2	60
dDocent_Contig_32888	1	337	26	327	97.0326	11.0178	36.3	60
dDocent_Contig_32889	1	348	33	261	75	13.5	35.7	60
dDocent_Contig_32902	1	359	6	265	73.8162	2.50696	36.4	60
dDocent_Contig_32906	1	428	123	428	100	40.4252	36.3	60
dDocent_Contig_32908	1	391	9	262	67.0077	3.33248	35.6	60
dDocent_Contig_32909	1	301	27	260	86.3787	13.3289	36.5	60
dDocent_Contig_32911	1	381	198	352	92.3885	75.1706	35.9	60
dDocent_Contig_32918	1	338	69	336	99.4083	29.4083	36	60
dDocent_Contig_32929	1	276	7	209	75.7246	3.80435	36.2	60
dDocent_Contig_32931	1	449	17	229	51.0022	5.35635	35.9	60
dDocent_Contig_32935	1	396	7	205	51.7677	2.63384	35.9	60
dDocent_Contig_32949	1	392	19	376	95.9184	7.01786	36.2	60
dDocent_Contig_32950	1	330	19	285	86.3636	7.63333	36.3	60
dDocent_Contig_32951	1	347	19	309	89.049	7.82709	36	60
dDocent_Contig_32952	1	474	100	471	99.3671	28.5042	35	60
dDocent_Contig_32956	1	412	23	339	82.2816	8.05097	35.7	60
dDocent_Contig_32970	1	393	40	291	74.0458	14.4402	36.2	59.5
dDocent_Contig_32981	1	348	23	316	90.8046	8.9569	36.2	58.3
dDocent_Contig_32990	1	340	17	295	86.7647	6.81765	36.4	60
dDocent_Contig_32991	1	343	26	322	93.8776	10.5948	36	60
dDocent_Contig_32992	1	376	36	365	97.0745	14.0239	36.2	60
dDocent_Contig_33001	1	317	12	275	86.7508	5.59306	35.4	60
dDocent_Contig_33004	1	398	27	361	90.7035	10.005	36.3	60
dDocent_Contig_33012	1	406	9	315	77.5862	3.31527	35.3	60
dDocent_Contig_33015	1	364	30	363	99.7253	11.261	35.6	56.9
dDocent_Contig_33023	1	409	37	399	97.555	13.1125	36.1	60
dDocent_Contig_33026	1	410	21	322	78.5366	7.24878	35.5	60
dDocent_Contig_33027	1	357	57	355	99.4398	23.2521	36	60
dDocent_Contig_33034	1	363	27	282	77.686	10.7052	36.2	59.8
dDocent_Contig_33039	1	383	84	333	86.9452	29.765	35.9	60
dDocent_Contig_33042	1	331	31	286	86.4048	13.6798	36.1	60
dDocent_Contig_33043	1	303	42	281	92.7393	20.2013	36.5	60
dDocent_Contig_33055	1	349	29	331	94.8424	12.2436	36.3	60
dDocent_Contig_33058	1	439	19	351	79.9544	6.30752	36	60
dDocent_Contig_33060	1	385	21	298	77.4026	7.64935	36.3	60
dDocent_Contig_33065	1	347	41	321	92.5072	17.2507	35.5	60
dDocent_Contig_33067	1	354	22	324	91.5254	9.09605	35.9	60
dDocent_Contig_33076	1	393	64	376	95.6743	23	35.3	59.8
dDocent_Contig_33080	1	413	16	401	97.0944	5.46731	35.6	60
dDocent_Contig_33082	1	462	20	338	73.1602	6.15152	36.6	60
dDocent_Contig_33083	1	280	16	278	99.2857	7.81429	36.4	55
dDocent_Contig_33088	1	373	30	350	93.8338	11.4155	36.1	60
dDocent_Contig_33089	1	388	3	181	46.6495	1.10309	36.9	60
dDocent_Contig_33090	1	341	2	82	24.0469	0.480938	36.9	60
dDocent_Contig_33093	1	310	62	309	99.6774	28.7903	36.3	60
dDocent_Contig_33098	1	411	47	364	88.5645	16.3869	35.9	60
dDocent_Contig_33099	1	369	24	340	92.1409	9.49322	36.4	60
dDocent_Contig_33107	1	430	41	332	77.2093	13.9674	36.3	60
dDocent_Contig_33109	1	503	9	293	58.2505	2.62425	36.7	60
dDocent_Contig_33113	1	353	12	322	91.2181	5.08215	35.5	60
dDocent_Contig_33125	1	351	53	342	97.4359	20.9487	35.1	60
dDocent_Contig_33128	1	316	8	290	91.7722	3.73734	36.6	60
dDocent_Contig_33136	1	266	1	150	56.391	0.56391	36.7	60
dDocent_Contig_33137	1	313	18	283	90.4153	8.45048	36.7	60
dDocent_Contig_33147	1	373	23	360	96.5147	8.97855	36.3	60
dDocent_Contig_33150	1	313	13	277	88.4984	5.38019	31.7	60
dDocent_Contig_33151	1	276	33	274	99.2754	16.7065	35.7	60
dDocent_Contig_33152	1	249	4	203	81.5261	2.39357	36.4	60
dDocent_Contig_33153	1	378	19	248	65.6085	7.0582	36.2	60
dDocent_Contig_33156	1	342	32	333	97.3684	13.7632	35.7	54.3
dDocent_Contig_33157	1	361	8	356	98.615	2.86981	36.2	47.5
dDocent_Contig_33162	1	305	2	115	37.7049	0.754098	34.4	60
dDocent_Contig_33163	1	329	102	327	99.3921	41.2401	36.2	56.3
dDocent_Contig_33170	1	338	17	254	75.1479	6.99112	36	55.8
dDocent_Contig_33173	1	420	12	357	85	4.25476	36.8	60
dDocent_Contig_33174	1	349	103	348	99.7135	41.8825	36.1	60
dDocent_Contig_33191	1	325	230	322	99.0769	101.942	35.9	59.9
dDocent_Contig_33206	1	374	10	328	87.7005	3.84759	36	60
dDocent_Contig_33207	1	387	44	340	87.8553	16.2041	35.1	59.9
dDocent_Contig_33208	1	377	2	150	39.7878	0.795756	36.6	60
dDocent_Contig_33211	1	249	23	240	96.3855	12.9839	36	60
dDocent_Contig_33217	1	398	35	397	99.7487	12.6633	36	60
dDocent_Contig_33219	1	480	31	340	70.8333	9.42708	35.9	60
dDocent_Contig_33220	1	322	20	307	95.3416	8.61491	35.4	60
dDocent_Contig_33221	1	395	20	270	68.3544	7.06329	36.4	60
dDocent_Contig_33223	1	407	11	297	72.973	3.97297	36	60
dDocent_Contig_33226	1	365	24	328	89.863	9.13425	34.7	58.4
dDocent_Contig_33230	1	349	14	345	98.8539	5.6533	35	60
dDocent_Contig_33231	1	390	41	287	73.5897	15.6487	35.9	60
dDocent_Contig_33232	1	363	11	313	86.2259	4.06612	36.8	60
dDocent_Contig_33237	1	377	24	337	89.3899	8.78515	35.7	58.9
dDocent_Contig_33239	1	407	55	405	99.5086	19.5872	34.9	60
dDocent_Contig_33243	1	395	32	295	74.6835	11.2203	35.7	60
dDocent_Contig_33250	1	282	12	220	78.0142	5.96809	36.5	60
dDocent_Contig_33251	1	422	30	420	99.5261	10.3223	36.1	60
dDocent_Contig_33255	1	321	25	270	84.1121	11.4611	36.5	60
dDocent_Contig_33263	1	393	17	372	94.6565	5.85496	35	60
dDocent_Contig_33279	1	405	8	241	59.5062	2.96296	36.4	60
dDocent_Contig_33280	1	349	19	306	87.6791	7.78797	36.5	60
dDocent_Contig_33282	1	404	119	402	99.505	41.8861	36	60
dDocent_Contig_33287	1	372	16	246	66.129	5.84409	36.4	60
dDocent_Contig_33289	1	462	26	237	51.2987	7.91991	36.4	60
dDocent_Contig_33290	1	313	36	311	99.361	16.4952	36.4	60
dDocent_Contig_33307	1	421	19	319	75.772	6.04751	36.7	60
dDocent_Contig_33314	1	335	30	283	84.4776	12.9164	36.3	60
dDocent_Contig_33315	1	380	6	181	47.6316	2.13947	36.9	60
dDocent_Contig_33316	1	248	33	247	99.5968	19.4637	36.2	60
dDocent_Contig_33326	1	292	11	280	95.8904	5.42123	35.7	60
dDocent_Contig_33331	1	393	60	392	99.7455	22.4936	36.1	60
dDocent_Contig_33339	1	412	37	386	93.6893	11.9102	34.7	60
dDocent_Contig_33340	1	301	28	273	90.6977	12.8904	36	60
dDocent_Contig_33341	1	395	27	364	92.1519	9.43544	36.4	60
dDocent_Contig_33346	1	421	104	318	75.5344	34.9857	36.1	57.8
dDocent_Contig_33361	1	407	17	401	98.5258	5.88698	36.2	60
dDocent_Contig_33362	1	324	3	219	67.5926	1.38889	36.8	60
dDocent_Contig_33364	1	369	35	358	97.019	13.9946	36.3	60
dDocent_Contig_33376	1	446	10	292	65.4709	3.04036	34.4	60
dDocent_Contig_33382	1	374	382	373	99.7326	141.995	36.1	59
dDocent_Contig_33390	1	387	6	293	75.7106	2.1447	36.6	60
dDocent_Contig_33404	1	311	6	264	84.8875	2.45659	36.9	60
dDocent_Contig_33410	1	402	12	365	90.796	4.20647	36.1	60
dDocent_Contig_33413	1	330	26	314	95.1515	11.4455	36.3	60
dDocent_Contig_33419	1	435	87	398	91.4943	28.5195	36.1	60
dDocent_Contig_33421	1	349	6	150	42.9799	2.5788	36.1	60
dDocent_Contig_33428	1	358	8	163	45.5307	2.91341	33.9	60
dDocent_Contig_33429	1	319	37	316	99.0596	17.0502	36.3	60
dDocent_Contig_33439	1	370	3	193	52.1622	1.17568	34	60
dDocent_Contig_33443	1	360	13	358	99.4444	4.91389	36.4	60
dDocent_Contig_33447	1	413	100	406	98.3051	35.1114	35.6	60
dDocent_Contig_33449	1	276	192	275	99.6377	99.0725	35.8	59.9
dDocent_Contig_33461	1	310	3	185	59.6774	1.29677	35.8	60
dDocent_Contig_33469	1	294	11	275	93.5374	4.93197	34.1	60
dDocent_Contig_33470	1	457	2	179	39.1685	0.656455	35	60
dDocent_Contig_33472	1	424	35	330	77.8302	12.1321	36.3	60
dDocent_Contig_33473	1	366	31	364	99.4536	11.6885	35.1	60
dDocent_Contig_33480	1	272	54	270	99.2647	28.0221	36.2	56.1
dDocent_Contig_33481	1	357	24	297	83.1933	9.83193	36.3	60
dDocent_Contig_33488	1	373	8	218	58.445	3.12064	36.5	60
dDocent_Contig_33489	1	399	47	365	91.4787	16.8847	36.5	60
dDocent_Contig_33491	1	363	53	361	99.449	20.4876	36	60
dDocent_Contig_33502	1	421	15	401	95.2494	5.32779	35.5	60
dDocent_Contig_33504	1	415	126	396	95.4217	43.3446	35.9	60
dDocent_Contig_33505	1	398	25	377	94.7236	8.72362	36.5	60
dDocent_Contig_33508	1	441	11	362	82.0862	3.50113	35.8	60
dDocent_Contig_33517	1	420	61	382	90.9524	21.3429	36.2	60
dDocent_Contig_33525	1	287	79	285	99.3031	38.453	36.1	60
dDocent_Contig_33532	1	347	11	336	96.83	4.61671	36.6	60
dDocent_Contig_33533	1	381	10	298	78.2152	3.7874	35.8	60
dDocent_Contig_33537	1	338	17	247	73.0769	6.5355	35.9	60
dDocent_Contig_33546	1	345	27	326	94.4928	10.9014	34.3	60
dDocent_Contig_33547	1	405	54	404	99.7531	18.1259	35.8	60
dDocent_Contig_33550	1	347	23	341	98.2709	9.1268	36.3	60
dDocent_Contig_33553	1	418	7	251	60.0478	2.47368	36.1	60
dDocent_Contig_33559	1	385	19	284	73.7662	7.06494	35.8	60
dDocent_Contig_33568	1	340	7	305	89.7059	2.90588	36.1	60
dDocent_Contig_33573	1	404	22	402	99.505	7.95792	36.1	60
dDocent_Contig_33580	1	380	49	365	96.0526	18.9395	35.9	60
dDocent_Contig_33582	1	429	5	177	41.2587	1.6993	36.8	60
dDocent_Contig_33594	1	388	18	310	79.8969	6.71134	36.2	60
dDocent_Contig_33597	1	426	36	357	83.8028	12.5235	36	60
dDocent_Contig_33599	1	451	36	424	94.0133	11.0953	35.5	60
dDocent_Contig_33612	1	341	29	304	89.1496	8.3695	35.1	60
dDocent_Contig_33614	1	496	35	450	90.7258	10.373	35.4	60
dDocent_Contig_33617	1	329	24	328	99.696	10.1976	36	60
dDocent_Contig_33618	1	362	42	323	89.2265	16.8729	35.7	60
dDocent_Contig_33620	1	382	10	363	95.0262	3.75393	35.2	60
dDocent_Contig_33623	1	485	20	382	78.7629	5.88247	36.6	60
dDocent_Contig_33636	1	395	46	297	75.1899	16.9975	35.8	60
dDocent_Contig_33640	1	356	41	355	99.7191	16.8961	36	60
dDocent_Contig_33641	1	394	8	179	45.4315	2.90102	35.6	60
dDocent_Contig_33642	1	349	25	258	73.9255	10.3639	35.7	60
dDocent_Contig_33650	1	365	14	267	73.1507	5.28219	36.3	60
dDocent_Contig_33652	1	369	8	259	70.1897	3.17886	36.3	60
dDocent_Contig_33653	1	347	27	211	60.8069	10.2738	36.1	60
dDocent_Contig_33656	1	475	25	391	82.3158	7.21053	36.3	60
dDocent_Contig_33660	1	253	26	230	90.9091	14.3281	36.4	60
dDocent_Contig_33686	1	416	8	286	68.75	2.88462	36.2	60
dDocent_Contig_33701	1	409	18	353	86.3081	6.08557	35.8	60
dDocent_Contig_33706	1	318	60	318	100	26.9371	36	60
dDocent_Contig_33711	1	406	23	308	75.8621	8.34483	36.1	60
dDocent_Contig_33714	1	391	2	296	75.7033	0.767263	36	60
dDocent_Contig_33725	1	321	7	187	58.2555	3.16822	35.3	60
dDocent_Contig_33728	1	386	33	373	96.6321	12.2798	36.1	60
dDocent_Contig_33741	1	359	4	153	42.6184	1.5571	36.4	60
dDocent_Contig_33748	1	378	8	253	66.9312	2.93915	36.7	60
dDocent_Contig_33750	1	334	12	256	76.6467	5.05988	36.1	60
dDocent_Contig_33755	1	358	19	275	76.8156	7.7514	35.2	60
dDocent_Contig_33757	1	429	8	323	75.2914	2.71562	35.7	60
dDocent_Contig_33760	1	388	8	270	69.5876	3.04639	36.2	60
dDocent_Contig_33763	1	330	15	258	78.1818	6.69091	36.8	60
dDocent_Contig_33764	1	422	20	264	62.5592	6.63507	36.3	60
dDocent_Contig_33766	1	472	16	337	71.3983	4.875	36.3	60
dDocent_Contig_33768	1	306	20	252	82.3529	9.67974	36.7	60
dDocent_Contig_33776	1	436	13	307	70.4128	4.44954	36.5	60
dDocent_Contig_33777	1	357	26	335	93.8375	10.3501	36	60
dDocent_Contig_33781	1	451	61	374	82.9268	19.2683	36.3	60
dDocent_Contig_33783	1	402	52	393	97.7612	18.9254	35.8	60
dDocent_Contig_33790	1	432	10	412	95.3704	3.42593	36.1	60
dDocent_Contig_33792	1	371	39	369	99.4609	15.5094	36.4	60
dDocent_Contig_33801	1	437	28	436	99.7712	8.89016	36.2	60
dDocent_Contig_33803	1	458	56	380	82.9694	17.941	36	60
dDocent_Contig_33804	1	281	18	241	85.7651	9.53381	35.5	60
dDocent_Contig_33806	1	432	11	361	83.5648	3.72454	35.1	60
dDocent_Contig_33814	1	382	37	366	95.8115	13.8298	35.9	60
dDocent_Contig_33817	1	255	15	254	99.6078	8.1451	36.3	60
dDocent_Contig_33818	1	349	36	333	95.4155	15.1375	35.5	60
dDocent_Contig_33819	1	394	13	253	64.2132	4.79442	35.9	60
dDocent_Contig_33823	1	373	54	372	99.7319	20.7587	35.9	60
dDocent_Contig_33824	1	385	28	384	99.7403	10.2026	36.5	60
dDocent_Contig_33835	1	293	137	288	98.2935	65.1843	36	59
dDocent_Contig_33837	1	426	23	369	86.6197	7.723	36	60
dDocent_Contig_33841	1	387	33	379	97.9328	12.5297	36.3	60
dDocent_Contig_33849	1	312	24	260	83.3333	11.2885	36.1	60
dDocent_Contig_33851	1	367	29	350	95.3678	11.2807	35.6	60
dDocent_Contig_33860	1	337	34	336	99.7033	14.3976	35.8	60
dDocent_Contig_33868	1	363	6	288	79.3388	1.98347	36	51
dDocent_Contig_33875	1	505	10	180	35.6436	2.62178	36.6	60
dDocent_Contig_33899	1	355	19	276	77.7465	7.76056	35.8	60
dDocent_Contig_33902	1	372	19	298	80.1075	6.89785	35.9	49.9
dDocent_Contig_33916	1	387	26	385	99.4832	9.57623	36.2	58.9
dDocent_Contig_33917	1	487	18	383	78.6448	4.97536	36.7	58.3
dDocent_Contig_33922	1	351	17	300	85.4701	6.72934	36	60
dDocent_Contig_33927	1	270	19	198	73.3333	10.3926	36.1	60
dDocent_Contig_33930	1	368	2863	368	100	1124.79	35.9	59.9
dDocent_Contig_33931	1	462	14	374	80.9524	4.54545	36.3	60
dDocent_Contig_33933	1	313	15	298	95.2077	6.95208	35.9	60
dDocent_Contig_33949	1	373	18	217	58.1769	6.89276	36.6	60
dDocent_Contig_33950	1	401	20	337	84.0399	7.12219	36	60
dDocent_Contig_33965	1	425	29	424	99.7647	9.68	35.3	60
dDocent_Contig_33986	1	331	16	288	87.0091	7.00906	35.1	60
dDocent_Contig_34002	1	402	20	385	95.7711	7.19154	36.3	60
dDocent_Contig_34079	1	387	74	384	99.2248	28.0646	35.7	60
dDocent_Contig_34082	1	370	44	336	90.8108	17.2216	36.3	60
dDocent_Contig_34088	1	438	82	404	92.2374	27.6393	35.7	60
dDocent_Contig_34090	1	304	20	265	87.1711	9.44408	36	60
dDocent_Contig_34092	1	375	16	272	72.5333	6.35467	35.7	60
dDocent_Contig_34097	1	361	27	338	93.6288	10.4266	35.4	60
dDocent_Contig_34099	1	420	28	264	62.8571	9.30952	36.1	60
dDocent_Contig_34104	1	266	40	265	99.6241	22.0338	36.1	60
dDocent_Contig_34106	1	416	46	335	80.5288	15.75	34.9	60
dDocent_Contig_34108	1	266	41	264	99.2481	22.0526	36.2	60
dDocent_Contig_34111	1	417	25	410	98.3213	8.81055	35.9	60
dDocent_Contig_34114	1	361	35	317	87.8116	13.7535	35.2	60
dDocent_Contig_34115	1	368	24	301	81.7935	9.72554	35.9	60
dDocent_Contig_34116	1	378	30	312	82.5397	11.5847	36.1	60
dDocent_Contig_34121	1	413	61	411	99.5157	21.1283	36.2	60
dDocent_Contig_34124	1	334	26	333	99.7006	10.3653	36.2	60
dDocent_Contig_34126	1	370	10	357	96.4865	4.02973	36.3	60
dDocent_Contig_34133	1	403	8	306	75.9305	2.87841	35.9	60
dDocent_Contig_34137	1	398	15	319	80.1508	5.00754	36.1	60
dDocent_Contig_34139	1	349	3	142	40.6877	1.22063	35.6	60
dDocent_Contig_34142	1	341	34	340	99.7067	14.5161	36.3	60
dDocent_Contig_34150	1	402	24	340	84.5771	8.70398	35.9	60
dDocent_Contig_34161	1	390	4	245	62.8205	1.5359	35.9	60
dDocent_Contig_34171	1	364	28	306	84.0659	11.1676	36.1	60
dDocent_Contig_34173	1	407	29	299	73.4644	10.1671	36.2	60
dDocent_Contig_34179	1	287	40	287	100	19.3902	36.2	60
dDocent_Contig_34185	1	351	19	330	94.0171	7.73789	36.1	60
dDocent_Contig_34188	1	458	11	451	98.4716	3.53057	36.1	60
dDocent_Contig_34191	1	386	35	261	67.6166	13.4767	35.8	60
dDocent_Contig_34201	1	392	35	374	95.4082	12.8061	36.1	60
dDocent_Contig_34207	1	401	25	310	77.3067	9.18703	35.2	60
dDocent_Contig_34210	1	378	42	377	99.7354	16.0185	35.4	60
dDocent_Contig_34218	1	385	33	282	73.2468	12.3714	36.1	60
dDocent_Contig_34219	1	393	24	346	88.0407	8.8855	35.9	60
dDocent_Contig_34220	1	378	27	356	94.1799	10.3333	36.1	60
dDocent_Contig_34234	1	267	14	228	85.3933	7.71161	34.9	60
dDocent_Contig_34235	1	375	18	271	72.2667	7.16	35.4	60
dDocent_Contig_34237	1	362	8	196	54.1436	3.16298	35.9	60
dDocent_Contig_34238	1	404	24	380	94.0594	8.58663	36	60
dDocent_Contig_34240	1	335	22	317	94.6269	9.67761	36.3	60
dDocent_Contig_34241	1	368	46	331	89.9457	17.5054	35.2	60
dDocent_Contig_34244	1	365	31	280	76.7123	11.9068	33.3	60
dDocent_Contig_34255	1	412	28	375	91.0194	9.46117	36.6	60
dDocent_Contig_34265	1	324	25	283	87.3457	11.2685	36.5	60
dDocent_Contig_34266	1	317	85	315	99.3691	32.8076	36.1	59.8
dDocent_Contig_34277	1	382	16	373	97.644	5.9555	35.9	60
dDocent_Contig_34280	1	361	18	292	80.8864	7.29086	36.1	60
dDocent_Contig_34283	1	379	36	287	75.7256	13.7361	36.1	60
dDocent_Contig_34290	1	411	44	292	71.0462	14.7372	36.3	60
dDocent_Contig_34299	1	373	27	282	75.6032	10.7534	36	60
dDocent_Contig_34310	1	364	76	363	99.7253	29.3379	36	58.9
dDocent_Contig_34316	1	426	48	400	93.8967	16.1408	35.5	60
dDocent_Contig_34331	1	369	24	251	68.0217	9.2439	35.9	60
dDocent_Contig_34333	1	388	5	162	41.7526	1.68814	35	60
dDocent_Contig_34343	1	457	2	172	37.6368	0.625821	36.7	60
dDocent_Contig_34347	1	312	11	232	74.359	5.22436	36	60
dDocent_Contig_34354	1	417	77	333	79.8561	25.9664	35.5	60
dDocent_Contig_34355	1	289	14	219	75.7785	6.91696	36.3	60
dDocent_Contig_34360	1	302	15	259	85.7616	7.34768	36.6	60
dDocent_Contig_34371	1	348	25	264	75.8621	10.5374	36.1	60
dDocent_Contig_34372	1	299	8	272	90.9699	3.81605	36.7	60
dDocent_Contig_34373	1	368	299	367	99.7283	114.293	35.1	59.9
dDocent_Contig_34376	1	366	18	364	99.4536	6.87978	35.8	60
dDocent_Contig_34381	1	371	19	339	91.3747	7.5283	36.6	60
dDocent_Contig_34382	1	397	41	395	99.4962	15.1058	36.3	60
dDocent_Contig_34389	1	429	16	335	78.0886	5.31469	36	60
dDocent_Contig_34392	1	288	2	92	31.9444	0.638889	36.9	60
dDocent_Contig_34396	1	378	41	376	99.4709	15.1772	35.6	60
dDocent_Contig_34397	1	463	75	401	86.6091	23.4233	35.9	60
dDocent_Contig_34401	1	305	27	251	82.2951	13.0754	34.8	60
dDocent_Contig_34402	1	360	37	345	95.8333	14.7222	36	60
dDocent_Contig_34403	1	434	23	383	88.2488	7.69124	35.1	60
dDocent_Contig_34407	1	359	34	262	72.9805	12.8301	36.4	56.5
dDocent_Contig_34415	1	279	21	251	89.9642	10.4946	35.3	60
dDocent_Contig_34418	1	380	7	336	88.4211	2.64474	36.1	60
dDocent_Contig_34421	1	353	52	304	86.119	21.7762	36.1	60
dDocent_Contig_34422	1	350	13	349	99.7143	5.51714	35.5	60
dDocent_Contig_34423	1	269	6	192	71.3755	3.27881	36.2	60
dDocent_Contig_34432	1	455	64	371	81.5385	20.6286	35.5	60
dDocent_Contig_34433	1	358	20	286	79.8883	7.91899	35.1	60
dDocent_Contig_34434	1	335	29	234	69.8507	12.6537	35.8	60
dDocent_Contig_34435	1	367	5	271	73.842	2.03815	36.4	60
dDocent_Contig_34442	1	333	47	272	81.6817	20.8168	35.3	60
dDocent_Contig_34443	1	418	57	401	95.933	19.8038	35.6	60
dDocent_Contig_34448	1	410	42	409	99.7561	14.2951	36.1	60
dDocent_Contig_34451	1	272	8	240	88.2353	4.39338	36.3	60
dDocent_Contig_34457	1	359	11	339	94.429	4.09749	36.4	56
dDocent_Contig_34464	1	348	50	346	99.4253	21.0948	36.4	60
dDocent_Contig_34469	1	332	66	324	97.5904	28.3584	35.7	57
dDocent_Contig_34471	1	302	41	242	80.1325	18.5563	34.4	60
dDocent_Contig_34472	1	337	13	317	94.0653	5.727	36.3	60
dDocent_Contig_34473	1	375	13	277	73.8667	5.09867	36.2	60
dDocent_Contig_34480	1	517	9	326	63.0561	2.50677	35.9	60
dDocent_Contig_34491	1	380	16	272	71.5789	6.23421	35.3	60
dDocent_Contig_34492	1	372	25	302	81.1828	9.4543	35.8	60
dDocent_Contig_34494	1	427	2	282	66.0422	0.702576	36.8	60
dDocent_Contig_34495	1	369	21	353	95.664	7.75068	35.8	60
dDocent_Contig_34497	1	339	20	261	76.9912	8.64897	36.3	60
dDocent_Contig_34498	1	298	22	296	99.3289	10.0369	36.2	60
dDocent_Contig_34501	1	268	21	266	99.2537	10.8321	35.8	60
dDocent_Contig_34506	1	348	17	340	97.7011	6.88218	36.3	60
dDocent_Contig_34515	1	412	8	210	50.9709	2.8932	36.3	60
dDocent_Contig_34517	1	282	11	233	82.6241	5.73404	36.7	60
dDocent_Contig_34523	1	339	18	337	99.41	7.43658	35.7	59.1
dDocent_Contig_34534	1	386	7	225	58.2902	2.6658	36.1	60
dDocent_Contig_34551	1	391	14	308	78.7724	4.99744	36.4	60
dDocent_Contig_34559	1	382	45	320	83.7696	16.856	35.7	60
dDocent_Contig_34562	1	241	26	239	99.1701	15.1411	35.7	60
dDocent_Contig_34566	1	395	20	356	90.1266	7.48861	36.4	60
dDocent_Contig_34568	1	435	45	339	77.931	14.5747	35.4	60
dDocent_Contig_34569	1	305	7	188	61.6393	3.31803	36.4	60
dDocent_Contig_34570	1	372	19	277	74.4624	6.76882	35.8	60
dDocent_Contig_34571	1	330	5	201	60.9091	2.10303	36.4	60
dDocent_Contig_34574	1	294	61	293	99.6599	29.517	36	60
dDocent_Contig_34581	1	473	26	450	95.1374	7.7759	36.2	60
dDocent_Contig_34584	1	316	19	315	99.6835	7.83544	36.5	60
dDocent_Contig_34589	1	301	19	300	99.6678	6.45847	35.9	59.8
dDocent_Contig_34591	1	407	11	307	75.43	3.95823	35.2	60
dDocent_Contig_34592	1	334	2	269	80.5389	0.859281	36.7	60
dDocent_Contig_34596	1	411	12	328	79.8054	4.28954	35.7	60
dDocent_Contig_34603	1	290	9	267	92.069	4.44483	35.3	60
dDocent_Contig_34606	1	322	34	315	97.8261	15.2671	35.5	60
dDocent_Contig_34610	1	348	35	347	99.7126	14.0489	36.5	60
dDocent_Contig_34612	1	420	77	414	98.5714	27	35.6	60
dDocent_Contig_34615	1	340	45	298	87.6471	18.5647	36	60
dDocent_Contig_34616	1	350	7	263	75.1429	2.42571	35.2	60
dDocent_Contig_34620	1	251	4	171	68.1275	1.57769	36.7	60
dDocent_Contig_34622	1	403	6	220	54.5906	2.1861	35.3	60
dDocent_Contig_34623	1	389	6	174	44.7301	2.31362	36.2	60
dDocent_Contig_34627	1	340	20	289	85	8.62353	36.3	60
dDocent_Contig_34629	1	489	146	484	98.9775	42.4008	36	60
dDocent_Contig_34634	1	306	39	301	98.366	18.4477	35.5	56.2
dDocent_Contig_34640	1	359	47	352	98.0501	18.6546	35.7	59
dDocent_Contig_34643	1	250	5	233	93.2	2.552	36.7	60
dDocent_Contig_34644	1	461	40	459	99.5662	12.1649	35.9	60
dDocent_Contig_34648	1	373	42	328	87.9357	16.3753	36.4	60
dDocent_Contig_34650	1	377	8	313	83.0239	3.02653	36.5	60
dDocent_Contig_34654	1	390	49	376	96.4103	17.7026	36.1	60
dDocent_Contig_34658	1	378	30	362	95.7672	11.4709	36.3	60
dDocent_Contig_34659	1	423	46	387	91.4894	14.3546	35.6	60
dDocent_Contig_34667	1	452	46	409	90.4867	14.3097	36	60
dDocent_Contig_34671	1	356	11	214	60.1124	4.47753	35.7	60
dDocent_Contig_34675	1	351	472	336	95.7265	189.236	35.9	59.1
dDocent_Contig_34679	1	320	36	319	99.6875	16.4594	35.9	60
dDocent_Contig_34684	1	321	44	320	99.6885	19.6573	36.4	60
dDocent_Contig_34686	1	382	22	367	96.0733	8.53665	35.6	60
dDocent_Contig_34692	1	299	49	297	99.3311	23.9933	36.6	60
dDocent_Contig_34694	1	430	27	230	53.4884	8.36744	36.2	60
dDocent_Contig_34700	1	370	12	260	70.2703	4.81081	36.7	60
dDocent_Contig_34707	1	406	8	205	50.4926	2.91133	36.1	60
dDocent_Contig_34716	1	341	18	254	74.4868	7.26686	36.6	60
dDocent_Contig_34717	1	317	16	280	88.3281	7.56782	36.4	60
dDocent_Contig_34726	1	385	26	383	99.4805	9.51688	35.9	60
dDocent_Contig_34731	1	394	19	324	82.2335	6.97462	35.6	60
dDocent_Contig_34733	1	354	12	254	71.7514	4.9548	35.1	60
dDocent_Contig_34734	1	341	4	225	65.9824	1.68328	36.8	60
dDocent_Contig_34736	1	384	18	345	89.8438	6.38542	35.8	60
dDocent_Contig_34741	1	471	103	439	93.2059	30.2335	35.6	58.7
dDocent_Contig_34742	1	335	23	329	98.209	9.50746	36.3	60
dDocent_Contig_34755	1	268	36	252	94.0299	18.9216	36.3	60
dDocent_Contig_34756	1	362	11	269	74.3094	4.41989	35.6	60
dDocent_Contig_34757	1	298	21	292	97.9866	9.80872	36.5	60
dDocent_Contig_34762	1	451	12	294	65.1885	3.95787	34.7	60
dDocent_Contig_34766	1	347	28	345	99.4236	11.8559	35.7	60
dDocent_Contig_34767	1	443	15	302	68.1716	4.81038	36	60
dDocent_Contig_34770	1	360	60	343	95.2778	23.8667	36	60
dDocent_Contig_34773	1	389	26	340	87.4036	8.30591	35.3	60
dDocent_Contig_34774	1	347	57	335	96.5418	23.0288	35.6	60
dDocent_Contig_34776	1	303	2	200	66.0066	0.990099	36.1	60
dDocent_Contig_34782	1	396	4	247	62.3737	1.48232	35.6	60
dDocent_Contig_34785	1	343	15	243	70.8455	6.30904	35.7	60
dDocent_Contig_34788	1	281	7	214	76.1566	3.15302	36.5	60
dDocent_Contig_34791	1	319	7	239	74.9216	3.14107	35.9	60
dDocent_Contig_34806	1	397	12	247	62.2166	4.16121	36.5	60
dDocent_Contig_34807	1	277	22	275	99.278	11.6534	36	59.4
dDocent_Contig_34808	1	371	22	269	72.5067	8.56334	36.1	60
dDocent_Contig_34818	1	407	22	298	73.2187	7.84521	35.5	60
dDocent_Contig_34821	1	398	29	388	97.4874	10.4296	36	60
dDocent_Contig_34824	1	278	31	272	97.8417	15.4748	36.1	60
dDocent_Contig_34825	1	322	51	316	98.1366	22.3323	35.9	60
dDocent_Contig_34827	1	304	9	302	99.3421	4.28947	35.1	60
dDocent_Contig_34829	1	307	38	306	99.6743	17.671	35.7	60
dDocent_Contig_34830	1	480	193	366	76.25	58.4792	36	38.5
dDocent_Contig_34831	1	398	7	265	66.5829	2.36935	36.8	60
dDocent_Contig_34832	1	359	98	289	80.5014	38.507	36.2	57.9
dDocent_Contig_34833	1	438	18	227	51.8265	5.85388	36.1	58.2
dDocent_Contig_34837	1	386	14	385	99.7409	4.82642	36.3	60
dDocent_Contig_34852	1	416	21	311	74.7596	7.24519	36.4	60
dDocent_Contig_34858	1	371	36	361	97.3046	14.3989	36.3	60
dDocent_Contig_34869	1	383	15	280	73.107	5.54308	35.9	60
dDocent_Contig_34872	1	333	18	274	82.2823	7.72372	36.7	60
dDocent_Contig_34877	1	399	84	338	84.7118	30.1529	35.2	60
dDocent_Contig_34878	1	392	14	309	78.8265	5.30612	35.1	60
dDocent_Contig_34881	1	496	34	289	58.2661	10.0222	35.9	60
dDocent_Contig_34882	1	445	36	358	80.4494	11.5079	36.4	60
dDocent_Contig_34883	1	384	27	217	56.5104	10.1354	36.3	60
dDocent_Contig_34896	1	421	19	391	92.8741	6.50119	36.3	60
dDocent_Contig_34899	1	413	14	401	97.0944	4.49879	35	60
dDocent_Contig_34917	1	421	40	369	87.6485	14.0475	36	60
dDocent_Contig_34918	1	484	29	398	82.2314	8.49587	35.9	60
dDocent_Contig_34920	1	263	12	224	85.1711	6.53232	36.8	60
dDocent_Contig_34921	1	397	46	393	98.9924	17.2443	35.5	60
dDocent_Contig_34923	1	408	17	345	84.5588	5.57843	36.3	60
dDocent_Contig_34924	1	248	10	195	78.629	5.93548	35.8	60
dDocent_Contig_34929	1	451	5	209	46.3415	1.56098	36.9	60
dDocent_Contig_34931	1	368	14	321	87.2283	5.34511	36.6	60
dDocent_Contig_34933	1	426	10	351	82.3944	3.19014	36.3	60
dDocent_Contig_34934	1	416	23	397	95.4327	7.92067	36.3	59
dDocent_Contig_34938	1	470	23	393	83.617	7.1234	35.9	60
dDocent_Contig_34944	1	357	87	357	100	35.2997	36.1	60
dDocent_Contig_34947	1	364	25	341	93.6813	10.2857	35.9	60
dDocent_Contig_34956	1	306	25	305	99.6732	12.0621	36.1	60
dDocent_Contig_34964	1	404	701	393	97.2772	234.906	35.9	59.9
dDocent_Contig_34966	1	453	7	226	49.8896	2.09272	36.1	60
dDocent_Contig_34967	1	391	10	355	90.7928	3.72379	35.6	60
dDocent_Contig_34972	1	307	52	306	99.6743	23.202	35.6	59
dDocent_Contig_34985	1	376	32	332	88.2979	11.8989	36.2	60
dDocent_Contig_34986	1	342	34	340	99.4152	14.2953	35.5	60
dDocent_Contig_34988	1	368	872	364	98.913	346.81	35.4	52.9
dDocent_Contig_34989	1	398	91	397	99.7487	33.4774	36.1	60
dDocent_Contig_34991	1	310	16	288	92.9032	6.70645	36.7	60
dDocent_Contig_34993	1	417	29	399	95.6835	10.1055	35.6	60
dDocent_Contig_35008	1	450	28	443	98.4444	9.17778	35.9	60
dDocent_Contig_35010	1	321	27	316	98.4424	12.4081	36.2	60
dDocent_Contig_35018	1	369	27	343	92.9539	10.7588	34.4	60
dDocent_Contig_35020	1	414	62	408	98.5507	21.9275	36	60
dDocent_Contig_35023	1	486	24	291	59.8765	7.12757	36.2	60
dDocent_Contig_35026	1	429	17	288	67.1329	5.60839	36	57.5
dDocent_Contig_35031	1	421	24	355	84.323	8.38955	35.5	60
dDocent_Contig_35033	1	378	19	314	83.0688	7.48677	34.9	60
dDocent_Contig_35036	1	324	31	324	100	13.9506	36.2	57.9
dDocent_Contig_35037	1	391	5	261	66.7519	1.91816	36.5	60
dDocent_Contig_35038	1	387	2	154	39.7933	0.728682	36.7	60
dDocent_Contig_35041	1	369	40	367	99.458	15.9106	36.3	60
dDocent_Contig_35046	1	248	19	246	99.1935	10.0968	34.9	60
dDocent_Contig_35050	1	398	2	162	40.7035	0.751256	36.9	60
dDocent_Contig_35052	1	376	26	318	84.5745	9.52128	36.1	60
dDocent_Contig_35070	1	386	2	156	40.4145	0.722798	37	51.5
dDocent_Contig_35072	1	467	8	206	44.1113	2.49036	35.9	60
dDocent_Contig_35078	1	423	38	330	78.0142	12.4586	36.5	60
dDocent_Contig_35080	1	378	9	211	55.8201	3.40476	35.9	60
dDocent_Contig_35081	1	436	87	435	99.7706	28.0963	36.1	58.8
dDocent_Contig_35088	1	333	15	271	81.3814	6.59159	35.7	60
dDocent_Contig_35089	1	314	39	312	99.3631	18.1115	36	60
dDocent_Contig_35096	1	404	20	403	99.7525	6.72277	36.3	60
dDocent_Contig_35099	1	402	273	402	100	98.092	35.9	60
dDocent_Contig_35108	1	393	9	321	81.6794	3.30789	36.3	60
dDocent_Contig_35109	1	371	40	366	98.6523	14.9569	36.1	60
dDocent_Contig_35116	1	276	4	198	71.7391	2.11957	34.5	60
dDocent_Contig_35117	1	347	5	250	72.0461	2.16138	36.8	60
dDocent_Contig_35127	1	398	50	330	82.9146	17.9121	36.1	60
dDocent_Contig_35128	1	336	34	328	97.619	14.5298	36	60
dDocent_Contig_35138	1	333	73	307	92.1922	29.5616	35	59.2
dDocent_Contig_35140	1	397	10	364	91.6877	3.31738	36.6	60
dDocent_Contig_35157	1	342	79	341	99.7076	30.3099	36.1	52.7
dDocent_Contig_35160	1	279	11	278	99.6416	5.83871	36.3	60
dDocent_Contig_35163	1	418	17	313	74.8804	5.67464	35.7	57.2
dDocent_Contig_35169	1	318	3	211	66.3522	1.39937	36.2	60
dDocent_Contig_35174	1	396	21	352	88.8889	7.36111	36.6	60
dDocent_Contig_35184	1	385	26	302	78.4416	9.48312	36.5	60
dDocent_Contig_35190	1	440	29	374	85	9.46591	36	60
dDocent_Contig_35191	1	366	23	336	91.8033	9.14481	35.5	60
dDocent_Contig_35192	1	388	6	327	84.2784	2.12887	34.3	60
dDocent_Contig_35203	1	439	25	275	62.6424	7.87699	35.9	60
dDocent_Contig_35209	1	389	19	257	66.0668	7.01285	35.6	60
dDocent_Contig_35217	1	355	43	355	100	17.6254	35.8	60
dDocent_Contig_35223	1	433	9	217	50.1155	3.03926	36.7	60
dDocent_Contig_35226	1	363	4	272	74.9311	1.39118	35.6	60
dDocent_Contig_35228	1	419	35	325	77.5656	11.957	35	60
dDocent_Contig_35233	1	514	1	139	27.0428	0.270428	36.9	60
dDocent_Contig_35240	1	295	4	186	63.0508	2	36.7	60
dDocent_Contig_35244	1	395	19	353	89.3671	7.0557	36.6	60
dDocent_Contig_35249	1	366	14	217	59.2896	5.18306	36.4	60
dDocent_Contig_35255	1	467	220	447	95.7173	68.1092	35.8	60
dDocent_Contig_35256	1	394	35	392	99.4924	12.4873	36.3	60
dDocent_Contig_35257	1	372	31	292	78.4946	11.9274	35.9	60
dDocent_Contig_35260	1	363	39	328	90.3581	15.9036	35.3	60
dDocent_Contig_35266	1	344	15	230	66.8605	6.14826	36	60
dDocent_Contig_35268	1	362	34	322	88.9503	13.4669	35.9	60
dDocent_Contig_35287	1	360	37	344	95.5556	15.2056	36	60
dDocent_Contig_35290	1	388	36	387	99.7423	13.4433	36	60
dDocent_Contig_35296	1	294	25	293	99.6599	11.9422	35.8	60
dDocent_Contig_35299	1	409	6	178	43.5208	2.02934	34.4	60
dDocent_Contig_35304	1	412	5	228	55.3398	1.66748	36.2	60
dDocent_Contig_35319	1	352	32	339	96.3068	11.1676	36.3	57.4
dDocent_Contig_35320	1	333	6	216	64.8649	2.64264	36.5	60
dDocent_Contig_35328	1	368	15	342	92.9348	5.375	35.8	60
dDocent_Contig_35332	1	393	23	391	99.4911	8.6285	35.7	60
dDocent_Contig_35333	1	298	5	158	53.0201	2.39933	36.2	60
dDocent_Contig_35336	1	317	38	311	98.1073	17.4069	36.2	60
dDocent_Contig_35337	1	367	6	337	91.8256	2.3733	36.7	60
dDocent_Contig_35344	1	314	37	302	96.1783	17.172	35.5	60
dDocent_Contig_35346	1	372	40	328	88.172	15.6317	36.5	60
dDocent_Contig_35375	1	381	16	220	57.7428	5.61155	36.2	60
dDocent_Contig_35380	1	326	57	324	99.3865	25.0828	36.3	60
dDocent_Contig_35381	1	378	44	327	86.5079	15.9656	36	54.5
dDocent_Contig_35385	1	433	88	428	98.8453	29.6166	36.5	60
dDocent_Contig_35387	1	383	42	371	96.8668	15.953	36	60
dDocent_Contig_35391	1	257	14	219	85.214	7.70817	36.5	60
dDocent_Contig_35422	1	376	15	313	83.2447	5.6516	36.4	60
dDocent_Contig_35426	1	327	15	313	95.7187	6.35168	36.5	60
dDocent_Contig_35434	1	391	14	172	43.9898	4.93862	36	60
dDocent_Contig_35439	1	340	15	145	42.6471	5.28529	36.7	60
dDocent_Contig_35441	1	380	53	371	97.6316	19.7579	35.7	45
dDocent_Contig_35442	1	346	44	344	99.422	18.8266	35.9	60
dDocent_Contig_35444	1	367	21	222	60.4905	7.62943	36.5	60
dDocent_Contig_35446	1	415	17	293	70.6024	5.9759	35.9	60
dDocent_Contig_35448	1	303	15	207	68.3168	6.88449	36.8	60
dDocent_Contig_35449	1	390	52	329	84.359	18.9462	36	60
dDocent_Contig_35458	1	376	15	336	89.3617	5.57447	36.7	60
dDocent_Contig_35459	1	293	217	293	100	105.679	35.9	60
dDocent_Contig_35465	1	454	50	427	94.0529	15.5286	36.2	60
dDocent_Contig_35468	1	367	12	198	53.951	4.64305	36	60
dDocent_Contig_35474	1	258	42	256	99.2248	22.9922	35.9	60
dDocent_Contig_35483	1	312	23	266	85.2564	10.0801	35.5	60
dDocent_Contig_35491	1	440	17	327	74.3182	5.57727	36.5	60
dDocent_Contig_35492	1	390	28	388	99.4872	10.1795	36.1	60
dDocent_Contig_35494	1	442	38	406	91.8552	12.6538	35.8	60
dDocent_Contig_35499	1	357	5	186	52.1008	2.0084	36.6	60
dDocent_Contig_35501	1	395	93	387	97.9747	33.8886	35.3	60
dDocent_Contig_35511	1	410	3	165	40.2439	1.09756	34.8	60
dDocent_Contig_35512	1	436	11	247	56.6514	3.43119	35.7	60
dDocent_Contig_35518	1	434	140	420	96.7742	47.2281	36	60
dDocent_Contig_35521	1	283	5	266	93.9929	2.48763	36.3	60
dDocent_Contig_35530	1	381	8	252	66.1417	2.81102	35.6	60
dDocent_Contig_35535	1	299	1	146	48.8294	0.488294	36.8	60
dDocent_Contig_35542	1	445	21	381	85.618	6.57303	36.4	60
dDocent_Contig_35543	1	387	45	363	93.7984	16.0026	36.3	60
dDocent_Contig_35546	1	322	1	73	22.6708	0.226708	28.8	60
dDocent_Contig_35551	1	367	36	367	100	14.4005	36	60
dDocent_Contig_35553	1	330	35	323	97.8788	15.3333	35.9	60
dDocent_Contig_35567	1	249	4	216	86.747	2.30522	34.6	60
dDocent_Contig_35573	1	408	36	369	90.4412	12.9559	35.4	60
dDocent_Contig_35577	1	393	8	291	74.0458	2.81679	36.1	60
dDocent_Contig_35578	1	300	21	198	66	10.41	36.3	60
dDocent_Contig_35584	1	374	15	330	88.2353	6.00535	36.5	60
dDocent_Contig_35586	1	287	11	287	100	5.37979	36.2	60
dDocent_Contig_35587	1	359	18	314	87.4652	6.91086	36.6	60
dDocent_Contig_35590	1	400	55	319	79.75	20.0275	35.9	60
dDocent_Contig_35598	1	446	22	349	78.2511	6.73991	35.6	60
dDocent_Contig_35600	1	414	22	390	94.2029	7.70048	35.7	60
dDocent_Contig_35601	1	383	31	298	77.8068	11.1175	36.2	60
dDocent_Contig_35603	1	446	27	438	98.2063	8.20404	36.4	60
dDocent_Contig_35604	1	325	38	320	98.4615	16.0277	35.6	60
dDocent_Contig_35607	1	380	44	345	90.7895	16.1105	35.8	60
dDocent_Contig_35613	1	327	79	310	94.8012	33.945	36	59.3
dDocent_Contig_35617	1	430	17	429	99.7674	5.26279	36.6	60
dDocent_Contig_35618	1	390	20	373	95.641	7.15385	36.7	60
dDocent_Contig_35625	1	338	44	323	95.5621	19.3817	36.1	60
dDocent_Contig_35634	1	439	8	223	50.7973	2.69248	36.6	53.5
dDocent_Contig_35636	1	393	21	300	76.3359	7.25191	36.2	60
dDocent_Contig_35640	1	289	60	288	99.654	29.8616	35.3	60
dDocent_Contig_35641	1	431	9	328	76.1021	2.93968	35.4	60
dDocent_Contig_35642	1	350	26	313	89.4286	10.4371	36.3	60
dDocent_Contig_35643	1	271	11	204	75.2768	5.39852	36.5	60
dDocent_Contig_35644	1	396	5	290	73.2323	1.71212	34.6	60
dDocent_Contig_35647	1	356	66	341	95.7865	26.9045	36.1	60
dDocent_Contig_35650	1	420	2	161	38.3333	0.640476	36.9	60
dDocent_Contig_35652	1	396	42	395	99.7475	15.4217	36.1	60
dDocent_Contig_35657	1	368	27	258	70.1087	10.5598	35.8	60
dDocent_Contig_35658	1	377	38	362	96.0212	14.7135	36.1	60
dDocent_Contig_35660	1	385	47	377	97.9221	17.7221	35.3	60
dDocent_Contig_35661	1	354	49	353	99.7175	20.2486	35.9	60
dDocent_Contig_35663	1	352	1	139	39.4886	0.394886	36.9	60
dDocent_Contig_35668	1	302	57	302	100	25.8642	35.5	58.5
dDocent_Contig_35669	1	326	10	140	42.9448	4.07362	36.8	44.4
dDocent_Contig_35673	1	324	7	228	70.3704	2.94136	36.4	60
dDocent_Contig_35678	1	274	60	272	99.2701	31.8869	36.1	60
dDocent_Contig_35681	1	377	54	339	89.9204	20.6684	36.1	60
dDocent_Contig_35682	1	426	26	302	70.892	8.75587	36.5	60
dDocent_Contig_35684	1	345	43	249	72.1739	17.487	35.5	60
dDocent_Contig_35699	1	495	71	443	89.4949	20.6141	35.4	60
dDocent_Contig_35700	1	404	13	348	86.1386	4.45792	36.3	60
dDocent_Contig_35703	1	368	17	259	70.3804	6.87772	35.4	60
dDocent_Contig_35704	1	419	28	377	89.9761	9.36754	35.8	39.8
dDocent_Contig_35705	1	374	42	372	99.4652	16.5374	35.7	60
dDocent_Contig_35710	1	358	107	357	99.7207	43.1201	36.3	60
dDocent_Contig_35711	1	407	32	307	75.43	11.5405	36.4	60
dDocent_Contig_35712	1	385	34	374	97.1429	12.8104	36	60
dDocent_Contig_35728	1	379	20	343	90.5013	7.8496	35.9	60
dDocent_Contig_35733	1	360	26	233	64.7222	10.5472	34.9	60
dDocent_Contig_35738	1	303	13	262	86.4686	6.0231	36.3	60
dDocent_Contig_35744	1	396	17	302	76.2626	6.30303	36.3	60
dDocent_Contig_35746	1	379	13	361	95.2507	5.0686	36.4	60
dDocent_Contig_35750	1	494	20	463	93.7247	5.79757	36	60
dDocent_Contig_35758	1	246	20	244	99.187	10.9715	35.9	60
dDocent_Contig_35762	1	460	41	352	76.5217	12.7391	35.5	60
dDocent_Contig_35767	1	406	20	404	99.5074	7.26355	36.1	60
dDocent_Contig_35768	1	400	58	311	77.75	21.215	36.1	60
dDocent_Contig_35769	1	400	5	166	41.5	1.6125	36.2	60
dDocent_Contig_35776	1	363	14	317	87.3278	5.53719	36.3	60
dDocent_Contig_35784	1	400	45	321	80.25	16.6	36	60
dDocent_Contig_35800	1	385	27	380	98.7013	10.4649	36.4	60
dDocent_Contig_35802	1	445	2	102	22.9213	0.458427	36.9	60
dDocent_Contig_35803	1	351	3	263	74.9288	1.17664	35.8	60
dDocent_Contig_35806	1	480	44	386	80.4167	12.9646	35.5	60
dDocent_Contig_35813	1	396	49	350	88.3838	18.2828	36	60
dDocent_Contig_35817	1	376	22	312	82.9787	8.21543	35.8	60
dDocent_Contig_35819	1	442	12	314	71.0407	3.91176	36.7	60
dDocent_Contig_35826	1	334	27	333	99.7006	11.4671	36.2	60
dDocent_Contig_35827	1	394	22	379	96.1929	7.95178	36.2	60
dDocent_Contig_35829	1	331	170	319	96.3746	69.2931	35.3	53.5
dDocent_Contig_35830	1	395	116	356	90.1266	40.8608	35.4	60
dDocent_Contig_35837	1	387	16	333	86.0465	6.09044	35.8	60
dDocent_Contig_35846	1	362	48	331	91.4365	18.8923	35.9	60
dDocent_Contig_35847	1	465	20	292	62.7957	6.2129	36	60
dDocent_Contig_35849	1	330	16	291	88.1818	6.77273	36.3	60
dDocent_Contig_35850	1	340	32	338	99.4118	13.3441	36.4	60
dDocent_Contig_35851	1	243	7	224	92.1811	3.88889	35.6	60
dDocent_Contig_35856	1	291	18	237	81.4433	8.80069	36.4	60
dDocent_Contig_35867	1	353	39	350	99.1501	15.6941	35.9	60
dDocent_Contig_35872	1	358	3	206	57.5419	1.14804	36.6	60
dDocent_Contig_35875	1	442	11	327	73.9819	3.20136	36.1	59.6
dDocent_Contig_35886	1	371	27	353	95.1482	10.2291	36	60
dDocent_Contig_35896	1	396	29	320	80.8081	10.3106	35.3	60
dDocent_Contig_35897	1	359	31	322	89.6936	12.4234	36	60
dDocent_Contig_35900	1	279	8	217	77.7778	4.17204	35.5	60
dDocent_Contig_35901	1	376	47	353	93.883	18.2846	36.1	60
dDocent_Contig_35907	1	272	39	196	72.0588	19.8309	35.8	60
dDocent_Contig_35908	1	360	34	337	93.6111	13.9056	36.7	60
dDocent_Contig_35909	1	388	29	311	80.1546	10.0052	35.8	60
dDocent_Contig_35911	1	474	13	353	74.4726	4.09072	35.5	60
dDocent_Contig_35912	1	295	28	294	99.661	13.8746	35.7	60
dDocent_Contig_35913	1	355	150	353	99.4366	62.4056	36.1	60
dDocent_Contig_35914	1	376	27	339	90.1596	9.73138	36.6	55.6
dDocent_Contig_35915	1	474	38	379	79.9578	11.808	36.1	60
dDocent_Contig_35924	1	310	7	251	80.9677	3.29032	35.8	60
dDocent_Contig_35926	1	262	38	260	99.2366	21.2824	36.3	60
dDocent_Contig_35927	1	341	37	321	94.1349	16.0176	35.7	60
dDocent_Contig_35938	1	382	51	351	91.8848	18.5	35.7	60
dDocent_Contig_35940	1	272	6	196	72.0588	3.27941	36.6	60
dDocent_Contig_35941	1	355	11	354	99.7183	4.21127	36.1	60
dDocent_Contig_35942	1	443	32	413	93.228	10.2867	35.9	60
dDocent_Contig_35945	1	393	11	169	43.0025	4.09415	36.5	60
dDocent_Contig_35946	1	250	12	249	99.6	7.184	36.5	60
dDocent_Contig_35951	1	298	289	296	99.3289	135.497	35.7	59.7
dDocent_Contig_35953	1	382	4	284	74.3455	1.57068	36.6	60
dDocent_Contig_35957	1	455	142	454	99.7802	45.1363	36	60
dDocent_Contig_35958	1	329	25	257	78.1155	10.5836	36.8	60
dDocent_Contig_35961	1	326	213	320	98.1595	93.4908	34.8	60
dDocent_Contig_35963	1	373	8	254	68.0965	3.16622	35.7	60
dDocent_Contig_35972	1	430	21	317	73.7209	6.85349	35.9	60
dDocent_Contig_35973	1	395	21	302	76.4557	7.84557	35.4	60
dDocent_Contig_35975	1	280	51	257	91.7857	25.525	35.7	60
dDocent_Contig_35976	1	474	35	405	85.443	11.0063	35.9	60
dDocent_Contig_35977	1	429	4	286	66.6667	1.3007	35	60
dDocent_Contig_35978	1	287	50	274	95.4704	25.4216	35.6	60
dDocent_Contig_35995	1	386	7	186	48.1865	2.56995	35.5	60
dDocent_Contig_35997	1	377	20	310	82.2281	7.67109	36.3	60
dDocent_Contig_35999	1	312	8	238	76.2821	3.80128	36.5	60
dDocent_Contig_36000	1	398	27	368	92.4623	9.05276	35.7	60
dDocent_Contig_36003	1	260	5	240	92.3077	2.80385	36.9	52
dDocent_Contig_36004	1	323	13	267	82.6625	5.36842	36.2	60
dDocent_Contig_36014	1	376	30	297	78.9894	11.3617	36.2	60
dDocent_Contig_36015	1	330	38	276	83.6364	16.397	36.3	59.3
dDocent_Contig_36017	1	305	32	277	90.8197	14.9148	36.4	60
dDocent_Contig_36020	1	329	32	302	91.7933	14.0395	35.7	60
dDocent_Contig_36021	1	366	13	251	68.5792	5.19126	36.1	60
dDocent_Contig_36024	1	375	26	292	77.8667	9.47467	35.6	58.7
dDocent_Contig_36025	1	368	12	287	77.9891	4.84239	36.5	60
dDocent_Contig_36026	1	300	6	293	97.6667	2.85667	35.7	60
dDocent_Contig_36027	1	369	4	324	87.8049	1.48509	35.8	60
dDocent_Contig_36029	1	304	47	303	99.6711	21.9276	35.8	60
dDocent_Contig_36032	1	281	12	202	71.8861	6.23488	35.5	60
dDocent_Contig_36033	1	411	10	307	74.6959	3.33577	35.5	60
dDocent_Contig_36037	1	477	7	342	71.6981	2.10063	36.7	60
dDocent_Contig_36040	1	353	9	226	64.0227	3.76204	35.7	60
dDocent_Contig_36041	1	283	38	271	95.7597	18.9717	36	59.8
dDocent_Contig_36047	1	429	5	319	74.359	1.74825	36.6	60
dDocent_Contig_36052	1	322	6	223	69.2547	2.7236	36.8	60
dDocent_Contig_36053	1	266	31	264	99.2481	16.4286	36.1	60
dDocent_Contig_36059	1	403	2	137	33.995	0.511166	35.6	60
dDocent_Contig_36060	1	322	8	308	95.6522	3.46273	36.6	60
dDocent_Contig_36063	1	338	20	292	86.3905	8.7426	36.3	60
dDocent_Contig_36064	1	256	18	254	99.2188	9.75391	35.7	60
dDocent_Contig_36066	1	336	46	318	94.6429	19.8631	35.9	60
dDocent_Contig_36069	1	348	40	343	98.5632	16.0805	35.9	60
dDocent_Contig_36070	1	274	65	272	99.2701	30.365	35.6	60
dDocent_Contig_36071	1	483	42	387	80.1242	11.8571	36.2	60
dDocent_Contig_1300	1	438	0	0	0	0	0	0
dDocent_Contig_1426	1	384	0	0	0	0	0	0
dDocent_Contig_1428	1	402	0	0	0	0	0	0
dDocent_Contig_1536	1	373	0	0	0	0	0	0
dDocent_Contig_1813	1	363	0	0	0	0	0	0
dDocent_Contig_1905	1	398	0	0	0	0	0	0
dDocent_Contig_1953	1	397	0	0	0	0	0	0
dDocent_Contig_1972	1	398	0	0	0	0	0	0
dDocent_Contig_2092	1	399	0	0	0	0	0	0
dDocent_Contig_2273	1	414	0	0	0	0	0	0
dDocent_Contig_2510	1	488	0	0	0	0	0	0
dDocent_Contig_2698	1	419	0	0	0	0	0	0
dDocent_Contig_2949	1	337	0	0	0	0	0	0
dDocent_Contig_3011	1	463	0	0	0	0	0	0
dDocent_Contig_3094	1	445	0	0	0	0	0	0
dDocent_Contig_3166	1	416	0	0	0	0	0	0
dDocent_Contig_3467	1	322	0	0	0	0	0	0
dDocent_Contig_3481	1	397	0	0	0	0	0	0
dDocent_Contig_3518	1	335	0	0	0	0	0	0
dDocent_Contig_3575	1	459	0	0	0	0	0	0
dDocent_Contig_3995	1	437	0	0	0	0	0	0
dDocent_Contig_4496	1	394	0	0	0	0	0	0
dDocent_Contig_4686	1	411	0	0	0	0	0	0
dDocent_Contig_5112	1	465	0	0	0	0	0	0
dDocent_Contig_5338	1	426	0	0	0	0	0	0
dDocent_Contig_5379	1	416	0	0	0	0	0	0
dDocent_Contig_5529	1	391	0	0	0	0	0	0
dDocent_Contig_5581	1	403	0	0	0	0	0	0
dDocent_Contig_5866	1	433	0	0	0	0	0	0
dDocent_Contig_5916	1	488	0	0	0	0	0	0
dDocent_Contig_5973	1	398	0	0	0	0	0	0
dDocent_Contig_6116	1	443	0	0	0	0	0	0
dDocent_Contig_6393	1	365	0	0	0	0	0	0
dDocent_Contig_6418	1	396	0	0	0	0	0	0
dDocent_Contig_6503	1	490	0	0	0	0	0	0
dDocent_Contig_6615	1	401	0	0	0	0	0	0
dDocent_Contig_6700	1	421	0	0	0	0	0	0
dDocent_Contig_6734	1	360	0	0	0	0	0	0
dDocent_Contig_6742	1	413	0	0	0	0	0	0
dDocent_Contig_6792	1	386	0	0	0	0	0	0
dDocent_Contig_6883	1	387	0	0	0	0	0	0
dDocent_Contig_6983	1	397	0	0	0	0	0	0
dDocent_Contig_7364	1	465	0	0	0	0	0	0
dDocent_Contig_7746	1	400	0	0	0	0	0	0
dDocent_Contig_7891	1	492	0	0	0	0	0	0
dDocent_Contig_7900	1	435	0	0	0	0	0	0
dDocent_Contig_7962	1	404	0	0	0	0	0	0
dDocent_Contig_8025	1	423	0	0	0	0	0	0
dDocent_Contig_8139	1	382	0	0	0	0	0	0
dDocent_Contig_8186	1	365	0	0	0	0	0	0
dDocent_Contig_8248	1	416	0	0	0	0	0	0
dDocent_Contig_8379	1	403	0	0	0	0	0	0
dDocent_Contig_8565	1	379	0	0	0	0	0	0
dDocent_Contig_8683	1	370	0	0	0	0	0	0
dDocent_Contig_8741	1	430	0	0	0	0	0	0
dDocent_Contig_8812	1	413	0	0	0	0	0	0
dDocent_Contig_9135	1	395	0	0	0	0	0	0
dDocent_Contig_9328	1	453	0	0	0	0	0	0
dDocent_Contig_9414	1	362	0	0	0	0	0	0
dDocent_Contig_9527	1	378	0	0	0	0	0	0
dDocent_Contig_9565	1	441	0	0	0	0	0	0
dDocent_Contig_9576	1	334	0	0	0	0	0	0
dDocent_Contig_9617	1	377	0	0	0	0	0	0
dDocent_Contig_9674	1	437	0	0	0	0	0	0
dDocent_Contig_9705	1	364	0	0	0	0	0	0
dDocent_Contig_10012	1	303	0	0	0	0	0	0
dDocent_Contig_10040	1	509	0	0	0	0	0	0
dDocent_Contig_10081	1	392	0	0	0	0	0	0
dDocent_Contig_10235	1	367	0	0	0	0	0	0
dDocent_Contig_10262	1	431	0	0	0	0	0	0
dDocent_Contig_10930	1	405	0	0	0	0	0	0
dDocent_Contig_11108	1	342	0	0	0	0	0	0
dDocent_Contig_11206	1	397	0	0	0	0	0	0
dDocent_Contig_11219	1	405	0	0	0	0	0	0
dDocent_Contig_11265	1	368	0	0	0	0	0	0
dDocent_Contig_11306	1	329	0	0	0	0	0	0
dDocent_Contig_11367	1	314	0	0	0	0	0	0
dDocent_Contig_11503	1	383	0	0	0	0	0	0
dDocent_Contig_11683	1	368	0	0	0	0	0	0
dDocent_Contig_11687	1	410	0	0	0	0	0	0
dDocent_Contig_11833	1	396	0	0	0	0	0	0
dDocent_Contig_11884	1	404	0	0	0	0	0	0
dDocent_Contig_11955	1	503	0	0	0	0	0	0
dDocent_Contig_12034	1	385	0	0	0	0	0	0
dDocent_Contig_12089	1	353	0	0	0	0	0	0
dDocent_Contig_12114	1	398	0	0	0	0	0	0
dDocent_Contig_12317	1	345	0	0	0	0	0	0
dDocent_Contig_12466	1	370	0	0	0	0	0	0
dDocent_Contig_12592	1	448	0	0	0	0	0	0
dDocent_Contig_12609	1	385	0	0	0	0	0	0
dDocent_Contig_12688	1	403	0	0	0	0	0	0
dDocent_Contig_12914	1	398	0	0	0	0	0	0
dDocent_Contig_12960	1	453	0	0	0	0	0	0
dDocent_Contig_13235	1	417	0	0	0	0	0	0
dDocent_Contig_13273	1	367	0	0	0	0	0	0
dDocent_Contig_13335	1	393	0	0	0	0	0	0
dDocent_Contig_13353	1	466	0	0	0	0	0	0
dDocent_Contig_13862	1	380	0	0	0	0	0	0
dDocent_Contig_13932	1	484	0	0	0	0	0	0
dDocent_Contig_14026	1	494	0	0	0	0	0	0
dDocent_Contig_14058	1	508	0	0	0	0	0	0
dDocent_Contig_14188	1	381	0	0	0	0	0	0
dDocent_Contig_14332	1	445	0	0	0	0	0	0
dDocent_Contig_14496	1	390	0	0	0	0	0	0
dDocent_Contig_14706	1	389	0	0	0	0	0	0
dDocent_Contig_14758	1	371	0	0	0	0	0	0
dDocent_Contig_14854	1	386	0	0	0	0	0	0
dDocent_Contig_14885	1	390	0	0	0	0	0	0
dDocent_Contig_14906	1	392	0	0	0	0	0	0
dDocent_Contig_14975	1	440	0	0	0	0	0	0
dDocent_Contig_15031	1	476	0	0	0	0	0	0
dDocent_Contig_15051	1	381	0	0	0	0	0	0
dDocent_Contig_15106	1	461	0	0	0	0	0	0
dDocent_Contig_15347	1	374	0	0	0	0	0	0
dDocent_Contig_15891	1	436	0	0	0	0	0	0
dDocent_Contig_15978	1	349	0	0	0	0	0	0
dDocent_Contig_16270	1	406	0	0	0	0	0	0
dDocent_Contig_16475	1	395	0	0	0	0	0	0
dDocent_Contig_16841	1	375	0	0	0	0	0	0
dDocent_Contig_16951	1	485	0	0	0	0	0	0
dDocent_Contig_17015	1	361	0	0	0	0	0	0
dDocent_Contig_17386	1	334	0	0	0	0	0	0
dDocent_Contig_17517	1	307	0	0	0	0	0	0
dDocent_Contig_17687	1	437	0	0	0	0	0	0
dDocent_Contig_17702	1	406	0	0	0	0	0	0
dDocent_Contig_17811	1	358	0	0	0	0	0	0
dDocent_Contig_17825	1	479	0	0	0	0	0	0
dDocent_Contig_17828	1	433	0	0	0	0	0	0
dDocent_Contig_17868	1	477	0	0	0	0	0	0
dDocent_Contig_17915	1	427	0	0	0	0	0	0
dDocent_Contig_17961	1	493	0	0	0	0	0	0
dDocent_Contig_18032	1	458	0	0	0	0	0	0
dDocent_Contig_18044	1	402	0	0	0	0	0	0
dDocent_Contig_18078	1	421	0	0	0	0	0	0
dDocent_Contig_18449	1	376	0	0	0	0	0	0
dDocent_Contig_18856	1	464	0	0	0	0	0	0
dDocent_Contig_18984	1	387	0	0	0	0	0	0
dDocent_Contig_19265	1	446	0	0	0	0	0	0
dDocent_Contig_19275	1	466	0	0	0	0	0	0
dDocent_Contig_19785	1	452	0	0	0	0	0	0
dDocent_Contig_19951	1	481	0	0	0	0	0	0
dDocent_Contig_20289	1	436	0	0	0	0	0	0
dDocent_Contig_20384	1	417	0	0	0	0	0	0
dDocent_Contig_20470	1	363	0	0	0	0	0	0
dDocent_Contig_20516	1	393	0	0	0	0	0	0
dDocent_Contig_20529	1	418	0	0	0	0	0	0
dDocent_Contig_20628	1	398	0	0	0	0	0	0
dDocent_Contig_20672	1	488	0	0	0	0	0	0
dDocent_Contig_20721	1	423	0	0	0	0	0	0
dDocent_Contig_20811	1	353	0	0	0	0	0	0
dDocent_Contig_20919	1	513	0	0	0	0	0	0
dDocent_Contig_20993	1	441	0	0	0	0	0	0
dDocent_Contig_21105	1	426	0	0	0	0	0	0
dDocent_Contig_21640	1	502	0	0	0	0	0	0
dDocent_Contig_21678	1	473	0	0	0	0	0	0
dDocent_Contig_21748	1	325	0	0	0	0	0	0
dDocent_Contig_21823	1	423	0	0	0	0	0	0
dDocent_Contig_21862	1	375	0	0	0	0	0	0
dDocent_Contig_21897	1	393	0	0	0	0	0	0
dDocent_Contig_21938	1	409	0	0	0	0	0	0
dDocent_Contig_22040	1	359	0	0	0	0	0	0
dDocent_Contig_22073	1	441	0	0	0	0	0	0
dDocent_Contig_22078	1	421	0	0	0	0	0	0
dDocent_Contig_22307	1	403	0	0	0	0	0	0
dDocent_Contig_22324	1	446	0	0	0	0	0	0
dDocent_Contig_22366	1	394	0	0	0	0	0	0
dDocent_Contig_22367	1	293	0	0	0	0	0	0
dDocent_Contig_22409	1	308	0	0	0	0	0	0
dDocent_Contig_22445	1	380	0	0	0	0	0	0
dDocent_Contig_22554	1	319	0	0	0	0	0	0
dDocent_Contig_22655	1	426	0	0	0	0	0	0
dDocent_Contig_22709	1	372	0	0	0	0	0	0
dDocent_Contig_22725	1	498	0	0	0	0	0	0
dDocent_Contig_22737	1	383	0	0	0	0	0	0
dDocent_Contig_22739	1	337	0	0	0	0	0	0
dDocent_Contig_22810	1	364	0	0	0	0	0	0
dDocent_Contig_22864	1	349	0	0	0	0	0	0
dDocent_Contig_22969	1	387	0	0	0	0	0	0
dDocent_Contig_23013	1	408	0	0	0	0	0	0
dDocent_Contig_23271	1	371	0	0	0	0	0	0
dDocent_Contig_23427	1	370	0	0	0	0	0	0
dDocent_Contig_23628	1	370	0	0	0	0	0	0
dDocent_Contig_23822	1	404	0	0	0	0	0	0
dDocent_Contig_23864	1	451	0	0	0	0	0	0
dDocent_Contig_24209	1	339	0	0	0	0	0	0
dDocent_Contig_24292	1	347	0	0	0	0	0	0
dDocent_Contig_24295	1	427	0	0	0	0	0	0
dDocent_Contig_24300	1	402	0	0	0	0	0	0
dDocent_Contig_24462	1	512	0	0	0	0	0	0
dDocent_Contig_24494	1	441	0	0	0	0	0	0
dDocent_Contig_24631	1	441	0	0	0	0	0	0
dDocent_Contig_24642	1	389	0	0	0	0	0	0
dDocent_Contig_24760	1	319	0	0	0	0	0	0
dDocent_Contig_24814	1	447	0	0	0	0	0	0
dDocent_Contig_24850	1	348	0	0	0	0	0	0
dDocent_Contig_24890	1	345	0	0	0	0	0	0
dDocent_Contig_24905	1	394	0	0	0	0	0	0
dDocent_Contig_25020	1	394	0	0	0	0	0	0
dDocent_Contig_25189	1	340	0	0	0	0	0	0
dDocent_Contig_25210	1	437	0	0	0	0	0	0
dDocent_Contig_25335	1	396	0	0	0	0	0	0
dDocent_Contig_25390	1	460	0	0	0	0	0	0
dDocent_Contig_25425	1	334	0	0	0	0	0	0
dDocent_Contig_25468	1	406	0	0	0	0	0	0
dDocent_Contig_25745	1	397	0	0	0	0	0	0
dDocent_Contig_25860	1	461	0	0	0	0	0	0
dDocent_Contig_25896	1	393	0	0	0	0	0	0
dDocent_Contig_26196	1	405	0	0	0	0	0	0
dDocent_Contig_26214	1	368	0	0	0	0	0	0
dDocent_Contig_26315	1	456	0	0	0	0	0	0
dDocent_Contig_26491	1	379	0	0	0	0	0	0
dDocent_Contig_27334	1	348	0	0	0	0	0	0
dDocent_Contig_27360	1	468	0	0	0	0	0	0
dDocent_Contig_27436	1	393	0	0	0	0	0	0
dDocent_Contig_27681	1	328	0	0	0	0	0	0
dDocent_Contig_28020	1	368	0	0	0	0	0	0
dDocent_Contig_28226	1	488	0	0	0	0	0	0
dDocent_Contig_28295	1	467	0	0	0	0	0	0
dDocent_Contig_28482	1	383	0	0	0	0	0	0
dDocent_Contig_28594	1	480	0	0	0	0	0	0
dDocent_Contig_28704	1	347	0	0	0	0	0	0
dDocent_Contig_28950	1	450	0	0	0	0	0	0
dDocent_Contig_29115	1	421	0	0	0	0	0	0
dDocent_Contig_29390	1	424	0	0	0	0	0	0
dDocent_Contig_29467	1	452	0	0	0	0	0	0
dDocent_Contig_29495	1	500	0	0	0	0	0	0
dDocent_Contig_29559	1	308	0	0	0	0	0	0
dDocent_Contig_29881	1	341	0	0	0	0	0	0
dDocent_Contig_29894	1	414	0	0	0	0	0	0
dDocent_Contig_30170	1	405	0	0	0	0	0	0
dDocent_Contig_30200	1	499	0	0	0	0	0	0
dDocent_Contig_30209	1	409	0	0	0	0	0	0
dDocent_Contig_30382	1	446	0	0	0	0	0	0
dDocent_Contig_30390	1	301	0	0	0	0	0	0
dDocent_Contig_30498	1	421	0	0	0	0	0	0
dDocent_Contig_30535	1	386	0	0	0	0	0	0
dDocent_Contig_30600	1	362	0	0	0	0	0	0
dDocent_Contig_30613	1	446	0	0	0	0	0	0
dDocent_Contig_30891	1	394	0	0	0	0	0	0
dDocent_Contig_30906	1	395	0	0	0	0	0	0
dDocent_Contig_31127	1	403	0	0	0	0	0	0
dDocent_Contig_31164	1	354	0	0	0	0	0	0
dDocent_Contig_31503	1	318	0	0	0	0	0	0
dDocent_Contig_31644	1	400	0	0	0	0	0	0
dDocent_Contig_31719	1	382	0	0	0	0	0	0
dDocent_Contig_31735	1	455	0	0	0	0	0	0
dDocent_Contig_31939	1	429	0	0	0	0	0	0
dDocent_Contig_31944	1	422	0	0	0	0	0	0
dDocent_Contig_31962	1	426	0	0	0	0	0	0
dDocent_Contig_32088	1	494	0	0	0	0	0	0
dDocent_Contig_32278	1	439	0	0	0	0	0	0
dDocent_Contig_32538	1	442	0	0	0	0	0	0
dDocent_Contig_32628	1	404	0	0	0	0	0	0
dDocent_Contig_32675	1	500	0	0	0	0	0	0
dDocent_Contig_32685	1	453	0	0	0	0	0	0
dDocent_Contig_32985	1	484	0	0	0	0	0	0
dDocent_Contig_33056	1	479	0	0	0	0	0	0
dDocent_Contig_33129	1	416	0	0	0	0	0	0
dDocent_Contig_33166	1	379	0	0	0	0	0	0
dDocent_Contig_33224	1	363	0	0	0	0	0	0
dDocent_Contig_33459	1	478	0	0	0	0	0	0
dDocent_Contig_33490	1	359	0	0	0	0	0	0
dDocent_Contig_33601	1	399	0	0	0	0	0	0
dDocent_Contig_33689	1	356	0	0	0	0	0	0
dDocent_Contig_33863	1	452	0	0	0	0	0	0
dDocent_Contig_33873	1	440	0	0	0	0	0	0
dDocent_Contig_33948	1	421	0	0	0	0	0	0
dDocent_Contig_34685	1	317	0	0	0	0	0	0
dDocent_Contig_34705	1	394	0	0	0	0	0	0
dDocent_Contig_34790	1	415	0	0	0	0	0	0
dDocent_Contig_34835	1	396	0	0	0	0	0	0
dDocent_Contig_34970	1	412	0	0	0	0	0	0
dDocent_Contig_35076	1	368	0	0	0	0	0	0
dDocent_Contig_35254	1	429	0	0	0	0	0	0
dDocent_Contig_35334	1	381	0	0	0	0	0	0
dDocent_Contig_35495	1	401	0	0	0	0	0	0
dDocent_Contig_35862	1	463	0	0	0	0	0	0
dDocent_Contig_57	1	328	0	0	0	0	0	0
dDocent_Contig_60	1	307	0	0	0	0	0	0
dDocent_Contig_74	1	504	0	0	0	0	0	0
dDocent_Contig_81	1	407	0	0	0	0	0	0
dDocent_Contig_82	1	391	0	0	0	0	0	0
dDocent_Contig_184	1	466	0	0	0	0	0	0
dDocent_Contig_207	1	468	0	0	0	0	0	0
dDocent_Contig_227	1	398	0	0	0	0	0	0
dDocent_Contig_231	1	419	0	0	0	0	0	0
dDocent_Contig_242	1	411	0	0	0	0	0	0
dDocent_Contig_243	1	407	0	0	0	0	0	0
dDocent_Contig_318	1	482	0	0	0	0	0	0
dDocent_Contig_326	1	458	0	0	0	0	0	0
dDocent_Contig_444	1	384	0	0	0	0	0	0
dDocent_Contig_445	1	487	0	0	0	0	0	0
dDocent_Contig_498	1	434	0	0	0	0	0	0
dDocent_Contig_499	1	433	0	0	0	0	0	0
dDocent_Contig_501	1	472	0	0	0	0	0	0
dDocent_Contig_533	1	431	0	0	0	0	0	0
dDocent_Contig_569	1	452	0	0	0	0	0	0
dDocent_Contig_821	1	357	0	0	0	0	0	0
dDocent_Contig_828	1	504	0	0	0	0	0	0
dDocent_Contig_830	1	415	0	0	0	0	0	0
dDocent_Contig_1269	1	355	0	0	0	0	0	0
dDocent_Contig_1270	1	401	0	0	0	0	0	0
dDocent_Contig_1273	1	358	0	0	0	0	0	0
dDocent_Contig_1282	1	423	0	0	0	0	0	0
dDocent_Contig_1283	1	321	0	0	0	0	0	0
dDocent_Contig_1285	1	451	0	0	0	0	0	0
dDocent_Contig_1287	1	373	0	0	0	0	0	0
dDocent_Contig_1295	1	382	0	0	0	0	0	0
dDocent_Contig_1296	1	333	0	0	0	0	0	0
dDocent_Contig_1297	1	409	0	0	0	0	0	0
dDocent_Contig_1298	1	297	0	0	0	0	0	0
dDocent_Contig_1309	1	381	0	0	0	0	0	0
dDocent_Contig_1311	1	402	0	0	0	0	0	0
dDocent_Contig_1312	1	317	0	0	0	0	0	0
dDocent_Contig_1313	1	451	0	0	0	0	0	0
dDocent_Contig_1317	1	340	0	0	0	0	0	0
dDocent_Contig_1319	1	259	0	0	0	0	0	0
dDocent_Contig_1322	1	335	0	0	0	0	0	0
dDocent_Contig_1323	1	424	0	0	0	0	0	0
dDocent_Contig_1325	1	348	0	0	0	0	0	0
dDocent_Contig_1330	1	330	0	0	0	0	0	0
dDocent_Contig_1333	1	397	0	0	0	0	0	0
dDocent_Contig_1338	1	345	0	0	0	0	0	0
dDocent_Contig_1339	1	442	0	0	0	0	0	0
dDocent_Contig_1345	1	273	0	0	0	0	0	0
dDocent_Contig_1376	1	447	0	0	0	0	0	0
dDocent_Contig_1381	1	308	0	0	0	0	0	0
dDocent_Contig_1383	1	308	0	0	0	0	0	0
dDocent_Contig_1384	1	472	0	0	0	0	0	0
dDocent_Contig_1390	1	397	0	0	0	0	0	0
dDocent_Contig_1393	1	291	0	0	0	0	0	0
dDocent_Contig_1394	1	304	0	0	0	0	0	0
dDocent_Contig_1395	1	311	0	0	0	0	0	0
dDocent_Contig_1396	1	391	0	0	0	0	0	0
dDocent_Contig_1398	1	317	0	0	0	0	0	0
dDocent_Contig_1400	1	337	0	0	0	0	0	0
dDocent_Contig_1401	1	423	0	0	0	0	0	0
dDocent_Contig_1402	1	456	0	0	0	0	0	0
dDocent_Contig_1404	1	397	0	0	0	0	0	0
dDocent_Contig_1405	1	311	0	0	0	0	0	0
dDocent_Contig_1407	1	441	0	0	0	0	0	0
dDocent_Contig_1408	1	362	0	0	0	0	0	0
dDocent_Contig_1409	1	476	0	0	0	0	0	0
dDocent_Contig_1410	1	390	0	0	0	0	0	0
dDocent_Contig_1414	1	398	0	0	0	0	0	0
dDocent_Contig_1415	1	473	0	0	0	0	0	0
dDocent_Contig_1419	1	386	0	0	0	0	0	0
dDocent_Contig_1431	1	386	0	0	0	0	0	0
dDocent_Contig_1433	1	335	0	0	0	0	0	0
dDocent_Contig_1434	1	401	0	0	0	0	0	0
dDocent_Contig_1463	1	368	0	0	0	0	0	0
dDocent_Contig_1465	1	291	0	0	0	0	0	0
dDocent_Contig_1466	1	302	0	0	0	0	0	0
dDocent_Contig_1468	1	350	0	0	0	0	0	0
dDocent_Contig_1471	1	386	0	0	0	0	0	0
dDocent_Contig_1472	1	345	0	0	0	0	0	0
dDocent_Contig_1473	1	381	0	0	0	0	0	0
dDocent_Contig_1475	1	395	0	0	0	0	0	0
dDocent_Contig_1477	1	380	0	0	0	0	0	0
dDocent_Contig_1478	1	379	0	0	0	0	0	0
dDocent_Contig_1479	1	401	0	0	0	0	0	0
dDocent_Contig_1480	1	274	0	0	0	0	0	0
dDocent_Contig_1484	1	388	0	0	0	0	0	0
dDocent_Contig_1499	1	483	0	0	0	0	0	0
dDocent_Contig_1503	1	361	0	0	0	0	0	0
dDocent_Contig_1504	1	391	0	0	0	0	0	0
dDocent_Contig_1505	1	277	0	0	0	0	0	0
dDocent_Contig_1506	1	379	0	0	0	0	0	0
dDocent_Contig_1508	1	361	0	0	0	0	0	0
dDocent_Contig_1509	1	400	0	0	0	0	0	0
dDocent_Contig_1510	1	373	0	0	0	0	0	0
dDocent_Contig_1511	1	400	0	0	0	0	0	0
dDocent_Contig_1512	1	396	0	0	0	0	0	0
dDocent_Contig_1513	1	379	0	0	0	0	0	0
dDocent_Contig_1517	1	315	0	0	0	0	0	0
dDocent_Contig_1518	1	346	0	0	0	0	0	0
dDocent_Contig_1519	1	284	0	0	0	0	0	0
dDocent_Contig_1524	1	279	0	0	0	0	0	0
dDocent_Contig_1528	1	276	0	0	0	0	0	0
dDocent_Contig_1529	1	407	0	0	0	0	0	0
dDocent_Contig_1533	1	322	0	0	0	0	0	0
dDocent_Contig_1535	1	414	0	0	0	0	0	0
dDocent_Contig_1537	1	391	0	0	0	0	0	0
dDocent_Contig_1540	1	332	0	0	0	0	0	0
dDocent_Contig_1541	1	434	0	0	0	0	0	0
dDocent_Contig_1543	1	451	0	0	0	0	0	0
dDocent_Contig_1544	1	361	0	0	0	0	0	0
dDocent_Contig_1549	1	295	0	0	0	0	0	0
dDocent_Contig_1550	1	397	0	0	0	0	0	0
dDocent_Contig_1555	1	357	0	0	0	0	0	0
dDocent_Contig_1563	1	425	0	0	0	0	0	0
dDocent_Contig_1564	1	408	0	0	0	0	0	0
dDocent_Contig_1573	1	376	0	0	0	0	0	0
dDocent_Contig_1577	1	397	0	0	0	0	0	0
dDocent_Contig_1590	1	337	0	0	0	0	0	0
dDocent_Contig_1591	1	285	0	0	0	0	0	0
dDocent_Contig_1592	1	407	0	0	0	0	0	0
dDocent_Contig_1594	1	325	0	0	0	0	0	0
dDocent_Contig_1596	1	391	0	0	0	0	0	0
dDocent_Contig_1597	1	279	0	0	0	0	0	0
dDocent_Contig_1602	1	382	0	0	0	0	0	0
dDocent_Contig_1603	1	294	0	0	0	0	0	0
dDocent_Contig_1604	1	405	0	0	0	0	0	0
dDocent_Contig_1605	1	373	0	0	0	0	0	0
dDocent_Contig_1606	1	276	0	0	0	0	0	0
dDocent_Contig_1607	1	272	0	0	0	0	0	0
dDocent_Contig_1608	1	263	0	0	0	0	0	0
dDocent_Contig_1614	1	434	0	0	0	0	0	0
dDocent_Contig_1616	1	410	0	0	0	0	0	0
dDocent_Contig_1621	1	397	0	0	0	0	0	0
dDocent_Contig_1622	1	407	0	0	0	0	0	0
dDocent_Contig_1623	1	314	0	0	0	0	0	0
dDocent_Contig_1624	1	397	0	0	0	0	0	0
dDocent_Contig_1630	1	275	0	0	0	0	0	0
dDocent_Contig_1632	1	348	0	0	0	0	0	0
dDocent_Contig_1633	1	393	0	0	0	0	0	0
dDocent_Contig_1634	1	382	0	0	0	0	0	0
dDocent_Contig_1636	1	410	0	0	0	0	0	0
dDocent_Contig_1640	1	421	0	0	0	0	0	0
dDocent_Contig_1643	1	308	0	0	0	0	0	0
dDocent_Contig_1644	1	445	0	0	0	0	0	0
dDocent_Contig_1646	1	382	0	0	0	0	0	0
dDocent_Contig_1647	1	416	0	0	0	0	0	0
dDocent_Contig_1649	1	308	0	0	0	0	0	0
dDocent_Contig_1650	1	385	0	0	0	0	0	0
dDocent_Contig_1651	1	260	0	0	0	0	0	0
dDocent_Contig_1652	1	353	0	0	0	0	0	0
dDocent_Contig_1654	1	390	0	0	0	0	0	0
dDocent_Contig_1655	1	382	0	0	0	0	0	0
dDocent_Contig_1664	1	365	0	0	0	0	0	0
dDocent_Contig_1669	1	366	0	0	0	0	0	0
dDocent_Contig_1673	1	387	0	0	0	0	0	0
dDocent_Contig_1674	1	338	0	0	0	0	0	0
dDocent_Contig_1675	1	388	0	0	0	0	0	0
dDocent_Contig_1680	1	369	0	0	0	0	0	0
dDocent_Contig_1684	1	385	0	0	0	0	0	0
dDocent_Contig_1689	1	370	0	0	0	0	0	0
dDocent_Contig_1691	1	353	0	0	0	0	0	0
dDocent_Contig_1698	1	394	0	0	0	0	0	0
dDocent_Contig_1705	1	355	0	0	0	0	0	0
dDocent_Contig_1706	1	387	0	0	0	0	0	0
dDocent_Contig_1710	1	414	0	0	0	0	0	0
dDocent_Contig_1712	1	292	0	0	0	0	0	0
dDocent_Contig_1713	1	313	0	0	0	0	0	0
dDocent_Contig_1714	1	325	0	0	0	0	0	0
dDocent_Contig_1716	1	471	0	0	0	0	0	0
dDocent_Contig_1718	1	441	0	0	0	0	0	0
dDocent_Contig_1720	1	271	0	0	0	0	0	0
dDocent_Contig_1724	1	358	0	0	0	0	0	0
dDocent_Contig_1725	1	358	0	0	0	0	0	0
dDocent_Contig_1726	1	324	0	0	0	0	0	0
dDocent_Contig_1727	1	351	0	0	0	0	0	0
dDocent_Contig_1731	1	294	0	0	0	0	0	0
dDocent_Contig_1732	1	422	0	0	0	0	0	0
dDocent_Contig_1733	1	380	0	0	0	0	0	0
dDocent_Contig_1734	1	383	0	0	0	0	0	0
dDocent_Contig_1739	1	404	0	0	0	0	0	0
dDocent_Contig_1740	1	468	0	0	0	0	0	0
dDocent_Contig_1743	1	360	0	0	0	0	0	0
dDocent_Contig_1752	1	273	0	0	0	0	0	0
dDocent_Contig_1759	1	361	0	0	0	0	0	0
dDocent_Contig_1760	1	387	0	0	0	0	0	0
dDocent_Contig_1763	1	366	0	0	0	0	0	0
dDocent_Contig_1768	1	279	0	0	0	0	0	0
dDocent_Contig_1769	1	326	0	0	0	0	0	0
dDocent_Contig_1770	1	367	0	0	0	0	0	0
dDocent_Contig_1774	1	409	0	0	0	0	0	0
dDocent_Contig_1776	1	356	0	0	0	0	0	0
dDocent_Contig_1785	1	399	0	0	0	0	0	0
dDocent_Contig_1786	1	372	0	0	0	0	0	0
dDocent_Contig_1790	1	317	0	0	0	0	0	0
dDocent_Contig_1791	1	360	0	0	0	0	0	0
dDocent_Contig_1793	1	383	0	0	0	0	0	0
dDocent_Contig_1796	1	436	0	0	0	0	0	0
dDocent_Contig_1797	1	471	0	0	0	0	0	0
dDocent_Contig_1800	1	406	0	0	0	0	0	0
dDocent_Contig_1803	1	275	0	0	0	0	0	0
dDocent_Contig_1804	1	373	0	0	0	0	0	0
dDocent_Contig_1805	1	376	0	0	0	0	0	0
dDocent_Contig_1808	1	325	0	0	0	0	0	0
dDocent_Contig_1809	1	400	0	0	0	0	0	0
dDocent_Contig_1812	1	436	0	0	0	0	0	0
dDocent_Contig_1820	1	345	0	0	0	0	0	0
dDocent_Contig_1821	1	413	0	0	0	0	0	0
dDocent_Contig_1825	1	308	0	0	0	0	0	0
dDocent_Contig_1826	1	343	0	0	0	0	0	0
dDocent_Contig_1830	1	257	0	0	0	0	0	0
dDocent_Contig_1833	1	319	0	0	0	0	0	0
dDocent_Contig_1844	1	434	0	0	0	0	0	0
dDocent_Contig_1845	1	406	0	0	0	0	0	0
dDocent_Contig_1850	1	375	0	0	0	0	0	0
dDocent_Contig_1858	1	383	0	0	0	0	0	0
dDocent_Contig_1862	1	302	0	0	0	0	0	0
dDocent_Contig_1864	1	309	0	0	0	0	0	0
dDocent_Contig_1867	1	401	0	0	0	0	0	0
dDocent_Contig_1869	1	408	0	0	0	0	0	0
dDocent_Contig_1882	1	319	0	0	0	0	0	0
dDocent_Contig_1883	1	334	0	0	0	0	0	0
dDocent_Contig_1884	1	345	0	0	0	0	0	0
dDocent_Contig_1888	1	385	0	0	0	0	0	0
dDocent_Contig_1889	1	334	0	0	0	0	0	0
dDocent_Contig_1890	1	335	0	0	0	0	0	0
dDocent_Contig_1892	1	361	0	0	0	0	0	0
dDocent_Contig_1893	1	291	0	0	0	0	0	0
dDocent_Contig_1894	1	307	0	0	0	0	0	0
dDocent_Contig_1901	1	390	0	0	0	0	0	0
dDocent_Contig_1902	1	288	0	0	0	0	0	0
dDocent_Contig_1903	1	402	0	0	0	0	0	0
dDocent_Contig_1904	1	330	0	0	0	0	0	0
dDocent_Contig_1906	1	369	0	0	0	0	0	0
dDocent_Contig_1907	1	398	0	0	0	0	0	0
dDocent_Contig_1908	1	450	0	0	0	0	0	0
dDocent_Contig_1909	1	386	0	0	0	0	0	0
dDocent_Contig_1921	1	285	0	0	0	0	0	0
dDocent_Contig_1922	1	363	0	0	0	0	0	0
dDocent_Contig_1923	1	442	0	0	0	0	0	0
dDocent_Contig_1925	1	397	0	0	0	0	0	0
dDocent_Contig_1926	1	290	0	0	0	0	0	0
dDocent_Contig_1927	1	376	0	0	0	0	0	0
dDocent_Contig_1928	1	377	0	0	0	0	0	0
dDocent_Contig_1929	1	405	0	0	0	0	0	0
dDocent_Contig_1930	1	418	0	0	0	0	0	0
dDocent_Contig_1931	1	280	0	0	0	0	0	0
dDocent_Contig_1932	1	329	0	0	0	0	0	0
dDocent_Contig_1935	1	270	0	0	0	0	0	0
dDocent_Contig_1936	1	254	0	0	0	0	0	0
dDocent_Contig_1937	1	397	0	0	0	0	0	0
dDocent_Contig_1938	1	413	0	0	0	0	0	0
dDocent_Contig_1939	1	389	0	0	0	0	0	0
dDocent_Contig_1944	1	385	0	0	0	0	0	0
dDocent_Contig_1946	1	362	0	0	0	0	0	0
dDocent_Contig_1951	1	392	0	0	0	0	0	0
dDocent_Contig_1952	1	311	0	0	0	0	0	0
dDocent_Contig_1955	1	389	0	0	0	0	0	0
dDocent_Contig_1956	1	354	0	0	0	0	0	0
dDocent_Contig_1957	1	413	0	0	0	0	0	0
dDocent_Contig_1961	1	430	0	0	0	0	0	0
dDocent_Contig_1965	1	435	0	0	0	0	0	0
dDocent_Contig_1969	1	365	0	0	0	0	0	0
dDocent_Contig_1970	1	368	0	0	0	0	0	0
dDocent_Contig_1977	1	329	0	0	0	0	0	0
dDocent_Contig_1979	1	298	0	0	0	0	0	0
dDocent_Contig_1983	1	385	0	0	0	0	0	0
dDocent_Contig_1994	1	403	0	0	0	0	0	0
dDocent_Contig_1998	1	368	0	0	0	0	0	0
dDocent_Contig_1999	1	335	0	0	0	0	0	0
dDocent_Contig_2003	1	455	0	0	0	0	0	0
dDocent_Contig_2010	1	356	0	0	0	0	0	0
dDocent_Contig_2011	1	408	0	0	0	0	0	0
dDocent_Contig_2014	1	369	0	0	0	0	0	0
dDocent_Contig_2016	1	282	0	0	0	0	0	0
dDocent_Contig_2018	1	383	0	0	0	0	0	0
dDocent_Contig_2023	1	414	0	0	0	0	0	0
dDocent_Contig_2024	1	387	0	0	0	0	0	0
dDocent_Contig_2025	1	380	0	0	0	0	0	0
dDocent_Contig_2026	1	320	0	0	0	0	0	0
dDocent_Contig_2027	1	297	0	0	0	0	0	0
dDocent_Contig_2030	1	374	0	0	0	0	0	0
dDocent_Contig_2031	1	420	0	0	0	0	0	0
dDocent_Contig_2032	1	333	0	0	0	0	0	0
dDocent_Contig_2033	1	313	0	0	0	0	0	0
dDocent_Contig_2034	1	382	0	0	0	0	0	0
dDocent_Contig_2036	1	384	0	0	0	0	0	0
dDocent_Contig_2037	1	385	0	0	0	0	0	0
dDocent_Contig_2038	1	432	0	0	0	0	0	0
dDocent_Contig_2041	1	273	0	0	0	0	0	0
dDocent_Contig_2043	1	337	0	0	0	0	0	0
dDocent_Contig_2051	1	256	0	0	0	0	0	0
dDocent_Contig_2053	1	340	0	0	0	0	0	0
dDocent_Contig_2056	1	440	0	0	0	0	0	0
dDocent_Contig_2064	1	330	0	0	0	0	0	0
dDocent_Contig_2065	1	411	0	0	0	0	0	0
dDocent_Contig_2067	1	345	0	0	0	0	0	0
dDocent_Contig_2068	1	307	0	0	0	0	0	0
dDocent_Contig_2071	1	331	0	0	0	0	0	0
dDocent_Contig_2075	1	416	0	0	0	0	0	0
dDocent_Contig_2076	1	255	0	0	0	0	0	0
dDocent_Contig_2079	1	372	0	0	0	0	0	0
dDocent_Contig_2081	1	334	0	0	0	0	0	0
dDocent_Contig_2083	1	355	0	0	0	0	0	0
dDocent_Contig_2087	1	312	0	0	0	0	0	0
dDocent_Contig_2088	1	396	0	0	0	0	0	0
dDocent_Contig_2094	1	337	0	0	0	0	0	0
dDocent_Contig_2097	1	380	0	0	0	0	0	0
dDocent_Contig_2099	1	329	0	0	0	0	0	0
dDocent_Contig_2153	1	433	0	0	0	0	0	0
dDocent_Contig_2156	1	292	0	0	0	0	0	0
dDocent_Contig_2157	1	388	0	0	0	0	0	0
dDocent_Contig_2158	1	257	0	0	0	0	0	0
dDocent_Contig_2159	1	420	0	0	0	0	0	0
dDocent_Contig_2161	1	408	0	0	0	0	0	0
dDocent_Contig_2163	1	382	0	0	0	0	0	0
dDocent_Contig_2164	1	344	0	0	0	0	0	0
dDocent_Contig_2168	1	389	0	0	0	0	0	0
dDocent_Contig_2169	1	373	0	0	0	0	0	0
dDocent_Contig_2172	1	395	0	0	0	0	0	0
dDocent_Contig_2173	1	405	0	0	0	0	0	0
dDocent_Contig_2174	1	457	0	0	0	0	0	0
dDocent_Contig_2176	1	354	0	0	0	0	0	0
dDocent_Contig_2181	1	445	0	0	0	0	0	0
dDocent_Contig_2183	1	353	0	0	0	0	0	0
dDocent_Contig_2186	1	454	0	0	0	0	0	0
dDocent_Contig_2187	1	369	0	0	0	0	0	0
dDocent_Contig_2188	1	336	0	0	0	0	0	0
dDocent_Contig_2191	1	418	0	0	0	0	0	0
dDocent_Contig_2193	1	322	0	0	0	0	0	0
dDocent_Contig_2201	1	379	0	0	0	0	0	0
dDocent_Contig_2203	1	408	0	0	0	0	0	0
dDocent_Contig_2211	1	317	0	0	0	0	0	0
dDocent_Contig_2219	1	431	0	0	0	0	0	0
dDocent_Contig_2222	1	462	0	0	0	0	0	0
dDocent_Contig_2228	1	390	0	0	0	0	0	0
dDocent_Contig_2232	1	508	0	0	0	0	0	0
dDocent_Contig_2236	1	364	0	0	0	0	0	0
dDocent_Contig_2239	1	433	0	0	0	0	0	0
dDocent_Contig_2241	1	415	0	0	0	0	0	0
dDocent_Contig_2246	1	299	0	0	0	0	0	0
dDocent_Contig_2247	1	395	0	0	0	0	0	0
dDocent_Contig_2251	1	421	0	0	0	0	0	0
dDocent_Contig_2256	1	470	0	0	0	0	0	0
dDocent_Contig_2258	1	403	0	0	0	0	0	0
dDocent_Contig_2266	1	407	0	0	0	0	0	0
dDocent_Contig_2276	1	390	0	0	0	0	0	0
dDocent_Contig_2277	1	413	0	0	0	0	0	0
dDocent_Contig_2282	1	454	0	0	0	0	0	0
dDocent_Contig_2285	1	388	0	0	0	0	0	0
dDocent_Contig_2286	1	343	0	0	0	0	0	0
dDocent_Contig_2291	1	321	0	0	0	0	0	0
dDocent_Contig_2300	1	403	0	0	0	0	0	0
dDocent_Contig_2301	1	378	0	0	0	0	0	0
dDocent_Contig_2304	1	362	0	0	0	0	0	0
dDocent_Contig_2311	1	287	0	0	0	0	0	0
dDocent_Contig_2318	1	370	0	0	0	0	0	0
dDocent_Contig_2319	1	399	0	0	0	0	0	0
dDocent_Contig_2322	1	417	0	0	0	0	0	0
dDocent_Contig_2324	1	421	0	0	0	0	0	0
dDocent_Contig_2326	1	358	0	0	0	0	0	0
dDocent_Contig_2330	1	411	0	0	0	0	0	0
dDocent_Contig_2331	1	513	0	0	0	0	0	0
dDocent_Contig_2338	1	370	0	0	0	0	0	0
dDocent_Contig_2339	1	504	0	0	0	0	0	0
dDocent_Contig_2340	1	409	0	0	0	0	0	0
dDocent_Contig_2342	1	382	0	0	0	0	0	0
dDocent_Contig_2343	1	448	0	0	0	0	0	0
dDocent_Contig_2346	1	409	0	0	0	0	0	0
dDocent_Contig_2349	1	316	0	0	0	0	0	0
dDocent_Contig_2351	1	401	0	0	0	0	0	0
dDocent_Contig_2355	1	404	0	0	0	0	0	0
dDocent_Contig_2356	1	458	0	0	0	0	0	0
dDocent_Contig_2358	1	431	0	0	0	0	0	0
dDocent_Contig_2363	1	276	0	0	0	0	0	0
dDocent_Contig_2370	1	338	0	0	0	0	0	0
dDocent_Contig_2371	1	274	0	0	0	0	0	0
dDocent_Contig_2380	1	336	0	0	0	0	0	0
dDocent_Contig_2382	1	394	0	0	0	0	0	0
dDocent_Contig_2396	1	332	0	0	0	0	0	0
dDocent_Contig_2400	1	385	0	0	0	0	0	0
dDocent_Contig_2402	1	415	0	0	0	0	0	0
dDocent_Contig_2421	1	330	0	0	0	0	0	0
dDocent_Contig_2422	1	333	0	0	0	0	0	0
dDocent_Contig_2429	1	388	0	0	0	0	0	0
dDocent_Contig_2430	1	380	0	0	0	0	0	0
dDocent_Contig_2432	1	390	0	0	0	0	0	0
dDocent_Contig_2438	1	401	0	0	0	0	0	0
dDocent_Contig_2439	1	305	0	0	0	0	0	0
dDocent_Contig_2441	1	425	0	0	0	0	0	0
dDocent_Contig_2442	1	284	0	0	0	0	0	0
dDocent_Contig_2444	1	357	0	0	0	0	0	0
dDocent_Contig_2445	1	366	0	0	0	0	0	0
dDocent_Contig_2446	1	435	0	0	0	0	0	0
dDocent_Contig_2451	1	451	0	0	0	0	0	0
dDocent_Contig_2453	1	391	0	0	0	0	0	0
dDocent_Contig_2455	1	279	0	0	0	0	0	0
dDocent_Contig_2456	1	385	0	0	0	0	0	0
dDocent_Contig_2457	1	378	0	0	0	0	0	0
dDocent_Contig_2463	1	388	0	0	0	0	0	0
dDocent_Contig_2465	1	373	0	0	0	0	0	0
dDocent_Contig_2484	1	298	0	0	0	0	0	0
dDocent_Contig_2495	1	501	0	0	0	0	0	0
dDocent_Contig_2508	1	460	0	0	0	0	0	0
dDocent_Contig_2509	1	401	0	0	0	0	0	0
dDocent_Contig_2512	1	330	0	0	0	0	0	0
dDocent_Contig_2513	1	440	0	0	0	0	0	0
dDocent_Contig_2514	1	234	0	0	0	0	0	0
dDocent_Contig_2519	1	465	0	0	0	0	0	0
dDocent_Contig_2521	1	424	0	0	0	0	0	0
dDocent_Contig_2522	1	363	0	0	0	0	0	0
dDocent_Contig_2523	1	437	0	0	0	0	0	0
dDocent_Contig_2524	1	402	0	0	0	0	0	0
dDocent_Contig_2530	1	316	0	0	0	0	0	0
dDocent_Contig_2533	1	396	0	0	0	0	0	0
dDocent_Contig_2579	1	370	0	0	0	0	0	0
dDocent_Contig_2583	1	383	0	0	0	0	0	0
dDocent_Contig_2586	1	390	0	0	0	0	0	0
dDocent_Contig_2590	1	363	0	0	0	0	0	0
dDocent_Contig_2591	1	367	0	0	0	0	0	0
dDocent_Contig_2596	1	369	0	0	0	0	0	0
dDocent_Contig_2600	1	327	0	0	0	0	0	0
dDocent_Contig_2601	1	413	0	0	0	0	0	0
dDocent_Contig_2602	1	435	0	0	0	0	0	0
dDocent_Contig_2610	1	396	0	0	0	0	0	0
dDocent_Contig_2613	1	483	0	0	0	0	0	0
dDocent_Contig_2614	1	444	0	0	0	0	0	0
dDocent_Contig_2615	1	341	0	0	0	0	0	0
dDocent_Contig_2616	1	329	0	0	0	0	0	0
dDocent_Contig_2625	1	376	0	0	0	0	0	0
dDocent_Contig_2638	1	384	0	0	0	0	0	0
dDocent_Contig_2640	1	400	0	0	0	0	0	0
dDocent_Contig_2641	1	350	0	0	0	0	0	0
dDocent_Contig_2642	1	465	0	0	0	0	0	0
dDocent_Contig_2648	1	380	0	0	0	0	0	0
dDocent_Contig_2651	1	383	0	0	0	0	0	0
dDocent_Contig_2655	1	340	0	0	0	0	0	0
dDocent_Contig_2661	1	516	0	0	0	0	0	0
dDocent_Contig_2676	1	386	0	0	0	0	0	0
dDocent_Contig_2680	1	343	0	0	0	0	0	0
dDocent_Contig_2682	1	351	0	0	0	0	0	0
dDocent_Contig_2684	1	355	0	0	0	0	0	0
dDocent_Contig_2685	1	315	0	0	0	0	0	0
dDocent_Contig_2690	1	373	0	0	0	0	0	0
dDocent_Contig_2691	1	301	0	0	0	0	0	0
dDocent_Contig_2696	1	401	0	0	0	0	0	0
dDocent_Contig_2697	1	283	0	0	0	0	0	0
dDocent_Contig_2700	1	481	0	0	0	0	0	0
dDocent_Contig_2704	1	326	0	0	0	0	0	0
dDocent_Contig_2719	1	421	0	0	0	0	0	0
dDocent_Contig_2728	1	320	0	0	0	0	0	0
dDocent_Contig_2733	1	240	0	0	0	0	0	0
dDocent_Contig_2735	1	438	0	0	0	0	0	0
dDocent_Contig_2736	1	301	0	0	0	0	0	0
dDocent_Contig_2740	1	306	0	0	0	0	0	0
dDocent_Contig_2741	1	302	0	0	0	0	0	0
dDocent_Contig_2743	1	427	0	0	0	0	0	0
dDocent_Contig_2746	1	434	0	0	0	0	0	0
dDocent_Contig_2768	1	303	0	0	0	0	0	0
dDocent_Contig_2769	1	373	0	0	0	0	0	0
dDocent_Contig_2772	1	381	0	0	0	0	0	0
dDocent_Contig_2775	1	431	0	0	0	0	0	0
dDocent_Contig_2781	1	323	0	0	0	0	0	0
dDocent_Contig_2795	1	407	0	0	0	0	0	0
dDocent_Contig_2796	1	295	0	0	0	0	0	0
dDocent_Contig_2797	1	468	0	0	0	0	0	0
dDocent_Contig_2799	1	359	0	0	0	0	0	0
dDocent_Contig_2800	1	367	0	0	0	0	0	0
dDocent_Contig_2802	1	352	0	0	0	0	0	0
dDocent_Contig_2806	1	325	0	0	0	0	0	0
dDocent_Contig_2808	1	304	0	0	0	0	0	0
dDocent_Contig_2811	1	371	0	0	0	0	0	0
dDocent_Contig_2822	1	371	0	0	0	0	0	0
dDocent_Contig_2823	1	341	0	0	0	0	0	0
dDocent_Contig_2824	1	332	0	0	0	0	0	0
dDocent_Contig_2825	1	392	0	0	0	0	0	0
dDocent_Contig_2828	1	362	0	0	0	0	0	0
dDocent_Contig_2829	1	375	0	0	0	0	0	0
dDocent_Contig_2830	1	396	0	0	0	0	0	0
dDocent_Contig_2833	1	380	0	0	0	0	0	0
dDocent_Contig_2834	1	243	0	0	0	0	0	0
dDocent_Contig_2835	1	397	0	0	0	0	0	0
dDocent_Contig_2841	1	409	0	0	0	0	0	0
dDocent_Contig_2843	1	466	0	0	0	0	0	0
dDocent_Contig_2851	1	364	0	0	0	0	0	0
dDocent_Contig_2854	1	345	0	0	0	0	0	0
dDocent_Contig_2861	1	367	0	0	0	0	0	0
dDocent_Contig_2863	1	486	0	0	0	0	0	0
dDocent_Contig_2867	1	410	0	0	0	0	0	0
dDocent_Contig_2868	1	279	0	0	0	0	0	0
dDocent_Contig_2869	1	476	0	0	0	0	0	0
dDocent_Contig_2871	1	375	0	0	0	0	0	0
dDocent_Contig_2872	1	364	0	0	0	0	0	0
dDocent_Contig_2873	1	494	0	0	0	0	0	0
dDocent_Contig_2875	1	373	0	0	0	0	0	0
dDocent_Contig_2882	1	384	0	0	0	0	0	0
dDocent_Contig_2883	1	359	0	0	0	0	0	0
dDocent_Contig_2886	1	310	0	0	0	0	0	0
dDocent_Contig_2887	1	477	0	0	0	0	0	0
dDocent_Contig_2890	1	399	0	0	0	0	0	0
dDocent_Contig_2892	1	430	0	0	0	0	0	0
dDocent_Contig_2893	1	412	0	0	0	0	0	0
dDocent_Contig_2895	1	442	0	0	0	0	0	0
dDocent_Contig_2897	1	424	0	0	0	0	0	0
dDocent_Contig_2904	1	310	0	0	0	0	0	0
dDocent_Contig_2911	1	329	0	0	0	0	0	0
dDocent_Contig_2912	1	405	0	0	0	0	0	0
dDocent_Contig_2916	1	357	0	0	0	0	0	0
dDocent_Contig_2920	1	353	0	0	0	0	0	0
dDocent_Contig_2921	1	427	0	0	0	0	0	0
dDocent_Contig_2922	1	353	0	0	0	0	0	0
dDocent_Contig_2923	1	451	0	0	0	0	0	0
dDocent_Contig_2924	1	371	0	0	0	0	0	0
dDocent_Contig_2929	1	354	0	0	0	0	0	0
dDocent_Contig_2935	1	408	0	0	0	0	0	0
dDocent_Contig_2936	1	445	0	0	0	0	0	0
dDocent_Contig_2938	1	438	0	0	0	0	0	0
dDocent_Contig_2941	1	410	0	0	0	0	0	0
dDocent_Contig_2946	1	412	0	0	0	0	0	0
dDocent_Contig_2951	1	363	0	0	0	0	0	0
dDocent_Contig_2952	1	226	0	0	0	0	0	0
dDocent_Contig_2954	1	475	0	0	0	0	0	0
dDocent_Contig_2957	1	389	0	0	0	0	0	0
dDocent_Contig_2958	1	278	0	0	0	0	0	0
dDocent_Contig_2959	1	316	0	0	0	0	0	0
dDocent_Contig_2962	1	375	0	0	0	0	0	0
dDocent_Contig_2963	1	333	0	0	0	0	0	0
dDocent_Contig_2964	1	402	0	0	0	0	0	0
dDocent_Contig_2967	1	380	0	0	0	0	0	0
dDocent_Contig_2974	1	325	0	0	0	0	0	0
dDocent_Contig_2975	1	411	0	0	0	0	0	0
dDocent_Contig_2976	1	364	0	0	0	0	0	0
dDocent_Contig_2980	1	428	0	0	0	0	0	0
dDocent_Contig_2982	1	233	0	0	0	0	0	0
dDocent_Contig_2983	1	293	0	0	0	0	0	0
dDocent_Contig_2984	1	246	0	0	0	0	0	0
dDocent_Contig_2987	1	453	0	0	0	0	0	0
dDocent_Contig_2990	1	362	0	0	0	0	0	0
dDocent_Contig_2992	1	284	0	0	0	0	0	0
dDocent_Contig_2999	1	307	0	0	0	0	0	0
dDocent_Contig_3001	1	250	0	0	0	0	0	0
dDocent_Contig_3002	1	405	0	0	0	0	0	0
dDocent_Contig_3004	1	451	0	0	0	0	0	0
dDocent_Contig_3005	1	372	0	0	0	0	0	0
dDocent_Contig_3006	1	321	0	0	0	0	0	0
dDocent_Contig_3008	1	400	0	0	0	0	0	0
dDocent_Contig_3009	1	421	0	0	0	0	0	0
dDocent_Contig_3010	1	319	0	0	0	0	0	0
dDocent_Contig_3014	1	377	0	0	0	0	0	0
dDocent_Contig_3017	1	387	0	0	0	0	0	0
dDocent_Contig_3020	1	421	0	0	0	0	0	0
dDocent_Contig_3031	1	397	0	0	0	0	0	0
dDocent_Contig_3034	1	406	0	0	0	0	0	0
dDocent_Contig_3037	1	417	0	0	0	0	0	0
dDocent_Contig_3040	1	306	0	0	0	0	0	0
dDocent_Contig_3041	1	372	0	0	0	0	0	0
dDocent_Contig_3043	1	363	0	0	0	0	0	0
dDocent_Contig_3044	1	431	0	0	0	0	0	0
dDocent_Contig_3045	1	344	0	0	0	0	0	0
dDocent_Contig_3050	1	445	0	0	0	0	0	0
dDocent_Contig_3053	1	415	0	0	0	0	0	0
dDocent_Contig_3055	1	332	0	0	0	0	0	0
dDocent_Contig_3056	1	339	0	0	0	0	0	0
dDocent_Contig_3060	1	359	0	0	0	0	0	0
dDocent_Contig_3061	1	259	0	0	0	0	0	0
dDocent_Contig_3069	1	353	0	0	0	0	0	0
dDocent_Contig_3074	1	465	0	0	0	0	0	0
dDocent_Contig_3081	1	357	0	0	0	0	0	0
dDocent_Contig_3085	1	392	0	0	0	0	0	0
dDocent_Contig_3086	1	395	0	0	0	0	0	0
dDocent_Contig_3088	1	351	0	0	0	0	0	0
dDocent_Contig_3092	1	456	0	0	0	0	0	0
dDocent_Contig_3097	1	414	0	0	0	0	0	0
dDocent_Contig_3098	1	409	0	0	0	0	0	0
dDocent_Contig_3099	1	381	0	0	0	0	0	0
dDocent_Contig_3102	1	444	0	0	0	0	0	0
dDocent_Contig_3103	1	320	0	0	0	0	0	0
dDocent_Contig_3105	1	373	0	0	0	0	0	0
dDocent_Contig_3106	1	449	0	0	0	0	0	0
dDocent_Contig_3109	1	381	0	0	0	0	0	0
dDocent_Contig_3110	1	332	0	0	0	0	0	0
dDocent_Contig_3116	1	400	0	0	0	0	0	0
dDocent_Contig_3117	1	360	0	0	0	0	0	0
dDocent_Contig_3120	1	394	0	0	0	0	0	0
dDocent_Contig_3121	1	392	0	0	0	0	0	0
dDocent_Contig_3125	1	366	0	0	0	0	0	0
dDocent_Contig_3142	1	358	0	0	0	0	0	0
dDocent_Contig_3144	1	384	0	0	0	0	0	0
dDocent_Contig_3145	1	396	0	0	0	0	0	0
dDocent_Contig_3146	1	410	0	0	0	0	0	0
dDocent_Contig_3148	1	382	0	0	0	0	0	0
dDocent_Contig_3150	1	428	0	0	0	0	0	0
dDocent_Contig_3151	1	387	0	0	0	0	0	0
dDocent_Contig_3152	1	406	0	0	0	0	0	0
dDocent_Contig_3153	1	374	0	0	0	0	0	0
dDocent_Contig_3154	1	408	0	0	0	0	0	0
dDocent_Contig_3156	1	330	0	0	0	0	0	0
dDocent_Contig_3158	1	403	0	0	0	0	0	0
dDocent_Contig_3160	1	368	0	0	0	0	0	0
dDocent_Contig_3173	1	390	0	0	0	0	0	0
dDocent_Contig_3178	1	378	0	0	0	0	0	0
dDocent_Contig_3185	1	344	0	0	0	0	0	0
dDocent_Contig_3186	1	410	0	0	0	0	0	0
dDocent_Contig_3188	1	487	0	0	0	0	0	0
dDocent_Contig_3189	1	383	0	0	0	0	0	0
dDocent_Contig_3205	1	392	0	0	0	0	0	0
dDocent_Contig_3207	1	332	0	0	0	0	0	0
dDocent_Contig_3208	1	358	0	0	0	0	0	0
dDocent_Contig_3211	1	411	0	0	0	0	0	0
dDocent_Contig_3212	1	313	0	0	0	0	0	0
dDocent_Contig_3213	1	511	0	0	0	0	0	0
dDocent_Contig_3219	1	314	0	0	0	0	0	0
dDocent_Contig_3222	1	496	0	0	0	0	0	0
dDocent_Contig_3224	1	249	0	0	0	0	0	0
dDocent_Contig_3226	1	374	0	0	0	0	0	0
dDocent_Contig_3227	1	304	0	0	0	0	0	0
dDocent_Contig_3229	1	322	0	0	0	0	0	0
dDocent_Contig_3230	1	289	0	0	0	0	0	0
dDocent_Contig_3231	1	286	0	0	0	0	0	0
dDocent_Contig_3233	1	382	0	0	0	0	0	0
dDocent_Contig_3234	1	466	0	0	0	0	0	0
dDocent_Contig_3235	1	360	0	0	0	0	0	0
dDocent_Contig_3237	1	349	0	0	0	0	0	0
dDocent_Contig_3238	1	373	0	0	0	0	0	0
dDocent_Contig_3241	1	390	0	0	0	0	0	0
dDocent_Contig_3242	1	224	0	0	0	0	0	0
dDocent_Contig_3243	1	380	0	0	0	0	0	0
dDocent_Contig_3244	1	452	0	0	0	0	0	0
dDocent_Contig_3253	1	278	0	0	0	0	0	0
dDocent_Contig_3264	1	362	0	0	0	0	0	0
dDocent_Contig_3265	1	379	0	0	0	0	0	0
dDocent_Contig_3267	1	423	0	0	0	0	0	0
dDocent_Contig_3268	1	382	0	0	0	0	0	0
dDocent_Contig_3269	1	327	0	0	0	0	0	0
dDocent_Contig_3272	1	441	0	0	0	0	0	0
dDocent_Contig_3273	1	358	0	0	0	0	0	0
dDocent_Contig_3276	1	398	0	0	0	0	0	0
dDocent_Contig_3280	1	301	0	0	0	0	0	0
dDocent_Contig_3283	1	408	0	0	0	0	0	0
dDocent_Contig_3285	1	292	0	0	0	0	0	0
dDocent_Contig_3286	1	393	0	0	0	0	0	0
dDocent_Contig_3288	1	348	0	0	0	0	0	0
dDocent_Contig_3295	1	448	0	0	0	0	0	0
dDocent_Contig_3298	1	252	0	0	0	0	0	0
dDocent_Contig_3299	1	350	0	0	0	0	0	0
dDocent_Contig_3303	1	369	0	0	0	0	0	0
dDocent_Contig_3307	1	356	0	0	0	0	0	0
dDocent_Contig_3310	1	360	0	0	0	0	0	0
dDocent_Contig_3313	1	506	0	0	0	0	0	0
dDocent_Contig_3316	1	441	0	0	0	0	0	0
dDocent_Contig_3318	1	346	0	0	0	0	0	0
dDocent_Contig_3319	1	382	0	0	0	0	0	0
dDocent_Contig_3321	1	360	0	0	0	0	0	0
dDocent_Contig_3324	1	393	0	0	0	0	0	0
dDocent_Contig_3325	1	437	0	0	0	0	0	0
dDocent_Contig_3326	1	425	0	0	0	0	0	0
dDocent_Contig_3332	1	489	0	0	0	0	0	0
dDocent_Contig_3334	1	461	0	0	0	0	0	0
dDocent_Contig_3336	1	319	0	0	0	0	0	0
dDocent_Contig_3338	1	442	0	0	0	0	0	0
dDocent_Contig_3339	1	467	0	0	0	0	0	0
dDocent_Contig_3341	1	341	0	0	0	0	0	0
dDocent_Contig_3347	1	424	0	0	0	0	0	0
dDocent_Contig_3355	1	396	0	0	0	0	0	0
dDocent_Contig_3358	1	449	0	0	0	0	0	0
dDocent_Contig_3360	1	353	0	0	0	0	0	0
dDocent_Contig_3361	1	377	0	0	0	0	0	0
dDocent_Contig_3363	1	373	0	0	0	0	0	0
dDocent_Contig_3364	1	383	0	0	0	0	0	0
dDocent_Contig_3366	1	443	0	0	0	0	0	0
dDocent_Contig_3370	1	419	0	0	0	0	0	0
dDocent_Contig_3371	1	425	0	0	0	0	0	0
dDocent_Contig_3374	1	440	0	0	0	0	0	0
dDocent_Contig_3375	1	471	0	0	0	0	0	0
dDocent_Contig_3377	1	270	0	0	0	0	0	0
dDocent_Contig_3378	1	498	0	0	0	0	0	0
dDocent_Contig_3379	1	381	0	0	0	0	0	0
dDocent_Contig_3380	1	313	0	0	0	0	0	0
dDocent_Contig_3384	1	420	0	0	0	0	0	0
dDocent_Contig_3385	1	467	0	0	0	0	0	0
dDocent_Contig_3386	1	345	0	0	0	0	0	0
dDocent_Contig_3388	1	367	0	0	0	0	0	0
dDocent_Contig_3390	1	340	0	0	0	0	0	0
dDocent_Contig_3400	1	416	0	0	0	0	0	0
dDocent_Contig_3404	1	387	0	0	0	0	0	0
dDocent_Contig_3424	1	310	0	0	0	0	0	0
dDocent_Contig_3436	1	449	0	0	0	0	0	0
dDocent_Contig_3437	1	402	0	0	0	0	0	0
dDocent_Contig_3438	1	486	0	0	0	0	0	0
dDocent_Contig_3439	1	376	0	0	0	0	0	0
dDocent_Contig_3442	1	386	0	0	0	0	0	0
dDocent_Contig_3444	1	388	0	0	0	0	0	0
dDocent_Contig_3445	1	432	0	0	0	0	0	0
dDocent_Contig_3446	1	316	0	0	0	0	0	0
dDocent_Contig_3447	1	293	0	0	0	0	0	0
dDocent_Contig_3448	1	317	0	0	0	0	0	0
dDocent_Contig_3449	1	384	0	0	0	0	0	0
dDocent_Contig_3455	1	258	0	0	0	0	0	0
dDocent_Contig_3463	1	273	0	0	0	0	0	0
dDocent_Contig_3470	1	295	0	0	0	0	0	0
dDocent_Contig_3471	1	351	0	0	0	0	0	0
dDocent_Contig_3476	1	387	0	0	0	0	0	0
dDocent_Contig_3477	1	316	0	0	0	0	0	0
dDocent_Contig_3478	1	332	0	0	0	0	0	0
dDocent_Contig_3479	1	336	0	0	0	0	0	0
dDocent_Contig_3482	1	241	0	0	0	0	0	0
dDocent_Contig_3488	1	427	0	0	0	0	0	0
dDocent_Contig_3491	1	321	0	0	0	0	0	0
dDocent_Contig_3492	1	338	0	0	0	0	0	0
dDocent_Contig_3496	1	407	0	0	0	0	0	0
dDocent_Contig_3497	1	297	0	0	0	0	0	0
dDocent_Contig_3502	1	330	0	0	0	0	0	0
dDocent_Contig_3512	1	359	0	0	0	0	0	0
dDocent_Contig_3514	1	418	0	0	0	0	0	0
dDocent_Contig_3515	1	356	0	0	0	0	0	0
dDocent_Contig_3516	1	396	0	0	0	0	0	0
dDocent_Contig_3517	1	346	0	0	0	0	0	0
dDocent_Contig_3521	1	286	0	0	0	0	0	0
dDocent_Contig_3522	1	382	0	0	0	0	0	0
dDocent_Contig_3523	1	342	0	0	0	0	0	0
dDocent_Contig_3527	1	349	0	0	0	0	0	0
dDocent_Contig_3529	1	275	0	0	0	0	0	0
dDocent_Contig_3530	1	383	0	0	0	0	0	0
dDocent_Contig_3531	1	401	0	0	0	0	0	0
dDocent_Contig_3534	1	262	0	0	0	0	0	0
dDocent_Contig_3535	1	256	0	0	0	0	0	0
dDocent_Contig_3539	1	260	0	0	0	0	0	0
dDocent_Contig_3544	1	419	0	0	0	0	0	0
dDocent_Contig_3545	1	395	0	0	0	0	0	0
dDocent_Contig_3547	1	275	0	0	0	0	0	0
dDocent_Contig_3548	1	459	0	0	0	0	0	0
dDocent_Contig_3549	1	491	0	0	0	0	0	0
dDocent_Contig_3550	1	409	0	0	0	0	0	0
dDocent_Contig_3554	1	371	0	0	0	0	0	0
dDocent_Contig_3555	1	413	0	0	0	0	0	0
dDocent_Contig_3559	1	278	0	0	0	0	0	0
dDocent_Contig_3560	1	436	0	0	0	0	0	0
dDocent_Contig_3563	1	457	0	0	0	0	0	0
dDocent_Contig_3566	1	274	0	0	0	0	0	0
dDocent_Contig_3573	1	280	0	0	0	0	0	0
dDocent_Contig_3574	1	340	0	0	0	0	0	0
dDocent_Contig_3577	1	430	0	0	0	0	0	0
dDocent_Contig_3580	1	479	0	0	0	0	0	0
dDocent_Contig_3687	1	412	0	0	0	0	0	0
dDocent_Contig_3699	1	303	0	0	0	0	0	0
dDocent_Contig_3731	1	396	0	0	0	0	0	0
dDocent_Contig_3735	1	491	0	0	0	0	0	0
dDocent_Contig_3737	1	293	0	0	0	0	0	0
dDocent_Contig_3740	1	335	0	0	0	0	0	0
dDocent_Contig_3741	1	355	0	0	0	0	0	0
dDocent_Contig_3751	1	345	0	0	0	0	0	0
dDocent_Contig_3753	1	327	0	0	0	0	0	0
dDocent_Contig_3760	1	425	0	0	0	0	0	0
dDocent_Contig_3761	1	490	0	0	0	0	0	0
dDocent_Contig_3770	1	412	0	0	0	0	0	0
dDocent_Contig_3777	1	347	0	0	0	0	0	0
dDocent_Contig_3782	1	345	0	0	0	0	0	0
dDocent_Contig_3784	1	374	0	0	0	0	0	0
dDocent_Contig_3787	1	420	0	0	0	0	0	0
dDocent_Contig_3789	1	425	0	0	0	0	0	0
dDocent_Contig_3790	1	265	0	0	0	0	0	0
dDocent_Contig_3792	1	453	0	0	0	0	0	0
dDocent_Contig_3794	1	408	0	0	0	0	0	0
dDocent_Contig_3798	1	389	0	0	0	0	0	0
dDocent_Contig_3805	1	417	0	0	0	0	0	0
dDocent_Contig_3807	1	297	0	0	0	0	0	0
dDocent_Contig_3809	1	360	0	0	0	0	0	0
dDocent_Contig_3830	1	373	0	0	0	0	0	0
dDocent_Contig_3845	1	349	0	0	0	0	0	0
dDocent_Contig_3889	1	251	0	0	0	0	0	0
dDocent_Contig_3890	1	292	0	0	0	0	0	0
dDocent_Contig_3891	1	388	0	0	0	0	0	0
dDocent_Contig_3897	1	241	0	0	0	0	0	0
dDocent_Contig_3901	1	332	0	0	0	0	0	0
dDocent_Contig_3902	1	357	0	0	0	0	0	0
dDocent_Contig_3905	1	412	0	0	0	0	0	0
dDocent_Contig_3908	1	496	0	0	0	0	0	0
dDocent_Contig_3923	1	352	0	0	0	0	0	0
dDocent_Contig_3930	1	504	0	0	0	0	0	0
dDocent_Contig_3931	1	346	0	0	0	0	0	0
dDocent_Contig_3937	1	448	0	0	0	0	0	0
dDocent_Contig_3950	1	399	0	0	0	0	0	0
dDocent_Contig_3953	1	429	0	0	0	0	0	0
dDocent_Contig_3967	1	438	0	0	0	0	0	0
dDocent_Contig_3977	1	456	0	0	0	0	0	0
dDocent_Contig_3978	1	421	0	0	0	0	0	0
dDocent_Contig_3982	1	388	0	0	0	0	0	0
dDocent_Contig_3998	1	341	0	0	0	0	0	0
dDocent_Contig_4005	1	359	0	0	0	0	0	0
dDocent_Contig_4010	1	382	0	0	0	0	0	0
dDocent_Contig_4015	1	290	0	0	0	0	0	0
dDocent_Contig_4020	1	384	0	0	0	0	0	0
dDocent_Contig_4026	1	514	0	0	0	0	0	0
dDocent_Contig_4029	1	447	0	0	0	0	0	0
dDocent_Contig_4030	1	397	0	0	0	0	0	0
dDocent_Contig_4031	1	355	0	0	0	0	0	0
dDocent_Contig_4049	1	385	0	0	0	0	0	0
dDocent_Contig_4053	1	323	0	0	0	0	0	0
dDocent_Contig_4067	1	305	0	0	0	0	0	0
dDocent_Contig_4068	1	340	0	0	0	0	0	0
dDocent_Contig_4069	1	332	0	0	0	0	0	0
dDocent_Contig_4084	1	360	0	0	0	0	0	0
dDocent_Contig_4092	1	357	0	0	0	0	0	0
dDocent_Contig_4102	1	404	0	0	0	0	0	0
dDocent_Contig_4103	1	352	0	0	0	0	0	0
dDocent_Contig_4104	1	395	0	0	0	0	0	0
dDocent_Contig_4105	1	297	0	0	0	0	0	0
dDocent_Contig_4116	1	296	0	0	0	0	0	0
dDocent_Contig_4117	1	446	0	0	0	0	0	0
dDocent_Contig_4119	1	406	0	0	0	0	0	0
dDocent_Contig_4121	1	284	0	0	0	0	0	0
dDocent_Contig_4130	1	388	0	0	0	0	0	0
dDocent_Contig_4140	1	382	0	0	0	0	0	0
dDocent_Contig_4152	1	378	0	0	0	0	0	0
dDocent_Contig_4158	1	375	0	0	0	0	0	0
dDocent_Contig_4169	1	355	0	0	0	0	0	0
dDocent_Contig_4175	1	387	0	0	0	0	0	0
dDocent_Contig_4183	1	265	0	0	0	0	0	0
dDocent_Contig_4184	1	408	0	0	0	0	0	0
dDocent_Contig_4186	1	301	0	0	0	0	0	0
dDocent_Contig_4189	1	453	0	0	0	0	0	0
dDocent_Contig_4198	1	446	0	0	0	0	0	0
dDocent_Contig_4211	1	355	0	0	0	0	0	0
dDocent_Contig_4215	1	387	0	0	0	0	0	0
dDocent_Contig_4222	1	373	0	0	0	0	0	0
dDocent_Contig_4223	1	435	0	0	0	0	0	0
dDocent_Contig_4249	1	461	0	0	0	0	0	0
dDocent_Contig_4259	1	338	0	0	0	0	0	0
dDocent_Contig_4262	1	336	0	0	0	0	0	0
dDocent_Contig_4267	1	384	0	0	0	0	0	0
dDocent_Contig_4269	1	412	0	0	0	0	0	0
dDocent_Contig_4274	1	310	0	0	0	0	0	0
dDocent_Contig_4286	1	447	0	0	0	0	0	0
dDocent_Contig_4295	1	483	0	0	0	0	0	0
dDocent_Contig_4297	1	340	0	0	0	0	0	0
dDocent_Contig_4299	1	281	0	0	0	0	0	0
dDocent_Contig_4303	1	381	0	0	0	0	0	0
dDocent_Contig_4306	1	379	0	0	0	0	0	0
dDocent_Contig_4310	1	373	0	0	0	0	0	0
dDocent_Contig_4321	1	402	0	0	0	0	0	0
dDocent_Contig_4324	1	285	0	0	0	0	0	0
dDocent_Contig_4325	1	352	0	0	0	0	0	0
dDocent_Contig_4339	1	421	0	0	0	0	0	0
dDocent_Contig_4342	1	324	0	0	0	0	0	0
dDocent_Contig_4345	1	486	0	0	0	0	0	0
dDocent_Contig_4348	1	363	0	0	0	0	0	0
dDocent_Contig_4352	1	322	0	0	0	0	0	0
dDocent_Contig_4360	1	498	0	0	0	0	0	0
dDocent_Contig_4365	1	303	0	0	0	0	0	0
dDocent_Contig_4373	1	321	0	0	0	0	0	0
dDocent_Contig_4375	1	476	0	0	0	0	0	0
dDocent_Contig_4389	1	384	0	0	0	0	0	0
dDocent_Contig_4391	1	395	0	0	0	0	0	0
dDocent_Contig_4393	1	495	0	0	0	0	0	0
dDocent_Contig_4403	1	467	0	0	0	0	0	0
dDocent_Contig_4417	1	388	0	0	0	0	0	0
dDocent_Contig_4422	1	405	0	0	0	0	0	0
dDocent_Contig_4426	1	346	0	0	0	0	0	0
dDocent_Contig_4435	1	409	0	0	0	0	0	0
dDocent_Contig_4446	1	330	0	0	0	0	0	0
dDocent_Contig_4453	1	340	0	0	0	0	0	0
dDocent_Contig_4455	1	384	0	0	0	0	0	0
dDocent_Contig_4491	1	499	0	0	0	0	0	0
dDocent_Contig_4494	1	339	0	0	0	0	0	0
dDocent_Contig_4497	1	398	0	0	0	0	0	0
dDocent_Contig_4498	1	516	0	0	0	0	0	0
dDocent_Contig_4501	1	400	0	0	0	0	0	0
dDocent_Contig_4509	1	393	0	0	0	0	0	0
dDocent_Contig_4510	1	325	0	0	0	0	0	0
dDocent_Contig_4512	1	463	0	0	0	0	0	0
dDocent_Contig_4515	1	449	0	0	0	0	0	0
dDocent_Contig_4528	1	324	0	0	0	0	0	0
dDocent_Contig_4535	1	454	0	0	0	0	0	0
dDocent_Contig_4541	1	388	0	0	0	0	0	0
dDocent_Contig_4546	1	433	0	0	0	0	0	0
dDocent_Contig_4557	1	354	0	0	0	0	0	0
dDocent_Contig_4561	1	429	0	0	0	0	0	0
dDocent_Contig_4562	1	422	0	0	0	0	0	0
dDocent_Contig_4573	1	382	0	0	0	0	0	0
dDocent_Contig_4574	1	480	0	0	0	0	0	0
dDocent_Contig_4586	1	289	0	0	0	0	0	0
dDocent_Contig_4588	1	352	0	0	0	0	0	0
dDocent_Contig_4592	1	430	0	0	0	0	0	0
dDocent_Contig_4616	1	519	0	0	0	0	0	0
dDocent_Contig_4622	1	395	0	0	0	0	0	0
dDocent_Contig_4624	1	415	0	0	0	0	0	0
dDocent_Contig_4630	1	399	0	0	0	0	0	0
dDocent_Contig_4644	1	389	0	0	0	0	0	0
dDocent_Contig_4646	1	286	0	0	0	0	0	0
dDocent_Contig_4666	1	418	0	0	0	0	0	0
dDocent_Contig_4667	1	400	0	0	0	0	0	0
dDocent_Contig_4679	1	399	0	0	0	0	0	0
dDocent_Contig_4691	1	352	0	0	0	0	0	0
dDocent_Contig_4699	1	337	0	0	0	0	0	0
dDocent_Contig_4705	1	348	0	0	0	0	0	0
dDocent_Contig_4707	1	372	0	0	0	0	0	0
dDocent_Contig_4710	1	405	0	0	0	0	0	0
dDocent_Contig_4716	1	418	0	0	0	0	0	0
dDocent_Contig_4735	1	414	0	0	0	0	0	0
dDocent_Contig_4738	1	348	0	0	0	0	0	0
dDocent_Contig_4743	1	419	0	0	0	0	0	0
dDocent_Contig_4744	1	363	0	0	0	0	0	0
dDocent_Contig_4787	1	388	0	0	0	0	0	0
dDocent_Contig_4801	1	256	0	0	0	0	0	0
dDocent_Contig_4811	1	368	0	0	0	0	0	0
dDocent_Contig_4814	1	445	0	0	0	0	0	0
dDocent_Contig_4815	1	386	0	0	0	0	0	0
dDocent_Contig_4816	1	373	0	0	0	0	0	0
dDocent_Contig_4817	1	359	0	0	0	0	0	0
dDocent_Contig_4818	1	435	0	0	0	0	0	0
dDocent_Contig_4821	1	289	0	0	0	0	0	0
dDocent_Contig_4828	1	272	0	0	0	0	0	0
dDocent_Contig_4830	1	360	0	0	0	0	0	0
dDocent_Contig_4833	1	410	0	0	0	0	0	0
dDocent_Contig_4836	1	378	0	0	0	0	0	0
dDocent_Contig_4869	1	373	0	0	0	0	0	0
dDocent_Contig_4871	1	392	0	0	0	0	0	0
dDocent_Contig_4872	1	423	0	0	0	0	0	0
dDocent_Contig_4877	1	273	0	0	0	0	0	0
dDocent_Contig_4883	1	397	0	0	0	0	0	0
dDocent_Contig_4894	1	402	0	0	0	0	0	0
dDocent_Contig_4918	1	418	0	0	0	0	0	0
dDocent_Contig_4923	1	449	0	0	0	0	0	0
dDocent_Contig_4928	1	414	0	0	0	0	0	0
dDocent_Contig_4931	1	441	0	0	0	0	0	0
dDocent_Contig_4935	1	393	0	0	0	0	0	0
dDocent_Contig_4937	1	388	0	0	0	0	0	0
dDocent_Contig_4942	1	446	0	0	0	0	0	0
dDocent_Contig_4943	1	382	0	0	0	0	0	0
dDocent_Contig_4944	1	477	0	0	0	0	0	0
dDocent_Contig_4947	1	343	0	0	0	0	0	0
dDocent_Contig_4955	1	369	0	0	0	0	0	0
dDocent_Contig_4958	1	401	0	0	0	0	0	0
dDocent_Contig_4967	1	501	0	0	0	0	0	0
dDocent_Contig_4969	1	412	0	0	0	0	0	0
dDocent_Contig_4971	1	429	0	0	0	0	0	0
dDocent_Contig_4981	1	393	0	0	0	0	0	0
dDocent_Contig_4984	1	369	0	0	0	0	0	0
dDocent_Contig_4985	1	291	0	0	0	0	0	0
dDocent_Contig_4993	1	434	0	0	0	0	0	0
dDocent_Contig_5009	1	388	0	0	0	0	0	0
dDocent_Contig_5010	1	427	0	0	0	0	0	0
dDocent_Contig_5012	1	430	0	0	0	0	0	0
dDocent_Contig_5015	1	401	0	0	0	0	0	0
dDocent_Contig_5022	1	329	0	0	0	0	0	0
dDocent_Contig_5027	1	283	0	0	0	0	0	0
dDocent_Contig_5030	1	405	0	0	0	0	0	0
dDocent_Contig_5033	1	308	0	0	0	0	0	0
dDocent_Contig_5040	1	360	0	0	0	0	0	0
dDocent_Contig_5045	1	416	0	0	0	0	0	0
dDocent_Contig_5047	1	372	0	0	0	0	0	0
dDocent_Contig_5048	1	399	0	0	0	0	0	0
dDocent_Contig_5053	1	374	0	0	0	0	0	0
dDocent_Contig_5055	1	392	0	0	0	0	0	0
dDocent_Contig_5056	1	438	0	0	0	0	0	0
dDocent_Contig_5064	1	372	0	0	0	0	0	0
dDocent_Contig_5065	1	402	0	0	0	0	0	0
dDocent_Contig_5070	1	391	0	0	0	0	0	0
dDocent_Contig_5072	1	479	0	0	0	0	0	0
dDocent_Contig_5074	1	375	0	0	0	0	0	0
dDocent_Contig_5081	1	352	0	0	0	0	0	0
dDocent_Contig_5088	1	366	0	0	0	0	0	0
dDocent_Contig_5090	1	295	0	0	0	0	0	0
dDocent_Contig_5091	1	413	0	0	0	0	0	0
dDocent_Contig_5106	1	381	0	0	0	0	0	0
dDocent_Contig_5125	1	347	0	0	0	0	0	0
dDocent_Contig_5126	1	442	0	0	0	0	0	0
dDocent_Contig_5129	1	429	0	0	0	0	0	0
dDocent_Contig_5138	1	441	0	0	0	0	0	0
dDocent_Contig_5144	1	394	0	0	0	0	0	0
dDocent_Contig_5154	1	360	0	0	0	0	0	0
dDocent_Contig_5155	1	334	0	0	0	0	0	0
dDocent_Contig_5189	1	395	0	0	0	0	0	0
dDocent_Contig_5191	1	303	0	0	0	0	0	0
dDocent_Contig_5192	1	493	0	0	0	0	0	0
dDocent_Contig_5197	1	422	0	0	0	0	0	0
dDocent_Contig_5209	1	364	0	0	0	0	0	0
dDocent_Contig_5213	1	480	0	0	0	0	0	0
dDocent_Contig_5216	1	463	0	0	0	0	0	0
dDocent_Contig_5219	1	446	0	0	0	0	0	0
dDocent_Contig_5221	1	407	0	0	0	0	0	0
dDocent_Contig_5235	1	413	0	0	0	0	0	0
dDocent_Contig_5236	1	354	0	0	0	0	0	0
dDocent_Contig_5237	1	434	0	0	0	0	0	0
dDocent_Contig_5246	1	365	0	0	0	0	0	0
dDocent_Contig_5249	1	399	0	0	0	0	0	0
dDocent_Contig_5255	1	454	0	0	0	0	0	0
dDocent_Contig_5263	1	413	0	0	0	0	0	0
dDocent_Contig_5271	1	411	0	0	0	0	0	0
dDocent_Contig_5280	1	433	0	0	0	0	0	0
dDocent_Contig_5284	1	488	0	0	0	0	0	0
dDocent_Contig_5286	1	427	0	0	0	0	0	0
dDocent_Contig_5292	1	390	0	0	0	0	0	0
dDocent_Contig_5295	1	435	0	0	0	0	0	0
dDocent_Contig_5297	1	393	0	0	0	0	0	0
dDocent_Contig_5298	1	447	0	0	0	0	0	0
dDocent_Contig_5299	1	377	0	0	0	0	0	0
dDocent_Contig_5311	1	413	0	0	0	0	0	0
dDocent_Contig_5318	1	342	0	0	0	0	0	0
dDocent_Contig_5324	1	390	0	0	0	0	0	0
dDocent_Contig_5334	1	394	0	0	0	0	0	0
dDocent_Contig_5341	1	346	0	0	0	0	0	0
dDocent_Contig_5357	1	355	0	0	0	0	0	0
dDocent_Contig_5358	1	337	0	0	0	0	0	0
dDocent_Contig_5366	1	454	0	0	0	0	0	0
dDocent_Contig_5369	1	456	0	0	0	0	0	0
dDocent_Contig_5375	1	466	0	0	0	0	0	0
dDocent_Contig_5378	1	374	0	0	0	0	0	0
dDocent_Contig_5398	1	336	0	0	0	0	0	0
dDocent_Contig_5399	1	478	0	0	0	0	0	0
dDocent_Contig_5408	1	376	0	0	0	0	0	0
dDocent_Contig_5416	1	454	0	0	0	0	0	0
dDocent_Contig_5419	1	328	0	0	0	0	0	0
dDocent_Contig_5426	1	385	0	0	0	0	0	0
dDocent_Contig_5441	1	380	0	0	0	0	0	0
dDocent_Contig_5451	1	507	0	0	0	0	0	0
dDocent_Contig_5454	1	337	0	0	0	0	0	0
dDocent_Contig_5458	1	351	0	0	0	0	0	0
dDocent_Contig_5467	1	496	0	0	0	0	0	0
dDocent_Contig_5473	1	311	0	0	0	0	0	0
dDocent_Contig_5474	1	402	0	0	0	0	0	0
dDocent_Contig_5484	1	383	0	0	0	0	0	0
dDocent_Contig_5485	1	440	0	0	0	0	0	0
dDocent_Contig_5489	1	398	0	0	0	0	0	0
dDocent_Contig_5491	1	406	0	0	0	0	0	0
dDocent_Contig_5500	1	284	0	0	0	0	0	0
dDocent_Contig_5504	1	411	0	0	0	0	0	0
dDocent_Contig_5525	1	330	0	0	0	0	0	0
dDocent_Contig_5535	1	266	0	0	0	0	0	0
dDocent_Contig_5539	1	443	0	0	0	0	0	0
dDocent_Contig_5541	1	420	0	0	0	0	0	0
dDocent_Contig_5552	1	333	0	0	0	0	0	0
dDocent_Contig_5554	1	374	0	0	0	0	0	0
dDocent_Contig_5557	1	433	0	0	0	0	0	0
dDocent_Contig_5558	1	397	0	0	0	0	0	0
dDocent_Contig_5560	1	274	0	0	0	0	0	0
dDocent_Contig_5563	1	358	0	0	0	0	0	0
dDocent_Contig_5568	1	422	0	0	0	0	0	0
dDocent_Contig_5570	1	310	0	0	0	0	0	0
dDocent_Contig_5574	1	380	0	0	0	0	0	0
dDocent_Contig_5575	1	477	0	0	0	0	0	0
dDocent_Contig_5580	1	355	0	0	0	0	0	0
dDocent_Contig_5591	1	302	0	0	0	0	0	0
dDocent_Contig_5604	1	394	0	0	0	0	0	0
dDocent_Contig_5605	1	414	0	0	0	0	0	0
dDocent_Contig_5607	1	458	0	0	0	0	0	0
dDocent_Contig_5610	1	457	0	0	0	0	0	0
dDocent_Contig_5612	1	385	0	0	0	0	0	0
dDocent_Contig_5616	1	437	0	0	0	0	0	0
dDocent_Contig_5622	1	401	0	0	0	0	0	0
dDocent_Contig_5633	1	443	0	0	0	0	0	0
dDocent_Contig_5637	1	394	0	0	0	0	0	0
dDocent_Contig_5644	1	420	0	0	0	0	0	0
dDocent_Contig_5650	1	421	0	0	0	0	0	0
dDocent_Contig_5653	1	467	0	0	0	0	0	0
dDocent_Contig_5655	1	378	0	0	0	0	0	0
dDocent_Contig_5666	1	326	0	0	0	0	0	0
dDocent_Contig_5675	1	331	0	0	0	0	0	0
dDocent_Contig_5681	1	375	0	0	0	0	0	0
dDocent_Contig_5689	1	271	0	0	0	0	0	0
dDocent_Contig_5700	1	505	0	0	0	0	0	0
dDocent_Contig_5716	1	416	0	0	0	0	0	0
dDocent_Contig_5718	1	482	0	0	0	0	0	0
dDocent_Contig_5719	1	405	0	0	0	0	0	0
dDocent_Contig_5722	1	391	0	0	0	0	0	0
dDocent_Contig_5723	1	355	0	0	0	0	0	0
dDocent_Contig_5732	1	395	0	0	0	0	0	0
dDocent_Contig_5734	1	387	0	0	0	0	0	0
dDocent_Contig_5735	1	470	0	0	0	0	0	0
dDocent_Contig_5738	1	414	0	0	0	0	0	0
dDocent_Contig_5740	1	301	0	0	0	0	0	0
dDocent_Contig_5743	1	384	0	0	0	0	0	0
dDocent_Contig_5746	1	393	0	0	0	0	0	0
dDocent_Contig_5748	1	289	0	0	0	0	0	0
dDocent_Contig_5753	1	385	0	0	0	0	0	0
dDocent_Contig_5756	1	326	0	0	0	0	0	0
dDocent_Contig_5767	1	309	0	0	0	0	0	0
dDocent_Contig_5779	1	309	0	0	0	0	0	0
dDocent_Contig_5781	1	352	0	0	0	0	0	0
dDocent_Contig_5790	1	341	0	0	0	0	0	0
dDocent_Contig_5792	1	462	0	0	0	0	0	0
dDocent_Contig_5799	1	386	0	0	0	0	0	0
dDocent_Contig_5803	1	467	0	0	0	0	0	0
dDocent_Contig_5805	1	495	0	0	0	0	0	0
dDocent_Contig_5808	1	376	0	0	0	0	0	0
dDocent_Contig_5809	1	459	0	0	0	0	0	0
dDocent_Contig_5810	1	333	0	0	0	0	0	0
dDocent_Contig_5822	1	339	0	0	0	0	0	0
dDocent_Contig_5825	1	462	0	0	0	0	0	0
dDocent_Contig_5828	1	326	0	0	0	0	0	0
dDocent_Contig_5834	1	371	0	0	0	0	0	0
dDocent_Contig_5835	1	440	0	0	0	0	0	0
dDocent_Contig_5836	1	471	0	0	0	0	0	0
dDocent_Contig_5841	1	383	0	0	0	0	0	0
dDocent_Contig_5843	1	387	0	0	0	0	0	0
dDocent_Contig_5845	1	383	0	0	0	0	0	0
dDocent_Contig_5874	1	300	0	0	0	0	0	0
dDocent_Contig_5876	1	396	0	0	0	0	0	0
dDocent_Contig_5892	1	398	0	0	0	0	0	0
dDocent_Contig_5896	1	371	0	0	0	0	0	0
dDocent_Contig_5897	1	342	0	0	0	0	0	0
dDocent_Contig_5920	1	408	0	0	0	0	0	0
dDocent_Contig_5928	1	449	0	0	0	0	0	0
dDocent_Contig_5929	1	306	0	0	0	0	0	0
dDocent_Contig_5938	1	420	0	0	0	0	0	0
dDocent_Contig_5941	1	359	0	0	0	0	0	0
dDocent_Contig_5945	1	400	0	0	0	0	0	0
dDocent_Contig_5953	1	399	0	0	0	0	0	0
dDocent_Contig_5957	1	312	0	0	0	0	0	0
dDocent_Contig_5960	1	398	0	0	0	0	0	0
dDocent_Contig_5966	1	284	0	0	0	0	0	0
dDocent_Contig_5970	1	387	0	0	0	0	0	0
dDocent_Contig_5978	1	338	0	0	0	0	0	0
dDocent_Contig_5981	1	458	0	0	0	0	0	0
dDocent_Contig_5985	1	479	0	0	0	0	0	0
dDocent_Contig_5989	1	335	0	0	0	0	0	0
dDocent_Contig_5990	1	430	0	0	0	0	0	0
dDocent_Contig_5991	1	451	0	0	0	0	0	0
dDocent_Contig_6000	1	463	0	0	0	0	0	0
dDocent_Contig_6008	1	492	0	0	0	0	0	0
dDocent_Contig_6009	1	380	0	0	0	0	0	0
dDocent_Contig_6023	1	422	0	0	0	0	0	0
dDocent_Contig_6030	1	429	0	0	0	0	0	0
dDocent_Contig_6033	1	364	0	0	0	0	0	0
dDocent_Contig_6035	1	488	0	0	0	0	0	0
dDocent_Contig_6039	1	414	0	0	0	0	0	0
dDocent_Contig_6044	1	454	0	0	0	0	0	0
dDocent_Contig_6066	1	375	0	0	0	0	0	0
dDocent_Contig_6072	1	386	0	0	0	0	0	0
dDocent_Contig_6076	1	465	0	0	0	0	0	0
dDocent_Contig_6078	1	456	0	0	0	0	0	0
dDocent_Contig_6082	1	345	0	0	0	0	0	0
dDocent_Contig_6096	1	396	0	0	0	0	0	0
dDocent_Contig_6098	1	393	0	0	0	0	0	0
dDocent_Contig_6110	1	352	0	0	0	0	0	0
dDocent_Contig_6111	1	378	0	0	0	0	0	0
dDocent_Contig_6113	1	290	0	0	0	0	0	0
dDocent_Contig_6117	1	441	0	0	0	0	0	0
dDocent_Contig_6119	1	237	0	0	0	0	0	0
dDocent_Contig_6120	1	422	0	0	0	0	0	0
dDocent_Contig_6153	1	298	0	0	0	0	0	0
dDocent_Contig_6160	1	334	0	0	0	0	0	0
dDocent_Contig_6164	1	431	0	0	0	0	0	0
dDocent_Contig_6166	1	416	0	0	0	0	0	0
dDocent_Contig_6169	1	364	0	0	0	0	0	0
dDocent_Contig_6170	1	408	0	0	0	0	0	0
dDocent_Contig_6174	1	368	0	0	0	0	0	0
dDocent_Contig_6179	1	339	0	0	0	0	0	0
dDocent_Contig_6183	1	271	0	0	0	0	0	0
dDocent_Contig_6197	1	343	0	0	0	0	0	0
dDocent_Contig_6198	1	384	0	0	0	0	0	0
dDocent_Contig_6204	1	426	0	0	0	0	0	0
dDocent_Contig_6219	1	396	0	0	0	0	0	0
dDocent_Contig_6247	1	419	0	0	0	0	0	0
dDocent_Contig_6249	1	468	0	0	0	0	0	0
dDocent_Contig_6252	1	386	0	0	0	0	0	0
dDocent_Contig_6255	1	363	0	0	0	0	0	0
dDocent_Contig_6256	1	420	0	0	0	0	0	0
dDocent_Contig_6263	1	398	0	0	0	0	0	0
dDocent_Contig_6273	1	356	0	0	0	0	0	0
dDocent_Contig_6274	1	490	0	0	0	0	0	0
dDocent_Contig_6279	1	435	0	0	0	0	0	0
dDocent_Contig_6292	1	274	0	0	0	0	0	0
dDocent_Contig_6294	1	454	0	0	0	0	0	0
dDocent_Contig_6299	1	345	0	0	0	0	0	0
dDocent_Contig_6300	1	458	0	0	0	0	0	0
dDocent_Contig_6301	1	433	0	0	0	0	0	0
dDocent_Contig_6303	1	451	0	0	0	0	0	0
dDocent_Contig_6307	1	320	0	0	0	0	0	0
dDocent_Contig_6308	1	360	0	0	0	0	0	0
dDocent_Contig_6309	1	425	0	0	0	0	0	0
dDocent_Contig_6313	1	402	0	0	0	0	0	0
dDocent_Contig_6315	1	383	0	0	0	0	0	0
dDocent_Contig_6320	1	268	0	0	0	0	0	0
dDocent_Contig_6322	1	381	0	0	0	0	0	0
dDocent_Contig_6323	1	227	0	0	0	0	0	0
dDocent_Contig_6328	1	379	0	0	0	0	0	0
dDocent_Contig_6337	1	333	0	0	0	0	0	0
dDocent_Contig_6346	1	389	0	0	0	0	0	0
dDocent_Contig_6354	1	490	0	0	0	0	0	0
dDocent_Contig_6355	1	435	0	0	0	0	0	0
dDocent_Contig_6362	1	315	0	0	0	0	0	0
dDocent_Contig_6365	1	328	0	0	0	0	0	0
dDocent_Contig_6380	1	459	0	0	0	0	0	0
dDocent_Contig_6384	1	445	0	0	0	0	0	0
dDocent_Contig_6391	1	393	0	0	0	0	0	0
dDocent_Contig_6394	1	396	0	0	0	0	0	0
dDocent_Contig_6406	1	400	0	0	0	0	0	0
dDocent_Contig_6425	1	381	0	0	0	0	0	0
dDocent_Contig_6436	1	515	0	0	0	0	0	0
dDocent_Contig_6447	1	364	0	0	0	0	0	0
dDocent_Contig_6451	1	440	0	0	0	0	0	0
dDocent_Contig_6454	1	437	0	0	0	0	0	0
dDocent_Contig_6455	1	421	0	0	0	0	0	0
dDocent_Contig_6457	1	413	0	0	0	0	0	0
dDocent_Contig_6467	1	331	0	0	0	0	0	0
dDocent_Contig_6468	1	297	0	0	0	0	0	0
dDocent_Contig_6473	1	470	0	0	0	0	0	0
dDocent_Contig_6475	1	320	0	0	0	0	0	0
dDocent_Contig_6476	1	439	0	0	0	0	0	0
dDocent_Contig_6479	1	518	0	0	0	0	0	0
dDocent_Contig_6487	1	367	0	0	0	0	0	0
dDocent_Contig_6491	1	390	0	0	0	0	0	0
dDocent_Contig_6511	1	375	0	0	0	0	0	0
dDocent_Contig_6522	1	253	0	0	0	0	0	0
dDocent_Contig_6523	1	462	0	0	0	0	0	0
dDocent_Contig_6525	1	385	0	0	0	0	0	0
dDocent_Contig_6527	1	424	0	0	0	0	0	0
dDocent_Contig_6530	1	466	0	0	0	0	0	0
dDocent_Contig_6542	1	395	0	0	0	0	0	0
dDocent_Contig_6571	1	377	0	0	0	0	0	0
dDocent_Contig_6572	1	399	0	0	0	0	0	0
dDocent_Contig_6593	1	460	0	0	0	0	0	0
dDocent_Contig_6594	1	387	0	0	0	0	0	0
dDocent_Contig_6599	1	338	0	0	0	0	0	0
dDocent_Contig_6616	1	356	0	0	0	0	0	0
dDocent_Contig_6617	1	341	0	0	0	0	0	0
dDocent_Contig_6618	1	414	0	0	0	0	0	0
dDocent_Contig_6636	1	372	0	0	0	0	0	0
dDocent_Contig_6647	1	368	0	0	0	0	0	0
dDocent_Contig_6671	1	364	0	0	0	0	0	0
dDocent_Contig_6678	1	382	0	0	0	0	0	0
dDocent_Contig_6694	1	379	0	0	0	0	0	0
dDocent_Contig_6699	1	331	0	0	0	0	0	0
dDocent_Contig_6709	1	498	0	0	0	0	0	0
dDocent_Contig_6710	1	464	0	0	0	0	0	0
dDocent_Contig_6712	1	339	0	0	0	0	0	0
dDocent_Contig_6714	1	403	0	0	0	0	0	0
dDocent_Contig_6716	1	430	0	0	0	0	0	0
dDocent_Contig_6717	1	254	0	0	0	0	0	0
dDocent_Contig_6720	1	385	0	0	0	0	0	0
dDocent_Contig_6723	1	446	0	0	0	0	0	0
dDocent_Contig_6730	1	369	0	0	0	0	0	0
dDocent_Contig_6749	1	399	0	0	0	0	0	0
dDocent_Contig_6753	1	328	0	0	0	0	0	0
dDocent_Contig_6754	1	465	0	0	0	0	0	0
dDocent_Contig_6758	1	400	0	0	0	0	0	0
dDocent_Contig_6764	1	312	0	0	0	0	0	0
dDocent_Contig_6766	1	389	0	0	0	0	0	0
dDocent_Contig_6767	1	409	0	0	0	0	0	0
dDocent_Contig_6769	1	430	0	0	0	0	0	0
dDocent_Contig_6777	1	360	0	0	0	0	0	0
dDocent_Contig_6778	1	307	0	0	0	0	0	0
dDocent_Contig_6790	1	276	0	0	0	0	0	0
dDocent_Contig_6791	1	362	0	0	0	0	0	0
dDocent_Contig_6819	1	453	0	0	0	0	0	0
dDocent_Contig_6830	1	327	0	0	0	0	0	0
dDocent_Contig_6859	1	370	0	0	0	0	0	0
dDocent_Contig_6877	1	476	0	0	0	0	0	0
dDocent_Contig_6880	1	358	0	0	0	0	0	0
dDocent_Contig_6882	1	245	0	0	0	0	0	0
dDocent_Contig_6897	1	336	0	0	0	0	0	0
dDocent_Contig_6898	1	447	0	0	0	0	0	0
dDocent_Contig_6921	1	344	0	0	0	0	0	0
dDocent_Contig_6922	1	357	0	0	0	0	0	0
dDocent_Contig_6927	1	420	0	0	0	0	0	0
dDocent_Contig_6938	1	377	0	0	0	0	0	0
dDocent_Contig_6939	1	429	0	0	0	0	0	0
dDocent_Contig_6948	1	286	0	0	0	0	0	0
dDocent_Contig_6950	1	357	0	0	0	0	0	0
dDocent_Contig_6952	1	456	0	0	0	0	0	0
dDocent_Contig_6953	1	372	0	0	0	0	0	0
dDocent_Contig_6954	1	396	0	0	0	0	0	0
dDocent_Contig_6956	1	368	0	0	0	0	0	0
dDocent_Contig_6961	1	372	0	0	0	0	0	0
dDocent_Contig_6967	1	469	0	0	0	0	0	0
dDocent_Contig_6972	1	384	0	0	0	0	0	0
dDocent_Contig_6973	1	330	0	0	0	0	0	0
dDocent_Contig_6974	1	423	0	0	0	0	0	0
dDocent_Contig_6977	1	335	0	0	0	0	0	0
dDocent_Contig_6978	1	406	0	0	0	0	0	0
dDocent_Contig_6980	1	309	0	0	0	0	0	0
dDocent_Contig_6996	1	419	0	0	0	0	0	0
dDocent_Contig_7005	1	267	0	0	0	0	0	0
dDocent_Contig_7009	1	475	0	0	0	0	0	0
dDocent_Contig_7012	1	398	0	0	0	0	0	0
dDocent_Contig_7019	1	428	0	0	0	0	0	0
dDocent_Contig_7020	1	327	0	0	0	0	0	0
dDocent_Contig_7021	1	445	0	0	0	0	0	0
dDocent_Contig_7023	1	402	0	0	0	0	0	0
dDocent_Contig_7030	1	381	0	0	0	0	0	0
dDocent_Contig_7031	1	402	0	0	0	0	0	0
dDocent_Contig_7032	1	418	0	0	0	0	0	0
dDocent_Contig_7036	1	361	0	0	0	0	0	0
dDocent_Contig_7045	1	398	0	0	0	0	0	0
dDocent_Contig_7048	1	442	0	0	0	0	0	0
dDocent_Contig_7051	1	420	0	0	0	0	0	0
dDocent_Contig_7059	1	380	0	0	0	0	0	0
dDocent_Contig_7061	1	488	0	0	0	0	0	0
dDocent_Contig_7089	1	334	0	0	0	0	0	0
dDocent_Contig_7102	1	491	0	0	0	0	0	0
dDocent_Contig_7105	1	305	0	0	0	0	0	0
dDocent_Contig_7114	1	252	0	0	0	0	0	0
dDocent_Contig_7117	1	506	0	0	0	0	0	0
dDocent_Contig_7118	1	316	0	0	0	0	0	0
dDocent_Contig_7129	1	374	0	0	0	0	0	0
dDocent_Contig_7131	1	494	0	0	0	0	0	0
dDocent_Contig_7132	1	420	0	0	0	0	0	0
dDocent_Contig_7143	1	347	0	0	0	0	0	0
dDocent_Contig_7145	1	342	0	0	0	0	0	0
dDocent_Contig_7146	1	467	0	0	0	0	0	0
dDocent_Contig_7149	1	345	0	0	0	0	0	0
dDocent_Contig_7150	1	381	0	0	0	0	0	0
dDocent_Contig_7151	1	401	0	0	0	0	0	0
dDocent_Contig_7164	1	491	0	0	0	0	0	0
dDocent_Contig_7176	1	416	0	0	0	0	0	0
dDocent_Contig_7177	1	397	0	0	0	0	0	0
dDocent_Contig_7178	1	385	0	0	0	0	0	0
dDocent_Contig_7179	1	462	0	0	0	0	0	0
dDocent_Contig_7180	1	451	0	0	0	0	0	0
dDocent_Contig_7193	1	458	0	0	0	0	0	0
dDocent_Contig_7198	1	483	0	0	0	0	0	0
dDocent_Contig_7201	1	414	0	0	0	0	0	0
dDocent_Contig_7202	1	326	0	0	0	0	0	0
dDocent_Contig_7204	1	374	0	0	0	0	0	0
dDocent_Contig_7206	1	337	0	0	0	0	0	0
dDocent_Contig_7207	1	342	0	0	0	0	0	0
dDocent_Contig_7208	1	249	0	0	0	0	0	0
dDocent_Contig_7220	1	320	0	0	0	0	0	0
dDocent_Contig_7223	1	380	0	0	0	0	0	0
dDocent_Contig_7227	1	430	0	0	0	0	0	0
dDocent_Contig_7230	1	304	0	0	0	0	0	0
dDocent_Contig_7232	1	343	0	0	0	0	0	0
dDocent_Contig_7235	1	431	0	0	0	0	0	0
dDocent_Contig_7236	1	310	0	0	0	0	0	0
dDocent_Contig_7238	1	308	0	0	0	0	0	0
dDocent_Contig_7239	1	506	0	0	0	0	0	0
dDocent_Contig_7240	1	321	0	0	0	0	0	0
dDocent_Contig_7242	1	508	0	0	0	0	0	0
dDocent_Contig_7245	1	354	0	0	0	0	0	0
dDocent_Contig_7246	1	308	0	0	0	0	0	0
dDocent_Contig_7247	1	300	0	0	0	0	0	0
dDocent_Contig_7262	1	339	0	0	0	0	0	0
dDocent_Contig_7285	1	343	0	0	0	0	0	0
dDocent_Contig_7287	1	348	0	0	0	0	0	0
dDocent_Contig_7290	1	333	0	0	0	0	0	0
dDocent_Contig_7291	1	429	0	0	0	0	0	0
dDocent_Contig_7294	1	313	0	0	0	0	0	0
dDocent_Contig_7297	1	300	0	0	0	0	0	0
dDocent_Contig_7299	1	333	0	0	0	0	0	0
dDocent_Contig_7303	1	362	0	0	0	0	0	0
dDocent_Contig_7304	1	377	0	0	0	0	0	0
dDocent_Contig_7305	1	280	0	0	0	0	0	0
dDocent_Contig_7306	1	375	0	0	0	0	0	0
dDocent_Contig_7307	1	392	0	0	0	0	0	0
dDocent_Contig_7310	1	314	0	0	0	0	0	0
dDocent_Contig_7315	1	436	0	0	0	0	0	0
dDocent_Contig_7336	1	381	0	0	0	0	0	0
dDocent_Contig_7340	1	400	0	0	0	0	0	0
dDocent_Contig_7346	1	370	0	0	0	0	0	0
dDocent_Contig_7349	1	368	0	0	0	0	0	0
dDocent_Contig_7352	1	354	0	0	0	0	0	0
dDocent_Contig_7354	1	373	0	0	0	0	0	0
dDocent_Contig_7362	1	499	0	0	0	0	0	0
dDocent_Contig_7370	1	344	0	0	0	0	0	0
dDocent_Contig_7371	1	417	0	0	0	0	0	0
dDocent_Contig_7372	1	337	0	0	0	0	0	0
dDocent_Contig_7379	1	404	0	0	0	0	0	0
dDocent_Contig_7384	1	466	0	0	0	0	0	0
dDocent_Contig_7395	1	348	0	0	0	0	0	0
dDocent_Contig_7399	1	445	0	0	0	0	0	0
dDocent_Contig_7400	1	489	0	0	0	0	0	0
dDocent_Contig_7402	1	390	0	0	0	0	0	0
dDocent_Contig_7406	1	402	0	0	0	0	0	0
dDocent_Contig_7413	1	379	0	0	0	0	0	0
dDocent_Contig_7416	1	492	0	0	0	0	0	0
dDocent_Contig_7423	1	334	0	0	0	0	0	0
dDocent_Contig_7430	1	431	0	0	0	0	0	0
dDocent_Contig_7432	1	501	0	0	0	0	0	0
dDocent_Contig_7434	1	373	0	0	0	0	0	0
dDocent_Contig_7435	1	413	0	0	0	0	0	0
dDocent_Contig_7451	1	275	0	0	0	0	0	0
dDocent_Contig_7453	1	462	0	0	0	0	0	0
dDocent_Contig_7456	1	519	0	0	0	0	0	0
dDocent_Contig_7461	1	319	0	0	0	0	0	0
dDocent_Contig_7471	1	455	0	0	0	0	0	0
dDocent_Contig_7475	1	351	0	0	0	0	0	0
dDocent_Contig_7478	1	292	0	0	0	0	0	0
dDocent_Contig_7480	1	454	0	0	0	0	0	0
dDocent_Contig_7481	1	464	0	0	0	0	0	0
dDocent_Contig_7502	1	233	0	0	0	0	0	0
dDocent_Contig_7503	1	382	0	0	0	0	0	0
dDocent_Contig_7505	1	396	0	0	0	0	0	0
dDocent_Contig_7510	1	315	0	0	0	0	0	0
dDocent_Contig_7513	1	370	0	0	0	0	0	0
dDocent_Contig_7515	1	397	0	0	0	0	0	0
dDocent_Contig_7516	1	447	0	0	0	0	0	0
dDocent_Contig_7517	1	401	0	0	0	0	0	0
dDocent_Contig_7521	1	256	0	0	0	0	0	0
dDocent_Contig_7527	1	349	0	0	0	0	0	0
dDocent_Contig_7528	1	476	0	0	0	0	0	0
dDocent_Contig_7529	1	309	0	0	0	0	0	0
dDocent_Contig_7534	1	419	0	0	0	0	0	0
dDocent_Contig_7543	1	390	0	0	0	0	0	0
dDocent_Contig_7549	1	408	0	0	0	0	0	0
dDocent_Contig_7555	1	483	0	0	0	0	0	0
dDocent_Contig_7567	1	370	0	0	0	0	0	0
dDocent_Contig_7577	1	314	0	0	0	0	0	0
dDocent_Contig_7578	1	405	0	0	0	0	0	0
dDocent_Contig_7585	1	486	0	0	0	0	0	0
dDocent_Contig_7587	1	459	0	0	0	0	0	0
dDocent_Contig_7596	1	366	0	0	0	0	0	0
dDocent_Contig_7597	1	310	0	0	0	0	0	0
dDocent_Contig_7620	1	399	0	0	0	0	0	0
dDocent_Contig_7623	1	414	0	0	0	0	0	0
dDocent_Contig_7629	1	478	0	0	0	0	0	0
dDocent_Contig_7636	1	412	0	0	0	0	0	0
dDocent_Contig_7638	1	369	0	0	0	0	0	0
dDocent_Contig_7645	1	482	0	0	0	0	0	0
dDocent_Contig_7662	1	393	0	0	0	0	0	0
dDocent_Contig_7671	1	354	0	0	0	0	0	0
dDocent_Contig_7680	1	347	0	0	0	0	0	0
dDocent_Contig_7682	1	273	0	0	0	0	0	0
dDocent_Contig_7701	1	388	0	0	0	0	0	0
dDocent_Contig_7711	1	394	0	0	0	0	0	0
dDocent_Contig_7715	1	390	0	0	0	0	0	0
dDocent_Contig_7724	1	469	0	0	0	0	0	0
dDocent_Contig_7729	1	470	0	0	0	0	0	0
dDocent_Contig_7731	1	320	0	0	0	0	0	0
dDocent_Contig_7737	1	484	0	0	0	0	0	0
dDocent_Contig_7739	1	471	0	0	0	0	0	0
dDocent_Contig_7745	1	439	0	0	0	0	0	0
dDocent_Contig_7772	1	419	0	0	0	0	0	0
dDocent_Contig_7774	1	428	0	0	0	0	0	0
dDocent_Contig_7779	1	404	0	0	0	0	0	0
dDocent_Contig_7784	1	459	0	0	0	0	0	0
dDocent_Contig_7786	1	348	0	0	0	0	0	0
dDocent_Contig_7791	1	484	0	0	0	0	0	0
dDocent_Contig_7799	1	394	0	0	0	0	0	0
dDocent_Contig_7800	1	370	0	0	0	0	0	0
dDocent_Contig_7801	1	357	0	0	0	0	0	0
dDocent_Contig_7804	1	350	0	0	0	0	0	0
dDocent_Contig_7805	1	432	0	0	0	0	0	0
dDocent_Contig_7807	1	370	0	0	0	0	0	0
dDocent_Contig_7812	1	433	0	0	0	0	0	0
dDocent_Contig_7813	1	395	0	0	0	0	0	0
dDocent_Contig_7814	1	462	0	0	0	0	0	0
dDocent_Contig_7816	1	487	0	0	0	0	0	0
dDocent_Contig_7825	1	439	0	0	0	0	0	0
dDocent_Contig_7830	1	388	0	0	0	0	0	0
dDocent_Contig_7831	1	296	0	0	0	0	0	0
dDocent_Contig_7836	1	328	0	0	0	0	0	0
dDocent_Contig_7845	1	445	0	0	0	0	0	0
dDocent_Contig_7854	1	378	0	0	0	0	0	0
dDocent_Contig_7855	1	438	0	0	0	0	0	0
dDocent_Contig_7856	1	500	0	0	0	0	0	0
dDocent_Contig_7867	1	468	0	0	0	0	0	0
dDocent_Contig_7873	1	397	0	0	0	0	0	0
dDocent_Contig_7879	1	343	0	0	0	0	0	0
dDocent_Contig_7880	1	363	0	0	0	0	0	0
dDocent_Contig_7882	1	404	0	0	0	0	0	0
dDocent_Contig_7883	1	441	0	0	0	0	0	0
dDocent_Contig_7890	1	403	0	0	0	0	0	0
dDocent_Contig_7898	1	328	0	0	0	0	0	0
dDocent_Contig_7906	1	493	0	0	0	0	0	0
dDocent_Contig_7910	1	247	0	0	0	0	0	0
dDocent_Contig_7911	1	388	0	0	0	0	0	0
dDocent_Contig_7913	1	499	0	0	0	0	0	0
dDocent_Contig_7916	1	510	0	0	0	0	0	0
dDocent_Contig_7919	1	376	0	0	0	0	0	0
dDocent_Contig_7921	1	350	0	0	0	0	0	0
dDocent_Contig_7923	1	277	0	0	0	0	0	0
dDocent_Contig_7927	1	419	0	0	0	0	0	0
dDocent_Contig_7941	1	480	0	0	0	0	0	0
dDocent_Contig_7944	1	379	0	0	0	0	0	0
dDocent_Contig_7946	1	461	0	0	0	0	0	0
dDocent_Contig_7950	1	381	0	0	0	0	0	0
dDocent_Contig_7951	1	302	0	0	0	0	0	0
dDocent_Contig_7958	1	364	0	0	0	0	0	0
dDocent_Contig_7963	1	462	0	0	0	0	0	0
dDocent_Contig_7971	1	452	0	0	0	0	0	0
dDocent_Contig_7975	1	351	0	0	0	0	0	0
dDocent_Contig_7978	1	386	0	0	0	0	0	0
dDocent_Contig_7980	1	375	0	0	0	0	0	0
dDocent_Contig_7981	1	471	0	0	0	0	0	0
dDocent_Contig_7993	1	393	0	0	0	0	0	0
dDocent_Contig_8005	1	314	0	0	0	0	0	0
dDocent_Contig_8006	1	424	0	0	0	0	0	0
dDocent_Contig_8007	1	354	0	0	0	0	0	0
dDocent_Contig_8031	1	311	0	0	0	0	0	0
dDocent_Contig_8032	1	258	0	0	0	0	0	0
dDocent_Contig_8033	1	410	0	0	0	0	0	0
dDocent_Contig_8035	1	398	0	0	0	0	0	0
dDocent_Contig_8036	1	513	0	0	0	0	0	0
dDocent_Contig_8038	1	433	0	0	0	0	0	0
dDocent_Contig_8041	1	503	0	0	0	0	0	0
dDocent_Contig_8044	1	349	0	0	0	0	0	0
dDocent_Contig_8052	1	369	0	0	0	0	0	0
dDocent_Contig_8060	1	504	0	0	0	0	0	0
dDocent_Contig_8062	1	427	0	0	0	0	0	0
dDocent_Contig_8067	1	412	0	0	0	0	0	0
dDocent_Contig_8074	1	399	0	0	0	0	0	0
dDocent_Contig_8076	1	419	0	0	0	0	0	0
dDocent_Contig_8083	1	373	0	0	0	0	0	0
dDocent_Contig_8084	1	292	0	0	0	0	0	0
dDocent_Contig_8086	1	476	0	0	0	0	0	0
dDocent_Contig_8102	1	466	0	0	0	0	0	0
dDocent_Contig_8109	1	396	0	0	0	0	0	0
dDocent_Contig_8110	1	273	0	0	0	0	0	0
dDocent_Contig_8116	1	393	0	0	0	0	0	0
dDocent_Contig_8125	1	448	0	0	0	0	0	0
dDocent_Contig_8135	1	360	0	0	0	0	0	0
dDocent_Contig_8137	1	351	0	0	0	0	0	0
dDocent_Contig_8138	1	449	0	0	0	0	0	0
dDocent_Contig_8141	1	314	0	0	0	0	0	0
dDocent_Contig_8142	1	295	0	0	0	0	0	0
dDocent_Contig_8148	1	414	0	0	0	0	0	0
dDocent_Contig_8154	1	401	0	0	0	0	0	0
dDocent_Contig_8155	1	398	0	0	0	0	0	0
dDocent_Contig_8166	1	454	0	0	0	0	0	0
dDocent_Contig_8167	1	436	0	0	0	0	0	0
dDocent_Contig_8183	1	381	0	0	0	0	0	0
dDocent_Contig_8192	1	432	0	0	0	0	0	0
dDocent_Contig_8206	1	452	0	0	0	0	0	0
dDocent_Contig_8214	1	252	0	0	0	0	0	0
dDocent_Contig_8223	1	462	0	0	0	0	0	0
dDocent_Contig_8230	1	307	0	0	0	0	0	0
dDocent_Contig_8231	1	432	0	0	0	0	0	0
dDocent_Contig_8235	1	458	0	0	0	0	0	0
dDocent_Contig_8241	1	385	0	0	0	0	0	0
dDocent_Contig_8243	1	381	0	0	0	0	0	0
dDocent_Contig_8255	1	361	0	0	0	0	0	0
dDocent_Contig_8259	1	416	0	0	0	0	0	0
dDocent_Contig_8260	1	306	0	0	0	0	0	0
dDocent_Contig_8265	1	415	0	0	0	0	0	0
dDocent_Contig_8268	1	364	0	0	0	0	0	0
dDocent_Contig_8285	1	390	0	0	0	0	0	0
dDocent_Contig_8286	1	252	0	0	0	0	0	0
dDocent_Contig_8291	1	368	0	0	0	0	0	0
dDocent_Contig_8299	1	365	0	0	0	0	0	0
dDocent_Contig_8306	1	343	0	0	0	0	0	0
dDocent_Contig_8339	1	290	0	0	0	0	0	0
dDocent_Contig_8342	1	374	0	0	0	0	0	0
dDocent_Contig_8343	1	400	0	0	0	0	0	0
dDocent_Contig_8344	1	516	0	0	0	0	0	0
dDocent_Contig_8347	1	402	0	0	0	0	0	0
dDocent_Contig_8359	1	406	0	0	0	0	0	0
dDocent_Contig_8363	1	469	0	0	0	0	0	0
dDocent_Contig_8364	1	409	0	0	0	0	0	0
dDocent_Contig_8373	1	401	0	0	0	0	0	0
dDocent_Contig_8375	1	430	0	0	0	0	0	0
dDocent_Contig_8378	1	264	0	0	0	0	0	0
dDocent_Contig_8380	1	493	0	0	0	0	0	0
dDocent_Contig_8382	1	344	0	0	0	0	0	0
dDocent_Contig_8383	1	416	0	0	0	0	0	0
dDocent_Contig_8385	1	330	0	0	0	0	0	0
dDocent_Contig_8391	1	396	0	0	0	0	0	0
dDocent_Contig_8392	1	299	0	0	0	0	0	0
dDocent_Contig_8396	1	279	0	0	0	0	0	0
dDocent_Contig_8408	1	363	0	0	0	0	0	0
dDocent_Contig_8410	1	459	0	0	0	0	0	0
dDocent_Contig_8415	1	426	0	0	0	0	0	0
dDocent_Contig_8416	1	340	0	0	0	0	0	0
dDocent_Contig_8417	1	418	0	0	0	0	0	0
dDocent_Contig_8422	1	332	0	0	0	0	0	0
dDocent_Contig_8424	1	362	0	0	0	0	0	0
dDocent_Contig_8429	1	409	0	0	0	0	0	0
dDocent_Contig_8431	1	352	0	0	0	0	0	0
dDocent_Contig_8435	1	405	0	0	0	0	0	0
dDocent_Contig_8438	1	370	0	0	0	0	0	0
dDocent_Contig_8445	1	487	0	0	0	0	0	0
dDocent_Contig_8447	1	297	0	0	0	0	0	0
dDocent_Contig_8454	1	436	0	0	0	0	0	0
dDocent_Contig_8463	1	316	0	0	0	0	0	0
dDocent_Contig_8464	1	434	0	0	0	0	0	0
dDocent_Contig_8465	1	320	0	0	0	0	0	0
dDocent_Contig_8470	1	470	0	0	0	0	0	0
dDocent_Contig_8472	1	483	0	0	0	0	0	0
dDocent_Contig_8475	1	510	0	0	0	0	0	0
dDocent_Contig_8476	1	502	0	0	0	0	0	0
dDocent_Contig_8486	1	350	0	0	0	0	0	0
dDocent_Contig_8487	1	377	0	0	0	0	0	0
dDocent_Contig_8496	1	395	0	0	0	0	0	0
dDocent_Contig_8497	1	420	0	0	0	0	0	0
dDocent_Contig_8501	1	374	0	0	0	0	0	0
dDocent_Contig_8506	1	380	0	0	0	0	0	0
dDocent_Contig_8507	1	372	0	0	0	0	0	0
dDocent_Contig_8517	1	368	0	0	0	0	0	0
dDocent_Contig_8518	1	265	0	0	0	0	0	0
dDocent_Contig_8524	1	324	0	0	0	0	0	0
dDocent_Contig_8527	1	385	0	0	0	0	0	0
dDocent_Contig_8535	1	402	0	0	0	0	0	0
dDocent_Contig_8541	1	312	0	0	0	0	0	0
dDocent_Contig_8554	1	385	0	0	0	0	0	0
dDocent_Contig_8564	1	350	0	0	0	0	0	0
dDocent_Contig_8569	1	465	0	0	0	0	0	0
dDocent_Contig_8580	1	313	0	0	0	0	0	0
dDocent_Contig_8583	1	390	0	0	0	0	0	0
dDocent_Contig_8597	1	368	0	0	0	0	0	0
dDocent_Contig_8607	1	394	0	0	0	0	0	0
dDocent_Contig_8619	1	348	0	0	0	0	0	0
dDocent_Contig_8621	1	370	0	0	0	0	0	0
dDocent_Contig_8630	1	294	0	0	0	0	0	0
dDocent_Contig_8631	1	283	0	0	0	0	0	0
dDocent_Contig_8632	1	366	0	0	0	0	0	0
dDocent_Contig_8633	1	454	0	0	0	0	0	0
dDocent_Contig_8634	1	505	0	0	0	0	0	0
dDocent_Contig_8650	1	310	0	0	0	0	0	0
dDocent_Contig_8667	1	375	0	0	0	0	0	0
dDocent_Contig_8669	1	448	0	0	0	0	0	0
dDocent_Contig_8671	1	337	0	0	0	0	0	0
dDocent_Contig_8672	1	372	0	0	0	0	0	0
dDocent_Contig_8673	1	404	0	0	0	0	0	0
dDocent_Contig_8676	1	404	0	0	0	0	0	0
dDocent_Contig_8698	1	479	0	0	0	0	0	0
dDocent_Contig_8709	1	387	0	0	0	0	0	0
dDocent_Contig_8717	1	489	0	0	0	0	0	0
dDocent_Contig_8724	1	405	0	0	0	0	0	0
dDocent_Contig_8728	1	301	0	0	0	0	0	0
dDocent_Contig_8731	1	397	0	0	0	0	0	0
dDocent_Contig_8744	1	431	0	0	0	0	0	0
dDocent_Contig_8751	1	353	0	0	0	0	0	0
dDocent_Contig_8774	1	466	0	0	0	0	0	0
dDocent_Contig_8779	1	283	0	0	0	0	0	0
dDocent_Contig_8793	1	387	0	0	0	0	0	0
dDocent_Contig_8796	1	441	0	0	0	0	0	0
dDocent_Contig_8820	1	421	0	0	0	0	0	0
dDocent_Contig_8821	1	403	0	0	0	0	0	0
dDocent_Contig_8822	1	461	0	0	0	0	0	0
dDocent_Contig_8842	1	429	0	0	0	0	0	0
dDocent_Contig_8843	1	358	0	0	0	0	0	0
dDocent_Contig_8871	1	418	0	0	0	0	0	0
dDocent_Contig_8872	1	405	0	0	0	0	0	0
dDocent_Contig_8880	1	249	0	0	0	0	0	0
dDocent_Contig_8887	1	363	0	0	0	0	0	0
dDocent_Contig_8892	1	384	0	0	0	0	0	0
dDocent_Contig_8933	1	384	0	0	0	0	0	0
dDocent_Contig_8934	1	402	0	0	0	0	0	0
dDocent_Contig_8944	1	319	0	0	0	0	0	0
dDocent_Contig_8983	1	299	0	0	0	0	0	0
dDocent_Contig_8984	1	394	0	0	0	0	0	0
dDocent_Contig_8988	1	436	0	0	0	0	0	0
dDocent_Contig_8991	1	438	0	0	0	0	0	0
dDocent_Contig_8993	1	301	0	0	0	0	0	0
dDocent_Contig_8994	1	392	0	0	0	0	0	0
dDocent_Contig_9001	1	430	0	0	0	0	0	0
dDocent_Contig_9002	1	438	0	0	0	0	0	0
dDocent_Contig_9009	1	371	0	0	0	0	0	0
dDocent_Contig_9020	1	394	0	0	0	0	0	0
dDocent_Contig_9021	1	416	0	0	0	0	0	0
dDocent_Contig_9022	1	394	0	0	0	0	0	0
dDocent_Contig_9025	1	419	0	0	0	0	0	0
dDocent_Contig_9030	1	376	0	0	0	0	0	0
dDocent_Contig_9033	1	335	0	0	0	0	0	0
dDocent_Contig_9037	1	455	0	0	0	0	0	0
dDocent_Contig_9042	1	430	0	0	0	0	0	0
dDocent_Contig_9044	1	265	0	0	0	0	0	0
dDocent_Contig_9049	1	421	0	0	0	0	0	0
dDocent_Contig_9078	1	451	0	0	0	0	0	0
dDocent_Contig_9082	1	474	0	0	0	0	0	0
dDocent_Contig_9084	1	444	0	0	0	0	0	0
dDocent_Contig_9085	1	424	0	0	0	0	0	0
dDocent_Contig_9087	1	333	0	0	0	0	0	0
dDocent_Contig_9088	1	381	0	0	0	0	0	0
dDocent_Contig_9104	1	495	0	0	0	0	0	0
dDocent_Contig_9105	1	345	0	0	0	0	0	0
dDocent_Contig_9106	1	389	0	0	0	0	0	0
dDocent_Contig_9107	1	360	0	0	0	0	0	0
dDocent_Contig_9108	1	306	0	0	0	0	0	0
dDocent_Contig_9113	1	432	0	0	0	0	0	0
dDocent_Contig_9115	1	433	0	0	0	0	0	0
dDocent_Contig_9117	1	373	0	0	0	0	0	0
dDocent_Contig_9120	1	375	0	0	0	0	0	0
dDocent_Contig_9126	1	328	0	0	0	0	0	0
dDocent_Contig_9127	1	337	0	0	0	0	0	0
dDocent_Contig_9129	1	400	0	0	0	0	0	0
dDocent_Contig_9130	1	307	0	0	0	0	0	0
dDocent_Contig_9131	1	499	0	0	0	0	0	0
dDocent_Contig_9133	1	342	0	0	0	0	0	0
dDocent_Contig_9134	1	407	0	0	0	0	0	0
dDocent_Contig_9137	1	393	0	0	0	0	0	0
dDocent_Contig_9140	1	266	0	0	0	0	0	0
dDocent_Contig_9141	1	393	0	0	0	0	0	0
dDocent_Contig_9142	1	354	0	0	0	0	0	0
dDocent_Contig_9144	1	404	0	0	0	0	0	0
dDocent_Contig_9145	1	266	0	0	0	0	0	0
dDocent_Contig_9146	1	338	0	0	0	0	0	0
dDocent_Contig_9148	1	284	0	0	0	0	0	0
dDocent_Contig_9151	1	437	0	0	0	0	0	0
dDocent_Contig_9154	1	283	0	0	0	0	0	0
dDocent_Contig_9155	1	408	0	0	0	0	0	0
dDocent_Contig_9159	1	386	0	0	0	0	0	0
dDocent_Contig_9166	1	458	0	0	0	0	0	0
dDocent_Contig_9168	1	279	0	0	0	0	0	0
dDocent_Contig_9170	1	439	0	0	0	0	0	0
dDocent_Contig_9172	1	286	0	0	0	0	0	0
dDocent_Contig_9175	1	387	0	0	0	0	0	0
dDocent_Contig_9176	1	348	0	0	0	0	0	0
dDocent_Contig_9181	1	427	0	0	0	0	0	0
dDocent_Contig_9183	1	386	0	0	0	0	0	0
dDocent_Contig_9187	1	417	0	0	0	0	0	0
dDocent_Contig_9188	1	292	0	0	0	0	0	0
dDocent_Contig_9189	1	408	0	0	0	0	0	0
dDocent_Contig_9194	1	379	0	0	0	0	0	0
dDocent_Contig_9197	1	363	0	0	0	0	0	0
dDocent_Contig_9198	1	395	0	0	0	0	0	0
dDocent_Contig_9199	1	300	0	0	0	0	0	0
dDocent_Contig_9203	1	312	0	0	0	0	0	0
dDocent_Contig_9207	1	382	0	0	0	0	0	0
dDocent_Contig_9211	1	396	0	0	0	0	0	0
dDocent_Contig_9212	1	426	0	0	0	0	0	0
dDocent_Contig_9214	1	406	0	0	0	0	0	0
dDocent_Contig_9215	1	376	0	0	0	0	0	0
dDocent_Contig_9217	1	330	0	0	0	0	0	0
dDocent_Contig_9229	1	375	0	0	0	0	0	0
dDocent_Contig_9231	1	364	0	0	0	0	0	0
dDocent_Contig_9234	1	408	0	0	0	0	0	0
dDocent_Contig_9236	1	365	0	0	0	0	0	0
dDocent_Contig_9237	1	489	0	0	0	0	0	0
dDocent_Contig_9238	1	377	0	0	0	0	0	0
dDocent_Contig_9243	1	334	0	0	0	0	0	0
dDocent_Contig_9244	1	388	0	0	0	0	0	0
dDocent_Contig_9248	1	442	0	0	0	0	0	0
dDocent_Contig_9250	1	344	0	0	0	0	0	0
dDocent_Contig_9251	1	240	0	0	0	0	0	0
dDocent_Contig_9252	1	442	0	0	0	0	0	0
dDocent_Contig_9257	1	412	0	0	0	0	0	0
dDocent_Contig_9258	1	308	0	0	0	0	0	0
dDocent_Contig_9259	1	390	0	0	0	0	0	0
dDocent_Contig_9266	1	292	0	0	0	0	0	0
dDocent_Contig_9268	1	381	0	0	0	0	0	0
dDocent_Contig_9269	1	397	0	0	0	0	0	0
dDocent_Contig_9270	1	407	0	0	0	0	0	0
dDocent_Contig_9279	1	398	0	0	0	0	0	0
dDocent_Contig_9280	1	383	0	0	0	0	0	0
dDocent_Contig_9281	1	396	0	0	0	0	0	0
dDocent_Contig_9288	1	345	0	0	0	0	0	0
dDocent_Contig_9289	1	392	0	0	0	0	0	0
dDocent_Contig_9295	1	434	0	0	0	0	0	0
dDocent_Contig_9297	1	492	0	0	0	0	0	0
dDocent_Contig_9301	1	292	0	0	0	0	0	0
dDocent_Contig_9302	1	342	0	0	0	0	0	0
dDocent_Contig_9303	1	458	0	0	0	0	0	0
dDocent_Contig_9304	1	473	0	0	0	0	0	0
dDocent_Contig_9306	1	371	0	0	0	0	0	0
dDocent_Contig_9307	1	308	0	0	0	0	0	0
dDocent_Contig_9310	1	377	0	0	0	0	0	0
dDocent_Contig_9311	1	438	0	0	0	0	0	0
dDocent_Contig_9312	1	363	0	0	0	0	0	0
dDocent_Contig_9316	1	421	0	0	0	0	0	0
dDocent_Contig_9318	1	460	0	0	0	0	0	0
dDocent_Contig_9319	1	346	0	0	0	0	0	0
dDocent_Contig_9320	1	351	0	0	0	0	0	0
dDocent_Contig_9323	1	384	0	0	0	0	0	0
dDocent_Contig_9324	1	304	0	0	0	0	0	0
dDocent_Contig_9325	1	440	0	0	0	0	0	0
dDocent_Contig_9326	1	381	0	0	0	0	0	0
dDocent_Contig_9330	1	358	0	0	0	0	0	0
dDocent_Contig_9333	1	311	0	0	0	0	0	0
dDocent_Contig_9335	1	255	0	0	0	0	0	0
dDocent_Contig_9336	1	377	0	0	0	0	0	0
dDocent_Contig_9338	1	269	0	0	0	0	0	0
dDocent_Contig_9346	1	483	0	0	0	0	0	0
dDocent_Contig_9349	1	384	0	0	0	0	0	0
dDocent_Contig_9351	1	353	0	0	0	0	0	0
dDocent_Contig_9352	1	338	0	0	0	0	0	0
dDocent_Contig_9353	1	425	0	0	0	0	0	0
dDocent_Contig_9354	1	319	0	0	0	0	0	0
dDocent_Contig_9355	1	391	0	0	0	0	0	0
dDocent_Contig_9367	1	382	0	0	0	0	0	0
dDocent_Contig_9368	1	422	0	0	0	0	0	0
dDocent_Contig_9370	1	416	0	0	0	0	0	0
dDocent_Contig_9371	1	305	0	0	0	0	0	0
dDocent_Contig_9374	1	452	0	0	0	0	0	0
dDocent_Contig_9376	1	340	0	0	0	0	0	0
dDocent_Contig_9378	1	277	0	0	0	0	0	0
dDocent_Contig_9379	1	389	0	0	0	0	0	0
dDocent_Contig_9380	1	370	0	0	0	0	0	0
dDocent_Contig_9382	1	237	0	0	0	0	0	0
dDocent_Contig_9383	1	238	0	0	0	0	0	0
dDocent_Contig_9384	1	424	0	0	0	0	0	0
dDocent_Contig_9387	1	442	0	0	0	0	0	0
dDocent_Contig_9390	1	401	0	0	0	0	0	0
dDocent_Contig_9391	1	373	0	0	0	0	0	0
dDocent_Contig_9393	1	354	0	0	0	0	0	0
dDocent_Contig_9395	1	402	0	0	0	0	0	0
dDocent_Contig_9396	1	395	0	0	0	0	0	0
dDocent_Contig_9397	1	319	0	0	0	0	0	0
dDocent_Contig_9398	1	246	0	0	0	0	0	0
dDocent_Contig_9400	1	319	0	0	0	0	0	0
dDocent_Contig_9402	1	264	0	0	0	0	0	0
dDocent_Contig_9404	1	227	0	0	0	0	0	0
dDocent_Contig_9413	1	224	0	0	0	0	0	0
dDocent_Contig_9415	1	423	0	0	0	0	0	0
dDocent_Contig_9416	1	400	0	0	0	0	0	0
dDocent_Contig_9419	1	457	0	0	0	0	0	0
dDocent_Contig_9420	1	316	0	0	0	0	0	0
dDocent_Contig_9421	1	406	0	0	0	0	0	0
dDocent_Contig_9422	1	419	0	0	0	0	0	0
dDocent_Contig_9423	1	396	0	0	0	0	0	0
dDocent_Contig_9433	1	348	0	0	0	0	0	0
dDocent_Contig_9438	1	312	0	0	0	0	0	0
dDocent_Contig_9439	1	439	0	0	0	0	0	0
dDocent_Contig_9444	1	306	0	0	0	0	0	0
dDocent_Contig_9446	1	240	0	0	0	0	0	0
dDocent_Contig_9448	1	392	0	0	0	0	0	0
dDocent_Contig_9449	1	381	0	0	0	0	0	0
dDocent_Contig_9451	1	445	0	0	0	0	0	0
dDocent_Contig_9452	1	404	0	0	0	0	0	0
dDocent_Contig_9457	1	378	0	0	0	0	0	0
dDocent_Contig_9461	1	353	0	0	0	0	0	0
dDocent_Contig_9465	1	357	0	0	0	0	0	0
dDocent_Contig_9468	1	391	0	0	0	0	0	0
dDocent_Contig_9470	1	338	0	0	0	0	0	0
dDocent_Contig_9471	1	390	0	0	0	0	0	0
dDocent_Contig_9472	1	325	0	0	0	0	0	0
dDocent_Contig_9473	1	342	0	0	0	0	0	0
dDocent_Contig_9474	1	290	0	0	0	0	0	0
dDocent_Contig_9475	1	443	0	0	0	0	0	0
dDocent_Contig_9477	1	338	0	0	0	0	0	0
dDocent_Contig_9478	1	332	0	0	0	0	0	0
dDocent_Contig_9487	1	349	0	0	0	0	0	0
dDocent_Contig_9488	1	286	0	0	0	0	0	0
dDocent_Contig_9489	1	363	0	0	0	0	0	0
dDocent_Contig_9490	1	409	0	0	0	0	0	0
dDocent_Contig_9491	1	405	0	0	0	0	0	0
dDocent_Contig_9495	1	327	0	0	0	0	0	0
dDocent_Contig_9497	1	352	0	0	0	0	0	0
dDocent_Contig_9498	1	430	0	0	0	0	0	0
dDocent_Contig_9500	1	421	0	0	0	0	0	0
dDocent_Contig_9501	1	304	0	0	0	0	0	0
dDocent_Contig_9502	1	494	0	0	0	0	0	0
dDocent_Contig_9504	1	380	0	0	0	0	0	0
dDocent_Contig_9508	1	366	0	0	0	0	0	0
dDocent_Contig_9514	1	407	0	0	0	0	0	0
dDocent_Contig_9517	1	323	0	0	0	0	0	0
dDocent_Contig_9519	1	306	0	0	0	0	0	0
dDocent_Contig_9525	1	327	0	0	0	0	0	0
dDocent_Contig_9526	1	249	0	0	0	0	0	0
dDocent_Contig_9529	1	393	0	0	0	0	0	0
dDocent_Contig_9530	1	290	0	0	0	0	0	0
dDocent_Contig_9531	1	475	0	0	0	0	0	0
dDocent_Contig_9534	1	294	0	0	0	0	0	0
dDocent_Contig_9536	1	383	0	0	0	0	0	0
dDocent_Contig_9540	1	486	0	0	0	0	0	0
dDocent_Contig_9543	1	334	0	0	0	0	0	0
dDocent_Contig_9544	1	295	0	0	0	0	0	0
dDocent_Contig_9545	1	354	0	0	0	0	0	0
dDocent_Contig_9548	1	409	0	0	0	0	0	0
dDocent_Contig_9549	1	339	0	0	0	0	0	0
dDocent_Contig_9550	1	370	0	0	0	0	0	0
dDocent_Contig_9551	1	371	0	0	0	0	0	0
dDocent_Contig_9552	1	458	0	0	0	0	0	0
dDocent_Contig_9557	1	388	0	0	0	0	0	0
dDocent_Contig_9558	1	335	0	0	0	0	0	0
dDocent_Contig_9559	1	403	0	0	0	0	0	0
dDocent_Contig_9560	1	513	0	0	0	0	0	0
dDocent_Contig_9562	1	417	0	0	0	0	0	0
dDocent_Contig_9564	1	341	0	0	0	0	0	0
dDocent_Contig_9573	1	362	0	0	0	0	0	0
dDocent_Contig_9578	1	362	0	0	0	0	0	0
dDocent_Contig_9583	1	398	0	0	0	0	0	0
dDocent_Contig_9584	1	381	0	0	0	0	0	0
dDocent_Contig_9585	1	329	0	0	0	0	0	0
dDocent_Contig_9587	1	405	0	0	0	0	0	0
dDocent_Contig_9588	1	364	0	0	0	0	0	0
dDocent_Contig_9590	1	354	0	0	0	0	0	0
dDocent_Contig_9594	1	457	0	0	0	0	0	0
dDocent_Contig_9599	1	376	0	0	0	0	0	0
dDocent_Contig_9601	1	447	0	0	0	0	0	0
dDocent_Contig_9602	1	460	0	0	0	0	0	0
dDocent_Contig_9606	1	415	0	0	0	0	0	0
dDocent_Contig_9607	1	399	0	0	0	0	0	0
dDocent_Contig_9613	1	441	0	0	0	0	0	0
dDocent_Contig_9614	1	407	0	0	0	0	0	0
dDocent_Contig_9616	1	398	0	0	0	0	0	0
dDocent_Contig_9620	1	484	0	0	0	0	0	0
dDocent_Contig_9621	1	420	0	0	0	0	0	0
dDocent_Contig_9625	1	268	0	0	0	0	0	0
dDocent_Contig_9626	1	301	0	0	0	0	0	0
dDocent_Contig_9627	1	470	0	0	0	0	0	0
dDocent_Contig_9631	1	371	0	0	0	0	0	0
dDocent_Contig_9632	1	336	0	0	0	0	0	0
dDocent_Contig_9634	1	437	0	0	0	0	0	0
dDocent_Contig_9635	1	387	0	0	0	0	0	0
dDocent_Contig_9637	1	343	0	0	0	0	0	0
dDocent_Contig_9638	1	406	0	0	0	0	0	0
dDocent_Contig_9639	1	286	0	0	0	0	0	0
dDocent_Contig_9641	1	373	0	0	0	0	0	0
dDocent_Contig_9642	1	406	0	0	0	0	0	0
dDocent_Contig_9643	1	357	0	0	0	0	0	0
dDocent_Contig_9644	1	349	0	0	0	0	0	0
dDocent_Contig_9651	1	400	0	0	0	0	0	0
dDocent_Contig_9654	1	343	0	0	0	0	0	0
dDocent_Contig_9657	1	377	0	0	0	0	0	0
dDocent_Contig_9658	1	381	0	0	0	0	0	0
dDocent_Contig_9663	1	398	0	0	0	0	0	0
dDocent_Contig_9664	1	425	0	0	0	0	0	0
dDocent_Contig_9665	1	399	0	0	0	0	0	0
dDocent_Contig_9666	1	255	0	0	0	0	0	0
dDocent_Contig_9667	1	398	0	0	0	0	0	0
dDocent_Contig_9668	1	446	0	0	0	0	0	0
dDocent_Contig_9669	1	385	0	0	0	0	0	0
dDocent_Contig_9670	1	371	0	0	0	0	0	0
dDocent_Contig_9671	1	378	0	0	0	0	0	0
dDocent_Contig_9672	1	398	0	0	0	0	0	0
dDocent_Contig_9676	1	434	0	0	0	0	0	0
dDocent_Contig_9682	1	473	0	0	0	0	0	0
dDocent_Contig_9684	1	344	0	0	0	0	0	0
dDocent_Contig_9685	1	316	0	0	0	0	0	0
dDocent_Contig_9686	1	400	0	0	0	0	0	0
dDocent_Contig_9687	1	401	0	0	0	0	0	0
dDocent_Contig_9688	1	400	0	0	0	0	0	0
dDocent_Contig_9696	1	487	0	0	0	0	0	0
dDocent_Contig_9699	1	379	0	0	0	0	0	0
dDocent_Contig_9700	1	409	0	0	0	0	0	0
dDocent_Contig_9704	1	313	0	0	0	0	0	0
dDocent_Contig_9709	1	423	0	0	0	0	0	0
dDocent_Contig_9710	1	409	0	0	0	0	0	0
dDocent_Contig_9711	1	363	0	0	0	0	0	0
dDocent_Contig_9713	1	336	0	0	0	0	0	0
dDocent_Contig_9715	1	439	0	0	0	0	0	0
dDocent_Contig_9718	1	507	0	0	0	0	0	0
dDocent_Contig_9720	1	467	0	0	0	0	0	0
dDocent_Contig_9722	1	355	0	0	0	0	0	0
dDocent_Contig_9724	1	346	0	0	0	0	0	0
dDocent_Contig_9725	1	418	0	0	0	0	0	0
dDocent_Contig_9730	1	404	0	0	0	0	0	0
dDocent_Contig_9732	1	349	0	0	0	0	0	0
dDocent_Contig_9737	1	494	0	0	0	0	0	0
dDocent_Contig_9741	1	357	0	0	0	0	0	0
dDocent_Contig_9743	1	357	0	0	0	0	0	0
dDocent_Contig_9746	1	347	0	0	0	0	0	0
dDocent_Contig_9747	1	412	0	0	0	0	0	0
dDocent_Contig_9748	1	382	0	0	0	0	0	0
dDocent_Contig_9749	1	383	0	0	0	0	0	0
dDocent_Contig_9750	1	305	0	0	0	0	0	0
dDocent_Contig_9751	1	347	0	0	0	0	0	0
dDocent_Contig_9753	1	423	0	0	0	0	0	0
dDocent_Contig_9754	1	392	0	0	0	0	0	0
dDocent_Contig_9756	1	367	0	0	0	0	0	0
dDocent_Contig_9757	1	343	0	0	0	0	0	0
dDocent_Contig_9758	1	396	0	0	0	0	0	0
dDocent_Contig_9759	1	376	0	0	0	0	0	0
dDocent_Contig_9760	1	344	0	0	0	0	0	0
dDocent_Contig_9762	1	358	0	0	0	0	0	0
dDocent_Contig_9763	1	365	0	0	0	0	0	0
dDocent_Contig_9768	1	389	0	0	0	0	0	0
dDocent_Contig_9769	1	402	0	0	0	0	0	0
dDocent_Contig_9771	1	403	0	0	0	0	0	0
dDocent_Contig_9775	1	378	0	0	0	0	0	0
dDocent_Contig_9781	1	478	0	0	0	0	0	0
dDocent_Contig_9784	1	419	0	0	0	0	0	0
dDocent_Contig_9787	1	391	0	0	0	0	0	0
dDocent_Contig_9790	1	304	0	0	0	0	0	0
dDocent_Contig_9791	1	396	0	0	0	0	0	0
dDocent_Contig_9793	1	364	0	0	0	0	0	0
dDocent_Contig_9794	1	387	0	0	0	0	0	0
dDocent_Contig_9800	1	384	0	0	0	0	0	0
dDocent_Contig_9801	1	373	0	0	0	0	0	0
dDocent_Contig_9802	1	387	0	0	0	0	0	0
dDocent_Contig_9803	1	325	0	0	0	0	0	0
dDocent_Contig_9804	1	376	0	0	0	0	0	0
dDocent_Contig_9805	1	408	0	0	0	0	0	0
dDocent_Contig_9811	1	289	0	0	0	0	0	0
dDocent_Contig_9821	1	403	0	0	0	0	0	0
dDocent_Contig_9822	1	329	0	0	0	0	0	0
dDocent_Contig_9823	1	334	0	0	0	0	0	0
dDocent_Contig_9824	1	385	0	0	0	0	0	0
dDocent_Contig_9826	1	362	0	0	0	0	0	0
dDocent_Contig_9828	1	327	0	0	0	0	0	0
dDocent_Contig_9829	1	394	0	0	0	0	0	0
dDocent_Contig_9831	1	370	0	0	0	0	0	0
dDocent_Contig_9835	1	316	0	0	0	0	0	0
dDocent_Contig_9837	1	398	0	0	0	0	0	0
dDocent_Contig_9838	1	408	0	0	0	0	0	0
dDocent_Contig_9839	1	340	0	0	0	0	0	0
dDocent_Contig_9840	1	326	0	0	0	0	0	0
dDocent_Contig_9844	1	396	0	0	0	0	0	0
dDocent_Contig_9845	1	432	0	0	0	0	0	0
dDocent_Contig_9847	1	451	0	0	0	0	0	0
dDocent_Contig_9849	1	239	0	0	0	0	0	0
dDocent_Contig_9850	1	363	0	0	0	0	0	0
dDocent_Contig_9851	1	318	0	0	0	0	0	0
dDocent_Contig_9852	1	440	0	0	0	0	0	0
dDocent_Contig_9855	1	354	0	0	0	0	0	0
dDocent_Contig_9858	1	369	0	0	0	0	0	0
dDocent_Contig_9859	1	365	0	0	0	0	0	0
dDocent_Contig_9860	1	435	0	0	0	0	0	0
dDocent_Contig_9866	1	404	0	0	0	0	0	0
dDocent_Contig_9872	1	340	0	0	0	0	0	0
dDocent_Contig_9873	1	449	0	0	0	0	0	0
dDocent_Contig_9876	1	393	0	0	0	0	0	0
dDocent_Contig_9880	1	463	0	0	0	0	0	0
dDocent_Contig_9881	1	457	0	0	0	0	0	0
dDocent_Contig_9891	1	392	0	0	0	0	0	0
dDocent_Contig_9892	1	368	0	0	0	0	0	0
dDocent_Contig_9894	1	438	0	0	0	0	0	0
dDocent_Contig_9895	1	411	0	0	0	0	0	0
dDocent_Contig_9896	1	428	0	0	0	0	0	0
dDocent_Contig_9897	1	400	0	0	0	0	0	0
dDocent_Contig_9898	1	384	0	0	0	0	0	0
dDocent_Contig_9899	1	301	0	0	0	0	0	0
dDocent_Contig_9900	1	357	0	0	0	0	0	0
dDocent_Contig_9904	1	454	0	0	0	0	0	0
dDocent_Contig_9905	1	266	0	0	0	0	0	0
dDocent_Contig_9907	1	383	0	0	0	0	0	0
dDocent_Contig_9910	1	397	0	0	0	0	0	0
dDocent_Contig_9912	1	310	0	0	0	0	0	0
dDocent_Contig_9915	1	402	0	0	0	0	0	0
dDocent_Contig_9916	1	334	0	0	0	0	0	0
dDocent_Contig_9917	1	381	0	0	0	0	0	0
dDocent_Contig_9921	1	387	0	0	0	0	0	0
dDocent_Contig_9922	1	426	0	0	0	0	0	0
dDocent_Contig_9925	1	396	0	0	0	0	0	0
dDocent_Contig_9926	1	285	0	0	0	0	0	0
dDocent_Contig_9932	1	399	0	0	0	0	0	0
dDocent_Contig_9935	1	508	0	0	0	0	0	0
dDocent_Contig_9938	1	386	0	0	0	0	0	0
dDocent_Contig_9939	1	261	0	0	0	0	0	0
dDocent_Contig_9940	1	321	0	0	0	0	0	0
dDocent_Contig_9941	1	375	0	0	0	0	0	0
dDocent_Contig_9947	1	350	0	0	0	0	0	0
dDocent_Contig_9948	1	473	0	0	0	0	0	0
dDocent_Contig_9958	1	392	0	0	0	0	0	0
dDocent_Contig_9962	1	406	0	0	0	0	0	0
dDocent_Contig_9965	1	357	0	0	0	0	0	0
dDocent_Contig_9966	1	397	0	0	0	0	0	0
dDocent_Contig_9973	1	499	0	0	0	0	0	0
dDocent_Contig_9975	1	396	0	0	0	0	0	0
dDocent_Contig_9980	1	339	0	0	0	0	0	0
dDocent_Contig_9981	1	388	0	0	0	0	0	0
dDocent_Contig_9982	1	427	0	0	0	0	0	0
dDocent_Contig_9983	1	431	0	0	0	0	0	0
dDocent_Contig_9986	1	385	0	0	0	0	0	0
dDocent_Contig_9988	1	421	0	0	0	0	0	0
dDocent_Contig_9990	1	329	0	0	0	0	0	0
dDocent_Contig_9991	1	346	0	0	0	0	0	0
dDocent_Contig_9992	1	295	0	0	0	0	0	0
dDocent_Contig_9997	1	297	0	0	0	0	0	0
dDocent_Contig_9998	1	371	0	0	0	0	0	0
dDocent_Contig_10001	1	397	0	0	0	0	0	0
dDocent_Contig_10002	1	295	0	0	0	0	0	0
dDocent_Contig_10005	1	393	0	0	0	0	0	0
dDocent_Contig_10037	1	386	0	0	0	0	0	0
dDocent_Contig_10046	1	326	0	0	0	0	0	0
dDocent_Contig_10050	1	389	0	0	0	0	0	0
dDocent_Contig_10051	1	460	0	0	0	0	0	0
dDocent_Contig_10059	1	396	0	0	0	0	0	0
dDocent_Contig_10060	1	344	0	0	0	0	0	0
dDocent_Contig_10061	1	435	0	0	0	0	0	0
dDocent_Contig_10066	1	326	0	0	0	0	0	0
dDocent_Contig_10067	1	298	0	0	0	0	0	0
dDocent_Contig_10071	1	354	0	0	0	0	0	0
dDocent_Contig_10080	1	414	0	0	0	0	0	0
dDocent_Contig_10085	1	287	0	0	0	0	0	0
dDocent_Contig_10089	1	358	0	0	0	0	0	0
dDocent_Contig_10090	1	413	0	0	0	0	0	0
dDocent_Contig_10091	1	465	0	0	0	0	0	0
dDocent_Contig_10092	1	486	0	0	0	0	0	0
dDocent_Contig_10098	1	356	0	0	0	0	0	0
dDocent_Contig_10111	1	331	0	0	0	0	0	0
dDocent_Contig_10112	1	401	0	0	0	0	0	0
dDocent_Contig_10116	1	493	0	0	0	0	0	0
dDocent_Contig_10119	1	407	0	0	0	0	0	0
dDocent_Contig_10126	1	484	0	0	0	0	0	0
dDocent_Contig_10129	1	408	0	0	0	0	0	0
dDocent_Contig_10135	1	492	0	0	0	0	0	0
dDocent_Contig_10137	1	234	0	0	0	0	0	0
dDocent_Contig_10165	1	341	0	0	0	0	0	0
dDocent_Contig_10168	1	383	0	0	0	0	0	0
dDocent_Contig_10177	1	423	0	0	0	0	0	0
dDocent_Contig_10178	1	436	0	0	0	0	0	0
dDocent_Contig_10183	1	419	0	0	0	0	0	0
dDocent_Contig_10187	1	386	0	0	0	0	0	0
dDocent_Contig_10201	1	439	0	0	0	0	0	0
dDocent_Contig_10207	1	326	0	0	0	0	0	0
dDocent_Contig_10214	1	401	0	0	0	0	0	0
dDocent_Contig_10215	1	435	0	0	0	0	0	0
dDocent_Contig_10219	1	493	0	0	0	0	0	0
dDocent_Contig_10237	1	423	0	0	0	0	0	0
dDocent_Contig_10247	1	478	0	0	0	0	0	0
dDocent_Contig_10252	1	416	0	0	0	0	0	0
dDocent_Contig_10253	1	388	0	0	0	0	0	0
dDocent_Contig_10256	1	442	0	0	0	0	0	0
dDocent_Contig_10258	1	363	0	0	0	0	0	0
dDocent_Contig_10261	1	444	0	0	0	0	0	0
dDocent_Contig_10263	1	306	0	0	0	0	0	0
dDocent_Contig_10264	1	447	0	0	0	0	0	0
dDocent_Contig_10281	1	263	0	0	0	0	0	0
dDocent_Contig_10284	1	445	0	0	0	0	0	0
dDocent_Contig_10289	1	335	0	0	0	0	0	0
dDocent_Contig_10290	1	408	0	0	0	0	0	0
dDocent_Contig_10294	1	399	0	0	0	0	0	0
dDocent_Contig_10299	1	343	0	0	0	0	0	0
dDocent_Contig_10411	1	476	0	0	0	0	0	0
dDocent_Contig_10420	1	474	0	0	0	0	0	0
dDocent_Contig_10421	1	402	0	0	0	0	0	0
dDocent_Contig_10436	1	466	0	0	0	0	0	0
dDocent_Contig_10439	1	380	0	0	0	0	0	0
dDocent_Contig_10442	1	418	0	0	0	0	0	0
dDocent_Contig_10443	1	271	0	0	0	0	0	0
dDocent_Contig_10462	1	370	0	0	0	0	0	0
dDocent_Contig_10479	1	369	0	0	0	0	0	0
dDocent_Contig_10481	1	467	0	0	0	0	0	0
dDocent_Contig_10482	1	425	0	0	0	0	0	0
dDocent_Contig_10497	1	418	0	0	0	0	0	0
dDocent_Contig_10502	1	460	0	0	0	0	0	0
dDocent_Contig_10505	1	387	0	0	0	0	0	0
dDocent_Contig_10509	1	378	0	0	0	0	0	0
dDocent_Contig_10512	1	343	0	0	0	0	0	0
dDocent_Contig_10524	1	469	0	0	0	0	0	0
dDocent_Contig_10525	1	229	0	0	0	0	0	0
dDocent_Contig_10527	1	468	0	0	0	0	0	0
dDocent_Contig_10533	1	324	0	0	0	0	0	0
dDocent_Contig_10534	1	352	0	0	0	0	0	0
dDocent_Contig_10536	1	330	0	0	0	0	0	0
dDocent_Contig_10539	1	342	0	0	0	0	0	0
dDocent_Contig_10542	1	398	0	0	0	0	0	0
dDocent_Contig_10543	1	392	0	0	0	0	0	0
dDocent_Contig_10544	1	315	0	0	0	0	0	0
dDocent_Contig_10546	1	320	0	0	0	0	0	0
dDocent_Contig_10548	1	509	0	0	0	0	0	0
dDocent_Contig_10550	1	324	0	0	0	0	0	0
dDocent_Contig_10555	1	432	0	0	0	0	0	0
dDocent_Contig_10559	1	447	0	0	0	0	0	0
dDocent_Contig_10560	1	446	0	0	0	0	0	0
dDocent_Contig_10569	1	357	0	0	0	0	0	0
dDocent_Contig_10570	1	427	0	0	0	0	0	0
dDocent_Contig_10592	1	472	0	0	0	0	0	0
dDocent_Contig_10600	1	352	0	0	0	0	0	0
dDocent_Contig_10603	1	467	0	0	0	0	0	0
dDocent_Contig_10612	1	449	0	0	0	0	0	0
dDocent_Contig_10623	1	264	0	0	0	0	0	0
dDocent_Contig_10628	1	398	0	0	0	0	0	0
dDocent_Contig_10633	1	278	0	0	0	0	0	0
dDocent_Contig_10634	1	503	0	0	0	0	0	0
dDocent_Contig_10636	1	391	0	0	0	0	0	0
dDocent_Contig_10637	1	381	0	0	0	0	0	0
dDocent_Contig_10641	1	330	0	0	0	0	0	0
dDocent_Contig_10651	1	506	0	0	0	0	0	0
dDocent_Contig_10653	1	401	0	0	0	0	0	0
dDocent_Contig_10657	1	298	0	0	0	0	0	0
dDocent_Contig_10677	1	297	0	0	0	0	0	0
dDocent_Contig_10718	1	417	0	0	0	0	0	0
dDocent_Contig_10733	1	453	0	0	0	0	0	0
dDocent_Contig_10746	1	329	0	0	0	0	0	0
dDocent_Contig_10752	1	358	0	0	0	0	0	0
dDocent_Contig_10753	1	345	0	0	0	0	0	0
dDocent_Contig_10773	1	366	0	0	0	0	0	0
dDocent_Contig_10786	1	331	0	0	0	0	0	0
dDocent_Contig_10810	1	233	0	0	0	0	0	0
dDocent_Contig_10814	1	307	0	0	0	0	0	0
dDocent_Contig_10825	1	359	0	0	0	0	0	0
dDocent_Contig_10826	1	312	0	0	0	0	0	0
dDocent_Contig_10853	1	454	0	0	0	0	0	0
dDocent_Contig_10873	1	447	0	0	0	0	0	0
dDocent_Contig_10879	1	370	0	0	0	0	0	0
dDocent_Contig_10884	1	270	0	0	0	0	0	0
dDocent_Contig_10887	1	463	0	0	0	0	0	0
dDocent_Contig_10892	1	400	0	0	0	0	0	0
dDocent_Contig_10894	1	227	0	0	0	0	0	0
dDocent_Contig_10897	1	298	0	0	0	0	0	0
dDocent_Contig_10898	1	289	0	0	0	0	0	0
dDocent_Contig_10900	1	255	0	0	0	0	0	0
dDocent_Contig_10905	1	385	0	0	0	0	0	0
dDocent_Contig_10919	1	374	0	0	0	0	0	0
dDocent_Contig_10933	1	388	0	0	0	0	0	0
dDocent_Contig_10934	1	338	0	0	0	0	0	0
dDocent_Contig_10939	1	406	0	0	0	0	0	0
dDocent_Contig_10948	1	413	0	0	0	0	0	0
dDocent_Contig_10950	1	290	0	0	0	0	0	0
dDocent_Contig_10951	1	360	0	0	0	0	0	0
dDocent_Contig_10952	1	407	0	0	0	0	0	0
dDocent_Contig_10956	1	431	0	0	0	0	0	0
dDocent_Contig_10966	1	481	0	0	0	0	0	0
dDocent_Contig_10968	1	287	0	0	0	0	0	0
dDocent_Contig_10972	1	427	0	0	0	0	0	0
dDocent_Contig_10976	1	431	0	0	0	0	0	0
dDocent_Contig_10979	1	369	0	0	0	0	0	0
dDocent_Contig_10981	1	417	0	0	0	0	0	0
dDocent_Contig_10983	1	388	0	0	0	0	0	0
dDocent_Contig_10985	1	254	0	0	0	0	0	0
dDocent_Contig_10989	1	341	0	0	0	0	0	0
dDocent_Contig_10998	1	508	0	0	0	0	0	0
dDocent_Contig_11001	1	341	0	0	0	0	0	0
dDocent_Contig_11008	1	243	0	0	0	0	0	0
dDocent_Contig_11009	1	403	0	0	0	0	0	0
dDocent_Contig_11011	1	439	0	0	0	0	0	0
dDocent_Contig_11015	1	410	0	0	0	0	0	0
dDocent_Contig_11033	1	405	0	0	0	0	0	0
dDocent_Contig_11034	1	349	0	0	0	0	0	0
dDocent_Contig_11036	1	455	0	0	0	0	0	0
dDocent_Contig_11051	1	311	0	0	0	0	0	0
dDocent_Contig_11053	1	348	0	0	0	0	0	0
dDocent_Contig_11054	1	369	0	0	0	0	0	0
dDocent_Contig_11055	1	380	0	0	0	0	0	0
dDocent_Contig_11059	1	290	0	0	0	0	0	0
dDocent_Contig_11064	1	286	0	0	0	0	0	0
dDocent_Contig_11071	1	249	0	0	0	0	0	0
dDocent_Contig_11073	1	398	0	0	0	0	0	0
dDocent_Contig_11077	1	303	0	0	0	0	0	0
dDocent_Contig_11083	1	350	0	0	0	0	0	0
dDocent_Contig_11089	1	471	0	0	0	0	0	0
dDocent_Contig_11092	1	469	0	0	0	0	0	0
dDocent_Contig_11099	1	336	0	0	0	0	0	0
dDocent_Contig_11105	1	340	0	0	0	0	0	0
dDocent_Contig_11122	1	329	0	0	0	0	0	0
dDocent_Contig_11127	1	317	0	0	0	0	0	0
dDocent_Contig_11135	1	502	0	0	0	0	0	0
dDocent_Contig_11136	1	371	0	0	0	0	0	0
dDocent_Contig_11143	1	472	0	0	0	0	0	0
dDocent_Contig_11172	1	381	0	0	0	0	0	0
dDocent_Contig_11174	1	249	0	0	0	0	0	0
dDocent_Contig_11177	1	372	0	0	0	0	0	0
dDocent_Contig_11180	1	360	0	0	0	0	0	0
dDocent_Contig_11181	1	389	0	0	0	0	0	0
dDocent_Contig_11183	1	455	0	0	0	0	0	0
dDocent_Contig_11184	1	368	0	0	0	0	0	0
dDocent_Contig_11200	1	351	0	0	0	0	0	0
dDocent_Contig_11201	1	414	0	0	0	0	0	0
dDocent_Contig_11204	1	461	0	0	0	0	0	0
dDocent_Contig_11209	1	384	0	0	0	0	0	0
dDocent_Contig_11210	1	412	0	0	0	0	0	0
dDocent_Contig_11240	1	361	0	0	0	0	0	0
dDocent_Contig_11248	1	371	0	0	0	0	0	0
dDocent_Contig_11250	1	291	0	0	0	0	0	0
dDocent_Contig_11252	1	357	0	0	0	0	0	0
dDocent_Contig_11257	1	334	0	0	0	0	0	0
dDocent_Contig_11260	1	327	0	0	0	0	0	0
dDocent_Contig_11261	1	305	0	0	0	0	0	0
dDocent_Contig_11262	1	404	0	0	0	0	0	0
dDocent_Contig_11263	1	412	0	0	0	0	0	0
dDocent_Contig_11274	1	343	0	0	0	0	0	0
dDocent_Contig_11275	1	480	0	0	0	0	0	0
dDocent_Contig_11283	1	420	0	0	0	0	0	0
dDocent_Contig_11291	1	438	0	0	0	0	0	0
dDocent_Contig_11294	1	323	0	0	0	0	0	0
dDocent_Contig_11300	1	399	0	0	0	0	0	0
dDocent_Contig_11308	1	407	0	0	0	0	0	0
dDocent_Contig_11322	1	378	0	0	0	0	0	0
dDocent_Contig_11334	1	452	0	0	0	0	0	0
dDocent_Contig_11338	1	504	0	0	0	0	0	0
dDocent_Contig_11350	1	338	0	0	0	0	0	0
dDocent_Contig_11365	1	337	0	0	0	0	0	0
dDocent_Contig_11408	1	384	0	0	0	0	0	0
dDocent_Contig_11409	1	391	0	0	0	0	0	0
dDocent_Contig_11410	1	388	0	0	0	0	0	0
dDocent_Contig_11415	1	357	0	0	0	0	0	0
dDocent_Contig_11419	1	411	0	0	0	0	0	0
dDocent_Contig_11428	1	453	0	0	0	0	0	0
dDocent_Contig_11439	1	457	0	0	0	0	0	0
dDocent_Contig_11443	1	443	0	0	0	0	0	0
dDocent_Contig_11444	1	394	0	0	0	0	0	0
dDocent_Contig_11446	1	493	0	0	0	0	0	0
dDocent_Contig_11457	1	361	0	0	0	0	0	0
dDocent_Contig_11459	1	405	0	0	0	0	0	0
dDocent_Contig_11468	1	434	0	0	0	0	0	0
dDocent_Contig_11475	1	380	0	0	0	0	0	0
dDocent_Contig_11494	1	395	0	0	0	0	0	0
dDocent_Contig_11508	1	499	0	0	0	0	0	0
dDocent_Contig_11518	1	295	0	0	0	0	0	0
dDocent_Contig_11556	1	372	0	0	0	0	0	0
dDocent_Contig_11558	1	353	0	0	0	0	0	0
dDocent_Contig_11562	1	344	0	0	0	0	0	0
dDocent_Contig_11563	1	305	0	0	0	0	0	0
dDocent_Contig_11564	1	331	0	0	0	0	0	0
dDocent_Contig_11572	1	247	0	0	0	0	0	0
dDocent_Contig_11573	1	427	0	0	0	0	0	0
dDocent_Contig_11576	1	314	0	0	0	0	0	0
dDocent_Contig_11586	1	461	0	0	0	0	0	0
dDocent_Contig_11593	1	356	0	0	0	0	0	0
dDocent_Contig_11616	1	358	0	0	0	0	0	0
dDocent_Contig_11624	1	423	0	0	0	0	0	0
dDocent_Contig_11631	1	303	0	0	0	0	0	0
dDocent_Contig_11632	1	313	0	0	0	0	0	0
dDocent_Contig_11635	1	438	0	0	0	0	0	0
dDocent_Contig_11646	1	391	0	0	0	0	0	0
dDocent_Contig_11660	1	365	0	0	0	0	0	0
dDocent_Contig_11668	1	358	0	0	0	0	0	0
dDocent_Contig_11675	1	456	0	0	0	0	0	0
dDocent_Contig_11682	1	392	0	0	0	0	0	0
dDocent_Contig_11684	1	383	0	0	0	0	0	0
dDocent_Contig_11685	1	332	0	0	0	0	0	0
dDocent_Contig_11688	1	420	0	0	0	0	0	0
dDocent_Contig_11690	1	357	0	0	0	0	0	0
dDocent_Contig_11734	1	315	0	0	0	0	0	0
dDocent_Contig_11737	1	411	0	0	0	0	0	0
dDocent_Contig_11739	1	354	0	0	0	0	0	0
dDocent_Contig_11741	1	461	0	0	0	0	0	0
dDocent_Contig_11756	1	249	0	0	0	0	0	0
dDocent_Contig_11758	1	490	0	0	0	0	0	0
dDocent_Contig_11763	1	374	0	0	0	0	0	0
dDocent_Contig_11766	1	387	0	0	0	0	0	0
dDocent_Contig_11770	1	403	0	0	0	0	0	0
dDocent_Contig_11785	1	311	0	0	0	0	0	0
dDocent_Contig_11794	1	422	0	0	0	0	0	0
dDocent_Contig_11796	1	381	0	0	0	0	0	0
dDocent_Contig_11797	1	401	0	0	0	0	0	0
dDocent_Contig_11803	1	380	0	0	0	0	0	0
dDocent_Contig_11811	1	382	0	0	0	0	0	0
dDocent_Contig_11814	1	359	0	0	0	0	0	0
dDocent_Contig_11817	1	512	0	0	0	0	0	0
dDocent_Contig_11827	1	345	0	0	0	0	0	0
dDocent_Contig_11829	1	392	0	0	0	0	0	0
dDocent_Contig_11832	1	394	0	0	0	0	0	0
dDocent_Contig_11840	1	328	0	0	0	0	0	0
dDocent_Contig_11841	1	354	0	0	0	0	0	0
dDocent_Contig_11843	1	367	0	0	0	0	0	0
dDocent_Contig_11844	1	445	0	0	0	0	0	0
dDocent_Contig_11850	1	402	0	0	0	0	0	0
dDocent_Contig_11855	1	422	0	0	0	0	0	0
dDocent_Contig_11857	1	437	0	0	0	0	0	0
dDocent_Contig_11861	1	335	0	0	0	0	0	0
dDocent_Contig_11863	1	379	0	0	0	0	0	0
dDocent_Contig_11872	1	398	0	0	0	0	0	0
dDocent_Contig_11878	1	412	0	0	0	0	0	0
dDocent_Contig_11879	1	358	0	0	0	0	0	0
dDocent_Contig_11886	1	348	0	0	0	0	0	0
dDocent_Contig_11887	1	417	0	0	0	0	0	0
dDocent_Contig_11888	1	326	0	0	0	0	0	0
dDocent_Contig_11892	1	338	0	0	0	0	0	0
dDocent_Contig_11895	1	403	0	0	0	0	0	0
dDocent_Contig_11899	1	399	0	0	0	0	0	0
dDocent_Contig_11901	1	414	0	0	0	0	0	0
dDocent_Contig_11903	1	343	0	0	0	0	0	0
dDocent_Contig_11906	1	246	0	0	0	0	0	0
dDocent_Contig_11912	1	499	0	0	0	0	0	0
dDocent_Contig_11914	1	457	0	0	0	0	0	0
dDocent_Contig_11916	1	413	0	0	0	0	0	0
dDocent_Contig_11917	1	495	0	0	0	0	0	0
dDocent_Contig_11920	1	393	0	0	0	0	0	0
dDocent_Contig_11934	1	341	0	0	0	0	0	0
dDocent_Contig_11935	1	436	0	0	0	0	0	0
dDocent_Contig_11939	1	362	0	0	0	0	0	0
dDocent_Contig_11941	1	373	0	0	0	0	0	0
dDocent_Contig_11948	1	408	0	0	0	0	0	0
dDocent_Contig_11949	1	402	0	0	0	0	0	0
dDocent_Contig_11951	1	396	0	0	0	0	0	0
dDocent_Contig_11957	1	379	0	0	0	0	0	0
dDocent_Contig_11958	1	397	0	0	0	0	0	0
dDocent_Contig_11968	1	465	0	0	0	0	0	0
dDocent_Contig_11972	1	344	0	0	0	0	0	0
dDocent_Contig_11975	1	428	0	0	0	0	0	0
dDocent_Contig_11982	1	350	0	0	0	0	0	0
dDocent_Contig_11988	1	487	0	0	0	0	0	0
dDocent_Contig_11991	1	393	0	0	0	0	0	0
dDocent_Contig_11999	1	445	0	0	0	0	0	0
dDocent_Contig_12013	1	430	0	0	0	0	0	0
dDocent_Contig_12015	1	374	0	0	0	0	0	0
dDocent_Contig_12016	1	384	0	0	0	0	0	0
dDocent_Contig_12021	1	382	0	0	0	0	0	0
dDocent_Contig_12025	1	251	0	0	0	0	0	0
dDocent_Contig_12026	1	503	0	0	0	0	0	0
dDocent_Contig_12035	1	309	0	0	0	0	0	0
dDocent_Contig_12039	1	432	0	0	0	0	0	0
dDocent_Contig_12042	1	473	0	0	0	0	0	0
dDocent_Contig_12043	1	384	0	0	0	0	0	0
dDocent_Contig_12058	1	365	0	0	0	0	0	0
dDocent_Contig_12064	1	411	0	0	0	0	0	0
dDocent_Contig_12069	1	433	0	0	0	0	0	0
dDocent_Contig_12073	1	354	0	0	0	0	0	0
dDocent_Contig_12076	1	488	0	0	0	0	0	0
dDocent_Contig_12084	1	456	0	0	0	0	0	0
dDocent_Contig_12086	1	493	0	0	0	0	0	0
dDocent_Contig_12088	1	436	0	0	0	0	0	0
dDocent_Contig_12090	1	275	0	0	0	0	0	0
dDocent_Contig_12092	1	420	0	0	0	0	0	0
dDocent_Contig_12098	1	355	0	0	0	0	0	0
dDocent_Contig_12112	1	472	0	0	0	0	0	0
dDocent_Contig_12118	1	242	0	0	0	0	0	0
dDocent_Contig_12119	1	370	0	0	0	0	0	0
dDocent_Contig_12132	1	335	0	0	0	0	0	0
dDocent_Contig_12138	1	436	0	0	0	0	0	0
dDocent_Contig_12141	1	439	0	0	0	0	0	0
dDocent_Contig_12147	1	395	0	0	0	0	0	0
dDocent_Contig_12168	1	241	0	0	0	0	0	0
dDocent_Contig_12174	1	447	0	0	0	0	0	0
dDocent_Contig_12177	1	378	0	0	0	0	0	0
dDocent_Contig_12178	1	517	0	0	0	0	0	0
dDocent_Contig_12180	1	407	0	0	0	0	0	0
dDocent_Contig_12204	1	366	0	0	0	0	0	0
dDocent_Contig_12250	1	435	0	0	0	0	0	0
dDocent_Contig_12260	1	306	0	0	0	0	0	0
dDocent_Contig_12278	1	373	0	0	0	0	0	0
dDocent_Contig_12282	1	362	0	0	0	0	0	0
dDocent_Contig_12284	1	252	0	0	0	0	0	0
dDocent_Contig_12287	1	332	0	0	0	0	0	0
dDocent_Contig_12288	1	333	0	0	0	0	0	0
dDocent_Contig_12294	1	348	0	0	0	0	0	0
dDocent_Contig_12300	1	299	0	0	0	0	0	0
dDocent_Contig_12303	1	399	0	0	0	0	0	0
dDocent_Contig_12305	1	340	0	0	0	0	0	0
dDocent_Contig_12316	1	452	0	0	0	0	0	0
dDocent_Contig_12322	1	390	0	0	0	0	0	0
dDocent_Contig_12325	1	287	0	0	0	0	0	0
dDocent_Contig_12330	1	395	0	0	0	0	0	0
dDocent_Contig_12331	1	428	0	0	0	0	0	0
dDocent_Contig_12349	1	383	0	0	0	0	0	0
dDocent_Contig_12356	1	363	0	0	0	0	0	0
dDocent_Contig_12358	1	393	0	0	0	0	0	0
dDocent_Contig_12363	1	326	0	0	0	0	0	0
dDocent_Contig_12370	1	366	0	0	0	0	0	0
dDocent_Contig_12372	1	319	0	0	0	0	0	0
dDocent_Contig_12373	1	431	0	0	0	0	0	0
dDocent_Contig_12375	1	364	0	0	0	0	0	0
dDocent_Contig_12384	1	369	0	0	0	0	0	0
dDocent_Contig_12393	1	325	0	0	0	0	0	0
dDocent_Contig_12414	1	496	0	0	0	0	0	0
dDocent_Contig_12417	1	308	0	0	0	0	0	0
dDocent_Contig_12424	1	400	0	0	0	0	0	0
dDocent_Contig_12430	1	384	0	0	0	0	0	0
dDocent_Contig_12442	1	424	0	0	0	0	0	0
dDocent_Contig_12450	1	413	0	0	0	0	0	0
dDocent_Contig_12456	1	370	0	0	0	0	0	0
dDocent_Contig_12472	1	377	0	0	0	0	0	0
dDocent_Contig_12473	1	401	0	0	0	0	0	0
dDocent_Contig_12476	1	331	0	0	0	0	0	0
dDocent_Contig_12479	1	454	0	0	0	0	0	0
dDocent_Contig_12491	1	518	0	0	0	0	0	0
dDocent_Contig_12497	1	332	0	0	0	0	0	0
dDocent_Contig_12500	1	419	0	0	0	0	0	0
dDocent_Contig_12508	1	354	0	0	0	0	0	0
dDocent_Contig_12510	1	362	0	0	0	0	0	0
dDocent_Contig_12515	1	366	0	0	0	0	0	0
dDocent_Contig_12517	1	408	0	0	0	0	0	0
dDocent_Contig_12518	1	438	0	0	0	0	0	0
dDocent_Contig_12542	1	361	0	0	0	0	0	0
dDocent_Contig_12546	1	410	0	0	0	0	0	0
dDocent_Contig_12548	1	420	0	0	0	0	0	0
dDocent_Contig_12550	1	326	0	0	0	0	0	0
dDocent_Contig_12551	1	336	0	0	0	0	0	0
dDocent_Contig_12553	1	367	0	0	0	0	0	0
dDocent_Contig_12554	1	489	0	0	0	0	0	0
dDocent_Contig_12557	1	312	0	0	0	0	0	0
dDocent_Contig_12561	1	324	0	0	0	0	0	0
dDocent_Contig_12564	1	323	0	0	0	0	0	0
dDocent_Contig_12567	1	383	0	0	0	0	0	0
dDocent_Contig_12570	1	395	0	0	0	0	0	0
dDocent_Contig_12576	1	349	0	0	0	0	0	0
dDocent_Contig_12577	1	374	0	0	0	0	0	0
dDocent_Contig_12601	1	410	0	0	0	0	0	0
dDocent_Contig_12603	1	490	0	0	0	0	0	0
dDocent_Contig_12605	1	488	0	0	0	0	0	0
dDocent_Contig_12606	1	495	0	0	0	0	0	0
dDocent_Contig_12610	1	312	0	0	0	0	0	0
dDocent_Contig_12611	1	382	0	0	0	0	0	0
dDocent_Contig_12625	1	491	0	0	0	0	0	0
dDocent_Contig_12639	1	319	0	0	0	0	0	0
dDocent_Contig_12641	1	389	0	0	0	0	0	0
dDocent_Contig_12642	1	329	0	0	0	0	0	0
dDocent_Contig_12643	1	402	0	0	0	0	0	0
dDocent_Contig_12644	1	283	0	0	0	0	0	0
dDocent_Contig_12646	1	349	0	0	0	0	0	0
dDocent_Contig_12648	1	350	0	0	0	0	0	0
dDocent_Contig_12653	1	351	0	0	0	0	0	0
dDocent_Contig_12654	1	424	0	0	0	0	0	0
dDocent_Contig_12656	1	328	0	0	0	0	0	0
dDocent_Contig_12659	1	392	0	0	0	0	0	0
dDocent_Contig_12661	1	453	0	0	0	0	0	0
dDocent_Contig_12671	1	409	0	0	0	0	0	0
dDocent_Contig_12674	1	477	0	0	0	0	0	0
dDocent_Contig_12677	1	278	0	0	0	0	0	0
dDocent_Contig_12678	1	407	0	0	0	0	0	0
dDocent_Contig_12679	1	401	0	0	0	0	0	0
dDocent_Contig_12681	1	385	0	0	0	0	0	0
dDocent_Contig_12689	1	380	0	0	0	0	0	0
dDocent_Contig_12691	1	297	0	0	0	0	0	0
dDocent_Contig_12694	1	472	0	0	0	0	0	0
dDocent_Contig_12702	1	328	0	0	0	0	0	0
dDocent_Contig_12703	1	403	0	0	0	0	0	0
dDocent_Contig_12705	1	442	0	0	0	0	0	0
dDocent_Contig_12707	1	402	0	0	0	0	0	0
dDocent_Contig_12714	1	388	0	0	0	0	0	0
dDocent_Contig_12718	1	519	0	0	0	0	0	0
dDocent_Contig_12720	1	356	0	0	0	0	0	0
dDocent_Contig_12727	1	385	0	0	0	0	0	0
dDocent_Contig_12728	1	408	0	0	0	0	0	0
dDocent_Contig_12730	1	440	0	0	0	0	0	0
dDocent_Contig_12731	1	401	0	0	0	0	0	0
dDocent_Contig_12736	1	398	0	0	0	0	0	0
dDocent_Contig_12743	1	376	0	0	0	0	0	0
dDocent_Contig_12748	1	368	0	0	0	0	0	0
dDocent_Contig_12753	1	410	0	0	0	0	0	0
dDocent_Contig_12754	1	434	0	0	0	0	0	0
dDocent_Contig_12758	1	386	0	0	0	0	0	0
dDocent_Contig_12767	1	425	0	0	0	0	0	0
dDocent_Contig_12770	1	427	0	0	0	0	0	0
dDocent_Contig_12771	1	381	0	0	0	0	0	0
dDocent_Contig_12775	1	406	0	0	0	0	0	0
dDocent_Contig_12778	1	360	0	0	0	0	0	0
dDocent_Contig_12780	1	418	0	0	0	0	0	0
dDocent_Contig_12782	1	477	0	0	0	0	0	0
dDocent_Contig_12783	1	384	0	0	0	0	0	0
dDocent_Contig_12792	1	385	0	0	0	0	0	0
dDocent_Contig_12807	1	451	0	0	0	0	0	0
dDocent_Contig_12808	1	255	0	0	0	0	0	0
dDocent_Contig_12810	1	379	0	0	0	0	0	0
dDocent_Contig_12818	1	430	0	0	0	0	0	0
dDocent_Contig_12831	1	244	0	0	0	0	0	0
dDocent_Contig_12835	1	465	0	0	0	0	0	0
dDocent_Contig_12836	1	427	0	0	0	0	0	0
dDocent_Contig_12840	1	425	0	0	0	0	0	0
dDocent_Contig_12843	1	361	0	0	0	0	0	0
dDocent_Contig_12859	1	401	0	0	0	0	0	0
dDocent_Contig_12868	1	448	0	0	0	0	0	0
dDocent_Contig_12869	1	357	0	0	0	0	0	0
dDocent_Contig_12870	1	490	0	0	0	0	0	0
dDocent_Contig_12875	1	346	0	0	0	0	0	0
dDocent_Contig_12876	1	471	0	0	0	0	0	0
dDocent_Contig_12884	1	499	0	0	0	0	0	0
dDocent_Contig_12902	1	374	0	0	0	0	0	0
dDocent_Contig_12908	1	382	0	0	0	0	0	0
dDocent_Contig_12909	1	404	0	0	0	0	0	0
dDocent_Contig_12917	1	358	0	0	0	0	0	0
dDocent_Contig_12928	1	410	0	0	0	0	0	0
dDocent_Contig_12930	1	424	0	0	0	0	0	0
dDocent_Contig_12931	1	484	0	0	0	0	0	0
dDocent_Contig_12937	1	389	0	0	0	0	0	0
dDocent_Contig_12938	1	450	0	0	0	0	0	0
dDocent_Contig_12941	1	333	0	0	0	0	0	0
dDocent_Contig_12942	1	419	0	0	0	0	0	0
dDocent_Contig_12945	1	410	0	0	0	0	0	0
dDocent_Contig_12963	1	379	0	0	0	0	0	0
dDocent_Contig_12965	1	316	0	0	0	0	0	0
dDocent_Contig_12971	1	365	0	0	0	0	0	0
dDocent_Contig_12979	1	444	0	0	0	0	0	0
dDocent_Contig_12980	1	269	0	0	0	0	0	0
dDocent_Contig_12984	1	265	0	0	0	0	0	0
dDocent_Contig_12991	1	354	0	0	0	0	0	0
dDocent_Contig_12995	1	434	0	0	0	0	0	0
dDocent_Contig_12996	1	396	0	0	0	0	0	0
dDocent_Contig_12999	1	367	0	0	0	0	0	0
dDocent_Contig_13004	1	395	0	0	0	0	0	0
dDocent_Contig_13005	1	344	0	0	0	0	0	0
dDocent_Contig_13017	1	331	0	0	0	0	0	0
dDocent_Contig_13028	1	390	0	0	0	0	0	0
dDocent_Contig_13043	1	395	0	0	0	0	0	0
dDocent_Contig_13047	1	332	0	0	0	0	0	0
dDocent_Contig_13048	1	372	0	0	0	0	0	0
dDocent_Contig_13049	1	293	0	0	0	0	0	0
dDocent_Contig_13051	1	374	0	0	0	0	0	0
dDocent_Contig_13059	1	360	0	0	0	0	0	0
dDocent_Contig_13061	1	399	0	0	0	0	0	0
dDocent_Contig_13067	1	399	0	0	0	0	0	0
dDocent_Contig_13068	1	358	0	0	0	0	0	0
dDocent_Contig_13091	1	315	0	0	0	0	0	0
dDocent_Contig_13094	1	395	0	0	0	0	0	0
dDocent_Contig_13095	1	352	0	0	0	0	0	0
dDocent_Contig_13097	1	359	0	0	0	0	0	0
dDocent_Contig_13100	1	321	0	0	0	0	0	0
dDocent_Contig_13104	1	406	0	0	0	0	0	0
dDocent_Contig_13117	1	357	0	0	0	0	0	0
dDocent_Contig_13119	1	413	0	0	0	0	0	0
dDocent_Contig_13124	1	423	0	0	0	0	0	0
dDocent_Contig_13125	1	460	0	0	0	0	0	0
dDocent_Contig_13127	1	413	0	0	0	0	0	0
dDocent_Contig_13131	1	366	0	0	0	0	0	0
dDocent_Contig_13135	1	418	0	0	0	0	0	0
dDocent_Contig_13146	1	267	0	0	0	0	0	0
dDocent_Contig_13168	1	415	0	0	0	0	0	0
dDocent_Contig_13171	1	418	0	0	0	0	0	0
dDocent_Contig_13174	1	303	0	0	0	0	0	0
dDocent_Contig_13195	1	242	0	0	0	0	0	0
dDocent_Contig_13206	1	376	0	0	0	0	0	0
dDocent_Contig_13215	1	361	0	0	0	0	0	0
dDocent_Contig_13218	1	429	0	0	0	0	0	0
dDocent_Contig_13222	1	435	0	0	0	0	0	0
dDocent_Contig_13224	1	365	0	0	0	0	0	0
dDocent_Contig_13225	1	387	0	0	0	0	0	0
dDocent_Contig_13226	1	423	0	0	0	0	0	0
dDocent_Contig_13231	1	391	0	0	0	0	0	0
dDocent_Contig_13237	1	396	0	0	0	0	0	0
dDocent_Contig_13239	1	360	0	0	0	0	0	0
dDocent_Contig_13240	1	458	0	0	0	0	0	0
dDocent_Contig_13247	1	299	0	0	0	0	0	0
dDocent_Contig_13251	1	322	0	0	0	0	0	0
dDocent_Contig_13257	1	421	0	0	0	0	0	0
dDocent_Contig_13270	1	415	0	0	0	0	0	0
dDocent_Contig_13274	1	436	0	0	0	0	0	0
dDocent_Contig_13276	1	426	0	0	0	0	0	0
dDocent_Contig_13278	1	476	0	0	0	0	0	0
dDocent_Contig_13285	1	261	0	0	0	0	0	0
dDocent_Contig_13292	1	402	0	0	0	0	0	0
dDocent_Contig_13293	1	339	0	0	0	0	0	0
dDocent_Contig_13295	1	441	0	0	0	0	0	0
dDocent_Contig_13296	1	236	0	0	0	0	0	0
dDocent_Contig_13334	1	413	0	0	0	0	0	0
dDocent_Contig_13336	1	366	0	0	0	0	0	0
dDocent_Contig_13346	1	479	0	0	0	0	0	0
dDocent_Contig_13365	1	325	0	0	0	0	0	0
dDocent_Contig_13368	1	382	0	0	0	0	0	0
dDocent_Contig_13373	1	381	0	0	0	0	0	0
dDocent_Contig_13379	1	481	0	0	0	0	0	0
dDocent_Contig_13380	1	319	0	0	0	0	0	0
dDocent_Contig_13395	1	297	0	0	0	0	0	0
dDocent_Contig_13408	1	306	0	0	0	0	0	0
dDocent_Contig_13413	1	369	0	0	0	0	0	0
dDocent_Contig_13426	1	292	0	0	0	0	0	0
dDocent_Contig_13430	1	402	0	0	0	0	0	0
dDocent_Contig_13439	1	370	0	0	0	0	0	0
dDocent_Contig_13440	1	310	0	0	0	0	0	0
dDocent_Contig_13448	1	506	0	0	0	0	0	0
dDocent_Contig_13453	1	468	0	0	0	0	0	0
dDocent_Contig_13455	1	404	0	0	0	0	0	0
dDocent_Contig_13459	1	226	0	0	0	0	0	0
dDocent_Contig_13460	1	367	0	0	0	0	0	0
dDocent_Contig_13462	1	381	0	0	0	0	0	0
dDocent_Contig_13464	1	346	0	0	0	0	0	0
dDocent_Contig_13469	1	411	0	0	0	0	0	0
dDocent_Contig_13481	1	420	0	0	0	0	0	0
dDocent_Contig_13482	1	386	0	0	0	0	0	0
dDocent_Contig_13494	1	402	0	0	0	0	0	0
dDocent_Contig_13503	1	341	0	0	0	0	0	0
dDocent_Contig_13507	1	370	0	0	0	0	0	0
dDocent_Contig_13518	1	499	0	0	0	0	0	0
dDocent_Contig_13525	1	343	0	0	0	0	0	0
dDocent_Contig_13529	1	328	0	0	0	0	0	0
dDocent_Contig_13545	1	338	0	0	0	0	0	0
dDocent_Contig_13555	1	337	0	0	0	0	0	0
dDocent_Contig_13558	1	419	0	0	0	0	0	0
dDocent_Contig_13570	1	326	0	0	0	0	0	0
dDocent_Contig_13573	1	483	0	0	0	0	0	0
dDocent_Contig_13582	1	419	0	0	0	0	0	0
dDocent_Contig_13583	1	400	0	0	0	0	0	0
dDocent_Contig_13586	1	434	0	0	0	0	0	0
dDocent_Contig_13602	1	392	0	0	0	0	0	0
dDocent_Contig_13604	1	286	0	0	0	0	0	0
dDocent_Contig_13608	1	341	0	0	0	0	0	0
dDocent_Contig_13616	1	416	0	0	0	0	0	0
dDocent_Contig_13618	1	413	0	0	0	0	0	0
dDocent_Contig_13629	1	445	0	0	0	0	0	0
dDocent_Contig_13638	1	390	0	0	0	0	0	0
dDocent_Contig_13644	1	407	0	0	0	0	0	0
dDocent_Contig_13657	1	245	0	0	0	0	0	0
dDocent_Contig_13661	1	470	0	0	0	0	0	0
dDocent_Contig_13694	1	400	0	0	0	0	0	0
dDocent_Contig_13695	1	377	0	0	0	0	0	0
dDocent_Contig_13700	1	399	0	0	0	0	0	0
dDocent_Contig_13705	1	325	0	0	0	0	0	0
dDocent_Contig_13710	1	351	0	0	0	0	0	0
dDocent_Contig_13711	1	243	0	0	0	0	0	0
dDocent_Contig_13733	1	267	0	0	0	0	0	0
dDocent_Contig_13734	1	479	0	0	0	0	0	0
dDocent_Contig_13736	1	439	0	0	0	0	0	0
dDocent_Contig_13757	1	348	0	0	0	0	0	0
dDocent_Contig_13768	1	411	0	0	0	0	0	0
dDocent_Contig_13770	1	436	0	0	0	0	0	0
dDocent_Contig_13780	1	363	0	0	0	0	0	0
dDocent_Contig_13785	1	280	0	0	0	0	0	0
dDocent_Contig_13803	1	323	0	0	0	0	0	0
dDocent_Contig_13805	1	397	0	0	0	0	0	0
dDocent_Contig_13806	1	328	0	0	0	0	0	0
dDocent_Contig_13807	1	399	0	0	0	0	0	0
dDocent_Contig_13816	1	303	0	0	0	0	0	0
dDocent_Contig_13817	1	299	0	0	0	0	0	0
dDocent_Contig_13818	1	366	0	0	0	0	0	0
dDocent_Contig_13822	1	391	0	0	0	0	0	0
dDocent_Contig_13826	1	268	0	0	0	0	0	0
dDocent_Contig_13830	1	402	0	0	0	0	0	0
dDocent_Contig_13855	1	427	0	0	0	0	0	0
dDocent_Contig_13857	1	331	0	0	0	0	0	0
dDocent_Contig_13859	1	456	0	0	0	0	0	0
dDocent_Contig_13867	1	319	0	0	0	0	0	0
dDocent_Contig_13868	1	369	0	0	0	0	0	0
dDocent_Contig_13881	1	511	0	0	0	0	0	0
dDocent_Contig_13900	1	477	0	0	0	0	0	0
dDocent_Contig_13934	1	338	0	0	0	0	0	0
dDocent_Contig_13935	1	327	0	0	0	0	0	0
dDocent_Contig_13943	1	489	0	0	0	0	0	0
dDocent_Contig_13944	1	435	0	0	0	0	0	0
dDocent_Contig_13965	1	296	0	0	0	0	0	0
dDocent_Contig_13983	1	371	0	0	0	0	0	0
dDocent_Contig_13985	1	439	0	0	0	0	0	0
dDocent_Contig_14003	1	446	0	0	0	0	0	0
dDocent_Contig_14005	1	290	0	0	0	0	0	0
dDocent_Contig_14006	1	299	0	0	0	0	0	0
dDocent_Contig_14008	1	388	0	0	0	0	0	0
dDocent_Contig_14010	1	509	0	0	0	0	0	0
dDocent_Contig_14015	1	489	0	0	0	0	0	0
dDocent_Contig_14016	1	320	0	0	0	0	0	0
dDocent_Contig_14025	1	369	0	0	0	0	0	0
dDocent_Contig_14029	1	418	0	0	0	0	0	0
dDocent_Contig_14031	1	386	0	0	0	0	0	0
dDocent_Contig_14033	1	443	0	0	0	0	0	0
dDocent_Contig_14043	1	324	0	0	0	0	0	0
dDocent_Contig_14045	1	413	0	0	0	0	0	0
dDocent_Contig_14047	1	369	0	0	0	0	0	0
dDocent_Contig_14049	1	320	0	0	0	0	0	0
dDocent_Contig_14056	1	354	0	0	0	0	0	0
dDocent_Contig_14076	1	482	0	0	0	0	0	0
dDocent_Contig_14085	1	255	0	0	0	0	0	0
dDocent_Contig_14087	1	391	0	0	0	0	0	0
dDocent_Contig_14088	1	425	0	0	0	0	0	0
dDocent_Contig_14089	1	393	0	0	0	0	0	0
dDocent_Contig_14102	1	292	0	0	0	0	0	0
dDocent_Contig_14104	1	409	0	0	0	0	0	0
dDocent_Contig_14105	1	362	0	0	0	0	0	0
dDocent_Contig_14107	1	482	0	0	0	0	0	0
dDocent_Contig_14109	1	379	0	0	0	0	0	0
dDocent_Contig_14120	1	370	0	0	0	0	0	0
dDocent_Contig_14123	1	254	0	0	0	0	0	0
dDocent_Contig_14125	1	323	0	0	0	0	0	0
dDocent_Contig_14126	1	393	0	0	0	0	0	0
dDocent_Contig_14128	1	391	0	0	0	0	0	0
dDocent_Contig_14131	1	318	0	0	0	0	0	0
dDocent_Contig_14146	1	277	0	0	0	0	0	0
dDocent_Contig_14153	1	369	0	0	0	0	0	0
dDocent_Contig_14165	1	372	0	0	0	0	0	0
dDocent_Contig_14166	1	364	0	0	0	0	0	0
dDocent_Contig_14167	1	389	0	0	0	0	0	0
dDocent_Contig_14169	1	363	0	0	0	0	0	0
dDocent_Contig_14176	1	414	0	0	0	0	0	0
dDocent_Contig_14177	1	347	0	0	0	0	0	0
dDocent_Contig_14195	1	351	0	0	0	0	0	0
dDocent_Contig_14210	1	404	0	0	0	0	0	0
dDocent_Contig_14213	1	477	0	0	0	0	0	0
dDocent_Contig_14214	1	490	0	0	0	0	0	0
dDocent_Contig_14218	1	351	0	0	0	0	0	0
dDocent_Contig_14219	1	381	0	0	0	0	0	0
dDocent_Contig_14225	1	345	0	0	0	0	0	0
dDocent_Contig_14226	1	408	0	0	0	0	0	0
dDocent_Contig_14234	1	377	0	0	0	0	0	0
dDocent_Contig_14235	1	359	0	0	0	0	0	0
dDocent_Contig_14238	1	435	0	0	0	0	0	0
dDocent_Contig_14250	1	338	0	0	0	0	0	0
dDocent_Contig_14256	1	454	0	0	0	0	0	0
dDocent_Contig_14264	1	319	0	0	0	0	0	0
dDocent_Contig_14271	1	408	0	0	0	0	0	0
dDocent_Contig_14272	1	407	0	0	0	0	0	0
dDocent_Contig_14273	1	379	0	0	0	0	0	0
dDocent_Contig_14276	1	437	0	0	0	0	0	0
dDocent_Contig_14281	1	484	0	0	0	0	0	0
dDocent_Contig_14286	1	407	0	0	0	0	0	0
dDocent_Contig_14291	1	343	0	0	0	0	0	0
dDocent_Contig_14294	1	429	0	0	0	0	0	0
dDocent_Contig_14297	1	481	0	0	0	0	0	0
dDocent_Contig_14300	1	362	0	0	0	0	0	0
dDocent_Contig_14326	1	299	0	0	0	0	0	0
dDocent_Contig_14328	1	295	0	0	0	0	0	0
dDocent_Contig_14330	1	391	0	0	0	0	0	0
dDocent_Contig_14335	1	313	0	0	0	0	0	0
dDocent_Contig_14345	1	424	0	0	0	0	0	0
dDocent_Contig_14354	1	362	0	0	0	0	0	0
dDocent_Contig_14373	1	397	0	0	0	0	0	0
dDocent_Contig_14377	1	449	0	0	0	0	0	0
dDocent_Contig_14380	1	347	0	0	0	0	0	0
dDocent_Contig_14386	1	518	0	0	0	0	0	0
dDocent_Contig_14392	1	410	0	0	0	0	0	0
dDocent_Contig_14396	1	339	0	0	0	0	0	0
dDocent_Contig_14407	1	363	0	0	0	0	0	0
dDocent_Contig_14431	1	396	0	0	0	0	0	0
dDocent_Contig_14438	1	372	0	0	0	0	0	0
dDocent_Contig_14439	1	269	0	0	0	0	0	0
dDocent_Contig_14451	1	429	0	0	0	0	0	0
dDocent_Contig_14461	1	323	0	0	0	0	0	0
dDocent_Contig_14462	1	413	0	0	0	0	0	0
dDocent_Contig_14465	1	261	0	0	0	0	0	0
dDocent_Contig_14476	1	251	0	0	0	0	0	0
dDocent_Contig_14477	1	324	0	0	0	0	0	0
dDocent_Contig_14494	1	409	0	0	0	0	0	0
dDocent_Contig_14502	1	342	0	0	0	0	0	0
dDocent_Contig_14505	1	323	0	0	0	0	0	0
dDocent_Contig_14512	1	321	0	0	0	0	0	0
dDocent_Contig_14515	1	309	0	0	0	0	0	0
dDocent_Contig_14516	1	452	0	0	0	0	0	0
dDocent_Contig_14523	1	419	0	0	0	0	0	0
dDocent_Contig_14530	1	321	0	0	0	0	0	0
dDocent_Contig_14533	1	366	0	0	0	0	0	0
dDocent_Contig_14537	1	393	0	0	0	0	0	0
dDocent_Contig_14541	1	432	0	0	0	0	0	0
dDocent_Contig_14545	1	329	0	0	0	0	0	0
dDocent_Contig_14546	1	360	0	0	0	0	0	0
dDocent_Contig_14550	1	338	0	0	0	0	0	0
dDocent_Contig_14558	1	405	0	0	0	0	0	0
dDocent_Contig_14559	1	438	0	0	0	0	0	0
dDocent_Contig_14562	1	355	0	0	0	0	0	0
dDocent_Contig_14564	1	441	0	0	0	0	0	0
dDocent_Contig_14565	1	420	0	0	0	0	0	0
dDocent_Contig_14570	1	404	0	0	0	0	0	0
dDocent_Contig_14585	1	508	0	0	0	0	0	0
dDocent_Contig_14593	1	466	0	0	0	0	0	0
dDocent_Contig_14596	1	346	0	0	0	0	0	0
dDocent_Contig_14605	1	477	0	0	0	0	0	0
dDocent_Contig_14606	1	399	0	0	0	0	0	0
dDocent_Contig_14612	1	411	0	0	0	0	0	0
dDocent_Contig_14615	1	393	0	0	0	0	0	0
dDocent_Contig_14616	1	249	0	0	0	0	0	0
dDocent_Contig_14619	1	414	0	0	0	0	0	0
dDocent_Contig_14621	1	420	0	0	0	0	0	0
dDocent_Contig_14641	1	421	0	0	0	0	0	0
dDocent_Contig_14644	1	367	0	0	0	0	0	0
dDocent_Contig_14649	1	396	0	0	0	0	0	0
dDocent_Contig_14651	1	404	0	0	0	0	0	0
dDocent_Contig_14652	1	350	0	0	0	0	0	0
dDocent_Contig_14655	1	357	0	0	0	0	0	0
dDocent_Contig_14665	1	335	0	0	0	0	0	0
dDocent_Contig_14668	1	433	0	0	0	0	0	0
dDocent_Contig_14671	1	332	0	0	0	0	0	0
dDocent_Contig_14672	1	424	0	0	0	0	0	0
dDocent_Contig_14673	1	400	0	0	0	0	0	0
dDocent_Contig_14674	1	253	0	0	0	0	0	0
dDocent_Contig_14675	1	371	0	0	0	0	0	0
dDocent_Contig_14676	1	403	0	0	0	0	0	0
dDocent_Contig_14680	1	239	0	0	0	0	0	0
dDocent_Contig_14681	1	497	0	0	0	0	0	0
dDocent_Contig_14683	1	374	0	0	0	0	0	0
dDocent_Contig_14686	1	243	0	0	0	0	0	0
dDocent_Contig_14692	1	449	0	0	0	0	0	0
dDocent_Contig_14697	1	382	0	0	0	0	0	0
dDocent_Contig_14698	1	300	0	0	0	0	0	0
dDocent_Contig_14700	1	391	0	0	0	0	0	0
dDocent_Contig_14707	1	371	0	0	0	0	0	0
dDocent_Contig_14708	1	352	0	0	0	0	0	0
dDocent_Contig_14712	1	503	0	0	0	0	0	0
dDocent_Contig_14715	1	379	0	0	0	0	0	0
dDocent_Contig_14716	1	339	0	0	0	0	0	0
dDocent_Contig_14725	1	377	0	0	0	0	0	0
dDocent_Contig_14729	1	392	0	0	0	0	0	0
dDocent_Contig_14731	1	445	0	0	0	0	0	0
dDocent_Contig_14734	1	449	0	0	0	0	0	0
dDocent_Contig_14735	1	347	0	0	0	0	0	0
dDocent_Contig_14737	1	401	0	0	0	0	0	0
dDocent_Contig_14741	1	270	0	0	0	0	0	0
dDocent_Contig_14755	1	376	0	0	0	0	0	0
dDocent_Contig_14757	1	411	0	0	0	0	0	0
dDocent_Contig_14770	1	356	0	0	0	0	0	0
dDocent_Contig_14771	1	487	0	0	0	0	0	0
dDocent_Contig_14773	1	346	0	0	0	0	0	0
dDocent_Contig_14774	1	400	0	0	0	0	0	0
dDocent_Contig_14780	1	394	0	0	0	0	0	0
dDocent_Contig_14785	1	331	0	0	0	0	0	0
dDocent_Contig_14786	1	483	0	0	0	0	0	0
dDocent_Contig_14788	1	485	0	0	0	0	0	0
dDocent_Contig_14792	1	316	0	0	0	0	0	0
dDocent_Contig_14797	1	403	0	0	0	0	0	0
dDocent_Contig_14801	1	396	0	0	0	0	0	0
dDocent_Contig_14803	1	443	0	0	0	0	0	0
dDocent_Contig_14805	1	380	0	0	0	0	0	0
dDocent_Contig_14806	1	267	0	0	0	0	0	0
dDocent_Contig_14808	1	452	0	0	0	0	0	0
dDocent_Contig_14813	1	483	0	0	0	0	0	0
dDocent_Contig_14821	1	245	0	0	0	0	0	0
dDocent_Contig_14823	1	447	0	0	0	0	0	0
dDocent_Contig_14828	1	489	0	0	0	0	0	0
dDocent_Contig_14835	1	437	0	0	0	0	0	0
dDocent_Contig_14840	1	420	0	0	0	0	0	0
dDocent_Contig_14842	1	472	0	0	0	0	0	0
dDocent_Contig_14847	1	464	0	0	0	0	0	0
dDocent_Contig_14850	1	324	0	0	0	0	0	0
dDocent_Contig_14853	1	355	0	0	0	0	0	0
dDocent_Contig_14856	1	402	0	0	0	0	0	0
dDocent_Contig_14862	1	398	0	0	0	0	0	0
dDocent_Contig_14868	1	379	0	0	0	0	0	0
dDocent_Contig_14870	1	362	0	0	0	0	0	0
dDocent_Contig_14873	1	437	0	0	0	0	0	0
dDocent_Contig_14874	1	387	0	0	0	0	0	0
dDocent_Contig_14876	1	451	0	0	0	0	0	0
dDocent_Contig_14888	1	500	0	0	0	0	0	0
dDocent_Contig_14889	1	370	0	0	0	0	0	0
dDocent_Contig_14891	1	414	0	0	0	0	0	0
dDocent_Contig_14894	1	356	0	0	0	0	0	0
dDocent_Contig_14896	1	381	0	0	0	0	0	0
dDocent_Contig_14897	1	519	0	0	0	0	0	0
dDocent_Contig_14910	1	461	0	0	0	0	0	0
dDocent_Contig_14933	1	434	0	0	0	0	0	0
dDocent_Contig_14946	1	288	0	0	0	0	0	0
dDocent_Contig_14961	1	391	0	0	0	0	0	0
dDocent_Contig_14964	1	365	0	0	0	0	0	0
dDocent_Contig_14965	1	381	0	0	0	0	0	0
dDocent_Contig_14967	1	353	0	0	0	0	0	0
dDocent_Contig_14974	1	426	0	0	0	0	0	0
dDocent_Contig_14976	1	367	0	0	0	0	0	0
dDocent_Contig_14978	1	424	0	0	0	0	0	0
dDocent_Contig_14980	1	380	0	0	0	0	0	0
dDocent_Contig_14991	1	419	0	0	0	0	0	0
dDocent_Contig_14993	1	328	0	0	0	0	0	0
dDocent_Contig_14995	1	467	0	0	0	0	0	0
dDocent_Contig_14997	1	346	0	0	0	0	0	0
dDocent_Contig_15000	1	428	0	0	0	0	0	0
dDocent_Contig_15001	1	353	0	0	0	0	0	0
dDocent_Contig_15005	1	348	0	0	0	0	0	0
dDocent_Contig_15006	1	337	0	0	0	0	0	0
dDocent_Contig_15009	1	374	0	0	0	0	0	0
dDocent_Contig_15012	1	397	0	0	0	0	0	0
dDocent_Contig_15019	1	426	0	0	0	0	0	0
dDocent_Contig_15021	1	392	0	0	0	0	0	0
dDocent_Contig_15022	1	449	0	0	0	0	0	0
dDocent_Contig_15025	1	317	0	0	0	0	0	0
dDocent_Contig_15030	1	510	0	0	0	0	0	0
dDocent_Contig_15049	1	449	0	0	0	0	0	0
dDocent_Contig_15052	1	340	0	0	0	0	0	0
dDocent_Contig_15055	1	339	0	0	0	0	0	0
dDocent_Contig_15057	1	275	0	0	0	0	0	0
dDocent_Contig_15063	1	305	0	0	0	0	0	0
dDocent_Contig_15069	1	450	0	0	0	0	0	0
dDocent_Contig_15082	1	324	0	0	0	0	0	0
dDocent_Contig_15083	1	395	0	0	0	0	0	0
dDocent_Contig_15092	1	423	0	0	0	0	0	0
dDocent_Contig_15095	1	295	0	0	0	0	0	0
dDocent_Contig_15099	1	349	0	0	0	0	0	0
dDocent_Contig_15100	1	317	0	0	0	0	0	0
dDocent_Contig_15108	1	450	0	0	0	0	0	0
dDocent_Contig_15114	1	334	0	0	0	0	0	0
dDocent_Contig_15115	1	387	0	0	0	0	0	0
dDocent_Contig_15116	1	349	0	0	0	0	0	0
dDocent_Contig_15125	1	379	0	0	0	0	0	0
dDocent_Contig_15126	1	276	0	0	0	0	0	0
dDocent_Contig_15127	1	411	0	0	0	0	0	0
dDocent_Contig_15132	1	438	0	0	0	0	0	0
dDocent_Contig_15133	1	375	0	0	0	0	0	0
dDocent_Contig_15137	1	495	0	0	0	0	0	0
dDocent_Contig_15144	1	398	0	0	0	0	0	0
dDocent_Contig_15149	1	498	0	0	0	0	0	0
dDocent_Contig_15151	1	430	0	0	0	0	0	0
dDocent_Contig_15162	1	442	0	0	0	0	0	0
dDocent_Contig_15163	1	431	0	0	0	0	0	0
dDocent_Contig_15165	1	370	0	0	0	0	0	0
dDocent_Contig_15170	1	391	0	0	0	0	0	0
dDocent_Contig_15172	1	454	0	0	0	0	0	0
dDocent_Contig_15175	1	429	0	0	0	0	0	0
dDocent_Contig_15181	1	372	0	0	0	0	0	0
dDocent_Contig_15182	1	448	0	0	0	0	0	0
dDocent_Contig_15185	1	378	0	0	0	0	0	0
dDocent_Contig_15190	1	509	0	0	0	0	0	0
dDocent_Contig_15191	1	424	0	0	0	0	0	0
dDocent_Contig_15193	1	363	0	0	0	0	0	0
dDocent_Contig_15197	1	411	0	0	0	0	0	0
dDocent_Contig_15203	1	345	0	0	0	0	0	0
dDocent_Contig_15208	1	317	0	0	0	0	0	0
dDocent_Contig_15215	1	265	0	0	0	0	0	0
dDocent_Contig_15224	1	488	0	0	0	0	0	0
dDocent_Contig_15238	1	363	0	0	0	0	0	0
dDocent_Contig_15239	1	407	0	0	0	0	0	0
dDocent_Contig_15242	1	433	0	0	0	0	0	0
dDocent_Contig_15243	1	377	0	0	0	0	0	0
dDocent_Contig_15251	1	356	0	0	0	0	0	0
dDocent_Contig_15255	1	286	0	0	0	0	0	0
dDocent_Contig_15274	1	412	0	0	0	0	0	0
dDocent_Contig_15277	1	383	0	0	0	0	0	0
dDocent_Contig_15301	1	355	0	0	0	0	0	0
dDocent_Contig_15312	1	437	0	0	0	0	0	0
dDocent_Contig_15317	1	419	0	0	0	0	0	0
dDocent_Contig_15321	1	419	0	0	0	0	0	0
dDocent_Contig_15331	1	359	0	0	0	0	0	0
dDocent_Contig_15363	1	311	0	0	0	0	0	0
dDocent_Contig_15364	1	446	0	0	0	0	0	0
dDocent_Contig_15365	1	389	0	0	0	0	0	0
dDocent_Contig_15366	1	452	0	0	0	0	0	0
dDocent_Contig_15368	1	466	0	0	0	0	0	0
dDocent_Contig_15372	1	452	0	0	0	0	0	0
dDocent_Contig_15381	1	282	0	0	0	0	0	0
dDocent_Contig_15382	1	416	0	0	0	0	0	0
dDocent_Contig_15385	1	295	0	0	0	0	0	0
dDocent_Contig_15390	1	367	0	0	0	0	0	0
dDocent_Contig_15391	1	381	0	0	0	0	0	0
dDocent_Contig_15401	1	362	0	0	0	0	0	0
dDocent_Contig_15402	1	436	0	0	0	0	0	0
dDocent_Contig_15410	1	350	0	0	0	0	0	0
dDocent_Contig_15411	1	314	0	0	0	0	0	0
dDocent_Contig_15417	1	382	0	0	0	0	0	0
dDocent_Contig_15430	1	362	0	0	0	0	0	0
dDocent_Contig_15434	1	417	0	0	0	0	0	0
dDocent_Contig_15438	1	415	0	0	0	0	0	0
dDocent_Contig_15445	1	418	0	0	0	0	0	0
dDocent_Contig_15459	1	470	0	0	0	0	0	0
dDocent_Contig_15473	1	401	0	0	0	0	0	0
dDocent_Contig_15477	1	240	0	0	0	0	0	0
dDocent_Contig_15490	1	439	0	0	0	0	0	0
dDocent_Contig_15492	1	424	0	0	0	0	0	0
dDocent_Contig_15493	1	450	0	0	0	0	0	0
dDocent_Contig_15508	1	478	0	0	0	0	0	0
dDocent_Contig_15510	1	416	0	0	0	0	0	0
dDocent_Contig_15511	1	424	0	0	0	0	0	0
dDocent_Contig_15512	1	468	0	0	0	0	0	0
dDocent_Contig_15513	1	455	0	0	0	0	0	0
dDocent_Contig_15516	1	418	0	0	0	0	0	0
dDocent_Contig_15521	1	394	0	0	0	0	0	0
dDocent_Contig_15530	1	360	0	0	0	0	0	0
dDocent_Contig_15531	1	379	0	0	0	0	0	0
dDocent_Contig_15534	1	460	0	0	0	0	0	0
dDocent_Contig_15545	1	412	0	0	0	0	0	0
dDocent_Contig_15548	1	366	0	0	0	0	0	0
dDocent_Contig_15551	1	372	0	0	0	0	0	0
dDocent_Contig_15555	1	380	0	0	0	0	0	0
dDocent_Contig_15556	1	352	0	0	0	0	0	0
dDocent_Contig_15559	1	400	0	0	0	0	0	0
dDocent_Contig_15565	1	307	0	0	0	0	0	0
dDocent_Contig_15570	1	447	0	0	0	0	0	0
dDocent_Contig_15583	1	409	0	0	0	0	0	0
dDocent_Contig_15584	1	356	0	0	0	0	0	0
dDocent_Contig_15591	1	419	0	0	0	0	0	0
dDocent_Contig_15597	1	373	0	0	0	0	0	0
dDocent_Contig_15619	1	351	0	0	0	0	0	0
dDocent_Contig_15632	1	448	0	0	0	0	0	0
dDocent_Contig_15636	1	392	0	0	0	0	0	0
dDocent_Contig_15639	1	266	0	0	0	0	0	0
dDocent_Contig_15649	1	430	0	0	0	0	0	0
dDocent_Contig_15658	1	293	0	0	0	0	0	0
dDocent_Contig_15660	1	507	0	0	0	0	0	0
dDocent_Contig_15691	1	323	0	0	0	0	0	0
dDocent_Contig_15698	1	314	0	0	0	0	0	0
dDocent_Contig_15703	1	400	0	0	0	0	0	0
dDocent_Contig_15706	1	367	0	0	0	0	0	0
dDocent_Contig_15708	1	404	0	0	0	0	0	0
dDocent_Contig_15714	1	368	0	0	0	0	0	0
dDocent_Contig_15728	1	481	0	0	0	0	0	0
dDocent_Contig_15734	1	395	0	0	0	0	0	0
dDocent_Contig_15735	1	489	0	0	0	0	0	0
dDocent_Contig_15737	1	397	0	0	0	0	0	0
dDocent_Contig_15738	1	377	0	0	0	0	0	0
dDocent_Contig_15744	1	330	0	0	0	0	0	0
dDocent_Contig_15747	1	417	0	0	0	0	0	0
dDocent_Contig_15749	1	403	0	0	0	0	0	0
dDocent_Contig_15751	1	424	0	0	0	0	0	0
dDocent_Contig_15758	1	394	0	0	0	0	0	0
dDocent_Contig_15759	1	399	0	0	0	0	0	0
dDocent_Contig_15765	1	439	0	0	0	0	0	0
dDocent_Contig_15767	1	317	0	0	0	0	0	0
dDocent_Contig_15769	1	325	0	0	0	0	0	0
dDocent_Contig_15771	1	390	0	0	0	0	0	0
dDocent_Contig_15788	1	452	0	0	0	0	0	0
dDocent_Contig_15790	1	313	0	0	0	0	0	0
dDocent_Contig_15797	1	334	0	0	0	0	0	0
dDocent_Contig_15801	1	295	0	0	0	0	0	0
dDocent_Contig_15807	1	271	0	0	0	0	0	0
dDocent_Contig_15808	1	386	0	0	0	0	0	0
dDocent_Contig_15809	1	402	0	0	0	0	0	0
dDocent_Contig_15826	1	290	0	0	0	0	0	0
dDocent_Contig_15827	1	291	0	0	0	0	0	0
dDocent_Contig_15838	1	337	0	0	0	0	0	0
dDocent_Contig_15843	1	467	0	0	0	0	0	0
dDocent_Contig_15845	1	387	0	0	0	0	0	0
dDocent_Contig_15849	1	303	0	0	0	0	0	0
dDocent_Contig_15861	1	387	0	0	0	0	0	0
dDocent_Contig_15870	1	422	0	0	0	0	0	0
dDocent_Contig_15872	1	453	0	0	0	0	0	0
dDocent_Contig_15873	1	501	0	0	0	0	0	0
dDocent_Contig_15875	1	354	0	0	0	0	0	0
dDocent_Contig_15885	1	506	0	0	0	0	0	0
dDocent_Contig_15886	1	407	0	0	0	0	0	0
dDocent_Contig_15887	1	414	0	0	0	0	0	0
dDocent_Contig_15890	1	387	0	0	0	0	0	0
dDocent_Contig_15894	1	399	0	0	0	0	0	0
dDocent_Contig_15898	1	453	0	0	0	0	0	0
dDocent_Contig_15903	1	412	0	0	0	0	0	0
dDocent_Contig_15906	1	397	0	0	0	0	0	0
dDocent_Contig_15914	1	467	0	0	0	0	0	0
dDocent_Contig_15919	1	334	0	0	0	0	0	0
dDocent_Contig_15922	1	312	0	0	0	0	0	0
dDocent_Contig_15925	1	382	0	0	0	0	0	0
dDocent_Contig_15933	1	355	0	0	0	0	0	0
dDocent_Contig_15937	1	476	0	0	0	0	0	0
dDocent_Contig_15942	1	379	0	0	0	0	0	0
dDocent_Contig_15956	1	340	0	0	0	0	0	0
dDocent_Contig_15959	1	424	0	0	0	0	0	0
dDocent_Contig_15961	1	361	0	0	0	0	0	0
dDocent_Contig_15962	1	278	0	0	0	0	0	0
dDocent_Contig_15970	1	409	0	0	0	0	0	0
dDocent_Contig_15974	1	329	0	0	0	0	0	0
dDocent_Contig_15975	1	377	0	0	0	0	0	0
dDocent_Contig_15985	1	447	0	0	0	0	0	0
dDocent_Contig_15989	1	438	0	0	0	0	0	0
dDocent_Contig_16011	1	429	0	0	0	0	0	0
dDocent_Contig_16020	1	378	0	0	0	0	0	0
dDocent_Contig_16021	1	310	0	0	0	0	0	0
dDocent_Contig_16022	1	417	0	0	0	0	0	0
dDocent_Contig_16025	1	450	0	0	0	0	0	0
dDocent_Contig_16036	1	282	0	0	0	0	0	0
dDocent_Contig_16038	1	408	0	0	0	0	0	0
dDocent_Contig_16050	1	330	0	0	0	0	0	0
dDocent_Contig_16051	1	410	0	0	0	0	0	0
dDocent_Contig_16052	1	412	0	0	0	0	0	0
dDocent_Contig_16054	1	405	0	0	0	0	0	0
dDocent_Contig_16055	1	419	0	0	0	0	0	0
dDocent_Contig_16058	1	501	0	0	0	0	0	0
dDocent_Contig_16060	1	313	0	0	0	0	0	0
dDocent_Contig_16061	1	361	0	0	0	0	0	0
dDocent_Contig_16062	1	363	0	0	0	0	0	0
dDocent_Contig_16065	1	228	0	0	0	0	0	0
dDocent_Contig_16068	1	407	0	0	0	0	0	0
dDocent_Contig_16072	1	456	0	0	0	0	0	0
dDocent_Contig_16076	1	470	0	0	0	0	0	0
dDocent_Contig_16079	1	392	0	0	0	0	0	0
dDocent_Contig_16080	1	418	0	0	0	0	0	0
dDocent_Contig_16082	1	358	0	0	0	0	0	0
dDocent_Contig_16085	1	390	0	0	0	0	0	0
dDocent_Contig_16102	1	424	0	0	0	0	0	0
dDocent_Contig_16108	1	353	0	0	0	0	0	0
dDocent_Contig_16130	1	383	0	0	0	0	0	0
dDocent_Contig_16132	1	370	0	0	0	0	0	0
dDocent_Contig_16137	1	462	0	0	0	0	0	0
dDocent_Contig_16139	1	373	0	0	0	0	0	0
dDocent_Contig_16141	1	386	0	0	0	0	0	0
dDocent_Contig_16144	1	344	0	0	0	0	0	0
dDocent_Contig_16145	1	411	0	0	0	0	0	0
dDocent_Contig_16154	1	305	0	0	0	0	0	0
dDocent_Contig_16155	1	358	0	0	0	0	0	0
dDocent_Contig_16168	1	225	0	0	0	0	0	0
dDocent_Contig_16177	1	400	0	0	0	0	0	0
dDocent_Contig_16179	1	332	0	0	0	0	0	0
dDocent_Contig_16180	1	364	0	0	0	0	0	0
dDocent_Contig_16181	1	385	0	0	0	0	0	0
dDocent_Contig_16182	1	374	0	0	0	0	0	0
dDocent_Contig_16193	1	293	0	0	0	0	0	0
dDocent_Contig_16195	1	395	0	0	0	0	0	0
dDocent_Contig_16198	1	294	0	0	0	0	0	0
dDocent_Contig_16200	1	468	0	0	0	0	0	0
dDocent_Contig_16206	1	393	0	0	0	0	0	0
dDocent_Contig_16207	1	402	0	0	0	0	0	0
dDocent_Contig_16217	1	431	0	0	0	0	0	0
dDocent_Contig_16225	1	359	0	0	0	0	0	0
dDocent_Contig_16228	1	310	0	0	0	0	0	0
dDocent_Contig_16229	1	373	0	0	0	0	0	0
dDocent_Contig_16231	1	283	0	0	0	0	0	0
dDocent_Contig_16232	1	395	0	0	0	0	0	0
dDocent_Contig_16242	1	378	0	0	0	0	0	0
dDocent_Contig_16246	1	386	0	0	0	0	0	0
dDocent_Contig_16252	1	416	0	0	0	0	0	0
dDocent_Contig_16263	1	390	0	0	0	0	0	0
dDocent_Contig_16278	1	317	0	0	0	0	0	0
dDocent_Contig_16279	1	435	0	0	0	0	0	0
dDocent_Contig_16281	1	401	0	0	0	0	0	0
dDocent_Contig_16286	1	415	0	0	0	0	0	0
dDocent_Contig_16289	1	281	0	0	0	0	0	0
dDocent_Contig_16290	1	249	0	0	0	0	0	0
dDocent_Contig_16292	1	394	0	0	0	0	0	0
dDocent_Contig_16302	1	319	0	0	0	0	0	0
dDocent_Contig_16305	1	374	0	0	0	0	0	0
dDocent_Contig_16308	1	349	0	0	0	0	0	0
dDocent_Contig_16311	1	260	0	0	0	0	0	0
dDocent_Contig_16313	1	364	0	0	0	0	0	0
dDocent_Contig_16314	1	250	0	0	0	0	0	0
dDocent_Contig_16315	1	355	0	0	0	0	0	0
dDocent_Contig_16316	1	467	0	0	0	0	0	0
dDocent_Contig_16319	1	340	0	0	0	0	0	0
dDocent_Contig_16322	1	363	0	0	0	0	0	0
dDocent_Contig_16324	1	297	0	0	0	0	0	0
dDocent_Contig_16327	1	431	0	0	0	0	0	0
dDocent_Contig_16330	1	382	0	0	0	0	0	0
dDocent_Contig_16334	1	313	0	0	0	0	0	0
dDocent_Contig_16335	1	368	0	0	0	0	0	0
dDocent_Contig_16341	1	367	0	0	0	0	0	0
dDocent_Contig_16349	1	400	0	0	0	0	0	0
dDocent_Contig_16362	1	348	0	0	0	0	0	0
dDocent_Contig_16365	1	383	0	0	0	0	0	0
dDocent_Contig_16368	1	339	0	0	0	0	0	0
dDocent_Contig_16376	1	371	0	0	0	0	0	0
dDocent_Contig_16378	1	445	0	0	0	0	0	0
dDocent_Contig_16384	1	348	0	0	0	0	0	0
dDocent_Contig_16385	1	361	0	0	0	0	0	0
dDocent_Contig_16386	1	463	0	0	0	0	0	0
dDocent_Contig_16387	1	477	0	0	0	0	0	0
dDocent_Contig_16389	1	492	0	0	0	0	0	0
dDocent_Contig_16390	1	370	0	0	0	0	0	0
dDocent_Contig_16403	1	481	0	0	0	0	0	0
dDocent_Contig_16408	1	330	0	0	0	0	0	0
dDocent_Contig_16410	1	452	0	0	0	0	0	0
dDocent_Contig_16412	1	345	0	0	0	0	0	0
dDocent_Contig_16418	1	356	0	0	0	0	0	0
dDocent_Contig_16420	1	403	0	0	0	0	0	0
dDocent_Contig_16425	1	438	0	0	0	0	0	0
dDocent_Contig_16426	1	393	0	0	0	0	0	0
dDocent_Contig_16431	1	284	0	0	0	0	0	0
dDocent_Contig_16436	1	428	0	0	0	0	0	0
dDocent_Contig_16438	1	460	0	0	0	0	0	0
dDocent_Contig_16441	1	338	0	0	0	0	0	0
dDocent_Contig_16456	1	385	0	0	0	0	0	0
dDocent_Contig_16459	1	496	0	0	0	0	0	0
dDocent_Contig_16461	1	502	0	0	0	0	0	0
dDocent_Contig_16465	1	450	0	0	0	0	0	0
dDocent_Contig_16468	1	476	0	0	0	0	0	0
dDocent_Contig_16488	1	373	0	0	0	0	0	0
dDocent_Contig_16492	1	338	0	0	0	0	0	0
dDocent_Contig_16507	1	365	0	0	0	0	0	0
dDocent_Contig_16510	1	361	0	0	0	0	0	0
dDocent_Contig_16511	1	318	0	0	0	0	0	0
dDocent_Contig_16527	1	387	0	0	0	0	0	0
dDocent_Contig_16528	1	302	0	0	0	0	0	0
dDocent_Contig_16531	1	378	0	0	0	0	0	0
dDocent_Contig_16533	1	337	0	0	0	0	0	0
dDocent_Contig_16534	1	451	0	0	0	0	0	0
dDocent_Contig_16537	1	412	0	0	0	0	0	0
dDocent_Contig_16543	1	405	0	0	0	0	0	0
dDocent_Contig_16549	1	383	0	0	0	0	0	0
dDocent_Contig_16554	1	422	0	0	0	0	0	0
dDocent_Contig_16559	1	449	0	0	0	0	0	0
dDocent_Contig_16571	1	320	0	0	0	0	0	0
dDocent_Contig_16578	1	426	0	0	0	0	0	0
dDocent_Contig_16583	1	436	0	0	0	0	0	0
dDocent_Contig_16587	1	451	0	0	0	0	0	0
dDocent_Contig_16592	1	373	0	0	0	0	0	0
dDocent_Contig_16594	1	379	0	0	0	0	0	0
dDocent_Contig_16597	1	408	0	0	0	0	0	0
dDocent_Contig_16602	1	295	0	0	0	0	0	0
dDocent_Contig_16610	1	491	0	0	0	0	0	0
dDocent_Contig_16615	1	297	0	0	0	0	0	0
dDocent_Contig_16634	1	397	0	0	0	0	0	0
dDocent_Contig_16635	1	443	0	0	0	0	0	0
dDocent_Contig_16636	1	420	0	0	0	0	0	0
dDocent_Contig_16637	1	394	0	0	0	0	0	0
dDocent_Contig_16652	1	383	0	0	0	0	0	0
dDocent_Contig_16653	1	407	0	0	0	0	0	0
dDocent_Contig_16662	1	363	0	0	0	0	0	0
dDocent_Contig_16665	1	399	0	0	0	0	0	0
dDocent_Contig_16677	1	482	0	0	0	0	0	0
dDocent_Contig_16688	1	348	0	0	0	0	0	0
dDocent_Contig_16689	1	394	0	0	0	0	0	0
dDocent_Contig_16692	1	390	0	0	0	0	0	0
dDocent_Contig_16693	1	425	0	0	0	0	0	0
dDocent_Contig_16701	1	393	0	0	0	0	0	0
dDocent_Contig_16702	1	432	0	0	0	0	0	0
dDocent_Contig_16707	1	345	0	0	0	0	0	0
dDocent_Contig_16717	1	398	0	0	0	0	0	0
dDocent_Contig_16718	1	391	0	0	0	0	0	0
dDocent_Contig_16734	1	438	0	0	0	0	0	0
dDocent_Contig_16750	1	354	0	0	0	0	0	0
dDocent_Contig_16768	1	276	0	0	0	0	0	0
dDocent_Contig_16780	1	356	0	0	0	0	0	0
dDocent_Contig_16784	1	364	0	0	0	0	0	0
dDocent_Contig_16792	1	361	0	0	0	0	0	0
dDocent_Contig_16795	1	448	0	0	0	0	0	0
dDocent_Contig_16796	1	396	0	0	0	0	0	0
dDocent_Contig_16802	1	425	0	0	0	0	0	0
dDocent_Contig_16816	1	446	0	0	0	0	0	0
dDocent_Contig_16820	1	231	0	0	0	0	0	0
dDocent_Contig_16828	1	414	0	0	0	0	0	0
dDocent_Contig_16836	1	435	0	0	0	0	0	0
dDocent_Contig_16843	1	473	0	0	0	0	0	0
dDocent_Contig_16854	1	422	0	0	0	0	0	0
dDocent_Contig_16856	1	300	0	0	0	0	0	0
dDocent_Contig_16872	1	402	0	0	0	0	0	0
dDocent_Contig_16878	1	393	0	0	0	0	0	0
dDocent_Contig_16890	1	272	0	0	0	0	0	0
dDocent_Contig_16891	1	403	0	0	0	0	0	0
dDocent_Contig_16893	1	416	0	0	0	0	0	0
dDocent_Contig_16894	1	457	0	0	0	0	0	0
dDocent_Contig_16895	1	395	0	0	0	0	0	0
dDocent_Contig_16901	1	334	0	0	0	0	0	0
dDocent_Contig_16915	1	308	0	0	0	0	0	0
dDocent_Contig_16922	1	399	0	0	0	0	0	0
dDocent_Contig_16924	1	379	0	0	0	0	0	0
dDocent_Contig_16929	1	280	0	0	0	0	0	0
dDocent_Contig_16942	1	351	0	0	0	0	0	0
dDocent_Contig_16949	1	340	0	0	0	0	0	0
dDocent_Contig_16956	1	374	0	0	0	0	0	0
dDocent_Contig_16957	1	390	0	0	0	0	0	0
dDocent_Contig_16961	1	462	0	0	0	0	0	0
dDocent_Contig_16965	1	322	0	0	0	0	0	0
dDocent_Contig_16967	1	469	0	0	0	0	0	0
dDocent_Contig_16971	1	422	0	0	0	0	0	0
dDocent_Contig_16974	1	385	0	0	0	0	0	0
dDocent_Contig_16980	1	389	0	0	0	0	0	0
dDocent_Contig_16985	1	469	0	0	0	0	0	0
dDocent_Contig_16990	1	454	0	0	0	0	0	0
dDocent_Contig_17003	1	332	0	0	0	0	0	0
dDocent_Contig_17019	1	407	0	0	0	0	0	0
dDocent_Contig_17031	1	341	0	0	0	0	0	0
dDocent_Contig_17034	1	425	0	0	0	0	0	0
dDocent_Contig_17038	1	367	0	0	0	0	0	0
dDocent_Contig_17048	1	345	0	0	0	0	0	0
dDocent_Contig_17055	1	291	0	0	0	0	0	0
dDocent_Contig_17057	1	357	0	0	0	0	0	0
dDocent_Contig_17062	1	372	0	0	0	0	0	0
dDocent_Contig_17068	1	337	0	0	0	0	0	0
dDocent_Contig_17070	1	360	0	0	0	0	0	0
dDocent_Contig_17076	1	403	0	0	0	0	0	0
dDocent_Contig_17077	1	455	0	0	0	0	0	0
dDocent_Contig_17092	1	405	0	0	0	0	0	0
dDocent_Contig_17103	1	379	0	0	0	0	0	0
dDocent_Contig_17105	1	384	0	0	0	0	0	0
dDocent_Contig_17112	1	315	0	0	0	0	0	0
dDocent_Contig_17114	1	352	0	0	0	0	0	0
dDocent_Contig_17125	1	390	0	0	0	0	0	0
dDocent_Contig_17128	1	427	0	0	0	0	0	0
dDocent_Contig_17130	1	296	0	0	0	0	0	0
dDocent_Contig_17133	1	452	0	0	0	0	0	0
dDocent_Contig_17135	1	396	0	0	0	0	0	0
dDocent_Contig_17140	1	365	0	0	0	0	0	0
dDocent_Contig_17148	1	448	0	0	0	0	0	0
dDocent_Contig_17158	1	483	0	0	0	0	0	0
dDocent_Contig_17161	1	460	0	0	0	0	0	0
dDocent_Contig_17166	1	287	0	0	0	0	0	0
dDocent_Contig_17168	1	360	0	0	0	0	0	0
dDocent_Contig_17180	1	350	0	0	0	0	0	0
dDocent_Contig_17182	1	250	0	0	0	0	0	0
dDocent_Contig_17185	1	368	0	0	0	0	0	0
dDocent_Contig_17190	1	431	0	0	0	0	0	0
dDocent_Contig_17200	1	411	0	0	0	0	0	0
dDocent_Contig_17202	1	400	0	0	0	0	0	0
dDocent_Contig_17214	1	320	0	0	0	0	0	0
dDocent_Contig_17216	1	424	0	0	0	0	0	0
dDocent_Contig_17222	1	343	0	0	0	0	0	0
dDocent_Contig_17226	1	304	0	0	0	0	0	0
dDocent_Contig_17238	1	332	0	0	0	0	0	0
dDocent_Contig_17247	1	347	0	0	0	0	0	0
dDocent_Contig_17250	1	418	0	0	0	0	0	0
dDocent_Contig_17252	1	350	0	0	0	0	0	0
dDocent_Contig_17260	1	278	0	0	0	0	0	0
dDocent_Contig_17261	1	332	0	0	0	0	0	0
dDocent_Contig_17262	1	389	0	0	0	0	0	0
dDocent_Contig_17265	1	404	0	0	0	0	0	0
dDocent_Contig_17271	1	370	0	0	0	0	0	0
dDocent_Contig_17272	1	306	0	0	0	0	0	0
dDocent_Contig_17277	1	307	0	0	0	0	0	0
dDocent_Contig_17278	1	411	0	0	0	0	0	0
dDocent_Contig_17285	1	388	0	0	0	0	0	0
dDocent_Contig_17294	1	259	0	0	0	0	0	0
dDocent_Contig_17309	1	387	0	0	0	0	0	0
dDocent_Contig_17314	1	414	0	0	0	0	0	0
dDocent_Contig_17323	1	353	0	0	0	0	0	0
dDocent_Contig_17325	1	344	0	0	0	0	0	0
dDocent_Contig_17330	1	337	0	0	0	0	0	0
dDocent_Contig_17334	1	233	0	0	0	0	0	0
dDocent_Contig_17338	1	405	0	0	0	0	0	0
dDocent_Contig_17342	1	319	0	0	0	0	0	0
dDocent_Contig_17344	1	356	0	0	0	0	0	0
dDocent_Contig_17345	1	401	0	0	0	0	0	0
dDocent_Contig_17367	1	268	0	0	0	0	0	0
dDocent_Contig_17371	1	374	0	0	0	0	0	0
dDocent_Contig_17373	1	421	0	0	0	0	0	0
dDocent_Contig_17375	1	382	0	0	0	0	0	0
dDocent_Contig_17376	1	376	0	0	0	0	0	0
dDocent_Contig_17378	1	424	0	0	0	0	0	0
dDocent_Contig_17380	1	497	0	0	0	0	0	0
dDocent_Contig_17404	1	299	0	0	0	0	0	0
dDocent_Contig_17406	1	336	0	0	0	0	0	0
dDocent_Contig_17408	1	486	0	0	0	0	0	0
dDocent_Contig_17414	1	269	0	0	0	0	0	0
dDocent_Contig_17418	1	407	0	0	0	0	0	0
dDocent_Contig_17424	1	268	0	0	0	0	0	0
dDocent_Contig_17437	1	428	0	0	0	0	0	0
dDocent_Contig_17445	1	386	0	0	0	0	0	0
dDocent_Contig_17454	1	286	0	0	0	0	0	0
dDocent_Contig_17458	1	466	0	0	0	0	0	0
dDocent_Contig_17463	1	319	0	0	0	0	0	0
dDocent_Contig_17464	1	464	0	0	0	0	0	0
dDocent_Contig_17466	1	407	0	0	0	0	0	0
dDocent_Contig_17467	1	386	0	0	0	0	0	0
dDocent_Contig_17473	1	370	0	0	0	0	0	0
dDocent_Contig_17474	1	427	0	0	0	0	0	0
dDocent_Contig_17487	1	415	0	0	0	0	0	0
dDocent_Contig_17492	1	440	0	0	0	0	0	0
dDocent_Contig_17495	1	397	0	0	0	0	0	0
dDocent_Contig_17501	1	396	0	0	0	0	0	0
dDocent_Contig_17507	1	379	0	0	0	0	0	0
dDocent_Contig_17512	1	443	0	0	0	0	0	0
dDocent_Contig_17524	1	395	0	0	0	0	0	0
dDocent_Contig_17525	1	423	0	0	0	0	0	0
dDocent_Contig_17527	1	451	0	0	0	0	0	0
dDocent_Contig_17533	1	456	0	0	0	0	0	0
dDocent_Contig_17537	1	424	0	0	0	0	0	0
dDocent_Contig_17541	1	377	0	0	0	0	0	0
dDocent_Contig_17559	1	346	0	0	0	0	0	0
dDocent_Contig_17572	1	502	0	0	0	0	0	0
dDocent_Contig_17587	1	397	0	0	0	0	0	0
dDocent_Contig_17606	1	358	0	0	0	0	0	0
dDocent_Contig_17607	1	338	0	0	0	0	0	0
dDocent_Contig_17610	1	356	0	0	0	0	0	0
dDocent_Contig_17616	1	380	0	0	0	0	0	0
dDocent_Contig_17630	1	378	0	0	0	0	0	0
dDocent_Contig_17631	1	280	0	0	0	0	0	0
dDocent_Contig_17633	1	495	0	0	0	0	0	0
dDocent_Contig_17634	1	440	0	0	0	0	0	0
dDocent_Contig_17638	1	414	0	0	0	0	0	0
dDocent_Contig_17639	1	375	0	0	0	0	0	0
dDocent_Contig_17643	1	293	0	0	0	0	0	0
dDocent_Contig_17652	1	441	0	0	0	0	0	0
dDocent_Contig_17672	1	388	0	0	0	0	0	0
dDocent_Contig_17673	1	454	0	0	0	0	0	0
dDocent_Contig_17674	1	284	0	0	0	0	0	0
dDocent_Contig_17679	1	370	0	0	0	0	0	0
dDocent_Contig_17682	1	301	0	0	0	0	0	0
dDocent_Contig_17689	1	357	0	0	0	0	0	0
dDocent_Contig_17701	1	394	0	0	0	0	0	0
dDocent_Contig_17703	1	467	0	0	0	0	0	0
dDocent_Contig_17709	1	340	0	0	0	0	0	0
dDocent_Contig_17713	1	348	0	0	0	0	0	0
dDocent_Contig_17714	1	414	0	0	0	0	0	0
dDocent_Contig_17721	1	246	0	0	0	0	0	0
dDocent_Contig_17724	1	467	0	0	0	0	0	0
dDocent_Contig_17725	1	419	0	0	0	0	0	0
dDocent_Contig_17728	1	329	0	0	0	0	0	0
dDocent_Contig_17731	1	495	0	0	0	0	0	0
dDocent_Contig_17733	1	426	0	0	0	0	0	0
dDocent_Contig_17736	1	464	0	0	0	0	0	0
dDocent_Contig_17738	1	385	0	0	0	0	0	0
dDocent_Contig_17749	1	404	0	0	0	0	0	0
dDocent_Contig_17758	1	444	0	0	0	0	0	0
dDocent_Contig_17765	1	367	0	0	0	0	0	0
dDocent_Contig_17781	1	240	0	0	0	0	0	0
dDocent_Contig_17783	1	491	0	0	0	0	0	0
dDocent_Contig_17786	1	358	0	0	0	0	0	0
dDocent_Contig_17787	1	366	0	0	0	0	0	0
dDocent_Contig_17788	1	473	0	0	0	0	0	0
dDocent_Contig_17795	1	398	0	0	0	0	0	0
dDocent_Contig_17812	1	386	0	0	0	0	0	0
dDocent_Contig_17814	1	470	0	0	0	0	0	0
dDocent_Contig_17816	1	339	0	0	0	0	0	0
dDocent_Contig_17819	1	360	0	0	0	0	0	0
dDocent_Contig_17824	1	320	0	0	0	0	0	0
dDocent_Contig_17831	1	467	0	0	0	0	0	0
dDocent_Contig_17844	1	418	0	0	0	0	0	0
dDocent_Contig_17845	1	354	0	0	0	0	0	0
dDocent_Contig_17846	1	481	0	0	0	0	0	0
dDocent_Contig_17850	1	393	0	0	0	0	0	0
dDocent_Contig_17853	1	337	0	0	0	0	0	0
dDocent_Contig_17854	1	450	0	0	0	0	0	0
dDocent_Contig_17855	1	432	0	0	0	0	0	0
dDocent_Contig_17864	1	430	0	0	0	0	0	0
dDocent_Contig_17865	1	448	0	0	0	0	0	0
dDocent_Contig_17870	1	488	0	0	0	0	0	0
dDocent_Contig_17873	1	393	0	0	0	0	0	0
dDocent_Contig_17894	1	500	0	0	0	0	0	0
dDocent_Contig_17896	1	407	0	0	0	0	0	0
dDocent_Contig_17901	1	408	0	0	0	0	0	0
dDocent_Contig_17904	1	408	0	0	0	0	0	0
dDocent_Contig_17907	1	417	0	0	0	0	0	0
dDocent_Contig_17913	1	412	0	0	0	0	0	0
dDocent_Contig_17914	1	411	0	0	0	0	0	0
dDocent_Contig_17922	1	382	0	0	0	0	0	0
dDocent_Contig_17929	1	350	0	0	0	0	0	0
dDocent_Contig_17930	1	396	0	0	0	0	0	0
dDocent_Contig_17935	1	302	0	0	0	0	0	0
dDocent_Contig_17936	1	396	0	0	0	0	0	0
dDocent_Contig_17945	1	388	0	0	0	0	0	0
dDocent_Contig_17947	1	348	0	0	0	0	0	0
dDocent_Contig_17956	1	354	0	0	0	0	0	0
dDocent_Contig_17957	1	350	0	0	0	0	0	0
dDocent_Contig_17969	1	391	0	0	0	0	0	0
dDocent_Contig_17974	1	439	0	0	0	0	0	0
dDocent_Contig_17978	1	457	0	0	0	0	0	0
dDocent_Contig_17981	1	397	0	0	0	0	0	0
dDocent_Contig_17987	1	304	0	0	0	0	0	0
dDocent_Contig_17992	1	396	0	0	0	0	0	0
dDocent_Contig_17994	1	303	0	0	0	0	0	0
dDocent_Contig_18014	1	350	0	0	0	0	0	0
dDocent_Contig_18017	1	365	0	0	0	0	0	0
dDocent_Contig_18024	1	493	0	0	0	0	0	0
dDocent_Contig_18034	1	397	0	0	0	0	0	0
dDocent_Contig_18035	1	409	0	0	0	0	0	0
dDocent_Contig_18040	1	403	0	0	0	0	0	0
dDocent_Contig_18041	1	400	0	0	0	0	0	0
dDocent_Contig_18049	1	459	0	0	0	0	0	0
dDocent_Contig_18071	1	410	0	0	0	0	0	0
dDocent_Contig_18079	1	302	0	0	0	0	0	0
dDocent_Contig_18081	1	455	0	0	0	0	0	0
dDocent_Contig_18084	1	361	0	0	0	0	0	0
dDocent_Contig_18085	1	393	0	0	0	0	0	0
dDocent_Contig_18087	1	409	0	0	0	0	0	0
dDocent_Contig_18102	1	396	0	0	0	0	0	0
dDocent_Contig_18106	1	380	0	0	0	0	0	0
dDocent_Contig_18112	1	450	0	0	0	0	0	0
dDocent_Contig_18125	1	345	0	0	0	0	0	0
dDocent_Contig_18127	1	407	0	0	0	0	0	0
dDocent_Contig_18134	1	293	0	0	0	0	0	0
dDocent_Contig_18139	1	399	0	0	0	0	0	0
dDocent_Contig_18143	1	455	0	0	0	0	0	0
dDocent_Contig_18147	1	477	0	0	0	0	0	0
dDocent_Contig_18150	1	376	0	0	0	0	0	0
dDocent_Contig_18152	1	364	0	0	0	0	0	0
dDocent_Contig_18163	1	470	0	0	0	0	0	0
dDocent_Contig_18167	1	360	0	0	0	0	0	0
dDocent_Contig_18171	1	332	0	0	0	0	0	0
dDocent_Contig_18180	1	356	0	0	0	0	0	0
dDocent_Contig_18181	1	519	0	0	0	0	0	0
dDocent_Contig_18189	1	455	0	0	0	0	0	0
dDocent_Contig_18194	1	339	0	0	0	0	0	0
dDocent_Contig_18195	1	334	0	0	0	0	0	0
dDocent_Contig_18196	1	396	0	0	0	0	0	0
dDocent_Contig_18207	1	350	0	0	0	0	0	0
dDocent_Contig_18214	1	321	0	0	0	0	0	0
dDocent_Contig_18218	1	459	0	0	0	0	0	0
dDocent_Contig_18225	1	383	0	0	0	0	0	0
dDocent_Contig_18226	1	391	0	0	0	0	0	0
dDocent_Contig_18228	1	364	0	0	0	0	0	0
dDocent_Contig_18229	1	421	0	0	0	0	0	0
dDocent_Contig_18230	1	318	0	0	0	0	0	0
dDocent_Contig_18235	1	270	0	0	0	0	0	0
dDocent_Contig_18241	1	421	0	0	0	0	0	0
dDocent_Contig_18247	1	330	0	0	0	0	0	0
dDocent_Contig_18262	1	313	0	0	0	0	0	0
dDocent_Contig_18265	1	304	0	0	0	0	0	0
dDocent_Contig_18266	1	311	0	0	0	0	0	0
dDocent_Contig_18267	1	396	0	0	0	0	0	0
dDocent_Contig_18274	1	259	0	0	0	0	0	0
dDocent_Contig_18276	1	413	0	0	0	0	0	0
dDocent_Contig_18278	1	422	0	0	0	0	0	0
dDocent_Contig_18293	1	379	0	0	0	0	0	0
dDocent_Contig_18304	1	333	0	0	0	0	0	0
dDocent_Contig_18305	1	473	0	0	0	0	0	0
dDocent_Contig_18306	1	458	0	0	0	0	0	0
dDocent_Contig_18311	1	378	0	0	0	0	0	0
dDocent_Contig_18314	1	340	0	0	0	0	0	0
dDocent_Contig_18316	1	326	0	0	0	0	0	0
dDocent_Contig_18327	1	405	0	0	0	0	0	0
dDocent_Contig_18328	1	357	0	0	0	0	0	0
dDocent_Contig_18329	1	385	0	0	0	0	0	0
dDocent_Contig_18332	1	472	0	0	0	0	0	0
dDocent_Contig_18335	1	381	0	0	0	0	0	0
dDocent_Contig_18337	1	311	0	0	0	0	0	0
dDocent_Contig_18342	1	364	0	0	0	0	0	0
dDocent_Contig_18343	1	420	0	0	0	0	0	0
dDocent_Contig_18344	1	487	0	0	0	0	0	0
dDocent_Contig_18347	1	502	0	0	0	0	0	0
dDocent_Contig_18349	1	451	0	0	0	0	0	0
dDocent_Contig_18355	1	502	0	0	0	0	0	0
dDocent_Contig_18358	1	346	0	0	0	0	0	0
dDocent_Contig_18374	1	388	0	0	0	0	0	0
dDocent_Contig_18375	1	438	0	0	0	0	0	0
dDocent_Contig_18377	1	337	0	0	0	0	0	0
dDocent_Contig_18378	1	276	0	0	0	0	0	0
dDocent_Contig_18380	1	320	0	0	0	0	0	0
dDocent_Contig_18383	1	413	0	0	0	0	0	0
dDocent_Contig_18384	1	406	0	0	0	0	0	0
dDocent_Contig_18388	1	402	0	0	0	0	0	0
dDocent_Contig_18392	1	395	0	0	0	0	0	0
dDocent_Contig_18395	1	451	0	0	0	0	0	0
dDocent_Contig_18422	1	454	0	0	0	0	0	0
dDocent_Contig_18431	1	388	0	0	0	0	0	0
dDocent_Contig_18438	1	441	0	0	0	0	0	0
dDocent_Contig_18448	1	427	0	0	0	0	0	0
dDocent_Contig_18451	1	491	0	0	0	0	0	0
dDocent_Contig_18454	1	385	0	0	0	0	0	0
dDocent_Contig_18459	1	403	0	0	0	0	0	0
dDocent_Contig_18462	1	484	0	0	0	0	0	0
dDocent_Contig_18479	1	365	0	0	0	0	0	0
dDocent_Contig_18480	1	356	0	0	0	0	0	0
dDocent_Contig_18482	1	332	0	0	0	0	0	0
dDocent_Contig_18493	1	443	0	0	0	0	0	0
dDocent_Contig_18495	1	420	0	0	0	0	0	0
dDocent_Contig_18502	1	436	0	0	0	0	0	0
dDocent_Contig_18514	1	397	0	0	0	0	0	0
dDocent_Contig_18515	1	450	0	0	0	0	0	0
dDocent_Contig_18517	1	439	0	0	0	0	0	0
dDocent_Contig_18520	1	446	0	0	0	0	0	0
dDocent_Contig_18527	1	238	0	0	0	0	0	0
dDocent_Contig_18531	1	425	0	0	0	0	0	0
dDocent_Contig_18540	1	291	0	0	0	0	0	0
dDocent_Contig_18557	1	294	0	0	0	0	0	0
dDocent_Contig_18561	1	379	0	0	0	0	0	0
dDocent_Contig_18574	1	442	0	0	0	0	0	0
dDocent_Contig_18578	1	440	0	0	0	0	0	0
dDocent_Contig_18580	1	365	0	0	0	0	0	0
dDocent_Contig_18594	1	383	0	0	0	0	0	0
dDocent_Contig_18595	1	368	0	0	0	0	0	0
dDocent_Contig_18609	1	350	0	0	0	0	0	0
dDocent_Contig_18619	1	324	0	0	0	0	0	0
dDocent_Contig_18622	1	328	0	0	0	0	0	0
dDocent_Contig_18623	1	428	0	0	0	0	0	0
dDocent_Contig_18626	1	371	0	0	0	0	0	0
dDocent_Contig_18630	1	389	0	0	0	0	0	0
dDocent_Contig_18631	1	358	0	0	0	0	0	0
dDocent_Contig_18639	1	269	0	0	0	0	0	0
dDocent_Contig_18654	1	515	0	0	0	0	0	0
dDocent_Contig_18660	1	460	0	0	0	0	0	0
dDocent_Contig_18662	1	462	0	0	0	0	0	0
dDocent_Contig_18666	1	487	0	0	0	0	0	0
dDocent_Contig_18690	1	462	0	0	0	0	0	0
dDocent_Contig_18718	1	383	0	0	0	0	0	0
dDocent_Contig_18727	1	272	0	0	0	0	0	0
dDocent_Contig_18731	1	394	0	0	0	0	0	0
dDocent_Contig_18741	1	423	0	0	0	0	0	0
dDocent_Contig_18743	1	405	0	0	0	0	0	0
dDocent_Contig_18744	1	375	0	0	0	0	0	0
dDocent_Contig_18746	1	287	0	0	0	0	0	0
dDocent_Contig_18758	1	423	0	0	0	0	0	0
dDocent_Contig_18760	1	418	0	0	0	0	0	0
dDocent_Contig_18767	1	443	0	0	0	0	0	0
dDocent_Contig_18769	1	288	0	0	0	0	0	0
dDocent_Contig_18771	1	335	0	0	0	0	0	0
dDocent_Contig_18774	1	226	0	0	0	0	0	0
dDocent_Contig_18781	1	351	0	0	0	0	0	0
dDocent_Contig_18782	1	389	0	0	0	0	0	0
dDocent_Contig_18786	1	374	0	0	0	0	0	0
dDocent_Contig_18795	1	382	0	0	0	0	0	0
dDocent_Contig_18800	1	407	0	0	0	0	0	0
dDocent_Contig_18805	1	353	0	0	0	0	0	0
dDocent_Contig_18818	1	355	0	0	0	0	0	0
dDocent_Contig_18821	1	338	0	0	0	0	0	0
dDocent_Contig_18822	1	376	0	0	0	0	0	0
dDocent_Contig_18841	1	498	0	0	0	0	0	0
dDocent_Contig_18842	1	411	0	0	0	0	0	0
dDocent_Contig_18844	1	362	0	0	0	0	0	0
dDocent_Contig_18845	1	451	0	0	0	0	0	0
dDocent_Contig_18855	1	422	0	0	0	0	0	0
dDocent_Contig_18859	1	374	0	0	0	0	0	0
dDocent_Contig_18868	1	412	0	0	0	0	0	0
dDocent_Contig_18884	1	363	0	0	0	0	0	0
dDocent_Contig_18901	1	395	0	0	0	0	0	0
dDocent_Contig_18909	1	364	0	0	0	0	0	0
dDocent_Contig_18914	1	408	0	0	0	0	0	0
dDocent_Contig_18922	1	407	0	0	0	0	0	0
dDocent_Contig_18926	1	346	0	0	0	0	0	0
dDocent_Contig_18936	1	362	0	0	0	0	0	0
dDocent_Contig_18939	1	376	0	0	0	0	0	0
dDocent_Contig_18943	1	386	0	0	0	0	0	0
dDocent_Contig_18944	1	344	0	0	0	0	0	0
dDocent_Contig_18947	1	371	0	0	0	0	0	0
dDocent_Contig_18948	1	288	0	0	0	0	0	0
dDocent_Contig_18951	1	302	0	0	0	0	0	0
dDocent_Contig_18967	1	436	0	0	0	0	0	0
dDocent_Contig_18976	1	367	0	0	0	0	0	0
dDocent_Contig_18981	1	326	0	0	0	0	0	0
dDocent_Contig_18982	1	420	0	0	0	0	0	0
dDocent_Contig_18991	1	492	0	0	0	0	0	0
dDocent_Contig_18995	1	368	0	0	0	0	0	0
dDocent_Contig_18997	1	439	0	0	0	0	0	0
dDocent_Contig_19000	1	354	0	0	0	0	0	0
dDocent_Contig_19001	1	355	0	0	0	0	0	0
dDocent_Contig_19003	1	372	0	0	0	0	0	0
dDocent_Contig_19004	1	449	0	0	0	0	0	0
dDocent_Contig_19006	1	414	0	0	0	0	0	0
dDocent_Contig_19009	1	349	0	0	0	0	0	0
dDocent_Contig_19010	1	489	0	0	0	0	0	0
dDocent_Contig_19012	1	425	0	0	0	0	0	0
dDocent_Contig_19020	1	359	0	0	0	0	0	0
dDocent_Contig_19022	1	480	0	0	0	0	0	0
dDocent_Contig_19027	1	443	0	0	0	0	0	0
dDocent_Contig_19028	1	329	0	0	0	0	0	0
dDocent_Contig_19035	1	238	0	0	0	0	0	0
dDocent_Contig_19039	1	369	0	0	0	0	0	0
dDocent_Contig_19040	1	425	0	0	0	0	0	0
dDocent_Contig_19045	1	317	0	0	0	0	0	0
dDocent_Contig_19046	1	327	0	0	0	0	0	0
dDocent_Contig_19048	1	495	0	0	0	0	0	0
dDocent_Contig_19050	1	512	0	0	0	0	0	0
dDocent_Contig_19051	1	410	0	0	0	0	0	0
dDocent_Contig_19053	1	411	0	0	0	0	0	0
dDocent_Contig_19054	1	324	0	0	0	0	0	0
dDocent_Contig_19059	1	390	0	0	0	0	0	0
dDocent_Contig_19062	1	503	0	0	0	0	0	0
dDocent_Contig_19072	1	346	0	0	0	0	0	0
dDocent_Contig_19077	1	351	0	0	0	0	0	0
dDocent_Contig_19082	1	384	0	0	0	0	0	0
dDocent_Contig_19085	1	496	0	0	0	0	0	0
dDocent_Contig_19089	1	352	0	0	0	0	0	0
dDocent_Contig_19094	1	411	0	0	0	0	0	0
dDocent_Contig_19096	1	439	0	0	0	0	0	0
dDocent_Contig_19202	1	357	0	0	0	0	0	0
dDocent_Contig_19205	1	398	0	0	0	0	0	0
dDocent_Contig_19210	1	345	0	0	0	0	0	0
dDocent_Contig_19211	1	393	0	0	0	0	0	0
dDocent_Contig_19215	1	334	0	0	0	0	0	0
dDocent_Contig_19219	1	415	0	0	0	0	0	0
dDocent_Contig_19222	1	349	0	0	0	0	0	0
dDocent_Contig_19225	1	395	0	0	0	0	0	0
dDocent_Contig_19230	1	245	0	0	0	0	0	0
dDocent_Contig_19257	1	264	0	0	0	0	0	0
dDocent_Contig_19264	1	378	0	0	0	0	0	0
dDocent_Contig_19273	1	303	0	0	0	0	0	0
dDocent_Contig_19279	1	302	0	0	0	0	0	0
dDocent_Contig_19281	1	406	0	0	0	0	0	0
dDocent_Contig_19283	1	439	0	0	0	0	0	0
dDocent_Contig_19290	1	390	0	0	0	0	0	0
dDocent_Contig_19291	1	394	0	0	0	0	0	0
dDocent_Contig_19293	1	350	0	0	0	0	0	0
dDocent_Contig_19301	1	364	0	0	0	0	0	0
dDocent_Contig_19303	1	421	0	0	0	0	0	0
dDocent_Contig_19305	1	391	0	0	0	0	0	0
dDocent_Contig_19307	1	376	0	0	0	0	0	0
dDocent_Contig_19317	1	368	0	0	0	0	0	0
dDocent_Contig_19349	1	309	0	0	0	0	0	0
dDocent_Contig_19359	1	428	0	0	0	0	0	0
dDocent_Contig_19360	1	367	0	0	0	0	0	0
dDocent_Contig_19392	1	403	0	0	0	0	0	0
dDocent_Contig_19393	1	367	0	0	0	0	0	0
dDocent_Contig_19395	1	412	0	0	0	0	0	0
dDocent_Contig_19397	1	383	0	0	0	0	0	0
dDocent_Contig_19431	1	395	0	0	0	0	0	0
dDocent_Contig_19436	1	280	0	0	0	0	0	0
dDocent_Contig_19439	1	326	0	0	0	0	0	0
dDocent_Contig_19443	1	382	0	0	0	0	0	0
dDocent_Contig_19445	1	347	0	0	0	0	0	0
dDocent_Contig_19456	1	301	0	0	0	0	0	0
dDocent_Contig_19457	1	415	0	0	0	0	0	0
dDocent_Contig_19459	1	377	0	0	0	0	0	0
dDocent_Contig_19461	1	430	0	0	0	0	0	0
dDocent_Contig_19464	1	340	0	0	0	0	0	0
dDocent_Contig_19482	1	405	0	0	0	0	0	0
dDocent_Contig_19483	1	343	0	0	0	0	0	0
dDocent_Contig_19485	1	271	0	0	0	0	0	0
dDocent_Contig_19489	1	495	0	0	0	0	0	0
dDocent_Contig_19492	1	432	0	0	0	0	0	0
dDocent_Contig_19510	1	274	0	0	0	0	0	0
dDocent_Contig_19525	1	429	0	0	0	0	0	0
dDocent_Contig_19528	1	321	0	0	0	0	0	0
dDocent_Contig_19531	1	389	0	0	0	0	0	0
dDocent_Contig_19533	1	305	0	0	0	0	0	0
dDocent_Contig_19535	1	351	0	0	0	0	0	0
dDocent_Contig_19539	1	510	0	0	0	0	0	0
dDocent_Contig_19542	1	382	0	0	0	0	0	0
dDocent_Contig_19543	1	486	0	0	0	0	0	0
dDocent_Contig_19554	1	386	0	0	0	0	0	0
dDocent_Contig_19569	1	319	0	0	0	0	0	0
dDocent_Contig_19599	1	380	0	0	0	0	0	0
dDocent_Contig_19609	1	492	0	0	0	0	0	0
dDocent_Contig_19615	1	422	0	0	0	0	0	0
dDocent_Contig_19624	1	393	0	0	0	0	0	0
dDocent_Contig_19633	1	423	0	0	0	0	0	0
dDocent_Contig_19654	1	424	0	0	0	0	0	0
dDocent_Contig_19658	1	375	0	0	0	0	0	0
dDocent_Contig_19666	1	443	0	0	0	0	0	0
dDocent_Contig_19671	1	343	0	0	0	0	0	0
dDocent_Contig_19672	1	420	0	0	0	0	0	0
dDocent_Contig_19673	1	357	0	0	0	0	0	0
dDocent_Contig_19678	1	428	0	0	0	0	0	0
dDocent_Contig_19691	1	395	0	0	0	0	0	0
dDocent_Contig_19696	1	369	0	0	0	0	0	0
dDocent_Contig_19726	1	449	0	0	0	0	0	0
dDocent_Contig_19732	1	401	0	0	0	0	0	0
dDocent_Contig_19757	1	394	0	0	0	0	0	0
dDocent_Contig_19762	1	326	0	0	0	0	0	0
dDocent_Contig_19763	1	373	0	0	0	0	0	0
dDocent_Contig_19775	1	298	0	0	0	0	0	0
dDocent_Contig_19776	1	334	0	0	0	0	0	0
dDocent_Contig_19787	1	334	0	0	0	0	0	0
dDocent_Contig_19795	1	295	0	0	0	0	0	0
dDocent_Contig_19808	1	407	0	0	0	0	0	0
dDocent_Contig_19811	1	428	0	0	0	0	0	0
dDocent_Contig_19814	1	402	0	0	0	0	0	0
dDocent_Contig_19835	1	416	0	0	0	0	0	0
dDocent_Contig_19839	1	387	0	0	0	0	0	0
dDocent_Contig_19846	1	369	0	0	0	0	0	0
dDocent_Contig_19860	1	305	0	0	0	0	0	0
dDocent_Contig_19865	1	287	0	0	0	0	0	0
dDocent_Contig_19869	1	436	0	0	0	0	0	0
dDocent_Contig_19875	1	444	0	0	0	0	0	0
dDocent_Contig_19876	1	399	0	0	0	0	0	0
dDocent_Contig_19878	1	373	0	0	0	0	0	0
dDocent_Contig_19880	1	365	0	0	0	0	0	0
dDocent_Contig_19887	1	375	0	0	0	0	0	0
dDocent_Contig_19914	1	383	0	0	0	0	0	0
dDocent_Contig_19915	1	455	0	0	0	0	0	0
dDocent_Contig_19924	1	361	0	0	0	0	0	0
dDocent_Contig_19936	1	407	0	0	0	0	0	0
dDocent_Contig_19938	1	339	0	0	0	0	0	0
dDocent_Contig_19940	1	395	0	0	0	0	0	0
dDocent_Contig_19962	1	386	0	0	0	0	0	0
dDocent_Contig_19977	1	288	0	0	0	0	0	0
dDocent_Contig_19979	1	327	0	0	0	0	0	0
dDocent_Contig_19980	1	460	0	0	0	0	0	0
dDocent_Contig_19993	1	378	0	0	0	0	0	0
dDocent_Contig_19994	1	315	0	0	0	0	0	0
dDocent_Contig_19995	1	241	0	0	0	0	0	0
dDocent_Contig_19998	1	443	0	0	0	0	0	0
dDocent_Contig_19999	1	355	0	0	0	0	0	0
dDocent_Contig_20000	1	383	0	0	0	0	0	0
dDocent_Contig_20001	1	427	0	0	0	0	0	0
dDocent_Contig_20002	1	225	0	0	0	0	0	0
dDocent_Contig_20014	1	506	0	0	0	0	0	0
dDocent_Contig_20018	1	292	0	0	0	0	0	0
dDocent_Contig_20026	1	453	0	0	0	0	0	0
dDocent_Contig_20030	1	332	0	0	0	0	0	0
dDocent_Contig_20031	1	301	0	0	0	0	0	0
dDocent_Contig_20032	1	382	0	0	0	0	0	0
dDocent_Contig_20035	1	449	0	0	0	0	0	0
dDocent_Contig_20036	1	376	0	0	0	0	0	0
dDocent_Contig_20038	1	486	0	0	0	0	0	0
dDocent_Contig_20058	1	303	0	0	0	0	0	0
dDocent_Contig_20061	1	476	0	0	0	0	0	0
dDocent_Contig_20067	1	337	0	0	0	0	0	0
dDocent_Contig_20068	1	338	0	0	0	0	0	0
dDocent_Contig_20069	1	325	0	0	0	0	0	0
dDocent_Contig_20079	1	507	0	0	0	0	0	0
dDocent_Contig_20083	1	318	0	0	0	0	0	0
dDocent_Contig_20085	1	312	0	0	0	0	0	0
dDocent_Contig_20095	1	363	0	0	0	0	0	0
dDocent_Contig_20101	1	337	0	0	0	0	0	0
dDocent_Contig_20103	1	365	0	0	0	0	0	0
dDocent_Contig_20107	1	365	0	0	0	0	0	0
dDocent_Contig_20110	1	372	0	0	0	0	0	0
dDocent_Contig_20115	1	429	0	0	0	0	0	0
dDocent_Contig_20117	1	423	0	0	0	0	0	0
dDocent_Contig_20127	1	420	0	0	0	0	0	0
dDocent_Contig_20128	1	460	0	0	0	0	0	0
dDocent_Contig_20140	1	287	0	0	0	0	0	0
dDocent_Contig_20146	1	393	0	0	0	0	0	0
dDocent_Contig_20156	1	388	0	0	0	0	0	0
dDocent_Contig_20158	1	385	0	0	0	0	0	0
dDocent_Contig_20175	1	297	0	0	0	0	0	0
dDocent_Contig_20190	1	434	0	0	0	0	0	0
dDocent_Contig_20192	1	381	0	0	0	0	0	0
dDocent_Contig_20207	1	428	0	0	0	0	0	0
dDocent_Contig_20209	1	333	0	0	0	0	0	0
dDocent_Contig_20212	1	381	0	0	0	0	0	0
dDocent_Contig_20215	1	353	0	0	0	0	0	0
dDocent_Contig_20216	1	298	0	0	0	0	0	0
dDocent_Contig_20221	1	469	0	0	0	0	0	0
dDocent_Contig_20222	1	391	0	0	0	0	0	0
dDocent_Contig_20226	1	306	0	0	0	0	0	0
dDocent_Contig_20227	1	347	0	0	0	0	0	0
dDocent_Contig_20228	1	442	0	0	0	0	0	0
dDocent_Contig_20245	1	457	0	0	0	0	0	0
dDocent_Contig_20250	1	279	0	0	0	0	0	0
dDocent_Contig_20255	1	337	0	0	0	0	0	0
dDocent_Contig_20266	1	378	0	0	0	0	0	0
dDocent_Contig_20269	1	412	0	0	0	0	0	0
dDocent_Contig_20271	1	408	0	0	0	0	0	0
dDocent_Contig_20275	1	352	0	0	0	0	0	0
dDocent_Contig_20281	1	381	0	0	0	0	0	0
dDocent_Contig_20283	1	359	0	0	0	0	0	0
dDocent_Contig_20284	1	504	0	0	0	0	0	0
dDocent_Contig_20288	1	413	0	0	0	0	0	0
dDocent_Contig_20293	1	372	0	0	0	0	0	0
dDocent_Contig_20304	1	356	0	0	0	0	0	0
dDocent_Contig_20305	1	460	0	0	0	0	0	0
dDocent_Contig_20309	1	407	0	0	0	0	0	0
dDocent_Contig_20310	1	370	0	0	0	0	0	0
dDocent_Contig_20320	1	329	0	0	0	0	0	0
dDocent_Contig_20325	1	450	0	0	0	0	0	0
dDocent_Contig_20331	1	397	0	0	0	0	0	0
dDocent_Contig_20332	1	378	0	0	0	0	0	0
dDocent_Contig_20334	1	386	0	0	0	0	0	0
dDocent_Contig_20345	1	388	0	0	0	0	0	0
dDocent_Contig_20347	1	391	0	0	0	0	0	0
dDocent_Contig_20349	1	337	0	0	0	0	0	0
dDocent_Contig_20368	1	386	0	0	0	0	0	0
dDocent_Contig_20375	1	353	0	0	0	0	0	0
dDocent_Contig_20385	1	378	0	0	0	0	0	0
dDocent_Contig_20388	1	373	0	0	0	0	0	0
dDocent_Contig_20390	1	350	0	0	0	0	0	0
dDocent_Contig_20391	1	464	0	0	0	0	0	0
dDocent_Contig_20396	1	398	0	0	0	0	0	0
dDocent_Contig_20402	1	394	0	0	0	0	0	0
dDocent_Contig_20408	1	397	0	0	0	0	0	0
dDocent_Contig_20422	1	412	0	0	0	0	0	0
dDocent_Contig_20430	1	437	0	0	0	0	0	0
dDocent_Contig_20432	1	402	0	0	0	0	0	0
dDocent_Contig_20436	1	429	0	0	0	0	0	0
dDocent_Contig_20439	1	399	0	0	0	0	0	0
dDocent_Contig_20454	1	373	0	0	0	0	0	0
dDocent_Contig_20468	1	353	0	0	0	0	0	0
dDocent_Contig_20480	1	458	0	0	0	0	0	0
dDocent_Contig_20489	1	421	0	0	0	0	0	0
dDocent_Contig_20490	1	401	0	0	0	0	0	0
dDocent_Contig_20505	1	408	0	0	0	0	0	0
dDocent_Contig_20509	1	324	0	0	0	0	0	0
dDocent_Contig_20512	1	245	0	0	0	0	0	0
dDocent_Contig_20514	1	385	0	0	0	0	0	0
dDocent_Contig_20518	1	410	0	0	0	0	0	0
dDocent_Contig_20519	1	391	0	0	0	0	0	0
dDocent_Contig_20520	1	405	0	0	0	0	0	0
dDocent_Contig_20522	1	471	0	0	0	0	0	0
dDocent_Contig_20526	1	316	0	0	0	0	0	0
dDocent_Contig_20533	1	482	0	0	0	0	0	0
dDocent_Contig_20537	1	334	0	0	0	0	0	0
dDocent_Contig_20538	1	374	0	0	0	0	0	0
dDocent_Contig_20539	1	271	0	0	0	0	0	0
dDocent_Contig_20545	1	401	0	0	0	0	0	0
dDocent_Contig_20555	1	420	0	0	0	0	0	0
dDocent_Contig_20557	1	323	0	0	0	0	0	0
dDocent_Contig_20561	1	367	0	0	0	0	0	0
dDocent_Contig_20565	1	427	0	0	0	0	0	0
dDocent_Contig_20568	1	375	0	0	0	0	0	0
dDocent_Contig_20571	1	398	0	0	0	0	0	0
dDocent_Contig_20584	1	413	0	0	0	0	0	0
dDocent_Contig_20585	1	347	0	0	0	0	0	0
dDocent_Contig_20612	1	424	0	0	0	0	0	0
dDocent_Contig_20613	1	323	0	0	0	0	0	0
dDocent_Contig_20615	1	428	0	0	0	0	0	0
dDocent_Contig_20624	1	386	0	0	0	0	0	0
dDocent_Contig_20627	1	399	0	0	0	0	0	0
dDocent_Contig_20637	1	389	0	0	0	0	0	0
dDocent_Contig_20650	1	411	0	0	0	0	0	0
dDocent_Contig_20656	1	311	0	0	0	0	0	0
dDocent_Contig_20659	1	382	0	0	0	0	0	0
dDocent_Contig_20660	1	375	0	0	0	0	0	0
dDocent_Contig_20662	1	388	0	0	0	0	0	0
dDocent_Contig_20668	1	359	0	0	0	0	0	0
dDocent_Contig_20671	1	414	0	0	0	0	0	0
dDocent_Contig_20678	1	400	0	0	0	0	0	0
dDocent_Contig_20681	1	481	0	0	0	0	0	0
dDocent_Contig_20684	1	359	0	0	0	0	0	0
dDocent_Contig_20685	1	368	0	0	0	0	0	0
dDocent_Contig_20693	1	404	0	0	0	0	0	0
dDocent_Contig_20696	1	385	0	0	0	0	0	0
dDocent_Contig_20699	1	474	0	0	0	0	0	0
dDocent_Contig_20703	1	377	0	0	0	0	0	0
dDocent_Contig_20706	1	407	0	0	0	0	0	0
dDocent_Contig_20712	1	389	0	0	0	0	0	0
dDocent_Contig_20716	1	370	0	0	0	0	0	0
dDocent_Contig_20717	1	377	0	0	0	0	0	0
dDocent_Contig_20719	1	358	0	0	0	0	0	0
dDocent_Contig_20720	1	395	0	0	0	0	0	0
dDocent_Contig_20730	1	355	0	0	0	0	0	0
dDocent_Contig_20731	1	428	0	0	0	0	0	0
dDocent_Contig_20734	1	402	0	0	0	0	0	0
dDocent_Contig_20735	1	269	0	0	0	0	0	0
dDocent_Contig_20738	1	451	0	0	0	0	0	0
dDocent_Contig_20745	1	380	0	0	0	0	0	0
dDocent_Contig_20747	1	398	0	0	0	0	0	0
dDocent_Contig_20748	1	376	0	0	0	0	0	0
dDocent_Contig_20753	1	360	0	0	0	0	0	0
dDocent_Contig_20762	1	266	0	0	0	0	0	0
dDocent_Contig_20763	1	366	0	0	0	0	0	0
dDocent_Contig_20786	1	482	0	0	0	0	0	0
dDocent_Contig_20788	1	518	0	0	0	0	0	0
dDocent_Contig_20810	1	468	0	0	0	0	0	0
dDocent_Contig_20813	1	382	0	0	0	0	0	0
dDocent_Contig_20814	1	500	0	0	0	0	0	0
dDocent_Contig_20828	1	480	0	0	0	0	0	0
dDocent_Contig_20831	1	500	0	0	0	0	0	0
dDocent_Contig_20834	1	477	0	0	0	0	0	0
dDocent_Contig_20865	1	443	0	0	0	0	0	0
dDocent_Contig_20872	1	476	0	0	0	0	0	0
dDocent_Contig_20880	1	383	0	0	0	0	0	0
dDocent_Contig_20881	1	363	0	0	0	0	0	0
dDocent_Contig_20894	1	421	0	0	0	0	0	0
dDocent_Contig_20899	1	348	0	0	0	0	0	0
dDocent_Contig_20900	1	334	0	0	0	0	0	0
dDocent_Contig_20901	1	415	0	0	0	0	0	0
dDocent_Contig_20902	1	323	0	0	0	0	0	0
dDocent_Contig_20903	1	389	0	0	0	0	0	0
dDocent_Contig_20916	1	399	0	0	0	0	0	0
dDocent_Contig_20921	1	418	0	0	0	0	0	0
dDocent_Contig_20922	1	282	0	0	0	0	0	0
dDocent_Contig_20926	1	400	0	0	0	0	0	0
dDocent_Contig_20928	1	437	0	0	0	0	0	0
dDocent_Contig_20931	1	458	0	0	0	0	0	0
dDocent_Contig_20932	1	365	0	0	0	0	0	0
dDocent_Contig_20933	1	431	0	0	0	0	0	0
dDocent_Contig_20945	1	512	0	0	0	0	0	0
dDocent_Contig_20947	1	313	0	0	0	0	0	0
dDocent_Contig_20951	1	435	0	0	0	0	0	0
dDocent_Contig_20953	1	401	0	0	0	0	0	0
dDocent_Contig_20976	1	475	0	0	0	0	0	0
dDocent_Contig_20978	1	373	0	0	0	0	0	0
dDocent_Contig_20979	1	388	0	0	0	0	0	0
dDocent_Contig_20991	1	377	0	0	0	0	0	0
dDocent_Contig_20992	1	309	0	0	0	0	0	0
dDocent_Contig_21003	1	476	0	0	0	0	0	0
dDocent_Contig_21013	1	423	0	0	0	0	0	0
dDocent_Contig_21034	1	285	0	0	0	0	0	0
dDocent_Contig_21035	1	301	0	0	0	0	0	0
dDocent_Contig_21036	1	387	0	0	0	0	0	0
dDocent_Contig_21037	1	443	0	0	0	0	0	0
dDocent_Contig_21047	1	470	0	0	0	0	0	0
dDocent_Contig_21048	1	432	0	0	0	0	0	0
dDocent_Contig_21050	1	382	0	0	0	0	0	0
dDocent_Contig_21051	1	448	0	0	0	0	0	0
dDocent_Contig_21058	1	324	0	0	0	0	0	0
dDocent_Contig_21059	1	482	0	0	0	0	0	0
dDocent_Contig_21060	1	360	0	0	0	0	0	0
dDocent_Contig_21065	1	502	0	0	0	0	0	0
dDocent_Contig_21068	1	414	0	0	0	0	0	0
dDocent_Contig_21069	1	402	0	0	0	0	0	0
dDocent_Contig_21088	1	492	0	0	0	0	0	0
dDocent_Contig_21091	1	431	0	0	0	0	0	0
dDocent_Contig_21103	1	441	0	0	0	0	0	0
dDocent_Contig_21125	1	284	0	0	0	0	0	0
dDocent_Contig_21130	1	384	0	0	0	0	0	0
dDocent_Contig_21132	1	265	0	0	0	0	0	0
dDocent_Contig_21139	1	507	0	0	0	0	0	0
dDocent_Contig_21146	1	394	0	0	0	0	0	0
dDocent_Contig_21155	1	367	0	0	0	0	0	0
dDocent_Contig_21167	1	310	0	0	0	0	0	0
dDocent_Contig_21170	1	429	0	0	0	0	0	0
dDocent_Contig_21177	1	401	0	0	0	0	0	0
dDocent_Contig_21191	1	359	0	0	0	0	0	0
dDocent_Contig_21194	1	440	0	0	0	0	0	0
dDocent_Contig_21196	1	315	0	0	0	0	0	0
dDocent_Contig_21205	1	411	0	0	0	0	0	0
dDocent_Contig_21206	1	347	0	0	0	0	0	0
dDocent_Contig_21207	1	456	0	0	0	0	0	0
dDocent_Contig_21213	1	485	0	0	0	0	0	0
dDocent_Contig_21216	1	399	0	0	0	0	0	0
dDocent_Contig_21228	1	426	0	0	0	0	0	0
dDocent_Contig_21230	1	354	0	0	0	0	0	0
dDocent_Contig_21239	1	385	0	0	0	0	0	0
dDocent_Contig_21242	1	438	0	0	0	0	0	0
dDocent_Contig_21256	1	371	0	0	0	0	0	0
dDocent_Contig_21264	1	320	0	0	0	0	0	0
dDocent_Contig_21265	1	453	0	0	0	0	0	0
dDocent_Contig_21270	1	353	0	0	0	0	0	0
dDocent_Contig_21280	1	313	0	0	0	0	0	0
dDocent_Contig_21299	1	471	0	0	0	0	0	0
dDocent_Contig_21303	1	363	0	0	0	0	0	0
dDocent_Contig_21305	1	431	0	0	0	0	0	0
dDocent_Contig_21332	1	472	0	0	0	0	0	0
dDocent_Contig_21333	1	463	0	0	0	0	0	0
dDocent_Contig_21353	1	377	0	0	0	0	0	0
dDocent_Contig_21360	1	324	0	0	0	0	0	0
dDocent_Contig_21361	1	322	0	0	0	0	0	0
dDocent_Contig_21366	1	291	0	0	0	0	0	0
dDocent_Contig_21375	1	426	0	0	0	0	0	0
dDocent_Contig_21377	1	263	0	0	0	0	0	0
dDocent_Contig_21383	1	417	0	0	0	0	0	0
dDocent_Contig_21397	1	298	0	0	0	0	0	0
dDocent_Contig_21402	1	300	0	0	0	0	0	0
dDocent_Contig_21403	1	290	0	0	0	0	0	0
dDocent_Contig_21405	1	368	0	0	0	0	0	0
dDocent_Contig_21411	1	414	0	0	0	0	0	0
dDocent_Contig_21421	1	396	0	0	0	0	0	0
dDocent_Contig_21424	1	443	0	0	0	0	0	0
dDocent_Contig_21434	1	318	0	0	0	0	0	0
dDocent_Contig_21437	1	424	0	0	0	0	0	0
dDocent_Contig_21438	1	400	0	0	0	0	0	0
dDocent_Contig_21444	1	371	0	0	0	0	0	0
dDocent_Contig_21457	1	349	0	0	0	0	0	0
dDocent_Contig_21461	1	351	0	0	0	0	0	0
dDocent_Contig_21465	1	375	0	0	0	0	0	0
dDocent_Contig_21470	1	419	0	0	0	0	0	0
dDocent_Contig_21480	1	490	0	0	0	0	0	0
dDocent_Contig_21483	1	388	0	0	0	0	0	0
dDocent_Contig_21491	1	452	0	0	0	0	0	0
dDocent_Contig_21497	1	386	0	0	0	0	0	0
dDocent_Contig_21498	1	395	0	0	0	0	0	0
dDocent_Contig_21502	1	317	0	0	0	0	0	0
dDocent_Contig_21508	1	396	0	0	0	0	0	0
dDocent_Contig_21509	1	374	0	0	0	0	0	0
dDocent_Contig_21512	1	439	0	0	0	0	0	0
dDocent_Contig_21520	1	485	0	0	0	0	0	0
dDocent_Contig_21524	1	408	0	0	0	0	0	0
dDocent_Contig_21528	1	384	0	0	0	0	0	0
dDocent_Contig_21531	1	486	0	0	0	0	0	0
dDocent_Contig_21532	1	426	0	0	0	0	0	0
dDocent_Contig_21533	1	299	0	0	0	0	0	0
dDocent_Contig_21535	1	415	0	0	0	0	0	0
dDocent_Contig_21538	1	357	0	0	0	0	0	0
dDocent_Contig_21545	1	351	0	0	0	0	0	0
dDocent_Contig_21549	1	377	0	0	0	0	0	0
dDocent_Contig_21558	1	380	0	0	0	0	0	0
dDocent_Contig_21560	1	453	0	0	0	0	0	0
dDocent_Contig_21565	1	365	0	0	0	0	0	0
dDocent_Contig_21570	1	380	0	0	0	0	0	0
dDocent_Contig_21575	1	383	0	0	0	0	0	0
dDocent_Contig_21579	1	452	0	0	0	0	0	0
dDocent_Contig_21581	1	311	0	0	0	0	0	0
dDocent_Contig_21588	1	282	0	0	0	0	0	0
dDocent_Contig_21591	1	414	0	0	0	0	0	0
dDocent_Contig_21602	1	351	0	0	0	0	0	0
dDocent_Contig_21628	1	374	0	0	0	0	0	0
dDocent_Contig_21637	1	344	0	0	0	0	0	0
dDocent_Contig_21642	1	418	0	0	0	0	0	0
dDocent_Contig_21645	1	384	0	0	0	0	0	0
dDocent_Contig_21647	1	491	0	0	0	0	0	0
dDocent_Contig_21649	1	397	0	0	0	0	0	0
dDocent_Contig_21661	1	346	0	0	0	0	0	0
dDocent_Contig_21671	1	253	0	0	0	0	0	0
dDocent_Contig_21675	1	509	0	0	0	0	0	0
dDocent_Contig_21685	1	245	0	0	0	0	0	0
dDocent_Contig_21692	1	327	0	0	0	0	0	0
dDocent_Contig_21694	1	414	0	0	0	0	0	0
dDocent_Contig_21730	1	368	0	0	0	0	0	0
dDocent_Contig_21738	1	383	0	0	0	0	0	0
dDocent_Contig_21739	1	398	0	0	0	0	0	0
dDocent_Contig_21745	1	328	0	0	0	0	0	0
dDocent_Contig_21749	1	382	0	0	0	0	0	0
dDocent_Contig_21756	1	372	0	0	0	0	0	0
dDocent_Contig_21766	1	389	0	0	0	0	0	0
dDocent_Contig_21775	1	316	0	0	0	0	0	0
dDocent_Contig_21778	1	390	0	0	0	0	0	0
dDocent_Contig_21784	1	347	0	0	0	0	0	0
dDocent_Contig_21788	1	498	0	0	0	0	0	0
dDocent_Contig_21789	1	261	0	0	0	0	0	0
dDocent_Contig_21801	1	384	0	0	0	0	0	0
dDocent_Contig_21804	1	363	0	0	0	0	0	0
dDocent_Contig_21806	1	324	0	0	0	0	0	0
dDocent_Contig_21814	1	398	0	0	0	0	0	0
dDocent_Contig_21816	1	265	0	0	0	0	0	0
dDocent_Contig_21825	1	413	0	0	0	0	0	0
dDocent_Contig_21831	1	351	0	0	0	0	0	0
dDocent_Contig_21834	1	498	0	0	0	0	0	0
dDocent_Contig_21837	1	365	0	0	0	0	0	0
dDocent_Contig_21849	1	345	0	0	0	0	0	0
dDocent_Contig_21851	1	354	0	0	0	0	0	0
dDocent_Contig_21860	1	319	0	0	0	0	0	0
dDocent_Contig_21865	1	433	0	0	0	0	0	0
dDocent_Contig_21869	1	414	0	0	0	0	0	0
dDocent_Contig_21872	1	509	0	0	0	0	0	0
dDocent_Contig_21875	1	357	0	0	0	0	0	0
dDocent_Contig_21877	1	252	0	0	0	0	0	0
dDocent_Contig_21878	1	367	0	0	0	0	0	0
dDocent_Contig_21880	1	434	0	0	0	0	0	0
dDocent_Contig_21885	1	384	0	0	0	0	0	0
dDocent_Contig_21894	1	424	0	0	0	0	0	0
dDocent_Contig_21902	1	487	0	0	0	0	0	0
dDocent_Contig_21916	1	515	0	0	0	0	0	0
dDocent_Contig_21918	1	350	0	0	0	0	0	0
dDocent_Contig_21919	1	467	0	0	0	0	0	0
dDocent_Contig_21922	1	300	0	0	0	0	0	0
dDocent_Contig_21925	1	440	0	0	0	0	0	0
dDocent_Contig_21926	1	418	0	0	0	0	0	0
dDocent_Contig_21927	1	395	0	0	0	0	0	0
dDocent_Contig_21937	1	385	0	0	0	0	0	0
dDocent_Contig_21940	1	361	0	0	0	0	0	0
dDocent_Contig_21963	1	346	0	0	0	0	0	0
dDocent_Contig_21965	1	374	0	0	0	0	0	0
dDocent_Contig_21966	1	442	0	0	0	0	0	0
dDocent_Contig_21979	1	386	0	0	0	0	0	0
dDocent_Contig_21981	1	411	0	0	0	0	0	0
dDocent_Contig_21982	1	451	0	0	0	0	0	0
dDocent_Contig_21986	1	297	0	0	0	0	0	0
dDocent_Contig_21990	1	306	0	0	0	0	0	0
dDocent_Contig_21992	1	343	0	0	0	0	0	0
dDocent_Contig_21994	1	225	0	0	0	0	0	0
dDocent_Contig_21995	1	430	0	0	0	0	0	0
dDocent_Contig_22000	1	362	0	0	0	0	0	0
dDocent_Contig_22001	1	401	0	0	0	0	0	0
dDocent_Contig_22003	1	298	0	0	0	0	0	0
dDocent_Contig_22007	1	263	0	0	0	0	0	0
dDocent_Contig_22010	1	366	0	0	0	0	0	0
dDocent_Contig_22011	1	381	0	0	0	0	0	0
dDocent_Contig_22015	1	353	0	0	0	0	0	0
dDocent_Contig_22016	1	312	0	0	0	0	0	0
dDocent_Contig_22024	1	297	0	0	0	0	0	0
dDocent_Contig_22025	1	384	0	0	0	0	0	0
dDocent_Contig_22026	1	425	0	0	0	0	0	0
dDocent_Contig_22027	1	384	0	0	0	0	0	0
dDocent_Contig_22029	1	261	0	0	0	0	0	0
dDocent_Contig_22041	1	321	0	0	0	0	0	0
dDocent_Contig_22047	1	392	0	0	0	0	0	0
dDocent_Contig_22053	1	337	0	0	0	0	0	0
dDocent_Contig_22059	1	441	0	0	0	0	0	0
dDocent_Contig_22060	1	481	0	0	0	0	0	0
dDocent_Contig_22062	1	428	0	0	0	0	0	0
dDocent_Contig_22069	1	414	0	0	0	0	0	0
dDocent_Contig_22072	1	471	0	0	0	0	0	0
dDocent_Contig_22075	1	408	0	0	0	0	0	0
dDocent_Contig_22077	1	398	0	0	0	0	0	0
dDocent_Contig_22082	1	321	0	0	0	0	0	0
dDocent_Contig_22096	1	462	0	0	0	0	0	0
dDocent_Contig_22098	1	404	0	0	0	0	0	0
dDocent_Contig_22101	1	419	0	0	0	0	0	0
dDocent_Contig_22108	1	381	0	0	0	0	0	0
dDocent_Contig_22110	1	337	0	0	0	0	0	0
dDocent_Contig_22111	1	388	0	0	0	0	0	0
dDocent_Contig_22113	1	401	0	0	0	0	0	0
dDocent_Contig_22115	1	318	0	0	0	0	0	0
dDocent_Contig_22134	1	442	0	0	0	0	0	0
dDocent_Contig_22137	1	436	0	0	0	0	0	0
dDocent_Contig_22139	1	493	0	0	0	0	0	0
dDocent_Contig_22155	1	421	0	0	0	0	0	0
dDocent_Contig_22158	1	463	0	0	0	0	0	0
dDocent_Contig_22164	1	374	0	0	0	0	0	0
dDocent_Contig_22178	1	385	0	0	0	0	0	0
dDocent_Contig_22190	1	488	0	0	0	0	0	0
dDocent_Contig_22192	1	275	0	0	0	0	0	0
dDocent_Contig_22195	1	338	0	0	0	0	0	0
dDocent_Contig_22198	1	300	0	0	0	0	0	0
dDocent_Contig_22199	1	498	0	0	0	0	0	0
dDocent_Contig_22203	1	435	0	0	0	0	0	0
dDocent_Contig_22206	1	460	0	0	0	0	0	0
dDocent_Contig_22214	1	430	0	0	0	0	0	0
dDocent_Contig_22218	1	294	0	0	0	0	0	0
dDocent_Contig_22222	1	449	0	0	0	0	0	0
dDocent_Contig_22227	1	395	0	0	0	0	0	0
dDocent_Contig_22228	1	254	0	0	0	0	0	0
dDocent_Contig_22229	1	454	0	0	0	0	0	0
dDocent_Contig_22240	1	479	0	0	0	0	0	0
dDocent_Contig_22254	1	401	0	0	0	0	0	0
dDocent_Contig_22255	1	370	0	0	0	0	0	0
dDocent_Contig_22258	1	340	0	0	0	0	0	0
dDocent_Contig_22260	1	480	0	0	0	0	0	0
dDocent_Contig_22261	1	419	0	0	0	0	0	0
dDocent_Contig_22265	1	436	0	0	0	0	0	0
dDocent_Contig_22268	1	406	0	0	0	0	0	0
dDocent_Contig_22269	1	425	0	0	0	0	0	0
dDocent_Contig_22273	1	395	0	0	0	0	0	0
dDocent_Contig_22275	1	403	0	0	0	0	0	0
dDocent_Contig_22280	1	285	0	0	0	0	0	0
dDocent_Contig_22281	1	419	0	0	0	0	0	0
dDocent_Contig_22283	1	405	0	0	0	0	0	0
dDocent_Contig_22284	1	360	0	0	0	0	0	0
dDocent_Contig_22304	1	397	0	0	0	0	0	0
dDocent_Contig_22311	1	344	0	0	0	0	0	0
dDocent_Contig_22312	1	454	0	0	0	0	0	0
dDocent_Contig_22315	1	229	0	0	0	0	0	0
dDocent_Contig_22326	1	445	0	0	0	0	0	0
dDocent_Contig_22328	1	300	0	0	0	0	0	0
dDocent_Contig_22334	1	439	0	0	0	0	0	0
dDocent_Contig_22336	1	318	0	0	0	0	0	0
dDocent_Contig_22337	1	377	0	0	0	0	0	0
dDocent_Contig_22343	1	367	0	0	0	0	0	0
dDocent_Contig_22349	1	290	0	0	0	0	0	0
dDocent_Contig_22351	1	373	0	0	0	0	0	0
dDocent_Contig_22352	1	475	0	0	0	0	0	0
dDocent_Contig_22360	1	345	0	0	0	0	0	0
dDocent_Contig_22363	1	381	0	0	0	0	0	0
dDocent_Contig_22365	1	396	0	0	0	0	0	0
dDocent_Contig_22376	1	317	0	0	0	0	0	0
dDocent_Contig_22377	1	371	0	0	0	0	0	0
dDocent_Contig_22379	1	306	0	0	0	0	0	0
dDocent_Contig_22381	1	395	0	0	0	0	0	0
dDocent_Contig_22386	1	419	0	0	0	0	0	0
dDocent_Contig_22390	1	438	0	0	0	0	0	0
dDocent_Contig_22400	1	376	0	0	0	0	0	0
dDocent_Contig_22401	1	321	0	0	0	0	0	0
dDocent_Contig_22408	1	434	0	0	0	0	0	0
dDocent_Contig_22413	1	382	0	0	0	0	0	0
dDocent_Contig_22415	1	385	0	0	0	0	0	0
dDocent_Contig_22419	1	417	0	0	0	0	0	0
dDocent_Contig_22422	1	424	0	0	0	0	0	0
dDocent_Contig_22424	1	453	0	0	0	0	0	0
dDocent_Contig_22425	1	425	0	0	0	0	0	0
dDocent_Contig_22428	1	318	0	0	0	0	0	0
dDocent_Contig_22431	1	435	0	0	0	0	0	0
dDocent_Contig_22442	1	318	0	0	0	0	0	0
dDocent_Contig_22444	1	403	0	0	0	0	0	0
dDocent_Contig_22446	1	257	0	0	0	0	0	0
dDocent_Contig_22455	1	399	0	0	0	0	0	0
dDocent_Contig_22458	1	469	0	0	0	0	0	0
dDocent_Contig_22465	1	415	0	0	0	0	0	0
dDocent_Contig_22468	1	393	0	0	0	0	0	0
dDocent_Contig_22469	1	362	0	0	0	0	0	0
dDocent_Contig_22482	1	391	0	0	0	0	0	0
dDocent_Contig_22485	1	393	0	0	0	0	0	0
dDocent_Contig_22488	1	395	0	0	0	0	0	0
dDocent_Contig_22492	1	386	0	0	0	0	0	0
dDocent_Contig_22493	1	469	0	0	0	0	0	0
dDocent_Contig_22495	1	440	0	0	0	0	0	0
dDocent_Contig_22498	1	490	0	0	0	0	0	0
dDocent_Contig_22499	1	336	0	0	0	0	0	0
dDocent_Contig_22501	1	385	0	0	0	0	0	0
dDocent_Contig_22503	1	418	0	0	0	0	0	0
dDocent_Contig_22509	1	357	0	0	0	0	0	0
dDocent_Contig_22510	1	473	0	0	0	0	0	0
dDocent_Contig_22516	1	326	0	0	0	0	0	0
dDocent_Contig_22518	1	371	0	0	0	0	0	0
dDocent_Contig_22523	1	275	0	0	0	0	0	0
dDocent_Contig_22533	1	394	0	0	0	0	0	0
dDocent_Contig_22538	1	400	0	0	0	0	0	0
dDocent_Contig_22544	1	398	0	0	0	0	0	0
dDocent_Contig_22559	1	404	0	0	0	0	0	0
dDocent_Contig_22565	1	440	0	0	0	0	0	0
dDocent_Contig_22571	1	466	0	0	0	0	0	0
dDocent_Contig_22572	1	383	0	0	0	0	0	0
dDocent_Contig_22580	1	410	0	0	0	0	0	0
dDocent_Contig_22602	1	384	0	0	0	0	0	0
dDocent_Contig_22603	1	456	0	0	0	0	0	0
dDocent_Contig_22605	1	458	0	0	0	0	0	0
dDocent_Contig_22610	1	433	0	0	0	0	0	0
dDocent_Contig_22613	1	497	0	0	0	0	0	0
dDocent_Contig_22616	1	426	0	0	0	0	0	0
dDocent_Contig_22630	1	427	0	0	0	0	0	0
dDocent_Contig_22631	1	380	0	0	0	0	0	0
dDocent_Contig_22637	1	400	0	0	0	0	0	0
dDocent_Contig_22640	1	313	0	0	0	0	0	0
dDocent_Contig_22646	1	415	0	0	0	0	0	0
dDocent_Contig_22651	1	431	0	0	0	0	0	0
dDocent_Contig_22665	1	296	0	0	0	0	0	0
dDocent_Contig_22669	1	358	0	0	0	0	0	0
dDocent_Contig_22671	1	374	0	0	0	0	0	0
dDocent_Contig_22680	1	383	0	0	0	0	0	0
dDocent_Contig_22694	1	417	0	0	0	0	0	0
dDocent_Contig_22696	1	366	0	0	0	0	0	0
dDocent_Contig_22698	1	426	0	0	0	0	0	0
dDocent_Contig_22700	1	425	0	0	0	0	0	0
dDocent_Contig_22701	1	410	0	0	0	0	0	0
dDocent_Contig_22702	1	414	0	0	0	0	0	0
dDocent_Contig_22705	1	411	0	0	0	0	0	0
dDocent_Contig_22708	1	405	0	0	0	0	0	0
dDocent_Contig_22712	1	338	0	0	0	0	0	0
dDocent_Contig_22714	1	323	0	0	0	0	0	0
dDocent_Contig_22716	1	357	0	0	0	0	0	0
dDocent_Contig_22718	1	240	0	0	0	0	0	0
dDocent_Contig_22723	1	373	0	0	0	0	0	0
dDocent_Contig_22731	1	467	0	0	0	0	0	0
dDocent_Contig_22733	1	327	0	0	0	0	0	0
dDocent_Contig_22735	1	403	0	0	0	0	0	0
dDocent_Contig_22740	1	492	0	0	0	0	0	0
dDocent_Contig_22742	1	357	0	0	0	0	0	0
dDocent_Contig_22743	1	381	0	0	0	0	0	0
dDocent_Contig_22744	1	470	0	0	0	0	0	0
dDocent_Contig_22746	1	401	0	0	0	0	0	0
dDocent_Contig_22748	1	450	0	0	0	0	0	0
dDocent_Contig_22749	1	247	0	0	0	0	0	0
dDocent_Contig_22757	1	331	0	0	0	0	0	0
dDocent_Contig_22758	1	417	0	0	0	0	0	0
dDocent_Contig_22761	1	282	0	0	0	0	0	0
dDocent_Contig_22764	1	373	0	0	0	0	0	0
dDocent_Contig_22765	1	331	0	0	0	0	0	0
dDocent_Contig_22769	1	411	0	0	0	0	0	0
dDocent_Contig_22771	1	260	0	0	0	0	0	0
dDocent_Contig_22779	1	477	0	0	0	0	0	0
dDocent_Contig_22781	1	398	0	0	0	0	0	0
dDocent_Contig_22784	1	396	0	0	0	0	0	0
dDocent_Contig_22785	1	430	0	0	0	0	0	0
dDocent_Contig_22786	1	448	0	0	0	0	0	0
dDocent_Contig_22808	1	512	0	0	0	0	0	0
dDocent_Contig_22811	1	383	0	0	0	0	0	0
dDocent_Contig_22815	1	486	0	0	0	0	0	0
dDocent_Contig_22819	1	448	0	0	0	0	0	0
dDocent_Contig_22822	1	474	0	0	0	0	0	0
dDocent_Contig_22824	1	421	0	0	0	0	0	0
dDocent_Contig_22826	1	406	0	0	0	0	0	0
dDocent_Contig_22836	1	298	0	0	0	0	0	0
dDocent_Contig_22839	1	352	0	0	0	0	0	0
dDocent_Contig_22841	1	363	0	0	0	0	0	0
dDocent_Contig_22842	1	487	0	0	0	0	0	0
dDocent_Contig_22844	1	476	0	0	0	0	0	0
dDocent_Contig_22847	1	468	0	0	0	0	0	0
dDocent_Contig_22856	1	418	0	0	0	0	0	0
dDocent_Contig_22860	1	440	0	0	0	0	0	0
dDocent_Contig_22865	1	318	0	0	0	0	0	0
dDocent_Contig_22877	1	411	0	0	0	0	0	0
dDocent_Contig_22889	1	402	0	0	0	0	0	0
dDocent_Contig_22908	1	280	0	0	0	0	0	0
dDocent_Contig_22917	1	279	0	0	0	0	0	0
dDocent_Contig_22925	1	361	0	0	0	0	0	0
dDocent_Contig_22932	1	368	0	0	0	0	0	0
dDocent_Contig_22936	1	248	0	0	0	0	0	0
dDocent_Contig_22939	1	380	0	0	0	0	0	0
dDocent_Contig_22942	1	476	0	0	0	0	0	0
dDocent_Contig_22947	1	386	0	0	0	0	0	0
dDocent_Contig_22949	1	396	0	0	0	0	0	0
dDocent_Contig_22951	1	447	0	0	0	0	0	0
dDocent_Contig_22959	1	341	0	0	0	0	0	0
dDocent_Contig_22960	1	303	0	0	0	0	0	0
dDocent_Contig_22966	1	306	0	0	0	0	0	0
dDocent_Contig_22976	1	369	0	0	0	0	0	0
dDocent_Contig_22980	1	401	0	0	0	0	0	0
dDocent_Contig_22985	1	293	0	0	0	0	0	0
dDocent_Contig_22986	1	375	0	0	0	0	0	0
dDocent_Contig_22990	1	429	0	0	0	0	0	0
dDocent_Contig_22991	1	482	0	0	0	0	0	0
dDocent_Contig_22995	1	362	0	0	0	0	0	0
dDocent_Contig_22998	1	393	0	0	0	0	0	0
dDocent_Contig_23002	1	289	0	0	0	0	0	0
dDocent_Contig_23003	1	363	0	0	0	0	0	0
dDocent_Contig_23005	1	277	0	0	0	0	0	0
dDocent_Contig_23006	1	359	0	0	0	0	0	0
dDocent_Contig_23007	1	347	0	0	0	0	0	0
dDocent_Contig_23012	1	346	0	0	0	0	0	0
dDocent_Contig_23014	1	434	0	0	0	0	0	0
dDocent_Contig_23015	1	425	0	0	0	0	0	0
dDocent_Contig_23016	1	336	0	0	0	0	0	0
dDocent_Contig_23034	1	480	0	0	0	0	0	0
dDocent_Contig_23035	1	452	0	0	0	0	0	0
dDocent_Contig_23038	1	334	0	0	0	0	0	0
dDocent_Contig_23040	1	475	0	0	0	0	0	0
dDocent_Contig_23045	1	357	0	0	0	0	0	0
dDocent_Contig_23046	1	488	0	0	0	0	0	0
dDocent_Contig_23048	1	457	0	0	0	0	0	0
dDocent_Contig_23054	1	443	0	0	0	0	0	0
dDocent_Contig_23064	1	402	0	0	0	0	0	0
dDocent_Contig_23066	1	413	0	0	0	0	0	0
dDocent_Contig_23071	1	290	0	0	0	0	0	0
dDocent_Contig_23072	1	447	0	0	0	0	0	0
dDocent_Contig_23074	1	288	0	0	0	0	0	0
dDocent_Contig_23085	1	444	0	0	0	0	0	0
dDocent_Contig_23086	1	434	0	0	0	0	0	0
dDocent_Contig_23092	1	391	0	0	0	0	0	0
dDocent_Contig_23094	1	291	0	0	0	0	0	0
dDocent_Contig_23095	1	390	0	0	0	0	0	0
dDocent_Contig_23099	1	373	0	0	0	0	0	0
dDocent_Contig_23106	1	439	0	0	0	0	0	0
dDocent_Contig_23108	1	415	0	0	0	0	0	0
dDocent_Contig_23115	1	370	0	0	0	0	0	0
dDocent_Contig_23118	1	415	0	0	0	0	0	0
dDocent_Contig_23125	1	378	0	0	0	0	0	0
dDocent_Contig_23181	1	416	0	0	0	0	0	0
dDocent_Contig_23182	1	313	0	0	0	0	0	0
dDocent_Contig_23185	1	304	0	0	0	0	0	0
dDocent_Contig_23191	1	451	0	0	0	0	0	0
dDocent_Contig_23192	1	456	0	0	0	0	0	0
dDocent_Contig_23193	1	474	0	0	0	0	0	0
dDocent_Contig_23195	1	390	0	0	0	0	0	0
dDocent_Contig_23196	1	323	0	0	0	0	0	0
dDocent_Contig_23197	1	379	0	0	0	0	0	0
dDocent_Contig_23204	1	390	0	0	0	0	0	0
dDocent_Contig_23205	1	381	0	0	0	0	0	0
dDocent_Contig_23208	1	338	0	0	0	0	0	0
dDocent_Contig_23211	1	478	0	0	0	0	0	0
dDocent_Contig_23212	1	423	0	0	0	0	0	0
dDocent_Contig_23218	1	378	0	0	0	0	0	0
dDocent_Contig_23220	1	452	0	0	0	0	0	0
dDocent_Contig_23223	1	400	0	0	0	0	0	0
dDocent_Contig_23225	1	336	0	0	0	0	0	0
dDocent_Contig_23232	1	468	0	0	0	0	0	0
dDocent_Contig_23237	1	317	0	0	0	0	0	0
dDocent_Contig_23240	1	470	0	0	0	0	0	0
dDocent_Contig_23243	1	310	0	0	0	0	0	0
dDocent_Contig_23246	1	354	0	0	0	0	0	0
dDocent_Contig_23247	1	348	0	0	0	0	0	0
dDocent_Contig_23255	1	433	0	0	0	0	0	0
dDocent_Contig_23257	1	450	0	0	0	0	0	0
dDocent_Contig_23258	1	428	0	0	0	0	0	0
dDocent_Contig_23262	1	450	0	0	0	0	0	0
dDocent_Contig_23263	1	380	0	0	0	0	0	0
dDocent_Contig_23264	1	235	0	0	0	0	0	0
dDocent_Contig_23265	1	397	0	0	0	0	0	0
dDocent_Contig_23275	1	372	0	0	0	0	0	0
dDocent_Contig_23278	1	394	0	0	0	0	0	0
dDocent_Contig_23280	1	339	0	0	0	0	0	0
dDocent_Contig_23292	1	364	0	0	0	0	0	0
dDocent_Contig_23293	1	364	0	0	0	0	0	0
dDocent_Contig_23302	1	469	0	0	0	0	0	0
dDocent_Contig_23305	1	412	0	0	0	0	0	0
dDocent_Contig_23307	1	361	0	0	0	0	0	0
dDocent_Contig_23310	1	268	0	0	0	0	0	0
dDocent_Contig_23313	1	226	0	0	0	0	0	0
dDocent_Contig_23317	1	378	0	0	0	0	0	0
dDocent_Contig_23333	1	393	0	0	0	0	0	0
dDocent_Contig_23336	1	399	0	0	0	0	0	0
dDocent_Contig_23337	1	296	0	0	0	0	0	0
dDocent_Contig_23339	1	344	0	0	0	0	0	0
dDocent_Contig_23345	1	451	0	0	0	0	0	0
dDocent_Contig_23346	1	394	0	0	0	0	0	0
dDocent_Contig_23349	1	497	0	0	0	0	0	0
dDocent_Contig_23359	1	334	0	0	0	0	0	0
dDocent_Contig_23363	1	306	0	0	0	0	0	0
dDocent_Contig_23364	1	309	0	0	0	0	0	0
dDocent_Contig_23367	1	380	0	0	0	0	0	0
dDocent_Contig_23373	1	400	0	0	0	0	0	0
dDocent_Contig_23376	1	357	0	0	0	0	0	0
dDocent_Contig_23380	1	351	0	0	0	0	0	0
dDocent_Contig_23383	1	413	0	0	0	0	0	0
dDocent_Contig_23385	1	232	0	0	0	0	0	0
dDocent_Contig_23386	1	444	0	0	0	0	0	0
dDocent_Contig_23390	1	421	0	0	0	0	0	0
dDocent_Contig_23394	1	443	0	0	0	0	0	0
dDocent_Contig_23400	1	408	0	0	0	0	0	0
dDocent_Contig_23405	1	328	0	0	0	0	0	0
dDocent_Contig_23415	1	411	0	0	0	0	0	0
dDocent_Contig_23442	1	229	0	0	0	0	0	0
dDocent_Contig_23445	1	372	0	0	0	0	0	0
dDocent_Contig_23447	1	426	0	0	0	0	0	0
dDocent_Contig_23453	1	379	0	0	0	0	0	0
dDocent_Contig_23456	1	426	0	0	0	0	0	0
dDocent_Contig_23465	1	333	0	0	0	0	0	0
dDocent_Contig_23467	1	347	0	0	0	0	0	0
dDocent_Contig_23472	1	277	0	0	0	0	0	0
dDocent_Contig_23479	1	321	0	0	0	0	0	0
dDocent_Contig_23480	1	267	0	0	0	0	0	0
dDocent_Contig_23545	1	382	0	0	0	0	0	0
dDocent_Contig_23549	1	383	0	0	0	0	0	0
dDocent_Contig_23550	1	395	0	0	0	0	0	0
dDocent_Contig_23551	1	394	0	0	0	0	0	0
dDocent_Contig_23555	1	351	0	0	0	0	0	0
dDocent_Contig_23567	1	433	0	0	0	0	0	0
dDocent_Contig_23581	1	455	0	0	0	0	0	0
dDocent_Contig_23583	1	373	0	0	0	0	0	0
dDocent_Contig_23585	1	435	0	0	0	0	0	0
dDocent_Contig_23588	1	360	0	0	0	0	0	0
dDocent_Contig_23592	1	268	0	0	0	0	0	0
dDocent_Contig_23594	1	393	0	0	0	0	0	0
dDocent_Contig_23599	1	358	0	0	0	0	0	0
dDocent_Contig_23602	1	325	0	0	0	0	0	0
dDocent_Contig_23604	1	394	0	0	0	0	0	0
dDocent_Contig_23605	1	437	0	0	0	0	0	0
dDocent_Contig_23607	1	360	0	0	0	0	0	0
dDocent_Contig_23611	1	394	0	0	0	0	0	0
dDocent_Contig_23613	1	353	0	0	0	0	0	0
dDocent_Contig_23615	1	414	0	0	0	0	0	0
dDocent_Contig_23631	1	445	0	0	0	0	0	0
dDocent_Contig_23635	1	333	0	0	0	0	0	0
dDocent_Contig_23636	1	299	0	0	0	0	0	0
dDocent_Contig_23637	1	479	0	0	0	0	0	0
dDocent_Contig_23638	1	407	0	0	0	0	0	0
dDocent_Contig_23646	1	396	0	0	0	0	0	0
dDocent_Contig_23649	1	361	0	0	0	0	0	0
dDocent_Contig_23650	1	438	0	0	0	0	0	0
dDocent_Contig_23669	1	298	0	0	0	0	0	0
dDocent_Contig_23674	1	290	0	0	0	0	0	0
dDocent_Contig_23680	1	382	0	0	0	0	0	0
dDocent_Contig_23684	1	441	0	0	0	0	0	0
dDocent_Contig_23685	1	248	0	0	0	0	0	0
dDocent_Contig_23690	1	461	0	0	0	0	0	0
dDocent_Contig_23692	1	382	0	0	0	0	0	0
dDocent_Contig_23697	1	286	0	0	0	0	0	0
dDocent_Contig_23698	1	429	0	0	0	0	0	0
dDocent_Contig_23705	1	455	0	0	0	0	0	0
dDocent_Contig_23706	1	391	0	0	0	0	0	0
dDocent_Contig_23715	1	431	0	0	0	0	0	0
dDocent_Contig_23730	1	359	0	0	0	0	0	0
dDocent_Contig_23737	1	393	0	0	0	0	0	0
dDocent_Contig_23745	1	270	0	0	0	0	0	0
dDocent_Contig_23746	1	419	0	0	0	0	0	0
dDocent_Contig_23769	1	329	0	0	0	0	0	0
dDocent_Contig_23780	1	445	0	0	0	0	0	0
dDocent_Contig_23785	1	376	0	0	0	0	0	0
dDocent_Contig_23787	1	367	0	0	0	0	0	0
dDocent_Contig_23788	1	325	0	0	0	0	0	0
dDocent_Contig_23792	1	333	0	0	0	0	0	0
dDocent_Contig_23793	1	308	0	0	0	0	0	0
dDocent_Contig_23796	1	378	0	0	0	0	0	0
dDocent_Contig_23798	1	374	0	0	0	0	0	0
dDocent_Contig_23800	1	332	0	0	0	0	0	0
dDocent_Contig_23801	1	335	0	0	0	0	0	0
dDocent_Contig_23805	1	400	0	0	0	0	0	0
dDocent_Contig_23813	1	404	0	0	0	0	0	0
dDocent_Contig_23816	1	419	0	0	0	0	0	0
dDocent_Contig_23817	1	384	0	0	0	0	0	0
dDocent_Contig_23825	1	316	0	0	0	0	0	0
dDocent_Contig_23827	1	404	0	0	0	0	0	0
dDocent_Contig_23830	1	388	0	0	0	0	0	0
dDocent_Contig_23841	1	399	0	0	0	0	0	0
dDocent_Contig_23851	1	384	0	0	0	0	0	0
dDocent_Contig_23859	1	382	0	0	0	0	0	0
dDocent_Contig_23863	1	428	0	0	0	0	0	0
dDocent_Contig_23871	1	384	0	0	0	0	0	0
dDocent_Contig_23891	1	475	0	0	0	0	0	0
dDocent_Contig_23913	1	420	0	0	0	0	0	0
dDocent_Contig_23920	1	327	0	0	0	0	0	0
dDocent_Contig_23923	1	499	0	0	0	0	0	0
dDocent_Contig_23927	1	372	0	0	0	0	0	0
dDocent_Contig_23929	1	342	0	0	0	0	0	0
dDocent_Contig_23941	1	395	0	0	0	0	0	0
dDocent_Contig_23943	1	369	0	0	0	0	0	0
dDocent_Contig_23944	1	491	0	0	0	0	0	0
dDocent_Contig_23954	1	389	0	0	0	0	0	0
dDocent_Contig_23956	1	331	0	0	0	0	0	0
dDocent_Contig_23963	1	429	0	0	0	0	0	0
dDocent_Contig_23965	1	373	0	0	0	0	0	0
dDocent_Contig_23973	1	429	0	0	0	0	0	0
dDocent_Contig_23977	1	249	0	0	0	0	0	0
dDocent_Contig_23979	1	410	0	0	0	0	0	0
dDocent_Contig_23983	1	465	0	0	0	0	0	0
dDocent_Contig_23994	1	311	0	0	0	0	0	0
dDocent_Contig_23997	1	371	0	0	0	0	0	0
dDocent_Contig_24002	1	504	0	0	0	0	0	0
dDocent_Contig_24004	1	285	0	0	0	0	0	0
dDocent_Contig_24005	1	326	0	0	0	0	0	0
dDocent_Contig_24008	1	388	0	0	0	0	0	0
dDocent_Contig_24009	1	440	0	0	0	0	0	0
dDocent_Contig_24013	1	479	0	0	0	0	0	0
dDocent_Contig_24014	1	389	0	0	0	0	0	0
dDocent_Contig_24017	1	363	0	0	0	0	0	0
dDocent_Contig_24019	1	324	0	0	0	0	0	0
dDocent_Contig_24022	1	384	0	0	0	0	0	0
dDocent_Contig_24029	1	415	0	0	0	0	0	0
dDocent_Contig_24034	1	451	0	0	0	0	0	0
dDocent_Contig_24052	1	319	0	0	0	0	0	0
dDocent_Contig_24056	1	333	0	0	0	0	0	0
dDocent_Contig_24057	1	397	0	0	0	0	0	0
dDocent_Contig_24068	1	460	0	0	0	0	0	0
dDocent_Contig_24079	1	472	0	0	0	0	0	0
dDocent_Contig_24088	1	272	0	0	0	0	0	0
dDocent_Contig_24089	1	487	0	0	0	0	0	0
dDocent_Contig_24096	1	354	0	0	0	0	0	0
dDocent_Contig_24099	1	356	0	0	0	0	0	0
dDocent_Contig_24200	1	336	0	0	0	0	0	0
dDocent_Contig_24201	1	409	0	0	0	0	0	0
dDocent_Contig_24203	1	368	0	0	0	0	0	0
dDocent_Contig_24228	1	372	0	0	0	0	0	0
dDocent_Contig_24230	1	347	0	0	0	0	0	0
dDocent_Contig_24233	1	347	0	0	0	0	0	0
dDocent_Contig_24242	1	324	0	0	0	0	0	0
dDocent_Contig_24251	1	348	0	0	0	0	0	0
dDocent_Contig_24258	1	289	0	0	0	0	0	0
dDocent_Contig_24277	1	427	0	0	0	0	0	0
dDocent_Contig_24280	1	460	0	0	0	0	0	0
dDocent_Contig_24284	1	494	0	0	0	0	0	0
dDocent_Contig_24291	1	374	0	0	0	0	0	0
dDocent_Contig_24293	1	358	0	0	0	0	0	0
dDocent_Contig_24302	1	421	0	0	0	0	0	0
dDocent_Contig_24303	1	473	0	0	0	0	0	0
dDocent_Contig_24310	1	347	0	0	0	0	0	0
dDocent_Contig_24312	1	321	0	0	0	0	0	0
dDocent_Contig_24314	1	453	0	0	0	0	0	0
dDocent_Contig_24315	1	247	0	0	0	0	0	0
dDocent_Contig_24317	1	393	0	0	0	0	0	0
dDocent_Contig_24319	1	431	0	0	0	0	0	0
dDocent_Contig_24325	1	436	0	0	0	0	0	0
dDocent_Contig_24327	1	382	0	0	0	0	0	0
dDocent_Contig_24343	1	333	0	0	0	0	0	0
dDocent_Contig_24344	1	447	0	0	0	0	0	0
dDocent_Contig_24346	1	312	0	0	0	0	0	0
dDocent_Contig_24352	1	294	0	0	0	0	0	0
dDocent_Contig_24355	1	375	0	0	0	0	0	0
dDocent_Contig_24369	1	376	0	0	0	0	0	0
dDocent_Contig_24371	1	427	0	0	0	0	0	0
dDocent_Contig_24378	1	365	0	0	0	0	0	0
dDocent_Contig_24382	1	380	0	0	0	0	0	0
dDocent_Contig_24393	1	432	0	0	0	0	0	0
dDocent_Contig_24395	1	294	0	0	0	0	0	0
dDocent_Contig_24396	1	404	0	0	0	0	0	0
dDocent_Contig_24398	1	365	0	0	0	0	0	0
dDocent_Contig_24405	1	312	0	0	0	0	0	0
dDocent_Contig_24415	1	276	0	0	0	0	0	0
dDocent_Contig_24422	1	377	0	0	0	0	0	0
dDocent_Contig_24423	1	307	0	0	0	0	0	0
dDocent_Contig_24433	1	234	0	0	0	0	0	0
dDocent_Contig_24437	1	317	0	0	0	0	0	0
dDocent_Contig_24440	1	388	0	0	0	0	0	0
dDocent_Contig_24444	1	388	0	0	0	0	0	0
dDocent_Contig_24448	1	254	0	0	0	0	0	0
dDocent_Contig_24450	1	351	0	0	0	0	0	0
dDocent_Contig_24452	1	297	0	0	0	0	0	0
dDocent_Contig_24453	1	478	0	0	0	0	0	0
dDocent_Contig_24463	1	455	0	0	0	0	0	0
dDocent_Contig_24464	1	383	0	0	0	0	0	0
dDocent_Contig_24465	1	383	0	0	0	0	0	0
dDocent_Contig_24471	1	413	0	0	0	0	0	0
dDocent_Contig_24480	1	447	0	0	0	0	0	0
dDocent_Contig_24492	1	274	0	0	0	0	0	0
dDocent_Contig_24514	1	364	0	0	0	0	0	0
dDocent_Contig_24518	1	301	0	0	0	0	0	0
dDocent_Contig_24527	1	505	0	0	0	0	0	0
dDocent_Contig_24529	1	451	0	0	0	0	0	0
dDocent_Contig_24530	1	416	0	0	0	0	0	0
dDocent_Contig_24534	1	335	0	0	0	0	0	0
dDocent_Contig_24535	1	474	0	0	0	0	0	0
dDocent_Contig_24544	1	398	0	0	0	0	0	0
dDocent_Contig_24547	1	347	0	0	0	0	0	0
dDocent_Contig_24558	1	397	0	0	0	0	0	0
dDocent_Contig_24565	1	415	0	0	0	0	0	0
dDocent_Contig_24567	1	463	0	0	0	0	0	0
dDocent_Contig_24569	1	409	0	0	0	0	0	0
dDocent_Contig_24571	1	400	0	0	0	0	0	0
dDocent_Contig_24572	1	352	0	0	0	0	0	0
dDocent_Contig_24595	1	385	0	0	0	0	0	0
dDocent_Contig_24597	1	338	0	0	0	0	0	0
dDocent_Contig_24600	1	396	0	0	0	0	0	0
dDocent_Contig_24606	1	466	0	0	0	0	0	0
dDocent_Contig_24610	1	270	0	0	0	0	0	0
dDocent_Contig_24612	1	278	0	0	0	0	0	0
dDocent_Contig_24613	1	262	0	0	0	0	0	0
dDocent_Contig_24614	1	377	0	0	0	0	0	0
dDocent_Contig_24620	1	406	0	0	0	0	0	0
dDocent_Contig_24621	1	432	0	0	0	0	0	0
dDocent_Contig_24622	1	458	0	0	0	0	0	0
dDocent_Contig_24634	1	384	0	0	0	0	0	0
dDocent_Contig_24649	1	260	0	0	0	0	0	0
dDocent_Contig_24655	1	246	0	0	0	0	0	0
dDocent_Contig_24656	1	297	0	0	0	0	0	0
dDocent_Contig_24659	1	367	0	0	0	0	0	0
dDocent_Contig_24660	1	400	0	0	0	0	0	0
dDocent_Contig_24662	1	301	0	0	0	0	0	0
dDocent_Contig_24681	1	375	0	0	0	0	0	0
dDocent_Contig_24683	1	446	0	0	0	0	0	0
dDocent_Contig_24690	1	395	0	0	0	0	0	0
dDocent_Contig_24692	1	334	0	0	0	0	0	0
dDocent_Contig_24694	1	454	0	0	0	0	0	0
dDocent_Contig_24696	1	315	0	0	0	0	0	0
dDocent_Contig_24698	1	396	0	0	0	0	0	0
dDocent_Contig_24701	1	347	0	0	0	0	0	0
dDocent_Contig_24708	1	275	0	0	0	0	0	0
dDocent_Contig_24717	1	339	0	0	0	0	0	0
dDocent_Contig_24718	1	276	0	0	0	0	0	0
dDocent_Contig_24719	1	315	0	0	0	0	0	0
dDocent_Contig_24727	1	386	0	0	0	0	0	0
dDocent_Contig_24733	1	350	0	0	0	0	0	0
dDocent_Contig_24739	1	318	0	0	0	0	0	0
dDocent_Contig_24740	1	418	0	0	0	0	0	0
dDocent_Contig_24742	1	399	0	0	0	0	0	0
dDocent_Contig_24743	1	509	0	0	0	0	0	0
dDocent_Contig_24745	1	407	0	0	0	0	0	0
dDocent_Contig_24746	1	415	0	0	0	0	0	0
dDocent_Contig_24752	1	337	0	0	0	0	0	0
dDocent_Contig_24753	1	461	0	0	0	0	0	0
dDocent_Contig_24754	1	418	0	0	0	0	0	0
dDocent_Contig_24755	1	470	0	0	0	0	0	0
dDocent_Contig_24756	1	497	0	0	0	0	0	0
dDocent_Contig_24799	1	404	0	0	0	0	0	0
dDocent_Contig_24800	1	373	0	0	0	0	0	0
dDocent_Contig_24802	1	286	0	0	0	0	0	0
dDocent_Contig_24804	1	463	0	0	0	0	0	0
dDocent_Contig_24811	1	405	0	0	0	0	0	0
dDocent_Contig_24812	1	457	0	0	0	0	0	0
dDocent_Contig_24817	1	389	0	0	0	0	0	0
dDocent_Contig_24828	1	401	0	0	0	0	0	0
dDocent_Contig_24833	1	446	0	0	0	0	0	0
dDocent_Contig_24835	1	327	0	0	0	0	0	0
dDocent_Contig_24840	1	350	0	0	0	0	0	0
dDocent_Contig_24842	1	432	0	0	0	0	0	0
dDocent_Contig_24844	1	444	0	0	0	0	0	0
dDocent_Contig_24851	1	443	0	0	0	0	0	0
dDocent_Contig_24854	1	390	0	0	0	0	0	0
dDocent_Contig_24856	1	390	0	0	0	0	0	0
dDocent_Contig_24861	1	491	0	0	0	0	0	0
dDocent_Contig_24862	1	400	0	0	0	0	0	0
dDocent_Contig_24864	1	230	0	0	0	0	0	0
dDocent_Contig_24867	1	388	0	0	0	0	0	0
dDocent_Contig_24868	1	333	0	0	0	0	0	0
dDocent_Contig_24869	1	372	0	0	0	0	0	0
dDocent_Contig_24870	1	415	0	0	0	0	0	0
dDocent_Contig_24888	1	390	0	0	0	0	0	0
dDocent_Contig_24889	1	443	0	0	0	0	0	0
dDocent_Contig_24893	1	367	0	0	0	0	0	0
dDocent_Contig_24898	1	425	0	0	0	0	0	0
dDocent_Contig_24902	1	353	0	0	0	0	0	0
dDocent_Contig_24908	1	389	0	0	0	0	0	0
dDocent_Contig_24912	1	346	0	0	0	0	0	0
dDocent_Contig_24915	1	474	0	0	0	0	0	0
dDocent_Contig_24931	1	424	0	0	0	0	0	0
dDocent_Contig_24933	1	475	0	0	0	0	0	0
dDocent_Contig_24940	1	348	0	0	0	0	0	0
dDocent_Contig_24949	1	468	0	0	0	0	0	0
dDocent_Contig_24955	1	443	0	0	0	0	0	0
dDocent_Contig_24957	1	321	0	0	0	0	0	0
dDocent_Contig_24958	1	444	0	0	0	0	0	0
dDocent_Contig_24961	1	432	0	0	0	0	0	0
dDocent_Contig_24966	1	392	0	0	0	0	0	0
dDocent_Contig_24971	1	393	0	0	0	0	0	0
dDocent_Contig_24974	1	383	0	0	0	0	0	0
dDocent_Contig_24975	1	299	0	0	0	0	0	0
dDocent_Contig_24978	1	491	0	0	0	0	0	0
dDocent_Contig_24982	1	373	0	0	0	0	0	0
dDocent_Contig_24983	1	412	0	0	0	0	0	0
dDocent_Contig_24984	1	348	0	0	0	0	0	0
dDocent_Contig_24986	1	401	0	0	0	0	0	0
dDocent_Contig_24988	1	430	0	0	0	0	0	0
dDocent_Contig_24989	1	347	0	0	0	0	0	0
dDocent_Contig_24991	1	437	0	0	0	0	0	0
dDocent_Contig_24992	1	442	0	0	0	0	0	0
dDocent_Contig_24993	1	421	0	0	0	0	0	0
dDocent_Contig_25005	1	303	0	0	0	0	0	0
dDocent_Contig_25006	1	420	0	0	0	0	0	0
dDocent_Contig_25008	1	480	0	0	0	0	0	0
dDocent_Contig_25010	1	498	0	0	0	0	0	0
dDocent_Contig_25013	1	425	0	0	0	0	0	0
dDocent_Contig_25016	1	447	0	0	0	0	0	0
dDocent_Contig_25018	1	351	0	0	0	0	0	0
dDocent_Contig_25024	1	264	0	0	0	0	0	0
dDocent_Contig_25038	1	289	0	0	0	0	0	0
dDocent_Contig_25044	1	483	0	0	0	0	0	0
dDocent_Contig_25045	1	423	0	0	0	0	0	0
dDocent_Contig_25053	1	385	0	0	0	0	0	0
dDocent_Contig_25063	1	398	0	0	0	0	0	0
dDocent_Contig_25064	1	402	0	0	0	0	0	0
dDocent_Contig_25070	1	401	0	0	0	0	0	0
dDocent_Contig_25071	1	428	0	0	0	0	0	0
dDocent_Contig_25073	1	487	0	0	0	0	0	0
dDocent_Contig_25082	1	389	0	0	0	0	0	0
dDocent_Contig_25083	1	405	0	0	0	0	0	0
dDocent_Contig_25084	1	380	0	0	0	0	0	0
dDocent_Contig_25087	1	417	0	0	0	0	0	0
dDocent_Contig_25089	1	328	0	0	0	0	0	0
dDocent_Contig_25095	1	263	0	0	0	0	0	0
dDocent_Contig_25099	1	409	0	0	0	0	0	0
dDocent_Contig_25108	1	314	0	0	0	0	0	0
dDocent_Contig_25109	1	360	0	0	0	0	0	0
dDocent_Contig_25113	1	405	0	0	0	0	0	0
dDocent_Contig_25121	1	379	0	0	0	0	0	0
dDocent_Contig_25125	1	406	0	0	0	0	0	0
dDocent_Contig_25129	1	479	0	0	0	0	0	0
dDocent_Contig_25132	1	409	0	0	0	0	0	0
dDocent_Contig_25137	1	436	0	0	0	0	0	0
dDocent_Contig_25140	1	365	0	0	0	0	0	0
dDocent_Contig_25141	1	376	0	0	0	0	0	0
dDocent_Contig_25144	1	433	0	0	0	0	0	0
dDocent_Contig_25150	1	267	0	0	0	0	0	0
dDocent_Contig_25151	1	365	0	0	0	0	0	0
dDocent_Contig_25155	1	461	0	0	0	0	0	0
dDocent_Contig_25162	1	306	0	0	0	0	0	0
dDocent_Contig_25163	1	292	0	0	0	0	0	0
dDocent_Contig_25164	1	373	0	0	0	0	0	0
dDocent_Contig_25175	1	373	0	0	0	0	0	0
dDocent_Contig_25176	1	464	0	0	0	0	0	0
dDocent_Contig_25190	1	484	0	0	0	0	0	0
dDocent_Contig_25192	1	352	0	0	0	0	0	0
dDocent_Contig_25194	1	231	0	0	0	0	0	0
dDocent_Contig_25195	1	377	0	0	0	0	0	0
dDocent_Contig_25197	1	516	0	0	0	0	0	0
dDocent_Contig_25198	1	356	0	0	0	0	0	0
dDocent_Contig_25203	1	372	0	0	0	0	0	0
dDocent_Contig_25212	1	256	0	0	0	0	0	0
dDocent_Contig_25213	1	414	0	0	0	0	0	0
dDocent_Contig_25215	1	381	0	0	0	0	0	0
dDocent_Contig_25218	1	403	0	0	0	0	0	0
dDocent_Contig_25219	1	259	0	0	0	0	0	0
dDocent_Contig_25223	1	419	0	0	0	0	0	0
dDocent_Contig_25231	1	438	0	0	0	0	0	0
dDocent_Contig_25235	1	364	0	0	0	0	0	0
dDocent_Contig_25250	1	461	0	0	0	0	0	0
dDocent_Contig_25252	1	400	0	0	0	0	0	0
dDocent_Contig_25253	1	375	0	0	0	0	0	0
dDocent_Contig_25256	1	469	0	0	0	0	0	0
dDocent_Contig_25260	1	290	0	0	0	0	0	0
dDocent_Contig_25262	1	374	0	0	0	0	0	0
dDocent_Contig_25272	1	459	0	0	0	0	0	0
dDocent_Contig_25273	1	361	0	0	0	0	0	0
dDocent_Contig_25298	1	332	0	0	0	0	0	0
dDocent_Contig_25300	1	232	0	0	0	0	0	0
dDocent_Contig_25313	1	307	0	0	0	0	0	0
dDocent_Contig_25317	1	440	0	0	0	0	0	0
dDocent_Contig_25321	1	295	0	0	0	0	0	0
dDocent_Contig_25327	1	277	0	0	0	0	0	0
dDocent_Contig_25330	1	341	0	0	0	0	0	0
dDocent_Contig_25332	1	352	0	0	0	0	0	0
dDocent_Contig_25340	1	427	0	0	0	0	0	0
dDocent_Contig_25356	1	265	0	0	0	0	0	0
dDocent_Contig_25357	1	374	0	0	0	0	0	0
dDocent_Contig_25360	1	352	0	0	0	0	0	0
dDocent_Contig_25380	1	368	0	0	0	0	0	0
dDocent_Contig_25382	1	488	0	0	0	0	0	0
dDocent_Contig_25391	1	460	0	0	0	0	0	0
dDocent_Contig_25394	1	433	0	0	0	0	0	0
dDocent_Contig_25409	1	424	0	0	0	0	0	0
dDocent_Contig_25411	1	360	0	0	0	0	0	0
dDocent_Contig_25414	1	459	0	0	0	0	0	0
dDocent_Contig_25417	1	461	0	0	0	0	0	0
dDocent_Contig_25419	1	389	0	0	0	0	0	0
dDocent_Contig_25421	1	359	0	0	0	0	0	0
dDocent_Contig_25423	1	290	0	0	0	0	0	0
dDocent_Contig_25427	1	434	0	0	0	0	0	0
dDocent_Contig_25430	1	303	0	0	0	0	0	0
dDocent_Contig_25437	1	403	0	0	0	0	0	0
dDocent_Contig_25438	1	360	0	0	0	0	0	0
dDocent_Contig_25440	1	443	0	0	0	0	0	0
dDocent_Contig_25441	1	408	0	0	0	0	0	0
dDocent_Contig_25442	1	445	0	0	0	0	0	0
dDocent_Contig_25445	1	374	0	0	0	0	0	0
dDocent_Contig_25447	1	457	0	0	0	0	0	0
dDocent_Contig_25452	1	400	0	0	0	0	0	0
dDocent_Contig_25462	1	390	0	0	0	0	0	0
dDocent_Contig_25464	1	377	0	0	0	0	0	0
dDocent_Contig_25466	1	407	0	0	0	0	0	0
dDocent_Contig_25470	1	302	0	0	0	0	0	0
dDocent_Contig_25471	1	387	0	0	0	0	0	0
dDocent_Contig_25484	1	362	0	0	0	0	0	0
dDocent_Contig_25490	1	392	0	0	0	0	0	0
dDocent_Contig_25508	1	433	0	0	0	0	0	0
dDocent_Contig_25511	1	421	0	0	0	0	0	0
dDocent_Contig_25518	1	395	0	0	0	0	0	0
dDocent_Contig_25523	1	451	0	0	0	0	0	0
dDocent_Contig_25533	1	416	0	0	0	0	0	0
dDocent_Contig_25537	1	357	0	0	0	0	0	0
dDocent_Contig_25541	1	403	0	0	0	0	0	0
dDocent_Contig_25558	1	366	0	0	0	0	0	0
dDocent_Contig_25573	1	443	0	0	0	0	0	0
dDocent_Contig_25578	1	326	0	0	0	0	0	0
dDocent_Contig_25579	1	340	0	0	0	0	0	0
dDocent_Contig_25584	1	375	0	0	0	0	0	0
dDocent_Contig_25594	1	391	0	0	0	0	0	0
dDocent_Contig_25616	1	402	0	0	0	0	0	0
dDocent_Contig_25620	1	367	0	0	0	0	0	0
dDocent_Contig_25622	1	425	0	0	0	0	0	0
dDocent_Contig_25629	1	408	0	0	0	0	0	0
dDocent_Contig_25636	1	417	0	0	0	0	0	0
dDocent_Contig_25637	1	332	0	0	0	0	0	0
dDocent_Contig_25647	1	418	0	0	0	0	0	0
dDocent_Contig_25651	1	317	0	0	0	0	0	0
dDocent_Contig_25661	1	442	0	0	0	0	0	0
dDocent_Contig_25665	1	274	0	0	0	0	0	0
dDocent_Contig_25666	1	293	0	0	0	0	0	0
dDocent_Contig_25684	1	416	0	0	0	0	0	0
dDocent_Contig_25687	1	399	0	0	0	0	0	0
dDocent_Contig_25693	1	444	0	0	0	0	0	0
dDocent_Contig_25696	1	363	0	0	0	0	0	0
dDocent_Contig_25726	1	359	0	0	0	0	0	0
dDocent_Contig_25731	1	387	0	0	0	0	0	0
dDocent_Contig_25744	1	321	0	0	0	0	0	0
dDocent_Contig_25747	1	386	0	0	0	0	0	0
dDocent_Contig_25761	1	431	0	0	0	0	0	0
dDocent_Contig_25775	1	325	0	0	0	0	0	0
dDocent_Contig_25778	1	354	0	0	0	0	0	0
dDocent_Contig_25794	1	355	0	0	0	0	0	0
dDocent_Contig_25798	1	388	0	0	0	0	0	0
dDocent_Contig_25819	1	396	0	0	0	0	0	0
dDocent_Contig_25820	1	350	0	0	0	0	0	0
dDocent_Contig_25837	1	239	0	0	0	0	0	0
dDocent_Contig_25840	1	389	0	0	0	0	0	0
dDocent_Contig_25853	1	505	0	0	0	0	0	0
dDocent_Contig_25859	1	345	0	0	0	0	0	0
dDocent_Contig_25873	1	403	0	0	0	0	0	0
dDocent_Contig_25903	1	406	0	0	0	0	0	0
dDocent_Contig_25925	1	352	0	0	0	0	0	0
dDocent_Contig_25930	1	435	0	0	0	0	0	0
dDocent_Contig_25935	1	411	0	0	0	0	0	0
dDocent_Contig_25937	1	378	0	0	0	0	0	0
dDocent_Contig_25950	1	428	0	0	0	0	0	0
dDocent_Contig_25954	1	331	0	0	0	0	0	0
dDocent_Contig_25955	1	421	0	0	0	0	0	0
dDocent_Contig_25985	1	454	0	0	0	0	0	0
dDocent_Contig_25993	1	328	0	0	0	0	0	0
dDocent_Contig_25998	1	392	0	0	0	0	0	0
dDocent_Contig_26004	1	372	0	0	0	0	0	0
dDocent_Contig_26010	1	399	0	0	0	0	0	0
dDocent_Contig_26015	1	339	0	0	0	0	0	0
dDocent_Contig_26017	1	397	0	0	0	0	0	0
dDocent_Contig_26020	1	405	0	0	0	0	0	0
dDocent_Contig_26026	1	512	0	0	0	0	0	0
dDocent_Contig_26035	1	459	0	0	0	0	0	0
dDocent_Contig_26036	1	401	0	0	0	0	0	0
dDocent_Contig_26042	1	453	0	0	0	0	0	0
dDocent_Contig_26052	1	511	0	0	0	0	0	0
dDocent_Contig_26059	1	345	0	0	0	0	0	0
dDocent_Contig_26061	1	487	0	0	0	0	0	0
dDocent_Contig_26064	1	313	0	0	0	0	0	0
dDocent_Contig_26065	1	384	0	0	0	0	0	0
dDocent_Contig_26066	1	402	0	0	0	0	0	0
dDocent_Contig_26067	1	315	0	0	0	0	0	0
dDocent_Contig_26083	1	373	0	0	0	0	0	0
dDocent_Contig_26090	1	493	0	0	0	0	0	0
dDocent_Contig_26091	1	407	0	0	0	0	0	0
dDocent_Contig_26100	1	410	0	0	0	0	0	0
dDocent_Contig_26102	1	361	0	0	0	0	0	0
dDocent_Contig_26106	1	317	0	0	0	0	0	0
dDocent_Contig_26110	1	388	0	0	0	0	0	0
dDocent_Contig_26113	1	359	0	0	0	0	0	0
dDocent_Contig_26115	1	419	0	0	0	0	0	0
dDocent_Contig_26121	1	297	0	0	0	0	0	0
dDocent_Contig_26131	1	354	0	0	0	0	0	0
dDocent_Contig_26137	1	385	0	0	0	0	0	0
dDocent_Contig_26138	1	434	0	0	0	0	0	0
dDocent_Contig_26147	1	369	0	0	0	0	0	0
dDocent_Contig_26148	1	448	0	0	0	0	0	0
dDocent_Contig_26150	1	328	0	0	0	0	0	0
dDocent_Contig_26151	1	392	0	0	0	0	0	0
dDocent_Contig_26156	1	278	0	0	0	0	0	0
dDocent_Contig_26167	1	445	0	0	0	0	0	0
dDocent_Contig_26169	1	509	0	0	0	0	0	0
dDocent_Contig_26184	1	463	0	0	0	0	0	0
dDocent_Contig_26189	1	482	0	0	0	0	0	0
dDocent_Contig_26208	1	515	0	0	0	0	0	0
dDocent_Contig_26218	1	431	0	0	0	0	0	0
dDocent_Contig_26220	1	370	0	0	0	0	0	0
dDocent_Contig_26225	1	235	0	0	0	0	0	0
dDocent_Contig_26229	1	379	0	0	0	0	0	0
dDocent_Contig_26231	1	384	0	0	0	0	0	0
dDocent_Contig_26239	1	360	0	0	0	0	0	0
dDocent_Contig_26241	1	336	0	0	0	0	0	0
dDocent_Contig_26242	1	388	0	0	0	0	0	0
dDocent_Contig_26243	1	383	0	0	0	0	0	0
dDocent_Contig_26245	1	399	0	0	0	0	0	0
dDocent_Contig_26248	1	408	0	0	0	0	0	0
dDocent_Contig_26252	1	337	0	0	0	0	0	0
dDocent_Contig_26253	1	399	0	0	0	0	0	0
dDocent_Contig_26255	1	384	0	0	0	0	0	0
dDocent_Contig_26262	1	410	0	0	0	0	0	0
dDocent_Contig_26270	1	484	0	0	0	0	0	0
dDocent_Contig_26271	1	395	0	0	0	0	0	0
dDocent_Contig_26281	1	372	0	0	0	0	0	0
dDocent_Contig_26286	1	237	0	0	0	0	0	0
dDocent_Contig_26288	1	362	0	0	0	0	0	0
dDocent_Contig_26289	1	355	0	0	0	0	0	0
dDocent_Contig_26294	1	333	0	0	0	0	0	0
dDocent_Contig_26295	1	384	0	0	0	0	0	0
dDocent_Contig_26297	1	357	0	0	0	0	0	0
dDocent_Contig_26301	1	405	0	0	0	0	0	0
dDocent_Contig_26312	1	286	0	0	0	0	0	0
dDocent_Contig_26313	1	265	0	0	0	0	0	0
dDocent_Contig_26316	1	383	0	0	0	0	0	0
dDocent_Contig_26319	1	439	0	0	0	0	0	0
dDocent_Contig_26321	1	388	0	0	0	0	0	0
dDocent_Contig_26324	1	379	0	0	0	0	0	0
dDocent_Contig_26325	1	376	0	0	0	0	0	0
dDocent_Contig_26327	1	316	0	0	0	0	0	0
dDocent_Contig_26331	1	378	0	0	0	0	0	0
dDocent_Contig_26335	1	333	0	0	0	0	0	0
dDocent_Contig_26363	1	347	0	0	0	0	0	0
dDocent_Contig_26370	1	331	0	0	0	0	0	0
dDocent_Contig_26379	1	395	0	0	0	0	0	0
dDocent_Contig_26383	1	388	0	0	0	0	0	0
dDocent_Contig_26384	1	350	0	0	0	0	0	0
dDocent_Contig_26396	1	358	0	0	0	0	0	0
dDocent_Contig_26405	1	331	0	0	0	0	0	0
dDocent_Contig_26406	1	387	0	0	0	0	0	0
dDocent_Contig_26407	1	410	0	0	0	0	0	0
dDocent_Contig_26419	1	235	0	0	0	0	0	0
dDocent_Contig_26427	1	391	0	0	0	0	0	0
dDocent_Contig_26431	1	398	0	0	0	0	0	0
dDocent_Contig_26436	1	389	0	0	0	0	0	0
dDocent_Contig_26440	1	377	0	0	0	0	0	0
dDocent_Contig_26459	1	296	0	0	0	0	0	0
dDocent_Contig_26461	1	369	0	0	0	0	0	0
dDocent_Contig_26465	1	487	0	0	0	0	0	0
dDocent_Contig_26468	1	362	0	0	0	0	0	0
dDocent_Contig_26469	1	334	0	0	0	0	0	0
dDocent_Contig_26471	1	457	0	0	0	0	0	0
dDocent_Contig_26482	1	468	0	0	0	0	0	0
dDocent_Contig_26486	1	251	0	0	0	0	0	0
dDocent_Contig_26501	1	381	0	0	0	0	0	0
dDocent_Contig_26505	1	436	0	0	0	0	0	0
dDocent_Contig_26508	1	470	0	0	0	0	0	0
dDocent_Contig_26509	1	375	0	0	0	0	0	0
dDocent_Contig_26515	1	391	0	0	0	0	0	0
dDocent_Contig_26544	1	326	0	0	0	0	0	0
dDocent_Contig_26548	1	434	0	0	0	0	0	0
dDocent_Contig_26562	1	311	0	0	0	0	0	0
dDocent_Contig_26566	1	372	0	0	0	0	0	0
dDocent_Contig_26572	1	438	0	0	0	0	0	0
dDocent_Contig_26575	1	342	0	0	0	0	0	0
dDocent_Contig_26576	1	415	0	0	0	0	0	0
dDocent_Contig_26577	1	389	0	0	0	0	0	0
dDocent_Contig_26578	1	435	0	0	0	0	0	0
dDocent_Contig_26582	1	371	0	0	0	0	0	0
dDocent_Contig_26592	1	411	0	0	0	0	0	0
dDocent_Contig_26598	1	406	0	0	0	0	0	0
dDocent_Contig_26600	1	425	0	0	0	0	0	0
dDocent_Contig_26607	1	334	0	0	0	0	0	0
dDocent_Contig_26612	1	359	0	0	0	0	0	0
dDocent_Contig_26614	1	424	0	0	0	0	0	0
dDocent_Contig_26621	1	377	0	0	0	0	0	0
dDocent_Contig_26637	1	388	0	0	0	0	0	0
dDocent_Contig_26639	1	381	0	0	0	0	0	0
dDocent_Contig_26681	1	285	0	0	0	0	0	0
dDocent_Contig_26684	1	388	0	0	0	0	0	0
dDocent_Contig_26687	1	226	0	0	0	0	0	0
dDocent_Contig_26688	1	390	0	0	0	0	0	0
dDocent_Contig_26689	1	404	0	0	0	0	0	0
dDocent_Contig_26700	1	296	0	0	0	0	0	0
dDocent_Contig_26712	1	338	0	0	0	0	0	0
dDocent_Contig_26713	1	388	0	0	0	0	0	0
dDocent_Contig_26716	1	392	0	0	0	0	0	0
dDocent_Contig_26722	1	416	0	0	0	0	0	0
dDocent_Contig_26723	1	335	0	0	0	0	0	0
dDocent_Contig_26726	1	363	0	0	0	0	0	0
dDocent_Contig_26733	1	386	0	0	0	0	0	0
dDocent_Contig_26737	1	494	0	0	0	0	0	0
dDocent_Contig_26749	1	468	0	0	0	0	0	0
dDocent_Contig_26752	1	458	0	0	0	0	0	0
dDocent_Contig_26757	1	375	0	0	0	0	0	0
dDocent_Contig_26765	1	398	0	0	0	0	0	0
dDocent_Contig_26780	1	458	0	0	0	0	0	0
dDocent_Contig_26784	1	403	0	0	0	0	0	0
dDocent_Contig_26788	1	364	0	0	0	0	0	0
dDocent_Contig_26800	1	343	0	0	0	0	0	0
dDocent_Contig_26801	1	322	0	0	0	0	0	0
dDocent_Contig_26806	1	401	0	0	0	0	0	0
dDocent_Contig_26808	1	315	0	0	0	0	0	0
dDocent_Contig_26809	1	481	0	0	0	0	0	0
dDocent_Contig_26811	1	416	0	0	0	0	0	0
dDocent_Contig_26818	1	377	0	0	0	0	0	0
dDocent_Contig_26825	1	443	0	0	0	0	0	0
dDocent_Contig_26829	1	395	0	0	0	0	0	0
dDocent_Contig_26832	1	469	0	0	0	0	0	0
dDocent_Contig_26835	1	495	0	0	0	0	0	0
dDocent_Contig_26838	1	388	0	0	0	0	0	0
dDocent_Contig_26843	1	439	0	0	0	0	0	0
dDocent_Contig_26849	1	392	0	0	0	0	0	0
dDocent_Contig_26850	1	380	0	0	0	0	0	0
dDocent_Contig_26851	1	343	0	0	0	0	0	0
dDocent_Contig_26853	1	444	0	0	0	0	0	0
dDocent_Contig_26854	1	435	0	0	0	0	0	0
dDocent_Contig_26857	1	393	0	0	0	0	0	0
dDocent_Contig_26863	1	455	0	0	0	0	0	0
dDocent_Contig_26864	1	363	0	0	0	0	0	0
dDocent_Contig_26907	1	418	0	0	0	0	0	0
dDocent_Contig_26927	1	381	0	0	0	0	0	0
dDocent_Contig_26929	1	335	0	0	0	0	0	0
dDocent_Contig_26935	1	404	0	0	0	0	0	0
dDocent_Contig_26937	1	454	0	0	0	0	0	0
dDocent_Contig_26939	1	284	0	0	0	0	0	0
dDocent_Contig_26940	1	341	0	0	0	0	0	0
dDocent_Contig_26961	1	325	0	0	0	0	0	0
dDocent_Contig_26964	1	345	0	0	0	0	0	0
dDocent_Contig_26965	1	436	0	0	0	0	0	0
dDocent_Contig_26967	1	519	0	0	0	0	0	0
dDocent_Contig_26970	1	424	0	0	0	0	0	0
dDocent_Contig_26984	1	394	0	0	0	0	0	0
dDocent_Contig_26985	1	351	0	0	0	0	0	0
dDocent_Contig_26989	1	322	0	0	0	0	0	0
dDocent_Contig_26992	1	302	0	0	0	0	0	0
dDocent_Contig_27004	1	371	0	0	0	0	0	0
dDocent_Contig_27022	1	417	0	0	0	0	0	0
dDocent_Contig_27044	1	361	0	0	0	0	0	0
dDocent_Contig_27045	1	409	0	0	0	0	0	0
dDocent_Contig_27047	1	272	0	0	0	0	0	0
dDocent_Contig_27051	1	377	0	0	0	0	0	0
dDocent_Contig_27054	1	312	0	0	0	0	0	0
dDocent_Contig_27055	1	366	0	0	0	0	0	0
dDocent_Contig_27057	1	340	0	0	0	0	0	0
dDocent_Contig_27067	1	342	0	0	0	0	0	0
dDocent_Contig_27071	1	316	0	0	0	0	0	0
dDocent_Contig_27073	1	384	0	0	0	0	0	0
dDocent_Contig_27077	1	279	0	0	0	0	0	0
dDocent_Contig_27084	1	255	0	0	0	0	0	0
dDocent_Contig_27090	1	455	0	0	0	0	0	0
dDocent_Contig_27093	1	393	0	0	0	0	0	0
dDocent_Contig_27105	1	337	0	0	0	0	0	0
dDocent_Contig_27110	1	335	0	0	0	0	0	0
dDocent_Contig_27118	1	279	0	0	0	0	0	0
dDocent_Contig_27122	1	352	0	0	0	0	0	0
dDocent_Contig_27127	1	388	0	0	0	0	0	0
dDocent_Contig_27130	1	279	0	0	0	0	0	0
dDocent_Contig_27134	1	388	0	0	0	0	0	0
dDocent_Contig_27140	1	262	0	0	0	0	0	0
dDocent_Contig_27146	1	428	0	0	0	0	0	0
dDocent_Contig_27164	1	515	0	0	0	0	0	0
dDocent_Contig_27172	1	259	0	0	0	0	0	0
dDocent_Contig_27179	1	321	0	0	0	0	0	0
dDocent_Contig_27185	1	396	0	0	0	0	0	0
dDocent_Contig_27192	1	291	0	0	0	0	0	0
dDocent_Contig_27196	1	475	0	0	0	0	0	0
dDocent_Contig_27201	1	322	0	0	0	0	0	0
dDocent_Contig_27209	1	321	0	0	0	0	0	0
dDocent_Contig_27210	1	358	0	0	0	0	0	0
dDocent_Contig_27211	1	505	0	0	0	0	0	0
dDocent_Contig_27214	1	444	0	0	0	0	0	0
dDocent_Contig_27216	1	425	0	0	0	0	0	0
dDocent_Contig_27224	1	454	0	0	0	0	0	0
dDocent_Contig_27231	1	269	0	0	0	0	0	0
dDocent_Contig_27232	1	303	0	0	0	0	0	0
dDocent_Contig_27234	1	345	0	0	0	0	0	0
dDocent_Contig_27235	1	491	0	0	0	0	0	0
dDocent_Contig_27236	1	336	0	0	0	0	0	0
dDocent_Contig_27240	1	443	0	0	0	0	0	0
dDocent_Contig_27242	1	315	0	0	0	0	0	0
dDocent_Contig_27245	1	281	0	0	0	0	0	0
dDocent_Contig_27264	1	391	0	0	0	0	0	0
dDocent_Contig_27268	1	297	0	0	0	0	0	0
dDocent_Contig_27271	1	372	0	0	0	0	0	0
dDocent_Contig_27276	1	319	0	0	0	0	0	0
dDocent_Contig_27278	1	355	0	0	0	0	0	0
dDocent_Contig_27283	1	410	0	0	0	0	0	0
dDocent_Contig_27284	1	383	0	0	0	0	0	0
dDocent_Contig_27285	1	371	0	0	0	0	0	0
dDocent_Contig_27301	1	442	0	0	0	0	0	0
dDocent_Contig_27305	1	388	0	0	0	0	0	0
dDocent_Contig_27309	1	442	0	0	0	0	0	0
dDocent_Contig_27313	1	396	0	0	0	0	0	0
dDocent_Contig_27317	1	324	0	0	0	0	0	0
dDocent_Contig_27330	1	359	0	0	0	0	0	0
dDocent_Contig_27335	1	383	0	0	0	0	0	0
dDocent_Contig_27340	1	381	0	0	0	0	0	0
dDocent_Contig_27345	1	438	0	0	0	0	0	0
dDocent_Contig_27353	1	317	0	0	0	0	0	0
dDocent_Contig_27364	1	397	0	0	0	0	0	0
dDocent_Contig_27367	1	245	0	0	0	0	0	0
dDocent_Contig_27383	1	396	0	0	0	0	0	0
dDocent_Contig_27410	1	457	0	0	0	0	0	0
dDocent_Contig_27412	1	348	0	0	0	0	0	0
dDocent_Contig_27426	1	336	0	0	0	0	0	0
dDocent_Contig_27432	1	363	0	0	0	0	0	0
dDocent_Contig_27437	1	408	0	0	0	0	0	0
dDocent_Contig_27441	1	343	0	0	0	0	0	0
dDocent_Contig_27442	1	366	0	0	0	0	0	0
dDocent_Contig_27459	1	396	0	0	0	0	0	0
dDocent_Contig_27472	1	331	0	0	0	0	0	0
dDocent_Contig_27475	1	376	0	0	0	0	0	0
dDocent_Contig_27476	1	298	0	0	0	0	0	0
dDocent_Contig_27479	1	344	0	0	0	0	0	0
dDocent_Contig_27488	1	461	0	0	0	0	0	0
dDocent_Contig_27490	1	418	0	0	0	0	0	0
dDocent_Contig_27498	1	518	0	0	0	0	0	0
dDocent_Contig_27502	1	357	0	0	0	0	0	0
dDocent_Contig_27503	1	457	0	0	0	0	0	0
dDocent_Contig_27509	1	468	0	0	0	0	0	0
dDocent_Contig_27536	1	340	0	0	0	0	0	0
dDocent_Contig_27537	1	320	0	0	0	0	0	0
dDocent_Contig_27543	1	409	0	0	0	0	0	0
dDocent_Contig_27562	1	290	0	0	0	0	0	0
dDocent_Contig_27563	1	405	0	0	0	0	0	0
dDocent_Contig_27565	1	305	0	0	0	0	0	0
dDocent_Contig_27570	1	435	0	0	0	0	0	0
dDocent_Contig_27574	1	373	0	0	0	0	0	0
dDocent_Contig_27602	1	397	0	0	0	0	0	0
dDocent_Contig_27603	1	302	0	0	0	0	0	0
dDocent_Contig_27608	1	272	0	0	0	0	0	0
dDocent_Contig_27619	1	418	0	0	0	0	0	0
dDocent_Contig_27622	1	414	0	0	0	0	0	0
dDocent_Contig_27623	1	374	0	0	0	0	0	0
dDocent_Contig_27635	1	500	0	0	0	0	0	0
dDocent_Contig_27637	1	496	0	0	0	0	0	0
dDocent_Contig_27644	1	400	0	0	0	0	0	0
dDocent_Contig_27678	1	356	0	0	0	0	0	0
dDocent_Contig_27680	1	263	0	0	0	0	0	0
dDocent_Contig_27690	1	490	0	0	0	0	0	0
dDocent_Contig_27698	1	421	0	0	0	0	0	0
dDocent_Contig_27699	1	282	0	0	0	0	0	0
dDocent_Contig_27700	1	384	0	0	0	0	0	0
dDocent_Contig_27724	1	291	0	0	0	0	0	0
dDocent_Contig_27730	1	346	0	0	0	0	0	0
dDocent_Contig_27732	1	381	0	0	0	0	0	0
dDocent_Contig_27735	1	410	0	0	0	0	0	0
dDocent_Contig_27738	1	370	0	0	0	0	0	0
dDocent_Contig_27745	1	350	0	0	0	0	0	0
dDocent_Contig_27753	1	351	0	0	0	0	0	0
dDocent_Contig_27758	1	423	0	0	0	0	0	0
dDocent_Contig_27760	1	348	0	0	0	0	0	0
dDocent_Contig_27763	1	503	0	0	0	0	0	0
dDocent_Contig_27782	1	327	0	0	0	0	0	0
dDocent_Contig_27788	1	397	0	0	0	0	0	0
dDocent_Contig_27799	1	401	0	0	0	0	0	0
dDocent_Contig_27807	1	405	0	0	0	0	0	0
dDocent_Contig_27809	1	404	0	0	0	0	0	0
dDocent_Contig_27818	1	380	0	0	0	0	0	0
dDocent_Contig_27822	1	348	0	0	0	0	0	0
dDocent_Contig_27833	1	456	0	0	0	0	0	0
dDocent_Contig_27840	1	277	0	0	0	0	0	0
dDocent_Contig_27852	1	485	0	0	0	0	0	0
dDocent_Contig_27859	1	388	0	0	0	0	0	0
dDocent_Contig_27862	1	424	0	0	0	0	0	0
dDocent_Contig_27906	1	415	0	0	0	0	0	0
dDocent_Contig_27934	1	408	0	0	0	0	0	0
dDocent_Contig_27941	1	300	0	0	0	0	0	0
dDocent_Contig_27954	1	479	0	0	0	0	0	0
dDocent_Contig_27956	1	287	0	0	0	0	0	0
dDocent_Contig_27960	1	435	0	0	0	0	0	0
dDocent_Contig_27961	1	376	0	0	0	0	0	0
dDocent_Contig_27964	1	417	0	0	0	0	0	0
dDocent_Contig_27966	1	379	0	0	0	0	0	0
dDocent_Contig_27969	1	391	0	0	0	0	0	0
dDocent_Contig_27974	1	331	0	0	0	0	0	0
dDocent_Contig_27977	1	401	0	0	0	0	0	0
dDocent_Contig_27983	1	385	0	0	0	0	0	0
dDocent_Contig_27987	1	349	0	0	0	0	0	0
dDocent_Contig_27994	1	412	0	0	0	0	0	0
dDocent_Contig_27995	1	509	0	0	0	0	0	0
dDocent_Contig_27996	1	462	0	0	0	0	0	0
dDocent_Contig_28002	1	413	0	0	0	0	0	0
dDocent_Contig_28032	1	485	0	0	0	0	0	0
dDocent_Contig_28033	1	291	0	0	0	0	0	0
dDocent_Contig_28034	1	305	0	0	0	0	0	0
dDocent_Contig_28036	1	401	0	0	0	0	0	0
dDocent_Contig_28039	1	482	0	0	0	0	0	0
dDocent_Contig_28042	1	328	0	0	0	0	0	0
dDocent_Contig_28050	1	491	0	0	0	0	0	0
dDocent_Contig_28051	1	348	0	0	0	0	0	0
dDocent_Contig_28053	1	504	0	0	0	0	0	0
dDocent_Contig_28055	1	346	0	0	0	0	0	0
dDocent_Contig_28071	1	413	0	0	0	0	0	0
dDocent_Contig_28075	1	436	0	0	0	0	0	0
dDocent_Contig_28077	1	480	0	0	0	0	0	0
dDocent_Contig_28079	1	465	0	0	0	0	0	0
dDocent_Contig_28082	1	425	0	0	0	0	0	0
dDocent_Contig_28083	1	367	0	0	0	0	0	0
dDocent_Contig_28086	1	314	0	0	0	0	0	0
dDocent_Contig_28089	1	421	0	0	0	0	0	0
dDocent_Contig_28099	1	430	0	0	0	0	0	0
dDocent_Contig_28104	1	323	0	0	0	0	0	0
dDocent_Contig_28117	1	393	0	0	0	0	0	0
dDocent_Contig_28122	1	390	0	0	0	0	0	0
dDocent_Contig_28142	1	400	0	0	0	0	0	0
dDocent_Contig_28144	1	418	0	0	0	0	0	0
dDocent_Contig_28146	1	337	0	0	0	0	0	0
dDocent_Contig_28148	1	257	0	0	0	0	0	0
dDocent_Contig_28149	1	395	0	0	0	0	0	0
dDocent_Contig_28150	1	380	0	0	0	0	0	0
dDocent_Contig_28154	1	336	0	0	0	0	0	0
dDocent_Contig_28155	1	507	0	0	0	0	0	0
dDocent_Contig_28168	1	421	0	0	0	0	0	0
dDocent_Contig_28170	1	262	0	0	0	0	0	0
dDocent_Contig_28179	1	388	0	0	0	0	0	0
dDocent_Contig_28184	1	439	0	0	0	0	0	0
dDocent_Contig_28187	1	396	0	0	0	0	0	0
dDocent_Contig_28188	1	374	0	0	0	0	0	0
dDocent_Contig_28193	1	437	0	0	0	0	0	0
dDocent_Contig_28200	1	356	0	0	0	0	0	0
dDocent_Contig_28207	1	464	0	0	0	0	0	0
dDocent_Contig_28209	1	407	0	0	0	0	0	0
dDocent_Contig_28230	1	371	0	0	0	0	0	0
dDocent_Contig_28245	1	323	0	0	0	0	0	0
dDocent_Contig_28247	1	361	0	0	0	0	0	0
dDocent_Contig_28254	1	330	0	0	0	0	0	0
dDocent_Contig_28255	1	379	0	0	0	0	0	0
dDocent_Contig_28264	1	339	0	0	0	0	0	0
dDocent_Contig_28265	1	350	0	0	0	0	0	0
dDocent_Contig_28269	1	422	0	0	0	0	0	0
dDocent_Contig_28270	1	504	0	0	0	0	0	0
dDocent_Contig_28283	1	480	0	0	0	0	0	0
dDocent_Contig_28285	1	500	0	0	0	0	0	0
dDocent_Contig_28291	1	394	0	0	0	0	0	0
dDocent_Contig_28296	1	458	0	0	0	0	0	0
dDocent_Contig_28307	1	352	0	0	0	0	0	0
dDocent_Contig_28331	1	355	0	0	0	0	0	0
dDocent_Contig_28333	1	415	0	0	0	0	0	0
dDocent_Contig_28335	1	350	0	0	0	0	0	0
dDocent_Contig_28345	1	248	0	0	0	0	0	0
dDocent_Contig_28348	1	367	0	0	0	0	0	0
dDocent_Contig_28353	1	351	0	0	0	0	0	0
dDocent_Contig_28358	1	322	0	0	0	0	0	0
dDocent_Contig_28372	1	420	0	0	0	0	0	0
dDocent_Contig_28388	1	381	0	0	0	0	0	0
dDocent_Contig_28395	1	366	0	0	0	0	0	0
dDocent_Contig_28396	1	398	0	0	0	0	0	0
dDocent_Contig_28408	1	486	0	0	0	0	0	0
dDocent_Contig_28411	1	497	0	0	0	0	0	0
dDocent_Contig_28420	1	366	0	0	0	0	0	0
dDocent_Contig_28422	1	442	0	0	0	0	0	0
dDocent_Contig_28424	1	484	0	0	0	0	0	0
dDocent_Contig_28430	1	400	0	0	0	0	0	0
dDocent_Contig_28431	1	395	0	0	0	0	0	0
dDocent_Contig_28438	1	414	0	0	0	0	0	0
dDocent_Contig_28442	1	448	0	0	0	0	0	0
dDocent_Contig_28447	1	368	0	0	0	0	0	0
dDocent_Contig_28461	1	344	0	0	0	0	0	0
dDocent_Contig_28467	1	376	0	0	0	0	0	0
dDocent_Contig_28472	1	260	0	0	0	0	0	0
dDocent_Contig_28473	1	247	0	0	0	0	0	0
dDocent_Contig_28476	1	310	0	0	0	0	0	0
dDocent_Contig_28478	1	382	0	0	0	0	0	0
dDocent_Contig_28480	1	355	0	0	0	0	0	0
dDocent_Contig_28497	1	388	0	0	0	0	0	0
dDocent_Contig_28498	1	330	0	0	0	0	0	0
dDocent_Contig_28500	1	391	0	0	0	0	0	0
dDocent_Contig_28502	1	311	0	0	0	0	0	0
dDocent_Contig_28508	1	332	0	0	0	0	0	0
dDocent_Contig_28510	1	519	0	0	0	0	0	0
dDocent_Contig_28518	1	400	0	0	0	0	0	0
dDocent_Contig_28520	1	430	0	0	0	0	0	0
dDocent_Contig_28537	1	353	0	0	0	0	0	0
dDocent_Contig_28538	1	450	0	0	0	0	0	0
dDocent_Contig_28540	1	267	0	0	0	0	0	0
dDocent_Contig_28543	1	410	0	0	0	0	0	0
dDocent_Contig_28545	1	256	0	0	0	0	0	0
dDocent_Contig_28548	1	481	0	0	0	0	0	0
dDocent_Contig_28553	1	312	0	0	0	0	0	0
dDocent_Contig_28556	1	487	0	0	0	0	0	0
dDocent_Contig_28557	1	325	0	0	0	0	0	0
dDocent_Contig_28562	1	444	0	0	0	0	0	0
dDocent_Contig_28564	1	316	0	0	0	0	0	0
dDocent_Contig_28572	1	365	0	0	0	0	0	0
dDocent_Contig_28578	1	356	0	0	0	0	0	0
dDocent_Contig_28580	1	431	0	0	0	0	0	0
dDocent_Contig_28582	1	382	0	0	0	0	0	0
dDocent_Contig_28586	1	336	0	0	0	0	0	0
dDocent_Contig_28596	1	424	0	0	0	0	0	0
dDocent_Contig_28598	1	360	0	0	0	0	0	0
dDocent_Contig_28609	1	406	0	0	0	0	0	0
dDocent_Contig_28622	1	335	0	0	0	0	0	0
dDocent_Contig_28623	1	373	0	0	0	0	0	0
dDocent_Contig_28624	1	391	0	0	0	0	0	0
dDocent_Contig_28628	1	490	0	0	0	0	0	0
dDocent_Contig_28636	1	396	0	0	0	0	0	0
dDocent_Contig_28644	1	318	0	0	0	0	0	0
dDocent_Contig_28646	1	319	0	0	0	0	0	0
dDocent_Contig_28648	1	455	0	0	0	0	0	0
dDocent_Contig_28658	1	383	0	0	0	0	0	0
dDocent_Contig_28665	1	293	0	0	0	0	0	0
dDocent_Contig_28667	1	419	0	0	0	0	0	0
dDocent_Contig_28671	1	356	0	0	0	0	0	0
dDocent_Contig_28675	1	404	0	0	0	0	0	0
dDocent_Contig_28677	1	342	0	0	0	0	0	0
dDocent_Contig_28685	1	359	0	0	0	0	0	0
dDocent_Contig_28703	1	305	0	0	0	0	0	0
dDocent_Contig_28708	1	363	0	0	0	0	0	0
dDocent_Contig_28716	1	447	0	0	0	0	0	0
dDocent_Contig_28721	1	329	0	0	0	0	0	0
dDocent_Contig_28724	1	302	0	0	0	0	0	0
dDocent_Contig_28725	1	425	0	0	0	0	0	0
dDocent_Contig_28727	1	383	0	0	0	0	0	0
dDocent_Contig_28731	1	406	0	0	0	0	0	0
dDocent_Contig_28736	1	385	0	0	0	0	0	0
dDocent_Contig_28737	1	352	0	0	0	0	0	0
dDocent_Contig_28780	1	420	0	0	0	0	0	0
dDocent_Contig_28787	1	465	0	0	0	0	0	0
dDocent_Contig_28795	1	369	0	0	0	0	0	0
dDocent_Contig_28798	1	365	0	0	0	0	0	0
dDocent_Contig_28808	1	288	0	0	0	0	0	0
dDocent_Contig_28810	1	380	0	0	0	0	0	0
dDocent_Contig_28814	1	392	0	0	0	0	0	0
dDocent_Contig_28818	1	321	0	0	0	0	0	0
dDocent_Contig_28832	1	345	0	0	0	0	0	0
dDocent_Contig_28833	1	395	0	0	0	0	0	0
dDocent_Contig_28834	1	363	0	0	0	0	0	0
dDocent_Contig_28835	1	372	0	0	0	0	0	0
dDocent_Contig_28837	1	450	0	0	0	0	0	0
dDocent_Contig_28844	1	368	0	0	0	0	0	0
dDocent_Contig_28846	1	277	0	0	0	0	0	0
dDocent_Contig_28853	1	392	0	0	0	0	0	0
dDocent_Contig_28860	1	382	0	0	0	0	0	0
dDocent_Contig_28869	1	364	0	0	0	0	0	0
dDocent_Contig_28871	1	491	0	0	0	0	0	0
dDocent_Contig_28897	1	271	0	0	0	0	0	0
dDocent_Contig_28909	1	315	0	0	0	0	0	0
dDocent_Contig_28931	1	413	0	0	0	0	0	0
dDocent_Contig_28935	1	380	0	0	0	0	0	0
dDocent_Contig_28938	1	441	0	0	0	0	0	0
dDocent_Contig_28945	1	361	0	0	0	0	0	0
dDocent_Contig_28946	1	461	0	0	0	0	0	0
dDocent_Contig_28947	1	374	0	0	0	0	0	0
dDocent_Contig_28955	1	378	0	0	0	0	0	0
dDocent_Contig_28959	1	388	0	0	0	0	0	0
dDocent_Contig_28978	1	246	0	0	0	0	0	0
dDocent_Contig_29024	1	379	0	0	0	0	0	0
dDocent_Contig_29056	1	368	0	0	0	0	0	0
dDocent_Contig_29059	1	296	0	0	0	0	0	0
dDocent_Contig_29063	1	287	0	0	0	0	0	0
dDocent_Contig_29077	1	409	0	0	0	0	0	0
dDocent_Contig_29079	1	307	0	0	0	0	0	0
dDocent_Contig_29110	1	512	0	0	0	0	0	0
dDocent_Contig_29117	1	330	0	0	0	0	0	0
dDocent_Contig_29121	1	366	0	0	0	0	0	0
dDocent_Contig_29125	1	379	0	0	0	0	0	0
dDocent_Contig_29129	1	418	0	0	0	0	0	0
dDocent_Contig_29141	1	413	0	0	0	0	0	0
dDocent_Contig_29143	1	458	0	0	0	0	0	0
dDocent_Contig_29158	1	291	0	0	0	0	0	0
dDocent_Contig_29159	1	426	0	0	0	0	0	0
dDocent_Contig_29167	1	309	0	0	0	0	0	0
dDocent_Contig_29173	1	341	0	0	0	0	0	0
dDocent_Contig_29175	1	458	0	0	0	0	0	0
dDocent_Contig_29181	1	353	0	0	0	0	0	0
dDocent_Contig_29183	1	414	0	0	0	0	0	0
dDocent_Contig_29184	1	370	0	0	0	0	0	0
dDocent_Contig_29186	1	323	0	0	0	0	0	0
dDocent_Contig_29193	1	321	0	0	0	0	0	0
dDocent_Contig_29194	1	310	0	0	0	0	0	0
dDocent_Contig_29196	1	356	0	0	0	0	0	0
dDocent_Contig_29205	1	314	0	0	0	0	0	0
dDocent_Contig_29207	1	380	0	0	0	0	0	0
dDocent_Contig_29211	1	366	0	0	0	0	0	0
dDocent_Contig_29212	1	319	0	0	0	0	0	0
dDocent_Contig_29230	1	398	0	0	0	0	0	0
dDocent_Contig_29231	1	337	0	0	0	0	0	0
dDocent_Contig_29235	1	397	0	0	0	0	0	0
dDocent_Contig_29236	1	439	0	0	0	0	0	0
dDocent_Contig_29242	1	263	0	0	0	0	0	0
dDocent_Contig_29251	1	494	0	0	0	0	0	0
dDocent_Contig_29252	1	307	0	0	0	0	0	0
dDocent_Contig_29265	1	380	0	0	0	0	0	0
dDocent_Contig_29280	1	512	0	0	0	0	0	0
dDocent_Contig_29282	1	407	0	0	0	0	0	0
dDocent_Contig_29285	1	343	0	0	0	0	0	0
dDocent_Contig_29293	1	296	0	0	0	0	0	0
dDocent_Contig_29306	1	377	0	0	0	0	0	0
dDocent_Contig_29322	1	387	0	0	0	0	0	0
dDocent_Contig_29338	1	391	0	0	0	0	0	0
dDocent_Contig_29340	1	447	0	0	0	0	0	0
dDocent_Contig_29355	1	381	0	0	0	0	0	0
dDocent_Contig_29360	1	430	0	0	0	0	0	0
dDocent_Contig_29362	1	308	0	0	0	0	0	0
dDocent_Contig_29366	1	473	0	0	0	0	0	0
dDocent_Contig_29370	1	335	0	0	0	0	0	0
dDocent_Contig_29383	1	391	0	0	0	0	0	0
dDocent_Contig_29386	1	462	0	0	0	0	0	0
dDocent_Contig_29392	1	355	0	0	0	0	0	0
dDocent_Contig_29400	1	412	0	0	0	0	0	0
dDocent_Contig_29402	1	459	0	0	0	0	0	0
dDocent_Contig_29404	1	401	0	0	0	0	0	0
dDocent_Contig_29406	1	342	0	0	0	0	0	0
dDocent_Contig_29413	1	371	0	0	0	0	0	0
dDocent_Contig_29417	1	378	0	0	0	0	0	0
dDocent_Contig_29418	1	431	0	0	0	0	0	0
dDocent_Contig_29422	1	401	0	0	0	0	0	0
dDocent_Contig_29423	1	370	0	0	0	0	0	0
dDocent_Contig_29440	1	394	0	0	0	0	0	0
dDocent_Contig_29441	1	334	0	0	0	0	0	0
dDocent_Contig_29455	1	389	0	0	0	0	0	0
dDocent_Contig_29457	1	414	0	0	0	0	0	0
dDocent_Contig_29460	1	297	0	0	0	0	0	0
dDocent_Contig_29463	1	374	0	0	0	0	0	0
dDocent_Contig_29493	1	438	0	0	0	0	0	0
dDocent_Contig_29499	1	302	0	0	0	0	0	0
dDocent_Contig_29501	1	399	0	0	0	0	0	0
dDocent_Contig_29505	1	345	0	0	0	0	0	0
dDocent_Contig_29515	1	287	0	0	0	0	0	0
dDocent_Contig_29522	1	355	0	0	0	0	0	0
dDocent_Contig_29525	1	393	0	0	0	0	0	0
dDocent_Contig_29526	1	341	0	0	0	0	0	0
dDocent_Contig_29562	1	374	0	0	0	0	0	0
dDocent_Contig_29566	1	292	0	0	0	0	0	0
dDocent_Contig_29575	1	369	0	0	0	0	0	0
dDocent_Contig_29577	1	224	0	0	0	0	0	0
dDocent_Contig_29582	1	406	0	0	0	0	0	0
dDocent_Contig_29584	1	403	0	0	0	0	0	0
dDocent_Contig_29585	1	338	0	0	0	0	0	0
dDocent_Contig_29587	1	472	0	0	0	0	0	0
dDocent_Contig_29615	1	350	0	0	0	0	0	0
dDocent_Contig_29617	1	410	0	0	0	0	0	0
dDocent_Contig_29625	1	285	0	0	0	0	0	0
dDocent_Contig_29629	1	446	0	0	0	0	0	0
dDocent_Contig_29637	1	397	0	0	0	0	0	0
dDocent_Contig_29642	1	375	0	0	0	0	0	0
dDocent_Contig_29643	1	278	0	0	0	0	0	0
dDocent_Contig_29666	1	378	0	0	0	0	0	0
dDocent_Contig_29669	1	321	0	0	0	0	0	0
dDocent_Contig_29700	1	449	0	0	0	0	0	0
dDocent_Contig_29703	1	382	0	0	0	0	0	0
dDocent_Contig_29706	1	488	0	0	0	0	0	0
dDocent_Contig_29720	1	385	0	0	0	0	0	0
dDocent_Contig_29726	1	462	0	0	0	0	0	0
dDocent_Contig_29735	1	374	0	0	0	0	0	0
dDocent_Contig_29736	1	397	0	0	0	0	0	0
dDocent_Contig_29737	1	507	0	0	0	0	0	0
dDocent_Contig_29740	1	504	0	0	0	0	0	0
dDocent_Contig_29742	1	366	0	0	0	0	0	0
dDocent_Contig_29744	1	374	0	0	0	0	0	0
dDocent_Contig_29748	1	443	0	0	0	0	0	0
dDocent_Contig_29752	1	379	0	0	0	0	0	0
dDocent_Contig_29757	1	380	0	0	0	0	0	0
dDocent_Contig_29764	1	436	0	0	0	0	0	0
dDocent_Contig_29765	1	435	0	0	0	0	0	0
dDocent_Contig_29786	1	396	0	0	0	0	0	0
dDocent_Contig_29795	1	502	0	0	0	0	0	0
dDocent_Contig_29801	1	428	0	0	0	0	0	0
dDocent_Contig_29805	1	404	0	0	0	0	0	0
dDocent_Contig_29807	1	443	0	0	0	0	0	0
dDocent_Contig_29817	1	366	0	0	0	0	0	0
dDocent_Contig_29823	1	357	0	0	0	0	0	0
dDocent_Contig_29829	1	296	0	0	0	0	0	0
dDocent_Contig_29833	1	362	0	0	0	0	0	0
dDocent_Contig_29834	1	403	0	0	0	0	0	0
dDocent_Contig_29835	1	411	0	0	0	0	0	0
dDocent_Contig_29837	1	376	0	0	0	0	0	0
dDocent_Contig_29854	1	329	0	0	0	0	0	0
dDocent_Contig_29857	1	285	0	0	0	0	0	0
dDocent_Contig_29870	1	395	0	0	0	0	0	0
dDocent_Contig_29874	1	396	0	0	0	0	0	0
dDocent_Contig_29875	1	298	0	0	0	0	0	0
dDocent_Contig_29882	1	332	0	0	0	0	0	0
dDocent_Contig_29891	1	437	0	0	0	0	0	0
dDocent_Contig_29895	1	374	0	0	0	0	0	0
dDocent_Contig_29896	1	378	0	0	0	0	0	0
dDocent_Contig_29899	1	505	0	0	0	0	0	0
dDocent_Contig_29906	1	387	0	0	0	0	0	0
dDocent_Contig_29917	1	383	0	0	0	0	0	0
dDocent_Contig_29927	1	349	0	0	0	0	0	0
dDocent_Contig_29932	1	434	0	0	0	0	0	0
dDocent_Contig_29936	1	374	0	0	0	0	0	0
dDocent_Contig_29938	1	349	0	0	0	0	0	0
dDocent_Contig_29939	1	300	0	0	0	0	0	0
dDocent_Contig_29956	1	418	0	0	0	0	0	0
dDocent_Contig_29957	1	473	0	0	0	0	0	0
dDocent_Contig_29959	1	337	0	0	0	0	0	0
dDocent_Contig_29961	1	466	0	0	0	0	0	0
dDocent_Contig_29967	1	274	0	0	0	0	0	0
dDocent_Contig_29969	1	505	0	0	0	0	0	0
dDocent_Contig_29971	1	378	0	0	0	0	0	0
dDocent_Contig_29972	1	281	0	0	0	0	0	0
dDocent_Contig_29983	1	413	0	0	0	0	0	0
dDocent_Contig_29991	1	453	0	0	0	0	0	0
dDocent_Contig_29994	1	381	0	0	0	0	0	0
dDocent_Contig_30011	1	338	0	0	0	0	0	0
dDocent_Contig_30012	1	332	0	0	0	0	0	0
dDocent_Contig_30015	1	387	0	0	0	0	0	0
dDocent_Contig_30016	1	421	0	0	0	0	0	0
dDocent_Contig_30017	1	404	0	0	0	0	0	0
dDocent_Contig_30031	1	486	0	0	0	0	0	0
dDocent_Contig_30033	1	309	0	0	0	0	0	0
dDocent_Contig_30034	1	412	0	0	0	0	0	0
dDocent_Contig_30045	1	355	0	0	0	0	0	0
dDocent_Contig_30046	1	352	0	0	0	0	0	0
dDocent_Contig_30047	1	263	0	0	0	0	0	0
dDocent_Contig_30049	1	379	0	0	0	0	0	0
dDocent_Contig_30052	1	391	0	0	0	0	0	0
dDocent_Contig_30055	1	390	0	0	0	0	0	0
dDocent_Contig_30064	1	375	0	0	0	0	0	0
dDocent_Contig_30065	1	382	0	0	0	0	0	0
dDocent_Contig_30067	1	460	0	0	0	0	0	0
dDocent_Contig_30073	1	359	0	0	0	0	0	0
dDocent_Contig_30079	1	407	0	0	0	0	0	0
dDocent_Contig_30082	1	314	0	0	0	0	0	0
dDocent_Contig_30085	1	444	0	0	0	0	0	0
dDocent_Contig_30086	1	461	0	0	0	0	0	0
dDocent_Contig_30088	1	385	0	0	0	0	0	0
dDocent_Contig_30090	1	378	0	0	0	0	0	0
dDocent_Contig_30096	1	442	0	0	0	0	0	0
dDocent_Contig_30097	1	406	0	0	0	0	0	0
dDocent_Contig_30099	1	369	0	0	0	0	0	0
dDocent_Contig_30101	1	249	0	0	0	0	0	0
dDocent_Contig_30112	1	252	0	0	0	0	0	0
dDocent_Contig_30113	1	390	0	0	0	0	0	0
dDocent_Contig_30114	1	385	0	0	0	0	0	0
dDocent_Contig_30142	1	473	0	0	0	0	0	0
dDocent_Contig_30145	1	469	0	0	0	0	0	0
dDocent_Contig_30146	1	357	0	0	0	0	0	0
dDocent_Contig_30155	1	381	0	0	0	0	0	0
dDocent_Contig_30158	1	363	0	0	0	0	0	0
dDocent_Contig_30163	1	320	0	0	0	0	0	0
dDocent_Contig_30172	1	329	0	0	0	0	0	0
dDocent_Contig_30175	1	387	0	0	0	0	0	0
dDocent_Contig_30177	1	446	0	0	0	0	0	0
dDocent_Contig_30178	1	325	0	0	0	0	0	0
dDocent_Contig_30187	1	433	0	0	0	0	0	0
dDocent_Contig_30190	1	320	0	0	0	0	0	0
dDocent_Contig_30191	1	437	0	0	0	0	0	0
dDocent_Contig_30213	1	474	0	0	0	0	0	0
dDocent_Contig_30214	1	509	0	0	0	0	0	0
dDocent_Contig_30223	1	391	0	0	0	0	0	0
dDocent_Contig_30228	1	365	0	0	0	0	0	0
dDocent_Contig_30231	1	383	0	0	0	0	0	0
dDocent_Contig_30232	1	309	0	0	0	0	0	0
dDocent_Contig_30234	1	405	0	0	0	0	0	0
dDocent_Contig_30235	1	411	0	0	0	0	0	0
dDocent_Contig_30238	1	502	0	0	0	0	0	0
dDocent_Contig_30241	1	321	0	0	0	0	0	0
dDocent_Contig_30245	1	373	0	0	0	0	0	0
dDocent_Contig_30246	1	425	0	0	0	0	0	0
dDocent_Contig_30247	1	450	0	0	0	0	0	0
dDocent_Contig_30251	1	259	0	0	0	0	0	0
dDocent_Contig_30258	1	410	0	0	0	0	0	0
dDocent_Contig_30264	1	395	0	0	0	0	0	0
dDocent_Contig_30267	1	416	0	0	0	0	0	0
dDocent_Contig_30269	1	408	0	0	0	0	0	0
dDocent_Contig_30276	1	369	0	0	0	0	0	0
dDocent_Contig_30285	1	428	0	0	0	0	0	0
dDocent_Contig_30288	1	317	0	0	0	0	0	0
dDocent_Contig_30306	1	438	0	0	0	0	0	0
dDocent_Contig_30313	1	434	0	0	0	0	0	0
dDocent_Contig_30315	1	309	0	0	0	0	0	0
dDocent_Contig_30316	1	403	0	0	0	0	0	0
dDocent_Contig_30318	1	399	0	0	0	0	0	0
dDocent_Contig_30319	1	409	0	0	0	0	0	0
dDocent_Contig_30324	1	284	0	0	0	0	0	0
dDocent_Contig_30326	1	286	0	0	0	0	0	0
dDocent_Contig_30327	1	324	0	0	0	0	0	0
dDocent_Contig_30336	1	423	0	0	0	0	0	0
dDocent_Contig_30349	1	375	0	0	0	0	0	0
dDocent_Contig_30351	1	397	0	0	0	0	0	0
dDocent_Contig_30352	1	267	0	0	0	0	0	0
dDocent_Contig_30355	1	372	0	0	0	0	0	0
dDocent_Contig_30357	1	439	0	0	0	0	0	0
dDocent_Contig_30381	1	339	0	0	0	0	0	0
dDocent_Contig_30386	1	442	0	0	0	0	0	0
dDocent_Contig_30391	1	416	0	0	0	0	0	0
dDocent_Contig_30394	1	501	0	0	0	0	0	0
dDocent_Contig_30396	1	432	0	0	0	0	0	0
dDocent_Contig_30397	1	433	0	0	0	0	0	0
dDocent_Contig_30400	1	380	0	0	0	0	0	0
dDocent_Contig_30401	1	417	0	0	0	0	0	0
dDocent_Contig_30402	1	347	0	0	0	0	0	0
dDocent_Contig_30403	1	411	0	0	0	0	0	0
dDocent_Contig_30406	1	302	0	0	0	0	0	0
dDocent_Contig_30407	1	440	0	0	0	0	0	0
dDocent_Contig_30409	1	406	0	0	0	0	0	0
dDocent_Contig_30411	1	279	0	0	0	0	0	0
dDocent_Contig_30413	1	409	0	0	0	0	0	0
dDocent_Contig_30415	1	325	0	0	0	0	0	0
dDocent_Contig_30419	1	350	0	0	0	0	0	0
dDocent_Contig_30420	1	419	0	0	0	0	0	0
dDocent_Contig_30421	1	445	0	0	0	0	0	0
dDocent_Contig_30422	1	251	0	0	0	0	0	0
dDocent_Contig_30424	1	402	0	0	0	0	0	0
dDocent_Contig_30426	1	376	0	0	0	0	0	0
dDocent_Contig_30430	1	498	0	0	0	0	0	0
dDocent_Contig_30431	1	406	0	0	0	0	0	0
dDocent_Contig_30432	1	277	0	0	0	0	0	0
dDocent_Contig_30434	1	362	0	0	0	0	0	0
dDocent_Contig_30435	1	378	0	0	0	0	0	0
dDocent_Contig_30441	1	367	0	0	0	0	0	0
dDocent_Contig_30443	1	345	0	0	0	0	0	0
dDocent_Contig_30457	1	266	0	0	0	0	0	0
dDocent_Contig_30471	1	480	0	0	0	0	0	0
dDocent_Contig_30473	1	499	0	0	0	0	0	0
dDocent_Contig_30486	1	362	0	0	0	0	0	0
dDocent_Contig_30492	1	399	0	0	0	0	0	0
dDocent_Contig_30494	1	488	0	0	0	0	0	0
dDocent_Contig_30500	1	407	0	0	0	0	0	0
dDocent_Contig_30505	1	337	0	0	0	0	0	0
dDocent_Contig_30514	1	340	0	0	0	0	0	0
dDocent_Contig_30517	1	482	0	0	0	0	0	0
dDocent_Contig_30525	1	367	0	0	0	0	0	0
dDocent_Contig_30541	1	489	0	0	0	0	0	0
dDocent_Contig_30560	1	394	0	0	0	0	0	0
dDocent_Contig_30565	1	400	0	0	0	0	0	0
dDocent_Contig_30566	1	391	0	0	0	0	0	0
dDocent_Contig_30572	1	373	0	0	0	0	0	0
dDocent_Contig_30577	1	411	0	0	0	0	0	0
dDocent_Contig_30578	1	265	0	0	0	0	0	0
dDocent_Contig_30583	1	274	0	0	0	0	0	0
dDocent_Contig_30585	1	405	0	0	0	0	0	0
dDocent_Contig_30588	1	400	0	0	0	0	0	0
dDocent_Contig_30596	1	472	0	0	0	0	0	0
dDocent_Contig_30603	1	344	0	0	0	0	0	0
dDocent_Contig_30612	1	395	0	0	0	0	0	0
dDocent_Contig_30615	1	360	0	0	0	0	0	0
dDocent_Contig_30618	1	448	0	0	0	0	0	0
dDocent_Contig_30639	1	380	0	0	0	0	0	0
dDocent_Contig_30642	1	368	0	0	0	0	0	0
dDocent_Contig_30655	1	395	0	0	0	0	0	0
dDocent_Contig_30659	1	515	0	0	0	0	0	0
dDocent_Contig_30672	1	440	0	0	0	0	0	0
dDocent_Contig_30683	1	481	0	0	0	0	0	0
dDocent_Contig_30689	1	371	0	0	0	0	0	0
dDocent_Contig_30693	1	416	0	0	0	0	0	0
dDocent_Contig_30695	1	384	0	0	0	0	0	0
dDocent_Contig_30697	1	278	0	0	0	0	0	0
dDocent_Contig_30703	1	434	0	0	0	0	0	0
dDocent_Contig_30706	1	508	0	0	0	0	0	0
dDocent_Contig_30715	1	345	0	0	0	0	0	0
dDocent_Contig_30722	1	333	0	0	0	0	0	0
dDocent_Contig_30723	1	353	0	0	0	0	0	0
dDocent_Contig_30725	1	424	0	0	0	0	0	0
dDocent_Contig_30727	1	248	0	0	0	0	0	0
dDocent_Contig_30746	1	280	0	0	0	0	0	0
dDocent_Contig_30750	1	410	0	0	0	0	0	0
dDocent_Contig_30760	1	380	0	0	0	0	0	0
dDocent_Contig_30772	1	507	0	0	0	0	0	0
dDocent_Contig_30778	1	396	0	0	0	0	0	0
dDocent_Contig_30781	1	427	0	0	0	0	0	0
dDocent_Contig_30785	1	326	0	0	0	0	0	0
dDocent_Contig_30791	1	421	0	0	0	0	0	0
dDocent_Contig_30811	1	418	0	0	0	0	0	0
dDocent_Contig_30826	1	309	0	0	0	0	0	0
dDocent_Contig_30839	1	318	0	0	0	0	0	0
dDocent_Contig_30845	1	478	0	0	0	0	0	0
dDocent_Contig_30848	1	389	0	0	0	0	0	0
dDocent_Contig_30850	1	464	0	0	0	0	0	0
dDocent_Contig_30854	1	472	0	0	0	0	0	0
dDocent_Contig_30865	1	389	0	0	0	0	0	0
dDocent_Contig_30867	1	302	0	0	0	0	0	0
dDocent_Contig_30874	1	399	0	0	0	0	0	0
dDocent_Contig_30879	1	420	0	0	0	0	0	0
dDocent_Contig_30890	1	356	0	0	0	0	0	0
dDocent_Contig_30892	1	236	0	0	0	0	0	0
dDocent_Contig_30911	1	401	0	0	0	0	0	0
dDocent_Contig_30917	1	305	0	0	0	0	0	0
dDocent_Contig_30925	1	382	0	0	0	0	0	0
dDocent_Contig_30927	1	298	0	0	0	0	0	0
dDocent_Contig_30929	1	401	0	0	0	0	0	0
dDocent_Contig_30939	1	378	0	0	0	0	0	0
dDocent_Contig_30972	1	360	0	0	0	0	0	0
dDocent_Contig_30981	1	428	0	0	0	0	0	0
dDocent_Contig_30988	1	289	0	0	0	0	0	0
dDocent_Contig_30991	1	382	0	0	0	0	0	0
dDocent_Contig_31000	1	344	0	0	0	0	0	0
dDocent_Contig_31003	1	322	0	0	0	0	0	0
dDocent_Contig_31004	1	477	0	0	0	0	0	0
dDocent_Contig_31006	1	391	0	0	0	0	0	0
dDocent_Contig_31008	1	330	0	0	0	0	0	0
dDocent_Contig_31009	1	315	0	0	0	0	0	0
dDocent_Contig_31011	1	258	0	0	0	0	0	0
dDocent_Contig_31016	1	386	0	0	0	0	0	0
dDocent_Contig_31018	1	446	0	0	0	0	0	0
dDocent_Contig_31019	1	348	0	0	0	0	0	0
dDocent_Contig_31025	1	430	0	0	0	0	0	0
dDocent_Contig_31027	1	475	0	0	0	0	0	0
dDocent_Contig_31035	1	374	0	0	0	0	0	0
dDocent_Contig_31041	1	341	0	0	0	0	0	0
dDocent_Contig_31045	1	393	0	0	0	0	0	0
dDocent_Contig_31047	1	421	0	0	0	0	0	0
dDocent_Contig_31048	1	368	0	0	0	0	0	0
dDocent_Contig_31053	1	306	0	0	0	0	0	0
dDocent_Contig_31055	1	289	0	0	0	0	0	0
dDocent_Contig_31068	1	474	0	0	0	0	0	0
dDocent_Contig_31073	1	422	0	0	0	0	0	0
dDocent_Contig_31092	1	346	0	0	0	0	0	0
dDocent_Contig_31093	1	398	0	0	0	0	0	0
dDocent_Contig_31096	1	369	0	0	0	0	0	0
dDocent_Contig_31098	1	395	0	0	0	0	0	0
dDocent_Contig_31103	1	368	0	0	0	0	0	0
dDocent_Contig_31105	1	377	0	0	0	0	0	0
dDocent_Contig_31106	1	426	0	0	0	0	0	0
dDocent_Contig_31124	1	427	0	0	0	0	0	0
dDocent_Contig_31131	1	412	0	0	0	0	0	0
dDocent_Contig_31133	1	356	0	0	0	0	0	0
dDocent_Contig_31135	1	427	0	0	0	0	0	0
dDocent_Contig_31159	1	353	0	0	0	0	0	0
dDocent_Contig_31160	1	304	0	0	0	0	0	0
dDocent_Contig_31172	1	452	0	0	0	0	0	0
dDocent_Contig_31174	1	398	0	0	0	0	0	0
dDocent_Contig_31176	1	339	0	0	0	0	0	0
dDocent_Contig_31184	1	367	0	0	0	0	0	0
dDocent_Contig_31188	1	386	0	0	0	0	0	0
dDocent_Contig_31204	1	516	0	0	0	0	0	0
dDocent_Contig_31205	1	323	0	0	0	0	0	0
dDocent_Contig_31217	1	375	0	0	0	0	0	0
dDocent_Contig_31218	1	426	0	0	0	0	0	0
dDocent_Contig_31221	1	403	0	0	0	0	0	0
dDocent_Contig_31227	1	351	0	0	0	0	0	0
dDocent_Contig_31237	1	381	0	0	0	0	0	0
dDocent_Contig_31239	1	432	0	0	0	0	0	0
dDocent_Contig_31244	1	409	0	0	0	0	0	0
dDocent_Contig_31250	1	407	0	0	0	0	0	0
dDocent_Contig_31252	1	290	0	0	0	0	0	0
dDocent_Contig_31256	1	438	0	0	0	0	0	0
dDocent_Contig_31261	1	410	0	0	0	0	0	0
dDocent_Contig_31262	1	500	0	0	0	0	0	0
dDocent_Contig_31263	1	416	0	0	0	0	0	0
dDocent_Contig_31265	1	368	0	0	0	0	0	0
dDocent_Contig_31271	1	463	0	0	0	0	0	0
dDocent_Contig_31274	1	320	0	0	0	0	0	0
dDocent_Contig_31278	1	459	0	0	0	0	0	0
dDocent_Contig_31282	1	452	0	0	0	0	0	0
dDocent_Contig_31287	1	498	0	0	0	0	0	0
dDocent_Contig_31289	1	363	0	0	0	0	0	0
dDocent_Contig_31294	1	409	0	0	0	0	0	0
dDocent_Contig_31303	1	460	0	0	0	0	0	0
dDocent_Contig_31305	1	368	0	0	0	0	0	0
dDocent_Contig_31310	1	248	0	0	0	0	0	0
dDocent_Contig_31322	1	489	0	0	0	0	0	0
dDocent_Contig_31324	1	417	0	0	0	0	0	0
dDocent_Contig_31326	1	373	0	0	0	0	0	0
dDocent_Contig_31329	1	233	0	0	0	0	0	0
dDocent_Contig_31335	1	362	0	0	0	0	0	0
dDocent_Contig_31336	1	492	0	0	0	0	0	0
dDocent_Contig_31348	1	336	0	0	0	0	0	0
dDocent_Contig_31350	1	464	0	0	0	0	0	0
dDocent_Contig_31368	1	430	0	0	0	0	0	0
dDocent_Contig_31376	1	398	0	0	0	0	0	0
dDocent_Contig_31405	1	379	0	0	0	0	0	0
dDocent_Contig_31413	1	403	0	0	0	0	0	0
dDocent_Contig_31415	1	482	0	0	0	0	0	0
dDocent_Contig_31416	1	344	0	0	0	0	0	0
dDocent_Contig_31417	1	383	0	0	0	0	0	0
dDocent_Contig_31418	1	400	0	0	0	0	0	0
dDocent_Contig_31421	1	380	0	0	0	0	0	0
dDocent_Contig_31436	1	328	0	0	0	0	0	0
dDocent_Contig_31443	1	386	0	0	0	0	0	0
dDocent_Contig_31449	1	399	0	0	0	0	0	0
dDocent_Contig_31451	1	317	0	0	0	0	0	0
dDocent_Contig_31454	1	510	0	0	0	0	0	0
dDocent_Contig_31465	1	405	0	0	0	0	0	0
dDocent_Contig_31470	1	376	0	0	0	0	0	0
dDocent_Contig_31472	1	329	0	0	0	0	0	0
dDocent_Contig_31476	1	366	0	0	0	0	0	0
dDocent_Contig_31485	1	314	0	0	0	0	0	0
dDocent_Contig_31493	1	325	0	0	0	0	0	0
dDocent_Contig_31510	1	278	0	0	0	0	0	0
dDocent_Contig_31512	1	335	0	0	0	0	0	0
dDocent_Contig_31515	1	375	0	0	0	0	0	0
dDocent_Contig_31525	1	363	0	0	0	0	0	0
dDocent_Contig_31528	1	416	0	0	0	0	0	0
dDocent_Contig_31530	1	461	0	0	0	0	0	0
dDocent_Contig_31535	1	470	0	0	0	0	0	0
dDocent_Contig_31536	1	277	0	0	0	0	0	0
dDocent_Contig_31544	1	456	0	0	0	0	0	0
dDocent_Contig_31546	1	371	0	0	0	0	0	0
dDocent_Contig_31561	1	384	0	0	0	0	0	0
dDocent_Contig_31562	1	436	0	0	0	0	0	0
dDocent_Contig_31569	1	503	0	0	0	0	0	0
dDocent_Contig_31588	1	386	0	0	0	0	0	0
dDocent_Contig_31590	1	406	0	0	0	0	0	0
dDocent_Contig_31591	1	395	0	0	0	0	0	0
dDocent_Contig_31592	1	257	0	0	0	0	0	0
dDocent_Contig_31593	1	468	0	0	0	0	0	0
dDocent_Contig_31597	1	457	0	0	0	0	0	0
dDocent_Contig_31605	1	514	0	0	0	0	0	0
dDocent_Contig_31609	1	398	0	0	0	0	0	0
dDocent_Contig_31610	1	418	0	0	0	0	0	0
dDocent_Contig_31617	1	394	0	0	0	0	0	0
dDocent_Contig_31618	1	282	0	0	0	0	0	0
dDocent_Contig_31619	1	494	0	0	0	0	0	0
dDocent_Contig_31627	1	425	0	0	0	0	0	0
dDocent_Contig_31629	1	333	0	0	0	0	0	0
dDocent_Contig_31637	1	459	0	0	0	0	0	0
dDocent_Contig_31640	1	349	0	0	0	0	0	0
dDocent_Contig_31663	1	336	0	0	0	0	0	0
dDocent_Contig_31664	1	485	0	0	0	0	0	0
dDocent_Contig_31665	1	452	0	0	0	0	0	0
dDocent_Contig_31667	1	399	0	0	0	0	0	0
dDocent_Contig_31670	1	396	0	0	0	0	0	0
dDocent_Contig_31673	1	286	0	0	0	0	0	0
dDocent_Contig_31684	1	407	0	0	0	0	0	0
dDocent_Contig_31707	1	352	0	0	0	0	0	0
dDocent_Contig_31732	1	502	0	0	0	0	0	0
dDocent_Contig_31737	1	481	0	0	0	0	0	0
dDocent_Contig_31757	1	409	0	0	0	0	0	0
dDocent_Contig_31762	1	413	0	0	0	0	0	0
dDocent_Contig_31769	1	445	0	0	0	0	0	0
dDocent_Contig_31771	1	400	0	0	0	0	0	0
dDocent_Contig_31774	1	361	0	0	0	0	0	0
dDocent_Contig_31775	1	472	0	0	0	0	0	0
dDocent_Contig_31776	1	362	0	0	0	0	0	0
dDocent_Contig_31780	1	427	0	0	0	0	0	0
dDocent_Contig_31785	1	295	0	0	0	0	0	0
dDocent_Contig_31789	1	384	0	0	0	0	0	0
dDocent_Contig_31797	1	492	0	0	0	0	0	0
dDocent_Contig_31800	1	459	0	0	0	0	0	0
dDocent_Contig_31805	1	330	0	0	0	0	0	0
dDocent_Contig_31812	1	485	0	0	0	0	0	0
dDocent_Contig_31828	1	511	0	0	0	0	0	0
dDocent_Contig_31829	1	385	0	0	0	0	0	0
dDocent_Contig_31840	1	319	0	0	0	0	0	0
dDocent_Contig_31841	1	420	0	0	0	0	0	0
dDocent_Contig_31850	1	399	0	0	0	0	0	0
dDocent_Contig_31851	1	356	0	0	0	0	0	0
dDocent_Contig_31861	1	328	0	0	0	0	0	0
dDocent_Contig_31865	1	285	0	0	0	0	0	0
dDocent_Contig_31872	1	501	0	0	0	0	0	0
dDocent_Contig_31877	1	236	0	0	0	0	0	0
dDocent_Contig_31892	1	396	0	0	0	0	0	0
dDocent_Contig_31894	1	292	0	0	0	0	0	0
dDocent_Contig_31895	1	278	0	0	0	0	0	0
dDocent_Contig_31896	1	260	0	0	0	0	0	0
dDocent_Contig_31898	1	394	0	0	0	0	0	0
dDocent_Contig_31901	1	474	0	0	0	0	0	0
dDocent_Contig_31906	1	338	0	0	0	0	0	0
dDocent_Contig_31908	1	387	0	0	0	0	0	0
dDocent_Contig_31909	1	373	0	0	0	0	0	0
dDocent_Contig_31910	1	294	0	0	0	0	0	0
dDocent_Contig_31913	1	485	0	0	0	0	0	0
dDocent_Contig_31919	1	367	0	0	0	0	0	0
dDocent_Contig_31920	1	495	0	0	0	0	0	0
dDocent_Contig_31922	1	471	0	0	0	0	0	0
dDocent_Contig_31945	1	430	0	0	0	0	0	0
dDocent_Contig_31954	1	457	0	0	0	0	0	0
dDocent_Contig_31956	1	373	0	0	0	0	0	0
dDocent_Contig_31958	1	404	0	0	0	0	0	0
dDocent_Contig_31960	1	465	0	0	0	0	0	0
dDocent_Contig_31971	1	437	0	0	0	0	0	0
dDocent_Contig_31973	1	434	0	0	0	0	0	0
dDocent_Contig_31976	1	247	0	0	0	0	0	0
dDocent_Contig_31979	1	361	0	0	0	0	0	0
dDocent_Contig_31991	1	439	0	0	0	0	0	0
dDocent_Contig_31997	1	407	0	0	0	0	0	0
dDocent_Contig_32001	1	231	0	0	0	0	0	0
dDocent_Contig_32014	1	431	0	0	0	0	0	0
dDocent_Contig_32020	1	316	0	0	0	0	0	0
dDocent_Contig_32022	1	385	0	0	0	0	0	0
dDocent_Contig_32023	1	312	0	0	0	0	0	0
dDocent_Contig_32024	1	515	0	0	0	0	0	0
dDocent_Contig_32032	1	410	0	0	0	0	0	0
dDocent_Contig_32050	1	390	0	0	0	0	0	0
dDocent_Contig_32052	1	423	0	0	0	0	0	0
dDocent_Contig_32055	1	304	0	0	0	0	0	0
dDocent_Contig_32058	1	512	0	0	0	0	0	0
dDocent_Contig_32060	1	459	0	0	0	0	0	0
dDocent_Contig_32064	1	272	0	0	0	0	0	0
dDocent_Contig_32073	1	461	0	0	0	0	0	0
dDocent_Contig_32076	1	390	0	0	0	0	0	0
dDocent_Contig_32079	1	306	0	0	0	0	0	0
dDocent_Contig_32080	1	346	0	0	0	0	0	0
dDocent_Contig_32081	1	422	0	0	0	0	0	0
dDocent_Contig_32083	1	388	0	0	0	0	0	0
dDocent_Contig_32084	1	460	0	0	0	0	0	0
dDocent_Contig_32085	1	289	0	0	0	0	0	0
dDocent_Contig_32090	1	371	0	0	0	0	0	0
dDocent_Contig_32094	1	369	0	0	0	0	0	0
dDocent_Contig_32096	1	519	0	0	0	0	0	0
dDocent_Contig_32099	1	351	0	0	0	0	0	0
dDocent_Contig_32100	1	320	0	0	0	0	0	0
dDocent_Contig_32109	1	435	0	0	0	0	0	0
dDocent_Contig_32112	1	231	0	0	0	0	0	0
dDocent_Contig_32125	1	493	0	0	0	0	0	0
dDocent_Contig_32129	1	276	0	0	0	0	0	0
dDocent_Contig_32130	1	463	0	0	0	0	0	0
dDocent_Contig_32134	1	246	0	0	0	0	0	0
dDocent_Contig_32139	1	461	0	0	0	0	0	0
dDocent_Contig_32141	1	476	0	0	0	0	0	0
dDocent_Contig_32147	1	457	0	0	0	0	0	0
dDocent_Contig_32151	1	481	0	0	0	0	0	0
dDocent_Contig_32153	1	444	0	0	0	0	0	0
dDocent_Contig_32162	1	405	0	0	0	0	0	0
dDocent_Contig_32166	1	355	0	0	0	0	0	0
dDocent_Contig_32168	1	413	0	0	0	0	0	0
dDocent_Contig_32169	1	316	0	0	0	0	0	0
dDocent_Contig_32170	1	308	0	0	0	0	0	0
dDocent_Contig_32172	1	415	0	0	0	0	0	0
dDocent_Contig_32180	1	352	0	0	0	0	0	0
dDocent_Contig_32181	1	418	0	0	0	0	0	0
dDocent_Contig_32183	1	363	0	0	0	0	0	0
dDocent_Contig_32184	1	405	0	0	0	0	0	0
dDocent_Contig_32187	1	372	0	0	0	0	0	0
dDocent_Contig_32196	1	411	0	0	0	0	0	0
dDocent_Contig_32202	1	406	0	0	0	0	0	0
dDocent_Contig_32203	1	423	0	0	0	0	0	0
dDocent_Contig_32205	1	474	0	0	0	0	0	0
dDocent_Contig_32206	1	408	0	0	0	0	0	0
dDocent_Contig_32208	1	499	0	0	0	0	0	0
dDocent_Contig_32209	1	449	0	0	0	0	0	0
dDocent_Contig_32230	1	481	0	0	0	0	0	0
dDocent_Contig_32234	1	446	0	0	0	0	0	0
dDocent_Contig_32249	1	436	0	0	0	0	0	0
dDocent_Contig_32250	1	492	0	0	0	0	0	0
dDocent_Contig_32252	1	496	0	0	0	0	0	0
dDocent_Contig_32257	1	372	0	0	0	0	0	0
dDocent_Contig_32258	1	426	0	0	0	0	0	0
dDocent_Contig_32264	1	500	0	0	0	0	0	0
dDocent_Contig_32269	1	339	0	0	0	0	0	0
dDocent_Contig_32271	1	442	0	0	0	0	0	0
dDocent_Contig_32273	1	426	0	0	0	0	0	0
dDocent_Contig_32275	1	297	0	0	0	0	0	0
dDocent_Contig_32277	1	422	0	0	0	0	0	0
dDocent_Contig_32288	1	404	0	0	0	0	0	0
dDocent_Contig_32302	1	324	0	0	0	0	0	0
dDocent_Contig_32305	1	335	0	0	0	0	0	0
dDocent_Contig_32306	1	379	0	0	0	0	0	0
dDocent_Contig_32310	1	392	0	0	0	0	0	0
dDocent_Contig_32313	1	428	0	0	0	0	0	0
dDocent_Contig_32327	1	313	0	0	0	0	0	0
dDocent_Contig_32330	1	407	0	0	0	0	0	0
dDocent_Contig_32334	1	333	0	0	0	0	0	0
dDocent_Contig_32335	1	424	0	0	0	0	0	0
dDocent_Contig_32342	1	445	0	0	0	0	0	0
dDocent_Contig_32344	1	425	0	0	0	0	0	0
dDocent_Contig_32347	1	375	0	0	0	0	0	0
dDocent_Contig_32349	1	402	0	0	0	0	0	0
dDocent_Contig_32355	1	479	0	0	0	0	0	0
dDocent_Contig_32359	1	380	0	0	0	0	0	0
dDocent_Contig_32363	1	494	0	0	0	0	0	0
dDocent_Contig_32366	1	375	0	0	0	0	0	0
dDocent_Contig_32367	1	352	0	0	0	0	0	0
dDocent_Contig_32377	1	420	0	0	0	0	0	0
dDocent_Contig_32379	1	494	0	0	0	0	0	0
dDocent_Contig_32383	1	413	0	0	0	0	0	0
dDocent_Contig_32386	1	317	0	0	0	0	0	0
dDocent_Contig_32393	1	396	0	0	0	0	0	0
dDocent_Contig_32401	1	394	0	0	0	0	0	0
dDocent_Contig_32405	1	461	0	0	0	0	0	0
dDocent_Contig_32406	1	425	0	0	0	0	0	0
dDocent_Contig_32414	1	413	0	0	0	0	0	0
dDocent_Contig_32419	1	326	0	0	0	0	0	0
dDocent_Contig_32423	1	357	0	0	0	0	0	0
dDocent_Contig_32428	1	381	0	0	0	0	0	0
dDocent_Contig_32431	1	394	0	0	0	0	0	0
dDocent_Contig_32433	1	263	0	0	0	0	0	0
dDocent_Contig_32434	1	341	0	0	0	0	0	0
dDocent_Contig_32435	1	357	0	0	0	0	0	0
dDocent_Contig_32437	1	371	0	0	0	0	0	0
dDocent_Contig_32445	1	291	0	0	0	0	0	0
dDocent_Contig_32468	1	490	0	0	0	0	0	0
dDocent_Contig_32469	1	472	0	0	0	0	0	0
dDocent_Contig_32476	1	416	0	0	0	0	0	0
dDocent_Contig_32479	1	374	0	0	0	0	0	0
dDocent_Contig_32481	1	392	0	0	0	0	0	0
dDocent_Contig_32483	1	398	0	0	0	0	0	0
dDocent_Contig_32490	1	473	0	0	0	0	0	0
dDocent_Contig_32493	1	371	0	0	0	0	0	0
dDocent_Contig_32495	1	371	0	0	0	0	0	0
dDocent_Contig_32500	1	330	0	0	0	0	0	0
dDocent_Contig_32501	1	368	0	0	0	0	0	0
dDocent_Contig_32506	1	459	0	0	0	0	0	0
dDocent_Contig_32508	1	416	0	0	0	0	0	0
dDocent_Contig_32514	1	371	0	0	0	0	0	0
dDocent_Contig_32519	1	374	0	0	0	0	0	0
dDocent_Contig_32527	1	357	0	0	0	0	0	0
dDocent_Contig_32532	1	425	0	0	0	0	0	0
dDocent_Contig_32535	1	406	0	0	0	0	0	0
dDocent_Contig_32536	1	370	0	0	0	0	0	0
dDocent_Contig_32537	1	353	0	0	0	0	0	0
dDocent_Contig_32543	1	345	0	0	0	0	0	0
dDocent_Contig_32546	1	308	0	0	0	0	0	0
dDocent_Contig_32547	1	319	0	0	0	0	0	0
dDocent_Contig_32559	1	336	0	0	0	0	0	0
dDocent_Contig_32564	1	403	0	0	0	0	0	0
dDocent_Contig_32566	1	404	0	0	0	0	0	0
dDocent_Contig_32567	1	412	0	0	0	0	0	0
dDocent_Contig_32568	1	351	0	0	0	0	0	0
dDocent_Contig_32570	1	434	0	0	0	0	0	0
dDocent_Contig_32571	1	389	0	0	0	0	0	0
dDocent_Contig_32610	1	406	0	0	0	0	0	0
dDocent_Contig_32612	1	393	0	0	0	0	0	0
dDocent_Contig_32614	1	360	0	0	0	0	0	0
dDocent_Contig_32616	1	332	0	0	0	0	0	0
dDocent_Contig_32618	1	428	0	0	0	0	0	0
dDocent_Contig_32619	1	350	0	0	0	0	0	0
dDocent_Contig_32622	1	386	0	0	0	0	0	0
dDocent_Contig_32626	1	324	0	0	0	0	0	0
dDocent_Contig_32632	1	370	0	0	0	0	0	0
dDocent_Contig_32637	1	379	0	0	0	0	0	0
dDocent_Contig_32639	1	331	0	0	0	0	0	0
dDocent_Contig_32643	1	320	0	0	0	0	0	0
dDocent_Contig_32646	1	430	0	0	0	0	0	0
dDocent_Contig_32648	1	255	0	0	0	0	0	0
dDocent_Contig_32652	1	342	0	0	0	0	0	0
dDocent_Contig_32655	1	325	0	0	0	0	0	0
dDocent_Contig_32657	1	476	0	0	0	0	0	0
dDocent_Contig_32660	1	471	0	0	0	0	0	0
dDocent_Contig_32663	1	457	0	0	0	0	0	0
dDocent_Contig_32667	1	240	0	0	0	0	0	0
dDocent_Contig_32678	1	370	0	0	0	0	0	0
dDocent_Contig_32702	1	309	0	0	0	0	0	0
dDocent_Contig_32703	1	347	0	0	0	0	0	0
dDocent_Contig_32704	1	501	0	0	0	0	0	0
dDocent_Contig_32708	1	397	0	0	0	0	0	0
dDocent_Contig_32709	1	480	0	0	0	0	0	0
dDocent_Contig_32711	1	298	0	0	0	0	0	0
dDocent_Contig_32712	1	428	0	0	0	0	0	0
dDocent_Contig_32714	1	391	0	0	0	0	0	0
dDocent_Contig_32728	1	407	0	0	0	0	0	0
dDocent_Contig_32729	1	373	0	0	0	0	0	0
dDocent_Contig_32730	1	462	0	0	0	0	0	0
dDocent_Contig_32732	1	387	0	0	0	0	0	0
dDocent_Contig_32735	1	452	0	0	0	0	0	0
dDocent_Contig_32751	1	440	0	0	0	0	0	0
dDocent_Contig_32753	1	405	0	0	0	0	0	0
dDocent_Contig_32754	1	462	0	0	0	0	0	0
dDocent_Contig_32755	1	299	0	0	0	0	0	0
dDocent_Contig_32759	1	407	0	0	0	0	0	0
dDocent_Contig_32760	1	369	0	0	0	0	0	0
dDocent_Contig_32763	1	379	0	0	0	0	0	0
dDocent_Contig_32765	1	332	0	0	0	0	0	0
dDocent_Contig_32786	1	451	0	0	0	0	0	0
dDocent_Contig_32789	1	351	0	0	0	0	0	0
dDocent_Contig_32791	1	459	0	0	0	0	0	0
dDocent_Contig_32793	1	363	0	0	0	0	0	0
dDocent_Contig_32794	1	416	0	0	0	0	0	0
dDocent_Contig_32797	1	366	0	0	0	0	0	0
dDocent_Contig_32798	1	405	0	0	0	0	0	0
dDocent_Contig_32800	1	479	0	0	0	0	0	0
dDocent_Contig_32801	1	430	0	0	0	0	0	0
dDocent_Contig_32808	1	433	0	0	0	0	0	0
dDocent_Contig_32809	1	359	0	0	0	0	0	0
dDocent_Contig_32824	1	294	0	0	0	0	0	0
dDocent_Contig_32825	1	355	0	0	0	0	0	0
dDocent_Contig_32826	1	424	0	0	0	0	0	0
dDocent_Contig_32831	1	383	0	0	0	0	0	0
dDocent_Contig_32834	1	369	0	0	0	0	0	0
dDocent_Contig_32845	1	394	0	0	0	0	0	0
dDocent_Contig_32850	1	402	0	0	0	0	0	0
dDocent_Contig_32853	1	353	0	0	0	0	0	0
dDocent_Contig_32856	1	481	0	0	0	0	0	0
dDocent_Contig_32858	1	411	0	0	0	0	0	0
dDocent_Contig_32867	1	392	0	0	0	0	0	0
dDocent_Contig_32871	1	483	0	0	0	0	0	0
dDocent_Contig_32878	1	447	0	0	0	0	0	0
dDocent_Contig_32881	1	328	0	0	0	0	0	0
dDocent_Contig_32886	1	378	0	0	0	0	0	0
dDocent_Contig_32887	1	412	0	0	0	0	0	0
dDocent_Contig_32903	1	383	0	0	0	0	0	0
dDocent_Contig_32904	1	464	0	0	0	0	0	0
dDocent_Contig_32910	1	343	0	0	0	0	0	0
dDocent_Contig_32932	1	371	0	0	0	0	0	0
dDocent_Contig_32936	1	450	0	0	0	0	0	0
dDocent_Contig_32942	1	489	0	0	0	0	0	0
dDocent_Contig_32945	1	405	0	0	0	0	0	0
dDocent_Contig_32954	1	406	0	0	0	0	0	0
dDocent_Contig_32969	1	289	0	0	0	0	0	0
dDocent_Contig_32971	1	386	0	0	0	0	0	0
dDocent_Contig_32973	1	353	0	0	0	0	0	0
dDocent_Contig_32975	1	388	0	0	0	0	0	0
dDocent_Contig_32976	1	358	0	0	0	0	0	0
dDocent_Contig_32977	1	462	0	0	0	0	0	0
dDocent_Contig_32978	1	339	0	0	0	0	0	0
dDocent_Contig_32993	1	345	0	0	0	0	0	0
dDocent_Contig_32995	1	342	0	0	0	0	0	0
dDocent_Contig_33002	1	487	0	0	0	0	0	0
dDocent_Contig_33013	1	391	0	0	0	0	0	0
dDocent_Contig_33014	1	357	0	0	0	0	0	0
dDocent_Contig_33016	1	490	0	0	0	0	0	0
dDocent_Contig_33017	1	396	0	0	0	0	0	0
dDocent_Contig_33018	1	358	0	0	0	0	0	0
dDocent_Contig_33020	1	384	0	0	0	0	0	0
dDocent_Contig_33024	1	309	0	0	0	0	0	0
dDocent_Contig_33031	1	377	0	0	0	0	0	0
dDocent_Contig_33032	1	455	0	0	0	0	0	0
dDocent_Contig_33033	1	441	0	0	0	0	0	0
dDocent_Contig_33035	1	387	0	0	0	0	0	0
dDocent_Contig_33038	1	342	0	0	0	0	0	0
dDocent_Contig_33044	1	261	0	0	0	0	0	0
dDocent_Contig_33048	1	419	0	0	0	0	0	0
dDocent_Contig_33050	1	424	0	0	0	0	0	0
dDocent_Contig_33064	1	398	0	0	0	0	0	0
dDocent_Contig_33066	1	294	0	0	0	0	0	0
dDocent_Contig_33074	1	421	0	0	0	0	0	0
dDocent_Contig_33081	1	397	0	0	0	0	0	0
dDocent_Contig_33084	1	289	0	0	0	0	0	0
dDocent_Contig_33092	1	412	0	0	0	0	0	0
dDocent_Contig_33096	1	455	0	0	0	0	0	0
dDocent_Contig_33100	1	400	0	0	0	0	0	0
dDocent_Contig_33105	1	324	0	0	0	0	0	0
dDocent_Contig_33112	1	377	0	0	0	0	0	0
dDocent_Contig_33114	1	322	0	0	0	0	0	0
dDocent_Contig_33121	1	375	0	0	0	0	0	0
dDocent_Contig_33122	1	304	0	0	0	0	0	0
dDocent_Contig_33124	1	337	0	0	0	0	0	0
dDocent_Contig_33126	1	382	0	0	0	0	0	0
dDocent_Contig_33133	1	375	0	0	0	0	0	0
dDocent_Contig_33135	1	442	0	0	0	0	0	0
dDocent_Contig_33138	1	292	0	0	0	0	0	0
dDocent_Contig_33144	1	287	0	0	0	0	0	0
dDocent_Contig_33145	1	332	0	0	0	0	0	0
dDocent_Contig_33154	1	375	0	0	0	0	0	0
dDocent_Contig_33160	1	358	0	0	0	0	0	0
dDocent_Contig_33164	1	419	0	0	0	0	0	0
dDocent_Contig_33171	1	365	0	0	0	0	0	0
dDocent_Contig_33175	1	420	0	0	0	0	0	0
dDocent_Contig_33179	1	517	0	0	0	0	0	0
dDocent_Contig_33185	1	431	0	0	0	0	0	0
dDocent_Contig_33189	1	387	0	0	0	0	0	0
dDocent_Contig_33203	1	508	0	0	0	0	0	0
dDocent_Contig_33205	1	456	0	0	0	0	0	0
dDocent_Contig_33212	1	409	0	0	0	0	0	0
dDocent_Contig_33227	1	340	0	0	0	0	0	0
dDocent_Contig_33229	1	468	0	0	0	0	0	0
dDocent_Contig_33234	1	331	0	0	0	0	0	0
dDocent_Contig_33242	1	383	0	0	0	0	0	0
dDocent_Contig_33247	1	367	0	0	0	0	0	0
dDocent_Contig_33252	1	356	0	0	0	0	0	0
dDocent_Contig_33254	1	389	0	0	0	0	0	0
dDocent_Contig_33267	1	482	0	0	0	0	0	0
dDocent_Contig_33273	1	406	0	0	0	0	0	0
dDocent_Contig_33275	1	417	0	0	0	0	0	0
dDocent_Contig_33281	1	324	0	0	0	0	0	0
dDocent_Contig_33286	1	403	0	0	0	0	0	0
dDocent_Contig_33296	1	321	0	0	0	0	0	0
dDocent_Contig_33297	1	456	0	0	0	0	0	0
dDocent_Contig_33325	1	514	0	0	0	0	0	0
dDocent_Contig_33329	1	416	0	0	0	0	0	0
dDocent_Contig_33338	1	312	0	0	0	0	0	0
dDocent_Contig_33344	1	415	0	0	0	0	0	0
dDocent_Contig_33345	1	379	0	0	0	0	0	0
dDocent_Contig_33348	1	421	0	0	0	0	0	0
dDocent_Contig_33353	1	365	0	0	0	0	0	0
dDocent_Contig_33354	1	302	0	0	0	0	0	0
dDocent_Contig_33356	1	398	0	0	0	0	0	0
dDocent_Contig_33358	1	401	0	0	0	0	0	0
dDocent_Contig_33359	1	412	0	0	0	0	0	0
dDocent_Contig_33368	1	345	0	0	0	0	0	0
dDocent_Contig_33375	1	278	0	0	0	0	0	0
dDocent_Contig_33379	1	368	0	0	0	0	0	0
dDocent_Contig_33380	1	429	0	0	0	0	0	0
dDocent_Contig_33383	1	349	0	0	0	0	0	0
dDocent_Contig_33391	1	323	0	0	0	0	0	0
dDocent_Contig_33399	1	388	0	0	0	0	0	0
dDocent_Contig_33403	1	402	0	0	0	0	0	0
dDocent_Contig_33405	1	387	0	0	0	0	0	0
dDocent_Contig_33406	1	387	0	0	0	0	0	0
dDocent_Contig_33407	1	337	0	0	0	0	0	0
dDocent_Contig_33411	1	385	0	0	0	0	0	0
dDocent_Contig_33418	1	348	0	0	0	0	0	0
dDocent_Contig_33430	1	412	0	0	0	0	0	0
dDocent_Contig_33442	1	383	0	0	0	0	0	0
dDocent_Contig_33444	1	369	0	0	0	0	0	0
dDocent_Contig_33448	1	395	0	0	0	0	0	0
dDocent_Contig_33453	1	379	0	0	0	0	0	0
dDocent_Contig_33454	1	501	0	0	0	0	0	0
dDocent_Contig_33456	1	375	0	0	0	0	0	0
dDocent_Contig_33458	1	434	0	0	0	0	0	0
dDocent_Contig_33465	1	410	0	0	0	0	0	0
dDocent_Contig_33466	1	350	0	0	0	0	0	0
dDocent_Contig_33468	1	332	0	0	0	0	0	0
dDocent_Contig_33483	1	503	0	0	0	0	0	0
dDocent_Contig_33498	1	227	0	0	0	0	0	0
dDocent_Contig_33499	1	412	0	0	0	0	0	0
dDocent_Contig_33507	1	463	0	0	0	0	0	0
dDocent_Contig_33515	1	388	0	0	0	0	0	0
dDocent_Contig_33516	1	371	0	0	0	0	0	0
dDocent_Contig_33518	1	324	0	0	0	0	0	0
dDocent_Contig_33520	1	397	0	0	0	0	0	0
dDocent_Contig_33551	1	391	0	0	0	0	0	0
dDocent_Contig_33555	1	290	0	0	0	0	0	0
dDocent_Contig_33560	1	382	0	0	0	0	0	0
dDocent_Contig_33574	1	387	0	0	0	0	0	0
dDocent_Contig_33575	1	364	0	0	0	0	0	0
dDocent_Contig_33585	1	355	0	0	0	0	0	0
dDocent_Contig_33586	1	421	0	0	0	0	0	0
dDocent_Contig_33587	1	432	0	0	0	0	0	0
dDocent_Contig_33595	1	385	0	0	0	0	0	0
dDocent_Contig_33596	1	240	0	0	0	0	0	0
dDocent_Contig_33609	1	403	0	0	0	0	0	0
dDocent_Contig_33616	1	462	0	0	0	0	0	0
dDocent_Contig_33624	1	419	0	0	0	0	0	0
dDocent_Contig_33629	1	349	0	0	0	0	0	0
dDocent_Contig_33631	1	354	0	0	0	0	0	0
dDocent_Contig_33632	1	400	0	0	0	0	0	0
dDocent_Contig_33635	1	471	0	0	0	0	0	0
dDocent_Contig_33658	1	369	0	0	0	0	0	0
dDocent_Contig_33664	1	443	0	0	0	0	0	0
dDocent_Contig_33666	1	463	0	0	0	0	0	0
dDocent_Contig_33684	1	291	0	0	0	0	0	0
dDocent_Contig_33692	1	385	0	0	0	0	0	0
dDocent_Contig_33708	1	334	0	0	0	0	0	0
dDocent_Contig_33710	1	349	0	0	0	0	0	0
dDocent_Contig_33715	1	358	0	0	0	0	0	0
dDocent_Contig_33717	1	383	0	0	0	0	0	0
dDocent_Contig_33719	1	335	0	0	0	0	0	0
dDocent_Contig_33729	1	462	0	0	0	0	0	0
dDocent_Contig_33737	1	339	0	0	0	0	0	0
dDocent_Contig_33740	1	413	0	0	0	0	0	0
dDocent_Contig_33749	1	381	0	0	0	0	0	0
dDocent_Contig_33769	1	419	0	0	0	0	0	0
dDocent_Contig_33775	1	313	0	0	0	0	0	0
dDocent_Contig_33778	1	415	0	0	0	0	0	0
dDocent_Contig_33793	1	321	0	0	0	0	0	0
dDocent_Contig_33807	1	361	0	0	0	0	0	0
dDocent_Contig_33815	1	366	0	0	0	0	0	0
dDocent_Contig_33820	1	415	0	0	0	0	0	0
dDocent_Contig_33822	1	377	0	0	0	0	0	0
dDocent_Contig_33826	1	422	0	0	0	0	0	0
dDocent_Contig_33828	1	335	0	0	0	0	0	0
dDocent_Contig_33829	1	375	0	0	0	0	0	0
dDocent_Contig_33832	1	345	0	0	0	0	0	0
dDocent_Contig_33840	1	344	0	0	0	0	0	0
dDocent_Contig_33846	1	390	0	0	0	0	0	0
dDocent_Contig_33850	1	400	0	0	0	0	0	0
dDocent_Contig_33865	1	338	0	0	0	0	0	0
dDocent_Contig_33866	1	416	0	0	0	0	0	0
dDocent_Contig_33874	1	401	0	0	0	0	0	0
dDocent_Contig_33889	1	314	0	0	0	0	0	0
dDocent_Contig_33905	1	308	0	0	0	0	0	0
dDocent_Contig_33924	1	375	0	0	0	0	0	0
dDocent_Contig_33926	1	501	0	0	0	0	0	0
dDocent_Contig_33934	1	374	0	0	0	0	0	0
dDocent_Contig_33939	1	415	0	0	0	0	0	0
dDocent_Contig_33968	1	366	0	0	0	0	0	0
dDocent_Contig_33972	1	424	0	0	0	0	0	0
dDocent_Contig_33976	1	361	0	0	0	0	0	0
dDocent_Contig_33999	1	473	0	0	0	0	0	0
dDocent_Contig_34005	1	391	0	0	0	0	0	0
dDocent_Contig_34037	1	377	0	0	0	0	0	0
dDocent_Contig_34049	1	470	0	0	0	0	0	0
dDocent_Contig_34056	1	319	0	0	0	0	0	0
dDocent_Contig_34062	1	404	0	0	0	0	0	0
dDocent_Contig_34064	1	461	0	0	0	0	0	0
dDocent_Contig_34065	1	324	0	0	0	0	0	0
dDocent_Contig_34071	1	470	0	0	0	0	0	0
dDocent_Contig_34080	1	486	0	0	0	0	0	0
dDocent_Contig_34101	1	410	0	0	0	0	0	0
dDocent_Contig_34105	1	363	0	0	0	0	0	0
dDocent_Contig_34127	1	388	0	0	0	0	0	0
dDocent_Contig_34130	1	366	0	0	0	0	0	0
dDocent_Contig_34134	1	376	0	0	0	0	0	0
dDocent_Contig_34135	1	411	0	0	0	0	0	0
dDocent_Contig_34140	1	333	0	0	0	0	0	0
dDocent_Contig_34146	1	395	0	0	0	0	0	0
dDocent_Contig_34148	1	351	0	0	0	0	0	0
dDocent_Contig_34154	1	359	0	0	0	0	0	0
dDocent_Contig_34155	1	456	0	0	0	0	0	0
dDocent_Contig_34162	1	402	0	0	0	0	0	0
dDocent_Contig_34167	1	395	0	0	0	0	0	0
dDocent_Contig_34186	1	419	0	0	0	0	0	0
dDocent_Contig_34189	1	449	0	0	0	0	0	0
dDocent_Contig_34193	1	380	0	0	0	0	0	0
dDocent_Contig_34195	1	386	0	0	0	0	0	0
dDocent_Contig_34197	1	401	0	0	0	0	0	0
dDocent_Contig_34199	1	398	0	0	0	0	0	0
dDocent_Contig_34200	1	357	0	0	0	0	0	0
dDocent_Contig_34204	1	408	0	0	0	0	0	0
dDocent_Contig_34208	1	438	0	0	0	0	0	0
dDocent_Contig_34217	1	499	0	0	0	0	0	0
dDocent_Contig_34222	1	412	0	0	0	0	0	0
dDocent_Contig_34224	1	418	0	0	0	0	0	0
dDocent_Contig_34243	1	371	0	0	0	0	0	0
dDocent_Contig_34245	1	408	0	0	0	0	0	0
dDocent_Contig_34248	1	440	0	0	0	0	0	0
dDocent_Contig_34250	1	424	0	0	0	0	0	0
dDocent_Contig_34259	1	455	0	0	0	0	0	0
dDocent_Contig_34264	1	465	0	0	0	0	0	0
dDocent_Contig_34294	1	368	0	0	0	0	0	0
dDocent_Contig_34295	1	456	0	0	0	0	0	0
dDocent_Contig_34315	1	335	0	0	0	0	0	0
dDocent_Contig_34320	1	385	0	0	0	0	0	0
dDocent_Contig_34358	1	443	0	0	0	0	0	0
dDocent_Contig_34368	1	324	0	0	0	0	0	0
dDocent_Contig_34369	1	448	0	0	0	0	0	0
dDocent_Contig_34380	1	390	0	0	0	0	0	0
dDocent_Contig_34387	1	416	0	0	0	0	0	0
dDocent_Contig_34390	1	390	0	0	0	0	0	0
dDocent_Contig_34395	1	313	0	0	0	0	0	0
dDocent_Contig_34412	1	430	0	0	0	0	0	0
dDocent_Contig_34427	1	339	0	0	0	0	0	0
dDocent_Contig_34430	1	420	0	0	0	0	0	0
dDocent_Contig_34436	1	281	0	0	0	0	0	0
dDocent_Contig_34439	1	396	0	0	0	0	0	0
dDocent_Contig_34444	1	316	0	0	0	0	0	0
dDocent_Contig_34449	1	340	0	0	0	0	0	0
dDocent_Contig_34450	1	373	0	0	0	0	0	0
dDocent_Contig_34454	1	292	0	0	0	0	0	0
dDocent_Contig_34456	1	325	0	0	0	0	0	0
dDocent_Contig_34465	1	349	0	0	0	0	0	0
dDocent_Contig_34475	1	394	0	0	0	0	0	0
dDocent_Contig_34478	1	281	0	0	0	0	0	0
dDocent_Contig_34481	1	332	0	0	0	0	0	0
dDocent_Contig_34482	1	391	0	0	0	0	0	0
dDocent_Contig_34487	1	389	0	0	0	0	0	0
dDocent_Contig_34493	1	379	0	0	0	0	0	0
dDocent_Contig_34500	1	397	0	0	0	0	0	0
dDocent_Contig_34502	1	350	0	0	0	0	0	0
dDocent_Contig_34511	1	307	0	0	0	0	0	0
dDocent_Contig_34513	1	461	0	0	0	0	0	0
dDocent_Contig_34516	1	247	0	0	0	0	0	0
dDocent_Contig_34518	1	506	0	0	0	0	0	0
dDocent_Contig_34522	1	428	0	0	0	0	0	0
dDocent_Contig_34533	1	298	0	0	0	0	0	0
dDocent_Contig_34555	1	449	0	0	0	0	0	0
dDocent_Contig_34560	1	403	0	0	0	0	0	0
dDocent_Contig_34561	1	428	0	0	0	0	0	0
dDocent_Contig_34565	1	378	0	0	0	0	0	0
dDocent_Contig_34572	1	381	0	0	0	0	0	0
dDocent_Contig_34573	1	435	0	0	0	0	0	0
dDocent_Contig_34575	1	390	0	0	0	0	0	0
dDocent_Contig_34587	1	384	0	0	0	0	0	0
dDocent_Contig_34590	1	333	0	0	0	0	0	0
dDocent_Contig_34601	1	374	0	0	0	0	0	0
dDocent_Contig_34607	1	421	0	0	0	0	0	0
dDocent_Contig_34611	1	334	0	0	0	0	0	0
dDocent_Contig_34613	1	499	0	0	0	0	0	0
dDocent_Contig_34632	1	378	0	0	0	0	0	0
dDocent_Contig_34633	1	325	0	0	0	0	0	0
dDocent_Contig_34649	1	331	0	0	0	0	0	0
dDocent_Contig_34651	1	337	0	0	0	0	0	0
dDocent_Contig_34662	1	351	0	0	0	0	0	0
dDocent_Contig_34663	1	382	0	0	0	0	0	0
dDocent_Contig_34676	1	278	0	0	0	0	0	0
dDocent_Contig_34680	1	401	0	0	0	0	0	0
dDocent_Contig_34693	1	371	0	0	0	0	0	0
dDocent_Contig_34706	1	493	0	0	0	0	0	0
dDocent_Contig_34708	1	433	0	0	0	0	0	0
dDocent_Contig_34709	1	385	0	0	0	0	0	0
dDocent_Contig_34711	1	393	0	0	0	0	0	0
dDocent_Contig_34718	1	389	0	0	0	0	0	0
dDocent_Contig_34732	1	311	0	0	0	0	0	0
dDocent_Contig_34735	1	441	0	0	0	0	0	0
dDocent_Contig_34752	1	341	0	0	0	0	0	0
dDocent_Contig_34753	1	399	0	0	0	0	0	0
dDocent_Contig_34754	1	317	0	0	0	0	0	0
dDocent_Contig_34765	1	286	0	0	0	0	0	0
dDocent_Contig_34781	1	389	0	0	0	0	0	0
dDocent_Contig_34786	1	386	0	0	0	0	0	0
dDocent_Contig_34793	1	327	0	0	0	0	0	0
dDocent_Contig_34797	1	323	0	0	0	0	0	0
dDocent_Contig_34798	1	371	0	0	0	0	0	0
dDocent_Contig_34823	1	304	0	0	0	0	0	0
dDocent_Contig_34834	1	381	0	0	0	0	0	0
dDocent_Contig_34838	1	284	0	0	0	0	0	0
dDocent_Contig_34840	1	402	0	0	0	0	0	0
dDocent_Contig_34846	1	515	0	0	0	0	0	0
dDocent_Contig_34847	1	476	0	0	0	0	0	0
dDocent_Contig_34848	1	385	0	0	0	0	0	0
dDocent_Contig_34851	1	391	0	0	0	0	0	0
dDocent_Contig_34861	1	377	0	0	0	0	0	0
dDocent_Contig_34863	1	345	0	0	0	0	0	0
dDocent_Contig_34873	1	286	0	0	0	0	0	0
dDocent_Contig_34876	1	359	0	0	0	0	0	0
dDocent_Contig_34880	1	347	0	0	0	0	0	0
dDocent_Contig_34901	1	423	0	0	0	0	0	0
dDocent_Contig_34902	1	434	0	0	0	0	0	0
dDocent_Contig_34905	1	436	0	0	0	0	0	0
dDocent_Contig_34910	1	409	0	0	0	0	0	0
dDocent_Contig_34919	1	267	0	0	0	0	0	0
dDocent_Contig_34928	1	236	0	0	0	0	0	0
dDocent_Contig_34940	1	519	0	0	0	0	0	0
dDocent_Contig_34946	1	400	0	0	0	0	0	0
dDocent_Contig_34953	1	451	0	0	0	0	0	0
dDocent_Contig_34954	1	477	0	0	0	0	0	0
dDocent_Contig_34965	1	455	0	0	0	0	0	0
dDocent_Contig_34969	1	267	0	0	0	0	0	0
dDocent_Contig_34971	1	415	0	0	0	0	0	0
dDocent_Contig_34973	1	381	0	0	0	0	0	0
dDocent_Contig_34974	1	506	0	0	0	0	0	0
dDocent_Contig_34976	1	362	0	0	0	0	0	0
dDocent_Contig_34978	1	349	0	0	0	0	0	0
dDocent_Contig_34979	1	253	0	0	0	0	0	0
dDocent_Contig_34982	1	375	0	0	0	0	0	0
dDocent_Contig_34983	1	398	0	0	0	0	0	0
dDocent_Contig_34992	1	334	0	0	0	0	0	0
dDocent_Contig_34996	1	259	0	0	0	0	0	0
dDocent_Contig_34997	1	500	0	0	0	0	0	0
dDocent_Contig_35011	1	370	0	0	0	0	0	0
dDocent_Contig_35015	1	412	0	0	0	0	0	0
dDocent_Contig_35016	1	382	0	0	0	0	0	0
dDocent_Contig_35017	1	347	0	0	0	0	0	0
dDocent_Contig_35022	1	395	0	0	0	0	0	0
dDocent_Contig_35028	1	380	0	0	0	0	0	0
dDocent_Contig_35029	1	413	0	0	0	0	0	0
dDocent_Contig_35040	1	354	0	0	0	0	0	0
dDocent_Contig_35051	1	501	0	0	0	0	0	0
dDocent_Contig_35058	1	378	0	0	0	0	0	0
dDocent_Contig_35073	1	518	0	0	0	0	0	0
dDocent_Contig_35077	1	405	0	0	0	0	0	0
dDocent_Contig_35084	1	342	0	0	0	0	0	0
dDocent_Contig_35086	1	330	0	0	0	0	0	0
dDocent_Contig_35091	1	348	0	0	0	0	0	0
dDocent_Contig_35092	1	367	0	0	0	0	0	0
dDocent_Contig_35094	1	281	0	0	0	0	0	0
dDocent_Contig_35095	1	389	0	0	0	0	0	0
dDocent_Contig_35097	1	429	0	0	0	0	0	0
dDocent_Contig_35102	1	506	0	0	0	0	0	0
dDocent_Contig_35110	1	491	0	0	0	0	0	0
dDocent_Contig_35112	1	462	0	0	0	0	0	0
dDocent_Contig_35113	1	390	0	0	0	0	0	0
dDocent_Contig_35120	1	388	0	0	0	0	0	0
dDocent_Contig_35123	1	295	0	0	0	0	0	0
dDocent_Contig_35133	1	409	0	0	0	0	0	0
dDocent_Contig_35139	1	342	0	0	0	0	0	0
dDocent_Contig_35144	1	455	0	0	0	0	0	0
dDocent_Contig_35161	1	340	0	0	0	0	0	0
dDocent_Contig_35165	1	309	0	0	0	0	0	0
dDocent_Contig_35175	1	314	0	0	0	0	0	0
dDocent_Contig_35176	1	386	0	0	0	0	0	0
dDocent_Contig_35180	1	275	0	0	0	0	0	0
dDocent_Contig_35182	1	338	0	0	0	0	0	0
dDocent_Contig_35183	1	322	0	0	0	0	0	0
dDocent_Contig_35185	1	375	0	0	0	0	0	0
dDocent_Contig_35189	1	449	0	0	0	0	0	0
dDocent_Contig_35197	1	403	0	0	0	0	0	0
dDocent_Contig_35200	1	302	0	0	0	0	0	0
dDocent_Contig_35201	1	429	0	0	0	0	0	0
dDocent_Contig_35205	1	438	0	0	0	0	0	0
dDocent_Contig_35213	1	390	0	0	0	0	0	0
dDocent_Contig_35215	1	295	0	0	0	0	0	0
dDocent_Contig_35219	1	392	0	0	0	0	0	0
dDocent_Contig_35222	1	371	0	0	0	0	0	0
dDocent_Contig_35232	1	393	0	0	0	0	0	0
dDocent_Contig_35236	1	348	0	0	0	0	0	0
dDocent_Contig_35237	1	376	0	0	0	0	0	0
dDocent_Contig_35241	1	225	0	0	0	0	0	0
dDocent_Contig_35245	1	260	0	0	0	0	0	0
dDocent_Contig_35265	1	450	0	0	0	0	0	0
dDocent_Contig_35271	1	335	0	0	0	0	0	0
dDocent_Contig_35280	1	275	0	0	0	0	0	0
dDocent_Contig_35295	1	347	0	0	0	0	0	0
dDocent_Contig_35297	1	289	0	0	0	0	0	0
dDocent_Contig_35305	1	400	0	0	0	0	0	0
dDocent_Contig_35308	1	395	0	0	0	0	0	0
dDocent_Contig_35310	1	393	0	0	0	0	0	0
dDocent_Contig_35311	1	410	0	0	0	0	0	0
dDocent_Contig_35312	1	374	0	0	0	0	0	0
dDocent_Contig_35313	1	424	0	0	0	0	0	0
dDocent_Contig_35315	1	418	0	0	0	0	0	0
dDocent_Contig_35316	1	429	0	0	0	0	0	0
dDocent_Contig_35324	1	296	0	0	0	0	0	0
dDocent_Contig_35325	1	360	0	0	0	0	0	0
dDocent_Contig_35326	1	375	0	0	0	0	0	0
dDocent_Contig_35329	1	479	0	0	0	0	0	0
dDocent_Contig_35331	1	345	0	0	0	0	0	0
dDocent_Contig_35335	1	411	0	0	0	0	0	0
dDocent_Contig_35342	1	430	0	0	0	0	0	0
dDocent_Contig_35347	1	362	0	0	0	0	0	0
dDocent_Contig_35348	1	386	0	0	0	0	0	0
dDocent_Contig_35355	1	264	0	0	0	0	0	0
dDocent_Contig_35356	1	473	0	0	0	0	0	0
dDocent_Contig_35357	1	436	0	0	0	0	0	0
dDocent_Contig_35362	1	380	0	0	0	0	0	0
dDocent_Contig_35363	1	486	0	0	0	0	0	0
dDocent_Contig_35379	1	396	0	0	0	0	0	0
dDocent_Contig_35383	1	355	0	0	0	0	0	0
dDocent_Contig_35388	1	400	0	0	0	0	0	0
dDocent_Contig_35390	1	331	0	0	0	0	0	0
dDocent_Contig_35393	1	365	0	0	0	0	0	0
dDocent_Contig_35423	1	454	0	0	0	0	0	0
dDocent_Contig_35443	1	459	0	0	0	0	0	0
dDocent_Contig_35455	1	300	0	0	0	0	0	0
dDocent_Contig_35466	1	248	0	0	0	0	0	0
dDocent_Contig_35469	1	359	0	0	0	0	0	0
dDocent_Contig_35487	1	422	0	0	0	0	0	0
dDocent_Contig_35493	1	392	0	0	0	0	0	0
dDocent_Contig_35497	1	401	0	0	0	0	0	0
dDocent_Contig_35498	1	471	0	0	0	0	0	0
dDocent_Contig_35506	1	386	0	0	0	0	0	0
dDocent_Contig_35507	1	240	0	0	0	0	0	0
dDocent_Contig_35508	1	394	0	0	0	0	0	0
dDocent_Contig_35509	1	396	0	0	0	0	0	0
dDocent_Contig_35513	1	453	0	0	0	0	0	0
dDocent_Contig_35522	1	375	0	0	0	0	0	0
dDocent_Contig_35524	1	258	0	0	0	0	0	0
dDocent_Contig_35531	1	380	0	0	0	0	0	0
dDocent_Contig_35540	1	371	0	0	0	0	0	0
dDocent_Contig_35541	1	426	0	0	0	0	0	0
dDocent_Contig_35545	1	342	0	0	0	0	0	0
dDocent_Contig_35552	1	367	0	0	0	0	0	0
dDocent_Contig_35569	1	334	0	0	0	0	0	0
dDocent_Contig_35570	1	410	0	0	0	0	0	0
dDocent_Contig_35574	1	355	0	0	0	0	0	0
dDocent_Contig_35585	1	439	0	0	0	0	0	0
dDocent_Contig_35588	1	326	0	0	0	0	0	0
dDocent_Contig_35594	1	325	0	0	0	0	0	0
dDocent_Contig_35599	1	376	0	0	0	0	0	0
dDocent_Contig_35602	1	284	0	0	0	0	0	0
dDocent_Contig_35605	1	320	0	0	0	0	0	0
dDocent_Contig_35614	1	504	0	0	0	0	0	0
dDocent_Contig_35621	1	397	0	0	0	0	0	0
dDocent_Contig_35635	1	355	0	0	0	0	0	0
dDocent_Contig_35637	1	411	0	0	0	0	0	0
dDocent_Contig_35648	1	371	0	0	0	0	0	0
dDocent_Contig_35653	1	274	0	0	0	0	0	0
dDocent_Contig_35662	1	485	0	0	0	0	0	0
dDocent_Contig_35671	1	446	0	0	0	0	0	0
dDocent_Contig_35674	1	331	0	0	0	0	0	0
dDocent_Contig_35679	1	450	0	0	0	0	0	0
dDocent_Contig_35686	1	342	0	0	0	0	0	0
dDocent_Contig_35690	1	403	0	0	0	0	0	0
dDocent_Contig_35691	1	495	0	0	0	0	0	0
dDocent_Contig_35693	1	388	0	0	0	0	0	0
dDocent_Contig_35695	1	494	0	0	0	0	0	0
dDocent_Contig_35701	1	400	0	0	0	0	0	0
dDocent_Contig_35729	1	348	0	0	0	0	0	0
dDocent_Contig_35731	1	348	0	0	0	0	0	0
dDocent_Contig_35732	1	408	0	0	0	0	0	0
dDocent_Contig_35734	1	442	0	0	0	0	0	0
dDocent_Contig_35739	1	377	0	0	0	0	0	0
dDocent_Contig_35741	1	449	0	0	0	0	0	0
dDocent_Contig_35745	1	417	0	0	0	0	0	0
dDocent_Contig_35748	1	379	0	0	0	0	0	0
dDocent_Contig_35749	1	390	0	0	0	0	0	0
dDocent_Contig_35755	1	364	0	0	0	0	0	0
dDocent_Contig_35763	1	320	0	0	0	0	0	0
dDocent_Contig_35775	1	346	0	0	0	0	0	0
dDocent_Contig_35791	1	344	0	0	0	0	0	0
dDocent_Contig_35797	1	386	0	0	0	0	0	0
dDocent_Contig_35805	1	386	0	0	0	0	0	0
dDocent_Contig_35807	1	334	0	0	0	0	0	0
dDocent_Contig_35810	1	290	0	0	0	0	0	0
dDocent_Contig_35811	1	391	0	0	0	0	0	0
dDocent_Contig_35814	1	435	0	0	0	0	0	0
dDocent_Contig_35820	1	363	0	0	0	0	0	0
dDocent_Contig_35823	1	328	0	0	0	0	0	0
dDocent_Contig_35831	1	462	0	0	0	0	0	0
dDocent_Contig_35833	1	447	0	0	0	0	0	0
dDocent_Contig_35834	1	397	0	0	0	0	0	0
dDocent_Contig_35836	1	295	0	0	0	0	0	0
dDocent_Contig_35845	1	289	0	0	0	0	0	0
dDocent_Contig_35848	1	309	0	0	0	0	0	0
dDocent_Contig_35854	1	423	0	0	0	0	0	0
dDocent_Contig_35868	1	338	0	0	0	0	0	0
dDocent_Contig_35871	1	394	0	0	0	0	0	0
dDocent_Contig_35873	1	253	0	0	0	0	0	0
dDocent_Contig_35880	1	373	0	0	0	0	0	0
dDocent_Contig_35883	1	421	0	0	0	0	0	0
dDocent_Contig_35888	1	367	0	0	0	0	0	0
dDocent_Contig_35918	1	332	0	0	0	0	0	0
dDocent_Contig_35919	1	484	0	0	0	0	0	0
dDocent_Contig_35920	1	347	0	0	0	0	0	0
dDocent_Contig_35921	1	420	0	0	0	0	0	0
dDocent_Contig_35925	1	485	0	0	0	0	0	0
dDocent_Contig_35952	1	324	0	0	0	0	0	0
dDocent_Contig_35984	1	404	0	0	0	0	0	0
dDocent_Contig_35985	1	395	0	0	0	0	0	0
dDocent_Contig_35998	1	386	0	0	0	0	0	0
dDocent_Contig_36006	1	366	0	0	0	0	0	0
dDocent_Contig_36007	1	321	0	0	0	0	0	0
dDocent_Contig_36008	1	451	0	0	0	0	0	0
dDocent_Contig_36013	1	292	0	0	0	0	0	0
dDocent_Contig_36018	1	369	0	0	0	0	0	0
dDocent_Contig_36023	1	393	0	0	0	0	0	0
dDocent_Contig_36030	1	404	0	0	0	0	0	0
dDocent_Contig_36043	1	381	0	0	0	0	0	0
dDocent_Contig_36045	1	468	0	0	0	0	0	0
dDocent_Contig_36051	1	401	0	0	0	0	0	0
dDocent_Contig_36057	1	284	0	0	0	0	0	0
dDocent_Contig_36067	1	366	0	0	0	0	0	0
dDocent_Contig_36068	1	300	0	0	0	0	0	0
