mkdir: cannot create directory ‘fq_fp1_clmp_fp2_fqscrn_repaired’: File exists
mkdir: cannot create directory ‘fq_fp1_clmp_fp2_fqscrn_repaired/orphans’: File exists
java -ea -Xmx160955m -cp /opt/conda/opt/bbmap-38.90-3/current/ jgi.SplitPairsAndSingles rp in1=fq_fp1_clmp_fp2_fqscrn/LlA01013_CKDL210012719-1a-AK6881-AK4971_HF5TCDSX2_L1_clmp_fp2_r1.tagged_filter.fastq.gz in2=fq_fp1_clmp_fp2_fqscrn/LlA01013_CKDL210012719-1a-AK6881-AK4971_HF5TCDSX2_L1_clmp_fp2_r2.tagged_filter.fastq.gz out1=fq_fp1_clmp_fp2_fqscrn_repaired/LlA01013_CKDL210012719-1a-AK6881-AK4971_HF5TCDSX2_L1_clmp_fp2_repr.R1.fq.gz out2=fq_fp1_clmp_fp2_fqscrn_repaired/LlA01013_CKDL210012719-1a-AK6881-AK4971_HF5TCDSX2_L1_clmp_fp2_repr.R2.fq.gz outs=fq_fp1_clmp_fp2_fqscrn_repaired/orphans/LlA01013_CKDL210012719-1a-AK6881-AK4971_HF5TCDSX2_L1_clmp_fp2_repr.orph.fq repair
Executing jgi.SplitPairsAndSingles [rp, in1=fq_fp1_clmp_fp2_fqscrn/LlA01013_CKDL210012719-1a-AK6881-AK4971_HF5TCDSX2_L1_clmp_fp2_r1.tagged_filter.fastq.gz, in2=fq_fp1_clmp_fp2_fqscrn/LlA01013_CKDL210012719-1a-AK6881-AK4971_HF5TCDSX2_L1_clmp_fp2_r2.tagged_filter.fastq.gz, out1=fq_fp1_clmp_fp2_fqscrn_repaired/LlA01013_CKDL210012719-1a-AK6881-AK4971_HF5TCDSX2_L1_clmp_fp2_repr.R1.fq.gz, out2=fq_fp1_clmp_fp2_fqscrn_repaired/LlA01013_CKDL210012719-1a-AK6881-AK4971_HF5TCDSX2_L1_clmp_fp2_repr.R2.fq.gz, outs=fq_fp1_clmp_fp2_fqscrn_repaired/orphans/LlA01013_CKDL210012719-1a-AK6881-AK4971_HF5TCDSX2_L1_clmp_fp2_repr.orph.fq, repair]

Set INTERLEAVED to false
Started output stream.

Input:                  	560880 reads 		63912396 bases.
Result:                 	560880 reads (100.00%) 	63912396 bases (100.00%)
Pairs:                  	544286 reads (97.04%) 	62056416 bases (97.10%)
Singletons:             	16594 reads (2.96%) 	1855980 bases (2.90%)

Time:                         	26.215 seconds.
Reads Processed:        560k 	21.40k reads/sec
Bases Processed:      63912k 	2.44m bases/sec
java -ea -Xmx160915m -cp /opt/conda/opt/bbmap-38.90-3/current/ jgi.SplitPairsAndSingles rp in1=fq_fp1_clmp_fp2_fqscrn/LlA01016_CKDL210012719-1a-AK6260-AK1864_HF5TCDSX2_L1_clmp_fp2_r1.tagged_filter.fastq.gz in2=fq_fp1_clmp_fp2_fqscrn/LlA01016_CKDL210012719-1a-AK6260-AK1864_HF5TCDSX2_L1_clmp_fp2_r2.tagged_filter.fastq.gz out1=fq_fp1_clmp_fp2_fqscrn_repaired/LlA01016_CKDL210012719-1a-AK6260-AK1864_HF5TCDSX2_L1_clmp_fp2_repr.R1.fq.gz out2=fq_fp1_clmp_fp2_fqscrn_repaired/LlA01016_CKDL210012719-1a-AK6260-AK1864_HF5TCDSX2_L1_clmp_fp2_repr.R2.fq.gz outs=fq_fp1_clmp_fp2_fqscrn_repaired/orphans/LlA01016_CKDL210012719-1a-AK6260-AK1864_HF5TCDSX2_L1_clmp_fp2_repr.orph.fq repair
Executing jgi.SplitPairsAndSingles [rp, in1=fq_fp1_clmp_fp2_fqscrn/LlA01016_CKDL210012719-1a-AK6260-AK1864_HF5TCDSX2_L1_clmp_fp2_r1.tagged_filter.fastq.gz, in2=fq_fp1_clmp_fp2_fqscrn/LlA01016_CKDL210012719-1a-AK6260-AK1864_HF5TCDSX2_L1_clmp_fp2_r2.tagged_filter.fastq.gz, out1=fq_fp1_clmp_fp2_fqscrn_repaired/LlA01016_CKDL210012719-1a-AK6260-AK1864_HF5TCDSX2_L1_clmp_fp2_repr.R1.fq.gz, out2=fq_fp1_clmp_fp2_fqscrn_repaired/LlA01016_CKDL210012719-1a-AK6260-AK1864_HF5TCDSX2_L1_clmp_fp2_repr.R2.fq.gz, outs=fq_fp1_clmp_fp2_fqscrn_repaired/orphans/LlA01016_CKDL210012719-1a-AK6260-AK1864_HF5TCDSX2_L1_clmp_fp2_repr.orph.fq, repair]

Set INTERLEAVED to false
Started output stream.

Input:                  	2067269 reads 		244915938 bases.
Result:                 	2067269 reads (100.00%) 	244915938 bases (100.00%)
Pairs:                  	1991542 reads (96.34%) 	236371546 bases (96.51%)
Singletons:             	75727 reads (3.66%) 	8544392 bases (3.49%)

Time:                         	56.428 seconds.
Reads Processed:       2067k 	36.64k reads/sec
Bases Processed:        244m 	4.34m bases/sec
java -ea -Xmx110697m -cp /opt/conda/opt/bbmap-38.90-3/current/ jgi.SplitPairsAndSingles rp in1=fq_fp1_clmp_fp2_fqscrn/LlC01005_CKDL210012719-1a-AK9141-AK4997_HF5TCDSX2_L1_clmp_fp2_r1.tagged_filter.fastq.gz in2=fq_fp1_clmp_fp2_fqscrn/LlC01005_CKDL210012719-1a-AK9141-AK4997_HF5TCDSX2_L1_clmp_fp2_r2.tagged_filter.fastq.gz out1=fq_fp1_clmp_fp2_fqscrn_repaired/LlC01005_CKDL210012719-1a-AK9141-AK4997_HF5TCDSX2_L1_clmp_fp2_repr.R1.fq.gz out2=fq_fp1_clmp_fp2_fqscrn_repaired/LlC01005_CKDL210012719-1a-AK9141-AK4997_HF5TCDSX2_L1_clmp_fp2_repr.R2.fq.gz outs=fq_fp1_clmp_fp2_fqscrn_repaired/orphans/LlC01005_CKDL210012719-1a-AK9141-AK4997_HF5TCDSX2_L1_clmp_fp2_repr.orph.fq repair
Executing jgi.SplitPairsAndSingles [rp, in1=fq_fp1_clmp_fp2_fqscrn/LlC01005_CKDL210012719-1a-AK9141-AK4997_HF5TCDSX2_L1_clmp_fp2_r1.tagged_filter.fastq.gz, in2=fq_fp1_clmp_fp2_fqscrn/LlC01005_CKDL210012719-1a-AK9141-AK4997_HF5TCDSX2_L1_clmp_fp2_r2.tagged_filter.fastq.gz, out1=fq_fp1_clmp_fp2_fqscrn_repaired/LlC01005_CKDL210012719-1a-AK9141-AK4997_HF5TCDSX2_L1_clmp_fp2_repr.R1.fq.gz, out2=fq_fp1_clmp_fp2_fqscrn_repaired/LlC01005_CKDL210012719-1a-AK9141-AK4997_HF5TCDSX2_L1_clmp_fp2_repr.R2.fq.gz, outs=fq_fp1_clmp_fp2_fqscrn_repaired/orphans/LlC01005_CKDL210012719-1a-AK9141-AK4997_HF5TCDSX2_L1_clmp_fp2_repr.orph.fq, repair]

Set INTERLEAVED to false
Started output stream.

Input:                  	2588314 reads 		346954493 bases.
Result:                 	2588314 reads (100.00%) 	346954493 bases (100.00%)
Pairs:                  	2521574 reads (97.42%) 	338049346 bases (97.43%)
Singletons:             	66740 reads (2.58%) 	8905147 bases (2.57%)

Time:                         	72.934 seconds.
Reads Processed:       2588k 	35.49k reads/sec
Bases Processed:        346m 	4.76m bases/sec
java -ea -Xmx116213m -cp /opt/conda/opt/bbmap-38.90-3/current/ jgi.SplitPairsAndSingles rp in1=fq_fp1_clmp_fp2_fqscrn/LlC01002_CKDL210012719-1a-AK3905-AK892_HF5TCDSX2_L1_clmp_fp2_r1.tagged_filter.fastq.gz in2=fq_fp1_clmp_fp2_fqscrn/LlC01002_CKDL210012719-1a-AK3905-AK892_HF5TCDSX2_L1_clmp_fp2_r2.tagged_filter.fastq.gz out1=fq_fp1_clmp_fp2_fqscrn_repaired/LlC01002_CKDL210012719-1a-AK3905-AK892_HF5TCDSX2_L1_clmp_fp2_repr.R1.fq.gz out2=fq_fp1_clmp_fp2_fqscrn_repaired/LlC01002_CKDL210012719-1a-AK3905-AK892_HF5TCDSX2_L1_clmp_fp2_repr.R2.fq.gz outs=fq_fp1_clmp_fp2_fqscrn_repaired/orphans/LlC01002_CKDL210012719-1a-AK3905-AK892_HF5TCDSX2_L1_clmp_fp2_repr.orph.fq repair
Executing jgi.SplitPairsAndSingles [rp, in1=fq_fp1_clmp_fp2_fqscrn/LlC01002_CKDL210012719-1a-AK3905-AK892_HF5TCDSX2_L1_clmp_fp2_r1.tagged_filter.fastq.gz, in2=fq_fp1_clmp_fp2_fqscrn/LlC01002_CKDL210012719-1a-AK3905-AK892_HF5TCDSX2_L1_clmp_fp2_r2.tagged_filter.fastq.gz, out1=fq_fp1_clmp_fp2_fqscrn_repaired/LlC01002_CKDL210012719-1a-AK3905-AK892_HF5TCDSX2_L1_clmp_fp2_repr.R1.fq.gz, out2=fq_fp1_clmp_fp2_fqscrn_repaired/LlC01002_CKDL210012719-1a-AK3905-AK892_HF5TCDSX2_L1_clmp_fp2_repr.R2.fq.gz, outs=fq_fp1_clmp_fp2_fqscrn_repaired/orphans/LlC01002_CKDL210012719-1a-AK3905-AK892_HF5TCDSX2_L1_clmp_fp2_repr.orph.fq, repair]

Set INTERLEAVED to false
Started output stream.

Input:                  	3186600 reads 		424227190 bases.
Result:                 	3186600 reads (100.00%) 	424227190 bases (100.00%)
Pairs:                  	3099368 reads (97.26%) 	412730369 bases (97.29%)
Singletons:             	87232 reads (2.74%) 	11496821 bases (2.71%)

Time:                         	79.065 seconds.
Reads Processed:       3186k 	40.30k reads/sec
Bases Processed:        424m 	5.37m bases/sec
java -ea -Xmx121825m -cp /opt/conda/opt/bbmap-38.90-3/current/ jgi.SplitPairsAndSingles rp in1=fq_fp1_clmp_fp2_fqscrn/LlA01028_CKDL210012719-1a-AK6260-AK7558_HF5TCDSX2_L1_clmp_fp2_r1.tagged_filter.fastq.gz in2=fq_fp1_clmp_fp2_fqscrn/LlA01028_CKDL210012719-1a-AK6260-AK7558_HF5TCDSX2_L1_clmp_fp2_r2.tagged_filter.fastq.gz out1=fq_fp1_clmp_fp2_fqscrn_repaired/LlA01028_CKDL210012719-1a-AK6260-AK7558_HF5TCDSX2_L1_clmp_fp2_repr.R1.fq.gz out2=fq_fp1_clmp_fp2_fqscrn_repaired/LlA01028_CKDL210012719-1a-AK6260-AK7558_HF5TCDSX2_L1_clmp_fp2_repr.R2.fq.gz outs=fq_fp1_clmp_fp2_fqscrn_repaired/orphans/LlA01028_CKDL210012719-1a-AK6260-AK7558_HF5TCDSX2_L1_clmp_fp2_repr.orph.fq repair
Executing jgi.SplitPairsAndSingles [rp, in1=fq_fp1_clmp_fp2_fqscrn/LlA01028_CKDL210012719-1a-AK6260-AK7558_HF5TCDSX2_L1_clmp_fp2_r1.tagged_filter.fastq.gz, in2=fq_fp1_clmp_fp2_fqscrn/LlA01028_CKDL210012719-1a-AK6260-AK7558_HF5TCDSX2_L1_clmp_fp2_r2.tagged_filter.fastq.gz, out1=fq_fp1_clmp_fp2_fqscrn_repaired/LlA01028_CKDL210012719-1a-AK6260-AK7558_HF5TCDSX2_L1_clmp_fp2_repr.R1.fq.gz, out2=fq_fp1_clmp_fp2_fqscrn_repaired/LlA01028_CKDL210012719-1a-AK6260-AK7558_HF5TCDSX2_L1_clmp_fp2_repr.R2.fq.gz, outs=fq_fp1_clmp_fp2_fqscrn_repaired/orphans/LlA01028_CKDL210012719-1a-AK6260-AK7558_HF5TCDSX2_L1_clmp_fp2_repr.orph.fq, repair]

Set INTERLEAVED to false
Started output stream.

Input:                  	3457116 reads 		361384301 bases.
Result:                 	3457116 reads (100.00%) 	361384301 bases (100.00%)
Pairs:                  	3367892 reads (97.42%) 	352653104 bases (97.58%)
Singletons:             	89224 reads (2.58%) 	8731197 bases (2.42%)

Time:                         	85.608 seconds.
Reads Processed:       3457k 	40.38k reads/sec
Bases Processed:        361m 	4.22m bases/sec
java -ea -Xmx160915m -cp /opt/conda/opt/bbmap-38.90-3/current/ jgi.SplitPairsAndSingles rp in1=fq_fp1_clmp_fp2_fqscrn/LlA01008_CKDL210012719-1a-AK7010-AK2587_HF5TCDSX2_L1_clmp_fp2_r1.tagged_filter.fastq.gz in2=fq_fp1_clmp_fp2_fqscrn/LlA01008_CKDL210012719-1a-AK7010-AK2587_HF5TCDSX2_L1_clmp_fp2_r2.tagged_filter.fastq.gz out1=fq_fp1_clmp_fp2_fqscrn_repaired/LlA01008_CKDL210012719-1a-AK7010-AK2587_HF5TCDSX2_L1_clmp_fp2_repr.R1.fq.gz out2=fq_fp1_clmp_fp2_fqscrn_repaired/LlA01008_CKDL210012719-1a-AK7010-AK2587_HF5TCDSX2_L1_clmp_fp2_repr.R2.fq.gz outs=fq_fp1_clmp_fp2_fqscrn_repaired/orphans/LlA01008_CKDL210012719-1a-AK7010-AK2587_HF5TCDSX2_L1_clmp_fp2_repr.orph.fq repair
Executing jgi.SplitPairsAndSingles [rp, in1=fq_fp1_clmp_fp2_fqscrn/LlA01008_CKDL210012719-1a-AK7010-AK2587_HF5TCDSX2_L1_clmp_fp2_r1.tagged_filter.fastq.gz, in2=fq_fp1_clmp_fp2_fqscrn/LlA01008_CKDL210012719-1a-AK7010-AK2587_HF5TCDSX2_L1_clmp_fp2_r2.tagged_filter.fastq.gz, out1=fq_fp1_clmp_fp2_fqscrn_repaired/LlA01008_CKDL210012719-1a-AK7010-AK2587_HF5TCDSX2_L1_clmp_fp2_repr.R1.fq.gz, out2=fq_fp1_clmp_fp2_fqscrn_repaired/LlA01008_CKDL210012719-1a-AK7010-AK2587_HF5TCDSX2_L1_clmp_fp2_repr.R2.fq.gz, outs=fq_fp1_clmp_fp2_fqscrn_repaired/orphans/LlA01008_CKDL210012719-1a-AK7010-AK2587_HF5TCDSX2_L1_clmp_fp2_repr.orph.fq, repair]

Set INTERLEAVED to false
Started output stream.

Input:                  	3501757 reads 		355438722 bases.
Result:                 	3501757 reads (100.00%) 	355438722 bases (100.00%)
Pairs:                  	3406312 reads (97.27%) 	346187910 bases (97.40%)
Singletons:             	95445 reads (2.73%) 	9250812 bases (2.60%)

Time:                         	86.603 seconds.
Reads Processed:       3501k 	40.43k reads/sec
Bases Processed:        355m 	4.10m bases/sec
java -ea -Xmx104895m -cp /opt/conda/opt/bbmap-38.90-3/current/ jgi.SplitPairsAndSingles rp in1=fq_fp1_clmp_fp2_fqscrn/LlC01007_CKDL210012719-1a-AK9142-AK892_HF5TCDSX2_L1_clmp_fp2_r1.tagged_filter.fastq.gz in2=fq_fp1_clmp_fp2_fqscrn/LlC01007_CKDL210012719-1a-AK9142-AK892_HF5TCDSX2_L1_clmp_fp2_r2.tagged_filter.fastq.gz out1=fq_fp1_clmp_fp2_fqscrn_repaired/LlC01007_CKDL210012719-1a-AK9142-AK892_HF5TCDSX2_L1_clmp_fp2_repr.R1.fq.gz out2=fq_fp1_clmp_fp2_fqscrn_repaired/LlC01007_CKDL210012719-1a-AK9142-AK892_HF5TCDSX2_L1_clmp_fp2_repr.R2.fq.gz outs=fq_fp1_clmp_fp2_fqscrn_repaired/orphans/LlC01007_CKDL210012719-1a-AK9142-AK892_HF5TCDSX2_L1_clmp_fp2_repr.orph.fq repair
Executing jgi.SplitPairsAndSingles [rp, in1=fq_fp1_clmp_fp2_fqscrn/LlC01007_CKDL210012719-1a-AK9142-AK892_HF5TCDSX2_L1_clmp_fp2_r1.tagged_filter.fastq.gz, in2=fq_fp1_clmp_fp2_fqscrn/LlC01007_CKDL210012719-1a-AK9142-AK892_HF5TCDSX2_L1_clmp_fp2_r2.tagged_filter.fastq.gz, out1=fq_fp1_clmp_fp2_fqscrn_repaired/LlC01007_CKDL210012719-1a-AK9142-AK892_HF5TCDSX2_L1_clmp_fp2_repr.R1.fq.gz, out2=fq_fp1_clmp_fp2_fqscrn_repaired/LlC01007_CKDL210012719-1a-AK9142-AK892_HF5TCDSX2_L1_clmp_fp2_repr.R2.fq.gz, outs=fq_fp1_clmp_fp2_fqscrn_repaired/orphans/LlC01007_CKDL210012719-1a-AK9142-AK892_HF5TCDSX2_L1_clmp_fp2_repr.orph.fq, repair]

Set INTERLEAVED to false
Started output stream.

Input:                  	3491717 reads 		459802042 bases.
Result:                 	3491717 reads (100.00%) 	459802042 bases (100.00%)
Pairs:                  	3411354 reads (97.70%) 	449323812 bases (97.72%)
Singletons:             	80363 reads (2.30%) 	10478230 bases (2.28%)

Time:                         	91.909 seconds.
Reads Processed:       3491k 	37.99k reads/sec
Bases Processed:        459m 	5.00m bases/sec
java -ea -Xmx106788m -cp /opt/conda/opt/bbmap-38.90-3/current/ jgi.SplitPairsAndSingles rp in1=fq_fp1_clmp_fp2_fqscrn/LlC01008_CKDL210012719-1a-AK9141-AK8544_HF5TCDSX2_L1_clmp_fp2_r1.tagged_filter.fastq.gz in2=fq_fp1_clmp_fp2_fqscrn/LlC01008_CKDL210012719-1a-AK9141-AK8544_HF5TCDSX2_L1_clmp_fp2_r2.tagged_filter.fastq.gz out1=fq_fp1_clmp_fp2_fqscrn_repaired/LlC01008_CKDL210012719-1a-AK9141-AK8544_HF5TCDSX2_L1_clmp_fp2_repr.R1.fq.gz out2=fq_fp1_clmp_fp2_fqscrn_repaired/LlC01008_CKDL210012719-1a-AK9141-AK8544_HF5TCDSX2_L1_clmp_fp2_repr.R2.fq.gz outs=fq_fp1_clmp_fp2_fqscrn_repaired/orphans/LlC01008_CKDL210012719-1a-AK9141-AK8544_HF5TCDSX2_L1_clmp_fp2_repr.orph.fq repair
Executing jgi.SplitPairsAndSingles [rp, in1=fq_fp1_clmp_fp2_fqscrn/LlC01008_CKDL210012719-1a-AK9141-AK8544_HF5TCDSX2_L1_clmp_fp2_r1.tagged_filter.fastq.gz, in2=fq_fp1_clmp_fp2_fqscrn/LlC01008_CKDL210012719-1a-AK9141-AK8544_HF5TCDSX2_L1_clmp_fp2_r2.tagged_filter.fastq.gz, out1=fq_fp1_clmp_fp2_fqscrn_repaired/LlC01008_CKDL210012719-1a-AK9141-AK8544_HF5TCDSX2_L1_clmp_fp2_repr.R1.fq.gz, out2=fq_fp1_clmp_fp2_fqscrn_repaired/LlC01008_CKDL210012719-1a-AK9141-AK8544_HF5TCDSX2_L1_clmp_fp2_repr.R2.fq.gz, outs=fq_fp1_clmp_fp2_fqscrn_repaired/orphans/LlC01008_CKDL210012719-1a-AK9141-AK8544_HF5TCDSX2_L1_clmp_fp2_repr.orph.fq, repair]

Set INTERLEAVED to false
Started output stream.

Input:                  	3920031 reads 		521191713 bases.
Result:                 	3920031 reads (100.00%) 	521191713 bases (100.00%)
Pairs:                  	3810042 reads (97.19%) 	506637206 bases (97.21%)
Singletons:             	109989 reads (2.81%) 	14554507 bases (2.79%)

Time:                         	96.174 seconds.
Reads Processed:       3920k 	40.76k reads/sec
Bases Processed:        521m 	5.42m bases/sec
java -ea -Xmx147522m -cp /opt/conda/opt/bbmap-38.90-3/current/ jgi.SplitPairsAndSingles rp in1=fq_fp1_clmp_fp2_fqscrn/LlA01025_CKDL210012719-1a-AK6881-AK1864_HF5TCDSX2_L1_clmp_fp2_r1.tagged_filter.fastq.gz in2=fq_fp1_clmp_fp2_fqscrn/LlA01025_CKDL210012719-1a-AK6881-AK1864_HF5TCDSX2_L1_clmp_fp2_r2.tagged_filter.fastq.gz out1=fq_fp1_clmp_fp2_fqscrn_repaired/LlA01025_CKDL210012719-1a-AK6881-AK1864_HF5TCDSX2_L1_clmp_fp2_repr.R1.fq.gz out2=fq_fp1_clmp_fp2_fqscrn_repaired/LlA01025_CKDL210012719-1a-AK6881-AK1864_HF5TCDSX2_L1_clmp_fp2_repr.R2.fq.gz outs=fq_fp1_clmp_fp2_fqscrn_repaired/orphans/LlA01025_CKDL210012719-1a-AK6881-AK1864_HF5TCDSX2_L1_clmp_fp2_repr.orph.fq repair
Executing jgi.SplitPairsAndSingles [rp, in1=fq_fp1_clmp_fp2_fqscrn/LlA01025_CKDL210012719-1a-AK6881-AK1864_HF5TCDSX2_L1_clmp_fp2_r1.tagged_filter.fastq.gz, in2=fq_fp1_clmp_fp2_fqscrn/LlA01025_CKDL210012719-1a-AK6881-AK1864_HF5TCDSX2_L1_clmp_fp2_r2.tagged_filter.fastq.gz, out1=fq_fp1_clmp_fp2_fqscrn_repaired/LlA01025_CKDL210012719-1a-AK6881-AK1864_HF5TCDSX2_L1_clmp_fp2_repr.R1.fq.gz, out2=fq_fp1_clmp_fp2_fqscrn_repaired/LlA01025_CKDL210012719-1a-AK6881-AK1864_HF5TCDSX2_L1_clmp_fp2_repr.R2.fq.gz, outs=fq_fp1_clmp_fp2_fqscrn_repaired/orphans/LlA01025_CKDL210012719-1a-AK6881-AK1864_HF5TCDSX2_L1_clmp_fp2_repr.orph.fq, repair]

Set INTERLEAVED to false
Started output stream.

Input:                  	4096541 reads 		437093090 bases.
Result:                 	4096541 reads (100.00%) 	437093090 bases (100.00%)
Pairs:                  	3962648 reads (96.73%) 	423822329 bases (96.96%)
Singletons:             	133893 reads (3.27%) 	13270761 bases (3.04%)

Time:                         	96.573 seconds.
Reads Processed:       4096k 	42.42k reads/sec
Bases Processed:        437m 	4.53m bases/sec
java -ea -Xmx116247m -cp /opt/conda/opt/bbmap-38.90-3/current/ jgi.SplitPairsAndSingles rp in1=fq_fp1_clmp_fp2_fqscrn/LlC01003_CKDL210012719-1a-AK6260-AK33_HF5TCDSX2_L1_clmp_fp2_r1.tagged_filter.fastq.gz in2=fq_fp1_clmp_fp2_fqscrn/LlC01003_CKDL210012719-1a-AK6260-AK33_HF5TCDSX2_L1_clmp_fp2_r2.tagged_filter.fastq.gz out1=fq_fp1_clmp_fp2_fqscrn_repaired/LlC01003_CKDL210012719-1a-AK6260-AK33_HF5TCDSX2_L1_clmp_fp2_repr.R1.fq.gz out2=fq_fp1_clmp_fp2_fqscrn_repaired/LlC01003_CKDL210012719-1a-AK6260-AK33_HF5TCDSX2_L1_clmp_fp2_repr.R2.fq.gz outs=fq_fp1_clmp_fp2_fqscrn_repaired/orphans/LlC01003_CKDL210012719-1a-AK6260-AK33_HF5TCDSX2_L1_clmp_fp2_repr.orph.fq repair
Executing jgi.SplitPairsAndSingles [rp, in1=fq_fp1_clmp_fp2_fqscrn/LlC01003_CKDL210012719-1a-AK6260-AK33_HF5TCDSX2_L1_clmp_fp2_r1.tagged_filter.fastq.gz, in2=fq_fp1_clmp_fp2_fqscrn/LlC01003_CKDL210012719-1a-AK6260-AK33_HF5TCDSX2_L1_clmp_fp2_r2.tagged_filter.fastq.gz, out1=fq_fp1_clmp_fp2_fqscrn_repaired/LlC01003_CKDL210012719-1a-AK6260-AK33_HF5TCDSX2_L1_clmp_fp2_repr.R1.fq.gz, out2=fq_fp1_clmp_fp2_fqscrn_repaired/LlC01003_CKDL210012719-1a-AK6260-AK33_HF5TCDSX2_L1_clmp_fp2_repr.R2.fq.gz, outs=fq_fp1_clmp_fp2_fqscrn_repaired/orphans/LlC01003_CKDL210012719-1a-AK6260-AK33_HF5TCDSX2_L1_clmp_fp2_repr.orph.fq, repair]

Set INTERLEAVED to false
Started output stream.

Input:                  	4039015 reads 		537910404 bases.
Result:                 	4039015 reads (100.00%) 	537910404 bases (100.00%)
Pairs:                  	3934812 reads (97.42%) 	524271220 bases (97.46%)
Singletons:             	104203 reads (2.58%) 	13639184 bases (2.54%)

Time:                         	99.351 seconds.
Reads Processed:       4039k 	40.65k reads/sec
Bases Processed:        537m 	5.41m bases/sec
java -ea -Xmx160955m -cp /opt/conda/opt/bbmap-38.90-3/current/ jgi.SplitPairsAndSingles rp in1=fq_fp1_clmp_fp2_fqscrn/LlA01011_CKDL210012719-1a-5UDI312-7UDI308_HF5TCDSX2_L1_clmp_fp2_r1.tagged_filter.fastq.gz in2=fq_fp1_clmp_fp2_fqscrn/LlA01011_CKDL210012719-1a-5UDI312-7UDI308_HF5TCDSX2_L1_clmp_fp2_r2.tagged_filter.fastq.gz out1=fq_fp1_clmp_fp2_fqscrn_repaired/LlA01011_CKDL210012719-1a-5UDI312-7UDI308_HF5TCDSX2_L1_clmp_fp2_repr.R1.fq.gz out2=fq_fp1_clmp_fp2_fqscrn_repaired/LlA01011_CKDL210012719-1a-5UDI312-7UDI308_HF5TCDSX2_L1_clmp_fp2_repr.R2.fq.gz outs=fq_fp1_clmp_fp2_fqscrn_repaired/orphans/LlA01011_CKDL210012719-1a-5UDI312-7UDI308_HF5TCDSX2_L1_clmp_fp2_repr.orph.fq repair
Executing jgi.SplitPairsAndSingles [rp, in1=fq_fp1_clmp_fp2_fqscrn/LlA01011_CKDL210012719-1a-5UDI312-7UDI308_HF5TCDSX2_L1_clmp_fp2_r1.tagged_filter.fastq.gz, in2=fq_fp1_clmp_fp2_fqscrn/LlA01011_CKDL210012719-1a-5UDI312-7UDI308_HF5TCDSX2_L1_clmp_fp2_r2.tagged_filter.fastq.gz, out1=fq_fp1_clmp_fp2_fqscrn_repaired/LlA01011_CKDL210012719-1a-5UDI312-7UDI308_HF5TCDSX2_L1_clmp_fp2_repr.R1.fq.gz, out2=fq_fp1_clmp_fp2_fqscrn_repaired/LlA01011_CKDL210012719-1a-5UDI312-7UDI308_HF5TCDSX2_L1_clmp_fp2_repr.R2.fq.gz, outs=fq_fp1_clmp_fp2_fqscrn_repaired/orphans/LlA01011_CKDL210012719-1a-5UDI312-7UDI308_HF5TCDSX2_L1_clmp_fp2_repr.orph.fq, repair]

Set INTERLEAVED to false
Started output stream.

Input:                  	3789337 reads 		436350450 bases.
Result:                 	3789337 reads (100.00%) 	436350450 bases (100.00%)
Pairs:                  	3660398 reads (96.60%) 	422284944 bases (96.78%)
Singletons:             	128939 reads (3.40%) 	14065506 bases (3.22%)

Time:                         	100.162 seconds.
Reads Processed:       3789k 	37.83k reads/sec
Bases Processed:        436m 	4.36m bases/sec
java -ea -Xmx116310m -cp /opt/conda/opt/bbmap-38.90-3/current/ jgi.SplitPairsAndSingles rp in1=fq_fp1_clmp_fp2_fqscrn/LlC01001_CKDL210012719-1a-AK6881-7UDI298_HF5TCDSX2_L1_clmp_fp2_r1.tagged_filter.fastq.gz in2=fq_fp1_clmp_fp2_fqscrn/LlC01001_CKDL210012719-1a-AK6881-7UDI298_HF5TCDSX2_L1_clmp_fp2_r2.tagged_filter.fastq.gz out1=fq_fp1_clmp_fp2_fqscrn_repaired/LlC01001_CKDL210012719-1a-AK6881-7UDI298_HF5TCDSX2_L1_clmp_fp2_repr.R1.fq.gz out2=fq_fp1_clmp_fp2_fqscrn_repaired/LlC01001_CKDL210012719-1a-AK6881-7UDI298_HF5TCDSX2_L1_clmp_fp2_repr.R2.fq.gz outs=fq_fp1_clmp_fp2_fqscrn_repaired/orphans/LlC01001_CKDL210012719-1a-AK6881-7UDI298_HF5TCDSX2_L1_clmp_fp2_repr.orph.fq repair
Executing jgi.SplitPairsAndSingles [rp, in1=fq_fp1_clmp_fp2_fqscrn/LlC01001_CKDL210012719-1a-AK6881-7UDI298_HF5TCDSX2_L1_clmp_fp2_r1.tagged_filter.fastq.gz, in2=fq_fp1_clmp_fp2_fqscrn/LlC01001_CKDL210012719-1a-AK6881-7UDI298_HF5TCDSX2_L1_clmp_fp2_r2.tagged_filter.fastq.gz, out1=fq_fp1_clmp_fp2_fqscrn_repaired/LlC01001_CKDL210012719-1a-AK6881-7UDI298_HF5TCDSX2_L1_clmp_fp2_repr.R1.fq.gz, out2=fq_fp1_clmp_fp2_fqscrn_repaired/LlC01001_CKDL210012719-1a-AK6881-7UDI298_HF5TCDSX2_L1_clmp_fp2_repr.R2.fq.gz, outs=fq_fp1_clmp_fp2_fqscrn_repaired/orphans/LlC01001_CKDL210012719-1a-AK6881-7UDI298_HF5TCDSX2_L1_clmp_fp2_repr.orph.fq, repair]

Set INTERLEAVED to false
Started output stream.

Input:                  	4207123 reads 		561620265 bases.
Result:                 	4207123 reads (100.00%) 	561620265 bases (100.00%)
Pairs:                  	4097312 reads (97.39%) 	547223014 bases (97.44%)
Singletons:             	109811 reads (2.61%) 	14397251 bases (2.56%)

Time:                         	103.571 seconds.
Reads Processed:       4207k 	40.62k reads/sec
Bases Processed:        561m 	5.42m bases/sec
java -ea -Xmx160957m -cp /opt/conda/opt/bbmap-38.90-3/current/ jgi.SplitPairsAndSingles rp in1=fq_fp1_clmp_fp2_fqscrn/LlA01020_CKDL210012719-1a-AK7010-GC12_HF5TCDSX2_L1_clmp_fp2_r1.tagged_filter.fastq.gz in2=fq_fp1_clmp_fp2_fqscrn/LlA01020_CKDL210012719-1a-AK7010-GC12_HF5TCDSX2_L1_clmp_fp2_r2.tagged_filter.fastq.gz out1=fq_fp1_clmp_fp2_fqscrn_repaired/LlA01020_CKDL210012719-1a-AK7010-GC12_HF5TCDSX2_L1_clmp_fp2_repr.R1.fq.gz out2=fq_fp1_clmp_fp2_fqscrn_repaired/LlA01020_CKDL210012719-1a-AK7010-GC12_HF5TCDSX2_L1_clmp_fp2_repr.R2.fq.gz outs=fq_fp1_clmp_fp2_fqscrn_repaired/orphans/LlA01020_CKDL210012719-1a-AK7010-GC12_HF5TCDSX2_L1_clmp_fp2_repr.orph.fq repair
Executing jgi.SplitPairsAndSingles [rp, in1=fq_fp1_clmp_fp2_fqscrn/LlA01020_CKDL210012719-1a-AK7010-GC12_HF5TCDSX2_L1_clmp_fp2_r1.tagged_filter.fastq.gz, in2=fq_fp1_clmp_fp2_fqscrn/LlA01020_CKDL210012719-1a-AK7010-GC12_HF5TCDSX2_L1_clmp_fp2_r2.tagged_filter.fastq.gz, out1=fq_fp1_clmp_fp2_fqscrn_repaired/LlA01020_CKDL210012719-1a-AK7010-GC12_HF5TCDSX2_L1_clmp_fp2_repr.R1.fq.gz, out2=fq_fp1_clmp_fp2_fqscrn_repaired/LlA01020_CKDL210012719-1a-AK7010-GC12_HF5TCDSX2_L1_clmp_fp2_repr.R2.fq.gz, outs=fq_fp1_clmp_fp2_fqscrn_repaired/orphans/LlA01020_CKDL210012719-1a-AK7010-GC12_HF5TCDSX2_L1_clmp_fp2_repr.orph.fq, repair]

Set INTERLEAVED to false
Started output stream.

Input:                  	4499373 reads 		479305572 bases.
Result:                 	4499373 reads (100.00%) 	479305572 bases (100.00%)
Pairs:                  	4362448 reads (96.96%) 	465557949 bases (97.13%)
Singletons:             	136925 reads (3.04%) 	13747623 bases (2.87%)

Time:                         	104.284 seconds.
Reads Processed:       4499k 	43.15k reads/sec
Bases Processed:        479m 	4.60m bases/sec
java -ea -Xmx127336m -cp /opt/conda/opt/bbmap-38.90-3/current/ jgi.SplitPairsAndSingles rp in1=fq_fp1_clmp_fp2_fqscrn/LlA01026_CKDL210012719-1a-AK6881-AK2587_HF5TCDSX2_L1_clmp_fp2_r1.tagged_filter.fastq.gz in2=fq_fp1_clmp_fp2_fqscrn/LlA01026_CKDL210012719-1a-AK6881-AK2587_HF5TCDSX2_L1_clmp_fp2_r2.tagged_filter.fastq.gz out1=fq_fp1_clmp_fp2_fqscrn_repaired/LlA01026_CKDL210012719-1a-AK6881-AK2587_HF5TCDSX2_L1_clmp_fp2_repr.R1.fq.gz out2=fq_fp1_clmp_fp2_fqscrn_repaired/LlA01026_CKDL210012719-1a-AK6881-AK2587_HF5TCDSX2_L1_clmp_fp2_repr.R2.fq.gz outs=fq_fp1_clmp_fp2_fqscrn_repaired/orphans/LlA01026_CKDL210012719-1a-AK6881-AK2587_HF5TCDSX2_L1_clmp_fp2_repr.orph.fq repair
Executing jgi.SplitPairsAndSingles [rp, in1=fq_fp1_clmp_fp2_fqscrn/LlA01026_CKDL210012719-1a-AK6881-AK2587_HF5TCDSX2_L1_clmp_fp2_r1.tagged_filter.fastq.gz, in2=fq_fp1_clmp_fp2_fqscrn/LlA01026_CKDL210012719-1a-AK6881-AK2587_HF5TCDSX2_L1_clmp_fp2_r2.tagged_filter.fastq.gz, out1=fq_fp1_clmp_fp2_fqscrn_repaired/LlA01026_CKDL210012719-1a-AK6881-AK2587_HF5TCDSX2_L1_clmp_fp2_repr.R1.fq.gz, out2=fq_fp1_clmp_fp2_fqscrn_repaired/LlA01026_CKDL210012719-1a-AK6881-AK2587_HF5TCDSX2_L1_clmp_fp2_repr.R2.fq.gz, outs=fq_fp1_clmp_fp2_fqscrn_repaired/orphans/LlA01026_CKDL210012719-1a-AK6881-AK2587_HF5TCDSX2_L1_clmp_fp2_repr.orph.fq, repair]

Set INTERLEAVED to false
Started output stream.

Input:                  	4899555 reads 		514162683 bases.
Result:                 	4899555 reads (100.00%) 	514162683 bases (100.00%)
Pairs:                  	4778216 reads (97.52%) 	502140319 bases (97.66%)
Singletons:             	121339 reads (2.48%) 	12022364 bases (2.34%)

Time:                         	105.282 seconds.
Reads Processed:       4899k 	46.54k reads/sec
Bases Processed:        514m 	4.88m bases/sec
java -ea -Xmx132875m -cp /opt/conda/opt/bbmap-38.90-3/current/ jgi.SplitPairsAndSingles rp in1=fq_fp1_clmp_fp2_fqscrn/LlA01027_CKDL210012719-1a-AK6260-7UDI214_HF5TCDSX2_L1_clmp_fp2_r1.tagged_filter.fastq.gz in2=fq_fp1_clmp_fp2_fqscrn/LlA01027_CKDL210012719-1a-AK6260-7UDI214_HF5TCDSX2_L1_clmp_fp2_r2.tagged_filter.fastq.gz out1=fq_fp1_clmp_fp2_fqscrn_repaired/LlA01027_CKDL210012719-1a-AK6260-7UDI214_HF5TCDSX2_L1_clmp_fp2_repr.R1.fq.gz out2=fq_fp1_clmp_fp2_fqscrn_repaired/LlA01027_CKDL210012719-1a-AK6260-7UDI214_HF5TCDSX2_L1_clmp_fp2_repr.R2.fq.gz outs=fq_fp1_clmp_fp2_fqscrn_repaired/orphans/LlA01027_CKDL210012719-1a-AK6260-7UDI214_HF5TCDSX2_L1_clmp_fp2_repr.orph.fq repair
Executing jgi.SplitPairsAndSingles [rp, in1=fq_fp1_clmp_fp2_fqscrn/LlA01027_CKDL210012719-1a-AK6260-7UDI214_HF5TCDSX2_L1_clmp_fp2_r1.tagged_filter.fastq.gz, in2=fq_fp1_clmp_fp2_fqscrn/LlA01027_CKDL210012719-1a-AK6260-7UDI214_HF5TCDSX2_L1_clmp_fp2_r2.tagged_filter.fastq.gz, out1=fq_fp1_clmp_fp2_fqscrn_repaired/LlA01027_CKDL210012719-1a-AK6260-7UDI214_HF5TCDSX2_L1_clmp_fp2_repr.R1.fq.gz, out2=fq_fp1_clmp_fp2_fqscrn_repaired/LlA01027_CKDL210012719-1a-AK6260-7UDI214_HF5TCDSX2_L1_clmp_fp2_repr.R2.fq.gz, outs=fq_fp1_clmp_fp2_fqscrn_repaired/orphans/LlA01027_CKDL210012719-1a-AK6260-7UDI214_HF5TCDSX2_L1_clmp_fp2_repr.orph.fq, repair]

Set INTERLEAVED to false
Started output stream.

Input:                  	5098437 reads 		519651451 bases.
Result:                 	5098437 reads (100.00%) 	519651451 bases (100.00%)
Pairs:                  	4973362 reads (97.55%) 	507611002 bases (97.68%)
Singletons:             	125075 reads (2.45%) 	12040449 bases (2.32%)

Time:                         	109.712 seconds.
Reads Processed:       5098k 	46.47k reads/sec
Bases Processed:        519m 	4.74m bases/sec
java -ea -Xmx112541m -cp /opt/conda/opt/bbmap-38.90-3/current/ jgi.SplitPairsAndSingles rp in1=fq_fp1_clmp_fp2_fqscrn/LlC01004_CKDL210012719-1a-AK7761-AK8544_HF5TCDSX2_L1_clmp_fp2_r1.tagged_filter.fastq.gz in2=fq_fp1_clmp_fp2_fqscrn/LlC01004_CKDL210012719-1a-AK7761-AK8544_HF5TCDSX2_L1_clmp_fp2_r2.tagged_filter.fastq.gz out1=fq_fp1_clmp_fp2_fqscrn_repaired/LlC01004_CKDL210012719-1a-AK7761-AK8544_HF5TCDSX2_L1_clmp_fp2_repr.R1.fq.gz out2=fq_fp1_clmp_fp2_fqscrn_repaired/LlC01004_CKDL210012719-1a-AK7761-AK8544_HF5TCDSX2_L1_clmp_fp2_repr.R2.fq.gz outs=fq_fp1_clmp_fp2_fqscrn_repaired/orphans/LlC01004_CKDL210012719-1a-AK7761-AK8544_HF5TCDSX2_L1_clmp_fp2_repr.orph.fq repair
Executing jgi.SplitPairsAndSingles [rp, in1=fq_fp1_clmp_fp2_fqscrn/LlC01004_CKDL210012719-1a-AK7761-AK8544_HF5TCDSX2_L1_clmp_fp2_r1.tagged_filter.fastq.gz, in2=fq_fp1_clmp_fp2_fqscrn/LlC01004_CKDL210012719-1a-AK7761-AK8544_HF5TCDSX2_L1_clmp_fp2_r2.tagged_filter.fastq.gz, out1=fq_fp1_clmp_fp2_fqscrn_repaired/LlC01004_CKDL210012719-1a-AK7761-AK8544_HF5TCDSX2_L1_clmp_fp2_repr.R1.fq.gz, out2=fq_fp1_clmp_fp2_fqscrn_repaired/LlC01004_CKDL210012719-1a-AK7761-AK8544_HF5TCDSX2_L1_clmp_fp2_repr.R2.fq.gz, outs=fq_fp1_clmp_fp2_fqscrn_repaired/orphans/LlC01004_CKDL210012719-1a-AK7761-AK8544_HF5TCDSX2_L1_clmp_fp2_repr.orph.fq, repair]

Set INTERLEAVED to false
Started output stream.

Input:                  	4723463 reads 		636801553 bases.
Result:                 	4723463 reads (100.00%) 	636801553 bases (100.00%)
Pairs:                  	4584824 reads (97.06%) 	618232423 bases (97.08%)
Singletons:             	138639 reads (2.94%) 	18569130 bases (2.92%)

Time:                         	121.735 seconds.
Reads Processed:       4723k 	38.80k reads/sec
Bases Processed:        636m 	5.23m bases/sec
java -ea -Xmx160955m -cp /opt/conda/opt/bbmap-38.90-3/current/ jgi.SplitPairsAndSingles rp in1=fq_fp1_clmp_fp2_fqscrn/LlA01012_CKDL210012719-1a-5UDI312-GC12_HF5TCDSX2_L1_clmp_fp2_r1.tagged_filter.fastq.gz in2=fq_fp1_clmp_fp2_fqscrn/LlA01012_CKDL210012719-1a-5UDI312-GC12_HF5TCDSX2_L1_clmp_fp2_r2.tagged_filter.fastq.gz out1=fq_fp1_clmp_fp2_fqscrn_repaired/LlA01012_CKDL210012719-1a-5UDI312-GC12_HF5TCDSX2_L1_clmp_fp2_repr.R1.fq.gz out2=fq_fp1_clmp_fp2_fqscrn_repaired/LlA01012_CKDL210012719-1a-5UDI312-GC12_HF5TCDSX2_L1_clmp_fp2_repr.R2.fq.gz outs=fq_fp1_clmp_fp2_fqscrn_repaired/orphans/LlA01012_CKDL210012719-1a-5UDI312-GC12_HF5TCDSX2_L1_clmp_fp2_repr.orph.fq repair
Executing jgi.SplitPairsAndSingles [rp, in1=fq_fp1_clmp_fp2_fqscrn/LlA01012_CKDL210012719-1a-5UDI312-GC12_HF5TCDSX2_L1_clmp_fp2_r1.tagged_filter.fastq.gz, in2=fq_fp1_clmp_fp2_fqscrn/LlA01012_CKDL210012719-1a-5UDI312-GC12_HF5TCDSX2_L1_clmp_fp2_r2.tagged_filter.fastq.gz, out1=fq_fp1_clmp_fp2_fqscrn_repaired/LlA01012_CKDL210012719-1a-5UDI312-GC12_HF5TCDSX2_L1_clmp_fp2_repr.R1.fq.gz, out2=fq_fp1_clmp_fp2_fqscrn_repaired/LlA01012_CKDL210012719-1a-5UDI312-GC12_HF5TCDSX2_L1_clmp_fp2_repr.R2.fq.gz, outs=fq_fp1_clmp_fp2_fqscrn_repaired/orphans/LlA01012_CKDL210012719-1a-5UDI312-GC12_HF5TCDSX2_L1_clmp_fp2_repr.orph.fq, repair]

Set INTERLEAVED to false
Started output stream.

Input:                  	5016995 reads 		580230274 bases.
Result:                 	5016995 reads (100.00%) 	580230274 bases (100.00%)
Pairs:                  	4824322 reads (96.16%) 	559479046 bases (96.42%)
Singletons:             	192673 reads (3.84%) 	20751228 bases (3.58%)

Time:                         	124.043 seconds.
Reads Processed:       5016k 	40.45k reads/sec
Bases Processed:        580m 	4.68m bases/sec
java -ea -Xmx157163m -cp /opt/conda/opt/bbmap-38.90-3/current/ jgi.SplitPairsAndSingles rp in1=fq_fp1_clmp_fp2_fqscrn/LlA01024_CKDL210012719-1a-5UDI312-7UDI246_HF5TCDSX2_L1_clmp_fp2_r1.tagged_filter.fastq.gz in2=fq_fp1_clmp_fp2_fqscrn/LlA01024_CKDL210012719-1a-5UDI312-7UDI246_HF5TCDSX2_L1_clmp_fp2_r2.tagged_filter.fastq.gz out1=fq_fp1_clmp_fp2_fqscrn_repaired/LlA01024_CKDL210012719-1a-5UDI312-7UDI246_HF5TCDSX2_L1_clmp_fp2_repr.R1.fq.gz out2=fq_fp1_clmp_fp2_fqscrn_repaired/LlA01024_CKDL210012719-1a-5UDI312-7UDI246_HF5TCDSX2_L1_clmp_fp2_repr.R2.fq.gz outs=fq_fp1_clmp_fp2_fqscrn_repaired/orphans/LlA01024_CKDL210012719-1a-5UDI312-7UDI246_HF5TCDSX2_L1_clmp_fp2_repr.orph.fq repair
Executing jgi.SplitPairsAndSingles [rp, in1=fq_fp1_clmp_fp2_fqscrn/LlA01024_CKDL210012719-1a-5UDI312-7UDI246_HF5TCDSX2_L1_clmp_fp2_r1.tagged_filter.fastq.gz, in2=fq_fp1_clmp_fp2_fqscrn/LlA01024_CKDL210012719-1a-5UDI312-7UDI246_HF5TCDSX2_L1_clmp_fp2_r2.tagged_filter.fastq.gz, out1=fq_fp1_clmp_fp2_fqscrn_repaired/LlA01024_CKDL210012719-1a-5UDI312-7UDI246_HF5TCDSX2_L1_clmp_fp2_repr.R1.fq.gz, out2=fq_fp1_clmp_fp2_fqscrn_repaired/LlA01024_CKDL210012719-1a-5UDI312-7UDI246_HF5TCDSX2_L1_clmp_fp2_repr.R2.fq.gz, outs=fq_fp1_clmp_fp2_fqscrn_repaired/orphans/LlA01024_CKDL210012719-1a-5UDI312-7UDI246_HF5TCDSX2_L1_clmp_fp2_repr.orph.fq, repair]

Set INTERLEAVED to false
Started output stream.

Input:                  	5419618 reads 		620649761 bases.
Result:                 	5419618 reads (100.00%) 	620649761 bases (100.00%)
Pairs:                  	5215558 reads (96.23%) 	598720433 bases (96.47%)
Singletons:             	204060 reads (3.77%) 	21929328 bases (3.53%)

Time:                         	124.616 seconds.
Reads Processed:       5419k 	43.49k reads/sec
Bases Processed:        620m 	4.98m bases/sec
java -ea -Xmx160949m -cp /opt/conda/opt/bbmap-38.90-3/current/ jgi.SplitPairsAndSingles rp in1=fq_fp1_clmp_fp2_fqscrn/LlA01007_CKDL210012719-1a-AK7010-AK1864_HF5TCDSX2_L1_clmp_fp2_r1.tagged_filter.fastq.gz in2=fq_fp1_clmp_fp2_fqscrn/LlA01007_CKDL210012719-1a-AK7010-AK1864_HF5TCDSX2_L1_clmp_fp2_r2.tagged_filter.fastq.gz out1=fq_fp1_clmp_fp2_fqscrn_repaired/LlA01007_CKDL210012719-1a-AK7010-AK1864_HF5TCDSX2_L1_clmp_fp2_repr.R1.fq.gz out2=fq_fp1_clmp_fp2_fqscrn_repaired/LlA01007_CKDL210012719-1a-AK7010-AK1864_HF5TCDSX2_L1_clmp_fp2_repr.R2.fq.gz outs=fq_fp1_clmp_fp2_fqscrn_repaired/orphans/LlA01007_CKDL210012719-1a-AK7010-AK1864_HF5TCDSX2_L1_clmp_fp2_repr.orph.fq repair
Executing jgi.SplitPairsAndSingles [rp, in1=fq_fp1_clmp_fp2_fqscrn/LlA01007_CKDL210012719-1a-AK7010-AK1864_HF5TCDSX2_L1_clmp_fp2_r1.tagged_filter.fastq.gz, in2=fq_fp1_clmp_fp2_fqscrn/LlA01007_CKDL210012719-1a-AK7010-AK1864_HF5TCDSX2_L1_clmp_fp2_r2.tagged_filter.fastq.gz, out1=fq_fp1_clmp_fp2_fqscrn_repaired/LlA01007_CKDL210012719-1a-AK7010-AK1864_HF5TCDSX2_L1_clmp_fp2_repr.R1.fq.gz, out2=fq_fp1_clmp_fp2_fqscrn_repaired/LlA01007_CKDL210012719-1a-AK7010-AK1864_HF5TCDSX2_L1_clmp_fp2_repr.R2.fq.gz, outs=fq_fp1_clmp_fp2_fqscrn_repaired/orphans/LlA01007_CKDL210012719-1a-AK7010-AK1864_HF5TCDSX2_L1_clmp_fp2_repr.orph.fq, repair]

Set INTERLEAVED to false
Started output stream.

Input:                  	5584109 reads 		593304721 bases.
Result:                 	5584109 reads (100.00%) 	593304721 bases (100.00%)
Pairs:                  	5425914 reads (97.17%) 	577269400 bases (97.30%)
Singletons:             	158195 reads (2.83%) 	16035321 bases (2.70%)

Time:                         	131.229 seconds.
Reads Processed:       5584k 	42.55k reads/sec
Bases Processed:        593m 	4.52m bases/sec
java -ea -Xmx160957m -cp /opt/conda/opt/bbmap-38.90-3/current/ jgi.SplitPairsAndSingles rp in1=fq_fp1_clmp_fp2_fqscrn/LlA01022_CKDL210012719-1a-5UDI312-AK7558_HF5TCDSX2_L1_clmp_fp2_r1.tagged_filter.fastq.gz in2=fq_fp1_clmp_fp2_fqscrn/LlA01022_CKDL210012719-1a-5UDI312-AK7558_HF5TCDSX2_L1_clmp_fp2_r2.tagged_filter.fastq.gz out1=fq_fp1_clmp_fp2_fqscrn_repaired/LlA01022_CKDL210012719-1a-5UDI312-AK7558_HF5TCDSX2_L1_clmp_fp2_repr.R1.fq.gz out2=fq_fp1_clmp_fp2_fqscrn_repaired/LlA01022_CKDL210012719-1a-5UDI312-AK7558_HF5TCDSX2_L1_clmp_fp2_repr.R2.fq.gz outs=fq_fp1_clmp_fp2_fqscrn_repaired/orphans/LlA01022_CKDL210012719-1a-5UDI312-AK7558_HF5TCDSX2_L1_clmp_fp2_repr.orph.fq repair
Executing jgi.SplitPairsAndSingles [rp, in1=fq_fp1_clmp_fp2_fqscrn/LlA01022_CKDL210012719-1a-5UDI312-AK7558_HF5TCDSX2_L1_clmp_fp2_r1.tagged_filter.fastq.gz, in2=fq_fp1_clmp_fp2_fqscrn/LlA01022_CKDL210012719-1a-5UDI312-AK7558_HF5TCDSX2_L1_clmp_fp2_r2.tagged_filter.fastq.gz, out1=fq_fp1_clmp_fp2_fqscrn_repaired/LlA01022_CKDL210012719-1a-5UDI312-AK7558_HF5TCDSX2_L1_clmp_fp2_repr.R1.fq.gz, out2=fq_fp1_clmp_fp2_fqscrn_repaired/LlA01022_CKDL210012719-1a-5UDI312-AK7558_HF5TCDSX2_L1_clmp_fp2_repr.R2.fq.gz, outs=fq_fp1_clmp_fp2_fqscrn_repaired/orphans/LlA01022_CKDL210012719-1a-5UDI312-AK7558_HF5TCDSX2_L1_clmp_fp2_repr.orph.fq, repair]

Set INTERLEAVED to false
Started output stream.

Input:                  	6063191 reads 		659378758 bases.
Result:                 	6063191 reads (100.00%) 	659378758 bases (100.00%)
Pairs:                  	5872600 reads (96.86%) 	639523908 bases (96.99%)
Singletons:             	190591 reads (3.14%) 	19854850 bases (3.01%)

Time:                         	132.267 seconds.
Reads Processed:       6063k 	45.84k reads/sec
Bases Processed:        659m 	4.99m bases/sec
java -ea -Xmx49073m -cp /opt/conda/opt/bbmap-38.90-3/current/ jgi.SplitPairsAndSingles rp in1=fq_fp1_clmp_fp2_fqscrn/LlC01009_CKDL210012719-1a-AK8410-7UDI298_HF5TCDSX2_L1_clmp_fp2_r1.tagged_filter.fastq.gz in2=fq_fp1_clmp_fp2_fqscrn/LlC01009_CKDL210012719-1a-AK8410-7UDI298_HF5TCDSX2_L1_clmp_fp2_r2.tagged_filter.fastq.gz out1=fq_fp1_clmp_fp2_fqscrn_repaired/LlC01009_CKDL210012719-1a-AK8410-7UDI298_HF5TCDSX2_L1_clmp_fp2_repr.R1.fq.gz out2=fq_fp1_clmp_fp2_fqscrn_repaired/LlC01009_CKDL210012719-1a-AK8410-7UDI298_HF5TCDSX2_L1_clmp_fp2_repr.R2.fq.gz outs=fq_fp1_clmp_fp2_fqscrn_repaired/orphans/LlC01009_CKDL210012719-1a-AK8410-7UDI298_HF5TCDSX2_L1_clmp_fp2_repr.orph.fq repair
Executing jgi.SplitPairsAndSingles [rp, in1=fq_fp1_clmp_fp2_fqscrn/LlC01009_CKDL210012719-1a-AK8410-7UDI298_HF5TCDSX2_L1_clmp_fp2_r1.tagged_filter.fastq.gz, in2=fq_fp1_clmp_fp2_fqscrn/LlC01009_CKDL210012719-1a-AK8410-7UDI298_HF5TCDSX2_L1_clmp_fp2_r2.tagged_filter.fastq.gz, out1=fq_fp1_clmp_fp2_fqscrn_repaired/LlC01009_CKDL210012719-1a-AK8410-7UDI298_HF5TCDSX2_L1_clmp_fp2_repr.R1.fq.gz, out2=fq_fp1_clmp_fp2_fqscrn_repaired/LlC01009_CKDL210012719-1a-AK8410-7UDI298_HF5TCDSX2_L1_clmp_fp2_repr.R2.fq.gz, outs=fq_fp1_clmp_fp2_fqscrn_repaired/orphans/LlC01009_CKDL210012719-1a-AK8410-7UDI298_HF5TCDSX2_L1_clmp_fp2_repr.orph.fq, repair]

Set INTERLEAVED to false
Started output stream.

Input:                  	4695976 reads 		607910337 bases.
Result:                 	4695976 reads (100.00%) 	607910337 bases (100.00%)
Pairs:                  	4592496 reads (97.80%) 	594630008 bases (97.82%)
Singletons:             	103480 reads (2.20%) 	13280329 bases (2.18%)

Time:                         	102.088 seconds.
Reads Processed:       4695k 	46.00k reads/sec
Bases Processed:        607m 	5.95m bases/sec
java -ea -Xmx160955m -cp /opt/conda/opt/bbmap-38.90-3/current/ jgi.SplitPairsAndSingles rp in1=fq_fp1_clmp_fp2_fqscrn/LlA01009_CKDL210012719-1a-5UDI312-7UDI214_HF5TCDSX2_L1_clmp_fp2_r1.tagged_filter.fastq.gz in2=fq_fp1_clmp_fp2_fqscrn/LlA01009_CKDL210012719-1a-5UDI312-7UDI214_HF5TCDSX2_L1_clmp_fp2_r2.tagged_filter.fastq.gz out1=fq_fp1_clmp_fp2_fqscrn_repaired/LlA01009_CKDL210012719-1a-5UDI312-7UDI214_HF5TCDSX2_L1_clmp_fp2_repr.R1.fq.gz out2=fq_fp1_clmp_fp2_fqscrn_repaired/LlA01009_CKDL210012719-1a-5UDI312-7UDI214_HF5TCDSX2_L1_clmp_fp2_repr.R2.fq.gz outs=fq_fp1_clmp_fp2_fqscrn_repaired/orphans/LlA01009_CKDL210012719-1a-5UDI312-7UDI214_HF5TCDSX2_L1_clmp_fp2_repr.orph.fq repair
Executing jgi.SplitPairsAndSingles [rp, in1=fq_fp1_clmp_fp2_fqscrn/LlA01009_CKDL210012719-1a-5UDI312-7UDI214_HF5TCDSX2_L1_clmp_fp2_r1.tagged_filter.fastq.gz, in2=fq_fp1_clmp_fp2_fqscrn/LlA01009_CKDL210012719-1a-5UDI312-7UDI214_HF5TCDSX2_L1_clmp_fp2_r2.tagged_filter.fastq.gz, out1=fq_fp1_clmp_fp2_fqscrn_repaired/LlA01009_CKDL210012719-1a-5UDI312-7UDI214_HF5TCDSX2_L1_clmp_fp2_repr.R1.fq.gz, out2=fq_fp1_clmp_fp2_fqscrn_repaired/LlA01009_CKDL210012719-1a-5UDI312-7UDI214_HF5TCDSX2_L1_clmp_fp2_repr.R2.fq.gz, outs=fq_fp1_clmp_fp2_fqscrn_repaired/orphans/LlA01009_CKDL210012719-1a-5UDI312-7UDI214_HF5TCDSX2_L1_clmp_fp2_repr.orph.fq, repair]

Set INTERLEAVED to false
Started output stream.

Input:                  	6220216 reads 		660428505 bases.
Result:                 	6220216 reads (100.00%) 	660428505 bases (100.00%)
Pairs:                  	6035334 reads (97.03%) 	641654295 bases (97.16%)
Singletons:             	184882 reads (2.97%) 	18774210 bases (2.84%)

Time:                         	139.564 seconds.
Reads Processed:       6220k 	44.57k reads/sec
Bases Processed:        660m 	4.73m bases/sec
java -ea -Xmx121825m -cp /opt/conda/opt/bbmap-38.90-3/current/ jgi.SplitPairsAndSingles rp in1=fq_fp1_clmp_fp2_fqscrn/LlA01029_CKDL210012719-1a-AK6260-GC12_HF5TCDSX2_L1_clmp_fp2_r1.tagged_filter.fastq.gz in2=fq_fp1_clmp_fp2_fqscrn/LlA01029_CKDL210012719-1a-AK6260-GC12_HF5TCDSX2_L1_clmp_fp2_r2.tagged_filter.fastq.gz out1=fq_fp1_clmp_fp2_fqscrn_repaired/LlA01029_CKDL210012719-1a-AK6260-GC12_HF5TCDSX2_L1_clmp_fp2_repr.R1.fq.gz out2=fq_fp1_clmp_fp2_fqscrn_repaired/LlA01029_CKDL210012719-1a-AK6260-GC12_HF5TCDSX2_L1_clmp_fp2_repr.R2.fq.gz outs=fq_fp1_clmp_fp2_fqscrn_repaired/orphans/LlA01029_CKDL210012719-1a-AK6260-GC12_HF5TCDSX2_L1_clmp_fp2_repr.orph.fq repair
Executing jgi.SplitPairsAndSingles [rp, in1=fq_fp1_clmp_fp2_fqscrn/LlA01029_CKDL210012719-1a-AK6260-GC12_HF5TCDSX2_L1_clmp_fp2_r1.tagged_filter.fastq.gz, in2=fq_fp1_clmp_fp2_fqscrn/LlA01029_CKDL210012719-1a-AK6260-GC12_HF5TCDSX2_L1_clmp_fp2_r2.tagged_filter.fastq.gz, out1=fq_fp1_clmp_fp2_fqscrn_repaired/LlA01029_CKDL210012719-1a-AK6260-GC12_HF5TCDSX2_L1_clmp_fp2_repr.R1.fq.gz, out2=fq_fp1_clmp_fp2_fqscrn_repaired/LlA01029_CKDL210012719-1a-AK6260-GC12_HF5TCDSX2_L1_clmp_fp2_repr.R2.fq.gz, outs=fq_fp1_clmp_fp2_fqscrn_repaired/orphans/LlA01029_CKDL210012719-1a-AK6260-GC12_HF5TCDSX2_L1_clmp_fp2_repr.orph.fq, repair]

Set INTERLEAVED to false
Started output stream.

Input:                  	6208942 reads 		674084857 bases.
Result:                 	6208942 reads (100.00%) 	674084857 bases (100.00%)
Pairs:                  	6018436 reads (96.93%) 	654661692 bases (97.12%)
Singletons:             	190506 reads (3.07%) 	19423165 bases (2.88%)

Time:                         	140.070 seconds.
Reads Processed:       6208k 	44.33k reads/sec
Bases Processed:        674m 	4.81m bases/sec
java -ea -Xmx160957m -cp /opt/conda/opt/bbmap-38.90-3/current/ jgi.SplitPairsAndSingles rp in1=fq_fp1_clmp_fp2_fqscrn/LlA01021_CKDL210012719-1a-5UDI312-AK4971_HF5TCDSX2_L1_clmp_fp2_r1.tagged_filter.fastq.gz in2=fq_fp1_clmp_fp2_fqscrn/LlA01021_CKDL210012719-1a-5UDI312-AK4971_HF5TCDSX2_L1_clmp_fp2_r2.tagged_filter.fastq.gz out1=fq_fp1_clmp_fp2_fqscrn_repaired/LlA01021_CKDL210012719-1a-5UDI312-AK4971_HF5TCDSX2_L1_clmp_fp2_repr.R1.fq.gz out2=fq_fp1_clmp_fp2_fqscrn_repaired/LlA01021_CKDL210012719-1a-5UDI312-AK4971_HF5TCDSX2_L1_clmp_fp2_repr.R2.fq.gz outs=fq_fp1_clmp_fp2_fqscrn_repaired/orphans/LlA01021_CKDL210012719-1a-5UDI312-AK4971_HF5TCDSX2_L1_clmp_fp2_repr.orph.fq repair
Executing jgi.SplitPairsAndSingles [rp, in1=fq_fp1_clmp_fp2_fqscrn/LlA01021_CKDL210012719-1a-5UDI312-AK4971_HF5TCDSX2_L1_clmp_fp2_r1.tagged_filter.fastq.gz, in2=fq_fp1_clmp_fp2_fqscrn/LlA01021_CKDL210012719-1a-5UDI312-AK4971_HF5TCDSX2_L1_clmp_fp2_r2.tagged_filter.fastq.gz, out1=fq_fp1_clmp_fp2_fqscrn_repaired/LlA01021_CKDL210012719-1a-5UDI312-AK4971_HF5TCDSX2_L1_clmp_fp2_repr.R1.fq.gz, out2=fq_fp1_clmp_fp2_fqscrn_repaired/LlA01021_CKDL210012719-1a-5UDI312-AK4971_HF5TCDSX2_L1_clmp_fp2_repr.R2.fq.gz, outs=fq_fp1_clmp_fp2_fqscrn_repaired/orphans/LlA01021_CKDL210012719-1a-5UDI312-AK4971_HF5TCDSX2_L1_clmp_fp2_repr.orph.fq, repair]

Set INTERLEAVED to false
Started output stream.

Input:                  	6822971 reads 		700497393 bases.
Result:                 	6822971 reads (100.00%) 	700497393 bases (100.00%)
Pairs:                  	6626994 reads (97.13%) 	681394486 bases (97.27%)
Singletons:             	195977 reads (2.87%) 	19102907 bases (2.73%)

Time:                         	143.045 seconds.
Reads Processed:       6822k 	47.70k reads/sec
Bases Processed:        700m 	4.90m bases/sec
java -ea -Xmx160915m -cp /opt/conda/opt/bbmap-38.90-3/current/ jgi.SplitPairsAndSingles rp in1=fq_fp1_clmp_fp2_fqscrn/LlA01002_CKDL210012719-1a-AK6881-AK7558_HF5TCDSX2_L1_clmp_fp2_r1.tagged_filter.fastq.gz in2=fq_fp1_clmp_fp2_fqscrn/LlA01002_CKDL210012719-1a-AK6881-AK7558_HF5TCDSX2_L1_clmp_fp2_r2.tagged_filter.fastq.gz out1=fq_fp1_clmp_fp2_fqscrn_repaired/LlA01002_CKDL210012719-1a-AK6881-AK7558_HF5TCDSX2_L1_clmp_fp2_repr.R1.fq.gz out2=fq_fp1_clmp_fp2_fqscrn_repaired/LlA01002_CKDL210012719-1a-AK6881-AK7558_HF5TCDSX2_L1_clmp_fp2_repr.R2.fq.gz outs=fq_fp1_clmp_fp2_fqscrn_repaired/orphans/LlA01002_CKDL210012719-1a-AK6881-AK7558_HF5TCDSX2_L1_clmp_fp2_repr.orph.fq repair
Executing jgi.SplitPairsAndSingles [rp, in1=fq_fp1_clmp_fp2_fqscrn/LlA01002_CKDL210012719-1a-AK6881-AK7558_HF5TCDSX2_L1_clmp_fp2_r1.tagged_filter.fastq.gz, in2=fq_fp1_clmp_fp2_fqscrn/LlA01002_CKDL210012719-1a-AK6881-AK7558_HF5TCDSX2_L1_clmp_fp2_r2.tagged_filter.fastq.gz, out1=fq_fp1_clmp_fp2_fqscrn_repaired/LlA01002_CKDL210012719-1a-AK6881-AK7558_HF5TCDSX2_L1_clmp_fp2_repr.R1.fq.gz, out2=fq_fp1_clmp_fp2_fqscrn_repaired/LlA01002_CKDL210012719-1a-AK6881-AK7558_HF5TCDSX2_L1_clmp_fp2_repr.R2.fq.gz, outs=fq_fp1_clmp_fp2_fqscrn_repaired/orphans/LlA01002_CKDL210012719-1a-AK6881-AK7558_HF5TCDSX2_L1_clmp_fp2_repr.orph.fq, repair]

Set INTERLEAVED to false
Started output stream.

Input:                  	6284933 reads 		696947008 bases.
Result:                 	6284933 reads (100.00%) 	696947008 bases (100.00%)
Pairs:                  	6105378 reads (97.14%) 	678271733 bases (97.32%)
Singletons:             	179555 reads (2.86%) 	18675275 bases (2.68%)

Time:                         	143.091 seconds.
Reads Processed:       6284k 	43.92k reads/sec
Bases Processed:        696m 	4.87m bases/sec
java -ea -Xmx118197m -cp /opt/conda/opt/bbmap-38.90-3/current/ jgi.SplitPairsAndSingles rp in1=fq_fp1_clmp_fp2_fqscrn/LlA01030_CKDL210012719-1a-AK7010-AK4971_HF5TCDSX2_L1_clmp_fp2_r1.tagged_filter.fastq.gz in2=fq_fp1_clmp_fp2_fqscrn/LlA01030_CKDL210012719-1a-AK7010-AK4971_HF5TCDSX2_L1_clmp_fp2_r2.tagged_filter.fastq.gz out1=fq_fp1_clmp_fp2_fqscrn_repaired/LlA01030_CKDL210012719-1a-AK7010-AK4971_HF5TCDSX2_L1_clmp_fp2_repr.R1.fq.gz out2=fq_fp1_clmp_fp2_fqscrn_repaired/LlA01030_CKDL210012719-1a-AK7010-AK4971_HF5TCDSX2_L1_clmp_fp2_repr.R2.fq.gz outs=fq_fp1_clmp_fp2_fqscrn_repaired/orphans/LlA01030_CKDL210012719-1a-AK7010-AK4971_HF5TCDSX2_L1_clmp_fp2_repr.orph.fq repair
Executing jgi.SplitPairsAndSingles [rp, in1=fq_fp1_clmp_fp2_fqscrn/LlA01030_CKDL210012719-1a-AK7010-AK4971_HF5TCDSX2_L1_clmp_fp2_r1.tagged_filter.fastq.gz, in2=fq_fp1_clmp_fp2_fqscrn/LlA01030_CKDL210012719-1a-AK7010-AK4971_HF5TCDSX2_L1_clmp_fp2_r2.tagged_filter.fastq.gz, out1=fq_fp1_clmp_fp2_fqscrn_repaired/LlA01030_CKDL210012719-1a-AK7010-AK4971_HF5TCDSX2_L1_clmp_fp2_repr.R1.fq.gz, out2=fq_fp1_clmp_fp2_fqscrn_repaired/LlA01030_CKDL210012719-1a-AK7010-AK4971_HF5TCDSX2_L1_clmp_fp2_repr.R2.fq.gz, outs=fq_fp1_clmp_fp2_fqscrn_repaired/orphans/LlA01030_CKDL210012719-1a-AK7010-AK4971_HF5TCDSX2_L1_clmp_fp2_repr.orph.fq, repair]

Set INTERLEAVED to false
Started output stream.

Input:                  	6578404 reads 		698629848 bases.
Result:                 	6578404 reads (100.00%) 	698629848 bases (100.00%)
Pairs:                  	6355302 reads (96.61%) 	676460330 bases (96.83%)
Singletons:             	223102 reads (3.39%) 	22169518 bases (3.17%)

Time:                         	148.816 seconds.
Reads Processed:       6578k 	44.20k reads/sec
Bases Processed:        698m 	4.69m bases/sec
java -ea -Xmx160957m -cp /opt/conda/opt/bbmap-38.90-3/current/ jgi.SplitPairsAndSingles rp in1=fq_fp1_clmp_fp2_fqscrn/LlA01019_CKDL210012719-1a-AK7010-AK7558_HF5TCDSX2_L1_clmp_fp2_r1.tagged_filter.fastq.gz in2=fq_fp1_clmp_fp2_fqscrn/LlA01019_CKDL210012719-1a-AK7010-AK7558_HF5TCDSX2_L1_clmp_fp2_r2.tagged_filter.fastq.gz out1=fq_fp1_clmp_fp2_fqscrn_repaired/LlA01019_CKDL210012719-1a-AK7010-AK7558_HF5TCDSX2_L1_clmp_fp2_repr.R1.fq.gz out2=fq_fp1_clmp_fp2_fqscrn_repaired/LlA01019_CKDL210012719-1a-AK7010-AK7558_HF5TCDSX2_L1_clmp_fp2_repr.R2.fq.gz outs=fq_fp1_clmp_fp2_fqscrn_repaired/orphans/LlA01019_CKDL210012719-1a-AK7010-AK7558_HF5TCDSX2_L1_clmp_fp2_repr.orph.fq repair
Executing jgi.SplitPairsAndSingles [rp, in1=fq_fp1_clmp_fp2_fqscrn/LlA01019_CKDL210012719-1a-AK7010-AK7558_HF5TCDSX2_L1_clmp_fp2_r1.tagged_filter.fastq.gz, in2=fq_fp1_clmp_fp2_fqscrn/LlA01019_CKDL210012719-1a-AK7010-AK7558_HF5TCDSX2_L1_clmp_fp2_r2.tagged_filter.fastq.gz, out1=fq_fp1_clmp_fp2_fqscrn_repaired/LlA01019_CKDL210012719-1a-AK7010-AK7558_HF5TCDSX2_L1_clmp_fp2_repr.R1.fq.gz, out2=fq_fp1_clmp_fp2_fqscrn_repaired/LlA01019_CKDL210012719-1a-AK7010-AK7558_HF5TCDSX2_L1_clmp_fp2_repr.R2.fq.gz, outs=fq_fp1_clmp_fp2_fqscrn_repaired/orphans/LlA01019_CKDL210012719-1a-AK7010-AK7558_HF5TCDSX2_L1_clmp_fp2_repr.orph.fq, repair]

Set INTERLEAVED to false
Started output stream.

Input:                  	6818442 reads 		664946871 bases.
Result:                 	6818442 reads (100.00%) 	664946871 bases (100.00%)
Pairs:                  	6618272 reads (97.06%) 	646546253 bases (97.23%)
Singletons:             	200170 reads (2.94%) 	18400618 bases (2.77%)

Time:                         	149.178 seconds.
Reads Processed:       6818k 	45.71k reads/sec
Bases Processed:        664m 	4.46m bases/sec
java -ea -Xmx39705m -cp /opt/conda/opt/bbmap-38.90-3/current/ jgi.SplitPairsAndSingles rp in1=fq_fp1_clmp_fp2_fqscrn/LlC01010_CKDL210012719-1a-AK7010-AK892_HF5TCDSX2_L1_clmp_fp2_r1.tagged_filter.fastq.gz in2=fq_fp1_clmp_fp2_fqscrn/LlC01010_CKDL210012719-1a-AK7010-AK892_HF5TCDSX2_L1_clmp_fp2_r2.tagged_filter.fastq.gz out1=fq_fp1_clmp_fp2_fqscrn_repaired/LlC01010_CKDL210012719-1a-AK7010-AK892_HF5TCDSX2_L1_clmp_fp2_repr.R1.fq.gz out2=fq_fp1_clmp_fp2_fqscrn_repaired/LlC01010_CKDL210012719-1a-AK7010-AK892_HF5TCDSX2_L1_clmp_fp2_repr.R2.fq.gz outs=fq_fp1_clmp_fp2_fqscrn_repaired/orphans/LlC01010_CKDL210012719-1a-AK7010-AK892_HF5TCDSX2_L1_clmp_fp2_repr.orph.fq repair
Executing jgi.SplitPairsAndSingles [rp, in1=fq_fp1_clmp_fp2_fqscrn/LlC01010_CKDL210012719-1a-AK7010-AK892_HF5TCDSX2_L1_clmp_fp2_r1.tagged_filter.fastq.gz, in2=fq_fp1_clmp_fp2_fqscrn/LlC01010_CKDL210012719-1a-AK7010-AK892_HF5TCDSX2_L1_clmp_fp2_r2.tagged_filter.fastq.gz, out1=fq_fp1_clmp_fp2_fqscrn_repaired/LlC01010_CKDL210012719-1a-AK7010-AK892_HF5TCDSX2_L1_clmp_fp2_repr.R1.fq.gz, out2=fq_fp1_clmp_fp2_fqscrn_repaired/LlC01010_CKDL210012719-1a-AK7010-AK892_HF5TCDSX2_L1_clmp_fp2_repr.R2.fq.gz, outs=fq_fp1_clmp_fp2_fqscrn_repaired/orphans/LlC01010_CKDL210012719-1a-AK7010-AK892_HF5TCDSX2_L1_clmp_fp2_repr.orph.fq, repair]

Set INTERLEAVED to false
Started output stream.

Input:                  	3417400 reads 		451433031 bases.
Result:                 	3417400 reads (100.00%) 	451433031 bases (100.00%)
Pairs:                  	3327694 reads (97.38%) 	439713950 bases (97.40%)
Singletons:             	89706 reads (2.62%) 	11719081 bases (2.60%)

Time:                         	84.126 seconds.
Reads Processed:       3417k 	40.62k reads/sec
Bases Processed:        451m 	5.37m bases/sec
java -ea -Xmx35182m -cp /opt/conda/opt/bbmap-38.90-3/current/ jgi.SplitPairsAndSingles rp in1=fq_fp1_clmp_fp2_fqscrn/LlC01011_CKDL210012719-1a-AK9141-AK9148_HF5TCDSX2_L1_clmp_fp2_r1.tagged_filter.fastq.gz in2=fq_fp1_clmp_fp2_fqscrn/LlC01011_CKDL210012719-1a-AK9141-AK9148_HF5TCDSX2_L1_clmp_fp2_r2.tagged_filter.fastq.gz out1=fq_fp1_clmp_fp2_fqscrn_repaired/LlC01011_CKDL210012719-1a-AK9141-AK9148_HF5TCDSX2_L1_clmp_fp2_repr.R1.fq.gz out2=fq_fp1_clmp_fp2_fqscrn_repaired/LlC01011_CKDL210012719-1a-AK9141-AK9148_HF5TCDSX2_L1_clmp_fp2_repr.R2.fq.gz outs=fq_fp1_clmp_fp2_fqscrn_repaired/orphans/LlC01011_CKDL210012719-1a-AK9141-AK9148_HF5TCDSX2_L1_clmp_fp2_repr.orph.fq repair
Executing jgi.SplitPairsAndSingles [rp, in1=fq_fp1_clmp_fp2_fqscrn/LlC01011_CKDL210012719-1a-AK9141-AK9148_HF5TCDSX2_L1_clmp_fp2_r1.tagged_filter.fastq.gz, in2=fq_fp1_clmp_fp2_fqscrn/LlC01011_CKDL210012719-1a-AK9141-AK9148_HF5TCDSX2_L1_clmp_fp2_r2.tagged_filter.fastq.gz, out1=fq_fp1_clmp_fp2_fqscrn_repaired/LlC01011_CKDL210012719-1a-AK9141-AK9148_HF5TCDSX2_L1_clmp_fp2_repr.R1.fq.gz, out2=fq_fp1_clmp_fp2_fqscrn_repaired/LlC01011_CKDL210012719-1a-AK9141-AK9148_HF5TCDSX2_L1_clmp_fp2_repr.R2.fq.gz, outs=fq_fp1_clmp_fp2_fqscrn_repaired/orphans/LlC01011_CKDL210012719-1a-AK9141-AK9148_HF5TCDSX2_L1_clmp_fp2_repr.orph.fq, repair]

Set INTERLEAVED to false
Started output stream.

Input:                  	3230038 reads 		431419681 bases.
Result:                 	3230038 reads (100.00%) 	431419681 bases (100.00%)
Pairs:                  	3140454 reads (97.23%) 	419588825 bases (97.26%)
Singletons:             	89584 reads (2.77%) 	11830856 bases (2.74%)

Time:                         	76.138 seconds.
Reads Processed:       3230k 	42.42k reads/sec
Bases Processed:        431m 	5.67m bases/sec
java -ea -Xmx160949m -cp /opt/conda/opt/bbmap-38.90-3/current/ jgi.SplitPairsAndSingles rp in1=fq_fp1_clmp_fp2_fqscrn/LlA01001_CKDL210012719-1a-AK6881-7UDI214_HF5TCDSX2_L1_clmp_fp2_r1.tagged_filter.fastq.gz in2=fq_fp1_clmp_fp2_fqscrn/LlA01001_CKDL210012719-1a-AK6881-7UDI214_HF5TCDSX2_L1_clmp_fp2_r2.tagged_filter.fastq.gz out1=fq_fp1_clmp_fp2_fqscrn_repaired/LlA01001_CKDL210012719-1a-AK6881-7UDI214_HF5TCDSX2_L1_clmp_fp2_repr.R1.fq.gz out2=fq_fp1_clmp_fp2_fqscrn_repaired/LlA01001_CKDL210012719-1a-AK6881-7UDI214_HF5TCDSX2_L1_clmp_fp2_repr.R2.fq.gz outs=fq_fp1_clmp_fp2_fqscrn_repaired/orphans/LlA01001_CKDL210012719-1a-AK6881-7UDI214_HF5TCDSX2_L1_clmp_fp2_repr.orph.fq repair
Executing jgi.SplitPairsAndSingles [rp, in1=fq_fp1_clmp_fp2_fqscrn/LlA01001_CKDL210012719-1a-AK6881-7UDI214_HF5TCDSX2_L1_clmp_fp2_r1.tagged_filter.fastq.gz, in2=fq_fp1_clmp_fp2_fqscrn/LlA01001_CKDL210012719-1a-AK6881-7UDI214_HF5TCDSX2_L1_clmp_fp2_r2.tagged_filter.fastq.gz, out1=fq_fp1_clmp_fp2_fqscrn_repaired/LlA01001_CKDL210012719-1a-AK6881-7UDI214_HF5TCDSX2_L1_clmp_fp2_repr.R1.fq.gz, out2=fq_fp1_clmp_fp2_fqscrn_repaired/LlA01001_CKDL210012719-1a-AK6881-7UDI214_HF5TCDSX2_L1_clmp_fp2_repr.R2.fq.gz, outs=fq_fp1_clmp_fp2_fqscrn_repaired/orphans/LlA01001_CKDL210012719-1a-AK6881-7UDI214_HF5TCDSX2_L1_clmp_fp2_repr.orph.fq, repair]

Set INTERLEAVED to false
Started output stream.

Input:                  	6432279 reads 		711326048 bases.
Result:                 	6432279 reads (100.00%) 	711326048 bases (100.00%)
Pairs:                  	6238830 reads (96.99%) 	691148477 bases (97.16%)
Singletons:             	193449 reads (3.01%) 	20177571 bases (2.84%)

Time:                         	155.438 seconds.
Reads Processed:       6432k 	41.38k reads/sec
Bases Processed:        711m 	4.58m bases/sec
java -ea -Xmx36005m -cp /opt/conda/opt/bbmap-38.90-3/current/ jgi.SplitPairsAndSingles rp in1=fq_fp1_clmp_fp2_fqscrn/LlC01013_CKDL210012719-1a-AK9141-7UDI227_HF5TCDSX2_L1_clmp_fp2_r1.tagged_filter.fastq.gz in2=fq_fp1_clmp_fp2_fqscrn/LlC01013_CKDL210012719-1a-AK9141-7UDI227_HF5TCDSX2_L1_clmp_fp2_r2.tagged_filter.fastq.gz out1=fq_fp1_clmp_fp2_fqscrn_repaired/LlC01013_CKDL210012719-1a-AK9141-7UDI227_HF5TCDSX2_L1_clmp_fp2_repr.R1.fq.gz out2=fq_fp1_clmp_fp2_fqscrn_repaired/LlC01013_CKDL210012719-1a-AK9141-7UDI227_HF5TCDSX2_L1_clmp_fp2_repr.R2.fq.gz outs=fq_fp1_clmp_fp2_fqscrn_repaired/orphans/LlC01013_CKDL210012719-1a-AK9141-7UDI227_HF5TCDSX2_L1_clmp_fp2_repr.orph.fq repair
Executing jgi.SplitPairsAndSingles [rp, in1=fq_fp1_clmp_fp2_fqscrn/LlC01013_CKDL210012719-1a-AK9141-7UDI227_HF5TCDSX2_L1_clmp_fp2_r1.tagged_filter.fastq.gz, in2=fq_fp1_clmp_fp2_fqscrn/LlC01013_CKDL210012719-1a-AK9141-7UDI227_HF5TCDSX2_L1_clmp_fp2_r2.tagged_filter.fastq.gz, out1=fq_fp1_clmp_fp2_fqscrn_repaired/LlC01013_CKDL210012719-1a-AK9141-7UDI227_HF5TCDSX2_L1_clmp_fp2_repr.R1.fq.gz, out2=fq_fp1_clmp_fp2_fqscrn_repaired/LlC01013_CKDL210012719-1a-AK9141-7UDI227_HF5TCDSX2_L1_clmp_fp2_repr.R2.fq.gz, outs=fq_fp1_clmp_fp2_fqscrn_repaired/orphans/LlC01013_CKDL210012719-1a-AK9141-7UDI227_HF5TCDSX2_L1_clmp_fp2_repr.orph.fq, repair]

Set INTERLEAVED to false
Started output stream.

Input:                  	3198834 reads 		420430938 bases.
Result:                 	3198834 reads (100.00%) 	420430938 bases (100.00%)
Pairs:                  	3123878 reads (97.66%) 	410661385 bases (97.68%)
Singletons:             	74956 reads (2.34%) 	9769553 bases (2.32%)

Time:                         	70.943 seconds.
Reads Processed:       3198k 	45.09k reads/sec
Bases Processed:        420m 	5.93m bases/sec
java -ea -Xmx119967m -cp /opt/conda/opt/bbmap-38.90-3/current/ jgi.SplitPairsAndSingles rp in1=fq_fp1_clmp_fp2_fqscrn/LlA01032_CKDL210012719-1a-AK7010-7UDI246_HF5TCDSX2_L1_clmp_fp2_r1.tagged_filter.fastq.gz in2=fq_fp1_clmp_fp2_fqscrn/LlA01032_CKDL210012719-1a-AK7010-7UDI246_HF5TCDSX2_L1_clmp_fp2_r2.tagged_filter.fastq.gz out1=fq_fp1_clmp_fp2_fqscrn_repaired/LlA01032_CKDL210012719-1a-AK7010-7UDI246_HF5TCDSX2_L1_clmp_fp2_repr.R1.fq.gz out2=fq_fp1_clmp_fp2_fqscrn_repaired/LlA01032_CKDL210012719-1a-AK7010-7UDI246_HF5TCDSX2_L1_clmp_fp2_repr.R2.fq.gz outs=fq_fp1_clmp_fp2_fqscrn_repaired/orphans/LlA01032_CKDL210012719-1a-AK7010-7UDI246_HF5TCDSX2_L1_clmp_fp2_repr.orph.fq repair
Executing jgi.SplitPairsAndSingles [rp, in1=fq_fp1_clmp_fp2_fqscrn/LlA01032_CKDL210012719-1a-AK7010-7UDI246_HF5TCDSX2_L1_clmp_fp2_r1.tagged_filter.fastq.gz, in2=fq_fp1_clmp_fp2_fqscrn/LlA01032_CKDL210012719-1a-AK7010-7UDI246_HF5TCDSX2_L1_clmp_fp2_r2.tagged_filter.fastq.gz, out1=fq_fp1_clmp_fp2_fqscrn_repaired/LlA01032_CKDL210012719-1a-AK7010-7UDI246_HF5TCDSX2_L1_clmp_fp2_repr.R1.fq.gz, out2=fq_fp1_clmp_fp2_fqscrn_repaired/LlA01032_CKDL210012719-1a-AK7010-7UDI246_HF5TCDSX2_L1_clmp_fp2_repr.R2.fq.gz, outs=fq_fp1_clmp_fp2_fqscrn_repaired/orphans/LlA01032_CKDL210012719-1a-AK7010-7UDI246_HF5TCDSX2_L1_clmp_fp2_repr.orph.fq, repair]

Set INTERLEAVED to false
Started output stream.

Input:                  	7352626 reads 		753349212 bases.
Result:                 	7352626 reads (100.00%) 	753349212 bases (100.00%)
Pairs:                  	7127114 reads (96.93%) 	731606690 bases (97.11%)
Singletons:             	225512 reads (3.07%) 	21742522 bases (2.89%)

Time:                         	161.073 seconds.
Reads Processed:       7352k 	45.65k reads/sec
Bases Processed:        753m 	4.68m bases/sec
java -ea -Xmx160856m -cp /opt/conda/opt/bbmap-38.90-3/current/ jgi.SplitPairsAndSingles rp in1=fq_fp1_clmp_fp2_fqscrn/LlA01023_CKDL210012719-1a-5UDI312-AK2587_HF5TCDSX2_L1_clmp_fp2_r1.tagged_filter.fastq.gz in2=fq_fp1_clmp_fp2_fqscrn/LlA01023_CKDL210012719-1a-5UDI312-AK2587_HF5TCDSX2_L1_clmp_fp2_r2.tagged_filter.fastq.gz out1=fq_fp1_clmp_fp2_fqscrn_repaired/LlA01023_CKDL210012719-1a-5UDI312-AK2587_HF5TCDSX2_L1_clmp_fp2_repr.R1.fq.gz out2=fq_fp1_clmp_fp2_fqscrn_repaired/LlA01023_CKDL210012719-1a-5UDI312-AK2587_HF5TCDSX2_L1_clmp_fp2_repr.R2.fq.gz outs=fq_fp1_clmp_fp2_fqscrn_repaired/orphans/LlA01023_CKDL210012719-1a-5UDI312-AK2587_HF5TCDSX2_L1_clmp_fp2_repr.orph.fq repair
Executing jgi.SplitPairsAndSingles [rp, in1=fq_fp1_clmp_fp2_fqscrn/LlA01023_CKDL210012719-1a-5UDI312-AK2587_HF5TCDSX2_L1_clmp_fp2_r1.tagged_filter.fastq.gz, in2=fq_fp1_clmp_fp2_fqscrn/LlA01023_CKDL210012719-1a-5UDI312-AK2587_HF5TCDSX2_L1_clmp_fp2_r2.tagged_filter.fastq.gz, out1=fq_fp1_clmp_fp2_fqscrn_repaired/LlA01023_CKDL210012719-1a-5UDI312-AK2587_HF5TCDSX2_L1_clmp_fp2_repr.R1.fq.gz, out2=fq_fp1_clmp_fp2_fqscrn_repaired/LlA01023_CKDL210012719-1a-5UDI312-AK2587_HF5TCDSX2_L1_clmp_fp2_repr.R2.fq.gz, outs=fq_fp1_clmp_fp2_fqscrn_repaired/orphans/LlA01023_CKDL210012719-1a-5UDI312-AK2587_HF5TCDSX2_L1_clmp_fp2_repr.orph.fq, repair]

Set INTERLEAVED to false
Started output stream.

Input:                  	7066103 reads 		784370482 bases.
Result:                 	7066103 reads (100.00%) 	784370482 bases (100.00%)
Pairs:                  	6806026 reads (96.32%) 	757273047 bases (96.55%)
Singletons:             	260077 reads (3.68%) 	27097435 bases (3.45%)

Time:                         	163.017 seconds.
Reads Processed:       7066k 	43.35k reads/sec
Bases Processed:        784m 	4.81m bases/sec
java -ea -Xmx44699m -cp /opt/conda/opt/bbmap-38.90-3/current/ jgi.SplitPairsAndSingles rp in1=fq_fp1_clmp_fp2_fqscrn/LlC01026_CKDL210012719-1a-AK6881-AK9148_HF5TCDSX2_L1_clmp_fp2_r1.tagged_filter.fastq.gz in2=fq_fp1_clmp_fp2_fqscrn/LlC01026_CKDL210012719-1a-AK6881-AK9148_HF5TCDSX2_L1_clmp_fp2_r2.tagged_filter.fastq.gz out1=fq_fp1_clmp_fp2_fqscrn_repaired/LlC01026_CKDL210012719-1a-AK6881-AK9148_HF5TCDSX2_L1_clmp_fp2_repr.R1.fq.gz out2=fq_fp1_clmp_fp2_fqscrn_repaired/LlC01026_CKDL210012719-1a-AK6881-AK9148_HF5TCDSX2_L1_clmp_fp2_repr.R2.fq.gz outs=fq_fp1_clmp_fp2_fqscrn_repaired/orphans/LlC01026_CKDL210012719-1a-AK6881-AK9148_HF5TCDSX2_L1_clmp_fp2_repr.orph.fq repair
Executing jgi.SplitPairsAndSingles [rp, in1=fq_fp1_clmp_fp2_fqscrn/LlC01026_CKDL210012719-1a-AK6881-AK9148_HF5TCDSX2_L1_clmp_fp2_r1.tagged_filter.fastq.gz, in2=fq_fp1_clmp_fp2_fqscrn/LlC01026_CKDL210012719-1a-AK6881-AK9148_HF5TCDSX2_L1_clmp_fp2_r2.tagged_filter.fastq.gz, out1=fq_fp1_clmp_fp2_fqscrn_repaired/LlC01026_CKDL210012719-1a-AK6881-AK9148_HF5TCDSX2_L1_clmp_fp2_repr.R1.fq.gz, out2=fq_fp1_clmp_fp2_fqscrn_repaired/LlC01026_CKDL210012719-1a-AK6881-AK9148_HF5TCDSX2_L1_clmp_fp2_repr.R2.fq.gz, outs=fq_fp1_clmp_fp2_fqscrn_repaired/orphans/LlC01026_CKDL210012719-1a-AK6881-AK9148_HF5TCDSX2_L1_clmp_fp2_repr.orph.fq, repair]

Set INTERLEAVED to false
Started output stream.

Input:                  	1555960 reads 		204295596 bases.
Result:                 	1555960 reads (100.00%) 	204295596 bases (100.00%)
Pairs:                  	1514462 reads (97.33%) 	198891001 bases (97.35%)
Singletons:             	41498 reads (2.67%) 	5404595 bases (2.65%)

Time:                         	40.939 seconds.
Reads Processed:       1555k 	38.01k reads/sec
Bases Processed:        204m 	4.99m bases/sec
java -ea -Xmx160955m -cp /opt/conda/opt/bbmap-38.90-3/current/ jgi.SplitPairsAndSingles rp in1=fq_fp1_clmp_fp2_fqscrn/LlA01014_CKDL210012719-1a-AK6881-7UDI308_HF5TCDSX2_L1_clmp_fp2_r1.tagged_filter.fastq.gz in2=fq_fp1_clmp_fp2_fqscrn/LlA01014_CKDL210012719-1a-AK6881-7UDI308_HF5TCDSX2_L1_clmp_fp2_r2.tagged_filter.fastq.gz out1=fq_fp1_clmp_fp2_fqscrn_repaired/LlA01014_CKDL210012719-1a-AK6881-7UDI308_HF5TCDSX2_L1_clmp_fp2_repr.R1.fq.gz out2=fq_fp1_clmp_fp2_fqscrn_repaired/LlA01014_CKDL210012719-1a-AK6881-7UDI308_HF5TCDSX2_L1_clmp_fp2_repr.R2.fq.gz outs=fq_fp1_clmp_fp2_fqscrn_repaired/orphans/LlA01014_CKDL210012719-1a-AK6881-7UDI308_HF5TCDSX2_L1_clmp_fp2_repr.orph.fq repair
Executing jgi.SplitPairsAndSingles [rp, in1=fq_fp1_clmp_fp2_fqscrn/LlA01014_CKDL210012719-1a-AK6881-7UDI308_HF5TCDSX2_L1_clmp_fp2_r1.tagged_filter.fastq.gz, in2=fq_fp1_clmp_fp2_fqscrn/LlA01014_CKDL210012719-1a-AK6881-7UDI308_HF5TCDSX2_L1_clmp_fp2_r2.tagged_filter.fastq.gz, out1=fq_fp1_clmp_fp2_fqscrn_repaired/LlA01014_CKDL210012719-1a-AK6881-7UDI308_HF5TCDSX2_L1_clmp_fp2_repr.R1.fq.gz, out2=fq_fp1_clmp_fp2_fqscrn_repaired/LlA01014_CKDL210012719-1a-AK6881-7UDI308_HF5TCDSX2_L1_clmp_fp2_repr.R2.fq.gz, outs=fq_fp1_clmp_fp2_fqscrn_repaired/orphans/LlA01014_CKDL210012719-1a-AK6881-7UDI308_HF5TCDSX2_L1_clmp_fp2_repr.orph.fq, repair]

Set INTERLEAVED to false
Started output stream.

Input:                  	8235638 reads 		885555338 bases.
Result:                 	8235638 reads (100.00%) 	885555338 bases (100.00%)
Pairs:                  	7964746 reads (96.71%) 	858224996 bases (96.91%)
Singletons:             	270892 reads (3.29%) 	27330342 bases (3.09%)

Time:                         	170.633 seconds.
Reads Processed:       8235k 	48.27k reads/sec
Bases Processed:        885m 	5.19m bases/sec
java -ea -Xmx38063m -cp /opt/conda/opt/bbmap-38.90-3/current/ jgi.SplitPairsAndSingles rp in1=fq_fp1_clmp_fp2_fqscrn/LlC01019_CKDL210012719-1a-AK9142-7UDI298_HF5TCDSX2_L1_clmp_fp2_r1.tagged_filter.fastq.gz in2=fq_fp1_clmp_fp2_fqscrn/LlC01019_CKDL210012719-1a-AK9142-7UDI298_HF5TCDSX2_L1_clmp_fp2_r2.tagged_filter.fastq.gz out1=fq_fp1_clmp_fp2_fqscrn_repaired/LlC01019_CKDL210012719-1a-AK9142-7UDI298_HF5TCDSX2_L1_clmp_fp2_repr.R1.fq.gz out2=fq_fp1_clmp_fp2_fqscrn_repaired/LlC01019_CKDL210012719-1a-AK9142-7UDI298_HF5TCDSX2_L1_clmp_fp2_repr.R2.fq.gz outs=fq_fp1_clmp_fp2_fqscrn_repaired/orphans/LlC01019_CKDL210012719-1a-AK9142-7UDI298_HF5TCDSX2_L1_clmp_fp2_repr.orph.fq repair
Executing jgi.SplitPairsAndSingles [rp, in1=fq_fp1_clmp_fp2_fqscrn/LlC01019_CKDL210012719-1a-AK9142-7UDI298_HF5TCDSX2_L1_clmp_fp2_r1.tagged_filter.fastq.gz, in2=fq_fp1_clmp_fp2_fqscrn/LlC01019_CKDL210012719-1a-AK9142-7UDI298_HF5TCDSX2_L1_clmp_fp2_r2.tagged_filter.fastq.gz, out1=fq_fp1_clmp_fp2_fqscrn_repaired/LlC01019_CKDL210012719-1a-AK9142-7UDI298_HF5TCDSX2_L1_clmp_fp2_repr.R1.fq.gz, out2=fq_fp1_clmp_fp2_fqscrn_repaired/LlC01019_CKDL210012719-1a-AK9142-7UDI298_HF5TCDSX2_L1_clmp_fp2_repr.R2.fq.gz, outs=fq_fp1_clmp_fp2_fqscrn_repaired/orphans/LlC01019_CKDL210012719-1a-AK9142-7UDI298_HF5TCDSX2_L1_clmp_fp2_repr.orph.fq, repair]

Set INTERLEAVED to false
Started output stream.

Input:                  	2926529 reads 		388022981 bases.
Result:                 	2926529 reads (100.00%) 	388022981 bases (100.00%)
Pairs:                  	2853020 reads (97.49%) 	378359987 bases (97.51%)
Singletons:             	73509 reads (2.51%) 	9662994 bases (2.49%)

Time:                         	70.031 seconds.
Reads Processed:       2926k 	41.79k reads/sec
Bases Processed:        388m 	5.54m bases/sec
java -ea -Xmx160915m -cp /opt/conda/opt/bbmap-38.90-3/current/ jgi.SplitPairsAndSingles rp in1=fq_fp1_clmp_fp2_fqscrn/LlA01015_CKDL210012719-1a-AK6881-7UDI246_HF5TCDSX2_L1_clmp_fp2_r1.tagged_filter.fastq.gz in2=fq_fp1_clmp_fp2_fqscrn/LlA01015_CKDL210012719-1a-AK6881-7UDI246_HF5TCDSX2_L1_clmp_fp2_r2.tagged_filter.fastq.gz out1=fq_fp1_clmp_fp2_fqscrn_repaired/LlA01015_CKDL210012719-1a-AK6881-7UDI246_HF5TCDSX2_L1_clmp_fp2_repr.R1.fq.gz out2=fq_fp1_clmp_fp2_fqscrn_repaired/LlA01015_CKDL210012719-1a-AK6881-7UDI246_HF5TCDSX2_L1_clmp_fp2_repr.R2.fq.gz outs=fq_fp1_clmp_fp2_fqscrn_repaired/orphans/LlA01015_CKDL210012719-1a-AK6881-7UDI246_HF5TCDSX2_L1_clmp_fp2_repr.orph.fq repair
Executing jgi.SplitPairsAndSingles [rp, in1=fq_fp1_clmp_fp2_fqscrn/LlA01015_CKDL210012719-1a-AK6881-7UDI246_HF5TCDSX2_L1_clmp_fp2_r1.tagged_filter.fastq.gz, in2=fq_fp1_clmp_fp2_fqscrn/LlA01015_CKDL210012719-1a-AK6881-7UDI246_HF5TCDSX2_L1_clmp_fp2_r2.tagged_filter.fastq.gz, out1=fq_fp1_clmp_fp2_fqscrn_repaired/LlA01015_CKDL210012719-1a-AK6881-7UDI246_HF5TCDSX2_L1_clmp_fp2_repr.R1.fq.gz, out2=fq_fp1_clmp_fp2_fqscrn_repaired/LlA01015_CKDL210012719-1a-AK6881-7UDI246_HF5TCDSX2_L1_clmp_fp2_repr.R2.fq.gz, outs=fq_fp1_clmp_fp2_fqscrn_repaired/orphans/LlA01015_CKDL210012719-1a-AK6881-7UDI246_HF5TCDSX2_L1_clmp_fp2_repr.orph.fq, repair]

Set INTERLEAVED to false
Started output stream.

Input:                  	8317088 reads 		867251519 bases.
Result:                 	8317088 reads (100.00%) 	867251519 bases (100.00%)
Pairs:                  	8045718 reads (96.74%) 	840651749 bases (96.93%)
Singletons:             	271370 reads (3.26%) 	26599770 bases (3.07%)

Time:                         	173.372 seconds.
Reads Processed:       8317k 	47.97k reads/sec
Bases Processed:        867m 	5.00m bases/sec
java -ea -Xmx160915m -cp /opt/conda/opt/bbmap-38.90-3/current/ jgi.SplitPairsAndSingles rp in1=fq_fp1_clmp_fp2_fqscrn/LlA01005_CKDL210012719-1a-AK6260-7UDI308_HF5TCDSX2_L1_clmp_fp2_r1.tagged_filter.fastq.gz in2=fq_fp1_clmp_fp2_fqscrn/LlA01005_CKDL210012719-1a-AK6260-7UDI308_HF5TCDSX2_L1_clmp_fp2_r2.tagged_filter.fastq.gz out1=fq_fp1_clmp_fp2_fqscrn_repaired/LlA01005_CKDL210012719-1a-AK6260-7UDI308_HF5TCDSX2_L1_clmp_fp2_repr.R1.fq.gz out2=fq_fp1_clmp_fp2_fqscrn_repaired/LlA01005_CKDL210012719-1a-AK6260-7UDI308_HF5TCDSX2_L1_clmp_fp2_repr.R2.fq.gz outs=fq_fp1_clmp_fp2_fqscrn_repaired/orphans/LlA01005_CKDL210012719-1a-AK6260-7UDI308_HF5TCDSX2_L1_clmp_fp2_repr.orph.fq repair
Executing jgi.SplitPairsAndSingles [rp, in1=fq_fp1_clmp_fp2_fqscrn/LlA01005_CKDL210012719-1a-AK6260-7UDI308_HF5TCDSX2_L1_clmp_fp2_r1.tagged_filter.fastq.gz, in2=fq_fp1_clmp_fp2_fqscrn/LlA01005_CKDL210012719-1a-AK6260-7UDI308_HF5TCDSX2_L1_clmp_fp2_r2.tagged_filter.fastq.gz, out1=fq_fp1_clmp_fp2_fqscrn_repaired/LlA01005_CKDL210012719-1a-AK6260-7UDI308_HF5TCDSX2_L1_clmp_fp2_repr.R1.fq.gz, out2=fq_fp1_clmp_fp2_fqscrn_repaired/LlA01005_CKDL210012719-1a-AK6260-7UDI308_HF5TCDSX2_L1_clmp_fp2_repr.R2.fq.gz, outs=fq_fp1_clmp_fp2_fqscrn_repaired/orphans/LlA01005_CKDL210012719-1a-AK6260-7UDI308_HF5TCDSX2_L1_clmp_fp2_repr.orph.fq, repair]

Set INTERLEAVED to false
Started output stream.

Input:                  	7927558 reads 		844772019 bases.
Result:                 	7927558 reads (100.00%) 	844772019 bases (100.00%)
Pairs:                  	7679474 reads (96.87%) 	820132251 bases (97.08%)
Singletons:             	248084 reads (3.13%) 	24639768 bases (2.92%)

Time:                         	176.824 seconds.
Reads Processed:       7927k 	44.83k reads/sec
Bases Processed:        844m 	4.78m bases/sec
java -ea -Xmx35616m -cp /opt/conda/opt/bbmap-38.90-3/current/ jgi.SplitPairsAndSingles rp in1=fq_fp1_clmp_fp2_fqscrn/LlC01015_CKDL210012719-1a-AK6260-AK4997_HF5TCDSX2_L1_clmp_fp2_r1.tagged_filter.fastq.gz in2=fq_fp1_clmp_fp2_fqscrn/LlC01015_CKDL210012719-1a-AK6260-AK4997_HF5TCDSX2_L1_clmp_fp2_r2.tagged_filter.fastq.gz out1=fq_fp1_clmp_fp2_fqscrn_repaired/LlC01015_CKDL210012719-1a-AK6260-AK4997_HF5TCDSX2_L1_clmp_fp2_repr.R1.fq.gz out2=fq_fp1_clmp_fp2_fqscrn_repaired/LlC01015_CKDL210012719-1a-AK6260-AK4997_HF5TCDSX2_L1_clmp_fp2_repr.R2.fq.gz outs=fq_fp1_clmp_fp2_fqscrn_repaired/orphans/LlC01015_CKDL210012719-1a-AK6260-AK4997_HF5TCDSX2_L1_clmp_fp2_repr.orph.fq repair
Executing jgi.SplitPairsAndSingles [rp, in1=fq_fp1_clmp_fp2_fqscrn/LlC01015_CKDL210012719-1a-AK6260-AK4997_HF5TCDSX2_L1_clmp_fp2_r1.tagged_filter.fastq.gz, in2=fq_fp1_clmp_fp2_fqscrn/LlC01015_CKDL210012719-1a-AK6260-AK4997_HF5TCDSX2_L1_clmp_fp2_r2.tagged_filter.fastq.gz, out1=fq_fp1_clmp_fp2_fqscrn_repaired/LlC01015_CKDL210012719-1a-AK6260-AK4997_HF5TCDSX2_L1_clmp_fp2_repr.R1.fq.gz, out2=fq_fp1_clmp_fp2_fqscrn_repaired/LlC01015_CKDL210012719-1a-AK6260-AK4997_HF5TCDSX2_L1_clmp_fp2_repr.R2.fq.gz, outs=fq_fp1_clmp_fp2_fqscrn_repaired/orphans/LlC01015_CKDL210012719-1a-AK6260-AK4997_HF5TCDSX2_L1_clmp_fp2_repr.orph.fq, repair]

Set INTERLEAVED to false
Started output stream.

Input:                  	3774612 reads 		488724877 bases.
Result:                 	3774612 reads (100.00%) 	488724877 bases (100.00%)
Pairs:                  	3684802 reads (97.62%) 	477363314 bases (97.68%)
Singletons:             	89810 reads (2.38%) 	11361563 bases (2.32%)

Time:                         	88.287 seconds.
Reads Processed:       3774k 	42.75k reads/sec
Bases Processed:        488m 	5.54m bases/sec
java -ea -Xmx160915m -cp /opt/conda/opt/bbmap-38.90-3/current/ jgi.SplitPairsAndSingles rp in1=fq_fp1_clmp_fp2_fqscrn/LlA01004_CKDL210012719-1a-AK6260-AK4971_HF5TCDSX2_L1_clmp_fp2_r1.tagged_filter.fastq.gz in2=fq_fp1_clmp_fp2_fqscrn/LlA01004_CKDL210012719-1a-AK6260-AK4971_HF5TCDSX2_L1_clmp_fp2_r2.tagged_filter.fastq.gz out1=fq_fp1_clmp_fp2_fqscrn_repaired/LlA01004_CKDL210012719-1a-AK6260-AK4971_HF5TCDSX2_L1_clmp_fp2_repr.R1.fq.gz out2=fq_fp1_clmp_fp2_fqscrn_repaired/LlA01004_CKDL210012719-1a-AK6260-AK4971_HF5TCDSX2_L1_clmp_fp2_repr.R2.fq.gz outs=fq_fp1_clmp_fp2_fqscrn_repaired/orphans/LlA01004_CKDL210012719-1a-AK6260-AK4971_HF5TCDSX2_L1_clmp_fp2_repr.orph.fq repair
Executing jgi.SplitPairsAndSingles [rp, in1=fq_fp1_clmp_fp2_fqscrn/LlA01004_CKDL210012719-1a-AK6260-AK4971_HF5TCDSX2_L1_clmp_fp2_r1.tagged_filter.fastq.gz, in2=fq_fp1_clmp_fp2_fqscrn/LlA01004_CKDL210012719-1a-AK6260-AK4971_HF5TCDSX2_L1_clmp_fp2_r2.tagged_filter.fastq.gz, out1=fq_fp1_clmp_fp2_fqscrn_repaired/LlA01004_CKDL210012719-1a-AK6260-AK4971_HF5TCDSX2_L1_clmp_fp2_repr.R1.fq.gz, out2=fq_fp1_clmp_fp2_fqscrn_repaired/LlA01004_CKDL210012719-1a-AK6260-AK4971_HF5TCDSX2_L1_clmp_fp2_repr.R2.fq.gz, outs=fq_fp1_clmp_fp2_fqscrn_repaired/orphans/LlA01004_CKDL210012719-1a-AK6260-AK4971_HF5TCDSX2_L1_clmp_fp2_repr.orph.fq, repair]

Set INTERLEAVED to false
Started output stream.

Input:                  	8271802 reads 		882965066 bases.
Result:                 	8271802 reads (100.00%) 	882965066 bases (100.00%)
Pairs:                  	8009548 reads (96.83%) 	856868704 bases (97.04%)
Singletons:             	262254 reads (3.17%) 	26096362 bases (2.96%)

Time:                         	184.170 seconds.
Reads Processed:       8271k 	44.91k reads/sec
Bases Processed:        882m 	4.79m bases/sec
java -ea -Xmx160949m -cp /opt/conda/opt/bbmap-38.90-3/current/ jgi.SplitPairsAndSingles rp in1=fq_fp1_clmp_fp2_fqscrn/LlA01003_CKDL210012719-1a-AK6881-GC12_HF5TCDSX2_L1_clmp_fp2_r1.tagged_filter.fastq.gz in2=fq_fp1_clmp_fp2_fqscrn/LlA01003_CKDL210012719-1a-AK6881-GC12_HF5TCDSX2_L1_clmp_fp2_r2.tagged_filter.fastq.gz out1=fq_fp1_clmp_fp2_fqscrn_repaired/LlA01003_CKDL210012719-1a-AK6881-GC12_HF5TCDSX2_L1_clmp_fp2_repr.R1.fq.gz out2=fq_fp1_clmp_fp2_fqscrn_repaired/LlA01003_CKDL210012719-1a-AK6881-GC12_HF5TCDSX2_L1_clmp_fp2_repr.R2.fq.gz outs=fq_fp1_clmp_fp2_fqscrn_repaired/orphans/LlA01003_CKDL210012719-1a-AK6881-GC12_HF5TCDSX2_L1_clmp_fp2_repr.orph.fq repair
Executing jgi.SplitPairsAndSingles [rp, in1=fq_fp1_clmp_fp2_fqscrn/LlA01003_CKDL210012719-1a-AK6881-GC12_HF5TCDSX2_L1_clmp_fp2_r1.tagged_filter.fastq.gz, in2=fq_fp1_clmp_fp2_fqscrn/LlA01003_CKDL210012719-1a-AK6881-GC12_HF5TCDSX2_L1_clmp_fp2_r2.tagged_filter.fastq.gz, out1=fq_fp1_clmp_fp2_fqscrn_repaired/LlA01003_CKDL210012719-1a-AK6881-GC12_HF5TCDSX2_L1_clmp_fp2_repr.R1.fq.gz, out2=fq_fp1_clmp_fp2_fqscrn_repaired/LlA01003_CKDL210012719-1a-AK6881-GC12_HF5TCDSX2_L1_clmp_fp2_repr.R2.fq.gz, outs=fq_fp1_clmp_fp2_fqscrn_repaired/orphans/LlA01003_CKDL210012719-1a-AK6881-GC12_HF5TCDSX2_L1_clmp_fp2_repr.orph.fq, repair]

Set INTERLEAVED to false
Started output stream.

Input:                  	8685038 reads 		936016168 bases.
Result:                 	8685038 reads (100.00%) 	936016168 bases (100.00%)
Pairs:                  	8437460 reads (97.15%) 	910648050 bases (97.29%)
Singletons:             	247578 reads (2.85%) 	25368118 bases (2.71%)

Time:                         	184.500 seconds.
Reads Processed:       8685k 	47.07k reads/sec
Bases Processed:        936m 	5.07m bases/sec
java -ea -Xmx160915m -cp /opt/conda/opt/bbmap-38.90-3/current/ jgi.SplitPairsAndSingles rp in1=fq_fp1_clmp_fp2_fqscrn/LlA01018_CKDL210012719-1a-AK7010-7UDI214_HF5TCDSX2_L1_clmp_fp2_r1.tagged_filter.fastq.gz in2=fq_fp1_clmp_fp2_fqscrn/LlA01018_CKDL210012719-1a-AK7010-7UDI214_HF5TCDSX2_L1_clmp_fp2_r2.tagged_filter.fastq.gz out1=fq_fp1_clmp_fp2_fqscrn_repaired/LlA01018_CKDL210012719-1a-AK7010-7UDI214_HF5TCDSX2_L1_clmp_fp2_repr.R1.fq.gz out2=fq_fp1_clmp_fp2_fqscrn_repaired/LlA01018_CKDL210012719-1a-AK7010-7UDI214_HF5TCDSX2_L1_clmp_fp2_repr.R2.fq.gz outs=fq_fp1_clmp_fp2_fqscrn_repaired/orphans/LlA01018_CKDL210012719-1a-AK7010-7UDI214_HF5TCDSX2_L1_clmp_fp2_repr.orph.fq repair
Executing jgi.SplitPairsAndSingles [rp, in1=fq_fp1_clmp_fp2_fqscrn/LlA01018_CKDL210012719-1a-AK7010-7UDI214_HF5TCDSX2_L1_clmp_fp2_r1.tagged_filter.fastq.gz, in2=fq_fp1_clmp_fp2_fqscrn/LlA01018_CKDL210012719-1a-AK7010-7UDI214_HF5TCDSX2_L1_clmp_fp2_r2.tagged_filter.fastq.gz, out1=fq_fp1_clmp_fp2_fqscrn_repaired/LlA01018_CKDL210012719-1a-AK7010-7UDI214_HF5TCDSX2_L1_clmp_fp2_repr.R1.fq.gz, out2=fq_fp1_clmp_fp2_fqscrn_repaired/LlA01018_CKDL210012719-1a-AK7010-7UDI214_HF5TCDSX2_L1_clmp_fp2_repr.R2.fq.gz, outs=fq_fp1_clmp_fp2_fqscrn_repaired/orphans/LlA01018_CKDL210012719-1a-AK7010-7UDI214_HF5TCDSX2_L1_clmp_fp2_repr.orph.fq, repair]

Set INTERLEAVED to false
Started output stream.

Input:                  	8088611 reads 		869086570 bases.
Result:                 	8088611 reads (100.00%) 	869086570 bases (100.00%)
Pairs:                  	7818730 reads (96.66%) 	841761355 bases (96.86%)
Singletons:             	269881 reads (3.34%) 	27325215 bases (3.14%)

Time:                         	185.954 seconds.
Reads Processed:       8088k 	43.50k reads/sec
Bases Processed:        869m 	4.67m bases/sec
java -ea -Xmx45843m -cp /opt/conda/opt/bbmap-38.90-3/current/ jgi.SplitPairsAndSingles rp in1=fq_fp1_clmp_fp2_fqscrn/LlC01031_CKDL210012719-1a-AK7010-AK9148_HF5TCDSX2_L1_clmp_fp2_r1.tagged_filter.fastq.gz in2=fq_fp1_clmp_fp2_fqscrn/LlC01031_CKDL210012719-1a-AK7010-AK9148_HF5TCDSX2_L1_clmp_fp2_r2.tagged_filter.fastq.gz out1=fq_fp1_clmp_fp2_fqscrn_repaired/LlC01031_CKDL210012719-1a-AK7010-AK9148_HF5TCDSX2_L1_clmp_fp2_repr.R1.fq.gz out2=fq_fp1_clmp_fp2_fqscrn_repaired/LlC01031_CKDL210012719-1a-AK7010-AK9148_HF5TCDSX2_L1_clmp_fp2_repr.R2.fq.gz outs=fq_fp1_clmp_fp2_fqscrn_repaired/orphans/LlC01031_CKDL210012719-1a-AK7010-AK9148_HF5TCDSX2_L1_clmp_fp2_repr.orph.fq repair
Executing jgi.SplitPairsAndSingles [rp, in1=fq_fp1_clmp_fp2_fqscrn/LlC01031_CKDL210012719-1a-AK7010-AK9148_HF5TCDSX2_L1_clmp_fp2_r1.tagged_filter.fastq.gz, in2=fq_fp1_clmp_fp2_fqscrn/LlC01031_CKDL210012719-1a-AK7010-AK9148_HF5TCDSX2_L1_clmp_fp2_r2.tagged_filter.fastq.gz, out1=fq_fp1_clmp_fp2_fqscrn_repaired/LlC01031_CKDL210012719-1a-AK7010-AK9148_HF5TCDSX2_L1_clmp_fp2_repr.R1.fq.gz, out2=fq_fp1_clmp_fp2_fqscrn_repaired/LlC01031_CKDL210012719-1a-AK7010-AK9148_HF5TCDSX2_L1_clmp_fp2_repr.R2.fq.gz, outs=fq_fp1_clmp_fp2_fqscrn_repaired/orphans/LlC01031_CKDL210012719-1a-AK7010-AK9148_HF5TCDSX2_L1_clmp_fp2_repr.orph.fq, repair]

Set INTERLEAVED to false
Started output stream.

Input:                  	1790828 reads 		236705432 bases.
Result:                 	1790828 reads (100.00%) 	236705432 bases (100.00%)
Pairs:                  	1741210 reads (97.23%) 	230202034 bases (97.25%)
Singletons:             	49618 reads (2.77%) 	6503398 bases (2.75%)

Time:                         	49.620 seconds.
Reads Processed:       1790k 	36.09k reads/sec
Bases Processed:        236m 	4.77m bases/sec
java -ea -Xmx160955m -cp /opt/conda/opt/bbmap-38.90-3/current/ jgi.SplitPairsAndSingles rp in1=fq_fp1_clmp_fp2_fqscrn/LlA01010_CKDL210012719-1a-5UDI312-AK1864_HF5TCDSX2_L1_clmp_fp2_r1.tagged_filter.fastq.gz in2=fq_fp1_clmp_fp2_fqscrn/LlA01010_CKDL210012719-1a-5UDI312-AK1864_HF5TCDSX2_L1_clmp_fp2_r2.tagged_filter.fastq.gz out1=fq_fp1_clmp_fp2_fqscrn_repaired/LlA01010_CKDL210012719-1a-5UDI312-AK1864_HF5TCDSX2_L1_clmp_fp2_repr.R1.fq.gz out2=fq_fp1_clmp_fp2_fqscrn_repaired/LlA01010_CKDL210012719-1a-5UDI312-AK1864_HF5TCDSX2_L1_clmp_fp2_repr.R2.fq.gz outs=fq_fp1_clmp_fp2_fqscrn_repaired/orphans/LlA01010_CKDL210012719-1a-5UDI312-AK1864_HF5TCDSX2_L1_clmp_fp2_repr.orph.fq repair
Executing jgi.SplitPairsAndSingles [rp, in1=fq_fp1_clmp_fp2_fqscrn/LlA01010_CKDL210012719-1a-5UDI312-AK1864_HF5TCDSX2_L1_clmp_fp2_r1.tagged_filter.fastq.gz, in2=fq_fp1_clmp_fp2_fqscrn/LlA01010_CKDL210012719-1a-5UDI312-AK1864_HF5TCDSX2_L1_clmp_fp2_r2.tagged_filter.fastq.gz, out1=fq_fp1_clmp_fp2_fqscrn_repaired/LlA01010_CKDL210012719-1a-5UDI312-AK1864_HF5TCDSX2_L1_clmp_fp2_repr.R1.fq.gz, out2=fq_fp1_clmp_fp2_fqscrn_repaired/LlA01010_CKDL210012719-1a-5UDI312-AK1864_HF5TCDSX2_L1_clmp_fp2_repr.R2.fq.gz, outs=fq_fp1_clmp_fp2_fqscrn_repaired/orphans/LlA01010_CKDL210012719-1a-5UDI312-AK1864_HF5TCDSX2_L1_clmp_fp2_repr.orph.fq, repair]

Set INTERLEAVED to false
Started output stream.

Input:                  	8800719 reads 		942413604 bases.
Result:                 	8800719 reads (100.00%) 	942413604 bases (100.00%)
Pairs:                  	8504088 reads (96.63%) 	912182369 bases (96.79%)
Singletons:             	296631 reads (3.37%) 	30231235 bases (3.21%)

Time:                         	194.045 seconds.
Reads Processed:       8800k 	45.35k reads/sec
Bases Processed:        942m 	4.86m bases/sec
java -ea -Xmx42545m -cp /opt/conda/opt/bbmap-38.90-3/current/ jgi.SplitPairsAndSingles rp in1=fq_fp1_clmp_fp2_fqscrn/LlC01029_CKDL210012719-1a-5UDI298-AK892_HF5TCDSX2_L1_clmp_fp2_r1.tagged_filter.fastq.gz in2=fq_fp1_clmp_fp2_fqscrn/LlC01029_CKDL210012719-1a-5UDI298-AK892_HF5TCDSX2_L1_clmp_fp2_r2.tagged_filter.fastq.gz out1=fq_fp1_clmp_fp2_fqscrn_repaired/LlC01029_CKDL210012719-1a-5UDI298-AK892_HF5TCDSX2_L1_clmp_fp2_repr.R1.fq.gz out2=fq_fp1_clmp_fp2_fqscrn_repaired/LlC01029_CKDL210012719-1a-5UDI298-AK892_HF5TCDSX2_L1_clmp_fp2_repr.R2.fq.gz outs=fq_fp1_clmp_fp2_fqscrn_repaired/orphans/LlC01029_CKDL210012719-1a-5UDI298-AK892_HF5TCDSX2_L1_clmp_fp2_repr.orph.fq repair
Executing jgi.SplitPairsAndSingles [rp, in1=fq_fp1_clmp_fp2_fqscrn/LlC01029_CKDL210012719-1a-5UDI298-AK892_HF5TCDSX2_L1_clmp_fp2_r1.tagged_filter.fastq.gz, in2=fq_fp1_clmp_fp2_fqscrn/LlC01029_CKDL210012719-1a-5UDI298-AK892_HF5TCDSX2_L1_clmp_fp2_r2.tagged_filter.fastq.gz, out1=fq_fp1_clmp_fp2_fqscrn_repaired/LlC01029_CKDL210012719-1a-5UDI298-AK892_HF5TCDSX2_L1_clmp_fp2_repr.R1.fq.gz, out2=fq_fp1_clmp_fp2_fqscrn_repaired/LlC01029_CKDL210012719-1a-5UDI298-AK892_HF5TCDSX2_L1_clmp_fp2_repr.R2.fq.gz, outs=fq_fp1_clmp_fp2_fqscrn_repaired/orphans/LlC01029_CKDL210012719-1a-5UDI298-AK892_HF5TCDSX2_L1_clmp_fp2_repr.orph.fq, repair]

Set INTERLEAVED to false
Started output stream.

Input:                  	2603806 reads 		343991189 bases.
Result:                 	2603806 reads (100.00%) 	343991189 bases (100.00%)
Pairs:                  	2534134 reads (97.32%) 	334900810 bases (97.36%)
Singletons:             	69672 reads (2.68%) 	9090379 bases (2.64%)

Time:                         	63.945 seconds.
Reads Processed:       2603k 	40.72k reads/sec
Bases Processed:        343m 	5.38m bases/sec
java -ea -Xmx160949m -cp /opt/conda/opt/bbmap-38.90-3/current/ jgi.SplitPairsAndSingles rp in1=fq_fp1_clmp_fp2_fqscrn/LlA01006_CKDL210012719-1a-AK6260-7UDI246_HF5TCDSX2_L1_clmp_fp2_r1.tagged_filter.fastq.gz in2=fq_fp1_clmp_fp2_fqscrn/LlA01006_CKDL210012719-1a-AK6260-7UDI246_HF5TCDSX2_L1_clmp_fp2_r2.tagged_filter.fastq.gz out1=fq_fp1_clmp_fp2_fqscrn_repaired/LlA01006_CKDL210012719-1a-AK6260-7UDI246_HF5TCDSX2_L1_clmp_fp2_repr.R1.fq.gz out2=fq_fp1_clmp_fp2_fqscrn_repaired/LlA01006_CKDL210012719-1a-AK6260-7UDI246_HF5TCDSX2_L1_clmp_fp2_repr.R2.fq.gz outs=fq_fp1_clmp_fp2_fqscrn_repaired/orphans/LlA01006_CKDL210012719-1a-AK6260-7UDI246_HF5TCDSX2_L1_clmp_fp2_repr.orph.fq repair
Executing jgi.SplitPairsAndSingles [rp, in1=fq_fp1_clmp_fp2_fqscrn/LlA01006_CKDL210012719-1a-AK6260-7UDI246_HF5TCDSX2_L1_clmp_fp2_r1.tagged_filter.fastq.gz, in2=fq_fp1_clmp_fp2_fqscrn/LlA01006_CKDL210012719-1a-AK6260-7UDI246_HF5TCDSX2_L1_clmp_fp2_r2.tagged_filter.fastq.gz, out1=fq_fp1_clmp_fp2_fqscrn_repaired/LlA01006_CKDL210012719-1a-AK6260-7UDI246_HF5TCDSX2_L1_clmp_fp2_repr.R1.fq.gz, out2=fq_fp1_clmp_fp2_fqscrn_repaired/LlA01006_CKDL210012719-1a-AK6260-7UDI246_HF5TCDSX2_L1_clmp_fp2_repr.R2.fq.gz, outs=fq_fp1_clmp_fp2_fqscrn_repaired/orphans/LlA01006_CKDL210012719-1a-AK6260-7UDI246_HF5TCDSX2_L1_clmp_fp2_repr.orph.fq, repair]

Set INTERLEAVED to false
Started output stream.

Input:                  	9464314 reads 		976865923 bases.
Result:                 	9464314 reads (100.00%) 	976865923 bases (100.00%)
Pairs:                  	9156682 reads (96.75%) 	946964282 bases (96.94%)
Singletons:             	307632 reads (3.25%) 	29901641 bases (3.06%)

Time:                         	204.514 seconds.
Reads Processed:       9464k 	46.28k reads/sec
Bases Processed:        976m 	4.78m bases/sec
java -ea -Xmx39824m -cp /opt/conda/opt/bbmap-38.90-3/current/ jgi.SplitPairsAndSingles rp in1=fq_fp1_clmp_fp2_fqscrn/LlC01022_CKDL210012719-1a-AK7010-AK33_HF5TCDSX2_L1_clmp_fp2_r1.tagged_filter.fastq.gz in2=fq_fp1_clmp_fp2_fqscrn/LlC01022_CKDL210012719-1a-AK7010-AK33_HF5TCDSX2_L1_clmp_fp2_r2.tagged_filter.fastq.gz out1=fq_fp1_clmp_fp2_fqscrn_repaired/LlC01022_CKDL210012719-1a-AK7010-AK33_HF5TCDSX2_L1_clmp_fp2_repr.R1.fq.gz out2=fq_fp1_clmp_fp2_fqscrn_repaired/LlC01022_CKDL210012719-1a-AK7010-AK33_HF5TCDSX2_L1_clmp_fp2_repr.R2.fq.gz outs=fq_fp1_clmp_fp2_fqscrn_repaired/orphans/LlC01022_CKDL210012719-1a-AK7010-AK33_HF5TCDSX2_L1_clmp_fp2_repr.orph.fq repair
Executing jgi.SplitPairsAndSingles [rp, in1=fq_fp1_clmp_fp2_fqscrn/LlC01022_CKDL210012719-1a-AK7010-AK33_HF5TCDSX2_L1_clmp_fp2_r1.tagged_filter.fastq.gz, in2=fq_fp1_clmp_fp2_fqscrn/LlC01022_CKDL210012719-1a-AK7010-AK33_HF5TCDSX2_L1_clmp_fp2_r2.tagged_filter.fastq.gz, out1=fq_fp1_clmp_fp2_fqscrn_repaired/LlC01022_CKDL210012719-1a-AK7010-AK33_HF5TCDSX2_L1_clmp_fp2_repr.R1.fq.gz, out2=fq_fp1_clmp_fp2_fqscrn_repaired/LlC01022_CKDL210012719-1a-AK7010-AK33_HF5TCDSX2_L1_clmp_fp2_repr.R2.fq.gz, outs=fq_fp1_clmp_fp2_fqscrn_repaired/orphans/LlC01022_CKDL210012719-1a-AK7010-AK33_HF5TCDSX2_L1_clmp_fp2_repr.orph.fq, repair]

Set INTERLEAVED to false
Started output stream.

Input:                  	4048709 reads 		533900769 bases.
Result:                 	4048709 reads (100.00%) 	533900769 bases (100.00%)
Pairs:                  	3948628 reads (97.53%) 	520897422 bases (97.56%)
Singletons:             	100081 reads (2.47%) 	13003347 bases (2.44%)

Time:                         	97.657 seconds.
Reads Processed:       4048k 	41.46k reads/sec
Bases Processed:        533m 	5.47m bases/sec
java -ea -Xmx41902m -cp /opt/conda/opt/bbmap-38.90-3/current/ jgi.SplitPairsAndSingles rp in1=fq_fp1_clmp_fp2_fqscrn/LlC01020_CKDL210012719-1a-AK9142-AK9148_HF5TCDSX2_L1_clmp_fp2_r1.tagged_filter.fastq.gz in2=fq_fp1_clmp_fp2_fqscrn/LlC01020_CKDL210012719-1a-AK9142-AK9148_HF5TCDSX2_L1_clmp_fp2_r2.tagged_filter.fastq.gz out1=fq_fp1_clmp_fp2_fqscrn_repaired/LlC01020_CKDL210012719-1a-AK9142-AK9148_HF5TCDSX2_L1_clmp_fp2_repr.R1.fq.gz out2=fq_fp1_clmp_fp2_fqscrn_repaired/LlC01020_CKDL210012719-1a-AK9142-AK9148_HF5TCDSX2_L1_clmp_fp2_repr.R2.fq.gz outs=fq_fp1_clmp_fp2_fqscrn_repaired/orphans/LlC01020_CKDL210012719-1a-AK9142-AK9148_HF5TCDSX2_L1_clmp_fp2_repr.orph.fq repair
Executing jgi.SplitPairsAndSingles [rp, in1=fq_fp1_clmp_fp2_fqscrn/LlC01020_CKDL210012719-1a-AK9142-AK9148_HF5TCDSX2_L1_clmp_fp2_r1.tagged_filter.fastq.gz, in2=fq_fp1_clmp_fp2_fqscrn/LlC01020_CKDL210012719-1a-AK9142-AK9148_HF5TCDSX2_L1_clmp_fp2_r2.tagged_filter.fastq.gz, out1=fq_fp1_clmp_fp2_fqscrn_repaired/LlC01020_CKDL210012719-1a-AK9142-AK9148_HF5TCDSX2_L1_clmp_fp2_repr.R1.fq.gz, out2=fq_fp1_clmp_fp2_fqscrn_repaired/LlC01020_CKDL210012719-1a-AK9142-AK9148_HF5TCDSX2_L1_clmp_fp2_repr.R2.fq.gz, outs=fq_fp1_clmp_fp2_fqscrn_repaired/orphans/LlC01020_CKDL210012719-1a-AK9142-AK9148_HF5TCDSX2_L1_clmp_fp2_repr.orph.fq, repair]

Set INTERLEAVED to false
Started output stream.

Input:                  	4080413 reads 		545540164 bases.
Result:                 	4080413 reads (100.00%) 	545540164 bases (100.00%)
Pairs:                  	3967980 reads (97.24%) 	530673889 bases (97.27%)
Singletons:             	112433 reads (2.76%) 	14866275 bases (2.73%)

Time:                         	100.174 seconds.
Reads Processed:       4080k 	40.73k reads/sec
Bases Processed:        545m 	5.45m bases/sec
java -ea -Xmx34762m -cp /opt/conda/opt/bbmap-38.90-3/current/ jgi.SplitPairsAndSingles rp in1=fq_fp1_clmp_fp2_fqscrn/LlC01012_CKDL210012719-1a-AK7759-7UDI227_HF5TCDSX2_L1_clmp_fp2_r1.tagged_filter.fastq.gz in2=fq_fp1_clmp_fp2_fqscrn/LlC01012_CKDL210012719-1a-AK7759-7UDI227_HF5TCDSX2_L1_clmp_fp2_r2.tagged_filter.fastq.gz out1=fq_fp1_clmp_fp2_fqscrn_repaired/LlC01012_CKDL210012719-1a-AK7759-7UDI227_HF5TCDSX2_L1_clmp_fp2_repr.R1.fq.gz out2=fq_fp1_clmp_fp2_fqscrn_repaired/LlC01012_CKDL210012719-1a-AK7759-7UDI227_HF5TCDSX2_L1_clmp_fp2_repr.R2.fq.gz outs=fq_fp1_clmp_fp2_fqscrn_repaired/orphans/LlC01012_CKDL210012719-1a-AK7759-7UDI227_HF5TCDSX2_L1_clmp_fp2_repr.orph.fq repair
Executing jgi.SplitPairsAndSingles [rp, in1=fq_fp1_clmp_fp2_fqscrn/LlC01012_CKDL210012719-1a-AK7759-7UDI227_HF5TCDSX2_L1_clmp_fp2_r1.tagged_filter.fastq.gz, in2=fq_fp1_clmp_fp2_fqscrn/LlC01012_CKDL210012719-1a-AK7759-7UDI227_HF5TCDSX2_L1_clmp_fp2_r2.tagged_filter.fastq.gz, out1=fq_fp1_clmp_fp2_fqscrn_repaired/LlC01012_CKDL210012719-1a-AK7759-7UDI227_HF5TCDSX2_L1_clmp_fp2_repr.R1.fq.gz, out2=fq_fp1_clmp_fp2_fqscrn_repaired/LlC01012_CKDL210012719-1a-AK7759-7UDI227_HF5TCDSX2_L1_clmp_fp2_repr.R2.fq.gz, outs=fq_fp1_clmp_fp2_fqscrn_repaired/orphans/LlC01012_CKDL210012719-1a-AK7759-7UDI227_HF5TCDSX2_L1_clmp_fp2_repr.orph.fq, repair]

Set INTERLEAVED to false
Started output stream.

Input:                  	5496639 reads 		741270014 bases.
Result:                 	5496639 reads (100.00%) 	741270014 bases (100.00%)
Pairs:                  	5349364 reads (97.32%) 	721727241 bases (97.36%)
Singletons:             	147275 reads (2.68%) 	19542773 bases (2.64%)

Time:                         	124.419 seconds.
Reads Processed:       5496k 	44.18k reads/sec
Bases Processed:        741m 	5.96m bases/sec
java -ea -Xmx54335m -cp /opt/conda/opt/bbmap-38.90-3/current/ jgi.SplitPairsAndSingles rp in1=fq_fp1_clmp_fp2_fqscrn/LlC01043_CKDL210012719-1a-AK7010-7UDI227_HF5TCDSX2_L1_clmp_fp2_r1.tagged_filter.fastq.gz in2=fq_fp1_clmp_fp2_fqscrn/LlC01043_CKDL210012719-1a-AK7010-7UDI227_HF5TCDSX2_L1_clmp_fp2_r2.tagged_filter.fastq.gz out1=fq_fp1_clmp_fp2_fqscrn_repaired/LlC01043_CKDL210012719-1a-AK7010-7UDI227_HF5TCDSX2_L1_clmp_fp2_repr.R1.fq.gz out2=fq_fp1_clmp_fp2_fqscrn_repaired/LlC01043_CKDL210012719-1a-AK7010-7UDI227_HF5TCDSX2_L1_clmp_fp2_repr.R2.fq.gz outs=fq_fp1_clmp_fp2_fqscrn_repaired/orphans/LlC01043_CKDL210012719-1a-AK7010-7UDI227_HF5TCDSX2_L1_clmp_fp2_repr.orph.fq repair
Executing jgi.SplitPairsAndSingles [rp, in1=fq_fp1_clmp_fp2_fqscrn/LlC01043_CKDL210012719-1a-AK7010-7UDI227_HF5TCDSX2_L1_clmp_fp2_r1.tagged_filter.fastq.gz, in2=fq_fp1_clmp_fp2_fqscrn/LlC01043_CKDL210012719-1a-AK7010-7UDI227_HF5TCDSX2_L1_clmp_fp2_r2.tagged_filter.fastq.gz, out1=fq_fp1_clmp_fp2_fqscrn_repaired/LlC01043_CKDL210012719-1a-AK7010-7UDI227_HF5TCDSX2_L1_clmp_fp2_repr.R1.fq.gz, out2=fq_fp1_clmp_fp2_fqscrn_repaired/LlC01043_CKDL210012719-1a-AK7010-7UDI227_HF5TCDSX2_L1_clmp_fp2_repr.R2.fq.gz, outs=fq_fp1_clmp_fp2_fqscrn_repaired/orphans/LlC01043_CKDL210012719-1a-AK7010-7UDI227_HF5TCDSX2_L1_clmp_fp2_repr.orph.fq, repair]

Set INTERLEAVED to false
Started output stream.

Input:                  	1217580 reads 		158870021 bases.
Result:                 	1217580 reads (100.00%) 	158870021 bases (100.00%)
Pairs:                  	1187318 reads (97.51%) 	154926770 bases (97.52%)
Singletons:             	30262 reads (2.49%) 	3943251 bases (2.48%)

Time:                         	33.648 seconds.
Reads Processed:       1217k 	36.19k reads/sec
Bases Processed:        158m 	4.72m bases/sec
java -ea -Xmx40432m -cp /opt/conda/opt/bbmap-38.90-3/current/ jgi.SplitPairsAndSingles rp in1=fq_fp1_clmp_fp2_fqscrn/LlC01018_CKDL210012719-1a-5UDI298-7UDI227_HF5TCDSX2_L1_clmp_fp2_r1.tagged_filter.fastq.gz in2=fq_fp1_clmp_fp2_fqscrn/LlC01018_CKDL210012719-1a-5UDI298-7UDI227_HF5TCDSX2_L1_clmp_fp2_r2.tagged_filter.fastq.gz out1=fq_fp1_clmp_fp2_fqscrn_repaired/LlC01018_CKDL210012719-1a-5UDI298-7UDI227_HF5TCDSX2_L1_clmp_fp2_repr.R1.fq.gz out2=fq_fp1_clmp_fp2_fqscrn_repaired/LlC01018_CKDL210012719-1a-5UDI298-7UDI227_HF5TCDSX2_L1_clmp_fp2_repr.R2.fq.gz outs=fq_fp1_clmp_fp2_fqscrn_repaired/orphans/LlC01018_CKDL210012719-1a-5UDI298-7UDI227_HF5TCDSX2_L1_clmp_fp2_repr.orph.fq repair
Executing jgi.SplitPairsAndSingles [rp, in1=fq_fp1_clmp_fp2_fqscrn/LlC01018_CKDL210012719-1a-5UDI298-7UDI227_HF5TCDSX2_L1_clmp_fp2_r1.tagged_filter.fastq.gz, in2=fq_fp1_clmp_fp2_fqscrn/LlC01018_CKDL210012719-1a-5UDI298-7UDI227_HF5TCDSX2_L1_clmp_fp2_r2.tagged_filter.fastq.gz, out1=fq_fp1_clmp_fp2_fqscrn_repaired/LlC01018_CKDL210012719-1a-5UDI298-7UDI227_HF5TCDSX2_L1_clmp_fp2_repr.R1.fq.gz, out2=fq_fp1_clmp_fp2_fqscrn_repaired/LlC01018_CKDL210012719-1a-5UDI298-7UDI227_HF5TCDSX2_L1_clmp_fp2_repr.R2.fq.gz, outs=fq_fp1_clmp_fp2_fqscrn_repaired/orphans/LlC01018_CKDL210012719-1a-5UDI298-7UDI227_HF5TCDSX2_L1_clmp_fp2_repr.orph.fq, repair]

Set INTERLEAVED to false
Started output stream.

Input:                  	4144606 reads 		545107895 bases.
Result:                 	4144606 reads (100.00%) 	545107895 bases (100.00%)
Pairs:                  	4035486 reads (97.37%) 	530877318 bases (97.39%)
Singletons:             	109120 reads (2.63%) 	14230577 bases (2.61%)

Time:                         	105.314 seconds.
Reads Processed:       4144k 	39.35k reads/sec
Bases Processed:        545m 	5.18m bases/sec
java -ea -Xmx121792m -cp /opt/conda/opt/bbmap-38.90-3/current/ jgi.SplitPairsAndSingles rp in1=fq_fp1_clmp_fp2_fqscrn/LlA01031_CKDL210012719-1a-AK7010-7UDI308_HF5TCDSX2_L1_clmp_fp2_r1.tagged_filter.fastq.gz in2=fq_fp1_clmp_fp2_fqscrn/LlA01031_CKDL210012719-1a-AK7010-7UDI308_HF5TCDSX2_L1_clmp_fp2_r2.tagged_filter.fastq.gz out1=fq_fp1_clmp_fp2_fqscrn_repaired/LlA01031_CKDL210012719-1a-AK7010-7UDI308_HF5TCDSX2_L1_clmp_fp2_repr.R1.fq.gz out2=fq_fp1_clmp_fp2_fqscrn_repaired/LlA01031_CKDL210012719-1a-AK7010-7UDI308_HF5TCDSX2_L1_clmp_fp2_repr.R2.fq.gz outs=fq_fp1_clmp_fp2_fqscrn_repaired/orphans/LlA01031_CKDL210012719-1a-AK7010-7UDI308_HF5TCDSX2_L1_clmp_fp2_repr.orph.fq repair
Executing jgi.SplitPairsAndSingles [rp, in1=fq_fp1_clmp_fp2_fqscrn/LlA01031_CKDL210012719-1a-AK7010-7UDI308_HF5TCDSX2_L1_clmp_fp2_r1.tagged_filter.fastq.gz, in2=fq_fp1_clmp_fp2_fqscrn/LlA01031_CKDL210012719-1a-AK7010-7UDI308_HF5TCDSX2_L1_clmp_fp2_r2.tagged_filter.fastq.gz, out1=fq_fp1_clmp_fp2_fqscrn_repaired/LlA01031_CKDL210012719-1a-AK7010-7UDI308_HF5TCDSX2_L1_clmp_fp2_repr.R1.fq.gz, out2=fq_fp1_clmp_fp2_fqscrn_repaired/LlA01031_CKDL210012719-1a-AK7010-7UDI308_HF5TCDSX2_L1_clmp_fp2_repr.R2.fq.gz, outs=fq_fp1_clmp_fp2_fqscrn_repaired/orphans/LlA01031_CKDL210012719-1a-AK7010-7UDI308_HF5TCDSX2_L1_clmp_fp2_repr.orph.fq, repair]

Set INTERLEAVED to false
Started output stream.

Input:                  	8820742 reads 		963249461 bases.
Result:                 	8820742 reads (100.00%) 	963249461 bases (100.00%)
Pairs:                  	8461572 reads (95.93%) 	926715107 bases (96.21%)
Singletons:             	359170 reads (4.07%) 	36534354 bases (3.79%)

Time:                         	208.405 seconds.
Reads Processed:       8820k 	42.32k reads/sec
Bases Processed:        963m 	4.62m bases/sec
java -ea -Xmx160915m -cp /opt/conda/opt/bbmap-38.90-3/current/ jgi.SplitPairsAndSingles rp in1=fq_fp1_clmp_fp2_fqscrn/LlA01017_CKDL210012719-1a-AK6260-AK2587_HF5TCDSX2_L1_clmp_fp2_r1.tagged_filter.fastq.gz in2=fq_fp1_clmp_fp2_fqscrn/LlA01017_CKDL210012719-1a-AK6260-AK2587_HF5TCDSX2_L1_clmp_fp2_r2.tagged_filter.fastq.gz out1=fq_fp1_clmp_fp2_fqscrn_repaired/LlA01017_CKDL210012719-1a-AK6260-AK2587_HF5TCDSX2_L1_clmp_fp2_repr.R1.fq.gz out2=fq_fp1_clmp_fp2_fqscrn_repaired/LlA01017_CKDL210012719-1a-AK6260-AK2587_HF5TCDSX2_L1_clmp_fp2_repr.R2.fq.gz outs=fq_fp1_clmp_fp2_fqscrn_repaired/orphans/LlA01017_CKDL210012719-1a-AK6260-AK2587_HF5TCDSX2_L1_clmp_fp2_repr.orph.fq repair
Executing jgi.SplitPairsAndSingles [rp, in1=fq_fp1_clmp_fp2_fqscrn/LlA01017_CKDL210012719-1a-AK6260-AK2587_HF5TCDSX2_L1_clmp_fp2_r1.tagged_filter.fastq.gz, in2=fq_fp1_clmp_fp2_fqscrn/LlA01017_CKDL210012719-1a-AK6260-AK2587_HF5TCDSX2_L1_clmp_fp2_r2.tagged_filter.fastq.gz, out1=fq_fp1_clmp_fp2_fqscrn_repaired/LlA01017_CKDL210012719-1a-AK6260-AK2587_HF5TCDSX2_L1_clmp_fp2_repr.R1.fq.gz, out2=fq_fp1_clmp_fp2_fqscrn_repaired/LlA01017_CKDL210012719-1a-AK6260-AK2587_HF5TCDSX2_L1_clmp_fp2_repr.R2.fq.gz, outs=fq_fp1_clmp_fp2_fqscrn_repaired/orphans/LlA01017_CKDL210012719-1a-AK6260-AK2587_HF5TCDSX2_L1_clmp_fp2_repr.orph.fq, repair]

Set INTERLEAVED to false
Started output stream.

Input:                  	9850561 reads 		1098755436 bases.
Result:                 	9850561 reads (100.00%) 	1098755436 bases (100.00%)
Pairs:                  	9488284 reads (96.32%) 	1061159286 bases (96.58%)
Singletons:             	362277 reads (3.68%) 	37596150 bases (3.42%)

Time:                         	213.684 seconds.
Reads Processed:       9850k 	46.10k reads/sec
Bases Processed:       1098m 	5.14m bases/sec
java -ea -Xmx44699m -cp /opt/conda/opt/bbmap-38.90-3/current/ jgi.SplitPairsAndSingles rp in1=fq_fp1_clmp_fp2_fqscrn/LlC01024_CKDL210012719-1a-AK7010-AK4997_HF5TCDSX2_L1_clmp_fp2_r1.tagged_filter.fastq.gz in2=fq_fp1_clmp_fp2_fqscrn/LlC01024_CKDL210012719-1a-AK7010-AK4997_HF5TCDSX2_L1_clmp_fp2_r2.tagged_filter.fastq.gz out1=fq_fp1_clmp_fp2_fqscrn_repaired/LlC01024_CKDL210012719-1a-AK7010-AK4997_HF5TCDSX2_L1_clmp_fp2_repr.R1.fq.gz out2=fq_fp1_clmp_fp2_fqscrn_repaired/LlC01024_CKDL210012719-1a-AK7010-AK4997_HF5TCDSX2_L1_clmp_fp2_repr.R2.fq.gz outs=fq_fp1_clmp_fp2_fqscrn_repaired/orphans/LlC01024_CKDL210012719-1a-AK7010-AK4997_HF5TCDSX2_L1_clmp_fp2_repr.orph.fq repair
Executing jgi.SplitPairsAndSingles [rp, in1=fq_fp1_clmp_fp2_fqscrn/LlC01024_CKDL210012719-1a-AK7010-AK4997_HF5TCDSX2_L1_clmp_fp2_r1.tagged_filter.fastq.gz, in2=fq_fp1_clmp_fp2_fqscrn/LlC01024_CKDL210012719-1a-AK7010-AK4997_HF5TCDSX2_L1_clmp_fp2_r2.tagged_filter.fastq.gz, out1=fq_fp1_clmp_fp2_fqscrn_repaired/LlC01024_CKDL210012719-1a-AK7010-AK4997_HF5TCDSX2_L1_clmp_fp2_repr.R1.fq.gz, out2=fq_fp1_clmp_fp2_fqscrn_repaired/LlC01024_CKDL210012719-1a-AK7010-AK4997_HF5TCDSX2_L1_clmp_fp2_repr.R2.fq.gz, outs=fq_fp1_clmp_fp2_fqscrn_repaired/orphans/LlC01024_CKDL210012719-1a-AK7010-AK4997_HF5TCDSX2_L1_clmp_fp2_repr.orph.fq, repair]

Set INTERLEAVED to false
Started output stream.

Input:                  	3587279 reads 		470536707 bases.
Result:                 	3587279 reads (100.00%) 	470536707 bases (100.00%)
Pairs:                  	3499484 reads (97.55%) 	459164629 bases (97.58%)
Singletons:             	87795 reads (2.45%) 	11372078 bases (2.42%)

Time:                         	85.342 seconds.
Reads Processed:       3587k 	42.03k reads/sec
Bases Processed:        470m 	5.51m bases/sec
java -ea -Xmx37157m -cp /opt/conda/opt/bbmap-38.90-3/current/ jgi.SplitPairsAndSingles rp in1=fq_fp1_clmp_fp2_fqscrn/LlC01014_CKDL210012719-1a-AK7010-AK8544_HF5TCDSX2_L1_clmp_fp2_r1.tagged_filter.fastq.gz in2=fq_fp1_clmp_fp2_fqscrn/LlC01014_CKDL210012719-1a-AK7010-AK8544_HF5TCDSX2_L1_clmp_fp2_r2.tagged_filter.fastq.gz out1=fq_fp1_clmp_fp2_fqscrn_repaired/LlC01014_CKDL210012719-1a-AK7010-AK8544_HF5TCDSX2_L1_clmp_fp2_repr.R1.fq.gz out2=fq_fp1_clmp_fp2_fqscrn_repaired/LlC01014_CKDL210012719-1a-AK7010-AK8544_HF5TCDSX2_L1_clmp_fp2_repr.R2.fq.gz outs=fq_fp1_clmp_fp2_fqscrn_repaired/orphans/LlC01014_CKDL210012719-1a-AK7010-AK8544_HF5TCDSX2_L1_clmp_fp2_repr.orph.fq repair
Executing jgi.SplitPairsAndSingles [rp, in1=fq_fp1_clmp_fp2_fqscrn/LlC01014_CKDL210012719-1a-AK7010-AK8544_HF5TCDSX2_L1_clmp_fp2_r1.tagged_filter.fastq.gz, in2=fq_fp1_clmp_fp2_fqscrn/LlC01014_CKDL210012719-1a-AK7010-AK8544_HF5TCDSX2_L1_clmp_fp2_r2.tagged_filter.fastq.gz, out1=fq_fp1_clmp_fp2_fqscrn_repaired/LlC01014_CKDL210012719-1a-AK7010-AK8544_HF5TCDSX2_L1_clmp_fp2_repr.R1.fq.gz, out2=fq_fp1_clmp_fp2_fqscrn_repaired/LlC01014_CKDL210012719-1a-AK7010-AK8544_HF5TCDSX2_L1_clmp_fp2_repr.R2.fq.gz, outs=fq_fp1_clmp_fp2_fqscrn_repaired/orphans/LlC01014_CKDL210012719-1a-AK7010-AK8544_HF5TCDSX2_L1_clmp_fp2_repr.orph.fq, repair]

Set INTERLEAVED to false
Started output stream.

Input:                  	5560016 reads 		735588654 bases.
Result:                 	5560016 reads (100.00%) 	735588654 bases (100.00%)
Pairs:                  	5423450 reads (97.54%) 	717719690 bases (97.57%)
Singletons:             	136566 reads (2.46%) 	17868964 bases (2.43%)

Time:                         	125.322 seconds.
Reads Processed:       5560k 	44.37k reads/sec
Bases Processed:        735m 	5.87m bases/sec
java -ea -Xmx44609m -cp /opt/conda/opt/bbmap-38.90-3/current/ jgi.SplitPairsAndSingles rp in1=fq_fp1_clmp_fp2_fqscrn/LlC01027_CKDL210012719-1a-AK7761-AK33_HF5TCDSX2_L1_clmp_fp2_r1.tagged_filter.fastq.gz in2=fq_fp1_clmp_fp2_fqscrn/LlC01027_CKDL210012719-1a-AK7761-AK33_HF5TCDSX2_L1_clmp_fp2_r2.tagged_filter.fastq.gz out1=fq_fp1_clmp_fp2_fqscrn_repaired/LlC01027_CKDL210012719-1a-AK7761-AK33_HF5TCDSX2_L1_clmp_fp2_repr.R1.fq.gz out2=fq_fp1_clmp_fp2_fqscrn_repaired/LlC01027_CKDL210012719-1a-AK7761-AK33_HF5TCDSX2_L1_clmp_fp2_repr.R2.fq.gz outs=fq_fp1_clmp_fp2_fqscrn_repaired/orphans/LlC01027_CKDL210012719-1a-AK7761-AK33_HF5TCDSX2_L1_clmp_fp2_repr.orph.fq repair
Executing jgi.SplitPairsAndSingles [rp, in1=fq_fp1_clmp_fp2_fqscrn/LlC01027_CKDL210012719-1a-AK7761-AK33_HF5TCDSX2_L1_clmp_fp2_r1.tagged_filter.fastq.gz, in2=fq_fp1_clmp_fp2_fqscrn/LlC01027_CKDL210012719-1a-AK7761-AK33_HF5TCDSX2_L1_clmp_fp2_r2.tagged_filter.fastq.gz, out1=fq_fp1_clmp_fp2_fqscrn_repaired/LlC01027_CKDL210012719-1a-AK7761-AK33_HF5TCDSX2_L1_clmp_fp2_repr.R1.fq.gz, out2=fq_fp1_clmp_fp2_fqscrn_repaired/LlC01027_CKDL210012719-1a-AK7761-AK33_HF5TCDSX2_L1_clmp_fp2_repr.R2.fq.gz, outs=fq_fp1_clmp_fp2_fqscrn_repaired/orphans/LlC01027_CKDL210012719-1a-AK7761-AK33_HF5TCDSX2_L1_clmp_fp2_repr.orph.fq, repair]

Set INTERLEAVED to false
Started output stream.

Input:                  	3475972 reads 		462913544 bases.
Result:                 	3475972 reads (100.00%) 	462913544 bases (100.00%)
Pairs:                  	3379502 reads (97.22%) 	450084531 bases (97.23%)
Singletons:             	96470 reads (2.78%) 	12829013 bases (2.77%)

Time:                         	82.328 seconds.
Reads Processed:       3475k 	42.22k reads/sec
Bases Processed:        462m 	5.62m bases/sec
java -ea -Xmx39408m -cp /opt/conda/opt/bbmap-38.90-3/current/ jgi.SplitPairsAndSingles rp in1=fq_fp1_clmp_fp2_fqscrn/LlC01016_CKDL210012719-1a-AK7761-AK9148_HF5TCDSX2_L1_clmp_fp2_r1.tagged_filter.fastq.gz in2=fq_fp1_clmp_fp2_fqscrn/LlC01016_CKDL210012719-1a-AK7761-AK9148_HF5TCDSX2_L1_clmp_fp2_r2.tagged_filter.fastq.gz out1=fq_fp1_clmp_fp2_fqscrn_repaired/LlC01016_CKDL210012719-1a-AK7761-AK9148_HF5TCDSX2_L1_clmp_fp2_repr.R1.fq.gz out2=fq_fp1_clmp_fp2_fqscrn_repaired/LlC01016_CKDL210012719-1a-AK7761-AK9148_HF5TCDSX2_L1_clmp_fp2_repr.R2.fq.gz outs=fq_fp1_clmp_fp2_fqscrn_repaired/orphans/LlC01016_CKDL210012719-1a-AK7761-AK9148_HF5TCDSX2_L1_clmp_fp2_repr.orph.fq repair
Executing jgi.SplitPairsAndSingles [rp, in1=fq_fp1_clmp_fp2_fqscrn/LlC01016_CKDL210012719-1a-AK7761-AK9148_HF5TCDSX2_L1_clmp_fp2_r1.tagged_filter.fastq.gz, in2=fq_fp1_clmp_fp2_fqscrn/LlC01016_CKDL210012719-1a-AK7761-AK9148_HF5TCDSX2_L1_clmp_fp2_r2.tagged_filter.fastq.gz, out1=fq_fp1_clmp_fp2_fqscrn_repaired/LlC01016_CKDL210012719-1a-AK7761-AK9148_HF5TCDSX2_L1_clmp_fp2_repr.R1.fq.gz, out2=fq_fp1_clmp_fp2_fqscrn_repaired/LlC01016_CKDL210012719-1a-AK7761-AK9148_HF5TCDSX2_L1_clmp_fp2_repr.R2.fq.gz, outs=fq_fp1_clmp_fp2_fqscrn_repaired/orphans/LlC01016_CKDL210012719-1a-AK7761-AK9148_HF5TCDSX2_L1_clmp_fp2_repr.orph.fq, repair]

Set INTERLEAVED to false
Started output stream.

Input:                  	5198345 reads 		679720185 bases.
Result:                 	5198345 reads (100.00%) 	679720185 bases (100.00%)
Pairs:                  	5069140 reads (97.51%) 	663021911 bases (97.54%)
Singletons:             	129205 reads (2.49%) 	16698274 bases (2.46%)

Time:                         	121.081 seconds.
Reads Processed:       5198k 	42.93k reads/sec
Bases Processed:        679m 	5.61m bases/sec
java -ea -Xmx110632m -cp /opt/conda/opt/bbmap-38.90-3/current/ jgi.SplitPairsAndSingles rp in1=fq_fp1_clmp_fp2_fqscrn/LlC01006_CKDL210012719-1a-AK6260-AK8544_HF5TCDSX2_L1_clmp_fp2_r1.tagged_filter.fastq.gz in2=fq_fp1_clmp_fp2_fqscrn/LlC01006_CKDL210012719-1a-AK6260-AK8544_HF5TCDSX2_L1_clmp_fp2_r2.tagged_filter.fastq.gz out1=fq_fp1_clmp_fp2_fqscrn_repaired/LlC01006_CKDL210012719-1a-AK6260-AK8544_HF5TCDSX2_L1_clmp_fp2_repr.R1.fq.gz out2=fq_fp1_clmp_fp2_fqscrn_repaired/LlC01006_CKDL210012719-1a-AK6260-AK8544_HF5TCDSX2_L1_clmp_fp2_repr.R2.fq.gz outs=fq_fp1_clmp_fp2_fqscrn_repaired/orphans/LlC01006_CKDL210012719-1a-AK6260-AK8544_HF5TCDSX2_L1_clmp_fp2_repr.orph.fq repair
Executing jgi.SplitPairsAndSingles [rp, in1=fq_fp1_clmp_fp2_fqscrn/LlC01006_CKDL210012719-1a-AK6260-AK8544_HF5TCDSX2_L1_clmp_fp2_r1.tagged_filter.fastq.gz, in2=fq_fp1_clmp_fp2_fqscrn/LlC01006_CKDL210012719-1a-AK6260-AK8544_HF5TCDSX2_L1_clmp_fp2_r2.tagged_filter.fastq.gz, out1=fq_fp1_clmp_fp2_fqscrn_repaired/LlC01006_CKDL210012719-1a-AK6260-AK8544_HF5TCDSX2_L1_clmp_fp2_repr.R1.fq.gz, out2=fq_fp1_clmp_fp2_fqscrn_repaired/LlC01006_CKDL210012719-1a-AK6260-AK8544_HF5TCDSX2_L1_clmp_fp2_repr.R2.fq.gz, outs=fq_fp1_clmp_fp2_fqscrn_repaired/orphans/LlC01006_CKDL210012719-1a-AK6260-AK8544_HF5TCDSX2_L1_clmp_fp2_repr.orph.fq, repair]

Set INTERLEAVED to false
Started output stream.

Input:                  	9638054 reads 		1251913305 bases.
Result:                 	9638054 reads (100.00%) 	1251913305 bases (100.00%)
Pairs:                  	9385792 reads (97.38%) 	1219378744 bases (97.40%)
Singletons:             	252262 reads (2.62%) 	32534561 bases (2.60%)

Time:                         	228.803 seconds.
Reads Processed:       9638k 	42.12k reads/sec
Bases Processed:       1251m 	5.47m bases/sec
java -ea -Xmx44699m -cp /opt/conda/opt/bbmap-38.90-3/current/ jgi.SplitPairsAndSingles rp in1=fq_fp1_clmp_fp2_fqscrn/LlC01025_CKDL210012719-1a-AK3905-AK33_HF5TCDSX2_L1_clmp_fp2_r1.tagged_filter.fastq.gz in2=fq_fp1_clmp_fp2_fqscrn/LlC01025_CKDL210012719-1a-AK3905-AK33_HF5TCDSX2_L1_clmp_fp2_r2.tagged_filter.fastq.gz out1=fq_fp1_clmp_fp2_fqscrn_repaired/LlC01025_CKDL210012719-1a-AK3905-AK33_HF5TCDSX2_L1_clmp_fp2_repr.R1.fq.gz out2=fq_fp1_clmp_fp2_fqscrn_repaired/LlC01025_CKDL210012719-1a-AK3905-AK33_HF5TCDSX2_L1_clmp_fp2_repr.R2.fq.gz outs=fq_fp1_clmp_fp2_fqscrn_repaired/orphans/LlC01025_CKDL210012719-1a-AK3905-AK33_HF5TCDSX2_L1_clmp_fp2_repr.orph.fq repair
Executing jgi.SplitPairsAndSingles [rp, in1=fq_fp1_clmp_fp2_fqscrn/LlC01025_CKDL210012719-1a-AK3905-AK33_HF5TCDSX2_L1_clmp_fp2_r1.tagged_filter.fastq.gz, in2=fq_fp1_clmp_fp2_fqscrn/LlC01025_CKDL210012719-1a-AK3905-AK33_HF5TCDSX2_L1_clmp_fp2_r2.tagged_filter.fastq.gz, out1=fq_fp1_clmp_fp2_fqscrn_repaired/LlC01025_CKDL210012719-1a-AK3905-AK33_HF5TCDSX2_L1_clmp_fp2_repr.R1.fq.gz, out2=fq_fp1_clmp_fp2_fqscrn_repaired/LlC01025_CKDL210012719-1a-AK3905-AK33_HF5TCDSX2_L1_clmp_fp2_repr.R2.fq.gz, outs=fq_fp1_clmp_fp2_fqscrn_repaired/orphans/LlC01025_CKDL210012719-1a-AK3905-AK33_HF5TCDSX2_L1_clmp_fp2_repr.orph.fq, repair]

Set INTERLEAVED to false
Started output stream.

Input:                  	4331587 reads 		575504235 bases.
Result:                 	4331587 reads (100.00%) 	575504235 bases (100.00%)
Pairs:                  	4216872 reads (97.35%) 	560380455 bases (97.37%)
Singletons:             	114715 reads (2.65%) 	15123780 bases (2.63%)

Time:                         	99.976 seconds.
Reads Processed:       4331k 	43.33k reads/sec
Bases Processed:        575m 	5.76m bases/sec
java -ea -Xmx44841m -cp /opt/conda/opt/bbmap-38.90-3/current/ jgi.SplitPairsAndSingles rp in1=fq_fp1_clmp_fp2_fqscrn/LlC01028_CKDL210012719-1a-AK7761-7UDI227_HF5TCDSX2_L1_clmp_fp2_r1.tagged_filter.fastq.gz in2=fq_fp1_clmp_fp2_fqscrn/LlC01028_CKDL210012719-1a-AK7761-7UDI227_HF5TCDSX2_L1_clmp_fp2_r2.tagged_filter.fastq.gz out1=fq_fp1_clmp_fp2_fqscrn_repaired/LlC01028_CKDL210012719-1a-AK7761-7UDI227_HF5TCDSX2_L1_clmp_fp2_repr.R1.fq.gz out2=fq_fp1_clmp_fp2_fqscrn_repaired/LlC01028_CKDL210012719-1a-AK7761-7UDI227_HF5TCDSX2_L1_clmp_fp2_repr.R2.fq.gz outs=fq_fp1_clmp_fp2_fqscrn_repaired/orphans/LlC01028_CKDL210012719-1a-AK7761-7UDI227_HF5TCDSX2_L1_clmp_fp2_repr.orph.fq repair
Executing jgi.SplitPairsAndSingles [rp, in1=fq_fp1_clmp_fp2_fqscrn/LlC01028_CKDL210012719-1a-AK7761-7UDI227_HF5TCDSX2_L1_clmp_fp2_r1.tagged_filter.fastq.gz, in2=fq_fp1_clmp_fp2_fqscrn/LlC01028_CKDL210012719-1a-AK7761-7UDI227_HF5TCDSX2_L1_clmp_fp2_r2.tagged_filter.fastq.gz, out1=fq_fp1_clmp_fp2_fqscrn_repaired/LlC01028_CKDL210012719-1a-AK7761-7UDI227_HF5TCDSX2_L1_clmp_fp2_repr.R1.fq.gz, out2=fq_fp1_clmp_fp2_fqscrn_repaired/LlC01028_CKDL210012719-1a-AK7761-7UDI227_HF5TCDSX2_L1_clmp_fp2_repr.R2.fq.gz, outs=fq_fp1_clmp_fp2_fqscrn_repaired/orphans/LlC01028_CKDL210012719-1a-AK7761-7UDI227_HF5TCDSX2_L1_clmp_fp2_repr.orph.fq, repair]

Set INTERLEAVED to false
Started output stream.

Input:                  	4218863 reads 		558942258 bases.
Result:                 	4218863 reads (100.00%) 	558942258 bases (100.00%)
Pairs:                  	4104356 reads (97.29%) 	543841951 bases (97.30%)
Singletons:             	114507 reads (2.71%) 	15100307 bases (2.70%)

Time:                         	97.108 seconds.
Reads Processed:       4218k 	43.45k reads/sec
Bases Processed:        558m 	5.76m bases/sec
java -ea -Xmx50531m -cp /opt/conda/opt/bbmap-38.90-3/current/ jgi.SplitPairsAndSingles rp in1=fq_fp1_clmp_fp2_fqscrn/LlC01032_CKDL210012719-1a-AK9142-7UDI227_HF5TCDSX2_L1_clmp_fp2_r1.tagged_filter.fastq.gz in2=fq_fp1_clmp_fp2_fqscrn/LlC01032_CKDL210012719-1a-AK9142-7UDI227_HF5TCDSX2_L1_clmp_fp2_r2.tagged_filter.fastq.gz out1=fq_fp1_clmp_fp2_fqscrn_repaired/LlC01032_CKDL210012719-1a-AK9142-7UDI227_HF5TCDSX2_L1_clmp_fp2_repr.R1.fq.gz out2=fq_fp1_clmp_fp2_fqscrn_repaired/LlC01032_CKDL210012719-1a-AK9142-7UDI227_HF5TCDSX2_L1_clmp_fp2_repr.R2.fq.gz outs=fq_fp1_clmp_fp2_fqscrn_repaired/orphans/LlC01032_CKDL210012719-1a-AK9142-7UDI227_HF5TCDSX2_L1_clmp_fp2_repr.orph.fq repair
Executing jgi.SplitPairsAndSingles [rp, in1=fq_fp1_clmp_fp2_fqscrn/LlC01032_CKDL210012719-1a-AK9142-7UDI227_HF5TCDSX2_L1_clmp_fp2_r1.tagged_filter.fastq.gz, in2=fq_fp1_clmp_fp2_fqscrn/LlC01032_CKDL210012719-1a-AK9142-7UDI227_HF5TCDSX2_L1_clmp_fp2_r2.tagged_filter.fastq.gz, out1=fq_fp1_clmp_fp2_fqscrn_repaired/LlC01032_CKDL210012719-1a-AK9142-7UDI227_HF5TCDSX2_L1_clmp_fp2_repr.R1.fq.gz, out2=fq_fp1_clmp_fp2_fqscrn_repaired/LlC01032_CKDL210012719-1a-AK9142-7UDI227_HF5TCDSX2_L1_clmp_fp2_repr.R2.fq.gz, outs=fq_fp1_clmp_fp2_fqscrn_repaired/orphans/LlC01032_CKDL210012719-1a-AK9142-7UDI227_HF5TCDSX2_L1_clmp_fp2_repr.orph.fq, repair]

Set INTERLEAVED to false
Started output stream.

Input:                  	3624331 reads 		478747787 bases.
Result:                 	3624331 reads (100.00%) 	478747787 bases (100.00%)
Pairs:                  	3531566 reads (97.44%) 	466600177 bases (97.46%)
Singletons:             	92765 reads (2.56%) 	12147610 bases (2.54%)

Time:                         	86.361 seconds.
Reads Processed:       3624k 	41.97k reads/sec
Bases Processed:        478m 	5.54m bases/sec
java -ea -Xmx52022m -cp /opt/conda/opt/bbmap-38.90-3/current/ jgi.SplitPairsAndSingles rp in1=fq_fp1_clmp_fp2_fqscrn/LlC01034_CKDL210012719-1a-5UDI312-7UDI243_HF5TCDSX2_L1_clmp_fp2_r1.tagged_filter.fastq.gz in2=fq_fp1_clmp_fp2_fqscrn/LlC01034_CKDL210012719-1a-5UDI312-7UDI243_HF5TCDSX2_L1_clmp_fp2_r2.tagged_filter.fastq.gz out1=fq_fp1_clmp_fp2_fqscrn_repaired/LlC01034_CKDL210012719-1a-5UDI312-7UDI243_HF5TCDSX2_L1_clmp_fp2_repr.R1.fq.gz out2=fq_fp1_clmp_fp2_fqscrn_repaired/LlC01034_CKDL210012719-1a-5UDI312-7UDI243_HF5TCDSX2_L1_clmp_fp2_repr.R2.fq.gz outs=fq_fp1_clmp_fp2_fqscrn_repaired/orphans/LlC01034_CKDL210012719-1a-5UDI312-7UDI243_HF5TCDSX2_L1_clmp_fp2_repr.orph.fq repair
Executing jgi.SplitPairsAndSingles [rp, in1=fq_fp1_clmp_fp2_fqscrn/LlC01034_CKDL210012719-1a-5UDI312-7UDI243_HF5TCDSX2_L1_clmp_fp2_r1.tagged_filter.fastq.gz, in2=fq_fp1_clmp_fp2_fqscrn/LlC01034_CKDL210012719-1a-5UDI312-7UDI243_HF5TCDSX2_L1_clmp_fp2_r2.tagged_filter.fastq.gz, out1=fq_fp1_clmp_fp2_fqscrn_repaired/LlC01034_CKDL210012719-1a-5UDI312-7UDI243_HF5TCDSX2_L1_clmp_fp2_repr.R1.fq.gz, out2=fq_fp1_clmp_fp2_fqscrn_repaired/LlC01034_CKDL210012719-1a-5UDI312-7UDI243_HF5TCDSX2_L1_clmp_fp2_repr.R2.fq.gz, outs=fq_fp1_clmp_fp2_fqscrn_repaired/orphans/LlC01034_CKDL210012719-1a-5UDI312-7UDI243_HF5TCDSX2_L1_clmp_fp2_repr.orph.fq, repair]

Set INTERLEAVED to false
Started output stream.

Input:                  	3419413 reads 		458760006 bases.
Result:                 	3419413 reads (100.00%) 	458760006 bases (100.00%)
Pairs:                  	3329314 reads (97.37%) 	446803268 bases (97.39%)
Singletons:             	90099 reads (2.63%) 	11956738 bases (2.61%)

Time:                         	80.408 seconds.
Reads Processed:       3419k 	42.53k reads/sec
Bases Processed:        458m 	5.71m bases/sec
java -ea -Xmx58382m -cp /opt/conda/opt/bbmap-38.90-3/current/ jgi.SplitPairsAndSingles rp in1=fq_fp1_clmp_fp2_fqscrn/LlC01052_CKDL210012719-1a-AK6260-AK892_HF5TCDSX2_L1_clmp_fp2_r1.tagged_filter.fastq.gz in2=fq_fp1_clmp_fp2_fqscrn/LlC01052_CKDL210012719-1a-AK6260-AK892_HF5TCDSX2_L1_clmp_fp2_r2.tagged_filter.fastq.gz out1=fq_fp1_clmp_fp2_fqscrn_repaired/LlC01052_CKDL210012719-1a-AK6260-AK892_HF5TCDSX2_L1_clmp_fp2_repr.R1.fq.gz out2=fq_fp1_clmp_fp2_fqscrn_repaired/LlC01052_CKDL210012719-1a-AK6260-AK892_HF5TCDSX2_L1_clmp_fp2_repr.R2.fq.gz outs=fq_fp1_clmp_fp2_fqscrn_repaired/orphans/LlC01052_CKDL210012719-1a-AK6260-AK892_HF5TCDSX2_L1_clmp_fp2_repr.orph.fq repair
Executing jgi.SplitPairsAndSingles [rp, in1=fq_fp1_clmp_fp2_fqscrn/LlC01052_CKDL210012719-1a-AK6260-AK892_HF5TCDSX2_L1_clmp_fp2_r1.tagged_filter.fastq.gz, in2=fq_fp1_clmp_fp2_fqscrn/LlC01052_CKDL210012719-1a-AK6260-AK892_HF5TCDSX2_L1_clmp_fp2_r2.tagged_filter.fastq.gz, out1=fq_fp1_clmp_fp2_fqscrn_repaired/LlC01052_CKDL210012719-1a-AK6260-AK892_HF5TCDSX2_L1_clmp_fp2_repr.R1.fq.gz, out2=fq_fp1_clmp_fp2_fqscrn_repaired/LlC01052_CKDL210012719-1a-AK6260-AK892_HF5TCDSX2_L1_clmp_fp2_repr.R2.fq.gz, outs=fq_fp1_clmp_fp2_fqscrn_repaired/orphans/LlC01052_CKDL210012719-1a-AK6260-AK892_HF5TCDSX2_L1_clmp_fp2_repr.orph.fq, repair]

Set INTERLEAVED to false
Started output stream.

Input:                  	1847934 reads 		243056427 bases.
Result:                 	1847934 reads (100.00%) 	243056427 bases (100.00%)
Pairs:                  	1799502 reads (97.38%) 	236735074 bases (97.40%)
Singletons:             	48432 reads (2.62%) 	6321353 bases (2.60%)

Time:                         	48.404 seconds.
Reads Processed:       1847k 	38.18k reads/sec
Bases Processed:        243m 	5.02m bases/sec
java -ea -Xmx50122m -cp /opt/conda/opt/bbmap-38.90-3/current/ jgi.SplitPairsAndSingles rp in1=fq_fp1_clmp_fp2_fqscrn/LlC01036_CKDL210012719-1a-AK7010-7UDI243_HF5TCDSX2_L1_clmp_fp2_r1.tagged_filter.fastq.gz in2=fq_fp1_clmp_fp2_fqscrn/LlC01036_CKDL210012719-1a-AK7010-7UDI243_HF5TCDSX2_L1_clmp_fp2_r2.tagged_filter.fastq.gz out1=fq_fp1_clmp_fp2_fqscrn_repaired/LlC01036_CKDL210012719-1a-AK7010-7UDI243_HF5TCDSX2_L1_clmp_fp2_repr.R1.fq.gz out2=fq_fp1_clmp_fp2_fqscrn_repaired/LlC01036_CKDL210012719-1a-AK7010-7UDI243_HF5TCDSX2_L1_clmp_fp2_repr.R2.fq.gz outs=fq_fp1_clmp_fp2_fqscrn_repaired/orphans/LlC01036_CKDL210012719-1a-AK7010-7UDI243_HF5TCDSX2_L1_clmp_fp2_repr.orph.fq repair
Executing jgi.SplitPairsAndSingles [rp, in1=fq_fp1_clmp_fp2_fqscrn/LlC01036_CKDL210012719-1a-AK7010-7UDI243_HF5TCDSX2_L1_clmp_fp2_r1.tagged_filter.fastq.gz, in2=fq_fp1_clmp_fp2_fqscrn/LlC01036_CKDL210012719-1a-AK7010-7UDI243_HF5TCDSX2_L1_clmp_fp2_r2.tagged_filter.fastq.gz, out1=fq_fp1_clmp_fp2_fqscrn_repaired/LlC01036_CKDL210012719-1a-AK7010-7UDI243_HF5TCDSX2_L1_clmp_fp2_repr.R1.fq.gz, out2=fq_fp1_clmp_fp2_fqscrn_repaired/LlC01036_CKDL210012719-1a-AK7010-7UDI243_HF5TCDSX2_L1_clmp_fp2_repr.R2.fq.gz, outs=fq_fp1_clmp_fp2_fqscrn_repaired/orphans/LlC01036_CKDL210012719-1a-AK7010-7UDI243_HF5TCDSX2_L1_clmp_fp2_repr.orph.fq, repair]

Set INTERLEAVED to false
Started output stream.

Input:                  	4428461 reads 		587102891 bases.
Result:                 	4428461 reads (100.00%) 	587102891 bases (100.00%)
Pairs:                  	4322168 reads (97.60%) 	573299556 bases (97.65%)
Singletons:             	106293 reads (2.40%) 	13803335 bases (2.35%)

Time:                         	101.019 seconds.
Reads Processed:       4428k 	43.84k reads/sec
Bases Processed:        587m 	5.81m bases/sec
java -ea -Xmx39147m -cp /opt/conda/opt/bbmap-38.90-3/current/ jgi.SplitPairsAndSingles rp in1=fq_fp1_clmp_fp2_fqscrn/LlC01023_CKDL210012719-1a-AK7759-AK33_HF5TCDSX2_L1_clmp_fp2_r1.tagged_filter.fastq.gz in2=fq_fp1_clmp_fp2_fqscrn/LlC01023_CKDL210012719-1a-AK7759-AK33_HF5TCDSX2_L1_clmp_fp2_r2.tagged_filter.fastq.gz out1=fq_fp1_clmp_fp2_fqscrn_repaired/LlC01023_CKDL210012719-1a-AK7759-AK33_HF5TCDSX2_L1_clmp_fp2_repr.R1.fq.gz out2=fq_fp1_clmp_fp2_fqscrn_repaired/LlC01023_CKDL210012719-1a-AK7759-AK33_HF5TCDSX2_L1_clmp_fp2_repr.R2.fq.gz outs=fq_fp1_clmp_fp2_fqscrn_repaired/orphans/LlC01023_CKDL210012719-1a-AK7759-AK33_HF5TCDSX2_L1_clmp_fp2_repr.orph.fq repair
Executing jgi.SplitPairsAndSingles [rp, in1=fq_fp1_clmp_fp2_fqscrn/LlC01023_CKDL210012719-1a-AK7759-AK33_HF5TCDSX2_L1_clmp_fp2_r1.tagged_filter.fastq.gz, in2=fq_fp1_clmp_fp2_fqscrn/LlC01023_CKDL210012719-1a-AK7759-AK33_HF5TCDSX2_L1_clmp_fp2_r2.tagged_filter.fastq.gz, out1=fq_fp1_clmp_fp2_fqscrn_repaired/LlC01023_CKDL210012719-1a-AK7759-AK33_HF5TCDSX2_L1_clmp_fp2_repr.R1.fq.gz, out2=fq_fp1_clmp_fp2_fqscrn_repaired/LlC01023_CKDL210012719-1a-AK7759-AK33_HF5TCDSX2_L1_clmp_fp2_repr.R2.fq.gz, outs=fq_fp1_clmp_fp2_fqscrn_repaired/orphans/LlC01023_CKDL210012719-1a-AK7759-AK33_HF5TCDSX2_L1_clmp_fp2_repr.orph.fq, repair]

Set INTERLEAVED to false
Started output stream.

Input:                  	6419215 reads 		845215129 bases.
Result:                 	6419215 reads (100.00%) 	845215129 bases (100.00%)
Pairs:                  	6252016 reads (97.40%) 	823276124 bases (97.40%)
Singletons:             	167199 reads (2.60%) 	21939005 bases (2.60%)

Time:                         	143.506 seconds.
Reads Processed:       6419k 	44.73k reads/sec
Bases Processed:        845m 	5.89m bases/sec
java -ea -Xmx50351m -cp /opt/conda/opt/bbmap-38.90-3/current/ jgi.SplitPairsAndSingles rp in1=fq_fp1_clmp_fp2_fqscrn/LlC01039_CKDL210012719-1a-AK7761-AK4997_HF5TCDSX2_L1_clmp_fp2_r1.tagged_filter.fastq.gz in2=fq_fp1_clmp_fp2_fqscrn/LlC01039_CKDL210012719-1a-AK7761-AK4997_HF5TCDSX2_L1_clmp_fp2_r2.tagged_filter.fastq.gz out1=fq_fp1_clmp_fp2_fqscrn_repaired/LlC01039_CKDL210012719-1a-AK7761-AK4997_HF5TCDSX2_L1_clmp_fp2_repr.R1.fq.gz out2=fq_fp1_clmp_fp2_fqscrn_repaired/LlC01039_CKDL210012719-1a-AK7761-AK4997_HF5TCDSX2_L1_clmp_fp2_repr.R2.fq.gz outs=fq_fp1_clmp_fp2_fqscrn_repaired/orphans/LlC01039_CKDL210012719-1a-AK7761-AK4997_HF5TCDSX2_L1_clmp_fp2_repr.orph.fq repair
Executing jgi.SplitPairsAndSingles [rp, in1=fq_fp1_clmp_fp2_fqscrn/LlC01039_CKDL210012719-1a-AK7761-AK4997_HF5TCDSX2_L1_clmp_fp2_r1.tagged_filter.fastq.gz, in2=fq_fp1_clmp_fp2_fqscrn/LlC01039_CKDL210012719-1a-AK7761-AK4997_HF5TCDSX2_L1_clmp_fp2_r2.tagged_filter.fastq.gz, out1=fq_fp1_clmp_fp2_fqscrn_repaired/LlC01039_CKDL210012719-1a-AK7761-AK4997_HF5TCDSX2_L1_clmp_fp2_repr.R1.fq.gz, out2=fq_fp1_clmp_fp2_fqscrn_repaired/LlC01039_CKDL210012719-1a-AK7761-AK4997_HF5TCDSX2_L1_clmp_fp2_repr.R2.fq.gz, outs=fq_fp1_clmp_fp2_fqscrn_repaired/orphans/LlC01039_CKDL210012719-1a-AK7761-AK4997_HF5TCDSX2_L1_clmp_fp2_repr.orph.fq, repair]

Set INTERLEAVED to false
Started output stream.

Input:                  	3972964 reads 		538476138 bases.
Result:                 	3972964 reads (100.00%) 	538476138 bases (100.00%)
Pairs:                  	3852702 reads (96.97%) 	522387946 bases (97.01%)
Singletons:             	120262 reads (3.03%) 	16088192 bases (2.99%)

Time:                         	93.643 seconds.
Reads Processed:       3972k 	42.43k reads/sec
Bases Processed:        538m 	5.75m bases/sec
java -ea -Xmx47772m -cp /opt/conda/opt/bbmap-38.90-3/current/ jgi.SplitPairsAndSingles rp in1=fq_fp1_clmp_fp2_fqscrn/LlC01030_CKDL210012719-1a-AK9142-AK33_HF5TCDSX2_L1_clmp_fp2_r1.tagged_filter.fastq.gz in2=fq_fp1_clmp_fp2_fqscrn/LlC01030_CKDL210012719-1a-AK9142-AK33_HF5TCDSX2_L1_clmp_fp2_r2.tagged_filter.fastq.gz out1=fq_fp1_clmp_fp2_fqscrn_repaired/LlC01030_CKDL210012719-1a-AK9142-AK33_HF5TCDSX2_L1_clmp_fp2_repr.R1.fq.gz out2=fq_fp1_clmp_fp2_fqscrn_repaired/LlC01030_CKDL210012719-1a-AK9142-AK33_HF5TCDSX2_L1_clmp_fp2_repr.R2.fq.gz outs=fq_fp1_clmp_fp2_fqscrn_repaired/orphans/LlC01030_CKDL210012719-1a-AK9142-AK33_HF5TCDSX2_L1_clmp_fp2_repr.orph.fq repair
Executing jgi.SplitPairsAndSingles [rp, in1=fq_fp1_clmp_fp2_fqscrn/LlC01030_CKDL210012719-1a-AK9142-AK33_HF5TCDSX2_L1_clmp_fp2_r1.tagged_filter.fastq.gz, in2=fq_fp1_clmp_fp2_fqscrn/LlC01030_CKDL210012719-1a-AK9142-AK33_HF5TCDSX2_L1_clmp_fp2_r2.tagged_filter.fastq.gz, out1=fq_fp1_clmp_fp2_fqscrn_repaired/LlC01030_CKDL210012719-1a-AK9142-AK33_HF5TCDSX2_L1_clmp_fp2_repr.R1.fq.gz, out2=fq_fp1_clmp_fp2_fqscrn_repaired/LlC01030_CKDL210012719-1a-AK9142-AK33_HF5TCDSX2_L1_clmp_fp2_repr.R2.fq.gz, outs=fq_fp1_clmp_fp2_fqscrn_repaired/orphans/LlC01030_CKDL210012719-1a-AK9142-AK33_HF5TCDSX2_L1_clmp_fp2_repr.orph.fq, repair]

Set INTERLEAVED to false
Started output stream.

Input:                  	4873681 reads 		648775645 bases.
Result:                 	4873681 reads (100.00%) 	648775645 bases (100.00%)
Pairs:                  	4748732 reads (97.44%) 	632297153 bases (97.46%)
Singletons:             	124949 reads (2.56%) 	16478492 bases (2.54%)

Time:                         	115.841 seconds.
Reads Processed:       4873k 	42.07k reads/sec
Bases Processed:        648m 	5.60m bases/sec
java -ea -Xmx63749m -cp /opt/conda/opt/bbmap-38.90-3/current/ jgi.SplitPairsAndSingles rp in1=fq_fp1_clmp_fp2_fqscrn/LlC01049_CKDL210012719-1a-AK7010-7UDI298_HF5TCDSX2_L1_clmp_fp2_r1.tagged_filter.fastq.gz in2=fq_fp1_clmp_fp2_fqscrn/LlC01049_CKDL210012719-1a-AK7010-7UDI298_HF5TCDSX2_L1_clmp_fp2_r2.tagged_filter.fastq.gz out1=fq_fp1_clmp_fp2_fqscrn_repaired/LlC01049_CKDL210012719-1a-AK7010-7UDI298_HF5TCDSX2_L1_clmp_fp2_repr.R1.fq.gz out2=fq_fp1_clmp_fp2_fqscrn_repaired/LlC01049_CKDL210012719-1a-AK7010-7UDI298_HF5TCDSX2_L1_clmp_fp2_repr.R2.fq.gz outs=fq_fp1_clmp_fp2_fqscrn_repaired/orphans/LlC01049_CKDL210012719-1a-AK7010-7UDI298_HF5TCDSX2_L1_clmp_fp2_repr.orph.fq repair
Executing jgi.SplitPairsAndSingles [rp, in1=fq_fp1_clmp_fp2_fqscrn/LlC01049_CKDL210012719-1a-AK7010-7UDI298_HF5TCDSX2_L1_clmp_fp2_r1.tagged_filter.fastq.gz, in2=fq_fp1_clmp_fp2_fqscrn/LlC01049_CKDL210012719-1a-AK7010-7UDI298_HF5TCDSX2_L1_clmp_fp2_r2.tagged_filter.fastq.gz, out1=fq_fp1_clmp_fp2_fqscrn_repaired/LlC01049_CKDL210012719-1a-AK7010-7UDI298_HF5TCDSX2_L1_clmp_fp2_repr.R1.fq.gz, out2=fq_fp1_clmp_fp2_fqscrn_repaired/LlC01049_CKDL210012719-1a-AK7010-7UDI298_HF5TCDSX2_L1_clmp_fp2_repr.R2.fq.gz, outs=fq_fp1_clmp_fp2_fqscrn_repaired/orphans/LlC01049_CKDL210012719-1a-AK7010-7UDI298_HF5TCDSX2_L1_clmp_fp2_repr.orph.fq, repair]

Set INTERLEAVED to false
Started output stream.

Input:                  	2838765 reads 		378980281 bases.
Result:                 	2838765 reads (100.00%) 	378980281 bases (100.00%)
Pairs:                  	2766074 reads (97.44%) 	369361695 bases (97.46%)
Singletons:             	72691 reads (2.56%) 	9618586 bases (2.54%)

Time:                         	71.112 seconds.
Reads Processed:       2838k 	39.92k reads/sec
Bases Processed:        378m 	5.33m bases/sec
java -ea -Xmx49747m -cp /opt/conda/opt/bbmap-38.90-3/current/ jgi.SplitPairsAndSingles rp in1=fq_fp1_clmp_fp2_fqscrn/LlC01037_CKDL210012719-1a-AK6881-AK8544_HF5TCDSX2_L1_clmp_fp2_r1.tagged_filter.fastq.gz in2=fq_fp1_clmp_fp2_fqscrn/LlC01037_CKDL210012719-1a-AK6881-AK8544_HF5TCDSX2_L1_clmp_fp2_r2.tagged_filter.fastq.gz out1=fq_fp1_clmp_fp2_fqscrn_repaired/LlC01037_CKDL210012719-1a-AK6881-AK8544_HF5TCDSX2_L1_clmp_fp2_repr.R1.fq.gz out2=fq_fp1_clmp_fp2_fqscrn_repaired/LlC01037_CKDL210012719-1a-AK6881-AK8544_HF5TCDSX2_L1_clmp_fp2_repr.R2.fq.gz outs=fq_fp1_clmp_fp2_fqscrn_repaired/orphans/LlC01037_CKDL210012719-1a-AK6881-AK8544_HF5TCDSX2_L1_clmp_fp2_repr.orph.fq repair
Executing jgi.SplitPairsAndSingles [rp, in1=fq_fp1_clmp_fp2_fqscrn/LlC01037_CKDL210012719-1a-AK6881-AK8544_HF5TCDSX2_L1_clmp_fp2_r1.tagged_filter.fastq.gz, in2=fq_fp1_clmp_fp2_fqscrn/LlC01037_CKDL210012719-1a-AK6881-AK8544_HF5TCDSX2_L1_clmp_fp2_r2.tagged_filter.fastq.gz, out1=fq_fp1_clmp_fp2_fqscrn_repaired/LlC01037_CKDL210012719-1a-AK6881-AK8544_HF5TCDSX2_L1_clmp_fp2_repr.R1.fq.gz, out2=fq_fp1_clmp_fp2_fqscrn_repaired/LlC01037_CKDL210012719-1a-AK6881-AK8544_HF5TCDSX2_L1_clmp_fp2_repr.R2.fq.gz, outs=fq_fp1_clmp_fp2_fqscrn_repaired/orphans/LlC01037_CKDL210012719-1a-AK6881-AK8544_HF5TCDSX2_L1_clmp_fp2_repr.orph.fq, repair]

Set INTERLEAVED to false
Started output stream.

Input:                  	5102696 reads 		675681444 bases.
Result:                 	5102696 reads (100.00%) 	675681444 bases (100.00%)
Pairs:                  	4974832 reads (97.49%) 	658996013 bases (97.53%)
Singletons:             	127864 reads (2.51%) 	16685431 bases (2.47%)

Time:                         	111.273 seconds.
Reads Processed:       5102k 	45.86k reads/sec
Bases Processed:        675m 	6.07m bases/sec
java -ea -Xmx63871m -cp /opt/conda/opt/bbmap-38.90-3/current/ jgi.SplitPairsAndSingles rp in1=fq_fp1_clmp_fp2_fqscrn/LlC01047_CKDL210012719-1a-AK7759-7UDI243_HF5TCDSX2_L1_clmp_fp2_r1.tagged_filter.fastq.gz in2=fq_fp1_clmp_fp2_fqscrn/LlC01047_CKDL210012719-1a-AK7759-7UDI243_HF5TCDSX2_L1_clmp_fp2_r2.tagged_filter.fastq.gz out1=fq_fp1_clmp_fp2_fqscrn_repaired/LlC01047_CKDL210012719-1a-AK7759-7UDI243_HF5TCDSX2_L1_clmp_fp2_repr.R1.fq.gz out2=fq_fp1_clmp_fp2_fqscrn_repaired/LlC01047_CKDL210012719-1a-AK7759-7UDI243_HF5TCDSX2_L1_clmp_fp2_repr.R2.fq.gz outs=fq_fp1_clmp_fp2_fqscrn_repaired/orphans/LlC01047_CKDL210012719-1a-AK7759-7UDI243_HF5TCDSX2_L1_clmp_fp2_repr.orph.fq repair
Executing jgi.SplitPairsAndSingles [rp, in1=fq_fp1_clmp_fp2_fqscrn/LlC01047_CKDL210012719-1a-AK7759-7UDI243_HF5TCDSX2_L1_clmp_fp2_r1.tagged_filter.fastq.gz, in2=fq_fp1_clmp_fp2_fqscrn/LlC01047_CKDL210012719-1a-AK7759-7UDI243_HF5TCDSX2_L1_clmp_fp2_r2.tagged_filter.fastq.gz, out1=fq_fp1_clmp_fp2_fqscrn_repaired/LlC01047_CKDL210012719-1a-AK7759-7UDI243_HF5TCDSX2_L1_clmp_fp2_repr.R1.fq.gz, out2=fq_fp1_clmp_fp2_fqscrn_repaired/LlC01047_CKDL210012719-1a-AK7759-7UDI243_HF5TCDSX2_L1_clmp_fp2_repr.R2.fq.gz, outs=fq_fp1_clmp_fp2_fqscrn_repaired/orphans/LlC01047_CKDL210012719-1a-AK7759-7UDI243_HF5TCDSX2_L1_clmp_fp2_repr.orph.fq, repair]

Set INTERLEAVED to false
Started output stream.

Input:                  	3114464 reads 		409861905 bases.
Result:                 	3114464 reads (100.00%) 	409861905 bases (100.00%)
Pairs:                  	3033126 reads (97.39%) 	399324670 bases (97.43%)
Singletons:             	81338 reads (2.61%) 	10537235 bases (2.57%)

Time:                         	77.498 seconds.
Reads Processed:       3114k 	40.19k reads/sec
Bases Processed:        409m 	5.29m bases/sec
java -ea -Xmx54152m -cp /opt/conda/opt/bbmap-38.90-3/current/ jgi.SplitPairsAndSingles rp in1=fq_fp1_clmp_fp2_fqscrn/LlC01046_CKDL210012719-1a-AK8587-AK892_HF5TCDSX2_L1_clmp_fp2_r1.tagged_filter.fastq.gz in2=fq_fp1_clmp_fp2_fqscrn/LlC01046_CKDL210012719-1a-AK8587-AK892_HF5TCDSX2_L1_clmp_fp2_r2.tagged_filter.fastq.gz out1=fq_fp1_clmp_fp2_fqscrn_repaired/LlC01046_CKDL210012719-1a-AK8587-AK892_HF5TCDSX2_L1_clmp_fp2_repr.R1.fq.gz out2=fq_fp1_clmp_fp2_fqscrn_repaired/LlC01046_CKDL210012719-1a-AK8587-AK892_HF5TCDSX2_L1_clmp_fp2_repr.R2.fq.gz outs=fq_fp1_clmp_fp2_fqscrn_repaired/orphans/LlC01046_CKDL210012719-1a-AK8587-AK892_HF5TCDSX2_L1_clmp_fp2_repr.orph.fq repair
Executing jgi.SplitPairsAndSingles [rp, in1=fq_fp1_clmp_fp2_fqscrn/LlC01046_CKDL210012719-1a-AK8587-AK892_HF5TCDSX2_L1_clmp_fp2_r1.tagged_filter.fastq.gz, in2=fq_fp1_clmp_fp2_fqscrn/LlC01046_CKDL210012719-1a-AK8587-AK892_HF5TCDSX2_L1_clmp_fp2_r2.tagged_filter.fastq.gz, out1=fq_fp1_clmp_fp2_fqscrn_repaired/LlC01046_CKDL210012719-1a-AK8587-AK892_HF5TCDSX2_L1_clmp_fp2_repr.R1.fq.gz, out2=fq_fp1_clmp_fp2_fqscrn_repaired/LlC01046_CKDL210012719-1a-AK8587-AK892_HF5TCDSX2_L1_clmp_fp2_repr.R2.fq.gz, outs=fq_fp1_clmp_fp2_fqscrn_repaired/orphans/LlC01046_CKDL210012719-1a-AK8587-AK892_HF5TCDSX2_L1_clmp_fp2_repr.orph.fq, repair]

Set INTERLEAVED to false
Started output stream.

Input:                  	3886789 reads 		520941794 bases.
Result:                 	3886789 reads (100.00%) 	520941794 bases (100.00%)
Pairs:                  	3779592 reads (97.24%) 	506638754 bases (97.25%)
Singletons:             	107197 reads (2.76%) 	14303040 bases (2.75%)

Time:                         	92.141 seconds.
Reads Processed:       3886k 	42.18k reads/sec
Bases Processed:        520m 	5.65m bases/sec
java -ea -Xmx67216m -cp /opt/conda/opt/bbmap-38.90-3/current/ jgi.SplitPairsAndSingles rp in1=fq_fp1_clmp_fp2_fqscrn/LlC01061_CKDL210012719-1a-AK9141-AK33_HF5TCDSX2_L1_clmp_fp2_r1.tagged_filter.fastq.gz in2=fq_fp1_clmp_fp2_fqscrn/LlC01061_CKDL210012719-1a-AK9141-AK33_HF5TCDSX2_L1_clmp_fp2_r2.tagged_filter.fastq.gz out1=fq_fp1_clmp_fp2_fqscrn_repaired/LlC01061_CKDL210012719-1a-AK9141-AK33_HF5TCDSX2_L1_clmp_fp2_repr.R1.fq.gz out2=fq_fp1_clmp_fp2_fqscrn_repaired/LlC01061_CKDL210012719-1a-AK9141-AK33_HF5TCDSX2_L1_clmp_fp2_repr.R2.fq.gz outs=fq_fp1_clmp_fp2_fqscrn_repaired/orphans/LlC01061_CKDL210012719-1a-AK9141-AK33_HF5TCDSX2_L1_clmp_fp2_repr.orph.fq repair
Executing jgi.SplitPairsAndSingles [rp, in1=fq_fp1_clmp_fp2_fqscrn/LlC01061_CKDL210012719-1a-AK9141-AK33_HF5TCDSX2_L1_clmp_fp2_r1.tagged_filter.fastq.gz, in2=fq_fp1_clmp_fp2_fqscrn/LlC01061_CKDL210012719-1a-AK9141-AK33_HF5TCDSX2_L1_clmp_fp2_r2.tagged_filter.fastq.gz, out1=fq_fp1_clmp_fp2_fqscrn_repaired/LlC01061_CKDL210012719-1a-AK9141-AK33_HF5TCDSX2_L1_clmp_fp2_repr.R1.fq.gz, out2=fq_fp1_clmp_fp2_fqscrn_repaired/LlC01061_CKDL210012719-1a-AK9141-AK33_HF5TCDSX2_L1_clmp_fp2_repr.R2.fq.gz, outs=fq_fp1_clmp_fp2_fqscrn_repaired/orphans/LlC01061_CKDL210012719-1a-AK9141-AK33_HF5TCDSX2_L1_clmp_fp2_repr.orph.fq, repair]

Set INTERLEAVED to false
Started output stream.

Input:                  	2263252 reads 		301864528 bases.
Result:                 	2263252 reads (100.00%) 	301864528 bases (100.00%)
Pairs:                  	2205648 reads (97.45%) 	294183445 bases (97.46%)
Singletons:             	57604 reads (2.55%) 	7681083 bases (2.54%)

Time:                         	55.781 seconds.
Reads Processed:       2263k 	40.57k reads/sec
Bases Processed:        301m 	5.41m bases/sec
java -ea -Xmx54831m -cp /opt/conda/opt/bbmap-38.90-3/current/ jgi.SplitPairsAndSingles rp in1=fq_fp1_clmp_fp2_fqscrn/LlC01044_CKDL210012719-1a-5UDI312-AK4997_HF5TCDSX2_L1_clmp_fp2_r1.tagged_filter.fastq.gz in2=fq_fp1_clmp_fp2_fqscrn/LlC01044_CKDL210012719-1a-5UDI312-AK4997_HF5TCDSX2_L1_clmp_fp2_r2.tagged_filter.fastq.gz out1=fq_fp1_clmp_fp2_fqscrn_repaired/LlC01044_CKDL210012719-1a-5UDI312-AK4997_HF5TCDSX2_L1_clmp_fp2_repr.R1.fq.gz out2=fq_fp1_clmp_fp2_fqscrn_repaired/LlC01044_CKDL210012719-1a-5UDI312-AK4997_HF5TCDSX2_L1_clmp_fp2_repr.R2.fq.gz outs=fq_fp1_clmp_fp2_fqscrn_repaired/orphans/LlC01044_CKDL210012719-1a-5UDI312-AK4997_HF5TCDSX2_L1_clmp_fp2_repr.orph.fq repair
Executing jgi.SplitPairsAndSingles [rp, in1=fq_fp1_clmp_fp2_fqscrn/LlC01044_CKDL210012719-1a-5UDI312-AK4997_HF5TCDSX2_L1_clmp_fp2_r1.tagged_filter.fastq.gz, in2=fq_fp1_clmp_fp2_fqscrn/LlC01044_CKDL210012719-1a-5UDI312-AK4997_HF5TCDSX2_L1_clmp_fp2_r2.tagged_filter.fastq.gz, out1=fq_fp1_clmp_fp2_fqscrn_repaired/LlC01044_CKDL210012719-1a-5UDI312-AK4997_HF5TCDSX2_L1_clmp_fp2_repr.R1.fq.gz, out2=fq_fp1_clmp_fp2_fqscrn_repaired/LlC01044_CKDL210012719-1a-5UDI312-AK4997_HF5TCDSX2_L1_clmp_fp2_repr.R2.fq.gz, outs=fq_fp1_clmp_fp2_fqscrn_repaired/orphans/LlC01044_CKDL210012719-1a-5UDI312-AK4997_HF5TCDSX2_L1_clmp_fp2_repr.orph.fq, repair]

Set INTERLEAVED to false
Started output stream.

Input:                  	4307467 reads 		562373671 bases.
Result:                 	4307467 reads (100.00%) 	562373671 bases (100.00%)
Pairs:                  	4200094 reads (97.51%) 	548591296 bases (97.55%)
Singletons:             	107373 reads (2.49%) 	13782375 bases (2.45%)

Time:                         	96.284 seconds.
Reads Processed:       4307k 	44.74k reads/sec
Bases Processed:        562m 	5.84m bases/sec
java -ea -Xmx41379m -cp /opt/conda/opt/bbmap-38.90-3/current/ jgi.SplitPairsAndSingles rp in1=fq_fp1_clmp_fp2_fqscrn/LlC01021_CKDL210012719-1a-AK8410-AK8544_HF5TCDSX2_L1_clmp_fp2_r1.tagged_filter.fastq.gz in2=fq_fp1_clmp_fp2_fqscrn/LlC01021_CKDL210012719-1a-AK8410-AK8544_HF5TCDSX2_L1_clmp_fp2_r2.tagged_filter.fastq.gz out1=fq_fp1_clmp_fp2_fqscrn_repaired/LlC01021_CKDL210012719-1a-AK8410-AK8544_HF5TCDSX2_L1_clmp_fp2_repr.R1.fq.gz out2=fq_fp1_clmp_fp2_fqscrn_repaired/LlC01021_CKDL210012719-1a-AK8410-AK8544_HF5TCDSX2_L1_clmp_fp2_repr.R2.fq.gz outs=fq_fp1_clmp_fp2_fqscrn_repaired/orphans/LlC01021_CKDL210012719-1a-AK8410-AK8544_HF5TCDSX2_L1_clmp_fp2_repr.orph.fq repair
Executing jgi.SplitPairsAndSingles [rp, in1=fq_fp1_clmp_fp2_fqscrn/LlC01021_CKDL210012719-1a-AK8410-AK8544_HF5TCDSX2_L1_clmp_fp2_r1.tagged_filter.fastq.gz, in2=fq_fp1_clmp_fp2_fqscrn/LlC01021_CKDL210012719-1a-AK8410-AK8544_HF5TCDSX2_L1_clmp_fp2_r2.tagged_filter.fastq.gz, out1=fq_fp1_clmp_fp2_fqscrn_repaired/LlC01021_CKDL210012719-1a-AK8410-AK8544_HF5TCDSX2_L1_clmp_fp2_repr.R1.fq.gz, out2=fq_fp1_clmp_fp2_fqscrn_repaired/LlC01021_CKDL210012719-1a-AK8410-AK8544_HF5TCDSX2_L1_clmp_fp2_repr.R2.fq.gz, outs=fq_fp1_clmp_fp2_fqscrn_repaired/orphans/LlC01021_CKDL210012719-1a-AK8410-AK8544_HF5TCDSX2_L1_clmp_fp2_repr.orph.fq, repair]

Set INTERLEAVED to false
Started output stream.

Input:                  	7332377 reads 		969263675 bases.
Result:                 	7332377 reads (100.00%) 	969263675 bases (100.00%)
Pairs:                  	7143076 reads (97.42%) 	944462288 bases (97.44%)
Singletons:             	189301 reads (2.58%) 	24801387 bases (2.56%)

Time:                         	169.304 seconds.
Reads Processed:       7332k 	43.31k reads/sec
Bases Processed:        969m 	5.72m bases/sec
java -ea -Xmx57124m -cp /opt/conda/opt/bbmap-38.90-3/current/ jgi.SplitPairsAndSingles rp in1=fq_fp1_clmp_fp2_fqscrn/LlC01051_CKDL210012719-1a-AK6260-7UDI243_HF5TCDSX2_L1_clmp_fp2_r1.tagged_filter.fastq.gz in2=fq_fp1_clmp_fp2_fqscrn/LlC01051_CKDL210012719-1a-AK6260-7UDI243_HF5TCDSX2_L1_clmp_fp2_r2.tagged_filter.fastq.gz out1=fq_fp1_clmp_fp2_fqscrn_repaired/LlC01051_CKDL210012719-1a-AK6260-7UDI243_HF5TCDSX2_L1_clmp_fp2_repr.R1.fq.gz out2=fq_fp1_clmp_fp2_fqscrn_repaired/LlC01051_CKDL210012719-1a-AK6260-7UDI243_HF5TCDSX2_L1_clmp_fp2_repr.R2.fq.gz outs=fq_fp1_clmp_fp2_fqscrn_repaired/orphans/LlC01051_CKDL210012719-1a-AK6260-7UDI243_HF5TCDSX2_L1_clmp_fp2_repr.orph.fq repair
Executing jgi.SplitPairsAndSingles [rp, in1=fq_fp1_clmp_fp2_fqscrn/LlC01051_CKDL210012719-1a-AK6260-7UDI243_HF5TCDSX2_L1_clmp_fp2_r1.tagged_filter.fastq.gz, in2=fq_fp1_clmp_fp2_fqscrn/LlC01051_CKDL210012719-1a-AK6260-7UDI243_HF5TCDSX2_L1_clmp_fp2_r2.tagged_filter.fastq.gz, out1=fq_fp1_clmp_fp2_fqscrn_repaired/LlC01051_CKDL210012719-1a-AK6260-7UDI243_HF5TCDSX2_L1_clmp_fp2_repr.R1.fq.gz, out2=fq_fp1_clmp_fp2_fqscrn_repaired/LlC01051_CKDL210012719-1a-AK6260-7UDI243_HF5TCDSX2_L1_clmp_fp2_repr.R2.fq.gz, outs=fq_fp1_clmp_fp2_fqscrn_repaired/orphans/LlC01051_CKDL210012719-1a-AK6260-7UDI243_HF5TCDSX2_L1_clmp_fp2_repr.orph.fq, repair]

Set INTERLEAVED to false
Started output stream.

Input:                  	3459770 reads 		467542696 bases.
Result:                 	3459770 reads (100.00%) 	467542696 bases (100.00%)
Pairs:                  	3364696 reads (97.25%) 	454897882 bases (97.30%)
Singletons:             	95074 reads (2.75%) 	12644814 bases (2.70%)

Time:                         	81.583 seconds.
Reads Processed:       3459k 	42.41k reads/sec
Bases Processed:        467m 	5.73m bases/sec
java -ea -Xmx62196m -cp /opt/conda/opt/bbmap-38.90-3/current/ jgi.SplitPairsAndSingles rp in1=fq_fp1_clmp_fp2_fqscrn/LlC01064_CKDL210012719-1a-5UDI298-AK33_HF5TCDSX2_L1_clmp_fp2_r1.tagged_filter.fastq.gz in2=fq_fp1_clmp_fp2_fqscrn/LlC01064_CKDL210012719-1a-5UDI298-AK33_HF5TCDSX2_L1_clmp_fp2_r2.tagged_filter.fastq.gz out1=fq_fp1_clmp_fp2_fqscrn_repaired/LlC01064_CKDL210012719-1a-5UDI298-AK33_HF5TCDSX2_L1_clmp_fp2_repr.R1.fq.gz out2=fq_fp1_clmp_fp2_fqscrn_repaired/LlC01064_CKDL210012719-1a-5UDI298-AK33_HF5TCDSX2_L1_clmp_fp2_repr.R2.fq.gz outs=fq_fp1_clmp_fp2_fqscrn_repaired/orphans/LlC01064_CKDL210012719-1a-5UDI298-AK33_HF5TCDSX2_L1_clmp_fp2_repr.orph.fq repair
Executing jgi.SplitPairsAndSingles [rp, in1=fq_fp1_clmp_fp2_fqscrn/LlC01064_CKDL210012719-1a-5UDI298-AK33_HF5TCDSX2_L1_clmp_fp2_r1.tagged_filter.fastq.gz, in2=fq_fp1_clmp_fp2_fqscrn/LlC01064_CKDL210012719-1a-5UDI298-AK33_HF5TCDSX2_L1_clmp_fp2_r2.tagged_filter.fastq.gz, out1=fq_fp1_clmp_fp2_fqscrn_repaired/LlC01064_CKDL210012719-1a-5UDI298-AK33_HF5TCDSX2_L1_clmp_fp2_repr.R1.fq.gz, out2=fq_fp1_clmp_fp2_fqscrn_repaired/LlC01064_CKDL210012719-1a-5UDI298-AK33_HF5TCDSX2_L1_clmp_fp2_repr.R2.fq.gz, outs=fq_fp1_clmp_fp2_fqscrn_repaired/orphans/LlC01064_CKDL210012719-1a-5UDI298-AK33_HF5TCDSX2_L1_clmp_fp2_repr.orph.fq, repair]

Set INTERLEAVED to false
Started output stream.

Input:                  	2376698 reads 		315419821 bases.
Result:                 	2376698 reads (100.00%) 	315419821 bases (100.00%)
Pairs:                  	2313548 reads (97.34%) 	307072201 bases (97.35%)
Singletons:             	63150 reads (2.66%) 	8347620 bases (2.65%)

Time:                         	57.725 seconds.
Reads Processed:       2376k 	41.17k reads/sec
Bases Processed:        315m 	5.46m bases/sec
java -ea -Xmx67216m -cp /opt/conda/opt/bbmap-38.90-3/current/ jgi.SplitPairsAndSingles rp in1=fq_fp1_clmp_fp2_fqscrn/LlC01063_CKDL210012719-1a-AK7761-7UDI243_HF5TCDSX2_L1_clmp_fp2_r1.tagged_filter.fastq.gz in2=fq_fp1_clmp_fp2_fqscrn/LlC01063_CKDL210012719-1a-AK7761-7UDI243_HF5TCDSX2_L1_clmp_fp2_r2.tagged_filter.fastq.gz out1=fq_fp1_clmp_fp2_fqscrn_repaired/LlC01063_CKDL210012719-1a-AK7761-7UDI243_HF5TCDSX2_L1_clmp_fp2_repr.R1.fq.gz out2=fq_fp1_clmp_fp2_fqscrn_repaired/LlC01063_CKDL210012719-1a-AK7761-7UDI243_HF5TCDSX2_L1_clmp_fp2_repr.R2.fq.gz outs=fq_fp1_clmp_fp2_fqscrn_repaired/orphans/LlC01063_CKDL210012719-1a-AK7761-7UDI243_HF5TCDSX2_L1_clmp_fp2_repr.orph.fq repair
Executing jgi.SplitPairsAndSingles [rp, in1=fq_fp1_clmp_fp2_fqscrn/LlC01063_CKDL210012719-1a-AK7761-7UDI243_HF5TCDSX2_L1_clmp_fp2_r1.tagged_filter.fastq.gz, in2=fq_fp1_clmp_fp2_fqscrn/LlC01063_CKDL210012719-1a-AK7761-7UDI243_HF5TCDSX2_L1_clmp_fp2_r2.tagged_filter.fastq.gz, out1=fq_fp1_clmp_fp2_fqscrn_repaired/LlC01063_CKDL210012719-1a-AK7761-7UDI243_HF5TCDSX2_L1_clmp_fp2_repr.R1.fq.gz, out2=fq_fp1_clmp_fp2_fqscrn_repaired/LlC01063_CKDL210012719-1a-AK7761-7UDI243_HF5TCDSX2_L1_clmp_fp2_repr.R2.fq.gz, outs=fq_fp1_clmp_fp2_fqscrn_repaired/orphans/LlC01063_CKDL210012719-1a-AK7761-7UDI243_HF5TCDSX2_L1_clmp_fp2_repr.orph.fq, repair]

Set INTERLEAVED to false
Started output stream.

Input:                  	2351447 reads 		305387192 bases.
Result:                 	2351447 reads (100.00%) 	305387192 bases (100.00%)
Pairs:                  	2287900 reads (97.30%) 	297110860 bases (97.29%)
Singletons:             	63547 reads (2.70%) 	8276332 bases (2.71%)

Time:                         	60.708 seconds.
Reads Processed:       2351k 	38.73k reads/sec
Bases Processed:        305m 	5.03m bases/sec
java -ea -Xmx63749m -cp /opt/conda/opt/bbmap-38.90-3/current/ jgi.SplitPairsAndSingles rp in1=fq_fp1_clmp_fp2_fqscrn/LlC01050_CKDL210012719-1a-AK3905-7UDI298_HF5TCDSX2_L1_clmp_fp2_r1.tagged_filter.fastq.gz in2=fq_fp1_clmp_fp2_fqscrn/LlC01050_CKDL210012719-1a-AK3905-7UDI298_HF5TCDSX2_L1_clmp_fp2_r2.tagged_filter.fastq.gz out1=fq_fp1_clmp_fp2_fqscrn_repaired/LlC01050_CKDL210012719-1a-AK3905-7UDI298_HF5TCDSX2_L1_clmp_fp2_repr.R1.fq.gz out2=fq_fp1_clmp_fp2_fqscrn_repaired/LlC01050_CKDL210012719-1a-AK3905-7UDI298_HF5TCDSX2_L1_clmp_fp2_repr.R2.fq.gz outs=fq_fp1_clmp_fp2_fqscrn_repaired/orphans/LlC01050_CKDL210012719-1a-AK3905-7UDI298_HF5TCDSX2_L1_clmp_fp2_repr.orph.fq repair
Executing jgi.SplitPairsAndSingles [rp, in1=fq_fp1_clmp_fp2_fqscrn/LlC01050_CKDL210012719-1a-AK3905-7UDI298_HF5TCDSX2_L1_clmp_fp2_r1.tagged_filter.fastq.gz, in2=fq_fp1_clmp_fp2_fqscrn/LlC01050_CKDL210012719-1a-AK3905-7UDI298_HF5TCDSX2_L1_clmp_fp2_r2.tagged_filter.fastq.gz, out1=fq_fp1_clmp_fp2_fqscrn_repaired/LlC01050_CKDL210012719-1a-AK3905-7UDI298_HF5TCDSX2_L1_clmp_fp2_repr.R1.fq.gz, out2=fq_fp1_clmp_fp2_fqscrn_repaired/LlC01050_CKDL210012719-1a-AK3905-7UDI298_HF5TCDSX2_L1_clmp_fp2_repr.R2.fq.gz, outs=fq_fp1_clmp_fp2_fqscrn_repaired/orphans/LlC01050_CKDL210012719-1a-AK3905-7UDI298_HF5TCDSX2_L1_clmp_fp2_repr.orph.fq, repair]

Set INTERLEAVED to false
Started output stream.

Input:                  	3986864 reads 		527123763 bases.
Result:                 	3986864 reads (100.00%) 	527123763 bases (100.00%)
Pairs:                  	3879178 reads (97.30%) 	513034215 bases (97.33%)
Singletons:             	107686 reads (2.70%) 	14089548 bases (2.67%)

Time:                         	91.215 seconds.
Reads Processed:       3986k 	43.71k reads/sec
Bases Processed:        527m 	5.78m bases/sec
java -ea -Xmx63362m -cp /opt/conda/opt/bbmap-38.90-3/current/ jgi.SplitPairsAndSingles rp in1=fq_fp1_clmp_fp2_fqscrn/LlC01066_CKDL210012719-1a-AK9142-AK4997_HF5TCDSX2_L1_clmp_fp2_r1.tagged_filter.fastq.gz in2=fq_fp1_clmp_fp2_fqscrn/LlC01066_CKDL210012719-1a-AK9142-AK4997_HF5TCDSX2_L1_clmp_fp2_r2.tagged_filter.fastq.gz out1=fq_fp1_clmp_fp2_fqscrn_repaired/LlC01066_CKDL210012719-1a-AK9142-AK4997_HF5TCDSX2_L1_clmp_fp2_repr.R1.fq.gz out2=fq_fp1_clmp_fp2_fqscrn_repaired/LlC01066_CKDL210012719-1a-AK9142-AK4997_HF5TCDSX2_L1_clmp_fp2_repr.R2.fq.gz outs=fq_fp1_clmp_fp2_fqscrn_repaired/orphans/LlC01066_CKDL210012719-1a-AK9142-AK4997_HF5TCDSX2_L1_clmp_fp2_repr.orph.fq repair
Executing jgi.SplitPairsAndSingles [rp, in1=fq_fp1_clmp_fp2_fqscrn/LlC01066_CKDL210012719-1a-AK9142-AK4997_HF5TCDSX2_L1_clmp_fp2_r1.tagged_filter.fastq.gz, in2=fq_fp1_clmp_fp2_fqscrn/LlC01066_CKDL210012719-1a-AK9142-AK4997_HF5TCDSX2_L1_clmp_fp2_r2.tagged_filter.fastq.gz, out1=fq_fp1_clmp_fp2_fqscrn_repaired/LlC01066_CKDL210012719-1a-AK9142-AK4997_HF5TCDSX2_L1_clmp_fp2_repr.R1.fq.gz, out2=fq_fp1_clmp_fp2_fqscrn_repaired/LlC01066_CKDL210012719-1a-AK9142-AK4997_HF5TCDSX2_L1_clmp_fp2_repr.R2.fq.gz, outs=fq_fp1_clmp_fp2_fqscrn_repaired/orphans/LlC01066_CKDL210012719-1a-AK9142-AK4997_HF5TCDSX2_L1_clmp_fp2_repr.orph.fq, repair]

Set INTERLEAVED to false
Started output stream.

Input:                  	2023509 reads 		268621081 bases.
Result:                 	2023509 reads (100.00%) 	268621081 bases (100.00%)
Pairs:                  	1972026 reads (97.46%) 	261827293 bases (97.47%)
Singletons:             	51483 reads (2.54%) 	6793788 bases (2.53%)

Time:                         	49.844 seconds.
Reads Processed:       2023k 	40.60k reads/sec
Bases Processed:        268m 	5.39m bases/sec
java -ea -Xmx63749m -cp /opt/conda/opt/bbmap-38.90-3/current/ jgi.SplitPairsAndSingles rp in1=fq_fp1_clmp_fp2_fqscrn/LlC01048_CKDL210012719-1a-AK6881-AK33_HF5TCDSX2_L1_clmp_fp2_r1.tagged_filter.fastq.gz in2=fq_fp1_clmp_fp2_fqscrn/LlC01048_CKDL210012719-1a-AK6881-AK33_HF5TCDSX2_L1_clmp_fp2_r2.tagged_filter.fastq.gz out1=fq_fp1_clmp_fp2_fqscrn_repaired/LlC01048_CKDL210012719-1a-AK6881-AK33_HF5TCDSX2_L1_clmp_fp2_repr.R1.fq.gz out2=fq_fp1_clmp_fp2_fqscrn_repaired/LlC01048_CKDL210012719-1a-AK6881-AK33_HF5TCDSX2_L1_clmp_fp2_repr.R2.fq.gz outs=fq_fp1_clmp_fp2_fqscrn_repaired/orphans/LlC01048_CKDL210012719-1a-AK6881-AK33_HF5TCDSX2_L1_clmp_fp2_repr.orph.fq repair
Executing jgi.SplitPairsAndSingles [rp, in1=fq_fp1_clmp_fp2_fqscrn/LlC01048_CKDL210012719-1a-AK6881-AK33_HF5TCDSX2_L1_clmp_fp2_r1.tagged_filter.fastq.gz, in2=fq_fp1_clmp_fp2_fqscrn/LlC01048_CKDL210012719-1a-AK6881-AK33_HF5TCDSX2_L1_clmp_fp2_r2.tagged_filter.fastq.gz, out1=fq_fp1_clmp_fp2_fqscrn_repaired/LlC01048_CKDL210012719-1a-AK6881-AK33_HF5TCDSX2_L1_clmp_fp2_repr.R1.fq.gz, out2=fq_fp1_clmp_fp2_fqscrn_repaired/LlC01048_CKDL210012719-1a-AK6881-AK33_HF5TCDSX2_L1_clmp_fp2_repr.R2.fq.gz, outs=fq_fp1_clmp_fp2_fqscrn_repaired/orphans/LlC01048_CKDL210012719-1a-AK6881-AK33_HF5TCDSX2_L1_clmp_fp2_repr.orph.fq, repair]

Set INTERLEAVED to false
Started output stream.

Input:                  	4033708 reads 		531291872 bases.
Result:                 	4033708 reads (100.00%) 	531291872 bases (100.00%)
Pairs:                  	3933940 reads (97.53%) 	518328425 bases (97.56%)
Singletons:             	99768 reads (2.47%) 	12963447 bases (2.44%)

Time:                         	92.363 seconds.
Reads Processed:       4033k 	43.67k reads/sec
Bases Processed:        531m 	5.75m bases/sec
java -ea -Xmx51018m -cp /opt/conda/opt/bbmap-38.90-3/current/ jgi.SplitPairsAndSingles rp in1=fq_fp1_clmp_fp2_fqscrn/LlC01040_CKDL210012719-1a-5UDI312-AK892_HF5TCDSX2_L1_clmp_fp2_r1.tagged_filter.fastq.gz in2=fq_fp1_clmp_fp2_fqscrn/LlC01040_CKDL210012719-1a-5UDI312-AK892_HF5TCDSX2_L1_clmp_fp2_r2.tagged_filter.fastq.gz out1=fq_fp1_clmp_fp2_fqscrn_repaired/LlC01040_CKDL210012719-1a-5UDI312-AK892_HF5TCDSX2_L1_clmp_fp2_repr.R1.fq.gz out2=fq_fp1_clmp_fp2_fqscrn_repaired/LlC01040_CKDL210012719-1a-5UDI312-AK892_HF5TCDSX2_L1_clmp_fp2_repr.R2.fq.gz outs=fq_fp1_clmp_fp2_fqscrn_repaired/orphans/LlC01040_CKDL210012719-1a-5UDI312-AK892_HF5TCDSX2_L1_clmp_fp2_repr.orph.fq repair
Executing jgi.SplitPairsAndSingles [rp, in1=fq_fp1_clmp_fp2_fqscrn/LlC01040_CKDL210012719-1a-5UDI312-AK892_HF5TCDSX2_L1_clmp_fp2_r1.tagged_filter.fastq.gz, in2=fq_fp1_clmp_fp2_fqscrn/LlC01040_CKDL210012719-1a-5UDI312-AK892_HF5TCDSX2_L1_clmp_fp2_r2.tagged_filter.fastq.gz, out1=fq_fp1_clmp_fp2_fqscrn_repaired/LlC01040_CKDL210012719-1a-5UDI312-AK892_HF5TCDSX2_L1_clmp_fp2_repr.R1.fq.gz, out2=fq_fp1_clmp_fp2_fqscrn_repaired/LlC01040_CKDL210012719-1a-5UDI312-AK892_HF5TCDSX2_L1_clmp_fp2_repr.R2.fq.gz, outs=fq_fp1_clmp_fp2_fqscrn_repaired/orphans/LlC01040_CKDL210012719-1a-5UDI312-AK892_HF5TCDSX2_L1_clmp_fp2_repr.orph.fq, repair]

Set INTERLEAVED to false
Started output stream.

Input:                  	5637000 reads 		715659844 bases.
Result:                 	5637000 reads (100.00%) 	715659844 bases (100.00%)
Pairs:                  	5508600 reads (97.72%) 	699714394 bases (97.77%)
Singletons:             	128400 reads (2.28%) 	15945450 bases (2.23%)

Time:                         	119.995 seconds.
Reads Processed:       5637k 	46.98k reads/sec
Bases Processed:        715m 	5.96m bases/sec
java -ea -Xmx51891m -cp /opt/conda/opt/bbmap-38.90-3/current/ jgi.SplitPairsAndSingles rp in1=fq_fp1_clmp_fp2_fqscrn/LlC01041_CKDL210012719-1a-5UDI312-7UDI227_HF5TCDSX2_L1_clmp_fp2_r1.tagged_filter.fastq.gz in2=fq_fp1_clmp_fp2_fqscrn/LlC01041_CKDL210012719-1a-5UDI312-7UDI227_HF5TCDSX2_L1_clmp_fp2_r2.tagged_filter.fastq.gz out1=fq_fp1_clmp_fp2_fqscrn_repaired/LlC01041_CKDL210012719-1a-5UDI312-7UDI227_HF5TCDSX2_L1_clmp_fp2_repr.R1.fq.gz out2=fq_fp1_clmp_fp2_fqscrn_repaired/LlC01041_CKDL210012719-1a-5UDI312-7UDI227_HF5TCDSX2_L1_clmp_fp2_repr.R2.fq.gz outs=fq_fp1_clmp_fp2_fqscrn_repaired/orphans/LlC01041_CKDL210012719-1a-5UDI312-7UDI227_HF5TCDSX2_L1_clmp_fp2_repr.orph.fq repair
Executing jgi.SplitPairsAndSingles [rp, in1=fq_fp1_clmp_fp2_fqscrn/LlC01041_CKDL210012719-1a-5UDI312-7UDI227_HF5TCDSX2_L1_clmp_fp2_r1.tagged_filter.fastq.gz, in2=fq_fp1_clmp_fp2_fqscrn/LlC01041_CKDL210012719-1a-5UDI312-7UDI227_HF5TCDSX2_L1_clmp_fp2_r2.tagged_filter.fastq.gz, out1=fq_fp1_clmp_fp2_fqscrn_repaired/LlC01041_CKDL210012719-1a-5UDI312-7UDI227_HF5TCDSX2_L1_clmp_fp2_repr.R1.fq.gz, out2=fq_fp1_clmp_fp2_fqscrn_repaired/LlC01041_CKDL210012719-1a-5UDI312-7UDI227_HF5TCDSX2_L1_clmp_fp2_repr.R2.fq.gz, outs=fq_fp1_clmp_fp2_fqscrn_repaired/orphans/LlC01041_CKDL210012719-1a-5UDI312-7UDI227_HF5TCDSX2_L1_clmp_fp2_repr.orph.fq, repair]

Set INTERLEAVED to false
Started output stream.

Input:                  	5546462 reads 		711806235 bases.
Result:                 	5546462 reads (100.00%) 	711806235 bases (100.00%)
Pairs:                  	5407268 reads (97.49%) 	694192354 bases (97.53%)
Singletons:             	139194 reads (2.51%) 	17613881 bases (2.47%)

Time:                         	120.241 seconds.
Reads Processed:       5546k 	46.13k reads/sec
Bases Processed:        711m 	5.92m bases/sec
java -ea -Xmx64395m -cp /opt/conda/opt/bbmap-38.90-3/current/ jgi.SplitPairsAndSingles rp in1=fq_fp1_clmp_fp2_fqscrn/LlC01060_CKDL210012719-1a-AK6881-AK4997_HF5TCDSX2_L1_clmp_fp2_r1.tagged_filter.fastq.gz in2=fq_fp1_clmp_fp2_fqscrn/LlC01060_CKDL210012719-1a-AK6881-AK4997_HF5TCDSX2_L1_clmp_fp2_r2.tagged_filter.fastq.gz out1=fq_fp1_clmp_fp2_fqscrn_repaired/LlC01060_CKDL210012719-1a-AK6881-AK4997_HF5TCDSX2_L1_clmp_fp2_repr.R1.fq.gz out2=fq_fp1_clmp_fp2_fqscrn_repaired/LlC01060_CKDL210012719-1a-AK6881-AK4997_HF5TCDSX2_L1_clmp_fp2_repr.R2.fq.gz outs=fq_fp1_clmp_fp2_fqscrn_repaired/orphans/LlC01060_CKDL210012719-1a-AK6881-AK4997_HF5TCDSX2_L1_clmp_fp2_repr.orph.fq repair
Executing jgi.SplitPairsAndSingles [rp, in1=fq_fp1_clmp_fp2_fqscrn/LlC01060_CKDL210012719-1a-AK6881-AK4997_HF5TCDSX2_L1_clmp_fp2_r1.tagged_filter.fastq.gz, in2=fq_fp1_clmp_fp2_fqscrn/LlC01060_CKDL210012719-1a-AK6881-AK4997_HF5TCDSX2_L1_clmp_fp2_r2.tagged_filter.fastq.gz, out1=fq_fp1_clmp_fp2_fqscrn_repaired/LlC01060_CKDL210012719-1a-AK6881-AK4997_HF5TCDSX2_L1_clmp_fp2_repr.R1.fq.gz, out2=fq_fp1_clmp_fp2_fqscrn_repaired/LlC01060_CKDL210012719-1a-AK6881-AK4997_HF5TCDSX2_L1_clmp_fp2_repr.R2.fq.gz, outs=fq_fp1_clmp_fp2_fqscrn_repaired/orphans/LlC01060_CKDL210012719-1a-AK6881-AK4997_HF5TCDSX2_L1_clmp_fp2_repr.orph.fq, repair]

Set INTERLEAVED to false
Started output stream.

Input:                  	3157828 reads 		417897325 bases.
Result:                 	3157828 reads (100.00%) 	417897325 bases (100.00%)
Pairs:                  	3077946 reads (97.47%) 	407512778 bases (97.52%)
Singletons:             	79882 reads (2.53%) 	10384547 bases (2.48%)

Time:                         	75.310 seconds.
Reads Processed:       3157k 	41.93k reads/sec
Bases Processed:        417m 	5.55m bases/sec
java -ea -Xmx59523m -cp /opt/conda/opt/bbmap-38.90-3/current/ jgi.SplitPairsAndSingles rp in1=fq_fp1_clmp_fp2_fqscrn/LlC01055_CKDL210012719-1a-5UDI312-AK33_HF5TCDSX2_L1_clmp_fp2_r1.tagged_filter.fastq.gz in2=fq_fp1_clmp_fp2_fqscrn/LlC01055_CKDL210012719-1a-5UDI312-AK33_HF5TCDSX2_L1_clmp_fp2_r2.tagged_filter.fastq.gz out1=fq_fp1_clmp_fp2_fqscrn_repaired/LlC01055_CKDL210012719-1a-5UDI312-AK33_HF5TCDSX2_L1_clmp_fp2_repr.R1.fq.gz out2=fq_fp1_clmp_fp2_fqscrn_repaired/LlC01055_CKDL210012719-1a-5UDI312-AK33_HF5TCDSX2_L1_clmp_fp2_repr.R2.fq.gz outs=fq_fp1_clmp_fp2_fqscrn_repaired/orphans/LlC01055_CKDL210012719-1a-5UDI312-AK33_HF5TCDSX2_L1_clmp_fp2_repr.orph.fq repair
Executing jgi.SplitPairsAndSingles [rp, in1=fq_fp1_clmp_fp2_fqscrn/LlC01055_CKDL210012719-1a-5UDI312-AK33_HF5TCDSX2_L1_clmp_fp2_r1.tagged_filter.fastq.gz, in2=fq_fp1_clmp_fp2_fqscrn/LlC01055_CKDL210012719-1a-5UDI312-AK33_HF5TCDSX2_L1_clmp_fp2_r2.tagged_filter.fastq.gz, out1=fq_fp1_clmp_fp2_fqscrn_repaired/LlC01055_CKDL210012719-1a-5UDI312-AK33_HF5TCDSX2_L1_clmp_fp2_repr.R1.fq.gz, out2=fq_fp1_clmp_fp2_fqscrn_repaired/LlC01055_CKDL210012719-1a-5UDI312-AK33_HF5TCDSX2_L1_clmp_fp2_repr.R2.fq.gz, outs=fq_fp1_clmp_fp2_fqscrn_repaired/orphans/LlC01055_CKDL210012719-1a-5UDI312-AK33_HF5TCDSX2_L1_clmp_fp2_repr.orph.fq, repair]

Set INTERLEAVED to false
Started output stream.

Input:                  	3529245 reads 		464486287 bases.
Result:                 	3529245 reads (100.00%) 	464486287 bases (100.00%)
Pairs:                  	3436364 reads (97.37%) 	452355765 bases (97.39%)
Singletons:             	92881 reads (2.63%) 	12130522 bases (2.61%)

Time:                         	82.597 seconds.
Reads Processed:       3529k 	42.73k reads/sec
Bases Processed:        464m 	5.62m bases/sec
java -ea -Xmx52022m -cp /opt/conda/opt/bbmap-38.90-3/current/ jgi.SplitPairsAndSingles rp in1=fq_fp1_clmp_fp2_fqscrn/LlC01035_CKDL210012719-1a-AK7759-AK4997_HF5TCDSX2_L1_clmp_fp2_r1.tagged_filter.fastq.gz in2=fq_fp1_clmp_fp2_fqscrn/LlC01035_CKDL210012719-1a-AK7759-AK4997_HF5TCDSX2_L1_clmp_fp2_r2.tagged_filter.fastq.gz out1=fq_fp1_clmp_fp2_fqscrn_repaired/LlC01035_CKDL210012719-1a-AK7759-AK4997_HF5TCDSX2_L1_clmp_fp2_repr.R1.fq.gz out2=fq_fp1_clmp_fp2_fqscrn_repaired/LlC01035_CKDL210012719-1a-AK7759-AK4997_HF5TCDSX2_L1_clmp_fp2_repr.R2.fq.gz outs=fq_fp1_clmp_fp2_fqscrn_repaired/orphans/LlC01035_CKDL210012719-1a-AK7759-AK4997_HF5TCDSX2_L1_clmp_fp2_repr.orph.fq repair
Executing jgi.SplitPairsAndSingles [rp, in1=fq_fp1_clmp_fp2_fqscrn/LlC01035_CKDL210012719-1a-AK7759-AK4997_HF5TCDSX2_L1_clmp_fp2_r1.tagged_filter.fastq.gz, in2=fq_fp1_clmp_fp2_fqscrn/LlC01035_CKDL210012719-1a-AK7759-AK4997_HF5TCDSX2_L1_clmp_fp2_r2.tagged_filter.fastq.gz, out1=fq_fp1_clmp_fp2_fqscrn_repaired/LlC01035_CKDL210012719-1a-AK7759-AK4997_HF5TCDSX2_L1_clmp_fp2_repr.R1.fq.gz, out2=fq_fp1_clmp_fp2_fqscrn_repaired/LlC01035_CKDL210012719-1a-AK7759-AK4997_HF5TCDSX2_L1_clmp_fp2_repr.R2.fq.gz, outs=fq_fp1_clmp_fp2_fqscrn_repaired/orphans/LlC01035_CKDL210012719-1a-AK7759-AK4997_HF5TCDSX2_L1_clmp_fp2_repr.orph.fq, repair]

Set INTERLEAVED to false
Started output stream.

Input:                  	6063117 reads 		843855196 bases.
Result:                 	6063117 reads (100.00%) 	843855196 bases (100.00%)
Pairs:                  	5862234 reads (96.69%) 	816332449 bases (96.74%)
Singletons:             	200883 reads (3.31%) 	27522747 bases (3.26%)

Time:                         	140.044 seconds.
Reads Processed:       6063k 	43.29k reads/sec
Bases Processed:        843m 	6.03m bases/sec
java -ea -Xmx67216m -cp /opt/conda/opt/bbmap-38.90-3/current/ jgi.SplitPairsAndSingles rp in1=fq_fp1_clmp_fp2_fqscrn/LlC01062_CKDL210012719-1a-AK3905-AK8544_HF5TCDSX2_L1_clmp_fp2_r1.tagged_filter.fastq.gz in2=fq_fp1_clmp_fp2_fqscrn/LlC01062_CKDL210012719-1a-AK3905-AK8544_HF5TCDSX2_L1_clmp_fp2_r2.tagged_filter.fastq.gz out1=fq_fp1_clmp_fp2_fqscrn_repaired/LlC01062_CKDL210012719-1a-AK3905-AK8544_HF5TCDSX2_L1_clmp_fp2_repr.R1.fq.gz out2=fq_fp1_clmp_fp2_fqscrn_repaired/LlC01062_CKDL210012719-1a-AK3905-AK8544_HF5TCDSX2_L1_clmp_fp2_repr.R2.fq.gz outs=fq_fp1_clmp_fp2_fqscrn_repaired/orphans/LlC01062_CKDL210012719-1a-AK3905-AK8544_HF5TCDSX2_L1_clmp_fp2_repr.orph.fq repair
Executing jgi.SplitPairsAndSingles [rp, in1=fq_fp1_clmp_fp2_fqscrn/LlC01062_CKDL210012719-1a-AK3905-AK8544_HF5TCDSX2_L1_clmp_fp2_r1.tagged_filter.fastq.gz, in2=fq_fp1_clmp_fp2_fqscrn/LlC01062_CKDL210012719-1a-AK3905-AK8544_HF5TCDSX2_L1_clmp_fp2_r2.tagged_filter.fastq.gz, out1=fq_fp1_clmp_fp2_fqscrn_repaired/LlC01062_CKDL210012719-1a-AK3905-AK8544_HF5TCDSX2_L1_clmp_fp2_repr.R1.fq.gz, out2=fq_fp1_clmp_fp2_fqscrn_repaired/LlC01062_CKDL210012719-1a-AK3905-AK8544_HF5TCDSX2_L1_clmp_fp2_repr.R2.fq.gz, outs=fq_fp1_clmp_fp2_fqscrn_repaired/orphans/LlC01062_CKDL210012719-1a-AK3905-AK8544_HF5TCDSX2_L1_clmp_fp2_repr.orph.fq, repair]

Set INTERLEAVED to false
Started output stream.

Input:                  	3145027 reads 		417025393 bases.
Result:                 	3145027 reads (100.00%) 	417025393 bases (100.00%)
Pairs:                  	3064326 reads (97.43%) 	406392920 bases (97.45%)
Singletons:             	80701 reads (2.57%) 	10632473 bases (2.55%)

Time:                         	77.338 seconds.
Reads Processed:       3145k 	40.67k reads/sec
Bases Processed:        417m 	5.39m bases/sec
java -ea -Xmx39374m -cp /opt/conda/opt/bbmap-38.90-3/current/ jgi.SplitPairsAndSingles rp in1=fq_fp1_clmp_fp2_fqscrn/LlC01017_CKDL210012719-1a-AK6260-7UDI298_HF5TCDSX2_L1_clmp_fp2_r1.tagged_filter.fastq.gz in2=fq_fp1_clmp_fp2_fqscrn/LlC01017_CKDL210012719-1a-AK6260-7UDI298_HF5TCDSX2_L1_clmp_fp2_r2.tagged_filter.fastq.gz out1=fq_fp1_clmp_fp2_fqscrn_repaired/LlC01017_CKDL210012719-1a-AK6260-7UDI298_HF5TCDSX2_L1_clmp_fp2_repr.R1.fq.gz out2=fq_fp1_clmp_fp2_fqscrn_repaired/LlC01017_CKDL210012719-1a-AK6260-7UDI298_HF5TCDSX2_L1_clmp_fp2_repr.R2.fq.gz outs=fq_fp1_clmp_fp2_fqscrn_repaired/orphans/LlC01017_CKDL210012719-1a-AK6260-7UDI298_HF5TCDSX2_L1_clmp_fp2_repr.orph.fq repair
Executing jgi.SplitPairsAndSingles [rp, in1=fq_fp1_clmp_fp2_fqscrn/LlC01017_CKDL210012719-1a-AK6260-7UDI298_HF5TCDSX2_L1_clmp_fp2_r1.tagged_filter.fastq.gz, in2=fq_fp1_clmp_fp2_fqscrn/LlC01017_CKDL210012719-1a-AK6260-7UDI298_HF5TCDSX2_L1_clmp_fp2_r2.tagged_filter.fastq.gz, out1=fq_fp1_clmp_fp2_fqscrn_repaired/LlC01017_CKDL210012719-1a-AK6260-7UDI298_HF5TCDSX2_L1_clmp_fp2_repr.R1.fq.gz, out2=fq_fp1_clmp_fp2_fqscrn_repaired/LlC01017_CKDL210012719-1a-AK6260-7UDI298_HF5TCDSX2_L1_clmp_fp2_repr.R2.fq.gz, outs=fq_fp1_clmp_fp2_fqscrn_repaired/orphans/LlC01017_CKDL210012719-1a-AK6260-7UDI298_HF5TCDSX2_L1_clmp_fp2_repr.orph.fq, repair]

Set INTERLEAVED to false
Started output stream.

Input:                  	9292115 reads 		1150846495 bases.
Result:                 	9292115 reads (100.00%) 	1150846495 bases (100.00%)
Pairs:                  	9072164 reads (97.63%) 	1124086801 bases (97.67%)
Singletons:             	219951 reads (2.37%) 	26759694 bases (2.33%)

Time:                         	200.221 seconds.
Reads Processed:       9292k 	46.41k reads/sec
Bases Processed:       1150m 	5.75m bases/sec
java -ea -Xmx57970m -cp /opt/conda/opt/bbmap-38.90-3/current/ jgi.SplitPairsAndSingles rp in1=fq_fp1_clmp_fp2_fqscrn/LlC01053_CKDL210012719-1a-5UDI312-7UDI298_HF5TCDSX2_L1_clmp_fp2_r1.tagged_filter.fastq.gz in2=fq_fp1_clmp_fp2_fqscrn/LlC01053_CKDL210012719-1a-5UDI312-7UDI298_HF5TCDSX2_L1_clmp_fp2_r2.tagged_filter.fastq.gz out1=fq_fp1_clmp_fp2_fqscrn_repaired/LlC01053_CKDL210012719-1a-5UDI312-7UDI298_HF5TCDSX2_L1_clmp_fp2_repr.R1.fq.gz out2=fq_fp1_clmp_fp2_fqscrn_repaired/LlC01053_CKDL210012719-1a-5UDI312-7UDI298_HF5TCDSX2_L1_clmp_fp2_repr.R2.fq.gz outs=fq_fp1_clmp_fp2_fqscrn_repaired/orphans/LlC01053_CKDL210012719-1a-5UDI312-7UDI298_HF5TCDSX2_L1_clmp_fp2_repr.orph.fq repair
Executing jgi.SplitPairsAndSingles [rp, in1=fq_fp1_clmp_fp2_fqscrn/LlC01053_CKDL210012719-1a-5UDI312-7UDI298_HF5TCDSX2_L1_clmp_fp2_r1.tagged_filter.fastq.gz, in2=fq_fp1_clmp_fp2_fqscrn/LlC01053_CKDL210012719-1a-5UDI312-7UDI298_HF5TCDSX2_L1_clmp_fp2_r2.tagged_filter.fastq.gz, out1=fq_fp1_clmp_fp2_fqscrn_repaired/LlC01053_CKDL210012719-1a-5UDI312-7UDI298_HF5TCDSX2_L1_clmp_fp2_repr.R1.fq.gz, out2=fq_fp1_clmp_fp2_fqscrn_repaired/LlC01053_CKDL210012719-1a-5UDI312-7UDI298_HF5TCDSX2_L1_clmp_fp2_repr.R2.fq.gz, outs=fq_fp1_clmp_fp2_fqscrn_repaired/orphans/LlC01053_CKDL210012719-1a-5UDI312-7UDI298_HF5TCDSX2_L1_clmp_fp2_repr.orph.fq, repair]

Set INTERLEAVED to false
Started output stream.

Input:                  	4201361 reads 		557176336 bases.
Result:                 	4201361 reads (100.00%) 	557176336 bases (100.00%)
Pairs:                  	4100606 reads (97.60%) 	544017206 bases (97.64%)
Singletons:             	100755 reads (2.40%) 	13159130 bases (2.36%)

Time:                         	95.303 seconds.
Reads Processed:       4201k 	44.08k reads/sec
Bases Processed:        557m 	5.85m bases/sec
java -ea -Xmx66537m -cp /opt/conda/opt/bbmap-38.90-3/current/ jgi.SplitPairsAndSingles rp in1=fq_fp1_clmp_fp2_fqscrn/LlC01069_CKDL210012719-1a-AK8587-AK4997_HF5TCDSX2_L1_clmp_fp2_r1.tagged_filter.fastq.gz in2=fq_fp1_clmp_fp2_fqscrn/LlC01069_CKDL210012719-1a-AK8587-AK4997_HF5TCDSX2_L1_clmp_fp2_r2.tagged_filter.fastq.gz out1=fq_fp1_clmp_fp2_fqscrn_repaired/LlC01069_CKDL210012719-1a-AK8587-AK4997_HF5TCDSX2_L1_clmp_fp2_repr.R1.fq.gz out2=fq_fp1_clmp_fp2_fqscrn_repaired/LlC01069_CKDL210012719-1a-AK8587-AK4997_HF5TCDSX2_L1_clmp_fp2_repr.R2.fq.gz outs=fq_fp1_clmp_fp2_fqscrn_repaired/orphans/LlC01069_CKDL210012719-1a-AK8587-AK4997_HF5TCDSX2_L1_clmp_fp2_repr.orph.fq repair
Executing jgi.SplitPairsAndSingles [rp, in1=fq_fp1_clmp_fp2_fqscrn/LlC01069_CKDL210012719-1a-AK8587-AK4997_HF5TCDSX2_L1_clmp_fp2_r1.tagged_filter.fastq.gz, in2=fq_fp1_clmp_fp2_fqscrn/LlC01069_CKDL210012719-1a-AK8587-AK4997_HF5TCDSX2_L1_clmp_fp2_r2.tagged_filter.fastq.gz, out1=fq_fp1_clmp_fp2_fqscrn_repaired/LlC01069_CKDL210012719-1a-AK8587-AK4997_HF5TCDSX2_L1_clmp_fp2_repr.R1.fq.gz, out2=fq_fp1_clmp_fp2_fqscrn_repaired/LlC01069_CKDL210012719-1a-AK8587-AK4997_HF5TCDSX2_L1_clmp_fp2_repr.R2.fq.gz, outs=fq_fp1_clmp_fp2_fqscrn_repaired/orphans/LlC01069_CKDL210012719-1a-AK8587-AK4997_HF5TCDSX2_L1_clmp_fp2_repr.orph.fq, repair]

Set INTERLEAVED to false
Started output stream.

Input:                  	2922433 reads 		387198950 bases.
Result:                 	2922433 reads (100.00%) 	387198950 bases (100.00%)
Pairs:                  	2847138 reads (97.42%) 	377273787 bases (97.44%)
Singletons:             	75295 reads (2.58%) 	9925163 bases (2.56%)

Time:                         	70.271 seconds.
Reads Processed:       2922k 	41.59k reads/sec
Bases Processed:        387m 	5.51m bases/sec
java -ea -Xmx67199m -cp /opt/conda/opt/bbmap-38.90-3/current/ jgi.SplitPairsAndSingles rp in1=fq_fp1_clmp_fp2_fqscrn/LlC01057_CKDL210012719-1a-AK8587-AK33_HF5TCDSX2_L1_clmp_fp2_r1.tagged_filter.fastq.gz in2=fq_fp1_clmp_fp2_fqscrn/LlC01057_CKDL210012719-1a-AK8587-AK33_HF5TCDSX2_L1_clmp_fp2_r2.tagged_filter.fastq.gz out1=fq_fp1_clmp_fp2_fqscrn_repaired/LlC01057_CKDL210012719-1a-AK8587-AK33_HF5TCDSX2_L1_clmp_fp2_repr.R1.fq.gz out2=fq_fp1_clmp_fp2_fqscrn_repaired/LlC01057_CKDL210012719-1a-AK8587-AK33_HF5TCDSX2_L1_clmp_fp2_repr.R2.fq.gz outs=fq_fp1_clmp_fp2_fqscrn_repaired/orphans/LlC01057_CKDL210012719-1a-AK8587-AK33_HF5TCDSX2_L1_clmp_fp2_repr.orph.fq repair
Executing jgi.SplitPairsAndSingles [rp, in1=fq_fp1_clmp_fp2_fqscrn/LlC01057_CKDL210012719-1a-AK8587-AK33_HF5TCDSX2_L1_clmp_fp2_r1.tagged_filter.fastq.gz, in2=fq_fp1_clmp_fp2_fqscrn/LlC01057_CKDL210012719-1a-AK8587-AK33_HF5TCDSX2_L1_clmp_fp2_r2.tagged_filter.fastq.gz, out1=fq_fp1_clmp_fp2_fqscrn_repaired/LlC01057_CKDL210012719-1a-AK8587-AK33_HF5TCDSX2_L1_clmp_fp2_repr.R1.fq.gz, out2=fq_fp1_clmp_fp2_fqscrn_repaired/LlC01057_CKDL210012719-1a-AK8587-AK33_HF5TCDSX2_L1_clmp_fp2_repr.R2.fq.gz, outs=fq_fp1_clmp_fp2_fqscrn_repaired/orphans/LlC01057_CKDL210012719-1a-AK8587-AK33_HF5TCDSX2_L1_clmp_fp2_repr.orph.fq, repair]

Set INTERLEAVED to false
Started output stream.

Input:                  	4265442 reads 		559292181 bases.
Result:                 	4265442 reads (100.00%) 	559292181 bases (100.00%)
Pairs:                  	4163174 reads (97.60%) 	545976536 bases (97.62%)
Singletons:             	102268 reads (2.40%) 	13315645 bases (2.38%)

Time:                         	96.424 seconds.
Reads Processed:       4265k 	44.24k reads/sec
Bases Processed:        559m 	5.80m bases/sec
java -ea -Xmx65313m -cp /opt/conda/opt/bbmap-38.90-3/current/ jgi.SplitPairsAndSingles rp in1=fq_fp1_clmp_fp2_fqscrn/LlC01058_CKDL210012719-1a-AK8587-7UDI298_HF5TCDSX2_L1_clmp_fp2_r1.tagged_filter.fastq.gz in2=fq_fp1_clmp_fp2_fqscrn/LlC01058_CKDL210012719-1a-AK8587-7UDI298_HF5TCDSX2_L1_clmp_fp2_r2.tagged_filter.fastq.gz out1=fq_fp1_clmp_fp2_fqscrn_repaired/LlC01058_CKDL210012719-1a-AK8587-7UDI298_HF5TCDSX2_L1_clmp_fp2_repr.R1.fq.gz out2=fq_fp1_clmp_fp2_fqscrn_repaired/LlC01058_CKDL210012719-1a-AK8587-7UDI298_HF5TCDSX2_L1_clmp_fp2_repr.R2.fq.gz outs=fq_fp1_clmp_fp2_fqscrn_repaired/orphans/LlC01058_CKDL210012719-1a-AK8587-7UDI298_HF5TCDSX2_L1_clmp_fp2_repr.orph.fq repair
Executing jgi.SplitPairsAndSingles [rp, in1=fq_fp1_clmp_fp2_fqscrn/LlC01058_CKDL210012719-1a-AK8587-7UDI298_HF5TCDSX2_L1_clmp_fp2_r1.tagged_filter.fastq.gz, in2=fq_fp1_clmp_fp2_fqscrn/LlC01058_CKDL210012719-1a-AK8587-7UDI298_HF5TCDSX2_L1_clmp_fp2_r2.tagged_filter.fastq.gz, out1=fq_fp1_clmp_fp2_fqscrn_repaired/LlC01058_CKDL210012719-1a-AK8587-7UDI298_HF5TCDSX2_L1_clmp_fp2_repr.R1.fq.gz, out2=fq_fp1_clmp_fp2_fqscrn_repaired/LlC01058_CKDL210012719-1a-AK8587-7UDI298_HF5TCDSX2_L1_clmp_fp2_repr.R2.fq.gz, outs=fq_fp1_clmp_fp2_fqscrn_repaired/orphans/LlC01058_CKDL210012719-1a-AK8587-7UDI298_HF5TCDSX2_L1_clmp_fp2_repr.orph.fq, repair]

Set INTERLEAVED to false
Started output stream.

Input:                  	4185783 reads 		550541969 bases.
Result:                 	4185783 reads (100.00%) 	550541969 bases (100.00%)
Pairs:                  	4075414 reads (97.36%) 	536149422 bases (97.39%)
Singletons:             	110369 reads (2.64%) 	14392547 bases (2.61%)

Time:                         	97.202 seconds.
Reads Processed:       4185k 	43.06k reads/sec
Bases Processed:        550m 	5.66m bases/sec
java -ea -Xmx64716m -cp /opt/conda/opt/bbmap-38.90-3/current/ jgi.SplitPairsAndSingles rp in1=fq_fp1_clmp_fp2_fqscrn/LlC01059_CKDL210012719-1a-AK7759-AK892_HF5TCDSX2_L1_clmp_fp2_r1.tagged_filter.fastq.gz in2=fq_fp1_clmp_fp2_fqscrn/LlC01059_CKDL210012719-1a-AK7759-AK892_HF5TCDSX2_L1_clmp_fp2_r2.tagged_filter.fastq.gz out1=fq_fp1_clmp_fp2_fqscrn_repaired/LlC01059_CKDL210012719-1a-AK7759-AK892_HF5TCDSX2_L1_clmp_fp2_repr.R1.fq.gz out2=fq_fp1_clmp_fp2_fqscrn_repaired/LlC01059_CKDL210012719-1a-AK7759-AK892_HF5TCDSX2_L1_clmp_fp2_repr.R2.fq.gz outs=fq_fp1_clmp_fp2_fqscrn_repaired/orphans/LlC01059_CKDL210012719-1a-AK7759-AK892_HF5TCDSX2_L1_clmp_fp2_repr.orph.fq repair
Executing jgi.SplitPairsAndSingles [rp, in1=fq_fp1_clmp_fp2_fqscrn/LlC01059_CKDL210012719-1a-AK7759-AK892_HF5TCDSX2_L1_clmp_fp2_r1.tagged_filter.fastq.gz, in2=fq_fp1_clmp_fp2_fqscrn/LlC01059_CKDL210012719-1a-AK7759-AK892_HF5TCDSX2_L1_clmp_fp2_r2.tagged_filter.fastq.gz, out1=fq_fp1_clmp_fp2_fqscrn_repaired/LlC01059_CKDL210012719-1a-AK7759-AK892_HF5TCDSX2_L1_clmp_fp2_repr.R1.fq.gz, out2=fq_fp1_clmp_fp2_fqscrn_repaired/LlC01059_CKDL210012719-1a-AK7759-AK892_HF5TCDSX2_L1_clmp_fp2_repr.R2.fq.gz, outs=fq_fp1_clmp_fp2_fqscrn_repaired/orphans/LlC01059_CKDL210012719-1a-AK7759-AK892_HF5TCDSX2_L1_clmp_fp2_repr.orph.fq, repair]

Set INTERLEAVED to false
Started output stream.

Input:                  	4593921 reads 		614695022 bases.
Result:                 	4593921 reads (100.00%) 	614695022 bases (100.00%)
Pairs:                  	4476800 reads (97.45%) 	599188996 bases (97.48%)
Singletons:             	117121 reads (2.55%) 	15506026 bases (2.52%)

Time:                         	106.087 seconds.
Reads Processed:       4593k 	43.30k reads/sec
Bases Processed:        614m 	5.79m bases/sec
java -ea -Xmx50830m -cp /opt/conda/opt/bbmap-38.90-3/current/ jgi.SplitPairsAndSingles rp in1=fq_fp1_clmp_fp2_fqscrn/LlC01038_CKDL210012719-1a-AK6881-7UDI227_HF5TCDSX2_L1_clmp_fp2_r1.tagged_filter.fastq.gz in2=fq_fp1_clmp_fp2_fqscrn/LlC01038_CKDL210012719-1a-AK6881-7UDI227_HF5TCDSX2_L1_clmp_fp2_r2.tagged_filter.fastq.gz out1=fq_fp1_clmp_fp2_fqscrn_repaired/LlC01038_CKDL210012719-1a-AK6881-7UDI227_HF5TCDSX2_L1_clmp_fp2_repr.R1.fq.gz out2=fq_fp1_clmp_fp2_fqscrn_repaired/LlC01038_CKDL210012719-1a-AK6881-7UDI227_HF5TCDSX2_L1_clmp_fp2_repr.R2.fq.gz outs=fq_fp1_clmp_fp2_fqscrn_repaired/orphans/LlC01038_CKDL210012719-1a-AK6881-7UDI227_HF5TCDSX2_L1_clmp_fp2_repr.orph.fq repair
Executing jgi.SplitPairsAndSingles [rp, in1=fq_fp1_clmp_fp2_fqscrn/LlC01038_CKDL210012719-1a-AK6881-7UDI227_HF5TCDSX2_L1_clmp_fp2_r1.tagged_filter.fastq.gz, in2=fq_fp1_clmp_fp2_fqscrn/LlC01038_CKDL210012719-1a-AK6881-7UDI227_HF5TCDSX2_L1_clmp_fp2_r2.tagged_filter.fastq.gz, out1=fq_fp1_clmp_fp2_fqscrn_repaired/LlC01038_CKDL210012719-1a-AK6881-7UDI227_HF5TCDSX2_L1_clmp_fp2_repr.R1.fq.gz, out2=fq_fp1_clmp_fp2_fqscrn_repaired/LlC01038_CKDL210012719-1a-AK6881-7UDI227_HF5TCDSX2_L1_clmp_fp2_repr.R2.fq.gz, outs=fq_fp1_clmp_fp2_fqscrn_repaired/orphans/LlC01038_CKDL210012719-1a-AK6881-7UDI227_HF5TCDSX2_L1_clmp_fp2_repr.orph.fq, repair]

Set INTERLEAVED to false
Started output stream.

Input:                  	6965061 reads 		924488907 bases.
Result:                 	6965061 reads (100.00%) 	924488907 bases (100.00%)
Pairs:                  	6770124 reads (97.20%) 	898804177 bases (97.22%)
Singletons:             	194937 reads (2.80%) 	25684730 bases (2.78%)

Time:                         	158.493 seconds.
Reads Processed:       6965k 	43.95k reads/sec
Bases Processed:        924m 	5.83m bases/sec
java -ea -Xmx63362m -cp /opt/conda/opt/bbmap-38.90-3/current/ jgi.SplitPairsAndSingles rp in1=fq_fp1_clmp_fp2_fqscrn/LlC01067_CKDL210012719-1a-AK9142-AK8544_HF5TCDSX2_L1_clmp_fp2_r1.tagged_filter.fastq.gz in2=fq_fp1_clmp_fp2_fqscrn/LlC01067_CKDL210012719-1a-AK9142-AK8544_HF5TCDSX2_L1_clmp_fp2_r2.tagged_filter.fastq.gz out1=fq_fp1_clmp_fp2_fqscrn_repaired/LlC01067_CKDL210012719-1a-AK9142-AK8544_HF5TCDSX2_L1_clmp_fp2_repr.R1.fq.gz out2=fq_fp1_clmp_fp2_fqscrn_repaired/LlC01067_CKDL210012719-1a-AK9142-AK8544_HF5TCDSX2_L1_clmp_fp2_repr.R2.fq.gz outs=fq_fp1_clmp_fp2_fqscrn_repaired/orphans/LlC01067_CKDL210012719-1a-AK9142-AK8544_HF5TCDSX2_L1_clmp_fp2_repr.orph.fq repair
Executing jgi.SplitPairsAndSingles [rp, in1=fq_fp1_clmp_fp2_fqscrn/LlC01067_CKDL210012719-1a-AK9142-AK8544_HF5TCDSX2_L1_clmp_fp2_r1.tagged_filter.fastq.gz, in2=fq_fp1_clmp_fp2_fqscrn/LlC01067_CKDL210012719-1a-AK9142-AK8544_HF5TCDSX2_L1_clmp_fp2_r2.tagged_filter.fastq.gz, out1=fq_fp1_clmp_fp2_fqscrn_repaired/LlC01067_CKDL210012719-1a-AK9142-AK8544_HF5TCDSX2_L1_clmp_fp2_repr.R1.fq.gz, out2=fq_fp1_clmp_fp2_fqscrn_repaired/LlC01067_CKDL210012719-1a-AK9142-AK8544_HF5TCDSX2_L1_clmp_fp2_repr.R2.fq.gz, outs=fq_fp1_clmp_fp2_fqscrn_repaired/orphans/LlC01067_CKDL210012719-1a-AK9142-AK8544_HF5TCDSX2_L1_clmp_fp2_repr.orph.fq, repair]

Set INTERLEAVED to false
Started output stream.

Input:                  	3763510 reads 		491226158 bases.
Result:                 	3763510 reads (100.00%) 	491226158 bases (100.00%)
Pairs:                  	3671976 reads (97.57%) 	479376534 bases (97.59%)
Singletons:             	91534 reads (2.43%) 	11849624 bases (2.41%)

Time:                         	87.242 seconds.
Reads Processed:       3763k 	43.14k reads/sec
Bases Processed:        491m 	5.63m bases/sec
java -ea -Xmx66137m -cp /opt/conda/opt/bbmap-38.90-3/current/ jgi.SplitPairsAndSingles rp in1=fq_fp1_clmp_fp2_fqscrn/LlC01070_CKDL210012719-1a-AK8587-AK8544_HF5TCDSX2_L1_clmp_fp2_r1.tagged_filter.fastq.gz in2=fq_fp1_clmp_fp2_fqscrn/LlC01070_CKDL210012719-1a-AK8587-AK8544_HF5TCDSX2_L1_clmp_fp2_r2.tagged_filter.fastq.gz out1=fq_fp1_clmp_fp2_fqscrn_repaired/LlC01070_CKDL210012719-1a-AK8587-AK8544_HF5TCDSX2_L1_clmp_fp2_repr.R1.fq.gz out2=fq_fp1_clmp_fp2_fqscrn_repaired/LlC01070_CKDL210012719-1a-AK8587-AK8544_HF5TCDSX2_L1_clmp_fp2_repr.R2.fq.gz outs=fq_fp1_clmp_fp2_fqscrn_repaired/orphans/LlC01070_CKDL210012719-1a-AK8587-AK8544_HF5TCDSX2_L1_clmp_fp2_repr.orph.fq repair
Executing jgi.SplitPairsAndSingles [rp, in1=fq_fp1_clmp_fp2_fqscrn/LlC01070_CKDL210012719-1a-AK8587-AK8544_HF5TCDSX2_L1_clmp_fp2_r1.tagged_filter.fastq.gz, in2=fq_fp1_clmp_fp2_fqscrn/LlC01070_CKDL210012719-1a-AK8587-AK8544_HF5TCDSX2_L1_clmp_fp2_r2.tagged_filter.fastq.gz, out1=fq_fp1_clmp_fp2_fqscrn_repaired/LlC01070_CKDL210012719-1a-AK8587-AK8544_HF5TCDSX2_L1_clmp_fp2_repr.R1.fq.gz, out2=fq_fp1_clmp_fp2_fqscrn_repaired/LlC01070_CKDL210012719-1a-AK8587-AK8544_HF5TCDSX2_L1_clmp_fp2_repr.R2.fq.gz, outs=fq_fp1_clmp_fp2_fqscrn_repaired/orphans/LlC01070_CKDL210012719-1a-AK8587-AK8544_HF5TCDSX2_L1_clmp_fp2_repr.orph.fq, repair]

Set INTERLEAVED to false
Started output stream.

Input:                  	3570176 reads 		471124248 bases.
Result:                 	3570176 reads (100.00%) 	471124248 bases (100.00%)
Pairs:                  	3476938 reads (97.39%) 	458886281 bases (97.40%)
Singletons:             	93238 reads (2.61%) 	12237967 bases (2.60%)

Time:                         	85.299 seconds.
Reads Processed:       3570k 	41.86k reads/sec
Bases Processed:        471m 	5.52m bases/sec
java -ea -Xmx62040m -cp /opt/conda/opt/bbmap-38.90-3/current/ jgi.SplitPairsAndSingles rp in1=fq_fp1_clmp_fp2_fqscrn/LlC01065_CKDL210012719-1a-5UDI298-7UDI298_HF5TCDSX2_L1_clmp_fp2_r1.tagged_filter.fastq.gz in2=fq_fp1_clmp_fp2_fqscrn/LlC01065_CKDL210012719-1a-5UDI298-7UDI298_HF5TCDSX2_L1_clmp_fp2_r2.tagged_filter.fastq.gz out1=fq_fp1_clmp_fp2_fqscrn_repaired/LlC01065_CKDL210012719-1a-5UDI298-7UDI298_HF5TCDSX2_L1_clmp_fp2_repr.R1.fq.gz out2=fq_fp1_clmp_fp2_fqscrn_repaired/LlC01065_CKDL210012719-1a-5UDI298-7UDI298_HF5TCDSX2_L1_clmp_fp2_repr.R2.fq.gz outs=fq_fp1_clmp_fp2_fqscrn_repaired/orphans/LlC01065_CKDL210012719-1a-5UDI298-7UDI298_HF5TCDSX2_L1_clmp_fp2_repr.orph.fq repair
Executing jgi.SplitPairsAndSingles [rp, in1=fq_fp1_clmp_fp2_fqscrn/LlC01065_CKDL210012719-1a-5UDI298-7UDI298_HF5TCDSX2_L1_clmp_fp2_r1.tagged_filter.fastq.gz, in2=fq_fp1_clmp_fp2_fqscrn/LlC01065_CKDL210012719-1a-5UDI298-7UDI298_HF5TCDSX2_L1_clmp_fp2_r2.tagged_filter.fastq.gz, out1=fq_fp1_clmp_fp2_fqscrn_repaired/LlC01065_CKDL210012719-1a-5UDI298-7UDI298_HF5TCDSX2_L1_clmp_fp2_repr.R1.fq.gz, out2=fq_fp1_clmp_fp2_fqscrn_repaired/LlC01065_CKDL210012719-1a-5UDI298-7UDI298_HF5TCDSX2_L1_clmp_fp2_repr.R2.fq.gz, outs=fq_fp1_clmp_fp2_fqscrn_repaired/orphans/LlC01065_CKDL210012719-1a-5UDI298-7UDI298_HF5TCDSX2_L1_clmp_fp2_repr.orph.fq, repair]

Set INTERLEAVED to false
Started output stream.

Input:                  	4361286 reads 		581865058 bases.
Result:                 	4361286 reads (100.00%) 	581865058 bases (100.00%)
Pairs:                  	4245232 reads (97.34%) 	566515015 bases (97.36%)
Singletons:             	116054 reads (2.66%) 	15350043 bases (2.64%)

Time:                         	97.030 seconds.
Reads Processed:       4361k 	44.95k reads/sec
Bases Processed:        581m 	6.00m bases/sec
java -ea -Xmx57231m -cp /opt/conda/opt/bbmap-38.90-3/current/ jgi.SplitPairsAndSingles rp in1=fq_fp1_clmp_fp2_fqscrn/LlC01071_CKDL210012719-1a-AK7759-7UDI298_HF5TCDSX2_L1_clmp_fp2_r1.tagged_filter.fastq.gz in2=fq_fp1_clmp_fp2_fqscrn/LlC01071_CKDL210012719-1a-AK7759-7UDI298_HF5TCDSX2_L1_clmp_fp2_r2.tagged_filter.fastq.gz out1=fq_fp1_clmp_fp2_fqscrn_repaired/LlC01071_CKDL210012719-1a-AK7759-7UDI298_HF5TCDSX2_L1_clmp_fp2_repr.R1.fq.gz out2=fq_fp1_clmp_fp2_fqscrn_repaired/LlC01071_CKDL210012719-1a-AK7759-7UDI298_HF5TCDSX2_L1_clmp_fp2_repr.R2.fq.gz outs=fq_fp1_clmp_fp2_fqscrn_repaired/orphans/LlC01071_CKDL210012719-1a-AK7759-7UDI298_HF5TCDSX2_L1_clmp_fp2_repr.orph.fq repair
Executing jgi.SplitPairsAndSingles [rp, in1=fq_fp1_clmp_fp2_fqscrn/LlC01071_CKDL210012719-1a-AK7759-7UDI298_HF5TCDSX2_L1_clmp_fp2_r1.tagged_filter.fastq.gz, in2=fq_fp1_clmp_fp2_fqscrn/LlC01071_CKDL210012719-1a-AK7759-7UDI298_HF5TCDSX2_L1_clmp_fp2_r2.tagged_filter.fastq.gz, out1=fq_fp1_clmp_fp2_fqscrn_repaired/LlC01071_CKDL210012719-1a-AK7759-7UDI298_HF5TCDSX2_L1_clmp_fp2_repr.R1.fq.gz, out2=fq_fp1_clmp_fp2_fqscrn_repaired/LlC01071_CKDL210012719-1a-AK7759-7UDI298_HF5TCDSX2_L1_clmp_fp2_repr.R2.fq.gz, outs=fq_fp1_clmp_fp2_fqscrn_repaired/orphans/LlC01071_CKDL210012719-1a-AK7759-7UDI298_HF5TCDSX2_L1_clmp_fp2_repr.orph.fq, repair]

Set INTERLEAVED to false
Started output stream.

Input:                  	3704222 reads 		495525637 bases.
Result:                 	3704222 reads (100.00%) 	495525637 bases (100.00%)
Pairs:                  	3604232 reads (97.30%) 	482308703 bases (97.33%)
Singletons:             	99990 reads (2.70%) 	13216934 bases (2.67%)

Time:                         	83.263 seconds.
Reads Processed:       3704k 	44.49k reads/sec
Bases Processed:        495m 	5.95m bases/sec
java -ea -Xmx58751m -cp /opt/conda/opt/bbmap-38.90-3/current/ jgi.SplitPairsAndSingles rp in1=fq_fp1_clmp_fp2_fqscrn/LlC01054_CKDL210012719-1a-5UDI312-AK8544_HF5TCDSX2_L1_clmp_fp2_r1.tagged_filter.fastq.gz in2=fq_fp1_clmp_fp2_fqscrn/LlC01054_CKDL210012719-1a-5UDI312-AK8544_HF5TCDSX2_L1_clmp_fp2_r2.tagged_filter.fastq.gz out1=fq_fp1_clmp_fp2_fqscrn_repaired/LlC01054_CKDL210012719-1a-5UDI312-AK8544_HF5TCDSX2_L1_clmp_fp2_repr.R1.fq.gz out2=fq_fp1_clmp_fp2_fqscrn_repaired/LlC01054_CKDL210012719-1a-5UDI312-AK8544_HF5TCDSX2_L1_clmp_fp2_repr.R2.fq.gz outs=fq_fp1_clmp_fp2_fqscrn_repaired/orphans/LlC01054_CKDL210012719-1a-5UDI312-AK8544_HF5TCDSX2_L1_clmp_fp2_repr.orph.fq repair
Executing jgi.SplitPairsAndSingles [rp, in1=fq_fp1_clmp_fp2_fqscrn/LlC01054_CKDL210012719-1a-5UDI312-AK8544_HF5TCDSX2_L1_clmp_fp2_r1.tagged_filter.fastq.gz, in2=fq_fp1_clmp_fp2_fqscrn/LlC01054_CKDL210012719-1a-5UDI312-AK8544_HF5TCDSX2_L1_clmp_fp2_r2.tagged_filter.fastq.gz, out1=fq_fp1_clmp_fp2_fqscrn_repaired/LlC01054_CKDL210012719-1a-5UDI312-AK8544_HF5TCDSX2_L1_clmp_fp2_repr.R1.fq.gz, out2=fq_fp1_clmp_fp2_fqscrn_repaired/LlC01054_CKDL210012719-1a-5UDI312-AK8544_HF5TCDSX2_L1_clmp_fp2_repr.R2.fq.gz, outs=fq_fp1_clmp_fp2_fqscrn_repaired/orphans/LlC01054_CKDL210012719-1a-5UDI312-AK8544_HF5TCDSX2_L1_clmp_fp2_repr.orph.fq, repair]

Set INTERLEAVED to false
Started output stream.

Input:                  	6002973 reads 		779088474 bases.
Result:                 	6002973 reads (100.00%) 	779088474 bases (100.00%)
Pairs:                  	5841228 reads (97.31%) 	758367863 bases (97.34%)
Singletons:             	161745 reads (2.69%) 	20720611 bases (2.66%)

Time:                         	131.125 seconds.
Reads Processed:       6002k 	45.78k reads/sec
Bases Processed:        779m 	5.94m bases/sec
java -ea -Xmx54831m -cp /opt/conda/opt/bbmap-38.90-3/current/ jgi.SplitPairsAndSingles rp in1=fq_fp1_clmp_fp2_fqscrn/LlC01045_CKDL210012719-1a-AK8410-7UDI227_HF5TCDSX2_L1_clmp_fp2_r1.tagged_filter.fastq.gz in2=fq_fp1_clmp_fp2_fqscrn/LlC01045_CKDL210012719-1a-AK8410-7UDI227_HF5TCDSX2_L1_clmp_fp2_r2.tagged_filter.fastq.gz out1=fq_fp1_clmp_fp2_fqscrn_repaired/LlC01045_CKDL210012719-1a-AK8410-7UDI227_HF5TCDSX2_L1_clmp_fp2_repr.R1.fq.gz out2=fq_fp1_clmp_fp2_fqscrn_repaired/LlC01045_CKDL210012719-1a-AK8410-7UDI227_HF5TCDSX2_L1_clmp_fp2_repr.R2.fq.gz outs=fq_fp1_clmp_fp2_fqscrn_repaired/orphans/LlC01045_CKDL210012719-1a-AK8410-7UDI227_HF5TCDSX2_L1_clmp_fp2_repr.orph.fq repair
Executing jgi.SplitPairsAndSingles [rp, in1=fq_fp1_clmp_fp2_fqscrn/LlC01045_CKDL210012719-1a-AK8410-7UDI227_HF5TCDSX2_L1_clmp_fp2_r1.tagged_filter.fastq.gz, in2=fq_fp1_clmp_fp2_fqscrn/LlC01045_CKDL210012719-1a-AK8410-7UDI227_HF5TCDSX2_L1_clmp_fp2_r2.tagged_filter.fastq.gz, out1=fq_fp1_clmp_fp2_fqscrn_repaired/LlC01045_CKDL210012719-1a-AK8410-7UDI227_HF5TCDSX2_L1_clmp_fp2_repr.R1.fq.gz, out2=fq_fp1_clmp_fp2_fqscrn_repaired/LlC01045_CKDL210012719-1a-AK8410-7UDI227_HF5TCDSX2_L1_clmp_fp2_repr.R2.fq.gz, outs=fq_fp1_clmp_fp2_fqscrn_repaired/orphans/LlC01045_CKDL210012719-1a-AK8410-7UDI227_HF5TCDSX2_L1_clmp_fp2_repr.orph.fq, repair]

Set INTERLEAVED to false
Started output stream.

Input:                  	7386300 reads 		992853571 bases.
Result:                 	7386300 reads (100.00%) 	992853571 bases (100.00%)
Pairs:                  	7169746 reads (97.07%) 	963912759 bases (97.09%)
Singletons:             	216554 reads (2.93%) 	28940812 bases (2.91%)

Time:                         	162.245 seconds.
Reads Processed:       7386k 	45.53k reads/sec
Bases Processed:        992m 	6.12m bases/sec
java -ea -Xmx61304m -cp /opt/conda/opt/bbmap-38.90-3/current/ jgi.SplitPairsAndSingles rp in1=fq_fp1_clmp_fp2_fqscrn/LlC01077_CKDL210012719-1a-5UDI298-AK8544_HF5TCDSX2_L1_clmp_fp2_r1.tagged_filter.fastq.gz in2=fq_fp1_clmp_fp2_fqscrn/LlC01077_CKDL210012719-1a-5UDI298-AK8544_HF5TCDSX2_L1_clmp_fp2_r2.tagged_filter.fastq.gz out1=fq_fp1_clmp_fp2_fqscrn_repaired/LlC01077_CKDL210012719-1a-5UDI298-AK8544_HF5TCDSX2_L1_clmp_fp2_repr.R1.fq.gz out2=fq_fp1_clmp_fp2_fqscrn_repaired/LlC01077_CKDL210012719-1a-5UDI298-AK8544_HF5TCDSX2_L1_clmp_fp2_repr.R2.fq.gz outs=fq_fp1_clmp_fp2_fqscrn_repaired/orphans/LlC01077_CKDL210012719-1a-5UDI298-AK8544_HF5TCDSX2_L1_clmp_fp2_repr.orph.fq repair
Executing jgi.SplitPairsAndSingles [rp, in1=fq_fp1_clmp_fp2_fqscrn/LlC01077_CKDL210012719-1a-5UDI298-AK8544_HF5TCDSX2_L1_clmp_fp2_r1.tagged_filter.fastq.gz, in2=fq_fp1_clmp_fp2_fqscrn/LlC01077_CKDL210012719-1a-5UDI298-AK8544_HF5TCDSX2_L1_clmp_fp2_r2.tagged_filter.fastq.gz, out1=fq_fp1_clmp_fp2_fqscrn_repaired/LlC01077_CKDL210012719-1a-5UDI298-AK8544_HF5TCDSX2_L1_clmp_fp2_repr.R1.fq.gz, out2=fq_fp1_clmp_fp2_fqscrn_repaired/LlC01077_CKDL210012719-1a-5UDI298-AK8544_HF5TCDSX2_L1_clmp_fp2_repr.R2.fq.gz, outs=fq_fp1_clmp_fp2_fqscrn_repaired/orphans/LlC01077_CKDL210012719-1a-5UDI298-AK8544_HF5TCDSX2_L1_clmp_fp2_repr.orph.fq, repair]

Set INTERLEAVED to false
Started output stream.

Input:                  	3247291 reads 		430275319 bases.
Result:                 	3247291 reads (100.00%) 	430275319 bases (100.00%)
Pairs:                  	3157938 reads (97.25%) 	418539669 bases (97.27%)
Singletons:             	89353 reads (2.75%) 	11735650 bases (2.73%)

Time:                         	72.567 seconds.
Reads Processed:       3247k 	44.75k reads/sec
Bases Processed:        430m 	5.93m bases/sec
java -ea -Xmx60390m -cp /opt/conda/opt/bbmap-38.90-3/current/ jgi.SplitPairsAndSingles rp in1=fq_fp1_clmp_fp2_fqscrn/LlC01074_CKDL210012719-1a-AK3905-AK9148_HF5TCDSX2_L1_clmp_fp2_r1.tagged_filter.fastq.gz in2=fq_fp1_clmp_fp2_fqscrn/LlC01074_CKDL210012719-1a-AK3905-AK9148_HF5TCDSX2_L1_clmp_fp2_r2.tagged_filter.fastq.gz out1=fq_fp1_clmp_fp2_fqscrn_repaired/LlC01074_CKDL210012719-1a-AK3905-AK9148_HF5TCDSX2_L1_clmp_fp2_repr.R1.fq.gz out2=fq_fp1_clmp_fp2_fqscrn_repaired/LlC01074_CKDL210012719-1a-AK3905-AK9148_HF5TCDSX2_L1_clmp_fp2_repr.R2.fq.gz outs=fq_fp1_clmp_fp2_fqscrn_repaired/orphans/LlC01074_CKDL210012719-1a-AK3905-AK9148_HF5TCDSX2_L1_clmp_fp2_repr.orph.fq repair
Executing jgi.SplitPairsAndSingles [rp, in1=fq_fp1_clmp_fp2_fqscrn/LlC01074_CKDL210012719-1a-AK3905-AK9148_HF5TCDSX2_L1_clmp_fp2_r1.tagged_filter.fastq.gz, in2=fq_fp1_clmp_fp2_fqscrn/LlC01074_CKDL210012719-1a-AK3905-AK9148_HF5TCDSX2_L1_clmp_fp2_r2.tagged_filter.fastq.gz, out1=fq_fp1_clmp_fp2_fqscrn_repaired/LlC01074_CKDL210012719-1a-AK3905-AK9148_HF5TCDSX2_L1_clmp_fp2_repr.R1.fq.gz, out2=fq_fp1_clmp_fp2_fqscrn_repaired/LlC01074_CKDL210012719-1a-AK3905-AK9148_HF5TCDSX2_L1_clmp_fp2_repr.R2.fq.gz, outs=fq_fp1_clmp_fp2_fqscrn_repaired/orphans/LlC01074_CKDL210012719-1a-AK3905-AK9148_HF5TCDSX2_L1_clmp_fp2_repr.orph.fq, repair]

Set INTERLEAVED to false
Started output stream.

Input:                  	3959287 reads 		522642686 bases.
Result:                 	3959287 reads (100.00%) 	522642686 bases (100.00%)
Pairs:                  	3856426 reads (97.40%) 	509230133 bases (97.43%)
Singletons:             	102861 reads (2.60%) 	13412553 bases (2.57%)

Time:                         	83.894 seconds.
Reads Processed:       3959k 	47.19k reads/sec
Bases Processed:        522m 	6.23m bases/sec
java -ea -Xmx54229m -cp /opt/conda/opt/bbmap-38.90-3/current/ jgi.SplitPairsAndSingles rp in1=fq_fp1_clmp_fp2_fqscrn/LlC01042_CKDL210012719-1a-AK6260-AK9148_HF5TCDSX2_L1_clmp_fp2_r1.tagged_filter.fastq.gz in2=fq_fp1_clmp_fp2_fqscrn/LlC01042_CKDL210012719-1a-AK6260-AK9148_HF5TCDSX2_L1_clmp_fp2_r2.tagged_filter.fastq.gz out1=fq_fp1_clmp_fp2_fqscrn_repaired/LlC01042_CKDL210012719-1a-AK6260-AK9148_HF5TCDSX2_L1_clmp_fp2_repr.R1.fq.gz out2=fq_fp1_clmp_fp2_fqscrn_repaired/LlC01042_CKDL210012719-1a-AK6260-AK9148_HF5TCDSX2_L1_clmp_fp2_repr.R2.fq.gz outs=fq_fp1_clmp_fp2_fqscrn_repaired/orphans/LlC01042_CKDL210012719-1a-AK6260-AK9148_HF5TCDSX2_L1_clmp_fp2_repr.orph.fq repair
Executing jgi.SplitPairsAndSingles [rp, in1=fq_fp1_clmp_fp2_fqscrn/LlC01042_CKDL210012719-1a-AK6260-AK9148_HF5TCDSX2_L1_clmp_fp2_r1.tagged_filter.fastq.gz, in2=fq_fp1_clmp_fp2_fqscrn/LlC01042_CKDL210012719-1a-AK6260-AK9148_HF5TCDSX2_L1_clmp_fp2_r2.tagged_filter.fastq.gz, out1=fq_fp1_clmp_fp2_fqscrn_repaired/LlC01042_CKDL210012719-1a-AK6260-AK9148_HF5TCDSX2_L1_clmp_fp2_repr.R1.fq.gz, out2=fq_fp1_clmp_fp2_fqscrn_repaired/LlC01042_CKDL210012719-1a-AK6260-AK9148_HF5TCDSX2_L1_clmp_fp2_repr.R2.fq.gz, outs=fq_fp1_clmp_fp2_fqscrn_repaired/orphans/LlC01042_CKDL210012719-1a-AK6260-AK9148_HF5TCDSX2_L1_clmp_fp2_repr.orph.fq, repair]

Set INTERLEAVED to false
Started output stream.

Input:                  	8157178 reads 		1068008103 bases.
Result:                 	8157178 reads (100.00%) 	1068008103 bases (100.00%)
Pairs:                  	7939768 reads (97.33%) 	1039992191 bases (97.38%)
Singletons:             	217410 reads (2.67%) 	28015912 bases (2.62%)

Time:                         	172.016 seconds.
Reads Processed:       8157k 	47.42k reads/sec
Bases Processed:       1068m 	6.21m bases/sec
java -ea -Xmx57603m -cp /opt/conda/opt/bbmap-38.90-3/current/ jgi.SplitPairsAndSingles rp in1=fq_fp1_clmp_fp2_fqscrn/LlC01072_CKDL210012719-1a-AK6881-7UDI243_HF5TCDSX2_L1_clmp_fp2_r1.tagged_filter.fastq.gz in2=fq_fp1_clmp_fp2_fqscrn/LlC01072_CKDL210012719-1a-AK6881-7UDI243_HF5TCDSX2_L1_clmp_fp2_r2.tagged_filter.fastq.gz out1=fq_fp1_clmp_fp2_fqscrn_repaired/LlC01072_CKDL210012719-1a-AK6881-7UDI243_HF5TCDSX2_L1_clmp_fp2_repr.R1.fq.gz out2=fq_fp1_clmp_fp2_fqscrn_repaired/LlC01072_CKDL210012719-1a-AK6881-7UDI243_HF5TCDSX2_L1_clmp_fp2_repr.R2.fq.gz outs=fq_fp1_clmp_fp2_fqscrn_repaired/orphans/LlC01072_CKDL210012719-1a-AK6881-7UDI243_HF5TCDSX2_L1_clmp_fp2_repr.orph.fq repair
Executing jgi.SplitPairsAndSingles [rp, in1=fq_fp1_clmp_fp2_fqscrn/LlC01072_CKDL210012719-1a-AK6881-7UDI243_HF5TCDSX2_L1_clmp_fp2_r1.tagged_filter.fastq.gz, in2=fq_fp1_clmp_fp2_fqscrn/LlC01072_CKDL210012719-1a-AK6881-7UDI243_HF5TCDSX2_L1_clmp_fp2_r2.tagged_filter.fastq.gz, out1=fq_fp1_clmp_fp2_fqscrn_repaired/LlC01072_CKDL210012719-1a-AK6881-7UDI243_HF5TCDSX2_L1_clmp_fp2_repr.R1.fq.gz, out2=fq_fp1_clmp_fp2_fqscrn_repaired/LlC01072_CKDL210012719-1a-AK6881-7UDI243_HF5TCDSX2_L1_clmp_fp2_repr.R2.fq.gz, outs=fq_fp1_clmp_fp2_fqscrn_repaired/orphans/LlC01072_CKDL210012719-1a-AK6881-7UDI243_HF5TCDSX2_L1_clmp_fp2_repr.orph.fq, repair]

Set INTERLEAVED to false
Started output stream.

Input:                  	4180936 reads 		559066695 bases.
Result:                 	4180936 reads (100.00%) 	559066695 bases (100.00%)
Pairs:                  	4069316 reads (97.33%) 	544477497 bases (97.39%)
Singletons:             	111620 reads (2.67%) 	14589198 bases (2.61%)

Time:                         	89.531 seconds.
Reads Processed:       4180k 	46.70k reads/sec
Bases Processed:        559m 	6.24m bases/sec
java -ea -Xmx59152m -cp /opt/conda/opt/bbmap-38.90-3/current/ jgi.SplitPairsAndSingles rp in1=fq_fp1_clmp_fp2_fqscrn/LlC01075_CKDL210012719-1a-AK7761-AK892_HF5TCDSX2_L1_clmp_fp2_r1.tagged_filter.fastq.gz in2=fq_fp1_clmp_fp2_fqscrn/LlC01075_CKDL210012719-1a-AK7761-AK892_HF5TCDSX2_L1_clmp_fp2_r2.tagged_filter.fastq.gz out1=fq_fp1_clmp_fp2_fqscrn_repaired/LlC01075_CKDL210012719-1a-AK7761-AK892_HF5TCDSX2_L1_clmp_fp2_repr.R1.fq.gz out2=fq_fp1_clmp_fp2_fqscrn_repaired/LlC01075_CKDL210012719-1a-AK7761-AK892_HF5TCDSX2_L1_clmp_fp2_repr.R2.fq.gz outs=fq_fp1_clmp_fp2_fqscrn_repaired/orphans/LlC01075_CKDL210012719-1a-AK7761-AK892_HF5TCDSX2_L1_clmp_fp2_repr.orph.fq repair
Executing jgi.SplitPairsAndSingles [rp, in1=fq_fp1_clmp_fp2_fqscrn/LlC01075_CKDL210012719-1a-AK7761-AK892_HF5TCDSX2_L1_clmp_fp2_r1.tagged_filter.fastq.gz, in2=fq_fp1_clmp_fp2_fqscrn/LlC01075_CKDL210012719-1a-AK7761-AK892_HF5TCDSX2_L1_clmp_fp2_r2.tagged_filter.fastq.gz, out1=fq_fp1_clmp_fp2_fqscrn_repaired/LlC01075_CKDL210012719-1a-AK7761-AK892_HF5TCDSX2_L1_clmp_fp2_repr.R1.fq.gz, out2=fq_fp1_clmp_fp2_fqscrn_repaired/LlC01075_CKDL210012719-1a-AK7761-AK892_HF5TCDSX2_L1_clmp_fp2_repr.R2.fq.gz, outs=fq_fp1_clmp_fp2_fqscrn_repaired/orphans/LlC01075_CKDL210012719-1a-AK7761-AK892_HF5TCDSX2_L1_clmp_fp2_repr.orph.fq, repair]

Set INTERLEAVED to false
Started output stream.

Input:                  	4088754 reads 		539870721 bases.
Result:                 	4088754 reads (100.00%) 	539870721 bases (100.00%)
Pairs:                  	3972918 reads (97.17%) 	524698598 bases (97.19%)
Singletons:             	115836 reads (2.83%) 	15172123 bases (2.81%)

Time:                         	87.129 seconds.
Reads Processed:       4088k 	46.93k reads/sec
Bases Processed:        539m 	6.20m bases/sec
java -ea -Xmx60422m -cp /opt/conda/opt/bbmap-38.90-3/current/ jgi.SplitPairsAndSingles rp in1=fq_fp1_clmp_fp2_fqscrn/LlC01073_CKDL210012719-1a-AK3905-AK4997_HF5TCDSX2_L1_clmp_fp2_r1.tagged_filter.fastq.gz in2=fq_fp1_clmp_fp2_fqscrn/LlC01073_CKDL210012719-1a-AK3905-AK4997_HF5TCDSX2_L1_clmp_fp2_r2.tagged_filter.fastq.gz out1=fq_fp1_clmp_fp2_fqscrn_repaired/LlC01073_CKDL210012719-1a-AK3905-AK4997_HF5TCDSX2_L1_clmp_fp2_repr.R1.fq.gz out2=fq_fp1_clmp_fp2_fqscrn_repaired/LlC01073_CKDL210012719-1a-AK3905-AK4997_HF5TCDSX2_L1_clmp_fp2_repr.R2.fq.gz outs=fq_fp1_clmp_fp2_fqscrn_repaired/orphans/LlC01073_CKDL210012719-1a-AK3905-AK4997_HF5TCDSX2_L1_clmp_fp2_repr.orph.fq repair
Executing jgi.SplitPairsAndSingles [rp, in1=fq_fp1_clmp_fp2_fqscrn/LlC01073_CKDL210012719-1a-AK3905-AK4997_HF5TCDSX2_L1_clmp_fp2_r1.tagged_filter.fastq.gz, in2=fq_fp1_clmp_fp2_fqscrn/LlC01073_CKDL210012719-1a-AK3905-AK4997_HF5TCDSX2_L1_clmp_fp2_r2.tagged_filter.fastq.gz, out1=fq_fp1_clmp_fp2_fqscrn_repaired/LlC01073_CKDL210012719-1a-AK3905-AK4997_HF5TCDSX2_L1_clmp_fp2_repr.R1.fq.gz, out2=fq_fp1_clmp_fp2_fqscrn_repaired/LlC01073_CKDL210012719-1a-AK3905-AK4997_HF5TCDSX2_L1_clmp_fp2_repr.R2.fq.gz, outs=fq_fp1_clmp_fp2_fqscrn_repaired/orphans/LlC01073_CKDL210012719-1a-AK3905-AK4997_HF5TCDSX2_L1_clmp_fp2_repr.orph.fq, repair]

Set INTERLEAVED to false
Started output stream.

Input:                  	4160750 reads 		555780459 bases.
Result:                 	4160750 reads (100.00%) 	555780459 bases (100.00%)
Pairs:                  	4049398 reads (97.32%) 	541065460 bases (97.35%)
Singletons:             	111352 reads (2.68%) 	14714999 bases (2.65%)

Time:                         	89.019 seconds.
Reads Processed:       4160k 	46.74k reads/sec
Bases Processed:        555m 	6.24m bases/sec
java -ea -Xmx61304m -cp /opt/conda/opt/bbmap-38.90-3/current/ jgi.SplitPairsAndSingles rp in1=fq_fp1_clmp_fp2_fqscrn/LlC01078_CKDL210012719-1a-AK9142-7UDI243_HF5TCDSX2_L1_clmp_fp2_r1.tagged_filter.fastq.gz in2=fq_fp1_clmp_fp2_fqscrn/LlC01078_CKDL210012719-1a-AK9142-7UDI243_HF5TCDSX2_L1_clmp_fp2_r2.tagged_filter.fastq.gz out1=fq_fp1_clmp_fp2_fqscrn_repaired/LlC01078_CKDL210012719-1a-AK9142-7UDI243_HF5TCDSX2_L1_clmp_fp2_repr.R1.fq.gz out2=fq_fp1_clmp_fp2_fqscrn_repaired/LlC01078_CKDL210012719-1a-AK9142-7UDI243_HF5TCDSX2_L1_clmp_fp2_repr.R2.fq.gz outs=fq_fp1_clmp_fp2_fqscrn_repaired/orphans/LlC01078_CKDL210012719-1a-AK9142-7UDI243_HF5TCDSX2_L1_clmp_fp2_repr.orph.fq repair
Executing jgi.SplitPairsAndSingles [rp, in1=fq_fp1_clmp_fp2_fqscrn/LlC01078_CKDL210012719-1a-AK9142-7UDI243_HF5TCDSX2_L1_clmp_fp2_r1.tagged_filter.fastq.gz, in2=fq_fp1_clmp_fp2_fqscrn/LlC01078_CKDL210012719-1a-AK9142-7UDI243_HF5TCDSX2_L1_clmp_fp2_r2.tagged_filter.fastq.gz, out1=fq_fp1_clmp_fp2_fqscrn_repaired/LlC01078_CKDL210012719-1a-AK9142-7UDI243_HF5TCDSX2_L1_clmp_fp2_repr.R1.fq.gz, out2=fq_fp1_clmp_fp2_fqscrn_repaired/LlC01078_CKDL210012719-1a-AK9142-7UDI243_HF5TCDSX2_L1_clmp_fp2_repr.R2.fq.gz, outs=fq_fp1_clmp_fp2_fqscrn_repaired/orphans/LlC01078_CKDL210012719-1a-AK9142-7UDI243_HF5TCDSX2_L1_clmp_fp2_repr.orph.fq, repair]

Set INTERLEAVED to false
Started output stream.

Input:                  	3744553 reads 		490820819 bases.
Result:                 	3744553 reads (100.00%) 	490820819 bases (100.00%)
Pairs:                  	3656124 reads (97.64%) 	479400151 bases (97.67%)
Singletons:             	88429 reads (2.36%) 	11420668 bases (2.33%)

Time:                         	79.089 seconds.
Reads Processed:       3744k 	47.35k reads/sec
Bases Processed:        490m 	6.21m bases/sec
java -ea -Xmx63252m -cp /opt/conda/opt/bbmap-38.90-3/current/ jgi.SplitPairsAndSingles rp in1=fq_fp1_clmp_fp2_fqscrn/LlC01080_CKDL210012719-1a-AK8410-7UDI243_HF5TCDSX2_L1_clmp_fp2_r1.tagged_filter.fastq.gz in2=fq_fp1_clmp_fp2_fqscrn/LlC01080_CKDL210012719-1a-AK8410-7UDI243_HF5TCDSX2_L1_clmp_fp2_r2.tagged_filter.fastq.gz out1=fq_fp1_clmp_fp2_fqscrn_repaired/LlC01080_CKDL210012719-1a-AK8410-7UDI243_HF5TCDSX2_L1_clmp_fp2_repr.R1.fq.gz out2=fq_fp1_clmp_fp2_fqscrn_repaired/LlC01080_CKDL210012719-1a-AK8410-7UDI243_HF5TCDSX2_L1_clmp_fp2_repr.R2.fq.gz outs=fq_fp1_clmp_fp2_fqscrn_repaired/orphans/LlC01080_CKDL210012719-1a-AK8410-7UDI243_HF5TCDSX2_L1_clmp_fp2_repr.orph.fq repair
Executing jgi.SplitPairsAndSingles [rp, in1=fq_fp1_clmp_fp2_fqscrn/LlC01080_CKDL210012719-1a-AK8410-7UDI243_HF5TCDSX2_L1_clmp_fp2_r1.tagged_filter.fastq.gz, in2=fq_fp1_clmp_fp2_fqscrn/LlC01080_CKDL210012719-1a-AK8410-7UDI243_HF5TCDSX2_L1_clmp_fp2_r2.tagged_filter.fastq.gz, out1=fq_fp1_clmp_fp2_fqscrn_repaired/LlC01080_CKDL210012719-1a-AK8410-7UDI243_HF5TCDSX2_L1_clmp_fp2_repr.R1.fq.gz, out2=fq_fp1_clmp_fp2_fqscrn_repaired/LlC01080_CKDL210012719-1a-AK8410-7UDI243_HF5TCDSX2_L1_clmp_fp2_repr.R2.fq.gz, outs=fq_fp1_clmp_fp2_fqscrn_repaired/orphans/LlC01080_CKDL210012719-1a-AK8410-7UDI243_HF5TCDSX2_L1_clmp_fp2_repr.orph.fq, repair]

Set INTERLEAVED to false
Started output stream.

Input:                  	3698105 reads 		496109575 bases.
Result:                 	3698105 reads (100.00%) 	496109575 bases (100.00%)
Pairs:                  	3597956 reads (97.29%) 	482820576 bases (97.32%)
Singletons:             	100149 reads (2.71%) 	13288999 bases (2.68%)

Time:                         	76.392 seconds.
Reads Processed:       3698k 	48.41k reads/sec
Bases Processed:        496m 	6.49m bases/sec
java -ea -Xmx61880m -cp /opt/conda/opt/bbmap-38.90-3/current/ jgi.SplitPairsAndSingles rp in1=fq_fp1_clmp_fp2_fqscrn/LlC01093_CKDL210012719-1a-AK6260-7UDI227_HF5TCDSX2_L1_clmp_fp2_r1.tagged_filter.fastq.gz in2=fq_fp1_clmp_fp2_fqscrn/LlC01093_CKDL210012719-1a-AK6260-7UDI227_HF5TCDSX2_L1_clmp_fp2_r2.tagged_filter.fastq.gz out1=fq_fp1_clmp_fp2_fqscrn_repaired/LlC01093_CKDL210012719-1a-AK6260-7UDI227_HF5TCDSX2_L1_clmp_fp2_repr.R1.fq.gz out2=fq_fp1_clmp_fp2_fqscrn_repaired/LlC01093_CKDL210012719-1a-AK6260-7UDI227_HF5TCDSX2_L1_clmp_fp2_repr.R2.fq.gz outs=fq_fp1_clmp_fp2_fqscrn_repaired/orphans/LlC01093_CKDL210012719-1a-AK6260-7UDI227_HF5TCDSX2_L1_clmp_fp2_repr.orph.fq repair
Executing jgi.SplitPairsAndSingles [rp, in1=fq_fp1_clmp_fp2_fqscrn/LlC01093_CKDL210012719-1a-AK6260-7UDI227_HF5TCDSX2_L1_clmp_fp2_r1.tagged_filter.fastq.gz, in2=fq_fp1_clmp_fp2_fqscrn/LlC01093_CKDL210012719-1a-AK6260-7UDI227_HF5TCDSX2_L1_clmp_fp2_r2.tagged_filter.fastq.gz, out1=fq_fp1_clmp_fp2_fqscrn_repaired/LlC01093_CKDL210012719-1a-AK6260-7UDI227_HF5TCDSX2_L1_clmp_fp2_repr.R1.fq.gz, out2=fq_fp1_clmp_fp2_fqscrn_repaired/LlC01093_CKDL210012719-1a-AK6260-7UDI227_HF5TCDSX2_L1_clmp_fp2_repr.R2.fq.gz, outs=fq_fp1_clmp_fp2_fqscrn_repaired/orphans/LlC01093_CKDL210012719-1a-AK6260-7UDI227_HF5TCDSX2_L1_clmp_fp2_repr.orph.fq, repair]

Set INTERLEAVED to false
Started output stream.

Input:                  	2808104 reads 		361171382 bases.
Result:                 	2808104 reads (100.00%) 	361171382 bases (100.00%)
Pairs:                  	2746146 reads (97.79%) 	353316293 bases (97.83%)
Singletons:             	61958 reads (2.21%) 	7855089 bases (2.17%)

Time:                         	57.970 seconds.
Reads Processed:       2808k 	48.44k reads/sec
Bases Processed:        361m 	6.23m bases/sec
java -ea -Xmx60539m -cp /opt/conda/opt/bbmap-38.90-3/current/ jgi.SplitPairsAndSingles rp in1=fq_fp1_clmp_fp2_fqscrn/LlC01082_CKDL210012719-1a-AK8587-AK9148_HF5TCDSX2_L1_clmp_fp2_r1.tagged_filter.fastq.gz in2=fq_fp1_clmp_fp2_fqscrn/LlC01082_CKDL210012719-1a-AK8587-AK9148_HF5TCDSX2_L1_clmp_fp2_r2.tagged_filter.fastq.gz out1=fq_fp1_clmp_fp2_fqscrn_repaired/LlC01082_CKDL210012719-1a-AK8587-AK9148_HF5TCDSX2_L1_clmp_fp2_repr.R1.fq.gz out2=fq_fp1_clmp_fp2_fqscrn_repaired/LlC01082_CKDL210012719-1a-AK8587-AK9148_HF5TCDSX2_L1_clmp_fp2_repr.R2.fq.gz outs=fq_fp1_clmp_fp2_fqscrn_repaired/orphans/LlC01082_CKDL210012719-1a-AK8587-AK9148_HF5TCDSX2_L1_clmp_fp2_repr.orph.fq repair
Executing jgi.SplitPairsAndSingles [rp, in1=fq_fp1_clmp_fp2_fqscrn/LlC01082_CKDL210012719-1a-AK8587-AK9148_HF5TCDSX2_L1_clmp_fp2_r1.tagged_filter.fastq.gz, in2=fq_fp1_clmp_fp2_fqscrn/LlC01082_CKDL210012719-1a-AK8587-AK9148_HF5TCDSX2_L1_clmp_fp2_r2.tagged_filter.fastq.gz, out1=fq_fp1_clmp_fp2_fqscrn_repaired/LlC01082_CKDL210012719-1a-AK8587-AK9148_HF5TCDSX2_L1_clmp_fp2_repr.R1.fq.gz, out2=fq_fp1_clmp_fp2_fqscrn_repaired/LlC01082_CKDL210012719-1a-AK8587-AK9148_HF5TCDSX2_L1_clmp_fp2_repr.R2.fq.gz, outs=fq_fp1_clmp_fp2_fqscrn_repaired/orphans/LlC01082_CKDL210012719-1a-AK8587-AK9148_HF5TCDSX2_L1_clmp_fp2_repr.orph.fq, repair]

Set INTERLEAVED to false
Started output stream.

Input:                  	3640618 reads 		481312463 bases.
Result:                 	3640618 reads (100.00%) 	481312463 bases (100.00%)
Pairs:                  	3543532 reads (97.33%) 	468620764 bases (97.36%)
Singletons:             	97086 reads (2.67%) 	12691699 bases (2.64%)

Time:                         	74.065 seconds.
Reads Processed:       3640k 	49.15k reads/sec
Bases Processed:        481m 	6.50m bases/sec
java -ea -Xmx59304m -cp /opt/conda/opt/bbmap-38.90-3/current/ jgi.SplitPairsAndSingles rp in1=fq_fp1_clmp_fp2_fqscrn/LlC01076_CKDL210012719-1a-5UDI298-AK4997_HF5TCDSX2_L1_clmp_fp2_r1.tagged_filter.fastq.gz in2=fq_fp1_clmp_fp2_fqscrn/LlC01076_CKDL210012719-1a-5UDI298-AK4997_HF5TCDSX2_L1_clmp_fp2_r2.tagged_filter.fastq.gz out1=fq_fp1_clmp_fp2_fqscrn_repaired/LlC01076_CKDL210012719-1a-5UDI298-AK4997_HF5TCDSX2_L1_clmp_fp2_repr.R1.fq.gz out2=fq_fp1_clmp_fp2_fqscrn_repaired/LlC01076_CKDL210012719-1a-5UDI298-AK4997_HF5TCDSX2_L1_clmp_fp2_repr.R2.fq.gz outs=fq_fp1_clmp_fp2_fqscrn_repaired/orphans/LlC01076_CKDL210012719-1a-5UDI298-AK4997_HF5TCDSX2_L1_clmp_fp2_repr.orph.fq repair
Executing jgi.SplitPairsAndSingles [rp, in1=fq_fp1_clmp_fp2_fqscrn/LlC01076_CKDL210012719-1a-5UDI298-AK4997_HF5TCDSX2_L1_clmp_fp2_r1.tagged_filter.fastq.gz, in2=fq_fp1_clmp_fp2_fqscrn/LlC01076_CKDL210012719-1a-5UDI298-AK4997_HF5TCDSX2_L1_clmp_fp2_r2.tagged_filter.fastq.gz, out1=fq_fp1_clmp_fp2_fqscrn_repaired/LlC01076_CKDL210012719-1a-5UDI298-AK4997_HF5TCDSX2_L1_clmp_fp2_repr.R1.fq.gz, out2=fq_fp1_clmp_fp2_fqscrn_repaired/LlC01076_CKDL210012719-1a-5UDI298-AK4997_HF5TCDSX2_L1_clmp_fp2_repr.R2.fq.gz, outs=fq_fp1_clmp_fp2_fqscrn_repaired/orphans/LlC01076_CKDL210012719-1a-5UDI298-AK4997_HF5TCDSX2_L1_clmp_fp2_repr.orph.fq, repair]

Set INTERLEAVED to false
Started output stream.

Input:                  	4458451 reads 		592674546 bases.
Result:                 	4458451 reads (100.00%) 	592674546 bases (100.00%)
Pairs:                  	4340518 reads (97.35%) 	577170195 bases (97.38%)
Singletons:             	117933 reads (2.65%) 	15504351 bases (2.62%)

Time:                         	89.754 seconds.
Reads Processed:       4458k 	49.67k reads/sec
Bases Processed:        592m 	6.60m bases/sec
java -ea -Xmx63399m -cp /opt/conda/opt/bbmap-38.90-3/current/ jgi.SplitPairsAndSingles rp in1=fq_fp1_clmp_fp2_fqscrn/LlC01086_CKDL210012719-1a-AK3905-7UDI227_HF5TCDSX2_L1_clmp_fp2_r1.tagged_filter.fastq.gz in2=fq_fp1_clmp_fp2_fqscrn/LlC01086_CKDL210012719-1a-AK3905-7UDI227_HF5TCDSX2_L1_clmp_fp2_r2.tagged_filter.fastq.gz out1=fq_fp1_clmp_fp2_fqscrn_repaired/LlC01086_CKDL210012719-1a-AK3905-7UDI227_HF5TCDSX2_L1_clmp_fp2_repr.R1.fq.gz out2=fq_fp1_clmp_fp2_fqscrn_repaired/LlC01086_CKDL210012719-1a-AK3905-7UDI227_HF5TCDSX2_L1_clmp_fp2_repr.R2.fq.gz outs=fq_fp1_clmp_fp2_fqscrn_repaired/orphans/LlC01086_CKDL210012719-1a-AK3905-7UDI227_HF5TCDSX2_L1_clmp_fp2_repr.orph.fq repair
Executing jgi.SplitPairsAndSingles [rp, in1=fq_fp1_clmp_fp2_fqscrn/LlC01086_CKDL210012719-1a-AK3905-7UDI227_HF5TCDSX2_L1_clmp_fp2_r1.tagged_filter.fastq.gz, in2=fq_fp1_clmp_fp2_fqscrn/LlC01086_CKDL210012719-1a-AK3905-7UDI227_HF5TCDSX2_L1_clmp_fp2_r2.tagged_filter.fastq.gz, out1=fq_fp1_clmp_fp2_fqscrn_repaired/LlC01086_CKDL210012719-1a-AK3905-7UDI227_HF5TCDSX2_L1_clmp_fp2_repr.R1.fq.gz, out2=fq_fp1_clmp_fp2_fqscrn_repaired/LlC01086_CKDL210012719-1a-AK3905-7UDI227_HF5TCDSX2_L1_clmp_fp2_repr.R2.fq.gz, outs=fq_fp1_clmp_fp2_fqscrn_repaired/orphans/LlC01086_CKDL210012719-1a-AK3905-7UDI227_HF5TCDSX2_L1_clmp_fp2_repr.orph.fq, repair]

Set INTERLEAVED to false
Started output stream.

Input:                  	3516715 reads 		466848369 bases.
Result:                 	3516715 reads (100.00%) 	466848369 bases (100.00%)
Pairs:                  	3421764 reads (97.30%) 	454381292 bases (97.33%)
Singletons:             	94951 reads (2.70%) 	12467077 bases (2.67%)

Time:                         	73.545 seconds.
Reads Processed:       3516k 	47.82k reads/sec
Bases Processed:        466m 	6.35m bases/sec
java -ea -Xmx61676m -cp /opt/conda/opt/bbmap-38.90-3/current/ jgi.SplitPairsAndSingles rp in1=fq_fp1_clmp_fp2_fqscrn/LlC01089_CKDL210012719-1a-5UDI298-AK9148_HF5TCDSX2_L1_clmp_fp2_r1.tagged_filter.fastq.gz in2=fq_fp1_clmp_fp2_fqscrn/LlC01089_CKDL210012719-1a-5UDI298-AK9148_HF5TCDSX2_L1_clmp_fp2_r2.tagged_filter.fastq.gz out1=fq_fp1_clmp_fp2_fqscrn_repaired/LlC01089_CKDL210012719-1a-5UDI298-AK9148_HF5TCDSX2_L1_clmp_fp2_repr.R1.fq.gz out2=fq_fp1_clmp_fp2_fqscrn_repaired/LlC01089_CKDL210012719-1a-5UDI298-AK9148_HF5TCDSX2_L1_clmp_fp2_repr.R2.fq.gz outs=fq_fp1_clmp_fp2_fqscrn_repaired/orphans/LlC01089_CKDL210012719-1a-5UDI298-AK9148_HF5TCDSX2_L1_clmp_fp2_repr.orph.fq repair
Executing jgi.SplitPairsAndSingles [rp, in1=fq_fp1_clmp_fp2_fqscrn/LlC01089_CKDL210012719-1a-5UDI298-AK9148_HF5TCDSX2_L1_clmp_fp2_r1.tagged_filter.fastq.gz, in2=fq_fp1_clmp_fp2_fqscrn/LlC01089_CKDL210012719-1a-5UDI298-AK9148_HF5TCDSX2_L1_clmp_fp2_r2.tagged_filter.fastq.gz, out1=fq_fp1_clmp_fp2_fqscrn_repaired/LlC01089_CKDL210012719-1a-5UDI298-AK9148_HF5TCDSX2_L1_clmp_fp2_repr.R1.fq.gz, out2=fq_fp1_clmp_fp2_fqscrn_repaired/LlC01089_CKDL210012719-1a-5UDI298-AK9148_HF5TCDSX2_L1_clmp_fp2_repr.R2.fq.gz, outs=fq_fp1_clmp_fp2_fqscrn_repaired/orphans/LlC01089_CKDL210012719-1a-5UDI298-AK9148_HF5TCDSX2_L1_clmp_fp2_repr.orph.fq, repair]

Set INTERLEAVED to false
Started output stream.

Input:                  	3629273 reads 		485819985 bases.
Result:                 	3629273 reads (100.00%) 	485819985 bases (100.00%)
Pairs:                  	3526822 reads (97.18%) 	472272684 bases (97.21%)
Singletons:             	102451 reads (2.82%) 	13547301 bases (2.79%)

Time:                         	72.279 seconds.
Reads Processed:       3629k 	50.21k reads/sec
Bases Processed:        485m 	6.72m bases/sec
java -ea -Xmx61521m -cp /opt/conda/opt/bbmap-38.90-3/current/ jgi.SplitPairsAndSingles rp in1=fq_fp1_clmp_fp2_fqscrn/LlC01091_CKDL210012719-1a-AK9141-7UDI298_HF5TCDSX2_L1_clmp_fp2_r1.tagged_filter.fastq.gz in2=fq_fp1_clmp_fp2_fqscrn/LlC01091_CKDL210012719-1a-AK9141-7UDI298_HF5TCDSX2_L1_clmp_fp2_r2.tagged_filter.fastq.gz out1=fq_fp1_clmp_fp2_fqscrn_repaired/LlC01091_CKDL210012719-1a-AK9141-7UDI298_HF5TCDSX2_L1_clmp_fp2_repr.R1.fq.gz out2=fq_fp1_clmp_fp2_fqscrn_repaired/LlC01091_CKDL210012719-1a-AK9141-7UDI298_HF5TCDSX2_L1_clmp_fp2_repr.R2.fq.gz outs=fq_fp1_clmp_fp2_fqscrn_repaired/orphans/LlC01091_CKDL210012719-1a-AK9141-7UDI298_HF5TCDSX2_L1_clmp_fp2_repr.orph.fq repair
Executing jgi.SplitPairsAndSingles [rp, in1=fq_fp1_clmp_fp2_fqscrn/LlC01091_CKDL210012719-1a-AK9141-7UDI298_HF5TCDSX2_L1_clmp_fp2_r1.tagged_filter.fastq.gz, in2=fq_fp1_clmp_fp2_fqscrn/LlC01091_CKDL210012719-1a-AK9141-7UDI298_HF5TCDSX2_L1_clmp_fp2_r2.tagged_filter.fastq.gz, out1=fq_fp1_clmp_fp2_fqscrn_repaired/LlC01091_CKDL210012719-1a-AK9141-7UDI298_HF5TCDSX2_L1_clmp_fp2_repr.R1.fq.gz, out2=fq_fp1_clmp_fp2_fqscrn_repaired/LlC01091_CKDL210012719-1a-AK9141-7UDI298_HF5TCDSX2_L1_clmp_fp2_repr.R2.fq.gz, outs=fq_fp1_clmp_fp2_fqscrn_repaired/orphans/LlC01091_CKDL210012719-1a-AK9141-7UDI298_HF5TCDSX2_L1_clmp_fp2_repr.orph.fq, repair]

Set INTERLEAVED to false
Started output stream.

Input:                  	3303179 reads 		442638020 bases.
Result:                 	3303179 reads (100.00%) 	442638020 bases (100.00%)
Pairs:                  	3218374 reads (97.43%) 	431344024 bases (97.45%)
Singletons:             	84805 reads (2.57%) 	11293996 bases (2.55%)

Time:                         	67.369 seconds.
Reads Processed:       3303k 	49.03k reads/sec
Bases Processed:        442m 	6.57m bases/sec
java -ea -Xmx50754m -cp /opt/conda/opt/bbmap-38.90-3/current/ jgi.SplitPairsAndSingles rp in1=fq_fp1_clmp_fp2_fqscrn/LlC01033_CKDL210012719-1a-AK8410-AK9148_HF5TCDSX2_L1_clmp_fp2_r1.tagged_filter.fastq.gz in2=fq_fp1_clmp_fp2_fqscrn/LlC01033_CKDL210012719-1a-AK8410-AK9148_HF5TCDSX2_L1_clmp_fp2_r2.tagged_filter.fastq.gz out1=fq_fp1_clmp_fp2_fqscrn_repaired/LlC01033_CKDL210012719-1a-AK8410-AK9148_HF5TCDSX2_L1_clmp_fp2_repr.R1.fq.gz out2=fq_fp1_clmp_fp2_fqscrn_repaired/LlC01033_CKDL210012719-1a-AK8410-AK9148_HF5TCDSX2_L1_clmp_fp2_repr.R2.fq.gz outs=fq_fp1_clmp_fp2_fqscrn_repaired/orphans/LlC01033_CKDL210012719-1a-AK8410-AK9148_HF5TCDSX2_L1_clmp_fp2_repr.orph.fq repair
Executing jgi.SplitPairsAndSingles [rp, in1=fq_fp1_clmp_fp2_fqscrn/LlC01033_CKDL210012719-1a-AK8410-AK9148_HF5TCDSX2_L1_clmp_fp2_r1.tagged_filter.fastq.gz, in2=fq_fp1_clmp_fp2_fqscrn/LlC01033_CKDL210012719-1a-AK8410-AK9148_HF5TCDSX2_L1_clmp_fp2_r2.tagged_filter.fastq.gz, out1=fq_fp1_clmp_fp2_fqscrn_repaired/LlC01033_CKDL210012719-1a-AK8410-AK9148_HF5TCDSX2_L1_clmp_fp2_repr.R1.fq.gz, out2=fq_fp1_clmp_fp2_fqscrn_repaired/LlC01033_CKDL210012719-1a-AK8410-AK9148_HF5TCDSX2_L1_clmp_fp2_repr.R2.fq.gz, outs=fq_fp1_clmp_fp2_fqscrn_repaired/orphans/LlC01033_CKDL210012719-1a-AK8410-AK9148_HF5TCDSX2_L1_clmp_fp2_repr.orph.fq, repair]

Set INTERLEAVED to false
Started output stream.

Input:                  	10881758 reads 		1440843790 bases.
Result:                 	10881758 reads (100.00%) 	1440843790 bases (100.00%)
Pairs:                  	10598336 reads (97.40%) 	1403806861 bases (97.43%)
Singletons:             	283422 reads (2.60%) 	37036929 bases (2.57%)

Time:                         	212.488 seconds.
Reads Processed:      10881k 	51.21k reads/sec
Bases Processed:       1440m 	6.78m bases/sec
java -ea -Xmx66223m -cp /opt/conda/opt/bbmap-38.90-3/current/ jgi.SplitPairsAndSingles rp in1=fq_fp1_clmp_fp2_fqscrn/LlC01087_CKDL210012719-1a-AK7761-7UDI298_HF5TCDSX2_L1_clmp_fp2_r1.tagged_filter.fastq.gz in2=fq_fp1_clmp_fp2_fqscrn/LlC01087_CKDL210012719-1a-AK7761-7UDI298_HF5TCDSX2_L1_clmp_fp2_r2.tagged_filter.fastq.gz out1=fq_fp1_clmp_fp2_fqscrn_repaired/LlC01087_CKDL210012719-1a-AK7761-7UDI298_HF5TCDSX2_L1_clmp_fp2_repr.R1.fq.gz out2=fq_fp1_clmp_fp2_fqscrn_repaired/LlC01087_CKDL210012719-1a-AK7761-7UDI298_HF5TCDSX2_L1_clmp_fp2_repr.R2.fq.gz outs=fq_fp1_clmp_fp2_fqscrn_repaired/orphans/LlC01087_CKDL210012719-1a-AK7761-7UDI298_HF5TCDSX2_L1_clmp_fp2_repr.orph.fq repair
Executing jgi.SplitPairsAndSingles [rp, in1=fq_fp1_clmp_fp2_fqscrn/LlC01087_CKDL210012719-1a-AK7761-7UDI298_HF5TCDSX2_L1_clmp_fp2_r1.tagged_filter.fastq.gz, in2=fq_fp1_clmp_fp2_fqscrn/LlC01087_CKDL210012719-1a-AK7761-7UDI298_HF5TCDSX2_L1_clmp_fp2_r2.tagged_filter.fastq.gz, out1=fq_fp1_clmp_fp2_fqscrn_repaired/LlC01087_CKDL210012719-1a-AK7761-7UDI298_HF5TCDSX2_L1_clmp_fp2_repr.R1.fq.gz, out2=fq_fp1_clmp_fp2_fqscrn_repaired/LlC01087_CKDL210012719-1a-AK7761-7UDI298_HF5TCDSX2_L1_clmp_fp2_repr.R2.fq.gz, outs=fq_fp1_clmp_fp2_fqscrn_repaired/orphans/LlC01087_CKDL210012719-1a-AK7761-7UDI298_HF5TCDSX2_L1_clmp_fp2_repr.orph.fq, repair]

Set INTERLEAVED to false
Started output stream.

Input:                  	3728052 reads 		495970079 bases.
Result:                 	3728052 reads (100.00%) 	495970079 bases (100.00%)
Pairs:                  	3626904 reads (97.29%) 	482574241 bases (97.30%)
Singletons:             	101148 reads (2.71%) 	13395838 bases (2.70%)

Time:                         	74.367 seconds.
Reads Processed:       3728k 	50.13k reads/sec
Bases Processed:        495m 	6.67m bases/sec
java -ea -Xmx61734m -cp /opt/conda/opt/bbmap-38.90-3/current/ jgi.SplitPairsAndSingles rp in1=fq_fp1_clmp_fp2_fqscrn/LlC01090_CKDL210012719-1a-AK9141-7UDI243_HF5TCDSX2_L1_clmp_fp2_r1.tagged_filter.fastq.gz in2=fq_fp1_clmp_fp2_fqscrn/LlC01090_CKDL210012719-1a-AK9141-7UDI243_HF5TCDSX2_L1_clmp_fp2_r2.tagged_filter.fastq.gz out1=fq_fp1_clmp_fp2_fqscrn_repaired/LlC01090_CKDL210012719-1a-AK9141-7UDI243_HF5TCDSX2_L1_clmp_fp2_repr.R1.fq.gz out2=fq_fp1_clmp_fp2_fqscrn_repaired/LlC01090_CKDL210012719-1a-AK9141-7UDI243_HF5TCDSX2_L1_clmp_fp2_repr.R2.fq.gz outs=fq_fp1_clmp_fp2_fqscrn_repaired/orphans/LlC01090_CKDL210012719-1a-AK9141-7UDI243_HF5TCDSX2_L1_clmp_fp2_repr.orph.fq repair
Executing jgi.SplitPairsAndSingles [rp, in1=fq_fp1_clmp_fp2_fqscrn/LlC01090_CKDL210012719-1a-AK9141-7UDI243_HF5TCDSX2_L1_clmp_fp2_r1.tagged_filter.fastq.gz, in2=fq_fp1_clmp_fp2_fqscrn/LlC01090_CKDL210012719-1a-AK9141-7UDI243_HF5TCDSX2_L1_clmp_fp2_r2.tagged_filter.fastq.gz, out1=fq_fp1_clmp_fp2_fqscrn_repaired/LlC01090_CKDL210012719-1a-AK9141-7UDI243_HF5TCDSX2_L1_clmp_fp2_repr.R1.fq.gz, out2=fq_fp1_clmp_fp2_fqscrn_repaired/LlC01090_CKDL210012719-1a-AK9141-7UDI243_HF5TCDSX2_L1_clmp_fp2_repr.R2.fq.gz, outs=fq_fp1_clmp_fp2_fqscrn_repaired/orphans/LlC01090_CKDL210012719-1a-AK9141-7UDI243_HF5TCDSX2_L1_clmp_fp2_repr.orph.fq, repair]

Set INTERLEAVED to false
Started output stream.

Input:                  	3815093 reads 		512354017 bases.
Result:                 	3815093 reads (100.00%) 	512354017 bases (100.00%)
Pairs:                  	3709844 reads (97.24%) 	498366365 bases (97.27%)
Singletons:             	105249 reads (2.76%) 	13987652 bases (2.73%)

Time:                         	69.756 seconds.
Reads Processed:       3815k 	54.69k reads/sec
Bases Processed:        512m 	7.34m bases/sec
java -ea -Xmx61797m -cp /opt/conda/opt/bbmap-38.90-3/current/ jgi.SplitPairsAndSingles rp in1=fq_fp1_clmp_fp2_fqscrn/LlC01088_CKDL210012719-1a-5UDI298-7UDI243_HF5TCDSX2_L1_clmp_fp2_r1.tagged_filter.fastq.gz in2=fq_fp1_clmp_fp2_fqscrn/LlC01088_CKDL210012719-1a-5UDI298-7UDI243_HF5TCDSX2_L1_clmp_fp2_r2.tagged_filter.fastq.gz out1=fq_fp1_clmp_fp2_fqscrn_repaired/LlC01088_CKDL210012719-1a-5UDI298-7UDI243_HF5TCDSX2_L1_clmp_fp2_repr.R1.fq.gz out2=fq_fp1_clmp_fp2_fqscrn_repaired/LlC01088_CKDL210012719-1a-5UDI298-7UDI243_HF5TCDSX2_L1_clmp_fp2_repr.R2.fq.gz outs=fq_fp1_clmp_fp2_fqscrn_repaired/orphans/LlC01088_CKDL210012719-1a-5UDI298-7UDI243_HF5TCDSX2_L1_clmp_fp2_repr.orph.fq repair
Executing jgi.SplitPairsAndSingles [rp, in1=fq_fp1_clmp_fp2_fqscrn/LlC01088_CKDL210012719-1a-5UDI298-7UDI243_HF5TCDSX2_L1_clmp_fp2_r1.tagged_filter.fastq.gz, in2=fq_fp1_clmp_fp2_fqscrn/LlC01088_CKDL210012719-1a-5UDI298-7UDI243_HF5TCDSX2_L1_clmp_fp2_r2.tagged_filter.fastq.gz, out1=fq_fp1_clmp_fp2_fqscrn_repaired/LlC01088_CKDL210012719-1a-5UDI298-7UDI243_HF5TCDSX2_L1_clmp_fp2_repr.R1.fq.gz, out2=fq_fp1_clmp_fp2_fqscrn_repaired/LlC01088_CKDL210012719-1a-5UDI298-7UDI243_HF5TCDSX2_L1_clmp_fp2_repr.R2.fq.gz, outs=fq_fp1_clmp_fp2_fqscrn_repaired/orphans/LlC01088_CKDL210012719-1a-5UDI298-7UDI243_HF5TCDSX2_L1_clmp_fp2_repr.orph.fq, repair]

Set INTERLEAVED to false
Started output stream.

Input:                  	4165168 reads 		561548749 bases.
Result:                 	4165168 reads (100.00%) 	561548749 bases (100.00%)
Pairs:                  	4044158 reads (97.09%) 	545446375 bases (97.13%)
Singletons:             	121010 reads (2.91%) 	16102374 bases (2.87%)

Time:                         	76.632 seconds.
Reads Processed:       4165k 	54.35k reads/sec
Bases Processed:        561m 	7.33m bases/sec
java -ea -Xmx61602m -cp /opt/conda/opt/bbmap-38.90-3/current/ jgi.SplitPairsAndSingles rp in1=fq_fp1_clmp_fp2_fqscrn/LlC01085_CKDL210012719-1a-AK3905-7UDI243_HF5TCDSX2_L1_clmp_fp2_r1.tagged_filter.fastq.gz in2=fq_fp1_clmp_fp2_fqscrn/LlC01085_CKDL210012719-1a-AK3905-7UDI243_HF5TCDSX2_L1_clmp_fp2_r2.tagged_filter.fastq.gz out1=fq_fp1_clmp_fp2_fqscrn_repaired/LlC01085_CKDL210012719-1a-AK3905-7UDI243_HF5TCDSX2_L1_clmp_fp2_repr.R1.fq.gz out2=fq_fp1_clmp_fp2_fqscrn_repaired/LlC01085_CKDL210012719-1a-AK3905-7UDI243_HF5TCDSX2_L1_clmp_fp2_repr.R2.fq.gz outs=fq_fp1_clmp_fp2_fqscrn_repaired/orphans/LlC01085_CKDL210012719-1a-AK3905-7UDI243_HF5TCDSX2_L1_clmp_fp2_repr.orph.fq repair
Executing jgi.SplitPairsAndSingles [rp, in1=fq_fp1_clmp_fp2_fqscrn/LlC01085_CKDL210012719-1a-AK3905-7UDI243_HF5TCDSX2_L1_clmp_fp2_r1.tagged_filter.fastq.gz, in2=fq_fp1_clmp_fp2_fqscrn/LlC01085_CKDL210012719-1a-AK3905-7UDI243_HF5TCDSX2_L1_clmp_fp2_r2.tagged_filter.fastq.gz, out1=fq_fp1_clmp_fp2_fqscrn_repaired/LlC01085_CKDL210012719-1a-AK3905-7UDI243_HF5TCDSX2_L1_clmp_fp2_repr.R1.fq.gz, out2=fq_fp1_clmp_fp2_fqscrn_repaired/LlC01085_CKDL210012719-1a-AK3905-7UDI243_HF5TCDSX2_L1_clmp_fp2_repr.R2.fq.gz, outs=fq_fp1_clmp_fp2_fqscrn_repaired/orphans/LlC01085_CKDL210012719-1a-AK3905-7UDI243_HF5TCDSX2_L1_clmp_fp2_repr.orph.fq, repair]

Set INTERLEAVED to false
Started output stream.

Input:                  	4552676 reads 		601508132 bases.
Result:                 	4552676 reads (100.00%) 	601508132 bases (100.00%)
Pairs:                  	4438516 reads (97.49%) 	586692524 bases (97.54%)
Singletons:             	114160 reads (2.51%) 	14815608 bases (2.46%)

Time:                         	81.925 seconds.
Reads Processed:       4552k 	55.57k reads/sec
Bases Processed:        601m 	7.34m bases/sec
java -ea -Xmx61857m -cp /opt/conda/opt/bbmap-38.90-3/current/ jgi.SplitPairsAndSingles rp in1=fq_fp1_clmp_fp2_fqscrn/LlC01094_CKDL210012719-1a-AK8587-7UDI227_HF5TCDSX2_L1_clmp_fp2_r1.tagged_filter.fastq.gz in2=fq_fp1_clmp_fp2_fqscrn/LlC01094_CKDL210012719-1a-AK8587-7UDI227_HF5TCDSX2_L1_clmp_fp2_r2.tagged_filter.fastq.gz out1=fq_fp1_clmp_fp2_fqscrn_repaired/LlC01094_CKDL210012719-1a-AK8587-7UDI227_HF5TCDSX2_L1_clmp_fp2_repr.R1.fq.gz out2=fq_fp1_clmp_fp2_fqscrn_repaired/LlC01094_CKDL210012719-1a-AK8587-7UDI227_HF5TCDSX2_L1_clmp_fp2_repr.R2.fq.gz outs=fq_fp1_clmp_fp2_fqscrn_repaired/orphans/LlC01094_CKDL210012719-1a-AK8587-7UDI227_HF5TCDSX2_L1_clmp_fp2_repr.orph.fq repair
Executing jgi.SplitPairsAndSingles [rp, in1=fq_fp1_clmp_fp2_fqscrn/LlC01094_CKDL210012719-1a-AK8587-7UDI227_HF5TCDSX2_L1_clmp_fp2_r1.tagged_filter.fastq.gz, in2=fq_fp1_clmp_fp2_fqscrn/LlC01094_CKDL210012719-1a-AK8587-7UDI227_HF5TCDSX2_L1_clmp_fp2_r2.tagged_filter.fastq.gz, out1=fq_fp1_clmp_fp2_fqscrn_repaired/LlC01094_CKDL210012719-1a-AK8587-7UDI227_HF5TCDSX2_L1_clmp_fp2_repr.R1.fq.gz, out2=fq_fp1_clmp_fp2_fqscrn_repaired/LlC01094_CKDL210012719-1a-AK8587-7UDI227_HF5TCDSX2_L1_clmp_fp2_repr.R2.fq.gz, outs=fq_fp1_clmp_fp2_fqscrn_repaired/orphans/LlC01094_CKDL210012719-1a-AK8587-7UDI227_HF5TCDSX2_L1_clmp_fp2_repr.orph.fq, repair]

Set INTERLEAVED to false
Started output stream.

Input:                  	3828342 reads 		509039818 bases.
Result:                 	3828342 reads (100.00%) 	509039818 bases (100.00%)
Pairs:                  	3725038 reads (97.30%) 	495375252 bases (97.32%)
Singletons:             	103304 reads (2.70%) 	13664566 bases (2.68%)

Time:                         	65.660 seconds.
Reads Processed:       3828k 	58.31k reads/sec
Bases Processed:        509m 	7.75m bases/sec
java -ea -Xmx63902m -cp /opt/conda/opt/bbmap-38.90-3/current/ jgi.SplitPairsAndSingles rp in1=fq_fp1_clmp_fp2_fqscrn/LlC01079_CKDL210012719-1a-AK9141-AK892_HF5TCDSX2_L1_clmp_fp2_r1.tagged_filter.fastq.gz in2=fq_fp1_clmp_fp2_fqscrn/LlC01079_CKDL210012719-1a-AK9141-AK892_HF5TCDSX2_L1_clmp_fp2_r2.tagged_filter.fastq.gz out1=fq_fp1_clmp_fp2_fqscrn_repaired/LlC01079_CKDL210012719-1a-AK9141-AK892_HF5TCDSX2_L1_clmp_fp2_repr.R1.fq.gz out2=fq_fp1_clmp_fp2_fqscrn_repaired/LlC01079_CKDL210012719-1a-AK9141-AK892_HF5TCDSX2_L1_clmp_fp2_repr.R2.fq.gz outs=fq_fp1_clmp_fp2_fqscrn_repaired/orphans/LlC01079_CKDL210012719-1a-AK9141-AK892_HF5TCDSX2_L1_clmp_fp2_repr.orph.fq repair
Executing jgi.SplitPairsAndSingles [rp, in1=fq_fp1_clmp_fp2_fqscrn/LlC01079_CKDL210012719-1a-AK9141-AK892_HF5TCDSX2_L1_clmp_fp2_r1.tagged_filter.fastq.gz, in2=fq_fp1_clmp_fp2_fqscrn/LlC01079_CKDL210012719-1a-AK9141-AK892_HF5TCDSX2_L1_clmp_fp2_r2.tagged_filter.fastq.gz, out1=fq_fp1_clmp_fp2_fqscrn_repaired/LlC01079_CKDL210012719-1a-AK9141-AK892_HF5TCDSX2_L1_clmp_fp2_repr.R1.fq.gz, out2=fq_fp1_clmp_fp2_fqscrn_repaired/LlC01079_CKDL210012719-1a-AK9141-AK892_HF5TCDSX2_L1_clmp_fp2_repr.R2.fq.gz, outs=fq_fp1_clmp_fp2_fqscrn_repaired/orphans/LlC01079_CKDL210012719-1a-AK9141-AK892_HF5TCDSX2_L1_clmp_fp2_repr.orph.fq, repair]

Set INTERLEAVED to false
Started output stream.

Input:                  	5622686 reads 		746868885 bases.
Result:                 	5622686 reads (100.00%) 	746868885 bases (100.00%)
Pairs:                  	5469148 reads (97.27%) 	726580808 bases (97.28%)
Singletons:             	153538 reads (2.73%) 	20288077 bases (2.72%)

Time:                         	90.622 seconds.
Reads Processed:       5622k 	62.05k reads/sec
Bases Processed:        746m 	8.24m bases/sec
java -ea -Xmx65492m -cp /opt/conda/opt/bbmap-38.90-3/current/ jgi.SplitPairsAndSingles rp in1=fq_fp1_clmp_fp2_fqscrn/LlC01084_CKDL210012719-1a-AK6881-AK892_HF5TCDSX2_L1_clmp_fp2_r1.tagged_filter.fastq.gz in2=fq_fp1_clmp_fp2_fqscrn/LlC01084_CKDL210012719-1a-AK6881-AK892_HF5TCDSX2_L1_clmp_fp2_r2.tagged_filter.fastq.gz out1=fq_fp1_clmp_fp2_fqscrn_repaired/LlC01084_CKDL210012719-1a-AK6881-AK892_HF5TCDSX2_L1_clmp_fp2_repr.R1.fq.gz out2=fq_fp1_clmp_fp2_fqscrn_repaired/LlC01084_CKDL210012719-1a-AK6881-AK892_HF5TCDSX2_L1_clmp_fp2_repr.R2.fq.gz outs=fq_fp1_clmp_fp2_fqscrn_repaired/orphans/LlC01084_CKDL210012719-1a-AK6881-AK892_HF5TCDSX2_L1_clmp_fp2_repr.orph.fq repair
Executing jgi.SplitPairsAndSingles [rp, in1=fq_fp1_clmp_fp2_fqscrn/LlC01084_CKDL210012719-1a-AK6881-AK892_HF5TCDSX2_L1_clmp_fp2_r1.tagged_filter.fastq.gz, in2=fq_fp1_clmp_fp2_fqscrn/LlC01084_CKDL210012719-1a-AK6881-AK892_HF5TCDSX2_L1_clmp_fp2_r2.tagged_filter.fastq.gz, out1=fq_fp1_clmp_fp2_fqscrn_repaired/LlC01084_CKDL210012719-1a-AK6881-AK892_HF5TCDSX2_L1_clmp_fp2_repr.R1.fq.gz, out2=fq_fp1_clmp_fp2_fqscrn_repaired/LlC01084_CKDL210012719-1a-AK6881-AK892_HF5TCDSX2_L1_clmp_fp2_repr.R2.fq.gz, outs=fq_fp1_clmp_fp2_fqscrn_repaired/orphans/LlC01084_CKDL210012719-1a-AK6881-AK892_HF5TCDSX2_L1_clmp_fp2_repr.orph.fq, repair]

Set INTERLEAVED to false
Started output stream.

Input:                  	4969605 reads 		662959651 bases.
Result:                 	4969605 reads (100.00%) 	662959651 bases (100.00%)
Pairs:                  	4833166 reads (97.25%) 	644866734 bases (97.27%)
Singletons:             	136439 reads (2.75%) 	18092917 bases (2.73%)

Time:                         	86.557 seconds.
Reads Processed:       4969k 	57.41k reads/sec
Bases Processed:        662m 	7.66m bases/sec
java -ea -Xmx62945m -cp /opt/conda/opt/bbmap-38.90-3/current/ jgi.SplitPairsAndSingles rp in1=fq_fp1_clmp_fp2_fqscrn/LlC01083_CKDL210012719-1a-AK7759-AK8544_HF5TCDSX2_L1_clmp_fp2_r1.tagged_filter.fastq.gz in2=fq_fp1_clmp_fp2_fqscrn/LlC01083_CKDL210012719-1a-AK7759-AK8544_HF5TCDSX2_L1_clmp_fp2_r2.tagged_filter.fastq.gz out1=fq_fp1_clmp_fp2_fqscrn_repaired/LlC01083_CKDL210012719-1a-AK7759-AK8544_HF5TCDSX2_L1_clmp_fp2_repr.R1.fq.gz out2=fq_fp1_clmp_fp2_fqscrn_repaired/LlC01083_CKDL210012719-1a-AK7759-AK8544_HF5TCDSX2_L1_clmp_fp2_repr.R2.fq.gz outs=fq_fp1_clmp_fp2_fqscrn_repaired/orphans/LlC01083_CKDL210012719-1a-AK7759-AK8544_HF5TCDSX2_L1_clmp_fp2_repr.orph.fq repair
Executing jgi.SplitPairsAndSingles [rp, in1=fq_fp1_clmp_fp2_fqscrn/LlC01083_CKDL210012719-1a-AK7759-AK8544_HF5TCDSX2_L1_clmp_fp2_r1.tagged_filter.fastq.gz, in2=fq_fp1_clmp_fp2_fqscrn/LlC01083_CKDL210012719-1a-AK7759-AK8544_HF5TCDSX2_L1_clmp_fp2_r2.tagged_filter.fastq.gz, out1=fq_fp1_clmp_fp2_fqscrn_repaired/LlC01083_CKDL210012719-1a-AK7759-AK8544_HF5TCDSX2_L1_clmp_fp2_repr.R1.fq.gz, out2=fq_fp1_clmp_fp2_fqscrn_repaired/LlC01083_CKDL210012719-1a-AK7759-AK8544_HF5TCDSX2_L1_clmp_fp2_repr.R2.fq.gz, outs=fq_fp1_clmp_fp2_fqscrn_repaired/orphans/LlC01083_CKDL210012719-1a-AK7759-AK8544_HF5TCDSX2_L1_clmp_fp2_repr.orph.fq, repair]

Set INTERLEAVED to false
Started output stream.

Input:                  	5362952 reads 		716303921 bases.
Result:                 	5362952 reads (100.00%) 	716303921 bases (100.00%)
Pairs:                  	5213760 reads (97.22%) 	696681902 bases (97.26%)
Singletons:             	149192 reads (2.78%) 	19622019 bases (2.74%)

Time:                         	87.743 seconds.
Reads Processed:       5362k 	61.12k reads/sec
Bases Processed:        716m 	8.16m bases/sec
java -ea -Xmx61151m -cp /opt/conda/opt/bbmap-38.90-3/current/ jgi.SplitPairsAndSingles rp in1=fq_fp1_clmp_fp2_fqscrn/LlC01081_CKDL210012719-1a-AK8587-7UDI243_HF5TCDSX2_L1_clmp_fp2_r1.tagged_filter.fastq.gz in2=fq_fp1_clmp_fp2_fqscrn/LlC01081_CKDL210012719-1a-AK8587-7UDI243_HF5TCDSX2_L1_clmp_fp2_r2.tagged_filter.fastq.gz out1=fq_fp1_clmp_fp2_fqscrn_repaired/LlC01081_CKDL210012719-1a-AK8587-7UDI243_HF5TCDSX2_L1_clmp_fp2_repr.R1.fq.gz out2=fq_fp1_clmp_fp2_fqscrn_repaired/LlC01081_CKDL210012719-1a-AK8587-7UDI243_HF5TCDSX2_L1_clmp_fp2_repr.R2.fq.gz outs=fq_fp1_clmp_fp2_fqscrn_repaired/orphans/LlC01081_CKDL210012719-1a-AK8587-7UDI243_HF5TCDSX2_L1_clmp_fp2_repr.orph.fq repair
Executing jgi.SplitPairsAndSingles [rp, in1=fq_fp1_clmp_fp2_fqscrn/LlC01081_CKDL210012719-1a-AK8587-7UDI243_HF5TCDSX2_L1_clmp_fp2_r1.tagged_filter.fastq.gz, in2=fq_fp1_clmp_fp2_fqscrn/LlC01081_CKDL210012719-1a-AK8587-7UDI243_HF5TCDSX2_L1_clmp_fp2_r2.tagged_filter.fastq.gz, out1=fq_fp1_clmp_fp2_fqscrn_repaired/LlC01081_CKDL210012719-1a-AK8587-7UDI243_HF5TCDSX2_L1_clmp_fp2_repr.R1.fq.gz, out2=fq_fp1_clmp_fp2_fqscrn_repaired/LlC01081_CKDL210012719-1a-AK8587-7UDI243_HF5TCDSX2_L1_clmp_fp2_repr.R2.fq.gz, outs=fq_fp1_clmp_fp2_fqscrn_repaired/orphans/LlC01081_CKDL210012719-1a-AK8587-7UDI243_HF5TCDSX2_L1_clmp_fp2_repr.orph.fq, repair]

Set INTERLEAVED to false
Started output stream.

Input:                  	5558551 reads 		735776684 bases.
Result:                 	5558551 reads (100.00%) 	735776684 bases (100.00%)
Pairs:                  	5406486 reads (97.26%) 	715927790 bases (97.30%)
Singletons:             	152065 reads (2.74%) 	19848894 bases (2.70%)

Time:                         	93.173 seconds.
Reads Processed:       5558k 	59.66k reads/sec
Bases Processed:        735m 	7.90m bases/sec
java -ea -Xmx64586m -cp /opt/conda/opt/bbmap-38.90-3/current/ jgi.SplitPairsAndSingles rp in1=fq_fp1_clmp_fp2_fqscrn/LlC01056_CKDL210012719-1a-AK8410-AK33_HF5TCDSX2_L1_clmp_fp2_r1.tagged_filter.fastq.gz in2=fq_fp1_clmp_fp2_fqscrn/LlC01056_CKDL210012719-1a-AK8410-AK33_HF5TCDSX2_L1_clmp_fp2_r2.tagged_filter.fastq.gz out1=fq_fp1_clmp_fp2_fqscrn_repaired/LlC01056_CKDL210012719-1a-AK8410-AK33_HF5TCDSX2_L1_clmp_fp2_repr.R1.fq.gz out2=fq_fp1_clmp_fp2_fqscrn_repaired/LlC01056_CKDL210012719-1a-AK8410-AK33_HF5TCDSX2_L1_clmp_fp2_repr.R2.fq.gz outs=fq_fp1_clmp_fp2_fqscrn_repaired/orphans/LlC01056_CKDL210012719-1a-AK8410-AK33_HF5TCDSX2_L1_clmp_fp2_repr.orph.fq repair
Executing jgi.SplitPairsAndSingles [rp, in1=fq_fp1_clmp_fp2_fqscrn/LlC01056_CKDL210012719-1a-AK8410-AK33_HF5TCDSX2_L1_clmp_fp2_r1.tagged_filter.fastq.gz, in2=fq_fp1_clmp_fp2_fqscrn/LlC01056_CKDL210012719-1a-AK8410-AK33_HF5TCDSX2_L1_clmp_fp2_r2.tagged_filter.fastq.gz, out1=fq_fp1_clmp_fp2_fqscrn_repaired/LlC01056_CKDL210012719-1a-AK8410-AK33_HF5TCDSX2_L1_clmp_fp2_repr.R1.fq.gz, out2=fq_fp1_clmp_fp2_fqscrn_repaired/LlC01056_CKDL210012719-1a-AK8410-AK33_HF5TCDSX2_L1_clmp_fp2_repr.R2.fq.gz, outs=fq_fp1_clmp_fp2_fqscrn_repaired/orphans/LlC01056_CKDL210012719-1a-AK8410-AK33_HF5TCDSX2_L1_clmp_fp2_repr.orph.fq, repair]

Set INTERLEAVED to false
Started output stream.

Input:                  	9147660 reads 		1236098911 bases.
Result:                 	9147660 reads (100.00%) 	1236098911 bases (100.00%)
Pairs:                  	8869898 reads (96.96%) 	1199006549 bases (97.00%)
Singletons:             	277762 reads (3.04%) 	37092362 bases (3.00%)

Time:                         	160.604 seconds.
Reads Processed:       9147k 	56.96k reads/sec
Bases Processed:       1236m 	7.70m bases/sec
java -ea -Xmx62205m -cp /opt/conda/opt/bbmap-38.90-3/current/ jgi.SplitPairsAndSingles rp in1=fq_fp1_clmp_fp2_fqscrn/LlC01096_CKDL210012719-1a-5UDI312-AK9148_HF5TCDSX2_L1_clmp_fp2_r1.tagged_filter.fastq.gz in2=fq_fp1_clmp_fp2_fqscrn/LlC01096_CKDL210012719-1a-5UDI312-AK9148_HF5TCDSX2_L1_clmp_fp2_r2.tagged_filter.fastq.gz out1=fq_fp1_clmp_fp2_fqscrn_repaired/LlC01096_CKDL210012719-1a-5UDI312-AK9148_HF5TCDSX2_L1_clmp_fp2_repr.R1.fq.gz out2=fq_fp1_clmp_fp2_fqscrn_repaired/LlC01096_CKDL210012719-1a-5UDI312-AK9148_HF5TCDSX2_L1_clmp_fp2_repr.R2.fq.gz outs=fq_fp1_clmp_fp2_fqscrn_repaired/orphans/LlC01096_CKDL210012719-1a-5UDI312-AK9148_HF5TCDSX2_L1_clmp_fp2_repr.orph.fq repair
Executing jgi.SplitPairsAndSingles [rp, in1=fq_fp1_clmp_fp2_fqscrn/LlC01096_CKDL210012719-1a-5UDI312-AK9148_HF5TCDSX2_L1_clmp_fp2_r1.tagged_filter.fastq.gz, in2=fq_fp1_clmp_fp2_fqscrn/LlC01096_CKDL210012719-1a-5UDI312-AK9148_HF5TCDSX2_L1_clmp_fp2_r2.tagged_filter.fastq.gz, out1=fq_fp1_clmp_fp2_fqscrn_repaired/LlC01096_CKDL210012719-1a-5UDI312-AK9148_HF5TCDSX2_L1_clmp_fp2_repr.R1.fq.gz, out2=fq_fp1_clmp_fp2_fqscrn_repaired/LlC01096_CKDL210012719-1a-5UDI312-AK9148_HF5TCDSX2_L1_clmp_fp2_repr.R2.fq.gz, outs=fq_fp1_clmp_fp2_fqscrn_repaired/orphans/LlC01096_CKDL210012719-1a-5UDI312-AK9148_HF5TCDSX2_L1_clmp_fp2_repr.orph.fq, repair]

Set INTERLEAVED to false
Started output stream.

Input:                  	6622668 reads 		863263151 bases.
Result:                 	6622668 reads (100.00%) 	863263151 bases (100.00%)
Pairs:                  	6459382 reads (97.53%) 	842270052 bases (97.57%)
Singletons:             	163286 reads (2.47%) 	20993099 bases (2.43%)

Time:                         	73.351 seconds.
Reads Processed:       6622k 	90.29k reads/sec
Bases Processed:        863m 	11.77m bases/sec
java -ea -Xmx66537m -cp /opt/conda/opt/bbmap-38.90-3/current/ jgi.SplitPairsAndSingles rp in1=fq_fp1_clmp_fp2_fqscrn/LlC01068_CKDL210012719-1a-AK8410-AK4997_HF5TCDSX2_L1_clmp_fp2_r1.tagged_filter.fastq.gz in2=fq_fp1_clmp_fp2_fqscrn/LlC01068_CKDL210012719-1a-AK8410-AK4997_HF5TCDSX2_L1_clmp_fp2_r2.tagged_filter.fastq.gz out1=fq_fp1_clmp_fp2_fqscrn_repaired/LlC01068_CKDL210012719-1a-AK8410-AK4997_HF5TCDSX2_L1_clmp_fp2_repr.R1.fq.gz out2=fq_fp1_clmp_fp2_fqscrn_repaired/LlC01068_CKDL210012719-1a-AK8410-AK4997_HF5TCDSX2_L1_clmp_fp2_repr.R2.fq.gz outs=fq_fp1_clmp_fp2_fqscrn_repaired/orphans/LlC01068_CKDL210012719-1a-AK8410-AK4997_HF5TCDSX2_L1_clmp_fp2_repr.orph.fq repair
Executing jgi.SplitPairsAndSingles [rp, in1=fq_fp1_clmp_fp2_fqscrn/LlC01068_CKDL210012719-1a-AK8410-AK4997_HF5TCDSX2_L1_clmp_fp2_r1.tagged_filter.fastq.gz, in2=fq_fp1_clmp_fp2_fqscrn/LlC01068_CKDL210012719-1a-AK8410-AK4997_HF5TCDSX2_L1_clmp_fp2_r2.tagged_filter.fastq.gz, out1=fq_fp1_clmp_fp2_fqscrn_repaired/LlC01068_CKDL210012719-1a-AK8410-AK4997_HF5TCDSX2_L1_clmp_fp2_repr.R1.fq.gz, out2=fq_fp1_clmp_fp2_fqscrn_repaired/LlC01068_CKDL210012719-1a-AK8410-AK4997_HF5TCDSX2_L1_clmp_fp2_repr.R2.fq.gz, outs=fq_fp1_clmp_fp2_fqscrn_repaired/orphans/LlC01068_CKDL210012719-1a-AK8410-AK4997_HF5TCDSX2_L1_clmp_fp2_repr.orph.fq, repair]

Set INTERLEAVED to false
Started output stream.

Input:                  	11658096 reads 		1579623643 bases.
Result:                 	11658096 reads (100.00%) 	1579623643 bases (100.00%)
Pairs:                  	11324408 reads (97.14%) 	1534939482 bases (97.17%)
Singletons:             	333688 reads (2.86%) 	44684161 bases (2.83%)

Time:                         	149.193 seconds.
Reads Processed:      11658k 	78.14k reads/sec
Bases Processed:       1579m 	10.59m bases/sec
java -ea -Xmx61482m -cp /opt/conda/opt/bbmap-38.90-3/current/ jgi.SplitPairsAndSingles rp in1=fq_fp1_clmp_fp2_fqscrn/LlC01095_CKDL210012719-1a-AK7759-AK9148_HF5TCDSX2_L1_clmp_fp2_r1.tagged_filter.fastq.gz in2=fq_fp1_clmp_fp2_fqscrn/LlC01095_CKDL210012719-1a-AK7759-AK9148_HF5TCDSX2_L1_clmp_fp2_r2.tagged_filter.fastq.gz out1=fq_fp1_clmp_fp2_fqscrn_repaired/LlC01095_CKDL210012719-1a-AK7759-AK9148_HF5TCDSX2_L1_clmp_fp2_repr.R1.fq.gz out2=fq_fp1_clmp_fp2_fqscrn_repaired/LlC01095_CKDL210012719-1a-AK7759-AK9148_HF5TCDSX2_L1_clmp_fp2_repr.R2.fq.gz outs=fq_fp1_clmp_fp2_fqscrn_repaired/orphans/LlC01095_CKDL210012719-1a-AK7759-AK9148_HF5TCDSX2_L1_clmp_fp2_repr.orph.fq repair
Executing jgi.SplitPairsAndSingles [rp, in1=fq_fp1_clmp_fp2_fqscrn/LlC01095_CKDL210012719-1a-AK7759-AK9148_HF5TCDSX2_L1_clmp_fp2_r1.tagged_filter.fastq.gz, in2=fq_fp1_clmp_fp2_fqscrn/LlC01095_CKDL210012719-1a-AK7759-AK9148_HF5TCDSX2_L1_clmp_fp2_r2.tagged_filter.fastq.gz, out1=fq_fp1_clmp_fp2_fqscrn_repaired/LlC01095_CKDL210012719-1a-AK7759-AK9148_HF5TCDSX2_L1_clmp_fp2_repr.R1.fq.gz, out2=fq_fp1_clmp_fp2_fqscrn_repaired/LlC01095_CKDL210012719-1a-AK7759-AK9148_HF5TCDSX2_L1_clmp_fp2_repr.R2.fq.gz, outs=fq_fp1_clmp_fp2_fqscrn_repaired/orphans/LlC01095_CKDL210012719-1a-AK7759-AK9148_HF5TCDSX2_L1_clmp_fp2_repr.orph.fq, repair]

Set INTERLEAVED to false
Started output stream.

Input:                  	8874557 reads 		1205395551 bases.
Result:                 	8874557 reads (100.00%) 	1205395551 bases (100.00%)
Pairs:                  	8614038 reads (97.06%) 	1170536894 bases (97.11%)
Singletons:             	260519 reads (2.94%) 	34858657 bases (2.89%)

Time:                         	83.513 seconds.
Reads Processed:       8874k 	106.27k reads/sec
Bases Processed:       1205m 	14.43m bases/sec
java -ea -Xmx61192m -cp /opt/conda/opt/bbmap-38.90-3/current/ jgi.SplitPairsAndSingles rp in1=fq_fp1_clmp_fp2_fqscrn/LlC01092_CKDL210012719-1a-AK8410-AK892_HF5TCDSX2_L1_clmp_fp2_r1.tagged_filter.fastq.gz in2=fq_fp1_clmp_fp2_fqscrn/LlC01092_CKDL210012719-1a-AK8410-AK892_HF5TCDSX2_L1_clmp_fp2_r2.tagged_filter.fastq.gz out1=fq_fp1_clmp_fp2_fqscrn_repaired/LlC01092_CKDL210012719-1a-AK8410-AK892_HF5TCDSX2_L1_clmp_fp2_repr.R1.fq.gz out2=fq_fp1_clmp_fp2_fqscrn_repaired/LlC01092_CKDL210012719-1a-AK8410-AK892_HF5TCDSX2_L1_clmp_fp2_repr.R2.fq.gz outs=fq_fp1_clmp_fp2_fqscrn_repaired/orphans/LlC01092_CKDL210012719-1a-AK8410-AK892_HF5TCDSX2_L1_clmp_fp2_repr.orph.fq repair
Executing jgi.SplitPairsAndSingles [rp, in1=fq_fp1_clmp_fp2_fqscrn/LlC01092_CKDL210012719-1a-AK8410-AK892_HF5TCDSX2_L1_clmp_fp2_r1.tagged_filter.fastq.gz, in2=fq_fp1_clmp_fp2_fqscrn/LlC01092_CKDL210012719-1a-AK8410-AK892_HF5TCDSX2_L1_clmp_fp2_r2.tagged_filter.fastq.gz, out1=fq_fp1_clmp_fp2_fqscrn_repaired/LlC01092_CKDL210012719-1a-AK8410-AK892_HF5TCDSX2_L1_clmp_fp2_repr.R1.fq.gz, out2=fq_fp1_clmp_fp2_fqscrn_repaired/LlC01092_CKDL210012719-1a-AK8410-AK892_HF5TCDSX2_L1_clmp_fp2_repr.R2.fq.gz, outs=fq_fp1_clmp_fp2_fqscrn_repaired/orphans/LlC01092_CKDL210012719-1a-AK8410-AK892_HF5TCDSX2_L1_clmp_fp2_repr.orph.fq, repair]

Set INTERLEAVED to false
Started output stream.

Input:                  	9388680 reads 		1260659376 bases.
Result:                 	9388680 reads (100.00%) 	1260659376 bases (100.00%)
Pairs:                  	9136094 reads (97.31%) 	1227081449 bases (97.34%)
Singletons:             	252586 reads (2.69%) 	33577927 bases (2.66%)

Time:                         	94.955 seconds.
Reads Processed:       9388k 	98.87k reads/sec
Bases Processed:       1260m 	13.28m bases/sec
