all	0	152659	886578	0.1721890
all	1	10626	886578	0.0119854
all	2	123197	886578	0.1389579
all	3	14925	886578	0.0168344
all	4	102209	886578	0.1152848
all	5	17148	886578	0.0193418
all	6	82359	886578	0.0928954
all	7	15510	886578	0.0174942
all	8	63663	886578	0.0718076
all	9	15246	886578	0.0171965
all	10	48223	886578	0.0543923
all	11	12558	886578	0.0141646
all	12	36046	886578	0.0406574
all	13	9742	886578	0.0109883
all	14	25435	886578	0.0286890
all	15	8674	886578	0.0097837
all	16	19714	886578	0.0222361
all	17	7409	886578	0.0083569
all	18	14934	886578	0.0168445
all	19	6154	886578	0.0069413
all	20	10027	886578	0.0113098
all	21	4339	886578	0.0048941
all	22	8706	886578	0.0098198
all	23	3223	886578	0.0036353
all	24	5981	886578	0.0067462
all	25	2734	886578	0.0030838
all	26	4362	886578	0.0049200
all	27	2231	886578	0.0025164
all	28	2935	886578	0.0033105
all	29	1505	886578	0.0016975
all	30	2677	886578	0.0030195
all	31	1739	886578	0.0019615
all	32	2222	886578	0.0025063
all	33	1407	886578	0.0015870
all	34	1776	886578	0.0020032
all	35	1180	886578	0.0013310
all	36	1412	886578	0.0015926
all	37	1051	886578	0.0011855
all	38	1126	886578	0.0012701
all	39	910	886578	0.0010264
all	40	925	886578	0.0010433
all	41	920	886578	0.0010377
all	42	956	886578	0.0010783
all	43	761	886578	0.0008584
all	44	667	886578	0.0007523
all	45	604	886578	0.0006813
all	46	524	886578	0.0005910
all	47	590	886578	0.0006655
all	48	499	886578	0.0005628
all	49	480	886578	0.0005414
all	50	538	886578	0.0006068
all	51	527	886578	0.0005944
all	52	397	886578	0.0004478
all	53	211	886578	0.0002380
all	54	340	886578	0.0003835
all	55	321	886578	0.0003621
all	56	436	886578	0.0004918
all	57	331	886578	0.0003733
all	58	256	886578	0.0002888
all	59	250	886578	0.0002820
all	60	290	886578	0.0003271
all	61	250	886578	0.0002820
all	62	251	886578	0.0002831
all	63	245	886578	0.0002763
all	64	220	886578	0.0002481
all	65	180	886578	0.0002030
all	66	191	886578	0.0002154
all	67	151	886578	0.0001703
all	68	171	886578	0.0001929
all	69	135	886578	0.0001523
all	70	168	886578	0.0001895
all	71	188	886578	0.0002121
all	72	176	886578	0.0001985
all	73	237	886578	0.0002673
all	74	125	886578	0.0001410
all	75	143	886578	0.0001613
all	76	152	886578	0.0001714
all	77	164	886578	0.0001850
all	78	133	886578	0.0001500
all	79	124	886578	0.0001399
all	80	231	886578	0.0002606
all	81	127	886578	0.0001432
all	82	135	886578	0.0001523
all	83	149	886578	0.0001681
all	84	91	886578	0.0001026
all	85	118	886578	0.0001331
all	86	140	886578	0.0001579
all	87	123	886578	0.0001387
all	88	152	886578	0.0001714
all	89	155	886578	0.0001748
all	90	117	886578	0.0001320
all	91	115	886578	0.0001297
all	92	95	886578	0.0001072
all	93	144	886578	0.0001624
all	94	116	886578	0.0001308
all	95	115	886578	0.0001297
all	96	93	886578	0.0001049
all	97	174	886578	0.0001963
all	98	98	886578	0.0001105
all	99	120	886578	0.0001354
all	100	119	886578	0.0001342
all	101	133	886578	0.0001500
all	102	129	886578	0.0001455
all	103	43	886578	0.0000485
all	104	126	886578	0.0001421
all	105	75	886578	0.0000846
all	106	92	886578	0.0001038
all	107	100	886578	0.0001128
all	108	64	886578	0.0000722
all	109	111	886578	0.0001252
all	110	108	886578	0.0001218
all	111	104	886578	0.0001173
all	112	91	886578	0.0001026
all	113	121	886578	0.0001365
all	114	82	886578	0.0000925
all	115	55	886578	0.0000620
all	116	106	886578	0.0001196
all	117	34	886578	0.0000383
all	118	81	886578	0.0000914
all	119	78	886578	0.0000880
all	120	62	886578	0.0000699
all	121	64	886578	0.0000722
all	122	82	886578	0.0000925
all	123	65	886578	0.0000733
all	124	66	886578	0.0000744
all	125	69	886578	0.0000778
all	126	54	886578	0.0000609
all	127	93	886578	0.0001049
all	128	66	886578	0.0000744
all	129	49	886578	0.0000553
all	130	62	886578	0.0000699
all	131	43	886578	0.0000485
all	132	50	886578	0.0000564
all	133	45	886578	0.0000508
all	134	44	886578	0.0000496
all	135	88	886578	0.0000993
all	136	47	886578	0.0000530
all	137	77	886578	0.0000869
all	138	50	886578	0.0000564
all	139	37	886578	0.0000417
all	140	35	886578	0.0000395
all	141	69	886578	0.0000778
all	142	34	886578	0.0000383
all	143	28	886578	0.0000316
all	144	18	886578	0.0000203
all	145	50	886578	0.0000564
all	146	20	886578	0.0000226
all	147	21	886578	0.0000237
all	148	31	886578	0.0000350
all	149	32	886578	0.0000361
all	150	47	886578	0.0000530
all	151	31	886578	0.0000350
all	152	30	886578	0.0000338
all	153	47	886578	0.0000530
all	154	27	886578	0.0000305
all	155	30	886578	0.0000338
all	156	31	886578	0.0000350
all	157	33	886578	0.0000372
all	158	23	886578	0.0000259
all	159	28	886578	0.0000316
all	160	25	886578	0.0000282
all	161	25	886578	0.0000282
all	162	55	886578	0.0000620
all	163	46	886578	0.0000519
all	164	35	886578	0.0000395
all	165	29	886578	0.0000327
all	166	34	886578	0.0000383
all	167	37	886578	0.0000417
all	168	29	886578	0.0000327
all	169	44	886578	0.0000496
all	170	28	886578	0.0000316
all	171	26	886578	0.0000293
all	172	35	886578	0.0000395
all	173	29	886578	0.0000327
all	174	41	886578	0.0000462
all	175	38	886578	0.0000429
all	176	17	886578	0.0000192
all	177	22	886578	0.0000248
all	178	21	886578	0.0000237
all	179	53	886578	0.0000598
all	180	18	886578	0.0000203
all	181	62	886578	0.0000699
all	182	35	886578	0.0000395
all	183	54	886578	0.0000609
all	184	18	886578	0.0000203
all	185	40	886578	0.0000451
all	186	42	886578	0.0000474
all	187	31	886578	0.0000350
all	188	25	886578	0.0000282
all	189	26	886578	0.0000293
all	190	36	886578	0.0000406
all	191	33	886578	0.0000372
all	192	42	886578	0.0000474
all	193	31	886578	0.0000350
all	194	27	886578	0.0000305
all	195	41	886578	0.0000462
all	196	40	886578	0.0000451
all	197	31	886578	0.0000350
all	198	18	886578	0.0000203
all	199	30	886578	0.0000338
all	200	36	886578	0.0000406
all	201	44	886578	0.0000496
all	202	9	886578	0.0000102
all	203	25	886578	0.0000282
all	204	28	886578	0.0000316
all	205	28	886578	0.0000316
all	206	40	886578	0.0000451
all	207	16	886578	0.0000180
all	208	26	886578	0.0000293
all	209	24	886578	0.0000271
all	210	33	886578	0.0000372
all	211	47	886578	0.0000530
all	212	23	886578	0.0000259
all	213	65	886578	0.0000733
all	214	19	886578	0.0000214
all	215	22	886578	0.0000248
all	216	32	886578	0.0000361
all	217	32	886578	0.0000361
all	218	12	886578	0.0000135
all	219	28	886578	0.0000316
all	220	19	886578	0.0000214
all	221	38	886578	0.0000429
all	222	22	886578	0.0000248
all	223	37	886578	0.0000417
all	224	25	886578	0.0000282
all	225	13	886578	0.0000147
all	226	31	886578	0.0000350
all	227	19	886578	0.0000214
all	228	19	886578	0.0000214
all	229	26	886578	0.0000293
all	230	16	886578	0.0000180
all	231	20	886578	0.0000226
all	232	19	886578	0.0000214
all	233	26	886578	0.0000293
all	234	29	886578	0.0000327
all	235	32	886578	0.0000361
all	236	18	886578	0.0000203
all	237	20	886578	0.0000226
all	238	28	886578	0.0000316
all	239	30	886578	0.0000338
all	240	27	886578	0.0000305
all	241	20	886578	0.0000226
all	242	25	886578	0.0000282
all	243	26	886578	0.0000293
all	244	24	886578	0.0000271
all	245	25	886578	0.0000282
all	246	13	886578	0.0000147
all	247	15	886578	0.0000169
all	248	30	886578	0.0000338
all	249	29	886578	0.0000327
all	250	29	886578	0.0000327
all	251	44	886578	0.0000496
all	252	20	886578	0.0000226
all	253	22	886578	0.0000248
all	254	19	886578	0.0000214
all	255	19	886578	0.0000214
all	256	35	886578	0.0000395
all	257	21	886578	0.0000237
all	258	37	886578	0.0000417
all	259	20	886578	0.0000226
all	260	43	886578	0.0000485
all	261	25	886578	0.0000282
all	262	23	886578	0.0000259
all	263	8	886578	0.0000090
all	264	35	886578	0.0000395
all	265	33	886578	0.0000372
all	266	22	886578	0.0000248
all	267	23	886578	0.0000259
all	268	56	886578	0.0000632
all	269	29	886578	0.0000327
all	270	34	886578	0.0000383
all	271	30	886578	0.0000338
all	272	34	886578	0.0000383
all	273	20	886578	0.0000226
all	274	26	886578	0.0000293
all	275	27	886578	0.0000305
all	276	19	886578	0.0000214
all	277	15	886578	0.0000169
all	278	32	886578	0.0000361
all	279	17	886578	0.0000192
all	280	30	886578	0.0000338
all	281	18	886578	0.0000203
all	282	36	886578	0.0000406
all	283	19	886578	0.0000214
all	284	34	886578	0.0000383
all	285	29	886578	0.0000327
all	286	19	886578	0.0000214
all	287	20	886578	0.0000226
all	288	31	886578	0.0000350
all	289	25	886578	0.0000282
all	290	30	886578	0.0000338
all	291	21	886578	0.0000237
all	292	27	886578	0.0000305
all	293	29	886578	0.0000327
all	294	16	886578	0.0000180
all	295	26	886578	0.0000293
all	296	17	886578	0.0000192
all	297	19	886578	0.0000214
all	298	18	886578	0.0000203
all	299	23	886578	0.0000259
all	300	18	886578	0.0000203
all	301	25	886578	0.0000282
all	302	18	886578	0.0000203
all	303	25	886578	0.0000282
all	304	33	886578	0.0000372
all	305	21	886578	0.0000237
all	306	30	886578	0.0000338
all	307	51	886578	0.0000575
all	308	13	886578	0.0000147
all	309	24	886578	0.0000271
all	310	50	886578	0.0000564
all	311	16	886578	0.0000180
all	312	53	886578	0.0000598
all	313	17	886578	0.0000192
all	314	14	886578	0.0000158
all	315	26	886578	0.0000293
all	316	18	886578	0.0000203
all	317	25	886578	0.0000282
all	318	28	886578	0.0000316
all	319	30	886578	0.0000338
all	320	16	886578	0.0000180
all	321	19	886578	0.0000214
all	322	7	886578	0.0000079
all	323	11	886578	0.0000124
all	324	16	886578	0.0000180
all	325	23	886578	0.0000259
all	326	14	886578	0.0000158
all	327	36	886578	0.0000406
all	328	15	886578	0.0000169
all	329	25	886578	0.0000282
all	330	25	886578	0.0000282
all	331	10	886578	0.0000113
all	332	13	886578	0.0000147
all	333	16	886578	0.0000180
all	334	13	886578	0.0000147
all	335	9	886578	0.0000102
all	336	11	886578	0.0000124
all	337	15	886578	0.0000169
all	338	8	886578	0.0000090
all	339	23	886578	0.0000259
all	340	19	886578	0.0000214
all	341	11	886578	0.0000124
all	342	13	886578	0.0000147
all	343	9	886578	0.0000102
all	344	16	886578	0.0000180
all	345	19	886578	0.0000214
all	346	14	886578	0.0000158
all	347	10	886578	0.0000113
all	348	16	886578	0.0000180
all	349	16	886578	0.0000180
all	350	8	886578	0.0000090
all	351	19	886578	0.0000214
all	352	9	886578	0.0000102
all	353	17	886578	0.0000192
all	354	22	886578	0.0000248
all	355	8	886578	0.0000090
all	356	13	886578	0.0000147
all	357	24	886578	0.0000271
all	358	34	886578	0.0000383
all	359	20	886578	0.0000226
all	360	23	886578	0.0000259
all	361	18	886578	0.0000203
all	362	14	886578	0.0000158
all	363	21	886578	0.0000237
all	364	12	886578	0.0000135
all	365	13	886578	0.0000147
all	366	15	886578	0.0000169
all	367	17	886578	0.0000192
all	368	17	886578	0.0000192
all	369	16	886578	0.0000180
all	370	22	886578	0.0000248
all	371	21	886578	0.0000237
all	372	23	886578	0.0000259
all	373	23	886578	0.0000259
all	374	9	886578	0.0000102
all	375	14	886578	0.0000158
all	376	12	886578	0.0000135
all	377	17	886578	0.0000192
all	378	20	886578	0.0000226
all	379	23	886578	0.0000259
all	380	19	886578	0.0000214
all	381	23	886578	0.0000259
all	382	14	886578	0.0000158
all	383	19	886578	0.0000214
all	384	13	886578	0.0000147
all	385	13	886578	0.0000147
all	386	16	886578	0.0000180
all	387	19	886578	0.0000214
all	388	15	886578	0.0000169
all	389	26	886578	0.0000293
all	390	22	886578	0.0000248
all	391	23	886578	0.0000259
all	392	23	886578	0.0000259
all	393	32	886578	0.0000361
all	394	23	886578	0.0000259
all	395	18	886578	0.0000203
all	396	14	886578	0.0000158
all	397	17	886578	0.0000192
all	398	41	886578	0.0000462
all	399	8	886578	0.0000090
all	400	17	886578	0.0000192
all	401	20	886578	0.0000226
all	402	21	886578	0.0000237
all	403	27	886578	0.0000305
all	404	12	886578	0.0000135
all	405	26	886578	0.0000293
all	406	8	886578	0.0000090
all	407	23	886578	0.0000259
all	408	12	886578	0.0000135
all	409	22	886578	0.0000248
all	410	16	886578	0.0000180
all	411	20	886578	0.0000226
all	412	14	886578	0.0000158
all	413	12	886578	0.0000135
all	414	13	886578	0.0000147
all	415	18	886578	0.0000203
all	416	10	886578	0.0000113
all	417	20	886578	0.0000226
all	418	10	886578	0.0000113
all	419	11	886578	0.0000124
all	420	6	886578	0.0000068
all	421	19	886578	0.0000214
all	422	7	886578	0.0000079
all	423	25	886578	0.0000282
all	424	8	886578	0.0000090
all	425	20	886578	0.0000226
all	426	12	886578	0.0000135
all	427	27	886578	0.0000305
all	428	16	886578	0.0000180
all	429	30	886578	0.0000338
all	430	20	886578	0.0000226
all	431	14	886578	0.0000158
all	432	17	886578	0.0000192
all	433	21	886578	0.0000237
all	434	24	886578	0.0000271
all	435	16	886578	0.0000180
all	436	15	886578	0.0000169
all	437	13	886578	0.0000147
all	438	12	886578	0.0000135
all	439	13	886578	0.0000147
all	440	15	886578	0.0000169
all	441	10	886578	0.0000113
all	442	8	886578	0.0000090
all	443	11	886578	0.0000124
all	444	10	886578	0.0000113
all	445	14	886578	0.0000158
all	446	8	886578	0.0000090
all	447	9	886578	0.0000102
all	448	10	886578	0.0000113
all	449	13	886578	0.0000147
all	450	14	886578	0.0000158
all	451	9	886578	0.0000102
all	452	20	886578	0.0000226
all	453	10	886578	0.0000113
all	454	13	886578	0.0000147
all	455	16	886578	0.0000180
all	456	8	886578	0.0000090
all	457	9	886578	0.0000102
all	458	15	886578	0.0000169
all	459	16	886578	0.0000180
all	460	12	886578	0.0000135
all	461	16	886578	0.0000180
all	462	21	886578	0.0000237
all	463	18	886578	0.0000203
all	464	18	886578	0.0000203
all	465	19	886578	0.0000214
all	466	14	886578	0.0000158
all	467	8	886578	0.0000090
all	468	16	886578	0.0000180
all	469	14	886578	0.0000158
all	470	11	886578	0.0000124
all	471	13	886578	0.0000147
all	472	10	886578	0.0000113
all	473	9	886578	0.0000102
all	474	8	886578	0.0000090
all	475	25	886578	0.0000282
all	476	11	886578	0.0000124
all	477	24	886578	0.0000271
all	478	14	886578	0.0000158
all	479	19	886578	0.0000214
all	480	11	886578	0.0000124
all	481	14	886578	0.0000158
all	482	11	886578	0.0000124
all	483	12	886578	0.0000135
all	484	14	886578	0.0000158
all	485	8	886578	0.0000090
all	486	10	886578	0.0000113
all	487	8	886578	0.0000090
all	488	7	886578	0.0000079
all	489	9	886578	0.0000102
all	490	6	886578	0.0000068
all	491	11	886578	0.0000124
all	492	18	886578	0.0000203
all	493	14	886578	0.0000158
all	494	20	886578	0.0000226
all	495	14	886578	0.0000158
all	496	12	886578	0.0000135
all	497	19	886578	0.0000214
all	498	9	886578	0.0000102
all	499	8	886578	0.0000090
all	500	11	886578	0.0000124
all	501	6	886578	0.0000068
all	502	8	886578	0.0000090
all	503	12	886578	0.0000135
all	504	7	886578	0.0000079
all	505	13	886578	0.0000147
all	506	7	886578	0.0000079
all	507	14	886578	0.0000158
all	508	19	886578	0.0000214
all	509	19	886578	0.0000214
all	510	13	886578	0.0000147
all	511	13	886578	0.0000147
all	512	10	886578	0.0000113
all	513	13	886578	0.0000147
all	514	12	886578	0.0000135
all	515	8	886578	0.0000090
all	516	10	886578	0.0000113
all	517	10	886578	0.0000113
all	518	10	886578	0.0000113
all	519	10	886578	0.0000113
all	520	9	886578	0.0000102
all	521	14	886578	0.0000158
all	522	9	886578	0.0000102
all	523	18	886578	0.0000203
all	524	10	886578	0.0000113
all	525	13	886578	0.0000147
all	526	9	886578	0.0000102
all	527	16	886578	0.0000180
all	528	11	886578	0.0000124
all	529	13	886578	0.0000147
all	530	7	886578	0.0000079
all	531	7	886578	0.0000079
all	532	7	886578	0.0000079
all	533	17	886578	0.0000192
all	534	13	886578	0.0000147
all	535	14	886578	0.0000158
all	536	14	886578	0.0000158
all	537	9	886578	0.0000102
all	538	7	886578	0.0000079
all	539	10	886578	0.0000113
all	540	4	886578	0.0000045
all	541	12	886578	0.0000135
all	542	17	886578	0.0000192
all	543	12	886578	0.0000135
all	544	14	886578	0.0000158
all	545	34	886578	0.0000383
all	546	31	886578	0.0000350
all	547	5	886578	0.0000056
all	548	8	886578	0.0000090
all	549	18	886578	0.0000203
all	550	10	886578	0.0000113
all	551	15	886578	0.0000169
all	552	12	886578	0.0000135
all	553	12	886578	0.0000135
all	554	15	886578	0.0000169
all	555	4	886578	0.0000045
all	556	10	886578	0.0000113
all	557	22	886578	0.0000248
all	558	9	886578	0.0000102
all	559	16	886578	0.0000180
all	560	12	886578	0.0000135
all	561	16	886578	0.0000180
all	562	17	886578	0.0000192
all	563	5	886578	0.0000056
all	564	13	886578	0.0000147
all	565	15	886578	0.0000169
all	566	18	886578	0.0000203
all	567	14	886578	0.0000158
all	568	14	886578	0.0000158
all	569	10	886578	0.0000113
all	570	12	886578	0.0000135
all	571	7	886578	0.0000079
all	572	11	886578	0.0000124
all	573	11	886578	0.0000124
all	574	14	886578	0.0000158
all	575	10	886578	0.0000113
all	576	9	886578	0.0000102
all	577	11	886578	0.0000124
all	578	18	886578	0.0000203
all	579	9	886578	0.0000102
all	580	15	886578	0.0000169
all	581	19	886578	0.0000214
all	582	15	886578	0.0000169
all	583	8	886578	0.0000090
all	584	21	886578	0.0000237
all	585	6	886578	0.0000068
all	586	4	886578	0.0000045
all	587	5	886578	0.0000056
all	588	9	886578	0.0000102
all	589	10	886578	0.0000113
all	590	10	886578	0.0000113
all	591	11	886578	0.0000124
all	592	9	886578	0.0000102
all	593	10	886578	0.0000113
all	594	6	886578	0.0000068
all	595	7	886578	0.0000079
all	596	5	886578	0.0000056
all	597	5	886578	0.0000056
all	598	8	886578	0.0000090
all	599	7	886578	0.0000079
all	600	11	886578	0.0000124
all	601	17	886578	0.0000192
all	602	8	886578	0.0000090
all	603	14	886578	0.0000158
all	604	10	886578	0.0000113
all	605	15	886578	0.0000169
all	606	15	886578	0.0000169
all	607	5	886578	0.0000056
all	608	17	886578	0.0000192
all	609	8	886578	0.0000090
all	610	11	886578	0.0000124
all	611	11	886578	0.0000124
all	612	7	886578	0.0000079
all	613	5	886578	0.0000056
all	614	3	886578	0.0000034
all	615	8	886578	0.0000090
all	616	21	886578	0.0000237
all	617	9	886578	0.0000102
all	618	9	886578	0.0000102
all	619	11	886578	0.0000124
all	620	8	886578	0.0000090
all	621	13	886578	0.0000147
all	622	4	886578	0.0000045
all	623	17	886578	0.0000192
all	624	13	886578	0.0000147
all	625	7	886578	0.0000079
all	626	5	886578	0.0000056
all	627	10	886578	0.0000113
all	628	11	886578	0.0000124
all	629	22	886578	0.0000248
all	630	8	886578	0.0000090
all	631	8	886578	0.0000090
all	632	8	886578	0.0000090
all	633	8	886578	0.0000090
all	634	9	886578	0.0000102
all	635	7	886578	0.0000079
all	636	16	886578	0.0000180
all	637	9	886578	0.0000102
all	638	3	886578	0.0000034
all	639	3	886578	0.0000034
all	640	10	886578	0.0000113
all	641	8	886578	0.0000090
all	642	7	886578	0.0000079
all	643	9	886578	0.0000102
all	644	8	886578	0.0000090
all	645	2	886578	0.0000023
all	646	11	886578	0.0000124
all	647	6	886578	0.0000068
all	648	7	886578	0.0000079
all	649	10	886578	0.0000113
all	650	12	886578	0.0000135
all	651	7	886578	0.0000079
all	652	2	886578	0.0000023
all	653	11	886578	0.0000124
all	654	6	886578	0.0000068
all	655	11	886578	0.0000124
all	656	11	886578	0.0000124
all	657	4	886578	0.0000045
all	658	4	886578	0.0000045
all	659	10	886578	0.0000113
all	660	18	886578	0.0000203
all	661	2	886578	0.0000023
all	662	3	886578	0.0000034
all	663	8	886578	0.0000090
all	664	5	886578	0.0000056
all	665	16	886578	0.0000180
all	666	3	886578	0.0000034
all	667	3	886578	0.0000034
all	668	3	886578	0.0000034
all	669	8	886578	0.0000090
all	670	4	886578	0.0000045
all	671	9	886578	0.0000102
all	672	6	886578	0.0000068
all	673	4	886578	0.0000045
all	674	14	886578	0.0000158
all	675	7	886578	0.0000079
all	676	1	886578	0.0000011
all	677	3	886578	0.0000034
all	678	10	886578	0.0000113
all	679	7	886578	0.0000079
all	680	5	886578	0.0000056
all	681	7	886578	0.0000079
all	682	2	886578	0.0000023
all	683	1	886578	0.0000011
all	684	5	886578	0.0000056
all	685	1	886578	0.0000011
all	686	5	886578	0.0000056
all	687	5	886578	0.0000056
all	688	2	886578	0.0000023
all	689	8	886578	0.0000090
all	690	7	886578	0.0000079
all	691	2	886578	0.0000023
all	692	5	886578	0.0000056
all	693	6	886578	0.0000068
all	694	5	886578	0.0000056
all	695	4	886578	0.0000045
all	696	10	886578	0.0000113
all	697	1	886578	0.0000011
all	698	8	886578	0.0000090
all	699	9	886578	0.0000102
all	700	7	886578	0.0000079
all	701	5	886578	0.0000056
all	702	6	886578	0.0000068
all	703	3	886578	0.0000034
all	704	3	886578	0.0000034
all	705	7	886578	0.0000079
all	706	8	886578	0.0000090
all	707	6	886578	0.0000068
all	708	10	886578	0.0000113
all	709	5	886578	0.0000056
all	710	8	886578	0.0000090
all	711	1	886578	0.0000011
all	712	10	886578	0.0000113
all	713	2	886578	0.0000023
all	714	4	886578	0.0000045
all	715	3	886578	0.0000034
all	716	4	886578	0.0000045
all	717	6	886578	0.0000068
all	718	8	886578	0.0000090
all	719	5	886578	0.0000056
all	720	2	886578	0.0000023
all	721	6	886578	0.0000068
all	722	6	886578	0.0000068
all	723	2	886578	0.0000023
all	724	6	886578	0.0000068
all	725	6	886578	0.0000068
all	726	5	886578	0.0000056
all	727	3	886578	0.0000034
all	728	4	886578	0.0000045
all	729	5	886578	0.0000056
all	730	5	886578	0.0000056
all	731	6	886578	0.0000068
all	732	4	886578	0.0000045
all	733	7	886578	0.0000079
all	734	4	886578	0.0000045
all	735	3	886578	0.0000034
all	736	1	886578	0.0000011
all	737	9	886578	0.0000102
all	738	8	886578	0.0000090
all	739	6	886578	0.0000068
all	740	10	886578	0.0000113
all	741	8	886578	0.0000090
all	742	6	886578	0.0000068
all	743	7	886578	0.0000079
all	744	6	886578	0.0000068
all	745	6	886578	0.0000068
all	746	3	886578	0.0000034
all	747	6	886578	0.0000068
all	748	6	886578	0.0000068
all	749	6	886578	0.0000068
all	750	6	886578	0.0000068
all	751	6	886578	0.0000068
all	752	6	886578	0.0000068
all	753	17	886578	0.0000192
all	754	8	886578	0.0000090
all	755	2	886578	0.0000023
all	756	7	886578	0.0000079
all	757	4	886578	0.0000045
all	758	8	886578	0.0000090
all	759	4	886578	0.0000045
all	760	4	886578	0.0000045
all	761	8	886578	0.0000090
all	762	7	886578	0.0000079
all	763	5	886578	0.0000056
all	764	6	886578	0.0000068
all	765	7	886578	0.0000079
all	766	14	886578	0.0000158
all	767	10	886578	0.0000113
all	768	15	886578	0.0000169
all	769	17	886578	0.0000192
all	770	13	886578	0.0000147
all	771	7	886578	0.0000079
all	772	10	886578	0.0000113
all	773	4	886578	0.0000045
all	774	5	886578	0.0000056
all	775	4	886578	0.0000045
all	776	6	886578	0.0000068
all	777	6	886578	0.0000068
all	778	6	886578	0.0000068
all	779	9	886578	0.0000102
all	780	6	886578	0.0000068
all	781	4	886578	0.0000045
all	782	6	886578	0.0000068
all	783	7	886578	0.0000079
all	784	7	886578	0.0000079
all	785	6	886578	0.0000068
all	786	5	886578	0.0000056
all	787	2	886578	0.0000023
all	788	6	886578	0.0000068
all	789	7	886578	0.0000079
all	790	4	886578	0.0000045
all	791	14	886578	0.0000158
all	792	7	886578	0.0000079
all	793	9	886578	0.0000102
all	794	8	886578	0.0000090
all	795	4	886578	0.0000045
all	796	7	886578	0.0000079
all	797	5	886578	0.0000056
all	798	12	886578	0.0000135
all	799	10	886578	0.0000113
all	800	7	886578	0.0000079
all	801	9	886578	0.0000102
all	802	7	886578	0.0000079
all	803	5	886578	0.0000056
all	804	6	886578	0.0000068
all	805	5	886578	0.0000056
all	806	5	886578	0.0000056
all	807	5	886578	0.0000056
all	808	4	886578	0.0000045
all	809	11	886578	0.0000124
all	810	4	886578	0.0000045
all	811	2	886578	0.0000023
all	812	5	886578	0.0000056
all	813	4	886578	0.0000045
all	814	6	886578	0.0000068
all	815	5	886578	0.0000056
all	816	7	886578	0.0000079
all	817	11	886578	0.0000124
all	818	9	886578	0.0000102
all	819	9	886578	0.0000102
all	820	12	886578	0.0000135
all	821	18	886578	0.0000203
all	822	7	886578	0.0000079
all	823	3	886578	0.0000034
all	824	3	886578	0.0000034
all	825	6	886578	0.0000068
all	826	11	886578	0.0000124
all	827	10	886578	0.0000113
all	828	13	886578	0.0000147
all	829	4	886578	0.0000045
all	830	9	886578	0.0000102
all	831	14	886578	0.0000158
all	832	7	886578	0.0000079
all	833	17	886578	0.0000192
all	834	2	886578	0.0000023
all	835	6	886578	0.0000068
all	836	6	886578	0.0000068
all	837	9	886578	0.0000102
all	838	4	886578	0.0000045
all	839	10	886578	0.0000113
all	840	8	886578	0.0000090
all	841	2	886578	0.0000023
all	842	4	886578	0.0000045
all	843	10	886578	0.0000113
all	844	3	886578	0.0000034
all	845	10	886578	0.0000113
all	846	2	886578	0.0000023
all	847	12	886578	0.0000135
all	848	5	886578	0.0000056
all	849	5	886578	0.0000056
all	850	8	886578	0.0000090
all	851	7	886578	0.0000079
all	852	5	886578	0.0000056
all	853	3	886578	0.0000034
all	854	2	886578	0.0000023
all	855	5	886578	0.0000056
all	856	8	886578	0.0000090
all	857	8	886578	0.0000090
all	858	2	886578	0.0000023
all	859	6	886578	0.0000068
all	860	8	886578	0.0000090
all	861	6	886578	0.0000068
all	862	6	886578	0.0000068
all	863	7	886578	0.0000079
all	864	8	886578	0.0000090
all	865	2	886578	0.0000023
all	866	11	886578	0.0000124
all	867	9	886578	0.0000102
all	868	2	886578	0.0000023
all	869	1	886578	0.0000011
all	870	3	886578	0.0000034
all	871	5	886578	0.0000056
all	872	4	886578	0.0000045
all	873	6	886578	0.0000068
all	874	1	886578	0.0000011
all	875	3	886578	0.0000034
all	876	3	886578	0.0000034
all	877	1	886578	0.0000011
all	878	8	886578	0.0000090
all	879	6	886578	0.0000068
all	880	4	886578	0.0000045
all	881	1	886578	0.0000011
all	882	2	886578	0.0000023
all	883	3	886578	0.0000034
all	884	5	886578	0.0000056
all	885	3	886578	0.0000034
all	886	2	886578	0.0000023
all	887	10	886578	0.0000113
all	888	2	886578	0.0000023
all	889	7	886578	0.0000079
all	890	4	886578	0.0000045
all	891	5	886578	0.0000056
all	892	6	886578	0.0000068
all	893	4	886578	0.0000045
all	894	3	886578	0.0000034
all	895	4	886578	0.0000045
all	897	2	886578	0.0000023
all	898	5	886578	0.0000056
all	899	6	886578	0.0000068
all	900	4	886578	0.0000045
all	901	7	886578	0.0000079
all	902	4	886578	0.0000045
all	903	9	886578	0.0000102
all	904	3	886578	0.0000034
all	905	6	886578	0.0000068
all	906	12	886578	0.0000135
all	907	7	886578	0.0000079
all	908	6	886578	0.0000068
all	909	5	886578	0.0000056
all	910	1	886578	0.0000011
all	911	2	886578	0.0000023
all	912	6	886578	0.0000068
all	913	5	886578	0.0000056
all	914	4	886578	0.0000045
all	915	5	886578	0.0000056
all	916	4	886578	0.0000045
all	917	3	886578	0.0000034
all	918	1	886578	0.0000011
all	919	1	886578	0.0000011
all	920	3	886578	0.0000034
all	921	5	886578	0.0000056
all	922	4	886578	0.0000045
all	923	4	886578	0.0000045
all	924	2	886578	0.0000023
all	925	5	886578	0.0000056
all	926	11	886578	0.0000124
all	927	4	886578	0.0000045
all	928	1	886578	0.0000011
all	929	6	886578	0.0000068
all	930	4	886578	0.0000045
all	931	12	886578	0.0000135
all	932	4	886578	0.0000045
all	933	7	886578	0.0000079
all	934	7	886578	0.0000079
all	935	18	886578	0.0000203
all	936	9	886578	0.0000102
all	937	20	886578	0.0000226
all	938	5	886578	0.0000056
all	939	1	886578	0.0000011
all	940	12	886578	0.0000135
all	941	7	886578	0.0000079
all	942	9	886578	0.0000102
all	943	5	886578	0.0000056
all	944	5	886578	0.0000056
all	945	3	886578	0.0000034
all	946	3	886578	0.0000034
all	947	9	886578	0.0000102
all	948	5	886578	0.0000056
all	949	5	886578	0.0000056
all	950	5	886578	0.0000056
all	951	3	886578	0.0000034
all	952	3	886578	0.0000034
all	953	3	886578	0.0000034
all	954	5	886578	0.0000056
all	955	4	886578	0.0000045
all	956	10	886578	0.0000113
all	957	9	886578	0.0000102
all	958	3	886578	0.0000034
all	959	6	886578	0.0000068
all	960	5	886578	0.0000056
all	961	3	886578	0.0000034
all	962	4	886578	0.0000045
all	963	3	886578	0.0000034
all	964	8	886578	0.0000090
all	965	5	886578	0.0000056
all	966	2	886578	0.0000023
all	967	3	886578	0.0000034
all	969	4	886578	0.0000045
all	970	4	886578	0.0000045
all	971	4	886578	0.0000045
all	972	2	886578	0.0000023
all	973	3	886578	0.0000034
all	974	4	886578	0.0000045
all	975	1	886578	0.0000011
all	976	2	886578	0.0000023
all	977	4	886578	0.0000045
all	978	4	886578	0.0000045
all	980	4	886578	0.0000045
all	981	4	886578	0.0000045
all	982	3	886578	0.0000034
all	983	5	886578	0.0000056
all	984	1	886578	0.0000011
all	985	5	886578	0.0000056
all	986	4	886578	0.0000045
all	987	6	886578	0.0000068
all	988	1	886578	0.0000011
all	989	7	886578	0.0000079
all	990	3	886578	0.0000034
all	991	2	886578	0.0000023
all	992	4	886578	0.0000045
all	993	3	886578	0.0000034
all	994	5	886578	0.0000056
all	995	4	886578	0.0000045
all	996	5	886578	0.0000056
all	997	4	886578	0.0000045
all	998	2	886578	0.0000023
all	999	5	886578	0.0000056
all	1000	5	886578	0.0000056
all	1001	5	886578	0.0000056
all	1002	4	886578	0.0000045
all	1003	1	886578	0.0000011
all	1004	2	886578	0.0000023
all	1005	6	886578	0.0000068
all	1006	5	886578	0.0000056
all	1007	3	886578	0.0000034
all	1008	5	886578	0.0000056
all	1009	2	886578	0.0000023
all	1010	8	886578	0.0000090
all	1011	5	886578	0.0000056
all	1012	9	886578	0.0000102
all	1013	4	886578	0.0000045
all	1014	12	886578	0.0000135
all	1015	7	886578	0.0000079
all	1016	9	886578	0.0000102
all	1017	6	886578	0.0000068
all	1018	7	886578	0.0000079
all	1019	3	886578	0.0000034
all	1020	7	886578	0.0000079
all	1021	4	886578	0.0000045
all	1022	8	886578	0.0000090
all	1023	1	886578	0.0000011
all	1024	23	886578	0.0000259
all	1025	4	886578	0.0000045
all	1026	7	886578	0.0000079
all	1027	6	886578	0.0000068
all	1028	6	886578	0.0000068
all	1029	3	886578	0.0000034
all	1030	7	886578	0.0000079
all	1031	3	886578	0.0000034
all	1032	8	886578	0.0000090
all	1033	1	886578	0.0000011
all	1034	7	886578	0.0000079
all	1035	3	886578	0.0000034
all	1036	5	886578	0.0000056
all	1037	14	886578	0.0000158
all	1038	4	886578	0.0000045
all	1039	7	886578	0.0000079
all	1040	6	886578	0.0000068
all	1041	7	886578	0.0000079
all	1042	5	886578	0.0000056
all	1043	3	886578	0.0000034
all	1044	5	886578	0.0000056
all	1045	3	886578	0.0000034
all	1046	4	886578	0.0000045
all	1047	4	886578	0.0000045
all	1048	6	886578	0.0000068
all	1049	3	886578	0.0000034
all	1050	2	886578	0.0000023
all	1051	4	886578	0.0000045
all	1052	4	886578	0.0000045
all	1053	3	886578	0.0000034
all	1054	5	886578	0.0000056
all	1055	6	886578	0.0000068
all	1056	8	886578	0.0000090
all	1057	7	886578	0.0000079
all	1058	5	886578	0.0000056
all	1059	5	886578	0.0000056
all	1060	4	886578	0.0000045
all	1061	10	886578	0.0000113
all	1062	3	886578	0.0000034
all	1063	8	886578	0.0000090
all	1064	4	886578	0.0000045
all	1065	5	886578	0.0000056
all	1066	5	886578	0.0000056
all	1067	6	886578	0.0000068
all	1068	5	886578	0.0000056
all	1069	10	886578	0.0000113
all	1070	7	886578	0.0000079
all	1071	4	886578	0.0000045
all	1072	3	886578	0.0000034
all	1073	3	886578	0.0000034
all	1074	6	886578	0.0000068
all	1075	7	886578	0.0000079
all	1076	11	886578	0.0000124
all	1077	6	886578	0.0000068
all	1078	6	886578	0.0000068
all	1079	5	886578	0.0000056
all	1080	4	886578	0.0000045
all	1081	10	886578	0.0000113
all	1082	6	886578	0.0000068
all	1083	6	886578	0.0000068
all	1084	7	886578	0.0000079
all	1085	4	886578	0.0000045
all	1086	3	886578	0.0000034
all	1087	8	886578	0.0000090
all	1088	7	886578	0.0000079
all	1089	13	886578	0.0000147
all	1090	7	886578	0.0000079
all	1091	7	886578	0.0000079
all	1092	5	886578	0.0000056
all	1093	4	886578	0.0000045
all	1094	9	886578	0.0000102
all	1095	5	886578	0.0000056
all	1096	9	886578	0.0000102
all	1097	1	886578	0.0000011
all	1098	7	886578	0.0000079
all	1099	9	886578	0.0000102
all	1100	11	886578	0.0000124
all	1101	2	886578	0.0000023
all	1102	7	886578	0.0000079
all	1103	8	886578	0.0000090
all	1104	8	886578	0.0000090
all	1105	6	886578	0.0000068
all	1106	5	886578	0.0000056
all	1107	8	886578	0.0000090
all	1108	6	886578	0.0000068
all	1109	10	886578	0.0000113
all	1110	8	886578	0.0000090
all	1111	7	886578	0.0000079
all	1112	8	886578	0.0000090
all	1113	8	886578	0.0000090
all	1114	8	886578	0.0000090
all	1115	5	886578	0.0000056
all	1116	4	886578	0.0000045
all	1117	8	886578	0.0000090
all	1118	9	886578	0.0000102
all	1119	7	886578	0.0000079
all	1120	11	886578	0.0000124
all	1121	3	886578	0.0000034
all	1122	10	886578	0.0000113
all	1123	7	886578	0.0000079
all	1124	2	886578	0.0000023
all	1125	2	886578	0.0000023
all	1126	8	886578	0.0000090
all	1127	6	886578	0.0000068
all	1128	6	886578	0.0000068
all	1129	10	886578	0.0000113
all	1130	6	886578	0.0000068
all	1131	1	886578	0.0000011
all	1132	5	886578	0.0000056
all	1133	4	886578	0.0000045
all	1134	2	886578	0.0000023
all	1135	7	886578	0.0000079
all	1136	7	886578	0.0000079
all	1137	5	886578	0.0000056
all	1138	6	886578	0.0000068
all	1139	9	886578	0.0000102
all	1140	5	886578	0.0000056
all	1141	3	886578	0.0000034
all	1142	6	886578	0.0000068
all	1143	3	886578	0.0000034
all	1144	5	886578	0.0000056
all	1145	1	886578	0.0000011
all	1146	2	886578	0.0000023
all	1147	3	886578	0.0000034
all	1148	8	886578	0.0000090
all	1149	10	886578	0.0000113
all	1150	5	886578	0.0000056
all	1151	8	886578	0.0000090
all	1152	3	886578	0.0000034
all	1153	2	886578	0.0000023
all	1154	5	886578	0.0000056
all	1155	4	886578	0.0000045
all	1156	5	886578	0.0000056
all	1157	10	886578	0.0000113
all	1158	2	886578	0.0000023
all	1159	2	886578	0.0000023
all	1160	2	886578	0.0000023
all	1161	6	886578	0.0000068
all	1162	3	886578	0.0000034
all	1163	3	886578	0.0000034
all	1164	7	886578	0.0000079
all	1165	3	886578	0.0000034
all	1166	3	886578	0.0000034
all	1167	4	886578	0.0000045
all	1168	5	886578	0.0000056
all	1169	1	886578	0.0000011
all	1170	5	886578	0.0000056
all	1171	3	886578	0.0000034
all	1172	5	886578	0.0000056
all	1173	6	886578	0.0000068
all	1174	4	886578	0.0000045
all	1175	5	886578	0.0000056
all	1176	4	886578	0.0000045
all	1177	8	886578	0.0000090
all	1178	1	886578	0.0000011
all	1179	4	886578	0.0000045
all	1180	10	886578	0.0000113
all	1181	5	886578	0.0000056
all	1182	3	886578	0.0000034
all	1183	4	886578	0.0000045
all	1184	6	886578	0.0000068
all	1185	3	886578	0.0000034
all	1186	3	886578	0.0000034
all	1187	1	886578	0.0000011
all	1188	3	886578	0.0000034
all	1189	3	886578	0.0000034
all	1190	1	886578	0.0000011
all	1191	7	886578	0.0000079
all	1192	11	886578	0.0000124
all	1193	3	886578	0.0000034
all	1194	4	886578	0.0000045
all	1195	10	886578	0.0000113
all	1196	4	886578	0.0000045
all	1197	6	886578	0.0000068
all	1198	4	886578	0.0000045
all	1199	2	886578	0.0000023
all	1200	1	886578	0.0000011
all	1201	2	886578	0.0000023
all	1202	3	886578	0.0000034
all	1203	9	886578	0.0000102
all	1204	5	886578	0.0000056
all	1205	6	886578	0.0000068
all	1206	6	886578	0.0000068
all	1207	8	886578	0.0000090
all	1208	2	886578	0.0000023
all	1209	9	886578	0.0000102
all	1210	6	886578	0.0000068
all	1211	4	886578	0.0000045
all	1212	8	886578	0.0000090
all	1213	6	886578	0.0000068
all	1214	9	886578	0.0000102
all	1215	9	886578	0.0000102
all	1216	3	886578	0.0000034
all	1217	4	886578	0.0000045
all	1218	2	886578	0.0000023
all	1219	4	886578	0.0000045
all	1220	7	886578	0.0000079
all	1221	4	886578	0.0000045
all	1222	4	886578	0.0000045
all	1223	1	886578	0.0000011
all	1224	6	886578	0.0000068
all	1225	10	886578	0.0000113
all	1226	3	886578	0.0000034
all	1227	4	886578	0.0000045
all	1228	5	886578	0.0000056
all	1229	8	886578	0.0000090
all	1230	2	886578	0.0000023
all	1231	2	886578	0.0000023
all	1232	5	886578	0.0000056
all	1233	7	886578	0.0000079
all	1234	5	886578	0.0000056
all	1235	6	886578	0.0000068
all	1236	4	886578	0.0000045
all	1237	8	886578	0.0000090
all	1238	7	886578	0.0000079
all	1239	8	886578	0.0000090
all	1240	5	886578	0.0000056
all	1241	6	886578	0.0000068
all	1242	5	886578	0.0000056
all	1243	1	886578	0.0000011
all	1244	6	886578	0.0000068
all	1245	8	886578	0.0000090
all	1247	6	886578	0.0000068
all	1248	6	886578	0.0000068
all	1249	2	886578	0.0000023
all	1250	2	886578	0.0000023
all	1251	4	886578	0.0000045
all	1252	4	886578	0.0000045
all	1253	5	886578	0.0000056
all	1254	4	886578	0.0000045
all	1255	8	886578	0.0000090
all	1256	7	886578	0.0000079
all	1257	7	886578	0.0000079
all	1258	5	886578	0.0000056
all	1259	5	886578	0.0000056
all	1260	5	886578	0.0000056
all	1261	3	886578	0.0000034
all	1262	6	886578	0.0000068
all	1263	10	886578	0.0000113
all	1264	2	886578	0.0000023
all	1265	5	886578	0.0000056
all	1266	6	886578	0.0000068
all	1267	11	886578	0.0000124
all	1268	4	886578	0.0000045
all	1269	7	886578	0.0000079
all	1270	5	886578	0.0000056
all	1271	8	886578	0.0000090
all	1272	7	886578	0.0000079
all	1273	2	886578	0.0000023
all	1274	5	886578	0.0000056
all	1275	4	886578	0.0000045
all	1276	5	886578	0.0000056
all	1277	3	886578	0.0000034
all	1278	4	886578	0.0000045
all	1279	9	886578	0.0000102
all	1280	6	886578	0.0000068
all	1281	6	886578	0.0000068
all	1282	6	886578	0.0000068
all	1283	5	886578	0.0000056
all	1284	7	886578	0.0000079
all	1285	12	886578	0.0000135
all	1286	2	886578	0.0000023
all	1287	5	886578	0.0000056
all	1288	6	886578	0.0000068
all	1289	4	886578	0.0000045
all	1290	7	886578	0.0000079
all	1291	2	886578	0.0000023
all	1292	5	886578	0.0000056
all	1293	4	886578	0.0000045
all	1294	5	886578	0.0000056
all	1295	4	886578	0.0000045
all	1296	3	886578	0.0000034
all	1297	2	886578	0.0000023
all	1298	1	886578	0.0000011
all	1299	3	886578	0.0000034
all	1300	2	886578	0.0000023
all	1301	1	886578	0.0000011
all	1302	4	886578	0.0000045
all	1303	2	886578	0.0000023
all	1304	3	886578	0.0000034
all	1305	7	886578	0.0000079
all	1306	6	886578	0.0000068
all	1307	3	886578	0.0000034
all	1308	3	886578	0.0000034
all	1309	5	886578	0.0000056
all	1311	6	886578	0.0000068
all	1312	2	886578	0.0000023
all	1313	1	886578	0.0000011
all	1314	2	886578	0.0000023
all	1316	5	886578	0.0000056
all	1317	3	886578	0.0000034
all	1318	6	886578	0.0000068
all	1319	2	886578	0.0000023
all	1320	2	886578	0.0000023
all	1321	7	886578	0.0000079
all	1322	2	886578	0.0000023
all	1323	2	886578	0.0000023
all	1324	3	886578	0.0000034
all	1325	2	886578	0.0000023
all	1326	3	886578	0.0000034
all	1327	6	886578	0.0000068
all	1328	2	886578	0.0000023
all	1329	3	886578	0.0000034
all	1330	3	886578	0.0000034
all	1331	4	886578	0.0000045
all	1332	1	886578	0.0000011
all	1333	2	886578	0.0000023
all	1334	3	886578	0.0000034
all	1335	3	886578	0.0000034
all	1336	8	886578	0.0000090
all	1337	5	886578	0.0000056
all	1338	6	886578	0.0000068
all	1339	4	886578	0.0000045
all	1340	3	886578	0.0000034
all	1341	3	886578	0.0000034
all	1342	8	886578	0.0000090
all	1343	3	886578	0.0000034
all	1344	3	886578	0.0000034
all	1345	4	886578	0.0000045
all	1346	6	886578	0.0000068
all	1347	6	886578	0.0000068
all	1348	1	886578	0.0000011
all	1349	3	886578	0.0000034
all	1350	5	886578	0.0000056
all	1351	2	886578	0.0000023
all	1352	6	886578	0.0000068
all	1353	4	886578	0.0000045
all	1354	2	886578	0.0000023
all	1355	2	886578	0.0000023
all	1356	2	886578	0.0000023
all	1357	3	886578	0.0000034
all	1360	2	886578	0.0000023
all	1361	2	886578	0.0000023
all	1362	3	886578	0.0000034
all	1363	9	886578	0.0000102
all	1364	1	886578	0.0000011
all	1365	1	886578	0.0000011
all	1366	2	886578	0.0000023
all	1367	3	886578	0.0000034
all	1368	3	886578	0.0000034
all	1369	4	886578	0.0000045
all	1370	2	886578	0.0000023
all	1371	2	886578	0.0000023
all	1372	3	886578	0.0000034
all	1373	1	886578	0.0000011
all	1374	3	886578	0.0000034
all	1375	3	886578	0.0000034
all	1376	5	886578	0.0000056
all	1377	3	886578	0.0000034
all	1378	2	886578	0.0000023
all	1379	3	886578	0.0000034
all	1380	3	886578	0.0000034
all	1381	3	886578	0.0000034
all	1382	2	886578	0.0000023
all	1383	1	886578	0.0000011
all	1384	2	886578	0.0000023
all	1385	3	886578	0.0000034
all	1386	2	886578	0.0000023
all	1387	3	886578	0.0000034
all	1388	3	886578	0.0000034
all	1389	2	886578	0.0000023
all	1390	1	886578	0.0000011
all	1391	4	886578	0.0000045
all	1392	1	886578	0.0000011
all	1393	15	886578	0.0000169
all	1394	7	886578	0.0000079
all	1395	2	886578	0.0000023
all	1396	5	886578	0.0000056
all	1397	7	886578	0.0000079
all	1398	4	886578	0.0000045
all	1399	3	886578	0.0000034
all	1400	2	886578	0.0000023
all	1401	1	886578	0.0000011
all	1402	1	886578	0.0000011
all	1403	3	886578	0.0000034
all	1405	9	886578	0.0000102
all	1406	12	886578	0.0000135
all	1407	5	886578	0.0000056
all	1408	4	886578	0.0000045
all	1409	9	886578	0.0000102
all	1410	3	886578	0.0000034
all	1411	4	886578	0.0000045
all	1412	2	886578	0.0000023
all	1413	2	886578	0.0000023
all	1414	1	886578	0.0000011
all	1415	2	886578	0.0000023
all	1416	3	886578	0.0000034
all	1417	2	886578	0.0000023
all	1418	2	886578	0.0000023
all	1419	1	886578	0.0000011
all	1420	1	886578	0.0000011
all	1421	2	886578	0.0000023
all	1422	5	886578	0.0000056
all	1423	4	886578	0.0000045
all	1424	4	886578	0.0000045
all	1426	5	886578	0.0000056
all	1427	7	886578	0.0000079
all	1428	3	886578	0.0000034
all	1429	2	886578	0.0000023
all	1430	4	886578	0.0000045
all	1431	2	886578	0.0000023
all	1432	4	886578	0.0000045
all	1433	4	886578	0.0000045
all	1434	3	886578	0.0000034
all	1435	1	886578	0.0000011
all	1436	4	886578	0.0000045
all	1437	3	886578	0.0000034
all	1438	5	886578	0.0000056
all	1439	3	886578	0.0000034
all	1440	2	886578	0.0000023
all	1441	3	886578	0.0000034
all	1442	2	886578	0.0000023
all	1443	2	886578	0.0000023
all	1444	3	886578	0.0000034
all	1446	1	886578	0.0000011
all	1447	4	886578	0.0000045
all	1448	4	886578	0.0000045
all	1449	4	886578	0.0000045
all	1450	4	886578	0.0000045
all	1451	5	886578	0.0000056
all	1453	3	886578	0.0000034
all	1454	1	886578	0.0000011
all	1455	6	886578	0.0000068
all	1456	2	886578	0.0000023
all	1457	1	886578	0.0000011
all	1458	3	886578	0.0000034
all	1459	1	886578	0.0000011
all	1460	6	886578	0.0000068
all	1461	3	886578	0.0000034
all	1462	5	886578	0.0000056
all	1463	3	886578	0.0000034
all	1464	6	886578	0.0000068
all	1465	4	886578	0.0000045
all	1466	2	886578	0.0000023
all	1467	6	886578	0.0000068
all	1468	5	886578	0.0000056
all	1469	2	886578	0.0000023
all	1470	8	886578	0.0000090
all	1471	4	886578	0.0000045
all	1472	2	886578	0.0000023
all	1473	3	886578	0.0000034
all	1475	2	886578	0.0000023
all	1477	4	886578	0.0000045
all	1478	9	886578	0.0000102
all	1479	1	886578	0.0000011
all	1480	3	886578	0.0000034
all	1481	2	886578	0.0000023
all	1482	3	886578	0.0000034
all	1483	4	886578	0.0000045
all	1484	1	886578	0.0000011
all	1485	1	886578	0.0000011
all	1486	3	886578	0.0000034
all	1487	2	886578	0.0000023
all	1488	4	886578	0.0000045
all	1489	2	886578	0.0000023
all	1490	1	886578	0.0000011
all	1491	5	886578	0.0000056
all	1492	7	886578	0.0000079
all	1493	5	886578	0.0000056
all	1494	1	886578	0.0000011
all	1495	1	886578	0.0000011
all	1496	5	886578	0.0000056
all	1497	1	886578	0.0000011
all	1498	1	886578	0.0000011
all	1500	1	886578	0.0000011
all	1501	4	886578	0.0000045
all	1503	1	886578	0.0000011
all	1505	1	886578	0.0000011
all	1506	4	886578	0.0000045
all	1507	2	886578	0.0000023
all	1508	2	886578	0.0000023
all	1509	2	886578	0.0000023
all	1510	1	886578	0.0000011
all	1511	2	886578	0.0000023
all	1512	1	886578	0.0000011
all	1513	5	886578	0.0000056
all	1514	4	886578	0.0000045
all	1515	2	886578	0.0000023
all	1516	1	886578	0.0000011
all	1517	1	886578	0.0000011
all	1518	4	886578	0.0000045
all	1519	3	886578	0.0000034
all	1520	1	886578	0.0000011
all	1521	3	886578	0.0000034
all	1522	4	886578	0.0000045
all	1524	3	886578	0.0000034
all	1525	3	886578	0.0000034
all	1526	2	886578	0.0000023
all	1527	1	886578	0.0000011
all	1528	4	886578	0.0000045
all	1529	1	886578	0.0000011
all	1530	3	886578	0.0000034
all	1532	1	886578	0.0000011
all	1533	1	886578	0.0000011
all	1534	2	886578	0.0000023
all	1535	6	886578	0.0000068
all	1537	5	886578	0.0000056
all	1538	2	886578	0.0000023
all	1539	2	886578	0.0000023
all	1540	1	886578	0.0000011
all	1541	1	886578	0.0000011
all	1542	1	886578	0.0000011
all	1543	1	886578	0.0000011
all	1544	1	886578	0.0000011
all	1545	5	886578	0.0000056
all	1546	3	886578	0.0000034
all	1547	6	886578	0.0000068
all	1548	1	886578	0.0000011
all	1549	2	886578	0.0000023
all	1550	1	886578	0.0000011
all	1551	5	886578	0.0000056
all	1552	3	886578	0.0000034
all	1553	1	886578	0.0000011
all	1554	1	886578	0.0000011
all	1555	2	886578	0.0000023
all	1556	1	886578	0.0000011
all	1557	1	886578	0.0000011
all	1558	1	886578	0.0000011
all	1559	4	886578	0.0000045
all	1560	3	886578	0.0000034
all	1561	4	886578	0.0000045
all	1562	2	886578	0.0000023
all	1563	4	886578	0.0000045
all	1564	2	886578	0.0000023
all	1565	7	886578	0.0000079
all	1566	2	886578	0.0000023
all	1567	4	886578	0.0000045
all	1568	5	886578	0.0000056
all	1570	1	886578	0.0000011
all	1571	3	886578	0.0000034
all	1572	1	886578	0.0000011
all	1573	4	886578	0.0000045
all	1575	4	886578	0.0000045
all	1576	3	886578	0.0000034
all	1577	4	886578	0.0000045
all	1578	1	886578	0.0000011
all	1579	3	886578	0.0000034
all	1580	2	886578	0.0000023
all	1581	4	886578	0.0000045
all	1582	2	886578	0.0000023
all	1583	3	886578	0.0000034
all	1584	4	886578	0.0000045
all	1585	2	886578	0.0000023
all	1586	2	886578	0.0000023
all	1587	1	886578	0.0000011
all	1589	3	886578	0.0000034
all	1590	7	886578	0.0000079
all	1591	1	886578	0.0000011
all	1592	2	886578	0.0000023
all	1593	2	886578	0.0000023
all	1594	3	886578	0.0000034
all	1597	4	886578	0.0000045
all	1598	3	886578	0.0000034
all	1599	2	886578	0.0000023
all	1600	4	886578	0.0000045
all	1601	3	886578	0.0000034
all	1602	5	886578	0.0000056
all	1603	2	886578	0.0000023
all	1605	2	886578	0.0000023
all	1606	3	886578	0.0000034
all	1607	4	886578	0.0000045
all	1609	4	886578	0.0000045
all	1610	3	886578	0.0000034
all	1611	6	886578	0.0000068
all	1612	2	886578	0.0000023
all	1614	3	886578	0.0000034
all	1615	4	886578	0.0000045
all	1616	4	886578	0.0000045
all	1617	3	886578	0.0000034
all	1618	1	886578	0.0000011
all	1619	2	886578	0.0000023
all	1620	4	886578	0.0000045
all	1621	4	886578	0.0000045
all	1622	3	886578	0.0000034
all	1623	2	886578	0.0000023
all	1624	1	886578	0.0000011
all	1625	2	886578	0.0000023
all	1626	2	886578	0.0000023
all	1627	1	886578	0.0000011
all	1629	1	886578	0.0000011
all	1630	2	886578	0.0000023
all	1631	6	886578	0.0000068
all	1632	4	886578	0.0000045
all	1633	3	886578	0.0000034
all	1634	5	886578	0.0000056
all	1635	3	886578	0.0000034
all	1636	1	886578	0.0000011
all	1637	2	886578	0.0000023
all	1638	2	886578	0.0000023
all	1639	4	886578	0.0000045
all	1640	1	886578	0.0000011
all	1641	4	886578	0.0000045
all	1642	5	886578	0.0000056
all	1643	4	886578	0.0000045
all	1644	1	886578	0.0000011
all	1645	2	886578	0.0000023
all	1646	1	886578	0.0000011
all	1647	4	886578	0.0000045
all	1648	2	886578	0.0000023
all	1649	4	886578	0.0000045
all	1650	8	886578	0.0000090
all	1651	5	886578	0.0000056
all	1652	1	886578	0.0000011
all	1653	12	886578	0.0000135
all	1654	2	886578	0.0000023
all	1655	5	886578	0.0000056
all	1656	3	886578	0.0000034
all	1657	4	886578	0.0000045
all	1658	5	886578	0.0000056
all	1659	7	886578	0.0000079
all	1660	1	886578	0.0000011
all	1661	5	886578	0.0000056
all	1662	5	886578	0.0000056
all	1664	8	886578	0.0000090
all	1665	2	886578	0.0000023
all	1666	4	886578	0.0000045
all	1668	1	886578	0.0000011
all	1669	2	886578	0.0000023
all	1670	1	886578	0.0000011
all	1671	11	886578	0.0000124
all	1672	3	886578	0.0000034
all	1673	2	886578	0.0000023
all	1675	4	886578	0.0000045
all	1676	2	886578	0.0000023
all	1677	4	886578	0.0000045
all	1678	5	886578	0.0000056
all	1679	4	886578	0.0000045
all	1680	4	886578	0.0000045
all	1682	2	886578	0.0000023
all	1683	2	886578	0.0000023
all	1684	4	886578	0.0000045
all	1685	3	886578	0.0000034
all	1686	5	886578	0.0000056
all	1687	3	886578	0.0000034
all	1688	10	886578	0.0000113
all	1689	9	886578	0.0000102
all	1690	1	886578	0.0000011
all	1691	2	886578	0.0000023
all	1692	6	886578	0.0000068
all	1693	5	886578	0.0000056
all	1694	8	886578	0.0000090
all	1695	7	886578	0.0000079
all	1696	9	886578	0.0000102
all	1697	4	886578	0.0000045
all	1698	3	886578	0.0000034
all	1700	6	886578	0.0000068
all	1701	6	886578	0.0000068
all	1702	10	886578	0.0000113
all	1703	6	886578	0.0000068
all	1704	5	886578	0.0000056
all	1705	5	886578	0.0000056
all	1706	2	886578	0.0000023
all	1707	2	886578	0.0000023
all	1708	4	886578	0.0000045
all	1709	5	886578	0.0000056
all	1710	2	886578	0.0000023
all	1711	2	886578	0.0000023
all	1712	1	886578	0.0000011
all	1713	3	886578	0.0000034
all	1714	3	886578	0.0000034
all	1715	6	886578	0.0000068
all	1716	2	886578	0.0000023
all	1717	3	886578	0.0000034
all	1718	4	886578	0.0000045
all	1719	4	886578	0.0000045
all	1720	1	886578	0.0000011
all	1721	2	886578	0.0000023
all	1722	2	886578	0.0000023
all	1723	1	886578	0.0000011
all	1724	1	886578	0.0000011
all	1725	1	886578	0.0000011
all	1726	2	886578	0.0000023
all	1727	1	886578	0.0000011
all	1728	2	886578	0.0000023
all	1729	3	886578	0.0000034
all	1730	4	886578	0.0000045
all	1731	2	886578	0.0000023
all	1732	4	886578	0.0000045
all	1733	2	886578	0.0000023
all	1734	4	886578	0.0000045
all	1735	3	886578	0.0000034
all	1736	6	886578	0.0000068
all	1737	6	886578	0.0000068
all	1738	4	886578	0.0000045
all	1739	3	886578	0.0000034
all	1740	2	886578	0.0000023
all	1741	4	886578	0.0000045
all	1742	2	886578	0.0000023
all	1743	2	886578	0.0000023
all	1744	2	886578	0.0000023
all	1745	4	886578	0.0000045
all	1746	2	886578	0.0000023
all	1747	6	886578	0.0000068
all	1748	5	886578	0.0000056
all	1749	2	886578	0.0000023
all	1751	2	886578	0.0000023
all	1752	3	886578	0.0000034
all	1753	2	886578	0.0000023
all	1754	3	886578	0.0000034
all	1755	7	886578	0.0000079
all	1756	5	886578	0.0000056
all	1757	3	886578	0.0000034
all	1758	2	886578	0.0000023
all	1759	2	886578	0.0000023
all	1760	2	886578	0.0000023
all	1761	1	886578	0.0000011
all	1762	1	886578	0.0000011
all	1763	3	886578	0.0000034
all	1764	3	886578	0.0000034
all	1765	4	886578	0.0000045
all	1767	4	886578	0.0000045
all	1768	4	886578	0.0000045
all	1769	4	886578	0.0000045
all	1770	3	886578	0.0000034
all	1771	3	886578	0.0000034
all	1774	3	886578	0.0000034
all	1775	5	886578	0.0000056
all	1776	1	886578	0.0000011
all	1777	2	886578	0.0000023
all	1778	1	886578	0.0000011
all	1779	4	886578	0.0000045
all	1780	7	886578	0.0000079
all	1781	5	886578	0.0000056
all	1782	1	886578	0.0000011
all	1784	4	886578	0.0000045
all	1785	2	886578	0.0000023
all	1786	3	886578	0.0000034
all	1787	2	886578	0.0000023
all	1788	2	886578	0.0000023
all	1789	5	886578	0.0000056
all	1790	7	886578	0.0000079
all	1791	2	886578	0.0000023
all	1792	2	886578	0.0000023
all	1793	3	886578	0.0000034
all	1794	1	886578	0.0000011
all	1795	2	886578	0.0000023
all	1796	3	886578	0.0000034
all	1797	2	886578	0.0000023
all	1798	5	886578	0.0000056
all	1799	2	886578	0.0000023
all	1800	4	886578	0.0000045
all	1801	3	886578	0.0000034
all	1803	1	886578	0.0000011
all	1804	3	886578	0.0000034
all	1805	6	886578	0.0000068
all	1806	4	886578	0.0000045
all	1807	1	886578	0.0000011
all	1808	2	886578	0.0000023
all	1809	3	886578	0.0000034
all	1810	6	886578	0.0000068
all	1812	2	886578	0.0000023
all	1813	5	886578	0.0000056
all	1814	4	886578	0.0000045
all	1815	2	886578	0.0000023
all	1816	3	886578	0.0000034
all	1817	4	886578	0.0000045
all	1818	4	886578	0.0000045
all	1819	1	886578	0.0000011
all	1820	3	886578	0.0000034
all	1821	4	886578	0.0000045
all	1822	7	886578	0.0000079
all	1823	5	886578	0.0000056
all	1824	2	886578	0.0000023
all	1825	5	886578	0.0000056
all	1826	2	886578	0.0000023
all	1827	3	886578	0.0000034
all	1828	3	886578	0.0000034
all	1829	5	886578	0.0000056
all	1830	1	886578	0.0000011
all	1831	2	886578	0.0000023
all	1832	4	886578	0.0000045
all	1833	1	886578	0.0000011
all	1834	3	886578	0.0000034
all	1835	4	886578	0.0000045
all	1836	2	886578	0.0000023
all	1837	1	886578	0.0000011
all	1838	4	886578	0.0000045
all	1839	4	886578	0.0000045
all	1840	2	886578	0.0000023
all	1841	4	886578	0.0000045
all	1842	1	886578	0.0000011
all	1843	5	886578	0.0000056
all	1844	3	886578	0.0000034
all	1845	2	886578	0.0000023
all	1846	3	886578	0.0000034
all	1847	3	886578	0.0000034
all	1848	1	886578	0.0000011
all	1849	2	886578	0.0000023
all	1850	3	886578	0.0000034
all	1851	1	886578	0.0000011
all	1852	1	886578	0.0000011
all	1853	1	886578	0.0000011
all	1854	2	886578	0.0000023
all	1855	1	886578	0.0000011
all	1856	4	886578	0.0000045
all	1857	1	886578	0.0000011
all	1858	1	886578	0.0000011
all	1859	3	886578	0.0000034
all	1860	6	886578	0.0000068
all	1861	3	886578	0.0000034
all	1862	2	886578	0.0000023
all	1863	2	886578	0.0000023
all	1864	9	886578	0.0000102
all	1865	5	886578	0.0000056
all	1866	2	886578	0.0000023
all	1867	5	886578	0.0000056
all	1868	7	886578	0.0000079
all	1869	5	886578	0.0000056
all	1870	5	886578	0.0000056
all	1872	4	886578	0.0000045
all	1873	4	886578	0.0000045
all	1874	5	886578	0.0000056
all	1875	7	886578	0.0000079
all	1876	3	886578	0.0000034
all	1877	3	886578	0.0000034
all	1878	4	886578	0.0000045
all	1879	2	886578	0.0000023
all	1880	1	886578	0.0000011
all	1881	8	886578	0.0000090
all	1882	1	886578	0.0000011
all	1883	2	886578	0.0000023
all	1884	3	886578	0.0000034
all	1885	5	886578	0.0000056
all	1886	1	886578	0.0000011
all	1887	6	886578	0.0000068
all	1888	3	886578	0.0000034
all	1889	2	886578	0.0000023
all	1890	3	886578	0.0000034
all	1891	3	886578	0.0000034
all	1892	4	886578	0.0000045
all	1893	2	886578	0.0000023
all	1895	5	886578	0.0000056
all	1896	2	886578	0.0000023
all	1897	6	886578	0.0000068
all	1898	4	886578	0.0000045
all	1899	2	886578	0.0000023
all	1901	6	886578	0.0000068
all	1902	5	886578	0.0000056
all	1903	1	886578	0.0000011
all	1904	4	886578	0.0000045
all	1905	4	886578	0.0000045
all	1907	1	886578	0.0000011
all	1908	8	886578	0.0000090
all	1909	3	886578	0.0000034
all	1910	2	886578	0.0000023
all	1911	3	886578	0.0000034
all	1913	1	886578	0.0000011
all	1914	3	886578	0.0000034
all	1915	2	886578	0.0000023
all	1916	3	886578	0.0000034
all	1917	4	886578	0.0000045
all	1918	3	886578	0.0000034
all	1919	1	886578	0.0000011
all	1920	3	886578	0.0000034
all	1921	2	886578	0.0000023
all	1923	2	886578	0.0000023
all	1924	3	886578	0.0000034
all	1925	8	886578	0.0000090
all	1926	1	886578	0.0000011
all	1928	1	886578	0.0000011
all	1930	3	886578	0.0000034
all	1931	4	886578	0.0000045
all	1932	1	886578	0.0000011
all	1933	3	886578	0.0000034
all	1934	3	886578	0.0000034
all	1935	4	886578	0.0000045
all	1936	9	886578	0.0000102
all	1937	4	886578	0.0000045
all	1938	2	886578	0.0000023
all	1940	5	886578	0.0000056
all	1941	2	886578	0.0000023
all	1942	1	886578	0.0000011
all	1943	2	886578	0.0000023
all	1944	1	886578	0.0000011
all	1945	2	886578	0.0000023
all	1946	4	886578	0.0000045
all	1947	1	886578	0.0000011
all	1948	2	886578	0.0000023
all	1949	4	886578	0.0000045
all	1950	2	886578	0.0000023
all	1951	1	886578	0.0000011
all	1952	1	886578	0.0000011
all	1953	2	886578	0.0000023
all	1955	4	886578	0.0000045
all	1956	1	886578	0.0000011
all	1957	1	886578	0.0000011
all	1958	2	886578	0.0000023
all	1959	3	886578	0.0000034
all	1960	3	886578	0.0000034
all	1961	3	886578	0.0000034
all	1963	3	886578	0.0000034
all	1964	4	886578	0.0000045
all	1965	6	886578	0.0000068
all	1966	2	886578	0.0000023
all	1967	2	886578	0.0000023
all	1969	3	886578	0.0000034
all	1971	4	886578	0.0000045
all	1972	4	886578	0.0000045
all	1973	2	886578	0.0000023
all	1974	2	886578	0.0000023
all	1975	2	886578	0.0000023
all	1976	2	886578	0.0000023
all	1977	1	886578	0.0000011
all	1978	2	886578	0.0000023
all	1979	2	886578	0.0000023
all	1980	5	886578	0.0000056
all	1981	7	886578	0.0000079
all	1982	2	886578	0.0000023
all	1983	2	886578	0.0000023
all	1984	2	886578	0.0000023
all	1985	4	886578	0.0000045
all	1986	5	886578	0.0000056
all	1987	1	886578	0.0000011
all	1988	2	886578	0.0000023
all	1989	5	886578	0.0000056
all	1990	5	886578	0.0000056
all	1991	9	886578	0.0000102
all	1992	2	886578	0.0000023
all	1993	4	886578	0.0000045
all	1994	1	886578	0.0000011
all	1995	2	886578	0.0000023
all	1996	3	886578	0.0000034
all	1997	3	886578	0.0000034
all	1998	4	886578	0.0000045
all	2001	2	886578	0.0000023
all	2002	6	886578	0.0000068
all	2003	6	886578	0.0000068
all	2004	2	886578	0.0000023
all	2005	2	886578	0.0000023
all	2006	3	886578	0.0000034
all	2007	6	886578	0.0000068
all	2008	9	886578	0.0000102
all	2009	2	886578	0.0000023
all	2010	2	886578	0.0000023
all	2012	2	886578	0.0000023
all	2013	4	886578	0.0000045
all	2014	1	886578	0.0000011
all	2016	1	886578	0.0000011
all	2017	1	886578	0.0000011
all	2018	3	886578	0.0000034
all	2019	3	886578	0.0000034
all	2020	4	886578	0.0000045
all	2021	2	886578	0.0000023
all	2022	1	886578	0.0000011
all	2023	3	886578	0.0000034
all	2025	1	886578	0.0000011
all	2026	5	886578	0.0000056
all	2027	1	886578	0.0000011
all	2028	1	886578	0.0000011
all	2029	3	886578	0.0000034
all	2030	1	886578	0.0000011
all	2031	1	886578	0.0000011
all	2032	2	886578	0.0000023
all	2033	2	886578	0.0000023
all	2034	2	886578	0.0000023
all	2035	5	886578	0.0000056
all	2037	3	886578	0.0000034
all	2038	3	886578	0.0000034
all	2039	1	886578	0.0000011
all	2040	3	886578	0.0000034
all	2041	2	886578	0.0000023
all	2043	2	886578	0.0000023
all	2044	1	886578	0.0000011
all	2045	1	886578	0.0000011
all	2046	1	886578	0.0000011
all	2047	4	886578	0.0000045
all	2048	1	886578	0.0000011
all	2051	1	886578	0.0000011
all	2052	4	886578	0.0000045
all	2053	1	886578	0.0000011
all	2054	4	886578	0.0000045
all	2055	3	886578	0.0000034
all	2056	3	886578	0.0000034
all	2058	5	886578	0.0000056
all	2059	4	886578	0.0000045
all	2060	4	886578	0.0000045
all	2061	1	886578	0.0000011
all	2062	2	886578	0.0000023
all	2063	2	886578	0.0000023
all	2066	5	886578	0.0000056
all	2068	1	886578	0.0000011
all	2069	1	886578	0.0000011
all	2070	4	886578	0.0000045
all	2071	3	886578	0.0000034
all	2072	2	886578	0.0000023
all	2073	3	886578	0.0000034
all	2074	2	886578	0.0000023
all	2075	4	886578	0.0000045
all	2076	2	886578	0.0000023
all	2077	2	886578	0.0000023
all	2078	1	886578	0.0000011
all	2079	1	886578	0.0000011
all	2081	1	886578	0.0000011
all	2082	4	886578	0.0000045
all	2083	2	886578	0.0000023
all	2084	1	886578	0.0000011
all	2086	2	886578	0.0000023
all	2087	2	886578	0.0000023
all	2089	1	886578	0.0000011
all	2090	2	886578	0.0000023
all	2091	1	886578	0.0000011
all	2092	1	886578	0.0000011
all	2093	2	886578	0.0000023
all	2094	5	886578	0.0000056
all	2096	3	886578	0.0000034
all	2097	3	886578	0.0000034
all	2098	1	886578	0.0000011
all	2099	5	886578	0.0000056
all	2101	1	886578	0.0000011
all	2102	1	886578	0.0000011
all	2103	3	886578	0.0000034
all	2104	1	886578	0.0000011
all	2105	3	886578	0.0000034
all	2107	2	886578	0.0000023
all	2108	1	886578	0.0000011
all	2109	1	886578	0.0000011
all	2110	3	886578	0.0000034
all	2111	1	886578	0.0000011
all	2112	4	886578	0.0000045
all	2113	2	886578	0.0000023
all	2114	2	886578	0.0000023
all	2117	2	886578	0.0000023
all	2119	4	886578	0.0000045
all	2120	4	886578	0.0000045
all	2121	2	886578	0.0000023
all	2122	3	886578	0.0000034
all	2123	2	886578	0.0000023
all	2124	6	886578	0.0000068
all	2125	4	886578	0.0000045
all	2126	2	886578	0.0000023
all	2127	4	886578	0.0000045
all	2128	4	886578	0.0000045
all	2129	1	886578	0.0000011
all	2130	4	886578	0.0000045
all	2131	1	886578	0.0000011
all	2132	5	886578	0.0000056
all	2134	1	886578	0.0000011
all	2135	1	886578	0.0000011
all	2136	2	886578	0.0000023
all	2137	3	886578	0.0000034
all	2138	3	886578	0.0000034
all	2139	2	886578	0.0000023
all	2140	4	886578	0.0000045
all	2141	1	886578	0.0000011
all	2142	4	886578	0.0000045
all	2143	3	886578	0.0000034
all	2144	6	886578	0.0000068
all	2145	4	886578	0.0000045
all	2146	1	886578	0.0000011
all	2147	6	886578	0.0000068
all	2148	5	886578	0.0000056
all	2149	3	886578	0.0000034
all	2150	7	886578	0.0000079
all	2151	1	886578	0.0000011
all	2152	1	886578	0.0000011
all	2153	6	886578	0.0000068
all	2154	1	886578	0.0000011
all	2155	4	886578	0.0000045
all	2156	5	886578	0.0000056
all	2157	3	886578	0.0000034
all	2158	7	886578	0.0000079
all	2159	8	886578	0.0000090
all	2160	4	886578	0.0000045
all	2161	3	886578	0.0000034
all	2162	2	886578	0.0000023
all	2164	3	886578	0.0000034
all	2165	6	886578	0.0000068
all	2166	2	886578	0.0000023
all	2167	6	886578	0.0000068
all	2168	7	886578	0.0000079
all	2169	1	886578	0.0000011
all	2170	4	886578	0.0000045
all	2171	3	886578	0.0000034
all	2174	7	886578	0.0000079
all	2175	2	886578	0.0000023
all	2176	6	886578	0.0000068
all	2177	1	886578	0.0000011
all	2178	1	886578	0.0000011
all	2179	3	886578	0.0000034
all	2181	4	886578	0.0000045
all	2182	1	886578	0.0000011
all	2183	4	886578	0.0000045
all	2184	2	886578	0.0000023
all	2185	1	886578	0.0000011
all	2186	5	886578	0.0000056
all	2187	1	886578	0.0000011
all	2188	1	886578	0.0000011
all	2192	2	886578	0.0000023
all	2193	3	886578	0.0000034
all	2194	1	886578	0.0000011
all	2196	2	886578	0.0000023
all	2197	2	886578	0.0000023
all	2198	1	886578	0.0000011
all	2199	1	886578	0.0000011
all	2200	2	886578	0.0000023
all	2201	1	886578	0.0000011
all	2202	2	886578	0.0000023
all	2203	3	886578	0.0000034
all	2204	1	886578	0.0000011
all	2206	2	886578	0.0000023
all	2207	2	886578	0.0000023
all	2208	5	886578	0.0000056
all	2209	4	886578	0.0000045
all	2210	1	886578	0.0000011
all	2211	1	886578	0.0000011
all	2214	2	886578	0.0000023
all	2215	1	886578	0.0000011
all	2217	1	886578	0.0000011
all	2218	2	886578	0.0000023
all	2222	1	886578	0.0000011
all	2223	1	886578	0.0000011
all	2224	1	886578	0.0000011
all	2225	1	886578	0.0000011
all	2227	2	886578	0.0000023
all	2229	1	886578	0.0000011
all	2230	1	886578	0.0000011
all	2231	2	886578	0.0000023
all	2232	1	886578	0.0000011
all	2233	1	886578	0.0000011
all	2234	1	886578	0.0000011
all	2235	1	886578	0.0000011
all	2238	2	886578	0.0000023
all	2239	1	886578	0.0000011
all	2241	1	886578	0.0000011
all	2242	1	886578	0.0000011
all	2244	1	886578	0.0000011
all	2245	2	886578	0.0000023
all	2248	2	886578	0.0000023
all	2249	2	886578	0.0000023
all	2252	1	886578	0.0000011
all	2255	2	886578	0.0000023
all	2258	1	886578	0.0000011
all	2259	2	886578	0.0000023
all	2260	4	886578	0.0000045
all	2262	1	886578	0.0000011
all	2263	1	886578	0.0000011
all	2264	2	886578	0.0000023
all	2265	6	886578	0.0000068
all	2266	1	886578	0.0000011
all	2267	1	886578	0.0000011
all	2269	2	886578	0.0000023
all	2271	1	886578	0.0000011
all	2274	2	886578	0.0000023
all	2275	1	886578	0.0000011
all	2276	2	886578	0.0000023
all	2277	2	886578	0.0000023
all	2280	1	886578	0.0000011
all	2281	1	886578	0.0000011
all	2282	1	886578	0.0000011
all	2283	1	886578	0.0000011
all	2284	2	886578	0.0000023
all	2285	1	886578	0.0000011
all	2286	3	886578	0.0000034
all	2288	1	886578	0.0000011
all	2290	1	886578	0.0000011
all	2292	1	886578	0.0000011
all	2293	1	886578	0.0000011
all	2295	1	886578	0.0000011
all	2296	1	886578	0.0000011
all	2297	1	886578	0.0000011
all	2298	1	886578	0.0000011
all	2299	1	886578	0.0000011
all	2300	2	886578	0.0000023
all	2304	3	886578	0.0000034
all	2305	2	886578	0.0000023
all	2306	1	886578	0.0000011
all	2307	1	886578	0.0000011
all	2308	3	886578	0.0000034
all	2310	1	886578	0.0000011
all	2311	2	886578	0.0000023
all	2312	1	886578	0.0000011
all	2314	1	886578	0.0000011
all	2315	1	886578	0.0000011
all	2317	1	886578	0.0000011
all	2318	1	886578	0.0000011
all	2319	1	886578	0.0000011
all	2320	2	886578	0.0000023
all	2322	1	886578	0.0000011
all	2323	1	886578	0.0000011
all	2324	1	886578	0.0000011
all	2325	1	886578	0.0000011
all	2328	2	886578	0.0000023
all	2329	1	886578	0.0000011
all	2330	1	886578	0.0000011
all	2332	2	886578	0.0000023
all	2333	1	886578	0.0000011
all	2335	4	886578	0.0000045
all	2336	2	886578	0.0000023
all	2337	2	886578	0.0000023
all	2338	1	886578	0.0000011
all	2340	1	886578	0.0000011
all	2341	3	886578	0.0000034
all	2342	2	886578	0.0000023
all	2343	1	886578	0.0000011
all	2347	3	886578	0.0000034
all	2348	1	886578	0.0000011
all	2350	1	886578	0.0000011
all	2351	3	886578	0.0000034
all	2352	2	886578	0.0000023
all	2355	1	886578	0.0000011
all	2356	2	886578	0.0000023
all	2357	2	886578	0.0000023
all	2360	2	886578	0.0000023
all	2363	1	886578	0.0000011
all	2364	3	886578	0.0000034
all	2365	1	886578	0.0000011
all	2366	2	886578	0.0000023
all	2367	1	886578	0.0000011
all	2368	3	886578	0.0000034
all	2369	1	886578	0.0000011
all	2370	2	886578	0.0000023
all	2373	1	886578	0.0000011
all	2374	1	886578	0.0000011
all	2375	1	886578	0.0000011
all	2376	2	886578	0.0000023
all	2377	1	886578	0.0000011
all	2378	2	886578	0.0000023
all	2379	2	886578	0.0000023
all	2380	3	886578	0.0000034
all	2382	2	886578	0.0000023
all	2383	1	886578	0.0000011
all	2384	1	886578	0.0000011
all	2386	3	886578	0.0000034
all	2389	3	886578	0.0000034
all	2390	1	886578	0.0000011
all	2391	3	886578	0.0000034
all	2392	1	886578	0.0000011
all	2393	1	886578	0.0000011
all	2394	3	886578	0.0000034
all	2395	3	886578	0.0000034
all	2396	1	886578	0.0000011
all	2397	2	886578	0.0000023
all	2398	1	886578	0.0000011
all	2399	1	886578	0.0000011
all	2400	1	886578	0.0000011
all	2401	4	886578	0.0000045
all	2402	4	886578	0.0000045
all	2403	2	886578	0.0000023
all	2404	1	886578	0.0000011
all	2405	3	886578	0.0000034
all	2406	2	886578	0.0000023
all	2407	1	886578	0.0000011
all	2409	1	886578	0.0000011
all	2410	2	886578	0.0000023
all	2411	1	886578	0.0000011
all	2412	1	886578	0.0000011
all	2413	4	886578	0.0000045
all	2414	1	886578	0.0000011
all	2415	1	886578	0.0000011
all	2416	3	886578	0.0000034
all	2418	3	886578	0.0000034
all	2419	3	886578	0.0000034
all	2422	1	886578	0.0000011
all	2423	3	886578	0.0000034
all	2424	1	886578	0.0000011
all	2426	2	886578	0.0000023
all	2427	1	886578	0.0000011
all	2428	1	886578	0.0000011
all	2429	2	886578	0.0000023
all	2430	1	886578	0.0000011
all	2431	1	886578	0.0000011
all	2432	1	886578	0.0000011
all	2433	2	886578	0.0000023
all	2434	1	886578	0.0000011
all	2435	1	886578	0.0000011
all	2436	3	886578	0.0000034
all	2438	2	886578	0.0000023
all	2439	1	886578	0.0000011
all	2440	2	886578	0.0000023
all	2441	2	886578	0.0000023
all	2442	2	886578	0.0000023
all	2443	1	886578	0.0000011
all	2445	1	886578	0.0000011
all	2446	1	886578	0.0000011
all	2447	1	886578	0.0000011
all	2452	4	886578	0.0000045
all	2453	1	886578	0.0000011
all	2455	4	886578	0.0000045
all	2456	1	886578	0.0000011
all	2457	2	886578	0.0000023
all	2458	1	886578	0.0000011
all	2459	2	886578	0.0000023
all	2460	5	886578	0.0000056
all	2463	3	886578	0.0000034
all	2464	1	886578	0.0000011
all	2465	1	886578	0.0000011
all	2468	1	886578	0.0000011
all	2469	3	886578	0.0000034
all	2471	1	886578	0.0000011
all	2474	1	886578	0.0000011
all	2476	2	886578	0.0000023
all	2477	1	886578	0.0000011
all	2479	2	886578	0.0000023
all	2482	2	886578	0.0000023
all	2483	2	886578	0.0000023
all	2484	1	886578	0.0000011
all	2485	1	886578	0.0000011
all	2486	4	886578	0.0000045
all	2487	4	886578	0.0000045
all	2488	1	886578	0.0000011
all	2490	6	886578	0.0000068
all	2491	2	886578	0.0000023
all	2492	4	886578	0.0000045
all	2493	1	886578	0.0000011
all	2495	1	886578	0.0000011
all	2496	2	886578	0.0000023
all	2497	4	886578	0.0000045
all	2498	2	886578	0.0000023
all	2499	2	886578	0.0000023
all	2500	1	886578	0.0000011
all	2501	1	886578	0.0000011
all	2502	1	886578	0.0000011
all	2504	3	886578	0.0000034
all	2505	2	886578	0.0000023
all	2506	4	886578	0.0000045
all	2507	1	886578	0.0000011
all	2508	3	886578	0.0000034
all	2509	3	886578	0.0000034
all	2510	3	886578	0.0000034
all	2511	3	886578	0.0000034
all	2512	1	886578	0.0000011
all	2513	2	886578	0.0000023
all	2515	3	886578	0.0000034
all	2516	3	886578	0.0000034
all	2517	2	886578	0.0000023
all	2520	3	886578	0.0000034
all	2521	2	886578	0.0000023
all	2522	2	886578	0.0000023
all	2523	2	886578	0.0000023
all	2524	2	886578	0.0000023
all	2525	3	886578	0.0000034
all	2526	2	886578	0.0000023
all	2527	3	886578	0.0000034
all	2528	2	886578	0.0000023
all	2529	2	886578	0.0000023
all	2530	5	886578	0.0000056
all	2531	2	886578	0.0000023
all	2532	1	886578	0.0000011
all	2533	2	886578	0.0000023
all	2534	1	886578	0.0000011
all	2535	2	886578	0.0000023
all	2536	2	886578	0.0000023
all	2537	2	886578	0.0000023
all	2538	2	886578	0.0000023
all	2539	2	886578	0.0000023
all	2540	2	886578	0.0000023
all	2541	4	886578	0.0000045
all	2542	2	886578	0.0000023
all	2544	1	886578	0.0000011
all	2545	3	886578	0.0000034
all	2547	2	886578	0.0000023
all	2548	1	886578	0.0000011
all	2549	4	886578	0.0000045
all	2550	1	886578	0.0000011
all	2552	5	886578	0.0000056
all	2553	1	886578	0.0000011
all	2554	1	886578	0.0000011
all	2555	1	886578	0.0000011
all	2556	2	886578	0.0000023
all	2558	1	886578	0.0000011
all	2559	1	886578	0.0000011
all	2560	2	886578	0.0000023
all	2561	4	886578	0.0000045
all	2562	3	886578	0.0000034
all	2565	2	886578	0.0000023
all	2566	2	886578	0.0000023
all	2568	1	886578	0.0000011
all	2570	1	886578	0.0000011
all	2573	2	886578	0.0000023
all	2574	2	886578	0.0000023
all	2575	3	886578	0.0000034
all	2578	2	886578	0.0000023
all	2579	2	886578	0.0000023
all	2581	1	886578	0.0000011
all	2582	1	886578	0.0000011
all	2583	2	886578	0.0000023
all	2584	3	886578	0.0000034
all	2585	2	886578	0.0000023
all	2586	1	886578	0.0000011
all	2587	2	886578	0.0000023
all	2588	1	886578	0.0000011
all	2589	2	886578	0.0000023
all	2590	1	886578	0.0000011
all	2591	2	886578	0.0000023
all	2592	2	886578	0.0000023
all	2593	1	886578	0.0000011
all	2594	1	886578	0.0000011
all	2595	1	886578	0.0000011
all	2598	1	886578	0.0000011
all	2600	2	886578	0.0000023
all	2601	4	886578	0.0000045
all	2602	1	886578	0.0000011
all	2604	1	886578	0.0000011
all	2605	2	886578	0.0000023
all	2606	2	886578	0.0000023
all	2607	2	886578	0.0000023
all	2608	2	886578	0.0000023
all	2609	2	886578	0.0000023
all	2610	2	886578	0.0000023
all	2611	1	886578	0.0000011
all	2614	4	886578	0.0000045
all	2615	1	886578	0.0000011
all	2616	3	886578	0.0000034
all	2618	3	886578	0.0000034
all	2619	4	886578	0.0000045
all	2620	3	886578	0.0000034
all	2622	2	886578	0.0000023
all	2623	1	886578	0.0000011
all	2625	3	886578	0.0000034
all	2626	2	886578	0.0000023
all	2627	1	886578	0.0000011
all	2629	1	886578	0.0000011
all	2630	1	886578	0.0000011
all	2631	1	886578	0.0000011
all	2632	1	886578	0.0000011
all	2633	2	886578	0.0000023
all	2634	2	886578	0.0000023
all	2635	2	886578	0.0000023
all	2637	2	886578	0.0000023
all	2638	2	886578	0.0000023
all	2639	3	886578	0.0000034
all	2641	1	886578	0.0000011
all	2643	1	886578	0.0000011
all	2645	4	886578	0.0000045
all	2646	1	886578	0.0000011
all	2647	2	886578	0.0000023
all	2648	3	886578	0.0000034
all	2649	1	886578	0.0000011
all	2650	2	886578	0.0000023
all	2651	5	886578	0.0000056
all	2652	2	886578	0.0000023
all	2653	1	886578	0.0000011
all	2654	1	886578	0.0000011
all	2655	1	886578	0.0000011
all	2656	5	886578	0.0000056
all	2657	2	886578	0.0000023
all	2658	2	886578	0.0000023
all	2659	1	886578	0.0000011
all	2660	3	886578	0.0000034
all	2661	1	886578	0.0000011
all	2664	1	886578	0.0000011
all	2665	1	886578	0.0000011
all	2667	4	886578	0.0000045
all	2668	2	886578	0.0000023
all	2669	1	886578	0.0000011
all	2670	1	886578	0.0000011
all	2671	1	886578	0.0000011
all	2672	4	886578	0.0000045
all	2673	6	886578	0.0000068
all	2674	1	886578	0.0000011
all	2675	3	886578	0.0000034
all	2676	3	886578	0.0000034
all	2677	2	886578	0.0000023
all	2678	2	886578	0.0000023
all	2679	3	886578	0.0000034
all	2680	1	886578	0.0000011
all	2681	3	886578	0.0000034
all	2682	1	886578	0.0000011
all	2683	2	886578	0.0000023
all	2684	4	886578	0.0000045
all	2685	1	886578	0.0000011
all	2686	1	886578	0.0000011
all	2687	1	886578	0.0000011
all	2689	2	886578	0.0000023
all	2691	2	886578	0.0000023
all	2692	1	886578	0.0000011
all	2693	2	886578	0.0000023
all	2694	2	886578	0.0000023
all	2695	2	886578	0.0000023
all	2696	1	886578	0.0000011
all	2697	2	886578	0.0000023
all	2698	1	886578	0.0000011
all	2699	2	886578	0.0000023
all	2700	2	886578	0.0000023
all	2701	1	886578	0.0000011
all	2702	1	886578	0.0000011
all	2703	2	886578	0.0000023
all	2704	3	886578	0.0000034
all	2705	1	886578	0.0000011
all	2706	1	886578	0.0000011
all	2707	1	886578	0.0000011
all	2708	3	886578	0.0000034
all	2709	1	886578	0.0000011
all	2710	1	886578	0.0000011
all	2711	1	886578	0.0000011
all	2712	1	886578	0.0000011
all	2714	3	886578	0.0000034
all	2715	1	886578	0.0000011
all	2716	2	886578	0.0000023
all	2717	2	886578	0.0000023
all	2718	2	886578	0.0000023
all	2719	2	886578	0.0000023
all	2720	3	886578	0.0000034
all	2721	3	886578	0.0000034
all	2723	2	886578	0.0000023
all	2724	4	886578	0.0000045
all	2726	1	886578	0.0000011
all	2728	1	886578	0.0000011
all	2729	3	886578	0.0000034
all	2730	1	886578	0.0000011
all	2731	2	886578	0.0000023
all	2732	2	886578	0.0000023
all	2733	1	886578	0.0000011
all	2735	1	886578	0.0000011
all	2737	1	886578	0.0000011
all	2738	1	886578	0.0000011
all	2739	3	886578	0.0000034
all	2740	5	886578	0.0000056
all	2741	4	886578	0.0000045
all	2742	4	886578	0.0000045
all	2743	2	886578	0.0000023
all	2744	5	886578	0.0000056
all	2745	5	886578	0.0000056
all	2746	2	886578	0.0000023
all	2747	7	886578	0.0000079
all	2748	4	886578	0.0000045
all	2749	8	886578	0.0000090
all	2750	2	886578	0.0000023
all	2751	5	886578	0.0000056
all	2752	2	886578	0.0000023
all	2753	2	886578	0.0000023
all	2754	2	886578	0.0000023
all	2755	3	886578	0.0000034
all	2756	2	886578	0.0000023
all	2757	1	886578	0.0000011
all	2758	3	886578	0.0000034
all	2759	1	886578	0.0000011
all	2760	1	886578	0.0000011
all	2762	1	886578	0.0000011
all	2763	3	886578	0.0000034
all	2765	1	886578	0.0000011
all	2766	3	886578	0.0000034
all	2768	1	886578	0.0000011
all	2771	1	886578	0.0000011
all	2772	2	886578	0.0000023
all	2774	1	886578	0.0000011
all	2775	1	886578	0.0000011
all	2777	1	886578	0.0000011
all	2778	1	886578	0.0000011
all	2779	1	886578	0.0000011
all	2780	2	886578	0.0000023
all	2781	2	886578	0.0000023
all	2785	1	886578	0.0000011
all	2786	2	886578	0.0000023
all	2788	2	886578	0.0000023
all	2789	1	886578	0.0000011
all	2790	4	886578	0.0000045
all	2791	1	886578	0.0000011
all	2792	1	886578	0.0000011
all	2794	2	886578	0.0000023
all	2795	1	886578	0.0000011
all	2796	1	886578	0.0000011
all	2797	1	886578	0.0000011
all	2798	1	886578	0.0000011
all	2801	1	886578	0.0000011
all	2802	1	886578	0.0000011
all	2803	1	886578	0.0000011
all	2804	2	886578	0.0000023
all	2805	1	886578	0.0000011
all	2806	1	886578	0.0000011
all	2807	1	886578	0.0000011
all	2808	1	886578	0.0000011
all	2809	1	886578	0.0000011
all	2810	1	886578	0.0000011
all	2811	2	886578	0.0000023
all	2812	1	886578	0.0000011
all	2814	2	886578	0.0000023
all	2815	1	886578	0.0000011
all	2816	1	886578	0.0000011
all	2818	4	886578	0.0000045
all	2820	1	886578	0.0000011
all	2822	3	886578	0.0000034
all	2823	2	886578	0.0000023
all	2824	2	886578	0.0000023
all	2825	3	886578	0.0000034
all	2826	2	886578	0.0000023
all	2828	1	886578	0.0000011
all	2829	1	886578	0.0000011
all	2830	1	886578	0.0000011
all	2832	2	886578	0.0000023
all	2833	1	886578	0.0000011
all	2834	1	886578	0.0000011
all	2835	2	886578	0.0000023
all	2836	1	886578	0.0000011
all	2837	3	886578	0.0000034
all	2838	2	886578	0.0000023
all	2839	2	886578	0.0000023
all	2840	1	886578	0.0000011
all	2842	1	886578	0.0000011
all	2844	1	886578	0.0000011
all	2845	1	886578	0.0000011
all	2846	2	886578	0.0000023
all	2847	2	886578	0.0000023
all	2848	1	886578	0.0000011
all	2849	2	886578	0.0000023
all	2850	1	886578	0.0000011
all	2853	2	886578	0.0000023
all	2856	1	886578	0.0000011
all	2861	2	886578	0.0000023
all	2862	1	886578	0.0000011
all	2863	1	886578	0.0000011
all	2867	2	886578	0.0000023
all	2869	1	886578	0.0000011
all	2870	2	886578	0.0000023
all	2871	1	886578	0.0000011
all	2874	1	886578	0.0000011
all	2876	1	886578	0.0000011
all	2877	1	886578	0.0000011
all	2878	1	886578	0.0000011
all	2879	1	886578	0.0000011
all	2880	1	886578	0.0000011
all	2882	2	886578	0.0000023
all	2884	2	886578	0.0000023
all	2885	2	886578	0.0000023
all	2888	1	886578	0.0000011
all	2890	3	886578	0.0000034
all	2892	1	886578	0.0000011
all	2894	1	886578	0.0000011
all	2896	1	886578	0.0000011
all	2897	2	886578	0.0000023
all	2900	1	886578	0.0000011
all	2901	1	886578	0.0000011
all	2903	2	886578	0.0000023
all	2905	1	886578	0.0000011
all	2907	1	886578	0.0000011
all	2908	1	886578	0.0000011
all	2909	2	886578	0.0000023
all	2910	1	886578	0.0000011
all	2912	1	886578	0.0000011
all	2918	3	886578	0.0000034
all	2919	2	886578	0.0000023
all	2920	2	886578	0.0000023
all	2922	1	886578	0.0000011
all	2924	1	886578	0.0000011
all	2926	1	886578	0.0000011
all	2927	3	886578	0.0000034
all	2928	3	886578	0.0000034
all	2929	1	886578	0.0000011
all	2930	1	886578	0.0000011
all	2931	1	886578	0.0000011
all	2932	2	886578	0.0000023
all	2933	1	886578	0.0000011
all	2937	2	886578	0.0000023
all	2939	3	886578	0.0000034
all	2940	2	886578	0.0000023
all	2941	1	886578	0.0000011
all	2942	3	886578	0.0000034
all	2943	1	886578	0.0000011
all	2944	1	886578	0.0000011
all	2945	2	886578	0.0000023
all	2946	1	886578	0.0000011
all	2947	1	886578	0.0000011
all	2948	1	886578	0.0000011
all	2950	1	886578	0.0000011
all	2951	2	886578	0.0000023
all	2952	2	886578	0.0000023
all	2953	1	886578	0.0000011
all	2954	1	886578	0.0000011
all	2955	2	886578	0.0000023
all	2957	1	886578	0.0000011
all	2958	1	886578	0.0000011
all	2960	2	886578	0.0000023
all	2962	2	886578	0.0000023
all	2964	2	886578	0.0000023
all	2966	2	886578	0.0000023
all	2967	1	886578	0.0000011
all	2968	4	886578	0.0000045
all	2969	1	886578	0.0000011
all	2970	2	886578	0.0000023
all	2971	1	886578	0.0000011
all	2972	2	886578	0.0000023
all	2975	1	886578	0.0000011
all	2978	1	886578	0.0000011
all	2980	1	886578	0.0000011
all	2981	1	886578	0.0000011
all	2982	2	886578	0.0000023
all	2984	1	886578	0.0000011
all	2985	1	886578	0.0000011
all	2986	4	886578	0.0000045
all	2987	1	886578	0.0000011
all	2989	1	886578	0.0000011
all	2991	1	886578	0.0000011
all	2994	1	886578	0.0000011
all	2995	1	886578	0.0000011
all	2996	3	886578	0.0000034
all	2997	1	886578	0.0000011
all	2998	1	886578	0.0000011
all	2999	3	886578	0.0000034
all	3000	2	886578	0.0000023
all	3001	1	886578	0.0000011
all	3003	1	886578	0.0000011
all	3006	1	886578	0.0000011
all	3007	3	886578	0.0000034
all	3009	3	886578	0.0000034
all	3011	1	886578	0.0000011
all	3012	1	886578	0.0000011
all	3013	2	886578	0.0000023
all	3014	1	886578	0.0000011
all	3018	1	886578	0.0000011
all	3019	1	886578	0.0000011
all	3020	2	886578	0.0000023
all	3021	1	886578	0.0000011
all	3022	1	886578	0.0000011
all	3023	1	886578	0.0000011
all	3024	1	886578	0.0000011
all	3025	1	886578	0.0000011
all	3026	1	886578	0.0000011
all	3027	1	886578	0.0000011
all	3028	4	886578	0.0000045
all	3029	1	886578	0.0000011
all	3031	1	886578	0.0000011
all	3034	2	886578	0.0000023
all	3036	1	886578	0.0000011
all	3037	1	886578	0.0000011
all	3038	1	886578	0.0000011
all	3039	1	886578	0.0000011
all	3041	2	886578	0.0000023
all	3042	1	886578	0.0000011
all	3043	2	886578	0.0000023
all	3044	1	886578	0.0000011
all	3045	1	886578	0.0000011
all	3046	2	886578	0.0000023
all	3047	4	886578	0.0000045
all	3048	2	886578	0.0000023
all	3049	1	886578	0.0000011
all	3050	1	886578	0.0000011
all	3051	2	886578	0.0000023
all	3052	1	886578	0.0000011
all	3053	2	886578	0.0000023
all	3054	1	886578	0.0000011
all	3055	4	886578	0.0000045
all	3057	2	886578	0.0000023
all	3058	4	886578	0.0000045
all	3059	1	886578	0.0000011
all	3060	1	886578	0.0000011
all	3062	2	886578	0.0000023
all	3063	1	886578	0.0000011
all	3064	1	886578	0.0000011
all	3066	1	886578	0.0000011
all	3067	3	886578	0.0000034
all	3068	2	886578	0.0000023
all	3069	4	886578	0.0000045
all	3070	3	886578	0.0000034
all	3072	2	886578	0.0000023
all	3074	2	886578	0.0000023
all	3075	2	886578	0.0000023
all	3076	1	886578	0.0000011
all	3078	1	886578	0.0000011
all	3079	1	886578	0.0000011
all	3081	1	886578	0.0000011
all	3082	2	886578	0.0000023
all	3083	1	886578	0.0000011
all	3084	1	886578	0.0000011
all	3085	2	886578	0.0000023
all	3087	1	886578	0.0000011
all	3088	1	886578	0.0000011
all	3089	1	886578	0.0000011
all	3091	1	886578	0.0000011
all	3092	3	886578	0.0000034
all	3093	2	886578	0.0000023
all	3094	1	886578	0.0000011
all	3095	1	886578	0.0000011
all	3096	1	886578	0.0000011
all	3098	1	886578	0.0000011
all	3099	1	886578	0.0000011
all	3103	1	886578	0.0000011
all	3107	2	886578	0.0000023
all	3109	2	886578	0.0000023
all	3110	1	886578	0.0000011
all	3112	2	886578	0.0000023
all	3113	2	886578	0.0000023
all	3114	1	886578	0.0000011
all	3118	1	886578	0.0000011
all	3121	2	886578	0.0000023
all	3122	3	886578	0.0000034
all	3123	1	886578	0.0000011
all	3124	2	886578	0.0000023
all	3126	1	886578	0.0000011
all	3127	1	886578	0.0000011
all	3128	3	886578	0.0000034
all	3130	2	886578	0.0000023
all	3131	2	886578	0.0000023
all	3132	3	886578	0.0000034
all	3133	2	886578	0.0000023
all	3134	1	886578	0.0000011
all	3140	1	886578	0.0000011
all	3141	3	886578	0.0000034
all	3143	2	886578	0.0000023
all	3145	1	886578	0.0000011
all	3147	1	886578	0.0000011
all	3148	2	886578	0.0000023
all	3149	1	886578	0.0000011
all	3151	1	886578	0.0000011
all	3152	1	886578	0.0000011
all	3153	1	886578	0.0000011
all	3154	1	886578	0.0000011
all	3159	1	886578	0.0000011
all	3161	2	886578	0.0000023
all	3162	2	886578	0.0000023
all	3163	3	886578	0.0000034
all	3165	2	886578	0.0000023
all	3167	1	886578	0.0000011
all	3172	2	886578	0.0000023
all	3173	1	886578	0.0000011
all	3177	2	886578	0.0000023
all	3178	1	886578	0.0000011
all	3179	1	886578	0.0000011
all	3181	1	886578	0.0000011
all	3182	2	886578	0.0000023
all	3183	2	886578	0.0000023
all	3185	1	886578	0.0000011
all	3186	2	886578	0.0000023
all	3187	2	886578	0.0000023
all	3189	2	886578	0.0000023
all	3190	1	886578	0.0000011
all	3191	1	886578	0.0000011
all	3192	1	886578	0.0000011
all	3193	2	886578	0.0000023
all	3194	3	886578	0.0000034
all	3196	3	886578	0.0000034
all	3197	1	886578	0.0000011
all	3199	2	886578	0.0000023
all	3200	1	886578	0.0000011
all	3202	1	886578	0.0000011
all	3203	1	886578	0.0000011
all	3206	1	886578	0.0000011
all	3209	1	886578	0.0000011
all	3210	2	886578	0.0000023
all	3212	2	886578	0.0000023
all	3216	1	886578	0.0000011
all	3217	1	886578	0.0000011
all	3218	4	886578	0.0000045
all	3220	3	886578	0.0000034
all	3221	1	886578	0.0000011
all	3222	1	886578	0.0000011
all	3226	1	886578	0.0000011
all	3231	1	886578	0.0000011
all	3232	1	886578	0.0000011
all	3235	2	886578	0.0000023
all	3242	1	886578	0.0000011
all	3245	3	886578	0.0000034
all	3251	1	886578	0.0000011
all	3252	1	886578	0.0000011
all	3253	1	886578	0.0000011
all	3255	1	886578	0.0000011
all	3256	1	886578	0.0000011
all	3259	5	886578	0.0000056
all	3262	1	886578	0.0000011
all	3264	1	886578	0.0000011
all	3266	1	886578	0.0000011
all	3267	1	886578	0.0000011
all	3270	1	886578	0.0000011
all	3271	3	886578	0.0000034
all	3272	1	886578	0.0000011
all	3275	2	886578	0.0000023
all	3276	3	886578	0.0000034
all	3277	1	886578	0.0000011
all	3278	2	886578	0.0000023
all	3279	2	886578	0.0000023
all	3281	1	886578	0.0000011
all	3284	1	886578	0.0000011
all	3291	1	886578	0.0000011
all	3293	1	886578	0.0000011
all	3294	2	886578	0.0000023
all	3296	1	886578	0.0000011
all	3297	1	886578	0.0000011
all	3299	3	886578	0.0000034
all	3301	1	886578	0.0000011
all	3302	2	886578	0.0000023
all	3304	2	886578	0.0000023
all	3305	1	886578	0.0000011
all	3309	3	886578	0.0000034
all	3315	1	886578	0.0000011
all	3317	1	886578	0.0000011
all	3319	2	886578	0.0000023
all	3320	1	886578	0.0000011
all	3321	1	886578	0.0000011
all	3322	2	886578	0.0000023
all	3324	2	886578	0.0000023
all	3325	1	886578	0.0000011
all	3327	1	886578	0.0000011
all	3328	4	886578	0.0000045
all	3329	1	886578	0.0000011
all	3330	1	886578	0.0000011
all	3331	1	886578	0.0000011
all	3334	3	886578	0.0000034
all	3335	2	886578	0.0000023
all	3337	2	886578	0.0000023
all	3338	4	886578	0.0000045
all	3341	1	886578	0.0000011
all	3342	4	886578	0.0000045
all	3343	2	886578	0.0000023
all	3344	1	886578	0.0000011
all	3345	1	886578	0.0000011
all	3346	2	886578	0.0000023
all	3347	1	886578	0.0000011
all	3348	3	886578	0.0000034
all	3350	1	886578	0.0000011
all	3351	2	886578	0.0000023
all	3353	2	886578	0.0000023
all	3355	1	886578	0.0000011
all	3357	3	886578	0.0000034
all	3359	2	886578	0.0000023
all	3360	1	886578	0.0000011
all	3361	1	886578	0.0000011
all	3362	1	886578	0.0000011
all	3366	2	886578	0.0000023
all	3367	2	886578	0.0000023
all	3368	3	886578	0.0000034
all	3369	1	886578	0.0000011
all	3372	1	886578	0.0000011
all	3374	3	886578	0.0000034
all	3376	1	886578	0.0000011
all	3378	1	886578	0.0000011
all	3381	2	886578	0.0000023
all	3383	1	886578	0.0000011
all	3384	3	886578	0.0000034
all	3385	4	886578	0.0000045
all	3386	1	886578	0.0000011
all	3388	2	886578	0.0000023
all	3389	1	886578	0.0000011
all	3390	1	886578	0.0000011
all	3391	1	886578	0.0000011
all	3393	2	886578	0.0000023
all	3395	2	886578	0.0000023
all	3397	1	886578	0.0000011
all	3398	1	886578	0.0000011
all	3403	2	886578	0.0000023
all	3406	1	886578	0.0000011
all	3407	1	886578	0.0000011
all	3412	1	886578	0.0000011
all	3414	1	886578	0.0000011
all	3417	1	886578	0.0000011
all	3419	1	886578	0.0000011
all	3428	1	886578	0.0000011
all	3429	2	886578	0.0000023
all	3430	1	886578	0.0000011
all	3431	1	886578	0.0000011
all	3441	1	886578	0.0000011
all	3442	1	886578	0.0000011
all	3444	1	886578	0.0000011
all	3448	1	886578	0.0000011
all	3451	2	886578	0.0000023
all	3453	1	886578	0.0000011
all	3456	2	886578	0.0000023
all	3457	2	886578	0.0000023
all	3461	2	886578	0.0000023
all	3462	1	886578	0.0000011
all	3465	1	886578	0.0000011
all	3466	1	886578	0.0000011
all	3473	1	886578	0.0000011
all	3476	1	886578	0.0000011
all	3479	1	886578	0.0000011
all	3480	4	886578	0.0000045
all	3482	1	886578	0.0000011
all	3484	1	886578	0.0000011
all	3485	1	886578	0.0000011
all	3490	1	886578	0.0000011
all	3493	1	886578	0.0000011
all	3494	1	886578	0.0000011
all	3496	2	886578	0.0000023
all	3500	1	886578	0.0000011
all	3502	2	886578	0.0000023
all	3504	1	886578	0.0000011
all	3506	2	886578	0.0000023
all	3510	1	886578	0.0000011
all	3515	1	886578	0.0000011
all	3516	1	886578	0.0000011
all	3517	2	886578	0.0000023
all	3518	2	886578	0.0000023
all	3522	2	886578	0.0000023
all	3523	1	886578	0.0000011
all	3527	1	886578	0.0000011
all	3529	1	886578	0.0000011
all	3532	2	886578	0.0000023
all	3534	6	886578	0.0000068
all	3535	3	886578	0.0000034
all	3536	6	886578	0.0000068
all	3537	4	886578	0.0000045
all	3539	5	886578	0.0000056
all	3541	1	886578	0.0000011
all	3543	2	886578	0.0000023
all	3544	3	886578	0.0000034
all	3546	2	886578	0.0000023
all	3547	2	886578	0.0000023
all	3549	2	886578	0.0000023
all	3551	1	886578	0.0000011
all	3552	1	886578	0.0000011
all	3553	2	886578	0.0000023
all	3556	3	886578	0.0000034
all	3557	6	886578	0.0000068
all	3559	2	886578	0.0000023
all	3567	1	886578	0.0000011
all	3568	1	886578	0.0000011
all	3571	1	886578	0.0000011
all	3572	1	886578	0.0000011
all	3573	1	886578	0.0000011
all	3577	1	886578	0.0000011
all	3581	1	886578	0.0000011
all	3583	1	886578	0.0000011
all	3586	1	886578	0.0000011
all	3587	2	886578	0.0000023
all	3588	1	886578	0.0000011
all	3589	1	886578	0.0000011
all	3595	1	886578	0.0000011
all	3600	1	886578	0.0000011
all	3602	1	886578	0.0000011
all	3604	1	886578	0.0000011
all	3611	1	886578	0.0000011
all	3613	1	886578	0.0000011
all	3614	1	886578	0.0000011
all	3620	3	886578	0.0000034
all	3621	1	886578	0.0000011
all	3624	2	886578	0.0000023
all	3627	1	886578	0.0000011
all	3628	1	886578	0.0000011
all	3630	1	886578	0.0000011
all	3632	2	886578	0.0000023
all	3635	1	886578	0.0000011
all	3636	1	886578	0.0000011
all	3637	1	886578	0.0000011
all	3639	1	886578	0.0000011
all	3644	1	886578	0.0000011
all	3651	1	886578	0.0000011
all	3652	1	886578	0.0000011
all	3653	2	886578	0.0000023
all	3655	1	886578	0.0000011
all	3657	1	886578	0.0000011
all	3661	1	886578	0.0000011
all	3662	2	886578	0.0000023
all	3664	1	886578	0.0000011
all	3665	1	886578	0.0000011
all	3669	1	886578	0.0000011
all	3675	1	886578	0.0000011
all	3680	1	886578	0.0000011
all	3681	1	886578	0.0000011
all	3682	2	886578	0.0000023
all	3683	2	886578	0.0000023
all	3685	1	886578	0.0000011
all	3689	1	886578	0.0000011
all	3693	2	886578	0.0000023
all	3694	2	886578	0.0000023
all	3695	1	886578	0.0000011
all	3701	1	886578	0.0000011
all	3703	1	886578	0.0000011
all	3705	1	886578	0.0000011
all	3706	1	886578	0.0000011
all	3709	1	886578	0.0000011
all	3710	2	886578	0.0000023
all	3711	4	886578	0.0000045
all	3713	2	886578	0.0000023
all	3714	1	886578	0.0000011
all	3718	1	886578	0.0000011
all	3719	1	886578	0.0000011
all	3723	1	886578	0.0000011
all	3725	1	886578	0.0000011
all	3727	1	886578	0.0000011
all	3740	2	886578	0.0000023
all	3741	2	886578	0.0000023
all	3746	1	886578	0.0000011
all	3747	1	886578	0.0000011
all	3748	1	886578	0.0000011
all	3749	1	886578	0.0000011
all	3755	1	886578	0.0000011
all	3758	1	886578	0.0000011
all	3761	2	886578	0.0000023
all	3768	1	886578	0.0000011
all	3772	3	886578	0.0000034
all	3776	2	886578	0.0000023
all	3779	1	886578	0.0000011
all	3781	1	886578	0.0000011
all	3784	1	886578	0.0000011
all	3786	1	886578	0.0000011
all	3788	1	886578	0.0000011
all	3789	1	886578	0.0000011
all	3798	1	886578	0.0000011
all	3799	1	886578	0.0000011
all	3802	1	886578	0.0000011
all	3803	1	886578	0.0000011
all	3807	1	886578	0.0000011
all	3809	1	886578	0.0000011
all	3812	1	886578	0.0000011
all	3813	1	886578	0.0000011
all	3814	1	886578	0.0000011
all	3819	1	886578	0.0000011
all	3820	1	886578	0.0000011
all	3823	1	886578	0.0000011
all	3824	1	886578	0.0000011
all	3825	1	886578	0.0000011
all	3826	1	886578	0.0000011
all	3830	1	886578	0.0000011
all	3834	1	886578	0.0000011
all	3835	1	886578	0.0000011
all	3837	1	886578	0.0000011
all	3838	2	886578	0.0000023
all	3842	3	886578	0.0000034
all	3849	1	886578	0.0000011
all	3850	1	886578	0.0000011
all	3854	2	886578	0.0000023
all	3856	1	886578	0.0000011
all	3857	1	886578	0.0000011
all	3859	1	886578	0.0000011
all	3861	2	886578	0.0000023
all	3865	1	886578	0.0000011
all	3873	1	886578	0.0000011
all	3874	1	886578	0.0000011
all	3877	1	886578	0.0000011
all	3880	1	886578	0.0000011
all	3883	1	886578	0.0000011
all	3885	1	886578	0.0000011
all	3886	2	886578	0.0000023
all	3891	1	886578	0.0000011
all	3892	1	886578	0.0000011
all	3893	2	886578	0.0000023
all	3894	2	886578	0.0000023
all	3897	1	886578	0.0000011
all	3898	2	886578	0.0000023
all	3899	1	886578	0.0000011
all	3900	1	886578	0.0000011
all	3901	1	886578	0.0000011
all	3902	3	886578	0.0000034
all	3903	1	886578	0.0000011
all	3904	1	886578	0.0000011
all	3905	1	886578	0.0000011
all	3909	1	886578	0.0000011
all	3910	1	886578	0.0000011
all	3911	2	886578	0.0000023
all	3912	1	886578	0.0000011
all	3914	1	886578	0.0000011
all	3915	1	886578	0.0000011
all	3916	3	886578	0.0000034
all	3917	1	886578	0.0000011
all	3918	2	886578	0.0000023
all	3920	2	886578	0.0000023
all	3927	1	886578	0.0000011
all	3931	2	886578	0.0000023
all	3934	1	886578	0.0000011
all	3936	1	886578	0.0000011
all	3937	1	886578	0.0000011
all	3938	1	886578	0.0000011
all	3939	3	886578	0.0000034
all	3942	1	886578	0.0000011
all	3952	1	886578	0.0000011
all	3953	1	886578	0.0000011
all	3956	3	886578	0.0000034
all	3963	1	886578	0.0000011
all	3966	1	886578	0.0000011
all	3973	2	886578	0.0000023
all	3976	2	886578	0.0000023
all	3980	1	886578	0.0000011
all	3982	1	886578	0.0000011
all	3983	2	886578	0.0000023
all	3986	1	886578	0.0000011
all	3987	1	886578	0.0000011
all	3993	1	886578	0.0000011
all	3994	1	886578	0.0000011
all	3996	1	886578	0.0000011
all	3998	1	886578	0.0000011
all	3999	1	886578	0.0000011
all	4002	2	886578	0.0000023
all	4003	1	886578	0.0000011
all	4005	1	886578	0.0000011
all	4009	1	886578	0.0000011
all	4010	2	886578	0.0000023
all	4011	1	886578	0.0000011
all	4013	1	886578	0.0000011
all	4016	1	886578	0.0000011
all	4018	1	886578	0.0000011
all	4021	1	886578	0.0000011
all	4022	1	886578	0.0000011
all	4023	2	886578	0.0000023
all	4028	1	886578	0.0000011
all	4036	1	886578	0.0000011
all	4038	3	886578	0.0000034
all	4039	1	886578	0.0000011
all	4043	3	886578	0.0000034
all	4045	1	886578	0.0000011
all	4046	1	886578	0.0000011
all	4047	1	886578	0.0000011
all	4049	1	886578	0.0000011
all	4051	1	886578	0.0000011
all	4054	1	886578	0.0000011
all	4058	3	886578	0.0000034
all	4063	1	886578	0.0000011
all	4065	1	886578	0.0000011
all	4066	1	886578	0.0000011
all	4068	1	886578	0.0000011
all	4069	1	886578	0.0000011
all	4070	1	886578	0.0000011
all	4072	1	886578	0.0000011
all	4078	1	886578	0.0000011
all	4080	2	886578	0.0000023
all	4084	1	886578	0.0000011
all	4088	1	886578	0.0000011
all	4091	1	886578	0.0000011
all	4098	1	886578	0.0000011
all	4099	1	886578	0.0000011
all	4100	1	886578	0.0000011
all	4101	1	886578	0.0000011
all	4103	1	886578	0.0000011
all	4104	1	886578	0.0000011
all	4106	1	886578	0.0000011
all	4110	1	886578	0.0000011
all	4115	1	886578	0.0000011
all	4116	1	886578	0.0000011
all	4117	1	886578	0.0000011
all	4118	3	886578	0.0000034
all	4120	1	886578	0.0000011
all	4121	3	886578	0.0000034
all	4122	1	886578	0.0000011
all	4126	1	886578	0.0000011
all	4127	2	886578	0.0000023
all	4128	1	886578	0.0000011
all	4130	1	886578	0.0000011
all	4132	1	886578	0.0000011
all	4136	2	886578	0.0000023
all	4137	1	886578	0.0000011
all	4139	1	886578	0.0000011
all	4140	2	886578	0.0000023
all	4143	3	886578	0.0000034
all	4144	2	886578	0.0000023
all	4147	1	886578	0.0000011
all	4149	1	886578	0.0000011
all	4153	1	886578	0.0000011
all	4154	2	886578	0.0000023
all	4158	1	886578	0.0000011
all	4159	1	886578	0.0000011
all	4160	1	886578	0.0000011
all	4161	1	886578	0.0000011
all	4163	1	886578	0.0000011
all	4167	2	886578	0.0000023
all	4169	3	886578	0.0000034
all	4171	1	886578	0.0000011
all	4174	1	886578	0.0000011
all	4175	2	886578	0.0000023
all	4177	2	886578	0.0000023
all	4179	2	886578	0.0000023
all	4180	1	886578	0.0000011
all	4181	2	886578	0.0000023
all	4182	1	886578	0.0000011
all	4183	1	886578	0.0000011
all	4186	2	886578	0.0000023
all	4188	1	886578	0.0000011
all	4190	1	886578	0.0000011
all	4192	1	886578	0.0000011
all	4195	2	886578	0.0000023
all	4197	1	886578	0.0000011
all	4198	1	886578	0.0000011
all	4199	1	886578	0.0000011
all	4200	1	886578	0.0000011
all	4203	1	886578	0.0000011
all	4204	1	886578	0.0000011
all	4206	1	886578	0.0000011
all	4208	3	886578	0.0000034
all	4211	1	886578	0.0000011
all	4212	1	886578	0.0000011
all	4213	1	886578	0.0000011
all	4214	2	886578	0.0000023
all	4218	2	886578	0.0000023
all	4220	1	886578	0.0000011
all	4223	1	886578	0.0000011
all	4225	1	886578	0.0000011
all	4226	2	886578	0.0000023
all	4227	1	886578	0.0000011
all	4228	1	886578	0.0000011
all	4229	2	886578	0.0000023
all	4230	3	886578	0.0000034
all	4232	2	886578	0.0000023
all	4233	3	886578	0.0000034
all	4234	1	886578	0.0000011
all	4235	1	886578	0.0000011
all	4236	2	886578	0.0000023
all	4237	2	886578	0.0000023
all	4238	1	886578	0.0000011
all	4239	1	886578	0.0000011
all	4240	2	886578	0.0000023
all	4241	1	886578	0.0000011
all	4242	1	886578	0.0000011
all	4243	4	886578	0.0000045
all	4245	1	886578	0.0000011
all	4248	1	886578	0.0000011
all	4249	1	886578	0.0000011
all	4251	1	886578	0.0000011
all	4252	1	886578	0.0000011
all	4253	1	886578	0.0000011
all	4255	1	886578	0.0000011
all	4257	1	886578	0.0000011
all	4258	2	886578	0.0000023
all	4259	2	886578	0.0000023
all	4260	1	886578	0.0000011
all	4262	3	886578	0.0000034
all	4263	2	886578	0.0000023
all	4265	1	886578	0.0000011
all	4266	2	886578	0.0000023
all	4268	1	886578	0.0000011
all	4270	2	886578	0.0000023
all	4273	1	886578	0.0000011
all	4274	1	886578	0.0000011
all	4278	1	886578	0.0000011
all	4282	1	886578	0.0000011
all	4285	1	886578	0.0000011
all	4286	3	886578	0.0000034
all	4287	1	886578	0.0000011
all	4292	1	886578	0.0000011
all	4297	1	886578	0.0000011
all	4298	1	886578	0.0000011
all	4301	1	886578	0.0000011
all	4307	1	886578	0.0000011
all	4308	2	886578	0.0000023
all	4311	1	886578	0.0000011
all	4316	1	886578	0.0000011
all	4320	1	886578	0.0000011
all	4321	1	886578	0.0000011
all	4324	1	886578	0.0000011
all	4328	1	886578	0.0000011
all	4332	1	886578	0.0000011
all	4334	2	886578	0.0000023
all	4336	1	886578	0.0000011
all	4337	2	886578	0.0000023
all	4339	2	886578	0.0000023
all	4340	1	886578	0.0000011
all	4342	1	886578	0.0000011
all	4343	1	886578	0.0000011
all	4348	2	886578	0.0000023
all	4350	1	886578	0.0000011
all	4351	3	886578	0.0000034
all	4353	1	886578	0.0000011
all	4355	1	886578	0.0000011
all	4361	1	886578	0.0000011
all	4380	1	886578	0.0000011
all	4385	1	886578	0.0000011
all	4386	1	886578	0.0000011
all	4388	2	886578	0.0000023
all	4390	1	886578	0.0000011
all	4395	1	886578	0.0000011
all	4409	1	886578	0.0000011
all	4413	1	886578	0.0000011
all	4420	2	886578	0.0000023
all	4428	1	886578	0.0000011
all	4436	1	886578	0.0000011
all	4439	2	886578	0.0000023
all	4451	1	886578	0.0000011
all	4452	2	886578	0.0000023
all	4459	1	886578	0.0000011
all	4464	1	886578	0.0000011
all	4466	1	886578	0.0000011
all	4476	1	886578	0.0000011
all	4477	1	886578	0.0000011
all	4488	1	886578	0.0000011
all	4495	2	886578	0.0000023
all	4505	2	886578	0.0000023
all	4507	1	886578	0.0000011
all	4508	1	886578	0.0000011
all	4522	1	886578	0.0000011
all	4524	1	886578	0.0000011
all	4525	1	886578	0.0000011
all	4537	2	886578	0.0000023
all	4541	1	886578	0.0000011
all	4547	1	886578	0.0000011
all	4549	1	886578	0.0000011
all	4559	2	886578	0.0000023
all	4569	1	886578	0.0000011
all	4574	1	886578	0.0000011
all	4579	1	886578	0.0000011
all	4583	1	886578	0.0000011
all	4586	2	886578	0.0000023
all	4590	1	886578	0.0000011
all	4600	1	886578	0.0000011
all	4612	1	886578	0.0000011
all	4613	1	886578	0.0000011
all	4615	1	886578	0.0000011
all	4625	1	886578	0.0000011
all	4631	1	886578	0.0000011
all	4639	2	886578	0.0000023
all	4640	1	886578	0.0000011
all	4652	1	886578	0.0000011
all	4654	1	886578	0.0000011
all	4670	1	886578	0.0000011
all	4675	1	886578	0.0000011
all	4676	1	886578	0.0000011
all	4678	1	886578	0.0000011
all	4680	1	886578	0.0000011
all	4686	1	886578	0.0000011
all	4699	1	886578	0.0000011
all	4702	1	886578	0.0000011
all	4709	1	886578	0.0000011
all	4714	1	886578	0.0000011
all	4719	1	886578	0.0000011
all	4720	1	886578	0.0000011
all	4722	1	886578	0.0000011
all	4723	1	886578	0.0000011
all	4726	1	886578	0.0000011
all	4733	1	886578	0.0000011
all	4735	1	886578	0.0000011
all	4753	1	886578	0.0000011
all	4756	2	886578	0.0000023
all	4757	1	886578	0.0000011
all	4761	1	886578	0.0000011
all	4763	1	886578	0.0000011
all	4776	1	886578	0.0000011
all	4780	2	886578	0.0000023
all	4782	1	886578	0.0000011
all	4787	1	886578	0.0000011
all	4790	1	886578	0.0000011
all	4803	1	886578	0.0000011
all	4804	2	886578	0.0000023
all	4809	1	886578	0.0000011
all	4810	2	886578	0.0000023
all	4811	1	886578	0.0000011
all	4816	1	886578	0.0000011
all	4817	1	886578	0.0000011
all	4818	1	886578	0.0000011
all	4820	1	886578	0.0000011
all	4834	1	886578	0.0000011
all	4838	2	886578	0.0000023
all	4843	1	886578	0.0000011
all	4845	2	886578	0.0000023
all	4850	1	886578	0.0000011
all	4852	2	886578	0.0000023
all	4853	1	886578	0.0000011
all	4856	1	886578	0.0000011
all	4858	1	886578	0.0000011
all	4869	1	886578	0.0000011
all	4874	2	886578	0.0000023
all	4875	1	886578	0.0000011
all	4877	1	886578	0.0000011
all	4879	1	886578	0.0000011
all	4880	2	886578	0.0000023
all	4885	1	886578	0.0000011
all	4886	1	886578	0.0000011
all	4889	1	886578	0.0000011
all	4891	1	886578	0.0000011
all	4892	1	886578	0.0000011
all	4896	2	886578	0.0000023
all	4897	1	886578	0.0000011
all	4898	1	886578	0.0000011
all	4903	1	886578	0.0000011
all	4905	2	886578	0.0000023
all	4908	2	886578	0.0000023
all	4917	1	886578	0.0000011
all	4918	1	886578	0.0000011
all	4920	1	886578	0.0000011
all	4922	3	886578	0.0000034
all	4923	1	886578	0.0000011
all	4924	2	886578	0.0000023
all	4926	1	886578	0.0000011
all	4928	3	886578	0.0000034
all	4929	1	886578	0.0000011
all	4930	1	886578	0.0000011
all	4931	1	886578	0.0000011
all	4932	1	886578	0.0000011
all	4934	2	886578	0.0000023
all	4935	1	886578	0.0000011
all	4937	2	886578	0.0000023
all	4943	1	886578	0.0000011
all	4944	1	886578	0.0000011
all	4948	1	886578	0.0000011
all	4951	1	886578	0.0000011
all	4952	2	886578	0.0000023
all	4953	2	886578	0.0000023
all	4957	1	886578	0.0000011
all	4958	1	886578	0.0000011
all	4960	2	886578	0.0000023
all	4961	1	886578	0.0000011
all	4962	1	886578	0.0000011
all	4964	1	886578	0.0000011
all	4966	2	886578	0.0000023
all	4967	1	886578	0.0000011
all	4968	1	886578	0.0000011
all	4969	1	886578	0.0000011
all	4977	1	886578	0.0000011
all	4981	1	886578	0.0000011
all	4986	1	886578	0.0000011
all	4992	1	886578	0.0000011
all	4994	1	886578	0.0000011
all	5023	2	886578	0.0000023
all	5024	1	886578	0.0000011
all	5026	1	886578	0.0000011
all	5046	1	886578	0.0000011
all	5048	1	886578	0.0000011
all	5054	1	886578	0.0000011
all	5058	1	886578	0.0000011
all	5061	1	886578	0.0000011
all	5069	2	886578	0.0000023
all	5076	1	886578	0.0000011
all	5077	2	886578	0.0000023
all	5091	1	886578	0.0000011
all	5099	1	886578	0.0000011
all	5107	2	886578	0.0000023
all	5118	1	886578	0.0000011
all	5121	1	886578	0.0000011
all	5125	2	886578	0.0000023
all	5147	1	886578	0.0000011
all	5149	1	886578	0.0000011
all	5155	1	886578	0.0000011
all	5161	1	886578	0.0000011
all	5164	2	886578	0.0000023
all	5167	1	886578	0.0000011
all	5169	1	886578	0.0000011
all	5171	1	886578	0.0000011
all	5175	1	886578	0.0000011
all	5178	1	886578	0.0000011
all	5184	1	886578	0.0000011
all	5185	1	886578	0.0000011
all	5189	1	886578	0.0000011
all	5190	1	886578	0.0000011
all	5203	1	886578	0.0000011
all	5206	2	886578	0.0000023
all	5216	1	886578	0.0000011
all	5218	1	886578	0.0000011
all	5223	1	886578	0.0000011
all	5226	1	886578	0.0000011
all	5229	1	886578	0.0000011
all	5231	1	886578	0.0000011
all	5239	1	886578	0.0000011
all	5240	1	886578	0.0000011
all	5246	1	886578	0.0000011
all	5248	2	886578	0.0000023
all	5252	2	886578	0.0000023
all	5253	1	886578	0.0000011
all	5254	2	886578	0.0000023
all	5255	2	886578	0.0000023
all	5256	2	886578	0.0000023
all	5257	1	886578	0.0000011
all	5258	1	886578	0.0000011
all	5259	3	886578	0.0000034
all	5261	1	886578	0.0000011
all	5264	1	886578	0.0000011
all	5266	1	886578	0.0000011
all	5267	1	886578	0.0000011
all	5268	1	886578	0.0000011
all	5272	1	886578	0.0000011
all	5280	1	886578	0.0000011
all	5282	1	886578	0.0000011
all	5287	1	886578	0.0000011
all	5294	1	886578	0.0000011
all	5317	1	886578	0.0000011
all	5324	1	886578	0.0000011
all	5328	1	886578	0.0000011
all	5332	1	886578	0.0000011
all	5334	1	886578	0.0000011
all	5336	1	886578	0.0000011
all	5337	1	886578	0.0000011
all	5347	1	886578	0.0000011
all	5348	1	886578	0.0000011
all	5353	2	886578	0.0000023
all	5358	1	886578	0.0000011
all	5367	2	886578	0.0000023
all	5368	1	886578	0.0000011
all	5369	2	886578	0.0000023
all	5372	1	886578	0.0000011
all	5381	1	886578	0.0000011
all	5382	1	886578	0.0000011
all	5394	1	886578	0.0000011
all	5400	1	886578	0.0000011
all	5404	1	886578	0.0000011
all	5408	1	886578	0.0000011
all	5409	1	886578	0.0000011
all	5425	1	886578	0.0000011
all	5430	1	886578	0.0000011
all	5444	1	886578	0.0000011
all	5448	1	886578	0.0000011
all	5453	1	886578	0.0000011
all	5456	3	886578	0.0000034
all	5468	1	886578	0.0000011
all	5473	1	886578	0.0000011
all	5480	1	886578	0.0000011
all	5488	1	886578	0.0000011
all	5496	1	886578	0.0000011
all	5509	1	886578	0.0000011
all	5512	3	886578	0.0000034
all	5513	1	886578	0.0000011
all	5520	1	886578	0.0000011
all	5529	2	886578	0.0000023
all	5531	1	886578	0.0000011
all	5533	1	886578	0.0000011
all	5543	1	886578	0.0000011
all	5545	1	886578	0.0000011
all	5549	1	886578	0.0000011
all	5551	1	886578	0.0000011
all	5558	1	886578	0.0000011
all	5564	1	886578	0.0000011
all	5570	1	886578	0.0000011
all	5575	2	886578	0.0000023
all	5576	1	886578	0.0000011
all	5579	1	886578	0.0000011
all	5593	1	886578	0.0000011
all	5595	1	886578	0.0000011
all	5600	1	886578	0.0000011
all	5604	1	886578	0.0000011
all	5605	1	886578	0.0000011
all	5607	1	886578	0.0000011
all	5613	1	886578	0.0000011
all	5621	1	886578	0.0000011
all	5643	1	886578	0.0000011
all	5650	1	886578	0.0000011
all	5668	1	886578	0.0000011
all	5672	1	886578	0.0000011
all	5681	1	886578	0.0000011
all	5695	1	886578	0.0000011
all	5697	1	886578	0.0000011
all	5698	1	886578	0.0000011
all	5722	1	886578	0.0000011
all	5731	1	886578	0.0000011
all	5745	1	886578	0.0000011
all	5757	1	886578	0.0000011
all	5773	1	886578	0.0000011
all	5781	1	886578	0.0000011
all	5787	1	886578	0.0000011
all	5796	1	886578	0.0000011
all	5803	1	886578	0.0000011
all	5824	1	886578	0.0000011
all	5825	1	886578	0.0000011
all	5828	1	886578	0.0000011
all	5830	1	886578	0.0000011
all	5831	1	886578	0.0000011
all	5843	1	886578	0.0000011
all	5856	1	886578	0.0000011
all	5857	1	886578	0.0000011
all	5859	1	886578	0.0000011
all	5884	1	886578	0.0000011
all	5898	1	886578	0.0000011
all	5908	1	886578	0.0000011
all	5910	1	886578	0.0000011
all	5917	2	886578	0.0000023
all	5918	1	886578	0.0000011
all	5925	1	886578	0.0000011
all	5948	1	886578	0.0000011
all	5956	1	886578	0.0000011
all	5961	1	886578	0.0000011
all	5982	1	886578	0.0000011
all	5986	1	886578	0.0000011
all	5988	1	886578	0.0000011
all	5990	1	886578	0.0000011
all	5994	1	886578	0.0000011
all	6003	1	886578	0.0000011
all	6007	1	886578	0.0000011
all	6013	1	886578	0.0000011
all	6028	1	886578	0.0000011
all	6035	1	886578	0.0000011
all	6054	1	886578	0.0000011
all	6063	1	886578	0.0000011
all	6078	1	886578	0.0000011
all	6079	1	886578	0.0000011
all	6080	1	886578	0.0000011
all	6096	1	886578	0.0000011
all	6100	1	886578	0.0000011
all	6108	1	886578	0.0000011
all	6115	2	886578	0.0000023
all	6130	1	886578	0.0000011
all	6131	1	886578	0.0000011
all	6147	1	886578	0.0000011
all	6148	1	886578	0.0000011
all	6149	2	886578	0.0000023
all	6152	1	886578	0.0000011
all	6156	1	886578	0.0000011
all	6161	1	886578	0.0000011
all	6173	1	886578	0.0000011
all	6186	1	886578	0.0000011
all	6194	1	886578	0.0000011
all	6198	1	886578	0.0000011
all	6201	1	886578	0.0000011
all	6205	2	886578	0.0000023
all	6216	2	886578	0.0000023
all	6220	1	886578	0.0000011
all	6227	1	886578	0.0000011
all	6231	1	886578	0.0000011
all	6242	1	886578	0.0000011
all	6247	1	886578	0.0000011
all	6251	1	886578	0.0000011
all	6260	1	886578	0.0000011
all	6265	1	886578	0.0000011
all	6272	2	886578	0.0000023
all	6277	1	886578	0.0000011
all	6281	1	886578	0.0000011
all	6287	1	886578	0.0000011
all	6290	1	886578	0.0000011
all	6291	1	886578	0.0000011
all	6292	1	886578	0.0000011
all	6299	1	886578	0.0000011
all	6302	1	886578	0.0000011
all	6303	1	886578	0.0000011
all	6304	1	886578	0.0000011
all	6310	1	886578	0.0000011
all	6317	1	886578	0.0000011
all	6318	1	886578	0.0000011
all	6321	1	886578	0.0000011
all	6322	1	886578	0.0000011
all	6325	1	886578	0.0000011
all	6326	1	886578	0.0000011
all	6327	1	886578	0.0000011
all	6328	1	886578	0.0000011
all	6330	1	886578	0.0000011
all	6334	1	886578	0.0000011
all	6335	1	886578	0.0000011
all	6336	1	886578	0.0000011
all	6339	1	886578	0.0000011
all	6347	1	886578	0.0000011
all	6351	1	886578	0.0000011
all	6353	2	886578	0.0000023
all	6354	2	886578	0.0000023
all	6359	2	886578	0.0000023
all	6361	1	886578	0.0000011
all	6362	1	886578	0.0000011
all	6365	3	886578	0.0000034
all	6367	2	886578	0.0000023
all	6370	1	886578	0.0000011
all	6373	1	886578	0.0000011
all	6375	1	886578	0.0000011
all	6377	1	886578	0.0000011
all	6380	1	886578	0.0000011
all	6382	2	886578	0.0000023
all	6383	1	886578	0.0000011
all	6385	1	886578	0.0000011
all	6386	1	886578	0.0000011
all	6387	1	886578	0.0000011
all	6389	1	886578	0.0000011
all	6390	1	886578	0.0000011
all	6400	1	886578	0.0000011
all	6402	1	886578	0.0000011
all	6404	1	886578	0.0000011
all	6410	1	886578	0.0000011
all	6411	1	886578	0.0000011
all	6413	1	886578	0.0000011
all	6414	1	886578	0.0000011
all	6418	1	886578	0.0000011
all	6419	1	886578	0.0000011
all	6422	1	886578	0.0000011
all	6430	1	886578	0.0000011
all	6432	1	886578	0.0000011
all	6438	1	886578	0.0000011
all	6440	1	886578	0.0000011
all	6467	1	886578	0.0000011
all	6468	1	886578	0.0000011
all	6503	1	886578	0.0000011
all	6544	1	886578	0.0000011
all	6546	1	886578	0.0000011
all	6572	1	886578	0.0000011
all	6603	1	886578	0.0000011
all	6618	1	886578	0.0000011
all	6636	1	886578	0.0000011
all	6647	1	886578	0.0000011
all	6675	1	886578	0.0000011
all	6690	1	886578	0.0000011
all	6692	1	886578	0.0000011
all	6721	1	886578	0.0000011
all	6764	1	886578	0.0000011
all	6773	1	886578	0.0000011
all	6830	1	886578	0.0000011
all	6863	1	886578	0.0000011
all	6900	1	886578	0.0000011
all	6905	1	886578	0.0000011
all	6926	1	886578	0.0000011
all	6970	1	886578	0.0000011
all	6973	1	886578	0.0000011
all	6978	1	886578	0.0000011
all	7037	1	886578	0.0000011
all	7072	1	886578	0.0000011
all	7074	1	886578	0.0000011
all	7099	1	886578	0.0000011
all	7108	1	886578	0.0000011
all	7139	1	886578	0.0000011
all	7158	1	886578	0.0000011
all	7163	1	886578	0.0000011
all	7172	1	886578	0.0000011
all	7196	1	886578	0.0000011
all	7222	1	886578	0.0000011
all	7233	1	886578	0.0000011
all	7240	1	886578	0.0000011
all	7248	1	886578	0.0000011
all	7303	1	886578	0.0000011
all	7320	1	886578	0.0000011
all	7347	1	886578	0.0000011
all	7355	1	886578	0.0000011
all	7369	1	886578	0.0000011
all	7437	1	886578	0.0000011
all	7460	1	886578	0.0000011
all	7475	1	886578	0.0000011
all	7477	1	886578	0.0000011
all	7485	1	886578	0.0000011
all	7527	1	886578	0.0000011
all	7534	1	886578	0.0000011
all	7537	1	886578	0.0000011
all	7542	1	886578	0.0000011
all	7588	1	886578	0.0000011
all	7592	1	886578	0.0000011
all	7594	1	886578	0.0000011
all	7620	1	886578	0.0000011
all	7622	1	886578	0.0000011
all	7638	1	886578	0.0000011
all	7654	1	886578	0.0000011
all	7670	1	886578	0.0000011
all	7681	1	886578	0.0000011
all	7687	1	886578	0.0000011
all	7689	1	886578	0.0000011
all	7741	2	886578	0.0000023
all	7762	1	886578	0.0000011
all	7771	1	886578	0.0000011
all	7779	1	886578	0.0000011
all	7781	1	886578	0.0000011
all	7805	1	886578	0.0000011
all	7822	1	886578	0.0000011
all	7825	1	886578	0.0000011
all	7827	1	886578	0.0000011
all	7839	1	886578	0.0000011
all	7857	1	886578	0.0000011
all	7865	1	886578	0.0000011
all	7869	1	886578	0.0000011
all	7875	1	886578	0.0000011
all	7893	1	886578	0.0000011
all	7902	1	886578	0.0000011
all	7911	1	886578	0.0000011
all	7942	1	886578	0.0000011
all	7943	1	886578	0.0000011
all	7948	1	886578	0.0000011
all	7975	1	886578	0.0000011
all	7991	1	886578	0.0000011
all	8036	1	886578	0.0000011
all	8039	1	886578	0.0000011
all	8068	1	886578	0.0000011
all	8080	1	886578	0.0000011
all	8083	1	886578	0.0000011
all	8095	1	886578	0.0000011
all	8099	1	886578	0.0000011
all	8111	1	886578	0.0000011
all	8161	1	886578	0.0000011
all	8166	1	886578	0.0000011
all	8185	1	886578	0.0000011
all	8186	1	886578	0.0000011
all	8202	1	886578	0.0000011
all	8213	1	886578	0.0000011
all	8233	1	886578	0.0000011
all	8235	1	886578	0.0000011
all	8253	1	886578	0.0000011
all	8260	1	886578	0.0000011
all	8283	1	886578	0.0000011
all	8298	1	886578	0.0000011
all	8299	1	886578	0.0000011
all	8311	1	886578	0.0000011
all	8314	1	886578	0.0000011
all	8333	1	886578	0.0000011
all	8336	1	886578	0.0000011
all	8352	1	886578	0.0000011
all	8355	1	886578	0.0000011
all	8367	1	886578	0.0000011
all	8368	1	886578	0.0000011
all	8401	1	886578	0.0000011
all	8423	1	886578	0.0000011
all	8425	1	886578	0.0000011
all	8438	1	886578	0.0000011
all	8440	1	886578	0.0000011
all	8444	1	886578	0.0000011
all	8448	2	886578	0.0000023
all	8451	1	886578	0.0000011
all	8471	1	886578	0.0000011
all	8492	1	886578	0.0000011
all	8504	1	886578	0.0000011
all	8509	1	886578	0.0000011
all	8511	1	886578	0.0000011
all	8514	1	886578	0.0000011
all	8518	1	886578	0.0000011
all	8530	1	886578	0.0000011
all	8555	1	886578	0.0000011
all	8563	1	886578	0.0000011
all	8564	1	886578	0.0000011
all	8567	1	886578	0.0000011
all	8568	1	886578	0.0000011
all	8585	1	886578	0.0000011
all	8590	1	886578	0.0000011
all	8596	1	886578	0.0000011
all	8614	1	886578	0.0000011
all	8622	1	886578	0.0000011
all	8630	1	886578	0.0000011
all	8633	1	886578	0.0000011
all	8653	1	886578	0.0000011
all	8669	1	886578	0.0000011
all	8680	1	886578	0.0000011
all	8689	1	886578	0.0000011
all	8690	1	886578	0.0000011
all	8694	1	886578	0.0000011
all	8695	1	886578	0.0000011
all	8699	1	886578	0.0000011
all	8702	1	886578	0.0000011
all	8703	1	886578	0.0000011
all	8720	1	886578	0.0000011
all	8722	1	886578	0.0000011
all	8726	1	886578	0.0000011
all	8727	1	886578	0.0000011
all	8730	1	886578	0.0000011
all	8738	1	886578	0.0000011
all	8741	1	886578	0.0000011
all	8742	1	886578	0.0000011
all	8750	1	886578	0.0000011
all	8762	1	886578	0.0000011
all	8763	1	886578	0.0000011
all	8764	1	886578	0.0000011
all	8767	1	886578	0.0000011
all	8779	1	886578	0.0000011
all	8787	1	886578	0.0000011
all	8791	2	886578	0.0000023
all	8792	2	886578	0.0000023
all	8795	1	886578	0.0000011
all	8798	1	886578	0.0000011
all	8802	1	886578	0.0000011
all	8810	2	886578	0.0000023
all	8812	1	886578	0.0000011
all	8813	1	886578	0.0000011
all	8815	3	886578	0.0000034
all	8819	1	886578	0.0000011
all	8833	1	886578	0.0000011
all	8863	1	886578	0.0000011
all	8864	1	886578	0.0000011
all	8876	1	886578	0.0000011
all	8892	1	886578	0.0000011
all	8894	1	886578	0.0000011
all	8900	1	886578	0.0000011
all	8904	1	886578	0.0000011
all	8910	1	886578	0.0000011
all	8935	1	886578	0.0000011
all	8947	1	886578	0.0000011
all	8951	1	886578	0.0000011
all	8973	1	886578	0.0000011
all	9000	1	886578	0.0000011
all	9012	1	886578	0.0000011
all	9036	1	886578	0.0000011
all	9037	1	886578	0.0000011
all	9043	1	886578	0.0000011
all	9047	1	886578	0.0000011
all	9061	1	886578	0.0000011
all	9062	1	886578	0.0000011
all	9063	2	886578	0.0000023
all	9066	1	886578	0.0000011
all	9069	1	886578	0.0000011
all	9072	1	886578	0.0000011
all	9077	1	886578	0.0000011
all	9080	1	886578	0.0000011
all	9086	1	886578	0.0000011
all	9087	1	886578	0.0000011
all	9093	1	886578	0.0000011
all	9096	1	886578	0.0000011
all	9097	1	886578	0.0000011
all	9101	2	886578	0.0000023
all	9109	2	886578	0.0000023
all	9121	2	886578	0.0000023
all	9200	1	886578	0.0000011
all	9205	1	886578	0.0000011
all	9281	1	886578	0.0000011
all	9362	1	886578	0.0000011
all	9378	1	886578	0.0000011
all	9410	1	886578	0.0000011
all	9437	1	886578	0.0000011
all	9438	1	886578	0.0000011
all	9512	1	886578	0.0000011
all	9525	1	886578	0.0000011
all	9541	1	886578	0.0000011
all	9586	1	886578	0.0000011
all	9654	1	886578	0.0000011
all	9679	1	886578	0.0000011
all	9699	1	886578	0.0000011
all	9732	1	886578	0.0000011
all	9738	1	886578	0.0000011
all	9767	1	886578	0.0000011
all	9792	1	886578	0.0000011
all	9800	1	886578	0.0000011
all	9828	1	886578	0.0000011
all	9848	1	886578	0.0000011
all	9868	1	886578	0.0000011
all	9873	1	886578	0.0000011
all	9877	1	886578	0.0000011
all	9911	1	886578	0.0000011
all	9921	1	886578	0.0000011
all	9945	1	886578	0.0000011
all	9946	1	886578	0.0000011
all	9996	1	886578	0.0000011
all	10045	1	886578	0.0000011
all	10064	1	886578	0.0000011
all	10083	1	886578	0.0000011
all	10140	1	886578	0.0000011
all	10171	1	886578	0.0000011
all	10179	1	886578	0.0000011
all	10201	1	886578	0.0000011
all	10204	1	886578	0.0000011
all	10215	1	886578	0.0000011
all	10238	1	886578	0.0000011
all	10290	1	886578	0.0000011
all	10305	1	886578	0.0000011
all	10309	1	886578	0.0000011
all	10341	1	886578	0.0000011
all	10359	1	886578	0.0000011
all	10394	1	886578	0.0000011
all	10446	1	886578	0.0000011
all	10447	1	886578	0.0000011
all	10459	1	886578	0.0000011
all	10523	1	886578	0.0000011
all	10546	1	886578	0.0000011
all	10551	1	886578	0.0000011
all	10579	1	886578	0.0000011
all	10586	1	886578	0.0000011
all	10669	1	886578	0.0000011
all	10724	1	886578	0.0000011
all	10733	1	886578	0.0000011
all	10764	1	886578	0.0000011
all	10773	1	886578	0.0000011
all	10787	1	886578	0.0000011
all	10827	1	886578	0.0000011
all	10849	1	886578	0.0000011
all	10865	1	886578	0.0000011
all	10917	1	886578	0.0000011
all	10941	1	886578	0.0000011
all	10959	1	886578	0.0000011
all	10980	1	886578	0.0000011
all	11006	1	886578	0.0000011
all	11014	1	886578	0.0000011
all	11027	1	886578	0.0000011
all	11043	1	886578	0.0000011
all	11057	1	886578	0.0000011
all	11062	1	886578	0.0000011
all	11078	1	886578	0.0000011
all	11086	1	886578	0.0000011
all	11103	1	886578	0.0000011
all	11113	1	886578	0.0000011
all	11127	1	886578	0.0000011
all	11151	1	886578	0.0000011
all	11167	1	886578	0.0000011
all	11185	1	886578	0.0000011
all	11193	1	886578	0.0000011
all	11209	1	886578	0.0000011
all	11272	1	886578	0.0000011
all	11283	1	886578	0.0000011
all	11308	1	886578	0.0000011
all	11336	1	886578	0.0000011
all	11351	1	886578	0.0000011
all	11391	1	886578	0.0000011
all	11448	1	886578	0.0000011
all	11464	1	886578	0.0000011
all	11500	1	886578	0.0000011
all	11514	1	886578	0.0000011
all	11543	1	886578	0.0000011
all	11571	1	886578	0.0000011
all	11581	1	886578	0.0000011
all	11603	1	886578	0.0000011
all	11669	1	886578	0.0000011
all	11672	1	886578	0.0000011
all	11707	1	886578	0.0000011
all	11751	1	886578	0.0000011
all	11782	1	886578	0.0000011
all	11797	1	886578	0.0000011
all	11835	1	886578	0.0000011
all	11837	1	886578	0.0000011
all	11889	1	886578	0.0000011
all	11913	1	886578	0.0000011
all	11929	1	886578	0.0000011
all	11954	1	886578	0.0000011
all	11989	1	886578	0.0000011
all	11991	1	886578	0.0000011
all	12035	1	886578	0.0000011
all	12036	1	886578	0.0000011
all	12059	1	886578	0.0000011
all	12089	1	886578	0.0000011
all	12100	1	886578	0.0000011
all	12109	1	886578	0.0000011
all	12135	1	886578	0.0000011
all	12161	1	886578	0.0000011
all	12173	1	886578	0.0000011
all	12196	1	886578	0.0000011
all	12206	1	886578	0.0000011
all	12220	1	886578	0.0000011
all	12231	1	886578	0.0000011
all	12237	1	886578	0.0000011
all	12248	1	886578	0.0000011
all	12252	1	886578	0.0000011
all	12265	1	886578	0.0000011
all	12266	1	886578	0.0000011
all	12282	1	886578	0.0000011
all	12304	1	886578	0.0000011
all	12308	1	886578	0.0000011
all	12311	1	886578	0.0000011
all	12315	1	886578	0.0000011
