all	0	197294	886578	0.2225343
all	1	5774	886578	0.0065127
all	2	136358	886578	0.1538026
all	3	9291	886578	0.0104796
all	4	107433	886578	0.1211772
all	5	10355	886578	0.0116797
all	6	81561	886578	0.0919953
all	7	10235	886578	0.0115444
all	8	60405	886578	0.0681328
all	9	8086	886578	0.0091205
all	10	44281	886578	0.0499460
all	11	7566	886578	0.0085339
all	12	32326	886578	0.0364615
all	13	6547	886578	0.0073846
all	14	24225	886578	0.0273242
all	15	5509	886578	0.0062138
all	16	16984	886578	0.0191568
all	17	5633	886578	0.0063536
all	18	13129	886578	0.0148086
all	19	3895	886578	0.0043933
all	20	9910	886578	0.0111778
all	21	3048	886578	0.0034379
all	22	7696	886578	0.0086806
all	23	2790	886578	0.0031469
all	24	5974	886578	0.0067383
all	25	2805	886578	0.0031639
all	26	5138	886578	0.0057953
all	27	2234	886578	0.0025198
all	28	3629	886578	0.0040933
all	29	2126	886578	0.0023980
all	30	3330	886578	0.0037560
all	31	1592	886578	0.0017957
all	32	2128	886578	0.0024002
all	33	1273	886578	0.0014359
all	34	1690	886578	0.0019062
all	35	819	886578	0.0009238
all	36	1724	886578	0.0019446
all	37	790	886578	0.0008911
all	38	1202	886578	0.0013558
all	39	708	886578	0.0007986
all	40	1138	886578	0.0012836
all	41	543	886578	0.0006125
all	42	965	886578	0.0010885
all	43	583	886578	0.0006576
all	44	780	886578	0.0008798
all	45	607	886578	0.0006847
all	46	613	886578	0.0006914
all	47	413	886578	0.0004658
all	48	747	886578	0.0008426
all	49	350	886578	0.0003948
all	50	493	886578	0.0005561
all	51	368	886578	0.0004151
all	52	373	886578	0.0004207
all	53	342	886578	0.0003858
all	54	332	886578	0.0003745
all	55	320	886578	0.0003609
all	56	369	886578	0.0004162
all	57	258	886578	0.0002910
all	58	260	886578	0.0002933
all	59	285	886578	0.0003215
all	60	352	886578	0.0003970
all	61	340	886578	0.0003835
all	62	366	886578	0.0004128
all	63	273	886578	0.0003079
all	64	303	886578	0.0003418
all	65	249	886578	0.0002809
all	66	270	886578	0.0003045
all	67	243	886578	0.0002741
all	68	249	886578	0.0002809
all	69	178	886578	0.0002008
all	70	221	886578	0.0002493
all	71	263	886578	0.0002966
all	72	230	886578	0.0002594
all	73	207	886578	0.0002335
all	74	236	886578	0.0002662
all	75	254	886578	0.0002865
all	76	235	886578	0.0002651
all	77	200	886578	0.0002256
all	78	267	886578	0.0003012
all	79	251	886578	0.0002831
all	80	186	886578	0.0002098
all	81	190	886578	0.0002143
all	82	156	886578	0.0001760
all	83	218	886578	0.0002459
all	84	140	886578	0.0001579
all	85	119	886578	0.0001342
all	86	170	886578	0.0001917
all	87	129	886578	0.0001455
all	88	165	886578	0.0001861
all	89	77	886578	0.0000869
all	90	143	886578	0.0001613
all	91	108	886578	0.0001218
all	92	150	886578	0.0001692
all	93	163	886578	0.0001839
all	94	184	886578	0.0002075
all	95	119	886578	0.0001342
all	96	115	886578	0.0001297
all	97	89	886578	0.0001004
all	98	151	886578	0.0001703
all	99	81	886578	0.0000914
all	100	129	886578	0.0001455
all	101	94	886578	0.0001060
all	102	147	886578	0.0001658
all	103	98	886578	0.0001105
all	104	87	886578	0.0000981
all	105	118	886578	0.0001331
all	106	81	886578	0.0000914
all	107	78	886578	0.0000880
all	108	114	886578	0.0001286
all	109	124	886578	0.0001399
all	110	125	886578	0.0001410
all	111	84	886578	0.0000947
all	112	62	886578	0.0000699
all	113	92	886578	0.0001038
all	114	97	886578	0.0001094
all	115	92	886578	0.0001038
all	116	97	886578	0.0001094
all	117	71	886578	0.0000801
all	118	66	886578	0.0000744
all	119	81	886578	0.0000914
all	120	115	886578	0.0001297
all	121	52	886578	0.0000587
all	122	89	886578	0.0001004
all	123	69	886578	0.0000778
all	124	80	886578	0.0000902
all	125	48	886578	0.0000541
all	126	80	886578	0.0000902
all	127	46	886578	0.0000519
all	128	80	886578	0.0000902
all	129	80	886578	0.0000902
all	130	66	886578	0.0000744
all	131	93	886578	0.0001049
all	132	31	886578	0.0000350
all	133	60	886578	0.0000677
all	134	57	886578	0.0000643
all	135	53	886578	0.0000598
all	136	36	886578	0.0000406
all	137	42	886578	0.0000474
all	138	39	886578	0.0000440
all	139	38	886578	0.0000429
all	140	26	886578	0.0000293
all	141	53	886578	0.0000598
all	142	31	886578	0.0000350
all	143	49	886578	0.0000553
all	144	38	886578	0.0000429
all	145	61	886578	0.0000688
all	146	23	886578	0.0000259
all	147	43	886578	0.0000485
all	148	32	886578	0.0000361
all	149	45	886578	0.0000508
all	150	24	886578	0.0000271
all	151	39	886578	0.0000440
all	152	56	886578	0.0000632
all	153	33	886578	0.0000372
all	154	27	886578	0.0000305
all	155	55	886578	0.0000620
all	156	29	886578	0.0000327
all	157	44	886578	0.0000496
all	158	26	886578	0.0000293
all	159	62	886578	0.0000699
all	160	64	886578	0.0000722
all	161	38	886578	0.0000429
all	162	38	886578	0.0000429
all	163	53	886578	0.0000598
all	164	34	886578	0.0000383
all	165	45	886578	0.0000508
all	166	28	886578	0.0000316
all	167	56	886578	0.0000632
all	168	34	886578	0.0000383
all	169	51	886578	0.0000575
all	170	47	886578	0.0000530
all	171	29	886578	0.0000327
all	172	40	886578	0.0000451
all	173	45	886578	0.0000508
all	174	51	886578	0.0000575
all	175	45	886578	0.0000508
all	176	30	886578	0.0000338
all	177	39	886578	0.0000440
all	178	31	886578	0.0000350
all	179	47	886578	0.0000530
all	180	22	886578	0.0000248
all	181	28	886578	0.0000316
all	182	49	886578	0.0000553
all	183	38	886578	0.0000429
all	184	25	886578	0.0000282
all	185	43	886578	0.0000485
all	186	37	886578	0.0000417
all	187	28	886578	0.0000316
all	188	49	886578	0.0000553
all	189	41	886578	0.0000462
all	190	49	886578	0.0000553
all	191	23	886578	0.0000259
all	192	34	886578	0.0000383
all	193	42	886578	0.0000474
all	194	32	886578	0.0000361
all	195	23	886578	0.0000259
all	196	20	886578	0.0000226
all	197	50	886578	0.0000564
all	198	15	886578	0.0000169
all	199	18	886578	0.0000203
all	200	35	886578	0.0000395
all	201	34	886578	0.0000383
all	202	32	886578	0.0000361
all	203	32	886578	0.0000361
all	204	25	886578	0.0000282
all	205	32	886578	0.0000361
all	206	36	886578	0.0000406
all	207	25	886578	0.0000282
all	208	25	886578	0.0000282
all	209	47	886578	0.0000530
all	210	24	886578	0.0000271
all	211	28	886578	0.0000316
all	212	23	886578	0.0000259
all	213	35	886578	0.0000395
all	214	14	886578	0.0000158
all	215	43	886578	0.0000485
all	216	29	886578	0.0000327
all	217	27	886578	0.0000305
all	218	29	886578	0.0000327
all	219	30	886578	0.0000338
all	220	28	886578	0.0000316
all	221	30	886578	0.0000338
all	222	28	886578	0.0000316
all	223	38	886578	0.0000429
all	224	46	886578	0.0000519
all	225	19	886578	0.0000214
all	226	67	886578	0.0000756
all	227	49	886578	0.0000553
all	228	38	886578	0.0000429
all	229	37	886578	0.0000417
all	230	41	886578	0.0000462
all	231	41	886578	0.0000462
all	232	27	886578	0.0000305
all	233	37	886578	0.0000417
all	234	37	886578	0.0000417
all	235	26	886578	0.0000293
all	236	26	886578	0.0000293
all	237	32	886578	0.0000361
all	238	28	886578	0.0000316
all	239	33	886578	0.0000372
all	240	27	886578	0.0000305
all	241	22	886578	0.0000248
all	242	42	886578	0.0000474
all	243	43	886578	0.0000485
all	244	33	886578	0.0000372
all	245	43	886578	0.0000485
all	246	33	886578	0.0000372
all	247	19	886578	0.0000214
all	248	55	886578	0.0000620
all	249	19	886578	0.0000214
all	250	24	886578	0.0000271
all	251	45	886578	0.0000508
all	252	13	886578	0.0000147
all	253	43	886578	0.0000485
all	254	21	886578	0.0000237
all	255	21	886578	0.0000237
all	256	22	886578	0.0000248
all	257	30	886578	0.0000338
all	258	30	886578	0.0000338
all	259	22	886578	0.0000248
all	260	34	886578	0.0000383
all	261	27	886578	0.0000305
all	262	28	886578	0.0000316
all	263	31	886578	0.0000350
all	264	21	886578	0.0000237
all	265	25	886578	0.0000282
all	266	28	886578	0.0000316
all	267	29	886578	0.0000327
all	268	27	886578	0.0000305
all	269	20	886578	0.0000226
all	270	21	886578	0.0000237
all	271	31	886578	0.0000350
all	272	15	886578	0.0000169
all	273	23	886578	0.0000259
all	274	25	886578	0.0000282
all	275	40	886578	0.0000451
all	276	28	886578	0.0000316
all	277	31	886578	0.0000350
all	278	28	886578	0.0000316
all	279	15	886578	0.0000169
all	280	26	886578	0.0000293
all	281	9	886578	0.0000102
all	282	29	886578	0.0000327
all	283	19	886578	0.0000214
all	284	28	886578	0.0000316
all	285	17	886578	0.0000192
all	286	22	886578	0.0000248
all	287	20	886578	0.0000226
all	288	23	886578	0.0000259
all	289	17	886578	0.0000192
all	290	29	886578	0.0000327
all	291	16	886578	0.0000180
all	292	31	886578	0.0000350
all	293	22	886578	0.0000248
all	294	28	886578	0.0000316
all	295	29	886578	0.0000327
all	296	37	886578	0.0000417
all	297	29	886578	0.0000327
all	298	24	886578	0.0000271
all	299	36	886578	0.0000406
all	300	25	886578	0.0000282
all	301	21	886578	0.0000237
all	302	29	886578	0.0000327
all	303	20	886578	0.0000226
all	304	21	886578	0.0000237
all	305	35	886578	0.0000395
all	306	42	886578	0.0000474
all	307	43	886578	0.0000485
all	308	18	886578	0.0000203
all	309	26	886578	0.0000293
all	310	22	886578	0.0000248
all	311	44	886578	0.0000496
all	312	36	886578	0.0000406
all	313	23	886578	0.0000259
all	314	34	886578	0.0000383
all	315	20	886578	0.0000226
all	316	33	886578	0.0000372
all	317	32	886578	0.0000361
all	318	35	886578	0.0000395
all	319	9	886578	0.0000102
all	320	28	886578	0.0000316
all	321	19	886578	0.0000214
all	322	42	886578	0.0000474
all	323	35	886578	0.0000395
all	324	31	886578	0.0000350
all	325	53	886578	0.0000598
all	326	30	886578	0.0000338
all	327	30	886578	0.0000338
all	328	30	886578	0.0000338
all	329	26	886578	0.0000293
all	330	36	886578	0.0000406
all	331	32	886578	0.0000361
all	332	27	886578	0.0000305
all	333	31	886578	0.0000350
all	334	30	886578	0.0000338
all	335	46	886578	0.0000519
all	336	21	886578	0.0000237
all	337	25	886578	0.0000282
all	338	22	886578	0.0000248
all	339	27	886578	0.0000305
all	340	39	886578	0.0000440
all	341	17	886578	0.0000192
all	342	24	886578	0.0000271
all	343	6	886578	0.0000068
all	344	17	886578	0.0000192
all	345	13	886578	0.0000147
all	346	14	886578	0.0000158
all	347	14	886578	0.0000158
all	348	11	886578	0.0000124
all	349	7	886578	0.0000079
all	350	17	886578	0.0000192
all	351	14	886578	0.0000158
all	352	13	886578	0.0000147
all	353	15	886578	0.0000169
all	354	19	886578	0.0000214
all	355	10	886578	0.0000113
all	356	15	886578	0.0000169
all	357	17	886578	0.0000192
all	358	14	886578	0.0000158
all	359	21	886578	0.0000237
all	360	13	886578	0.0000147
all	361	9	886578	0.0000102
all	362	16	886578	0.0000180
all	363	19	886578	0.0000214
all	364	13	886578	0.0000147
all	365	18	886578	0.0000203
all	366	7	886578	0.0000079
all	367	11	886578	0.0000124
all	368	7	886578	0.0000079
all	369	11	886578	0.0000124
all	370	8	886578	0.0000090
all	371	7	886578	0.0000079
all	372	12	886578	0.0000135
all	373	8	886578	0.0000090
all	374	20	886578	0.0000226
all	375	16	886578	0.0000180
all	376	10	886578	0.0000113
all	377	9	886578	0.0000102
all	378	18	886578	0.0000203
all	379	9	886578	0.0000102
all	380	12	886578	0.0000135
all	381	12	886578	0.0000135
all	382	24	886578	0.0000271
all	383	15	886578	0.0000169
all	384	15	886578	0.0000169
all	385	9	886578	0.0000102
all	386	26	886578	0.0000293
all	387	23	886578	0.0000259
all	388	16	886578	0.0000180
all	389	18	886578	0.0000203
all	390	17	886578	0.0000192
all	391	12	886578	0.0000135
all	392	15	886578	0.0000169
all	393	23	886578	0.0000259
all	394	21	886578	0.0000237
all	395	37	886578	0.0000417
all	396	17	886578	0.0000192
all	397	18	886578	0.0000203
all	398	29	886578	0.0000327
all	399	18	886578	0.0000203
all	400	15	886578	0.0000169
all	401	16	886578	0.0000180
all	402	15	886578	0.0000169
all	403	31	886578	0.0000350
all	404	14	886578	0.0000158
all	405	11	886578	0.0000124
all	406	21	886578	0.0000237
all	407	4	886578	0.0000045
all	408	19	886578	0.0000214
all	409	10	886578	0.0000113
all	410	15	886578	0.0000169
all	411	25	886578	0.0000282
all	412	14	886578	0.0000158
all	413	7	886578	0.0000079
all	414	8	886578	0.0000090
all	415	20	886578	0.0000226
all	416	20	886578	0.0000226
all	417	14	886578	0.0000158
all	418	15	886578	0.0000169
all	419	17	886578	0.0000192
all	420	22	886578	0.0000248
all	421	15	886578	0.0000169
all	422	9	886578	0.0000102
all	423	11	886578	0.0000124
all	424	11	886578	0.0000124
all	425	15	886578	0.0000169
all	426	14	886578	0.0000158
all	427	18	886578	0.0000203
all	428	9	886578	0.0000102
all	429	14	886578	0.0000158
all	430	9	886578	0.0000102
all	431	10	886578	0.0000113
all	432	33	886578	0.0000372
all	433	14	886578	0.0000158
all	434	14	886578	0.0000158
all	435	25	886578	0.0000282
all	436	24	886578	0.0000271
all	437	10	886578	0.0000113
all	438	11	886578	0.0000124
all	439	13	886578	0.0000147
all	440	26	886578	0.0000293
all	441	23	886578	0.0000259
all	442	25	886578	0.0000282
all	443	25	886578	0.0000282
all	444	17	886578	0.0000192
all	445	9	886578	0.0000102
all	446	10	886578	0.0000113
all	447	9	886578	0.0000102
all	448	11	886578	0.0000124
all	449	22	886578	0.0000248
all	450	14	886578	0.0000158
all	451	9	886578	0.0000102
all	452	10	886578	0.0000113
all	453	20	886578	0.0000226
all	454	20	886578	0.0000226
all	455	8	886578	0.0000090
all	456	18	886578	0.0000203
all	457	14	886578	0.0000158
all	458	26	886578	0.0000293
all	459	5	886578	0.0000056
all	460	11	886578	0.0000124
all	461	13	886578	0.0000147
all	462	10	886578	0.0000113
all	463	16	886578	0.0000180
all	464	10	886578	0.0000113
all	465	11	886578	0.0000124
all	466	11	886578	0.0000124
all	467	11	886578	0.0000124
all	468	6	886578	0.0000068
all	469	22	886578	0.0000248
all	470	17	886578	0.0000192
all	471	38	886578	0.0000429
all	472	10	886578	0.0000113
all	473	14	886578	0.0000158
all	474	26	886578	0.0000293
all	475	13	886578	0.0000147
all	476	24	886578	0.0000271
all	477	15	886578	0.0000169
all	478	14	886578	0.0000158
all	479	12	886578	0.0000135
all	480	9	886578	0.0000102
all	481	13	886578	0.0000147
all	482	8	886578	0.0000090
all	483	14	886578	0.0000158
all	484	12	886578	0.0000135
all	485	25	886578	0.0000282
all	486	11	886578	0.0000124
all	487	15	886578	0.0000169
all	488	15	886578	0.0000169
all	489	21	886578	0.0000237
all	490	8	886578	0.0000090
all	491	8	886578	0.0000090
all	492	5	886578	0.0000056
all	493	12	886578	0.0000135
all	494	9	886578	0.0000102
all	495	10	886578	0.0000113
all	496	16	886578	0.0000180
all	497	20	886578	0.0000226
all	498	22	886578	0.0000248
all	499	11	886578	0.0000124
all	500	15	886578	0.0000169
all	501	2	886578	0.0000023
all	502	8	886578	0.0000090
all	503	10	886578	0.0000113
all	504	12	886578	0.0000135
all	505	27	886578	0.0000305
all	506	5	886578	0.0000056
all	507	14	886578	0.0000158
all	508	8	886578	0.0000090
all	509	14	886578	0.0000158
all	510	11	886578	0.0000124
all	511	13	886578	0.0000147
all	512	9	886578	0.0000102
all	513	10	886578	0.0000113
all	514	6	886578	0.0000068
all	515	13	886578	0.0000147
all	516	3	886578	0.0000034
all	517	14	886578	0.0000158
all	518	9	886578	0.0000102
all	519	18	886578	0.0000203
all	520	18	886578	0.0000203
all	521	7	886578	0.0000079
all	522	8	886578	0.0000090
all	523	12	886578	0.0000135
all	524	9	886578	0.0000102
all	525	12	886578	0.0000135
all	526	15	886578	0.0000169
all	527	8	886578	0.0000090
all	528	9	886578	0.0000102
all	529	7	886578	0.0000079
all	530	6	886578	0.0000068
all	531	10	886578	0.0000113
all	532	9	886578	0.0000102
all	533	5	886578	0.0000056
all	534	15	886578	0.0000169
all	535	8	886578	0.0000090
all	536	9	886578	0.0000102
all	537	2	886578	0.0000023
all	538	15	886578	0.0000169
all	539	10	886578	0.0000113
all	540	8	886578	0.0000090
all	541	11	886578	0.0000124
all	542	6	886578	0.0000068
all	543	14	886578	0.0000158
all	544	7	886578	0.0000079
all	545	7	886578	0.0000079
all	546	9	886578	0.0000102
all	547	9	886578	0.0000102
all	548	8	886578	0.0000090
all	549	18	886578	0.0000203
all	550	7	886578	0.0000079
all	551	15	886578	0.0000169
all	552	21	886578	0.0000237
all	553	9	886578	0.0000102
all	554	12	886578	0.0000135
all	555	11	886578	0.0000124
all	556	15	886578	0.0000169
all	557	11	886578	0.0000124
all	558	9	886578	0.0000102
all	559	8	886578	0.0000090
all	560	7	886578	0.0000079
all	561	14	886578	0.0000158
all	562	16	886578	0.0000180
all	563	5	886578	0.0000056
all	564	10	886578	0.0000113
all	565	10	886578	0.0000113
all	566	11	886578	0.0000124
all	567	10	886578	0.0000113
all	568	6	886578	0.0000068
all	569	7	886578	0.0000079
all	570	11	886578	0.0000124
all	571	20	886578	0.0000226
all	572	18	886578	0.0000203
all	573	10	886578	0.0000113
all	574	9	886578	0.0000102
all	575	11	886578	0.0000124
all	576	20	886578	0.0000226
all	577	9	886578	0.0000102
all	578	5	886578	0.0000056
all	579	6	886578	0.0000068
all	580	6	886578	0.0000068
all	581	6	886578	0.0000068
all	582	6	886578	0.0000068
all	583	11	886578	0.0000124
all	584	8	886578	0.0000090
all	585	7	886578	0.0000079
all	586	12	886578	0.0000135
all	587	9	886578	0.0000102
all	588	8	886578	0.0000090
all	589	10	886578	0.0000113
all	590	9	886578	0.0000102
all	591	10	886578	0.0000113
all	592	11	886578	0.0000124
all	593	4	886578	0.0000045
all	594	7	886578	0.0000079
all	595	13	886578	0.0000147
all	596	5	886578	0.0000056
all	597	8	886578	0.0000090
all	598	10	886578	0.0000113
all	599	11	886578	0.0000124
all	600	13	886578	0.0000147
all	601	15	886578	0.0000169
all	602	8	886578	0.0000090
all	603	9	886578	0.0000102
all	604	6	886578	0.0000068
all	605	6	886578	0.0000068
all	606	12	886578	0.0000135
all	607	20	886578	0.0000226
all	608	8	886578	0.0000090
all	609	20	886578	0.0000226
all	610	6	886578	0.0000068
all	611	4	886578	0.0000045
all	612	6	886578	0.0000068
all	613	1	886578	0.0000011
all	614	7	886578	0.0000079
all	615	5	886578	0.0000056
all	616	8	886578	0.0000090
all	617	6	886578	0.0000068
all	618	6	886578	0.0000068
all	619	8	886578	0.0000090
all	620	8	886578	0.0000090
all	621	9	886578	0.0000102
all	622	6	886578	0.0000068
all	623	10	886578	0.0000113
all	624	10	886578	0.0000113
all	625	6	886578	0.0000068
all	626	8	886578	0.0000090
all	627	4	886578	0.0000045
all	628	11	886578	0.0000124
all	629	4	886578	0.0000045
all	630	6	886578	0.0000068
all	631	10	886578	0.0000113
all	632	17	886578	0.0000192
all	633	11	886578	0.0000124
all	634	11	886578	0.0000124
all	635	7	886578	0.0000079
all	636	8	886578	0.0000090
all	637	4	886578	0.0000045
all	638	12	886578	0.0000135
all	639	8	886578	0.0000090
all	640	3	886578	0.0000034
all	641	6	886578	0.0000068
all	642	3	886578	0.0000034
all	643	12	886578	0.0000135
all	644	8	886578	0.0000090
all	645	7	886578	0.0000079
all	646	4	886578	0.0000045
all	647	5	886578	0.0000056
all	648	13	886578	0.0000147
all	649	5	886578	0.0000056
all	650	6	886578	0.0000068
all	651	11	886578	0.0000124
all	652	4	886578	0.0000045
all	653	11	886578	0.0000124
all	654	3	886578	0.0000034
all	655	4	886578	0.0000045
all	656	8	886578	0.0000090
all	657	7	886578	0.0000079
all	658	6	886578	0.0000068
all	659	3	886578	0.0000034
all	660	7	886578	0.0000079
all	661	1	886578	0.0000011
all	662	14	886578	0.0000158
all	663	4	886578	0.0000045
all	664	9	886578	0.0000102
all	665	5	886578	0.0000056
all	666	9	886578	0.0000102
all	667	3	886578	0.0000034
all	668	8	886578	0.0000090
all	669	3	886578	0.0000034
all	670	9	886578	0.0000102
all	671	5	886578	0.0000056
all	672	7	886578	0.0000079
all	673	4	886578	0.0000045
all	674	9	886578	0.0000102
all	675	8	886578	0.0000090
all	676	15	886578	0.0000169
all	677	10	886578	0.0000113
all	678	7	886578	0.0000079
all	679	6	886578	0.0000068
all	680	2	886578	0.0000023
all	681	7	886578	0.0000079
all	682	8	886578	0.0000090
all	683	15	886578	0.0000169
all	684	7	886578	0.0000079
all	685	5	886578	0.0000056
all	686	6	886578	0.0000068
all	687	5	886578	0.0000056
all	688	16	886578	0.0000180
all	689	6	886578	0.0000068
all	690	3	886578	0.0000034
all	691	4	886578	0.0000045
all	692	3	886578	0.0000034
all	693	5	886578	0.0000056
all	694	8	886578	0.0000090
all	695	5	886578	0.0000056
all	696	3	886578	0.0000034
all	697	3	886578	0.0000034
all	698	4	886578	0.0000045
all	699	11	886578	0.0000124
all	700	3	886578	0.0000034
all	701	12	886578	0.0000135
all	702	4	886578	0.0000045
all	703	8	886578	0.0000090
all	704	5	886578	0.0000056
all	705	10	886578	0.0000113
all	706	7	886578	0.0000079
all	707	15	886578	0.0000169
all	708	6	886578	0.0000068
all	709	1	886578	0.0000011
all	710	6	886578	0.0000068
all	711	5	886578	0.0000056
all	712	5	886578	0.0000056
all	713	6	886578	0.0000068
all	714	6	886578	0.0000068
all	715	5	886578	0.0000056
all	716	6	886578	0.0000068
all	717	6	886578	0.0000068
all	718	6	886578	0.0000068
all	719	9	886578	0.0000102
all	720	6	886578	0.0000068
all	721	6	886578	0.0000068
all	722	8	886578	0.0000090
all	723	11	886578	0.0000124
all	724	7	886578	0.0000079
all	725	4	886578	0.0000045
all	726	6	886578	0.0000068
all	727	7	886578	0.0000079
all	728	7	886578	0.0000079
all	729	8	886578	0.0000090
all	730	9	886578	0.0000102
all	731	8	886578	0.0000090
all	732	7	886578	0.0000079
all	733	2	886578	0.0000023
all	734	9	886578	0.0000102
all	735	5	886578	0.0000056
all	736	5	886578	0.0000056
all	737	9	886578	0.0000102
all	738	7	886578	0.0000079
all	739	10	886578	0.0000113
all	740	4	886578	0.0000045
all	741	7	886578	0.0000079
all	742	7	886578	0.0000079
all	743	5	886578	0.0000056
all	744	13	886578	0.0000147
all	745	4	886578	0.0000045
all	746	5	886578	0.0000056
all	747	13	886578	0.0000147
all	748	28	886578	0.0000316
all	749	5	886578	0.0000056
all	750	3	886578	0.0000034
all	751	9	886578	0.0000102
all	752	8	886578	0.0000090
all	753	5	886578	0.0000056
all	754	6	886578	0.0000068
all	755	4	886578	0.0000045
all	756	4	886578	0.0000045
all	757	1	886578	0.0000011
all	758	7	886578	0.0000079
all	759	5	886578	0.0000056
all	760	6	886578	0.0000068
all	761	7	886578	0.0000079
all	762	8	886578	0.0000090
all	763	7	886578	0.0000079
all	764	4	886578	0.0000045
all	765	5	886578	0.0000056
all	766	12	886578	0.0000135
all	767	8	886578	0.0000090
all	768	5	886578	0.0000056
all	769	3	886578	0.0000034
all	770	4	886578	0.0000045
all	771	6	886578	0.0000068
all	772	11	886578	0.0000124
all	773	9	886578	0.0000102
all	774	8	886578	0.0000090
all	775	8	886578	0.0000090
all	776	3	886578	0.0000034
all	777	11	886578	0.0000124
all	778	8	886578	0.0000090
all	779	10	886578	0.0000113
all	780	8	886578	0.0000090
all	781	5	886578	0.0000056
all	782	6	886578	0.0000068
all	783	4	886578	0.0000045
all	784	11	886578	0.0000124
all	785	9	886578	0.0000102
all	786	7	886578	0.0000079
all	787	7	886578	0.0000079
all	788	5	886578	0.0000056
all	789	9	886578	0.0000102
all	790	13	886578	0.0000147
all	791	13	886578	0.0000147
all	792	3	886578	0.0000034
all	793	17	886578	0.0000192
all	794	5	886578	0.0000056
all	795	8	886578	0.0000090
all	796	7	886578	0.0000079
all	797	4	886578	0.0000045
all	798	6	886578	0.0000068
all	799	8	886578	0.0000090
all	800	7	886578	0.0000079
all	801	6	886578	0.0000068
all	802	3	886578	0.0000034
all	803	10	886578	0.0000113
all	804	4	886578	0.0000045
all	805	2	886578	0.0000023
all	806	6	886578	0.0000068
all	807	5	886578	0.0000056
all	808	2	886578	0.0000023
all	809	1	886578	0.0000011
all	810	8	886578	0.0000090
all	811	5	886578	0.0000056
all	812	3	886578	0.0000034
all	813	12	886578	0.0000135
all	814	6	886578	0.0000068
all	815	4	886578	0.0000045
all	816	2	886578	0.0000023
all	817	2	886578	0.0000023
all	818	3	886578	0.0000034
all	819	5	886578	0.0000056
all	820	3	886578	0.0000034
all	821	3	886578	0.0000034
all	822	4	886578	0.0000045
all	823	5	886578	0.0000056
all	824	10	886578	0.0000113
all	825	10	886578	0.0000113
all	826	9	886578	0.0000102
all	827	4	886578	0.0000045
all	828	6	886578	0.0000068
all	829	8	886578	0.0000090
all	830	1	886578	0.0000011
all	831	8	886578	0.0000090
all	832	5	886578	0.0000056
all	833	1	886578	0.0000011
all	834	7	886578	0.0000079
all	835	4	886578	0.0000045
all	836	6	886578	0.0000068
all	837	1	886578	0.0000011
all	838	5	886578	0.0000056
all	839	6	886578	0.0000068
all	840	6	886578	0.0000068
all	841	4	886578	0.0000045
all	842	7	886578	0.0000079
all	843	7	886578	0.0000079
all	844	5	886578	0.0000056
all	845	4	886578	0.0000045
all	846	5	886578	0.0000056
all	847	8	886578	0.0000090
all	848	8	886578	0.0000090
all	849	4	886578	0.0000045
all	850	6	886578	0.0000068
all	851	7	886578	0.0000079
all	852	6	886578	0.0000068
all	853	4	886578	0.0000045
all	854	7	886578	0.0000079
all	855	9	886578	0.0000102
all	856	6	886578	0.0000068
all	857	9	886578	0.0000102
all	858	4	886578	0.0000045
all	859	6	886578	0.0000068
all	860	5	886578	0.0000056
all	861	6	886578	0.0000068
all	862	1	886578	0.0000011
all	863	5	886578	0.0000056
all	864	8	886578	0.0000090
all	865	7	886578	0.0000079
all	866	13	886578	0.0000147
all	867	5	886578	0.0000056
all	868	7	886578	0.0000079
all	869	4	886578	0.0000045
all	870	7	886578	0.0000079
all	871	7	886578	0.0000079
all	872	9	886578	0.0000102
all	873	10	886578	0.0000113
all	874	12	886578	0.0000135
all	875	4	886578	0.0000045
all	876	9	886578	0.0000102
all	877	6	886578	0.0000068
all	878	8	886578	0.0000090
all	879	4	886578	0.0000045
all	880	5	886578	0.0000056
all	881	4	886578	0.0000045
all	882	6	886578	0.0000068
all	883	3	886578	0.0000034
all	884	6	886578	0.0000068
all	885	3	886578	0.0000034
all	886	6	886578	0.0000068
all	887	11	886578	0.0000124
all	888	8	886578	0.0000090
all	889	2	886578	0.0000023
all	890	4	886578	0.0000045
all	891	5	886578	0.0000056
all	892	4	886578	0.0000045
all	893	2	886578	0.0000023
all	894	10	886578	0.0000113
all	895	2	886578	0.0000023
all	896	9	886578	0.0000102
all	897	3	886578	0.0000034
all	898	1	886578	0.0000011
all	899	4	886578	0.0000045
all	900	8	886578	0.0000090
all	901	5	886578	0.0000056
all	902	6	886578	0.0000068
all	903	1	886578	0.0000011
all	904	15	886578	0.0000169
all	905	11	886578	0.0000124
all	906	3	886578	0.0000034
all	907	5	886578	0.0000056
all	908	7	886578	0.0000079
all	909	2	886578	0.0000023
all	910	8	886578	0.0000090
all	911	8	886578	0.0000090
all	912	4	886578	0.0000045
all	913	10	886578	0.0000113
all	914	5	886578	0.0000056
all	915	15	886578	0.0000169
all	916	4	886578	0.0000045
all	917	6	886578	0.0000068
all	918	5	886578	0.0000056
all	919	6	886578	0.0000068
all	920	7	886578	0.0000079
all	921	5	886578	0.0000056
all	922	12	886578	0.0000135
all	923	2	886578	0.0000023
all	924	8	886578	0.0000090
all	925	8	886578	0.0000090
all	926	6	886578	0.0000068
all	927	6	886578	0.0000068
all	928	7	886578	0.0000079
all	929	5	886578	0.0000056
all	930	4	886578	0.0000045
all	931	10	886578	0.0000113
all	932	7	886578	0.0000079
all	933	2	886578	0.0000023
all	934	7	886578	0.0000079
all	935	3	886578	0.0000034
all	936	4	886578	0.0000045
all	937	4	886578	0.0000045
all	938	5	886578	0.0000056
all	939	5	886578	0.0000056
all	940	4	886578	0.0000045
all	941	7	886578	0.0000079
all	942	3	886578	0.0000034
all	943	5	886578	0.0000056
all	944	6	886578	0.0000068
all	945	2	886578	0.0000023
all	946	7	886578	0.0000079
all	947	7	886578	0.0000079
all	948	4	886578	0.0000045
all	949	2	886578	0.0000023
all	950	7	886578	0.0000079
all	951	6	886578	0.0000068
all	952	8	886578	0.0000090
all	953	7	886578	0.0000079
all	954	17	886578	0.0000192
all	955	12	886578	0.0000135
all	956	4	886578	0.0000045
all	957	8	886578	0.0000090
all	958	12	886578	0.0000135
all	959	7	886578	0.0000079
all	960	5	886578	0.0000056
all	961	9	886578	0.0000102
all	962	10	886578	0.0000113
all	963	8	886578	0.0000090
all	964	6	886578	0.0000068
all	965	8	886578	0.0000090
all	966	6	886578	0.0000068
all	967	7	886578	0.0000079
all	968	6	886578	0.0000068
all	969	4	886578	0.0000045
all	970	5	886578	0.0000056
all	971	10	886578	0.0000113
all	972	5	886578	0.0000056
all	973	2	886578	0.0000023
all	974	16	886578	0.0000180
all	975	9	886578	0.0000102
all	976	6	886578	0.0000068
all	977	4	886578	0.0000045
all	978	7	886578	0.0000079
all	979	5	886578	0.0000056
all	980	8	886578	0.0000090
all	981	3	886578	0.0000034
all	982	3	886578	0.0000034
all	983	6	886578	0.0000068
all	984	1	886578	0.0000011
all	985	2	886578	0.0000023
all	986	5	886578	0.0000056
all	987	8	886578	0.0000090
all	988	2	886578	0.0000023
all	989	4	886578	0.0000045
all	990	1	886578	0.0000011
all	991	3	886578	0.0000034
all	992	6	886578	0.0000068
all	993	7	886578	0.0000079
all	994	5	886578	0.0000056
all	995	4	886578	0.0000045
all	996	6	886578	0.0000068
all	997	5	886578	0.0000056
all	998	4	886578	0.0000045
all	999	3	886578	0.0000034
all	1000	3	886578	0.0000034
all	1001	1	886578	0.0000011
all	1002	5	886578	0.0000056
all	1003	2	886578	0.0000023
all	1004	1	886578	0.0000011
all	1005	6	886578	0.0000068
all	1006	5	886578	0.0000056
all	1007	1	886578	0.0000011
all	1008	5	886578	0.0000056
all	1009	9	886578	0.0000102
all	1010	4	886578	0.0000045
all	1011	6	886578	0.0000068
all	1012	6	886578	0.0000068
all	1013	1	886578	0.0000011
all	1014	6	886578	0.0000068
all	1015	3	886578	0.0000034
all	1016	7	886578	0.0000079
all	1017	3	886578	0.0000034
all	1018	7	886578	0.0000079
all	1019	7	886578	0.0000079
all	1020	3	886578	0.0000034
all	1021	6	886578	0.0000068
all	1022	7	886578	0.0000079
all	1023	9	886578	0.0000102
all	1024	8	886578	0.0000090
all	1025	6	886578	0.0000068
all	1026	4	886578	0.0000045
all	1027	9	886578	0.0000102
all	1028	6	886578	0.0000068
all	1029	7	886578	0.0000079
all	1030	7	886578	0.0000079
all	1031	5	886578	0.0000056
all	1032	7	886578	0.0000079
all	1033	6	886578	0.0000068
all	1034	3	886578	0.0000034
all	1035	6	886578	0.0000068
all	1036	4	886578	0.0000045
all	1037	5	886578	0.0000056
all	1038	4	886578	0.0000045
all	1039	2	886578	0.0000023
all	1040	3	886578	0.0000034
all	1041	4	886578	0.0000045
all	1042	4	886578	0.0000045
all	1043	6	886578	0.0000068
all	1044	7	886578	0.0000079
all	1045	4	886578	0.0000045
all	1046	4	886578	0.0000045
all	1047	5	886578	0.0000056
all	1048	1	886578	0.0000011
all	1049	6	886578	0.0000068
all	1050	1	886578	0.0000011
all	1051	9	886578	0.0000102
all	1052	4	886578	0.0000045
all	1053	9	886578	0.0000102
all	1054	8	886578	0.0000090
all	1055	10	886578	0.0000113
all	1056	4	886578	0.0000045
all	1057	7	886578	0.0000079
all	1058	2	886578	0.0000023
all	1059	6	886578	0.0000068
all	1060	6	886578	0.0000068
all	1061	7	886578	0.0000079
all	1062	6	886578	0.0000068
all	1063	3	886578	0.0000034
all	1064	7	886578	0.0000079
all	1065	4	886578	0.0000045
all	1066	7	886578	0.0000079
all	1068	1	886578	0.0000011
all	1069	4	886578	0.0000045
all	1070	3	886578	0.0000034
all	1071	5	886578	0.0000056
all	1072	1	886578	0.0000011
all	1073	4	886578	0.0000045
all	1074	8	886578	0.0000090
all	1075	7	886578	0.0000079
all	1076	3	886578	0.0000034
all	1077	4	886578	0.0000045
all	1078	4	886578	0.0000045
all	1079	2	886578	0.0000023
all	1080	4	886578	0.0000045
all	1081	4	886578	0.0000045
all	1082	3	886578	0.0000034
all	1083	3	886578	0.0000034
all	1084	5	886578	0.0000056
all	1085	5	886578	0.0000056
all	1086	4	886578	0.0000045
all	1087	2	886578	0.0000023
all	1088	4	886578	0.0000045
all	1089	3	886578	0.0000034
all	1090	5	886578	0.0000056
all	1092	3	886578	0.0000034
all	1093	3	886578	0.0000034
all	1094	4	886578	0.0000045
all	1095	2	886578	0.0000023
all	1096	4	886578	0.0000045
all	1097	2	886578	0.0000023
all	1098	3	886578	0.0000034
all	1099	6	886578	0.0000068
all	1100	2	886578	0.0000023
all	1101	5	886578	0.0000056
all	1102	3	886578	0.0000034
all	1103	2	886578	0.0000023
all	1104	1	886578	0.0000011
all	1105	5	886578	0.0000056
all	1106	6	886578	0.0000068
all	1107	6	886578	0.0000068
all	1108	1	886578	0.0000011
all	1109	6	886578	0.0000068
all	1110	8	886578	0.0000090
all	1111	3	886578	0.0000034
all	1112	2	886578	0.0000023
all	1113	10	886578	0.0000113
all	1114	6	886578	0.0000068
all	1115	4	886578	0.0000045
all	1116	5	886578	0.0000056
all	1117	3	886578	0.0000034
all	1118	2	886578	0.0000023
all	1119	7	886578	0.0000079
all	1120	6	886578	0.0000068
all	1121	2	886578	0.0000023
all	1122	2	886578	0.0000023
all	1123	6	886578	0.0000068
all	1124	7	886578	0.0000079
all	1125	3	886578	0.0000034
all	1126	4	886578	0.0000045
all	1127	1	886578	0.0000011
all	1128	3	886578	0.0000034
all	1129	3	886578	0.0000034
all	1130	4	886578	0.0000045
all	1131	3	886578	0.0000034
all	1132	4	886578	0.0000045
all	1133	2	886578	0.0000023
all	1134	4	886578	0.0000045
all	1136	2	886578	0.0000023
all	1137	3	886578	0.0000034
all	1138	4	886578	0.0000045
all	1139	11	886578	0.0000124
all	1140	11	886578	0.0000124
all	1141	3	886578	0.0000034
all	1142	3	886578	0.0000034
all	1143	4	886578	0.0000045
all	1144	4	886578	0.0000045
all	1145	2	886578	0.0000023
all	1146	3	886578	0.0000034
all	1147	3	886578	0.0000034
all	1148	1	886578	0.0000011
all	1149	2	886578	0.0000023
all	1150	1	886578	0.0000011
all	1151	3	886578	0.0000034
all	1152	2	886578	0.0000023
all	1153	3	886578	0.0000034
all	1154	7	886578	0.0000079
all	1156	3	886578	0.0000034
all	1157	1	886578	0.0000011
all	1159	3	886578	0.0000034
all	1160	5	886578	0.0000056
all	1161	4	886578	0.0000045
all	1162	2	886578	0.0000023
all	1163	3	886578	0.0000034
all	1164	7	886578	0.0000079
all	1165	2	886578	0.0000023
all	1166	2	886578	0.0000023
all	1167	3	886578	0.0000034
all	1168	5	886578	0.0000056
all	1169	7	886578	0.0000079
all	1170	1	886578	0.0000011
all	1171	2	886578	0.0000023
all	1172	1	886578	0.0000011
all	1173	6	886578	0.0000068
all	1174	5	886578	0.0000056
all	1175	2	886578	0.0000023
all	1176	4	886578	0.0000045
all	1177	3	886578	0.0000034
all	1178	6	886578	0.0000068
all	1179	3	886578	0.0000034
all	1180	1	886578	0.0000011
all	1181	2	886578	0.0000023
all	1182	7	886578	0.0000079
all	1183	3	886578	0.0000034
all	1184	4	886578	0.0000045
all	1185	4	886578	0.0000045
all	1186	4	886578	0.0000045
all	1187	2	886578	0.0000023
all	1188	1	886578	0.0000011
all	1189	4	886578	0.0000045
all	1190	5	886578	0.0000056
all	1191	1	886578	0.0000011
all	1194	5	886578	0.0000056
all	1195	4	886578	0.0000045
all	1196	1	886578	0.0000011
all	1197	4	886578	0.0000045
all	1198	2	886578	0.0000023
all	1199	1	886578	0.0000011
all	1200	2	886578	0.0000023
all	1201	2	886578	0.0000023
all	1202	2	886578	0.0000023
all	1203	4	886578	0.0000045
all	1204	6	886578	0.0000068
all	1205	1	886578	0.0000011
all	1206	3	886578	0.0000034
all	1207	4	886578	0.0000045
all	1208	2	886578	0.0000023
all	1209	5	886578	0.0000056
all	1210	1	886578	0.0000011
all	1211	3	886578	0.0000034
all	1212	4	886578	0.0000045
all	1213	4	886578	0.0000045
all	1214	4	886578	0.0000045
all	1215	6	886578	0.0000068
all	1216	2	886578	0.0000023
all	1217	5	886578	0.0000056
all	1218	2	886578	0.0000023
all	1219	5	886578	0.0000056
all	1220	6	886578	0.0000068
all	1222	7	886578	0.0000079
all	1223	9	886578	0.0000102
all	1224	4	886578	0.0000045
all	1225	5	886578	0.0000056
all	1226	13	886578	0.0000147
all	1227	7	886578	0.0000079
all	1228	4	886578	0.0000045
all	1229	4	886578	0.0000045
all	1231	7	886578	0.0000079
all	1232	2	886578	0.0000023
all	1233	2	886578	0.0000023
all	1234	4	886578	0.0000045
all	1235	5	886578	0.0000056
all	1236	4	886578	0.0000045
all	1237	4	886578	0.0000045
all	1238	2	886578	0.0000023
all	1239	4	886578	0.0000045
all	1240	2	886578	0.0000023
all	1241	2	886578	0.0000023
all	1242	1	886578	0.0000011
all	1243	2	886578	0.0000023
all	1244	2	886578	0.0000023
all	1246	3	886578	0.0000034
all	1247	1	886578	0.0000011
all	1248	2	886578	0.0000023
all	1249	1	886578	0.0000011
all	1250	4	886578	0.0000045
all	1251	4	886578	0.0000045
all	1252	4	886578	0.0000045
all	1253	2	886578	0.0000023
all	1254	4	886578	0.0000045
all	1255	2	886578	0.0000023
all	1256	4	886578	0.0000045
all	1258	3	886578	0.0000034
all	1259	1	886578	0.0000011
all	1260	3	886578	0.0000034
all	1261	3	886578	0.0000034
all	1262	1	886578	0.0000011
all	1263	3	886578	0.0000034
all	1264	3	886578	0.0000034
all	1265	2	886578	0.0000023
all	1266	1	886578	0.0000011
all	1267	3	886578	0.0000034
all	1268	3	886578	0.0000034
all	1269	2	886578	0.0000023
all	1270	6	886578	0.0000068
all	1271	2	886578	0.0000023
all	1272	3	886578	0.0000034
all	1273	2	886578	0.0000023
all	1274	2	886578	0.0000023
all	1275	3	886578	0.0000034
all	1276	8	886578	0.0000090
all	1277	5	886578	0.0000056
all	1278	6	886578	0.0000068
all	1279	6	886578	0.0000068
all	1280	5	886578	0.0000056
all	1281	2	886578	0.0000023
all	1282	2	886578	0.0000023
all	1283	3	886578	0.0000034
all	1284	2	886578	0.0000023
all	1285	5	886578	0.0000056
all	1286	2	886578	0.0000023
all	1287	4	886578	0.0000045
all	1288	5	886578	0.0000056
all	1289	4	886578	0.0000045
all	1291	3	886578	0.0000034
all	1292	5	886578	0.0000056
all	1295	1	886578	0.0000011
all	1296	1	886578	0.0000011
all	1297	4	886578	0.0000045
all	1298	4	886578	0.0000045
all	1299	4	886578	0.0000045
all	1300	1	886578	0.0000011
all	1301	7	886578	0.0000079
all	1302	2	886578	0.0000023
all	1304	1	886578	0.0000011
all	1305	3	886578	0.0000034
all	1306	3	886578	0.0000034
all	1308	3	886578	0.0000034
all	1309	3	886578	0.0000034
all	1310	1	886578	0.0000011
all	1311	4	886578	0.0000045
all	1312	1	886578	0.0000011
all	1313	5	886578	0.0000056
all	1314	6	886578	0.0000068
all	1315	1	886578	0.0000011
all	1316	3	886578	0.0000034
all	1317	5	886578	0.0000056
all	1318	4	886578	0.0000045
all	1320	2	886578	0.0000023
all	1322	2	886578	0.0000023
all	1323	2	886578	0.0000023
all	1324	4	886578	0.0000045
all	1326	4	886578	0.0000045
all	1327	3	886578	0.0000034
all	1328	2	886578	0.0000023
all	1329	2	886578	0.0000023
all	1330	4	886578	0.0000045
all	1331	6	886578	0.0000068
all	1332	5	886578	0.0000056
all	1333	5	886578	0.0000056
all	1334	2	886578	0.0000023
all	1335	5	886578	0.0000056
all	1336	3	886578	0.0000034
all	1337	1	886578	0.0000011
all	1338	2	886578	0.0000023
all	1339	3	886578	0.0000034
all	1340	3	886578	0.0000034
all	1341	5	886578	0.0000056
all	1342	5	886578	0.0000056
all	1343	5	886578	0.0000056
all	1344	2	886578	0.0000023
all	1345	3	886578	0.0000034
all	1346	3	886578	0.0000034
all	1347	2	886578	0.0000023
all	1348	1	886578	0.0000011
all	1349	4	886578	0.0000045
all	1350	1	886578	0.0000011
all	1351	2	886578	0.0000023
all	1352	5	886578	0.0000056
all	1353	4	886578	0.0000045
all	1356	1	886578	0.0000011
all	1357	6	886578	0.0000068
all	1358	1	886578	0.0000011
all	1359	1	886578	0.0000011
all	1360	5	886578	0.0000056
all	1361	2	886578	0.0000023
all	1362	2	886578	0.0000023
all	1363	4	886578	0.0000045
all	1365	2	886578	0.0000023
all	1366	4	886578	0.0000045
all	1367	4	886578	0.0000045
all	1368	3	886578	0.0000034
all	1369	6	886578	0.0000068
all	1370	2	886578	0.0000023
all	1371	1	886578	0.0000011
all	1372	2	886578	0.0000023
all	1373	1	886578	0.0000011
all	1374	6	886578	0.0000068
all	1375	2	886578	0.0000023
all	1376	2	886578	0.0000023
all	1377	5	886578	0.0000056
all	1378	4	886578	0.0000045
all	1379	7	886578	0.0000079
all	1380	5	886578	0.0000056
all	1381	9	886578	0.0000102
all	1382	2	886578	0.0000023
all	1383	5	886578	0.0000056
all	1384	5	886578	0.0000056
all	1385	2	886578	0.0000023
all	1386	2	886578	0.0000023
all	1387	4	886578	0.0000045
all	1388	1	886578	0.0000011
all	1389	1	886578	0.0000011
all	1390	3	886578	0.0000034
all	1391	1	886578	0.0000011
all	1392	1	886578	0.0000011
all	1393	1	886578	0.0000011
all	1394	1	886578	0.0000011
all	1395	3	886578	0.0000034
all	1396	2	886578	0.0000023
all	1397	2	886578	0.0000023
all	1398	1	886578	0.0000011
all	1399	1	886578	0.0000011
all	1400	1	886578	0.0000011
all	1401	1	886578	0.0000011
all	1402	2	886578	0.0000023
all	1403	2	886578	0.0000023
all	1404	2	886578	0.0000023
all	1406	3	886578	0.0000034
all	1407	4	886578	0.0000045
all	1408	3	886578	0.0000034
all	1409	2	886578	0.0000023
all	1410	4	886578	0.0000045
all	1412	1	886578	0.0000011
all	1414	2	886578	0.0000023
all	1415	3	886578	0.0000034
all	1416	1	886578	0.0000011
all	1417	2	886578	0.0000023
all	1418	3	886578	0.0000034
all	1419	4	886578	0.0000045
all	1420	1	886578	0.0000011
all	1421	3	886578	0.0000034
all	1422	2	886578	0.0000023
all	1423	6	886578	0.0000068
all	1424	2	886578	0.0000023
all	1425	1	886578	0.0000011
all	1426	4	886578	0.0000045
all	1427	5	886578	0.0000056
all	1428	3	886578	0.0000034
all	1429	3	886578	0.0000034
all	1430	2	886578	0.0000023
all	1431	4	886578	0.0000045
all	1432	3	886578	0.0000034
all	1433	3	886578	0.0000034
all	1434	2	886578	0.0000023
all	1435	2	886578	0.0000023
all	1436	2	886578	0.0000023
all	1437	4	886578	0.0000045
all	1438	1	886578	0.0000011
all	1439	6	886578	0.0000068
all	1441	9	886578	0.0000102
all	1442	2	886578	0.0000023
all	1443	2	886578	0.0000023
all	1444	2	886578	0.0000023
all	1445	6	886578	0.0000068
all	1446	1	886578	0.0000011
all	1447	3	886578	0.0000034
all	1448	2	886578	0.0000023
all	1449	4	886578	0.0000045
all	1450	3	886578	0.0000034
all	1451	2	886578	0.0000023
all	1452	1	886578	0.0000011
all	1453	2	886578	0.0000023
all	1454	1	886578	0.0000011
all	1455	6	886578	0.0000068
all	1456	2	886578	0.0000023
all	1457	2	886578	0.0000023
all	1458	1	886578	0.0000011
all	1460	2	886578	0.0000023
all	1461	2	886578	0.0000023
all	1462	1	886578	0.0000011
all	1464	4	886578	0.0000045
all	1465	1	886578	0.0000011
all	1466	1	886578	0.0000011
all	1467	2	886578	0.0000023
all	1468	1	886578	0.0000011
all	1469	1	886578	0.0000011
all	1470	1	886578	0.0000011
all	1471	3	886578	0.0000034
all	1472	5	886578	0.0000056
all	1473	5	886578	0.0000056
all	1474	2	886578	0.0000023
all	1475	6	886578	0.0000068
all	1476	6	886578	0.0000068
all	1478	2	886578	0.0000023
all	1479	5	886578	0.0000056
all	1480	3	886578	0.0000034
all	1481	1	886578	0.0000011
all	1482	2	886578	0.0000023
all	1483	2	886578	0.0000023
all	1484	2	886578	0.0000023
all	1486	3	886578	0.0000034
all	1487	4	886578	0.0000045
all	1488	3	886578	0.0000034
all	1490	2	886578	0.0000023
all	1491	1	886578	0.0000011
all	1492	1	886578	0.0000011
all	1493	3	886578	0.0000034
all	1495	2	886578	0.0000023
all	1496	2	886578	0.0000023
all	1497	3	886578	0.0000034
all	1500	1	886578	0.0000011
all	1501	3	886578	0.0000034
all	1502	3	886578	0.0000034
all	1503	2	886578	0.0000023
all	1504	2	886578	0.0000023
all	1505	2	886578	0.0000023
all	1506	1	886578	0.0000011
all	1507	1	886578	0.0000011
all	1508	1	886578	0.0000011
all	1509	1	886578	0.0000011
all	1510	1	886578	0.0000011
all	1511	1	886578	0.0000011
all	1512	2	886578	0.0000023
all	1513	3	886578	0.0000034
all	1514	3	886578	0.0000034
all	1515	2	886578	0.0000023
all	1516	3	886578	0.0000034
all	1517	1	886578	0.0000011
all	1518	2	886578	0.0000023
all	1519	3	886578	0.0000034
all	1520	3	886578	0.0000034
all	1521	2	886578	0.0000023
all	1522	1	886578	0.0000011
all	1524	2	886578	0.0000023
all	1525	1	886578	0.0000011
all	1526	2	886578	0.0000023
all	1527	3	886578	0.0000034
all	1528	2	886578	0.0000023
all	1529	5	886578	0.0000056
all	1532	1	886578	0.0000011
all	1533	1	886578	0.0000011
all	1535	1	886578	0.0000011
all	1536	4	886578	0.0000045
all	1537	2	886578	0.0000023
all	1538	1	886578	0.0000011
all	1539	2	886578	0.0000023
all	1543	1	886578	0.0000011
all	1544	5	886578	0.0000056
all	1545	2	886578	0.0000023
all	1546	1	886578	0.0000011
all	1547	2	886578	0.0000023
all	1548	5	886578	0.0000056
all	1550	5	886578	0.0000056
all	1551	2	886578	0.0000023
all	1552	5	886578	0.0000056
all	1553	6	886578	0.0000068
all	1554	6	886578	0.0000068
all	1555	3	886578	0.0000034
all	1556	7	886578	0.0000079
all	1557	2	886578	0.0000023
all	1558	3	886578	0.0000034
all	1559	1	886578	0.0000011
all	1560	3	886578	0.0000034
all	1561	5	886578	0.0000056
all	1562	1	886578	0.0000011
all	1563	2	886578	0.0000023
all	1564	2	886578	0.0000023
all	1565	2	886578	0.0000023
all	1566	4	886578	0.0000045
all	1568	1	886578	0.0000011
all	1569	5	886578	0.0000056
all	1570	2	886578	0.0000023
all	1571	3	886578	0.0000034
all	1573	3	886578	0.0000034
all	1574	3	886578	0.0000034
all	1575	4	886578	0.0000045
all	1576	1	886578	0.0000011
all	1577	2	886578	0.0000023
all	1578	3	886578	0.0000034
all	1579	2	886578	0.0000023
all	1580	2	886578	0.0000023
all	1581	3	886578	0.0000034
all	1582	1	886578	0.0000011
all	1583	4	886578	0.0000045
all	1584	1	886578	0.0000011
all	1585	3	886578	0.0000034
all	1586	2	886578	0.0000023
all	1587	3	886578	0.0000034
all	1588	3	886578	0.0000034
all	1589	1	886578	0.0000011
all	1590	3	886578	0.0000034
all	1591	1	886578	0.0000011
all	1592	3	886578	0.0000034
all	1593	3	886578	0.0000034
all	1594	4	886578	0.0000045
all	1596	4	886578	0.0000045
all	1597	3	886578	0.0000034
all	1598	3	886578	0.0000034
all	1599	2	886578	0.0000023
all	1601	5	886578	0.0000056
all	1602	2	886578	0.0000023
all	1603	3	886578	0.0000034
all	1604	3	886578	0.0000034
all	1605	2	886578	0.0000023
all	1606	3	886578	0.0000034
all	1607	3	886578	0.0000034
all	1608	1	886578	0.0000011
all	1609	3	886578	0.0000034
all	1610	1	886578	0.0000011
all	1611	5	886578	0.0000056
all	1612	1	886578	0.0000011
all	1616	4	886578	0.0000045
all	1618	4	886578	0.0000045
all	1619	2	886578	0.0000023
all	1620	1	886578	0.0000011
all	1621	3	886578	0.0000034
all	1622	4	886578	0.0000045
all	1623	1	886578	0.0000011
all	1624	3	886578	0.0000034
all	1625	1	886578	0.0000011
all	1626	3	886578	0.0000034
all	1627	1	886578	0.0000011
all	1628	4	886578	0.0000045
all	1629	1	886578	0.0000011
all	1630	2	886578	0.0000023
all	1632	1	886578	0.0000011
all	1633	2	886578	0.0000023
all	1634	3	886578	0.0000034
all	1635	1	886578	0.0000011
all	1636	2	886578	0.0000023
all	1638	2	886578	0.0000023
all	1640	1	886578	0.0000011
all	1641	5	886578	0.0000056
all	1642	3	886578	0.0000034
all	1643	1	886578	0.0000011
all	1644	2	886578	0.0000023
all	1645	2	886578	0.0000023
all	1647	3	886578	0.0000034
all	1648	3	886578	0.0000034
all	1649	1	886578	0.0000011
all	1650	3	886578	0.0000034
all	1651	2	886578	0.0000023
all	1652	1	886578	0.0000011
all	1653	4	886578	0.0000045
all	1654	1	886578	0.0000011
all	1655	5	886578	0.0000056
all	1656	4	886578	0.0000045
all	1657	1	886578	0.0000011
all	1658	2	886578	0.0000023
all	1659	1	886578	0.0000011
all	1660	2	886578	0.0000023
all	1661	3	886578	0.0000034
all	1662	2	886578	0.0000023
all	1663	2	886578	0.0000023
all	1664	1	886578	0.0000011
all	1665	3	886578	0.0000034
all	1666	1	886578	0.0000011
all	1667	2	886578	0.0000023
all	1668	1	886578	0.0000011
all	1669	2	886578	0.0000023
all	1670	2	886578	0.0000023
all	1673	1	886578	0.0000011
all	1674	2	886578	0.0000023
all	1675	4	886578	0.0000045
all	1676	1	886578	0.0000011
all	1678	1	886578	0.0000011
all	1679	5	886578	0.0000056
all	1680	2	886578	0.0000023
all	1681	3	886578	0.0000034
all	1683	2	886578	0.0000023
all	1684	1	886578	0.0000011
all	1685	1	886578	0.0000011
all	1686	3	886578	0.0000034
all	1687	3	886578	0.0000034
all	1688	2	886578	0.0000023
all	1689	3	886578	0.0000034
all	1690	1	886578	0.0000011
all	1691	5	886578	0.0000056
all	1692	2	886578	0.0000023
all	1693	3	886578	0.0000034
all	1694	3	886578	0.0000034
all	1696	2	886578	0.0000023
all	1698	2	886578	0.0000023
all	1699	3	886578	0.0000034
all	1700	1	886578	0.0000011
all	1701	4	886578	0.0000045
all	1702	3	886578	0.0000034
all	1703	4	886578	0.0000045
all	1704	3	886578	0.0000034
all	1705	1	886578	0.0000011
all	1706	3	886578	0.0000034
all	1707	3	886578	0.0000034
all	1708	2	886578	0.0000023
all	1709	2	886578	0.0000023
all	1710	2	886578	0.0000023
all	1711	1	886578	0.0000011
all	1712	1	886578	0.0000011
all	1713	1	886578	0.0000011
all	1714	4	886578	0.0000045
all	1715	1	886578	0.0000011
all	1716	3	886578	0.0000034
all	1717	3	886578	0.0000034
all	1718	4	886578	0.0000045
all	1719	2	886578	0.0000023
all	1720	2	886578	0.0000023
all	1721	1	886578	0.0000011
all	1722	1	886578	0.0000011
all	1724	1	886578	0.0000011
all	1725	1	886578	0.0000011
all	1726	3	886578	0.0000034
all	1727	1	886578	0.0000011
all	1728	1	886578	0.0000011
all	1729	1	886578	0.0000011
all	1732	1	886578	0.0000011
all	1734	1	886578	0.0000011
all	1735	3	886578	0.0000034
all	1736	1	886578	0.0000011
all	1737	2	886578	0.0000023
all	1741	2	886578	0.0000023
all	1743	1	886578	0.0000011
all	1744	1	886578	0.0000011
all	1745	2	886578	0.0000023
all	1746	2	886578	0.0000023
all	1747	1	886578	0.0000011
all	1748	2	886578	0.0000023
all	1751	3	886578	0.0000034
all	1752	3	886578	0.0000034
all	1753	3	886578	0.0000034
all	1754	4	886578	0.0000045
all	1755	2	886578	0.0000023
all	1756	2	886578	0.0000023
all	1757	2	886578	0.0000023
all	1758	1	886578	0.0000011
all	1759	5	886578	0.0000056
all	1760	1	886578	0.0000011
all	1761	1	886578	0.0000011
all	1762	2	886578	0.0000023
all	1763	1	886578	0.0000011
all	1765	2	886578	0.0000023
all	1766	2	886578	0.0000023
all	1767	1	886578	0.0000011
all	1768	3	886578	0.0000034
all	1769	1	886578	0.0000011
all	1770	2	886578	0.0000023
all	1771	1	886578	0.0000011
all	1772	1	886578	0.0000011
all	1773	3	886578	0.0000034
all	1774	1	886578	0.0000011
all	1775	1	886578	0.0000011
all	1776	2	886578	0.0000023
all	1777	1	886578	0.0000011
all	1778	1	886578	0.0000011
all	1779	4	886578	0.0000045
all	1780	1	886578	0.0000011
all	1781	3	886578	0.0000034
all	1782	3	886578	0.0000034
all	1783	3	886578	0.0000034
all	1785	4	886578	0.0000045
all	1786	4	886578	0.0000045
all	1787	1	886578	0.0000011
all	1788	3	886578	0.0000034
all	1789	2	886578	0.0000023
all	1790	4	886578	0.0000045
all	1791	5	886578	0.0000056
all	1792	1	886578	0.0000011
all	1793	1	886578	0.0000011
all	1794	6	886578	0.0000068
all	1795	1	886578	0.0000011
all	1796	3	886578	0.0000034
all	1797	5	886578	0.0000056
all	1798	2	886578	0.0000023
all	1799	1	886578	0.0000011
all	1800	1	886578	0.0000011
all	1801	2	886578	0.0000023
all	1803	4	886578	0.0000045
all	1804	4	886578	0.0000045
all	1806	2	886578	0.0000023
all	1810	5	886578	0.0000056
all	1811	1	886578	0.0000011
all	1812	2	886578	0.0000023
all	1813	2	886578	0.0000023
all	1814	4	886578	0.0000045
all	1815	2	886578	0.0000023
all	1816	2	886578	0.0000023
all	1817	1	886578	0.0000011
all	1818	1	886578	0.0000011
all	1819	2	886578	0.0000023
all	1820	1	886578	0.0000011
all	1821	1	886578	0.0000011
all	1822	4	886578	0.0000045
all	1823	2	886578	0.0000023
all	1825	2	886578	0.0000023
all	1826	3	886578	0.0000034
all	1827	3	886578	0.0000034
all	1828	1	886578	0.0000011
all	1829	1	886578	0.0000011
all	1830	3	886578	0.0000034
all	1831	2	886578	0.0000023
all	1832	1	886578	0.0000011
all	1833	1	886578	0.0000011
all	1834	2	886578	0.0000023
all	1835	1	886578	0.0000011
all	1836	2	886578	0.0000023
all	1837	2	886578	0.0000023
all	1838	1	886578	0.0000011
all	1840	2	886578	0.0000023
all	1841	2	886578	0.0000023
all	1842	2	886578	0.0000023
all	1843	1	886578	0.0000011
all	1844	1	886578	0.0000011
all	1846	4	886578	0.0000045
all	1848	2	886578	0.0000023
all	1849	1	886578	0.0000011
all	1850	3	886578	0.0000034
all	1852	2	886578	0.0000023
all	1853	2	886578	0.0000023
all	1855	2	886578	0.0000023
all	1856	1	886578	0.0000011
all	1857	1	886578	0.0000011
all	1858	2	886578	0.0000023
all	1861	3	886578	0.0000034
all	1862	2	886578	0.0000023
all	1863	2	886578	0.0000023
all	1864	3	886578	0.0000034
all	1866	2	886578	0.0000023
all	1868	2	886578	0.0000023
all	1870	3	886578	0.0000034
all	1871	1	886578	0.0000011
all	1872	1	886578	0.0000011
all	1876	1	886578	0.0000011
all	1877	3	886578	0.0000034
all	1878	2	886578	0.0000023
all	1879	2	886578	0.0000023
all	1880	1	886578	0.0000011
all	1881	1	886578	0.0000011
all	1882	3	886578	0.0000034
all	1883	3	886578	0.0000034
all	1884	3	886578	0.0000034
all	1886	2	886578	0.0000023
all	1887	3	886578	0.0000034
all	1888	2	886578	0.0000023
all	1889	3	886578	0.0000034
all	1890	1	886578	0.0000011
all	1891	4	886578	0.0000045
all	1892	2	886578	0.0000023
all	1893	3	886578	0.0000034
all	1895	1	886578	0.0000011
all	1896	1	886578	0.0000011
all	1897	5	886578	0.0000056
all	1898	3	886578	0.0000034
all	1899	2	886578	0.0000023
all	1900	3	886578	0.0000034
all	1902	4	886578	0.0000045
all	1904	2	886578	0.0000023
all	1905	2	886578	0.0000023
all	1907	1	886578	0.0000011
all	1908	4	886578	0.0000045
all	1909	2	886578	0.0000023
all	1911	3	886578	0.0000034
all	1912	2	886578	0.0000023
all	1913	2	886578	0.0000023
all	1914	4	886578	0.0000045
all	1915	3	886578	0.0000034
all	1916	3	886578	0.0000034
all	1917	7	886578	0.0000079
all	1918	1	886578	0.0000011
all	1919	2	886578	0.0000023
all	1920	2	886578	0.0000023
all	1921	4	886578	0.0000045
all	1923	1	886578	0.0000011
all	1924	2	886578	0.0000023
all	1925	4	886578	0.0000045
all	1926	2	886578	0.0000023
all	1927	3	886578	0.0000034
all	1928	2	886578	0.0000023
all	1929	4	886578	0.0000045
all	1930	3	886578	0.0000034
all	1931	1	886578	0.0000011
all	1932	2	886578	0.0000023
all	1933	3	886578	0.0000034
all	1935	2	886578	0.0000023
all	1937	1	886578	0.0000011
all	1938	2	886578	0.0000023
all	1939	2	886578	0.0000023
all	1940	4	886578	0.0000045
all	1941	5	886578	0.0000056
all	1942	1	886578	0.0000011
all	1944	4	886578	0.0000045
all	1945	1	886578	0.0000011
all	1946	2	886578	0.0000023
all	1947	3	886578	0.0000034
all	1948	3	886578	0.0000034
all	1949	5	886578	0.0000056
all	1950	5	886578	0.0000056
all	1951	6	886578	0.0000068
all	1952	2	886578	0.0000023
all	1953	2	886578	0.0000023
all	1954	1	886578	0.0000011
all	1955	2	886578	0.0000023
all	1956	2	886578	0.0000023
all	1957	3	886578	0.0000034
all	1958	1	886578	0.0000011
all	1959	5	886578	0.0000056
all	1960	4	886578	0.0000045
all	1961	5	886578	0.0000056
all	1962	6	886578	0.0000068
all	1963	3	886578	0.0000034
all	1964	5	886578	0.0000056
all	1965	4	886578	0.0000045
all	1966	6	886578	0.0000068
all	1967	3	886578	0.0000034
all	1968	5	886578	0.0000056
all	1969	4	886578	0.0000045
all	1970	3	886578	0.0000034
all	1971	3	886578	0.0000034
all	1972	1	886578	0.0000011
all	1973	4	886578	0.0000045
all	1974	5	886578	0.0000056
all	1975	2	886578	0.0000023
all	1976	5	886578	0.0000056
all	1977	2	886578	0.0000023
all	1978	6	886578	0.0000068
all	1979	3	886578	0.0000034
all	1980	6	886578	0.0000068
all	1982	5	886578	0.0000056
all	1983	2	886578	0.0000023
all	1984	4	886578	0.0000045
all	1985	3	886578	0.0000034
all	1986	2	886578	0.0000023
all	1987	3	886578	0.0000034
all	1988	1	886578	0.0000011
all	1989	3	886578	0.0000034
all	1991	3	886578	0.0000034
all	1992	16	886578	0.0000180
all	1993	1	886578	0.0000011
all	1994	1	886578	0.0000011
all	1995	2	886578	0.0000023
all	1996	4	886578	0.0000045
all	1997	1	886578	0.0000011
all	1998	2	886578	0.0000023
all	1999	2	886578	0.0000023
all	2000	3	886578	0.0000034
all	2001	3	886578	0.0000034
all	2002	3	886578	0.0000034
all	2003	2	886578	0.0000023
all	2005	2	886578	0.0000023
all	2006	3	886578	0.0000034
all	2007	1	886578	0.0000011
all	2008	1	886578	0.0000011
all	2009	2	886578	0.0000023
all	2010	5	886578	0.0000056
all	2011	2	886578	0.0000023
all	2013	2	886578	0.0000023
all	2014	4	886578	0.0000045
all	2015	2	886578	0.0000023
all	2016	1	886578	0.0000011
all	2017	5	886578	0.0000056
all	2018	8	886578	0.0000090
all	2019	1	886578	0.0000011
all	2020	3	886578	0.0000034
all	2021	2	886578	0.0000023
all	2022	2	886578	0.0000023
all	2023	2	886578	0.0000023
all	2025	7	886578	0.0000079
all	2026	2	886578	0.0000023
all	2027	3	886578	0.0000034
all	2028	1	886578	0.0000011
all	2029	3	886578	0.0000034
all	2030	2	886578	0.0000023
all	2031	5	886578	0.0000056
all	2033	2	886578	0.0000023
all	2034	2	886578	0.0000023
all	2035	5	886578	0.0000056
all	2036	3	886578	0.0000034
all	2037	2	886578	0.0000023
all	2038	4	886578	0.0000045
all	2040	4	886578	0.0000045
all	2041	3	886578	0.0000034
all	2042	5	886578	0.0000056
all	2043	3	886578	0.0000034
all	2044	1	886578	0.0000011
all	2045	1	886578	0.0000011
all	2046	1	886578	0.0000011
all	2047	1	886578	0.0000011
all	2048	5	886578	0.0000056
all	2049	2	886578	0.0000023
all	2050	1	886578	0.0000011
all	2051	2	886578	0.0000023
all	2052	2	886578	0.0000023
all	2053	2	886578	0.0000023
all	2054	1	886578	0.0000011
all	2055	4	886578	0.0000045
all	2057	2	886578	0.0000023
all	2058	2	886578	0.0000023
all	2059	1	886578	0.0000011
all	2061	1	886578	0.0000011
all	2062	3	886578	0.0000034
all	2063	1	886578	0.0000011
all	2064	2	886578	0.0000023
all	2065	4	886578	0.0000045
all	2066	3	886578	0.0000034
all	2067	3	886578	0.0000034
all	2068	1	886578	0.0000011
all	2069	1	886578	0.0000011
all	2070	3	886578	0.0000034
all	2071	1	886578	0.0000011
all	2072	1	886578	0.0000011
all	2074	2	886578	0.0000023
all	2075	1	886578	0.0000011
all	2076	3	886578	0.0000034
all	2077	1	886578	0.0000011
all	2078	1	886578	0.0000011
all	2079	1	886578	0.0000011
all	2080	1	886578	0.0000011
all	2081	1	886578	0.0000011
all	2082	3	886578	0.0000034
all	2083	2	886578	0.0000023
all	2084	2	886578	0.0000023
all	2085	2	886578	0.0000023
all	2086	3	886578	0.0000034
all	2087	2	886578	0.0000023
all	2088	2	886578	0.0000023
all	2089	3	886578	0.0000034
all	2090	4	886578	0.0000045
all	2091	2	886578	0.0000023
all	2092	4	886578	0.0000045
all	2093	3	886578	0.0000034
all	2094	3	886578	0.0000034
all	2095	3	886578	0.0000034
all	2096	2	886578	0.0000023
all	2097	2	886578	0.0000023
all	2098	1	886578	0.0000011
all	2099	2	886578	0.0000023
all	2100	3	886578	0.0000034
all	2101	1	886578	0.0000011
all	2102	1	886578	0.0000011
all	2105	1	886578	0.0000011
all	2107	1	886578	0.0000011
all	2108	1	886578	0.0000011
all	2109	1	886578	0.0000011
all	2112	1	886578	0.0000011
all	2114	1	886578	0.0000011
all	2115	1	886578	0.0000011
all	2116	2	886578	0.0000023
all	2118	3	886578	0.0000034
all	2123	2	886578	0.0000023
all	2124	2	886578	0.0000023
all	2125	2	886578	0.0000023
all	2127	1	886578	0.0000011
all	2128	1	886578	0.0000011
all	2129	1	886578	0.0000011
all	2130	2	886578	0.0000023
all	2135	1	886578	0.0000011
all	2136	2	886578	0.0000023
all	2137	1	886578	0.0000011
all	2139	3	886578	0.0000034
all	2140	2	886578	0.0000023
all	2141	2	886578	0.0000023
all	2143	1	886578	0.0000011
all	2145	2	886578	0.0000023
all	2146	1	886578	0.0000011
all	2147	3	886578	0.0000034
all	2148	1	886578	0.0000011
all	2150	1	886578	0.0000011
all	2151	1	886578	0.0000011
all	2152	1	886578	0.0000011
all	2154	2	886578	0.0000023
all	2155	2	886578	0.0000023
all	2157	1	886578	0.0000011
all	2159	1	886578	0.0000011
all	2161	1	886578	0.0000011
all	2162	1	886578	0.0000011
all	2163	1	886578	0.0000011
all	2165	1	886578	0.0000011
all	2167	1	886578	0.0000011
all	2168	3	886578	0.0000034
all	2170	2	886578	0.0000023
all	2172	2	886578	0.0000023
all	2173	2	886578	0.0000023
all	2174	3	886578	0.0000034
all	2175	1	886578	0.0000011
all	2176	2	886578	0.0000023
all	2178	1	886578	0.0000011
all	2180	1	886578	0.0000011
all	2183	1	886578	0.0000011
all	2184	1	886578	0.0000011
all	2187	1	886578	0.0000011
all	2188	3	886578	0.0000034
all	2189	2	886578	0.0000023
all	2190	1	886578	0.0000011
all	2191	1	886578	0.0000011
all	2192	1	886578	0.0000011
all	2193	1	886578	0.0000011
all	2194	1	886578	0.0000011
all	2195	1	886578	0.0000011
all	2200	2	886578	0.0000023
all	2201	3	886578	0.0000034
all	2202	3	886578	0.0000034
all	2204	2	886578	0.0000023
all	2208	2	886578	0.0000023
all	2209	2	886578	0.0000023
all	2210	2	886578	0.0000023
all	2211	1	886578	0.0000011
all	2214	1	886578	0.0000011
all	2217	3	886578	0.0000034
all	2219	1	886578	0.0000011
all	2222	1	886578	0.0000011
all	2223	2	886578	0.0000023
all	2224	1	886578	0.0000011
all	2227	1	886578	0.0000011
all	2228	2	886578	0.0000023
all	2229	1	886578	0.0000011
all	2231	1	886578	0.0000011
all	2232	2	886578	0.0000023
all	2235	1	886578	0.0000011
all	2236	4	886578	0.0000045
all	2237	1	886578	0.0000011
all	2238	3	886578	0.0000034
all	2239	1	886578	0.0000011
all	2240	1	886578	0.0000011
all	2244	3	886578	0.0000034
all	2247	1	886578	0.0000011
all	2248	2	886578	0.0000023
all	2249	1	886578	0.0000011
all	2250	6	886578	0.0000068
all	2252	2	886578	0.0000023
all	2255	1	886578	0.0000011
all	2257	4	886578	0.0000045
all	2258	3	886578	0.0000034
all	2262	2	886578	0.0000023
all	2263	2	886578	0.0000023
all	2264	1	886578	0.0000011
all	2265	2	886578	0.0000023
all	2266	1	886578	0.0000011
all	2267	1	886578	0.0000011
all	2268	1	886578	0.0000011
all	2273	1	886578	0.0000011
all	2275	1	886578	0.0000011
all	2276	1	886578	0.0000011
all	2277	2	886578	0.0000023
all	2279	2	886578	0.0000023
all	2280	1	886578	0.0000011
all	2282	2	886578	0.0000023
all	2283	1	886578	0.0000011
all	2284	1	886578	0.0000011
all	2285	1	886578	0.0000011
all	2286	1	886578	0.0000011
all	2287	2	886578	0.0000023
all	2289	1	886578	0.0000011
all	2291	1	886578	0.0000011
all	2292	1	886578	0.0000011
all	2294	2	886578	0.0000023
all	2295	1	886578	0.0000011
all	2296	1	886578	0.0000011
all	2297	1	886578	0.0000011
all	2299	2	886578	0.0000023
all	2300	3	886578	0.0000034
all	2302	2	886578	0.0000023
all	2303	3	886578	0.0000034
all	2304	2	886578	0.0000023
all	2306	1	886578	0.0000011
all	2307	1	886578	0.0000011
all	2308	2	886578	0.0000023
all	2309	1	886578	0.0000011
all	2310	4	886578	0.0000045
all	2312	1	886578	0.0000011
all	2314	1	886578	0.0000011
all	2316	2	886578	0.0000023
all	2317	2	886578	0.0000023
all	2318	1	886578	0.0000011
all	2319	1	886578	0.0000011
all	2320	2	886578	0.0000023
all	2322	1	886578	0.0000011
all	2323	2	886578	0.0000023
all	2324	2	886578	0.0000023
all	2325	1	886578	0.0000011
all	2328	2	886578	0.0000023
all	2329	7	886578	0.0000079
all	2332	4	886578	0.0000045
all	2333	4	886578	0.0000045
all	2336	4	886578	0.0000045
all	2337	4	886578	0.0000045
all	2338	1	886578	0.0000011
all	2339	2	886578	0.0000023
all	2340	1	886578	0.0000011
all	2341	3	886578	0.0000034
all	2342	1	886578	0.0000011
all	2343	1	886578	0.0000011
all	2344	1	886578	0.0000011
all	2345	3	886578	0.0000034
all	2346	2	886578	0.0000023
all	2347	1	886578	0.0000011
all	2348	1	886578	0.0000011
all	2349	2	886578	0.0000023
all	2350	3	886578	0.0000034
all	2351	1	886578	0.0000011
all	2352	4	886578	0.0000045
all	2353	3	886578	0.0000034
all	2354	3	886578	0.0000034
all	2356	3	886578	0.0000034
all	2357	2	886578	0.0000023
all	2358	3	886578	0.0000034
all	2359	3	886578	0.0000034
all	2360	1	886578	0.0000011
all	2363	1	886578	0.0000011
all	2366	2	886578	0.0000023
all	2369	1	886578	0.0000011
all	2371	2	886578	0.0000023
all	2372	2	886578	0.0000023
all	2374	1	886578	0.0000011
all	2378	1	886578	0.0000011
all	2379	1	886578	0.0000011
all	2381	1	886578	0.0000011
all	2383	1	886578	0.0000011
all	2384	1	886578	0.0000011
all	2386	1	886578	0.0000011
all	2388	2	886578	0.0000023
all	2390	1	886578	0.0000011
all	2393	1	886578	0.0000011
all	2395	1	886578	0.0000011
all	2396	1	886578	0.0000011
all	2397	1	886578	0.0000011
all	2400	2	886578	0.0000023
all	2401	1	886578	0.0000011
all	2402	1	886578	0.0000011
all	2406	1	886578	0.0000011
all	2407	1	886578	0.0000011
all	2409	2	886578	0.0000023
all	2411	1	886578	0.0000011
all	2415	1	886578	0.0000011
all	2416	1	886578	0.0000011
all	2417	2	886578	0.0000023
all	2420	4	886578	0.0000045
all	2421	1	886578	0.0000011
all	2425	1	886578	0.0000011
all	2426	2	886578	0.0000023
all	2427	1	886578	0.0000011
all	2428	1	886578	0.0000011
all	2430	1	886578	0.0000011
all	2431	3	886578	0.0000034
all	2432	1	886578	0.0000011
all	2435	1	886578	0.0000011
all	2438	2	886578	0.0000023
all	2439	2	886578	0.0000023
all	2440	2	886578	0.0000023
all	2442	2	886578	0.0000023
all	2443	2	886578	0.0000023
all	2444	1	886578	0.0000011
all	2448	1	886578	0.0000011
all	2449	1	886578	0.0000011
all	2450	1	886578	0.0000011
all	2451	1	886578	0.0000011
all	2452	1	886578	0.0000011
all	2453	1	886578	0.0000011
all	2454	1	886578	0.0000011
all	2456	2	886578	0.0000023
all	2458	3	886578	0.0000034
all	2459	1	886578	0.0000011
all	2460	1	886578	0.0000011
all	2461	3	886578	0.0000034
all	2462	3	886578	0.0000034
all	2463	2	886578	0.0000023
all	2464	2	886578	0.0000023
all	2466	1	886578	0.0000011
all	2469	2	886578	0.0000023
all	2471	2	886578	0.0000023
all	2472	2	886578	0.0000023
all	2473	1	886578	0.0000011
all	2474	2	886578	0.0000023
all	2475	1	886578	0.0000011
all	2477	4	886578	0.0000045
all	2479	1	886578	0.0000011
all	2480	1	886578	0.0000011
all	2482	1	886578	0.0000011
all	2486	4	886578	0.0000045
all	2487	1	886578	0.0000011
all	2488	1	886578	0.0000011
all	2490	1	886578	0.0000011
all	2491	1	886578	0.0000011
all	2493	2	886578	0.0000023
all	2494	1	886578	0.0000011
all	2495	1	886578	0.0000011
all	2496	2	886578	0.0000023
all	2499	1	886578	0.0000011
all	2500	1	886578	0.0000011
all	2501	1	886578	0.0000011
all	2502	1	886578	0.0000011
all	2503	3	886578	0.0000034
all	2504	3	886578	0.0000034
all	2505	2	886578	0.0000023
all	2506	1	886578	0.0000011
all	2510	3	886578	0.0000034
all	2512	1	886578	0.0000011
all	2513	1	886578	0.0000011
all	2515	1	886578	0.0000011
all	2517	1	886578	0.0000011
all	2519	2	886578	0.0000023
all	2520	3	886578	0.0000034
all	2522	1	886578	0.0000011
all	2525	1	886578	0.0000011
all	2531	2	886578	0.0000023
all	2532	1	886578	0.0000011
all	2533	1	886578	0.0000011
all	2535	1	886578	0.0000011
all	2539	1	886578	0.0000011
all	2540	2	886578	0.0000023
all	2541	2	886578	0.0000023
all	2543	2	886578	0.0000023
all	2544	1	886578	0.0000011
all	2545	2	886578	0.0000023
all	2546	4	886578	0.0000045
all	2547	3	886578	0.0000034
all	2548	2	886578	0.0000023
all	2549	4	886578	0.0000045
all	2550	2	886578	0.0000023
all	2552	2	886578	0.0000023
all	2553	1	886578	0.0000011
all	2554	2	886578	0.0000023
all	2555	1	886578	0.0000011
all	2556	2	886578	0.0000023
all	2558	1	886578	0.0000011
all	2559	2	886578	0.0000023
all	2560	4	886578	0.0000045
all	2562	2	886578	0.0000023
all	2564	2	886578	0.0000023
all	2565	4	886578	0.0000045
all	2566	4	886578	0.0000045
all	2567	4	886578	0.0000045
all	2568	2	886578	0.0000023
all	2569	3	886578	0.0000034
all	2570	5	886578	0.0000056
all	2571	3	886578	0.0000034
all	2572	1	886578	0.0000011
all	2576	1	886578	0.0000011
all	2577	1	886578	0.0000011
all	2578	1	886578	0.0000011
all	2579	2	886578	0.0000023
all	2581	2	886578	0.0000023
all	2582	1	886578	0.0000011
all	2583	4	886578	0.0000045
all	2585	3	886578	0.0000034
all	2586	4	886578	0.0000045
all	2587	2	886578	0.0000023
all	2588	1	886578	0.0000011
all	2589	1	886578	0.0000011
all	2590	1	886578	0.0000011
all	2592	1	886578	0.0000011
all	2595	3	886578	0.0000034
all	2596	2	886578	0.0000023
all	2599	2	886578	0.0000023
all	2602	2	886578	0.0000023
all	2603	1	886578	0.0000011
all	2604	1	886578	0.0000011
all	2605	2	886578	0.0000023
all	2606	1	886578	0.0000011
all	2607	1	886578	0.0000011
all	2608	1	886578	0.0000011
all	2609	1	886578	0.0000011
all	2611	1	886578	0.0000011
all	2612	1	886578	0.0000011
all	2614	3	886578	0.0000034
all	2619	1	886578	0.0000011
all	2620	2	886578	0.0000023
all	2621	1	886578	0.0000011
all	2622	2	886578	0.0000023
all	2623	2	886578	0.0000023
all	2625	1	886578	0.0000011
all	2626	1	886578	0.0000011
all	2627	2	886578	0.0000023
all	2628	1	886578	0.0000011
all	2631	1	886578	0.0000011
all	2632	2	886578	0.0000023
all	2633	1	886578	0.0000011
all	2634	1	886578	0.0000011
all	2635	2	886578	0.0000023
all	2636	1	886578	0.0000011
all	2638	1	886578	0.0000011
all	2639	2	886578	0.0000023
all	2641	1	886578	0.0000011
all	2642	1	886578	0.0000011
all	2643	1	886578	0.0000011
all	2644	1	886578	0.0000011
all	2646	3	886578	0.0000034
all	2648	2	886578	0.0000023
all	2649	3	886578	0.0000034
all	2650	1	886578	0.0000011
all	2651	2	886578	0.0000023
all	2652	1	886578	0.0000011
all	2653	3	886578	0.0000034
all	2654	4	886578	0.0000045
all	2655	3	886578	0.0000034
all	2656	2	886578	0.0000023
all	2657	1	886578	0.0000011
all	2658	1	886578	0.0000011
all	2659	1	886578	0.0000011
all	2660	1	886578	0.0000011
all	2661	3	886578	0.0000034
all	2663	2	886578	0.0000023
all	2664	1	886578	0.0000011
all	2665	3	886578	0.0000034
all	2666	1	886578	0.0000011
all	2667	1	886578	0.0000011
all	2668	3	886578	0.0000034
all	2669	2	886578	0.0000023
all	2670	1	886578	0.0000011
all	2672	3	886578	0.0000034
all	2673	3	886578	0.0000034
all	2675	2	886578	0.0000023
all	2676	1	886578	0.0000011
all	2677	1	886578	0.0000011
all	2678	1	886578	0.0000011
all	2679	5	886578	0.0000056
all	2680	1	886578	0.0000011
all	2681	1	886578	0.0000011
all	2683	1	886578	0.0000011
all	2684	2	886578	0.0000023
all	2685	2	886578	0.0000023
all	2686	2	886578	0.0000023
all	2687	1	886578	0.0000011
all	2688	3	886578	0.0000034
all	2689	3	886578	0.0000034
all	2691	1	886578	0.0000011
all	2693	4	886578	0.0000045
all	2695	3	886578	0.0000034
all	2696	6	886578	0.0000068
all	2697	4	886578	0.0000045
all	2698	6	886578	0.0000068
all	2699	2	886578	0.0000023
all	2700	3	886578	0.0000034
all	2701	1	886578	0.0000011
all	2702	1	886578	0.0000011
all	2703	1	886578	0.0000011
all	2704	3	886578	0.0000034
all	2705	4	886578	0.0000045
all	2706	2	886578	0.0000023
all	2707	4	886578	0.0000045
all	2708	3	886578	0.0000034
all	2711	1	886578	0.0000011
all	2713	1	886578	0.0000011
all	2715	2	886578	0.0000023
all	2717	1	886578	0.0000011
all	2719	2	886578	0.0000023
all	2721	1	886578	0.0000011
all	2723	1	886578	0.0000011
all	2724	2	886578	0.0000023
all	2725	1	886578	0.0000011
all	2730	1	886578	0.0000011
all	2731	1	886578	0.0000011
all	2732	2	886578	0.0000023
all	2733	1	886578	0.0000011
all	2735	1	886578	0.0000011
all	2736	1	886578	0.0000011
all	2737	1	886578	0.0000011
all	2743	2	886578	0.0000023
all	2744	1	886578	0.0000011
all	2745	3	886578	0.0000034
all	2746	1	886578	0.0000011
all	2747	1	886578	0.0000011
all	2750	1	886578	0.0000011
all	2751	3	886578	0.0000034
all	2752	1	886578	0.0000011
all	2753	2	886578	0.0000023
all	2754	1	886578	0.0000011
all	2755	3	886578	0.0000034
all	2758	1	886578	0.0000011
all	2760	1	886578	0.0000011
all	2761	2	886578	0.0000023
all	2763	1	886578	0.0000011
all	2764	1	886578	0.0000011
all	2765	1	886578	0.0000011
all	2768	3	886578	0.0000034
all	2769	1	886578	0.0000011
all	2774	2	886578	0.0000023
all	2782	2	886578	0.0000023
all	2783	1	886578	0.0000011
all	2789	3	886578	0.0000034
all	2792	1	886578	0.0000011
all	2797	1	886578	0.0000011
all	2804	1	886578	0.0000011
all	2806	1	886578	0.0000011
all	2807	1	886578	0.0000011
all	2809	2	886578	0.0000023
all	2810	2	886578	0.0000023
all	2811	1	886578	0.0000011
all	2813	1	886578	0.0000011
all	2814	1	886578	0.0000011
all	2816	1	886578	0.0000011
all	2817	2	886578	0.0000023
all	2820	1	886578	0.0000011
all	2821	2	886578	0.0000023
all	2824	1	886578	0.0000011
all	2825	1	886578	0.0000011
all	2826	1	886578	0.0000011
all	2828	2	886578	0.0000023
all	2829	1	886578	0.0000011
all	2830	2	886578	0.0000023
all	2831	2	886578	0.0000023
all	2833	1	886578	0.0000011
all	2840	1	886578	0.0000011
all	2845	1	886578	0.0000011
all	2846	1	886578	0.0000011
all	2847	1	886578	0.0000011
all	2852	1	886578	0.0000011
all	2853	1	886578	0.0000011
all	2854	1	886578	0.0000011
all	2856	2	886578	0.0000023
all	2861	1	886578	0.0000011
all	2864	1	886578	0.0000011
all	2865	3	886578	0.0000034
all	2869	1	886578	0.0000011
all	2870	1	886578	0.0000011
all	2874	1	886578	0.0000011
all	2875	1	886578	0.0000011
all	2877	1	886578	0.0000011
all	2878	1	886578	0.0000011
all	2880	1	886578	0.0000011
all	2882	1	886578	0.0000011
all	2883	1	886578	0.0000011
all	2884	1	886578	0.0000011
all	2885	1	886578	0.0000011
all	2887	1	886578	0.0000011
all	2888	1	886578	0.0000011
all	2892	1	886578	0.0000011
all	2893	1	886578	0.0000011
all	2898	2	886578	0.0000023
all	2902	1	886578	0.0000011
all	2904	1	886578	0.0000011
all	2910	1	886578	0.0000011
all	2915	1	886578	0.0000011
all	2917	1	886578	0.0000011
all	2921	1	886578	0.0000011
all	2923	1	886578	0.0000011
all	2924	1	886578	0.0000011
all	2928	1	886578	0.0000011
all	2930	1	886578	0.0000011
all	2935	1	886578	0.0000011
all	2936	1	886578	0.0000011
all	2940	2	886578	0.0000023
all	2944	1	886578	0.0000011
all	2953	1	886578	0.0000011
all	2956	1	886578	0.0000011
all	2957	1	886578	0.0000011
all	2958	1	886578	0.0000011
all	2960	1	886578	0.0000011
all	2961	1	886578	0.0000011
all	2964	1	886578	0.0000011
all	2965	1	886578	0.0000011
all	2969	2	886578	0.0000023
all	2970	1	886578	0.0000011
all	2971	2	886578	0.0000023
all	2973	1	886578	0.0000011
all	2974	2	886578	0.0000023
all	2975	2	886578	0.0000023
all	2976	1	886578	0.0000011
all	2984	1	886578	0.0000011
all	2985	2	886578	0.0000023
all	2987	1	886578	0.0000011
all	2988	2	886578	0.0000023
all	2990	1	886578	0.0000011
all	2994	1	886578	0.0000011
all	2995	2	886578	0.0000023
all	2996	1	886578	0.0000011
all	2997	1	886578	0.0000011
all	2998	2	886578	0.0000023
all	2999	1	886578	0.0000011
all	3000	1	886578	0.0000011
all	3001	1	886578	0.0000011
all	3003	1	886578	0.0000011
all	3005	1	886578	0.0000011
all	3007	3	886578	0.0000034
all	3009	2	886578	0.0000023
all	3010	1	886578	0.0000011
all	3016	1	886578	0.0000011
all	3017	1	886578	0.0000011
all	3018	1	886578	0.0000011
all	3019	1	886578	0.0000011
all	3022	1	886578	0.0000011
all	3025	1	886578	0.0000011
all	3027	1	886578	0.0000011
all	3028	1	886578	0.0000011
all	3029	1	886578	0.0000011
all	3030	4	886578	0.0000045
all	3033	2	886578	0.0000023
all	3036	2	886578	0.0000023
all	3037	1	886578	0.0000011
all	3039	1	886578	0.0000011
all	3040	2	886578	0.0000023
all	3041	2	886578	0.0000023
all	3042	2	886578	0.0000023
all	3043	1	886578	0.0000011
all	3044	1	886578	0.0000011
all	3045	2	886578	0.0000023
all	3047	1	886578	0.0000011
all	3049	2	886578	0.0000023
all	3051	1	886578	0.0000011
all	3052	1	886578	0.0000011
all	3053	1	886578	0.0000011
all	3056	1	886578	0.0000011
all	3057	1	886578	0.0000011
all	3058	1	886578	0.0000011
all	3059	2	886578	0.0000023
all	3060	1	886578	0.0000011
all	3061	1	886578	0.0000011
all	3067	1	886578	0.0000011
all	3070	2	886578	0.0000023
all	3073	1	886578	0.0000011
all	3075	2	886578	0.0000023
all	3077	1	886578	0.0000011
all	3080	1	886578	0.0000011
all	3083	2	886578	0.0000023
all	3085	1	886578	0.0000011
all	3086	1	886578	0.0000011
all	3090	1	886578	0.0000011
all	3095	1	886578	0.0000011
all	3096	1	886578	0.0000011
all	3099	1	886578	0.0000011
all	3104	1	886578	0.0000011
all	3105	1	886578	0.0000011
all	3106	2	886578	0.0000023
all	3108	1	886578	0.0000011
all	3112	1	886578	0.0000011
all	3116	2	886578	0.0000023
all	3119	1	886578	0.0000011
all	3121	1	886578	0.0000011
all	3128	1	886578	0.0000011
all	3129	1	886578	0.0000011
all	3130	1	886578	0.0000011
all	3131	1	886578	0.0000011
all	3132	1	886578	0.0000011
all	3133	1	886578	0.0000011
all	3134	1	886578	0.0000011
all	3135	2	886578	0.0000023
all	3137	1	886578	0.0000011
all	3140	3	886578	0.0000034
all	3143	1	886578	0.0000011
all	3146	1	886578	0.0000011
all	3148	2	886578	0.0000023
all	3150	1	886578	0.0000011
all	3153	1	886578	0.0000011
all	3154	1	886578	0.0000011
all	3157	3	886578	0.0000034
all	3160	1	886578	0.0000011
all	3161	1	886578	0.0000011
all	3167	1	886578	0.0000011
all	3170	1	886578	0.0000011
all	3172	1	886578	0.0000011
all	3173	1	886578	0.0000011
all	3174	1	886578	0.0000011
all	3182	1	886578	0.0000011
all	3183	2	886578	0.0000023
all	3187	1	886578	0.0000011
all	3188	1	886578	0.0000011
all	3189	2	886578	0.0000023
all	3190	1	886578	0.0000011
all	3192	4	886578	0.0000045
all	3193	1	886578	0.0000011
all	3200	2	886578	0.0000023
all	3203	2	886578	0.0000023
all	3205	1	886578	0.0000011
all	3206	2	886578	0.0000023
all	3208	1	886578	0.0000011
all	3210	1	886578	0.0000011
all	3211	2	886578	0.0000023
all	3212	3	886578	0.0000034
all	3213	1	886578	0.0000011
all	3214	2	886578	0.0000023
all	3216	1	886578	0.0000011
all	3219	1	886578	0.0000011
all	3221	1	886578	0.0000011
all	3223	1	886578	0.0000011
all	3226	1	886578	0.0000011
all	3227	2	886578	0.0000023
all	3229	1	886578	0.0000011
all	3232	1	886578	0.0000011
all	3233	1	886578	0.0000011
all	3234	1	886578	0.0000011
all	3235	1	886578	0.0000011
all	3236	1	886578	0.0000011
all	3237	3	886578	0.0000034
all	3238	1	886578	0.0000011
all	3239	1	886578	0.0000011
all	3241	2	886578	0.0000023
all	3243	1	886578	0.0000011
all	3244	1	886578	0.0000011
all	3247	1	886578	0.0000011
all	3249	2	886578	0.0000023
all	3250	1	886578	0.0000011
all	3255	1	886578	0.0000011
all	3256	2	886578	0.0000023
all	3261	1	886578	0.0000011
all	3262	1	886578	0.0000011
all	3264	1	886578	0.0000011
all	3265	1	886578	0.0000011
all	3266	1	886578	0.0000011
all	3268	2	886578	0.0000023
all	3269	1	886578	0.0000011
all	3270	1	886578	0.0000011
all	3273	3	886578	0.0000034
all	3277	1	886578	0.0000011
all	3278	1	886578	0.0000011
all	3279	1	886578	0.0000011
all	3282	1	886578	0.0000011
all	3283	1	886578	0.0000011
all	3284	1	886578	0.0000011
all	3285	1	886578	0.0000011
all	3290	1	886578	0.0000011
all	3291	1	886578	0.0000011
all	3292	1	886578	0.0000011
all	3293	1	886578	0.0000011
all	3296	1	886578	0.0000011
all	3298	1	886578	0.0000011
all	3302	1	886578	0.0000011
all	3305	1	886578	0.0000011
all	3309	1	886578	0.0000011
all	3310	1	886578	0.0000011
all	3314	2	886578	0.0000023
all	3317	1	886578	0.0000011
all	3320	1	886578	0.0000011
all	3321	2	886578	0.0000023
all	3324	1	886578	0.0000011
all	3326	1	886578	0.0000011
all	3328	1	886578	0.0000011
all	3329	3	886578	0.0000034
all	3330	2	886578	0.0000023
all	3333	1	886578	0.0000011
all	3334	1	886578	0.0000011
all	3336	1	886578	0.0000011
all	3342	1	886578	0.0000011
all	3343	1	886578	0.0000011
all	3344	1	886578	0.0000011
all	3346	1	886578	0.0000011
all	3351	2	886578	0.0000023
all	3353	2	886578	0.0000023
all	3354	1	886578	0.0000011
all	3355	1	886578	0.0000011
all	3357	1	886578	0.0000011
all	3359	1	886578	0.0000011
all	3361	3	886578	0.0000034
all	3363	1	886578	0.0000011
all	3367	1	886578	0.0000011
all	3368	1	886578	0.0000011
all	3369	2	886578	0.0000023
all	3371	1	886578	0.0000011
all	3373	1	886578	0.0000011
all	3375	1	886578	0.0000011
all	3377	1	886578	0.0000011
all	3378	1	886578	0.0000011
all	3379	2	886578	0.0000023
all	3380	2	886578	0.0000023
all	3381	1	886578	0.0000011
all	3384	1	886578	0.0000011
all	3387	2	886578	0.0000023
all	3391	1	886578	0.0000011
all	3393	2	886578	0.0000023
all	3395	3	886578	0.0000034
all	3396	2	886578	0.0000023
all	3401	1	886578	0.0000011
all	3402	2	886578	0.0000023
all	3403	1	886578	0.0000011
all	3405	1	886578	0.0000011
all	3406	1	886578	0.0000011
all	3407	1	886578	0.0000011
all	3409	2	886578	0.0000023
all	3410	1	886578	0.0000011
all	3413	2	886578	0.0000023
all	3414	1	886578	0.0000011
all	3415	4	886578	0.0000045
all	3418	4	886578	0.0000045
all	3419	1	886578	0.0000011
all	3420	1	886578	0.0000011
all	3421	2	886578	0.0000023
all	3422	1	886578	0.0000011
all	3423	1	886578	0.0000011
all	3424	2	886578	0.0000023
all	3427	1	886578	0.0000011
all	3430	3	886578	0.0000034
all	3431	1	886578	0.0000011
all	3433	1	886578	0.0000011
all	3437	1	886578	0.0000011
all	3439	1	886578	0.0000011
all	3441	1	886578	0.0000011
all	3443	1	886578	0.0000011
all	3447	1	886578	0.0000011
all	3449	2	886578	0.0000023
all	3453	1	886578	0.0000011
all	3462	1	886578	0.0000011
all	3466	3	886578	0.0000034
all	3467	1	886578	0.0000011
all	3468	1	886578	0.0000011
all	3469	1	886578	0.0000011
all	3471	1	886578	0.0000011
all	3476	1	886578	0.0000011
all	3477	2	886578	0.0000023
all	3479	1	886578	0.0000011
all	3482	2	886578	0.0000023
all	3483	2	886578	0.0000023
all	3486	1	886578	0.0000011
all	3490	1	886578	0.0000011
all	3492	1	886578	0.0000011
all	3497	1	886578	0.0000011
all	3498	1	886578	0.0000011
all	3499	1	886578	0.0000011
all	3501	2	886578	0.0000023
all	3502	1	886578	0.0000011
all	3503	2	886578	0.0000023
all	3504	2	886578	0.0000023
all	3507	1	886578	0.0000011
all	3509	1	886578	0.0000011
all	3510	2	886578	0.0000023
all	3514	1	886578	0.0000011
all	3517	2	886578	0.0000023
all	3518	2	886578	0.0000023
all	3522	1	886578	0.0000011
all	3526	2	886578	0.0000023
all	3527	1	886578	0.0000011
all	3530	1	886578	0.0000011
all	3533	3	886578	0.0000034
all	3534	3	886578	0.0000034
all	3536	1	886578	0.0000011
all	3538	3	886578	0.0000034
all	3540	1	886578	0.0000011
all	3542	1	886578	0.0000011
all	3543	1	886578	0.0000011
all	3547	1	886578	0.0000011
all	3556	1	886578	0.0000011
all	3557	1	886578	0.0000011
all	3558	1	886578	0.0000011
all	3559	1	886578	0.0000011
all	3563	1	886578	0.0000011
all	3564	1	886578	0.0000011
all	3573	1	886578	0.0000011
all	3574	2	886578	0.0000023
all	3576	2	886578	0.0000023
all	3578	2	886578	0.0000023
all	3580	1	886578	0.0000011
all	3584	1	886578	0.0000011
all	3586	1	886578	0.0000011
all	3588	1	886578	0.0000011
all	3594	2	886578	0.0000023
all	3596	1	886578	0.0000011
all	3598	1	886578	0.0000011
all	3601	1	886578	0.0000011
all	3602	2	886578	0.0000023
all	3603	1	886578	0.0000011
all	3608	1	886578	0.0000011
all	3612	1	886578	0.0000011
all	3615	1	886578	0.0000011
all	3616	2	886578	0.0000023
all	3617	1	886578	0.0000011
all	3618	1	886578	0.0000011
all	3619	1	886578	0.0000011
all	3620	1	886578	0.0000011
all	3621	1	886578	0.0000011
all	3623	1	886578	0.0000011
all	3626	2	886578	0.0000023
all	3627	2	886578	0.0000023
all	3628	1	886578	0.0000011
all	3629	1	886578	0.0000011
all	3630	1	886578	0.0000011
all	3631	2	886578	0.0000023
all	3634	3	886578	0.0000034
all	3636	1	886578	0.0000011
all	3639	1	886578	0.0000011
all	3642	1	886578	0.0000011
all	3646	1	886578	0.0000011
all	3647	2	886578	0.0000023
all	3648	1	886578	0.0000011
all	3649	2	886578	0.0000023
all	3650	2	886578	0.0000023
all	3661	3	886578	0.0000034
all	3662	2	886578	0.0000023
all	3664	3	886578	0.0000034
all	3667	1	886578	0.0000011
all	3668	1	886578	0.0000011
all	3670	1	886578	0.0000011
all	3671	2	886578	0.0000023
all	3674	3	886578	0.0000034
all	3677	2	886578	0.0000023
all	3681	1	886578	0.0000011
all	3683	1	886578	0.0000011
all	3685	1	886578	0.0000011
all	3688	1	886578	0.0000011
all	3692	2	886578	0.0000023
all	3695	1	886578	0.0000011
all	3696	1	886578	0.0000011
all	3700	2	886578	0.0000023
all	3701	1	886578	0.0000011
all	3703	1	886578	0.0000011
all	3704	1	886578	0.0000011
all	3705	3	886578	0.0000034
all	3707	1	886578	0.0000011
all	3708	2	886578	0.0000023
all	3709	1	886578	0.0000011
all	3712	2	886578	0.0000023
all	3713	1	886578	0.0000011
all	3714	2	886578	0.0000023
all	3715	2	886578	0.0000023
all	3716	2	886578	0.0000023
all	3718	1	886578	0.0000011
all	3719	1	886578	0.0000011
all	3721	1	886578	0.0000011
all	3722	1	886578	0.0000011
all	3723	2	886578	0.0000023
all	3724	1	886578	0.0000011
all	3725	2	886578	0.0000023
all	3728	1	886578	0.0000011
all	3732	1	886578	0.0000011
all	3733	3	886578	0.0000034
all	3734	2	886578	0.0000023
all	3735	2	886578	0.0000023
all	3736	3	886578	0.0000034
all	3737	1	886578	0.0000011
all	3739	1	886578	0.0000011
all	3742	1	886578	0.0000011
all	3743	1	886578	0.0000011
all	3745	1	886578	0.0000011
all	3747	2	886578	0.0000023
all	3748	1	886578	0.0000011
all	3749	1	886578	0.0000011
all	3751	1	886578	0.0000011
all	3752	1	886578	0.0000011
all	3753	1	886578	0.0000011
all	3754	1	886578	0.0000011
all	3757	1	886578	0.0000011
all	3760	1	886578	0.0000011
all	3761	1	886578	0.0000011
all	3762	2	886578	0.0000023
all	3763	1	886578	0.0000011
all	3764	2	886578	0.0000023
all	3766	2	886578	0.0000023
all	3767	2	886578	0.0000023
all	3769	1	886578	0.0000011
all	3770	1	886578	0.0000011
all	3772	2	886578	0.0000023
all	3774	3	886578	0.0000034
all	3776	1	886578	0.0000011
all	3777	1	886578	0.0000011
all	3778	1	886578	0.0000011
all	3783	1	886578	0.0000011
all	3787	1	886578	0.0000011
all	3788	1	886578	0.0000011
all	3790	1	886578	0.0000011
all	3793	1	886578	0.0000011
all	3795	1	886578	0.0000011
all	3796	1	886578	0.0000011
all	3797	1	886578	0.0000011
all	3803	2	886578	0.0000023
all	3809	1	886578	0.0000011
all	3810	1	886578	0.0000011
all	3812	2	886578	0.0000023
all	3816	1	886578	0.0000011
all	3817	1	886578	0.0000011
all	3819	1	886578	0.0000011
all	3824	2	886578	0.0000023
all	3828	1	886578	0.0000011
all	3834	1	886578	0.0000011
all	3837	1	886578	0.0000011
all	3838	1	886578	0.0000011
all	3842	1	886578	0.0000011
all	3843	3	886578	0.0000034
all	3844	1	886578	0.0000011
all	3845	1	886578	0.0000011
all	3846	1	886578	0.0000011
all	3847	3	886578	0.0000034
all	3848	1	886578	0.0000011
all	3849	1	886578	0.0000011
all	3857	1	886578	0.0000011
all	3858	2	886578	0.0000023
all	3859	3	886578	0.0000034
all	3861	3	886578	0.0000034
all	3864	1	886578	0.0000011
all	3866	1	886578	0.0000011
all	3867	1	886578	0.0000011
all	3868	1	886578	0.0000011
all	3872	1	886578	0.0000011
all	3873	2	886578	0.0000023
all	3874	2	886578	0.0000023
all	3875	1	886578	0.0000011
all	3885	2	886578	0.0000023
all	3888	2	886578	0.0000023
all	3891	1	886578	0.0000011
all	3892	1	886578	0.0000011
all	3893	3	886578	0.0000034
all	3896	1	886578	0.0000011
all	3898	2	886578	0.0000023
all	3899	2	886578	0.0000023
all	3909	1	886578	0.0000011
all	3910	1	886578	0.0000011
all	3914	1	886578	0.0000011
all	3915	1	886578	0.0000011
all	3919	1	886578	0.0000011
all	3925	1	886578	0.0000011
all	3931	1	886578	0.0000011
all	3935	2	886578	0.0000023
all	3943	1	886578	0.0000011
all	3945	1	886578	0.0000011
all	3948	1	886578	0.0000011
all	3957	1	886578	0.0000011
all	3961	1	886578	0.0000011
all	3964	1	886578	0.0000011
all	3965	1	886578	0.0000011
all	3968	2	886578	0.0000023
all	3973	2	886578	0.0000023
all	3976	2	886578	0.0000023
all	3979	1	886578	0.0000011
all	3980	1	886578	0.0000011
all	3982	1	886578	0.0000011
all	3983	1	886578	0.0000011
all	3987	1	886578	0.0000011
all	3992	2	886578	0.0000023
all	3995	2	886578	0.0000023
all	3997	1	886578	0.0000011
all	3999	3	886578	0.0000034
all	4001	1	886578	0.0000011
all	4004	1	886578	0.0000011
all	4005	1	886578	0.0000011
all	4008	2	886578	0.0000023
all	4012	1	886578	0.0000011
all	4014	1	886578	0.0000011
all	4018	1	886578	0.0000011
all	4020	2	886578	0.0000023
all	4021	1	886578	0.0000011
all	4022	1	886578	0.0000011
all	4023	1	886578	0.0000011
all	4024	1	886578	0.0000011
all	4025	1	886578	0.0000011
all	4028	2	886578	0.0000023
all	4029	1	886578	0.0000011
all	4031	4	886578	0.0000045
all	4035	1	886578	0.0000011
all	4036	1	886578	0.0000011
all	4038	1	886578	0.0000011
all	4040	1	886578	0.0000011
all	4041	1	886578	0.0000011
all	4052	2	886578	0.0000023
all	4053	1	886578	0.0000011
all	4056	1	886578	0.0000011
all	4057	1	886578	0.0000011
all	4060	1	886578	0.0000011
all	4063	1	886578	0.0000011
all	4064	1	886578	0.0000011
all	4066	1	886578	0.0000011
all	4069	2	886578	0.0000023
all	4070	2	886578	0.0000023
all	4072	1	886578	0.0000011
all	4073	1	886578	0.0000011
all	4074	1	886578	0.0000011
all	4077	1	886578	0.0000011
all	4079	1	886578	0.0000011
all	4084	2	886578	0.0000023
all	4085	1	886578	0.0000011
all	4086	1	886578	0.0000011
all	4087	1	886578	0.0000011
all	4092	1	886578	0.0000011
all	4093	1	886578	0.0000011
all	4102	1	886578	0.0000011
all	4106	2	886578	0.0000023
all	4112	1	886578	0.0000011
all	4121	1	886578	0.0000011
all	4128	1	886578	0.0000011
all	4130	1	886578	0.0000011
all	4132	1	886578	0.0000011
all	4139	1	886578	0.0000011
all	4143	1	886578	0.0000011
all	4149	1	886578	0.0000011
all	4155	1	886578	0.0000011
all	4164	1	886578	0.0000011
all	4172	1	886578	0.0000011
all	4175	1	886578	0.0000011
all	4181	1	886578	0.0000011
all	4182	1	886578	0.0000011
all	4184	1	886578	0.0000011
all	4195	1	886578	0.0000011
all	4197	1	886578	0.0000011
all	4198	1	886578	0.0000011
all	4201	1	886578	0.0000011
all	4205	1	886578	0.0000011
all	4207	1	886578	0.0000011
all	4210	1	886578	0.0000011
all	4211	1	886578	0.0000011
all	4212	1	886578	0.0000011
all	4219	1	886578	0.0000011
all	4224	1	886578	0.0000011
all	4227	1	886578	0.0000011
all	4228	1	886578	0.0000011
all	4240	1	886578	0.0000011
all	4245	4	886578	0.0000045
all	4251	1	886578	0.0000011
all	4254	2	886578	0.0000023
all	4255	2	886578	0.0000023
all	4257	1	886578	0.0000011
all	4258	2	886578	0.0000023
all	4260	1	886578	0.0000011
all	4261	1	886578	0.0000011
all	4262	1	886578	0.0000011
all	4263	1	886578	0.0000011
all	4264	1	886578	0.0000011
all	4269	1	886578	0.0000011
all	4270	2	886578	0.0000023
all	4271	3	886578	0.0000034
all	4272	1	886578	0.0000011
all	4276	1	886578	0.0000011
all	4277	3	886578	0.0000034
all	4278	1	886578	0.0000011
all	4282	4	886578	0.0000045
all	4283	1	886578	0.0000011
all	4292	1	886578	0.0000011
all	4299	1	886578	0.0000011
all	4301	1	886578	0.0000011
all	4307	1	886578	0.0000011
all	4310	1	886578	0.0000011
all	4313	2	886578	0.0000023
all	4316	1	886578	0.0000011
all	4333	1	886578	0.0000011
all	4335	2	886578	0.0000023
all	4341	1	886578	0.0000011
all	4353	1	886578	0.0000011
all	4361	1	886578	0.0000011
all	4362	1	886578	0.0000011
all	4375	1	886578	0.0000011
all	4384	1	886578	0.0000011
all	4386	1	886578	0.0000011
all	4389	1	886578	0.0000011
all	4397	1	886578	0.0000011
all	4400	2	886578	0.0000023
all	4403	1	886578	0.0000011
all	4408	1	886578	0.0000011
all	4409	2	886578	0.0000023
all	4411	1	886578	0.0000011
all	4412	2	886578	0.0000023
all	4415	1	886578	0.0000011
all	4425	1	886578	0.0000011
all	4428	1	886578	0.0000011
all	4429	1	886578	0.0000011
all	4439	1	886578	0.0000011
all	4445	1	886578	0.0000011
all	4446	1	886578	0.0000011
all	4448	2	886578	0.0000023
all	4454	1	886578	0.0000011
all	4455	1	886578	0.0000011
all	4458	1	886578	0.0000011
all	4463	2	886578	0.0000023
all	4465	2	886578	0.0000023
all	4474	1	886578	0.0000011
all	4476	1	886578	0.0000011
all	4479	1	886578	0.0000011
all	4486	1	886578	0.0000011
all	4487	1	886578	0.0000011
all	4490	1	886578	0.0000011
all	4492	1	886578	0.0000011
all	4496	1	886578	0.0000011
all	4499	1	886578	0.0000011
all	4508	1	886578	0.0000011
all	4509	1	886578	0.0000011
all	4512	1	886578	0.0000011
all	4519	1	886578	0.0000011
all	4521	1	886578	0.0000011
all	4526	2	886578	0.0000023
all	4527	1	886578	0.0000011
all	4528	1	886578	0.0000011
all	4532	2	886578	0.0000023
all	4536	1	886578	0.0000011
all	4540	1	886578	0.0000011
all	4550	1	886578	0.0000011
all	4559	1	886578	0.0000011
all	4560	1	886578	0.0000011
all	4562	1	886578	0.0000011
all	4563	1	886578	0.0000011
all	4570	1	886578	0.0000011
all	4577	1	886578	0.0000011
all	4578	1	886578	0.0000011
all	4581	2	886578	0.0000023
all	4583	1	886578	0.0000011
all	4591	1	886578	0.0000011
all	4592	1	886578	0.0000011
all	4593	2	886578	0.0000023
all	4595	1	886578	0.0000011
all	4598	2	886578	0.0000023
all	4599	1	886578	0.0000011
all	4602	1	886578	0.0000011
all	4611	1	886578	0.0000011
all	4616	1	886578	0.0000011
all	4617	1	886578	0.0000011
all	4622	2	886578	0.0000023
all	4623	1	886578	0.0000011
all	4626	1	886578	0.0000011
all	4633	1	886578	0.0000011
all	4634	1	886578	0.0000011
all	4636	1	886578	0.0000011
all	4641	1	886578	0.0000011
all	4643	1	886578	0.0000011
all	4644	1	886578	0.0000011
all	4645	1	886578	0.0000011
all	4646	1	886578	0.0000011
all	4649	1	886578	0.0000011
all	4650	1	886578	0.0000011
all	4654	1	886578	0.0000011
all	4668	1	886578	0.0000011
all	4672	1	886578	0.0000011
all	4683	1	886578	0.0000011
all	4689	1	886578	0.0000011
all	4702	1	886578	0.0000011
all	4705	1	886578	0.0000011
all	4707	2	886578	0.0000023
all	4708	1	886578	0.0000011
all	4712	1	886578	0.0000011
all	4715	1	886578	0.0000011
all	4719	1	886578	0.0000011
all	4721	2	886578	0.0000023
all	4727	1	886578	0.0000011
all	4734	1	886578	0.0000011
all	4736	1	886578	0.0000011
all	4748	1	886578	0.0000011
all	4753	1	886578	0.0000011
all	4761	2	886578	0.0000023
all	4766	1	886578	0.0000011
all	4772	1	886578	0.0000011
all	4775	1	886578	0.0000011
all	4787	1	886578	0.0000011
all	4789	1	886578	0.0000011
all	4791	1	886578	0.0000011
all	4792	1	886578	0.0000011
all	4795	1	886578	0.0000011
all	4800	1	886578	0.0000011
all	4803	1	886578	0.0000011
all	4805	1	886578	0.0000011
all	4806	1	886578	0.0000011
all	4808	1	886578	0.0000011
all	4809	1	886578	0.0000011
all	4816	1	886578	0.0000011
all	4818	2	886578	0.0000023
all	4819	1	886578	0.0000011
all	4820	1	886578	0.0000011
all	4831	1	886578	0.0000011
all	4835	1	886578	0.0000011
all	4842	1	886578	0.0000011
all	4845	1	886578	0.0000011
all	4848	1	886578	0.0000011
all	4850	1	886578	0.0000011
all	4864	1	886578	0.0000011
all	4867	1	886578	0.0000011
all	4871	1	886578	0.0000011
all	4873	1	886578	0.0000011
all	4878	1	886578	0.0000011
all	4880	1	886578	0.0000011
all	4883	1	886578	0.0000011
all	4889	1	886578	0.0000011
all	4892	1	886578	0.0000011
all	4905	1	886578	0.0000011
all	4910	1	886578	0.0000011
all	4915	1	886578	0.0000011
all	4922	2	886578	0.0000023
all	4923	1	886578	0.0000011
all	4931	1	886578	0.0000011
all	4932	1	886578	0.0000011
all	4936	1	886578	0.0000011
all	4939	1	886578	0.0000011
all	4941	1	886578	0.0000011
all	4947	1	886578	0.0000011
all	4948	1	886578	0.0000011
all	4959	1	886578	0.0000011
all	4964	1	886578	0.0000011
all	4970	1	886578	0.0000011
all	4971	1	886578	0.0000011
all	4975	1	886578	0.0000011
all	4977	1	886578	0.0000011
all	4980	1	886578	0.0000011
all	4981	1	886578	0.0000011
all	4989	1	886578	0.0000011
all	4992	1	886578	0.0000011
all	5003	2	886578	0.0000023
all	5006	1	886578	0.0000011
all	5010	2	886578	0.0000023
all	5020	1	886578	0.0000011
all	5022	1	886578	0.0000011
all	5025	1	886578	0.0000011
all	5032	1	886578	0.0000011
all	5035	1	886578	0.0000011
all	5039	1	886578	0.0000011
all	5040	1	886578	0.0000011
all	5041	2	886578	0.0000023
all	5044	1	886578	0.0000011
all	5045	1	886578	0.0000011
all	5048	1	886578	0.0000011
all	5053	1	886578	0.0000011
all	5060	1	886578	0.0000011
all	5063	1	886578	0.0000011
all	5064	2	886578	0.0000023
all	5067	1	886578	0.0000011
all	5068	1	886578	0.0000011
all	5074	1	886578	0.0000011
all	5076	1	886578	0.0000011
all	5077	2	886578	0.0000023
all	5078	1	886578	0.0000011
all	5082	2	886578	0.0000023
all	5086	1	886578	0.0000011
all	5091	1	886578	0.0000011
all	5092	1	886578	0.0000011
all	5093	1	886578	0.0000011
all	5094	1	886578	0.0000011
all	5096	1	886578	0.0000011
all	5097	1	886578	0.0000011
all	5099	2	886578	0.0000023
all	5100	1	886578	0.0000011
all	5113	1	886578	0.0000011
all	5117	1	886578	0.0000011
all	5122	1	886578	0.0000011
all	5125	1	886578	0.0000011
all	5145	1	886578	0.0000011
all	5154	1	886578	0.0000011
all	5157	1	886578	0.0000011
all	5159	2	886578	0.0000023
all	5160	1	886578	0.0000011
all	5182	1	886578	0.0000011
all	5186	1	886578	0.0000011
all	5202	1	886578	0.0000011
all	5209	1	886578	0.0000011
all	5225	1	886578	0.0000011
all	5235	1	886578	0.0000011
all	5243	1	886578	0.0000011
all	5251	1	886578	0.0000011
all	5262	1	886578	0.0000011
all	5268	1	886578	0.0000011
all	5282	1	886578	0.0000011
all	5284	1	886578	0.0000011
all	5296	1	886578	0.0000011
all	5304	1	886578	0.0000011
all	5306	1	886578	0.0000011
all	5311	1	886578	0.0000011
all	5317	1	886578	0.0000011
all	5318	1	886578	0.0000011
all	5324	1	886578	0.0000011
all	5340	1	886578	0.0000011
all	5357	1	886578	0.0000011
all	5360	2	886578	0.0000023
all	5362	1	886578	0.0000011
all	5365	1	886578	0.0000011
all	5377	1	886578	0.0000011
all	5386	1	886578	0.0000011
all	5387	1	886578	0.0000011
all	5394	1	886578	0.0000011
all	5404	1	886578	0.0000011
all	5405	2	886578	0.0000023
all	5413	1	886578	0.0000011
all	5421	1	886578	0.0000011
all	5423	1	886578	0.0000011
all	5424	1	886578	0.0000011
all	5425	1	886578	0.0000011
all	5428	1	886578	0.0000011
all	5431	1	886578	0.0000011
all	5433	1	886578	0.0000011
all	5434	1	886578	0.0000011
all	5435	2	886578	0.0000023
all	5437	1	886578	0.0000011
all	5444	1	886578	0.0000011
all	5450	1	886578	0.0000011
all	5453	2	886578	0.0000023
all	5458	1	886578	0.0000011
all	5461	1	886578	0.0000011
all	5469	1	886578	0.0000011
all	5470	1	886578	0.0000011
all	5473	1	886578	0.0000011
all	5475	2	886578	0.0000023
all	5479	1	886578	0.0000011
all	5481	1	886578	0.0000011
all	5484	2	886578	0.0000023
all	5485	1	886578	0.0000011
all	5487	1	886578	0.0000011
all	5488	1	886578	0.0000011
all	5490	1	886578	0.0000011
all	5495	1	886578	0.0000011
all	5501	2	886578	0.0000023
all	5502	4	886578	0.0000045
all	5508	2	886578	0.0000023
all	5509	1	886578	0.0000011
all	5510	1	886578	0.0000011
all	5515	2	886578	0.0000023
all	5534	1	886578	0.0000011
all	5555	1	886578	0.0000011
all	5570	1	886578	0.0000011
all	5577	1	886578	0.0000011
all	5578	1	886578	0.0000011
all	5612	1	886578	0.0000011
all	5618	1	886578	0.0000011
all	5619	1	886578	0.0000011
all	5623	2	886578	0.0000023
all	5638	1	886578	0.0000011
all	5692	1	886578	0.0000011
all	5700	1	886578	0.0000011
all	5701	1	886578	0.0000011
all	5728	1	886578	0.0000011
all	5748	1	886578	0.0000011
all	5765	1	886578	0.0000011
all	5767	1	886578	0.0000011
all	5769	1	886578	0.0000011
all	5770	1	886578	0.0000011
all	5801	1	886578	0.0000011
all	5810	2	886578	0.0000023
all	5839	1	886578	0.0000011
all	5843	1	886578	0.0000011
all	5850	1	886578	0.0000011
all	5861	1	886578	0.0000011
all	5869	1	886578	0.0000011
all	5904	1	886578	0.0000011
all	5923	1	886578	0.0000011
all	5941	1	886578	0.0000011
all	5961	1	886578	0.0000011
all	5978	2	886578	0.0000023
all	5993	1	886578	0.0000011
all	6001	1	886578	0.0000011
all	6018	1	886578	0.0000011
all	6036	1	886578	0.0000011
all	6065	1	886578	0.0000011
all	6067	1	886578	0.0000011
all	6073	2	886578	0.0000023
all	6074	1	886578	0.0000011
all	6076	1	886578	0.0000011
all	6097	1	886578	0.0000011
all	6101	2	886578	0.0000023
all	6118	1	886578	0.0000011
all	6127	1	886578	0.0000011
all	6141	1	886578	0.0000011
all	6151	1	886578	0.0000011
all	6152	1	886578	0.0000011
all	6153	1	886578	0.0000011
all	6164	1	886578	0.0000011
all	6173	1	886578	0.0000011
all	6185	1	886578	0.0000011
all	6208	1	886578	0.0000011
all	6225	1	886578	0.0000011
all	6239	1	886578	0.0000011
all	6275	1	886578	0.0000011
all	6286	1	886578	0.0000011
all	6288	1	886578	0.0000011
all	6293	1	886578	0.0000011
all	6312	1	886578	0.0000011
all	6327	1	886578	0.0000011
all	6339	1	886578	0.0000011
all	6354	1	886578	0.0000011
all	6356	1	886578	0.0000011
all	6366	1	886578	0.0000011
all	6376	1	886578	0.0000011
all	6377	1	886578	0.0000011
all	6397	1	886578	0.0000011
all	6405	1	886578	0.0000011
all	6409	1	886578	0.0000011
all	6410	1	886578	0.0000011
all	6412	1	886578	0.0000011
all	6413	1	886578	0.0000011
all	6415	2	886578	0.0000023
all	6424	1	886578	0.0000011
all	6426	1	886578	0.0000011
all	6431	1	886578	0.0000011
all	6451	1	886578	0.0000011
all	6475	1	886578	0.0000011
all	6483	1	886578	0.0000011
all	6484	1	886578	0.0000011
all	6487	1	886578	0.0000011
all	6495	1	886578	0.0000011
all	6505	2	886578	0.0000023
all	6506	1	886578	0.0000011
all	6521	1	886578	0.0000011
all	6524	1	886578	0.0000011
all	6525	2	886578	0.0000023
all	6535	1	886578	0.0000011
all	6541	1	886578	0.0000011
all	6555	1	886578	0.0000011
all	6557	1	886578	0.0000011
all	6561	1	886578	0.0000011
all	6562	1	886578	0.0000011
all	6581	1	886578	0.0000011
all	6586	1	886578	0.0000011
all	6590	1	886578	0.0000011
all	6600	1	886578	0.0000011
all	6616	1	886578	0.0000011
all	6618	1	886578	0.0000011
all	6622	1	886578	0.0000011
all	6623	1	886578	0.0000011
all	6631	2	886578	0.0000023
all	6636	1	886578	0.0000011
all	6637	2	886578	0.0000023
all	6640	2	886578	0.0000023
all	6645	1	886578	0.0000011
all	6653	1	886578	0.0000011
all	6654	1	886578	0.0000011
all	6659	1	886578	0.0000011
all	6661	1	886578	0.0000011
all	6663	1	886578	0.0000011
all	6664	1	886578	0.0000011
all	6665	1	886578	0.0000011
all	6666	2	886578	0.0000023
all	6668	1	886578	0.0000011
all	6671	1	886578	0.0000011
all	6672	1	886578	0.0000011
all	6676	1	886578	0.0000011
all	6678	1	886578	0.0000011
all	6680	1	886578	0.0000011
all	6691	1	886578	0.0000011
all	6710	1	886578	0.0000011
all	6723	1	886578	0.0000011
all	6730	1	886578	0.0000011
all	6737	1	886578	0.0000011
all	6745	1	886578	0.0000011
all	6769	1	886578	0.0000011
all	6776	1	886578	0.0000011
all	6784	1	886578	0.0000011
all	6786	1	886578	0.0000011
all	6800	1	886578	0.0000011
all	6813	1	886578	0.0000011
all	6820	1	886578	0.0000011
all	6832	1	886578	0.0000011
all	6845	1	886578	0.0000011
all	6863	1	886578	0.0000011
all	6874	1	886578	0.0000011
all	6881	1	886578	0.0000011
all	6885	1	886578	0.0000011
all	6902	1	886578	0.0000011
all	6923	1	886578	0.0000011
all	6934	1	886578	0.0000011
all	6943	1	886578	0.0000011
all	6950	1	886578	0.0000011
all	6961	1	886578	0.0000011
all	6965	1	886578	0.0000011
all	6975	1	886578	0.0000011
all	6993	1	886578	0.0000011
all	6994	1	886578	0.0000011
all	6997	1	886578	0.0000011
all	7019	1	886578	0.0000011
all	7024	1	886578	0.0000011
all	7040	1	886578	0.0000011
all	7043	1	886578	0.0000011
all	7058	1	886578	0.0000011
all	7080	1	886578	0.0000011
all	7087	1	886578	0.0000011
all	7088	1	886578	0.0000011
all	7121	1	886578	0.0000011
all	7128	1	886578	0.0000011
all	7135	1	886578	0.0000011
all	7141	1	886578	0.0000011
all	7143	1	886578	0.0000011
all	7152	1	886578	0.0000011
all	7170	1	886578	0.0000011
all	7175	1	886578	0.0000011
all	7194	1	886578	0.0000011
all	7200	1	886578	0.0000011
all	7201	1	886578	0.0000011
all	7205	1	886578	0.0000011
all	7207	1	886578	0.0000011
all	7211	1	886578	0.0000011
all	7228	1	886578	0.0000011
all	7230	1	886578	0.0000011
all	7239	1	886578	0.0000011
all	7241	1	886578	0.0000011
all	7252	1	886578	0.0000011
all	7258	3	886578	0.0000034
all	7260	1	886578	0.0000011
all	7269	1	886578	0.0000011
all	7272	1	886578	0.0000011
all	7277	1	886578	0.0000011
all	7280	1	886578	0.0000011
all	7283	1	886578	0.0000011
all	7285	2	886578	0.0000023
all	7286	1	886578	0.0000011
all	7287	2	886578	0.0000023
all	7290	1	886578	0.0000011
all	7291	1	886578	0.0000011
all	7300	2	886578	0.0000023
all	7304	1	886578	0.0000011
all	7322	1	886578	0.0000011
all	7348	1	886578	0.0000011
all	7352	1	886578	0.0000011
all	7354	1	886578	0.0000011
all	7365	1	886578	0.0000011
all	7396	1	886578	0.0000011
all	7402	1	886578	0.0000011
all	7424	1	886578	0.0000011
all	7451	1	886578	0.0000011
all	7491	1	886578	0.0000011
all	7533	1	886578	0.0000011
all	7538	1	886578	0.0000011
all	7556	1	886578	0.0000011
all	7561	1	886578	0.0000011
all	7576	1	886578	0.0000011
all	7612	1	886578	0.0000011
all	7630	1	886578	0.0000011
all	7650	2	886578	0.0000023
all	7673	1	886578	0.0000011
all	7682	1	886578	0.0000011
all	7692	1	886578	0.0000011
all	7697	2	886578	0.0000023
all	7700	1	886578	0.0000011
all	7703	1	886578	0.0000011
all	7706	1	886578	0.0000011
all	7723	2	886578	0.0000023
all	7733	1	886578	0.0000011
all	7734	1	886578	0.0000011
all	7739	1	886578	0.0000011
all	7740	1	886578	0.0000011
all	7742	1	886578	0.0000011
all	7753	1	886578	0.0000011
all	7759	2	886578	0.0000023
all	7765	1	886578	0.0000011
all	7806	1	886578	0.0000011
all	8123	1	886578	0.0000011
all	8277	1	886578	0.0000011
all	8393	1	886578	0.0000011
all	8457	1	886578	0.0000011
all	8626	1	886578	0.0000011
all	8778	1	886578	0.0000011
all	8779	1	886578	0.0000011
all	8925	1	886578	0.0000011
all	9017	1	886578	0.0000011
all	9070	1	886578	0.0000011
all	9101	1	886578	0.0000011
all	9163	1	886578	0.0000011
all	9196	1	886578	0.0000011
all	9255	1	886578	0.0000011
all	9346	1	886578	0.0000011
all	9469	1	886578	0.0000011
all	9534	1	886578	0.0000011
all	9539	1	886578	0.0000011
all	9647	1	886578	0.0000011
all	9679	1	886578	0.0000011
all	9736	1	886578	0.0000011
all	9812	1	886578	0.0000011
all	9827	1	886578	0.0000011
all	9911	1	886578	0.0000011
all	9937	1	886578	0.0000011
all	9980	1	886578	0.0000011
all	10024	1	886578	0.0000011
all	10076	1	886578	0.0000011
all	10190	1	886578	0.0000011
all	10199	1	886578	0.0000011
all	10230	1	886578	0.0000011
all	10273	1	886578	0.0000011
all	10349	1	886578	0.0000011
all	10365	1	886578	0.0000011
all	10457	1	886578	0.0000011
all	10479	1	886578	0.0000011
all	10518	1	886578	0.0000011
all	10573	1	886578	0.0000011
all	10577	1	886578	0.0000011
all	10638	1	886578	0.0000011
all	10692	1	886578	0.0000011
all	10706	1	886578	0.0000011
all	10731	1	886578	0.0000011
all	10754	1	886578	0.0000011
all	10786	1	886578	0.0000011
all	10825	1	886578	0.0000011
all	10853	1	886578	0.0000011
all	10860	1	886578	0.0000011
all	10898	1	886578	0.0000011
all	10920	1	886578	0.0000011
all	10970	1	886578	0.0000011
all	10979	1	886578	0.0000011
all	11020	1	886578	0.0000011
all	11023	1	886578	0.0000011
all	11102	1	886578	0.0000011
all	11128	1	886578	0.0000011
all	11183	1	886578	0.0000011
all	11189	1	886578	0.0000011
all	11219	1	886578	0.0000011
all	11222	1	886578	0.0000011
all	11274	1	886578	0.0000011
all	11351	1	886578	0.0000011
all	11357	1	886578	0.0000011
all	11375	1	886578	0.0000011
all	11408	1	886578	0.0000011
all	11425	1	886578	0.0000011
all	11430	1	886578	0.0000011
all	11490	1	886578	0.0000011
all	11496	1	886578	0.0000011
all	11509	1	886578	0.0000011
all	11551	1	886578	0.0000011
all	11558	1	886578	0.0000011
all	11577	1	886578	0.0000011
all	11613	1	886578	0.0000011
all	11623	1	886578	0.0000011
all	11638	1	886578	0.0000011
all	11662	1	886578	0.0000011
all	11667	1	886578	0.0000011
all	11679	1	886578	0.0000011
all	11682	1	886578	0.0000011
all	11696	1	886578	0.0000011
all	11697	1	886578	0.0000011
all	11718	1	886578	0.0000011
all	11726	1	886578	0.0000011
all	11729	1	886578	0.0000011
all	11731	1	886578	0.0000011
all	11740	1	886578	0.0000011
all	11751	1	886578	0.0000011
all	11758	1	886578	0.0000011
all	11761	1	886578	0.0000011
all	11762	1	886578	0.0000011
all	11767	1	886578	0.0000011
all	11788	1	886578	0.0000011
