all	0	20974	886578	0.0236573
all	1	1787	886578	0.0020156
all	2	19280	886578	0.0217465
all	3	3359	886578	0.0037887
all	4	24300	886578	0.0274088
all	5	5172	886578	0.0058337
all	6	27567	886578	0.0310937
all	7	6869	886578	0.0077478
all	8	31173	886578	0.0351610
all	9	8432	886578	0.0095107
all	10	30818	886578	0.0347606
all	11	9439	886578	0.0106466
all	12	30930	886578	0.0348869
all	13	11205	886578	0.0126385
all	14	29653	886578	0.0334466
all	15	12290	886578	0.0138623
all	16	29032	886578	0.0327461
all	17	12372	886578	0.0139548
all	18	26689	886578	0.0301034
all	19	11481	886578	0.0129498
all	20	25821	886578	0.0291243
all	21	11429	886578	0.0128911
all	22	24014	886578	0.0270862
all	23	11838	886578	0.0133525
all	24	21933	886578	0.0247389
all	25	11068	886578	0.0124840
all	26	20627	886578	0.0232659
all	27	11603	886578	0.0130874
all	28	18797	886578	0.0212017
all	29	11335	886578	0.0127851
all	30	16965	886578	0.0191354
all	31	10373	886578	0.0117000
all	32	16263	886578	0.0183436
all	33	9889	886578	0.0111541
all	34	13712	886578	0.0154662
all	35	9230	886578	0.0104108
all	36	13437	886578	0.0151560
all	37	8616	886578	0.0097183
all	38	12120	886578	0.0136705
all	39	7970	886578	0.0089896
all	40	11500	886578	0.0129712
all	41	7875	886578	0.0088825
all	42	10279	886578	0.0115940
all	43	6744	886578	0.0076068
all	44	9313	886578	0.0105044
all	45	6455	886578	0.0072808
all	46	8163	886578	0.0092073
all	47	6171	886578	0.0069605
all	48	7662	886578	0.0086422
all	49	5984	886578	0.0067495
all	50	6527	886578	0.0073620
all	51	5222	886578	0.0058901
all	52	5935	886578	0.0066943
all	53	4747	886578	0.0053543
all	54	4969	886578	0.0056047
all	55	4592	886578	0.0051795
all	56	4357	886578	0.0049144
all	57	3998	886578	0.0045095
all	58	4176	886578	0.0047102
all	59	3406	886578	0.0038417
all	60	3724	886578	0.0042004
all	61	3483	886578	0.0039286
all	62	3368	886578	0.0037989
all	63	2748	886578	0.0030996
all	64	2993	886578	0.0033759
all	65	2650	886578	0.0029890
all	66	2665	886578	0.0030059
all	67	2740	886578	0.0030905
all	68	2561	886578	0.0028886
all	69	2357	886578	0.0026585
all	70	2199	886578	0.0024803
all	71	2187	886578	0.0024668
all	72	2153	886578	0.0024284
all	73	2113	886578	0.0023833
all	74	1801	886578	0.0020314
all	75	2119	886578	0.0023901
all	76	1627	886578	0.0018351
all	77	1568	886578	0.0017686
all	78	1673	886578	0.0018870
all	79	1567	886578	0.0017675
all	80	1391	886578	0.0015690
all	81	1473	886578	0.0016614
all	82	1530	886578	0.0017257
all	83	1429	886578	0.0016118
all	84	1418	886578	0.0015994
all	85	1278	886578	0.0014415
all	86	1093	886578	0.0012328
all	87	1013	886578	0.0011426
all	88	1029	886578	0.0011606
all	89	989	886578	0.0011155
all	90	1014	886578	0.0011437
all	91	944	886578	0.0010648
all	92	808	886578	0.0009114
all	93	796	886578	0.0008978
all	94	931	886578	0.0010501
all	95	691	886578	0.0007794
all	96	609	886578	0.0006869
all	97	578	886578	0.0006519
all	98	653	886578	0.0007365
all	99	634	886578	0.0007151
all	100	685	886578	0.0007726
all	101	544	886578	0.0006136
all	102	611	886578	0.0006892
all	103	586	886578	0.0006610
all	104	620	886578	0.0006993
all	105	469	886578	0.0005290
all	106	645	886578	0.0007275
all	107	631	886578	0.0007117
all	108	486	886578	0.0005482
all	109	523	886578	0.0005899
all	110	517	886578	0.0005831
all	111	486	886578	0.0005482
all	112	398	886578	0.0004489
all	113	487	886578	0.0005493
all	114	481	886578	0.0005425
all	115	542	886578	0.0006113
all	116	431	886578	0.0004861
all	117	447	886578	0.0005042
all	118	411	886578	0.0004636
all	119	415	886578	0.0004681
all	120	368	886578	0.0004151
all	121	304	886578	0.0003429
all	122	329	886578	0.0003711
all	123	244	886578	0.0002752
all	124	280	886578	0.0003158
all	125	333	886578	0.0003756
all	126	329	886578	0.0003711
all	127	322	886578	0.0003632
all	128	224	886578	0.0002527
all	129	236	886578	0.0002662
all	130	306	886578	0.0003451
all	131	166	886578	0.0001872
all	132	271	886578	0.0003057
all	133	249	886578	0.0002809
all	134	263	886578	0.0002966
all	135	181	886578	0.0002042
all	136	239	886578	0.0002696
all	137	148	886578	0.0001669
all	138	293	886578	0.0003305
all	139	226	886578	0.0002549
all	140	208	886578	0.0002346
all	141	203	886578	0.0002290
all	142	212	886578	0.0002391
all	143	204	886578	0.0002301
all	144	203	886578	0.0002290
all	145	171	886578	0.0001929
all	146	249	886578	0.0002809
all	147	170	886578	0.0001917
all	148	253	886578	0.0002854
all	149	156	886578	0.0001760
all	150	196	886578	0.0002211
all	151	145	886578	0.0001636
all	152	165	886578	0.0001861
all	153	204	886578	0.0002301
all	154	193	886578	0.0002177
all	155	223	886578	0.0002515
all	156	169	886578	0.0001906
all	157	185	886578	0.0002087
all	158	217	886578	0.0002448
all	159	213	886578	0.0002402
all	160	208	886578	0.0002346
all	161	175	886578	0.0001974
all	162	165	886578	0.0001861
all	163	130	886578	0.0001466
all	164	154	886578	0.0001737
all	165	145	886578	0.0001636
all	166	177	886578	0.0001996
all	167	112	886578	0.0001263
all	168	99	886578	0.0001117
all	169	138	886578	0.0001557
all	170	118	886578	0.0001331
all	171	88	886578	0.0000993
all	172	132	886578	0.0001489
all	173	141	886578	0.0001590
all	174	110	886578	0.0001241
all	175	78	886578	0.0000880
all	176	94	886578	0.0001060
all	177	119	886578	0.0001342
all	178	103	886578	0.0001162
all	179	102	886578	0.0001150
all	180	103	886578	0.0001162
all	181	68	886578	0.0000767
all	182	67	886578	0.0000756
all	183	133	886578	0.0001500
all	184	100	886578	0.0001128
all	185	118	886578	0.0001331
all	186	115	886578	0.0001297
all	187	122	886578	0.0001376
all	188	128	886578	0.0001444
all	189	87	886578	0.0000981
all	190	104	886578	0.0001173
all	191	77	886578	0.0000869
all	192	71	886578	0.0000801
all	193	56	886578	0.0000632
all	194	70	886578	0.0000790
all	195	86	886578	0.0000970
all	196	70	886578	0.0000790
all	197	118	886578	0.0001331
all	198	153	886578	0.0001726
all	199	98	886578	0.0001105
all	200	94	886578	0.0001060
all	201	118	886578	0.0001331
all	202	118	886578	0.0001331
all	203	121	886578	0.0001365
all	204	84	886578	0.0000947
all	205	87	886578	0.0000981
all	206	88	886578	0.0000993
all	207	79	886578	0.0000891
all	208	130	886578	0.0001466
all	209	86	886578	0.0000970
all	210	81	886578	0.0000914
all	211	91	886578	0.0001026
all	212	98	886578	0.0001105
all	213	99	886578	0.0001117
all	214	82	886578	0.0000925
all	215	96	886578	0.0001083
all	216	74	886578	0.0000835
all	217	67	886578	0.0000756
all	218	74	886578	0.0000835
all	219	77	886578	0.0000869
all	220	83	886578	0.0000936
all	221	70	886578	0.0000790
all	222	88	886578	0.0000993
all	223	97	886578	0.0001094
all	224	60	886578	0.0000677
all	225	68	886578	0.0000767
all	226	51	886578	0.0000575
all	227	70	886578	0.0000790
all	228	62	886578	0.0000699
all	229	58	886578	0.0000654
all	230	83	886578	0.0000936
all	231	61	886578	0.0000688
all	232	63	886578	0.0000711
all	233	105	886578	0.0001184
all	234	79	886578	0.0000891
all	235	88	886578	0.0000993
all	236	58	886578	0.0000654
all	237	70	886578	0.0000790
all	238	49	886578	0.0000553
all	239	78	886578	0.0000880
all	240	65	886578	0.0000733
all	241	62	886578	0.0000699
all	242	62	886578	0.0000699
all	243	92	886578	0.0001038
all	244	56	886578	0.0000632
all	245	67	886578	0.0000756
all	246	102	886578	0.0001150
all	247	55	886578	0.0000620
all	248	90	886578	0.0001015
all	249	89	886578	0.0001004
all	250	79	886578	0.0000891
all	251	82	886578	0.0000925
all	252	71	886578	0.0000801
all	253	83	886578	0.0000936
all	254	54	886578	0.0000609
all	255	57	886578	0.0000643
all	256	82	886578	0.0000925
all	257	72	886578	0.0000812
all	258	57	886578	0.0000643
all	259	52	886578	0.0000587
all	260	73	886578	0.0000823
all	261	61	886578	0.0000688
all	262	71	886578	0.0000801
all	263	75	886578	0.0000846
all	264	83	886578	0.0000936
all	265	74	886578	0.0000835
all	266	77	886578	0.0000869
all	267	63	886578	0.0000711
all	268	60	886578	0.0000677
all	269	39	886578	0.0000440
all	270	53	886578	0.0000598
all	271	49	886578	0.0000553
all	272	52	886578	0.0000587
all	273	62	886578	0.0000699
all	274	63	886578	0.0000711
all	275	43	886578	0.0000485
all	276	29	886578	0.0000327
all	277	68	886578	0.0000767
all	278	51	886578	0.0000575
all	279	53	886578	0.0000598
all	280	43	886578	0.0000485
all	281	47	886578	0.0000530
all	282	31	886578	0.0000350
all	283	42	886578	0.0000474
all	284	35	886578	0.0000395
all	285	40	886578	0.0000451
all	286	37	886578	0.0000417
all	287	43	886578	0.0000485
all	288	37	886578	0.0000417
all	289	41	886578	0.0000462
all	290	55	886578	0.0000620
all	291	48	886578	0.0000541
all	292	41	886578	0.0000462
all	293	56	886578	0.0000632
all	294	54	886578	0.0000609
all	295	83	886578	0.0000936
all	296	61	886578	0.0000688
all	297	67	886578	0.0000756
all	298	46	886578	0.0000519
all	299	61	886578	0.0000688
all	300	29	886578	0.0000327
all	301	46	886578	0.0000519
all	302	54	886578	0.0000609
all	303	46	886578	0.0000519
all	304	56	886578	0.0000632
all	305	40	886578	0.0000451
all	306	57	886578	0.0000643
all	307	45	886578	0.0000508
all	308	71	886578	0.0000801
all	309	54	886578	0.0000609
all	310	68	886578	0.0000767
all	311	28	886578	0.0000316
all	312	42	886578	0.0000474
all	313	40	886578	0.0000451
all	314	46	886578	0.0000519
all	315	37	886578	0.0000417
all	316	34	886578	0.0000383
all	317	47	886578	0.0000530
all	318	40	886578	0.0000451
all	319	39	886578	0.0000440
all	320	39	886578	0.0000440
all	321	44	886578	0.0000496
all	322	38	886578	0.0000429
all	323	40	886578	0.0000451
all	324	46	886578	0.0000519
all	325	31	886578	0.0000350
all	326	51	886578	0.0000575
all	327	30	886578	0.0000338
all	328	61	886578	0.0000688
all	329	34	886578	0.0000383
all	330	33	886578	0.0000372
all	331	43	886578	0.0000485
all	332	37	886578	0.0000417
all	333	45	886578	0.0000508
all	334	43	886578	0.0000485
all	335	37	886578	0.0000417
all	336	56	886578	0.0000632
all	337	43	886578	0.0000485
all	338	61	886578	0.0000688
all	339	31	886578	0.0000350
all	340	63	886578	0.0000711
all	341	50	886578	0.0000564
all	342	39	886578	0.0000440
all	343	31	886578	0.0000350
all	344	40	886578	0.0000451
all	345	49	886578	0.0000553
all	346	47	886578	0.0000530
all	347	31	886578	0.0000350
all	348	31	886578	0.0000350
all	349	51	886578	0.0000575
all	350	29	886578	0.0000327
all	351	44	886578	0.0000496
all	352	33	886578	0.0000372
all	353	20	886578	0.0000226
all	354	29	886578	0.0000327
all	355	38	886578	0.0000429
all	356	29	886578	0.0000327
all	357	37	886578	0.0000417
all	358	28	886578	0.0000316
all	359	25	886578	0.0000282
all	360	42	886578	0.0000474
all	361	26	886578	0.0000293
all	362	50	886578	0.0000564
all	363	29	886578	0.0000327
all	364	41	886578	0.0000462
all	365	15	886578	0.0000169
all	366	33	886578	0.0000372
all	367	19	886578	0.0000214
all	368	37	886578	0.0000417
all	369	31	886578	0.0000350
all	370	38	886578	0.0000429
all	371	25	886578	0.0000282
all	372	28	886578	0.0000316
all	373	30	886578	0.0000338
all	374	21	886578	0.0000237
all	375	30	886578	0.0000338
all	376	23	886578	0.0000259
all	377	33	886578	0.0000372
all	378	19	886578	0.0000214
all	379	16	886578	0.0000180
all	380	22	886578	0.0000248
all	381	27	886578	0.0000305
all	382	13	886578	0.0000147
all	383	13	886578	0.0000147
all	384	28	886578	0.0000316
all	385	25	886578	0.0000282
all	386	28	886578	0.0000316
all	387	27	886578	0.0000305
all	388	19	886578	0.0000214
all	389	33	886578	0.0000372
all	390	25	886578	0.0000282
all	391	26	886578	0.0000293
all	392	20	886578	0.0000226
all	393	13	886578	0.0000147
all	394	23	886578	0.0000259
all	395	27	886578	0.0000305
all	396	16	886578	0.0000180
all	397	14	886578	0.0000158
all	398	21	886578	0.0000237
all	399	27	886578	0.0000305
all	400	31	886578	0.0000350
all	401	23	886578	0.0000259
all	402	11	886578	0.0000124
all	403	25	886578	0.0000282
all	404	19	886578	0.0000214
all	405	26	886578	0.0000293
all	406	30	886578	0.0000338
all	407	17	886578	0.0000192
all	408	21	886578	0.0000237
all	409	20	886578	0.0000226
all	410	14	886578	0.0000158
all	411	16	886578	0.0000180
all	412	23	886578	0.0000259
all	413	19	886578	0.0000214
all	414	36	886578	0.0000406
all	415	22	886578	0.0000248
all	416	31	886578	0.0000350
all	417	19	886578	0.0000214
all	418	16	886578	0.0000180
all	419	15	886578	0.0000169
all	420	12	886578	0.0000135
all	421	24	886578	0.0000271
all	422	14	886578	0.0000158
all	423	20	886578	0.0000226
all	424	19	886578	0.0000214
all	425	43	886578	0.0000485
all	426	17	886578	0.0000192
all	427	19	886578	0.0000214
all	428	23	886578	0.0000259
all	429	22	886578	0.0000248
all	430	18	886578	0.0000203
all	431	12	886578	0.0000135
all	432	14	886578	0.0000158
all	433	23	886578	0.0000259
all	434	22	886578	0.0000248
all	435	11	886578	0.0000124
all	436	22	886578	0.0000248
all	437	22	886578	0.0000248
all	438	26	886578	0.0000293
all	439	22	886578	0.0000248
all	440	18	886578	0.0000203
all	441	14	886578	0.0000158
all	442	15	886578	0.0000169
all	443	19	886578	0.0000214
all	444	20	886578	0.0000226
all	445	15	886578	0.0000169
all	446	19	886578	0.0000214
all	447	19	886578	0.0000214
all	448	18	886578	0.0000203
all	449	23	886578	0.0000259
all	450	17	886578	0.0000192
all	451	12	886578	0.0000135
all	452	15	886578	0.0000169
all	453	18	886578	0.0000203
all	454	28	886578	0.0000316
all	455	18	886578	0.0000203
all	456	20	886578	0.0000226
all	457	30	886578	0.0000338
all	458	16	886578	0.0000180
all	459	23	886578	0.0000259
all	460	21	886578	0.0000237
all	461	26	886578	0.0000293
all	462	14	886578	0.0000158
all	463	17	886578	0.0000192
all	464	13	886578	0.0000147
all	465	15	886578	0.0000169
all	466	17	886578	0.0000192
all	467	26	886578	0.0000293
all	468	13	886578	0.0000147
all	469	14	886578	0.0000158
all	470	20	886578	0.0000226
all	471	17	886578	0.0000192
all	472	30	886578	0.0000338
all	473	28	886578	0.0000316
all	474	34	886578	0.0000383
all	475	18	886578	0.0000203
all	476	26	886578	0.0000293
all	477	17	886578	0.0000192
all	478	13	886578	0.0000147
all	479	16	886578	0.0000180
all	480	13	886578	0.0000147
all	481	10	886578	0.0000113
all	482	10	886578	0.0000113
all	483	14	886578	0.0000158
all	484	14	886578	0.0000158
all	485	17	886578	0.0000192
all	486	18	886578	0.0000203
all	487	21	886578	0.0000237
all	488	21	886578	0.0000237
all	489	21	886578	0.0000237
all	490	15	886578	0.0000169
all	491	26	886578	0.0000293
all	492	24	886578	0.0000271
all	493	14	886578	0.0000158
all	494	12	886578	0.0000135
all	495	18	886578	0.0000203
all	496	14	886578	0.0000158
all	497	15	886578	0.0000169
all	498	31	886578	0.0000350
all	499	17	886578	0.0000192
all	500	8	886578	0.0000090
all	501	13	886578	0.0000147
all	502	22	886578	0.0000248
all	503	20	886578	0.0000226
all	504	14	886578	0.0000158
all	505	21	886578	0.0000237
all	506	18	886578	0.0000203
all	507	16	886578	0.0000180
all	508	14	886578	0.0000158
all	509	17	886578	0.0000192
all	510	12	886578	0.0000135
all	511	14	886578	0.0000158
all	512	19	886578	0.0000214
all	513	13	886578	0.0000147
all	514	13	886578	0.0000147
all	515	16	886578	0.0000180
all	516	15	886578	0.0000169
all	517	21	886578	0.0000237
all	518	18	886578	0.0000203
all	519	20	886578	0.0000226
all	520	6	886578	0.0000068
all	521	23	886578	0.0000259
all	522	11	886578	0.0000124
all	523	14	886578	0.0000158
all	524	24	886578	0.0000271
all	525	15	886578	0.0000169
all	526	17	886578	0.0000192
all	527	18	886578	0.0000203
all	528	16	886578	0.0000180
all	529	16	886578	0.0000180
all	530	22	886578	0.0000248
all	531	22	886578	0.0000248
all	532	16	886578	0.0000180
all	533	28	886578	0.0000316
all	534	18	886578	0.0000203
all	535	24	886578	0.0000271
all	536	21	886578	0.0000237
all	537	13	886578	0.0000147
all	538	25	886578	0.0000282
all	539	22	886578	0.0000248
all	540	31	886578	0.0000350
all	541	16	886578	0.0000180
all	542	15	886578	0.0000169
all	543	22	886578	0.0000248
all	544	15	886578	0.0000169
all	545	15	886578	0.0000169
all	546	25	886578	0.0000282
all	547	18	886578	0.0000203
all	548	31	886578	0.0000350
all	549	9	886578	0.0000102
all	550	18	886578	0.0000203
all	551	10	886578	0.0000113
all	552	12	886578	0.0000135
all	553	16	886578	0.0000180
all	554	8	886578	0.0000090
all	555	13	886578	0.0000147
all	556	19	886578	0.0000214
all	557	17	886578	0.0000192
all	558	10	886578	0.0000113
all	559	21	886578	0.0000237
all	560	13	886578	0.0000147
all	561	18	886578	0.0000203
all	562	22	886578	0.0000248
all	563	26	886578	0.0000293
all	564	20	886578	0.0000226
all	565	32	886578	0.0000361
all	566	23	886578	0.0000259
all	567	13	886578	0.0000147
all	568	11	886578	0.0000124
all	569	15	886578	0.0000169
all	570	14	886578	0.0000158
all	571	22	886578	0.0000248
all	572	16	886578	0.0000180
all	573	19	886578	0.0000214
all	574	18	886578	0.0000203
all	575	15	886578	0.0000169
all	576	18	886578	0.0000203
all	577	24	886578	0.0000271
all	578	19	886578	0.0000214
all	579	19	886578	0.0000214
all	580	22	886578	0.0000248
all	581	16	886578	0.0000180
all	582	19	886578	0.0000214
all	583	11	886578	0.0000124
all	584	15	886578	0.0000169
all	585	13	886578	0.0000147
all	586	22	886578	0.0000248
all	587	17	886578	0.0000192
all	588	14	886578	0.0000158
all	589	12	886578	0.0000135
all	590	15	886578	0.0000169
all	591	12	886578	0.0000135
all	592	16	886578	0.0000180
all	593	9	886578	0.0000102
all	594	12	886578	0.0000135
all	595	11	886578	0.0000124
all	596	9	886578	0.0000102
all	597	13	886578	0.0000147
all	598	12	886578	0.0000135
all	599	17	886578	0.0000192
all	600	15	886578	0.0000169
all	601	7	886578	0.0000079
all	602	14	886578	0.0000158
all	603	10	886578	0.0000113
all	604	15	886578	0.0000169
all	605	6	886578	0.0000068
all	606	10	886578	0.0000113
all	607	16	886578	0.0000180
all	608	11	886578	0.0000124
all	609	13	886578	0.0000147
all	610	17	886578	0.0000192
all	611	7	886578	0.0000079
all	612	16	886578	0.0000180
all	613	7	886578	0.0000079
all	614	9	886578	0.0000102
all	615	6	886578	0.0000068
all	616	9	886578	0.0000102
all	617	9	886578	0.0000102
all	618	28	886578	0.0000316
all	619	13	886578	0.0000147
all	620	16	886578	0.0000180
all	621	6	886578	0.0000068
all	622	17	886578	0.0000192
all	623	21	886578	0.0000237
all	624	20	886578	0.0000226
all	625	15	886578	0.0000169
all	626	11	886578	0.0000124
all	627	19	886578	0.0000214
all	628	14	886578	0.0000158
all	629	14	886578	0.0000158
all	630	17	886578	0.0000192
all	631	3	886578	0.0000034
all	632	7	886578	0.0000079
all	633	10	886578	0.0000113
all	634	7	886578	0.0000079
all	635	15	886578	0.0000169
all	636	7	886578	0.0000079
all	637	14	886578	0.0000158
all	638	11	886578	0.0000124
all	639	5	886578	0.0000056
all	640	9	886578	0.0000102
all	641	8	886578	0.0000090
all	642	14	886578	0.0000158
all	643	11	886578	0.0000124
all	644	11	886578	0.0000124
all	645	6	886578	0.0000068
all	646	11	886578	0.0000124
all	647	7	886578	0.0000079
all	648	22	886578	0.0000248
all	649	10	886578	0.0000113
all	650	12	886578	0.0000135
all	651	13	886578	0.0000147
all	652	24	886578	0.0000271
all	653	11	886578	0.0000124
all	654	9	886578	0.0000102
all	655	20	886578	0.0000226
all	656	14	886578	0.0000158
all	657	19	886578	0.0000214
all	658	8	886578	0.0000090
all	659	8	886578	0.0000090
all	660	18	886578	0.0000203
all	661	21	886578	0.0000237
all	662	7	886578	0.0000079
all	663	17	886578	0.0000192
all	664	12	886578	0.0000135
all	665	12	886578	0.0000135
all	666	12	886578	0.0000135
all	667	12	886578	0.0000135
all	668	16	886578	0.0000180
all	669	11	886578	0.0000124
all	670	5	886578	0.0000056
all	671	10	886578	0.0000113
all	672	11	886578	0.0000124
all	673	13	886578	0.0000147
all	674	8	886578	0.0000090
all	675	8	886578	0.0000090
all	676	6	886578	0.0000068
all	677	13	886578	0.0000147
all	678	6	886578	0.0000068
all	679	7	886578	0.0000079
all	680	3	886578	0.0000034
all	681	9	886578	0.0000102
all	682	6	886578	0.0000068
all	683	13	886578	0.0000147
all	684	18	886578	0.0000203
all	685	11	886578	0.0000124
all	686	12	886578	0.0000135
all	687	15	886578	0.0000169
all	688	8	886578	0.0000090
all	689	7	886578	0.0000079
all	690	17	886578	0.0000192
all	691	9	886578	0.0000102
all	692	9	886578	0.0000102
all	693	12	886578	0.0000135
all	694	7	886578	0.0000079
all	695	16	886578	0.0000180
all	696	11	886578	0.0000124
all	697	14	886578	0.0000158
all	698	8	886578	0.0000090
all	699	12	886578	0.0000135
all	700	10	886578	0.0000113
all	701	6	886578	0.0000068
all	702	6	886578	0.0000068
all	703	14	886578	0.0000158
all	704	12	886578	0.0000135
all	705	10	886578	0.0000113
all	706	5	886578	0.0000056
all	707	15	886578	0.0000169
all	708	11	886578	0.0000124
all	709	12	886578	0.0000135
all	710	8	886578	0.0000090
all	711	13	886578	0.0000147
all	712	12	886578	0.0000135
all	713	13	886578	0.0000147
all	714	8	886578	0.0000090
all	715	10	886578	0.0000113
all	716	11	886578	0.0000124
all	717	5	886578	0.0000056
all	718	8	886578	0.0000090
all	719	5	886578	0.0000056
all	720	7	886578	0.0000079
all	721	9	886578	0.0000102
all	722	16	886578	0.0000180
all	723	16	886578	0.0000180
all	724	13	886578	0.0000147
all	725	10	886578	0.0000113
all	726	8	886578	0.0000090
all	727	9	886578	0.0000102
all	728	9	886578	0.0000102
all	729	9	886578	0.0000102
all	730	10	886578	0.0000113
all	731	14	886578	0.0000158
all	732	11	886578	0.0000124
all	733	16	886578	0.0000180
all	734	21	886578	0.0000237
all	735	7	886578	0.0000079
all	736	8	886578	0.0000090
all	737	5	886578	0.0000056
all	738	2	886578	0.0000023
all	739	11	886578	0.0000124
all	740	6	886578	0.0000068
all	741	10	886578	0.0000113
all	742	6	886578	0.0000068
all	743	9	886578	0.0000102
all	744	4	886578	0.0000045
all	745	10	886578	0.0000113
all	746	5	886578	0.0000056
all	747	15	886578	0.0000169
all	748	15	886578	0.0000169
all	749	8	886578	0.0000090
all	750	5	886578	0.0000056
all	751	9	886578	0.0000102
all	752	10	886578	0.0000113
all	753	6	886578	0.0000068
all	754	14	886578	0.0000158
all	755	15	886578	0.0000169
all	756	7	886578	0.0000079
all	757	16	886578	0.0000180
all	758	11	886578	0.0000124
all	759	6	886578	0.0000068
all	760	11	886578	0.0000124
all	761	9	886578	0.0000102
all	762	9	886578	0.0000102
all	763	5	886578	0.0000056
all	764	6	886578	0.0000068
all	765	8	886578	0.0000090
all	766	3	886578	0.0000034
all	767	14	886578	0.0000158
all	768	5	886578	0.0000056
all	769	10	886578	0.0000113
all	770	13	886578	0.0000147
all	771	13	886578	0.0000147
all	772	16	886578	0.0000180
all	773	18	886578	0.0000203
all	774	17	886578	0.0000192
all	775	6	886578	0.0000068
all	776	12	886578	0.0000135
all	777	20	886578	0.0000226
all	778	10	886578	0.0000113
all	779	15	886578	0.0000169
all	780	8	886578	0.0000090
all	781	8	886578	0.0000090
all	782	4	886578	0.0000045
all	783	13	886578	0.0000147
all	784	12	886578	0.0000135
all	785	18	886578	0.0000203
all	786	9	886578	0.0000102
all	787	10	886578	0.0000113
all	788	16	886578	0.0000180
all	789	9	886578	0.0000102
all	790	4	886578	0.0000045
all	791	12	886578	0.0000135
all	792	13	886578	0.0000147
all	793	13	886578	0.0000147
all	794	5	886578	0.0000056
all	795	13	886578	0.0000147
all	796	6	886578	0.0000068
all	797	12	886578	0.0000135
all	798	12	886578	0.0000135
all	799	10	886578	0.0000113
all	800	7	886578	0.0000079
all	801	8	886578	0.0000090
all	802	10	886578	0.0000113
all	803	5	886578	0.0000056
all	804	13	886578	0.0000147
all	805	10	886578	0.0000113
all	806	7	886578	0.0000079
all	807	6	886578	0.0000068
all	808	8	886578	0.0000090
all	809	10	886578	0.0000113
all	810	3	886578	0.0000034
all	811	10	886578	0.0000113
all	812	5	886578	0.0000056
all	813	3	886578	0.0000034
all	814	7	886578	0.0000079
all	815	18	886578	0.0000203
all	816	5	886578	0.0000056
all	817	11	886578	0.0000124
all	818	10	886578	0.0000113
all	819	14	886578	0.0000158
all	820	10	886578	0.0000113
all	821	9	886578	0.0000102
all	822	7	886578	0.0000079
all	823	8	886578	0.0000090
all	824	8	886578	0.0000090
all	825	12	886578	0.0000135
all	826	7	886578	0.0000079
all	827	11	886578	0.0000124
all	828	14	886578	0.0000158
all	829	16	886578	0.0000180
all	830	8	886578	0.0000090
all	831	8	886578	0.0000090
all	832	6	886578	0.0000068
all	833	5	886578	0.0000056
all	834	8	886578	0.0000090
all	835	12	886578	0.0000135
all	836	3	886578	0.0000034
all	837	6	886578	0.0000068
all	838	6	886578	0.0000068
all	839	7	886578	0.0000079
all	840	8	886578	0.0000090
all	841	6	886578	0.0000068
all	842	5	886578	0.0000056
all	843	5	886578	0.0000056
all	844	5	886578	0.0000056
all	845	5	886578	0.0000056
all	846	6	886578	0.0000068
all	847	13	886578	0.0000147
all	848	4	886578	0.0000045
all	849	21	886578	0.0000237
all	850	13	886578	0.0000147
all	851	8	886578	0.0000090
all	852	8	886578	0.0000090
all	853	9	886578	0.0000102
all	854	6	886578	0.0000068
all	855	5	886578	0.0000056
all	856	8	886578	0.0000090
all	857	9	886578	0.0000102
all	858	3	886578	0.0000034
all	859	3	886578	0.0000034
all	860	8	886578	0.0000090
all	861	5	886578	0.0000056
all	862	7	886578	0.0000079
all	863	4	886578	0.0000045
all	864	8	886578	0.0000090
all	865	12	886578	0.0000135
all	866	6	886578	0.0000068
all	867	8	886578	0.0000090
all	868	5	886578	0.0000056
all	869	4	886578	0.0000045
all	870	14	886578	0.0000158
all	871	4	886578	0.0000045
all	872	7	886578	0.0000079
all	873	7	886578	0.0000079
all	874	8	886578	0.0000090
all	875	8	886578	0.0000090
all	876	12	886578	0.0000135
all	877	6	886578	0.0000068
all	878	9	886578	0.0000102
all	879	8	886578	0.0000090
all	880	5	886578	0.0000056
all	881	5	886578	0.0000056
all	882	9	886578	0.0000102
all	883	10	886578	0.0000113
all	884	9	886578	0.0000102
all	885	8	886578	0.0000090
all	886	10	886578	0.0000113
all	887	12	886578	0.0000135
all	888	10	886578	0.0000113
all	889	7	886578	0.0000079
all	890	12	886578	0.0000135
all	891	8	886578	0.0000090
all	892	11	886578	0.0000124
all	893	18	886578	0.0000203
all	894	5	886578	0.0000056
all	895	5	886578	0.0000056
all	896	11	886578	0.0000124
all	897	14	886578	0.0000158
all	898	7	886578	0.0000079
all	899	12	886578	0.0000135
all	900	8	886578	0.0000090
all	901	8	886578	0.0000090
all	902	12	886578	0.0000135
all	903	4	886578	0.0000045
all	904	15	886578	0.0000169
all	905	17	886578	0.0000192
all	906	5	886578	0.0000056
all	907	5	886578	0.0000056
all	908	8	886578	0.0000090
all	909	7	886578	0.0000079
all	910	12	886578	0.0000135
all	911	15	886578	0.0000169
all	912	9	886578	0.0000102
all	913	15	886578	0.0000169
all	914	10	886578	0.0000113
all	915	16	886578	0.0000180
all	916	12	886578	0.0000135
all	917	8	886578	0.0000090
all	918	5	886578	0.0000056
all	919	8	886578	0.0000090
all	920	10	886578	0.0000113
all	921	8	886578	0.0000090
all	922	18	886578	0.0000203
all	923	12	886578	0.0000135
all	924	12	886578	0.0000135
all	925	7	886578	0.0000079
all	926	14	886578	0.0000158
all	927	8	886578	0.0000090
all	928	4	886578	0.0000045
all	929	11	886578	0.0000124
all	930	8	886578	0.0000090
all	931	4	886578	0.0000045
all	932	14	886578	0.0000158
all	933	10	886578	0.0000113
all	934	7	886578	0.0000079
all	935	11	886578	0.0000124
all	936	6	886578	0.0000068
all	937	8	886578	0.0000090
all	938	13	886578	0.0000147
all	939	5	886578	0.0000056
all	940	8	886578	0.0000090
all	941	8	886578	0.0000090
all	942	4	886578	0.0000045
all	943	13	886578	0.0000147
all	944	6	886578	0.0000068
all	945	8	886578	0.0000090
all	946	12	886578	0.0000135
all	947	5	886578	0.0000056
all	948	13	886578	0.0000147
all	949	21	886578	0.0000237
all	950	9	886578	0.0000102
all	951	11	886578	0.0000124
all	952	14	886578	0.0000158
all	953	17	886578	0.0000192
all	954	10	886578	0.0000113
all	955	8	886578	0.0000090
all	956	8	886578	0.0000090
all	957	11	886578	0.0000124
all	958	6	886578	0.0000068
all	959	13	886578	0.0000147
all	960	8	886578	0.0000090
all	961	7	886578	0.0000079
all	962	7	886578	0.0000079
all	963	4	886578	0.0000045
all	964	6	886578	0.0000068
all	965	17	886578	0.0000192
all	966	10	886578	0.0000113
all	967	17	886578	0.0000192
all	968	7	886578	0.0000079
all	969	10	886578	0.0000113
all	970	8	886578	0.0000090
all	971	9	886578	0.0000102
all	972	5	886578	0.0000056
all	973	10	886578	0.0000113
all	974	8	886578	0.0000090
all	975	7	886578	0.0000079
all	976	9	886578	0.0000102
all	977	9	886578	0.0000102
all	978	7	886578	0.0000079
all	979	7	886578	0.0000079
all	980	9	886578	0.0000102
all	981	7	886578	0.0000079
all	982	7	886578	0.0000079
all	983	10	886578	0.0000113
all	984	12	886578	0.0000135
all	985	12	886578	0.0000135
all	986	5	886578	0.0000056
all	987	17	886578	0.0000192
all	988	8	886578	0.0000090
all	989	16	886578	0.0000180
all	990	11	886578	0.0000124
all	991	7	886578	0.0000079
all	992	10	886578	0.0000113
all	993	11	886578	0.0000124
all	994	4	886578	0.0000045
all	995	12	886578	0.0000135
all	996	10	886578	0.0000113
all	997	8	886578	0.0000090
all	998	3	886578	0.0000034
all	999	12	886578	0.0000135
all	1000	7	886578	0.0000079
all	1001	15	886578	0.0000169
all	1002	4	886578	0.0000045
all	1003	9	886578	0.0000102
all	1004	4	886578	0.0000045
all	1005	6	886578	0.0000068
all	1006	5	886578	0.0000056
all	1007	6	886578	0.0000068
all	1008	8	886578	0.0000090
all	1009	10	886578	0.0000113
all	1010	13	886578	0.0000147
all	1011	14	886578	0.0000158
all	1012	2	886578	0.0000023
all	1013	19	886578	0.0000214
all	1014	6	886578	0.0000068
all	1015	16	886578	0.0000180
all	1016	14	886578	0.0000158
all	1017	15	886578	0.0000169
all	1018	4	886578	0.0000045
all	1019	3	886578	0.0000034
all	1020	3	886578	0.0000034
all	1021	5	886578	0.0000056
all	1022	15	886578	0.0000169
all	1023	7	886578	0.0000079
all	1024	11	886578	0.0000124
all	1025	10	886578	0.0000113
all	1026	14	886578	0.0000158
all	1027	9	886578	0.0000102
all	1028	9	886578	0.0000102
all	1029	18	886578	0.0000203
all	1030	10	886578	0.0000113
all	1031	7	886578	0.0000079
all	1032	10	886578	0.0000113
all	1033	4	886578	0.0000045
all	1034	9	886578	0.0000102
all	1035	8	886578	0.0000090
all	1036	5	886578	0.0000056
all	1037	7	886578	0.0000079
all	1038	10	886578	0.0000113
all	1039	5	886578	0.0000056
all	1040	4	886578	0.0000045
all	1041	11	886578	0.0000124
all	1042	12	886578	0.0000135
all	1043	6	886578	0.0000068
all	1044	12	886578	0.0000135
all	1045	8	886578	0.0000090
all	1046	8	886578	0.0000090
all	1047	7	886578	0.0000079
all	1048	9	886578	0.0000102
all	1049	9	886578	0.0000102
all	1050	10	886578	0.0000113
all	1051	6	886578	0.0000068
all	1052	10	886578	0.0000113
all	1053	13	886578	0.0000147
all	1054	13	886578	0.0000147
all	1055	4	886578	0.0000045
all	1056	5	886578	0.0000056
all	1057	11	886578	0.0000124
all	1058	11	886578	0.0000124
all	1059	8	886578	0.0000090
all	1060	3	886578	0.0000034
all	1061	6	886578	0.0000068
all	1062	5	886578	0.0000056
all	1063	6	886578	0.0000068
all	1064	7	886578	0.0000079
all	1065	3	886578	0.0000034
all	1066	7	886578	0.0000079
all	1067	5	886578	0.0000056
all	1068	9	886578	0.0000102
all	1069	9	886578	0.0000102
all	1070	6	886578	0.0000068
all	1071	12	886578	0.0000135
all	1072	6	886578	0.0000068
all	1073	12	886578	0.0000135
all	1074	11	886578	0.0000124
all	1075	6	886578	0.0000068
all	1076	7	886578	0.0000079
all	1077	5	886578	0.0000056
all	1078	7	886578	0.0000079
all	1079	11	886578	0.0000124
all	1080	4	886578	0.0000045
all	1081	5	886578	0.0000056
all	1082	6	886578	0.0000068
all	1083	9	886578	0.0000102
all	1084	7	886578	0.0000079
all	1085	12	886578	0.0000135
all	1086	17	886578	0.0000192
all	1087	9	886578	0.0000102
all	1088	7	886578	0.0000079
all	1089	14	886578	0.0000158
all	1090	7	886578	0.0000079
all	1091	5	886578	0.0000056
all	1092	10	886578	0.0000113
all	1093	6	886578	0.0000068
all	1094	6	886578	0.0000068
all	1095	6	886578	0.0000068
all	1096	13	886578	0.0000147
all	1097	6	886578	0.0000068
all	1098	8	886578	0.0000090
all	1099	6	886578	0.0000068
all	1100	7	886578	0.0000079
all	1101	9	886578	0.0000102
all	1102	12	886578	0.0000135
all	1103	6	886578	0.0000068
all	1104	10	886578	0.0000113
all	1105	10	886578	0.0000113
all	1106	11	886578	0.0000124
all	1107	13	886578	0.0000147
all	1108	4	886578	0.0000045
all	1109	14	886578	0.0000158
all	1110	9	886578	0.0000102
all	1111	9	886578	0.0000102
all	1112	7	886578	0.0000079
all	1113	6	886578	0.0000068
all	1114	6	886578	0.0000068
all	1115	10	886578	0.0000113
all	1116	13	886578	0.0000147
all	1117	7	886578	0.0000079
all	1118	5	886578	0.0000056
all	1119	5	886578	0.0000056
all	1120	12	886578	0.0000135
all	1121	5	886578	0.0000056
all	1122	8	886578	0.0000090
all	1123	11	886578	0.0000124
all	1124	7	886578	0.0000079
all	1125	3	886578	0.0000034
all	1126	6	886578	0.0000068
all	1127	8	886578	0.0000090
all	1128	7	886578	0.0000079
all	1129	6	886578	0.0000068
all	1130	10	886578	0.0000113
all	1131	9	886578	0.0000102
all	1132	6	886578	0.0000068
all	1133	10	886578	0.0000113
all	1134	4	886578	0.0000045
all	1135	8	886578	0.0000090
all	1136	8	886578	0.0000090
all	1137	7	886578	0.0000079
all	1138	5	886578	0.0000056
all	1139	10	886578	0.0000113
all	1140	7	886578	0.0000079
all	1141	7	886578	0.0000079
all	1142	6	886578	0.0000068
all	1143	4	886578	0.0000045
all	1144	2	886578	0.0000023
all	1145	6	886578	0.0000068
all	1146	6	886578	0.0000068
all	1147	7	886578	0.0000079
all	1148	3	886578	0.0000034
all	1149	11	886578	0.0000124
all	1150	7	886578	0.0000079
all	1151	4	886578	0.0000045
all	1152	9	886578	0.0000102
all	1153	4	886578	0.0000045
all	1154	7	886578	0.0000079
all	1155	9	886578	0.0000102
all	1156	5	886578	0.0000056
all	1157	9	886578	0.0000102
all	1158	6	886578	0.0000068
all	1159	10	886578	0.0000113
all	1160	5	886578	0.0000056
all	1161	6	886578	0.0000068
all	1162	8	886578	0.0000090
all	1163	7	886578	0.0000079
all	1164	5	886578	0.0000056
all	1165	5	886578	0.0000056
all	1166	8	886578	0.0000090
all	1167	4	886578	0.0000045
all	1168	11	886578	0.0000124
all	1169	8	886578	0.0000090
all	1170	7	886578	0.0000079
all	1171	6	886578	0.0000068
all	1172	4	886578	0.0000045
all	1173	5	886578	0.0000056
all	1174	8	886578	0.0000090
all	1175	7	886578	0.0000079
all	1176	10	886578	0.0000113
all	1177	10	886578	0.0000113
all	1178	8	886578	0.0000090
all	1179	4	886578	0.0000045
all	1180	4	886578	0.0000045
all	1181	13	886578	0.0000147
all	1182	8	886578	0.0000090
all	1183	11	886578	0.0000124
all	1184	9	886578	0.0000102
all	1185	13	886578	0.0000147
all	1186	2	886578	0.0000023
all	1187	1	886578	0.0000011
all	1188	6	886578	0.0000068
all	1189	8	886578	0.0000090
all	1190	10	886578	0.0000113
all	1191	13	886578	0.0000147
all	1192	9	886578	0.0000102
all	1193	6	886578	0.0000068
all	1194	8	886578	0.0000090
all	1195	6	886578	0.0000068
all	1196	11	886578	0.0000124
all	1197	3	886578	0.0000034
all	1198	10	886578	0.0000113
all	1199	7	886578	0.0000079
all	1200	7	886578	0.0000079
all	1201	4	886578	0.0000045
all	1202	9	886578	0.0000102
all	1203	6	886578	0.0000068
all	1204	4	886578	0.0000045
all	1205	3	886578	0.0000034
all	1206	6	886578	0.0000068
all	1207	6	886578	0.0000068
all	1208	9	886578	0.0000102
all	1209	6	886578	0.0000068
all	1210	7	886578	0.0000079
all	1211	5	886578	0.0000056
all	1212	8	886578	0.0000090
all	1213	4	886578	0.0000045
all	1214	5	886578	0.0000056
all	1215	8	886578	0.0000090
all	1216	10	886578	0.0000113
all	1217	6	886578	0.0000068
all	1218	5	886578	0.0000056
all	1219	6	886578	0.0000068
all	1220	9	886578	0.0000102
all	1221	8	886578	0.0000090
all	1222	8	886578	0.0000090
all	1223	9	886578	0.0000102
all	1224	4	886578	0.0000045
all	1225	2	886578	0.0000023
all	1226	4	886578	0.0000045
all	1227	5	886578	0.0000056
all	1228	8	886578	0.0000090
all	1229	4	886578	0.0000045
all	1230	5	886578	0.0000056
all	1231	8	886578	0.0000090
all	1232	8	886578	0.0000090
all	1233	6	886578	0.0000068
all	1234	6	886578	0.0000068
all	1235	5	886578	0.0000056
all	1236	3	886578	0.0000034
all	1237	3	886578	0.0000034
all	1238	3	886578	0.0000034
all	1239	4	886578	0.0000045
all	1240	4	886578	0.0000045
all	1241	10	886578	0.0000113
all	1242	5	886578	0.0000056
all	1243	6	886578	0.0000068
all	1244	6	886578	0.0000068
all	1245	7	886578	0.0000079
all	1246	5	886578	0.0000056
all	1247	1	886578	0.0000011
all	1248	4	886578	0.0000045
all	1249	12	886578	0.0000135
all	1250	3	886578	0.0000034
all	1251	6	886578	0.0000068
all	1252	7	886578	0.0000079
all	1253	5	886578	0.0000056
all	1254	6	886578	0.0000068
all	1255	4	886578	0.0000045
all	1256	4	886578	0.0000045
all	1258	4	886578	0.0000045
all	1259	6	886578	0.0000068
all	1260	5	886578	0.0000056
all	1261	4	886578	0.0000045
all	1262	4	886578	0.0000045
all	1263	2	886578	0.0000023
all	1264	5	886578	0.0000056
all	1265	1	886578	0.0000011
all	1266	8	886578	0.0000090
all	1267	4	886578	0.0000045
all	1268	4	886578	0.0000045
all	1270	5	886578	0.0000056
all	1271	2	886578	0.0000023
all	1272	4	886578	0.0000045
all	1273	2	886578	0.0000023
all	1274	3	886578	0.0000034
all	1275	5	886578	0.0000056
all	1276	3	886578	0.0000034
all	1277	4	886578	0.0000045
all	1278	5	886578	0.0000056
all	1279	6	886578	0.0000068
all	1280	4	886578	0.0000045
all	1281	4	886578	0.0000045
all	1282	4	886578	0.0000045
all	1283	5	886578	0.0000056
all	1284	3	886578	0.0000034
all	1285	2	886578	0.0000023
all	1286	3	886578	0.0000034
all	1287	8	886578	0.0000090
all	1288	2	886578	0.0000023
all	1289	6	886578	0.0000068
all	1290	2	886578	0.0000023
all	1291	4	886578	0.0000045
all	1292	4	886578	0.0000045
all	1293	4	886578	0.0000045
all	1294	4	886578	0.0000045
all	1295	8	886578	0.0000090
all	1296	6	886578	0.0000068
all	1297	5	886578	0.0000056
all	1298	5	886578	0.0000056
all	1299	6	886578	0.0000068
all	1300	3	886578	0.0000034
all	1301	5	886578	0.0000056
all	1302	1	886578	0.0000011
all	1303	2	886578	0.0000023
all	1304	3	886578	0.0000034
all	1305	4	886578	0.0000045
all	1306	7	886578	0.0000079
all	1307	4	886578	0.0000045
all	1308	6	886578	0.0000068
all	1309	5	886578	0.0000056
all	1310	2	886578	0.0000023
all	1311	9	886578	0.0000102
all	1312	4	886578	0.0000045
all	1313	7	886578	0.0000079
all	1314	3	886578	0.0000034
all	1315	3	886578	0.0000034
all	1316	5	886578	0.0000056
all	1317	3	886578	0.0000034
all	1318	4	886578	0.0000045
all	1319	2	886578	0.0000023
all	1320	3	886578	0.0000034
all	1321	3	886578	0.0000034
all	1322	3	886578	0.0000034
all	1323	4	886578	0.0000045
all	1324	2	886578	0.0000023
all	1325	3	886578	0.0000034
all	1326	5	886578	0.0000056
all	1327	4	886578	0.0000045
all	1328	2	886578	0.0000023
all	1329	4	886578	0.0000045
all	1331	4	886578	0.0000045
all	1332	7	886578	0.0000079
all	1333	2	886578	0.0000023
all	1334	5	886578	0.0000056
all	1335	7	886578	0.0000079
all	1336	4	886578	0.0000045
all	1337	8	886578	0.0000090
all	1338	6	886578	0.0000068
all	1339	5	886578	0.0000056
all	1340	1	886578	0.0000011
all	1341	4	886578	0.0000045
all	1342	1	886578	0.0000011
all	1343	6	886578	0.0000068
all	1344	5	886578	0.0000056
all	1345	6	886578	0.0000068
all	1346	12	886578	0.0000135
all	1347	3	886578	0.0000034
all	1348	6	886578	0.0000068
all	1349	3	886578	0.0000034
all	1350	3	886578	0.0000034
all	1351	4	886578	0.0000045
all	1352	7	886578	0.0000079
all	1353	9	886578	0.0000102
all	1354	4	886578	0.0000045
all	1355	4	886578	0.0000045
all	1356	7	886578	0.0000079
all	1357	9	886578	0.0000102
all	1358	7	886578	0.0000079
all	1359	4	886578	0.0000045
all	1360	7	886578	0.0000079
all	1361	12	886578	0.0000135
all	1362	3	886578	0.0000034
all	1363	6	886578	0.0000068
all	1364	5	886578	0.0000056
all	1365	7	886578	0.0000079
all	1366	8	886578	0.0000090
all	1367	1	886578	0.0000011
all	1368	6	886578	0.0000068
all	1369	2	886578	0.0000023
all	1370	3	886578	0.0000034
all	1371	4	886578	0.0000045
all	1372	7	886578	0.0000079
all	1373	8	886578	0.0000090
all	1374	7	886578	0.0000079
all	1375	4	886578	0.0000045
all	1376	5	886578	0.0000056
all	1377	7	886578	0.0000079
all	1378	5	886578	0.0000056
all	1379	8	886578	0.0000090
all	1380	3	886578	0.0000034
all	1381	1	886578	0.0000011
all	1382	7	886578	0.0000079
all	1383	7	886578	0.0000079
all	1384	8	886578	0.0000090
all	1385	5	886578	0.0000056
all	1386	6	886578	0.0000068
all	1387	10	886578	0.0000113
all	1388	7	886578	0.0000079
all	1389	2	886578	0.0000023
all	1390	3	886578	0.0000034
all	1391	6	886578	0.0000068
all	1392	5	886578	0.0000056
all	1393	8	886578	0.0000090
all	1394	2	886578	0.0000023
all	1395	7	886578	0.0000079
all	1396	3	886578	0.0000034
all	1397	4	886578	0.0000045
all	1398	7	886578	0.0000079
all	1399	2	886578	0.0000023
all	1400	7	886578	0.0000079
all	1401	6	886578	0.0000068
all	1402	5	886578	0.0000056
all	1403	2	886578	0.0000023
all	1404	5	886578	0.0000056
all	1405	2	886578	0.0000023
all	1406	5	886578	0.0000056
all	1407	4	886578	0.0000045
all	1408	4	886578	0.0000045
all	1409	4	886578	0.0000045
all	1410	7	886578	0.0000079
all	1411	5	886578	0.0000056
all	1412	7	886578	0.0000079
all	1413	4	886578	0.0000045
all	1414	5	886578	0.0000056
all	1415	6	886578	0.0000068
all	1416	8	886578	0.0000090
all	1417	8	886578	0.0000090
all	1418	4	886578	0.0000045
all	1419	1	886578	0.0000011
all	1420	6	886578	0.0000068
all	1421	5	886578	0.0000056
all	1422	1	886578	0.0000011
all	1423	2	886578	0.0000023
all	1424	4	886578	0.0000045
all	1425	5	886578	0.0000056
all	1426	3	886578	0.0000034
all	1427	4	886578	0.0000045
all	1428	4	886578	0.0000045
all	1429	5	886578	0.0000056
all	1430	5	886578	0.0000056
all	1431	7	886578	0.0000079
all	1432	6	886578	0.0000068
all	1433	7	886578	0.0000079
all	1434	5	886578	0.0000056
all	1435	5	886578	0.0000056
all	1436	7	886578	0.0000079
all	1437	5	886578	0.0000056
all	1438	1	886578	0.0000011
all	1439	2	886578	0.0000023
all	1440	8	886578	0.0000090
all	1441	3	886578	0.0000034
all	1442	5	886578	0.0000056
all	1443	7	886578	0.0000079
all	1444	4	886578	0.0000045
all	1445	3	886578	0.0000034
all	1446	6	886578	0.0000068
all	1447	2	886578	0.0000023
all	1448	4	886578	0.0000045
all	1449	2	886578	0.0000023
all	1450	5	886578	0.0000056
all	1451	8	886578	0.0000090
all	1452	5	886578	0.0000056
all	1453	5	886578	0.0000056
all	1454	4	886578	0.0000045
all	1455	4	886578	0.0000045
all	1456	5	886578	0.0000056
all	1457	7	886578	0.0000079
all	1458	7	886578	0.0000079
all	1459	10	886578	0.0000113
all	1460	6	886578	0.0000068
all	1461	8	886578	0.0000090
all	1462	8	886578	0.0000090
all	1463	5	886578	0.0000056
all	1464	6	886578	0.0000068
all	1465	6	886578	0.0000068
all	1466	4	886578	0.0000045
all	1467	6	886578	0.0000068
all	1468	4	886578	0.0000045
all	1469	4	886578	0.0000045
all	1470	8	886578	0.0000090
all	1471	6	886578	0.0000068
all	1472	5	886578	0.0000056
all	1473	9	886578	0.0000102
all	1474	9	886578	0.0000102
all	1475	7	886578	0.0000079
all	1476	5	886578	0.0000056
all	1477	3	886578	0.0000034
all	1478	3	886578	0.0000034
all	1479	10	886578	0.0000113
all	1480	2	886578	0.0000023
all	1481	5	886578	0.0000056
all	1482	3	886578	0.0000034
all	1483	9	886578	0.0000102
all	1484	5	886578	0.0000056
all	1485	6	886578	0.0000068
all	1486	8	886578	0.0000090
all	1487	4	886578	0.0000045
all	1488	2	886578	0.0000023
all	1489	3	886578	0.0000034
all	1490	7	886578	0.0000079
all	1491	3	886578	0.0000034
all	1492	1	886578	0.0000011
all	1493	1	886578	0.0000011
all	1494	7	886578	0.0000079
all	1495	1	886578	0.0000011
all	1496	4	886578	0.0000045
all	1497	6	886578	0.0000068
all	1498	13	886578	0.0000147
all	1499	7	886578	0.0000079
all	1500	4	886578	0.0000045
all	1501	3	886578	0.0000034
all	1502	5	886578	0.0000056
all	1503	4	886578	0.0000045
all	1504	3	886578	0.0000034
all	1505	5	886578	0.0000056
all	1506	9	886578	0.0000102
all	1507	6	886578	0.0000068
all	1508	10	886578	0.0000113
all	1509	9	886578	0.0000102
all	1510	7	886578	0.0000079
all	1511	4	886578	0.0000045
all	1512	10	886578	0.0000113
all	1513	4	886578	0.0000045
all	1514	5	886578	0.0000056
all	1515	4	886578	0.0000045
all	1516	6	886578	0.0000068
all	1517	4	886578	0.0000045
all	1518	6	886578	0.0000068
all	1519	1	886578	0.0000011
all	1520	4	886578	0.0000045
all	1521	3	886578	0.0000034
all	1522	1	886578	0.0000011
all	1523	5	886578	0.0000056
all	1524	3	886578	0.0000034
all	1525	3	886578	0.0000034
all	1526	3	886578	0.0000034
all	1527	3	886578	0.0000034
all	1528	2	886578	0.0000023
all	1529	5	886578	0.0000056
all	1530	3	886578	0.0000034
all	1531	4	886578	0.0000045
all	1532	6	886578	0.0000068
all	1533	5	886578	0.0000056
all	1534	2	886578	0.0000023
all	1535	6	886578	0.0000068
all	1536	1	886578	0.0000011
all	1537	4	886578	0.0000045
all	1538	1	886578	0.0000011
all	1539	7	886578	0.0000079
all	1540	2	886578	0.0000023
all	1541	4	886578	0.0000045
all	1543	1	886578	0.0000011
all	1544	1	886578	0.0000011
all	1545	5	886578	0.0000056
all	1546	1	886578	0.0000011
all	1547	1	886578	0.0000011
all	1548	6	886578	0.0000068
all	1549	1	886578	0.0000011
all	1550	1	886578	0.0000011
all	1551	2	886578	0.0000023
all	1552	4	886578	0.0000045
all	1553	3	886578	0.0000034
all	1554	3	886578	0.0000034
all	1555	2	886578	0.0000023
all	1556	4	886578	0.0000045
all	1557	2	886578	0.0000023
all	1558	2	886578	0.0000023
all	1559	3	886578	0.0000034
all	1560	1	886578	0.0000011
all	1561	2	886578	0.0000023
all	1562	3	886578	0.0000034
all	1563	3	886578	0.0000034
all	1564	3	886578	0.0000034
all	1565	7	886578	0.0000079
all	1566	4	886578	0.0000045
all	1567	5	886578	0.0000056
all	1568	4	886578	0.0000045
all	1569	2	886578	0.0000023
all	1570	3	886578	0.0000034
all	1571	5	886578	0.0000056
all	1572	6	886578	0.0000068
all	1573	5	886578	0.0000056
all	1574	1	886578	0.0000011
all	1575	3	886578	0.0000034
all	1576	3	886578	0.0000034
all	1577	5	886578	0.0000056
all	1578	3	886578	0.0000034
all	1579	4	886578	0.0000045
all	1580	1	886578	0.0000011
all	1581	4	886578	0.0000045
all	1582	2	886578	0.0000023
all	1583	4	886578	0.0000045
all	1584	3	886578	0.0000034
all	1585	2	886578	0.0000023
all	1586	3	886578	0.0000034
all	1587	6	886578	0.0000068
all	1588	2	886578	0.0000023
all	1589	2	886578	0.0000023
all	1590	4	886578	0.0000045
all	1591	6	886578	0.0000068
all	1592	3	886578	0.0000034
all	1593	4	886578	0.0000045
all	1594	4	886578	0.0000045
all	1595	9	886578	0.0000102
all	1596	8	886578	0.0000090
all	1597	2	886578	0.0000023
all	1598	1	886578	0.0000011
all	1599	3	886578	0.0000034
all	1600	1	886578	0.0000011
all	1601	4	886578	0.0000045
all	1602	1	886578	0.0000011
all	1603	3	886578	0.0000034
all	1604	5	886578	0.0000056
all	1605	4	886578	0.0000045
all	1606	3	886578	0.0000034
all	1607	2	886578	0.0000023
all	1608	5	886578	0.0000056
all	1609	5	886578	0.0000056
all	1610	1	886578	0.0000011
all	1611	2	886578	0.0000023
all	1612	3	886578	0.0000034
all	1613	4	886578	0.0000045
all	1614	10	886578	0.0000113
all	1615	7	886578	0.0000079
all	1616	3	886578	0.0000034
all	1617	6	886578	0.0000068
all	1618	4	886578	0.0000045
all	1619	5	886578	0.0000056
all	1620	7	886578	0.0000079
all	1621	6	886578	0.0000068
all	1622	2	886578	0.0000023
all	1623	6	886578	0.0000068
all	1624	3	886578	0.0000034
all	1625	3	886578	0.0000034
all	1626	6	886578	0.0000068
all	1627	4	886578	0.0000045
all	1628	5	886578	0.0000056
all	1629	5	886578	0.0000056
all	1630	2	886578	0.0000023
all	1631	6	886578	0.0000068
all	1632	3	886578	0.0000034
all	1633	2	886578	0.0000023
all	1634	8	886578	0.0000090
all	1635	6	886578	0.0000068
all	1636	1	886578	0.0000011
all	1637	3	886578	0.0000034
all	1638	2	886578	0.0000023
all	1639	4	886578	0.0000045
all	1640	7	886578	0.0000079
all	1641	2	886578	0.0000023
all	1642	5	886578	0.0000056
all	1643	7	886578	0.0000079
all	1644	8	886578	0.0000090
all	1645	5	886578	0.0000056
all	1646	9	886578	0.0000102
all	1647	3	886578	0.0000034
all	1648	3	886578	0.0000034
all	1649	12	886578	0.0000135
all	1650	10	886578	0.0000113
all	1651	4	886578	0.0000045
all	1652	3	886578	0.0000034
all	1653	6	886578	0.0000068
all	1654	3	886578	0.0000034
all	1655	6	886578	0.0000068
all	1656	2	886578	0.0000023
all	1657	2	886578	0.0000023
all	1658	4	886578	0.0000045
all	1659	3	886578	0.0000034
all	1660	4	886578	0.0000045
all	1661	5	886578	0.0000056
all	1662	7	886578	0.0000079
all	1663	4	886578	0.0000045
all	1664	2	886578	0.0000023
all	1665	3	886578	0.0000034
all	1666	5	886578	0.0000056
all	1667	3	886578	0.0000034
all	1668	5	886578	0.0000056
all	1669	4	886578	0.0000045
all	1670	6	886578	0.0000068
all	1671	6	886578	0.0000068
all	1672	9	886578	0.0000102
all	1673	5	886578	0.0000056
all	1674	3	886578	0.0000034
all	1675	4	886578	0.0000045
all	1676	3	886578	0.0000034
all	1677	3	886578	0.0000034
all	1678	2	886578	0.0000023
all	1679	3	886578	0.0000034
all	1680	2	886578	0.0000023
all	1681	6	886578	0.0000068
all	1682	5	886578	0.0000056
all	1683	4	886578	0.0000045
all	1684	4	886578	0.0000045
all	1685	1	886578	0.0000011
all	1686	3	886578	0.0000034
all	1687	3	886578	0.0000034
all	1688	3	886578	0.0000034
all	1689	1	886578	0.0000011
all	1691	5	886578	0.0000056
all	1692	2	886578	0.0000023
all	1693	2	886578	0.0000023
all	1694	1	886578	0.0000011
all	1695	2	886578	0.0000023
all	1696	2	886578	0.0000023
all	1697	3	886578	0.0000034
all	1698	4	886578	0.0000045
all	1699	2	886578	0.0000023
all	1700	2	886578	0.0000023
all	1701	3	886578	0.0000034
all	1703	1	886578	0.0000011
all	1704	4	886578	0.0000045
all	1705	2	886578	0.0000023
all	1706	3	886578	0.0000034
all	1707	3	886578	0.0000034
all	1708	7	886578	0.0000079
all	1709	1	886578	0.0000011
all	1710	1	886578	0.0000011
all	1711	4	886578	0.0000045
all	1712	2	886578	0.0000023
all	1713	1	886578	0.0000011
all	1714	3	886578	0.0000034
all	1715	1	886578	0.0000011
all	1716	4	886578	0.0000045
all	1717	1	886578	0.0000011
all	1718	4	886578	0.0000045
all	1719	1	886578	0.0000011
all	1720	5	886578	0.0000056
all	1721	1	886578	0.0000011
all	1722	3	886578	0.0000034
all	1723	6	886578	0.0000068
all	1724	4	886578	0.0000045
all	1725	2	886578	0.0000023
all	1726	2	886578	0.0000023
all	1727	7	886578	0.0000079
all	1728	2	886578	0.0000023
all	1729	3	886578	0.0000034
all	1730	1	886578	0.0000011
all	1731	2	886578	0.0000023
all	1732	2	886578	0.0000023
all	1733	2	886578	0.0000023
all	1734	4	886578	0.0000045
all	1735	3	886578	0.0000034
all	1736	2	886578	0.0000023
all	1737	1	886578	0.0000011
all	1738	3	886578	0.0000034
all	1739	3	886578	0.0000034
all	1740	7	886578	0.0000079
all	1741	10	886578	0.0000113
all	1742	2	886578	0.0000023
all	1743	1	886578	0.0000011
all	1744	5	886578	0.0000056
all	1745	6	886578	0.0000068
all	1746	6	886578	0.0000068
all	1747	3	886578	0.0000034
all	1748	3	886578	0.0000034
all	1749	5	886578	0.0000056
all	1750	3	886578	0.0000034
all	1752	2	886578	0.0000023
all	1753	2	886578	0.0000023
all	1754	7	886578	0.0000079
all	1755	4	886578	0.0000045
all	1756	9	886578	0.0000102
all	1757	4	886578	0.0000045
all	1758	6	886578	0.0000068
all	1759	6	886578	0.0000068
all	1760	7	886578	0.0000079
all	1761	3	886578	0.0000034
all	1762	1	886578	0.0000011
all	1763	5	886578	0.0000056
all	1764	3	886578	0.0000034
all	1765	1	886578	0.0000011
all	1766	3	886578	0.0000034
all	1767	4	886578	0.0000045
all	1768	4	886578	0.0000045
all	1769	2	886578	0.0000023
all	1770	1	886578	0.0000011
all	1771	3	886578	0.0000034
all	1772	4	886578	0.0000045
all	1773	1	886578	0.0000011
all	1774	6	886578	0.0000068
all	1775	4	886578	0.0000045
all	1776	1	886578	0.0000011
all	1777	2	886578	0.0000023
all	1778	7	886578	0.0000079
all	1779	4	886578	0.0000045
all	1780	1	886578	0.0000011
all	1782	10	886578	0.0000113
all	1783	4	886578	0.0000045
all	1784	4	886578	0.0000045
all	1785	4	886578	0.0000045
all	1786	5	886578	0.0000056
all	1787	2	886578	0.0000023
all	1788	4	886578	0.0000045
all	1789	2	886578	0.0000023
all	1790	4	886578	0.0000045
all	1791	1	886578	0.0000011
all	1792	4	886578	0.0000045
all	1793	4	886578	0.0000045
all	1794	2	886578	0.0000023
all	1795	2	886578	0.0000023
all	1796	4	886578	0.0000045
all	1797	2	886578	0.0000023
all	1798	3	886578	0.0000034
all	1799	2	886578	0.0000023
all	1800	5	886578	0.0000056
all	1801	4	886578	0.0000045
all	1802	4	886578	0.0000045
all	1803	3	886578	0.0000034
all	1804	1	886578	0.0000011
all	1805	1	886578	0.0000011
all	1806	5	886578	0.0000056
all	1807	3	886578	0.0000034
all	1809	1	886578	0.0000011
all	1810	7	886578	0.0000079
all	1811	4	886578	0.0000045
all	1812	5	886578	0.0000056
all	1813	5	886578	0.0000056
all	1814	5	886578	0.0000056
all	1815	6	886578	0.0000068
all	1816	5	886578	0.0000056
all	1817	3	886578	0.0000034
all	1818	3	886578	0.0000034
all	1819	2	886578	0.0000023
all	1820	2	886578	0.0000023
all	1821	2	886578	0.0000023
all	1822	1	886578	0.0000011
all	1823	2	886578	0.0000023
all	1824	2	886578	0.0000023
all	1825	1	886578	0.0000011
all	1826	7	886578	0.0000079
all	1827	4	886578	0.0000045
all	1828	1	886578	0.0000011
all	1830	1	886578	0.0000011
all	1831	1	886578	0.0000011
all	1833	3	886578	0.0000034
all	1834	2	886578	0.0000023
all	1835	4	886578	0.0000045
all	1836	2	886578	0.0000023
all	1837	3	886578	0.0000034
all	1838	3	886578	0.0000034
all	1840	1	886578	0.0000011
all	1841	3	886578	0.0000034
all	1842	4	886578	0.0000045
all	1844	4	886578	0.0000045
all	1846	4	886578	0.0000045
all	1847	2	886578	0.0000023
all	1848	3	886578	0.0000034
all	1849	4	886578	0.0000045
all	1850	4	886578	0.0000045
all	1851	7	886578	0.0000079
all	1852	3	886578	0.0000034
all	1853	4	886578	0.0000045
all	1854	1	886578	0.0000011
all	1855	2	886578	0.0000023
all	1856	1	886578	0.0000011
all	1857	1	886578	0.0000011
all	1858	2	886578	0.0000023
all	1859	5	886578	0.0000056
all	1860	1	886578	0.0000011
all	1861	3	886578	0.0000034
all	1862	4	886578	0.0000045
all	1863	3	886578	0.0000034
all	1864	5	886578	0.0000056
all	1865	1	886578	0.0000011
all	1866	3	886578	0.0000034
all	1867	3	886578	0.0000034
all	1868	4	886578	0.0000045
all	1869	3	886578	0.0000034
all	1870	4	886578	0.0000045
all	1871	3	886578	0.0000034
all	1872	3	886578	0.0000034
all	1873	1	886578	0.0000011
all	1874	8	886578	0.0000090
all	1875	6	886578	0.0000068
all	1877	1	886578	0.0000011
all	1878	2	886578	0.0000023
all	1879	6	886578	0.0000068
all	1880	4	886578	0.0000045
all	1881	3	886578	0.0000034
all	1882	6	886578	0.0000068
all	1883	3	886578	0.0000034
all	1884	5	886578	0.0000056
all	1885	6	886578	0.0000068
all	1887	6	886578	0.0000068
all	1888	2	886578	0.0000023
all	1889	2	886578	0.0000023
all	1890	4	886578	0.0000045
all	1891	4	886578	0.0000045
all	1892	6	886578	0.0000068
all	1893	4	886578	0.0000045
all	1894	5	886578	0.0000056
all	1895	3	886578	0.0000034
all	1896	2	886578	0.0000023
all	1897	5	886578	0.0000056
all	1898	4	886578	0.0000045
all	1899	6	886578	0.0000068
all	1900	4	886578	0.0000045
all	1901	1	886578	0.0000011
all	1902	3	886578	0.0000034
all	1903	6	886578	0.0000068
all	1904	3	886578	0.0000034
all	1905	2	886578	0.0000023
all	1906	4	886578	0.0000045
all	1907	4	886578	0.0000045
all	1908	5	886578	0.0000056
all	1909	2	886578	0.0000023
all	1910	4	886578	0.0000045
all	1911	3	886578	0.0000034
all	1912	2	886578	0.0000023
all	1913	5	886578	0.0000056
all	1914	2	886578	0.0000023
all	1915	5	886578	0.0000056
all	1916	4	886578	0.0000045
all	1917	1	886578	0.0000011
all	1918	6	886578	0.0000068
all	1919	3	886578	0.0000034
all	1920	3	886578	0.0000034
all	1921	3	886578	0.0000034
all	1922	2	886578	0.0000023
all	1923	5	886578	0.0000056
all	1924	3	886578	0.0000034
all	1925	8	886578	0.0000090
all	1926	2	886578	0.0000023
all	1927	2	886578	0.0000023
all	1928	7	886578	0.0000079
all	1929	2	886578	0.0000023
all	1930	7	886578	0.0000079
all	1931	4	886578	0.0000045
all	1932	4	886578	0.0000045
all	1933	2	886578	0.0000023
all	1934	11	886578	0.0000124
all	1935	12	886578	0.0000135
all	1936	7	886578	0.0000079
all	1937	9	886578	0.0000102
all	1938	4	886578	0.0000045
all	1939	3	886578	0.0000034
all	1940	6	886578	0.0000068
all	1941	2	886578	0.0000023
all	1942	4	886578	0.0000045
all	1943	3	886578	0.0000034
all	1944	7	886578	0.0000079
all	1945	2	886578	0.0000023
all	1946	2	886578	0.0000023
all	1948	4	886578	0.0000045
all	1949	2	886578	0.0000023
all	1951	2	886578	0.0000023
all	1952	1	886578	0.0000011
all	1954	2	886578	0.0000023
all	1955	1	886578	0.0000011
all	1956	4	886578	0.0000045
all	1957	2	886578	0.0000023
all	1958	3	886578	0.0000034
all	1959	2	886578	0.0000023
all	1960	1	886578	0.0000011
all	1961	2	886578	0.0000023
all	1962	1	886578	0.0000011
all	1963	1	886578	0.0000011
all	1965	3	886578	0.0000034
all	1966	2	886578	0.0000023
all	1967	1	886578	0.0000011
all	1969	4	886578	0.0000045
all	1970	2	886578	0.0000023
all	1971	4	886578	0.0000045
all	1972	3	886578	0.0000034
all	1973	3	886578	0.0000034
all	1974	6	886578	0.0000068
all	1976	1	886578	0.0000011
all	1977	5	886578	0.0000056
all	1978	5	886578	0.0000056
all	1979	5	886578	0.0000056
all	1980	4	886578	0.0000045
all	1981	2	886578	0.0000023
all	1982	3	886578	0.0000034
all	1984	4	886578	0.0000045
all	1985	2	886578	0.0000023
all	1986	7	886578	0.0000079
all	1987	4	886578	0.0000045
all	1988	3	886578	0.0000034
all	1989	9	886578	0.0000102
all	1990	6	886578	0.0000068
all	1991	2	886578	0.0000023
all	1992	2	886578	0.0000023
all	1993	1	886578	0.0000011
all	1994	2	886578	0.0000023
all	1995	4	886578	0.0000045
all	1996	2	886578	0.0000023
all	1997	6	886578	0.0000068
all	1998	1	886578	0.0000011
all	1999	3	886578	0.0000034
all	2000	2	886578	0.0000023
all	2001	3	886578	0.0000034
all	2002	2	886578	0.0000023
all	2003	2	886578	0.0000023
all	2004	2	886578	0.0000023
all	2005	3	886578	0.0000034
all	2006	2	886578	0.0000023
all	2007	3	886578	0.0000034
all	2008	4	886578	0.0000045
all	2009	4	886578	0.0000045
all	2010	5	886578	0.0000056
all	2011	3	886578	0.0000034
all	2012	2	886578	0.0000023
all	2013	1	886578	0.0000011
all	2014	2	886578	0.0000023
all	2015	1	886578	0.0000011
all	2016	6	886578	0.0000068
all	2017	2	886578	0.0000023
all	2018	7	886578	0.0000079
all	2019	5	886578	0.0000056
all	2020	5	886578	0.0000056
all	2021	4	886578	0.0000045
all	2022	2	886578	0.0000023
all	2023	3	886578	0.0000034
all	2024	3	886578	0.0000034
all	2025	5	886578	0.0000056
all	2026	9	886578	0.0000102
all	2027	3	886578	0.0000034
all	2028	6	886578	0.0000068
all	2029	7	886578	0.0000079
all	2030	7	886578	0.0000079
all	2032	3	886578	0.0000034
all	2033	2	886578	0.0000023
all	2034	5	886578	0.0000056
all	2035	1	886578	0.0000011
all	2036	3	886578	0.0000034
all	2037	3	886578	0.0000034
all	2038	1	886578	0.0000011
all	2039	1	886578	0.0000011
all	2040	3	886578	0.0000034
all	2041	2	886578	0.0000023
all	2042	3	886578	0.0000034
all	2043	5	886578	0.0000056
all	2044	5	886578	0.0000056
all	2045	3	886578	0.0000034
all	2046	2	886578	0.0000023
all	2047	7	886578	0.0000079
all	2048	2	886578	0.0000023
all	2049	2	886578	0.0000023
all	2050	1	886578	0.0000011
all	2051	3	886578	0.0000034
all	2052	2	886578	0.0000023
all	2053	1	886578	0.0000011
all	2055	2	886578	0.0000023
all	2056	1	886578	0.0000011
all	2057	1	886578	0.0000011
all	2059	1	886578	0.0000011
all	2060	1	886578	0.0000011
all	2062	1	886578	0.0000011
all	2063	2	886578	0.0000023
all	2064	1	886578	0.0000011
all	2065	4	886578	0.0000045
all	2066	2	886578	0.0000023
all	2067	1	886578	0.0000011
all	2068	1	886578	0.0000011
all	2069	2	886578	0.0000023
all	2070	1	886578	0.0000011
all	2071	2	886578	0.0000023
all	2072	2	886578	0.0000023
all	2073	2	886578	0.0000023
all	2075	1	886578	0.0000011
all	2078	2	886578	0.0000023
all	2079	1	886578	0.0000011
all	2080	4	886578	0.0000045
all	2081	1	886578	0.0000011
all	2082	3	886578	0.0000034
all	2083	2	886578	0.0000023
all	2084	3	886578	0.0000034
all	2085	1	886578	0.0000011
all	2086	4	886578	0.0000045
all	2087	3	886578	0.0000034
all	2088	1	886578	0.0000011
all	2089	1	886578	0.0000011
all	2090	2	886578	0.0000023
all	2091	3	886578	0.0000034
all	2092	1	886578	0.0000011
all	2093	3	886578	0.0000034
all	2094	2	886578	0.0000023
all	2095	2	886578	0.0000023
all	2096	1	886578	0.0000011
all	2097	5	886578	0.0000056
all	2098	1	886578	0.0000011
all	2099	1	886578	0.0000011
all	2100	2	886578	0.0000023
all	2102	1	886578	0.0000011
all	2103	2	886578	0.0000023
all	2104	5	886578	0.0000056
all	2106	10	886578	0.0000113
all	2107	3	886578	0.0000034
all	2108	2	886578	0.0000023
all	2109	4	886578	0.0000045
all	2110	1	886578	0.0000011
all	2111	4	886578	0.0000045
all	2112	2	886578	0.0000023
all	2113	1	886578	0.0000011
all	2114	1	886578	0.0000011
all	2115	4	886578	0.0000045
all	2116	3	886578	0.0000034
all	2117	2	886578	0.0000023
all	2118	3	886578	0.0000034
all	2119	2	886578	0.0000023
all	2120	4	886578	0.0000045
all	2121	1	886578	0.0000011
all	2122	4	886578	0.0000045
all	2123	2	886578	0.0000023
all	2124	4	886578	0.0000045
all	2125	2	886578	0.0000023
all	2126	1	886578	0.0000011
all	2128	3	886578	0.0000034
all	2129	1	886578	0.0000011
all	2130	1	886578	0.0000011
all	2131	1	886578	0.0000011
all	2132	1	886578	0.0000011
all	2134	2	886578	0.0000023
all	2135	1	886578	0.0000011
all	2136	1	886578	0.0000011
all	2137	4	886578	0.0000045
all	2138	1	886578	0.0000011
all	2139	1	886578	0.0000011
all	2140	1	886578	0.0000011
all	2142	1	886578	0.0000011
all	2143	1	886578	0.0000011
all	2144	2	886578	0.0000023
all	2145	2	886578	0.0000023
all	2146	2	886578	0.0000023
all	2147	1	886578	0.0000011
all	2149	1	886578	0.0000011
all	2150	2	886578	0.0000023
all	2151	1	886578	0.0000011
all	2152	2	886578	0.0000023
all	2153	2	886578	0.0000023
all	2154	2	886578	0.0000023
all	2155	1	886578	0.0000011
all	2156	2	886578	0.0000023
all	2157	1	886578	0.0000011
all	2158	2	886578	0.0000023
all	2159	3	886578	0.0000034
all	2161	1	886578	0.0000011
all	2162	1	886578	0.0000011
all	2163	5	886578	0.0000056
all	2164	2	886578	0.0000023
all	2166	3	886578	0.0000034
all	2167	2	886578	0.0000023
all	2169	1	886578	0.0000011
all	2170	2	886578	0.0000023
all	2171	3	886578	0.0000034
all	2172	3	886578	0.0000034
all	2174	3	886578	0.0000034
all	2175	2	886578	0.0000023
all	2177	2	886578	0.0000023
all	2178	2	886578	0.0000023
all	2179	3	886578	0.0000034
all	2182	2	886578	0.0000023
all	2183	2	886578	0.0000023
all	2184	1	886578	0.0000011
all	2185	2	886578	0.0000023
all	2187	1	886578	0.0000011
all	2188	1	886578	0.0000011
all	2189	1	886578	0.0000011
all	2191	2	886578	0.0000023
all	2192	2	886578	0.0000023
all	2194	3	886578	0.0000034
all	2195	1	886578	0.0000011
all	2196	3	886578	0.0000034
all	2198	2	886578	0.0000023
all	2199	1	886578	0.0000011
all	2200	2	886578	0.0000023
all	2201	3	886578	0.0000034
all	2202	3	886578	0.0000034
all	2203	1	886578	0.0000011
all	2204	3	886578	0.0000034
all	2205	1	886578	0.0000011
all	2207	1	886578	0.0000011
all	2209	2	886578	0.0000023
all	2210	3	886578	0.0000034
all	2212	1	886578	0.0000011
all	2213	1	886578	0.0000011
all	2215	3	886578	0.0000034
all	2218	1	886578	0.0000011
all	2220	2	886578	0.0000023
all	2222	2	886578	0.0000023
all	2223	4	886578	0.0000045
all	2224	2	886578	0.0000023
all	2225	2	886578	0.0000023
all	2226	3	886578	0.0000034
all	2227	2	886578	0.0000023
all	2228	1	886578	0.0000011
all	2230	1	886578	0.0000011
all	2231	1	886578	0.0000011
all	2232	1	886578	0.0000011
all	2233	2	886578	0.0000023
all	2234	1	886578	0.0000011
all	2235	2	886578	0.0000023
all	2237	3	886578	0.0000034
all	2239	5	886578	0.0000056
all	2240	3	886578	0.0000034
all	2241	4	886578	0.0000045
all	2242	3	886578	0.0000034
all	2243	3	886578	0.0000034
all	2244	1	886578	0.0000011
all	2245	3	886578	0.0000034
all	2246	3	886578	0.0000034
all	2247	1	886578	0.0000011
all	2248	2	886578	0.0000023
all	2250	2	886578	0.0000023
all	2251	2	886578	0.0000023
all	2252	1	886578	0.0000011
all	2253	2	886578	0.0000023
all	2254	1	886578	0.0000011
all	2256	2	886578	0.0000023
all	2257	2	886578	0.0000023
all	2259	1	886578	0.0000011
all	2260	1	886578	0.0000011
all	2262	4	886578	0.0000045
all	2263	1	886578	0.0000011
all	2265	3	886578	0.0000034
all	2266	3	886578	0.0000034
all	2267	1	886578	0.0000011
all	2268	3	886578	0.0000034
all	2269	1	886578	0.0000011
all	2270	1	886578	0.0000011
all	2272	3	886578	0.0000034
all	2273	4	886578	0.0000045
all	2274	1	886578	0.0000011
all	2276	1	886578	0.0000011
all	2277	1	886578	0.0000011
all	2278	2	886578	0.0000023
all	2279	3	886578	0.0000034
all	2280	3	886578	0.0000034
all	2281	1	886578	0.0000011
all	2282	1	886578	0.0000011
all	2285	1	886578	0.0000011
all	2286	1	886578	0.0000011
all	2287	3	886578	0.0000034
all	2288	2	886578	0.0000023
all	2289	1	886578	0.0000011
all	2292	1	886578	0.0000011
all	2294	2	886578	0.0000023
all	2296	2	886578	0.0000023
all	2297	1	886578	0.0000011
all	2298	3	886578	0.0000034
all	2299	1	886578	0.0000011
all	2301	3	886578	0.0000034
all	2302	2	886578	0.0000023
all	2303	2	886578	0.0000023
all	2304	3	886578	0.0000034
all	2305	2	886578	0.0000023
all	2306	1	886578	0.0000011
all	2308	3	886578	0.0000034
all	2309	2	886578	0.0000023
all	2310	1	886578	0.0000011
all	2311	2	886578	0.0000023
all	2313	2	886578	0.0000023
all	2315	4	886578	0.0000045
all	2316	1	886578	0.0000011
all	2317	1	886578	0.0000011
all	2318	2	886578	0.0000023
all	2319	1	886578	0.0000011
all	2320	2	886578	0.0000023
all	2321	3	886578	0.0000034
all	2323	1	886578	0.0000011
all	2324	2	886578	0.0000023
all	2325	3	886578	0.0000034
all	2326	5	886578	0.0000056
all	2327	1	886578	0.0000011
all	2328	2	886578	0.0000023
all	2329	3	886578	0.0000034
all	2330	3	886578	0.0000034
all	2331	2	886578	0.0000023
all	2332	2	886578	0.0000023
all	2333	3	886578	0.0000034
all	2334	1	886578	0.0000011
all	2335	2	886578	0.0000023
all	2336	1	886578	0.0000011
all	2337	2	886578	0.0000023
all	2339	3	886578	0.0000034
all	2340	1	886578	0.0000011
all	2341	2	886578	0.0000023
all	2342	1	886578	0.0000011
all	2343	4	886578	0.0000045
all	2344	1	886578	0.0000011
all	2345	4	886578	0.0000045
all	2346	1	886578	0.0000011
all	2347	4	886578	0.0000045
all	2348	1	886578	0.0000011
all	2349	2	886578	0.0000023
all	2351	5	886578	0.0000056
all	2352	1	886578	0.0000011
all	2354	2	886578	0.0000023
all	2355	3	886578	0.0000034
all	2356	2	886578	0.0000023
all	2357	2	886578	0.0000023
all	2358	3	886578	0.0000034
all	2359	1	886578	0.0000011
all	2361	2	886578	0.0000023
all	2362	2	886578	0.0000023
all	2363	2	886578	0.0000023
all	2364	1	886578	0.0000011
all	2365	3	886578	0.0000034
all	2366	2	886578	0.0000023
all	2367	3	886578	0.0000034
all	2368	5	886578	0.0000056
all	2369	3	886578	0.0000034
all	2370	2	886578	0.0000023
all	2371	2	886578	0.0000023
all	2372	3	886578	0.0000034
all	2373	3	886578	0.0000034
all	2374	2	886578	0.0000023
all	2376	3	886578	0.0000034
all	2377	3	886578	0.0000034
all	2378	2	886578	0.0000023
all	2379	4	886578	0.0000045
all	2380	2	886578	0.0000023
all	2381	3	886578	0.0000034
all	2383	3	886578	0.0000034
all	2384	4	886578	0.0000045
all	2385	2	886578	0.0000023
all	2386	2	886578	0.0000023
all	2387	6	886578	0.0000068
all	2388	3	886578	0.0000034
all	2389	4	886578	0.0000045
all	2390	2	886578	0.0000023
all	2391	1	886578	0.0000011
all	2392	3	886578	0.0000034
all	2393	2	886578	0.0000023
all	2394	3	886578	0.0000034
all	2395	2	886578	0.0000023
all	2396	1	886578	0.0000011
all	2399	1	886578	0.0000011
all	2400	3	886578	0.0000034
all	2401	1	886578	0.0000011
all	2402	1	886578	0.0000011
all	2403	1	886578	0.0000011
all	2404	3	886578	0.0000034
all	2405	2	886578	0.0000023
all	2406	1	886578	0.0000011
all	2407	2	886578	0.0000023
all	2408	3	886578	0.0000034
all	2409	3	886578	0.0000034
all	2411	2	886578	0.0000023
all	2412	2	886578	0.0000023
all	2413	2	886578	0.0000023
all	2414	1	886578	0.0000011
all	2415	2	886578	0.0000023
all	2416	5	886578	0.0000056
all	2417	1	886578	0.0000011
all	2418	2	886578	0.0000023
all	2419	2	886578	0.0000023
all	2420	1	886578	0.0000011
all	2421	2	886578	0.0000023
all	2422	3	886578	0.0000034
all	2423	2	886578	0.0000023
all	2425	2	886578	0.0000023
all	2427	1	886578	0.0000011
all	2428	1	886578	0.0000011
all	2429	1	886578	0.0000011
all	2430	3	886578	0.0000034
all	2433	3	886578	0.0000034
all	2434	1	886578	0.0000011
all	2435	3	886578	0.0000034
all	2436	2	886578	0.0000023
all	2437	3	886578	0.0000034
all	2438	1	886578	0.0000011
all	2439	2	886578	0.0000023
all	2440	1	886578	0.0000011
all	2441	4	886578	0.0000045
all	2442	4	886578	0.0000045
all	2443	5	886578	0.0000056
all	2444	1	886578	0.0000011
all	2445	2	886578	0.0000023
all	2446	2	886578	0.0000023
all	2448	1	886578	0.0000011
all	2449	3	886578	0.0000034
all	2453	2	886578	0.0000023
all	2454	1	886578	0.0000011
all	2456	4	886578	0.0000045
all	2457	7	886578	0.0000079
all	2458	2	886578	0.0000023
all	2459	1	886578	0.0000011
all	2460	2	886578	0.0000023
all	2461	1	886578	0.0000011
all	2463	1	886578	0.0000011
all	2464	2	886578	0.0000023
all	2465	2	886578	0.0000023
all	2466	1	886578	0.0000011
all	2467	2	886578	0.0000023
all	2468	3	886578	0.0000034
all	2469	2	886578	0.0000023
all	2473	3	886578	0.0000034
all	2474	1	886578	0.0000011
all	2476	4	886578	0.0000045
all	2477	5	886578	0.0000056
all	2478	2	886578	0.0000023
all	2479	1	886578	0.0000011
all	2481	5	886578	0.0000056
all	2482	2	886578	0.0000023
all	2483	2	886578	0.0000023
all	2484	3	886578	0.0000034
all	2485	3	886578	0.0000034
all	2486	2	886578	0.0000023
all	2488	2	886578	0.0000023
all	2489	3	886578	0.0000034
all	2490	3	886578	0.0000034
all	2491	2	886578	0.0000023
all	2493	3	886578	0.0000034
all	2494	4	886578	0.0000045
all	2495	4	886578	0.0000045
all	2496	2	886578	0.0000023
all	2497	2	886578	0.0000023
all	2498	4	886578	0.0000045
all	2499	3	886578	0.0000034
all	2500	2	886578	0.0000023
all	2501	1	886578	0.0000011
all	2502	1	886578	0.0000011
all	2503	3	886578	0.0000034
all	2504	2	886578	0.0000023
all	2505	1	886578	0.0000011
all	2507	1	886578	0.0000011
all	2508	1	886578	0.0000011
all	2509	3	886578	0.0000034
all	2510	1	886578	0.0000011
all	2511	1	886578	0.0000011
all	2512	3	886578	0.0000034
all	2513	2	886578	0.0000023
all	2514	1	886578	0.0000011
all	2515	2	886578	0.0000023
all	2516	1	886578	0.0000011
all	2517	2	886578	0.0000023
all	2518	2	886578	0.0000023
all	2519	2	886578	0.0000023
all	2520	1	886578	0.0000011
all	2521	1	886578	0.0000011
all	2522	1	886578	0.0000011
all	2523	3	886578	0.0000034
all	2524	2	886578	0.0000023
all	2526	1	886578	0.0000011
all	2527	1	886578	0.0000011
all	2528	5	886578	0.0000056
all	2529	2	886578	0.0000023
all	2530	1	886578	0.0000011
all	2531	1	886578	0.0000011
all	2532	5	886578	0.0000056
all	2533	2	886578	0.0000023
all	2534	2	886578	0.0000023
all	2535	5	886578	0.0000056
all	2536	1	886578	0.0000011
all	2537	4	886578	0.0000045
all	2539	3	886578	0.0000034
all	2540	5	886578	0.0000056
all	2541	5	886578	0.0000056
all	2542	2	886578	0.0000023
all	2543	1	886578	0.0000011
all	2544	5	886578	0.0000056
all	2545	1	886578	0.0000011
all	2546	2	886578	0.0000023
all	2547	1	886578	0.0000011
all	2548	2	886578	0.0000023
all	2549	1	886578	0.0000011
all	2551	1	886578	0.0000011
all	2552	2	886578	0.0000023
all	2553	1	886578	0.0000011
all	2554	2	886578	0.0000023
all	2555	1	886578	0.0000011
all	2556	1	886578	0.0000011
all	2558	2	886578	0.0000023
all	2559	3	886578	0.0000034
all	2560	3	886578	0.0000034
all	2561	2	886578	0.0000023
all	2562	5	886578	0.0000056
all	2563	1	886578	0.0000011
all	2564	1	886578	0.0000011
all	2565	1	886578	0.0000011
all	2567	2	886578	0.0000023
all	2569	5	886578	0.0000056
all	2570	6	886578	0.0000068
all	2571	2	886578	0.0000023
all	2572	1	886578	0.0000011
all	2573	1	886578	0.0000011
all	2574	3	886578	0.0000034
all	2575	2	886578	0.0000023
all	2576	1	886578	0.0000011
all	2577	1	886578	0.0000011
all	2578	4	886578	0.0000045
all	2579	1	886578	0.0000011
all	2580	2	886578	0.0000023
all	2581	4	886578	0.0000045
all	2582	1	886578	0.0000011
all	2583	3	886578	0.0000034
all	2584	3	886578	0.0000034
all	2585	5	886578	0.0000056
all	2586	1	886578	0.0000011
all	2587	2	886578	0.0000023
all	2588	1	886578	0.0000011
all	2589	5	886578	0.0000056
all	2590	3	886578	0.0000034
all	2591	4	886578	0.0000045
all	2592	3	886578	0.0000034
all	2593	8	886578	0.0000090
all	2594	4	886578	0.0000045
all	2595	2	886578	0.0000023
all	2596	1	886578	0.0000011
all	2597	3	886578	0.0000034
all	2598	4	886578	0.0000045
all	2599	2	886578	0.0000023
all	2600	5	886578	0.0000056
all	2601	1	886578	0.0000011
all	2602	3	886578	0.0000034
all	2603	4	886578	0.0000045
all	2604	2	886578	0.0000023
all	2605	2	886578	0.0000023
all	2606	2	886578	0.0000023
all	2607	2	886578	0.0000023
all	2609	4	886578	0.0000045
all	2610	1	886578	0.0000011
all	2611	1	886578	0.0000011
all	2612	5	886578	0.0000056
all	2613	4	886578	0.0000045
all	2614	3	886578	0.0000034
all	2615	3	886578	0.0000034
all	2616	4	886578	0.0000045
all	2617	5	886578	0.0000056
all	2618	1	886578	0.0000011
all	2619	1	886578	0.0000011
all	2620	3	886578	0.0000034
all	2621	1	886578	0.0000011
all	2622	2	886578	0.0000023
all	2625	3	886578	0.0000034
all	2627	5	886578	0.0000056
all	2628	5	886578	0.0000056
all	2629	3	886578	0.0000034
all	2630	2	886578	0.0000023
all	2631	2	886578	0.0000023
all	2633	1	886578	0.0000011
all	2634	2	886578	0.0000023
all	2635	4	886578	0.0000045
all	2637	2	886578	0.0000023
all	2638	2	886578	0.0000023
all	2639	5	886578	0.0000056
all	2640	2	886578	0.0000023
all	2641	8	886578	0.0000090
all	2642	4	886578	0.0000045
all	2643	1	886578	0.0000011
all	2644	1	886578	0.0000011
all	2646	1	886578	0.0000011
all	2650	1	886578	0.0000011
all	2651	1	886578	0.0000011
all	2652	1	886578	0.0000011
all	2655	1	886578	0.0000011
all	2656	1	886578	0.0000011
all	2659	1	886578	0.0000011
all	2662	1	886578	0.0000011
all	2663	4	886578	0.0000045
all	2665	1	886578	0.0000011
all	2668	2	886578	0.0000023
all	2669	1	886578	0.0000011
all	2670	2	886578	0.0000023
all	2675	2	886578	0.0000023
all	2676	3	886578	0.0000034
all	2677	1	886578	0.0000011
all	2678	4	886578	0.0000045
all	2680	1	886578	0.0000011
all	2681	1	886578	0.0000011
all	2683	1	886578	0.0000011
all	2684	1	886578	0.0000011
all	2685	1	886578	0.0000011
all	2686	2	886578	0.0000023
all	2687	2	886578	0.0000023
all	2689	2	886578	0.0000023
all	2690	1	886578	0.0000011
all	2694	1	886578	0.0000011
all	2695	2	886578	0.0000023
all	2697	1	886578	0.0000011
all	2699	1	886578	0.0000011
all	2700	1	886578	0.0000011
all	2701	2	886578	0.0000023
all	2702	3	886578	0.0000034
all	2703	3	886578	0.0000034
all	2704	2	886578	0.0000023
all	2705	1	886578	0.0000011
all	2706	1	886578	0.0000011
all	2709	2	886578	0.0000023
all	2712	2	886578	0.0000023
all	2714	1	886578	0.0000011
all	2716	3	886578	0.0000034
all	2720	3	886578	0.0000034
all	2723	4	886578	0.0000045
all	2724	1	886578	0.0000011
all	2725	2	886578	0.0000023
all	2726	3	886578	0.0000034
all	2727	3	886578	0.0000034
all	2728	1	886578	0.0000011
all	2729	1	886578	0.0000011
all	2730	1	886578	0.0000011
all	2732	2	886578	0.0000023
all	2733	2	886578	0.0000023
all	2734	2	886578	0.0000023
all	2735	1	886578	0.0000011
all	2736	1	886578	0.0000011
all	2739	2	886578	0.0000023
all	2740	2	886578	0.0000023
all	2741	3	886578	0.0000034
all	2742	4	886578	0.0000045
all	2743	3	886578	0.0000034
all	2744	2	886578	0.0000023
all	2745	1	886578	0.0000011
all	2746	2	886578	0.0000023
all	2747	1	886578	0.0000011
all	2749	1	886578	0.0000011
all	2750	2	886578	0.0000023
all	2752	1	886578	0.0000011
all	2754	1	886578	0.0000011
all	2757	1	886578	0.0000011
all	2759	1	886578	0.0000011
all	2763	1	886578	0.0000011
all	2766	1	886578	0.0000011
all	2768	1	886578	0.0000011
all	2771	1	886578	0.0000011
all	2774	3	886578	0.0000034
all	2775	1	886578	0.0000011
all	2776	2	886578	0.0000023
all	2778	4	886578	0.0000045
all	2779	2	886578	0.0000023
all	2784	1	886578	0.0000011
all	2785	1	886578	0.0000011
all	2786	1	886578	0.0000011
all	2788	1	886578	0.0000011
all	2789	1	886578	0.0000011
all	2791	2	886578	0.0000023
all	2793	1	886578	0.0000011
all	2795	1	886578	0.0000011
all	2796	1	886578	0.0000011
all	2797	2	886578	0.0000023
all	2802	1	886578	0.0000011
all	2806	1	886578	0.0000011
all	2807	1	886578	0.0000011
all	2811	1	886578	0.0000011
all	2814	1	886578	0.0000011
all	2815	2	886578	0.0000023
all	2816	2	886578	0.0000023
all	2817	1	886578	0.0000011
all	2818	1	886578	0.0000011
all	2821	1	886578	0.0000011
all	2822	2	886578	0.0000023
all	2826	1	886578	0.0000011
all	2830	2	886578	0.0000023
all	2832	1	886578	0.0000011
all	2834	1	886578	0.0000011
all	2835	1	886578	0.0000011
all	2836	2	886578	0.0000023
all	2838	1	886578	0.0000011
all	2839	1	886578	0.0000011
all	2846	2	886578	0.0000023
all	2852	1	886578	0.0000011
all	2854	5	886578	0.0000056
all	2857	1	886578	0.0000011
all	2862	2	886578	0.0000023
all	2863	1	886578	0.0000011
all	2866	1	886578	0.0000011
all	2867	1	886578	0.0000011
all	2868	1	886578	0.0000011
all	2869	1	886578	0.0000011
all	2870	1	886578	0.0000011
all	2871	1	886578	0.0000011
all	2872	1	886578	0.0000011
all	2873	1	886578	0.0000011
all	2878	1	886578	0.0000011
all	2880	1	886578	0.0000011
all	2882	1	886578	0.0000011
all	2886	1	886578	0.0000011
all	2891	2	886578	0.0000023
all	2892	1	886578	0.0000011
all	2893	1	886578	0.0000011
all	2896	1	886578	0.0000011
all	2899	2	886578	0.0000023
all	2902	2	886578	0.0000023
all	2903	1	886578	0.0000011
all	2904	1	886578	0.0000011
all	2905	3	886578	0.0000034
all	2906	1	886578	0.0000011
all	2907	2	886578	0.0000023
all	2909	1	886578	0.0000011
all	2911	1	886578	0.0000011
all	2914	1	886578	0.0000011
all	2915	1	886578	0.0000011
all	2916	2	886578	0.0000023
all	2919	1	886578	0.0000011
all	2920	2	886578	0.0000023
all	2921	1	886578	0.0000011
all	2923	1	886578	0.0000011
all	2924	1	886578	0.0000011
all	2928	2	886578	0.0000023
all	2930	2	886578	0.0000023
all	2931	1	886578	0.0000011
all	2933	2	886578	0.0000023
all	2934	1	886578	0.0000011
all	2935	1	886578	0.0000011
all	2938	1	886578	0.0000011
all	2941	1	886578	0.0000011
all	2942	1	886578	0.0000011
all	2943	2	886578	0.0000023
all	2944	1	886578	0.0000011
all	2946	1	886578	0.0000011
all	2948	2	886578	0.0000023
all	2949	2	886578	0.0000023
all	2950	1	886578	0.0000011
all	2951	2	886578	0.0000023
all	2952	1	886578	0.0000011
all	2953	2	886578	0.0000023
all	2954	1	886578	0.0000011
all	2955	1	886578	0.0000011
all	2956	2	886578	0.0000023
all	2958	1	886578	0.0000011
all	2959	1	886578	0.0000011
all	2960	2	886578	0.0000023
all	2961	1	886578	0.0000011
all	2964	1	886578	0.0000011
all	2966	1	886578	0.0000011
all	2970	1	886578	0.0000011
all	2971	1	886578	0.0000011
all	2972	2	886578	0.0000023
all	2973	1	886578	0.0000011
all	2974	2	886578	0.0000023
all	2976	2	886578	0.0000023
all	2977	1	886578	0.0000011
all	2979	2	886578	0.0000023
all	2980	2	886578	0.0000023
all	2981	1	886578	0.0000011
all	2982	2	886578	0.0000023
all	2984	1	886578	0.0000011
all	2987	1	886578	0.0000011
all	2988	1	886578	0.0000011
all	2989	1	886578	0.0000011
all	2990	1	886578	0.0000011
all	2993	2	886578	0.0000023
all	2994	1	886578	0.0000011
all	2997	1	886578	0.0000011
all	2998	2	886578	0.0000023
all	2999	1	886578	0.0000011
all	3002	2	886578	0.0000023
all	3004	1	886578	0.0000011
all	3005	1	886578	0.0000011
all	3006	1	886578	0.0000011
all	3012	2	886578	0.0000023
all	3013	4	886578	0.0000045
all	3019	3	886578	0.0000034
all	3021	1	886578	0.0000011
all	3022	2	886578	0.0000023
all	3024	2	886578	0.0000023
all	3025	2	886578	0.0000023
all	3026	6	886578	0.0000068
all	3027	2	886578	0.0000023
all	3028	4	886578	0.0000045
all	3031	2	886578	0.0000023
all	3032	1	886578	0.0000011
all	3033	1	886578	0.0000011
all	3035	2	886578	0.0000023
all	3036	1	886578	0.0000011
all	3038	1	886578	0.0000011
all	3041	1	886578	0.0000011
all	3043	3	886578	0.0000034
all	3044	1	886578	0.0000011
all	3045	1	886578	0.0000011
all	3047	2	886578	0.0000023
all	3048	4	886578	0.0000045
all	3052	3	886578	0.0000034
all	3053	1	886578	0.0000011
all	3055	2	886578	0.0000023
all	3056	2	886578	0.0000023
all	3057	1	886578	0.0000011
all	3058	1	886578	0.0000011
all	3059	1	886578	0.0000011
all	3060	2	886578	0.0000023
all	3061	3	886578	0.0000034
all	3063	2	886578	0.0000023
all	3064	1	886578	0.0000011
all	3065	3	886578	0.0000034
all	3067	3	886578	0.0000034
all	3078	1	886578	0.0000011
all	3079	2	886578	0.0000023
all	3080	3	886578	0.0000034
all	3081	1	886578	0.0000011
all	3086	1	886578	0.0000011
all	3091	1	886578	0.0000011
all	3093	1	886578	0.0000011
all	3094	2	886578	0.0000023
all	3095	3	886578	0.0000034
all	3098	1	886578	0.0000011
all	3099	2	886578	0.0000023
all	3100	1	886578	0.0000011
all	3101	3	886578	0.0000034
all	3102	1	886578	0.0000011
all	3103	1	886578	0.0000011
all	3104	1	886578	0.0000011
all	3105	1	886578	0.0000011
all	3106	1	886578	0.0000011
all	3107	3	886578	0.0000034
all	3108	1	886578	0.0000011
all	3113	3	886578	0.0000034
all	3114	1	886578	0.0000011
all	3115	3	886578	0.0000034
all	3116	1	886578	0.0000011
all	3119	2	886578	0.0000023
all	3121	2	886578	0.0000023
all	3122	2	886578	0.0000023
all	3124	1	886578	0.0000011
all	3125	1	886578	0.0000011
all	3126	2	886578	0.0000023
all	3128	1	886578	0.0000011
all	3129	1	886578	0.0000011
all	3130	1	886578	0.0000011
all	3131	3	886578	0.0000034
all	3132	1	886578	0.0000011
all	3133	4	886578	0.0000045
all	3136	4	886578	0.0000045
all	3137	3	886578	0.0000034
all	3139	1	886578	0.0000011
all	3142	1	886578	0.0000011
all	3144	2	886578	0.0000023
all	3145	1	886578	0.0000011
all	3147	1	886578	0.0000011
all	3149	1	886578	0.0000011
all	3150	2	886578	0.0000023
all	3151	2	886578	0.0000023
all	3152	1	886578	0.0000011
all	3155	1	886578	0.0000011
all	3156	1	886578	0.0000011
all	3157	1	886578	0.0000011
all	3159	2	886578	0.0000023
all	3160	1	886578	0.0000011
all	3162	1	886578	0.0000011
all	3164	2	886578	0.0000023
all	3166	1	886578	0.0000011
all	3168	2	886578	0.0000023
all	3169	1	886578	0.0000011
all	3170	1	886578	0.0000011
all	3172	1	886578	0.0000011
all	3174	2	886578	0.0000023
all	3175	2	886578	0.0000023
all	3176	3	886578	0.0000034
all	3177	1	886578	0.0000011
all	3178	1	886578	0.0000011
all	3181	2	886578	0.0000023
all	3182	1	886578	0.0000011
all	3186	1	886578	0.0000011
all	3188	1	886578	0.0000011
all	3189	1	886578	0.0000011
all	3190	3	886578	0.0000034
all	3192	1	886578	0.0000011
all	3193	1	886578	0.0000011
all	3194	1	886578	0.0000011
all	3197	1	886578	0.0000011
all	3199	1	886578	0.0000011
all	3200	1	886578	0.0000011
all	3203	1	886578	0.0000011
all	3204	1	886578	0.0000011
all	3205	1	886578	0.0000011
all	3206	1	886578	0.0000011
all	3209	2	886578	0.0000023
all	3211	1	886578	0.0000011
all	3212	1	886578	0.0000011
all	3214	1	886578	0.0000011
all	3215	1	886578	0.0000011
all	3219	1	886578	0.0000011
all	3221	1	886578	0.0000011
all	3222	3	886578	0.0000034
all	3224	1	886578	0.0000011
all	3225	1	886578	0.0000011
all	3226	1	886578	0.0000011
all	3227	2	886578	0.0000023
all	3228	1	886578	0.0000011
all	3229	1	886578	0.0000011
all	3235	1	886578	0.0000011
all	3236	1	886578	0.0000011
all	3237	2	886578	0.0000023
all	3239	1	886578	0.0000011
all	3241	3	886578	0.0000034
all	3243	1	886578	0.0000011
all	3244	1	886578	0.0000011
all	3246	1	886578	0.0000011
all	3247	4	886578	0.0000045
all	3249	4	886578	0.0000045
all	3250	4	886578	0.0000045
all	3251	3	886578	0.0000034
all	3252	3	886578	0.0000034
all	3253	1	886578	0.0000011
all	3254	3	886578	0.0000034
all	3256	11	886578	0.0000124
all	3257	1	886578	0.0000011
all	3258	5	886578	0.0000056
all	3259	1	886578	0.0000011
all	3260	1	886578	0.0000011
all	3261	4	886578	0.0000045
all	3262	2	886578	0.0000023
all	3264	3	886578	0.0000034
all	3265	1	886578	0.0000011
all	3267	5	886578	0.0000056
all	3268	1	886578	0.0000011
all	3269	4	886578	0.0000045
all	3270	2	886578	0.0000023
all	3273	2	886578	0.0000023
all	3275	3	886578	0.0000034
all	3276	2	886578	0.0000023
all	3277	1	886578	0.0000011
all	3278	2	886578	0.0000023
all	3280	1	886578	0.0000011
all	3281	1	886578	0.0000011
all	3282	2	886578	0.0000023
all	3283	2	886578	0.0000023
all	3285	1	886578	0.0000011
all	3288	3	886578	0.0000034
all	3289	1	886578	0.0000011
all	3290	1	886578	0.0000011
all	3291	2	886578	0.0000023
all	3294	1	886578	0.0000011
all	3295	1	886578	0.0000011
all	3296	2	886578	0.0000023
all	3299	2	886578	0.0000023
all	3300	1	886578	0.0000011
all	3301	2	886578	0.0000023
all	3302	1	886578	0.0000011
all	3303	2	886578	0.0000023
all	3306	1	886578	0.0000011
all	3309	1	886578	0.0000011
all	3310	1	886578	0.0000011
all	3311	2	886578	0.0000023
all	3312	2	886578	0.0000023
all	3313	2	886578	0.0000023
all	3314	1	886578	0.0000011
all	3315	1	886578	0.0000011
all	3316	1	886578	0.0000011
all	3317	1	886578	0.0000011
all	3318	1	886578	0.0000011
all	3319	3	886578	0.0000034
all	3323	2	886578	0.0000023
all	3324	1	886578	0.0000011
all	3327	2	886578	0.0000023
all	3329	1	886578	0.0000011
all	3330	1	886578	0.0000011
all	3331	2	886578	0.0000023
all	3332	1	886578	0.0000011
all	3333	3	886578	0.0000034
all	3334	4	886578	0.0000045
all	3336	2	886578	0.0000023
all	3338	2	886578	0.0000023
all	3340	1	886578	0.0000011
all	3341	2	886578	0.0000023
all	3342	1	886578	0.0000011
all	3343	1	886578	0.0000011
all	3344	2	886578	0.0000023
all	3345	3	886578	0.0000034
all	3348	2	886578	0.0000023
all	3349	3	886578	0.0000034
all	3352	1	886578	0.0000011
all	3353	1	886578	0.0000011
all	3357	2	886578	0.0000023
all	3359	3	886578	0.0000034
all	3360	1	886578	0.0000011
all	3362	1	886578	0.0000011
all	3363	2	886578	0.0000023
all	3364	1	886578	0.0000011
all	3365	1	886578	0.0000011
all	3366	3	886578	0.0000034
all	3368	1	886578	0.0000011
all	3371	1	886578	0.0000011
all	3372	2	886578	0.0000023
all	3373	1	886578	0.0000011
all	3374	1	886578	0.0000011
all	3375	1	886578	0.0000011
all	3377	1	886578	0.0000011
all	3378	1	886578	0.0000011
all	3379	1	886578	0.0000011
all	3385	1	886578	0.0000011
all	3386	1	886578	0.0000011
all	3389	1	886578	0.0000011
all	3390	1	886578	0.0000011
all	3398	2	886578	0.0000023
all	3399	1	886578	0.0000011
all	3401	1	886578	0.0000011
all	3402	1	886578	0.0000011
all	3403	1	886578	0.0000011
all	3406	2	886578	0.0000023
all	3410	1	886578	0.0000011
all	3411	1	886578	0.0000011
all	3413	1	886578	0.0000011
all	3414	2	886578	0.0000023
all	3422	1	886578	0.0000011
all	3425	1	886578	0.0000011
all	3426	1	886578	0.0000011
all	3428	1	886578	0.0000011
all	3430	1	886578	0.0000011
all	3435	1	886578	0.0000011
all	3441	1	886578	0.0000011
all	3443	2	886578	0.0000023
all	3444	1	886578	0.0000011
all	3445	1	886578	0.0000011
all	3448	1	886578	0.0000011
all	3449	1	886578	0.0000011
all	3450	2	886578	0.0000023
all	3451	1	886578	0.0000011
all	3454	1	886578	0.0000011
all	3456	1	886578	0.0000011
all	3457	3	886578	0.0000034
all	3458	1	886578	0.0000011
all	3459	1	886578	0.0000011
all	3460	1	886578	0.0000011
all	3461	1	886578	0.0000011
all	3462	1	886578	0.0000011
all	3463	2	886578	0.0000023
all	3473	2	886578	0.0000023
all	3477	1	886578	0.0000011
all	3478	2	886578	0.0000023
all	3483	1	886578	0.0000011
all	3485	1	886578	0.0000011
all	3486	1	886578	0.0000011
all	3491	1	886578	0.0000011
all	3494	1	886578	0.0000011
all	3495	1	886578	0.0000011
all	3496	1	886578	0.0000011
all	3498	1	886578	0.0000011
all	3503	2	886578	0.0000023
all	3505	1	886578	0.0000011
all	3513	1	886578	0.0000011
all	3521	1	886578	0.0000011
all	3526	1	886578	0.0000011
all	3528	1	886578	0.0000011
all	3533	1	886578	0.0000011
all	3534	1	886578	0.0000011
all	3536	1	886578	0.0000011
all	3545	1	886578	0.0000011
all	3547	2	886578	0.0000023
all	3552	1	886578	0.0000011
all	3561	1	886578	0.0000011
all	3562	1	886578	0.0000011
all	3565	1	886578	0.0000011
all	3566	1	886578	0.0000011
all	3568	1	886578	0.0000011
all	3569	2	886578	0.0000023
all	3574	1	886578	0.0000011
all	3577	1	886578	0.0000011
all	3589	1	886578	0.0000011
all	3590	1	886578	0.0000011
all	3593	2	886578	0.0000023
all	3596	1	886578	0.0000011
all	3600	1	886578	0.0000011
all	3602	1	886578	0.0000011
all	3604	1	886578	0.0000011
all	3606	2	886578	0.0000023
all	3611	1	886578	0.0000011
all	3613	1	886578	0.0000011
all	3619	1	886578	0.0000011
all	3623	1	886578	0.0000011
all	3625	1	886578	0.0000011
all	3626	1	886578	0.0000011
all	3638	2	886578	0.0000023
all	3639	1	886578	0.0000011
all	3641	1	886578	0.0000011
all	3649	1	886578	0.0000011
all	3651	1	886578	0.0000011
all	3653	1	886578	0.0000011
all	3654	2	886578	0.0000023
all	3659	1	886578	0.0000011
all	3663	1	886578	0.0000011
all	3665	1	886578	0.0000011
all	3667	2	886578	0.0000023
all	3671	1	886578	0.0000011
all	3673	1	886578	0.0000011
all	3675	1	886578	0.0000011
all	3678	1	886578	0.0000011
all	3679	1	886578	0.0000011
all	3681	1	886578	0.0000011
all	3690	1	886578	0.0000011
all	3695	1	886578	0.0000011
all	3696	1	886578	0.0000011
all	3699	1	886578	0.0000011
all	3700	1	886578	0.0000011
all	3712	1	886578	0.0000011
all	3717	1	886578	0.0000011
all	3720	2	886578	0.0000023
all	3725	1	886578	0.0000011
all	3726	1	886578	0.0000011
all	3730	2	886578	0.0000023
all	3734	2	886578	0.0000023
all	3740	2	886578	0.0000023
all	3741	1	886578	0.0000011
all	3747	1	886578	0.0000011
all	3748	1	886578	0.0000011
all	3750	1	886578	0.0000011
all	3751	1	886578	0.0000011
all	3755	1	886578	0.0000011
all	3760	1	886578	0.0000011
all	3761	1	886578	0.0000011
all	3762	1	886578	0.0000011
all	3764	1	886578	0.0000011
all	3768	2	886578	0.0000023
all	3771	1	886578	0.0000011
all	3772	1	886578	0.0000011
all	3773	2	886578	0.0000023
all	3775	2	886578	0.0000023
all	3776	2	886578	0.0000023
all	3777	1	886578	0.0000011
all	3782	1	886578	0.0000011
all	3789	1	886578	0.0000011
all	3793	2	886578	0.0000023
all	3795	1	886578	0.0000011
all	3797	1	886578	0.0000011
all	3798	1	886578	0.0000011
all	3799	1	886578	0.0000011
all	3800	2	886578	0.0000023
all	3801	2	886578	0.0000023
all	3802	2	886578	0.0000023
all	3803	3	886578	0.0000034
all	3804	2	886578	0.0000023
all	3807	1	886578	0.0000011
all	3808	1	886578	0.0000011
all	3810	1	886578	0.0000011
all	3811	2	886578	0.0000023
all	3813	1	886578	0.0000011
all	3814	1	886578	0.0000011
all	3815	2	886578	0.0000023
all	3817	1	886578	0.0000011
all	3818	1	886578	0.0000011
all	3819	1	886578	0.0000011
all	3822	1	886578	0.0000011
all	3831	1	886578	0.0000011
all	3832	1	886578	0.0000011
all	3836	3	886578	0.0000034
all	3837	2	886578	0.0000023
all	3842	1	886578	0.0000011
all	3843	3	886578	0.0000034
all	3845	1	886578	0.0000011
all	3847	1	886578	0.0000011
all	3849	3	886578	0.0000034
all	3851	1	886578	0.0000011
all	3855	1	886578	0.0000011
all	3857	3	886578	0.0000034
all	3861	1	886578	0.0000011
all	3863	2	886578	0.0000023
all	3867	2	886578	0.0000023
all	3868	1	886578	0.0000011
all	3870	1	886578	0.0000011
all	3871	2	886578	0.0000023
all	3872	1	886578	0.0000011
all	3873	1	886578	0.0000011
all	3875	1	886578	0.0000011
all	3876	2	886578	0.0000023
all	3877	1	886578	0.0000011
all	3878	2	886578	0.0000023
all	3879	2	886578	0.0000023
all	3881	1	886578	0.0000011
all	3882	1	886578	0.0000011
all	3883	2	886578	0.0000023
all	3885	1	886578	0.0000011
all	3886	1	886578	0.0000011
all	3889	1	886578	0.0000011
all	3891	1	886578	0.0000011
all	3895	1	886578	0.0000011
all	3898	1	886578	0.0000011
all	3904	1	886578	0.0000011
all	3905	1	886578	0.0000011
all	3906	1	886578	0.0000011
all	3909	1	886578	0.0000011
all	3912	1	886578	0.0000011
all	3913	1	886578	0.0000011
all	3916	1	886578	0.0000011
all	3924	1	886578	0.0000011
all	3925	1	886578	0.0000011
all	3928	2	886578	0.0000023
all	3931	1	886578	0.0000011
all	3935	1	886578	0.0000011
all	3941	1	886578	0.0000011
all	3942	1	886578	0.0000011
all	3945	2	886578	0.0000023
all	3949	1	886578	0.0000011
all	3961	1	886578	0.0000011
all	3963	2	886578	0.0000023
all	3973	1	886578	0.0000011
all	3977	1	886578	0.0000011
all	3980	1	886578	0.0000011
all	3981	1	886578	0.0000011
all	3985	1	886578	0.0000011
all	3987	1	886578	0.0000011
all	3988	1	886578	0.0000011
all	3994	1	886578	0.0000011
all	3998	1	886578	0.0000011
all	4001	1	886578	0.0000011
all	4006	1	886578	0.0000011
all	4009	1	886578	0.0000011
all	4010	1	886578	0.0000011
all	4014	1	886578	0.0000011
all	4015	1	886578	0.0000011
all	4016	1	886578	0.0000011
all	4022	1	886578	0.0000011
all	4026	1	886578	0.0000011
all	4028	1	886578	0.0000011
all	4029	1	886578	0.0000011
all	4030	1	886578	0.0000011
all	4031	1	886578	0.0000011
all	4032	1	886578	0.0000011
all	4036	1	886578	0.0000011
all	4041	1	886578	0.0000011
all	4050	1	886578	0.0000011
all	4053	1	886578	0.0000011
all	4058	1	886578	0.0000011
all	4062	1	886578	0.0000011
all	4063	1	886578	0.0000011
all	4067	2	886578	0.0000023
all	4069	1	886578	0.0000011
all	4075	1	886578	0.0000011
all	4077	1	886578	0.0000011
all	4083	2	886578	0.0000023
all	4093	1	886578	0.0000011
all	4096	1	886578	0.0000011
all	4097	1	886578	0.0000011
all	4098	1	886578	0.0000011
all	4099	1	886578	0.0000011
all	4105	1	886578	0.0000011
all	4106	2	886578	0.0000023
all	4110	1	886578	0.0000011
all	4111	1	886578	0.0000011
all	4112	1	886578	0.0000011
all	4113	1	886578	0.0000011
all	4120	1	886578	0.0000011
all	4122	1	886578	0.0000011
all	4125	1	886578	0.0000011
all	4126	1	886578	0.0000011
all	4127	1	886578	0.0000011
all	4130	1	886578	0.0000011
all	4131	3	886578	0.0000034
all	4132	1	886578	0.0000011
all	4136	1	886578	0.0000011
all	4141	1	886578	0.0000011
all	4144	1	886578	0.0000011
all	4146	1	886578	0.0000011
all	4149	1	886578	0.0000011
all	4151	1	886578	0.0000011
all	4153	1	886578	0.0000011
all	4154	1	886578	0.0000011
all	4159	1	886578	0.0000011
all	4160	1	886578	0.0000011
all	4169	1	886578	0.0000011
all	4171	1	886578	0.0000011
all	4178	1	886578	0.0000011
all	4183	2	886578	0.0000023
all	4184	1	886578	0.0000011
all	4189	2	886578	0.0000023
all	4191	1	886578	0.0000011
all	4192	2	886578	0.0000023
all	4195	1	886578	0.0000011
all	4198	1	886578	0.0000011
all	4202	1	886578	0.0000011
all	4203	1	886578	0.0000011
all	4206	1	886578	0.0000011
all	4208	1	886578	0.0000011
all	4213	1	886578	0.0000011
all	4216	1	886578	0.0000011
all	4222	1	886578	0.0000011
all	4227	2	886578	0.0000023
all	4228	1	886578	0.0000011
all	4231	1	886578	0.0000011
all	4239	1	886578	0.0000011
all	4242	1	886578	0.0000011
all	4245	1	886578	0.0000011
all	4254	1	886578	0.0000011
all	4260	2	886578	0.0000023
all	4263	2	886578	0.0000023
all	4265	1	886578	0.0000011
all	4268	1	886578	0.0000011
all	4270	2	886578	0.0000023
all	4272	1	886578	0.0000011
all	4273	2	886578	0.0000023
all	4275	1	886578	0.0000011
all	4277	1	886578	0.0000011
all	4281	1	886578	0.0000011
all	4283	2	886578	0.0000023
all	4286	3	886578	0.0000034
all	4290	1	886578	0.0000011
all	4294	3	886578	0.0000034
all	4301	2	886578	0.0000023
all	4302	1	886578	0.0000011
all	4306	2	886578	0.0000023
all	4309	2	886578	0.0000023
all	4311	1	886578	0.0000011
all	4312	1	886578	0.0000011
all	4320	1	886578	0.0000011
all	4323	2	886578	0.0000023
all	4327	2	886578	0.0000023
all	4328	1	886578	0.0000011
all	4333	1	886578	0.0000011
all	4336	1	886578	0.0000011
all	4341	1	886578	0.0000011
all	4344	1	886578	0.0000011
all	4346	2	886578	0.0000023
all	4347	1	886578	0.0000011
all	4351	1	886578	0.0000011
all	4354	2	886578	0.0000023
all	4357	2	886578	0.0000023
all	4358	2	886578	0.0000023
all	4361	1	886578	0.0000011
all	4364	1	886578	0.0000011
all	4366	1	886578	0.0000011
all	4367	1	886578	0.0000011
all	4370	1	886578	0.0000011
all	4372	1	886578	0.0000011
all	4375	1	886578	0.0000011
all	4376	3	886578	0.0000034
all	4378	1	886578	0.0000011
all	4379	1	886578	0.0000011
all	4382	1	886578	0.0000011
all	4384	1	886578	0.0000011
all	4389	1	886578	0.0000011
all	4393	1	886578	0.0000011
all	4395	1	886578	0.0000011
all	4400	1	886578	0.0000011
all	4404	1	886578	0.0000011
all	4408	1	886578	0.0000011
all	4409	1	886578	0.0000011
all	4411	1	886578	0.0000011
all	4414	1	886578	0.0000011
all	4415	1	886578	0.0000011
all	4417	1	886578	0.0000011
all	4425	1	886578	0.0000011
all	4427	1	886578	0.0000011
all	4430	1	886578	0.0000011
all	4434	1	886578	0.0000011
all	4436	1	886578	0.0000011
all	4437	1	886578	0.0000011
all	4440	1	886578	0.0000011
all	4444	2	886578	0.0000023
all	4445	1	886578	0.0000011
all	4446	1	886578	0.0000011
all	4449	1	886578	0.0000011
all	4456	1	886578	0.0000011
all	4458	1	886578	0.0000011
all	4465	1	886578	0.0000011
all	4469	1	886578	0.0000011
all	4473	1	886578	0.0000011
all	4474	1	886578	0.0000011
all	4476	1	886578	0.0000011
all	4477	2	886578	0.0000023
all	4478	1	886578	0.0000011
all	4480	2	886578	0.0000023
all	4481	1	886578	0.0000011
all	4482	2	886578	0.0000023
all	4484	1	886578	0.0000011
all	4485	1	886578	0.0000011
all	4486	1	886578	0.0000011
all	4487	2	886578	0.0000023
all	4489	3	886578	0.0000034
all	4491	2	886578	0.0000023
all	4492	1	886578	0.0000011
all	4494	1	886578	0.0000011
all	4496	1	886578	0.0000011
all	4497	3	886578	0.0000034
all	4500	1	886578	0.0000011
all	4501	1	886578	0.0000011
all	4506	1	886578	0.0000011
all	4507	1	886578	0.0000011
all	4509	1	886578	0.0000011
all	4510	1	886578	0.0000011
all	4512	1	886578	0.0000011
all	4513	1	886578	0.0000011
all	4515	1	886578	0.0000011
all	4525	2	886578	0.0000023
all	4531	1	886578	0.0000011
all	4533	3	886578	0.0000034
all	4534	1	886578	0.0000011
all	4536	1	886578	0.0000011
all	4537	1	886578	0.0000011
all	4542	1	886578	0.0000011
all	4547	1	886578	0.0000011
all	4552	1	886578	0.0000011
all	4554	1	886578	0.0000011
all	4557	3	886578	0.0000034
all	4563	1	886578	0.0000011
all	4565	1	886578	0.0000011
all	4571	1	886578	0.0000011
all	4573	1	886578	0.0000011
all	4574	1	886578	0.0000011
all	4576	1	886578	0.0000011
all	4578	2	886578	0.0000023
all	4579	1	886578	0.0000011
all	4581	1	886578	0.0000011
all	4586	1	886578	0.0000011
all	4587	1	886578	0.0000011
all	4590	1	886578	0.0000011
all	4592	1	886578	0.0000011
all	4595	1	886578	0.0000011
all	4597	1	886578	0.0000011
all	4599	3	886578	0.0000034
all	4600	1	886578	0.0000011
all	4601	1	886578	0.0000011
all	4604	1	886578	0.0000011
all	4605	1	886578	0.0000011
all	4610	1	886578	0.0000011
all	4612	1	886578	0.0000011
all	4614	1	886578	0.0000011
all	4616	1	886578	0.0000011
all	4617	1	886578	0.0000011
all	4623	2	886578	0.0000023
all	4625	5	886578	0.0000056
all	4627	1	886578	0.0000011
all	4628	3	886578	0.0000034
all	4629	3	886578	0.0000034
all	4631	2	886578	0.0000023
all	4634	1	886578	0.0000011
all	4635	1	886578	0.0000011
all	4636	1	886578	0.0000011
all	4640	1	886578	0.0000011
all	4642	1	886578	0.0000011
all	4645	1	886578	0.0000011
all	4646	2	886578	0.0000023
all	4649	1	886578	0.0000011
all	4650	1	886578	0.0000011
all	4651	2	886578	0.0000023
all	4657	1	886578	0.0000011
all	4664	1	886578	0.0000011
all	4668	1	886578	0.0000011
all	4669	1	886578	0.0000011
all	4670	2	886578	0.0000023
all	4671	1	886578	0.0000011
all	4672	3	886578	0.0000034
all	4674	1	886578	0.0000011
all	4678	1	886578	0.0000011
all	4681	1	886578	0.0000011
all	4683	1	886578	0.0000011
all	4686	1	886578	0.0000011
all	4687	1	886578	0.0000011
all	4688	1	886578	0.0000011
all	4690	2	886578	0.0000023
all	4692	1	886578	0.0000011
all	4695	1	886578	0.0000011
all	4697	1	886578	0.0000011
all	4700	1	886578	0.0000011
all	4702	2	886578	0.0000023
all	4703	1	886578	0.0000011
all	4705	1	886578	0.0000011
all	4719	1	886578	0.0000011
all	4722	1	886578	0.0000011
all	4727	1	886578	0.0000011
all	4729	1	886578	0.0000011
all	4730	1	886578	0.0000011
all	4734	1	886578	0.0000011
all	4742	1	886578	0.0000011
all	4748	1	886578	0.0000011
all	4756	1	886578	0.0000011
all	4758	2	886578	0.0000023
all	4761	1	886578	0.0000011
all	4762	1	886578	0.0000011
all	4763	2	886578	0.0000023
all	4764	2	886578	0.0000023
all	4765	1	886578	0.0000011
all	4766	3	886578	0.0000034
all	4768	1	886578	0.0000011
all	4769	1	886578	0.0000011
all	4771	1	886578	0.0000011
all	4773	1	886578	0.0000011
all	4777	2	886578	0.0000023
all	4783	1	886578	0.0000011
all	4792	1	886578	0.0000011
all	4799	1	886578	0.0000011
all	4803	1	886578	0.0000011
all	4809	1	886578	0.0000011
all	4810	1	886578	0.0000011
all	4823	1	886578	0.0000011
all	4827	1	886578	0.0000011
all	4834	2	886578	0.0000023
all	4839	3	886578	0.0000034
all	4846	1	886578	0.0000011
all	4854	1	886578	0.0000011
all	4866	1	886578	0.0000011
all	4880	1	886578	0.0000011
all	4890	1	886578	0.0000011
all	4901	1	886578	0.0000011
all	4907	1	886578	0.0000011
all	4913	1	886578	0.0000011
all	4917	1	886578	0.0000011
all	4928	1	886578	0.0000011
all	4939	1	886578	0.0000011
all	4943	1	886578	0.0000011
all	4944	1	886578	0.0000011
all	4954	2	886578	0.0000023
all	4956	2	886578	0.0000023
all	4957	1	886578	0.0000011
all	4959	1	886578	0.0000011
all	4960	1	886578	0.0000011
all	4962	1	886578	0.0000011
all	4963	2	886578	0.0000023
all	4964	1	886578	0.0000011
all	4975	1	886578	0.0000011
all	4978	2	886578	0.0000023
all	4980	1	886578	0.0000011
all	4981	1	886578	0.0000011
all	4986	1	886578	0.0000011
all	4991	2	886578	0.0000023
all	5002	1	886578	0.0000011
all	5003	2	886578	0.0000023
all	5004	1	886578	0.0000011
all	5009	2	886578	0.0000023
all	5010	2	886578	0.0000023
all	5014	2	886578	0.0000023
all	5015	2	886578	0.0000023
all	5016	3	886578	0.0000034
all	5017	4	886578	0.0000045
all	5019	1	886578	0.0000011
all	5020	2	886578	0.0000023
all	5049	1	886578	0.0000011
all	5070	1	886578	0.0000011
all	5080	1	886578	0.0000011
all	5103	1	886578	0.0000011
all	5104	1	886578	0.0000011
all	5105	1	886578	0.0000011
all	5108	1	886578	0.0000011
all	5141	1	886578	0.0000011
all	5150	1	886578	0.0000011
all	5152	2	886578	0.0000023
all	5156	1	886578	0.0000011
all	5164	1	886578	0.0000011
all	5197	1	886578	0.0000011
all	5215	1	886578	0.0000011
all	5217	1	886578	0.0000011
all	5240	1	886578	0.0000011
all	5253	1	886578	0.0000011
all	5254	1	886578	0.0000011
all	5255	1	886578	0.0000011
all	5279	1	886578	0.0000011
all	5289	1	886578	0.0000011
all	5292	1	886578	0.0000011
all	5293	2	886578	0.0000023
all	5304	1	886578	0.0000011
all	5313	1	886578	0.0000011
all	5316	1	886578	0.0000011
all	5327	2	886578	0.0000023
all	5331	1	886578	0.0000011
all	5348	1	886578	0.0000011
all	5349	1	886578	0.0000011
all	5351	1	886578	0.0000011
all	5369	1	886578	0.0000011
all	5380	1	886578	0.0000011
all	5392	1	886578	0.0000011
all	5409	1	886578	0.0000011
all	5416	3	886578	0.0000034
all	5417	1	886578	0.0000011
all	5419	1	886578	0.0000011
all	5423	1	886578	0.0000011
all	5425	1	886578	0.0000011
all	5426	1	886578	0.0000011
all	5433	1	886578	0.0000011
all	5434	1	886578	0.0000011
all	5435	1	886578	0.0000011
all	5444	1	886578	0.0000011
all	5453	1	886578	0.0000011
all	5459	1	886578	0.0000011
all	5463	1	886578	0.0000011
all	5468	1	886578	0.0000011
all	5471	1	886578	0.0000011
all	5477	1	886578	0.0000011
all	5478	1	886578	0.0000011
all	5484	1	886578	0.0000011
all	5488	1	886578	0.0000011
all	5491	1	886578	0.0000011
all	5492	1	886578	0.0000011
all	5498	1	886578	0.0000011
all	5501	1	886578	0.0000011
all	5511	1	886578	0.0000011
all	5514	1	886578	0.0000011
all	5517	1	886578	0.0000011
all	5526	1	886578	0.0000011
all	5530	1	886578	0.0000011
all	5532	1	886578	0.0000011
all	5535	1	886578	0.0000011
all	5542	1	886578	0.0000011
all	5546	1	886578	0.0000011
all	5554	1	886578	0.0000011
all	5556	1	886578	0.0000011
all	5562	1	886578	0.0000011
all	5570	1	886578	0.0000011
all	5578	2	886578	0.0000023
all	5583	1	886578	0.0000011
all	5588	1	886578	0.0000011
all	5590	1	886578	0.0000011
all	5593	1	886578	0.0000011
all	5599	1	886578	0.0000011
all	5600	1	886578	0.0000011
all	5602	1	886578	0.0000011
all	5618	1	886578	0.0000011
all	5630	1	886578	0.0000011
all	5635	1	886578	0.0000011
all	5645	1	886578	0.0000011
all	5652	1	886578	0.0000011
all	5671	1	886578	0.0000011
all	5672	1	886578	0.0000011
all	5675	1	886578	0.0000011
all	5676	1	886578	0.0000011
all	5680	1	886578	0.0000011
all	5685	1	886578	0.0000011
all	5706	1	886578	0.0000011
all	5718	1	886578	0.0000011
all	5722	1	886578	0.0000011
all	5723	1	886578	0.0000011
all	5734	1	886578	0.0000011
all	5735	1	886578	0.0000011
all	5736	1	886578	0.0000011
all	5740	1	886578	0.0000011
all	5743	1	886578	0.0000011
all	5753	1	886578	0.0000011
all	5762	1	886578	0.0000011
all	5785	1	886578	0.0000011
all	5789	1	886578	0.0000011
all	5807	1	886578	0.0000011
all	5811	1	886578	0.0000011
all	5823	1	886578	0.0000011
all	5829	1	886578	0.0000011
all	5847	1	886578	0.0000011
all	5850	1	886578	0.0000011
all	5853	1	886578	0.0000011
all	5864	1	886578	0.0000011
all	5877	2	886578	0.0000023
all	5883	1	886578	0.0000011
all	5886	1	886578	0.0000011
all	5913	1	886578	0.0000011
all	5926	1	886578	0.0000011
all	5929	1	886578	0.0000011
all	5933	1	886578	0.0000011
all	5936	1	886578	0.0000011
all	5939	1	886578	0.0000011
all	5949	1	886578	0.0000011
all	5959	1	886578	0.0000011
all	5978	1	886578	0.0000011
all	6002	1	886578	0.0000011
all	6013	1	886578	0.0000011
all	6020	1	886578	0.0000011
all	6022	1	886578	0.0000011
all	6024	1	886578	0.0000011
all	6027	1	886578	0.0000011
all	6043	1	886578	0.0000011
all	6044	1	886578	0.0000011
all	6049	1	886578	0.0000011
all	6050	1	886578	0.0000011
all	6055	1	886578	0.0000011
all	6075	1	886578	0.0000011
all	6084	1	886578	0.0000011
all	6093	1	886578	0.0000011
all	6110	1	886578	0.0000011
all	6129	1	886578	0.0000011
all	6143	1	886578	0.0000011
all	6146	1	886578	0.0000011
all	6166	1	886578	0.0000011
all	6192	1	886578	0.0000011
all	6204	1	886578	0.0000011
all	6233	1	886578	0.0000011
all	6239	1	886578	0.0000011
all	6250	1	886578	0.0000011
all	6252	1	886578	0.0000011
all	6254	1	886578	0.0000011
all	6259	1	886578	0.0000011
all	6266	1	886578	0.0000011
all	6300	1	886578	0.0000011
all	6302	1	886578	0.0000011
all	6321	1	886578	0.0000011
all	6325	1	886578	0.0000011
all	6330	1	886578	0.0000011
all	6354	1	886578	0.0000011
all	6361	1	886578	0.0000011
all	6367	1	886578	0.0000011
all	6388	1	886578	0.0000011
all	6390	1	886578	0.0000011
all	6399	1	886578	0.0000011
all	6401	1	886578	0.0000011
all	6421	1	886578	0.0000011
all	6429	1	886578	0.0000011
all	6437	1	886578	0.0000011
all	6444	1	886578	0.0000011
all	6460	1	886578	0.0000011
all	6489	1	886578	0.0000011
all	6493	1	886578	0.0000011
all	6495	1	886578	0.0000011
all	6497	2	886578	0.0000023
all	6506	1	886578	0.0000011
all	6508	1	886578	0.0000011
all	6511	1	886578	0.0000011
all	6527	2	886578	0.0000023
all	6533	1	886578	0.0000011
all	6537	1	886578	0.0000011
all	6544	1	886578	0.0000011
all	6546	1	886578	0.0000011
all	6547	1	886578	0.0000011
all	6548	1	886578	0.0000011
all	6549	1	886578	0.0000011
all	6556	1	886578	0.0000011
all	6558	1	886578	0.0000011
all	6561	1	886578	0.0000011
all	6562	1	886578	0.0000011
all	6563	2	886578	0.0000023
all	6564	1	886578	0.0000011
all	6566	1	886578	0.0000011
all	6569	1	886578	0.0000011
all	6570	1	886578	0.0000011
all	6572	1	886578	0.0000011
all	6577	1	886578	0.0000011
all	6580	1	886578	0.0000011
all	6582	1	886578	0.0000011
all	6605	2	886578	0.0000023
all	6608	1	886578	0.0000011
all	6637	1	886578	0.0000011
all	6709	1	886578	0.0000011
all	6743	1	886578	0.0000011
all	6751	1	886578	0.0000011
all	6773	1	886578	0.0000011
all	6789	1	886578	0.0000011
all	6859	1	886578	0.0000011
all	6940	1	886578	0.0000011
all	6980	1	886578	0.0000011
all	7043	1	886578	0.0000011
all	7044	1	886578	0.0000011
all	7084	1	886578	0.0000011
all	7118	1	886578	0.0000011
all	7131	1	886578	0.0000011
all	7173	1	886578	0.0000011
all	7174	1	886578	0.0000011
all	7209	1	886578	0.0000011
all	7221	1	886578	0.0000011
all	7250	1	886578	0.0000011
all	7252	1	886578	0.0000011
all	7284	1	886578	0.0000011
all	7327	1	886578	0.0000011
all	7366	1	886578	0.0000011
all	7387	1	886578	0.0000011
all	7395	1	886578	0.0000011
all	7409	1	886578	0.0000011
all	7445	1	886578	0.0000011
all	7456	1	886578	0.0000011
all	7495	1	886578	0.0000011
all	7500	1	886578	0.0000011
all	7512	1	886578	0.0000011
all	7528	1	886578	0.0000011
all	7556	1	886578	0.0000011
all	7567	1	886578	0.0000011
all	7582	1	886578	0.0000011
all	7605	1	886578	0.0000011
all	7617	1	886578	0.0000011
all	7645	1	886578	0.0000011
all	7658	1	886578	0.0000011
all	7660	1	886578	0.0000011
all	7672	1	886578	0.0000011
all	7706	1	886578	0.0000011
all	7716	1	886578	0.0000011
all	7736	1	886578	0.0000011
all	7755	1	886578	0.0000011
all	7766	1	886578	0.0000011
all	7770	1	886578	0.0000011
all	7771	1	886578	0.0000011
all	7797	1	886578	0.0000011
all	7811	1	886578	0.0000011
all	7838	1	886578	0.0000011
all	7861	1	886578	0.0000011
all	7866	1	886578	0.0000011
all	7878	1	886578	0.0000011
all	7880	1	886578	0.0000011
all	7884	1	886578	0.0000011
all	7897	1	886578	0.0000011
all	7898	1	886578	0.0000011
all	7920	1	886578	0.0000011
all	7921	1	886578	0.0000011
all	7937	1	886578	0.0000011
all	7939	2	886578	0.0000023
all	7947	1	886578	0.0000011
all	7951	1	886578	0.0000011
all	7960	1	886578	0.0000011
all	7965	1	886578	0.0000011
all	7971	2	886578	0.0000023
