all	0	217204	886578	0.2449914
all	1	6912	886578	0.0077963
all	2	153800	886578	0.1734760
all	3	9662	886578	0.0108981
all	4	109691	886578	0.1237240
all	5	11119	886578	0.0125415
all	6	83297	886578	0.0939534
all	7	9258	886578	0.0104424
all	8	57563	886578	0.0649272
all	9	8009	886578	0.0090336
all	10	43109	886578	0.0486240
all	11	6997	886578	0.0078921
all	12	29915	886578	0.0337421
all	13	5400	886578	0.0060908
all	14	20968	886578	0.0236505
all	15	4340	886578	0.0048952
all	16	15361	886578	0.0173262
all	17	3223	886578	0.0036353
all	18	10715	886578	0.0120858
all	19	2735	886578	0.0030849
all	20	8224	886578	0.0092761
all	21	2430	886578	0.0027409
all	22	6022	886578	0.0067924
all	23	1897	886578	0.0021397
all	24	3813	886578	0.0043008
all	25	1909	886578	0.0021532
all	26	3262	886578	0.0036793
all	27	1332	886578	0.0015024
all	28	2262	886578	0.0025514
all	29	1160	886578	0.0013084
all	30	1646	886578	0.0018566
all	31	993	886578	0.0011200
all	32	1541	886578	0.0017381
all	33	815	886578	0.0009193
all	34	1344	886578	0.0015159
all	35	733	886578	0.0008268
all	36	1038	886578	0.0011708
all	37	733	886578	0.0008268
all	38	933	886578	0.0010524
all	39	648	886578	0.0007309
all	40	401	886578	0.0004523
all	41	761	886578	0.0008584
all	42	500	886578	0.0005640
all	43	581	886578	0.0006553
all	44	424	886578	0.0004782
all	45	404	886578	0.0004557
all	46	466	886578	0.0005256
all	47	306	886578	0.0003451
all	48	355	886578	0.0004004
all	49	223	886578	0.0002515
all	50	332	886578	0.0003745
all	51	253	886578	0.0002854
all	52	161	886578	0.0001816
all	53	275	886578	0.0003102
all	54	304	886578	0.0003429
all	55	278	886578	0.0003136
all	56	348	886578	0.0003925
all	57	242	886578	0.0002730
all	58	198	886578	0.0002233
all	59	238	886578	0.0002684
all	60	203	886578	0.0002290
all	61	250	886578	0.0002820
all	62	159	886578	0.0001793
all	63	183	886578	0.0002064
all	64	121	886578	0.0001365
all	65	167	886578	0.0001884
all	66	163	886578	0.0001839
all	67	147	886578	0.0001658
all	68	266	886578	0.0003000
all	69	123	886578	0.0001387
all	70	176	886578	0.0001985
all	71	190	886578	0.0002143
all	72	221	886578	0.0002493
all	73	142	886578	0.0001602
all	74	255	886578	0.0002876
all	75	178	886578	0.0002008
all	76	143	886578	0.0001613
all	77	120	886578	0.0001354
all	78	196	886578	0.0002211
all	79	126	886578	0.0001421
all	80	126	886578	0.0001421
all	81	116	886578	0.0001308
all	82	115	886578	0.0001297
all	83	158	886578	0.0001782
all	84	130	886578	0.0001466
all	85	83	886578	0.0000936
all	86	128	886578	0.0001444
all	87	95	886578	0.0001072
all	88	120	886578	0.0001354
all	89	93	886578	0.0001049
all	90	185	886578	0.0002087
all	91	124	886578	0.0001399
all	92	132	886578	0.0001489
all	93	131	886578	0.0001478
all	94	153	886578	0.0001726
all	95	144	886578	0.0001624
all	96	162	886578	0.0001827
all	97	213	886578	0.0002402
all	98	139	886578	0.0001568
all	99	187	886578	0.0002109
all	100	82	886578	0.0000925
all	101	117	886578	0.0001320
all	102	66	886578	0.0000744
all	103	122	886578	0.0001376
all	104	111	886578	0.0001252
all	105	65	886578	0.0000733
all	106	92	886578	0.0001038
all	107	88	886578	0.0000993
all	108	92	886578	0.0001038
all	109	106	886578	0.0001196
all	110	98	886578	0.0001105
all	111	84	886578	0.0000947
all	112	95	886578	0.0001072
all	113	66	886578	0.0000744
all	114	159	886578	0.0001793
all	115	93	886578	0.0001049
all	116	129	886578	0.0001455
all	117	56	886578	0.0000632
all	118	116	886578	0.0001308
all	119	57	886578	0.0000643
all	120	109	886578	0.0001229
all	121	73	886578	0.0000823
all	122	153	886578	0.0001726
all	123	121	886578	0.0001365
all	124	126	886578	0.0001421
all	125	52	886578	0.0000587
all	126	62	886578	0.0000699
all	127	62	886578	0.0000699
all	128	40	886578	0.0000451
all	129	31	886578	0.0000350
all	130	46	886578	0.0000519
all	131	34	886578	0.0000383
all	132	69	886578	0.0000778
all	133	56	886578	0.0000632
all	134	48	886578	0.0000541
all	135	101	886578	0.0001139
all	136	62	886578	0.0000699
all	137	85	886578	0.0000959
all	138	40	886578	0.0000451
all	139	56	886578	0.0000632
all	140	24	886578	0.0000271
all	141	39	886578	0.0000440
all	142	21	886578	0.0000237
all	143	35	886578	0.0000395
all	144	40	886578	0.0000451
all	145	40	886578	0.0000451
all	146	57	886578	0.0000643
all	147	24	886578	0.0000271
all	148	44	886578	0.0000496
all	149	45	886578	0.0000508
all	150	43	886578	0.0000485
all	151	29	886578	0.0000327
all	152	46	886578	0.0000519
all	153	57	886578	0.0000643
all	154	82	886578	0.0000925
all	155	42	886578	0.0000474
all	156	48	886578	0.0000541
all	157	55	886578	0.0000620
all	158	26	886578	0.0000293
all	159	34	886578	0.0000383
all	160	29	886578	0.0000327
all	161	29	886578	0.0000327
all	162	28	886578	0.0000316
all	163	51	886578	0.0000575
all	164	40	886578	0.0000451
all	165	67	886578	0.0000756
all	166	42	886578	0.0000474
all	167	35	886578	0.0000395
all	168	26	886578	0.0000293
all	169	41	886578	0.0000462
all	170	29	886578	0.0000327
all	171	29	886578	0.0000327
all	172	20	886578	0.0000226
all	173	16	886578	0.0000180
all	174	34	886578	0.0000383
all	175	17	886578	0.0000192
all	176	14	886578	0.0000158
all	177	19	886578	0.0000214
all	178	37	886578	0.0000417
all	179	22	886578	0.0000248
all	180	25	886578	0.0000282
all	181	23	886578	0.0000259
all	182	19	886578	0.0000214
all	183	15	886578	0.0000169
all	184	30	886578	0.0000338
all	185	19	886578	0.0000214
all	186	30	886578	0.0000338
all	187	26	886578	0.0000293
all	188	37	886578	0.0000417
all	189	25	886578	0.0000282
all	190	36	886578	0.0000406
all	191	29	886578	0.0000327
all	192	48	886578	0.0000541
all	193	18	886578	0.0000203
all	194	25	886578	0.0000282
all	195	26	886578	0.0000293
all	196	30	886578	0.0000338
all	197	20	886578	0.0000226
all	198	25	886578	0.0000282
all	199	27	886578	0.0000305
all	200	21	886578	0.0000237
all	201	37	886578	0.0000417
all	202	41	886578	0.0000462
all	203	24	886578	0.0000271
all	204	37	886578	0.0000417
all	205	46	886578	0.0000519
all	206	30	886578	0.0000338
all	207	13	886578	0.0000147
all	208	26	886578	0.0000293
all	209	21	886578	0.0000237
all	210	23	886578	0.0000259
all	211	32	886578	0.0000361
all	212	23	886578	0.0000259
all	213	40	886578	0.0000451
all	214	35	886578	0.0000395
all	215	32	886578	0.0000361
all	216	40	886578	0.0000451
all	217	12	886578	0.0000135
all	218	33	886578	0.0000372
all	219	11	886578	0.0000124
all	220	23	886578	0.0000259
all	221	23	886578	0.0000259
all	222	24	886578	0.0000271
all	223	26	886578	0.0000293
all	224	31	886578	0.0000350
all	225	14	886578	0.0000158
all	226	16	886578	0.0000180
all	227	21	886578	0.0000237
all	228	22	886578	0.0000248
all	229	16	886578	0.0000180
all	230	24	886578	0.0000271
all	231	26	886578	0.0000293
all	232	33	886578	0.0000372
all	233	16	886578	0.0000180
all	234	32	886578	0.0000361
all	235	22	886578	0.0000248
all	236	24	886578	0.0000271
all	237	24	886578	0.0000271
all	238	14	886578	0.0000158
all	239	35	886578	0.0000395
all	240	16	886578	0.0000180
all	241	32	886578	0.0000361
all	242	13	886578	0.0000147
all	243	21	886578	0.0000237
all	244	28	886578	0.0000316
all	245	25	886578	0.0000282
all	246	17	886578	0.0000192
all	247	27	886578	0.0000305
all	248	26	886578	0.0000293
all	249	25	886578	0.0000282
all	250	28	886578	0.0000316
all	251	41	886578	0.0000462
all	252	14	886578	0.0000158
all	253	22	886578	0.0000248
all	254	17	886578	0.0000192
all	255	19	886578	0.0000214
all	256	20	886578	0.0000226
all	257	19	886578	0.0000214
all	258	25	886578	0.0000282
all	259	23	886578	0.0000259
all	260	22	886578	0.0000248
all	261	16	886578	0.0000180
all	262	16	886578	0.0000180
all	263	20	886578	0.0000226
all	264	16	886578	0.0000180
all	265	21	886578	0.0000237
all	266	31	886578	0.0000350
all	267	31	886578	0.0000350
all	268	17	886578	0.0000192
all	269	27	886578	0.0000305
all	270	15	886578	0.0000169
all	271	38	886578	0.0000429
all	272	27	886578	0.0000305
all	273	30	886578	0.0000338
all	274	26	886578	0.0000293
all	275	33	886578	0.0000372
all	276	19	886578	0.0000214
all	277	71	886578	0.0000801
all	278	13	886578	0.0000147
all	279	37	886578	0.0000417
all	280	20	886578	0.0000226
all	281	43	886578	0.0000485
all	282	13	886578	0.0000147
all	283	29	886578	0.0000327
all	284	19	886578	0.0000214
all	285	22	886578	0.0000248
all	286	32	886578	0.0000361
all	287	20	886578	0.0000226
all	288	21	886578	0.0000237
all	289	22	886578	0.0000248
all	290	21	886578	0.0000237
all	291	24	886578	0.0000271
all	292	17	886578	0.0000192
all	293	16	886578	0.0000180
all	294	24	886578	0.0000271
all	295	20	886578	0.0000226
all	296	23	886578	0.0000259
all	297	30	886578	0.0000338
all	298	19	886578	0.0000214
all	299	23	886578	0.0000259
all	300	20	886578	0.0000226
all	301	26	886578	0.0000293
all	302	25	886578	0.0000282
all	303	27	886578	0.0000305
all	304	21	886578	0.0000237
all	305	36	886578	0.0000406
all	306	29	886578	0.0000327
all	307	31	886578	0.0000350
all	308	26	886578	0.0000293
all	309	32	886578	0.0000361
all	310	21	886578	0.0000237
all	311	32	886578	0.0000361
all	312	22	886578	0.0000248
all	313	25	886578	0.0000282
all	314	15	886578	0.0000169
all	315	24	886578	0.0000271
all	316	16	886578	0.0000180
all	317	14	886578	0.0000158
all	318	26	886578	0.0000293
all	319	22	886578	0.0000248
all	320	19	886578	0.0000214
all	321	8	886578	0.0000090
all	322	14	886578	0.0000158
all	323	13	886578	0.0000147
all	324	26	886578	0.0000293
all	325	14	886578	0.0000158
all	326	37	886578	0.0000417
all	327	18	886578	0.0000203
all	328	16	886578	0.0000180
all	329	22	886578	0.0000248
all	330	36	886578	0.0000406
all	331	18	886578	0.0000203
all	332	24	886578	0.0000271
all	333	22	886578	0.0000248
all	334	12	886578	0.0000135
all	335	18	886578	0.0000203
all	336	17	886578	0.0000192
all	337	23	886578	0.0000259
all	338	24	886578	0.0000271
all	339	17	886578	0.0000192
all	340	26	886578	0.0000293
all	341	22	886578	0.0000248
all	342	18	886578	0.0000203
all	343	14	886578	0.0000158
all	344	24	886578	0.0000271
all	345	17	886578	0.0000192
all	346	15	886578	0.0000169
all	347	26	886578	0.0000293
all	348	25	886578	0.0000282
all	349	12	886578	0.0000135
all	350	29	886578	0.0000327
all	351	19	886578	0.0000214
all	352	19	886578	0.0000214
all	353	15	886578	0.0000169
all	354	21	886578	0.0000237
all	355	21	886578	0.0000237
all	356	17	886578	0.0000192
all	357	45	886578	0.0000508
all	358	23	886578	0.0000259
all	359	26	886578	0.0000293
all	360	35	886578	0.0000395
all	361	24	886578	0.0000271
all	362	21	886578	0.0000237
all	363	35	886578	0.0000395
all	364	11	886578	0.0000124
all	365	32	886578	0.0000361
all	366	22	886578	0.0000248
all	367	36	886578	0.0000406
all	368	21	886578	0.0000237
all	369	31	886578	0.0000350
all	370	23	886578	0.0000259
all	371	17	886578	0.0000192
all	372	27	886578	0.0000305
all	373	20	886578	0.0000226
all	374	28	886578	0.0000316
all	375	8	886578	0.0000090
all	376	16	886578	0.0000180
all	377	17	886578	0.0000192
all	378	14	886578	0.0000158
all	379	13	886578	0.0000147
all	380	13	886578	0.0000147
all	381	22	886578	0.0000248
all	382	24	886578	0.0000271
all	383	11	886578	0.0000124
all	384	14	886578	0.0000158
all	385	18	886578	0.0000203
all	386	20	886578	0.0000226
all	387	12	886578	0.0000135
all	388	21	886578	0.0000237
all	389	7	886578	0.0000079
all	390	18	886578	0.0000203
all	391	7	886578	0.0000079
all	392	25	886578	0.0000282
all	393	15	886578	0.0000169
all	394	15	886578	0.0000169
all	395	10	886578	0.0000113
all	396	20	886578	0.0000226
all	397	21	886578	0.0000237
all	398	16	886578	0.0000180
all	399	21	886578	0.0000237
all	400	23	886578	0.0000259
all	401	14	886578	0.0000158
all	402	24	886578	0.0000271
all	403	27	886578	0.0000305
all	404	17	886578	0.0000192
all	405	14	886578	0.0000158
all	406	25	886578	0.0000282
all	407	12	886578	0.0000135
all	408	21	886578	0.0000237
all	409	19	886578	0.0000214
all	410	20	886578	0.0000226
all	411	12	886578	0.0000135
all	412	23	886578	0.0000259
all	413	10	886578	0.0000113
all	414	11	886578	0.0000124
all	415	13	886578	0.0000147
all	416	17	886578	0.0000192
all	417	13	886578	0.0000147
all	418	8	886578	0.0000090
all	419	10	886578	0.0000113
all	420	9	886578	0.0000102
all	421	3	886578	0.0000034
all	422	11	886578	0.0000124
all	423	25	886578	0.0000282
all	424	14	886578	0.0000158
all	425	16	886578	0.0000180
all	426	21	886578	0.0000237
all	427	12	886578	0.0000135
all	428	13	886578	0.0000147
all	429	17	886578	0.0000192
all	430	17	886578	0.0000192
all	431	11	886578	0.0000124
all	432	16	886578	0.0000180
all	433	14	886578	0.0000158
all	434	18	886578	0.0000203
all	435	16	886578	0.0000180
all	436	10	886578	0.0000113
all	437	13	886578	0.0000147
all	438	14	886578	0.0000158
all	439	23	886578	0.0000259
all	440	14	886578	0.0000158
all	441	17	886578	0.0000192
all	442	13	886578	0.0000147
all	443	17	886578	0.0000192
all	444	11	886578	0.0000124
all	445	8	886578	0.0000090
all	446	13	886578	0.0000147
all	447	16	886578	0.0000180
all	448	16	886578	0.0000180
all	449	14	886578	0.0000158
all	450	23	886578	0.0000259
all	451	6	886578	0.0000068
all	452	18	886578	0.0000203
all	453	15	886578	0.0000169
all	454	22	886578	0.0000248
all	455	15	886578	0.0000169
all	456	16	886578	0.0000180
all	457	17	886578	0.0000192
all	458	20	886578	0.0000226
all	459	20	886578	0.0000226
all	460	6	886578	0.0000068
all	461	19	886578	0.0000214
all	462	14	886578	0.0000158
all	463	16	886578	0.0000180
all	464	9	886578	0.0000102
all	465	16	886578	0.0000180
all	466	13	886578	0.0000147
all	467	19	886578	0.0000214
all	468	16	886578	0.0000180
all	469	12	886578	0.0000135
all	470	10	886578	0.0000113
all	471	10	886578	0.0000113
all	472	9	886578	0.0000102
all	473	12	886578	0.0000135
all	474	17	886578	0.0000192
all	475	14	886578	0.0000158
all	476	17	886578	0.0000192
all	477	6	886578	0.0000068
all	478	10	886578	0.0000113
all	479	4	886578	0.0000045
all	480	11	886578	0.0000124
all	481	10	886578	0.0000113
all	482	17	886578	0.0000192
all	483	4	886578	0.0000045
all	484	6	886578	0.0000068
all	485	6	886578	0.0000068
all	486	9	886578	0.0000102
all	487	10	886578	0.0000113
all	488	19	886578	0.0000214
all	489	16	886578	0.0000180
all	490	16	886578	0.0000180
all	491	15	886578	0.0000169
all	492	17	886578	0.0000192
all	493	25	886578	0.0000282
all	494	14	886578	0.0000158
all	495	29	886578	0.0000327
all	496	14	886578	0.0000158
all	497	7	886578	0.0000079
all	498	19	886578	0.0000214
all	499	14	886578	0.0000158
all	500	21	886578	0.0000237
all	501	12	886578	0.0000135
all	502	12	886578	0.0000135
all	503	19	886578	0.0000214
all	504	9	886578	0.0000102
all	505	16	886578	0.0000180
all	506	6	886578	0.0000068
all	507	14	886578	0.0000158
all	508	12	886578	0.0000135
all	509	20	886578	0.0000226
all	510	6	886578	0.0000068
all	511	14	886578	0.0000158
all	512	8	886578	0.0000090
all	513	8	886578	0.0000090
all	514	9	886578	0.0000102
all	515	18	886578	0.0000203
all	516	20	886578	0.0000226
all	517	19	886578	0.0000214
all	518	15	886578	0.0000169
all	519	12	886578	0.0000135
all	520	18	886578	0.0000203
all	521	7	886578	0.0000079
all	522	17	886578	0.0000192
all	523	7	886578	0.0000079
all	524	9	886578	0.0000102
all	525	10	886578	0.0000113
all	526	8	886578	0.0000090
all	527	7	886578	0.0000079
all	528	21	886578	0.0000237
all	529	9	886578	0.0000102
all	530	13	886578	0.0000147
all	531	21	886578	0.0000237
all	532	9	886578	0.0000102
all	533	25	886578	0.0000282
all	534	16	886578	0.0000180
all	535	15	886578	0.0000169
all	536	12	886578	0.0000135
all	537	11	886578	0.0000124
all	538	9	886578	0.0000102
all	539	10	886578	0.0000113
all	540	20	886578	0.0000226
all	541	14	886578	0.0000158
all	542	14	886578	0.0000158
all	543	14	886578	0.0000158
all	544	7	886578	0.0000079
all	545	10	886578	0.0000113
all	546	17	886578	0.0000192
all	547	15	886578	0.0000169
all	548	14	886578	0.0000158
all	549	14	886578	0.0000158
all	550	10	886578	0.0000113
all	551	7	886578	0.0000079
all	552	7	886578	0.0000079
all	553	13	886578	0.0000147
all	554	8	886578	0.0000090
all	555	10	886578	0.0000113
all	556	9	886578	0.0000102
all	557	11	886578	0.0000124
all	558	10	886578	0.0000113
all	559	10	886578	0.0000113
all	560	27	886578	0.0000305
all	561	28	886578	0.0000316
all	562	10	886578	0.0000113
all	563	17	886578	0.0000192
all	564	13	886578	0.0000147
all	565	10	886578	0.0000113
all	566	6	886578	0.0000068
all	567	7	886578	0.0000079
all	568	8	886578	0.0000090
all	569	14	886578	0.0000158
all	570	10	886578	0.0000113
all	571	8	886578	0.0000090
all	572	3	886578	0.0000034
all	573	7	886578	0.0000079
all	574	7	886578	0.0000079
all	575	6	886578	0.0000068
all	576	10	886578	0.0000113
all	577	9	886578	0.0000102
all	578	10	886578	0.0000113
all	579	4	886578	0.0000045
all	580	9	886578	0.0000102
all	581	4	886578	0.0000045
all	582	6	886578	0.0000068
all	583	3	886578	0.0000034
all	584	8	886578	0.0000090
all	585	3	886578	0.0000034
all	586	11	886578	0.0000124
all	587	8	886578	0.0000090
all	588	15	886578	0.0000169
all	589	8	886578	0.0000090
all	590	6	886578	0.0000068
all	591	5	886578	0.0000056
all	592	5	886578	0.0000056
all	593	9	886578	0.0000102
all	594	9	886578	0.0000102
all	595	7	886578	0.0000079
all	596	2	886578	0.0000023
all	597	4	886578	0.0000045
all	598	6	886578	0.0000068
all	599	9	886578	0.0000102
all	600	7	886578	0.0000079
all	601	7	886578	0.0000079
all	602	9	886578	0.0000102
all	603	5	886578	0.0000056
all	604	9	886578	0.0000102
all	605	8	886578	0.0000090
all	606	7	886578	0.0000079
all	607	7	886578	0.0000079
all	608	4	886578	0.0000045
all	609	8	886578	0.0000090
all	610	8	886578	0.0000090
all	611	13	886578	0.0000147
all	612	11	886578	0.0000124
all	613	8	886578	0.0000090
all	614	12	886578	0.0000135
all	615	6	886578	0.0000068
all	616	10	886578	0.0000113
all	617	2	886578	0.0000023
all	618	6	886578	0.0000068
all	619	4	886578	0.0000045
all	620	12	886578	0.0000135
all	621	5	886578	0.0000056
all	622	8	886578	0.0000090
all	623	12	886578	0.0000135
all	624	6	886578	0.0000068
all	625	10	886578	0.0000113
all	626	6	886578	0.0000068
all	627	9	886578	0.0000102
all	628	3	886578	0.0000034
all	629	7	886578	0.0000079
all	630	9	886578	0.0000102
all	631	6	886578	0.0000068
all	632	12	886578	0.0000135
all	633	19	886578	0.0000214
all	634	10	886578	0.0000113
all	635	12	886578	0.0000135
all	636	6	886578	0.0000068
all	637	4	886578	0.0000045
all	638	10	886578	0.0000113
all	639	4	886578	0.0000045
all	640	5	886578	0.0000056
all	641	6	886578	0.0000068
all	642	5	886578	0.0000056
all	643	4	886578	0.0000045
all	644	5	886578	0.0000056
all	645	6	886578	0.0000068
all	646	5	886578	0.0000056
all	647	5	886578	0.0000056
all	648	14	886578	0.0000158
all	649	5	886578	0.0000056
all	650	4	886578	0.0000045
all	651	13	886578	0.0000147
all	652	5	886578	0.0000056
all	653	4	886578	0.0000045
all	654	1	886578	0.0000011
all	655	3	886578	0.0000034
all	656	3	886578	0.0000034
all	657	8	886578	0.0000090
all	658	5	886578	0.0000056
all	659	1	886578	0.0000011
all	660	5	886578	0.0000056
all	661	4	886578	0.0000045
all	662	10	886578	0.0000113
all	663	7	886578	0.0000079
all	664	2	886578	0.0000023
all	665	3	886578	0.0000034
all	666	8	886578	0.0000090
all	667	2	886578	0.0000023
all	668	5	886578	0.0000056
all	669	8	886578	0.0000090
all	670	9	886578	0.0000102
all	671	4	886578	0.0000045
all	672	13	886578	0.0000147
all	673	12	886578	0.0000135
all	674	10	886578	0.0000113
all	675	4	886578	0.0000045
all	676	10	886578	0.0000113
all	677	6	886578	0.0000068
all	678	11	886578	0.0000124
all	679	4	886578	0.0000045
all	680	11	886578	0.0000124
all	681	3	886578	0.0000034
all	682	15	886578	0.0000169
all	683	2	886578	0.0000023
all	684	4	886578	0.0000045
all	685	3	886578	0.0000034
all	686	1	886578	0.0000011
all	687	2	886578	0.0000023
all	688	4	886578	0.0000045
all	689	2	886578	0.0000023
all	690	5	886578	0.0000056
all	691	7	886578	0.0000079
all	692	6	886578	0.0000068
all	693	8	886578	0.0000090
all	694	4	886578	0.0000045
all	695	8	886578	0.0000090
all	696	10	886578	0.0000113
all	697	5	886578	0.0000056
all	698	2	886578	0.0000023
all	699	5	886578	0.0000056
all	700	6	886578	0.0000068
all	701	5	886578	0.0000056
all	702	7	886578	0.0000079
all	703	7	886578	0.0000079
all	704	5	886578	0.0000056
all	705	1	886578	0.0000011
all	706	6	886578	0.0000068
all	707	2	886578	0.0000023
all	708	1	886578	0.0000011
all	709	10	886578	0.0000113
all	710	1	886578	0.0000011
all	711	5	886578	0.0000056
all	712	6	886578	0.0000068
all	713	4	886578	0.0000045
all	714	2	886578	0.0000023
all	715	8	886578	0.0000090
all	716	3	886578	0.0000034
all	717	4	886578	0.0000045
all	718	6	886578	0.0000068
all	719	6	886578	0.0000068
all	720	3	886578	0.0000034
all	721	6	886578	0.0000068
all	722	8	886578	0.0000090
all	723	8	886578	0.0000090
all	724	4	886578	0.0000045
all	725	3	886578	0.0000034
all	726	6	886578	0.0000068
all	727	6	886578	0.0000068
all	728	8	886578	0.0000090
all	729	3	886578	0.0000034
all	730	8	886578	0.0000090
all	731	3	886578	0.0000034
all	732	5	886578	0.0000056
all	733	5	886578	0.0000056
all	734	5	886578	0.0000056
all	735	10	886578	0.0000113
all	736	2	886578	0.0000023
all	737	13	886578	0.0000147
all	738	5	886578	0.0000056
all	739	3	886578	0.0000034
all	740	11	886578	0.0000124
all	741	9	886578	0.0000102
all	742	7	886578	0.0000079
all	743	6	886578	0.0000068
all	744	5	886578	0.0000056
all	745	3	886578	0.0000034
all	746	12	886578	0.0000135
all	747	4	886578	0.0000045
all	748	7	886578	0.0000079
all	749	4	886578	0.0000045
all	750	10	886578	0.0000113
all	751	2	886578	0.0000023
all	752	3	886578	0.0000034
all	753	5	886578	0.0000056
all	754	4	886578	0.0000045
all	755	5	886578	0.0000056
all	756	4	886578	0.0000045
all	757	3	886578	0.0000034
all	758	1	886578	0.0000011
all	759	7	886578	0.0000079
all	760	9	886578	0.0000102
all	761	6	886578	0.0000068
all	762	3	886578	0.0000034
all	763	3	886578	0.0000034
all	764	3	886578	0.0000034
all	765	5	886578	0.0000056
all	766	5	886578	0.0000056
all	767	7	886578	0.0000079
all	768	8	886578	0.0000090
all	769	8	886578	0.0000090
all	770	4	886578	0.0000045
all	771	3	886578	0.0000034
all	772	5	886578	0.0000056
all	773	4	886578	0.0000045
all	774	8	886578	0.0000090
all	775	4	886578	0.0000045
all	776	12	886578	0.0000135
all	777	3	886578	0.0000034
all	778	3	886578	0.0000034
all	779	4	886578	0.0000045
all	780	5	886578	0.0000056
all	781	7	886578	0.0000079
all	782	3	886578	0.0000034
all	783	4	886578	0.0000045
all	784	4	886578	0.0000045
all	785	6	886578	0.0000068
all	786	5	886578	0.0000056
all	787	6	886578	0.0000068
all	788	23	886578	0.0000259
all	789	1	886578	0.0000011
all	790	6	886578	0.0000068
all	791	3	886578	0.0000034
all	792	5	886578	0.0000056
all	793	5	886578	0.0000056
all	794	4	886578	0.0000045
all	795	6	886578	0.0000068
all	796	6	886578	0.0000068
all	797	4	886578	0.0000045
all	798	5	886578	0.0000056
all	799	9	886578	0.0000102
all	800	4	886578	0.0000045
all	801	4	886578	0.0000045
all	802	6	886578	0.0000068
all	803	3	886578	0.0000034
all	804	8	886578	0.0000090
all	805	4	886578	0.0000045
all	806	4	886578	0.0000045
all	807	5	886578	0.0000056
all	808	3	886578	0.0000034
all	809	12	886578	0.0000135
all	810	7	886578	0.0000079
all	811	8	886578	0.0000090
all	812	6	886578	0.0000068
all	813	5	886578	0.0000056
all	814	4	886578	0.0000045
all	815	5	886578	0.0000056
all	816	6	886578	0.0000068
all	817	6	886578	0.0000068
all	818	4	886578	0.0000045
all	819	5	886578	0.0000056
all	820	11	886578	0.0000124
all	821	8	886578	0.0000090
all	822	6	886578	0.0000068
all	823	6	886578	0.0000068
all	824	9	886578	0.0000102
all	825	3	886578	0.0000034
all	826	6	886578	0.0000068
all	827	4	886578	0.0000045
all	828	4	886578	0.0000045
all	829	2	886578	0.0000023
all	830	3	886578	0.0000034
all	831	2	886578	0.0000023
all	832	10	886578	0.0000113
all	833	6	886578	0.0000068
all	834	3	886578	0.0000034
all	835	6	886578	0.0000068
all	836	1	886578	0.0000011
all	837	6	886578	0.0000068
all	838	8	886578	0.0000090
all	839	6	886578	0.0000068
all	840	4	886578	0.0000045
all	841	9	886578	0.0000102
all	842	1	886578	0.0000011
all	843	6	886578	0.0000068
all	844	4	886578	0.0000045
all	845	3	886578	0.0000034
all	846	5	886578	0.0000056
all	847	4	886578	0.0000045
all	848	5	886578	0.0000056
all	849	4	886578	0.0000045
all	850	4	886578	0.0000045
all	851	3	886578	0.0000034
all	852	3	886578	0.0000034
all	853	7	886578	0.0000079
all	854	5	886578	0.0000056
all	855	3	886578	0.0000034
all	856	4	886578	0.0000045
all	857	5	886578	0.0000056
all	858	5	886578	0.0000056
all	859	3	886578	0.0000034
all	860	5	886578	0.0000056
all	861	3	886578	0.0000034
all	862	5	886578	0.0000056
all	863	3	886578	0.0000034
all	864	1	886578	0.0000011
all	865	6	886578	0.0000068
all	866	5	886578	0.0000056
all	867	1	886578	0.0000011
all	868	1	886578	0.0000011
all	869	8	886578	0.0000090
all	870	3	886578	0.0000034
all	871	1	886578	0.0000011
all	872	5	886578	0.0000056
all	873	1	886578	0.0000011
all	874	3	886578	0.0000034
all	875	5	886578	0.0000056
all	876	3	886578	0.0000034
all	877	3	886578	0.0000034
all	878	2	886578	0.0000023
all	879	5	886578	0.0000056
all	880	3	886578	0.0000034
all	881	5	886578	0.0000056
all	882	1	886578	0.0000011
all	883	6	886578	0.0000068
all	884	3	886578	0.0000034
all	885	3	886578	0.0000034
all	886	4	886578	0.0000045
all	887	3	886578	0.0000034
all	888	1	886578	0.0000011
all	889	3	886578	0.0000034
all	890	5	886578	0.0000056
all	891	8	886578	0.0000090
all	892	4	886578	0.0000045
all	893	10	886578	0.0000113
all	894	3	886578	0.0000034
all	895	1	886578	0.0000011
all	896	6	886578	0.0000068
all	897	3	886578	0.0000034
all	898	7	886578	0.0000079
all	899	3	886578	0.0000034
all	900	2	886578	0.0000023
all	901	8	886578	0.0000090
all	902	3	886578	0.0000034
all	903	6	886578	0.0000068
all	904	4	886578	0.0000045
all	905	6	886578	0.0000068
all	906	8	886578	0.0000090
all	907	2	886578	0.0000023
all	908	2	886578	0.0000023
all	909	4	886578	0.0000045
all	910	4	886578	0.0000045
all	911	6	886578	0.0000068
all	912	3	886578	0.0000034
all	913	2	886578	0.0000023
all	914	7	886578	0.0000079
all	915	8	886578	0.0000090
all	916	3	886578	0.0000034
all	917	6	886578	0.0000068
all	918	2	886578	0.0000023
all	919	2	886578	0.0000023
all	920	4	886578	0.0000045
all	921	6	886578	0.0000068
all	922	7	886578	0.0000079
all	923	8	886578	0.0000090
all	924	12	886578	0.0000135
all	925	5	886578	0.0000056
all	926	3	886578	0.0000034
all	927	3	886578	0.0000034
all	928	3	886578	0.0000034
all	929	1	886578	0.0000011
all	930	3	886578	0.0000034
all	931	5	886578	0.0000056
all	932	3	886578	0.0000034
all	933	6	886578	0.0000068
all	934	6	886578	0.0000068
all	935	4	886578	0.0000045
all	936	5	886578	0.0000056
all	937	4	886578	0.0000045
all	938	5	886578	0.0000056
all	939	6	886578	0.0000068
all	940	5	886578	0.0000056
all	941	4	886578	0.0000045
all	942	6	886578	0.0000068
all	943	3	886578	0.0000034
all	944	1	886578	0.0000011
all	945	2	886578	0.0000023
all	946	3	886578	0.0000034
all	947	2	886578	0.0000023
all	948	2	886578	0.0000023
all	949	2	886578	0.0000023
all	950	3	886578	0.0000034
all	951	2	886578	0.0000023
all	952	5	886578	0.0000056
all	953	1	886578	0.0000011
all	954	2	886578	0.0000023
all	955	6	886578	0.0000068
all	956	8	886578	0.0000090
all	957	5	886578	0.0000056
all	958	3	886578	0.0000034
all	959	8	886578	0.0000090
all	960	7	886578	0.0000079
all	961	5	886578	0.0000056
all	962	4	886578	0.0000045
all	963	3	886578	0.0000034
all	964	6	886578	0.0000068
all	965	1	886578	0.0000011
all	966	7	886578	0.0000079
all	967	8	886578	0.0000090
all	968	7	886578	0.0000079
all	969	8	886578	0.0000090
all	970	3	886578	0.0000034
all	971	1	886578	0.0000011
all	972	7	886578	0.0000079
all	973	7	886578	0.0000079
all	974	2	886578	0.0000023
all	975	1	886578	0.0000011
all	976	7	886578	0.0000079
all	977	5	886578	0.0000056
all	978	3	886578	0.0000034
all	979	3	886578	0.0000034
all	980	2	886578	0.0000023
all	981	4	886578	0.0000045
all	982	2	886578	0.0000023
all	983	4	886578	0.0000045
all	984	5	886578	0.0000056
all	985	7	886578	0.0000079
all	986	5	886578	0.0000056
all	987	4	886578	0.0000045
all	988	2	886578	0.0000023
all	989	6	886578	0.0000068
all	990	4	886578	0.0000045
all	991	6	886578	0.0000068
all	992	6	886578	0.0000068
all	993	4	886578	0.0000045
all	994	4	886578	0.0000045
all	995	5	886578	0.0000056
all	996	5	886578	0.0000056
all	997	4	886578	0.0000045
all	998	8	886578	0.0000090
all	999	11	886578	0.0000124
all	1000	7	886578	0.0000079
all	1001	5	886578	0.0000056
all	1002	6	886578	0.0000068
all	1003	6	886578	0.0000068
all	1004	8	886578	0.0000090
all	1005	9	886578	0.0000102
all	1006	8	886578	0.0000090
all	1007	5	886578	0.0000056
all	1008	7	886578	0.0000079
all	1009	8	886578	0.0000090
all	1010	6	886578	0.0000068
all	1011	6	886578	0.0000068
all	1012	11	886578	0.0000124
all	1013	7	886578	0.0000079
all	1014	4	886578	0.0000045
all	1015	7	886578	0.0000079
all	1016	7	886578	0.0000079
all	1017	8	886578	0.0000090
all	1018	3	886578	0.0000034
all	1019	6	886578	0.0000068
all	1020	11	886578	0.0000124
all	1021	11	886578	0.0000124
all	1022	10	886578	0.0000113
all	1023	10	886578	0.0000113
all	1024	16	886578	0.0000180
all	1025	5	886578	0.0000056
all	1026	8	886578	0.0000090
all	1027	9	886578	0.0000102
all	1028	7	886578	0.0000079
all	1029	6	886578	0.0000068
all	1030	11	886578	0.0000124
all	1031	4	886578	0.0000045
all	1032	9	886578	0.0000102
all	1033	8	886578	0.0000090
all	1034	5	886578	0.0000056
all	1035	4	886578	0.0000045
all	1036	8	886578	0.0000090
all	1037	11	886578	0.0000124
all	1038	5	886578	0.0000056
all	1039	4	886578	0.0000045
all	1040	19	886578	0.0000214
all	1041	7	886578	0.0000079
all	1042	5	886578	0.0000056
all	1043	3	886578	0.0000034
all	1044	6	886578	0.0000068
all	1045	2	886578	0.0000023
all	1046	4	886578	0.0000045
all	1047	4	886578	0.0000045
all	1048	5	886578	0.0000056
all	1049	3	886578	0.0000034
all	1050	7	886578	0.0000079
all	1051	2	886578	0.0000023
all	1052	14	886578	0.0000158
all	1053	7	886578	0.0000079
all	1054	6	886578	0.0000068
all	1055	4	886578	0.0000045
all	1056	9	886578	0.0000102
all	1057	7	886578	0.0000079
all	1058	4	886578	0.0000045
all	1059	10	886578	0.0000113
all	1060	6	886578	0.0000068
all	1061	4	886578	0.0000045
all	1062	2	886578	0.0000023
all	1063	3	886578	0.0000034
all	1064	7	886578	0.0000079
all	1065	4	886578	0.0000045
all	1066	7	886578	0.0000079
all	1067	5	886578	0.0000056
all	1068	7	886578	0.0000079
all	1069	4	886578	0.0000045
all	1070	9	886578	0.0000102
all	1071	3	886578	0.0000034
all	1072	5	886578	0.0000056
all	1073	10	886578	0.0000113
all	1074	6	886578	0.0000068
all	1075	6	886578	0.0000068
all	1076	3	886578	0.0000034
all	1077	12	886578	0.0000135
all	1078	9	886578	0.0000102
all	1079	3	886578	0.0000034
all	1080	6	886578	0.0000068
all	1081	5	886578	0.0000056
all	1082	5	886578	0.0000056
all	1083	1	886578	0.0000011
all	1084	6	886578	0.0000068
all	1085	2	886578	0.0000023
all	1086	1	886578	0.0000011
all	1087	2	886578	0.0000023
all	1088	4	886578	0.0000045
all	1089	9	886578	0.0000102
all	1090	6	886578	0.0000068
all	1091	6	886578	0.0000068
all	1092	6	886578	0.0000068
all	1093	1	886578	0.0000011
all	1094	4	886578	0.0000045
all	1095	6	886578	0.0000068
all	1096	6	886578	0.0000068
all	1097	3	886578	0.0000034
all	1098	2	886578	0.0000023
all	1099	6	886578	0.0000068
all	1100	7	886578	0.0000079
all	1101	4	886578	0.0000045
all	1102	5	886578	0.0000056
all	1103	8	886578	0.0000090
all	1104	5	886578	0.0000056
all	1105	2	886578	0.0000023
all	1106	5	886578	0.0000056
all	1107	7	886578	0.0000079
all	1108	6	886578	0.0000068
all	1109	5	886578	0.0000056
all	1110	5	886578	0.0000056
all	1111	7	886578	0.0000079
all	1112	6	886578	0.0000068
all	1113	4	886578	0.0000045
all	1114	7	886578	0.0000079
all	1115	7	886578	0.0000079
all	1116	6	886578	0.0000068
all	1117	6	886578	0.0000068
all	1118	10	886578	0.0000113
all	1119	9	886578	0.0000102
all	1120	9	886578	0.0000102
all	1121	4	886578	0.0000045
all	1122	4	886578	0.0000045
all	1123	6	886578	0.0000068
all	1124	11	886578	0.0000124
all	1125	2	886578	0.0000023
all	1126	6	886578	0.0000068
all	1127	10	886578	0.0000113
all	1128	10	886578	0.0000113
all	1129	2	886578	0.0000023
all	1130	25	886578	0.0000282
all	1131	5	886578	0.0000056
all	1132	6	886578	0.0000068
all	1133	6	886578	0.0000068
all	1134	5	886578	0.0000056
all	1135	9	886578	0.0000102
all	1136	8	886578	0.0000090
all	1137	7	886578	0.0000079
all	1138	8	886578	0.0000090
all	1139	11	886578	0.0000124
all	1140	20	886578	0.0000226
all	1141	4	886578	0.0000045
all	1142	5	886578	0.0000056
all	1143	3	886578	0.0000034
all	1144	8	886578	0.0000090
all	1145	4	886578	0.0000045
all	1146	6	886578	0.0000068
all	1147	4	886578	0.0000045
all	1148	6	886578	0.0000068
all	1149	4	886578	0.0000045
all	1150	3	886578	0.0000034
all	1151	2	886578	0.0000023
all	1153	4	886578	0.0000045
all	1154	4	886578	0.0000045
all	1155	9	886578	0.0000102
all	1156	5	886578	0.0000056
all	1157	5	886578	0.0000056
all	1158	5	886578	0.0000056
all	1159	4	886578	0.0000045
all	1160	1	886578	0.0000011
all	1161	3	886578	0.0000034
all	1162	5	886578	0.0000056
all	1163	1	886578	0.0000011
all	1164	4	886578	0.0000045
all	1165	5	886578	0.0000056
all	1166	5	886578	0.0000056
all	1167	2	886578	0.0000023
all	1168	6	886578	0.0000068
all	1169	5	886578	0.0000056
all	1170	4	886578	0.0000045
all	1171	5	886578	0.0000056
all	1172	8	886578	0.0000090
all	1173	7	886578	0.0000079
all	1175	2	886578	0.0000023
all	1176	4	886578	0.0000045
all	1177	2	886578	0.0000023
all	1178	3	886578	0.0000034
all	1179	3	886578	0.0000034
all	1180	3	886578	0.0000034
all	1181	2	886578	0.0000023
all	1182	3	886578	0.0000034
all	1183	1	886578	0.0000011
all	1184	3	886578	0.0000034
all	1185	4	886578	0.0000045
all	1186	1	886578	0.0000011
all	1187	4	886578	0.0000045
all	1188	2	886578	0.0000023
all	1189	9	886578	0.0000102
all	1190	2	886578	0.0000023
all	1191	2	886578	0.0000023
all	1192	1	886578	0.0000011
all	1193	2	886578	0.0000023
all	1194	3	886578	0.0000034
all	1195	4	886578	0.0000045
all	1196	4	886578	0.0000045
all	1197	2	886578	0.0000023
all	1198	2	886578	0.0000023
all	1199	2	886578	0.0000023
all	1200	5	886578	0.0000056
all	1201	4	886578	0.0000045
all	1202	4	886578	0.0000045
all	1203	3	886578	0.0000034
all	1204	2	886578	0.0000023
all	1205	2	886578	0.0000023
all	1206	2	886578	0.0000023
all	1207	7	886578	0.0000079
all	1208	2	886578	0.0000023
all	1209	2	886578	0.0000023
all	1210	4	886578	0.0000045
all	1211	1	886578	0.0000011
all	1212	1	886578	0.0000011
all	1213	4	886578	0.0000045
all	1214	4	886578	0.0000045
all	1215	3	886578	0.0000034
all	1216	1	886578	0.0000011
all	1217	7	886578	0.0000079
all	1218	4	886578	0.0000045
all	1219	2	886578	0.0000023
all	1220	5	886578	0.0000056
all	1221	4	886578	0.0000045
all	1222	1	886578	0.0000011
all	1223	9	886578	0.0000102
all	1224	7	886578	0.0000079
all	1225	5	886578	0.0000056
all	1226	7	886578	0.0000079
all	1227	2	886578	0.0000023
all	1228	3	886578	0.0000034
all	1229	5	886578	0.0000056
all	1230	3	886578	0.0000034
all	1231	5	886578	0.0000056
all	1232	5	886578	0.0000056
all	1233	4	886578	0.0000045
all	1234	4	886578	0.0000045
all	1235	7	886578	0.0000079
all	1236	2	886578	0.0000023
all	1237	1	886578	0.0000011
all	1238	3	886578	0.0000034
all	1239	4	886578	0.0000045
all	1240	3	886578	0.0000034
all	1241	3	886578	0.0000034
all	1242	4	886578	0.0000045
all	1243	4	886578	0.0000045
all	1244	1	886578	0.0000011
all	1245	2	886578	0.0000023
all	1246	4	886578	0.0000045
all	1247	5	886578	0.0000056
all	1248	6	886578	0.0000068
all	1249	3	886578	0.0000034
all	1250	3	886578	0.0000034
all	1251	4	886578	0.0000045
all	1252	6	886578	0.0000068
all	1253	2	886578	0.0000023
all	1254	5	886578	0.0000056
all	1256	4	886578	0.0000045
all	1257	5	886578	0.0000056
all	1258	4	886578	0.0000045
all	1259	4	886578	0.0000045
all	1260	2	886578	0.0000023
all	1261	6	886578	0.0000068
all	1262	5	886578	0.0000056
all	1263	4	886578	0.0000045
all	1264	6	886578	0.0000068
all	1265	6	886578	0.0000068
all	1266	4	886578	0.0000045
all	1267	5	886578	0.0000056
all	1268	4	886578	0.0000045
all	1269	3	886578	0.0000034
all	1270	6	886578	0.0000068
all	1271	7	886578	0.0000079
all	1272	4	886578	0.0000045
all	1273	2	886578	0.0000023
all	1274	5	886578	0.0000056
all	1275	8	886578	0.0000090
all	1276	15	886578	0.0000169
all	1277	3	886578	0.0000034
all	1278	6	886578	0.0000068
all	1279	2	886578	0.0000023
all	1280	1	886578	0.0000011
all	1281	3	886578	0.0000034
all	1282	3	886578	0.0000034
all	1283	4	886578	0.0000045
all	1284	4	886578	0.0000045
all	1285	6	886578	0.0000068
all	1286	6	886578	0.0000068
all	1287	4	886578	0.0000045
all	1288	7	886578	0.0000079
all	1289	7	886578	0.0000079
all	1290	4	886578	0.0000045
all	1292	5	886578	0.0000056
all	1293	4	886578	0.0000045
all	1294	2	886578	0.0000023
all	1296	7	886578	0.0000079
all	1297	1	886578	0.0000011
all	1298	4	886578	0.0000045
all	1299	5	886578	0.0000056
all	1300	2	886578	0.0000023
all	1301	5	886578	0.0000056
all	1302	7	886578	0.0000079
all	1303	5	886578	0.0000056
all	1304	3	886578	0.0000034
all	1305	10	886578	0.0000113
all	1306	8	886578	0.0000090
all	1307	9	886578	0.0000102
all	1308	2	886578	0.0000023
all	1309	4	886578	0.0000045
all	1310	4	886578	0.0000045
all	1311	3	886578	0.0000034
all	1312	2	886578	0.0000023
all	1313	2	886578	0.0000023
all	1314	8	886578	0.0000090
all	1316	7	886578	0.0000079
all	1317	6	886578	0.0000068
all	1318	6	886578	0.0000068
all	1319	7	886578	0.0000079
all	1320	2	886578	0.0000023
all	1321	5	886578	0.0000056
all	1322	1	886578	0.0000011
all	1323	5	886578	0.0000056
all	1324	1	886578	0.0000011
all	1325	5	886578	0.0000056
all	1326	3	886578	0.0000034
all	1327	1	886578	0.0000011
all	1328	3	886578	0.0000034
all	1329	3	886578	0.0000034
all	1330	3	886578	0.0000034
all	1331	5	886578	0.0000056
all	1332	7	886578	0.0000079
all	1333	3	886578	0.0000034
all	1334	2	886578	0.0000023
all	1335	6	886578	0.0000068
all	1336	2	886578	0.0000023
all	1337	1	886578	0.0000011
all	1338	2	886578	0.0000023
all	1340	2	886578	0.0000023
all	1341	5	886578	0.0000056
all	1342	5	886578	0.0000056
all	1343	1	886578	0.0000011
all	1344	3	886578	0.0000034
all	1345	5	886578	0.0000056
all	1346	9	886578	0.0000102
all	1347	8	886578	0.0000090
all	1348	3	886578	0.0000034
all	1349	1	886578	0.0000011
all	1350	4	886578	0.0000045
all	1351	2	886578	0.0000023
all	1352	4	886578	0.0000045
all	1353	4	886578	0.0000045
all	1354	7	886578	0.0000079
all	1355	4	886578	0.0000045
all	1356	1	886578	0.0000011
all	1357	5	886578	0.0000056
all	1358	3	886578	0.0000034
all	1359	2	886578	0.0000023
all	1360	8	886578	0.0000090
all	1361	14	886578	0.0000158
all	1362	3	886578	0.0000034
all	1363	6	886578	0.0000068
all	1364	6	886578	0.0000068
all	1365	4	886578	0.0000045
all	1366	3	886578	0.0000034
all	1367	3	886578	0.0000034
all	1368	7	886578	0.0000079
all	1369	1	886578	0.0000011
all	1370	6	886578	0.0000068
all	1371	9	886578	0.0000102
all	1372	2	886578	0.0000023
all	1373	1	886578	0.0000011
all	1374	4	886578	0.0000045
all	1375	8	886578	0.0000090
all	1376	1	886578	0.0000011
all	1377	1	886578	0.0000011
all	1378	4	886578	0.0000045
all	1379	2	886578	0.0000023
all	1380	3	886578	0.0000034
all	1381	1	886578	0.0000011
all	1382	2	886578	0.0000023
all	1383	2	886578	0.0000023
all	1384	3	886578	0.0000034
all	1385	2	886578	0.0000023
all	1386	3	886578	0.0000034
all	1387	1	886578	0.0000011
all	1388	1	886578	0.0000011
all	1389	3	886578	0.0000034
all	1390	1	886578	0.0000011
all	1391	1	886578	0.0000011
all	1392	2	886578	0.0000023
all	1393	5	886578	0.0000056
all	1395	2	886578	0.0000023
all	1396	1	886578	0.0000011
all	1398	3	886578	0.0000034
all	1400	2	886578	0.0000023
all	1401	2	886578	0.0000023
all	1402	1	886578	0.0000011
all	1403	1	886578	0.0000011
all	1404	3	886578	0.0000034
all	1405	2	886578	0.0000023
all	1406	2	886578	0.0000023
all	1407	1	886578	0.0000011
all	1408	1	886578	0.0000011
all	1409	2	886578	0.0000023
all	1411	3	886578	0.0000034
all	1412	2	886578	0.0000023
all	1413	3	886578	0.0000034
all	1414	2	886578	0.0000023
all	1415	3	886578	0.0000034
all	1416	2	886578	0.0000023
all	1417	3	886578	0.0000034
all	1418	4	886578	0.0000045
all	1420	1	886578	0.0000011
all	1421	1	886578	0.0000011
all	1422	2	886578	0.0000023
all	1423	2	886578	0.0000023
all	1424	3	886578	0.0000034
all	1425	1	886578	0.0000011
all	1426	3	886578	0.0000034
all	1428	4	886578	0.0000045
all	1429	1	886578	0.0000011
all	1430	4	886578	0.0000045
all	1431	5	886578	0.0000056
all	1433	3	886578	0.0000034
all	1434	5	886578	0.0000056
all	1435	3	886578	0.0000034
all	1436	4	886578	0.0000045
all	1437	2	886578	0.0000023
all	1438	2	886578	0.0000023
all	1440	2	886578	0.0000023
all	1441	1	886578	0.0000011
all	1442	1	886578	0.0000011
all	1443	2	886578	0.0000023
all	1444	3	886578	0.0000034
all	1445	2	886578	0.0000023
all	1446	4	886578	0.0000045
all	1448	2	886578	0.0000023
all	1449	2	886578	0.0000023
all	1450	2	886578	0.0000023
all	1451	1	886578	0.0000011
all	1452	3	886578	0.0000034
all	1453	3	886578	0.0000034
all	1454	1	886578	0.0000011
all	1455	2	886578	0.0000023
all	1456	4	886578	0.0000045
all	1457	3	886578	0.0000034
all	1458	2	886578	0.0000023
all	1460	2	886578	0.0000023
all	1461	3	886578	0.0000034
all	1462	2	886578	0.0000023
all	1463	2	886578	0.0000023
all	1464	4	886578	0.0000045
all	1466	1	886578	0.0000011
all	1467	3	886578	0.0000034
all	1468	2	886578	0.0000023
all	1469	2	886578	0.0000023
all	1470	3	886578	0.0000034
all	1471	2	886578	0.0000023
all	1472	1	886578	0.0000011
all	1474	4	886578	0.0000045
all	1475	2	886578	0.0000023
all	1476	2	886578	0.0000023
all	1477	2	886578	0.0000023
all	1478	4	886578	0.0000045
all	1479	3	886578	0.0000034
all	1480	3	886578	0.0000034
all	1482	1	886578	0.0000011
all	1483	3	886578	0.0000034
all	1485	1	886578	0.0000011
all	1486	4	886578	0.0000045
all	1487	4	886578	0.0000045
all	1488	1	886578	0.0000011
all	1490	5	886578	0.0000056
all	1491	2	886578	0.0000023
all	1493	2	886578	0.0000023
all	1494	1	886578	0.0000011
all	1495	3	886578	0.0000034
all	1496	2	886578	0.0000023
all	1497	5	886578	0.0000056
all	1498	6	886578	0.0000068
all	1499	2	886578	0.0000023
all	1500	1	886578	0.0000011
all	1501	5	886578	0.0000056
all	1502	1	886578	0.0000011
all	1503	8	886578	0.0000090
all	1504	2	886578	0.0000023
all	1505	5	886578	0.0000056
all	1506	4	886578	0.0000045
all	1507	4	886578	0.0000045
all	1508	3	886578	0.0000034
all	1509	7	886578	0.0000079
all	1510	6	886578	0.0000068
all	1511	4	886578	0.0000045
all	1512	5	886578	0.0000056
all	1513	3	886578	0.0000034
all	1514	5	886578	0.0000056
all	1516	4	886578	0.0000045
all	1517	1	886578	0.0000011
all	1518	3	886578	0.0000034
all	1519	5	886578	0.0000056
all	1520	1	886578	0.0000011
all	1521	4	886578	0.0000045
all	1522	3	886578	0.0000034
all	1523	3	886578	0.0000034
all	1524	2	886578	0.0000023
all	1526	4	886578	0.0000045
all	1527	3	886578	0.0000034
all	1529	2	886578	0.0000023
all	1530	1	886578	0.0000011
all	1531	1	886578	0.0000011
all	1532	2	886578	0.0000023
all	1533	4	886578	0.0000045
all	1535	3	886578	0.0000034
all	1536	4	886578	0.0000045
all	1537	1	886578	0.0000011
all	1538	1	886578	0.0000011
all	1540	3	886578	0.0000034
all	1541	2	886578	0.0000023
all	1544	2	886578	0.0000023
all	1545	2	886578	0.0000023
all	1547	2	886578	0.0000023
all	1548	1	886578	0.0000011
all	1549	2	886578	0.0000023
all	1550	4	886578	0.0000045
all	1551	3	886578	0.0000034
all	1552	1	886578	0.0000011
all	1553	1	886578	0.0000011
all	1554	3	886578	0.0000034
all	1555	1	886578	0.0000011
all	1557	4	886578	0.0000045
all	1558	2	886578	0.0000023
all	1559	2	886578	0.0000023
all	1560	1	886578	0.0000011
all	1561	1	886578	0.0000011
all	1563	6	886578	0.0000068
all	1564	1	886578	0.0000011
all	1565	5	886578	0.0000056
all	1566	2	886578	0.0000023
all	1567	2	886578	0.0000023
all	1568	3	886578	0.0000034
all	1569	3	886578	0.0000034
all	1570	2	886578	0.0000023
all	1571	3	886578	0.0000034
all	1573	2	886578	0.0000023
all	1574	6	886578	0.0000068
all	1575	5	886578	0.0000056
all	1576	4	886578	0.0000045
all	1577	1	886578	0.0000011
all	1578	2	886578	0.0000023
all	1579	3	886578	0.0000034
all	1580	3	886578	0.0000034
all	1581	1	886578	0.0000011
all	1582	1	886578	0.0000011
all	1583	1	886578	0.0000011
all	1584	4	886578	0.0000045
all	1585	5	886578	0.0000056
all	1586	1	886578	0.0000011
all	1587	3	886578	0.0000034
all	1588	3	886578	0.0000034
all	1589	3	886578	0.0000034
all	1590	3	886578	0.0000034
all	1591	6	886578	0.0000068
all	1592	1	886578	0.0000011
all	1593	10	886578	0.0000113
all	1594	2	886578	0.0000023
all	1595	10	886578	0.0000113
all	1596	2	886578	0.0000023
all	1597	2	886578	0.0000023
all	1599	4	886578	0.0000045
all	1600	1	886578	0.0000011
all	1601	3	886578	0.0000034
all	1602	2	886578	0.0000023
all	1603	1	886578	0.0000011
all	1604	1	886578	0.0000011
all	1605	2	886578	0.0000023
all	1606	3	886578	0.0000034
all	1607	3	886578	0.0000034
all	1608	3	886578	0.0000034
all	1609	2	886578	0.0000023
all	1610	2	886578	0.0000023
all	1611	3	886578	0.0000034
all	1613	4	886578	0.0000045
all	1614	2	886578	0.0000023
all	1615	2	886578	0.0000023
all	1616	1	886578	0.0000011
all	1617	3	886578	0.0000034
all	1618	1	886578	0.0000011
all	1619	4	886578	0.0000045
all	1620	2	886578	0.0000023
all	1621	1	886578	0.0000011
all	1622	2	886578	0.0000023
all	1623	3	886578	0.0000034
all	1624	3	886578	0.0000034
all	1625	2	886578	0.0000023
all	1626	2	886578	0.0000023
all	1627	4	886578	0.0000045
all	1628	6	886578	0.0000068
all	1629	4	886578	0.0000045
all	1630	6	886578	0.0000068
all	1631	6	886578	0.0000068
all	1632	6	886578	0.0000068
all	1634	4	886578	0.0000045
all	1635	7	886578	0.0000079
all	1636	3	886578	0.0000034
all	1637	6	886578	0.0000068
all	1638	4	886578	0.0000045
all	1639	6	886578	0.0000068
all	1640	4	886578	0.0000045
all	1641	4	886578	0.0000045
all	1642	2	886578	0.0000023
all	1643	3	886578	0.0000034
all	1644	4	886578	0.0000045
all	1645	5	886578	0.0000056
all	1646	7	886578	0.0000079
all	1647	2	886578	0.0000023
all	1649	2	886578	0.0000023
all	1650	1	886578	0.0000011
all	1651	4	886578	0.0000045
all	1652	4	886578	0.0000045
all	1653	3	886578	0.0000034
all	1654	1	886578	0.0000011
all	1655	4	886578	0.0000045
all	1656	3	886578	0.0000034
all	1657	5	886578	0.0000056
all	1658	2	886578	0.0000023
all	1659	5	886578	0.0000056
all	1660	1	886578	0.0000011
all	1661	1	886578	0.0000011
all	1662	1	886578	0.0000011
all	1663	3	886578	0.0000034
all	1664	6	886578	0.0000068
all	1665	1	886578	0.0000011
all	1667	2	886578	0.0000023
all	1668	1	886578	0.0000011
all	1669	4	886578	0.0000045
all	1670	2	886578	0.0000023
all	1671	5	886578	0.0000056
all	1672	4	886578	0.0000045
all	1673	2	886578	0.0000023
all	1674	3	886578	0.0000034
all	1675	2	886578	0.0000023
all	1676	1	886578	0.0000011
all	1677	6	886578	0.0000068
all	1678	1	886578	0.0000011
all	1679	3	886578	0.0000034
all	1680	2	886578	0.0000023
all	1681	2	886578	0.0000023
all	1682	3	886578	0.0000034
all	1683	4	886578	0.0000045
all	1684	3	886578	0.0000034
all	1685	2	886578	0.0000023
all	1686	2	886578	0.0000023
all	1687	4	886578	0.0000045
all	1688	3	886578	0.0000034
all	1689	1	886578	0.0000011
all	1690	3	886578	0.0000034
all	1691	2	886578	0.0000023
all	1692	3	886578	0.0000034
all	1693	3	886578	0.0000034
all	1694	2	886578	0.0000023
all	1695	2	886578	0.0000023
all	1696	4	886578	0.0000045
all	1697	3	886578	0.0000034
all	1698	3	886578	0.0000034
all	1699	4	886578	0.0000045
all	1700	4	886578	0.0000045
all	1701	1	886578	0.0000011
all	1702	1	886578	0.0000011
all	1703	1	886578	0.0000011
all	1704	2	886578	0.0000023
all	1705	3	886578	0.0000034
all	1707	1	886578	0.0000011
all	1708	1	886578	0.0000011
all	1709	5	886578	0.0000056
all	1710	2	886578	0.0000023
all	1711	2	886578	0.0000023
all	1714	1	886578	0.0000011
all	1715	2	886578	0.0000023
all	1717	2	886578	0.0000023
all	1718	4	886578	0.0000045
all	1719	2	886578	0.0000023
all	1722	1	886578	0.0000011
all	1723	1	886578	0.0000011
all	1724	2	886578	0.0000023
all	1725	2	886578	0.0000023
all	1726	2	886578	0.0000023
all	1727	1	886578	0.0000011
all	1728	2	886578	0.0000023
all	1729	1	886578	0.0000011
all	1730	1	886578	0.0000011
all	1731	2	886578	0.0000023
all	1732	5	886578	0.0000056
all	1733	2	886578	0.0000023
all	1735	4	886578	0.0000045
all	1736	2	886578	0.0000023
all	1737	3	886578	0.0000034
all	1738	1	886578	0.0000011
all	1739	1	886578	0.0000011
all	1741	2	886578	0.0000023
all	1742	1	886578	0.0000011
all	1743	2	886578	0.0000023
all	1744	4	886578	0.0000045
all	1745	5	886578	0.0000056
all	1746	2	886578	0.0000023
all	1747	2	886578	0.0000023
all	1748	1	886578	0.0000011
all	1749	1	886578	0.0000011
all	1750	5	886578	0.0000056
all	1751	3	886578	0.0000034
all	1755	5	886578	0.0000056
all	1756	1	886578	0.0000011
all	1757	3	886578	0.0000034
all	1758	1	886578	0.0000011
all	1759	3	886578	0.0000034
all	1762	2	886578	0.0000023
all	1763	3	886578	0.0000034
all	1764	1	886578	0.0000011
all	1765	3	886578	0.0000034
all	1766	1	886578	0.0000011
all	1767	3	886578	0.0000034
all	1768	6	886578	0.0000068
all	1769	2	886578	0.0000023
all	1770	5	886578	0.0000056
all	1771	2	886578	0.0000023
all	1772	2	886578	0.0000023
all	1773	3	886578	0.0000034
all	1774	4	886578	0.0000045
all	1775	2	886578	0.0000023
all	1776	7	886578	0.0000079
all	1777	5	886578	0.0000056
all	1778	2	886578	0.0000023
all	1779	3	886578	0.0000034
all	1780	3	886578	0.0000034
all	1781	3	886578	0.0000034
all	1782	1	886578	0.0000011
all	1784	1	886578	0.0000011
all	1785	3	886578	0.0000034
all	1786	2	886578	0.0000023
all	1787	1	886578	0.0000011
all	1788	6	886578	0.0000068
all	1789	2	886578	0.0000023
all	1791	2	886578	0.0000023
all	1792	1	886578	0.0000011
all	1793	6	886578	0.0000068
all	1794	1	886578	0.0000011
all	1795	1	886578	0.0000011
all	1797	1	886578	0.0000011
all	1798	2	886578	0.0000023
all	1799	2	886578	0.0000023
all	1800	3	886578	0.0000034
all	1801	2	886578	0.0000023
all	1802	1	886578	0.0000011
all	1804	4	886578	0.0000045
all	1805	1	886578	0.0000011
all	1808	3	886578	0.0000034
all	1809	1	886578	0.0000011
all	1810	3	886578	0.0000034
all	1812	2	886578	0.0000023
all	1813	1	886578	0.0000011
all	1814	3	886578	0.0000034
all	1816	4	886578	0.0000045
all	1817	4	886578	0.0000045
all	1818	4	886578	0.0000045
all	1819	3	886578	0.0000034
all	1820	2	886578	0.0000023
all	1822	3	886578	0.0000034
all	1823	3	886578	0.0000034
all	1824	2	886578	0.0000023
all	1825	1	886578	0.0000011
all	1826	2	886578	0.0000023
all	1827	3	886578	0.0000034
all	1828	2	886578	0.0000023
all	1830	3	886578	0.0000034
all	1831	2	886578	0.0000023
all	1832	4	886578	0.0000045
all	1833	2	886578	0.0000023
all	1836	3	886578	0.0000034
all	1838	3	886578	0.0000034
all	1840	2	886578	0.0000023
all	1842	5	886578	0.0000056
all	1843	1	886578	0.0000011
all	1844	3	886578	0.0000034
all	1845	5	886578	0.0000056
all	1846	1	886578	0.0000011
all	1850	5	886578	0.0000056
all	1851	1	886578	0.0000011
all	1852	1	886578	0.0000011
all	1854	3	886578	0.0000034
all	1855	1	886578	0.0000011
all	1856	1	886578	0.0000011
all	1857	2	886578	0.0000023
all	1858	2	886578	0.0000023
all	1859	3	886578	0.0000034
all	1860	3	886578	0.0000034
all	1863	2	886578	0.0000023
all	1865	3	886578	0.0000034
all	1866	1	886578	0.0000011
all	1869	1	886578	0.0000011
all	1870	1	886578	0.0000011
all	1871	4	886578	0.0000045
all	1872	2	886578	0.0000023
all	1873	2	886578	0.0000023
all	1875	1	886578	0.0000011
all	1876	5	886578	0.0000056
all	1877	1	886578	0.0000011
all	1878	1	886578	0.0000011
all	1879	2	886578	0.0000023
all	1880	1	886578	0.0000011
all	1881	2	886578	0.0000023
all	1882	3	886578	0.0000034
all	1883	3	886578	0.0000034
all	1885	2	886578	0.0000023
all	1886	2	886578	0.0000023
all	1887	3	886578	0.0000034
all	1888	1	886578	0.0000011
all	1889	3	886578	0.0000034
all	1890	1	886578	0.0000011
all	1891	4	886578	0.0000045
all	1892	4	886578	0.0000045
all	1893	1	886578	0.0000011
all	1894	2	886578	0.0000023
all	1895	2	886578	0.0000023
all	1897	2	886578	0.0000023
all	1898	1	886578	0.0000011
all	1899	1	886578	0.0000011
all	1900	1	886578	0.0000011
all	1902	4	886578	0.0000045
all	1903	1	886578	0.0000011
all	1905	4	886578	0.0000045
all	1906	3	886578	0.0000034
all	1908	3	886578	0.0000034
all	1909	3	886578	0.0000034
all	1910	1	886578	0.0000011
all	1911	1	886578	0.0000011
all	1912	1	886578	0.0000011
all	1914	1	886578	0.0000011
all	1915	1	886578	0.0000011
all	1916	3	886578	0.0000034
all	1918	1	886578	0.0000011
all	1920	3	886578	0.0000034
all	1921	1	886578	0.0000011
all	1922	1	886578	0.0000011
all	1923	3	886578	0.0000034
all	1924	3	886578	0.0000034
all	1925	2	886578	0.0000023
all	1926	1	886578	0.0000011
all	1927	1	886578	0.0000011
all	1928	3	886578	0.0000034
all	1929	3	886578	0.0000034
all	1930	2	886578	0.0000023
all	1931	1	886578	0.0000011
all	1932	3	886578	0.0000034
all	1934	1	886578	0.0000011
all	1936	1	886578	0.0000011
all	1937	5	886578	0.0000056
all	1938	3	886578	0.0000034
all	1939	3	886578	0.0000034
all	1940	2	886578	0.0000023
all	1941	2	886578	0.0000023
all	1942	1	886578	0.0000011
all	1943	2	886578	0.0000023
all	1944	3	886578	0.0000034
all	1945	6	886578	0.0000068
all	1948	2	886578	0.0000023
all	1949	2	886578	0.0000023
all	1950	1	886578	0.0000011
all	1951	1	886578	0.0000011
all	1952	1	886578	0.0000011
all	1953	1	886578	0.0000011
all	1954	2	886578	0.0000023
all	1955	3	886578	0.0000034
all	1956	2	886578	0.0000023
all	1957	2	886578	0.0000023
all	1958	2	886578	0.0000023
all	1960	1	886578	0.0000011
all	1962	1	886578	0.0000011
all	1963	6	886578	0.0000068
all	1964	3	886578	0.0000034
all	1965	3	886578	0.0000034
all	1966	1	886578	0.0000011
all	1967	6	886578	0.0000068
all	1968	2	886578	0.0000023
all	1969	2	886578	0.0000023
all	1970	5	886578	0.0000056
all	1974	2	886578	0.0000023
all	1975	5	886578	0.0000056
all	1976	1	886578	0.0000011
all	1977	1	886578	0.0000011
all	1979	1	886578	0.0000011
all	1982	2	886578	0.0000023
all	1983	1	886578	0.0000011
all	1984	1	886578	0.0000011
all	1985	1	886578	0.0000011
all	1986	2	886578	0.0000023
all	1987	1	886578	0.0000011
all	1988	2	886578	0.0000023
all	1989	3	886578	0.0000034
all	1990	2	886578	0.0000023
all	1991	1	886578	0.0000011
all	1992	2	886578	0.0000023
all	1993	1	886578	0.0000011
all	1994	3	886578	0.0000034
all	1995	1	886578	0.0000011
all	1996	1	886578	0.0000011
all	1999	2	886578	0.0000023
all	2001	3	886578	0.0000034
all	2002	3	886578	0.0000034
all	2003	2	886578	0.0000023
all	2005	2	886578	0.0000023
all	2007	2	886578	0.0000023
all	2008	3	886578	0.0000034
all	2009	2	886578	0.0000023
all	2010	4	886578	0.0000045
all	2011	4	886578	0.0000045
all	2012	4	886578	0.0000045
all	2013	4	886578	0.0000045
all	2014	1	886578	0.0000011
all	2016	4	886578	0.0000045
all	2017	4	886578	0.0000045
all	2018	2	886578	0.0000023
all	2020	2	886578	0.0000023
all	2021	1	886578	0.0000011
all	2022	1	886578	0.0000011
all	2023	4	886578	0.0000045
all	2024	1	886578	0.0000011
all	2025	2	886578	0.0000023
all	2026	3	886578	0.0000034
all	2028	1	886578	0.0000011
all	2029	1	886578	0.0000011
all	2030	2	886578	0.0000023
all	2031	2	886578	0.0000023
all	2032	1	886578	0.0000011
all	2033	2	886578	0.0000023
all	2034	3	886578	0.0000034
all	2035	3	886578	0.0000034
all	2036	3	886578	0.0000034
all	2037	3	886578	0.0000034
all	2038	5	886578	0.0000056
all	2039	3	886578	0.0000034
all	2040	2	886578	0.0000023
all	2041	2	886578	0.0000023
all	2042	1	886578	0.0000011
all	2043	1	886578	0.0000011
all	2044	1	886578	0.0000011
all	2045	3	886578	0.0000034
all	2046	3	886578	0.0000034
all	2047	2	886578	0.0000023
all	2048	2	886578	0.0000023
all	2049	1	886578	0.0000011
all	2050	2	886578	0.0000023
all	2051	6	886578	0.0000068
all	2052	1	886578	0.0000011
all	2053	1	886578	0.0000011
all	2054	2	886578	0.0000023
all	2055	3	886578	0.0000034
all	2056	3	886578	0.0000034
all	2057	3	886578	0.0000034
all	2058	3	886578	0.0000034
all	2059	3	886578	0.0000034
all	2060	1	886578	0.0000011
all	2061	2	886578	0.0000023
all	2062	2	886578	0.0000023
all	2063	2	886578	0.0000023
all	2064	1	886578	0.0000011
all	2065	1	886578	0.0000011
all	2066	1	886578	0.0000011
all	2067	1	886578	0.0000011
all	2068	3	886578	0.0000034
all	2069	3	886578	0.0000034
all	2070	2	886578	0.0000023
all	2071	3	886578	0.0000034
all	2072	2	886578	0.0000023
all	2073	2	886578	0.0000023
all	2074	4	886578	0.0000045
all	2075	3	886578	0.0000034
all	2076	4	886578	0.0000045
all	2077	1	886578	0.0000011
all	2078	3	886578	0.0000034
all	2079	1	886578	0.0000011
all	2080	2	886578	0.0000023
all	2081	2	886578	0.0000023
all	2082	1	886578	0.0000011
all	2083	3	886578	0.0000034
all	2084	1	886578	0.0000011
all	2085	1	886578	0.0000011
all	2086	1	886578	0.0000011
all	2087	1	886578	0.0000011
all	2088	1	886578	0.0000011
all	2090	1	886578	0.0000011
all	2091	1	886578	0.0000011
all	2092	1	886578	0.0000011
all	2093	1	886578	0.0000011
all	2094	1	886578	0.0000011
all	2095	1	886578	0.0000011
all	2097	1	886578	0.0000011
all	2099	2	886578	0.0000023
all	2100	3	886578	0.0000034
all	2102	3	886578	0.0000034
all	2103	4	886578	0.0000045
all	2104	2	886578	0.0000023
all	2105	1	886578	0.0000011
all	2106	2	886578	0.0000023
all	2107	1	886578	0.0000011
all	2108	2	886578	0.0000023
all	2110	2	886578	0.0000023
all	2111	1	886578	0.0000011
all	2112	3	886578	0.0000034
all	2113	2	886578	0.0000023
all	2114	3	886578	0.0000034
all	2116	2	886578	0.0000023
all	2117	1	886578	0.0000011
all	2119	1	886578	0.0000011
all	2120	2	886578	0.0000023
all	2121	5	886578	0.0000056
all	2122	1	886578	0.0000011
all	2123	4	886578	0.0000045
all	2124	1	886578	0.0000011
all	2125	1	886578	0.0000011
all	2126	1	886578	0.0000011
all	2127	1	886578	0.0000011
all	2128	3	886578	0.0000034
all	2129	4	886578	0.0000045
all	2131	2	886578	0.0000023
all	2132	1	886578	0.0000011
all	2133	2	886578	0.0000023
all	2134	2	886578	0.0000023
all	2135	3	886578	0.0000034
all	2136	2	886578	0.0000023
all	2137	2	886578	0.0000023
all	2138	1	886578	0.0000011
all	2139	1	886578	0.0000011
all	2140	1	886578	0.0000011
all	2141	4	886578	0.0000045
all	2142	1	886578	0.0000011
all	2143	2	886578	0.0000023
all	2144	2	886578	0.0000023
all	2145	1	886578	0.0000011
all	2146	3	886578	0.0000034
all	2147	2	886578	0.0000023
all	2148	2	886578	0.0000023
all	2149	3	886578	0.0000034
all	2150	3	886578	0.0000034
all	2151	1	886578	0.0000011
all	2152	1	886578	0.0000011
all	2153	1	886578	0.0000011
all	2154	2	886578	0.0000023
all	2155	4	886578	0.0000045
all	2158	1	886578	0.0000011
all	2159	3	886578	0.0000034
all	2160	1	886578	0.0000011
all	2162	1	886578	0.0000011
all	2163	1	886578	0.0000011
all	2164	2	886578	0.0000023
all	2165	1	886578	0.0000011
all	2166	3	886578	0.0000034
all	2167	4	886578	0.0000045
all	2168	1	886578	0.0000011
all	2169	2	886578	0.0000023
all	2170	1	886578	0.0000011
all	2171	1	886578	0.0000011
all	2172	1	886578	0.0000011
all	2173	2	886578	0.0000023
all	2174	1	886578	0.0000011
all	2176	4	886578	0.0000045
all	2178	3	886578	0.0000034
all	2179	1	886578	0.0000011
all	2182	3	886578	0.0000034
all	2183	1	886578	0.0000011
all	2184	3	886578	0.0000034
all	2185	2	886578	0.0000023
all	2186	1	886578	0.0000011
all	2188	3	886578	0.0000034
all	2189	2	886578	0.0000023
all	2190	2	886578	0.0000023
all	2191	3	886578	0.0000034
all	2192	3	886578	0.0000034
all	2193	1	886578	0.0000011
all	2195	1	886578	0.0000011
all	2196	4	886578	0.0000045
all	2197	3	886578	0.0000034
all	2199	3	886578	0.0000034
all	2200	1	886578	0.0000011
all	2201	2	886578	0.0000023
all	2202	2	886578	0.0000023
all	2203	2	886578	0.0000023
all	2205	3	886578	0.0000034
all	2207	4	886578	0.0000045
all	2208	4	886578	0.0000045
all	2209	1	886578	0.0000011
all	2211	2	886578	0.0000023
all	2212	2	886578	0.0000023
all	2213	1	886578	0.0000011
all	2214	2	886578	0.0000023
all	2215	3	886578	0.0000034
all	2216	3	886578	0.0000034
all	2217	1	886578	0.0000011
all	2218	3	886578	0.0000034
all	2220	4	886578	0.0000045
all	2221	2	886578	0.0000023
all	2222	1	886578	0.0000011
all	2223	1	886578	0.0000011
all	2226	1	886578	0.0000011
all	2227	1	886578	0.0000011
all	2228	3	886578	0.0000034
all	2229	1	886578	0.0000011
all	2230	3	886578	0.0000034
all	2232	6	886578	0.0000068
all	2233	5	886578	0.0000056
all	2234	4	886578	0.0000045
all	2236	1	886578	0.0000011
all	2237	2	886578	0.0000023
all	2238	2	886578	0.0000023
all	2239	1	886578	0.0000011
all	2240	1	886578	0.0000011
all	2241	3	886578	0.0000034
all	2242	3	886578	0.0000034
all	2243	3	886578	0.0000034
all	2244	1	886578	0.0000011
all	2245	2	886578	0.0000023
all	2247	3	886578	0.0000034
all	2248	1	886578	0.0000011
all	2249	3	886578	0.0000034
all	2250	2	886578	0.0000023
all	2251	1	886578	0.0000011
all	2252	2	886578	0.0000023
all	2253	2	886578	0.0000023
all	2254	4	886578	0.0000045
all	2255	4	886578	0.0000045
all	2256	2	886578	0.0000023
all	2257	3	886578	0.0000034
all	2258	1	886578	0.0000011
all	2259	2	886578	0.0000023
all	2260	1	886578	0.0000011
all	2261	5	886578	0.0000056
all	2262	3	886578	0.0000034
all	2263	2	886578	0.0000023
all	2264	4	886578	0.0000045
all	2265	4	886578	0.0000045
all	2266	3	886578	0.0000034
all	2267	3	886578	0.0000034
all	2269	3	886578	0.0000034
all	2270	4	886578	0.0000045
all	2271	3	886578	0.0000034
all	2272	1	886578	0.0000011
all	2273	2	886578	0.0000023
all	2275	2	886578	0.0000023
all	2276	2	886578	0.0000023
all	2277	1	886578	0.0000011
all	2278	1	886578	0.0000011
all	2279	2	886578	0.0000023
all	2280	2	886578	0.0000023
all	2282	2	886578	0.0000023
all	2283	1	886578	0.0000011
all	2284	1	886578	0.0000011
all	2285	1	886578	0.0000011
all	2286	2	886578	0.0000023
all	2287	2	886578	0.0000023
all	2288	1	886578	0.0000011
all	2289	2	886578	0.0000023
all	2290	2	886578	0.0000023
all	2291	4	886578	0.0000045
all	2292	1	886578	0.0000011
all	2293	2	886578	0.0000023
all	2294	2	886578	0.0000023
all	2295	2	886578	0.0000023
all	2296	1	886578	0.0000011
all	2297	2	886578	0.0000023
all	2298	3	886578	0.0000034
all	2299	3	886578	0.0000034
all	2300	2	886578	0.0000023
all	2301	1	886578	0.0000011
all	2302	3	886578	0.0000034
all	2303	6	886578	0.0000068
all	2304	1	886578	0.0000011
all	2305	2	886578	0.0000023
all	2307	1	886578	0.0000011
all	2309	1	886578	0.0000011
all	2310	4	886578	0.0000045
all	2312	2	886578	0.0000023
all	2315	2	886578	0.0000023
all	2316	1	886578	0.0000011
all	2317	2	886578	0.0000023
all	2319	1	886578	0.0000011
all	2320	2	886578	0.0000023
all	2321	1	886578	0.0000011
all	2322	2	886578	0.0000023
all	2323	1	886578	0.0000011
all	2324	1	886578	0.0000011
all	2325	2	886578	0.0000023
all	2326	3	886578	0.0000034
all	2327	2	886578	0.0000023
all	2329	2	886578	0.0000023
all	2330	1	886578	0.0000011
all	2331	3	886578	0.0000034
all	2332	2	886578	0.0000023
all	2333	2	886578	0.0000023
all	2334	1	886578	0.0000011
all	2335	2	886578	0.0000023
all	2336	1	886578	0.0000011
all	2337	1	886578	0.0000011
all	2338	2	886578	0.0000023
all	2339	1	886578	0.0000011
all	2340	4	886578	0.0000045
all	2341	4	886578	0.0000045
all	2342	1	886578	0.0000011
all	2343	4	886578	0.0000045
all	2344	1	886578	0.0000011
all	2345	3	886578	0.0000034
all	2346	1	886578	0.0000011
all	2347	2	886578	0.0000023
all	2348	4	886578	0.0000045
all	2349	2	886578	0.0000023
all	2350	1	886578	0.0000011
all	2351	3	886578	0.0000034
all	2353	1	886578	0.0000011
all	2354	2	886578	0.0000023
all	2356	1	886578	0.0000011
all	2357	1	886578	0.0000011
all	2358	1	886578	0.0000011
all	2359	2	886578	0.0000023
all	2360	2	886578	0.0000023
all	2361	1	886578	0.0000011
all	2362	3	886578	0.0000034
all	2363	3	886578	0.0000034
all	2365	2	886578	0.0000023
all	2366	1	886578	0.0000011
all	2367	1	886578	0.0000011
all	2368	3	886578	0.0000034
all	2369	4	886578	0.0000045
all	2370	1	886578	0.0000011
all	2371	1	886578	0.0000011
all	2372	1	886578	0.0000011
all	2373	3	886578	0.0000034
all	2374	1	886578	0.0000011
all	2376	1	886578	0.0000011
all	2377	4	886578	0.0000045
all	2379	4	886578	0.0000045
all	2380	1	886578	0.0000011
all	2381	3	886578	0.0000034
all	2382	3	886578	0.0000034
all	2383	1	886578	0.0000011
all	2384	2	886578	0.0000023
all	2386	3	886578	0.0000034
all	2387	5	886578	0.0000056
all	2388	9	886578	0.0000102
all	2389	2	886578	0.0000023
all	2391	3	886578	0.0000034
all	2393	1	886578	0.0000011
all	2394	2	886578	0.0000023
all	2396	4	886578	0.0000045
all	2398	2	886578	0.0000023
all	2399	1	886578	0.0000011
all	2400	2	886578	0.0000023
all	2402	2	886578	0.0000023
all	2404	3	886578	0.0000034
all	2405	1	886578	0.0000011
all	2406	3	886578	0.0000034
all	2408	1	886578	0.0000011
all	2409	1	886578	0.0000011
all	2410	2	886578	0.0000023
all	2411	2	886578	0.0000023
all	2412	2	886578	0.0000023
all	2413	5	886578	0.0000056
all	2414	2	886578	0.0000023
all	2415	1	886578	0.0000011
all	2416	2	886578	0.0000023
all	2417	2	886578	0.0000023
all	2418	2	886578	0.0000023
all	2419	3	886578	0.0000034
all	2420	1	886578	0.0000011
all	2421	3	886578	0.0000034
all	2423	2	886578	0.0000023
all	2424	2	886578	0.0000023
all	2425	1	886578	0.0000011
all	2426	5	886578	0.0000056
all	2427	2	886578	0.0000023
all	2428	3	886578	0.0000034
all	2429	3	886578	0.0000034
all	2430	1	886578	0.0000011
all	2431	6	886578	0.0000068
all	2432	1	886578	0.0000011
all	2433	1	886578	0.0000011
all	2434	2	886578	0.0000023
all	2435	1	886578	0.0000011
all	2436	1	886578	0.0000011
all	2437	3	886578	0.0000034
all	2438	2	886578	0.0000023
all	2439	2	886578	0.0000023
all	2441	2	886578	0.0000023
all	2443	1	886578	0.0000011
all	2444	4	886578	0.0000045
all	2445	2	886578	0.0000023
all	2447	2	886578	0.0000023
all	2448	2	886578	0.0000023
all	2449	1	886578	0.0000011
all	2450	3	886578	0.0000034
all	2451	3	886578	0.0000034
all	2452	5	886578	0.0000056
all	2453	1	886578	0.0000011
all	2455	3	886578	0.0000034
all	2456	1	886578	0.0000011
all	2457	4	886578	0.0000045
all	2458	2	886578	0.0000023
all	2459	1	886578	0.0000011
all	2460	3	886578	0.0000034
all	2461	3	886578	0.0000034
all	2462	2	886578	0.0000023
all	2463	3	886578	0.0000034
all	2464	2	886578	0.0000023
all	2465	1	886578	0.0000011
all	2466	2	886578	0.0000023
all	2468	3	886578	0.0000034
all	2469	2	886578	0.0000023
all	2470	4	886578	0.0000045
all	2471	5	886578	0.0000056
all	2472	2	886578	0.0000023
all	2475	2	886578	0.0000023
all	2476	2	886578	0.0000023
all	2477	2	886578	0.0000023
all	2478	2	886578	0.0000023
all	2479	1	886578	0.0000011
all	2481	2	886578	0.0000023
all	2482	3	886578	0.0000034
all	2483	2	886578	0.0000023
all	2484	1	886578	0.0000011
all	2485	2	886578	0.0000023
all	2486	3	886578	0.0000034
all	2487	1	886578	0.0000011
all	2489	3	886578	0.0000034
all	2490	2	886578	0.0000023
all	2491	1	886578	0.0000011
all	2492	3	886578	0.0000034
all	2494	3	886578	0.0000034
all	2495	1	886578	0.0000011
all	2496	1	886578	0.0000011
all	2497	1	886578	0.0000011
all	2498	3	886578	0.0000034
all	2500	1	886578	0.0000011
all	2502	1	886578	0.0000011
all	2503	1	886578	0.0000011
all	2504	3	886578	0.0000034
all	2505	2	886578	0.0000023
all	2506	2	886578	0.0000023
all	2507	1	886578	0.0000011
all	2509	2	886578	0.0000023
all	2510	1	886578	0.0000011
all	2511	1	886578	0.0000011
all	2513	1	886578	0.0000011
all	2514	3	886578	0.0000034
all	2515	2	886578	0.0000023
all	2516	3	886578	0.0000034
all	2518	2	886578	0.0000023
all	2519	4	886578	0.0000045
all	2520	1	886578	0.0000011
all	2521	4	886578	0.0000045
all	2523	1	886578	0.0000011
all	2524	2	886578	0.0000023
all	2525	5	886578	0.0000056
all	2526	2	886578	0.0000023
all	2527	1	886578	0.0000011
all	2528	3	886578	0.0000034
all	2530	2	886578	0.0000023
all	2531	3	886578	0.0000034
all	2532	3	886578	0.0000034
all	2533	1	886578	0.0000011
all	2534	2	886578	0.0000023
all	2535	2	886578	0.0000023
all	2537	3	886578	0.0000034
all	2538	1	886578	0.0000011
all	2539	4	886578	0.0000045
all	2540	1	886578	0.0000011
all	2542	2	886578	0.0000023
all	2544	3	886578	0.0000034
all	2545	2	886578	0.0000023
all	2546	4	886578	0.0000045
all	2548	2	886578	0.0000023
all	2550	2	886578	0.0000023
all	2551	1	886578	0.0000011
all	2552	1	886578	0.0000011
all	2553	4	886578	0.0000045
all	2554	2	886578	0.0000023
all	2555	1	886578	0.0000011
all	2557	2	886578	0.0000023
all	2558	4	886578	0.0000045
all	2560	3	886578	0.0000034
all	2561	3	886578	0.0000034
all	2562	3	886578	0.0000034
all	2564	6	886578	0.0000068
all	2566	6	886578	0.0000068
all	2567	2	886578	0.0000023
all	2568	5	886578	0.0000056
all	2569	3	886578	0.0000034
all	2570	3	886578	0.0000034
all	2571	2	886578	0.0000023
all	2572	2	886578	0.0000023
all	2573	5	886578	0.0000056
all	2574	4	886578	0.0000045
all	2575	5	886578	0.0000056
all	2576	2	886578	0.0000023
all	2577	1	886578	0.0000011
all	2578	3	886578	0.0000034
all	2579	3	886578	0.0000034
all	2580	2	886578	0.0000023
all	2582	2	886578	0.0000023
all	2583	14	886578	0.0000158
all	2584	2	886578	0.0000023
all	2586	1	886578	0.0000011
all	2587	3	886578	0.0000034
all	2588	3	886578	0.0000034
all	2589	1	886578	0.0000011
all	2590	3	886578	0.0000034
all	2591	1	886578	0.0000011
all	2592	2	886578	0.0000023
all	2593	2	886578	0.0000023
all	2594	3	886578	0.0000034
all	2595	2	886578	0.0000023
all	2596	3	886578	0.0000034
all	2597	2	886578	0.0000023
all	2598	6	886578	0.0000068
all	2599	6	886578	0.0000068
all	2600	5	886578	0.0000056
all	2601	4	886578	0.0000045
all	2602	4	886578	0.0000045
all	2603	1	886578	0.0000011
all	2604	6	886578	0.0000068
all	2606	2	886578	0.0000023
all	2607	2	886578	0.0000023
all	2608	4	886578	0.0000045
all	2609	4	886578	0.0000045
all	2610	1	886578	0.0000011
all	2611	1	886578	0.0000011
all	2613	3	886578	0.0000034
all	2615	1	886578	0.0000011
all	2616	2	886578	0.0000023
all	2617	1	886578	0.0000011
all	2618	3	886578	0.0000034
all	2619	4	886578	0.0000045
all	2621	3	886578	0.0000034
all	2622	1	886578	0.0000011
all	2623	1	886578	0.0000011
all	2624	1	886578	0.0000011
all	2625	1	886578	0.0000011
all	2626	1	886578	0.0000011
all	2627	1	886578	0.0000011
all	2628	1	886578	0.0000011
all	2630	2	886578	0.0000023
all	2631	2	886578	0.0000023
all	2633	2	886578	0.0000023
all	2635	3	886578	0.0000034
all	2636	1	886578	0.0000011
all	2637	3	886578	0.0000034
all	2638	1	886578	0.0000011
all	2639	2	886578	0.0000023
all	2640	2	886578	0.0000023
all	2641	1	886578	0.0000011
all	2642	2	886578	0.0000023
all	2643	3	886578	0.0000034
all	2644	1	886578	0.0000011
all	2645	1	886578	0.0000011
all	2646	1	886578	0.0000011
all	2647	2	886578	0.0000023
all	2649	1	886578	0.0000011
all	2650	1	886578	0.0000011
all	2651	1	886578	0.0000011
all	2652	1	886578	0.0000011
all	2653	3	886578	0.0000034
all	2654	3	886578	0.0000034
all	2655	2	886578	0.0000023
all	2656	1	886578	0.0000011
all	2659	2	886578	0.0000023
all	2660	2	886578	0.0000023
all	2661	1	886578	0.0000011
all	2662	2	886578	0.0000023
all	2663	1	886578	0.0000011
all	2664	1	886578	0.0000011
all	2668	1	886578	0.0000011
all	2670	1	886578	0.0000011
all	2672	2	886578	0.0000023
all	2674	1	886578	0.0000011
all	2676	1	886578	0.0000011
all	2677	1	886578	0.0000011
all	2678	1	886578	0.0000011
all	2679	1	886578	0.0000011
all	2680	1	886578	0.0000011
all	2682	1	886578	0.0000011
all	2683	1	886578	0.0000011
all	2684	2	886578	0.0000023
all	2685	1	886578	0.0000011
all	2686	1	886578	0.0000011
all	2688	1	886578	0.0000011
all	2689	3	886578	0.0000034
all	2690	1	886578	0.0000011
all	2691	1	886578	0.0000011
all	2693	1	886578	0.0000011
all	2694	2	886578	0.0000023
all	2695	1	886578	0.0000011
all	2696	1	886578	0.0000011
all	2697	1	886578	0.0000011
all	2698	1	886578	0.0000011
all	2700	2	886578	0.0000023
all	2701	1	886578	0.0000011
all	2703	2	886578	0.0000023
all	2707	1	886578	0.0000011
all	2708	1	886578	0.0000011
all	2709	1	886578	0.0000011
all	2711	2	886578	0.0000023
all	2712	3	886578	0.0000034
all	2713	1	886578	0.0000011
all	2714	1	886578	0.0000011
all	2715	2	886578	0.0000023
all	2716	1	886578	0.0000011
all	2717	1	886578	0.0000011
all	2718	3	886578	0.0000034
all	2719	1	886578	0.0000011
all	2720	1	886578	0.0000011
all	2721	2	886578	0.0000023
all	2722	4	886578	0.0000045
all	2723	1	886578	0.0000011
all	2724	1	886578	0.0000011
all	2727	1	886578	0.0000011
all	2728	2	886578	0.0000023
all	2729	1	886578	0.0000011
all	2730	1	886578	0.0000011
all	2731	1	886578	0.0000011
all	2732	1	886578	0.0000011
all	2733	2	886578	0.0000023
all	2735	1	886578	0.0000011
all	2736	1	886578	0.0000011
all	2737	2	886578	0.0000023
all	2738	1	886578	0.0000011
all	2741	3	886578	0.0000034
all	2742	2	886578	0.0000023
all	2743	2	886578	0.0000023
all	2744	1	886578	0.0000011
all	2745	3	886578	0.0000034
all	2746	1	886578	0.0000011
all	2747	3	886578	0.0000034
all	2748	4	886578	0.0000045
all	2749	2	886578	0.0000023
all	2750	3	886578	0.0000034
all	2751	1	886578	0.0000011
all	2752	1	886578	0.0000011
all	2754	1	886578	0.0000011
all	2755	1	886578	0.0000011
all	2756	4	886578	0.0000045
all	2757	1	886578	0.0000011
all	2759	2	886578	0.0000023
all	2760	2	886578	0.0000023
all	2762	3	886578	0.0000034
all	2763	1	886578	0.0000011
all	2764	2	886578	0.0000023
all	2765	2	886578	0.0000023
all	2767	1	886578	0.0000011
all	2768	1	886578	0.0000011
all	2769	1	886578	0.0000011
all	2771	2	886578	0.0000023
all	2773	1	886578	0.0000011
all	2775	1	886578	0.0000011
all	2777	2	886578	0.0000023
all	2778	2	886578	0.0000023
all	2779	3	886578	0.0000034
all	2780	1	886578	0.0000011
all	2781	1	886578	0.0000011
all	2782	3	886578	0.0000034
all	2783	1	886578	0.0000011
all	2784	1	886578	0.0000011
all	2785	1	886578	0.0000011
all	2786	1	886578	0.0000011
all	2787	1	886578	0.0000011
all	2788	4	886578	0.0000045
all	2789	5	886578	0.0000056
all	2790	5	886578	0.0000056
all	2792	4	886578	0.0000045
all	2795	8	886578	0.0000090
all	2796	2	886578	0.0000023
all	2797	3	886578	0.0000034
all	2798	1	886578	0.0000011
all	2799	2	886578	0.0000023
all	2800	2	886578	0.0000023
all	2801	1	886578	0.0000011
all	2802	4	886578	0.0000045
all	2803	2	886578	0.0000023
all	2804	3	886578	0.0000034
all	2806	2	886578	0.0000023
all	2807	5	886578	0.0000056
all	2809	2	886578	0.0000023
all	2810	2	886578	0.0000023
all	2811	1	886578	0.0000011
all	2813	2	886578	0.0000023
all	2814	1	886578	0.0000011
all	2815	2	886578	0.0000023
all	2816	2	886578	0.0000023
all	2818	2	886578	0.0000023
all	2819	4	886578	0.0000045
all	2821	1	886578	0.0000011
all	2822	1	886578	0.0000011
all	2823	1	886578	0.0000011
all	2824	3	886578	0.0000034
all	2825	3	886578	0.0000034
all	2826	2	886578	0.0000023
all	2827	3	886578	0.0000034
all	2828	5	886578	0.0000056
all	2831	2	886578	0.0000023
all	2833	1	886578	0.0000011
all	2835	1	886578	0.0000011
all	2836	1	886578	0.0000011
all	2837	1	886578	0.0000011
all	2840	1	886578	0.0000011
all	2844	2	886578	0.0000023
all	2845	1	886578	0.0000011
all	2846	2	886578	0.0000023
all	2848	1	886578	0.0000011
all	2849	2	886578	0.0000023
all	2851	1	886578	0.0000011
all	2852	1	886578	0.0000011
all	2853	3	886578	0.0000034
all	2855	1	886578	0.0000011
all	2856	1	886578	0.0000011
all	2857	2	886578	0.0000023
all	2858	5	886578	0.0000056
all	2859	1	886578	0.0000011
all	2860	1	886578	0.0000011
all	2862	1	886578	0.0000011
all	2863	1	886578	0.0000011
all	2864	1	886578	0.0000011
all	2865	4	886578	0.0000045
all	2866	2	886578	0.0000023
all	2868	3	886578	0.0000034
all	2871	1	886578	0.0000011
all	2876	1	886578	0.0000011
all	2878	1	886578	0.0000011
all	2881	2	886578	0.0000023
all	2884	1	886578	0.0000011
all	2886	1	886578	0.0000011
all	2887	2	886578	0.0000023
all	2888	2	886578	0.0000023
all	2889	1	886578	0.0000011
all	2890	1	886578	0.0000011
all	2891	3	886578	0.0000034
all	2892	1	886578	0.0000011
all	2893	3	886578	0.0000034
all	2894	1	886578	0.0000011
all	2895	3	886578	0.0000034
all	2896	4	886578	0.0000045
all	2897	7	886578	0.0000079
all	2899	3	886578	0.0000034
all	2900	1	886578	0.0000011
all	2901	4	886578	0.0000045
all	2902	4	886578	0.0000045
all	2903	6	886578	0.0000068
all	2904	5	886578	0.0000056
all	2905	3	886578	0.0000034
all	2906	4	886578	0.0000045
all	2907	2	886578	0.0000023
all	2908	1	886578	0.0000011
all	2909	2	886578	0.0000023
all	2910	1	886578	0.0000011
all	2911	1	886578	0.0000011
all	2913	2	886578	0.0000023
all	2916	1	886578	0.0000011
all	2917	1	886578	0.0000011
all	2919	1	886578	0.0000011
all	2920	2	886578	0.0000023
all	2922	2	886578	0.0000023
all	2923	2	886578	0.0000023
all	2924	2	886578	0.0000023
all	2925	1	886578	0.0000011
all	2926	1	886578	0.0000011
all	2928	1	886578	0.0000011
all	2929	3	886578	0.0000034
all	2930	3	886578	0.0000034
all	2931	2	886578	0.0000023
all	2932	3	886578	0.0000034
all	2934	1	886578	0.0000011
all	2936	3	886578	0.0000034
all	2937	2	886578	0.0000023
all	2938	2	886578	0.0000023
all	2939	1	886578	0.0000011
all	2945	2	886578	0.0000023
all	2946	1	886578	0.0000011
all	2948	1	886578	0.0000011
all	2950	1	886578	0.0000011
all	2952	2	886578	0.0000023
all	2955	1	886578	0.0000011
all	2958	1	886578	0.0000011
all	2959	1	886578	0.0000011
all	2962	1	886578	0.0000011
all	2963	1	886578	0.0000011
all	2965	1	886578	0.0000011
all	2969	1	886578	0.0000011
all	2971	1	886578	0.0000011
all	2973	1	886578	0.0000011
all	2975	2	886578	0.0000023
all	2977	1	886578	0.0000011
all	2980	1	886578	0.0000011
all	2983	1	886578	0.0000011
all	2985	1	886578	0.0000011
all	2986	1	886578	0.0000011
all	2988	1	886578	0.0000011
all	2989	1	886578	0.0000011
all	2990	2	886578	0.0000023
all	2992	1	886578	0.0000011
all	2993	1	886578	0.0000011
all	2994	2	886578	0.0000023
all	2996	1	886578	0.0000011
all	2998	3	886578	0.0000034
all	3000	1	886578	0.0000011
all	3002	3	886578	0.0000034
all	3003	2	886578	0.0000023
all	3005	1	886578	0.0000011
all	3006	1	886578	0.0000011
all	3008	2	886578	0.0000023
all	3009	2	886578	0.0000023
all	3016	1	886578	0.0000011
all	3017	2	886578	0.0000023
all	3019	2	886578	0.0000023
all	3020	2	886578	0.0000023
all	3022	2	886578	0.0000023
all	3025	1	886578	0.0000011
all	3026	2	886578	0.0000023
all	3030	1	886578	0.0000011
all	3031	1	886578	0.0000011
all	3032	2	886578	0.0000023
all	3034	2	886578	0.0000023
all	3036	1	886578	0.0000011
all	3038	2	886578	0.0000023
all	3040	3	886578	0.0000034
all	3041	1	886578	0.0000011
all	3043	2	886578	0.0000023
all	3046	1	886578	0.0000011
all	3047	1	886578	0.0000011
all	3051	2	886578	0.0000023
all	3053	3	886578	0.0000034
all	3054	1	886578	0.0000011
all	3055	1	886578	0.0000011
all	3057	1	886578	0.0000011
all	3058	1	886578	0.0000011
all	3059	1	886578	0.0000011
all	3060	2	886578	0.0000023
all	3061	2	886578	0.0000023
all	3062	2	886578	0.0000023
all	3063	1	886578	0.0000011
all	3064	2	886578	0.0000023
all	3067	1	886578	0.0000011
all	3068	3	886578	0.0000034
all	3069	2	886578	0.0000023
all	3071	3	886578	0.0000034
all	3072	1	886578	0.0000011
all	3073	1	886578	0.0000011
all	3074	1	886578	0.0000011
all	3075	3	886578	0.0000034
all	3076	1	886578	0.0000011
all	3077	1	886578	0.0000011
all	3078	1	886578	0.0000011
all	3079	2	886578	0.0000023
all	3080	2	886578	0.0000023
all	3081	2	886578	0.0000023
all	3085	1	886578	0.0000011
all	3086	1	886578	0.0000011
all	3087	1	886578	0.0000011
all	3088	3	886578	0.0000034
all	3089	1	886578	0.0000011
all	3090	4	886578	0.0000045
all	3091	1	886578	0.0000011
all	3092	2	886578	0.0000023
all	3093	2	886578	0.0000023
all	3094	1	886578	0.0000011
all	3095	1	886578	0.0000011
all	3096	1	886578	0.0000011
all	3097	1	886578	0.0000011
all	3098	1	886578	0.0000011
all	3099	1	886578	0.0000011
all	3101	1	886578	0.0000011
all	3102	2	886578	0.0000023
all	3103	2	886578	0.0000023
all	3105	1	886578	0.0000011
all	3108	1	886578	0.0000011
all	3109	1	886578	0.0000011
all	3110	2	886578	0.0000023
all	3111	1	886578	0.0000011
all	3112	2	886578	0.0000023
all	3113	1	886578	0.0000011
all	3114	1	886578	0.0000011
all	3115	1	886578	0.0000011
all	3116	1	886578	0.0000011
all	3117	1	886578	0.0000011
all	3118	1	886578	0.0000011
all	3120	1	886578	0.0000011
all	3121	2	886578	0.0000023
all	3122	1	886578	0.0000011
all	3123	1	886578	0.0000011
all	3124	2	886578	0.0000023
all	3125	1	886578	0.0000011
all	3128	2	886578	0.0000023
all	3129	1	886578	0.0000011
all	3130	2	886578	0.0000023
all	3133	1	886578	0.0000011
all	3135	2	886578	0.0000023
all	3136	2	886578	0.0000023
all	3139	1	886578	0.0000011
all	3141	1	886578	0.0000011
all	3142	1	886578	0.0000011
all	3143	1	886578	0.0000011
all	3144	3	886578	0.0000034
all	3145	1	886578	0.0000011
all	3146	1	886578	0.0000011
all	3147	1	886578	0.0000011
all	3149	1	886578	0.0000011
all	3150	1	886578	0.0000011
all	3151	2	886578	0.0000023
all	3152	2	886578	0.0000023
all	3157	1	886578	0.0000011
all	3159	1	886578	0.0000011
all	3161	2	886578	0.0000023
all	3162	1	886578	0.0000011
all	3164	1	886578	0.0000011
all	3165	1	886578	0.0000011
all	3166	1	886578	0.0000011
all	3167	1	886578	0.0000011
all	3169	2	886578	0.0000023
all	3173	2	886578	0.0000023
all	3175	2	886578	0.0000023
all	3177	1	886578	0.0000011
all	3179	1	886578	0.0000011
all	3180	2	886578	0.0000023
all	3181	2	886578	0.0000023
all	3182	1	886578	0.0000011
all	3183	1	886578	0.0000011
all	3184	1	886578	0.0000011
all	3189	2	886578	0.0000023
all	3190	1	886578	0.0000011
all	3191	1	886578	0.0000011
all	3192	1	886578	0.0000011
all	3193	1	886578	0.0000011
all	3194	2	886578	0.0000023
all	3195	1	886578	0.0000011
all	3197	2	886578	0.0000023
all	3200	1	886578	0.0000011
all	3201	2	886578	0.0000023
all	3202	4	886578	0.0000045
all	3206	2	886578	0.0000023
all	3207	3	886578	0.0000034
all	3209	1	886578	0.0000011
all	3211	1	886578	0.0000011
all	3214	2	886578	0.0000023
all	3217	1	886578	0.0000011
all	3219	1	886578	0.0000011
all	3222	1	886578	0.0000011
all	3223	1	886578	0.0000011
all	3227	1	886578	0.0000011
all	3230	1	886578	0.0000011
all	3233	1	886578	0.0000011
all	3234	1	886578	0.0000011
all	3236	1	886578	0.0000011
all	3237	2	886578	0.0000023
all	3238	2	886578	0.0000023
all	3239	1	886578	0.0000011
all	3241	1	886578	0.0000011
all	3242	1	886578	0.0000011
all	3243	2	886578	0.0000023
all	3244	1	886578	0.0000011
all	3248	1	886578	0.0000011
all	3249	1	886578	0.0000011
all	3251	2	886578	0.0000023
all	3253	3	886578	0.0000034
all	3254	1	886578	0.0000011
all	3256	2	886578	0.0000023
all	3264	2	886578	0.0000023
all	3265	2	886578	0.0000023
all	3269	2	886578	0.0000023
all	3270	1	886578	0.0000011
all	3271	1	886578	0.0000011
all	3273	1	886578	0.0000011
all	3276	1	886578	0.0000011
all	3277	2	886578	0.0000023
all	3278	2	886578	0.0000023
all	3279	1	886578	0.0000011
all	3284	2	886578	0.0000023
all	3285	1	886578	0.0000011
all	3286	2	886578	0.0000023
all	3288	1	886578	0.0000011
all	3289	1	886578	0.0000011
all	3291	1	886578	0.0000011
all	3294	4	886578	0.0000045
all	3295	1	886578	0.0000011
all	3296	1	886578	0.0000011
all	3297	3	886578	0.0000034
all	3298	3	886578	0.0000034
all	3299	1	886578	0.0000011
all	3300	1	886578	0.0000011
all	3301	2	886578	0.0000023
all	3303	3	886578	0.0000034
all	3304	5	886578	0.0000056
all	3307	1	886578	0.0000011
all	3308	2	886578	0.0000023
all	3309	1	886578	0.0000011
all	3310	1	886578	0.0000011
all	3313	1	886578	0.0000011
all	3314	2	886578	0.0000023
all	3317	1	886578	0.0000011
all	3318	1	886578	0.0000011
all	3319	1	886578	0.0000011
all	3322	1	886578	0.0000011
all	3323	1	886578	0.0000011
all	3325	3	886578	0.0000034
all	3333	1	886578	0.0000011
all	3335	1	886578	0.0000011
all	3337	1	886578	0.0000011
all	3339	1	886578	0.0000011
all	3340	1	886578	0.0000011
all	3343	1	886578	0.0000011
all	3344	2	886578	0.0000023
all	3349	3	886578	0.0000034
all	3356	2	886578	0.0000023
all	3358	1	886578	0.0000011
all	3362	1	886578	0.0000011
all	3367	1	886578	0.0000011
all	3368	1	886578	0.0000011
all	3369	1	886578	0.0000011
all	3370	1	886578	0.0000011
all	3373	1	886578	0.0000011
all	3374	2	886578	0.0000023
all	3378	1	886578	0.0000011
all	3379	1	886578	0.0000011
all	3380	1	886578	0.0000011
all	3381	1	886578	0.0000011
all	3383	2	886578	0.0000023
all	3384	1	886578	0.0000011
all	3385	1	886578	0.0000011
all	3386	1	886578	0.0000011
all	3389	1	886578	0.0000011
all	3391	2	886578	0.0000023
all	3392	1	886578	0.0000011
all	3393	1	886578	0.0000011
all	3395	3	886578	0.0000034
all	3396	1	886578	0.0000011
all	3399	4	886578	0.0000045
all	3400	4	886578	0.0000045
all	3401	2	886578	0.0000023
all	3403	1	886578	0.0000011
all	3405	1	886578	0.0000011
all	3406	2	886578	0.0000023
all	3407	2	886578	0.0000023
all	3412	1	886578	0.0000011
all	3415	2	886578	0.0000023
all	3416	2	886578	0.0000023
all	3417	2	886578	0.0000023
all	3419	1	886578	0.0000011
all	3420	2	886578	0.0000023
all	3422	1	886578	0.0000011
all	3424	2	886578	0.0000023
all	3425	1	886578	0.0000011
all	3426	1	886578	0.0000011
all	3427	1	886578	0.0000011
all	3428	1	886578	0.0000011
all	3429	1	886578	0.0000011
all	3431	3	886578	0.0000034
all	3432	2	886578	0.0000023
all	3433	2	886578	0.0000023
all	3435	1	886578	0.0000011
all	3437	1	886578	0.0000011
all	3438	1	886578	0.0000011
all	3439	2	886578	0.0000023
all	3440	2	886578	0.0000023
all	3448	1	886578	0.0000011
all	3451	1	886578	0.0000011
all	3452	2	886578	0.0000023
all	3454	1	886578	0.0000011
all	3457	1	886578	0.0000011
all	3459	1	886578	0.0000011
all	3460	1	886578	0.0000011
all	3466	1	886578	0.0000011
all	3467	1	886578	0.0000011
all	3469	1	886578	0.0000011
all	3472	1	886578	0.0000011
all	3475	1	886578	0.0000011
all	3478	1	886578	0.0000011
all	3479	2	886578	0.0000023
all	3480	2	886578	0.0000023
all	3482	1	886578	0.0000011
all	3483	1	886578	0.0000011
all	3485	1	886578	0.0000011
all	3486	2	886578	0.0000023
all	3489	1	886578	0.0000011
all	3490	1	886578	0.0000011
all	3491	1	886578	0.0000011
all	3492	1	886578	0.0000011
all	3493	1	886578	0.0000011
all	3499	1	886578	0.0000011
all	3500	1	886578	0.0000011
all	3501	1	886578	0.0000011
all	3502	1	886578	0.0000011
all	3509	1	886578	0.0000011
all	3512	1	886578	0.0000011
all	3514	2	886578	0.0000023
all	3515	2	886578	0.0000023
all	3516	1	886578	0.0000011
all	3518	2	886578	0.0000023
all	3525	1	886578	0.0000011
all	3528	1	886578	0.0000011
all	3529	1	886578	0.0000011
all	3530	1	886578	0.0000011
all	3532	1	886578	0.0000011
all	3533	1	886578	0.0000011
all	3535	1	886578	0.0000011
all	3538	1	886578	0.0000011
all	3544	1	886578	0.0000011
all	3546	1	886578	0.0000011
all	3548	1	886578	0.0000011
all	3551	1	886578	0.0000011
all	3552	1	886578	0.0000011
all	3553	1	886578	0.0000011
all	3556	1	886578	0.0000011
all	3557	1	886578	0.0000011
all	3558	1	886578	0.0000011
all	3560	2	886578	0.0000023
all	3562	1	886578	0.0000011
all	3563	1	886578	0.0000011
all	3564	1	886578	0.0000011
all	3572	1	886578	0.0000011
all	3574	1	886578	0.0000011
all	3577	2	886578	0.0000023
all	3583	1	886578	0.0000011
all	3584	3	886578	0.0000034
all	3585	1	886578	0.0000011
all	3586	2	886578	0.0000023
all	3587	1	886578	0.0000011
all	3590	1	886578	0.0000011
all	3591	1	886578	0.0000011
all	3594	1	886578	0.0000011
all	3596	1	886578	0.0000011
all	3600	2	886578	0.0000023
all	3601	1	886578	0.0000011
all	3602	1	886578	0.0000011
all	3615	1	886578	0.0000011
all	3617	1	886578	0.0000011
all	3618	1	886578	0.0000011
all	3619	1	886578	0.0000011
all	3621	1	886578	0.0000011
all	3622	1	886578	0.0000011
all	3630	1	886578	0.0000011
all	3631	1	886578	0.0000011
all	3632	1	886578	0.0000011
all	3633	2	886578	0.0000023
all	3639	1	886578	0.0000011
all	3641	1	886578	0.0000011
all	3643	1	886578	0.0000011
all	3644	2	886578	0.0000023
all	3646	2	886578	0.0000023
all	3653	1	886578	0.0000011
all	3654	1	886578	0.0000011
all	3656	1	886578	0.0000011
all	3657	1	886578	0.0000011
all	3658	1	886578	0.0000011
all	3662	2	886578	0.0000023
all	3665	1	886578	0.0000011
all	3667	2	886578	0.0000023
all	3668	1	886578	0.0000011
all	3671	1	886578	0.0000011
all	3672	1	886578	0.0000011
all	3675	1	886578	0.0000011
all	3676	1	886578	0.0000011
all	3678	1	886578	0.0000011
all	3679	1	886578	0.0000011
all	3680	2	886578	0.0000023
all	3682	1	886578	0.0000011
all	3687	1	886578	0.0000011
all	3689	1	886578	0.0000011
all	3690	1	886578	0.0000011
all	3691	1	886578	0.0000011
all	3693	2	886578	0.0000023
all	3694	1	886578	0.0000011
all	3695	1	886578	0.0000011
all	3696	1	886578	0.0000011
all	3700	1	886578	0.0000011
all	3701	1	886578	0.0000011
all	3711	1	886578	0.0000011
all	3716	1	886578	0.0000011
all	3717	1	886578	0.0000011
all	3718	2	886578	0.0000023
all	3722	1	886578	0.0000011
all	3723	1	886578	0.0000011
all	3724	1	886578	0.0000011
all	3725	1	886578	0.0000011
all	3726	2	886578	0.0000023
all	3727	1	886578	0.0000011
all	3730	1	886578	0.0000011
all	3731	1	886578	0.0000011
all	3732	1	886578	0.0000011
all	3733	1	886578	0.0000011
all	3734	2	886578	0.0000023
all	3737	2	886578	0.0000023
all	3738	3	886578	0.0000034
all	3739	1	886578	0.0000011
all	3740	1	886578	0.0000011
all	3741	2	886578	0.0000023
all	3742	3	886578	0.0000034
all	3744	1	886578	0.0000011
all	3745	1	886578	0.0000011
all	3747	1	886578	0.0000011
all	3748	1	886578	0.0000011
all	3749	1	886578	0.0000011
all	3752	1	886578	0.0000011
all	3754	1	886578	0.0000011
all	3759	1	886578	0.0000011
all	3764	1	886578	0.0000011
all	3767	1	886578	0.0000011
all	3771	2	886578	0.0000023
all	3774	1	886578	0.0000011
all	3777	1	886578	0.0000011
all	3779	1	886578	0.0000011
all	3782	1	886578	0.0000011
all	3788	1	886578	0.0000011
all	3794	1	886578	0.0000011
all	3795	1	886578	0.0000011
all	3796	1	886578	0.0000011
all	3797	1	886578	0.0000011
all	3805	1	886578	0.0000011
all	3807	1	886578	0.0000011
all	3811	1	886578	0.0000011
all	3812	1	886578	0.0000011
all	3815	1	886578	0.0000011
all	3820	1	886578	0.0000011
all	3821	1	886578	0.0000011
all	3822	1	886578	0.0000011
all	3823	2	886578	0.0000023
all	3825	1	886578	0.0000011
all	3826	1	886578	0.0000011
all	3831	1	886578	0.0000011
all	3833	1	886578	0.0000011
all	3835	1	886578	0.0000011
all	3839	1	886578	0.0000011
all	3842	1	886578	0.0000011
all	3849	1	886578	0.0000011
all	3854	1	886578	0.0000011
all	3860	1	886578	0.0000011
all	3868	1	886578	0.0000011
all	3870	2	886578	0.0000023
all	3874	1	886578	0.0000011
all	3878	2	886578	0.0000023
all	3879	1	886578	0.0000011
all	3880	1	886578	0.0000011
all	3883	2	886578	0.0000023
all	3885	1	886578	0.0000011
all	3892	2	886578	0.0000023
all	3893	1	886578	0.0000011
all	3894	2	886578	0.0000023
all	3897	1	886578	0.0000011
all	3904	1	886578	0.0000011
all	3906	1	886578	0.0000011
all	3908	2	886578	0.0000023
all	3913	1	886578	0.0000011
all	3914	1	886578	0.0000011
all	3919	1	886578	0.0000011
all	3921	1	886578	0.0000011
all	3922	1	886578	0.0000011
all	3928	1	886578	0.0000011
all	3929	1	886578	0.0000011
all	3931	1	886578	0.0000011
all	3935	1	886578	0.0000011
all	3936	1	886578	0.0000011
all	3938	1	886578	0.0000011
all	3939	1	886578	0.0000011
all	3941	1	886578	0.0000011
all	3945	1	886578	0.0000011
all	3949	1	886578	0.0000011
all	3950	1	886578	0.0000011
all	3951	1	886578	0.0000011
all	3953	1	886578	0.0000011
all	3955	1	886578	0.0000011
all	3959	1	886578	0.0000011
all	3960	1	886578	0.0000011
all	3964	1	886578	0.0000011
all	3965	1	886578	0.0000011
all	3966	1	886578	0.0000011
all	3967	1	886578	0.0000011
all	3968	1	886578	0.0000011
all	3971	1	886578	0.0000011
all	3972	1	886578	0.0000011
all	3976	2	886578	0.0000023
all	3981	1	886578	0.0000011
all	3984	1	886578	0.0000011
all	3985	1	886578	0.0000011
all	3986	1	886578	0.0000011
all	3987	1	886578	0.0000011
all	3988	1	886578	0.0000011
all	3990	1	886578	0.0000011
all	3991	2	886578	0.0000023
all	3993	2	886578	0.0000023
all	3994	1	886578	0.0000011
all	3996	1	886578	0.0000011
all	3997	1	886578	0.0000011
all	3999	2	886578	0.0000023
all	4000	1	886578	0.0000011
all	4002	1	886578	0.0000011
all	4003	1	886578	0.0000011
all	4008	1	886578	0.0000011
all	4010	1	886578	0.0000011
all	4011	1	886578	0.0000011
all	4013	1	886578	0.0000011
all	4014	1	886578	0.0000011
all	4015	1	886578	0.0000011
all	4020	1	886578	0.0000011
all	4021	1	886578	0.0000011
all	4024	3	886578	0.0000034
all	4025	2	886578	0.0000023
all	4026	1	886578	0.0000011
all	4027	1	886578	0.0000011
all	4030	1	886578	0.0000011
all	4032	1	886578	0.0000011
all	4033	1	886578	0.0000011
all	4034	2	886578	0.0000023
all	4035	3	886578	0.0000034
all	4036	2	886578	0.0000023
all	4037	2	886578	0.0000023
all	4039	1	886578	0.0000011
all	4040	1	886578	0.0000011
all	4047	1	886578	0.0000011
all	4049	3	886578	0.0000034
all	4051	1	886578	0.0000011
all	4054	2	886578	0.0000023
all	4057	1	886578	0.0000011
all	4059	1	886578	0.0000011
all	4063	1	886578	0.0000011
all	4065	2	886578	0.0000023
all	4070	1	886578	0.0000011
all	4072	2	886578	0.0000023
all	4078	1	886578	0.0000011
all	4079	1	886578	0.0000011
all	4081	1	886578	0.0000011
all	4082	1	886578	0.0000011
all	4088	1	886578	0.0000011
all	4092	2	886578	0.0000023
all	4101	1	886578	0.0000011
all	4105	2	886578	0.0000023
all	4106	1	886578	0.0000011
all	4108	1	886578	0.0000011
all	4110	1	886578	0.0000011
all	4113	1	886578	0.0000011
all	4116	1	886578	0.0000011
all	4117	1	886578	0.0000011
all	4120	1	886578	0.0000011
all	4122	1	886578	0.0000011
all	4123	1	886578	0.0000011
all	4126	1	886578	0.0000011
all	4130	1	886578	0.0000011
all	4132	1	886578	0.0000011
all	4135	2	886578	0.0000023
all	4136	1	886578	0.0000011
all	4137	2	886578	0.0000023
all	4140	1	886578	0.0000011
all	4147	2	886578	0.0000023
all	4149	1	886578	0.0000011
all	4153	1	886578	0.0000011
all	4159	2	886578	0.0000023
all	4162	1	886578	0.0000011
all	4163	2	886578	0.0000023
all	4169	1	886578	0.0000011
all	4179	2	886578	0.0000023
all	4180	1	886578	0.0000011
all	4182	1	886578	0.0000011
all	4186	1	886578	0.0000011
all	4189	1	886578	0.0000011
all	4193	1	886578	0.0000011
all	4194	1	886578	0.0000011
all	4195	1	886578	0.0000011
all	4197	1	886578	0.0000011
all	4204	1	886578	0.0000011
all	4206	2	886578	0.0000023
all	4207	2	886578	0.0000023
all	4208	1	886578	0.0000011
all	4209	2	886578	0.0000023
all	4210	1	886578	0.0000011
all	4218	3	886578	0.0000034
all	4220	2	886578	0.0000023
all	4226	1	886578	0.0000011
all	4230	2	886578	0.0000023
all	4236	1	886578	0.0000011
all	4238	1	886578	0.0000011
all	4239	2	886578	0.0000023
all	4242	1	886578	0.0000011
all	4252	2	886578	0.0000023
all	4255	1	886578	0.0000011
all	4258	1	886578	0.0000011
all	4262	1	886578	0.0000011
all	4264	1	886578	0.0000011
all	4265	1	886578	0.0000011
all	4266	2	886578	0.0000023
all	4273	1	886578	0.0000011
all	4275	1	886578	0.0000011
all	4276	1	886578	0.0000011
all	4288	1	886578	0.0000011
all	4290	1	886578	0.0000011
all	4294	1	886578	0.0000011
all	4296	1	886578	0.0000011
all	4298	1	886578	0.0000011
all	4306	1	886578	0.0000011
all	4307	1	886578	0.0000011
all	4308	1	886578	0.0000011
all	4311	3	886578	0.0000034
all	4317	1	886578	0.0000011
all	4322	1	886578	0.0000011
all	4327	1	886578	0.0000011
all	4335	1	886578	0.0000011
all	4336	1	886578	0.0000011
all	4337	1	886578	0.0000011
all	4340	1	886578	0.0000011
all	4341	2	886578	0.0000023
all	4346	1	886578	0.0000011
all	4351	1	886578	0.0000011
all	4354	1	886578	0.0000011
all	4357	1	886578	0.0000011
all	4358	2	886578	0.0000023
all	4359	1	886578	0.0000011
all	4363	2	886578	0.0000023
all	4370	1	886578	0.0000011
all	4373	1	886578	0.0000011
all	4381	1	886578	0.0000011
all	4382	2	886578	0.0000023
all	4387	1	886578	0.0000011
all	4388	1	886578	0.0000011
all	4390	1	886578	0.0000011
all	4392	1	886578	0.0000011
all	4393	1	886578	0.0000011
all	4397	1	886578	0.0000011
all	4398	1	886578	0.0000011
all	4401	1	886578	0.0000011
all	4409	2	886578	0.0000023
all	4410	1	886578	0.0000011
all	4411	1	886578	0.0000011
all	4415	1	886578	0.0000011
all	4420	1	886578	0.0000011
all	4421	1	886578	0.0000011
all	4429	1	886578	0.0000011
all	4432	1	886578	0.0000011
all	4436	1	886578	0.0000011
all	4442	1	886578	0.0000011
all	4443	1	886578	0.0000011
all	4445	1	886578	0.0000011
all	4446	1	886578	0.0000011
all	4451	2	886578	0.0000023
all	4453	1	886578	0.0000011
all	4455	1	886578	0.0000011
all	4460	1	886578	0.0000011
all	4461	1	886578	0.0000011
all	4466	2	886578	0.0000023
all	4469	1	886578	0.0000011
all	4470	1	886578	0.0000011
all	4472	1	886578	0.0000011
all	4476	1	886578	0.0000011
all	4477	2	886578	0.0000023
all	4479	2	886578	0.0000023
all	4480	1	886578	0.0000011
all	4484	1	886578	0.0000011
all	4485	2	886578	0.0000023
all	4487	1	886578	0.0000011
all	4488	1	886578	0.0000011
all	4490	1	886578	0.0000011
all	4493	1	886578	0.0000011
all	4494	1	886578	0.0000011
all	4497	1	886578	0.0000011
all	4498	2	886578	0.0000023
all	4499	2	886578	0.0000023
all	4500	1	886578	0.0000011
all	4502	1	886578	0.0000011
all	4505	2	886578	0.0000023
all	4506	2	886578	0.0000023
all	4511	2	886578	0.0000023
all	4512	3	886578	0.0000034
all	4513	3	886578	0.0000034
all	4515	1	886578	0.0000011
all	4516	1	886578	0.0000011
all	4519	1	886578	0.0000011
all	4523	1	886578	0.0000011
all	4525	1	886578	0.0000011
all	4527	1	886578	0.0000011
all	4528	1	886578	0.0000011
all	4532	1	886578	0.0000011
all	4538	1	886578	0.0000011
all	4544	1	886578	0.0000011
all	4546	1	886578	0.0000011
all	4547	1	886578	0.0000011
all	4548	1	886578	0.0000011
all	4550	1	886578	0.0000011
all	4552	1	886578	0.0000011
all	4554	1	886578	0.0000011
all	4557	1	886578	0.0000011
all	4561	1	886578	0.0000011
all	4562	1	886578	0.0000011
all	4563	2	886578	0.0000023
all	4568	1	886578	0.0000011
all	4572	1	886578	0.0000011
all	4573	1	886578	0.0000011
all	4575	1	886578	0.0000011
all	4576	2	886578	0.0000023
all	4584	1	886578	0.0000011
all	4588	1	886578	0.0000011
all	4589	2	886578	0.0000023
all	4596	1	886578	0.0000011
all	4598	1	886578	0.0000011
all	4600	2	886578	0.0000023
all	4604	2	886578	0.0000023
all	4605	1	886578	0.0000011
all	4606	1	886578	0.0000011
all	4607	1	886578	0.0000011
all	4610	1	886578	0.0000011
all	4612	1	886578	0.0000011
all	4613	5	886578	0.0000056
all	4616	1	886578	0.0000011
all	4617	2	886578	0.0000023
all	4618	1	886578	0.0000011
all	4619	3	886578	0.0000034
all	4623	1	886578	0.0000011
all	4625	1	886578	0.0000011
all	4635	1	886578	0.0000011
all	4640	1	886578	0.0000011
all	4652	1	886578	0.0000011
all	4653	2	886578	0.0000023
all	4654	1	886578	0.0000011
all	4659	1	886578	0.0000011
all	4661	1	886578	0.0000011
all	4668	1	886578	0.0000011
all	4671	1	886578	0.0000011
all	4680	1	886578	0.0000011
all	4681	1	886578	0.0000011
all	4684	1	886578	0.0000011
all	4687	1	886578	0.0000011
all	4694	1	886578	0.0000011
all	4696	1	886578	0.0000011
all	4697	1	886578	0.0000011
all	4704	1	886578	0.0000011
all	4717	1	886578	0.0000011
all	4719	1	886578	0.0000011
all	4721	2	886578	0.0000023
all	4727	1	886578	0.0000011
all	4732	1	886578	0.0000011
all	4733	1	886578	0.0000011
all	4743	1	886578	0.0000011
all	4751	1	886578	0.0000011
all	4752	1	886578	0.0000011
all	4755	1	886578	0.0000011
all	4760	1	886578	0.0000011
all	4767	1	886578	0.0000011
all	4772	1	886578	0.0000011
all	4774	1	886578	0.0000011
all	4775	1	886578	0.0000011
all	4780	1	886578	0.0000011
all	4782	1	886578	0.0000011
all	4784	1	886578	0.0000011
all	4787	1	886578	0.0000011
all	4794	1	886578	0.0000011
all	4797	1	886578	0.0000011
all	4805	1	886578	0.0000011
all	4808	1	886578	0.0000011
all	4809	1	886578	0.0000011
all	4817	1	886578	0.0000011
all	4826	1	886578	0.0000011
all	4831	1	886578	0.0000011
all	4838	1	886578	0.0000011
all	4840	1	886578	0.0000011
all	4848	1	886578	0.0000011
all	4855	2	886578	0.0000023
all	4858	1	886578	0.0000011
all	4861	2	886578	0.0000023
all	4864	1	886578	0.0000011
all	4865	1	886578	0.0000011
all	4877	1	886578	0.0000011
all	4883	2	886578	0.0000023
all	4886	3	886578	0.0000034
all	4893	1	886578	0.0000011
all	4901	1	886578	0.0000011
all	4902	1	886578	0.0000011
all	4903	1	886578	0.0000011
all	4904	1	886578	0.0000011
all	4908	1	886578	0.0000011
all	4910	1	886578	0.0000011
all	4913	1	886578	0.0000011
all	4919	1	886578	0.0000011
all	4921	1	886578	0.0000011
all	4925	3	886578	0.0000034
all	4928	1	886578	0.0000011
all	4930	2	886578	0.0000023
all	4937	1	886578	0.0000011
all	4939	1	886578	0.0000011
all	4941	1	886578	0.0000011
all	4946	1	886578	0.0000011
all	4947	1	886578	0.0000011
all	4956	1	886578	0.0000011
all	4960	1	886578	0.0000011
all	4962	1	886578	0.0000011
all	4963	1	886578	0.0000011
all	4966	1	886578	0.0000011
all	4969	1	886578	0.0000011
all	4970	1	886578	0.0000011
all	4971	1	886578	0.0000011
all	4976	3	886578	0.0000034
all	4977	2	886578	0.0000023
all	4981	1	886578	0.0000011
all	4982	1	886578	0.0000011
all	4983	2	886578	0.0000023
all	4986	2	886578	0.0000023
all	5004	1	886578	0.0000011
all	5006	2	886578	0.0000023
all	5010	1	886578	0.0000011
all	5011	1	886578	0.0000011
all	5014	1	886578	0.0000011
all	5018	2	886578	0.0000023
all	5019	1	886578	0.0000011
all	5023	1	886578	0.0000011
all	5028	2	886578	0.0000023
all	5029	1	886578	0.0000011
all	5031	1	886578	0.0000011
all	5033	2	886578	0.0000023
all	5035	1	886578	0.0000011
all	5041	1	886578	0.0000011
all	5042	2	886578	0.0000023
all	5045	1	886578	0.0000011
all	5053	2	886578	0.0000023
all	5054	1	886578	0.0000011
all	5060	1	886578	0.0000011
all	5069	1	886578	0.0000011
all	5073	1	886578	0.0000011
all	5078	1	886578	0.0000011
all	5080	1	886578	0.0000011
all	5083	1	886578	0.0000011
all	5085	1	886578	0.0000011
all	5086	1	886578	0.0000011
all	5094	1	886578	0.0000011
all	5098	2	886578	0.0000023
all	5100	1	886578	0.0000011
all	5101	2	886578	0.0000023
all	5105	1	886578	0.0000011
all	5106	2	886578	0.0000023
all	5109	1	886578	0.0000011
all	5111	1	886578	0.0000011
all	5115	1	886578	0.0000011
all	5121	1	886578	0.0000011
all	5125	1	886578	0.0000011
all	5126	1	886578	0.0000011
all	5128	1	886578	0.0000011
all	5130	1	886578	0.0000011
all	5134	1	886578	0.0000011
all	5136	1	886578	0.0000011
all	5137	1	886578	0.0000011
all	5141	1	886578	0.0000011
all	5147	1	886578	0.0000011
all	5149	1	886578	0.0000011
all	5151	1	886578	0.0000011
all	5152	1	886578	0.0000011
all	5157	1	886578	0.0000011
all	5161	1	886578	0.0000011
all	5162	1	886578	0.0000011
all	5164	1	886578	0.0000011
all	5167	1	886578	0.0000011
all	5168	1	886578	0.0000011
all	5169	1	886578	0.0000011
all	5176	2	886578	0.0000023
all	5177	3	886578	0.0000034
all	5181	1	886578	0.0000011
all	5184	1	886578	0.0000011
all	5189	2	886578	0.0000023
all	5191	1	886578	0.0000011
all	5193	1	886578	0.0000011
all	5194	2	886578	0.0000023
all	5195	1	886578	0.0000011
all	5198	1	886578	0.0000011
all	5201	2	886578	0.0000023
all	5204	1	886578	0.0000011
all	5206	1	886578	0.0000011
all	5214	1	886578	0.0000011
all	5216	1	886578	0.0000011
all	5217	1	886578	0.0000011
all	5221	1	886578	0.0000011
all	5223	1	886578	0.0000011
all	5225	1	886578	0.0000011
all	5228	1	886578	0.0000011
all	5237	1	886578	0.0000011
all	5238	1	886578	0.0000011
all	5245	1	886578	0.0000011
all	5255	1	886578	0.0000011
all	5260	2	886578	0.0000023
all	5261	1	886578	0.0000011
all	5264	1	886578	0.0000011
all	5266	1	886578	0.0000011
all	5269	2	886578	0.0000023
all	5271	1	886578	0.0000011
all	5275	1	886578	0.0000011
all	5282	1	886578	0.0000011
all	5287	1	886578	0.0000011
all	5288	1	886578	0.0000011
all	5290	1	886578	0.0000011
all	5291	1	886578	0.0000011
all	5292	1	886578	0.0000011
all	5303	1	886578	0.0000011
all	5306	3	886578	0.0000034
all	5308	2	886578	0.0000023
all	5309	1	886578	0.0000011
all	5310	1	886578	0.0000011
all	5312	1	886578	0.0000011
all	5321	1	886578	0.0000011
all	5322	1	886578	0.0000011
all	5327	2	886578	0.0000023
all	5330	1	886578	0.0000011
all	5337	1	886578	0.0000011
all	5340	1	886578	0.0000011
all	5345	1	886578	0.0000011
all	5347	1	886578	0.0000011
all	5350	1	886578	0.0000011
all	5352	1	886578	0.0000011
all	5360	1	886578	0.0000011
all	5364	1	886578	0.0000011
all	5379	2	886578	0.0000023
all	5385	1	886578	0.0000011
all	5386	2	886578	0.0000023
all	5392	2	886578	0.0000023
all	5395	1	886578	0.0000011
all	5398	1	886578	0.0000011
all	5400	1	886578	0.0000011
all	5401	1	886578	0.0000011
all	5402	1	886578	0.0000011
all	5404	1	886578	0.0000011
all	5412	2	886578	0.0000023
all	5417	1	886578	0.0000011
all	5420	1	886578	0.0000011
all	5423	1	886578	0.0000011
all	5426	1	886578	0.0000011
all	5427	1	886578	0.0000011
all	5430	1	886578	0.0000011
all	5432	1	886578	0.0000011
all	5435	1	886578	0.0000011
all	5436	1	886578	0.0000011
all	5437	1	886578	0.0000011
all	5438	1	886578	0.0000011
all	5440	1	886578	0.0000011
all	5441	1	886578	0.0000011
all	5442	1	886578	0.0000011
all	5446	1	886578	0.0000011
all	5447	1	886578	0.0000011
all	5448	1	886578	0.0000011
all	5449	1	886578	0.0000011
all	5452	1	886578	0.0000011
all	5455	1	886578	0.0000011
all	5470	1	886578	0.0000011
all	5478	2	886578	0.0000023
all	5480	1	886578	0.0000011
all	5489	1	886578	0.0000011
all	5494	1	886578	0.0000011
all	5503	1	886578	0.0000011
all	5513	1	886578	0.0000011
all	5515	1	886578	0.0000011
all	5520	1	886578	0.0000011
all	5526	2	886578	0.0000023
all	5529	1	886578	0.0000011
all	5532	1	886578	0.0000011
all	5542	1	886578	0.0000011
all	5548	1	886578	0.0000011
all	5552	1	886578	0.0000011
all	5553	1	886578	0.0000011
all	5556	1	886578	0.0000011
all	5557	1	886578	0.0000011
all	5562	1	886578	0.0000011
all	5567	2	886578	0.0000023
all	5571	1	886578	0.0000011
all	5574	1	886578	0.0000011
all	5577	2	886578	0.0000023
all	5584	1	886578	0.0000011
all	5586	1	886578	0.0000011
all	5588	1	886578	0.0000011
all	5594	2	886578	0.0000023
all	5597	1	886578	0.0000011
all	5598	1	886578	0.0000011
all	5600	1	886578	0.0000011
all	5601	1	886578	0.0000011
all	5603	1	886578	0.0000011
all	5604	2	886578	0.0000023
all	5608	2	886578	0.0000023
all	5610	1	886578	0.0000011
all	5614	1	886578	0.0000011
all	5625	1	886578	0.0000011
all	5629	1	886578	0.0000011
all	5635	1	886578	0.0000011
all	5667	1	886578	0.0000011
all	5675	1	886578	0.0000011
all	5680	1	886578	0.0000011
all	5688	1	886578	0.0000011
all	5709	1	886578	0.0000011
all	5714	1	886578	0.0000011
all	5721	1	886578	0.0000011
all	5722	1	886578	0.0000011
all	5726	1	886578	0.0000011
all	5735	1	886578	0.0000011
all	5736	1	886578	0.0000011
all	5754	1	886578	0.0000011
all	5762	1	886578	0.0000011
all	5776	1	886578	0.0000011
all	5779	1	886578	0.0000011
all	5790	1	886578	0.0000011
all	5796	1	886578	0.0000011
all	5807	1	886578	0.0000011
all	5820	1	886578	0.0000011
all	5828	1	886578	0.0000011
all	5844	1	886578	0.0000011
all	5846	1	886578	0.0000011
all	5853	1	886578	0.0000011
all	5855	1	886578	0.0000011
all	5870	1	886578	0.0000011
all	5884	1	886578	0.0000011
all	5891	1	886578	0.0000011
all	5892	1	886578	0.0000011
all	5915	1	886578	0.0000011
all	5919	1	886578	0.0000011
all	5927	2	886578	0.0000023
all	5934	1	886578	0.0000011
all	5937	1	886578	0.0000011
all	5942	1	886578	0.0000011
all	5944	1	886578	0.0000011
all	5991	1	886578	0.0000011
all	5992	2	886578	0.0000023
all	5995	1	886578	0.0000011
all	5997	1	886578	0.0000011
all	6000	1	886578	0.0000011
all	6001	1	886578	0.0000011
all	6022	1	886578	0.0000011
all	6024	1	886578	0.0000011
all	6025	1	886578	0.0000011
all	6032	1	886578	0.0000011
all	6039	1	886578	0.0000011
all	6052	1	886578	0.0000011
all	6058	1	886578	0.0000011
all	6063	1	886578	0.0000011
all	6087	1	886578	0.0000011
all	6101	1	886578	0.0000011
all	6102	1	886578	0.0000011
all	6107	1	886578	0.0000011
all	6127	2	886578	0.0000023
all	6128	1	886578	0.0000011
all	6138	1	886578	0.0000011
all	6143	1	886578	0.0000011
all	6154	1	886578	0.0000011
all	6163	1	886578	0.0000011
all	6171	1	886578	0.0000011
all	6172	1	886578	0.0000011
all	6178	1	886578	0.0000011
all	6180	1	886578	0.0000011
all	6192	1	886578	0.0000011
all	6196	1	886578	0.0000011
all	6212	1	886578	0.0000011
all	6223	1	886578	0.0000011
all	6236	1	886578	0.0000011
all	6250	1	886578	0.0000011
all	6265	1	886578	0.0000011
all	6266	1	886578	0.0000011
all	6280	1	886578	0.0000011
all	6283	2	886578	0.0000023
all	6288	1	886578	0.0000011
all	6289	1	886578	0.0000011
all	6292	1	886578	0.0000011
all	6293	1	886578	0.0000011
all	6298	1	886578	0.0000011
all	6306	1	886578	0.0000011
all	6312	2	886578	0.0000023
all	6317	1	886578	0.0000011
all	6322	2	886578	0.0000023
all	6323	2	886578	0.0000023
all	6330	1	886578	0.0000011
all	6331	1	886578	0.0000011
all	6333	1	886578	0.0000011
all	6335	1	886578	0.0000011
all	6338	1	886578	0.0000011
all	6339	1	886578	0.0000011
all	6342	1	886578	0.0000011
all	6349	2	886578	0.0000023
all	6381	1	886578	0.0000011
all	6396	1	886578	0.0000011
all	6424	1	886578	0.0000011
all	6432	1	886578	0.0000011
all	6449	1	886578	0.0000011
all	6466	1	886578	0.0000011
all	6467	1	886578	0.0000011
all	6484	1	886578	0.0000011
all	6487	1	886578	0.0000011
all	6491	1	886578	0.0000011
all	6509	1	886578	0.0000011
all	6533	1	886578	0.0000011
all	6576	1	886578	0.0000011
all	6578	1	886578	0.0000011
all	6585	2	886578	0.0000023
all	6612	1	886578	0.0000011
all	6624	1	886578	0.0000011
all	6630	1	886578	0.0000011
all	6645	1	886578	0.0000011
all	6649	1	886578	0.0000011
all	6667	1	886578	0.0000011
all	6679	1	886578	0.0000011
all	6724	1	886578	0.0000011
all	6725	1	886578	0.0000011
all	6742	1	886578	0.0000011
all	6759	1	886578	0.0000011
all	6764	1	886578	0.0000011
all	6771	1	886578	0.0000011
all	6804	1	886578	0.0000011
all	6868	1	886578	0.0000011
all	6895	1	886578	0.0000011
all	6913	1	886578	0.0000011
all	6929	1	886578	0.0000011
all	6933	1	886578	0.0000011
all	6949	1	886578	0.0000011
all	6964	1	886578	0.0000011
all	6979	1	886578	0.0000011
all	6989	1	886578	0.0000011
all	7032	1	886578	0.0000011
all	7040	1	886578	0.0000011
all	7076	1	886578	0.0000011
all	7077	1	886578	0.0000011
all	7083	1	886578	0.0000011
all	7112	1	886578	0.0000011
all	7136	1	886578	0.0000011
all	7139	1	886578	0.0000011
all	7151	1	886578	0.0000011
all	7171	1	886578	0.0000011
all	7181	1	886578	0.0000011
all	7182	1	886578	0.0000011
all	7197	1	886578	0.0000011
all	7212	1	886578	0.0000011
all	7223	1	886578	0.0000011
all	7228	1	886578	0.0000011
all	7244	1	886578	0.0000011
all	7265	1	886578	0.0000011
all	7268	1	886578	0.0000011
all	7275	1	886578	0.0000011
all	7277	1	886578	0.0000011
all	7280	1	886578	0.0000011
all	7294	1	886578	0.0000011
all	7296	1	886578	0.0000011
all	7297	1	886578	0.0000011
all	7315	1	886578	0.0000011
all	7320	1	886578	0.0000011
all	7324	1	886578	0.0000011
all	7333	1	886578	0.0000011
all	7334	1	886578	0.0000011
all	7339	1	886578	0.0000011
all	7353	1	886578	0.0000011
all	7373	1	886578	0.0000011
all	7403	1	886578	0.0000011
all	7406	1	886578	0.0000011
all	7407	1	886578	0.0000011
all	7417	1	886578	0.0000011
all	7424	1	886578	0.0000011
all	7457	1	886578	0.0000011
all	7459	2	886578	0.0000023
all	7506	1	886578	0.0000011
all	7512	1	886578	0.0000011
all	7517	1	886578	0.0000011
all	7523	1	886578	0.0000011
all	7563	1	886578	0.0000011
all	7564	1	886578	0.0000011
all	7569	1	886578	0.0000011
all	7570	1	886578	0.0000011
all	7594	1	886578	0.0000011
all	7637	1	886578	0.0000011
all	7658	1	886578	0.0000011
all	7659	1	886578	0.0000011
all	7685	1	886578	0.0000011
all	7713	1	886578	0.0000011
all	7727	1	886578	0.0000011
all	7745	1	886578	0.0000011
all	7778	1	886578	0.0000011
all	7787	1	886578	0.0000011
all	7802	1	886578	0.0000011
all	7829	1	886578	0.0000011
all	7830	1	886578	0.0000011
all	7836	1	886578	0.0000011
all	7855	1	886578	0.0000011
all	7865	1	886578	0.0000011
all	7869	1	886578	0.0000011
all	7870	1	886578	0.0000011
all	7875	1	886578	0.0000011
all	7883	1	886578	0.0000011
all	7891	1	886578	0.0000011
all	7896	1	886578	0.0000011
all	7904	1	886578	0.0000011
all	7911	1	886578	0.0000011
all	7919	1	886578	0.0000011
all	7933	1	886578	0.0000011
all	7934	1	886578	0.0000011
all	7935	1	886578	0.0000011
all	7941	2	886578	0.0000023
all	7954	1	886578	0.0000011
all	7963	1	886578	0.0000011
all	7967	1	886578	0.0000011
all	7972	2	886578	0.0000023
all	7977	2	886578	0.0000023
all	7978	1	886578	0.0000011
all	7979	1	886578	0.0000011
all	7980	1	886578	0.0000011
all	7981	1	886578	0.0000011
all	7982	1	886578	0.0000011
all	7984	1	886578	0.0000011
all	7985	1	886578	0.0000011
all	7987	2	886578	0.0000023
all	7993	1	886578	0.0000011
all	8001	1	886578	0.0000011
all	8040	1	886578	0.0000011
all	8112	1	886578	0.0000011
all	8119	1	886578	0.0000011
all	8129	1	886578	0.0000011
all	8229	1	886578	0.0000011
all	8243	1	886578	0.0000011
all	8284	1	886578	0.0000011
all	8294	1	886578	0.0000011
all	8307	1	886578	0.0000011
all	8319	1	886578	0.0000011
all	8414	1	886578	0.0000011
all	8490	1	886578	0.0000011
all	8516	1	886578	0.0000011
all	8536	1	886578	0.0000011
all	8547	1	886578	0.0000011
all	8571	1	886578	0.0000011
all	8599	1	886578	0.0000011
all	8608	1	886578	0.0000011
all	8622	1	886578	0.0000011
all	8636	1	886578	0.0000011
all	8660	1	886578	0.0000011
all	8689	1	886578	0.0000011
all	8700	1	886578	0.0000011
all	8748	1	886578	0.0000011
all	8756	2	886578	0.0000023
all	8802	1	886578	0.0000011
all	8812	1	886578	0.0000011
all	8858	1	886578	0.0000011
all	8872	1	886578	0.0000011
all	8937	1	886578	0.0000011
all	8953	1	886578	0.0000011
all	8967	1	886578	0.0000011
all	8969	1	886578	0.0000011
all	9011	1	886578	0.0000011
all	9018	1	886578	0.0000011
all	9098	1	886578	0.0000011
all	9108	1	886578	0.0000011
all	9122	1	886578	0.0000011
all	9134	1	886578	0.0000011
all	9142	1	886578	0.0000011
all	9154	1	886578	0.0000011
all	9183	1	886578	0.0000011
all	9184	1	886578	0.0000011
all	9212	1	886578	0.0000011
all	9225	1	886578	0.0000011
all	9294	1	886578	0.0000011
all	9305	1	886578	0.0000011
all	9307	1	886578	0.0000011
all	9308	1	886578	0.0000011
all	9332	1	886578	0.0000011
all	9334	1	886578	0.0000011
all	9363	1	886578	0.0000011
all	9393	2	886578	0.0000023
all	9396	1	886578	0.0000011
all	9421	1	886578	0.0000011
all	9443	1	886578	0.0000011
all	9467	2	886578	0.0000023
all	9504	1	886578	0.0000011
all	9524	1	886578	0.0000011
all	9540	1	886578	0.0000011
all	9554	1	886578	0.0000011
all	9562	1	886578	0.0000011
all	9567	1	886578	0.0000011
all	9580	1	886578	0.0000011
all	9585	1	886578	0.0000011
all	9588	1	886578	0.0000011
all	9608	1	886578	0.0000011
all	9612	1	886578	0.0000011
all	9615	1	886578	0.0000011
all	9622	1	886578	0.0000011
all	9625	1	886578	0.0000011
all	9626	1	886578	0.0000011
all	9639	1	886578	0.0000011
all	9685	1	886578	0.0000011
all	9696	1	886578	0.0000011
all	9697	1	886578	0.0000011
all	9708	1	886578	0.0000011
all	9718	1	886578	0.0000011
all	9723	1	886578	0.0000011
all	9724	1	886578	0.0000011
all	9737	1	886578	0.0000011
all	9756	1	886578	0.0000011
all	9760	1	886578	0.0000011
all	9762	1	886578	0.0000011
all	9764	1	886578	0.0000011
all	9777	1	886578	0.0000011
all	9782	1	886578	0.0000011
all	9801	1	886578	0.0000011
all	9807	1	886578	0.0000011
all	9810	1	886578	0.0000011
all	9817	1	886578	0.0000011
all	9837	1	886578	0.0000011
all	9839	1	886578	0.0000011
all	9845	1	886578	0.0000011
all	9852	1	886578	0.0000011
all	9856	1	886578	0.0000011
all	9857	1	886578	0.0000011
all	9860	1	886578	0.0000011
all	9862	1	886578	0.0000011
all	9868	1	886578	0.0000011
all	9904	2	886578	0.0000023
all	9906	1	886578	0.0000011
all	9930	1	886578	0.0000011
all	9936	1	886578	0.0000011
all	9937	1	886578	0.0000011
all	9938	2	886578	0.0000023
all	9941	1	886578	0.0000011
all	9959	1	886578	0.0000011
all	9961	1	886578	0.0000011
all	9962	1	886578	0.0000011
all	9966	1	886578	0.0000011
all	9975	1	886578	0.0000011
all	9980	1	886578	0.0000011
all	9988	1	886578	0.0000011
all	9996	1	886578	0.0000011
all	10000	1	886578	0.0000011
all	10001	1	886578	0.0000011
all	10002	1	886578	0.0000011
all	10019	1	886578	0.0000011
all	10045	1	886578	0.0000011
all	10060	1	886578	0.0000011
all	10078	1	886578	0.0000011
all	10105	1	886578	0.0000011
all	10109	1	886578	0.0000011
all	10163	1	886578	0.0000011
all	10225	1	886578	0.0000011
all	10236	1	886578	0.0000011
all	10263	1	886578	0.0000011
all	10305	1	886578	0.0000011
all	10327	1	886578	0.0000011
all	10358	1	886578	0.0000011
all	10381	1	886578	0.0000011
all	10428	1	886578	0.0000011
all	10461	1	886578	0.0000011
all	10495	1	886578	0.0000011
all	10504	1	886578	0.0000011
all	10526	1	886578	0.0000011
all	10537	1	886578	0.0000011
all	10597	1	886578	0.0000011
all	10599	1	886578	0.0000011
all	10646	1	886578	0.0000011
all	10652	1	886578	0.0000011
all	10736	1	886578	0.0000011
all	10759	1	886578	0.0000011
all	10787	1	886578	0.0000011
all	10811	1	886578	0.0000011
all	10848	1	886578	0.0000011
all	10854	1	886578	0.0000011
all	10861	1	886578	0.0000011
all	10913	1	886578	0.0000011
all	10927	1	886578	0.0000011
all	10953	1	886578	0.0000011
all	10955	1	886578	0.0000011
all	11018	1	886578	0.0000011
all	11032	1	886578	0.0000011
all	11033	1	886578	0.0000011
all	11054	1	886578	0.0000011
all	11060	1	886578	0.0000011
all	11102	1	886578	0.0000011
all	11161	1	886578	0.0000011
all	11166	1	886578	0.0000011
all	11188	1	886578	0.0000011
all	11189	1	886578	0.0000011
all	11202	1	886578	0.0000011
all	11253	1	886578	0.0000011
all	11262	1	886578	0.0000011
all	11266	1	886578	0.0000011
all	11277	1	886578	0.0000011
all	11312	1	886578	0.0000011
all	11320	1	886578	0.0000011
all	11338	1	886578	0.0000011
all	11358	1	886578	0.0000011
all	11376	2	886578	0.0000023
all	11412	1	886578	0.0000011
all	11447	1	886578	0.0000011
all	11450	1	886578	0.0000011
all	11451	1	886578	0.0000011
all	11459	1	886578	0.0000011
all	11460	1	886578	0.0000011
all	11487	1	886578	0.0000011
all	11498	1	886578	0.0000011
all	11504	2	886578	0.0000023
all	11536	1	886578	0.0000011
all	11549	1	886578	0.0000011
all	11552	1	886578	0.0000011
all	11588	1	886578	0.0000011
all	11599	1	886578	0.0000011
all	11614	1	886578	0.0000011
all	11627	1	886578	0.0000011
all	11660	1	886578	0.0000011
all	11705	1	886578	0.0000011
all	11711	1	886578	0.0000011
all	11714	1	886578	0.0000011
all	11733	1	886578	0.0000011
all	11735	1	886578	0.0000011
all	11747	1	886578	0.0000011
all	11749	1	886578	0.0000011
all	11757	1	886578	0.0000011
all	11761	1	886578	0.0000011
all	11764	1	886578	0.0000011
all	11770	1	886578	0.0000011
all	11771	1	886578	0.0000011
all	11772	2	886578	0.0000023
all	11776	1	886578	0.0000011
all	11790	1	886578	0.0000011
all	11796	1	886578	0.0000011
all	11804	1	886578	0.0000011
all	11817	1	886578	0.0000011
all	11822	1	886578	0.0000011
all	11825	2	886578	0.0000023
all	11839	1	886578	0.0000011
all	11841	2	886578	0.0000023
all	11856	1	886578	0.0000011
all	11878	1	886578	0.0000011
all	11903	1	886578	0.0000011
all	11904	1	886578	0.0000011
all	11954	1	886578	0.0000011
all	11960	1	886578	0.0000011
all	12010	1	886578	0.0000011
all	12040	1	886578	0.0000011
all	12060	1	886578	0.0000011
all	12072	1	886578	0.0000011
all	12084	1	886578	0.0000011
all	12089	1	886578	0.0000011
all	12135	1	886578	0.0000011
all	12162	1	886578	0.0000011
all	12172	1	886578	0.0000011
all	12192	1	886578	0.0000011
all	12199	1	886578	0.0000011
all	12212	1	886578	0.0000011
all	12220	1	886578	0.0000011
all	12235	1	886578	0.0000011
all	12239	1	886578	0.0000011
all	12242	1	886578	0.0000011
all	12261	1	886578	0.0000011
all	12274	1	886578	0.0000011
all	12276	1	886578	0.0000011
all	12280	1	886578	0.0000011
all	12302	1	886578	0.0000011
all	12320	1	886578	0.0000011
all	12323	1	886578	0.0000011
all	12328	1	886578	0.0000011
all	12351	1	886578	0.0000011
all	12363	1	886578	0.0000011
