all	0	61797	886578	0.0697028
all	1	8449	886578	0.0095299
all	2	64474	886578	0.0727223
all	3	14948	886578	0.0168603
all	4	65183	886578	0.0735220
all	5	16511	886578	0.0186233
all	6	62880	886578	0.0709244
all	7	18334	886578	0.0206795
all	8	60452	886578	0.0681858
all	9	19639	886578	0.0221515
all	10	52705	886578	0.0594477
all	11	18162	886578	0.0204855
all	12	46818	886578	0.0528075
all	13	17794	886578	0.0200704
all	14	37414	886578	0.0422005
all	15	16330	886578	0.0184191
all	16	30754	886578	0.0346884
all	17	14177	886578	0.0159907
all	18	25473	886578	0.0287318
all	19	12300	886578	0.0138736
all	20	20539	886578	0.0231666
all	21	11145	886578	0.0125708
all	22	17267	886578	0.0194760
all	23	9896	886578	0.0111620
all	24	14689	886578	0.0165682
all	25	8338	886578	0.0094047
all	26	11545	886578	0.0130220
all	27	6233	886578	0.0070304
all	28	9043	886578	0.0101999
all	29	5360	886578	0.0060457
all	30	7703	886578	0.0086885
all	31	4610	886578	0.0051998
all	32	6048	886578	0.0068217
all	33	4053	886578	0.0045715
all	34	4891	886578	0.0055167
all	35	3663	886578	0.0041316
all	36	3824	886578	0.0043132
all	37	2798	886578	0.0031560
all	38	3318	886578	0.0037425
all	39	2414	886578	0.0027228
all	40	2410	886578	0.0027183
all	41	2136	886578	0.0024093
all	42	2358	886578	0.0026597
all	43	1891	886578	0.0021329
all	44	2054	886578	0.0023168
all	45	1675	886578	0.0018893
all	46	2000	886578	0.0022559
all	47	1449	886578	0.0016344
all	48	1572	886578	0.0017731
all	49	1141	886578	0.0012870
all	50	978	886578	0.0011031
all	51	1196	886578	0.0013490
all	52	975	886578	0.0010997
all	53	833	886578	0.0009396
all	54	921	886578	0.0010388
all	55	589	886578	0.0006644
all	56	777	886578	0.0008764
all	57	793	886578	0.0008945
all	58	734	886578	0.0008279
all	59	616	886578	0.0006948
all	60	536	886578	0.0006046
all	61	422	886578	0.0004760
all	62	466	886578	0.0005256
all	63	489	886578	0.0005516
all	64	413	886578	0.0004658
all	65	393	886578	0.0004433
all	66	454	886578	0.0005121
all	67	476	886578	0.0005369
all	68	327	886578	0.0003688
all	69	389	886578	0.0004388
all	70	313	886578	0.0003530
all	71	316	886578	0.0003564
all	72	257	886578	0.0002899
all	73	223	886578	0.0002515
all	74	248	886578	0.0002797
all	75	265	886578	0.0002989
all	76	250	886578	0.0002820
all	77	293	886578	0.0003305
all	78	289	886578	0.0003260
all	79	281	886578	0.0003169
all	80	248	886578	0.0002797
all	81	229	886578	0.0002583
all	82	237	886578	0.0002673
all	83	220	886578	0.0002481
all	84	229	886578	0.0002583
all	85	207	886578	0.0002335
all	86	214	886578	0.0002414
all	87	200	886578	0.0002256
all	88	140	886578	0.0001579
all	89	135	886578	0.0001523
all	90	215	886578	0.0002425
all	91	174	886578	0.0001963
all	92	145	886578	0.0001636
all	93	123	886578	0.0001387
all	94	139	886578	0.0001568
all	95	206	886578	0.0002324
all	96	225	886578	0.0002538
all	97	152	886578	0.0001714
all	98	247	886578	0.0002786
all	99	141	886578	0.0001590
all	100	119	886578	0.0001342
all	101	163	886578	0.0001839
all	102	138	886578	0.0001557
all	103	176	886578	0.0001985
all	104	233	886578	0.0002628
all	105	220	886578	0.0002481
all	106	153	886578	0.0001726
all	107	134	886578	0.0001511
all	108	174	886578	0.0001963
all	109	145	886578	0.0001636
all	110	217	886578	0.0002448
all	111	149	886578	0.0001681
all	112	163	886578	0.0001839
all	113	151	886578	0.0001703
all	114	163	886578	0.0001839
all	115	138	886578	0.0001557
all	116	113	886578	0.0001275
all	117	102	886578	0.0001150
all	118	151	886578	0.0001703
all	119	138	886578	0.0001557
all	120	128	886578	0.0001444
all	121	139	886578	0.0001568
all	122	98	886578	0.0001105
all	123	132	886578	0.0001489
all	124	125	886578	0.0001410
all	125	74	886578	0.0000835
all	126	113	886578	0.0001275
all	127	101	886578	0.0001139
all	128	125	886578	0.0001410
all	129	113	886578	0.0001275
all	130	137	886578	0.0001545
all	131	114	886578	0.0001286
all	132	127	886578	0.0001432
all	133	107	886578	0.0001207
all	134	118	886578	0.0001331
all	135	116	886578	0.0001308
all	136	153	886578	0.0001726
all	137	75	886578	0.0000846
all	138	112	886578	0.0001263
all	139	120	886578	0.0001354
all	140	114	886578	0.0001286
all	141	97	886578	0.0001094
all	142	86	886578	0.0000970
all	143	69	886578	0.0000778
all	144	85	886578	0.0000959
all	145	121	886578	0.0001365
all	146	107	886578	0.0001207
all	147	73	886578	0.0000823
all	148	67	886578	0.0000756
all	149	90	886578	0.0001015
all	150	59	886578	0.0000665
all	151	70	886578	0.0000790
all	152	87	886578	0.0000981
all	153	91	886578	0.0001026
all	154	95	886578	0.0001072
all	155	75	886578	0.0000846
all	156	84	886578	0.0000947
all	157	62	886578	0.0000699
all	158	44	886578	0.0000496
all	159	68	886578	0.0000767
all	160	57	886578	0.0000643
all	161	40	886578	0.0000451
all	162	69	886578	0.0000778
all	163	72	886578	0.0000812
all	164	71	886578	0.0000801
all	165	59	886578	0.0000665
all	166	58	886578	0.0000654
all	167	42	886578	0.0000474
all	168	50	886578	0.0000564
all	169	55	886578	0.0000620
all	170	56	886578	0.0000632
all	171	76	886578	0.0000857
all	172	40	886578	0.0000451
all	173	49	886578	0.0000553
all	174	62	886578	0.0000699
all	175	44	886578	0.0000496
all	176	102	886578	0.0001150
all	177	45	886578	0.0000508
all	178	58	886578	0.0000654
all	179	41	886578	0.0000462
all	180	34	886578	0.0000383
all	181	42	886578	0.0000474
all	182	62	886578	0.0000699
all	183	37	886578	0.0000417
all	184	50	886578	0.0000564
all	185	22	886578	0.0000248
all	186	34	886578	0.0000383
all	187	20	886578	0.0000226
all	188	31	886578	0.0000350
all	189	31	886578	0.0000350
all	190	28	886578	0.0000316
all	191	28	886578	0.0000316
all	192	45	886578	0.0000508
all	193	25	886578	0.0000282
all	194	45	886578	0.0000508
all	195	32	886578	0.0000361
all	196	55	886578	0.0000620
all	197	18	886578	0.0000203
all	198	51	886578	0.0000575
all	199	36	886578	0.0000406
all	200	27	886578	0.0000305
all	201	27	886578	0.0000305
all	202	37	886578	0.0000417
all	203	24	886578	0.0000271
all	204	31	886578	0.0000350
all	205	28	886578	0.0000316
all	206	20	886578	0.0000226
all	207	38	886578	0.0000429
all	208	22	886578	0.0000248
all	209	27	886578	0.0000305
all	210	24	886578	0.0000271
all	211	29	886578	0.0000327
all	212	30	886578	0.0000338
all	213	23	886578	0.0000259
all	214	21	886578	0.0000237
all	215	35	886578	0.0000395
all	216	20	886578	0.0000226
all	217	33	886578	0.0000372
all	218	32	886578	0.0000361
all	219	21	886578	0.0000237
all	220	22	886578	0.0000248
all	221	29	886578	0.0000327
all	222	39	886578	0.0000440
all	223	31	886578	0.0000350
all	224	33	886578	0.0000372
all	225	28	886578	0.0000316
all	226	36	886578	0.0000406
all	227	25	886578	0.0000282
all	228	25	886578	0.0000282
all	229	30	886578	0.0000338
all	230	28	886578	0.0000316
all	231	22	886578	0.0000248
all	232	24	886578	0.0000271
all	233	25	886578	0.0000282
all	234	39	886578	0.0000440
all	235	20	886578	0.0000226
all	236	51	886578	0.0000575
all	237	17	886578	0.0000192
all	238	31	886578	0.0000350
all	239	32	886578	0.0000361
all	240	36	886578	0.0000406
all	241	27	886578	0.0000305
all	242	42	886578	0.0000474
all	243	23	886578	0.0000259
all	244	22	886578	0.0000248
all	245	28	886578	0.0000316
all	246	31	886578	0.0000350
all	247	45	886578	0.0000508
all	248	57	886578	0.0000643
all	249	23	886578	0.0000259
all	250	35	886578	0.0000395
all	251	36	886578	0.0000406
all	252	45	886578	0.0000508
all	253	51	886578	0.0000575
all	254	37	886578	0.0000417
all	255	17	886578	0.0000192
all	256	27	886578	0.0000305
all	257	33	886578	0.0000372
all	258	22	886578	0.0000248
all	259	24	886578	0.0000271
all	260	12	886578	0.0000135
all	261	25	886578	0.0000282
all	262	13	886578	0.0000147
all	263	20	886578	0.0000226
all	264	27	886578	0.0000305
all	265	21	886578	0.0000237
all	266	35	886578	0.0000395
all	267	25	886578	0.0000282
all	268	23	886578	0.0000259
all	269	26	886578	0.0000293
all	270	38	886578	0.0000429
all	271	26	886578	0.0000293
all	272	35	886578	0.0000395
all	273	28	886578	0.0000316
all	274	31	886578	0.0000350
all	275	36	886578	0.0000406
all	276	38	886578	0.0000429
all	277	21	886578	0.0000237
all	278	27	886578	0.0000305
all	279	20	886578	0.0000226
all	280	39	886578	0.0000440
all	281	17	886578	0.0000192
all	282	23	886578	0.0000259
all	283	21	886578	0.0000237
all	284	39	886578	0.0000440
all	285	20	886578	0.0000226
all	286	33	886578	0.0000372
all	287	41	886578	0.0000462
all	288	23	886578	0.0000259
all	289	24	886578	0.0000271
all	290	29	886578	0.0000327
all	291	59	886578	0.0000665
all	292	22	886578	0.0000248
all	293	28	886578	0.0000316
all	294	17	886578	0.0000192
all	295	26	886578	0.0000293
all	296	23	886578	0.0000259
all	297	18	886578	0.0000203
all	298	13	886578	0.0000147
all	299	22	886578	0.0000248
all	300	10	886578	0.0000113
all	301	14	886578	0.0000158
all	302	28	886578	0.0000316
all	303	13	886578	0.0000147
all	304	24	886578	0.0000271
all	305	25	886578	0.0000282
all	306	22	886578	0.0000248
all	307	11	886578	0.0000124
all	308	21	886578	0.0000237
all	309	20	886578	0.0000226
all	310	12	886578	0.0000135
all	311	14	886578	0.0000158
all	312	20	886578	0.0000226
all	313	24	886578	0.0000271
all	314	34	886578	0.0000383
all	315	12	886578	0.0000135
all	316	35	886578	0.0000395
all	317	18	886578	0.0000203
all	318	28	886578	0.0000316
all	319	9	886578	0.0000102
all	320	27	886578	0.0000305
all	321	13	886578	0.0000147
all	322	12	886578	0.0000135
all	323	12	886578	0.0000135
all	324	19	886578	0.0000214
all	325	17	886578	0.0000192
all	326	12	886578	0.0000135
all	327	16	886578	0.0000180
all	328	14	886578	0.0000158
all	329	13	886578	0.0000147
all	330	22	886578	0.0000248
all	331	17	886578	0.0000192
all	332	9	886578	0.0000102
all	333	15	886578	0.0000169
all	334	22	886578	0.0000248
all	335	18	886578	0.0000203
all	336	14	886578	0.0000158
all	337	12	886578	0.0000135
all	338	22	886578	0.0000248
all	339	20	886578	0.0000226
all	340	14	886578	0.0000158
all	341	24	886578	0.0000271
all	342	8	886578	0.0000090
all	343	18	886578	0.0000203
all	344	16	886578	0.0000180
all	345	14	886578	0.0000158
all	346	17	886578	0.0000192
all	347	20	886578	0.0000226
all	348	29	886578	0.0000327
all	349	12	886578	0.0000135
all	350	25	886578	0.0000282
all	351	9	886578	0.0000102
all	352	10	886578	0.0000113
all	353	16	886578	0.0000180
all	354	17	886578	0.0000192
all	355	21	886578	0.0000237
all	356	8	886578	0.0000090
all	357	22	886578	0.0000248
all	358	18	886578	0.0000203
all	359	23	886578	0.0000259
all	360	27	886578	0.0000305
all	361	18	886578	0.0000203
all	362	22	886578	0.0000248
all	363	41	886578	0.0000462
all	364	14	886578	0.0000158
all	365	27	886578	0.0000305
all	366	14	886578	0.0000158
all	367	21	886578	0.0000237
all	368	13	886578	0.0000147
all	369	23	886578	0.0000259
all	370	17	886578	0.0000192
all	371	19	886578	0.0000214
all	372	15	886578	0.0000169
all	373	17	886578	0.0000192
all	374	9	886578	0.0000102
all	375	23	886578	0.0000259
all	376	22	886578	0.0000248
all	377	31	886578	0.0000350
all	378	21	886578	0.0000237
all	379	17	886578	0.0000192
all	380	33	886578	0.0000372
all	381	12	886578	0.0000135
all	382	25	886578	0.0000282
all	383	16	886578	0.0000180
all	384	24	886578	0.0000271
all	385	19	886578	0.0000214
all	386	17	886578	0.0000192
all	387	23	886578	0.0000259
all	388	25	886578	0.0000282
all	389	19	886578	0.0000214
all	390	32	886578	0.0000361
all	391	23	886578	0.0000259
all	392	14	886578	0.0000158
all	393	31	886578	0.0000350
all	394	28	886578	0.0000316
all	395	12	886578	0.0000135
all	396	16	886578	0.0000180
all	397	11	886578	0.0000124
all	398	13	886578	0.0000147
all	399	14	886578	0.0000158
all	400	16	886578	0.0000180
all	401	17	886578	0.0000192
all	402	18	886578	0.0000203
all	403	18	886578	0.0000203
all	404	28	886578	0.0000316
all	405	13	886578	0.0000147
all	406	22	886578	0.0000248
all	407	17	886578	0.0000192
all	408	12	886578	0.0000135
all	409	16	886578	0.0000180
all	410	11	886578	0.0000124
all	411	29	886578	0.0000327
all	412	11	886578	0.0000124
all	413	17	886578	0.0000192
all	414	18	886578	0.0000203
all	415	16	886578	0.0000180
all	416	10	886578	0.0000113
all	417	19	886578	0.0000214
all	418	17	886578	0.0000192
all	419	22	886578	0.0000248
all	420	16	886578	0.0000180
all	421	9	886578	0.0000102
all	422	15	886578	0.0000169
all	423	19	886578	0.0000214
all	424	10	886578	0.0000113
all	425	14	886578	0.0000158
all	426	12	886578	0.0000135
all	427	26	886578	0.0000293
all	428	9	886578	0.0000102
all	429	19	886578	0.0000214
all	430	13	886578	0.0000147
all	431	13	886578	0.0000147
all	432	11	886578	0.0000124
all	433	10	886578	0.0000113
all	434	16	886578	0.0000180
all	435	19	886578	0.0000214
all	436	33	886578	0.0000372
all	437	18	886578	0.0000203
all	438	13	886578	0.0000147
all	439	29	886578	0.0000327
all	440	7	886578	0.0000079
all	441	12	886578	0.0000135
all	442	10	886578	0.0000113
all	443	15	886578	0.0000169
all	444	9	886578	0.0000102
all	445	12	886578	0.0000135
all	446	15	886578	0.0000169
all	447	16	886578	0.0000180
all	448	16	886578	0.0000180
all	449	15	886578	0.0000169
all	450	14	886578	0.0000158
all	451	17	886578	0.0000192
all	452	16	886578	0.0000180
all	453	26	886578	0.0000293
all	454	19	886578	0.0000214
all	455	14	886578	0.0000158
all	456	20	886578	0.0000226
all	457	21	886578	0.0000237
all	458	18	886578	0.0000203
all	459	20	886578	0.0000226
all	460	19	886578	0.0000214
all	461	26	886578	0.0000293
all	462	11	886578	0.0000124
all	463	33	886578	0.0000372
all	464	14	886578	0.0000158
all	465	13	886578	0.0000147
all	466	19	886578	0.0000214
all	467	16	886578	0.0000180
all	468	14	886578	0.0000158
all	469	16	886578	0.0000180
all	470	19	886578	0.0000214
all	471	19	886578	0.0000214
all	472	13	886578	0.0000147
all	473	8	886578	0.0000090
all	474	22	886578	0.0000248
all	475	11	886578	0.0000124
all	476	11	886578	0.0000124
all	477	19	886578	0.0000214
all	478	18	886578	0.0000203
all	479	16	886578	0.0000180
all	480	14	886578	0.0000158
all	481	18	886578	0.0000203
all	482	21	886578	0.0000237
all	483	13	886578	0.0000147
all	484	22	886578	0.0000248
all	485	9	886578	0.0000102
all	486	10	886578	0.0000113
all	487	18	886578	0.0000203
all	488	17	886578	0.0000192
all	489	13	886578	0.0000147
all	490	24	886578	0.0000271
all	491	17	886578	0.0000192
all	492	19	886578	0.0000214
all	493	21	886578	0.0000237
all	494	11	886578	0.0000124
all	495	15	886578	0.0000169
all	496	23	886578	0.0000259
all	497	12	886578	0.0000135
all	498	22	886578	0.0000248
all	499	18	886578	0.0000203
all	500	17	886578	0.0000192
all	501	15	886578	0.0000169
all	502	22	886578	0.0000248
all	503	14	886578	0.0000158
all	504	23	886578	0.0000259
all	505	25	886578	0.0000282
all	506	17	886578	0.0000192
all	507	11	886578	0.0000124
all	508	9	886578	0.0000102
all	509	17	886578	0.0000192
all	510	18	886578	0.0000203
all	511	17	886578	0.0000192
all	512	9	886578	0.0000102
all	513	9	886578	0.0000102
all	514	12	886578	0.0000135
all	515	21	886578	0.0000237
all	516	14	886578	0.0000158
all	517	9	886578	0.0000102
all	518	12	886578	0.0000135
all	519	19	886578	0.0000214
all	520	19	886578	0.0000214
all	521	15	886578	0.0000169
all	522	20	886578	0.0000226
all	523	14	886578	0.0000158
all	524	13	886578	0.0000147
all	525	12	886578	0.0000135
all	526	14	886578	0.0000158
all	527	11	886578	0.0000124
all	528	20	886578	0.0000226
all	529	15	886578	0.0000169
all	530	17	886578	0.0000192
all	531	13	886578	0.0000147
all	532	9	886578	0.0000102
all	533	11	886578	0.0000124
all	534	23	886578	0.0000259
all	535	11	886578	0.0000124
all	536	16	886578	0.0000180
all	537	16	886578	0.0000180
all	538	8	886578	0.0000090
all	539	16	886578	0.0000180
all	540	10	886578	0.0000113
all	541	8	886578	0.0000090
all	542	10	886578	0.0000113
all	543	12	886578	0.0000135
all	544	10	886578	0.0000113
all	545	13	886578	0.0000147
all	546	9	886578	0.0000102
all	547	8	886578	0.0000090
all	548	8	886578	0.0000090
all	549	9	886578	0.0000102
all	550	15	886578	0.0000169
all	551	11	886578	0.0000124
all	552	10	886578	0.0000113
all	553	11	886578	0.0000124
all	554	3	886578	0.0000034
all	555	7	886578	0.0000079
all	556	13	886578	0.0000147
all	557	9	886578	0.0000102
all	558	16	886578	0.0000180
all	559	20	886578	0.0000226
all	560	22	886578	0.0000248
all	561	18	886578	0.0000203
all	562	5	886578	0.0000056
all	563	11	886578	0.0000124
all	564	13	886578	0.0000147
all	565	14	886578	0.0000158
all	566	13	886578	0.0000147
all	567	22	886578	0.0000248
all	568	19	886578	0.0000214
all	569	13	886578	0.0000147
all	570	16	886578	0.0000180
all	571	14	886578	0.0000158
all	572	13	886578	0.0000147
all	573	27	886578	0.0000305
all	574	12	886578	0.0000135
all	575	16	886578	0.0000180
all	576	14	886578	0.0000158
all	577	9	886578	0.0000102
all	578	8	886578	0.0000090
all	579	14	886578	0.0000158
all	580	11	886578	0.0000124
all	581	11	886578	0.0000124
all	582	13	886578	0.0000147
all	583	9	886578	0.0000102
all	584	9	886578	0.0000102
all	585	14	886578	0.0000158
all	586	2	886578	0.0000023
all	587	20	886578	0.0000226
all	588	9	886578	0.0000102
all	589	19	886578	0.0000214
all	590	15	886578	0.0000169
all	591	6	886578	0.0000068
all	592	13	886578	0.0000147
all	593	19	886578	0.0000214
all	594	10	886578	0.0000113
all	595	5	886578	0.0000056
all	596	3	886578	0.0000034
all	597	3	886578	0.0000034
all	598	2	886578	0.0000023
all	599	8	886578	0.0000090
all	600	8	886578	0.0000090
all	601	8	886578	0.0000090
all	602	11	886578	0.0000124
all	603	8	886578	0.0000090
all	604	8	886578	0.0000090
all	605	10	886578	0.0000113
all	606	11	886578	0.0000124
all	607	5	886578	0.0000056
all	608	6	886578	0.0000068
all	609	2	886578	0.0000023
all	610	6	886578	0.0000068
all	611	6	886578	0.0000068
all	612	7	886578	0.0000079
all	613	11	886578	0.0000124
all	614	13	886578	0.0000147
all	615	4	886578	0.0000045
all	616	12	886578	0.0000135
all	617	12	886578	0.0000135
all	618	10	886578	0.0000113
all	619	10	886578	0.0000113
all	620	8	886578	0.0000090
all	621	14	886578	0.0000158
all	622	4	886578	0.0000045
all	623	17	886578	0.0000192
all	624	12	886578	0.0000135
all	625	12	886578	0.0000135
all	626	4	886578	0.0000045
all	627	7	886578	0.0000079
all	628	9	886578	0.0000102
all	629	3	886578	0.0000034
all	630	7	886578	0.0000079
all	631	8	886578	0.0000090
all	632	7	886578	0.0000079
all	633	7	886578	0.0000079
all	634	3	886578	0.0000034
all	635	6	886578	0.0000068
all	636	5	886578	0.0000056
all	637	4	886578	0.0000045
all	638	11	886578	0.0000124
all	639	8	886578	0.0000090
all	640	19	886578	0.0000214
all	641	4	886578	0.0000045
all	642	7	886578	0.0000079
all	643	8	886578	0.0000090
all	644	9	886578	0.0000102
all	645	5	886578	0.0000056
all	646	4	886578	0.0000045
all	647	9	886578	0.0000102
all	648	6	886578	0.0000068
all	649	13	886578	0.0000147
all	650	4	886578	0.0000045
all	651	11	886578	0.0000124
all	652	12	886578	0.0000135
all	653	7	886578	0.0000079
all	654	10	886578	0.0000113
all	655	7	886578	0.0000079
all	656	6	886578	0.0000068
all	657	4	886578	0.0000045
all	658	5	886578	0.0000056
all	659	4	886578	0.0000045
all	660	5	886578	0.0000056
all	661	5	886578	0.0000056
all	662	7	886578	0.0000079
all	663	6	886578	0.0000068
all	664	9	886578	0.0000102
all	665	5	886578	0.0000056
all	666	4	886578	0.0000045
all	667	4	886578	0.0000045
all	668	8	886578	0.0000090
all	669	4	886578	0.0000045
all	670	17	886578	0.0000192
all	671	19	886578	0.0000214
all	672	7	886578	0.0000079
all	673	8	886578	0.0000090
all	674	8	886578	0.0000090
all	675	7	886578	0.0000079
all	676	6	886578	0.0000068
all	677	9	886578	0.0000102
all	678	5	886578	0.0000056
all	679	5	886578	0.0000056
all	680	6	886578	0.0000068
all	681	8	886578	0.0000090
all	682	5	886578	0.0000056
all	683	8	886578	0.0000090
all	684	3	886578	0.0000034
all	685	3	886578	0.0000034
all	686	7	886578	0.0000079
all	687	7	886578	0.0000079
all	688	9	886578	0.0000102
all	689	12	886578	0.0000135
all	690	13	886578	0.0000147
all	691	9	886578	0.0000102
all	692	7	886578	0.0000079
all	693	10	886578	0.0000113
all	694	10	886578	0.0000113
all	695	13	886578	0.0000147
all	696	9	886578	0.0000102
all	697	9	886578	0.0000102
all	698	5	886578	0.0000056
all	699	4	886578	0.0000045
all	700	12	886578	0.0000135
all	701	10	886578	0.0000113
all	702	7	886578	0.0000079
all	703	11	886578	0.0000124
all	704	10	886578	0.0000113
all	705	2	886578	0.0000023
all	706	13	886578	0.0000147
all	707	5	886578	0.0000056
all	708	5	886578	0.0000056
all	709	10	886578	0.0000113
all	710	10	886578	0.0000113
all	711	10	886578	0.0000113
all	712	17	886578	0.0000192
all	713	7	886578	0.0000079
all	714	11	886578	0.0000124
all	715	6	886578	0.0000068
all	716	8	886578	0.0000090
all	717	7	886578	0.0000079
all	718	21	886578	0.0000237
all	719	7	886578	0.0000079
all	720	9	886578	0.0000102
all	721	10	886578	0.0000113
all	722	4	886578	0.0000045
all	723	6	886578	0.0000068
all	724	8	886578	0.0000090
all	725	6	886578	0.0000068
all	726	9	886578	0.0000102
all	727	9	886578	0.0000102
all	728	11	886578	0.0000124
all	729	11	886578	0.0000124
all	730	8	886578	0.0000090
all	731	11	886578	0.0000124
all	732	11	886578	0.0000124
all	733	8	886578	0.0000090
all	734	4	886578	0.0000045
all	735	11	886578	0.0000124
all	736	14	886578	0.0000158
all	737	8	886578	0.0000090
all	738	9	886578	0.0000102
all	739	19	886578	0.0000214
all	740	4	886578	0.0000045
all	741	8	886578	0.0000090
all	742	18	886578	0.0000203
all	743	7	886578	0.0000079
all	744	10	886578	0.0000113
all	745	9	886578	0.0000102
all	746	8	886578	0.0000090
all	747	2	886578	0.0000023
all	748	7	886578	0.0000079
all	749	10	886578	0.0000113
all	750	11	886578	0.0000124
all	751	15	886578	0.0000169
all	752	13	886578	0.0000147
all	753	12	886578	0.0000135
all	754	11	886578	0.0000124
all	755	9	886578	0.0000102
all	756	13	886578	0.0000147
all	757	2	886578	0.0000023
all	758	10	886578	0.0000113
all	759	3	886578	0.0000034
all	760	4	886578	0.0000045
all	761	6	886578	0.0000068
all	762	10	886578	0.0000113
all	763	9	886578	0.0000102
all	764	10	886578	0.0000113
all	766	5	886578	0.0000056
all	767	4	886578	0.0000045
all	768	8	886578	0.0000090
all	769	4	886578	0.0000045
all	770	8	886578	0.0000090
all	771	1	886578	0.0000011
all	772	8	886578	0.0000090
all	773	8	886578	0.0000090
all	774	6	886578	0.0000068
all	775	5	886578	0.0000056
all	776	7	886578	0.0000079
all	777	4	886578	0.0000045
all	778	6	886578	0.0000068
all	779	8	886578	0.0000090
all	780	9	886578	0.0000102
all	781	5	886578	0.0000056
all	782	2	886578	0.0000023
all	783	2	886578	0.0000023
all	784	6	886578	0.0000068
all	785	6	886578	0.0000068
all	786	10	886578	0.0000113
all	787	4	886578	0.0000045
all	788	10	886578	0.0000113
all	789	7	886578	0.0000079
all	790	10	886578	0.0000113
all	791	3	886578	0.0000034
all	792	6	886578	0.0000068
all	793	12	886578	0.0000135
all	794	10	886578	0.0000113
all	795	14	886578	0.0000158
all	796	5	886578	0.0000056
all	797	10	886578	0.0000113
all	798	12	886578	0.0000135
all	799	10	886578	0.0000113
all	801	1	886578	0.0000011
all	802	10	886578	0.0000113
all	803	5	886578	0.0000056
all	804	4	886578	0.0000045
all	805	6	886578	0.0000068
all	806	11	886578	0.0000124
all	807	9	886578	0.0000102
all	808	13	886578	0.0000147
all	809	9	886578	0.0000102
all	810	6	886578	0.0000068
all	811	3	886578	0.0000034
all	812	8	886578	0.0000090
all	813	1	886578	0.0000011
all	814	11	886578	0.0000124
all	815	5	886578	0.0000056
all	816	5	886578	0.0000056
all	817	9	886578	0.0000102
all	818	10	886578	0.0000113
all	819	3	886578	0.0000034
all	820	3	886578	0.0000034
all	821	9	886578	0.0000102
all	822	5	886578	0.0000056
all	823	5	886578	0.0000056
all	824	1	886578	0.0000011
all	825	7	886578	0.0000079
all	826	2	886578	0.0000023
all	827	7	886578	0.0000079
all	828	4	886578	0.0000045
all	829	6	886578	0.0000068
all	830	7	886578	0.0000079
all	831	2	886578	0.0000023
all	832	9	886578	0.0000102
all	833	5	886578	0.0000056
all	834	12	886578	0.0000135
all	835	10	886578	0.0000113
all	836	2	886578	0.0000023
all	837	3	886578	0.0000034
all	838	9	886578	0.0000102
all	839	4	886578	0.0000045
all	840	6	886578	0.0000068
all	841	3	886578	0.0000034
all	842	11	886578	0.0000124
all	843	4	886578	0.0000045
all	844	2	886578	0.0000023
all	845	3	886578	0.0000034
all	846	6	886578	0.0000068
all	847	4	886578	0.0000045
all	848	5	886578	0.0000056
all	849	6	886578	0.0000068
all	850	10	886578	0.0000113
all	851	6	886578	0.0000068
all	852	6	886578	0.0000068
all	853	2	886578	0.0000023
all	854	4	886578	0.0000045
all	855	4	886578	0.0000045
all	856	2	886578	0.0000023
all	857	8	886578	0.0000090
all	858	5	886578	0.0000056
all	859	5	886578	0.0000056
all	860	3	886578	0.0000034
all	861	7	886578	0.0000079
all	862	10	886578	0.0000113
all	863	6	886578	0.0000068
all	864	3	886578	0.0000034
all	865	4	886578	0.0000045
all	866	5	886578	0.0000056
all	867	2	886578	0.0000023
all	868	14	886578	0.0000158
all	869	5	886578	0.0000056
all	870	5	886578	0.0000056
all	871	6	886578	0.0000068
all	872	5	886578	0.0000056
all	873	7	886578	0.0000079
all	874	5	886578	0.0000056
all	875	5	886578	0.0000056
all	876	7	886578	0.0000079
all	877	5	886578	0.0000056
all	878	8	886578	0.0000090
all	879	4	886578	0.0000045
all	880	8	886578	0.0000090
all	881	7	886578	0.0000079
all	882	7	886578	0.0000079
all	883	4	886578	0.0000045
all	884	4	886578	0.0000045
all	885	12	886578	0.0000135
all	886	18	886578	0.0000203
all	887	6	886578	0.0000068
all	888	7	886578	0.0000079
all	889	3	886578	0.0000034
all	890	3	886578	0.0000034
all	891	6	886578	0.0000068
all	892	5	886578	0.0000056
all	893	7	886578	0.0000079
all	894	2	886578	0.0000023
all	896	4	886578	0.0000045
all	897	13	886578	0.0000147
all	898	9	886578	0.0000102
all	899	17	886578	0.0000192
all	900	6	886578	0.0000068
all	901	9	886578	0.0000102
all	902	1	886578	0.0000011
all	903	6	886578	0.0000068
all	904	3	886578	0.0000034
all	905	5	886578	0.0000056
all	906	5	886578	0.0000056
all	907	9	886578	0.0000102
all	908	4	886578	0.0000045
all	909	5	886578	0.0000056
all	910	6	886578	0.0000068
all	911	10	886578	0.0000113
all	912	6	886578	0.0000068
all	913	5	886578	0.0000056
all	914	15	886578	0.0000169
all	915	4	886578	0.0000045
all	916	6	886578	0.0000068
all	917	6	886578	0.0000068
all	918	8	886578	0.0000090
all	919	6	886578	0.0000068
all	920	4	886578	0.0000045
all	921	4	886578	0.0000045
all	922	2	886578	0.0000023
all	923	3	886578	0.0000034
all	924	1	886578	0.0000011
all	925	5	886578	0.0000056
all	926	4	886578	0.0000045
all	927	4	886578	0.0000045
all	928	5	886578	0.0000056
all	929	3	886578	0.0000034
all	930	6	886578	0.0000068
all	931	2	886578	0.0000023
all	932	8	886578	0.0000090
all	933	7	886578	0.0000079
all	934	3	886578	0.0000034
all	935	6	886578	0.0000068
all	936	3	886578	0.0000034
all	937	6	886578	0.0000068
all	938	3	886578	0.0000034
all	939	1	886578	0.0000011
all	940	11	886578	0.0000124
all	941	7	886578	0.0000079
all	942	10	886578	0.0000113
all	943	3	886578	0.0000034
all	944	6	886578	0.0000068
all	945	4	886578	0.0000045
all	946	6	886578	0.0000068
all	947	4	886578	0.0000045
all	948	6	886578	0.0000068
all	949	7	886578	0.0000079
all	950	9	886578	0.0000102
all	951	4	886578	0.0000045
all	952	10	886578	0.0000113
all	953	2	886578	0.0000023
all	954	10	886578	0.0000113
all	955	13	886578	0.0000147
all	956	4	886578	0.0000045
all	957	3	886578	0.0000034
all	958	9	886578	0.0000102
all	959	8	886578	0.0000090
all	960	8	886578	0.0000090
all	961	3	886578	0.0000034
all	962	8	886578	0.0000090
all	963	4	886578	0.0000045
all	964	8	886578	0.0000090
all	965	3	886578	0.0000034
all	966	9	886578	0.0000102
all	967	9	886578	0.0000102
all	968	9	886578	0.0000102
all	969	6	886578	0.0000068
all	970	9	886578	0.0000102
all	971	4	886578	0.0000045
all	972	5	886578	0.0000056
all	973	7	886578	0.0000079
all	974	5	886578	0.0000056
all	975	3	886578	0.0000034
all	976	5	886578	0.0000056
all	977	8	886578	0.0000090
all	978	8	886578	0.0000090
all	979	3	886578	0.0000034
all	980	6	886578	0.0000068
all	981	9	886578	0.0000102
all	982	8	886578	0.0000090
all	983	12	886578	0.0000135
all	984	7	886578	0.0000079
all	985	6	886578	0.0000068
all	986	9	886578	0.0000102
all	987	6	886578	0.0000068
all	988	5	886578	0.0000056
all	989	4	886578	0.0000045
all	990	3	886578	0.0000034
all	991	4	886578	0.0000045
all	992	5	886578	0.0000056
all	993	4	886578	0.0000045
all	994	8	886578	0.0000090
all	995	9	886578	0.0000102
all	996	9	886578	0.0000102
all	997	8	886578	0.0000090
all	998	5	886578	0.0000056
all	999	8	886578	0.0000090
all	1000	3	886578	0.0000034
all	1001	10	886578	0.0000113
all	1002	8	886578	0.0000090
all	1003	6	886578	0.0000068
all	1004	4	886578	0.0000045
all	1005	12	886578	0.0000135
all	1006	7	886578	0.0000079
all	1007	6	886578	0.0000068
all	1008	8	886578	0.0000090
all	1009	5	886578	0.0000056
all	1010	6	886578	0.0000068
all	1011	6	886578	0.0000068
all	1012	7	886578	0.0000079
all	1013	6	886578	0.0000068
all	1014	5	886578	0.0000056
all	1015	5	886578	0.0000056
all	1016	7	886578	0.0000079
all	1017	5	886578	0.0000056
all	1018	6	886578	0.0000068
all	1019	5	886578	0.0000056
all	1020	13	886578	0.0000147
all	1021	9	886578	0.0000102
all	1022	3	886578	0.0000034
all	1023	5	886578	0.0000056
all	1024	5	886578	0.0000056
all	1025	3	886578	0.0000034
all	1026	6	886578	0.0000068
all	1027	8	886578	0.0000090
all	1028	8	886578	0.0000090
all	1029	3	886578	0.0000034
all	1030	3	886578	0.0000034
all	1031	4	886578	0.0000045
all	1032	9	886578	0.0000102
all	1033	7	886578	0.0000079
all	1034	4	886578	0.0000045
all	1035	6	886578	0.0000068
all	1036	7	886578	0.0000079
all	1037	5	886578	0.0000056
all	1038	5	886578	0.0000056
all	1039	2	886578	0.0000023
all	1040	12	886578	0.0000135
all	1041	5	886578	0.0000056
all	1042	11	886578	0.0000124
all	1043	3	886578	0.0000034
all	1044	3	886578	0.0000034
all	1045	8	886578	0.0000090
all	1046	8	886578	0.0000090
all	1047	6	886578	0.0000068
all	1048	9	886578	0.0000102
all	1049	6	886578	0.0000068
all	1050	6	886578	0.0000068
all	1051	9	886578	0.0000102
all	1052	4	886578	0.0000045
all	1053	10	886578	0.0000113
all	1054	8	886578	0.0000090
all	1055	10	886578	0.0000113
all	1056	10	886578	0.0000113
all	1057	5	886578	0.0000056
all	1058	10	886578	0.0000113
all	1059	12	886578	0.0000135
all	1060	8	886578	0.0000090
all	1061	12	886578	0.0000135
all	1062	4	886578	0.0000045
all	1063	11	886578	0.0000124
all	1064	7	886578	0.0000079
all	1065	6	886578	0.0000068
all	1066	13	886578	0.0000147
all	1067	3	886578	0.0000034
all	1068	8	886578	0.0000090
all	1069	5	886578	0.0000056
all	1070	6	886578	0.0000068
all	1071	4	886578	0.0000045
all	1072	4	886578	0.0000045
all	1073	5	886578	0.0000056
all	1074	11	886578	0.0000124
all	1075	6	886578	0.0000068
all	1076	9	886578	0.0000102
all	1077	7	886578	0.0000079
all	1078	5	886578	0.0000056
all	1079	8	886578	0.0000090
all	1080	4	886578	0.0000045
all	1081	2	886578	0.0000023
all	1082	4	886578	0.0000045
all	1083	7	886578	0.0000079
all	1084	4	886578	0.0000045
all	1085	4	886578	0.0000045
all	1086	2	886578	0.0000023
all	1087	13	886578	0.0000147
all	1088	9	886578	0.0000102
all	1089	3	886578	0.0000034
all	1090	2	886578	0.0000023
all	1091	3	886578	0.0000034
all	1092	2	886578	0.0000023
all	1093	12	886578	0.0000135
all	1094	6	886578	0.0000068
all	1095	2	886578	0.0000023
all	1096	6	886578	0.0000068
all	1097	7	886578	0.0000079
all	1098	5	886578	0.0000056
all	1099	11	886578	0.0000124
all	1100	9	886578	0.0000102
all	1101	11	886578	0.0000124
all	1102	6	886578	0.0000068
all	1103	11	886578	0.0000124
all	1104	10	886578	0.0000113
all	1105	5	886578	0.0000056
all	1106	9	886578	0.0000102
all	1107	4	886578	0.0000045
all	1108	3	886578	0.0000034
all	1109	6	886578	0.0000068
all	1110	4	886578	0.0000045
all	1111	1	886578	0.0000011
all	1112	5	886578	0.0000056
all	1113	10	886578	0.0000113
all	1114	2	886578	0.0000023
all	1115	13	886578	0.0000147
all	1116	5	886578	0.0000056
all	1117	3	886578	0.0000034
all	1118	6	886578	0.0000068
all	1119	2	886578	0.0000023
all	1120	3	886578	0.0000034
all	1121	15	886578	0.0000169
all	1122	3	886578	0.0000034
all	1123	11	886578	0.0000124
all	1124	10	886578	0.0000113
all	1125	4	886578	0.0000045
all	1126	5	886578	0.0000056
all	1127	2	886578	0.0000023
all	1128	4	886578	0.0000045
all	1129	3	886578	0.0000034
all	1130	5	886578	0.0000056
all	1131	11	886578	0.0000124
all	1132	5	886578	0.0000056
all	1133	9	886578	0.0000102
all	1134	3	886578	0.0000034
all	1135	5	886578	0.0000056
all	1136	4	886578	0.0000045
all	1137	8	886578	0.0000090
all	1138	1	886578	0.0000011
all	1139	6	886578	0.0000068
all	1140	2	886578	0.0000023
all	1141	2	886578	0.0000023
all	1142	4	886578	0.0000045
all	1143	4	886578	0.0000045
all	1144	5	886578	0.0000056
all	1145	9	886578	0.0000102
all	1146	6	886578	0.0000068
all	1147	4	886578	0.0000045
all	1148	5	886578	0.0000056
all	1149	2	886578	0.0000023
all	1150	5	886578	0.0000056
all	1151	6	886578	0.0000068
all	1152	6	886578	0.0000068
all	1153	3	886578	0.0000034
all	1154	4	886578	0.0000045
all	1156	5	886578	0.0000056
all	1157	5	886578	0.0000056
all	1158	6	886578	0.0000068
all	1159	7	886578	0.0000079
all	1160	5	886578	0.0000056
all	1161	2	886578	0.0000023
all	1162	5	886578	0.0000056
all	1163	4	886578	0.0000045
all	1164	3	886578	0.0000034
all	1165	3	886578	0.0000034
all	1166	10	886578	0.0000113
all	1167	10	886578	0.0000113
all	1168	7	886578	0.0000079
all	1169	5	886578	0.0000056
all	1170	7	886578	0.0000079
all	1171	5	886578	0.0000056
all	1172	9	886578	0.0000102
all	1173	4	886578	0.0000045
all	1174	3	886578	0.0000034
all	1175	5	886578	0.0000056
all	1176	3	886578	0.0000034
all	1177	8	886578	0.0000090
all	1178	3	886578	0.0000034
all	1179	5	886578	0.0000056
all	1180	5	886578	0.0000056
all	1181	4	886578	0.0000045
all	1182	3	886578	0.0000034
all	1183	9	886578	0.0000102
all	1184	5	886578	0.0000056
all	1185	2	886578	0.0000023
all	1186	8	886578	0.0000090
all	1187	7	886578	0.0000079
all	1188	4	886578	0.0000045
all	1189	2	886578	0.0000023
all	1190	5	886578	0.0000056
all	1191	4	886578	0.0000045
all	1192	3	886578	0.0000034
all	1193	3	886578	0.0000034
all	1194	3	886578	0.0000034
all	1195	4	886578	0.0000045
all	1196	4	886578	0.0000045
all	1197	1	886578	0.0000011
all	1198	3	886578	0.0000034
all	1199	2	886578	0.0000023
all	1200	3	886578	0.0000034
all	1201	8	886578	0.0000090
all	1202	2	886578	0.0000023
all	1203	8	886578	0.0000090
all	1204	2	886578	0.0000023
all	1205	5	886578	0.0000056
all	1206	9	886578	0.0000102
all	1207	1	886578	0.0000011
all	1208	7	886578	0.0000079
all	1209	6	886578	0.0000068
all	1210	5	886578	0.0000056
all	1211	4	886578	0.0000045
all	1212	10	886578	0.0000113
all	1213	8	886578	0.0000090
all	1214	9	886578	0.0000102
all	1215	12	886578	0.0000135
all	1216	4	886578	0.0000045
all	1217	7	886578	0.0000079
all	1218	3	886578	0.0000034
all	1219	8	886578	0.0000090
all	1220	8	886578	0.0000090
all	1221	10	886578	0.0000113
all	1222	5	886578	0.0000056
all	1223	6	886578	0.0000068
all	1224	5	886578	0.0000056
all	1225	3	886578	0.0000034
all	1226	7	886578	0.0000079
all	1227	4	886578	0.0000045
all	1228	4	886578	0.0000045
all	1229	6	886578	0.0000068
all	1230	3	886578	0.0000034
all	1231	3	886578	0.0000034
all	1232	5	886578	0.0000056
all	1233	1	886578	0.0000011
all	1234	5	886578	0.0000056
all	1235	2	886578	0.0000023
all	1236	10	886578	0.0000113
all	1237	3	886578	0.0000034
all	1238	5	886578	0.0000056
all	1239	3	886578	0.0000034
all	1240	4	886578	0.0000045
all	1241	1	886578	0.0000011
all	1242	4	886578	0.0000045
all	1243	4	886578	0.0000045
all	1244	3	886578	0.0000034
all	1246	3	886578	0.0000034
all	1247	6	886578	0.0000068
all	1248	3	886578	0.0000034
all	1249	4	886578	0.0000045
all	1250	3	886578	0.0000034
all	1251	5	886578	0.0000056
all	1252	5	886578	0.0000056
all	1253	2	886578	0.0000023
all	1254	3	886578	0.0000034
all	1255	3	886578	0.0000034
all	1256	3	886578	0.0000034
all	1257	4	886578	0.0000045
all	1258	3	886578	0.0000034
all	1259	3	886578	0.0000034
all	1261	3	886578	0.0000034
all	1262	1	886578	0.0000011
all	1263	4	886578	0.0000045
all	1264	1	886578	0.0000011
all	1265	4	886578	0.0000045
all	1266	1	886578	0.0000011
all	1267	4	886578	0.0000045
all	1268	5	886578	0.0000056
all	1269	2	886578	0.0000023
all	1270	3	886578	0.0000034
all	1271	2	886578	0.0000023
all	1272	5	886578	0.0000056
all	1273	4	886578	0.0000045
all	1274	4	886578	0.0000045
all	1275	6	886578	0.0000068
all	1276	3	886578	0.0000034
all	1278	2	886578	0.0000023
all	1279	3	886578	0.0000034
all	1280	3	886578	0.0000034
all	1281	4	886578	0.0000045
all	1282	3	886578	0.0000034
all	1283	6	886578	0.0000068
all	1284	2	886578	0.0000023
all	1285	1	886578	0.0000011
all	1286	2	886578	0.0000023
all	1287	3	886578	0.0000034
all	1288	2	886578	0.0000023
all	1289	3	886578	0.0000034
all	1290	7	886578	0.0000079
all	1291	3	886578	0.0000034
all	1292	5	886578	0.0000056
all	1293	4	886578	0.0000045
all	1294	2	886578	0.0000023
all	1295	3	886578	0.0000034
all	1296	3	886578	0.0000034
all	1297	3	886578	0.0000034
all	1298	2	886578	0.0000023
all	1299	2	886578	0.0000023
all	1300	5	886578	0.0000056
all	1301	1	886578	0.0000011
all	1302	8	886578	0.0000090
all	1303	1	886578	0.0000011
all	1304	1	886578	0.0000011
all	1305	5	886578	0.0000056
all	1306	2	886578	0.0000023
all	1307	2	886578	0.0000023
all	1308	5	886578	0.0000056
all	1309	5	886578	0.0000056
all	1310	4	886578	0.0000045
all	1311	5	886578	0.0000056
all	1312	3	886578	0.0000034
all	1313	3	886578	0.0000034
all	1314	7	886578	0.0000079
all	1315	3	886578	0.0000034
all	1316	2	886578	0.0000023
all	1317	6	886578	0.0000068
all	1318	5	886578	0.0000056
all	1319	4	886578	0.0000045
all	1320	7	886578	0.0000079
all	1321	5	886578	0.0000056
all	1322	2	886578	0.0000023
all	1323	3	886578	0.0000034
all	1324	8	886578	0.0000090
all	1325	4	886578	0.0000045
all	1326	5	886578	0.0000056
all	1327	3	886578	0.0000034
all	1328	7	886578	0.0000079
all	1329	4	886578	0.0000045
all	1330	6	886578	0.0000068
all	1331	1	886578	0.0000011
all	1332	11	886578	0.0000124
all	1333	7	886578	0.0000079
all	1334	8	886578	0.0000090
all	1335	7	886578	0.0000079
all	1336	11	886578	0.0000124
all	1337	9	886578	0.0000102
all	1338	5	886578	0.0000056
all	1339	1	886578	0.0000011
all	1340	5	886578	0.0000056
all	1341	5	886578	0.0000056
all	1342	5	886578	0.0000056
all	1343	1	886578	0.0000011
all	1344	4	886578	0.0000045
all	1345	6	886578	0.0000068
all	1346	4	886578	0.0000045
all	1347	1	886578	0.0000011
all	1348	5	886578	0.0000056
all	1349	2	886578	0.0000023
all	1350	7	886578	0.0000079
all	1351	5	886578	0.0000056
all	1352	6	886578	0.0000068
all	1353	9	886578	0.0000102
all	1355	8	886578	0.0000090
all	1356	6	886578	0.0000068
all	1357	3	886578	0.0000034
all	1358	1	886578	0.0000011
all	1359	3	886578	0.0000034
all	1360	5	886578	0.0000056
all	1361	3	886578	0.0000034
all	1362	4	886578	0.0000045
all	1363	4	886578	0.0000045
all	1364	4	886578	0.0000045
all	1365	3	886578	0.0000034
all	1366	3	886578	0.0000034
all	1367	4	886578	0.0000045
all	1368	5	886578	0.0000056
all	1369	6	886578	0.0000068
all	1370	6	886578	0.0000068
all	1371	7	886578	0.0000079
all	1372	5	886578	0.0000056
all	1373	7	886578	0.0000079
all	1374	6	886578	0.0000068
all	1375	7	886578	0.0000079
all	1376	13	886578	0.0000147
all	1377	5	886578	0.0000056
all	1378	8	886578	0.0000090
all	1379	6	886578	0.0000068
all	1380	5	886578	0.0000056
all	1381	3	886578	0.0000034
all	1382	5	886578	0.0000056
all	1384	8	886578	0.0000090
all	1385	2	886578	0.0000023
all	1386	5	886578	0.0000056
all	1387	3	886578	0.0000034
all	1388	8	886578	0.0000090
all	1389	2	886578	0.0000023
all	1390	5	886578	0.0000056
all	1391	6	886578	0.0000068
all	1392	6	886578	0.0000068
all	1393	3	886578	0.0000034
all	1394	5	886578	0.0000056
all	1395	2	886578	0.0000023
all	1396	3	886578	0.0000034
all	1397	6	886578	0.0000068
all	1398	5	886578	0.0000056
all	1399	4	886578	0.0000045
all	1400	2	886578	0.0000023
all	1401	3	886578	0.0000034
all	1402	3	886578	0.0000034
all	1403	5	886578	0.0000056
all	1404	4	886578	0.0000045
all	1405	3	886578	0.0000034
all	1406	5	886578	0.0000056
all	1407	5	886578	0.0000056
all	1408	6	886578	0.0000068
all	1409	2	886578	0.0000023
all	1410	5	886578	0.0000056
all	1411	7	886578	0.0000079
all	1412	3	886578	0.0000034
all	1413	6	886578	0.0000068
all	1414	3	886578	0.0000034
all	1415	4	886578	0.0000045
all	1417	7	886578	0.0000079
all	1418	4	886578	0.0000045
all	1419	4	886578	0.0000045
all	1420	5	886578	0.0000056
all	1421	9	886578	0.0000102
all	1422	5	886578	0.0000056
all	1423	14	886578	0.0000158
all	1424	10	886578	0.0000113
all	1425	5	886578	0.0000056
all	1426	10	886578	0.0000113
all	1427	2	886578	0.0000023
all	1428	2	886578	0.0000023
all	1429	9	886578	0.0000102
all	1430	3	886578	0.0000034
all	1431	1	886578	0.0000011
all	1432	8	886578	0.0000090
all	1433	6	886578	0.0000068
all	1434	8	886578	0.0000090
all	1435	3	886578	0.0000034
all	1436	5	886578	0.0000056
all	1437	2	886578	0.0000023
all	1438	3	886578	0.0000034
all	1439	2	886578	0.0000023
all	1440	3	886578	0.0000034
all	1441	2	886578	0.0000023
all	1442	2	886578	0.0000023
all	1443	1	886578	0.0000011
all	1444	3	886578	0.0000034
all	1445	2	886578	0.0000023
all	1446	4	886578	0.0000045
all	1447	2	886578	0.0000023
all	1448	2	886578	0.0000023
all	1449	3	886578	0.0000034
all	1450	1	886578	0.0000011
all	1451	3	886578	0.0000034
all	1452	4	886578	0.0000045
all	1454	1	886578	0.0000011
all	1455	1	886578	0.0000011
all	1456	3	886578	0.0000034
all	1457	4	886578	0.0000045
all	1458	3	886578	0.0000034
all	1459	2	886578	0.0000023
all	1460	5	886578	0.0000056
all	1462	3	886578	0.0000034
all	1463	2	886578	0.0000023
all	1464	3	886578	0.0000034
all	1465	2	886578	0.0000023
all	1466	4	886578	0.0000045
all	1467	4	886578	0.0000045
all	1468	4	886578	0.0000045
all	1469	1	886578	0.0000011
all	1470	1	886578	0.0000011
all	1471	2	886578	0.0000023
all	1472	3	886578	0.0000034
all	1473	2	886578	0.0000023
all	1474	4	886578	0.0000045
all	1475	2	886578	0.0000023
all	1477	3	886578	0.0000034
all	1478	2	886578	0.0000023
all	1479	3	886578	0.0000034
all	1480	4	886578	0.0000045
all	1482	4	886578	0.0000045
all	1483	3	886578	0.0000034
all	1485	2	886578	0.0000023
all	1486	2	886578	0.0000023
all	1487	4	886578	0.0000045
all	1488	2	886578	0.0000023
all	1489	3	886578	0.0000034
all	1490	3	886578	0.0000034
all	1491	4	886578	0.0000045
all	1492	2	886578	0.0000023
all	1493	2	886578	0.0000023
all	1494	3	886578	0.0000034
all	1495	1	886578	0.0000011
all	1496	1	886578	0.0000011
all	1498	1	886578	0.0000011
all	1499	3	886578	0.0000034
all	1500	2	886578	0.0000023
all	1501	1	886578	0.0000011
all	1502	5	886578	0.0000056
all	1503	4	886578	0.0000045
all	1504	3	886578	0.0000034
all	1505	4	886578	0.0000045
all	1506	5	886578	0.0000056
all	1508	2	886578	0.0000023
all	1509	1	886578	0.0000011
all	1510	3	886578	0.0000034
all	1511	1	886578	0.0000011
all	1512	1	886578	0.0000011
all	1513	1	886578	0.0000011
all	1515	7	886578	0.0000079
all	1516	4	886578	0.0000045
all	1517	3	886578	0.0000034
all	1518	3	886578	0.0000034
all	1519	6	886578	0.0000068
all	1520	2	886578	0.0000023
all	1521	1	886578	0.0000011
all	1522	3	886578	0.0000034
all	1524	2	886578	0.0000023
all	1525	2	886578	0.0000023
all	1526	3	886578	0.0000034
all	1527	5	886578	0.0000056
all	1529	1	886578	0.0000011
all	1530	2	886578	0.0000023
all	1531	2	886578	0.0000023
all	1532	1	886578	0.0000011
all	1533	3	886578	0.0000034
all	1534	3	886578	0.0000034
all	1535	5	886578	0.0000056
all	1536	2	886578	0.0000023
all	1537	1	886578	0.0000011
all	1538	2	886578	0.0000023
all	1539	7	886578	0.0000079
all	1540	1	886578	0.0000011
all	1541	1	886578	0.0000011
all	1542	2	886578	0.0000023
all	1543	3	886578	0.0000034
all	1545	1	886578	0.0000011
all	1546	2	886578	0.0000023
all	1547	5	886578	0.0000056
all	1548	3	886578	0.0000034
all	1549	4	886578	0.0000045
all	1550	3	886578	0.0000034
all	1552	3	886578	0.0000034
all	1553	1	886578	0.0000011
all	1554	2	886578	0.0000023
all	1555	1	886578	0.0000011
all	1556	2	886578	0.0000023
all	1557	2	886578	0.0000023
all	1558	1	886578	0.0000011
all	1559	2	886578	0.0000023
all	1560	3	886578	0.0000034
all	1561	5	886578	0.0000056
all	1562	6	886578	0.0000068
all	1563	8	886578	0.0000090
all	1564	4	886578	0.0000045
all	1565	6	886578	0.0000068
all	1566	1	886578	0.0000011
all	1567	3	886578	0.0000034
all	1568	8	886578	0.0000090
all	1569	4	886578	0.0000045
all	1570	3	886578	0.0000034
all	1571	5	886578	0.0000056
all	1572	5	886578	0.0000056
all	1573	2	886578	0.0000023
all	1574	4	886578	0.0000045
all	1575	5	886578	0.0000056
all	1576	1	886578	0.0000011
all	1577	2	886578	0.0000023
all	1578	8	886578	0.0000090
all	1579	2	886578	0.0000023
all	1580	5	886578	0.0000056
all	1581	3	886578	0.0000034
all	1582	5	886578	0.0000056
all	1583	4	886578	0.0000045
all	1584	5	886578	0.0000056
all	1585	2	886578	0.0000023
all	1586	2	886578	0.0000023
all	1587	3	886578	0.0000034
all	1588	2	886578	0.0000023
all	1590	3	886578	0.0000034
all	1591	5	886578	0.0000056
all	1592	2	886578	0.0000023
all	1593	4	886578	0.0000045
all	1594	2	886578	0.0000023
all	1596	6	886578	0.0000068
all	1597	1	886578	0.0000011
all	1598	2	886578	0.0000023
all	1599	7	886578	0.0000079
all	1600	1	886578	0.0000011
all	1601	4	886578	0.0000045
all	1602	2	886578	0.0000023
all	1604	3	886578	0.0000034
all	1606	5	886578	0.0000056
all	1607	2	886578	0.0000023
all	1608	1	886578	0.0000011
all	1609	2	886578	0.0000023
all	1610	3	886578	0.0000034
all	1611	1	886578	0.0000011
all	1612	3	886578	0.0000034
all	1613	1	886578	0.0000011
all	1614	2	886578	0.0000023
all	1615	4	886578	0.0000045
all	1616	1	886578	0.0000011
all	1617	2	886578	0.0000023
all	1618	5	886578	0.0000056
all	1619	2	886578	0.0000023
all	1620	2	886578	0.0000023
all	1621	5	886578	0.0000056
all	1622	3	886578	0.0000034
all	1623	4	886578	0.0000045
all	1624	4	886578	0.0000045
all	1625	4	886578	0.0000045
all	1626	2	886578	0.0000023
all	1627	1	886578	0.0000011
all	1628	4	886578	0.0000045
all	1629	6	886578	0.0000068
all	1630	5	886578	0.0000056
all	1631	3	886578	0.0000034
all	1632	4	886578	0.0000045
all	1633	6	886578	0.0000068
all	1634	4	886578	0.0000045
all	1635	5	886578	0.0000056
all	1636	3	886578	0.0000034
all	1637	3	886578	0.0000034
all	1638	6	886578	0.0000068
all	1639	1	886578	0.0000011
all	1640	3	886578	0.0000034
all	1641	2	886578	0.0000023
all	1642	4	886578	0.0000045
all	1644	3	886578	0.0000034
all	1645	6	886578	0.0000068
all	1646	4	886578	0.0000045
all	1647	5	886578	0.0000056
all	1648	3	886578	0.0000034
all	1649	5	886578	0.0000056
all	1650	3	886578	0.0000034
all	1651	5	886578	0.0000056
all	1652	4	886578	0.0000045
all	1653	8	886578	0.0000090
all	1654	4	886578	0.0000045
all	1655	2	886578	0.0000023
all	1656	4	886578	0.0000045
all	1658	2	886578	0.0000023
all	1659	4	886578	0.0000045
all	1660	3	886578	0.0000034
all	1661	2	886578	0.0000023
all	1662	5	886578	0.0000056
all	1663	3	886578	0.0000034
all	1664	1	886578	0.0000011
all	1666	2	886578	0.0000023
all	1667	6	886578	0.0000068
all	1668	3	886578	0.0000034
all	1669	2	886578	0.0000023
all	1670	5	886578	0.0000056
all	1671	3	886578	0.0000034
all	1672	1	886578	0.0000011
all	1673	4	886578	0.0000045
all	1675	3	886578	0.0000034
all	1676	3	886578	0.0000034
all	1677	5	886578	0.0000056
all	1678	7	886578	0.0000079
all	1679	7	886578	0.0000079
all	1680	7	886578	0.0000079
all	1681	4	886578	0.0000045
all	1682	4	886578	0.0000045
all	1683	8	886578	0.0000090
all	1684	4	886578	0.0000045
all	1685	2	886578	0.0000023
all	1686	7	886578	0.0000079
all	1687	5	886578	0.0000056
all	1688	3	886578	0.0000034
all	1689	6	886578	0.0000068
all	1690	2	886578	0.0000023
all	1691	6	886578	0.0000068
all	1692	5	886578	0.0000056
all	1693	5	886578	0.0000056
all	1695	2	886578	0.0000023
all	1696	4	886578	0.0000045
all	1697	6	886578	0.0000068
all	1698	3	886578	0.0000034
all	1699	8	886578	0.0000090
all	1700	2	886578	0.0000023
all	1701	2	886578	0.0000023
all	1702	2	886578	0.0000023
all	1703	3	886578	0.0000034
all	1704	1	886578	0.0000011
all	1705	6	886578	0.0000068
all	1706	3	886578	0.0000034
all	1707	2	886578	0.0000023
all	1708	2	886578	0.0000023
all	1709	4	886578	0.0000045
all	1710	4	886578	0.0000045
all	1711	2	886578	0.0000023
all	1712	4	886578	0.0000045
all	1713	2	886578	0.0000023
all	1714	2	886578	0.0000023
all	1715	4	886578	0.0000045
all	1716	5	886578	0.0000056
all	1717	2	886578	0.0000023
all	1718	2	886578	0.0000023
all	1719	2	886578	0.0000023
all	1720	3	886578	0.0000034
all	1721	3	886578	0.0000034
all	1722	3	886578	0.0000034
all	1723	3	886578	0.0000034
all	1724	4	886578	0.0000045
all	1725	2	886578	0.0000023
all	1726	3	886578	0.0000034
all	1727	3	886578	0.0000034
all	1728	5	886578	0.0000056
all	1729	3	886578	0.0000034
all	1730	7	886578	0.0000079
all	1731	1	886578	0.0000011
all	1732	4	886578	0.0000045
all	1733	3	886578	0.0000034
all	1734	4	886578	0.0000045
all	1735	2	886578	0.0000023
all	1736	4	886578	0.0000045
all	1737	4	886578	0.0000045
all	1738	4	886578	0.0000045
all	1739	4	886578	0.0000045
all	1740	3	886578	0.0000034
all	1741	3	886578	0.0000034
all	1742	4	886578	0.0000045
all	1743	4	886578	0.0000045
all	1744	1	886578	0.0000011
all	1745	1	886578	0.0000011
all	1746	4	886578	0.0000045
all	1747	1	886578	0.0000011
all	1748	5	886578	0.0000056
all	1749	1	886578	0.0000011
all	1750	5	886578	0.0000056
all	1751	3	886578	0.0000034
all	1752	5	886578	0.0000056
all	1753	3	886578	0.0000034
all	1754	3	886578	0.0000034
all	1755	1	886578	0.0000011
all	1756	6	886578	0.0000068
all	1757	2	886578	0.0000023
all	1758	3	886578	0.0000034
all	1759	2	886578	0.0000023
all	1760	4	886578	0.0000045
all	1761	1	886578	0.0000011
all	1762	4	886578	0.0000045
all	1763	4	886578	0.0000045
all	1764	2	886578	0.0000023
all	1765	5	886578	0.0000056
all	1766	5	886578	0.0000056
all	1767	5	886578	0.0000056
all	1768	1	886578	0.0000011
all	1769	1	886578	0.0000011
all	1770	1	886578	0.0000011
all	1771	4	886578	0.0000045
all	1772	6	886578	0.0000068
all	1773	1	886578	0.0000011
all	1774	1	886578	0.0000011
all	1776	4	886578	0.0000045
all	1777	4	886578	0.0000045
all	1778	3	886578	0.0000034
all	1779	3	886578	0.0000034
all	1780	4	886578	0.0000045
all	1781	6	886578	0.0000068
all	1782	1	886578	0.0000011
all	1783	1	886578	0.0000011
all	1784	3	886578	0.0000034
all	1785	6	886578	0.0000068
all	1786	2	886578	0.0000023
all	1787	3	886578	0.0000034
all	1788	1	886578	0.0000011
all	1789	1	886578	0.0000011
all	1790	4	886578	0.0000045
all	1791	1	886578	0.0000011
all	1793	2	886578	0.0000023
all	1794	2	886578	0.0000023
all	1796	2	886578	0.0000023
all	1797	1	886578	0.0000011
all	1798	3	886578	0.0000034
all	1800	2	886578	0.0000023
all	1802	4	886578	0.0000045
all	1803	1	886578	0.0000011
all	1804	4	886578	0.0000045
all	1805	3	886578	0.0000034
all	1806	7	886578	0.0000079
all	1807	7	886578	0.0000079
all	1808	7	886578	0.0000079
all	1809	2	886578	0.0000023
all	1810	2	886578	0.0000023
all	1811	8	886578	0.0000090
all	1812	1	886578	0.0000011
all	1813	1	886578	0.0000011
all	1815	4	886578	0.0000045
all	1816	2	886578	0.0000023
all	1817	2	886578	0.0000023
all	1818	2	886578	0.0000023
all	1819	3	886578	0.0000034
all	1820	3	886578	0.0000034
all	1821	1	886578	0.0000011
all	1822	2	886578	0.0000023
all	1823	3	886578	0.0000034
all	1824	2	886578	0.0000023
all	1825	2	886578	0.0000023
all	1826	2	886578	0.0000023
all	1828	1	886578	0.0000011
all	1829	6	886578	0.0000068
all	1830	1	886578	0.0000011
all	1831	4	886578	0.0000045
all	1832	1	886578	0.0000011
all	1833	4	886578	0.0000045
all	1834	2	886578	0.0000023
all	1835	4	886578	0.0000045
all	1836	3	886578	0.0000034
all	1837	2	886578	0.0000023
all	1838	3	886578	0.0000034
all	1839	1	886578	0.0000011
all	1840	1	886578	0.0000011
all	1841	4	886578	0.0000045
all	1843	1	886578	0.0000011
all	1844	5	886578	0.0000056
all	1845	1	886578	0.0000011
all	1846	5	886578	0.0000056
all	1848	3	886578	0.0000034
all	1849	1	886578	0.0000011
all	1850	1	886578	0.0000011
all	1851	4	886578	0.0000045
all	1852	1	886578	0.0000011
all	1853	4	886578	0.0000045
all	1854	4	886578	0.0000045
all	1855	4	886578	0.0000045
all	1856	2	886578	0.0000023
all	1857	3	886578	0.0000034
all	1858	2	886578	0.0000023
all	1859	1	886578	0.0000011
all	1860	2	886578	0.0000023
all	1861	1	886578	0.0000011
all	1862	4	886578	0.0000045
all	1863	1	886578	0.0000011
all	1864	1	886578	0.0000011
all	1865	1	886578	0.0000011
all	1866	2	886578	0.0000023
all	1867	4	886578	0.0000045
all	1868	3	886578	0.0000034
all	1869	1	886578	0.0000011
all	1870	2	886578	0.0000023
all	1871	1	886578	0.0000011
all	1872	1	886578	0.0000011
all	1873	3	886578	0.0000034
all	1874	3	886578	0.0000034
all	1875	4	886578	0.0000045
all	1876	3	886578	0.0000034
all	1877	1	886578	0.0000011
all	1878	4	886578	0.0000045
all	1880	4	886578	0.0000045
all	1881	2	886578	0.0000023
all	1882	9	886578	0.0000102
all	1883	3	886578	0.0000034
all	1884	5	886578	0.0000056
all	1885	3	886578	0.0000034
all	1886	3	886578	0.0000034
all	1887	4	886578	0.0000045
all	1888	5	886578	0.0000056
all	1889	4	886578	0.0000045
all	1890	2	886578	0.0000023
all	1891	1	886578	0.0000011
all	1892	1	886578	0.0000011
all	1893	1	886578	0.0000011
all	1895	6	886578	0.0000068
all	1896	2	886578	0.0000023
all	1897	1	886578	0.0000011
all	1898	3	886578	0.0000034
all	1899	2	886578	0.0000023
all	1900	6	886578	0.0000068
all	1901	2	886578	0.0000023
all	1902	4	886578	0.0000045
all	1903	3	886578	0.0000034
all	1904	2	886578	0.0000023
all	1905	4	886578	0.0000045
all	1906	5	886578	0.0000056
all	1907	3	886578	0.0000034
all	1908	6	886578	0.0000068
all	1909	6	886578	0.0000068
all	1910	8	886578	0.0000090
all	1911	12	886578	0.0000135
all	1912	3	886578	0.0000034
all	1913	1	886578	0.0000011
all	1916	2	886578	0.0000023
all	1917	2	886578	0.0000023
all	1919	1	886578	0.0000011
all	1920	3	886578	0.0000034
all	1922	1	886578	0.0000011
all	1923	2	886578	0.0000023
all	1924	1	886578	0.0000011
all	1927	1	886578	0.0000011
all	1929	2	886578	0.0000023
all	1931	1	886578	0.0000011
all	1932	3	886578	0.0000034
all	1934	3	886578	0.0000034
all	1935	1	886578	0.0000011
all	1936	4	886578	0.0000045
all	1937	3	886578	0.0000034
all	1938	3	886578	0.0000034
all	1939	1	886578	0.0000011
all	1940	1	886578	0.0000011
all	1941	3	886578	0.0000034
all	1942	5	886578	0.0000056
all	1943	1	886578	0.0000011
all	1945	1	886578	0.0000011
all	1946	3	886578	0.0000034
all	1948	2	886578	0.0000023
all	1950	1	886578	0.0000011
all	1951	2	886578	0.0000023
all	1952	1	886578	0.0000011
all	1953	1	886578	0.0000011
all	1954	3	886578	0.0000034
all	1956	2	886578	0.0000023
all	1957	4	886578	0.0000045
all	1958	3	886578	0.0000034
all	1959	3	886578	0.0000034
all	1960	2	886578	0.0000023
all	1961	3	886578	0.0000034
all	1962	2	886578	0.0000023
all	1963	3	886578	0.0000034
all	1965	1	886578	0.0000011
all	1966	2	886578	0.0000023
all	1967	1	886578	0.0000011
all	1968	2	886578	0.0000023
all	1969	3	886578	0.0000034
all	1970	1	886578	0.0000011
all	1971	6	886578	0.0000068
all	1972	2	886578	0.0000023
all	1973	1	886578	0.0000011
all	1974	2	886578	0.0000023
all	1976	2	886578	0.0000023
all	1977	2	886578	0.0000023
all	1978	1	886578	0.0000011
all	1979	5	886578	0.0000056
all	1981	4	886578	0.0000045
all	1982	2	886578	0.0000023
all	1983	2	886578	0.0000023
all	1984	2	886578	0.0000023
all	1985	1	886578	0.0000011
all	1986	5	886578	0.0000056
all	1987	1	886578	0.0000011
all	1988	4	886578	0.0000045
all	1989	2	886578	0.0000023
all	1990	2	886578	0.0000023
all	1991	1	886578	0.0000011
all	1992	1	886578	0.0000011
all	1994	2	886578	0.0000023
all	1995	1	886578	0.0000011
all	1996	3	886578	0.0000034
all	1998	5	886578	0.0000056
all	1999	2	886578	0.0000023
all	2000	1	886578	0.0000011
all	2001	1	886578	0.0000011
all	2002	3	886578	0.0000034
all	2003	3	886578	0.0000034
all	2004	4	886578	0.0000045
all	2006	1	886578	0.0000011
all	2007	1	886578	0.0000011
all	2009	3	886578	0.0000034
all	2010	3	886578	0.0000034
all	2011	3	886578	0.0000034
all	2012	2	886578	0.0000023
all	2013	2	886578	0.0000023
all	2014	3	886578	0.0000034
all	2016	2	886578	0.0000023
all	2017	4	886578	0.0000045
all	2018	1	886578	0.0000011
all	2019	1	886578	0.0000011
all	2020	3	886578	0.0000034
all	2021	1	886578	0.0000011
all	2022	1	886578	0.0000011
all	2023	2	886578	0.0000023
all	2024	2	886578	0.0000023
all	2025	4	886578	0.0000045
all	2027	1	886578	0.0000011
all	2028	4	886578	0.0000045
all	2029	2	886578	0.0000023
all	2030	1	886578	0.0000011
all	2031	4	886578	0.0000045
all	2032	1	886578	0.0000011
all	2033	1	886578	0.0000011
all	2034	3	886578	0.0000034
all	2035	3	886578	0.0000034
all	2036	1	886578	0.0000011
all	2037	6	886578	0.0000068
all	2038	4	886578	0.0000045
all	2039	6	886578	0.0000068
all	2040	3	886578	0.0000034
all	2041	2	886578	0.0000023
all	2042	4	886578	0.0000045
all	2044	4	886578	0.0000045
all	2045	1	886578	0.0000011
all	2046	3	886578	0.0000034
all	2047	2	886578	0.0000023
all	2048	4	886578	0.0000045
all	2049	3	886578	0.0000034
all	2050	4	886578	0.0000045
all	2051	4	886578	0.0000045
all	2052	2	886578	0.0000023
all	2053	4	886578	0.0000045
all	2054	2	886578	0.0000023
all	2055	3	886578	0.0000034
all	2056	3	886578	0.0000034
all	2057	2	886578	0.0000023
all	2058	6	886578	0.0000068
all	2059	2	886578	0.0000023
all	2060	3	886578	0.0000034
all	2061	2	886578	0.0000023
all	2062	3	886578	0.0000034
all	2063	3	886578	0.0000034
all	2064	2	886578	0.0000023
all	2065	1	886578	0.0000011
all	2066	1	886578	0.0000011
all	2067	5	886578	0.0000056
all	2068	3	886578	0.0000034
all	2069	4	886578	0.0000045
all	2071	2	886578	0.0000023
all	2072	1	886578	0.0000011
all	2074	4	886578	0.0000045
all	2075	2	886578	0.0000023
all	2076	1	886578	0.0000011
all	2077	1	886578	0.0000011
all	2079	2	886578	0.0000023
all	2080	1	886578	0.0000011
all	2081	2	886578	0.0000023
all	2082	3	886578	0.0000034
all	2083	1	886578	0.0000011
all	2084	1	886578	0.0000011
all	2086	2	886578	0.0000023
all	2087	2	886578	0.0000023
all	2088	1	886578	0.0000011
all	2089	6	886578	0.0000068
all	2090	2	886578	0.0000023
all	2091	1	886578	0.0000011
all	2093	1	886578	0.0000011
all	2094	2	886578	0.0000023
all	2096	3	886578	0.0000034
all	2097	1	886578	0.0000011
all	2098	1	886578	0.0000011
all	2100	1	886578	0.0000011
all	2101	3	886578	0.0000034
all	2102	3	886578	0.0000034
all	2103	1	886578	0.0000011
all	2104	1	886578	0.0000011
all	2105	1	886578	0.0000011
all	2106	3	886578	0.0000034
all	2107	5	886578	0.0000056
all	2108	3	886578	0.0000034
all	2109	2	886578	0.0000023
all	2110	3	886578	0.0000034
all	2111	1	886578	0.0000011
all	2112	1	886578	0.0000011
all	2113	1	886578	0.0000011
all	2114	3	886578	0.0000034
all	2115	4	886578	0.0000045
all	2116	1	886578	0.0000011
all	2118	1	886578	0.0000011
all	2119	1	886578	0.0000011
all	2120	2	886578	0.0000023
all	2122	1	886578	0.0000011
all	2123	2	886578	0.0000023
all	2124	2	886578	0.0000023
all	2126	1	886578	0.0000011
all	2128	1	886578	0.0000011
all	2129	2	886578	0.0000023
all	2130	3	886578	0.0000034
all	2131	1	886578	0.0000011
all	2133	4	886578	0.0000045
all	2134	3	886578	0.0000034
all	2135	3	886578	0.0000034
all	2137	3	886578	0.0000034
all	2138	1	886578	0.0000011
all	2139	2	886578	0.0000023
all	2140	2	886578	0.0000023
all	2141	1	886578	0.0000011
all	2142	4	886578	0.0000045
all	2143	3	886578	0.0000034
all	2144	1	886578	0.0000011
all	2145	6	886578	0.0000068
all	2146	1	886578	0.0000011
all	2148	3	886578	0.0000034
all	2149	1	886578	0.0000011
all	2150	5	886578	0.0000056
all	2152	1	886578	0.0000011
all	2153	2	886578	0.0000023
all	2154	6	886578	0.0000068
all	2155	1	886578	0.0000011
all	2156	2	886578	0.0000023
all	2157	2	886578	0.0000023
all	2158	3	886578	0.0000034
all	2161	2	886578	0.0000023
all	2162	3	886578	0.0000034
all	2163	2	886578	0.0000023
all	2164	3	886578	0.0000034
all	2165	1	886578	0.0000011
all	2166	1	886578	0.0000011
all	2167	6	886578	0.0000068
all	2169	5	886578	0.0000056
all	2170	2	886578	0.0000023
all	2171	2	886578	0.0000023
all	2172	1	886578	0.0000011
all	2173	4	886578	0.0000045
all	2175	3	886578	0.0000034
all	2176	3	886578	0.0000034
all	2177	2	886578	0.0000023
all	2178	1	886578	0.0000011
all	2179	2	886578	0.0000023
all	2180	1	886578	0.0000011
all	2181	3	886578	0.0000034
all	2182	1	886578	0.0000011
all	2183	1	886578	0.0000011
all	2184	3	886578	0.0000034
all	2185	4	886578	0.0000045
all	2186	2	886578	0.0000023
all	2187	1	886578	0.0000011
all	2188	2	886578	0.0000023
all	2189	3	886578	0.0000034
all	2190	1	886578	0.0000011
all	2191	1	886578	0.0000011
all	2192	1	886578	0.0000011
all	2193	1	886578	0.0000011
all	2194	1	886578	0.0000011
all	2195	4	886578	0.0000045
all	2196	1	886578	0.0000011
all	2197	2	886578	0.0000023
all	2198	1	886578	0.0000011
all	2199	3	886578	0.0000034
all	2200	2	886578	0.0000023
all	2201	2	886578	0.0000023
all	2202	1	886578	0.0000011
all	2204	3	886578	0.0000034
all	2205	1	886578	0.0000011
all	2206	1	886578	0.0000011
all	2207	3	886578	0.0000034
all	2208	3	886578	0.0000034
all	2209	7	886578	0.0000079
all	2210	1	886578	0.0000011
all	2211	8	886578	0.0000090
all	2212	1	886578	0.0000011
all	2213	3	886578	0.0000034
all	2215	3	886578	0.0000034
all	2218	1	886578	0.0000011
all	2219	3	886578	0.0000034
all	2220	2	886578	0.0000023
all	2221	6	886578	0.0000068
all	2222	1	886578	0.0000011
all	2224	3	886578	0.0000034
all	2225	1	886578	0.0000011
all	2226	1	886578	0.0000011
all	2227	2	886578	0.0000023
all	2228	2	886578	0.0000023
all	2229	2	886578	0.0000023
all	2230	3	886578	0.0000034
all	2231	1	886578	0.0000011
all	2232	1	886578	0.0000011
all	2233	3	886578	0.0000034
all	2235	2	886578	0.0000023
all	2236	1	886578	0.0000011
all	2239	1	886578	0.0000011
all	2240	2	886578	0.0000023
all	2242	2	886578	0.0000023
all	2243	3	886578	0.0000034
all	2245	1	886578	0.0000011
all	2246	1	886578	0.0000011
all	2247	1	886578	0.0000011
all	2248	1	886578	0.0000011
all	2249	3	886578	0.0000034
all	2250	1	886578	0.0000011
all	2251	1	886578	0.0000011
all	2252	3	886578	0.0000034
all	2253	4	886578	0.0000045
all	2254	2	886578	0.0000023
all	2255	2	886578	0.0000023
all	2257	2	886578	0.0000023
all	2258	3	886578	0.0000034
all	2259	3	886578	0.0000034
all	2260	1	886578	0.0000011
all	2262	1	886578	0.0000011
all	2263	2	886578	0.0000023
all	2264	2	886578	0.0000023
all	2265	4	886578	0.0000045
all	2266	2	886578	0.0000023
all	2269	4	886578	0.0000045
all	2270	3	886578	0.0000034
all	2271	2	886578	0.0000023
all	2272	1	886578	0.0000011
all	2273	1	886578	0.0000011
all	2275	1	886578	0.0000011
all	2277	1	886578	0.0000011
all	2278	1	886578	0.0000011
all	2279	1	886578	0.0000011
all	2281	1	886578	0.0000011
all	2282	1	886578	0.0000011
all	2283	1	886578	0.0000011
all	2284	2	886578	0.0000023
all	2286	2	886578	0.0000023
all	2287	1	886578	0.0000011
all	2288	2	886578	0.0000023
all	2290	2	886578	0.0000023
all	2291	1	886578	0.0000011
all	2292	3	886578	0.0000034
all	2293	1	886578	0.0000011
all	2294	1	886578	0.0000011
all	2296	2	886578	0.0000023
all	2298	1	886578	0.0000011
all	2300	1	886578	0.0000011
all	2301	2	886578	0.0000023
all	2302	2	886578	0.0000023
all	2304	2	886578	0.0000023
all	2305	1	886578	0.0000011
all	2306	2	886578	0.0000023
all	2309	5	886578	0.0000056
all	2313	1	886578	0.0000011
all	2314	2	886578	0.0000023
all	2315	1	886578	0.0000011
all	2318	2	886578	0.0000023
all	2320	2	886578	0.0000023
all	2321	2	886578	0.0000023
all	2322	2	886578	0.0000023
all	2327	1	886578	0.0000011
all	2328	2	886578	0.0000023
all	2330	3	886578	0.0000034
all	2331	2	886578	0.0000023
all	2333	2	886578	0.0000023
all	2334	2	886578	0.0000023
all	2336	1	886578	0.0000011
all	2337	1	886578	0.0000011
all	2338	1	886578	0.0000011
all	2340	2	886578	0.0000023
all	2344	3	886578	0.0000034
all	2350	1	886578	0.0000011
all	2354	3	886578	0.0000034
all	2358	1	886578	0.0000011
all	2359	1	886578	0.0000011
all	2362	1	886578	0.0000011
all	2363	1	886578	0.0000011
all	2364	1	886578	0.0000011
all	2365	1	886578	0.0000011
all	2366	1	886578	0.0000011
all	2367	1	886578	0.0000011
all	2368	2	886578	0.0000023
all	2371	2	886578	0.0000023
all	2372	3	886578	0.0000034
all	2373	1	886578	0.0000011
all	2375	1	886578	0.0000011
all	2376	2	886578	0.0000023
all	2379	1	886578	0.0000011
all	2381	1	886578	0.0000011
all	2383	1	886578	0.0000011
all	2384	3	886578	0.0000034
all	2387	3	886578	0.0000034
all	2388	1	886578	0.0000011
all	2389	2	886578	0.0000023
all	2391	2	886578	0.0000023
all	2393	1	886578	0.0000011
all	2394	1	886578	0.0000011
all	2395	2	886578	0.0000023
all	2397	1	886578	0.0000011
all	2398	1	886578	0.0000011
all	2400	2	886578	0.0000023
all	2401	2	886578	0.0000023
all	2402	2	886578	0.0000023
all	2405	1	886578	0.0000011
all	2407	2	886578	0.0000023
all	2408	2	886578	0.0000023
all	2409	2	886578	0.0000023
all	2410	3	886578	0.0000034
all	2411	1	886578	0.0000011
all	2412	1	886578	0.0000011
all	2414	5	886578	0.0000056
all	2415	2	886578	0.0000023
all	2416	3	886578	0.0000034
all	2419	2	886578	0.0000023
all	2420	2	886578	0.0000023
all	2423	2	886578	0.0000023
all	2424	3	886578	0.0000034
all	2425	1	886578	0.0000011
all	2426	1	886578	0.0000011
all	2427	1	886578	0.0000011
all	2428	3	886578	0.0000034
all	2429	2	886578	0.0000023
all	2430	4	886578	0.0000045
all	2431	1	886578	0.0000011
all	2432	2	886578	0.0000023
all	2433	3	886578	0.0000034
all	2434	2	886578	0.0000023
all	2435	2	886578	0.0000023
all	2437	2	886578	0.0000023
all	2438	2	886578	0.0000023
all	2439	3	886578	0.0000034
all	2440	2	886578	0.0000023
all	2443	1	886578	0.0000011
all	2445	1	886578	0.0000011
all	2446	4	886578	0.0000045
all	2447	1	886578	0.0000011
all	2448	1	886578	0.0000011
all	2449	3	886578	0.0000034
all	2450	3	886578	0.0000034
all	2452	1	886578	0.0000011
all	2453	2	886578	0.0000023
all	2454	1	886578	0.0000011
all	2456	1	886578	0.0000011
all	2458	4	886578	0.0000045
all	2459	3	886578	0.0000034
all	2460	1	886578	0.0000011
all	2461	1	886578	0.0000011
all	2464	1	886578	0.0000011
all	2465	1	886578	0.0000011
all	2466	2	886578	0.0000023
all	2468	2	886578	0.0000023
all	2469	1	886578	0.0000011
all	2470	2	886578	0.0000023
all	2472	1	886578	0.0000011
all	2475	1	886578	0.0000011
all	2477	2	886578	0.0000023
all	2478	1	886578	0.0000011
all	2480	2	886578	0.0000023
all	2481	2	886578	0.0000023
all	2482	1	886578	0.0000011
all	2483	1	886578	0.0000011
all	2485	1	886578	0.0000011
all	2487	2	886578	0.0000023
all	2488	2	886578	0.0000023
all	2489	1	886578	0.0000011
all	2490	2	886578	0.0000023
all	2491	2	886578	0.0000023
all	2492	2	886578	0.0000023
all	2493	1	886578	0.0000011
all	2494	1	886578	0.0000011
all	2495	1	886578	0.0000011
all	2496	2	886578	0.0000023
all	2497	2	886578	0.0000023
all	2498	1	886578	0.0000011
all	2499	3	886578	0.0000034
all	2500	2	886578	0.0000023
all	2501	2	886578	0.0000023
all	2502	3	886578	0.0000034
all	2503	1	886578	0.0000011
all	2504	4	886578	0.0000045
all	2505	1	886578	0.0000011
all	2506	1	886578	0.0000011
all	2507	4	886578	0.0000045
all	2508	2	886578	0.0000023
all	2509	2	886578	0.0000023
all	2510	2	886578	0.0000023
all	2511	3	886578	0.0000034
all	2512	3	886578	0.0000034
all	2513	1	886578	0.0000011
all	2514	1	886578	0.0000011
all	2515	1	886578	0.0000011
all	2516	1	886578	0.0000011
all	2517	3	886578	0.0000034
all	2519	1	886578	0.0000011
all	2520	1	886578	0.0000011
all	2521	3	886578	0.0000034
all	2522	1	886578	0.0000011
all	2523	1	886578	0.0000011
all	2524	1	886578	0.0000011
all	2528	1	886578	0.0000011
all	2529	3	886578	0.0000034
all	2532	2	886578	0.0000023
all	2533	1	886578	0.0000011
all	2534	1	886578	0.0000011
all	2535	2	886578	0.0000023
all	2537	2	886578	0.0000023
all	2541	4	886578	0.0000045
all	2542	2	886578	0.0000023
all	2543	2	886578	0.0000023
all	2544	1	886578	0.0000011
all	2546	1	886578	0.0000011
all	2548	2	886578	0.0000023
all	2550	1	886578	0.0000011
all	2551	1	886578	0.0000011
all	2552	1	886578	0.0000011
all	2553	1	886578	0.0000011
all	2554	1	886578	0.0000011
all	2556	2	886578	0.0000023
all	2557	1	886578	0.0000011
all	2559	1	886578	0.0000011
all	2560	3	886578	0.0000034
all	2562	2	886578	0.0000023
all	2563	1	886578	0.0000011
all	2564	2	886578	0.0000023
all	2565	2	886578	0.0000023
all	2566	2	886578	0.0000023
all	2567	1	886578	0.0000011
all	2568	2	886578	0.0000023
all	2570	2	886578	0.0000023
all	2574	2	886578	0.0000023
all	2576	3	886578	0.0000034
all	2578	2	886578	0.0000023
all	2580	2	886578	0.0000023
all	2581	1	886578	0.0000011
all	2582	3	886578	0.0000034
all	2583	1	886578	0.0000011
all	2584	2	886578	0.0000023
all	2585	1	886578	0.0000011
all	2586	2	886578	0.0000023
all	2589	2	886578	0.0000023
all	2590	1	886578	0.0000011
all	2591	1	886578	0.0000011
all	2596	2	886578	0.0000023
all	2598	2	886578	0.0000023
all	2599	1	886578	0.0000011
all	2602	1	886578	0.0000011
all	2603	1	886578	0.0000011
all	2605	1	886578	0.0000011
all	2608	1	886578	0.0000011
all	2609	1	886578	0.0000011
all	2610	2	886578	0.0000023
all	2611	2	886578	0.0000023
all	2612	1	886578	0.0000011
all	2614	3	886578	0.0000034
all	2615	1	886578	0.0000011
all	2618	1	886578	0.0000011
all	2619	1	886578	0.0000011
all	2620	1	886578	0.0000011
all	2621	1	886578	0.0000011
all	2622	1	886578	0.0000011
all	2623	2	886578	0.0000023
all	2624	1	886578	0.0000011
all	2625	2	886578	0.0000023
all	2626	2	886578	0.0000023
all	2627	2	886578	0.0000023
all	2629	1	886578	0.0000011
all	2630	1	886578	0.0000011
all	2631	1	886578	0.0000011
all	2632	2	886578	0.0000023
all	2633	3	886578	0.0000034
all	2634	1	886578	0.0000011
all	2635	1	886578	0.0000011
all	2636	1	886578	0.0000011
all	2637	1	886578	0.0000011
all	2638	3	886578	0.0000034
all	2639	1	886578	0.0000011
all	2641	1	886578	0.0000011
all	2642	7	886578	0.0000079
all	2643	2	886578	0.0000023
all	2644	4	886578	0.0000045
all	2645	4	886578	0.0000045
all	2646	8	886578	0.0000090
all	2647	2	886578	0.0000023
all	2649	2	886578	0.0000023
all	2650	2	886578	0.0000023
all	2651	4	886578	0.0000045
all	2652	3	886578	0.0000034
all	2653	5	886578	0.0000056
all	2654	2	886578	0.0000023
all	2655	3	886578	0.0000034
all	2656	4	886578	0.0000045
all	2657	3	886578	0.0000034
all	2658	2	886578	0.0000023
all	2659	2	886578	0.0000023
all	2660	2	886578	0.0000023
all	2662	2	886578	0.0000023
all	2663	2	886578	0.0000023
all	2664	3	886578	0.0000034
all	2665	3	886578	0.0000034
all	2667	2	886578	0.0000023
all	2668	1	886578	0.0000011
all	2669	2	886578	0.0000023
all	2670	3	886578	0.0000034
all	2671	2	886578	0.0000023
all	2674	4	886578	0.0000045
all	2675	5	886578	0.0000056
all	2676	4	886578	0.0000045
all	2677	2	886578	0.0000023
all	2678	5	886578	0.0000056
all	2679	1	886578	0.0000011
all	2680	2	886578	0.0000023
all	2681	1	886578	0.0000011
all	2683	2	886578	0.0000023
all	2684	3	886578	0.0000034
all	2685	2	886578	0.0000023
all	2686	1	886578	0.0000011
all	2687	1	886578	0.0000011
all	2688	1	886578	0.0000011
all	2689	4	886578	0.0000045
all	2690	1	886578	0.0000011
all	2691	2	886578	0.0000023
all	2692	2	886578	0.0000023
all	2694	1	886578	0.0000011
all	2696	1	886578	0.0000011
all	2698	1	886578	0.0000011
all	2699	3	886578	0.0000034
all	2700	2	886578	0.0000023
all	2702	3	886578	0.0000034
all	2703	2	886578	0.0000023
all	2704	1	886578	0.0000011
all	2705	3	886578	0.0000034
all	2707	1	886578	0.0000011
all	2708	1	886578	0.0000011
all	2709	1	886578	0.0000011
all	2710	3	886578	0.0000034
all	2711	2	886578	0.0000023
all	2713	6	886578	0.0000068
all	2714	2	886578	0.0000023
all	2715	4	886578	0.0000045
all	2716	2	886578	0.0000023
all	2717	1	886578	0.0000011
all	2719	1	886578	0.0000011
all	2720	1	886578	0.0000011
all	2721	2	886578	0.0000023
all	2723	2	886578	0.0000023
all	2725	1	886578	0.0000011
all	2727	1	886578	0.0000011
all	2728	2	886578	0.0000023
all	2729	3	886578	0.0000034
all	2731	2	886578	0.0000023
all	2733	5	886578	0.0000056
all	2736	1	886578	0.0000011
all	2737	1	886578	0.0000011
all	2738	2	886578	0.0000023
all	2739	2	886578	0.0000023
all	2740	2	886578	0.0000023
all	2741	3	886578	0.0000034
all	2742	2	886578	0.0000023
all	2743	1	886578	0.0000011
all	2744	6	886578	0.0000068
all	2747	3	886578	0.0000034
all	2748	2	886578	0.0000023
all	2750	1	886578	0.0000011
all	2751	1	886578	0.0000011
all	2752	1	886578	0.0000011
all	2754	1	886578	0.0000011
all	2755	2	886578	0.0000023
all	2756	1	886578	0.0000011
all	2757	1	886578	0.0000011
all	2758	1	886578	0.0000011
all	2759	2	886578	0.0000023
all	2761	1	886578	0.0000011
all	2762	1	886578	0.0000011
all	2764	1	886578	0.0000011
all	2765	4	886578	0.0000045
all	2766	4	886578	0.0000045
all	2767	1	886578	0.0000011
all	2768	7	886578	0.0000079
all	2769	4	886578	0.0000045
all	2770	2	886578	0.0000023
all	2771	2	886578	0.0000023
all	2772	4	886578	0.0000045
all	2773	1	886578	0.0000011
all	2774	2	886578	0.0000023
all	2776	2	886578	0.0000023
all	2777	1	886578	0.0000011
all	2780	1	886578	0.0000011
all	2781	2	886578	0.0000023
all	2782	1	886578	0.0000011
all	2783	1	886578	0.0000011
all	2785	1	886578	0.0000011
all	2786	1	886578	0.0000011
all	2787	2	886578	0.0000023
all	2789	4	886578	0.0000045
all	2790	2	886578	0.0000023
all	2791	1	886578	0.0000011
all	2792	1	886578	0.0000011
all	2794	2	886578	0.0000023
all	2796	2	886578	0.0000023
all	2797	2	886578	0.0000023
all	2799	1	886578	0.0000011
all	2802	2	886578	0.0000023
all	2803	1	886578	0.0000011
all	2807	2	886578	0.0000023
all	2808	1	886578	0.0000011
all	2810	1	886578	0.0000011
all	2811	2	886578	0.0000023
all	2812	2	886578	0.0000023
all	2813	2	886578	0.0000023
all	2814	1	886578	0.0000011
all	2816	1	886578	0.0000011
all	2817	3	886578	0.0000034
all	2819	1	886578	0.0000011
all	2822	2	886578	0.0000023
all	2823	3	886578	0.0000034
all	2824	1	886578	0.0000011
all	2825	2	886578	0.0000023
all	2826	1	886578	0.0000011
all	2827	1	886578	0.0000011
all	2829	2	886578	0.0000023
all	2830	1	886578	0.0000011
all	2832	1	886578	0.0000011
all	2833	2	886578	0.0000023
all	2834	2	886578	0.0000023
all	2835	2	886578	0.0000023
all	2836	1	886578	0.0000011
all	2837	2	886578	0.0000023
all	2839	2	886578	0.0000023
all	2840	3	886578	0.0000034
all	2841	1	886578	0.0000011
all	2846	6	886578	0.0000068
all	2848	1	886578	0.0000011
all	2850	1	886578	0.0000011
all	2852	1	886578	0.0000011
all	2854	1	886578	0.0000011
all	2857	2	886578	0.0000023
all	2860	1	886578	0.0000011
all	2861	2	886578	0.0000023
all	2863	2	886578	0.0000023
all	2864	2	886578	0.0000023
all	2867	3	886578	0.0000034
all	2868	1	886578	0.0000011
all	2870	2	886578	0.0000023
all	2871	2	886578	0.0000023
all	2872	1	886578	0.0000011
all	2876	2	886578	0.0000023
all	2878	1	886578	0.0000011
all	2879	1	886578	0.0000011
all	2881	1	886578	0.0000011
all	2882	2	886578	0.0000023
all	2885	2	886578	0.0000023
all	2886	1	886578	0.0000011
all	2887	1	886578	0.0000011
all	2888	2	886578	0.0000023
all	2890	2	886578	0.0000023
all	2891	2	886578	0.0000023
all	2893	1	886578	0.0000011
all	2898	2	886578	0.0000023
all	2900	2	886578	0.0000023
all	2902	2	886578	0.0000023
all	2903	2	886578	0.0000023
all	2904	1	886578	0.0000011
all	2906	3	886578	0.0000034
all	2907	3	886578	0.0000034
all	2908	1	886578	0.0000011
all	2911	2	886578	0.0000023
all	2912	1	886578	0.0000011
all	2914	1	886578	0.0000011
all	2915	1	886578	0.0000011
all	2916	2	886578	0.0000023
all	2918	1	886578	0.0000011
all	2919	1	886578	0.0000011
all	2921	1	886578	0.0000011
all	2923	1	886578	0.0000011
all	2924	1	886578	0.0000011
all	2927	1	886578	0.0000011
all	2929	1	886578	0.0000011
all	2930	1	886578	0.0000011
all	2932	1	886578	0.0000011
all	2934	2	886578	0.0000023
all	2935	1	886578	0.0000011
all	2936	3	886578	0.0000034
all	2937	2	886578	0.0000023
all	2939	1	886578	0.0000011
all	2941	2	886578	0.0000023
all	2942	2	886578	0.0000023
all	2944	1	886578	0.0000011
all	2945	1	886578	0.0000011
all	2946	1	886578	0.0000011
all	2947	1	886578	0.0000011
all	2948	2	886578	0.0000023
all	2949	1	886578	0.0000011
all	2950	2	886578	0.0000023
all	2955	1	886578	0.0000011
all	2956	1	886578	0.0000011
all	2957	2	886578	0.0000023
all	2958	2	886578	0.0000023
all	2960	1	886578	0.0000011
all	2963	1	886578	0.0000011
all	2965	2	886578	0.0000023
all	2966	1	886578	0.0000011
all	2967	2	886578	0.0000023
all	2968	3	886578	0.0000034
all	2970	1	886578	0.0000011
all	2973	1	886578	0.0000011
all	2974	1	886578	0.0000011
all	2975	1	886578	0.0000011
all	2979	1	886578	0.0000011
all	2982	1	886578	0.0000011
all	2983	2	886578	0.0000023
all	2984	3	886578	0.0000034
all	2985	1	886578	0.0000011
all	2986	2	886578	0.0000023
all	2989	1	886578	0.0000011
all	2991	3	886578	0.0000034
all	2992	1	886578	0.0000011
all	2993	1	886578	0.0000011
all	2994	1	886578	0.0000011
all	2996	2	886578	0.0000023
all	2997	1	886578	0.0000011
all	2998	1	886578	0.0000011
all	3005	1	886578	0.0000011
all	3006	1	886578	0.0000011
all	3008	1	886578	0.0000011
all	3009	1	886578	0.0000011
all	3011	1	886578	0.0000011
all	3012	1	886578	0.0000011
all	3014	1	886578	0.0000011
all	3015	2	886578	0.0000023
all	3016	2	886578	0.0000023
all	3017	2	886578	0.0000023
all	3020	4	886578	0.0000045
all	3022	1	886578	0.0000011
all	3023	2	886578	0.0000023
all	3024	1	886578	0.0000011
all	3025	1	886578	0.0000011
all	3026	1	886578	0.0000011
all	3028	1	886578	0.0000011
all	3029	2	886578	0.0000023
all	3030	4	886578	0.0000045
all	3031	3	886578	0.0000034
all	3032	2	886578	0.0000023
all	3034	1	886578	0.0000011
all	3037	4	886578	0.0000045
all	3038	1	886578	0.0000011
all	3039	1	886578	0.0000011
all	3040	3	886578	0.0000034
all	3044	1	886578	0.0000011
all	3046	2	886578	0.0000023
all	3047	2	886578	0.0000023
all	3048	2	886578	0.0000023
all	3051	1	886578	0.0000011
all	3054	1	886578	0.0000011
all	3055	2	886578	0.0000023
all	3056	1	886578	0.0000011
all	3060	1	886578	0.0000011
all	3061	3	886578	0.0000034
all	3062	2	886578	0.0000023
all	3063	1	886578	0.0000011
all	3064	1	886578	0.0000011
all	3065	2	886578	0.0000023
all	3066	3	886578	0.0000034
all	3067	2	886578	0.0000023
all	3068	1	886578	0.0000011
all	3069	1	886578	0.0000011
all	3071	1	886578	0.0000011
all	3074	3	886578	0.0000034
all	3075	1	886578	0.0000011
all	3076	2	886578	0.0000023
all	3077	1	886578	0.0000011
all	3078	1	886578	0.0000011
all	3080	1	886578	0.0000011
all	3081	1	886578	0.0000011
all	3083	2	886578	0.0000023
all	3085	1	886578	0.0000011
all	3087	1	886578	0.0000011
all	3088	3	886578	0.0000034
all	3089	5	886578	0.0000056
all	3090	1	886578	0.0000011
all	3095	2	886578	0.0000023
all	3099	5	886578	0.0000056
all	3100	2	886578	0.0000023
all	3102	1	886578	0.0000011
all	3103	2	886578	0.0000023
all	3104	1	886578	0.0000011
all	3106	1	886578	0.0000011
all	3108	2	886578	0.0000023
all	3109	1	886578	0.0000011
all	3110	1	886578	0.0000011
all	3111	1	886578	0.0000011
all	3117	2	886578	0.0000023
all	3118	2	886578	0.0000023
all	3121	1	886578	0.0000011
all	3122	1	886578	0.0000011
all	3123	2	886578	0.0000023
all	3124	3	886578	0.0000034
all	3125	4	886578	0.0000045
all	3127	1	886578	0.0000011
all	3128	4	886578	0.0000045
all	3129	1	886578	0.0000011
all	3130	2	886578	0.0000023
all	3131	1	886578	0.0000011
all	3132	1	886578	0.0000011
all	3134	2	886578	0.0000023
all	3136	1	886578	0.0000011
all	3137	2	886578	0.0000023
all	3141	2	886578	0.0000023
all	3142	1	886578	0.0000011
all	3143	1	886578	0.0000011
all	3144	3	886578	0.0000034
all	3145	1	886578	0.0000011
all	3146	2	886578	0.0000023
all	3147	2	886578	0.0000023
all	3148	1	886578	0.0000011
all	3150	3	886578	0.0000034
all	3151	1	886578	0.0000011
all	3153	3	886578	0.0000034
all	3155	1	886578	0.0000011
all	3156	1	886578	0.0000011
all	3157	3	886578	0.0000034
all	3159	3	886578	0.0000034
all	3160	1	886578	0.0000011
all	3163	2	886578	0.0000023
all	3164	3	886578	0.0000034
all	3165	1	886578	0.0000011
all	3166	2	886578	0.0000023
all	3168	2	886578	0.0000023
all	3170	2	886578	0.0000023
all	3171	1	886578	0.0000011
all	3173	1	886578	0.0000011
all	3174	2	886578	0.0000023
all	3175	3	886578	0.0000034
all	3177	3	886578	0.0000034
all	3178	3	886578	0.0000034
all	3179	1	886578	0.0000011
all	3180	2	886578	0.0000023
all	3181	1	886578	0.0000011
all	3183	2	886578	0.0000023
all	3184	3	886578	0.0000034
all	3185	2	886578	0.0000023
all	3186	2	886578	0.0000023
all	3188	3	886578	0.0000034
all	3189	1	886578	0.0000011
all	3190	1	886578	0.0000011
all	3192	1	886578	0.0000011
all	3193	6	886578	0.0000068
all	3194	2	886578	0.0000023
all	3195	2	886578	0.0000023
all	3196	2	886578	0.0000023
all	3197	2	886578	0.0000023
all	3198	1	886578	0.0000011
all	3199	2	886578	0.0000023
all	3200	1	886578	0.0000011
all	3201	1	886578	0.0000011
all	3204	2	886578	0.0000023
all	3205	2	886578	0.0000023
all	3206	1	886578	0.0000011
all	3207	1	886578	0.0000011
all	3208	1	886578	0.0000011
all	3209	3	886578	0.0000034
all	3212	2	886578	0.0000023
all	3213	1	886578	0.0000011
all	3214	3	886578	0.0000034
all	3215	3	886578	0.0000034
all	3216	2	886578	0.0000023
all	3217	2	886578	0.0000023
all	3218	2	886578	0.0000023
all	3219	4	886578	0.0000045
all	3220	4	886578	0.0000045
all	3221	2	886578	0.0000023
all	3222	1	886578	0.0000011
all	3223	2	886578	0.0000023
all	3224	1	886578	0.0000011
all	3225	3	886578	0.0000034
all	3226	3	886578	0.0000034
all	3227	1	886578	0.0000011
all	3228	3	886578	0.0000034
all	3229	7	886578	0.0000079
all	3230	3	886578	0.0000034
all	3231	3	886578	0.0000034
all	3232	5	886578	0.0000056
all	3233	5	886578	0.0000056
all	3234	5	886578	0.0000056
all	3235	8	886578	0.0000090
all	3236	2	886578	0.0000023
all	3237	9	886578	0.0000102
all	3238	1	886578	0.0000011
all	3241	2	886578	0.0000023
all	3243	1	886578	0.0000011
all	3244	2	886578	0.0000023
all	3245	1	886578	0.0000011
all	3247	1	886578	0.0000011
all	3248	1	886578	0.0000011
all	3249	1	886578	0.0000011
all	3250	2	886578	0.0000023
all	3254	2	886578	0.0000023
all	3255	2	886578	0.0000023
all	3258	1	886578	0.0000011
all	3260	3	886578	0.0000034
all	3262	1	886578	0.0000011
all	3263	1	886578	0.0000011
all	3264	3	886578	0.0000034
all	3266	3	886578	0.0000034
all	3268	2	886578	0.0000023
all	3271	1	886578	0.0000011
all	3274	1	886578	0.0000011
all	3275	2	886578	0.0000023
all	3276	1	886578	0.0000011
all	3279	1	886578	0.0000011
all	3280	2	886578	0.0000023
all	3282	1	886578	0.0000011
all	3283	2	886578	0.0000023
all	3284	2	886578	0.0000023
all	3286	1	886578	0.0000011
all	3288	1	886578	0.0000011
all	3292	1	886578	0.0000011
all	3293	2	886578	0.0000023
all	3294	1	886578	0.0000011
all	3295	1	886578	0.0000011
all	3296	1	886578	0.0000011
all	3300	2	886578	0.0000023
all	3303	2	886578	0.0000023
all	3304	3	886578	0.0000034
all	3305	1	886578	0.0000011
all	3306	1	886578	0.0000011
all	3307	1	886578	0.0000011
all	3308	2	886578	0.0000023
all	3309	1	886578	0.0000011
all	3310	2	886578	0.0000023
all	3311	1	886578	0.0000011
all	3312	2	886578	0.0000023
all	3313	2	886578	0.0000023
all	3315	1	886578	0.0000011
all	3316	2	886578	0.0000023
all	3317	1	886578	0.0000011
all	3318	1	886578	0.0000011
all	3319	3	886578	0.0000034
all	3320	2	886578	0.0000023
all	3321	1	886578	0.0000011
all	3322	2	886578	0.0000023
all	3323	1	886578	0.0000011
all	3324	2	886578	0.0000023
all	3325	2	886578	0.0000023
all	3326	2	886578	0.0000023
all	3327	1	886578	0.0000011
all	3329	3	886578	0.0000034
all	3330	3	886578	0.0000034
all	3331	3	886578	0.0000034
all	3332	3	886578	0.0000034
all	3334	1	886578	0.0000011
all	3335	1	886578	0.0000011
all	3336	1	886578	0.0000011
all	3338	1	886578	0.0000011
all	3341	1	886578	0.0000011
all	3343	2	886578	0.0000023
all	3346	1	886578	0.0000011
all	3351	2	886578	0.0000023
all	3353	1	886578	0.0000011
all	3356	1	886578	0.0000011
all	3357	1	886578	0.0000011
all	3359	1	886578	0.0000011
all	3362	1	886578	0.0000011
all	3364	2	886578	0.0000023
all	3366	1	886578	0.0000011
all	3371	1	886578	0.0000011
all	3372	1	886578	0.0000011
all	3376	1	886578	0.0000011
all	3377	3	886578	0.0000034
all	3380	2	886578	0.0000023
all	3381	1	886578	0.0000011
all	3383	1	886578	0.0000011
all	3387	1	886578	0.0000011
all	3390	1	886578	0.0000011
all	3393	1	886578	0.0000011
all	3395	1	886578	0.0000011
all	3396	1	886578	0.0000011
all	3398	1	886578	0.0000011
all	3399	2	886578	0.0000023
all	3401	2	886578	0.0000023
all	3402	1	886578	0.0000011
all	3404	2	886578	0.0000023
all	3405	1	886578	0.0000011
all	3406	2	886578	0.0000023
all	3407	1	886578	0.0000011
all	3408	1	886578	0.0000011
all	3409	1	886578	0.0000011
all	3410	1	886578	0.0000011
all	3411	1	886578	0.0000011
all	3412	1	886578	0.0000011
all	3414	2	886578	0.0000023
all	3415	1	886578	0.0000011
all	3416	1	886578	0.0000011
all	3417	1	886578	0.0000011
all	3419	1	886578	0.0000011
all	3420	1	886578	0.0000011
all	3424	2	886578	0.0000023
all	3427	1	886578	0.0000011
all	3429	1	886578	0.0000011
all	3431	1	886578	0.0000011
all	3433	1	886578	0.0000011
all	3434	1	886578	0.0000011
all	3435	1	886578	0.0000011
all	3439	1	886578	0.0000011
all	3444	2	886578	0.0000023
all	3445	1	886578	0.0000011
all	3447	2	886578	0.0000023
all	3454	1	886578	0.0000011
all	3455	1	886578	0.0000011
all	3458	1	886578	0.0000011
all	3461	1	886578	0.0000011
all	3464	1	886578	0.0000011
all	3465	1	886578	0.0000011
all	3466	1	886578	0.0000011
all	3468	1	886578	0.0000011
all	3469	1	886578	0.0000011
all	3470	2	886578	0.0000023
all	3472	1	886578	0.0000011
all	3473	1	886578	0.0000011
all	3474	1	886578	0.0000011
all	3475	1	886578	0.0000011
all	3479	2	886578	0.0000023
all	3481	1	886578	0.0000011
all	3487	1	886578	0.0000011
all	3490	1	886578	0.0000011
all	3496	1	886578	0.0000011
all	3497	1	886578	0.0000011
all	3499	1	886578	0.0000011
all	3500	1	886578	0.0000011
all	3504	1	886578	0.0000011
all	3506	2	886578	0.0000023
all	3507	2	886578	0.0000023
all	3508	1	886578	0.0000011
all	3509	1	886578	0.0000011
all	3512	1	886578	0.0000011
all	3515	4	886578	0.0000045
all	3517	2	886578	0.0000023
all	3519	3	886578	0.0000034
all	3520	2	886578	0.0000023
all	3522	1	886578	0.0000011
all	3524	1	886578	0.0000011
all	3526	2	886578	0.0000023
all	3527	1	886578	0.0000011
all	3528	1	886578	0.0000011
all	3531	4	886578	0.0000045
all	3532	2	886578	0.0000023
all	3533	3	886578	0.0000034
all	3535	1	886578	0.0000011
all	3538	2	886578	0.0000023
all	3539	1	886578	0.0000011
all	3541	1	886578	0.0000011
all	3543	1	886578	0.0000011
all	3544	2	886578	0.0000023
all	3549	2	886578	0.0000023
all	3556	1	886578	0.0000011
all	3560	1	886578	0.0000011
all	3561	1	886578	0.0000011
all	3563	1	886578	0.0000011
all	3564	1	886578	0.0000011
all	3566	1	886578	0.0000011
all	3572	1	886578	0.0000011
all	3574	2	886578	0.0000023
all	3579	2	886578	0.0000023
all	3586	2	886578	0.0000023
all	3588	1	886578	0.0000011
all	3591	1	886578	0.0000011
all	3598	1	886578	0.0000011
all	3600	1	886578	0.0000011
all	3601	1	886578	0.0000011
all	3603	1	886578	0.0000011
all	3604	1	886578	0.0000011
all	3605	1	886578	0.0000011
all	3609	1	886578	0.0000011
all	3611	1	886578	0.0000011
all	3614	2	886578	0.0000023
all	3621	1	886578	0.0000011
all	3624	1	886578	0.0000011
all	3626	1	886578	0.0000011
all	3627	1	886578	0.0000011
all	3628	1	886578	0.0000011
all	3629	3	886578	0.0000034
all	3630	1	886578	0.0000011
all	3637	1	886578	0.0000011
all	3640	1	886578	0.0000011
all	3641	1	886578	0.0000011
all	3644	1	886578	0.0000011
all	3649	1	886578	0.0000011
all	3650	2	886578	0.0000023
all	3656	1	886578	0.0000011
all	3660	1	886578	0.0000011
all	3661	2	886578	0.0000023
all	3665	1	886578	0.0000011
all	3669	1	886578	0.0000011
all	3672	2	886578	0.0000023
all	3674	2	886578	0.0000023
all	3675	1	886578	0.0000011
all	3676	1	886578	0.0000011
all	3677	1	886578	0.0000011
all	3678	2	886578	0.0000023
all	3680	2	886578	0.0000023
all	3682	1	886578	0.0000011
all	3686	1	886578	0.0000011
all	3687	1	886578	0.0000011
all	3688	1	886578	0.0000011
all	3689	2	886578	0.0000023
all	3692	2	886578	0.0000023
all	3695	1	886578	0.0000011
all	3699	1	886578	0.0000011
all	3705	1	886578	0.0000011
all	3709	1	886578	0.0000011
all	3713	2	886578	0.0000023
all	3715	1	886578	0.0000011
all	3720	1	886578	0.0000011
all	3723	1	886578	0.0000011
all	3725	1	886578	0.0000011
all	3728	1	886578	0.0000011
all	3732	2	886578	0.0000023
all	3733	2	886578	0.0000023
all	3742	1	886578	0.0000011
all	3744	1	886578	0.0000011
all	3746	1	886578	0.0000011
all	3748	1	886578	0.0000011
all	3758	1	886578	0.0000011
all	3759	1	886578	0.0000011
all	3764	1	886578	0.0000011
all	3769	1	886578	0.0000011
all	3770	1	886578	0.0000011
all	3772	1	886578	0.0000011
all	3785	1	886578	0.0000011
all	3790	1	886578	0.0000011
all	3793	1	886578	0.0000011
all	3797	2	886578	0.0000023
all	3800	1	886578	0.0000011
all	3806	1	886578	0.0000011
all	3808	1	886578	0.0000011
all	3809	1	886578	0.0000011
all	3817	1	886578	0.0000011
all	3824	1	886578	0.0000011
all	3825	1	886578	0.0000011
all	3826	1	886578	0.0000011
all	3831	1	886578	0.0000011
all	3832	1	886578	0.0000011
all	3837	2	886578	0.0000023
all	3838	1	886578	0.0000011
all	3843	2	886578	0.0000023
all	3847	1	886578	0.0000011
all	3850	1	886578	0.0000011
all	3851	1	886578	0.0000011
all	3856	1	886578	0.0000011
all	3859	1	886578	0.0000011
all	3864	1	886578	0.0000011
all	3865	1	886578	0.0000011
all	3867	1	886578	0.0000011
all	3868	2	886578	0.0000023
all	3869	1	886578	0.0000011
all	3870	1	886578	0.0000011
all	3879	1	886578	0.0000011
all	3880	1	886578	0.0000011
all	3886	1	886578	0.0000011
all	3887	1	886578	0.0000011
all	3890	1	886578	0.0000011
all	3893	1	886578	0.0000011
all	3894	1	886578	0.0000011
all	3896	1	886578	0.0000011
all	3897	1	886578	0.0000011
all	3900	1	886578	0.0000011
all	3903	1	886578	0.0000011
all	3904	1	886578	0.0000011
all	3910	1	886578	0.0000011
all	3911	1	886578	0.0000011
all	3912	1	886578	0.0000011
all	3915	1	886578	0.0000011
all	3916	1	886578	0.0000011
all	3917	1	886578	0.0000011
all	3918	1	886578	0.0000011
all	3919	1	886578	0.0000011
all	3921	1	886578	0.0000011
all	3922	1	886578	0.0000011
all	3923	1	886578	0.0000011
all	3925	1	886578	0.0000011
all	3933	1	886578	0.0000011
all	3939	1	886578	0.0000011
all	3942	3	886578	0.0000034
all	3943	1	886578	0.0000011
all	3947	1	886578	0.0000011
all	3948	1	886578	0.0000011
all	3952	1	886578	0.0000011
all	3956	1	886578	0.0000011
all	3957	1	886578	0.0000011
all	3959	1	886578	0.0000011
all	3960	2	886578	0.0000023
all	3964	1	886578	0.0000011
all	3966	1	886578	0.0000011
all	3971	1	886578	0.0000011
all	3979	2	886578	0.0000023
all	3981	1	886578	0.0000011
all	3984	1	886578	0.0000011
all	3985	1	886578	0.0000011
all	3990	1	886578	0.0000011
all	3992	1	886578	0.0000011
all	4003	1	886578	0.0000011
all	4005	2	886578	0.0000023
all	4010	1	886578	0.0000011
all	4012	1	886578	0.0000011
all	4013	1	886578	0.0000011
all	4015	1	886578	0.0000011
all	4016	1	886578	0.0000011
all	4019	1	886578	0.0000011
all	4021	1	886578	0.0000011
all	4022	1	886578	0.0000011
all	4024	1	886578	0.0000011
all	4029	1	886578	0.0000011
all	4031	1	886578	0.0000011
all	4036	1	886578	0.0000011
all	4040	1	886578	0.0000011
all	4042	1	886578	0.0000011
all	4044	1	886578	0.0000011
all	4045	1	886578	0.0000011
all	4047	1	886578	0.0000011
all	4048	2	886578	0.0000023
all	4049	1	886578	0.0000011
all	4055	2	886578	0.0000023
all	4061	2	886578	0.0000023
all	4062	1	886578	0.0000011
all	4063	1	886578	0.0000011
all	4068	2	886578	0.0000023
all	4069	1	886578	0.0000011
all	4071	1	886578	0.0000011
all	4073	1	886578	0.0000011
all	4074	1	886578	0.0000011
all	4077	1	886578	0.0000011
all	4079	1	886578	0.0000011
all	4087	3	886578	0.0000034
all	4089	2	886578	0.0000023
all	4091	1	886578	0.0000011
all	4096	1	886578	0.0000011
all	4100	1	886578	0.0000011
all	4101	1	886578	0.0000011
all	4105	1	886578	0.0000011
all	4107	1	886578	0.0000011
all	4110	1	886578	0.0000011
all	4115	1	886578	0.0000011
all	4117	1	886578	0.0000011
all	4122	1	886578	0.0000011
all	4123	1	886578	0.0000011
all	4125	1	886578	0.0000011
all	4127	1	886578	0.0000011
all	4128	1	886578	0.0000011
all	4138	2	886578	0.0000023
all	4139	1	886578	0.0000011
all	4145	1	886578	0.0000011
all	4146	2	886578	0.0000023
all	4147	1	886578	0.0000011
all	4150	1	886578	0.0000011
all	4152	2	886578	0.0000023
all	4153	2	886578	0.0000023
all	4154	1	886578	0.0000011
all	4156	2	886578	0.0000023
all	4157	1	886578	0.0000011
all	4162	1	886578	0.0000011
all	4163	1	886578	0.0000011
all	4167	1	886578	0.0000011
all	4170	1	886578	0.0000011
all	4172	1	886578	0.0000011
all	4173	2	886578	0.0000023
all	4175	1	886578	0.0000011
all	4180	1	886578	0.0000011
all	4185	1	886578	0.0000011
all	4186	1	886578	0.0000011
all	4187	2	886578	0.0000023
all	4190	1	886578	0.0000011
all	4192	2	886578	0.0000023
all	4193	1	886578	0.0000011
all	4194	1	886578	0.0000011
all	4196	1	886578	0.0000011
all	4198	1	886578	0.0000011
all	4200	1	886578	0.0000011
all	4201	2	886578	0.0000023
all	4204	2	886578	0.0000023
all	4205	1	886578	0.0000011
all	4211	1	886578	0.0000011
all	4212	1	886578	0.0000011
all	4213	1	886578	0.0000011
all	4218	1	886578	0.0000011
all	4219	1	886578	0.0000011
all	4222	2	886578	0.0000023
all	4223	1	886578	0.0000011
all	4225	1	886578	0.0000011
all	4226	1	886578	0.0000011
all	4229	1	886578	0.0000011
all	4232	1	886578	0.0000011
all	4233	2	886578	0.0000023
all	4234	1	886578	0.0000011
all	4235	1	886578	0.0000011
all	4237	2	886578	0.0000023
all	4239	1	886578	0.0000011
all	4241	2	886578	0.0000023
all	4242	1	886578	0.0000011
all	4243	1	886578	0.0000011
all	4244	1	886578	0.0000011
all	4248	1	886578	0.0000011
all	4249	1	886578	0.0000011
all	4250	1	886578	0.0000011
all	4252	1	886578	0.0000011
all	4253	3	886578	0.0000034
all	4255	1	886578	0.0000011
all	4256	2	886578	0.0000023
all	4257	1	886578	0.0000011
all	4258	1	886578	0.0000011
all	4259	2	886578	0.0000023
all	4260	1	886578	0.0000011
all	4261	1	886578	0.0000011
all	4262	2	886578	0.0000023
all	4264	1	886578	0.0000011
all	4267	1	886578	0.0000011
all	4268	1	886578	0.0000011
all	4274	1	886578	0.0000011
all	4275	3	886578	0.0000034
all	4280	1	886578	0.0000011
all	4281	2	886578	0.0000023
all	4284	1	886578	0.0000011
all	4285	2	886578	0.0000023
all	4287	2	886578	0.0000023
all	4296	2	886578	0.0000023
all	4299	1	886578	0.0000011
all	4300	1	886578	0.0000011
all	4303	1	886578	0.0000011
all	4309	1	886578	0.0000011
all	4310	2	886578	0.0000023
all	4312	1	886578	0.0000011
all	4321	1	886578	0.0000011
all	4325	1	886578	0.0000011
all	4329	2	886578	0.0000023
all	4331	1	886578	0.0000011
all	4334	1	886578	0.0000011
all	4339	1	886578	0.0000011
all	4346	1	886578	0.0000011
all	4347	1	886578	0.0000011
all	4348	3	886578	0.0000034
all	4351	2	886578	0.0000023
all	4352	1	886578	0.0000011
all	4353	1	886578	0.0000011
all	4355	1	886578	0.0000011
all	4359	1	886578	0.0000011
all	4360	1	886578	0.0000011
all	4364	1	886578	0.0000011
all	4365	1	886578	0.0000011
all	4367	1	886578	0.0000011
all	4369	1	886578	0.0000011
all	4370	1	886578	0.0000011
all	4372	1	886578	0.0000011
all	4374	1	886578	0.0000011
all	4377	1	886578	0.0000011
all	4382	2	886578	0.0000023
all	4383	1	886578	0.0000011
all	4385	1	886578	0.0000011
all	4387	1	886578	0.0000011
all	4388	1	886578	0.0000011
all	4395	1	886578	0.0000011
all	4396	2	886578	0.0000023
all	4399	1	886578	0.0000011
all	4401	2	886578	0.0000023
all	4405	1	886578	0.0000011
all	4411	1	886578	0.0000011
all	4412	1	886578	0.0000011
all	4417	1	886578	0.0000011
all	4420	1	886578	0.0000011
all	4421	2	886578	0.0000023
all	4427	1	886578	0.0000011
all	4429	2	886578	0.0000023
all	4430	1	886578	0.0000011
all	4433	3	886578	0.0000034
all	4434	1	886578	0.0000011
all	4435	1	886578	0.0000011
all	4436	2	886578	0.0000023
all	4439	1	886578	0.0000011
all	4440	1	886578	0.0000011
all	4447	1	886578	0.0000011
all	4449	1	886578	0.0000011
all	4450	1	886578	0.0000011
all	4452	1	886578	0.0000011
all	4455	1	886578	0.0000011
all	4462	2	886578	0.0000023
all	4468	1	886578	0.0000011
all	4469	2	886578	0.0000023
all	4470	1	886578	0.0000011
all	4481	1	886578	0.0000011
all	4482	1	886578	0.0000011
all	4483	1	886578	0.0000011
all	4484	1	886578	0.0000011
all	4485	2	886578	0.0000023
all	4491	1	886578	0.0000011
all	4493	1	886578	0.0000011
all	4494	1	886578	0.0000011
all	4498	1	886578	0.0000011
all	4501	2	886578	0.0000023
all	4504	1	886578	0.0000011
all	4505	1	886578	0.0000011
all	4511	1	886578	0.0000011
all	4512	1	886578	0.0000011
all	4513	1	886578	0.0000011
all	4514	2	886578	0.0000023
all	4515	1	886578	0.0000011
all	4516	2	886578	0.0000023
all	4522	1	886578	0.0000011
all	4524	3	886578	0.0000034
all	4526	2	886578	0.0000023
all	4531	1	886578	0.0000011
all	4532	1	886578	0.0000011
all	4533	2	886578	0.0000023
all	4535	1	886578	0.0000011
all	4536	1	886578	0.0000011
all	4538	2	886578	0.0000023
all	4541	1	886578	0.0000011
all	4545	1	886578	0.0000011
all	4546	2	886578	0.0000023
all	4547	1	886578	0.0000011
all	4548	2	886578	0.0000023
all	4549	1	886578	0.0000011
all	4554	1	886578	0.0000011
all	4555	1	886578	0.0000011
all	4556	1	886578	0.0000011
all	4559	1	886578	0.0000011
all	4560	3	886578	0.0000034
all	4562	1	886578	0.0000011
all	4564	3	886578	0.0000034
all	4568	2	886578	0.0000023
all	4571	1	886578	0.0000011
all	4575	1	886578	0.0000011
all	4576	1	886578	0.0000011
all	4577	2	886578	0.0000023
all	4578	1	886578	0.0000011
all	4579	1	886578	0.0000011
all	4583	1	886578	0.0000011
all	4587	1	886578	0.0000011
all	4589	1	886578	0.0000011
all	4590	1	886578	0.0000011
all	4597	1	886578	0.0000011
all	4599	1	886578	0.0000011
all	4600	1	886578	0.0000011
all	4601	1	886578	0.0000011
all	4603	2	886578	0.0000023
all	4606	1	886578	0.0000011
all	4607	2	886578	0.0000023
all	4608	1	886578	0.0000011
all	4609	1	886578	0.0000011
all	4611	1	886578	0.0000011
all	4612	1	886578	0.0000011
all	4613	1	886578	0.0000011
all	4617	1	886578	0.0000011
all	4618	1	886578	0.0000011
all	4619	2	886578	0.0000023
all	4620	1	886578	0.0000011
all	4622	2	886578	0.0000023
all	4625	1	886578	0.0000011
all	4626	2	886578	0.0000023
all	4630	1	886578	0.0000011
all	4632	2	886578	0.0000023
all	4633	1	886578	0.0000011
all	4635	3	886578	0.0000034
all	4636	1	886578	0.0000011
all	4637	2	886578	0.0000023
all	4638	1	886578	0.0000011
all	4643	2	886578	0.0000023
all	4645	1	886578	0.0000011
all	4646	1	886578	0.0000011
all	4647	1	886578	0.0000011
all	4651	1	886578	0.0000011
all	4652	1	886578	0.0000011
all	4655	1	886578	0.0000011
all	4656	1	886578	0.0000011
all	4658	1	886578	0.0000011
all	4667	1	886578	0.0000011
all	4671	1	886578	0.0000011
all	4675	2	886578	0.0000023
all	4676	2	886578	0.0000023
all	4678	1	886578	0.0000011
all	4687	1	886578	0.0000011
all	4688	1	886578	0.0000011
all	4691	1	886578	0.0000011
all	4692	2	886578	0.0000023
all	4696	1	886578	0.0000011
all	4698	1	886578	0.0000011
all	4699	1	886578	0.0000011
all	4700	2	886578	0.0000023
all	4702	1	886578	0.0000011
all	4703	2	886578	0.0000023
all	4705	2	886578	0.0000023
all	4714	1	886578	0.0000011
all	4717	2	886578	0.0000023
all	4718	1	886578	0.0000011
all	4719	1	886578	0.0000011
all	4720	1	886578	0.0000011
all	4731	1	886578	0.0000011
all	4735	1	886578	0.0000011
all	4736	1	886578	0.0000011
all	4737	1	886578	0.0000011
all	4738	2	886578	0.0000023
all	4741	1	886578	0.0000011
all	4743	1	886578	0.0000011
all	4744	1	886578	0.0000011
all	4745	1	886578	0.0000011
all	4746	3	886578	0.0000034
all	4747	1	886578	0.0000011
all	4749	1	886578	0.0000011
all	4750	2	886578	0.0000023
all	4751	2	886578	0.0000023
all	4753	2	886578	0.0000023
all	4757	1	886578	0.0000011
all	4761	1	886578	0.0000011
all	4762	1	886578	0.0000011
all	4763	2	886578	0.0000023
all	4765	1	886578	0.0000011
all	4766	2	886578	0.0000023
all	4768	1	886578	0.0000011
all	4770	1	886578	0.0000011
all	4771	1	886578	0.0000011
all	4772	6	886578	0.0000068
all	4775	2	886578	0.0000023
all	4777	2	886578	0.0000023
all	4782	1	886578	0.0000011
all	4783	1	886578	0.0000011
all	4784	1	886578	0.0000011
all	4786	1	886578	0.0000011
all	4789	4	886578	0.0000045
all	4791	1	886578	0.0000011
all	4792	2	886578	0.0000023
all	4793	1	886578	0.0000011
all	4795	1	886578	0.0000011
all	4796	1	886578	0.0000011
all	4798	1	886578	0.0000011
all	4799	2	886578	0.0000023
all	4802	1	886578	0.0000011
all	4805	1	886578	0.0000011
all	4807	3	886578	0.0000034
all	4808	1	886578	0.0000011
all	4815	1	886578	0.0000011
all	4816	2	886578	0.0000023
all	4818	1	886578	0.0000011
all	4820	1	886578	0.0000011
all	4821	1	886578	0.0000011
all	4826	1	886578	0.0000011
all	4828	1	886578	0.0000011
all	4829	1	886578	0.0000011
all	4830	3	886578	0.0000034
all	4831	1	886578	0.0000011
all	4833	1	886578	0.0000011
all	4834	1	886578	0.0000011
all	4835	2	886578	0.0000023
all	4839	1	886578	0.0000011
all	4841	3	886578	0.0000034
all	4842	1	886578	0.0000011
all	4843	2	886578	0.0000023
all	4844	1	886578	0.0000011
all	4846	1	886578	0.0000011
all	4847	4	886578	0.0000045
all	4848	2	886578	0.0000023
all	4849	1	886578	0.0000011
all	4851	1	886578	0.0000011
all	4852	3	886578	0.0000034
all	4863	1	886578	0.0000011
all	4865	1	886578	0.0000011
all	4884	1	886578	0.0000011
all	4900	1	886578	0.0000011
all	4901	1	886578	0.0000011
all	4906	1	886578	0.0000011
all	4907	1	886578	0.0000011
all	4908	1	886578	0.0000011
all	4910	1	886578	0.0000011
all	4915	1	886578	0.0000011
all	4928	2	886578	0.0000023
all	4929	1	886578	0.0000011
all	4937	1	886578	0.0000011
all	4952	1	886578	0.0000011
all	4957	1	886578	0.0000011
all	4962	1	886578	0.0000011
all	4976	1	886578	0.0000011
all	4981	1	886578	0.0000011
all	4986	1	886578	0.0000011
all	4989	1	886578	0.0000011
all	4990	2	886578	0.0000023
all	4995	1	886578	0.0000011
all	4996	1	886578	0.0000011
all	5014	2	886578	0.0000023
all	5015	1	886578	0.0000011
all	5019	2	886578	0.0000023
all	5023	1	886578	0.0000011
all	5030	2	886578	0.0000023
all	5034	1	886578	0.0000011
all	5035	1	886578	0.0000011
all	5051	1	886578	0.0000011
all	5052	1	886578	0.0000011
all	5058	2	886578	0.0000023
all	5066	1	886578	0.0000011
all	5068	1	886578	0.0000011
all	5075	1	886578	0.0000011
all	5078	1	886578	0.0000011
all	5083	1	886578	0.0000011
all	5086	1	886578	0.0000011
all	5092	1	886578	0.0000011
all	5099	1	886578	0.0000011
all	5104	1	886578	0.0000011
all	5107	1	886578	0.0000011
all	5112	1	886578	0.0000011
all	5115	1	886578	0.0000011
all	5118	1	886578	0.0000011
all	5131	1	886578	0.0000011
all	5134	1	886578	0.0000011
all	5136	1	886578	0.0000011
all	5139	1	886578	0.0000011
all	5140	1	886578	0.0000011
all	5141	1	886578	0.0000011
all	5142	1	886578	0.0000011
all	5146	1	886578	0.0000011
all	5149	1	886578	0.0000011
all	5150	1	886578	0.0000011
all	5152	1	886578	0.0000011
all	5153	1	886578	0.0000011
all	5159	2	886578	0.0000023
all	5164	1	886578	0.0000011
all	5169	1	886578	0.0000011
all	5183	1	886578	0.0000011
all	5184	2	886578	0.0000023
all	5186	1	886578	0.0000011
all	5189	3	886578	0.0000034
all	5191	2	886578	0.0000023
all	5195	1	886578	0.0000011
all	5198	3	886578	0.0000034
all	5204	2	886578	0.0000023
all	5206	1	886578	0.0000011
all	5212	1	886578	0.0000011
all	5224	1	886578	0.0000011
all	5231	1	886578	0.0000011
all	5234	1	886578	0.0000011
all	5240	1	886578	0.0000011
all	5241	1	886578	0.0000011
all	5246	1	886578	0.0000011
all	5248	1	886578	0.0000011
all	5269	2	886578	0.0000023
all	5271	2	886578	0.0000023
all	5276	1	886578	0.0000011
all	5289	1	886578	0.0000011
all	5291	2	886578	0.0000023
all	5295	1	886578	0.0000011
all	5296	1	886578	0.0000011
all	5303	1	886578	0.0000011
all	5304	1	886578	0.0000011
all	5311	1	886578	0.0000011
all	5316	2	886578	0.0000023
all	5317	1	886578	0.0000011
all	5321	1	886578	0.0000011
all	5322	1	886578	0.0000011
all	5328	1	886578	0.0000011
all	5336	1	886578	0.0000011
all	5340	1	886578	0.0000011
all	5342	1	886578	0.0000011
all	5344	1	886578	0.0000011
all	5347	1	886578	0.0000011
all	5348	1	886578	0.0000011
all	5357	1	886578	0.0000011
all	5364	1	886578	0.0000011
all	5369	1	886578	0.0000011
all	5371	1	886578	0.0000011
all	5372	1	886578	0.0000011
all	5373	1	886578	0.0000011
all	5374	1	886578	0.0000011
all	5381	1	886578	0.0000011
all	5382	1	886578	0.0000011
all	5401	1	886578	0.0000011
all	5403	1	886578	0.0000011
all	5406	1	886578	0.0000011
all	5408	2	886578	0.0000023
all	5409	1	886578	0.0000011
all	5415	1	886578	0.0000011
all	5417	1	886578	0.0000011
all	5431	1	886578	0.0000011
all	5433	1	886578	0.0000011
all	5435	2	886578	0.0000023
all	5438	1	886578	0.0000011
all	5443	1	886578	0.0000011
all	5447	1	886578	0.0000011
all	5448	1	886578	0.0000011
all	5449	1	886578	0.0000011
all	5450	1	886578	0.0000011
all	5457	1	886578	0.0000011
all	5461	1	886578	0.0000011
all	5463	1	886578	0.0000011
all	5466	1	886578	0.0000011
all	5467	1	886578	0.0000011
all	5468	1	886578	0.0000011
all	5473	1	886578	0.0000011
all	5476	1	886578	0.0000011
all	5484	1	886578	0.0000011
all	5486	1	886578	0.0000011
all	5487	1	886578	0.0000011
all	5495	1	886578	0.0000011
all	5496	2	886578	0.0000023
all	5498	1	886578	0.0000011
all	5500	2	886578	0.0000023
all	5506	1	886578	0.0000011
all	5511	1	886578	0.0000011
all	5515	1	886578	0.0000011
all	5520	1	886578	0.0000011
all	5528	1	886578	0.0000011
all	5536	1	886578	0.0000011
all	5542	1	886578	0.0000011
all	5549	2	886578	0.0000023
all	5556	1	886578	0.0000011
all	5557	1	886578	0.0000011
all	5558	1	886578	0.0000011
all	5561	2	886578	0.0000023
all	5566	1	886578	0.0000011
all	5568	2	886578	0.0000023
all	5570	1	886578	0.0000011
all	5571	2	886578	0.0000023
all	5575	1	886578	0.0000011
all	5580	1	886578	0.0000011
all	5581	1	886578	0.0000011
all	5586	1	886578	0.0000011
all	5587	1	886578	0.0000011
all	5588	1	886578	0.0000011
all	5589	4	886578	0.0000045
all	5593	1	886578	0.0000011
all	5596	1	886578	0.0000011
all	5601	1	886578	0.0000011
all	5602	1	886578	0.0000011
all	5604	1	886578	0.0000011
all	5606	1	886578	0.0000011
all	5607	1	886578	0.0000011
all	5609	1	886578	0.0000011
all	5610	2	886578	0.0000023
all	5614	1	886578	0.0000011
all	5626	1	886578	0.0000011
all	5628	1	886578	0.0000011
all	5630	1	886578	0.0000011
all	5635	1	886578	0.0000011
all	5636	1	886578	0.0000011
all	5637	1	886578	0.0000011
all	5644	1	886578	0.0000011
all	5645	1	886578	0.0000011
all	5661	2	886578	0.0000023
all	5662	1	886578	0.0000011
all	5674	2	886578	0.0000023
all	5677	1	886578	0.0000011
all	5681	1	886578	0.0000011
all	5684	1	886578	0.0000011
all	5690	1	886578	0.0000011
all	5693	1	886578	0.0000011
all	5694	1	886578	0.0000011
all	5696	1	886578	0.0000011
all	5697	1	886578	0.0000011
all	5698	1	886578	0.0000011
all	5700	2	886578	0.0000023
all	5706	1	886578	0.0000011
all	5709	1	886578	0.0000011
all	5711	1	886578	0.0000011
all	5715	1	886578	0.0000011
all	5737	1	886578	0.0000011
all	5739	1	886578	0.0000011
all	5746	1	886578	0.0000011
all	5749	1	886578	0.0000011
all	5753	1	886578	0.0000011
all	5757	1	886578	0.0000011
all	5770	1	886578	0.0000011
all	5773	1	886578	0.0000011
all	5778	1	886578	0.0000011
all	5787	1	886578	0.0000011
all	5801	1	886578	0.0000011
all	5803	1	886578	0.0000011
all	5807	1	886578	0.0000011
all	5814	1	886578	0.0000011
all	5817	1	886578	0.0000011
all	5842	1	886578	0.0000011
all	5848	1	886578	0.0000011
all	5853	1	886578	0.0000011
all	5860	1	886578	0.0000011
all	5865	1	886578	0.0000011
all	5869	1	886578	0.0000011
all	5873	1	886578	0.0000011
all	5876	1	886578	0.0000011
all	5879	1	886578	0.0000011
all	5882	1	886578	0.0000011
all	5885	1	886578	0.0000011
all	5887	1	886578	0.0000011
all	5888	1	886578	0.0000011
all	5892	1	886578	0.0000011
all	5893	1	886578	0.0000011
all	5894	4	886578	0.0000045
all	5903	1	886578	0.0000011
all	5909	1	886578	0.0000011
all	5911	1	886578	0.0000011
all	5916	1	886578	0.0000011
all	5919	1	886578	0.0000011
all	5922	1	886578	0.0000011
all	5924	1	886578	0.0000011
all	5925	1	886578	0.0000011
all	5930	1	886578	0.0000011
all	5931	1	886578	0.0000011
all	5936	1	886578	0.0000011
all	5944	1	886578	0.0000011
all	5959	1	886578	0.0000011
all	5967	1	886578	0.0000011
all	5968	2	886578	0.0000023
all	5971	1	886578	0.0000011
all	5973	1	886578	0.0000011
all	5976	1	886578	0.0000011
all	5978	1	886578	0.0000011
all	5979	1	886578	0.0000011
all	6010	1	886578	0.0000011
all	6014	1	886578	0.0000011
all	6023	1	886578	0.0000011
all	6074	1	886578	0.0000011
all	6078	1	886578	0.0000011
all	6088	1	886578	0.0000011
all	6104	1	886578	0.0000011
all	6105	1	886578	0.0000011
all	6117	1	886578	0.0000011
all	6125	1	886578	0.0000011
all	6135	1	886578	0.0000011
all	6137	1	886578	0.0000011
all	6138	1	886578	0.0000011
all	6146	1	886578	0.0000011
all	6168	1	886578	0.0000011
all	6209	1	886578	0.0000011
all	6214	1	886578	0.0000011
all	6253	2	886578	0.0000023
all	6254	1	886578	0.0000011
all	6276	1	886578	0.0000011
all	6286	1	886578	0.0000011
all	6312	1	886578	0.0000011
all	6322	1	886578	0.0000011
all	6344	1	886578	0.0000011
all	6357	1	886578	0.0000011
all	6374	1	886578	0.0000011
all	6375	1	886578	0.0000011
all	6398	1	886578	0.0000011
all	6411	1	886578	0.0000011
all	6424	1	886578	0.0000011
all	6425	1	886578	0.0000011
all	6434	1	886578	0.0000011
all	6457	1	886578	0.0000011
all	6458	1	886578	0.0000011
all	6472	1	886578	0.0000011
all	6487	1	886578	0.0000011
all	6491	1	886578	0.0000011
all	6508	1	886578	0.0000011
all	6518	2	886578	0.0000023
all	6520	1	886578	0.0000011
all	6546	1	886578	0.0000011
all	6552	1	886578	0.0000011
all	6555	1	886578	0.0000011
all	6562	1	886578	0.0000011
all	6579	1	886578	0.0000011
all	6606	1	886578	0.0000011
all	6611	1	886578	0.0000011
all	6616	1	886578	0.0000011
all	6647	1	886578	0.0000011
all	6651	1	886578	0.0000011
all	6657	1	886578	0.0000011
all	6660	1	886578	0.0000011
all	6676	1	886578	0.0000011
all	6680	1	886578	0.0000011
all	6681	1	886578	0.0000011
all	6703	1	886578	0.0000011
all	6712	1	886578	0.0000011
all	6714	1	886578	0.0000011
all	6721	1	886578	0.0000011
all	6736	1	886578	0.0000011
all	6743	1	886578	0.0000011
all	6766	1	886578	0.0000011
all	6783	1	886578	0.0000011
all	6792	1	886578	0.0000011
all	6799	1	886578	0.0000011
all	6800	1	886578	0.0000011
all	6818	1	886578	0.0000011
all	6820	1	886578	0.0000011
all	6823	1	886578	0.0000011
all	6835	1	886578	0.0000011
all	6864	1	886578	0.0000011
all	6866	1	886578	0.0000011
all	6869	1	886578	0.0000011
all	6875	1	886578	0.0000011
all	6893	1	886578	0.0000011
all	6906	1	886578	0.0000011
all	6908	1	886578	0.0000011
all	6924	2	886578	0.0000023
all	6927	1	886578	0.0000011
all	6939	1	886578	0.0000011
all	6940	1	886578	0.0000011
all	6947	1	886578	0.0000011
all	6948	1	886578	0.0000011
all	6954	1	886578	0.0000011
all	6955	1	886578	0.0000011
all	6962	1	886578	0.0000011
all	6966	1	886578	0.0000011
all	6971	1	886578	0.0000011
all	6974	1	886578	0.0000011
all	6987	1	886578	0.0000011
all	6988	1	886578	0.0000011
all	6993	1	886578	0.0000011
all	6996	1	886578	0.0000011
all	7000	1	886578	0.0000011
all	7003	1	886578	0.0000011
all	7006	1	886578	0.0000011
all	7020	1	886578	0.0000011
all	7029	1	886578	0.0000011
all	7030	1	886578	0.0000011
all	7033	1	886578	0.0000011
all	7038	1	886578	0.0000011
all	7040	1	886578	0.0000011
all	7047	1	886578	0.0000011
all	7066	1	886578	0.0000011
all	7069	1	886578	0.0000011
all	7070	1	886578	0.0000011
all	7076	1	886578	0.0000011
all	7077	1	886578	0.0000011
all	7097	1	886578	0.0000011
all	7104	1	886578	0.0000011
all	7110	1	886578	0.0000011
all	7116	1	886578	0.0000011
all	7118	1	886578	0.0000011
all	7124	1	886578	0.0000011
all	7136	1	886578	0.0000011
all	7142	1	886578	0.0000011
all	7148	1	886578	0.0000011
all	7149	1	886578	0.0000011
all	7153	1	886578	0.0000011
all	7167	1	886578	0.0000011
all	7175	1	886578	0.0000011
all	7189	1	886578	0.0000011
all	7208	1	886578	0.0000011
all	7218	1	886578	0.0000011
all	7229	1	886578	0.0000011
all	7234	1	886578	0.0000011
all	7242	1	886578	0.0000011
all	7243	1	886578	0.0000011
all	7245	1	886578	0.0000011
all	7255	1	886578	0.0000011
all	7284	1	886578	0.0000011
all	7287	1	886578	0.0000011
all	7311	1	886578	0.0000011
all	7315	1	886578	0.0000011
all	7322	1	886578	0.0000011
all	7359	1	886578	0.0000011
all	7363	1	886578	0.0000011
all	7379	1	886578	0.0000011
all	7389	1	886578	0.0000011
all	7391	1	886578	0.0000011
all	7407	1	886578	0.0000011
all	7415	1	886578	0.0000011
all	7420	1	886578	0.0000011
all	7425	1	886578	0.0000011
all	7435	1	886578	0.0000011
all	7437	1	886578	0.0000011
all	7444	1	886578	0.0000011
all	7445	1	886578	0.0000011
all	7455	1	886578	0.0000011
all	7456	1	886578	0.0000011
all	7457	1	886578	0.0000011
all	7458	1	886578	0.0000011
all	7460	1	886578	0.0000011
all	7461	2	886578	0.0000023
all	7464	1	886578	0.0000011
all	7465	2	886578	0.0000023
all	7466	1	886578	0.0000011
all	7467	1	886578	0.0000011
all	7469	2	886578	0.0000023
all	7470	2	886578	0.0000023
all	7472	1	886578	0.0000011
all	7475	1	886578	0.0000011
all	7476	1	886578	0.0000011
all	7478	2	886578	0.0000023
all	7479	1	886578	0.0000011
all	7480	1	886578	0.0000011
all	7494	1	886578	0.0000011
all	7541	1	886578	0.0000011
all	7548	1	886578	0.0000011
all	7550	1	886578	0.0000011
all	7587	1	886578	0.0000011
all	7600	1	886578	0.0000011
all	7641	1	886578	0.0000011
all	7659	1	886578	0.0000011
all	7713	1	886578	0.0000011
all	7740	1	886578	0.0000011
all	7756	1	886578	0.0000011
all	7849	1	886578	0.0000011
all	7867	1	886578	0.0000011
all	7950	1	886578	0.0000011
all	7955	1	886578	0.0000011
all	8011	1	886578	0.0000011
all	8033	1	886578	0.0000011
all	8050	1	886578	0.0000011
all	8097	1	886578	0.0000011
all	8107	1	886578	0.0000011
all	8125	1	886578	0.0000011
all	8169	1	886578	0.0000011
all	8192	1	886578	0.0000011
all	8198	1	886578	0.0000011
all	8263	1	886578	0.0000011
all	8321	1	886578	0.0000011
all	8329	1	886578	0.0000011
all	8355	1	886578	0.0000011
all	8372	1	886578	0.0000011
all	8397	1	886578	0.0000011
all	8440	1	886578	0.0000011
all	8449	1	886578	0.0000011
all	8469	1	886578	0.0000011
all	8472	1	886578	0.0000011
all	8482	1	886578	0.0000011
all	8572	1	886578	0.0000011
all	8577	1	886578	0.0000011
all	8595	1	886578	0.0000011
all	8607	1	886578	0.0000011
all	8641	1	886578	0.0000011
all	8646	1	886578	0.0000011
all	8677	1	886578	0.0000011
all	8702	1	886578	0.0000011
all	8717	1	886578	0.0000011
all	8737	1	886578	0.0000011
all	8774	1	886578	0.0000011
all	8784	1	886578	0.0000011
all	8800	1	886578	0.0000011
all	8804	1	886578	0.0000011
all	8818	1	886578	0.0000011
all	8823	1	886578	0.0000011
all	8836	1	886578	0.0000011
all	8840	1	886578	0.0000011
all	8858	1	886578	0.0000011
all	8871	1	886578	0.0000011
all	8902	1	886578	0.0000011
all	8906	1	886578	0.0000011
all	8910	1	886578	0.0000011
all	8923	1	886578	0.0000011
all	8946	1	886578	0.0000011
all	8962	1	886578	0.0000011
all	8967	1	886578	0.0000011
all	8978	1	886578	0.0000011
all	8995	1	886578	0.0000011
all	9015	1	886578	0.0000011
all	9024	1	886578	0.0000011
all	9032	1	886578	0.0000011
all	9035	1	886578	0.0000011
all	9041	1	886578	0.0000011
all	9044	1	886578	0.0000011
all	9055	1	886578	0.0000011
all	9056	1	886578	0.0000011
all	9064	1	886578	0.0000011
all	9065	1	886578	0.0000011
all	9077	1	886578	0.0000011
all	9078	1	886578	0.0000011
all	9080	2	886578	0.0000023
all	9091	1	886578	0.0000011
all	9092	1	886578	0.0000011
all	9100	2	886578	0.0000023
all	9101	1	886578	0.0000011
all	9102	1	886578	0.0000011
all	9105	1	886578	0.0000011
all	9106	1	886578	0.0000011
all	9114	1	886578	0.0000011
all	9120	1	886578	0.0000011
all	9122	1	886578	0.0000011
all	9236	1	886578	0.0000011
all	9531	1	886578	0.0000011
all	9696	1	886578	0.0000011
all	9793	1	886578	0.0000011
all	9884	1	886578	0.0000011
all	10120	1	886578	0.0000011
all	10273	1	886578	0.0000011
all	10315	1	886578	0.0000011
all	10443	1	886578	0.0000011
all	10525	1	886578	0.0000011
all	10590	1	886578	0.0000011
all	10618	1	886578	0.0000011
all	10664	1	886578	0.0000011
all	10712	1	886578	0.0000011
all	10723	1	886578	0.0000011
all	10856	1	886578	0.0000011
all	10935	1	886578	0.0000011
all	11020	1	886578	0.0000011
all	11033	1	886578	0.0000011
all	11158	1	886578	0.0000011
all	11176	1	886578	0.0000011
all	11198	1	886578	0.0000011
all	11274	1	886578	0.0000011
all	11316	1	886578	0.0000011
all	11387	1	886578	0.0000011
all	11404	1	886578	0.0000011
all	11444	1	886578	0.0000011
all	11518	1	886578	0.0000011
all	11592	1	886578	0.0000011
all	11743	1	886578	0.0000011
all	11764	1	886578	0.0000011
all	11807	1	886578	0.0000011
all	11850	1	886578	0.0000011
all	11885	1	886578	0.0000011
all	11992	1	886578	0.0000011
all	12077	1	886578	0.0000011
all	12105	1	886578	0.0000011
all	12156	1	886578	0.0000011
all	12193	1	886578	0.0000011
all	12253	1	886578	0.0000011
all	12278	1	886578	0.0000011
all	12301	1	886578	0.0000011
all	12338	1	886578	0.0000011
all	12413	1	886578	0.0000011
all	12427	1	886578	0.0000011
all	12447	1	886578	0.0000011
all	12479	1	886578	0.0000011
all	12489	1	886578	0.0000011
all	12524	1	886578	0.0000011
all	12567	1	886578	0.0000011
all	12574	1	886578	0.0000011
all	12617	1	886578	0.0000011
all	12628	1	886578	0.0000011
all	12658	1	886578	0.0000011
all	12701	1	886578	0.0000011
all	12716	1	886578	0.0000011
all	12755	1	886578	0.0000011
all	12784	1	886578	0.0000011
all	12850	1	886578	0.0000011
all	12881	1	886578	0.0000011
all	12922	1	886578	0.0000011
all	12947	1	886578	0.0000011
all	12967	1	886578	0.0000011
all	12980	1	886578	0.0000011
all	12998	1	886578	0.0000011
all	13091	1	886578	0.0000011
all	13096	1	886578	0.0000011
all	13128	1	886578	0.0000011
all	13130	1	886578	0.0000011
all	13182	2	886578	0.0000023
all	13213	1	886578	0.0000011
all	13228	1	886578	0.0000011
all	13254	1	886578	0.0000011
all	13263	1	886578	0.0000011
all	13267	1	886578	0.0000011
all	13287	1	886578	0.0000011
all	13300	1	886578	0.0000011
all	13321	1	886578	0.0000011
all	13356	1	886578	0.0000011
all	13368	1	886578	0.0000011
all	13391	1	886578	0.0000011
all	13415	1	886578	0.0000011
all	13420	1	886578	0.0000011
all	13426	1	886578	0.0000011
all	13454	1	886578	0.0000011
all	13457	1	886578	0.0000011
all	13476	1	886578	0.0000011
all	13483	1	886578	0.0000011
all	13485	1	886578	0.0000011
all	13491	2	886578	0.0000023
all	13495	1	886578	0.0000011
all	13512	1	886578	0.0000011
