all	0	145674	886578	0.1643104
all	1	6972	886578	0.0078639
all	2	115334	886578	0.1300890
all	3	10155	886578	0.0114542
all	4	97829	886578	0.1103445
all	5	12011	886578	0.0135476
all	6	81356	886578	0.0917641
all	7	11741	886578	0.0132431
all	8	66394	886578	0.0748879
all	9	10942	886578	0.0123418
all	10	51917	886578	0.0585589
all	11	10200	886578	0.0115049
all	12	39671	886578	0.0447462
all	13	8982	886578	0.0101311
all	14	28946	886578	0.0326491
all	15	8249	886578	0.0093043
all	16	23996	886578	0.0270659
all	17	6403	886578	0.0072222
all	18	17311	886578	0.0195256
all	19	6140	886578	0.0069255
all	20	13889	886578	0.0156659
all	21	5307	886578	0.0059859
all	22	8484	886578	0.0095694
all	23	4523	886578	0.0051016
all	24	7543	886578	0.0085080
all	25	3118	886578	0.0035169
all	26	5857	886578	0.0066063
all	27	2848	886578	0.0032124
all	28	5529	886578	0.0062363
all	29	2537	886578	0.0028616
all	30	4593	886578	0.0051806
all	31	1979	886578	0.0022322
all	32	3259	886578	0.0036759
all	33	1902	886578	0.0021453
all	34	2557	886578	0.0028841
all	35	1319	886578	0.0014877
all	36	2433	886578	0.0027443
all	37	1239	886578	0.0013975
all	38	2136	886578	0.0024093
all	39	1094	886578	0.0012340
all	40	1151	886578	0.0012983
all	41	829	886578	0.0009351
all	42	1025	886578	0.0011561
all	43	774	886578	0.0008730
all	44	1048	886578	0.0011821
all	45	684	886578	0.0007715
all	46	970	886578	0.0010941
all	47	559	886578	0.0006305
all	48	839	886578	0.0009463
all	49	513	886578	0.0005786
all	50	593	886578	0.0006689
all	51	536	886578	0.0006046
all	52	763	886578	0.0008606
all	53	383	886578	0.0004320
all	54	601	886578	0.0006779
all	55	575	886578	0.0006486
all	56	565	886578	0.0006373
all	57	383	886578	0.0004320
all	58	529	886578	0.0005967
all	59	286	886578	0.0003226
all	60	396	886578	0.0004467
all	61	415	886578	0.0004681
all	62	281	886578	0.0003169
all	63	353	886578	0.0003982
all	64	321	886578	0.0003621
all	65	296	886578	0.0003339
all	66	323	886578	0.0003643
all	67	188	886578	0.0002121
all	68	239	886578	0.0002696
all	69	211	886578	0.0002380
all	70	269	886578	0.0003034
all	71	213	886578	0.0002402
all	72	246	886578	0.0002775
all	73	172	886578	0.0001940
all	74	171	886578	0.0001929
all	75	140	886578	0.0001579
all	76	152	886578	0.0001714
all	77	255	886578	0.0002876
all	78	171	886578	0.0001929
all	79	139	886578	0.0001568
all	80	147	886578	0.0001658
all	81	101	886578	0.0001139
all	82	148	886578	0.0001669
all	83	152	886578	0.0001714
all	84	159	886578	0.0001793
all	85	175	886578	0.0001974
all	86	166	886578	0.0001872
all	87	125	886578	0.0001410
all	88	137	886578	0.0001545
all	89	155	886578	0.0001748
all	90	120	886578	0.0001354
all	91	211	886578	0.0002380
all	92	134	886578	0.0001511
all	93	126	886578	0.0001421
all	94	108	886578	0.0001218
all	95	130	886578	0.0001466
all	96	125	886578	0.0001410
all	97	125	886578	0.0001410
all	98	96	886578	0.0001083
all	99	88	886578	0.0000993
all	100	119	886578	0.0001342
all	101	98	886578	0.0001105
all	102	110	886578	0.0001241
all	103	96	886578	0.0001083
all	104	128	886578	0.0001444
all	105	115	886578	0.0001297
all	106	148	886578	0.0001669
all	107	79	886578	0.0000891
all	108	122	886578	0.0001376
all	109	117	886578	0.0001320
all	110	66	886578	0.0000744
all	111	104	886578	0.0001173
all	112	86	886578	0.0000970
all	113	92	886578	0.0001038
all	114	57	886578	0.0000643
all	115	78	886578	0.0000880
all	116	109	886578	0.0001229
all	117	114	886578	0.0001286
all	118	86	886578	0.0000970
all	119	84	886578	0.0000947
all	120	71	886578	0.0000801
all	121	90	886578	0.0001015
all	122	84	886578	0.0000947
all	123	99	886578	0.0001117
all	124	75	886578	0.0000846
all	125	71	886578	0.0000801
all	126	78	886578	0.0000880
all	127	67	886578	0.0000756
all	128	68	886578	0.0000767
all	129	57	886578	0.0000643
all	130	86	886578	0.0000970
all	131	68	886578	0.0000767
all	132	115	886578	0.0001297
all	133	85	886578	0.0000959
all	134	53	886578	0.0000598
all	135	111	886578	0.0001252
all	136	94	886578	0.0001060
all	137	85	886578	0.0000959
all	138	67	886578	0.0000756
all	139	117	886578	0.0001320
all	140	45	886578	0.0000508
all	141	58	886578	0.0000654
all	142	79	886578	0.0000891
all	143	72	886578	0.0000812
all	144	67	886578	0.0000756
all	145	95	886578	0.0001072
all	146	62	886578	0.0000699
all	147	87	886578	0.0000981
all	148	54	886578	0.0000609
all	149	54	886578	0.0000609
all	150	42	886578	0.0000474
all	151	59	886578	0.0000665
all	152	53	886578	0.0000598
all	153	51	886578	0.0000575
all	154	48	886578	0.0000541
all	155	49	886578	0.0000553
all	156	39	886578	0.0000440
all	157	82	886578	0.0000925
all	158	61	886578	0.0000688
all	159	36	886578	0.0000406
all	160	49	886578	0.0000553
all	161	52	886578	0.0000587
all	162	53	886578	0.0000598
all	163	46	886578	0.0000519
all	164	39	886578	0.0000440
all	165	45	886578	0.0000508
all	166	47	886578	0.0000530
all	167	75	886578	0.0000846
all	168	42	886578	0.0000474
all	169	60	886578	0.0000677
all	170	36	886578	0.0000406
all	171	40	886578	0.0000451
all	172	87	886578	0.0000981
all	173	68	886578	0.0000767
all	174	60	886578	0.0000677
all	175	52	886578	0.0000587
all	176	34	886578	0.0000383
all	177	33	886578	0.0000372
all	178	39	886578	0.0000440
all	179	37	886578	0.0000417
all	180	53	886578	0.0000598
all	181	35	886578	0.0000395
all	182	53	886578	0.0000598
all	183	31	886578	0.0000350
all	184	27	886578	0.0000305
all	185	29	886578	0.0000327
all	186	39	886578	0.0000440
all	187	29	886578	0.0000327
all	188	57	886578	0.0000643
all	189	22	886578	0.0000248
all	190	41	886578	0.0000462
all	191	47	886578	0.0000530
all	192	53	886578	0.0000598
all	193	25	886578	0.0000282
all	194	35	886578	0.0000395
all	195	46	886578	0.0000519
all	196	38	886578	0.0000429
all	197	30	886578	0.0000338
all	198	49	886578	0.0000553
all	199	33	886578	0.0000372
all	200	59	886578	0.0000665
all	201	33	886578	0.0000372
all	202	54	886578	0.0000609
all	203	38	886578	0.0000429
all	204	29	886578	0.0000327
all	205	26	886578	0.0000293
all	206	34	886578	0.0000383
all	207	35	886578	0.0000395
all	208	41	886578	0.0000462
all	209	33	886578	0.0000372
all	210	30	886578	0.0000338
all	211	30	886578	0.0000338
all	212	45	886578	0.0000508
all	213	38	886578	0.0000429
all	214	32	886578	0.0000361
all	215	23	886578	0.0000259
all	216	35	886578	0.0000395
all	217	30	886578	0.0000338
all	218	32	886578	0.0000361
all	219	31	886578	0.0000350
all	220	8	886578	0.0000090
all	221	18	886578	0.0000203
all	222	21	886578	0.0000237
all	223	12	886578	0.0000135
all	224	30	886578	0.0000338
all	225	30	886578	0.0000338
all	226	20	886578	0.0000226
all	227	21	886578	0.0000237
all	228	36	886578	0.0000406
all	229	25	886578	0.0000282
all	230	29	886578	0.0000327
all	231	23	886578	0.0000259
all	232	29	886578	0.0000327
all	233	47	886578	0.0000530
all	234	19	886578	0.0000214
all	235	28	886578	0.0000316
all	236	15	886578	0.0000169
all	237	16	886578	0.0000180
all	238	20	886578	0.0000226
all	239	24	886578	0.0000271
all	240	21	886578	0.0000237
all	241	19	886578	0.0000214
all	242	29	886578	0.0000327
all	243	30	886578	0.0000338
all	244	28	886578	0.0000316
all	245	33	886578	0.0000372
all	246	46	886578	0.0000519
all	247	33	886578	0.0000372
all	248	40	886578	0.0000451
all	249	32	886578	0.0000361
all	250	35	886578	0.0000395
all	251	28	886578	0.0000316
all	252	23	886578	0.0000259
all	253	23	886578	0.0000259
all	254	18	886578	0.0000203
all	255	21	886578	0.0000237
all	256	21	886578	0.0000237
all	257	38	886578	0.0000429
all	258	25	886578	0.0000282
all	259	19	886578	0.0000214
all	260	33	886578	0.0000372
all	261	15	886578	0.0000169
all	262	36	886578	0.0000406
all	263	30	886578	0.0000338
all	264	37	886578	0.0000417
all	265	28	886578	0.0000316
all	266	28	886578	0.0000316
all	267	28	886578	0.0000316
all	268	33	886578	0.0000372
all	269	21	886578	0.0000237
all	270	22	886578	0.0000248
all	271	27	886578	0.0000305
all	272	15	886578	0.0000169
all	273	23	886578	0.0000259
all	274	24	886578	0.0000271
all	275	27	886578	0.0000305
all	276	33	886578	0.0000372
all	277	31	886578	0.0000350
all	278	28	886578	0.0000316
all	279	18	886578	0.0000203
all	280	41	886578	0.0000462
all	281	31	886578	0.0000350
all	282	27	886578	0.0000305
all	283	34	886578	0.0000383
all	284	25	886578	0.0000282
all	285	33	886578	0.0000372
all	286	34	886578	0.0000383
all	287	38	886578	0.0000429
all	288	65	886578	0.0000733
all	289	30	886578	0.0000338
all	290	33	886578	0.0000372
all	291	20	886578	0.0000226
all	292	37	886578	0.0000417
all	293	27	886578	0.0000305
all	294	24	886578	0.0000271
all	295	36	886578	0.0000406
all	296	38	886578	0.0000429
all	297	34	886578	0.0000383
all	298	38	886578	0.0000429
all	299	31	886578	0.0000350
all	300	25	886578	0.0000282
all	301	20	886578	0.0000226
all	302	9	886578	0.0000102
all	303	21	886578	0.0000237
all	304	10	886578	0.0000113
all	305	14	886578	0.0000158
all	306	19	886578	0.0000214
all	307	23	886578	0.0000259
all	308	23	886578	0.0000259
all	309	20	886578	0.0000226
all	310	16	886578	0.0000180
all	311	36	886578	0.0000406
all	312	27	886578	0.0000305
all	313	31	886578	0.0000350
all	314	29	886578	0.0000327
all	315	21	886578	0.0000237
all	316	18	886578	0.0000203
all	317	29	886578	0.0000327
all	318	29	886578	0.0000327
all	319	18	886578	0.0000203
all	320	20	886578	0.0000226
all	321	23	886578	0.0000259
all	322	19	886578	0.0000214
all	323	7	886578	0.0000079
all	324	13	886578	0.0000147
all	325	22	886578	0.0000248
all	326	9	886578	0.0000102
all	327	19	886578	0.0000214
all	328	11	886578	0.0000124
all	329	32	886578	0.0000361
all	330	30	886578	0.0000338
all	331	21	886578	0.0000237
all	332	6	886578	0.0000068
all	333	23	886578	0.0000259
all	334	11	886578	0.0000124
all	335	18	886578	0.0000203
all	336	22	886578	0.0000248
all	337	17	886578	0.0000192
all	338	31	886578	0.0000350
all	339	34	886578	0.0000383
all	340	22	886578	0.0000248
all	341	33	886578	0.0000372
all	342	9	886578	0.0000102
all	343	23	886578	0.0000259
all	344	26	886578	0.0000293
all	345	16	886578	0.0000180
all	346	11	886578	0.0000124
all	347	13	886578	0.0000147
all	348	13	886578	0.0000147
all	349	20	886578	0.0000226
all	350	12	886578	0.0000135
all	351	15	886578	0.0000169
all	352	11	886578	0.0000124
all	353	16	886578	0.0000180
all	354	16	886578	0.0000180
all	355	12	886578	0.0000135
all	356	14	886578	0.0000158
all	357	9	886578	0.0000102
all	358	11	886578	0.0000124
all	359	13	886578	0.0000147
all	360	21	886578	0.0000237
all	361	18	886578	0.0000203
all	362	18	886578	0.0000203
all	363	14	886578	0.0000158
all	364	14	886578	0.0000158
all	365	11	886578	0.0000124
all	366	13	886578	0.0000147
all	367	19	886578	0.0000214
all	368	29	886578	0.0000327
all	369	21	886578	0.0000237
all	370	21	886578	0.0000237
all	371	17	886578	0.0000192
all	372	8	886578	0.0000090
all	373	10	886578	0.0000113
all	374	15	886578	0.0000169
all	375	9	886578	0.0000102
all	376	16	886578	0.0000180
all	377	33	886578	0.0000372
all	378	14	886578	0.0000158
all	379	17	886578	0.0000192
all	380	16	886578	0.0000180
all	381	16	886578	0.0000180
all	382	13	886578	0.0000147
all	383	27	886578	0.0000305
all	384	12	886578	0.0000135
all	385	17	886578	0.0000192
all	386	13	886578	0.0000147
all	387	19	886578	0.0000214
all	388	29	886578	0.0000327
all	389	13	886578	0.0000147
all	390	14	886578	0.0000158
all	391	16	886578	0.0000180
all	392	18	886578	0.0000203
all	393	8	886578	0.0000090
all	394	17	886578	0.0000192
all	395	17	886578	0.0000192
all	396	16	886578	0.0000180
all	397	27	886578	0.0000305
all	398	8	886578	0.0000090
all	399	10	886578	0.0000113
all	400	13	886578	0.0000147
all	401	9	886578	0.0000102
all	402	17	886578	0.0000192
all	403	43	886578	0.0000485
all	404	13	886578	0.0000147
all	405	23	886578	0.0000259
all	406	19	886578	0.0000214
all	407	10	886578	0.0000113
all	408	18	886578	0.0000203
all	409	10	886578	0.0000113
all	410	15	886578	0.0000169
all	411	9	886578	0.0000102
all	412	11	886578	0.0000124
all	413	5	886578	0.0000056
all	414	10	886578	0.0000113
all	415	3	886578	0.0000034
all	416	13	886578	0.0000147
all	417	10	886578	0.0000113
all	418	11	886578	0.0000124
all	419	18	886578	0.0000203
all	420	11	886578	0.0000124
all	421	25	886578	0.0000282
all	422	20	886578	0.0000226
all	423	48	886578	0.0000541
all	424	22	886578	0.0000248
all	425	27	886578	0.0000305
all	426	18	886578	0.0000203
all	427	18	886578	0.0000203
all	428	10	886578	0.0000113
all	429	12	886578	0.0000135
all	430	21	886578	0.0000237
all	431	12	886578	0.0000135
all	432	15	886578	0.0000169
all	433	18	886578	0.0000203
all	434	15	886578	0.0000169
all	435	10	886578	0.0000113
all	436	8	886578	0.0000090
all	437	21	886578	0.0000237
all	438	14	886578	0.0000158
all	439	23	886578	0.0000259
all	440	14	886578	0.0000158
all	441	17	886578	0.0000192
all	442	20	886578	0.0000226
all	443	6	886578	0.0000068
all	444	11	886578	0.0000124
all	445	9	886578	0.0000102
all	446	17	886578	0.0000192
all	447	18	886578	0.0000203
all	448	19	886578	0.0000214
all	449	11	886578	0.0000124
all	450	18	886578	0.0000203
all	451	8	886578	0.0000090
all	452	18	886578	0.0000203
all	453	6	886578	0.0000068
all	454	13	886578	0.0000147
all	455	16	886578	0.0000180
all	456	4	886578	0.0000045
all	457	23	886578	0.0000259
all	458	14	886578	0.0000158
all	459	11	886578	0.0000124
all	460	18	886578	0.0000203
all	461	12	886578	0.0000135
all	462	14	886578	0.0000158
all	463	10	886578	0.0000113
all	464	10	886578	0.0000113
all	465	15	886578	0.0000169
all	466	11	886578	0.0000124
all	467	12	886578	0.0000135
all	468	14	886578	0.0000158
all	469	12	886578	0.0000135
all	470	16	886578	0.0000180
all	471	5	886578	0.0000056
all	472	12	886578	0.0000135
all	473	16	886578	0.0000180
all	474	10	886578	0.0000113
all	475	26	886578	0.0000293
all	476	17	886578	0.0000192
all	477	14	886578	0.0000158
all	478	15	886578	0.0000169
all	479	4	886578	0.0000045
all	480	21	886578	0.0000237
all	481	10	886578	0.0000113
all	482	21	886578	0.0000237
all	483	12	886578	0.0000135
all	484	21	886578	0.0000237
all	485	5	886578	0.0000056
all	486	24	886578	0.0000271
all	487	8	886578	0.0000090
all	488	9	886578	0.0000102
all	489	14	886578	0.0000158
all	490	10	886578	0.0000113
all	491	8	886578	0.0000090
all	492	8	886578	0.0000090
all	493	19	886578	0.0000214
all	494	22	886578	0.0000248
all	495	16	886578	0.0000180
all	496	11	886578	0.0000124
all	497	18	886578	0.0000203
all	498	17	886578	0.0000192
all	499	17	886578	0.0000192
all	500	23	886578	0.0000259
all	501	8	886578	0.0000090
all	502	15	886578	0.0000169
all	503	11	886578	0.0000124
all	504	13	886578	0.0000147
all	505	18	886578	0.0000203
all	506	19	886578	0.0000214
all	507	18	886578	0.0000203
all	508	15	886578	0.0000169
all	509	10	886578	0.0000113
all	510	20	886578	0.0000226
all	511	15	886578	0.0000169
all	512	13	886578	0.0000147
all	513	19	886578	0.0000214
all	514	26	886578	0.0000293
all	515	18	886578	0.0000203
all	516	19	886578	0.0000214
all	517	11	886578	0.0000124
all	518	10	886578	0.0000113
all	519	14	886578	0.0000158
all	520	9	886578	0.0000102
all	521	19	886578	0.0000214
all	522	18	886578	0.0000203
all	523	13	886578	0.0000147
all	524	22	886578	0.0000248
all	525	9	886578	0.0000102
all	526	16	886578	0.0000180
all	527	6	886578	0.0000068
all	528	22	886578	0.0000248
all	529	8	886578	0.0000090
all	530	12	886578	0.0000135
all	531	10	886578	0.0000113
all	532	13	886578	0.0000147
all	533	14	886578	0.0000158
all	534	11	886578	0.0000124
all	535	15	886578	0.0000169
all	536	10	886578	0.0000113
all	537	8	886578	0.0000090
all	538	6	886578	0.0000068
all	539	15	886578	0.0000169
all	540	12	886578	0.0000135
all	541	13	886578	0.0000147
all	542	9	886578	0.0000102
all	543	7	886578	0.0000079
all	544	9	886578	0.0000102
all	545	19	886578	0.0000214
all	546	5	886578	0.0000056
all	547	5	886578	0.0000056
all	548	9	886578	0.0000102
all	549	13	886578	0.0000147
all	550	4	886578	0.0000045
all	551	13	886578	0.0000147
all	552	2	886578	0.0000023
all	553	9	886578	0.0000102
all	554	14	886578	0.0000158
all	555	8	886578	0.0000090
all	556	12	886578	0.0000135
all	557	11	886578	0.0000124
all	558	10	886578	0.0000113
all	559	10	886578	0.0000113
all	560	13	886578	0.0000147
all	561	7	886578	0.0000079
all	562	8	886578	0.0000090
all	563	8	886578	0.0000090
all	564	7	886578	0.0000079
all	565	6	886578	0.0000068
all	566	18	886578	0.0000203
all	567	6	886578	0.0000068
all	568	12	886578	0.0000135
all	569	9	886578	0.0000102
all	570	13	886578	0.0000147
all	571	10	886578	0.0000113
all	572	12	886578	0.0000135
all	573	17	886578	0.0000192
all	574	7	886578	0.0000079
all	575	6	886578	0.0000068
all	576	14	886578	0.0000158
all	577	13	886578	0.0000147
all	578	7	886578	0.0000079
all	579	5	886578	0.0000056
all	580	5	886578	0.0000056
all	581	13	886578	0.0000147
all	582	11	886578	0.0000124
all	583	7	886578	0.0000079
all	584	4	886578	0.0000045
all	586	10	886578	0.0000113
all	587	4	886578	0.0000045
all	588	14	886578	0.0000158
all	589	14	886578	0.0000158
all	590	11	886578	0.0000124
all	591	12	886578	0.0000135
all	592	12	886578	0.0000135
all	593	3	886578	0.0000034
all	594	5	886578	0.0000056
all	595	4	886578	0.0000045
all	596	6	886578	0.0000068
all	597	10	886578	0.0000113
all	598	9	886578	0.0000102
all	599	1	886578	0.0000011
all	600	6	886578	0.0000068
all	601	7	886578	0.0000079
all	602	6	886578	0.0000068
all	603	2	886578	0.0000023
all	604	8	886578	0.0000090
all	605	19	886578	0.0000214
all	606	13	886578	0.0000147
all	607	27	886578	0.0000305
all	608	9	886578	0.0000102
all	609	10	886578	0.0000113
all	610	9	886578	0.0000102
all	611	7	886578	0.0000079
all	612	5	886578	0.0000056
all	613	5	886578	0.0000056
all	614	11	886578	0.0000124
all	615	4	886578	0.0000045
all	616	7	886578	0.0000079
all	617	4	886578	0.0000045
all	618	7	886578	0.0000079
all	619	4	886578	0.0000045
all	620	3	886578	0.0000034
all	621	10	886578	0.0000113
all	623	6	886578	0.0000068
all	624	6	886578	0.0000068
all	625	6	886578	0.0000068
all	626	11	886578	0.0000124
all	627	6	886578	0.0000068
all	628	5	886578	0.0000056
all	629	9	886578	0.0000102
all	630	8	886578	0.0000090
all	631	10	886578	0.0000113
all	632	6	886578	0.0000068
all	633	12	886578	0.0000135
all	634	1	886578	0.0000011
all	635	14	886578	0.0000158
all	636	10	886578	0.0000113
all	637	6	886578	0.0000068
all	638	10	886578	0.0000113
all	639	7	886578	0.0000079
all	640	6	886578	0.0000068
all	641	5	886578	0.0000056
all	642	4	886578	0.0000045
all	643	4	886578	0.0000045
all	644	3	886578	0.0000034
all	645	5	886578	0.0000056
all	646	5	886578	0.0000056
all	647	3	886578	0.0000034
all	648	6	886578	0.0000068
all	649	4	886578	0.0000045
all	650	9	886578	0.0000102
all	651	4	886578	0.0000045
all	652	5	886578	0.0000056
all	653	6	886578	0.0000068
all	654	1	886578	0.0000011
all	655	2	886578	0.0000023
all	656	3	886578	0.0000034
all	657	9	886578	0.0000102
all	658	9	886578	0.0000102
all	659	9	886578	0.0000102
all	660	2	886578	0.0000023
all	661	2	886578	0.0000023
all	662	2	886578	0.0000023
all	663	6	886578	0.0000068
all	664	5	886578	0.0000056
all	667	2	886578	0.0000023
all	668	4	886578	0.0000045
all	669	2	886578	0.0000023
all	670	3	886578	0.0000034
all	671	5	886578	0.0000056
all	672	2	886578	0.0000023
all	674	7	886578	0.0000079
all	675	3	886578	0.0000034
all	676	4	886578	0.0000045
all	677	2	886578	0.0000023
all	678	3	886578	0.0000034
all	679	7	886578	0.0000079
all	680	4	886578	0.0000045
all	681	5	886578	0.0000056
all	682	4	886578	0.0000045
all	683	10	886578	0.0000113
all	684	10	886578	0.0000113
all	685	2	886578	0.0000023
all	686	9	886578	0.0000102
all	687	3	886578	0.0000034
all	688	4	886578	0.0000045
all	689	8	886578	0.0000090
all	690	5	886578	0.0000056
all	691	3	886578	0.0000034
all	692	4	886578	0.0000045
all	693	5	886578	0.0000056
all	694	6	886578	0.0000068
all	695	15	886578	0.0000169
all	696	8	886578	0.0000090
all	697	8	886578	0.0000090
all	698	4	886578	0.0000045
all	699	4	886578	0.0000045
all	700	2	886578	0.0000023
all	701	1	886578	0.0000011
all	702	11	886578	0.0000124
all	703	15	886578	0.0000169
all	704	5	886578	0.0000056
all	705	3	886578	0.0000034
all	706	2	886578	0.0000023
all	707	2	886578	0.0000023
all	708	6	886578	0.0000068
all	709	1	886578	0.0000011
all	710	4	886578	0.0000045
all	711	7	886578	0.0000079
all	712	3	886578	0.0000034
all	713	5	886578	0.0000056
all	714	1	886578	0.0000011
all	715	2	886578	0.0000023
all	716	4	886578	0.0000045
all	717	7	886578	0.0000079
all	718	6	886578	0.0000068
all	719	3	886578	0.0000034
all	720	2	886578	0.0000023
all	721	5	886578	0.0000056
all	722	6	886578	0.0000068
all	723	7	886578	0.0000079
all	724	6	886578	0.0000068
all	725	5	886578	0.0000056
all	726	8	886578	0.0000090
all	727	8	886578	0.0000090
all	728	6	886578	0.0000068
all	729	3	886578	0.0000034
all	730	3	886578	0.0000034
all	731	4	886578	0.0000045
all	732	7	886578	0.0000079
all	733	2	886578	0.0000023
all	734	2	886578	0.0000023
all	735	6	886578	0.0000068
all	736	7	886578	0.0000079
all	737	4	886578	0.0000045
all	738	6	886578	0.0000068
all	739	8	886578	0.0000090
all	740	11	886578	0.0000124
all	741	4	886578	0.0000045
all	742	2	886578	0.0000023
all	743	5	886578	0.0000056
all	744	13	886578	0.0000147
all	745	5	886578	0.0000056
all	746	1	886578	0.0000011
all	747	5	886578	0.0000056
all	748	6	886578	0.0000068
all	749	7	886578	0.0000079
all	750	10	886578	0.0000113
all	751	9	886578	0.0000102
all	752	13	886578	0.0000147
all	753	9	886578	0.0000102
all	754	5	886578	0.0000056
all	755	11	886578	0.0000124
all	756	8	886578	0.0000090
all	757	5	886578	0.0000056
all	758	14	886578	0.0000158
all	759	6	886578	0.0000068
all	760	2	886578	0.0000023
all	761	11	886578	0.0000124
all	762	8	886578	0.0000090
all	763	9	886578	0.0000102
all	764	8	886578	0.0000090
all	765	5	886578	0.0000056
all	766	5	886578	0.0000056
all	767	3	886578	0.0000034
all	768	5	886578	0.0000056
all	769	7	886578	0.0000079
all	770	6	886578	0.0000068
all	771	7	886578	0.0000079
all	772	7	886578	0.0000079
all	773	8	886578	0.0000090
all	774	13	886578	0.0000147
all	775	6	886578	0.0000068
all	776	4	886578	0.0000045
all	777	2	886578	0.0000023
all	778	6	886578	0.0000068
all	779	7	886578	0.0000079
all	780	4	886578	0.0000045
all	781	6	886578	0.0000068
all	782	3	886578	0.0000034
all	783	9	886578	0.0000102
all	784	6	886578	0.0000068
all	785	5	886578	0.0000056
all	786	10	886578	0.0000113
all	787	2	886578	0.0000023
all	788	3	886578	0.0000034
all	789	5	886578	0.0000056
all	790	10	886578	0.0000113
all	791	3	886578	0.0000034
all	792	6	886578	0.0000068
all	793	9	886578	0.0000102
all	794	11	886578	0.0000124
all	795	5	886578	0.0000056
all	796	16	886578	0.0000180
all	797	5	886578	0.0000056
all	798	7	886578	0.0000079
all	799	4	886578	0.0000045
all	800	8	886578	0.0000090
all	801	8	886578	0.0000090
all	802	15	886578	0.0000169
all	803	12	886578	0.0000135
all	804	3	886578	0.0000034
all	805	22	886578	0.0000248
all	806	8	886578	0.0000090
all	807	10	886578	0.0000113
all	808	2	886578	0.0000023
all	809	8	886578	0.0000090
all	810	5	886578	0.0000056
all	811	12	886578	0.0000135
all	812	4	886578	0.0000045
all	813	11	886578	0.0000124
all	814	4	886578	0.0000045
all	815	9	886578	0.0000102
all	816	15	886578	0.0000169
all	817	10	886578	0.0000113
all	818	9	886578	0.0000102
all	819	6	886578	0.0000068
all	820	10	886578	0.0000113
all	821	3	886578	0.0000034
all	822	10	886578	0.0000113
all	823	6	886578	0.0000068
all	824	6	886578	0.0000068
all	825	11	886578	0.0000124
all	826	7	886578	0.0000079
all	827	4	886578	0.0000045
all	828	5	886578	0.0000056
all	829	11	886578	0.0000124
all	830	15	886578	0.0000169
all	831	9	886578	0.0000102
all	832	7	886578	0.0000079
all	833	11	886578	0.0000124
all	834	15	886578	0.0000169
all	835	9	886578	0.0000102
all	836	9	886578	0.0000102
all	837	9	886578	0.0000102
all	838	5	886578	0.0000056
all	839	6	886578	0.0000068
all	840	8	886578	0.0000090
all	841	8	886578	0.0000090
all	842	8	886578	0.0000090
all	843	3	886578	0.0000034
all	844	3	886578	0.0000034
all	845	9	886578	0.0000102
all	846	6	886578	0.0000068
all	847	5	886578	0.0000056
all	848	5	886578	0.0000056
all	849	5	886578	0.0000056
all	850	4	886578	0.0000045
all	851	3	886578	0.0000034
all	852	3	886578	0.0000034
all	853	8	886578	0.0000090
all	854	10	886578	0.0000113
all	855	11	886578	0.0000124
all	856	7	886578	0.0000079
all	857	7	886578	0.0000079
all	858	7	886578	0.0000079
all	859	4	886578	0.0000045
all	860	4	886578	0.0000045
all	861	6	886578	0.0000068
all	862	6	886578	0.0000068
all	863	6	886578	0.0000068
all	864	2	886578	0.0000023
all	865	6	886578	0.0000068
all	866	8	886578	0.0000090
all	867	1	886578	0.0000011
all	868	4	886578	0.0000045
all	869	4	886578	0.0000045
all	870	1	886578	0.0000011
all	871	7	886578	0.0000079
all	872	2	886578	0.0000023
all	873	2	886578	0.0000023
all	874	3	886578	0.0000034
all	875	4	886578	0.0000045
all	876	7	886578	0.0000079
all	877	7	886578	0.0000079
all	878	3	886578	0.0000034
all	879	2	886578	0.0000023
all	880	4	886578	0.0000045
all	881	5	886578	0.0000056
all	882	6	886578	0.0000068
all	883	5	886578	0.0000056
all	884	7	886578	0.0000079
all	885	5	886578	0.0000056
all	886	3	886578	0.0000034
all	887	3	886578	0.0000034
all	888	9	886578	0.0000102
all	889	4	886578	0.0000045
all	890	8	886578	0.0000090
all	891	4	886578	0.0000045
all	892	7	886578	0.0000079
all	893	5	886578	0.0000056
all	894	7	886578	0.0000079
all	895	3	886578	0.0000034
all	896	5	886578	0.0000056
all	897	9	886578	0.0000102
all	898	11	886578	0.0000124
all	899	7	886578	0.0000079
all	900	8	886578	0.0000090
all	901	1	886578	0.0000011
all	902	6	886578	0.0000068
all	903	1	886578	0.0000011
all	904	2	886578	0.0000023
all	905	5	886578	0.0000056
all	906	6	886578	0.0000068
all	907	3	886578	0.0000034
all	908	3	886578	0.0000034
all	909	3	886578	0.0000034
all	910	6	886578	0.0000068
all	911	3	886578	0.0000034
all	912	5	886578	0.0000056
all	913	3	886578	0.0000034
all	914	5	886578	0.0000056
all	915	4	886578	0.0000045
all	916	4	886578	0.0000045
all	917	6	886578	0.0000068
all	918	5	886578	0.0000056
all	919	9	886578	0.0000102
all	920	4	886578	0.0000045
all	921	5	886578	0.0000056
all	922	1	886578	0.0000011
all	923	3	886578	0.0000034
all	924	3	886578	0.0000034
all	925	7	886578	0.0000079
all	926	6	886578	0.0000068
all	927	5	886578	0.0000056
all	928	6	886578	0.0000068
all	929	7	886578	0.0000079
all	930	5	886578	0.0000056
all	931	3	886578	0.0000034
all	932	3	886578	0.0000034
all	933	8	886578	0.0000090
all	934	3	886578	0.0000034
all	935	2	886578	0.0000023
all	936	3	886578	0.0000034
all	937	7	886578	0.0000079
all	938	3	886578	0.0000034
all	939	3	886578	0.0000034
all	940	4	886578	0.0000045
all	941	2	886578	0.0000023
all	942	2	886578	0.0000023
all	943	8	886578	0.0000090
all	944	7	886578	0.0000079
all	945	2	886578	0.0000023
all	946	10	886578	0.0000113
all	947	9	886578	0.0000102
all	948	7	886578	0.0000079
all	949	9	886578	0.0000102
all	950	3	886578	0.0000034
all	951	6	886578	0.0000068
all	952	6	886578	0.0000068
all	953	9	886578	0.0000102
all	954	4	886578	0.0000045
all	955	10	886578	0.0000113
all	956	3	886578	0.0000034
all	957	5	886578	0.0000056
all	958	5	886578	0.0000056
all	959	3	886578	0.0000034
all	960	2	886578	0.0000023
all	961	9	886578	0.0000102
all	962	7	886578	0.0000079
all	963	4	886578	0.0000045
all	964	2	886578	0.0000023
all	965	5	886578	0.0000056
all	966	5	886578	0.0000056
all	967	6	886578	0.0000068
all	968	3	886578	0.0000034
all	969	8	886578	0.0000090
all	970	4	886578	0.0000045
all	971	12	886578	0.0000135
all	972	3	886578	0.0000034
all	973	4	886578	0.0000045
all	974	7	886578	0.0000079
all	975	7	886578	0.0000079
all	976	3	886578	0.0000034
all	977	5	886578	0.0000056
all	978	3	886578	0.0000034
all	979	1	886578	0.0000011
all	980	4	886578	0.0000045
all	981	8	886578	0.0000090
all	982	6	886578	0.0000068
all	983	3	886578	0.0000034
all	984	7	886578	0.0000079
all	985	11	886578	0.0000124
all	986	4	886578	0.0000045
all	987	2	886578	0.0000023
all	988	3	886578	0.0000034
all	989	1	886578	0.0000011
all	990	3	886578	0.0000034
all	991	1	886578	0.0000011
all	992	1	886578	0.0000011
all	993	3	886578	0.0000034
all	994	3	886578	0.0000034
all	995	3	886578	0.0000034
all	996	6	886578	0.0000068
all	997	3	886578	0.0000034
all	998	4	886578	0.0000045
all	999	7	886578	0.0000079
all	1001	1	886578	0.0000011
all	1002	2	886578	0.0000023
all	1003	5	886578	0.0000056
all	1004	5	886578	0.0000056
all	1005	1	886578	0.0000011
all	1006	1	886578	0.0000011
all	1007	4	886578	0.0000045
all	1008	2	886578	0.0000023
all	1009	3	886578	0.0000034
all	1010	4	886578	0.0000045
all	1011	2	886578	0.0000023
all	1012	4	886578	0.0000045
all	1013	5	886578	0.0000056
all	1014	2	886578	0.0000023
all	1015	5	886578	0.0000056
all	1016	5	886578	0.0000056
all	1017	6	886578	0.0000068
all	1018	7	886578	0.0000079
all	1019	2	886578	0.0000023
all	1020	6	886578	0.0000068
all	1021	2	886578	0.0000023
all	1022	10	886578	0.0000113
all	1023	8	886578	0.0000090
all	1024	12	886578	0.0000135
all	1025	9	886578	0.0000102
all	1026	6	886578	0.0000068
all	1027	4	886578	0.0000045
all	1028	7	886578	0.0000079
all	1029	3	886578	0.0000034
all	1030	6	886578	0.0000068
all	1031	2	886578	0.0000023
all	1032	7	886578	0.0000079
all	1033	3	886578	0.0000034
all	1034	6	886578	0.0000068
all	1035	3	886578	0.0000034
all	1036	9	886578	0.0000102
all	1037	1	886578	0.0000011
all	1038	8	886578	0.0000090
all	1039	1	886578	0.0000011
all	1040	2	886578	0.0000023
all	1041	6	886578	0.0000068
all	1042	3	886578	0.0000034
all	1043	6	886578	0.0000068
all	1044	4	886578	0.0000045
all	1045	6	886578	0.0000068
all	1046	5	886578	0.0000056
all	1047	5	886578	0.0000056
all	1048	2	886578	0.0000023
all	1049	3	886578	0.0000034
all	1050	3	886578	0.0000034
all	1051	2	886578	0.0000023
all	1052	5	886578	0.0000056
all	1053	4	886578	0.0000045
all	1054	2	886578	0.0000023
all	1055	2	886578	0.0000023
all	1056	5	886578	0.0000056
all	1057	5	886578	0.0000056
all	1058	3	886578	0.0000034
all	1059	3	886578	0.0000034
all	1060	5	886578	0.0000056
all	1061	2	886578	0.0000023
all	1062	3	886578	0.0000034
all	1063	2	886578	0.0000023
all	1064	7	886578	0.0000079
all	1065	4	886578	0.0000045
all	1066	4	886578	0.0000045
all	1067	5	886578	0.0000056
all	1068	4	886578	0.0000045
all	1069	3	886578	0.0000034
all	1070	5	886578	0.0000056
all	1072	7	886578	0.0000079
all	1073	5	886578	0.0000056
all	1074	5	886578	0.0000056
all	1075	5	886578	0.0000056
all	1076	5	886578	0.0000056
all	1077	4	886578	0.0000045
all	1078	5	886578	0.0000056
all	1079	3	886578	0.0000034
all	1080	14	886578	0.0000158
all	1081	5	886578	0.0000056
all	1082	4	886578	0.0000045
all	1083	3	886578	0.0000034
all	1084	5	886578	0.0000056
all	1085	4	886578	0.0000045
all	1086	2	886578	0.0000023
all	1087	3	886578	0.0000034
all	1088	3	886578	0.0000034
all	1089	2	886578	0.0000023
all	1090	2	886578	0.0000023
all	1091	6	886578	0.0000068
all	1092	6	886578	0.0000068
all	1093	6	886578	0.0000068
all	1094	3	886578	0.0000034
all	1095	1	886578	0.0000011
all	1096	5	886578	0.0000056
all	1097	3	886578	0.0000034
all	1098	9	886578	0.0000102
all	1099	5	886578	0.0000056
all	1100	5	886578	0.0000056
all	1101	10	886578	0.0000113
all	1102	3	886578	0.0000034
all	1103	3	886578	0.0000034
all	1104	4	886578	0.0000045
all	1105	5	886578	0.0000056
all	1106	5	886578	0.0000056
all	1107	8	886578	0.0000090
all	1108	3	886578	0.0000034
all	1109	2	886578	0.0000023
all	1110	3	886578	0.0000034
all	1111	5	886578	0.0000056
all	1112	13	886578	0.0000147
all	1113	13	886578	0.0000147
all	1114	6	886578	0.0000068
all	1115	2	886578	0.0000023
all	1116	6	886578	0.0000068
all	1117	4	886578	0.0000045
all	1118	4	886578	0.0000045
all	1119	6	886578	0.0000068
all	1120	9	886578	0.0000102
all	1121	5	886578	0.0000056
all	1122	5	886578	0.0000056
all	1123	4	886578	0.0000045
all	1124	8	886578	0.0000090
all	1125	1	886578	0.0000011
all	1126	10	886578	0.0000113
all	1127	3	886578	0.0000034
all	1128	7	886578	0.0000079
all	1129	3	886578	0.0000034
all	1130	5	886578	0.0000056
all	1131	3	886578	0.0000034
all	1132	9	886578	0.0000102
all	1134	3	886578	0.0000034
all	1135	3	886578	0.0000034
all	1136	4	886578	0.0000045
all	1137	6	886578	0.0000068
all	1138	7	886578	0.0000079
all	1139	14	886578	0.0000158
all	1140	4	886578	0.0000045
all	1141	8	886578	0.0000090
all	1142	9	886578	0.0000102
all	1143	3	886578	0.0000034
all	1144	8	886578	0.0000090
all	1145	10	886578	0.0000113
all	1146	3	886578	0.0000034
all	1147	6	886578	0.0000068
all	1148	6	886578	0.0000068
all	1149	4	886578	0.0000045
all	1150	3	886578	0.0000034
all	1151	1	886578	0.0000011
all	1152	4	886578	0.0000045
all	1153	6	886578	0.0000068
all	1154	10	886578	0.0000113
all	1155	2	886578	0.0000023
all	1156	5	886578	0.0000056
all	1157	4	886578	0.0000045
all	1158	3	886578	0.0000034
all	1159	3	886578	0.0000034
all	1160	2	886578	0.0000023
all	1161	8	886578	0.0000090
all	1162	8	886578	0.0000090
all	1163	5	886578	0.0000056
all	1164	3	886578	0.0000034
all	1165	5	886578	0.0000056
all	1166	2	886578	0.0000023
all	1167	4	886578	0.0000045
all	1168	3	886578	0.0000034
all	1169	5	886578	0.0000056
all	1170	8	886578	0.0000090
all	1171	8	886578	0.0000090
all	1172	7	886578	0.0000079
all	1173	7	886578	0.0000079
all	1174	3	886578	0.0000034
all	1175	4	886578	0.0000045
all	1176	6	886578	0.0000068
all	1177	3	886578	0.0000034
all	1178	4	886578	0.0000045
all	1179	5	886578	0.0000056
all	1180	4	886578	0.0000045
all	1181	5	886578	0.0000056
all	1182	8	886578	0.0000090
all	1183	3	886578	0.0000034
all	1184	6	886578	0.0000068
all	1185	5	886578	0.0000056
all	1186	4	886578	0.0000045
all	1187	1	886578	0.0000011
all	1188	6	886578	0.0000068
all	1189	3	886578	0.0000034
all	1190	4	886578	0.0000045
all	1191	1	886578	0.0000011
all	1192	4	886578	0.0000045
all	1193	3	886578	0.0000034
all	1194	3	886578	0.0000034
all	1195	6	886578	0.0000068
all	1196	6	886578	0.0000068
all	1197	3	886578	0.0000034
all	1198	2	886578	0.0000023
all	1199	7	886578	0.0000079
all	1200	8	886578	0.0000090
all	1201	3	886578	0.0000034
all	1202	1	886578	0.0000011
all	1203	7	886578	0.0000079
all	1204	6	886578	0.0000068
all	1205	3	886578	0.0000034
all	1206	3	886578	0.0000034
all	1207	6	886578	0.0000068
all	1208	7	886578	0.0000079
all	1209	5	886578	0.0000056
all	1210	9	886578	0.0000102
all	1211	8	886578	0.0000090
all	1212	5	886578	0.0000056
all	1213	6	886578	0.0000068
all	1214	4	886578	0.0000045
all	1215	7	886578	0.0000079
all	1216	6	886578	0.0000068
all	1217	6	886578	0.0000068
all	1218	2	886578	0.0000023
all	1219	7	886578	0.0000079
all	1220	6	886578	0.0000068
all	1221	6	886578	0.0000068
all	1222	1	886578	0.0000011
all	1223	9	886578	0.0000102
all	1224	7	886578	0.0000079
all	1225	10	886578	0.0000113
all	1226	5	886578	0.0000056
all	1227	5	886578	0.0000056
all	1228	7	886578	0.0000079
all	1229	1	886578	0.0000011
all	1230	6	886578	0.0000068
all	1231	4	886578	0.0000045
all	1232	6	886578	0.0000068
all	1233	3	886578	0.0000034
all	1234	4	886578	0.0000045
all	1235	5	886578	0.0000056
all	1236	5	886578	0.0000056
all	1237	14	886578	0.0000158
all	1238	3	886578	0.0000034
all	1239	2	886578	0.0000023
all	1240	4	886578	0.0000045
all	1241	6	886578	0.0000068
all	1242	4	886578	0.0000045
all	1243	5	886578	0.0000056
all	1244	2	886578	0.0000023
all	1245	8	886578	0.0000090
all	1246	1	886578	0.0000011
all	1247	7	886578	0.0000079
all	1248	3	886578	0.0000034
all	1249	6	886578	0.0000068
all	1250	4	886578	0.0000045
all	1251	2	886578	0.0000023
all	1252	3	886578	0.0000034
all	1253	1	886578	0.0000011
all	1254	1	886578	0.0000011
all	1255	2	886578	0.0000023
all	1256	2	886578	0.0000023
all	1257	3	886578	0.0000034
all	1258	2	886578	0.0000023
all	1259	4	886578	0.0000045
all	1260	6	886578	0.0000068
all	1261	4	886578	0.0000045
all	1262	2	886578	0.0000023
all	1263	4	886578	0.0000045
all	1264	3	886578	0.0000034
all	1265	2	886578	0.0000023
all	1266	3	886578	0.0000034
all	1267	3	886578	0.0000034
all	1268	1	886578	0.0000011
all	1269	1	886578	0.0000011
all	1270	1	886578	0.0000011
all	1271	3	886578	0.0000034
all	1272	3	886578	0.0000034
all	1273	5	886578	0.0000056
all	1274	6	886578	0.0000068
all	1275	8	886578	0.0000090
all	1276	1	886578	0.0000011
all	1277	2	886578	0.0000023
all	1278	4	886578	0.0000045
all	1279	4	886578	0.0000045
all	1280	3	886578	0.0000034
all	1281	3	886578	0.0000034
all	1282	4	886578	0.0000045
all	1283	5	886578	0.0000056
all	1284	4	886578	0.0000045
all	1285	3	886578	0.0000034
all	1286	3	886578	0.0000034
all	1287	2	886578	0.0000023
all	1288	4	886578	0.0000045
all	1289	3	886578	0.0000034
all	1290	2	886578	0.0000023
all	1291	11	886578	0.0000124
all	1292	5	886578	0.0000056
all	1293	7	886578	0.0000079
all	1294	5	886578	0.0000056
all	1295	5	886578	0.0000056
all	1296	5	886578	0.0000056
all	1297	1	886578	0.0000011
all	1298	1	886578	0.0000011
all	1299	4	886578	0.0000045
all	1300	11	886578	0.0000124
all	1301	9	886578	0.0000102
all	1302	3	886578	0.0000034
all	1303	3	886578	0.0000034
all	1304	6	886578	0.0000068
all	1305	4	886578	0.0000045
all	1306	2	886578	0.0000023
all	1307	5	886578	0.0000056
all	1309	7	886578	0.0000079
all	1310	8	886578	0.0000090
all	1311	2	886578	0.0000023
all	1312	6	886578	0.0000068
all	1313	4	886578	0.0000045
all	1314	6	886578	0.0000068
all	1315	3	886578	0.0000034
all	1316	6	886578	0.0000068
all	1317	3	886578	0.0000034
all	1318	1	886578	0.0000011
all	1319	7	886578	0.0000079
all	1320	1	886578	0.0000011
all	1321	4	886578	0.0000045
all	1322	3	886578	0.0000034
all	1323	5	886578	0.0000056
all	1324	3	886578	0.0000034
all	1325	3	886578	0.0000034
all	1326	4	886578	0.0000045
all	1327	3	886578	0.0000034
all	1328	4	886578	0.0000045
all	1329	6	886578	0.0000068
all	1330	7	886578	0.0000079
all	1331	5	886578	0.0000056
all	1332	5	886578	0.0000056
all	1333	10	886578	0.0000113
all	1334	4	886578	0.0000045
all	1335	6	886578	0.0000068
all	1336	6	886578	0.0000068
all	1337	3	886578	0.0000034
all	1338	6	886578	0.0000068
all	1339	6	886578	0.0000068
all	1340	7	886578	0.0000079
all	1341	8	886578	0.0000090
all	1342	5	886578	0.0000056
all	1343	4	886578	0.0000045
all	1344	14	886578	0.0000158
all	1345	3	886578	0.0000034
all	1346	5	886578	0.0000056
all	1347	4	886578	0.0000045
all	1348	9	886578	0.0000102
all	1349	3	886578	0.0000034
all	1350	5	886578	0.0000056
all	1351	2	886578	0.0000023
all	1352	7	886578	0.0000079
all	1353	6	886578	0.0000068
all	1354	7	886578	0.0000079
all	1355	6	886578	0.0000068
all	1356	6	886578	0.0000068
all	1357	5	886578	0.0000056
all	1358	4	886578	0.0000045
all	1359	6	886578	0.0000068
all	1360	7	886578	0.0000079
all	1361	7	886578	0.0000079
all	1362	3	886578	0.0000034
all	1363	8	886578	0.0000090
all	1364	2	886578	0.0000023
all	1365	3	886578	0.0000034
all	1366	5	886578	0.0000056
all	1367	1	886578	0.0000011
all	1368	6	886578	0.0000068
all	1369	3	886578	0.0000034
all	1370	5	886578	0.0000056
all	1371	9	886578	0.0000102
all	1372	6	886578	0.0000068
all	1373	7	886578	0.0000079
all	1374	3	886578	0.0000034
all	1375	4	886578	0.0000045
all	1376	2	886578	0.0000023
all	1377	4	886578	0.0000045
all	1378	4	886578	0.0000045
all	1379	7	886578	0.0000079
all	1380	3	886578	0.0000034
all	1381	4	886578	0.0000045
all	1382	4	886578	0.0000045
all	1383	13	886578	0.0000147
all	1384	6	886578	0.0000068
all	1385	3	886578	0.0000034
all	1386	4	886578	0.0000045
all	1387	7	886578	0.0000079
all	1388	5	886578	0.0000056
all	1389	3	886578	0.0000034
all	1390	5	886578	0.0000056
all	1391	8	886578	0.0000090
all	1392	3	886578	0.0000034
all	1393	2	886578	0.0000023
all	1394	11	886578	0.0000124
all	1395	2	886578	0.0000023
all	1396	4	886578	0.0000045
all	1397	5	886578	0.0000056
all	1398	1	886578	0.0000011
all	1399	1	886578	0.0000011
all	1400	6	886578	0.0000068
all	1401	3	886578	0.0000034
all	1402	3	886578	0.0000034
all	1403	7	886578	0.0000079
all	1404	4	886578	0.0000045
all	1405	2	886578	0.0000023
all	1406	7	886578	0.0000079
all	1407	4	886578	0.0000045
all	1408	2	886578	0.0000023
all	1409	2	886578	0.0000023
all	1410	2	886578	0.0000023
all	1412	3	886578	0.0000034
all	1413	5	886578	0.0000056
all	1414	2	886578	0.0000023
all	1415	4	886578	0.0000045
all	1416	2	886578	0.0000023
all	1417	5	886578	0.0000056
all	1418	5	886578	0.0000056
all	1419	4	886578	0.0000045
all	1420	2	886578	0.0000023
all	1421	2	886578	0.0000023
all	1422	5	886578	0.0000056
all	1423	5	886578	0.0000056
all	1424	4	886578	0.0000045
all	1425	5	886578	0.0000056
all	1426	3	886578	0.0000034
all	1427	1	886578	0.0000011
all	1428	2	886578	0.0000023
all	1429	1	886578	0.0000011
all	1430	3	886578	0.0000034
all	1431	2	886578	0.0000023
all	1432	5	886578	0.0000056
all	1433	4	886578	0.0000045
all	1434	6	886578	0.0000068
all	1435	3	886578	0.0000034
all	1436	4	886578	0.0000045
all	1437	6	886578	0.0000068
all	1439	2	886578	0.0000023
all	1440	3	886578	0.0000034
all	1441	5	886578	0.0000056
all	1442	3	886578	0.0000034
all	1443	4	886578	0.0000045
all	1444	1	886578	0.0000011
all	1445	7	886578	0.0000079
all	1446	1	886578	0.0000011
all	1447	6	886578	0.0000068
all	1448	3	886578	0.0000034
all	1449	7	886578	0.0000079
all	1450	2	886578	0.0000023
all	1452	5	886578	0.0000056
all	1453	6	886578	0.0000068
all	1454	1	886578	0.0000011
all	1456	1	886578	0.0000011
all	1457	3	886578	0.0000034
all	1458	3	886578	0.0000034
all	1459	2	886578	0.0000023
all	1460	5	886578	0.0000056
all	1461	3	886578	0.0000034
all	1463	1	886578	0.0000011
all	1465	2	886578	0.0000023
all	1466	3	886578	0.0000034
all	1467	2	886578	0.0000023
all	1468	3	886578	0.0000034
all	1469	2	886578	0.0000023
all	1471	3	886578	0.0000034
all	1472	1	886578	0.0000011
all	1473	4	886578	0.0000045
all	1474	3	886578	0.0000034
all	1475	4	886578	0.0000045
all	1477	3	886578	0.0000034
all	1478	1	886578	0.0000011
all	1479	7	886578	0.0000079
all	1480	4	886578	0.0000045
all	1481	1	886578	0.0000011
all	1482	2	886578	0.0000023
all	1483	2	886578	0.0000023
all	1484	2	886578	0.0000023
all	1485	1	886578	0.0000011
all	1486	3	886578	0.0000034
all	1487	1	886578	0.0000011
all	1491	3	886578	0.0000034
all	1492	3	886578	0.0000034
all	1493	1	886578	0.0000011
all	1494	2	886578	0.0000023
all	1495	4	886578	0.0000045
all	1496	1	886578	0.0000011
all	1497	4	886578	0.0000045
all	1498	1	886578	0.0000011
all	1499	1	886578	0.0000011
all	1500	2	886578	0.0000023
all	1501	1	886578	0.0000011
all	1502	8	886578	0.0000090
all	1503	3	886578	0.0000034
all	1505	3	886578	0.0000034
all	1506	4	886578	0.0000045
all	1507	2	886578	0.0000023
all	1508	3	886578	0.0000034
all	1509	1	886578	0.0000011
all	1510	1	886578	0.0000011
all	1511	10	886578	0.0000113
all	1512	6	886578	0.0000068
all	1513	2	886578	0.0000023
all	1514	7	886578	0.0000079
all	1515	10	886578	0.0000113
all	1516	6	886578	0.0000068
all	1517	3	886578	0.0000034
all	1518	3	886578	0.0000034
all	1520	6	886578	0.0000068
all	1521	5	886578	0.0000056
all	1522	3	886578	0.0000034
all	1523	2	886578	0.0000023
all	1524	6	886578	0.0000068
all	1525	8	886578	0.0000090
all	1526	4	886578	0.0000045
all	1527	6	886578	0.0000068
all	1528	3	886578	0.0000034
all	1529	7	886578	0.0000079
all	1530	2	886578	0.0000023
all	1531	1	886578	0.0000011
all	1532	3	886578	0.0000034
all	1533	1	886578	0.0000011
all	1534	1	886578	0.0000011
all	1535	2	886578	0.0000023
all	1536	1	886578	0.0000011
all	1537	1	886578	0.0000011
all	1538	3	886578	0.0000034
all	1539	1	886578	0.0000011
all	1540	3	886578	0.0000034
all	1541	2	886578	0.0000023
all	1542	2	886578	0.0000023
all	1543	1	886578	0.0000011
all	1544	2	886578	0.0000023
all	1547	2	886578	0.0000023
all	1548	3	886578	0.0000034
all	1549	3	886578	0.0000034
all	1550	2	886578	0.0000023
all	1551	2	886578	0.0000023
all	1552	2	886578	0.0000023
all	1553	1	886578	0.0000011
all	1554	2	886578	0.0000023
all	1555	1	886578	0.0000011
all	1557	2	886578	0.0000023
all	1558	1	886578	0.0000011
all	1559	2	886578	0.0000023
all	1561	1	886578	0.0000011
all	1562	1	886578	0.0000011
all	1564	4	886578	0.0000045
all	1566	2	886578	0.0000023
all	1567	3	886578	0.0000034
all	1568	2	886578	0.0000023
all	1569	3	886578	0.0000034
all	1572	1	886578	0.0000011
all	1573	2	886578	0.0000023
all	1575	2	886578	0.0000023
all	1576	3	886578	0.0000034
all	1577	2	886578	0.0000023
all	1578	4	886578	0.0000045
all	1579	3	886578	0.0000034
all	1580	2	886578	0.0000023
all	1581	1	886578	0.0000011
all	1582	1	886578	0.0000011
all	1583	1	886578	0.0000011
all	1584	1	886578	0.0000011
all	1586	1	886578	0.0000011
all	1587	1	886578	0.0000011
all	1588	2	886578	0.0000023
all	1589	2	886578	0.0000023
all	1590	4	886578	0.0000045
all	1591	1	886578	0.0000011
all	1593	1	886578	0.0000011
all	1594	1	886578	0.0000011
all	1595	3	886578	0.0000034
all	1596	3	886578	0.0000034
all	1597	3	886578	0.0000034
all	1598	2	886578	0.0000023
all	1599	2	886578	0.0000023
all	1601	1	886578	0.0000011
all	1602	2	886578	0.0000023
all	1603	3	886578	0.0000034
all	1604	6	886578	0.0000068
all	1605	1	886578	0.0000011
all	1606	1	886578	0.0000011
all	1607	1	886578	0.0000011
all	1608	2	886578	0.0000023
all	1609	2	886578	0.0000023
all	1610	1	886578	0.0000011
all	1612	8	886578	0.0000090
all	1613	1	886578	0.0000011
all	1614	2	886578	0.0000023
all	1615	1	886578	0.0000011
all	1616	2	886578	0.0000023
all	1617	3	886578	0.0000034
all	1618	1	886578	0.0000011
all	1619	1	886578	0.0000011
all	1621	2	886578	0.0000023
all	1624	2	886578	0.0000023
all	1626	2	886578	0.0000023
all	1628	2	886578	0.0000023
all	1629	3	886578	0.0000034
all	1630	3	886578	0.0000034
all	1631	2	886578	0.0000023
all	1632	3	886578	0.0000034
all	1633	3	886578	0.0000034
all	1634	3	886578	0.0000034
all	1636	3	886578	0.0000034
all	1637	1	886578	0.0000011
all	1638	1	886578	0.0000011
all	1639	3	886578	0.0000034
all	1640	2	886578	0.0000023
all	1641	5	886578	0.0000056
all	1642	1	886578	0.0000011
all	1643	4	886578	0.0000045
all	1644	1	886578	0.0000011
all	1647	2	886578	0.0000023
all	1648	2	886578	0.0000023
all	1649	3	886578	0.0000034
all	1650	1	886578	0.0000011
all	1651	1	886578	0.0000011
all	1652	1	886578	0.0000011
all	1653	1	886578	0.0000011
all	1655	2	886578	0.0000023
all	1656	1	886578	0.0000011
all	1657	5	886578	0.0000056
all	1659	3	886578	0.0000034
all	1660	2	886578	0.0000023
all	1661	5	886578	0.0000056
all	1663	2	886578	0.0000023
all	1664	2	886578	0.0000023
all	1665	3	886578	0.0000034
all	1666	2	886578	0.0000023
all	1667	3	886578	0.0000034
all	1668	3	886578	0.0000034
all	1670	4	886578	0.0000045
all	1671	4	886578	0.0000045
all	1672	1	886578	0.0000011
all	1673	2	886578	0.0000023
all	1674	2	886578	0.0000023
all	1675	2	886578	0.0000023
all	1676	3	886578	0.0000034
all	1678	1	886578	0.0000011
all	1679	1	886578	0.0000011
all	1680	4	886578	0.0000045
all	1681	2	886578	0.0000023
all	1682	2	886578	0.0000023
all	1683	2	886578	0.0000023
all	1684	3	886578	0.0000034
all	1686	2	886578	0.0000023
all	1687	1	886578	0.0000011
all	1688	1	886578	0.0000011
all	1689	2	886578	0.0000023
all	1690	5	886578	0.0000056
all	1691	3	886578	0.0000034
all	1692	2	886578	0.0000023
all	1693	3	886578	0.0000034
all	1694	4	886578	0.0000045
all	1695	3	886578	0.0000034
all	1696	3	886578	0.0000034
all	1697	5	886578	0.0000056
all	1698	3	886578	0.0000034
all	1699	5	886578	0.0000056
all	1701	2	886578	0.0000023
all	1702	1	886578	0.0000011
all	1703	2	886578	0.0000023
all	1704	3	886578	0.0000034
all	1705	2	886578	0.0000023
all	1706	5	886578	0.0000056
all	1707	4	886578	0.0000045
all	1708	4	886578	0.0000045
all	1709	3	886578	0.0000034
all	1710	1	886578	0.0000011
all	1711	1	886578	0.0000011
all	1712	3	886578	0.0000034
all	1713	1	886578	0.0000011
all	1714	4	886578	0.0000045
all	1715	4	886578	0.0000045
all	1716	4	886578	0.0000045
all	1717	3	886578	0.0000034
all	1718	3	886578	0.0000034
all	1720	2	886578	0.0000023
all	1721	1	886578	0.0000011
all	1723	5	886578	0.0000056
all	1724	1	886578	0.0000011
all	1725	1	886578	0.0000011
all	1726	3	886578	0.0000034
all	1728	4	886578	0.0000045
all	1729	2	886578	0.0000023
all	1731	1	886578	0.0000011
all	1732	3	886578	0.0000034
all	1734	1	886578	0.0000011
all	1736	2	886578	0.0000023
all	1737	1	886578	0.0000011
all	1738	3	886578	0.0000034
all	1739	2	886578	0.0000023
all	1741	3	886578	0.0000034
all	1742	1	886578	0.0000011
all	1744	4	886578	0.0000045
all	1745	2	886578	0.0000023
all	1746	1	886578	0.0000011
all	1748	5	886578	0.0000056
all	1749	3	886578	0.0000034
all	1750	1	886578	0.0000011
all	1751	3	886578	0.0000034
all	1752	2	886578	0.0000023
all	1753	3	886578	0.0000034
all	1754	1	886578	0.0000011
all	1757	2	886578	0.0000023
all	1758	4	886578	0.0000045
all	1759	1	886578	0.0000011
all	1760	3	886578	0.0000034
all	1761	1	886578	0.0000011
all	1762	2	886578	0.0000023
all	1763	2	886578	0.0000023
all	1764	1	886578	0.0000011
all	1766	3	886578	0.0000034
all	1767	1	886578	0.0000011
all	1768	3	886578	0.0000034
all	1769	3	886578	0.0000034
all	1770	1	886578	0.0000011
all	1771	1	886578	0.0000011
all	1773	2	886578	0.0000023
all	1774	2	886578	0.0000023
all	1775	3	886578	0.0000034
all	1778	2	886578	0.0000023
all	1779	3	886578	0.0000034
all	1781	3	886578	0.0000034
all	1782	3	886578	0.0000034
all	1783	5	886578	0.0000056
all	1784	1	886578	0.0000011
all	1786	1	886578	0.0000011
all	1787	3	886578	0.0000034
all	1788	2	886578	0.0000023
all	1789	5	886578	0.0000056
all	1790	4	886578	0.0000045
all	1791	2	886578	0.0000023
all	1792	1	886578	0.0000011
all	1793	1	886578	0.0000011
all	1794	2	886578	0.0000023
all	1795	2	886578	0.0000023
all	1796	1	886578	0.0000011
all	1797	3	886578	0.0000034
all	1798	1	886578	0.0000011
all	1800	3	886578	0.0000034
all	1801	1	886578	0.0000011
all	1802	1	886578	0.0000011
all	1803	3	886578	0.0000034
all	1804	1	886578	0.0000011
all	1805	1	886578	0.0000011
all	1806	2	886578	0.0000023
all	1807	1	886578	0.0000011
all	1808	1	886578	0.0000011
all	1810	4	886578	0.0000045
all	1812	1	886578	0.0000011
all	1814	4	886578	0.0000045
all	1815	2	886578	0.0000023
all	1816	2	886578	0.0000023
all	1817	2	886578	0.0000023
all	1818	4	886578	0.0000045
all	1819	4	886578	0.0000045
all	1820	1	886578	0.0000011
all	1822	3	886578	0.0000034
all	1823	1	886578	0.0000011
all	1825	1	886578	0.0000011
all	1826	1	886578	0.0000011
all	1827	2	886578	0.0000023
all	1828	1	886578	0.0000011
all	1829	5	886578	0.0000056
all	1830	1	886578	0.0000011
all	1831	1	886578	0.0000011
all	1832	3	886578	0.0000034
all	1833	3	886578	0.0000034
all	1834	5	886578	0.0000056
all	1835	2	886578	0.0000023
all	1836	1	886578	0.0000011
all	1837	2	886578	0.0000023
all	1838	2	886578	0.0000023
all	1839	2	886578	0.0000023
all	1840	3	886578	0.0000034
all	1841	1	886578	0.0000011
all	1842	2	886578	0.0000023
all	1843	1	886578	0.0000011
all	1844	1	886578	0.0000011
all	1845	5	886578	0.0000056
all	1846	2	886578	0.0000023
all	1847	1	886578	0.0000011
all	1848	1	886578	0.0000011
all	1849	4	886578	0.0000045
all	1850	1	886578	0.0000011
all	1851	2	886578	0.0000023
all	1853	1	886578	0.0000011
all	1854	2	886578	0.0000023
all	1855	2	886578	0.0000023
all	1857	1	886578	0.0000011
all	1858	4	886578	0.0000045
all	1859	1	886578	0.0000011
all	1862	1	886578	0.0000011
all	1863	3	886578	0.0000034
all	1864	3	886578	0.0000034
all	1865	3	886578	0.0000034
all	1866	4	886578	0.0000045
all	1867	1	886578	0.0000011
all	1868	1	886578	0.0000011
all	1869	2	886578	0.0000023
all	1871	1	886578	0.0000011
all	1872	4	886578	0.0000045
all	1874	2	886578	0.0000023
all	1875	2	886578	0.0000023
all	1876	1	886578	0.0000011
all	1877	2	886578	0.0000023
all	1878	1	886578	0.0000011
all	1880	4	886578	0.0000045
all	1881	1	886578	0.0000011
all	1882	4	886578	0.0000045
all	1883	2	886578	0.0000023
all	1885	2	886578	0.0000023
all	1886	3	886578	0.0000034
all	1887	1	886578	0.0000011
all	1888	1	886578	0.0000011
all	1889	2	886578	0.0000023
all	1890	4	886578	0.0000045
all	1891	2	886578	0.0000023
all	1892	2	886578	0.0000023
all	1893	1	886578	0.0000011
all	1894	2	886578	0.0000023
all	1895	6	886578	0.0000068
all	1897	3	886578	0.0000034
all	1898	3	886578	0.0000034
all	1899	1	886578	0.0000011
all	1901	1	886578	0.0000011
all	1903	5	886578	0.0000056
all	1904	2	886578	0.0000023
all	1905	2	886578	0.0000023
all	1906	2	886578	0.0000023
all	1907	3	886578	0.0000034
all	1909	2	886578	0.0000023
all	1910	1	886578	0.0000011
all	1912	3	886578	0.0000034
all	1914	1	886578	0.0000011
all	1916	2	886578	0.0000023
all	1917	4	886578	0.0000045
all	1918	2	886578	0.0000023
all	1919	2	886578	0.0000023
all	1920	2	886578	0.0000023
all	1921	1	886578	0.0000011
all	1922	1	886578	0.0000011
all	1923	3	886578	0.0000034
all	1924	4	886578	0.0000045
all	1925	1	886578	0.0000011
all	1926	3	886578	0.0000034
all	1927	1	886578	0.0000011
all	1928	1	886578	0.0000011
all	1929	1	886578	0.0000011
all	1930	3	886578	0.0000034
all	1931	2	886578	0.0000023
all	1932	3	886578	0.0000034
all	1933	1	886578	0.0000011
all	1935	3	886578	0.0000034
all	1936	4	886578	0.0000045
all	1937	3	886578	0.0000034
all	1939	3	886578	0.0000034
all	1940	1	886578	0.0000011
all	1941	2	886578	0.0000023
all	1942	1	886578	0.0000011
all	1943	2	886578	0.0000023
all	1944	3	886578	0.0000034
all	1945	1	886578	0.0000011
all	1946	2	886578	0.0000023
all	1947	3	886578	0.0000034
all	1948	1	886578	0.0000011
all	1949	3	886578	0.0000034
all	1950	4	886578	0.0000045
all	1951	4	886578	0.0000045
all	1952	1	886578	0.0000011
all	1954	3	886578	0.0000034
all	1956	2	886578	0.0000023
all	1957	3	886578	0.0000034
all	1958	2	886578	0.0000023
all	1959	1	886578	0.0000011
all	1960	4	886578	0.0000045
all	1961	3	886578	0.0000034
all	1962	2	886578	0.0000023
all	1963	2	886578	0.0000023
all	1965	2	886578	0.0000023
all	1966	2	886578	0.0000023
all	1967	3	886578	0.0000034
all	1968	3	886578	0.0000034
all	1969	2	886578	0.0000023
all	1970	3	886578	0.0000034
all	1971	5	886578	0.0000056
all	1973	1	886578	0.0000011
all	1974	1	886578	0.0000011
all	1975	3	886578	0.0000034
all	1976	2	886578	0.0000023
all	1977	2	886578	0.0000023
all	1978	4	886578	0.0000045
all	1979	3	886578	0.0000034
all	1980	2	886578	0.0000023
all	1981	4	886578	0.0000045
all	1982	2	886578	0.0000023
all	1983	3	886578	0.0000034
all	1985	2	886578	0.0000023
all	1986	1	886578	0.0000011
all	1987	2	886578	0.0000023
all	1988	3	886578	0.0000034
all	1989	2	886578	0.0000023
all	1990	2	886578	0.0000023
all	1991	1	886578	0.0000011
all	1992	1	886578	0.0000011
all	1993	3	886578	0.0000034
all	1994	2	886578	0.0000023
all	1995	1	886578	0.0000011
all	1996	2	886578	0.0000023
all	1997	3	886578	0.0000034
all	1998	1	886578	0.0000011
all	1999	2	886578	0.0000023
all	2000	3	886578	0.0000034
all	2002	1	886578	0.0000011
all	2003	1	886578	0.0000011
all	2004	2	886578	0.0000023
all	2005	2	886578	0.0000023
all	2007	2	886578	0.0000023
all	2008	1	886578	0.0000011
all	2009	1	886578	0.0000011
all	2010	4	886578	0.0000045
all	2011	2	886578	0.0000023
all	2012	1	886578	0.0000011
all	2013	2	886578	0.0000023
all	2014	1	886578	0.0000011
all	2015	1	886578	0.0000011
all	2016	1	886578	0.0000011
all	2017	2	886578	0.0000023
all	2018	1	886578	0.0000011
all	2020	2	886578	0.0000023
all	2021	2	886578	0.0000023
all	2022	3	886578	0.0000034
all	2023	4	886578	0.0000045
all	2024	3	886578	0.0000034
all	2025	3	886578	0.0000034
all	2026	2	886578	0.0000023
all	2027	1	886578	0.0000011
all	2028	6	886578	0.0000068
all	2029	1	886578	0.0000011
all	2030	2	886578	0.0000023
all	2031	2	886578	0.0000023
all	2032	1	886578	0.0000011
all	2034	1	886578	0.0000011
all	2035	5	886578	0.0000056
all	2036	2	886578	0.0000023
all	2037	6	886578	0.0000068
all	2038	5	886578	0.0000056
all	2039	3	886578	0.0000034
all	2040	2	886578	0.0000023
all	2041	2	886578	0.0000023
all	2042	5	886578	0.0000056
all	2044	4	886578	0.0000045
all	2045	1	886578	0.0000011
all	2047	3	886578	0.0000034
all	2048	3	886578	0.0000034
all	2049	4	886578	0.0000045
all	2050	5	886578	0.0000056
all	2051	10	886578	0.0000113
all	2053	3	886578	0.0000034
all	2054	2	886578	0.0000023
all	2055	1	886578	0.0000011
all	2056	2	886578	0.0000023
all	2057	3	886578	0.0000034
all	2058	1	886578	0.0000011
all	2059	1	886578	0.0000011
all	2060	2	886578	0.0000023
all	2061	1	886578	0.0000011
all	2062	2	886578	0.0000023
all	2063	6	886578	0.0000068
all	2064	1	886578	0.0000011
all	2065	3	886578	0.0000034
all	2066	1	886578	0.0000011
all	2067	4	886578	0.0000045
all	2068	4	886578	0.0000045
all	2069	4	886578	0.0000045
all	2070	2	886578	0.0000023
all	2072	1	886578	0.0000011
all	2073	5	886578	0.0000056
all	2074	4	886578	0.0000045
all	2075	4	886578	0.0000045
all	2076	7	886578	0.0000079
all	2077	3	886578	0.0000034
all	2078	3	886578	0.0000034
all	2079	2	886578	0.0000023
all	2080	2	886578	0.0000023
all	2081	1	886578	0.0000011
all	2082	6	886578	0.0000068
all	2083	2	886578	0.0000023
all	2085	4	886578	0.0000045
all	2086	1	886578	0.0000011
all	2087	2	886578	0.0000023
all	2089	2	886578	0.0000023
all	2090	1	886578	0.0000011
all	2091	2	886578	0.0000023
all	2092	2	886578	0.0000023
all	2093	2	886578	0.0000023
all	2094	4	886578	0.0000045
all	2095	4	886578	0.0000045
all	2096	3	886578	0.0000034
all	2097	1	886578	0.0000011
all	2098	3	886578	0.0000034
all	2099	2	886578	0.0000023
all	2100	4	886578	0.0000045
all	2101	5	886578	0.0000056
all	2103	3	886578	0.0000034
all	2104	3	886578	0.0000034
all	2105	5	886578	0.0000056
all	2106	5	886578	0.0000056
all	2107	9	886578	0.0000102
all	2108	4	886578	0.0000045
all	2109	4	886578	0.0000045
all	2110	2	886578	0.0000023
all	2111	3	886578	0.0000034
all	2112	4	886578	0.0000045
all	2113	2	886578	0.0000023
all	2114	3	886578	0.0000034
all	2115	2	886578	0.0000023
all	2116	4	886578	0.0000045
all	2117	2	886578	0.0000023
all	2118	3	886578	0.0000034
all	2119	2	886578	0.0000023
all	2122	4	886578	0.0000045
all	2123	2	886578	0.0000023
all	2124	6	886578	0.0000068
all	2125	1	886578	0.0000011
all	2126	1	886578	0.0000011
all	2127	1	886578	0.0000011
all	2128	2	886578	0.0000023
all	2129	4	886578	0.0000045
all	2130	4	886578	0.0000045
all	2131	6	886578	0.0000068
all	2133	11	886578	0.0000124
all	2134	4	886578	0.0000045
all	2135	2	886578	0.0000023
all	2136	5	886578	0.0000056
all	2137	2	886578	0.0000023
all	2138	8	886578	0.0000090
all	2139	1	886578	0.0000011
all	2140	4	886578	0.0000045
all	2141	2	886578	0.0000023
all	2142	3	886578	0.0000034
all	2143	6	886578	0.0000068
all	2144	5	886578	0.0000056
all	2145	7	886578	0.0000079
all	2146	1	886578	0.0000011
all	2147	2	886578	0.0000023
all	2148	2	886578	0.0000023
all	2149	1	886578	0.0000011
all	2150	3	886578	0.0000034
all	2151	4	886578	0.0000045
all	2152	4	886578	0.0000045
all	2153	6	886578	0.0000068
all	2154	2	886578	0.0000023
all	2155	2	886578	0.0000023
all	2156	3	886578	0.0000034
all	2158	2	886578	0.0000023
all	2159	4	886578	0.0000045
all	2161	3	886578	0.0000034
all	2162	1	886578	0.0000011
all	2164	3	886578	0.0000034
all	2165	2	886578	0.0000023
all	2166	2	886578	0.0000023
all	2167	2	886578	0.0000023
all	2168	1	886578	0.0000011
all	2170	1	886578	0.0000011
all	2171	1	886578	0.0000011
all	2174	6	886578	0.0000068
all	2175	1	886578	0.0000011
all	2177	5	886578	0.0000056
all	2178	2	886578	0.0000023
all	2179	3	886578	0.0000034
all	2180	1	886578	0.0000011
all	2181	3	886578	0.0000034
all	2184	3	886578	0.0000034
all	2186	6	886578	0.0000068
all	2187	4	886578	0.0000045
all	2188	3	886578	0.0000034
all	2189	2	886578	0.0000023
all	2190	1	886578	0.0000011
all	2191	2	886578	0.0000023
all	2193	1	886578	0.0000011
all	2194	1	886578	0.0000011
all	2195	1	886578	0.0000011
all	2197	1	886578	0.0000011
all	2198	1	886578	0.0000011
all	2199	2	886578	0.0000023
all	2200	1	886578	0.0000011
all	2201	5	886578	0.0000056
all	2202	1	886578	0.0000011
all	2203	2	886578	0.0000023
all	2205	3	886578	0.0000034
all	2206	4	886578	0.0000045
all	2207	1	886578	0.0000011
all	2208	2	886578	0.0000023
all	2209	1	886578	0.0000011
all	2210	3	886578	0.0000034
all	2211	2	886578	0.0000023
all	2214	2	886578	0.0000023
all	2215	1	886578	0.0000011
all	2216	2	886578	0.0000023
all	2217	1	886578	0.0000011
all	2218	1	886578	0.0000011
all	2220	1	886578	0.0000011
all	2221	1	886578	0.0000011
all	2223	3	886578	0.0000034
all	2224	3	886578	0.0000034
all	2225	2	886578	0.0000023
all	2226	4	886578	0.0000045
all	2227	3	886578	0.0000034
all	2228	1	886578	0.0000011
all	2229	3	886578	0.0000034
all	2230	5	886578	0.0000056
all	2231	2	886578	0.0000023
all	2232	2	886578	0.0000023
all	2233	3	886578	0.0000034
all	2234	3	886578	0.0000034
all	2235	1	886578	0.0000011
all	2236	1	886578	0.0000011
all	2237	2	886578	0.0000023
all	2238	4	886578	0.0000045
all	2239	1	886578	0.0000011
all	2240	2	886578	0.0000023
all	2241	4	886578	0.0000045
all	2242	4	886578	0.0000045
all	2243	1	886578	0.0000011
all	2244	3	886578	0.0000034
all	2245	2	886578	0.0000023
all	2246	1	886578	0.0000011
all	2247	2	886578	0.0000023
all	2249	1	886578	0.0000011
all	2250	1	886578	0.0000011
all	2251	2	886578	0.0000023
all	2252	2	886578	0.0000023
all	2253	3	886578	0.0000034
all	2254	1	886578	0.0000011
all	2255	2	886578	0.0000023
all	2256	1	886578	0.0000011
all	2258	2	886578	0.0000023
all	2259	2	886578	0.0000023
all	2263	5	886578	0.0000056
all	2264	3	886578	0.0000034
all	2265	2	886578	0.0000023
all	2266	3	886578	0.0000034
all	2267	2	886578	0.0000023
all	2268	1	886578	0.0000011
all	2269	2	886578	0.0000023
all	2270	1	886578	0.0000011
all	2272	1	886578	0.0000011
all	2273	1	886578	0.0000011
all	2274	3	886578	0.0000034
all	2275	3	886578	0.0000034
all	2276	2	886578	0.0000023
all	2277	1	886578	0.0000011
all	2278	4	886578	0.0000045
all	2279	1	886578	0.0000011
all	2280	3	886578	0.0000034
all	2282	1	886578	0.0000011
all	2283	2	886578	0.0000023
all	2284	2	886578	0.0000023
all	2285	1	886578	0.0000011
all	2286	1	886578	0.0000011
all	2287	2	886578	0.0000023
all	2288	3	886578	0.0000034
all	2289	2	886578	0.0000023
all	2291	3	886578	0.0000034
all	2292	1	886578	0.0000011
all	2293	1	886578	0.0000011
all	2295	2	886578	0.0000023
all	2296	1	886578	0.0000011
all	2297	1	886578	0.0000011
all	2300	1	886578	0.0000011
all	2301	2	886578	0.0000023
all	2302	2	886578	0.0000023
all	2303	2	886578	0.0000023
all	2305	4	886578	0.0000045
all	2306	4	886578	0.0000045
all	2307	2	886578	0.0000023
all	2308	3	886578	0.0000034
all	2309	4	886578	0.0000045
all	2311	1	886578	0.0000011
all	2313	2	886578	0.0000023
all	2314	2	886578	0.0000023
all	2315	1	886578	0.0000011
all	2316	4	886578	0.0000045
all	2317	2	886578	0.0000023
all	2318	2	886578	0.0000023
all	2319	1	886578	0.0000011
all	2320	1	886578	0.0000011
all	2321	1	886578	0.0000011
all	2322	4	886578	0.0000045
all	2323	3	886578	0.0000034
all	2325	1	886578	0.0000011
all	2326	2	886578	0.0000023
all	2327	3	886578	0.0000034
all	2329	1	886578	0.0000011
all	2330	2	886578	0.0000023
all	2331	2	886578	0.0000023
all	2332	1	886578	0.0000011
all	2334	3	886578	0.0000034
all	2335	1	886578	0.0000011
all	2336	2	886578	0.0000023
all	2337	1	886578	0.0000011
all	2338	4	886578	0.0000045
all	2341	2	886578	0.0000023
all	2343	2	886578	0.0000023
all	2344	1	886578	0.0000011
all	2345	2	886578	0.0000023
all	2346	2	886578	0.0000023
all	2348	2	886578	0.0000023
all	2349	1	886578	0.0000011
all	2350	2	886578	0.0000023
all	2351	1	886578	0.0000011
all	2352	2	886578	0.0000023
all	2353	1	886578	0.0000011
all	2354	2	886578	0.0000023
all	2355	2	886578	0.0000023
all	2356	2	886578	0.0000023
all	2357	1	886578	0.0000011
all	2358	1	886578	0.0000011
all	2359	2	886578	0.0000023
all	2360	1	886578	0.0000011
all	2361	2	886578	0.0000023
all	2362	2	886578	0.0000023
all	2364	1	886578	0.0000011
all	2365	3	886578	0.0000034
all	2366	1	886578	0.0000011
all	2367	3	886578	0.0000034
all	2369	1	886578	0.0000011
all	2370	4	886578	0.0000045
all	2371	2	886578	0.0000023
all	2372	2	886578	0.0000023
all	2373	2	886578	0.0000023
all	2374	2	886578	0.0000023
all	2375	3	886578	0.0000034
all	2376	2	886578	0.0000023
all	2377	2	886578	0.0000023
all	2379	2	886578	0.0000023
all	2380	2	886578	0.0000023
all	2381	2	886578	0.0000023
all	2383	2	886578	0.0000023
all	2384	3	886578	0.0000034
all	2388	1	886578	0.0000011
all	2391	7	886578	0.0000079
all	2392	2	886578	0.0000023
all	2393	1	886578	0.0000011
all	2394	1	886578	0.0000011
all	2395	3	886578	0.0000034
all	2396	3	886578	0.0000034
all	2397	1	886578	0.0000011
all	2398	2	886578	0.0000023
all	2399	2	886578	0.0000023
all	2400	4	886578	0.0000045
all	2401	1	886578	0.0000011
all	2402	5	886578	0.0000056
all	2403	2	886578	0.0000023
all	2404	2	886578	0.0000023
all	2406	2	886578	0.0000023
all	2407	1	886578	0.0000011
all	2408	3	886578	0.0000034
all	2409	5	886578	0.0000056
all	2410	1	886578	0.0000011
all	2411	1	886578	0.0000011
all	2412	3	886578	0.0000034
all	2413	1	886578	0.0000011
all	2415	3	886578	0.0000034
all	2417	1	886578	0.0000011
all	2418	2	886578	0.0000023
all	2419	4	886578	0.0000045
all	2420	3	886578	0.0000034
all	2423	1	886578	0.0000011
all	2424	3	886578	0.0000034
all	2426	2	886578	0.0000023
all	2427	3	886578	0.0000034
all	2428	1	886578	0.0000011
all	2429	4	886578	0.0000045
all	2431	3	886578	0.0000034
all	2432	3	886578	0.0000034
all	2433	8	886578	0.0000090
all	2434	1	886578	0.0000011
all	2435	6	886578	0.0000068
all	2436	2	886578	0.0000023
all	2438	5	886578	0.0000056
all	2439	4	886578	0.0000045
all	2440	1	886578	0.0000011
all	2441	4	886578	0.0000045
all	2442	4	886578	0.0000045
all	2443	1	886578	0.0000011
all	2444	1	886578	0.0000011
all	2445	3	886578	0.0000034
all	2446	3	886578	0.0000034
all	2447	5	886578	0.0000056
all	2448	3	886578	0.0000034
all	2449	4	886578	0.0000045
all	2450	1	886578	0.0000011
all	2451	5	886578	0.0000056
all	2452	1	886578	0.0000011
all	2453	2	886578	0.0000023
all	2454	1	886578	0.0000011
all	2455	1	886578	0.0000011
all	2457	2	886578	0.0000023
all	2458	3	886578	0.0000034
all	2459	5	886578	0.0000056
all	2460	2	886578	0.0000023
all	2461	2	886578	0.0000023
all	2462	3	886578	0.0000034
all	2463	4	886578	0.0000045
all	2464	2	886578	0.0000023
all	2465	1	886578	0.0000011
all	2466	1	886578	0.0000011
all	2467	2	886578	0.0000023
all	2468	1	886578	0.0000011
all	2469	4	886578	0.0000045
all	2470	1	886578	0.0000011
all	2471	5	886578	0.0000056
all	2472	4	886578	0.0000045
all	2473	2	886578	0.0000023
all	2474	1	886578	0.0000011
all	2475	3	886578	0.0000034
all	2476	3	886578	0.0000034
all	2477	4	886578	0.0000045
all	2479	2	886578	0.0000023
all	2480	3	886578	0.0000034
all	2481	5	886578	0.0000056
all	2482	2	886578	0.0000023
all	2483	1	886578	0.0000011
all	2484	2	886578	0.0000023
all	2485	1	886578	0.0000011
all	2486	3	886578	0.0000034
all	2487	5	886578	0.0000056
all	2488	5	886578	0.0000056
all	2490	1	886578	0.0000011
all	2491	2	886578	0.0000023
all	2493	5	886578	0.0000056
all	2494	3	886578	0.0000034
all	2495	3	886578	0.0000034
all	2497	1	886578	0.0000011
all	2498	1	886578	0.0000011
all	2499	2	886578	0.0000023
all	2500	1	886578	0.0000011
all	2501	4	886578	0.0000045
all	2502	1	886578	0.0000011
all	2505	2	886578	0.0000023
all	2508	1	886578	0.0000011
all	2509	2	886578	0.0000023
all	2510	2	886578	0.0000023
all	2513	2	886578	0.0000023
all	2514	5	886578	0.0000056
all	2515	2	886578	0.0000023
all	2516	3	886578	0.0000034
all	2517	3	886578	0.0000034
all	2518	1	886578	0.0000011
all	2520	2	886578	0.0000023
all	2521	2	886578	0.0000023
all	2522	1	886578	0.0000011
all	2524	2	886578	0.0000023
all	2525	1	886578	0.0000011
all	2526	2	886578	0.0000023
all	2527	3	886578	0.0000034
all	2528	3	886578	0.0000034
all	2530	1	886578	0.0000011
all	2531	1	886578	0.0000011
all	2532	3	886578	0.0000034
all	2533	2	886578	0.0000023
all	2534	2	886578	0.0000023
all	2535	3	886578	0.0000034
all	2536	1	886578	0.0000011
all	2537	4	886578	0.0000045
all	2538	2	886578	0.0000023
all	2539	1	886578	0.0000011
all	2540	1	886578	0.0000011
all	2541	2	886578	0.0000023
all	2542	1	886578	0.0000011
all	2543	3	886578	0.0000034
all	2544	3	886578	0.0000034
all	2545	4	886578	0.0000045
all	2546	2	886578	0.0000023
all	2547	1	886578	0.0000011
all	2548	1	886578	0.0000011
all	2549	2	886578	0.0000023
all	2550	4	886578	0.0000045
all	2551	3	886578	0.0000034
all	2552	1	886578	0.0000011
all	2553	6	886578	0.0000068
all	2554	1	886578	0.0000011
all	2555	3	886578	0.0000034
all	2556	3	886578	0.0000034
all	2557	5	886578	0.0000056
all	2558	3	886578	0.0000034
all	2560	1	886578	0.0000011
all	2561	6	886578	0.0000068
all	2562	4	886578	0.0000045
all	2563	2	886578	0.0000023
all	2565	1	886578	0.0000011
all	2566	3	886578	0.0000034
all	2568	5	886578	0.0000056
all	2569	3	886578	0.0000034
all	2570	1	886578	0.0000011
all	2572	1	886578	0.0000011
all	2573	1	886578	0.0000011
all	2574	2	886578	0.0000023
all	2575	2	886578	0.0000023
all	2577	4	886578	0.0000045
all	2578	4	886578	0.0000045
all	2579	1	886578	0.0000011
all	2580	1	886578	0.0000011
all	2581	3	886578	0.0000034
all	2583	1	886578	0.0000011
all	2589	2	886578	0.0000023
all	2592	3	886578	0.0000034
all	2593	1	886578	0.0000011
all	2594	1	886578	0.0000011
all	2597	1	886578	0.0000011
all	2598	1	886578	0.0000011
all	2599	1	886578	0.0000011
all	2601	1	886578	0.0000011
all	2602	1	886578	0.0000011
all	2603	2	886578	0.0000023
all	2605	1	886578	0.0000011
all	2607	1	886578	0.0000011
all	2609	2	886578	0.0000023
all	2610	1	886578	0.0000011
all	2611	3	886578	0.0000034
all	2612	1	886578	0.0000011
all	2613	2	886578	0.0000023
all	2615	2	886578	0.0000023
all	2616	1	886578	0.0000011
all	2617	2	886578	0.0000023
all	2618	3	886578	0.0000034
all	2619	2	886578	0.0000023
all	2620	1	886578	0.0000011
all	2622	2	886578	0.0000023
all	2623	1	886578	0.0000011
all	2625	5	886578	0.0000056
all	2626	1	886578	0.0000011
all	2628	2	886578	0.0000023
all	2630	3	886578	0.0000034
all	2631	1	886578	0.0000011
all	2632	2	886578	0.0000023
all	2633	1	886578	0.0000011
all	2634	1	886578	0.0000011
all	2635	4	886578	0.0000045
all	2637	2	886578	0.0000023
all	2638	2	886578	0.0000023
all	2639	5	886578	0.0000056
all	2642	1	886578	0.0000011
all	2643	3	886578	0.0000034
all	2644	2	886578	0.0000023
all	2645	1	886578	0.0000011
all	2646	1	886578	0.0000011
all	2647	1	886578	0.0000011
all	2648	1	886578	0.0000011
all	2649	2	886578	0.0000023
all	2650	2	886578	0.0000023
all	2651	1	886578	0.0000011
all	2652	1	886578	0.0000011
all	2653	1	886578	0.0000011
all	2654	3	886578	0.0000034
all	2655	2	886578	0.0000023
all	2656	3	886578	0.0000034
all	2658	3	886578	0.0000034
all	2659	4	886578	0.0000045
all	2660	1	886578	0.0000011
all	2661	4	886578	0.0000045
all	2662	1	886578	0.0000011
all	2663	3	886578	0.0000034
all	2664	2	886578	0.0000023
all	2665	3	886578	0.0000034
all	2666	2	886578	0.0000023
all	2667	2	886578	0.0000023
all	2668	3	886578	0.0000034
all	2669	4	886578	0.0000045
all	2670	3	886578	0.0000034
all	2671	6	886578	0.0000068
all	2672	5	886578	0.0000056
all	2673	3	886578	0.0000034
all	2674	7	886578	0.0000079
all	2675	3	886578	0.0000034
all	2676	3	886578	0.0000034
all	2677	3	886578	0.0000034
all	2678	6	886578	0.0000068
all	2679	4	886578	0.0000045
all	2680	1	886578	0.0000011
all	2682	2	886578	0.0000023
all	2683	1	886578	0.0000011
all	2684	3	886578	0.0000034
all	2685	6	886578	0.0000068
all	2686	1	886578	0.0000011
all	2687	1	886578	0.0000011
all	2688	1	886578	0.0000011
all	2689	2	886578	0.0000023
all	2690	3	886578	0.0000034
all	2691	1	886578	0.0000011
all	2692	2	886578	0.0000023
all	2693	1	886578	0.0000011
all	2694	1	886578	0.0000011
all	2695	1	886578	0.0000011
all	2696	3	886578	0.0000034
all	2697	1	886578	0.0000011
all	2698	1	886578	0.0000011
all	2700	1	886578	0.0000011
all	2701	2	886578	0.0000023
all	2702	1	886578	0.0000011
all	2705	2	886578	0.0000023
all	2707	1	886578	0.0000011
all	2709	1	886578	0.0000011
all	2710	3	886578	0.0000034
all	2711	1	886578	0.0000011
all	2713	2	886578	0.0000023
all	2714	2	886578	0.0000023
all	2715	3	886578	0.0000034
all	2716	1	886578	0.0000011
all	2717	1	886578	0.0000011
all	2718	2	886578	0.0000023
all	2719	3	886578	0.0000034
all	2720	1	886578	0.0000011
all	2721	3	886578	0.0000034
all	2722	3	886578	0.0000034
all	2723	2	886578	0.0000023
all	2724	1	886578	0.0000011
all	2726	2	886578	0.0000023
all	2727	1	886578	0.0000011
all	2728	1	886578	0.0000011
all	2729	1	886578	0.0000011
all	2730	1	886578	0.0000011
all	2731	1	886578	0.0000011
all	2732	1	886578	0.0000011
all	2733	1	886578	0.0000011
all	2734	1	886578	0.0000011
all	2735	1	886578	0.0000011
all	2736	2	886578	0.0000023
all	2738	2	886578	0.0000023
all	2741	1	886578	0.0000011
all	2742	2	886578	0.0000023
all	2743	1	886578	0.0000011
all	2744	2	886578	0.0000023
all	2745	2	886578	0.0000023
all	2746	1	886578	0.0000011
all	2748	1	886578	0.0000011
all	2749	1	886578	0.0000011
all	2750	2	886578	0.0000023
all	2751	2	886578	0.0000023
all	2752	2	886578	0.0000023
all	2755	1	886578	0.0000011
all	2756	1	886578	0.0000011
all	2759	1	886578	0.0000011
all	2760	2	886578	0.0000023
all	2764	2	886578	0.0000023
all	2765	2	886578	0.0000023
all	2766	2	886578	0.0000023
all	2767	1	886578	0.0000011
all	2768	1	886578	0.0000011
all	2769	1	886578	0.0000011
all	2771	1	886578	0.0000011
all	2773	1	886578	0.0000011
all	2774	1	886578	0.0000011
all	2775	2	886578	0.0000023
all	2776	2	886578	0.0000023
all	2777	2	886578	0.0000023
all	2778	3	886578	0.0000034
all	2781	1	886578	0.0000011
all	2782	3	886578	0.0000034
all	2783	4	886578	0.0000045
all	2785	2	886578	0.0000023
all	2787	1	886578	0.0000011
all	2788	1	886578	0.0000011
all	2789	1	886578	0.0000011
all	2790	3	886578	0.0000034
all	2791	1	886578	0.0000011
all	2792	1	886578	0.0000011
all	2793	1	886578	0.0000011
all	2794	2	886578	0.0000023
all	2795	4	886578	0.0000045
all	2796	1	886578	0.0000011
all	2798	3	886578	0.0000034
all	2799	1	886578	0.0000011
all	2802	2	886578	0.0000023
all	2804	3	886578	0.0000034
all	2805	2	886578	0.0000023
all	2807	1	886578	0.0000011
all	2808	1	886578	0.0000011
all	2809	2	886578	0.0000023
all	2810	2	886578	0.0000023
all	2811	1	886578	0.0000011
all	2813	3	886578	0.0000034
all	2814	3	886578	0.0000034
all	2815	2	886578	0.0000023
all	2816	3	886578	0.0000034
all	2817	4	886578	0.0000045
all	2818	1	886578	0.0000011
all	2819	2	886578	0.0000023
all	2820	1	886578	0.0000011
all	2821	1	886578	0.0000011
all	2822	3	886578	0.0000034
all	2823	2	886578	0.0000023
all	2824	1	886578	0.0000011
all	2825	2	886578	0.0000023
all	2826	3	886578	0.0000034
all	2827	1	886578	0.0000011
all	2828	2	886578	0.0000023
all	2829	3	886578	0.0000034
all	2830	3	886578	0.0000034
all	2831	4	886578	0.0000045
all	2832	1	886578	0.0000011
all	2833	1	886578	0.0000011
all	2834	2	886578	0.0000023
all	2835	2	886578	0.0000023
all	2836	3	886578	0.0000034
all	2837	2	886578	0.0000023
all	2839	3	886578	0.0000034
all	2840	3	886578	0.0000034
all	2841	2	886578	0.0000023
all	2842	1	886578	0.0000011
all	2843	1	886578	0.0000011
all	2844	1	886578	0.0000011
all	2845	3	886578	0.0000034
all	2846	1	886578	0.0000011
all	2847	1	886578	0.0000011
all	2849	5	886578	0.0000056
all	2850	2	886578	0.0000023
all	2851	1	886578	0.0000011
all	2852	1	886578	0.0000011
all	2853	5	886578	0.0000056
all	2854	4	886578	0.0000045
all	2855	4	886578	0.0000045
all	2856	1	886578	0.0000011
all	2857	3	886578	0.0000034
all	2858	4	886578	0.0000045
all	2859	2	886578	0.0000023
all	2860	1	886578	0.0000011
all	2861	1	886578	0.0000011
all	2862	2	886578	0.0000023
all	2863	4	886578	0.0000045
all	2865	1	886578	0.0000011
all	2866	3	886578	0.0000034
all	2867	1	886578	0.0000011
all	2868	3	886578	0.0000034
all	2869	1	886578	0.0000011
all	2871	2	886578	0.0000023
all	2872	3	886578	0.0000034
all	2873	3	886578	0.0000034
all	2874	3	886578	0.0000034
all	2875	3	886578	0.0000034
all	2876	2	886578	0.0000023
all	2877	3	886578	0.0000034
all	2878	2	886578	0.0000023
all	2879	2	886578	0.0000023
all	2880	1	886578	0.0000011
all	2882	3	886578	0.0000034
all	2883	4	886578	0.0000045
all	2884	2	886578	0.0000023
all	2885	1	886578	0.0000011
all	2886	4	886578	0.0000045
all	2887	1	886578	0.0000011
all	2889	5	886578	0.0000056
all	2890	3	886578	0.0000034
all	2892	2	886578	0.0000023
all	2895	2	886578	0.0000023
all	2896	4	886578	0.0000045
all	2898	3	886578	0.0000034
all	2899	2	886578	0.0000023
all	2901	1	886578	0.0000011
all	2904	2	886578	0.0000023
all	2905	1	886578	0.0000011
all	2907	1	886578	0.0000011
all	2908	1	886578	0.0000011
all	2910	1	886578	0.0000011
all	2911	1	886578	0.0000011
all	2912	1	886578	0.0000011
all	2914	1	886578	0.0000011
all	2916	1	886578	0.0000011
all	2917	2	886578	0.0000023
all	2919	2	886578	0.0000023
all	2920	2	886578	0.0000023
all	2921	2	886578	0.0000023
all	2922	1	886578	0.0000011
all	2923	3	886578	0.0000034
all	2925	3	886578	0.0000034
all	2927	2	886578	0.0000023
all	2928	2	886578	0.0000023
all	2929	1	886578	0.0000011
all	2930	4	886578	0.0000045
all	2931	1	886578	0.0000011
all	2932	4	886578	0.0000045
all	2933	3	886578	0.0000034
all	2935	1	886578	0.0000011
all	2936	1	886578	0.0000011
all	2937	3	886578	0.0000034
all	2938	2	886578	0.0000023
all	2939	1	886578	0.0000011
all	2942	1	886578	0.0000011
all	2943	3	886578	0.0000034
all	2944	2	886578	0.0000023
all	2945	3	886578	0.0000034
all	2946	2	886578	0.0000023
all	2947	1	886578	0.0000011
all	2949	1	886578	0.0000011
all	2950	3	886578	0.0000034
all	2951	2	886578	0.0000023
all	2952	1	886578	0.0000011
all	2953	2	886578	0.0000023
all	2954	2	886578	0.0000023
all	2957	2	886578	0.0000023
all	2958	1	886578	0.0000011
all	2959	4	886578	0.0000045
all	2961	2	886578	0.0000023
all	2962	2	886578	0.0000023
all	2963	1	886578	0.0000011
all	2964	3	886578	0.0000034
all	2965	2	886578	0.0000023
all	2967	3	886578	0.0000034
all	2968	2	886578	0.0000023
all	2969	3	886578	0.0000034
all	2971	1	886578	0.0000011
all	2972	1	886578	0.0000011
all	2974	1	886578	0.0000011
all	2975	2	886578	0.0000023
all	2976	1	886578	0.0000011
all	2977	1	886578	0.0000011
all	2978	1	886578	0.0000011
all	2979	3	886578	0.0000034
all	2980	1	886578	0.0000011
all	2981	2	886578	0.0000023
all	2982	2	886578	0.0000023
all	2983	1	886578	0.0000011
all	2984	1	886578	0.0000011
all	2987	2	886578	0.0000023
all	2988	1	886578	0.0000011
all	2989	1	886578	0.0000011
all	2990	1	886578	0.0000011
all	2991	1	886578	0.0000011
all	2992	2	886578	0.0000023
all	2993	1	886578	0.0000011
all	2995	3	886578	0.0000034
all	2996	2	886578	0.0000023
all	2997	1	886578	0.0000011
all	3000	3	886578	0.0000034
all	3001	1	886578	0.0000011
all	3002	2	886578	0.0000023
all	3003	1	886578	0.0000011
all	3004	1	886578	0.0000011
all	3005	5	886578	0.0000056
all	3006	1	886578	0.0000011
all	3008	2	886578	0.0000023
all	3009	1	886578	0.0000011
all	3010	4	886578	0.0000045
all	3012	3	886578	0.0000034
all	3013	1	886578	0.0000011
all	3014	4	886578	0.0000045
all	3015	1	886578	0.0000011
all	3016	1	886578	0.0000011
all	3017	2	886578	0.0000023
all	3018	1	886578	0.0000011
all	3019	2	886578	0.0000023
all	3020	2	886578	0.0000023
all	3021	3	886578	0.0000034
all	3022	1	886578	0.0000011
all	3023	1	886578	0.0000011
all	3024	5	886578	0.0000056
all	3025	2	886578	0.0000023
all	3026	1	886578	0.0000011
all	3027	3	886578	0.0000034
all	3028	4	886578	0.0000045
all	3029	1	886578	0.0000011
all	3031	1	886578	0.0000011
all	3032	1	886578	0.0000011
all	3033	3	886578	0.0000034
all	3034	8	886578	0.0000090
all	3035	3	886578	0.0000034
all	3036	2	886578	0.0000023
all	3038	1	886578	0.0000011
all	3040	1	886578	0.0000011
all	3041	2	886578	0.0000023
all	3042	1	886578	0.0000011
all	3043	1	886578	0.0000011
all	3046	2	886578	0.0000023
all	3047	2	886578	0.0000023
all	3048	3	886578	0.0000034
all	3049	2	886578	0.0000023
all	3050	1	886578	0.0000011
all	3053	1	886578	0.0000011
all	3054	1	886578	0.0000011
all	3055	1	886578	0.0000011
all	3057	3	886578	0.0000034
all	3058	2	886578	0.0000023
all	3060	2	886578	0.0000023
all	3061	1	886578	0.0000011
all	3062	2	886578	0.0000023
all	3067	1	886578	0.0000011
all	3069	2	886578	0.0000023
all	3070	2	886578	0.0000023
all	3073	1	886578	0.0000011
all	3075	1	886578	0.0000011
all	3076	1	886578	0.0000011
all	3078	1	886578	0.0000011
all	3079	2	886578	0.0000023
all	3080	1	886578	0.0000011
all	3081	2	886578	0.0000023
all	3082	1	886578	0.0000011
all	3083	2	886578	0.0000023
all	3084	2	886578	0.0000023
all	3085	1	886578	0.0000011
all	3086	2	886578	0.0000023
all	3087	1	886578	0.0000011
all	3088	1	886578	0.0000011
all	3089	1	886578	0.0000011
all	3090	2	886578	0.0000023
all	3091	1	886578	0.0000011
all	3092	2	886578	0.0000023
all	3093	2	886578	0.0000023
all	3094	1	886578	0.0000011
all	3096	1	886578	0.0000011
all	3097	2	886578	0.0000023
all	3098	1	886578	0.0000011
all	3099	2	886578	0.0000023
all	3102	1	886578	0.0000011
all	3103	2	886578	0.0000023
all	3104	2	886578	0.0000023
all	3105	2	886578	0.0000023
all	3106	1	886578	0.0000011
all	3109	2	886578	0.0000023
all	3111	3	886578	0.0000034
all	3112	1	886578	0.0000011
all	3114	2	886578	0.0000023
all	3115	1	886578	0.0000011
all	3118	4	886578	0.0000045
all	3119	1	886578	0.0000011
all	3123	1	886578	0.0000011
all	3124	1	886578	0.0000011
all	3125	1	886578	0.0000011
all	3126	2	886578	0.0000023
all	3128	3	886578	0.0000034
all	3129	3	886578	0.0000034
all	3130	1	886578	0.0000011
all	3131	1	886578	0.0000011
all	3133	2	886578	0.0000023
all	3136	1	886578	0.0000011
all	3137	2	886578	0.0000023
all	3138	2	886578	0.0000023
all	3139	2	886578	0.0000023
all	3142	1	886578	0.0000011
all	3144	1	886578	0.0000011
all	3145	2	886578	0.0000023
all	3147	3	886578	0.0000034
all	3149	1	886578	0.0000011
all	3150	2	886578	0.0000023
all	3152	1	886578	0.0000011
all	3153	3	886578	0.0000034
all	3154	1	886578	0.0000011
all	3155	1	886578	0.0000011
all	3156	1	886578	0.0000011
all	3159	1	886578	0.0000011
all	3160	1	886578	0.0000011
all	3162	2	886578	0.0000023
all	3163	3	886578	0.0000034
all	3164	1	886578	0.0000011
all	3165	2	886578	0.0000023
all	3166	2	886578	0.0000023
all	3169	1	886578	0.0000011
all	3170	1	886578	0.0000011
all	3174	1	886578	0.0000011
all	3175	1	886578	0.0000011
all	3176	1	886578	0.0000011
all	3177	2	886578	0.0000023
all	3179	1	886578	0.0000011
all	3181	2	886578	0.0000023
all	3182	1	886578	0.0000011
all	3184	1	886578	0.0000011
all	3187	1	886578	0.0000011
all	3190	1	886578	0.0000011
all	3194	2	886578	0.0000023
all	3195	1	886578	0.0000011
all	3196	1	886578	0.0000011
all	3197	1	886578	0.0000011
all	3198	3	886578	0.0000034
all	3199	1	886578	0.0000011
all	3201	2	886578	0.0000023
all	3203	1	886578	0.0000011
all	3204	1	886578	0.0000011
all	3205	3	886578	0.0000034
all	3206	1	886578	0.0000011
all	3212	2	886578	0.0000023
all	3214	1	886578	0.0000011
all	3215	1	886578	0.0000011
all	3216	2	886578	0.0000023
all	3218	3	886578	0.0000034
all	3219	1	886578	0.0000011
all	3220	1	886578	0.0000011
all	3221	2	886578	0.0000023
all	3223	1	886578	0.0000011
all	3225	1	886578	0.0000011
all	3228	1	886578	0.0000011
all	3229	1	886578	0.0000011
all	3240	1	886578	0.0000011
all	3241	1	886578	0.0000011
all	3242	1	886578	0.0000011
all	3244	1	886578	0.0000011
all	3245	1	886578	0.0000011
all	3249	1	886578	0.0000011
all	3250	1	886578	0.0000011
all	3253	1	886578	0.0000011
all	3255	1	886578	0.0000011
all	3260	1	886578	0.0000011
all	3261	2	886578	0.0000023
all	3262	2	886578	0.0000023
all	3263	3	886578	0.0000034
all	3264	2	886578	0.0000023
all	3266	2	886578	0.0000023
all	3268	3	886578	0.0000034
all	3269	1	886578	0.0000011
all	3271	1	886578	0.0000011
all	3272	1	886578	0.0000011
all	3273	1	886578	0.0000011
all	3274	1	886578	0.0000011
all	3275	1	886578	0.0000011
all	3285	1	886578	0.0000011
all	3286	2	886578	0.0000023
all	3287	1	886578	0.0000011
all	3289	1	886578	0.0000011
all	3290	1	886578	0.0000011
all	3292	1	886578	0.0000011
all	3293	1	886578	0.0000011
all	3302	3	886578	0.0000034
all	3303	1	886578	0.0000011
all	3306	2	886578	0.0000023
all	3320	2	886578	0.0000023
all	3324	1	886578	0.0000011
all	3327	2	886578	0.0000023
all	3330	2	886578	0.0000023
all	3333	1	886578	0.0000011
all	3337	1	886578	0.0000011
all	3339	2	886578	0.0000023
all	3343	1	886578	0.0000011
all	3345	1	886578	0.0000011
all	3347	1	886578	0.0000011
all	3349	2	886578	0.0000023
all	3352	1	886578	0.0000011
all	3354	1	886578	0.0000011
all	3355	1	886578	0.0000011
all	3358	1	886578	0.0000011
all	3364	1	886578	0.0000011
all	3366	1	886578	0.0000011
all	3370	2	886578	0.0000023
all	3373	2	886578	0.0000023
all	3380	1	886578	0.0000011
all	3381	1	886578	0.0000011
all	3383	1	886578	0.0000011
all	3384	1	886578	0.0000011
all	3388	2	886578	0.0000023
all	3390	2	886578	0.0000023
all	3391	1	886578	0.0000011
all	3396	1	886578	0.0000011
all	3397	2	886578	0.0000023
all	3398	2	886578	0.0000023
all	3402	1	886578	0.0000011
all	3404	1	886578	0.0000011
all	3406	1	886578	0.0000011
all	3408	2	886578	0.0000023
all	3410	1	886578	0.0000011
all	3411	1	886578	0.0000011
all	3412	1	886578	0.0000011
all	3416	1	886578	0.0000011
all	3417	2	886578	0.0000023
all	3421	1	886578	0.0000011
all	3424	1	886578	0.0000011
all	3425	1	886578	0.0000011
all	3427	1	886578	0.0000011
all	3428	2	886578	0.0000023
all	3429	2	886578	0.0000023
all	3433	1	886578	0.0000011
all	3435	2	886578	0.0000023
all	3441	2	886578	0.0000023
all	3445	1	886578	0.0000011
all	3446	1	886578	0.0000011
all	3450	1	886578	0.0000011
all	3451	2	886578	0.0000023
all	3454	1	886578	0.0000011
all	3456	1	886578	0.0000011
all	3459	1	886578	0.0000011
all	3474	1	886578	0.0000011
all	3478	1	886578	0.0000011
all	3480	1	886578	0.0000011
all	3482	1	886578	0.0000011
all	3484	1	886578	0.0000011
all	3485	1	886578	0.0000011
all	3486	2	886578	0.0000023
all	3488	1	886578	0.0000011
all	3490	1	886578	0.0000011
all	3491	1	886578	0.0000011
all	3497	2	886578	0.0000023
all	3498	1	886578	0.0000011
all	3507	1	886578	0.0000011
all	3508	2	886578	0.0000023
all	3511	1	886578	0.0000011
all	3512	2	886578	0.0000023
all	3513	1	886578	0.0000011
all	3515	1	886578	0.0000011
all	3517	1	886578	0.0000011
all	3518	1	886578	0.0000011
all	3519	1	886578	0.0000011
all	3520	1	886578	0.0000011
all	3521	1	886578	0.0000011
all	3522	1	886578	0.0000011
all	3524	1	886578	0.0000011
all	3526	1	886578	0.0000011
all	3527	2	886578	0.0000023
all	3529	1	886578	0.0000011
all	3532	2	886578	0.0000023
all	3534	1	886578	0.0000011
all	3536	1	886578	0.0000011
all	3539	1	886578	0.0000011
all	3540	1	886578	0.0000011
all	3541	2	886578	0.0000023
all	3544	3	886578	0.0000034
all	3551	1	886578	0.0000011
all	3554	1	886578	0.0000011
all	3558	1	886578	0.0000011
all	3566	2	886578	0.0000023
all	3570	1	886578	0.0000011
all	3572	1	886578	0.0000011
all	3577	1	886578	0.0000011
all	3579	1	886578	0.0000011
all	3581	1	886578	0.0000011
all	3582	1	886578	0.0000011
all	3583	2	886578	0.0000023
all	3584	1	886578	0.0000011
all	3588	1	886578	0.0000011
all	3595	1	886578	0.0000011
all	3599	1	886578	0.0000011
all	3601	1	886578	0.0000011
all	3603	2	886578	0.0000023
all	3604	1	886578	0.0000011
all	3613	1	886578	0.0000011
all	3616	1	886578	0.0000011
all	3618	1	886578	0.0000011
all	3620	1	886578	0.0000011
all	3621	2	886578	0.0000023
all	3622	1	886578	0.0000011
all	3623	2	886578	0.0000023
all	3624	2	886578	0.0000023
all	3625	1	886578	0.0000011
all	3626	2	886578	0.0000023
all	3629	1	886578	0.0000011
all	3631	2	886578	0.0000023
all	3636	2	886578	0.0000023
all	3638	1	886578	0.0000011
all	3641	1	886578	0.0000011
all	3643	2	886578	0.0000023
all	3644	1	886578	0.0000011
all	3646	1	886578	0.0000011
all	3649	1	886578	0.0000011
all	3650	1	886578	0.0000011
all	3652	1	886578	0.0000011
all	3659	1	886578	0.0000011
all	3660	1	886578	0.0000011
all	3663	1	886578	0.0000011
all	3664	1	886578	0.0000011
all	3665	1	886578	0.0000011
all	3666	1	886578	0.0000011
all	3667	1	886578	0.0000011
all	3669	1	886578	0.0000011
all	3675	1	886578	0.0000011
all	3676	1	886578	0.0000011
all	3680	2	886578	0.0000023
all	3683	1	886578	0.0000011
all	3686	2	886578	0.0000023
all	3687	1	886578	0.0000011
all	3691	2	886578	0.0000023
all	3692	1	886578	0.0000011
all	3693	2	886578	0.0000023
all	3694	1	886578	0.0000011
all	3695	1	886578	0.0000011
all	3697	3	886578	0.0000034
all	3698	1	886578	0.0000011
all	3699	1	886578	0.0000011
all	3701	1	886578	0.0000011
all	3705	3	886578	0.0000034
all	3706	1	886578	0.0000011
all	3709	2	886578	0.0000023
all	3710	2	886578	0.0000023
all	3713	1	886578	0.0000011
all	3715	2	886578	0.0000023
all	3717	1	886578	0.0000011
all	3718	1	886578	0.0000011
all	3719	1	886578	0.0000011
all	3720	1	886578	0.0000011
all	3725	1	886578	0.0000011
all	3729	1	886578	0.0000011
all	3730	1	886578	0.0000011
all	3731	1	886578	0.0000011
all	3737	1	886578	0.0000011
all	3738	1	886578	0.0000011
all	3740	1	886578	0.0000011
all	3741	1	886578	0.0000011
all	3744	2	886578	0.0000023
all	3745	1	886578	0.0000011
all	3746	1	886578	0.0000011
all	3748	2	886578	0.0000023
all	3755	1	886578	0.0000011
all	3758	1	886578	0.0000011
all	3762	1	886578	0.0000011
all	3769	1	886578	0.0000011
all	3775	2	886578	0.0000023
all	3776	1	886578	0.0000011
all	3779	1	886578	0.0000011
all	3780	1	886578	0.0000011
all	3783	1	886578	0.0000011
all	3786	1	886578	0.0000011
all	3789	1	886578	0.0000011
all	3794	1	886578	0.0000011
all	3800	1	886578	0.0000011
all	3801	1	886578	0.0000011
all	3804	1	886578	0.0000011
all	3809	1	886578	0.0000011
all	3812	2	886578	0.0000023
all	3814	2	886578	0.0000023
all	3815	2	886578	0.0000023
all	3816	1	886578	0.0000011
all	3817	1	886578	0.0000011
all	3820	2	886578	0.0000023
all	3821	2	886578	0.0000023
all	3825	1	886578	0.0000011
all	3828	1	886578	0.0000011
all	3830	1	886578	0.0000011
all	3831	1	886578	0.0000011
all	3832	1	886578	0.0000011
all	3835	2	886578	0.0000023
all	3838	1	886578	0.0000011
all	3844	1	886578	0.0000011
all	3845	1	886578	0.0000011
all	3847	1	886578	0.0000011
all	3851	1	886578	0.0000011
all	3854	1	886578	0.0000011
all	3861	2	886578	0.0000023
all	3865	1	886578	0.0000011
all	3866	1	886578	0.0000011
all	3870	1	886578	0.0000011
all	3872	1	886578	0.0000011
all	3873	2	886578	0.0000023
all	3878	1	886578	0.0000011
all	3879	1	886578	0.0000011
all	3881	2	886578	0.0000023
all	3882	1	886578	0.0000011
all	3884	1	886578	0.0000011
all	3885	2	886578	0.0000023
all	3886	1	886578	0.0000011
all	3891	3	886578	0.0000034
all	3892	1	886578	0.0000011
all	3893	2	886578	0.0000023
all	3894	1	886578	0.0000011
all	3895	1	886578	0.0000011
all	3896	3	886578	0.0000034
all	3897	1	886578	0.0000011
all	3899	1	886578	0.0000011
all	3900	1	886578	0.0000011
all	3903	1	886578	0.0000011
all	3904	1	886578	0.0000011
all	3906	2	886578	0.0000023
all	3909	1	886578	0.0000011
all	3911	2	886578	0.0000023
all	3912	1	886578	0.0000011
all	3917	1	886578	0.0000011
all	3918	1	886578	0.0000011
all	3921	1	886578	0.0000011
all	3922	1	886578	0.0000011
all	3923	2	886578	0.0000023
all	3924	1	886578	0.0000011
all	3926	1	886578	0.0000011
all	3930	1	886578	0.0000011
all	3932	1	886578	0.0000011
all	3939	2	886578	0.0000023
all	3940	1	886578	0.0000011
all	3941	1	886578	0.0000011
all	3942	1	886578	0.0000011
all	3946	1	886578	0.0000011
all	3947	1	886578	0.0000011
all	3948	4	886578	0.0000045
all	3949	1	886578	0.0000011
all	3951	2	886578	0.0000023
all	3953	1	886578	0.0000011
all	3955	1	886578	0.0000011
all	3956	3	886578	0.0000034
all	3959	2	886578	0.0000023
all	3960	1	886578	0.0000011
all	3961	1	886578	0.0000011
all	3962	3	886578	0.0000034
all	3964	1	886578	0.0000011
all	3966	1	886578	0.0000011
all	3967	1	886578	0.0000011
all	3973	1	886578	0.0000011
all	3975	1	886578	0.0000011
all	3976	1	886578	0.0000011
all	3978	2	886578	0.0000023
all	3980	2	886578	0.0000023
all	3987	1	886578	0.0000011
all	3989	1	886578	0.0000011
all	3994	1	886578	0.0000011
all	3996	1	886578	0.0000011
all	3997	1	886578	0.0000011
all	3999	1	886578	0.0000011
all	4003	1	886578	0.0000011
all	4004	1	886578	0.0000011
all	4006	3	886578	0.0000034
all	4007	2	886578	0.0000023
all	4008	1	886578	0.0000011
all	4013	1	886578	0.0000011
all	4015	1	886578	0.0000011
all	4016	1	886578	0.0000011
all	4018	1	886578	0.0000011
all	4020	1	886578	0.0000011
all	4025	2	886578	0.0000023
all	4028	2	886578	0.0000023
all	4030	1	886578	0.0000011
all	4031	1	886578	0.0000011
all	4032	1	886578	0.0000011
all	4033	1	886578	0.0000011
all	4036	1	886578	0.0000011
all	4037	1	886578	0.0000011
all	4040	1	886578	0.0000011
all	4043	1	886578	0.0000011
all	4044	1	886578	0.0000011
all	4045	1	886578	0.0000011
all	4051	2	886578	0.0000023
all	4055	1	886578	0.0000011
all	4056	2	886578	0.0000023
all	4057	1	886578	0.0000011
all	4058	1	886578	0.0000011
all	4061	1	886578	0.0000011
all	4064	2	886578	0.0000023
all	4065	1	886578	0.0000011
all	4067	1	886578	0.0000011
all	4068	2	886578	0.0000023
all	4069	1	886578	0.0000011
all	4071	1	886578	0.0000011
all	4072	1	886578	0.0000011
all	4076	1	886578	0.0000011
all	4078	1	886578	0.0000011
all	4079	1	886578	0.0000011
all	4081	1	886578	0.0000011
all	4084	2	886578	0.0000023
all	4087	1	886578	0.0000011
all	4088	1	886578	0.0000011
all	4090	1	886578	0.0000011
all	4092	1	886578	0.0000011
all	4093	1	886578	0.0000011
all	4096	6	886578	0.0000068
all	4097	3	886578	0.0000034
all	4098	1	886578	0.0000011
all	4099	1	886578	0.0000011
all	4100	2	886578	0.0000023
all	4103	1	886578	0.0000011
all	4106	1	886578	0.0000011
all	4108	1	886578	0.0000011
all	4112	4	886578	0.0000045
all	4114	1	886578	0.0000011
all	4115	1	886578	0.0000011
all	4118	1	886578	0.0000011
all	4119	1	886578	0.0000011
all	4120	1	886578	0.0000011
all	4122	1	886578	0.0000011
all	4124	1	886578	0.0000011
all	4125	2	886578	0.0000023
all	4127	2	886578	0.0000023
all	4128	1	886578	0.0000011
all	4131	1	886578	0.0000011
all	4133	1	886578	0.0000011
all	4138	1	886578	0.0000011
all	4139	1	886578	0.0000011
all	4140	1	886578	0.0000011
all	4141	2	886578	0.0000023
all	4142	1	886578	0.0000011
all	4143	1	886578	0.0000011
all	4146	2	886578	0.0000023
all	4147	1	886578	0.0000011
all	4148	2	886578	0.0000023
all	4149	1	886578	0.0000011
all	4150	1	886578	0.0000011
all	4159	1	886578	0.0000011
all	4161	1	886578	0.0000011
all	4162	1	886578	0.0000011
all	4165	1	886578	0.0000011
all	4166	1	886578	0.0000011
all	4167	2	886578	0.0000023
all	4168	2	886578	0.0000023
all	4170	2	886578	0.0000023
all	4175	1	886578	0.0000011
all	4178	1	886578	0.0000011
all	4179	1	886578	0.0000011
all	4181	1	886578	0.0000011
all	4183	1	886578	0.0000011
all	4185	1	886578	0.0000011
all	4187	1	886578	0.0000011
all	4191	3	886578	0.0000034
all	4195	1	886578	0.0000011
all	4197	1	886578	0.0000011
all	4198	2	886578	0.0000023
all	4200	1	886578	0.0000011
all	4201	2	886578	0.0000023
all	4203	1	886578	0.0000011
all	4204	1	886578	0.0000011
all	4210	2	886578	0.0000023
all	4217	1	886578	0.0000011
all	4218	3	886578	0.0000034
all	4222	2	886578	0.0000023
all	4225	1	886578	0.0000011
all	4226	1	886578	0.0000011
all	4229	1	886578	0.0000011
all	4231	1	886578	0.0000011
all	4234	1	886578	0.0000011
all	4236	2	886578	0.0000023
all	4237	1	886578	0.0000011
all	4239	2	886578	0.0000023
all	4245	1	886578	0.0000011
all	4248	1	886578	0.0000011
all	4262	2	886578	0.0000023
all	4270	1	886578	0.0000011
all	4275	1	886578	0.0000011
all	4286	1	886578	0.0000011
all	4294	1	886578	0.0000011
all	4295	1	886578	0.0000011
all	4296	1	886578	0.0000011
all	4298	1	886578	0.0000011
all	4302	1	886578	0.0000011
all	4306	1	886578	0.0000011
all	4330	1	886578	0.0000011
all	4332	1	886578	0.0000011
all	4339	1	886578	0.0000011
all	4341	1	886578	0.0000011
all	4352	1	886578	0.0000011
all	4361	1	886578	0.0000011
all	4382	1	886578	0.0000011
all	4390	1	886578	0.0000011
all	4396	1	886578	0.0000011
all	4399	1	886578	0.0000011
all	4400	1	886578	0.0000011
all	4401	1	886578	0.0000011
all	4412	1	886578	0.0000011
all	4416	1	886578	0.0000011
all	4421	1	886578	0.0000011
all	4426	1	886578	0.0000011
all	4431	1	886578	0.0000011
all	4434	1	886578	0.0000011
all	4443	1	886578	0.0000011
all	4444	1	886578	0.0000011
all	4461	1	886578	0.0000011
all	4470	1	886578	0.0000011
all	4474	1	886578	0.0000011
all	4479	1	886578	0.0000011
all	4480	1	886578	0.0000011
all	4488	2	886578	0.0000023
all	4491	1	886578	0.0000011
all	4493	1	886578	0.0000011
all	4498	1	886578	0.0000011
all	4500	1	886578	0.0000011
all	4503	1	886578	0.0000011
all	4507	1	886578	0.0000011
all	4510	1	886578	0.0000011
all	4511	1	886578	0.0000011
all	4513	1	886578	0.0000011
all	4514	1	886578	0.0000011
all	4517	1	886578	0.0000011
all	4520	1	886578	0.0000011
all	4523	1	886578	0.0000011
all	4528	1	886578	0.0000011
all	4529	1	886578	0.0000011
all	4538	1	886578	0.0000011
all	4539	1	886578	0.0000011
all	4542	1	886578	0.0000011
all	4544	1	886578	0.0000011
all	4549	1	886578	0.0000011
all	4555	1	886578	0.0000011
all	4556	1	886578	0.0000011
all	4565	3	886578	0.0000034
all	4566	1	886578	0.0000011
all	4569	1	886578	0.0000011
all	4576	1	886578	0.0000011
all	4577	1	886578	0.0000011
all	4580	1	886578	0.0000011
all	4584	1	886578	0.0000011
all	4585	1	886578	0.0000011
all	4586	1	886578	0.0000011
all	4587	2	886578	0.0000023
all	4590	1	886578	0.0000011
all	4594	1	886578	0.0000011
all	4599	1	886578	0.0000011
all	4601	1	886578	0.0000011
all	4604	1	886578	0.0000011
all	4606	1	886578	0.0000011
all	4608	1	886578	0.0000011
all	4610	1	886578	0.0000011
all	4612	1	886578	0.0000011
all	4622	1	886578	0.0000011
all	4624	2	886578	0.0000023
all	4626	1	886578	0.0000011
all	4629	2	886578	0.0000023
all	4631	1	886578	0.0000011
all	4652	2	886578	0.0000023
all	4653	1	886578	0.0000011
all	4654	1	886578	0.0000011
all	4659	1	886578	0.0000011
all	4667	1	886578	0.0000011
all	4670	1	886578	0.0000011
all	4671	1	886578	0.0000011
all	4674	1	886578	0.0000011
all	4676	1	886578	0.0000011
all	4678	2	886578	0.0000023
all	4681	1	886578	0.0000011
all	4686	1	886578	0.0000011
all	4695	1	886578	0.0000011
all	4697	1	886578	0.0000011
all	4698	1	886578	0.0000011
all	4702	2	886578	0.0000023
all	4705	1	886578	0.0000011
all	4706	2	886578	0.0000023
all	4708	2	886578	0.0000023
all	4710	1	886578	0.0000011
all	4711	1	886578	0.0000011
all	4714	1	886578	0.0000011
all	4715	2	886578	0.0000023
all	4723	1	886578	0.0000011
all	4727	1	886578	0.0000011
all	4730	1	886578	0.0000011
all	4731	1	886578	0.0000011
all	4732	2	886578	0.0000023
all	4735	1	886578	0.0000011
all	4739	2	886578	0.0000023
all	4741	2	886578	0.0000023
all	4743	3	886578	0.0000034
all	4744	1	886578	0.0000011
all	4745	1	886578	0.0000011
all	4747	1	886578	0.0000011
all	4749	4	886578	0.0000045
all	4752	8	886578	0.0000090
all	4753	3	886578	0.0000034
all	4754	1	886578	0.0000011
all	4755	1	886578	0.0000011
all	4757	1	886578	0.0000011
all	4758	2	886578	0.0000023
all	4759	1	886578	0.0000011
all	4760	1	886578	0.0000011
all	4761	3	886578	0.0000034
all	4762	2	886578	0.0000023
all	4765	4	886578	0.0000045
all	4766	2	886578	0.0000023
all	4768	1	886578	0.0000011
all	4769	2	886578	0.0000023
all	4770	1	886578	0.0000011
all	4771	3	886578	0.0000034
all	4772	2	886578	0.0000023
all	4773	1	886578	0.0000011
all	4774	3	886578	0.0000034
all	4777	1	886578	0.0000011
all	4778	2	886578	0.0000023
all	4781	1	886578	0.0000011
all	4782	1	886578	0.0000011
all	4783	2	886578	0.0000023
all	4785	1	886578	0.0000011
all	4786	1	886578	0.0000011
all	4787	1	886578	0.0000011
all	4789	1	886578	0.0000011
all	4794	1	886578	0.0000011
all	4795	1	886578	0.0000011
all	4797	1	886578	0.0000011
all	4803	2	886578	0.0000023
all	4806	1	886578	0.0000011
all	4812	1	886578	0.0000011
all	4813	1	886578	0.0000011
all	4814	1	886578	0.0000011
all	4816	1	886578	0.0000011
all	4819	1	886578	0.0000011
all	4820	1	886578	0.0000011
all	4821	2	886578	0.0000023
all	4822	1	886578	0.0000011
all	4824	1	886578	0.0000011
all	4826	1	886578	0.0000011
all	4827	1	886578	0.0000011
all	4829	1	886578	0.0000011
all	4833	1	886578	0.0000011
all	4837	1	886578	0.0000011
all	4841	1	886578	0.0000011
all	4843	1	886578	0.0000011
all	4847	1	886578	0.0000011
all	4850	1	886578	0.0000011
all	4854	1	886578	0.0000011
all	4855	1	886578	0.0000011
all	4861	1	886578	0.0000011
all	4866	1	886578	0.0000011
all	4869	1	886578	0.0000011
all	4870	2	886578	0.0000023
all	4874	1	886578	0.0000011
all	4875	1	886578	0.0000011
all	4879	1	886578	0.0000011
all	4881	1	886578	0.0000011
all	4883	1	886578	0.0000011
all	4884	1	886578	0.0000011
all	4887	1	886578	0.0000011
all	4893	1	886578	0.0000011
all	4896	1	886578	0.0000011
all	4898	1	886578	0.0000011
all	4904	1	886578	0.0000011
all	4905	1	886578	0.0000011
all	4914	1	886578	0.0000011
all	4915	1	886578	0.0000011
all	4920	1	886578	0.0000011
all	4931	1	886578	0.0000011
all	4941	1	886578	0.0000011
all	4947	1	886578	0.0000011
all	4952	1	886578	0.0000011
all	4953	1	886578	0.0000011
all	4955	1	886578	0.0000011
all	4956	1	886578	0.0000011
all	4971	2	886578	0.0000023
all	4979	1	886578	0.0000011
all	4982	1	886578	0.0000011
all	4983	1	886578	0.0000011
all	4987	1	886578	0.0000011
all	4991	1	886578	0.0000011
all	4999	1	886578	0.0000011
all	5002	1	886578	0.0000011
all	5004	2	886578	0.0000023
all	5024	1	886578	0.0000011
all	5027	1	886578	0.0000011
all	5031	1	886578	0.0000011
all	5033	1	886578	0.0000011
all	5037	2	886578	0.0000023
all	5038	1	886578	0.0000011
all	5041	1	886578	0.0000011
all	5045	1	886578	0.0000011
all	5046	1	886578	0.0000011
all	5051	1	886578	0.0000011
all	5056	2	886578	0.0000023
all	5062	1	886578	0.0000011
all	5064	1	886578	0.0000011
all	5066	1	886578	0.0000011
all	5069	2	886578	0.0000023
all	5075	1	886578	0.0000011
all	5077	1	886578	0.0000011
all	5078	1	886578	0.0000011
all	5080	1	886578	0.0000011
all	5083	1	886578	0.0000011
all	5084	1	886578	0.0000011
all	5085	1	886578	0.0000011
all	5089	1	886578	0.0000011
all	5093	1	886578	0.0000011
all	5094	1	886578	0.0000011
all	5095	1	886578	0.0000011
all	5096	1	886578	0.0000011
all	5098	1	886578	0.0000011
all	5100	1	886578	0.0000011
all	5101	1	886578	0.0000011
all	5102	1	886578	0.0000011
all	5104	1	886578	0.0000011
all	5108	1	886578	0.0000011
all	5109	1	886578	0.0000011
all	5119	1	886578	0.0000011
all	5123	2	886578	0.0000023
all	5126	1	886578	0.0000011
all	5127	2	886578	0.0000023
all	5131	1	886578	0.0000011
all	5134	1	886578	0.0000011
all	5137	1	886578	0.0000011
all	5141	1	886578	0.0000011
all	5143	1	886578	0.0000011
all	5144	1	886578	0.0000011
all	5155	1	886578	0.0000011
all	5156	1	886578	0.0000011
all	5160	1	886578	0.0000011
all	5161	2	886578	0.0000023
all	5162	1	886578	0.0000011
all	5171	2	886578	0.0000023
all	5172	2	886578	0.0000023
all	5174	1	886578	0.0000011
all	5175	1	886578	0.0000011
all	5182	1	886578	0.0000011
all	5185	1	886578	0.0000011
all	5189	1	886578	0.0000011
all	5190	2	886578	0.0000023
all	5191	1	886578	0.0000011
all	5192	1	886578	0.0000011
all	5196	2	886578	0.0000023
all	5199	1	886578	0.0000011
all	5200	1	886578	0.0000011
all	5202	1	886578	0.0000011
all	5205	4	886578	0.0000045
all	5206	2	886578	0.0000023
all	5207	1	886578	0.0000011
all	5209	1	886578	0.0000011
all	5210	3	886578	0.0000034
all	5214	1	886578	0.0000011
all	5231	1	886578	0.0000011
all	5238	2	886578	0.0000023
all	5241	1	886578	0.0000011
all	5245	1	886578	0.0000011
all	5248	1	886578	0.0000011
all	5251	1	886578	0.0000011
all	5252	1	886578	0.0000011
all	5259	1	886578	0.0000011
all	5279	1	886578	0.0000011
all	5284	1	886578	0.0000011
all	5288	1	886578	0.0000011
all	5294	1	886578	0.0000011
all	5298	1	886578	0.0000011
all	5306	1	886578	0.0000011
all	5308	1	886578	0.0000011
all	5309	1	886578	0.0000011
all	5312	1	886578	0.0000011
all	5314	1	886578	0.0000011
all	5317	1	886578	0.0000011
all	5319	1	886578	0.0000011
all	5322	1	886578	0.0000011
all	5328	1	886578	0.0000011
all	5330	1	886578	0.0000011
all	5336	1	886578	0.0000011
all	5342	2	886578	0.0000023
all	5343	1	886578	0.0000011
all	5352	2	886578	0.0000023
all	5354	1	886578	0.0000011
all	5360	1	886578	0.0000011
all	5363	1	886578	0.0000011
all	5369	1	886578	0.0000011
all	5370	1	886578	0.0000011
all	5371	1	886578	0.0000011
all	5374	2	886578	0.0000023
all	5382	1	886578	0.0000011
all	5383	1	886578	0.0000011
all	5385	1	886578	0.0000011
all	5386	1	886578	0.0000011
all	5411	1	886578	0.0000011
all	5416	1	886578	0.0000011
all	5422	1	886578	0.0000011
all	5452	2	886578	0.0000023
all	5477	1	886578	0.0000011
all	5487	1	886578	0.0000011
all	5503	1	886578	0.0000011
all	5527	1	886578	0.0000011
all	5534	1	886578	0.0000011
all	5536	1	886578	0.0000011
all	5554	1	886578	0.0000011
all	5564	2	886578	0.0000023
all	5578	1	886578	0.0000011
all	5580	1	886578	0.0000011
all	5591	1	886578	0.0000011
all	5612	1	886578	0.0000011
all	5626	1	886578	0.0000011
all	5630	2	886578	0.0000023
all	5639	1	886578	0.0000011
all	5640	1	886578	0.0000011
all	5643	1	886578	0.0000011
all	5652	1	886578	0.0000011
all	5680	1	886578	0.0000011
all	5693	1	886578	0.0000011
all	5702	1	886578	0.0000011
all	5729	1	886578	0.0000011
all	5733	1	886578	0.0000011
all	5734	1	886578	0.0000011
all	5735	1	886578	0.0000011
all	5746	1	886578	0.0000011
all	5753	1	886578	0.0000011
all	5767	1	886578	0.0000011
all	5772	1	886578	0.0000011
all	5784	1	886578	0.0000011
all	5795	1	886578	0.0000011
all	5801	1	886578	0.0000011
all	5806	1	886578	0.0000011
all	5823	1	886578	0.0000011
all	5825	1	886578	0.0000011
all	5826	1	886578	0.0000011
all	5830	3	886578	0.0000034
all	5833	1	886578	0.0000011
all	5835	1	886578	0.0000011
all	5836	1	886578	0.0000011
all	5841	1	886578	0.0000011
all	5851	1	886578	0.0000011
all	5853	1	886578	0.0000011
all	5854	1	886578	0.0000011
all	5858	2	886578	0.0000023
all	5859	2	886578	0.0000023
all	5861	1	886578	0.0000011
all	5867	1	886578	0.0000011
all	5869	1	886578	0.0000011
all	5870	2	886578	0.0000023
all	5871	2	886578	0.0000023
all	5873	1	886578	0.0000011
all	5874	1	886578	0.0000011
all	5876	1	886578	0.0000011
all	5877	1	886578	0.0000011
all	5879	1	886578	0.0000011
all	5907	1	886578	0.0000011
all	5916	1	886578	0.0000011
all	5928	1	886578	0.0000011
all	5933	1	886578	0.0000011
all	5985	1	886578	0.0000011
all	5987	1	886578	0.0000011
all	5997	1	886578	0.0000011
all	6055	1	886578	0.0000011
all	6099	1	886578	0.0000011
all	6104	1	886578	0.0000011
all	6109	1	886578	0.0000011
all	6165	1	886578	0.0000011
all	6186	1	886578	0.0000011
all	6208	1	886578	0.0000011
all	6237	1	886578	0.0000011
all	6294	1	886578	0.0000011
all	6343	1	886578	0.0000011
all	6351	1	886578	0.0000011
all	6354	1	886578	0.0000011
all	6413	1	886578	0.0000011
all	6414	1	886578	0.0000011
all	6490	1	886578	0.0000011
all	6524	1	886578	0.0000011
all	6537	1	886578	0.0000011
all	6548	1	886578	0.0000011
all	6615	1	886578	0.0000011
all	6618	1	886578	0.0000011
all	6656	1	886578	0.0000011
all	6693	1	886578	0.0000011
all	6694	1	886578	0.0000011
all	6698	1	886578	0.0000011
all	6726	1	886578	0.0000011
all	6733	1	886578	0.0000011
all	6796	1	886578	0.0000011
all	6807	1	886578	0.0000011
all	6813	1	886578	0.0000011
all	6816	1	886578	0.0000011
all	6890	1	886578	0.0000011
all	6916	1	886578	0.0000011
all	6921	1	886578	0.0000011
all	6924	1	886578	0.0000011
all	6968	1	886578	0.0000011
all	7004	1	886578	0.0000011
all	7020	1	886578	0.0000011
all	7030	1	886578	0.0000011
all	7040	1	886578	0.0000011
all	7048	1	886578	0.0000011
all	7057	1	886578	0.0000011
all	7084	1	886578	0.0000011
all	7128	1	886578	0.0000011
all	7177	1	886578	0.0000011
all	7231	1	886578	0.0000011
all	7245	1	886578	0.0000011
all	7288	1	886578	0.0000011
all	7304	1	886578	0.0000011
all	7321	1	886578	0.0000011
all	7338	1	886578	0.0000011
all	7339	1	886578	0.0000011
all	7346	1	886578	0.0000011
all	7352	1	886578	0.0000011
all	7386	1	886578	0.0000011
all	7400	1	886578	0.0000011
all	7454	1	886578	0.0000011
all	7474	1	886578	0.0000011
all	7478	1	886578	0.0000011
all	7489	1	886578	0.0000011
all	7514	1	886578	0.0000011
all	7515	1	886578	0.0000011
all	7526	1	886578	0.0000011
all	7544	1	886578	0.0000011
all	7606	1	886578	0.0000011
all	7613	2	886578	0.0000023
all	7631	1	886578	0.0000011
all	7666	1	886578	0.0000011
all	7668	1	886578	0.0000011
all	7684	1	886578	0.0000011
all	7726	1	886578	0.0000011
all	7752	1	886578	0.0000011
all	7753	1	886578	0.0000011
all	7766	1	886578	0.0000011
all	7772	1	886578	0.0000011
all	7778	1	886578	0.0000011
all	7800	2	886578	0.0000023
all	7839	1	886578	0.0000011
all	7856	1	886578	0.0000011
all	7867	1	886578	0.0000011
all	7880	1	886578	0.0000011
all	7903	1	886578	0.0000011
all	7940	1	886578	0.0000011
all	7947	1	886578	0.0000011
all	7965	1	886578	0.0000011
all	7970	1	886578	0.0000011
all	7991	1	886578	0.0000011
all	8000	1	886578	0.0000011
all	8003	1	886578	0.0000011
all	8010	1	886578	0.0000011
all	8053	1	886578	0.0000011
all	8055	1	886578	0.0000011
all	8059	1	886578	0.0000011
all	8073	1	886578	0.0000011
all	8074	1	886578	0.0000011
all	8075	1	886578	0.0000011
all	8077	1	886578	0.0000011
all	8094	1	886578	0.0000011
all	8101	1	886578	0.0000011
all	8102	1	886578	0.0000011
all	8103	1	886578	0.0000011
all	8118	1	886578	0.0000011
all	8119	1	886578	0.0000011
all	8125	1	886578	0.0000011
all	8133	1	886578	0.0000011
all	8141	1	886578	0.0000011
all	8142	1	886578	0.0000011
all	8174	1	886578	0.0000011
all	8178	1	886578	0.0000011
all	8179	1	886578	0.0000011
all	8183	1	886578	0.0000011
all	8187	1	886578	0.0000011
all	8190	1	886578	0.0000011
all	8212	1	886578	0.0000011
all	8220	1	886578	0.0000011
all	8229	1	886578	0.0000011
all	8235	1	886578	0.0000011
all	8256	1	886578	0.0000011
all	8257	1	886578	0.0000011
all	8264	2	886578	0.0000023
all	8285	1	886578	0.0000011
all	8293	1	886578	0.0000011
all	8304	1	886578	0.0000011
all	8321	1	886578	0.0000011
all	8327	2	886578	0.0000023
all	8335	1	886578	0.0000011
all	8345	1	886578	0.0000011
all	8358	1	886578	0.0000011
all	8362	1	886578	0.0000011
all	8383	1	886578	0.0000011
all	8396	1	886578	0.0000011
all	8402	1	886578	0.0000011
all	8404	1	886578	0.0000011
all	8410	1	886578	0.0000011
all	8411	1	886578	0.0000011
all	8414	1	886578	0.0000011
all	8416	2	886578	0.0000023
all	8419	1	886578	0.0000011
all	8423	2	886578	0.0000023
all	8425	1	886578	0.0000011
all	8426	1	886578	0.0000011
all	8439	1	886578	0.0000011
all	8442	1	886578	0.0000011
all	8446	1	886578	0.0000011
all	8447	1	886578	0.0000011
all	8448	1	886578	0.0000011
all	8450	1	886578	0.0000011
all	8455	1	886578	0.0000011
all	8495	1	886578	0.0000011
all	8515	1	886578	0.0000011
all	8516	1	886578	0.0000011
all	8522	1	886578	0.0000011
all	8543	1	886578	0.0000011
all	8548	1	886578	0.0000011
all	8555	2	886578	0.0000023
all	8560	1	886578	0.0000011
all	8584	1	886578	0.0000011
all	8589	1	886578	0.0000011
all	8593	1	886578	0.0000011
all	8601	1	886578	0.0000011
all	8609	1	886578	0.0000011
all	8610	1	886578	0.0000011
all	8611	1	886578	0.0000011
all	8617	1	886578	0.0000011
all	8625	1	886578	0.0000011
all	8643	1	886578	0.0000011
all	8647	1	886578	0.0000011
all	8649	1	886578	0.0000011
all	8660	1	886578	0.0000011
all	8661	1	886578	0.0000011
all	8662	1	886578	0.0000011
all	8663	2	886578	0.0000023
all	8669	1	886578	0.0000011
all	8672	1	886578	0.0000011
all	8679	1	886578	0.0000011
all	8680	1	886578	0.0000011
all	8681	1	886578	0.0000011
all	8684	1	886578	0.0000011
all	8688	1	886578	0.0000011
all	8690	2	886578	0.0000023
all	8895	1	886578	0.0000011
all	8945	1	886578	0.0000011
all	9037	1	886578	0.0000011
all	9186	1	886578	0.0000011
all	9406	1	886578	0.0000011
all	9482	1	886578	0.0000011
all	9548	1	886578	0.0000011
all	9666	1	886578	0.0000011
all	9855	1	886578	0.0000011
all	10009	1	886578	0.0000011
all	10290	1	886578	0.0000011
all	10679	1	886578	0.0000011
all	10812	1	886578	0.0000011
all	11330	1	886578	0.0000011
all	11548	1	886578	0.0000011
all	11661	1	886578	0.0000011
all	11761	1	886578	0.0000011
all	11976	1	886578	0.0000011
all	11980	1	886578	0.0000011
all	12151	1	886578	0.0000011
all	12171	1	886578	0.0000011
all	12483	1	886578	0.0000011
all	12527	1	886578	0.0000011
all	12583	1	886578	0.0000011
all	12633	1	886578	0.0000011
all	12696	1	886578	0.0000011
all	12718	1	886578	0.0000011
all	12786	1	886578	0.0000011
all	13021	1	886578	0.0000011
all	13068	1	886578	0.0000011
all	13186	1	886578	0.0000011
all	13218	1	886578	0.0000011
all	13314	1	886578	0.0000011
all	13345	1	886578	0.0000011
all	13366	1	886578	0.0000011
all	13521	1	886578	0.0000011
all	13595	1	886578	0.0000011
all	13652	1	886578	0.0000011
all	13705	1	886578	0.0000011
all	13736	1	886578	0.0000011
all	13809	1	886578	0.0000011
all	13926	1	886578	0.0000011
all	13971	1	886578	0.0000011
all	14085	1	886578	0.0000011
all	14183	1	886578	0.0000011
all	14318	1	886578	0.0000011
all	14344	1	886578	0.0000011
all	14447	1	886578	0.0000011
all	14473	1	886578	0.0000011
all	14542	1	886578	0.0000011
all	14584	1	886578	0.0000011
all	14616	1	886578	0.0000011
all	14660	1	886578	0.0000011
all	14745	1	886578	0.0000011
all	14772	1	886578	0.0000011
all	14790	1	886578	0.0000011
all	14798	1	886578	0.0000011
all	14830	1	886578	0.0000011
all	14925	1	886578	0.0000011
all	14993	2	886578	0.0000023
all	15054	1	886578	0.0000011
all	15078	1	886578	0.0000011
all	15111	1	886578	0.0000011
all	15159	1	886578	0.0000011
all	15215	1	886578	0.0000011
all	15248	1	886578	0.0000011
all	15290	1	886578	0.0000011
all	15325	1	886578	0.0000011
all	15342	1	886578	0.0000011
all	15430	1	886578	0.0000011
all	15477	1	886578	0.0000011
all	15493	1	886578	0.0000011
all	15521	1	886578	0.0000011
all	15527	1	886578	0.0000011
all	15561	1	886578	0.0000011
all	15593	1	886578	0.0000011
all	15643	1	886578	0.0000011
all	15693	1	886578	0.0000011
all	15724	1	886578	0.0000011
all	15758	1	886578	0.0000011
all	15780	1	886578	0.0000011
all	15840	1	886578	0.0000011
all	15852	1	886578	0.0000011
all	15876	1	886578	0.0000011
all	15882	1	886578	0.0000011
all	15892	1	886578	0.0000011
all	15939	1	886578	0.0000011
all	15942	1	886578	0.0000011
all	15959	1	886578	0.0000011
all	15996	1	886578	0.0000011
all	16016	1	886578	0.0000011
all	16041	1	886578	0.0000011
all	16077	1	886578	0.0000011
all	16093	1	886578	0.0000011
all	16122	1	886578	0.0000011
all	16143	1	886578	0.0000011
all	16149	1	886578	0.0000011
all	16154	1	886578	0.0000011
all	16162	1	886578	0.0000011
all	16175	1	886578	0.0000011
all	16179	1	886578	0.0000011
all	16185	1	886578	0.0000011
all	16187	1	886578	0.0000011
all	16200	1	886578	0.0000011
all	16215	1	886578	0.0000011
