all	0	5443	886578	0.0061393
all	1	1611	886578	0.0018171
all	2	2549	886578	0.0028751
all	3	1669	886578	0.0018825
all	4	2541	886578	0.0028661
all	5	2246	886578	0.0025333
all	6	2183	886578	0.0024623
all	7	2621	886578	0.0029563
all	8	2655	886578	0.0029947
all	9	2890	886578	0.0032597
all	10	3287	886578	0.0037075
all	11	3548	886578	0.0040019
all	12	4498	886578	0.0050734
all	13	4904	886578	0.0055314
all	14	4224	886578	0.0047644
all	15	4726	886578	0.0053306
all	16	4254	886578	0.0047982
all	17	4371	886578	0.0049302
all	18	4834	886578	0.0054524
all	19	5172	886578	0.0058337
all	20	5400	886578	0.0060908
all	21	5596	886578	0.0063119
all	22	5910	886578	0.0066661
all	23	5756	886578	0.0064924
all	24	5903	886578	0.0066582
all	25	5755	886578	0.0064913
all	26	6450	886578	0.0072752
all	27	5612	886578	0.0063300
all	28	5945	886578	0.0067056
all	29	6345	886578	0.0071567
all	30	6170	886578	0.0069593
all	31	6549	886578	0.0073868
all	32	6448	886578	0.0072729
all	33	7220	886578	0.0081437
all	34	6562	886578	0.0074015
all	35	6744	886578	0.0076068
all	36	7041	886578	0.0079418
all	37	6955	886578	0.0078448
all	38	7120	886578	0.0080309
all	39	7086	886578	0.0079925
all	40	7015	886578	0.0079124
all	41	7057	886578	0.0079598
all	42	7269	886578	0.0081989
all	43	7304	886578	0.0082384
all	44	7204	886578	0.0081256
all	45	7481	886578	0.0084381
all	46	7434	886578	0.0083850
all	47	7519	886578	0.0084809
all	48	7949	886578	0.0089659
all	49	7409	886578	0.0083569
all	50	7183	886578	0.0081019
all	51	7522	886578	0.0084843
all	52	7332	886578	0.0082700
all	53	7639	886578	0.0086163
all	54	6973	886578	0.0078651
all	55	7247	886578	0.0081741
all	56	6978	886578	0.0078707
all	57	7227	886578	0.0081516
all	58	6719	886578	0.0075786
all	59	6889	886578	0.0077703
all	60	7168	886578	0.0080850
all	61	7035	886578	0.0079350
all	62	6924	886578	0.0078098
all	63	7023	886578	0.0079215
all	64	6787	886578	0.0076553
all	65	6606	886578	0.0074511
all	66	6502	886578	0.0073338
all	67	6369	886578	0.0071838
all	68	6340	886578	0.0071511
all	69	6420	886578	0.0072413
all	70	6327	886578	0.0071364
all	71	6124	886578	0.0069075
all	72	6123	886578	0.0069063
all	73	6162	886578	0.0069503
all	74	5968	886578	0.0067315
all	75	6185	886578	0.0069763
all	76	5829	886578	0.0065747
all	77	6035	886578	0.0068071
all	78	6021	886578	0.0067913
all	79	5745	886578	0.0064800
all	80	5975	886578	0.0067394
all	81	5740	886578	0.0064743
all	82	5624	886578	0.0063435
all	83	5409	886578	0.0061010
all	84	5342	886578	0.0060254
all	85	5288	886578	0.0059645
all	86	5262	886578	0.0059352
all	87	5400	886578	0.0060908
all	88	5255	886578	0.0059273
all	89	5084	886578	0.0057344
all	90	4953	886578	0.0055866
all	91	5073	886578	0.0057220
all	92	4994	886578	0.0056329
all	93	5001	886578	0.0056408
all	94	4712	886578	0.0053148
all	95	4720	886578	0.0053238
all	96	4765	886578	0.0053746
all	97	4413	886578	0.0049776
all	98	4543	886578	0.0051242
all	99	4679	886578	0.0052776
all	100	4576	886578	0.0051614
all	101	4450	886578	0.0050193
all	102	4338	886578	0.0048930
all	103	4227	886578	0.0047678
all	104	4130	886578	0.0046584
all	105	4277	886578	0.0048242
all	106	3968	886578	0.0044756
all	107	3825	886578	0.0043143
all	108	3962	886578	0.0044689
all	109	3861	886578	0.0043549
all	110	3925	886578	0.0044271
all	111	3725	886578	0.0042015
all	112	3660	886578	0.0041282
all	113	3740	886578	0.0042185
all	114	3621	886578	0.0040842
all	115	3563	886578	0.0040188
all	116	3552	886578	0.0040064
all	117	3575	886578	0.0040324
all	118	3307	886578	0.0037301
all	119	3292	886578	0.0037132
all	120	3292	886578	0.0037132
all	121	3219	886578	0.0036308
all	122	3262	886578	0.0036793
all	123	3140	886578	0.0035417
all	124	3118	886578	0.0035169
all	125	3140	886578	0.0035417
all	126	2903	886578	0.0032744
all	127	2919	886578	0.0032924
all	128	2711	886578	0.0030578
all	129	2661	886578	0.0030014
all	130	2702	886578	0.0030477
all	131	2695	886578	0.0030398
all	132	2695	886578	0.0030398
all	133	2473	886578	0.0027894
all	134	2413	886578	0.0027217
all	135	2564	886578	0.0028920
all	136	2457	886578	0.0027713
all	137	2357	886578	0.0026585
all	138	2359	886578	0.0026608
all	139	2226	886578	0.0025108
all	140	2295	886578	0.0025886
all	141	2248	886578	0.0025356
all	142	2267	886578	0.0025570
all	143	2197	886578	0.0024781
all	144	2003	886578	0.0022592
all	145	2097	886578	0.0023653
all	146	2075	886578	0.0023405
all	147	2197	886578	0.0024781
all	148	2039	886578	0.0022999
all	149	1906	886578	0.0021498
all	150	1957	886578	0.0022074
all	151	1925	886578	0.0021713
all	152	1942	886578	0.0021904
all	153	1877	886578	0.0021171
all	154	1784	886578	0.0020122
all	155	1892	886578	0.0021340
all	156	1902	886578	0.0021453
all	157	1865	886578	0.0021036
all	158	1734	886578	0.0019558
all	159	1754	886578	0.0019784
all	160	1755	886578	0.0019795
all	161	1736	886578	0.0019581
all	162	1628	886578	0.0018363
all	163	1658	886578	0.0018701
all	164	1619	886578	0.0018261
all	165	1603	886578	0.0018081
all	166	1572	886578	0.0017731
all	167	1576	886578	0.0017776
all	168	1384	886578	0.0015611
all	169	1485	886578	0.0016750
all	170	1423	886578	0.0016050
all	171	1439	886578	0.0016231
all	172	1475	886578	0.0016637
all	173	1434	886578	0.0016175
all	174	1442	886578	0.0016265
all	175	1388	886578	0.0015656
all	176	1374	886578	0.0015498
all	177	1388	886578	0.0015656
all	178	1359	886578	0.0015329
all	179	1347	886578	0.0015193
all	180	1268	886578	0.0014302
all	181	1224	886578	0.0013806
all	182	1232	886578	0.0013896
all	183	1176	886578	0.0013264
all	184	1155	886578	0.0013028
all	185	1159	886578	0.0013073
all	186	1153	886578	0.0013005
all	187	1135	886578	0.0012802
all	188	1151	886578	0.0012983
all	189	1062	886578	0.0011979
all	190	1110	886578	0.0012520
all	191	1042	886578	0.0011753
all	192	1052	886578	0.0011866
all	193	1068	886578	0.0012046
all	194	1090	886578	0.0012294
all	195	992	886578	0.0011189
all	196	1010	886578	0.0011392
all	197	1054	886578	0.0011888
all	198	918	886578	0.0010354
all	199	897	886578	0.0010118
all	200	973	886578	0.0010975
all	201	842	886578	0.0009497
all	202	823	886578	0.0009283
all	203	914	886578	0.0010309
all	204	831	886578	0.0009373
all	205	840	886578	0.0009475
all	206	836	886578	0.0009430
all	207	775	886578	0.0008741
all	208	775	886578	0.0008741
all	209	729	886578	0.0008223
all	210	736	886578	0.0008302
all	211	651	886578	0.0007343
all	212	723	886578	0.0008155
all	213	714	886578	0.0008053
all	214	696	886578	0.0007850
all	215	704	886578	0.0007941
all	216	711	886578	0.0008020
all	217	710	886578	0.0008008
all	218	717	886578	0.0008087
all	219	703	886578	0.0007929
all	220	643	886578	0.0007253
all	221	697	886578	0.0007862
all	222	644	886578	0.0007264
all	223	680	886578	0.0007670
all	224	707	886578	0.0007974
all	225	632	886578	0.0007129
all	226	651	886578	0.0007343
all	227	601	886578	0.0006779
all	228	637	886578	0.0007185
all	229	606	886578	0.0006835
all	230	637	886578	0.0007185
all	231	631	886578	0.0007117
all	232	602	886578	0.0006790
all	233	532	886578	0.0006001
all	234	604	886578	0.0006813
all	235	603	886578	0.0006801
all	236	586	886578	0.0006610
all	237	511	886578	0.0005764
all	238	556	886578	0.0006271
all	239	543	886578	0.0006125
all	240	547	886578	0.0006170
all	241	489	886578	0.0005516
all	242	528	886578	0.0005955
all	243	474	886578	0.0005346
all	244	525	886578	0.0005922
all	245	439	886578	0.0004952
all	246	481	886578	0.0005425
all	247	421	886578	0.0004749
all	248	403	886578	0.0004546
all	249	419	886578	0.0004726
all	250	392	886578	0.0004421
all	251	429	886578	0.0004839
all	252	432	886578	0.0004873
all	253	459	886578	0.0005177
all	254	374	886578	0.0004218
all	255	439	886578	0.0004952
all	256	395	886578	0.0004455
all	257	404	886578	0.0004557
all	258	371	886578	0.0004185
all	259	389	886578	0.0004388
all	260	420	886578	0.0004737
all	261	409	886578	0.0004613
all	262	361	886578	0.0004072
all	263	455	886578	0.0005132
all	264	393	886578	0.0004433
all	265	428	886578	0.0004828
all	266	320	886578	0.0003609
all	267	387	886578	0.0004365
all	268	340	886578	0.0003835
all	269	358	886578	0.0004038
all	270	364	886578	0.0004106
all	271	359	886578	0.0004049
all	272	339	886578	0.0003824
all	273	342	886578	0.0003858
all	274	353	886578	0.0003982
all	275	320	886578	0.0003609
all	276	334	886578	0.0003767
all	277	329	886578	0.0003711
all	278	322	886578	0.0003632
all	279	312	886578	0.0003519
all	280	324	886578	0.0003655
all	281	314	886578	0.0003542
all	282	302	886578	0.0003406
all	283	304	886578	0.0003429
all	284	270	886578	0.0003045
all	285	302	886578	0.0003406
all	286	306	886578	0.0003451
all	287	270	886578	0.0003045
all	288	272	886578	0.0003068
all	289	313	886578	0.0003530
all	290	286	886578	0.0003226
all	291	264	886578	0.0002978
all	292	256	886578	0.0002888
all	293	328	886578	0.0003700
all	294	259	886578	0.0002921
all	295	268	886578	0.0003023
all	296	264	886578	0.0002978
all	297	281	886578	0.0003169
all	298	256	886578	0.0002888
all	299	270	886578	0.0003045
all	300	228	886578	0.0002572
all	301	234	886578	0.0002639
all	302	264	886578	0.0002978
all	303	226	886578	0.0002549
all	304	211	886578	0.0002380
all	305	228	886578	0.0002572
all	306	255	886578	0.0002876
all	307	211	886578	0.0002380
all	308	209	886578	0.0002357
all	309	221	886578	0.0002493
all	310	189	886578	0.0002132
all	311	215	886578	0.0002425
all	312	218	886578	0.0002459
all	313	235	886578	0.0002651
all	314	202	886578	0.0002278
all	315	190	886578	0.0002143
all	316	191	886578	0.0002154
all	317	201	886578	0.0002267
all	318	188	886578	0.0002121
all	319	219	886578	0.0002470
all	320	217	886578	0.0002448
all	321	188	886578	0.0002121
all	322	200	886578	0.0002256
all	323	193	886578	0.0002177
all	324	161	886578	0.0001816
all	325	176	886578	0.0001985
all	326	192	886578	0.0002166
all	327	179	886578	0.0002019
all	328	177	886578	0.0001996
all	329	160	886578	0.0001805
all	330	171	886578	0.0001929
all	331	157	886578	0.0001771
all	332	163	886578	0.0001839
all	333	188	886578	0.0002121
all	334	186	886578	0.0002098
all	335	191	886578	0.0002154
all	336	185	886578	0.0002087
all	337	186	886578	0.0002098
all	338	177	886578	0.0001996
all	339	187	886578	0.0002109
all	340	196	886578	0.0002211
all	341	196	886578	0.0002211
all	342	175	886578	0.0001974
all	343	177	886578	0.0001996
all	344	137	886578	0.0001545
all	345	152	886578	0.0001714
all	346	161	886578	0.0001816
all	347	145	886578	0.0001636
all	348	143	886578	0.0001613
all	349	158	886578	0.0001782
all	350	212	886578	0.0002391
all	351	166	886578	0.0001872
all	352	139	886578	0.0001568
all	353	160	886578	0.0001805
all	354	183	886578	0.0002064
all	355	142	886578	0.0001602
all	356	176	886578	0.0001985
all	357	136	886578	0.0001534
all	358	182	886578	0.0002053
all	359	166	886578	0.0001872
all	360	157	886578	0.0001771
all	361	173	886578	0.0001951
all	362	161	886578	0.0001816
all	363	168	886578	0.0001895
all	364	145	886578	0.0001636
all	365	126	886578	0.0001421
all	366	148	886578	0.0001669
all	367	151	886578	0.0001703
all	368	144	886578	0.0001624
all	369	176	886578	0.0001985
all	370	138	886578	0.0001557
all	371	157	886578	0.0001771
all	372	151	886578	0.0001703
all	373	138	886578	0.0001557
all	374	149	886578	0.0001681
all	375	145	886578	0.0001636
all	376	108	886578	0.0001218
all	377	135	886578	0.0001523
all	378	120	886578	0.0001354
all	379	148	886578	0.0001669
all	380	133	886578	0.0001500
all	381	121	886578	0.0001365
all	382	134	886578	0.0001511
all	383	133	886578	0.0001500
all	384	115	886578	0.0001297
all	385	123	886578	0.0001387
all	386	116	886578	0.0001308
all	387	132	886578	0.0001489
all	388	106	886578	0.0001196
all	389	90	886578	0.0001015
all	390	114	886578	0.0001286
all	391	101	886578	0.0001139
all	392	119	886578	0.0001342
all	393	123	886578	0.0001387
all	394	128	886578	0.0001444
all	395	125	886578	0.0001410
all	396	133	886578	0.0001500
all	397	118	886578	0.0001331
all	398	121	886578	0.0001365
all	399	105	886578	0.0001184
all	400	114	886578	0.0001286
all	401	95	886578	0.0001072
all	402	86	886578	0.0000970
all	403	104	886578	0.0001173
all	404	88	886578	0.0000993
all	405	91	886578	0.0001026
all	406	74	886578	0.0000835
all	407	79	886578	0.0000891
all	408	93	886578	0.0001049
all	409	106	886578	0.0001196
all	410	94	886578	0.0001060
all	411	91	886578	0.0001026
all	412	57	886578	0.0000643
all	413	74	886578	0.0000835
all	414	93	886578	0.0001049
all	415	74	886578	0.0000835
all	416	75	886578	0.0000846
all	417	103	886578	0.0001162
all	418	101	886578	0.0001139
all	419	71	886578	0.0000801
all	420	75	886578	0.0000846
all	421	72	886578	0.0000812
all	422	82	886578	0.0000925
all	423	68	886578	0.0000767
all	424	79	886578	0.0000891
all	425	86	886578	0.0000970
all	426	88	886578	0.0000993
all	427	78	886578	0.0000880
all	428	91	886578	0.0001026
all	429	89	886578	0.0001004
all	430	71	886578	0.0000801
all	431	76	886578	0.0000857
all	432	70	886578	0.0000790
all	433	71	886578	0.0000801
all	434	77	886578	0.0000869
all	435	86	886578	0.0000970
all	436	76	886578	0.0000857
all	437	74	886578	0.0000835
all	438	85	886578	0.0000959
all	439	80	886578	0.0000902
all	440	71	886578	0.0000801
all	441	71	886578	0.0000801
all	442	64	886578	0.0000722
all	443	81	886578	0.0000914
all	444	67	886578	0.0000756
all	445	62	886578	0.0000699
all	446	59	886578	0.0000665
all	447	59	886578	0.0000665
all	448	53	886578	0.0000598
all	449	59	886578	0.0000665
all	450	71	886578	0.0000801
all	451	56	886578	0.0000632
all	452	56	886578	0.0000632
all	453	46	886578	0.0000519
all	454	43	886578	0.0000485
all	455	47	886578	0.0000530
all	456	48	886578	0.0000541
all	457	50	886578	0.0000564
all	458	60	886578	0.0000677
all	459	42	886578	0.0000474
all	460	68	886578	0.0000767
all	461	60	886578	0.0000677
all	462	65	886578	0.0000733
all	463	62	886578	0.0000699
all	464	58	886578	0.0000654
all	465	60	886578	0.0000677
all	466	57	886578	0.0000643
all	467	36	886578	0.0000406
all	468	43	886578	0.0000485
all	469	44	886578	0.0000496
all	470	49	886578	0.0000553
all	471	55	886578	0.0000620
all	472	46	886578	0.0000519
all	473	48	886578	0.0000541
all	474	43	886578	0.0000485
all	475	69	886578	0.0000778
all	476	47	886578	0.0000530
all	477	44	886578	0.0000496
all	478	54	886578	0.0000609
all	479	60	886578	0.0000677
all	480	55	886578	0.0000620
all	481	41	886578	0.0000462
all	482	50	886578	0.0000564
all	483	58	886578	0.0000654
all	484	49	886578	0.0000553
all	485	53	886578	0.0000598
all	486	45	886578	0.0000508
all	487	36	886578	0.0000406
all	488	40	886578	0.0000451
all	489	50	886578	0.0000564
all	490	43	886578	0.0000485
all	491	43	886578	0.0000485
all	492	41	886578	0.0000462
all	493	51	886578	0.0000575
all	494	56	886578	0.0000632
all	495	52	886578	0.0000587
all	496	44	886578	0.0000496
all	497	43	886578	0.0000485
all	498	39	886578	0.0000440
all	499	30	886578	0.0000338
all	500	44	886578	0.0000496
all	501	43	886578	0.0000485
all	502	38	886578	0.0000429
all	503	38	886578	0.0000429
all	504	49	886578	0.0000553
all	505	27	886578	0.0000305
all	506	36	886578	0.0000406
all	507	59	886578	0.0000665
all	508	50	886578	0.0000564
all	509	43	886578	0.0000485
all	510	42	886578	0.0000474
all	511	39	886578	0.0000440
all	512	54	886578	0.0000609
all	513	48	886578	0.0000541
all	514	52	886578	0.0000587
all	515	38	886578	0.0000429
all	516	47	886578	0.0000530
all	517	28	886578	0.0000316
all	518	30	886578	0.0000338
all	519	42	886578	0.0000474
all	520	35	886578	0.0000395
all	521	35	886578	0.0000395
all	522	38	886578	0.0000429
all	523	46	886578	0.0000519
all	524	37	886578	0.0000417
all	525	49	886578	0.0000553
all	526	37	886578	0.0000417
all	527	37	886578	0.0000417
all	528	35	886578	0.0000395
all	529	46	886578	0.0000519
all	530	36	886578	0.0000406
all	531	35	886578	0.0000395
all	532	33	886578	0.0000372
all	533	50	886578	0.0000564
all	534	41	886578	0.0000462
all	535	51	886578	0.0000575
all	536	47	886578	0.0000530
all	537	52	886578	0.0000587
all	538	40	886578	0.0000451
all	539	47	886578	0.0000530
all	540	36	886578	0.0000406
all	541	47	886578	0.0000530
all	542	41	886578	0.0000462
all	543	32	886578	0.0000361
all	544	35	886578	0.0000395
all	545	41	886578	0.0000462
all	546	34	886578	0.0000383
all	547	44	886578	0.0000496
all	548	33	886578	0.0000372
all	549	34	886578	0.0000383
all	550	42	886578	0.0000474
all	551	29	886578	0.0000327
all	552	41	886578	0.0000462
all	553	36	886578	0.0000406
all	554	32	886578	0.0000361
all	555	42	886578	0.0000474
all	556	39	886578	0.0000440
all	557	37	886578	0.0000417
all	558	32	886578	0.0000361
all	559	38	886578	0.0000429
all	560	45	886578	0.0000508
all	561	24	886578	0.0000271
all	562	41	886578	0.0000462
all	563	23	886578	0.0000259
all	564	32	886578	0.0000361
all	565	39	886578	0.0000440
all	566	37	886578	0.0000417
all	567	27	886578	0.0000305
all	568	30	886578	0.0000338
all	569	31	886578	0.0000350
all	570	27	886578	0.0000305
all	571	28	886578	0.0000316
all	572	29	886578	0.0000327
all	573	24	886578	0.0000271
all	574	32	886578	0.0000361
all	575	24	886578	0.0000271
all	576	24	886578	0.0000271
all	577	29	886578	0.0000327
all	578	29	886578	0.0000327
all	579	21	886578	0.0000237
all	580	15	886578	0.0000169
all	581	27	886578	0.0000305
all	582	26	886578	0.0000293
all	583	29	886578	0.0000327
all	584	25	886578	0.0000282
all	585	26	886578	0.0000293
all	586	23	886578	0.0000259
all	587	24	886578	0.0000271
all	588	21	886578	0.0000237
all	589	32	886578	0.0000361
all	590	24	886578	0.0000271
all	591	20	886578	0.0000226
all	592	24	886578	0.0000271
all	593	21	886578	0.0000237
all	594	26	886578	0.0000293
all	595	27	886578	0.0000305
all	596	24	886578	0.0000271
all	597	29	886578	0.0000327
all	598	23	886578	0.0000259
all	599	21	886578	0.0000237
all	600	28	886578	0.0000316
all	601	25	886578	0.0000282
all	602	27	886578	0.0000305
all	603	40	886578	0.0000451
all	604	26	886578	0.0000293
all	605	22	886578	0.0000248
all	606	36	886578	0.0000406
all	607	23	886578	0.0000259
all	608	25	886578	0.0000282
all	609	20	886578	0.0000226
all	610	23	886578	0.0000259
all	611	25	886578	0.0000282
all	612	30	886578	0.0000338
all	613	21	886578	0.0000237
all	614	34	886578	0.0000383
all	615	28	886578	0.0000316
all	616	22	886578	0.0000248
all	617	20	886578	0.0000226
all	618	27	886578	0.0000305
all	619	32	886578	0.0000361
all	620	21	886578	0.0000237
all	621	21	886578	0.0000237
all	622	32	886578	0.0000361
all	623	23	886578	0.0000259
all	624	22	886578	0.0000248
all	625	19	886578	0.0000214
all	626	27	886578	0.0000305
all	627	17	886578	0.0000192
all	628	13	886578	0.0000147
all	629	15	886578	0.0000169
all	630	16	886578	0.0000180
all	631	15	886578	0.0000169
all	632	23	886578	0.0000259
all	633	17	886578	0.0000192
all	634	12	886578	0.0000135
all	635	15	886578	0.0000169
all	636	21	886578	0.0000237
all	637	11	886578	0.0000124
all	638	19	886578	0.0000214
all	639	30	886578	0.0000338
all	640	19	886578	0.0000214
all	641	18	886578	0.0000203
all	642	33	886578	0.0000372
all	643	13	886578	0.0000147
all	644	18	886578	0.0000203
all	645	19	886578	0.0000214
all	646	15	886578	0.0000169
all	647	18	886578	0.0000203
all	648	18	886578	0.0000203
all	649	13	886578	0.0000147
all	650	12	886578	0.0000135
all	651	26	886578	0.0000293
all	652	14	886578	0.0000158
all	653	22	886578	0.0000248
all	654	13	886578	0.0000147
all	655	15	886578	0.0000169
all	656	19	886578	0.0000214
all	657	16	886578	0.0000180
all	658	25	886578	0.0000282
all	659	22	886578	0.0000248
all	660	17	886578	0.0000192
all	661	24	886578	0.0000271
all	662	20	886578	0.0000226
all	663	19	886578	0.0000214
all	664	15	886578	0.0000169
all	665	26	886578	0.0000293
all	666	24	886578	0.0000271
all	667	31	886578	0.0000350
all	668	19	886578	0.0000214
all	669	23	886578	0.0000259
all	670	23	886578	0.0000259
all	671	28	886578	0.0000316
all	672	16	886578	0.0000180
all	673	20	886578	0.0000226
all	674	16	886578	0.0000180
all	675	14	886578	0.0000158
all	676	13	886578	0.0000147
all	677	10	886578	0.0000113
all	678	21	886578	0.0000237
all	679	20	886578	0.0000226
all	680	11	886578	0.0000124
all	681	24	886578	0.0000271
all	682	9	886578	0.0000102
all	683	21	886578	0.0000237
all	684	21	886578	0.0000237
all	685	16	886578	0.0000180
all	686	15	886578	0.0000169
all	687	10	886578	0.0000113
all	688	18	886578	0.0000203
all	689	15	886578	0.0000169
all	690	24	886578	0.0000271
all	691	24	886578	0.0000271
all	692	23	886578	0.0000259
all	693	27	886578	0.0000305
all	694	14	886578	0.0000158
all	695	20	886578	0.0000226
all	696	18	886578	0.0000203
all	697	19	886578	0.0000214
all	698	24	886578	0.0000271
all	699	18	886578	0.0000203
all	700	8	886578	0.0000090
all	701	20	886578	0.0000226
all	702	11	886578	0.0000124
all	703	21	886578	0.0000237
all	704	10	886578	0.0000113
all	705	10	886578	0.0000113
all	706	11	886578	0.0000124
all	707	12	886578	0.0000135
all	708	14	886578	0.0000158
all	709	16	886578	0.0000180
all	710	14	886578	0.0000158
all	711	9	886578	0.0000102
all	712	8	886578	0.0000090
all	713	14	886578	0.0000158
all	714	20	886578	0.0000226
all	715	11	886578	0.0000124
all	716	8	886578	0.0000090
all	717	11	886578	0.0000124
all	718	11	886578	0.0000124
all	719	8	886578	0.0000090
all	720	8	886578	0.0000090
all	721	9	886578	0.0000102
all	722	14	886578	0.0000158
all	723	13	886578	0.0000147
all	724	14	886578	0.0000158
all	725	10	886578	0.0000113
all	726	5	886578	0.0000056
all	727	7	886578	0.0000079
all	728	9	886578	0.0000102
all	729	11	886578	0.0000124
all	730	8	886578	0.0000090
all	731	16	886578	0.0000180
all	732	16	886578	0.0000180
all	733	16	886578	0.0000180
all	734	8	886578	0.0000090
all	735	18	886578	0.0000203
all	736	18	886578	0.0000203
all	737	12	886578	0.0000135
all	738	11	886578	0.0000124
all	739	12	886578	0.0000135
all	740	15	886578	0.0000169
all	741	10	886578	0.0000113
all	742	9	886578	0.0000102
all	743	6	886578	0.0000068
all	744	17	886578	0.0000192
all	745	14	886578	0.0000158
all	746	7	886578	0.0000079
all	747	7	886578	0.0000079
all	748	18	886578	0.0000203
all	749	20	886578	0.0000226
all	750	10	886578	0.0000113
all	751	11	886578	0.0000124
all	752	11	886578	0.0000124
all	753	10	886578	0.0000113
all	754	16	886578	0.0000180
all	755	15	886578	0.0000169
all	756	10	886578	0.0000113
all	757	14	886578	0.0000158
all	758	14	886578	0.0000158
all	759	13	886578	0.0000147
all	760	14	886578	0.0000158
all	761	9	886578	0.0000102
all	762	16	886578	0.0000180
all	763	24	886578	0.0000271
all	764	11	886578	0.0000124
all	765	16	886578	0.0000180
all	766	13	886578	0.0000147
all	767	16	886578	0.0000180
all	768	7	886578	0.0000079
all	769	9	886578	0.0000102
all	770	20	886578	0.0000226
all	771	7	886578	0.0000079
all	772	9	886578	0.0000102
all	773	10	886578	0.0000113
all	774	8	886578	0.0000090
all	775	16	886578	0.0000180
all	776	13	886578	0.0000147
all	777	14	886578	0.0000158
all	778	8	886578	0.0000090
all	779	9	886578	0.0000102
all	780	11	886578	0.0000124
all	781	9	886578	0.0000102
all	782	10	886578	0.0000113
all	783	9	886578	0.0000102
all	784	10	886578	0.0000113
all	785	7	886578	0.0000079
all	786	16	886578	0.0000180
all	787	10	886578	0.0000113
all	788	11	886578	0.0000124
all	789	18	886578	0.0000203
all	790	12	886578	0.0000135
all	791	13	886578	0.0000147
all	792	14	886578	0.0000158
all	793	9	886578	0.0000102
all	794	19	886578	0.0000214
all	795	16	886578	0.0000180
all	796	9	886578	0.0000102
all	797	14	886578	0.0000158
all	798	14	886578	0.0000158
all	799	15	886578	0.0000169
all	800	21	886578	0.0000237
all	801	10	886578	0.0000113
all	802	15	886578	0.0000169
all	803	23	886578	0.0000259
all	804	15	886578	0.0000169
all	805	9	886578	0.0000102
all	806	11	886578	0.0000124
all	807	10	886578	0.0000113
all	808	14	886578	0.0000158
all	809	11	886578	0.0000124
all	810	11	886578	0.0000124
all	811	17	886578	0.0000192
all	812	8	886578	0.0000090
all	813	19	886578	0.0000214
all	814	17	886578	0.0000192
all	815	20	886578	0.0000226
all	816	13	886578	0.0000147
all	817	12	886578	0.0000135
all	818	16	886578	0.0000180
all	819	17	886578	0.0000192
all	820	11	886578	0.0000124
all	821	22	886578	0.0000248
all	822	8	886578	0.0000090
all	823	12	886578	0.0000135
all	824	11	886578	0.0000124
all	825	9	886578	0.0000102
all	826	18	886578	0.0000203
all	827	9	886578	0.0000102
all	828	14	886578	0.0000158
all	829	15	886578	0.0000169
all	830	17	886578	0.0000192
all	831	9	886578	0.0000102
all	832	13	886578	0.0000147
all	833	15	886578	0.0000169
all	834	16	886578	0.0000180
all	835	15	886578	0.0000169
all	836	16	886578	0.0000180
all	837	20	886578	0.0000226
all	838	16	886578	0.0000180
all	839	19	886578	0.0000214
all	840	15	886578	0.0000169
all	841	14	886578	0.0000158
all	842	11	886578	0.0000124
all	843	11	886578	0.0000124
all	844	18	886578	0.0000203
all	845	11	886578	0.0000124
all	846	17	886578	0.0000192
all	847	16	886578	0.0000180
all	848	16	886578	0.0000180
all	849	19	886578	0.0000214
all	850	12	886578	0.0000135
all	851	10	886578	0.0000113
all	852	13	886578	0.0000147
all	853	13	886578	0.0000147
all	854	8	886578	0.0000090
all	855	15	886578	0.0000169
all	856	17	886578	0.0000192
all	857	12	886578	0.0000135
all	858	14	886578	0.0000158
all	859	11	886578	0.0000124
all	860	8	886578	0.0000090
all	861	9	886578	0.0000102
all	862	17	886578	0.0000192
all	863	9	886578	0.0000102
all	864	10	886578	0.0000113
all	865	7	886578	0.0000079
all	866	13	886578	0.0000147
all	867	13	886578	0.0000147
all	868	8	886578	0.0000090
all	869	12	886578	0.0000135
all	870	14	886578	0.0000158
all	871	13	886578	0.0000147
all	872	7	886578	0.0000079
all	873	13	886578	0.0000147
all	874	14	886578	0.0000158
all	875	7	886578	0.0000079
all	876	15	886578	0.0000169
all	877	5	886578	0.0000056
all	878	16	886578	0.0000180
all	879	10	886578	0.0000113
all	880	8	886578	0.0000090
all	881	12	886578	0.0000135
all	882	11	886578	0.0000124
all	883	10	886578	0.0000113
all	884	11	886578	0.0000124
all	885	13	886578	0.0000147
all	886	13	886578	0.0000147
all	887	9	886578	0.0000102
all	888	18	886578	0.0000203
all	889	9	886578	0.0000102
all	890	8	886578	0.0000090
all	891	9	886578	0.0000102
all	892	10	886578	0.0000113
all	893	14	886578	0.0000158
all	894	9	886578	0.0000102
all	895	15	886578	0.0000169
all	896	14	886578	0.0000158
all	897	9	886578	0.0000102
all	898	15	886578	0.0000169
all	899	10	886578	0.0000113
all	900	9	886578	0.0000102
all	901	13	886578	0.0000147
all	902	8	886578	0.0000090
all	903	15	886578	0.0000169
all	904	15	886578	0.0000169
all	905	15	886578	0.0000169
all	906	14	886578	0.0000158
all	907	9	886578	0.0000102
all	908	15	886578	0.0000169
all	909	13	886578	0.0000147
all	910	11	886578	0.0000124
all	911	11	886578	0.0000124
all	912	18	886578	0.0000203
all	913	10	886578	0.0000113
all	914	14	886578	0.0000158
all	915	11	886578	0.0000124
all	916	23	886578	0.0000259
all	917	17	886578	0.0000192
all	918	8	886578	0.0000090
all	919	17	886578	0.0000192
all	920	23	886578	0.0000259
all	921	13	886578	0.0000147
all	922	18	886578	0.0000203
all	923	15	886578	0.0000169
all	924	11	886578	0.0000124
all	925	11	886578	0.0000124
all	926	12	886578	0.0000135
all	927	19	886578	0.0000214
all	928	12	886578	0.0000135
all	929	20	886578	0.0000226
all	930	8	886578	0.0000090
all	931	13	886578	0.0000147
all	932	14	886578	0.0000158
all	933	15	886578	0.0000169
all	934	11	886578	0.0000124
all	935	12	886578	0.0000135
all	936	18	886578	0.0000203
all	937	9	886578	0.0000102
all	938	15	886578	0.0000169
all	939	16	886578	0.0000180
all	940	17	886578	0.0000192
all	941	11	886578	0.0000124
all	942	14	886578	0.0000158
all	943	14	886578	0.0000158
all	944	14	886578	0.0000158
all	945	14	886578	0.0000158
all	946	16	886578	0.0000180
all	947	12	886578	0.0000135
all	948	13	886578	0.0000147
all	949	18	886578	0.0000203
all	950	14	886578	0.0000158
all	951	24	886578	0.0000271
all	952	13	886578	0.0000147
all	953	22	886578	0.0000248
all	954	16	886578	0.0000180
all	955	11	886578	0.0000124
all	956	13	886578	0.0000147
all	957	9	886578	0.0000102
all	958	21	886578	0.0000237
all	959	12	886578	0.0000135
all	960	20	886578	0.0000226
all	961	10	886578	0.0000113
all	962	14	886578	0.0000158
all	963	14	886578	0.0000158
all	964	15	886578	0.0000169
all	965	6	886578	0.0000068
all	966	13	886578	0.0000147
all	967	16	886578	0.0000180
all	968	10	886578	0.0000113
all	969	9	886578	0.0000102
all	970	13	886578	0.0000147
all	971	6	886578	0.0000068
all	972	11	886578	0.0000124
all	973	10	886578	0.0000113
all	974	15	886578	0.0000169
all	975	9	886578	0.0000102
all	976	11	886578	0.0000124
all	977	17	886578	0.0000192
all	978	11	886578	0.0000124
all	979	12	886578	0.0000135
all	980	16	886578	0.0000180
all	981	22	886578	0.0000248
all	982	20	886578	0.0000226
all	983	19	886578	0.0000214
all	984	20	886578	0.0000226
all	985	12	886578	0.0000135
all	986	16	886578	0.0000180
all	987	9	886578	0.0000102
all	988	15	886578	0.0000169
all	989	23	886578	0.0000259
all	990	14	886578	0.0000158
all	991	11	886578	0.0000124
all	992	14	886578	0.0000158
all	993	11	886578	0.0000124
all	994	9	886578	0.0000102
all	995	21	886578	0.0000237
all	996	16	886578	0.0000180
all	997	8	886578	0.0000090
all	998	11	886578	0.0000124
all	999	23	886578	0.0000259
all	1000	13	886578	0.0000147
all	1001	20	886578	0.0000226
all	1002	15	886578	0.0000169
all	1003	11	886578	0.0000124
all	1004	15	886578	0.0000169
all	1005	12	886578	0.0000135
all	1006	13	886578	0.0000147
all	1007	17	886578	0.0000192
all	1008	7	886578	0.0000079
all	1009	11	886578	0.0000124
all	1010	14	886578	0.0000158
all	1011	10	886578	0.0000113
all	1012	16	886578	0.0000180
all	1013	14	886578	0.0000158
all	1014	9	886578	0.0000102
all	1015	12	886578	0.0000135
all	1016	12	886578	0.0000135
all	1017	11	886578	0.0000124
all	1018	16	886578	0.0000180
all	1019	8	886578	0.0000090
all	1020	11	886578	0.0000124
all	1021	11	886578	0.0000124
all	1022	5	886578	0.0000056
all	1023	11	886578	0.0000124
all	1024	9	886578	0.0000102
all	1025	6	886578	0.0000068
all	1026	11	886578	0.0000124
all	1027	6	886578	0.0000068
all	1028	8	886578	0.0000090
all	1029	7	886578	0.0000079
all	1030	6	886578	0.0000068
all	1031	12	886578	0.0000135
all	1032	10	886578	0.0000113
all	1033	14	886578	0.0000158
all	1034	11	886578	0.0000124
all	1035	8	886578	0.0000090
all	1036	9	886578	0.0000102
all	1037	3	886578	0.0000034
all	1038	6	886578	0.0000068
all	1039	7	886578	0.0000079
all	1040	8	886578	0.0000090
all	1041	14	886578	0.0000158
all	1042	8	886578	0.0000090
all	1043	7	886578	0.0000079
all	1044	10	886578	0.0000113
all	1045	8	886578	0.0000090
all	1046	8	886578	0.0000090
all	1047	11	886578	0.0000124
all	1048	9	886578	0.0000102
all	1049	7	886578	0.0000079
all	1050	6	886578	0.0000068
all	1051	11	886578	0.0000124
all	1052	7	886578	0.0000079
all	1053	10	886578	0.0000113
all	1054	13	886578	0.0000147
all	1055	15	886578	0.0000169
all	1056	9	886578	0.0000102
all	1057	8	886578	0.0000090
all	1058	9	886578	0.0000102
all	1059	8	886578	0.0000090
all	1060	4	886578	0.0000045
all	1061	12	886578	0.0000135
all	1062	8	886578	0.0000090
all	1063	5	886578	0.0000056
all	1064	13	886578	0.0000147
all	1065	9	886578	0.0000102
all	1066	6	886578	0.0000068
all	1067	8	886578	0.0000090
all	1068	9	886578	0.0000102
all	1069	14	886578	0.0000158
all	1070	9	886578	0.0000102
all	1071	8	886578	0.0000090
all	1072	6	886578	0.0000068
all	1073	7	886578	0.0000079
all	1074	4	886578	0.0000045
all	1075	12	886578	0.0000135
all	1076	11	886578	0.0000124
all	1077	14	886578	0.0000158
all	1078	10	886578	0.0000113
all	1079	14	886578	0.0000158
all	1080	13	886578	0.0000147
all	1081	10	886578	0.0000113
all	1082	9	886578	0.0000102
all	1083	13	886578	0.0000147
all	1084	14	886578	0.0000158
all	1085	11	886578	0.0000124
all	1086	12	886578	0.0000135
all	1087	14	886578	0.0000158
all	1088	13	886578	0.0000147
all	1089	8	886578	0.0000090
all	1090	11	886578	0.0000124
all	1091	3	886578	0.0000034
all	1092	12	886578	0.0000135
all	1093	3	886578	0.0000034
all	1094	10	886578	0.0000113
all	1095	12	886578	0.0000135
all	1096	8	886578	0.0000090
all	1097	8	886578	0.0000090
all	1098	12	886578	0.0000135
all	1099	10	886578	0.0000113
all	1100	13	886578	0.0000147
all	1101	9	886578	0.0000102
all	1102	9	886578	0.0000102
all	1103	10	886578	0.0000113
all	1104	8	886578	0.0000090
all	1105	5	886578	0.0000056
all	1106	7	886578	0.0000079
all	1107	10	886578	0.0000113
all	1108	11	886578	0.0000124
all	1109	10	886578	0.0000113
all	1110	11	886578	0.0000124
all	1111	10	886578	0.0000113
all	1112	10	886578	0.0000113
all	1113	11	886578	0.0000124
all	1114	14	886578	0.0000158
all	1115	5	886578	0.0000056
all	1116	8	886578	0.0000090
all	1117	3	886578	0.0000034
all	1118	11	886578	0.0000124
all	1119	8	886578	0.0000090
all	1120	11	886578	0.0000124
all	1121	19	886578	0.0000214
all	1122	9	886578	0.0000102
all	1123	5	886578	0.0000056
all	1124	4	886578	0.0000045
all	1125	8	886578	0.0000090
all	1126	11	886578	0.0000124
all	1127	12	886578	0.0000135
all	1128	10	886578	0.0000113
all	1129	11	886578	0.0000124
all	1130	6	886578	0.0000068
all	1131	10	886578	0.0000113
all	1132	16	886578	0.0000180
all	1133	17	886578	0.0000192
all	1134	9	886578	0.0000102
all	1135	13	886578	0.0000147
all	1136	11	886578	0.0000124
all	1137	14	886578	0.0000158
all	1138	13	886578	0.0000147
all	1139	9	886578	0.0000102
all	1140	5	886578	0.0000056
all	1141	9	886578	0.0000102
all	1142	5	886578	0.0000056
all	1143	9	886578	0.0000102
all	1144	9	886578	0.0000102
all	1145	7	886578	0.0000079
all	1146	6	886578	0.0000068
all	1147	7	886578	0.0000079
all	1148	8	886578	0.0000090
all	1149	5	886578	0.0000056
all	1150	9	886578	0.0000102
all	1151	2	886578	0.0000023
all	1152	6	886578	0.0000068
all	1153	14	886578	0.0000158
all	1154	5	886578	0.0000056
all	1155	7	886578	0.0000079
all	1156	11	886578	0.0000124
all	1157	8	886578	0.0000090
all	1158	12	886578	0.0000135
all	1159	9	886578	0.0000102
all	1160	7	886578	0.0000079
all	1161	12	886578	0.0000135
all	1162	10	886578	0.0000113
all	1163	9	886578	0.0000102
all	1164	5	886578	0.0000056
all	1165	9	886578	0.0000102
all	1166	16	886578	0.0000180
all	1167	10	886578	0.0000113
all	1168	6	886578	0.0000068
all	1169	6	886578	0.0000068
all	1170	8	886578	0.0000090
all	1171	9	886578	0.0000102
all	1172	12	886578	0.0000135
all	1173	13	886578	0.0000147
all	1174	14	886578	0.0000158
all	1175	7	886578	0.0000079
all	1176	5	886578	0.0000056
all	1177	6	886578	0.0000068
all	1178	8	886578	0.0000090
all	1179	4	886578	0.0000045
all	1180	8	886578	0.0000090
all	1181	4	886578	0.0000045
all	1182	11	886578	0.0000124
all	1183	3	886578	0.0000034
all	1184	4	886578	0.0000045
all	1185	7	886578	0.0000079
all	1186	7	886578	0.0000079
all	1187	3	886578	0.0000034
all	1188	7	886578	0.0000079
all	1189	6	886578	0.0000068
all	1190	5	886578	0.0000056
all	1191	5	886578	0.0000056
all	1192	4	886578	0.0000045
all	1193	9	886578	0.0000102
all	1194	6	886578	0.0000068
all	1195	4	886578	0.0000045
all	1196	13	886578	0.0000147
all	1197	11	886578	0.0000124
all	1198	8	886578	0.0000090
all	1199	7	886578	0.0000079
all	1200	8	886578	0.0000090
all	1201	10	886578	0.0000113
all	1202	10	886578	0.0000113
all	1203	9	886578	0.0000102
all	1204	4	886578	0.0000045
all	1205	6	886578	0.0000068
all	1206	9	886578	0.0000102
all	1207	8	886578	0.0000090
all	1208	4	886578	0.0000045
all	1209	10	886578	0.0000113
all	1210	7	886578	0.0000079
all	1211	6	886578	0.0000068
all	1212	8	886578	0.0000090
all	1213	8	886578	0.0000090
all	1214	10	886578	0.0000113
all	1215	3	886578	0.0000034
all	1216	8	886578	0.0000090
all	1217	6	886578	0.0000068
all	1218	9	886578	0.0000102
all	1219	6	886578	0.0000068
all	1220	9	886578	0.0000102
all	1221	8	886578	0.0000090
all	1222	7	886578	0.0000079
all	1223	12	886578	0.0000135
all	1224	6	886578	0.0000068
all	1225	19	886578	0.0000214
all	1226	11	886578	0.0000124
all	1227	5	886578	0.0000056
all	1228	12	886578	0.0000135
all	1229	9	886578	0.0000102
all	1230	3	886578	0.0000034
all	1231	4	886578	0.0000045
all	1232	8	886578	0.0000090
all	1233	12	886578	0.0000135
all	1234	15	886578	0.0000169
all	1235	4	886578	0.0000045
all	1236	10	886578	0.0000113
all	1237	9	886578	0.0000102
all	1238	8	886578	0.0000090
all	1239	10	886578	0.0000113
all	1240	9	886578	0.0000102
all	1241	3	886578	0.0000034
all	1242	12	886578	0.0000135
all	1243	4	886578	0.0000045
all	1244	13	886578	0.0000147
all	1245	4	886578	0.0000045
all	1246	9	886578	0.0000102
all	1247	12	886578	0.0000135
all	1248	9	886578	0.0000102
all	1249	11	886578	0.0000124
all	1250	5	886578	0.0000056
all	1251	4	886578	0.0000045
all	1252	3	886578	0.0000034
all	1253	6	886578	0.0000068
all	1254	3	886578	0.0000034
all	1255	10	886578	0.0000113
all	1256	4	886578	0.0000045
all	1257	9	886578	0.0000102
all	1258	3	886578	0.0000034
all	1259	5	886578	0.0000056
all	1260	4	886578	0.0000045
all	1261	8	886578	0.0000090
all	1262	6	886578	0.0000068
all	1263	7	886578	0.0000079
all	1264	7	886578	0.0000079
all	1265	10	886578	0.0000113
all	1266	7	886578	0.0000079
all	1267	10	886578	0.0000113
all	1268	6	886578	0.0000068
all	1269	2	886578	0.0000023
all	1270	7	886578	0.0000079
all	1271	7	886578	0.0000079
all	1272	7	886578	0.0000079
all	1273	4	886578	0.0000045
all	1274	6	886578	0.0000068
all	1275	7	886578	0.0000079
all	1276	12	886578	0.0000135
all	1277	7	886578	0.0000079
all	1278	2	886578	0.0000023
all	1279	4	886578	0.0000045
all	1280	7	886578	0.0000079
all	1281	7	886578	0.0000079
all	1282	7	886578	0.0000079
all	1283	9	886578	0.0000102
all	1284	4	886578	0.0000045
all	1285	5	886578	0.0000056
all	1286	6	886578	0.0000068
all	1287	8	886578	0.0000090
all	1288	5	886578	0.0000056
all	1289	3	886578	0.0000034
all	1290	3	886578	0.0000034
all	1291	6	886578	0.0000068
all	1292	5	886578	0.0000056
all	1293	5	886578	0.0000056
all	1294	5	886578	0.0000056
all	1295	6	886578	0.0000068
all	1296	9	886578	0.0000102
all	1297	6	886578	0.0000068
all	1298	6	886578	0.0000068
all	1299	6	886578	0.0000068
all	1300	3	886578	0.0000034
all	1301	5	886578	0.0000056
all	1302	9	886578	0.0000102
all	1303	9	886578	0.0000102
all	1304	2	886578	0.0000023
all	1305	8	886578	0.0000090
all	1306	9	886578	0.0000102
all	1307	4	886578	0.0000045
all	1308	3	886578	0.0000034
all	1309	4	886578	0.0000045
all	1310	4	886578	0.0000045
all	1311	4	886578	0.0000045
all	1312	5	886578	0.0000056
all	1313	4	886578	0.0000045
all	1314	7	886578	0.0000079
all	1315	2	886578	0.0000023
all	1316	6	886578	0.0000068
all	1317	2	886578	0.0000023
all	1318	6	886578	0.0000068
all	1319	7	886578	0.0000079
all	1320	7	886578	0.0000079
all	1321	7	886578	0.0000079
all	1322	4	886578	0.0000045
all	1323	2	886578	0.0000023
all	1324	5	886578	0.0000056
all	1325	3	886578	0.0000034
all	1326	5	886578	0.0000056
all	1327	4	886578	0.0000045
all	1328	4	886578	0.0000045
all	1329	5	886578	0.0000056
all	1330	8	886578	0.0000090
all	1331	8	886578	0.0000090
all	1332	5	886578	0.0000056
all	1333	8	886578	0.0000090
all	1334	11	886578	0.0000124
all	1335	4	886578	0.0000045
all	1336	5	886578	0.0000056
all	1337	7	886578	0.0000079
all	1338	9	886578	0.0000102
all	1339	8	886578	0.0000090
all	1340	4	886578	0.0000045
all	1341	11	886578	0.0000124
all	1342	12	886578	0.0000135
all	1343	5	886578	0.0000056
all	1344	5	886578	0.0000056
all	1345	9	886578	0.0000102
all	1346	8	886578	0.0000090
all	1347	10	886578	0.0000113
all	1348	6	886578	0.0000068
all	1349	4	886578	0.0000045
all	1350	11	886578	0.0000124
all	1351	8	886578	0.0000090
all	1352	7	886578	0.0000079
all	1353	5	886578	0.0000056
all	1354	5	886578	0.0000056
all	1355	5	886578	0.0000056
all	1356	6	886578	0.0000068
all	1357	2	886578	0.0000023
all	1358	10	886578	0.0000113
all	1359	11	886578	0.0000124
all	1360	2	886578	0.0000023
all	1361	4	886578	0.0000045
all	1362	6	886578	0.0000068
all	1363	6	886578	0.0000068
all	1364	8	886578	0.0000090
all	1365	4	886578	0.0000045
all	1366	7	886578	0.0000079
all	1367	7	886578	0.0000079
all	1368	4	886578	0.0000045
all	1369	3	886578	0.0000034
all	1370	6	886578	0.0000068
all	1371	7	886578	0.0000079
all	1372	5	886578	0.0000056
all	1373	5	886578	0.0000056
all	1374	3	886578	0.0000034
all	1375	6	886578	0.0000068
all	1376	9	886578	0.0000102
all	1377	4	886578	0.0000045
all	1378	1	886578	0.0000011
all	1379	6	886578	0.0000068
all	1380	7	886578	0.0000079
all	1381	2	886578	0.0000023
all	1382	5	886578	0.0000056
all	1383	5	886578	0.0000056
all	1384	5	886578	0.0000056
all	1385	3	886578	0.0000034
all	1386	5	886578	0.0000056
all	1387	4	886578	0.0000045
all	1388	5	886578	0.0000056
all	1389	4	886578	0.0000045
all	1390	3	886578	0.0000034
all	1391	3	886578	0.0000034
all	1392	7	886578	0.0000079
all	1393	2	886578	0.0000023
all	1394	8	886578	0.0000090
all	1395	2	886578	0.0000023
all	1396	3	886578	0.0000034
all	1397	12	886578	0.0000135
all	1398	4	886578	0.0000045
all	1399	3	886578	0.0000034
all	1400	4	886578	0.0000045
all	1401	3	886578	0.0000034
all	1402	3	886578	0.0000034
all	1403	7	886578	0.0000079
all	1404	5	886578	0.0000056
all	1405	1	886578	0.0000011
all	1406	7	886578	0.0000079
all	1407	5	886578	0.0000056
all	1408	5	886578	0.0000056
all	1409	3	886578	0.0000034
all	1410	5	886578	0.0000056
all	1411	5	886578	0.0000056
all	1412	3	886578	0.0000034
all	1413	6	886578	0.0000068
all	1414	7	886578	0.0000079
all	1415	5	886578	0.0000056
all	1416	9	886578	0.0000102
all	1417	9	886578	0.0000102
all	1418	2	886578	0.0000023
all	1419	8	886578	0.0000090
all	1420	4	886578	0.0000045
all	1421	4	886578	0.0000045
all	1422	3	886578	0.0000034
all	1423	3	886578	0.0000034
all	1424	7	886578	0.0000079
all	1425	3	886578	0.0000034
all	1426	8	886578	0.0000090
all	1427	4	886578	0.0000045
all	1428	5	886578	0.0000056
all	1429	9	886578	0.0000102
all	1430	7	886578	0.0000079
all	1431	3	886578	0.0000034
all	1432	4	886578	0.0000045
all	1433	5	886578	0.0000056
all	1434	9	886578	0.0000102
all	1435	4	886578	0.0000045
all	1436	7	886578	0.0000079
all	1437	5	886578	0.0000056
all	1438	4	886578	0.0000045
all	1439	4	886578	0.0000045
all	1440	4	886578	0.0000045
all	1441	9	886578	0.0000102
all	1442	4	886578	0.0000045
all	1443	4	886578	0.0000045
all	1444	5	886578	0.0000056
all	1445	7	886578	0.0000079
all	1446	9	886578	0.0000102
all	1447	4	886578	0.0000045
all	1448	6	886578	0.0000068
all	1449	4	886578	0.0000045
all	1450	4	886578	0.0000045
all	1451	3	886578	0.0000034
all	1452	5	886578	0.0000056
all	1453	5	886578	0.0000056
all	1454	4	886578	0.0000045
all	1455	6	886578	0.0000068
all	1456	5	886578	0.0000056
all	1457	2	886578	0.0000023
all	1458	8	886578	0.0000090
all	1459	7	886578	0.0000079
all	1460	6	886578	0.0000068
all	1461	5	886578	0.0000056
all	1462	5	886578	0.0000056
all	1463	4	886578	0.0000045
all	1464	6	886578	0.0000068
all	1465	3	886578	0.0000034
all	1466	8	886578	0.0000090
all	1467	5	886578	0.0000056
all	1468	7	886578	0.0000079
all	1469	12	886578	0.0000135
all	1470	6	886578	0.0000068
all	1471	3	886578	0.0000034
all	1472	3	886578	0.0000034
all	1473	5	886578	0.0000056
all	1474	4	886578	0.0000045
all	1475	9	886578	0.0000102
all	1476	6	886578	0.0000068
all	1477	5	886578	0.0000056
all	1478	8	886578	0.0000090
all	1479	9	886578	0.0000102
all	1480	7	886578	0.0000079
all	1481	5	886578	0.0000056
all	1482	4	886578	0.0000045
all	1483	10	886578	0.0000113
all	1484	5	886578	0.0000056
all	1485	8	886578	0.0000090
all	1486	7	886578	0.0000079
all	1487	3	886578	0.0000034
all	1488	8	886578	0.0000090
all	1489	10	886578	0.0000113
all	1490	5	886578	0.0000056
all	1491	7	886578	0.0000079
all	1492	5	886578	0.0000056
all	1493	9	886578	0.0000102
all	1494	6	886578	0.0000068
all	1495	11	886578	0.0000124
all	1496	7	886578	0.0000079
all	1497	7	886578	0.0000079
all	1498	10	886578	0.0000113
all	1499	5	886578	0.0000056
all	1500	10	886578	0.0000113
all	1501	7	886578	0.0000079
all	1502	3	886578	0.0000034
all	1503	4	886578	0.0000045
all	1504	2	886578	0.0000023
all	1505	9	886578	0.0000102
all	1506	2	886578	0.0000023
all	1507	6	886578	0.0000068
all	1508	6	886578	0.0000068
all	1509	3	886578	0.0000034
all	1510	2	886578	0.0000023
all	1511	4	886578	0.0000045
all	1512	7	886578	0.0000079
all	1513	5	886578	0.0000056
all	1514	3	886578	0.0000034
all	1515	2	886578	0.0000023
all	1516	3	886578	0.0000034
all	1517	2	886578	0.0000023
all	1518	3	886578	0.0000034
all	1519	6	886578	0.0000068
all	1520	5	886578	0.0000056
all	1521	6	886578	0.0000068
all	1522	4	886578	0.0000045
all	1523	4	886578	0.0000045
all	1524	5	886578	0.0000056
all	1525	2	886578	0.0000023
all	1526	4	886578	0.0000045
all	1527	8	886578	0.0000090
all	1528	6	886578	0.0000068
all	1529	1	886578	0.0000011
all	1530	6	886578	0.0000068
all	1531	4	886578	0.0000045
all	1532	6	886578	0.0000068
all	1533	5	886578	0.0000056
all	1534	4	886578	0.0000045
all	1535	2	886578	0.0000023
all	1536	3	886578	0.0000034
all	1537	7	886578	0.0000079
all	1538	2	886578	0.0000023
all	1539	5	886578	0.0000056
all	1540	2	886578	0.0000023
all	1541	10	886578	0.0000113
all	1542	2	886578	0.0000023
all	1543	6	886578	0.0000068
all	1544	3	886578	0.0000034
all	1545	2	886578	0.0000023
all	1546	3	886578	0.0000034
all	1547	1	886578	0.0000011
all	1548	3	886578	0.0000034
all	1549	5	886578	0.0000056
all	1550	3	886578	0.0000034
all	1551	6	886578	0.0000068
all	1552	10	886578	0.0000113
all	1553	6	886578	0.0000068
all	1554	9	886578	0.0000102
all	1555	6	886578	0.0000068
all	1556	2	886578	0.0000023
all	1557	2	886578	0.0000023
all	1558	2	886578	0.0000023
all	1559	2	886578	0.0000023
all	1560	4	886578	0.0000045
all	1561	2	886578	0.0000023
all	1562	5	886578	0.0000056
all	1563	1	886578	0.0000011
all	1564	1	886578	0.0000011
all	1565	3	886578	0.0000034
all	1566	2	886578	0.0000023
all	1567	2	886578	0.0000023
all	1568	6	886578	0.0000068
all	1569	4	886578	0.0000045
all	1570	3	886578	0.0000034
all	1571	2	886578	0.0000023
all	1572	3	886578	0.0000034
all	1573	4	886578	0.0000045
all	1574	4	886578	0.0000045
all	1575	6	886578	0.0000068
all	1576	1	886578	0.0000011
all	1577	4	886578	0.0000045
all	1578	1	886578	0.0000011
all	1579	3	886578	0.0000034
all	1580	3	886578	0.0000034
all	1581	1	886578	0.0000011
all	1582	5	886578	0.0000056
all	1583	6	886578	0.0000068
all	1584	5	886578	0.0000056
all	1585	4	886578	0.0000045
all	1586	3	886578	0.0000034
all	1587	3	886578	0.0000034
all	1588	3	886578	0.0000034
all	1589	4	886578	0.0000045
all	1590	2	886578	0.0000023
all	1591	3	886578	0.0000034
all	1592	2	886578	0.0000023
all	1593	2	886578	0.0000023
all	1594	1	886578	0.0000011
all	1595	4	886578	0.0000045
all	1596	4	886578	0.0000045
all	1597	2	886578	0.0000023
all	1598	6	886578	0.0000068
all	1599	1	886578	0.0000011
all	1600	4	886578	0.0000045
all	1601	1	886578	0.0000011
all	1602	5	886578	0.0000056
all	1604	4	886578	0.0000045
all	1605	4	886578	0.0000045
all	1606	3	886578	0.0000034
all	1607	3	886578	0.0000034
all	1608	9	886578	0.0000102
all	1609	2	886578	0.0000023
all	1610	1	886578	0.0000011
all	1611	1	886578	0.0000011
all	1612	4	886578	0.0000045
all	1613	2	886578	0.0000023
all	1614	5	886578	0.0000056
all	1615	4	886578	0.0000045
all	1616	1	886578	0.0000011
all	1617	2	886578	0.0000023
all	1618	5	886578	0.0000056
all	1619	5	886578	0.0000056
all	1620	6	886578	0.0000068
all	1621	1	886578	0.0000011
all	1622	5	886578	0.0000056
all	1623	6	886578	0.0000068
all	1624	3	886578	0.0000034
all	1625	1	886578	0.0000011
all	1626	2	886578	0.0000023
all	1627	6	886578	0.0000068
all	1628	2	886578	0.0000023
all	1629	4	886578	0.0000045
all	1630	2	886578	0.0000023
all	1631	4	886578	0.0000045
all	1632	2	886578	0.0000023
all	1633	1	886578	0.0000011
all	1634	4	886578	0.0000045
all	1635	3	886578	0.0000034
all	1636	4	886578	0.0000045
all	1637	1	886578	0.0000011
all	1638	5	886578	0.0000056
all	1639	4	886578	0.0000045
all	1640	1	886578	0.0000011
all	1641	3	886578	0.0000034
all	1642	2	886578	0.0000023
all	1643	2	886578	0.0000023
all	1644	1	886578	0.0000011
all	1645	2	886578	0.0000023
all	1646	3	886578	0.0000034
all	1647	2	886578	0.0000023
all	1648	2	886578	0.0000023
all	1649	2	886578	0.0000023
all	1650	1	886578	0.0000011
all	1651	2	886578	0.0000023
all	1652	2	886578	0.0000023
all	1653	6	886578	0.0000068
all	1654	4	886578	0.0000045
all	1655	8	886578	0.0000090
all	1656	7	886578	0.0000079
all	1657	3	886578	0.0000034
all	1658	2	886578	0.0000023
all	1659	2	886578	0.0000023
all	1660	3	886578	0.0000034
all	1661	2	886578	0.0000023
all	1662	1	886578	0.0000011
all	1663	4	886578	0.0000045
all	1664	2	886578	0.0000023
all	1665	2	886578	0.0000023
all	1666	3	886578	0.0000034
all	1667	1	886578	0.0000011
all	1668	2	886578	0.0000023
all	1669	3	886578	0.0000034
all	1670	1	886578	0.0000011
all	1671	1	886578	0.0000011
all	1672	3	886578	0.0000034
all	1673	3	886578	0.0000034
all	1674	2	886578	0.0000023
all	1676	2	886578	0.0000023
all	1677	2	886578	0.0000023
all	1678	5	886578	0.0000056
all	1679	4	886578	0.0000045
all	1680	3	886578	0.0000034
all	1681	1	886578	0.0000011
all	1682	2	886578	0.0000023
all	1683	2	886578	0.0000023
all	1684	1	886578	0.0000011
all	1685	3	886578	0.0000034
all	1686	4	886578	0.0000045
all	1687	3	886578	0.0000034
all	1688	1	886578	0.0000011
all	1689	2	886578	0.0000023
all	1690	2	886578	0.0000023
all	1691	3	886578	0.0000034
all	1692	3	886578	0.0000034
all	1693	3	886578	0.0000034
all	1695	3	886578	0.0000034
all	1696	1	886578	0.0000011
all	1697	1	886578	0.0000011
all	1698	8	886578	0.0000090
all	1699	6	886578	0.0000068
all	1700	2	886578	0.0000023
all	1701	1	886578	0.0000011
all	1702	8	886578	0.0000090
all	1703	2	886578	0.0000023
all	1704	3	886578	0.0000034
all	1705	6	886578	0.0000068
all	1706	3	886578	0.0000034
all	1707	1	886578	0.0000011
all	1708	6	886578	0.0000068
all	1709	2	886578	0.0000023
all	1710	3	886578	0.0000034
all	1711	5	886578	0.0000056
all	1712	4	886578	0.0000045
all	1713	4	886578	0.0000045
all	1714	3	886578	0.0000034
all	1716	1	886578	0.0000011
all	1717	7	886578	0.0000079
all	1718	9	886578	0.0000102
all	1719	5	886578	0.0000056
all	1720	5	886578	0.0000056
all	1721	1	886578	0.0000011
all	1722	5	886578	0.0000056
all	1723	3	886578	0.0000034
all	1724	3	886578	0.0000034
all	1725	3	886578	0.0000034
all	1726	3	886578	0.0000034
all	1727	3	886578	0.0000034
all	1728	2	886578	0.0000023
all	1729	7	886578	0.0000079
all	1731	1	886578	0.0000011
all	1732	3	886578	0.0000034
all	1733	3	886578	0.0000034
all	1734	4	886578	0.0000045
all	1735	3	886578	0.0000034
all	1736	4	886578	0.0000045
all	1737	6	886578	0.0000068
all	1738	5	886578	0.0000056
all	1739	2	886578	0.0000023
all	1740	4	886578	0.0000045
all	1741	3	886578	0.0000034
all	1742	4	886578	0.0000045
all	1743	2	886578	0.0000023
all	1744	2	886578	0.0000023
all	1745	3	886578	0.0000034
all	1746	6	886578	0.0000068
all	1747	2	886578	0.0000023
all	1748	5	886578	0.0000056
all	1749	3	886578	0.0000034
all	1750	5	886578	0.0000056
all	1751	4	886578	0.0000045
all	1752	4	886578	0.0000045
all	1753	2	886578	0.0000023
all	1754	2	886578	0.0000023
all	1755	3	886578	0.0000034
all	1756	4	886578	0.0000045
all	1757	5	886578	0.0000056
all	1758	3	886578	0.0000034
all	1759	4	886578	0.0000045
all	1760	4	886578	0.0000045
all	1761	5	886578	0.0000056
all	1762	3	886578	0.0000034
all	1763	4	886578	0.0000045
all	1764	4	886578	0.0000045
all	1765	6	886578	0.0000068
all	1766	4	886578	0.0000045
all	1767	6	886578	0.0000068
all	1768	4	886578	0.0000045
all	1769	5	886578	0.0000056
all	1770	6	886578	0.0000068
all	1771	2	886578	0.0000023
all	1772	5	886578	0.0000056
all	1773	9	886578	0.0000102
all	1774	3	886578	0.0000034
all	1775	1	886578	0.0000011
all	1776	5	886578	0.0000056
all	1777	9	886578	0.0000102
all	1778	3	886578	0.0000034
all	1779	1	886578	0.0000011
all	1780	5	886578	0.0000056
all	1781	2	886578	0.0000023
all	1782	2	886578	0.0000023
all	1783	3	886578	0.0000034
all	1784	4	886578	0.0000045
all	1785	2	886578	0.0000023
all	1786	8	886578	0.0000090
all	1787	3	886578	0.0000034
all	1788	4	886578	0.0000045
all	1789	4	886578	0.0000045
all	1790	3	886578	0.0000034
all	1791	4	886578	0.0000045
all	1792	2	886578	0.0000023
all	1793	4	886578	0.0000045
all	1794	1	886578	0.0000011
all	1795	3	886578	0.0000034
all	1796	9	886578	0.0000102
all	1797	4	886578	0.0000045
all	1798	1	886578	0.0000011
all	1799	4	886578	0.0000045
all	1800	2	886578	0.0000023
all	1801	5	886578	0.0000056
all	1802	2	886578	0.0000023
all	1803	5	886578	0.0000056
all	1804	5	886578	0.0000056
all	1805	2	886578	0.0000023
all	1806	7	886578	0.0000079
all	1807	3	886578	0.0000034
all	1808	5	886578	0.0000056
all	1809	2	886578	0.0000023
all	1810	2	886578	0.0000023
all	1811	9	886578	0.0000102
all	1812	3	886578	0.0000034
all	1813	1	886578	0.0000011
all	1814	4	886578	0.0000045
all	1815	5	886578	0.0000056
all	1816	2	886578	0.0000023
all	1817	2	886578	0.0000023
all	1818	3	886578	0.0000034
all	1819	4	886578	0.0000045
all	1820	6	886578	0.0000068
all	1821	1	886578	0.0000011
all	1822	5	886578	0.0000056
all	1823	5	886578	0.0000056
all	1824	2	886578	0.0000023
all	1825	5	886578	0.0000056
all	1826	2	886578	0.0000023
all	1827	2	886578	0.0000023
all	1828	5	886578	0.0000056
all	1829	4	886578	0.0000045
all	1830	7	886578	0.0000079
all	1831	3	886578	0.0000034
all	1832	3	886578	0.0000034
all	1833	9	886578	0.0000102
all	1834	1	886578	0.0000011
all	1835	1	886578	0.0000011
all	1836	1	886578	0.0000011
all	1837	6	886578	0.0000068
all	1838	1	886578	0.0000011
all	1839	2	886578	0.0000023
all	1840	5	886578	0.0000056
all	1841	4	886578	0.0000045
all	1842	3	886578	0.0000034
all	1843	1	886578	0.0000011
all	1844	3	886578	0.0000034
all	1845	4	886578	0.0000045
all	1846	4	886578	0.0000045
all	1848	5	886578	0.0000056
all	1849	4	886578	0.0000045
all	1850	5	886578	0.0000056
all	1851	2	886578	0.0000023
all	1852	4	886578	0.0000045
all	1853	2	886578	0.0000023
all	1854	5	886578	0.0000056
all	1855	3	886578	0.0000034
all	1856	4	886578	0.0000045
all	1857	12	886578	0.0000135
all	1858	3	886578	0.0000034
all	1859	2	886578	0.0000023
all	1860	6	886578	0.0000068
all	1861	2	886578	0.0000023
all	1862	5	886578	0.0000056
all	1863	7	886578	0.0000079
all	1864	4	886578	0.0000045
all	1865	2	886578	0.0000023
all	1866	1	886578	0.0000011
all	1867	4	886578	0.0000045
all	1868	7	886578	0.0000079
all	1869	5	886578	0.0000056
all	1870	3	886578	0.0000034
all	1871	4	886578	0.0000045
all	1872	2	886578	0.0000023
all	1873	6	886578	0.0000068
all	1874	5	886578	0.0000056
all	1875	2	886578	0.0000023
all	1876	6	886578	0.0000068
all	1877	4	886578	0.0000045
all	1878	4	886578	0.0000045
all	1879	1	886578	0.0000011
all	1880	4	886578	0.0000045
all	1881	4	886578	0.0000045
all	1882	1	886578	0.0000011
all	1883	4	886578	0.0000045
all	1884	7	886578	0.0000079
all	1885	5	886578	0.0000056
all	1886	4	886578	0.0000045
all	1887	4	886578	0.0000045
all	1889	3	886578	0.0000034
all	1890	1	886578	0.0000011
all	1891	4	886578	0.0000045
all	1892	4	886578	0.0000045
all	1894	4	886578	0.0000045
all	1895	3	886578	0.0000034
all	1897	4	886578	0.0000045
all	1898	4	886578	0.0000045
all	1899	1	886578	0.0000011
all	1900	5	886578	0.0000056
all	1901	2	886578	0.0000023
all	1902	4	886578	0.0000045
all	1903	5	886578	0.0000056
all	1904	1	886578	0.0000011
all	1905	4	886578	0.0000045
all	1906	4	886578	0.0000045
all	1907	5	886578	0.0000056
all	1908	1	886578	0.0000011
all	1909	4	886578	0.0000045
all	1910	5	886578	0.0000056
all	1911	2	886578	0.0000023
all	1912	1	886578	0.0000011
all	1913	1	886578	0.0000011
all	1914	5	886578	0.0000056
all	1915	4	886578	0.0000045
all	1916	1	886578	0.0000011
all	1917	2	886578	0.0000023
all	1918	5	886578	0.0000056
all	1919	3	886578	0.0000034
all	1920	2	886578	0.0000023
all	1921	3	886578	0.0000034
all	1922	2	886578	0.0000023
all	1923	9	886578	0.0000102
all	1924	5	886578	0.0000056
all	1925	3	886578	0.0000034
all	1926	4	886578	0.0000045
all	1927	2	886578	0.0000023
all	1928	3	886578	0.0000034
all	1929	6	886578	0.0000068
all	1931	6	886578	0.0000068
all	1932	2	886578	0.0000023
all	1933	5	886578	0.0000056
all	1934	5	886578	0.0000056
all	1936	4	886578	0.0000045
all	1937	3	886578	0.0000034
all	1938	3	886578	0.0000034
all	1939	1	886578	0.0000011
all	1940	2	886578	0.0000023
all	1942	2	886578	0.0000023
all	1943	2	886578	0.0000023
all	1944	2	886578	0.0000023
all	1945	1	886578	0.0000011
all	1946	2	886578	0.0000023
all	1947	2	886578	0.0000023
all	1948	4	886578	0.0000045
all	1949	3	886578	0.0000034
all	1950	1	886578	0.0000011
all	1951	1	886578	0.0000011
all	1952	1	886578	0.0000011
all	1953	1	886578	0.0000011
all	1954	1	886578	0.0000011
all	1955	1	886578	0.0000011
all	1957	2	886578	0.0000023
all	1958	1	886578	0.0000011
all	1959	3	886578	0.0000034
all	1960	1	886578	0.0000011
all	1961	3	886578	0.0000034
all	1965	3	886578	0.0000034
all	1967	1	886578	0.0000011
all	1968	4	886578	0.0000045
all	1970	3	886578	0.0000034
all	1971	2	886578	0.0000023
all	1972	2	886578	0.0000023
all	1973	1	886578	0.0000011
all	1974	1	886578	0.0000011
all	1975	2	886578	0.0000023
all	1977	2	886578	0.0000023
all	1978	2	886578	0.0000023
all	1979	3	886578	0.0000034
all	1980	1	886578	0.0000011
all	1983	3	886578	0.0000034
all	1985	1	886578	0.0000011
all	1986	2	886578	0.0000023
all	1988	2	886578	0.0000023
all	1989	1	886578	0.0000011
all	1990	3	886578	0.0000034
all	1991	1	886578	0.0000011
all	1992	2	886578	0.0000023
all	1993	3	886578	0.0000034
all	1994	1	886578	0.0000011
all	1995	3	886578	0.0000034
all	1997	2	886578	0.0000023
all	1998	2	886578	0.0000023
all	1999	1	886578	0.0000011
all	2000	1	886578	0.0000011
all	2001	4	886578	0.0000045
all	2003	3	886578	0.0000034
all	2004	3	886578	0.0000034
all	2005	2	886578	0.0000023
all	2006	2	886578	0.0000023
all	2007	2	886578	0.0000023
all	2008	4	886578	0.0000045
all	2009	2	886578	0.0000023
all	2010	2	886578	0.0000023
all	2011	1	886578	0.0000011
all	2012	1	886578	0.0000011
all	2013	1	886578	0.0000011
all	2014	1	886578	0.0000011
all	2015	3	886578	0.0000034
all	2017	1	886578	0.0000011
all	2018	1	886578	0.0000011
all	2019	3	886578	0.0000034
all	2020	1	886578	0.0000011
all	2021	3	886578	0.0000034
all	2022	1	886578	0.0000011
all	2023	1	886578	0.0000011
all	2024	2	886578	0.0000023
all	2025	2	886578	0.0000023
all	2026	4	886578	0.0000045
all	2027	1	886578	0.0000011
all	2028	1	886578	0.0000011
all	2029	8	886578	0.0000090
all	2030	3	886578	0.0000034
all	2031	2	886578	0.0000023
all	2032	2	886578	0.0000023
all	2033	1	886578	0.0000011
all	2034	1	886578	0.0000011
all	2035	4	886578	0.0000045
all	2037	4	886578	0.0000045
all	2038	3	886578	0.0000034
all	2039	3	886578	0.0000034
all	2041	4	886578	0.0000045
all	2042	3	886578	0.0000034
all	2043	2	886578	0.0000023
all	2044	5	886578	0.0000056
all	2045	6	886578	0.0000068
all	2046	5	886578	0.0000056
all	2047	7	886578	0.0000079
all	2048	6	886578	0.0000068
all	2049	4	886578	0.0000045
all	2050	4	886578	0.0000045
all	2051	2	886578	0.0000023
all	2052	1	886578	0.0000011
all	2053	3	886578	0.0000034
all	2054	6	886578	0.0000068
all	2055	2	886578	0.0000023
all	2056	2	886578	0.0000023
all	2057	1	886578	0.0000011
all	2059	1	886578	0.0000011
all	2060	1	886578	0.0000011
all	2061	2	886578	0.0000023
all	2062	1	886578	0.0000011
all	2063	1	886578	0.0000011
all	2064	2	886578	0.0000023
all	2065	3	886578	0.0000034
all	2066	2	886578	0.0000023
all	2067	3	886578	0.0000034
all	2069	1	886578	0.0000011
all	2072	1	886578	0.0000011
all	2074	1	886578	0.0000011
all	2075	4	886578	0.0000045
all	2076	4	886578	0.0000045
all	2078	2	886578	0.0000023
all	2079	3	886578	0.0000034
all	2081	1	886578	0.0000011
all	2082	1	886578	0.0000011
all	2083	1	886578	0.0000011
all	2084	2	886578	0.0000023
all	2085	1	886578	0.0000011
all	2086	1	886578	0.0000011
all	2088	1	886578	0.0000011
all	2091	1	886578	0.0000011
all	2095	1	886578	0.0000011
all	2096	3	886578	0.0000034
all	2097	1	886578	0.0000011
all	2098	3	886578	0.0000034
all	2099	3	886578	0.0000034
all	2101	2	886578	0.0000023
all	2102	2	886578	0.0000023
all	2103	2	886578	0.0000023
all	2104	2	886578	0.0000023
all	2106	3	886578	0.0000034
all	2108	2	886578	0.0000023
all	2110	1	886578	0.0000011
all	2111	2	886578	0.0000023
all	2112	2	886578	0.0000023
all	2113	1	886578	0.0000011
all	2114	2	886578	0.0000023
all	2115	2	886578	0.0000023
all	2116	2	886578	0.0000023
all	2117	2	886578	0.0000023
all	2118	1	886578	0.0000011
all	2119	1	886578	0.0000011
all	2120	2	886578	0.0000023
all	2122	3	886578	0.0000034
all	2124	2	886578	0.0000023
all	2126	2	886578	0.0000023
all	2127	2	886578	0.0000023
all	2128	1	886578	0.0000011
all	2130	1	886578	0.0000011
all	2133	1	886578	0.0000011
all	2134	1	886578	0.0000011
all	2135	1	886578	0.0000011
all	2136	1	886578	0.0000011
all	2137	1	886578	0.0000011
all	2140	1	886578	0.0000011
all	2141	1	886578	0.0000011
all	2142	1	886578	0.0000011
all	2145	1	886578	0.0000011
all	2146	1	886578	0.0000011
all	2151	2	886578	0.0000023
all	2152	2	886578	0.0000023
all	2154	2	886578	0.0000023
all	2156	1	886578	0.0000011
all	2159	1	886578	0.0000011
all	2161	1	886578	0.0000011
all	2162	1	886578	0.0000011
all	2163	1	886578	0.0000011
all	2164	1	886578	0.0000011
all	2168	1	886578	0.0000011
all	2170	1	886578	0.0000011
all	2172	2	886578	0.0000023
all	2174	1	886578	0.0000011
all	2179	1	886578	0.0000011
all	2181	1	886578	0.0000011
all	2183	2	886578	0.0000023
all	2186	1	886578	0.0000011
all	2187	1	886578	0.0000011
all	2192	1	886578	0.0000011
all	2194	2	886578	0.0000023
all	2195	3	886578	0.0000034
all	2198	1	886578	0.0000011
all	2205	1	886578	0.0000011
all	2206	1	886578	0.0000011
all	2208	1	886578	0.0000011
all	2209	1	886578	0.0000011
all	2211	2	886578	0.0000023
all	2212	1	886578	0.0000011
all	2214	1	886578	0.0000011
all	2215	1	886578	0.0000011
all	2217	1	886578	0.0000011
all	2221	1	886578	0.0000011
all	2224	1	886578	0.0000011
all	2225	1	886578	0.0000011
all	2226	1	886578	0.0000011
all	2227	1	886578	0.0000011
all	2229	1	886578	0.0000011
all	2230	1	886578	0.0000011
all	2231	1	886578	0.0000011
all	2237	1	886578	0.0000011
all	2244	1	886578	0.0000011
all	2245	1	886578	0.0000011
all	2247	1	886578	0.0000011
all	2248	1	886578	0.0000011
all	2250	1	886578	0.0000011
all	2253	1	886578	0.0000011
all	2258	1	886578	0.0000011
all	2259	1	886578	0.0000011
all	2260	1	886578	0.0000011
all	2261	1	886578	0.0000011
all	2262	1	886578	0.0000011
all	2270	1	886578	0.0000011
all	2271	1	886578	0.0000011
all	2273	1	886578	0.0000011
all	2275	2	886578	0.0000023
all	2276	1	886578	0.0000011
all	2277	1	886578	0.0000011
all	2278	3	886578	0.0000034
all	2280	1	886578	0.0000011
all	2282	2	886578	0.0000023
all	2283	1	886578	0.0000011
all	2286	1	886578	0.0000011
all	2288	1	886578	0.0000011
all	2289	1	886578	0.0000011
all	2291	1	886578	0.0000011
all	2294	3	886578	0.0000034
all	2296	1	886578	0.0000011
all	2298	1	886578	0.0000011
all	2301	2	886578	0.0000023
all	2304	1	886578	0.0000011
all	2307	2	886578	0.0000023
all	2308	1	886578	0.0000011
all	2309	1	886578	0.0000011
all	2310	1	886578	0.0000011
all	2311	1	886578	0.0000011
all	2312	1	886578	0.0000011
all	2313	1	886578	0.0000011
all	2317	1	886578	0.0000011
all	2318	2	886578	0.0000023
all	2319	2	886578	0.0000023
all	2327	2	886578	0.0000023
all	2331	1	886578	0.0000011
all	2337	1	886578	0.0000011
all	2338	3	886578	0.0000034
all	2339	1	886578	0.0000011
all	2340	1	886578	0.0000011
all	2341	1	886578	0.0000011
all	2342	1	886578	0.0000011
all	2345	1	886578	0.0000011
all	2346	1	886578	0.0000011
all	2347	1	886578	0.0000011
all	2350	1	886578	0.0000011
all	2352	1	886578	0.0000011
all	2353	1	886578	0.0000011
all	2359	1	886578	0.0000011
all	2362	2	886578	0.0000023
all	2364	1	886578	0.0000011
all	2365	1	886578	0.0000011
all	2366	2	886578	0.0000023
all	2367	1	886578	0.0000011
all	2370	1	886578	0.0000011
all	2373	2	886578	0.0000023
all	2374	1	886578	0.0000011
all	2377	1	886578	0.0000011
all	2378	1	886578	0.0000011
all	2382	2	886578	0.0000023
all	2383	1	886578	0.0000011
all	2385	1	886578	0.0000011
all	2386	1	886578	0.0000011
all	2391	1	886578	0.0000011
all	2392	1	886578	0.0000011
all	2393	1	886578	0.0000011
all	2394	1	886578	0.0000011
all	2397	1	886578	0.0000011
all	2399	1	886578	0.0000011
all	2400	2	886578	0.0000023
all	2402	1	886578	0.0000011
all	2404	1	886578	0.0000011
all	2408	1	886578	0.0000011
all	2410	1	886578	0.0000011
all	2411	2	886578	0.0000023
all	2418	1	886578	0.0000011
all	2420	1	886578	0.0000011
all	2421	2	886578	0.0000023
all	2425	3	886578	0.0000034
all	2426	1	886578	0.0000011
all	2429	1	886578	0.0000011
all	2430	1	886578	0.0000011
all	2431	2	886578	0.0000023
all	2433	2	886578	0.0000023
all	2434	1	886578	0.0000011
all	2435	1	886578	0.0000011
all	2436	1	886578	0.0000011
all	2439	1	886578	0.0000011
all	2443	1	886578	0.0000011
all	2447	1	886578	0.0000011
all	2448	1	886578	0.0000011
all	2449	1	886578	0.0000011
all	2451	1	886578	0.0000011
all	2459	1	886578	0.0000011
all	2460	1	886578	0.0000011
all	2462	3	886578	0.0000034
all	2465	1	886578	0.0000011
all	2468	1	886578	0.0000011
all	2469	1	886578	0.0000011
all	2472	1	886578	0.0000011
all	2474	1	886578	0.0000011
all	2475	1	886578	0.0000011
all	2476	2	886578	0.0000023
all	2477	1	886578	0.0000011
all	2479	1	886578	0.0000011
all	2480	1	886578	0.0000011
all	2481	1	886578	0.0000011
all	2482	1	886578	0.0000011
all	2483	1	886578	0.0000011
all	2484	1	886578	0.0000011
all	2486	3	886578	0.0000034
all	2488	1	886578	0.0000011
all	2490	1	886578	0.0000011
all	2491	2	886578	0.0000023
all	2495	1	886578	0.0000011
all	2496	1	886578	0.0000011
all	2498	1	886578	0.0000011
all	2500	1	886578	0.0000011
all	2502	2	886578	0.0000023
all	2507	1	886578	0.0000011
all	2509	2	886578	0.0000023
all	2510	4	886578	0.0000045
all	2511	2	886578	0.0000023
all	2512	1	886578	0.0000011
all	2513	3	886578	0.0000034
all	2514	1	886578	0.0000011
all	2516	1	886578	0.0000011
all	2517	1	886578	0.0000011
all	2519	2	886578	0.0000023
all	2520	1	886578	0.0000011
all	2521	1	886578	0.0000011
all	2523	1	886578	0.0000011
all	2524	2	886578	0.0000023
all	2525	1	886578	0.0000011
all	2526	1	886578	0.0000011
all	2527	2	886578	0.0000023
all	2528	1	886578	0.0000011
all	2532	1	886578	0.0000011
all	2533	1	886578	0.0000011
all	2536	1	886578	0.0000011
all	2538	3	886578	0.0000034
all	2539	1	886578	0.0000011
all	2540	2	886578	0.0000023
all	2544	1	886578	0.0000011
all	2545	2	886578	0.0000023
all	2548	2	886578	0.0000023
all	2549	1	886578	0.0000011
all	2550	1	886578	0.0000011
all	2552	2	886578	0.0000023
all	2553	1	886578	0.0000011
all	2554	3	886578	0.0000034
all	2558	1	886578	0.0000011
all	2559	1	886578	0.0000011
all	2561	2	886578	0.0000023
all	2562	1	886578	0.0000011
all	2566	2	886578	0.0000023
all	2567	1	886578	0.0000011
all	2569	2	886578	0.0000023
all	2570	3	886578	0.0000034
all	2571	1	886578	0.0000011
all	2573	1	886578	0.0000011
all	2577	1	886578	0.0000011
all	2578	1	886578	0.0000011
all	2581	1	886578	0.0000011
all	2582	2	886578	0.0000023
all	2584	1	886578	0.0000011
all	2585	1	886578	0.0000011
all	2586	1	886578	0.0000011
all	2591	1	886578	0.0000011
all	2593	2	886578	0.0000023
all	2595	2	886578	0.0000023
all	2596	2	886578	0.0000023
all	2597	1	886578	0.0000011
all	2598	1	886578	0.0000011
all	2600	1	886578	0.0000011
all	2601	1	886578	0.0000011
all	2603	1	886578	0.0000011
all	2604	2	886578	0.0000023
all	2605	1	886578	0.0000011
all	2606	1	886578	0.0000011
all	2607	1	886578	0.0000011
all	2610	1	886578	0.0000011
all	2612	3	886578	0.0000034
all	2613	2	886578	0.0000023
all	2615	1	886578	0.0000011
all	2617	3	886578	0.0000034
all	2618	1	886578	0.0000011
all	2619	1	886578	0.0000011
all	2620	1	886578	0.0000011
all	2622	1	886578	0.0000011
all	2624	1	886578	0.0000011
all	2625	2	886578	0.0000023
all	2626	1	886578	0.0000011
all	2627	1	886578	0.0000011
all	2628	3	886578	0.0000034
all	2629	1	886578	0.0000011
all	2630	1	886578	0.0000011
all	2632	1	886578	0.0000011
all	2633	1	886578	0.0000011
all	2634	3	886578	0.0000034
all	2635	1	886578	0.0000011
all	2636	1	886578	0.0000011
all	2638	1	886578	0.0000011
all	2639	1	886578	0.0000011
all	2641	4	886578	0.0000045
all	2644	3	886578	0.0000034
all	2645	1	886578	0.0000011
all	2646	3	886578	0.0000034
all	2647	1	886578	0.0000011
all	2648	1	886578	0.0000011
all	2649	1	886578	0.0000011
all	2650	2	886578	0.0000023
all	2651	2	886578	0.0000023
all	2653	2	886578	0.0000023
all	2654	2	886578	0.0000023
all	2655	2	886578	0.0000023
all	2656	1	886578	0.0000011
all	2659	3	886578	0.0000034
all	2660	1	886578	0.0000011
all	2663	2	886578	0.0000023
all	2664	2	886578	0.0000023
all	2665	2	886578	0.0000023
all	2666	1	886578	0.0000011
all	2668	2	886578	0.0000023
all	2669	1	886578	0.0000011
all	2670	4	886578	0.0000045
all	2672	1	886578	0.0000011
all	2673	2	886578	0.0000023
all	2676	3	886578	0.0000034
all	2677	4	886578	0.0000045
all	2678	8	886578	0.0000090
all	2679	5	886578	0.0000056
all	2680	9	886578	0.0000102
all	2681	5	886578	0.0000056
all	2682	3	886578	0.0000034
all	2683	2	886578	0.0000023
all	2684	2	886578	0.0000023
all	2685	4	886578	0.0000045
all	2686	3	886578	0.0000034
all	2687	4	886578	0.0000045
all	2688	1	886578	0.0000011
all	2689	6	886578	0.0000068
all	2690	1	886578	0.0000011
all	2691	3	886578	0.0000034
all	2692	7	886578	0.0000079
all	2693	5	886578	0.0000056
all	2695	2	886578	0.0000023
all	2696	3	886578	0.0000034
all	2698	2	886578	0.0000023
all	2699	1	886578	0.0000011
all	2700	1	886578	0.0000011
all	2701	1	886578	0.0000011
all	2702	3	886578	0.0000034
all	2703	3	886578	0.0000034
all	2704	1	886578	0.0000011
all	2706	1	886578	0.0000011
all	2707	1	886578	0.0000011
all	2708	3	886578	0.0000034
all	2709	1	886578	0.0000011
all	2710	2	886578	0.0000023
all	2711	2	886578	0.0000023
all	2712	1	886578	0.0000011
all	2713	1	886578	0.0000011
all	2714	1	886578	0.0000011
all	2717	1	886578	0.0000011
all	2721	1	886578	0.0000011
all	2722	2	886578	0.0000023
all	2723	1	886578	0.0000011
all	2724	1	886578	0.0000011
all	2725	1	886578	0.0000011
all	2727	1	886578	0.0000011
all	2728	1	886578	0.0000011
all	2729	1	886578	0.0000011
all	2731	1	886578	0.0000011
all	2733	1	886578	0.0000011
all	2734	2	886578	0.0000023
all	2737	1	886578	0.0000011
all	2739	1	886578	0.0000011
all	2741	1	886578	0.0000011
all	2742	1	886578	0.0000011
all	2743	1	886578	0.0000011
all	2744	3	886578	0.0000034
all	2745	1	886578	0.0000011
all	2746	1	886578	0.0000011
all	2749	2	886578	0.0000023
all	2750	1	886578	0.0000011
all	2751	2	886578	0.0000023
all	2754	1	886578	0.0000011
all	2755	2	886578	0.0000023
all	2758	3	886578	0.0000034
all	2759	1	886578	0.0000011
all	2760	2	886578	0.0000023
all	2762	3	886578	0.0000034
all	2764	1	886578	0.0000011
all	2765	1	886578	0.0000011
all	2766	1	886578	0.0000011
all	2767	1	886578	0.0000011
all	2768	3	886578	0.0000034
all	2769	2	886578	0.0000023
all	2770	1	886578	0.0000011
all	2771	2	886578	0.0000023
all	2772	2	886578	0.0000023
all	2775	2	886578	0.0000023
all	2776	1	886578	0.0000011
all	2778	1	886578	0.0000011
all	2779	1	886578	0.0000011
all	2784	2	886578	0.0000023
all	2787	1	886578	0.0000011
all	2788	3	886578	0.0000034
all	2789	1	886578	0.0000011
all	2790	2	886578	0.0000023
all	2791	1	886578	0.0000011
all	2792	2	886578	0.0000023
all	2794	1	886578	0.0000011
all	2795	3	886578	0.0000034
all	2796	2	886578	0.0000023
all	2797	2	886578	0.0000023
all	2799	1	886578	0.0000011
all	2803	1	886578	0.0000011
all	2805	2	886578	0.0000023
all	2807	1	886578	0.0000011
all	2808	2	886578	0.0000023
all	2809	1	886578	0.0000011
all	2810	2	886578	0.0000023
all	2811	3	886578	0.0000034
all	2812	2	886578	0.0000023
all	2814	1	886578	0.0000011
all	2818	1	886578	0.0000011
all	2822	1	886578	0.0000011
all	2823	1	886578	0.0000011
all	2824	1	886578	0.0000011
all	2825	2	886578	0.0000023
all	2827	1	886578	0.0000011
all	2829	1	886578	0.0000011
all	2830	2	886578	0.0000023
all	2832	1	886578	0.0000011
all	2833	2	886578	0.0000023
all	2834	1	886578	0.0000011
all	2837	1	886578	0.0000011
all	2838	2	886578	0.0000023
all	2839	2	886578	0.0000023
all	2840	1	886578	0.0000011
all	2842	3	886578	0.0000034
all	2843	2	886578	0.0000023
all	2844	1	886578	0.0000011
all	2845	1	886578	0.0000011
all	2846	1	886578	0.0000011
all	2847	1	886578	0.0000011
all	2848	2	886578	0.0000023
all	2849	1	886578	0.0000011
all	2851	1	886578	0.0000011
all	2852	1	886578	0.0000011
all	2853	4	886578	0.0000045
all	2857	1	886578	0.0000011
all	2858	1	886578	0.0000011
all	2859	1	886578	0.0000011
all	2862	1	886578	0.0000011
all	2863	1	886578	0.0000011
all	2864	1	886578	0.0000011
all	2865	2	886578	0.0000023
all	2867	3	886578	0.0000034
all	2868	1	886578	0.0000011
all	2869	2	886578	0.0000023
all	2870	2	886578	0.0000023
all	2871	4	886578	0.0000045
all	2873	2	886578	0.0000023
all	2874	3	886578	0.0000034
all	2876	2	886578	0.0000023
all	2878	2	886578	0.0000023
all	2880	1	886578	0.0000011
all	2881	1	886578	0.0000011
all	2884	1	886578	0.0000011
all	2887	3	886578	0.0000034
all	2889	2	886578	0.0000023
all	2890	2	886578	0.0000023
all	2891	5	886578	0.0000056
all	2893	1	886578	0.0000011
all	2894	3	886578	0.0000034
all	2895	1	886578	0.0000011
all	2897	2	886578	0.0000023
all	2898	1	886578	0.0000011
all	2901	3	886578	0.0000034
all	2902	1	886578	0.0000011
all	2903	1	886578	0.0000011
all	2907	1	886578	0.0000011
all	2912	3	886578	0.0000034
all	2913	2	886578	0.0000023
all	2915	3	886578	0.0000034
all	2917	4	886578	0.0000045
all	2922	2	886578	0.0000023
all	2926	2	886578	0.0000023
all	2932	1	886578	0.0000011
all	2936	1	886578	0.0000011
all	2940	1	886578	0.0000011
all	2941	1	886578	0.0000011
all	2943	1	886578	0.0000011
all	2945	1	886578	0.0000011
all	2950	1	886578	0.0000011
all	2952	1	886578	0.0000011
all	2957	1	886578	0.0000011
all	2959	1	886578	0.0000011
all	2960	1	886578	0.0000011
all	2961	1	886578	0.0000011
all	2966	1	886578	0.0000011
all	2969	2	886578	0.0000023
all	2971	1	886578	0.0000011
all	2974	1	886578	0.0000011
all	2976	1	886578	0.0000011
all	2978	1	886578	0.0000011
all	2982	1	886578	0.0000011
all	2984	1	886578	0.0000011
all	2987	1	886578	0.0000011
all	2988	1	886578	0.0000011
all	2989	1	886578	0.0000011
all	2990	1	886578	0.0000011
all	2991	1	886578	0.0000011
all	2993	1	886578	0.0000011
all	2994	1	886578	0.0000011
all	3000	2	886578	0.0000023
all	3002	1	886578	0.0000011
all	3006	1	886578	0.0000011
all	3010	1	886578	0.0000011
all	3017	1	886578	0.0000011
all	3018	1	886578	0.0000011
all	3019	2	886578	0.0000023
all	3021	1	886578	0.0000011
all	3031	3	886578	0.0000034
all	3039	2	886578	0.0000023
all	3040	1	886578	0.0000011
all	3043	1	886578	0.0000011
all	3048	1	886578	0.0000011
all	3051	1	886578	0.0000011
all	3052	1	886578	0.0000011
all	3059	1	886578	0.0000011
all	3060	1	886578	0.0000011
all	3062	1	886578	0.0000011
all	3063	1	886578	0.0000011
all	3066	1	886578	0.0000011
all	3068	1	886578	0.0000011
all	3070	1	886578	0.0000011
all	3071	2	886578	0.0000023
all	3073	1	886578	0.0000011
all	3074	1	886578	0.0000011
all	3078	1	886578	0.0000011
all	3079	2	886578	0.0000023
all	3083	1	886578	0.0000011
all	3087	1	886578	0.0000011
all	3089	1	886578	0.0000011
all	3098	1	886578	0.0000011
all	3099	1	886578	0.0000011
all	3100	1	886578	0.0000011
all	3101	1	886578	0.0000011
all	3104	1	886578	0.0000011
all	3109	1	886578	0.0000011
all	3112	1	886578	0.0000011
all	3113	1	886578	0.0000011
all	3115	1	886578	0.0000011
all	3119	1	886578	0.0000011
all	3122	1	886578	0.0000011
all	3127	2	886578	0.0000023
all	3132	1	886578	0.0000011
all	3137	1	886578	0.0000011
all	3138	1	886578	0.0000011
all	3142	1	886578	0.0000011
all	3146	1	886578	0.0000011
all	3147	1	886578	0.0000011
all	3158	2	886578	0.0000023
all	3161	1	886578	0.0000011
all	3166	2	886578	0.0000023
all	3175	1	886578	0.0000011
all	3180	1	886578	0.0000011
all	3181	1	886578	0.0000011
all	3182	1	886578	0.0000011
all	3184	1	886578	0.0000011
all	3187	1	886578	0.0000011
all	3190	1	886578	0.0000011
all	3191	1	886578	0.0000011
all	3195	2	886578	0.0000023
all	3196	1	886578	0.0000011
all	3197	1	886578	0.0000011
all	3202	1	886578	0.0000011
all	3208	1	886578	0.0000011
all	3210	1	886578	0.0000011
all	3218	1	886578	0.0000011
all	3223	1	886578	0.0000011
all	3228	1	886578	0.0000011
all	3229	1	886578	0.0000011
all	3231	1	886578	0.0000011
all	3233	1	886578	0.0000011
all	3242	1	886578	0.0000011
all	3244	1	886578	0.0000011
all	3248	2	886578	0.0000023
all	3250	1	886578	0.0000011
all	3252	1	886578	0.0000011
all	3257	2	886578	0.0000023
all	3262	1	886578	0.0000011
all	3264	1	886578	0.0000011
all	3265	1	886578	0.0000011
all	3266	2	886578	0.0000023
all	3269	1	886578	0.0000011
all	3273	1	886578	0.0000011
all	3276	2	886578	0.0000023
all	3278	1	886578	0.0000011
all	3282	1	886578	0.0000011
all	3288	1	886578	0.0000011
all	3290	1	886578	0.0000011
all	3292	1	886578	0.0000011
all	3296	2	886578	0.0000023
all	3298	2	886578	0.0000023
all	3305	1	886578	0.0000011
all	3308	1	886578	0.0000011
all	3309	3	886578	0.0000034
all	3311	1	886578	0.0000011
all	3313	1	886578	0.0000011
all	3315	1	886578	0.0000011
all	3318	1	886578	0.0000011
all	3319	1	886578	0.0000011
all	3320	1	886578	0.0000011
all	3322	2	886578	0.0000023
all	3324	2	886578	0.0000023
all	3325	1	886578	0.0000011
all	3326	3	886578	0.0000034
all	3327	2	886578	0.0000023
all	3328	1	886578	0.0000011
all	3329	1	886578	0.0000011
all	3330	2	886578	0.0000023
all	3332	2	886578	0.0000023
all	3333	1	886578	0.0000011
all	3334	1	886578	0.0000011
all	3336	1	886578	0.0000011
all	3337	2	886578	0.0000023
all	3339	1	886578	0.0000011
all	3340	2	886578	0.0000023
all	3344	1	886578	0.0000011
all	3347	1	886578	0.0000011
all	3355	1	886578	0.0000011
all	3359	1	886578	0.0000011
all	3360	2	886578	0.0000023
all	3361	1	886578	0.0000011
all	3362	1	886578	0.0000011
all	3365	1	886578	0.0000011
all	3367	1	886578	0.0000011
all	3373	1	886578	0.0000011
all	3379	1	886578	0.0000011
all	3383	1	886578	0.0000011
all	3386	1	886578	0.0000011
all	3388	1	886578	0.0000011
all	3389	1	886578	0.0000011
all	3392	1	886578	0.0000011
all	3393	1	886578	0.0000011
all	3395	1	886578	0.0000011
all	3398	1	886578	0.0000011
all	3403	2	886578	0.0000023
all	3405	2	886578	0.0000023
all	3408	1	886578	0.0000011
all	3412	1	886578	0.0000011
all	3414	1	886578	0.0000011
all	3417	1	886578	0.0000011
all	3418	1	886578	0.0000011
all	3420	2	886578	0.0000023
all	3422	1	886578	0.0000011
all	3424	1	886578	0.0000011
all	3428	2	886578	0.0000023
all	3430	1	886578	0.0000011
all	3431	1	886578	0.0000011
all	3432	1	886578	0.0000011
all	3434	1	886578	0.0000011
all	3436	1	886578	0.0000011
all	3438	1	886578	0.0000011
all	3444	1	886578	0.0000011
all	3445	2	886578	0.0000023
all	3448	1	886578	0.0000011
all	3453	1	886578	0.0000011
all	3462	1	886578	0.0000011
all	3463	1	886578	0.0000011
all	3465	1	886578	0.0000011
all	3471	1	886578	0.0000011
all	3483	1	886578	0.0000011
all	3488	1	886578	0.0000011
all	3499	1	886578	0.0000011
all	3504	1	886578	0.0000011
all	3505	1	886578	0.0000011
all	3508	1	886578	0.0000011
all	3514	1	886578	0.0000011
all	3523	1	886578	0.0000011
all	3527	2	886578	0.0000023
all	3536	1	886578	0.0000011
all	3541	2	886578	0.0000023
all	3542	1	886578	0.0000011
all	3546	1	886578	0.0000011
all	3548	1	886578	0.0000011
all	3569	1	886578	0.0000011
all	3579	1	886578	0.0000011
all	3585	2	886578	0.0000023
all	3590	3	886578	0.0000034
all	3603	1	886578	0.0000011
all	3608	1	886578	0.0000011
all	3610	1	886578	0.0000011
all	3611	1	886578	0.0000011
all	3613	1	886578	0.0000011
all	3619	1	886578	0.0000011
all	3623	1	886578	0.0000011
all	3629	1	886578	0.0000011
all	3633	1	886578	0.0000011
all	3637	1	886578	0.0000011
all	3642	1	886578	0.0000011
all	3644	1	886578	0.0000011
all	3647	1	886578	0.0000011
all	3658	1	886578	0.0000011
all	3660	1	886578	0.0000011
all	3661	2	886578	0.0000023
all	3663	1	886578	0.0000011
all	3666	1	886578	0.0000011
all	3669	1	886578	0.0000011
all	3676	1	886578	0.0000011
all	3683	1	886578	0.0000011
all	3701	2	886578	0.0000023
all	3708	2	886578	0.0000023
all	3712	1	886578	0.0000011
all	3719	1	886578	0.0000011
all	3725	1	886578	0.0000011
all	3727	1	886578	0.0000011
all	3730	2	886578	0.0000023
all	3731	1	886578	0.0000011
all	3743	2	886578	0.0000023
all	3746	1	886578	0.0000011
all	3748	1	886578	0.0000011
all	3752	2	886578	0.0000023
all	3755	1	886578	0.0000011
all	3758	1	886578	0.0000011
all	3766	1	886578	0.0000011
all	3772	1	886578	0.0000011
all	3775	1	886578	0.0000011
all	3776	2	886578	0.0000023
all	3789	1	886578	0.0000011
all	3792	1	886578	0.0000011
all	3797	2	886578	0.0000023
all	3802	1	886578	0.0000011
all	3805	1	886578	0.0000011
all	3806	1	886578	0.0000011
all	3811	1	886578	0.0000011
all	3813	1	886578	0.0000011
all	3819	2	886578	0.0000023
all	3821	1	886578	0.0000011
all	3823	1	886578	0.0000011
all	3824	1	886578	0.0000011
all	3825	1	886578	0.0000011
all	3828	1	886578	0.0000011
all	3829	1	886578	0.0000011
all	3830	1	886578	0.0000011
all	3832	1	886578	0.0000011
all	3836	1	886578	0.0000011
all	3840	1	886578	0.0000011
all	3845	1	886578	0.0000011
all	3846	1	886578	0.0000011
all	3857	2	886578	0.0000023
all	3858	1	886578	0.0000011
all	3862	3	886578	0.0000034
all	3864	1	886578	0.0000011
all	3869	1	886578	0.0000011
all	3875	4	886578	0.0000045
all	3878	1	886578	0.0000011
all	3879	1	886578	0.0000011
all	3882	1	886578	0.0000011
all	3883	1	886578	0.0000011
all	3884	1	886578	0.0000011
all	3887	1	886578	0.0000011
all	3893	1	886578	0.0000011
all	3896	1	886578	0.0000011
all	3906	2	886578	0.0000023
all	3907	1	886578	0.0000011
all	3909	1	886578	0.0000011
all	3910	1	886578	0.0000011
all	3911	1	886578	0.0000011
all	3915	1	886578	0.0000011
all	3917	1	886578	0.0000011
all	3919	1	886578	0.0000011
all	3925	1	886578	0.0000011
all	3927	2	886578	0.0000023
all	3930	1	886578	0.0000011
all	3932	2	886578	0.0000023
all	3934	1	886578	0.0000011
all	3941	1	886578	0.0000011
all	3947	1	886578	0.0000011
all	3950	2	886578	0.0000023
all	3953	2	886578	0.0000023
all	3955	1	886578	0.0000011
all	3960	2	886578	0.0000023
all	3961	4	886578	0.0000045
all	3963	1	886578	0.0000011
all	3964	1	886578	0.0000011
all	3966	1	886578	0.0000011
all	3970	1	886578	0.0000011
all	3972	1	886578	0.0000011
all	3973	1	886578	0.0000011
all	3975	1	886578	0.0000011
all	3978	1	886578	0.0000011
all	3979	1	886578	0.0000011
all	3986	1	886578	0.0000011
all	3990	2	886578	0.0000023
all	3992	1	886578	0.0000011
all	3993	1	886578	0.0000011
all	3994	1	886578	0.0000011
all	3996	1	886578	0.0000011
all	3998	1	886578	0.0000011
all	4000	1	886578	0.0000011
all	4004	1	886578	0.0000011
all	4007	3	886578	0.0000034
all	4008	1	886578	0.0000011
all	4009	1	886578	0.0000011
all	4015	2	886578	0.0000023
all	4018	1	886578	0.0000011
all	4020	1	886578	0.0000011
all	4023	1	886578	0.0000011
all	4025	1	886578	0.0000011
all	4030	1	886578	0.0000011
all	4031	1	886578	0.0000011
all	4033	2	886578	0.0000023
all	4035	1	886578	0.0000011
all	4036	1	886578	0.0000011
all	4041	1	886578	0.0000011
all	4042	1	886578	0.0000011
all	4044	1	886578	0.0000011
all	4045	1	886578	0.0000011
all	4052	1	886578	0.0000011
all	4053	1	886578	0.0000011
all	4054	1	886578	0.0000011
all	4057	1	886578	0.0000011
all	4058	2	886578	0.0000023
all	4060	1	886578	0.0000011
all	4064	1	886578	0.0000011
all	4065	1	886578	0.0000011
all	4066	1	886578	0.0000011
all	4067	1	886578	0.0000011
all	4068	1	886578	0.0000011
all	4071	1	886578	0.0000011
all	4072	2	886578	0.0000023
all	4073	1	886578	0.0000011
all	4078	1	886578	0.0000011
all	4080	1	886578	0.0000011
all	4083	2	886578	0.0000023
all	4084	1	886578	0.0000011
all	4087	1	886578	0.0000011
all	4088	1	886578	0.0000011
all	4090	1	886578	0.0000011
all	4092	1	886578	0.0000011
all	4094	1	886578	0.0000011
all	4095	1	886578	0.0000011
all	4096	3	886578	0.0000034
all	4098	1	886578	0.0000011
all	4099	2	886578	0.0000023
all	4103	1	886578	0.0000011
all	4106	1	886578	0.0000011
all	4109	1	886578	0.0000011
all	4110	1	886578	0.0000011
all	4111	2	886578	0.0000023
all	4112	2	886578	0.0000023
all	4113	2	886578	0.0000023
all	4114	2	886578	0.0000023
all	4115	1	886578	0.0000011
all	4118	2	886578	0.0000023
all	4119	2	886578	0.0000023
all	4120	1	886578	0.0000011
all	4121	1	886578	0.0000011
all	4122	3	886578	0.0000034
all	4126	1	886578	0.0000011
all	4127	3	886578	0.0000034
all	4128	2	886578	0.0000023
all	4132	2	886578	0.0000023
all	4133	1	886578	0.0000011
all	4136	1	886578	0.0000011
all	4139	1	886578	0.0000011
all	4140	1	886578	0.0000011
all	4143	1	886578	0.0000011
all	4145	1	886578	0.0000011
all	4146	4	886578	0.0000045
all	4147	3	886578	0.0000034
all	4148	2	886578	0.0000023
all	4151	1	886578	0.0000011
all	4153	2	886578	0.0000023
all	4154	2	886578	0.0000023
all	4156	2	886578	0.0000023
all	4158	1	886578	0.0000011
all	4159	1	886578	0.0000011
all	4160	1	886578	0.0000011
all	4161	2	886578	0.0000023
all	4165	1	886578	0.0000011
all	4166	1	886578	0.0000011
all	4167	1	886578	0.0000011
all	4171	1	886578	0.0000011
all	4172	1	886578	0.0000011
all	4176	1	886578	0.0000011
all	4179	1	886578	0.0000011
all	4182	1	886578	0.0000011
all	4183	1	886578	0.0000011
all	4185	1	886578	0.0000011
all	4189	2	886578	0.0000023
all	4190	1	886578	0.0000011
all	4192	2	886578	0.0000023
all	4196	1	886578	0.0000011
all	4197	1	886578	0.0000011
all	4200	1	886578	0.0000011
all	4202	1	886578	0.0000011
all	4204	1	886578	0.0000011
all	4205	1	886578	0.0000011
all	4208	2	886578	0.0000023
all	4209	2	886578	0.0000023
all	4211	1	886578	0.0000011
all	4215	1	886578	0.0000011
all	4216	2	886578	0.0000023
all	4218	1	886578	0.0000011
all	4220	1	886578	0.0000011
all	4223	2	886578	0.0000023
all	4224	1	886578	0.0000011
all	4225	1	886578	0.0000011
all	4227	1	886578	0.0000011
all	4236	1	886578	0.0000011
all	4237	2	886578	0.0000023
all	4239	1	886578	0.0000011
all	4241	1	886578	0.0000011
all	4247	1	886578	0.0000011
all	4249	1	886578	0.0000011
all	4250	2	886578	0.0000023
all	4251	1	886578	0.0000011
all	4252	1	886578	0.0000011
all	4253	1	886578	0.0000011
all	4257	1	886578	0.0000011
all	4258	1	886578	0.0000011
all	4259	1	886578	0.0000011
all	4260	2	886578	0.0000023
all	4265	1	886578	0.0000011
all	4267	2	886578	0.0000023
all	4268	2	886578	0.0000023
all	4272	1	886578	0.0000011
all	4274	1	886578	0.0000011
all	4277	1	886578	0.0000011
all	4279	1	886578	0.0000011
all	4280	2	886578	0.0000023
all	4283	1	886578	0.0000011
all	4286	3	886578	0.0000034
all	4287	2	886578	0.0000023
all	4289	2	886578	0.0000023
all	4291	1	886578	0.0000011
all	4293	1	886578	0.0000011
all	4294	1	886578	0.0000011
all	4300	1	886578	0.0000011
all	4303	1	886578	0.0000011
all	4306	1	886578	0.0000011
all	4307	1	886578	0.0000011
all	4309	1	886578	0.0000011
all	4318	2	886578	0.0000023
all	4320	1	886578	0.0000011
all	4321	1	886578	0.0000011
all	4326	2	886578	0.0000023
all	4327	1	886578	0.0000011
all	4328	1	886578	0.0000011
all	4333	1	886578	0.0000011
all	4336	2	886578	0.0000023
all	4338	1	886578	0.0000011
all	4342	1	886578	0.0000011
all	4344	1	886578	0.0000011
all	4346	1	886578	0.0000011
all	4348	1	886578	0.0000011
all	4351	1	886578	0.0000011
all	4355	1	886578	0.0000011
all	4356	1	886578	0.0000011
all	4358	1	886578	0.0000011
all	4359	1	886578	0.0000011
all	4360	1	886578	0.0000011
all	4368	2	886578	0.0000023
all	4369	3	886578	0.0000034
all	4370	1	886578	0.0000011
all	4371	1	886578	0.0000011
all	4372	1	886578	0.0000011
all	4374	1	886578	0.0000011
all	4375	1	886578	0.0000011
all	4378	2	886578	0.0000023
all	4379	1	886578	0.0000011
all	4380	1	886578	0.0000011
all	4381	1	886578	0.0000011
all	4382	1	886578	0.0000011
all	4384	1	886578	0.0000011
all	4386	2	886578	0.0000023
all	4389	1	886578	0.0000011
all	4391	1	886578	0.0000011
all	4395	2	886578	0.0000023
all	4396	1	886578	0.0000011
all	4397	1	886578	0.0000011
all	4398	1	886578	0.0000011
all	4400	1	886578	0.0000011
all	4406	1	886578	0.0000011
all	4408	1	886578	0.0000011
all	4409	1	886578	0.0000011
all	4410	3	886578	0.0000034
all	4416	2	886578	0.0000023
all	4417	1	886578	0.0000011
all	4421	2	886578	0.0000023
all	4422	1	886578	0.0000011
all	4424	2	886578	0.0000023
all	4426	1	886578	0.0000011
all	4427	2	886578	0.0000023
all	4429	1	886578	0.0000011
all	4431	1	886578	0.0000011
all	4432	1	886578	0.0000011
all	4434	3	886578	0.0000034
all	4435	1	886578	0.0000011
all	4436	1	886578	0.0000011
all	4438	3	886578	0.0000034
all	4441	1	886578	0.0000011
all	4443	1	886578	0.0000011
all	4446	1	886578	0.0000011
all	4448	2	886578	0.0000023
all	4449	1	886578	0.0000011
all	4455	1	886578	0.0000011
all	4457	1	886578	0.0000011
all	4467	1	886578	0.0000011
all	4471	2	886578	0.0000023
all	4472	1	886578	0.0000011
all	4473	1	886578	0.0000011
all	4474	1	886578	0.0000011
all	4481	1	886578	0.0000011
all	4482	1	886578	0.0000011
all	4486	1	886578	0.0000011
all	4493	1	886578	0.0000011
all	4494	1	886578	0.0000011
all	4497	2	886578	0.0000023
all	4499	1	886578	0.0000011
all	4503	2	886578	0.0000023
all	4508	2	886578	0.0000023
all	4517	1	886578	0.0000011
all	4518	1	886578	0.0000011
all	4526	1	886578	0.0000011
all	4529	1	886578	0.0000011
all	4530	1	886578	0.0000011
all	4535	1	886578	0.0000011
all	4540	1	886578	0.0000011
all	4543	1	886578	0.0000011
all	4549	1	886578	0.0000011
all	4555	1	886578	0.0000011
all	4556	2	886578	0.0000023
all	4557	1	886578	0.0000011
all	4558	1	886578	0.0000011
all	4559	2	886578	0.0000023
all	4563	1	886578	0.0000011
all	4566	1	886578	0.0000011
all	4569	1	886578	0.0000011
all	4574	1	886578	0.0000011
all	4576	1	886578	0.0000011
all	4579	1	886578	0.0000011
all	4580	1	886578	0.0000011
all	4582	1	886578	0.0000011
all	4586	2	886578	0.0000023
all	4587	1	886578	0.0000011
all	4590	1	886578	0.0000011
all	4593	1	886578	0.0000011
all	4603	1	886578	0.0000011
all	4606	1	886578	0.0000011
all	4609	1	886578	0.0000011
all	4612	1	886578	0.0000011
all	4625	1	886578	0.0000011
all	4626	1	886578	0.0000011
all	4643	1	886578	0.0000011
all	4645	1	886578	0.0000011
all	4647	1	886578	0.0000011
all	4650	1	886578	0.0000011
all	4657	2	886578	0.0000023
all	4671	1	886578	0.0000011
all	4678	1	886578	0.0000011
all	4683	1	886578	0.0000011
all	4688	1	886578	0.0000011
all	4696	1	886578	0.0000011
all	4699	1	886578	0.0000011
all	4702	1	886578	0.0000011
all	4704	1	886578	0.0000011
all	4706	1	886578	0.0000011
all	4709	1	886578	0.0000011
all	4713	2	886578	0.0000023
all	4718	1	886578	0.0000011
all	4720	1	886578	0.0000011
all	4723	1	886578	0.0000011
all	4728	1	886578	0.0000011
all	4729	1	886578	0.0000011
all	4736	1	886578	0.0000011
all	4738	1	886578	0.0000011
all	4744	2	886578	0.0000023
all	4745	1	886578	0.0000011
all	4755	1	886578	0.0000011
all	4758	1	886578	0.0000011
all	4761	2	886578	0.0000023
all	4762	1	886578	0.0000011
all	4768	1	886578	0.0000011
all	4772	2	886578	0.0000023
all	4773	2	886578	0.0000023
all	4777	1	886578	0.0000011
all	4781	2	886578	0.0000023
all	4786	2	886578	0.0000023
all	4789	1	886578	0.0000011
all	4794	1	886578	0.0000011
all	4798	3	886578	0.0000034
all	4800	2	886578	0.0000023
all	4801	2	886578	0.0000023
all	4802	1	886578	0.0000011
all	4803	4	886578	0.0000045
all	4806	1	886578	0.0000011
all	4807	2	886578	0.0000023
all	4809	1	886578	0.0000011
all	4810	1	886578	0.0000011
all	4811	1	886578	0.0000011
all	4812	2	886578	0.0000023
all	4816	1	886578	0.0000011
all	4821	1	886578	0.0000011
all	4825	1	886578	0.0000011
all	4831	1	886578	0.0000011
all	4841	1	886578	0.0000011
all	4842	1	886578	0.0000011
all	4852	2	886578	0.0000023
all	4858	1	886578	0.0000011
all	4862	1	886578	0.0000011
all	4867	1	886578	0.0000011
all	4868	1	886578	0.0000011
all	4872	2	886578	0.0000023
all	4877	1	886578	0.0000011
all	4887	1	886578	0.0000011
all	4888	1	886578	0.0000011
all	4894	1	886578	0.0000011
all	4905	2	886578	0.0000023
all	4906	1	886578	0.0000011
all	4907	1	886578	0.0000011
all	4909	1	886578	0.0000011
all	4919	1	886578	0.0000011
all	4925	1	886578	0.0000011
all	4929	1	886578	0.0000011
all	4935	2	886578	0.0000023
all	4940	1	886578	0.0000011
all	4957	1	886578	0.0000011
all	4966	1	886578	0.0000011
all	4974	1	886578	0.0000011
all	4978	2	886578	0.0000023
all	4980	1	886578	0.0000011
all	4983	1	886578	0.0000011
all	4987	1	886578	0.0000011
all	4991	1	886578	0.0000011
all	5007	1	886578	0.0000011
all	5015	1	886578	0.0000011
all	5023	2	886578	0.0000023
all	5027	1	886578	0.0000011
all	5032	1	886578	0.0000011
all	5036	1	886578	0.0000011
all	5037	1	886578	0.0000011
all	5042	1	886578	0.0000011
all	5043	1	886578	0.0000011
all	5047	1	886578	0.0000011
all	5063	1	886578	0.0000011
all	5075	1	886578	0.0000011
all	5077	1	886578	0.0000011
all	5080	1	886578	0.0000011
all	5086	1	886578	0.0000011
all	5092	1	886578	0.0000011
all	5093	1	886578	0.0000011
all	5094	1	886578	0.0000011
all	5099	1	886578	0.0000011
all	5102	1	886578	0.0000011
all	5104	1	886578	0.0000011
all	5105	1	886578	0.0000011
all	5108	1	886578	0.0000011
all	5111	1	886578	0.0000011
all	5113	1	886578	0.0000011
all	5119	1	886578	0.0000011
all	5122	1	886578	0.0000011
all	5123	2	886578	0.0000023
all	5127	1	886578	0.0000011
all	5128	1	886578	0.0000011
all	5130	1	886578	0.0000011
all	5131	2	886578	0.0000023
all	5132	1	886578	0.0000011
all	5133	1	886578	0.0000011
all	5134	1	886578	0.0000011
all	5138	1	886578	0.0000011
all	5140	1	886578	0.0000011
all	5143	1	886578	0.0000011
all	5150	1	886578	0.0000011
all	5156	2	886578	0.0000023
all	5158	1	886578	0.0000011
all	5160	1	886578	0.0000011
all	5165	1	886578	0.0000011
all	5166	1	886578	0.0000011
all	5167	2	886578	0.0000023
all	5174	1	886578	0.0000011
all	5175	1	886578	0.0000011
all	5179	1	886578	0.0000011
all	5185	1	886578	0.0000011
all	5186	1	886578	0.0000011
all	5190	1	886578	0.0000011
all	5192	1	886578	0.0000011
all	5195	1	886578	0.0000011
all	5198	2	886578	0.0000023
all	5200	1	886578	0.0000011
all	5203	1	886578	0.0000011
all	5205	3	886578	0.0000034
all	5208	1	886578	0.0000011
all	5209	2	886578	0.0000023
all	5211	1	886578	0.0000011
all	5212	2	886578	0.0000023
all	5214	1	886578	0.0000011
all	5215	1	886578	0.0000011
all	5223	2	886578	0.0000023
all	5236	1	886578	0.0000011
all	5238	1	886578	0.0000011
all	5246	1	886578	0.0000011
all	5247	1	886578	0.0000011
all	5250	1	886578	0.0000011
all	5253	1	886578	0.0000011
all	5262	1	886578	0.0000011
all	5265	1	886578	0.0000011
all	5270	1	886578	0.0000011
all	5276	1	886578	0.0000011
all	5280	1	886578	0.0000011
all	5289	1	886578	0.0000011
all	5300	1	886578	0.0000011
all	5306	1	886578	0.0000011
all	5307	2	886578	0.0000023
all	5308	1	886578	0.0000011
all	5334	1	886578	0.0000011
all	5339	1	886578	0.0000011
all	5340	1	886578	0.0000011
all	5342	1	886578	0.0000011
all	5353	1	886578	0.0000011
all	5355	1	886578	0.0000011
all	5367	3	886578	0.0000034
all	5372	1	886578	0.0000011
all	5375	1	886578	0.0000011
all	5378	1	886578	0.0000011
all	5391	1	886578	0.0000011
all	5393	2	886578	0.0000023
all	5395	1	886578	0.0000011
all	5404	1	886578	0.0000011
all	5412	1	886578	0.0000011
all	5414	1	886578	0.0000011
all	5415	3	886578	0.0000034
all	5418	1	886578	0.0000011
all	5419	1	886578	0.0000011
all	5424	1	886578	0.0000011
all	5426	2	886578	0.0000023
all	5433	1	886578	0.0000011
all	5436	1	886578	0.0000011
all	5438	2	886578	0.0000023
all	5443	1	886578	0.0000011
all	5449	1	886578	0.0000011
all	5454	1	886578	0.0000011
all	5463	1	886578	0.0000011
all	5464	1	886578	0.0000011
all	5470	1	886578	0.0000011
all	5473	1	886578	0.0000011
all	5475	1	886578	0.0000011
all	5476	1	886578	0.0000011
all	5478	1	886578	0.0000011
all	5479	1	886578	0.0000011
all	5486	1	886578	0.0000011
all	5490	1	886578	0.0000011
all	5494	1	886578	0.0000011
all	5497	1	886578	0.0000011
all	5502	1	886578	0.0000011
all	5505	1	886578	0.0000011
all	5506	1	886578	0.0000011
all	5508	1	886578	0.0000011
all	5513	1	886578	0.0000011
all	5519	1	886578	0.0000011
all	5520	1	886578	0.0000011
all	5530	2	886578	0.0000023
all	5540	1	886578	0.0000011
all	5546	2	886578	0.0000023
all	5550	1	886578	0.0000011
all	5551	1	886578	0.0000011
all	5552	1	886578	0.0000011
all	5554	1	886578	0.0000011
all	5556	1	886578	0.0000011
all	5559	1	886578	0.0000011
all	5560	1	886578	0.0000011
all	5569	1	886578	0.0000011
all	5571	1	886578	0.0000011
all	5577	1	886578	0.0000011
all	5578	1	886578	0.0000011
all	5584	2	886578	0.0000023
all	5590	1	886578	0.0000011
all	5599	1	886578	0.0000011
all	5603	2	886578	0.0000023
all	5613	1	886578	0.0000011
all	5622	1	886578	0.0000011
all	5625	1	886578	0.0000011
all	5628	1	886578	0.0000011
all	5640	1	886578	0.0000011
all	5644	1	886578	0.0000011
all	5649	2	886578	0.0000023
all	5650	1	886578	0.0000011
all	5657	1	886578	0.0000011
all	5659	1	886578	0.0000011
all	5661	1	886578	0.0000011
all	5664	1	886578	0.0000011
all	5667	1	886578	0.0000011
all	5672	1	886578	0.0000011
all	5677	2	886578	0.0000023
all	5680	2	886578	0.0000023
all	5689	1	886578	0.0000011
all	5692	1	886578	0.0000011
all	5693	1	886578	0.0000011
all	5699	1	886578	0.0000011
all	5700	1	886578	0.0000011
all	5701	2	886578	0.0000023
all	5703	1	886578	0.0000011
all	5704	1	886578	0.0000011
all	5712	1	886578	0.0000011
all	5714	1	886578	0.0000011
all	5716	1	886578	0.0000011
all	5717	1	886578	0.0000011
all	5719	1	886578	0.0000011
all	5722	1	886578	0.0000011
all	5723	1	886578	0.0000011
all	5724	1	886578	0.0000011
all	5725	2	886578	0.0000023
all	5730	1	886578	0.0000011
all	5731	1	886578	0.0000011
all	5737	1	886578	0.0000011
all	5739	1	886578	0.0000011
all	5753	1	886578	0.0000011
all	5756	1	886578	0.0000011
all	5766	1	886578	0.0000011
all	5782	1	886578	0.0000011
all	5787	1	886578	0.0000011
all	5789	1	886578	0.0000011
all	5796	2	886578	0.0000023
all	5807	1	886578	0.0000011
all	5811	1	886578	0.0000011
all	5814	1	886578	0.0000011
all	5816	1	886578	0.0000011
all	5817	1	886578	0.0000011
all	5818	1	886578	0.0000011
all	5821	1	886578	0.0000011
all	5825	1	886578	0.0000011
all	5829	1	886578	0.0000011
all	5833	1	886578	0.0000011
all	5836	1	886578	0.0000011
all	5841	2	886578	0.0000023
all	5842	1	886578	0.0000011
all	5845	1	886578	0.0000011
all	5846	1	886578	0.0000011
all	5848	1	886578	0.0000011
all	5856	1	886578	0.0000011
all	5862	4	886578	0.0000045
all	5872	1	886578	0.0000011
all	5876	1	886578	0.0000011
all	5882	1	886578	0.0000011
all	5883	1	886578	0.0000011
all	5890	1	886578	0.0000011
all	5891	2	886578	0.0000023
all	5897	1	886578	0.0000011
all	5901	1	886578	0.0000011
all	5903	1	886578	0.0000011
all	5908	1	886578	0.0000011
all	5939	1	886578	0.0000011
all	5943	1	886578	0.0000011
all	5944	1	886578	0.0000011
all	5956	1	886578	0.0000011
all	5964	1	886578	0.0000011
all	5969	1	886578	0.0000011
all	5972	1	886578	0.0000011
all	5977	1	886578	0.0000011
all	5980	1	886578	0.0000011
all	5981	1	886578	0.0000011
all	6007	1	886578	0.0000011
all	6013	1	886578	0.0000011
all	6014	1	886578	0.0000011
all	6047	1	886578	0.0000011
all	6048	2	886578	0.0000023
all	6057	1	886578	0.0000011
all	6060	1	886578	0.0000011
all	6074	1	886578	0.0000011
all	6079	1	886578	0.0000011
all	6081	1	886578	0.0000011
all	6084	1	886578	0.0000011
all	6086	1	886578	0.0000011
all	6088	1	886578	0.0000011
all	6093	1	886578	0.0000011
all	6101	2	886578	0.0000023
all	6106	1	886578	0.0000011
all	6110	1	886578	0.0000011
all	6113	1	886578	0.0000011
all	6119	1	886578	0.0000011
all	6121	1	886578	0.0000011
all	6123	1	886578	0.0000011
all	6125	2	886578	0.0000023
all	6127	1	886578	0.0000011
all	6136	1	886578	0.0000011
all	6156	1	886578	0.0000011
all	6186	1	886578	0.0000011
all	6196	1	886578	0.0000011
all	6205	1	886578	0.0000011
all	6224	1	886578	0.0000011
all	6231	1	886578	0.0000011
all	6274	1	886578	0.0000011
all	6276	1	886578	0.0000011
all	6288	1	886578	0.0000011
all	6292	1	886578	0.0000011
all	6314	1	886578	0.0000011
all	6329	1	886578	0.0000011
all	6331	1	886578	0.0000011
all	6339	1	886578	0.0000011
all	6358	1	886578	0.0000011
all	6364	1	886578	0.0000011
all	6384	1	886578	0.0000011
all	6386	1	886578	0.0000011
all	6405	1	886578	0.0000011
all	6414	1	886578	0.0000011
all	6424	1	886578	0.0000011
all	6428	1	886578	0.0000011
all	6431	1	886578	0.0000011
all	6442	1	886578	0.0000011
all	6460	1	886578	0.0000011
all	6470	2	886578	0.0000023
all	6491	2	886578	0.0000023
all	6499	2	886578	0.0000023
all	6503	1	886578	0.0000011
all	6511	1	886578	0.0000011
all	6515	1	886578	0.0000011
all	6519	1	886578	0.0000011
all	6521	1	886578	0.0000011
all	6525	1	886578	0.0000011
all	6544	1	886578	0.0000011
all	6553	1	886578	0.0000011
all	6570	1	886578	0.0000011
all	6572	1	886578	0.0000011
all	6601	1	886578	0.0000011
all	6610	1	886578	0.0000011
all	6620	1	886578	0.0000011
all	6627	1	886578	0.0000011
all	6632	1	886578	0.0000011
all	6633	1	886578	0.0000011
all	6642	1	886578	0.0000011
all	6645	1	886578	0.0000011
all	6659	1	886578	0.0000011
all	6665	1	886578	0.0000011
all	6673	1	886578	0.0000011
all	6677	1	886578	0.0000011
all	6684	1	886578	0.0000011
all	6693	1	886578	0.0000011
all	6700	1	886578	0.0000011
all	6710	1	886578	0.0000011
all	6719	1	886578	0.0000011
all	6725	1	886578	0.0000011
all	6731	1	886578	0.0000011
all	6738	1	886578	0.0000011
all	6740	1	886578	0.0000011
all	6760	1	886578	0.0000011
all	6764	1	886578	0.0000011
all	6767	2	886578	0.0000023
all	6768	1	886578	0.0000011
all	6770	1	886578	0.0000011
all	6772	1	886578	0.0000011
all	6779	1	886578	0.0000011
all	6780	1	886578	0.0000011
all	6782	1	886578	0.0000011
all	6787	1	886578	0.0000011
all	6798	1	886578	0.0000011
all	6803	1	886578	0.0000011
all	6887	1	886578	0.0000011
all	6905	2	886578	0.0000023
all	6930	1	886578	0.0000011
all	6945	1	886578	0.0000011
all	6949	1	886578	0.0000011
all	6997	1	886578	0.0000011
all	7004	1	886578	0.0000011
all	7045	1	886578	0.0000011
all	7057	1	886578	0.0000011
all	7144	1	886578	0.0000011
all	7174	1	886578	0.0000011
all	7211	1	886578	0.0000011
all	7214	1	886578	0.0000011
all	7244	1	886578	0.0000011
all	7247	1	886578	0.0000011
all	7267	1	886578	0.0000011
all	7303	1	886578	0.0000011
all	7306	1	886578	0.0000011
all	7333	1	886578	0.0000011
all	7343	1	886578	0.0000011
all	7346	1	886578	0.0000011
all	7363	1	886578	0.0000011
all	7414	1	886578	0.0000011
all	7430	1	886578	0.0000011
all	7454	1	886578	0.0000011
all	7455	1	886578	0.0000011
all	7470	1	886578	0.0000011
all	7483	1	886578	0.0000011
all	7490	1	886578	0.0000011
all	7516	1	886578	0.0000011
all	7521	1	886578	0.0000011
all	7523	1	886578	0.0000011
all	7526	1	886578	0.0000011
all	7540	1	886578	0.0000011
all	7542	1	886578	0.0000011
all	7552	1	886578	0.0000011
all	7556	1	886578	0.0000011
all	7557	2	886578	0.0000023
all	7566	1	886578	0.0000011
all	7567	1	886578	0.0000011
all	7573	1	886578	0.0000011
all	7577	1	886578	0.0000011
all	7582	1	886578	0.0000011
all	7590	1	886578	0.0000011
all	7597	1	886578	0.0000011
all	7620	1	886578	0.0000011
all	7630	1	886578	0.0000011
all	7653	1	886578	0.0000011
all	7660	1	886578	0.0000011
all	7663	1	886578	0.0000011
all	7667	1	886578	0.0000011
all	7682	2	886578	0.0000023
all	7695	1	886578	0.0000011
all	7715	1	886578	0.0000011
all	7720	1	886578	0.0000011
all	7721	1	886578	0.0000011
all	7722	1	886578	0.0000011
all	7731	1	886578	0.0000011
all	7740	1	886578	0.0000011
all	7747	1	886578	0.0000011
all	7751	1	886578	0.0000011
all	7762	1	886578	0.0000011
all	7778	1	886578	0.0000011
all	7780	2	886578	0.0000023
all	7784	1	886578	0.0000011
all	7786	1	886578	0.0000011
all	7793	1	886578	0.0000011
all	7798	1	886578	0.0000011
all	7799	1	886578	0.0000011
all	7806	1	886578	0.0000011
all	7812	2	886578	0.0000023
all	7814	1	886578	0.0000011
all	7817	1	886578	0.0000011
all	7857	1	886578	0.0000011
all	7861	1	886578	0.0000011
all	7867	1	886578	0.0000011
all	7876	1	886578	0.0000011
all	7877	1	886578	0.0000011
all	7885	2	886578	0.0000023
all	7887	1	886578	0.0000011
all	7898	1	886578	0.0000011
all	7900	1	886578	0.0000011
all	7902	1	886578	0.0000011
all	7910	1	886578	0.0000011
all	7913	1	886578	0.0000011
all	7922	1	886578	0.0000011
all	7923	1	886578	0.0000011
all	7925	1	886578	0.0000011
all	7926	1	886578	0.0000011
all	7930	1	886578	0.0000011
all	7931	1	886578	0.0000011
all	7936	1	886578	0.0000011
all	7939	2	886578	0.0000023
all	7941	1	886578	0.0000011
all	7944	1	886578	0.0000011
all	7946	1	886578	0.0000011
all	7948	1	886578	0.0000011
all	7950	1	886578	0.0000011
all	7953	2	886578	0.0000023
all	7954	1	886578	0.0000011
all	7968	1	886578	0.0000011
all	7970	1	886578	0.0000011
all	7971	1	886578	0.0000011
all	7972	1	886578	0.0000011
all	7976	1	886578	0.0000011
all	7979	1	886578	0.0000011
all	7998	1	886578	0.0000011
all	8019	1	886578	0.0000011
all	8044	1	886578	0.0000011
all	8062	1	886578	0.0000011
all	8098	1	886578	0.0000011
all	8119	1	886578	0.0000011
all	8201	1	886578	0.0000011
all	8226	1	886578	0.0000011
all	8237	1	886578	0.0000011
all	8264	1	886578	0.0000011
all	8306	1	886578	0.0000011
all	8307	1	886578	0.0000011
all	8340	1	886578	0.0000011
all	8345	1	886578	0.0000011
all	8346	1	886578	0.0000011
all	8351	1	886578	0.0000011
all	8361	2	886578	0.0000023
all	8363	1	886578	0.0000011
all	8364	1	886578	0.0000011
all	8365	1	886578	0.0000011
all	8371	1	886578	0.0000011
all	8387	1	886578	0.0000011
all	8388	1	886578	0.0000011
all	8392	1	886578	0.0000011
all	8393	1	886578	0.0000011
all	8394	1	886578	0.0000011
all	8402	1	886578	0.0000011
all	8414	1	886578	0.0000011
all	8427	1	886578	0.0000011
all	8429	2	886578	0.0000023
all	8431	1	886578	0.0000011
all	8444	1	886578	0.0000011
all	8448	1	886578	0.0000011
all	8470	1	886578	0.0000011
all	8471	1	886578	0.0000011
all	8479	1	886578	0.0000011
