all	0	52443	886578	0.0591522
all	1	6680	886578	0.0075346
all	2	51854	886578	0.0584878
all	3	11994	886578	0.0135284
all	4	58356	886578	0.0658216
all	5	16376	886578	0.0184710
all	6	58182	886578	0.0656254
all	7	18924	886578	0.0213450
all	8	56318	886578	0.0635229
all	9	19844	886578	0.0223827
all	10	50886	886578	0.0573960
all	11	20097	886578	0.0226681
all	12	44758	886578	0.0504840
all	13	18837	886578	0.0212469
all	14	37388	886578	0.0421711
all	15	17425	886578	0.0196542
all	16	32155	886578	0.0362687
all	17	16136	886578	0.0182003
all	18	25875	886578	0.0291852
all	19	14445	886578	0.0162930
all	20	22713	886578	0.0256187
all	21	12459	886578	0.0140529
all	22	17559	886578	0.0198054
all	23	10886	886578	0.0122787
all	24	15047	886578	0.0169720
all	25	9347	886578	0.0105428
all	26	13137	886578	0.0148176
all	27	8361	886578	0.0094306
all	28	10579	886578	0.0119324
all	29	6890	886578	0.0077715
all	30	9422	886578	0.0106274
all	31	5649	886578	0.0063717
all	32	6976	886578	0.0078685
all	33	5443	886578	0.0061393
all	34	6217	886578	0.0070124
all	35	4897	886578	0.0055235
all	36	5249	886578	0.0059205
all	37	3753	886578	0.0042331
all	38	4209	886578	0.0047475
all	39	3119	886578	0.0035180
all	40	4018	886578	0.0045320
all	41	2587	886578	0.0029180
all	42	2993	886578	0.0033759
all	43	2346	886578	0.0026461
all	44	2402	886578	0.0027093
all	45	2089	886578	0.0023563
all	46	1938	886578	0.0021859
all	47	1650	886578	0.0018611
all	48	1934	886578	0.0021814
all	49	1377	886578	0.0015532
all	50	1553	886578	0.0017517
all	51	1233	886578	0.0013907
all	52	1517	886578	0.0017111
all	53	1041	886578	0.0011742
all	54	1103	886578	0.0012441
all	55	978	886578	0.0011031
all	56	918	886578	0.0010354
all	57	979	886578	0.0011042
all	58	917	886578	0.0010343
all	59	660	886578	0.0007444
all	60	816	886578	0.0009204
all	61	620	886578	0.0006993
all	62	684	886578	0.0007715
all	63	629	886578	0.0007095
all	64	571	886578	0.0006440
all	65	471	886578	0.0005313
all	66	587	886578	0.0006621
all	67	526	886578	0.0005933
all	68	498	886578	0.0005617
all	69	424	886578	0.0004782
all	70	321	886578	0.0003621
all	71	448	886578	0.0005053
all	72	493	886578	0.0005561
all	73	386	886578	0.0004354
all	74	390	886578	0.0004399
all	75	353	886578	0.0003982
all	76	325	886578	0.0003666
all	77	430	886578	0.0004850
all	78	494	886578	0.0005572
all	79	343	886578	0.0003869
all	80	359	886578	0.0004049
all	81	460	886578	0.0005188
all	82	304	886578	0.0003429
all	83	251	886578	0.0002831
all	84	304	886578	0.0003429
all	85	308	886578	0.0003474
all	86	339	886578	0.0003824
all	87	333	886578	0.0003756
all	88	214	886578	0.0002414
all	89	225	886578	0.0002538
all	90	233	886578	0.0002628
all	91	261	886578	0.0002944
all	92	200	886578	0.0002256
all	93	214	886578	0.0002414
all	94	273	886578	0.0003079
all	95	239	886578	0.0002696
all	96	259	886578	0.0002921
all	97	211	886578	0.0002380
all	98	245	886578	0.0002763
all	99	268	886578	0.0003023
all	100	174	886578	0.0001963
all	101	200	886578	0.0002256
all	102	202	886578	0.0002278
all	103	158	886578	0.0001782
all	104	129	886578	0.0001455
all	105	139	886578	0.0001568
all	106	164	886578	0.0001850
all	107	181	886578	0.0002042
all	108	144	886578	0.0001624
all	109	105	886578	0.0001184
all	110	173	886578	0.0001951
all	111	151	886578	0.0001703
all	112	116	886578	0.0001308
all	113	113	886578	0.0001275
all	114	107	886578	0.0001207
all	115	137	886578	0.0001545
all	116	132	886578	0.0001489
all	117	102	886578	0.0001150
all	118	104	886578	0.0001173
all	119	109	886578	0.0001229
all	120	86	886578	0.0000970
all	121	113	886578	0.0001275
all	122	147	886578	0.0001658
all	123	109	886578	0.0001229
all	124	128	886578	0.0001444
all	125	98	886578	0.0001105
all	126	109	886578	0.0001229
all	127	85	886578	0.0000959
all	128	94	886578	0.0001060
all	129	162	886578	0.0001827
all	130	122	886578	0.0001376
all	131	144	886578	0.0001624
all	132	106	886578	0.0001196
all	133	118	886578	0.0001331
all	134	96	886578	0.0001083
all	135	105	886578	0.0001184
all	136	64	886578	0.0000722
all	137	149	886578	0.0001681
all	138	91	886578	0.0001026
all	139	72	886578	0.0000812
all	140	53	886578	0.0000598
all	141	97	886578	0.0001094
all	142	91	886578	0.0001026
all	143	105	886578	0.0001184
all	144	85	886578	0.0000959
all	145	63	886578	0.0000711
all	146	74	886578	0.0000835
all	147	80	886578	0.0000902
all	148	102	886578	0.0001150
all	149	78	886578	0.0000880
all	150	99	886578	0.0001117
all	151	120	886578	0.0001354
all	152	102	886578	0.0001150
all	153	57	886578	0.0000643
all	154	127	886578	0.0001432
all	155	72	886578	0.0000812
all	156	40	886578	0.0000451
all	157	35	886578	0.0000395
all	158	66	886578	0.0000744
all	159	48	886578	0.0000541
all	160	112	886578	0.0001263
all	161	43	886578	0.0000485
all	162	73	886578	0.0000823
all	163	29	886578	0.0000327
all	164	64	886578	0.0000722
all	165	73	886578	0.0000823
all	166	63	886578	0.0000711
all	167	60	886578	0.0000677
all	168	43	886578	0.0000485
all	169	50	886578	0.0000564
all	170	75	886578	0.0000846
all	171	54	886578	0.0000609
all	172	84	886578	0.0000947
all	173	46	886578	0.0000519
all	174	83	886578	0.0000936
all	175	37	886578	0.0000417
all	176	47	886578	0.0000530
all	177	75	886578	0.0000846
all	178	41	886578	0.0000462
all	179	47	886578	0.0000530
all	180	55	886578	0.0000620
all	181	56	886578	0.0000632
all	182	62	886578	0.0000699
all	183	54	886578	0.0000609
all	184	58	886578	0.0000654
all	185	29	886578	0.0000327
all	186	38	886578	0.0000429
all	187	26	886578	0.0000293
all	188	30	886578	0.0000338
all	189	19	886578	0.0000214
all	190	17	886578	0.0000192
all	191	19	886578	0.0000214
all	192	20	886578	0.0000226
all	193	23	886578	0.0000259
all	194	18	886578	0.0000203
all	195	23	886578	0.0000259
all	196	14	886578	0.0000158
all	197	16	886578	0.0000180
all	198	26	886578	0.0000293
all	199	27	886578	0.0000305
all	200	21	886578	0.0000237
all	201	29	886578	0.0000327
all	202	25	886578	0.0000282
all	203	34	886578	0.0000383
all	204	30	886578	0.0000338
all	205	14	886578	0.0000158
all	206	26	886578	0.0000293
all	207	31	886578	0.0000350
all	208	33	886578	0.0000372
all	209	23	886578	0.0000259
all	210	39	886578	0.0000440
all	211	19	886578	0.0000214
all	212	17	886578	0.0000192
all	213	31	886578	0.0000350
all	214	24	886578	0.0000271
all	215	21	886578	0.0000237
all	216	38	886578	0.0000429
all	217	29	886578	0.0000327
all	218	46	886578	0.0000519
all	219	30	886578	0.0000338
all	220	31	886578	0.0000350
all	221	30	886578	0.0000338
all	222	35	886578	0.0000395
all	223	32	886578	0.0000361
all	224	49	886578	0.0000553
all	225	21	886578	0.0000237
all	226	25	886578	0.0000282
all	227	18	886578	0.0000203
all	228	45	886578	0.0000508
all	229	41	886578	0.0000462
all	230	25	886578	0.0000282
all	231	15	886578	0.0000169
all	232	37	886578	0.0000417
all	233	36	886578	0.0000406
all	234	24	886578	0.0000271
all	235	29	886578	0.0000327
all	236	35	886578	0.0000395
all	237	28	886578	0.0000316
all	238	31	886578	0.0000350
all	239	21	886578	0.0000237
all	240	19	886578	0.0000214
all	241	24	886578	0.0000271
all	242	29	886578	0.0000327
all	243	33	886578	0.0000372
all	244	14	886578	0.0000158
all	245	25	886578	0.0000282
all	246	7	886578	0.0000079
all	247	23	886578	0.0000259
all	248	31	886578	0.0000350
all	249	28	886578	0.0000316
all	250	23	886578	0.0000259
all	251	16	886578	0.0000180
all	252	35	886578	0.0000395
all	253	45	886578	0.0000508
all	254	24	886578	0.0000271
all	255	18	886578	0.0000203
all	256	75	886578	0.0000846
all	257	20	886578	0.0000226
all	258	14	886578	0.0000158
all	259	18	886578	0.0000203
all	260	22	886578	0.0000248
all	261	16	886578	0.0000180
all	262	17	886578	0.0000192
all	263	31	886578	0.0000350
all	264	25	886578	0.0000282
all	265	20	886578	0.0000226
all	266	29	886578	0.0000327
all	267	31	886578	0.0000350
all	268	30	886578	0.0000338
all	269	19	886578	0.0000214
all	270	18	886578	0.0000203
all	271	19	886578	0.0000214
all	272	22	886578	0.0000248
all	273	22	886578	0.0000248
all	274	23	886578	0.0000259
all	275	25	886578	0.0000282
all	276	19	886578	0.0000214
all	277	34	886578	0.0000383
all	278	18	886578	0.0000203
all	279	46	886578	0.0000519
all	280	43	886578	0.0000485
all	281	27	886578	0.0000305
all	282	37	886578	0.0000417
all	283	43	886578	0.0000485
all	284	26	886578	0.0000293
all	285	23	886578	0.0000259
all	286	28	886578	0.0000316
all	287	23	886578	0.0000259
all	288	33	886578	0.0000372
all	289	27	886578	0.0000305
all	290	35	886578	0.0000395
all	291	21	886578	0.0000237
all	292	23	886578	0.0000259
all	293	24	886578	0.0000271
all	294	39	886578	0.0000440
all	295	23	886578	0.0000259
all	296	21	886578	0.0000237
all	297	30	886578	0.0000338
all	298	23	886578	0.0000259
all	299	46	886578	0.0000519
all	300	23	886578	0.0000259
all	301	17	886578	0.0000192
all	302	20	886578	0.0000226
all	303	19	886578	0.0000214
all	304	24	886578	0.0000271
all	305	28	886578	0.0000316
all	306	28	886578	0.0000316
all	307	26	886578	0.0000293
all	308	27	886578	0.0000305
all	309	36	886578	0.0000406
all	310	19	886578	0.0000214
all	311	22	886578	0.0000248
all	312	32	886578	0.0000361
all	313	36	886578	0.0000406
all	314	23	886578	0.0000259
all	315	30	886578	0.0000338
all	316	29	886578	0.0000327
all	317	29	886578	0.0000327
all	318	41	886578	0.0000462
all	319	16	886578	0.0000180
all	320	20	886578	0.0000226
all	321	29	886578	0.0000327
all	322	38	886578	0.0000429
all	323	24	886578	0.0000271
all	324	16	886578	0.0000180
all	325	35	886578	0.0000395
all	326	22	886578	0.0000248
all	327	38	886578	0.0000429
all	328	19	886578	0.0000214
all	329	35	886578	0.0000395
all	330	24	886578	0.0000271
all	331	17	886578	0.0000192
all	332	22	886578	0.0000248
all	333	34	886578	0.0000383
all	334	23	886578	0.0000259
all	335	18	886578	0.0000203
all	336	17	886578	0.0000192
all	337	16	886578	0.0000180
all	338	23	886578	0.0000259
all	339	34	886578	0.0000383
all	340	25	886578	0.0000282
all	341	20	886578	0.0000226
all	342	27	886578	0.0000305
all	343	39	886578	0.0000440
all	344	14	886578	0.0000158
all	345	34	886578	0.0000383
all	346	17	886578	0.0000192
all	347	27	886578	0.0000305
all	348	12	886578	0.0000135
all	349	21	886578	0.0000237
all	350	29	886578	0.0000327
all	351	16	886578	0.0000180
all	352	16	886578	0.0000180
all	353	41	886578	0.0000462
all	354	25	886578	0.0000282
all	355	22	886578	0.0000248
all	356	39	886578	0.0000440
all	357	16	886578	0.0000180
all	358	18	886578	0.0000203
all	359	15	886578	0.0000169
all	360	23	886578	0.0000259
all	361	17	886578	0.0000192
all	362	18	886578	0.0000203
all	363	25	886578	0.0000282
all	364	28	886578	0.0000316
all	365	38	886578	0.0000429
all	366	21	886578	0.0000237
all	367	24	886578	0.0000271
all	368	15	886578	0.0000169
all	369	10	886578	0.0000113
all	370	16	886578	0.0000180
all	371	20	886578	0.0000226
all	372	16	886578	0.0000180
all	373	15	886578	0.0000169
all	374	19	886578	0.0000214
all	375	11	886578	0.0000124
all	376	11	886578	0.0000124
all	377	11	886578	0.0000124
all	378	32	886578	0.0000361
all	379	11	886578	0.0000124
all	380	22	886578	0.0000248
all	381	32	886578	0.0000361
all	382	19	886578	0.0000214
all	383	17	886578	0.0000192
all	384	12	886578	0.0000135
all	385	22	886578	0.0000248
all	386	13	886578	0.0000147
all	387	26	886578	0.0000293
all	388	24	886578	0.0000271
all	389	29	886578	0.0000327
all	390	18	886578	0.0000203
all	391	15	886578	0.0000169
all	392	15	886578	0.0000169
all	393	18	886578	0.0000203
all	394	23	886578	0.0000259
all	395	25	886578	0.0000282
all	396	24	886578	0.0000271
all	397	35	886578	0.0000395
all	398	23	886578	0.0000259
all	399	27	886578	0.0000305
all	400	12	886578	0.0000135
all	401	21	886578	0.0000237
all	402	24	886578	0.0000271
all	403	30	886578	0.0000338
all	404	19	886578	0.0000214
all	405	15	886578	0.0000169
all	406	19	886578	0.0000214
all	407	16	886578	0.0000180
all	408	22	886578	0.0000248
all	409	20	886578	0.0000226
all	410	16	886578	0.0000180
all	411	20	886578	0.0000226
all	412	10	886578	0.0000113
all	413	17	886578	0.0000192
all	414	15	886578	0.0000169
all	415	8	886578	0.0000090
all	416	18	886578	0.0000203
all	417	25	886578	0.0000282
all	418	22	886578	0.0000248
all	419	23	886578	0.0000259
all	420	22	886578	0.0000248
all	421	25	886578	0.0000282
all	422	17	886578	0.0000192
all	423	27	886578	0.0000305
all	424	24	886578	0.0000271
all	425	26	886578	0.0000293
all	426	18	886578	0.0000203
all	427	40	886578	0.0000451
all	428	21	886578	0.0000237
all	429	30	886578	0.0000338
all	430	24	886578	0.0000271
all	431	34	886578	0.0000383
all	432	20	886578	0.0000226
all	433	13	886578	0.0000147
all	434	30	886578	0.0000338
all	435	16	886578	0.0000180
all	436	25	886578	0.0000282
all	437	16	886578	0.0000180
all	438	16	886578	0.0000180
all	439	13	886578	0.0000147
all	440	25	886578	0.0000282
all	441	16	886578	0.0000180
all	442	20	886578	0.0000226
all	443	19	886578	0.0000214
all	444	11	886578	0.0000124
all	445	19	886578	0.0000214
all	446	16	886578	0.0000180
all	447	10	886578	0.0000113
all	448	10	886578	0.0000113
all	449	24	886578	0.0000271
all	450	28	886578	0.0000316
all	451	7	886578	0.0000079
all	452	27	886578	0.0000305
all	453	21	886578	0.0000237
all	454	14	886578	0.0000158
all	455	6	886578	0.0000068
all	456	29	886578	0.0000327
all	457	12	886578	0.0000135
all	458	24	886578	0.0000271
all	459	15	886578	0.0000169
all	460	19	886578	0.0000214
all	461	13	886578	0.0000147
all	462	12	886578	0.0000135
all	463	5	886578	0.0000056
all	464	9	886578	0.0000102
all	465	13	886578	0.0000147
all	466	18	886578	0.0000203
all	467	7	886578	0.0000079
all	468	9	886578	0.0000102
all	469	12	886578	0.0000135
all	470	16	886578	0.0000180
all	471	10	886578	0.0000113
all	472	21	886578	0.0000237
all	473	17	886578	0.0000192
all	474	14	886578	0.0000158
all	475	14	886578	0.0000158
all	476	11	886578	0.0000124
all	477	21	886578	0.0000237
all	478	9	886578	0.0000102
all	479	14	886578	0.0000158
all	480	14	886578	0.0000158
all	481	24	886578	0.0000271
all	482	22	886578	0.0000248
all	483	14	886578	0.0000158
all	484	17	886578	0.0000192
all	485	10	886578	0.0000113
all	486	9	886578	0.0000102
all	487	14	886578	0.0000158
all	488	17	886578	0.0000192
all	489	7	886578	0.0000079
all	490	11	886578	0.0000124
all	491	15	886578	0.0000169
all	492	11	886578	0.0000124
all	493	11	886578	0.0000124
all	494	20	886578	0.0000226
all	495	7	886578	0.0000079
all	496	17	886578	0.0000192
all	497	21	886578	0.0000237
all	498	16	886578	0.0000180
all	499	16	886578	0.0000180
all	500	7	886578	0.0000079
all	501	12	886578	0.0000135
all	502	19	886578	0.0000214
all	503	17	886578	0.0000192
all	504	21	886578	0.0000237
all	505	11	886578	0.0000124
all	506	13	886578	0.0000147
all	507	10	886578	0.0000113
all	508	4	886578	0.0000045
all	509	16	886578	0.0000180
all	510	14	886578	0.0000158
all	511	22	886578	0.0000248
all	512	12	886578	0.0000135
all	513	13	886578	0.0000147
all	514	12	886578	0.0000135
all	515	13	886578	0.0000147
all	516	8	886578	0.0000090
all	517	14	886578	0.0000158
all	518	26	886578	0.0000293
all	519	8	886578	0.0000090
all	520	16	886578	0.0000180
all	521	8	886578	0.0000090
all	522	19	886578	0.0000214
all	523	13	886578	0.0000147
all	524	16	886578	0.0000180
all	525	16	886578	0.0000180
all	526	15	886578	0.0000169
all	527	24	886578	0.0000271
all	528	11	886578	0.0000124
all	529	9	886578	0.0000102
all	530	7	886578	0.0000079
all	531	6	886578	0.0000068
all	532	2	886578	0.0000023
all	533	7	886578	0.0000079
all	534	9	886578	0.0000102
all	535	8	886578	0.0000090
all	536	1	886578	0.0000011
all	537	8	886578	0.0000090
all	538	5	886578	0.0000056
all	539	8	886578	0.0000090
all	540	12	886578	0.0000135
all	541	7	886578	0.0000079
all	542	9	886578	0.0000102
all	543	7	886578	0.0000079
all	544	8	886578	0.0000090
all	545	9	886578	0.0000102
all	546	11	886578	0.0000124
all	547	13	886578	0.0000147
all	548	10	886578	0.0000113
all	549	10	886578	0.0000113
all	550	10	886578	0.0000113
all	551	13	886578	0.0000147
all	552	16	886578	0.0000180
all	553	3	886578	0.0000034
all	554	11	886578	0.0000124
all	555	20	886578	0.0000226
all	556	8	886578	0.0000090
all	557	6	886578	0.0000068
all	558	5	886578	0.0000056
all	559	10	886578	0.0000113
all	560	8	886578	0.0000090
all	561	8	886578	0.0000090
all	562	9	886578	0.0000102
all	563	27	886578	0.0000305
all	564	16	886578	0.0000180
all	565	11	886578	0.0000124
all	566	9	886578	0.0000102
all	567	3	886578	0.0000034
all	568	7	886578	0.0000079
all	569	13	886578	0.0000147
all	570	10	886578	0.0000113
all	571	7	886578	0.0000079
all	572	5	886578	0.0000056
all	573	5	886578	0.0000056
all	574	5	886578	0.0000056
all	575	2	886578	0.0000023
all	576	7	886578	0.0000079
all	577	9	886578	0.0000102
all	578	7	886578	0.0000079
all	579	9	886578	0.0000102
all	580	6	886578	0.0000068
all	581	9	886578	0.0000102
all	582	9	886578	0.0000102
all	583	8	886578	0.0000090
all	584	8	886578	0.0000090
all	585	11	886578	0.0000124
all	586	8	886578	0.0000090
all	587	18	886578	0.0000203
all	588	9	886578	0.0000102
all	589	9	886578	0.0000102
all	590	2	886578	0.0000023
all	591	6	886578	0.0000068
all	592	5	886578	0.0000056
all	593	6	886578	0.0000068
all	594	10	886578	0.0000113
all	595	7	886578	0.0000079
all	596	7	886578	0.0000079
all	597	9	886578	0.0000102
all	598	14	886578	0.0000158
all	599	12	886578	0.0000135
all	600	8	886578	0.0000090
all	601	8	886578	0.0000090
all	602	13	886578	0.0000147
all	603	8	886578	0.0000090
all	604	7	886578	0.0000079
all	605	11	886578	0.0000124
all	606	8	886578	0.0000090
all	607	11	886578	0.0000124
all	608	14	886578	0.0000158
all	609	7	886578	0.0000079
all	610	9	886578	0.0000102
all	611	6	886578	0.0000068
all	612	7	886578	0.0000079
all	613	8	886578	0.0000090
all	614	16	886578	0.0000180
all	615	7	886578	0.0000079
all	616	17	886578	0.0000192
all	617	10	886578	0.0000113
all	618	12	886578	0.0000135
all	619	12	886578	0.0000135
all	620	5	886578	0.0000056
all	621	15	886578	0.0000169
all	622	10	886578	0.0000113
all	623	18	886578	0.0000203
all	624	9	886578	0.0000102
all	625	8	886578	0.0000090
all	626	12	886578	0.0000135
all	627	13	886578	0.0000147
all	628	9	886578	0.0000102
all	629	12	886578	0.0000135
all	630	12	886578	0.0000135
all	631	12	886578	0.0000135
all	632	10	886578	0.0000113
all	633	15	886578	0.0000169
all	634	14	886578	0.0000158
all	635	11	886578	0.0000124
all	636	11	886578	0.0000124
all	637	15	886578	0.0000169
all	638	14	886578	0.0000158
all	639	11	886578	0.0000124
all	640	10	886578	0.0000113
all	641	8	886578	0.0000090
all	642	13	886578	0.0000147
all	643	8	886578	0.0000090
all	644	9	886578	0.0000102
all	645	8	886578	0.0000090
all	646	7	886578	0.0000079
all	647	8	886578	0.0000090
all	648	6	886578	0.0000068
all	649	4	886578	0.0000045
all	650	22	886578	0.0000248
all	651	13	886578	0.0000147
all	652	11	886578	0.0000124
all	653	8	886578	0.0000090
all	654	11	886578	0.0000124
all	655	8	886578	0.0000090
all	656	9	886578	0.0000102
all	657	5	886578	0.0000056
all	658	6	886578	0.0000068
all	659	9	886578	0.0000102
all	660	11	886578	0.0000124
all	661	9	886578	0.0000102
all	662	14	886578	0.0000158
all	663	9	886578	0.0000102
all	664	8	886578	0.0000090
all	665	17	886578	0.0000192
all	666	8	886578	0.0000090
all	667	15	886578	0.0000169
all	668	14	886578	0.0000158
all	669	11	886578	0.0000124
all	670	11	886578	0.0000124
all	671	11	886578	0.0000124
all	672	18	886578	0.0000203
all	673	14	886578	0.0000158
all	674	19	886578	0.0000214
all	675	8	886578	0.0000090
all	676	13	886578	0.0000147
all	677	7	886578	0.0000079
all	678	14	886578	0.0000158
all	679	17	886578	0.0000192
all	680	11	886578	0.0000124
all	681	6	886578	0.0000068
all	682	15	886578	0.0000169
all	683	8	886578	0.0000090
all	684	9	886578	0.0000102
all	685	8	886578	0.0000090
all	686	11	886578	0.0000124
all	687	11	886578	0.0000124
all	688	4	886578	0.0000045
all	689	13	886578	0.0000147
all	690	11	886578	0.0000124
all	691	9	886578	0.0000102
all	692	6	886578	0.0000068
all	693	7	886578	0.0000079
all	694	8	886578	0.0000090
all	695	5	886578	0.0000056
all	696	4	886578	0.0000045
all	697	7	886578	0.0000079
all	698	8	886578	0.0000090
all	699	2	886578	0.0000023
all	700	12	886578	0.0000135
all	701	10	886578	0.0000113
all	702	7	886578	0.0000079
all	703	5	886578	0.0000056
all	704	9	886578	0.0000102
all	705	12	886578	0.0000135
all	706	11	886578	0.0000124
all	707	8	886578	0.0000090
all	708	7	886578	0.0000079
all	709	6	886578	0.0000068
all	710	10	886578	0.0000113
all	711	15	886578	0.0000169
all	712	7	886578	0.0000079
all	713	16	886578	0.0000180
all	714	9	886578	0.0000102
all	715	7	886578	0.0000079
all	716	9	886578	0.0000102
all	717	7	886578	0.0000079
all	718	10	886578	0.0000113
all	719	7	886578	0.0000079
all	720	7	886578	0.0000079
all	721	2	886578	0.0000023
all	722	5	886578	0.0000056
all	723	4	886578	0.0000045
all	724	4	886578	0.0000045
all	725	6	886578	0.0000068
all	726	3	886578	0.0000034
all	727	6	886578	0.0000068
all	728	8	886578	0.0000090
all	729	14	886578	0.0000158
all	730	8	886578	0.0000090
all	731	9	886578	0.0000102
all	732	7	886578	0.0000079
all	733	7	886578	0.0000079
all	734	2	886578	0.0000023
all	735	2	886578	0.0000023
all	736	2	886578	0.0000023
all	737	5	886578	0.0000056
all	738	5	886578	0.0000056
all	739	3	886578	0.0000034
all	740	6	886578	0.0000068
all	741	2	886578	0.0000023
all	742	4	886578	0.0000045
all	743	3	886578	0.0000034
all	744	10	886578	0.0000113
all	745	10	886578	0.0000113
all	746	8	886578	0.0000090
all	747	10	886578	0.0000113
all	748	5	886578	0.0000056
all	749	7	886578	0.0000079
all	750	2	886578	0.0000023
all	751	6	886578	0.0000068
all	752	4	886578	0.0000045
all	753	6	886578	0.0000068
all	754	5	886578	0.0000056
all	755	8	886578	0.0000090
all	756	7	886578	0.0000079
all	757	2	886578	0.0000023
all	758	5	886578	0.0000056
all	759	5	886578	0.0000056
all	760	3	886578	0.0000034
all	761	6	886578	0.0000068
all	762	5	886578	0.0000056
all	763	6	886578	0.0000068
all	765	10	886578	0.0000113
all	766	11	886578	0.0000124
all	767	10	886578	0.0000113
all	768	3	886578	0.0000034
all	769	17	886578	0.0000192
all	770	10	886578	0.0000113
all	771	3	886578	0.0000034
all	772	6	886578	0.0000068
all	773	8	886578	0.0000090
all	774	6	886578	0.0000068
all	775	7	886578	0.0000079
all	776	2	886578	0.0000023
all	777	5	886578	0.0000056
all	778	10	886578	0.0000113
all	779	7	886578	0.0000079
all	780	3	886578	0.0000034
all	781	7	886578	0.0000079
all	782	9	886578	0.0000102
all	783	3	886578	0.0000034
all	784	7	886578	0.0000079
all	785	5	886578	0.0000056
all	786	6	886578	0.0000068
all	787	4	886578	0.0000045
all	788	5	886578	0.0000056
all	789	4	886578	0.0000045
all	790	5	886578	0.0000056
all	791	5	886578	0.0000056
all	792	7	886578	0.0000079
all	793	1	886578	0.0000011
all	794	4	886578	0.0000045
all	795	5	886578	0.0000056
all	796	4	886578	0.0000045
all	797	1	886578	0.0000011
all	798	6	886578	0.0000068
all	799	5	886578	0.0000056
all	800	5	886578	0.0000056
all	801	13	886578	0.0000147
all	802	6	886578	0.0000068
all	803	4	886578	0.0000045
all	804	7	886578	0.0000079
all	805	7	886578	0.0000079
all	806	3	886578	0.0000034
all	807	7	886578	0.0000079
all	808	2	886578	0.0000023
all	809	8	886578	0.0000090
all	810	4	886578	0.0000045
all	811	12	886578	0.0000135
all	812	3	886578	0.0000034
all	813	7	886578	0.0000079
all	814	10	886578	0.0000113
all	815	10	886578	0.0000113
all	816	6	886578	0.0000068
all	817	7	886578	0.0000079
all	818	4	886578	0.0000045
all	819	4	886578	0.0000045
all	820	9	886578	0.0000102
all	821	7	886578	0.0000079
all	822	8	886578	0.0000090
all	823	9	886578	0.0000102
all	824	4	886578	0.0000045
all	825	5	886578	0.0000056
all	826	9	886578	0.0000102
all	827	5	886578	0.0000056
all	828	6	886578	0.0000068
all	829	7	886578	0.0000079
all	830	5	886578	0.0000056
all	831	9	886578	0.0000102
all	832	6	886578	0.0000068
all	833	6	886578	0.0000068
all	834	4	886578	0.0000045
all	835	6	886578	0.0000068
all	836	9	886578	0.0000102
all	837	10	886578	0.0000113
all	838	5	886578	0.0000056
all	839	8	886578	0.0000090
all	840	8	886578	0.0000090
all	841	12	886578	0.0000135
all	842	1	886578	0.0000011
all	843	5	886578	0.0000056
all	844	4	886578	0.0000045
all	845	5	886578	0.0000056
all	846	5	886578	0.0000056
all	847	7	886578	0.0000079
all	848	4	886578	0.0000045
all	849	6	886578	0.0000068
all	850	3	886578	0.0000034
all	851	3	886578	0.0000034
all	852	5	886578	0.0000056
all	853	10	886578	0.0000113
all	854	3	886578	0.0000034
all	855	5	886578	0.0000056
all	856	2	886578	0.0000023
all	857	5	886578	0.0000056
all	858	6	886578	0.0000068
all	859	6	886578	0.0000068
all	860	6	886578	0.0000068
all	861	9	886578	0.0000102
all	862	9	886578	0.0000102
all	863	10	886578	0.0000113
all	864	8	886578	0.0000090
all	865	7	886578	0.0000079
all	866	4	886578	0.0000045
all	867	6	886578	0.0000068
all	868	13	886578	0.0000147
all	869	7	886578	0.0000079
all	870	8	886578	0.0000090
all	871	7	886578	0.0000079
all	872	5	886578	0.0000056
all	873	4	886578	0.0000045
all	874	7	886578	0.0000079
all	875	9	886578	0.0000102
all	876	10	886578	0.0000113
all	877	5	886578	0.0000056
all	878	3	886578	0.0000034
all	879	5	886578	0.0000056
all	880	4	886578	0.0000045
all	881	2	886578	0.0000023
all	882	6	886578	0.0000068
all	883	7	886578	0.0000079
all	884	3	886578	0.0000034
all	885	3	886578	0.0000034
all	886	3	886578	0.0000034
all	887	6	886578	0.0000068
all	888	3	886578	0.0000034
all	889	6	886578	0.0000068
all	890	2	886578	0.0000023
all	891	3	886578	0.0000034
all	892	4	886578	0.0000045
all	893	5	886578	0.0000056
all	894	4	886578	0.0000045
all	895	7	886578	0.0000079
all	896	12	886578	0.0000135
all	897	10	886578	0.0000113
all	898	6	886578	0.0000068
all	899	5	886578	0.0000056
all	900	3	886578	0.0000034
all	901	9	886578	0.0000102
all	902	9	886578	0.0000102
all	903	5	886578	0.0000056
all	904	5	886578	0.0000056
all	905	8	886578	0.0000090
all	906	7	886578	0.0000079
all	907	9	886578	0.0000102
all	908	10	886578	0.0000113
all	909	6	886578	0.0000068
all	910	7	886578	0.0000079
all	911	6	886578	0.0000068
all	912	10	886578	0.0000113
all	913	4	886578	0.0000045
all	914	8	886578	0.0000090
all	915	8	886578	0.0000090
all	916	15	886578	0.0000169
all	917	12	886578	0.0000135
all	918	6	886578	0.0000068
all	919	8	886578	0.0000090
all	920	4	886578	0.0000045
all	921	9	886578	0.0000102
all	922	5	886578	0.0000056
all	923	6	886578	0.0000068
all	924	6	886578	0.0000068
all	925	8	886578	0.0000090
all	926	10	886578	0.0000113
all	927	5	886578	0.0000056
all	928	6	886578	0.0000068
all	929	6	886578	0.0000068
all	930	6	886578	0.0000068
all	931	4	886578	0.0000045
all	932	9	886578	0.0000102
all	933	10	886578	0.0000113
all	934	10	886578	0.0000113
all	935	8	886578	0.0000090
all	936	5	886578	0.0000056
all	937	13	886578	0.0000147
all	938	10	886578	0.0000113
all	939	10	886578	0.0000113
all	940	6	886578	0.0000068
all	941	9	886578	0.0000102
all	942	5	886578	0.0000056
all	943	9	886578	0.0000102
all	944	6	886578	0.0000068
all	945	7	886578	0.0000079
all	946	4	886578	0.0000045
all	947	8	886578	0.0000090
all	948	8	886578	0.0000090
all	949	7	886578	0.0000079
all	950	7	886578	0.0000079
all	951	5	886578	0.0000056
all	952	7	886578	0.0000079
all	953	5	886578	0.0000056
all	954	11	886578	0.0000124
all	955	9	886578	0.0000102
all	956	7	886578	0.0000079
all	957	9	886578	0.0000102
all	958	8	886578	0.0000090
all	959	13	886578	0.0000147
all	960	8	886578	0.0000090
all	961	7	886578	0.0000079
all	962	12	886578	0.0000135
all	963	6	886578	0.0000068
all	964	9	886578	0.0000102
all	965	11	886578	0.0000124
all	966	10	886578	0.0000113
all	967	12	886578	0.0000135
all	968	9	886578	0.0000102
all	969	12	886578	0.0000135
all	970	7	886578	0.0000079
all	971	18	886578	0.0000203
all	972	7	886578	0.0000079
all	973	7	886578	0.0000079
all	974	6	886578	0.0000068
all	975	9	886578	0.0000102
all	976	9	886578	0.0000102
all	977	8	886578	0.0000090
all	978	10	886578	0.0000113
all	979	6	886578	0.0000068
all	980	12	886578	0.0000135
all	981	3	886578	0.0000034
all	982	10	886578	0.0000113
all	983	6	886578	0.0000068
all	984	9	886578	0.0000102
all	985	7	886578	0.0000079
all	986	5	886578	0.0000056
all	987	7	886578	0.0000079
all	988	2	886578	0.0000023
all	989	8	886578	0.0000090
all	990	7	886578	0.0000079
all	991	5	886578	0.0000056
all	992	6	886578	0.0000068
all	993	9	886578	0.0000102
all	994	6	886578	0.0000068
all	995	15	886578	0.0000169
all	996	4	886578	0.0000045
all	997	7	886578	0.0000079
all	998	6	886578	0.0000068
all	999	6	886578	0.0000068
all	1000	9	886578	0.0000102
all	1001	4	886578	0.0000045
all	1002	6	886578	0.0000068
all	1003	7	886578	0.0000079
all	1004	5	886578	0.0000056
all	1005	8	886578	0.0000090
all	1006	5	886578	0.0000056
all	1007	4	886578	0.0000045
all	1008	4	886578	0.0000045
all	1009	2	886578	0.0000023
all	1010	9	886578	0.0000102
all	1011	6	886578	0.0000068
all	1012	9	886578	0.0000102
all	1013	5	886578	0.0000056
all	1014	8	886578	0.0000090
all	1015	7	886578	0.0000079
all	1016	2	886578	0.0000023
all	1017	3	886578	0.0000034
all	1018	6	886578	0.0000068
all	1019	5	886578	0.0000056
all	1020	4	886578	0.0000045
all	1021	2	886578	0.0000023
all	1022	6	886578	0.0000068
all	1023	4	886578	0.0000045
all	1024	10	886578	0.0000113
all	1025	7	886578	0.0000079
all	1026	4	886578	0.0000045
all	1027	4	886578	0.0000045
all	1028	4	886578	0.0000045
all	1029	5	886578	0.0000056
all	1030	7	886578	0.0000079
all	1031	2	886578	0.0000023
all	1032	5	886578	0.0000056
all	1033	1	886578	0.0000011
all	1034	13	886578	0.0000147
all	1035	9	886578	0.0000102
all	1036	5	886578	0.0000056
all	1037	8	886578	0.0000090
all	1038	6	886578	0.0000068
all	1039	6	886578	0.0000068
all	1040	7	886578	0.0000079
all	1041	3	886578	0.0000034
all	1042	6	886578	0.0000068
all	1043	15	886578	0.0000169
all	1044	8	886578	0.0000090
all	1045	5	886578	0.0000056
all	1046	3	886578	0.0000034
all	1047	12	886578	0.0000135
all	1048	12	886578	0.0000135
all	1049	10	886578	0.0000113
all	1050	6	886578	0.0000068
all	1051	6	886578	0.0000068
all	1052	6	886578	0.0000068
all	1053	6	886578	0.0000068
all	1054	5	886578	0.0000056
all	1055	9	886578	0.0000102
all	1056	3	886578	0.0000034
all	1057	11	886578	0.0000124
all	1058	5	886578	0.0000056
all	1059	9	886578	0.0000102
all	1060	15	886578	0.0000169
all	1061	10	886578	0.0000113
all	1062	8	886578	0.0000090
all	1063	11	886578	0.0000124
all	1064	9	886578	0.0000102
all	1065	6	886578	0.0000068
all	1066	5	886578	0.0000056
all	1067	5	886578	0.0000056
all	1068	11	886578	0.0000124
all	1069	12	886578	0.0000135
all	1070	7	886578	0.0000079
all	1071	7	886578	0.0000079
all	1072	9	886578	0.0000102
all	1073	8	886578	0.0000090
all	1074	3	886578	0.0000034
all	1075	3	886578	0.0000034
all	1076	8	886578	0.0000090
all	1077	4	886578	0.0000045
all	1078	4	886578	0.0000045
all	1079	4	886578	0.0000045
all	1080	13	886578	0.0000147
all	1081	2	886578	0.0000023
all	1082	11	886578	0.0000124
all	1083	6	886578	0.0000068
all	1084	5	886578	0.0000056
all	1085	7	886578	0.0000079
all	1086	7	886578	0.0000079
all	1087	1	886578	0.0000011
all	1088	7	886578	0.0000079
all	1089	8	886578	0.0000090
all	1090	4	886578	0.0000045
all	1091	9	886578	0.0000102
all	1092	5	886578	0.0000056
all	1093	5	886578	0.0000056
all	1094	5	886578	0.0000056
all	1095	12	886578	0.0000135
all	1096	6	886578	0.0000068
all	1097	15	886578	0.0000169
all	1098	10	886578	0.0000113
all	1099	7	886578	0.0000079
all	1100	8	886578	0.0000090
all	1101	8	886578	0.0000090
all	1102	4	886578	0.0000045
all	1103	6	886578	0.0000068
all	1104	10	886578	0.0000113
all	1105	8	886578	0.0000090
all	1106	11	886578	0.0000124
all	1107	6	886578	0.0000068
all	1108	9	886578	0.0000102
all	1109	6	886578	0.0000068
all	1110	5	886578	0.0000056
all	1111	6	886578	0.0000068
all	1112	11	886578	0.0000124
all	1113	6	886578	0.0000068
all	1114	5	886578	0.0000056
all	1115	9	886578	0.0000102
all	1116	8	886578	0.0000090
all	1117	7	886578	0.0000079
all	1118	8	886578	0.0000090
all	1119	7	886578	0.0000079
all	1120	4	886578	0.0000045
all	1121	13	886578	0.0000147
all	1122	7	886578	0.0000079
all	1123	6	886578	0.0000068
all	1124	6	886578	0.0000068
all	1125	10	886578	0.0000113
all	1126	13	886578	0.0000147
all	1127	4	886578	0.0000045
all	1128	7	886578	0.0000079
all	1129	4	886578	0.0000045
all	1130	9	886578	0.0000102
all	1131	4	886578	0.0000045
all	1132	6	886578	0.0000068
all	1133	12	886578	0.0000135
all	1134	11	886578	0.0000124
all	1135	8	886578	0.0000090
all	1136	8	886578	0.0000090
all	1137	15	886578	0.0000169
all	1138	13	886578	0.0000147
all	1139	4	886578	0.0000045
all	1140	10	886578	0.0000113
all	1141	13	886578	0.0000147
all	1142	7	886578	0.0000079
all	1143	9	886578	0.0000102
all	1144	4	886578	0.0000045
all	1145	9	886578	0.0000102
all	1146	7	886578	0.0000079
all	1147	8	886578	0.0000090
all	1148	2	886578	0.0000023
all	1149	7	886578	0.0000079
all	1150	9	886578	0.0000102
all	1151	6	886578	0.0000068
all	1152	4	886578	0.0000045
all	1153	5	886578	0.0000056
all	1154	6	886578	0.0000068
all	1155	5	886578	0.0000056
all	1156	2	886578	0.0000023
all	1157	7	886578	0.0000079
all	1158	6	886578	0.0000068
all	1159	5	886578	0.0000056
all	1160	1	886578	0.0000011
all	1161	7	886578	0.0000079
all	1162	3	886578	0.0000034
all	1163	5	886578	0.0000056
all	1164	9	886578	0.0000102
all	1165	12	886578	0.0000135
all	1166	7	886578	0.0000079
all	1167	3	886578	0.0000034
all	1168	9	886578	0.0000102
all	1169	8	886578	0.0000090
all	1170	3	886578	0.0000034
all	1171	7	886578	0.0000079
all	1172	8	886578	0.0000090
all	1173	12	886578	0.0000135
all	1174	5	886578	0.0000056
all	1175	4	886578	0.0000045
all	1176	1	886578	0.0000011
all	1177	7	886578	0.0000079
all	1178	8	886578	0.0000090
all	1179	30	886578	0.0000338
all	1180	4	886578	0.0000045
all	1181	18	886578	0.0000203
all	1182	2	886578	0.0000023
all	1183	8	886578	0.0000090
all	1184	7	886578	0.0000079
all	1185	13	886578	0.0000147
all	1186	6	886578	0.0000068
all	1187	2	886578	0.0000023
all	1188	7	886578	0.0000079
all	1189	7	886578	0.0000079
all	1190	12	886578	0.0000135
all	1191	10	886578	0.0000113
all	1192	7	886578	0.0000079
all	1193	6	886578	0.0000068
all	1194	10	886578	0.0000113
all	1195	4	886578	0.0000045
all	1197	5	886578	0.0000056
all	1198	2	886578	0.0000023
all	1199	4	886578	0.0000045
all	1200	4	886578	0.0000045
all	1201	2	886578	0.0000023
all	1202	4	886578	0.0000045
all	1203	2	886578	0.0000023
all	1204	3	886578	0.0000034
all	1205	7	886578	0.0000079
all	1206	6	886578	0.0000068
all	1207	3	886578	0.0000034
all	1208	1	886578	0.0000011
all	1209	3	886578	0.0000034
all	1210	1	886578	0.0000011
all	1211	3	886578	0.0000034
all	1212	5	886578	0.0000056
all	1213	2	886578	0.0000023
all	1214	1	886578	0.0000011
all	1215	1	886578	0.0000011
all	1216	5	886578	0.0000056
all	1217	2	886578	0.0000023
all	1218	5	886578	0.0000056
all	1219	4	886578	0.0000045
all	1220	3	886578	0.0000034
all	1221	1	886578	0.0000011
all	1222	1	886578	0.0000011
all	1223	1	886578	0.0000011
all	1224	3	886578	0.0000034
all	1225	3	886578	0.0000034
all	1226	6	886578	0.0000068
all	1227	6	886578	0.0000068
all	1228	4	886578	0.0000045
all	1229	4	886578	0.0000045
all	1230	3	886578	0.0000034
all	1231	1	886578	0.0000011
all	1232	1	886578	0.0000011
all	1233	3	886578	0.0000034
all	1234	9	886578	0.0000102
all	1235	5	886578	0.0000056
all	1236	9	886578	0.0000102
all	1237	5	886578	0.0000056
all	1238	5	886578	0.0000056
all	1239	2	886578	0.0000023
all	1240	3	886578	0.0000034
all	1241	5	886578	0.0000056
all	1242	4	886578	0.0000045
all	1243	2	886578	0.0000023
all	1244	7	886578	0.0000079
all	1245	7	886578	0.0000079
all	1246	1	886578	0.0000011
all	1247	6	886578	0.0000068
all	1248	1	886578	0.0000011
all	1249	6	886578	0.0000068
all	1250	3	886578	0.0000034
all	1251	6	886578	0.0000068
all	1252	2	886578	0.0000023
all	1253	11	886578	0.0000124
all	1254	10	886578	0.0000113
all	1255	3	886578	0.0000034
all	1256	2	886578	0.0000023
all	1257	4	886578	0.0000045
all	1258	1	886578	0.0000011
all	1259	3	886578	0.0000034
all	1260	3	886578	0.0000034
all	1261	2	886578	0.0000023
all	1262	1	886578	0.0000011
all	1263	5	886578	0.0000056
all	1264	4	886578	0.0000045
all	1265	2	886578	0.0000023
all	1266	5	886578	0.0000056
all	1267	5	886578	0.0000056
all	1268	1	886578	0.0000011
all	1269	4	886578	0.0000045
all	1270	4	886578	0.0000045
all	1271	4	886578	0.0000045
all	1273	3	886578	0.0000034
all	1274	4	886578	0.0000045
all	1275	2	886578	0.0000023
all	1276	7	886578	0.0000079
all	1277	1	886578	0.0000011
all	1278	2	886578	0.0000023
all	1279	2	886578	0.0000023
all	1280	1	886578	0.0000011
all	1281	1	886578	0.0000011
all	1282	3	886578	0.0000034
all	1284	3	886578	0.0000034
all	1285	1	886578	0.0000011
all	1286	1	886578	0.0000011
all	1287	3	886578	0.0000034
all	1288	1	886578	0.0000011
all	1289	3	886578	0.0000034
all	1290	2	886578	0.0000023
all	1291	1	886578	0.0000011
all	1292	3	886578	0.0000034
all	1293	3	886578	0.0000034
all	1294	3	886578	0.0000034
all	1295	2	886578	0.0000023
all	1296	1	886578	0.0000011
all	1297	4	886578	0.0000045
all	1298	5	886578	0.0000056
all	1300	1	886578	0.0000011
all	1301	1	886578	0.0000011
all	1302	4	886578	0.0000045
all	1303	2	886578	0.0000023
all	1304	5	886578	0.0000056
all	1305	3	886578	0.0000034
all	1306	4	886578	0.0000045
all	1307	2	886578	0.0000023
all	1308	2	886578	0.0000023
all	1309	3	886578	0.0000034
all	1310	3	886578	0.0000034
all	1312	4	886578	0.0000045
all	1313	1	886578	0.0000011
all	1314	4	886578	0.0000045
all	1315	3	886578	0.0000034
all	1316	3	886578	0.0000034
all	1317	1	886578	0.0000011
all	1318	2	886578	0.0000023
all	1319	5	886578	0.0000056
all	1320	2	886578	0.0000023
all	1321	1	886578	0.0000011
all	1322	2	886578	0.0000023
all	1323	2	886578	0.0000023
all	1324	10	886578	0.0000113
all	1325	3	886578	0.0000034
all	1326	2	886578	0.0000023
all	1328	2	886578	0.0000023
all	1329	2	886578	0.0000023
all	1331	4	886578	0.0000045
all	1332	3	886578	0.0000034
all	1333	1	886578	0.0000011
all	1334	1	886578	0.0000011
all	1335	3	886578	0.0000034
all	1336	5	886578	0.0000056
all	1337	4	886578	0.0000045
all	1338	4	886578	0.0000045
all	1339	3	886578	0.0000034
all	1340	3	886578	0.0000034
all	1341	5	886578	0.0000056
all	1342	7	886578	0.0000079
all	1343	5	886578	0.0000056
all	1344	3	886578	0.0000034
all	1345	3	886578	0.0000034
all	1346	3	886578	0.0000034
all	1347	1	886578	0.0000011
all	1348	2	886578	0.0000023
all	1349	4	886578	0.0000045
all	1350	4	886578	0.0000045
all	1351	4	886578	0.0000045
all	1352	2	886578	0.0000023
all	1353	2	886578	0.0000023
all	1354	2	886578	0.0000023
all	1355	5	886578	0.0000056
all	1356	4	886578	0.0000045
all	1357	3	886578	0.0000034
all	1358	1	886578	0.0000011
all	1359	3	886578	0.0000034
all	1360	3	886578	0.0000034
all	1361	2	886578	0.0000023
all	1362	3	886578	0.0000034
all	1363	3	886578	0.0000034
all	1364	2	886578	0.0000023
all	1365	4	886578	0.0000045
all	1366	2	886578	0.0000023
all	1367	4	886578	0.0000045
all	1368	4	886578	0.0000045
all	1369	2	886578	0.0000023
all	1370	3	886578	0.0000034
all	1371	2	886578	0.0000023
all	1372	4	886578	0.0000045
all	1373	2	886578	0.0000023
all	1374	5	886578	0.0000056
all	1375	3	886578	0.0000034
all	1376	3	886578	0.0000034
all	1377	3	886578	0.0000034
all	1378	2	886578	0.0000023
all	1379	1	886578	0.0000011
all	1380	6	886578	0.0000068
all	1381	4	886578	0.0000045
all	1382	2	886578	0.0000023
all	1383	2	886578	0.0000023
all	1384	2	886578	0.0000023
all	1385	1	886578	0.0000011
all	1386	4	886578	0.0000045
all	1387	2	886578	0.0000023
all	1388	2	886578	0.0000023
all	1389	3	886578	0.0000034
all	1390	2	886578	0.0000023
all	1391	4	886578	0.0000045
all	1392	2	886578	0.0000023
all	1393	1	886578	0.0000011
all	1394	1	886578	0.0000011
all	1395	4	886578	0.0000045
all	1396	5	886578	0.0000056
all	1397	6	886578	0.0000068
all	1398	1	886578	0.0000011
all	1399	2	886578	0.0000023
all	1400	7	886578	0.0000079
all	1401	2	886578	0.0000023
all	1402	1	886578	0.0000011
all	1403	3	886578	0.0000034
all	1404	2	886578	0.0000023
all	1405	6	886578	0.0000068
all	1406	3	886578	0.0000034
all	1407	1	886578	0.0000011
all	1408	1	886578	0.0000011
all	1409	4	886578	0.0000045
all	1411	2	886578	0.0000023
all	1412	1	886578	0.0000011
all	1413	2	886578	0.0000023
all	1414	4	886578	0.0000045
all	1415	4	886578	0.0000045
all	1416	3	886578	0.0000034
all	1417	2	886578	0.0000023
all	1418	3	886578	0.0000034
all	1419	3	886578	0.0000034
all	1420	5	886578	0.0000056
all	1421	3	886578	0.0000034
all	1422	3	886578	0.0000034
all	1423	1	886578	0.0000011
all	1424	6	886578	0.0000068
all	1425	7	886578	0.0000079
all	1426	4	886578	0.0000045
all	1427	6	886578	0.0000068
all	1428	3	886578	0.0000034
all	1429	3	886578	0.0000034
all	1430	3	886578	0.0000034
all	1431	3	886578	0.0000034
all	1432	3	886578	0.0000034
all	1433	4	886578	0.0000045
all	1434	4	886578	0.0000045
all	1435	3	886578	0.0000034
all	1436	5	886578	0.0000056
all	1438	5	886578	0.0000056
all	1439	4	886578	0.0000045
all	1440	2	886578	0.0000023
all	1441	3	886578	0.0000034
all	1442	4	886578	0.0000045
all	1443	2	886578	0.0000023
all	1444	2	886578	0.0000023
all	1445	5	886578	0.0000056
all	1446	3	886578	0.0000034
all	1447	2	886578	0.0000023
all	1448	2	886578	0.0000023
all	1449	5	886578	0.0000056
all	1450	9	886578	0.0000102
all	1451	6	886578	0.0000068
all	1452	1	886578	0.0000011
all	1453	4	886578	0.0000045
all	1454	1	886578	0.0000011
all	1455	3	886578	0.0000034
all	1456	1	886578	0.0000011
all	1457	3	886578	0.0000034
all	1458	2	886578	0.0000023
all	1459	1	886578	0.0000011
all	1460	5	886578	0.0000056
all	1461	4	886578	0.0000045
all	1463	1	886578	0.0000011
all	1464	4	886578	0.0000045
all	1465	3	886578	0.0000034
all	1466	4	886578	0.0000045
all	1467	4	886578	0.0000045
all	1468	2	886578	0.0000023
all	1469	2	886578	0.0000023
all	1470	1	886578	0.0000011
all	1471	6	886578	0.0000068
all	1472	3	886578	0.0000034
all	1473	5	886578	0.0000056
all	1475	2	886578	0.0000023
all	1476	2	886578	0.0000023
all	1477	5	886578	0.0000056
all	1478	3	886578	0.0000034
all	1479	5	886578	0.0000056
all	1480	1	886578	0.0000011
all	1481	3	886578	0.0000034
all	1482	1	886578	0.0000011
all	1483	4	886578	0.0000045
all	1484	6	886578	0.0000068
all	1485	3	886578	0.0000034
all	1486	5	886578	0.0000056
all	1487	2	886578	0.0000023
all	1488	1	886578	0.0000011
all	1489	6	886578	0.0000068
all	1490	2	886578	0.0000023
all	1491	2	886578	0.0000023
all	1492	4	886578	0.0000045
all	1493	2	886578	0.0000023
all	1494	1	886578	0.0000011
all	1495	2	886578	0.0000023
all	1496	2	886578	0.0000023
all	1497	4	886578	0.0000045
all	1498	3	886578	0.0000034
all	1499	3	886578	0.0000034
all	1500	2	886578	0.0000023
all	1501	5	886578	0.0000056
all	1502	1	886578	0.0000011
all	1503	3	886578	0.0000034
all	1505	3	886578	0.0000034
all	1506	2	886578	0.0000023
all	1507	2	886578	0.0000023
all	1508	2	886578	0.0000023
all	1509	2	886578	0.0000023
all	1510	1	886578	0.0000011
all	1511	4	886578	0.0000045
all	1513	1	886578	0.0000011
all	1514	5	886578	0.0000056
all	1515	1	886578	0.0000011
all	1516	5	886578	0.0000056
all	1517	2	886578	0.0000023
all	1518	3	886578	0.0000034
all	1519	1	886578	0.0000011
all	1520	5	886578	0.0000056
all	1521	1	886578	0.0000011
all	1522	3	886578	0.0000034
all	1523	1	886578	0.0000011
all	1524	1	886578	0.0000011
all	1525	1	886578	0.0000011
all	1526	2	886578	0.0000023
all	1527	2	886578	0.0000023
all	1528	1	886578	0.0000011
all	1529	2	886578	0.0000023
all	1530	3	886578	0.0000034
all	1531	3	886578	0.0000034
all	1532	2	886578	0.0000023
all	1533	3	886578	0.0000034
all	1534	2	886578	0.0000023
all	1535	3	886578	0.0000034
all	1538	1	886578	0.0000011
all	1540	2	886578	0.0000023
all	1541	2	886578	0.0000023
all	1542	4	886578	0.0000045
all	1543	3	886578	0.0000034
all	1544	3	886578	0.0000034
all	1545	1	886578	0.0000011
all	1546	2	886578	0.0000023
all	1547	1	886578	0.0000011
all	1548	2	886578	0.0000023
all	1549	1	886578	0.0000011
all	1550	3	886578	0.0000034
all	1551	2	886578	0.0000023
all	1552	1	886578	0.0000011
all	1553	2	886578	0.0000023
all	1554	2	886578	0.0000023
all	1555	1	886578	0.0000011
all	1556	3	886578	0.0000034
all	1557	2	886578	0.0000023
all	1558	4	886578	0.0000045
all	1559	4	886578	0.0000045
all	1560	1	886578	0.0000011
all	1561	1	886578	0.0000011
all	1562	1	886578	0.0000011
all	1563	2	886578	0.0000023
all	1564	5	886578	0.0000056
all	1565	1	886578	0.0000011
all	1566	2	886578	0.0000023
all	1567	4	886578	0.0000045
all	1568	3	886578	0.0000034
all	1569	3	886578	0.0000034
all	1570	4	886578	0.0000045
all	1571	4	886578	0.0000045
all	1572	1	886578	0.0000011
all	1573	4	886578	0.0000045
all	1574	2	886578	0.0000023
all	1575	2	886578	0.0000023
all	1576	4	886578	0.0000045
all	1577	4	886578	0.0000045
all	1578	4	886578	0.0000045
all	1579	2	886578	0.0000023
all	1580	1	886578	0.0000011
all	1581	3	886578	0.0000034
all	1582	1	886578	0.0000011
all	1583	2	886578	0.0000023
all	1584	1	886578	0.0000011
all	1585	1	886578	0.0000011
all	1586	1	886578	0.0000011
all	1587	4	886578	0.0000045
all	1588	2	886578	0.0000023
all	1589	2	886578	0.0000023
all	1590	3	886578	0.0000034
all	1591	2	886578	0.0000023
all	1592	3	886578	0.0000034
all	1593	2	886578	0.0000023
all	1594	2	886578	0.0000023
all	1595	1	886578	0.0000011
all	1596	2	886578	0.0000023
all	1597	1	886578	0.0000011
all	1598	3	886578	0.0000034
all	1599	2	886578	0.0000023
all	1600	5	886578	0.0000056
all	1601	1	886578	0.0000011
all	1602	3	886578	0.0000034
all	1603	3	886578	0.0000034
all	1604	4	886578	0.0000045
all	1605	4	886578	0.0000045
all	1606	7	886578	0.0000079
all	1607	11	886578	0.0000124
all	1608	2	886578	0.0000023
all	1609	1	886578	0.0000011
all	1611	2	886578	0.0000023
all	1612	2	886578	0.0000023
all	1613	4	886578	0.0000045
all	1614	1	886578	0.0000011
all	1615	6	886578	0.0000068
all	1616	3	886578	0.0000034
all	1617	3	886578	0.0000034
all	1618	2	886578	0.0000023
all	1619	1	886578	0.0000011
all	1620	4	886578	0.0000045
all	1621	6	886578	0.0000068
all	1622	5	886578	0.0000056
all	1623	4	886578	0.0000045
all	1624	3	886578	0.0000034
all	1625	4	886578	0.0000045
all	1626	6	886578	0.0000068
all	1627	1	886578	0.0000011
all	1628	3	886578	0.0000034
all	1629	4	886578	0.0000045
all	1630	1	886578	0.0000011
all	1631	1	886578	0.0000011
all	1632	2	886578	0.0000023
all	1633	2	886578	0.0000023
all	1634	2	886578	0.0000023
all	1635	2	886578	0.0000023
all	1636	3	886578	0.0000034
all	1637	1	886578	0.0000011
all	1638	3	886578	0.0000034
all	1639	2	886578	0.0000023
all	1640	1	886578	0.0000011
all	1642	2	886578	0.0000023
all	1643	3	886578	0.0000034
all	1644	6	886578	0.0000068
all	1645	3	886578	0.0000034
all	1646	2	886578	0.0000023
all	1648	3	886578	0.0000034
all	1649	1	886578	0.0000011
all	1650	2	886578	0.0000023
all	1651	1	886578	0.0000011
all	1652	1	886578	0.0000011
all	1653	2	886578	0.0000023
all	1654	1	886578	0.0000011
all	1655	2	886578	0.0000023
all	1656	6	886578	0.0000068
all	1658	2	886578	0.0000023
all	1659	2	886578	0.0000023
all	1660	2	886578	0.0000023
all	1661	2	886578	0.0000023
all	1662	1	886578	0.0000011
all	1663	1	886578	0.0000011
all	1664	4	886578	0.0000045
all	1665	4	886578	0.0000045
all	1666	4	886578	0.0000045
all	1667	3	886578	0.0000034
all	1668	3	886578	0.0000034
all	1670	1	886578	0.0000011
all	1671	1	886578	0.0000011
all	1672	3	886578	0.0000034
all	1673	4	886578	0.0000045
all	1675	2	886578	0.0000023
all	1676	1	886578	0.0000011
all	1677	4	886578	0.0000045
all	1678	3	886578	0.0000034
all	1679	4	886578	0.0000045
all	1680	1	886578	0.0000011
all	1681	2	886578	0.0000023
all	1682	3	886578	0.0000034
all	1683	1	886578	0.0000011
all	1685	1	886578	0.0000011
all	1686	5	886578	0.0000056
all	1687	2	886578	0.0000023
all	1688	1	886578	0.0000011
all	1689	3	886578	0.0000034
all	1690	1	886578	0.0000011
all	1691	3	886578	0.0000034
all	1692	1	886578	0.0000011
all	1693	2	886578	0.0000023
all	1694	2	886578	0.0000023
all	1695	1	886578	0.0000011
all	1696	5	886578	0.0000056
all	1697	1	886578	0.0000011
all	1698	3	886578	0.0000034
all	1700	1	886578	0.0000011
all	1701	4	886578	0.0000045
all	1702	1	886578	0.0000011
all	1703	1	886578	0.0000011
all	1704	1	886578	0.0000011
all	1705	1	886578	0.0000011
all	1706	2	886578	0.0000023
all	1707	2	886578	0.0000023
all	1709	3	886578	0.0000034
all	1710	4	886578	0.0000045
all	1711	2	886578	0.0000023
all	1712	1	886578	0.0000011
all	1713	2	886578	0.0000023
all	1714	2	886578	0.0000023
all	1716	5	886578	0.0000056
all	1718	3	886578	0.0000034
all	1719	3	886578	0.0000034
all	1720	2	886578	0.0000023
all	1721	2	886578	0.0000023
all	1722	3	886578	0.0000034
all	1723	2	886578	0.0000023
all	1724	1	886578	0.0000011
all	1725	1	886578	0.0000011
all	1726	3	886578	0.0000034
all	1727	2	886578	0.0000023
all	1728	5	886578	0.0000056
all	1730	6	886578	0.0000068
all	1731	3	886578	0.0000034
all	1732	1	886578	0.0000011
all	1733	2	886578	0.0000023
all	1734	5	886578	0.0000056
all	1735	3	886578	0.0000034
all	1736	1	886578	0.0000011
all	1737	2	886578	0.0000023
all	1738	1	886578	0.0000011
all	1739	5	886578	0.0000056
all	1740	5	886578	0.0000056
all	1741	3	886578	0.0000034
all	1742	5	886578	0.0000056
all	1743	2	886578	0.0000023
all	1744	3	886578	0.0000034
all	1745	3	886578	0.0000034
all	1746	3	886578	0.0000034
all	1747	3	886578	0.0000034
all	1748	3	886578	0.0000034
all	1749	2	886578	0.0000023
all	1750	1	886578	0.0000011
all	1751	5	886578	0.0000056
all	1752	5	886578	0.0000056
all	1753	3	886578	0.0000034
all	1754	3	886578	0.0000034
all	1755	2	886578	0.0000023
all	1756	8	886578	0.0000090
all	1757	2	886578	0.0000023
all	1758	3	886578	0.0000034
all	1759	3	886578	0.0000034
all	1760	5	886578	0.0000056
all	1761	2	886578	0.0000023
all	1762	6	886578	0.0000068
all	1763	2	886578	0.0000023
all	1764	3	886578	0.0000034
all	1766	2	886578	0.0000023
all	1767	2	886578	0.0000023
all	1768	3	886578	0.0000034
all	1769	2	886578	0.0000023
all	1770	1	886578	0.0000011
all	1771	5	886578	0.0000056
all	1773	1	886578	0.0000011
all	1775	3	886578	0.0000034
all	1777	2	886578	0.0000023
all	1778	4	886578	0.0000045
all	1779	2	886578	0.0000023
all	1780	2	886578	0.0000023
all	1781	2	886578	0.0000023
all	1782	1	886578	0.0000011
all	1783	2	886578	0.0000023
all	1784	1	886578	0.0000011
all	1785	6	886578	0.0000068
all	1786	1	886578	0.0000011
all	1787	1	886578	0.0000011
all	1788	5	886578	0.0000056
all	1789	3	886578	0.0000034
all	1790	1	886578	0.0000011
all	1791	5	886578	0.0000056
all	1792	3	886578	0.0000034
all	1793	2	886578	0.0000023
all	1794	3	886578	0.0000034
all	1795	6	886578	0.0000068
all	1796	4	886578	0.0000045
all	1797	2	886578	0.0000023
all	1798	3	886578	0.0000034
all	1799	2	886578	0.0000023
all	1800	2	886578	0.0000023
all	1801	2	886578	0.0000023
all	1802	1	886578	0.0000011
all	1803	2	886578	0.0000023
all	1804	2	886578	0.0000023
all	1805	4	886578	0.0000045
all	1806	7	886578	0.0000079
all	1807	5	886578	0.0000056
all	1808	3	886578	0.0000034
all	1809	4	886578	0.0000045
all	1810	5	886578	0.0000056
all	1811	3	886578	0.0000034
all	1812	7	886578	0.0000079
all	1813	1	886578	0.0000011
all	1814	2	886578	0.0000023
all	1815	8	886578	0.0000090
all	1816	4	886578	0.0000045
all	1817	4	886578	0.0000045
all	1818	4	886578	0.0000045
all	1819	2	886578	0.0000023
all	1821	1	886578	0.0000011
all	1822	2	886578	0.0000023
all	1823	2	886578	0.0000023
all	1825	3	886578	0.0000034
all	1826	2	886578	0.0000023
all	1827	3	886578	0.0000034
all	1828	1	886578	0.0000011
all	1829	5	886578	0.0000056
all	1830	3	886578	0.0000034
all	1831	5	886578	0.0000056
all	1832	3	886578	0.0000034
all	1833	5	886578	0.0000056
all	1834	3	886578	0.0000034
all	1835	5	886578	0.0000056
all	1836	2	886578	0.0000023
all	1837	3	886578	0.0000034
all	1838	5	886578	0.0000056
all	1839	8	886578	0.0000090
all	1840	3	886578	0.0000034
all	1841	3	886578	0.0000034
all	1842	4	886578	0.0000045
all	1843	5	886578	0.0000056
all	1844	2	886578	0.0000023
all	1845	3	886578	0.0000034
all	1846	1	886578	0.0000011
all	1847	2	886578	0.0000023
all	1848	3	886578	0.0000034
all	1849	1	886578	0.0000011
all	1850	3	886578	0.0000034
all	1851	3	886578	0.0000034
all	1852	4	886578	0.0000045
all	1853	1	886578	0.0000011
all	1854	5	886578	0.0000056
all	1855	5	886578	0.0000056
all	1856	1	886578	0.0000011
all	1857	1	886578	0.0000011
all	1858	7	886578	0.0000079
all	1860	4	886578	0.0000045
all	1861	2	886578	0.0000023
all	1862	2	886578	0.0000023
all	1863	6	886578	0.0000068
all	1864	16	886578	0.0000180
all	1865	1	886578	0.0000011
all	1866	1	886578	0.0000011
all	1867	2	886578	0.0000023
all	1868	1	886578	0.0000011
all	1870	4	886578	0.0000045
all	1871	1	886578	0.0000011
all	1872	2	886578	0.0000023
all	1873	1	886578	0.0000011
all	1874	2	886578	0.0000023
all	1875	1	886578	0.0000011
all	1876	3	886578	0.0000034
all	1877	1	886578	0.0000011
all	1878	1	886578	0.0000011
all	1879	1	886578	0.0000011
all	1880	4	886578	0.0000045
all	1881	3	886578	0.0000034
all	1882	3	886578	0.0000034
all	1883	1	886578	0.0000011
all	1884	2	886578	0.0000023
all	1885	1	886578	0.0000011
all	1886	1	886578	0.0000011
all	1887	1	886578	0.0000011
all	1888	2	886578	0.0000023
all	1889	1	886578	0.0000011
all	1890	1	886578	0.0000011
all	1891	1	886578	0.0000011
all	1892	1	886578	0.0000011
all	1894	1	886578	0.0000011
all	1895	3	886578	0.0000034
all	1896	2	886578	0.0000023
all	1897	3	886578	0.0000034
all	1898	2	886578	0.0000023
all	1899	2	886578	0.0000023
all	1900	3	886578	0.0000034
all	1901	5	886578	0.0000056
all	1903	2	886578	0.0000023
all	1904	3	886578	0.0000034
all	1905	2	886578	0.0000023
all	1906	3	886578	0.0000034
all	1907	3	886578	0.0000034
all	1908	3	886578	0.0000034
all	1909	1	886578	0.0000011
all	1910	2	886578	0.0000023
all	1911	1	886578	0.0000011
all	1912	1	886578	0.0000011
all	1914	1	886578	0.0000011
all	1916	4	886578	0.0000045
all	1917	3	886578	0.0000034
all	1918	1	886578	0.0000011
all	1919	2	886578	0.0000023
all	1920	1	886578	0.0000011
all	1921	1	886578	0.0000011
all	1922	3	886578	0.0000034
all	1923	2	886578	0.0000023
all	1924	5	886578	0.0000056
all	1925	1	886578	0.0000011
all	1926	2	886578	0.0000023
all	1927	2	886578	0.0000023
all	1928	2	886578	0.0000023
all	1929	1	886578	0.0000011
all	1930	1	886578	0.0000011
all	1931	2	886578	0.0000023
all	1932	3	886578	0.0000034
all	1933	3	886578	0.0000034
all	1934	1	886578	0.0000011
all	1935	2	886578	0.0000023
all	1936	1	886578	0.0000011
all	1937	5	886578	0.0000056
all	1938	2	886578	0.0000023
all	1939	4	886578	0.0000045
all	1940	4	886578	0.0000045
all	1941	7	886578	0.0000079
all	1942	2	886578	0.0000023
all	1943	2	886578	0.0000023
all	1944	3	886578	0.0000034
all	1945	3	886578	0.0000034
all	1947	2	886578	0.0000023
all	1948	2	886578	0.0000023
all	1949	3	886578	0.0000034
all	1950	3	886578	0.0000034
all	1951	1	886578	0.0000011
all	1952	1	886578	0.0000011
all	1953	1	886578	0.0000011
all	1954	1	886578	0.0000011
all	1957	3	886578	0.0000034
all	1958	2	886578	0.0000023
all	1960	1	886578	0.0000011
all	1961	2	886578	0.0000023
all	1962	3	886578	0.0000034
all	1963	1	886578	0.0000011
all	1965	1	886578	0.0000011
all	1968	2	886578	0.0000023
all	1969	3	886578	0.0000034
all	1970	1	886578	0.0000011
all	1971	2	886578	0.0000023
all	1972	1	886578	0.0000011
all	1973	2	886578	0.0000023
all	1976	2	886578	0.0000023
all	1978	1	886578	0.0000011
all	1979	1	886578	0.0000011
all	1980	2	886578	0.0000023
all	1982	3	886578	0.0000034
all	1983	2	886578	0.0000023
all	1984	2	886578	0.0000023
all	1985	1	886578	0.0000011
all	1986	3	886578	0.0000034
all	1987	2	886578	0.0000023
all	1988	4	886578	0.0000045
all	1989	2	886578	0.0000023
all	1990	2	886578	0.0000023
all	1991	3	886578	0.0000034
all	1992	2	886578	0.0000023
all	1993	3	886578	0.0000034
all	1994	1	886578	0.0000011
all	1995	3	886578	0.0000034
all	1996	2	886578	0.0000023
all	1997	1	886578	0.0000011
all	1998	1	886578	0.0000011
all	2000	3	886578	0.0000034
all	2001	6	886578	0.0000068
all	2003	1	886578	0.0000011
all	2004	1	886578	0.0000011
all	2005	2	886578	0.0000023
all	2007	1	886578	0.0000011
all	2008	1	886578	0.0000011
all	2010	4	886578	0.0000045
all	2011	1	886578	0.0000011
all	2012	1	886578	0.0000011
all	2013	1	886578	0.0000011
all	2015	1	886578	0.0000011
all	2016	2	886578	0.0000023
all	2017	3	886578	0.0000034
all	2018	3	886578	0.0000034
all	2019	2	886578	0.0000023
all	2020	1	886578	0.0000011
all	2021	1	886578	0.0000011
all	2022	2	886578	0.0000023
all	2025	3	886578	0.0000034
all	2026	4	886578	0.0000045
all	2027	2	886578	0.0000023
all	2028	3	886578	0.0000034
all	2029	3	886578	0.0000034
all	2030	1	886578	0.0000011
all	2031	1	886578	0.0000011
all	2032	1	886578	0.0000011
all	2033	1	886578	0.0000011
all	2034	2	886578	0.0000023
all	2035	1	886578	0.0000011
all	2037	1	886578	0.0000011
all	2038	1	886578	0.0000011
all	2039	1	886578	0.0000011
all	2040	4	886578	0.0000045
all	2041	2	886578	0.0000023
all	2042	9	886578	0.0000102
all	2043	3	886578	0.0000034
all	2045	1	886578	0.0000011
all	2046	5	886578	0.0000056
all	2047	1	886578	0.0000011
all	2048	2	886578	0.0000023
all	2049	1	886578	0.0000011
all	2050	2	886578	0.0000023
all	2051	3	886578	0.0000034
all	2052	2	886578	0.0000023
all	2053	2	886578	0.0000023
all	2054	3	886578	0.0000034
all	2055	2	886578	0.0000023
all	2056	3	886578	0.0000034
all	2057	3	886578	0.0000034
all	2058	9	886578	0.0000102
all	2059	1	886578	0.0000011
all	2060	3	886578	0.0000034
all	2061	1	886578	0.0000011
all	2062	3	886578	0.0000034
all	2063	1	886578	0.0000011
all	2064	2	886578	0.0000023
all	2065	6	886578	0.0000068
all	2066	1	886578	0.0000011
all	2067	2	886578	0.0000023
all	2068	1	886578	0.0000011
all	2069	1	886578	0.0000011
all	2070	2	886578	0.0000023
all	2072	2	886578	0.0000023
all	2073	2	886578	0.0000023
all	2074	3	886578	0.0000034
all	2075	2	886578	0.0000023
all	2076	5	886578	0.0000056
all	2078	2	886578	0.0000023
all	2079	2	886578	0.0000023
all	2080	3	886578	0.0000034
all	2081	1	886578	0.0000011
all	2082	1	886578	0.0000011
all	2083	3	886578	0.0000034
all	2084	2	886578	0.0000023
all	2085	2	886578	0.0000023
all	2086	1	886578	0.0000011
all	2087	5	886578	0.0000056
all	2088	2	886578	0.0000023
all	2089	2	886578	0.0000023
all	2090	1	886578	0.0000011
all	2091	1	886578	0.0000011
all	2092	2	886578	0.0000023
all	2093	1	886578	0.0000011
all	2095	3	886578	0.0000034
all	2096	2	886578	0.0000023
all	2097	1	886578	0.0000011
all	2098	3	886578	0.0000034
all	2099	6	886578	0.0000068
all	2101	4	886578	0.0000045
all	2102	3	886578	0.0000034
all	2103	3	886578	0.0000034
all	2104	1	886578	0.0000011
all	2105	3	886578	0.0000034
all	2106	2	886578	0.0000023
all	2107	3	886578	0.0000034
all	2108	6	886578	0.0000068
all	2109	4	886578	0.0000045
all	2110	9	886578	0.0000102
all	2111	3	886578	0.0000034
all	2112	2	886578	0.0000023
all	2113	7	886578	0.0000079
all	2115	2	886578	0.0000023
all	2116	2	886578	0.0000023
all	2117	3	886578	0.0000034
all	2118	1	886578	0.0000011
all	2119	1	886578	0.0000011
all	2120	1	886578	0.0000011
all	2121	1	886578	0.0000011
all	2122	2	886578	0.0000023
all	2123	1	886578	0.0000011
all	2124	4	886578	0.0000045
all	2125	5	886578	0.0000056
all	2126	2	886578	0.0000023
all	2127	3	886578	0.0000034
all	2128	1	886578	0.0000011
all	2129	6	886578	0.0000068
all	2130	5	886578	0.0000056
all	2131	3	886578	0.0000034
all	2132	1	886578	0.0000011
all	2133	2	886578	0.0000023
all	2135	3	886578	0.0000034
all	2136	7	886578	0.0000079
all	2137	6	886578	0.0000068
all	2138	3	886578	0.0000034
all	2139	6	886578	0.0000068
all	2140	4	886578	0.0000045
all	2141	3	886578	0.0000034
all	2142	3	886578	0.0000034
all	2145	1	886578	0.0000011
all	2146	2	886578	0.0000023
all	2147	2	886578	0.0000023
all	2148	3	886578	0.0000034
all	2149	2	886578	0.0000023
all	2150	2	886578	0.0000023
all	2152	1	886578	0.0000011
all	2153	1	886578	0.0000011
all	2155	1	886578	0.0000011
all	2157	3	886578	0.0000034
all	2159	4	886578	0.0000045
all	2160	3	886578	0.0000034
all	2161	3	886578	0.0000034
all	2162	4	886578	0.0000045
all	2163	2	886578	0.0000023
all	2164	4	886578	0.0000045
all	2165	1	886578	0.0000011
all	2166	2	886578	0.0000023
all	2167	4	886578	0.0000045
all	2168	2	886578	0.0000023
all	2169	4	886578	0.0000045
all	2171	6	886578	0.0000068
all	2172	1	886578	0.0000011
all	2173	3	886578	0.0000034
all	2174	2	886578	0.0000023
all	2175	1	886578	0.0000011
all	2176	5	886578	0.0000056
all	2177	2	886578	0.0000023
all	2178	2	886578	0.0000023
all	2179	2	886578	0.0000023
all	2180	2	886578	0.0000023
all	2181	1	886578	0.0000011
all	2182	8	886578	0.0000090
all	2183	4	886578	0.0000045
all	2184	1	886578	0.0000011
all	2185	1	886578	0.0000011
all	2186	1	886578	0.0000011
all	2187	3	886578	0.0000034
all	2188	2	886578	0.0000023
all	2189	2	886578	0.0000023
all	2190	1	886578	0.0000011
all	2192	2	886578	0.0000023
all	2193	1	886578	0.0000011
all	2194	2	886578	0.0000023
all	2195	1	886578	0.0000011
all	2196	1	886578	0.0000011
all	2197	1	886578	0.0000011
all	2198	1	886578	0.0000011
all	2199	1	886578	0.0000011
all	2201	1	886578	0.0000011
all	2203	1	886578	0.0000011
all	2205	1	886578	0.0000011
all	2207	2	886578	0.0000023
all	2208	1	886578	0.0000011
all	2209	1	886578	0.0000011
all	2210	3	886578	0.0000034
all	2211	2	886578	0.0000023
all	2212	1	886578	0.0000011
all	2215	2	886578	0.0000023
all	2218	1	886578	0.0000011
all	2219	2	886578	0.0000023
all	2221	1	886578	0.0000011
all	2222	1	886578	0.0000011
all	2223	5	886578	0.0000056
all	2224	1	886578	0.0000011
all	2225	1	886578	0.0000011
all	2226	2	886578	0.0000023
all	2228	1	886578	0.0000011
all	2229	1	886578	0.0000011
all	2230	3	886578	0.0000034
all	2231	4	886578	0.0000045
all	2232	1	886578	0.0000011
all	2233	1	886578	0.0000011
all	2234	3	886578	0.0000034
all	2238	2	886578	0.0000023
all	2240	1	886578	0.0000011
all	2242	1	886578	0.0000011
all	2243	1	886578	0.0000011
all	2244	1	886578	0.0000011
all	2245	2	886578	0.0000023
all	2246	1	886578	0.0000011
all	2247	2	886578	0.0000023
all	2249	1	886578	0.0000011
all	2250	1	886578	0.0000011
all	2251	3	886578	0.0000034
all	2252	1	886578	0.0000011
all	2254	1	886578	0.0000011
all	2255	1	886578	0.0000011
all	2256	3	886578	0.0000034
all	2258	2	886578	0.0000023
all	2259	1	886578	0.0000011
all	2261	2	886578	0.0000023
all	2262	1	886578	0.0000011
all	2263	1	886578	0.0000011
all	2264	1	886578	0.0000011
all	2265	1	886578	0.0000011
all	2266	1	886578	0.0000011
all	2267	2	886578	0.0000023
all	2269	3	886578	0.0000034
all	2271	1	886578	0.0000011
all	2272	3	886578	0.0000034
all	2273	1	886578	0.0000011
all	2274	1	886578	0.0000011
all	2278	1	886578	0.0000011
all	2279	1	886578	0.0000011
all	2280	1	886578	0.0000011
all	2281	1	886578	0.0000011
all	2282	2	886578	0.0000023
all	2283	2	886578	0.0000023
all	2284	1	886578	0.0000011
all	2286	1	886578	0.0000011
all	2288	4	886578	0.0000045
all	2289	2	886578	0.0000023
all	2290	2	886578	0.0000023
all	2291	1	886578	0.0000011
all	2292	3	886578	0.0000034
all	2293	4	886578	0.0000045
all	2296	1	886578	0.0000011
all	2297	2	886578	0.0000023
all	2298	3	886578	0.0000034
all	2299	3	886578	0.0000034
all	2300	3	886578	0.0000034
all	2301	2	886578	0.0000023
all	2302	3	886578	0.0000034
all	2303	1	886578	0.0000011
all	2304	3	886578	0.0000034
all	2305	1	886578	0.0000011
all	2307	2	886578	0.0000023
all	2310	1	886578	0.0000011
all	2312	3	886578	0.0000034
all	2313	4	886578	0.0000045
all	2315	4	886578	0.0000045
all	2316	1	886578	0.0000011
all	2318	1	886578	0.0000011
all	2320	3	886578	0.0000034
all	2321	1	886578	0.0000011
all	2322	2	886578	0.0000023
all	2323	4	886578	0.0000045
all	2324	1	886578	0.0000011
all	2325	2	886578	0.0000023
all	2326	1	886578	0.0000011
all	2327	2	886578	0.0000023
all	2328	1	886578	0.0000011
all	2329	1	886578	0.0000011
all	2330	2	886578	0.0000023
all	2331	1	886578	0.0000011
all	2332	3	886578	0.0000034
all	2334	2	886578	0.0000023
all	2335	1	886578	0.0000011
all	2337	1	886578	0.0000011
all	2338	1	886578	0.0000011
all	2339	4	886578	0.0000045
all	2341	1	886578	0.0000011
all	2343	2	886578	0.0000023
all	2344	1	886578	0.0000011
all	2345	1	886578	0.0000011
all	2346	5	886578	0.0000056
all	2348	2	886578	0.0000023
all	2349	2	886578	0.0000023
all	2353	2	886578	0.0000023
all	2355	1	886578	0.0000011
all	2357	3	886578	0.0000034
all	2358	1	886578	0.0000011
all	2359	3	886578	0.0000034
all	2361	2	886578	0.0000023
all	2362	5	886578	0.0000056
all	2363	1	886578	0.0000011
all	2365	5	886578	0.0000056
all	2366	1	886578	0.0000011
all	2367	3	886578	0.0000034
all	2368	2	886578	0.0000023
all	2369	1	886578	0.0000011
all	2370	2	886578	0.0000023
all	2372	3	886578	0.0000034
all	2373	1	886578	0.0000011
all	2374	2	886578	0.0000023
all	2375	2	886578	0.0000023
all	2377	1	886578	0.0000011
all	2378	1	886578	0.0000011
all	2379	3	886578	0.0000034
all	2380	2	886578	0.0000023
all	2381	3	886578	0.0000034
all	2382	1	886578	0.0000011
all	2383	1	886578	0.0000011
all	2385	5	886578	0.0000056
all	2386	2	886578	0.0000023
all	2387	3	886578	0.0000034
all	2388	3	886578	0.0000034
all	2389	3	886578	0.0000034
all	2390	2	886578	0.0000023
all	2391	1	886578	0.0000011
all	2392	2	886578	0.0000023
all	2393	2	886578	0.0000023
all	2394	1	886578	0.0000011
all	2395	1	886578	0.0000011
all	2396	2	886578	0.0000023
all	2398	1	886578	0.0000011
all	2399	2	886578	0.0000023
all	2403	1	886578	0.0000011
all	2404	2	886578	0.0000023
all	2405	2	886578	0.0000023
all	2406	1	886578	0.0000011
all	2408	5	886578	0.0000056
all	2409	1	886578	0.0000011
all	2410	2	886578	0.0000023
all	2411	3	886578	0.0000034
all	2412	1	886578	0.0000011
all	2414	1	886578	0.0000011
all	2416	2	886578	0.0000023
all	2418	1	886578	0.0000011
all	2419	2	886578	0.0000023
all	2420	3	886578	0.0000034
all	2422	2	886578	0.0000023
all	2423	1	886578	0.0000011
all	2426	2	886578	0.0000023
all	2427	3	886578	0.0000034
all	2429	1	886578	0.0000011
all	2433	2	886578	0.0000023
all	2434	1	886578	0.0000011
all	2435	1	886578	0.0000011
all	2436	1	886578	0.0000011
all	2438	7	886578	0.0000079
all	2439	1	886578	0.0000011
all	2440	3	886578	0.0000034
all	2442	5	886578	0.0000056
all	2443	2	886578	0.0000023
all	2444	1	886578	0.0000011
all	2446	2	886578	0.0000023
all	2449	3	886578	0.0000034
all	2450	1	886578	0.0000011
all	2451	4	886578	0.0000045
all	2452	3	886578	0.0000034
all	2454	2	886578	0.0000023
all	2455	1	886578	0.0000011
all	2456	1	886578	0.0000011
all	2457	1	886578	0.0000011
all	2459	4	886578	0.0000045
all	2460	1	886578	0.0000011
all	2461	2	886578	0.0000023
all	2463	2	886578	0.0000023
all	2464	3	886578	0.0000034
all	2465	1	886578	0.0000011
all	2466	2	886578	0.0000023
all	2467	3	886578	0.0000034
all	2468	3	886578	0.0000034
all	2469	1	886578	0.0000011
all	2470	3	886578	0.0000034
all	2471	1	886578	0.0000011
all	2474	2	886578	0.0000023
all	2476	2	886578	0.0000023
all	2477	1	886578	0.0000011
all	2478	1	886578	0.0000011
all	2479	5	886578	0.0000056
all	2480	2	886578	0.0000023
all	2481	1	886578	0.0000011
all	2482	4	886578	0.0000045
all	2484	3	886578	0.0000034
all	2485	3	886578	0.0000034
all	2486	5	886578	0.0000056
all	2487	3	886578	0.0000034
all	2488	3	886578	0.0000034
all	2489	2	886578	0.0000023
all	2490	3	886578	0.0000034
all	2491	5	886578	0.0000056
all	2492	2	886578	0.0000023
all	2493	1	886578	0.0000011
all	2494	2	886578	0.0000023
all	2495	3	886578	0.0000034
all	2496	2	886578	0.0000023
all	2497	2	886578	0.0000023
all	2498	2	886578	0.0000023
all	2499	1	886578	0.0000011
all	2500	2	886578	0.0000023
all	2501	2	886578	0.0000023
all	2502	4	886578	0.0000045
all	2503	4	886578	0.0000045
all	2504	3	886578	0.0000034
all	2505	2	886578	0.0000023
all	2507	4	886578	0.0000045
all	2508	2	886578	0.0000023
all	2509	3	886578	0.0000034
all	2510	3	886578	0.0000034
all	2511	1	886578	0.0000011
all	2512	3	886578	0.0000034
all	2513	2	886578	0.0000023
all	2514	2	886578	0.0000023
all	2516	2	886578	0.0000023
all	2517	1	886578	0.0000011
all	2518	3	886578	0.0000034
all	2521	3	886578	0.0000034
all	2522	1	886578	0.0000011
all	2523	1	886578	0.0000011
all	2524	5	886578	0.0000056
all	2525	1	886578	0.0000011
all	2526	2	886578	0.0000023
all	2528	2	886578	0.0000023
all	2529	2	886578	0.0000023
all	2530	1	886578	0.0000011
all	2531	3	886578	0.0000034
all	2533	3	886578	0.0000034
all	2534	3	886578	0.0000034
all	2535	2	886578	0.0000023
all	2536	1	886578	0.0000011
all	2537	1	886578	0.0000011
all	2538	4	886578	0.0000045
all	2539	4	886578	0.0000045
all	2540	2	886578	0.0000023
all	2541	1	886578	0.0000011
all	2542	4	886578	0.0000045
all	2543	3	886578	0.0000034
all	2544	2	886578	0.0000023
all	2545	2	886578	0.0000023
all	2547	2	886578	0.0000023
all	2548	3	886578	0.0000034
all	2550	1	886578	0.0000011
all	2551	5	886578	0.0000056
all	2552	3	886578	0.0000034
all	2553	6	886578	0.0000068
all	2554	3	886578	0.0000034
all	2555	2	886578	0.0000023
all	2556	1	886578	0.0000011
all	2557	2	886578	0.0000023
all	2558	5	886578	0.0000056
all	2560	1	886578	0.0000011
all	2561	1	886578	0.0000011
all	2562	1	886578	0.0000011
all	2563	3	886578	0.0000034
all	2564	3	886578	0.0000034
all	2566	3	886578	0.0000034
all	2567	1	886578	0.0000011
all	2568	1	886578	0.0000011
all	2569	1	886578	0.0000011
all	2570	2	886578	0.0000023
all	2571	3	886578	0.0000034
all	2572	3	886578	0.0000034
all	2573	2	886578	0.0000023
all	2574	2	886578	0.0000023
all	2575	3	886578	0.0000034
all	2576	1	886578	0.0000011
all	2577	1	886578	0.0000011
all	2579	3	886578	0.0000034
all	2580	1	886578	0.0000011
all	2583	1	886578	0.0000011
all	2584	3	886578	0.0000034
all	2585	1	886578	0.0000011
all	2586	2	886578	0.0000023
all	2588	1	886578	0.0000011
all	2589	2	886578	0.0000023
all	2591	4	886578	0.0000045
all	2594	1	886578	0.0000011
all	2595	3	886578	0.0000034
all	2597	2	886578	0.0000023
all	2598	2	886578	0.0000023
all	2599	1	886578	0.0000011
all	2601	2	886578	0.0000023
all	2602	2	886578	0.0000023
all	2604	2	886578	0.0000023
all	2605	2	886578	0.0000023
all	2606	3	886578	0.0000034
all	2607	4	886578	0.0000045
all	2608	3	886578	0.0000034
all	2610	2	886578	0.0000023
all	2611	2	886578	0.0000023
all	2612	3	886578	0.0000034
all	2613	3	886578	0.0000034
all	2614	2	886578	0.0000023
all	2615	6	886578	0.0000068
all	2616	3	886578	0.0000034
all	2617	3	886578	0.0000034
all	2618	2	886578	0.0000023
all	2619	1	886578	0.0000011
all	2620	1	886578	0.0000011
all	2621	2	886578	0.0000023
all	2622	2	886578	0.0000023
all	2623	2	886578	0.0000023
all	2625	1	886578	0.0000011
all	2626	1	886578	0.0000011
all	2628	5	886578	0.0000056
all	2630	1	886578	0.0000011
all	2631	4	886578	0.0000045
all	2632	1	886578	0.0000011
all	2633	2	886578	0.0000023
all	2635	2	886578	0.0000023
all	2636	1	886578	0.0000011
all	2637	1	886578	0.0000011
all	2638	1	886578	0.0000011
all	2639	1	886578	0.0000011
all	2640	3	886578	0.0000034
all	2641	2	886578	0.0000023
all	2642	4	886578	0.0000045
all	2643	3	886578	0.0000034
all	2644	1	886578	0.0000011
all	2645	1	886578	0.0000011
all	2646	2	886578	0.0000023
all	2647	4	886578	0.0000045
all	2649	2	886578	0.0000023
all	2650	3	886578	0.0000034
all	2651	3	886578	0.0000034
all	2652	2	886578	0.0000023
all	2653	2	886578	0.0000023
all	2654	3	886578	0.0000034
all	2655	3	886578	0.0000034
all	2656	1	886578	0.0000011
all	2657	2	886578	0.0000023
all	2659	2	886578	0.0000023
all	2660	1	886578	0.0000011
all	2661	3	886578	0.0000034
all	2662	1	886578	0.0000011
all	2663	2	886578	0.0000023
all	2664	2	886578	0.0000023
all	2665	1	886578	0.0000011
all	2666	1	886578	0.0000011
all	2667	1	886578	0.0000011
all	2669	3	886578	0.0000034
all	2670	2	886578	0.0000023
all	2671	3	886578	0.0000034
all	2673	4	886578	0.0000045
all	2674	2	886578	0.0000023
all	2675	1	886578	0.0000011
all	2676	4	886578	0.0000045
all	2677	2	886578	0.0000023
all	2678	4	886578	0.0000045
all	2679	2	886578	0.0000023
all	2680	3	886578	0.0000034
all	2681	2	886578	0.0000023
all	2682	2	886578	0.0000023
all	2683	1	886578	0.0000011
all	2685	2	886578	0.0000023
all	2686	2	886578	0.0000023
all	2687	2	886578	0.0000023
all	2688	4	886578	0.0000045
all	2689	2	886578	0.0000023
all	2690	1	886578	0.0000011
all	2691	2	886578	0.0000023
all	2693	1	886578	0.0000011
all	2694	6	886578	0.0000068
all	2695	3	886578	0.0000034
all	2696	4	886578	0.0000045
all	2697	6	886578	0.0000068
all	2698	4	886578	0.0000045
all	2699	3	886578	0.0000034
all	2700	2	886578	0.0000023
all	2701	4	886578	0.0000045
all	2702	4	886578	0.0000045
all	2703	4	886578	0.0000045
all	2704	1	886578	0.0000011
all	2705	1	886578	0.0000011
all	2706	6	886578	0.0000068
all	2707	1	886578	0.0000011
all	2708	3	886578	0.0000034
all	2709	2	886578	0.0000023
all	2710	5	886578	0.0000056
all	2711	4	886578	0.0000045
all	2712	4	886578	0.0000045
all	2713	5	886578	0.0000056
all	2714	2	886578	0.0000023
all	2715	6	886578	0.0000068
all	2716	7	886578	0.0000079
all	2717	6	886578	0.0000068
all	2718	3	886578	0.0000034
all	2719	2	886578	0.0000023
all	2720	2	886578	0.0000023
all	2721	5	886578	0.0000056
all	2722	4	886578	0.0000045
all	2723	3	886578	0.0000034
all	2724	3	886578	0.0000034
all	2725	1	886578	0.0000011
all	2726	1	886578	0.0000011
all	2727	1	886578	0.0000011
all	2729	1	886578	0.0000011
all	2730	3	886578	0.0000034
all	2731	2	886578	0.0000023
all	2732	1	886578	0.0000011
all	2733	1	886578	0.0000011
all	2734	1	886578	0.0000011
all	2735	4	886578	0.0000045
all	2736	6	886578	0.0000068
all	2739	1	886578	0.0000011
all	2740	3	886578	0.0000034
all	2741	1	886578	0.0000011
all	2742	4	886578	0.0000045
all	2743	3	886578	0.0000034
all	2744	3	886578	0.0000034
all	2745	2	886578	0.0000023
all	2746	3	886578	0.0000034
all	2747	2	886578	0.0000023
all	2748	4	886578	0.0000045
all	2749	1	886578	0.0000011
all	2750	3	886578	0.0000034
all	2751	4	886578	0.0000045
all	2752	2	886578	0.0000023
all	2753	2	886578	0.0000023
all	2754	2	886578	0.0000023
all	2755	1	886578	0.0000011
all	2757	1	886578	0.0000011
all	2758	1	886578	0.0000011
all	2759	1	886578	0.0000011
all	2760	4	886578	0.0000045
all	2761	1	886578	0.0000011
all	2762	5	886578	0.0000056
all	2763	1	886578	0.0000011
all	2764	3	886578	0.0000034
all	2765	2	886578	0.0000023
all	2766	1	886578	0.0000011
all	2767	1	886578	0.0000011
all	2768	3	886578	0.0000034
all	2769	3	886578	0.0000034
all	2770	2	886578	0.0000023
all	2772	2	886578	0.0000023
all	2774	1	886578	0.0000011
all	2775	3	886578	0.0000034
all	2776	1	886578	0.0000011
all	2777	1	886578	0.0000011
all	2778	2	886578	0.0000023
all	2779	2	886578	0.0000023
all	2782	2	886578	0.0000023
all	2783	5	886578	0.0000056
all	2785	5	886578	0.0000056
all	2787	2	886578	0.0000023
all	2788	2	886578	0.0000023
all	2789	3	886578	0.0000034
all	2790	1	886578	0.0000011
all	2791	1	886578	0.0000011
all	2792	1	886578	0.0000011
all	2793	1	886578	0.0000011
all	2794	2	886578	0.0000023
all	2795	2	886578	0.0000023
all	2796	1	886578	0.0000011
all	2797	1	886578	0.0000011
all	2798	1	886578	0.0000011
all	2799	4	886578	0.0000045
all	2801	2	886578	0.0000023
all	2802	4	886578	0.0000045
all	2805	2	886578	0.0000023
all	2807	1	886578	0.0000011
all	2808	1	886578	0.0000011
all	2810	1	886578	0.0000011
all	2811	1	886578	0.0000011
all	2812	3	886578	0.0000034
all	2813	5	886578	0.0000056
all	2816	3	886578	0.0000034
all	2817	3	886578	0.0000034
all	2818	2	886578	0.0000023
all	2819	3	886578	0.0000034
all	2820	1	886578	0.0000011
all	2821	1	886578	0.0000011
all	2822	4	886578	0.0000045
all	2823	3	886578	0.0000034
all	2824	1	886578	0.0000011
all	2826	2	886578	0.0000023
all	2827	1	886578	0.0000011
all	2828	1	886578	0.0000011
all	2829	2	886578	0.0000023
all	2830	1	886578	0.0000011
all	2831	5	886578	0.0000056
all	2833	3	886578	0.0000034
all	2834	1	886578	0.0000011
all	2835	7	886578	0.0000079
all	2836	2	886578	0.0000023
all	2837	3	886578	0.0000034
all	2838	1	886578	0.0000011
all	2842	2	886578	0.0000023
all	2843	1	886578	0.0000011
all	2845	2	886578	0.0000023
all	2847	2	886578	0.0000023
all	2851	3	886578	0.0000034
all	2852	1	886578	0.0000011
all	2853	1	886578	0.0000011
all	2855	1	886578	0.0000011
all	2858	3	886578	0.0000034
all	2859	1	886578	0.0000011
all	2860	1	886578	0.0000011
all	2862	1	886578	0.0000011
all	2863	2	886578	0.0000023
all	2869	2	886578	0.0000023
all	2870	1	886578	0.0000011
all	2871	1	886578	0.0000011
all	2872	1	886578	0.0000011
all	2875	1	886578	0.0000011
all	2876	2	886578	0.0000023
all	2878	1	886578	0.0000011
all	2882	1	886578	0.0000011
all	2885	1	886578	0.0000011
all	2886	1	886578	0.0000011
all	2888	1	886578	0.0000011
all	2892	2	886578	0.0000023
all	2894	1	886578	0.0000011
all	2896	1	886578	0.0000011
all	2897	4	886578	0.0000045
all	2898	2	886578	0.0000023
all	2900	1	886578	0.0000011
all	2903	3	886578	0.0000034
all	2904	1	886578	0.0000011
all	2905	1	886578	0.0000011
all	2907	2	886578	0.0000023
all	2908	1	886578	0.0000011
all	2909	2	886578	0.0000023
all	2910	3	886578	0.0000034
all	2911	2	886578	0.0000023
all	2912	1	886578	0.0000011
all	2915	1	886578	0.0000011
all	2918	1	886578	0.0000011
all	2921	2	886578	0.0000023
all	2922	2	886578	0.0000023
all	2925	1	886578	0.0000011
all	2927	3	886578	0.0000034
all	2928	1	886578	0.0000011
all	2929	2	886578	0.0000023
all	2931	1	886578	0.0000011
all	2932	1	886578	0.0000011
all	2934	1	886578	0.0000011
all	2935	1	886578	0.0000011
all	2937	1	886578	0.0000011
all	2938	3	886578	0.0000034
all	2939	1	886578	0.0000011
all	2940	2	886578	0.0000023
all	2941	1	886578	0.0000011
all	2943	3	886578	0.0000034
all	2944	1	886578	0.0000011
all	2945	1	886578	0.0000011
all	2951	2	886578	0.0000023
all	2952	1	886578	0.0000011
all	2957	1	886578	0.0000011
all	2958	1	886578	0.0000011
all	2961	1	886578	0.0000011
all	2963	1	886578	0.0000011
all	2964	1	886578	0.0000011
all	2965	3	886578	0.0000034
all	2967	2	886578	0.0000023
all	2968	2	886578	0.0000023
all	2969	1	886578	0.0000011
all	2970	1	886578	0.0000011
all	2973	1	886578	0.0000011
all	2974	1	886578	0.0000011
all	2979	2	886578	0.0000023
all	2980	1	886578	0.0000011
all	2982	1	886578	0.0000011
all	2983	1	886578	0.0000011
all	2985	2	886578	0.0000023
all	2986	1	886578	0.0000011
all	2987	1	886578	0.0000011
all	2988	1	886578	0.0000011
all	2996	1	886578	0.0000011
all	2997	2	886578	0.0000023
all	2998	1	886578	0.0000011
all	2999	2	886578	0.0000023
all	3000	2	886578	0.0000023
all	3002	1	886578	0.0000011
all	3005	1	886578	0.0000011
all	3006	2	886578	0.0000023
all	3008	1	886578	0.0000011
all	3009	1	886578	0.0000011
all	3011	1	886578	0.0000011
all	3012	3	886578	0.0000034
all	3014	2	886578	0.0000023
all	3015	1	886578	0.0000011
all	3016	1	886578	0.0000011
all	3017	1	886578	0.0000011
all	3019	1	886578	0.0000011
all	3020	1	886578	0.0000011
all	3024	1	886578	0.0000011
all	3025	2	886578	0.0000023
all	3026	1	886578	0.0000011
all	3027	1	886578	0.0000011
all	3028	2	886578	0.0000023
all	3029	1	886578	0.0000011
all	3031	1	886578	0.0000011
all	3032	2	886578	0.0000023
all	3036	1	886578	0.0000011
all	3037	1	886578	0.0000011
all	3038	1	886578	0.0000011
all	3039	2	886578	0.0000023
all	3040	1	886578	0.0000011
all	3041	2	886578	0.0000023
all	3043	1	886578	0.0000011
all	3044	1	886578	0.0000011
all	3045	2	886578	0.0000023
all	3048	1	886578	0.0000011
all	3049	3	886578	0.0000034
all	3051	2	886578	0.0000023
all	3052	1	886578	0.0000011
all	3053	1	886578	0.0000011
all	3055	1	886578	0.0000011
all	3057	2	886578	0.0000023
all	3058	1	886578	0.0000011
all	3060	1	886578	0.0000011
all	3061	1	886578	0.0000011
all	3063	2	886578	0.0000023
all	3065	1	886578	0.0000011
all	3066	1	886578	0.0000011
all	3067	1	886578	0.0000011
all	3068	1	886578	0.0000011
all	3070	3	886578	0.0000034
all	3071	1	886578	0.0000011
all	3075	1	886578	0.0000011
all	3077	3	886578	0.0000034
all	3078	1	886578	0.0000011
all	3079	1	886578	0.0000011
all	3080	4	886578	0.0000045
all	3081	1	886578	0.0000011
all	3082	1	886578	0.0000011
all	3085	1	886578	0.0000011
all	3087	1	886578	0.0000011
all	3088	2	886578	0.0000023
all	3089	1	886578	0.0000011
all	3090	1	886578	0.0000011
all	3092	3	886578	0.0000034
all	3093	4	886578	0.0000045
all	3095	3	886578	0.0000034
all	3096	1	886578	0.0000011
all	3097	1	886578	0.0000011
all	3098	1	886578	0.0000011
all	3099	2	886578	0.0000023
all	3100	3	886578	0.0000034
all	3101	3	886578	0.0000034
all	3102	2	886578	0.0000023
all	3103	1	886578	0.0000011
all	3104	4	886578	0.0000045
all	3105	1	886578	0.0000011
all	3106	2	886578	0.0000023
all	3107	2	886578	0.0000023
all	3109	1	886578	0.0000011
all	3110	1	886578	0.0000011
all	3111	1	886578	0.0000011
all	3112	4	886578	0.0000045
all	3114	1	886578	0.0000011
all	3115	1	886578	0.0000011
all	3116	1	886578	0.0000011
all	3117	1	886578	0.0000011
all	3121	1	886578	0.0000011
all	3123	1	886578	0.0000011
all	3124	4	886578	0.0000045
all	3126	1	886578	0.0000011
all	3127	1	886578	0.0000011
all	3128	3	886578	0.0000034
all	3130	1	886578	0.0000011
all	3131	1	886578	0.0000011
all	3132	2	886578	0.0000023
all	3133	1	886578	0.0000011
all	3134	3	886578	0.0000034
all	3135	1	886578	0.0000011
all	3136	2	886578	0.0000023
all	3137	1	886578	0.0000011
all	3138	1	886578	0.0000011
all	3143	3	886578	0.0000034
all	3144	1	886578	0.0000011
all	3145	1	886578	0.0000011
all	3146	1	886578	0.0000011
all	3148	1	886578	0.0000011
all	3149	3	886578	0.0000034
all	3153	1	886578	0.0000011
all	3154	1	886578	0.0000011
all	3155	1	886578	0.0000011
all	3156	1	886578	0.0000011
all	3157	2	886578	0.0000023
all	3158	1	886578	0.0000011
all	3162	2	886578	0.0000023
all	3163	1	886578	0.0000011
all	3166	1	886578	0.0000011
all	3167	3	886578	0.0000034
all	3169	1	886578	0.0000011
all	3170	3	886578	0.0000034
all	3171	2	886578	0.0000023
all	3173	2	886578	0.0000023
all	3175	1	886578	0.0000011
all	3176	3	886578	0.0000034
all	3177	2	886578	0.0000023
all	3179	1	886578	0.0000011
all	3180	1	886578	0.0000011
all	3181	1	886578	0.0000011
all	3182	1	886578	0.0000011
all	3183	1	886578	0.0000011
all	3184	1	886578	0.0000011
all	3185	3	886578	0.0000034
all	3186	1	886578	0.0000011
all	3187	2	886578	0.0000023
all	3188	2	886578	0.0000023
all	3190	3	886578	0.0000034
all	3191	3	886578	0.0000034
all	3192	3	886578	0.0000034
all	3193	1	886578	0.0000011
all	3194	2	886578	0.0000023
all	3195	3	886578	0.0000034
all	3197	1	886578	0.0000011
all	3198	3	886578	0.0000034
all	3200	2	886578	0.0000023
all	3201	1	886578	0.0000011
all	3203	1	886578	0.0000011
all	3204	1	886578	0.0000011
all	3205	1	886578	0.0000011
all	3207	1	886578	0.0000011
all	3208	2	886578	0.0000023
all	3209	1	886578	0.0000011
all	3210	1	886578	0.0000011
all	3212	2	886578	0.0000023
all	3213	1	886578	0.0000011
all	3218	1	886578	0.0000011
all	3219	1	886578	0.0000011
all	3221	1	886578	0.0000011
all	3222	2	886578	0.0000023
all	3223	1	886578	0.0000011
all	3225	1	886578	0.0000011
all	3228	4	886578	0.0000045
all	3230	1	886578	0.0000011
all	3234	1	886578	0.0000011
all	3240	2	886578	0.0000023
all	3241	1	886578	0.0000011
all	3244	1	886578	0.0000011
all	3245	1	886578	0.0000011
all	3247	1	886578	0.0000011
all	3248	1	886578	0.0000011
all	3251	2	886578	0.0000023
all	3255	1	886578	0.0000011
all	3258	1	886578	0.0000011
all	3259	1	886578	0.0000011
all	3260	3	886578	0.0000034
all	3263	1	886578	0.0000011
all	3264	1	886578	0.0000011
all	3266	3	886578	0.0000034
all	3268	1	886578	0.0000011
all	3269	1	886578	0.0000011
all	3270	1	886578	0.0000011
all	3271	1	886578	0.0000011
all	3275	1	886578	0.0000011
all	3278	1	886578	0.0000011
all	3279	1	886578	0.0000011
all	3285	2	886578	0.0000023
all	3286	1	886578	0.0000011
all	3288	1	886578	0.0000011
all	3289	1	886578	0.0000011
all	3290	3	886578	0.0000034
all	3291	2	886578	0.0000023
all	3292	3	886578	0.0000034
all	3293	1	886578	0.0000011
all	3295	2	886578	0.0000023
all	3297	1	886578	0.0000011
all	3298	1	886578	0.0000011
all	3300	2	886578	0.0000023
all	3301	2	886578	0.0000023
all	3302	1	886578	0.0000011
all	3303	1	886578	0.0000011
all	3305	1	886578	0.0000011
all	3306	1	886578	0.0000011
all	3308	4	886578	0.0000045
all	3311	1	886578	0.0000011
all	3317	2	886578	0.0000023
all	3318	2	886578	0.0000023
all	3321	1	886578	0.0000011
all	3325	2	886578	0.0000023
all	3327	1	886578	0.0000011
all	3331	1	886578	0.0000011
all	3332	1	886578	0.0000011
all	3333	1	886578	0.0000011
all	3336	1	886578	0.0000011
all	3337	1	886578	0.0000011
all	3339	2	886578	0.0000023
all	3340	2	886578	0.0000023
all	3341	1	886578	0.0000011
all	3342	1	886578	0.0000011
all	3344	1	886578	0.0000011
all	3346	1	886578	0.0000011
all	3348	2	886578	0.0000023
all	3349	5	886578	0.0000056
all	3350	3	886578	0.0000034
all	3351	1	886578	0.0000011
all	3352	4	886578	0.0000045
all	3354	5	886578	0.0000056
all	3356	6	886578	0.0000068
all	3357	4	886578	0.0000045
all	3359	4	886578	0.0000045
all	3360	1	886578	0.0000011
all	3361	2	886578	0.0000023
all	3362	2	886578	0.0000023
all	3364	2	886578	0.0000023
all	3365	1	886578	0.0000011
all	3369	1	886578	0.0000011
all	3371	1	886578	0.0000011
all	3373	1	886578	0.0000011
all	3377	1	886578	0.0000011
all	3381	1	886578	0.0000011
all	3383	1	886578	0.0000011
all	3387	1	886578	0.0000011
all	3389	2	886578	0.0000023
all	3390	1	886578	0.0000011
all	3391	1	886578	0.0000011
all	3394	1	886578	0.0000011
all	3397	2	886578	0.0000023
all	3398	1	886578	0.0000011
all	3399	1	886578	0.0000011
all	3409	1	886578	0.0000011
all	3415	1	886578	0.0000011
all	3417	1	886578	0.0000011
all	3421	1	886578	0.0000011
all	3426	1	886578	0.0000011
all	3434	1	886578	0.0000011
all	3435	1	886578	0.0000011
all	3443	1	886578	0.0000011
all	3445	1	886578	0.0000011
all	3446	2	886578	0.0000023
all	3448	1	886578	0.0000011
all	3449	1	886578	0.0000011
all	3451	1	886578	0.0000011
all	3452	1	886578	0.0000011
all	3453	1	886578	0.0000011
all	3454	1	886578	0.0000011
all	3455	2	886578	0.0000023
all	3458	1	886578	0.0000011
all	3462	1	886578	0.0000011
all	3467	1	886578	0.0000011
all	3469	1	886578	0.0000011
all	3470	1	886578	0.0000011
all	3475	1	886578	0.0000011
all	3481	2	886578	0.0000023
all	3482	1	886578	0.0000011
all	3483	1	886578	0.0000011
all	3485	1	886578	0.0000011
all	3488	2	886578	0.0000023
all	3492	1	886578	0.0000011
all	3494	1	886578	0.0000011
all	3495	1	886578	0.0000011
all	3497	1	886578	0.0000011
all	3498	1	886578	0.0000011
all	3500	1	886578	0.0000011
all	3502	1	886578	0.0000011
all	3504	2	886578	0.0000023
all	3507	1	886578	0.0000011
all	3511	1	886578	0.0000011
all	3522	1	886578	0.0000011
all	3523	1	886578	0.0000011
all	3525	1	886578	0.0000011
all	3526	1	886578	0.0000011
all	3532	3	886578	0.0000034
all	3533	1	886578	0.0000011
all	3541	1	886578	0.0000011
all	3547	1	886578	0.0000011
all	3549	1	886578	0.0000011
all	3551	1	886578	0.0000011
all	3553	1	886578	0.0000011
all	3558	1	886578	0.0000011
all	3559	1	886578	0.0000011
all	3567	1	886578	0.0000011
all	3568	1	886578	0.0000011
all	3569	1	886578	0.0000011
all	3570	1	886578	0.0000011
all	3571	2	886578	0.0000023
all	3572	1	886578	0.0000011
all	3573	1	886578	0.0000011
all	3574	1	886578	0.0000011
all	3579	1	886578	0.0000011
all	3581	2	886578	0.0000023
all	3594	1	886578	0.0000011
all	3595	1	886578	0.0000011
all	3596	1	886578	0.0000011
all	3597	2	886578	0.0000023
all	3598	1	886578	0.0000011
all	3600	2	886578	0.0000023
all	3603	1	886578	0.0000011
all	3604	1	886578	0.0000011
all	3605	1	886578	0.0000011
all	3607	1	886578	0.0000011
all	3610	2	886578	0.0000023
all	3611	1	886578	0.0000011
all	3613	2	886578	0.0000023
all	3614	1	886578	0.0000011
all	3615	2	886578	0.0000023
all	3621	2	886578	0.0000023
all	3627	1	886578	0.0000011
all	3628	1	886578	0.0000011
all	3630	1	886578	0.0000011
all	3632	2	886578	0.0000023
all	3634	1	886578	0.0000011
all	3635	2	886578	0.0000023
all	3638	4	886578	0.0000045
all	3639	1	886578	0.0000011
all	3640	2	886578	0.0000023
all	3641	2	886578	0.0000023
all	3642	3	886578	0.0000034
all	3644	1	886578	0.0000011
all	3646	1	886578	0.0000011
all	3647	1	886578	0.0000011
all	3649	1	886578	0.0000011
all	3652	1	886578	0.0000011
all	3653	1	886578	0.0000011
all	3660	1	886578	0.0000011
all	3664	1	886578	0.0000011
all	3665	1	886578	0.0000011
all	3666	1	886578	0.0000011
all	3668	1	886578	0.0000011
all	3674	1	886578	0.0000011
all	3676	1	886578	0.0000011
all	3681	1	886578	0.0000011
all	3683	2	886578	0.0000023
all	3684	3	886578	0.0000034
all	3686	1	886578	0.0000011
all	3687	1	886578	0.0000011
all	3691	2	886578	0.0000023
all	3701	1	886578	0.0000011
all	3702	1	886578	0.0000011
all	3704	3	886578	0.0000034
all	3708	1	886578	0.0000011
all	3710	1	886578	0.0000011
all	3713	1	886578	0.0000011
all	3714	2	886578	0.0000023
all	3718	2	886578	0.0000023
all	3719	1	886578	0.0000011
all	3720	1	886578	0.0000011
all	3721	1	886578	0.0000011
all	3724	2	886578	0.0000023
all	3727	1	886578	0.0000011
all	3728	2	886578	0.0000023
all	3731	1	886578	0.0000011
all	3733	1	886578	0.0000011
all	3736	2	886578	0.0000023
all	3739	1	886578	0.0000011
all	3741	1	886578	0.0000011
all	3742	3	886578	0.0000034
all	3743	1	886578	0.0000011
all	3745	1	886578	0.0000011
all	3749	1	886578	0.0000011
all	3752	1	886578	0.0000011
all	3755	1	886578	0.0000011
all	3757	1	886578	0.0000011
all	3760	1	886578	0.0000011
all	3761	4	886578	0.0000045
all	3763	2	886578	0.0000023
all	3764	2	886578	0.0000023
all	3765	2	886578	0.0000023
all	3767	1	886578	0.0000011
all	3768	1	886578	0.0000011
all	3770	2	886578	0.0000023
all	3771	2	886578	0.0000023
all	3773	2	886578	0.0000023
all	3775	1	886578	0.0000011
all	3776	1	886578	0.0000011
all	3777	1	886578	0.0000011
all	3778	2	886578	0.0000023
all	3782	1	886578	0.0000011
all	3784	1	886578	0.0000011
all	3786	1	886578	0.0000011
all	3787	1	886578	0.0000011
all	3788	1	886578	0.0000011
all	3790	1	886578	0.0000011
all	3791	2	886578	0.0000023
all	3794	1	886578	0.0000011
all	3795	1	886578	0.0000011
all	3799	1	886578	0.0000011
all	3800	3	886578	0.0000034
all	3806	1	886578	0.0000011
all	3807	1	886578	0.0000011
all	3810	1	886578	0.0000011
all	3811	1	886578	0.0000011
all	3812	2	886578	0.0000023
all	3813	1	886578	0.0000011
all	3814	1	886578	0.0000011
all	3815	1	886578	0.0000011
all	3820	1	886578	0.0000011
all	3824	2	886578	0.0000023
all	3826	2	886578	0.0000023
all	3827	1	886578	0.0000011
all	3828	1	886578	0.0000011
all	3829	2	886578	0.0000023
all	3832	1	886578	0.0000011
all	3835	1	886578	0.0000011
all	3838	1	886578	0.0000011
all	3839	1	886578	0.0000011
all	3840	1	886578	0.0000011
all	3843	3	886578	0.0000034
all	3844	2	886578	0.0000023
all	3845	1	886578	0.0000011
all	3853	1	886578	0.0000011
all	3855	1	886578	0.0000011
all	3859	1	886578	0.0000011
all	3861	1	886578	0.0000011
all	3863	1	886578	0.0000011
all	3867	1	886578	0.0000011
all	3872	1	886578	0.0000011
all	3873	3	886578	0.0000034
all	3874	1	886578	0.0000011
all	3876	1	886578	0.0000011
all	3879	2	886578	0.0000023
all	3883	2	886578	0.0000023
all	3888	1	886578	0.0000011
all	3889	1	886578	0.0000011
all	3893	1	886578	0.0000011
all	3894	1	886578	0.0000011
all	3895	2	886578	0.0000023
all	3896	2	886578	0.0000023
all	3897	3	886578	0.0000034
all	3898	1	886578	0.0000011
all	3900	2	886578	0.0000023
all	3901	2	886578	0.0000023
all	3902	1	886578	0.0000011
all	3903	2	886578	0.0000023
all	3907	1	886578	0.0000011
all	3908	3	886578	0.0000034
all	3909	3	886578	0.0000034
all	3911	1	886578	0.0000011
all	3915	1	886578	0.0000011
all	3917	1	886578	0.0000011
all	3920	1	886578	0.0000011
all	3921	1	886578	0.0000011
all	3924	2	886578	0.0000023
all	3926	1	886578	0.0000011
all	3928	1	886578	0.0000011
all	3929	1	886578	0.0000011
all	3931	1	886578	0.0000011
all	3932	1	886578	0.0000011
all	3937	2	886578	0.0000023
all	3941	2	886578	0.0000023
all	3943	1	886578	0.0000011
all	3945	1	886578	0.0000011
all	3946	2	886578	0.0000023
all	3947	4	886578	0.0000045
all	3948	2	886578	0.0000023
all	3949	1	886578	0.0000011
all	3955	1	886578	0.0000011
all	3956	4	886578	0.0000045
all	3957	2	886578	0.0000023
all	3959	3	886578	0.0000034
all	3961	1	886578	0.0000011
all	3962	6	886578	0.0000068
all	3963	2	886578	0.0000023
all	3964	1	886578	0.0000011
all	3969	2	886578	0.0000023
all	3971	2	886578	0.0000023
all	3973	2	886578	0.0000023
all	3974	1	886578	0.0000011
all	3975	1	886578	0.0000011
all	3977	1	886578	0.0000011
all	3978	2	886578	0.0000023
all	3983	1	886578	0.0000011
all	3985	1	886578	0.0000011
all	3986	2	886578	0.0000023
all	3989	2	886578	0.0000023
all	3990	2	886578	0.0000023
all	3991	1	886578	0.0000011
all	3993	1	886578	0.0000011
all	3994	1	886578	0.0000011
all	3995	1	886578	0.0000011
all	3998	3	886578	0.0000034
all	4002	1	886578	0.0000011
all	4003	2	886578	0.0000023
all	4006	1	886578	0.0000011
all	4009	1	886578	0.0000011
all	4012	1	886578	0.0000011
all	4013	1	886578	0.0000011
all	4015	1	886578	0.0000011
all	4022	1	886578	0.0000011
all	4023	1	886578	0.0000011
all	4025	2	886578	0.0000023
all	4026	1	886578	0.0000011
all	4027	1	886578	0.0000011
all	4028	1	886578	0.0000011
all	4029	2	886578	0.0000023
all	4032	1	886578	0.0000011
all	4036	1	886578	0.0000011
all	4039	1	886578	0.0000011
all	4045	2	886578	0.0000023
all	4054	1	886578	0.0000011
all	4055	2	886578	0.0000023
all	4057	1	886578	0.0000011
all	4059	1	886578	0.0000011
all	4064	1	886578	0.0000011
all	4065	1	886578	0.0000011
all	4066	1	886578	0.0000011
all	4067	1	886578	0.0000011
all	4069	1	886578	0.0000011
all	4070	1	886578	0.0000011
all	4071	2	886578	0.0000023
all	4072	1	886578	0.0000011
all	4080	1	886578	0.0000011
all	4083	1	886578	0.0000011
all	4086	2	886578	0.0000023
all	4090	1	886578	0.0000011
all	4094	1	886578	0.0000011
all	4097	3	886578	0.0000034
all	4098	2	886578	0.0000023
all	4099	2	886578	0.0000023
all	4100	1	886578	0.0000011
all	4104	1	886578	0.0000011
all	4106	2	886578	0.0000023
all	4114	1	886578	0.0000011
all	4115	1	886578	0.0000011
all	4116	1	886578	0.0000011
all	4117	3	886578	0.0000034
all	4118	1	886578	0.0000011
all	4119	1	886578	0.0000011
all	4120	1	886578	0.0000011
all	4121	1	886578	0.0000011
all	4122	2	886578	0.0000023
all	4123	1	886578	0.0000011
all	4126	1	886578	0.0000011
all	4131	2	886578	0.0000023
all	4133	1	886578	0.0000011
all	4135	1	886578	0.0000011
all	4137	1	886578	0.0000011
all	4138	1	886578	0.0000011
all	4141	1	886578	0.0000011
all	4142	1	886578	0.0000011
all	4146	1	886578	0.0000011
all	4147	1	886578	0.0000011
all	4148	1	886578	0.0000011
all	4150	2	886578	0.0000023
all	4151	1	886578	0.0000011
all	4153	2	886578	0.0000023
all	4155	2	886578	0.0000023
all	4157	2	886578	0.0000023
all	4160	2	886578	0.0000023
all	4161	1	886578	0.0000011
all	4163	1	886578	0.0000011
all	4164	1	886578	0.0000011
all	4165	2	886578	0.0000023
all	4166	1	886578	0.0000011
all	4167	1	886578	0.0000011
all	4169	4	886578	0.0000045
all	4170	1	886578	0.0000011
all	4171	2	886578	0.0000023
all	4172	2	886578	0.0000023
all	4174	1	886578	0.0000011
all	4178	1	886578	0.0000011
all	4183	1	886578	0.0000011
all	4185	1	886578	0.0000011
all	4186	2	886578	0.0000023
all	4187	1	886578	0.0000011
all	4191	1	886578	0.0000011
all	4192	2	886578	0.0000023
all	4193	1	886578	0.0000011
all	4195	1	886578	0.0000011
all	4201	1	886578	0.0000011
all	4202	1	886578	0.0000011
all	4203	1	886578	0.0000011
all	4208	1	886578	0.0000011
all	4209	2	886578	0.0000023
all	4211	1	886578	0.0000011
all	4212	1	886578	0.0000011
all	4214	1	886578	0.0000011
all	4216	2	886578	0.0000023
all	4217	1	886578	0.0000011
all	4218	1	886578	0.0000011
all	4219	2	886578	0.0000023
all	4220	1	886578	0.0000011
all	4222	1	886578	0.0000011
all	4223	1	886578	0.0000011
all	4224	1	886578	0.0000011
all	4226	1	886578	0.0000011
all	4228	1	886578	0.0000011
all	4230	2	886578	0.0000023
all	4231	3	886578	0.0000034
all	4232	1	886578	0.0000011
all	4233	1	886578	0.0000011
all	4234	1	886578	0.0000011
all	4235	1	886578	0.0000011
all	4236	2	886578	0.0000023
all	4237	1	886578	0.0000011
all	4238	1	886578	0.0000011
all	4239	1	886578	0.0000011
all	4240	1	886578	0.0000011
all	4242	1	886578	0.0000011
all	4244	1	886578	0.0000011
all	4245	1	886578	0.0000011
all	4247	1	886578	0.0000011
all	4248	1	886578	0.0000011
all	4250	1	886578	0.0000011
all	4254	4	886578	0.0000045
all	4257	1	886578	0.0000011
all	4259	1	886578	0.0000011
all	4260	1	886578	0.0000011
all	4261	1	886578	0.0000011
all	4264	3	886578	0.0000034
all	4265	2	886578	0.0000023
all	4268	3	886578	0.0000034
all	4269	2	886578	0.0000023
all	4273	1	886578	0.0000011
all	4278	1	886578	0.0000011
all	4279	1	886578	0.0000011
all	4281	1	886578	0.0000011
all	4282	1	886578	0.0000011
all	4284	1	886578	0.0000011
all	4285	1	886578	0.0000011
all	4286	1	886578	0.0000011
all	4291	1	886578	0.0000011
all	4293	1	886578	0.0000011
all	4296	1	886578	0.0000011
all	4299	1	886578	0.0000011
all	4301	1	886578	0.0000011
all	4303	1	886578	0.0000011
all	4304	1	886578	0.0000011
all	4308	2	886578	0.0000023
all	4311	1	886578	0.0000011
all	4317	1	886578	0.0000011
all	4318	1	886578	0.0000011
all	4325	1	886578	0.0000011
all	4330	1	886578	0.0000011
all	4334	1	886578	0.0000011
all	4338	1	886578	0.0000011
all	4339	1	886578	0.0000011
all	4340	3	886578	0.0000034
all	4341	1	886578	0.0000011
all	4342	2	886578	0.0000023
all	4354	1	886578	0.0000011
all	4362	1	886578	0.0000011
all	4364	1	886578	0.0000011
all	4365	1	886578	0.0000011
all	4366	1	886578	0.0000011
all	4370	1	886578	0.0000011
all	4371	2	886578	0.0000023
all	4376	1	886578	0.0000011
all	4382	1	886578	0.0000011
all	4383	1	886578	0.0000011
all	4393	1	886578	0.0000011
all	4394	1	886578	0.0000011
all	4395	1	886578	0.0000011
all	4397	3	886578	0.0000034
all	4398	1	886578	0.0000011
all	4400	1	886578	0.0000011
all	4405	3	886578	0.0000034
all	4409	1	886578	0.0000011
all	4410	1	886578	0.0000011
all	4416	1	886578	0.0000011
all	4419	1	886578	0.0000011
all	4422	1	886578	0.0000011
all	4423	1	886578	0.0000011
all	4429	2	886578	0.0000023
all	4439	1	886578	0.0000011
all	4443	1	886578	0.0000011
all	4445	1	886578	0.0000011
all	4449	1	886578	0.0000011
all	4455	1	886578	0.0000011
all	4462	1	886578	0.0000011
all	4467	1	886578	0.0000011
all	4468	1	886578	0.0000011
all	4470	1	886578	0.0000011
all	4471	1	886578	0.0000011
all	4473	2	886578	0.0000023
all	4475	1	886578	0.0000011
all	4476	1	886578	0.0000011
all	4479	1	886578	0.0000011
all	4488	1	886578	0.0000011
all	4489	1	886578	0.0000011
all	4490	2	886578	0.0000023
all	4495	1	886578	0.0000011
all	4497	1	886578	0.0000011
all	4500	1	886578	0.0000011
all	4505	1	886578	0.0000011
all	4515	1	886578	0.0000011
all	4517	1	886578	0.0000011
all	4527	2	886578	0.0000023
all	4529	1	886578	0.0000011
all	4535	1	886578	0.0000011
all	4541	1	886578	0.0000011
all	4552	1	886578	0.0000011
all	4564	1	886578	0.0000011
all	4578	1	886578	0.0000011
all	4580	1	886578	0.0000011
all	4581	1	886578	0.0000011
all	4584	1	886578	0.0000011
all	4585	1	886578	0.0000011
all	4591	1	886578	0.0000011
all	4592	1	886578	0.0000011
all	4594	1	886578	0.0000011
all	4599	1	886578	0.0000011
all	4613	1	886578	0.0000011
all	4615	1	886578	0.0000011
all	4618	1	886578	0.0000011
all	4623	1	886578	0.0000011
all	4628	1	886578	0.0000011
all	4630	1	886578	0.0000011
all	4636	1	886578	0.0000011
all	4641	1	886578	0.0000011
all	4642	1	886578	0.0000011
all	4648	1	886578	0.0000011
all	4652	1	886578	0.0000011
all	4653	1	886578	0.0000011
all	4668	2	886578	0.0000023
all	4670	1	886578	0.0000011
all	4677	1	886578	0.0000011
all	4686	2	886578	0.0000023
all	4687	1	886578	0.0000011
all	4693	1	886578	0.0000011
all	4694	1	886578	0.0000011
all	4700	2	886578	0.0000023
all	4703	1	886578	0.0000011
all	4713	1	886578	0.0000011
all	4722	1	886578	0.0000011
all	4725	1	886578	0.0000011
all	4731	1	886578	0.0000011
all	4733	1	886578	0.0000011
all	4736	1	886578	0.0000011
all	4739	1	886578	0.0000011
all	4740	1	886578	0.0000011
all	4742	1	886578	0.0000011
all	4748	1	886578	0.0000011
all	4750	1	886578	0.0000011
all	4754	1	886578	0.0000011
all	4756	2	886578	0.0000023
all	4758	1	886578	0.0000011
all	4761	1	886578	0.0000011
all	4762	1	886578	0.0000011
all	4765	1	886578	0.0000011
all	4767	1	886578	0.0000011
all	4774	2	886578	0.0000023
all	4777	1	886578	0.0000011
all	4780	1	886578	0.0000011
all	4782	1	886578	0.0000011
all	4786	1	886578	0.0000011
all	4787	1	886578	0.0000011
all	4788	1	886578	0.0000011
all	4790	1	886578	0.0000011
all	4793	1	886578	0.0000011
all	4795	1	886578	0.0000011
all	4798	2	886578	0.0000023
all	4803	1	886578	0.0000011
all	4806	2	886578	0.0000023
all	4812	2	886578	0.0000023
all	4814	1	886578	0.0000011
all	4831	1	886578	0.0000011
all	4848	1	886578	0.0000011
all	4849	1	886578	0.0000011
all	4862	1	886578	0.0000011
all	4868	1	886578	0.0000011
all	4875	1	886578	0.0000011
all	4887	1	886578	0.0000011
all	4888	1	886578	0.0000011
all	4900	1	886578	0.0000011
all	4914	1	886578	0.0000011
all	4921	1	886578	0.0000011
all	4923	1	886578	0.0000011
all	4927	1	886578	0.0000011
all	4929	1	886578	0.0000011
all	4932	2	886578	0.0000023
all	4933	1	886578	0.0000011
all	4937	1	886578	0.0000011
all	4941	1	886578	0.0000011
all	4957	1	886578	0.0000011
all	4967	1	886578	0.0000011
all	4973	1	886578	0.0000011
all	4977	1	886578	0.0000011
all	4984	1	886578	0.0000011
all	4986	1	886578	0.0000011
all	4994	1	886578	0.0000011
all	4997	1	886578	0.0000011
all	4998	1	886578	0.0000011
all	5003	1	886578	0.0000011
all	5013	1	886578	0.0000011
all	5023	1	886578	0.0000011
all	5026	1	886578	0.0000011
all	5038	1	886578	0.0000011
all	5039	1	886578	0.0000011
all	5055	1	886578	0.0000011
all	5062	1	886578	0.0000011
all	5067	1	886578	0.0000011
all	5070	1	886578	0.0000011
all	5071	1	886578	0.0000011
all	5083	2	886578	0.0000023
all	5090	1	886578	0.0000011
all	5103	1	886578	0.0000011
all	5111	1	886578	0.0000011
all	5115	1	886578	0.0000011
all	5120	1	886578	0.0000011
all	5124	1	886578	0.0000011
all	5129	1	886578	0.0000011
all	5136	1	886578	0.0000011
all	5138	1	886578	0.0000011
all	5154	1	886578	0.0000011
all	5156	1	886578	0.0000011
all	5163	1	886578	0.0000011
all	5177	1	886578	0.0000011
all	5181	1	886578	0.0000011
all	5182	1	886578	0.0000011
all	5190	1	886578	0.0000011
all	5202	1	886578	0.0000011
all	5207	1	886578	0.0000011
all	5212	1	886578	0.0000011
all	5215	1	886578	0.0000011
all	5216	1	886578	0.0000011
all	5220	1	886578	0.0000011
all	5225	1	886578	0.0000011
all	5235	1	886578	0.0000011
all	5247	2	886578	0.0000023
all	5255	1	886578	0.0000011
all	5261	1	886578	0.0000011
all	5269	1	886578	0.0000011
all	5278	1	886578	0.0000011
all	5289	1	886578	0.0000011
all	5292	1	886578	0.0000011
all	5294	1	886578	0.0000011
all	5304	1	886578	0.0000011
all	5309	1	886578	0.0000011
all	5310	1	886578	0.0000011
all	5319	1	886578	0.0000011
all	5323	1	886578	0.0000011
all	5327	1	886578	0.0000011
all	5338	1	886578	0.0000011
all	5342	1	886578	0.0000011
all	5344	1	886578	0.0000011
all	5346	1	886578	0.0000011
all	5352	1	886578	0.0000011
all	5357	1	886578	0.0000011
all	5360	3	886578	0.0000034
all	5361	1	886578	0.0000011
all	5381	1	886578	0.0000011
all	5384	1	886578	0.0000011
all	5388	1	886578	0.0000011
all	5390	1	886578	0.0000011
all	5395	1	886578	0.0000011
all	5398	1	886578	0.0000011
all	5399	1	886578	0.0000011
all	5401	2	886578	0.0000023
all	5409	1	886578	0.0000011
all	5411	1	886578	0.0000011
all	5422	1	886578	0.0000011
all	5426	1	886578	0.0000011
all	5427	1	886578	0.0000011
all	5429	1	886578	0.0000011
all	5439	1	886578	0.0000011
all	5441	1	886578	0.0000011
all	5444	1	886578	0.0000011
all	5453	1	886578	0.0000011
all	5457	1	886578	0.0000011
all	5458	1	886578	0.0000011
all	5459	1	886578	0.0000011
all	5464	1	886578	0.0000011
all	5469	1	886578	0.0000011
all	5471	1	886578	0.0000011
all	5477	1	886578	0.0000011
all	5478	1	886578	0.0000011
all	5486	1	886578	0.0000011
all	5490	1	886578	0.0000011
all	5504	1	886578	0.0000011
all	5510	1	886578	0.0000011
all	5511	1	886578	0.0000011
all	5512	1	886578	0.0000011
all	5519	1	886578	0.0000011
all	5522	1	886578	0.0000011
all	5524	1	886578	0.0000011
all	5527	1	886578	0.0000011
all	5533	1	886578	0.0000011
all	5534	1	886578	0.0000011
all	5535	1	886578	0.0000011
all	5545	1	886578	0.0000011
all	5546	1	886578	0.0000011
all	5552	1	886578	0.0000011
all	5555	1	886578	0.0000011
all	5559	2	886578	0.0000023
all	5564	1	886578	0.0000011
all	5570	1	886578	0.0000011
all	5571	1	886578	0.0000011
all	5574	1	886578	0.0000011
all	5577	1	886578	0.0000011
all	5592	3	886578	0.0000034
all	5597	1	886578	0.0000011
all	5598	1	886578	0.0000011
all	5599	1	886578	0.0000011
all	5603	1	886578	0.0000011
all	5605	2	886578	0.0000023
all	5606	1	886578	0.0000011
all	5614	1	886578	0.0000011
all	5620	1	886578	0.0000011
all	5621	1	886578	0.0000011
all	5625	2	886578	0.0000023
all	5628	1	886578	0.0000011
all	5632	1	886578	0.0000011
all	5633	1	886578	0.0000011
all	5638	1	886578	0.0000011
all	5639	1	886578	0.0000011
all	5645	1	886578	0.0000011
all	5647	1	886578	0.0000011
all	5651	1	886578	0.0000011
all	5664	1	886578	0.0000011
all	5668	1	886578	0.0000011
all	5682	1	886578	0.0000011
all	5692	1	886578	0.0000011
all	5694	1	886578	0.0000011
all	5695	1	886578	0.0000011
all	5701	1	886578	0.0000011
all	5704	1	886578	0.0000011
all	5709	1	886578	0.0000011
all	5711	1	886578	0.0000011
all	5713	2	886578	0.0000023
all	5715	1	886578	0.0000011
all	5730	1	886578	0.0000011
all	5734	1	886578	0.0000011
all	5752	1	886578	0.0000011
all	5755	1	886578	0.0000011
all	5757	1	886578	0.0000011
all	5760	1	886578	0.0000011
all	5776	1	886578	0.0000011
all	5780	1	886578	0.0000011
all	5787	1	886578	0.0000011
all	5799	1	886578	0.0000011
all	5807	1	886578	0.0000011
all	5808	1	886578	0.0000011
all	5818	1	886578	0.0000011
all	5825	2	886578	0.0000023
all	5828	1	886578	0.0000011
all	5832	1	886578	0.0000011
all	5837	1	886578	0.0000011
all	5840	1	886578	0.0000011
all	5842	1	886578	0.0000011
all	5843	1	886578	0.0000011
all	5860	2	886578	0.0000023
all	5874	1	886578	0.0000011
all	5883	2	886578	0.0000023
all	5894	1	886578	0.0000011
all	5897	1	886578	0.0000011
all	5904	1	886578	0.0000011
all	5907	1	886578	0.0000011
all	5918	1	886578	0.0000011
all	5920	1	886578	0.0000011
all	5924	1	886578	0.0000011
all	5926	1	886578	0.0000011
all	5928	1	886578	0.0000011
all	5939	1	886578	0.0000011
all	5947	1	886578	0.0000011
all	5957	1	886578	0.0000011
all	5961	1	886578	0.0000011
all	5969	1	886578	0.0000011
all	5980	1	886578	0.0000011
all	5983	1	886578	0.0000011
all	5988	1	886578	0.0000011
all	6002	1	886578	0.0000011
all	6008	1	886578	0.0000011
all	6017	1	886578	0.0000011
all	6040	1	886578	0.0000011
all	6041	1	886578	0.0000011
all	6042	1	886578	0.0000011
all	6050	1	886578	0.0000011
all	6052	1	886578	0.0000011
all	6060	2	886578	0.0000023
all	6063	1	886578	0.0000011
all	6070	1	886578	0.0000011
all	6078	1	886578	0.0000011
all	6079	1	886578	0.0000011
all	6080	1	886578	0.0000011
all	6081	2	886578	0.0000023
all	6083	1	886578	0.0000011
all	6084	1	886578	0.0000011
all	6086	2	886578	0.0000023
all	6089	1	886578	0.0000011
all	6090	1	886578	0.0000011
all	6091	1	886578	0.0000011
all	6092	2	886578	0.0000023
all	6093	1	886578	0.0000011
all	6095	1	886578	0.0000011
all	6099	1	886578	0.0000011
all	6101	1	886578	0.0000011
all	6102	1	886578	0.0000011
all	6104	1	886578	0.0000011
all	6107	1	886578	0.0000011
all	6110	1	886578	0.0000011
all	6114	1	886578	0.0000011
all	6118	1	886578	0.0000011
all	6119	1	886578	0.0000011
all	6131	1	886578	0.0000011
all	6132	1	886578	0.0000011
all	6139	1	886578	0.0000011
all	6153	1	886578	0.0000011
all	6161	2	886578	0.0000023
all	6162	1	886578	0.0000011
all	6176	1	886578	0.0000011
all	6181	1	886578	0.0000011
all	6182	1	886578	0.0000011
all	6185	1	886578	0.0000011
all	6187	1	886578	0.0000011
all	6192	1	886578	0.0000011
all	6193	1	886578	0.0000011
all	6194	1	886578	0.0000011
all	6195	2	886578	0.0000023
all	6204	3	886578	0.0000034
all	6205	1	886578	0.0000011
all	6210	1	886578	0.0000011
all	6211	1	886578	0.0000011
all	6213	3	886578	0.0000034
all	6214	1	886578	0.0000011
all	6216	1	886578	0.0000011
all	6217	1	886578	0.0000011
all	6220	1	886578	0.0000011
all	6232	1	886578	0.0000011
all	6281	1	886578	0.0000011
all	6309	1	886578	0.0000011
all	6315	1	886578	0.0000011
all	6365	1	886578	0.0000011
all	6372	1	886578	0.0000011
all	6416	1	886578	0.0000011
all	6445	1	886578	0.0000011
all	6479	1	886578	0.0000011
all	6545	1	886578	0.0000011
all	6551	1	886578	0.0000011
all	6588	1	886578	0.0000011
all	6679	1	886578	0.0000011
all	6704	1	886578	0.0000011
all	6710	1	886578	0.0000011
all	6756	1	886578	0.0000011
all	6772	1	886578	0.0000011
all	6826	1	886578	0.0000011
all	6852	1	886578	0.0000011
all	6884	1	886578	0.0000011
all	6930	1	886578	0.0000011
all	6978	1	886578	0.0000011
all	6987	1	886578	0.0000011
all	7014	1	886578	0.0000011
all	7042	1	886578	0.0000011
all	7089	1	886578	0.0000011
all	7093	1	886578	0.0000011
all	7114	1	886578	0.0000011
all	7124	1	886578	0.0000011
all	7140	1	886578	0.0000011
all	7198	1	886578	0.0000011
all	7206	1	886578	0.0000011
all	7262	1	886578	0.0000011
all	7292	1	886578	0.0000011
all	7332	1	886578	0.0000011
all	7375	1	886578	0.0000011
all	7452	1	886578	0.0000011
all	7520	1	886578	0.0000011
all	7533	1	886578	0.0000011
all	7580	1	886578	0.0000011
all	7587	1	886578	0.0000011
all	7594	1	886578	0.0000011
all	7617	1	886578	0.0000011
all	7645	1	886578	0.0000011
all	7685	1	886578	0.0000011
all	7692	1	886578	0.0000011
all	7768	1	886578	0.0000011
all	7784	1	886578	0.0000011
all	7820	1	886578	0.0000011
all	7831	1	886578	0.0000011
all	7892	1	886578	0.0000011
all	7926	1	886578	0.0000011
all	7928	1	886578	0.0000011
all	7958	1	886578	0.0000011
all	7960	1	886578	0.0000011
all	7971	1	886578	0.0000011
all	8004	1	886578	0.0000011
all	8018	1	886578	0.0000011
all	8032	1	886578	0.0000011
all	8048	1	886578	0.0000011
all	8052	1	886578	0.0000011
all	8058	1	886578	0.0000011
all	8068	1	886578	0.0000011
all	8092	1	886578	0.0000011
all	8114	1	886578	0.0000011
all	8139	1	886578	0.0000011
all	8157	1	886578	0.0000011
all	8187	1	886578	0.0000011
all	8207	1	886578	0.0000011
all	8210	1	886578	0.0000011
all	8241	1	886578	0.0000011
all	8250	1	886578	0.0000011
all	8266	1	886578	0.0000011
all	8267	1	886578	0.0000011
all	8285	1	886578	0.0000011
all	8297	1	886578	0.0000011
all	8317	1	886578	0.0000011
all	8320	1	886578	0.0000011
all	8350	1	886578	0.0000011
all	8360	1	886578	0.0000011
all	8363	1	886578	0.0000011
all	8371	1	886578	0.0000011
all	8386	1	886578	0.0000011
all	8388	1	886578	0.0000011
all	8393	1	886578	0.0000011
all	8414	1	886578	0.0000011
all	8426	1	886578	0.0000011
all	8447	1	886578	0.0000011
all	8449	2	886578	0.0000023
all	8458	1	886578	0.0000011
all	8463	1	886578	0.0000011
all	8484	1	886578	0.0000011
all	8485	2	886578	0.0000023
all	8496	1	886578	0.0000011
all	8503	1	886578	0.0000011
all	8505	1	886578	0.0000011
all	8507	1	886578	0.0000011
all	8516	1	886578	0.0000011
all	8518	1	886578	0.0000011
all	8519	1	886578	0.0000011
all	8529	1	886578	0.0000011
all	8539	1	886578	0.0000011
all	8540	1	886578	0.0000011
all	8543	1	886578	0.0000011
all	8545	1	886578	0.0000011
all	8546	1	886578	0.0000011
all	8547	1	886578	0.0000011
all	8550	1	886578	0.0000011
all	8556	2	886578	0.0000023
all	8561	1	886578	0.0000011
all	8564	2	886578	0.0000023
all	8567	1	886578	0.0000011
all	8569	1	886578	0.0000011
all	8570	1	886578	0.0000011
all	8617	1	886578	0.0000011
all	8634	1	886578	0.0000011
all	8640	1	886578	0.0000011
all	8680	1	886578	0.0000011
all	8700	1	886578	0.0000011
all	8744	1	886578	0.0000011
all	8824	1	886578	0.0000011
all	8907	1	886578	0.0000011
all	8914	1	886578	0.0000011
all	8934	1	886578	0.0000011
all	8978	1	886578	0.0000011
all	9060	1	886578	0.0000011
all	9076	1	886578	0.0000011
all	9107	1	886578	0.0000011
all	9127	1	886578	0.0000011
all	9200	1	886578	0.0000011
all	9233	1	886578	0.0000011
all	9271	1	886578	0.0000011
all	9338	1	886578	0.0000011
all	9408	1	886578	0.0000011
all	9467	1	886578	0.0000011
all	9541	1	886578	0.0000011
all	9544	1	886578	0.0000011
all	9582	1	886578	0.0000011
all	9620	1	886578	0.0000011
all	9624	1	886578	0.0000011
all	9695	1	886578	0.0000011
all	9697	1	886578	0.0000011
all	9731	1	886578	0.0000011
all	9761	1	886578	0.0000011
all	9795	1	886578	0.0000011
all	9824	1	886578	0.0000011
all	9849	1	886578	0.0000011
all	9876	1	886578	0.0000011
all	9917	1	886578	0.0000011
all	9969	1	886578	0.0000011
all	9998	1	886578	0.0000011
all	10005	1	886578	0.0000011
all	10042	1	886578	0.0000011
all	10048	1	886578	0.0000011
all	10093	1	886578	0.0000011
all	10140	1	886578	0.0000011
all	10148	1	886578	0.0000011
all	10170	1	886578	0.0000011
all	10176	1	886578	0.0000011
all	10195	1	886578	0.0000011
all	10211	1	886578	0.0000011
all	10246	1	886578	0.0000011
all	10263	1	886578	0.0000011
all	10312	1	886578	0.0000011
all	10341	1	886578	0.0000011
all	10368	1	886578	0.0000011
all	10380	1	886578	0.0000011
all	10389	1	886578	0.0000011
all	10428	1	886578	0.0000011
all	10438	1	886578	0.0000011
all	10474	1	886578	0.0000011
all	10499	1	886578	0.0000011
all	10522	1	886578	0.0000011
all	10547	1	886578	0.0000011
all	10565	1	886578	0.0000011
all	10585	1	886578	0.0000011
all	10603	1	886578	0.0000011
all	10617	1	886578	0.0000011
all	10629	1	886578	0.0000011
all	10632	1	886578	0.0000011
all	10636	1	886578	0.0000011
all	10661	1	886578	0.0000011
all	10663	1	886578	0.0000011
all	10668	1	886578	0.0000011
all	10669	1	886578	0.0000011
all	10678	1	886578	0.0000011
all	10698	1	886578	0.0000011
all	10706	1	886578	0.0000011
all	10710	1	886578	0.0000011
all	10712	1	886578	0.0000011
all	10718	1	886578	0.0000011
all	10738	1	886578	0.0000011
all	10742	1	886578	0.0000011
all	10751	1	886578	0.0000011
all	10756	1	886578	0.0000011
