all	0	81682	886578	0.0921318
all	1	5799	886578	0.0065409
all	2	81924	886578	0.0924047
all	3	9164	886578	0.0103364
all	4	82450	886578	0.0929980
all	5	10597	886578	0.0119527
all	6	73842	886578	0.0832888
all	7	11399	886578	0.0128573
all	8	63133	886578	0.0712098
all	9	11532	886578	0.0130073
all	10	53374	886578	0.0602023
all	11	11749	886578	0.0132521
all	12	43480	886578	0.0490425
all	13	12775	886578	0.0144093
all	14	37225	886578	0.0419873
all	15	10436	886578	0.0117711
all	16	30266	886578	0.0341380
all	17	9109	886578	0.0102743
all	18	25077	886578	0.0282852
all	19	8247	886578	0.0093021
all	20	21140	886578	0.0238445
all	21	7631	886578	0.0086073
all	22	17417	886578	0.0196452
all	23	6222	886578	0.0070180
all	24	14587	886578	0.0164531
all	25	6057	886578	0.0068319
all	26	11139	886578	0.0125640
all	27	5252	886578	0.0059239
all	28	8787	886578	0.0099111
all	29	4436	886578	0.0050035
all	30	6946	886578	0.0078346
all	31	3955	886578	0.0044610
all	32	5923	886578	0.0066807
all	33	3519	886578	0.0039692
all	34	4930	886578	0.0055607
all	35	2700	886578	0.0030454
all	36	4098	886578	0.0046223
all	37	3011	886578	0.0033962
all	38	3192	886578	0.0036004
all	39	2275	886578	0.0025660
all	40	3175	886578	0.0035812
all	41	1793	886578	0.0020224
all	42	2368	886578	0.0026709
all	43	1603	886578	0.0018081
all	44	2014	886578	0.0022717
all	45	1351	886578	0.0015238
all	46	2022	886578	0.0022807
all	47	1146	886578	0.0012926
all	48	1577	886578	0.0017787
all	49	1099	886578	0.0012396
all	50	1298	886578	0.0014641
all	51	1036	886578	0.0011685
all	52	1213	886578	0.0013682
all	53	787	886578	0.0008877
all	54	980	886578	0.0011054
all	55	903	886578	0.0010185
all	56	966	886578	0.0010896
all	57	668	886578	0.0007535
all	58	950	886578	0.0010715
all	59	620	886578	0.0006993
all	60	755	886578	0.0008516
all	61	641	886578	0.0007230
all	62	687	886578	0.0007749
all	63	598	886578	0.0006745
all	64	575	886578	0.0006486
all	65	621	886578	0.0007004
all	66	589	886578	0.0006644
all	67	480	886578	0.0005414
all	68	467	886578	0.0005267
all	69	434	886578	0.0004895
all	70	466	886578	0.0005256
all	71	393	886578	0.0004433
all	72	383	886578	0.0004320
all	73	315	886578	0.0003553
all	74	386	886578	0.0004354
all	75	287	886578	0.0003237
all	76	294	886578	0.0003316
all	77	229	886578	0.0002583
all	78	352	886578	0.0003970
all	79	258	886578	0.0002910
all	80	323	886578	0.0003643
all	81	209	886578	0.0002357
all	82	405	886578	0.0004568
all	83	212	886578	0.0002391
all	84	264	886578	0.0002978
all	85	230	886578	0.0002594
all	86	268	886578	0.0003023
all	87	196	886578	0.0002211
all	88	284	886578	0.0003203
all	89	221	886578	0.0002493
all	90	223	886578	0.0002515
all	91	261	886578	0.0002944
all	92	250	886578	0.0002820
all	93	188	886578	0.0002121
all	94	148	886578	0.0001669
all	95	188	886578	0.0002121
all	96	216	886578	0.0002436
all	97	118	886578	0.0001331
all	98	195	886578	0.0002199
all	99	149	886578	0.0001681
all	100	158	886578	0.0001782
all	101	117	886578	0.0001320
all	102	166	886578	0.0001872
all	103	113	886578	0.0001275
all	104	87	886578	0.0000981
all	105	126	886578	0.0001421
all	106	152	886578	0.0001714
all	107	89	886578	0.0001004
all	108	140	886578	0.0001579
all	109	112	886578	0.0001263
all	110	111	886578	0.0001252
all	111	100	886578	0.0001128
all	112	125	886578	0.0001410
all	113	77	886578	0.0000869
all	114	132	886578	0.0001489
all	115	126	886578	0.0001421
all	116	109	886578	0.0001229
all	117	95	886578	0.0001072
all	118	128	886578	0.0001444
all	119	117	886578	0.0001320
all	120	101	886578	0.0001139
all	121	122	886578	0.0001376
all	122	78	886578	0.0000880
all	123	84	886578	0.0000947
all	124	115	886578	0.0001297
all	125	100	886578	0.0001128
all	126	91	886578	0.0001026
all	127	77	886578	0.0000869
all	128	72	886578	0.0000812
all	129	95	886578	0.0001072
all	130	99	886578	0.0001117
all	131	93	886578	0.0001049
all	132	87	886578	0.0000981
all	133	112	886578	0.0001263
all	134	67	886578	0.0000756
all	135	116	886578	0.0001308
all	136	68	886578	0.0000767
all	137	105	886578	0.0001184
all	138	118	886578	0.0001331
all	139	91	886578	0.0001026
all	140	65	886578	0.0000733
all	141	106	886578	0.0001196
all	142	93	886578	0.0001049
all	143	73	886578	0.0000823
all	144	94	886578	0.0001060
all	145	72	886578	0.0000812
all	146	66	886578	0.0000744
all	147	73	886578	0.0000823
all	148	87	886578	0.0000981
all	149	69	886578	0.0000778
all	150	121	886578	0.0001365
all	151	98	886578	0.0001105
all	152	49	886578	0.0000553
all	153	61	886578	0.0000688
all	154	105	886578	0.0001184
all	155	58	886578	0.0000654
all	156	74	886578	0.0000835
all	157	89	886578	0.0001004
all	158	84	886578	0.0000947
all	159	96	886578	0.0001083
all	160	81	886578	0.0000914
all	161	93	886578	0.0001049
all	162	62	886578	0.0000699
all	163	72	886578	0.0000812
all	164	49	886578	0.0000553
all	165	74	886578	0.0000835
all	166	46	886578	0.0000519
all	167	40	886578	0.0000451
all	168	76	886578	0.0000857
all	169	52	886578	0.0000587
all	170	47	886578	0.0000530
all	171	50	886578	0.0000564
all	172	35	886578	0.0000395
all	173	54	886578	0.0000609
all	174	41	886578	0.0000462
all	175	35	886578	0.0000395
all	176	68	886578	0.0000767
all	177	43	886578	0.0000485
all	178	43	886578	0.0000485
all	179	42	886578	0.0000474
all	180	44	886578	0.0000496
all	181	64	886578	0.0000722
all	182	52	886578	0.0000587
all	183	47	886578	0.0000530
all	184	41	886578	0.0000462
all	185	39	886578	0.0000440
all	186	53	886578	0.0000598
all	187	46	886578	0.0000519
all	188	82	886578	0.0000925
all	189	58	886578	0.0000654
all	190	75	886578	0.0000846
all	191	51	886578	0.0000575
all	192	95	886578	0.0001072
all	193	58	886578	0.0000654
all	194	52	886578	0.0000587
all	195	49	886578	0.0000553
all	196	78	886578	0.0000880
all	197	67	886578	0.0000756
all	198	78	886578	0.0000880
all	199	65	886578	0.0000733
all	200	49	886578	0.0000553
all	201	71	886578	0.0000801
all	202	35	886578	0.0000395
all	203	77	886578	0.0000869
all	204	59	886578	0.0000665
all	205	80	886578	0.0000902
all	206	42	886578	0.0000474
all	207	59	886578	0.0000665
all	208	39	886578	0.0000440
all	209	37	886578	0.0000417
all	210	68	886578	0.0000767
all	211	87	886578	0.0000981
all	212	43	886578	0.0000485
all	213	84	886578	0.0000947
all	214	51	886578	0.0000575
all	215	49	886578	0.0000553
all	216	48	886578	0.0000541
all	217	52	886578	0.0000587
all	218	44	886578	0.0000496
all	219	39	886578	0.0000440
all	220	41	886578	0.0000462
all	221	39	886578	0.0000440
all	222	44	886578	0.0000496
all	223	34	886578	0.0000383
all	224	52	886578	0.0000587
all	225	26	886578	0.0000293
all	226	54	886578	0.0000609
all	227	35	886578	0.0000395
all	228	72	886578	0.0000812
all	229	43	886578	0.0000485
all	230	54	886578	0.0000609
all	231	34	886578	0.0000383
all	232	47	886578	0.0000530
all	233	25	886578	0.0000282
all	234	26	886578	0.0000293
all	235	28	886578	0.0000316
all	236	34	886578	0.0000383
all	237	41	886578	0.0000462
all	238	45	886578	0.0000508
all	239	41	886578	0.0000462
all	240	24	886578	0.0000271
all	241	46	886578	0.0000519
all	242	23	886578	0.0000259
all	243	33	886578	0.0000372
all	244	32	886578	0.0000361
all	245	38	886578	0.0000429
all	246	43	886578	0.0000485
all	247	28	886578	0.0000316
all	248	46	886578	0.0000519
all	249	39	886578	0.0000440
all	250	60	886578	0.0000677
all	251	32	886578	0.0000361
all	252	39	886578	0.0000440
all	253	30	886578	0.0000338
all	254	39	886578	0.0000440
all	255	31	886578	0.0000350
all	256	15	886578	0.0000169
all	257	12	886578	0.0000135
all	258	21	886578	0.0000237
all	259	25	886578	0.0000282
all	260	25	886578	0.0000282
all	261	42	886578	0.0000474
all	262	28	886578	0.0000316
all	263	18	886578	0.0000203
all	264	21	886578	0.0000237
all	265	22	886578	0.0000248
all	266	23	886578	0.0000259
all	267	20	886578	0.0000226
all	268	37	886578	0.0000417
all	269	22	886578	0.0000248
all	270	22	886578	0.0000248
all	271	21	886578	0.0000237
all	272	32	886578	0.0000361
all	273	20	886578	0.0000226
all	274	20	886578	0.0000226
all	275	28	886578	0.0000316
all	276	29	886578	0.0000327
all	277	21	886578	0.0000237
all	278	27	886578	0.0000305
all	279	16	886578	0.0000180
all	280	11	886578	0.0000124
all	281	19	886578	0.0000214
all	282	20	886578	0.0000226
all	283	19	886578	0.0000214
all	284	12	886578	0.0000135
all	285	37	886578	0.0000417
all	286	25	886578	0.0000282
all	287	31	886578	0.0000350
all	288	11	886578	0.0000124
all	289	30	886578	0.0000338
all	290	10	886578	0.0000113
all	291	12	886578	0.0000135
all	292	15	886578	0.0000169
all	293	33	886578	0.0000372
all	294	18	886578	0.0000203
all	295	7	886578	0.0000079
all	296	5	886578	0.0000056
all	297	16	886578	0.0000180
all	298	26	886578	0.0000293
all	299	18	886578	0.0000203
all	300	27	886578	0.0000305
all	301	25	886578	0.0000282
all	302	17	886578	0.0000192
all	303	35	886578	0.0000395
all	304	27	886578	0.0000305
all	305	14	886578	0.0000158
all	306	24	886578	0.0000271
all	307	12	886578	0.0000135
all	308	18	886578	0.0000203
all	309	13	886578	0.0000147
all	310	11	886578	0.0000124
all	311	12	886578	0.0000135
all	312	14	886578	0.0000158
all	313	17	886578	0.0000192
all	314	13	886578	0.0000147
all	315	13	886578	0.0000147
all	316	7	886578	0.0000079
all	317	14	886578	0.0000158
all	318	8	886578	0.0000090
all	319	19	886578	0.0000214
all	320	15	886578	0.0000169
all	321	15	886578	0.0000169
all	322	8	886578	0.0000090
all	323	26	886578	0.0000293
all	324	14	886578	0.0000158
all	325	14	886578	0.0000158
all	326	9	886578	0.0000102
all	327	12	886578	0.0000135
all	328	8	886578	0.0000090
all	329	15	886578	0.0000169
all	330	11	886578	0.0000124
all	331	16	886578	0.0000180
all	332	15	886578	0.0000169
all	333	16	886578	0.0000180
all	334	16	886578	0.0000180
all	335	13	886578	0.0000147
all	336	18	886578	0.0000203
all	337	5	886578	0.0000056
all	338	13	886578	0.0000147
all	339	18	886578	0.0000203
all	340	22	886578	0.0000248
all	341	19	886578	0.0000214
all	342	19	886578	0.0000214
all	343	17	886578	0.0000192
all	344	18	886578	0.0000203
all	345	16	886578	0.0000180
all	346	10	886578	0.0000113
all	347	10	886578	0.0000113
all	348	9	886578	0.0000102
all	349	21	886578	0.0000237
all	350	16	886578	0.0000180
all	351	13	886578	0.0000147
all	352	12	886578	0.0000135
all	353	12	886578	0.0000135
all	354	17	886578	0.0000192
all	355	13	886578	0.0000147
all	356	11	886578	0.0000124
all	357	10	886578	0.0000113
all	358	16	886578	0.0000180
all	359	9	886578	0.0000102
all	360	18	886578	0.0000203
all	361	7	886578	0.0000079
all	362	8	886578	0.0000090
all	363	19	886578	0.0000214
all	364	18	886578	0.0000203
all	365	16	886578	0.0000180
all	366	21	886578	0.0000237
all	367	9	886578	0.0000102
all	368	15	886578	0.0000169
all	369	13	886578	0.0000147
all	370	16	886578	0.0000180
all	371	20	886578	0.0000226
all	372	13	886578	0.0000147
all	373	15	886578	0.0000169
all	374	21	886578	0.0000237
all	375	18	886578	0.0000203
all	376	22	886578	0.0000248
all	377	13	886578	0.0000147
all	378	18	886578	0.0000203
all	379	23	886578	0.0000259
all	380	19	886578	0.0000214
all	381	28	886578	0.0000316
all	382	26	886578	0.0000293
all	383	23	886578	0.0000259
all	384	24	886578	0.0000271
all	385	40	886578	0.0000451
all	386	27	886578	0.0000305
all	387	39	886578	0.0000440
all	388	17	886578	0.0000192
all	389	38	886578	0.0000429
all	390	20	886578	0.0000226
all	391	16	886578	0.0000180
all	392	28	886578	0.0000316
all	393	16	886578	0.0000180
all	394	29	886578	0.0000327
all	395	12	886578	0.0000135
all	396	30	886578	0.0000338
all	397	33	886578	0.0000372
all	398	31	886578	0.0000350
all	399	44	886578	0.0000496
all	400	15	886578	0.0000169
all	401	17	886578	0.0000192
all	402	21	886578	0.0000237
all	403	23	886578	0.0000259
all	404	18	886578	0.0000203
all	405	17	886578	0.0000192
all	406	19	886578	0.0000214
all	407	15	886578	0.0000169
all	408	14	886578	0.0000158
all	409	16	886578	0.0000180
all	410	17	886578	0.0000192
all	411	22	886578	0.0000248
all	412	22	886578	0.0000248
all	413	13	886578	0.0000147
all	414	20	886578	0.0000226
all	415	29	886578	0.0000327
all	416	23	886578	0.0000259
all	417	14	886578	0.0000158
all	418	9	886578	0.0000102
all	419	12	886578	0.0000135
all	420	11	886578	0.0000124
all	421	24	886578	0.0000271
all	422	19	886578	0.0000214
all	423	17	886578	0.0000192
all	424	21	886578	0.0000237
all	425	22	886578	0.0000248
all	426	18	886578	0.0000203
all	427	9	886578	0.0000102
all	428	12	886578	0.0000135
all	429	18	886578	0.0000203
all	430	3	886578	0.0000034
all	431	13	886578	0.0000147
all	432	20	886578	0.0000226
all	433	18	886578	0.0000203
all	434	15	886578	0.0000169
all	435	18	886578	0.0000203
all	436	25	886578	0.0000282
all	437	17	886578	0.0000192
all	438	7	886578	0.0000079
all	439	23	886578	0.0000259
all	440	23	886578	0.0000259
all	441	20	886578	0.0000226
all	442	16	886578	0.0000180
all	443	6	886578	0.0000068
all	444	23	886578	0.0000259
all	445	16	886578	0.0000180
all	446	15	886578	0.0000169
all	447	17	886578	0.0000192
all	448	14	886578	0.0000158
all	449	16	886578	0.0000180
all	450	15	886578	0.0000169
all	451	21	886578	0.0000237
all	452	19	886578	0.0000214
all	453	5	886578	0.0000056
all	454	21	886578	0.0000237
all	455	10	886578	0.0000113
all	456	18	886578	0.0000203
all	457	19	886578	0.0000214
all	458	16	886578	0.0000180
all	459	6	886578	0.0000068
all	460	17	886578	0.0000192
all	461	8	886578	0.0000090
all	462	11	886578	0.0000124
all	463	17	886578	0.0000192
all	464	7	886578	0.0000079
all	465	9	886578	0.0000102
all	466	11	886578	0.0000124
all	467	13	886578	0.0000147
all	468	11	886578	0.0000124
all	469	16	886578	0.0000180
all	470	10	886578	0.0000113
all	471	17	886578	0.0000192
all	472	16	886578	0.0000180
all	473	16	886578	0.0000180
all	474	12	886578	0.0000135
all	475	20	886578	0.0000226
all	476	15	886578	0.0000169
all	477	16	886578	0.0000180
all	478	20	886578	0.0000226
all	479	6	886578	0.0000068
all	480	13	886578	0.0000147
all	481	12	886578	0.0000135
all	482	12	886578	0.0000135
all	483	11	886578	0.0000124
all	484	15	886578	0.0000169
all	485	10	886578	0.0000113
all	486	12	886578	0.0000135
all	487	17	886578	0.0000192
all	488	21	886578	0.0000237
all	489	8	886578	0.0000090
all	490	14	886578	0.0000158
all	491	18	886578	0.0000203
all	492	13	886578	0.0000147
all	493	13	886578	0.0000147
all	494	9	886578	0.0000102
all	495	7	886578	0.0000079
all	496	14	886578	0.0000158
all	497	22	886578	0.0000248
all	498	7	886578	0.0000079
all	499	7	886578	0.0000079
all	500	15	886578	0.0000169
all	501	16	886578	0.0000180
all	502	8	886578	0.0000090
all	503	14	886578	0.0000158
all	504	12	886578	0.0000135
all	505	11	886578	0.0000124
all	506	14	886578	0.0000158
all	507	28	886578	0.0000316
all	508	17	886578	0.0000192
all	509	31	886578	0.0000350
all	510	8	886578	0.0000090
all	511	18	886578	0.0000203
all	512	11	886578	0.0000124
all	513	9	886578	0.0000102
all	514	8	886578	0.0000090
all	515	13	886578	0.0000147
all	516	8	886578	0.0000090
all	517	9	886578	0.0000102
all	518	16	886578	0.0000180
all	519	7	886578	0.0000079
all	520	9	886578	0.0000102
all	521	10	886578	0.0000113
all	522	6	886578	0.0000068
all	523	9	886578	0.0000102
all	524	14	886578	0.0000158
all	525	11	886578	0.0000124
all	526	9	886578	0.0000102
all	527	12	886578	0.0000135
all	528	13	886578	0.0000147
all	529	11	886578	0.0000124
all	530	14	886578	0.0000158
all	531	9	886578	0.0000102
all	532	15	886578	0.0000169
all	533	12	886578	0.0000135
all	534	13	886578	0.0000147
all	535	10	886578	0.0000113
all	536	10	886578	0.0000113
all	537	10	886578	0.0000113
all	538	17	886578	0.0000192
all	539	10	886578	0.0000113
all	540	16	886578	0.0000180
all	541	23	886578	0.0000259
all	542	24	886578	0.0000271
all	543	9	886578	0.0000102
all	544	10	886578	0.0000113
all	545	11	886578	0.0000124
all	546	12	886578	0.0000135
all	547	13	886578	0.0000147
all	548	10	886578	0.0000113
all	549	7	886578	0.0000079
all	550	9	886578	0.0000102
all	551	3	886578	0.0000034
all	552	8	886578	0.0000090
all	553	6	886578	0.0000068
all	554	7	886578	0.0000079
all	555	11	886578	0.0000124
all	556	6	886578	0.0000068
all	557	4	886578	0.0000045
all	558	8	886578	0.0000090
all	559	9	886578	0.0000102
all	560	8	886578	0.0000090
all	561	4	886578	0.0000045
all	562	10	886578	0.0000113
all	563	11	886578	0.0000124
all	564	9	886578	0.0000102
all	565	9	886578	0.0000102
all	566	11	886578	0.0000124
all	567	7	886578	0.0000079
all	568	14	886578	0.0000158
all	569	9	886578	0.0000102
all	570	8	886578	0.0000090
all	571	17	886578	0.0000192
all	572	12	886578	0.0000135
all	573	8	886578	0.0000090
all	574	11	886578	0.0000124
all	575	6	886578	0.0000068
all	576	14	886578	0.0000158
all	577	9	886578	0.0000102
all	578	12	886578	0.0000135
all	579	14	886578	0.0000158
all	580	9	886578	0.0000102
all	581	11	886578	0.0000124
all	582	15	886578	0.0000169
all	583	12	886578	0.0000135
all	584	12	886578	0.0000135
all	585	13	886578	0.0000147
all	586	4	886578	0.0000045
all	587	11	886578	0.0000124
all	588	10	886578	0.0000113
all	589	8	886578	0.0000090
all	590	11	886578	0.0000124
all	591	9	886578	0.0000102
all	592	17	886578	0.0000192
all	593	16	886578	0.0000180
all	594	17	886578	0.0000192
all	595	10	886578	0.0000113
all	596	12	886578	0.0000135
all	597	14	886578	0.0000158
all	598	18	886578	0.0000203
all	599	18	886578	0.0000203
all	600	10	886578	0.0000113
all	601	9	886578	0.0000102
all	602	14	886578	0.0000158
all	603	15	886578	0.0000169
all	604	19	886578	0.0000214
all	605	10	886578	0.0000113
all	606	15	886578	0.0000169
all	607	14	886578	0.0000158
all	608	12	886578	0.0000135
all	609	14	886578	0.0000158
all	610	15	886578	0.0000169
all	611	11	886578	0.0000124
all	612	19	886578	0.0000214
all	613	15	886578	0.0000169
all	614	7	886578	0.0000079
all	615	14	886578	0.0000158
all	616	10	886578	0.0000113
all	617	15	886578	0.0000169
all	618	12	886578	0.0000135
all	619	14	886578	0.0000158
all	620	11	886578	0.0000124
all	621	10	886578	0.0000113
all	622	9	886578	0.0000102
all	623	7	886578	0.0000079
all	624	15	886578	0.0000169
all	625	9	886578	0.0000102
all	626	23	886578	0.0000259
all	627	16	886578	0.0000180
all	628	21	886578	0.0000237
all	629	9	886578	0.0000102
all	630	13	886578	0.0000147
all	631	28	886578	0.0000316
all	632	12	886578	0.0000135
all	633	12	886578	0.0000135
all	634	18	886578	0.0000203
all	635	4	886578	0.0000045
all	636	11	886578	0.0000124
all	637	7	886578	0.0000079
all	638	11	886578	0.0000124
all	639	9	886578	0.0000102
all	640	11	886578	0.0000124
all	641	6	886578	0.0000068
all	642	14	886578	0.0000158
all	643	11	886578	0.0000124
all	644	10	886578	0.0000113
all	645	13	886578	0.0000147
all	646	15	886578	0.0000169
all	647	15	886578	0.0000169
all	648	14	886578	0.0000158
all	649	18	886578	0.0000203
all	650	5	886578	0.0000056
all	651	25	886578	0.0000282
all	652	15	886578	0.0000169
all	653	11	886578	0.0000124
all	654	10	886578	0.0000113
all	655	11	886578	0.0000124
all	656	5	886578	0.0000056
all	657	8	886578	0.0000090
all	658	13	886578	0.0000147
all	659	6	886578	0.0000068
all	660	14	886578	0.0000158
all	661	10	886578	0.0000113
all	662	14	886578	0.0000158
all	663	18	886578	0.0000203
all	664	17	886578	0.0000192
all	665	20	886578	0.0000226
all	666	14	886578	0.0000158
all	667	12	886578	0.0000135
all	668	7	886578	0.0000079
all	669	15	886578	0.0000169
all	670	8	886578	0.0000090
all	671	13	886578	0.0000147
all	672	11	886578	0.0000124
all	673	7	886578	0.0000079
all	674	13	886578	0.0000147
all	675	14	886578	0.0000158
all	676	9	886578	0.0000102
all	677	8	886578	0.0000090
all	678	16	886578	0.0000180
all	679	16	886578	0.0000180
all	680	19	886578	0.0000214
all	681	10	886578	0.0000113
all	682	12	886578	0.0000135
all	683	8	886578	0.0000090
all	684	5	886578	0.0000056
all	685	4	886578	0.0000045
all	686	10	886578	0.0000113
all	687	10	886578	0.0000113
all	688	12	886578	0.0000135
all	689	6	886578	0.0000068
all	690	7	886578	0.0000079
all	691	7	886578	0.0000079
all	692	2	886578	0.0000023
all	693	14	886578	0.0000158
all	694	8	886578	0.0000090
all	695	10	886578	0.0000113
all	696	6	886578	0.0000068
all	697	15	886578	0.0000169
all	698	7	886578	0.0000079
all	699	11	886578	0.0000124
all	700	6	886578	0.0000068
all	701	9	886578	0.0000102
all	702	6	886578	0.0000068
all	703	6	886578	0.0000068
all	704	6	886578	0.0000068
all	705	11	886578	0.0000124
all	706	15	886578	0.0000169
all	707	7	886578	0.0000079
all	708	7	886578	0.0000079
all	709	4	886578	0.0000045
all	710	11	886578	0.0000124
all	711	16	886578	0.0000180
all	712	12	886578	0.0000135
all	713	14	886578	0.0000158
all	714	15	886578	0.0000169
all	715	8	886578	0.0000090
all	716	11	886578	0.0000124
all	717	11	886578	0.0000124
all	718	14	886578	0.0000158
all	719	5	886578	0.0000056
all	720	5	886578	0.0000056
all	721	7	886578	0.0000079
all	722	8	886578	0.0000090
all	723	3	886578	0.0000034
all	724	6	886578	0.0000068
all	725	10	886578	0.0000113
all	726	9	886578	0.0000102
all	727	9	886578	0.0000102
all	728	7	886578	0.0000079
all	729	11	886578	0.0000124
all	730	4	886578	0.0000045
all	731	9	886578	0.0000102
all	732	4	886578	0.0000045
all	733	7	886578	0.0000079
all	734	4	886578	0.0000045
all	735	8	886578	0.0000090
all	736	8	886578	0.0000090
all	737	5	886578	0.0000056
all	738	14	886578	0.0000158
all	739	13	886578	0.0000147
all	740	8	886578	0.0000090
all	741	9	886578	0.0000102
all	742	8	886578	0.0000090
all	743	8	886578	0.0000090
all	744	12	886578	0.0000135
all	745	5	886578	0.0000056
all	746	11	886578	0.0000124
all	747	4	886578	0.0000045
all	748	11	886578	0.0000124
all	749	7	886578	0.0000079
all	750	8	886578	0.0000090
all	751	8	886578	0.0000090
all	752	10	886578	0.0000113
all	753	10	886578	0.0000113
all	754	8	886578	0.0000090
all	755	4	886578	0.0000045
all	756	5	886578	0.0000056
all	757	4	886578	0.0000045
all	758	7	886578	0.0000079
all	759	10	886578	0.0000113
all	760	8	886578	0.0000090
all	761	3	886578	0.0000034
all	762	7	886578	0.0000079
all	763	7	886578	0.0000079
all	764	9	886578	0.0000102
all	765	7	886578	0.0000079
all	766	5	886578	0.0000056
all	767	9	886578	0.0000102
all	768	4	886578	0.0000045
all	769	7	886578	0.0000079
all	770	5	886578	0.0000056
all	771	5	886578	0.0000056
all	772	5	886578	0.0000056
all	773	5	886578	0.0000056
all	774	3	886578	0.0000034
all	775	7	886578	0.0000079
all	776	9	886578	0.0000102
all	777	11	886578	0.0000124
all	778	5	886578	0.0000056
all	779	6	886578	0.0000068
all	780	7	886578	0.0000079
all	781	4	886578	0.0000045
all	782	8	886578	0.0000090
all	783	5	886578	0.0000056
all	784	11	886578	0.0000124
all	785	6	886578	0.0000068
all	786	8	886578	0.0000090
all	787	12	886578	0.0000135
all	788	13	886578	0.0000147
all	789	4	886578	0.0000045
all	790	10	886578	0.0000113
all	791	9	886578	0.0000102
all	792	10	886578	0.0000113
all	793	7	886578	0.0000079
all	794	18	886578	0.0000203
all	795	9	886578	0.0000102
all	796	16	886578	0.0000180
all	797	6	886578	0.0000068
all	798	12	886578	0.0000135
all	799	7	886578	0.0000079
all	800	8	886578	0.0000090
all	801	8	886578	0.0000090
all	802	13	886578	0.0000147
all	803	10	886578	0.0000113
all	804	10	886578	0.0000113
all	805	9	886578	0.0000102
all	806	4	886578	0.0000045
all	807	8	886578	0.0000090
all	808	9	886578	0.0000102
all	809	13	886578	0.0000147
all	810	9	886578	0.0000102
all	811	7	886578	0.0000079
all	812	5	886578	0.0000056
all	813	15	886578	0.0000169
all	814	15	886578	0.0000169
all	815	22	886578	0.0000248
all	816	3	886578	0.0000034
all	817	7	886578	0.0000079
all	818	10	886578	0.0000113
all	819	18	886578	0.0000203
all	820	9	886578	0.0000102
all	821	5	886578	0.0000056
all	822	11	886578	0.0000124
all	823	4	886578	0.0000045
all	824	9	886578	0.0000102
all	825	7	886578	0.0000079
all	826	3	886578	0.0000034
all	827	7	886578	0.0000079
all	828	5	886578	0.0000056
all	829	9	886578	0.0000102
all	830	6	886578	0.0000068
all	831	6	886578	0.0000068
all	832	6	886578	0.0000068
all	833	7	886578	0.0000079
all	834	8	886578	0.0000090
all	835	8	886578	0.0000090
all	836	10	886578	0.0000113
all	837	5	886578	0.0000056
all	838	9	886578	0.0000102
all	839	5	886578	0.0000056
all	840	3	886578	0.0000034
all	841	12	886578	0.0000135
all	842	1	886578	0.0000011
all	843	6	886578	0.0000068
all	844	4	886578	0.0000045
all	845	7	886578	0.0000079
all	846	9	886578	0.0000102
all	847	12	886578	0.0000135
all	848	7	886578	0.0000079
all	849	10	886578	0.0000113
all	850	10	886578	0.0000113
all	851	6	886578	0.0000068
all	852	4	886578	0.0000045
all	853	4	886578	0.0000045
all	854	11	886578	0.0000124
all	855	3	886578	0.0000034
all	856	7	886578	0.0000079
all	857	4	886578	0.0000045
all	858	8	886578	0.0000090
all	859	7	886578	0.0000079
all	860	7	886578	0.0000079
all	861	9	886578	0.0000102
all	862	3	886578	0.0000034
all	863	7	886578	0.0000079
all	864	8	886578	0.0000090
all	865	3	886578	0.0000034
all	866	8	886578	0.0000090
all	867	4	886578	0.0000045
all	868	3	886578	0.0000034
all	869	4	886578	0.0000045
all	870	6	886578	0.0000068
all	871	13	886578	0.0000147
all	872	3	886578	0.0000034
all	873	10	886578	0.0000113
all	874	7	886578	0.0000079
all	875	1	886578	0.0000011
all	876	16	886578	0.0000180
all	877	3	886578	0.0000034
all	878	10	886578	0.0000113
all	879	4	886578	0.0000045
all	880	7	886578	0.0000079
all	881	9	886578	0.0000102
all	882	11	886578	0.0000124
all	883	8	886578	0.0000090
all	884	9	886578	0.0000102
all	885	14	886578	0.0000158
all	886	13	886578	0.0000147
all	887	7	886578	0.0000079
all	888	10	886578	0.0000113
all	889	12	886578	0.0000135
all	890	13	886578	0.0000147
all	891	5	886578	0.0000056
all	892	6	886578	0.0000068
all	893	13	886578	0.0000147
all	894	9	886578	0.0000102
all	895	8	886578	0.0000090
all	896	8	886578	0.0000090
all	897	7	886578	0.0000079
all	898	6	886578	0.0000068
all	899	11	886578	0.0000124
all	900	8	886578	0.0000090
all	901	13	886578	0.0000147
all	902	16	886578	0.0000180
all	903	3	886578	0.0000034
all	904	1	886578	0.0000011
all	905	6	886578	0.0000068
all	906	9	886578	0.0000102
all	907	5	886578	0.0000056
all	908	6	886578	0.0000068
all	909	6	886578	0.0000068
all	910	5	886578	0.0000056
all	911	2	886578	0.0000023
all	912	3	886578	0.0000034
all	913	9	886578	0.0000102
all	914	7	886578	0.0000079
all	915	4	886578	0.0000045
all	916	5	886578	0.0000056
all	917	8	886578	0.0000090
all	918	3	886578	0.0000034
all	919	7	886578	0.0000079
all	920	6	886578	0.0000068
all	921	4	886578	0.0000045
all	922	8	886578	0.0000090
all	923	6	886578	0.0000068
all	924	3	886578	0.0000034
all	925	8	886578	0.0000090
all	926	7	886578	0.0000079
all	927	3	886578	0.0000034
all	928	14	886578	0.0000158
all	929	13	886578	0.0000147
all	930	11	886578	0.0000124
all	931	4	886578	0.0000045
all	932	11	886578	0.0000124
all	933	4	886578	0.0000045
all	934	12	886578	0.0000135
all	935	11	886578	0.0000124
all	936	11	886578	0.0000124
all	937	10	886578	0.0000113
all	938	7	886578	0.0000079
all	939	12	886578	0.0000135
all	940	19	886578	0.0000214
all	941	5	886578	0.0000056
all	942	6	886578	0.0000068
all	943	5	886578	0.0000056
all	944	9	886578	0.0000102
all	945	5	886578	0.0000056
all	946	13	886578	0.0000147
all	947	3	886578	0.0000034
all	948	6	886578	0.0000068
all	949	6	886578	0.0000068
all	950	6	886578	0.0000068
all	951	5	886578	0.0000056
all	952	6	886578	0.0000068
all	953	5	886578	0.0000056
all	954	7	886578	0.0000079
all	955	1	886578	0.0000011
all	956	4	886578	0.0000045
all	957	8	886578	0.0000090
all	958	14	886578	0.0000158
all	959	1	886578	0.0000011
all	960	5	886578	0.0000056
all	961	3	886578	0.0000034
all	962	15	886578	0.0000169
all	963	5	886578	0.0000056
all	964	6	886578	0.0000068
all	965	3	886578	0.0000034
all	966	3	886578	0.0000034
all	967	9	886578	0.0000102
all	968	8	886578	0.0000090
all	969	9	886578	0.0000102
all	970	6	886578	0.0000068
all	971	3	886578	0.0000034
all	972	3	886578	0.0000034
all	973	8	886578	0.0000090
all	974	6	886578	0.0000068
all	975	6	886578	0.0000068
all	976	7	886578	0.0000079
all	977	2	886578	0.0000023
all	978	4	886578	0.0000045
all	979	3	886578	0.0000034
all	980	7	886578	0.0000079
all	981	6	886578	0.0000068
all	982	6	886578	0.0000068
all	983	6	886578	0.0000068
all	984	5	886578	0.0000056
all	985	8	886578	0.0000090
all	986	2	886578	0.0000023
all	987	7	886578	0.0000079
all	988	3	886578	0.0000034
all	989	5	886578	0.0000056
all	991	5	886578	0.0000056
all	992	4	886578	0.0000045
all	993	8	886578	0.0000090
all	994	7	886578	0.0000079
all	995	5	886578	0.0000056
all	996	4	886578	0.0000045
all	997	5	886578	0.0000056
all	998	2	886578	0.0000023
all	999	5	886578	0.0000056
all	1000	5	886578	0.0000056
all	1001	6	886578	0.0000068
all	1002	9	886578	0.0000102
all	1003	5	886578	0.0000056
all	1004	5	886578	0.0000056
all	1005	2	886578	0.0000023
all	1006	13	886578	0.0000147
all	1007	6	886578	0.0000068
all	1008	4	886578	0.0000045
all	1009	8	886578	0.0000090
all	1010	12	886578	0.0000135
all	1011	6	886578	0.0000068
all	1012	3	886578	0.0000034
all	1013	5	886578	0.0000056
all	1014	4	886578	0.0000045
all	1015	7	886578	0.0000079
all	1016	7	886578	0.0000079
all	1017	7	886578	0.0000079
all	1018	11	886578	0.0000124
all	1019	10	886578	0.0000113
all	1020	5	886578	0.0000056
all	1021	6	886578	0.0000068
all	1022	2	886578	0.0000023
all	1023	5	886578	0.0000056
all	1024	2	886578	0.0000023
all	1025	11	886578	0.0000124
all	1026	6	886578	0.0000068
all	1027	6	886578	0.0000068
all	1028	6	886578	0.0000068
all	1029	7	886578	0.0000079
all	1030	5	886578	0.0000056
all	1031	3	886578	0.0000034
all	1032	5	886578	0.0000056
all	1033	5	886578	0.0000056
all	1034	7	886578	0.0000079
all	1035	7	886578	0.0000079
all	1036	3	886578	0.0000034
all	1037	6	886578	0.0000068
all	1038	9	886578	0.0000102
all	1039	3	886578	0.0000034
all	1040	6	886578	0.0000068
all	1041	3	886578	0.0000034
all	1042	9	886578	0.0000102
all	1043	10	886578	0.0000113
all	1044	7	886578	0.0000079
all	1045	6	886578	0.0000068
all	1046	4	886578	0.0000045
all	1047	5	886578	0.0000056
all	1048	8	886578	0.0000090
all	1049	5	886578	0.0000056
all	1050	9	886578	0.0000102
all	1051	7	886578	0.0000079
all	1052	11	886578	0.0000124
all	1053	5	886578	0.0000056
all	1054	5	886578	0.0000056
all	1055	5	886578	0.0000056
all	1056	12	886578	0.0000135
all	1057	12	886578	0.0000135
all	1058	12	886578	0.0000135
all	1059	2	886578	0.0000023
all	1060	8	886578	0.0000090
all	1061	9	886578	0.0000102
all	1062	8	886578	0.0000090
all	1063	8	886578	0.0000090
all	1064	3	886578	0.0000034
all	1065	8	886578	0.0000090
all	1066	4	886578	0.0000045
all	1067	7	886578	0.0000079
all	1068	2	886578	0.0000023
all	1069	6	886578	0.0000068
all	1070	2	886578	0.0000023
all	1071	7	886578	0.0000079
all	1072	1	886578	0.0000011
all	1073	4	886578	0.0000045
all	1074	5	886578	0.0000056
all	1075	11	886578	0.0000124
all	1076	10	886578	0.0000113
all	1077	7	886578	0.0000079
all	1078	5	886578	0.0000056
all	1079	3	886578	0.0000034
all	1080	3	886578	0.0000034
all	1081	1	886578	0.0000011
all	1082	4	886578	0.0000045
all	1083	6	886578	0.0000068
all	1084	6	886578	0.0000068
all	1085	6	886578	0.0000068
all	1086	4	886578	0.0000045
all	1087	6	886578	0.0000068
all	1088	5	886578	0.0000056
all	1089	7	886578	0.0000079
all	1090	11	886578	0.0000124
all	1091	8	886578	0.0000090
all	1092	3	886578	0.0000034
all	1093	2	886578	0.0000023
all	1094	2	886578	0.0000023
all	1095	3	886578	0.0000034
all	1096	3	886578	0.0000034
all	1097	15	886578	0.0000169
all	1098	3	886578	0.0000034
all	1099	12	886578	0.0000135
all	1100	18	886578	0.0000203
all	1101	13	886578	0.0000147
all	1102	8	886578	0.0000090
all	1103	6	886578	0.0000068
all	1104	7	886578	0.0000079
all	1105	7	886578	0.0000079
all	1106	4	886578	0.0000045
all	1107	5	886578	0.0000056
all	1108	3	886578	0.0000034
all	1109	2	886578	0.0000023
all	1110	4	886578	0.0000045
all	1111	2	886578	0.0000023
all	1112	6	886578	0.0000068
all	1113	9	886578	0.0000102
all	1114	6	886578	0.0000068
all	1115	4	886578	0.0000045
all	1116	5	886578	0.0000056
all	1117	4	886578	0.0000045
all	1118	2	886578	0.0000023
all	1119	4	886578	0.0000045
all	1120	1	886578	0.0000011
all	1121	6	886578	0.0000068
all	1122	5	886578	0.0000056
all	1123	8	886578	0.0000090
all	1124	5	886578	0.0000056
all	1125	5	886578	0.0000056
all	1126	4	886578	0.0000045
all	1127	5	886578	0.0000056
all	1128	5	886578	0.0000056
all	1129	4	886578	0.0000045
all	1130	8	886578	0.0000090
all	1131	3	886578	0.0000034
all	1132	9	886578	0.0000102
all	1133	5	886578	0.0000056
all	1134	4	886578	0.0000045
all	1135	5	886578	0.0000056
all	1136	8	886578	0.0000090
all	1137	8	886578	0.0000090
all	1139	5	886578	0.0000056
all	1140	8	886578	0.0000090
all	1141	8	886578	0.0000090
all	1142	5	886578	0.0000056
all	1143	3	886578	0.0000034
all	1144	2	886578	0.0000023
all	1145	9	886578	0.0000102
all	1146	6	886578	0.0000068
all	1147	5	886578	0.0000056
all	1148	9	886578	0.0000102
all	1149	6	886578	0.0000068
all	1150	5	886578	0.0000056
all	1151	3	886578	0.0000034
all	1152	4	886578	0.0000045
all	1153	9	886578	0.0000102
all	1154	9	886578	0.0000102
all	1155	7	886578	0.0000079
all	1156	6	886578	0.0000068
all	1157	3	886578	0.0000034
all	1158	7	886578	0.0000079
all	1159	5	886578	0.0000056
all	1160	3	886578	0.0000034
all	1161	5	886578	0.0000056
all	1162	6	886578	0.0000068
all	1163	3	886578	0.0000034
all	1164	4	886578	0.0000045
all	1165	2	886578	0.0000023
all	1166	4	886578	0.0000045
all	1167	5	886578	0.0000056
all	1168	4	886578	0.0000045
all	1169	4	886578	0.0000045
all	1170	8	886578	0.0000090
all	1171	4	886578	0.0000045
all	1172	5	886578	0.0000056
all	1173	7	886578	0.0000079
all	1174	6	886578	0.0000068
all	1175	3	886578	0.0000034
all	1176	4	886578	0.0000045
all	1177	3	886578	0.0000034
all	1178	3	886578	0.0000034
all	1179	6	886578	0.0000068
all	1180	5	886578	0.0000056
all	1181	9	886578	0.0000102
all	1182	7	886578	0.0000079
all	1183	8	886578	0.0000090
all	1184	4	886578	0.0000045
all	1185	10	886578	0.0000113
all	1186	7	886578	0.0000079
all	1187	9	886578	0.0000102
all	1188	2	886578	0.0000023
all	1189	5	886578	0.0000056
all	1190	5	886578	0.0000056
all	1191	1	886578	0.0000011
all	1192	3	886578	0.0000034
all	1193	3	886578	0.0000034
all	1194	5	886578	0.0000056
all	1195	7	886578	0.0000079
all	1196	4	886578	0.0000045
all	1197	3	886578	0.0000034
all	1198	7	886578	0.0000079
all	1199	4	886578	0.0000045
all	1200	7	886578	0.0000079
all	1201	4	886578	0.0000045
all	1202	6	886578	0.0000068
all	1203	3	886578	0.0000034
all	1204	8	886578	0.0000090
all	1205	3	886578	0.0000034
all	1206	8	886578	0.0000090
all	1207	6	886578	0.0000068
all	1208	2	886578	0.0000023
all	1209	6	886578	0.0000068
all	1210	3	886578	0.0000034
all	1211	1	886578	0.0000011
all	1212	8	886578	0.0000090
all	1213	5	886578	0.0000056
all	1214	3	886578	0.0000034
all	1215	9	886578	0.0000102
all	1216	5	886578	0.0000056
all	1217	5	886578	0.0000056
all	1218	6	886578	0.0000068
all	1219	1	886578	0.0000011
all	1220	8	886578	0.0000090
all	1221	6	886578	0.0000068
all	1222	1	886578	0.0000011
all	1223	2	886578	0.0000023
all	1224	4	886578	0.0000045
all	1225	6	886578	0.0000068
all	1226	5	886578	0.0000056
all	1227	3	886578	0.0000034
all	1228	5	886578	0.0000056
all	1229	3	886578	0.0000034
all	1230	2	886578	0.0000023
all	1231	4	886578	0.0000045
all	1232	5	886578	0.0000056
all	1233	3	886578	0.0000034
all	1234	3	886578	0.0000034
all	1235	5	886578	0.0000056
all	1236	3	886578	0.0000034
all	1237	2	886578	0.0000023
all	1238	4	886578	0.0000045
all	1239	4	886578	0.0000045
all	1240	5	886578	0.0000056
all	1241	3	886578	0.0000034
all	1242	8	886578	0.0000090
all	1243	11	886578	0.0000124
all	1244	4	886578	0.0000045
all	1245	4	886578	0.0000045
all	1246	7	886578	0.0000079
all	1247	2	886578	0.0000023
all	1248	2	886578	0.0000023
all	1249	4	886578	0.0000045
all	1250	3	886578	0.0000034
all	1251	7	886578	0.0000079
all	1252	2	886578	0.0000023
all	1253	6	886578	0.0000068
all	1254	5	886578	0.0000056
all	1255	6	886578	0.0000068
all	1257	4	886578	0.0000045
all	1258	4	886578	0.0000045
all	1259	4	886578	0.0000045
all	1260	2	886578	0.0000023
all	1261	6	886578	0.0000068
all	1262	1	886578	0.0000011
all	1263	5	886578	0.0000056
all	1264	3	886578	0.0000034
all	1265	2	886578	0.0000023
all	1266	2	886578	0.0000023
all	1267	1	886578	0.0000011
all	1268	2	886578	0.0000023
all	1269	2	886578	0.0000023
all	1270	3	886578	0.0000034
all	1271	6	886578	0.0000068
all	1272	4	886578	0.0000045
all	1273	2	886578	0.0000023
all	1274	1	886578	0.0000011
all	1275	1	886578	0.0000011
all	1276	3	886578	0.0000034
all	1277	3	886578	0.0000034
all	1278	2	886578	0.0000023
all	1279	1	886578	0.0000011
all	1280	4	886578	0.0000045
all	1281	3	886578	0.0000034
all	1282	3	886578	0.0000034
all	1283	4	886578	0.0000045
all	1284	3	886578	0.0000034
all	1285	5	886578	0.0000056
all	1286	2	886578	0.0000023
all	1287	1	886578	0.0000011
all	1288	7	886578	0.0000079
all	1289	6	886578	0.0000068
all	1290	6	886578	0.0000068
all	1291	4	886578	0.0000045
all	1292	1	886578	0.0000011
all	1293	1	886578	0.0000011
all	1294	2	886578	0.0000023
all	1295	3	886578	0.0000034
all	1296	6	886578	0.0000068
all	1297	5	886578	0.0000056
all	1298	3	886578	0.0000034
all	1299	1	886578	0.0000011
all	1300	5	886578	0.0000056
all	1301	3	886578	0.0000034
all	1302	5	886578	0.0000056
all	1304	2	886578	0.0000023
all	1305	5	886578	0.0000056
all	1306	6	886578	0.0000068
all	1307	4	886578	0.0000045
all	1308	3	886578	0.0000034
all	1309	2	886578	0.0000023
all	1310	4	886578	0.0000045
all	1311	2	886578	0.0000023
all	1312	6	886578	0.0000068
all	1313	2	886578	0.0000023
all	1314	5	886578	0.0000056
all	1315	5	886578	0.0000056
all	1316	3	886578	0.0000034
all	1317	3	886578	0.0000034
all	1318	3	886578	0.0000034
all	1320	2	886578	0.0000023
all	1321	3	886578	0.0000034
all	1322	4	886578	0.0000045
all	1323	4	886578	0.0000045
all	1324	2	886578	0.0000023
all	1325	1	886578	0.0000011
all	1326	3	886578	0.0000034
all	1327	3	886578	0.0000034
all	1328	4	886578	0.0000045
all	1329	3	886578	0.0000034
all	1330	5	886578	0.0000056
all	1331	3	886578	0.0000034
all	1332	9	886578	0.0000102
all	1333	4	886578	0.0000045
all	1334	6	886578	0.0000068
all	1335	5	886578	0.0000056
all	1336	12	886578	0.0000135
all	1337	3	886578	0.0000034
all	1338	6	886578	0.0000068
all	1339	2	886578	0.0000023
all	1340	3	886578	0.0000034
all	1341	7	886578	0.0000079
all	1342	6	886578	0.0000068
all	1343	1	886578	0.0000011
all	1344	4	886578	0.0000045
all	1345	7	886578	0.0000079
all	1346	1	886578	0.0000011
all	1347	2	886578	0.0000023
all	1348	4	886578	0.0000045
all	1349	2	886578	0.0000023
all	1350	6	886578	0.0000068
all	1351	5	886578	0.0000056
all	1352	3	886578	0.0000034
all	1353	1	886578	0.0000011
all	1354	6	886578	0.0000068
all	1355	2	886578	0.0000023
all	1356	6	886578	0.0000068
all	1357	5	886578	0.0000056
all	1358	4	886578	0.0000045
all	1359	2	886578	0.0000023
all	1360	2	886578	0.0000023
all	1361	3	886578	0.0000034
all	1363	2	886578	0.0000023
all	1364	5	886578	0.0000056
all	1365	4	886578	0.0000045
all	1366	2	886578	0.0000023
all	1367	2	886578	0.0000023
all	1368	3	886578	0.0000034
all	1369	6	886578	0.0000068
all	1370	4	886578	0.0000045
all	1371	1	886578	0.0000011
all	1372	2	886578	0.0000023
all	1373	6	886578	0.0000068
all	1374	2	886578	0.0000023
all	1375	4	886578	0.0000045
all	1376	1	886578	0.0000011
all	1377	3	886578	0.0000034
all	1378	2	886578	0.0000023
all	1379	3	886578	0.0000034
all	1380	6	886578	0.0000068
all	1381	4	886578	0.0000045
all	1382	4	886578	0.0000045
all	1383	6	886578	0.0000068
all	1384	1	886578	0.0000011
all	1385	4	886578	0.0000045
all	1386	1	886578	0.0000011
all	1387	9	886578	0.0000102
all	1388	3	886578	0.0000034
all	1389	6	886578	0.0000068
all	1390	6	886578	0.0000068
all	1391	2	886578	0.0000023
all	1392	4	886578	0.0000045
all	1394	3	886578	0.0000034
all	1395	3	886578	0.0000034
all	1396	8	886578	0.0000090
all	1397	4	886578	0.0000045
all	1398	3	886578	0.0000034
all	1399	2	886578	0.0000023
all	1400	2	886578	0.0000023
all	1401	4	886578	0.0000045
all	1402	1	886578	0.0000011
all	1403	2	886578	0.0000023
all	1404	3	886578	0.0000034
all	1405	2	886578	0.0000023
all	1406	2	886578	0.0000023
all	1407	6	886578	0.0000068
all	1408	2	886578	0.0000023
all	1409	4	886578	0.0000045
all	1410	2	886578	0.0000023
all	1411	1	886578	0.0000011
all	1412	1	886578	0.0000011
all	1413	7	886578	0.0000079
all	1414	1	886578	0.0000011
all	1415	1	886578	0.0000011
all	1416	3	886578	0.0000034
all	1417	4	886578	0.0000045
all	1418	2	886578	0.0000023
all	1419	7	886578	0.0000079
all	1420	3	886578	0.0000034
all	1421	3	886578	0.0000034
all	1422	1	886578	0.0000011
all	1423	1	886578	0.0000011
all	1424	1	886578	0.0000011
all	1425	6	886578	0.0000068
all	1426	3	886578	0.0000034
all	1427	5	886578	0.0000056
all	1429	5	886578	0.0000056
all	1430	3	886578	0.0000034
all	1431	5	886578	0.0000056
all	1432	1	886578	0.0000011
all	1433	2	886578	0.0000023
all	1434	1	886578	0.0000011
all	1435	3	886578	0.0000034
all	1437	1	886578	0.0000011
all	1438	3	886578	0.0000034
all	1439	2	886578	0.0000023
all	1440	3	886578	0.0000034
all	1441	2	886578	0.0000023
all	1443	3	886578	0.0000034
all	1444	2	886578	0.0000023
all	1445	3	886578	0.0000034
all	1446	2	886578	0.0000023
all	1447	1	886578	0.0000011
all	1448	3	886578	0.0000034
all	1449	2	886578	0.0000023
all	1450	2	886578	0.0000023
all	1451	2	886578	0.0000023
all	1452	2	886578	0.0000023
all	1453	4	886578	0.0000045
all	1454	2	886578	0.0000023
all	1455	2	886578	0.0000023
all	1456	4	886578	0.0000045
all	1457	2	886578	0.0000023
all	1458	5	886578	0.0000056
all	1459	1	886578	0.0000011
all	1460	9	886578	0.0000102
all	1462	3	886578	0.0000034
all	1463	1	886578	0.0000011
all	1464	3	886578	0.0000034
all	1465	3	886578	0.0000034
all	1466	3	886578	0.0000034
all	1467	2	886578	0.0000023
all	1468	1	886578	0.0000011
all	1469	3	886578	0.0000034
all	1470	3	886578	0.0000034
all	1471	2	886578	0.0000023
all	1472	2	886578	0.0000023
all	1473	6	886578	0.0000068
all	1474	2	886578	0.0000023
all	1475	1	886578	0.0000011
all	1477	2	886578	0.0000023
all	1478	2	886578	0.0000023
all	1479	3	886578	0.0000034
all	1480	7	886578	0.0000079
all	1481	2	886578	0.0000023
all	1482	3	886578	0.0000034
all	1483	1	886578	0.0000011
all	1484	2	886578	0.0000023
all	1485	3	886578	0.0000034
all	1486	2	886578	0.0000023
all	1487	1	886578	0.0000011
all	1488	3	886578	0.0000034
all	1489	5	886578	0.0000056
all	1490	3	886578	0.0000034
all	1491	2	886578	0.0000023
all	1492	2	886578	0.0000023
all	1493	4	886578	0.0000045
all	1494	1	886578	0.0000011
all	1495	6	886578	0.0000068
all	1496	4	886578	0.0000045
all	1497	3	886578	0.0000034
all	1498	6	886578	0.0000068
all	1499	2	886578	0.0000023
all	1500	3	886578	0.0000034
all	1501	4	886578	0.0000045
all	1502	7	886578	0.0000079
all	1503	3	886578	0.0000034
all	1504	2	886578	0.0000023
all	1505	1	886578	0.0000011
all	1506	2	886578	0.0000023
all	1507	3	886578	0.0000034
all	1508	1	886578	0.0000011
all	1509	1	886578	0.0000011
all	1510	1	886578	0.0000011
all	1511	2	886578	0.0000023
all	1512	6	886578	0.0000068
all	1513	2	886578	0.0000023
all	1514	2	886578	0.0000023
all	1515	2	886578	0.0000023
all	1516	4	886578	0.0000045
all	1517	2	886578	0.0000023
all	1518	1	886578	0.0000011
all	1519	5	886578	0.0000056
all	1520	3	886578	0.0000034
all	1521	3	886578	0.0000034
all	1522	3	886578	0.0000034
all	1523	2	886578	0.0000023
all	1524	3	886578	0.0000034
all	1525	5	886578	0.0000056
all	1526	4	886578	0.0000045
all	1527	2	886578	0.0000023
all	1528	3	886578	0.0000034
all	1529	1	886578	0.0000011
all	1530	4	886578	0.0000045
all	1531	4	886578	0.0000045
all	1532	7	886578	0.0000079
all	1533	2	886578	0.0000023
all	1534	2	886578	0.0000023
all	1535	2	886578	0.0000023
all	1536	4	886578	0.0000045
all	1537	1	886578	0.0000011
all	1538	3	886578	0.0000034
all	1539	1	886578	0.0000011
all	1540	2	886578	0.0000023
all	1541	2	886578	0.0000023
all	1542	2	886578	0.0000023
all	1543	2	886578	0.0000023
all	1544	5	886578	0.0000056
all	1545	1	886578	0.0000011
all	1546	2	886578	0.0000023
all	1547	6	886578	0.0000068
all	1549	1	886578	0.0000011
all	1551	3	886578	0.0000034
all	1552	4	886578	0.0000045
all	1553	1	886578	0.0000011
all	1554	3	886578	0.0000034
all	1555	2	886578	0.0000023
all	1556	4	886578	0.0000045
all	1557	3	886578	0.0000034
all	1558	1	886578	0.0000011
all	1559	2	886578	0.0000023
all	1560	2	886578	0.0000023
all	1561	4	886578	0.0000045
all	1563	3	886578	0.0000034
all	1564	3	886578	0.0000034
all	1565	1	886578	0.0000011
all	1566	2	886578	0.0000023
all	1567	3	886578	0.0000034
all	1568	3	886578	0.0000034
all	1569	1	886578	0.0000011
all	1570	3	886578	0.0000034
all	1572	1	886578	0.0000011
all	1573	3	886578	0.0000034
all	1574	1	886578	0.0000011
all	1575	2	886578	0.0000023
all	1576	3	886578	0.0000034
all	1577	2	886578	0.0000023
all	1578	2	886578	0.0000023
all	1579	3	886578	0.0000034
all	1580	6	886578	0.0000068
all	1581	6	886578	0.0000068
all	1582	3	886578	0.0000034
all	1583	3	886578	0.0000034
all	1584	9	886578	0.0000102
all	1585	4	886578	0.0000045
all	1586	4	886578	0.0000045
all	1587	3	886578	0.0000034
all	1588	4	886578	0.0000045
all	1589	1	886578	0.0000011
all	1590	3	886578	0.0000034
all	1591	2	886578	0.0000023
all	1592	3	886578	0.0000034
all	1593	3	886578	0.0000034
all	1594	1	886578	0.0000011
all	1595	3	886578	0.0000034
all	1596	5	886578	0.0000056
all	1597	12	886578	0.0000135
all	1598	7	886578	0.0000079
all	1599	2	886578	0.0000023
all	1600	8	886578	0.0000090
all	1601	6	886578	0.0000068
all	1602	15	886578	0.0000169
all	1603	6	886578	0.0000068
all	1604	5	886578	0.0000056
all	1605	5	886578	0.0000056
all	1607	3	886578	0.0000034
all	1608	3	886578	0.0000034
all	1609	3	886578	0.0000034
all	1610	6	886578	0.0000068
all	1611	4	886578	0.0000045
all	1612	5	886578	0.0000056
all	1614	4	886578	0.0000045
all	1615	6	886578	0.0000068
all	1616	6	886578	0.0000068
all	1617	4	886578	0.0000045
all	1618	3	886578	0.0000034
all	1619	2	886578	0.0000023
all	1620	4	886578	0.0000045
all	1621	8	886578	0.0000090
all	1622	2	886578	0.0000023
all	1624	5	886578	0.0000056
all	1625	2	886578	0.0000023
all	1626	1	886578	0.0000011
all	1627	3	886578	0.0000034
all	1629	2	886578	0.0000023
all	1630	5	886578	0.0000056
all	1631	4	886578	0.0000045
all	1632	7	886578	0.0000079
all	1633	3	886578	0.0000034
all	1634	2	886578	0.0000023
all	1636	3	886578	0.0000034
all	1637	1	886578	0.0000011
all	1638	3	886578	0.0000034
all	1639	4	886578	0.0000045
all	1640	2	886578	0.0000023
all	1642	2	886578	0.0000023
all	1643	1	886578	0.0000011
all	1644	2	886578	0.0000023
all	1645	3	886578	0.0000034
all	1646	2	886578	0.0000023
all	1647	3	886578	0.0000034
all	1648	3	886578	0.0000034
all	1649	4	886578	0.0000045
all	1650	1	886578	0.0000011
all	1651	2	886578	0.0000023
all	1652	4	886578	0.0000045
all	1653	3	886578	0.0000034
all	1654	2	886578	0.0000023
all	1655	2	886578	0.0000023
all	1656	5	886578	0.0000056
all	1657	2	886578	0.0000023
all	1658	6	886578	0.0000068
all	1659	1	886578	0.0000011
all	1660	1	886578	0.0000011
all	1661	3	886578	0.0000034
all	1662	2	886578	0.0000023
all	1663	4	886578	0.0000045
all	1664	2	886578	0.0000023
all	1665	2	886578	0.0000023
all	1666	1	886578	0.0000011
all	1667	2	886578	0.0000023
all	1668	2	886578	0.0000023
all	1670	1	886578	0.0000011
all	1671	4	886578	0.0000045
all	1672	2	886578	0.0000023
all	1673	3	886578	0.0000034
all	1674	3	886578	0.0000034
all	1675	5	886578	0.0000056
all	1676	2	886578	0.0000023
all	1677	4	886578	0.0000045
all	1678	3	886578	0.0000034
all	1679	3	886578	0.0000034
all	1680	3	886578	0.0000034
all	1681	1	886578	0.0000011
all	1682	2	886578	0.0000023
all	1684	7	886578	0.0000079
all	1685	4	886578	0.0000045
all	1686	3	886578	0.0000034
all	1687	5	886578	0.0000056
all	1688	3	886578	0.0000034
all	1689	4	886578	0.0000045
all	1690	3	886578	0.0000034
all	1691	3	886578	0.0000034
all	1692	3	886578	0.0000034
all	1693	6	886578	0.0000068
all	1694	2	886578	0.0000023
all	1695	1	886578	0.0000011
all	1696	4	886578	0.0000045
all	1697	2	886578	0.0000023
all	1698	4	886578	0.0000045
all	1699	5	886578	0.0000056
all	1700	4	886578	0.0000045
all	1701	5	886578	0.0000056
all	1702	3	886578	0.0000034
all	1703	3	886578	0.0000034
all	1704	5	886578	0.0000056
all	1705	3	886578	0.0000034
all	1706	4	886578	0.0000045
all	1707	4	886578	0.0000045
all	1708	7	886578	0.0000079
all	1709	5	886578	0.0000056
all	1710	3	886578	0.0000034
all	1711	10	886578	0.0000113
all	1712	2	886578	0.0000023
all	1714	5	886578	0.0000056
all	1715	3	886578	0.0000034
all	1716	7	886578	0.0000079
all	1717	4	886578	0.0000045
all	1718	3	886578	0.0000034
all	1719	2	886578	0.0000023
all	1720	8	886578	0.0000090
all	1721	4	886578	0.0000045
all	1722	3	886578	0.0000034
all	1723	6	886578	0.0000068
all	1724	5	886578	0.0000056
all	1725	5	886578	0.0000056
all	1726	3	886578	0.0000034
all	1727	3	886578	0.0000034
all	1728	4	886578	0.0000045
all	1729	2	886578	0.0000023
all	1730	4	886578	0.0000045
all	1731	4	886578	0.0000045
all	1732	3	886578	0.0000034
all	1733	1	886578	0.0000011
all	1734	6	886578	0.0000068
all	1735	5	886578	0.0000056
all	1736	2	886578	0.0000023
all	1737	5	886578	0.0000056
all	1738	2	886578	0.0000023
all	1739	2	886578	0.0000023
all	1740	1	886578	0.0000011
all	1741	6	886578	0.0000068
all	1742	3	886578	0.0000034
all	1743	2	886578	0.0000023
all	1744	5	886578	0.0000056
all	1745	3	886578	0.0000034
all	1746	5	886578	0.0000056
all	1747	3	886578	0.0000034
all	1748	6	886578	0.0000068
all	1749	3	886578	0.0000034
all	1750	6	886578	0.0000068
all	1751	5	886578	0.0000056
all	1752	1	886578	0.0000011
all	1753	3	886578	0.0000034
all	1754	4	886578	0.0000045
all	1755	3	886578	0.0000034
all	1756	3	886578	0.0000034
all	1757	3	886578	0.0000034
all	1758	2	886578	0.0000023
all	1759	4	886578	0.0000045
all	1760	5	886578	0.0000056
all	1761	7	886578	0.0000079
all	1762	7	886578	0.0000079
all	1763	4	886578	0.0000045
all	1764	2	886578	0.0000023
all	1765	4	886578	0.0000045
all	1766	3	886578	0.0000034
all	1767	3	886578	0.0000034
all	1768	4	886578	0.0000045
all	1769	9	886578	0.0000102
all	1770	5	886578	0.0000056
all	1771	7	886578	0.0000079
all	1772	4	886578	0.0000045
all	1773	4	886578	0.0000045
all	1774	5	886578	0.0000056
all	1775	2	886578	0.0000023
all	1776	2	886578	0.0000023
all	1778	9	886578	0.0000102
all	1779	6	886578	0.0000068
all	1780	2	886578	0.0000023
all	1781	6	886578	0.0000068
all	1782	4	886578	0.0000045
all	1783	4	886578	0.0000045
all	1784	4	886578	0.0000045
all	1785	4	886578	0.0000045
all	1786	1	886578	0.0000011
all	1787	5	886578	0.0000056
all	1788	2	886578	0.0000023
all	1789	5	886578	0.0000056
all	1790	4	886578	0.0000045
all	1791	1	886578	0.0000011
all	1792	1	886578	0.0000011
all	1793	4	886578	0.0000045
all	1794	2	886578	0.0000023
all	1795	3	886578	0.0000034
all	1796	3	886578	0.0000034
all	1797	3	886578	0.0000034
all	1798	3	886578	0.0000034
all	1799	3	886578	0.0000034
all	1800	2	886578	0.0000023
all	1801	2	886578	0.0000023
all	1802	4	886578	0.0000045
all	1803	3	886578	0.0000034
all	1804	2	886578	0.0000023
all	1805	2	886578	0.0000023
all	1806	4	886578	0.0000045
all	1807	4	886578	0.0000045
all	1808	2	886578	0.0000023
all	1809	5	886578	0.0000056
all	1810	3	886578	0.0000034
all	1811	3	886578	0.0000034
all	1812	1	886578	0.0000011
all	1813	1	886578	0.0000011
all	1814	2	886578	0.0000023
all	1815	7	886578	0.0000079
all	1816	4	886578	0.0000045
all	1817	6	886578	0.0000068
all	1818	2	886578	0.0000023
all	1819	3	886578	0.0000034
all	1820	4	886578	0.0000045
all	1821	3	886578	0.0000034
all	1823	4	886578	0.0000045
all	1824	2	886578	0.0000023
all	1825	5	886578	0.0000056
all	1826	4	886578	0.0000045
all	1827	6	886578	0.0000068
all	1828	2	886578	0.0000023
all	1829	4	886578	0.0000045
all	1830	6	886578	0.0000068
all	1831	3	886578	0.0000034
all	1832	2	886578	0.0000023
all	1833	1	886578	0.0000011
all	1834	2	886578	0.0000023
all	1835	3	886578	0.0000034
all	1836	2	886578	0.0000023
all	1837	1	886578	0.0000011
all	1838	5	886578	0.0000056
all	1840	5	886578	0.0000056
all	1842	4	886578	0.0000045
all	1843	3	886578	0.0000034
all	1844	1	886578	0.0000011
all	1845	3	886578	0.0000034
all	1847	2	886578	0.0000023
all	1848	1	886578	0.0000011
all	1849	3	886578	0.0000034
all	1850	3	886578	0.0000034
all	1851	6	886578	0.0000068
all	1852	1	886578	0.0000011
all	1853	1	886578	0.0000011
all	1854	1	886578	0.0000011
all	1855	3	886578	0.0000034
all	1856	1	886578	0.0000011
all	1857	4	886578	0.0000045
all	1858	2	886578	0.0000023
all	1859	1	886578	0.0000011
all	1860	3	886578	0.0000034
all	1861	4	886578	0.0000045
all	1862	3	886578	0.0000034
all	1863	1	886578	0.0000011
all	1864	1	886578	0.0000011
all	1865	1	886578	0.0000011
all	1866	1	886578	0.0000011
all	1867	3	886578	0.0000034
all	1868	2	886578	0.0000023
all	1869	2	886578	0.0000023
all	1870	8	886578	0.0000090
all	1871	1	886578	0.0000011
all	1872	2	886578	0.0000023
all	1873	5	886578	0.0000056
all	1874	4	886578	0.0000045
all	1875	5	886578	0.0000056
all	1876	4	886578	0.0000045
all	1877	2	886578	0.0000023
all	1878	3	886578	0.0000034
all	1879	5	886578	0.0000056
all	1881	2	886578	0.0000023
all	1882	2	886578	0.0000023
all	1883	3	886578	0.0000034
all	1884	4	886578	0.0000045
all	1885	2	886578	0.0000023
all	1886	1	886578	0.0000011
all	1887	4	886578	0.0000045
all	1888	1	886578	0.0000011
all	1889	3	886578	0.0000034
all	1890	3	886578	0.0000034
all	1891	2	886578	0.0000023
all	1892	1	886578	0.0000011
all	1893	3	886578	0.0000034
all	1894	3	886578	0.0000034
all	1895	3	886578	0.0000034
all	1896	3	886578	0.0000034
all	1897	7	886578	0.0000079
all	1899	4	886578	0.0000045
all	1900	2	886578	0.0000023
all	1901	2	886578	0.0000023
all	1902	2	886578	0.0000023
all	1903	6	886578	0.0000068
all	1905	6	886578	0.0000068
all	1906	5	886578	0.0000056
all	1907	3	886578	0.0000034
all	1908	3	886578	0.0000034
all	1909	6	886578	0.0000068
all	1910	2	886578	0.0000023
all	1911	2	886578	0.0000023
all	1912	5	886578	0.0000056
all	1913	4	886578	0.0000045
all	1914	1	886578	0.0000011
all	1915	3	886578	0.0000034
all	1916	5	886578	0.0000056
all	1917	1	886578	0.0000011
all	1918	4	886578	0.0000045
all	1919	2	886578	0.0000023
all	1920	3	886578	0.0000034
all	1921	1	886578	0.0000011
all	1922	5	886578	0.0000056
all	1924	5	886578	0.0000056
all	1925	1	886578	0.0000011
all	1926	4	886578	0.0000045
all	1927	1	886578	0.0000011
all	1928	4	886578	0.0000045
all	1930	1	886578	0.0000011
all	1932	4	886578	0.0000045
all	1933	1	886578	0.0000011
all	1935	7	886578	0.0000079
all	1937	1	886578	0.0000011
all	1938	1	886578	0.0000011
all	1939	2	886578	0.0000023
all	1940	4	886578	0.0000045
all	1941	1	886578	0.0000011
all	1942	2	886578	0.0000023
all	1943	1	886578	0.0000011
all	1944	2	886578	0.0000023
all	1945	1	886578	0.0000011
all	1946	3	886578	0.0000034
all	1947	4	886578	0.0000045
all	1949	4	886578	0.0000045
all	1950	2	886578	0.0000023
all	1951	3	886578	0.0000034
all	1952	1	886578	0.0000011
all	1954	2	886578	0.0000023
all	1955	1	886578	0.0000011
all	1956	2	886578	0.0000023
all	1957	3	886578	0.0000034
all	1958	2	886578	0.0000023
all	1959	4	886578	0.0000045
all	1960	2	886578	0.0000023
all	1961	4	886578	0.0000045
all	1962	1	886578	0.0000011
all	1963	5	886578	0.0000056
all	1964	3	886578	0.0000034
all	1965	1	886578	0.0000011
all	1966	2	886578	0.0000023
all	1967	1	886578	0.0000011
all	1968	3	886578	0.0000034
all	1969	1	886578	0.0000011
all	1972	4	886578	0.0000045
all	1973	1	886578	0.0000011
all	1975	2	886578	0.0000023
all	1976	2	886578	0.0000023
all	1977	5	886578	0.0000056
all	1978	3	886578	0.0000034
all	1979	1	886578	0.0000011
all	1980	3	886578	0.0000034
all	1981	1	886578	0.0000011
all	1982	3	886578	0.0000034
all	1983	2	886578	0.0000023
all	1984	1	886578	0.0000011
all	1985	7	886578	0.0000079
all	1987	1	886578	0.0000011
all	1988	5	886578	0.0000056
all	1989	5	886578	0.0000056
all	1990	4	886578	0.0000045
all	1991	2	886578	0.0000023
all	1992	6	886578	0.0000068
all	1993	3	886578	0.0000034
all	1994	3	886578	0.0000034
all	1995	1	886578	0.0000011
all	1996	2	886578	0.0000023
all	1997	3	886578	0.0000034
all	1998	3	886578	0.0000034
all	1999	2	886578	0.0000023
all	2000	2	886578	0.0000023
all	2001	1	886578	0.0000011
all	2002	4	886578	0.0000045
all	2003	5	886578	0.0000056
all	2004	4	886578	0.0000045
all	2005	2	886578	0.0000023
all	2006	4	886578	0.0000045
all	2007	2	886578	0.0000023
all	2009	1	886578	0.0000011
all	2010	2	886578	0.0000023
all	2011	4	886578	0.0000045
all	2012	4	886578	0.0000045
all	2013	3	886578	0.0000034
all	2014	6	886578	0.0000068
all	2015	3	886578	0.0000034
all	2016	6	886578	0.0000068
all	2017	2	886578	0.0000023
all	2018	6	886578	0.0000068
all	2019	3	886578	0.0000034
all	2020	1	886578	0.0000011
all	2021	3	886578	0.0000034
all	2022	3	886578	0.0000034
all	2023	2	886578	0.0000023
all	2024	5	886578	0.0000056
all	2025	2	886578	0.0000023
all	2026	1	886578	0.0000011
all	2027	1	886578	0.0000011
all	2028	6	886578	0.0000068
all	2029	5	886578	0.0000056
all	2030	1	886578	0.0000011
all	2031	4	886578	0.0000045
all	2032	4	886578	0.0000045
all	2033	4	886578	0.0000045
all	2034	6	886578	0.0000068
all	2035	3	886578	0.0000034
all	2036	3	886578	0.0000034
all	2037	4	886578	0.0000045
all	2038	4	886578	0.0000045
all	2039	4	886578	0.0000045
all	2040	1	886578	0.0000011
all	2041	1	886578	0.0000011
all	2043	5	886578	0.0000056
all	2044	2	886578	0.0000023
all	2045	1	886578	0.0000011
all	2046	2	886578	0.0000023
all	2047	2	886578	0.0000023
all	2048	4	886578	0.0000045
all	2049	3	886578	0.0000034
all	2050	2	886578	0.0000023
all	2051	3	886578	0.0000034
all	2052	6	886578	0.0000068
all	2053	1	886578	0.0000011
all	2054	10	886578	0.0000113
all	2055	3	886578	0.0000034
all	2056	4	886578	0.0000045
all	2057	7	886578	0.0000079
all	2058	4	886578	0.0000045
all	2059	4	886578	0.0000045
all	2060	2	886578	0.0000023
all	2062	2	886578	0.0000023
all	2063	2	886578	0.0000023
all	2064	5	886578	0.0000056
all	2066	1	886578	0.0000011
all	2067	1	886578	0.0000011
all	2068	3	886578	0.0000034
all	2069	4	886578	0.0000045
all	2070	2	886578	0.0000023
all	2071	1	886578	0.0000011
all	2072	4	886578	0.0000045
all	2073	3	886578	0.0000034
all	2074	3	886578	0.0000034
all	2075	2	886578	0.0000023
all	2076	4	886578	0.0000045
all	2077	3	886578	0.0000034
all	2078	3	886578	0.0000034
all	2079	1	886578	0.0000011
all	2080	3	886578	0.0000034
all	2081	3	886578	0.0000034
all	2083	9	886578	0.0000102
all	2084	3	886578	0.0000034
all	2085	3	886578	0.0000034
all	2086	3	886578	0.0000034
all	2087	3	886578	0.0000034
all	2088	2	886578	0.0000023
all	2089	6	886578	0.0000068
all	2090	3	886578	0.0000034
all	2091	1	886578	0.0000011
all	2092	4	886578	0.0000045
all	2093	4	886578	0.0000045
all	2094	2	886578	0.0000023
all	2096	1	886578	0.0000011
all	2097	3	886578	0.0000034
all	2098	5	886578	0.0000056
all	2099	4	886578	0.0000045
all	2100	3	886578	0.0000034
all	2101	5	886578	0.0000056
all	2102	4	886578	0.0000045
all	2103	2	886578	0.0000023
all	2104	3	886578	0.0000034
all	2105	3	886578	0.0000034
all	2106	2	886578	0.0000023
all	2107	4	886578	0.0000045
all	2108	4	886578	0.0000045
all	2109	1	886578	0.0000011
all	2110	4	886578	0.0000045
all	2111	6	886578	0.0000068
all	2112	1	886578	0.0000011
all	2113	1	886578	0.0000011
all	2114	3	886578	0.0000034
all	2115	6	886578	0.0000068
all	2116	6	886578	0.0000068
all	2117	1	886578	0.0000011
all	2118	2	886578	0.0000023
all	2119	4	886578	0.0000045
all	2120	1	886578	0.0000011
all	2121	1	886578	0.0000011
all	2122	3	886578	0.0000034
all	2123	2	886578	0.0000023
all	2124	3	886578	0.0000034
all	2126	5	886578	0.0000056
all	2127	4	886578	0.0000045
all	2128	8	886578	0.0000090
all	2129	2	886578	0.0000023
all	2130	4	886578	0.0000045
all	2131	4	886578	0.0000045
all	2132	2	886578	0.0000023
all	2133	6	886578	0.0000068
all	2134	4	886578	0.0000045
all	2135	6	886578	0.0000068
all	2136	4	886578	0.0000045
all	2137	8	886578	0.0000090
all	2138	10	886578	0.0000113
all	2139	2	886578	0.0000023
all	2140	5	886578	0.0000056
all	2141	2	886578	0.0000023
all	2142	2	886578	0.0000023
all	2143	1	886578	0.0000011
all	2144	3	886578	0.0000034
all	2145	2	886578	0.0000023
all	2146	4	886578	0.0000045
all	2147	2	886578	0.0000023
all	2148	4	886578	0.0000045
all	2149	4	886578	0.0000045
all	2150	3	886578	0.0000034
all	2151	4	886578	0.0000045
all	2152	2	886578	0.0000023
all	2153	2	886578	0.0000023
all	2154	3	886578	0.0000034
all	2156	4	886578	0.0000045
all	2157	2	886578	0.0000023
all	2158	2	886578	0.0000023
all	2159	2	886578	0.0000023
all	2160	5	886578	0.0000056
all	2161	2	886578	0.0000023
all	2162	1	886578	0.0000011
all	2163	2	886578	0.0000023
all	2164	2	886578	0.0000023
all	2165	2	886578	0.0000023
all	2166	1	886578	0.0000011
all	2167	3	886578	0.0000034
all	2168	6	886578	0.0000068
all	2169	2	886578	0.0000023
all	2170	5	886578	0.0000056
all	2171	2	886578	0.0000023
all	2172	1	886578	0.0000011
all	2174	5	886578	0.0000056
all	2175	2	886578	0.0000023
all	2176	2	886578	0.0000023
all	2177	2	886578	0.0000023
all	2178	1	886578	0.0000011
all	2179	4	886578	0.0000045
all	2180	2	886578	0.0000023
all	2181	2	886578	0.0000023
all	2182	6	886578	0.0000068
all	2183	2	886578	0.0000023
all	2184	3	886578	0.0000034
all	2185	2	886578	0.0000023
all	2186	3	886578	0.0000034
all	2188	2	886578	0.0000023
all	2189	2	886578	0.0000023
all	2190	1	886578	0.0000011
all	2191	2	886578	0.0000023
all	2193	6	886578	0.0000068
all	2194	3	886578	0.0000034
all	2195	4	886578	0.0000045
all	2196	3	886578	0.0000034
all	2197	1	886578	0.0000011
all	2198	2	886578	0.0000023
all	2199	3	886578	0.0000034
all	2200	3	886578	0.0000034
all	2201	2	886578	0.0000023
all	2202	6	886578	0.0000068
all	2203	3	886578	0.0000034
all	2204	2	886578	0.0000023
all	2206	5	886578	0.0000056
all	2207	3	886578	0.0000034
all	2208	8	886578	0.0000090
all	2209	2	886578	0.0000023
all	2210	2	886578	0.0000023
all	2211	3	886578	0.0000034
all	2212	5	886578	0.0000056
all	2213	4	886578	0.0000045
all	2214	4	886578	0.0000045
all	2215	4	886578	0.0000045
all	2216	2	886578	0.0000023
all	2218	1	886578	0.0000011
all	2220	1	886578	0.0000011
all	2221	4	886578	0.0000045
all	2222	1	886578	0.0000011
all	2223	3	886578	0.0000034
all	2224	2	886578	0.0000023
all	2226	1	886578	0.0000011
all	2227	2	886578	0.0000023
all	2228	4	886578	0.0000045
all	2229	2	886578	0.0000023
all	2230	1	886578	0.0000011
all	2231	3	886578	0.0000034
all	2232	3	886578	0.0000034
all	2233	2	886578	0.0000023
all	2234	4	886578	0.0000045
all	2236	4	886578	0.0000045
all	2237	2	886578	0.0000023
all	2238	3	886578	0.0000034
all	2239	1	886578	0.0000011
all	2240	2	886578	0.0000023
all	2241	1	886578	0.0000011
all	2242	3	886578	0.0000034
all	2243	5	886578	0.0000056
all	2244	1	886578	0.0000011
all	2245	2	886578	0.0000023
all	2246	5	886578	0.0000056
all	2247	1	886578	0.0000011
all	2248	5	886578	0.0000056
all	2249	7	886578	0.0000079
all	2250	2	886578	0.0000023
all	2251	3	886578	0.0000034
all	2252	2	886578	0.0000023
all	2253	2	886578	0.0000023
all	2255	2	886578	0.0000023
all	2256	4	886578	0.0000045
all	2257	1	886578	0.0000011
all	2259	3	886578	0.0000034
all	2260	3	886578	0.0000034
all	2262	1	886578	0.0000011
all	2263	4	886578	0.0000045
all	2264	2	886578	0.0000023
all	2265	2	886578	0.0000023
all	2266	1	886578	0.0000011
all	2267	1	886578	0.0000011
all	2268	2	886578	0.0000023
all	2269	2	886578	0.0000023
all	2270	3	886578	0.0000034
all	2271	5	886578	0.0000056
all	2272	1	886578	0.0000011
all	2273	1	886578	0.0000011
all	2274	1	886578	0.0000011
all	2275	1	886578	0.0000011
all	2276	1	886578	0.0000011
all	2277	3	886578	0.0000034
all	2278	2	886578	0.0000023
all	2279	3	886578	0.0000034
all	2280	3	886578	0.0000034
all	2281	2	886578	0.0000023
all	2282	3	886578	0.0000034
all	2283	4	886578	0.0000045
all	2284	2	886578	0.0000023
all	2285	2	886578	0.0000023
all	2286	2	886578	0.0000023
all	2287	3	886578	0.0000034
all	2288	2	886578	0.0000023
all	2289	2	886578	0.0000023
all	2290	1	886578	0.0000011
all	2291	2	886578	0.0000023
all	2292	3	886578	0.0000034
all	2293	6	886578	0.0000068
all	2294	2	886578	0.0000023
all	2295	2	886578	0.0000023
all	2296	4	886578	0.0000045
all	2297	6	886578	0.0000068
all	2298	4	886578	0.0000045
all	2299	5	886578	0.0000056
all	2300	2	886578	0.0000023
all	2301	3	886578	0.0000034
all	2302	5	886578	0.0000056
all	2303	4	886578	0.0000045
all	2304	2	886578	0.0000023
all	2305	3	886578	0.0000034
all	2306	5	886578	0.0000056
all	2307	3	886578	0.0000034
all	2308	2	886578	0.0000023
all	2309	2	886578	0.0000023
all	2310	4	886578	0.0000045
all	2311	3	886578	0.0000034
all	2312	2	886578	0.0000023
all	2313	4	886578	0.0000045
all	2314	6	886578	0.0000068
all	2315	4	886578	0.0000045
all	2316	3	886578	0.0000034
all	2317	6	886578	0.0000068
all	2318	2	886578	0.0000023
all	2319	6	886578	0.0000068
all	2320	1	886578	0.0000011
all	2321	7	886578	0.0000079
all	2322	5	886578	0.0000056
all	2323	9	886578	0.0000102
all	2324	5	886578	0.0000056
all	2325	1	886578	0.0000011
all	2326	2	886578	0.0000023
all	2327	1	886578	0.0000011
all	2328	1	886578	0.0000011
all	2329	1	886578	0.0000011
all	2330	4	886578	0.0000045
all	2331	1	886578	0.0000011
all	2332	3	886578	0.0000034
all	2333	3	886578	0.0000034
all	2334	2	886578	0.0000023
all	2335	2	886578	0.0000023
all	2337	1	886578	0.0000011
all	2338	3	886578	0.0000034
all	2340	2	886578	0.0000023
all	2341	2	886578	0.0000023
all	2342	2	886578	0.0000023
all	2343	5	886578	0.0000056
all	2344	3	886578	0.0000034
all	2345	2	886578	0.0000023
all	2347	2	886578	0.0000023
all	2348	2	886578	0.0000023
all	2350	1	886578	0.0000011
all	2351	2	886578	0.0000023
all	2352	1	886578	0.0000011
all	2353	3	886578	0.0000034
all	2354	2	886578	0.0000023
all	2356	3	886578	0.0000034
all	2357	2	886578	0.0000023
all	2358	2	886578	0.0000023
all	2359	1	886578	0.0000011
all	2360	3	886578	0.0000034
all	2361	4	886578	0.0000045
all	2362	1	886578	0.0000011
all	2363	3	886578	0.0000034
all	2364	2	886578	0.0000023
all	2366	2	886578	0.0000023
all	2367	2	886578	0.0000023
all	2368	1	886578	0.0000011
all	2370	1	886578	0.0000011
all	2374	2	886578	0.0000023
all	2375	3	886578	0.0000034
all	2376	1	886578	0.0000011
all	2377	1	886578	0.0000011
all	2378	2	886578	0.0000023
all	2379	1	886578	0.0000011
all	2380	1	886578	0.0000011
all	2381	3	886578	0.0000034
all	2382	1	886578	0.0000011
all	2383	2	886578	0.0000023
all	2384	1	886578	0.0000011
all	2386	4	886578	0.0000045
all	2387	1	886578	0.0000011
all	2388	2	886578	0.0000023
all	2389	1	886578	0.0000011
all	2390	2	886578	0.0000023
all	2391	4	886578	0.0000045
all	2392	1	886578	0.0000011
all	2393	3	886578	0.0000034
all	2394	4	886578	0.0000045
all	2395	3	886578	0.0000034
all	2396	1	886578	0.0000011
all	2398	1	886578	0.0000011
all	2399	3	886578	0.0000034
all	2400	1	886578	0.0000011
all	2401	2	886578	0.0000023
all	2402	2	886578	0.0000023
all	2403	2	886578	0.0000023
all	2404	3	886578	0.0000034
all	2405	2	886578	0.0000023
all	2406	2	886578	0.0000023
all	2409	2	886578	0.0000023
all	2410	1	886578	0.0000011
all	2412	3	886578	0.0000034
all	2413	1	886578	0.0000011
all	2414	2	886578	0.0000023
all	2415	3	886578	0.0000034
all	2417	3	886578	0.0000034
all	2418	2	886578	0.0000023
all	2419	2	886578	0.0000023
all	2420	4	886578	0.0000045
all	2421	2	886578	0.0000023
all	2422	3	886578	0.0000034
all	2423	1	886578	0.0000011
all	2424	2	886578	0.0000023
all	2425	3	886578	0.0000034
all	2426	1	886578	0.0000011
all	2427	1	886578	0.0000011
all	2428	1	886578	0.0000011
all	2429	3	886578	0.0000034
all	2430	1	886578	0.0000011
all	2431	2	886578	0.0000023
all	2432	4	886578	0.0000045
all	2433	2	886578	0.0000023
all	2434	4	886578	0.0000045
all	2435	3	886578	0.0000034
all	2436	1	886578	0.0000011
all	2437	2	886578	0.0000023
all	2438	3	886578	0.0000034
all	2439	2	886578	0.0000023
all	2440	2	886578	0.0000023
all	2441	2	886578	0.0000023
all	2442	1	886578	0.0000011
all	2443	2	886578	0.0000023
all	2444	4	886578	0.0000045
all	2445	3	886578	0.0000034
all	2446	2	886578	0.0000023
all	2448	3	886578	0.0000034
all	2449	4	886578	0.0000045
all	2450	2	886578	0.0000023
all	2451	5	886578	0.0000056
all	2452	2	886578	0.0000023
all	2453	1	886578	0.0000011
all	2454	2	886578	0.0000023
all	2455	5	886578	0.0000056
all	2456	2	886578	0.0000023
all	2457	3	886578	0.0000034
all	2458	6	886578	0.0000068
all	2459	1	886578	0.0000011
all	2460	2	886578	0.0000023
all	2461	3	886578	0.0000034
all	2462	7	886578	0.0000079
all	2463	2	886578	0.0000023
all	2464	2	886578	0.0000023
all	2465	1	886578	0.0000011
all	2466	2	886578	0.0000023
all	2467	4	886578	0.0000045
all	2468	2	886578	0.0000023
all	2469	3	886578	0.0000034
all	2470	4	886578	0.0000045
all	2471	3	886578	0.0000034
all	2472	2	886578	0.0000023
all	2473	1	886578	0.0000011
all	2474	1	886578	0.0000011
all	2475	5	886578	0.0000056
all	2476	6	886578	0.0000068
all	2477	6	886578	0.0000068
all	2478	10	886578	0.0000113
all	2479	9	886578	0.0000102
all	2480	9	886578	0.0000102
all	2481	6	886578	0.0000068
all	2482	6	886578	0.0000068
all	2483	3	886578	0.0000034
all	2485	3	886578	0.0000034
all	2486	2	886578	0.0000023
all	2487	4	886578	0.0000045
all	2488	2	886578	0.0000023
all	2489	1	886578	0.0000011
all	2490	2	886578	0.0000023
all	2491	3	886578	0.0000034
all	2492	2	886578	0.0000023
all	2493	3	886578	0.0000034
all	2494	3	886578	0.0000034
all	2495	3	886578	0.0000034
all	2496	5	886578	0.0000056
all	2497	5	886578	0.0000056
all	2498	1	886578	0.0000011
all	2499	3	886578	0.0000034
all	2500	10	886578	0.0000113
all	2501	4	886578	0.0000045
all	2502	3	886578	0.0000034
all	2503	2	886578	0.0000023
all	2504	3	886578	0.0000034
all	2505	2	886578	0.0000023
all	2506	4	886578	0.0000045
all	2507	1	886578	0.0000011
all	2508	1	886578	0.0000011
all	2509	3	886578	0.0000034
all	2510	2	886578	0.0000023
all	2511	3	886578	0.0000034
all	2512	3	886578	0.0000034
all	2513	2	886578	0.0000023
all	2514	2	886578	0.0000023
all	2515	4	886578	0.0000045
all	2516	2	886578	0.0000023
all	2517	3	886578	0.0000034
all	2518	1	886578	0.0000011
all	2519	3	886578	0.0000034
all	2520	1	886578	0.0000011
all	2522	2	886578	0.0000023
all	2523	2	886578	0.0000023
all	2524	4	886578	0.0000045
all	2525	2	886578	0.0000023
all	2526	3	886578	0.0000034
all	2527	2	886578	0.0000023
all	2528	4	886578	0.0000045
all	2529	2	886578	0.0000023
all	2531	1	886578	0.0000011
all	2532	5	886578	0.0000056
all	2533	2	886578	0.0000023
all	2534	4	886578	0.0000045
all	2535	2	886578	0.0000023
all	2536	2	886578	0.0000023
all	2537	3	886578	0.0000034
all	2538	3	886578	0.0000034
all	2539	4	886578	0.0000045
all	2540	2	886578	0.0000023
all	2541	3	886578	0.0000034
all	2542	4	886578	0.0000045
all	2543	2	886578	0.0000023
all	2544	3	886578	0.0000034
all	2545	1	886578	0.0000011
all	2546	5	886578	0.0000056
all	2547	3	886578	0.0000034
all	2548	2	886578	0.0000023
all	2549	1	886578	0.0000011
all	2550	2	886578	0.0000023
all	2551	2	886578	0.0000023
all	2552	2	886578	0.0000023
all	2553	2	886578	0.0000023
all	2554	4	886578	0.0000045
all	2555	4	886578	0.0000045
all	2557	3	886578	0.0000034
all	2558	4	886578	0.0000045
all	2559	2	886578	0.0000023
all	2560	1	886578	0.0000011
all	2561	5	886578	0.0000056
all	2562	4	886578	0.0000045
all	2563	1	886578	0.0000011
all	2564	2	886578	0.0000023
all	2565	4	886578	0.0000045
all	2566	8	886578	0.0000090
all	2567	2	886578	0.0000023
all	2568	8	886578	0.0000090
all	2569	2	886578	0.0000023
all	2570	7	886578	0.0000079
all	2571	4	886578	0.0000045
all	2572	8	886578	0.0000090
all	2573	4	886578	0.0000045
all	2574	9	886578	0.0000102
all	2575	4	886578	0.0000045
all	2576	3	886578	0.0000034
all	2577	1	886578	0.0000011
all	2580	5	886578	0.0000056
all	2581	4	886578	0.0000045
all	2582	2	886578	0.0000023
all	2583	5	886578	0.0000056
all	2584	4	886578	0.0000045
all	2585	3	886578	0.0000034
all	2586	2	886578	0.0000023
all	2587	3	886578	0.0000034
all	2588	5	886578	0.0000056
all	2589	1	886578	0.0000011
all	2590	5	886578	0.0000056
all	2591	2	886578	0.0000023
all	2592	1	886578	0.0000011
all	2593	5	886578	0.0000056
all	2594	4	886578	0.0000045
all	2595	4	886578	0.0000045
all	2597	4	886578	0.0000045
all	2598	1	886578	0.0000011
all	2599	8	886578	0.0000090
all	2600	2	886578	0.0000023
all	2601	4	886578	0.0000045
all	2602	1	886578	0.0000011
all	2603	7	886578	0.0000079
all	2604	4	886578	0.0000045
all	2605	3	886578	0.0000034
all	2606	2	886578	0.0000023
all	2607	1	886578	0.0000011
all	2608	4	886578	0.0000045
all	2609	3	886578	0.0000034
all	2610	4	886578	0.0000045
all	2611	6	886578	0.0000068
all	2612	1	886578	0.0000011
all	2613	2	886578	0.0000023
all	2614	2	886578	0.0000023
all	2615	2	886578	0.0000023
all	2616	3	886578	0.0000034
all	2617	4	886578	0.0000045
all	2618	1	886578	0.0000011
all	2619	2	886578	0.0000023
all	2621	3	886578	0.0000034
all	2622	2	886578	0.0000023
all	2624	2	886578	0.0000023
all	2625	2	886578	0.0000023
all	2627	4	886578	0.0000045
all	2629	3	886578	0.0000034
all	2631	1	886578	0.0000011
all	2632	2	886578	0.0000023
all	2633	2	886578	0.0000023
all	2634	3	886578	0.0000034
all	2635	2	886578	0.0000023
all	2636	2	886578	0.0000023
all	2638	1	886578	0.0000011
all	2639	2	886578	0.0000023
all	2640	2	886578	0.0000023
all	2641	2	886578	0.0000023
all	2642	2	886578	0.0000023
all	2643	2	886578	0.0000023
all	2644	1	886578	0.0000011
all	2645	3	886578	0.0000034
all	2646	2	886578	0.0000023
all	2648	2	886578	0.0000023
all	2649	1	886578	0.0000011
all	2650	4	886578	0.0000045
all	2651	5	886578	0.0000056
all	2652	1	886578	0.0000011
all	2653	5	886578	0.0000056
all	2654	4	886578	0.0000045
all	2655	2	886578	0.0000023
all	2656	3	886578	0.0000034
all	2657	5	886578	0.0000056
all	2658	1	886578	0.0000011
all	2659	3	886578	0.0000034
all	2660	1	886578	0.0000011
all	2661	1	886578	0.0000011
all	2662	1	886578	0.0000011
all	2663	2	886578	0.0000023
all	2664	1	886578	0.0000011
all	2665	1	886578	0.0000011
all	2667	3	886578	0.0000034
all	2668	1	886578	0.0000011
all	2670	3	886578	0.0000034
all	2671	1	886578	0.0000011
all	2672	1	886578	0.0000011
all	2673	1	886578	0.0000011
all	2674	1	886578	0.0000011
all	2675	2	886578	0.0000023
all	2676	2	886578	0.0000023
all	2677	1	886578	0.0000011
all	2678	1	886578	0.0000011
all	2679	3	886578	0.0000034
all	2680	2	886578	0.0000023
all	2681	2	886578	0.0000023
all	2682	3	886578	0.0000034
all	2683	2	886578	0.0000023
all	2684	4	886578	0.0000045
all	2685	3	886578	0.0000034
all	2686	3	886578	0.0000034
all	2687	1	886578	0.0000011
all	2690	3	886578	0.0000034
all	2691	2	886578	0.0000023
all	2692	4	886578	0.0000045
all	2693	5	886578	0.0000056
all	2694	3	886578	0.0000034
all	2695	1	886578	0.0000011
all	2696	4	886578	0.0000045
all	2698	2	886578	0.0000023
all	2699	6	886578	0.0000068
all	2700	2	886578	0.0000023
all	2701	2	886578	0.0000023
all	2702	2	886578	0.0000023
all	2703	4	886578	0.0000045
all	2704	2	886578	0.0000023
all	2705	3	886578	0.0000034
all	2706	1	886578	0.0000011
all	2707	1	886578	0.0000011
all	2708	3	886578	0.0000034
all	2709	4	886578	0.0000045
all	2710	1	886578	0.0000011
all	2711	1	886578	0.0000011
all	2712	1	886578	0.0000011
all	2713	2	886578	0.0000023
all	2714	1	886578	0.0000011
all	2715	3	886578	0.0000034
all	2717	1	886578	0.0000011
all	2718	4	886578	0.0000045
all	2719	1	886578	0.0000011
all	2720	1	886578	0.0000011
all	2723	1	886578	0.0000011
all	2729	2	886578	0.0000023
all	2730	2	886578	0.0000023
all	2731	2	886578	0.0000023
all	2732	1	886578	0.0000011
all	2733	1	886578	0.0000011
all	2735	2	886578	0.0000023
all	2736	1	886578	0.0000011
all	2737	1	886578	0.0000011
all	2739	2	886578	0.0000023
all	2740	1	886578	0.0000011
all	2741	2	886578	0.0000023
all	2742	2	886578	0.0000023
all	2743	2	886578	0.0000023
all	2744	2	886578	0.0000023
all	2746	1	886578	0.0000011
all	2747	1	886578	0.0000011
all	2748	1	886578	0.0000011
all	2749	1	886578	0.0000011
all	2751	1	886578	0.0000011
all	2752	1	886578	0.0000011
all	2753	1	886578	0.0000011
all	2754	2	886578	0.0000023
all	2755	1	886578	0.0000011
all	2756	3	886578	0.0000034
all	2757	1	886578	0.0000011
all	2758	3	886578	0.0000034
all	2759	3	886578	0.0000034
all	2760	1	886578	0.0000011
all	2761	1	886578	0.0000011
all	2762	2	886578	0.0000023
all	2763	3	886578	0.0000034
all	2764	1	886578	0.0000011
all	2765	3	886578	0.0000034
all	2767	2	886578	0.0000023
all	2768	2	886578	0.0000023
all	2769	1	886578	0.0000011
all	2770	2	886578	0.0000023
all	2771	3	886578	0.0000034
all	2772	1	886578	0.0000011
all	2773	2	886578	0.0000023
all	2774	1	886578	0.0000011
all	2775	2	886578	0.0000023
all	2777	3	886578	0.0000034
all	2778	3	886578	0.0000034
all	2779	2	886578	0.0000023
all	2780	1	886578	0.0000011
all	2781	1	886578	0.0000011
all	2785	2	886578	0.0000023
all	2788	1	886578	0.0000011
all	2789	2	886578	0.0000023
all	2790	2	886578	0.0000023
all	2791	1	886578	0.0000011
all	2792	3	886578	0.0000034
all	2793	1	886578	0.0000011
all	2794	1	886578	0.0000011
all	2795	2	886578	0.0000023
all	2797	2	886578	0.0000023
all	2798	1	886578	0.0000011
all	2800	2	886578	0.0000023
all	2801	4	886578	0.0000045
all	2802	1	886578	0.0000011
all	2803	3	886578	0.0000034
all	2804	2	886578	0.0000023
all	2805	2	886578	0.0000023
all	2806	1	886578	0.0000011
all	2807	1	886578	0.0000011
all	2808	3	886578	0.0000034
all	2809	2	886578	0.0000023
all	2810	5	886578	0.0000056
all	2811	1	886578	0.0000011
all	2812	1	886578	0.0000011
all	2813	3	886578	0.0000034
all	2814	2	886578	0.0000023
all	2817	4	886578	0.0000045
all	2818	2	886578	0.0000023
all	2819	1	886578	0.0000011
all	2820	5	886578	0.0000056
all	2821	3	886578	0.0000034
all	2822	3	886578	0.0000034
all	2823	1	886578	0.0000011
all	2826	1	886578	0.0000011
all	2827	4	886578	0.0000045
all	2828	1	886578	0.0000011
all	2829	2	886578	0.0000023
all	2830	1	886578	0.0000011
all	2832	2	886578	0.0000023
all	2833	1	886578	0.0000011
all	2835	1	886578	0.0000011
all	2836	1	886578	0.0000011
all	2837	1	886578	0.0000011
all	2838	1	886578	0.0000011
all	2839	1	886578	0.0000011
all	2840	1	886578	0.0000011
all	2842	1	886578	0.0000011
all	2844	1	886578	0.0000011
all	2845	1	886578	0.0000011
all	2846	1	886578	0.0000011
all	2848	1	886578	0.0000011
all	2849	2	886578	0.0000023
all	2850	2	886578	0.0000023
all	2851	1	886578	0.0000011
all	2852	2	886578	0.0000023
all	2853	1	886578	0.0000011
all	2855	1	886578	0.0000011
all	2857	2	886578	0.0000023
all	2860	1	886578	0.0000011
all	2861	1	886578	0.0000011
all	2863	3	886578	0.0000034
all	2864	2	886578	0.0000023
all	2865	1	886578	0.0000011
all	2866	1	886578	0.0000011
all	2867	3	886578	0.0000034
all	2868	3	886578	0.0000034
all	2869	4	886578	0.0000045
all	2870	1	886578	0.0000011
all	2871	1	886578	0.0000011
all	2873	1	886578	0.0000011
all	2874	1	886578	0.0000011
all	2880	1	886578	0.0000011
all	2881	1	886578	0.0000011
all	2882	1	886578	0.0000011
all	2883	1	886578	0.0000011
all	2885	1	886578	0.0000011
all	2886	1	886578	0.0000011
all	2888	1	886578	0.0000011
all	2889	2	886578	0.0000023
all	2890	2	886578	0.0000023
all	2891	2	886578	0.0000023
all	2893	3	886578	0.0000034
all	2896	1	886578	0.0000011
all	2897	1	886578	0.0000011
all	2898	1	886578	0.0000011
all	2899	2	886578	0.0000023
all	2900	2	886578	0.0000023
all	2901	1	886578	0.0000011
all	2902	1	886578	0.0000011
all	2903	2	886578	0.0000023
all	2904	3	886578	0.0000034
all	2905	2	886578	0.0000023
all	2906	1	886578	0.0000011
all	2907	1	886578	0.0000011
all	2908	1	886578	0.0000011
all	2909	1	886578	0.0000011
all	2911	1	886578	0.0000011
all	2912	1	886578	0.0000011
all	2914	2	886578	0.0000023
all	2915	3	886578	0.0000034
all	2916	1	886578	0.0000011
all	2918	2	886578	0.0000023
all	2919	2	886578	0.0000023
all	2921	2	886578	0.0000023
all	2922	1	886578	0.0000011
all	2923	4	886578	0.0000045
all	2924	2	886578	0.0000023
all	2925	2	886578	0.0000023
all	2926	1	886578	0.0000011
all	2929	1	886578	0.0000011
all	2930	1	886578	0.0000011
all	2931	1	886578	0.0000011
all	2932	1	886578	0.0000011
all	2935	2	886578	0.0000023
all	2938	2	886578	0.0000023
all	2939	2	886578	0.0000023
all	2940	2	886578	0.0000023
all	2942	2	886578	0.0000023
all	2943	2	886578	0.0000023
all	2945	2	886578	0.0000023
all	2946	3	886578	0.0000034
all	2947	1	886578	0.0000011
all	2949	1	886578	0.0000011
all	2951	1	886578	0.0000011
all	2952	2	886578	0.0000023
all	2954	1	886578	0.0000011
all	2955	2	886578	0.0000023
all	2957	1	886578	0.0000011
all	2958	1	886578	0.0000011
all	2959	2	886578	0.0000023
all	2962	1	886578	0.0000011
all	2963	1	886578	0.0000011
all	2965	1	886578	0.0000011
all	2967	1	886578	0.0000011
all	2968	1	886578	0.0000011
all	2969	1	886578	0.0000011
all	2970	2	886578	0.0000023
all	2971	1	886578	0.0000011
all	2973	1	886578	0.0000011
all	2974	1	886578	0.0000011
all	2976	1	886578	0.0000011
all	2978	2	886578	0.0000023
all	2979	1	886578	0.0000011
all	2980	1	886578	0.0000011
all	2983	1	886578	0.0000011
all	2984	1	886578	0.0000011
all	2985	1	886578	0.0000011
all	2986	2	886578	0.0000023
all	2987	2	886578	0.0000023
all	2988	2	886578	0.0000023
all	2990	1	886578	0.0000011
all	2991	2	886578	0.0000023
all	2992	1	886578	0.0000011
all	2993	2	886578	0.0000023
all	2994	1	886578	0.0000011
all	2995	1	886578	0.0000011
all	2996	1	886578	0.0000011
all	2997	1	886578	0.0000011
all	2998	2	886578	0.0000023
all	3000	1	886578	0.0000011
all	3004	1	886578	0.0000011
all	3005	2	886578	0.0000023
all	3006	1	886578	0.0000011
all	3007	3	886578	0.0000034
all	3008	2	886578	0.0000023
all	3009	3	886578	0.0000034
all	3010	1	886578	0.0000011
all	3011	2	886578	0.0000023
all	3012	1	886578	0.0000011
all	3013	2	886578	0.0000023
all	3014	2	886578	0.0000023
all	3017	3	886578	0.0000034
all	3018	2	886578	0.0000023
all	3019	1	886578	0.0000011
all	3020	2	886578	0.0000023
all	3022	3	886578	0.0000034
all	3024	1	886578	0.0000011
all	3025	2	886578	0.0000023
all	3026	5	886578	0.0000056
all	3027	1	886578	0.0000011
all	3029	1	886578	0.0000011
all	3030	1	886578	0.0000011
all	3031	1	886578	0.0000011
all	3032	2	886578	0.0000023
all	3033	1	886578	0.0000011
all	3034	2	886578	0.0000023
all	3035	2	886578	0.0000023
all	3036	3	886578	0.0000034
all	3037	1	886578	0.0000011
all	3038	2	886578	0.0000023
all	3040	2	886578	0.0000023
all	3041	3	886578	0.0000034
all	3042	5	886578	0.0000056
all	3044	1	886578	0.0000011
all	3045	2	886578	0.0000023
all	3046	1	886578	0.0000011
all	3048	2	886578	0.0000023
all	3049	2	886578	0.0000023
all	3050	1	886578	0.0000011
all	3051	3	886578	0.0000034
all	3053	2	886578	0.0000023
all	3054	1	886578	0.0000011
all	3055	1	886578	0.0000011
all	3056	1	886578	0.0000011
all	3058	2	886578	0.0000023
all	3059	2	886578	0.0000023
all	3061	2	886578	0.0000023
all	3062	1	886578	0.0000011
all	3063	2	886578	0.0000023
all	3064	2	886578	0.0000023
all	3065	1	886578	0.0000011
all	3066	2	886578	0.0000023
all	3067	1	886578	0.0000011
all	3069	1	886578	0.0000011
all	3071	1	886578	0.0000011
all	3072	1	886578	0.0000011
all	3074	2	886578	0.0000023
all	3075	1	886578	0.0000011
all	3076	1	886578	0.0000011
all	3077	2	886578	0.0000023
all	3078	2	886578	0.0000023
all	3079	1	886578	0.0000011
all	3082	1	886578	0.0000011
all	3083	2	886578	0.0000023
all	3085	1	886578	0.0000011
all	3087	3	886578	0.0000034
all	3090	2	886578	0.0000023
all	3092	1	886578	0.0000011
all	3093	2	886578	0.0000023
all	3094	2	886578	0.0000023
all	3095	2	886578	0.0000023
all	3096	2	886578	0.0000023
all	3097	3	886578	0.0000034
all	3098	2	886578	0.0000023
all	3100	2	886578	0.0000023
all	3101	2	886578	0.0000023
all	3102	1	886578	0.0000011
all	3104	1	886578	0.0000011
all	3105	2	886578	0.0000023
all	3106	3	886578	0.0000034
all	3107	1	886578	0.0000011
all	3108	1	886578	0.0000011
all	3110	2	886578	0.0000023
all	3111	1	886578	0.0000011
all	3112	1	886578	0.0000011
all	3114	1	886578	0.0000011
all	3116	3	886578	0.0000034
all	3118	4	886578	0.0000045
all	3119	2	886578	0.0000023
all	3120	1	886578	0.0000011
all	3121	2	886578	0.0000023
all	3124	1	886578	0.0000011
all	3125	2	886578	0.0000023
all	3126	1	886578	0.0000011
all	3127	2	886578	0.0000023
all	3128	1	886578	0.0000011
all	3130	2	886578	0.0000023
all	3132	1	886578	0.0000011
all	3134	1	886578	0.0000011
all	3135	1	886578	0.0000011
all	3136	4	886578	0.0000045
all	3137	1	886578	0.0000011
all	3138	2	886578	0.0000023
all	3140	1	886578	0.0000011
all	3142	1	886578	0.0000011
all	3143	1	886578	0.0000011
all	3144	2	886578	0.0000023
all	3145	2	886578	0.0000023
all	3146	1	886578	0.0000011
all	3147	3	886578	0.0000034
all	3148	1	886578	0.0000011
all	3150	1	886578	0.0000011
all	3152	1	886578	0.0000011
all	3154	1	886578	0.0000011
all	3156	1	886578	0.0000011
all	3157	3	886578	0.0000034
all	3158	1	886578	0.0000011
all	3159	2	886578	0.0000023
all	3161	2	886578	0.0000023
all	3164	1	886578	0.0000011
all	3165	1	886578	0.0000011
all	3167	1	886578	0.0000011
all	3172	2	886578	0.0000023
all	3173	1	886578	0.0000011
all	3174	2	886578	0.0000023
all	3175	3	886578	0.0000034
all	3176	2	886578	0.0000023
all	3177	1	886578	0.0000011
all	3178	1	886578	0.0000011
all	3179	2	886578	0.0000023
all	3181	2	886578	0.0000023
all	3184	3	886578	0.0000034
all	3185	1	886578	0.0000011
all	3186	1	886578	0.0000011
all	3189	2	886578	0.0000023
all	3190	1	886578	0.0000011
all	3191	1	886578	0.0000011
all	3192	2	886578	0.0000023
all	3193	1	886578	0.0000011
all	3194	2	886578	0.0000023
all	3197	1	886578	0.0000011
all	3199	1	886578	0.0000011
all	3200	1	886578	0.0000011
all	3201	1	886578	0.0000011
all	3202	2	886578	0.0000023
all	3203	1	886578	0.0000011
all	3204	1	886578	0.0000011
all	3205	3	886578	0.0000034
all	3206	1	886578	0.0000011
all	3207	1	886578	0.0000011
all	3208	1	886578	0.0000011
all	3209	4	886578	0.0000045
all	3210	1	886578	0.0000011
all	3214	1	886578	0.0000011
all	3215	2	886578	0.0000023
all	3216	1	886578	0.0000011
all	3218	5	886578	0.0000056
all	3219	3	886578	0.0000034
all	3220	1	886578	0.0000011
all	3221	2	886578	0.0000023
all	3222	1	886578	0.0000011
all	3223	2	886578	0.0000023
all	3225	3	886578	0.0000034
all	3226	1	886578	0.0000011
all	3228	4	886578	0.0000045
all	3229	2	886578	0.0000023
all	3231	2	886578	0.0000023
all	3232	1	886578	0.0000011
all	3233	1	886578	0.0000011
all	3234	3	886578	0.0000034
all	3235	1	886578	0.0000011
all	3236	1	886578	0.0000011
all	3237	1	886578	0.0000011
all	3238	4	886578	0.0000045
all	3240	2	886578	0.0000023
all	3242	3	886578	0.0000034
all	3243	3	886578	0.0000034
all	3244	2	886578	0.0000023
all	3245	1	886578	0.0000011
all	3249	1	886578	0.0000011
all	3250	1	886578	0.0000011
all	3251	1	886578	0.0000011
all	3252	2	886578	0.0000023
all	3253	1	886578	0.0000011
all	3254	1	886578	0.0000011
all	3256	3	886578	0.0000034
all	3259	1	886578	0.0000011
all	3260	1	886578	0.0000011
all	3261	1	886578	0.0000011
all	3262	1	886578	0.0000011
all	3263	3	886578	0.0000034
all	3264	1	886578	0.0000011
all	3265	2	886578	0.0000023
all	3266	3	886578	0.0000034
all	3267	1	886578	0.0000011
all	3271	4	886578	0.0000045
all	3272	1	886578	0.0000011
all	3273	4	886578	0.0000045
all	3274	1	886578	0.0000011
all	3275	2	886578	0.0000023
all	3276	1	886578	0.0000011
all	3277	1	886578	0.0000011
all	3278	3	886578	0.0000034
all	3279	3	886578	0.0000034
all	3282	1	886578	0.0000011
all	3283	2	886578	0.0000023
all	3284	2	886578	0.0000023
all	3286	1	886578	0.0000011
all	3287	1	886578	0.0000011
all	3288	2	886578	0.0000023
all	3289	1	886578	0.0000011
all	3290	2	886578	0.0000023
all	3291	1	886578	0.0000011
all	3292	2	886578	0.0000023
all	3294	2	886578	0.0000023
all	3295	2	886578	0.0000023
all	3296	1	886578	0.0000011
all	3297	4	886578	0.0000045
all	3298	1	886578	0.0000011
all	3299	1	886578	0.0000011
all	3300	4	886578	0.0000045
all	3301	1	886578	0.0000011
all	3302	5	886578	0.0000056
all	3304	3	886578	0.0000034
all	3306	4	886578	0.0000045
all	3308	3	886578	0.0000034
all	3310	1	886578	0.0000011
all	3311	4	886578	0.0000045
all	3312	1	886578	0.0000011
all	3314	5	886578	0.0000056
all	3315	4	886578	0.0000045
all	3316	4	886578	0.0000045
all	3317	3	886578	0.0000034
all	3318	5	886578	0.0000056
all	3319	3	886578	0.0000034
all	3320	3	886578	0.0000034
all	3321	2	886578	0.0000023
all	3322	1	886578	0.0000011
all	3323	3	886578	0.0000034
all	3325	1	886578	0.0000011
all	3326	1	886578	0.0000011
all	3327	1	886578	0.0000011
all	3328	1	886578	0.0000011
all	3329	1	886578	0.0000011
all	3330	1	886578	0.0000011
all	3332	2	886578	0.0000023
all	3334	1	886578	0.0000011
all	3335	2	886578	0.0000023
all	3336	1	886578	0.0000011
all	3337	1	886578	0.0000011
all	3339	1	886578	0.0000011
all	3342	1	886578	0.0000011
all	3343	2	886578	0.0000023
all	3344	2	886578	0.0000023
all	3345	2	886578	0.0000023
all	3346	1	886578	0.0000011
all	3347	3	886578	0.0000034
all	3352	4	886578	0.0000045
all	3353	3	886578	0.0000034
all	3354	1	886578	0.0000011
all	3355	1	886578	0.0000011
all	3358	2	886578	0.0000023
all	3361	4	886578	0.0000045
all	3362	3	886578	0.0000034
all	3363	2	886578	0.0000023
all	3364	2	886578	0.0000023
all	3365	4	886578	0.0000045
all	3367	1	886578	0.0000011
all	3368	1	886578	0.0000011
all	3369	1	886578	0.0000011
all	3370	1	886578	0.0000011
all	3371	1	886578	0.0000011
all	3373	1	886578	0.0000011
all	3374	1	886578	0.0000011
all	3376	1	886578	0.0000011
all	3378	1	886578	0.0000011
all	3380	1	886578	0.0000011
all	3381	1	886578	0.0000011
all	3383	2	886578	0.0000023
all	3384	1	886578	0.0000011
all	3385	1	886578	0.0000011
all	3386	1	886578	0.0000011
all	3389	2	886578	0.0000023
all	3390	1	886578	0.0000011
all	3391	1	886578	0.0000011
all	3392	1	886578	0.0000011
all	3393	2	886578	0.0000023
all	3394	1	886578	0.0000011
all	3396	2	886578	0.0000023
all	3398	1	886578	0.0000011
all	3399	1	886578	0.0000011
all	3400	1	886578	0.0000011
all	3401	1	886578	0.0000011
all	3403	1	886578	0.0000011
all	3405	1	886578	0.0000011
all	3407	1	886578	0.0000011
all	3408	1	886578	0.0000011
all	3409	2	886578	0.0000023
all	3411	1	886578	0.0000011
all	3413	1	886578	0.0000011
all	3414	1	886578	0.0000011
all	3415	1	886578	0.0000011
all	3416	1	886578	0.0000011
all	3418	1	886578	0.0000011
all	3419	2	886578	0.0000023
all	3422	2	886578	0.0000023
all	3423	1	886578	0.0000011
all	3424	1	886578	0.0000011
all	3425	1	886578	0.0000011
all	3426	1	886578	0.0000011
all	3428	1	886578	0.0000011
all	3430	2	886578	0.0000023
all	3434	1	886578	0.0000011
all	3437	1	886578	0.0000011
all	3438	2	886578	0.0000023
all	3439	1	886578	0.0000011
all	3440	1	886578	0.0000011
all	3443	2	886578	0.0000023
all	3444	1	886578	0.0000011
all	3445	1	886578	0.0000011
all	3446	1	886578	0.0000011
all	3449	1	886578	0.0000011
all	3450	3	886578	0.0000034
all	3451	2	886578	0.0000023
all	3452	3	886578	0.0000034
all	3453	1	886578	0.0000011
all	3460	1	886578	0.0000011
all	3461	1	886578	0.0000011
all	3463	1	886578	0.0000011
all	3464	2	886578	0.0000023
all	3465	2	886578	0.0000023
all	3467	2	886578	0.0000023
all	3468	1	886578	0.0000011
all	3470	7	886578	0.0000079
all	3471	1	886578	0.0000011
all	3472	1	886578	0.0000011
all	3473	2	886578	0.0000023
all	3474	1	886578	0.0000011
all	3476	1	886578	0.0000011
all	3477	1	886578	0.0000011
all	3478	2	886578	0.0000023
all	3479	2	886578	0.0000023
all	3480	5	886578	0.0000056
all	3482	3	886578	0.0000034
all	3483	2	886578	0.0000023
all	3485	2	886578	0.0000023
all	3486	1	886578	0.0000011
all	3487	2	886578	0.0000023
all	3488	1	886578	0.0000011
all	3489	2	886578	0.0000023
all	3490	2	886578	0.0000023
all	3491	2	886578	0.0000023
all	3492	4	886578	0.0000045
all	3493	4	886578	0.0000045
all	3494	3	886578	0.0000034
all	3495	2	886578	0.0000023
all	3497	3	886578	0.0000034
all	3498	1	886578	0.0000011
all	3499	1	886578	0.0000011
all	3501	1	886578	0.0000011
all	3502	1	886578	0.0000011
all	3503	1	886578	0.0000011
all	3504	1	886578	0.0000011
all	3505	1	886578	0.0000011
all	3506	2	886578	0.0000023
all	3508	1	886578	0.0000011
all	3509	1	886578	0.0000011
all	3513	1	886578	0.0000011
all	3514	3	886578	0.0000034
all	3515	1	886578	0.0000011
all	3517	1	886578	0.0000011
all	3520	2	886578	0.0000023
all	3522	2	886578	0.0000023
all	3523	1	886578	0.0000011
all	3527	1	886578	0.0000011
all	3532	2	886578	0.0000023
all	3533	1	886578	0.0000011
all	3538	2	886578	0.0000023
all	3539	2	886578	0.0000023
all	3542	1	886578	0.0000011
all	3543	1	886578	0.0000011
all	3546	1	886578	0.0000011
all	3547	1	886578	0.0000011
all	3550	1	886578	0.0000011
all	3551	3	886578	0.0000034
all	3552	2	886578	0.0000023
all	3553	2	886578	0.0000023
all	3555	1	886578	0.0000011
all	3556	1	886578	0.0000011
all	3557	2	886578	0.0000023
all	3559	1	886578	0.0000011
all	3563	1	886578	0.0000011
all	3564	1	886578	0.0000011
all	3566	1	886578	0.0000011
all	3568	1	886578	0.0000011
all	3569	1	886578	0.0000011
all	3570	1	886578	0.0000011
all	3574	1	886578	0.0000011
all	3579	1	886578	0.0000011
all	3581	2	886578	0.0000023
all	3582	1	886578	0.0000011
all	3584	5	886578	0.0000056
all	3585	1	886578	0.0000011
all	3586	1	886578	0.0000011
all	3587	1	886578	0.0000011
all	3588	2	886578	0.0000023
all	3590	3	886578	0.0000034
all	3592	2	886578	0.0000023
all	3596	2	886578	0.0000023
all	3599	2	886578	0.0000023
all	3600	4	886578	0.0000045
all	3603	2	886578	0.0000023
all	3604	1	886578	0.0000011
all	3609	1	886578	0.0000011
all	3611	1	886578	0.0000011
all	3614	2	886578	0.0000023
all	3615	1	886578	0.0000011
all	3616	1	886578	0.0000011
all	3618	1	886578	0.0000011
all	3619	2	886578	0.0000023
all	3620	4	886578	0.0000045
all	3623	2	886578	0.0000023
all	3628	1	886578	0.0000011
all	3629	1	886578	0.0000011
all	3630	2	886578	0.0000023
all	3632	3	886578	0.0000034
all	3635	1	886578	0.0000011
all	3637	1	886578	0.0000011
all	3638	1	886578	0.0000011
all	3641	1	886578	0.0000011
all	3642	1	886578	0.0000011
all	3643	2	886578	0.0000023
all	3646	1	886578	0.0000011
all	3656	1	886578	0.0000011
all	3662	1	886578	0.0000011
all	3666	3	886578	0.0000034
all	3669	1	886578	0.0000011
all	3670	1	886578	0.0000011
all	3673	1	886578	0.0000011
all	3674	2	886578	0.0000023
all	3676	1	886578	0.0000011
all	3680	2	886578	0.0000023
all	3681	1	886578	0.0000011
all	3683	1	886578	0.0000011
all	3685	1	886578	0.0000011
all	3687	1	886578	0.0000011
all	3688	1	886578	0.0000011
all	3689	3	886578	0.0000034
all	3690	1	886578	0.0000011
all	3691	1	886578	0.0000011
all	3692	1	886578	0.0000011
all	3696	1	886578	0.0000011
all	3698	3	886578	0.0000034
all	3699	1	886578	0.0000011
all	3700	1	886578	0.0000011
all	3703	2	886578	0.0000023
all	3707	1	886578	0.0000011
all	3713	1	886578	0.0000011
all	3716	1	886578	0.0000011
all	3719	1	886578	0.0000011
all	3721	1	886578	0.0000011
all	3722	1	886578	0.0000011
all	3723	1	886578	0.0000011
all	3727	1	886578	0.0000011
all	3729	1	886578	0.0000011
all	3734	1	886578	0.0000011
all	3735	1	886578	0.0000011
all	3737	1	886578	0.0000011
all	3741	1	886578	0.0000011
all	3742	1	886578	0.0000011
all	3743	2	886578	0.0000023
all	3744	1	886578	0.0000011
all	3745	1	886578	0.0000011
all	3747	1	886578	0.0000011
all	3750	1	886578	0.0000011
all	3751	3	886578	0.0000034
all	3753	3	886578	0.0000034
all	3754	2	886578	0.0000023
all	3756	1	886578	0.0000011
all	3758	1	886578	0.0000011
all	3759	1	886578	0.0000011
all	3760	1	886578	0.0000011
all	3761	2	886578	0.0000023
all	3763	2	886578	0.0000023
all	3764	2	886578	0.0000023
all	3765	1	886578	0.0000011
all	3766	3	886578	0.0000034
all	3767	1	886578	0.0000011
all	3769	1	886578	0.0000011
all	3770	3	886578	0.0000034
all	3771	2	886578	0.0000023
all	3772	1	886578	0.0000011
all	3773	1	886578	0.0000011
all	3774	1	886578	0.0000011
all	3776	1	886578	0.0000011
all	3777	1	886578	0.0000011
all	3779	4	886578	0.0000045
all	3780	3	886578	0.0000034
all	3781	2	886578	0.0000023
all	3782	2	886578	0.0000023
all	3784	1	886578	0.0000011
all	3786	2	886578	0.0000023
all	3787	1	886578	0.0000011
all	3788	3	886578	0.0000034
all	3789	4	886578	0.0000045
all	3790	1	886578	0.0000011
all	3791	1	886578	0.0000011
all	3793	2	886578	0.0000023
all	3794	1	886578	0.0000011
all	3795	1	886578	0.0000011
all	3796	1	886578	0.0000011
all	3801	3	886578	0.0000034
all	3802	3	886578	0.0000034
all	3803	1	886578	0.0000011
all	3811	1	886578	0.0000011
all	3812	1	886578	0.0000011
all	3813	1	886578	0.0000011
all	3815	2	886578	0.0000023
all	3816	2	886578	0.0000023
all	3818	1	886578	0.0000011
all	3819	1	886578	0.0000011
all	3822	1	886578	0.0000011
all	3823	1	886578	0.0000011
all	3826	1	886578	0.0000011
all	3831	2	886578	0.0000023
all	3832	1	886578	0.0000011
all	3833	1	886578	0.0000011
all	3838	1	886578	0.0000011
all	3842	2	886578	0.0000023
all	3847	2	886578	0.0000023
all	3850	2	886578	0.0000023
all	3854	1	886578	0.0000011
all	3855	3	886578	0.0000034
all	3860	1	886578	0.0000011
all	3861	2	886578	0.0000023
all	3863	1	886578	0.0000011
all	3865	3	886578	0.0000034
all	3867	1	886578	0.0000011
all	3868	1	886578	0.0000011
all	3872	2	886578	0.0000023
all	3873	2	886578	0.0000023
all	3874	1	886578	0.0000011
all	3876	2	886578	0.0000023
all	3881	2	886578	0.0000023
all	3884	2	886578	0.0000023
all	3885	1	886578	0.0000011
all	3887	2	886578	0.0000023
all	3891	1	886578	0.0000011
all	3892	1	886578	0.0000011
all	3896	1	886578	0.0000011
all	3897	1	886578	0.0000011
all	3899	2	886578	0.0000023
all	3902	1	886578	0.0000011
all	3907	1	886578	0.0000011
all	3908	2	886578	0.0000023
all	3909	1	886578	0.0000011
all	3910	1	886578	0.0000011
all	3912	1	886578	0.0000011
all	3913	2	886578	0.0000023
all	3915	1	886578	0.0000011
all	3916	1	886578	0.0000011
all	3917	2	886578	0.0000023
all	3919	1	886578	0.0000011
all	3920	1	886578	0.0000011
all	3921	3	886578	0.0000034
all	3927	1	886578	0.0000011
all	3930	3	886578	0.0000034
all	3937	1	886578	0.0000011
all	3939	1	886578	0.0000011
all	3940	1	886578	0.0000011
all	3942	1	886578	0.0000011
all	3943	1	886578	0.0000011
all	3944	1	886578	0.0000011
all	3945	1	886578	0.0000011
all	3946	2	886578	0.0000023
all	3948	4	886578	0.0000045
all	3949	2	886578	0.0000023
all	3950	1	886578	0.0000011
all	3952	1	886578	0.0000011
all	3954	1	886578	0.0000011
all	3955	1	886578	0.0000011
all	3956	1	886578	0.0000011
all	3960	1	886578	0.0000011
all	3961	1	886578	0.0000011
all	3963	1	886578	0.0000011
all	3965	1	886578	0.0000011
all	3966	1	886578	0.0000011
all	3970	2	886578	0.0000023
all	3971	1	886578	0.0000011
all	3972	2	886578	0.0000023
all	3974	1	886578	0.0000011
all	3975	2	886578	0.0000023
all	3976	1	886578	0.0000011
all	3977	1	886578	0.0000011
all	3978	3	886578	0.0000034
all	3979	1	886578	0.0000011
all	3981	1	886578	0.0000011
all	3983	1	886578	0.0000011
all	3984	1	886578	0.0000011
all	3989	1	886578	0.0000011
all	3990	1	886578	0.0000011
all	3992	2	886578	0.0000023
all	3994	2	886578	0.0000023
all	3997	1	886578	0.0000011
all	3998	2	886578	0.0000023
all	3999	1	886578	0.0000011
all	4000	2	886578	0.0000023
all	4001	1	886578	0.0000011
all	4005	2	886578	0.0000023
all	4007	1	886578	0.0000011
all	4009	2	886578	0.0000023
all	4011	2	886578	0.0000023
all	4020	1	886578	0.0000011
all	4021	3	886578	0.0000034
all	4025	3	886578	0.0000034
all	4029	1	886578	0.0000011
all	4030	1	886578	0.0000011
all	4034	1	886578	0.0000011
all	4037	1	886578	0.0000011
all	4040	2	886578	0.0000023
all	4041	3	886578	0.0000034
all	4042	1	886578	0.0000011
all	4044	1	886578	0.0000011
all	4046	4	886578	0.0000045
all	4047	1	886578	0.0000011
all	4048	1	886578	0.0000011
all	4049	1	886578	0.0000011
all	4050	1	886578	0.0000011
all	4051	2	886578	0.0000023
all	4052	2	886578	0.0000023
all	4054	1	886578	0.0000011
all	4055	1	886578	0.0000011
all	4056	1	886578	0.0000011
all	4057	2	886578	0.0000023
all	4058	1	886578	0.0000011
all	4061	2	886578	0.0000023
all	4062	1	886578	0.0000011
all	4063	1	886578	0.0000011
all	4064	2	886578	0.0000023
all	4066	1	886578	0.0000011
all	4067	1	886578	0.0000011
all	4070	1	886578	0.0000011
all	4071	1	886578	0.0000011
all	4072	1	886578	0.0000011
all	4075	1	886578	0.0000011
all	4077	1	886578	0.0000011
all	4078	1	886578	0.0000011
all	4079	1	886578	0.0000011
all	4080	1	886578	0.0000011
all	4081	2	886578	0.0000023
all	4082	1	886578	0.0000011
all	4083	1	886578	0.0000011
all	4084	1	886578	0.0000011
all	4086	2	886578	0.0000023
all	4088	1	886578	0.0000011
all	4091	1	886578	0.0000011
all	4094	1	886578	0.0000011
all	4095	1	886578	0.0000011
all	4096	1	886578	0.0000011
all	4097	1	886578	0.0000011
all	4098	1	886578	0.0000011
all	4102	3	886578	0.0000034
all	4105	1	886578	0.0000011
all	4108	2	886578	0.0000023
all	4109	2	886578	0.0000023
all	4110	1	886578	0.0000011
all	4111	1	886578	0.0000011
all	4114	2	886578	0.0000023
all	4116	1	886578	0.0000011
all	4120	1	886578	0.0000011
all	4126	2	886578	0.0000023
all	4127	1	886578	0.0000011
all	4128	2	886578	0.0000023
all	4130	1	886578	0.0000011
all	4133	2	886578	0.0000023
all	4134	1	886578	0.0000011
all	4138	1	886578	0.0000011
all	4139	1	886578	0.0000011
all	4141	1	886578	0.0000011
all	4142	4	886578	0.0000045
all	4143	1	886578	0.0000011
all	4144	1	886578	0.0000011
all	4145	4	886578	0.0000045
all	4147	1	886578	0.0000011
all	4149	1	886578	0.0000011
all	4151	1	886578	0.0000011
all	4153	1	886578	0.0000011
all	4154	1	886578	0.0000011
all	4156	1	886578	0.0000011
all	4157	1	886578	0.0000011
all	4159	1	886578	0.0000011
all	4160	1	886578	0.0000011
all	4161	3	886578	0.0000034
all	4163	1	886578	0.0000011
all	4164	3	886578	0.0000034
all	4166	1	886578	0.0000011
all	4167	1	886578	0.0000011
all	4170	2	886578	0.0000023
all	4171	2	886578	0.0000023
all	4172	3	886578	0.0000034
all	4173	2	886578	0.0000023
all	4174	1	886578	0.0000011
all	4176	1	886578	0.0000011
all	4177	3	886578	0.0000034
all	4178	3	886578	0.0000034
all	4179	1	886578	0.0000011
all	4182	2	886578	0.0000023
all	4183	1	886578	0.0000011
all	4184	2	886578	0.0000023
all	4185	2	886578	0.0000023
all	4186	2	886578	0.0000023
all	4187	1	886578	0.0000011
all	4188	1	886578	0.0000011
all	4190	1	886578	0.0000011
all	4191	2	886578	0.0000023
all	4192	1	886578	0.0000011
all	4193	1	886578	0.0000011
all	4195	2	886578	0.0000023
all	4200	1	886578	0.0000011
all	4201	2	886578	0.0000023
all	4202	1	886578	0.0000011
all	4203	1	886578	0.0000011
all	4204	1	886578	0.0000011
all	4205	1	886578	0.0000011
all	4206	1	886578	0.0000011
all	4207	1	886578	0.0000011
all	4209	2	886578	0.0000023
all	4210	2	886578	0.0000023
all	4211	3	886578	0.0000034
all	4212	2	886578	0.0000023
all	4213	4	886578	0.0000045
all	4215	1	886578	0.0000011
all	4216	1	886578	0.0000011
all	4219	1	886578	0.0000011
all	4221	2	886578	0.0000023
all	4222	1	886578	0.0000011
all	4223	1	886578	0.0000011
all	4224	2	886578	0.0000023
all	4225	1	886578	0.0000011
all	4226	1	886578	0.0000011
all	4228	1	886578	0.0000011
all	4229	1	886578	0.0000011
all	4230	1	886578	0.0000011
all	4231	3	886578	0.0000034
all	4234	1	886578	0.0000011
all	4236	2	886578	0.0000023
all	4242	2	886578	0.0000023
all	4243	1	886578	0.0000011
all	4244	2	886578	0.0000023
all	4245	1	886578	0.0000011
all	4247	1	886578	0.0000011
all	4249	3	886578	0.0000034
all	4252	1	886578	0.0000011
all	4253	1	886578	0.0000011
all	4254	1	886578	0.0000011
all	4256	1	886578	0.0000011
all	4257	2	886578	0.0000023
all	4260	3	886578	0.0000034
all	4262	1	886578	0.0000011
all	4263	2	886578	0.0000023
all	4264	1	886578	0.0000011
all	4265	2	886578	0.0000023
all	4266	1	886578	0.0000011
all	4267	1	886578	0.0000011
all	4268	4	886578	0.0000045
all	4269	1	886578	0.0000011
all	4271	1	886578	0.0000011
all	4274	1	886578	0.0000011
all	4276	1	886578	0.0000011
all	4277	1	886578	0.0000011
all	4278	1	886578	0.0000011
all	4279	1	886578	0.0000011
all	4281	1	886578	0.0000011
all	4282	3	886578	0.0000034
all	4283	2	886578	0.0000023
all	4288	1	886578	0.0000011
all	4289	2	886578	0.0000023
all	4290	3	886578	0.0000034
all	4291	2	886578	0.0000023
all	4292	1	886578	0.0000011
all	4293	2	886578	0.0000023
all	4294	1	886578	0.0000011
all	4296	1	886578	0.0000011
all	4297	1	886578	0.0000011
all	4303	1	886578	0.0000011
all	4304	3	886578	0.0000034
all	4305	2	886578	0.0000023
all	4308	4	886578	0.0000045
all	4309	1	886578	0.0000011
all	4310	2	886578	0.0000023
all	4312	1	886578	0.0000011
all	4314	1	886578	0.0000011
all	4316	3	886578	0.0000034
all	4317	1	886578	0.0000011
all	4318	1	886578	0.0000011
all	4319	1	886578	0.0000011
all	4320	1	886578	0.0000011
all	4322	1	886578	0.0000011
all	4323	2	886578	0.0000023
all	4325	2	886578	0.0000023
all	4326	2	886578	0.0000023
all	4327	1	886578	0.0000011
all	4328	2	886578	0.0000023
all	4329	1	886578	0.0000011
all	4330	2	886578	0.0000023
all	4331	2	886578	0.0000023
all	4332	1	886578	0.0000011
all	4333	2	886578	0.0000023
all	4334	1	886578	0.0000011
all	4335	1	886578	0.0000011
all	4336	2	886578	0.0000023
all	4337	1	886578	0.0000011
all	4338	4	886578	0.0000045
all	4339	1	886578	0.0000011
all	4340	1	886578	0.0000011
all	4341	3	886578	0.0000034
all	4342	1	886578	0.0000011
all	4343	4	886578	0.0000045
all	4344	2	886578	0.0000023
all	4345	1	886578	0.0000011
all	4346	2	886578	0.0000023
all	4347	1	886578	0.0000011
all	4349	3	886578	0.0000034
all	4350	3	886578	0.0000034
all	4355	3	886578	0.0000034
all	4356	1	886578	0.0000011
all	4359	1	886578	0.0000011
all	4360	1	886578	0.0000011
all	4361	2	886578	0.0000023
all	4363	1	886578	0.0000011
all	4364	1	886578	0.0000011
all	4366	1	886578	0.0000011
all	4367	1	886578	0.0000011
all	4369	1	886578	0.0000011
all	4370	1	886578	0.0000011
all	4371	3	886578	0.0000034
all	4373	2	886578	0.0000023
all	4374	1	886578	0.0000011
all	4375	1	886578	0.0000011
all	4376	3	886578	0.0000034
all	4377	3	886578	0.0000034
all	4378	2	886578	0.0000023
all	4379	3	886578	0.0000034
all	4381	2	886578	0.0000023
all	4382	1	886578	0.0000011
all	4383	1	886578	0.0000011
all	4384	3	886578	0.0000034
all	4388	1	886578	0.0000011
all	4389	1	886578	0.0000011
all	4390	2	886578	0.0000023
all	4391	1	886578	0.0000011
all	4392	3	886578	0.0000034
all	4394	2	886578	0.0000023
all	4395	1	886578	0.0000011
all	4396	2	886578	0.0000023
all	4400	2	886578	0.0000023
all	4401	2	886578	0.0000023
all	4402	1	886578	0.0000011
all	4403	1	886578	0.0000011
all	4404	5	886578	0.0000056
all	4405	2	886578	0.0000023
all	4406	1	886578	0.0000011
all	4408	1	886578	0.0000011
all	4412	1	886578	0.0000011
all	4414	1	886578	0.0000011
all	4415	1	886578	0.0000011
all	4418	2	886578	0.0000023
all	4419	1	886578	0.0000011
all	4420	1	886578	0.0000011
all	4421	1	886578	0.0000011
all	4422	1	886578	0.0000011
all	4425	2	886578	0.0000023
all	4426	2	886578	0.0000023
all	4428	2	886578	0.0000023
all	4429	1	886578	0.0000011
all	4430	1	886578	0.0000011
all	4431	1	886578	0.0000011
all	4432	4	886578	0.0000045
all	4434	1	886578	0.0000011
all	4436	3	886578	0.0000034
all	4437	1	886578	0.0000011
all	4438	1	886578	0.0000011
all	4439	1	886578	0.0000011
all	4440	2	886578	0.0000023
all	4441	1	886578	0.0000011
all	4444	2	886578	0.0000023
all	4445	1	886578	0.0000011
all	4446	2	886578	0.0000023
all	4449	2	886578	0.0000023
all	4450	2	886578	0.0000023
all	4451	1	886578	0.0000011
all	4453	1	886578	0.0000011
all	4455	2	886578	0.0000023
all	4456	1	886578	0.0000011
all	4457	2	886578	0.0000023
all	4458	4	886578	0.0000045
all	4459	3	886578	0.0000034
all	4460	2	886578	0.0000023
all	4461	1	886578	0.0000011
all	4462	1	886578	0.0000011
all	4467	1	886578	0.0000011
all	4468	2	886578	0.0000023
all	4469	1	886578	0.0000011
all	4470	1	886578	0.0000011
all	4472	1	886578	0.0000011
all	4475	1	886578	0.0000011
all	4476	1	886578	0.0000011
all	4481	1	886578	0.0000011
all	4482	2	886578	0.0000023
all	4484	2	886578	0.0000023
all	4486	2	886578	0.0000023
all	4488	1	886578	0.0000011
all	4490	2	886578	0.0000023
all	4491	2	886578	0.0000023
all	4492	1	886578	0.0000011
all	4494	2	886578	0.0000023
all	4495	1	886578	0.0000011
all	4500	1	886578	0.0000011
all	4501	2	886578	0.0000023
all	4503	1	886578	0.0000011
all	4504	3	886578	0.0000034
all	4505	1	886578	0.0000011
all	4506	1	886578	0.0000011
all	4507	1	886578	0.0000011
all	4508	3	886578	0.0000034
all	4509	2	886578	0.0000023
all	4512	2	886578	0.0000023
all	4513	2	886578	0.0000023
all	4515	1	886578	0.0000011
all	4516	2	886578	0.0000023
all	4517	1	886578	0.0000011
all	4518	1	886578	0.0000011
all	4519	3	886578	0.0000034
all	4520	2	886578	0.0000023
all	4524	2	886578	0.0000023
all	4525	2	886578	0.0000023
all	4528	2	886578	0.0000023
all	4530	1	886578	0.0000011
all	4532	1	886578	0.0000011
all	4533	1	886578	0.0000011
all	4534	3	886578	0.0000034
all	4535	1	886578	0.0000011
all	4537	2	886578	0.0000023
all	4538	4	886578	0.0000045
all	4540	1	886578	0.0000011
all	4541	1	886578	0.0000011
all	4546	2	886578	0.0000023
all	4547	2	886578	0.0000023
all	4548	1	886578	0.0000011
all	4551	2	886578	0.0000023
all	4555	1	886578	0.0000011
all	4557	1	886578	0.0000011
all	4558	1	886578	0.0000011
all	4560	1	886578	0.0000011
all	4563	2	886578	0.0000023
all	4566	2	886578	0.0000023
all	4567	3	886578	0.0000034
all	4568	1	886578	0.0000011
all	4570	1	886578	0.0000011
all	4572	1	886578	0.0000011
all	4575	1	886578	0.0000011
all	4576	1	886578	0.0000011
all	4577	1	886578	0.0000011
all	4578	2	886578	0.0000023
all	4580	1	886578	0.0000011
all	4581	1	886578	0.0000011
all	4582	1	886578	0.0000011
all	4583	1	886578	0.0000011
all	4585	1	886578	0.0000011
all	4592	1	886578	0.0000011
all	4594	1	886578	0.0000011
all	4596	2	886578	0.0000023
all	4597	1	886578	0.0000011
all	4598	1	886578	0.0000011
all	4602	2	886578	0.0000023
all	4609	1	886578	0.0000011
all	4611	2	886578	0.0000023
all	4612	3	886578	0.0000034
all	4613	1	886578	0.0000011
all	4614	1	886578	0.0000011
all	4617	1	886578	0.0000011
all	4618	1	886578	0.0000011
all	4621	1	886578	0.0000011
all	4622	1	886578	0.0000011
all	4623	1	886578	0.0000011
all	4624	1	886578	0.0000011
all	4625	1	886578	0.0000011
all	4627	2	886578	0.0000023
all	4628	2	886578	0.0000023
all	4637	1	886578	0.0000011
all	4640	1	886578	0.0000011
all	4642	1	886578	0.0000011
all	4644	3	886578	0.0000034
all	4646	1	886578	0.0000011
all	4647	2	886578	0.0000023
all	4648	1	886578	0.0000011
all	4649	3	886578	0.0000034
all	4650	1	886578	0.0000011
all	4651	1	886578	0.0000011
all	4652	1	886578	0.0000011
all	4653	2	886578	0.0000023
all	4654	2	886578	0.0000023
all	4656	1	886578	0.0000011
all	4658	1	886578	0.0000011
all	4659	1	886578	0.0000011
all	4660	1	886578	0.0000011
all	4663	2	886578	0.0000023
all	4664	4	886578	0.0000045
all	4667	1	886578	0.0000011
all	4668	1	886578	0.0000011
all	4669	1	886578	0.0000011
all	4671	1	886578	0.0000011
all	4674	2	886578	0.0000023
all	4675	2	886578	0.0000023
all	4676	1	886578	0.0000011
all	4678	2	886578	0.0000023
all	4684	1	886578	0.0000011
all	4688	1	886578	0.0000011
all	4690	1	886578	0.0000011
all	4691	2	886578	0.0000023
all	4692	1	886578	0.0000011
all	4694	1	886578	0.0000011
all	4696	2	886578	0.0000023
all	4697	1	886578	0.0000011
all	4702	1	886578	0.0000011
all	4704	1	886578	0.0000011
all	4706	1	886578	0.0000011
all	4707	1	886578	0.0000011
all	4708	2	886578	0.0000023
all	4719	1	886578	0.0000011
all	4720	1	886578	0.0000011
all	4721	1	886578	0.0000011
all	4722	2	886578	0.0000023
all	4725	1	886578	0.0000011
all	4729	1	886578	0.0000011
all	4731	1	886578	0.0000011
all	4734	1	886578	0.0000011
all	4735	1	886578	0.0000011
all	4739	1	886578	0.0000011
all	4741	1	886578	0.0000011
all	4744	1	886578	0.0000011
all	4745	1	886578	0.0000011
all	4746	1	886578	0.0000011
all	4748	2	886578	0.0000023
all	4750	2	886578	0.0000023
all	4751	1	886578	0.0000011
all	4753	2	886578	0.0000023
all	4754	1	886578	0.0000011
all	4759	2	886578	0.0000023
all	4761	1	886578	0.0000011
all	4762	1	886578	0.0000011
all	4766	1	886578	0.0000011
all	4767	1	886578	0.0000011
all	4772	2	886578	0.0000023
all	4773	1	886578	0.0000011
all	4774	2	886578	0.0000023
all	4775	1	886578	0.0000011
all	4777	1	886578	0.0000011
all	4779	1	886578	0.0000011
all	4782	1	886578	0.0000011
all	4783	1	886578	0.0000011
all	4784	1	886578	0.0000011
all	4788	1	886578	0.0000011
all	4790	1	886578	0.0000011
all	4791	1	886578	0.0000011
all	4793	4	886578	0.0000045
all	4795	1	886578	0.0000011
all	4799	1	886578	0.0000011
all	4800	2	886578	0.0000023
all	4802	1	886578	0.0000011
all	4804	1	886578	0.0000011
all	4812	1	886578	0.0000011
all	4813	1	886578	0.0000011
all	4822	1	886578	0.0000011
all	4836	1	886578	0.0000011
all	4838	2	886578	0.0000023
all	4839	2	886578	0.0000023
all	4841	1	886578	0.0000011
all	4843	1	886578	0.0000011
all	4844	2	886578	0.0000023
all	4845	1	886578	0.0000011
all	4852	1	886578	0.0000011
all	4857	1	886578	0.0000011
all	4860	1	886578	0.0000011
all	4861	2	886578	0.0000023
all	4868	1	886578	0.0000011
all	4872	1	886578	0.0000011
all	4875	1	886578	0.0000011
all	4888	1	886578	0.0000011
all	4889	2	886578	0.0000023
all	4890	1	886578	0.0000011
all	4892	1	886578	0.0000011
all	4898	1	886578	0.0000011
all	4902	1	886578	0.0000011
all	4904	2	886578	0.0000023
all	4910	1	886578	0.0000011
all	4917	1	886578	0.0000011
all	4918	1	886578	0.0000011
all	4921	1	886578	0.0000011
all	4922	1	886578	0.0000011
all	4924	1	886578	0.0000011
all	4930	1	886578	0.0000011
all	4932	1	886578	0.0000011
all	4933	1	886578	0.0000011
all	4935	2	886578	0.0000023
all	4936	1	886578	0.0000011
all	4937	1	886578	0.0000011
all	4940	1	886578	0.0000011
all	4942	2	886578	0.0000023
all	4944	1	886578	0.0000011
all	4945	1	886578	0.0000011
all	4951	1	886578	0.0000011
all	4954	1	886578	0.0000011
all	4960	1	886578	0.0000011
all	4962	1	886578	0.0000011
all	4963	2	886578	0.0000023
all	4968	1	886578	0.0000011
all	4969	1	886578	0.0000011
all	4972	3	886578	0.0000034
all	4976	1	886578	0.0000011
all	4978	1	886578	0.0000011
all	4979	1	886578	0.0000011
all	4980	1	886578	0.0000011
all	4983	1	886578	0.0000011
all	4984	1	886578	0.0000011
all	4991	1	886578	0.0000011
all	4992	1	886578	0.0000011
all	4994	1	886578	0.0000011
all	4996	1	886578	0.0000011
all	4997	1	886578	0.0000011
all	4999	1	886578	0.0000011
all	5002	1	886578	0.0000011
all	5008	1	886578	0.0000011
all	5015	1	886578	0.0000011
all	5020	1	886578	0.0000011
all	5021	1	886578	0.0000011
all	5024	1	886578	0.0000011
all	5025	2	886578	0.0000023
all	5028	1	886578	0.0000011
all	5033	1	886578	0.0000011
all	5035	1	886578	0.0000011
all	5037	2	886578	0.0000023
all	5038	1	886578	0.0000011
all	5044	2	886578	0.0000023
all	5045	1	886578	0.0000011
all	5048	1	886578	0.0000011
all	5050	1	886578	0.0000011
all	5055	1	886578	0.0000011
all	5057	1	886578	0.0000011
all	5061	1	886578	0.0000011
all	5062	1	886578	0.0000011
all	5063	2	886578	0.0000023
all	5064	1	886578	0.0000011
all	5065	1	886578	0.0000011
all	5073	1	886578	0.0000011
all	5075	1	886578	0.0000011
all	5082	1	886578	0.0000011
all	5084	1	886578	0.0000011
all	5086	2	886578	0.0000023
all	5088	1	886578	0.0000011
all	5091	1	886578	0.0000011
all	5092	1	886578	0.0000011
all	5093	1	886578	0.0000011
all	5094	2	886578	0.0000023
all	5097	1	886578	0.0000011
all	5103	3	886578	0.0000034
all	5104	1	886578	0.0000011
all	5107	1	886578	0.0000011
all	5108	2	886578	0.0000023
all	5113	2	886578	0.0000023
all	5117	1	886578	0.0000011
all	5123	2	886578	0.0000023
all	5124	1	886578	0.0000011
all	5125	1	886578	0.0000011
all	5126	1	886578	0.0000011
all	5128	1	886578	0.0000011
all	5132	1	886578	0.0000011
all	5133	2	886578	0.0000023
all	5135	1	886578	0.0000011
all	5139	1	886578	0.0000011
all	5140	1	886578	0.0000011
all	5141	1	886578	0.0000011
all	5149	1	886578	0.0000011
all	5152	1	886578	0.0000011
all	5155	1	886578	0.0000011
all	5157	1	886578	0.0000011
all	5158	1	886578	0.0000011
all	5160	1	886578	0.0000011
all	5161	1	886578	0.0000011
all	5163	1	886578	0.0000011
all	5166	1	886578	0.0000011
all	5173	1	886578	0.0000011
all	5176	1	886578	0.0000011
all	5177	1	886578	0.0000011
all	5180	2	886578	0.0000023
all	5189	1	886578	0.0000011
all	5190	1	886578	0.0000011
all	5194	1	886578	0.0000011
all	5195	1	886578	0.0000011
all	5198	1	886578	0.0000011
all	5201	1	886578	0.0000011
all	5202	1	886578	0.0000011
all	5207	1	886578	0.0000011
all	5213	1	886578	0.0000011
all	5214	1	886578	0.0000011
all	5218	1	886578	0.0000011
all	5222	1	886578	0.0000011
all	5227	1	886578	0.0000011
all	5230	1	886578	0.0000011
all	5235	2	886578	0.0000023
all	5239	1	886578	0.0000011
all	5243	1	886578	0.0000011
all	5255	2	886578	0.0000023
all	5256	1	886578	0.0000011
all	5264	1	886578	0.0000011
all	5265	1	886578	0.0000011
all	5266	1	886578	0.0000011
all	5267	1	886578	0.0000011
all	5271	1	886578	0.0000011
all	5275	1	886578	0.0000011
all	5276	1	886578	0.0000011
all	5278	1	886578	0.0000011
all	5280	2	886578	0.0000023
all	5282	1	886578	0.0000011
all	5283	1	886578	0.0000011
all	5284	1	886578	0.0000011
all	5289	1	886578	0.0000011
all	5291	1	886578	0.0000011
all	5294	1	886578	0.0000011
all	5295	1	886578	0.0000011
all	5302	1	886578	0.0000011
all	5306	1	886578	0.0000011
all	5310	1	886578	0.0000011
all	5311	1	886578	0.0000011
all	5320	1	886578	0.0000011
all	5323	1	886578	0.0000011
all	5326	1	886578	0.0000011
all	5327	2	886578	0.0000023
all	5329	1	886578	0.0000011
all	5331	1	886578	0.0000011
all	5334	1	886578	0.0000011
all	5341	1	886578	0.0000011
all	5342	1	886578	0.0000011
all	5343	2	886578	0.0000023
all	5344	1	886578	0.0000011
all	5345	1	886578	0.0000011
all	5347	1	886578	0.0000011
all	5350	1	886578	0.0000011
all	5353	1	886578	0.0000011
all	5354	2	886578	0.0000023
all	5360	1	886578	0.0000011
all	5362	1	886578	0.0000011
all	5365	2	886578	0.0000023
all	5366	1	886578	0.0000011
all	5374	2	886578	0.0000023
all	5387	1	886578	0.0000011
all	5392	1	886578	0.0000011
all	5402	1	886578	0.0000011
all	5403	1	886578	0.0000011
all	5404	1	886578	0.0000011
all	5406	1	886578	0.0000011
all	5407	2	886578	0.0000023
all	5412	1	886578	0.0000011
all	5414	1	886578	0.0000011
all	5419	1	886578	0.0000011
all	5420	1	886578	0.0000011
all	5421	2	886578	0.0000023
all	5422	1	886578	0.0000011
all	5424	1	886578	0.0000011
all	5425	1	886578	0.0000011
all	5433	1	886578	0.0000011
all	5437	1	886578	0.0000011
all	5442	2	886578	0.0000023
all	5450	2	886578	0.0000023
all	5451	1	886578	0.0000011
all	5456	1	886578	0.0000011
all	5465	1	886578	0.0000011
all	5467	1	886578	0.0000011
all	5468	2	886578	0.0000023
all	5469	2	886578	0.0000023
all	5474	1	886578	0.0000011
all	5475	1	886578	0.0000011
all	5476	1	886578	0.0000011
all	5478	1	886578	0.0000011
all	5480	2	886578	0.0000023
all	5483	1	886578	0.0000011
all	5489	1	886578	0.0000011
all	5491	1	886578	0.0000011
all	5493	1	886578	0.0000011
all	5497	1	886578	0.0000011
all	5499	1	886578	0.0000011
all	5500	1	886578	0.0000011
all	5508	1	886578	0.0000011
all	5511	1	886578	0.0000011
all	5514	1	886578	0.0000011
all	5517	1	886578	0.0000011
all	5518	1	886578	0.0000011
all	5521	1	886578	0.0000011
all	5525	1	886578	0.0000011
all	5527	1	886578	0.0000011
all	5528	1	886578	0.0000011
all	5529	1	886578	0.0000011
all	5531	1	886578	0.0000011
all	5532	2	886578	0.0000023
all	5533	2	886578	0.0000023
all	5534	1	886578	0.0000011
all	5535	1	886578	0.0000011
all	5536	2	886578	0.0000023
all	5542	1	886578	0.0000011
all	5545	1	886578	0.0000011
all	5548	1	886578	0.0000011
all	5549	1	886578	0.0000011
all	5554	1	886578	0.0000011
all	5556	2	886578	0.0000023
all	5559	2	886578	0.0000023
all	5566	1	886578	0.0000011
all	5568	1	886578	0.0000011
all	5577	2	886578	0.0000023
all	5583	1	886578	0.0000011
all	5584	1	886578	0.0000011
all	5585	2	886578	0.0000023
all	5588	1	886578	0.0000011
all	5589	2	886578	0.0000023
all	5592	1	886578	0.0000011
all	5598	1	886578	0.0000011
all	5599	1	886578	0.0000011
all	5600	2	886578	0.0000023
all	5603	1	886578	0.0000011
all	5604	1	886578	0.0000011
all	5605	2	886578	0.0000023
all	5606	2	886578	0.0000023
all	5607	2	886578	0.0000023
all	5608	1	886578	0.0000011
all	5609	7	886578	0.0000079
all	5610	1	886578	0.0000011
all	5611	2	886578	0.0000023
all	5612	2	886578	0.0000023
all	5613	2	886578	0.0000023
all	5614	2	886578	0.0000023
all	5615	2	886578	0.0000023
all	5617	2	886578	0.0000023
all	5620	2	886578	0.0000023
all	5621	1	886578	0.0000011
all	5622	2	886578	0.0000023
all	5626	1	886578	0.0000011
all	5627	2	886578	0.0000023
all	5629	1	886578	0.0000011
all	5633	1	886578	0.0000011
all	5636	1	886578	0.0000011
all	5639	1	886578	0.0000011
all	5640	1	886578	0.0000011
all	5647	1	886578	0.0000011
all	5648	2	886578	0.0000023
all	5649	2	886578	0.0000023
all	5651	1	886578	0.0000011
all	5654	2	886578	0.0000023
all	5656	1	886578	0.0000011
all	5657	1	886578	0.0000011
all	5658	1	886578	0.0000011
all	5660	3	886578	0.0000034
all	5662	2	886578	0.0000023
all	5665	1	886578	0.0000011
all	5668	1	886578	0.0000011
all	5669	1	886578	0.0000011
all	5671	3	886578	0.0000034
all	5679	1	886578	0.0000011
all	5683	1	886578	0.0000011
all	5684	1	886578	0.0000011
all	5685	1	886578	0.0000011
all	5687	1	886578	0.0000011
all	5688	1	886578	0.0000011
all	5691	1	886578	0.0000011
all	5696	1	886578	0.0000011
all	5698	1	886578	0.0000011
all	5699	2	886578	0.0000023
all	5700	1	886578	0.0000011
all	5702	1	886578	0.0000011
all	5704	2	886578	0.0000023
all	5706	1	886578	0.0000011
all	5707	1	886578	0.0000011
all	5709	1	886578	0.0000011
all	5711	1	886578	0.0000011
all	5712	1	886578	0.0000011
all	5715	2	886578	0.0000023
all	5717	1	886578	0.0000011
all	5719	1	886578	0.0000011
all	5726	1	886578	0.0000011
all	5728	1	886578	0.0000011
all	5730	1	886578	0.0000011
all	5734	1	886578	0.0000011
all	5736	1	886578	0.0000011
all	5737	1	886578	0.0000011
all	5739	1	886578	0.0000011
all	5742	1	886578	0.0000011
all	5748	3	886578	0.0000034
all	5749	1	886578	0.0000011
all	5750	1	886578	0.0000011
all	5752	1	886578	0.0000011
all	5754	1	886578	0.0000011
all	5757	1	886578	0.0000011
all	5758	1	886578	0.0000011
all	5759	1	886578	0.0000011
all	5760	1	886578	0.0000011
all	5763	1	886578	0.0000011
all	5764	1	886578	0.0000011
all	5766	1	886578	0.0000011
all	5771	1	886578	0.0000011
all	5772	1	886578	0.0000011
all	5777	1	886578	0.0000011
all	5781	2	886578	0.0000023
all	5783	1	886578	0.0000011
all	5785	1	886578	0.0000011
all	5786	1	886578	0.0000011
all	5789	1	886578	0.0000011
all	5791	1	886578	0.0000011
all	5793	1	886578	0.0000011
all	5795	1	886578	0.0000011
all	5797	1	886578	0.0000011
all	5798	1	886578	0.0000011
all	5802	3	886578	0.0000034
all	5805	2	886578	0.0000023
all	5810	1	886578	0.0000011
all	5811	1	886578	0.0000011
all	5817	1	886578	0.0000011
all	5820	2	886578	0.0000023
all	5825	1	886578	0.0000011
all	5829	1	886578	0.0000011
all	5834	1	886578	0.0000011
all	5835	1	886578	0.0000011
all	5840	2	886578	0.0000023
all	5843	3	886578	0.0000034
all	5849	1	886578	0.0000011
all	5851	1	886578	0.0000011
all	5853	2	886578	0.0000023
all	5856	1	886578	0.0000011
all	5857	1	886578	0.0000011
all	5858	1	886578	0.0000011
all	5859	2	886578	0.0000023
all	5865	2	886578	0.0000023
all	5867	1	886578	0.0000011
all	5869	1	886578	0.0000011
all	5872	2	886578	0.0000023
all	5873	1	886578	0.0000011
all	5875	1	886578	0.0000011
all	5881	2	886578	0.0000023
all	5882	1	886578	0.0000011
all	5883	2	886578	0.0000023
all	5884	1	886578	0.0000011
all	5886	3	886578	0.0000034
all	5890	1	886578	0.0000011
all	5891	1	886578	0.0000011
all	5892	1	886578	0.0000011
all	5897	1	886578	0.0000011
all	5899	2	886578	0.0000023
all	5900	3	886578	0.0000034
all	5902	1	886578	0.0000011
all	5905	1	886578	0.0000011
all	5907	1	886578	0.0000011
all	5909	3	886578	0.0000034
all	5911	1	886578	0.0000011
all	5914	1	886578	0.0000011
all	5920	1	886578	0.0000011
all	5922	1	886578	0.0000011
all	5923	1	886578	0.0000011
all	5926	1	886578	0.0000011
all	5929	3	886578	0.0000034
all	5931	1	886578	0.0000011
all	5935	1	886578	0.0000011
all	5939	1	886578	0.0000011
all	5941	1	886578	0.0000011
all	5942	1	886578	0.0000011
all	5944	2	886578	0.0000023
all	5947	1	886578	0.0000011
all	5949	1	886578	0.0000011
all	5950	2	886578	0.0000023
all	5952	1	886578	0.0000011
all	5954	1	886578	0.0000011
all	5955	1	886578	0.0000011
all	5957	2	886578	0.0000023
all	5959	2	886578	0.0000023
all	5961	1	886578	0.0000011
all	5966	2	886578	0.0000023
all	5977	1	886578	0.0000011
all	5980	1	886578	0.0000011
all	5981	1	886578	0.0000011
all	5984	1	886578	0.0000011
all	5989	2	886578	0.0000023
all	5990	1	886578	0.0000011
all	5994	1	886578	0.0000011
all	5997	2	886578	0.0000023
all	6000	1	886578	0.0000011
all	6003	2	886578	0.0000023
all	6007	1	886578	0.0000011
all	6010	1	886578	0.0000011
all	6011	2	886578	0.0000023
all	6013	1	886578	0.0000011
all	6017	1	886578	0.0000011
all	6018	1	886578	0.0000011
all	6019	2	886578	0.0000023
all	6028	1	886578	0.0000011
all	6031	1	886578	0.0000011
all	6032	1	886578	0.0000011
all	6033	1	886578	0.0000011
all	6037	1	886578	0.0000011
all	6042	2	886578	0.0000023
all	6046	2	886578	0.0000023
all	6049	1	886578	0.0000011
all	6050	1	886578	0.0000011
all	6052	1	886578	0.0000011
all	6058	2	886578	0.0000023
all	6060	1	886578	0.0000011
all	6067	2	886578	0.0000023
all	6069	1	886578	0.0000011
all	6074	1	886578	0.0000011
all	6075	1	886578	0.0000011
all	6077	1	886578	0.0000011
all	6078	1	886578	0.0000011
all	6082	2	886578	0.0000023
all	6085	1	886578	0.0000011
all	6086	1	886578	0.0000011
all	6087	2	886578	0.0000023
all	6091	1	886578	0.0000011
all	6093	2	886578	0.0000023
all	6094	1	886578	0.0000011
all	6095	1	886578	0.0000011
all	6099	1	886578	0.0000011
all	6112	1	886578	0.0000011
all	6119	1	886578	0.0000011
all	6124	1	886578	0.0000011
all	6126	2	886578	0.0000023
all	6129	1	886578	0.0000011
all	6131	1	886578	0.0000011
all	6132	1	886578	0.0000011
all	6134	1	886578	0.0000011
all	6136	1	886578	0.0000011
all	6138	1	886578	0.0000011
all	6143	1	886578	0.0000011
all	6144	1	886578	0.0000011
all	6146	1	886578	0.0000011
all	6149	1	886578	0.0000011
all	6153	1	886578	0.0000011
all	6154	1	886578	0.0000011
all	6155	1	886578	0.0000011
all	6159	1	886578	0.0000011
all	6160	1	886578	0.0000011
all	6163	1	886578	0.0000011
all	6167	1	886578	0.0000011
all	6174	1	886578	0.0000011
all	6178	2	886578	0.0000023
all	6184	2	886578	0.0000023
all	6186	1	886578	0.0000011
all	6193	1	886578	0.0000011
all	6195	1	886578	0.0000011
all	6196	1	886578	0.0000011
all	6197	1	886578	0.0000011
all	6198	1	886578	0.0000011
all	6200	1	886578	0.0000011
all	6203	1	886578	0.0000011
all	6209	2	886578	0.0000023
all	6212	1	886578	0.0000011
all	6214	2	886578	0.0000023
all	6215	1	886578	0.0000011
all	6216	1	886578	0.0000011
all	6220	2	886578	0.0000023
all	6222	1	886578	0.0000011
all	6225	1	886578	0.0000011
all	6227	1	886578	0.0000011
all	6228	2	886578	0.0000023
all	6233	1	886578	0.0000011
all	6235	1	886578	0.0000011
all	6236	1	886578	0.0000011
all	6237	1	886578	0.0000011
all	6239	3	886578	0.0000034
all	6246	1	886578	0.0000011
all	6247	1	886578	0.0000011
all	6248	1	886578	0.0000011
all	6249	1	886578	0.0000011
all	6251	1	886578	0.0000011
all	6252	1	886578	0.0000011
all	6253	1	886578	0.0000011
all	6255	2	886578	0.0000023
all	6257	1	886578	0.0000011
all	6259	1	886578	0.0000011
all	6264	1	886578	0.0000011
all	6269	1	886578	0.0000011
all	6271	1	886578	0.0000011
all	6273	2	886578	0.0000023
all	6274	1	886578	0.0000011
all	6275	1	886578	0.0000011
all	6276	2	886578	0.0000023
all	6279	1	886578	0.0000011
all	6282	1	886578	0.0000011
all	6285	1	886578	0.0000011
all	6286	2	886578	0.0000023
all	6287	2	886578	0.0000023
all	6292	1	886578	0.0000011
all	6293	1	886578	0.0000011
all	6294	1	886578	0.0000011
all	6298	1	886578	0.0000011
all	6300	1	886578	0.0000011
all	6301	3	886578	0.0000034
all	6302	2	886578	0.0000023
all	6303	2	886578	0.0000023
all	6306	1	886578	0.0000011
all	6307	1	886578	0.0000011
all	6308	1	886578	0.0000011
all	6310	1	886578	0.0000011
all	6315	1	886578	0.0000011
all	6318	2	886578	0.0000023
all	6322	3	886578	0.0000034
all	6323	1	886578	0.0000011
all	6325	1	886578	0.0000011
all	6326	1	886578	0.0000011
all	6327	1	886578	0.0000011
all	6328	2	886578	0.0000023
all	6330	1	886578	0.0000011
all	6333	1	886578	0.0000011
all	6335	2	886578	0.0000023
all	6336	1	886578	0.0000011
all	6340	1	886578	0.0000011
all	6342	1	886578	0.0000011
all	6343	1	886578	0.0000011
all	6345	1	886578	0.0000011
all	6346	2	886578	0.0000023
all	6347	2	886578	0.0000023
all	6350	1	886578	0.0000011
all	6352	1	886578	0.0000011
all	6353	1	886578	0.0000011
all	6355	1	886578	0.0000011
all	6357	1	886578	0.0000011
all	6358	2	886578	0.0000023
all	6359	2	886578	0.0000023
all	6363	2	886578	0.0000023
all	6364	1	886578	0.0000011
all	6365	1	886578	0.0000011
all	6367	1	886578	0.0000011
all	6369	3	886578	0.0000034
all	6373	1	886578	0.0000011
all	6377	1	886578	0.0000011
all	6379	1	886578	0.0000011
all	6381	4	886578	0.0000045
all	6383	3	886578	0.0000034
all	6391	1	886578	0.0000011
all	6392	2	886578	0.0000023
all	6395	1	886578	0.0000011
all	6400	2	886578	0.0000023
all	6401	1	886578	0.0000011
all	6402	1	886578	0.0000011
all	6404	1	886578	0.0000011
all	6406	1	886578	0.0000011
all	6408	1	886578	0.0000011
all	6411	1	886578	0.0000011
all	6413	1	886578	0.0000011
all	6414	1	886578	0.0000011
all	6415	1	886578	0.0000011
all	6418	1	886578	0.0000011
all	6419	1	886578	0.0000011
all	6422	1	886578	0.0000011
all	6426	1	886578	0.0000011
all	6427	1	886578	0.0000011
all	6434	1	886578	0.0000011
all	6435	1	886578	0.0000011
all	6437	2	886578	0.0000023
all	6440	1	886578	0.0000011
all	6451	1	886578	0.0000011
all	6461	1	886578	0.0000011
all	6463	1	886578	0.0000011
all	6464	2	886578	0.0000023
all	6470	1	886578	0.0000011
all	6482	1	886578	0.0000011
all	6490	1	886578	0.0000011
all	6491	1	886578	0.0000011
all	6492	1	886578	0.0000011
all	6493	1	886578	0.0000011
all	6495	1	886578	0.0000011
all	6497	1	886578	0.0000011
all	6499	1	886578	0.0000011
all	6505	1	886578	0.0000011
all	6510	1	886578	0.0000011
all	6512	2	886578	0.0000023
all	6521	1	886578	0.0000011
all	6522	1	886578	0.0000011
all	6527	1	886578	0.0000011
all	6528	1	886578	0.0000011
all	6542	1	886578	0.0000011
all	6547	1	886578	0.0000011
all	6548	1	886578	0.0000011
all	6553	1	886578	0.0000011
all	6558	1	886578	0.0000011
all	6560	1	886578	0.0000011
all	6563	1	886578	0.0000011
all	6566	1	886578	0.0000011
all	6570	1	886578	0.0000011
all	6576	1	886578	0.0000011
all	6578	1	886578	0.0000011
all	6582	1	886578	0.0000011
all	6588	1	886578	0.0000011
all	6589	1	886578	0.0000011
all	6590	1	886578	0.0000011
all	6591	1	886578	0.0000011
all	6595	1	886578	0.0000011
all	6600	1	886578	0.0000011
all	6607	1	886578	0.0000011
all	6609	1	886578	0.0000011
all	6611	1	886578	0.0000011
all	6612	1	886578	0.0000011
all	6613	1	886578	0.0000011
all	6614	1	886578	0.0000011
all	6622	1	886578	0.0000011
all	6623	1	886578	0.0000011
all	6629	1	886578	0.0000011
all	6630	1	886578	0.0000011
all	6637	1	886578	0.0000011
all	6638	1	886578	0.0000011
all	6645	1	886578	0.0000011
all	6646	1	886578	0.0000011
all	6651	1	886578	0.0000011
all	6665	1	886578	0.0000011
all	6668	1	886578	0.0000011
all	6669	4	886578	0.0000045
all	6670	1	886578	0.0000011
all	6683	1	886578	0.0000011
all	6695	1	886578	0.0000011
all	6698	1	886578	0.0000011
all	6702	1	886578	0.0000011
all	6709	1	886578	0.0000011
all	6712	1	886578	0.0000011
all	6714	1	886578	0.0000011
all	6716	1	886578	0.0000011
all	6726	1	886578	0.0000011
all	6729	1	886578	0.0000011
all	6730	1	886578	0.0000011
all	6732	1	886578	0.0000011
all	6735	1	886578	0.0000011
all	6738	2	886578	0.0000023
all	6741	2	886578	0.0000023
all	6745	1	886578	0.0000011
all	6748	2	886578	0.0000023
all	6749	1	886578	0.0000011
all	6750	2	886578	0.0000023
all	6753	1	886578	0.0000011
all	6757	1	886578	0.0000011
all	6761	1	886578	0.0000011
all	6765	1	886578	0.0000011
all	6770	1	886578	0.0000011
all	6771	1	886578	0.0000011
all	6772	1	886578	0.0000011
all	6773	1	886578	0.0000011
all	6774	1	886578	0.0000011
all	6788	1	886578	0.0000011
all	6793	1	886578	0.0000011
all	6802	1	886578	0.0000011
all	6811	1	886578	0.0000011
all	6814	1	886578	0.0000011
all	6816	2	886578	0.0000023
all	6825	1	886578	0.0000011
all	6829	1	886578	0.0000011
all	6830	1	886578	0.0000011
all	6833	1	886578	0.0000011
all	6837	1	886578	0.0000011
all	6842	1	886578	0.0000011
all	6845	1	886578	0.0000011
all	6847	2	886578	0.0000023
all	6852	1	886578	0.0000011
all	6856	1	886578	0.0000011
all	6858	1	886578	0.0000011
all	6860	1	886578	0.0000011
all	6861	1	886578	0.0000011
all	6864	1	886578	0.0000011
all	6871	1	886578	0.0000011
all	6873	1	886578	0.0000011
all	6874	1	886578	0.0000011
all	6877	1	886578	0.0000011
all	6878	1	886578	0.0000011
all	6880	1	886578	0.0000011
all	6881	1	886578	0.0000011
all	6882	1	886578	0.0000011
all	6892	1	886578	0.0000011
all	6894	1	886578	0.0000011
all	6895	2	886578	0.0000023
all	6899	1	886578	0.0000011
all	6903	1	886578	0.0000011
all	6904	1	886578	0.0000011
all	6907	1	886578	0.0000011
all	6909	1	886578	0.0000011
all	6913	1	886578	0.0000011
all	6918	1	886578	0.0000011
all	6926	1	886578	0.0000011
all	6928	1	886578	0.0000011
all	6931	1	886578	0.0000011
all	6932	1	886578	0.0000011
all	6937	1	886578	0.0000011
all	6943	1	886578	0.0000011
all	6944	2	886578	0.0000023
all	6951	1	886578	0.0000011
all	6953	1	886578	0.0000011
all	6959	1	886578	0.0000011
all	6966	1	886578	0.0000011
all	6967	1	886578	0.0000011
all	6968	1	886578	0.0000011
all	6969	1	886578	0.0000011
all	6973	1	886578	0.0000011
all	6977	2	886578	0.0000023
all	6978	1	886578	0.0000011
all	6981	1	886578	0.0000011
all	6985	2	886578	0.0000023
all	6986	2	886578	0.0000023
all	6987	1	886578	0.0000011
all	6992	1	886578	0.0000011
all	6993	1	886578	0.0000011
all	7000	1	886578	0.0000011
all	7010	1	886578	0.0000011
all	7015	1	886578	0.0000011
all	7016	1	886578	0.0000011
all	7017	1	886578	0.0000011
all	7020	1	886578	0.0000011
all	7023	1	886578	0.0000011
all	7028	1	886578	0.0000011
all	7034	2	886578	0.0000023
all	7040	2	886578	0.0000023
all	7041	2	886578	0.0000023
all	7044	1	886578	0.0000011
all	7045	1	886578	0.0000011
all	7051	1	886578	0.0000011
all	7052	1	886578	0.0000011
all	7055	1	886578	0.0000011
all	7056	1	886578	0.0000011
all	7058	2	886578	0.0000023
all	7059	1	886578	0.0000011
all	7062	1	886578	0.0000011
all	7065	1	886578	0.0000011
all	7067	1	886578	0.0000011
all	7075	3	886578	0.0000034
all	7077	1	886578	0.0000011
all	7078	2	886578	0.0000023
all	7080	1	886578	0.0000011
all	7082	1	886578	0.0000011
all	7084	1	886578	0.0000011
all	7086	1	886578	0.0000011
all	7088	1	886578	0.0000011
all	7089	1	886578	0.0000011
all	7090	1	886578	0.0000011
all	7104	1	886578	0.0000011
all	7115	1	886578	0.0000011
all	7123	1	886578	0.0000011
all	7124	1	886578	0.0000011
all	7125	2	886578	0.0000023
all	7127	1	886578	0.0000011
all	7129	1	886578	0.0000011
all	7134	1	886578	0.0000011
all	7139	1	886578	0.0000011
all	7150	1	886578	0.0000011
all	7151	1	886578	0.0000011
all	7157	1	886578	0.0000011
all	7172	2	886578	0.0000023
all	7176	1	886578	0.0000011
all	7181	1	886578	0.0000011
all	7186	1	886578	0.0000011
all	7189	1	886578	0.0000011
all	7208	1	886578	0.0000011
all	7210	1	886578	0.0000011
all	7213	1	886578	0.0000011
all	7228	1	886578	0.0000011
all	7235	1	886578	0.0000011
all	7236	1	886578	0.0000011
all	7240	1	886578	0.0000011
all	7241	1	886578	0.0000011
all	7249	1	886578	0.0000011
all	7254	1	886578	0.0000011
all	7255	1	886578	0.0000011
all	7277	1	886578	0.0000011
all	7281	1	886578	0.0000011
all	7289	2	886578	0.0000023
all	7291	1	886578	0.0000011
all	7297	1	886578	0.0000011
all	7301	1	886578	0.0000011
all	7308	1	886578	0.0000011
all	7309	2	886578	0.0000023
all	7313	3	886578	0.0000034
all	7317	1	886578	0.0000011
all	7327	1	886578	0.0000011
all	7333	1	886578	0.0000011
all	7343	1	886578	0.0000011
all	7346	1	886578	0.0000011
all	7357	1	886578	0.0000011
all	7363	1	886578	0.0000011
all	7368	1	886578	0.0000011
all	7371	1	886578	0.0000011
all	7378	1	886578	0.0000011
all	7379	1	886578	0.0000011
all	7382	2	886578	0.0000023
all	7383	1	886578	0.0000011
all	7388	1	886578	0.0000011
all	7389	1	886578	0.0000011
all	7395	1	886578	0.0000011
all	7396	1	886578	0.0000011
all	7404	1	886578	0.0000011
all	7406	1	886578	0.0000011
all	7407	1	886578	0.0000011
all	7416	1	886578	0.0000011
all	7418	1	886578	0.0000011
all	7423	1	886578	0.0000011
all	7428	1	886578	0.0000011
all	7432	1	886578	0.0000011
all	7440	1	886578	0.0000011
all	7445	1	886578	0.0000011
all	7452	1	886578	0.0000011
all	7456	1	886578	0.0000011
all	7461	2	886578	0.0000023
all	7463	1	886578	0.0000011
all	7467	1	886578	0.0000011
all	7473	2	886578	0.0000023
all	7476	1	886578	0.0000011
all	7478	1	886578	0.0000011
all	7485	1	886578	0.0000011
all	7491	1	886578	0.0000011
all	7493	1	886578	0.0000011
all	7495	2	886578	0.0000023
all	7517	1	886578	0.0000011
all	7527	1	886578	0.0000011
all	7529	1	886578	0.0000011
all	7534	1	886578	0.0000011
all	7540	1	886578	0.0000011
all	7547	1	886578	0.0000011
all	7555	1	886578	0.0000011
all	7568	1	886578	0.0000011
all	7569	1	886578	0.0000011
all	7575	1	886578	0.0000011
all	7576	1	886578	0.0000011
all	7588	1	886578	0.0000011
all	7593	1	886578	0.0000011
all	7610	2	886578	0.0000023
all	7614	1	886578	0.0000011
all	7617	1	886578	0.0000011
all	7626	1	886578	0.0000011
all	7636	1	886578	0.0000011
all	7644	1	886578	0.0000011
all	7648	1	886578	0.0000011
all	7653	1	886578	0.0000011
all	7679	1	886578	0.0000011
all	7685	1	886578	0.0000011
all	7688	1	886578	0.0000011
all	7689	1	886578	0.0000011
all	7693	1	886578	0.0000011
all	7698	1	886578	0.0000011
all	7703	1	886578	0.0000011
all	7704	1	886578	0.0000011
all	7718	1	886578	0.0000011
all	7721	1	886578	0.0000011
all	7739	1	886578	0.0000011
all	7742	1	886578	0.0000011
all	7751	1	886578	0.0000011
all	7776	1	886578	0.0000011
all	7777	1	886578	0.0000011
all	7790	1	886578	0.0000011
all	7792	1	886578	0.0000011
all	7794	1	886578	0.0000011
all	7800	1	886578	0.0000011
all	7820	1	886578	0.0000011
all	7827	1	886578	0.0000011
all	7828	1	886578	0.0000011
all	7834	1	886578	0.0000011
all	7844	1	886578	0.0000011
all	7846	1	886578	0.0000011
all	7850	1	886578	0.0000011
all	7852	1	886578	0.0000011
all	7854	1	886578	0.0000011
all	7857	2	886578	0.0000023
all	7859	1	886578	0.0000011
all	7865	1	886578	0.0000011
all	7869	1	886578	0.0000011
all	7872	1	886578	0.0000011
all	7877	1	886578	0.0000011
all	7880	1	886578	0.0000011
all	7881	1	886578	0.0000011
all	7888	2	886578	0.0000023
all	7891	1	886578	0.0000011
all	7895	1	886578	0.0000011
all	7900	1	886578	0.0000011
all	7902	3	886578	0.0000034
all	7903	1	886578	0.0000011
all	7906	1	886578	0.0000011
all	7909	1	886578	0.0000011
all	7910	1	886578	0.0000011
all	7913	2	886578	0.0000023
all	7919	1	886578	0.0000011
all	7921	1	886578	0.0000011
all	7923	1	886578	0.0000011
all	7926	1	886578	0.0000011
all	7959	1	886578	0.0000011
all	7962	1	886578	0.0000011
all	7968	1	886578	0.0000011
all	8001	1	886578	0.0000011
all	8002	1	886578	0.0000011
all	8005	1	886578	0.0000011
all	8028	1	886578	0.0000011
all	8029	1	886578	0.0000011
all	8033	1	886578	0.0000011
all	8050	1	886578	0.0000011
all	8051	1	886578	0.0000011
all	8063	1	886578	0.0000011
all	8066	1	886578	0.0000011
all	8073	1	886578	0.0000011
all	8092	1	886578	0.0000011
all	8093	1	886578	0.0000011
all	8099	1	886578	0.0000011
all	8106	1	886578	0.0000011
all	8107	1	886578	0.0000011
all	8117	1	886578	0.0000011
all	8121	1	886578	0.0000011
all	8123	1	886578	0.0000011
all	8130	1	886578	0.0000011
all	8132	1	886578	0.0000011
all	8136	1	886578	0.0000011
all	8146	1	886578	0.0000011
all	8148	1	886578	0.0000011
all	8162	1	886578	0.0000011
all	8174	1	886578	0.0000011
all	8176	1	886578	0.0000011
all	8178	1	886578	0.0000011
all	8179	1	886578	0.0000011
all	8183	2	886578	0.0000023
all	8187	1	886578	0.0000011
all	8206	2	886578	0.0000023
all	8211	1	886578	0.0000011
all	8213	1	886578	0.0000011
all	8225	1	886578	0.0000011
all	8232	1	886578	0.0000011
all	8234	1	886578	0.0000011
all	8236	1	886578	0.0000011
all	8240	1	886578	0.0000011
all	8241	1	886578	0.0000011
all	8242	1	886578	0.0000011
all	8247	1	886578	0.0000011
all	8249	1	886578	0.0000011
all	8257	1	886578	0.0000011
all	8304	1	886578	0.0000011
all	8319	1	886578	0.0000011
all	8329	1	886578	0.0000011
all	8346	1	886578	0.0000011
all	8347	1	886578	0.0000011
all	8373	1	886578	0.0000011
all	8415	1	886578	0.0000011
all	8418	1	886578	0.0000011
all	8425	1	886578	0.0000011
all	8453	1	886578	0.0000011
all	8490	1	886578	0.0000011
all	8504	1	886578	0.0000011
all	8506	1	886578	0.0000011
all	8554	1	886578	0.0000011
all	8558	1	886578	0.0000011
all	8564	1	886578	0.0000011
all	8570	1	886578	0.0000011
all	8594	2	886578	0.0000023
all	8602	1	886578	0.0000011
all	8607	1	886578	0.0000011
all	8626	1	886578	0.0000011
all	8638	1	886578	0.0000011
all	8661	1	886578	0.0000011
all	8662	1	886578	0.0000011
all	8676	1	886578	0.0000011
all	8720	1	886578	0.0000011
all	8724	1	886578	0.0000011
all	8745	1	886578	0.0000011
all	8753	1	886578	0.0000011
all	8767	1	886578	0.0000011
all	8772	1	886578	0.0000011
all	8787	1	886578	0.0000011
all	8814	1	886578	0.0000011
all	8828	1	886578	0.0000011
all	8832	1	886578	0.0000011
all	8857	1	886578	0.0000011
all	8876	1	886578	0.0000011
all	8877	1	886578	0.0000011
all	8890	1	886578	0.0000011
all	8911	1	886578	0.0000011
all	8918	1	886578	0.0000011
all	8973	1	886578	0.0000011
all	8985	1	886578	0.0000011
all	8986	1	886578	0.0000011
all	8990	1	886578	0.0000011
all	9013	1	886578	0.0000011
all	9041	1	886578	0.0000011
all	9048	1	886578	0.0000011
all	9062	1	886578	0.0000011
all	9091	1	886578	0.0000011
all	9119	1	886578	0.0000011
all	9121	1	886578	0.0000011
all	9126	1	886578	0.0000011
all	9132	1	886578	0.0000011
all	9160	1	886578	0.0000011
all	9189	1	886578	0.0000011
all	9191	1	886578	0.0000011
all	9201	1	886578	0.0000011
all	9214	1	886578	0.0000011
all	9220	1	886578	0.0000011
all	9221	1	886578	0.0000011
all	9253	2	886578	0.0000023
all	9286	1	886578	0.0000011
all	9287	1	886578	0.0000011
all	9307	1	886578	0.0000011
all	9339	1	886578	0.0000011
all	9356	1	886578	0.0000011
all	9362	1	886578	0.0000011
all	9380	1	886578	0.0000011
all	9381	1	886578	0.0000011
all	9405	1	886578	0.0000011
all	9411	1	886578	0.0000011
all	9420	1	886578	0.0000011
all	9426	1	886578	0.0000011
all	9434	1	886578	0.0000011
all	9437	1	886578	0.0000011
all	9453	1	886578	0.0000011
all	9468	1	886578	0.0000011
all	9469	1	886578	0.0000011
all	9472	1	886578	0.0000011
all	9478	1	886578	0.0000011
all	9498	1	886578	0.0000011
all	9510	1	886578	0.0000011
all	9558	1	886578	0.0000011
all	9563	1	886578	0.0000011
all	9567	1	886578	0.0000011
all	9575	1	886578	0.0000011
all	9582	1	886578	0.0000011
all	9591	1	886578	0.0000011
all	9596	1	886578	0.0000011
all	9599	1	886578	0.0000011
all	9604	1	886578	0.0000011
all	9610	1	886578	0.0000011
all	9614	1	886578	0.0000011
all	9616	1	886578	0.0000011
all	9623	2	886578	0.0000023
all	9636	1	886578	0.0000011
all	9637	1	886578	0.0000011
all	9639	1	886578	0.0000011
all	9641	1	886578	0.0000011
all	9658	2	886578	0.0000023
all	9659	1	886578	0.0000011
all	9661	1	886578	0.0000011
all	9670	2	886578	0.0000023
all	9674	1	886578	0.0000011
all	9677	2	886578	0.0000023
all	9679	1	886578	0.0000011
all	9683	1	886578	0.0000011
all	9699	1	886578	0.0000011
all	9701	1	886578	0.0000011
all	9704	1	886578	0.0000011
all	9758	1	886578	0.0000011
all	9782	1	886578	0.0000011
all	9802	1	886578	0.0000011
all	9820	1	886578	0.0000011
all	9847	1	886578	0.0000011
all	9861	1	886578	0.0000011
all	9871	1	886578	0.0000011
all	9885	1	886578	0.0000011
all	9903	1	886578	0.0000011
all	9906	1	886578	0.0000011
all	9909	1	886578	0.0000011
all	9947	1	886578	0.0000011
all	9971	1	886578	0.0000011
all	9986	1	886578	0.0000011
all	10008	1	886578	0.0000011
all	10011	1	886578	0.0000011
all	10025	1	886578	0.0000011
all	10062	1	886578	0.0000011
all	10085	1	886578	0.0000011
all	10120	1	886578	0.0000011
all	10143	1	886578	0.0000011
all	10174	1	886578	0.0000011
all	10213	1	886578	0.0000011
all	10225	1	886578	0.0000011
all	10226	1	886578	0.0000011
all	10255	1	886578	0.0000011
all	10275	1	886578	0.0000011
all	10299	1	886578	0.0000011
all	10313	1	886578	0.0000011
all	10328	1	886578	0.0000011
all	10352	2	886578	0.0000023
all	10357	1	886578	0.0000011
all	10387	1	886578	0.0000011
all	10407	1	886578	0.0000011
all	10409	1	886578	0.0000011
all	10414	1	886578	0.0000011
all	10417	1	886578	0.0000011
all	10420	1	886578	0.0000011
all	10423	1	886578	0.0000011
all	10434	1	886578	0.0000011
all	10466	1	886578	0.0000011
all	10492	1	886578	0.0000011
all	10505	1	886578	0.0000011
all	10507	1	886578	0.0000011
all	10524	1	886578	0.0000011
all	10530	1	886578	0.0000011
all	10534	1	886578	0.0000011
all	10537	1	886578	0.0000011
all	10549	1	886578	0.0000011
all	10576	1	886578	0.0000011
all	10577	1	886578	0.0000011
all	10585	1	886578	0.0000011
all	10591	1	886578	0.0000011
all	10593	1	886578	0.0000011
all	10627	1	886578	0.0000011
all	10634	1	886578	0.0000011
all	10641	1	886578	0.0000011
all	10646	1	886578	0.0000011
all	10675	1	886578	0.0000011
all	10679	1	886578	0.0000011
all	10699	1	886578	0.0000011
all	10701	1	886578	0.0000011
all	10724	1	886578	0.0000011
all	10737	1	886578	0.0000011
all	10739	1	886578	0.0000011
all	10749	1	886578	0.0000011
all	10764	1	886578	0.0000011
all	10769	1	886578	0.0000011
all	10774	1	886578	0.0000011
all	10779	1	886578	0.0000011
all	10780	1	886578	0.0000011
all	10786	1	886578	0.0000011
all	10862	1	886578	0.0000011
all	10886	1	886578	0.0000011
all	10907	1	886578	0.0000011
all	10960	1	886578	0.0000011
all	10994	1	886578	0.0000011
all	11036	1	886578	0.0000011
all	11077	1	886578	0.0000011
all	11108	1	886578	0.0000011
all	11129	1	886578	0.0000011
all	11144	1	886578	0.0000011
all	11158	1	886578	0.0000011
all	11174	1	886578	0.0000011
all	11253	1	886578	0.0000011
all	11292	1	886578	0.0000011
all	11306	1	886578	0.0000011
all	11323	1	886578	0.0000011
all	11361	1	886578	0.0000011
all	11424	1	886578	0.0000011
all	11460	1	886578	0.0000011
all	11467	1	886578	0.0000011
all	11496	1	886578	0.0000011
all	11515	1	886578	0.0000011
all	11582	1	886578	0.0000011
all	11610	1	886578	0.0000011
all	11618	1	886578	0.0000011
all	11629	1	886578	0.0000011
all	11651	1	886578	0.0000011
all	11683	1	886578	0.0000011
all	11711	1	886578	0.0000011
all	11723	1	886578	0.0000011
all	11731	1	886578	0.0000011
all	11748	1	886578	0.0000011
all	11754	1	886578	0.0000011
all	11756	1	886578	0.0000011
all	11759	1	886578	0.0000011
all	11784	1	886578	0.0000011
all	11797	1	886578	0.0000011
all	11867	1	886578	0.0000011
all	11887	1	886578	0.0000011
all	11898	1	886578	0.0000011
all	11947	1	886578	0.0000011
all	11978	1	886578	0.0000011
all	12022	1	886578	0.0000011
all	12028	1	886578	0.0000011
all	12034	1	886578	0.0000011
all	12075	1	886578	0.0000011
all	12132	1	886578	0.0000011
all	12152	1	886578	0.0000011
all	12159	1	886578	0.0000011
all	12195	1	886578	0.0000011
all	12219	1	886578	0.0000011
all	12263	1	886578	0.0000011
all	12312	1	886578	0.0000011
all	12327	1	886578	0.0000011
all	12367	1	886578	0.0000011
all	12402	1	886578	0.0000011
all	12410	1	886578	0.0000011
all	12434	1	886578	0.0000011
all	12452	1	886578	0.0000011
all	12459	1	886578	0.0000011
all	12487	1	886578	0.0000011
all	12499	1	886578	0.0000011
all	12508	1	886578	0.0000011
all	12515	1	886578	0.0000011
all	12516	1	886578	0.0000011
all	12537	1	886578	0.0000011
all	12541	1	886578	0.0000011
all	12543	1	886578	0.0000011
all	12546	1	886578	0.0000011
all	12579	1	886578	0.0000011
all	12589	1	886578	0.0000011
all	12598	1	886578	0.0000011
all	12614	1	886578	0.0000011
all	12628	1	886578	0.0000011
all	12635	1	886578	0.0000011
all	12636	1	886578	0.0000011
all	12642	1	886578	0.0000011
all	12662	1	886578	0.0000011
all	12663	1	886578	0.0000011
all	12669	1	886578	0.0000011
all	12672	1	886578	0.0000011
all	12674	2	886578	0.0000023
all	12679	1	886578	0.0000011
all	12685	1	886578	0.0000011
all	12686	2	886578	0.0000023
all	12693	2	886578	0.0000023
all	12694	2	886578	0.0000023
all	12695	1	886578	0.0000011
all	12700	1	886578	0.0000011
all	12709	1	886578	0.0000011
all	12717	1	886578	0.0000011
all	12720	1	886578	0.0000011
all	12725	1	886578	0.0000011
all	12732	1	886578	0.0000011
all	12859	1	886578	0.0000011
all	12889	1	886578	0.0000011
all	12924	1	886578	0.0000011
all	12928	1	886578	0.0000011
all	13020	1	886578	0.0000011
all	13023	1	886578	0.0000011
all	13038	1	886578	0.0000011
all	13105	1	886578	0.0000011
all	13136	1	886578	0.0000011
all	13167	1	886578	0.0000011
all	13170	1	886578	0.0000011
all	13202	1	886578	0.0000011
all	13222	1	886578	0.0000011
all	13254	1	886578	0.0000011
all	13271	1	886578	0.0000011
all	13273	1	886578	0.0000011
all	13280	1	886578	0.0000011
all	13309	1	886578	0.0000011
all	13311	1	886578	0.0000011
all	13333	1	886578	0.0000011
all	13385	1	886578	0.0000011
all	13428	1	886578	0.0000011
all	13429	1	886578	0.0000011
all	13439	1	886578	0.0000011
all	13467	1	886578	0.0000011
all	13506	1	886578	0.0000011
all	13509	1	886578	0.0000011
all	13554	1	886578	0.0000011
all	13557	1	886578	0.0000011
all	13570	1	886578	0.0000011
all	13571	1	886578	0.0000011
all	13586	1	886578	0.0000011
all	13600	1	886578	0.0000011
all	13635	1	886578	0.0000011
all	13649	1	886578	0.0000011
all	13665	1	886578	0.0000011
all	13688	2	886578	0.0000023
all	13709	1	886578	0.0000011
all	13760	1	886578	0.0000011
all	13785	1	886578	0.0000011
all	13787	1	886578	0.0000011
all	13805	1	886578	0.0000011
all	13811	1	886578	0.0000011
all	13819	1	886578	0.0000011
all	13832	1	886578	0.0000011
all	13833	1	886578	0.0000011
all	13847	1	886578	0.0000011
all	13850	1	886578	0.0000011
all	13854	1	886578	0.0000011
all	13858	1	886578	0.0000011
all	13866	1	886578	0.0000011
all	13868	1	886578	0.0000011
all	13872	1	886578	0.0000011
all	13877	1	886578	0.0000011
all	13881	1	886578	0.0000011
all	13892	1	886578	0.0000011
all	14217	1	886578	0.0000011
all	14681	1	886578	0.0000011
all	14970	1	886578	0.0000011
all	15762	1	886578	0.0000011
all	16145	1	886578	0.0000011
all	16278	1	886578	0.0000011
all	16456	1	886578	0.0000011
all	16839	1	886578	0.0000011
all	17193	1	886578	0.0000011
all	17385	1	886578	0.0000011
all	17593	1	886578	0.0000011
all	17685	1	886578	0.0000011
all	17791	1	886578	0.0000011
all	17870	1	886578	0.0000011
all	17935	1	886578	0.0000011
all	18003	1	886578	0.0000011
all	18156	1	886578	0.0000011
all	18434	1	886578	0.0000011
all	18547	1	886578	0.0000011
all	18713	1	886578	0.0000011
all	18797	1	886578	0.0000011
all	18951	1	886578	0.0000011
all	19056	1	886578	0.0000011
all	19121	1	886578	0.0000011
all	19294	1	886578	0.0000011
all	19349	1	886578	0.0000011
all	19525	1	886578	0.0000011
all	19534	1	886578	0.0000011
all	19705	1	886578	0.0000011
all	19710	1	886578	0.0000011
all	19778	1	886578	0.0000011
all	20024	1	886578	0.0000011
all	20107	1	886578	0.0000011
all	20169	1	886578	0.0000011
all	20305	1	886578	0.0000011
all	20315	1	886578	0.0000011
all	20486	1	886578	0.0000011
all	20609	1	886578	0.0000011
all	20678	1	886578	0.0000011
all	20775	1	886578	0.0000011
all	20817	1	886578	0.0000011
all	20895	1	886578	0.0000011
all	20966	1	886578	0.0000011
all	20988	1	886578	0.0000011
all	21055	1	886578	0.0000011
all	21202	1	886578	0.0000011
all	21205	1	886578	0.0000011
all	21237	1	886578	0.0000011
all	21310	1	886578	0.0000011
all	21314	1	886578	0.0000011
all	21403	1	886578	0.0000011
all	21496	1	886578	0.0000011
all	21527	1	886578	0.0000011
all	21600	1	886578	0.0000011
all	21640	1	886578	0.0000011
all	21722	1	886578	0.0000011
all	21769	1	886578	0.0000011
all	21809	1	886578	0.0000011
all	21857	1	886578	0.0000011
all	21938	1	886578	0.0000011
all	21947	1	886578	0.0000011
all	22027	1	886578	0.0000011
all	22093	1	886578	0.0000011
all	22108	1	886578	0.0000011
all	22165	1	886578	0.0000011
all	22167	1	886578	0.0000011
all	22217	1	886578	0.0000011
all	22299	1	886578	0.0000011
all	22324	1	886578	0.0000011
all	22378	1	886578	0.0000011
all	22379	1	886578	0.0000011
all	22497	1	886578	0.0000011
all	22498	1	886578	0.0000011
all	22591	1	886578	0.0000011
all	22607	1	886578	0.0000011
all	22627	1	886578	0.0000011
all	22647	1	886578	0.0000011
all	22696	2	886578	0.0000023
all	22757	1	886578	0.0000011
all	22779	1	886578	0.0000011
all	22803	1	886578	0.0000011
all	22845	1	886578	0.0000011
all	22853	1	886578	0.0000011
all	22880	1	886578	0.0000011
all	22888	1	886578	0.0000011
all	22916	1	886578	0.0000011
all	22938	1	886578	0.0000011
all	22959	2	886578	0.0000023
all	22962	2	886578	0.0000023
all	22963	1	886578	0.0000011
all	22965	2	886578	0.0000023
all	23007	1	886578	0.0000011
