all	0	118477	886578	0.1336340
all	1	7587	886578	0.0085576
all	2	112054	886578	0.1263893
all	3	10619	886578	0.0119775
all	4	97436	886578	0.1099012
all	5	13211	886578	0.0149011
all	6	82893	886578	0.0934977
all	7	14466	886578	0.0163167
all	8	67605	886578	0.0762539
all	9	13374	886578	0.0150850
all	10	56020	886578	0.0631868
all	11	10474	886578	0.0118140
all	12	41496	886578	0.0468047
all	13	9668	886578	0.0109048
all	14	31025	886578	0.0349941
all	15	8527	886578	0.0096179
all	16	23720	886578	0.0267546
all	17	7672	886578	0.0086535
all	18	18395	886578	0.0207483
all	19	6719	886578	0.0075786
all	20	13827	886578	0.0155959
all	21	5473	886578	0.0061732
all	22	11440	886578	0.0129035
all	23	4288	886578	0.0048366
all	24	8734	886578	0.0098514
all	25	3873	886578	0.0043685
all	26	7225	886578	0.0081493
all	27	3049	886578	0.0034391
all	28	5628	886578	0.0063480
all	29	2894	886578	0.0032642
all	30	3949	886578	0.0044542
all	31	2295	886578	0.0025886
all	32	3180	886578	0.0035868
all	33	1759	886578	0.0019840
all	34	2775	886578	0.0031300
all	35	1793	886578	0.0020224
all	36	2157	886578	0.0024330
all	37	1510	886578	0.0017032
all	38	1549	886578	0.0017472
all	39	1172	886578	0.0013219
all	40	1536	886578	0.0017325
all	41	1029	886578	0.0011606
all	42	1239	886578	0.0013975
all	43	866	886578	0.0009768
all	44	1259	886578	0.0014201
all	45	839	886578	0.0009463
all	46	1135	886578	0.0012802
all	47	743	886578	0.0008381
all	48	933	886578	0.0010524
all	49	637	886578	0.0007185
all	50	699	886578	0.0007884
all	51	625	886578	0.0007050
all	52	653	886578	0.0007365
all	53	581	886578	0.0006553
all	54	597	886578	0.0006734
all	55	510	886578	0.0005752
all	56	450	886578	0.0005076
all	57	404	886578	0.0004557
all	58	475	886578	0.0005358
all	59	335	886578	0.0003779
all	60	450	886578	0.0005076
all	61	342	886578	0.0003858
all	62	342	886578	0.0003858
all	63	229	886578	0.0002583
all	64	379	886578	0.0004275
all	65	292	886578	0.0003294
all	66	333	886578	0.0003756
all	67	218	886578	0.0002459
all	68	355	886578	0.0004004
all	69	210	886578	0.0002369
all	70	291	886578	0.0003282
all	71	259	886578	0.0002921
all	72	330	886578	0.0003722
all	73	293	886578	0.0003305
all	74	340	886578	0.0003835
all	75	182	886578	0.0002053
all	76	260	886578	0.0002933
all	77	196	886578	0.0002211
all	78	326	886578	0.0003677
all	79	218	886578	0.0002459
all	80	198	886578	0.0002233
all	81	156	886578	0.0001760
all	82	166	886578	0.0001872
all	83	166	886578	0.0001872
all	84	174	886578	0.0001963
all	85	174	886578	0.0001963
all	86	174	886578	0.0001963
all	87	151	886578	0.0001703
all	88	211	886578	0.0002380
all	89	189	886578	0.0002132
all	90	210	886578	0.0002369
all	91	187	886578	0.0002109
all	92	166	886578	0.0001872
all	93	177	886578	0.0001996
all	94	174	886578	0.0001963
all	95	156	886578	0.0001760
all	96	102	886578	0.0001150
all	97	133	886578	0.0001500
all	98	146	886578	0.0001647
all	99	155	886578	0.0001748
all	100	118	886578	0.0001331
all	101	142	886578	0.0001602
all	102	140	886578	0.0001579
all	103	124	886578	0.0001399
all	104	104	886578	0.0001173
all	105	97	886578	0.0001094
all	106	95	886578	0.0001072
all	107	97	886578	0.0001094
all	108	185	886578	0.0002087
all	109	139	886578	0.0001568
all	110	90	886578	0.0001015
all	111	77	886578	0.0000869
all	112	113	886578	0.0001275
all	113	91	886578	0.0001026
all	114	44	886578	0.0000496
all	115	124	886578	0.0001399
all	116	88	886578	0.0000993
all	117	68	886578	0.0000767
all	118	84	886578	0.0000947
all	119	74	886578	0.0000835
all	120	79	886578	0.0000891
all	121	84	886578	0.0000947
all	122	69	886578	0.0000778
all	123	73	886578	0.0000823
all	124	77	886578	0.0000869
all	125	82	886578	0.0000925
all	126	86	886578	0.0000970
all	127	50	886578	0.0000564
all	128	81	886578	0.0000914
all	129	46	886578	0.0000519
all	130	99	886578	0.0001117
all	131	38	886578	0.0000429
all	132	39	886578	0.0000440
all	133	67	886578	0.0000756
all	134	34	886578	0.0000383
all	135	50	886578	0.0000564
all	136	65	886578	0.0000733
all	137	83	886578	0.0000936
all	138	38	886578	0.0000429
all	139	57	886578	0.0000643
all	140	26	886578	0.0000293
all	141	50	886578	0.0000564
all	142	40	886578	0.0000451
all	143	62	886578	0.0000699
all	144	44	886578	0.0000496
all	145	45	886578	0.0000508
all	146	39	886578	0.0000440
all	147	60	886578	0.0000677
all	148	55	886578	0.0000620
all	149	71	886578	0.0000801
all	150	55	886578	0.0000620
all	151	51	886578	0.0000575
all	152	72	886578	0.0000812
all	153	43	886578	0.0000485
all	154	57	886578	0.0000643
all	155	38	886578	0.0000429
all	156	34	886578	0.0000383
all	157	27	886578	0.0000305
all	158	36	886578	0.0000406
all	159	38	886578	0.0000429
all	160	42	886578	0.0000474
all	161	31	886578	0.0000350
all	162	46	886578	0.0000519
all	163	38	886578	0.0000429
all	164	23	886578	0.0000259
all	165	36	886578	0.0000406
all	166	35	886578	0.0000395
all	167	40	886578	0.0000451
all	168	50	886578	0.0000564
all	169	36	886578	0.0000406
all	170	54	886578	0.0000609
all	171	50	886578	0.0000564
all	172	34	886578	0.0000383
all	173	44	886578	0.0000496
all	174	30	886578	0.0000338
all	175	48	886578	0.0000541
all	176	60	886578	0.0000677
all	177	21	886578	0.0000237
all	178	66	886578	0.0000744
all	179	47	886578	0.0000530
all	180	41	886578	0.0000462
all	181	27	886578	0.0000305
all	182	30	886578	0.0000338
all	183	24	886578	0.0000271
all	184	21	886578	0.0000237
all	185	57	886578	0.0000643
all	186	22	886578	0.0000248
all	187	39	886578	0.0000440
all	188	17	886578	0.0000192
all	189	23	886578	0.0000259
all	190	53	886578	0.0000598
all	191	44	886578	0.0000496
all	192	37	886578	0.0000417
all	193	21	886578	0.0000237
all	194	29	886578	0.0000327
all	195	28	886578	0.0000316
all	196	16	886578	0.0000180
all	197	34	886578	0.0000383
all	198	47	886578	0.0000530
all	199	47	886578	0.0000530
all	200	47	886578	0.0000530
all	201	33	886578	0.0000372
all	202	38	886578	0.0000429
all	203	27	886578	0.0000305
all	204	27	886578	0.0000305
all	205	39	886578	0.0000440
all	206	43	886578	0.0000485
all	207	51	886578	0.0000575
all	208	37	886578	0.0000417
all	209	38	886578	0.0000429
all	210	37	886578	0.0000417
all	211	43	886578	0.0000485
all	212	22	886578	0.0000248
all	213	32	886578	0.0000361
all	214	29	886578	0.0000327
all	215	29	886578	0.0000327
all	216	31	886578	0.0000350
all	217	35	886578	0.0000395
all	218	26	886578	0.0000293
all	219	24	886578	0.0000271
all	220	37	886578	0.0000417
all	221	51	886578	0.0000575
all	222	14	886578	0.0000158
all	223	32	886578	0.0000361
all	224	18	886578	0.0000203
all	225	43	886578	0.0000485
all	226	21	886578	0.0000237
all	227	43	886578	0.0000485
all	228	27	886578	0.0000305
all	229	45	886578	0.0000508
all	230	14	886578	0.0000158
all	231	20	886578	0.0000226
all	232	46	886578	0.0000519
all	233	44	886578	0.0000496
all	234	43	886578	0.0000485
all	235	25	886578	0.0000282
all	236	39	886578	0.0000440
all	237	29	886578	0.0000327
all	238	27	886578	0.0000305
all	239	31	886578	0.0000350
all	240	24	886578	0.0000271
all	241	38	886578	0.0000429
all	242	25	886578	0.0000282
all	243	28	886578	0.0000316
all	244	18	886578	0.0000203
all	245	10	886578	0.0000113
all	246	29	886578	0.0000327
all	247	29	886578	0.0000327
all	248	20	886578	0.0000226
all	249	16	886578	0.0000180
all	250	14	886578	0.0000158
all	251	30	886578	0.0000338
all	252	19	886578	0.0000214
all	253	28	886578	0.0000316
all	254	29	886578	0.0000327
all	255	24	886578	0.0000271
all	256	21	886578	0.0000237
all	257	28	886578	0.0000316
all	258	20	886578	0.0000226
all	259	23	886578	0.0000259
all	260	17	886578	0.0000192
all	261	23	886578	0.0000259
all	262	31	886578	0.0000350
all	263	25	886578	0.0000282
all	264	35	886578	0.0000395
all	265	35	886578	0.0000395
all	266	35	886578	0.0000395
all	267	21	886578	0.0000237
all	268	13	886578	0.0000147
all	269	26	886578	0.0000293
all	270	20	886578	0.0000226
all	271	27	886578	0.0000305
all	272	20	886578	0.0000226
all	273	15	886578	0.0000169
all	274	17	886578	0.0000192
all	275	14	886578	0.0000158
all	276	24	886578	0.0000271
all	277	23	886578	0.0000259
all	278	8	886578	0.0000090
all	279	27	886578	0.0000305
all	280	21	886578	0.0000237
all	281	29	886578	0.0000327
all	282	10	886578	0.0000113
all	283	13	886578	0.0000147
all	284	18	886578	0.0000203
all	285	13	886578	0.0000147
all	286	14	886578	0.0000158
all	287	21	886578	0.0000237
all	288	28	886578	0.0000316
all	289	25	886578	0.0000282
all	290	28	886578	0.0000316
all	291	26	886578	0.0000293
all	292	11	886578	0.0000124
all	293	20	886578	0.0000226
all	294	21	886578	0.0000237
all	295	31	886578	0.0000350
all	296	27	886578	0.0000305
all	297	25	886578	0.0000282
all	298	37	886578	0.0000417
all	299	27	886578	0.0000305
all	300	14	886578	0.0000158
all	301	30	886578	0.0000338
all	302	20	886578	0.0000226
all	303	47	886578	0.0000530
all	304	17	886578	0.0000192
all	305	16	886578	0.0000180
all	306	12	886578	0.0000135
all	307	20	886578	0.0000226
all	308	31	886578	0.0000350
all	309	25	886578	0.0000282
all	310	30	886578	0.0000338
all	311	26	886578	0.0000293
all	312	49	886578	0.0000553
all	313	32	886578	0.0000361
all	314	22	886578	0.0000248
all	315	24	886578	0.0000271
all	316	23	886578	0.0000259
all	317	15	886578	0.0000169
all	318	20	886578	0.0000226
all	319	14	886578	0.0000158
all	320	26	886578	0.0000293
all	321	24	886578	0.0000271
all	322	12	886578	0.0000135
all	323	15	886578	0.0000169
all	324	22	886578	0.0000248
all	325	27	886578	0.0000305
all	326	17	886578	0.0000192
all	327	29	886578	0.0000327
all	328	14	886578	0.0000158
all	329	11	886578	0.0000124
all	330	13	886578	0.0000147
all	331	23	886578	0.0000259
all	332	13	886578	0.0000147
all	333	31	886578	0.0000350
all	334	30	886578	0.0000338
all	335	19	886578	0.0000214
all	336	18	886578	0.0000203
all	337	35	886578	0.0000395
all	338	17	886578	0.0000192
all	339	35	886578	0.0000395
all	340	23	886578	0.0000259
all	341	28	886578	0.0000316
all	342	32	886578	0.0000361
all	343	39	886578	0.0000440
all	344	31	886578	0.0000350
all	345	33	886578	0.0000372
all	346	20	886578	0.0000226
all	347	35	886578	0.0000395
all	348	10	886578	0.0000113
all	349	21	886578	0.0000237
all	350	19	886578	0.0000214
all	351	24	886578	0.0000271
all	352	17	886578	0.0000192
all	353	14	886578	0.0000158
all	354	20	886578	0.0000226
all	355	24	886578	0.0000271
all	356	30	886578	0.0000338
all	357	12	886578	0.0000135
all	358	12	886578	0.0000135
all	359	10	886578	0.0000113
all	360	15	886578	0.0000169
all	361	19	886578	0.0000214
all	362	10	886578	0.0000113
all	363	14	886578	0.0000158
all	364	13	886578	0.0000147
all	365	16	886578	0.0000180
all	366	15	886578	0.0000169
all	367	12	886578	0.0000135
all	368	17	886578	0.0000192
all	369	10	886578	0.0000113
all	370	14	886578	0.0000158
all	371	31	886578	0.0000350
all	372	33	886578	0.0000372
all	373	8	886578	0.0000090
all	374	22	886578	0.0000248
all	375	30	886578	0.0000338
all	376	22	886578	0.0000248
all	377	16	886578	0.0000180
all	378	19	886578	0.0000214
all	379	17	886578	0.0000192
all	380	12	886578	0.0000135
all	381	20	886578	0.0000226
all	382	11	886578	0.0000124
all	383	9	886578	0.0000102
all	384	13	886578	0.0000147
all	385	13	886578	0.0000147
all	386	20	886578	0.0000226
all	387	16	886578	0.0000180
all	388	23	886578	0.0000259
all	389	16	886578	0.0000180
all	390	13	886578	0.0000147
all	391	15	886578	0.0000169
all	392	31	886578	0.0000350
all	393	12	886578	0.0000135
all	394	24	886578	0.0000271
all	395	9	886578	0.0000102
all	396	27	886578	0.0000305
all	397	19	886578	0.0000214
all	398	45	886578	0.0000508
all	399	15	886578	0.0000169
all	400	26	886578	0.0000293
all	401	29	886578	0.0000327
all	402	22	886578	0.0000248
all	403	43	886578	0.0000485
all	404	30	886578	0.0000338
all	405	31	886578	0.0000350
all	406	23	886578	0.0000259
all	407	17	886578	0.0000192
all	408	15	886578	0.0000169
all	409	24	886578	0.0000271
all	410	16	886578	0.0000180
all	411	11	886578	0.0000124
all	412	18	886578	0.0000203
all	413	18	886578	0.0000203
all	414	12	886578	0.0000135
all	415	17	886578	0.0000192
all	416	20	886578	0.0000226
all	417	13	886578	0.0000147
all	418	26	886578	0.0000293
all	419	26	886578	0.0000293
all	420	10	886578	0.0000113
all	421	22	886578	0.0000248
all	422	25	886578	0.0000282
all	423	30	886578	0.0000338
all	424	46	886578	0.0000519
all	425	15	886578	0.0000169
all	426	26	886578	0.0000293
all	427	18	886578	0.0000203
all	428	9	886578	0.0000102
all	429	16	886578	0.0000180
all	430	14	886578	0.0000158
all	431	14	886578	0.0000158
all	432	18	886578	0.0000203
all	433	13	886578	0.0000147
all	434	16	886578	0.0000180
all	435	16	886578	0.0000180
all	436	11	886578	0.0000124
all	437	17	886578	0.0000192
all	438	11	886578	0.0000124
all	439	12	886578	0.0000135
all	440	13	886578	0.0000147
all	441	17	886578	0.0000192
all	442	10	886578	0.0000113
all	443	14	886578	0.0000158
all	444	13	886578	0.0000147
all	445	12	886578	0.0000135
all	446	12	886578	0.0000135
all	447	9	886578	0.0000102
all	448	22	886578	0.0000248
all	449	4	886578	0.0000045
all	450	16	886578	0.0000180
all	451	12	886578	0.0000135
all	452	16	886578	0.0000180
all	453	14	886578	0.0000158
all	454	17	886578	0.0000192
all	455	18	886578	0.0000203
all	456	15	886578	0.0000169
all	457	15	886578	0.0000169
all	458	14	886578	0.0000158
all	459	12	886578	0.0000135
all	460	14	886578	0.0000158
all	461	5	886578	0.0000056
all	462	10	886578	0.0000113
all	463	10	886578	0.0000113
all	464	13	886578	0.0000147
all	465	7	886578	0.0000079
all	466	16	886578	0.0000180
all	467	9	886578	0.0000102
all	468	12	886578	0.0000135
all	469	11	886578	0.0000124
all	470	12	886578	0.0000135
all	471	11	886578	0.0000124
all	472	26	886578	0.0000293
all	473	14	886578	0.0000158
all	474	17	886578	0.0000192
all	475	14	886578	0.0000158
all	476	15	886578	0.0000169
all	477	7	886578	0.0000079
all	478	7	886578	0.0000079
all	479	10	886578	0.0000113
all	480	18	886578	0.0000203
all	481	9	886578	0.0000102
all	482	12	886578	0.0000135
all	483	8	886578	0.0000090
all	484	11	886578	0.0000124
all	485	9	886578	0.0000102
all	486	8	886578	0.0000090
all	487	3	886578	0.0000034
all	488	5	886578	0.0000056
all	489	7	886578	0.0000079
all	490	9	886578	0.0000102
all	491	7	886578	0.0000079
all	492	6	886578	0.0000068
all	493	18	886578	0.0000203
all	494	11	886578	0.0000124
all	495	8	886578	0.0000090
all	496	12	886578	0.0000135
all	497	9	886578	0.0000102
all	498	8	886578	0.0000090
all	499	9	886578	0.0000102
all	500	11	886578	0.0000124
all	501	3	886578	0.0000034
all	502	9	886578	0.0000102
all	503	11	886578	0.0000124
all	504	11	886578	0.0000124
all	505	10	886578	0.0000113
all	506	12	886578	0.0000135
all	507	9	886578	0.0000102
all	508	11	886578	0.0000124
all	509	16	886578	0.0000180
all	510	7	886578	0.0000079
all	511	10	886578	0.0000113
all	512	11	886578	0.0000124
all	513	15	886578	0.0000169
all	514	14	886578	0.0000158
all	515	10	886578	0.0000113
all	516	20	886578	0.0000226
all	517	15	886578	0.0000169
all	518	14	886578	0.0000158
all	519	6	886578	0.0000068
all	520	10	886578	0.0000113
all	521	13	886578	0.0000147
all	522	11	886578	0.0000124
all	523	3	886578	0.0000034
all	524	9	886578	0.0000102
all	525	9	886578	0.0000102
all	526	12	886578	0.0000135
all	527	10	886578	0.0000113
all	528	3	886578	0.0000034
all	529	19	886578	0.0000214
all	530	15	886578	0.0000169
all	531	19	886578	0.0000214
all	532	9	886578	0.0000102
all	533	10	886578	0.0000113
all	534	14	886578	0.0000158
all	535	9	886578	0.0000102
all	536	17	886578	0.0000192
all	537	15	886578	0.0000169
all	538	13	886578	0.0000147
all	539	10	886578	0.0000113
all	540	11	886578	0.0000124
all	541	12	886578	0.0000135
all	542	6	886578	0.0000068
all	543	6	886578	0.0000068
all	544	6	886578	0.0000068
all	545	18	886578	0.0000203
all	546	9	886578	0.0000102
all	547	15	886578	0.0000169
all	548	11	886578	0.0000124
all	549	21	886578	0.0000237
all	550	8	886578	0.0000090
all	551	8	886578	0.0000090
all	552	10	886578	0.0000113
all	553	9	886578	0.0000102
all	554	14	886578	0.0000158
all	555	7	886578	0.0000079
all	556	17	886578	0.0000192
all	557	9	886578	0.0000102
all	558	20	886578	0.0000226
all	559	13	886578	0.0000147
all	560	12	886578	0.0000135
all	561	7	886578	0.0000079
all	562	13	886578	0.0000147
all	563	13	886578	0.0000147
all	564	9	886578	0.0000102
all	565	11	886578	0.0000124
all	566	8	886578	0.0000090
all	567	9	886578	0.0000102
all	568	6	886578	0.0000068
all	569	3	886578	0.0000034
all	570	15	886578	0.0000169
all	571	1	886578	0.0000011
all	572	13	886578	0.0000147
all	573	8	886578	0.0000090
all	574	8	886578	0.0000090
all	575	15	886578	0.0000169
all	576	6	886578	0.0000068
all	577	12	886578	0.0000135
all	578	16	886578	0.0000180
all	579	4	886578	0.0000045
all	580	7	886578	0.0000079
all	581	12	886578	0.0000135
all	582	13	886578	0.0000147
all	583	7	886578	0.0000079
all	584	8	886578	0.0000090
all	585	2	886578	0.0000023
all	586	9	886578	0.0000102
all	587	17	886578	0.0000192
all	588	5	886578	0.0000056
all	589	8	886578	0.0000090
all	590	12	886578	0.0000135
all	591	8	886578	0.0000090
all	592	13	886578	0.0000147
all	593	12	886578	0.0000135
all	594	9	886578	0.0000102
all	595	7	886578	0.0000079
all	596	6	886578	0.0000068
all	597	13	886578	0.0000147
all	598	11	886578	0.0000124
all	599	11	886578	0.0000124
all	600	15	886578	0.0000169
all	601	7	886578	0.0000079
all	602	14	886578	0.0000158
all	603	9	886578	0.0000102
all	604	7	886578	0.0000079
all	605	9	886578	0.0000102
all	606	14	886578	0.0000158
all	607	9	886578	0.0000102
all	608	16	886578	0.0000180
all	609	7	886578	0.0000079
all	610	29	886578	0.0000327
all	611	6	886578	0.0000068
all	612	11	886578	0.0000124
all	613	11	886578	0.0000124
all	614	7	886578	0.0000079
all	615	6	886578	0.0000068
all	616	25	886578	0.0000282
all	617	11	886578	0.0000124
all	618	5	886578	0.0000056
all	619	4	886578	0.0000045
all	620	6	886578	0.0000068
all	621	11	886578	0.0000124
all	622	6	886578	0.0000068
all	623	4	886578	0.0000045
all	624	14	886578	0.0000158
all	625	16	886578	0.0000180
all	626	6	886578	0.0000068
all	627	7	886578	0.0000079
all	628	6	886578	0.0000068
all	629	17	886578	0.0000192
all	630	3	886578	0.0000034
all	631	5	886578	0.0000056
all	632	5	886578	0.0000056
all	633	1	886578	0.0000011
all	634	6	886578	0.0000068
all	635	3	886578	0.0000034
all	636	5	886578	0.0000056
all	637	6	886578	0.0000068
all	638	5	886578	0.0000056
all	639	5	886578	0.0000056
all	640	8	886578	0.0000090
all	641	8	886578	0.0000090
all	642	2	886578	0.0000023
all	643	6	886578	0.0000068
all	644	5	886578	0.0000056
all	645	4	886578	0.0000045
all	646	5	886578	0.0000056
all	647	9	886578	0.0000102
all	648	2	886578	0.0000023
all	649	7	886578	0.0000079
all	650	3	886578	0.0000034
all	651	2	886578	0.0000023
all	652	1	886578	0.0000011
all	653	11	886578	0.0000124
all	654	6	886578	0.0000068
all	655	5	886578	0.0000056
all	656	10	886578	0.0000113
all	657	2	886578	0.0000023
all	658	4	886578	0.0000045
all	659	6	886578	0.0000068
all	660	8	886578	0.0000090
all	661	6	886578	0.0000068
all	662	10	886578	0.0000113
all	663	6	886578	0.0000068
all	664	8	886578	0.0000090
all	665	10	886578	0.0000113
all	666	10	886578	0.0000113
all	667	5	886578	0.0000056
all	668	12	886578	0.0000135
all	669	10	886578	0.0000113
all	670	9	886578	0.0000102
all	671	13	886578	0.0000147
all	672	12	886578	0.0000135
all	673	9	886578	0.0000102
all	674	11	886578	0.0000124
all	675	13	886578	0.0000147
all	676	10	886578	0.0000113
all	677	13	886578	0.0000147
all	678	6	886578	0.0000068
all	679	13	886578	0.0000147
all	680	14	886578	0.0000158
all	681	9	886578	0.0000102
all	682	13	886578	0.0000147
all	683	15	886578	0.0000169
all	684	10	886578	0.0000113
all	685	9	886578	0.0000102
all	686	9	886578	0.0000102
all	687	12	886578	0.0000135
all	688	10	886578	0.0000113
all	689	5	886578	0.0000056
all	690	6	886578	0.0000068
all	691	14	886578	0.0000158
all	692	7	886578	0.0000079
all	693	15	886578	0.0000169
all	694	11	886578	0.0000124
all	695	9	886578	0.0000102
all	696	14	886578	0.0000158
all	697	14	886578	0.0000158
all	698	20	886578	0.0000226
all	699	12	886578	0.0000135
all	700	4	886578	0.0000045
all	701	11	886578	0.0000124
all	702	15	886578	0.0000169
all	703	14	886578	0.0000158
all	704	6	886578	0.0000068
all	705	7	886578	0.0000079
all	706	5	886578	0.0000056
all	707	7	886578	0.0000079
all	708	6	886578	0.0000068
all	709	10	886578	0.0000113
all	710	7	886578	0.0000079
all	711	5	886578	0.0000056
all	712	6	886578	0.0000068
all	713	5	886578	0.0000056
all	714	7	886578	0.0000079
all	715	2	886578	0.0000023
all	716	6	886578	0.0000068
all	717	4	886578	0.0000045
all	718	2	886578	0.0000023
all	719	3	886578	0.0000034
all	720	7	886578	0.0000079
all	721	8	886578	0.0000090
all	722	8	886578	0.0000090
all	723	8	886578	0.0000090
all	724	8	886578	0.0000090
all	725	9	886578	0.0000102
all	726	7	886578	0.0000079
all	727	2	886578	0.0000023
all	728	5	886578	0.0000056
all	729	12	886578	0.0000135
all	730	5	886578	0.0000056
all	731	6	886578	0.0000068
all	732	1	886578	0.0000011
all	733	5	886578	0.0000056
all	734	4	886578	0.0000045
all	735	2	886578	0.0000023
all	736	6	886578	0.0000068
all	737	4	886578	0.0000045
all	738	3	886578	0.0000034
all	739	4	886578	0.0000045
all	740	3	886578	0.0000034
all	741	5	886578	0.0000056
all	742	2	886578	0.0000023
all	743	2	886578	0.0000023
all	744	4	886578	0.0000045
all	745	5	886578	0.0000056
all	746	6	886578	0.0000068
all	747	4	886578	0.0000045
all	748	4	886578	0.0000045
all	749	8	886578	0.0000090
all	750	4	886578	0.0000045
all	751	6	886578	0.0000068
all	752	3	886578	0.0000034
all	753	5	886578	0.0000056
all	754	7	886578	0.0000079
all	755	3	886578	0.0000034
all	756	8	886578	0.0000090
all	757	3	886578	0.0000034
all	758	3	886578	0.0000034
all	759	10	886578	0.0000113
all	760	5	886578	0.0000056
all	761	8	886578	0.0000090
all	762	8	886578	0.0000090
all	763	6	886578	0.0000068
all	764	8	886578	0.0000090
all	765	5	886578	0.0000056
all	766	9	886578	0.0000102
all	767	5	886578	0.0000056
all	768	7	886578	0.0000079
all	769	6	886578	0.0000068
all	770	10	886578	0.0000113
all	771	4	886578	0.0000045
all	772	5	886578	0.0000056
all	773	3	886578	0.0000034
all	774	10	886578	0.0000113
all	775	5	886578	0.0000056
all	776	8	886578	0.0000090
all	777	4	886578	0.0000045
all	778	4	886578	0.0000045
all	779	9	886578	0.0000102
all	780	7	886578	0.0000079
all	781	9	886578	0.0000102
all	782	2	886578	0.0000023
all	783	5	886578	0.0000056
all	784	2	886578	0.0000023
all	785	6	886578	0.0000068
all	786	8	886578	0.0000090
all	787	8	886578	0.0000090
all	788	1	886578	0.0000011
all	789	8	886578	0.0000090
all	790	4	886578	0.0000045
all	791	15	886578	0.0000169
all	792	9	886578	0.0000102
all	793	5	886578	0.0000056
all	794	5	886578	0.0000056
all	795	10	886578	0.0000113
all	796	3	886578	0.0000034
all	797	13	886578	0.0000147
all	798	2	886578	0.0000023
all	799	3	886578	0.0000034
all	800	1	886578	0.0000011
all	801	11	886578	0.0000124
all	802	7	886578	0.0000079
all	803	8	886578	0.0000090
all	804	6	886578	0.0000068
all	805	5	886578	0.0000056
all	806	5	886578	0.0000056
all	807	4	886578	0.0000045
all	808	2	886578	0.0000023
all	809	4	886578	0.0000045
all	810	6	886578	0.0000068
all	811	2	886578	0.0000023
all	813	7	886578	0.0000079
all	814	5	886578	0.0000056
all	815	2	886578	0.0000023
all	816	8	886578	0.0000090
all	817	9	886578	0.0000102
all	818	3	886578	0.0000034
all	819	6	886578	0.0000068
all	820	6	886578	0.0000068
all	821	7	886578	0.0000079
all	822	8	886578	0.0000090
all	823	3	886578	0.0000034
all	824	7	886578	0.0000079
all	825	3	886578	0.0000034
all	826	5	886578	0.0000056
all	827	4	886578	0.0000045
all	828	8	886578	0.0000090
all	829	2	886578	0.0000023
all	830	5	886578	0.0000056
all	831	3	886578	0.0000034
all	832	8	886578	0.0000090
all	833	6	886578	0.0000068
all	834	6	886578	0.0000068
all	835	7	886578	0.0000079
all	836	5	886578	0.0000056
all	837	7	886578	0.0000079
all	838	7	886578	0.0000079
all	839	10	886578	0.0000113
all	840	7	886578	0.0000079
all	841	1	886578	0.0000011
all	842	5	886578	0.0000056
all	843	4	886578	0.0000045
all	844	6	886578	0.0000068
all	845	5	886578	0.0000056
all	846	9	886578	0.0000102
all	847	4	886578	0.0000045
all	848	6	886578	0.0000068
all	849	3	886578	0.0000034
all	850	4	886578	0.0000045
all	851	4	886578	0.0000045
all	852	6	886578	0.0000068
all	853	9	886578	0.0000102
all	854	7	886578	0.0000079
all	855	5	886578	0.0000056
all	856	6	886578	0.0000068
all	857	3	886578	0.0000034
all	858	3	886578	0.0000034
all	859	7	886578	0.0000079
all	860	8	886578	0.0000090
all	861	3	886578	0.0000034
all	862	6	886578	0.0000068
all	863	4	886578	0.0000045
all	864	4	886578	0.0000045
all	865	7	886578	0.0000079
all	866	7	886578	0.0000079
all	867	3	886578	0.0000034
all	868	4	886578	0.0000045
all	869	4	886578	0.0000045
all	870	4	886578	0.0000045
all	871	6	886578	0.0000068
all	872	4	886578	0.0000045
all	873	8	886578	0.0000090
all	874	6	886578	0.0000068
all	875	9	886578	0.0000102
all	876	5	886578	0.0000056
all	877	3	886578	0.0000034
all	878	6	886578	0.0000068
all	879	3	886578	0.0000034
all	880	7	886578	0.0000079
all	881	2	886578	0.0000023
all	882	10	886578	0.0000113
all	883	8	886578	0.0000090
all	884	9	886578	0.0000102
all	885	10	886578	0.0000113
all	886	12	886578	0.0000135
all	887	7	886578	0.0000079
all	888	9	886578	0.0000102
all	889	6	886578	0.0000068
all	890	13	886578	0.0000147
all	891	6	886578	0.0000068
all	892	9	886578	0.0000102
all	893	8	886578	0.0000090
all	894	5	886578	0.0000056
all	895	7	886578	0.0000079
all	896	5	886578	0.0000056
all	897	10	886578	0.0000113
all	898	11	886578	0.0000124
all	899	4	886578	0.0000045
all	900	4	886578	0.0000045
all	901	3	886578	0.0000034
all	902	13	886578	0.0000147
all	903	12	886578	0.0000135
all	904	5	886578	0.0000056
all	905	7	886578	0.0000079
all	906	7	886578	0.0000079
all	907	6	886578	0.0000068
all	908	3	886578	0.0000034
all	909	8	886578	0.0000090
all	910	5	886578	0.0000056
all	911	10	886578	0.0000113
all	912	5	886578	0.0000056
all	913	8	886578	0.0000090
all	914	6	886578	0.0000068
all	915	9	886578	0.0000102
all	916	5	886578	0.0000056
all	917	4	886578	0.0000045
all	918	8	886578	0.0000090
all	919	5	886578	0.0000056
all	920	8	886578	0.0000090
all	921	2	886578	0.0000023
all	922	7	886578	0.0000079
all	923	8	886578	0.0000090
all	924	6	886578	0.0000068
all	925	6	886578	0.0000068
all	926	4	886578	0.0000045
all	927	9	886578	0.0000102
all	928	4	886578	0.0000045
all	929	13	886578	0.0000147
all	930	9	886578	0.0000102
all	931	8	886578	0.0000090
all	932	8	886578	0.0000090
all	933	7	886578	0.0000079
all	934	7	886578	0.0000079
all	935	7	886578	0.0000079
all	936	8	886578	0.0000090
all	937	8	886578	0.0000090
all	938	2	886578	0.0000023
all	939	6	886578	0.0000068
all	940	6	886578	0.0000068
all	941	6	886578	0.0000068
all	942	9	886578	0.0000102
all	943	5	886578	0.0000056
all	944	4	886578	0.0000045
all	945	4	886578	0.0000045
all	946	8	886578	0.0000090
all	947	9	886578	0.0000102
all	948	9	886578	0.0000102
all	949	10	886578	0.0000113
all	950	8	886578	0.0000090
all	951	11	886578	0.0000124
all	952	15	886578	0.0000169
all	953	4	886578	0.0000045
all	954	6	886578	0.0000068
all	955	7	886578	0.0000079
all	956	6	886578	0.0000068
all	957	5	886578	0.0000056
all	958	2	886578	0.0000023
all	959	5	886578	0.0000056
all	960	5	886578	0.0000056
all	961	3	886578	0.0000034
all	962	2	886578	0.0000023
all	963	10	886578	0.0000113
all	964	6	886578	0.0000068
all	965	5	886578	0.0000056
all	966	2	886578	0.0000023
all	967	5	886578	0.0000056
all	968	6	886578	0.0000068
all	969	6	886578	0.0000068
all	970	3	886578	0.0000034
all	971	1	886578	0.0000011
all	972	9	886578	0.0000102
all	973	4	886578	0.0000045
all	974	6	886578	0.0000068
all	975	3	886578	0.0000034
all	976	6	886578	0.0000068
all	977	5	886578	0.0000056
all	978	4	886578	0.0000045
all	979	2	886578	0.0000023
all	980	3	886578	0.0000034
all	981	4	886578	0.0000045
all	982	1	886578	0.0000011
all	983	5	886578	0.0000056
all	984	6	886578	0.0000068
all	985	7	886578	0.0000079
all	986	3	886578	0.0000034
all	987	2	886578	0.0000023
all	988	6	886578	0.0000068
all	989	3	886578	0.0000034
all	990	2	886578	0.0000023
all	991	5	886578	0.0000056
all	992	7	886578	0.0000079
all	993	4	886578	0.0000045
all	995	3	886578	0.0000034
all	996	4	886578	0.0000045
all	997	5	886578	0.0000056
all	998	3	886578	0.0000034
all	999	6	886578	0.0000068
all	1000	4	886578	0.0000045
all	1001	6	886578	0.0000068
all	1002	2	886578	0.0000023
all	1003	3	886578	0.0000034
all	1004	4	886578	0.0000045
all	1005	7	886578	0.0000079
all	1006	3	886578	0.0000034
all	1007	8	886578	0.0000090
all	1008	5	886578	0.0000056
all	1009	1	886578	0.0000011
all	1010	9	886578	0.0000102
all	1011	6	886578	0.0000068
all	1012	4	886578	0.0000045
all	1013	5	886578	0.0000056
all	1014	5	886578	0.0000056
all	1015	5	886578	0.0000056
all	1016	7	886578	0.0000079
all	1017	10	886578	0.0000113
all	1018	5	886578	0.0000056
all	1019	8	886578	0.0000090
all	1020	3	886578	0.0000034
all	1021	3	886578	0.0000034
all	1022	4	886578	0.0000045
all	1023	1	886578	0.0000011
all	1024	5	886578	0.0000056
all	1025	7	886578	0.0000079
all	1026	4	886578	0.0000045
all	1027	5	886578	0.0000056
all	1028	7	886578	0.0000079
all	1029	7	886578	0.0000079
all	1030	2	886578	0.0000023
all	1031	6	886578	0.0000068
all	1032	7	886578	0.0000079
all	1033	2	886578	0.0000023
all	1034	4	886578	0.0000045
all	1035	4	886578	0.0000045
all	1036	5	886578	0.0000056
all	1038	5	886578	0.0000056
all	1039	2	886578	0.0000023
all	1040	3	886578	0.0000034
all	1041	1	886578	0.0000011
all	1042	6	886578	0.0000068
all	1043	5	886578	0.0000056
all	1044	5	886578	0.0000056
all	1045	4	886578	0.0000045
all	1046	2	886578	0.0000023
all	1047	7	886578	0.0000079
all	1048	2	886578	0.0000023
all	1049	3	886578	0.0000034
all	1050	4	886578	0.0000045
all	1051	10	886578	0.0000113
all	1052	10	886578	0.0000113
all	1053	1	886578	0.0000011
all	1054	9	886578	0.0000102
all	1055	6	886578	0.0000068
all	1056	5	886578	0.0000056
all	1057	8	886578	0.0000090
all	1058	3	886578	0.0000034
all	1059	2	886578	0.0000023
all	1060	1	886578	0.0000011
all	1061	6	886578	0.0000068
all	1062	6	886578	0.0000068
all	1063	8	886578	0.0000090
all	1064	5	886578	0.0000056
all	1065	1	886578	0.0000011
all	1066	2	886578	0.0000023
all	1067	10	886578	0.0000113
all	1068	3	886578	0.0000034
all	1069	10	886578	0.0000113
all	1070	3	886578	0.0000034
all	1071	7	886578	0.0000079
all	1072	1	886578	0.0000011
all	1073	4	886578	0.0000045
all	1074	5	886578	0.0000056
all	1075	7	886578	0.0000079
all	1076	3	886578	0.0000034
all	1077	1	886578	0.0000011
all	1078	2	886578	0.0000023
all	1079	8	886578	0.0000090
all	1080	3	886578	0.0000034
all	1081	10	886578	0.0000113
all	1082	7	886578	0.0000079
all	1083	13	886578	0.0000147
all	1084	7	886578	0.0000079
all	1085	5	886578	0.0000056
all	1086	6	886578	0.0000068
all	1087	10	886578	0.0000113
all	1088	3	886578	0.0000034
all	1089	4	886578	0.0000045
all	1090	6	886578	0.0000068
all	1091	4	886578	0.0000045
all	1092	5	886578	0.0000056
all	1093	2	886578	0.0000023
all	1094	1	886578	0.0000011
all	1095	6	886578	0.0000068
all	1096	1	886578	0.0000011
all	1097	6	886578	0.0000068
all	1098	5	886578	0.0000056
all	1099	5	886578	0.0000056
all	1100	1	886578	0.0000011
all	1101	3	886578	0.0000034
all	1102	3	886578	0.0000034
all	1103	4	886578	0.0000045
all	1104	2	886578	0.0000023
all	1105	2	886578	0.0000023
all	1106	3	886578	0.0000034
all	1108	5	886578	0.0000056
all	1109	4	886578	0.0000045
all	1110	6	886578	0.0000068
all	1111	3	886578	0.0000034
all	1112	4	886578	0.0000045
all	1113	3	886578	0.0000034
all	1114	3	886578	0.0000034
all	1115	7	886578	0.0000079
all	1116	5	886578	0.0000056
all	1117	3	886578	0.0000034
all	1118	1	886578	0.0000011
all	1119	1	886578	0.0000011
all	1120	7	886578	0.0000079
all	1121	5	886578	0.0000056
all	1122	6	886578	0.0000068
all	1123	2	886578	0.0000023
all	1124	3	886578	0.0000034
all	1125	3	886578	0.0000034
all	1126	2	886578	0.0000023
all	1127	3	886578	0.0000034
all	1128	4	886578	0.0000045
all	1129	1	886578	0.0000011
all	1130	3	886578	0.0000034
all	1131	6	886578	0.0000068
all	1132	3	886578	0.0000034
all	1133	1	886578	0.0000011
all	1134	5	886578	0.0000056
all	1135	8	886578	0.0000090
all	1136	3	886578	0.0000034
all	1137	1	886578	0.0000011
all	1138	3	886578	0.0000034
all	1139	7	886578	0.0000079
all	1140	5	886578	0.0000056
all	1141	2	886578	0.0000023
all	1142	3	886578	0.0000034
all	1143	5	886578	0.0000056
all	1144	3	886578	0.0000034
all	1145	3	886578	0.0000034
all	1146	2	886578	0.0000023
all	1147	3	886578	0.0000034
all	1148	5	886578	0.0000056
all	1149	4	886578	0.0000045
all	1150	4	886578	0.0000045
all	1151	6	886578	0.0000068
all	1152	2	886578	0.0000023
all	1153	2	886578	0.0000023
all	1154	3	886578	0.0000034
all	1155	2	886578	0.0000023
all	1157	1	886578	0.0000011
all	1158	4	886578	0.0000045
all	1159	3	886578	0.0000034
all	1160	7	886578	0.0000079
all	1161	2	886578	0.0000023
all	1163	6	886578	0.0000068
all	1164	2	886578	0.0000023
all	1165	4	886578	0.0000045
all	1166	3	886578	0.0000034
all	1167	4	886578	0.0000045
all	1168	6	886578	0.0000068
all	1169	3	886578	0.0000034
all	1170	2	886578	0.0000023
all	1171	4	886578	0.0000045
all	1172	2	886578	0.0000023
all	1173	3	886578	0.0000034
all	1174	4	886578	0.0000045
all	1175	1	886578	0.0000011
all	1176	5	886578	0.0000056
all	1177	4	886578	0.0000045
all	1178	1	886578	0.0000011
all	1179	3	886578	0.0000034
all	1180	2	886578	0.0000023
all	1181	7	886578	0.0000079
all	1182	1	886578	0.0000011
all	1183	7	886578	0.0000079
all	1184	1	886578	0.0000011
all	1185	4	886578	0.0000045
all	1186	16	886578	0.0000180
all	1187	1	886578	0.0000011
all	1188	6	886578	0.0000068
all	1189	4	886578	0.0000045
all	1190	6	886578	0.0000068
all	1191	3	886578	0.0000034
all	1192	6	886578	0.0000068
all	1193	2	886578	0.0000023
all	1194	1	886578	0.0000011
all	1195	5	886578	0.0000056
all	1196	6	886578	0.0000068
all	1197	3	886578	0.0000034
all	1198	4	886578	0.0000045
all	1199	4	886578	0.0000045
all	1200	2	886578	0.0000023
all	1201	2	886578	0.0000023
all	1202	3	886578	0.0000034
all	1203	4	886578	0.0000045
all	1204	2	886578	0.0000023
all	1205	4	886578	0.0000045
all	1206	3	886578	0.0000034
all	1207	5	886578	0.0000056
all	1208	2	886578	0.0000023
all	1209	4	886578	0.0000045
all	1210	3	886578	0.0000034
all	1211	2	886578	0.0000023
all	1212	6	886578	0.0000068
all	1213	2	886578	0.0000023
all	1214	6	886578	0.0000068
all	1215	1	886578	0.0000011
all	1216	7	886578	0.0000079
all	1217	2	886578	0.0000023
all	1218	9	886578	0.0000102
all	1219	3	886578	0.0000034
all	1220	5	886578	0.0000056
all	1221	4	886578	0.0000045
all	1222	6	886578	0.0000068
all	1223	10	886578	0.0000113
all	1224	7	886578	0.0000079
all	1225	6	886578	0.0000068
all	1226	3	886578	0.0000034
all	1227	2	886578	0.0000023
all	1228	3	886578	0.0000034
all	1229	1	886578	0.0000011
all	1230	1	886578	0.0000011
all	1231	3	886578	0.0000034
all	1232	7	886578	0.0000079
all	1233	4	886578	0.0000045
all	1234	4	886578	0.0000045
all	1235	8	886578	0.0000090
all	1236	3	886578	0.0000034
all	1237	3	886578	0.0000034
all	1238	1	886578	0.0000011
all	1239	4	886578	0.0000045
all	1240	1	886578	0.0000011
all	1241	3	886578	0.0000034
all	1242	3	886578	0.0000034
all	1243	7	886578	0.0000079
all	1244	3	886578	0.0000034
all	1245	2	886578	0.0000023
all	1246	8	886578	0.0000090
all	1247	6	886578	0.0000068
all	1248	4	886578	0.0000045
all	1249	3	886578	0.0000034
all	1250	8	886578	0.0000090
all	1251	5	886578	0.0000056
all	1252	7	886578	0.0000079
all	1253	2	886578	0.0000023
all	1254	2	886578	0.0000023
all	1255	3	886578	0.0000034
all	1256	5	886578	0.0000056
all	1257	4	886578	0.0000045
all	1258	3	886578	0.0000034
all	1259	1	886578	0.0000011
all	1260	6	886578	0.0000068
all	1261	5	886578	0.0000056
all	1262	5	886578	0.0000056
all	1263	7	886578	0.0000079
all	1264	6	886578	0.0000068
all	1265	6	886578	0.0000068
all	1266	4	886578	0.0000045
all	1267	3	886578	0.0000034
all	1268	7	886578	0.0000079
all	1269	4	886578	0.0000045
all	1270	3	886578	0.0000034
all	1271	5	886578	0.0000056
all	1272	5	886578	0.0000056
all	1273	13	886578	0.0000147
all	1274	3	886578	0.0000034
all	1275	3	886578	0.0000034
all	1276	2	886578	0.0000023
all	1277	5	886578	0.0000056
all	1278	6	886578	0.0000068
all	1279	7	886578	0.0000079
all	1280	10	886578	0.0000113
all	1281	2	886578	0.0000023
all	1282	9	886578	0.0000102
all	1283	6	886578	0.0000068
all	1284	8	886578	0.0000090
all	1285	5	886578	0.0000056
all	1286	4	886578	0.0000045
all	1287	2	886578	0.0000023
all	1288	4	886578	0.0000045
all	1289	7	886578	0.0000079
all	1290	7	886578	0.0000079
all	1291	3	886578	0.0000034
all	1292	5	886578	0.0000056
all	1293	3	886578	0.0000034
all	1294	2	886578	0.0000023
all	1295	1	886578	0.0000011
all	1296	3	886578	0.0000034
all	1297	6	886578	0.0000068
all	1298	4	886578	0.0000045
all	1299	3	886578	0.0000034
all	1300	8	886578	0.0000090
all	1301	9	886578	0.0000102
all	1302	7	886578	0.0000079
all	1303	9	886578	0.0000102
all	1304	8	886578	0.0000090
all	1305	4	886578	0.0000045
all	1306	5	886578	0.0000056
all	1307	3	886578	0.0000034
all	1308	4	886578	0.0000045
all	1309	3	886578	0.0000034
all	1311	3	886578	0.0000034
all	1312	3	886578	0.0000034
all	1313	8	886578	0.0000090
all	1314	4	886578	0.0000045
all	1315	6	886578	0.0000068
all	1316	1	886578	0.0000011
all	1317	4	886578	0.0000045
all	1318	3	886578	0.0000034
all	1319	1	886578	0.0000011
all	1320	2	886578	0.0000023
all	1321	4	886578	0.0000045
all	1322	1	886578	0.0000011
all	1323	1	886578	0.0000011
all	1325	4	886578	0.0000045
all	1326	4	886578	0.0000045
all	1327	2	886578	0.0000023
all	1328	3	886578	0.0000034
all	1329	4	886578	0.0000045
all	1330	3	886578	0.0000034
all	1331	5	886578	0.0000056
all	1332	2	886578	0.0000023
all	1333	2	886578	0.0000023
all	1334	2	886578	0.0000023
all	1335	2	886578	0.0000023
all	1336	8	886578	0.0000090
all	1337	2	886578	0.0000023
all	1338	2	886578	0.0000023
all	1339	4	886578	0.0000045
all	1340	2	886578	0.0000023
all	1341	3	886578	0.0000034
all	1342	2	886578	0.0000023
all	1343	2	886578	0.0000023
all	1344	1	886578	0.0000011
all	1345	2	886578	0.0000023
all	1346	2	886578	0.0000023
all	1347	6	886578	0.0000068
all	1349	3	886578	0.0000034
all	1350	1	886578	0.0000011
all	1351	3	886578	0.0000034
all	1352	6	886578	0.0000068
all	1353	3	886578	0.0000034
all	1354	7	886578	0.0000079
all	1355	3	886578	0.0000034
all	1356	3	886578	0.0000034
all	1357	6	886578	0.0000068
all	1358	2	886578	0.0000023
all	1359	6	886578	0.0000068
all	1360	2	886578	0.0000023
all	1361	5	886578	0.0000056
all	1362	1	886578	0.0000011
all	1363	5	886578	0.0000056
all	1364	4	886578	0.0000045
all	1365	8	886578	0.0000090
all	1366	5	886578	0.0000056
all	1367	4	886578	0.0000045
all	1368	6	886578	0.0000068
all	1369	3	886578	0.0000034
all	1370	5	886578	0.0000056
all	1371	3	886578	0.0000034
all	1372	7	886578	0.0000079
all	1373	2	886578	0.0000023
all	1374	8	886578	0.0000090
all	1375	2	886578	0.0000023
all	1376	6	886578	0.0000068
all	1377	2	886578	0.0000023
all	1378	9	886578	0.0000102
all	1379	2	886578	0.0000023
all	1380	5	886578	0.0000056
all	1381	1	886578	0.0000011
all	1382	2	886578	0.0000023
all	1383	4	886578	0.0000045
all	1384	6	886578	0.0000068
all	1385	3	886578	0.0000034
all	1386	4	886578	0.0000045
all	1387	2	886578	0.0000023
all	1388	5	886578	0.0000056
all	1389	8	886578	0.0000090
all	1390	4	886578	0.0000045
all	1391	2	886578	0.0000023
all	1392	3	886578	0.0000034
all	1393	4	886578	0.0000045
all	1394	5	886578	0.0000056
all	1396	3	886578	0.0000034
all	1397	3	886578	0.0000034
all	1398	3	886578	0.0000034
all	1399	1	886578	0.0000011
all	1400	3	886578	0.0000034
all	1401	2	886578	0.0000023
all	1402	5	886578	0.0000056
all	1403	1	886578	0.0000011
all	1404	2	886578	0.0000023
all	1405	1	886578	0.0000011
all	1406	2	886578	0.0000023
all	1407	3	886578	0.0000034
all	1408	4	886578	0.0000045
all	1409	1	886578	0.0000011
all	1410	2	886578	0.0000023
all	1411	1	886578	0.0000011
all	1412	1	886578	0.0000011
all	1413	4	886578	0.0000045
all	1414	6	886578	0.0000068
all	1415	1	886578	0.0000011
all	1416	4	886578	0.0000045
all	1417	2	886578	0.0000023
all	1418	2	886578	0.0000023
all	1419	4	886578	0.0000045
all	1420	5	886578	0.0000056
all	1421	5	886578	0.0000056
all	1423	9	886578	0.0000102
all	1424	3	886578	0.0000034
all	1425	3	886578	0.0000034
all	1426	3	886578	0.0000034
all	1427	3	886578	0.0000034
all	1428	2	886578	0.0000023
all	1429	4	886578	0.0000045
all	1430	2	886578	0.0000023
all	1431	5	886578	0.0000056
all	1432	1	886578	0.0000011
all	1433	3	886578	0.0000034
all	1434	1	886578	0.0000011
all	1435	1	886578	0.0000011
all	1436	4	886578	0.0000045
all	1437	5	886578	0.0000056
all	1438	10	886578	0.0000113
all	1439	6	886578	0.0000068
all	1440	5	886578	0.0000056
all	1441	2	886578	0.0000023
all	1442	3	886578	0.0000034
all	1443	2	886578	0.0000023
all	1444	2	886578	0.0000023
all	1445	4	886578	0.0000045
all	1446	9	886578	0.0000102
all	1447	4	886578	0.0000045
all	1448	4	886578	0.0000045
all	1449	6	886578	0.0000068
all	1450	4	886578	0.0000045
all	1451	5	886578	0.0000056
all	1452	2	886578	0.0000023
all	1453	10	886578	0.0000113
all	1454	8	886578	0.0000090
all	1455	2	886578	0.0000023
all	1456	4	886578	0.0000045
all	1457	1	886578	0.0000011
all	1458	4	886578	0.0000045
all	1459	5	886578	0.0000056
all	1460	7	886578	0.0000079
all	1461	8	886578	0.0000090
all	1462	3	886578	0.0000034
all	1463	4	886578	0.0000045
all	1464	7	886578	0.0000079
all	1465	8	886578	0.0000090
all	1466	4	886578	0.0000045
all	1467	13	886578	0.0000147
all	1468	7	886578	0.0000079
all	1469	4	886578	0.0000045
all	1470	4	886578	0.0000045
all	1471	2	886578	0.0000023
all	1472	3	886578	0.0000034
all	1473	6	886578	0.0000068
all	1474	3	886578	0.0000034
all	1475	4	886578	0.0000045
all	1476	5	886578	0.0000056
all	1477	7	886578	0.0000079
all	1478	2	886578	0.0000023
all	1479	5	886578	0.0000056
all	1480	2	886578	0.0000023
all	1482	1	886578	0.0000011
all	1483	5	886578	0.0000056
all	1484	1	886578	0.0000011
all	1485	4	886578	0.0000045
all	1486	2	886578	0.0000023
all	1487	2	886578	0.0000023
all	1488	5	886578	0.0000056
all	1489	3	886578	0.0000034
all	1490	2	886578	0.0000023
all	1491	1	886578	0.0000011
all	1492	4	886578	0.0000045
all	1493	2	886578	0.0000023
all	1495	2	886578	0.0000023
all	1496	3	886578	0.0000034
all	1497	2	886578	0.0000023
all	1499	6	886578	0.0000068
all	1500	1	886578	0.0000011
all	1501	3	886578	0.0000034
all	1502	5	886578	0.0000056
all	1503	4	886578	0.0000045
all	1504	9	886578	0.0000102
all	1505	1	886578	0.0000011
all	1506	2	886578	0.0000023
all	1507	2	886578	0.0000023
all	1508	5	886578	0.0000056
all	1509	3	886578	0.0000034
all	1510	6	886578	0.0000068
all	1511	2	886578	0.0000023
all	1512	1	886578	0.0000011
all	1513	3	886578	0.0000034
all	1515	4	886578	0.0000045
all	1516	5	886578	0.0000056
all	1517	7	886578	0.0000079
all	1518	8	886578	0.0000090
all	1519	7	886578	0.0000079
all	1520	5	886578	0.0000056
all	1521	4	886578	0.0000045
all	1522	3	886578	0.0000034
all	1523	6	886578	0.0000068
all	1524	2	886578	0.0000023
all	1525	5	886578	0.0000056
all	1526	5	886578	0.0000056
all	1527	15	886578	0.0000169
all	1528	2	886578	0.0000023
all	1529	4	886578	0.0000045
all	1530	5	886578	0.0000056
all	1531	1	886578	0.0000011
all	1532	4	886578	0.0000045
all	1533	2	886578	0.0000023
all	1534	2	886578	0.0000023
all	1535	5	886578	0.0000056
all	1536	9	886578	0.0000102
all	1537	7	886578	0.0000079
all	1538	5	886578	0.0000056
all	1539	3	886578	0.0000034
all	1540	6	886578	0.0000068
all	1541	8	886578	0.0000090
all	1542	3	886578	0.0000034
all	1543	6	886578	0.0000068
all	1544	4	886578	0.0000045
all	1545	2	886578	0.0000023
all	1546	2	886578	0.0000023
all	1547	1	886578	0.0000011
all	1548	5	886578	0.0000056
all	1549	8	886578	0.0000090
all	1550	3	886578	0.0000034
all	1552	3	886578	0.0000034
all	1553	4	886578	0.0000045
all	1554	5	886578	0.0000056
all	1555	3	886578	0.0000034
all	1556	2	886578	0.0000023
all	1557	1	886578	0.0000011
all	1558	2	886578	0.0000023
all	1559	1	886578	0.0000011
all	1560	2	886578	0.0000023
all	1561	3	886578	0.0000034
all	1562	5	886578	0.0000056
all	1563	1	886578	0.0000011
all	1565	4	886578	0.0000045
all	1566	3	886578	0.0000034
all	1567	3	886578	0.0000034
all	1568	3	886578	0.0000034
all	1569	1	886578	0.0000011
all	1570	4	886578	0.0000045
all	1571	1	886578	0.0000011
all	1572	2	886578	0.0000023
all	1573	2	886578	0.0000023
all	1574	2	886578	0.0000023
all	1576	2	886578	0.0000023
all	1577	1	886578	0.0000011
all	1578	3	886578	0.0000034
all	1579	1	886578	0.0000011
all	1580	1	886578	0.0000011
all	1581	2	886578	0.0000023
all	1582	2	886578	0.0000023
all	1583	2	886578	0.0000023
all	1584	2	886578	0.0000023
all	1585	1	886578	0.0000011
all	1586	1	886578	0.0000011
all	1587	1	886578	0.0000011
all	1588	1	886578	0.0000011
all	1589	2	886578	0.0000023
all	1590	3	886578	0.0000034
all	1591	2	886578	0.0000023
all	1592	1	886578	0.0000011
all	1593	2	886578	0.0000023
all	1594	1	886578	0.0000011
all	1595	2	886578	0.0000023
all	1596	1	886578	0.0000011
all	1597	3	886578	0.0000034
all	1599	1	886578	0.0000011
all	1600	1	886578	0.0000011
all	1602	2	886578	0.0000023
all	1603	1	886578	0.0000011
all	1604	4	886578	0.0000045
all	1605	4	886578	0.0000045
all	1606	1	886578	0.0000011
all	1607	2	886578	0.0000023
all	1609	3	886578	0.0000034
all	1610	3	886578	0.0000034
all	1611	2	886578	0.0000023
all	1613	2	886578	0.0000023
all	1614	3	886578	0.0000034
all	1615	2	886578	0.0000023
all	1616	3	886578	0.0000034
all	1617	2	886578	0.0000023
all	1618	1	886578	0.0000011
all	1620	1	886578	0.0000011
all	1621	2	886578	0.0000023
all	1622	1	886578	0.0000011
all	1623	3	886578	0.0000034
all	1625	3	886578	0.0000034
all	1626	3	886578	0.0000034
all	1627	1	886578	0.0000011
all	1628	3	886578	0.0000034
all	1630	2	886578	0.0000023
all	1631	2	886578	0.0000023
all	1632	2	886578	0.0000023
all	1633	2	886578	0.0000023
all	1634	4	886578	0.0000045
all	1635	5	886578	0.0000056
all	1636	4	886578	0.0000045
all	1637	3	886578	0.0000034
all	1638	2	886578	0.0000023
all	1639	3	886578	0.0000034
all	1640	3	886578	0.0000034
all	1641	3	886578	0.0000034
all	1642	1	886578	0.0000011
all	1645	2	886578	0.0000023
all	1646	1	886578	0.0000011
all	1647	6	886578	0.0000068
all	1648	2	886578	0.0000023
all	1649	4	886578	0.0000045
all	1650	2	886578	0.0000023
all	1651	3	886578	0.0000034
all	1652	1	886578	0.0000011
all	1653	4	886578	0.0000045
all	1655	2	886578	0.0000023
all	1656	4	886578	0.0000045
all	1657	2	886578	0.0000023
all	1659	1	886578	0.0000011
all	1660	3	886578	0.0000034
all	1661	1	886578	0.0000011
all	1662	5	886578	0.0000056
all	1663	3	886578	0.0000034
all	1664	2	886578	0.0000023
all	1665	1	886578	0.0000011
all	1666	3	886578	0.0000034
all	1667	3	886578	0.0000034
all	1668	1	886578	0.0000011
all	1670	4	886578	0.0000045
all	1671	4	886578	0.0000045
all	1672	2	886578	0.0000023
all	1673	2	886578	0.0000023
all	1674	2	886578	0.0000023
all	1675	2	886578	0.0000023
all	1677	1	886578	0.0000011
all	1678	2	886578	0.0000023
all	1679	2	886578	0.0000023
all	1680	1	886578	0.0000011
all	1682	2	886578	0.0000023
all	1683	2	886578	0.0000023
all	1684	2	886578	0.0000023
all	1685	2	886578	0.0000023
all	1686	1	886578	0.0000011
all	1687	1	886578	0.0000011
all	1689	2	886578	0.0000023
all	1690	3	886578	0.0000034
all	1691	2	886578	0.0000023
all	1692	3	886578	0.0000034
all	1693	4	886578	0.0000045
all	1694	1	886578	0.0000011
all	1695	1	886578	0.0000011
all	1696	1	886578	0.0000011
all	1697	1	886578	0.0000011
all	1699	1	886578	0.0000011
all	1700	4	886578	0.0000045
all	1701	1	886578	0.0000011
all	1702	2	886578	0.0000023
all	1703	1	886578	0.0000011
all	1704	1	886578	0.0000011
all	1705	1	886578	0.0000011
all	1707	2	886578	0.0000023
all	1708	1	886578	0.0000011
all	1710	2	886578	0.0000023
all	1711	1	886578	0.0000011
all	1712	2	886578	0.0000023
all	1713	3	886578	0.0000034
all	1715	2	886578	0.0000023
all	1716	1	886578	0.0000011
all	1719	1	886578	0.0000011
all	1720	2	886578	0.0000023
all	1721	5	886578	0.0000056
all	1722	1	886578	0.0000011
all	1723	1	886578	0.0000011
all	1724	3	886578	0.0000034
all	1725	4	886578	0.0000045
all	1726	3	886578	0.0000034
all	1727	1	886578	0.0000011
all	1728	2	886578	0.0000023
all	1729	3	886578	0.0000034
all	1730	4	886578	0.0000045
all	1731	3	886578	0.0000034
all	1732	2	886578	0.0000023
all	1733	1	886578	0.0000011
all	1734	1	886578	0.0000011
all	1735	4	886578	0.0000045
all	1736	3	886578	0.0000034
all	1737	2	886578	0.0000023
all	1738	3	886578	0.0000034
all	1740	1	886578	0.0000011
all	1741	1	886578	0.0000011
all	1742	1	886578	0.0000011
all	1743	1	886578	0.0000011
all	1744	5	886578	0.0000056
all	1746	2	886578	0.0000023
all	1749	2	886578	0.0000023
all	1750	4	886578	0.0000045
all	1751	4	886578	0.0000045
all	1752	2	886578	0.0000023
all	1753	1	886578	0.0000011
all	1755	2	886578	0.0000023
all	1756	6	886578	0.0000068
all	1757	2	886578	0.0000023
all	1758	3	886578	0.0000034
all	1759	2	886578	0.0000023
all	1760	3	886578	0.0000034
all	1761	2	886578	0.0000023
all	1763	3	886578	0.0000034
all	1764	3	886578	0.0000034
all	1765	5	886578	0.0000056
all	1766	2	886578	0.0000023
all	1767	3	886578	0.0000034
all	1768	2	886578	0.0000023
all	1770	2	886578	0.0000023
all	1771	3	886578	0.0000034
all	1772	2	886578	0.0000023
all	1773	3	886578	0.0000034
all	1774	1	886578	0.0000011
all	1775	3	886578	0.0000034
all	1776	2	886578	0.0000023
all	1777	4	886578	0.0000045
all	1778	5	886578	0.0000056
all	1779	5	886578	0.0000056
all	1780	5	886578	0.0000056
all	1781	2	886578	0.0000023
all	1782	3	886578	0.0000034
all	1784	3	886578	0.0000034
all	1785	4	886578	0.0000045
all	1786	1	886578	0.0000011
all	1787	2	886578	0.0000023
all	1788	3	886578	0.0000034
all	1790	2	886578	0.0000023
all	1792	3	886578	0.0000034
all	1793	1	886578	0.0000011
all	1794	2	886578	0.0000023
all	1795	4	886578	0.0000045
all	1796	3	886578	0.0000034
all	1797	2	886578	0.0000023
all	1798	1	886578	0.0000011
all	1799	1	886578	0.0000011
all	1800	5	886578	0.0000056
all	1802	3	886578	0.0000034
all	1803	1	886578	0.0000011
all	1804	2	886578	0.0000023
all	1805	2	886578	0.0000023
all	1806	2	886578	0.0000023
all	1807	4	886578	0.0000045
all	1808	3	886578	0.0000034
all	1809	4	886578	0.0000045
all	1810	1	886578	0.0000011
all	1811	1	886578	0.0000011
all	1813	2	886578	0.0000023
all	1814	2	886578	0.0000023
all	1815	1	886578	0.0000011
all	1816	1	886578	0.0000011
all	1817	3	886578	0.0000034
all	1818	4	886578	0.0000045
all	1819	6	886578	0.0000068
all	1820	3	886578	0.0000034
all	1821	6	886578	0.0000068
all	1823	1	886578	0.0000011
all	1824	1	886578	0.0000011
all	1825	4	886578	0.0000045
all	1826	1	886578	0.0000011
all	1827	4	886578	0.0000045
all	1828	6	886578	0.0000068
all	1829	2	886578	0.0000023
all	1830	2	886578	0.0000023
all	1831	3	886578	0.0000034
all	1833	2	886578	0.0000023
all	1834	2	886578	0.0000023
all	1835	1	886578	0.0000011
all	1836	1	886578	0.0000011
all	1837	3	886578	0.0000034
all	1840	3	886578	0.0000034
all	1841	4	886578	0.0000045
all	1842	2	886578	0.0000023
all	1843	1	886578	0.0000011
all	1844	4	886578	0.0000045
all	1845	2	886578	0.0000023
all	1846	4	886578	0.0000045
all	1847	2	886578	0.0000023
all	1848	2	886578	0.0000023
all	1849	3	886578	0.0000034
all	1850	3	886578	0.0000034
all	1851	2	886578	0.0000023
all	1852	2	886578	0.0000023
all	1854	3	886578	0.0000034
all	1855	1	886578	0.0000011
all	1856	1	886578	0.0000011
all	1857	3	886578	0.0000034
all	1858	2	886578	0.0000023
all	1859	2	886578	0.0000023
all	1860	1	886578	0.0000011
all	1861	3	886578	0.0000034
all	1862	16	886578	0.0000180
all	1863	3	886578	0.0000034
all	1864	12	886578	0.0000135
all	1865	1	886578	0.0000011
all	1866	4	886578	0.0000045
all	1867	4	886578	0.0000045
all	1869	1	886578	0.0000011
all	1870	1	886578	0.0000011
all	1872	2	886578	0.0000023
all	1873	2	886578	0.0000023
all	1874	2	886578	0.0000023
all	1875	3	886578	0.0000034
all	1876	2	886578	0.0000023
all	1877	1	886578	0.0000011
all	1878	3	886578	0.0000034
all	1879	2	886578	0.0000023
all	1880	3	886578	0.0000034
all	1881	1	886578	0.0000011
all	1883	2	886578	0.0000023
all	1884	2	886578	0.0000023
all	1885	2	886578	0.0000023
all	1886	3	886578	0.0000034
all	1888	2	886578	0.0000023
all	1890	1	886578	0.0000011
all	1891	3	886578	0.0000034
all	1892	2	886578	0.0000023
all	1894	3	886578	0.0000034
all	1896	4	886578	0.0000045
all	1897	2	886578	0.0000023
all	1898	2	886578	0.0000023
all	1899	3	886578	0.0000034
all	1900	3	886578	0.0000034
all	1901	4	886578	0.0000045
all	1902	1	886578	0.0000011
all	1904	4	886578	0.0000045
all	1905	3	886578	0.0000034
all	1906	1	886578	0.0000011
all	1907	2	886578	0.0000023
all	1910	2	886578	0.0000023
all	1911	1	886578	0.0000011
all	1912	1	886578	0.0000011
all	1913	1	886578	0.0000011
all	1914	1	886578	0.0000011
all	1915	1	886578	0.0000011
all	1916	1	886578	0.0000011
all	1917	4	886578	0.0000045
all	1919	1	886578	0.0000011
all	1921	3	886578	0.0000034
all	1922	1	886578	0.0000011
all	1923	3	886578	0.0000034
all	1924	3	886578	0.0000034
all	1925	3	886578	0.0000034
all	1927	2	886578	0.0000023
all	1928	2	886578	0.0000023
all	1929	3	886578	0.0000034
all	1930	3	886578	0.0000034
all	1931	2	886578	0.0000023
all	1932	1	886578	0.0000011
all	1933	4	886578	0.0000045
all	1934	3	886578	0.0000034
all	1935	4	886578	0.0000045
all	1936	3	886578	0.0000034
all	1937	4	886578	0.0000045
all	1938	2	886578	0.0000023
all	1939	1	886578	0.0000011
all	1940	3	886578	0.0000034
all	1941	3	886578	0.0000034
all	1942	1	886578	0.0000011
all	1943	2	886578	0.0000023
all	1944	6	886578	0.0000068
all	1945	4	886578	0.0000045
all	1946	7	886578	0.0000079
all	1947	2	886578	0.0000023
all	1948	1	886578	0.0000011
all	1949	4	886578	0.0000045
all	1951	2	886578	0.0000023
all	1952	1	886578	0.0000011
all	1953	2	886578	0.0000023
all	1955	3	886578	0.0000034
all	1957	4	886578	0.0000045
all	1958	2	886578	0.0000023
all	1959	2	886578	0.0000023
all	1960	1	886578	0.0000011
all	1961	2	886578	0.0000023
all	1963	4	886578	0.0000045
all	1964	1	886578	0.0000011
all	1965	1	886578	0.0000011
all	1966	3	886578	0.0000034
all	1967	2	886578	0.0000023
all	1968	4	886578	0.0000045
all	1969	3	886578	0.0000034
all	1970	2	886578	0.0000023
all	1971	3	886578	0.0000034
all	1972	2	886578	0.0000023
all	1973	1	886578	0.0000011
all	1974	3	886578	0.0000034
all	1975	2	886578	0.0000023
all	1976	1	886578	0.0000011
all	1977	1	886578	0.0000011
all	1978	2	886578	0.0000023
all	1979	2	886578	0.0000023
all	1980	3	886578	0.0000034
all	1981	2	886578	0.0000023
all	1982	2	886578	0.0000023
all	1983	2	886578	0.0000023
all	1984	4	886578	0.0000045
all	1985	1	886578	0.0000011
all	1986	1	886578	0.0000011
all	1987	3	886578	0.0000034
all	1988	1	886578	0.0000011
all	1989	5	886578	0.0000056
all	1990	3	886578	0.0000034
all	1991	2	886578	0.0000023
all	1992	3	886578	0.0000034
all	1993	1	886578	0.0000011
all	1994	3	886578	0.0000034
all	1995	1	886578	0.0000011
all	1996	4	886578	0.0000045
all	1997	2	886578	0.0000023
all	1998	2	886578	0.0000023
all	1999	5	886578	0.0000056
all	2000	4	886578	0.0000045
all	2001	2	886578	0.0000023
all	2002	3	886578	0.0000034
all	2003	3	886578	0.0000034
all	2004	4	886578	0.0000045
all	2005	1	886578	0.0000011
all	2006	4	886578	0.0000045
all	2007	2	886578	0.0000023
all	2008	4	886578	0.0000045
all	2009	6	886578	0.0000068
all	2010	4	886578	0.0000045
all	2011	3	886578	0.0000034
all	2012	4	886578	0.0000045
all	2013	3	886578	0.0000034
all	2014	2	886578	0.0000023
all	2015	3	886578	0.0000034
all	2016	3	886578	0.0000034
all	2017	2	886578	0.0000023
all	2018	4	886578	0.0000045
all	2019	3	886578	0.0000034
all	2020	1	886578	0.0000011
all	2021	5	886578	0.0000056
all	2022	3	886578	0.0000034
all	2023	4	886578	0.0000045
all	2024	2	886578	0.0000023
all	2025	5	886578	0.0000056
all	2026	2	886578	0.0000023
all	2027	4	886578	0.0000045
all	2028	3	886578	0.0000034
all	2029	2	886578	0.0000023
all	2030	4	886578	0.0000045
all	2031	4	886578	0.0000045
all	2032	3	886578	0.0000034
all	2033	1	886578	0.0000011
all	2034	2	886578	0.0000023
all	2035	1	886578	0.0000011
all	2036	1	886578	0.0000011
all	2037	2	886578	0.0000023
all	2039	4	886578	0.0000045
all	2041	2	886578	0.0000023
all	2042	5	886578	0.0000056
all	2043	5	886578	0.0000056
all	2044	2	886578	0.0000023
all	2045	3	886578	0.0000034
all	2047	2	886578	0.0000023
all	2048	2	886578	0.0000023
all	2049	6	886578	0.0000068
all	2050	1	886578	0.0000011
all	2051	3	886578	0.0000034
all	2052	1	886578	0.0000011
all	2053	4	886578	0.0000045
all	2054	4	886578	0.0000045
all	2055	3	886578	0.0000034
all	2056	2	886578	0.0000023
all	2057	1	886578	0.0000011
all	2058	3	886578	0.0000034
all	2059	1	886578	0.0000011
all	2060	5	886578	0.0000056
all	2062	1	886578	0.0000011
all	2063	1	886578	0.0000011
all	2064	4	886578	0.0000045
all	2068	3	886578	0.0000034
all	2069	2	886578	0.0000023
all	2071	2	886578	0.0000023
all	2072	1	886578	0.0000011
all	2073	1	886578	0.0000011
all	2074	2	886578	0.0000023
all	2076	2	886578	0.0000023
all	2077	1	886578	0.0000011
all	2078	1	886578	0.0000011
all	2079	6	886578	0.0000068
all	2080	2	886578	0.0000023
all	2081	2	886578	0.0000023
all	2082	2	886578	0.0000023
all	2083	2	886578	0.0000023
all	2084	1	886578	0.0000011
all	2085	1	886578	0.0000011
all	2086	1	886578	0.0000011
all	2087	1	886578	0.0000011
all	2088	2	886578	0.0000023
all	2089	6	886578	0.0000068
all	2091	5	886578	0.0000056
all	2092	2	886578	0.0000023
all	2094	2	886578	0.0000023
all	2095	1	886578	0.0000011
all	2096	4	886578	0.0000045
all	2097	2	886578	0.0000023
all	2098	2	886578	0.0000023
all	2099	3	886578	0.0000034
all	2100	2	886578	0.0000023
all	2101	5	886578	0.0000056
all	2102	1	886578	0.0000011
all	2103	2	886578	0.0000023
all	2105	2	886578	0.0000023
all	2106	2	886578	0.0000023
all	2107	4	886578	0.0000045
all	2108	5	886578	0.0000056
all	2109	1	886578	0.0000011
all	2110	2	886578	0.0000023
all	2111	2	886578	0.0000023
all	2112	3	886578	0.0000034
all	2113	5	886578	0.0000056
all	2114	2	886578	0.0000023
all	2115	4	886578	0.0000045
all	2116	2	886578	0.0000023
all	2117	2	886578	0.0000023
all	2118	2	886578	0.0000023
all	2119	3	886578	0.0000034
all	2121	2	886578	0.0000023
all	2123	1	886578	0.0000011
all	2124	2	886578	0.0000023
all	2129	1	886578	0.0000011
all	2131	1	886578	0.0000011
all	2133	5	886578	0.0000056
all	2134	1	886578	0.0000011
all	2135	4	886578	0.0000045
all	2137	2	886578	0.0000023
all	2138	2	886578	0.0000023
all	2139	2	886578	0.0000023
all	2140	3	886578	0.0000034
all	2141	1	886578	0.0000011
all	2142	4	886578	0.0000045
all	2144	1	886578	0.0000011
all	2145	2	886578	0.0000023
all	2148	2	886578	0.0000023
all	2149	1	886578	0.0000011
all	2151	2	886578	0.0000023
all	2153	1	886578	0.0000011
all	2155	1	886578	0.0000011
all	2156	3	886578	0.0000034
all	2157	1	886578	0.0000011
all	2159	2	886578	0.0000023
all	2160	1	886578	0.0000011
all	2161	2	886578	0.0000023
all	2162	2	886578	0.0000023
all	2163	1	886578	0.0000011
all	2164	2	886578	0.0000023
all	2165	1	886578	0.0000011
all	2166	3	886578	0.0000034
all	2167	1	886578	0.0000011
all	2168	3	886578	0.0000034
all	2169	2	886578	0.0000023
all	2171	2	886578	0.0000023
all	2172	3	886578	0.0000034
all	2173	1	886578	0.0000011
all	2174	2	886578	0.0000023
all	2175	1	886578	0.0000011
all	2176	2	886578	0.0000023
all	2179	1	886578	0.0000011
all	2180	4	886578	0.0000045
all	2181	4	886578	0.0000045
all	2182	1	886578	0.0000011
all	2183	3	886578	0.0000034
all	2184	1	886578	0.0000011
all	2185	1	886578	0.0000011
all	2186	3	886578	0.0000034
all	2188	1	886578	0.0000011
all	2189	2	886578	0.0000023
all	2190	1	886578	0.0000011
all	2191	6	886578	0.0000068
all	2192	1	886578	0.0000011
all	2193	2	886578	0.0000023
all	2194	3	886578	0.0000034
all	2195	6	886578	0.0000068
all	2196	9	886578	0.0000102
all	2197	4	886578	0.0000045
all	2198	2	886578	0.0000023
all	2200	1	886578	0.0000011
all	2202	1	886578	0.0000011
all	2203	2	886578	0.0000023
all	2204	1	886578	0.0000011
all	2206	2	886578	0.0000023
all	2208	4	886578	0.0000045
all	2209	1	886578	0.0000011
all	2210	3	886578	0.0000034
all	2212	3	886578	0.0000034
all	2214	1	886578	0.0000011
all	2216	2	886578	0.0000023
all	2217	1	886578	0.0000011
all	2218	1	886578	0.0000011
all	2219	1	886578	0.0000011
all	2220	1	886578	0.0000011
all	2221	4	886578	0.0000045
all	2222	2	886578	0.0000023
all	2223	1	886578	0.0000011
all	2224	1	886578	0.0000011
all	2225	1	886578	0.0000011
all	2226	1	886578	0.0000011
all	2227	2	886578	0.0000023
all	2228	3	886578	0.0000034
all	2229	4	886578	0.0000045
all	2230	2	886578	0.0000023
all	2231	2	886578	0.0000023
all	2232	4	886578	0.0000045
all	2234	2	886578	0.0000023
all	2237	2	886578	0.0000023
all	2238	1	886578	0.0000011
all	2239	2	886578	0.0000023
all	2240	2	886578	0.0000023
all	2242	2	886578	0.0000023
all	2244	1	886578	0.0000011
all	2245	4	886578	0.0000045
all	2246	5	886578	0.0000056
all	2247	3	886578	0.0000034
all	2249	3	886578	0.0000034
all	2250	2	886578	0.0000023
all	2252	5	886578	0.0000056
all	2254	5	886578	0.0000056
all	2255	2	886578	0.0000023
all	2256	2	886578	0.0000023
all	2258	2	886578	0.0000023
all	2259	2	886578	0.0000023
all	2260	2	886578	0.0000023
all	2261	6	886578	0.0000068
all	2262	4	886578	0.0000045
all	2263	3	886578	0.0000034
all	2264	2	886578	0.0000023
all	2265	2	886578	0.0000023
all	2266	1	886578	0.0000011
all	2271	3	886578	0.0000034
all	2272	1	886578	0.0000011
all	2273	2	886578	0.0000023
all	2274	1	886578	0.0000011
all	2275	2	886578	0.0000023
all	2276	3	886578	0.0000034
all	2277	4	886578	0.0000045
all	2279	1	886578	0.0000011
all	2280	2	886578	0.0000023
all	2281	2	886578	0.0000023
all	2282	1	886578	0.0000011
all	2283	1	886578	0.0000011
all	2284	1	886578	0.0000011
all	2285	1	886578	0.0000011
all	2287	2	886578	0.0000023
all	2289	5	886578	0.0000056
all	2290	1	886578	0.0000011
all	2291	2	886578	0.0000023
all	2292	3	886578	0.0000034
all	2293	1	886578	0.0000011
all	2294	2	886578	0.0000023
all	2295	2	886578	0.0000023
all	2296	2	886578	0.0000023
all	2297	3	886578	0.0000034
all	2298	2	886578	0.0000023
all	2299	4	886578	0.0000045
all	2301	3	886578	0.0000034
all	2303	2	886578	0.0000023
all	2304	1	886578	0.0000011
all	2305	2	886578	0.0000023
all	2306	4	886578	0.0000045
all	2307	4	886578	0.0000045
all	2308	1	886578	0.0000011
all	2309	3	886578	0.0000034
all	2310	1	886578	0.0000011
all	2311	3	886578	0.0000034
all	2312	2	886578	0.0000023
all	2314	2	886578	0.0000023
all	2315	3	886578	0.0000034
all	2316	5	886578	0.0000056
all	2317	2	886578	0.0000023
all	2319	2	886578	0.0000023
all	2320	6	886578	0.0000068
all	2321	2	886578	0.0000023
all	2322	3	886578	0.0000034
all	2323	5	886578	0.0000056
all	2324	1	886578	0.0000011
all	2326	2	886578	0.0000023
all	2327	3	886578	0.0000034
all	2328	1	886578	0.0000011
all	2329	2	886578	0.0000023
all	2330	1	886578	0.0000011
all	2331	1	886578	0.0000011
all	2332	3	886578	0.0000034
all	2333	2	886578	0.0000023
all	2334	3	886578	0.0000034
all	2335	1	886578	0.0000011
all	2336	1	886578	0.0000011
all	2337	2	886578	0.0000023
all	2338	1	886578	0.0000011
all	2340	2	886578	0.0000023
all	2341	3	886578	0.0000034
all	2342	1	886578	0.0000011
all	2343	1	886578	0.0000011
all	2344	3	886578	0.0000034
all	2346	2	886578	0.0000023
all	2347	3	886578	0.0000034
all	2350	2	886578	0.0000023
all	2351	2	886578	0.0000023
all	2352	2	886578	0.0000023
all	2353	1	886578	0.0000011
all	2354	1	886578	0.0000011
all	2355	1	886578	0.0000011
all	2356	1	886578	0.0000011
all	2357	2	886578	0.0000023
all	2358	2	886578	0.0000023
all	2359	1	886578	0.0000011
all	2360	3	886578	0.0000034
all	2361	2	886578	0.0000023
all	2362	1	886578	0.0000011
all	2363	4	886578	0.0000045
all	2364	3	886578	0.0000034
all	2366	1	886578	0.0000011
all	2367	2	886578	0.0000023
all	2368	3	886578	0.0000034
all	2369	1	886578	0.0000011
all	2370	1	886578	0.0000011
all	2371	1	886578	0.0000011
all	2372	3	886578	0.0000034
all	2374	2	886578	0.0000023
all	2375	1	886578	0.0000011
all	2376	2	886578	0.0000023
all	2377	5	886578	0.0000056
all	2378	3	886578	0.0000034
all	2379	2	886578	0.0000023
all	2380	3	886578	0.0000034
all	2381	4	886578	0.0000045
all	2382	1	886578	0.0000011
all	2383	1	886578	0.0000011
all	2384	2	886578	0.0000023
all	2385	3	886578	0.0000034
all	2386	2	886578	0.0000023
all	2389	3	886578	0.0000034
all	2391	2	886578	0.0000023
all	2392	4	886578	0.0000045
all	2393	1	886578	0.0000011
all	2394	5	886578	0.0000056
all	2395	3	886578	0.0000034
all	2396	1	886578	0.0000011
all	2397	4	886578	0.0000045
all	2398	4	886578	0.0000045
all	2399	4	886578	0.0000045
all	2400	2	886578	0.0000023
all	2401	3	886578	0.0000034
all	2403	4	886578	0.0000045
all	2405	1	886578	0.0000011
all	2406	2	886578	0.0000023
all	2407	4	886578	0.0000045
all	2408	3	886578	0.0000034
all	2410	5	886578	0.0000056
all	2411	5	886578	0.0000056
all	2412	1	886578	0.0000011
all	2413	1	886578	0.0000011
all	2414	1	886578	0.0000011
all	2415	4	886578	0.0000045
all	2416	1	886578	0.0000011
all	2417	3	886578	0.0000034
all	2419	3	886578	0.0000034
all	2420	2	886578	0.0000023
all	2421	1	886578	0.0000011
all	2422	4	886578	0.0000045
all	2423	3	886578	0.0000034
all	2424	4	886578	0.0000045
all	2425	4	886578	0.0000045
all	2426	6	886578	0.0000068
all	2427	1	886578	0.0000011
all	2428	3	886578	0.0000034
all	2429	5	886578	0.0000056
all	2430	5	886578	0.0000056
all	2431	4	886578	0.0000045
all	2432	7	886578	0.0000079
all	2433	2	886578	0.0000023
all	2434	3	886578	0.0000034
all	2435	1	886578	0.0000011
all	2436	3	886578	0.0000034
all	2438	1	886578	0.0000011
all	2440	1	886578	0.0000011
all	2441	2	886578	0.0000023
all	2443	2	886578	0.0000023
all	2444	2	886578	0.0000023
all	2445	6	886578	0.0000068
all	2446	2	886578	0.0000023
all	2447	4	886578	0.0000045
all	2448	1	886578	0.0000011
all	2449	3	886578	0.0000034
all	2450	1	886578	0.0000011
all	2452	4	886578	0.0000045
all	2453	2	886578	0.0000023
all	2454	4	886578	0.0000045
all	2455	1	886578	0.0000011
all	2457	1	886578	0.0000011
all	2458	2	886578	0.0000023
all	2459	1	886578	0.0000011
all	2460	1	886578	0.0000011
all	2461	3	886578	0.0000034
all	2463	2	886578	0.0000023
all	2464	1	886578	0.0000011
all	2465	3	886578	0.0000034
all	2466	1	886578	0.0000011
all	2467	1	886578	0.0000011
all	2468	2	886578	0.0000023
all	2469	4	886578	0.0000045
all	2470	5	886578	0.0000056
all	2471	2	886578	0.0000023
all	2472	2	886578	0.0000023
all	2473	5	886578	0.0000056
all	2474	4	886578	0.0000045
all	2475	3	886578	0.0000034
all	2476	3	886578	0.0000034
all	2478	2	886578	0.0000023
all	2479	1	886578	0.0000011
all	2481	4	886578	0.0000045
all	2482	4	886578	0.0000045
all	2483	2	886578	0.0000023
all	2484	3	886578	0.0000034
all	2485	2	886578	0.0000023
all	2486	1	886578	0.0000011
all	2487	2	886578	0.0000023
all	2488	5	886578	0.0000056
all	2489	2	886578	0.0000023
all	2490	2	886578	0.0000023
all	2493	2	886578	0.0000023
all	2494	1	886578	0.0000011
all	2495	1	886578	0.0000011
all	2496	3	886578	0.0000034
all	2498	1	886578	0.0000011
all	2499	3	886578	0.0000034
all	2500	4	886578	0.0000045
all	2502	3	886578	0.0000034
all	2504	3	886578	0.0000034
all	2505	1	886578	0.0000011
all	2506	3	886578	0.0000034
all	2507	1	886578	0.0000011
all	2509	3	886578	0.0000034
all	2510	3	886578	0.0000034
all	2513	3	886578	0.0000034
all	2514	3	886578	0.0000034
all	2515	3	886578	0.0000034
all	2518	1	886578	0.0000011
all	2519	2	886578	0.0000023
all	2520	5	886578	0.0000056
all	2521	4	886578	0.0000045
all	2522	2	886578	0.0000023
all	2523	1	886578	0.0000011
all	2524	1	886578	0.0000011
all	2525	1	886578	0.0000011
all	2526	1	886578	0.0000011
all	2527	1	886578	0.0000011
all	2528	1	886578	0.0000011
all	2529	1	886578	0.0000011
all	2530	4	886578	0.0000045
all	2532	4	886578	0.0000045
all	2533	3	886578	0.0000034
all	2534	2	886578	0.0000023
all	2535	5	886578	0.0000056
all	2536	2	886578	0.0000023
all	2537	4	886578	0.0000045
all	2538	1	886578	0.0000011
all	2539	2	886578	0.0000023
all	2540	2	886578	0.0000023
all	2542	1	886578	0.0000011
all	2543	1	886578	0.0000011
all	2544	1	886578	0.0000011
all	2545	1	886578	0.0000011
all	2546	1	886578	0.0000011
all	2547	3	886578	0.0000034
all	2549	3	886578	0.0000034
all	2550	1	886578	0.0000011
all	2551	1	886578	0.0000011
all	2552	2	886578	0.0000023
all	2555	1	886578	0.0000011
all	2556	1	886578	0.0000011
all	2557	1	886578	0.0000011
all	2562	1	886578	0.0000011
all	2563	1	886578	0.0000011
all	2564	1	886578	0.0000011
all	2566	2	886578	0.0000023
all	2568	2	886578	0.0000023
all	2569	1	886578	0.0000011
all	2572	1	886578	0.0000011
all	2573	1	886578	0.0000011
all	2575	2	886578	0.0000023
all	2576	1	886578	0.0000011
all	2577	2	886578	0.0000023
all	2578	1	886578	0.0000011
all	2581	2	886578	0.0000023
all	2582	2	886578	0.0000023
all	2583	2	886578	0.0000023
all	2584	2	886578	0.0000023
all	2588	1	886578	0.0000011
all	2589	3	886578	0.0000034
all	2590	1	886578	0.0000011
all	2592	2	886578	0.0000023
all	2595	1	886578	0.0000011
all	2596	2	886578	0.0000023
all	2597	3	886578	0.0000034
all	2598	1	886578	0.0000011
all	2600	1	886578	0.0000011
all	2601	2	886578	0.0000023
all	2604	1	886578	0.0000011
all	2605	1	886578	0.0000011
all	2607	3	886578	0.0000034
all	2608	1	886578	0.0000011
all	2609	1	886578	0.0000011
all	2611	2	886578	0.0000023
all	2613	1	886578	0.0000011
all	2614	1	886578	0.0000011
all	2617	1	886578	0.0000011
all	2619	3	886578	0.0000034
all	2620	3	886578	0.0000034
all	2622	1	886578	0.0000011
all	2623	1	886578	0.0000011
all	2624	1	886578	0.0000011
all	2625	2	886578	0.0000023
all	2626	2	886578	0.0000023
all	2628	1	886578	0.0000011
all	2630	3	886578	0.0000034
all	2631	1	886578	0.0000011
all	2632	1	886578	0.0000011
all	2634	2	886578	0.0000023
all	2638	4	886578	0.0000045
all	2639	1	886578	0.0000011
all	2640	2	886578	0.0000023
all	2641	1	886578	0.0000011
all	2642	4	886578	0.0000045
all	2643	1	886578	0.0000011
all	2644	5	886578	0.0000056
all	2645	4	886578	0.0000045
all	2646	1	886578	0.0000011
all	2647	6	886578	0.0000068
all	2648	1	886578	0.0000011
all	2650	3	886578	0.0000034
all	2652	1	886578	0.0000011
all	2653	1	886578	0.0000011
all	2654	1	886578	0.0000011
all	2655	1	886578	0.0000011
all	2657	2	886578	0.0000023
all	2658	1	886578	0.0000011
all	2659	1	886578	0.0000011
all	2660	1	886578	0.0000011
all	2661	4	886578	0.0000045
all	2662	1	886578	0.0000011
all	2663	2	886578	0.0000023
all	2664	3	886578	0.0000034
all	2666	3	886578	0.0000034
all	2667	1	886578	0.0000011
all	2668	2	886578	0.0000023
all	2670	3	886578	0.0000034
all	2671	1	886578	0.0000011
all	2672	1	886578	0.0000011
all	2673	1	886578	0.0000011
all	2674	1	886578	0.0000011
all	2675	1	886578	0.0000011
all	2677	2	886578	0.0000023
all	2679	3	886578	0.0000034
all	2680	1	886578	0.0000011
all	2681	1	886578	0.0000011
all	2682	1	886578	0.0000011
all	2683	2	886578	0.0000023
all	2686	1	886578	0.0000011
all	2687	1	886578	0.0000011
all	2689	1	886578	0.0000011
all	2690	2	886578	0.0000023
all	2691	1	886578	0.0000011
all	2694	1	886578	0.0000011
all	2696	1	886578	0.0000011
all	2698	2	886578	0.0000023
all	2699	3	886578	0.0000034
all	2700	2	886578	0.0000023
all	2701	4	886578	0.0000045
all	2702	2	886578	0.0000023
all	2703	2	886578	0.0000023
all	2706	1	886578	0.0000011
all	2708	1	886578	0.0000011
all	2709	1	886578	0.0000011
all	2711	1	886578	0.0000011
all	2712	2	886578	0.0000023
all	2714	1	886578	0.0000011
all	2719	1	886578	0.0000011
all	2720	1	886578	0.0000011
all	2721	2	886578	0.0000023
all	2722	1	886578	0.0000011
all	2727	1	886578	0.0000011
all	2728	1	886578	0.0000011
all	2729	2	886578	0.0000023
all	2730	1	886578	0.0000011
all	2731	2	886578	0.0000023
all	2733	1	886578	0.0000011
all	2739	1	886578	0.0000011
all	2741	1	886578	0.0000011
all	2742	1	886578	0.0000011
all	2743	1	886578	0.0000011
all	2745	1	886578	0.0000011
all	2748	2	886578	0.0000023
all	2752	1	886578	0.0000011
all	2754	2	886578	0.0000023
all	2755	1	886578	0.0000011
all	2756	2	886578	0.0000023
all	2758	2	886578	0.0000023
all	2759	1	886578	0.0000011
all	2762	1	886578	0.0000011
all	2763	1	886578	0.0000011
all	2766	2	886578	0.0000023
all	2767	1	886578	0.0000011
all	2768	1	886578	0.0000011
all	2769	2	886578	0.0000023
all	2770	2	886578	0.0000023
all	2774	1	886578	0.0000011
all	2775	1	886578	0.0000011
all	2778	1	886578	0.0000011
all	2780	2	886578	0.0000023
all	2781	3	886578	0.0000034
all	2783	1	886578	0.0000011
all	2786	1	886578	0.0000011
all	2788	1	886578	0.0000011
all	2790	1	886578	0.0000011
all	2791	1	886578	0.0000011
all	2794	1	886578	0.0000011
all	2795	1	886578	0.0000011
all	2796	3	886578	0.0000034
all	2797	2	886578	0.0000023
all	2800	2	886578	0.0000023
all	2801	1	886578	0.0000011
all	2806	1	886578	0.0000011
all	2808	1	886578	0.0000011
all	2809	1	886578	0.0000011
all	2811	1	886578	0.0000011
all	2813	2	886578	0.0000023
all	2816	1	886578	0.0000011
all	2817	1	886578	0.0000011
all	2821	2	886578	0.0000023
all	2825	1	886578	0.0000011
all	2826	2	886578	0.0000023
all	2828	1	886578	0.0000011
all	2829	1	886578	0.0000011
all	2830	1	886578	0.0000011
all	2832	1	886578	0.0000011
all	2833	1	886578	0.0000011
all	2834	1	886578	0.0000011
all	2835	1	886578	0.0000011
all	2837	2	886578	0.0000023
all	2842	1	886578	0.0000011
all	2844	1	886578	0.0000011
all	2845	2	886578	0.0000023
all	2848	3	886578	0.0000034
all	2849	1	886578	0.0000011
all	2850	1	886578	0.0000011
all	2852	1	886578	0.0000011
all	2853	1	886578	0.0000011
all	2854	1	886578	0.0000011
all	2856	1	886578	0.0000011
all	2857	1	886578	0.0000011
all	2858	1	886578	0.0000011
all	2859	2	886578	0.0000023
all	2862	1	886578	0.0000011
all	2863	3	886578	0.0000034
all	2864	2	886578	0.0000023
all	2867	1	886578	0.0000011
all	2868	1	886578	0.0000011
all	2869	2	886578	0.0000023
all	2870	3	886578	0.0000034
all	2872	2	886578	0.0000023
all	2876	1	886578	0.0000011
all	2878	2	886578	0.0000023
all	2879	1	886578	0.0000011
all	2880	2	886578	0.0000023
all	2881	2	886578	0.0000023
all	2883	1	886578	0.0000011
all	2884	1	886578	0.0000011
all	2885	2	886578	0.0000023
all	2887	3	886578	0.0000034
all	2888	2	886578	0.0000023
all	2890	1	886578	0.0000011
all	2891	2	886578	0.0000023
all	2892	2	886578	0.0000023
all	2893	3	886578	0.0000034
all	2894	2	886578	0.0000023
all	2895	1	886578	0.0000011
all	2896	4	886578	0.0000045
all	2899	2	886578	0.0000023
all	2901	1	886578	0.0000011
all	2903	5	886578	0.0000056
all	2905	1	886578	0.0000011
all	2908	2	886578	0.0000023
all	2909	1	886578	0.0000011
all	2910	1	886578	0.0000011
all	2911	2	886578	0.0000023
all	2912	3	886578	0.0000034
all	2913	2	886578	0.0000023
all	2914	3	886578	0.0000034
all	2916	1	886578	0.0000011
all	2917	2	886578	0.0000023
all	2920	1	886578	0.0000011
all	2921	1	886578	0.0000011
all	2926	1	886578	0.0000011
all	2930	1	886578	0.0000011
all	2931	1	886578	0.0000011
all	2933	2	886578	0.0000023
all	2935	1	886578	0.0000011
all	2936	1	886578	0.0000011
all	2939	1	886578	0.0000011
all	2942	1	886578	0.0000011
all	2943	1	886578	0.0000011
all	2945	2	886578	0.0000023
all	2946	1	886578	0.0000011
all	2947	1	886578	0.0000011
all	2948	1	886578	0.0000011
all	2949	1	886578	0.0000011
all	2950	2	886578	0.0000023
all	2951	1	886578	0.0000011
all	2955	1	886578	0.0000011
all	2957	4	886578	0.0000045
all	2958	1	886578	0.0000011
all	2959	1	886578	0.0000011
all	2961	1	886578	0.0000011
all	2963	1	886578	0.0000011
all	2964	1	886578	0.0000011
all	2966	1	886578	0.0000011
all	2967	1	886578	0.0000011
all	2969	1	886578	0.0000011
all	2970	1	886578	0.0000011
all	2971	1	886578	0.0000011
all	2974	1	886578	0.0000011
all	2977	1	886578	0.0000011
all	2981	3	886578	0.0000034
all	2982	3	886578	0.0000034
all	2983	1	886578	0.0000011
all	2984	1	886578	0.0000011
all	2985	1	886578	0.0000011
all	2986	1	886578	0.0000011
all	2988	1	886578	0.0000011
all	2990	1	886578	0.0000011
all	2991	2	886578	0.0000023
all	2995	1	886578	0.0000011
all	2996	1	886578	0.0000011
all	2997	1	886578	0.0000011
all	2998	2	886578	0.0000023
all	3000	3	886578	0.0000034
all	3003	2	886578	0.0000023
all	3005	1	886578	0.0000011
all	3007	1	886578	0.0000011
all	3008	1	886578	0.0000011
all	3009	1	886578	0.0000011
all	3010	1	886578	0.0000011
all	3012	2	886578	0.0000023
all	3014	2	886578	0.0000023
all	3015	1	886578	0.0000011
all	3016	1	886578	0.0000011
all	3017	1	886578	0.0000011
all	3018	1	886578	0.0000011
all	3020	2	886578	0.0000023
all	3021	1	886578	0.0000011
all	3022	1	886578	0.0000011
all	3023	1	886578	0.0000011
all	3025	1	886578	0.0000011
all	3026	1	886578	0.0000011
all	3028	1	886578	0.0000011
all	3029	1	886578	0.0000011
all	3030	2	886578	0.0000023
all	3031	2	886578	0.0000023
all	3032	1	886578	0.0000011
all	3037	3	886578	0.0000034
all	3038	1	886578	0.0000011
all	3042	5	886578	0.0000056
all	3045	1	886578	0.0000011
all	3047	1	886578	0.0000011
all	3049	1	886578	0.0000011
all	3050	1	886578	0.0000011
all	3054	3	886578	0.0000034
all	3055	1	886578	0.0000011
all	3057	2	886578	0.0000023
all	3058	1	886578	0.0000011
all	3060	2	886578	0.0000023
all	3061	1	886578	0.0000011
all	3064	1	886578	0.0000011
all	3065	1	886578	0.0000011
all	3066	1	886578	0.0000011
all	3071	1	886578	0.0000011
all	3072	3	886578	0.0000034
all	3073	1	886578	0.0000011
all	3074	1	886578	0.0000011
all	3075	2	886578	0.0000023
all	3076	2	886578	0.0000023
all	3077	1	886578	0.0000011
all	3079	1	886578	0.0000011
all	3081	1	886578	0.0000011
all	3082	2	886578	0.0000023
all	3083	1	886578	0.0000011
all	3087	2	886578	0.0000023
all	3088	2	886578	0.0000023
all	3090	3	886578	0.0000034
all	3091	3	886578	0.0000034
all	3094	1	886578	0.0000011
all	3095	1	886578	0.0000011
all	3096	1	886578	0.0000011
all	3098	2	886578	0.0000023
all	3100	1	886578	0.0000011
all	3102	3	886578	0.0000034
all	3103	1	886578	0.0000011
all	3106	1	886578	0.0000011
all	3109	1	886578	0.0000011
all	3112	2	886578	0.0000023
all	3116	2	886578	0.0000023
all	3117	1	886578	0.0000011
all	3119	2	886578	0.0000023
all	3120	1	886578	0.0000011
all	3122	2	886578	0.0000023
all	3133	1	886578	0.0000011
all	3134	1	886578	0.0000011
all	3136	3	886578	0.0000034
all	3137	3	886578	0.0000034
all	3139	2	886578	0.0000023
all	3141	2	886578	0.0000023
all	3142	1	886578	0.0000011
all	3145	1	886578	0.0000011
all	3147	2	886578	0.0000023
all	3152	1	886578	0.0000011
all	3154	2	886578	0.0000023
all	3155	1	886578	0.0000011
all	3156	1	886578	0.0000011
all	3158	3	886578	0.0000034
all	3159	1	886578	0.0000011
all	3160	1	886578	0.0000011
all	3161	1	886578	0.0000011
all	3163	2	886578	0.0000023
all	3164	4	886578	0.0000045
all	3165	5	886578	0.0000056
all	3166	2	886578	0.0000023
all	3167	2	886578	0.0000023
all	3168	1	886578	0.0000011
all	3169	1	886578	0.0000011
all	3171	2	886578	0.0000023
all	3172	1	886578	0.0000011
all	3174	1	886578	0.0000011
all	3178	1	886578	0.0000011
all	3179	1	886578	0.0000011
all	3180	1	886578	0.0000011
all	3182	1	886578	0.0000011
all	3183	2	886578	0.0000023
all	3185	2	886578	0.0000023
all	3186	2	886578	0.0000023
all	3189	1	886578	0.0000011
all	3194	2	886578	0.0000023
all	3195	2	886578	0.0000023
all	3197	2	886578	0.0000023
all	3200	1	886578	0.0000011
all	3202	1	886578	0.0000011
all	3205	4	886578	0.0000045
all	3206	4	886578	0.0000045
all	3207	1	886578	0.0000011
all	3208	3	886578	0.0000034
all	3210	1	886578	0.0000011
all	3211	1	886578	0.0000011
all	3212	1	886578	0.0000011
all	3213	2	886578	0.0000023
all	3215	1	886578	0.0000011
all	3216	1	886578	0.0000011
all	3217	1	886578	0.0000011
all	3218	3	886578	0.0000034
all	3221	1	886578	0.0000011
all	3222	1	886578	0.0000011
all	3224	1	886578	0.0000011
all	3227	2	886578	0.0000023
all	3229	1	886578	0.0000011
all	3230	2	886578	0.0000023
all	3232	1	886578	0.0000011
all	3234	1	886578	0.0000011
all	3237	1	886578	0.0000011
all	3243	1	886578	0.0000011
all	3246	1	886578	0.0000011
all	3251	1	886578	0.0000011
all	3252	1	886578	0.0000011
all	3257	1	886578	0.0000011
all	3258	1	886578	0.0000011
all	3261	1	886578	0.0000011
all	3262	2	886578	0.0000023
all	3265	1	886578	0.0000011
all	3266	1	886578	0.0000011
all	3270	1	886578	0.0000011
all	3271	2	886578	0.0000023
all	3273	1	886578	0.0000011
all	3277	1	886578	0.0000011
all	3279	3	886578	0.0000034
all	3280	1	886578	0.0000011
all	3281	1	886578	0.0000011
all	3283	2	886578	0.0000023
all	3284	1	886578	0.0000011
all	3287	2	886578	0.0000023
all	3289	2	886578	0.0000023
all	3299	1	886578	0.0000011
all	3303	1	886578	0.0000011
all	3304	1	886578	0.0000011
all	3306	1	886578	0.0000011
all	3307	1	886578	0.0000011
all	3308	1	886578	0.0000011
all	3310	1	886578	0.0000011
all	3311	1	886578	0.0000011
all	3312	2	886578	0.0000023
all	3316	1	886578	0.0000011
all	3317	1	886578	0.0000011
all	3321	1	886578	0.0000011
all	3322	1	886578	0.0000011
all	3323	4	886578	0.0000045
all	3325	2	886578	0.0000023
all	3326	1	886578	0.0000011
all	3327	11	886578	0.0000124
all	3328	1	886578	0.0000011
all	3329	7	886578	0.0000079
all	3330	6	886578	0.0000068
all	3334	1	886578	0.0000011
all	3335	5	886578	0.0000056
all	3344	1	886578	0.0000011
all	3353	2	886578	0.0000023
all	3354	1	886578	0.0000011
all	3358	2	886578	0.0000023
all	3359	1	886578	0.0000011
all	3360	1	886578	0.0000011
all	3369	1	886578	0.0000011
all	3371	1	886578	0.0000011
all	3372	1	886578	0.0000011
all	3375	1	886578	0.0000011
all	3387	2	886578	0.0000023
all	3393	1	886578	0.0000011
all	3398	1	886578	0.0000011
all	3401	2	886578	0.0000023
all	3412	2	886578	0.0000023
all	3426	1	886578	0.0000011
all	3435	1	886578	0.0000011
all	3436	1	886578	0.0000011
all	3447	1	886578	0.0000011
all	3451	1	886578	0.0000011
all	3452	1	886578	0.0000011
all	3454	1	886578	0.0000011
all	3455	1	886578	0.0000011
all	3467	1	886578	0.0000011
all	3469	1	886578	0.0000011
all	3470	1	886578	0.0000011
all	3471	1	886578	0.0000011
all	3472	1	886578	0.0000011
all	3473	2	886578	0.0000023
all	3481	1	886578	0.0000011
all	3483	1	886578	0.0000011
all	3485	2	886578	0.0000023
all	3492	1	886578	0.0000011
all	3494	1	886578	0.0000011
all	3498	2	886578	0.0000023
all	3508	1	886578	0.0000011
all	3510	1	886578	0.0000011
all	3514	1	886578	0.0000011
all	3516	1	886578	0.0000011
all	3526	1	886578	0.0000011
all	3527	1	886578	0.0000011
all	3530	1	886578	0.0000011
all	3531	1	886578	0.0000011
all	3532	1	886578	0.0000011
all	3533	2	886578	0.0000023
all	3538	1	886578	0.0000011
all	3550	1	886578	0.0000011
all	3559	1	886578	0.0000011
all	3560	2	886578	0.0000023
all	3567	1	886578	0.0000011
all	3568	1	886578	0.0000011
all	3570	1	886578	0.0000011
all	3573	1	886578	0.0000011
all	3574	1	886578	0.0000011
all	3579	1	886578	0.0000011
all	3585	1	886578	0.0000011
all	3586	1	886578	0.0000011
all	3592	1	886578	0.0000011
all	3594	1	886578	0.0000011
all	3596	1	886578	0.0000011
all	3600	1	886578	0.0000011
all	3601	1	886578	0.0000011
all	3602	1	886578	0.0000011
all	3603	1	886578	0.0000011
all	3604	1	886578	0.0000011
all	3622	2	886578	0.0000023
all	3623	2	886578	0.0000023
all	3636	1	886578	0.0000011
all	3637	3	886578	0.0000034
all	3638	1	886578	0.0000011
all	3642	1	886578	0.0000011
all	3645	1	886578	0.0000011
all	3646	1	886578	0.0000011
all	3647	1	886578	0.0000011
all	3649	2	886578	0.0000023
all	3654	2	886578	0.0000023
all	3658	1	886578	0.0000011
all	3665	1	886578	0.0000011
all	3666	1	886578	0.0000011
all	3669	1	886578	0.0000011
all	3672	1	886578	0.0000011
all	3673	1	886578	0.0000011
all	3675	2	886578	0.0000023
all	3676	1	886578	0.0000011
all	3678	1	886578	0.0000011
all	3679	1	886578	0.0000011
all	3680	1	886578	0.0000011
all	3681	1	886578	0.0000011
all	3683	4	886578	0.0000045
all	3684	2	886578	0.0000023
all	3687	1	886578	0.0000011
all	3689	1	886578	0.0000011
all	3691	1	886578	0.0000011
all	3694	1	886578	0.0000011
all	3698	1	886578	0.0000011
all	3699	1	886578	0.0000011
all	3700	2	886578	0.0000023
all	3701	1	886578	0.0000011
all	3707	1	886578	0.0000011
all	3708	1	886578	0.0000011
all	3717	1	886578	0.0000011
all	3728	1	886578	0.0000011
all	3729	1	886578	0.0000011
all	3738	1	886578	0.0000011
all	3744	1	886578	0.0000011
all	3747	1	886578	0.0000011
all	3751	1	886578	0.0000011
all	3755	1	886578	0.0000011
all	3759	1	886578	0.0000011
all	3761	1	886578	0.0000011
all	3768	2	886578	0.0000023
all	3783	1	886578	0.0000011
all	3787	1	886578	0.0000011
all	3788	1	886578	0.0000011
all	3790	1	886578	0.0000011
all	3791	1	886578	0.0000011
all	3797	1	886578	0.0000011
all	3798	1	886578	0.0000011
all	3808	1	886578	0.0000011
all	3813	1	886578	0.0000011
all	3814	1	886578	0.0000011
all	3818	2	886578	0.0000023
all	3825	1	886578	0.0000011
all	3827	2	886578	0.0000023
all	3829	1	886578	0.0000011
all	3830	1	886578	0.0000011
all	3835	2	886578	0.0000023
all	3837	1	886578	0.0000011
all	3838	1	886578	0.0000011
all	3842	2	886578	0.0000023
all	3850	1	886578	0.0000011
all	3853	1	886578	0.0000011
all	3856	1	886578	0.0000011
all	3857	1	886578	0.0000011
all	3859	1	886578	0.0000011
all	3860	1	886578	0.0000011
all	3866	1	886578	0.0000011
all	3867	1	886578	0.0000011
all	3873	1	886578	0.0000011
all	3874	1	886578	0.0000011
all	3875	1	886578	0.0000011
all	3878	1	886578	0.0000011
all	3880	1	886578	0.0000011
all	3884	1	886578	0.0000011
all	3886	2	886578	0.0000023
all	3889	1	886578	0.0000011
all	3890	2	886578	0.0000023
all	3891	1	886578	0.0000011
all	3893	1	886578	0.0000011
all	3894	1	886578	0.0000011
all	3895	1	886578	0.0000011
all	3899	1	886578	0.0000011
all	3902	2	886578	0.0000023
all	3907	1	886578	0.0000011
all	3910	2	886578	0.0000023
all	3913	1	886578	0.0000011
all	3914	1	886578	0.0000011
all	3916	2	886578	0.0000023
all	3918	1	886578	0.0000011
all	3919	1	886578	0.0000011
all	3927	2	886578	0.0000023
all	3929	1	886578	0.0000011
all	3932	1	886578	0.0000011
all	3933	1	886578	0.0000011
all	3934	1	886578	0.0000011
all	3939	1	886578	0.0000011
all	3940	1	886578	0.0000011
all	3942	1	886578	0.0000011
all	3943	1	886578	0.0000011
all	3944	1	886578	0.0000011
all	3947	2	886578	0.0000023
all	3949	1	886578	0.0000011
all	3950	1	886578	0.0000011
all	3951	1	886578	0.0000011
all	3953	2	886578	0.0000023
all	3956	1	886578	0.0000011
all	3957	1	886578	0.0000011
all	3965	1	886578	0.0000011
all	3966	1	886578	0.0000011
all	3967	2	886578	0.0000023
all	3969	2	886578	0.0000023
all	3970	1	886578	0.0000011
all	3975	2	886578	0.0000023
all	3976	1	886578	0.0000011
all	3977	1	886578	0.0000011
all	3979	1	886578	0.0000011
all	3983	1	886578	0.0000011
all	3986	1	886578	0.0000011
all	3989	1	886578	0.0000011
all	3993	1	886578	0.0000011
all	3994	1	886578	0.0000011
all	3999	3	886578	0.0000034
all	4001	1	886578	0.0000011
all	4002	1	886578	0.0000011
all	4004	1	886578	0.0000011
all	4007	1	886578	0.0000011
all	4009	2	886578	0.0000023
all	4010	1	886578	0.0000011
all	4012	2	886578	0.0000023
all	4014	2	886578	0.0000023
all	4019	1	886578	0.0000011
all	4020	1	886578	0.0000011
all	4023	1	886578	0.0000011
all	4028	1	886578	0.0000011
all	4029	1	886578	0.0000011
all	4030	1	886578	0.0000011
all	4031	1	886578	0.0000011
all	4035	1	886578	0.0000011
all	4036	1	886578	0.0000011
all	4042	1	886578	0.0000011
all	4043	1	886578	0.0000011
all	4046	1	886578	0.0000011
all	4048	1	886578	0.0000011
all	4051	1	886578	0.0000011
all	4057	1	886578	0.0000011
all	4058	1	886578	0.0000011
all	4059	1	886578	0.0000011
all	4060	1	886578	0.0000011
all	4063	3	886578	0.0000034
all	4064	1	886578	0.0000011
all	4065	1	886578	0.0000011
all	4067	1	886578	0.0000011
all	4068	1	886578	0.0000011
all	4070	1	886578	0.0000011
all	4071	1	886578	0.0000011
all	4073	1	886578	0.0000011
all	4076	1	886578	0.0000011
all	4078	2	886578	0.0000023
all	4080	2	886578	0.0000023
all	4083	1	886578	0.0000011
all	4084	1	886578	0.0000011
all	4085	1	886578	0.0000011
all	4090	1	886578	0.0000011
all	4092	2	886578	0.0000023
all	4094	1	886578	0.0000011
all	4099	1	886578	0.0000011
all	4100	2	886578	0.0000023
all	4102	1	886578	0.0000011
all	4103	3	886578	0.0000034
all	4104	2	886578	0.0000023
all	4105	1	886578	0.0000011
all	4107	3	886578	0.0000034
all	4108	1	886578	0.0000011
all	4109	1	886578	0.0000011
all	4111	1	886578	0.0000011
all	4113	1	886578	0.0000011
all	4115	1	886578	0.0000011
all	4116	1	886578	0.0000011
all	4120	1	886578	0.0000011
all	4121	1	886578	0.0000011
all	4131	1	886578	0.0000011
all	4132	2	886578	0.0000023
all	4147	1	886578	0.0000011
all	4149	1	886578	0.0000011
all	4150	1	886578	0.0000011
all	4151	1	886578	0.0000011
all	4154	1	886578	0.0000011
all	4155	1	886578	0.0000011
all	4156	1	886578	0.0000011
all	4160	1	886578	0.0000011
all	4163	1	886578	0.0000011
all	4167	1	886578	0.0000011
all	4168	1	886578	0.0000011
all	4171	1	886578	0.0000011
all	4172	1	886578	0.0000011
all	4180	1	886578	0.0000011
all	4183	1	886578	0.0000011
all	4185	1	886578	0.0000011
all	4186	1	886578	0.0000011
all	4188	1	886578	0.0000011
all	4195	2	886578	0.0000023
all	4196	1	886578	0.0000011
all	4199	1	886578	0.0000011
all	4201	2	886578	0.0000023
all	4204	1	886578	0.0000011
all	4207	1	886578	0.0000011
all	4213	1	886578	0.0000011
all	4217	1	886578	0.0000011
all	4221	1	886578	0.0000011
all	4222	1	886578	0.0000011
all	4229	1	886578	0.0000011
all	4231	1	886578	0.0000011
all	4234	1	886578	0.0000011
all	4235	1	886578	0.0000011
all	4239	1	886578	0.0000011
all	4240	1	886578	0.0000011
all	4241	1	886578	0.0000011
all	4244	1	886578	0.0000011
all	4245	1	886578	0.0000011
all	4246	2	886578	0.0000023
all	4254	1	886578	0.0000011
all	4257	1	886578	0.0000011
all	4262	1	886578	0.0000011
all	4266	1	886578	0.0000011
all	4267	1	886578	0.0000011
all	4272	1	886578	0.0000011
all	4277	1	886578	0.0000011
all	4284	1	886578	0.0000011
all	4286	1	886578	0.0000011
all	4298	1	886578	0.0000011
all	4299	1	886578	0.0000011
all	4302	1	886578	0.0000011
all	4304	1	886578	0.0000011
all	4307	1	886578	0.0000011
all	4313	1	886578	0.0000011
all	4316	1	886578	0.0000011
all	4321	1	886578	0.0000011
all	4328	1	886578	0.0000011
all	4329	1	886578	0.0000011
all	4331	2	886578	0.0000023
all	4335	1	886578	0.0000011
all	4342	1	886578	0.0000011
all	4343	1	886578	0.0000011
all	4344	1	886578	0.0000011
all	4347	1	886578	0.0000011
all	4348	2	886578	0.0000023
all	4350	1	886578	0.0000011
all	4356	1	886578	0.0000011
all	4359	1	886578	0.0000011
all	4361	1	886578	0.0000011
all	4362	2	886578	0.0000023
all	4367	2	886578	0.0000023
all	4371	1	886578	0.0000011
all	4372	2	886578	0.0000023
all	4374	1	886578	0.0000011
all	4384	1	886578	0.0000011
all	4392	1	886578	0.0000011
all	4395	1	886578	0.0000011
all	4397	1	886578	0.0000011
all	4399	2	886578	0.0000023
all	4401	1	886578	0.0000011
all	4406	1	886578	0.0000011
all	4410	1	886578	0.0000011
all	4412	1	886578	0.0000011
all	4415	1	886578	0.0000011
all	4416	2	886578	0.0000023
all	4417	1	886578	0.0000011
all	4418	1	886578	0.0000011
all	4419	1	886578	0.0000011
all	4423	2	886578	0.0000023
all	4424	1	886578	0.0000011
all	4425	1	886578	0.0000011
all	4429	2	886578	0.0000023
all	4438	1	886578	0.0000011
all	4439	1	886578	0.0000011
all	4442	1	886578	0.0000011
all	4450	2	886578	0.0000023
all	4455	1	886578	0.0000011
all	4456	1	886578	0.0000011
all	4459	1	886578	0.0000011
all	4460	1	886578	0.0000011
all	4462	1	886578	0.0000011
all	4465	1	886578	0.0000011
all	4470	1	886578	0.0000011
all	4473	2	886578	0.0000023
all	4479	1	886578	0.0000011
all	4481	1	886578	0.0000011
all	4482	1	886578	0.0000011
all	4483	1	886578	0.0000011
all	4484	2	886578	0.0000023
all	4487	1	886578	0.0000011
all	4489	1	886578	0.0000011
all	4490	2	886578	0.0000023
all	4491	1	886578	0.0000011
all	4492	2	886578	0.0000023
all	4493	1	886578	0.0000011
all	4494	1	886578	0.0000011
all	4495	1	886578	0.0000011
all	4497	1	886578	0.0000011
all	4498	3	886578	0.0000034
all	4499	2	886578	0.0000023
all	4500	1	886578	0.0000011
all	4502	1	886578	0.0000011
all	4514	1	886578	0.0000011
all	4517	1	886578	0.0000011
all	4519	1	886578	0.0000011
all	4528	1	886578	0.0000011
all	4531	1	886578	0.0000011
all	4533	2	886578	0.0000023
all	4537	2	886578	0.0000023
all	4542	1	886578	0.0000011
all	4544	1	886578	0.0000011
all	4545	2	886578	0.0000023
all	4553	1	886578	0.0000011
all	4555	1	886578	0.0000011
all	4556	1	886578	0.0000011
all	4558	1	886578	0.0000011
all	4561	1	886578	0.0000011
all	4562	1	886578	0.0000011
all	4563	1	886578	0.0000011
all	4566	1	886578	0.0000011
all	4571	1	886578	0.0000011
all	4577	1	886578	0.0000011
all	4578	2	886578	0.0000023
all	4590	1	886578	0.0000011
all	4592	2	886578	0.0000023
all	4601	1	886578	0.0000011
all	4602	1	886578	0.0000011
all	4603	1	886578	0.0000011
all	4604	1	886578	0.0000011
all	4609	1	886578	0.0000011
all	4617	1	886578	0.0000011
all	4626	1	886578	0.0000011
all	4637	1	886578	0.0000011
all	4648	1	886578	0.0000011
all	4649	2	886578	0.0000023
all	4650	1	886578	0.0000011
all	4651	1	886578	0.0000011
all	4653	1	886578	0.0000011
all	4655	1	886578	0.0000011
all	4660	1	886578	0.0000011
all	4666	1	886578	0.0000011
all	4670	1	886578	0.0000011
all	4677	1	886578	0.0000011
all	4689	1	886578	0.0000011
all	4700	1	886578	0.0000011
all	4706	2	886578	0.0000023
all	4708	1	886578	0.0000011
all	4710	1	886578	0.0000011
all	4715	1	886578	0.0000011
all	4746	2	886578	0.0000023
all	4752	1	886578	0.0000011
all	4753	1	886578	0.0000011
all	4755	1	886578	0.0000011
all	4757	1	886578	0.0000011
all	4758	1	886578	0.0000011
all	4760	1	886578	0.0000011
all	4765	1	886578	0.0000011
all	4768	1	886578	0.0000011
all	4771	1	886578	0.0000011
all	4773	1	886578	0.0000011
all	4774	1	886578	0.0000011
all	4775	1	886578	0.0000011
all	4779	1	886578	0.0000011
all	4783	1	886578	0.0000011
all	4784	2	886578	0.0000023
all	4786	2	886578	0.0000023
all	4789	2	886578	0.0000023
all	4797	1	886578	0.0000011
all	4804	1	886578	0.0000011
all	4807	1	886578	0.0000011
all	4811	1	886578	0.0000011
all	4813	1	886578	0.0000011
all	4815	1	886578	0.0000011
all	4830	1	886578	0.0000011
all	4835	1	886578	0.0000011
all	4859	1	886578	0.0000011
all	4874	1	886578	0.0000011
all	4875	1	886578	0.0000011
all	4899	1	886578	0.0000011
all	4911	1	886578	0.0000011
all	4918	1	886578	0.0000011
all	4943	1	886578	0.0000011
all	4953	1	886578	0.0000011
all	4954	1	886578	0.0000011
all	4972	1	886578	0.0000011
all	4974	1	886578	0.0000011
all	4988	1	886578	0.0000011
all	5019	1	886578	0.0000011
all	5022	1	886578	0.0000011
all	5028	1	886578	0.0000011
all	5042	1	886578	0.0000011
all	5052	2	886578	0.0000023
all	5058	1	886578	0.0000011
all	5069	1	886578	0.0000011
all	5073	1	886578	0.0000011
all	5119	1	886578	0.0000011
all	5128	1	886578	0.0000011
all	5129	1	886578	0.0000011
all	5135	1	886578	0.0000011
all	5142	1	886578	0.0000011
all	5150	1	886578	0.0000011
all	5151	1	886578	0.0000011
all	5165	1	886578	0.0000011
all	5180	1	886578	0.0000011
all	5184	1	886578	0.0000011
all	5194	1	886578	0.0000011
all	5196	1	886578	0.0000011
all	5201	1	886578	0.0000011
all	5209	1	886578	0.0000011
all	5216	1	886578	0.0000011
all	5230	1	886578	0.0000011
all	5234	1	886578	0.0000011
all	5238	1	886578	0.0000011
all	5256	1	886578	0.0000011
all	5258	1	886578	0.0000011
all	5269	1	886578	0.0000011
all	5292	1	886578	0.0000011
all	5297	1	886578	0.0000011
all	5305	1	886578	0.0000011
all	5306	1	886578	0.0000011
all	5312	1	886578	0.0000011
all	5321	2	886578	0.0000023
all	5334	1	886578	0.0000011
all	5345	1	886578	0.0000011
all	5356	1	886578	0.0000011
all	5362	1	886578	0.0000011
all	5364	1	886578	0.0000011
all	5384	1	886578	0.0000011
all	5387	1	886578	0.0000011
all	5389	1	886578	0.0000011
all	5393	1	886578	0.0000011
all	5401	1	886578	0.0000011
all	5413	1	886578	0.0000011
all	5429	1	886578	0.0000011
all	5434	1	886578	0.0000011
all	5446	1	886578	0.0000011
all	5455	1	886578	0.0000011
all	5465	1	886578	0.0000011
all	5467	1	886578	0.0000011
all	5474	1	886578	0.0000011
all	5482	1	886578	0.0000011
all	5486	1	886578	0.0000011
all	5494	1	886578	0.0000011
all	5500	1	886578	0.0000011
all	5509	1	886578	0.0000011
all	5511	1	886578	0.0000011
all	5514	1	886578	0.0000011
all	5524	1	886578	0.0000011
all	5527	1	886578	0.0000011
all	5529	1	886578	0.0000011
all	5534	1	886578	0.0000011
all	5536	1	886578	0.0000011
all	5543	1	886578	0.0000011
all	5547	1	886578	0.0000011
all	5548	1	886578	0.0000011
all	5550	1	886578	0.0000011
all	5553	1	886578	0.0000011
all	5558	2	886578	0.0000023
all	5563	1	886578	0.0000011
all	5564	1	886578	0.0000011
all	5572	2	886578	0.0000023
all	5574	1	886578	0.0000011
all	5575	1	886578	0.0000011
all	5577	1	886578	0.0000011
all	5583	2	886578	0.0000023
all	5584	2	886578	0.0000023
all	5588	1	886578	0.0000011
all	5589	1	886578	0.0000011
all	5591	1	886578	0.0000011
all	5596	1	886578	0.0000011
all	5597	1	886578	0.0000011
all	5598	1	886578	0.0000011
all	5599	2	886578	0.0000023
all	5601	1	886578	0.0000011
all	5603	1	886578	0.0000011
all	5604	1	886578	0.0000011
all	5609	1	886578	0.0000011
all	5612	1	886578	0.0000011
all	5623	1	886578	0.0000011
all	5630	1	886578	0.0000011
all	5644	1	886578	0.0000011
all	5669	1	886578	0.0000011
all	5671	1	886578	0.0000011
all	5694	1	886578	0.0000011
all	5703	1	886578	0.0000011
all	5704	1	886578	0.0000011
all	5710	1	886578	0.0000011
all	5716	1	886578	0.0000011
all	5753	1	886578	0.0000011
all	5757	1	886578	0.0000011
all	5761	1	886578	0.0000011
all	5770	1	886578	0.0000011
all	5790	1	886578	0.0000011
all	5792	1	886578	0.0000011
all	5815	1	886578	0.0000011
all	5818	1	886578	0.0000011
all	5826	1	886578	0.0000011
all	5831	1	886578	0.0000011
all	5832	1	886578	0.0000011
all	5845	1	886578	0.0000011
all	5858	1	886578	0.0000011
all	5861	1	886578	0.0000011
all	5897	1	886578	0.0000011
all	5914	1	886578	0.0000011
all	5940	1	886578	0.0000011
all	5943	1	886578	0.0000011
all	5945	1	886578	0.0000011
all	5951	1	886578	0.0000011
all	5974	1	886578	0.0000011
all	5976	1	886578	0.0000011
all	5993	2	886578	0.0000023
all	5995	1	886578	0.0000011
all	5997	1	886578	0.0000011
all	6003	1	886578	0.0000011
all	6007	1	886578	0.0000011
all	6008	1	886578	0.0000011
all	6013	1	886578	0.0000011
all	6016	1	886578	0.0000011
all	6026	1	886578	0.0000011
all	6035	1	886578	0.0000011
all	6038	1	886578	0.0000011
all	6045	1	886578	0.0000011
all	6054	1	886578	0.0000011
all	6058	2	886578	0.0000023
all	6059	1	886578	0.0000011
all	6060	1	886578	0.0000011
all	6061	1	886578	0.0000011
all	6062	1	886578	0.0000011
all	6073	1	886578	0.0000011
all	6077	1	886578	0.0000011
all	6079	2	886578	0.0000023
all	6082	1	886578	0.0000011
all	6084	1	886578	0.0000011
all	6086	1	886578	0.0000011
all	6087	1	886578	0.0000011
all	6089	1	886578	0.0000011
all	6091	1	886578	0.0000011
all	6096	1	886578	0.0000011
all	6097	1	886578	0.0000011
all	6101	1	886578	0.0000011
all	6102	1	886578	0.0000011
all	6103	2	886578	0.0000023
all	6104	1	886578	0.0000011
all	6123	1	886578	0.0000011
all	6154	1	886578	0.0000011
all	6175	1	886578	0.0000011
all	6179	1	886578	0.0000011
all	6224	1	886578	0.0000011
all	6230	1	886578	0.0000011
all	6232	1	886578	0.0000011
all	6267	1	886578	0.0000011
all	6286	1	886578	0.0000011
all	6302	1	886578	0.0000011
all	6318	1	886578	0.0000011
all	6320	1	886578	0.0000011
all	6381	1	886578	0.0000011
all	6383	1	886578	0.0000011
all	6411	1	886578	0.0000011
all	6429	1	886578	0.0000011
all	6434	1	886578	0.0000011
all	6453	1	886578	0.0000011
all	6458	1	886578	0.0000011
all	6470	1	886578	0.0000011
all	6495	1	886578	0.0000011
all	6537	1	886578	0.0000011
all	6540	1	886578	0.0000011
all	6555	1	886578	0.0000011
all	6575	1	886578	0.0000011
all	6595	1	886578	0.0000011
all	6604	1	886578	0.0000011
all	6624	1	886578	0.0000011
all	6625	1	886578	0.0000011
all	6631	1	886578	0.0000011
all	6643	1	886578	0.0000011
all	6671	1	886578	0.0000011
all	6690	1	886578	0.0000011
all	6696	1	886578	0.0000011
all	6702	1	886578	0.0000011
all	6707	1	886578	0.0000011
all	6730	1	886578	0.0000011
all	6737	1	886578	0.0000011
all	6767	1	886578	0.0000011
all	6778	1	886578	0.0000011
all	6789	1	886578	0.0000011
all	6800	1	886578	0.0000011
all	6818	1	886578	0.0000011
all	6865	1	886578	0.0000011
all	6868	1	886578	0.0000011
all	6869	1	886578	0.0000011
all	6895	1	886578	0.0000011
all	6913	1	886578	0.0000011
all	6937	1	886578	0.0000011
all	6947	1	886578	0.0000011
all	6962	1	886578	0.0000011
all	6971	1	886578	0.0000011
all	6984	1	886578	0.0000011
all	7005	1	886578	0.0000011
all	7019	1	886578	0.0000011
all	7032	1	886578	0.0000011
all	7033	1	886578	0.0000011
all	7050	1	886578	0.0000011
all	7063	1	886578	0.0000011
all	7077	1	886578	0.0000011
all	7090	1	886578	0.0000011
all	7096	1	886578	0.0000011
all	7108	1	886578	0.0000011
all	7142	1	886578	0.0000011
all	7149	1	886578	0.0000011
all	7172	1	886578	0.0000011
all	7188	1	886578	0.0000011
all	7214	1	886578	0.0000011
all	7232	1	886578	0.0000011
all	7237	1	886578	0.0000011
all	7249	1	886578	0.0000011
all	7273	1	886578	0.0000011
all	7282	1	886578	0.0000011
all	7301	1	886578	0.0000011
all	7312	1	886578	0.0000011
all	7316	1	886578	0.0000011
all	7319	1	886578	0.0000011
all	7320	1	886578	0.0000011
all	7345	1	886578	0.0000011
all	7380	1	886578	0.0000011
all	7381	1	886578	0.0000011
all	7387	1	886578	0.0000011
all	7395	1	886578	0.0000011
all	7403	1	886578	0.0000011
all	7407	1	886578	0.0000011
all	7414	1	886578	0.0000011
all	7423	1	886578	0.0000011
all	7425	1	886578	0.0000011
all	7457	1	886578	0.0000011
all	7461	1	886578	0.0000011
all	7484	1	886578	0.0000011
all	7485	1	886578	0.0000011
all	7498	1	886578	0.0000011
all	7503	1	886578	0.0000011
all	7514	1	886578	0.0000011
all	7527	1	886578	0.0000011
all	7532	1	886578	0.0000011
all	7544	1	886578	0.0000011
all	7549	1	886578	0.0000011
all	7567	1	886578	0.0000011
all	7571	1	886578	0.0000011
all	7576	1	886578	0.0000011
all	7583	1	886578	0.0000011
all	7606	1	886578	0.0000011
all	7620	1	886578	0.0000011
all	7627	1	886578	0.0000011
all	7642	1	886578	0.0000011
all	7658	1	886578	0.0000011
all	7662	1	886578	0.0000011
all	7663	1	886578	0.0000011
all	7676	1	886578	0.0000011
all	7715	1	886578	0.0000011
all	7725	1	886578	0.0000011
all	7733	1	886578	0.0000011
all	7743	1	886578	0.0000011
all	7751	1	886578	0.0000011
all	7752	1	886578	0.0000011
all	7760	1	886578	0.0000011
all	7767	1	886578	0.0000011
all	7772	1	886578	0.0000011
all	7780	1	886578	0.0000011
all	7789	1	886578	0.0000011
all	7790	1	886578	0.0000011
all	7800	1	886578	0.0000011
all	7804	1	886578	0.0000011
all	7805	1	886578	0.0000011
all	7810	1	886578	0.0000011
all	7821	1	886578	0.0000011
all	7827	1	886578	0.0000011
all	7828	1	886578	0.0000011
all	7839	1	886578	0.0000011
all	7848	1	886578	0.0000011
all	7860	1	886578	0.0000011
all	7867	1	886578	0.0000011
all	7871	1	886578	0.0000011
all	7873	1	886578	0.0000011
all	7875	1	886578	0.0000011
all	7884	1	886578	0.0000011
all	7888	1	886578	0.0000011
all	7890	1	886578	0.0000011
all	7896	1	886578	0.0000011
all	7899	1	886578	0.0000011
all	7901	1	886578	0.0000011
all	7907	1	886578	0.0000011
all	7908	3	886578	0.0000034
all	7909	1	886578	0.0000011
all	7914	1	886578	0.0000011
all	7921	1	886578	0.0000011
all	7923	1	886578	0.0000011
all	7926	1	886578	0.0000011
all	7927	1	886578	0.0000011
all	7931	2	886578	0.0000023
all	7934	1	886578	0.0000011
all	7941	1	886578	0.0000011
all	7942	1	886578	0.0000011
all	7943	1	886578	0.0000011
all	7945	1	886578	0.0000011
all	7951	1	886578	0.0000011
all	7956	1	886578	0.0000011
all	7958	1	886578	0.0000011
all	7960	1	886578	0.0000011
all	7963	1	886578	0.0000011
all	7964	1	886578	0.0000011
all	7966	2	886578	0.0000023
all	7967	1	886578	0.0000011
all	7970	1	886578	0.0000011
all	7972	1	886578	0.0000011
all	7976	1	886578	0.0000011
all	7991	1	886578	0.0000011
all	7998	1	886578	0.0000011
all	8001	1	886578	0.0000011
all	8020	1	886578	0.0000011
all	8021	2	886578	0.0000023
all	8023	1	886578	0.0000011
all	8024	1	886578	0.0000011
all	8026	1	886578	0.0000011
all	8027	1	886578	0.0000011
all	8030	1	886578	0.0000011
all	8032	1	886578	0.0000011
all	8033	1	886578	0.0000011
all	8034	1	886578	0.0000011
all	8316	1	886578	0.0000011
all	8491	1	886578	0.0000011
all	8542	1	886578	0.0000011
all	8641	1	886578	0.0000011
all	8828	1	886578	0.0000011
all	8980	1	886578	0.0000011
all	9248	1	886578	0.0000011
all	9331	1	886578	0.0000011
all	9357	1	886578	0.0000011
all	9397	1	886578	0.0000011
all	9410	1	886578	0.0000011
all	9472	1	886578	0.0000011
all	9489	1	886578	0.0000011
all	9679	1	886578	0.0000011
all	9705	1	886578	0.0000011
all	9793	1	886578	0.0000011
all	9814	1	886578	0.0000011
all	9918	1	886578	0.0000011
all	9970	1	886578	0.0000011
all	10002	1	886578	0.0000011
all	10109	1	886578	0.0000011
all	10110	1	886578	0.0000011
all	10183	1	886578	0.0000011
all	10193	1	886578	0.0000011
all	10262	1	886578	0.0000011
all	10318	1	886578	0.0000011
all	10415	1	886578	0.0000011
all	10437	1	886578	0.0000011
all	10514	1	886578	0.0000011
all	10582	1	886578	0.0000011
all	10617	1	886578	0.0000011
all	10624	1	886578	0.0000011
all	10712	1	886578	0.0000011
all	10731	1	886578	0.0000011
all	10814	1	886578	0.0000011
all	10874	1	886578	0.0000011
all	10884	1	886578	0.0000011
all	10933	1	886578	0.0000011
all	10938	1	886578	0.0000011
all	10992	1	886578	0.0000011
all	11032	1	886578	0.0000011
all	11047	1	886578	0.0000011
all	11057	1	886578	0.0000011
all	11093	1	886578	0.0000011
all	11128	1	886578	0.0000011
all	11138	1	886578	0.0000011
all	11186	1	886578	0.0000011
all	11190	1	886578	0.0000011
all	11247	1	886578	0.0000011
all	11279	1	886578	0.0000011
all	11290	1	886578	0.0000011
all	11325	1	886578	0.0000011
all	11350	1	886578	0.0000011
all	11369	1	886578	0.0000011
all	11431	1	886578	0.0000011
all	11463	1	886578	0.0000011
all	11470	1	886578	0.0000011
all	11491	1	886578	0.0000011
all	11493	1	886578	0.0000011
all	11525	1	886578	0.0000011
all	11590	1	886578	0.0000011
all	11615	1	886578	0.0000011
all	11652	1	886578	0.0000011
all	11669	1	886578	0.0000011
all	11701	1	886578	0.0000011
all	11719	1	886578	0.0000011
all	11730	1	886578	0.0000011
all	11761	1	886578	0.0000011
all	11793	1	886578	0.0000011
all	11805	1	886578	0.0000011
all	11842	1	886578	0.0000011
all	11849	1	886578	0.0000011
all	11850	1	886578	0.0000011
all	11858	1	886578	0.0000011
all	11872	1	886578	0.0000011
all	11874	1	886578	0.0000011
all	11900	1	886578	0.0000011
all	11923	1	886578	0.0000011
all	11942	1	886578	0.0000011
all	11949	1	886578	0.0000011
all	11955	1	886578	0.0000011
all	11968	1	886578	0.0000011
all	11983	1	886578	0.0000011
all	11997	1	886578	0.0000011
all	11999	1	886578	0.0000011
all	12004	1	886578	0.0000011
all	12005	1	886578	0.0000011
all	12008	1	886578	0.0000011
all	12014	1	886578	0.0000011
all	12020	1	886578	0.0000011
all	12026	1	886578	0.0000011
all	12028	1	886578	0.0000011
all	12030	1	886578	0.0000011
