all	0	4786	886578	0.0053983
all	1	1472	886578	0.0016603
all	2	1999	886578	0.0022547
all	3	837	886578	0.0009441
all	4	800	886578	0.0009023
all	5	1067	886578	0.0012035
all	6	877	886578	0.0009892
all	7	1010	886578	0.0011392
all	8	1114	886578	0.0012565
all	9	1217	886578	0.0013727
all	10	1092	886578	0.0012317
all	11	1155	886578	0.0013028
all	12	1299	886578	0.0014652
all	13	1413	886578	0.0015938
all	14	1860	886578	0.0020980
all	15	1909	886578	0.0021532
all	16	1781	886578	0.0020088
all	17	1866	886578	0.0021047
all	18	1891	886578	0.0021329
all	19	2464	886578	0.0027792
all	20	2064	886578	0.0023281
all	21	2201	886578	0.0024826
all	22	2351	886578	0.0026518
all	23	2470	886578	0.0027860
all	24	2591	886578	0.0029225
all	25	2740	886578	0.0030905
all	26	2639	886578	0.0029766
all	27	2600	886578	0.0029326
all	28	3130	886578	0.0035304
all	29	3042	886578	0.0034312
all	30	3194	886578	0.0036026
all	31	3145	886578	0.0035473
all	32	3121	886578	0.0035203
all	33	3384	886578	0.0038169
all	34	3316	886578	0.0037402
all	35	3743	886578	0.0042219
all	36	3543	886578	0.0039963
all	37	3551	886578	0.0040053
all	38	3968	886578	0.0044756
all	39	3688	886578	0.0041598
all	40	4046	886578	0.0045636
all	41	3982	886578	0.0044914
all	42	4289	886578	0.0048377
all	43	3939	886578	0.0044429
all	44	4198	886578	0.0047351
all	45	4120	886578	0.0046471
all	46	4084	886578	0.0046065
all	47	4088	886578	0.0046110
all	48	4105	886578	0.0046302
all	49	4012	886578	0.0045253
all	50	4200	886578	0.0047373
all	51	3894	886578	0.0043922
all	52	3920	886578	0.0044215
all	53	4016	886578	0.0045298
all	54	4385	886578	0.0049460
all	55	4461	886578	0.0050317
all	56	4472	886578	0.0050441
all	57	4339	886578	0.0048941
all	58	4186	886578	0.0047215
all	59	4375	886578	0.0049347
all	60	4332	886578	0.0048862
all	61	4191	886578	0.0047272
all	62	4395	886578	0.0049573
all	63	4451	886578	0.0050204
all	64	4439	886578	0.0050069
all	65	4556	886578	0.0051389
all	66	4199	886578	0.0047362
all	67	4308	886578	0.0048591
all	68	4358	886578	0.0049155
all	69	4292	886578	0.0048411
all	70	4452	886578	0.0050216
all	71	4409	886578	0.0049731
all	72	4537	886578	0.0051174
all	73	4692	886578	0.0052923
all	74	4413	886578	0.0049776
all	75	4510	886578	0.0050870
all	76	4628	886578	0.0052201
all	77	4349	886578	0.0049054
all	78	4706	886578	0.0053080
all	79	4488	886578	0.0050622
all	80	4683	886578	0.0052821
all	81	4761	886578	0.0053701
all	82	4484	886578	0.0050576
all	83	4413	886578	0.0049776
all	84	4601	886578	0.0051896
all	85	4454	886578	0.0050238
all	86	4403	886578	0.0049663
all	87	4565	886578	0.0051490
all	88	4821	886578	0.0054378
all	89	4544	886578	0.0051253
all	90	4462	886578	0.0050328
all	91	4641	886578	0.0052347
all	92	4591	886578	0.0051783
all	93	4658	886578	0.0052539
all	94	4366	886578	0.0049246
all	95	4497	886578	0.0050723
all	96	4424	886578	0.0049900
all	97	4584	886578	0.0051704
all	98	4316	886578	0.0048682
all	99	4541	886578	0.0051219
all	100	4483	886578	0.0050565
all	101	4212	886578	0.0047509
all	102	4360	886578	0.0049178
all	103	4431	886578	0.0049979
all	104	4352	886578	0.0049088
all	105	4402	886578	0.0049652
all	106	4228	886578	0.0047689
all	107	4174	886578	0.0047080
all	108	4009	886578	0.0045219
all	109	4093	886578	0.0046166
all	110	4352	886578	0.0049088
all	111	4086	886578	0.0046087
all	112	4346	886578	0.0049020
all	113	4109	886578	0.0046347
all	114	3893	886578	0.0043910
all	115	4004	886578	0.0045162
all	116	4096	886578	0.0046200
all	117	4075	886578	0.0045963
all	118	4034	886578	0.0045501
all	119	4075	886578	0.0045963
all	120	3910	886578	0.0044102
all	121	4145	886578	0.0046753
all	122	3962	886578	0.0044689
all	123	3939	886578	0.0044429
all	124	3582	886578	0.0040403
all	125	3687	886578	0.0041587
all	126	3794	886578	0.0042794
all	127	3596	886578	0.0040560
all	128	3682	886578	0.0041530
all	129	3652	886578	0.0041192
all	130	3784	886578	0.0042681
all	131	3765	886578	0.0042467
all	132	3829	886578	0.0043189
all	133	3733	886578	0.0042106
all	134	3673	886578	0.0041429
all	135	3647	886578	0.0041136
all	136	3417	886578	0.0038541
all	137	3660	886578	0.0041282
all	138	3689	886578	0.0041609
all	139	3611	886578	0.0040730
all	140	3454	886578	0.0038959
all	141	3445	886578	0.0038857
all	142	3481	886578	0.0039263
all	143	3299	886578	0.0037210
all	144	3440	886578	0.0038801
all	145	3347	886578	0.0037752
all	146	3219	886578	0.0036308
all	147	3177	886578	0.0035834
all	148	3245	886578	0.0036601
all	149	3302	886578	0.0037244
all	150	3138	886578	0.0035395
all	151	3203	886578	0.0036128
all	152	3143	886578	0.0035451
all	153	3060	886578	0.0034515
all	154	3041	886578	0.0034300
all	155	3031	886578	0.0034188
all	156	3090	886578	0.0034853
all	157	2974	886578	0.0033545
all	158	2952	886578	0.0033297
all	159	2879	886578	0.0032473
all	160	2891	886578	0.0032609
all	161	2848	886578	0.0032124
all	162	3010	886578	0.0033951
all	163	2748	886578	0.0030996
all	164	2753	886578	0.0031052
all	165	2867	886578	0.0032338
all	166	2739	886578	0.0030894
all	167	2638	886578	0.0029755
all	168	2804	886578	0.0031627
all	169	2592	886578	0.0029236
all	170	2733	886578	0.0030826
all	171	2609	886578	0.0029428
all	172	2744	886578	0.0030950
all	173	2529	886578	0.0028525
all	174	2572	886578	0.0029010
all	175	2693	886578	0.0030375
all	176	2541	886578	0.0028661
all	177	2449	886578	0.0027623
all	178	2352	886578	0.0026529
all	179	2381	886578	0.0026856
all	180	2482	886578	0.0027995
all	181	2264	886578	0.0025536
all	182	2347	886578	0.0026473
all	183	2288	886578	0.0025807
all	184	2365	886578	0.0026676
all	185	2262	886578	0.0025514
all	186	2278	886578	0.0025694
all	187	2245	886578	0.0025322
all	188	2303	886578	0.0025976
all	189	2275	886578	0.0025660
all	190	2243	886578	0.0025300
all	191	2429	886578	0.0027397
all	192	2312	886578	0.0026078
all	193	2174	886578	0.0024521
all	194	2140	886578	0.0024138
all	195	2135	886578	0.0024081
all	196	1979	886578	0.0022322
all	197	1892	886578	0.0021340
all	198	2020	886578	0.0022784
all	199	1942	886578	0.0021904
all	200	2011	886578	0.0022683
all	201	1918	886578	0.0021634
all	202	1867	886578	0.0021058
all	203	1849	886578	0.0020855
all	204	1756	886578	0.0019806
all	205	1822	886578	0.0020551
all	206	1815	886578	0.0020472
all	207	1783	886578	0.0020111
all	208	1802	886578	0.0020325
all	209	1608	886578	0.0018137
all	210	1783	886578	0.0020111
all	211	1696	886578	0.0019130
all	212	1654	886578	0.0018656
all	213	1535	886578	0.0017314
all	214	1522	886578	0.0017167
all	215	1631	886578	0.0018397
all	216	1619	886578	0.0018261
all	217	1521	886578	0.0017156
all	218	1578	886578	0.0017799
all	219	1550	886578	0.0017483
all	220	1606	886578	0.0018115
all	221	1441	886578	0.0016254
all	222	1412	886578	0.0015926
all	223	1461	886578	0.0016479
all	224	1482	886578	0.0016716
all	225	1459	886578	0.0016457
all	226	1447	886578	0.0016321
all	227	1457	886578	0.0016434
all	228	1404	886578	0.0015836
all	229	1360	886578	0.0015340
all	230	1377	886578	0.0015532
all	231	1406	886578	0.0015859
all	232	1376	886578	0.0015520
all	233	1377	886578	0.0015532
all	234	1383	886578	0.0015599
all	235	1439	886578	0.0016231
all	236	1371	886578	0.0015464
all	237	1418	886578	0.0015994
all	238	1435	886578	0.0016186
all	239	1258	886578	0.0014189
all	240	1313	886578	0.0014810
all	241	1256	886578	0.0014167
all	242	1306	886578	0.0014731
all	243	1221	886578	0.0013772
all	244	1253	886578	0.0014133
all	245	1248	886578	0.0014077
all	246	1124	886578	0.0012678
all	247	1221	886578	0.0013772
all	248	1192	886578	0.0013445
all	249	1139	886578	0.0012847
all	250	1189	886578	0.0013411
all	251	1193	886578	0.0013456
all	252	1143	886578	0.0012892
all	253	1114	886578	0.0012565
all	254	1069	886578	0.0012058
all	255	1098	886578	0.0012385
all	256	1110	886578	0.0012520
all	257	1161	886578	0.0013095
all	258	1034	886578	0.0011663
all	259	1022	886578	0.0011527
all	260	968	886578	0.0010918
all	261	1056	886578	0.0011911
all	262	965	886578	0.0010885
all	263	933	886578	0.0010524
all	264	1014	886578	0.0011437
all	265	961	886578	0.0010839
all	266	974	886578	0.0010986
all	267	915	886578	0.0010321
all	268	936	886578	0.0010557
all	269	985	886578	0.0011110
all	270	957	886578	0.0010794
all	271	921	886578	0.0010388
all	272	962	886578	0.0010851
all	273	901	886578	0.0010163
all	274	887	886578	0.0010005
all	275	963	886578	0.0010862
all	276	868	886578	0.0009790
all	277	948	886578	0.0010693
all	278	866	886578	0.0009768
all	279	938	886578	0.0010580
all	280	910	886578	0.0010264
all	281	852	886578	0.0009610
all	282	889	886578	0.0010027
all	283	832	886578	0.0009384
all	284	859	886578	0.0009689
all	285	898	886578	0.0010129
all	286	847	886578	0.0009554
all	287	761	886578	0.0008584
all	288	862	886578	0.0009723
all	289	862	886578	0.0009723
all	290	837	886578	0.0009441
all	291	826	886578	0.0009317
all	292	839	886578	0.0009463
all	293	776	886578	0.0008753
all	294	858	886578	0.0009678
all	295	773	886578	0.0008719
all	296	764	886578	0.0008617
all	297	737	886578	0.0008313
all	298	698	886578	0.0007873
all	299	741	886578	0.0008358
all	300	792	886578	0.0008933
all	301	738	886578	0.0008324
all	302	748	886578	0.0008437
all	303	700	886578	0.0007896
all	304	689	886578	0.0007771
all	305	708	886578	0.0007986
all	306	693	886578	0.0007817
all	307	736	886578	0.0008302
all	308	664	886578	0.0007489
all	309	674	886578	0.0007602
all	310	610	886578	0.0006880
all	311	667	886578	0.0007523
all	312	621	886578	0.0007004
all	313	631	886578	0.0007117
all	314	672	886578	0.0007580
all	315	571	886578	0.0006440
all	316	679	886578	0.0007659
all	317	571	886578	0.0006440
all	318	644	886578	0.0007264
all	319	571	886578	0.0006440
all	320	571	886578	0.0006440
all	321	602	886578	0.0006790
all	322	588	886578	0.0006632
all	323	577	886578	0.0006508
all	324	556	886578	0.0006271
all	325	513	886578	0.0005786
all	326	543	886578	0.0006125
all	327	530	886578	0.0005978
all	328	517	886578	0.0005831
all	329	513	886578	0.0005786
all	330	479	886578	0.0005403
all	331	464	886578	0.0005234
all	332	476	886578	0.0005369
all	333	510	886578	0.0005752
all	334	506	886578	0.0005707
all	335	452	886578	0.0005098
all	336	492	886578	0.0005549
all	337	453	886578	0.0005110
all	338	463	886578	0.0005222
all	339	465	886578	0.0005245
all	340	477	886578	0.0005380
all	341	425	886578	0.0004794
all	342	441	886578	0.0004974
all	343	408	886578	0.0004602
all	344	416	886578	0.0004692
all	345	423	886578	0.0004771
all	346	438	886578	0.0004940
all	347	413	886578	0.0004658
all	348	402	886578	0.0004534
all	349	386	886578	0.0004354
all	350	427	886578	0.0004816
all	351	390	886578	0.0004399
all	352	427	886578	0.0004816
all	353	371	886578	0.0004185
all	354	363	886578	0.0004094
all	355	359	886578	0.0004049
all	356	391	886578	0.0004410
all	357	400	886578	0.0004512
all	358	386	886578	0.0004354
all	359	379	886578	0.0004275
all	360	357	886578	0.0004027
all	361	354	886578	0.0003993
all	362	386	886578	0.0004354
all	363	373	886578	0.0004207
all	364	326	886578	0.0003677
all	365	353	886578	0.0003982
all	366	339	886578	0.0003824
all	367	337	886578	0.0003801
all	368	347	886578	0.0003914
all	369	343	886578	0.0003869
all	370	333	886578	0.0003756
all	371	296	886578	0.0003339
all	372	308	886578	0.0003474
all	373	308	886578	0.0003474
all	374	286	886578	0.0003226
all	375	318	886578	0.0003587
all	376	248	886578	0.0002797
all	377	247	886578	0.0002786
all	378	317	886578	0.0003576
all	379	242	886578	0.0002730
all	380	283	886578	0.0003192
all	381	312	886578	0.0003519
all	382	261	886578	0.0002944
all	383	281	886578	0.0003169
all	384	314	886578	0.0003542
all	385	283	886578	0.0003192
all	386	253	886578	0.0002854
all	387	274	886578	0.0003091
all	388	272	886578	0.0003068
all	389	261	886578	0.0002944
all	390	229	886578	0.0002583
all	391	307	886578	0.0003463
all	392	300	886578	0.0003384
all	393	251	886578	0.0002831
all	394	237	886578	0.0002673
all	395	227	886578	0.0002560
all	396	234	886578	0.0002639
all	397	226	886578	0.0002549
all	398	231	886578	0.0002606
all	399	287	886578	0.0003237
all	400	231	886578	0.0002606
all	401	268	886578	0.0003023
all	402	191	886578	0.0002154
all	403	224	886578	0.0002527
all	404	236	886578	0.0002662
all	405	226	886578	0.0002549
all	406	226	886578	0.0002549
all	407	233	886578	0.0002628
all	408	234	886578	0.0002639
all	409	217	886578	0.0002448
all	410	197	886578	0.0002222
all	411	210	886578	0.0002369
all	412	196	886578	0.0002211
all	413	226	886578	0.0002549
all	414	190	886578	0.0002143
all	415	179	886578	0.0002019
all	416	232	886578	0.0002617
all	417	237	886578	0.0002673
all	418	199	886578	0.0002245
all	419	223	886578	0.0002515
all	420	202	886578	0.0002278
all	421	200	886578	0.0002256
all	422	204	886578	0.0002301
all	423	199	886578	0.0002245
all	424	198	886578	0.0002233
all	425	172	886578	0.0001940
all	426	202	886578	0.0002278
all	427	196	886578	0.0002211
all	428	191	886578	0.0002154
all	429	206	886578	0.0002324
all	430	189	886578	0.0002132
all	431	209	886578	0.0002357
all	432	211	886578	0.0002380
all	433	196	886578	0.0002211
all	434	194	886578	0.0002188
all	435	207	886578	0.0002335
all	436	178	886578	0.0002008
all	437	194	886578	0.0002188
all	438	223	886578	0.0002515
all	439	202	886578	0.0002278
all	440	168	886578	0.0001895
all	441	151	886578	0.0001703
all	442	199	886578	0.0002245
all	443	181	886578	0.0002042
all	444	191	886578	0.0002154
all	445	171	886578	0.0001929
all	446	180	886578	0.0002030
all	447	167	886578	0.0001884
all	448	152	886578	0.0001714
all	449	169	886578	0.0001906
all	450	184	886578	0.0002075
all	451	134	886578	0.0001511
all	452	145	886578	0.0001636
all	453	187	886578	0.0002109
all	454	136	886578	0.0001534
all	455	137	886578	0.0001545
all	456	140	886578	0.0001579
all	457	121	886578	0.0001365
all	458	134	886578	0.0001511
all	459	154	886578	0.0001737
all	460	135	886578	0.0001523
all	461	152	886578	0.0001714
all	462	166	886578	0.0001872
all	463	128	886578	0.0001444
all	464	146	886578	0.0001647
all	465	132	886578	0.0001489
all	466	143	886578	0.0001613
all	467	150	886578	0.0001692
all	468	157	886578	0.0001771
all	469	145	886578	0.0001636
all	470	142	886578	0.0001602
all	471	135	886578	0.0001523
all	472	155	886578	0.0001748
all	473	127	886578	0.0001432
all	474	110	886578	0.0001241
all	475	142	886578	0.0001602
all	476	112	886578	0.0001263
all	477	129	886578	0.0001455
all	478	125	886578	0.0001410
all	479	136	886578	0.0001534
all	480	144	886578	0.0001624
all	481	114	886578	0.0001286
all	482	136	886578	0.0001534
all	483	122	886578	0.0001376
all	484	139	886578	0.0001568
all	485	141	886578	0.0001590
all	486	140	886578	0.0001579
all	487	104	886578	0.0001173
all	488	110	886578	0.0001241
all	489	127	886578	0.0001432
all	490	116	886578	0.0001308
all	491	127	886578	0.0001432
all	492	129	886578	0.0001455
all	493	105	886578	0.0001184
all	494	111	886578	0.0001252
all	495	111	886578	0.0001252
all	496	102	886578	0.0001150
all	497	121	886578	0.0001365
all	498	116	886578	0.0001308
all	499	121	886578	0.0001365
all	500	115	886578	0.0001297
all	501	128	886578	0.0001444
all	502	102	886578	0.0001150
all	503	107	886578	0.0001207
all	504	122	886578	0.0001376
all	505	91	886578	0.0001026
all	506	111	886578	0.0001252
all	507	96	886578	0.0001083
all	508	105	886578	0.0001184
all	509	99	886578	0.0001117
all	510	95	886578	0.0001072
all	511	81	886578	0.0000914
all	512	92	886578	0.0001038
all	513	87	886578	0.0000981
all	514	89	886578	0.0001004
all	515	119	886578	0.0001342
all	516	95	886578	0.0001072
all	517	104	886578	0.0001173
all	518	102	886578	0.0001150
all	519	104	886578	0.0001173
all	520	88	886578	0.0000993
all	521	111	886578	0.0001252
all	522	92	886578	0.0001038
all	523	74	886578	0.0000835
all	524	112	886578	0.0001263
all	525	81	886578	0.0000914
all	526	101	886578	0.0001139
all	527	102	886578	0.0001150
all	528	94	886578	0.0001060
all	529	97	886578	0.0001094
all	530	76	886578	0.0000857
all	531	86	886578	0.0000970
all	532	78	886578	0.0000880
all	533	110	886578	0.0001241
all	534	82	886578	0.0000925
all	535	102	886578	0.0001150
all	536	108	886578	0.0001218
all	537	86	886578	0.0000970
all	538	91	886578	0.0001026
all	539	99	886578	0.0001117
all	540	107	886578	0.0001207
all	541	90	886578	0.0001015
all	542	100	886578	0.0001128
all	543	110	886578	0.0001241
all	544	68	886578	0.0000767
all	545	89	886578	0.0001004
all	546	87	886578	0.0000981
all	547	80	886578	0.0000902
all	548	96	886578	0.0001083
all	549	83	886578	0.0000936
all	550	62	886578	0.0000699
all	551	86	886578	0.0000970
all	552	75	886578	0.0000846
all	553	93	886578	0.0001049
all	554	80	886578	0.0000902
all	555	81	886578	0.0000914
all	556	90	886578	0.0001015
all	557	79	886578	0.0000891
all	558	100	886578	0.0001128
all	559	87	886578	0.0000981
all	560	70	886578	0.0000790
all	561	71	886578	0.0000801
all	562	61	886578	0.0000688
all	563	70	886578	0.0000790
all	564	63	886578	0.0000711
all	565	75	886578	0.0000846
all	566	73	886578	0.0000823
all	567	45	886578	0.0000508
all	568	65	886578	0.0000733
all	569	71	886578	0.0000801
all	570	57	886578	0.0000643
all	571	61	886578	0.0000688
all	572	75	886578	0.0000846
all	573	68	886578	0.0000767
all	574	62	886578	0.0000699
all	575	82	886578	0.0000925
all	576	74	886578	0.0000835
all	577	78	886578	0.0000880
all	578	60	886578	0.0000677
all	579	62	886578	0.0000699
all	580	76	886578	0.0000857
all	581	83	886578	0.0000936
all	582	73	886578	0.0000823
all	583	57	886578	0.0000643
all	584	62	886578	0.0000699
all	585	65	886578	0.0000733
all	586	48	886578	0.0000541
all	587	45	886578	0.0000508
all	588	58	886578	0.0000654
all	589	45	886578	0.0000508
all	590	54	886578	0.0000609
all	591	49	886578	0.0000553
all	592	44	886578	0.0000496
all	593	56	886578	0.0000632
all	594	41	886578	0.0000462
all	595	61	886578	0.0000688
all	596	44	886578	0.0000496
all	597	69	886578	0.0000778
all	598	59	886578	0.0000665
all	599	48	886578	0.0000541
all	600	62	886578	0.0000699
all	601	53	886578	0.0000598
all	602	48	886578	0.0000541
all	603	49	886578	0.0000553
all	604	67	886578	0.0000756
all	605	68	886578	0.0000767
all	606	48	886578	0.0000541
all	607	57	886578	0.0000643
all	608	47	886578	0.0000530
all	609	70	886578	0.0000790
all	610	61	886578	0.0000688
all	611	41	886578	0.0000462
all	612	53	886578	0.0000598
all	613	64	886578	0.0000722
all	614	56	886578	0.0000632
all	615	45	886578	0.0000508
all	616	50	886578	0.0000564
all	617	39	886578	0.0000440
all	618	50	886578	0.0000564
all	619	48	886578	0.0000541
all	620	55	886578	0.0000620
all	621	47	886578	0.0000530
all	622	61	886578	0.0000688
all	623	54	886578	0.0000609
all	624	55	886578	0.0000620
all	625	60	886578	0.0000677
all	626	43	886578	0.0000485
all	627	44	886578	0.0000496
all	628	58	886578	0.0000654
all	629	39	886578	0.0000440
all	630	51	886578	0.0000575
all	631	59	886578	0.0000665
all	632	38	886578	0.0000429
all	633	34	886578	0.0000383
all	634	45	886578	0.0000508
all	635	29	886578	0.0000327
all	636	35	886578	0.0000395
all	637	54	886578	0.0000609
all	638	44	886578	0.0000496
all	639	27	886578	0.0000305
all	640	38	886578	0.0000429
all	641	38	886578	0.0000429
all	642	34	886578	0.0000383
all	643	37	886578	0.0000417
all	644	38	886578	0.0000429
all	645	37	886578	0.0000417
all	646	39	886578	0.0000440
all	647	38	886578	0.0000429
all	648	28	886578	0.0000316
all	649	45	886578	0.0000508
all	650	35	886578	0.0000395
all	651	26	886578	0.0000293
all	652	37	886578	0.0000417
all	653	34	886578	0.0000383
all	654	30	886578	0.0000338
all	655	23	886578	0.0000259
all	656	29	886578	0.0000327
all	657	25	886578	0.0000282
all	658	36	886578	0.0000406
all	659	29	886578	0.0000327
all	660	45	886578	0.0000508
all	661	34	886578	0.0000383
all	662	28	886578	0.0000316
all	663	47	886578	0.0000530
all	664	25	886578	0.0000282
all	665	49	886578	0.0000553
all	666	29	886578	0.0000327
all	667	28	886578	0.0000316
all	668	25	886578	0.0000282
all	669	21	886578	0.0000237
all	670	29	886578	0.0000327
all	671	27	886578	0.0000305
all	672	29	886578	0.0000327
all	673	26	886578	0.0000293
all	674	30	886578	0.0000338
all	675	23	886578	0.0000259
all	676	26	886578	0.0000293
all	677	36	886578	0.0000406
all	678	28	886578	0.0000316
all	679	23	886578	0.0000259
all	680	39	886578	0.0000440
all	681	31	886578	0.0000350
all	682	31	886578	0.0000350
all	683	44	886578	0.0000496
all	684	23	886578	0.0000259
all	685	38	886578	0.0000429
all	686	22	886578	0.0000248
all	687	23	886578	0.0000259
all	688	27	886578	0.0000305
all	689	28	886578	0.0000316
all	690	25	886578	0.0000282
all	691	27	886578	0.0000305
all	692	30	886578	0.0000338
all	693	28	886578	0.0000316
all	694	21	886578	0.0000237
all	695	18	886578	0.0000203
all	696	28	886578	0.0000316
all	697	31	886578	0.0000350
all	698	24	886578	0.0000271
all	699	26	886578	0.0000293
all	700	33	886578	0.0000372
all	701	29	886578	0.0000327
all	702	28	886578	0.0000316
all	703	25	886578	0.0000282
all	704	37	886578	0.0000417
all	705	31	886578	0.0000350
all	706	28	886578	0.0000316
all	707	29	886578	0.0000327
all	708	37	886578	0.0000417
all	709	32	886578	0.0000361
all	710	35	886578	0.0000395
all	711	33	886578	0.0000372
all	712	38	886578	0.0000429
all	713	28	886578	0.0000316
all	714	22	886578	0.0000248
all	715	22	886578	0.0000248
all	716	41	886578	0.0000462
all	717	27	886578	0.0000305
all	718	32	886578	0.0000361
all	719	37	886578	0.0000417
all	720	27	886578	0.0000305
all	721	28	886578	0.0000316
all	722	28	886578	0.0000316
all	723	31	886578	0.0000350
all	724	37	886578	0.0000417
all	725	28	886578	0.0000316
all	726	24	886578	0.0000271
all	727	25	886578	0.0000282
all	728	25	886578	0.0000282
all	729	37	886578	0.0000417
all	730	28	886578	0.0000316
all	731	36	886578	0.0000406
all	732	34	886578	0.0000383
all	733	27	886578	0.0000305
all	734	19	886578	0.0000214
all	735	35	886578	0.0000395
all	736	30	886578	0.0000338
all	737	23	886578	0.0000259
all	738	32	886578	0.0000361
all	739	22	886578	0.0000248
all	740	30	886578	0.0000338
all	741	22	886578	0.0000248
all	742	24	886578	0.0000271
all	743	22	886578	0.0000248
all	744	16	886578	0.0000180
all	745	28	886578	0.0000316
all	746	23	886578	0.0000259
all	747	23	886578	0.0000259
all	748	36	886578	0.0000406
all	749	21	886578	0.0000237
all	750	23	886578	0.0000259
all	751	31	886578	0.0000350
all	752	24	886578	0.0000271
all	753	29	886578	0.0000327
all	754	32	886578	0.0000361
all	755	22	886578	0.0000248
all	756	23	886578	0.0000259
all	757	19	886578	0.0000214
all	758	25	886578	0.0000282
all	759	27	886578	0.0000305
all	760	23	886578	0.0000259
all	761	21	886578	0.0000237
all	762	27	886578	0.0000305
all	763	11	886578	0.0000124
all	764	23	886578	0.0000259
all	765	20	886578	0.0000226
all	766	22	886578	0.0000248
all	767	24	886578	0.0000271
all	768	21	886578	0.0000237
all	769	29	886578	0.0000327
all	770	24	886578	0.0000271
all	771	23	886578	0.0000259
all	772	25	886578	0.0000282
all	773	24	886578	0.0000271
all	774	29	886578	0.0000327
all	775	22	886578	0.0000248
all	776	19	886578	0.0000214
all	777	25	886578	0.0000282
all	778	29	886578	0.0000327
all	779	24	886578	0.0000271
all	780	13	886578	0.0000147
all	781	16	886578	0.0000180
all	782	12	886578	0.0000135
all	783	23	886578	0.0000259
all	784	21	886578	0.0000237
all	785	17	886578	0.0000192
all	786	27	886578	0.0000305
all	787	27	886578	0.0000305
all	788	23	886578	0.0000259
all	789	20	886578	0.0000226
all	790	21	886578	0.0000237
all	791	18	886578	0.0000203
all	792	28	886578	0.0000316
all	793	14	886578	0.0000158
all	794	21	886578	0.0000237
all	795	23	886578	0.0000259
all	796	13	886578	0.0000147
all	797	18	886578	0.0000203
all	798	15	886578	0.0000169
all	799	16	886578	0.0000180
all	800	30	886578	0.0000338
all	801	22	886578	0.0000248
all	802	12	886578	0.0000135
all	803	23	886578	0.0000259
all	804	31	886578	0.0000350
all	805	22	886578	0.0000248
all	806	11	886578	0.0000124
all	807	16	886578	0.0000180
all	808	16	886578	0.0000180
all	809	23	886578	0.0000259
all	810	12	886578	0.0000135
all	811	16	886578	0.0000180
all	812	39	886578	0.0000440
all	813	12	886578	0.0000135
all	814	21	886578	0.0000237
all	815	14	886578	0.0000158
all	816	24	886578	0.0000271
all	817	28	886578	0.0000316
all	818	14	886578	0.0000158
all	819	20	886578	0.0000226
all	820	14	886578	0.0000158
all	821	16	886578	0.0000180
all	822	18	886578	0.0000203
all	823	20	886578	0.0000226
all	824	22	886578	0.0000248
all	825	21	886578	0.0000237
all	826	19	886578	0.0000214
all	827	18	886578	0.0000203
all	828	20	886578	0.0000226
all	829	20	886578	0.0000226
all	830	13	886578	0.0000147
all	831	24	886578	0.0000271
all	832	18	886578	0.0000203
all	833	18	886578	0.0000203
all	834	18	886578	0.0000203
all	835	24	886578	0.0000271
all	836	17	886578	0.0000192
all	837	25	886578	0.0000282
all	838	23	886578	0.0000259
all	839	17	886578	0.0000192
all	840	30	886578	0.0000338
all	841	21	886578	0.0000237
all	842	20	886578	0.0000226
all	843	21	886578	0.0000237
all	844	25	886578	0.0000282
all	845	24	886578	0.0000271
all	846	22	886578	0.0000248
all	847	31	886578	0.0000350
all	848	17	886578	0.0000192
all	849	15	886578	0.0000169
all	850	15	886578	0.0000169
all	851	26	886578	0.0000293
all	852	18	886578	0.0000203
all	853	29	886578	0.0000327
all	854	19	886578	0.0000214
all	855	21	886578	0.0000237
all	856	23	886578	0.0000259
all	857	27	886578	0.0000305
all	858	17	886578	0.0000192
all	859	19	886578	0.0000214
all	860	19	886578	0.0000214
all	861	18	886578	0.0000203
all	862	19	886578	0.0000214
all	863	23	886578	0.0000259
all	864	20	886578	0.0000226
all	865	24	886578	0.0000271
all	866	22	886578	0.0000248
all	867	24	886578	0.0000271
all	868	24	886578	0.0000271
all	869	13	886578	0.0000147
all	870	23	886578	0.0000259
all	871	21	886578	0.0000237
all	872	25	886578	0.0000282
all	873	18	886578	0.0000203
all	874	19	886578	0.0000214
all	875	26	886578	0.0000293
all	876	24	886578	0.0000271
all	877	21	886578	0.0000237
all	878	13	886578	0.0000147
all	879	16	886578	0.0000180
all	880	18	886578	0.0000203
all	881	14	886578	0.0000158
all	882	21	886578	0.0000237
all	883	23	886578	0.0000259
all	884	13	886578	0.0000147
all	885	15	886578	0.0000169
all	886	15	886578	0.0000169
all	887	13	886578	0.0000147
all	888	14	886578	0.0000158
all	889	17	886578	0.0000192
all	890	14	886578	0.0000158
all	891	13	886578	0.0000147
all	892	13	886578	0.0000147
all	893	14	886578	0.0000158
all	894	9	886578	0.0000102
all	895	19	886578	0.0000214
all	896	23	886578	0.0000259
all	897	18	886578	0.0000203
all	898	9	886578	0.0000102
all	899	17	886578	0.0000192
all	900	8	886578	0.0000090
all	901	13	886578	0.0000147
all	902	11	886578	0.0000124
all	903	16	886578	0.0000180
all	904	9	886578	0.0000102
all	905	15	886578	0.0000169
all	906	16	886578	0.0000180
all	907	15	886578	0.0000169
all	908	15	886578	0.0000169
all	909	16	886578	0.0000180
all	910	9	886578	0.0000102
all	911	14	886578	0.0000158
all	912	21	886578	0.0000237
all	913	11	886578	0.0000124
all	914	13	886578	0.0000147
all	915	18	886578	0.0000203
all	916	17	886578	0.0000192
all	917	10	886578	0.0000113
all	918	13	886578	0.0000147
all	919	8	886578	0.0000090
all	920	10	886578	0.0000113
all	921	9	886578	0.0000102
all	922	12	886578	0.0000135
all	923	16	886578	0.0000180
all	924	6	886578	0.0000068
all	925	9	886578	0.0000102
all	926	11	886578	0.0000124
all	927	14	886578	0.0000158
all	928	13	886578	0.0000147
all	929	14	886578	0.0000158
all	930	21	886578	0.0000237
all	931	9	886578	0.0000102
all	932	16	886578	0.0000180
all	933	9	886578	0.0000102
all	934	12	886578	0.0000135
all	935	18	886578	0.0000203
all	936	15	886578	0.0000169
all	937	11	886578	0.0000124
all	938	10	886578	0.0000113
all	939	18	886578	0.0000203
all	940	15	886578	0.0000169
all	941	10	886578	0.0000113
all	942	12	886578	0.0000135
all	943	13	886578	0.0000147
all	944	11	886578	0.0000124
all	945	9	886578	0.0000102
all	946	13	886578	0.0000147
all	947	16	886578	0.0000180
all	948	11	886578	0.0000124
all	949	16	886578	0.0000180
all	950	13	886578	0.0000147
all	951	8	886578	0.0000090
all	952	11	886578	0.0000124
all	953	7	886578	0.0000079
all	954	15	886578	0.0000169
all	955	18	886578	0.0000203
all	956	16	886578	0.0000180
all	957	11	886578	0.0000124
all	958	16	886578	0.0000180
all	959	15	886578	0.0000169
all	960	16	886578	0.0000180
all	961	13	886578	0.0000147
all	962	18	886578	0.0000203
all	963	17	886578	0.0000192
all	964	16	886578	0.0000180
all	965	10	886578	0.0000113
all	966	10	886578	0.0000113
all	967	6	886578	0.0000068
all	968	17	886578	0.0000192
all	969	12	886578	0.0000135
all	970	20	886578	0.0000226
all	971	9	886578	0.0000102
all	972	8	886578	0.0000090
all	973	10	886578	0.0000113
all	974	12	886578	0.0000135
all	975	11	886578	0.0000124
all	976	16	886578	0.0000180
all	977	10	886578	0.0000113
all	978	11	886578	0.0000124
all	979	15	886578	0.0000169
all	980	14	886578	0.0000158
all	981	9	886578	0.0000102
all	982	12	886578	0.0000135
all	983	12	886578	0.0000135
all	984	20	886578	0.0000226
all	985	12	886578	0.0000135
all	986	16	886578	0.0000180
all	987	15	886578	0.0000169
all	988	19	886578	0.0000214
all	989	12	886578	0.0000135
all	990	14	886578	0.0000158
all	991	16	886578	0.0000180
all	992	17	886578	0.0000192
all	993	12	886578	0.0000135
all	994	13	886578	0.0000147
all	995	17	886578	0.0000192
all	996	7	886578	0.0000079
all	997	16	886578	0.0000180
all	998	14	886578	0.0000158
all	999	12	886578	0.0000135
all	1000	11	886578	0.0000124
all	1001	13	886578	0.0000147
all	1002	17	886578	0.0000192
all	1003	14	886578	0.0000158
all	1004	22	886578	0.0000248
all	1005	14	886578	0.0000158
all	1006	11	886578	0.0000124
all	1007	14	886578	0.0000158
all	1008	15	886578	0.0000169
all	1009	13	886578	0.0000147
all	1010	28	886578	0.0000316
all	1011	11	886578	0.0000124
all	1012	17	886578	0.0000192
all	1013	22	886578	0.0000248
all	1014	12	886578	0.0000135
all	1015	18	886578	0.0000203
all	1016	15	886578	0.0000169
all	1017	9	886578	0.0000102
all	1018	18	886578	0.0000203
all	1019	11	886578	0.0000124
all	1020	11	886578	0.0000124
all	1021	8	886578	0.0000090
all	1022	10	886578	0.0000113
all	1023	17	886578	0.0000192
all	1024	14	886578	0.0000158
all	1025	14	886578	0.0000158
all	1026	14	886578	0.0000158
all	1027	14	886578	0.0000158
all	1028	10	886578	0.0000113
all	1029	7	886578	0.0000079
all	1030	12	886578	0.0000135
all	1031	14	886578	0.0000158
all	1032	14	886578	0.0000158
all	1033	18	886578	0.0000203
all	1034	14	886578	0.0000158
all	1035	15	886578	0.0000169
all	1036	8	886578	0.0000090
all	1037	15	886578	0.0000169
all	1038	12	886578	0.0000135
all	1039	16	886578	0.0000180
all	1040	18	886578	0.0000203
all	1041	14	886578	0.0000158
all	1042	15	886578	0.0000169
all	1043	15	886578	0.0000169
all	1044	17	886578	0.0000192
all	1045	10	886578	0.0000113
all	1046	13	886578	0.0000147
all	1047	12	886578	0.0000135
all	1048	10	886578	0.0000113
all	1049	10	886578	0.0000113
all	1050	11	886578	0.0000124
all	1051	16	886578	0.0000180
all	1052	9	886578	0.0000102
all	1053	14	886578	0.0000158
all	1054	11	886578	0.0000124
all	1055	11	886578	0.0000124
all	1056	18	886578	0.0000203
all	1057	16	886578	0.0000180
all	1058	9	886578	0.0000102
all	1059	9	886578	0.0000102
all	1060	15	886578	0.0000169
all	1061	13	886578	0.0000147
all	1062	11	886578	0.0000124
all	1063	7	886578	0.0000079
all	1064	15	886578	0.0000169
all	1065	4	886578	0.0000045
all	1066	13	886578	0.0000147
all	1067	16	886578	0.0000180
all	1068	11	886578	0.0000124
all	1069	10	886578	0.0000113
all	1070	7	886578	0.0000079
all	1071	12	886578	0.0000135
all	1072	13	886578	0.0000147
all	1073	12	886578	0.0000135
all	1074	7	886578	0.0000079
all	1075	12	886578	0.0000135
all	1076	10	886578	0.0000113
all	1077	10	886578	0.0000113
all	1078	20	886578	0.0000226
all	1079	11	886578	0.0000124
all	1080	12	886578	0.0000135
all	1081	11	886578	0.0000124
all	1082	13	886578	0.0000147
all	1083	9	886578	0.0000102
all	1084	12	886578	0.0000135
all	1085	11	886578	0.0000124
all	1086	7	886578	0.0000079
all	1087	13	886578	0.0000147
all	1088	12	886578	0.0000135
all	1089	13	886578	0.0000147
all	1090	6	886578	0.0000068
all	1091	10	886578	0.0000113
all	1092	12	886578	0.0000135
all	1093	14	886578	0.0000158
all	1094	13	886578	0.0000147
all	1095	9	886578	0.0000102
all	1096	12	886578	0.0000135
all	1097	14	886578	0.0000158
all	1098	9	886578	0.0000102
all	1099	14	886578	0.0000158
all	1100	22	886578	0.0000248
all	1101	10	886578	0.0000113
all	1102	13	886578	0.0000147
all	1103	14	886578	0.0000158
all	1104	9	886578	0.0000102
all	1105	16	886578	0.0000180
all	1106	17	886578	0.0000192
all	1107	15	886578	0.0000169
all	1108	10	886578	0.0000113
all	1109	9	886578	0.0000102
all	1110	11	886578	0.0000124
all	1111	13	886578	0.0000147
all	1112	17	886578	0.0000192
all	1113	10	886578	0.0000113
all	1114	12	886578	0.0000135
all	1115	15	886578	0.0000169
all	1116	9	886578	0.0000102
all	1117	11	886578	0.0000124
all	1118	16	886578	0.0000180
all	1119	17	886578	0.0000192
all	1120	16	886578	0.0000180
all	1121	14	886578	0.0000158
all	1122	9	886578	0.0000102
all	1123	12	886578	0.0000135
all	1124	10	886578	0.0000113
all	1125	8	886578	0.0000090
all	1126	9	886578	0.0000102
all	1127	10	886578	0.0000113
all	1128	8	886578	0.0000090
all	1129	5	886578	0.0000056
all	1130	19	886578	0.0000214
all	1131	6	886578	0.0000068
all	1132	9	886578	0.0000102
all	1133	11	886578	0.0000124
all	1134	9	886578	0.0000102
all	1135	8	886578	0.0000090
all	1136	10	886578	0.0000113
all	1137	13	886578	0.0000147
all	1138	5	886578	0.0000056
all	1139	11	886578	0.0000124
all	1140	8	886578	0.0000090
all	1141	12	886578	0.0000135
all	1142	6	886578	0.0000068
all	1143	7	886578	0.0000079
all	1144	8	886578	0.0000090
all	1145	6	886578	0.0000068
all	1146	8	886578	0.0000090
all	1147	8	886578	0.0000090
all	1148	11	886578	0.0000124
all	1149	11	886578	0.0000124
all	1150	11	886578	0.0000124
all	1151	12	886578	0.0000135
all	1152	9	886578	0.0000102
all	1153	8	886578	0.0000090
all	1154	14	886578	0.0000158
all	1155	13	886578	0.0000147
all	1156	6	886578	0.0000068
all	1157	7	886578	0.0000079
all	1158	7	886578	0.0000079
all	1159	12	886578	0.0000135
all	1160	5	886578	0.0000056
all	1161	13	886578	0.0000147
all	1162	8	886578	0.0000090
all	1163	12	886578	0.0000135
all	1164	9	886578	0.0000102
all	1165	10	886578	0.0000113
all	1166	13	886578	0.0000147
all	1167	13	886578	0.0000147
all	1168	11	886578	0.0000124
all	1169	9	886578	0.0000102
all	1170	8	886578	0.0000090
all	1171	11	886578	0.0000124
all	1172	6	886578	0.0000068
all	1173	8	886578	0.0000090
all	1174	10	886578	0.0000113
all	1175	8	886578	0.0000090
all	1176	11	886578	0.0000124
all	1177	6	886578	0.0000068
all	1178	10	886578	0.0000113
all	1179	10	886578	0.0000113
all	1180	9	886578	0.0000102
all	1181	9	886578	0.0000102
all	1182	7	886578	0.0000079
all	1183	10	886578	0.0000113
all	1184	7	886578	0.0000079
all	1185	13	886578	0.0000147
all	1186	8	886578	0.0000090
all	1187	10	886578	0.0000113
all	1188	10	886578	0.0000113
all	1189	7	886578	0.0000079
all	1190	13	886578	0.0000147
all	1191	14	886578	0.0000158
all	1192	13	886578	0.0000147
all	1193	17	886578	0.0000192
all	1194	16	886578	0.0000180
all	1195	13	886578	0.0000147
all	1196	17	886578	0.0000192
all	1197	12	886578	0.0000135
all	1198	14	886578	0.0000158
all	1199	11	886578	0.0000124
all	1200	18	886578	0.0000203
all	1201	13	886578	0.0000147
all	1202	14	886578	0.0000158
all	1203	11	886578	0.0000124
all	1204	10	886578	0.0000113
all	1205	9	886578	0.0000102
all	1206	16	886578	0.0000180
all	1207	7	886578	0.0000079
all	1208	10	886578	0.0000113
all	1209	12	886578	0.0000135
all	1210	14	886578	0.0000158
all	1211	16	886578	0.0000180
all	1212	9	886578	0.0000102
all	1213	7	886578	0.0000079
all	1214	10	886578	0.0000113
all	1215	13	886578	0.0000147
all	1216	7	886578	0.0000079
all	1217	12	886578	0.0000135
all	1218	10	886578	0.0000113
all	1219	12	886578	0.0000135
all	1220	9	886578	0.0000102
all	1221	8	886578	0.0000090
all	1222	11	886578	0.0000124
all	1223	8	886578	0.0000090
all	1224	19	886578	0.0000214
all	1225	6	886578	0.0000068
all	1226	12	886578	0.0000135
all	1227	11	886578	0.0000124
all	1228	7	886578	0.0000079
all	1229	10	886578	0.0000113
all	1230	10	886578	0.0000113
all	1231	12	886578	0.0000135
all	1232	8	886578	0.0000090
all	1233	11	886578	0.0000124
all	1234	13	886578	0.0000147
all	1235	14	886578	0.0000158
all	1236	6	886578	0.0000068
all	1237	5	886578	0.0000056
all	1238	12	886578	0.0000135
all	1239	14	886578	0.0000158
all	1240	4	886578	0.0000045
all	1241	6	886578	0.0000068
all	1242	7	886578	0.0000079
all	1243	12	886578	0.0000135
all	1244	7	886578	0.0000079
all	1245	9	886578	0.0000102
all	1246	6	886578	0.0000068
all	1247	13	886578	0.0000147
all	1248	4	886578	0.0000045
all	1249	10	886578	0.0000113
all	1250	9	886578	0.0000102
all	1251	13	886578	0.0000147
all	1252	6	886578	0.0000068
all	1253	10	886578	0.0000113
all	1254	7	886578	0.0000079
all	1255	8	886578	0.0000090
all	1256	5	886578	0.0000056
all	1257	7	886578	0.0000079
all	1258	13	886578	0.0000147
all	1259	8	886578	0.0000090
all	1260	8	886578	0.0000090
all	1261	8	886578	0.0000090
all	1262	13	886578	0.0000147
all	1263	12	886578	0.0000135
all	1264	8	886578	0.0000090
all	1265	10	886578	0.0000113
all	1266	4	886578	0.0000045
all	1267	11	886578	0.0000124
all	1268	10	886578	0.0000113
all	1269	5	886578	0.0000056
all	1270	14	886578	0.0000158
all	1271	8	886578	0.0000090
all	1272	11	886578	0.0000124
all	1273	9	886578	0.0000102
all	1274	9	886578	0.0000102
all	1275	5	886578	0.0000056
all	1276	7	886578	0.0000079
all	1277	4	886578	0.0000045
all	1278	9	886578	0.0000102
all	1279	11	886578	0.0000124
all	1280	13	886578	0.0000147
all	1281	10	886578	0.0000113
all	1282	12	886578	0.0000135
all	1283	12	886578	0.0000135
all	1284	6	886578	0.0000068
all	1285	13	886578	0.0000147
all	1286	9	886578	0.0000102
all	1287	7	886578	0.0000079
all	1288	9	886578	0.0000102
all	1289	13	886578	0.0000147
all	1290	7	886578	0.0000079
all	1291	4	886578	0.0000045
all	1292	6	886578	0.0000068
all	1293	12	886578	0.0000135
all	1294	14	886578	0.0000158
all	1295	10	886578	0.0000113
all	1296	17	886578	0.0000192
all	1297	8	886578	0.0000090
all	1298	5	886578	0.0000056
all	1299	6	886578	0.0000068
all	1300	13	886578	0.0000147
all	1301	7	886578	0.0000079
all	1302	8	886578	0.0000090
all	1303	8	886578	0.0000090
all	1304	10	886578	0.0000113
all	1305	10	886578	0.0000113
all	1306	9	886578	0.0000102
all	1307	9	886578	0.0000102
all	1308	7	886578	0.0000079
all	1309	8	886578	0.0000090
all	1310	11	886578	0.0000124
all	1311	9	886578	0.0000102
all	1312	9	886578	0.0000102
all	1313	13	886578	0.0000147
all	1314	5	886578	0.0000056
all	1315	8	886578	0.0000090
all	1316	9	886578	0.0000102
all	1317	6	886578	0.0000068
all	1318	10	886578	0.0000113
all	1319	6	886578	0.0000068
all	1320	12	886578	0.0000135
all	1321	10	886578	0.0000113
all	1322	11	886578	0.0000124
all	1323	6	886578	0.0000068
all	1324	15	886578	0.0000169
all	1325	11	886578	0.0000124
all	1326	11	886578	0.0000124
all	1327	11	886578	0.0000124
all	1328	9	886578	0.0000102
all	1329	14	886578	0.0000158
all	1330	15	886578	0.0000169
all	1331	15	886578	0.0000169
all	1332	8	886578	0.0000090
all	1333	10	886578	0.0000113
all	1334	8	886578	0.0000090
all	1335	6	886578	0.0000068
all	1336	5	886578	0.0000056
all	1337	10	886578	0.0000113
all	1338	8	886578	0.0000090
all	1339	6	886578	0.0000068
all	1340	7	886578	0.0000079
all	1341	5	886578	0.0000056
all	1342	10	886578	0.0000113
all	1343	10	886578	0.0000113
all	1344	7	886578	0.0000079
all	1345	9	886578	0.0000102
all	1346	9	886578	0.0000102
all	1347	8	886578	0.0000090
all	1348	9	886578	0.0000102
all	1349	7	886578	0.0000079
all	1350	4	886578	0.0000045
all	1351	5	886578	0.0000056
all	1352	4	886578	0.0000045
all	1353	6	886578	0.0000068
all	1354	5	886578	0.0000056
all	1355	4	886578	0.0000045
all	1356	8	886578	0.0000090
all	1357	12	886578	0.0000135
all	1358	4	886578	0.0000045
all	1359	16	886578	0.0000180
all	1360	4	886578	0.0000045
all	1361	6	886578	0.0000068
all	1362	12	886578	0.0000135
all	1363	7	886578	0.0000079
all	1364	6	886578	0.0000068
all	1365	14	886578	0.0000158
all	1366	5	886578	0.0000056
all	1367	5	886578	0.0000056
all	1368	6	886578	0.0000068
all	1369	2	886578	0.0000023
all	1370	6	886578	0.0000068
all	1371	2	886578	0.0000023
all	1372	6	886578	0.0000068
all	1373	11	886578	0.0000124
all	1374	6	886578	0.0000068
all	1375	11	886578	0.0000124
all	1376	8	886578	0.0000090
all	1377	5	886578	0.0000056
all	1378	5	886578	0.0000056
all	1379	8	886578	0.0000090
all	1380	5	886578	0.0000056
all	1381	9	886578	0.0000102
all	1382	7	886578	0.0000079
all	1383	6	886578	0.0000068
all	1384	9	886578	0.0000102
all	1385	6	886578	0.0000068
all	1386	13	886578	0.0000147
all	1387	7	886578	0.0000079
all	1388	5	886578	0.0000056
all	1389	4	886578	0.0000045
all	1390	11	886578	0.0000124
all	1391	4	886578	0.0000045
all	1392	8	886578	0.0000090
all	1393	7	886578	0.0000079
all	1394	10	886578	0.0000113
all	1395	4	886578	0.0000045
all	1396	5	886578	0.0000056
all	1397	10	886578	0.0000113
all	1398	14	886578	0.0000158
all	1399	7	886578	0.0000079
all	1400	7	886578	0.0000079
all	1401	7	886578	0.0000079
all	1402	10	886578	0.0000113
all	1403	15	886578	0.0000169
all	1404	11	886578	0.0000124
all	1405	6	886578	0.0000068
all	1406	5	886578	0.0000056
all	1407	12	886578	0.0000135
all	1408	12	886578	0.0000135
all	1409	13	886578	0.0000147
all	1410	7	886578	0.0000079
all	1411	6	886578	0.0000068
all	1412	10	886578	0.0000113
all	1413	9	886578	0.0000102
all	1414	10	886578	0.0000113
all	1415	13	886578	0.0000147
all	1416	7	886578	0.0000079
all	1417	10	886578	0.0000113
all	1418	14	886578	0.0000158
all	1419	11	886578	0.0000124
all	1420	8	886578	0.0000090
all	1421	14	886578	0.0000158
all	1422	8	886578	0.0000090
all	1423	14	886578	0.0000158
all	1424	14	886578	0.0000158
all	1425	8	886578	0.0000090
all	1426	10	886578	0.0000113
all	1427	8	886578	0.0000090
all	1428	10	886578	0.0000113
all	1429	7	886578	0.0000079
all	1430	11	886578	0.0000124
all	1431	14	886578	0.0000158
all	1432	6	886578	0.0000068
all	1433	7	886578	0.0000079
all	1434	5	886578	0.0000056
all	1435	10	886578	0.0000113
all	1436	7	886578	0.0000079
all	1437	9	886578	0.0000102
all	1438	7	886578	0.0000079
all	1439	5	886578	0.0000056
all	1440	9	886578	0.0000102
all	1441	9	886578	0.0000102
all	1442	6	886578	0.0000068
all	1443	7	886578	0.0000079
all	1444	16	886578	0.0000180
all	1445	12	886578	0.0000135
all	1446	4	886578	0.0000045
all	1447	12	886578	0.0000135
all	1448	8	886578	0.0000090
all	1449	9	886578	0.0000102
all	1450	8	886578	0.0000090
all	1451	9	886578	0.0000102
all	1452	5	886578	0.0000056
all	1453	8	886578	0.0000090
all	1454	6	886578	0.0000068
all	1455	8	886578	0.0000090
all	1456	9	886578	0.0000102
all	1457	9	886578	0.0000102
all	1458	3	886578	0.0000034
all	1459	5	886578	0.0000056
all	1460	10	886578	0.0000113
all	1461	9	886578	0.0000102
all	1462	9	886578	0.0000102
all	1463	6	886578	0.0000068
all	1464	6	886578	0.0000068
all	1465	8	886578	0.0000090
all	1466	11	886578	0.0000124
all	1467	4	886578	0.0000045
all	1468	9	886578	0.0000102
all	1469	6	886578	0.0000068
all	1470	6	886578	0.0000068
all	1471	4	886578	0.0000045
all	1472	5	886578	0.0000056
all	1473	9	886578	0.0000102
all	1474	6	886578	0.0000068
all	1475	5	886578	0.0000056
all	1476	6	886578	0.0000068
all	1477	3	886578	0.0000034
all	1478	6	886578	0.0000068
all	1479	11	886578	0.0000124
all	1480	8	886578	0.0000090
all	1481	9	886578	0.0000102
all	1482	10	886578	0.0000113
all	1483	6	886578	0.0000068
all	1484	9	886578	0.0000102
all	1485	7	886578	0.0000079
all	1486	7	886578	0.0000079
all	1487	14	886578	0.0000158
all	1488	10	886578	0.0000113
all	1489	7	886578	0.0000079
all	1490	4	886578	0.0000045
all	1491	3	886578	0.0000034
all	1492	6	886578	0.0000068
all	1493	7	886578	0.0000079
all	1494	4	886578	0.0000045
all	1495	11	886578	0.0000124
all	1496	3	886578	0.0000034
all	1497	6	886578	0.0000068
all	1498	10	886578	0.0000113
all	1499	3	886578	0.0000034
all	1500	5	886578	0.0000056
all	1501	5	886578	0.0000056
all	1502	6	886578	0.0000068
all	1503	3	886578	0.0000034
all	1504	4	886578	0.0000045
all	1505	4	886578	0.0000045
all	1506	5	886578	0.0000056
all	1507	8	886578	0.0000090
all	1508	7	886578	0.0000079
all	1509	6	886578	0.0000068
all	1510	8	886578	0.0000090
all	1511	8	886578	0.0000090
all	1512	5	886578	0.0000056
all	1513	5	886578	0.0000056
all	1514	10	886578	0.0000113
all	1515	4	886578	0.0000045
all	1516	6	886578	0.0000068
all	1517	4	886578	0.0000045
all	1518	8	886578	0.0000090
all	1519	6	886578	0.0000068
all	1520	10	886578	0.0000113
all	1521	9	886578	0.0000102
all	1522	8	886578	0.0000090
all	1523	5	886578	0.0000056
all	1524	10	886578	0.0000113
all	1525	7	886578	0.0000079
all	1526	6	886578	0.0000068
all	1527	5	886578	0.0000056
all	1528	10	886578	0.0000113
all	1529	11	886578	0.0000124
all	1530	9	886578	0.0000102
all	1531	9	886578	0.0000102
all	1532	2	886578	0.0000023
all	1533	7	886578	0.0000079
all	1534	10	886578	0.0000113
all	1535	9	886578	0.0000102
all	1536	7	886578	0.0000079
all	1537	12	886578	0.0000135
all	1538	10	886578	0.0000113
all	1539	5	886578	0.0000056
all	1540	9	886578	0.0000102
all	1541	10	886578	0.0000113
all	1542	5	886578	0.0000056
all	1543	3	886578	0.0000034
all	1544	7	886578	0.0000079
all	1545	3	886578	0.0000034
all	1546	4	886578	0.0000045
all	1547	7	886578	0.0000079
all	1548	5	886578	0.0000056
all	1549	8	886578	0.0000090
all	1550	6	886578	0.0000068
all	1551	8	886578	0.0000090
all	1552	6	886578	0.0000068
all	1553	6	886578	0.0000068
all	1554	6	886578	0.0000068
all	1555	11	886578	0.0000124
all	1556	4	886578	0.0000045
all	1557	7	886578	0.0000079
all	1558	5	886578	0.0000056
all	1559	11	886578	0.0000124
all	1560	5	886578	0.0000056
all	1561	5	886578	0.0000056
all	1562	6	886578	0.0000068
all	1563	3	886578	0.0000034
all	1564	9	886578	0.0000102
all	1565	4	886578	0.0000045
all	1566	4	886578	0.0000045
all	1567	12	886578	0.0000135
all	1568	5	886578	0.0000056
all	1569	5	886578	0.0000056
all	1570	7	886578	0.0000079
all	1571	4	886578	0.0000045
all	1572	9	886578	0.0000102
all	1573	9	886578	0.0000102
all	1574	9	886578	0.0000102
all	1575	3	886578	0.0000034
all	1576	9	886578	0.0000102
all	1577	6	886578	0.0000068
all	1578	3	886578	0.0000034
all	1579	2	886578	0.0000023
all	1580	6	886578	0.0000068
all	1581	10	886578	0.0000113
all	1582	6	886578	0.0000068
all	1583	11	886578	0.0000124
all	1584	7	886578	0.0000079
all	1585	10	886578	0.0000113
all	1586	2	886578	0.0000023
all	1587	10	886578	0.0000113
all	1588	18	886578	0.0000203
all	1589	11	886578	0.0000124
all	1590	8	886578	0.0000090
all	1591	5	886578	0.0000056
all	1592	7	886578	0.0000079
all	1593	5	886578	0.0000056
all	1594	12	886578	0.0000135
all	1595	7	886578	0.0000079
all	1596	10	886578	0.0000113
all	1597	6	886578	0.0000068
all	1598	8	886578	0.0000090
all	1599	9	886578	0.0000102
all	1600	8	886578	0.0000090
all	1601	6	886578	0.0000068
all	1602	6	886578	0.0000068
all	1603	10	886578	0.0000113
all	1604	11	886578	0.0000124
all	1605	6	886578	0.0000068
all	1606	6	886578	0.0000068
all	1607	7	886578	0.0000079
all	1608	6	886578	0.0000068
all	1609	4	886578	0.0000045
all	1610	8	886578	0.0000090
all	1611	5	886578	0.0000056
all	1612	9	886578	0.0000102
all	1613	8	886578	0.0000090
all	1614	7	886578	0.0000079
all	1615	6	886578	0.0000068
all	1616	5	886578	0.0000056
all	1617	4	886578	0.0000045
all	1618	6	886578	0.0000068
all	1619	10	886578	0.0000113
all	1620	9	886578	0.0000102
all	1621	6	886578	0.0000068
all	1622	4	886578	0.0000045
all	1623	6	886578	0.0000068
all	1624	5	886578	0.0000056
all	1625	7	886578	0.0000079
all	1626	8	886578	0.0000090
all	1627	9	886578	0.0000102
all	1628	2	886578	0.0000023
all	1629	9	886578	0.0000102
all	1630	6	886578	0.0000068
all	1631	7	886578	0.0000079
all	1632	6	886578	0.0000068
all	1633	6	886578	0.0000068
all	1634	4	886578	0.0000045
all	1635	3	886578	0.0000034
all	1636	7	886578	0.0000079
all	1637	8	886578	0.0000090
all	1638	8	886578	0.0000090
all	1639	11	886578	0.0000124
all	1640	4	886578	0.0000045
all	1641	9	886578	0.0000102
all	1642	1	886578	0.0000011
all	1643	8	886578	0.0000090
all	1644	3	886578	0.0000034
all	1645	5	886578	0.0000056
all	1646	8	886578	0.0000090
all	1647	11	886578	0.0000124
all	1648	13	886578	0.0000147
all	1649	8	886578	0.0000090
all	1650	7	886578	0.0000079
all	1651	8	886578	0.0000090
all	1652	10	886578	0.0000113
all	1653	9	886578	0.0000102
all	1654	8	886578	0.0000090
all	1655	15	886578	0.0000169
all	1656	13	886578	0.0000147
all	1657	12	886578	0.0000135
all	1658	9	886578	0.0000102
all	1659	11	886578	0.0000124
all	1660	9	886578	0.0000102
all	1661	6	886578	0.0000068
all	1662	4	886578	0.0000045
all	1663	5	886578	0.0000056
all	1664	6	886578	0.0000068
all	1665	6	886578	0.0000068
all	1666	4	886578	0.0000045
all	1667	5	886578	0.0000056
all	1668	4	886578	0.0000045
all	1669	4	886578	0.0000045
all	1670	9	886578	0.0000102
all	1671	6	886578	0.0000068
all	1672	12	886578	0.0000135
all	1673	3	886578	0.0000034
all	1674	7	886578	0.0000079
all	1675	4	886578	0.0000045
all	1676	4	886578	0.0000045
all	1677	4	886578	0.0000045
all	1678	6	886578	0.0000068
all	1679	6	886578	0.0000068
all	1680	5	886578	0.0000056
all	1681	4	886578	0.0000045
all	1682	8	886578	0.0000090
all	1683	11	886578	0.0000124
all	1684	7	886578	0.0000079
all	1685	6	886578	0.0000068
all	1686	4	886578	0.0000045
all	1687	8	886578	0.0000090
all	1688	10	886578	0.0000113
all	1689	6	886578	0.0000068
all	1690	6	886578	0.0000068
all	1691	4	886578	0.0000045
all	1692	13	886578	0.0000147
all	1693	6	886578	0.0000068
all	1694	2	886578	0.0000023
all	1695	7	886578	0.0000079
all	1696	8	886578	0.0000090
all	1697	10	886578	0.0000113
all	1698	5	886578	0.0000056
all	1699	12	886578	0.0000135
all	1700	2	886578	0.0000023
all	1701	7	886578	0.0000079
all	1702	2	886578	0.0000023
all	1703	4	886578	0.0000045
all	1704	5	886578	0.0000056
all	1705	4	886578	0.0000045
all	1706	3	886578	0.0000034
all	1707	4	886578	0.0000045
all	1708	7	886578	0.0000079
all	1709	2	886578	0.0000023
all	1710	3	886578	0.0000034
all	1711	4	886578	0.0000045
all	1712	8	886578	0.0000090
all	1713	8	886578	0.0000090
all	1714	9	886578	0.0000102
all	1715	9	886578	0.0000102
all	1716	3	886578	0.0000034
all	1717	2	886578	0.0000023
all	1719	6	886578	0.0000068
all	1720	6	886578	0.0000068
all	1721	5	886578	0.0000056
all	1722	5	886578	0.0000056
all	1723	4	886578	0.0000045
all	1724	2	886578	0.0000023
all	1725	4	886578	0.0000045
all	1726	7	886578	0.0000079
all	1727	2	886578	0.0000023
all	1728	7	886578	0.0000079
all	1729	6	886578	0.0000068
all	1730	6	886578	0.0000068
all	1731	3	886578	0.0000034
all	1732	4	886578	0.0000045
all	1733	7	886578	0.0000079
all	1734	6	886578	0.0000068
all	1735	5	886578	0.0000056
all	1736	8	886578	0.0000090
all	1737	2	886578	0.0000023
all	1738	2	886578	0.0000023
all	1739	9	886578	0.0000102
all	1740	3	886578	0.0000034
all	1741	2	886578	0.0000023
all	1742	4	886578	0.0000045
all	1743	5	886578	0.0000056
all	1744	9	886578	0.0000102
all	1745	1	886578	0.0000011
all	1746	4	886578	0.0000045
all	1747	10	886578	0.0000113
all	1748	9	886578	0.0000102
all	1749	4	886578	0.0000045
all	1750	6	886578	0.0000068
all	1751	4	886578	0.0000045
all	1752	1	886578	0.0000011
all	1753	4	886578	0.0000045
all	1754	5	886578	0.0000056
all	1755	3	886578	0.0000034
all	1756	3	886578	0.0000034
all	1757	1	886578	0.0000011
all	1758	1	886578	0.0000011
all	1760	4	886578	0.0000045
all	1761	6	886578	0.0000068
all	1762	5	886578	0.0000056
all	1763	4	886578	0.0000045
all	1764	8	886578	0.0000090
all	1765	4	886578	0.0000045
all	1766	6	886578	0.0000068
all	1767	6	886578	0.0000068
all	1768	11	886578	0.0000124
all	1769	6	886578	0.0000068
all	1770	3	886578	0.0000034
all	1771	3	886578	0.0000034
all	1772	1	886578	0.0000011
all	1773	3	886578	0.0000034
all	1774	2	886578	0.0000023
all	1775	6	886578	0.0000068
all	1776	2	886578	0.0000023
all	1777	2	886578	0.0000023
all	1778	3	886578	0.0000034
all	1779	2	886578	0.0000023
all	1780	3	886578	0.0000034
all	1781	3	886578	0.0000034
all	1782	2	886578	0.0000023
all	1783	5	886578	0.0000056
all	1784	3	886578	0.0000034
all	1785	3	886578	0.0000034
all	1786	3	886578	0.0000034
all	1787	2	886578	0.0000023
all	1788	3	886578	0.0000034
all	1789	2	886578	0.0000023
all	1790	4	886578	0.0000045
all	1791	1	886578	0.0000011
all	1792	1	886578	0.0000011
all	1793	1	886578	0.0000011
all	1794	3	886578	0.0000034
all	1795	5	886578	0.0000056
all	1796	2	886578	0.0000023
all	1797	6	886578	0.0000068
all	1798	5	886578	0.0000056
all	1799	4	886578	0.0000045
all	1800	3	886578	0.0000034
all	1801	5	886578	0.0000056
all	1802	2	886578	0.0000023
all	1803	3	886578	0.0000034
all	1804	2	886578	0.0000023
all	1805	2	886578	0.0000023
all	1806	5	886578	0.0000056
all	1807	1	886578	0.0000011
all	1808	3	886578	0.0000034
all	1809	2	886578	0.0000023
all	1810	2	886578	0.0000023
all	1811	6	886578	0.0000068
all	1812	2	886578	0.0000023
all	1813	4	886578	0.0000045
all	1814	6	886578	0.0000068
all	1815	6	886578	0.0000068
all	1816	1	886578	0.0000011
all	1817	4	886578	0.0000045
all	1818	4	886578	0.0000045
all	1819	5	886578	0.0000056
all	1820	4	886578	0.0000045
all	1821	2	886578	0.0000023
all	1822	1	886578	0.0000011
all	1823	3	886578	0.0000034
all	1824	6	886578	0.0000068
all	1825	4	886578	0.0000045
all	1826	3	886578	0.0000034
all	1827	1	886578	0.0000011
all	1828	2	886578	0.0000023
all	1829	6	886578	0.0000068
all	1830	5	886578	0.0000056
all	1831	7	886578	0.0000079
all	1832	1	886578	0.0000011
all	1833	1	886578	0.0000011
all	1834	4	886578	0.0000045
all	1835	3	886578	0.0000034
all	1836	3	886578	0.0000034
all	1837	6	886578	0.0000068
all	1838	2	886578	0.0000023
all	1839	3	886578	0.0000034
all	1840	1	886578	0.0000011
all	1841	3	886578	0.0000034
all	1842	3	886578	0.0000034
all	1843	2	886578	0.0000023
all	1844	2	886578	0.0000023
all	1845	2	886578	0.0000023
all	1846	3	886578	0.0000034
all	1847	4	886578	0.0000045
all	1848	1	886578	0.0000011
all	1849	4	886578	0.0000045
all	1850	4	886578	0.0000045
all	1851	5	886578	0.0000056
all	1852	2	886578	0.0000023
all	1853	4	886578	0.0000045
all	1854	2	886578	0.0000023
all	1855	4	886578	0.0000045
all	1856	1	886578	0.0000011
all	1857	4	886578	0.0000045
all	1858	3	886578	0.0000034
all	1859	4	886578	0.0000045
all	1860	1	886578	0.0000011
all	1861	3	886578	0.0000034
all	1862	7	886578	0.0000079
all	1863	4	886578	0.0000045
all	1864	1	886578	0.0000011
all	1865	2	886578	0.0000023
all	1866	1	886578	0.0000011
all	1867	1	886578	0.0000011
all	1868	4	886578	0.0000045
all	1869	3	886578	0.0000034
all	1870	6	886578	0.0000068
all	1871	5	886578	0.0000056
all	1872	1	886578	0.0000011
all	1873	4	886578	0.0000045
all	1874	3	886578	0.0000034
all	1875	2	886578	0.0000023
all	1876	6	886578	0.0000068
all	1877	4	886578	0.0000045
all	1878	2	886578	0.0000023
all	1879	6	886578	0.0000068
all	1880	4	886578	0.0000045
all	1881	4	886578	0.0000045
all	1882	2	886578	0.0000023
all	1883	7	886578	0.0000079
all	1884	7	886578	0.0000079
all	1885	4	886578	0.0000045
all	1886	1	886578	0.0000011
all	1887	3	886578	0.0000034
all	1888	4	886578	0.0000045
all	1890	3	886578	0.0000034
all	1891	2	886578	0.0000023
all	1892	4	886578	0.0000045
all	1893	3	886578	0.0000034
all	1895	2	886578	0.0000023
all	1896	6	886578	0.0000068
all	1897	2	886578	0.0000023
all	1898	5	886578	0.0000056
all	1899	2	886578	0.0000023
all	1900	3	886578	0.0000034
all	1901	4	886578	0.0000045
all	1902	3	886578	0.0000034
all	1903	3	886578	0.0000034
all	1904	4	886578	0.0000045
all	1905	2	886578	0.0000023
all	1906	1	886578	0.0000011
all	1907	2	886578	0.0000023
all	1908	3	886578	0.0000034
all	1909	3	886578	0.0000034
all	1910	6	886578	0.0000068
all	1911	5	886578	0.0000056
all	1912	4	886578	0.0000045
all	1913	2	886578	0.0000023
all	1914	6	886578	0.0000068
all	1916	4	886578	0.0000045
all	1917	4	886578	0.0000045
all	1918	5	886578	0.0000056
all	1919	3	886578	0.0000034
all	1920	4	886578	0.0000045
all	1921	6	886578	0.0000068
all	1922	4	886578	0.0000045
all	1923	4	886578	0.0000045
all	1924	5	886578	0.0000056
all	1925	6	886578	0.0000068
all	1926	3	886578	0.0000034
all	1927	2	886578	0.0000023
all	1928	4	886578	0.0000045
all	1929	5	886578	0.0000056
all	1930	2	886578	0.0000023
all	1931	5	886578	0.0000056
all	1932	3	886578	0.0000034
all	1933	7	886578	0.0000079
all	1934	1	886578	0.0000011
all	1935	2	886578	0.0000023
all	1937	6	886578	0.0000068
all	1939	4	886578	0.0000045
all	1940	7	886578	0.0000079
all	1941	2	886578	0.0000023
all	1942	3	886578	0.0000034
all	1943	2	886578	0.0000023
all	1944	3	886578	0.0000034
all	1945	2	886578	0.0000023
all	1946	3	886578	0.0000034
all	1947	5	886578	0.0000056
all	1948	5	886578	0.0000056
all	1949	2	886578	0.0000023
all	1950	6	886578	0.0000068
all	1951	2	886578	0.0000023
all	1952	2	886578	0.0000023
all	1953	3	886578	0.0000034
all	1954	2	886578	0.0000023
all	1955	7	886578	0.0000079
all	1956	1	886578	0.0000011
all	1957	7	886578	0.0000079
all	1958	3	886578	0.0000034
all	1960	5	886578	0.0000056
all	1961	4	886578	0.0000045
all	1962	3	886578	0.0000034
all	1963	4	886578	0.0000045
all	1964	6	886578	0.0000068
all	1965	2	886578	0.0000023
all	1966	1	886578	0.0000011
all	1967	3	886578	0.0000034
all	1968	2	886578	0.0000023
all	1969	4	886578	0.0000045
all	1970	4	886578	0.0000045
all	1971	7	886578	0.0000079
all	1972	3	886578	0.0000034
all	1973	1	886578	0.0000011
all	1974	2	886578	0.0000023
all	1975	1	886578	0.0000011
all	1977	5	886578	0.0000056
all	1978	3	886578	0.0000034
all	1979	6	886578	0.0000068
all	1980	5	886578	0.0000056
all	1981	3	886578	0.0000034
all	1982	6	886578	0.0000068
all	1983	6	886578	0.0000068
all	1984	3	886578	0.0000034
all	1985	7	886578	0.0000079
all	1986	3	886578	0.0000034
all	1987	4	886578	0.0000045
all	1988	5	886578	0.0000056
all	1989	3	886578	0.0000034
all	1991	5	886578	0.0000056
all	1992	3	886578	0.0000034
all	1993	7	886578	0.0000079
all	1994	2	886578	0.0000023
all	1995	4	886578	0.0000045
all	1996	4	886578	0.0000045
all	1997	2	886578	0.0000023
all	1998	3	886578	0.0000034
all	1999	3	886578	0.0000034
all	2000	4	886578	0.0000045
all	2001	4	886578	0.0000045
all	2003	2	886578	0.0000023
all	2004	3	886578	0.0000034
all	2006	1	886578	0.0000011
all	2007	1	886578	0.0000011
all	2008	5	886578	0.0000056
all	2009	3	886578	0.0000034
all	2010	3	886578	0.0000034
all	2011	1	886578	0.0000011
all	2012	4	886578	0.0000045
all	2013	8	886578	0.0000090
all	2014	1	886578	0.0000011
all	2015	7	886578	0.0000079
all	2016	7	886578	0.0000079
all	2017	4	886578	0.0000045
all	2018	2	886578	0.0000023
all	2019	3	886578	0.0000034
all	2020	3	886578	0.0000034
all	2021	6	886578	0.0000068
all	2022	4	886578	0.0000045
all	2023	3	886578	0.0000034
all	2024	3	886578	0.0000034
all	2025	3	886578	0.0000034
all	2026	3	886578	0.0000034
all	2027	3	886578	0.0000034
all	2028	3	886578	0.0000034
all	2029	2	886578	0.0000023
all	2030	6	886578	0.0000068
all	2031	2	886578	0.0000023
all	2032	4	886578	0.0000045
all	2033	4	886578	0.0000045
all	2034	1	886578	0.0000011
all	2035	2	886578	0.0000023
all	2036	5	886578	0.0000056
all	2037	2	886578	0.0000023
all	2039	1	886578	0.0000011
all	2040	6	886578	0.0000068
all	2041	2	886578	0.0000023
all	2042	4	886578	0.0000045
all	2043	3	886578	0.0000034
all	2044	3	886578	0.0000034
all	2045	1	886578	0.0000011
all	2046	2	886578	0.0000023
all	2047	3	886578	0.0000034
all	2048	5	886578	0.0000056
all	2050	2	886578	0.0000023
all	2051	4	886578	0.0000045
all	2052	1	886578	0.0000011
all	2053	4	886578	0.0000045
all	2054	3	886578	0.0000034
all	2055	5	886578	0.0000056
all	2056	1	886578	0.0000011
all	2057	4	886578	0.0000045
all	2058	2	886578	0.0000023
all	2059	1	886578	0.0000011
all	2060	2	886578	0.0000023
all	2061	6	886578	0.0000068
all	2062	3	886578	0.0000034
all	2063	2	886578	0.0000023
all	2064	4	886578	0.0000045
all	2065	5	886578	0.0000056
all	2066	4	886578	0.0000045
all	2067	3	886578	0.0000034
all	2068	5	886578	0.0000056
all	2069	4	886578	0.0000045
all	2070	9	886578	0.0000102
all	2071	3	886578	0.0000034
all	2072	3	886578	0.0000034
all	2073	5	886578	0.0000056
all	2074	4	886578	0.0000045
all	2075	7	886578	0.0000079
all	2076	3	886578	0.0000034
all	2077	10	886578	0.0000113
all	2078	5	886578	0.0000056
all	2079	4	886578	0.0000045
all	2080	5	886578	0.0000056
all	2081	8	886578	0.0000090
all	2082	4	886578	0.0000045
all	2083	5	886578	0.0000056
all	2084	3	886578	0.0000034
all	2085	4	886578	0.0000045
all	2086	6	886578	0.0000068
all	2087	7	886578	0.0000079
all	2088	1	886578	0.0000011
all	2089	17	886578	0.0000192
all	2090	8	886578	0.0000090
all	2091	4	886578	0.0000045
all	2092	5	886578	0.0000056
all	2093	6	886578	0.0000068
all	2094	7	886578	0.0000079
all	2095	8	886578	0.0000090
all	2096	8	886578	0.0000090
all	2097	4	886578	0.0000045
all	2098	5	886578	0.0000056
all	2099	5	886578	0.0000056
all	2100	3	886578	0.0000034
all	2101	8	886578	0.0000090
all	2102	3	886578	0.0000034
all	2103	2	886578	0.0000023
all	2104	5	886578	0.0000056
all	2105	4	886578	0.0000045
all	2106	1	886578	0.0000011
all	2107	3	886578	0.0000034
all	2108	6	886578	0.0000068
all	2109	4	886578	0.0000045
all	2110	5	886578	0.0000056
all	2111	4	886578	0.0000045
all	2112	3	886578	0.0000034
all	2113	6	886578	0.0000068
all	2114	2	886578	0.0000023
all	2115	3	886578	0.0000034
all	2116	5	886578	0.0000056
all	2117	1	886578	0.0000011
all	2118	3	886578	0.0000034
all	2119	5	886578	0.0000056
all	2120	6	886578	0.0000068
all	2121	2	886578	0.0000023
all	2122	4	886578	0.0000045
all	2123	3	886578	0.0000034
all	2124	1	886578	0.0000011
all	2125	1	886578	0.0000011
all	2126	5	886578	0.0000056
all	2127	2	886578	0.0000023
all	2128	3	886578	0.0000034
all	2129	1	886578	0.0000011
all	2130	4	886578	0.0000045
all	2131	1	886578	0.0000011
all	2132	3	886578	0.0000034
all	2133	5	886578	0.0000056
all	2134	3	886578	0.0000034
all	2135	4	886578	0.0000045
all	2136	3	886578	0.0000034
all	2137	3	886578	0.0000034
all	2138	2	886578	0.0000023
all	2139	1	886578	0.0000011
all	2140	3	886578	0.0000034
all	2141	4	886578	0.0000045
all	2142	3	886578	0.0000034
all	2143	2	886578	0.0000023
all	2144	5	886578	0.0000056
all	2145	4	886578	0.0000045
all	2146	1	886578	0.0000011
all	2147	5	886578	0.0000056
all	2148	5	886578	0.0000056
all	2149	2	886578	0.0000023
all	2150	5	886578	0.0000056
all	2151	3	886578	0.0000034
all	2152	4	886578	0.0000045
all	2153	2	886578	0.0000023
all	2154	1	886578	0.0000011
all	2155	6	886578	0.0000068
all	2156	1	886578	0.0000011
all	2157	5	886578	0.0000056
all	2158	2	886578	0.0000023
all	2159	4	886578	0.0000045
all	2160	3	886578	0.0000034
all	2161	4	886578	0.0000045
all	2162	1	886578	0.0000011
all	2163	2	886578	0.0000023
all	2164	1	886578	0.0000011
all	2166	3	886578	0.0000034
all	2168	4	886578	0.0000045
all	2169	2	886578	0.0000023
all	2170	3	886578	0.0000034
all	2171	1	886578	0.0000011
all	2172	1	886578	0.0000011
all	2173	1	886578	0.0000011
all	2174	5	886578	0.0000056
all	2175	2	886578	0.0000023
all	2176	3	886578	0.0000034
all	2177	2	886578	0.0000023
all	2178	3	886578	0.0000034
all	2179	6	886578	0.0000068
all	2180	3	886578	0.0000034
all	2181	5	886578	0.0000056
all	2183	3	886578	0.0000034
all	2184	2	886578	0.0000023
all	2186	1	886578	0.0000011
all	2187	3	886578	0.0000034
all	2188	2	886578	0.0000023
all	2189	5	886578	0.0000056
all	2191	2	886578	0.0000023
all	2192	5	886578	0.0000056
all	2193	1	886578	0.0000011
all	2194	3	886578	0.0000034
all	2195	5	886578	0.0000056
all	2196	5	886578	0.0000056
all	2197	4	886578	0.0000045
all	2198	2	886578	0.0000023
all	2199	4	886578	0.0000045
all	2200	5	886578	0.0000056
all	2201	3	886578	0.0000034
all	2202	2	886578	0.0000023
all	2203	4	886578	0.0000045
all	2204	5	886578	0.0000056
all	2205	4	886578	0.0000045
all	2206	3	886578	0.0000034
all	2207	2	886578	0.0000023
all	2208	5	886578	0.0000056
all	2209	2	886578	0.0000023
all	2210	1	886578	0.0000011
all	2211	6	886578	0.0000068
all	2212	4	886578	0.0000045
all	2213	2	886578	0.0000023
all	2214	2	886578	0.0000023
all	2215	4	886578	0.0000045
all	2216	1	886578	0.0000011
all	2217	2	886578	0.0000023
all	2218	1	886578	0.0000011
all	2219	1	886578	0.0000011
all	2220	3	886578	0.0000034
all	2221	2	886578	0.0000023
all	2222	1	886578	0.0000011
all	2223	3	886578	0.0000034
all	2224	4	886578	0.0000045
all	2225	3	886578	0.0000034
all	2226	2	886578	0.0000023
all	2227	2	886578	0.0000023
all	2228	1	886578	0.0000011
all	2229	3	886578	0.0000034
all	2230	3	886578	0.0000034
all	2231	3	886578	0.0000034
all	2232	2	886578	0.0000023
all	2233	3	886578	0.0000034
all	2234	6	886578	0.0000068
all	2235	3	886578	0.0000034
all	2236	4	886578	0.0000045
all	2237	1	886578	0.0000011
all	2238	2	886578	0.0000023
all	2239	2	886578	0.0000023
all	2241	3	886578	0.0000034
all	2242	3	886578	0.0000034
all	2243	2	886578	0.0000023
all	2244	1	886578	0.0000011
all	2245	6	886578	0.0000068
all	2246	4	886578	0.0000045
all	2247	2	886578	0.0000023
all	2248	2	886578	0.0000023
all	2249	5	886578	0.0000056
all	2250	5	886578	0.0000056
all	2252	4	886578	0.0000045
all	2253	3	886578	0.0000034
all	2254	3	886578	0.0000034
all	2255	1	886578	0.0000011
all	2256	3	886578	0.0000034
all	2257	1	886578	0.0000011
all	2258	3	886578	0.0000034
all	2259	1	886578	0.0000011
all	2260	3	886578	0.0000034
all	2261	3	886578	0.0000034
all	2262	1	886578	0.0000011
all	2263	1	886578	0.0000011
all	2264	4	886578	0.0000045
all	2265	1	886578	0.0000011
all	2266	1	886578	0.0000011
all	2267	1	886578	0.0000011
all	2268	3	886578	0.0000034
all	2269	1	886578	0.0000011
all	2270	1	886578	0.0000011
all	2271	5	886578	0.0000056
all	2272	2	886578	0.0000023
all	2273	1	886578	0.0000011
all	2275	1	886578	0.0000011
all	2276	4	886578	0.0000045
all	2278	2	886578	0.0000023
all	2279	6	886578	0.0000068
all	2280	2	886578	0.0000023
all	2281	3	886578	0.0000034
all	2282	1	886578	0.0000011
all	2283	2	886578	0.0000023
all	2284	2	886578	0.0000023
all	2285	4	886578	0.0000045
all	2286	3	886578	0.0000034
all	2287	6	886578	0.0000068
all	2289	2	886578	0.0000023
all	2290	3	886578	0.0000034
all	2291	2	886578	0.0000023
all	2292	1	886578	0.0000011
all	2293	2	886578	0.0000023
all	2294	1	886578	0.0000011
all	2295	3	886578	0.0000034
all	2296	4	886578	0.0000045
all	2297	3	886578	0.0000034
all	2298	4	886578	0.0000045
all	2299	1	886578	0.0000011
all	2301	5	886578	0.0000056
all	2302	5	886578	0.0000056
all	2303	2	886578	0.0000023
all	2304	1	886578	0.0000011
all	2305	5	886578	0.0000056
all	2306	2	886578	0.0000023
all	2307	7	886578	0.0000079
all	2308	1	886578	0.0000011
all	2309	2	886578	0.0000023
all	2310	2	886578	0.0000023
all	2311	2	886578	0.0000023
all	2313	4	886578	0.0000045
all	2314	8	886578	0.0000090
all	2315	3	886578	0.0000034
all	2316	3	886578	0.0000034
all	2318	6	886578	0.0000068
all	2319	2	886578	0.0000023
all	2320	1	886578	0.0000011
all	2321	2	886578	0.0000023
all	2322	2	886578	0.0000023
all	2323	1	886578	0.0000011
all	2324	6	886578	0.0000068
all	2326	2	886578	0.0000023
all	2327	2	886578	0.0000023
all	2329	4	886578	0.0000045
all	2330	5	886578	0.0000056
all	2331	3	886578	0.0000034
all	2332	1	886578	0.0000011
all	2333	3	886578	0.0000034
all	2334	1	886578	0.0000011
all	2335	2	886578	0.0000023
all	2336	2	886578	0.0000023
all	2337	1	886578	0.0000011
all	2338	3	886578	0.0000034
all	2339	3	886578	0.0000034
all	2341	1	886578	0.0000011
all	2342	6	886578	0.0000068
all	2343	4	886578	0.0000045
all	2344	1	886578	0.0000011
all	2345	2	886578	0.0000023
all	2346	4	886578	0.0000045
all	2347	1	886578	0.0000011
all	2348	4	886578	0.0000045
all	2349	1	886578	0.0000011
all	2350	3	886578	0.0000034
all	2351	2	886578	0.0000023
all	2353	4	886578	0.0000045
all	2354	5	886578	0.0000056
all	2357	2	886578	0.0000023
all	2358	2	886578	0.0000023
all	2359	5	886578	0.0000056
all	2360	3	886578	0.0000034
all	2361	1	886578	0.0000011
all	2362	2	886578	0.0000023
all	2363	4	886578	0.0000045
all	2364	4	886578	0.0000045
all	2365	2	886578	0.0000023
all	2366	6	886578	0.0000068
all	2367	1	886578	0.0000011
all	2368	2	886578	0.0000023
all	2369	1	886578	0.0000011
all	2370	1	886578	0.0000011
all	2371	4	886578	0.0000045
all	2372	2	886578	0.0000023
all	2374	2	886578	0.0000023
all	2375	2	886578	0.0000023
all	2376	3	886578	0.0000034
all	2377	3	886578	0.0000034
all	2378	3	886578	0.0000034
all	2379	1	886578	0.0000011
all	2380	2	886578	0.0000023
all	2381	2	886578	0.0000023
all	2382	5	886578	0.0000056
all	2383	3	886578	0.0000034
all	2384	4	886578	0.0000045
all	2385	1	886578	0.0000011
all	2386	2	886578	0.0000023
all	2387	4	886578	0.0000045
all	2388	2	886578	0.0000023
all	2389	2	886578	0.0000023
all	2390	3	886578	0.0000034
all	2391	4	886578	0.0000045
all	2392	3	886578	0.0000034
all	2393	5	886578	0.0000056
all	2394	2	886578	0.0000023
all	2395	3	886578	0.0000034
all	2397	5	886578	0.0000056
all	2398	2	886578	0.0000023
all	2399	10	886578	0.0000113
all	2400	3	886578	0.0000034
all	2401	3	886578	0.0000034
all	2402	5	886578	0.0000056
all	2403	2	886578	0.0000023
all	2404	2	886578	0.0000023
all	2405	2	886578	0.0000023
all	2406	2	886578	0.0000023
all	2407	3	886578	0.0000034
all	2408	1	886578	0.0000011
all	2409	4	886578	0.0000045
all	2410	4	886578	0.0000045
all	2411	2	886578	0.0000023
all	2412	2	886578	0.0000023
all	2413	3	886578	0.0000034
all	2414	3	886578	0.0000034
all	2415	2	886578	0.0000023
all	2416	5	886578	0.0000056
all	2417	1	886578	0.0000011
all	2418	4	886578	0.0000045
all	2419	1	886578	0.0000011
all	2420	5	886578	0.0000056
all	2421	3	886578	0.0000034
all	2422	3	886578	0.0000034
all	2423	4	886578	0.0000045
all	2424	4	886578	0.0000045
all	2425	5	886578	0.0000056
all	2426	2	886578	0.0000023
all	2428	1	886578	0.0000011
all	2429	6	886578	0.0000068
all	2430	5	886578	0.0000056
all	2431	5	886578	0.0000056
all	2432	5	886578	0.0000056
all	2433	3	886578	0.0000034
all	2434	3	886578	0.0000034
all	2435	1	886578	0.0000011
all	2436	1	886578	0.0000011
all	2437	5	886578	0.0000056
all	2438	3	886578	0.0000034
all	2439	2	886578	0.0000023
all	2440	2	886578	0.0000023
all	2441	1	886578	0.0000011
all	2442	4	886578	0.0000045
all	2445	2	886578	0.0000023
all	2446	1	886578	0.0000011
all	2447	2	886578	0.0000023
all	2448	2	886578	0.0000023
all	2449	3	886578	0.0000034
all	2450	2	886578	0.0000023
all	2451	5	886578	0.0000056
all	2452	1	886578	0.0000011
all	2453	1	886578	0.0000011
all	2454	1	886578	0.0000011
all	2455	1	886578	0.0000011
all	2456	5	886578	0.0000056
all	2457	1	886578	0.0000011
all	2458	3	886578	0.0000034
all	2459	4	886578	0.0000045
all	2460	4	886578	0.0000045
all	2462	3	886578	0.0000034
all	2465	1	886578	0.0000011
all	2466	1	886578	0.0000011
all	2467	1	886578	0.0000011
all	2469	5	886578	0.0000056
all	2470	5	886578	0.0000056
all	2471	2	886578	0.0000023
all	2473	4	886578	0.0000045
all	2474	2	886578	0.0000023
all	2475	4	886578	0.0000045
all	2476	4	886578	0.0000045
all	2477	6	886578	0.0000068
all	2478	3	886578	0.0000034
all	2479	6	886578	0.0000068
all	2480	6	886578	0.0000068
all	2481	5	886578	0.0000056
all	2482	6	886578	0.0000068
all	2483	4	886578	0.0000045
all	2484	4	886578	0.0000045
all	2485	6	886578	0.0000068
all	2486	3	886578	0.0000034
all	2487	4	886578	0.0000045
all	2488	4	886578	0.0000045
all	2489	6	886578	0.0000068
all	2490	2	886578	0.0000023
all	2492	1	886578	0.0000011
all	2493	1	886578	0.0000011
all	2494	2	886578	0.0000023
all	2496	1	886578	0.0000011
all	2497	2	886578	0.0000023
all	2498	3	886578	0.0000034
all	2499	4	886578	0.0000045
all	2500	3	886578	0.0000034
all	2501	2	886578	0.0000023
all	2502	3	886578	0.0000034
all	2503	1	886578	0.0000011
all	2504	4	886578	0.0000045
all	2505	3	886578	0.0000034
all	2506	1	886578	0.0000011
all	2507	3	886578	0.0000034
all	2508	5	886578	0.0000056
all	2509	6	886578	0.0000068
all	2510	2	886578	0.0000023
all	2511	3	886578	0.0000034
all	2512	4	886578	0.0000045
all	2513	1	886578	0.0000011
all	2514	3	886578	0.0000034
all	2515	2	886578	0.0000023
all	2517	5	886578	0.0000056
all	2518	1	886578	0.0000011
all	2519	1	886578	0.0000011
all	2520	1	886578	0.0000011
all	2521	1	886578	0.0000011
all	2522	1	886578	0.0000011
all	2524	1	886578	0.0000011
all	2525	1	886578	0.0000011
all	2526	1	886578	0.0000011
all	2527	3	886578	0.0000034
all	2528	1	886578	0.0000011
all	2529	2	886578	0.0000023
all	2530	1	886578	0.0000011
all	2531	2	886578	0.0000023
all	2532	2	886578	0.0000023
all	2533	2	886578	0.0000023
all	2534	2	886578	0.0000023
all	2535	2	886578	0.0000023
all	2536	2	886578	0.0000023
all	2537	3	886578	0.0000034
all	2538	3	886578	0.0000034
all	2540	1	886578	0.0000011
all	2541	1	886578	0.0000011
all	2542	2	886578	0.0000023
all	2544	5	886578	0.0000056
all	2545	3	886578	0.0000034
all	2546	1	886578	0.0000011
all	2547	1	886578	0.0000011
all	2548	2	886578	0.0000023
all	2549	1	886578	0.0000011
all	2551	3	886578	0.0000034
all	2552	1	886578	0.0000011
all	2553	2	886578	0.0000023
all	2554	2	886578	0.0000023
all	2556	1	886578	0.0000011
all	2557	3	886578	0.0000034
all	2558	1	886578	0.0000011
all	2559	3	886578	0.0000034
all	2560	2	886578	0.0000023
all	2561	2	886578	0.0000023
all	2562	2	886578	0.0000023
all	2563	3	886578	0.0000034
all	2564	2	886578	0.0000023
all	2565	2	886578	0.0000023
all	2566	1	886578	0.0000011
all	2567	1	886578	0.0000011
all	2568	2	886578	0.0000023
all	2569	1	886578	0.0000011
all	2570	1	886578	0.0000011
all	2571	2	886578	0.0000023
all	2572	1	886578	0.0000011
all	2573	3	886578	0.0000034
all	2574	3	886578	0.0000034
all	2575	2	886578	0.0000023
all	2576	3	886578	0.0000034
all	2577	1	886578	0.0000011
all	2579	1	886578	0.0000011
all	2580	4	886578	0.0000045
all	2581	1	886578	0.0000011
all	2582	3	886578	0.0000034
all	2583	3	886578	0.0000034
all	2584	2	886578	0.0000023
all	2585	2	886578	0.0000023
all	2587	1	886578	0.0000011
all	2589	1	886578	0.0000011
all	2590	5	886578	0.0000056
all	2591	1	886578	0.0000011
all	2592	2	886578	0.0000023
all	2593	1	886578	0.0000011
all	2594	2	886578	0.0000023
all	2596	2	886578	0.0000023
all	2598	1	886578	0.0000011
all	2599	1	886578	0.0000011
all	2600	2	886578	0.0000023
all	2601	2	886578	0.0000023
all	2603	5	886578	0.0000056
all	2604	3	886578	0.0000034
all	2605	1	886578	0.0000011
all	2606	4	886578	0.0000045
all	2607	5	886578	0.0000056
all	2608	1	886578	0.0000011
all	2609	7	886578	0.0000079
all	2610	6	886578	0.0000068
all	2611	2	886578	0.0000023
all	2612	1	886578	0.0000011
all	2613	2	886578	0.0000023
all	2614	4	886578	0.0000045
all	2615	3	886578	0.0000034
all	2616	4	886578	0.0000045
all	2617	2	886578	0.0000023
all	2618	3	886578	0.0000034
all	2619	1	886578	0.0000011
all	2620	2	886578	0.0000023
all	2621	3	886578	0.0000034
all	2622	4	886578	0.0000045
all	2623	3	886578	0.0000034
all	2625	3	886578	0.0000034
all	2626	4	886578	0.0000045
all	2627	1	886578	0.0000011
all	2628	1	886578	0.0000011
all	2629	3	886578	0.0000034
all	2631	2	886578	0.0000023
all	2632	1	886578	0.0000011
all	2634	3	886578	0.0000034
all	2636	3	886578	0.0000034
all	2637	1	886578	0.0000011
all	2638	1	886578	0.0000011
all	2639	1	886578	0.0000011
all	2641	2	886578	0.0000023
all	2642	3	886578	0.0000034
all	2643	2	886578	0.0000023
all	2646	1	886578	0.0000011
all	2647	2	886578	0.0000023
all	2648	1	886578	0.0000011
all	2649	1	886578	0.0000011
all	2650	2	886578	0.0000023
all	2651	2	886578	0.0000023
all	2652	2	886578	0.0000023
all	2653	1	886578	0.0000011
all	2654	2	886578	0.0000023
all	2655	1	886578	0.0000011
all	2656	2	886578	0.0000023
all	2657	3	886578	0.0000034
all	2659	5	886578	0.0000056
all	2661	1	886578	0.0000011
all	2662	2	886578	0.0000023
all	2664	2	886578	0.0000023
all	2665	1	886578	0.0000011
all	2666	2	886578	0.0000023
all	2667	1	886578	0.0000011
all	2668	2	886578	0.0000023
all	2669	2	886578	0.0000023
all	2670	1	886578	0.0000011
all	2671	3	886578	0.0000034
all	2676	1	886578	0.0000011
all	2677	4	886578	0.0000045
all	2678	1	886578	0.0000011
all	2679	1	886578	0.0000011
all	2680	2	886578	0.0000023
all	2681	1	886578	0.0000011
all	2682	4	886578	0.0000045
all	2683	1	886578	0.0000011
all	2684	1	886578	0.0000011
all	2686	3	886578	0.0000034
all	2688	1	886578	0.0000011
all	2689	1	886578	0.0000011
all	2690	3	886578	0.0000034
all	2691	2	886578	0.0000023
all	2692	3	886578	0.0000034
all	2693	2	886578	0.0000023
all	2694	1	886578	0.0000011
all	2696	3	886578	0.0000034
all	2697	2	886578	0.0000023
all	2698	4	886578	0.0000045
all	2700	1	886578	0.0000011
all	2701	1	886578	0.0000011
all	2703	3	886578	0.0000034
all	2704	3	886578	0.0000034
all	2705	2	886578	0.0000023
all	2706	2	886578	0.0000023
all	2708	3	886578	0.0000034
all	2709	3	886578	0.0000034
all	2710	1	886578	0.0000011
all	2712	1	886578	0.0000011
all	2713	3	886578	0.0000034
all	2714	1	886578	0.0000011
all	2715	2	886578	0.0000023
all	2716	1	886578	0.0000011
all	2717	1	886578	0.0000011
all	2719	2	886578	0.0000023
all	2720	1	886578	0.0000011
all	2723	1	886578	0.0000011
all	2724	1	886578	0.0000011
all	2726	2	886578	0.0000023
all	2727	3	886578	0.0000034
all	2728	2	886578	0.0000023
all	2730	1	886578	0.0000011
all	2731	1	886578	0.0000011
all	2732	2	886578	0.0000023
all	2733	3	886578	0.0000034
all	2734	2	886578	0.0000023
all	2735	1	886578	0.0000011
all	2736	1	886578	0.0000011
all	2737	2	886578	0.0000023
all	2738	1	886578	0.0000011
all	2739	1	886578	0.0000011
all	2740	2	886578	0.0000023
all	2742	2	886578	0.0000023
all	2743	3	886578	0.0000034
all	2744	3	886578	0.0000034
all	2745	2	886578	0.0000023
all	2746	3	886578	0.0000034
all	2747	1	886578	0.0000011
all	2748	1	886578	0.0000011
all	2749	1	886578	0.0000011
all	2750	1	886578	0.0000011
all	2751	5	886578	0.0000056
all	2752	4	886578	0.0000045
all	2753	2	886578	0.0000023
all	2754	1	886578	0.0000011
all	2755	1	886578	0.0000011
all	2756	1	886578	0.0000011
all	2757	1	886578	0.0000011
all	2758	1	886578	0.0000011
all	2759	2	886578	0.0000023
all	2760	1	886578	0.0000011
all	2761	1	886578	0.0000011
all	2763	2	886578	0.0000023
all	2764	4	886578	0.0000045
all	2765	2	886578	0.0000023
all	2766	2	886578	0.0000023
all	2768	2	886578	0.0000023
all	2769	2	886578	0.0000023
all	2770	4	886578	0.0000045
all	2771	1	886578	0.0000011
all	2772	1	886578	0.0000011
all	2773	2	886578	0.0000023
all	2774	2	886578	0.0000023
all	2775	4	886578	0.0000045
all	2777	1	886578	0.0000011
all	2778	1	886578	0.0000011
all	2779	2	886578	0.0000023
all	2782	2	886578	0.0000023
all	2783	1	886578	0.0000011
all	2785	2	886578	0.0000023
all	2786	1	886578	0.0000011
all	2787	2	886578	0.0000023
all	2788	1	886578	0.0000011
all	2789	3	886578	0.0000034
all	2790	2	886578	0.0000023
all	2791	2	886578	0.0000023
all	2792	2	886578	0.0000023
all	2797	1	886578	0.0000011
all	2798	1	886578	0.0000011
all	2799	2	886578	0.0000023
all	2800	1	886578	0.0000011
all	2802	2	886578	0.0000023
all	2803	5	886578	0.0000056
all	2804	1	886578	0.0000011
all	2805	4	886578	0.0000045
all	2807	1	886578	0.0000011
all	2808	2	886578	0.0000023
all	2811	2	886578	0.0000023
all	2812	2	886578	0.0000023
all	2814	1	886578	0.0000011
all	2815	1	886578	0.0000011
all	2816	2	886578	0.0000023
all	2818	2	886578	0.0000023
all	2819	3	886578	0.0000034
all	2820	1	886578	0.0000011
all	2821	3	886578	0.0000034
all	2822	1	886578	0.0000011
all	2823	1	886578	0.0000011
all	2824	3	886578	0.0000034
all	2825	2	886578	0.0000023
all	2827	2	886578	0.0000023
all	2829	1	886578	0.0000011
all	2830	2	886578	0.0000023
all	2831	4	886578	0.0000045
all	2832	2	886578	0.0000023
all	2833	1	886578	0.0000011
all	2834	2	886578	0.0000023
all	2836	2	886578	0.0000023
all	2837	1	886578	0.0000011
all	2838	1	886578	0.0000011
all	2840	4	886578	0.0000045
all	2841	2	886578	0.0000023
all	2842	1	886578	0.0000011
all	2843	3	886578	0.0000034
all	2844	6	886578	0.0000068
all	2846	2	886578	0.0000023
all	2848	1	886578	0.0000011
all	2849	1	886578	0.0000011
all	2850	2	886578	0.0000023
all	2852	2	886578	0.0000023
all	2853	1	886578	0.0000011
all	2854	1	886578	0.0000011
all	2855	2	886578	0.0000023
all	2856	3	886578	0.0000034
all	2857	1	886578	0.0000011
all	2858	3	886578	0.0000034
all	2859	4	886578	0.0000045
all	2860	4	886578	0.0000045
all	2862	2	886578	0.0000023
all	2863	3	886578	0.0000034
all	2864	3	886578	0.0000034
all	2865	1	886578	0.0000011
all	2866	2	886578	0.0000023
all	2868	1	886578	0.0000011
all	2869	4	886578	0.0000045
all	2870	3	886578	0.0000034
all	2871	2	886578	0.0000023
all	2872	1	886578	0.0000011
all	2873	1	886578	0.0000011
all	2875	3	886578	0.0000034
all	2876	2	886578	0.0000023
all	2877	1	886578	0.0000011
all	2878	6	886578	0.0000068
all	2879	3	886578	0.0000034
all	2880	7	886578	0.0000079
all	2881	4	886578	0.0000045
all	2882	6	886578	0.0000068
all	2883	3	886578	0.0000034
all	2884	1	886578	0.0000011
all	2885	1	886578	0.0000011
all	2886	8	886578	0.0000090
all	2887	3	886578	0.0000034
all	2888	5	886578	0.0000056
all	2889	2	886578	0.0000023
all	2890	1	886578	0.0000011
all	2891	3	886578	0.0000034
all	2892	1	886578	0.0000011
all	2893	2	886578	0.0000023
all	2894	1	886578	0.0000011
all	2895	1	886578	0.0000011
all	2896	3	886578	0.0000034
all	2898	1	886578	0.0000011
all	2899	1	886578	0.0000011
all	2900	3	886578	0.0000034
all	2902	4	886578	0.0000045
all	2903	1	886578	0.0000011
all	2904	6	886578	0.0000068
all	2905	2	886578	0.0000023
all	2906	7	886578	0.0000079
all	2907	3	886578	0.0000034
all	2908	8	886578	0.0000090
all	2909	4	886578	0.0000045
all	2910	3	886578	0.0000034
all	2911	1	886578	0.0000011
all	2913	2	886578	0.0000023
all	2914	1	886578	0.0000011
all	2915	2	886578	0.0000023
all	2919	1	886578	0.0000011
all	2920	2	886578	0.0000023
all	2921	1	886578	0.0000011
all	2923	1	886578	0.0000011
all	2925	2	886578	0.0000023
all	2926	1	886578	0.0000011
all	2928	2	886578	0.0000023
all	2929	1	886578	0.0000011
all	2931	3	886578	0.0000034
all	2932	3	886578	0.0000034
all	2934	1	886578	0.0000011
all	2935	1	886578	0.0000011
all	2937	1	886578	0.0000011
all	2939	1	886578	0.0000011
all	2940	3	886578	0.0000034
all	2941	2	886578	0.0000023
all	2942	2	886578	0.0000023
all	2946	1	886578	0.0000011
all	2947	1	886578	0.0000011
all	2949	1	886578	0.0000011
all	2950	1	886578	0.0000011
all	2951	1	886578	0.0000011
all	2952	2	886578	0.0000023
all	2953	2	886578	0.0000023
all	2954	1	886578	0.0000011
all	2955	1	886578	0.0000011
all	2957	3	886578	0.0000034
all	2959	3	886578	0.0000034
all	2961	2	886578	0.0000023
all	2962	2	886578	0.0000023
all	2964	2	886578	0.0000023
all	2965	2	886578	0.0000023
all	2966	2	886578	0.0000023
all	2967	1	886578	0.0000011
all	2973	1	886578	0.0000011
all	2976	2	886578	0.0000023
all	2978	1	886578	0.0000011
all	2979	1	886578	0.0000011
all	2981	1	886578	0.0000011
all	2982	1	886578	0.0000011
all	2983	2	886578	0.0000023
all	2984	1	886578	0.0000011
all	2985	1	886578	0.0000011
all	2987	1	886578	0.0000011
all	2989	1	886578	0.0000011
all	2990	1	886578	0.0000011
all	2991	2	886578	0.0000023
all	2994	1	886578	0.0000011
all	2995	1	886578	0.0000011
all	2996	1	886578	0.0000011
all	2997	1	886578	0.0000011
all	2998	1	886578	0.0000011
all	2999	1	886578	0.0000011
all	3002	5	886578	0.0000056
all	3003	3	886578	0.0000034
all	3005	2	886578	0.0000023
all	3006	1	886578	0.0000011
all	3007	1	886578	0.0000011
all	3010	1	886578	0.0000011
all	3013	1	886578	0.0000011
all	3014	1	886578	0.0000011
all	3015	3	886578	0.0000034
all	3017	2	886578	0.0000023
all	3020	1	886578	0.0000011
all	3021	1	886578	0.0000011
all	3022	1	886578	0.0000011
all	3024	1	886578	0.0000011
all	3026	3	886578	0.0000034
all	3027	2	886578	0.0000023
all	3028	1	886578	0.0000011
all	3030	2	886578	0.0000023
all	3033	1	886578	0.0000011
all	3036	2	886578	0.0000023
all	3037	1	886578	0.0000011
all	3038	2	886578	0.0000023
all	3039	1	886578	0.0000011
all	3040	2	886578	0.0000023
all	3042	1	886578	0.0000011
all	3043	2	886578	0.0000023
all	3044	1	886578	0.0000011
all	3045	1	886578	0.0000011
all	3046	1	886578	0.0000011
all	3049	1	886578	0.0000011
all	3050	1	886578	0.0000011
all	3051	1	886578	0.0000011
all	3054	1	886578	0.0000011
all	3058	1	886578	0.0000011
all	3060	1	886578	0.0000011
all	3061	3	886578	0.0000034
all	3063	1	886578	0.0000011
all	3069	1	886578	0.0000011
all	3070	2	886578	0.0000023
all	3075	1	886578	0.0000011
all	3077	2	886578	0.0000023
all	3079	2	886578	0.0000023
all	3081	1	886578	0.0000011
all	3084	1	886578	0.0000011
all	3085	1	886578	0.0000011
all	3086	2	886578	0.0000023
all	3088	1	886578	0.0000011
all	3090	1	886578	0.0000011
all	3094	2	886578	0.0000023
all	3095	1	886578	0.0000011
all	3096	2	886578	0.0000023
all	3099	1	886578	0.0000011
all	3100	2	886578	0.0000023
all	3101	1	886578	0.0000011
all	3104	4	886578	0.0000045
all	3105	1	886578	0.0000011
all	3106	1	886578	0.0000011
all	3109	1	886578	0.0000011
all	3110	1	886578	0.0000011
all	3113	1	886578	0.0000011
all	3114	1	886578	0.0000011
all	3116	1	886578	0.0000011
all	3117	1	886578	0.0000011
all	3120	1	886578	0.0000011
all	3122	1	886578	0.0000011
all	3124	1	886578	0.0000011
all	3125	2	886578	0.0000023
all	3127	1	886578	0.0000011
all	3131	3	886578	0.0000034
all	3132	1	886578	0.0000011
all	3134	1	886578	0.0000011
all	3136	1	886578	0.0000011
all	3137	2	886578	0.0000023
all	3138	1	886578	0.0000011
all	3139	1	886578	0.0000011
all	3140	1	886578	0.0000011
all	3142	1	886578	0.0000011
all	3143	1	886578	0.0000011
all	3147	2	886578	0.0000023
all	3150	1	886578	0.0000011
all	3153	1	886578	0.0000011
all	3154	1	886578	0.0000011
all	3155	1	886578	0.0000011
all	3165	1	886578	0.0000011
all	3167	1	886578	0.0000011
all	3168	2	886578	0.0000023
all	3172	1	886578	0.0000011
all	3173	2	886578	0.0000023
all	3179	1	886578	0.0000011
all	3180	2	886578	0.0000023
all	3183	1	886578	0.0000011
all	3184	1	886578	0.0000011
all	3188	1	886578	0.0000011
all	3190	2	886578	0.0000023
all	3191	1	886578	0.0000011
all	3198	1	886578	0.0000011
all	3199	3	886578	0.0000034
all	3201	1	886578	0.0000011
all	3203	2	886578	0.0000023
all	3205	1	886578	0.0000011
all	3209	1	886578	0.0000011
all	3215	1	886578	0.0000011
all	3216	1	886578	0.0000011
all	3218	2	886578	0.0000023
all	3219	1	886578	0.0000011
all	3220	1	886578	0.0000011
all	3221	1	886578	0.0000011
all	3222	2	886578	0.0000023
all	3223	1	886578	0.0000011
all	3225	1	886578	0.0000011
all	3230	1	886578	0.0000011
all	3232	1	886578	0.0000011
all	3233	1	886578	0.0000011
all	3235	1	886578	0.0000011
all	3236	1	886578	0.0000011
all	3237	1	886578	0.0000011
all	3238	1	886578	0.0000011
all	3239	1	886578	0.0000011
all	3241	1	886578	0.0000011
all	3242	2	886578	0.0000023
all	3244	1	886578	0.0000011
all	3246	1	886578	0.0000011
all	3253	1	886578	0.0000011
all	3254	2	886578	0.0000023
all	3258	1	886578	0.0000011
all	3260	1	886578	0.0000011
all	3261	1	886578	0.0000011
all	3262	1	886578	0.0000011
all	3265	1	886578	0.0000011
all	3266	1	886578	0.0000011
all	3267	1	886578	0.0000011
all	3268	1	886578	0.0000011
all	3271	1	886578	0.0000011
all	3276	1	886578	0.0000011
all	3277	1	886578	0.0000011
all	3280	1	886578	0.0000011
all	3281	3	886578	0.0000034
all	3282	2	886578	0.0000023
all	3283	1	886578	0.0000011
all	3285	1	886578	0.0000011
all	3286	1	886578	0.0000011
all	3287	2	886578	0.0000023
all	3289	1	886578	0.0000011
all	3290	1	886578	0.0000011
all	3291	1	886578	0.0000011
all	3296	1	886578	0.0000011
all	3298	1	886578	0.0000011
all	3300	1	886578	0.0000011
all	3301	2	886578	0.0000023
all	3302	2	886578	0.0000023
all	3303	1	886578	0.0000011
all	3304	1	886578	0.0000011
all	3311	1	886578	0.0000011
all	3313	2	886578	0.0000023
all	3315	3	886578	0.0000034
all	3316	1	886578	0.0000011
all	3317	1	886578	0.0000011
all	3321	1	886578	0.0000011
all	3322	1	886578	0.0000011
all	3323	1	886578	0.0000011
all	3326	2	886578	0.0000023
all	3327	2	886578	0.0000023
all	3329	1	886578	0.0000011
all	3336	1	886578	0.0000011
all	3341	2	886578	0.0000023
all	3346	1	886578	0.0000011
all	3347	3	886578	0.0000034
all	3350	2	886578	0.0000023
all	3355	1	886578	0.0000011
all	3357	2	886578	0.0000023
all	3360	1	886578	0.0000011
all	3361	1	886578	0.0000011
all	3365	2	886578	0.0000023
all	3366	1	886578	0.0000011
all	3367	1	886578	0.0000011
all	3368	1	886578	0.0000011
all	3369	1	886578	0.0000011
all	3370	1	886578	0.0000011
all	3372	1	886578	0.0000011
all	3377	1	886578	0.0000011
all	3378	1	886578	0.0000011
all	3379	1	886578	0.0000011
all	3383	1	886578	0.0000011
all	3384	1	886578	0.0000011
all	3386	1	886578	0.0000011
all	3387	1	886578	0.0000011
all	3390	1	886578	0.0000011
all	3391	1	886578	0.0000011
all	3392	2	886578	0.0000023
all	3396	1	886578	0.0000011
all	3397	1	886578	0.0000011
all	3401	3	886578	0.0000034
all	3403	1	886578	0.0000011
all	3406	1	886578	0.0000011
all	3409	1	886578	0.0000011
all	3410	1	886578	0.0000011
all	3411	1	886578	0.0000011
all	3412	1	886578	0.0000011
all	3414	2	886578	0.0000023
all	3415	1	886578	0.0000011
all	3416	1	886578	0.0000011
all	3417	2	886578	0.0000023
all	3420	1	886578	0.0000011
all	3422	1	886578	0.0000011
all	3423	2	886578	0.0000023
all	3424	1	886578	0.0000011
all	3426	1	886578	0.0000011
all	3429	1	886578	0.0000011
all	3440	1	886578	0.0000011
all	3441	1	886578	0.0000011
all	3445	1	886578	0.0000011
all	3450	2	886578	0.0000023
all	3452	1	886578	0.0000011
all	3454	3	886578	0.0000034
all	3456	1	886578	0.0000011
all	3458	1	886578	0.0000011
all	3459	1	886578	0.0000011
all	3463	3	886578	0.0000034
all	3465	1	886578	0.0000011
all	3466	1	886578	0.0000011
all	3468	2	886578	0.0000023
all	3472	1	886578	0.0000011
all	3474	2	886578	0.0000023
all	3475	1	886578	0.0000011
all	3478	1	886578	0.0000011
all	3479	1	886578	0.0000011
all	3481	1	886578	0.0000011
all	3482	1	886578	0.0000011
all	3483	1	886578	0.0000011
all	3485	1	886578	0.0000011
all	3487	1	886578	0.0000011
all	3488	1	886578	0.0000011
all	3492	1	886578	0.0000011
all	3494	1	886578	0.0000011
all	3495	1	886578	0.0000011
all	3497	1	886578	0.0000011
all	3498	1	886578	0.0000011
all	3499	3	886578	0.0000034
all	3500	1	886578	0.0000011
all	3501	1	886578	0.0000011
all	3505	1	886578	0.0000011
all	3506	1	886578	0.0000011
all	3507	2	886578	0.0000023
all	3510	1	886578	0.0000011
all	3513	1	886578	0.0000011
all	3514	1	886578	0.0000011
all	3515	1	886578	0.0000011
all	3516	1	886578	0.0000011
all	3517	1	886578	0.0000011
all	3519	2	886578	0.0000023
all	3520	1	886578	0.0000011
all	3524	2	886578	0.0000023
all	3526	2	886578	0.0000023
all	3531	1	886578	0.0000011
all	3532	2	886578	0.0000023
all	3533	1	886578	0.0000011
all	3536	1	886578	0.0000011
all	3537	2	886578	0.0000023
all	3538	2	886578	0.0000023
all	3539	1	886578	0.0000011
all	3540	3	886578	0.0000034
all	3547	1	886578	0.0000011
all	3548	2	886578	0.0000023
all	3551	1	886578	0.0000011
all	3559	1	886578	0.0000011
all	3560	1	886578	0.0000011
all	3561	1	886578	0.0000011
all	3565	1	886578	0.0000011
all	3566	1	886578	0.0000011
all	3567	1	886578	0.0000011
all	3571	1	886578	0.0000011
all	3575	1	886578	0.0000011
all	3581	1	886578	0.0000011
all	3582	2	886578	0.0000023
all	3583	2	886578	0.0000023
all	3585	2	886578	0.0000023
all	3586	1	886578	0.0000011
all	3587	1	886578	0.0000011
all	3588	1	886578	0.0000011
all	3589	2	886578	0.0000023
all	3590	1	886578	0.0000011
all	3591	1	886578	0.0000011
all	3592	2	886578	0.0000023
all	3593	1	886578	0.0000011
all	3594	1	886578	0.0000011
all	3595	1	886578	0.0000011
all	3596	1	886578	0.0000011
all	3599	1	886578	0.0000011
all	3600	2	886578	0.0000023
all	3601	2	886578	0.0000023
all	3602	1	886578	0.0000011
all	3603	1	886578	0.0000011
all	3605	1	886578	0.0000011
all	3606	1	886578	0.0000011
all	3607	1	886578	0.0000011
all	3608	2	886578	0.0000023
all	3610	1	886578	0.0000011
all	3612	1	886578	0.0000011
all	3613	1	886578	0.0000011
all	3617	1	886578	0.0000011
all	3618	2	886578	0.0000023
all	3623	1	886578	0.0000011
all	3626	2	886578	0.0000023
all	3628	2	886578	0.0000023
all	3631	1	886578	0.0000011
all	3632	1	886578	0.0000011
all	3633	1	886578	0.0000011
all	3634	2	886578	0.0000023
all	3635	2	886578	0.0000023
all	3640	1	886578	0.0000011
all	3641	1	886578	0.0000011
all	3644	1	886578	0.0000011
all	3648	1	886578	0.0000011
all	3649	1	886578	0.0000011
all	3651	1	886578	0.0000011
all	3652	1	886578	0.0000011
all	3655	1	886578	0.0000011
all	3659	2	886578	0.0000023
all	3661	3	886578	0.0000034
all	3663	2	886578	0.0000023
all	3664	2	886578	0.0000023
all	3665	1	886578	0.0000011
all	3667	2	886578	0.0000023
all	3673	1	886578	0.0000011
all	3675	2	886578	0.0000023
all	3676	1	886578	0.0000011
all	3679	1	886578	0.0000011
all	3680	1	886578	0.0000011
all	3686	1	886578	0.0000011
all	3687	1	886578	0.0000011
all	3688	1	886578	0.0000011
all	3689	1	886578	0.0000011
all	3690	2	886578	0.0000023
all	3692	1	886578	0.0000011
all	3695	2	886578	0.0000023
all	3696	2	886578	0.0000023
all	3697	1	886578	0.0000011
all	3706	1	886578	0.0000011
all	3707	1	886578	0.0000011
all	3710	1	886578	0.0000011
all	3712	2	886578	0.0000023
all	3717	1	886578	0.0000011
all	3718	1	886578	0.0000011
all	3719	1	886578	0.0000011
all	3720	1	886578	0.0000011
all	3721	2	886578	0.0000023
all	3722	1	886578	0.0000011
all	3723	1	886578	0.0000011
all	3724	1	886578	0.0000011
all	3725	1	886578	0.0000011
all	3727	1	886578	0.0000011
all	3728	1	886578	0.0000011
all	3731	1	886578	0.0000011
all	3734	1	886578	0.0000011
all	3735	3	886578	0.0000034
all	3736	2	886578	0.0000023
all	3737	2	886578	0.0000023
all	3739	1	886578	0.0000011
all	3741	1	886578	0.0000011
all	3742	1	886578	0.0000011
all	3743	1	886578	0.0000011
all	3747	1	886578	0.0000011
all	3752	1	886578	0.0000011
all	3753	1	886578	0.0000011
all	3756	1	886578	0.0000011
all	3757	1	886578	0.0000011
all	3760	1	886578	0.0000011
all	3761	1	886578	0.0000011
all	3762	1	886578	0.0000011
all	3769	1	886578	0.0000011
all	3770	1	886578	0.0000011
all	3771	1	886578	0.0000011
all	3773	1	886578	0.0000011
all	3774	1	886578	0.0000011
all	3776	1	886578	0.0000011
all	3782	1	886578	0.0000011
all	3783	1	886578	0.0000011
all	3784	1	886578	0.0000011
all	3790	1	886578	0.0000011
all	3792	3	886578	0.0000034
all	3798	1	886578	0.0000011
all	3805	1	886578	0.0000011
all	3806	1	886578	0.0000011
all	3807	2	886578	0.0000023
all	3809	1	886578	0.0000011
all	3816	2	886578	0.0000023
all	3822	1	886578	0.0000011
all	3829	1	886578	0.0000011
all	3832	2	886578	0.0000023
all	3834	2	886578	0.0000023
all	3835	1	886578	0.0000011
all	3836	2	886578	0.0000023
all	3838	1	886578	0.0000011
all	3839	1	886578	0.0000011
all	3845	1	886578	0.0000011
all	3850	1	886578	0.0000011
all	3854	2	886578	0.0000023
all	3860	1	886578	0.0000011
all	3861	1	886578	0.0000011
all	3865	1	886578	0.0000011
all	3875	2	886578	0.0000023
all	3879	2	886578	0.0000023
all	3882	1	886578	0.0000011
all	3884	1	886578	0.0000011
all	3887	1	886578	0.0000011
all	3893	1	886578	0.0000011
all	3895	1	886578	0.0000011
all	3901	1	886578	0.0000011
all	3906	2	886578	0.0000023
all	3907	1	886578	0.0000011
all	3909	1	886578	0.0000011
all	3912	1	886578	0.0000011
all	3917	1	886578	0.0000011
all	3920	1	886578	0.0000011
all	3921	1	886578	0.0000011
all	3924	2	886578	0.0000023
all	3927	1	886578	0.0000011
all	3931	1	886578	0.0000011
all	3932	1	886578	0.0000011
all	3936	2	886578	0.0000023
all	3939	1	886578	0.0000011
all	3943	1	886578	0.0000011
all	3947	1	886578	0.0000011
all	3952	1	886578	0.0000011
all	3956	1	886578	0.0000011
all	3962	1	886578	0.0000011
all	3964	2	886578	0.0000023
all	3970	1	886578	0.0000011
all	3971	1	886578	0.0000011
all	3972	1	886578	0.0000011
all	3973	2	886578	0.0000023
all	3975	1	886578	0.0000011
all	3980	1	886578	0.0000011
all	3988	1	886578	0.0000011
all	3989	1	886578	0.0000011
all	3995	1	886578	0.0000011
all	3996	2	886578	0.0000023
all	3998	1	886578	0.0000011
all	4002	1	886578	0.0000011
all	4007	1	886578	0.0000011
all	4009	1	886578	0.0000011
all	4010	1	886578	0.0000011
all	4011	1	886578	0.0000011
all	4013	1	886578	0.0000011
all	4020	1	886578	0.0000011
all	4025	2	886578	0.0000023
all	4026	1	886578	0.0000011
all	4031	1	886578	0.0000011
all	4033	1	886578	0.0000011
all	4040	1	886578	0.0000011
all	4042	1	886578	0.0000011
all	4044	1	886578	0.0000011
all	4049	2	886578	0.0000023
all	4051	1	886578	0.0000011
all	4054	1	886578	0.0000011
all	4057	1	886578	0.0000011
all	4060	2	886578	0.0000023
all	4066	1	886578	0.0000011
all	4067	1	886578	0.0000011
all	4073	2	886578	0.0000023
all	4074	1	886578	0.0000011
all	4075	1	886578	0.0000011
all	4078	1	886578	0.0000011
all	4090	1	886578	0.0000011
all	4094	1	886578	0.0000011
all	4095	1	886578	0.0000011
all	4096	1	886578	0.0000011
all	4106	1	886578	0.0000011
all	4107	1	886578	0.0000011
all	4109	1	886578	0.0000011
all	4115	1	886578	0.0000011
all	4117	1	886578	0.0000011
all	4119	1	886578	0.0000011
all	4128	2	886578	0.0000023
all	4129	1	886578	0.0000011
all	4130	1	886578	0.0000011
all	4131	1	886578	0.0000011
all	4136	1	886578	0.0000011
all	4138	2	886578	0.0000023
all	4139	2	886578	0.0000023
all	4140	1	886578	0.0000011
all	4142	1	886578	0.0000011
all	4146	2	886578	0.0000023
all	4150	1	886578	0.0000011
all	4152	1	886578	0.0000011
all	4153	1	886578	0.0000011
all	4157	1	886578	0.0000011
all	4158	1	886578	0.0000011
all	4163	1	886578	0.0000011
all	4166	2	886578	0.0000023
all	4174	1	886578	0.0000011
all	4175	1	886578	0.0000011
all	4177	1	886578	0.0000011
all	4178	1	886578	0.0000011
all	4181	1	886578	0.0000011
all	4189	1	886578	0.0000011
all	4190	2	886578	0.0000023
all	4193	1	886578	0.0000011
all	4196	1	886578	0.0000011
all	4199	1	886578	0.0000011
all	4206	1	886578	0.0000011
all	4207	1	886578	0.0000011
all	4208	1	886578	0.0000011
all	4211	1	886578	0.0000011
all	4214	1	886578	0.0000011
all	4215	1	886578	0.0000011
all	4217	1	886578	0.0000011
all	4220	1	886578	0.0000011
all	4222	2	886578	0.0000023
all	4225	1	886578	0.0000011
all	4234	1	886578	0.0000011
all	4236	1	886578	0.0000011
all	4239	1	886578	0.0000011
all	4249	1	886578	0.0000011
all	4250	1	886578	0.0000011
all	4253	1	886578	0.0000011
all	4256	2	886578	0.0000023
all	4257	4	886578	0.0000045
all	4258	1	886578	0.0000011
all	4259	2	886578	0.0000023
all	4260	1	886578	0.0000011
all	4261	1	886578	0.0000011
all	4262	2	886578	0.0000023
all	4266	2	886578	0.0000023
all	4267	1	886578	0.0000011
all	4270	3	886578	0.0000034
all	4271	1	886578	0.0000011
all	4273	1	886578	0.0000011
all	4275	4	886578	0.0000045
all	4277	1	886578	0.0000011
all	4279	1	886578	0.0000011
all	4280	2	886578	0.0000023
all	4282	2	886578	0.0000023
all	4287	1	886578	0.0000011
all	4288	1	886578	0.0000011
all	4290	2	886578	0.0000023
all	4292	1	886578	0.0000011
all	4293	1	886578	0.0000011
all	4297	2	886578	0.0000023
all	4298	1	886578	0.0000011
all	4299	2	886578	0.0000023
all	4300	1	886578	0.0000011
all	4303	1	886578	0.0000011
all	4304	1	886578	0.0000011
all	4305	1	886578	0.0000011
all	4306	1	886578	0.0000011
all	4310	1	886578	0.0000011
all	4311	1	886578	0.0000011
all	4318	1	886578	0.0000011
all	4321	1	886578	0.0000011
all	4322	1	886578	0.0000011
all	4325	1	886578	0.0000011
all	4332	2	886578	0.0000023
all	4335	1	886578	0.0000011
all	4337	1	886578	0.0000011
all	4338	1	886578	0.0000011
all	4339	1	886578	0.0000011
all	4340	1	886578	0.0000011
all	4343	1	886578	0.0000011
all	4344	1	886578	0.0000011
all	4345	1	886578	0.0000011
all	4347	2	886578	0.0000023
all	4353	1	886578	0.0000011
all	4358	1	886578	0.0000011
all	4359	1	886578	0.0000011
all	4360	1	886578	0.0000011
all	4362	1	886578	0.0000011
all	4365	2	886578	0.0000023
all	4370	1	886578	0.0000011
all	4372	1	886578	0.0000011
all	4373	1	886578	0.0000011
all	4377	1	886578	0.0000011
all	4378	1	886578	0.0000011
all	4379	1	886578	0.0000011
all	4380	1	886578	0.0000011
all	4381	1	886578	0.0000011
all	4383	1	886578	0.0000011
all	4384	1	886578	0.0000011
all	4386	1	886578	0.0000011
all	4389	1	886578	0.0000011
all	4391	1	886578	0.0000011
all	4392	2	886578	0.0000023
all	4396	1	886578	0.0000011
all	4401	2	886578	0.0000023
all	4402	1	886578	0.0000011
all	4403	2	886578	0.0000023
all	4405	1	886578	0.0000011
all	4407	1	886578	0.0000011
all	4408	2	886578	0.0000023
all	4409	2	886578	0.0000023
all	4412	2	886578	0.0000023
all	4413	1	886578	0.0000011
all	4417	1	886578	0.0000011
all	4418	1	886578	0.0000011
all	4423	1	886578	0.0000011
all	4424	1	886578	0.0000011
all	4425	1	886578	0.0000011
all	4428	1	886578	0.0000011
all	4429	1	886578	0.0000011
all	4432	1	886578	0.0000011
all	4436	1	886578	0.0000011
all	4438	1	886578	0.0000011
all	4441	1	886578	0.0000011
all	4445	3	886578	0.0000034
all	4446	3	886578	0.0000034
all	4447	2	886578	0.0000023
all	4449	1	886578	0.0000011
all	4452	1	886578	0.0000011
all	4453	1	886578	0.0000011
all	4454	2	886578	0.0000023
all	4456	1	886578	0.0000011
all	4457	1	886578	0.0000011
all	4459	1	886578	0.0000011
all	4461	2	886578	0.0000023
all	4464	1	886578	0.0000011
all	4470	1	886578	0.0000011
all	4471	1	886578	0.0000011
all	4476	1	886578	0.0000011
all	4477	1	886578	0.0000011
all	4478	1	886578	0.0000011
all	4480	3	886578	0.0000034
all	4483	1	886578	0.0000011
all	4484	1	886578	0.0000011
all	4485	1	886578	0.0000011
all	4490	2	886578	0.0000023
all	4491	1	886578	0.0000011
all	4493	2	886578	0.0000023
all	4498	1	886578	0.0000011
all	4501	1	886578	0.0000011
all	4509	2	886578	0.0000023
all	4510	1	886578	0.0000011
all	4513	1	886578	0.0000011
all	4514	1	886578	0.0000011
all	4515	1	886578	0.0000011
all	4518	1	886578	0.0000011
all	4520	1	886578	0.0000011
all	4522	2	886578	0.0000023
all	4530	1	886578	0.0000011
all	4532	1	886578	0.0000011
all	4535	1	886578	0.0000011
all	4537	2	886578	0.0000023
all	4540	1	886578	0.0000011
all	4541	1	886578	0.0000011
all	4544	1	886578	0.0000011
all	4546	1	886578	0.0000011
all	4547	1	886578	0.0000011
all	4550	1	886578	0.0000011
all	4553	1	886578	0.0000011
all	4555	1	886578	0.0000011
all	4558	1	886578	0.0000011
all	4559	1	886578	0.0000011
all	4560	1	886578	0.0000011
all	4570	1	886578	0.0000011
all	4574	1	886578	0.0000011
all	4576	1	886578	0.0000011
all	4579	1	886578	0.0000011
all	4581	1	886578	0.0000011
all	4582	1	886578	0.0000011
all	4583	1	886578	0.0000011
all	4584	1	886578	0.0000011
all	4587	1	886578	0.0000011
all	4590	1	886578	0.0000011
all	4596	1	886578	0.0000011
all	4597	1	886578	0.0000011
all	4598	1	886578	0.0000011
all	4600	1	886578	0.0000011
all	4605	1	886578	0.0000011
all	4606	1	886578	0.0000011
all	4618	1	886578	0.0000011
all	4622	1	886578	0.0000011
all	4625	1	886578	0.0000011
all	4629	1	886578	0.0000011
all	4631	2	886578	0.0000023
all	4632	1	886578	0.0000011
all	4635	1	886578	0.0000011
all	4641	1	886578	0.0000011
all	4643	1	886578	0.0000011
all	4650	1	886578	0.0000011
all	4660	1	886578	0.0000011
all	4668	1	886578	0.0000011
all	4669	2	886578	0.0000023
all	4670	1	886578	0.0000011
all	4672	1	886578	0.0000011
all	4673	1	886578	0.0000011
all	4680	1	886578	0.0000011
all	4682	2	886578	0.0000023
all	4683	2	886578	0.0000023
all	4685	2	886578	0.0000023
all	4691	2	886578	0.0000023
all	4692	1	886578	0.0000011
all	4699	1	886578	0.0000011
all	4706	1	886578	0.0000011
all	4707	1	886578	0.0000011
all	4712	3	886578	0.0000034
all	4713	1	886578	0.0000011
all	4715	1	886578	0.0000011
all	4716	1	886578	0.0000011
all	4717	1	886578	0.0000011
all	4722	2	886578	0.0000023
all	4723	1	886578	0.0000011
all	4726	1	886578	0.0000011
all	4728	2	886578	0.0000023
all	4730	2	886578	0.0000023
all	4736	2	886578	0.0000023
all	4737	2	886578	0.0000023
all	4738	1	886578	0.0000011
all	4739	1	886578	0.0000011
all	4743	1	886578	0.0000011
all	4744	1	886578	0.0000011
all	4749	1	886578	0.0000011
all	4753	1	886578	0.0000011
all	4762	1	886578	0.0000011
all	4763	1	886578	0.0000011
all	4764	1	886578	0.0000011
all	4769	1	886578	0.0000011
all	4770	1	886578	0.0000011
all	4774	1	886578	0.0000011
all	4775	1	886578	0.0000011
all	4776	1	886578	0.0000011
all	4778	1	886578	0.0000011
all	4784	2	886578	0.0000023
all	4788	1	886578	0.0000011
all	4792	1	886578	0.0000011
all	4796	1	886578	0.0000011
all	4801	1	886578	0.0000011
all	4802	1	886578	0.0000011
all	4804	1	886578	0.0000011
all	4806	1	886578	0.0000011
all	4807	1	886578	0.0000011
all	4808	1	886578	0.0000011
all	4809	1	886578	0.0000011
all	4810	1	886578	0.0000011
all	4817	1	886578	0.0000011
all	4820	1	886578	0.0000011
all	4829	2	886578	0.0000023
all	4833	1	886578	0.0000011
all	4834	1	886578	0.0000011
all	4837	1	886578	0.0000011
all	4838	2	886578	0.0000023
all	4842	1	886578	0.0000011
all	4846	1	886578	0.0000011
all	4847	1	886578	0.0000011
all	4848	1	886578	0.0000011
all	4855	2	886578	0.0000023
all	4858	1	886578	0.0000011
all	4860	2	886578	0.0000023
all	4864	1	886578	0.0000011
all	4865	1	886578	0.0000011
all	4868	2	886578	0.0000023
all	4877	2	886578	0.0000023
all	4878	1	886578	0.0000011
all	4881	1	886578	0.0000011
all	4882	1	886578	0.0000011
all	4883	1	886578	0.0000011
all	4889	1	886578	0.0000011
all	4890	1	886578	0.0000011
all	4893	2	886578	0.0000023
all	4895	1	886578	0.0000011
all	4896	1	886578	0.0000011
all	4899	1	886578	0.0000011
all	4906	1	886578	0.0000011
all	4909	2	886578	0.0000023
all	4910	2	886578	0.0000023
all	4911	1	886578	0.0000011
all	4914	1	886578	0.0000011
all	4917	1	886578	0.0000011
all	4920	1	886578	0.0000011
all	4926	2	886578	0.0000023
all	4927	1	886578	0.0000011
all	4932	1	886578	0.0000011
all	4933	2	886578	0.0000023
all	4934	1	886578	0.0000011
all	4935	1	886578	0.0000011
all	4936	1	886578	0.0000011
all	4944	1	886578	0.0000011
all	4948	2	886578	0.0000023
all	4949	1	886578	0.0000011
all	4950	2	886578	0.0000023
all	4951	1	886578	0.0000011
all	4952	1	886578	0.0000011
all	4953	1	886578	0.0000011
all	4954	1	886578	0.0000011
all	4958	2	886578	0.0000023
all	4959	2	886578	0.0000023
all	4964	2	886578	0.0000023
all	4967	1	886578	0.0000011
all	4972	1	886578	0.0000011
all	4973	2	886578	0.0000023
all	4977	2	886578	0.0000023
all	4978	2	886578	0.0000023
all	4980	1	886578	0.0000011
all	4984	2	886578	0.0000023
all	4988	1	886578	0.0000011
all	4989	1	886578	0.0000011
all	4990	1	886578	0.0000011
all	4991	2	886578	0.0000023
all	4995	1	886578	0.0000011
all	4999	1	886578	0.0000011
all	5004	1	886578	0.0000011
all	5006	1	886578	0.0000011
all	5007	1	886578	0.0000011
all	5011	1	886578	0.0000011
all	5014	4	886578	0.0000045
all	5016	1	886578	0.0000011
all	5022	1	886578	0.0000011
all	5026	1	886578	0.0000011
all	5029	1	886578	0.0000011
all	5032	1	886578	0.0000011
all	5036	5	886578	0.0000056
all	5039	1	886578	0.0000011
all	5040	2	886578	0.0000023
all	5041	1	886578	0.0000011
all	5042	1	886578	0.0000011
all	5045	1	886578	0.0000011
all	5053	1	886578	0.0000011
all	5063	1	886578	0.0000011
all	5064	1	886578	0.0000011
all	5065	1	886578	0.0000011
all	5070	1	886578	0.0000011
all	5072	1	886578	0.0000011
all	5073	2	886578	0.0000023
all	5075	1	886578	0.0000011
all	5076	1	886578	0.0000011
all	5080	1	886578	0.0000011
all	5081	2	886578	0.0000023
all	5082	1	886578	0.0000011
all	5083	3	886578	0.0000034
all	5085	1	886578	0.0000011
all	5087	1	886578	0.0000011
all	5088	2	886578	0.0000023
all	5090	1	886578	0.0000011
all	5091	3	886578	0.0000034
all	5092	1	886578	0.0000011
all	5093	1	886578	0.0000011
all	5095	1	886578	0.0000011
all	5098	1	886578	0.0000011
all	5099	1	886578	0.0000011
all	5101	2	886578	0.0000023
all	5102	1	886578	0.0000011
all	5105	1	886578	0.0000011
all	5110	1	886578	0.0000011
all	5112	2	886578	0.0000023
all	5113	1	886578	0.0000011
all	5114	1	886578	0.0000011
all	5115	1	886578	0.0000011
all	5116	2	886578	0.0000023
all	5117	1	886578	0.0000011
all	5120	2	886578	0.0000023
all	5122	1	886578	0.0000011
all	5135	1	886578	0.0000011
all	5137	1	886578	0.0000011
all	5138	2	886578	0.0000023
all	5143	1	886578	0.0000011
all	5147	1	886578	0.0000011
all	5150	1	886578	0.0000011
all	5152	1	886578	0.0000011
all	5153	2	886578	0.0000023
all	5154	1	886578	0.0000011
all	5160	1	886578	0.0000011
all	5163	1	886578	0.0000011
all	5164	1	886578	0.0000011
all	5166	2	886578	0.0000023
all	5168	1	886578	0.0000011
all	5172	1	886578	0.0000011
all	5175	1	886578	0.0000011
all	5176	1	886578	0.0000011
all	5177	2	886578	0.0000023
all	5178	1	886578	0.0000011
all	5179	2	886578	0.0000023
all	5184	2	886578	0.0000023
all	5187	1	886578	0.0000011
all	5189	1	886578	0.0000011
all	5190	1	886578	0.0000011
all	5191	2	886578	0.0000023
all	5195	1	886578	0.0000011
all	5198	1	886578	0.0000011
all	5199	1	886578	0.0000011
all	5206	1	886578	0.0000011
all	5210	1	886578	0.0000011
all	5211	1	886578	0.0000011
all	5215	1	886578	0.0000011
all	5218	1	886578	0.0000011
all	5220	1	886578	0.0000011
all	5221	3	886578	0.0000034
all	5224	2	886578	0.0000023
all	5228	1	886578	0.0000011
all	5233	1	886578	0.0000011
all	5236	1	886578	0.0000011
all	5237	2	886578	0.0000023
all	5238	1	886578	0.0000011
all	5239	1	886578	0.0000011
all	5242	1	886578	0.0000011
all	5243	1	886578	0.0000011
all	5248	1	886578	0.0000011
all	5253	2	886578	0.0000023
all	5256	1	886578	0.0000011
all	5260	1	886578	0.0000011
all	5262	1	886578	0.0000011
all	5264	1	886578	0.0000011
all	5266	1	886578	0.0000011
all	5267	3	886578	0.0000034
all	5270	2	886578	0.0000023
all	5273	1	886578	0.0000011
all	5274	1	886578	0.0000011
all	5278	1	886578	0.0000011
all	5280	1	886578	0.0000011
all	5281	1	886578	0.0000011
all	5282	2	886578	0.0000023
all	5284	2	886578	0.0000023
all	5291	1	886578	0.0000011
all	5292	1	886578	0.0000011
all	5294	1	886578	0.0000011
all	5296	1	886578	0.0000011
all	5301	1	886578	0.0000011
all	5304	1	886578	0.0000011
all	5306	1	886578	0.0000011
all	5308	1	886578	0.0000011
all	5310	1	886578	0.0000011
all	5311	2	886578	0.0000023
all	5312	3	886578	0.0000034
all	5313	2	886578	0.0000023
all	5314	2	886578	0.0000023
all	5316	1	886578	0.0000011
all	5317	1	886578	0.0000011
all	5319	2	886578	0.0000023
all	5321	2	886578	0.0000023
all	5322	1	886578	0.0000011
all	5326	1	886578	0.0000011
all	5329	1	886578	0.0000011
all	5333	1	886578	0.0000011
all	5345	1	886578	0.0000011
all	5346	1	886578	0.0000011
all	5347	1	886578	0.0000011
all	5352	1	886578	0.0000011
all	5354	1	886578	0.0000011
all	5355	1	886578	0.0000011
all	5359	1	886578	0.0000011
all	5364	1	886578	0.0000011
all	5365	1	886578	0.0000011
all	5368	1	886578	0.0000011
all	5369	2	886578	0.0000023
all	5370	2	886578	0.0000023
all	5371	1	886578	0.0000011
all	5372	1	886578	0.0000011
all	5378	1	886578	0.0000011
all	5381	1	886578	0.0000011
all	5386	2	886578	0.0000023
all	5387	1	886578	0.0000011
all	5388	2	886578	0.0000023
all	5395	1	886578	0.0000011
all	5396	2	886578	0.0000023
all	5398	1	886578	0.0000011
all	5400	1	886578	0.0000011
all	5405	1	886578	0.0000011
all	5406	1	886578	0.0000011
all	5407	1	886578	0.0000011
all	5409	1	886578	0.0000011
all	5411	1	886578	0.0000011
all	5413	1	886578	0.0000011
all	5418	1	886578	0.0000011
all	5422	1	886578	0.0000011
all	5425	1	886578	0.0000011
all	5426	2	886578	0.0000023
all	5427	3	886578	0.0000034
all	5430	1	886578	0.0000011
all	5431	1	886578	0.0000011
all	5435	1	886578	0.0000011
all	5438	1	886578	0.0000011
all	5444	2	886578	0.0000023
all	5445	1	886578	0.0000011
all	5446	2	886578	0.0000023
all	5447	1	886578	0.0000011
all	5449	1	886578	0.0000011
all	5451	1	886578	0.0000011
all	5455	1	886578	0.0000011
all	5457	1	886578	0.0000011
all	5458	2	886578	0.0000023
all	5461	1	886578	0.0000011
all	5462	2	886578	0.0000023
all	5474	1	886578	0.0000011
all	5476	2	886578	0.0000023
all	5478	2	886578	0.0000023
all	5484	1	886578	0.0000011
all	5485	1	886578	0.0000011
all	5488	2	886578	0.0000023
all	5489	2	886578	0.0000023
all	5490	2	886578	0.0000023
all	5496	1	886578	0.0000011
all	5498	1	886578	0.0000011
all	5499	1	886578	0.0000011
all	5500	1	886578	0.0000011
all	5503	3	886578	0.0000034
all	5507	1	886578	0.0000011
all	5511	1	886578	0.0000011
all	5513	1	886578	0.0000011
all	5514	3	886578	0.0000034
all	5515	1	886578	0.0000011
all	5516	1	886578	0.0000011
all	5518	1	886578	0.0000011
all	5521	1	886578	0.0000011
all	5522	1	886578	0.0000011
all	5524	1	886578	0.0000011
all	5526	1	886578	0.0000011
all	5527	2	886578	0.0000023
all	5528	1	886578	0.0000011
all	5529	1	886578	0.0000011
all	5532	1	886578	0.0000011
all	5535	1	886578	0.0000011
all	5536	2	886578	0.0000023
all	5537	1	886578	0.0000011
all	5539	1	886578	0.0000011
all	5540	3	886578	0.0000034
all	5541	1	886578	0.0000011
all	5543	2	886578	0.0000023
all	5572	1	886578	0.0000011
all	5575	1	886578	0.0000011
all	5581	1	886578	0.0000011
all	5583	1	886578	0.0000011
all	5589	2	886578	0.0000023
all	5590	1	886578	0.0000011
all	5600	1	886578	0.0000011
all	5601	1	886578	0.0000011
all	5603	1	886578	0.0000011
all	5604	1	886578	0.0000011
all	5615	2	886578	0.0000023
all	5619	1	886578	0.0000011
all	5626	1	886578	0.0000011
all	5627	1	886578	0.0000011
all	5630	2	886578	0.0000023
all	5631	1	886578	0.0000011
all	5641	1	886578	0.0000011
all	5643	1	886578	0.0000011
all	5645	1	886578	0.0000011
all	5646	2	886578	0.0000023
all	5651	2	886578	0.0000023
all	5654	1	886578	0.0000011
all	5657	1	886578	0.0000011
all	5658	1	886578	0.0000011
all	5659	1	886578	0.0000011
all	5660	1	886578	0.0000011
all	5665	1	886578	0.0000011
all	5666	1	886578	0.0000011
all	5680	1	886578	0.0000011
all	5681	1	886578	0.0000011
all	5683	1	886578	0.0000011
all	5684	1	886578	0.0000011
all	5700	1	886578	0.0000011
all	5727	1	886578	0.0000011
all	5743	1	886578	0.0000011
all	5761	1	886578	0.0000011
all	5776	1	886578	0.0000011
all	5791	1	886578	0.0000011
all	5795	1	886578	0.0000011
all	5820	1	886578	0.0000011
all	5832	1	886578	0.0000011
all	5838	1	886578	0.0000011
all	5866	1	886578	0.0000011
all	5881	1	886578	0.0000011
all	5900	1	886578	0.0000011
all	5935	1	886578	0.0000011
all	5953	1	886578	0.0000011
all	5955	1	886578	0.0000011
all	5962	1	886578	0.0000011
all	5978	1	886578	0.0000011
all	5981	1	886578	0.0000011
all	5999	1	886578	0.0000011
all	6008	1	886578	0.0000011
all	6027	2	886578	0.0000023
all	6028	1	886578	0.0000011
all	6036	1	886578	0.0000011
all	6040	2	886578	0.0000023
all	6057	1	886578	0.0000011
all	6059	1	886578	0.0000011
all	6085	1	886578	0.0000011
all	6092	1	886578	0.0000011
all	6095	1	886578	0.0000011
all	6101	1	886578	0.0000011
all	6111	1	886578	0.0000011
all	6115	1	886578	0.0000011
all	6121	1	886578	0.0000011
all	6125	1	886578	0.0000011
all	6132	1	886578	0.0000011
all	6136	1	886578	0.0000011
all	6142	1	886578	0.0000011
all	6148	1	886578	0.0000011
all	6155	1	886578	0.0000011
all	6169	2	886578	0.0000023
all	6172	1	886578	0.0000011
all	6187	1	886578	0.0000011
all	6188	1	886578	0.0000011
all	6193	1	886578	0.0000011
all	6202	1	886578	0.0000011
all	6212	1	886578	0.0000011
all	6214	1	886578	0.0000011
all	6216	1	886578	0.0000011
all	6221	1	886578	0.0000011
all	6226	2	886578	0.0000023
all	6228	1	886578	0.0000011
all	6232	2	886578	0.0000023
all	6235	1	886578	0.0000011
all	6241	1	886578	0.0000011
all	6247	2	886578	0.0000023
all	6248	1	886578	0.0000011
all	6249	1	886578	0.0000011
all	6253	1	886578	0.0000011
all	6254	1	886578	0.0000011
all	6258	1	886578	0.0000011
all	6260	1	886578	0.0000011
all	6264	1	886578	0.0000011
all	6265	1	886578	0.0000011
all	6266	1	886578	0.0000011
all	6286	1	886578	0.0000011
all	6292	1	886578	0.0000011
all	6302	1	886578	0.0000011
all	6306	1	886578	0.0000011
all	6308	2	886578	0.0000023
all	6311	1	886578	0.0000011
all	6313	1	886578	0.0000011
all	6314	2	886578	0.0000023
all	6316	1	886578	0.0000011
all	6317	1	886578	0.0000011
all	6319	1	886578	0.0000011
all	6320	1	886578	0.0000011
all	6323	1	886578	0.0000011
all	6332	1	886578	0.0000011
all	6334	2	886578	0.0000023
all	6342	1	886578	0.0000011
all	6343	1	886578	0.0000011
all	6350	1	886578	0.0000011
all	6352	1	886578	0.0000011
all	6363	2	886578	0.0000023
all	6365	1	886578	0.0000011
all	6376	2	886578	0.0000023
all	6379	1	886578	0.0000011
all	6381	1	886578	0.0000011
all	6382	1	886578	0.0000011
all	6389	1	886578	0.0000011
all	6390	1	886578	0.0000011
all	6391	1	886578	0.0000011
all	6392	1	886578	0.0000011
all	6396	1	886578	0.0000011
all	6397	1	886578	0.0000011
all	6399	2	886578	0.0000023
all	6401	1	886578	0.0000011
all	6403	4	886578	0.0000045
all	6406	1	886578	0.0000011
all	6407	1	886578	0.0000011
all	6413	1	886578	0.0000011
all	6423	1	886578	0.0000011
all	6425	1	886578	0.0000011
all	6443	1	886578	0.0000011
all	6448	1	886578	0.0000011
all	6471	1	886578	0.0000011
all	6480	1	886578	0.0000011
all	6484	1	886578	0.0000011
all	6490	1	886578	0.0000011
all	6492	1	886578	0.0000011
all	6505	1	886578	0.0000011
all	6513	1	886578	0.0000011
all	6525	1	886578	0.0000011
all	6537	3	886578	0.0000034
all	6557	1	886578	0.0000011
all	6576	1	886578	0.0000011
all	6577	1	886578	0.0000011
all	6579	1	886578	0.0000011
all	6588	1	886578	0.0000011
all	6594	1	886578	0.0000011
all	6610	1	886578	0.0000011
all	6612	2	886578	0.0000023
all	6622	1	886578	0.0000011
all	6624	1	886578	0.0000011
all	6628	1	886578	0.0000011
all	6633	2	886578	0.0000023
all	6670	1	886578	0.0000011
all	6674	1	886578	0.0000011
all	6676	1	886578	0.0000011
all	6679	1	886578	0.0000011
all	6686	1	886578	0.0000011
all	6693	1	886578	0.0000011
all	6701	1	886578	0.0000011
all	6702	1	886578	0.0000011
all	6707	1	886578	0.0000011
all	6728	1	886578	0.0000011
all	6732	1	886578	0.0000011
all	6738	1	886578	0.0000011
all	6739	1	886578	0.0000011
all	6748	1	886578	0.0000011
all	6764	1	886578	0.0000011
all	6769	2	886578	0.0000023
all	6770	1	886578	0.0000011
all	6777	1	886578	0.0000011
all	6778	2	886578	0.0000023
all	6779	1	886578	0.0000011
all	6780	1	886578	0.0000011
all	6781	1	886578	0.0000011
all	6783	1	886578	0.0000011
all	6785	2	886578	0.0000023
all	6787	1	886578	0.0000011
all	6791	2	886578	0.0000023
all	6792	1	886578	0.0000011
all	6796	1	886578	0.0000011
all	6799	1	886578	0.0000011
all	6802	2	886578	0.0000023
all	6807	2	886578	0.0000023
all	6810	1	886578	0.0000011
all	6811	1	886578	0.0000011
all	6814	1	886578	0.0000011
all	6837	1	886578	0.0000011
all	6842	1	886578	0.0000011
all	6851	1	886578	0.0000011
all	6855	1	886578	0.0000011
all	6856	1	886578	0.0000011
all	6859	1	886578	0.0000011
all	6863	1	886578	0.0000011
all	6864	1	886578	0.0000011
all	6871	1	886578	0.0000011
all	6875	1	886578	0.0000011
all	6878	2	886578	0.0000023
all	6884	1	886578	0.0000011
all	6886	1	886578	0.0000011
all	6903	1	886578	0.0000011
all	6904	1	886578	0.0000011
all	6907	1	886578	0.0000011
all	6918	1	886578	0.0000011
all	6929	1	886578	0.0000011
all	6940	1	886578	0.0000011
all	6950	1	886578	0.0000011
all	6955	1	886578	0.0000011
all	6960	1	886578	0.0000011
all	6964	1	886578	0.0000011
all	6967	1	886578	0.0000011
all	6969	1	886578	0.0000011
all	6972	1	886578	0.0000011
all	6977	1	886578	0.0000011
all	6979	1	886578	0.0000011
all	6982	1	886578	0.0000011
all	6984	1	886578	0.0000011
all	6991	1	886578	0.0000011
all	6992	1	886578	0.0000011
all	6997	1	886578	0.0000011
all	7018	1	886578	0.0000011
all	7025	1	886578	0.0000011
all	7031	1	886578	0.0000011
all	7036	1	886578	0.0000011
all	7057	1	886578	0.0000011
all	7061	1	886578	0.0000011
all	7063	1	886578	0.0000011
all	7064	1	886578	0.0000011
all	7080	1	886578	0.0000011
all	7092	1	886578	0.0000011
all	7097	1	886578	0.0000011
all	7101	1	886578	0.0000011
all	7115	1	886578	0.0000011
all	7116	1	886578	0.0000011
all	7119	1	886578	0.0000011
all	7133	1	886578	0.0000011
all	7135	1	886578	0.0000011
all	7142	1	886578	0.0000011
all	7143	1	886578	0.0000011
all	7144	1	886578	0.0000011
all	7145	1	886578	0.0000011
all	7155	1	886578	0.0000011
all	7165	1	886578	0.0000011
all	7177	1	886578	0.0000011
all	7184	1	886578	0.0000011
all	7194	1	886578	0.0000011
all	7199	1	886578	0.0000011
all	7210	1	886578	0.0000011
all	7214	1	886578	0.0000011
all	7216	1	886578	0.0000011
all	7225	1	886578	0.0000011
all	7227	1	886578	0.0000011
all	7239	1	886578	0.0000011
all	7290	1	886578	0.0000011
all	7294	1	886578	0.0000011
all	7316	1	886578	0.0000011
all	7321	2	886578	0.0000023
all	7327	1	886578	0.0000011
all	7336	1	886578	0.0000011
all	7339	1	886578	0.0000011
all	7340	1	886578	0.0000011
all	7341	1	886578	0.0000011
all	7346	1	886578	0.0000011
all	7351	1	886578	0.0000011
all	7354	1	886578	0.0000011
all	7376	1	886578	0.0000011
all	7381	1	886578	0.0000011
all	7384	1	886578	0.0000011
all	7391	1	886578	0.0000011
all	7401	1	886578	0.0000011
all	7408	1	886578	0.0000011
all	7413	1	886578	0.0000011
all	7418	1	886578	0.0000011
all	7420	2	886578	0.0000023
all	7422	1	886578	0.0000011
all	7424	1	886578	0.0000011
all	7433	1	886578	0.0000011
all	7448	1	886578	0.0000011
all	7449	3	886578	0.0000034
all	7450	1	886578	0.0000011
all	7452	1	886578	0.0000011
all	7453	2	886578	0.0000023
all	7454	1	886578	0.0000011
all	7459	1	886578	0.0000011
all	7460	1	886578	0.0000011
all	7470	2	886578	0.0000023
all	7473	2	886578	0.0000023
all	7475	1	886578	0.0000011
all	7476	1	886578	0.0000011
all	7483	1	886578	0.0000011
all	7484	2	886578	0.0000023
all	7487	2	886578	0.0000023
all	7488	1	886578	0.0000011
all	7489	1	886578	0.0000011
all	7490	1	886578	0.0000011
all	7496	1	886578	0.0000011
all	7500	1	886578	0.0000011
all	7506	2	886578	0.0000023
all	7513	1	886578	0.0000011
all	7514	1	886578	0.0000011
all	7540	1	886578	0.0000011
all	7547	1	886578	0.0000011
all	7590	1	886578	0.0000011
all	7593	1	886578	0.0000011
all	7598	1	886578	0.0000011
all	7654	1	886578	0.0000011
all	7679	1	886578	0.0000011
all	7687	1	886578	0.0000011
all	7719	1	886578	0.0000011
all	7748	1	886578	0.0000011
all	7764	1	886578	0.0000011
all	7769	1	886578	0.0000011
all	7795	1	886578	0.0000011
all	7832	1	886578	0.0000011
all	7848	1	886578	0.0000011
all	7876	1	886578	0.0000011
all	7910	1	886578	0.0000011
all	7960	1	886578	0.0000011
all	7965	1	886578	0.0000011
all	8025	1	886578	0.0000011
all	8052	1	886578	0.0000011
all	8065	1	886578	0.0000011
all	8118	1	886578	0.0000011
all	8122	1	886578	0.0000011
all	8127	1	886578	0.0000011
all	8154	1	886578	0.0000011
all	8162	1	886578	0.0000011
all	8192	1	886578	0.0000011
all	8215	1	886578	0.0000011
all	8240	1	886578	0.0000011
all	8272	1	886578	0.0000011
all	8278	1	886578	0.0000011
all	8287	1	886578	0.0000011
all	8302	1	886578	0.0000011
all	8335	1	886578	0.0000011
all	8339	1	886578	0.0000011
all	8367	1	886578	0.0000011
all	8370	1	886578	0.0000011
all	8401	1	886578	0.0000011
all	8403	1	886578	0.0000011
all	8405	1	886578	0.0000011
all	8430	1	886578	0.0000011
all	8452	1	886578	0.0000011
all	8462	1	886578	0.0000011
all	8488	1	886578	0.0000011
all	8501	1	886578	0.0000011
all	8519	1	886578	0.0000011
all	8559	1	886578	0.0000011
all	8575	1	886578	0.0000011
all	8592	1	886578	0.0000011
all	8596	1	886578	0.0000011
all	8622	1	886578	0.0000011
all	8666	1	886578	0.0000011
all	8669	1	886578	0.0000011
all	8710	1	886578	0.0000011
all	8719	1	886578	0.0000011
all	8741	1	886578	0.0000011
all	8763	1	886578	0.0000011
all	8764	1	886578	0.0000011
all	8775	1	886578	0.0000011
all	8785	1	886578	0.0000011
all	8789	1	886578	0.0000011
all	8826	1	886578	0.0000011
all	8828	2	886578	0.0000023
all	8870	1	886578	0.0000011
all	8876	1	886578	0.0000011
all	8898	1	886578	0.0000011
all	8929	1	886578	0.0000011
all	8955	1	886578	0.0000011
all	8958	1	886578	0.0000011
all	8961	1	886578	0.0000011
all	8967	1	886578	0.0000011
all	8968	1	886578	0.0000011
all	8977	1	886578	0.0000011
all	9006	1	886578	0.0000011
all	9012	1	886578	0.0000011
all	9039	1	886578	0.0000011
all	9043	1	886578	0.0000011
all	9057	1	886578	0.0000011
all	9075	1	886578	0.0000011
all	9090	1	886578	0.0000011
all	9094	1	886578	0.0000011
all	9103	1	886578	0.0000011
all	9107	1	886578	0.0000011
all	9114	1	886578	0.0000011
all	9137	1	886578	0.0000011
all	9138	1	886578	0.0000011
all	9151	1	886578	0.0000011
all	9164	2	886578	0.0000023
all	9166	1	886578	0.0000011
all	9171	1	886578	0.0000011
all	9182	1	886578	0.0000011
all	9187	1	886578	0.0000011
all	9194	1	886578	0.0000011
all	9202	1	886578	0.0000011
all	9209	1	886578	0.0000011
all	9224	1	886578	0.0000011
all	9245	1	886578	0.0000011
all	9246	2	886578	0.0000023
all	9249	1	886578	0.0000011
all	9282	1	886578	0.0000011
all	9302	1	886578	0.0000011
all	9309	1	886578	0.0000011
all	9330	2	886578	0.0000023
all	9350	1	886578	0.0000011
all	9376	1	886578	0.0000011
all	9378	1	886578	0.0000011
all	9401	1	886578	0.0000011
all	9402	1	886578	0.0000011
all	9404	1	886578	0.0000011
all	9407	2	886578	0.0000023
all	9411	1	886578	0.0000011
all	9417	1	886578	0.0000011
all	9425	1	886578	0.0000011
all	9431	1	886578	0.0000011
all	9442	1	886578	0.0000011
all	9471	1	886578	0.0000011
all	9472	1	886578	0.0000011
all	9508	1	886578	0.0000011
all	9513	1	886578	0.0000011
all	9516	1	886578	0.0000011
all	9523	1	886578	0.0000011
all	9572	1	886578	0.0000011
all	9574	1	886578	0.0000011
all	9581	1	886578	0.0000011
all	9592	1	886578	0.0000011
all	9613	1	886578	0.0000011
all	9627	1	886578	0.0000011
all	9629	1	886578	0.0000011
all	9646	1	886578	0.0000011
all	9648	1	886578	0.0000011
all	9657	1	886578	0.0000011
all	9658	1	886578	0.0000011
all	9663	1	886578	0.0000011
all	9684	1	886578	0.0000011
all	9688	1	886578	0.0000011
all	9692	1	886578	0.0000011
all	9713	1	886578	0.0000011
all	9737	1	886578	0.0000011
all	9739	1	886578	0.0000011
all	9755	1	886578	0.0000011
all	9757	1	886578	0.0000011
all	9768	1	886578	0.0000011
all	9781	1	886578	0.0000011
all	9786	1	886578	0.0000011
all	9797	1	886578	0.0000011
all	9807	1	886578	0.0000011
all	9811	1	886578	0.0000011
all	9815	1	886578	0.0000011
all	9823	1	886578	0.0000011
all	9831	1	886578	0.0000011
all	9833	1	886578	0.0000011
all	9841	1	886578	0.0000011
all	9849	1	886578	0.0000011
all	9880	1	886578	0.0000011
all	9897	1	886578	0.0000011
all	9928	1	886578	0.0000011
all	9953	1	886578	0.0000011
all	9970	1	886578	0.0000011
all	9990	1	886578	0.0000011
all	10002	1	886578	0.0000011
all	10037	1	886578	0.0000011
all	10050	1	886578	0.0000011
all	10060	1	886578	0.0000011
all	10068	1	886578	0.0000011
all	10070	1	886578	0.0000011
all	10071	1	886578	0.0000011
all	10083	1	886578	0.0000011
all	10086	1	886578	0.0000011
all	10092	1	886578	0.0000011
all	10098	1	886578	0.0000011
all	10106	1	886578	0.0000011
all	10110	1	886578	0.0000011
all	10119	1	886578	0.0000011
all	10136	1	886578	0.0000011
all	10143	1	886578	0.0000011
all	10170	1	886578	0.0000011
all	10177	1	886578	0.0000011
all	10187	1	886578	0.0000011
all	10196	1	886578	0.0000011
all	10208	1	886578	0.0000011
all	10220	1	886578	0.0000011
all	10232	1	886578	0.0000011
all	10241	1	886578	0.0000011
all	10247	1	886578	0.0000011
all	10264	1	886578	0.0000011
all	10275	1	886578	0.0000011
all	10296	1	886578	0.0000011
all	10305	1	886578	0.0000011
all	10308	1	886578	0.0000011
all	10315	1	886578	0.0000011
all	10413	1	886578	0.0000011
all	10528	1	886578	0.0000011
all	10661	1	886578	0.0000011
all	10726	1	886578	0.0000011
all	10766	1	886578	0.0000011
all	10932	1	886578	0.0000011
all	11104	1	886578	0.0000011
all	11220	1	886578	0.0000011
all	11268	1	886578	0.0000011
all	11328	1	886578	0.0000011
all	11410	1	886578	0.0000011
all	11530	1	886578	0.0000011
all	11620	1	886578	0.0000011
all	11731	1	886578	0.0000011
all	11870	1	886578	0.0000011
all	11979	1	886578	0.0000011
all	12163	1	886578	0.0000011
all	12324	1	886578	0.0000011
all	12417	1	886578	0.0000011
all	12471	1	886578	0.0000011
all	12510	1	886578	0.0000011
all	12517	1	886578	0.0000011
all	12558	1	886578	0.0000011
all	12611	1	886578	0.0000011
all	12652	1	886578	0.0000011
all	12697	1	886578	0.0000011
all	12787	1	886578	0.0000011
all	12848	1	886578	0.0000011
all	12952	1	886578	0.0000011
all	12993	1	886578	0.0000011
all	13025	1	886578	0.0000011
all	13048	1	886578	0.0000011
all	13084	1	886578	0.0000011
all	13119	1	886578	0.0000011
all	13126	1	886578	0.0000011
all	13130	1	886578	0.0000011
all	13195	1	886578	0.0000011
all	13216	1	886578	0.0000011
all	13224	1	886578	0.0000011
all	13245	1	886578	0.0000011
all	13273	1	886578	0.0000011
all	13317	1	886578	0.0000011
all	13326	1	886578	0.0000011
all	13335	1	886578	0.0000011
all	13422	1	886578	0.0000011
all	13440	1	886578	0.0000011
all	13483	1	886578	0.0000011
all	13593	1	886578	0.0000011
all	13635	1	886578	0.0000011
all	13642	1	886578	0.0000011
all	13718	1	886578	0.0000011
all	13729	1	886578	0.0000011
all	13772	1	886578	0.0000011
all	13784	1	886578	0.0000011
all	13799	1	886578	0.0000011
all	13835	1	886578	0.0000011
all	13865	1	886578	0.0000011
all	13886	1	886578	0.0000011
all	13930	1	886578	0.0000011
all	13950	1	886578	0.0000011
all	13964	1	886578	0.0000011
all	14023	1	886578	0.0000011
all	14045	1	886578	0.0000011
all	14095	1	886578	0.0000011
all	14103	1	886578	0.0000011
all	14111	1	886578	0.0000011
all	14142	1	886578	0.0000011
all	14152	1	886578	0.0000011
all	14160	1	886578	0.0000011
all	14194	1	886578	0.0000011
all	14208	1	886578	0.0000011
all	14216	1	886578	0.0000011
all	14231	1	886578	0.0000011
all	14285	1	886578	0.0000011
all	14292	1	886578	0.0000011
all	14302	1	886578	0.0000011
all	14325	1	886578	0.0000011
all	14328	1	886578	0.0000011
all	14329	1	886578	0.0000011
all	14350	1	886578	0.0000011
all	14357	1	886578	0.0000011
all	14406	1	886578	0.0000011
all	14419	1	886578	0.0000011
all	14427	1	886578	0.0000011
all	14433	1	886578	0.0000011
all	14445	1	886578	0.0000011
all	14465	1	886578	0.0000011
all	14485	2	886578	0.0000023
all	14499	1	886578	0.0000011
all	14500	1	886578	0.0000011
all	14512	1	886578	0.0000011
all	14518	1	886578	0.0000011
all	14536	1	886578	0.0000011
