all	0	5088	886578	0.0057389
all	1	1610	886578	0.0018160
all	2	1129	886578	0.0012734
all	3	666	886578	0.0007512
all	4	820	886578	0.0009249
all	5	756	886578	0.0008527
all	6	784	886578	0.0008843
all	7	840	886578	0.0009475
all	8	1150	886578	0.0012971
all	9	1070	886578	0.0012069
all	10	1138	886578	0.0012836
all	11	1361	886578	0.0015351
all	12	1164	886578	0.0013129
all	13	1368	886578	0.0015430
all	14	1612	886578	0.0018182
all	15	1484	886578	0.0016739
all	16	1482	886578	0.0016716
all	17	1972	886578	0.0022243
all	18	1730	886578	0.0019513
all	19	2023	886578	0.0022818
all	20	2388	886578	0.0026935
all	21	2465	886578	0.0027804
all	22	2462	886578	0.0027770
all	23	2794	886578	0.0031514
all	24	2875	886578	0.0032428
all	25	2708	886578	0.0030544
all	26	2955	886578	0.0033330
all	27	3098	886578	0.0034943
all	28	2977	886578	0.0033579
all	29	3047	886578	0.0034368
all	30	3197	886578	0.0036060
all	31	3211	886578	0.0036218
all	32	3492	886578	0.0039387
all	33	3318	886578	0.0037425
all	34	3347	886578	0.0037752
all	35	3612	886578	0.0040741
all	36	3441	886578	0.0038812
all	37	3357	886578	0.0037865
all	38	3575	886578	0.0040324
all	39	3613	886578	0.0040752
all	40	3603	886578	0.0040639
all	41	3854	886578	0.0043471
all	42	3794	886578	0.0042794
all	43	3792	886578	0.0042771
all	44	3454	886578	0.0038959
all	45	3840	886578	0.0043313
all	46	3982	886578	0.0044914
all	47	4031	886578	0.0045467
all	48	4194	886578	0.0047305
all	49	4113	886578	0.0046392
all	50	4151	886578	0.0046820
all	51	4315	886578	0.0048670
all	52	4404	886578	0.0049674
all	53	4842	886578	0.0054614
all	54	4411	886578	0.0049753
all	55	4495	886578	0.0050701
all	56	4693	886578	0.0052934
all	57	4699	886578	0.0053002
all	58	4827	886578	0.0054445
all	59	4433	886578	0.0050001
all	60	4306	886578	0.0048569
all	61	4516	886578	0.0050937
all	62	4457	886578	0.0050272
all	63	4562	886578	0.0051456
all	64	4388	886578	0.0049494
all	65	4316	886578	0.0048682
all	66	4745	886578	0.0053520
all	67	4453	886578	0.0050227
all	68	4380	886578	0.0049403
all	69	4557	886578	0.0051400
all	70	4585	886578	0.0051716
all	71	4700	886578	0.0053013
all	72	4420	886578	0.0049855
all	73	4568	886578	0.0051524
all	74	4585	886578	0.0051716
all	75	4450	886578	0.0050193
all	76	4451	886578	0.0050204
all	77	4759	886578	0.0053678
all	78	4651	886578	0.0052460
all	79	4673	886578	0.0052708
all	80	4429	886578	0.0049956
all	81	4710	886578	0.0053126
all	82	4636	886578	0.0052291
all	83	4834	886578	0.0054524
all	84	4616	886578	0.0052065
all	85	4548	886578	0.0051298
all	86	4437	886578	0.0050046
all	87	4462	886578	0.0050328
all	88	4865	886578	0.0054874
all	89	4801	886578	0.0054152
all	90	4524	886578	0.0051028
all	91	4500	886578	0.0050757
all	92	4734	886578	0.0053396
all	93	4504	886578	0.0050802
all	94	4656	886578	0.0052517
all	95	4631	886578	0.0052235
all	96	4558	886578	0.0051411
all	97	4460	886578	0.0050306
all	98	4764	886578	0.0053735
all	99	4619	886578	0.0052099
all	100	4298	886578	0.0048479
all	101	4477	886578	0.0050498
all	102	4494	886578	0.0050689
all	103	4669	886578	0.0052663
all	104	4540	886578	0.0051208
all	105	4199	886578	0.0047362
all	106	4379	886578	0.0049392
all	107	4536	886578	0.0051163
all	108	4227	886578	0.0047678
all	109	4314	886578	0.0048659
all	110	4286	886578	0.0048343
all	111	4246	886578	0.0047892
all	112	4090	886578	0.0046132
all	113	4114	886578	0.0046403
all	114	4044	886578	0.0045614
all	115	4020	886578	0.0045343
all	116	4009	886578	0.0045219
all	117	4056	886578	0.0045749
all	118	4106	886578	0.0046313
all	119	3969	886578	0.0044768
all	120	4035	886578	0.0045512
all	121	4157	886578	0.0046888
all	122	3878	886578	0.0043741
all	123	3756	886578	0.0042365
all	124	3877	886578	0.0043730
all	125	3909	886578	0.0044091
all	126	3924	886578	0.0044260
all	127	3860	886578	0.0043538
all	128	3527	886578	0.0039782
all	129	3722	886578	0.0041982
all	130	3470	886578	0.0039139
all	131	3627	886578	0.0040910
all	132	3435	886578	0.0038744
all	133	3522	886578	0.0039726
all	134	3433	886578	0.0038722
all	135	3554	886578	0.0040087
all	136	3414	886578	0.0038508
all	137	3522	886578	0.0039726
all	138	3510	886578	0.0039590
all	139	3506	886578	0.0039545
all	140	3160	886578	0.0035643
all	141	3370	886578	0.0038011
all	142	3383	886578	0.0038158
all	143	3240	886578	0.0036545
all	144	3217	886578	0.0036286
all	145	3158	886578	0.0035620
all	146	3166	886578	0.0035710
all	147	3016	886578	0.0034018
all	148	3145	886578	0.0035473
all	149	3112	886578	0.0035101
all	150	2876	886578	0.0032439
all	151	2883	886578	0.0032518
all	152	2973	886578	0.0033533
all	153	2995	886578	0.0033782
all	154	2802	886578	0.0031605
all	155	2896	886578	0.0032665
all	156	2896	886578	0.0032665
all	157	2734	886578	0.0030838
all	158	2714	886578	0.0030612
all	159	2756	886578	0.0031086
all	160	2708	886578	0.0030544
all	161	2755	886578	0.0031075
all	162	2822	886578	0.0031830
all	163	2677	886578	0.0030195
all	164	2588	886578	0.0029191
all	165	2650	886578	0.0029890
all	166	2591	886578	0.0029225
all	167	2520	886578	0.0028424
all	168	2538	886578	0.0028627
all	169	2479	886578	0.0027961
all	170	2617	886578	0.0029518
all	171	2549	886578	0.0028751
all	172	2462	886578	0.0027770
all	173	2577	886578	0.0029067
all	174	2658	886578	0.0029980
all	175	2419	886578	0.0027285
all	176	2389	886578	0.0026946
all	177	2298	886578	0.0025920
all	178	2361	886578	0.0026630
all	179	2458	886578	0.0027725
all	180	2252	886578	0.0025401
all	181	2375	886578	0.0026788
all	182	2352	886578	0.0026529
all	183	2255	886578	0.0025435
all	184	2264	886578	0.0025536
all	185	2170	886578	0.0024476
all	186	2178	886578	0.0024566
all	187	2182	886578	0.0024611
all	188	2092	886578	0.0023596
all	189	2127	886578	0.0023991
all	190	2074	886578	0.0023393
all	191	2225	886578	0.0025096
all	192	2162	886578	0.0024386
all	193	2031	886578	0.0022908
all	194	2148	886578	0.0024228
all	195	1959	886578	0.0022096
all	196	2087	886578	0.0023540
all	197	1873	886578	0.0021126
all	198	1921	886578	0.0021668
all	199	2011	886578	0.0022683
all	200	1948	886578	0.0021972
all	201	1844	886578	0.0020799
all	202	1860	886578	0.0020980
all	203	1875	886578	0.0021149
all	204	1691	886578	0.0019073
all	205	1700	886578	0.0019175
all	206	1874	886578	0.0021137
all	207	1798	886578	0.0020280
all	208	1783	886578	0.0020111
all	209	1697	886578	0.0019141
all	210	1602	886578	0.0018069
all	211	1776	886578	0.0020032
all	212	1649	886578	0.0018600
all	213	1630	886578	0.0018385
all	214	1579	886578	0.0017810
all	215	1619	886578	0.0018261
all	216	1661	886578	0.0018735
all	217	1576	886578	0.0017776
all	218	1482	886578	0.0016716
all	219	1545	886578	0.0017427
all	220	1612	886578	0.0018182
all	221	1469	886578	0.0016569
all	222	1549	886578	0.0017472
all	223	1508	886578	0.0017009
all	224	1602	886578	0.0018069
all	225	1531	886578	0.0017269
all	226	1588	886578	0.0017912
all	227	1566	886578	0.0017663
all	228	1466	886578	0.0016535
all	229	1438	886578	0.0016220
all	230	1497	886578	0.0016885
all	231	1400	886578	0.0015791
all	232	1411	886578	0.0015915
all	233	1415	886578	0.0015960
all	234	1394	886578	0.0015723
all	235	1299	886578	0.0014652
all	236	1438	886578	0.0016220
all	237	1350	886578	0.0015227
all	238	1371	886578	0.0015464
all	239	1419	886578	0.0016005
all	240	1386	886578	0.0015633
all	241	1280	886578	0.0014438
all	242	1362	886578	0.0015362
all	243	1196	886578	0.0013490
all	244	1243	886578	0.0014020
all	245	1312	886578	0.0014798
all	246	1178	886578	0.0013287
all	247	1266	886578	0.0014280
all	248	1087	886578	0.0012261
all	249	1225	886578	0.0013817
all	250	1110	886578	0.0012520
all	251	1168	886578	0.0013174
all	252	1060	886578	0.0011956
all	253	1189	886578	0.0013411
all	254	987	886578	0.0011133
all	255	1022	886578	0.0011527
all	256	1000	886578	0.0011279
all	257	1028	886578	0.0011595
all	258	1009	886578	0.0011381
all	259	1009	886578	0.0011381
all	260	968	886578	0.0010918
all	261	1007	886578	0.0011358
all	262	989	886578	0.0011155
all	263	1076	886578	0.0012137
all	264	976	886578	0.0011009
all	265	1009	886578	0.0011381
all	266	1068	886578	0.0012046
all	267	948	886578	0.0010693
all	268	1046	886578	0.0011798
all	269	970	886578	0.0010941
all	270	965	886578	0.0010885
all	271	931	886578	0.0010501
all	272	955	886578	0.0010772
all	273	866	886578	0.0009768
all	274	889	886578	0.0010027
all	275	896	886578	0.0010106
all	276	917	886578	0.0010343
all	277	882	886578	0.0009948
all	278	889	886578	0.0010027
all	279	918	886578	0.0010354
all	280	856	886578	0.0009655
all	281	888	886578	0.0010016
all	282	841	886578	0.0009486
all	283	845	886578	0.0009531
all	284	841	886578	0.0009486
all	285	816	886578	0.0009204
all	286	841	886578	0.0009486
all	287	806	886578	0.0009091
all	288	804	886578	0.0009069
all	289	744	886578	0.0008392
all	290	860	886578	0.0009700
all	291	765	886578	0.0008629
all	292	720	886578	0.0008121
all	293	696	886578	0.0007850
all	294	728	886578	0.0008211
all	295	764	886578	0.0008617
all	296	661	886578	0.0007456
all	297	713	886578	0.0008042
all	298	739	886578	0.0008335
all	299	731	886578	0.0008245
all	300	643	886578	0.0007253
all	301	738	886578	0.0008324
all	302	685	886578	0.0007726
all	303	674	886578	0.0007602
all	304	641	886578	0.0007230
all	305	683	886578	0.0007704
all	306	630	886578	0.0007106
all	307	584	886578	0.0006587
all	308	628	886578	0.0007083
all	309	661	886578	0.0007456
all	310	665	886578	0.0007501
all	311	662	886578	0.0007467
all	312	660	886578	0.0007444
all	313	637	886578	0.0007185
all	314	591	886578	0.0006666
all	315	634	886578	0.0007151
all	316	631	886578	0.0007117
all	317	641	886578	0.0007230
all	318	566	886578	0.0006384
all	319	611	886578	0.0006892
all	320	603	886578	0.0006801
all	321	668	886578	0.0007535
all	322	591	886578	0.0006666
all	323	564	886578	0.0006362
all	324	570	886578	0.0006429
all	325	513	886578	0.0005786
all	326	552	886578	0.0006226
all	327	500	886578	0.0005640
all	328	511	886578	0.0005764
all	329	478	886578	0.0005392
all	330	488	886578	0.0005504
all	331	470	886578	0.0005301
all	332	476	886578	0.0005369
all	333	498	886578	0.0005617
all	334	447	886578	0.0005042
all	335	439	886578	0.0004952
all	336	460	886578	0.0005188
all	337	459	886578	0.0005177
all	338	417	886578	0.0004703
all	339	421	886578	0.0004749
all	340	467	886578	0.0005267
all	341	441	886578	0.0004974
all	342	476	886578	0.0005369
all	343	472	886578	0.0005324
all	344	478	886578	0.0005392
all	345	427	886578	0.0004816
all	346	421	886578	0.0004749
all	347	416	886578	0.0004692
all	348	450	886578	0.0005076
all	349	444	886578	0.0005008
all	350	421	886578	0.0004749
all	351	366	886578	0.0004128
all	352	390	886578	0.0004399
all	353	338	886578	0.0003812
all	354	384	886578	0.0004331
all	355	382	886578	0.0004309
all	356	371	886578	0.0004185
all	357	376	886578	0.0004241
all	358	370	886578	0.0004173
all	359	382	886578	0.0004309
all	360	360	886578	0.0004061
all	361	375	886578	0.0004230
all	362	383	886578	0.0004320
all	363	336	886578	0.0003790
all	364	385	886578	0.0004343
all	365	368	886578	0.0004151
all	366	371	886578	0.0004185
all	367	403	886578	0.0004546
all	368	341	886578	0.0003846
all	369	394	886578	0.0004444
all	370	339	886578	0.0003824
all	371	339	886578	0.0003824
all	372	347	886578	0.0003914
all	373	321	886578	0.0003621
all	374	349	886578	0.0003936
all	375	334	886578	0.0003767
all	376	359	886578	0.0004049
all	377	324	886578	0.0003655
all	378	317	886578	0.0003576
all	379	363	886578	0.0004094
all	380	374	886578	0.0004218
all	381	321	886578	0.0003621
all	382	311	886578	0.0003508
all	383	328	886578	0.0003700
all	384	278	886578	0.0003136
all	385	291	886578	0.0003282
all	386	301	886578	0.0003395
all	387	283	886578	0.0003192
all	388	255	886578	0.0002876
all	389	295	886578	0.0003327
all	390	272	886578	0.0003068
all	391	248	886578	0.0002797
all	392	280	886578	0.0003158
all	393	263	886578	0.0002966
all	394	267	886578	0.0003012
all	395	242	886578	0.0002730
all	396	267	886578	0.0003012
all	397	275	886578	0.0003102
all	398	262	886578	0.0002955
all	399	235	886578	0.0002651
all	400	239	886578	0.0002696
all	401	232	886578	0.0002617
all	402	224	886578	0.0002527
all	403	229	886578	0.0002583
all	404	212	886578	0.0002391
all	405	248	886578	0.0002797
all	406	266	886578	0.0003000
all	407	269	886578	0.0003034
all	408	240	886578	0.0002707
all	409	227	886578	0.0002560
all	410	264	886578	0.0002978
all	411	218	886578	0.0002459
all	412	214	886578	0.0002414
all	413	211	886578	0.0002380
all	414	203	886578	0.0002290
all	415	243	886578	0.0002741
all	416	234	886578	0.0002639
all	417	205	886578	0.0002312
all	418	203	886578	0.0002290
all	419	204	886578	0.0002301
all	420	232	886578	0.0002617
all	421	211	886578	0.0002380
all	422	225	886578	0.0002538
all	423	203	886578	0.0002290
all	424	205	886578	0.0002312
all	425	219	886578	0.0002470
all	426	186	886578	0.0002098
all	427	199	886578	0.0002245
all	428	188	886578	0.0002121
all	429	180	886578	0.0002030
all	430	188	886578	0.0002121
all	431	235	886578	0.0002651
all	432	207	886578	0.0002335
all	433	166	886578	0.0001872
all	434	209	886578	0.0002357
all	435	198	886578	0.0002233
all	436	172	886578	0.0001940
all	437	177	886578	0.0001996
all	438	187	886578	0.0002109
all	439	180	886578	0.0002030
all	440	191	886578	0.0002154
all	441	190	886578	0.0002143
all	442	172	886578	0.0001940
all	443	160	886578	0.0001805
all	444	134	886578	0.0001511
all	445	161	886578	0.0001816
all	446	218	886578	0.0002459
all	447	156	886578	0.0001760
all	448	167	886578	0.0001884
all	449	162	886578	0.0001827
all	450	137	886578	0.0001545
all	451	162	886578	0.0001827
all	452	167	886578	0.0001884
all	453	162	886578	0.0001827
all	454	147	886578	0.0001658
all	455	180	886578	0.0002030
all	456	143	886578	0.0001613
all	457	173	886578	0.0001951
all	458	149	886578	0.0001681
all	459	145	886578	0.0001636
all	460	150	886578	0.0001692
all	461	164	886578	0.0001850
all	462	136	886578	0.0001534
all	463	158	886578	0.0001782
all	464	163	886578	0.0001839
all	465	147	886578	0.0001658
all	466	171	886578	0.0001929
all	467	133	886578	0.0001500
all	468	154	886578	0.0001737
all	469	169	886578	0.0001906
all	470	126	886578	0.0001421
all	471	154	886578	0.0001737
all	472	145	886578	0.0001636
all	473	134	886578	0.0001511
all	474	139	886578	0.0001568
all	475	152	886578	0.0001714
all	476	149	886578	0.0001681
all	477	139	886578	0.0001568
all	478	150	886578	0.0001692
all	479	141	886578	0.0001590
all	480	143	886578	0.0001613
all	481	158	886578	0.0001782
all	482	164	886578	0.0001850
all	483	151	886578	0.0001703
all	484	137	886578	0.0001545
all	485	180	886578	0.0002030
all	486	141	886578	0.0001590
all	487	132	886578	0.0001489
all	488	137	886578	0.0001545
all	489	136	886578	0.0001534
all	490	126	886578	0.0001421
all	491	139	886578	0.0001568
all	492	121	886578	0.0001365
all	493	109	886578	0.0001229
all	494	117	886578	0.0001320
all	495	141	886578	0.0001590
all	496	135	886578	0.0001523
all	497	115	886578	0.0001297
all	498	127	886578	0.0001432
all	499	119	886578	0.0001342
all	500	137	886578	0.0001545
all	501	140	886578	0.0001579
all	502	119	886578	0.0001342
all	503	116	886578	0.0001308
all	504	141	886578	0.0001590
all	505	114	886578	0.0001286
all	506	144	886578	0.0001624
all	507	135	886578	0.0001523
all	508	135	886578	0.0001523
all	509	132	886578	0.0001489
all	510	115	886578	0.0001297
all	511	116	886578	0.0001308
all	512	100	886578	0.0001128
all	513	99	886578	0.0001117
all	514	113	886578	0.0001275
all	515	99	886578	0.0001117
all	516	126	886578	0.0001421
all	517	100	886578	0.0001128
all	518	111	886578	0.0001252
all	519	96	886578	0.0001083
all	520	96	886578	0.0001083
all	521	86	886578	0.0000970
all	522	99	886578	0.0001117
all	523	100	886578	0.0001128
all	524	116	886578	0.0001308
all	525	116	886578	0.0001308
all	526	107	886578	0.0001207
all	527	90	886578	0.0001015
all	528	105	886578	0.0001184
all	529	84	886578	0.0000947
all	530	104	886578	0.0001173
all	531	100	886578	0.0001128
all	532	106	886578	0.0001196
all	533	90	886578	0.0001015
all	534	104	886578	0.0001173
all	535	96	886578	0.0001083
all	536	97	886578	0.0001094
all	537	88	886578	0.0000993
all	538	93	886578	0.0001049
all	539	94	886578	0.0001060
all	540	80	886578	0.0000902
all	541	90	886578	0.0001015
all	542	82	886578	0.0000925
all	543	94	886578	0.0001060
all	544	99	886578	0.0001117
all	545	96	886578	0.0001083
all	546	83	886578	0.0000936
all	547	74	886578	0.0000835
all	548	83	886578	0.0000936
all	549	100	886578	0.0001128
all	550	94	886578	0.0001060
all	551	96	886578	0.0001083
all	552	79	886578	0.0000891
all	553	81	886578	0.0000914
all	554	76	886578	0.0000857
all	555	92	886578	0.0001038
all	556	85	886578	0.0000959
all	557	102	886578	0.0001150
all	558	76	886578	0.0000857
all	559	93	886578	0.0001049
all	560	56	886578	0.0000632
all	561	80	886578	0.0000902
all	562	68	886578	0.0000767
all	563	67	886578	0.0000756
all	564	91	886578	0.0001026
all	565	66	886578	0.0000744
all	566	105	886578	0.0001184
all	567	94	886578	0.0001060
all	568	68	886578	0.0000767
all	569	64	886578	0.0000722
all	570	58	886578	0.0000654
all	571	76	886578	0.0000857
all	572	79	886578	0.0000891
all	573	79	886578	0.0000891
all	574	81	886578	0.0000914
all	575	53	886578	0.0000598
all	576	60	886578	0.0000677
all	577	68	886578	0.0000767
all	578	84	886578	0.0000947
all	579	89	886578	0.0001004
all	580	84	886578	0.0000947
all	581	70	886578	0.0000790
all	582	60	886578	0.0000677
all	583	62	886578	0.0000699
all	584	62	886578	0.0000699
all	585	56	886578	0.0000632
all	586	69	886578	0.0000778
all	587	80	886578	0.0000902
all	588	84	886578	0.0000947
all	589	56	886578	0.0000632
all	590	56	886578	0.0000632
all	591	82	886578	0.0000925
all	592	72	886578	0.0000812
all	593	64	886578	0.0000722
all	594	61	886578	0.0000688
all	595	57	886578	0.0000643
all	596	62	886578	0.0000699
all	597	73	886578	0.0000823
all	598	50	886578	0.0000564
all	599	70	886578	0.0000790
all	600	46	886578	0.0000519
all	601	61	886578	0.0000688
all	602	88	886578	0.0000993
all	603	76	886578	0.0000857
all	604	77	886578	0.0000869
all	605	65	886578	0.0000733
all	606	69	886578	0.0000778
all	607	66	886578	0.0000744
all	608	70	886578	0.0000790
all	609	74	886578	0.0000835
all	610	54	886578	0.0000609
all	611	67	886578	0.0000756
all	612	68	886578	0.0000767
all	613	54	886578	0.0000609
all	614	75	886578	0.0000846
all	615	56	886578	0.0000632
all	616	74	886578	0.0000835
all	617	77	886578	0.0000869
all	618	76	886578	0.0000857
all	619	66	886578	0.0000744
all	620	65	886578	0.0000733
all	621	59	886578	0.0000665
all	622	60	886578	0.0000677
all	623	53	886578	0.0000598
all	624	63	886578	0.0000711
all	625	61	886578	0.0000688
all	626	60	886578	0.0000677
all	627	63	886578	0.0000711
all	628	59	886578	0.0000665
all	629	49	886578	0.0000553
all	630	40	886578	0.0000451
all	631	46	886578	0.0000519
all	632	56	886578	0.0000632
all	633	47	886578	0.0000530
all	634	45	886578	0.0000508
all	635	45	886578	0.0000508
all	636	48	886578	0.0000541
all	637	44	886578	0.0000496
all	638	51	886578	0.0000575
all	639	59	886578	0.0000665
all	640	42	886578	0.0000474
all	641	46	886578	0.0000519
all	642	56	886578	0.0000632
all	643	34	886578	0.0000383
all	644	27	886578	0.0000305
all	645	34	886578	0.0000383
all	646	39	886578	0.0000440
all	647	48	886578	0.0000541
all	648	44	886578	0.0000496
all	649	37	886578	0.0000417
all	650	47	886578	0.0000530
all	651	33	886578	0.0000372
all	652	39	886578	0.0000440
all	653	28	886578	0.0000316
all	654	42	886578	0.0000474
all	655	51	886578	0.0000575
all	656	39	886578	0.0000440
all	657	39	886578	0.0000440
all	658	45	886578	0.0000508
all	659	44	886578	0.0000496
all	660	42	886578	0.0000474
all	661	44	886578	0.0000496
all	662	37	886578	0.0000417
all	663	32	886578	0.0000361
all	664	42	886578	0.0000474
all	665	52	886578	0.0000587
all	666	47	886578	0.0000530
all	667	59	886578	0.0000665
all	668	27	886578	0.0000305
all	669	51	886578	0.0000575
all	670	46	886578	0.0000519
all	671	40	886578	0.0000451
all	672	52	886578	0.0000587
all	673	45	886578	0.0000508
all	674	47	886578	0.0000530
all	675	48	886578	0.0000541
all	676	37	886578	0.0000417
all	677	45	886578	0.0000508
all	678	47	886578	0.0000530
all	679	52	886578	0.0000587
all	680	51	886578	0.0000575
all	681	50	886578	0.0000564
all	682	39	886578	0.0000440
all	683	27	886578	0.0000305
all	684	46	886578	0.0000519
all	685	41	886578	0.0000462
all	686	52	886578	0.0000587
all	687	35	886578	0.0000395
all	688	46	886578	0.0000519
all	689	34	886578	0.0000383
all	690	30	886578	0.0000338
all	691	34	886578	0.0000383
all	692	37	886578	0.0000417
all	693	37	886578	0.0000417
all	694	37	886578	0.0000417
all	695	35	886578	0.0000395
all	696	30	886578	0.0000338
all	697	36	886578	0.0000406
all	698	44	886578	0.0000496
all	699	32	886578	0.0000361
all	700	44	886578	0.0000496
all	701	40	886578	0.0000451
all	702	24	886578	0.0000271
all	703	30	886578	0.0000338
all	704	29	886578	0.0000327
all	705	30	886578	0.0000338
all	706	36	886578	0.0000406
all	707	31	886578	0.0000350
all	708	34	886578	0.0000383
all	709	42	886578	0.0000474
all	710	44	886578	0.0000496
all	711	38	886578	0.0000429
all	712	26	886578	0.0000293
all	713	27	886578	0.0000305
all	714	22	886578	0.0000248
all	715	26	886578	0.0000293
all	716	25	886578	0.0000282
all	717	29	886578	0.0000327
all	718	23	886578	0.0000259
all	719	30	886578	0.0000338
all	720	21	886578	0.0000237
all	721	21	886578	0.0000237
all	722	25	886578	0.0000282
all	723	23	886578	0.0000259
all	724	35	886578	0.0000395
all	725	33	886578	0.0000372
all	726	26	886578	0.0000293
all	727	24	886578	0.0000271
all	728	33	886578	0.0000372
all	729	20	886578	0.0000226
all	730	36	886578	0.0000406
all	731	28	886578	0.0000316
all	732	22	886578	0.0000248
all	733	26	886578	0.0000293
all	734	25	886578	0.0000282
all	735	25	886578	0.0000282
all	736	26	886578	0.0000293
all	737	19	886578	0.0000214
all	738	21	886578	0.0000237
all	739	39	886578	0.0000440
all	740	33	886578	0.0000372
all	741	23	886578	0.0000259
all	742	18	886578	0.0000203
all	743	40	886578	0.0000451
all	744	21	886578	0.0000237
all	745	22	886578	0.0000248
all	746	31	886578	0.0000350
all	747	41	886578	0.0000462
all	748	23	886578	0.0000259
all	749	22	886578	0.0000248
all	750	35	886578	0.0000395
all	751	37	886578	0.0000417
all	752	27	886578	0.0000305
all	753	32	886578	0.0000361
all	754	32	886578	0.0000361
all	755	23	886578	0.0000259
all	756	32	886578	0.0000361
all	757	27	886578	0.0000305
all	758	32	886578	0.0000361
all	759	23	886578	0.0000259
all	760	27	886578	0.0000305
all	761	21	886578	0.0000237
all	762	26	886578	0.0000293
all	763	21	886578	0.0000237
all	764	34	886578	0.0000383
all	765	25	886578	0.0000282
all	766	24	886578	0.0000271
all	767	20	886578	0.0000226
all	768	33	886578	0.0000372
all	769	27	886578	0.0000305
all	770	31	886578	0.0000350
all	771	30	886578	0.0000338
all	772	34	886578	0.0000383
all	773	21	886578	0.0000237
all	774	31	886578	0.0000350
all	775	21	886578	0.0000237
all	776	25	886578	0.0000282
all	777	26	886578	0.0000293
all	778	28	886578	0.0000316
all	779	27	886578	0.0000305
all	780	21	886578	0.0000237
all	781	17	886578	0.0000192
all	782	24	886578	0.0000271
all	783	32	886578	0.0000361
all	784	19	886578	0.0000214
all	785	33	886578	0.0000372
all	786	23	886578	0.0000259
all	787	15	886578	0.0000169
all	788	24	886578	0.0000271
all	789	31	886578	0.0000350
all	790	19	886578	0.0000214
all	791	24	886578	0.0000271
all	792	24	886578	0.0000271
all	793	35	886578	0.0000395
all	794	30	886578	0.0000338
all	795	25	886578	0.0000282
all	796	29	886578	0.0000327
all	797	34	886578	0.0000383
all	798	32	886578	0.0000361
all	799	23	886578	0.0000259
all	800	27	886578	0.0000305
all	801	25	886578	0.0000282
all	802	34	886578	0.0000383
all	803	22	886578	0.0000248
all	804	27	886578	0.0000305
all	805	22	886578	0.0000248
all	806	14	886578	0.0000158
all	807	17	886578	0.0000192
all	808	21	886578	0.0000237
all	809	15	886578	0.0000169
all	810	18	886578	0.0000203
all	811	23	886578	0.0000259
all	812	28	886578	0.0000316
all	813	24	886578	0.0000271
all	814	19	886578	0.0000214
all	815	24	886578	0.0000271
all	816	19	886578	0.0000214
all	817	22	886578	0.0000248
all	818	40	886578	0.0000451
all	819	27	886578	0.0000305
all	820	19	886578	0.0000214
all	821	22	886578	0.0000248
all	822	12	886578	0.0000135
all	823	33	886578	0.0000372
all	824	19	886578	0.0000214
all	825	23	886578	0.0000259
all	826	31	886578	0.0000350
all	827	25	886578	0.0000282
all	828	18	886578	0.0000203
all	829	21	886578	0.0000237
all	830	14	886578	0.0000158
all	831	25	886578	0.0000282
all	832	20	886578	0.0000226
all	833	20	886578	0.0000226
all	834	22	886578	0.0000248
all	835	20	886578	0.0000226
all	836	22	886578	0.0000248
all	837	12	886578	0.0000135
all	838	27	886578	0.0000305
all	839	25	886578	0.0000282
all	840	19	886578	0.0000214
all	841	20	886578	0.0000226
all	842	22	886578	0.0000248
all	843	20	886578	0.0000226
all	844	15	886578	0.0000169
all	845	12	886578	0.0000135
all	846	16	886578	0.0000180
all	847	15	886578	0.0000169
all	848	22	886578	0.0000248
all	849	13	886578	0.0000147
all	850	16	886578	0.0000180
all	851	18	886578	0.0000203
all	852	18	886578	0.0000203
all	853	20	886578	0.0000226
all	854	18	886578	0.0000203
all	855	19	886578	0.0000214
all	856	19	886578	0.0000214
all	857	22	886578	0.0000248
all	858	30	886578	0.0000338
all	859	16	886578	0.0000180
all	860	15	886578	0.0000169
all	861	14	886578	0.0000158
all	862	21	886578	0.0000237
all	863	22	886578	0.0000248
all	864	24	886578	0.0000271
all	865	16	886578	0.0000180
all	866	12	886578	0.0000135
all	867	19	886578	0.0000214
all	868	7	886578	0.0000079
all	869	14	886578	0.0000158
all	870	18	886578	0.0000203
all	871	18	886578	0.0000203
all	872	21	886578	0.0000237
all	873	18	886578	0.0000203
all	874	17	886578	0.0000192
all	875	16	886578	0.0000180
all	876	18	886578	0.0000203
all	877	18	886578	0.0000203
all	878	23	886578	0.0000259
all	879	9	886578	0.0000102
all	880	22	886578	0.0000248
all	881	21	886578	0.0000237
all	882	17	886578	0.0000192
all	883	12	886578	0.0000135
all	884	11	886578	0.0000124
all	885	19	886578	0.0000214
all	886	12	886578	0.0000135
all	887	13	886578	0.0000147
all	888	20	886578	0.0000226
all	889	18	886578	0.0000203
all	890	18	886578	0.0000203
all	891	24	886578	0.0000271
all	892	15	886578	0.0000169
all	893	24	886578	0.0000271
all	894	14	886578	0.0000158
all	895	26	886578	0.0000293
all	896	18	886578	0.0000203
all	897	19	886578	0.0000214
all	898	25	886578	0.0000282
all	899	20	886578	0.0000226
all	900	15	886578	0.0000169
all	901	14	886578	0.0000158
all	902	19	886578	0.0000214
all	903	14	886578	0.0000158
all	904	9	886578	0.0000102
all	905	16	886578	0.0000180
all	906	13	886578	0.0000147
all	907	12	886578	0.0000135
all	908	17	886578	0.0000192
all	909	21	886578	0.0000237
all	910	12	886578	0.0000135
all	911	21	886578	0.0000237
all	912	21	886578	0.0000237
all	913	17	886578	0.0000192
all	914	16	886578	0.0000180
all	915	16	886578	0.0000180
all	916	22	886578	0.0000248
all	917	12	886578	0.0000135
all	918	22	886578	0.0000248
all	919	12	886578	0.0000135
all	920	16	886578	0.0000180
all	921	12	886578	0.0000135
all	922	17	886578	0.0000192
all	923	13	886578	0.0000147
all	924	14	886578	0.0000158
all	925	17	886578	0.0000192
all	926	10	886578	0.0000113
all	927	22	886578	0.0000248
all	928	10	886578	0.0000113
all	929	24	886578	0.0000271
all	930	13	886578	0.0000147
all	931	13	886578	0.0000147
all	932	20	886578	0.0000226
all	933	14	886578	0.0000158
all	934	13	886578	0.0000147
all	935	19	886578	0.0000214
all	936	20	886578	0.0000226
all	937	13	886578	0.0000147
all	938	21	886578	0.0000237
all	939	16	886578	0.0000180
all	940	10	886578	0.0000113
all	941	11	886578	0.0000124
all	942	19	886578	0.0000214
all	943	16	886578	0.0000180
all	944	12	886578	0.0000135
all	945	12	886578	0.0000135
all	946	12	886578	0.0000135
all	947	21	886578	0.0000237
all	948	23	886578	0.0000259
all	949	19	886578	0.0000214
all	950	17	886578	0.0000192
all	951	20	886578	0.0000226
all	952	19	886578	0.0000214
all	953	11	886578	0.0000124
all	954	20	886578	0.0000226
all	955	19	886578	0.0000214
all	956	16	886578	0.0000180
all	957	28	886578	0.0000316
all	958	13	886578	0.0000147
all	959	18	886578	0.0000203
all	960	16	886578	0.0000180
all	961	11	886578	0.0000124
all	962	25	886578	0.0000282
all	963	16	886578	0.0000180
all	964	21	886578	0.0000237
all	965	18	886578	0.0000203
all	966	16	886578	0.0000180
all	967	15	886578	0.0000169
all	968	19	886578	0.0000214
all	969	29	886578	0.0000327
all	970	18	886578	0.0000203
all	971	27	886578	0.0000305
all	972	17	886578	0.0000192
all	973	20	886578	0.0000226
all	974	14	886578	0.0000158
all	975	16	886578	0.0000180
all	976	24	886578	0.0000271
all	977	5	886578	0.0000056
all	978	17	886578	0.0000192
all	979	13	886578	0.0000147
all	980	20	886578	0.0000226
all	981	18	886578	0.0000203
all	982	14	886578	0.0000158
all	983	11	886578	0.0000124
all	984	18	886578	0.0000203
all	985	24	886578	0.0000271
all	986	20	886578	0.0000226
all	987	15	886578	0.0000169
all	988	9	886578	0.0000102
all	989	16	886578	0.0000180
all	990	10	886578	0.0000113
all	991	13	886578	0.0000147
all	992	9	886578	0.0000102
all	993	15	886578	0.0000169
all	994	14	886578	0.0000158
all	995	15	886578	0.0000169
all	996	18	886578	0.0000203
all	997	18	886578	0.0000203
all	998	13	886578	0.0000147
all	999	17	886578	0.0000192
all	1000	10	886578	0.0000113
all	1001	10	886578	0.0000113
all	1002	18	886578	0.0000203
all	1003	14	886578	0.0000158
all	1004	25	886578	0.0000282
all	1005	14	886578	0.0000158
all	1006	11	886578	0.0000124
all	1007	24	886578	0.0000271
all	1008	20	886578	0.0000226
all	1009	10	886578	0.0000113
all	1010	19	886578	0.0000214
all	1011	20	886578	0.0000226
all	1012	14	886578	0.0000158
all	1013	11	886578	0.0000124
all	1014	20	886578	0.0000226
all	1015	18	886578	0.0000203
all	1016	13	886578	0.0000147
all	1017	12	886578	0.0000135
all	1018	21	886578	0.0000237
all	1019	16	886578	0.0000180
all	1020	13	886578	0.0000147
all	1021	14	886578	0.0000158
all	1022	13	886578	0.0000147
all	1023	22	886578	0.0000248
all	1024	14	886578	0.0000158
all	1025	22	886578	0.0000248
all	1026	19	886578	0.0000214
all	1027	17	886578	0.0000192
all	1028	22	886578	0.0000248
all	1029	13	886578	0.0000147
all	1030	15	886578	0.0000169
all	1031	15	886578	0.0000169
all	1032	16	886578	0.0000180
all	1033	11	886578	0.0000124
all	1034	9	886578	0.0000102
all	1035	22	886578	0.0000248
all	1036	16	886578	0.0000180
all	1037	10	886578	0.0000113
all	1038	18	886578	0.0000203
all	1039	14	886578	0.0000158
all	1040	14	886578	0.0000158
all	1041	10	886578	0.0000113
all	1042	10	886578	0.0000113
all	1043	15	886578	0.0000169
all	1044	10	886578	0.0000113
all	1045	19	886578	0.0000214
all	1046	10	886578	0.0000113
all	1047	8	886578	0.0000090
all	1048	13	886578	0.0000147
all	1049	12	886578	0.0000135
all	1050	6	886578	0.0000068
all	1051	16	886578	0.0000180
all	1052	15	886578	0.0000169
all	1053	13	886578	0.0000147
all	1054	13	886578	0.0000147
all	1055	15	886578	0.0000169
all	1056	14	886578	0.0000158
all	1057	12	886578	0.0000135
all	1058	11	886578	0.0000124
all	1059	8	886578	0.0000090
all	1060	13	886578	0.0000147
all	1061	11	886578	0.0000124
all	1062	8	886578	0.0000090
all	1063	10	886578	0.0000113
all	1064	16	886578	0.0000180
all	1065	16	886578	0.0000180
all	1066	8	886578	0.0000090
all	1067	11	886578	0.0000124
all	1068	17	886578	0.0000192
all	1069	10	886578	0.0000113
all	1070	16	886578	0.0000180
all	1071	10	886578	0.0000113
all	1072	14	886578	0.0000158
all	1073	17	886578	0.0000192
all	1074	19	886578	0.0000214
all	1075	9	886578	0.0000102
all	1076	9	886578	0.0000102
all	1077	11	886578	0.0000124
all	1078	11	886578	0.0000124
all	1079	8	886578	0.0000090
all	1080	16	886578	0.0000180
all	1081	13	886578	0.0000147
all	1082	9	886578	0.0000102
all	1083	8	886578	0.0000090
all	1084	10	886578	0.0000113
all	1085	9	886578	0.0000102
all	1086	16	886578	0.0000180
all	1087	17	886578	0.0000192
all	1088	14	886578	0.0000158
all	1089	14	886578	0.0000158
all	1090	9	886578	0.0000102
all	1091	10	886578	0.0000113
all	1092	7	886578	0.0000079
all	1093	9	886578	0.0000102
all	1094	10	886578	0.0000113
all	1095	11	886578	0.0000124
all	1096	13	886578	0.0000147
all	1097	13	886578	0.0000147
all	1098	16	886578	0.0000180
all	1099	11	886578	0.0000124
all	1100	14	886578	0.0000158
all	1101	12	886578	0.0000135
all	1102	13	886578	0.0000147
all	1103	16	886578	0.0000180
all	1104	12	886578	0.0000135
all	1105	15	886578	0.0000169
all	1106	21	886578	0.0000237
all	1107	14	886578	0.0000158
all	1108	7	886578	0.0000079
all	1109	8	886578	0.0000090
all	1110	14	886578	0.0000158
all	1111	8	886578	0.0000090
all	1112	18	886578	0.0000203
all	1113	11	886578	0.0000124
all	1114	12	886578	0.0000135
all	1115	8	886578	0.0000090
all	1116	14	886578	0.0000158
all	1117	11	886578	0.0000124
all	1118	13	886578	0.0000147
all	1119	14	886578	0.0000158
all	1120	11	886578	0.0000124
all	1121	8	886578	0.0000090
all	1122	10	886578	0.0000113
all	1123	15	886578	0.0000169
all	1124	12	886578	0.0000135
all	1125	18	886578	0.0000203
all	1126	14	886578	0.0000158
all	1127	12	886578	0.0000135
all	1128	20	886578	0.0000226
all	1129	16	886578	0.0000180
all	1130	15	886578	0.0000169
all	1131	6	886578	0.0000068
all	1132	10	886578	0.0000113
all	1133	9	886578	0.0000102
all	1134	6	886578	0.0000068
all	1135	8	886578	0.0000090
all	1136	12	886578	0.0000135
all	1137	11	886578	0.0000124
all	1138	10	886578	0.0000113
all	1139	11	886578	0.0000124
all	1140	9	886578	0.0000102
all	1141	5	886578	0.0000056
all	1142	10	886578	0.0000113
all	1143	10	886578	0.0000113
all	1144	5	886578	0.0000056
all	1145	13	886578	0.0000147
all	1146	7	886578	0.0000079
all	1147	10	886578	0.0000113
all	1148	9	886578	0.0000102
all	1149	14	886578	0.0000158
all	1150	11	886578	0.0000124
all	1151	9	886578	0.0000102
all	1152	13	886578	0.0000147
all	1153	17	886578	0.0000192
all	1154	7	886578	0.0000079
all	1155	11	886578	0.0000124
all	1156	8	886578	0.0000090
all	1157	6	886578	0.0000068
all	1158	8	886578	0.0000090
all	1159	8	886578	0.0000090
all	1160	13	886578	0.0000147
all	1161	9	886578	0.0000102
all	1162	12	886578	0.0000135
all	1163	8	886578	0.0000090
all	1164	12	886578	0.0000135
all	1165	14	886578	0.0000158
all	1166	5	886578	0.0000056
all	1167	12	886578	0.0000135
all	1168	8	886578	0.0000090
all	1169	9	886578	0.0000102
all	1170	8	886578	0.0000090
all	1171	10	886578	0.0000113
all	1172	5	886578	0.0000056
all	1173	8	886578	0.0000090
all	1174	3	886578	0.0000034
all	1175	8	886578	0.0000090
all	1176	13	886578	0.0000147
all	1177	10	886578	0.0000113
all	1178	4	886578	0.0000045
all	1179	18	886578	0.0000203
all	1180	9	886578	0.0000102
all	1181	12	886578	0.0000135
all	1182	9	886578	0.0000102
all	1183	7	886578	0.0000079
all	1184	9	886578	0.0000102
all	1185	7	886578	0.0000079
all	1186	14	886578	0.0000158
all	1187	6	886578	0.0000068
all	1188	13	886578	0.0000147
all	1189	16	886578	0.0000180
all	1190	8	886578	0.0000090
all	1191	11	886578	0.0000124
all	1192	11	886578	0.0000124
all	1193	12	886578	0.0000135
all	1194	10	886578	0.0000113
all	1195	9	886578	0.0000102
all	1196	13	886578	0.0000147
all	1197	15	886578	0.0000169
all	1198	9	886578	0.0000102
all	1199	5	886578	0.0000056
all	1200	12	886578	0.0000135
all	1201	8	886578	0.0000090
all	1202	14	886578	0.0000158
all	1203	5	886578	0.0000056
all	1204	7	886578	0.0000079
all	1205	13	886578	0.0000147
all	1206	9	886578	0.0000102
all	1207	14	886578	0.0000158
all	1208	11	886578	0.0000124
all	1209	14	886578	0.0000158
all	1210	11	886578	0.0000124
all	1211	11	886578	0.0000124
all	1212	12	886578	0.0000135
all	1213	17	886578	0.0000192
all	1214	12	886578	0.0000135
all	1215	6	886578	0.0000068
all	1216	12	886578	0.0000135
all	1217	8	886578	0.0000090
all	1218	8	886578	0.0000090
all	1219	9	886578	0.0000102
all	1220	14	886578	0.0000158
all	1221	11	886578	0.0000124
all	1222	12	886578	0.0000135
all	1223	6	886578	0.0000068
all	1224	8	886578	0.0000090
all	1225	11	886578	0.0000124
all	1226	12	886578	0.0000135
all	1227	9	886578	0.0000102
all	1228	14	886578	0.0000158
all	1229	12	886578	0.0000135
all	1230	8	886578	0.0000090
all	1231	15	886578	0.0000169
all	1232	10	886578	0.0000113
all	1233	10	886578	0.0000113
all	1234	14	886578	0.0000158
all	1235	4	886578	0.0000045
all	1236	6	886578	0.0000068
all	1237	8	886578	0.0000090
all	1238	17	886578	0.0000192
all	1239	10	886578	0.0000113
all	1240	9	886578	0.0000102
all	1241	10	886578	0.0000113
all	1242	11	886578	0.0000124
all	1243	13	886578	0.0000147
all	1244	12	886578	0.0000135
all	1245	9	886578	0.0000102
all	1246	6	886578	0.0000068
all	1247	6	886578	0.0000068
all	1248	17	886578	0.0000192
all	1249	14	886578	0.0000158
all	1250	9	886578	0.0000102
all	1251	6	886578	0.0000068
all	1252	15	886578	0.0000169
all	1253	14	886578	0.0000158
all	1254	11	886578	0.0000124
all	1255	10	886578	0.0000113
all	1256	4	886578	0.0000045
all	1257	12	886578	0.0000135
all	1258	7	886578	0.0000079
all	1259	8	886578	0.0000090
all	1260	9	886578	0.0000102
all	1261	20	886578	0.0000226
all	1262	12	886578	0.0000135
all	1263	15	886578	0.0000169
all	1264	8	886578	0.0000090
all	1265	16	886578	0.0000180
all	1266	14	886578	0.0000158
all	1267	8	886578	0.0000090
all	1268	14	886578	0.0000158
all	1269	8	886578	0.0000090
all	1270	15	886578	0.0000169
all	1271	10	886578	0.0000113
all	1272	4	886578	0.0000045
all	1273	7	886578	0.0000079
all	1274	9	886578	0.0000102
all	1275	12	886578	0.0000135
all	1276	9	886578	0.0000102
all	1277	4	886578	0.0000045
all	1278	4	886578	0.0000045
all	1279	15	886578	0.0000169
all	1280	12	886578	0.0000135
all	1281	11	886578	0.0000124
all	1282	8	886578	0.0000090
all	1283	9	886578	0.0000102
all	1284	9	886578	0.0000102
all	1285	11	886578	0.0000124
all	1286	8	886578	0.0000090
all	1287	11	886578	0.0000124
all	1288	14	886578	0.0000158
all	1289	11	886578	0.0000124
all	1290	17	886578	0.0000192
all	1291	6	886578	0.0000068
all	1292	12	886578	0.0000135
all	1293	14	886578	0.0000158
all	1294	5	886578	0.0000056
all	1295	9	886578	0.0000102
all	1297	10	886578	0.0000113
all	1298	6	886578	0.0000068
all	1299	9	886578	0.0000102
all	1300	5	886578	0.0000056
all	1301	7	886578	0.0000079
all	1302	10	886578	0.0000113
all	1303	7	886578	0.0000079
all	1304	8	886578	0.0000090
all	1305	7	886578	0.0000079
all	1306	12	886578	0.0000135
all	1307	7	886578	0.0000079
all	1308	6	886578	0.0000068
all	1309	5	886578	0.0000056
all	1310	8	886578	0.0000090
all	1311	13	886578	0.0000147
all	1312	12	886578	0.0000135
all	1313	11	886578	0.0000124
all	1314	9	886578	0.0000102
all	1315	9	886578	0.0000102
all	1316	7	886578	0.0000079
all	1317	7	886578	0.0000079
all	1318	10	886578	0.0000113
all	1319	11	886578	0.0000124
all	1320	9	886578	0.0000102
all	1321	10	886578	0.0000113
all	1322	6	886578	0.0000068
all	1323	3	886578	0.0000034
all	1324	9	886578	0.0000102
all	1325	5	886578	0.0000056
all	1326	7	886578	0.0000079
all	1327	8	886578	0.0000090
all	1328	13	886578	0.0000147
all	1329	9	886578	0.0000102
all	1330	11	886578	0.0000124
all	1331	11	886578	0.0000124
all	1332	4	886578	0.0000045
all	1333	15	886578	0.0000169
all	1334	12	886578	0.0000135
all	1335	8	886578	0.0000090
all	1336	11	886578	0.0000124
all	1337	11	886578	0.0000124
all	1338	8	886578	0.0000090
all	1339	9	886578	0.0000102
all	1340	5	886578	0.0000056
all	1341	14	886578	0.0000158
all	1342	11	886578	0.0000124
all	1343	5	886578	0.0000056
all	1344	7	886578	0.0000079
all	1345	8	886578	0.0000090
all	1346	7	886578	0.0000079
all	1347	13	886578	0.0000147
all	1348	10	886578	0.0000113
all	1349	15	886578	0.0000169
all	1350	13	886578	0.0000147
all	1351	9	886578	0.0000102
all	1352	18	886578	0.0000203
all	1353	15	886578	0.0000169
all	1354	4	886578	0.0000045
all	1355	15	886578	0.0000169
all	1356	11	886578	0.0000124
all	1357	15	886578	0.0000169
all	1358	13	886578	0.0000147
all	1359	15	886578	0.0000169
all	1360	10	886578	0.0000113
all	1361	10	886578	0.0000113
all	1362	12	886578	0.0000135
all	1363	8	886578	0.0000090
all	1364	9	886578	0.0000102
all	1365	5	886578	0.0000056
all	1366	5	886578	0.0000056
all	1367	8	886578	0.0000090
all	1368	11	886578	0.0000124
all	1369	7	886578	0.0000079
all	1370	10	886578	0.0000113
all	1371	10	886578	0.0000113
all	1372	8	886578	0.0000090
all	1373	10	886578	0.0000113
all	1374	15	886578	0.0000169
all	1375	8	886578	0.0000090
all	1376	9	886578	0.0000102
all	1377	13	886578	0.0000147
all	1378	9	886578	0.0000102
all	1379	8	886578	0.0000090
all	1380	7	886578	0.0000079
all	1381	9	886578	0.0000102
all	1382	9	886578	0.0000102
all	1383	9	886578	0.0000102
all	1384	7	886578	0.0000079
all	1385	8	886578	0.0000090
all	1386	6	886578	0.0000068
all	1387	7	886578	0.0000079
all	1388	8	886578	0.0000090
all	1389	1	886578	0.0000011
all	1390	7	886578	0.0000079
all	1391	6	886578	0.0000068
all	1392	9	886578	0.0000102
all	1393	4	886578	0.0000045
all	1394	8	886578	0.0000090
all	1395	5	886578	0.0000056
all	1396	12	886578	0.0000135
all	1397	9	886578	0.0000102
all	1398	6	886578	0.0000068
all	1399	8	886578	0.0000090
all	1400	12	886578	0.0000135
all	1401	12	886578	0.0000135
all	1402	9	886578	0.0000102
all	1403	7	886578	0.0000079
all	1404	10	886578	0.0000113
all	1405	13	886578	0.0000147
all	1406	5	886578	0.0000056
all	1407	5	886578	0.0000056
all	1408	9	886578	0.0000102
all	1409	9	886578	0.0000102
all	1410	7	886578	0.0000079
all	1411	8	886578	0.0000090
all	1412	10	886578	0.0000113
all	1413	7	886578	0.0000079
all	1414	12	886578	0.0000135
all	1415	9	886578	0.0000102
all	1416	10	886578	0.0000113
all	1417	10	886578	0.0000113
all	1418	11	886578	0.0000124
all	1419	11	886578	0.0000124
all	1420	7	886578	0.0000079
all	1421	11	886578	0.0000124
all	1422	9	886578	0.0000102
all	1423	10	886578	0.0000113
all	1424	11	886578	0.0000124
all	1425	10	886578	0.0000113
all	1426	8	886578	0.0000090
all	1427	13	886578	0.0000147
all	1428	8	886578	0.0000090
all	1429	6	886578	0.0000068
all	1430	9	886578	0.0000102
all	1431	12	886578	0.0000135
all	1432	11	886578	0.0000124
all	1433	11	886578	0.0000124
all	1434	9	886578	0.0000102
all	1435	8	886578	0.0000090
all	1436	7	886578	0.0000079
all	1437	5	886578	0.0000056
all	1438	6	886578	0.0000068
all	1439	6	886578	0.0000068
all	1440	7	886578	0.0000079
all	1441	5	886578	0.0000056
all	1442	6	886578	0.0000068
all	1443	9	886578	0.0000102
all	1444	6	886578	0.0000068
all	1445	3	886578	0.0000034
all	1446	8	886578	0.0000090
all	1447	5	886578	0.0000056
all	1448	9	886578	0.0000102
all	1449	10	886578	0.0000113
all	1450	8	886578	0.0000090
all	1451	3	886578	0.0000034
all	1452	6	886578	0.0000068
all	1453	7	886578	0.0000079
all	1454	9	886578	0.0000102
all	1455	10	886578	0.0000113
all	1456	6	886578	0.0000068
all	1457	9	886578	0.0000102
all	1458	8	886578	0.0000090
all	1459	10	886578	0.0000113
all	1460	5	886578	0.0000056
all	1461	10	886578	0.0000113
all	1462	2	886578	0.0000023
all	1463	10	886578	0.0000113
all	1464	9	886578	0.0000102
all	1465	7	886578	0.0000079
all	1466	3	886578	0.0000034
all	1467	6	886578	0.0000068
all	1468	6	886578	0.0000068
all	1469	3	886578	0.0000034
all	1470	7	886578	0.0000079
all	1471	7	886578	0.0000079
all	1472	5	886578	0.0000056
all	1473	11	886578	0.0000124
all	1474	5	886578	0.0000056
all	1475	5	886578	0.0000056
all	1476	5	886578	0.0000056
all	1477	3	886578	0.0000034
all	1478	6	886578	0.0000068
all	1479	9	886578	0.0000102
all	1480	8	886578	0.0000090
all	1481	8	886578	0.0000090
all	1482	8	886578	0.0000090
all	1483	10	886578	0.0000113
all	1484	10	886578	0.0000113
all	1485	14	886578	0.0000158
all	1486	5	886578	0.0000056
all	1487	10	886578	0.0000113
all	1488	8	886578	0.0000090
all	1489	10	886578	0.0000113
all	1490	1	886578	0.0000011
all	1491	5	886578	0.0000056
all	1492	9	886578	0.0000102
all	1493	8	886578	0.0000090
all	1494	6	886578	0.0000068
all	1495	5	886578	0.0000056
all	1496	6	886578	0.0000068
all	1497	9	886578	0.0000102
all	1498	15	886578	0.0000169
all	1499	9	886578	0.0000102
all	1500	6	886578	0.0000068
all	1501	5	886578	0.0000056
all	1502	6	886578	0.0000068
all	1503	10	886578	0.0000113
all	1504	7	886578	0.0000079
all	1505	8	886578	0.0000090
all	1506	8	886578	0.0000090
all	1507	8	886578	0.0000090
all	1508	6	886578	0.0000068
all	1509	9	886578	0.0000102
all	1510	7	886578	0.0000079
all	1511	9	886578	0.0000102
all	1512	7	886578	0.0000079
all	1513	5	886578	0.0000056
all	1514	3	886578	0.0000034
all	1515	8	886578	0.0000090
all	1516	4	886578	0.0000045
all	1517	6	886578	0.0000068
all	1518	6	886578	0.0000068
all	1519	6	886578	0.0000068
all	1520	6	886578	0.0000068
all	1521	8	886578	0.0000090
all	1522	7	886578	0.0000079
all	1523	7	886578	0.0000079
all	1524	6	886578	0.0000068
all	1525	6	886578	0.0000068
all	1526	11	886578	0.0000124
all	1527	4	886578	0.0000045
all	1528	11	886578	0.0000124
all	1529	5	886578	0.0000056
all	1530	4	886578	0.0000045
all	1531	6	886578	0.0000068
all	1532	5	886578	0.0000056
all	1533	4	886578	0.0000045
all	1534	6	886578	0.0000068
all	1535	2	886578	0.0000023
all	1536	8	886578	0.0000090
all	1537	6	886578	0.0000068
all	1538	4	886578	0.0000045
all	1539	10	886578	0.0000113
all	1540	9	886578	0.0000102
all	1541	3	886578	0.0000034
all	1542	8	886578	0.0000090
all	1543	8	886578	0.0000090
all	1544	3	886578	0.0000034
all	1545	8	886578	0.0000090
all	1546	7	886578	0.0000079
all	1547	4	886578	0.0000045
all	1548	7	886578	0.0000079
all	1549	7	886578	0.0000079
all	1550	4	886578	0.0000045
all	1551	3	886578	0.0000034
all	1552	4	886578	0.0000045
all	1553	1	886578	0.0000011
all	1554	6	886578	0.0000068
all	1555	6	886578	0.0000068
all	1556	5	886578	0.0000056
all	1557	2	886578	0.0000023
all	1558	2	886578	0.0000023
all	1559	14	886578	0.0000158
all	1560	4	886578	0.0000045
all	1561	6	886578	0.0000068
all	1562	6	886578	0.0000068
all	1563	8	886578	0.0000090
all	1564	7	886578	0.0000079
all	1565	12	886578	0.0000135
all	1566	6	886578	0.0000068
all	1567	4	886578	0.0000045
all	1568	5	886578	0.0000056
all	1569	9	886578	0.0000102
all	1570	4	886578	0.0000045
all	1571	3	886578	0.0000034
all	1572	9	886578	0.0000102
all	1573	6	886578	0.0000068
all	1574	3	886578	0.0000034
all	1575	5	886578	0.0000056
all	1576	10	886578	0.0000113
all	1577	6	886578	0.0000068
all	1578	7	886578	0.0000079
all	1579	7	886578	0.0000079
all	1580	9	886578	0.0000102
all	1581	8	886578	0.0000090
all	1582	6	886578	0.0000068
all	1583	3	886578	0.0000034
all	1584	7	886578	0.0000079
all	1585	3	886578	0.0000034
all	1586	7	886578	0.0000079
all	1587	6	886578	0.0000068
all	1588	9	886578	0.0000102
all	1589	4	886578	0.0000045
all	1590	9	886578	0.0000102
all	1591	10	886578	0.0000113
all	1592	5	886578	0.0000056
all	1593	5	886578	0.0000056
all	1594	8	886578	0.0000090
all	1595	4	886578	0.0000045
all	1596	8	886578	0.0000090
all	1597	3	886578	0.0000034
all	1598	4	886578	0.0000045
all	1599	9	886578	0.0000102
all	1600	4	886578	0.0000045
all	1601	6	886578	0.0000068
all	1602	6	886578	0.0000068
all	1603	9	886578	0.0000102
all	1604	4	886578	0.0000045
all	1605	9	886578	0.0000102
all	1606	7	886578	0.0000079
all	1607	3	886578	0.0000034
all	1608	5	886578	0.0000056
all	1609	7	886578	0.0000079
all	1610	2	886578	0.0000023
all	1611	8	886578	0.0000090
all	1612	4	886578	0.0000045
all	1613	4	886578	0.0000045
all	1614	6	886578	0.0000068
all	1615	3	886578	0.0000034
all	1616	6	886578	0.0000068
all	1617	6	886578	0.0000068
all	1618	4	886578	0.0000045
all	1619	7	886578	0.0000079
all	1620	2	886578	0.0000023
all	1621	4	886578	0.0000045
all	1622	9	886578	0.0000102
all	1623	2	886578	0.0000023
all	1624	10	886578	0.0000113
all	1625	5	886578	0.0000056
all	1626	6	886578	0.0000068
all	1627	3	886578	0.0000034
all	1628	3	886578	0.0000034
all	1629	2	886578	0.0000023
all	1630	2	886578	0.0000023
all	1631	2	886578	0.0000023
all	1632	5	886578	0.0000056
all	1633	2	886578	0.0000023
all	1634	5	886578	0.0000056
all	1635	6	886578	0.0000068
all	1636	2	886578	0.0000023
all	1637	3	886578	0.0000034
all	1638	7	886578	0.0000079
all	1639	5	886578	0.0000056
all	1640	7	886578	0.0000079
all	1641	2	886578	0.0000023
all	1642	5	886578	0.0000056
all	1643	9	886578	0.0000102
all	1644	3	886578	0.0000034
all	1645	3	886578	0.0000034
all	1646	8	886578	0.0000090
all	1647	7	886578	0.0000079
all	1648	5	886578	0.0000056
all	1649	3	886578	0.0000034
all	1650	2	886578	0.0000023
all	1651	6	886578	0.0000068
all	1652	8	886578	0.0000090
all	1653	5	886578	0.0000056
all	1654	9	886578	0.0000102
all	1655	9	886578	0.0000102
all	1656	4	886578	0.0000045
all	1657	6	886578	0.0000068
all	1658	3	886578	0.0000034
all	1659	6	886578	0.0000068
all	1660	7	886578	0.0000079
all	1661	12	886578	0.0000135
all	1662	6	886578	0.0000068
all	1663	6	886578	0.0000068
all	1664	3	886578	0.0000034
all	1665	7	886578	0.0000079
all	1666	4	886578	0.0000045
all	1667	4	886578	0.0000045
all	1668	9	886578	0.0000102
all	1669	8	886578	0.0000090
all	1670	7	886578	0.0000079
all	1671	8	886578	0.0000090
all	1672	5	886578	0.0000056
all	1673	5	886578	0.0000056
all	1674	7	886578	0.0000079
all	1675	4	886578	0.0000045
all	1676	7	886578	0.0000079
all	1677	5	886578	0.0000056
all	1678	9	886578	0.0000102
all	1679	6	886578	0.0000068
all	1680	3	886578	0.0000034
all	1681	5	886578	0.0000056
all	1682	9	886578	0.0000102
all	1683	5	886578	0.0000056
all	1684	7	886578	0.0000079
all	1685	4	886578	0.0000045
all	1686	8	886578	0.0000090
all	1687	10	886578	0.0000113
all	1688	4	886578	0.0000045
all	1689	5	886578	0.0000056
all	1690	3	886578	0.0000034
all	1691	6	886578	0.0000068
all	1692	7	886578	0.0000079
all	1693	7	886578	0.0000079
all	1694	7	886578	0.0000079
all	1695	8	886578	0.0000090
all	1696	3	886578	0.0000034
all	1697	5	886578	0.0000056
all	1698	5	886578	0.0000056
all	1699	5	886578	0.0000056
all	1700	5	886578	0.0000056
all	1701	7	886578	0.0000079
all	1702	4	886578	0.0000045
all	1703	5	886578	0.0000056
all	1704	6	886578	0.0000068
all	1705	2	886578	0.0000023
all	1706	5	886578	0.0000056
all	1707	6	886578	0.0000068
all	1708	6	886578	0.0000068
all	1709	9	886578	0.0000102
all	1710	7	886578	0.0000079
all	1711	6	886578	0.0000068
all	1712	2	886578	0.0000023
all	1713	5	886578	0.0000056
all	1714	4	886578	0.0000045
all	1715	6	886578	0.0000068
all	1716	6	886578	0.0000068
all	1717	5	886578	0.0000056
all	1718	10	886578	0.0000113
all	1719	6	886578	0.0000068
all	1720	6	886578	0.0000068
all	1721	7	886578	0.0000079
all	1722	11	886578	0.0000124
all	1723	9	886578	0.0000102
all	1724	4	886578	0.0000045
all	1725	10	886578	0.0000113
all	1726	6	886578	0.0000068
all	1727	6	886578	0.0000068
all	1728	2	886578	0.0000023
all	1729	8	886578	0.0000090
all	1730	2	886578	0.0000023
all	1731	7	886578	0.0000079
all	1732	8	886578	0.0000090
all	1733	5	886578	0.0000056
all	1734	7	886578	0.0000079
all	1735	1	886578	0.0000011
all	1736	6	886578	0.0000068
all	1737	7	886578	0.0000079
all	1738	6	886578	0.0000068
all	1739	12	886578	0.0000135
all	1740	2	886578	0.0000023
all	1741	1	886578	0.0000011
all	1742	7	886578	0.0000079
all	1743	2	886578	0.0000023
all	1744	4	886578	0.0000045
all	1745	6	886578	0.0000068
all	1746	7	886578	0.0000079
all	1747	8	886578	0.0000090
all	1748	2	886578	0.0000023
all	1749	3	886578	0.0000034
all	1750	7	886578	0.0000079
all	1751	4	886578	0.0000045
all	1752	5	886578	0.0000056
all	1753	5	886578	0.0000056
all	1754	4	886578	0.0000045
all	1755	6	886578	0.0000068
all	1756	1	886578	0.0000011
all	1757	4	886578	0.0000045
all	1758	6	886578	0.0000068
all	1759	5	886578	0.0000056
all	1760	3	886578	0.0000034
all	1761	5	886578	0.0000056
all	1762	5	886578	0.0000056
all	1763	4	886578	0.0000045
all	1764	2	886578	0.0000023
all	1765	2	886578	0.0000023
all	1766	5	886578	0.0000056
all	1767	7	886578	0.0000079
all	1768	8	886578	0.0000090
all	1769	6	886578	0.0000068
all	1770	5	886578	0.0000056
all	1771	6	886578	0.0000068
all	1772	2	886578	0.0000023
all	1773	2	886578	0.0000023
all	1774	2	886578	0.0000023
all	1775	4	886578	0.0000045
all	1776	2	886578	0.0000023
all	1777	5	886578	0.0000056
all	1778	8	886578	0.0000090
all	1779	6	886578	0.0000068
all	1780	5	886578	0.0000056
all	1781	7	886578	0.0000079
all	1782	10	886578	0.0000113
all	1783	5	886578	0.0000056
all	1784	3	886578	0.0000034
all	1785	4	886578	0.0000045
all	1786	5	886578	0.0000056
all	1787	3	886578	0.0000034
all	1788	2	886578	0.0000023
all	1789	4	886578	0.0000045
all	1790	5	886578	0.0000056
all	1791	3	886578	0.0000034
all	1792	11	886578	0.0000124
all	1793	5	886578	0.0000056
all	1794	5	886578	0.0000056
all	1795	3	886578	0.0000034
all	1796	5	886578	0.0000056
all	1797	3	886578	0.0000034
all	1798	6	886578	0.0000068
all	1799	4	886578	0.0000045
all	1800	2	886578	0.0000023
all	1801	2	886578	0.0000023
all	1802	4	886578	0.0000045
all	1803	4	886578	0.0000045
all	1804	6	886578	0.0000068
all	1805	3	886578	0.0000034
all	1806	2	886578	0.0000023
all	1807	4	886578	0.0000045
all	1808	2	886578	0.0000023
all	1809	4	886578	0.0000045
all	1810	2	886578	0.0000023
all	1811	4	886578	0.0000045
all	1812	2	886578	0.0000023
all	1813	2	886578	0.0000023
all	1814	4	886578	0.0000045
all	1815	2	886578	0.0000023
all	1816	6	886578	0.0000068
all	1817	7	886578	0.0000079
all	1819	5	886578	0.0000056
all	1820	4	886578	0.0000045
all	1821	5	886578	0.0000056
all	1822	3	886578	0.0000034
all	1823	5	886578	0.0000056
all	1824	5	886578	0.0000056
all	1825	8	886578	0.0000090
all	1826	2	886578	0.0000023
all	1827	2	886578	0.0000023
all	1828	4	886578	0.0000045
all	1829	1	886578	0.0000011
all	1830	3	886578	0.0000034
all	1831	2	886578	0.0000023
all	1832	1	886578	0.0000011
all	1833	1	886578	0.0000011
all	1834	5	886578	0.0000056
all	1835	2	886578	0.0000023
all	1836	2	886578	0.0000023
all	1837	1	886578	0.0000011
all	1838	5	886578	0.0000056
all	1839	2	886578	0.0000023
all	1840	6	886578	0.0000068
all	1842	3	886578	0.0000034
all	1843	3	886578	0.0000034
all	1844	4	886578	0.0000045
all	1846	4	886578	0.0000045
all	1847	3	886578	0.0000034
all	1848	1	886578	0.0000011
all	1849	4	886578	0.0000045
all	1850	5	886578	0.0000056
all	1851	1	886578	0.0000011
all	1852	3	886578	0.0000034
all	1853	4	886578	0.0000045
all	1854	2	886578	0.0000023
all	1855	4	886578	0.0000045
all	1856	4	886578	0.0000045
all	1857	3	886578	0.0000034
all	1858	2	886578	0.0000023
all	1859	1	886578	0.0000011
all	1860	2	886578	0.0000023
all	1861	5	886578	0.0000056
all	1862	2	886578	0.0000023
all	1863	2	886578	0.0000023
all	1864	3	886578	0.0000034
all	1865	6	886578	0.0000068
all	1866	1	886578	0.0000011
all	1867	4	886578	0.0000045
all	1868	1	886578	0.0000011
all	1869	2	886578	0.0000023
all	1871	8	886578	0.0000090
all	1872	2	886578	0.0000023
all	1873	2	886578	0.0000023
all	1874	3	886578	0.0000034
all	1875	5	886578	0.0000056
all	1876	3	886578	0.0000034
all	1877	3	886578	0.0000034
all	1878	4	886578	0.0000045
all	1879	4	886578	0.0000045
all	1880	3	886578	0.0000034
all	1881	4	886578	0.0000045
all	1882	2	886578	0.0000023
all	1883	1	886578	0.0000011
all	1884	4	886578	0.0000045
all	1885	2	886578	0.0000023
all	1886	1	886578	0.0000011
all	1887	6	886578	0.0000068
all	1888	2	886578	0.0000023
all	1889	4	886578	0.0000045
all	1890	2	886578	0.0000023
all	1891	4	886578	0.0000045
all	1892	4	886578	0.0000045
all	1893	5	886578	0.0000056
all	1894	5	886578	0.0000056
all	1895	8	886578	0.0000090
all	1896	3	886578	0.0000034
all	1897	2	886578	0.0000023
all	1898	3	886578	0.0000034
all	1899	4	886578	0.0000045
all	1900	4	886578	0.0000045
all	1901	4	886578	0.0000045
all	1902	2	886578	0.0000023
all	1903	2	886578	0.0000023
all	1904	3	886578	0.0000034
all	1905	7	886578	0.0000079
all	1906	4	886578	0.0000045
all	1907	5	886578	0.0000056
all	1908	2	886578	0.0000023
all	1909	6	886578	0.0000068
all	1910	4	886578	0.0000045
all	1911	7	886578	0.0000079
all	1912	5	886578	0.0000056
all	1913	6	886578	0.0000068
all	1914	4	886578	0.0000045
all	1915	6	886578	0.0000068
all	1916	4	886578	0.0000045
all	1917	2	886578	0.0000023
all	1918	7	886578	0.0000079
all	1919	2	886578	0.0000023
all	1920	2	886578	0.0000023
all	1921	2	886578	0.0000023
all	1922	1	886578	0.0000011
all	1923	5	886578	0.0000056
all	1924	4	886578	0.0000045
all	1925	4	886578	0.0000045
all	1926	4	886578	0.0000045
all	1927	4	886578	0.0000045
all	1928	3	886578	0.0000034
all	1930	4	886578	0.0000045
all	1932	3	886578	0.0000034
all	1933	5	886578	0.0000056
all	1934	4	886578	0.0000045
all	1936	6	886578	0.0000068
all	1937	7	886578	0.0000079
all	1938	2	886578	0.0000023
all	1939	7	886578	0.0000079
all	1940	1	886578	0.0000011
all	1941	4	886578	0.0000045
all	1942	6	886578	0.0000068
all	1943	3	886578	0.0000034
all	1944	3	886578	0.0000034
all	1945	4	886578	0.0000045
all	1946	3	886578	0.0000034
all	1947	3	886578	0.0000034
all	1948	3	886578	0.0000034
all	1949	1	886578	0.0000011
all	1950	4	886578	0.0000045
all	1951	3	886578	0.0000034
all	1952	7	886578	0.0000079
all	1953	3	886578	0.0000034
all	1954	5	886578	0.0000056
all	1955	6	886578	0.0000068
all	1956	2	886578	0.0000023
all	1957	4	886578	0.0000045
all	1958	1	886578	0.0000011
all	1959	4	886578	0.0000045
all	1961	2	886578	0.0000023
all	1962	3	886578	0.0000034
all	1963	3	886578	0.0000034
all	1964	4	886578	0.0000045
all	1965	5	886578	0.0000056
all	1966	2	886578	0.0000023
all	1967	4	886578	0.0000045
all	1968	2	886578	0.0000023
all	1969	3	886578	0.0000034
all	1970	6	886578	0.0000068
all	1971	2	886578	0.0000023
all	1972	1	886578	0.0000011
all	1973	5	886578	0.0000056
all	1974	7	886578	0.0000079
all	1975	6	886578	0.0000068
all	1976	6	886578	0.0000068
all	1977	6	886578	0.0000068
all	1978	2	886578	0.0000023
all	1979	1	886578	0.0000011
all	1980	5	886578	0.0000056
all	1981	7	886578	0.0000079
all	1982	5	886578	0.0000056
all	1983	4	886578	0.0000045
all	1984	4	886578	0.0000045
all	1985	1	886578	0.0000011
all	1986	1	886578	0.0000011
all	1987	5	886578	0.0000056
all	1988	10	886578	0.0000113
all	1989	1	886578	0.0000011
all	1990	3	886578	0.0000034
all	1991	5	886578	0.0000056
all	1992	3	886578	0.0000034
all	1993	2	886578	0.0000023
all	1994	4	886578	0.0000045
all	1995	1	886578	0.0000011
all	1996	5	886578	0.0000056
all	1997	3	886578	0.0000034
all	1998	1	886578	0.0000011
all	1999	4	886578	0.0000045
all	2000	4	886578	0.0000045
all	2001	4	886578	0.0000045
all	2002	4	886578	0.0000045
all	2003	1	886578	0.0000011
all	2004	4	886578	0.0000045
all	2005	5	886578	0.0000056
all	2006	5	886578	0.0000056
all	2007	2	886578	0.0000023
all	2008	5	886578	0.0000056
all	2009	2	886578	0.0000023
all	2010	6	886578	0.0000068
all	2011	4	886578	0.0000045
all	2012	3	886578	0.0000034
all	2013	3	886578	0.0000034
all	2014	2	886578	0.0000023
all	2015	4	886578	0.0000045
all	2016	2	886578	0.0000023
all	2017	1	886578	0.0000011
all	2018	6	886578	0.0000068
all	2019	3	886578	0.0000034
all	2020	2	886578	0.0000023
all	2021	4	886578	0.0000045
all	2022	4	886578	0.0000045
all	2023	2	886578	0.0000023
all	2024	1	886578	0.0000011
all	2025	1	886578	0.0000011
all	2026	2	886578	0.0000023
all	2027	4	886578	0.0000045
all	2028	2	886578	0.0000023
all	2029	5	886578	0.0000056
all	2030	1	886578	0.0000011
all	2032	5	886578	0.0000056
all	2034	4	886578	0.0000045
all	2035	3	886578	0.0000034
all	2036	4	886578	0.0000045
all	2037	4	886578	0.0000045
all	2038	2	886578	0.0000023
all	2039	7	886578	0.0000079
all	2041	3	886578	0.0000034
all	2042	3	886578	0.0000034
all	2043	3	886578	0.0000034
all	2044	1	886578	0.0000011
all	2045	3	886578	0.0000034
all	2046	6	886578	0.0000068
all	2048	7	886578	0.0000079
all	2049	1	886578	0.0000011
all	2050	3	886578	0.0000034
all	2051	5	886578	0.0000056
all	2052	1	886578	0.0000011
all	2053	4	886578	0.0000045
all	2054	1	886578	0.0000011
all	2055	2	886578	0.0000023
all	2056	1	886578	0.0000011
all	2057	5	886578	0.0000056
all	2058	3	886578	0.0000034
all	2059	5	886578	0.0000056
all	2060	2	886578	0.0000023
all	2061	1	886578	0.0000011
all	2062	4	886578	0.0000045
all	2063	3	886578	0.0000034
all	2064	5	886578	0.0000056
all	2065	2	886578	0.0000023
all	2066	4	886578	0.0000045
all	2067	1	886578	0.0000011
all	2068	2	886578	0.0000023
all	2069	3	886578	0.0000034
all	2070	3	886578	0.0000034
all	2071	2	886578	0.0000023
all	2072	4	886578	0.0000045
all	2073	2	886578	0.0000023
all	2074	1	886578	0.0000011
all	2075	3	886578	0.0000034
all	2076	1	886578	0.0000011
all	2077	3	886578	0.0000034
all	2078	2	886578	0.0000023
all	2079	2	886578	0.0000023
all	2080	6	886578	0.0000068
all	2081	2	886578	0.0000023
all	2082	1	886578	0.0000011
all	2083	2	886578	0.0000023
all	2084	5	886578	0.0000056
all	2085	7	886578	0.0000079
all	2086	3	886578	0.0000034
all	2087	2	886578	0.0000023
all	2088	3	886578	0.0000034
all	2089	2	886578	0.0000023
all	2090	3	886578	0.0000034
all	2091	3	886578	0.0000034
all	2092	5	886578	0.0000056
all	2093	4	886578	0.0000045
all	2094	3	886578	0.0000034
all	2095	4	886578	0.0000045
all	2096	7	886578	0.0000079
all	2097	5	886578	0.0000056
all	2098	3	886578	0.0000034
all	2099	9	886578	0.0000102
all	2100	8	886578	0.0000090
all	2101	1	886578	0.0000011
all	2102	2	886578	0.0000023
all	2103	2	886578	0.0000023
all	2104	2	886578	0.0000023
all	2105	4	886578	0.0000045
all	2106	7	886578	0.0000079
all	2107	6	886578	0.0000068
all	2108	4	886578	0.0000045
all	2109	2	886578	0.0000023
all	2110	4	886578	0.0000045
all	2111	5	886578	0.0000056
all	2112	7	886578	0.0000079
all	2114	5	886578	0.0000056
all	2115	3	886578	0.0000034
all	2116	1	886578	0.0000011
all	2117	3	886578	0.0000034
all	2118	6	886578	0.0000068
all	2119	6	886578	0.0000068
all	2120	3	886578	0.0000034
all	2121	6	886578	0.0000068
all	2122	3	886578	0.0000034
all	2123	4	886578	0.0000045
all	2124	5	886578	0.0000056
all	2126	6	886578	0.0000068
all	2128	6	886578	0.0000068
all	2129	2	886578	0.0000023
all	2131	3	886578	0.0000034
all	2132	4	886578	0.0000045
all	2133	4	886578	0.0000045
all	2135	5	886578	0.0000056
all	2136	2	886578	0.0000023
all	2137	1	886578	0.0000011
all	2138	3	886578	0.0000034
all	2139	3	886578	0.0000034
all	2140	6	886578	0.0000068
all	2141	7	886578	0.0000079
all	2142	5	886578	0.0000056
all	2143	1	886578	0.0000011
all	2144	4	886578	0.0000045
all	2145	2	886578	0.0000023
all	2146	4	886578	0.0000045
all	2147	2	886578	0.0000023
all	2148	5	886578	0.0000056
all	2149	4	886578	0.0000045
all	2150	4	886578	0.0000045
all	2151	4	886578	0.0000045
all	2152	2	886578	0.0000023
all	2153	2	886578	0.0000023
all	2154	2	886578	0.0000023
all	2155	2	886578	0.0000023
all	2156	2	886578	0.0000023
all	2157	1	886578	0.0000011
all	2158	4	886578	0.0000045
all	2159	3	886578	0.0000034
all	2160	6	886578	0.0000068
all	2161	3	886578	0.0000034
all	2162	4	886578	0.0000045
all	2163	5	886578	0.0000056
all	2164	2	886578	0.0000023
all	2165	5	886578	0.0000056
all	2166	2	886578	0.0000023
all	2167	3	886578	0.0000034
all	2168	6	886578	0.0000068
all	2169	5	886578	0.0000056
all	2170	1	886578	0.0000011
all	2171	4	886578	0.0000045
all	2172	3	886578	0.0000034
all	2173	4	886578	0.0000045
all	2174	3	886578	0.0000034
all	2175	4	886578	0.0000045
all	2176	1	886578	0.0000011
all	2177	5	886578	0.0000056
all	2178	6	886578	0.0000068
all	2179	5	886578	0.0000056
all	2180	5	886578	0.0000056
all	2181	1	886578	0.0000011
all	2182	4	886578	0.0000045
all	2183	5	886578	0.0000056
all	2184	1	886578	0.0000011
all	2185	4	886578	0.0000045
all	2186	4	886578	0.0000045
all	2187	4	886578	0.0000045
all	2188	4	886578	0.0000045
all	2189	4	886578	0.0000045
all	2190	2	886578	0.0000023
all	2191	5	886578	0.0000056
all	2192	5	886578	0.0000056
all	2193	7	886578	0.0000079
all	2194	4	886578	0.0000045
all	2195	1	886578	0.0000011
all	2196	2	886578	0.0000023
all	2197	3	886578	0.0000034
all	2198	4	886578	0.0000045
all	2199	8	886578	0.0000090
all	2200	10	886578	0.0000113
all	2201	5	886578	0.0000056
all	2202	4	886578	0.0000045
all	2203	5	886578	0.0000056
all	2204	3	886578	0.0000034
all	2205	3	886578	0.0000034
all	2206	3	886578	0.0000034
all	2207	5	886578	0.0000056
all	2208	2	886578	0.0000023
all	2209	1	886578	0.0000011
all	2210	3	886578	0.0000034
all	2211	3	886578	0.0000034
all	2212	4	886578	0.0000045
all	2213	6	886578	0.0000068
all	2214	4	886578	0.0000045
all	2215	4	886578	0.0000045
all	2216	5	886578	0.0000056
all	2217	5	886578	0.0000056
all	2218	5	886578	0.0000056
all	2219	2	886578	0.0000023
all	2220	2	886578	0.0000023
all	2221	2	886578	0.0000023
all	2222	4	886578	0.0000045
all	2223	3	886578	0.0000034
all	2224	6	886578	0.0000068
all	2225	3	886578	0.0000034
all	2226	3	886578	0.0000034
all	2227	4	886578	0.0000045
all	2228	7	886578	0.0000079
all	2229	5	886578	0.0000056
all	2230	4	886578	0.0000045
all	2231	4	886578	0.0000045
all	2232	1	886578	0.0000011
all	2233	2	886578	0.0000023
all	2234	2	886578	0.0000023
all	2235	6	886578	0.0000068
all	2236	3	886578	0.0000034
all	2237	1	886578	0.0000011
all	2238	2	886578	0.0000023
all	2239	5	886578	0.0000056
all	2240	7	886578	0.0000079
all	2241	6	886578	0.0000068
all	2242	1	886578	0.0000011
all	2243	4	886578	0.0000045
all	2244	3	886578	0.0000034
all	2245	4	886578	0.0000045
all	2246	4	886578	0.0000045
all	2247	1	886578	0.0000011
all	2248	5	886578	0.0000056
all	2249	5	886578	0.0000056
all	2250	2	886578	0.0000023
all	2251	2	886578	0.0000023
all	2252	1	886578	0.0000011
all	2253	4	886578	0.0000045
all	2254	3	886578	0.0000034
all	2255	1	886578	0.0000011
all	2256	3	886578	0.0000034
all	2257	3	886578	0.0000034
all	2258	3	886578	0.0000034
all	2259	3	886578	0.0000034
all	2260	2	886578	0.0000023
all	2261	2	886578	0.0000023
all	2262	9	886578	0.0000102
all	2263	8	886578	0.0000090
all	2264	5	886578	0.0000056
all	2265	5	886578	0.0000056
all	2266	5	886578	0.0000056
all	2267	4	886578	0.0000045
all	2268	3	886578	0.0000034
all	2269	6	886578	0.0000068
all	2270	2	886578	0.0000023
all	2271	5	886578	0.0000056
all	2272	3	886578	0.0000034
all	2274	5	886578	0.0000056
all	2276	2	886578	0.0000023
all	2277	4	886578	0.0000045
all	2278	5	886578	0.0000056
all	2279	2	886578	0.0000023
all	2280	2	886578	0.0000023
all	2281	3	886578	0.0000034
all	2282	2	886578	0.0000023
all	2283	3	886578	0.0000034
all	2284	4	886578	0.0000045
all	2285	3	886578	0.0000034
all	2286	1	886578	0.0000011
all	2287	3	886578	0.0000034
all	2288	5	886578	0.0000056
all	2289	8	886578	0.0000090
all	2290	5	886578	0.0000056
all	2291	4	886578	0.0000045
all	2292	1	886578	0.0000011
all	2293	4	886578	0.0000045
all	2294	4	886578	0.0000045
all	2295	3	886578	0.0000034
all	2296	4	886578	0.0000045
all	2297	5	886578	0.0000056
all	2298	6	886578	0.0000068
all	2299	1	886578	0.0000011
all	2300	5	886578	0.0000056
all	2301	5	886578	0.0000056
all	2302	3	886578	0.0000034
all	2303	6	886578	0.0000068
all	2304	6	886578	0.0000068
all	2305	1	886578	0.0000011
all	2306	3	886578	0.0000034
all	2307	1	886578	0.0000011
all	2308	1	886578	0.0000011
all	2309	2	886578	0.0000023
all	2310	6	886578	0.0000068
all	2311	4	886578	0.0000045
all	2312	11	886578	0.0000124
all	2313	5	886578	0.0000056
all	2314	3	886578	0.0000034
all	2315	1	886578	0.0000011
all	2316	3	886578	0.0000034
all	2317	7	886578	0.0000079
all	2318	8	886578	0.0000090
all	2319	3	886578	0.0000034
all	2320	4	886578	0.0000045
all	2321	6	886578	0.0000068
all	2322	5	886578	0.0000056
all	2323	3	886578	0.0000034
all	2324	9	886578	0.0000102
all	2325	5	886578	0.0000056
all	2326	4	886578	0.0000045
all	2327	4	886578	0.0000045
all	2328	5	886578	0.0000056
all	2329	6	886578	0.0000068
all	2330	7	886578	0.0000079
all	2331	9	886578	0.0000102
all	2332	4	886578	0.0000045
all	2333	4	886578	0.0000045
all	2334	1	886578	0.0000011
all	2335	4	886578	0.0000045
all	2336	6	886578	0.0000068
all	2337	6	886578	0.0000068
all	2338	1	886578	0.0000011
all	2339	4	886578	0.0000045
all	2340	3	886578	0.0000034
all	2341	3	886578	0.0000034
all	2342	4	886578	0.0000045
all	2344	4	886578	0.0000045
all	2345	7	886578	0.0000079
all	2346	3	886578	0.0000034
all	2347	1	886578	0.0000011
all	2348	2	886578	0.0000023
all	2349	3	886578	0.0000034
all	2350	8	886578	0.0000090
all	2351	3	886578	0.0000034
all	2352	2	886578	0.0000023
all	2353	2	886578	0.0000023
all	2354	3	886578	0.0000034
all	2355	5	886578	0.0000056
all	2356	4	886578	0.0000045
all	2358	3	886578	0.0000034
all	2359	2	886578	0.0000023
all	2360	3	886578	0.0000034
all	2361	2	886578	0.0000023
all	2362	7	886578	0.0000079
all	2363	4	886578	0.0000045
all	2364	3	886578	0.0000034
all	2365	2	886578	0.0000023
all	2366	6	886578	0.0000068
all	2367	7	886578	0.0000079
all	2369	8	886578	0.0000090
all	2370	5	886578	0.0000056
all	2371	4	886578	0.0000045
all	2372	4	886578	0.0000045
all	2373	4	886578	0.0000045
all	2374	1	886578	0.0000011
all	2375	4	886578	0.0000045
all	2377	4	886578	0.0000045
all	2378	5	886578	0.0000056
all	2379	1	886578	0.0000011
all	2380	4	886578	0.0000045
all	2381	3	886578	0.0000034
all	2382	1	886578	0.0000011
all	2383	1	886578	0.0000011
all	2384	3	886578	0.0000034
all	2385	4	886578	0.0000045
all	2387	3	886578	0.0000034
all	2388	2	886578	0.0000023
all	2389	2	886578	0.0000023
all	2390	1	886578	0.0000011
all	2391	3	886578	0.0000034
all	2392	2	886578	0.0000023
all	2393	2	886578	0.0000023
all	2394	3	886578	0.0000034
all	2395	4	886578	0.0000045
all	2396	1	886578	0.0000011
all	2397	9	886578	0.0000102
all	2398	3	886578	0.0000034
all	2399	2	886578	0.0000023
all	2400	3	886578	0.0000034
all	2401	2	886578	0.0000023
all	2402	4	886578	0.0000045
all	2403	3	886578	0.0000034
all	2404	4	886578	0.0000045
all	2405	1	886578	0.0000011
all	2406	6	886578	0.0000068
all	2407	4	886578	0.0000045
all	2408	2	886578	0.0000023
all	2409	2	886578	0.0000023
all	2410	2	886578	0.0000023
all	2411	4	886578	0.0000045
all	2412	3	886578	0.0000034
all	2413	3	886578	0.0000034
all	2414	4	886578	0.0000045
all	2415	3	886578	0.0000034
all	2416	3	886578	0.0000034
all	2417	2	886578	0.0000023
all	2418	4	886578	0.0000045
all	2419	3	886578	0.0000034
all	2420	4	886578	0.0000045
all	2421	3	886578	0.0000034
all	2422	2	886578	0.0000023
all	2423	3	886578	0.0000034
all	2424	1	886578	0.0000011
all	2425	2	886578	0.0000023
all	2426	2	886578	0.0000023
all	2427	4	886578	0.0000045
all	2428	4	886578	0.0000045
all	2429	3	886578	0.0000034
all	2430	5	886578	0.0000056
all	2431	3	886578	0.0000034
all	2432	2	886578	0.0000023
all	2433	1	886578	0.0000011
all	2434	5	886578	0.0000056
all	2435	1	886578	0.0000011
all	2436	4	886578	0.0000045
all	2439	4	886578	0.0000045
all	2440	6	886578	0.0000068
all	2441	1	886578	0.0000011
all	2442	5	886578	0.0000056
all	2443	2	886578	0.0000023
all	2444	1	886578	0.0000011
all	2445	4	886578	0.0000045
all	2446	5	886578	0.0000056
all	2447	4	886578	0.0000045
all	2448	2	886578	0.0000023
all	2449	2	886578	0.0000023
all	2450	2	886578	0.0000023
all	2451	3	886578	0.0000034
all	2452	3	886578	0.0000034
all	2453	2	886578	0.0000023
all	2454	2	886578	0.0000023
all	2455	3	886578	0.0000034
all	2456	1	886578	0.0000011
all	2457	1	886578	0.0000011
all	2458	5	886578	0.0000056
all	2459	3	886578	0.0000034
all	2460	4	886578	0.0000045
all	2461	3	886578	0.0000034
all	2462	3	886578	0.0000034
all	2463	2	886578	0.0000023
all	2464	4	886578	0.0000045
all	2465	8	886578	0.0000090
all	2466	1	886578	0.0000011
all	2467	5	886578	0.0000056
all	2468	4	886578	0.0000045
all	2469	2	886578	0.0000023
all	2470	4	886578	0.0000045
all	2471	1	886578	0.0000011
all	2472	6	886578	0.0000068
all	2473	4	886578	0.0000045
all	2474	3	886578	0.0000034
all	2475	2	886578	0.0000023
all	2476	2	886578	0.0000023
all	2477	2	886578	0.0000023
all	2478	1	886578	0.0000011
all	2479	4	886578	0.0000045
all	2480	2	886578	0.0000023
all	2481	1	886578	0.0000011
all	2482	2	886578	0.0000023
all	2483	4	886578	0.0000045
all	2484	8	886578	0.0000090
all	2485	2	886578	0.0000023
all	2486	3	886578	0.0000034
all	2487	1	886578	0.0000011
all	2488	4	886578	0.0000045
all	2489	5	886578	0.0000056
all	2490	4	886578	0.0000045
all	2491	3	886578	0.0000034
all	2492	8	886578	0.0000090
all	2493	5	886578	0.0000056
all	2494	3	886578	0.0000034
all	2495	7	886578	0.0000079
all	2496	1	886578	0.0000011
all	2497	2	886578	0.0000023
all	2498	5	886578	0.0000056
all	2499	3	886578	0.0000034
all	2500	3	886578	0.0000034
all	2501	1	886578	0.0000011
all	2502	3	886578	0.0000034
all	2503	3	886578	0.0000034
all	2504	2	886578	0.0000023
all	2505	4	886578	0.0000045
all	2506	4	886578	0.0000045
all	2507	3	886578	0.0000034
all	2508	5	886578	0.0000056
all	2509	3	886578	0.0000034
all	2510	2	886578	0.0000023
all	2511	2	886578	0.0000023
all	2512	2	886578	0.0000023
all	2513	4	886578	0.0000045
all	2514	3	886578	0.0000034
all	2515	1	886578	0.0000011
all	2516	2	886578	0.0000023
all	2517	1	886578	0.0000011
all	2518	6	886578	0.0000068
all	2520	8	886578	0.0000090
all	2521	2	886578	0.0000023
all	2522	2	886578	0.0000023
all	2523	2	886578	0.0000023
all	2524	2	886578	0.0000023
all	2525	2	886578	0.0000023
all	2526	1	886578	0.0000011
all	2527	3	886578	0.0000034
all	2528	6	886578	0.0000068
all	2529	5	886578	0.0000056
all	2530	4	886578	0.0000045
all	2531	2	886578	0.0000023
all	2532	1	886578	0.0000011
all	2533	5	886578	0.0000056
all	2534	4	886578	0.0000045
all	2535	7	886578	0.0000079
all	2536	4	886578	0.0000045
all	2537	5	886578	0.0000056
all	2538	5	886578	0.0000056
all	2539	2	886578	0.0000023
all	2540	5	886578	0.0000056
all	2541	4	886578	0.0000045
all	2542	3	886578	0.0000034
all	2543	4	886578	0.0000045
all	2544	1	886578	0.0000011
all	2545	5	886578	0.0000056
all	2546	4	886578	0.0000045
all	2547	2	886578	0.0000023
all	2548	1	886578	0.0000011
all	2549	1	886578	0.0000011
all	2550	1	886578	0.0000011
all	2551	7	886578	0.0000079
all	2552	2	886578	0.0000023
all	2553	1	886578	0.0000011
all	2554	2	886578	0.0000023
all	2556	1	886578	0.0000011
all	2557	1	886578	0.0000011
all	2558	1	886578	0.0000011
all	2560	2	886578	0.0000023
all	2561	2	886578	0.0000023
all	2562	3	886578	0.0000034
all	2563	1	886578	0.0000011
all	2567	2	886578	0.0000023
all	2569	4	886578	0.0000045
all	2570	2	886578	0.0000023
all	2571	2	886578	0.0000023
all	2572	2	886578	0.0000023
all	2575	4	886578	0.0000045
all	2576	1	886578	0.0000011
all	2579	3	886578	0.0000034
all	2580	1	886578	0.0000011
all	2581	2	886578	0.0000023
all	2582	4	886578	0.0000045
all	2583	1	886578	0.0000011
all	2584	2	886578	0.0000023
all	2585	3	886578	0.0000034
all	2586	2	886578	0.0000023
all	2587	2	886578	0.0000023
all	2588	3	886578	0.0000034
all	2589	4	886578	0.0000045
all	2590	2	886578	0.0000023
all	2592	2	886578	0.0000023
all	2594	2	886578	0.0000023
all	2595	3	886578	0.0000034
all	2596	1	886578	0.0000011
all	2597	4	886578	0.0000045
all	2598	3	886578	0.0000034
all	2599	4	886578	0.0000045
all	2600	2	886578	0.0000023
all	2603	1	886578	0.0000011
all	2604	1	886578	0.0000011
all	2605	4	886578	0.0000045
all	2606	2	886578	0.0000023
all	2609	1	886578	0.0000011
all	2610	1	886578	0.0000011
all	2611	5	886578	0.0000056
all	2612	1	886578	0.0000011
all	2613	1	886578	0.0000011
all	2614	1	886578	0.0000011
all	2615	2	886578	0.0000023
all	2616	2	886578	0.0000023
all	2617	2	886578	0.0000023
all	2618	3	886578	0.0000034
all	2619	2	886578	0.0000023
all	2620	3	886578	0.0000034
all	2621	4	886578	0.0000045
all	2622	5	886578	0.0000056
all	2623	5	886578	0.0000056
all	2624	3	886578	0.0000034
all	2625	3	886578	0.0000034
all	2626	3	886578	0.0000034
all	2627	4	886578	0.0000045
all	2629	1	886578	0.0000011
all	2630	1	886578	0.0000011
all	2631	2	886578	0.0000023
all	2632	1	886578	0.0000011
all	2633	5	886578	0.0000056
all	2634	1	886578	0.0000011
all	2635	2	886578	0.0000023
all	2636	3	886578	0.0000034
all	2638	1	886578	0.0000011
all	2641	1	886578	0.0000011
all	2643	2	886578	0.0000023
all	2644	3	886578	0.0000034
all	2645	2	886578	0.0000023
all	2646	2	886578	0.0000023
all	2647	1	886578	0.0000011
all	2648	1	886578	0.0000011
all	2649	1	886578	0.0000011
all	2651	2	886578	0.0000023
all	2652	1	886578	0.0000011
all	2654	4	886578	0.0000045
all	2655	2	886578	0.0000023
all	2656	1	886578	0.0000011
all	2657	5	886578	0.0000056
all	2658	2	886578	0.0000023
all	2659	1	886578	0.0000011
all	2660	2	886578	0.0000023
all	2661	1	886578	0.0000011
all	2662	2	886578	0.0000023
all	2664	1	886578	0.0000011
all	2665	3	886578	0.0000034
all	2666	3	886578	0.0000034
all	2669	1	886578	0.0000011
all	2671	1	886578	0.0000011
all	2672	1	886578	0.0000011
all	2673	5	886578	0.0000056
all	2674	2	886578	0.0000023
all	2675	1	886578	0.0000011
all	2676	2	886578	0.0000023
all	2677	3	886578	0.0000034
all	2678	3	886578	0.0000034
all	2679	1	886578	0.0000011
all	2680	1	886578	0.0000011
all	2681	1	886578	0.0000011
all	2685	1	886578	0.0000011
all	2686	1	886578	0.0000011
all	2687	3	886578	0.0000034
all	2688	2	886578	0.0000023
all	2689	3	886578	0.0000034
all	2691	1	886578	0.0000011
all	2692	4	886578	0.0000045
all	2693	2	886578	0.0000023
all	2694	1	886578	0.0000011
all	2695	2	886578	0.0000023
all	2696	4	886578	0.0000045
all	2698	3	886578	0.0000034
all	2699	3	886578	0.0000034
all	2700	1	886578	0.0000011
all	2701	1	886578	0.0000011
all	2702	2	886578	0.0000023
all	2704	1	886578	0.0000011
all	2705	1	886578	0.0000011
all	2706	3	886578	0.0000034
all	2707	3	886578	0.0000034
all	2709	2	886578	0.0000023
all	2711	1	886578	0.0000011
all	2712	3	886578	0.0000034
all	2713	4	886578	0.0000045
all	2714	1	886578	0.0000011
all	2715	1	886578	0.0000011
all	2716	4	886578	0.0000045
all	2718	2	886578	0.0000023
all	2719	8	886578	0.0000090
all	2720	2	886578	0.0000023
all	2721	7	886578	0.0000079
all	2722	7	886578	0.0000079
all	2723	12	886578	0.0000135
all	2724	15	886578	0.0000169
all	2725	5	886578	0.0000056
all	2726	6	886578	0.0000068
all	2727	7	886578	0.0000079
all	2728	3	886578	0.0000034
all	2729	2	886578	0.0000023
all	2730	1	886578	0.0000011
all	2731	1	886578	0.0000011
all	2732	1	886578	0.0000011
all	2733	2	886578	0.0000023
all	2734	1	886578	0.0000011
all	2735	2	886578	0.0000023
all	2736	1	886578	0.0000011
all	2738	1	886578	0.0000011
all	2739	1	886578	0.0000011
all	2740	3	886578	0.0000034
all	2742	2	886578	0.0000023
all	2743	2	886578	0.0000023
all	2745	5	886578	0.0000056
all	2746	1	886578	0.0000011
all	2747	2	886578	0.0000023
all	2748	1	886578	0.0000011
all	2750	1	886578	0.0000011
all	2752	1	886578	0.0000011
all	2754	1	886578	0.0000011
all	2756	3	886578	0.0000034
all	2757	3	886578	0.0000034
all	2758	1	886578	0.0000011
all	2759	1	886578	0.0000011
all	2760	2	886578	0.0000023
all	2761	2	886578	0.0000023
all	2762	2	886578	0.0000023
all	2763	2	886578	0.0000023
all	2764	1	886578	0.0000011
all	2765	1	886578	0.0000011
all	2766	1	886578	0.0000011
all	2767	1	886578	0.0000011
all	2768	1	886578	0.0000011
all	2769	2	886578	0.0000023
all	2770	1	886578	0.0000011
all	2771	1	886578	0.0000011
all	2772	2	886578	0.0000023
all	2773	2	886578	0.0000023
all	2774	1	886578	0.0000011
all	2775	1	886578	0.0000011
all	2776	1	886578	0.0000011
all	2777	1	886578	0.0000011
all	2780	1	886578	0.0000011
all	2781	3	886578	0.0000034
all	2782	3	886578	0.0000034
all	2783	3	886578	0.0000034
all	2784	2	886578	0.0000023
all	2785	2	886578	0.0000023
all	2786	3	886578	0.0000034
all	2787	2	886578	0.0000023
all	2788	2	886578	0.0000023
all	2789	2	886578	0.0000023
all	2790	3	886578	0.0000034
all	2791	1	886578	0.0000011
all	2792	3	886578	0.0000034
all	2793	2	886578	0.0000023
all	2794	2	886578	0.0000023
all	2795	2	886578	0.0000023
all	2796	1	886578	0.0000011
all	2797	2	886578	0.0000023
all	2798	3	886578	0.0000034
all	2799	5	886578	0.0000056
all	2800	1	886578	0.0000011
all	2801	3	886578	0.0000034
all	2803	1	886578	0.0000011
all	2804	1	886578	0.0000011
all	2807	2	886578	0.0000023
all	2808	4	886578	0.0000045
all	2812	1	886578	0.0000011
all	2814	2	886578	0.0000023
all	2815	1	886578	0.0000011
all	2816	1	886578	0.0000011
all	2817	3	886578	0.0000034
all	2819	3	886578	0.0000034
all	2821	2	886578	0.0000023
all	2823	2	886578	0.0000023
all	2826	3	886578	0.0000034
all	2827	2	886578	0.0000023
all	2828	5	886578	0.0000056
all	2829	1	886578	0.0000011
all	2830	3	886578	0.0000034
all	2831	1	886578	0.0000011
all	2832	1	886578	0.0000011
all	2834	1	886578	0.0000011
all	2836	1	886578	0.0000011
all	2837	2	886578	0.0000023
all	2838	1	886578	0.0000011
all	2839	1	886578	0.0000011
all	2840	6	886578	0.0000068
all	2842	1	886578	0.0000011
all	2844	3	886578	0.0000034
all	2845	2	886578	0.0000023
all	2847	1	886578	0.0000011
all	2848	1	886578	0.0000011
all	2851	1	886578	0.0000011
all	2852	1	886578	0.0000011
all	2853	1	886578	0.0000011
all	2854	4	886578	0.0000045
all	2855	3	886578	0.0000034
all	2856	2	886578	0.0000023
all	2859	1	886578	0.0000011
all	2860	2	886578	0.0000023
all	2862	3	886578	0.0000034
all	2864	7	886578	0.0000079
all	2865	6	886578	0.0000068
all	2866	2	886578	0.0000023
all	2867	2	886578	0.0000023
all	2868	2	886578	0.0000023
all	2870	1	886578	0.0000011
all	2871	3	886578	0.0000034
all	2872	2	886578	0.0000023
all	2873	2	886578	0.0000023
all	2874	3	886578	0.0000034
all	2875	4	886578	0.0000045
all	2876	2	886578	0.0000023
all	2877	1	886578	0.0000011
all	2878	2	886578	0.0000023
all	2879	3	886578	0.0000034
all	2880	2	886578	0.0000023
all	2882	3	886578	0.0000034
all	2883	3	886578	0.0000034
all	2884	1	886578	0.0000011
all	2885	3	886578	0.0000034
all	2886	1	886578	0.0000011
all	2887	1	886578	0.0000011
all	2888	1	886578	0.0000011
all	2889	1	886578	0.0000011
all	2890	1	886578	0.0000011
all	2891	3	886578	0.0000034
all	2892	3	886578	0.0000034
all	2893	3	886578	0.0000034
all	2894	1	886578	0.0000011
all	2895	2	886578	0.0000023
all	2896	2	886578	0.0000023
all	2897	5	886578	0.0000056
all	2898	2	886578	0.0000023
all	2900	1	886578	0.0000011
all	2901	2	886578	0.0000023
all	2904	1	886578	0.0000011
all	2905	2	886578	0.0000023
all	2906	3	886578	0.0000034
all	2907	1	886578	0.0000011
all	2908	1	886578	0.0000011
all	2909	2	886578	0.0000023
all	2910	2	886578	0.0000023
all	2912	1	886578	0.0000011
all	2913	2	886578	0.0000023
all	2915	2	886578	0.0000023
all	2916	1	886578	0.0000011
all	2917	1	886578	0.0000011
all	2918	1	886578	0.0000011
all	2919	1	886578	0.0000011
all	2920	1	886578	0.0000011
all	2921	1	886578	0.0000011
all	2923	1	886578	0.0000011
all	2924	2	886578	0.0000023
all	2925	1	886578	0.0000011
all	2926	2	886578	0.0000023
all	2930	5	886578	0.0000056
all	2931	3	886578	0.0000034
all	2934	2	886578	0.0000023
all	2936	1	886578	0.0000011
all	2937	3	886578	0.0000034
all	2938	1	886578	0.0000011
all	2939	1	886578	0.0000011
all	2940	2	886578	0.0000023
all	2941	1	886578	0.0000011
all	2942	5	886578	0.0000056
all	2943	2	886578	0.0000023
all	2945	3	886578	0.0000034
all	2947	1	886578	0.0000011
all	2948	2	886578	0.0000023
all	2949	6	886578	0.0000068
all	2950	2	886578	0.0000023
all	2952	1	886578	0.0000011
all	2953	2	886578	0.0000023
all	2954	3	886578	0.0000034
all	2955	2	886578	0.0000023
all	2957	2	886578	0.0000023
all	2958	4	886578	0.0000045
all	2959	1	886578	0.0000011
all	2960	2	886578	0.0000023
all	2961	2	886578	0.0000023
all	2962	1	886578	0.0000011
all	2963	4	886578	0.0000045
all	2964	2	886578	0.0000023
all	2965	2	886578	0.0000023
all	2966	4	886578	0.0000045
all	2967	4	886578	0.0000045
all	2968	6	886578	0.0000068
all	2969	2	886578	0.0000023
all	2970	5	886578	0.0000056
all	2971	3	886578	0.0000034
all	2972	1	886578	0.0000011
all	2973	4	886578	0.0000045
all	2974	2	886578	0.0000023
all	2975	3	886578	0.0000034
all	2976	3	886578	0.0000034
all	2977	1	886578	0.0000011
all	2978	3	886578	0.0000034
all	2980	2	886578	0.0000023
all	2982	3	886578	0.0000034
all	2983	2	886578	0.0000023
all	2984	1	886578	0.0000011
all	2985	2	886578	0.0000023
all	2986	2	886578	0.0000023
all	2987	1	886578	0.0000011
all	2988	4	886578	0.0000045
all	2990	5	886578	0.0000056
all	2991	1	886578	0.0000011
all	2992	1	886578	0.0000011
all	2995	1	886578	0.0000011
all	2998	1	886578	0.0000011
all	2999	4	886578	0.0000045
all	3000	3	886578	0.0000034
all	3002	1	886578	0.0000011
all	3003	1	886578	0.0000011
all	3004	1	886578	0.0000011
all	3005	1	886578	0.0000011
all	3006	4	886578	0.0000045
all	3007	3	886578	0.0000034
all	3008	2	886578	0.0000023
all	3009	3	886578	0.0000034
all	3010	1	886578	0.0000011
all	3011	3	886578	0.0000034
all	3012	1	886578	0.0000011
all	3013	3	886578	0.0000034
all	3014	1	886578	0.0000011
all	3018	1	886578	0.0000011
all	3020	1	886578	0.0000011
all	3021	2	886578	0.0000023
all	3022	1	886578	0.0000011
all	3025	2	886578	0.0000023
all	3026	1	886578	0.0000011
all	3028	3	886578	0.0000034
all	3030	1	886578	0.0000011
all	3031	1	886578	0.0000011
all	3033	1	886578	0.0000011
all	3035	3	886578	0.0000034
all	3038	1	886578	0.0000011
all	3039	1	886578	0.0000011
all	3041	1	886578	0.0000011
all	3043	1	886578	0.0000011
all	3044	1	886578	0.0000011
all	3045	2	886578	0.0000023
all	3049	2	886578	0.0000023
all	3050	1	886578	0.0000011
all	3052	1	886578	0.0000011
all	3053	1	886578	0.0000011
all	3054	1	886578	0.0000011
all	3055	1	886578	0.0000011
all	3056	1	886578	0.0000011
all	3057	3	886578	0.0000034
all	3061	2	886578	0.0000023
all	3062	1	886578	0.0000011
all	3064	1	886578	0.0000011
all	3065	1	886578	0.0000011
all	3066	1	886578	0.0000011
all	3067	1	886578	0.0000011
all	3069	1	886578	0.0000011
all	3070	1	886578	0.0000011
all	3072	2	886578	0.0000023
all	3074	1	886578	0.0000011
all	3075	1	886578	0.0000011
all	3076	1	886578	0.0000011
all	3078	2	886578	0.0000023
all	3079	1	886578	0.0000011
all	3080	1	886578	0.0000011
all	3081	1	886578	0.0000011
all	3082	1	886578	0.0000011
all	3083	1	886578	0.0000011
all	3086	1	886578	0.0000011
all	3087	2	886578	0.0000023
all	3088	1	886578	0.0000011
all	3089	1	886578	0.0000011
all	3090	1	886578	0.0000011
all	3093	1	886578	0.0000011
all	3095	1	886578	0.0000011
all	3097	1	886578	0.0000011
all	3099	1	886578	0.0000011
all	3100	1	886578	0.0000011
all	3101	1	886578	0.0000011
all	3103	1	886578	0.0000011
all	3104	1	886578	0.0000011
all	3105	2	886578	0.0000023
all	3108	1	886578	0.0000011
all	3110	1	886578	0.0000011
all	3111	2	886578	0.0000023
all	3113	1	886578	0.0000011
all	3114	1	886578	0.0000011
all	3116	1	886578	0.0000011
all	3118	1	886578	0.0000011
all	3119	1	886578	0.0000011
all	3120	1	886578	0.0000011
all	3122	1	886578	0.0000011
all	3123	1	886578	0.0000011
all	3124	1	886578	0.0000011
all	3125	1	886578	0.0000011
all	3126	2	886578	0.0000023
all	3127	1	886578	0.0000011
all	3128	1	886578	0.0000011
all	3129	2	886578	0.0000023
all	3130	1	886578	0.0000011
all	3132	3	886578	0.0000034
all	3134	1	886578	0.0000011
all	3142	2	886578	0.0000023
all	3144	2	886578	0.0000023
all	3145	1	886578	0.0000011
all	3146	1	886578	0.0000011
all	3147	1	886578	0.0000011
all	3149	1	886578	0.0000011
all	3150	1	886578	0.0000011
all	3152	1	886578	0.0000011
all	3153	1	886578	0.0000011
all	3154	1	886578	0.0000011
all	3155	1	886578	0.0000011
all	3156	1	886578	0.0000011
all	3158	2	886578	0.0000023
all	3159	1	886578	0.0000011
all	3161	1	886578	0.0000011
all	3165	1	886578	0.0000011
all	3168	3	886578	0.0000034
all	3170	2	886578	0.0000023
all	3171	2	886578	0.0000023
all	3172	1	886578	0.0000011
all	3178	2	886578	0.0000023
all	3179	1	886578	0.0000011
all	3180	1	886578	0.0000011
all	3181	1	886578	0.0000011
all	3182	2	886578	0.0000023
all	3185	3	886578	0.0000034
all	3186	1	886578	0.0000011
all	3187	1	886578	0.0000011
all	3189	2	886578	0.0000023
all	3191	2	886578	0.0000023
all	3192	1	886578	0.0000011
all	3193	1	886578	0.0000011
all	3196	4	886578	0.0000045
all	3198	1	886578	0.0000011
all	3199	2	886578	0.0000023
all	3200	1	886578	0.0000011
all	3202	1	886578	0.0000011
all	3204	2	886578	0.0000023
all	3205	1	886578	0.0000011
all	3207	2	886578	0.0000023
all	3208	5	886578	0.0000056
all	3211	1	886578	0.0000011
all	3213	1	886578	0.0000011
all	3214	2	886578	0.0000023
all	3215	1	886578	0.0000011
all	3216	2	886578	0.0000023
all	3218	1	886578	0.0000011
all	3219	2	886578	0.0000023
all	3220	1	886578	0.0000011
all	3222	2	886578	0.0000023
all	3229	1	886578	0.0000011
all	3230	3	886578	0.0000034
all	3231	3	886578	0.0000034
all	3234	1	886578	0.0000011
all	3235	3	886578	0.0000034
all	3238	1	886578	0.0000011
all	3239	1	886578	0.0000011
all	3241	1	886578	0.0000011
all	3242	3	886578	0.0000034
all	3244	1	886578	0.0000011
all	3246	2	886578	0.0000023
all	3247	2	886578	0.0000023
all	3250	1	886578	0.0000011
all	3252	3	886578	0.0000034
all	3254	1	886578	0.0000011
all	3256	1	886578	0.0000011
all	3261	1	886578	0.0000011
all	3263	1	886578	0.0000011
all	3264	4	886578	0.0000045
all	3265	2	886578	0.0000023
all	3267	1	886578	0.0000011
all	3269	1	886578	0.0000011
all	3270	1	886578	0.0000011
all	3271	1	886578	0.0000011
all	3274	2	886578	0.0000023
all	3275	1	886578	0.0000011
all	3277	2	886578	0.0000023
all	3279	1	886578	0.0000011
all	3280	1	886578	0.0000011
all	3281	2	886578	0.0000023
all	3282	1	886578	0.0000011
all	3283	1	886578	0.0000011
all	3286	1	886578	0.0000011
all	3288	1	886578	0.0000011
all	3289	4	886578	0.0000045
all	3290	1	886578	0.0000011
all	3292	2	886578	0.0000023
all	3293	2	886578	0.0000023
all	3294	1	886578	0.0000011
all	3295	2	886578	0.0000023
all	3296	2	886578	0.0000023
all	3300	1	886578	0.0000011
all	3301	2	886578	0.0000023
all	3303	2	886578	0.0000023
all	3304	1	886578	0.0000011
all	3311	1	886578	0.0000011
all	3312	1	886578	0.0000011
all	3314	1	886578	0.0000011
all	3315	1	886578	0.0000011
all	3316	1	886578	0.0000011
all	3322	1	886578	0.0000011
all	3325	2	886578	0.0000023
all	3327	1	886578	0.0000011
all	3331	3	886578	0.0000034
all	3335	1	886578	0.0000011
all	3336	1	886578	0.0000011
all	3337	1	886578	0.0000011
all	3338	2	886578	0.0000023
all	3339	2	886578	0.0000023
all	3342	1	886578	0.0000011
all	3347	2	886578	0.0000023
all	3348	1	886578	0.0000011
all	3349	1	886578	0.0000011
all	3350	1	886578	0.0000011
all	3351	2	886578	0.0000023
all	3356	1	886578	0.0000011
all	3357	1	886578	0.0000011
all	3360	1	886578	0.0000011
all	3361	1	886578	0.0000011
all	3362	2	886578	0.0000023
all	3365	1	886578	0.0000011
all	3366	1	886578	0.0000011
all	3368	2	886578	0.0000023
all	3370	1	886578	0.0000011
all	3374	1	886578	0.0000011
all	3375	1	886578	0.0000011
all	3376	1	886578	0.0000011
all	3377	1	886578	0.0000011
all	3378	1	886578	0.0000011
all	3379	2	886578	0.0000023
all	3380	1	886578	0.0000011
all	3386	2	886578	0.0000023
all	3387	1	886578	0.0000011
all	3388	2	886578	0.0000023
all	3389	2	886578	0.0000023
all	3391	2	886578	0.0000023
all	3392	2	886578	0.0000023
all	3393	1	886578	0.0000011
all	3398	1	886578	0.0000011
all	3399	1	886578	0.0000011
all	3400	1	886578	0.0000011
all	3401	1	886578	0.0000011
all	3404	1	886578	0.0000011
all	3407	2	886578	0.0000023
all	3410	1	886578	0.0000011
all	3411	2	886578	0.0000023
all	3412	1	886578	0.0000011
all	3413	1	886578	0.0000011
all	3415	1	886578	0.0000011
all	3420	3	886578	0.0000034
all	3423	1	886578	0.0000011
all	3425	1	886578	0.0000011
all	3426	2	886578	0.0000023
all	3427	2	886578	0.0000023
all	3429	2	886578	0.0000023
all	3432	1	886578	0.0000011
all	3436	2	886578	0.0000023
all	3437	2	886578	0.0000023
all	3440	2	886578	0.0000023
all	3441	2	886578	0.0000023
all	3442	1	886578	0.0000011
all	3443	1	886578	0.0000011
all	3445	1	886578	0.0000011
all	3449	2	886578	0.0000023
all	3450	2	886578	0.0000023
all	3451	2	886578	0.0000023
all	3452	1	886578	0.0000011
all	3453	1	886578	0.0000011
all	3454	1	886578	0.0000011
all	3455	1	886578	0.0000011
all	3458	1	886578	0.0000011
all	3459	2	886578	0.0000023
all	3460	1	886578	0.0000011
all	3461	2	886578	0.0000023
all	3462	1	886578	0.0000011
all	3463	1	886578	0.0000011
all	3466	2	886578	0.0000023
all	3469	2	886578	0.0000023
all	3470	1	886578	0.0000011
all	3472	1	886578	0.0000011
all	3475	1	886578	0.0000011
all	3477	1	886578	0.0000011
all	3478	2	886578	0.0000023
all	3479	1	886578	0.0000011
all	3480	1	886578	0.0000011
all	3481	6	886578	0.0000068
all	3483	1	886578	0.0000011
all	3484	1	886578	0.0000011
all	3486	1	886578	0.0000011
all	3487	1	886578	0.0000011
all	3488	3	886578	0.0000034
all	3489	1	886578	0.0000011
all	3491	1	886578	0.0000011
all	3493	1	886578	0.0000011
all	3494	1	886578	0.0000011
all	3495	1	886578	0.0000011
all	3496	1	886578	0.0000011
all	3498	2	886578	0.0000023
all	3499	1	886578	0.0000011
all	3503	1	886578	0.0000011
all	3504	1	886578	0.0000011
all	3505	2	886578	0.0000023
all	3507	1	886578	0.0000011
all	3508	1	886578	0.0000011
all	3509	1	886578	0.0000011
all	3513	1	886578	0.0000011
all	3516	1	886578	0.0000011
all	3519	3	886578	0.0000034
all	3521	1	886578	0.0000011
all	3522	2	886578	0.0000023
all	3523	1	886578	0.0000011
all	3526	1	886578	0.0000011
all	3530	2	886578	0.0000023
all	3531	2	886578	0.0000023
all	3532	1	886578	0.0000011
all	3534	2	886578	0.0000023
all	3536	1	886578	0.0000011
all	3537	1	886578	0.0000011
all	3538	2	886578	0.0000023
all	3540	1	886578	0.0000011
all	3541	1	886578	0.0000011
all	3542	2	886578	0.0000023
all	3544	1	886578	0.0000011
all	3545	4	886578	0.0000045
all	3546	1	886578	0.0000011
all	3548	1	886578	0.0000011
all	3549	1	886578	0.0000011
all	3550	2	886578	0.0000023
all	3551	2	886578	0.0000023
all	3552	1	886578	0.0000011
all	3553	2	886578	0.0000023
all	3555	1	886578	0.0000011
all	3557	1	886578	0.0000011
all	3559	1	886578	0.0000011
all	3560	1	886578	0.0000011
all	3562	4	886578	0.0000045
all	3563	2	886578	0.0000023
all	3565	1	886578	0.0000011
all	3566	1	886578	0.0000011
all	3572	1	886578	0.0000011
all	3574	2	886578	0.0000023
all	3575	3	886578	0.0000034
all	3576	1	886578	0.0000011
all	3578	1	886578	0.0000011
all	3579	2	886578	0.0000023
all	3580	1	886578	0.0000011
all	3583	1	886578	0.0000011
all	3584	2	886578	0.0000023
all	3587	2	886578	0.0000023
all	3589	1	886578	0.0000011
all	3594	1	886578	0.0000011
all	3595	1	886578	0.0000011
all	3598	1	886578	0.0000011
all	3599	1	886578	0.0000011
all	3602	3	886578	0.0000034
all	3605	2	886578	0.0000023
all	3606	1	886578	0.0000011
all	3607	2	886578	0.0000023
all	3608	1	886578	0.0000011
all	3610	1	886578	0.0000011
all	3611	2	886578	0.0000023
all	3613	2	886578	0.0000023
all	3614	1	886578	0.0000011
all	3616	1	886578	0.0000011
all	3617	1	886578	0.0000011
all	3618	3	886578	0.0000034
all	3619	2	886578	0.0000023
all	3620	1	886578	0.0000011
all	3621	2	886578	0.0000023
all	3622	1	886578	0.0000011
all	3624	2	886578	0.0000023
all	3625	1	886578	0.0000011
all	3626	1	886578	0.0000011
all	3627	2	886578	0.0000023
all	3630	1	886578	0.0000011
all	3633	2	886578	0.0000023
all	3634	1	886578	0.0000011
all	3636	1	886578	0.0000011
all	3637	1	886578	0.0000011
all	3638	1	886578	0.0000011
all	3641	2	886578	0.0000023
all	3642	2	886578	0.0000023
all	3643	2	886578	0.0000023
all	3644	1	886578	0.0000011
all	3646	1	886578	0.0000011
all	3650	1	886578	0.0000011
all	3652	2	886578	0.0000023
all	3655	1	886578	0.0000011
all	3657	1	886578	0.0000011
all	3658	3	886578	0.0000034
all	3659	1	886578	0.0000011
all	3662	1	886578	0.0000011
all	3665	1	886578	0.0000011
all	3666	1	886578	0.0000011
all	3668	2	886578	0.0000023
all	3672	3	886578	0.0000034
all	3675	1	886578	0.0000011
all	3677	1	886578	0.0000011
all	3680	1	886578	0.0000011
all	3681	2	886578	0.0000023
all	3685	1	886578	0.0000011
all	3687	1	886578	0.0000011
all	3689	1	886578	0.0000011
all	3690	1	886578	0.0000011
all	3691	1	886578	0.0000011
all	3692	1	886578	0.0000011
all	3694	4	886578	0.0000045
all	3696	1	886578	0.0000011
all	3702	1	886578	0.0000011
all	3707	1	886578	0.0000011
all	3709	3	886578	0.0000034
all	3710	1	886578	0.0000011
all	3711	1	886578	0.0000011
all	3713	2	886578	0.0000023
all	3714	2	886578	0.0000023
all	3716	1	886578	0.0000011
all	3718	3	886578	0.0000034
all	3720	2	886578	0.0000023
all	3721	2	886578	0.0000023
all	3723	1	886578	0.0000011
all	3727	2	886578	0.0000023
all	3730	1	886578	0.0000011
all	3732	3	886578	0.0000034
all	3733	2	886578	0.0000023
all	3734	2	886578	0.0000023
all	3735	1	886578	0.0000011
all	3738	1	886578	0.0000011
all	3740	1	886578	0.0000011
all	3743	1	886578	0.0000011
all	3745	1	886578	0.0000011
all	3746	1	886578	0.0000011
all	3751	1	886578	0.0000011
all	3753	2	886578	0.0000023
all	3757	1	886578	0.0000011
all	3762	1	886578	0.0000011
all	3763	1	886578	0.0000011
all	3764	2	886578	0.0000023
all	3768	1	886578	0.0000011
all	3769	1	886578	0.0000011
all	3771	2	886578	0.0000023
all	3772	1	886578	0.0000011
all	3773	1	886578	0.0000011
all	3775	1	886578	0.0000011
all	3779	1	886578	0.0000011
all	3783	1	886578	0.0000011
all	3785	1	886578	0.0000011
all	3787	1	886578	0.0000011
all	3788	1	886578	0.0000011
all	3792	1	886578	0.0000011
all	3795	1	886578	0.0000011
all	3796	2	886578	0.0000023
all	3798	1	886578	0.0000011
all	3799	1	886578	0.0000011
all	3800	2	886578	0.0000023
all	3803	1	886578	0.0000011
all	3807	3	886578	0.0000034
all	3813	2	886578	0.0000023
all	3816	1	886578	0.0000011
all	3819	1	886578	0.0000011
all	3820	3	886578	0.0000034
all	3822	1	886578	0.0000011
all	3825	1	886578	0.0000011
all	3829	1	886578	0.0000011
all	3832	1	886578	0.0000011
all	3834	3	886578	0.0000034
all	3842	1	886578	0.0000011
all	3843	1	886578	0.0000011
all	3849	1	886578	0.0000011
all	3850	1	886578	0.0000011
all	3852	1	886578	0.0000011
all	3854	2	886578	0.0000023
all	3855	1	886578	0.0000011
all	3860	1	886578	0.0000011
all	3866	1	886578	0.0000011
all	3867	1	886578	0.0000011
all	3870	3	886578	0.0000034
all	3871	1	886578	0.0000011
all	3872	1	886578	0.0000011
all	3876	1	886578	0.0000011
all	3877	1	886578	0.0000011
all	3878	1	886578	0.0000011
all	3880	1	886578	0.0000011
all	3884	2	886578	0.0000023
all	3886	1	886578	0.0000011
all	3891	1	886578	0.0000011
all	3898	2	886578	0.0000023
all	3908	1	886578	0.0000011
all	3909	1	886578	0.0000011
all	3912	1	886578	0.0000011
all	3913	1	886578	0.0000011
all	3914	1	886578	0.0000011
all	3916	1	886578	0.0000011
all	3917	1	886578	0.0000011
all	3919	1	886578	0.0000011
all	3920	1	886578	0.0000011
all	3934	1	886578	0.0000011
all	3936	1	886578	0.0000011
all	3940	1	886578	0.0000011
all	3943	1	886578	0.0000011
all	3946	1	886578	0.0000011
all	3950	1	886578	0.0000011
all	3954	1	886578	0.0000011
all	3956	1	886578	0.0000011
all	3959	1	886578	0.0000011
all	3963	1	886578	0.0000011
all	3965	1	886578	0.0000011
all	3971	1	886578	0.0000011
all	3977	1	886578	0.0000011
all	3979	1	886578	0.0000011
all	3984	2	886578	0.0000023
all	3986	1	886578	0.0000011
all	3987	1	886578	0.0000011
all	3988	1	886578	0.0000011
all	3990	1	886578	0.0000011
all	3994	1	886578	0.0000011
all	3997	2	886578	0.0000023
all	4001	1	886578	0.0000011
all	4006	1	886578	0.0000011
all	4010	1	886578	0.0000011
all	4021	1	886578	0.0000011
all	4022	2	886578	0.0000023
all	4024	2	886578	0.0000023
all	4026	2	886578	0.0000023
all	4027	1	886578	0.0000011
all	4028	1	886578	0.0000011
all	4033	2	886578	0.0000023
all	4034	1	886578	0.0000011
all	4037	1	886578	0.0000011
all	4038	1	886578	0.0000011
all	4039	1	886578	0.0000011
all	4040	1	886578	0.0000011
all	4041	1	886578	0.0000011
all	4042	1	886578	0.0000011
all	4043	1	886578	0.0000011
all	4044	2	886578	0.0000023
all	4045	2	886578	0.0000023
all	4047	2	886578	0.0000023
all	4054	1	886578	0.0000011
all	4055	1	886578	0.0000011
all	4056	2	886578	0.0000023
all	4061	1	886578	0.0000011
all	4068	1	886578	0.0000011
all	4069	1	886578	0.0000011
all	4070	4	886578	0.0000045
all	4071	1	886578	0.0000011
all	4072	1	886578	0.0000011
all	4075	2	886578	0.0000023
all	4077	1	886578	0.0000011
all	4078	1	886578	0.0000011
all	4080	1	886578	0.0000011
all	4081	1	886578	0.0000011
all	4083	2	886578	0.0000023
all	4089	1	886578	0.0000011
all	4090	1	886578	0.0000011
all	4092	1	886578	0.0000011
all	4094	1	886578	0.0000011
all	4096	1	886578	0.0000011
all	4097	1	886578	0.0000011
all	4102	1	886578	0.0000011
all	4103	2	886578	0.0000023
all	4106	1	886578	0.0000011
all	4108	1	886578	0.0000011
all	4110	1	886578	0.0000011
all	4111	1	886578	0.0000011
all	4113	2	886578	0.0000023
all	4117	1	886578	0.0000011
all	4121	1	886578	0.0000011
all	4122	1	886578	0.0000011
all	4124	1	886578	0.0000011
all	4125	2	886578	0.0000023
all	4126	2	886578	0.0000023
all	4127	1	886578	0.0000011
all	4128	1	886578	0.0000011
all	4130	1	886578	0.0000011
all	4141	1	886578	0.0000011
all	4143	1	886578	0.0000011
all	4147	1	886578	0.0000011
all	4150	1	886578	0.0000011
all	4156	1	886578	0.0000011
all	4159	1	886578	0.0000011
all	4160	2	886578	0.0000023
all	4163	1	886578	0.0000011
all	4165	1	886578	0.0000011
all	4166	1	886578	0.0000011
all	4173	1	886578	0.0000011
all	4174	2	886578	0.0000023
all	4176	1	886578	0.0000011
all	4177	1	886578	0.0000011
all	4184	1	886578	0.0000011
all	4189	1	886578	0.0000011
all	4192	1	886578	0.0000011
all	4195	2	886578	0.0000023
all	4198	1	886578	0.0000011
all	4199	1	886578	0.0000011
all	4206	1	886578	0.0000011
all	4218	1	886578	0.0000011
all	4220	1	886578	0.0000011
all	4221	1	886578	0.0000011
all	4224	2	886578	0.0000023
all	4227	1	886578	0.0000011
all	4232	1	886578	0.0000011
all	4233	1	886578	0.0000011
all	4234	1	886578	0.0000011
all	4238	1	886578	0.0000011
all	4242	1	886578	0.0000011
all	4251	1	886578	0.0000011
all	4252	1	886578	0.0000011
all	4256	1	886578	0.0000011
all	4260	1	886578	0.0000011
all	4267	1	886578	0.0000011
all	4269	2	886578	0.0000023
all	4270	1	886578	0.0000011
all	4273	2	886578	0.0000023
all	4283	2	886578	0.0000023
all	4288	1	886578	0.0000011
all	4297	1	886578	0.0000011
all	4299	2	886578	0.0000023
all	4305	1	886578	0.0000011
all	4309	1	886578	0.0000011
all	4310	1	886578	0.0000011
all	4311	1	886578	0.0000011
all	4317	1	886578	0.0000011
all	4321	1	886578	0.0000011
all	4322	1	886578	0.0000011
all	4328	1	886578	0.0000011
all	4330	1	886578	0.0000011
all	4335	1	886578	0.0000011
all	4337	1	886578	0.0000011
all	4339	2	886578	0.0000023
all	4340	1	886578	0.0000011
all	4347	1	886578	0.0000011
all	4350	1	886578	0.0000011
all	4351	1	886578	0.0000011
all	4356	1	886578	0.0000011
all	4359	1	886578	0.0000011
all	4361	1	886578	0.0000011
all	4364	2	886578	0.0000023
all	4365	1	886578	0.0000011
all	4369	1	886578	0.0000011
all	4379	1	886578	0.0000011
all	4390	1	886578	0.0000011
all	4392	1	886578	0.0000011
all	4397	1	886578	0.0000011
all	4406	1	886578	0.0000011
all	4408	1	886578	0.0000011
all	4410	1	886578	0.0000011
all	4414	1	886578	0.0000011
all	4418	1	886578	0.0000011
all	4422	1	886578	0.0000011
all	4423	1	886578	0.0000011
all	4426	2	886578	0.0000023
all	4427	2	886578	0.0000023
all	4439	1	886578	0.0000011
all	4443	2	886578	0.0000023
all	4453	1	886578	0.0000011
all	4455	1	886578	0.0000011
all	4456	1	886578	0.0000011
all	4465	2	886578	0.0000023
all	4467	1	886578	0.0000011
all	4472	1	886578	0.0000011
all	4473	1	886578	0.0000011
all	4478	1	886578	0.0000011
all	4481	1	886578	0.0000011
all	4482	3	886578	0.0000034
all	4486	2	886578	0.0000023
all	4487	1	886578	0.0000011
all	4488	1	886578	0.0000011
all	4490	1	886578	0.0000011
all	4505	1	886578	0.0000011
all	4508	1	886578	0.0000011
all	4509	2	886578	0.0000023
all	4510	1	886578	0.0000011
all	4511	1	886578	0.0000011
all	4513	1	886578	0.0000011
all	4515	1	886578	0.0000011
all	4523	2	886578	0.0000023
all	4525	1	886578	0.0000011
all	4526	2	886578	0.0000023
all	4527	2	886578	0.0000023
all	4536	1	886578	0.0000011
all	4537	1	886578	0.0000011
all	4540	1	886578	0.0000011
all	4541	1	886578	0.0000011
all	4542	2	886578	0.0000023
all	4544	1	886578	0.0000011
all	4545	1	886578	0.0000011
all	4548	1	886578	0.0000011
all	4549	2	886578	0.0000023
all	4558	1	886578	0.0000011
all	4559	2	886578	0.0000023
all	4562	1	886578	0.0000011
all	4563	2	886578	0.0000023
all	4565	1	886578	0.0000011
all	4566	1	886578	0.0000011
all	4572	1	886578	0.0000011
all	4573	1	886578	0.0000011
all	4574	1	886578	0.0000011
all	4575	1	886578	0.0000011
all	4580	2	886578	0.0000023
all	4582	1	886578	0.0000011
all	4586	1	886578	0.0000011
all	4587	1	886578	0.0000011
all	4591	1	886578	0.0000011
all	4593	1	886578	0.0000011
all	4594	2	886578	0.0000023
all	4598	1	886578	0.0000011
all	4603	1	886578	0.0000011
all	4607	1	886578	0.0000011
all	4608	2	886578	0.0000023
all	4609	3	886578	0.0000034
all	4611	2	886578	0.0000023
all	4613	1	886578	0.0000011
all	4617	2	886578	0.0000023
all	4618	1	886578	0.0000011
all	4627	1	886578	0.0000011
all	4628	1	886578	0.0000011
all	4630	1	886578	0.0000011
all	4635	1	886578	0.0000011
all	4636	1	886578	0.0000011
all	4638	1	886578	0.0000011
all	4639	1	886578	0.0000011
all	4641	1	886578	0.0000011
all	4642	1	886578	0.0000011
all	4643	1	886578	0.0000011
all	4644	1	886578	0.0000011
all	4646	1	886578	0.0000011
all	4648	1	886578	0.0000011
all	4652	1	886578	0.0000011
all	4654	1	886578	0.0000011
all	4655	1	886578	0.0000011
all	4657	1	886578	0.0000011
all	4658	1	886578	0.0000011
all	4659	1	886578	0.0000011
all	4660	1	886578	0.0000011
all	4662	1	886578	0.0000011
all	4666	1	886578	0.0000011
all	4667	3	886578	0.0000034
all	4668	1	886578	0.0000011
all	4669	2	886578	0.0000023
all	4671	1	886578	0.0000011
all	4673	1	886578	0.0000011
all	4674	2	886578	0.0000023
all	4675	1	886578	0.0000011
all	4676	1	886578	0.0000011
all	4679	1	886578	0.0000011
all	4682	1	886578	0.0000011
all	4683	1	886578	0.0000011
all	4688	2	886578	0.0000023
all	4691	1	886578	0.0000011
all	4693	1	886578	0.0000011
all	4694	1	886578	0.0000011
all	4695	1	886578	0.0000011
all	4702	1	886578	0.0000011
all	4703	1	886578	0.0000011
all	4704	2	886578	0.0000023
all	4705	1	886578	0.0000011
all	4709	1	886578	0.0000011
all	4710	1	886578	0.0000011
all	4713	1	886578	0.0000011
all	4715	1	886578	0.0000011
all	4717	1	886578	0.0000011
all	4718	1	886578	0.0000011
all	4719	1	886578	0.0000011
all	4722	1	886578	0.0000011
all	4724	2	886578	0.0000023
all	4725	1	886578	0.0000011
all	4729	1	886578	0.0000011
all	4735	1	886578	0.0000011
all	4739	2	886578	0.0000023
all	4742	2	886578	0.0000023
all	4743	1	886578	0.0000011
all	4744	2	886578	0.0000023
all	4746	1	886578	0.0000011
all	4749	1	886578	0.0000011
all	4750	1	886578	0.0000011
all	4755	1	886578	0.0000011
all	4756	1	886578	0.0000011
all	4761	1	886578	0.0000011
all	4762	2	886578	0.0000023
all	4763	2	886578	0.0000023
all	4765	1	886578	0.0000011
all	4768	1	886578	0.0000011
all	4770	1	886578	0.0000011
all	4772	2	886578	0.0000023
all	4773	1	886578	0.0000011
all	4776	1	886578	0.0000011
all	4781	1	886578	0.0000011
all	4782	2	886578	0.0000023
all	4788	1	886578	0.0000011
all	4793	3	886578	0.0000034
all	4794	2	886578	0.0000023
all	4798	1	886578	0.0000011
all	4801	2	886578	0.0000023
all	4802	1	886578	0.0000011
all	4804	2	886578	0.0000023
all	4807	1	886578	0.0000011
all	4808	1	886578	0.0000011
all	4809	2	886578	0.0000023
all	4811	1	886578	0.0000011
all	4812	1	886578	0.0000011
all	4814	1	886578	0.0000011
all	4820	1	886578	0.0000011
all	4821	1	886578	0.0000011
all	4823	2	886578	0.0000023
all	4825	2	886578	0.0000023
all	4827	1	886578	0.0000011
all	4828	2	886578	0.0000023
all	4829	2	886578	0.0000023
all	4831	1	886578	0.0000011
all	4832	1	886578	0.0000011
all	4833	1	886578	0.0000011
all	4834	1	886578	0.0000011
all	4835	1	886578	0.0000011
all	4836	1	886578	0.0000011
all	4837	1	886578	0.0000011
all	4839	2	886578	0.0000023
all	4840	2	886578	0.0000023
all	4841	1	886578	0.0000011
all	4842	1	886578	0.0000011
all	4843	2	886578	0.0000023
all	4844	1	886578	0.0000011
all	4845	1	886578	0.0000011
all	4847	2	886578	0.0000023
all	4848	2	886578	0.0000023
all	4855	2	886578	0.0000023
all	4856	1	886578	0.0000011
all	4863	1	886578	0.0000011
all	4866	1	886578	0.0000011
all	4867	1	886578	0.0000011
all	4868	1	886578	0.0000011
all	4869	2	886578	0.0000023
all	4870	2	886578	0.0000023
all	4877	1	886578	0.0000011
all	4880	1	886578	0.0000011
all	4882	1	886578	0.0000011
all	4885	1	886578	0.0000011
all	4892	1	886578	0.0000011
all	4893	1	886578	0.0000011
all	4895	2	886578	0.0000023
all	4899	1	886578	0.0000011
all	4901	2	886578	0.0000023
all	4905	1	886578	0.0000011
all	4907	1	886578	0.0000011
all	4910	1	886578	0.0000011
all	4912	1	886578	0.0000011
all	4916	1	886578	0.0000011
all	4921	2	886578	0.0000023
all	4923	1	886578	0.0000011
all	4926	1	886578	0.0000011
all	4929	1	886578	0.0000011
all	4934	1	886578	0.0000011
all	4936	1	886578	0.0000011
all	4937	1	886578	0.0000011
all	4938	1	886578	0.0000011
all	4944	1	886578	0.0000011
all	4946	2	886578	0.0000023
all	4948	1	886578	0.0000011
all	4950	1	886578	0.0000011
all	4955	1	886578	0.0000011
all	4956	2	886578	0.0000023
all	4957	1	886578	0.0000011
all	4959	1	886578	0.0000011
all	4963	1	886578	0.0000011
all	4964	1	886578	0.0000011
all	4966	1	886578	0.0000011
all	4974	1	886578	0.0000011
all	4975	2	886578	0.0000023
all	4977	2	886578	0.0000023
all	4978	1	886578	0.0000011
all	4979	2	886578	0.0000023
all	4980	2	886578	0.0000023
all	4982	1	886578	0.0000011
all	4983	1	886578	0.0000011
all	4985	1	886578	0.0000011
all	4993	1	886578	0.0000011
all	4996	1	886578	0.0000011
all	4997	2	886578	0.0000023
all	4998	1	886578	0.0000011
all	5000	1	886578	0.0000011
all	5005	1	886578	0.0000011
all	5008	1	886578	0.0000011
all	5009	2	886578	0.0000023
all	5011	1	886578	0.0000011
all	5015	3	886578	0.0000034
all	5018	2	886578	0.0000023
all	5020	1	886578	0.0000011
all	5023	1	886578	0.0000011
all	5024	1	886578	0.0000011
all	5028	1	886578	0.0000011
all	5031	1	886578	0.0000011
all	5032	2	886578	0.0000023
all	5035	1	886578	0.0000011
all	5040	1	886578	0.0000011
all	5042	1	886578	0.0000011
all	5045	1	886578	0.0000011
all	5046	1	886578	0.0000011
all	5051	1	886578	0.0000011
all	5053	1	886578	0.0000011
all	5054	1	886578	0.0000011
all	5065	1	886578	0.0000011
all	5067	2	886578	0.0000023
all	5072	1	886578	0.0000011
all	5073	1	886578	0.0000011
all	5077	3	886578	0.0000034
all	5079	1	886578	0.0000011
all	5080	1	886578	0.0000011
all	5081	2	886578	0.0000023
all	5094	1	886578	0.0000011
all	5095	1	886578	0.0000011
all	5097	1	886578	0.0000011
all	5100	2	886578	0.0000023
all	5104	1	886578	0.0000011
all	5108	1	886578	0.0000011
all	5109	1	886578	0.0000011
all	5111	1	886578	0.0000011
all	5113	1	886578	0.0000011
all	5116	1	886578	0.0000011
all	5117	1	886578	0.0000011
all	5121	1	886578	0.0000011
all	5125	2	886578	0.0000023
all	5126	1	886578	0.0000011
all	5127	1	886578	0.0000011
all	5128	1	886578	0.0000011
all	5130	1	886578	0.0000011
all	5132	1	886578	0.0000011
all	5133	2	886578	0.0000023
all	5134	1	886578	0.0000011
all	5137	2	886578	0.0000023
all	5144	1	886578	0.0000011
all	5145	1	886578	0.0000011
all	5146	1	886578	0.0000011
all	5148	1	886578	0.0000011
all	5160	1	886578	0.0000011
all	5161	2	886578	0.0000023
all	5166	1	886578	0.0000011
all	5168	1	886578	0.0000011
all	5169	2	886578	0.0000023
all	5173	2	886578	0.0000023
all	5174	1	886578	0.0000011
all	5176	1	886578	0.0000011
all	5179	1	886578	0.0000011
all	5181	1	886578	0.0000011
all	5184	1	886578	0.0000011
all	5187	1	886578	0.0000011
all	5188	1	886578	0.0000011
all	5191	2	886578	0.0000023
all	5194	1	886578	0.0000011
all	5207	1	886578	0.0000011
all	5210	1	886578	0.0000011
all	5216	1	886578	0.0000011
all	5219	1	886578	0.0000011
all	5220	1	886578	0.0000011
all	5221	2	886578	0.0000023
all	5224	1	886578	0.0000011
all	5225	1	886578	0.0000011
all	5229	1	886578	0.0000011
all	5230	1	886578	0.0000011
all	5231	1	886578	0.0000011
all	5234	2	886578	0.0000023
all	5236	1	886578	0.0000011
all	5239	1	886578	0.0000011
all	5243	1	886578	0.0000011
all	5245	1	886578	0.0000011
all	5250	2	886578	0.0000023
all	5252	2	886578	0.0000023
all	5258	1	886578	0.0000011
all	5260	1	886578	0.0000011
all	5261	1	886578	0.0000011
all	5263	1	886578	0.0000011
all	5268	1	886578	0.0000011
all	5270	1	886578	0.0000011
all	5271	1	886578	0.0000011
all	5273	2	886578	0.0000023
all	5280	1	886578	0.0000011
all	5282	1	886578	0.0000011
all	5290	2	886578	0.0000023
all	5291	1	886578	0.0000011
all	5295	1	886578	0.0000011
all	5298	1	886578	0.0000011
all	5302	2	886578	0.0000023
all	5309	1	886578	0.0000011
all	5311	1	886578	0.0000011
all	5312	1	886578	0.0000011
all	5316	2	886578	0.0000023
all	5320	1	886578	0.0000011
all	5330	1	886578	0.0000011
all	5332	1	886578	0.0000011
all	5338	1	886578	0.0000011
all	5341	1	886578	0.0000011
all	5346	3	886578	0.0000034
all	5347	1	886578	0.0000011
all	5348	2	886578	0.0000023
all	5352	1	886578	0.0000011
all	5353	1	886578	0.0000011
all	5362	1	886578	0.0000011
all	5363	1	886578	0.0000011
all	5364	1	886578	0.0000011
all	5365	1	886578	0.0000011
all	5375	1	886578	0.0000011
all	5379	1	886578	0.0000011
all	5381	1	886578	0.0000011
all	5383	1	886578	0.0000011
all	5384	3	886578	0.0000034
all	5390	1	886578	0.0000011
all	5391	1	886578	0.0000011
all	5393	1	886578	0.0000011
all	5396	1	886578	0.0000011
all	5397	1	886578	0.0000011
all	5399	1	886578	0.0000011
all	5403	1	886578	0.0000011
all	5407	1	886578	0.0000011
all	5408	2	886578	0.0000023
all	5414	1	886578	0.0000011
all	5415	1	886578	0.0000011
all	5422	1	886578	0.0000011
all	5425	2	886578	0.0000023
all	5434	1	886578	0.0000011
all	5441	1	886578	0.0000011
all	5449	1	886578	0.0000011
all	5450	1	886578	0.0000011
all	5452	2	886578	0.0000023
all	5454	1	886578	0.0000011
all	5461	1	886578	0.0000011
all	5463	1	886578	0.0000011
all	5464	2	886578	0.0000023
all	5471	1	886578	0.0000011
all	5473	1	886578	0.0000011
all	5474	2	886578	0.0000023
all	5477	1	886578	0.0000011
all	5480	1	886578	0.0000011
all	5486	1	886578	0.0000011
all	5487	1	886578	0.0000011
all	5491	1	886578	0.0000011
all	5492	1	886578	0.0000011
all	5497	2	886578	0.0000023
all	5502	1	886578	0.0000011
all	5513	1	886578	0.0000011
all	5514	1	886578	0.0000011
all	5518	1	886578	0.0000011
all	5522	1	886578	0.0000011
all	5523	2	886578	0.0000023
all	5525	1	886578	0.0000011
all	5526	1	886578	0.0000011
all	5527	1	886578	0.0000011
all	5533	1	886578	0.0000011
all	5537	2	886578	0.0000023
all	5542	1	886578	0.0000011
all	5543	1	886578	0.0000011
all	5544	1	886578	0.0000011
all	5545	1	886578	0.0000011
all	5548	1	886578	0.0000011
all	5549	3	886578	0.0000034
all	5552	1	886578	0.0000011
all	5559	1	886578	0.0000011
all	5564	1	886578	0.0000011
all	5565	1	886578	0.0000011
all	5573	1	886578	0.0000011
all	5575	1	886578	0.0000011
all	5576	2	886578	0.0000023
all	5578	1	886578	0.0000011
all	5583	1	886578	0.0000011
all	5587	1	886578	0.0000011
all	5589	1	886578	0.0000011
all	5599	1	886578	0.0000011
all	5603	1	886578	0.0000011
all	5604	1	886578	0.0000011
all	5613	1	886578	0.0000011
all	5614	1	886578	0.0000011
all	5615	1	886578	0.0000011
all	5618	1	886578	0.0000011
all	5619	2	886578	0.0000023
all	5622	1	886578	0.0000011
all	5623	1	886578	0.0000011
all	5625	1	886578	0.0000011
all	5626	1	886578	0.0000011
all	5643	1	886578	0.0000011
all	5647	1	886578	0.0000011
all	5650	1	886578	0.0000011
all	5653	1	886578	0.0000011
all	5654	1	886578	0.0000011
all	5662	1	886578	0.0000011
all	5663	1	886578	0.0000011
all	5664	2	886578	0.0000023
all	5666	1	886578	0.0000011
all	5668	1	886578	0.0000011
all	5671	1	886578	0.0000011
all	5672	1	886578	0.0000011
all	5677	2	886578	0.0000023
all	5684	1	886578	0.0000011
all	5686	1	886578	0.0000011
all	5688	1	886578	0.0000011
all	5690	1	886578	0.0000011
all	5694	1	886578	0.0000011
all	5696	1	886578	0.0000011
all	5699	1	886578	0.0000011
all	5707	1	886578	0.0000011
all	5708	1	886578	0.0000011
all	5712	2	886578	0.0000023
all	5713	1	886578	0.0000011
all	5714	1	886578	0.0000011
all	5715	1	886578	0.0000011
all	5723	1	886578	0.0000011
all	5724	2	886578	0.0000023
all	5726	2	886578	0.0000023
all	5727	1	886578	0.0000011
all	5729	1	886578	0.0000011
all	5732	1	886578	0.0000011
all	5733	1	886578	0.0000011
all	5734	1	886578	0.0000011
all	5737	1	886578	0.0000011
all	5738	1	886578	0.0000011
all	5739	1	886578	0.0000011
all	5743	1	886578	0.0000011
all	5745	2	886578	0.0000023
all	5747	1	886578	0.0000011
all	5755	1	886578	0.0000011
all	5757	2	886578	0.0000023
all	5760	1	886578	0.0000011
all	5771	2	886578	0.0000023
all	5775	1	886578	0.0000011
all	5781	2	886578	0.0000023
all	5787	2	886578	0.0000023
all	5788	1	886578	0.0000011
all	5793	2	886578	0.0000023
all	5801	1	886578	0.0000011
all	5805	1	886578	0.0000011
all	5807	1	886578	0.0000011
all	5809	1	886578	0.0000011
all	5810	2	886578	0.0000023
all	5813	2	886578	0.0000023
all	5814	1	886578	0.0000011
all	5822	2	886578	0.0000023
all	5823	2	886578	0.0000023
all	5830	1	886578	0.0000011
all	5832	1	886578	0.0000011
all	5837	1	886578	0.0000011
all	5846	1	886578	0.0000011
all	5848	1	886578	0.0000011
all	5860	1	886578	0.0000011
all	5863	1	886578	0.0000011
all	5864	1	886578	0.0000011
all	5865	1	886578	0.0000011
all	5872	1	886578	0.0000011
all	5875	1	886578	0.0000011
all	5887	1	886578	0.0000011
all	5897	1	886578	0.0000011
all	5905	1	886578	0.0000011
all	5906	1	886578	0.0000011
all	5908	1	886578	0.0000011
all	5912	1	886578	0.0000011
all	5923	1	886578	0.0000011
all	5924	1	886578	0.0000011
all	5925	1	886578	0.0000011
all	5935	1	886578	0.0000011
all	5937	1	886578	0.0000011
all	5941	1	886578	0.0000011
all	5944	1	886578	0.0000011
all	5948	1	886578	0.0000011
all	5960	1	886578	0.0000011
all	5961	1	886578	0.0000011
all	5965	1	886578	0.0000011
all	5976	1	886578	0.0000011
all	5982	1	886578	0.0000011
all	5983	1	886578	0.0000011
all	5987	1	886578	0.0000011
all	5991	1	886578	0.0000011
all	5993	2	886578	0.0000023
all	5998	1	886578	0.0000011
all	6001	1	886578	0.0000011
all	6005	1	886578	0.0000011
all	6012	3	886578	0.0000034
all	6016	2	886578	0.0000023
all	6020	1	886578	0.0000011
all	6027	1	886578	0.0000011
all	6046	1	886578	0.0000011
all	6051	1	886578	0.0000011
all	6062	1	886578	0.0000011
all	6068	1	886578	0.0000011
all	6078	1	886578	0.0000011
all	6085	1	886578	0.0000011
all	6088	1	886578	0.0000011
all	6092	1	886578	0.0000011
all	6097	2	886578	0.0000023
all	6098	1	886578	0.0000011
all	6099	1	886578	0.0000011
all	6103	1	886578	0.0000011
all	6115	1	886578	0.0000011
all	6117	1	886578	0.0000011
all	6118	2	886578	0.0000023
all	6129	1	886578	0.0000011
all	6138	2	886578	0.0000023
all	6147	1	886578	0.0000011
all	6152	1	886578	0.0000011
all	6155	1	886578	0.0000011
all	6175	1	886578	0.0000011
all	6191	1	886578	0.0000011
all	6194	1	886578	0.0000011
all	6199	1	886578	0.0000011
all	6203	1	886578	0.0000011
all	6210	1	886578	0.0000011
all	6221	1	886578	0.0000011
all	6235	1	886578	0.0000011
all	6256	1	886578	0.0000011
all	6268	1	886578	0.0000011
all	6273	1	886578	0.0000011
all	6277	1	886578	0.0000011
all	6281	1	886578	0.0000011
all	6290	1	886578	0.0000011
all	6304	1	886578	0.0000011
all	6306	1	886578	0.0000011
all	6315	2	886578	0.0000023
all	6327	2	886578	0.0000023
all	6332	1	886578	0.0000011
all	6333	1	886578	0.0000011
all	6334	1	886578	0.0000011
all	6337	1	886578	0.0000011
all	6340	1	886578	0.0000011
all	6344	1	886578	0.0000011
all	6350	1	886578	0.0000011
all	6351	1	886578	0.0000011
all	6371	1	886578	0.0000011
all	6376	1	886578	0.0000011
all	6377	1	886578	0.0000011
all	6379	1	886578	0.0000011
all	6381	1	886578	0.0000011
all	6382	2	886578	0.0000023
all	6385	2	886578	0.0000023
all	6387	2	886578	0.0000023
all	6389	1	886578	0.0000011
all	6390	1	886578	0.0000011
all	6394	2	886578	0.0000023
all	6395	2	886578	0.0000023
all	6397	2	886578	0.0000023
all	6403	1	886578	0.0000011
all	6406	1	886578	0.0000011
all	6407	1	886578	0.0000011
all	6412	1	886578	0.0000011
all	6419	1	886578	0.0000011
all	6421	1	886578	0.0000011
all	6430	1	886578	0.0000011
all	6432	1	886578	0.0000011
all	6436	1	886578	0.0000011
all	6442	1	886578	0.0000011
all	6451	1	886578	0.0000011
all	6465	1	886578	0.0000011
all	6472	1	886578	0.0000011
all	6479	1	886578	0.0000011
all	6488	1	886578	0.0000011
all	6501	1	886578	0.0000011
all	6503	1	886578	0.0000011
all	6512	1	886578	0.0000011
all	6525	1	886578	0.0000011
all	6526	1	886578	0.0000011
all	6544	1	886578	0.0000011
all	6547	1	886578	0.0000011
all	6550	1	886578	0.0000011
all	6553	1	886578	0.0000011
all	6555	1	886578	0.0000011
all	6556	1	886578	0.0000011
all	6557	1	886578	0.0000011
all	6558	1	886578	0.0000011
all	6560	1	886578	0.0000011
all	6562	1	886578	0.0000011
all	6563	1	886578	0.0000011
all	6566	2	886578	0.0000023
all	6569	1	886578	0.0000011
all	6581	1	886578	0.0000011
all	6582	1	886578	0.0000011
all	6602	1	886578	0.0000011
all	6607	1	886578	0.0000011
all	6613	1	886578	0.0000011
all	6618	1	886578	0.0000011
all	6630	1	886578	0.0000011
all	6639	1	886578	0.0000011
all	6645	1	886578	0.0000011
all	6646	1	886578	0.0000011
all	6651	1	886578	0.0000011
all	6660	1	886578	0.0000011
all	6664	1	886578	0.0000011
all	6666	1	886578	0.0000011
all	6667	1	886578	0.0000011
all	6668	1	886578	0.0000011
all	6678	1	886578	0.0000011
all	6682	1	886578	0.0000011
all	6686	1	886578	0.0000011
all	6692	1	886578	0.0000011
all	6694	1	886578	0.0000011
all	6695	1	886578	0.0000011
all	6696	1	886578	0.0000011
all	6714	1	886578	0.0000011
all	6716	1	886578	0.0000011
all	6720	1	886578	0.0000011
all	6734	1	886578	0.0000011
all	6739	1	886578	0.0000011
all	6741	1	886578	0.0000011
all	6742	1	886578	0.0000011
all	6743	1	886578	0.0000011
all	6744	1	886578	0.0000011
all	6746	1	886578	0.0000011
all	6749	1	886578	0.0000011
all	6755	1	886578	0.0000011
all	6765	1	886578	0.0000011
all	6767	1	886578	0.0000011
all	6768	1	886578	0.0000011
all	6769	2	886578	0.0000023
all	6776	1	886578	0.0000011
all	6780	1	886578	0.0000011
all	6799	1	886578	0.0000011
all	6803	1	886578	0.0000011
all	6814	1	886578	0.0000011
all	6820	1	886578	0.0000011
all	6828	1	886578	0.0000011
all	6862	1	886578	0.0000011
all	6872	1	886578	0.0000011
all	6892	1	886578	0.0000011
all	6909	1	886578	0.0000011
all	6921	2	886578	0.0000023
all	6956	1	886578	0.0000011
all	6982	1	886578	0.0000011
all	6988	1	886578	0.0000011
all	7014	1	886578	0.0000011
all	7049	1	886578	0.0000011
all	7050	1	886578	0.0000011
all	7066	1	886578	0.0000011
all	7077	1	886578	0.0000011
all	7079	1	886578	0.0000011
all	7085	1	886578	0.0000011
all	7099	1	886578	0.0000011
all	7103	1	886578	0.0000011
all	7153	1	886578	0.0000011
all	7157	1	886578	0.0000011
all	7171	1	886578	0.0000011
all	7181	1	886578	0.0000011
all	7195	1	886578	0.0000011
all	7201	2	886578	0.0000023
all	7219	1	886578	0.0000011
all	7234	1	886578	0.0000011
all	7236	1	886578	0.0000011
all	7241	1	886578	0.0000011
all	7258	1	886578	0.0000011
all	7267	1	886578	0.0000011
all	7285	1	886578	0.0000011
all	7306	1	886578	0.0000011
all	7308	2	886578	0.0000023
all	7311	1	886578	0.0000011
all	7333	1	886578	0.0000011
all	7347	1	886578	0.0000011
all	7373	1	886578	0.0000011
all	7402	1	886578	0.0000011
all	7405	1	886578	0.0000011
all	7415	1	886578	0.0000011
all	7423	1	886578	0.0000011
all	7430	1	886578	0.0000011
all	7436	1	886578	0.0000011
all	7474	1	886578	0.0000011
all	7503	1	886578	0.0000011
all	7512	1	886578	0.0000011
all	7518	1	886578	0.0000011
all	7520	1	886578	0.0000011
all	7533	1	886578	0.0000011
all	7551	1	886578	0.0000011
all	7554	1	886578	0.0000011
all	7559	1	886578	0.0000011
all	7564	1	886578	0.0000011
all	7588	1	886578	0.0000011
all	7592	1	886578	0.0000011
all	7595	1	886578	0.0000011
all	7601	1	886578	0.0000011
all	7621	1	886578	0.0000011
all	7627	1	886578	0.0000011
all	7633	1	886578	0.0000011
all	7636	1	886578	0.0000011
all	7655	1	886578	0.0000011
all	7658	1	886578	0.0000011
all	7662	1	886578	0.0000011
all	7675	1	886578	0.0000011
all	7679	1	886578	0.0000011
all	7691	1	886578	0.0000011
all	7696	1	886578	0.0000011
all	7712	1	886578	0.0000011
all	7722	1	886578	0.0000011
all	7737	1	886578	0.0000011
all	7738	2	886578	0.0000023
all	7755	1	886578	0.0000011
all	7766	1	886578	0.0000011
all	7778	1	886578	0.0000011
all	7782	1	886578	0.0000011
all	7818	1	886578	0.0000011
all	7824	1	886578	0.0000011
all	7826	1	886578	0.0000011
all	7838	1	886578	0.0000011
all	7845	1	886578	0.0000011
all	7848	1	886578	0.0000011
all	7849	1	886578	0.0000011
all	7850	1	886578	0.0000011
all	7856	1	886578	0.0000011
all	7863	1	886578	0.0000011
all	7864	1	886578	0.0000011
all	7875	1	886578	0.0000011
all	7877	1	886578	0.0000011
all	7882	1	886578	0.0000011
all	7905	1	886578	0.0000011
all	7906	1	886578	0.0000011
all	7909	1	886578	0.0000011
all	7931	1	886578	0.0000011
all	7932	1	886578	0.0000011
all	7949	1	886578	0.0000011
all	7952	1	886578	0.0000011
all	7976	1	886578	0.0000011
all	7983	1	886578	0.0000011
all	7989	1	886578	0.0000011
all	7991	1	886578	0.0000011
all	8008	1	886578	0.0000011
all	8019	1	886578	0.0000011
all	8025	1	886578	0.0000011
all	8026	1	886578	0.0000011
all	8027	1	886578	0.0000011
all	8039	1	886578	0.0000011
all	8047	1	886578	0.0000011
all	8068	1	886578	0.0000011
all	8070	1	886578	0.0000011
all	8071	2	886578	0.0000023
all	8075	1	886578	0.0000011
all	8077	1	886578	0.0000011
all	8081	1	886578	0.0000011
all	8083	1	886578	0.0000011
all	8090	1	886578	0.0000011
all	8093	1	886578	0.0000011
all	8094	1	886578	0.0000011
all	8095	1	886578	0.0000011
all	8103	1	886578	0.0000011
all	8113	1	886578	0.0000011
all	8117	1	886578	0.0000011
all	8123	1	886578	0.0000011
all	8132	1	886578	0.0000011
all	8142	1	886578	0.0000011
all	8143	1	886578	0.0000011
all	8147	1	886578	0.0000011
all	8150	1	886578	0.0000011
all	8156	1	886578	0.0000011
all	8157	1	886578	0.0000011
all	8158	1	886578	0.0000011
all	8163	1	886578	0.0000011
all	8166	1	886578	0.0000011
all	8168	1	886578	0.0000011
all	8173	1	886578	0.0000011
all	8175	1	886578	0.0000011
all	8178	1	886578	0.0000011
all	8181	3	886578	0.0000034
all	8184	1	886578	0.0000011
all	8188	1	886578	0.0000011
all	8190	1	886578	0.0000011
all	8195	1	886578	0.0000011
all	8200	2	886578	0.0000023
all	8217	1	886578	0.0000011
all	8228	1	886578	0.0000011
all	8233	1	886578	0.0000011
all	8241	1	886578	0.0000011
all	8242	1	886578	0.0000011
all	8248	1	886578	0.0000011
all	8257	1	886578	0.0000011
all	8282	1	886578	0.0000011
all	8284	2	886578	0.0000023
all	8304	1	886578	0.0000011
all	8308	2	886578	0.0000023
all	8315	1	886578	0.0000011
all	8321	1	886578	0.0000011
all	8322	1	886578	0.0000011
all	8323	1	886578	0.0000011
all	8324	1	886578	0.0000011
all	8334	1	886578	0.0000011
all	8337	1	886578	0.0000011
all	8340	1	886578	0.0000011
all	8343	1	886578	0.0000011
all	8345	1	886578	0.0000011
all	8346	1	886578	0.0000011
all	8350	1	886578	0.0000011
all	8359	1	886578	0.0000011
all	8361	2	886578	0.0000023
all	8368	1	886578	0.0000011
all	8369	2	886578	0.0000023
all	8372	2	886578	0.0000023
all	8390	1	886578	0.0000011
all	8399	1	886578	0.0000011
all	8400	1	886578	0.0000011
all	8415	1	886578	0.0000011
all	8416	1	886578	0.0000011
all	8425	1	886578	0.0000011
all	8431	1	886578	0.0000011
all	8432	1	886578	0.0000011
all	8440	1	886578	0.0000011
all	8451	1	886578	0.0000011
all	8456	1	886578	0.0000011
all	8460	1	886578	0.0000011
all	8465	1	886578	0.0000011
all	8467	1	886578	0.0000011
all	8468	1	886578	0.0000011
all	8469	1	886578	0.0000011
all	8473	1	886578	0.0000011
all	8476	1	886578	0.0000011
all	8477	1	886578	0.0000011
all	8485	2	886578	0.0000023
all	8489	1	886578	0.0000011
all	8495	1	886578	0.0000011
all	8499	1	886578	0.0000011
all	8501	1	886578	0.0000011
all	8505	1	886578	0.0000011
all	8506	1	886578	0.0000011
all	8508	1	886578	0.0000011
all	8510	1	886578	0.0000011
all	8511	1	886578	0.0000011
all	8512	1	886578	0.0000011
all	8519	1	886578	0.0000011
all	8525	1	886578	0.0000011
all	8526	1	886578	0.0000011
all	8537	1	886578	0.0000011
all	8544	1	886578	0.0000011
all	8546	1	886578	0.0000011
all	8558	1	886578	0.0000011
all	8563	1	886578	0.0000011
all	8575	1	886578	0.0000011
all	8585	1	886578	0.0000011
all	8592	2	886578	0.0000023
all	8593	1	886578	0.0000011
all	8594	1	886578	0.0000011
all	8598	2	886578	0.0000023
all	8603	1	886578	0.0000011
all	8605	1	886578	0.0000011
all	8611	1	886578	0.0000011
all	8612	1	886578	0.0000011
all	8614	1	886578	0.0000011
all	8618	2	886578	0.0000023
all	8632	1	886578	0.0000011
all	8638	1	886578	0.0000011
all	8640	1	886578	0.0000011
all	8649	1	886578	0.0000011
all	8652	1	886578	0.0000011
all	8654	1	886578	0.0000011
all	8655	1	886578	0.0000011
all	8663	1	886578	0.0000011
all	8666	1	886578	0.0000011
all	8670	1	886578	0.0000011
all	8682	1	886578	0.0000011
all	8690	1	886578	0.0000011
all	8699	1	886578	0.0000011
all	8712	1	886578	0.0000011
all	8736	1	886578	0.0000011
all	8758	1	886578	0.0000011
all	8776	1	886578	0.0000011
all	8780	1	886578	0.0000011
all	8788	1	886578	0.0000011
all	8822	1	886578	0.0000011
all	8859	1	886578	0.0000011
all	8870	1	886578	0.0000011
all	8918	1	886578	0.0000011
all	8940	1	886578	0.0000011
all	8941	1	886578	0.0000011
all	8975	1	886578	0.0000011
all	8980	1	886578	0.0000011
all	8997	1	886578	0.0000011
all	9004	1	886578	0.0000011
all	9005	1	886578	0.0000011
all	9006	1	886578	0.0000011
all	9012	1	886578	0.0000011
all	9019	1	886578	0.0000011
all	9020	1	886578	0.0000011
all	9040	1	886578	0.0000011
all	9043	1	886578	0.0000011
all	9044	1	886578	0.0000011
all	9045	1	886578	0.0000011
all	9048	1	886578	0.0000011
all	9051	1	886578	0.0000011
all	9054	1	886578	0.0000011
all	9067	1	886578	0.0000011
all	9074	1	886578	0.0000011
all	9081	1	886578	0.0000011
all	9115	1	886578	0.0000011
all	9125	1	886578	0.0000011
all	9150	1	886578	0.0000011
all	9152	1	886578	0.0000011
all	9154	1	886578	0.0000011
all	9160	1	886578	0.0000011
all	9168	1	886578	0.0000011
all	9178	1	886578	0.0000011
all	9194	1	886578	0.0000011
all	9201	1	886578	0.0000011
all	9210	1	886578	0.0000011
all	9215	1	886578	0.0000011
all	9226	1	886578	0.0000011
all	9244	2	886578	0.0000023
all	9245	1	886578	0.0000011
all	9254	1	886578	0.0000011
all	9332	1	886578	0.0000011
all	9351	1	886578	0.0000011
all	9417	1	886578	0.0000011
all	9514	1	886578	0.0000011
all	9574	1	886578	0.0000011
all	9587	1	886578	0.0000011
all	9636	1	886578	0.0000011
all	9671	1	886578	0.0000011
all	9676	1	886578	0.0000011
all	9745	1	886578	0.0000011
all	9775	1	886578	0.0000011
all	9826	1	886578	0.0000011
all	9901	1	886578	0.0000011
all	9988	1	886578	0.0000011
all	10010	1	886578	0.0000011
all	10069	1	886578	0.0000011
all	10070	1	886578	0.0000011
all	10118	1	886578	0.0000011
all	10139	1	886578	0.0000011
all	10197	1	886578	0.0000011
all	10219	1	886578	0.0000011
all	10280	1	886578	0.0000011
all	10303	1	886578	0.0000011
all	10310	1	886578	0.0000011
all	10355	1	886578	0.0000011
all	10378	1	886578	0.0000011
all	10405	1	886578	0.0000011
all	10464	1	886578	0.0000011
all	10467	2	886578	0.0000023
all	10484	1	886578	0.0000011
all	10494	1	886578	0.0000011
all	10498	1	886578	0.0000011
all	10499	1	886578	0.0000011
all	10508	1	886578	0.0000011
all	10540	1	886578	0.0000011
all	10548	1	886578	0.0000011
all	10557	1	886578	0.0000011
all	10564	1	886578	0.0000011
all	10603	1	886578	0.0000011
all	10610	2	886578	0.0000023
all	10616	1	886578	0.0000011
all	10635	1	886578	0.0000011
all	10643	1	886578	0.0000011
all	10646	1	886578	0.0000011
all	10650	1	886578	0.0000011
all	10657	1	886578	0.0000011
all	10663	2	886578	0.0000023
all	10667	1	886578	0.0000011
all	10674	2	886578	0.0000023
all	10683	2	886578	0.0000023
all	10685	1	886578	0.0000011
all	10691	2	886578	0.0000023
all	10693	1	886578	0.0000011
all	10696	2	886578	0.0000023
all	10704	1	886578	0.0000011
all	10712	1	886578	0.0000011
all	10713	1	886578	0.0000011
all	10718	1	886578	0.0000011
all	10720	1	886578	0.0000011
all	10724	1	886578	0.0000011
all	10725	1	886578	0.0000011
all	10728	1	886578	0.0000011
all	10735	1	886578	0.0000011
all	10736	1	886578	0.0000011
all	10737	1	886578	0.0000011
all	10738	1	886578	0.0000011
all	10739	1	886578	0.0000011
all	10752	1	886578	0.0000011
all	10759	2	886578	0.0000023
all	10761	1	886578	0.0000011
all	10790	1	886578	0.0000011
all	10814	1	886578	0.0000011
all	10982	1	886578	0.0000011
all	11137	1	886578	0.0000011
all	11223	1	886578	0.0000011
all	11254	1	886578	0.0000011
all	11392	1	886578	0.0000011
all	11571	1	886578	0.0000011
all	11672	1	886578	0.0000011
all	11748	1	886578	0.0000011
all	11818	1	886578	0.0000011
all	11950	1	886578	0.0000011
all	12078	1	886578	0.0000011
all	12170	1	886578	0.0000011
all	12337	1	886578	0.0000011
all	12520	1	886578	0.0000011
all	12628	1	886578	0.0000011
all	12853	1	886578	0.0000011
all	13065	1	886578	0.0000011
all	13154	1	886578	0.0000011
all	13266	1	886578	0.0000011
all	13313	1	886578	0.0000011
all	13383	1	886578	0.0000011
all	13399	1	886578	0.0000011
all	13415	1	886578	0.0000011
all	13457	1	886578	0.0000011
all	13473	1	886578	0.0000011
all	13554	1	886578	0.0000011
all	13693	1	886578	0.0000011
all	13779	1	886578	0.0000011
all	13796	1	886578	0.0000011
all	13870	1	886578	0.0000011
all	13896	1	886578	0.0000011
all	13921	1	886578	0.0000011
all	13934	1	886578	0.0000011
all	13997	1	886578	0.0000011
all	13999	1	886578	0.0000011
all	14041	1	886578	0.0000011
all	14071	1	886578	0.0000011
all	14079	1	886578	0.0000011
all	14084	1	886578	0.0000011
all	14143	1	886578	0.0000011
all	14156	1	886578	0.0000011
all	14233	1	886578	0.0000011
all	14243	1	886578	0.0000011
all	14245	1	886578	0.0000011
all	14306	1	886578	0.0000011
all	14353	1	886578	0.0000011
all	14392	1	886578	0.0000011
all	14440	1	886578	0.0000011
all	14523	1	886578	0.0000011
all	14542	1	886578	0.0000011
all	14580	1	886578	0.0000011
all	14605	1	886578	0.0000011
all	14609	1	886578	0.0000011
all	14610	1	886578	0.0000011
all	14679	1	886578	0.0000011
all	14686	1	886578	0.0000011
all	14699	1	886578	0.0000011
all	14708	2	886578	0.0000023
all	14712	1	886578	0.0000011
all	14761	1	886578	0.0000011
all	14791	1	886578	0.0000011
all	14817	1	886578	0.0000011
all	14853	1	886578	0.0000011
all	14866	1	886578	0.0000011
all	14885	1	886578	0.0000011
all	14893	1	886578	0.0000011
all	14907	1	886578	0.0000011
all	14934	1	886578	0.0000011
all	14942	1	886578	0.0000011
all	14950	1	886578	0.0000011
all	14957	1	886578	0.0000011
all	14987	1	886578	0.0000011
all	15049	1	886578	0.0000011
all	15051	1	886578	0.0000011
all	15061	1	886578	0.0000011
all	15065	1	886578	0.0000011
all	15075	1	886578	0.0000011
all	15086	1	886578	0.0000011
all	15091	1	886578	0.0000011
all	15102	1	886578	0.0000011
all	15122	1	886578	0.0000011
all	15133	1	886578	0.0000011
all	15134	2	886578	0.0000023
all	15138	2	886578	0.0000023
all	15152	1	886578	0.0000011
all	15182	1	886578	0.0000011
all	15189	1	886578	0.0000011
all	15198	1	886578	0.0000011
all	15199	1	886578	0.0000011
all	15246	1	886578	0.0000011
