Sample	1	2	3	4	5	6	7	8	9	10	11	12	13	14	15	16	17	18	19	20	21	22	23	24	25	26	27	28	29	30	31	32	33	34	35	36	37	38	39	40	41	42	43	44	45	46	47	48	49	50	51	52	53	54	55	56	57	58	59	60	61	62	63	64	65	66	67	68	69	70	71	72	73	74	75	76	77	78	79	80	81	82	83	84	85	86	87	88	89	90	91	92	93	94	95	96	97	98	99	100	101	102	103	104	105	106	107	108	109	110	111	112	113	114	115	116	117	118	119	120	121	122	123	124	125	126	127	128	129	130	131	132	133	134	135	136	137	138	139	140	141	142	143	144	145	146	147	148	149	150
Leq-ABas_001_Ex1_L3_fastp	61.223000000000006	45.0858	47.8588	46.700900000000004	47.5863	45.9741	45.9124	47.2552	47.802499999999995	46.3932	51.051	50.3205	49.092400000000005	49.0776	48.4334	48.2386	48.7772	48.463699999999996	48.6367	48.6147	48.8546	48.3116	48.6988	48.004400000000004	48.2741	48.2325	48.1716	48.1516	48.4306	48.1638	48.3478	48.4122	48.2024	48.0409	48.445100000000004	47.7991	48.3331	48.3077	48.3584	48.222500000000004	48.814	48.0712	48.4879	48.5991	47.8993	47.8924	48.5161	47.9686	48.4458	48.662499999999994	48.521300000000004	48.1254	48.6128	47.943799999999996	48.3281	48.0771	48.2039	48.2916	48.6535	48.1438	48.6194	48.3769	47.9413	48.3887	48.2096	48.0097	48.3715	48.4589	48.2106	48.350300000000004	48.5931	47.9437	48.2099	48.4761	47.9676	48.329100000000004	48.8254	47.8394	48.5072	48.4088	48.196	48.229	48.4244	47.9923	48.045	48.3119	48.107699999999994	48.4401	48.7143	48.0689	48.6087	48.5321	48.0552	48.278999999999996	48.5171	48.1237	48.8258	48.9146	48.4887	48.9141	49.0704	48.5912	48.878	49.1554	48.650999999999996	49.1422	49.483700000000006	49.326	49.5947	49.7346	49.5243	49.5337	49.9871	49.318200000000004	49.9606	50.2155	50.05159999999999	50.282000000000004	50.533300000000004	50.063100000000006	50.6522	50.7766	50.3822	50.6585	51.0888	50.6306	51.197700000000005	51.438700000000004	50.9552	51.36730000000001	51.7153	51.074600000000004	51.575700000000005	51.8261	51.661500000000004	51.8018	52.3999	52.1007	52.227000000000004	52.6028	52.0679	52.52869999999999	52.884299999999996	52.2619	52.94799999999999	53.3498	52.8386	53.3152	53.9064	53.3805
Leq-ABas_002_Ex1_L3_fastp	62.4359	44.3457	47.7752	45.5032	46.2817	44.9837	44.819199999999995	46.371	47.4378	45.71	50.7364	50.329800000000006	48.0963	48.7175	47.7762	47.3527	47.8001	47.971599999999995	48.0871	47.8219	48.879400000000004	47.5403	48.0404	47.4181	47.5501	47.5039	47.7493	47.489399999999996	47.8267	47.9105	47.5971	47.8033	47.78	47.1485	47.6781	47.0327	47.590199999999996	47.7112	48.188700000000004	47.7715	48.6442	47.7314	47.9315	48.078700000000005	47.2013	46.9901	47.9523	47.612500000000004	48.2398	48.4479	48.7461	47.5313	48.1105	47.3112	47.7839	47.1089	47.8102	47.844500000000004	48.3356	47.9602	48.4592	47.8833	47.2515	48.043	47.1503	47.7582	47.8134	48.023700000000005	47.8385	47.9621	48.0538	47.3758	47.4813	47.708	47.3471	47.7652	48.3999	47.0924	48.05	47.669200000000004	47.6346	47.4204	47.4239	47.2251	46.8869	47.3776	47.342099999999995	47.8524	47.9883	47.3279	47.827999999999996	47.405	46.805	46.9465	47.192499999999995	47.0461	48.0417	47.8335	47.3848	47.8722	47.8364	47.2149	47.3	47.5203	47.159600000000005	47.762	47.8765	48.3154	48.2344	48.126000000000005	48.3706	47.7503	48.0088	47.5047	48.1718	48.228300000000004	48.4735	48.4854	48.328199999999995	48.142	48.5961	48.2871	48.0997	48.2329	48.3655	48.2678	48.4298	48.565000000000005	48.398799999999994	48.4632	48.626999999999995	48.024899999999995	48.2966	48.354	48.4861	48.4612	48.8718	49.044399999999996	48.539300000000004	48.777	48.287600000000005	48.4089	48.4728	48.160799999999995	48.701	48.9856	48.6472	48.7656	49.1176	48.7604
Leq-ABas_003_Ex1_L3_fastp	57.6824	40.4769	45.5951	42.9742	43.3491	42.0668	42.0078	42.9838	44.099500000000006	42.3858	47.1336	46.4627	44.7538	44.6218	44.5154	44.0376	44.4307	44.541199999999996	44.6202	44.3119	45.129000000000005	44.268299999999996	44.5309	44.1344	44.317499999999995	44.0169	44.3589	44.101099999999995	44.2803	44.3568	44.364799999999995	44.2345	44.4252	43.927	44.277699999999996	43.901	44.2993	44.1154	44.485200000000006	44.183699999999995	44.597500000000004	44.231300000000005	44.4549	44.3251	44.0315	43.8023	44.3504	44.0595	44.4946	44.400600000000004	44.7736	44.074400000000004	44.4248	43.9091	44.392199999999995	43.7706	44.2832	44.236399999999996	44.441900000000004	44.2878	44.637100000000004	44.0349	43.9275	44.2782	43.8694	44.1139	44.2715	44.195299999999996	44.292300000000004	44.2556	44.2419	44.008	44.0479	44.0616	44.034800000000004	44.1274	44.4768	43.8504	44.46	43.9456	44.2163	44.013200000000005	43.9252	43.8718	43.7288	43.7936	44.0227	44.1993	44.2785	43.9732	44.2744	43.933	43.7185	43.8317	43.804300000000005	43.7571	44.3582	44.17	44.1334	44.301	44.236399999999996	43.9535	44.0128	44.056400000000004	43.9328	44.2328	44.315599999999996	44.5516	44.5475	44.390800000000006	44.5856	44.255	44.407999999999994	44.131	44.58	44.4811	44.8109	44.8039	44.6459	44.6354	45.0116	44.6593	44.7192	44.742599999999996	44.7833	44.8082	45.0721	45.0529	44.984	45.0674	45.1102	44.8365	45.0824	44.8943	45.261	45.164500000000004	45.4555	45.8326	45.4495	45.4473	45.375	45.5736	45.3876	45.429	45.8534	45.8362	45.9361	46.0503	46.2226	46.0833
Leq-ABas_004_Ex1_L3_fastp	59.4966	45.0851	46.7958	45.732099999999996	46.5903	45.2137	44.8555	46.5865	46.7033	45.0316	49.7111	49.0819	47.8422	47.708099999999995	47.1999	47.0701	47.5744	47.206900000000005	47.373	47.4822	47.5238	47.1172	47.468199999999996	46.7885	47.0636	47.105000000000004	46.862700000000004	46.852700000000006	47.2887	46.8705	47.101	47.213899999999995	46.9798	46.8209	47.2213	46.6061	46.9572	47.075	46.968900000000005	46.8913	47.4789	46.7778	47.0584	47.2646	46.7412	46.7092	47.1696	46.6893	47.0476	47.239799999999995	47.0944	46.8761	47.3035	46.6845	46.976600000000005	46.9927	46.873799999999996	46.9366	47.3184	46.8571	47.099000000000004	47.131299999999996	46.6792	46.9754	47.0799	46.7229	47.0204	47.2342	46.8859	46.9582	47.336	46.714800000000004	46.964600000000004	47.204499999999996	46.7736	46.9735	47.4506	46.6943	47.13	47.1767	46.9195	46.9159	47.1771	46.7768	46.8596	47.152899999999995	46.8542	47.1155	47.4335	46.9222	47.2142	47.3134	46.848600000000005	46.9763	47.3501	46.9397	47.366	47.6073	47.226600000000005	47.494	47.7684	47.275	47.4741	47.7949	47.3734	47.7367	48.0401	47.7237	47.9912	48.274499999999996	47.9715	48.0355	48.4272	47.8746	48.3237	48.6913	48.3711	48.5329	48.843199999999996	48.4643	48.8271	49.0993	48.629400000000004	48.8814	49.3166	48.814099999999996	49.2108	49.605199999999996	49.1086	49.391400000000004	49.849199999999996	49.2296	49.5595	49.986399999999996	49.6601	49.8457	50.44220000000001	49.987500000000004	50.18939999999999	50.656400000000005	50.0605	50.3444	50.9185	50.278999999999996	50.79050000000001	51.3026	50.5884	50.984300000000005	51.6648	51.1725
Leq-ABas_005_Ex1_L3_fastp	61.3646	44.5526	46.5574	46.6451	47.0749	45.87	45.443099999999994	46.9493	47.0421	45.7005	50.639	50.1503	48.978899999999996	48.4946	48.1178	48.113	48.3921	48.0003	48.32	48.198299999999996	48.0676	47.9531	48.064099999999996	47.4878	47.850300000000004	47.7294	47.5947	47.7635	47.990899999999996	47.619099999999996	47.9095	47.925200000000004	47.6541	47.7735	47.9631	47.4659	47.9315	47.8302	47.6291	47.8381	48.0774	47.426899999999996	47.9943	47.9058	47.5391	47.7252	47.9461	47.462700000000005	48.0049	47.9952	47.7222	47.794599999999996	47.9437	47.3951	47.9321	47.7644	47.614200000000004	47.8523	48.021	47.5906	48.0109	47.828700000000005	47.486200000000004	47.897400000000005	47.848600000000005	47.5375	47.9513	47.919200000000004	47.6128	47.9719	47.9792	47.5358	47.9311	47.9041	47.5773	47.9615	48.0893	47.544399999999996	48.0578	48.0023	47.6862	47.9078	47.9641	47.6578	47.9885	47.9633	47.7202	48.1045	48.1979	47.748400000000004	48.247800000000005	48.1454	47.8253	48.1997	48.2982	47.890899999999995	48.473699999999994	48.429899999999996	48.1574	48.5809	48.6175	48.182199999999995	48.591	48.707899999999995	48.396499999999996	48.8546	48.9562	48.653400000000005	49.0776	49.105	48.7909	49.1159	49.288	48.8025	49.3519	49.4358	49.1357	49.5509	49.5719	49.194700000000005	49.7587	49.726	49.3238	49.774	49.9336	49.526900000000005	49.9628	50.001799999999996	49.6473	50.038199999999996	50.180499999999995	49.7319	50.266999999999996	50.2482	49.9087	50.385999999999996	50.538700000000006	50.094899999999996	50.507400000000004	50.599199999999996	50.2768	50.6347	50.7606	50.3805	50.92529999999999	50.9286	50.4203	50.9988	51.129400000000004	50.8179
Leq-ABas_006_Ex1_L3_fastp	65.5634	46.1702	48.4083	47.612300000000005	49.2242	47.619299999999996	47.146300000000004	48.7852	49.5936	46.6823	52.970099999999995	52.0005	51.21059999999999	50.6918	50.4328	49.9182	50.7038	49.930400000000006	50.511799999999994	50.153099999999995	50.4899	49.8172	50.3826	49.4383	49.947399999999995	49.803	49.8123	49.6383	50.296600000000005	49.6381	50.0063	49.9619	49.8627	49.583	50.227999999999994	49.4007	50.0403	49.8693	49.9691	49.708200000000005	50.427200000000006	49.5221	50.14490000000001	50.005	49.7374	49.5803	50.261599999999994	49.5119	50.12259999999999	50.12259999999999	50.07899999999999	49.728899999999996	50.2766	49.527300000000004	50.023300000000006	49.810900000000004	49.848	49.7743	50.344199999999994	49.6507	50.2022	49.998599999999996	49.730000000000004	49.8596	50.0845	49.689699999999995	50.0051	50.0186	49.9116	49.8436	50.228899999999996	49.5859	49.9116	49.9689	49.6958	49.906	50.3338	49.518299999999996	50.0984	49.9938	49.8695	49.719	50.082499999999996	49.5955	49.9328	49.9149	49.7616	49.9311	50.290800000000004	49.6427	50.0857	50.0247	49.736799999999995	49.7139	50.168800000000005	49.650499999999994	50.1444	50.1273	49.8917	50.0269	50.318200000000004	49.741800000000005	50.011300000000006	50.1915	49.841800000000006	50.045300000000005	50.3694	49.9626	50.2583	50.3195	50.1623	50.061699999999995	50.422900000000006	49.8498	50.2931	50.369200000000006	50.18280000000001	50.146100000000004	50.4981	49.9365	50.3597	50.368199999999995	50.0619	50.1749	50.5023	50.05500000000001	50.40559999999999	50.37629999999999	50.129000000000005	50.091699999999996	50.5637	49.9135	50.2922	50.3421	50.0893	50.208	50.5688	50.0865	50.3329	50.375899999999994	50.124199999999995	50.248400000000004	50.5305	50.043099999999995	50.4827	50.490100000000005	50.0955	50.2972	50.5806	50.251599999999996
Leq-ABas_007_Ex1_L3_fastp	64.0858	45.7939	47.6751	47.0075	48.7331	47.1623	46.681200000000004	48.4728	48.8739	46.172999999999995	52.189600000000006	51.456199999999995	50.8849	50.295	49.973800000000004	49.5258	50.0436	49.4112	50.0035	49.6626	49.8444	49.4194	49.7222	48.9539	49.2844	49.1171	49.3161	49.1419	49.6826	49.0255	49.3813	49.5346	49.2236	49.124	49.5923	49.161100000000005	49.5445	49.4681	49.2537	49.1223	49.676500000000004	48.9182	49.5082	49.439699999999995	49.004	49.1539	49.5153	48.7969	49.4409	49.3484	49.2367	49.205	49.5583	49.199	49.3677	49.2492	48.972300000000004	49.299	49.5476	49.0815	49.405	49.3886	49.260799999999996	49.3137	49.3808	49.120000000000005	49.3326	49.1907	49.1635	49.2011	49.6111	49.317699999999995	49.3039	49.3839	48.9994	49.1263	49.417699999999996	49.1791	49.4321	49.2106	49.342999999999996	49.0654	49.6092	49.0494	49.5411	49.1605	49.1504	49.5119	49.648399999999995	49.1987	49.1984	49.434	49.0721	49.1824	49.632799999999996	49.2379	49.4485	49.6392	49.4232	49.3899	49.708000000000006	49.196400000000004	49.5424	49.6782	49.3671	49.4144	49.9004	49.4187	49.4048	49.68	49.585499999999996	49.5984	49.5601	49.2114	49.7549	50.04880000000001	49.4759	49.5246	49.8823	49.4873	49.6971	49.7465	49.4841	49.8172	49.7611	49.4884	49.7982	49.8097	49.600300000000004	49.6659	50.125699999999995	49.3435	49.7029	49.7936	49.5984	49.6181	49.987500000000004	49.6087	49.9792	49.781	49.8826	49.6518	50.0359	49.641999999999996	50.196	50.3498	49.8193	49.8101	50.27199999999999	49.776199999999996
Leq-ABas_008_Ex1_L3_fastp	61.0298	44.628299999999996	45.169599999999996	45.261	45.7231	44.7778	43.9545	45.8185	46.186899999999994	44.0314	49.483	49.0301	47.8889	47.4603	47.0132	47.1188	47.206399999999995	46.8161	47.2229	47.043600000000005	47.1302	46.835100000000004	47.0546	46.4583	46.7459	46.7637	46.4735	46.5445	46.949999999999996	46.4094	46.9712	46.725	46.494099999999996	46.568599999999996	46.7999	46.462199999999996	46.7696	46.624900000000004	46.603699999999996	46.5955	47.0616	46.3202	46.773900000000005	46.7513	46.4255	46.6606	46.759299999999996	46.345	46.8386	46.786100000000005	46.733799999999995	46.6085	46.8283	46.3912	46.744400000000006	46.7027	46.469300000000004	46.6418	46.9299	46.3765	46.9899	46.6802	46.4298	46.7081	46.6742	46.555099999999996	46.708	46.711000000000006	46.5358	46.6466	46.937400000000004	46.327	46.676	46.7778	46.399499999999996	46.779199999999996	46.7846	46.3146	46.836	46.7102	46.5869	46.5908	46.7258	46.4456	46.6829	46.7729	46.462399999999995	46.6793	46.8555	46.3885	46.8578	46.6864	46.382600000000004	46.657700000000006	46.7408	46.5471	46.8393	46.8365	46.5941	46.7434	47.0345	46.5266	46.782000000000004	46.9221	46.5951	46.922599999999996	46.9849	46.6109	46.9758	46.925200000000004	46.8634	46.8167	47.0422	46.693400000000004	47.021499999999996	47.0924	46.739000000000004	46.9172	47.1043	46.6958	47.1405	46.9739	46.7057	47.0279	47.0505	46.8535	47.022999999999996	47.015	46.853699999999996	46.9121	47.1838	46.591300000000004	46.9635	47.0295	46.7627	47.0453	47.0478	46.6692	47.0845	47.0613	46.9183	46.9758	47.1748	46.8501	47.1307	47.2906	46.757799999999996	47.0306	47.1635	46.8345
Leq-ABas_009_Ex1_L3_fastp	62.4593	40.9337	45.7534	43.2802	45.1946	43.414	43.195899999999995	44.2234	45.338499999999996	42.7155	48.6108	47.8091	46.865	46.364	46.4196	45.752500000000005	46.295199999999994	45.906000000000006	46.2806	45.847500000000004	46.4517	45.6611	45.9365	45.441700000000004	45.5979	45.2751	45.5492	45.3775	45.6887	45.5346	45.594	45.5749	45.6786	45.260099999999994	45.686	45.2275	45.6449	45.3544	45.6927	45.366099999999996	45.7832	45.3417	45.78	45.5603	45.4121	45.2226	45.6696	45.2533	45.678200000000004	45.5779	45.7543	45.3037	45.655499999999996	45.300200000000004	45.596	45.206	45.4995	45.344699999999996	45.5938	45.3407	45.7361	45.3577	45.396300000000004	45.522600000000004	45.3436	45.347500000000004	45.4972	45.396	45.475100000000005	45.4433	45.4511	45.3204	45.386900000000004	45.3272	45.2098	45.4759	45.5862	45.238499999999995	45.6416	45.2617	45.4576	45.2409	45.3386	45.2681	45.364599999999996	45.171099999999996	45.2813	45.4621	45.518	45.1895	45.519999999999996	45.3316	45.251400000000004	45.2296	45.397	45.292300000000004	45.6075	45.4335	45.4508	45.512	45.5823	45.3636	45.5507	45.5446	45.3685	45.5917	45.6387	45.645599999999995	45.7492	45.6763	45.8361	45.6501	45.7766	45.5732	45.9179	45.8442	45.9363	45.8976	45.9502	45.8023	46.031800000000004	45.9388	45.8382	46.0331	46.0417	45.9775	46.2462	46.030300000000004	46.1047	45.976099999999995	46.2313	45.9418	46.1912	46.088	46.1575	46.143299999999996	46.3902	46.312599999999996	46.3457	46.2582	46.3354	46.3594	46.4729	46.285199999999996	46.597300000000004	46.4794	46.4196	46.5282	46.62	46.471000000000004
Leq-ABas_010_Ex1_L3_fastp	59.12650000000001	40.808699999999995	44.555099999999996	43.3386	43.8853	42.5162	42.2001	43.2575	43.9332	42.4373	47.3964	46.815400000000004	45.543800000000005	45.0931	45.049	44.7807	45.0897	44.852199999999996	45.047	44.7657	45.156600000000005	44.6587	44.8164	44.2867	44.6187	44.310500000000005	44.494099999999996	44.456	44.649100000000004	44.4881	44.663599999999995	44.5521	44.5469	44.3013	44.5946	44.244499999999995	44.6301	44.4443	44.5707	44.465700000000005	44.7468	44.2543	44.714	44.5058	44.2913	44.256499999999996	44.507000000000005	44.223	44.6802	44.5631	44.6066	44.3444	44.582300000000004	44.1182	44.5419	44.1939	44.4692	44.468999999999994	44.6334	44.3386	44.708	44.3076	44.2292	44.488699999999994	44.304	44.2639	44.514700000000005	44.485	44.3891	44.5382	44.5484	44.2237	44.475500000000004	44.3964	44.28	44.502900000000004	44.6449	44.1789	44.7226	44.3986	44.420300000000005	44.4604	44.3835	44.2496	44.3739	44.4204	44.3309	44.61	44.6976	44.3728	44.7668	44.532500000000006	44.4125	44.5252	44.6245	44.4162	44.9593	44.8206	44.6826	44.9515	45.0073	44.7073	45.008900000000004	44.945	44.8391	45.1509	45.2511	45.2053	45.480199999999996	45.333600000000004	45.3537	45.3674	45.485	45.2347	45.6865	45.6363	45.665499999999994	45.8441	45.8487	45.6592	46.0802	45.9347	45.867799999999995	46.066	46.1706	46.0081	46.3835	46.302	46.1833	46.4123	46.5537	46.1871	46.6289	46.463300000000004	46.5663	46.7026	46.8584	46.705600000000004	46.963	46.9051	46.783500000000004	47.083000000000006	47.048899999999996	46.854	47.4141	47.3946	47.1122	47.451	47.571600000000004	47.3365
Leq-ABas_011_Ex1_L3_fastp	63.2532	42.8488	45.4939	44.446600000000004	46.1066	44.4098	43.9486	45.3305	46.2358	43.745200000000004	49.7169	48.924800000000005	48.2369	47.4832	47.512100000000004	47.0127	47.5564	46.883	47.4222	47.092099999999995	47.3246	46.8211	47.130100000000006	46.45	46.8521	46.5681	46.5908	46.5573	46.9532	46.4745	46.9192	46.7461	46.7425	46.5362	47.0415	46.3468	46.883	46.6019	46.6291	46.542899999999996	47.0	46.325	46.9157	46.692	46.615	46.4854	46.832499999999996	46.3097	46.895199999999996	46.7075	46.7363	46.4972	46.8808	46.360299999999995	46.853699999999996	46.5737	46.616800000000005	46.5717	46.8406	46.4121	46.9557	46.636	46.527499999999996	46.6837	46.73	46.449600000000004	46.7789	46.635799999999996	46.6319	46.606700000000004	46.8233	46.413700000000006	46.7752	46.660000000000004	46.4993	46.7137	46.879	46.3639	46.9248	46.657900000000005	46.670899999999996	46.583999999999996	46.7848	46.4772	46.8431	46.6033	46.5265	46.733799999999995	46.8986	46.472	46.9208	46.7503	46.5816	46.6606	46.9267	46.6219	47.003299999999996	46.8401	46.7719	46.9145	47.050399999999996	46.6729	47.0325	46.9795	46.7981	47.0296	47.1021	46.807700000000004	47.1447	47.1096	47.0817	47.0695	47.2314	46.894000000000005	47.2916	47.1959	47.0873	47.1532	47.3108	46.946799999999996	47.3444	47.239599999999996	47.077999999999996	47.2316	47.4276	47.1221	47.485	47.2755	47.192499999999995	47.2035	47.475	47.0055	47.3891	47.3299	47.2318	47.3142	47.483799999999995	47.2006	47.5001	47.3939	47.3679	47.4255	47.5514	47.2223	47.6117	47.524899999999995	47.2757	47.5072	47.6239	47.3084
Leq-ABas_012_Ex1_L3_fastp	63.089600000000004	42.8687	45.4794	44.008900000000004	45.8521	44.435900000000004	43.7624	45.183099999999996	46.2776	43.4326	49.6665	48.9088	48.012	47.4347	47.3653	46.8425	47.4095	46.8538	47.238400000000006	46.968900000000005	47.3182	46.6918	46.9343	46.4208	46.6272	46.4482	46.519800000000004	46.4229	46.7992	46.4815	46.684799999999996	46.6683	46.639199999999995	46.3907	46.8246	46.353899999999996	46.7297	46.543099999999995	46.6445	46.5375	46.921800000000005	46.3989	46.7868	46.6449	46.5238	46.389599999999994	46.7534	46.3458	46.7782	46.7608	46.7699	46.436899999999994	46.767399999999995	46.4075	46.7107	46.5067	46.5668	46.5125	46.7914	46.4642	46.8846	46.5796	46.4929	46.5918	46.597300000000004	46.5291	46.6234	46.5801	46.5694	46.5616	46.697300000000006	46.452799999999996	46.5627	46.5497	46.406	46.6153	46.719500000000004	46.3501	46.7335	46.5518	46.5839	46.429700000000004	46.5666	46.3924	46.6203	46.5158	46.4354	46.6227	46.7598	46.4196	46.7117	46.5736	46.413	46.443200000000004	46.6954	46.4862	46.733000000000004	46.6434	46.5995	46.6685	46.7919	46.4846	46.6629	46.7098	46.5277	46.751599999999996	46.757	46.6208	46.7721	46.7951	46.817	46.6995	46.8222	46.5839	46.8495	46.8588	46.7686	46.7134	46.8881	46.657700000000006	46.854600000000005	46.846700000000006	46.6372	46.8247	46.8964	46.7187	46.8999	46.7586	46.7236	46.6617	46.9001	46.5785	46.762	46.7986	46.6942	46.7896	46.8953	46.7223	46.823	46.7925	46.7832	46.7685	46.8989	46.6886	46.954299999999996	46.927400000000006	46.7118	46.8083	46.936	46.7713
Leq-ABas_013_Ex1-1_L3_fastp	65.1192	49.985600000000005	50.970800000000004	50.5634	52.1547	50.4039	50.29709999999999	52.0462	52.2042	50.0897	55.50150000000001	54.6667	53.4787	53.5309	52.6177	52.500800000000005	53.2321	52.475300000000004	53.028600000000004	52.9849	53.0064	52.463899999999995	53.1103	51.958000000000006	52.5674	52.5783	52.412400000000005	52.2599	53.052299999999995	52.412000000000006	52.593999999999994	52.860099999999996	52.3459	52.2191	53.005	51.868700000000004	52.6736	52.8378	52.6192	52.537	53.422000000000004	52.2744	52.877700000000004	53.0319	52.15220000000001	52.279399999999995	53.1751	52.2581	53.000400000000006	53.308	52.830999999999996	52.5025	53.3074	52.0885	52.73949999999999	52.7052	52.438300000000005	52.713699999999996	53.402499999999996	52.3463	53.10510000000001	52.810500000000005	52.269	52.7182	52.8837	52.3979	52.8526	53.0467	52.6404	52.8578	53.2696	52.357200000000006	52.587300000000006	52.9787	52.334199999999996	52.76349999999999	53.4616	52.233399999999996	53.103199999999994	52.9694	52.597300000000004	52.5697	52.9842	52.277300000000004	52.6067	52.980199999999996	52.466	52.9914	53.418	52.5064	52.9795	53.180099999999996	52.406600000000005	52.7307	53.2869	52.416399999999996	53.35959999999999	53.5755	52.9483	53.2864	53.7326	52.8814	53.226	53.6084	52.92400000000001	53.4858	53.963300000000004	53.4713	53.8374	54.0975	53.6788	53.7253	54.30779999999999	53.3945	54.065	54.286500000000004	53.9881	54.2533	54.71	53.9651	54.3509	54.6365	54.05219999999999	54.4747	54.8302	54.181400000000004	54.655699999999996	55.07300000000001	54.3253	54.750699999999995	55.0844	54.30629999999999	54.8921	55.137100000000004	54.57490000000001	54.9873	55.571000000000005	54.9108	55.0481	55.516299999999994	54.7524	55.226699999999994	55.6516	54.8596	55.5006	55.9199	55.1249	55.4538	56.1762	55.631299999999996
Leq-ABas_013_Ex1-2_L3_fastp	65.5095	43.4975	46.7865	44.5298	47.0941	45.0064	44.7884	46.4814	47.7101	43.8963	50.9644	49.9028	49.146499999999996	48.3977	48.516	47.5957	48.5225	47.6876	48.397600000000004	47.9366	48.4082	47.5701	48.080099999999995	47.215	47.598800000000004	47.3252	47.4475	47.2369	47.7963	47.3632	47.581	47.612300000000005	47.677	47.142	47.902	47.063700000000004	47.666599999999995	47.3947	47.598	47.2076	47.8838	47.1933	47.7779	47.5022	47.4634	47.0492	47.8099	47.1084	47.6878	47.5757	47.664	47.1595	47.7879	47.2106	47.5914	47.2779	47.4678	47.2517	47.7337	47.1894	47.721799999999995	47.4936	47.3551	47.3907	47.5141	47.3163	47.437400000000004	47.3835	47.4599	47.3209	47.6055	47.2654	47.3879	47.3624	47.1877	47.3878	47.6518	47.165400000000005	47.6288	47.2949	47.4537	47.1533	47.429700000000004	47.1581	47.4334	47.2375	47.182	47.4467	47.5786	47.131699999999995	47.5138	47.4217	47.1971	47.0889	47.5253	47.2327	47.5034	47.4054	47.4067	47.3509	47.5777	47.1564	47.3945	47.4584	47.2044	47.353899999999996	47.5545	47.339999999999996	47.4613	47.471799999999995	47.5217	47.3273	47.5387	47.224	47.563100000000006	47.5625	47.5128	47.3742	47.6705	47.2413	47.487	47.5971	47.2846	47.4945	47.631499999999996	47.339999999999996	47.688199999999995	47.446	47.4796	47.192299999999996	47.651900000000005	47.2038	47.4397	47.461	47.3437	47.307700000000004	47.69	47.4664	47.5257	47.4443	47.5533	47.422	47.6806	47.362700000000004	47.624	47.5937	47.4612	47.5336	47.7506	47.4754
Leq-ABas_014_Ex1_L3_fastp	64.7033	45.6318	47.6396	47.3358	48.634899999999995	47.227000000000004	46.6139	48.3314	48.795300000000005	46.4669	52.320100000000004	51.632	50.836000000000006	50.249900000000004	49.9106	49.7065	50.200900000000004	49.5433	50.081399999999995	49.839299999999994	49.8613	49.565599999999996	49.8131	49.1696	49.552	49.479800000000004	49.2877	49.3896	49.761	49.2335	49.6805	49.5967	49.3966	49.377500000000005	49.7556	49.1257	49.6714	49.5638	49.3983	49.4532	49.8231	49.170700000000004	49.736000000000004	49.6368	49.3217	49.4313	49.729800000000004	49.1577	49.7267	49.7193	49.4901	49.4426	49.769400000000005	49.2112	49.664500000000004	49.5362	49.4092	49.5044	49.7481	49.317	49.784	49.6189	49.3029	49.573	49.6404	49.3212	49.6455	49.6274	49.41	49.572500000000005	49.788	49.236999999999995	49.6135	49.6123	49.2988	49.626799999999996	49.788900000000005	49.2089	49.7278	49.6318	49.4268	49.5078	49.703	49.2865	49.645	49.6204	49.3198	49.6454	49.7982	49.3159	49.76	49.7158	49.3446	49.5407	49.7913	49.3781	49.8099	49.7854	49.5429	49.7798	49.9456	49.4681	49.791000000000004	49.8801	49.5364	49.8324	49.9571	49.5708	49.8936	49.9893	49.7734	49.8714	50.0181	49.6094	50.0076	50.1169	49.7953	49.9745	50.1447	49.6871	50.0571	50.0954	49.7158	50.060300000000005	50.1467	49.824	50.13530000000001	50.0938	49.798700000000004	49.9758	50.200100000000006	49.7049	50.074	50.1572	49.8248	50.0452	50.2426	49.8431	50.117900000000006	50.1128	49.963499999999996	50.1009	50.288	49.8399	50.2953	50.2997	49.8926	50.2021	50.383199999999995	50.1014
Leq-ABas_015_Ex1_L3_fastp	65.30510000000001	45.2314	47.573100000000004	47.029700000000005	48.8442	47.1959	46.5283	48.0681	48.7242	46.3293	52.47619999999999	51.568099999999994	50.926700000000004	50.277300000000004	49.875	49.6473	50.256699999999995	49.4343	50.030300000000004	49.7012	49.8635	49.3806	49.8093	48.9353	49.420500000000004	49.2919	49.162299999999995	49.1969	49.6331	49.0355	49.4547	49.4401	49.255500000000005	49.1639	49.6674	48.8913	49.4683	49.3452	49.2675	49.2305	49.7207	48.9208	49.5577	49.4168	49.0914	49.1329	49.5765	48.898799999999994	49.543	49.5098	49.3315	49.2382	49.6271	48.9337	49.4736	49.2994	49.1353	49.3137	49.6441	49.030499999999996	49.608799999999995	49.372899999999994	49.0692	49.3264	49.4651	49.0897	49.4724	49.420199999999994	49.2081	49.349199999999996	49.5358	49.0502	49.321799999999996	49.382799999999996	49.031400000000005	49.412099999999995	49.7108	48.9337	49.617	49.3879	49.2596	49.2731	49.5058	49.0049	49.4289	49.3727	49.1667	49.4631	49.6785	49.1296	49.614000000000004	49.506	49.1618	49.4116	49.657000000000004	49.162	49.7194	49.710300000000004	49.4274	49.723600000000005	49.914199999999994	49.3517	49.748799999999996	49.844300000000004	49.472699999999996	49.8666	50.08089999999999	49.6735	50.058499999999995	50.038199999999996	49.8143	49.9847	50.1737	49.6929	50.1989	50.291	49.982	50.194799999999994	50.382000000000005	49.893100000000004	50.393299999999996	50.397099999999995	50.015699999999995	50.3324	50.503299999999996	50.070899999999995	50.4927	50.489399999999996	50.1624	50.40369999999999	50.6742	50.0578	50.5331	50.627	50.2158	50.5261	50.7761	50.3194	50.6306	50.659699999999994	50.4271	50.58859999999999	50.8356	50.40559999999999	50.870099999999994	50.9038	50.48160000000001	50.870099999999994	51.0035	50.759600000000006
Leq-ABas_016_Ex1_L3_fastp	64.38040000000001	50.5134	50.4011	50.856199999999994	52.0656	50.4985	49.9724	52.1548	51.6895	49.8859	55.07300000000001	54.435199999999995	53.4339	53.2686	52.4253	52.50129999999999	53.203100000000006	52.3003	52.681	53.0385	52.442	52.41590000000001	52.939	51.8818	52.3608	52.6597	52.017199999999995	52.2205	52.8269	51.99979999999999	52.4227	52.754900000000006	52.02870000000001	52.2051	52.8176	51.90240000000001	52.3644	52.680899999999994	52.0321	52.274100000000004	52.86729999999999	51.9212	52.4218	52.7638	51.9659	52.188900000000004	52.830600000000004	51.9357	52.4349	52.802800000000005	52.1455	52.257799999999996	52.857600000000005	51.9351	52.389300000000006	52.7046	52.1185	52.335	52.8582	52.0966	52.5101	52.7695	52.0424	52.3871	52.794799999999995	52.0516	52.453	52.857	52.18390000000001	52.4468	52.946400000000004	52.0783	52.434000000000005	52.882200000000005	52.16610000000001	52.4925	52.99979999999999	52.1163	52.5826	52.930299999999995	52.298	52.4841	52.976800000000004	52.1813	52.5467	52.97389999999999	52.29240000000001	52.6301	53.1659	52.333	52.7609	53.103699999999996	52.38270000000001	52.697	53.2207	52.460499999999996	52.9525	53.3857	52.6806	53.055	53.6135	52.7759	53.2197	53.682300000000005	52.94839999999999	53.3679	53.912400000000005	53.20120000000001	53.649	54.112	53.398500000000006	53.736	54.2675	53.432	53.98460000000001	54.4325	53.7003	54.0905	54.6413	53.821600000000004	54.39040000000001	54.778400000000005	54.0318	54.4246	55.022800000000004	54.1932	54.6979	55.1798	54.3948	54.7956	55.4176	54.5617	54.961800000000004	55.518	54.7158	55.115199999999994	55.7471	54.915000000000006	55.305800000000005	55.89340000000001	55.051700000000004	55.5146	56.076499999999996	55.1944	55.7442	56.367900000000006	55.4137	55.9008	56.46790000000001	55.968700000000005
Leq-ABas_017_Ex1_L3_fastp	66.24759999999999	51.410199999999996	51.552299999999995	52.1437	53.4486	52.0281	51.33180000000001	53.629400000000004	53.171	50.9876	56.6438	55.913900000000005	55.151300000000006	54.7436	53.959199999999996	54.0466	54.6928	53.7455	54.201299999999996	54.439400000000006	53.839099999999995	53.8704	54.32749999999999	53.332800000000006	53.7922	54.061499999999995	53.401900000000005	53.7238	54.3307	53.4031	53.8855	54.2029	53.504	53.703500000000005	54.3066	53.407199999999996	53.89190000000001	54.1102	53.47070000000001	53.7065	54.286100000000005	53.3542	53.9103	54.1366	53.5343	53.7739	54.25600000000001	53.3327	53.907000000000004	54.2104	53.557	53.759	54.2676	53.398599999999995	53.8984	54.173700000000004	53.5093	53.8228	54.2653	53.439400000000006	53.969199999999994	54.21319999999999	53.4702	53.851099999999995	54.2501	53.49	53.925900000000006	54.20890000000001	53.56419999999999	53.8339	54.244499999999995	53.466499999999996	53.914300000000004	54.2409	53.5253	53.8995	54.3052	53.5036	54.0195	54.2637	53.6238	53.90200000000001	54.30930000000001	53.5818	54.0076	54.2797	53.6256	54.005199999999995	54.417899999999996	53.5925	54.12050000000001	54.379599999999996	53.691100000000006	54.0256	54.4844	53.737500000000004	54.2022	54.5366	53.867399999999996	54.223200000000006	54.6462	53.892300000000006	54.2976	54.6914	54.0117	54.3589	54.7731	54.069900000000004	54.5193	54.8124	54.23480000000001	54.5408	54.993199999999995	54.247299999999996	54.708999999999996	55.0872	54.3758	54.693599999999996	55.1889	54.400400000000005	54.847	55.191100000000006	54.48929999999999	54.8936	55.3129	54.5718	54.9821	55.3298	54.7335	55.043299999999995	55.5222	54.6855	55.15520000000001	55.5075	54.852900000000005	55.197700000000005	55.691500000000005	54.90429999999999	55.370200000000004	55.749	55.0369	55.413999999999994	55.872699999999995	55.163	55.6135	55.970699999999994	55.211299999999994	55.69539999999999	56.132099999999994	55.767500000000005
Leq-ABas_018_Ex1_L3_fastp	62.980999999999995	45.872600000000006	47.3392	46.983399999999996	47.8562	46.752	46.083800000000004	47.9864	48.0541	45.528	51.438399999999994	50.7251	49.790099999999995	49.2028	48.914	48.8256	49.2325	48.5948	49.0362	48.8759	48.842600000000004	48.6348	48.8257	48.2455	48.640699999999995	48.498200000000004	48.3086	48.4019	48.7624	48.2378	48.6965	48.5655	48.3947	48.404599999999995	48.7042	48.164	48.6234	48.4967	48.2952	48.4026	48.7505	48.146899999999995	48.6509	48.579499999999996	48.3251	48.397400000000005	48.6402	48.1292	48.6576	48.5675	48.3824	48.4242	48.682199999999995	48.1481	48.6105	48.507400000000004	48.3388	48.464800000000004	48.7133	48.2338	48.7033	48.5565	48.2363	48.4891	48.594	48.2569	48.5817	48.5495	48.332300000000004	48.4858	48.6719	48.201	48.5595	48.5467	48.3166	48.5376	48.6898	48.2258	48.6573	48.5939	48.402699999999996	48.4625	48.659200000000006	48.2746	48.635	48.5931	48.3149	48.5707	48.7637	48.2852	48.7044	48.6676	48.3659	48.601299999999995	48.8386	48.4061	48.7834	48.7793	48.5422	48.7101	48.9277	48.4993	48.8118	48.861900000000006	48.5931	48.8754	48.9951	48.6463	48.9688	49.0243	48.8034	48.9453	49.0925	48.705	49.0674	49.116	48.831799999999994	49.0485	49.192099999999996	48.8164	49.2271	49.1614	48.8883	49.134899999999995	49.2925	48.9497	49.2712	49.2176	48.9885	49.1732	49.3894	48.9397	49.2684	49.3204	49.030699999999996	49.2857	49.4284	49.0568	49.4153	49.4086	49.195100000000004	49.4184	49.5655	49.1856	49.5511	49.588	49.1614	49.518699999999995	49.6606	49.3987
Leq-ABas_019_Ex1_L3_fastp	63.5025	47.1681	48.3149	48.1535	49.2535	47.9735	47.4281	49.2753	49.3202	46.987	52.6339	52.03489999999999	51.1585	50.5826	50.2939	50.1251	50.5667	49.971900000000005	50.3541	50.3077	50.155499999999996	49.977199999999996	50.22990000000001	49.605199999999996	49.9686	49.8816	49.6455	49.8204	50.138799999999996	49.611	49.9902	49.9892	49.706	49.7965	50.155899999999995	49.5433	50.0273	49.9148	49.6862	49.7826	50.1359	49.5008	50.0043	49.9905	49.7352	49.7554	50.0749	49.5022	49.9793	49.981500000000004	49.7585	49.8091	50.085	49.538900000000005	49.957	49.9424	49.6478	49.8579	50.092099999999995	49.5809	50.004400000000004	49.9475	49.6326	49.8882	49.9981	49.6243	49.9409	49.9645	49.680600000000005	49.8567	50.0855	49.632	49.9263	49.935	49.6205	49.8837	50.076299999999996	49.581399999999995	50.0744	50.004400000000004	49.7425	49.8607	50.047	49.6038	49.975	49.953599999999994	49.6792	49.945699999999995	50.1157	49.6441	50.0503	50.0177	49.6992	49.9021	50.1583	49.749700000000004	50.16969999999999	50.1629	49.9065	50.0879	50.2382	49.829	50.1941	50.2749	49.9412	50.2445	50.3761	49.9627	50.3391	50.378299999999996	50.1234	50.25920000000001	50.45230000000001	50.0197	50.45230000000001	50.4798	50.167899999999996	50.395199999999996	50.608	50.0951	50.4837	50.5772	50.17660000000001	50.5077	50.641000000000005	50.260000000000005	50.63029999999999	50.620200000000004	50.2968	50.4752	50.756	50.254	50.62799999999999	50.6802	50.3732	50.6163	50.7821	50.4151	50.712	50.727900000000005	50.474799999999995	50.68939999999999	50.857	50.3803	50.8295	50.9166	50.4435	50.782700000000006	50.970099999999995	50.7371
Leq-ABas_020_Ex1_L3_fastp	62.3438	48.5112	48.9136	49.5977	50.1637	48.8814	48.472	50.303200000000004	49.9099	48.277300000000004	53.1124	52.6744	51.7267	51.252399999999994	50.7432	50.956	51.188100000000006	50.68899999999999	51.058099999999996	50.9973	50.634	50.7792	50.928	50.2767	50.712199999999996	50.651599999999995	50.3448	50.656400000000005	50.910500000000006	50.3796	50.7699	50.802800000000005	50.3647	50.6324	50.8372	50.2997	50.7475	50.7436	50.368199999999995	50.6316	50.84760000000001	50.2328	50.7478	50.741099999999996	50.3366	50.6148	50.7862	50.2862	50.7957	50.80480000000001	50.42100000000001	50.653800000000004	50.8262	50.290400000000005	50.687099999999994	50.724000000000004	50.395599999999995	50.6907	50.881	50.3525	50.8008	50.7579	50.3015	50.7162	50.77080000000001	50.3444	50.785599999999995	50.7621	50.441100000000006	50.6927	50.836499999999994	50.3525	50.7004	50.765499999999996	50.3483	50.6945	50.8938	50.383599999999994	50.849	50.817299999999996	50.457300000000004	50.7474	50.8402	50.3377	50.79860000000001	50.8402	50.482099999999996	50.830799999999996	51.0092	50.4477	50.9837	50.9146	50.4595	50.8626	50.995999999999995	50.5467	50.9961	51.0639	50.7389	51.0854	51.2249	50.694799999999994	51.133399999999995	51.218300000000006	50.863899999999994	51.2062	51.3263	50.8948	51.34649999999999	51.4483	51.0697	51.325900000000004	51.5139	50.999300000000005	51.5086	51.55610000000001	51.198100000000004	51.567099999999996	51.64919999999999	51.1897	51.6579	51.639599999999994	51.258199999999995	51.6495	51.753899999999994	51.3535	51.7393	51.82940000000001	51.4135	51.7579	51.9026	51.4988	51.8344	51.9482	51.5335	51.897000000000006	52.006	51.5339	51.9251	52.06079999999999	51.6197	52.0021	52.1205	51.705	52.1494	52.2658	51.6899	52.174600000000005	52.3468	52.1047
Leq-ABas_021_Ex1_L3_fastp	63.9118	44.3425	47.049800000000005	46.466499999999996	47.944700000000005	46.4728	45.8234	47.308	47.7707	45.440799999999996	51.2446	50.5894	49.7965	49.1038	48.9678	48.722300000000004	49.1717	48.537	49.0128	48.7282	48.8202	48.5133	48.7048	48.1189	48.506899999999995	48.2719	48.1905	48.3275	48.5988	48.1688	48.5821	48.4323	48.3105	48.2774	48.5973	48.084500000000006	48.5402	48.362	48.2085	48.2988	48.5675	48.0545	48.5338	48.3904	48.213	48.2348	48.5147	48.014	48.5041	48.3991	48.296499999999995	48.2136	48.5414	48.093799999999995	48.4789	48.3489	48.2029	48.261900000000004	48.47	48.1316	48.5299	48.381299999999996	48.1956	48.3917	48.4283	48.140699999999995	48.4031	48.3284	48.1913	48.3346	48.5041	48.113499999999995	48.4259	48.341699999999996	48.148	48.4267	48.424299999999995	48.107	48.511900000000004	48.403	48.2672	48.3259	48.4778	48.1381	48.490899999999996	48.3667	48.1437	48.4337	48.5229	48.149300000000004	48.554700000000004	48.4636	48.2098	48.381099999999996	48.592800000000004	48.259299999999996	48.5385	48.519400000000005	48.329100000000004	48.5396	48.6555	48.3056	48.586	48.5916	48.342600000000004	48.609700000000004	48.6568	48.3508	48.6462	48.645500000000006	48.5623	48.6143	48.7404	48.4026	48.7661	48.7233	48.5283	48.6155	48.7865	48.4433	48.7618	48.775200000000005	48.4425	48.7892	48.7912	48.5021	48.8166	48.6912	48.5508	48.598400000000005	48.859399999999994	48.4465	48.7426	48.7328	48.5211	48.7231	48.8172	48.506899999999995	48.7238	48.7465	48.652	48.768699999999995	48.8547	48.5485	48.9097	48.871199999999995	48.5001	48.7995	48.9488	48.6401
Leq-ABas_022_Ex1_L3_fastp	64.9883	47.188	48.8034	48.7966	50.047	48.511900000000004	47.9332	49.6819	50.0726	47.5899	53.5331	52.633399999999995	52.023799999999994	51.3402	50.948800000000006	50.828799999999994	51.3943	50.5494	51.197	50.9813	50.8699	50.6408	50.9385	50.185900000000004	50.6791	50.572700000000005	50.3175	50.4622	50.930200000000006	50.2128	50.7483	50.7235	50.464299999999994	50.4991	50.9808	50.153099999999995	50.78510000000001	50.645300000000006	50.407000000000004	50.470800000000004	50.9622	50.1997	50.8004	50.7791	50.397000000000006	50.5043	50.9208	50.1984	50.7953	50.8037	50.48629999999999	50.5263	50.942699999999995	50.251900000000006	50.751400000000004	50.7351	50.4155	50.5961	50.9236	50.26819999999999	50.8292	50.759100000000004	50.3846	50.630399999999995	50.8613	50.3433	50.734100000000005	50.7911	50.465700000000005	50.62330000000001	50.9726	50.3216	50.791799999999995	50.8004	50.39789999999999	50.7269	50.976299999999995	50.3583	50.8718	50.8242	50.5382	50.617999999999995	50.9587	50.387800000000006	50.8794	50.84610000000001	50.519499999999994	50.8309	51.081500000000005	50.4903	50.99249999999999	50.980599999999995	50.6268	50.8455	51.1494	50.605199999999996	51.0567	51.10829999999999	50.776900000000005	51.0694	51.33	50.7545	51.1768	51.27	50.89019999999999	51.193999999999996	51.397099999999995	50.923700000000004	51.343700000000005	51.397800000000004	51.1361	51.3431	51.628099999999996	51.0419	51.5309	51.620900000000006	51.271	51.449	51.757299999999994	51.1744	51.6522	51.70740000000001	51.2891	51.6355	51.8648	51.343	51.8143	51.8108	51.484300000000005	51.6322	52.018299999999996	51.4297	51.8872	51.99080000000001	51.5721	51.7742	52.1562	51.5794	52.0196	52.0848	51.7891	52.0083	52.328300000000006	51.763000000000005	52.2387	52.3247	51.828799999999994	52.16	52.4817	52.1508
Leq-ABas_023_Ex1_L3_fastp	64.1294	44.980199999999996	47.242	46.604	48.0479	46.7619	46.1995	47.985299999999995	48.3053	45.6787	51.988	51.1931	50.3876	49.7132	49.477	49.262499999999996	49.684	49.0501	49.4969	49.262499999999996	49.217499999999994	48.9412	49.1432	48.574400000000004	48.9305	48.7678	48.6247	48.7467	49.056	48.601	49.0138	48.951	48.7719	48.7997	49.092999999999996	48.525600000000004	48.9904	48.8371	48.684	48.7577	49.0687	48.5035	49.0531	48.911100000000005	48.705799999999996	48.765	49.0323	48.5244	49.018699999999995	48.946400000000004	48.7956	48.762	49.0734	48.5709	49.0145	48.8672	48.7239	48.8266	49.0421	48.6	49.081	48.902499999999996	48.684	48.9026	48.932700000000004	48.6628	48.9469	48.9082	48.7091	48.8371	48.998799999999996	48.638	48.9371	48.8969	48.6412	48.9011	49.0162	48.596000000000004	49.0227	48.9	48.7563	48.8467	48.9479	48.6243	48.99	48.8584	48.6447	48.952200000000005	49.0361	48.6192	49.038399999999996	48.9416	48.674099999999996	48.844100000000005	49.0555	48.7434	49.0359	48.9864	48.7656	48.983900000000006	49.0774	48.6996	49.038199999999996	49.085699999999996	48.760999999999996	49.0112	49.0833	48.8041	49.0627	49.0966	48.924	49.013400000000004	49.1359	48.783100000000005	49.1447	49.1264	48.9134	49.0181	49.2145	48.7856	49.177	49.121500000000005	48.8378	49.0685	49.184400000000004	48.8593	49.1606	49.025800000000004	48.927	48.9856	49.1906	48.7371	49.1056	49.0543	48.8454	49.033	49.188900000000004	48.8664	49.1374	49.0975	48.9512	49.1041	49.2513	48.86	49.2018	49.2093	48.8778	49.142599999999995	49.2257	48.9897
Leq-ABas_025_Ex1_L3_fastp	65.0436	45.14	47.2084	46.2233	48.0725	46.3697	45.8143	47.5134	48.2515	45.1246	51.5207	50.6628	50.14150000000001	49.2659	49.228300000000004	48.7997	49.4013	48.6029	49.2812	48.8952	49.0548	48.6304	48.9627	48.269600000000004	48.667899999999996	48.431999999999995	48.329299999999996	48.3566	48.7742	48.2096	48.680800000000005	48.5636	48.518899999999995	48.3566	48.8412	48.1663	48.6955	48.4215	48.3904	48.3211	48.7127	48.1452	48.7601	48.4961	48.416599999999995	48.345	48.6907	48.1013	48.6423	48.484100000000005	48.4514	48.286699999999996	48.7016	48.1843	48.6457	48.4403	48.3649	48.3739	48.620999999999995	48.156	48.6618	48.489900000000006	48.320299999999996	48.4531	48.569	48.2487	48.5464	48.4278	48.3769	48.3609	48.5895	48.245	48.5385	48.437999999999995	48.2219	48.4749	48.5884	48.2292	48.6309	48.4398	48.3865	48.3448	48.5935	48.2273	48.653600000000004	48.3983	48.267700000000005	48.4912	48.620200000000004	48.180499999999995	48.638799999999996	48.5237	48.337599999999995	48.361599999999996	48.6605	48.3338	48.6151	48.5169	48.428900000000006	48.536	48.6835	48.2732	48.6391	48.6132	48.415200000000006	48.5661	48.6804	48.365700000000004	48.641400000000004	48.592400000000005	48.5261	48.592	48.7158	48.3936	48.7069	48.7243	48.5437	48.5872	48.7906	48.3815	48.729099999999995	48.734	48.4417	48.6925	48.845499999999994	48.4707	48.8521	48.6535	48.5831	48.540499999999994	48.8495	48.3833	48.7594	48.6856	48.5202	48.6286	48.8989	48.5295	48.8068	48.7318	48.6728	48.7684	48.9112	48.533	48.9512	48.8925	48.6231	48.8419	48.9917	48.7645
Leq-ABas_026_Ex1_L3_fastp	63.4533	48.1371	48.8634	49.3467	50.0579	48.713499999999996	48.1169	50.0385	49.7796	48.0675	53.1443	52.750699999999995	51.73720000000001	51.257600000000004	50.7253	50.792	51.1744	50.5879	51.004099999999994	50.943099999999994	50.671200000000006	50.7192	50.9352	50.21489999999999	50.6416	50.643499999999996	50.2877	50.5378	50.822199999999995	50.20099999999999	50.649	50.68620000000001	50.3102	50.4481	50.7872	50.1557	50.63569999999999	50.622	50.2921	50.49979999999999	50.901399999999995	50.1349	50.651900000000005	50.6899	50.2369	50.4601	50.755799999999994	50.130399999999995	50.6451	50.7525	50.3472	50.4893	50.79749999999999	50.144200000000005	50.632600000000004	50.6292	50.324999999999996	50.5553	50.8275	50.2489	50.750099999999996	50.678599999999996	50.250099999999996	50.5759	50.7382	50.2105	50.6822	50.74530000000001	50.3463	50.624	50.818	50.207	50.6641	50.7156	50.3253	50.667300000000004	50.917500000000004	50.232699999999994	50.7772	50.81679999999999	50.42529999999999	50.6344	50.842600000000004	50.3122	50.7239	50.81679999999999	50.3945	50.73760000000001	50.996900000000004	50.4147	50.89399999999999	50.9174	50.4872	50.8002	51.0304	50.5076	51.0796	51.1602	50.714400000000005	51.1185	51.3292	50.775099999999995	51.1965	51.316300000000005	50.9271	51.357600000000005	51.527699999999996	51.0616	51.542	51.6128	51.291	51.5438	51.7777	51.234100000000005	51.7466	51.910900000000005	51.5053	51.8347	52.0375	51.5558	52.0428	52.1227	51.6451	52.0634	52.2796	51.7968	52.201699999999995	52.3632	51.92250000000001	52.3143	52.5318	51.977399999999996	52.4589	52.577200000000005	52.1163	52.489200000000004	52.752900000000004	52.191900000000004	52.6617	52.8506	52.351800000000004	52.7537	52.9772	52.46340000000001	52.919000000000004	53.147200000000005	52.5457	52.9885	53.2604	52.972300000000004
Leq-ABas_027_Ex1_L3_fastp	67.3257	54.684	53.095499999999994	54.2913	56.0386	54.27419999999999	53.5922	56.066700000000004	55.427899999999994	53.487300000000005	58.6712	57.8758	57.212399999999995	57.1005	55.8879	56.1406	57.064099999999996	55.850100000000005	56.3461	56.8806	55.9373	56.047599999999996	56.76219999999999	55.434799999999996	56.009600000000006	56.5253	55.517	55.8518	56.6602	55.4671	55.9936	56.53789999999999	55.5685	55.8608	56.6938	55.4329	55.996500000000005	56.50920000000001	55.5415	55.8457	56.672900000000006	55.4108	56.0544	56.588300000000004	55.5365	55.876000000000005	56.6497	55.4415	56.057199999999995	56.59889999999999	55.639700000000005	55.8922	56.696999999999996	55.5073	56.069	56.5717	55.616	55.968799999999995	56.698499999999996	55.5666	56.138600000000004	56.624399999999994	55.589999999999996	56.0282	56.664899999999996	55.594100000000005	56.0767	56.6615	55.6428	55.993700000000004	56.7788	55.5771	56.0839	56.6419	55.659099999999995	56.0863	56.8057	55.60380000000001	56.165699999999994	56.704	55.7374	56.1064	56.7257	55.6884	56.1895	56.72430000000001	55.7885	56.1584	56.848	55.766099999999994	56.320800000000006	56.8017	55.78999999999999	56.210899999999995	56.9494	55.8968	56.4123	57.018899999999995	56.018699999999995	56.488400000000006	57.15860000000001	56.0308	56.5453	57.2101	56.2158	56.6678	57.3765	56.32430000000001	56.8419	57.468799999999995	56.4993	56.8528	57.5969	56.4786	56.98459999999999	57.66289999999999	56.6918	57.10079999999999	57.8299	56.7616	57.289699999999996	57.93469999999999	56.887600000000006	57.3591	58.072599999999994	56.937599999999996	57.4284	58.0987	57.1074	57.548	58.3052	57.124900000000004	57.675200000000004	58.331599999999995	57.3296	57.77369999999999	58.479899999999994	57.359300000000005	57.904500000000006	58.5493	57.560500000000005	58.0228	58.7719	57.58	58.2298	58.8894	57.7237	58.3077	58.9979	58.369099999999996
Leq-ABas_028_Ex1_L3_fastp	62.044399999999996	49.0111	49.0556	49.3654	50.3841	49.030699999999996	48.546800000000005	50.4224	50.214099999999995	48.475	53.2207	52.7342	51.7939	51.544999999999995	50.8517	50.891	51.46960000000001	50.7927	51.1263	51.332699999999996	50.9406	50.8198	51.261500000000005	50.3645	50.81250000000001	50.946999999999996	50.5553	50.6702	51.215599999999995	50.5345	50.857600000000005	51.0617	50.529500000000006	50.6389	51.193999999999996	50.3569	50.9046	51.06230000000001	50.65539999999999	50.6992	51.296600000000005	50.4437	50.8929	51.1073	50.5189	50.63569999999999	51.2201	50.477000000000004	50.9433	51.2191	50.7234	50.69519999999999	51.278800000000004	50.4476	50.9185	51.0424	50.647	50.822199999999995	51.332	50.5956	51.0164	51.12330000000001	50.6115	50.8428	51.1841	50.6095	50.9804	51.230399999999996	50.7362	50.8924	51.371100000000006	50.6172	50.9717	51.2641	50.6699	50.94220000000001	51.4123	50.5984	51.1177	51.3468	50.80820000000001	50.9468	51.334199999999996	50.6656	51.0135	51.3093	50.8285	51.0941	51.5811	50.7996	51.249100000000006	51.4752	50.8957	51.1245	51.568099999999994	50.96039999999999	51.4807	51.7537	51.1978	51.5273	51.8849	51.2113	51.5929	51.981500000000004	51.3799	51.7505	52.2277	51.592499999999994	52.002700000000004	52.330799999999996	51.786	51.967200000000005	52.4429	51.704499999999996	52.2289	52.5634	51.9569	52.27119999999999	52.7509	51.989799999999995	52.4648	52.808699999999995	52.211600000000004	52.495000000000005	52.9481	52.2644	52.656499999999994	53.01519999999999	52.421099999999996	52.6957	53.1602	52.4075	52.8288	53.1889	52.6023	52.9316	53.3527	52.6844	53.0127	53.3806	52.8252	53.089299999999994	53.5769	52.8402	53.3288	53.7044	52.98929999999999	53.37650000000001	53.896	53.3778
Leq-ABas_029_Ex1_L3_fastp	64.1538	47.3576	47.9019	48.6079	49.6655	48.3525	47.6651	49.3945	49.4516	47.901700000000005	52.9722	52.5963	51.741499999999995	51.261100000000006	50.6664	50.8018	51.15070000000001	50.4476	50.915299999999995	50.8981	50.5405	50.5984	50.8429	50.0495	50.57000000000001	50.5672	50.196	50.4213	50.7763	50.1038	50.63999999999999	50.622699999999995	50.21210000000001	50.4261	50.75920000000001	50.068999999999996	50.607800000000005	50.6129	50.1942	50.45420000000001	50.815200000000004	50.0254	50.5714	50.6495	50.171200000000006	50.448499999999996	50.7038	50.05	50.6552	50.7569	50.2946	50.44840000000001	50.778800000000004	50.031000000000006	50.657799999999995	50.5946	50.222	50.5495	50.775400000000005	50.1815	50.7487	50.666599999999995	50.145700000000005	50.5563	50.6744	50.16159999999999	50.646800000000006	50.708	50.244699999999995	50.58859999999999	50.8007	50.1324	50.6019	50.674	50.222199999999994	50.632600000000004	50.8348	50.1282	50.7349	50.7427	50.2783	50.560300000000005	50.759299999999996	50.195	50.674	50.773999999999994	50.3088	50.6657	50.9023	50.301399999999994	50.788599999999995	50.8151	50.2883	50.66460000000001	50.9078	50.3645	50.8935	50.9891	50.45230000000001	50.9038	51.1219	50.49249999999999	50.9338	51.0915	50.563599999999994	51.046899999999994	51.2047	50.6714	51.153800000000004	51.2869	50.8434	51.1236	51.3691	50.720600000000005	51.275499999999994	51.4396	50.9142	51.29709999999999	51.476200000000006	50.9448	51.458499999999994	51.487	50.957699999999996	51.4082	51.6361	51.0594	51.4983	51.598200000000006	51.1498	51.4587	51.731899999999996	51.0648	51.5833	51.6783	51.2018	51.62369999999999	51.76539999999999	51.21940000000001	51.6095	51.7957	51.304399999999994	51.685	51.9239	51.2959	51.841499999999996	52.0127	51.314099999999996	51.8372	52.0115	51.749199999999995
Leq-ABas_030_Ex1_L3_fastp	61.5526	45.5994	46.975	46.683	47.465	46.239799999999995	45.7954	47.4887	47.586099999999995	45.565099999999994	50.8305	50.24229999999999	49.3009	48.723499999999994	48.526	48.3835	48.7405	48.1952	48.5821	48.4693	48.4078	48.259	48.483	47.870000000000005	48.193200000000004	48.056	47.909	48.0338	48.3489	47.8588	48.2592	48.1552	47.9688	47.9947	48.255700000000004	47.8103	48.2397	48.1343	47.915	48.0003	48.329499999999996	47.7466	48.2371	48.1544	47.8667	47.9937	48.2187	47.7464	48.2044	48.2193	48.0162	48.0186	48.2933	47.7922	48.2042	48.115	47.9088	48.0951	48.2597	47.8262	48.2506	48.1844	47.8528	48.107299999999995	48.2131	47.8576	48.2188	48.2349	47.9791	48.1261	48.2873	47.8844	48.2054	48.1978	47.9086	48.1766	48.3767	47.8422	48.295500000000004	48.2695	48.0253	48.158	48.3332	47.929300000000005	48.2962	48.2789	48.0416	48.2799	48.4452	48.019800000000004	48.429	48.3506	48.1502	48.3294	48.5339	48.1627	48.5615	48.5905	48.2843	48.5834	48.7455	48.3607	48.7371	48.8266	48.4821	48.8536	48.9483	48.5989	48.9569	48.977	48.8055	49.0032	49.1381	48.7691	49.1432	49.1881	48.9236	49.1851	49.3548	48.9707	49.3634	49.4007	49.0661	49.3497	49.469	49.141600000000004	49.5171	49.532900000000005	49.2463	49.4467	49.676500000000004	49.187599999999996	49.613	49.6612	49.3477	49.6133	49.7686	49.4768	49.7176	49.818400000000004	49.4814	49.8031	49.9752	49.5259	49.9576	50.060700000000004	49.6221	49.972	50.0933	49.8534
Leq-ABas_031_Ex1_L3_fastp	65.3155	45.0393	47.0221	45.4356	48.0657	46.076299999999996	45.5933	47.4899	48.4118	44.8316	51.701299999999996	50.749	50.127500000000005	49.4745	49.4357	48.601299999999995	49.580600000000004	48.599	49.2827	48.9924	49.1111	48.4931	49.1038	48.182	48.519400000000005	48.4365	48.3498	48.2001	48.829899999999995	48.1836	48.5082	48.6066	48.5184	48.116	48.9369	48.0224	48.6246	48.467	48.401300000000006	48.1576	48.8203	48.076	48.6719	48.519800000000004	48.4205	48.1069	48.8375	48.0657	48.5831	48.5434	48.4671	48.1309	48.8123	48.1426	48.565999999999995	48.451699999999995	48.3706	48.2042	48.7596	48.0742	48.5975	48.5354	48.3312	48.3395	48.658699999999996	48.2193	48.4081	48.4474	48.351	48.2501	48.6441	48.1974	48.4411	48.470400000000005	48.212500000000006	48.3686	48.687999999999995	48.126200000000004	48.5779	48.428	48.3983	48.1782	48.6192	48.1901	48.5086	48.411500000000004	48.1955	48.3734	48.7159	48.1031	48.5297	48.5298	48.2812	48.1782	48.709799999999994	48.272999999999996	48.5039	48.5	48.364200000000004	48.3539	48.7168	48.1601	48.4796	48.5782	48.277	48.3697	48.6865	48.2761	48.4707	48.5082	48.493399999999994	48.3189	48.6842	48.1825	48.5912	48.6638	48.46	48.358000000000004	48.7843	48.2051	48.4953	48.713499999999996	48.2753	48.478300000000004	48.7967	48.301500000000004	48.6643	48.552499999999995	48.397	48.217999999999996	48.7509	48.1623	48.4734	48.5756	48.3379	48.3296	48.747099999999996	48.368100000000005	48.5149	48.572900000000004	48.5029	48.452600000000004	48.821799999999996	48.3103	48.6805	48.6976	48.398	48.5688	48.889700000000005	48.505700000000004
Leq-ABas_032_Ex1_L3_fastp	64.93430000000001	47.1113	48.3896	48.0659	49.9429	48.229	47.7477	49.491800000000005	49.8506	47.525800000000004	53.3798	52.5276	51.9293	51.3479	50.9337	50.616099999999996	51.38120000000001	50.4302	50.96960000000001	50.91250000000001	50.6678	50.4669	50.8645	50.01	50.409499999999994	50.4741	50.069300000000005	50.248599999999996	50.788999999999994	50.042699999999996	50.5245	50.60210000000001	50.2527	50.2112	50.810599999999994	49.9973	50.548	50.4981	50.161199999999994	50.219899999999996	50.7208	49.937599999999996	50.5668	50.5463	50.1603	50.185900000000004	50.7518	49.9143	50.5336	50.5611	50.2273	50.2171	50.6927	50.0068	50.497899999999994	50.495900000000006	50.2146	50.2757	50.6979	49.9703	50.529	50.53959999999999	50.1625	50.3661	50.64490000000001	50.0936	50.432100000000005	50.5366	50.1993	50.3436	50.67230000000001	50.0714	50.4453	50.5347	50.1152	50.4216	50.6896	50.075199999999995	50.5736	50.5637	50.2628	50.3381	50.7158	50.090999999999994	50.549200000000006	50.596399999999996	50.1671	50.4752	50.7753	50.162600000000005	50.601	50.697	50.2679	50.431000000000004	50.8387	50.2811	50.696600000000004	50.793299999999995	50.428799999999995	50.628099999999996	50.955600000000004	50.3377	50.719899999999996	50.944199999999995	50.4591	50.767300000000006	51.082499999999996	50.499300000000005	50.9077	51.0614	50.711	50.8501	51.163199999999996	50.5769	51.0162	51.235200000000006	50.8066	50.96659999999999	51.3328	50.6957	51.104499999999994	51.35809999999999	50.786	51.199799999999996	51.416399999999996	50.8583	51.289300000000004	51.338899999999995	51.0126	51.0696	51.556000000000004	50.9069	51.3185	51.4891	51.0189	51.2795	51.6773	51.090999999999994	51.4285	51.6104	51.1749	51.4531	51.8151	51.17739999999999	51.6671	51.7975	51.252900000000004	51.629400000000004	51.9381	51.5831
Leq-ABas_033_Ex1_L3_fastp	61.582899999999995	44.3844	44.9346	45.029599999999995	46.1466	45.2943	44.2474	46.070699999999995	46.1656	44.4195	49.789699999999996	49.519600000000004	48.3338	47.8491	47.625499999999995	47.641099999999994	47.6908	47.2873	47.5127	47.524300000000004	47.3116	47.205200000000005	47.2577	46.8374	47.1611	47.1271	46.7617	46.9873	47.1379	46.753699999999995	47.2228	47.1138	46.7522	46.9343	47.1684	46.8275	47.0872	47.0039	46.6607	47.009699999999995	47.2639	46.570299999999996	47.0017	47.0466	46.767900000000004	46.9556	46.9904	46.644600000000004	47.0831	47.1119	46.9239	46.8868	47.1173	46.6596	47.0558	47.0792	46.7826	46.968900000000005	47.05	46.8285	47.1922	47.0571	46.6803	47.009699999999995	47.065	46.8375	46.9393	47.0499	46.7238	46.9801	47.1499	46.6873	46.9841	47.002	46.774	47.0574	47.059200000000004	46.6288	47.064099999999996	47.1513	46.8816	46.8879	47.0466	46.724700000000006	47.1102	47.0965	46.7685	46.9467	47.1474	46.7746	47.1423	47.0578	46.6993	46.9881	47.1518	46.8361	47.146300000000004	47.1234	46.7501	47.1016	47.219	46.8403	47.0137	47.1664	46.8857	47.1713	47.1548	46.7851	47.1491	47.2515	47.0355	47.126400000000004	47.172	46.883599999999994	47.1626	47.2987	46.8806	47.108	47.1914	46.9194	47.2435	47.226099999999995	46.8088	47.1171	47.2014	46.942699999999995	47.1139	47.1151	46.9203	47.076499999999996	47.2503	46.7919	47.0383	47.137	46.8445	47.2295	47.0989	46.8223	47.0984	47.1466	46.964	47.105399999999996	47.1766	46.8968	47.2214	47.336099999999995	46.808699999999995	47.087	47.1764	46.916999999999994
Leq-ABas_034_Ex1_L3_fastp	65.4526	43.5774	46.5931	44.4902	47.071400000000004	45.1203	44.823	46.6273	47.7464	44.112	51.2205	50.06699999999999	49.4185	48.6568	48.8181	47.8643	48.8342	47.992200000000004	48.709599999999995	48.275	48.5948	47.8472	48.3101	47.5138	47.824600000000004	47.6772	47.681200000000004	47.586	48.0948	47.644	47.8649	47.9153	47.9001	47.408	48.2215	47.3633	47.9727	47.765	47.785	47.5887	48.059200000000004	47.4709	48.0834	47.810399999999994	47.7988	47.3679	48.199999999999996	47.3656	47.9985	47.897	47.9141	47.434	48.0751	47.5808	47.9344	47.6685	47.8093	47.546	48.018499999999996	47.4332	48.0028	47.8156	47.7733	47.705999999999996	47.9318	47.6435	47.7108	47.7035	47.7434	47.6356	47.9356	47.6343	47.7923	47.6964	47.4794	47.7847	47.8794	47.5659	48.022	47.6772	47.8265	47.4943	47.8522	47.544599999999996	47.8314	47.6432	47.441	47.8433	47.9647	47.4676	47.9189	47.8048	47.618300000000005	47.4493	47.9696	47.609	47.9039	47.7527	47.7493	47.7082	47.9307	47.530699999999996	47.767700000000005	47.830099999999995	47.5675	47.7024	47.935100000000006	47.6494	47.810900000000004	47.7742	47.8395	47.6892	47.886	47.5481	47.921	47.9199	47.8564	47.6667	48.0015	47.5187	47.746300000000005	47.9688	47.5267	47.929500000000004	47.9576	47.6189	47.999700000000004	47.708600000000004	47.6837	47.463499999999996	47.9604	47.5271	47.7106	47.834500000000006	47.5671	47.617399999999996	47.985499999999995	47.7147	47.7776	47.7419	47.8166	47.7648	48.0166	47.605399999999996	47.964	47.890100000000004	47.6869	47.8039	48.0549	47.7446
Leq-ABas_035_Ex1_L3_fastp	64.13119999999999	46.0223	47.714	47.3413	48.7027	47.3285	46.8619	48.579499999999996	48.9194	46.4448	52.294799999999995	51.5884	50.8668	50.206399999999995	49.9472	49.7333	50.2003	49.4648	50.0086	49.7767	49.7383	49.516799999999996	49.7184	49.0485	49.4752	49.3267	49.1021	49.289500000000004	49.6531	49.1068	49.5502	49.4948	49.276399999999995	49.3197	49.6836	49.0628	49.553799999999995	49.4084	49.2326	49.2974	49.6598	49.0285	49.6028	49.478100000000005	49.1836	49.315599999999996	49.5639	49.013	49.5458	49.4958	49.2753	49.3271	49.6105	49.0664	49.5298	49.4092	49.174	49.384499999999996	49.591	49.0923	49.5896	49.4613	49.1423	49.438900000000004	49.502	49.1512	49.4885	49.4769	49.248999999999995	49.410199999999996	49.5768	49.1273	49.504599999999996	49.4358	49.1265	49.4143	49.6351	49.0947	49.604	49.4617	49.236999999999995	49.3654	49.5458	49.1025	49.538399999999996	49.4282	49.1902	49.4693	49.6125	49.1522	49.5853	49.5327	49.2157	49.4424	49.661300000000004	49.239	49.6127	49.6049	49.329299999999996	49.5767	49.7338	49.2879	49.6409	49.6596	49.345	49.5971	49.7777	49.3601	49.7177	49.7158	49.5308	49.656	49.8037	49.4142	49.8004	49.803799999999995	49.558099999999996	49.7189	49.8716	49.4463	49.8333	49.8414	49.4836	49.7678	49.9216	49.5081	49.8959	49.8212	49.566	49.6967	49.9245	49.4392	49.875	49.831900000000005	49.5713	49.7593	49.960300000000004	49.5355	49.8704	49.824400000000004	49.6264	49.861	50.0131	49.5886	49.9782	50.0111	49.6042	49.902	50.0409	49.806
Leq-ABas_036_Ex1_L3_fastp	63.9061	48.073	49.3456	49.427	50.4756	49.1584	48.8711	50.4276	50.5615	48.8506	53.8655	53.318799999999996	52.4803	52.013600000000004	51.59	51.5537	51.957600000000006	51.3174	51.7189	51.6147	51.5078	51.365700000000004	51.601200000000006	50.9277	51.344	51.271100000000004	51.039199999999994	51.272600000000004	51.643499999999996	51.0934	51.448899999999995	51.4746	51.107	51.2161	51.59780000000001	50.969500000000004	51.557900000000004	51.4611	51.2015	51.370099999999994	51.6764	50.9717	51.5872	51.4996	51.080099999999995	51.306	51.581500000000005	51.03529999999999	51.581999999999994	51.5981	51.2987	51.391299999999994	51.634100000000004	50.985	51.5273	51.411300000000004	51.2297	51.498999999999995	51.6459	51.1182	51.646	51.4772	51.1211	51.48819999999999	51.5011	51.092099999999995	51.5456	51.5722	51.228899999999996	51.5185	51.663000000000004	51.0697	51.50900000000001	51.5222	51.101200000000006	51.528600000000004	51.7243	51.069900000000004	51.6451	51.5316	51.258700000000005	51.4197	51.56309999999999	51.100199999999994	51.503699999999995	51.54	51.2177	51.5938	51.7509	51.1758	51.676	51.642900000000004	51.20249999999999	51.5162	51.7099	51.2416	51.7819	51.820600000000006	51.4042	51.8013	51.909099999999995	51.3923	51.8333	51.9011	51.5091	51.8964	52.0281	51.6653	52.0418	52.0328	51.792899999999996	51.9694	52.192899999999995	51.6964	52.200599999999994	52.2106	51.904700000000005	52.208	52.310500000000005	51.81980000000001	52.322199999999995	52.3142	51.8873	52.2958	52.3925	51.9655	52.394	52.44950000000001	52.033300000000004	52.2872	52.5049	51.951499999999996	52.4258	52.47730000000001	52.13100000000001	52.433099999999996	52.607899999999994	52.1875	52.4824	52.5061	52.204899999999995	52.5659	52.710100000000004	52.2269	52.6672	52.7269	52.234700000000004	52.6174	52.8065	52.64020000000001
Leq-ABas_039_Ex1_L3_fastp	68.2377	56.7787	54.296	55.6968	57.8438	56.017399999999995	55.3122	58.2453	56.8546	54.946	60.472899999999996	59.6589	58.8677	59.110099999999996	57.5473	57.922399999999996	58.9523	57.47449999999999	57.96	58.8287	57.3654	57.701100000000004	58.593300000000006	57.107699999999994	57.541399999999996	58.438900000000004	57.030899999999995	57.5083	58.4738	57.043699999999994	57.5986	58.4374	57.060599999999994	57.5194	58.4844	57.1011	57.5599	58.4201	57.0565	57.4595	58.4558	57.0292	57.585699999999996	58.4413	57.076800000000006	57.5515	58.47839999999999	57.030499999999996	57.6051	58.470200000000006	57.1242	57.5754	58.4851	57.086099999999995	57.62199999999999	58.4604	57.196000000000005	57.5746	58.5272	57.157000000000004	57.6488	58.461200000000005	57.175799999999995	57.63080000000001	58.5038	57.1659	57.6439	58.507299999999994	57.185900000000004	57.672999999999995	58.5749	57.1992	57.6617	58.524100000000004	57.213300000000004	57.6815	58.584199999999996	57.2345	57.767100000000006	58.571	57.262100000000004	57.7129	58.577400000000004	57.2187	57.7958	58.6055	57.2997	57.7631	58.662400000000005	57.2898	57.827600000000004	58.68	57.36	57.8213	58.7068	57.4206	57.897	58.7741	57.472500000000004	57.9925	58.8623	57.518499999999996	57.9879	58.8947	57.56250000000001	58.0614	58.961600000000004	57.676300000000005	58.165	59.0391	57.786300000000004	58.217600000000004	59.091800000000006	57.7784	58.304	59.220600000000005	57.871300000000005	58.3333	59.258900000000004	57.9258	58.4523	59.311400000000006	58.0357	58.4942	59.37	58.0773	58.5691	59.4642	58.167	58.6502	59.5708	58.2433	58.7188	59.5966	58.2992	58.756	59.634699999999995	58.344300000000004	58.8132	59.7399	58.422700000000006	58.8959	59.851600000000005	58.5514	59.0844	60.0201	58.61730000000001	59.134100000000004	60.054300000000005	59.287
Leq-ABas_040_Ex1_L3_fastp	62.8351	43.5215	46.4503	45.4294	46.5966	45.1855	44.7696	46.339999999999996	46.8387	44.6162	50.429199999999994	49.7787	48.777300000000004	48.1531	48.0018	47.7245	48.106500000000004	47.6317	48.0663	47.7796	47.964	47.5948	47.8587	47.2303	47.6376	47.321000000000005	47.3829	47.4097	47.69	47.2941	47.6796	47.5475	47.466	47.4227	47.7294	47.1825	47.6387	47.4332	47.502	47.4624	47.7829	47.2001	47.7291	47.578700000000005	47.3339	47.3377	47.666399999999996	47.234500000000004	47.7279	47.591899999999995	47.5816	47.454499999999996	47.6931	47.1701	47.6566	47.4079	47.428399999999996	47.5005	47.7157	47.321600000000004	47.7896	47.5136	47.3115	47.567	47.5178	47.346199999999996	47.654999999999994	47.5743	47.420899999999996	47.5648	47.6383	47.288599999999995	47.5764	47.5023	47.3577	47.6062	47.7432	47.2671	47.7726	47.5236	47.5244	47.5128	47.6172	47.3516	47.6371	47.4802	47.392	47.6683	47.7717	47.3646	47.7984	47.6699	47.4229	47.6006	47.7627	47.4801	47.8784	47.7958	47.660000000000004	47.9143	47.9917	47.6106	47.9719	47.953	47.7432	48.0442	48.1552	47.8884	48.1883	48.1247	48.0872	48.1624	48.3003	47.922	48.3953	48.347699999999996	48.174499999999995	48.342400000000005	48.431999999999995	48.1266	48.5489	48.4321	48.222500000000004	48.5106	48.6088	48.3326	48.6858	48.558099999999996	48.405100000000004	48.5441	48.7042	48.2827	48.7099	48.646699999999996	48.5143	48.7074	48.861399999999996	48.547200000000004	48.855900000000005	48.7445	48.6236	48.7979	48.9543	48.607499999999995	48.9969	48.987	48.7206	49.0135	49.118	48.9103
Leq-ABas_041_Ex1_L3_fastp	63.585899999999995	45.788000000000004	47.7213	46.8729	48.4804	46.9899	46.5821	48.158699999999996	48.7102	45.963300000000004	51.993	51.1877	50.4645	49.9509	49.6507	49.229800000000004	49.806400000000004	49.2452	49.681599999999996	49.485	49.5409	49.1207	49.4636	48.6816	49.199	49.0379	48.9951	48.991099999999996	49.4176	48.795100000000005	49.241099999999996	49.2503	49.0707	48.944900000000004	49.463499999999996	48.7697	49.3639	48.9439	49.137100000000004	48.9067	49.349900000000005	48.7821	49.2305	49.1358	48.990899999999996	48.887	49.3142	48.7463	49.2701	49.195	49.202400000000004	48.943	49.432500000000005	48.7593	49.296800000000005	49.087199999999996	48.9686	49.011900000000004	49.417100000000005	48.898799999999994	49.338	49.289300000000004	48.914	49.236000000000004	49.302800000000005	48.8277	49.3008	49.1421	49.101	48.9826	49.287	48.8955	49.2387	49.169200000000004	49.0319	49.0962	49.481199999999994	48.897	49.298199999999994	49.1503	49.082300000000004	48.9476	49.494	48.9377	49.346000000000004	49.1495	49.1158	49.1483	49.485	48.9671	49.4407	49.305	49.0619	49.0967	49.362899999999996	49.079299999999996	49.5579	49.517	49.131099999999996	49.2242	49.6398	49.1239	49.5409	49.5003	49.3198	49.503	49.6903	49.3408	49.5233	49.7619	49.594899999999996	49.3796	50.0576	49.3538	49.7858	49.6506	49.7731	49.5178	50.0226	49.580999999999996	49.9091	49.9666	49.5566	49.8683	50.086600000000004	49.566900000000004	49.9591	49.911699999999996	49.757	49.8053	50.197199999999995	49.6744	50.068599999999996	50.014199999999995	49.828	49.963800000000006	50.1941	49.7998	50.1394	50.1272	50.1133	50.116400000000006	50.279799999999994	49.8951	50.0269	50.3583	49.837199999999996	50.1034	50.3548	50.1095
Leq-ABas_042_Ex1_L3_fastp	60.4592	45.4965	46.653099999999995	46.6398	47.517399999999995	46.2406	45.8096	47.4695	47.313300000000005	45.8008	50.576699999999995	50.0641	49.025800000000004	48.7579	48.233399999999996	48.237	48.7247	48.118300000000005	48.3984	48.5153	48.2365	48.168299999999995	48.4467	47.7054	48.0509	48.1168	47.799	47.9763	48.370000000000005	47.765	48.0833	48.2348	47.7743	47.9234	48.2569	47.665800000000004	48.1045	48.152899999999995	47.7903	47.9188	48.3605	47.637299999999996	48.1098	48.2418	47.7176	47.8617	48.2286	47.6428	48.1115	48.2594	47.8747	47.9116	48.2802	47.6273	48.0688	48.079699999999995	47.8516	48.0069	48.316900000000004	47.7114	48.1714	48.1497	47.7104	48.033500000000004	48.2138	47.7287	48.1105	48.2489	47.8207	48.0631	48.3441	47.7055	48.0766	48.2582	47.7757	48.0673	48.4041	47.7307	48.2406	48.309000000000005	47.9109	48.1166	48.3279	47.8252	48.1192	48.3327	47.9528	48.209	48.5423	47.957	48.3637	48.469699999999996	47.9899	48.294	48.5988	48.0653	48.571799999999996	48.721	48.272	48.6368	48.938199999999995	48.356500000000004	48.7008	48.9919	48.558800000000005	48.8996	49.180600000000005	48.7367	49.1146	49.3213	48.9345	49.172399999999996	49.5038	48.9506	49.4334	49.647000000000006	49.2208	49.5471	49.8686	49.2962	49.7645	49.9579	49.4614	49.8271	50.16779999999999	49.5853	50.044999999999995	50.2906	49.8172	50.123	50.484399999999994	49.8705	50.3285	50.574200000000005	50.1181	50.454100000000004	50.818200000000004	50.2219	50.558499999999995	50.8646	50.3738	50.7599	51.126099999999994	50.458400000000005	51.039500000000004	51.2974	50.6332	51.0856	51.466699999999996	51.081900000000005
Leq-ABas_043_Ex1_L3_fastp	65.41460000000001	48.587	49.4368	48.9041	50.7709	49.156800000000004	48.689	50.622699999999995	50.982000000000006	48.0717	54.1554	53.3192	52.6466	52.160399999999996	51.749	51.341	52.159299999999995	51.28549999999999	51.8612	51.6774	51.6327	51.2691	51.833600000000004	50.8618	51.2864	51.2223	51.0078	51.0159	51.6157	50.954299999999996	51.316300000000005	51.4159	51.112	51.013299999999994	51.67699999999999	50.7701	51.3646	51.3508	51.14919999999999	51.048300000000005	51.690000000000005	50.8622	51.4776	51.407599999999995	51.058499999999995	51.0024	51.642500000000005	50.846599999999995	51.402499999999996	51.45960000000001	51.2663	51.1065	51.6455	50.9007	51.3378	51.3374	51.146899999999995	51.1168	51.623200000000004	50.9617	51.402300000000004	51.4497	51.056900000000006	51.2355	51.5505	50.964200000000005	51.3092	51.367399999999996	51.1493	51.140699999999995	51.62480000000001	50.9675	51.3274	51.393299999999996	51.026	51.2234	51.6149	50.933499999999995	51.46770000000001	51.39169999999999	51.1485	51.1514	51.509899999999995	50.8987	51.310599999999994	51.3238	51.0549	51.2636	51.6363	50.9574	51.4545	51.456	51.0697	51.18129999999999	51.6104	51.006099999999996	51.4756	51.49589999999999	51.1949	51.3606	51.7022	51.0932	51.413	51.6346	51.1787	51.402300000000004	51.6935	51.2187	51.5379	51.654900000000005	51.391799999999996	51.440200000000004	51.764900000000004	51.1984	51.6302	51.765499999999996	51.450700000000005	51.5227	51.936499999999995	51.2715	51.660700000000006	51.8292	51.3212	51.6004	51.93410000000001	51.3464	51.748799999999996	51.780300000000004	51.525	51.5049	51.930299999999995	51.3348	51.6716	51.845	51.4866	51.5621	51.973400000000005	51.4451	51.736000000000004	51.832699999999996	51.5336	51.6474	51.8892	51.4173	51.8055	51.9347	51.4737	51.729099999999995	52.0217	51.7973
Leq-ABas_044_Ex1_L3_fastp	63.565400000000004	44.0451	46.7211	46.0602	47.5811	46.1861	45.610800000000005	47.321600000000004	47.8029	45.0814	51.25150000000001	50.596399999999996	49.8101	49.031200000000005	48.8989	48.6177	49.113600000000005	48.4313	48.8201	48.661100000000005	48.6425	48.3815	48.5651	48.0574	48.3271	48.1585	48.085	48.1826	48.504000000000005	48.0201	48.4101	48.3746	48.2333	48.1636	48.498000000000005	47.993	48.449	48.2522	48.149	48.1508	48.4482	47.9352	48.4405	48.3233	48.1703	48.1022	48.4295	47.9546	48.3956	48.2904	48.2217	48.1657	48.4625	47.9876	48.3817	48.253299999999996	48.1306	48.1771	48.4062	47.9987	48.4065	48.2878	48.1051	48.2706	48.3664	48.044799999999995	48.3313	48.3038	48.1438	48.2128	48.391099999999994	48.0628	48.343799999999995	48.295700000000004	48.0747	48.3171	48.423500000000004	48.0653	48.4408	48.2973	48.2175	48.2142	48.3744	48.1051	48.4417	48.263	48.1053	48.3335	48.472300000000004	48.0739	48.4857	48.4269	48.2325	48.3206	48.4942	48.2165	48.4824	48.4358	48.3048	48.4549	48.571999999999996	48.2154	48.5351	48.546499999999995	48.3211	48.4771	48.6109	48.299	48.5925	48.5844	48.4273	48.5563	48.6956	48.3466	48.6736	48.6823	48.4959	48.594100000000005	48.7129	48.3814	48.722300000000004	48.687999999999995	48.457499999999996	48.653400000000005	48.7996	48.4789	48.802800000000005	48.6971	48.5366	48.6066	48.7906	48.4219	48.756899999999995	48.7262	48.506	48.655100000000004	48.829699999999995	48.5272	48.7742	48.7393	48.6616	48.775400000000005	48.896	48.5714	48.904399999999995	48.841499999999996	48.591	48.8755	48.971900000000005	48.8026
Leq-ABas_045_Ex1_L3_fastp	62.3957	44.000499999999995	46.340399999999995	45.6931	46.9445	45.4307	45.1259	46.6471	47.1426	44.812200000000004	50.484399999999994	49.9037	48.897400000000005	48.276799999999994	48.1396	47.8752	48.3012	47.809200000000004	48.0418	48.0412	47.9789	47.6051	47.9587	47.336099999999995	47.6143	47.4184	47.3277	47.4875	47.7656	47.375299999999996	47.7528	47.670899999999996	47.6064	47.3031	47.7638	47.295500000000004	47.638799999999996	47.581	47.5403	47.332800000000006	47.971000000000004	47.1713	47.711999999999996	47.5897	47.5409	47.4542	47.7201	47.137499999999996	47.6778	47.6208	47.6855	47.3045	47.8273	47.207	47.673700000000004	47.5414	47.3844	47.4698	47.6911	47.2647	47.6291	47.6265	47.401900000000005	47.5097	47.6395	47.4144	47.5707	47.5871	47.436099999999996	47.5272	47.6055	47.1325	47.5646	47.5507	47.2722	47.6173	47.8439	47.2561	47.817	47.601	47.4643	47.475	47.660599999999995	47.2982	47.5829	47.5406	47.4744	47.5885	47.7075	47.2883	47.83	47.6583	47.6437	47.6055	47.7318	47.3737	47.7618	47.8068	47.6875	47.7333	47.8451	47.5352	47.762100000000004	47.976	47.5595	47.842600000000004	47.990100000000005	47.605199999999996	48.0381	48.070800000000006	47.8564	47.8283	48.0488	47.626000000000005	48.2107	48.0591	47.7871	48.0413	48.1729	47.761399999999995	48.2229	48.2458	47.8872	48.1916	48.4319	47.9742	48.3928	48.2496	48.0818	48.126999999999995	48.355199999999996	48.0873	48.3924	48.2887	48.1689	48.2118	48.6104	48.2097	48.4695	48.417500000000004	48.1712	48.283300000000004	48.782	48.0687	48.7344	48.6785	48.4745	48.7145	48.844	48.3243
Leq-ABas_046_Ex1_L3_fastp	64.8759	45.9975	47.8943	47.352199999999996	48.8533	47.3475	46.8871	48.6567	49.0453	46.348299999999995	52.5807	51.6837	51.1028	50.1985	50.1209	49.8585	50.3856	49.538399999999996	50.17660000000001	49.8811	49.816	49.6438	49.8963	49.1828	49.6036	49.402699999999996	49.2242	49.3795	49.7868	49.200700000000005	49.7165	49.5808	49.4089	49.4166	49.851	49.1622	49.7508	49.5103	49.3111	49.343599999999995	49.7211	49.113800000000005	49.797599999999996	49.5197	49.3699	49.4142	49.7585	49.086600000000004	49.6761	49.530499999999996	49.377500000000005	49.4081	49.7245	49.1711	49.6993	49.514	49.3161	49.4407	49.6735	49.147800000000004	49.7059	49.5518	49.3563	49.4965	49.666399999999996	49.229099999999995	49.6152	49.5042	49.3207	49.451	49.7021	49.1986	49.623	49.5241	49.2712	49.5529	49.6569	49.2325	49.717	49.519200000000005	49.3923	49.4685	49.667699999999996	49.265100000000004	49.7005	49.4843	49.3082	49.567099999999996	49.7143	49.18	49.749900000000004	49.5971	49.3593	49.5062	49.788900000000005	49.357099999999996	49.7464	49.6293	49.4456	49.6441	49.8032	49.3522	49.786	49.7206	49.4326	49.697	49.8345	49.3849	49.797000000000004	49.7417	49.598	49.7583	49.8951	49.446600000000004	49.8339	49.851600000000005	49.596000000000004	49.7393	49.9493	49.4548	49.8822	49.8407	49.5357	49.818400000000004	49.9584	49.5056	50.013200000000005	49.7952	49.5878	49.6915	49.9431	49.4569	49.9189	49.8257	49.6027	49.8144	49.9886	49.5912	49.9386	49.8361	49.770399999999995	49.8893	50.0421	49.578	50.0518	49.975500000000004	49.6634	49.9837	50.1233	49.8839
Leq-ABas_047_Ex1_L3_fastp	63.0745	44.2069	46.6256	45.9871	47.292699999999996	45.7751	45.2813	47.059400000000004	47.5246	45.1577	51.102599999999995	50.2756	49.3693	48.914699999999996	48.4687	48.4064	48.786699999999996	48.1266	48.4578	48.424099999999996	48.3985	48.2032	48.365700000000004	47.6001	48.162	48.0213	47.9129	47.7114	48.2991	47.6227	48.181000000000004	47.8846	47.7788	47.769800000000004	48.2633	47.6981	48.0907	48.0688	47.8072	47.8487	48.4768	47.7175	48.2606	48.1969	47.7545	47.769600000000004	48.267900000000004	47.4542	48.1705	48.1825	48.0151	47.938399999999994	48.2902	47.8086	48.1261	48.004200000000004	47.6996	47.9949	48.3983	47.753499999999995	48.3628	48.2113	47.830099999999995	48.0983	48.0725	47.685300000000005	48.209	48.1379	47.86	48.1716	48.1907	47.9	48.103	48.0777	47.9246	48.1152	48.266799999999996	47.7284	48.2465	48.0488	47.863299999999995	48.126200000000004	48.1665	47.8009	48.205999999999996	48.1506	47.848600000000005	48.0372	48.3617	47.9927	48.3822	48.1955	47.9206	48.2523	48.2864	48.1048	48.5053	48.385400000000004	48.0987	48.414699999999996	48.5338	47.9686	48.483599999999996	48.455799999999996	48.1282	48.5708	48.6791	48.2838	48.513099999999994	48.5604	48.646	48.6837	48.9891	48.498599999999996	48.8523	48.7986	48.7665	48.8254	49.194500000000005	48.6197	48.933	49.0912	48.5772	49.0015	49.2769	48.654199999999996	49.044	49.0801	48.9706	49.0402	49.189699999999995	48.6793	48.9912	49.071	48.853	49.2241	49.3345	49.105399999999996	49.2508	49.4707	49.0898	49.216	49.4747	48.9604	49.3988	49.5327	49.060900000000004	49.3488	49.4763	49.296800000000005
Leq-ABas_048_Ex1_L3_fastp	64.59559999999999	46.1695	48.030899999999995	47.7523	49.3547	47.8626	47.525099999999995	49.1033	49.3589	47.321000000000005	52.97880000000001	52.2682	51.5676	50.983999999999995	50.7052	50.544599999999996	51.0327	50.2806	50.7445	50.5826	50.4958	50.403299999999994	50.583	49.8566	50.3472	50.178599999999996	49.9577	50.204499999999996	50.5325	49.987700000000004	50.4342	50.373999999999995	50.117900000000006	50.1839	50.5462	49.954100000000004	50.4734	50.3197	50.0737	50.2401	50.4965	49.9081	50.500299999999996	50.3765	50.051100000000005	50.2402	50.4924	49.9131	50.5053	50.39979999999999	50.17080000000001	50.244699999999995	50.468500000000006	49.933699999999995	50.4544	50.2862	50.1023	50.3267	50.5173	49.993700000000004	50.5128	50.3212	50.040600000000005	50.371500000000005	50.374300000000005	50.032399999999996	50.3935	50.3709	50.11409999999999	50.3332	50.44539999999999	49.9985	50.4213	50.3276	49.9984	50.3459	50.5101	49.9992	50.4986	50.343	50.124100000000006	50.3081	50.3844	49.9906	50.4255	50.3347	50.0309	50.418600000000005	50.5162	50.0019	50.5008	50.4381	50.0313	50.3319	50.5091	50.0587	50.5072	50.4293	50.168400000000005	50.48629999999999	50.6029	50.1365	50.517500000000005	50.5557	50.161699999999996	50.499700000000004	50.6148	50.21679999999999	50.615500000000004	50.5553	50.319	50.5562	50.663199999999996	50.1845	50.6822	50.5797	50.3138	50.517900000000004	50.6402	50.2038	50.6207	50.577600000000004	50.2483	50.5719	50.624199999999995	50.2324	50.625	50.5169	50.3246	50.4645	50.629599999999996	50.137299999999996	50.5261	50.54729999999999	50.2286	50.4947	50.6456	50.185199999999995	50.516000000000005	50.5139	50.2885	50.5265	50.6057	50.18899999999999	50.605199999999996	50.5975	50.1743	50.5529	50.610299999999995	50.4139
Leq-ABas_052_Ex1_L3_fastp	61.739	44.229400000000005	45.9885	45.737899999999996	46.7744	45.3718	44.9367	46.5381	46.7391	44.8462	50.1996	49.5815	48.6764	48.045300000000005	47.8188	47.7488	48.086	47.4946	47.885	47.7958	47.6697	47.5939	47.6722	47.131699999999995	47.511199999999995	47.3433	47.180499999999995	47.383900000000004	47.6368	47.1627	47.5544	47.4821	47.3057	47.3053	47.620200000000004	47.1009	47.5574	47.4009	47.2221	47.304	47.6018	47.0473	47.5549	47.4578	47.2163	47.2736	47.5332	47.044000000000004	47.4996	47.444199999999995	47.274300000000004	47.2862	47.5805	47.0786	47.4672	47.3783	47.1972	47.3766	47.556799999999996	47.1414	47.569	47.4458	47.1721	47.456700000000005	47.4942	47.1717	47.4812	47.4804	47.2826	47.4347	47.529199999999996	47.1849	47.4856	47.415	47.1799	47.5281	47.6122	47.1603	47.6211	47.5155	47.3367	47.440599999999996	47.5852	47.1973	47.593	47.5069	47.2368	47.619	47.7108	47.266999999999996	47.7315	47.674699999999994	47.373599999999996	47.6169	47.7987	47.4547	47.8272	47.822700000000005	47.603699999999996	47.869499999999995	47.9948	47.607699999999994	47.999700000000004	48.077799999999996	47.713100000000004	48.0944	48.2196	47.8613	48.221799999999995	48.2245	47.9831	48.2015	48.3553	47.928	48.4205	48.4492	48.1712	48.4516	48.5575	48.122	48.6146	48.6053	48.2516	48.634	48.6956	48.395500000000006	48.771300000000004	48.688500000000005	48.4469	48.6438	48.857299999999995	48.402899999999995	48.888	48.8473	48.5724	48.8666	49.040099999999995	48.6759	49.0001	48.9731	48.832300000000004	49.082300000000004	49.284099999999995	48.7847	49.2791	49.2276	48.8553	49.26	49.3229	49.0662
Leq-ABas_053_Ex1_L3_fastp	65.9457	45.830799999999996	48.0429	46.0839	49.0551	47.0358	46.685700000000004	48.438700000000004	49.2502	45.595400000000005	52.63440000000001	51.507099999999994	51.09010000000001	50.259600000000006	50.4007	49.499300000000005	50.644	49.452	50.2459	49.943599999999996	50.041599999999995	49.371700000000004	50.10679999999999	49.068400000000004	49.5054	49.3474	49.2769	49.055	49.8672	49.006	49.593900000000005	49.5585	49.5563	49.054199999999994	50.0274	48.9941	49.579699999999995	49.362899999999996	49.3616	48.9904	49.8832	48.9855	49.6866	49.4623	49.4294	49.031200000000005	49.838100000000004	48.9228	49.5798	49.442	49.4525	49.0369	49.8858	49.1155	49.5483	49.4565	49.3704	49.1084	49.7671	49.0089	49.6304	49.5815	49.4021	49.2621	49.7453	49.1509	49.426500000000004	49.4371	49.397000000000006	49.1238	49.7339	49.160900000000005	49.4843	49.4917	49.2635	49.3059	49.7451	49.121900000000004	49.6226	49.4741	49.5002	49.1456	49.7675	49.182500000000005	49.631	49.4036	49.261700000000005	49.283300000000004	49.7956	49.0829	49.5886	49.6189	49.3781	49.160900000000005	49.832100000000004	49.3084	49.5272	49.485099999999996	49.425799999999995	49.3186	49.772800000000004	49.1517	49.519200000000005	49.6319	49.3166	49.3171	49.7385	49.1839	49.4529	49.5476	49.5142	49.3375	49.7733	49.2297	49.566700000000004	49.6521	49.4591	49.261500000000005	49.8414	49.166199999999996	49.5311	49.6497	49.3444	49.378699999999995	49.818	49.288900000000005	49.6997	49.507400000000004	49.4621	49.1884	49.8533	49.1719	49.5222	49.608200000000004	49.4034	49.2669	49.8643	49.3259	49.5616	49.61	49.5501	49.4489	49.9013	49.348	49.6856	49.7331	49.4571	49.5256	49.9399	49.5214
Leq-ABas_054_Ex1_L3_fastp	64.0484	45.7713	47.5719	46.661	48.4866	46.8429	46.4262	47.998200000000004	48.7416	45.8472	52.0116	51.12330000000001	50.4505	49.7907	49.717	49.255300000000005	49.9131	48.9984	49.5552	49.261700000000005	49.6139	48.9541	49.443599999999996	48.6372	49.1146	49.0051	48.8714	48.6173	49.318400000000004	48.6201	49.0524	49.0885	48.9861	48.7739	49.3844	48.7739	49.0289	48.9103	48.85	48.7012	49.3604	48.5707	49.1647	49.2104	49.0536	48.7618	49.261700000000005	48.6391	49.0963	49.0661	49.2978	48.729099999999995	49.223800000000004	48.8705	49.2543	49.1014	48.9294	48.749700000000004	49.3328	48.718	49.1766	49.0496	48.8429	48.9136	49.0564	48.9476	49.0891	48.9631	48.8393	48.865700000000004	49.2655	48.8678	49.097	48.9941	48.8459	49.085699999999996	49.1531	48.8277	49.138	49.067699999999995	48.8336	49.0233	49.2241	48.7435	49.246	48.9215	48.771	49.1303	49.3073	48.7751	49.2827	49.088300000000004	48.9914	48.929899999999996	49.2466	48.9167	49.1877	49.129	49.088100000000004	49.1316	49.269400000000005	48.8152	49.269200000000005	49.325	49.167699999999996	49.451499999999996	49.4371	49.2489	49.2602	49.256699999999995	49.134	49.2853	49.5034	48.976	49.5353	49.5708	49.2139	49.4625	49.5327	49.1776	49.585499999999996	49.808	49.1642	49.4022	49.8335	49.1392	49.6079	49.5639	49.378899999999994	49.5174	49.831599999999995	49.3247	49.5643	49.6872	49.1189	49.7062	49.7896	49.4602	49.735099999999996	49.7842	49.3093	49.5257	49.9148	49.4161	49.788399999999996	49.6291	49.5441	49.7189	49.8132	49.7363
Leq-ABas_055_Ex1_L3_fastp	63.277300000000004	45.2795	46.9745	46.2594	47.912	46.3141	45.8966	47.7509	48.1756	45.4051	51.543499999999995	50.6977	49.885600000000004	49.5003	49.059000000000005	48.6127	49.356100000000005	48.7395	48.9938	49.0962	49.016799999999996	48.728100000000005	48.8612	48.339999999999996	48.4812	48.6676	48.4446	48.4052	48.8671	48.507	48.6513	48.8041	48.4796	48.301300000000005	49.0536	48.1946	48.6513	48.6841	48.3461	48.4516	48.879400000000004	48.1224	48.7671	48.6879	48.5011	48.6336	48.6245	48.1136	48.512499999999996	48.6695	48.464600000000004	48.422599999999996	48.8946	48.215	48.8038	48.6573	48.1434	48.533	48.712	48.103	48.9212	48.4388	48.257	48.6225	48.6835	48.2716	48.5506	48.5847	48.2971	48.4814	48.6271	48.2832	48.5517	48.8395	48.3026	48.5287	48.7753	48.2063	48.591	48.7113	48.4187	48.6169	48.889700000000005	48.3163	48.5884	48.6085	48.1391	48.6048	49.0747	48.2133	48.703	48.5408	48.294599999999996	48.5724	48.9083	48.490899999999996	48.5784	49.0027	48.5275	48.8648	48.9604	48.6168	48.9236	48.9844	48.4771	48.768699999999995	48.918099999999995	48.4844	48.8279	48.9362	48.6118	48.9363	48.9671	48.654199999999996	48.9247	49.125600000000006	48.681200000000004	48.9326	49.2302	48.634899999999995	49.0539	49.1361	48.802299999999995	49.0606	49.1548	48.644	49.2296	49.245	48.9709	49.1127	49.298500000000004	48.8258	48.693	48.9946	48.7134	49.107	49.3061	48.9039	49.324200000000005	49.207499999999996	49.0497	48.8459	49.338300000000004	48.7982	49.397400000000005	49.3764	48.905300000000004	49.2196	49.4425	49.1368
Leq-ABas_056_Ex1_L3_fastp	65.279	45.8559	48.5818	47.8327	49.2795	47.7279	47.4097	49.005700000000004	49.3853	46.6947	53.0134	52.0591	51.37350000000001	50.440200000000004	50.4192	50.084300000000006	50.671200000000006	49.904399999999995	50.511799999999994	50.1255	50.1744	49.8927	50.1685	49.440400000000004	49.934	49.6697	49.6548	49.7158	50.0738	49.4882	50.039199999999994	49.841	49.7853	49.711	50.126400000000004	49.4356	50.0802	49.7464	49.690400000000004	49.6956	50.0248	49.4054	50.1096	49.820100000000004	49.683	49.6348	50.046	49.3951	50.0076	49.8017	49.7551	49.683699999999995	50.0247	49.4691	49.9702	49.735800000000005	49.6743	49.7278	49.960100000000004	49.444300000000005	50.0309	49.809599999999996	49.658	49.832	49.959199999999996	49.5298	49.9302	49.7779	49.688300000000005	49.7465	49.943799999999996	49.5207	49.9082	49.7294	49.5871	49.8258	50.005599999999994	49.4929	50.0254	49.7807	49.7056	49.7515	49.9543	49.5292	50.01330000000001	49.734	49.5773	49.887100000000004	50.012299999999996	49.4919	50.037299999999995	49.8436	49.6721	49.7815	50.023700000000005	49.6228	50.030300000000004	49.912800000000004	49.7765	49.925799999999995	50.0822	49.6081	50.065599999999996	50.002100000000006	49.76	49.9705	50.131800000000005	49.761	50.1066	50.029900000000005	49.930099999999996	50.051100000000005	50.1783	49.7545	50.239599999999996	50.17850000000001	49.9751	50.1166	50.26969999999999	49.802400000000006	50.266299999999994	50.1703	49.8861	50.1965	50.27890000000001	49.9134	50.3238	50.16969999999999	50.0069	50.088100000000004	50.33990000000001	49.884	50.29860000000001	50.241499999999995	50.0371	50.196200000000005	50.4007	50.014	50.3512	50.2725	50.122299999999996	50.315	50.429	50.0251	50.505199999999995	50.4158	50.12219999999999	50.4184	50.592999999999996	50.371
Leq-ABas_058_Ex1_L3_fastp	63.756299999999996	43.1049	46.0451	44.9977	46.6002	45.0146	44.5951	46.2445	46.9257	44.3555	50.58669999999999	49.7471	49.0138	48.184	48.1512	47.726	48.2881	47.5627	48.0802	47.8012	47.9807	47.5213	47.7408	47.1533	47.5216	47.245599999999996	47.232600000000005	47.3471	47.6224	47.2238	47.6282	47.4904	47.4608	47.302499999999995	47.7248	47.1477	47.661	47.3797	47.3943	47.3602	47.704299999999996	47.1227	47.7315	47.490300000000005	47.3564	47.3153	47.6141	47.1476	47.6607	47.4891	47.4951	47.3568	47.726400000000005	47.185700000000004	47.6304	47.4043	47.3622	47.4109	47.6076	47.247	47.7474	47.4804	47.306799999999996	47.5122	47.5473	47.2915	47.585499999999996	47.4897	47.402499999999996	47.447	47.6078	47.2629	47.5908	47.4518	47.2395	47.5422	47.706199999999995	47.1879	47.7068	47.4796	47.4585	47.3879	47.5741	47.259299999999996	47.6085	47.429500000000004	47.3312	47.5856	47.6768	47.2988	47.7459	47.5931	47.3985	47.510000000000005	47.742200000000004	47.3885	47.7771	47.6408	47.513	47.7187	47.828900000000004	47.421400000000006	47.8128	47.7839	47.5404	47.7664	47.8977	47.6043	47.8787	47.7992	47.7507	47.8112	47.9506	47.5947	48.0152	47.9508	47.8313	47.8523	48.028	47.6532	48.0736	47.9927	47.7518	47.9712	48.0923	47.7991	48.137	47.9721	47.876200000000004	47.875	48.0955	47.7299	48.1145	47.9805	47.8506	48.018100000000004	48.1695	47.8859	48.104	48.042699999999996	47.9981	48.0612	48.2311	47.945100000000004	48.282599999999995	48.2253	47.9377	48.192800000000005	48.3003	47.9733
Leq-CMig_004-Ex1_L3_fastp	64.1652	41.0135	44.8246	42.1146	44.7237	42.8602	42.221399999999996	44.168600000000005	45.1414	41.4182	48.6374	47.9988	47.0692	46.158300000000004	46.4803	45.5378	46.2443	45.652	46.1372	45.8081	46.0408	45.4949	45.8226	45.1929	45.3235	45.0945	45.1092	45.0259	45.4096	45.1268	45.3722	45.3217	45.463	45.0884	45.563700000000004	45.1417	45.3101	45.1098	45.2131	44.9371	45.3968	45.0324	45.4435	45.092999999999996	45.306400000000004	44.980199999999996	45.2839	44.975	45.286500000000004	45.0912	45.2224	44.913	45.4028	45.073	45.2826	45.1	45.1983	44.9717	45.2445	44.9423	45.2681	45.1961	45.2387	45.0744	45.265699999999995	45.101200000000006	45.153999999999996	45.0131	45.1229	45.025	45.170700000000004	45.1075	45.1856	45.090599999999995	45.1421	45.1005	45.191700000000004	45.0137	45.3298	45.054899999999996	45.2502	44.975	45.197700000000005	45.1129	45.3967	45.033	45.0509	45.1637	45.267	44.9966	45.3897	45.219	45.191700000000004	44.9757	45.3207	45.2228	45.1618	45.0499	45.1925	45.120900000000006	45.3075	45.0529	45.196999999999996	45.1751	45.156400000000005	45.0093	45.1399	45.0643	45.0696	45.0471	45.3045	45.0786	45.246700000000004	45.0466	45.2414	45.1916	45.2019	45.000800000000005	45.1742	44.987	45.1992	45.0537	45.115300000000005	45.1633	45.269999999999996	45.0837	45.274300000000004	44.982299999999995	45.109	44.8472	45.2667	44.8676	45.1328	44.9938	45.134	44.9714	45.272	45.0343	45.1322	44.9622	45.2543	45.145	45.3345	45.0689	45.3757	45.1077	45.1678	45.198899999999995	45.285199999999996	45.0754
Leq-CMig_005-Ex1_L3_fastp	65.0814	41.359899999999996	44.9634	42.2426	45.07	43.1342	42.6972	44.8333	45.820100000000004	42.1317	49.4215	48.6775	47.8002	46.9808	47.462700000000005	46.246700000000004	47.1417	46.437	47.0443	46.7041	46.8994	46.2132	46.5974	45.9927	46.0865	45.9019	45.837	45.901399999999995	46.2497	45.9148	46.1719	46.1827	46.2218	45.8081	46.4467	45.8014	46.2236	45.9403	46.0932	45.711200000000005	46.2113	45.8556	46.3198	46.0444	46.117599999999996	45.8123	46.149499999999996	45.8422	46.0928	46.0758	46.1111	45.7874	46.2764	46.0792	46.1083	45.984700000000004	45.9594	45.8158	46.1005	45.9152	46.1623	46.1963	46.0503	46.0295	46.1447	46.0475	46.0191	45.9437	46.0589	45.7934	46.083400000000005	46.110099999999996	46.0837	46.0596	45.9197	46.0406	46.067	45.976800000000004	46.3293	45.9526	46.131299999999996	45.8621	46.164	46.076499999999996	46.2969	45.8827	45.8816	46.1904	46.1661	45.8892	46.178000000000004	46.1381	46.0434	45.8546	46.2194	46.1508	46.0655	45.900200000000005	46.0272	46.0126	46.1017	45.9268	46.061800000000005	46.1299	45.928999999999995	45.969500000000004	46.0518	45.9363	45.9507	46.0182	46.1648	46.0111	46.1109	45.9453	46.0829	46.163199999999996	46.027	45.8204	46.1744	45.8697	46.1053	46.124700000000004	45.9675	46.063500000000005	46.1751	46.0436	46.2363	45.9465	46.0218	45.725500000000004	46.1331	45.8913	46.0072	45.9526	45.9723	45.8658	46.2301	46.0094	46.1402	45.9583	46.098099999999995	46.0132	46.2786	46.030100000000004	46.2902	46.185500000000005	46.0934	46.059	46.3141	46.1409
Leq-CMig_006-Ex1_L3_fastp	65.22200000000001	40.1432	45.3619	42.4718	44.9777	42.65	42.4075	43.8422	45.013799999999996	41.3196	48.378	47.4717	46.610600000000005	45.628	46.1564	45.0858	45.9777	45.2745	46.031499999999994	45.4325	45.900800000000004	45.1192	45.4484	44.9166	45.118	44.7618	44.9773	44.8093	45.317299999999996	44.8622	45.3138	45.0258	45.2547	44.727	45.3367	44.7449	45.153	44.7279	44.9914	44.6807	45.1231	44.7958	45.2934	44.8577	45.1	44.7171	45.181	44.676100000000005	45.2163	44.8992	45.095200000000006	44.685900000000004	45.1741	44.9185	45.1397	44.866	44.9303	44.7416	45.084	44.7835	45.2334	44.969	45.074799999999996	44.9571	44.9775	44.8181	44.9444	44.7531	45.0302	44.7662	45.0267	44.9288	45.0328	44.7988	44.846799999999995	44.8983	44.8763	44.9086	45.2151	44.85	45.153999999999996	44.809599999999996	45.0677	44.893699999999995	45.1888	44.7747	44.8406	44.9887	45.054300000000005	44.678200000000004	45.1752	44.891799999999996	45.0461	44.799	45.089400000000005	44.9636	45.0484	44.7862	45.0978	44.8988	45.140299999999996	44.8302	45.0583	44.975	44.876	44.9365	44.9835	44.8104	44.9598	44.866299999999995	45.1594	44.951299999999996	45.1226	44.8177	45.1046	44.9505	45.007799999999996	44.8355	44.9156	44.753	45.0208	45.0631	44.8973	45.0642	45.0341	44.8316	45.17	44.7448	44.9305	44.5774	45.058	44.7997	45.036500000000004	44.884	44.8615	44.7415	45.0856	44.771699999999996	44.9025	44.7137	45.089800000000004	44.8729	45.082	44.949	45.1124	44.9437	44.902300000000004	44.901	44.9349	44.878
Leq-CMig_007-Ex1_L3_fastp	64.5579	41.6008	44.7418	42.516799999999996	44.8965	42.8937	42.343599999999995	44.2023	45.214	41.6849	48.7244	47.8746	47.1574	46.3534	46.7378	45.6878	46.5792	45.8709	46.5283	46.1219	46.2659	45.7039	46.063900000000004	45.453500000000005	45.6257	45.4596	45.3693	45.4154	45.7466	45.3172	45.6087	45.622	45.7514	45.219500000000004	45.9281	45.2414	45.7079	45.4007	45.5453	45.2537	45.6042	45.3212	45.7693	45.4091	45.6534	45.2025	45.7346	45.1693	45.6517	45.373999999999995	45.5459	45.2086	45.6237	45.4286	45.567600000000006	45.3729	45.461200000000005	45.2316	45.5176	45.2345	45.5598	45.5192	45.5977	45.4735	45.5508	45.4337	45.3598	45.2758	45.4411	45.2882	45.508700000000005	45.501200000000004	45.482299999999995	45.4202	45.292100000000005	45.5383	45.4377	45.358900000000006	45.6475	45.307900000000004	45.641	45.3237	45.5669	45.410000000000004	45.6862	45.346599999999995	45.1934	45.5587	45.562599999999996	45.2918	45.643	45.5227	45.4699	45.2496	45.6683	45.529599999999995	45.5102	45.393699999999995	45.579	45.466499999999996	45.5392	45.326499999999996	45.5406	45.4647	45.3812	45.4411	45.4737	45.3167	45.4396	45.4659	45.5515	45.4178	45.5033	45.340599999999995	45.5366	45.6051	45.5741	45.339600000000004	45.5242	45.268	45.482299999999995	45.5548	45.2839	45.6484	45.588499999999996	45.433099999999996	45.7335	45.2969	45.468599999999995	45.1545	45.5977	45.225100000000005	45.4491	45.4841	45.3155	45.3168	45.6137	45.3764	45.5762	45.3988	45.6037	45.443	45.669	45.45	45.7361	45.558	45.5171	45.5295	45.701	45.3706
Leq-CMig_008-Ex1_L3_fastp	63.897999999999996	41.015	45.6652	42.822500000000005	44.8633	42.9882	42.7631	44.5317	45.050000000000004	41.5716	48.7498	47.748000000000005	46.6019	45.643699999999995	46.27	45.3861	46.0822	45.5174	46.0795	45.6578	45.9873	45.2929	45.597500000000004	45.0473	45.2972	44.9807	45.0698	45.0509	45.33	45.1671	45.3155	45.17	45.3696	45.025	45.4161	44.9285	45.3619	45.047599999999996	45.251200000000004	44.9111	45.2365	45.0406	45.4459	45.049099999999996	45.2122	44.8776	45.284600000000005	44.8445	45.2055	44.9908	45.135999999999996	44.8326	45.272	45.0408	45.2197	44.9262	45.123999999999995	44.9039	45.170100000000005	44.9186	45.2737	45.116099999999996	45.111000000000004	45.1111	45.067099999999996	45.0724	45.055800000000005	44.9315	45.1353	44.9564	45.114599999999996	45.048300000000005	45.1881	44.9502	45.0272	45.0505	45.181	44.9346	45.3213	44.9913	45.1774	44.934400000000004	45.130700000000004	45.016099999999994	45.3483	44.9293	44.951299999999996	45.0879	45.1507	44.8754	45.2098	45.0042	45.074799999999996	44.8855	45.1316	45.0051	45.1672	44.933299999999996	45.1874	45.022400000000005	45.1319	44.9037	45.1331	45.0704	44.984	45.026500000000006	45.0064	44.981300000000005	45.0554	44.9596	45.1282	44.9264	45.1308	44.8827	45.0994	45.0341	45.0903	44.9658	45.0638	44.8342	45.1605	44.9961	44.9056	45.045	45.055299999999995	44.9041	45.2298	44.803	45.0557	44.7125	45.069900000000004	44.806000000000004	45.1011	44.98	44.8861	44.864599999999996	45.0972	44.9446	45.0681	44.8077	45.1233	44.885000000000005	45.124399999999994	44.975300000000004	45.2196	44.945	45.002900000000004	44.953199999999995	45.0614	44.826100000000004
Leq-CMig_009-Ex1_L3_fastp	63.90709999999999	41.9149	44.45	42.2681	44.7412	42.7931	42.290299999999995	44.2795	45.3848	41.5691	48.731	47.9185	47.2464	46.381299999999996	46.742	45.7214	46.5855	45.8929	46.5165	46.1921	46.3157	45.7254	46.0463	45.4895	45.5542	45.3693	45.3573	45.3855	45.6292	45.4844	45.547900000000006	45.669399999999996	45.6292	45.1514	45.8553	45.236	45.6222	45.373200000000004	45.545	45.1913	45.597300000000004	45.3144	45.698899999999995	45.475500000000004	45.5475	45.1515	45.6938	45.1524	45.5515	45.433099999999996	45.440999999999995	45.202799999999996	45.5585	45.4287	45.5451	45.291	45.4368	45.1712	45.4429	45.1876	45.567099999999996	45.4641	45.5108	45.3488	45.4801	45.4514	45.3778	45.2714	45.4186	45.1929	45.3953	45.441900000000004	45.447900000000004	45.3087	45.170500000000004	45.5007	45.4182	45.3483	45.5915	45.3045	45.562999999999995	45.2081	45.5122	45.4221	45.642500000000005	45.2414	45.2636	45.5478	45.4803	45.2669	45.5546	45.449600000000004	45.413599999999995	45.1845	45.5974	45.4304	45.4577	45.3068	45.4639	45.3516	45.4657	45.3042	45.4673	45.475	45.3292	45.3496	45.4306	45.2272	45.3943	45.3829	45.5925	45.3478	45.4024	45.3455	45.4478	45.482099999999996	45.4592	45.2593	45.5636	45.3081	45.4383	45.5306	45.2436	45.4919	45.596	45.4151	45.6698	45.2132	45.469500000000004	45.010600000000004	45.545	45.260600000000004	45.4594	45.438	45.2907	45.243100000000005	45.561800000000005	45.397999999999996	45.461800000000004	45.3773	45.5944	45.481100000000005	45.6752	45.357	45.7554	45.484700000000004	45.4637	45.4321	45.5462	45.3354
Leq-CMig_012-Ex1_L3_fastp	65.1944	40.2317	44.7549	41.9737	44.647999999999996	42.5099	42.0242	43.946400000000004	44.9217	41.2761	48.5603	47.7841	46.8776	45.9736	46.4047	45.4043	46.1023	45.495200000000004	46.068	45.6997	45.9658	45.373400000000004	45.608	45.0445	45.222899999999996	44.9305	44.922000000000004	44.9575	45.2575	45.006099999999996	45.24	45.2063	45.336	44.8502	45.481300000000005	44.846399999999996	45.2572	44.9501	45.124900000000004	44.7946	45.2511	44.9216	45.373799999999996	45.0273	45.1881	44.8005	45.241	44.7497	45.177299999999995	45.0152	45.0754	44.812999999999995	45.2444	45.015699999999995	45.211	44.9428	45.0259	44.8324	45.0918	44.8696	45.168	45.118700000000004	45.118900000000004	45.0614	45.089600000000004	44.9938	45.0301	44.8508	45.081700000000005	44.832	45.0445	44.9953	45.1573	44.9662	44.9478	45.0297	45.0478	44.9764	45.187	44.9761	45.1083	44.9159	45.1598	45.0765	45.2597	44.9233	44.9659	45.096799999999995	45.1289	44.886199999999995	45.1959	45.0884	45.0513	44.8856	45.2492	45.1297	45.0525	44.9565	45.084	45.0305	45.123400000000004	44.9193	45.1029	45.1186	44.9666	44.9498	45.029599999999995	44.9073	44.9948	45.0172	45.1373	44.99	45.068599999999996	44.9529	45.1652	45.0884	45.0473	44.8138	45.1061	44.8282	45.0828	45.0677	44.9208	45.0471	45.1164	44.9411	45.291199999999996	44.8767	45.0405	44.699299999999994	45.1224	44.872099999999996	45.025999999999996	44.9296	44.8921	44.876	45.2171	45.0415	45.1472	44.9542	45.1349	45.0118	45.2958	45.0193	45.2207	45.138400000000004	45.1264	45.1276	45.2354	44.969500000000004
Leq-CMig_014-Ex1_L3_fastp	64.0251	41.8804	44.5241	42.1754	44.7422	42.862	42.313	44.300200000000004	45.4126	41.539500000000004	48.771300000000004	48.072900000000004	47.2536	46.4301	46.7558	45.7284	46.5209	45.8633	46.3347	46.0922	46.3071	45.6335	45.9334	45.3717	45.4652	45.2536	45.251000000000005	45.1942	45.6027	45.2986	45.4929	45.548	45.5662	45.1729	45.8107	45.217800000000004	45.496199999999995	45.2681	45.4432	45.0928	45.5903	45.2919	45.6064	45.3839	45.4463	45.1262	45.509100000000004	45.073800000000006	45.4578	45.3465	45.4096	45.0977	45.5843	45.3399	45.517	45.3104	45.3439	45.163399999999996	45.3938	45.1747	45.476	45.417	45.3565	45.339800000000004	45.3975	45.311	45.3271	45.2204	45.379599999999996	45.1069	45.3697	45.3133	45.479	45.3167	45.2747	45.3704	45.491	45.2577	45.500600000000006	45.3258	45.4286	45.1841	45.481	45.3384	45.5408	45.218199999999996	45.2685	45.3701	45.4281	45.2428	45.5264	45.4663	45.325700000000005	45.207	45.5258	45.4928	45.412	45.3043	45.3911	45.2868	45.4538	45.2457	45.3801	45.4942	45.2668	45.325500000000005	45.418	45.2461	45.3499	45.3741	45.500099999999996	45.2903	45.4567	45.3792	45.4546	45.4459	45.421299999999995	45.1984	45.5121	45.2393	45.4037	45.4511	45.3573	45.4137	45.513799999999996	45.4325	45.563700000000004	45.2451	45.3793	45.0978	45.525	45.197900000000004	45.3488	45.3795	45.360099999999996	45.242900000000006	45.627	45.3705	45.5135	45.3448	45.4796	45.3481	45.6499	45.391999999999996	45.6065	45.4455	45.4113	45.469300000000004	45.5471	45.429
Leq-CMig_015-Ex1_L3_fastp	66.1349	41.0737	44.8401	42.2755	45.042100000000005	42.8588	41.9751	43.9127	45.198899999999995	41.6519	48.693799999999996	48.2023	47.5071	46.6269	47.2179	45.9463	46.9567	46.190999999999995	46.886100000000006	46.4238	46.651399999999995	46.0154	46.424	45.8133	45.986	45.753	45.670300000000005	45.7004	46.0621	45.6823	45.9606	45.9973	46.018100000000004	45.636900000000004	46.2838	45.62	46.0024	45.6808	45.8013	45.5878	45.9193	45.632400000000004	46.104099999999995	45.7997	45.902100000000004	45.489200000000004	46.0072	45.5183	45.9283	45.726	45.8551	45.64	46.02	45.7954	45.874700000000004	45.7633	45.7922	45.5873	45.8616	45.5998	45.9814	45.925	45.8895	45.817099999999996	45.8932	45.7903	45.812799999999996	45.5733	45.7951	45.582499999999996	45.8665	45.8191	45.856700000000004	45.7693	45.663399999999996	45.8979	45.805299999999995	45.765899999999995	46.0304	45.738299999999995	45.8979	45.6388	45.9223	45.7999	46.089400000000005	45.6573	45.5764	45.905	45.9034	45.6777	45.8985	45.8669	45.765699999999995	45.6009	45.961	45.8766	45.8343	45.7481	45.9121	45.7513	45.9036	45.698899999999995	45.8412	45.8503	45.6928	45.6939	45.7767	45.677299999999995	45.7067	45.806400000000004	45.9325	45.7615	45.9239	45.638400000000004	45.875	45.9044	45.8655	45.6013	45.9266	45.6201	45.800200000000004	45.9765	45.5905	45.9503	45.893699999999995	45.7156	45.9887	45.6241	45.7307	45.5293	45.9174	45.5617	45.8113	45.805800000000005	45.6126	45.6867	45.9287	45.681	45.878	45.7188	45.8852	45.8401	45.9825	45.85	46.0163	45.8605	45.7632	45.8876	46.012	45.786300000000004
Leq-CMig_016-Ex1_L3_fastp	63.985800000000005	41.7978	44.566	42.2537	44.691199999999995	42.762299999999996	42.365	44.346999999999994	45.3631	41.7976	48.798	48.065000000000005	47.3788	46.375	46.7789	45.6434	46.3706	45.864399999999996	46.4171	46.085300000000004	46.367799999999995	45.699400000000004	45.9565	45.3415	45.4212	45.2076	45.2196	45.2018	45.6331	45.344899999999996	45.4938	45.539	45.6191	45.162200000000006	45.9542	45.217800000000004	45.569199999999995	45.2275	45.5338	45.1252	45.6162	45.3383	45.7485	45.3546	45.4963	45.1333	45.5668	45.0846	45.4786	45.3797	45.4979	45.1387	45.6256	45.4214	45.4694	45.352199999999996	45.3294	45.2051	45.4646	45.130900000000004	45.4627	45.419599999999996	45.4993	45.3437	45.5114	45.467999999999996	45.405499999999996	45.2495	45.4285	45.135999999999996	45.5111	45.3949	45.4401	45.3355	45.3532	45.4204	45.5451	45.3469	45.7324	45.4469	45.5304	45.2136	45.546	45.4286	45.6474	45.3782	45.3546	45.4506	45.6119	45.2612	45.6601	45.5593	45.372299999999996	45.2812	45.622600000000006	45.5806	45.4575	45.3967	45.4849	45.454899999999995	45.5547	45.4227	45.5302	45.602900000000005	45.3495	45.4094	45.548100000000005	45.3362	45.4302	45.4503	45.5469	45.358	45.610299999999995	45.4933	45.5322	45.712399999999995	45.5129	45.364399999999996	45.546	45.3463	45.5254	45.5842	45.4721	45.5794	45.629999999999995	45.590199999999996	45.6725	45.3071	45.423	45.2001	45.4715	45.2641	45.4381	45.4237	45.340399999999995	45.2943	45.6991	45.521499999999996	45.567600000000006	45.3794	45.6299	45.3322	45.733000000000004	45.4426	45.5519	45.6053	45.562000000000005	45.5543	45.6839	45.385
Leq-CMig_017-Ex1_L3_fastp	65.2131	42.3184	45.6275	43.1673	45.641	43.561699999999995	43.3199	45.3103	46.1944	42.404199999999996	49.615500000000004	48.9541	47.9209	47.0893	47.543	46.4797	47.325	46.5461	47.2707	46.8199	47.0831	46.4178	46.643699999999995	46.0559	46.1758	45.957100000000004	45.940599999999996	46.0883	46.2969	46.075	46.2457	46.3478	46.375699999999995	45.9575	46.5485	45.9486	46.308899999999994	46.037	46.193200000000004	45.8312	46.2634	46.1513	46.5453	46.117000000000004	46.230399999999996	45.8315	46.3374	45.7771	46.139799999999994	46.0952	46.1873	45.79	46.4255	46.238800000000005	46.2408	46.0758	46.055600000000005	45.9309	46.1519	45.9731	46.3643	46.3444	46.2333	46.2429	46.1813	46.172999999999995	46.0643	46.0081	46.2415	45.8566	46.1652	46.2044	46.1675	46.1229	46.0367	46.2714	46.2293	46.085	46.3837	46.056200000000004	46.286	45.9193	46.3459	46.1703	46.4874	46.0276	45.9776	46.2314	46.2932	45.936	46.238800000000005	46.2222	46.1476	45.909	46.3851	46.4655	46.1335	46.0416	46.1872	46.1406	46.1617	46.0803	46.249	46.3559	45.925	46.1381	46.2417	46.078	46.0367	46.1105	46.3559	46.0521	46.1213	46.0312	46.2409	46.322	46.1073	45.9964	46.266600000000004	45.954499999999996	46.1761	46.1499	45.9079	46.1817	46.298899999999996	46.230399999999996	46.4731	46.074799999999996	46.0982	45.9203	46.233999999999995	45.872299999999996	46.131699999999995	46.1202	46.035	45.826499999999996	46.286899999999996	46.160000000000004	46.2652	46.0514	46.2306	46.2159	46.3843	46.035	46.4446	46.29	46.2211	46.2711	46.4539	46.1723
Leq-CMig_020-Ex1_L3_fastp	64.1886	41.9932	44.9247	42.757600000000004	45.5072	43.5021	42.8363	45.0247	45.8373	42.152499999999996	49.283300000000004	48.491	47.646899999999995	46.847100000000005	47.138799999999996	46.2179	47.0043	46.321	46.8208	46.6884	46.625	46.243	46.461999999999996	45.9334	46.0428	45.9182	45.821400000000004	45.754400000000004	46.1431	45.7287	46.0501	46.1165	46.107	45.6702	46.3922	45.8357	46.0612	45.8893	45.9923	45.6741	46.1073	45.6205	46.1885	45.8305	46.0999	45.6261	46.1793	45.590399999999995	46.035399999999996	45.8292	45.971000000000004	45.568599999999996	46.1599	45.8887	46.048899999999996	45.9142	45.8866	45.6888	46.059	45.7139	46.030100000000004	45.968599999999995	45.9383	45.9451	45.9648	45.8779	45.840599999999995	45.8108	45.9921	45.7601	45.8955	45.9038	46.0321	45.772400000000005	45.8383	45.9502	45.9887	45.773799999999994	46.1266	45.7937	46.0196	45.7714	45.9362	45.9818	46.135999999999996	45.7876	45.6775	46.0281	46.0331	45.7324	46.0683	45.938	45.9092	45.6872	46.101	46.015299999999996	45.9252	45.8179	45.975100000000005	45.9856	45.9418	45.886500000000005	46.0237	45.9878	45.9089	45.8266	45.957300000000004	45.811800000000005	46.005	45.8403	46.0528	45.929700000000004	46.06	45.875899999999994	45.9808	46.0021	46.0261	45.8202	46.1115	45.8706	45.9741	46.0659	45.750800000000005	45.9637	46.1	45.8502	46.1234	45.8094	45.9503	45.744	45.989000000000004	45.8212	45.9303	46.0172	45.8458	45.7928	46.1749	45.831300000000006	46.107	45.784200000000006	46.0334	45.9398	46.1404	45.9216	46.1152	46.022200000000005	45.9262	45.9721	46.176	45.926
Leq-CMig_021-Ex1_L3_fastp	65.6055	42.0312	45.1282	42.922	45.3411	43.1789	42.759	44.8904	45.9371	42.1599	49.2874	48.559000000000005	47.7195	46.834900000000005	47.402100000000004	46.2269	47.0788	46.2735	47.0764	46.6871	46.9238	46.3372	46.542	46.070899999999995	46.097500000000004	45.793	45.8662	45.9341	46.1438	45.9329	45.982299999999995	46.1796	46.3113	45.7078	46.469300000000004	45.785	46.272999999999996	45.8536	46.032000000000004	45.792300000000004	46.2286	45.9205	46.4256	45.9652	46.1496	45.6877	46.3167	45.6171	46.1196	45.9972	46.037800000000004	45.647	46.298	46.0725	46.129599999999996	45.9523	46.0073	45.6909	46.0038	45.7895	46.1293	46.0955	46.1229	46.0923	46.1205	46.0958	45.947500000000005	45.8507	46.0803	45.7434	45.9845	46.114	45.9403	45.919	45.7396	46.1681	46.000600000000006	45.9658	46.2728	45.8474	46.1747	45.8566	46.0778	46.0883	46.381	45.7853	45.7987	46.163900000000005	46.0458	45.8306	46.071600000000004	46.0794	46.0437	45.7649	46.2044	46.2564	46.076699999999995	45.8827	46.1074	46.0595	46.0321	45.963100000000004	46.102	46.0718	45.9011	46.0123	46.0691	46.0092	45.8512	46.0665	46.0307	46.027499999999996	46.0312	45.8916	46.1636	46.1954	46.0937	45.953500000000005	46.0919	45.8803	46.0111	46.159299999999995	45.9559	46.2645	46.244800000000005	46.0977	46.3821	45.7887	45.9932	45.6393	46.207	45.7438	46.0374	46.0631	45.9296	45.8296	46.239999999999995	46.070100000000004	46.1757	45.853699999999996	46.177	46.0524	46.2394	46.0012	46.224900000000005	46.1438	46.042300000000004	46.1083	46.3262	46.055800000000005
Leq-CMig_022-Ex1_L3_fastp	64.1545	42.0527	44.4183	42.2878	44.8368	42.8676	42.536	44.6553	45.7001	41.6622	48.845	48.1055	47.2727	46.3273	46.8756	45.7536	46.512	45.8429	46.4959	46.0967	46.320699999999995	45.6988	46.015299999999996	45.4058	45.5212	45.340399999999995	45.298	45.3085	45.5841	45.33	45.4978	45.6233	45.6681	45.1681	45.949400000000004	45.231500000000004	45.5588	45.3081	45.4576	45.1777	45.5844	45.305099999999996	45.687	45.445600000000006	45.5644	45.1051	45.746700000000004	45.0886	45.4733	45.3202	45.488	45.106	45.595400000000005	45.4226	45.507799999999996	45.3787	45.340399999999995	45.191900000000004	45.439299999999996	45.2088	45.5197	45.5732	45.4296	45.4421	45.4716	45.3731	45.347100000000005	45.2588	45.4937	45.1053	45.415299999999995	45.425900000000006	45.4399	45.3109	45.2665	45.449600000000004	45.4229	45.3874	45.6036	45.3827	45.5058	45.2002	45.495000000000005	45.408	45.704699999999995	45.1983	45.1883	45.4444	45.4728	45.1863	45.4835	45.4805	45.4598	45.0996	45.574799999999996	45.5548	45.3558	45.2673	45.4566	45.4051	45.3863	45.212799999999994	45.4661	45.5112	45.268	45.3145	45.3861	45.3556	45.2223	45.3218	45.4896	45.3069	45.3794	45.3046	45.4622	45.5327	45.388600000000004	45.2496	45.4743	45.2044	45.3699	45.522	45.2534	45.502900000000004	45.57	45.3467	45.6821	45.1913	45.3633	45.0772	45.4689	45.1171	45.3638	45.2519	45.2635	45.1072	45.5413	45.3372	45.4252	45.234	45.4266	45.3772	45.5625	45.2683	45.6405	45.4335	45.399	45.454499999999996	45.6225	45.3013
Leq-CMig_025-Ex1_L3_fastp	63.0605	41.353899999999996	44.0787	41.6948	44.3457	42.4804	41.9403	43.9317	44.983000000000004	41.274699999999996	48.336	47.7454	46.9867	46.1457	46.4597	45.4283	46.3168	45.5453	46.1465	45.7789	46.0065	45.3296	45.7223	45.0717	45.1971	45.013799999999996	44.9503	44.9049	45.3429	45.015100000000004	45.171099999999996	45.2747	45.3597	44.8575	45.510600000000004	44.9125	45.224599999999995	45.029599999999995	45.1538	44.772600000000004	45.2509	44.9682	45.3095	45.062999999999995	45.1301	44.8525	45.2132	44.835300000000004	45.2034	44.9965	45.1183	44.8302	45.2612	45.0432	45.161	45.028400000000005	45.0301	44.8254	45.1192	44.8837	45.18	45.1445	45.0257	44.9854	45.09	45.024300000000004	44.9982	44.9677	45.1139	44.8448	45.0993	45.0517	45.042500000000004	45.0391	44.9416	45.033	45.1478	44.9584	45.250800000000005	45.025999999999996	45.109	44.896	45.2135	45.062000000000005	45.2922	44.9235	44.9572	45.020900000000005	45.1836	44.918400000000005	45.170500000000004	45.143899999999995	45.0563	44.8926	45.2433	45.188	45.047399999999996	45.019999999999996	45.0945	45.036300000000004	45.1175	44.9895	45.0818	45.1762	45.0053	44.967600000000004	45.0444	44.9898	44.9978	45.0332	45.155899999999995	45.020900000000005	45.1325	45.0056	45.0978	45.1334	45.0399	44.904500000000006	45.143	44.9113	45.1342	45.0626	45.0112	44.9584	45.2175	45.0589	45.2776	44.9527	45.068200000000004	44.7681	45.1962	44.829299999999996	45.1225	45.0112	44.998	44.873400000000004	45.2533	44.9974	45.206	44.9903	45.1436	45.0385	45.3219	45.0643	45.2674	45.1542	45.105000000000004	45.146300000000004	45.2152	45.082100000000004
Leq-CMig_026-Ex1_L3_fastp	64.0571	41.5264	44.7708	42.2319	44.9562	42.7643	42.3944	44.2128	45.4642	41.6792	48.885600000000004	48.0904	47.3148	46.47	46.9799	45.8575	46.7828	46.0021	46.7	46.2745	46.4957	45.803700000000006	46.2453	45.5518	45.7085	45.5459	45.4784	45.5399	45.8775	45.5136	45.745200000000004	45.7637	45.8489	45.3266	46.0784	45.3914	45.8417	45.4846	45.677	45.3648	45.890100000000004	45.5287	45.981300000000005	45.5584	45.7058	45.2727	45.895399999999995	45.2814	45.7368	45.563500000000005	45.6963	45.3451	45.8419	45.610800000000005	45.7674	45.4928	45.603100000000005	45.4268	45.754400000000004	45.4381	45.7711	45.6802	45.6357	45.6429	45.6602	45.6454	45.5015	45.5081	45.6494	45.358900000000006	45.671800000000005	45.6443	45.602399999999996	45.508900000000004	45.461800000000004	45.67	45.6388	45.6038	45.894600000000004	45.6032	45.7391	45.474399999999996	45.7111	45.6542	45.812999999999995	45.4897	45.4728	45.687	45.6807	45.4135	45.7532	45.6284	45.6678	45.362	45.858900000000006	45.7479	45.6528	45.5335	45.644	45.649699999999996	45.664500000000004	45.495200000000004	45.7164	45.7515	45.4963	45.5663	45.6428	45.4852	45.5192	45.5519	45.7121	45.5531	45.6167	45.4608	45.646300000000004	45.7317	45.6257	45.4346	45.7444	45.4146	45.614399999999996	45.728	45.426899999999996	45.7091	45.7317	45.5636	45.792899999999996	45.3793	45.5991	45.2423	45.725100000000005	45.362700000000004	45.494	45.489200000000004	45.4716	45.3626	45.7139	45.5218	45.636700000000005	45.4703	45.697700000000005	45.4884	45.7453	45.502700000000004	45.8125	45.5919	45.7015	45.530300000000004	45.803700000000006	45.487100000000005
Leq-CMig_028-Ex1_L3_fastp	64.84140000000001	40.2828	43.9209	41.2774	44.0686	42.003099999999996	41.4105	43.2649	44.5328	40.8393	48.111399999999996	47.347899999999996	46.726	45.725300000000004	46.1736	45.002199999999995	45.8456	45.147999999999996	45.7569	45.3357	45.691700000000004	44.9683	45.3388	44.738699999999994	44.8678	44.6135	44.6312	44.5287	44.9084	44.6079	44.8371	44.866299999999995	45.0084	44.4876	45.224599999999995	44.5266	44.900600000000004	44.5057	44.7946	44.3801	44.8307	44.5857	44.997	44.7069	44.8054	44.423	44.846599999999995	44.427299999999995	44.8521	44.602599999999995	44.7461	44.4038	44.9088	44.674	44.7703	44.6766	44.6421	44.4373	44.6868	44.471500000000006	44.824999999999996	44.6682	44.759100000000004	44.5856	44.8039	44.5574	44.6672	44.5268	44.698100000000004	44.434400000000004	44.6096	44.643100000000004	44.677299999999995	44.6085	44.5338	44.6399	44.7257	44.5576	44.8127	44.5343	44.793699999999994	44.4824	44.7436	44.6659	44.9455	44.405499999999996	44.548	44.653999999999996	44.7267	44.567	44.7979	44.7106	44.6863	44.507799999999996	44.826	44.7345	44.650400000000005	44.5672	44.6965	44.5592	44.6957	44.5563	44.7389	44.7129	44.6004	44.624900000000004	44.737500000000004	44.6029	44.579800000000006	44.5185	44.7653	44.6695	44.748900000000006	44.638099999999994	44.684200000000004	44.7977	44.7297	44.5332	44.7495	44.5457	44.65	44.6986	44.5511	44.6526	44.7946	44.6629	44.797399999999996	44.5424	44.7415	44.3712	44.7616	44.4161	44.616499999999995	44.6305	44.560100000000006	44.5245	44.8894	44.7017	44.7212	44.5957	44.783899999999996	44.6837	44.8212	44.568799999999996	44.9935	44.8152	44.74	44.8165	44.8816	44.6661
Leq-CMig_029-Ex1_L3_fastp	64.3871	40.0985	44.0004	41.6031	43.8952	41.7027	41.3473	43.1311	44.2199	40.5176	47.6769	46.9153	46.126400000000004	45.1582	45.588499999999996	44.5106	45.303900000000006	44.575900000000004	45.2294	44.8284	45.198899999999995	44.4955	44.830799999999996	44.2051	44.4791	44.0514	44.1935	44.0164	44.4311	44.0714	44.4367	44.3144	44.506499999999996	43.987500000000004	44.6169	44.0874	44.4025	44.0525	44.252	43.9078	44.3257	44.0428	44.4955	44.0718	44.3102	43.9431	44.3731	43.967800000000004	44.319399999999995	44.1353	44.1768	43.9185	44.407999999999994	44.0739	44.2628	44.027300000000004	44.134499999999996	43.9833	44.192	43.97	44.3217	44.144099999999995	44.2031	44.0994	44.1852	44.0552	44.123200000000004	43.939699999999995	44.1667	43.9158	44.227	44.0653	44.2008	44.034099999999995	44.037	44.1889	44.182100000000005	44.0114	44.3399	44.007200000000005	44.2094	43.9559	44.2843	44.1575	44.385999999999996	43.9579	44.0384	44.1432	44.2606	43.941599999999994	44.2798	44.1808	44.0851	43.9998	44.3196	44.144299999999994	44.1985	44.0618	44.238499999999995	44.0575	44.2453	44.046099999999996	44.2754	44.2068	44.142700000000005	44.054	44.223600000000005	44.051899999999996	44.135000000000005	44.061099999999996	44.2355	44.0928	44.2868	44.0767	44.243300000000005	44.2614	44.2383	44.0111	44.241	43.949	44.2058	44.1341	44.1242	44.1951	44.2829	44.1098	44.3688	44.000499999999995	44.2618	43.905699999999996	44.2631	43.979600000000005	44.2172	44.162600000000005	44.1388	44.0298	44.3364	44.128299999999996	44.337199999999996	44.0705	44.2558	44.224999999999994	44.4037	44.249100000000006	44.426300000000005	44.2472	44.2605	44.2453	44.4221	44.1061
Leq-CMig_030-Ex1_L3_fastp	64.7764	40.9004	44.5064	42.1753	44.686	42.0289	42.0617	44.0648	45.107	41.242200000000004	48.5107	47.6771	46.9799	45.687	46.423199999999994	45.230399999999996	45.9767	45.17	46.003699999999995	45.7489	45.9256	45.1056	45.380700000000004	45.061299999999996	44.8031	44.7792	44.7078	44.7565	45.057900000000004	44.8832	44.911	45.0274	45.2871	44.75	45.376	44.7662	45.0233	44.6744	45.0593	44.6192	45.1452	44.7667	45.3619	44.7376	45.250800000000005	44.5578	45.1027	44.579299999999996	45.0453	44.8367	45.0403	44.658	45.1733	45.1182	44.9094	44.7102	44.786	44.560100000000006	44.9464	44.8155	45.0509	45.1548	45.1055	44.9363	44.9558	45.2066	44.8523	44.8423	44.8716	44.6776	44.7869	44.8882	44.9603	44.9048	44.8645	45.0452	45.001799999999996	44.7532	45.1214	44.8776	44.9624	44.701	45.129000000000005	44.9834	45.488299999999995	44.7192	44.8345	44.9677	44.9341	44.738499999999995	44.9287	44.9829	44.964999999999996	44.5594	45.1873	45.1783	44.8616	44.748599999999996	45.0353	45.055	44.9563	44.8502	45.073299999999996	45.1339	44.8144	44.9376	44.859	44.9343	44.6056	44.8776	45.0316	44.86	44.87	44.8401	45.0645	44.9756	44.933299999999996	44.6351	45.1268	44.6889	45.0512	44.7796	44.9814	44.8624	45.2417	44.8945	45.3678	44.7439	44.9937	44.6549	45.041199999999996	44.731500000000004	44.8991	44.8627	44.8196	44.647999999999996	45.1811	44.9099	45.1132	44.793699999999994	45.0258	44.8836	45.1354	44.8785	45.2249	45.0565	45.0113	45.0737	45.09	44.6992
Leq-CMig_032-Ex1_L3_fastp	65.0599	41.8501	45.0633	42.6304	45.359500000000004	43.3661	42.9427	45.0293	46.078599999999994	42.2044	49.358999999999995	48.6391	47.8399	47.008	47.483399999999996	46.2647	47.1661	46.4397	47.0927	46.720800000000004	46.9136	46.308	46.6449	46.085300000000004	46.2183	46.0165	45.9774	45.987899999999996	46.275800000000004	46.006099999999996	46.1469	46.2362	46.3278	45.8926	46.5154	45.9403	46.2426	46.0317	46.129799999999996	45.8423	46.225899999999996	46.0007	46.4174	46.076299999999996	46.190599999999996	45.8189	46.3341	45.8569	46.2568	46.0696	46.131899999999995	45.8366	46.2824	46.1098	46.296	46.0434	46.0642	45.8765	46.1503	45.9082	46.205400000000004	46.2475	46.152100000000004	46.091100000000004	46.172200000000004	46.1012	46.0621	45.994099999999996	46.0967	45.9242	46.1465	46.177800000000005	46.179700000000004	46.1284	45.9659	46.1739	46.1327	46.1094	46.2829	46.053399999999996	46.1958	45.968599999999995	46.1958	46.1499	46.3899	45.9938	45.917	46.2459	46.2435	46.021499999999996	46.2625	46.1853	46.1069	45.9642	46.313900000000004	46.232	46.136300000000006	46.0858	46.189400000000006	46.124500000000005	46.153499999999994	46.0439	46.1756	46.199	46.048	46.0893	46.1267	46.0422	46.1413	46.0669	46.2394	46.1078	46.1546	46.044200000000004	46.2354	46.213	46.216499999999996	45.9615	46.2204	46.0075	46.1371	46.218199999999996	45.9857	46.1984	46.2614	46.1058	46.3534	46.0067	46.1763	45.8585	46.2374	45.929500000000004	46.137699999999995	46.0826	46.049	45.9519	46.2531	46.0806	46.1905	46.0778	46.2411	46.1529	46.3855	46.0444	46.3196	46.2219	46.1379	46.2213	46.301700000000004	46.1644
Leq-CMig_033-Ex1_L3_fastp	64.5389	41.2667	44.492399999999996	42.1098	44.6498	42.7234	42.4063	44.4654	45.4291	41.475	48.959	48.073	47.3168	46.4387	46.8365	45.719	46.4664	45.904	46.3984	46.0269	46.2825	45.6001	45.9772	45.3067	45.5507	45.2609	45.1885	45.2069	45.563900000000004	45.2571	45.4142	45.5198	45.6529	45.2361	45.785399999999996	45.183299999999996	45.5543	45.277499999999996	45.495799999999996	45.1652	45.5654	45.3515	45.7534	45.3611	45.4933	45.1185	45.5863	45.1308	45.5687	45.345200000000006	45.5646	45.137100000000004	45.5856	45.3688	45.5191	45.3477	45.4418	45.1404	45.436	45.2068	45.506600000000006	45.417699999999996	45.4029	45.433099999999996	45.4629	45.454	45.34	45.271499999999996	45.4724	45.144400000000005	45.3978	45.3928	45.4788	45.3598	45.336999999999996	45.4243	45.4705	45.2975	45.561	45.2982	45.4527	45.286100000000005	45.4575	45.4324	45.629799999999996	45.318599999999996	45.2806	45.4452	45.502199999999995	45.2161	45.5645	45.4453	45.3811	45.270500000000006	45.5789	45.398300000000006	45.445600000000006	45.3562	45.4558	45.3363	45.5033	45.2481	45.4538	45.4917	45.3706	45.3953	45.3976	45.3282	45.3474	45.3715	45.5585	45.3483	45.4846	45.3484	45.4759	45.5193	45.4836	45.3238	45.523599999999995	45.3208	45.513799999999996	45.4111	45.3693	45.359100000000005	45.5917	45.347	45.690599999999996	45.2739	45.481	45.0729	45.4779	45.1679	45.4747	45.3613	45.3262	45.3225	45.651	45.318599999999996	45.521	45.3167	45.5944	45.421800000000005	45.596399999999996	45.4219	45.630700000000004	45.5088	45.5293	45.509899999999995	45.5506	45.412200000000006
Leq-CMig_036-Ex1_L3_fastp	65.6781	41.202	44.888	42.3882	45.0861	42.963	42.464	44.425399999999996	45.4067	41.6996	49.045899999999996	48.1907	47.496500000000005	46.6414	47.0838	45.9911	46.8472	46.0986	46.8084	46.2901	46.617399999999996	45.9877	46.3371	45.7017	45.872099999999996	45.666000000000004	45.615899999999996	45.6592	45.954899999999995	45.6539	45.9184	45.8814	46.0082	45.506600000000006	46.1747	45.5842	45.975500000000004	45.6072	45.7966	45.5233	45.9061	45.584799999999994	46.0576	45.7566	45.8175	45.5317	45.9858	45.4938	45.903	45.7189	45.7827	45.529599999999995	45.9303	45.6957	45.9061	45.6768	45.7111	45.558	45.8163	45.533	45.848499999999994	45.8955	45.760600000000004	45.7706	45.8363	45.7269	45.7688	45.6356	45.744	45.563700000000004	45.8295	45.7509	45.812000000000005	45.736399999999996	45.6467	45.778200000000005	45.7687	45.6894	45.9947	45.7091	45.8528	45.628099999999996	45.8843	45.7279	45.9807	45.698299999999996	45.6059	45.7973	45.8849	45.631	45.940999999999995	45.832499999999996	45.7365	45.6129	45.9137	45.8357	45.8006	45.751599999999996	45.8616	45.7651	45.8773	45.6693	45.8784	45.8019	45.7074	45.7065	45.829	45.7185	45.799800000000005	45.7697	45.8587	45.7788	45.893499999999996	45.672000000000004	45.8822	45.9202	45.8138	45.6255	45.89	45.591300000000004	45.8504	45.815	45.7229	45.8193	45.988600000000005	45.744800000000005	46.0317	45.6528	45.866800000000005	45.5426	45.9318	45.6354	45.8121	45.777499999999996	45.7749	45.718599999999995	46.0041	45.809	45.977000000000004	45.7338	45.9906	45.8044	46.036500000000004	45.7941	46.0366	45.955600000000004	45.9418	45.890100000000004	46.0329	45.887699999999995
Leq-CMig_037-Ex1_L3_fastp	65.2671	40.4493	44.0201	41.5079	44.3027	42.1927	41.7059	43.5504	44.736	41.115899999999996	48.309200000000004	47.6273	47.06	46.1331	46.4685	45.4386	46.1887	45.462799999999994	46.0953	45.7088	45.9121	45.314	45.661	45.0583	45.2643	45.0295	44.987500000000004	44.8896	45.2896	44.982	45.1929	45.2352	45.3254	44.8699	45.5229	44.8991	45.1949	45.0359	45.073800000000006	44.789899999999996	45.1663	44.8806	45.3134	44.9909	45.1569	44.8339	45.2497	44.8211	45.1935	44.9872	45.0654	44.839400000000005	45.3001	44.9782	45.1406	44.9948	45.042500000000004	44.828	45.1311	44.847300000000004	45.1732	45.1005	45.1124	44.9656	45.087500000000006	45.039699999999996	45.0326	44.9002	45.0662	44.8409	45.0814	44.9586	45.0895	44.996700000000004	44.9381	45.0494	45.0749	44.9521	45.2148	44.954100000000004	45.1492	44.817299999999996	45.144600000000004	45.0294	45.1827	44.9298	44.890600000000006	45.0073	45.135799999999996	44.8808	45.1354	45.082699999999996	45.0304	44.8722	45.1967	45.042100000000005	45.0798	44.926700000000004	45.082899999999995	44.9743	45.1627	44.9382	45.1341	45.0507	44.9785	44.953700000000005	45.1457	44.9431	45.061099999999996	44.976699999999994	45.1904	44.9572	45.1537	44.9639	45.1256	45.1068	45.0933	44.9343	45.1758	44.845400000000005	45.068200000000004	45.009	44.9561	45.0587	45.1276	44.9861	45.2019	44.9488	45.0702	44.8189	45.1895	44.8012	45.1071	44.9627	44.992	44.8636	45.1963	45.0016	45.119	44.9977	45.097500000000004	45.0293	45.2025	44.9916	45.2096	45.1753	45.0684	45.071099999999994	45.2491	44.9989
Leq-CMig_038-Ex1_L3_fastp	65.71249999999999	40.3812	44.5717	41.877399999999994	44.7129	42.606899999999996	42.0192	43.9646	45.129200000000004	41.3209	48.7994	48.1161	47.3167	46.4727	46.8403	45.767799999999994	46.5625	45.8614	46.527499999999996	46.0845	46.3646	45.735	46.1232	45.517	45.6666	45.419599999999996	45.4318	45.3474	45.6941	45.3713	45.6827	45.5856	45.7887	45.3227	45.9022	45.3365	45.6451	45.3498	45.542300000000004	45.2034	45.6403	45.3623	45.8124	45.4745	45.635	45.2291	45.6978	45.2123	45.576899999999995	45.440999999999995	45.5422	45.2879	45.7214	45.5234	45.6107	45.4571	45.4725	45.309	45.5647	45.3101	45.6227	45.551700000000004	45.5192	45.4195	45.6017	45.496700000000004	45.475100000000005	45.391999999999996	45.5195	45.2855	45.5216	45.4977	45.5524	45.504	45.374199999999995	45.520500000000006	45.5857	45.3912	45.7241	45.4473	45.655499999999996	45.3717	45.639	45.534	45.7795	45.4309	45.405	45.480900000000005	45.629599999999996	45.3436	45.696999999999996	45.5777	45.4736	45.3922	45.6991	45.576100000000004	45.5151	45.399499999999996	45.5813	45.4113	45.6123	45.4401	45.528999999999996	45.5643	45.496900000000004	45.4613	45.5666	45.4044	45.5133	45.494	45.5855	45.5139	45.61	45.4092	45.647	45.6327	45.5807	45.3502	45.6265	45.333400000000005	45.574	45.5452	45.467600000000004	45.543	45.6608	45.5163	45.7425	45.3838	45.5415	45.251999999999995	45.6399	45.301	45.5511	45.5128	45.417699999999996	45.4036	45.705600000000004	45.4762	45.627	45.413199999999996	45.6593	45.4931	45.712399999999995	45.4775	45.8164	45.622800000000005	45.6076	45.6589	45.6644	45.5649
Leq-CMig_040-Ex1_L3_fastp	65.7507	40.0107	44.7055	42.1276	44.4374	42.443999999999996	42.080400000000004	44.0732	45.1781	41.1542	48.9159	48.0375	47.114200000000004	46.157	46.6179	45.4946	46.3435	45.602	46.211400000000005	45.8619	46.1813	45.4031	45.8223	45.183800000000005	45.4257	45.0848	45.1679	45.088899999999995	45.407199999999996	45.1119	45.4138	45.318799999999996	45.5264	45.03	45.6354	45.0372	45.4195	45.0715	45.3907	44.954	45.4568	45.101	45.6128	45.232	45.4185	44.9578	45.4309	44.9699	45.360099999999996	45.1501	45.2841	45.0076	45.4761	45.1202	45.378600000000006	45.1313	45.2896	45.0182	45.2696	45.0809	45.3994	45.2609	45.2427	45.1814	45.3116	45.1642	45.2543	45.041799999999995	45.2748	44.9672	45.3157	45.2226	45.2718	45.1204	45.114900000000006	45.2356	45.303900000000006	45.1239	45.4441	45.1056	45.3444	45.071600000000004	45.3106	45.1916	45.4322	45.0503	45.1224	45.2139	45.303900000000006	45.0453	45.373799999999996	45.265	45.231300000000005	45.0676	45.3517	45.250099999999996	45.2939	45.0823	45.2973	45.210699999999996	45.3264	45.043	45.2859	45.2216	45.163599999999995	45.1174	45.2138	45.0674	45.298300000000005	45.1553	45.414300000000004	45.169399999999996	45.250299999999996	45.1532	45.3902	45.2284	45.243100000000005	45.0659	45.2971	45.0374	45.3158	45.2551	45.1531	45.232299999999995	45.3954	45.197500000000005	45.5021	45.0691	45.228699999999996	44.9521	45.3766	45.041199999999996	45.2525	45.1924	45.1814	45.0911	45.3847	45.1721	45.3367	45.166000000000004	45.3467	45.237100000000005	45.4265	45.219	45.482	45.3383	45.2824	45.3104	45.3611	45.2737
Leq-CMig_041-Ex1_L3_fastp	63.7114	41.5509	44.4197	42.0272	44.480799999999995	42.7352	42.2757	44.3149	45.3109	41.3703	48.8396	48.0262	47.1836	46.3415	46.7233	45.6584	46.5323	45.792100000000005	46.3446	46.0125	46.1945	45.582699999999996	45.8861	45.3488	45.3898	45.1673	45.1609	45.1738	45.5046	45.216699999999996	45.4541	45.461600000000004	45.570899999999995	45.0655	45.6903	45.0869	45.4726	45.24	45.3622	44.9585	45.4131	45.1082	45.5343	45.24	45.4013	45.0407	45.5329	45.0188	45.385799999999996	45.2019	45.3296	45.0424	45.4603	45.2654	45.438	45.2173	45.3109	45.0316	45.3607	45.0499	45.3346	45.3093	45.3016	45.176500000000004	45.3899	45.251000000000005	45.2677	45.0937	45.3618	45.002900000000004	45.3553	45.3131	45.3213	45.2388	45.1689	45.2712	45.2979	45.2929	45.42	45.223600000000005	45.3717	45.0684	45.3639	45.2978	45.4625	45.1183	45.1266	45.3368	45.412400000000005	45.0657	45.3967	45.3108	45.2504	45.0635	45.3992	45.367000000000004	45.2754	45.203199999999995	45.3296	45.196	45.3708	45.1571	45.3156	45.3814	45.170300000000005	45.2709	45.351200000000006	45.2555	45.217800000000004	45.2438	45.3567	45.1983	45.372800000000005	45.249	45.428200000000004	45.403999999999996	45.284400000000005	45.091300000000004	45.4511	45.1177	45.3103	45.3299	45.163799999999995	45.307900000000004	45.406200000000005	45.261	45.4996	45.090599999999995	45.3179	44.9405	45.3542	45.0871	45.306000000000004	45.273799999999994	45.177499999999995	45.179399999999994	45.483200000000004	45.2476	45.394600000000004	45.285399999999996	45.4106	45.204299999999996	45.5114	45.271499999999996	45.559	45.434799999999996	45.4015	45.3813	45.4908	45.4555
Leq-CMig_042-Ex1_L3_fastp	66.11449999999999	41.2348	45.2335	42.7942	45.313900000000004	43.0745	42.7915	44.5027	45.6897	42.116	49.2463	48.3821	47.7991	46.6813	47.2839	46.1018	47.1669	46.231100000000005	47.0165	46.5799	46.901700000000005	46.1558	46.6841	45.916000000000004	46.258300000000006	45.9516	45.980199999999996	45.9031	46.2762	45.8405	46.2969	46.1381	46.3341	45.845	46.3746	45.853500000000004	46.2288	45.9561	46.235	45.8237	46.332	45.9448	46.3651	46.0823	46.2041	45.8228	46.360099999999996	45.798100000000005	46.2817	46.047399999999996	46.0977	45.8241	46.347899999999996	46.0058	46.2549	45.9416	46.0667	45.8377	46.2159	45.8835	46.3014	46.0823	46.1627	46.0249	46.1405	46.0177	46.124900000000004	45.9436	46.1563	45.9527	46.2385	46.022200000000005	46.197	46.0147	45.976099999999995	46.110600000000005	46.0706	45.985	46.2756	46.0198	46.261	45.935199999999995	46.219300000000004	46.1193	46.39	45.9675	45.9835	46.1613	46.2718	45.9026	46.280300000000004	46.1761	46.2075	46.0163	46.2607	46.1332	46.0812	45.9593	46.2546	46.0901	46.3096	46.0368	46.179700000000004	46.2254	46.071	46.0396	46.2121	46.0456	46.1686	46.0897	46.1794	46.086	46.2556	45.955200000000005	46.239799999999995	46.2442	46.183099999999996	45.9567	46.1791	45.9438	46.1205	46.2233	46.0496	46.227000000000004	46.257	46.0056	46.335300000000004	45.9738	46.0535	45.8244	46.2059	45.8395	46.1152	46.1223	46.0124	46.0331	46.190999999999995	45.9464	46.1102	45.9656	46.2617	45.9518	46.423500000000004	46.013799999999996	46.2439	46.0956	46.1121	46.0163	46.2514	46.0012
Leq-CMig_045-Ex1_L3_fastp	65.1339	41.1402	44.5728	42.0676	44.8084	42.647800000000004	42.3331	44.305499999999995	45.3143	41.6165	48.893	48.106500000000004	47.387299999999996	46.4623	46.8592	45.781	46.615899999999996	45.9147	46.5259	46.1123	46.4323	45.7608	46.1623	45.4561	45.6347	45.3652	45.4091	45.428000000000004	45.7853	45.3481	45.668	45.6421	45.7853	45.2952	45.9231	45.4272	45.642500000000005	45.400600000000004	45.5475	45.2559	45.7686	45.386900000000004	45.7947	45.5657	45.5588	45.2386	45.7342	45.332	45.616299999999995	45.5207	45.5467	45.3388	45.7679	45.4191	45.5669	45.4059	45.5062	45.3301	45.6303	45.3149	45.7104	45.5881	45.6005	45.439	45.656400000000005	45.3889	45.5191	45.4536	45.5388	45.2434	45.525	45.515499999999996	45.540000000000006	45.4725	45.353	45.5449	45.5851	45.4307	45.6729	45.4623	45.599000000000004	45.3731	45.7051	45.512	45.745799999999996	45.4526	45.3281	45.5261	45.6148	45.3527	45.7225	45.5505	45.5804	45.3009	45.738299999999995	45.527499999999996	45.5401	45.4522	45.555800000000005	45.4587	45.6394	45.3981	45.552	45.575700000000005	45.5173	45.4108	45.4937	45.4837	45.51	45.4296	45.6798	45.4588	45.5805	45.4862	45.5931	45.702	45.5685	45.359899999999996	45.6637	45.3696	45.563199999999995	45.619	45.4471	45.6199	45.7155	45.4658	45.7234	45.388600000000004	45.506	45.3123	45.6593	45.2282	45.5269	45.5508	45.3825	45.407799999999995	45.701	45.448100000000004	45.6614	45.4152	45.6023	45.5133	45.7125	45.5861	45.745599999999996	45.6649	45.6146	45.628800000000005	45.731300000000005	45.6122
Leq-CMig_046-Ex1_L3_fastp	64.6458	41.0745	44.2806	42.0276	44.3906	42.342600000000004	41.904	43.8812	45.0152	41.1956	48.576	47.7906	47.0184	46.1235	46.4523	45.400600000000004	46.334199999999996	45.542500000000004	46.157399999999996	45.8013	46.031	45.347	45.7341	45.122099999999996	45.2011	45.057199999999995	44.995000000000005	44.966	45.2557	44.979400000000005	45.299800000000005	45.2571	45.324	44.913599999999995	45.4747	44.9512	45.2555	45.0295	45.162400000000005	44.8699	45.2745	44.9346	45.3614	45.0841	45.204100000000004	44.864	45.300000000000004	44.7913	45.232299999999995	45.0388	45.0959	44.8731	45.3374	45.042	45.263799999999996	44.9575	45.0567	44.8289	45.1259	44.8838	45.1482	45.1029	45.0811	45.050000000000004	45.136700000000005	45.0056	45.0471	44.9178	45.038	44.8777	45.1096	45.0554	45.070100000000004	44.9908	44.9042	45.1065	45.0998	44.9582	45.2276	45.0302	45.183	44.9102	45.211	45.082499999999996	45.2885	44.9516	44.8813	45.044000000000004	45.156600000000005	44.785000000000004	45.196999999999996	45.1334	44.986	44.8549	45.2033	45.035799999999995	45.079	44.9092	45.074	44.9983	45.102199999999996	44.9441	45.097	45.0705	44.9658	44.980199999999996	45.1415	44.9769	44.9563	45.110499999999995	45.0783	45.0044	45.1313	44.924	45.1337	45.1372	45.109700000000004	44.9434	45.1675	44.8268	45.012299999999996	45.0786	44.9384	45.0726	45.1685	45.0176	45.1957	44.8676	45.0447	44.7085	45.137699999999995	44.8332	45.012	45.0326	44.9087	44.8416	45.1814	45.0055	45.068799999999996	44.842	45.1185	45.059900000000006	45.1494	44.9833	45.246199999999995	45.1289	45.122800000000005	45.0797	45.286500000000004	44.9029
Leq-CMig_047-Ex1_L3_fastp	64.2586	40.921400000000006	44.0199	41.7201	44.1387	42.039500000000004	41.6678	43.6579	44.7977	40.9429	48.2594	47.5681	46.822599999999994	45.9028	46.3711	45.2515	46.0204	45.292100000000005	45.9244	45.4917	45.8237	45.0411	45.481700000000004	44.8708	44.9302	44.7372	44.7351	44.6154	45.0608	44.7797	44.9086	44.9949	45.1331	44.6103	45.3027	44.6731	44.947900000000004	44.703700000000005	44.9284	44.5912	44.9938	44.7053	45.081700000000005	44.7455	44.9301	44.6076	44.974599999999995	44.576	44.9591	44.7428	44.8274	44.545	45.0437	44.758700000000005	44.8812	44.7198	44.817	44.5589	44.8349	44.6435	44.9044	44.8705	44.8523	44.7379	44.8494	44.791599999999995	44.764199999999995	44.6521	44.8576	44.5794	44.808	44.708999999999996	44.7896	44.7658	44.6929	44.7879	44.899899999999995	44.649100000000004	44.9757	44.756	44.8573	44.6236	44.934000000000005	44.8082	45.0592	44.7422	44.701299999999996	44.8161	44.9131	44.5259	44.8956	44.8816	44.7964	44.5595	44.9786	44.8713	44.8517	44.7215	44.8779	44.7509	44.9146	44.7082	44.884299999999996	44.899699999999996	44.7076	44.738	44.8461	44.713300000000004	44.7507	44.7594	44.9778	44.7273	44.9158	44.6734	44.9588	44.8146	44.848	44.6558	44.9188	44.6541	44.842	44.878099999999996	44.7402	44.8441	44.9591	44.757999999999996	45.1016	44.6597	44.8874	44.507600000000004	44.949099999999994	44.5705	44.8817	44.751200000000004	44.755	44.6387	44.9705	44.8105	44.912	44.7532	44.9214	44.9245	45.021499999999996	44.8575	45.095	44.9272	44.8587	44.9554	44.966499999999996	44.8004
Leq-CMig_049-Ex1_L3_fastp	65.52890000000001	41.2707	44.947199999999995	42.3858	45.106	43.1087	42.6757	44.7593	45.7976	41.962500000000006	49.4014	48.6503	47.8288	47.003499999999995	47.4304	46.2688	47.0929	46.421099999999996	47.1009	46.6293	46.9817	46.2688	46.6323	46.081	46.1655	45.9709	45.8557	46.008900000000004	46.2438	46.0139	46.1219	46.2763	46.3702	45.8022	46.516000000000005	45.927299999999995	46.286100000000005	46.0134	46.104099999999995	45.7882	46.227000000000004	45.961800000000004	46.448699999999995	46.1028	46.1791	45.819500000000005	46.3758	45.8418	46.2571	46.104800000000004	46.1051	45.8273	46.3038	46.1153	46.2108	46.028200000000005	46.0867	45.8834	46.1856	45.8804	46.2542	46.2144	46.1704	46.1407	46.175	46.193200000000004	46.1012	45.941700000000004	46.1441	45.8671	46.1195	46.1964	46.1889	46.1241	45.9387	46.2024	46.1235	46.1021	46.4047	46.041199999999996	46.260200000000005	45.9906	46.212199999999996	46.2205	46.403	45.9666	45.917	46.1913	46.2572	45.9837	46.2757	46.2223	46.1061	45.9314	46.3341	46.2298	46.1534	46.0653	46.2213	46.1378	46.2693	46.0274	46.265699999999995	46.2574	45.9955	46.099000000000004	46.1834	46.0249	46.0761	46.1388	46.2378	46.1269	46.1672	46.056200000000004	46.2221	46.2421	46.1334	45.967400000000005	46.291399999999996	45.9718	46.0961	46.2072	46.0151	46.1842	46.2565	46.183600000000006	46.312	45.952	46.150400000000005	45.8106	46.2428	45.986399999999996	46.1158	46.0689	45.9885	45.9951	46.2466	46.139599999999994	46.245000000000005	46.0248	46.2673	46.071	46.3785	46.1075	46.3173	46.2984	46.0771	46.1656	46.339000000000006	46.1057
Leq-CMig_050-Ex1_L3_fastp	64.554	40.0151	43.5259	41.0173	43.8324	41.6292	41.2249	43.1687	44.2946	40.6092	47.9227	47.2378	46.5171	45.6025	45.9701	44.8971	45.711400000000005	44.9501	45.638600000000004	45.164500000000004	45.4351	44.7867	45.1803	44.5592	44.6852	44.4773	44.4649	44.3674	44.7299	44.4499	44.6593	44.691900000000004	44.7964	44.374	44.955099999999995	44.3985	44.7011	44.3824	44.5437	44.2891	44.6034	44.4673	44.7861	44.522800000000004	44.6277	44.3076	44.6344	44.3265	44.628099999999996	44.4974	44.5895	44.3606	44.7061	44.4483	44.6414	44.5109	44.4694	44.3359	44.511	44.3722	44.676100000000005	44.5886	44.520900000000005	44.5754	44.5111	44.4901	44.5333	44.3315	44.5569	44.281	44.474799999999995	44.5431	44.514199999999995	44.4615	44.3896	44.5374	44.592999999999996	44.3556	44.704899999999995	44.4287	44.6109	44.337199999999996	44.6556	44.5129	44.7363	44.4102	44.431599999999996	44.495200000000004	44.6185	44.3316	44.623400000000004	44.6177	44.4767	44.2958	44.6571	44.6296	44.5552	44.367000000000004	44.5964	44.413399999999996	44.6314	44.4289	44.5871	44.5573	44.4364	44.446600000000004	44.5686	44.4276	44.4685	44.5162	44.6669	44.5214	44.6503	44.416	44.6377	44.5801	44.553799999999995	44.3566	44.616299999999995	44.3818	44.5783	44.5419	44.4948	44.521300000000004	44.701800000000006	44.551	44.7128	44.4856	44.543	44.296	44.7128	44.2928	44.557	44.4767	44.455099999999995	44.384299999999996	44.603300000000004	44.4881	44.6209	44.4081	44.643100000000004	44.4833	44.729200000000006	44.6123	44.7748	44.696799999999996	44.5575	44.648700000000005	44.7988	44.5119
Leq-CMig_051-Ex1_L3_fastp	64.37610000000001	41.152499999999996	43.8612	41.6177	44.3035	42.228	41.678599999999996	43.5842	44.6262	41.1075	48.064099999999996	47.3917	46.775800000000004	45.8371	46.2125	45.163399999999996	45.921	45.2612	45.9277	45.4798	45.7824	45.103100000000005	45.481500000000004	44.8542	45.0664	44.7362	44.7595	44.724599999999995	45.0244	44.8137	44.972	45.01	45.211800000000004	44.6649	45.3016	44.6456	44.9989	44.7331	44.8902	44.5911	44.9673	44.7456	45.1365	44.8333	44.9457	44.5943	45.0132	44.5918	44.9819	44.7145	44.887899999999995	44.6567	45.0393	44.7734	44.9492	44.7697	44.8082	44.6173	44.8343	44.6646	44.9493	44.8629	44.818599999999996	44.756099999999996	44.8624	44.8042	44.7922	44.6852	44.8928	44.5193	44.8169	44.752399999999994	44.902	44.762800000000006	44.719500000000004	44.839400000000005	44.8181	44.7403	44.9836	44.7148	44.9517	44.6384	44.948100000000004	44.797	45.057	44.6373	44.693	44.790600000000005	44.945	44.6132	44.9851	44.8254	44.8469	44.6209	45.048500000000004	44.8504	44.8391	44.7019	44.7917	44.7754	44.9562	44.7573	44.9072	44.8365	44.7883	44.752700000000004	44.8893	44.7558	44.7538	44.7947	44.911699999999996	44.7421	44.863	44.6615	44.878	44.902300000000004	44.8567	44.6338	44.899499999999996	44.6808	44.8577	44.838499999999996	44.741	44.8704	44.9719	44.8237	45.022800000000004	44.6595	44.802	44.5377	44.9026	44.5779	44.9051	44.8356	44.675399999999996	44.6603	44.9499	44.7368	44.9118	44.730599999999995	44.9108	44.835300000000004	45.0267	44.8484	45.092	44.9373	44.839600000000004	44.9005	45.005	44.7504
Leq-CMig_054-Ex1_L3_fastp	63.329899999999995	41.361599999999996	44.616299999999995	42.0354	44.6483	42.6712	42.3678	44.2522	45.1478	41.5957	48.7181	47.9642	47.083000000000006	46.1896	46.5721	45.5861	46.454499999999996	45.6961	46.2234	46.0342	46.1755	45.4666	45.8401	45.1735	45.3643	45.1041	45.197199999999995	45.0762	45.5096	45.1633	45.4413	45.3859	45.481100000000005	45.0656	45.7627	45.069900000000004	45.4363	45.1983	45.3401	45.0389	45.474599999999995	45.1786	45.5818	45.2155	45.3943	45.0218	45.4784	44.988499999999995	45.4445	45.1861	45.2823	45.0102	45.4994	45.1748	45.3827	45.1832	45.2621	45.0811	45.3375	45.0799	45.4719	45.305499999999995	45.2808	45.251400000000004	45.251400000000004	45.2546	45.2729	45.148700000000005	45.305499999999995	45.0057	45.2746	45.1597	45.3123	45.1597	45.2052	45.2948	45.381	45.1148	45.3861	45.1629	45.3357	45.1233	45.4488	45.2553	45.5175	45.097500000000004	45.123200000000004	45.2737	45.3349	45.0362	45.359	45.319900000000004	45.3237	45.128299999999996	45.498	45.283	45.3212	45.2394	45.2765	45.2737	45.2917	45.1723	45.2859	45.373599999999996	45.2696	45.2145	45.3506	45.2112	45.231300000000005	45.2829	45.439800000000005	45.256	45.408500000000004	45.279599999999995	45.3726	45.2968	45.3765	45.1218	45.4219	45.1799	45.3372	45.3979	45.2691	45.3229	45.469300000000004	45.232099999999996	45.542899999999996	45.1872	45.347300000000004	45.0223	45.468199999999996	45.1211	45.3709	45.3203	45.1719	45.1571	45.5139	45.244099999999996	45.4822	45.2506	45.3909	45.3647	45.569199999999995	45.2352	45.630900000000004	45.4399	45.4429	45.3399	45.4736	45.376
Leq-CMig_055-Ex1_L3_fastp	63.79939999999999	41.6015	44.1226	41.7848	44.4878	42.564800000000005	42.1265	44.1061	45.055099999999996	41.3253	48.530699999999996	47.7829	47.0556	46.239799999999995	46.5449	45.6145	46.427	45.658300000000004	46.3208	45.900200000000005	46.013999999999996	45.5279	45.8515	45.173	45.389	45.190200000000004	45.0713	45.0512	45.4323	45.1467	45.3984	45.3759	45.4239	45.0782	45.567600000000006	45.0445	45.2978	45.11	45.280100000000004	44.941700000000004	45.3782	45.048100000000005	45.5165	45.1272	45.3068	45.006800000000005	45.4152	44.979	45.334	45.1492	45.163199999999996	45.0127	45.3578	45.1317	45.3069	45.1479	45.2002	44.9759	45.2285	45.013999999999996	45.305800000000005	45.230399999999996	45.2693	45.1931	45.2682	45.163399999999996	45.2324	45.0663	45.2415	44.9749	45.304899999999996	45.1786	45.2761	45.1491	45.0847	45.1791	45.2488	45.0651	45.4114	45.143699999999995	45.2351	45.0617	45.3162	45.0863	45.4675	45.130199999999995	45.0719	45.1933	45.318599999999996	45.0245	45.359	45.242599999999996	45.1894	45.001999999999995	45.3333	45.2187	45.2397	45.132	45.2384	45.1013	45.214	45.0788	45.2175	45.2277	45.1344	45.1967	45.2226	45.1164	45.1672	45.1798	45.3012	45.1661	45.252199999999995	45.1175	45.256600000000006	45.258900000000004	45.246399999999994	44.9987	45.3091	45.129799999999996	45.297	45.2733	45.1467	45.2499	45.2955	45.2588	45.376	45.0785	45.291199999999996	44.9186	45.3358	45.0573	45.1796	45.2209	45.1573	45.1141	45.413	45.208	45.3418	45.1733	45.3497	45.1966	45.4386	45.2674	45.432	45.2984	45.322	45.3381	45.4723	45.2765
Leq-CMig_058-Ex1_L3_fastp	63.9286	40.5671	43.5847	41.234500000000004	43.813	41.733599999999996	41.315000000000005	43.2976	44.4568	40.6522	47.9446	47.1653	46.4871	45.543800000000005	45.9791	44.8411	45.637	44.9109	45.5436	45.1426	45.3855	44.7023	45.0616	44.5375	44.6055	44.4758	44.3875	44.3155	44.691199999999995	44.3938	44.6861	44.6824	44.832300000000004	44.251200000000004	44.9255	44.2979	44.7368	44.3368	44.622299999999996	44.2303	44.7074	44.3483	44.818200000000004	44.4788	44.6864	44.2241	44.7915	44.249	44.6378	44.4153	44.5214	44.2917	44.7762	44.435900000000004	44.658500000000004	44.4718	44.542500000000004	44.2481	44.4843	44.3746	44.602599999999995	44.5188	44.5051	44.4739	44.521300000000004	44.5257	44.4725	44.372	44.539699999999996	44.203199999999995	44.5609	44.403	44.6096	44.4355	44.3784	44.4687	44.6147	44.3868	44.6582	44.461600000000004	44.684400000000004	44.285799999999995	44.6785	44.4562	44.7423	44.3527	44.4769	44.5179	44.6897	44.2861	44.6598	44.569900000000004	44.5972	44.2852	44.7947	44.534600000000005	44.5304	44.4308	44.5834	44.4661	44.5815	44.3779	44.5588	44.594	44.4357	44.3615	44.589	44.4169	44.4921	44.468999999999994	44.6054	44.474599999999995	44.528099999999995	44.4658	44.6204	44.5591	44.6452	44.365300000000005	44.6899	44.2739	44.6075	44.634299999999996	44.443599999999996	44.5648	44.73	44.5075	44.8017	44.480399999999996	44.5943	44.3346	44.5919	44.4037	44.588499999999996	44.498	44.482699999999994	44.4929	44.715500000000006	44.5486	44.7461	44.5466	44.6556	44.5223	44.7403	44.5187	44.8712	44.667899999999996	44.629400000000004	44.6452	44.7892	44.523
Leq-CMig_059-Ex1_L3_fastp	64.81400000000001	41.519600000000004	44.4383	42.1228	44.7084	42.6545	42.1352	44.015100000000004	45.3366	41.488	48.587799999999994	47.9238	47.2157	46.3818	46.7872	45.6522	46.545199999999994	45.8159	46.4553	46.0434	46.3102	45.7395	46.0007	45.3835	45.610800000000005	45.3864	45.3616	45.312400000000004	45.6644	45.3243	45.5957	45.519999999999996	45.7301	45.1849	45.8919	45.2537	45.5982	45.3243	45.5076	45.2348	45.6352	45.2782	45.807900000000004	45.3878	45.5457	45.1679	45.7142	45.1876	45.565099999999994	45.3957	45.4805	45.2129	45.6398	45.368700000000004	45.5395	45.312799999999996	45.373400000000004	45.2212	45.4884	45.2559	45.5852	45.5162	45.488299999999995	45.3818	45.4932	45.434799999999996	45.393899999999995	45.2769	45.4392	45.1984	45.4151	45.4655	45.493	45.4366	45.2992	45.4704	45.4927	45.352199999999996	45.642700000000005	45.3247	45.4778	45.3037	45.6106	45.3726	45.6598	45.3106	45.2826	45.4613	45.567	45.3563	45.5653	45.468199999999996	45.4585	45.2476	45.6428	45.490399999999994	45.4548	45.3908	45.528999999999996	45.4289	45.4266	45.353100000000005	45.418	45.5152	45.3822	45.4541	45.5791	45.345	45.4354	45.3868	45.5732	45.3885	45.529599999999995	45.3438	45.4814	45.6262	45.596399999999996	45.340399999999995	45.485	45.2608	45.455400000000004	45.454499999999996	45.4159	45.524	45.633	45.3652	45.6376	45.2986	45.406800000000004	45.2144	45.548300000000005	45.2552	45.3306	45.455400000000004	45.3364	45.1884	45.6076	45.3804	45.5642	45.3637	45.5619	45.4146	45.650800000000004	45.439099999999996	45.6845	45.4407	45.463	45.444	45.608	45.3395
Leq-CMig_062-Ex1_L3_fastp	65.0617	41.604400000000005	44.703199999999995	42.2762	44.9938	42.9622	42.4622	44.6676	45.612399999999994	41.829899999999995	49.2002	48.376799999999996	47.5699	46.791199999999996	47.2316	46.068999999999996	47.0512	46.2615	46.9475	46.4948	46.753299999999996	46.065400000000004	46.466	45.8801	45.9482	45.8518	45.6747	45.7301	46.051199999999994	45.8331	45.9174	46.019	46.1323	45.550200000000004	46.3478	45.623799999999996	46.053	45.8212	45.8339	45.618700000000004	46.0167	45.7062	46.194	45.8181	46.0113	45.5179	46.1974	45.5609	45.9234	45.838	45.858900000000006	45.553399999999996	46.1311	45.841	45.9438	45.8225	45.8031	45.557199999999995	45.8906	45.6282	46.0185	45.935900000000004	45.9433	45.8629	45.9137	45.8435	45.7327	45.612700000000004	45.876	45.6077	45.8904	45.852599999999995	45.838	45.76	45.6209	45.9519	45.8024	45.8451	46.0952	45.7362	45.9935	45.617200000000004	45.9424	45.828	46.088499999999996	45.7016	45.5511	45.9863	45.9636	45.6889	46.0739	45.9436	45.8542	45.6356	46.0395	45.995799999999996	45.8634	45.7756	45.9369	45.7964	45.9102	45.7478	45.8902	45.9105	45.746700000000004	45.814899999999994	45.784200000000006	45.851	45.7127	45.8151	45.894200000000005	45.807500000000005	45.8828	45.7077	45.9752	45.9852	45.9778	45.6695	45.9764	45.6614	45.812599999999996	45.9874	45.6505	46.0505	46.002500000000005	45.8504	46.0573	45.6732	45.848299999999995	45.4017	45.9797	45.554	45.8039	45.835300000000004	45.698899999999995	45.656	46.0248	45.8345	45.894400000000005	45.7815	45.9384	45.8684	46.0775	45.8167	46.0448	45.793800000000005	45.914	45.861000000000004	46.014300000000006	45.7009
Leq-CMig_063-Ex1_L3_fastp	64.6101	42.2981	45.3805	42.8514	45.6507	43.6717	43.2464	45.3379	46.2505	42.5339	49.775999999999996	48.922399999999996	48.249399999999994	47.346199999999996	47.7546	46.7558	47.5667	46.7429	47.510000000000005	47.103699999999996	47.3385	46.5734	47.0358	46.368500000000004	46.6234	46.354600000000005	46.3292	46.3098	46.702	46.329	46.673500000000004	46.591	46.7335	46.2298	46.9851	46.2349	46.6342	46.375899999999994	46.5505	46.2247	46.745599999999996	46.372600000000006	46.775299999999994	46.4662	46.5754	46.1789	46.7433	46.2294	46.6314	46.3717	46.5119	46.2817	46.698	46.4142	46.649	46.3936	46.4477	46.2161	46.5599	46.209	46.576299999999996	46.539199999999994	46.5161	46.4442	46.5503	46.4553	46.4632	46.3331	46.5288	46.2704	46.5914	46.440599999999996	46.5118	46.457300000000004	46.3782	46.5223	46.548899999999996	46.4398	46.690799999999996	46.4535	46.5908	46.306799999999996	46.5987	46.454699999999995	46.678399999999996	46.3638	46.3445	46.5167	46.6882	46.2711	46.6385	46.5574	46.4787	46.2476	46.6758	46.4481	46.5307	46.408899999999996	46.6105	46.424	46.5803	46.4041	46.5802	46.6024	46.5114	46.4659	46.562	46.4318	46.4654	46.452	46.6213	46.4818	46.6239	46.394200000000005	46.6155	46.5766	46.593	46.301700000000004	46.6975	46.3459	46.5803	46.6468	46.393	46.5622	46.7158	46.4174	46.7079	46.502300000000005	46.5582	46.2317	46.6753	46.3493	46.5569	46.4418	46.395399999999995	46.3202	46.7098	46.4318	46.5857	46.4046	46.637499999999996	46.4549	46.7087	46.4452	46.6817	46.6794	46.556799999999996	46.5108	46.6941	46.5627
Leq-CMig_064-Ex1_L3_fastp	65.1596	41.0019	44.4546	42.0734	44.6719	42.5892	42.1018	44.1968	45.2565	41.457899999999995	48.7466	47.952099999999994	47.2579	46.307500000000005	46.6806	45.5865	46.4942	45.7436	46.3791	45.9399	46.2248	45.5667	45.9403	45.2774	45.4611	45.205400000000004	45.203500000000005	45.1507	45.548300000000005	45.2471	45.439099999999996	45.4267	45.6544	45.082	45.6231	45.0575	45.4863	45.184200000000004	45.2622	45.115100000000005	45.451	45.1333	45.5939	45.2778	45.4314	45.048300000000005	45.5266	44.9544	45.4113	45.2489	45.2416	44.9996	45.541199999999996	45.2353	45.4321	45.2239	45.2879	45.1113	45.3117	45.0849	45.4252	45.2905	45.421499999999995	45.2185	45.355000000000004	45.2254	45.2555	45.1179	45.286300000000004	45.0294	45.279199999999996	45.2813	45.344	45.2635	45.0842	45.214999999999996	45.2762	45.207300000000004	45.4071	45.1714	45.4187	45.040400000000005	45.3883	45.2194	45.4738	45.096199999999996	45.1082	45.2631	45.3015	45.109700000000004	45.4037	45.3355	45.2533	45.1219	45.396	45.3048	45.3174	45.1802	45.3407	45.2312	45.3044	45.1936	45.278600000000004	45.3356	45.114	45.222	45.286500000000004	45.1421	45.2545	45.2681	45.3314	45.217600000000004	45.3624	45.1807	45.451	45.2922	45.3581	45.1699	45.3427	45.0971	45.2787	45.2691	45.182	45.3302	45.394400000000005	45.1104	45.4709	45.0904	45.1595	44.909	45.345600000000005	44.9577	45.2797	45.117000000000004	45.1786	45.1174	45.3789	45.174	45.284	45.1569	45.2958	45.2639	45.3782	45.2258	45.5182	45.280100000000004	45.3301	45.3081	45.466499999999996	45.1728
Leq-CMig_065-Ex1_L3_fastp	63.463800000000006	40.834399999999995	43.6935	41.2592	44.06	42.1875	41.6734	43.69	44.7882	40.861799999999995	48.2404	47.483799999999995	46.8107	45.9448	46.2772	45.1954	46.0727	45.3423	45.877	45.5573	45.7691	45.0593	45.5136	44.879799999999996	45.0117	44.7679	44.857200000000006	44.7224	45.0531	44.7179	45.0235	44.9872	45.096199999999996	44.6325	45.2673	44.6774	44.9917	44.7408	44.8695	44.5559	45.012299999999996	44.6815	45.0907	44.8453	44.953700000000005	44.57	45.0458	44.577299999999994	44.9919	44.8047	44.828	44.5903	45.0535	44.791799999999995	44.9325	44.771499999999996	44.7947	44.6786	44.8818	44.5909	44.9149	44.834	44.8566	44.7213	44.9081	44.768299999999996	44.8405	44.697700000000005	44.876599999999996	44.5746	44.903	44.7873	44.888	44.7893	44.6809	44.788	44.8938	44.7359	44.988	44.7145	44.9113	44.6479	44.9907	44.7541	45.0173	44.7085	44.650600000000004	44.8025	44.9295	44.6287	44.9441	44.906400000000005	44.7902	44.6471	44.969500000000004	44.883	44.7794	44.8083	44.804899999999996	44.808	44.8975	44.7172	44.852599999999995	44.8559	44.7566	44.696200000000005	44.830799999999996	44.6913	44.7977	44.819199999999995	44.9079	44.774	44.87	44.762	44.9024	44.864599999999996	44.82	44.644099999999995	44.919599999999996	44.6236	44.8142	44.8467	44.7903	44.7809	44.9416	44.762800000000006	45.0057	44.6777	44.7677	44.5263	44.933800000000005	44.5712	44.831199999999995	44.781	44.7462	44.6537	44.9566	44.758199999999995	44.8996	44.6952	44.9497	44.7902	44.9841	44.8307	44.954699999999995	44.9382	44.776700000000005	44.8684	45.0131	44.6884
Leq-CMig_066-Ex1_L3_fastp	64.89970000000001	41.1804	44.6318	42.013	44.824999999999996	42.7294	42.3848	44.419399999999996	45.4049	41.615	49.0216	48.3049	47.527	46.6393	47.074	45.9442	46.8044	46.027699999999996	46.7007	46.2886	46.5445	45.8686	46.2928	45.5711	45.7804	45.527499999999996	45.5186	45.508900000000004	45.834	45.548300000000005	45.7427	45.8033	45.9123	45.426100000000005	46.074	45.494099999999996	45.7986	45.5552	45.7563	45.3613	45.7756	45.5346	45.898	45.6528	45.780100000000004	45.425399999999996	45.826899999999995	45.4163	45.8181	45.5814	45.7046	45.393699999999995	45.8706	45.5941	45.8323	45.6156	45.5943	45.4747	45.725500000000004	45.4631	45.8778	45.7523	45.7069	45.65	45.773599999999995	45.5967	45.643899999999995	45.5255	45.7273	45.4411	45.7296	45.6696	45.6302	45.6615	45.5335	45.6348	45.7713	45.5573	45.8418	45.6185	45.7872	45.4862	45.7949	45.6873	45.9189	45.4928	45.5373	45.6609	45.7894	45.525	45.8566	45.7358	45.6325	45.486599999999996	45.8763	45.7234	45.7275	45.6164	45.7051	45.6282	45.747	45.5542	45.6716	45.7224	45.5465	45.591	45.7264	45.4783	45.6453	45.6454	45.8223	45.611000000000004	45.7287	45.5818	45.7412	45.6847	45.684799999999996	45.5123	45.8302	45.500800000000005	45.7365	45.677299999999995	45.6152	45.618900000000004	45.8157	45.6158	45.9112	45.525999999999996	45.720499999999994	45.320899999999995	45.8076	45.4793	45.6893	45.6085	45.6323	45.5424	45.8795	45.6265	45.8044	45.6118	45.7682	45.6239	45.8756	45.6496	45.9422	45.8222	45.7408	45.7774	45.9138	45.650400000000005
Leq-CMig_068-Ex1_L3_fastp	64.5415	40.5072	44.203199999999995	41.8226	44.2835	42.2934	41.6288	43.6616	44.7022	40.949999999999996	48.3276	47.7153	46.888400000000004	46.0239	46.433	45.3912	46.224399999999996	45.4374	46.077600000000004	45.720499999999994	45.921299999999995	45.2396	45.6683	45.0535	45.1825	44.9621	44.9216	44.8835	45.2612	44.8542	45.1652	45.163399999999996	45.3138	44.8384	45.4337	44.8407	45.225300000000004	44.9041	45.0944	44.737700000000004	45.188	44.845400000000005	45.3335	45.009	45.1279	44.8392	45.1758	44.8016	45.1389	44.973400000000005	45.0527	44.744099999999996	45.2339	44.9882	45.1135	44.9959	44.9679	44.8409	45.0432	44.8277	45.0904	45.094699999999996	44.9796	45.0017	45.0461	44.9786	45.018299999999996	44.8828	45.0271	44.766600000000004	45.0512	44.9285	45.0764	44.9828	44.899	44.973	45.076899999999995	44.9113	45.1476	45.008700000000005	45.0924	44.8678	45.1428	45.0457	45.262	44.8391	44.9087	44.9971	45.111000000000004	44.830999999999996	45.1383	45.0661	44.9578	44.8936	45.1601	45.110099999999996	45.0342	44.9304	45.0236	44.9921	45.0842	44.93	45.071	45.1	44.9608	44.9431	45.0287	44.898900000000005	45.0214	44.9725	45.169599999999996	45.016400000000004	45.0545	44.9774	45.048899999999996	45.077099999999994	45.037	44.9231	45.118700000000004	44.8743	45.1319	45.0578	44.9791	44.961400000000005	45.09	44.9974	45.279599999999995	44.9091	45.041	44.7879	45.1027	44.894600000000004	45.0989	44.9543	44.9749	44.8626	45.1921	44.9368	45.0942	44.9749	45.1125	45.024	45.1396	45.1104	45.284	45.1871	44.9984	45.1083	45.2123	45.022800000000004
Leq-CMig_069-Ex1_L3_fastp	64.9993	39.1889	43.4649	40.775299999999994	43.5794	41.401700000000005	40.9598	42.9193	44.0882	40.4799	47.915400000000005	47.197	46.4133	45.5631	45.886700000000005	44.7901	45.5978	44.8154	45.514700000000005	45.1847	45.392700000000005	44.6733	45.1034	44.4637	44.624	44.309599999999996	44.364599999999996	44.359700000000004	44.6534	44.3408	44.729200000000006	44.6075	44.7519	44.290800000000004	44.8604	44.2738	44.5708	44.3583	44.5234	44.1331	44.6184	44.3026	44.8027	44.4245	44.5386	44.1957	44.5736	44.204	44.5924	44.3472	44.582100000000004	44.279	44.656400000000005	44.3911	44.575700000000005	44.350699999999996	44.3967	44.2365	44.517	44.2545	44.6323	44.5295	44.4905	44.3983	44.5122	44.4301	44.414	44.2856	44.499100000000006	44.242	44.5332	44.3502	44.489200000000004	44.451800000000006	44.2924	44.4069	44.574000000000005	44.2826	44.6419	44.3582	44.5919	44.2453	44.5407	44.4542	44.6778	44.3234	44.3619	44.4257	44.5585	44.2541	44.6036	44.5619	44.4125	44.304500000000004	44.6379	44.574799999999996	44.397	44.3208	44.468	44.4437	44.5085	44.3405	44.5169	44.5114	44.359500000000004	44.358	44.460300000000004	44.345800000000004	44.359500000000004	44.359500000000004	44.5884	44.4686	44.5631	44.4039	44.5584	44.4913	44.465199999999996	44.2682	44.6023	44.3452	44.5235	44.4557	44.4079	44.4067	44.4906	44.4562	44.643899999999995	44.3018	44.3977	44.221	44.615300000000005	44.1959	44.514399999999995	44.3339	44.4095	44.2973	44.67	44.4093	44.5535	44.3673	44.5979	44.378499999999995	44.743500000000004	44.5019	44.7031	44.6027	44.5486	44.5322	44.6548	44.3896
Leq-CMig_070-Ex1_L3_fastp	64.923	42.1727	45.3056	42.884699999999995	45.5644	43.5222	43.1513	45.2085	46.1533	42.2587	49.7257	48.908	48.0958	47.2624	47.5466	46.5142	47.3491	46.6409	47.2038	46.8633	47.133	46.442699999999995	46.8735	46.1306	46.288000000000004	46.0816	46.116	45.9944	46.4985	46.0738	46.408100000000005	46.4031	46.5265	46.0246	46.692299999999996	46.0532	46.3636	46.2293	46.3969	45.9022	46.5404	46.0863	46.5103	46.3037	46.2534	46.0754	46.334900000000005	46.049800000000005	46.3791	46.2579	46.280300000000004	45.9972	46.4762	46.144800000000004	46.364	46.2923	46.110600000000005	46.0736	46.271	46.1225	46.3744	46.3419	46.1637	46.2069	46.3191	46.287800000000004	46.2679	46.2689	46.340900000000005	46.0473	46.3547	46.2712	46.323	46.2807	46.1577	46.261799999999994	46.3716	46.2134	46.502900000000004	46.1893	46.2592	46.1133	46.4171	46.3028	46.5497	46.2173	46.2097	46.335300000000004	46.402	46.1138	46.4395	46.407199999999996	46.2442	46.2472	46.454499999999996	46.3876	46.2831	46.2828	46.3028	46.2576	46.4138	46.1832	46.3306	46.4266	46.2545	46.2901	46.4199	46.2137	46.2495	46.314	46.4221	46.3204	46.4673	46.2166	46.3971	46.4259	46.3714	46.207100000000004	46.5195	46.205200000000005	46.4087	46.441300000000005	46.3172	46.2851	46.5533	46.3797	46.5075	46.2808	46.4512	46.0668	46.5523	46.0881	46.426899999999996	46.372099999999996	46.2916	46.2502	46.604600000000005	46.4042	46.5709	46.300799999999995	46.454299999999996	46.3383	46.6371	46.381	46.582	46.5149	46.4709	46.4999	46.663399999999996	46.443200000000004
Leq-CMig_073-Ex1_L3_fastp	66.3486	40.7503	44.616299999999995	42.1665	44.8365	42.662499999999994	42.181400000000004	44.1391	45.457	41.531800000000004	49.0758	48.2339	47.5088	46.633599999999994	47.1335	45.9499	46.818	46.0011	46.7692	46.2665	46.6335	45.9482	46.2704	45.624700000000004	45.812599999999996	45.591	45.5255	45.6354	45.919900000000005	45.627	45.9018	45.8177	46.0068	45.4	46.1536	45.4843	45.9219	45.5784	45.7138	45.4465	45.7695	45.5434	46.035	45.6644	45.8377	45.3965	45.9557	45.4351	45.8076	45.6355	45.7885	45.4097	45.9532	45.6932	45.820100000000004	45.6434	45.635999999999996	45.45	45.706799999999994	45.4534	45.8936	45.751799999999996	45.786	45.6726	45.7849	45.7022	45.651799999999994	45.487300000000005	45.6691	45.484	45.6499	45.7291	45.684999999999995	45.596199999999996	45.4959	45.719	45.677	45.5974	45.8897	45.5882	45.8401	45.4568	45.7984	45.6646	45.8712	45.556200000000004	45.4358	45.7755	45.8057	45.486	45.8772	45.7641	45.646300000000004	45.5319	45.8225	45.729	45.7563	45.601	45.725	45.6589	45.7825	45.5462	45.7453	45.744800000000005	45.533699999999996	45.6012	45.7128	45.515	45.6104	45.6012	45.778200000000005	45.637	45.7656	45.5325	45.8155	45.765499999999996	45.7367	45.533	45.759699999999995	45.472	45.6956	45.7566	45.4928	45.7882	45.7639	45.662000000000006	45.8544	45.4726	45.631899999999995	45.312799999999996	45.8373	45.3984	45.6725	45.5897	45.5569	45.509699999999995	45.8184	45.6362	45.7557	45.5209	45.8244	45.6853	45.9051	45.6638	45.9044	45.7346	45.687	45.7059	45.8638	45.673700000000004
Leq-CMig_074-Ex1_L3_fastp	64.4272	40.9306	44.1268	41.6894	44.363	42.328700000000005	41.8805	43.8749	44.9135	41.3423	48.4787	47.7712	47.052	46.2661	46.6135	45.4953	46.4353	45.6991	46.2817	45.8794	46.1402	45.5295	45.8342	45.2298	45.366800000000005	45.2026	45.054300000000005	45.1129	45.4577	45.1533	45.3076	45.400400000000005	45.4861	45.0515	45.631	45.056200000000004	45.3621	45.2048	45.258199999999995	44.9274	45.3547	45.141	45.5014	45.233200000000004	45.3477	44.9837	45.4378	45.0291	45.3067	45.217800000000004	45.278	44.9818	45.4737	45.1802	45.3468	45.1683	45.2132	45.0581	45.2641	45.029	45.3848	45.2556	45.2756	45.1613	45.3262	45.218799999999995	45.204	45.1055	45.2618	45.0079	45.3145	45.300000000000004	45.2882	45.183299999999996	45.0669	45.211	45.2797	45.1473	45.3451	45.1535	45.4028	45.0234	45.3896	45.209500000000006	45.4913	45.137100000000004	45.0452	45.3337	45.3969	45.1132	45.385	45.3238	45.2243	45.0428	45.4226	45.268	45.2435	45.173	45.223600000000005	45.2269	45.292100000000005	45.1075	45.3616	45.2848	45.141	45.1913	45.2545	45.1432	45.191900000000004	45.252700000000004	45.326899999999995	45.2303	45.3292	45.155	45.3057	45.342	45.2628	45.0997	45.3564	45.0598	45.2918	45.2877	45.1556	45.2907	45.3772	45.1755	45.433	45.1322	45.2367	44.9721	45.358399999999996	45.0398	45.2021	45.2571	45.1218	45.095600000000005	45.354499999999994	45.1684	45.3411	45.2145	45.3527	45.2904	45.4042	45.2261	45.438	45.360099999999996	45.285399999999996	45.3017	45.3998	45.2397
Leq-CMig_075-Ex1_L3_fastp	63.4567	42.7612	44.5231	42.3317	45.0984	43.275999999999996	42.6539	44.817499999999995	45.7831	41.962500000000006	49.025400000000005	48.363299999999995	47.696600000000004	46.842299999999994	47.1717	46.1229	46.9957	46.3252	46.8633	46.5207	46.7079	46.104299999999995	46.455	45.8604	45.9739	45.812000000000005	45.685500000000005	45.7014	46.0788	45.6856	45.9261	46.008500000000005	46.0048	45.7387	46.2329	45.5983	45.9713	45.7963	45.886500000000005	45.5542	46.001799999999996	45.7377	46.071	45.8244	45.881499999999996	45.6183	46.039	45.6882	45.9118	45.8409	45.818799999999996	45.5868	46.0908	45.7911	45.9433	45.8611	45.8005	45.6347	45.9148	45.6389	45.9868	45.8795	45.8773	45.8357	45.9637	45.748	45.8316	45.723	45.8917	45.609	45.906400000000005	45.8513	45.881	45.841300000000004	45.6693	45.847	45.912	45.7429	46.036	45.7428	45.9911	45.6468	45.9983	45.773599999999995	46.0062	45.745200000000004	45.701	45.840199999999996	45.9801	45.663199999999996	45.957100000000004	45.96	45.8555	45.6829	46.0286	45.8848	45.891999999999996	45.769999999999996	45.8478	45.7348	45.908500000000004	45.800000000000004	45.9407	45.8708	45.8525	45.7477	45.9685	45.7896	45.8407	45.879999999999995	45.909	45.7987	45.9722	45.852399999999996	45.9581	45.9887	45.9386	45.7602	46.0168	45.7262	45.908300000000004	45.9525	45.7986	45.9841	46.0721	45.9284	46.0728	45.786300000000004	45.9256	45.6412	46.0673	45.7087	45.8859	45.8951	45.8658	45.787	46.0346	45.879	46.0193	45.8362	46.0552	45.8802	46.1655	45.874500000000005	46.1646	46.0826	45.9342	45.9386	46.165299999999995	45.9676
Leq-CMig_076-Ex1_L3_fastp	63.7638	42.0346	44.3188	41.9743	44.5645	42.858200000000004	42.1927	44.2954	45.3127	41.6151	48.6521	48.0607	47.2648	46.4503	46.8397	45.6988	46.5339	45.8237	46.488099999999996	46.1355	46.2983	45.656200000000005	46.0249	45.503	45.523799999999994	45.4741	45.2539	45.307700000000004	45.602399999999996	45.394600000000004	45.5182	45.6065	45.6073	45.1461	45.867799999999995	45.1602	45.5161	45.3505	45.3737	45.1198	45.5128	45.304899999999996	45.6151	45.4115	45.5186	45.0876	45.536300000000004	45.0717	45.5131	45.344699999999996	45.387899999999995	45.114900000000006	45.6143	45.3359	45.460699999999996	45.2495	45.4123	45.0802	45.401399999999995	45.1545	45.5073	45.401599999999995	45.3715	45.3419	45.3435	45.3555	45.2945	45.1521	45.272800000000004	45.115300000000005	45.3825	45.3654	45.3942	45.4165	45.1612	45.3811	45.341	45.2496	45.5956	45.2175	45.4423	45.1726	45.4991	45.2906	45.563500000000005	45.280300000000004	45.1913	45.321099999999994	45.5051	45.1591	45.5255	45.4093	45.3321	45.188	45.435199999999995	45.3511	45.3604	45.2756	45.3508	45.3831	45.432	45.1612	45.414300000000004	45.519	45.2546	45.3717	45.294200000000004	45.2791	45.2293	45.3859	45.4925	45.3204	45.439800000000005	45.2481	45.4685	45.4095	45.4047	45.132600000000004	45.481500000000004	45.1605	45.360099999999996	45.4718	45.170500000000004	45.460699999999996	45.5002	45.3101	45.5	45.1678	45.3903	44.9299	45.4123	45.1934	45.3515	45.3215	45.284200000000006	45.2089	45.6023	45.2959	45.5062	45.3001	45.4256	45.368700000000004	45.628299999999996	45.2828	45.6717	45.4637	45.379000000000005	45.4749	45.495400000000004	45.3428
Leq-CMig_077-Ex1_L3_fastp	64.48469999999999	42.2842	44.8819	42.5897	45.2386	43.4452	42.881	45.0997	46.1196	42.1511	49.4185	48.6461	47.8855	47.035	47.4713	46.291199999999996	47.170899999999996	46.4981	47.1008	46.6749	46.9172	46.3573	46.6471	46.0663	46.1931	46.0602	45.9454	46.0074	46.330799999999996	46.0022	46.2331	46.2438	46.3069	45.8224	46.5161	45.9001	46.211999999999996	46.0478	46.0758	45.8953	46.1953	45.9935	46.3401	46.0954	46.213100000000004	45.7754	46.3774	45.8041	46.2368	46.054899999999996	46.1749	45.789	46.2842	46.1471	46.230900000000005	46.0348	46.0997	45.8572	46.1779	45.8614	46.2745	46.152300000000004	46.172999999999995	46.0486	46.1907	46.0897	46.04	45.9524	46.1357	45.8748	46.154	46.1429	46.1622	46.0994	45.9175	46.172000000000004	46.0949	46.0864	46.312999999999995	46.063500000000005	46.2451	45.9409	46.2298	46.0736	46.2887	45.976099999999995	45.865	46.1905	46.2058	45.9728	46.277699999999996	46.158100000000005	46.0986	45.913399999999996	46.319500000000005	46.1662	46.1422	46.081	46.1903	46.108900000000006	46.1691	46.0186	46.1539	46.1767	45.9998	46.0103	46.1556	46.0288	46.0787	46.123599999999996	46.1837	46.0592	46.1541	46.0251	46.1849	46.2673	46.1135	45.9589	46.2294	45.9694	46.0435	46.2738	45.891999999999996	46.2266	46.2692	46.0943	46.2956	45.934999999999995	46.1274	45.7682	46.243	45.9024	46.0718	46.1246	45.951	45.9555	46.248	46.0393	46.176	46.0704	46.193	46.1051	46.3432	46.1146	46.3551	46.175	46.172999999999995	46.1213	46.3085	46.1664
Leq-CMig_079-Ex1_L3_fastp	65.3323	42.1026	45.2581	42.7665	45.500600000000006	43.576100000000004	43.0957	45.0778	46.159800000000004	42.3072	49.6988	48.8826	48.0927	47.348099999999995	47.754999999999995	46.5768	47.5284	46.7649	47.375499999999995	47.007	47.2731	46.5987	46.926899999999996	46.353100000000005	46.5039	46.305600000000005	46.1724	46.2948	46.5601	46.3337	46.476600000000005	46.590199999999996	46.5916	46.1533	46.8507	46.181400000000004	46.4632	46.286899999999996	46.3799	46.0999	46.4916	46.2673	46.615899999999996	46.394000000000005	46.4537	46.1258	46.6158	46.077600000000004	46.5019	46.334199999999996	46.3962	46.0922	46.6155	46.309400000000004	46.5161	46.3072	46.3453	46.093	46.4449	46.1223	46.5262	46.45	46.456599999999995	46.379	46.3988	46.3847	46.278999999999996	46.2555	46.3785	46.1292	46.45	46.3924	46.303	46.3532	46.2087	46.356199999999994	46.3654	46.3172	46.5615	46.3302	46.5531	46.2307	46.4555	46.3708	46.5329	46.285199999999996	46.201	46.443200000000004	46.5108	46.2307	46.456199999999995	46.4261	46.3652	46.195	46.5746	46.5105	46.3714	46.320499999999996	46.3987	46.3791	46.450399999999995	46.3178	46.3635	46.4526	46.2594	46.2964	46.4111	46.213300000000004	46.351	46.294000000000004	46.5048	46.3213	46.4321	46.2322	46.4836	46.562	46.3814	46.2462	46.4902	46.1921	46.4119	46.4214	46.239000000000004	46.462599999999995	46.4954	46.323100000000004	46.6226	46.1818	46.3632	46.0478	46.519800000000004	46.1607	46.3109	46.3252	46.2472	46.2087	46.5328	46.3086	46.428799999999995	46.211999999999996	46.4771	46.3235	46.5941	46.2744	46.5837	46.4377	46.4599	46.4422	46.481	46.3885
Leq-CMig_081-Ex1_L3_fastp	64.5427	41.6771	44.948	42.2248	45.0901	43.261300000000006	42.8551	44.674	45.7826	42.0277	49.199799999999996	48.4925	47.7342	46.9947	47.343	46.2725	47.1323	46.39	47.0399	46.6201	46.866	46.1729	46.5271	45.9771	46.089400000000005	45.8739	45.94	45.8509	46.2267	45.8905	46.1479	46.1107	46.2831	45.7951	46.4895	45.8253	46.1642	45.9325	46.034000000000006	45.7128	46.1895	45.8885	46.2866	46.0032	46.0924	45.730399999999996	46.1636	45.732800000000005	46.1705	45.9589	46.0802	45.76	46.276	46.0398	46.12	45.980199999999996	46.0366	45.808	46.0839	45.8292	46.1695	46.065400000000004	46.027699999999996	45.9671	46.1001	46.0007	46.0118	45.8812	46.0424	45.8024	46.050000000000004	46.0387	46.076899999999995	45.963300000000004	45.895599999999995	45.9915	46.0624	45.9623	46.277699999999996	45.9452	46.1772	45.8813	46.1416	46.0245	46.2608	45.9238	45.859899999999996	46.08	46.1413	45.908300000000004	46.1944	46.1105	46.0098	45.8613	46.220099999999995	46.1399	46.0812	46.0052	46.0963	46.024100000000004	46.1621	45.9876	46.0501	46.124700000000004	45.9369	45.982299999999995	46.0659	45.923199999999994	45.989999999999995	46.0274	46.186	46.0256	46.0629	45.9559	46.1268	46.1195	46.0173	45.8572	46.1687	45.874900000000004	46.057500000000005	46.0638	45.9228	46.0932	46.1858	45.9975	46.2173	45.8862	46.021499999999996	45.7396	46.1515	45.853	46.0506	46.0058	45.9409	45.9007	46.2169	45.9602	46.125699999999995	45.9207	46.1486	45.9025	46.317099999999996	45.9762	46.2175	46.1486	46.0727	46.078599999999994	46.2205	46.0248
Leq-CMig_084-Ex1_L3_fastp	63.1541	41.7171	44.0515	41.7815	44.4524	42.329899999999995	41.877900000000004	43.9167	44.9939	41.1652	48.347899999999996	47.6333	46.7944	46.042100000000005	46.3823	45.373599999999996	46.2175	45.4001	46.0067	45.759	45.8238	45.2855	45.6183	45.022600000000004	45.0877	44.9516	44.8797	44.8966	45.1931	44.886700000000005	45.2046	45.1401	45.2574	44.8421	45.4657	44.7965	45.1847	44.9388	45.0097	44.710100000000004	45.1776	44.8287	45.227000000000004	44.95	45.118700000000004	44.610499999999995	45.2592	44.6316	45.1312	44.9011	45.0459	44.658	45.2513	44.883	45.166000000000004	44.8613	44.9762	44.7345	45.0194	44.694	45.1122	45.0327	44.9854	44.9274	44.9949	44.9728	44.873400000000004	44.8673	44.9582	44.754599999999996	44.9421	44.9636	44.973200000000006	44.9086	44.806200000000004	44.9652	45.0437	44.8596	45.134600000000006	44.894600000000004	45.0772	44.6954	45.0718	44.944	45.2079	44.8106	44.7816	44.9387	45.0897	44.7928	45.0863	44.9862	44.925	44.731	45.176500000000004	45.0713	44.962999999999994	44.854	44.9169	44.8933	45.0479	44.8616	45.0096	45.0317	44.8364	44.954	44.981700000000004	44.9012	44.8819	44.9095	45.1092	44.9122	44.9833	44.8445	45.0635	45.0324	44.9543	44.811499999999995	45.1174	44.7927	44.885799999999996	45.0317	44.9295	44.9765	45.0621	44.9375	45.1599	44.8733	45.0077	44.6723	45.0978	44.7407	44.9714	45.0413	44.879400000000004	44.7679	45.095	44.8778	45.070100000000004	44.8439	45.1261	44.9235	45.2377	44.9889	45.2009	45.1129	44.9428	44.974199999999996	45.154300000000006	44.9258
Leq-CMig_085-Ex1_L3_fastp	64.9926	40.364	44.2144	41.6498	44.2896	42.2241	41.8792	43.8169	44.9092	41.2381	48.437000000000005	47.6449	46.908699999999996	45.9662	46.4662	45.2911	46.185500000000005	45.4099	46.129599999999996	45.6935	45.9577	45.3357	45.6895	45.0086	45.1792	45.0056	44.893100000000004	45.021	45.3213	44.988499999999995	45.279599999999995	45.1988	45.3443	44.8332	45.5401	44.842	45.245000000000005	44.9325	45.1755	44.772099999999995	45.2398	44.9579	45.4247	45.09	45.1942	44.8093	45.3954	44.8167	45.191700000000004	45.0307	45.1973	44.784400000000005	45.3434	45.0462	45.2025	45.0376	45.047599999999996	44.8984	45.118399999999994	44.9268	45.2152	45.165499999999994	45.0922	45.0548	45.1538	45.0461	45.0571	44.927099999999996	45.1174	44.838699999999996	45.0993	45.0162	45.1294	44.9289	44.986	45.1406	45.1779	45.016600000000004	45.306000000000004	45.0055	45.2007	44.9071	45.226499999999994	45.0597	45.3083	44.8971	44.9442	45.1589	45.148700000000005	44.918400000000005	45.2282	45.1661	45.0873	44.8552	45.3349	45.225100000000005	45.0873	44.9826	45.1874	45.0527	45.1015	45.0158	45.1488	45.1869	45.0272	45.0313	45.1261	44.977000000000004	44.9852	45.0583	45.1695	45.0601	45.1104	45.0079	45.2019	45.1397	45.1079	44.8915	45.2312	44.9147	45.117200000000004	45.1714	45.012600000000006	45.1199	45.1868	45.0865	45.4056	44.916	45.115300000000005	44.842	45.197500000000005	44.9289	45.1027	45.0589	45.0565	44.8895	45.2773	45.1376	45.1553	44.9982	45.1333	45.1188	45.3006	45.113	45.3494	45.2742	45.1604	45.233200000000004	45.3401	45.1478
Leq-CMig_086-Ex1_L3_fastp	65.3298	41.6821	44.866099999999996	42.3458	45.0266	43.065799999999996	42.5944	44.8078	45.8437	41.9559	49.3661	48.4057	47.7778	46.8688	47.340199999999996	46.135799999999996	47.1796	46.455400000000004	47.194399999999995	46.7083	46.9037	46.3099	46.5664	46.026	46.0795	46.0682	45.817	46.0439	46.2449	45.995999999999995	46.1469	46.2049	46.2231	45.6661	46.475100000000005	45.706599999999995	46.238	46.001	45.8911	45.840199999999996	46.0496	45.902300000000004	46.3835	46.0459	46.2015	45.6303	46.4586	45.6097	46.2176	45.943	45.9931	45.691500000000005	46.2563	46.0313	46.2166	45.922000000000004	46.0563	45.670100000000005	46.053399999999996	45.7158	46.1121	46.068799999999996	46.2042	45.9862	46.103899999999996	46.0444	45.8534	45.6902	45.967	45.7761	46.1126	46.0943	46.0585	45.8974	45.6951	46.0793	45.8144	46.1027	46.2788	45.826	46.2233	45.838	46.062	45.963300000000004	46.225100000000005	45.8376	45.5204	46.2212	46.080799999999996	45.8876	46.2	46.0787	46.0112	45.717200000000005	46.2225	46.0815	46.047	45.8868	46.1006	45.9562	46.0163	45.8714	46.0127	45.9916	45.8448	45.926899999999996	45.9923	45.8814	45.9256	45.9049	46.0279	45.9846	45.8999	45.8005	46.0399	46.1403	46.0191	45.7883	46.0022	45.7296	45.8031	46.1063	45.6681	46.238	46.0351	45.942699999999995	46.097500000000004	45.7055	45.847500000000004	45.6227	46.001799999999996	45.6966	45.798100000000005	46.0271	45.758700000000005	45.7553	45.996700000000004	46.030100000000004	45.907599999999995	45.8615	46.0652	45.9914	46.1677	45.8379	46.1841	45.9698	45.9673	45.9089	46.1385	45.7788
Leq-CMig_087-Ex1_L3_fastp	63.917699999999996	40.6328	43.7383	41.2847	44.095600000000005	42.199	41.660000000000004	43.6409	44.7216	40.8343	48.2894	47.5321	46.8033	46.037	46.2658	45.3189	46.0861	45.395799999999994	45.8762	45.5443	45.7512	45.0726	45.514500000000005	44.8562	45.107	44.8067	44.812200000000004	44.748900000000006	45.1265	44.7281	45.088899999999995	45.0419	45.149899999999995	44.7416	45.242	44.749100000000006	45.0119	44.7604	44.9202	44.6031	45.061	44.7602	45.0961	44.918	44.981	44.711600000000004	45.0525	44.6575	45.0314	44.787	44.8943	44.716899999999995	45.0872	44.7792	45.0234	44.8236	44.8645	44.719500000000004	44.960699999999996	44.7196	44.949099999999994	44.9087	44.8498	44.795	44.9564	44.7367	44.887100000000004	44.768299999999996	44.8966	44.6556	44.933	44.8566	44.8859	44.8491	44.8515	44.799	44.9814	44.656600000000005	45.0254	44.8003	44.9225	44.7309	44.9853	44.8218	45.0185	44.7791	44.8013	44.8448	45.0198	44.6433	45.029599999999995	44.9694	44.8301	44.7819	45.008199999999995	44.8968	44.9051	44.7986	44.8959	44.7862	45.003	44.7682	44.9401	44.9435	44.831700000000005	44.7434	44.92	44.7462	44.8988	44.8299	44.9596	44.8282	44.9065	44.8883	44.9409	44.9564	44.9224	44.7465	44.9998	44.7481	44.9562	44.8324	44.8444	44.8698	44.9568	44.8687	45.0054	44.8185	44.9311	44.6793	44.9917	44.7291	44.9232	44.8126	44.8335	44.8179	45.0501	44.8715	44.934200000000004	44.8736	44.9506	44.8715	45.0648	44.9228	45.0732	45.027899999999995	44.8149	44.9503	45.0058	44.912600000000005
Leq-CMig_089-Ex1_L3_fastp	64.65180000000001	41.5903	44.392399999999995	42.080600000000004	44.7024	42.7031	42.1362	44.2431	45.2619	41.5259	48.7028	47.9804	47.3074	46.448	46.7688	45.7742	46.5487	45.8507	46.4264	46.1229	46.316	45.7148	46.0879	45.469300000000004	45.5402	45.4296	45.3537	45.353300000000004	45.6873	45.3752	45.5462	45.6545	45.6734	45.219300000000004	45.897	45.243100000000005	45.6257	45.3961	45.4364	45.161	45.5987	45.2972	45.6813	45.39	45.589	45.1526	45.711400000000005	45.1788	45.5766	45.3853	45.5068	45.207300000000004	45.6665	45.4037	45.5468	45.406800000000004	45.4347	45.1721	45.5169	45.251200000000004	45.5897	45.481100000000005	45.4585	45.4096	45.5343	45.4513	45.3904	45.3374	45.4976	45.1895	45.524300000000004	45.4425	45.5207	45.3962	45.3797	45.3974	45.4885	45.3658	45.6119	45.3373	45.589200000000005	45.2783	45.534	45.4791	45.6777	45.331500000000005	45.279599999999995	45.4442	45.5842	45.2945	45.6184	45.5062	45.4185	45.321600000000004	45.6014	45.4814	45.4438	45.3706	45.4486	45.3873	45.494800000000005	45.421	45.5103	45.5007	45.368	45.3677	45.4555	45.3514	45.4285	45.391999999999996	45.5446	45.3489	45.5586	45.4115	45.501000000000005	45.5929	45.5174	45.3295	45.5986	45.284600000000005	45.4797	45.536	45.318799999999996	45.561	45.5814	45.4577	45.6744	45.3546	45.501000000000005	45.1538	45.565	45.2978	45.4503	45.416000000000004	45.3577	45.325199999999995	45.5598	45.4168	45.534400000000005	45.368900000000004	45.5738	45.412200000000006	45.6819	45.5058	45.6751	45.5806	45.5606	45.5555	45.671099999999996	45.5172
Leq-CMig_091-Ex1_L3_fastp	64.7016	41.5918	45.1438	42.57	45.203199999999995	43.295899999999996	43.031000000000006	45.020700000000005	45.936	42.0846	49.5524	48.7445	47.8981	47.0781	47.535500000000006	46.2918	47.2553	46.5505	47.1472	46.7779	46.9535	46.28	46.7067	46.0501	46.1669	45.9773	45.9461	45.9777	46.3206	46.001	46.1673	46.2902	46.332	45.902	46.550000000000004	45.9704	46.244800000000005	46.038000000000004	46.1798	45.8246	46.2451	46.0268	46.3299	46.1721	46.2486	45.8733	46.3309	45.851	46.2962	46.1138	46.1884	45.872800000000005	46.305800000000005	46.0873	46.281800000000004	46.0976	46.0415	45.893699999999995	46.1685	45.9241	46.3235	46.1403	46.207300000000004	46.0485	46.211200000000005	46.1402	46.1299	45.9961	46.219100000000005	45.9121	46.21	46.1289	46.1875	46.084	45.9894	46.0918	46.119	46.074	46.3412	45.986	46.204299999999996	45.9942	46.189099999999996	46.1394	46.3538	46.0278	45.9716	46.2042	46.1751	45.9362	46.2238	46.1753	46.1378	45.8912	46.320499999999996	46.238299999999995	46.1008	46.0195	46.1599	46.0937	46.1335	46.0005	46.2348	46.2019	46.0345	45.9798	46.2149	45.9721	46.051700000000004	46.0586	46.252500000000005	46.067	46.198299999999996	45.987899999999996	46.244800000000005	46.2287	46.1347	45.9825	46.267	45.9501	46.126400000000004	46.1793	46.0395	46.151599999999995	46.2476	46.1006	46.3357	45.960699999999996	46.084	45.848299999999995	46.2237	45.8516	46.1268	46.0984	46.057500000000005	45.9679	46.3112	46.031499999999994	46.2577	46.019	46.2759	46.0468	46.312799999999996	46.1297	46.3682	46.192299999999996	46.153800000000004	46.1063	46.2412	46.1327
Leq-CMig_092-Ex1_L3_fastp	64.2701	41.9683	44.7936	42.4972	45.097500000000004	43.1244	42.681000000000004	44.8436	45.765699999999995	41.8926	49.259	48.309999999999995	47.643299999999996	46.8455	47.2255	46.0668	47.0727	46.3067	46.9653	46.5824	46.7196	46.1205	46.4878	45.859899999999996	46.0109	45.8414	45.7278	45.7917	46.0605	45.7815	45.9568	46.0223	46.076299999999996	45.5979	46.3283	45.632600000000004	46.0817	45.8301	45.8189	45.6612	45.9586	45.7075	46.1339	45.914300000000004	45.9919	45.5746	46.1995	45.474599999999995	46.035	45.793	45.8501	45.5543	46.083400000000005	45.8322	45.9844	45.780100000000004	45.8648	45.617000000000004	45.8902	45.5936	46.0118	45.9184	45.9845	45.8175	45.9437	45.8152	45.8097	45.6844	45.882400000000004	45.6695	45.9824	45.9046	45.940999999999995	45.8342	45.7584	45.8932	45.7761	45.8005	46.1062	45.7535	45.9745	45.7175	45.9164	45.8423	46.0465	45.7358	45.5994	45.9361	45.976099999999995	45.7483	46.055099999999996	45.949600000000004	45.888400000000004	45.6113	46.0126	45.856	45.9051	45.8131	45.9356	45.8236	45.8864	45.7966	45.886500000000005	45.9448	45.7403	45.7623	45.9459	45.7537	45.7987	45.8415	45.9366	45.83	45.9407	45.7057	45.9937	45.975300000000004	45.9677	45.6607	45.9762	45.6993	45.7243	45.9978	45.6596	45.995799999999996	46.0123	45.8349	46.036100000000005	45.696799999999996	45.846900000000005	45.5059	45.991	45.7121	45.861000000000004	45.8315	45.7481	45.7292	46.004400000000004	45.8639	45.904	45.8279	45.9957	45.8555	46.1551	45.8027	46.1287	45.9219	45.8927	45.922000000000004	46.1006	45.7954
Leq-CMig_093-Ex1_L3_fastp	65.416	41.329	45.7233	42.9567	45.4229	43.4669	43.0133	45.0998	45.803399999999996	41.9931	49.6588	48.7391	47.746300000000005	46.9208	47.4198	46.2895	47.2332	46.440599999999996	47.0608	46.6012	46.9798	46.2834	46.6625	46.0454	46.2334	45.9982	45.9544	46.0678	46.366	46.0643	46.260600000000004	46.2209	46.3902	45.9789	46.4711	45.998099999999994	46.352199999999996	46.0612	46.2115	45.873599999999996	46.31	46.0584	46.415099999999995	46.1441	46.3321	45.9214	46.3771	45.9267	46.300000000000004	46.112199999999994	46.2515	45.9561	46.415099999999995	46.123599999999996	46.232800000000005	46.1368	46.1312	46.018100000000004	46.2426	45.948499999999996	46.3379	46.191500000000005	46.173700000000004	46.1253	46.3136	46.1073	46.1621	46.024300000000004	46.252500000000005	45.9358	46.2874	46.1135	46.221000000000004	46.2235	46.0453	46.1872	46.2554	46.1003	46.3622	46.051500000000004	46.319900000000004	46.0219	46.241	46.1465	46.3613	46.010600000000004	46.0513	46.1879	46.277	46.0815	46.3217	46.2291	46.1138	46.0148	46.3379	46.1948	46.2227	46.1759	46.1338	46.1648	46.2822	46.090900000000005	46.198699999999995	46.2659	46.0544	46.2091	46.201	46.050200000000004	46.1405	46.1138	46.232099999999996	46.1074	46.2445	46.007999999999996	46.2872	46.225	46.118900000000004	46.0096	46.321600000000004	45.894600000000004	46.239000000000004	46.1796	46.0621	46.1731	46.352399999999996	46.0644	46.3617	46.0346	46.116099999999996	45.8769	46.2954	45.9439	46.1986	46.0719	46.089400000000005	46.0146	46.3356	46.0388	46.249	46.063900000000004	46.18	46.109899999999996	46.4188	45.9995	46.3594	46.226299999999995	46.1747	46.1847	46.375	46.1829
Leq-CMig_095-Ex1_L3_fastp	64.3899	40.6748	45.0522	42.266999999999996	44.6783	42.7849	42.3715	44.252399999999994	45.304100000000005	41.586099999999995	48.9136	48.0276	47.1568	46.2205	46.7646	45.6115	46.5142	45.859	46.444	45.9882	46.3938	45.575500000000005	45.9887	45.3059	45.5736	45.2868	45.4003	45.3191	45.717400000000005	45.3878	45.6349	45.5113	45.634	45.2181	45.7733	45.2271	45.6614	45.3075	45.5151	45.2218	45.6487	45.2806	45.746900000000004	45.3357	45.481700000000004	45.1303	45.6788	45.154300000000006	45.5581	45.3924	45.4843	45.1887	45.6505	45.405499999999996	45.5681	45.3133	45.4059	45.2401	45.4741	45.268	45.567600000000006	45.4202	45.449600000000004	45.3202	45.474199999999996	45.2956	45.3511	45.222	45.5178	45.1587	45.4373	45.3893	45.415	45.3004	45.2418	45.3972	45.3976	45.313700000000004	45.6194	45.332	45.518	45.2653	45.523799999999994	45.421499999999995	45.6337	45.232499999999995	45.272800000000004	45.4433	45.500099999999996	45.2958	45.5944	45.5317	45.472699999999996	45.3067	45.5957	45.4277	45.47	45.332	45.4729	45.3366	45.5373	45.3521	45.5213	45.4285	45.3799	45.3434	45.4429	45.255	45.4663	45.3719	45.5749	45.454499999999996	45.5135	45.229200000000006	45.5458	45.440999999999995	45.4685	45.2002	45.5074	45.285	45.4622	45.4536	45.3862	45.4848	45.4882	45.3218	45.595400000000005	45.2281	45.3962	45.1074	45.5086	45.2194	45.4597	45.3031	45.3235	45.2641	45.502900000000004	45.346599999999995	45.5384	45.2758	45.466699999999996	45.3683	45.5685	45.366099999999996	45.657399999999996	45.413399999999996	45.3989	45.420500000000004	45.536	45.3344
Leq-CMig_096-Ex1_L3_fastp	65.0463	41.2351	45.3294	42.5561	45.172000000000004	43.1503	42.749900000000004	44.624399999999994	45.5814	41.8903	49.323699999999995	48.4001	47.4919	46.655499999999996	47.1856	46.1102	46.9513	46.3076	46.923700000000004	46.434799999999996	46.7937	46.1623	46.4887	45.8629	46.0481	45.8297	45.8004	45.867000000000004	46.2051	45.8615	46.0922	45.9906	46.1696	45.7735	46.3087	45.72	46.112700000000004	45.8609	46.0124	45.7256	46.1052	45.8515	46.2374	45.948499999999996	46.089200000000005	45.6422	46.150999999999996	45.6644	46.147	45.9108	46.0331	45.698299999999996	46.185900000000004	45.9206	46.1528	45.8321	45.936	45.7373	46.050200000000004	45.6914	46.1295	45.9863	46.0004	45.9262	46.0317	45.948299999999996	45.896	45.8304	45.9657	45.7269	46.0555	45.9648	46.0366	45.87	45.832499999999996	45.9313	45.9697	45.9003	46.1826	45.890100000000004	46.041399999999996	45.8477	46.0797	45.9439	46.211600000000004	45.8007	45.7976	46.0269	46.1094	45.841100000000004	46.1485	46.0574	45.9372	45.7832	46.1263	46.0722	46.0523	45.903	46.0586	46.042	46.0497	45.9315	46.0778	46.029199999999996	45.9464	45.9816	46.023199999999996	45.89	45.994099999999996	45.920100000000005	46.2173	45.9993	46.1597	45.823	46.047900000000006	46.0691	46.0168	45.7822	46.1529	45.793099999999995	46.097	46.006	45.8556	46.055800000000005	46.1001	45.9736	46.155	45.8309	45.9912	45.6132	46.083	45.7568	46.0072	45.929500000000004	45.9246	45.8275	46.0734	45.8653	46.1208	45.8414	46.1115	45.8585	46.1638	45.8767	46.2412	46.1137	46.0545	45.9636	46.0634	45.920100000000005
