Sample	1	2	3	4	5	6	7	8	9	10	11	12	13	14	15	16	17	18	19	20	21	22	23	24	25	26	27	28	29	30	31	32	33	34	35	36	37	38	39	40	41	42	43	44	45	46	47	48	49	50	51	52	53	54	55	56	57	58	59	60	61	62	63	64	65	66	67	68	69	70	71	72	73	74	75	76	77	78	79	80	81	82	83	84	85	86	87	88	89	90	91	92	93	94	95	96	97	98	99	100	101	102	103	104	105	106	107	108	109	110	111	112	113	114	115	116	117	118	119	120	121	122	123	124	125	126	127	128	129	130	131	132	133	134	135	136	137	138	139	140	141	142	143	144	145	146	147	148	149	150
Sgr-CJol_001-Ex1-cssl	62.59909999999999	45.5652	46.1726	42.3605	46.321	43.6558	45.678999999999995	44.3702	47.5162	42.179	49.8294	47.2228	49.2583	46.0651	48.117599999999996	45.5447	48.368100000000005	45.8577	48.7679	46.238600000000005	48.6424	45.6102	47.652699999999996	45.9284	47.7103	45.6819	47.7483	45.6982	48.173700000000004	45.6904	48.0724	46.0139	47.573	45.4984	47.7433	45.8561	47.6894	45.8291	47.5185	45.8887	47.753499999999995	45.7674	47.9131	45.9298	47.3358	45.6856	47.5126	45.8737	47.5329	45.8454	47.5865	45.8625	47.843799999999995	46.2325	47.7029	46.0399	47.7931	46.2085	47.3497	45.6918	47.454299999999996	46.212599999999995	47.1701	46.0778	47.6548	46.155	47.5101	46.0932	47.4457	46.0364	47.336	46.394999999999996	47.6413	46.0931	47.3729	46.1155	47.3733	46.0002	47.3194	46.4535	47.287800000000004	46.082699999999996	47.538599999999995	46.2954	47.605199999999996	46.2768	47.2408	46.3751	47.0882	46.2727	46.941100000000006	46.5348	47.153099999999995	46.1154	47.128	46.496700000000004	47.1209	46.5079	47.1542	46.3509	47.004400000000004	46.2444	46.551700000000004	45.9372	46.9267	46.225100000000005	46.9601	46.1882	46.860800000000005	46.4704	46.914899999999996	46.5806	46.6939	46.1134	46.9877	46.045199999999994	47.1014	46.1464	46.9463	45.6935	46.9327	46.2928	46.7128	46.0513	46.7426	45.9037	46.4341	45.954499999999996	46.5785	45.823	45.8551	46.006	46.7689	46.097500000000004	46.381099999999996	46.0691	46.625299999999996	46.1513	46.400999999999996	46.103100000000005	46.9057	45.862199999999994	46.2806	45.8318	46.846	45.5932	46.2685	45.6588	46.9028	46.088
Sgr-CJol_002-Ex1-cssl	61.9874	45.6707	46.1955	42.4126	46.5281	43.2267	45.4934	44.346999999999994	47.726800000000004	42.1491	49.876799999999996	47.2564	48.842200000000005	46.1097	48.0269	45.5742	48.1634	45.7375	48.5846	45.7279	48.2056	45.6947	47.4221	45.4591	47.3296	45.5383	47.5831	45.156600000000005	48.114000000000004	45.5388	47.8045	45.5289	47.5188	45.8913	47.3448	44.9579	47.456199999999995	45.4851	47.7429	45.6462	47.5838	45.3974	47.4259	45.6025	47.299400000000006	45.7602	47.1914	45.426	47.5704	45.870400000000004	47.0346	45.4541	47.3568	45.5332	47.3091	45.717400000000005	47.1727	45.9776	47.3446	45.9887	47.194900000000004	45.8424	47.1483	45.8164	47.092099999999995	45.7338	47.144999999999996	45.9084	47.0068	45.7846	47.122	45.7677	47.293	46.0149	46.6813	45.9502	47.134	45.749	47.2817	45.6795	47.4368	45.711400000000005	47.2264	45.587	47.0053	46.2354	47.1703	45.8883	47.0074	45.523	47.0538	45.8547	46.4257	46.3683	46.6559	46.1727	46.482600000000005	46.160000000000004	46.5449	46.007	46.8768	46.0676	46.5826	45.9679	46.583999999999996	45.799299999999995	46.6095	45.6114	46.8594	45.765499999999996	46.5072	45.9069	46.2198	45.6938	46.2247	45.7946	45.8153	45.3328	46.4342	45.4563	46.5252	45.7208	45.8309	45.3931	46.1138	46.1529	45.8252	45.371	45.5719	45.5484	45.6883	45.2665	45.6593	45.515899999999995	45.5189	45.1667	46.069500000000005	45.2768	45.9979	45.4336	46.1486	45.5434	45.726099999999995	45.049	45.332	45.3233	45.525999999999996	45.3044	45.9105	45.0668
Sgr-CJol_003-Ex1-cssl	63.0559	41.8008	44.7915	41.036	44.6597	42.2082	43.210100000000004	41.9601	44.676100000000005	40.515499999999996	48.0412	46.474900000000005	47.6897	44.9245	46.443400000000004	44.7664	47.3939	44.8589	47.242200000000004	45.3872	46.9874	44.735200000000006	45.854800000000004	44.4096	46.1736	44.4247	45.9342	44.7319	46.576299999999996	44.4785	46.1958	45.1442	46.480700000000006	44.5633	46.409299999999995	44.729400000000005	46.1467	45.0455	46.1631	45.2058	46.360299999999995	45.1135	46.265299999999996	44.8899	46.2167	44.3661	45.9805	44.7163	45.6665	45.0019	46.04	44.8634	46.2598	44.8156	46.2888	45.443	45.7896	45.1921	46.1026	44.9336	45.813900000000004	45.0467	46.1009	45.0311	46.0271	44.723400000000005	46.0548	45.1616	46.077600000000004	44.778099999999995	45.914100000000005	45.0408	45.8151	45.6121	45.8683	45.0998	46.184999999999995	44.9202	46.0852	45.2192	45.8082	45.242399999999996	45.8479	45.0429	45.969100000000005	45.4731	45.725300000000004	45.0388	45.9845	44.7939	46.1376	44.600899999999996	46.090900000000005	45.2494	45.5514	45.1603	45.7835	45.3901	46.2307	45.237300000000005	46.1484	45.020900000000005	45.5609	45.1349	45.7185	45.2461	45.3857	45.4495	45.8771	45.1533	45.334799999999994	45.4414	45.6473	45.3653	45.9931	45.212599999999995	45.637699999999995	45.219500000000004	45.7301	44.4858	45.7496	45.0953	45.3624	44.9118	45.9111	44.8752	45.852199999999996	44.9519	45.824999999999996	44.9387	45.3608	44.6708	45.1825	45.1871	45.194	45.1241	44.9981	45.1085	45.291399999999996	45.1931	45.4299	44.9724	45.2457	45.190999999999995	45.6909	45.0141	45.1459	44.6286	45.3305	45.3653
Sgr-CJol_004-Ex1-cssl	61.0594	45.739999999999995	45.182	41.6189	45.2473	42.5736	44.6978	43.911699999999996	46.6785	41.2359	48.6855	46.828900000000004	47.9222	45.271899999999995	47.234700000000004	44.8444	47.8014	45.2868	47.6885	45.505	47.347699999999996	45.0086	47.198299999999996	44.8546	46.8531	44.6286	47.151399999999995	44.5577	47.07	44.764199999999995	46.9064	44.890299999999996	47.110800000000005	44.9214	46.7824	45.0177	47.105000000000004	45.0062	47.0074	45.1836	47.025800000000004	44.649100000000004	47.0047	45.203500000000005	46.6981	44.8751	46.6203	44.813900000000004	46.423500000000004	45.1565	46.4777	45.1827	46.4641	45.1553	46.7635	45.6132	46.3026	45.5677	46.0943	45.291599999999995	46.855999999999995	45.4065	46.6047	45.3622	46.3737	45.7111	46.1928	45.3806	46.149499999999996	45.0794	46.369899999999994	45.550000000000004	46.584599999999995	45.6503	46.1662	45.2511	46.1993	45.1538	46.2725	45.449600000000004	46.1412	45.5152	46.4683	45.3986	46.1513	45.4442	46.1956	45.513	46.219100000000005	45.2012	46.1261	45.5905	45.9394	45.1579	46.3172	45.4256	46.3962	45.578	45.7759	45.6819	45.8303	45.4602	45.8024	45.1053	45.5494	45.5788	45.712599999999995	45.4566	45.7418	45.7254	45.811600000000006	44.8501	45.6528	44.9051	45.6744	44.8424	45.7317	45.1627	45.4844	44.7545	45.1509	45.126	45.5039	44.474399999999996	45.1563	44.5801	45.5469	45.0083	45.102199999999996	44.9044	45.3295	44.8301	45.2129	44.7408	45.0322	44.7929	44.412099999999995	45.614900000000006	44.6409	44.4686	45.4012	44.2677	44.404900000000005	44.6104	44.459700000000005	45.3176	44.9765	44.8176	44.7226	45.9669
Sgr-CJol_006-Ex1-cssl	62.5105	44.9044	45.3483	41.8945	45.245999999999995	43.0632	44.4365	44.0518	46.4471	41.6535	49.067899999999995	47.2951	48.586200000000005	45.7426	47.138400000000004	45.307900000000004	47.5816	45.0689	47.7894	45.5866	47.529700000000005	45.3001	47.0086	45.176	46.8598	44.7868	46.9625	45.101400000000005	47.0125	45.2277	46.9409	45.4877	46.8297	45.1224	47.0882	45.0648	47.0066	45.3388	46.9735	45.5891	46.751599999999996	45.3233	46.7183	45.2695	46.6434	45.1978	46.6957	45.2066	46.7703	45.4418	46.3636	45.4886	46.7747	45.3804	46.7676	45.558	46.4587	45.7237	46.5859	45.6111	46.793099999999995	45.2615	46.7736	45.4803	46.5676	45.7072	46.3707	45.3752	46.712199999999996	45.568	46.6285	45.7305	46.733999999999995	45.6777	46.5295	45.9033	46.5919	45.8254	46.6288	45.4097	46.644600000000004	45.8991	46.5408	45.574	46.237899999999996	45.7074	46.576499999999996	45.689800000000005	46.791	45.656200000000005	46.7684	45.7153	46.4121	45.9375	46.4032	45.8597	46.2224	45.879599999999996	46.4402	45.933600000000006	46.442099999999996	45.73	46.0794	45.7091	45.985	45.563700000000004	46.2123	45.6702	46.4616	45.684000000000005	45.93	45.845200000000006	46.2146	45.9393	46.2832	45.8741	45.8297	45.6136	46.0843	45.8202	46.2967	45.4214	46.097	45.3477	46.042100000000005	45.6888	46.382200000000005	46.1149	45.7517	45.042500000000004	46.1014	45.412200000000006	45.503	46.007999999999996	45.3965	45.8076	45.9094	45.1547	45.7301	45.5948	45.6301	45.3486	45.8614	44.9615	45.6708	45.8977	45.6262	45.3567	46.096199999999996	45.2135
Sgr-CJol_007-Ex1-cssl	62.266	44.460699999999996	44.7593	41.4791	45.0325	42.9823	44.0157	43.5645	46.050799999999995	41.3912	48.3852	47.0154	47.994	45.5169	47.0419	45.3845	47.2157	45.3614	47.4603	45.762	47.0953	45.5154	46.169900000000005	45.0859	46.4692	44.9007	46.4615	44.8174	46.6876	45.2765	46.7029	45.1258	46.4533	45.164500000000004	46.578399999999995	44.9757	46.475699999999996	45.3883	46.4117	45.4301	46.4206	45.0927	46.4277	45.5125	46.4644	45.306200000000004	46.3938	45.1561	46.45	45.442	46.2007	45.2455	46.5927	45.087500000000006	46.489799999999995	45.3163	46.0094	45.4841	46.3311	45.351	46.455200000000005	45.3835	46.163199999999996	45.6116	46.2215	45.2101	46.0886	45.1652	46.0269	45.391999999999996	46.1933	45.6166	46.2646	45.8381	45.977000000000004	45.622	46.1491	45.4407	46.1364	45.6639	46.1234	45.6794	46.2225	45.5935	45.9985	45.635	46.2177	45.445600000000006	46.2619	45.411	46.104	45.8947	46.2092	45.5561	46.0567	45.5244	46.0377	45.5569	46.2833	45.9068	45.8341	45.8416	45.9461	45.4084	45.942499999999995	45.5028	46.291399999999996	45.5369	46.0989	45.655499999999996	45.8107	45.335300000000004	46.156000000000006	45.4677	45.8239	45.6604	45.9203	45.7514	45.4761	45.606700000000004	45.7665	45.4154	46.1026	45.2548	45.8494	45.5935	45.7612	45.5696	45.7828	45.440000000000005	45.9131	45.4442	45.2474	45.5247	45.895399999999995	45.511	45.3579	45.7759	46.239000000000004	45.3147	45.9026	44.738699999999994	45.6877	45.5766	45.7504	45.373999999999995	45.4463	45.3706	46.002700000000004	45.6882
Sgr-CJol_008-Ex1-cssl	62.4746	44.9762	45.433299999999996	41.5432	45.352599999999995	42.9732	44.4888	43.986399999999996	46.757799999999996	41.7798	49.032399999999996	47.0777	48.3596	45.880900000000004	47.574600000000004	45.3528	48.007600000000004	45.2911	47.9338	45.6974	47.6167	45.304899999999996	47.0807	45.1697	47.195100000000004	45.3292	46.9179	45.1952	47.1497	45.5026	47.2965	45.4874	46.9186	45.3938	46.9551	45.487300000000005	46.8367	45.9402	47.2075	45.5451	47.0169	45.4013	46.8878	45.6115	46.972500000000004	45.2271	46.7808	45.4184	46.9035	45.4162	46.7791	45.683099999999996	46.950900000000004	45.5486	47.0067	45.859899999999996	46.9793	45.344	46.8176	45.7808	46.818599999999996	45.3271	46.515499999999996	45.7751	46.8802	45.4264	46.5041	45.6065	46.7473	45.629	46.869499999999995	45.921099999999996	46.5759	45.8403	46.635	45.9304	46.9329	45.6663	46.9994	45.737899999999996	46.8525	45.7061	46.899499999999996	45.955	46.8453	46.0685	47.0154	45.364900000000006	47.1679	45.5992	46.6725	46.4103	46.7318	45.6724	46.462900000000005	46.0717	46.565	45.9894	46.7108	46.0448	46.631499999999996	45.8811	46.3593	45.8446	46.541399999999996	45.5304	46.7713	45.5461	46.2988	46.015	46.1957	45.9029	46.279399999999995	45.5193	46.5229	45.7212	46.6144	45.7145	46.475899999999996	45.726	46.2389	45.926899999999996	46.172999999999995	45.321600000000004	46.587	45.7651	45.9697	45.7772	45.8551	45.5766	45.7762	45.708	45.5507	45.9015	45.9118	45.844	46.2752	45.968599999999995	46.0293	45.6835	46.004400000000004	45.3349	46.0434	45.3427	45.864399999999996	45.7393	45.7755	45.434000000000005	46.451	45.725500000000004
Sgr-CJol_009-Ex1-cssl	61.7291	45.141999999999996	44.9211	41.8277	45.6148	43.046800000000005	44.5002	43.845299999999995	46.698299999999996	41.8168	48.8999	46.9979	48.2461	45.5127	47.205000000000005	45.146300000000004	47.8193	45.235	47.8045	45.7375	47.6408	45.3455	47.084900000000005	45.029	47.1804	45.1854	47.2001	45.2052	47.3219	45.3194	47.1674	45.5801	46.9392	45.114599999999996	46.9781	45.376	47.176	45.514900000000004	46.9247	45.4625	46.9856	45.3349	47.25	45.7395	47.0424	45.24	46.711200000000005	45.2944	46.8379	45.4228	46.8534	45.3921	47.0439	45.480399999999996	47.4065	45.7787	46.736	45.6893	46.569700000000005	45.7173	47.0661	45.4484	47.031099999999995	45.6194	46.7092	45.650400000000005	46.7159	45.5079	46.7974	45.7148	46.9662	45.7918	47.1568	45.746700000000004	46.876400000000004	45.583800000000004	47.0167	45.5158	46.9655	45.888	46.9793	45.7812	46.8167	45.7765	47.0141	45.8788	46.6828	45.5348	46.9389	45.5559	46.5183	45.7543	47.016799999999996	45.765	46.4842	45.9351	46.306000000000004	45.8069	46.5583	45.9031	46.3955	45.733200000000004	46.1012	45.6954	46.5867	45.6675	46.597300000000004	45.851	46.407900000000005	45.5178	46.1612	45.925	46.7422	45.6278	46.3538	45.2729	45.9914	45.854800000000004	45.9206	45.0731	46.300999999999995	45.378600000000006	46.2108	45.4063	46.001999999999995	45.6633	45.6243	45.2437	45.7898	44.9886	45.521	45.502199999999995	45.859100000000005	45.317800000000005	45.7896	44.8478	45.833	45.434999999999995	45.6021	45.2299	45.5043	44.901799999999994	45.862199999999994	45.3882	45.6543	44.751200000000004	45.7543	45.2402	46.116800000000005	45.6177
Sgr-CJol_010-Ex1-cssl	64.3575	45.9993	46.9306	43.579299999999996	47.0021	44.4174	45.933	45.6073	48.1569	42.856899999999996	50.773999999999994	48.764	50.1998	47.3482	48.9225	46.7703	49.326	46.9358	49.6622	47.8489	49.444700000000005	47.2051	48.721199999999996	46.8654	49.014	46.5145	48.7529	46.4772	48.9589	46.8719	48.5317	46.92	48.667899999999996	47.1486	48.9724	47.092099999999995	48.728500000000004	47.0569	48.7242	46.9291	48.8844	46.9614	48.9521	46.9944	48.786699999999996	46.9453	48.6366	46.634100000000004	48.588	46.9635	48.3372	46.8099	48.6631	47.3054	48.8382	47.0699	48.6309	46.9644	48.7515	47.0452	48.6702	47.198	48.2288	47.3849	48.7347	46.9908	48.374	47.1798	48.5347	47.3622	48.371700000000004	46.882400000000004	48.425200000000004	47.2375	48.4342	47.1331	48.6521	46.985	48.8074	47.0754	48.5702	47.1603	48.8124	47.2923	48.801899999999996	47.1489	48.390899999999995	47.0238	48.6701	47.1032	48.427	47.450199999999995	48.6033	46.8361	48.5939	47.3058	48.3155	47.5254	48.2753	47.1223	48.3303	47.2195	47.8923	47.4758	48.2117	46.928599999999996	48.093399999999995	47.102	48.254200000000004	46.9667	47.767199999999995	47.1854	48.283500000000004	46.9808	47.8806	47.0543	47.653	47.3555	48.0311	46.834900000000005	47.2937	46.9568	47.414699999999996	47.1079	47.144000000000005	46.5672	47.7675	46.8371	47.8275	46.4555	47.1894	46.7631	47.334199999999996	47.414899999999996	46.773900000000005	47.1725	47.2844	46.471000000000004	46.8109	46.7733	47.3814	46.6673	47.524499999999996	47.2047	46.6698	46.9068	47.4815	46.548899999999996	47.6147	46.695
Sgr-CJol_012-Ex1-cssl	61.8098	45.35	45.6118	42.0948	45.4253	43.4206	45.0075	44.587500000000006	47.1345	41.7684	49.4922	47.4904	48.2692	45.8455	47.4655	45.4466	47.7734	45.7266	48.206500000000005	46.0656	47.7685	45.5663	47.4261	45.3424	47.3063	45.4773	47.1397	45.0519	47.2788	45.3029	47.3484	45.6542	47.1306	45.434400000000004	47.401199999999996	45.366800000000005	47.1766	45.731100000000005	47.3115	45.5182	46.9604	45.7619	47.2562	45.6914	47.124500000000005	45.0634	47.1055	45.379799999999996	46.8603	45.6974	46.8555	45.6181	47.2766	45.9289	47.1409	45.9322	47.4037	45.563700000000004	47.1603	45.528600000000004	46.9916	45.7342	47.0454	45.603500000000004	46.921800000000005	45.852199999999996	46.874500000000005	46.1253	47.2332	45.3581	47.175	45.833400000000005	46.7589	45.6963	46.7683	45.8039	46.9049	45.6947	47.2248	45.834	46.4426	46.1115	46.8605	45.9812	46.9719	46.3282	47.063300000000005	46.0486	46.7693	45.9166	46.834399999999995	46.1812	46.9034	45.908500000000004	46.6024	45.8698	46.6019	45.8617	46.4951	46.138400000000004	46.2727	46.4177	46.4575	45.9069	46.1314	46.0605	46.239200000000004	45.5981	46.5694	46.1274	46.5941	45.6522	46.842099999999995	45.787800000000004	46.312799999999996	45.763799999999996	46.5273	45.6639	46.1045	45.9131	46.311099999999996	45.2084	46.153800000000004	45.4627	46.6977	45.4097	46.2509	45.5859	45.9172	46.0376	45.586	45.2322	46.204299999999996	45.4341	46.2696	45.3271	46.102199999999996	45.261	45.8861	45.2179	46.7984	45.240700000000004	45.9594	45.7899	46.1258	45.3753	46.2354	45.5007	46.2286	45.718199999999996
Sgr-CJol_017-Ex1-cssl	62.2143	45.4914	45.7805	42.1224	45.2766	43.3782	44.485200000000006	44.6535	46.791199999999996	42.005900000000004	49.1324	47.5286	48.5044	46.167	47.5741	45.6014	48.017900000000004	45.7171	48.0162	45.9187	47.6425	45.8242	47.3905	45.6478	46.8518	45.496900000000004	46.942	45.5291	47.3378	45.5326	47.211	45.644	47.099000000000004	45.4912	47.1614	45.233200000000004	47.0514	45.7324	46.970099999999995	45.9431	46.9335	45.58	47.0964	45.8985	47.1508	45.6106	46.833000000000006	45.5135	46.8464	45.8703	46.7448	46.071400000000004	47.0469	45.787	47.053200000000004	46.2488	46.8893	45.9358	46.8845	45.8456	47.124	46.2352	47.057300000000005	45.9078	46.505	45.7279	47.0075	45.9992	46.8067	46.0244	47.0087	45.739999999999995	46.7992	46.1063	47.0855	45.9905	46.691500000000005	45.7466	46.8829	45.792699999999996	46.7744	46.2087	46.8043	46.309400000000004	46.8293	45.7886	46.8287	45.9056	46.7916	45.8711	46.8195	46.5514	46.5297	46.009899999999995	46.6883	46.230900000000005	46.5389	46.2223	47.0079	46.2961	46.6549	46.0496	46.4165	45.8028	46.657900000000005	45.665299999999995	46.7982	45.9748	46.5285	45.9267	46.1637	46.2581	46.6677	45.8849	46.2139	46.0812	46.544200000000004	45.908100000000005	47.043800000000005	46.119	46.171	46.0405	46.1899	45.644800000000004	46.2334	46.272200000000005	46.1125	45.9874	45.982800000000005	45.9754	46.0693	45.6928	46.070100000000004	45.8864	45.8919	46.1518	45.9039	45.6203	45.6648	45.945	46.1295	45.7385	46.4044	46.0893	46.1248	45.6081	46.185700000000004	45.7623	46.5935	46.4435
Sgr-CJol_020-Ex1-cssl	61.9453	45.4318	45.6543	41.991	45.8716	43.1787	44.8899	44.0164	46.7554	42.0182	49.2232	47.287	48.8305	45.916000000000004	47.7331	45.632400000000004	48.4217	45.813700000000004	48.471399999999996	46.0096	48.206700000000005	45.7538	47.5432	45.6087	47.580299999999994	45.3681	47.2134	45.137	47.8234	45.569500000000005	47.4595	45.8377	47.463100000000004	45.4534	47.8652	45.6017	47.6168	45.9046	47.5505	45.9735	47.5742	45.7252	47.3669	45.8732	47.2806	45.4812	47.435300000000005	45.6657	47.504200000000004	45.7883	47.275800000000004	45.9053	47.3925	45.6728	47.326299999999996	45.9358	47.2155	45.8797	46.9533	45.9017	47.316599999999994	45.9704	47.345	45.9658	47.118700000000004	45.8579	46.9265	45.9783	47.2773	45.9375	47.312	45.989000000000004	47.3264	46.026	47.2092	46.0334	47.0163	45.9305	47.0811	45.880500000000005	47.4231	46.029399999999995	47.1811	46.0535	46.8839	46.0173	47.2838	46.001799999999996	47.059400000000004	45.880700000000004	47.1367	46.0445	47.0493	45.9505	47.0658	46.0952	46.946	46.26	47.0551	46.2238	47.205000000000005	46.0884	46.687	46.1945	46.7318	45.9216	46.8727	46.359	46.8333	46.099000000000004	46.6487	46.2619	46.835	46.2636	46.9619	46.0374	46.546	45.9574	46.855999999999995	45.8285	46.7121	45.811	46.4195	45.5445	46.6242	46.2795	46.4059	46.2213	46.2816	45.9321	46.3021	46.2601	46.2872	46.0364	46.2478	45.4661	46.3098	45.7478	46.5221	45.9632	45.8998	45.843	46.457	45.7023	46.0927	45.778200000000005	46.103100000000005	46.2051	46.219100000000005	46.1807
Sgr-CJol_021-Ex1-cssl	63.9104	45.994600000000005	46.488099999999996	42.6286	46.5081	44.2189	45.669399999999996	44.9406	47.8593	42.6384	50.1019	48.3237	49.5507	46.5274	47.9996	46.2747	48.51	46.4647	49.2116	46.532000000000004	48.7472	46.4542	48.2255	45.9319	48.5599	46.302	47.9621	46.2918	48.3599	46.2098	48.3166	46.8915	48.386	46.5233	47.8215	46.5005	48.200199999999995	46.67	48.0997	46.7746	48.023700000000005	46.2798	48.131800000000005	46.9377	48.1806	46.3383	47.7395	46.3138	48.1385	46.646100000000004	48.228	46.5773	48.1913	46.7808	47.7599	46.6012	47.9893	46.8072	47.7286	46.7887	48.2609	46.7947	48.0193	46.6095	47.961	46.745799999999996	47.8153	46.7422	48.058499999999995	46.6171	47.7683	46.9225	47.978500000000004	46.9704	47.623	46.8636	47.482400000000005	47.1634	47.9051	47.1639	48.068	46.713100000000004	47.4643	46.9253	47.6022	47.213300000000004	48.0869	46.898	47.7313	46.9004	47.921	47.017199999999995	47.617399999999996	46.740300000000005	47.7666	46.626	47.6069	46.769	47.7309	47.4604	47.806	47.1887	47.2586	46.8994	47.3439	46.448699999999995	47.6772	46.9997	47.7978	46.8893	47.5396	46.8617	47.1504	47.1993	47.5321	46.721000000000004	47.9084	46.8911	47.6583	47.213	47.3069	47.1279	46.8038	46.3993	47.2833	46.5008	47.0581	46.0959	46.7417	46.6681	47.1275	46.5314	46.7432	46.2738	46.8516	46.8937	47.0671	46.0194	47.0673	46.0135	47.0092	46.5653	47.2077	46.3777	47.2008	45.9059	46.9139	45.8984	47.2738	46.2155
Sgr-CJol_023-Ex1-cssl	63.4256	45.648300000000006	46.4598	42.257400000000004	46.4281	43.715399999999995	45.408500000000004	44.3848	47.5579	42.522999999999996	50.03880000000001	47.8493	49.3672	46.3485	48.3016	45.7811	48.757	46.095000000000006	49.167300000000004	46.3318	48.720200000000006	46.1372	47.9185	45.9371	48.1221	45.652100000000004	47.9918	45.7716	48.2575	45.9217	48.3549	46.192	48.22	46.1332	48.2869	45.9275	48.0271	46.1957	47.951899999999995	46.0276	47.8423	45.9623	47.957300000000004	46.3112	47.9121	46.1532	47.9505	45.9347	47.8396	46.1801	47.905300000000004	45.8724	47.776999999999994	46.1661	47.984300000000005	46.3765	47.646	46.3552	47.525	46.214	48.1155	46.1587	47.732	46.088699999999996	47.6769	46.3861	47.803000000000004	46.096399999999996	47.633900000000004	46.138600000000004	47.7467	46.0286	47.6624	46.4001	47.6987	46.184999999999995	47.567	46.1805	47.7395	46.2287	47.6773	46.1489	47.720800000000004	46.6891	47.7004	46.714099999999995	47.6434	46.4241	47.5159	46.199	47.6456	46.5683	47.7772	46.3398	47.1411	46.6368	47.2719	46.2874	47.6305	46.7342	47.3746	46.5754	47.2558	46.2629	47.3874	46.3794	47.1564	46.226	47.3246	46.3457	47.2947	46.496900000000004	46.9304	46.291	46.8464	46.2985	46.8465	46.3148	46.8269	46.285399999999996	46.9447	46.3927	46.9062	46.1064	47.0131	46.2943	46.433400000000006	46.0269	46.526	46.4722	46.5184	46.2271	46.4273	46.234700000000004	46.4873	46.557700000000004	46.513799999999996	45.9775	46.3322	46.0214	46.562599999999996	45.9994	46.1883	45.9905	46.2837	46.2354	45.9196	46.013999999999996	46.6516	46.2964
Sgr-CJol_024-Ex1-cssl	62.4363	45.739999999999995	45.4784	41.9782	45.42	43.1697	44.8953	44.2774	46.7086	42.0516	49.3149	47.671	48.724000000000004	45.9119	47.5426	45.3771	47.8803	45.7739	47.9976	46.387499999999996	47.834500000000006	45.7181	47.4292	45.2913	47.1841	45.3606	47.2483	45.122	47.6417	45.6625	47.552299999999995	45.557900000000004	47.450199999999995	45.3386	47.472300000000004	45.628	47.1612	45.515299999999996	47.0219	45.7864	47.2068	45.5103	47.3749	45.889	47.001599999999996	45.4733	46.970099999999995	45.4692	47.419200000000004	45.5824	46.857	45.6758	47.231	45.7421	47.0375	45.7252	46.8475	45.7634	47.272	46.0507	46.943200000000004	45.9527	47.0082	45.8451	46.9516	45.9848	46.7709	45.7064	47.1567	45.695	46.9304	46.076	47.024100000000004	46.172000000000004	46.8893	46.0817	46.9575	45.7117	47.0847	46.135799999999996	46.9805	45.914300000000004	46.9046	46.321	46.9448	46.4897	47.0315	45.7843	47.1078	46.0816	47.2138	46.4733	46.870400000000004	46.1329	46.518	46.245000000000005	47.1115	46.264	47.1706	46.4323	46.665	46.1946	46.3496	46.4873	46.5009	46.2312	46.6768	46.622400000000006	46.5873	46.379599999999996	46.394600000000004	46.0948	46.435500000000005	46.3348	46.5892	45.9996	46.6938	46.225	46.1628	45.7536	46.327600000000004	45.9647	46.2823	45.536500000000004	46.2163	45.9982	46.1627	46.1822	46.2315	46.1564	46.0195	45.7731	46.325300000000006	46.334599999999995	45.5494	45.8178	45.541	45.8628	46.3542	45.732800000000005	46.1941	45.2849	46.1773	45.5315	46.821600000000004	46.295500000000004	45.8686	45.6494	46.6691	45.421299999999995
Sgr-CJol_025-Ex1-cssl	63.235699999999994	44.4297	45.556999999999995	41.7699	45.6049	43.316900000000004	44.7271	43.7602	46.527499999999996	41.6567	49.2032	47.2526	48.5773	45.7895	47.7894	45.3618	48.127900000000004	45.798	48.1499	45.8545	47.8177	45.7708	47.2971	45.3885	47.3472	45.3502	47.046	45.1341	47.6595	45.2622	47.280899999999995	45.525	47.162	45.6633	47.1928	45.4423	47.195	45.7449	47.1984	45.509	47.021499999999996	45.4715	47.1897	45.797399999999996	47.2295	45.4386	47.0993	45.3623	46.9762	45.5134	46.9267	45.5624	46.9944	45.8264	47.105000000000004	45.8395	46.9868	45.8784	47.0386	45.909	46.8516	45.7675	47.0193	45.7032	46.9712	45.787499999999994	46.8116	45.6036	46.9304	45.710899999999995	47.058	45.821600000000004	46.9615	45.9244	46.8693	45.7252	46.9281	45.58	46.9859	45.8893	46.841	45.9144	46.6332	46.036500000000004	47.0201	45.8286	46.7782	45.799099999999996	47.0461	45.8861	46.705999999999996	46.1618	46.7194	45.7813	46.6055	45.7062	46.9707	46.077600000000004	46.7289	45.9443	46.659	45.907199999999996	46.5	45.8472	46.629	45.7289	46.711000000000006	45.807500000000005	46.3966	45.998400000000004	46.5339	45.8989	46.4878	45.7742	46.2893	45.8081	46.1116	45.9405	45.9332	45.7382	46.4095	46.0347	46.2718	45.609899999999996	46.2106	45.7217	46.3183	45.8202	45.8001	45.7044	45.9351	45.3446	45.9073	45.6788	45.880500000000005	45.677299999999995	46.0886	45.5941	46.169700000000006	45.78	46.1781	45.410000000000004	46.0158	45.705600000000004	45.913199999999996	45.844	45.6936	45.6245	46.413	45.6119
Sgr-CJol_028-Ex1-cssl	61.6351	45.278	44.776700000000005	42.2296	45.7523	43.0854	44.4394	43.7537	46.715	41.3777	48.8288	47.300399999999996	48.5146	46.0668	47.752	45.1777	47.9715	45.3347	48.1958	45.957100000000004	47.78	45.5934	47.3943	45.1509	47.4285	45.0095	47.1001	44.9504	47.2335	45.1969	47.402899999999995	45.704899999999995	47.1876	45.3163	47.589999999999996	45.5683	47.3424	45.534	47.076	45.4681	47.035	45.2558	47.208299999999994	45.386500000000005	47.0704	45.1947	47.0591	45.346	46.963899999999995	45.3799	46.8613	45.6911	47.091100000000004	45.656600000000005	47.3202	45.7329	46.643299999999996	45.8377	47.2119	45.7565	47.0415	45.5103	46.8694	45.6494	46.7724	45.6947	46.7903	45.487899999999996	46.9467	45.6489	46.924	45.724599999999995	46.6275	45.8988	46.6659	45.746199999999995	46.9233	45.405699999999996	46.773199999999996	45.8818	46.8399	45.8532	47.0048	45.7396	46.4189	45.574799999999996	46.6757	45.5726	46.9752	45.8426	46.714	45.7403	46.8058	45.6501	46.5494	45.8087	46.768100000000004	45.7992	46.6464	45.467400000000005	46.691	45.9026	46.408100000000005	45.7569	46.3065	45.8846	46.6621	45.6438	46.1664	45.4564	45.8488	45.7708	46.2735	45.429700000000004	46.7717	45.698	46.002700000000004	45.5939	45.792	45.6621	46.1525	45.4968	45.7767	45.6402	45.9287	45.7016	45.713	45.5048	45.452799999999996	45.4718	45.5884	45.5937	46.0529	45.352399999999996	45.5108	45.623799999999996	45.5594	45.576499999999996	45.4244	45.6245	45.885799999999996	45.2052	46.1095	45.4692	45.5222	45.3015	45.4069	45.7375	45.9401	45.618700000000004
Sgr-CJol_032-Ex1-cssl	61.929500000000004	45.6735	44.8417	41.5353	45.4928	43.061899999999994	44.2809	43.7938	46.6285	41.871700000000004	49.1144	47.0958	48.438900000000004	45.5486	47.3979	44.9837	47.772	45.3477	47.9257	45.6991	47.8862	45.6565	46.9755	45.3544	47.0458	45.170100000000005	47.36	45.2827	47.228500000000004	45.1062	47.158699999999996	45.3981	46.8116	45.3637	46.9705	45.3757	46.9203	45.724399999999996	46.644400000000005	45.5503	46.9576	45.5187	47.2144	45.6676	47.0111	45.2328	46.9539	45.2019	47.042699999999996	45.3409	46.6261	45.250299999999996	46.9057	45.812799999999996	47.317	45.8163	46.5424	45.7164	46.786	45.3275	46.705000000000005	45.3345	46.6679	45.4221	46.5421	45.4082	46.6006	45.2905	46.5182	45.6635	46.6349	45.9119	46.3932	45.9675	46.421800000000005	45.4264	46.676899999999996	45.7632	46.7624	45.589400000000005	46.7429	45.8384	46.8592	45.568999999999996	46.6603	45.745400000000004	46.4839	45.129999999999995	46.631099999999996	45.879799999999996	46.437400000000004	45.6118	46.6896	45.791	46.6516	45.475500000000004	46.393499999999996	46.2284	46.4915	45.949400000000004	46.2541	46.0034	46.3656	45.7151	46.4411	45.5597	46.4335	45.6376	46.507799999999996	46.1726	46.193200000000004	45.8069	45.9544	45.6431	45.7805	45.4013	45.5338	45.3597	46.117200000000004	45.7179	45.8828	45.7747	46.3717	44.7948	46.321200000000005	45.1321	45.712399999999995	45.9666	45.8367	45.4003	45.925700000000006	45.3568	45.7075	45.2202	45.548300000000005	45.4916	45.6404	45.8626	45.5788	45.4728	45.128	45.2384	45.4042	45.6297	46.6205	45.8003	45.8615	45.7048	46.0261	45.792500000000004
Sgr-CJol_034-Ex1-cssl	63.661100000000005	47.9859	47.3983	44.3411	46.9173	45.094	46.0111	45.975899999999996	48.5013	44.3237	50.71059999999999	48.9639	50.2136	47.685100000000006	49.1134	47.100500000000004	49.6828	47.5796	49.9101	48.1361	49.600100000000005	47.7041	49.0465	47.2019	48.9289	47.5027	48.9679	47.2244	49.2977	47.4097	49.0352	47.7022	49.0177	47.6543	49.1258	47.416000000000004	49.2789	47.565200000000004	49.0625	47.7032	49.1285	47.4165	48.9204	47.7502	48.9007	47.4918	48.9172	47.4152	48.8089	47.6284	49.0759	47.5036	49.0635	47.570299999999996	49.0652	47.7979	49.1373	47.647	48.9062	47.7373	49.1557	47.8555	48.7265	47.6307	48.8997	47.5562	48.708600000000004	47.7352	48.8566	47.7095	48.8064	47.974	48.8686	47.8088	48.802	47.698800000000006	48.9021	47.4952	49.1216	47.9347	49.001400000000004	47.6848	48.7717	48.0454	48.869	47.863299999999995	48.5981	47.9743	48.8272	47.839999999999996	48.796299999999995	47.8313	48.6228	47.8	48.6515	47.7353	48.6307	47.9201	48.76	48.0735	48.6633	47.6787	48.0981	47.535	48.2722	47.6358	48.397600000000004	47.6834	48.1271	47.8356	48.2085	47.7369	48.5037	47.2922	48.0838	47.2103	47.864000000000004	46.927	48.3437	47.2995	48.4311	47.6497	47.8476	47.0426	48.0953	47.0796	47.7663	47.4148	47.7444	47.5567	48.0003	47.410000000000004	47.5034	47.0871	47.172799999999995	46.8662	47.592	46.8019	47.2239	47.3964	47.2999	47.0089	47.463	47.1475	47.8045	47.219100000000005	46.9493	47.246300000000005	47.4159	47.1988
Sgr-CJol_035-Ex1-cssl	62.113	47.1939	46.5206	43.608000000000004	46.5317	44.7682	45.7092	45.984199999999994	47.8628	43.3136	50.1802	48.3687	49.3858	47.091100000000004	48.2859	46.7356	48.7396	46.6979	49.064	46.8726	48.7003	46.799099999999996	48.065200000000004	46.6286	48.1429	46.445	47.836	46.2667	48.4741	46.6308	48.564099999999996	46.8003	48.1922	46.5003	48.2162	46.5569	48.3014	46.6813	48.0298	46.9375	47.844300000000004	46.5545	47.9266	46.6817	47.9773	46.4529	47.888999999999996	46.5861	48.199	46.5855	47.6526	46.948	48.1124	46.5474	48.1074	46.927400000000006	47.922599999999996	46.6095	48.1722	46.644000000000005	48.0312	46.7415	47.8138	46.680899999999994	47.989599999999996	46.6201	47.9958	46.8116	48.0014	46.7885	47.9063	46.725100000000005	47.9594	46.9936	47.8377	46.7366	48.109	46.762	48.0485	46.9078	47.8734	46.8233	47.701	47.0074	47.7286	46.691300000000005	47.758	46.9219	47.9221	46.7569	47.6956	46.8686	47.9236	46.8669	47.9366	46.792	47.5487	46.96	47.5966	46.9971	48.2335	46.9676	47.3425	46.9315	47.600500000000004	46.9225	47.8052	47.0286	47.5034	46.8684	47.5128	46.724199999999996	47.5004	46.7081	47.4105	46.9814	47.0008	46.4778	47.4503	46.814299999999996	47.0319	46.393699999999995	47.021	46.5466	47.0818	46.4484	47.0537	46.794200000000004	46.821200000000005	46.6928	47.0048	46.5012	46.7412	46.5225	46.5953	46.744400000000006	46.9477	46.535199999999996	46.6056	46.4597	46.562	46.2445	47.1428	46.293099999999995	46.6686	46.4945	46.597899999999996	46.4833	46.8968	46.5812
Sgr-CJol_036-Ex1-cssl	65.2234	45.0263	47.475699999999996	43.5792	47.1242	44.4801	45.8692	45.5229	47.814800000000005	42.9612	50.890299999999996	49.213699999999996	50.415	47.6918	48.9216	47.3473	49.4155	47.4445	49.5328	47.802499999999995	49.2258	47.5617	48.3791	47.2147	48.542	46.8163	48.523500000000006	46.643699999999995	48.9569	47.1838	48.605	47.3622	48.4415	47.1333	48.6657	47.3357	48.4707	47.092299999999994	48.625299999999996	47.6347	48.7547	47.353899999999996	48.619	47.2318	48.4465	47.051700000000004	48.4136	47.1103	48.4163	47.2695	48.1717	47.2353	48.434	47.3998	48.3341	47.6188	48.1405	47.573	48.2645	47.295	48.7808	47.4071	48.5452	47.4471	48.1607	47.6809	48.3453	47.346199999999996	48.5043	47.4296	48.4223	47.497099999999996	48.579299999999996	47.8409	48.1903	47.4865	48.4482	47.5351	48.463899999999995	47.5966	48.436299999999996	47.4445	48.370200000000004	47.5747	48.3586	47.7652	48.0631	47.341899999999995	48.2074	47.3097	48.2942	47.86	48.5491	47.653400000000005	48.4521	47.497	48.1816	47.8493	48.3176	47.7138	48.605	47.9493	47.8454	47.3726	48.2198	48.0163	48.079100000000004	47.4001	48.1762	48.2142	47.9846	47.787800000000004	48.1198	47.7933	47.955799999999996	47.185700000000004	47.719899999999996	47.3442	48.0171	47.4801	48.0201	47.4068	47.9989	47.3277	47.9081	47.4263	47.9409	47.7435	47.4049	47.5498	47.8251	47.4945	47.7727	47.435	47.354400000000005	47.3459	47.6877	47.4195	47.6864	47.4415	47.491	46.862500000000004	47.8988	47.4692	47.6599	47.638000000000005	47.050799999999995	47.779500000000006	47.5671	47.635
Sgr-CJol_037-Ex1-cssl	62.6297	45.5309	46.233200000000004	42.256	46.121	43.3685	45.144800000000004	44.2143	47.619299999999996	42.4251	49.9277	47.6508	49.1466	46.339999999999996	48.202600000000004	45.7829	48.6466	45.9788	48.8538	46.2237	48.4734	46.0749	48.0275	45.807199999999995	47.9265	45.573	47.9914	45.623599999999996	48.3283	45.5258	48.280499999999996	46.105000000000004	47.8733	45.7218	48.080600000000004	45.843	48.0547	45.9591	47.7525	46.1312	47.890100000000004	45.8542	48.0323	46.1761	47.8367	45.9601	47.9474	45.657	47.7708	46.3928	47.760000000000005	46.1208	47.8521	46.158300000000004	47.8396	46.1417	47.584700000000005	46.2141	47.8376	46.0329	47.9288	45.9435	47.8898	46.1916	47.7424	45.9808	47.538799999999995	46.1586	47.7468	45.9659	47.7495	46.1016	47.4897	46.454299999999996	47.4979	46.2387	47.7521	46.0608	47.904	46.1258	47.6436	45.940799999999996	47.7569	46.222	47.4989	46.2548	47.3019	46.3103	47.4889	46.0509	47.5015	46.3098	47.4024	46.0404	47.219100000000005	46.272600000000004	47.269099999999995	46.61	47.5933	45.7596	46.8121	46.1625	46.921600000000005	46.3296	47.0912	45.913900000000005	47.0393	46.0625	46.9144	46.1775	46.883599999999994	46.1244	47.0992	45.8585	47.035199999999996	45.6334	46.672599999999996	45.6922	46.8799	46.0929	46.714099999999995	46.0886	46.3919	45.5824	46.5603	45.3518	46.7676	45.647999999999996	46.2218	45.624199999999995	46.1617	45.8625	46.576299999999996	45.8635	46.3474	45.7702	46.321400000000004	45.6674	46.0467	45.5965	46.4005	45.813700000000004	46.1274	45.683099999999996	45.887699999999995	46.027499999999996	46.0216	45.437	46.3419	45.6602
Sgr-CJol_041-Ex1-cssl	63.647600000000004	45.4505	47.1135	42.4724	47.2312	43.730599999999995	46.2558	44.7104	48.4357	42.2308	50.7013	47.8252	49.9366	46.2631	48.9745	46.0261	49.5469	46.03	49.6236	46.345	49.1994	46.010400000000004	48.5557	45.9928	48.6976	45.8414	48.532199999999996	45.6584	48.8567	46.292100000000005	48.7128	46.0439	48.395500000000006	45.730199999999996	48.6507	45.9131	48.7746	46.103699999999996	48.5248	46.1938	48.6066	45.9196	48.6631	46.0531	48.3093	46.022400000000005	48.0903	46.232299999999995	48.2987	46.4274	47.7858	46.4598	48.417100000000005	46.6113	48.2582	46.601	48.3752	46.4694	48.3572	46.5432	48.4003	46.3245	48.5055	46.3451	48.1732	46.4681	47.9144	46.535900000000005	47.9809	46.1918	48.226200000000006	46.429700000000004	48.2231	46.4646	47.771	46.3602	47.949799999999996	46.372	47.9884	46.6534	48.0287	46.4669	48.1431	46.5935	48.0907	46.724700000000006	48.0529	46.2821	48.022999999999996	46.6277	47.9315	46.8173	48.0375	46.5481	47.5914	46.7077	47.647099999999995	47.0264	47.718500000000006	46.5858	47.669	46.6982	47.241	46.6792	47.4751	46.6312	47.5737	46.5662	47.4404	46.651199999999996	47.242	46.8026	47.4249	46.421099999999996	47.0835	46.5208	47.038799999999995	46.5377	47.2462	46.5715	47.3158	46.4342	46.720600000000005	46.449	46.8078	46.6147	46.8127	46.4611	46.4221	46.0408	46.6278	46.143699999999995	47.010000000000005	46.4082	46.6768	46.1845	46.474399999999996	46.2313	46.5233	46.263799999999996	46.7279	45.7729	46.9522	46.3052	46.8504	46.6426	46.4868	46.143299999999996	47.0083	46.292100000000005
Sgr-CJol_042-Ex1-cssl	64.3369	43.7143	45.5612	42.430099999999996	45.9307	43.507	44.7434	44.1866	46.319500000000005	42.4668	49.5309	48.0617	49.079699999999995	46.4519	48.025800000000004	46.3355	47.7526	46.5931	48.6017	46.6569	48.1915	46.2135	47.3063	46.0642	47.7793	45.9382	47.4277	45.704299999999996	47.893	46.0177	47.4987	46.5364	47.5141	46.2218	47.4199	46.1182	47.8035	46.1427	47.359	46.442499999999995	47.4357	46.146100000000004	47.44	46.482099999999996	47.2511	46.1537	47.1802	45.8356	47.4194	46.5013	47.1602	46.4037	47.3667	46.3983	47.719899999999996	46.271699999999996	47.2116	46.312599999999996	47.2269	46.261	47.4143	46.503299999999996	47.3372	46.2241	47.262	46.3557	47.3329	46.3187	47.104099999999995	46.059	47.2453	45.974	47.4741	46.1035	46.9531	46.604299999999995	47.301	46.2809	47.3324	46.577400000000004	47.2831	46.5009	47.2097	46.5464	47.1935	46.1493	47.3747	46.579100000000004	46.9272	46.2024	47.0277	46.5117	47.0571	46.5912	47.1016	46.563700000000004	47.129599999999996	46.685700000000004	46.9779	46.3363	47.0432	46.286300000000004	46.9827	46.4619	46.983599999999996	46.0987	46.9253	46.223	47.0171	46.246700000000004	46.4673	46.3204	46.7933	46.1979	46.6993	45.9059	46.6036	46.1248	46.716800000000006	46.2289	46.5874	46.0454	46.4712	46.179700000000004	46.9841	46.3175	46.6653	45.772400000000005	46.4638	46.251999999999995	46.3283	46.233000000000004	46.5671	46.0934	46.571600000000004	46.130300000000005	46.2688	45.8563	45.910000000000004	45.8724	46.5119	46.0802	46.2671	46.3924	46.0088	46.495599999999996	45.8304	46.3874	46.5929	46.1708
Sgr-CJol_044-Ex1-cssl	71.0797	61.6133	57.9695	58.08990000000001	59.4802	57.472	58.1939	59.2008	59.446200000000005	58.0421	61.880100000000006	60.397400000000005	61.0643	60.3827	59.7011	59.7538	61.2714	59.43000000000001	60.9904	61.2267	60.567400000000006	59.882400000000004	61.1426	59.0711	60.3401	60.44389999999999	59.79	59.1709	61.5421	59.471799999999995	60.5273	60.669200000000004	59.7637	59.754200000000004	60.760999999999996	59.0271	60.422200000000004	60.67	60.2928	59.6584	61.3174	59.228899999999996	60.9136	60.3165	59.8913	59.7294	61.2575	59.0845	60.548199999999994	60.795500000000004	60.1098	59.57320000000001	61.5212	59.1367	60.3295	60.84460000000001	60.0572	59.8127	60.9106	59.56550000000001	60.618399999999994	60.6469	59.9059	59.2714	61.3286	58.9522	60.043	60.274899999999995	59.471700000000006	59.766799999999996	61.156600000000005	58.9572	60.3625	60.7032	60.1983	59.715399999999995	61.3607	59.2044	60.318099999999994	60.5202	60.1676	59.8933	61.6575	59.0902	60.9055	60.76780000000001	59.9091	59.926100000000005	61.303799999999995	59.527699999999996	60.808099999999996	61.144200000000005	60.187400000000004	60.4642	61.699400000000004	59.621500000000005	61.0764	61.18320000000001	60.309599999999996	60.9286	62.2372	60.2224	61.2722	61.5878	60.577099999999994	61.233599999999996	62.409099999999995	59.9961	61.41	62.4158	61.373200000000004	61.047399999999996	63.097	60.57209999999999	61.455499999999994	62.3641	61.6922	61.144	62.9958	61.025	62.3378	62.8891	61.6267	61.34739999999999	63.066	60.897	61.485800000000005	62.6873	61.3458	61.6584	63.0754	61.782199999999996	62.26930000000001	63.4097	61.38590000000001	61.6382	63.0026	61.5067	61.890100000000004	63.5437	61.868900000000004	62.0498	63.106300000000005	61.7066	62.72370000000001	63.4386	62.293699999999994	62.2379	64.86030000000001	62.3694
Sgr-CJol_046-Ex1-cssl	68.3708	57.0776	54.4386	53.471599999999995	55.7708	53.42209999999999	54.576899999999995	55.9651	55.685300000000005	53.0712	58.6832	57.26989999999999	56.966499999999996	56.20739999999999	55.9378	55.6611	57.3099	55.07339999999999	56.6156	56.184	56.6978	55.164899999999996	57.267999999999994	55.1374	56.6303	56.117399999999996	55.9809	55.80460000000001	57.324200000000005	55.428900000000006	56.1293	56.5242	56.42660000000001	55.4599	56.8623	55.449099999999994	56.4704	55.6117	56.0786	55.0823	57.901	55.213	56.6549	56.3515	56.7232	55.188700000000004	56.5445	55.1372	55.849199999999996	55.7241	55.6136	55.150999999999996	57.5187	54.94670000000001	56.4277	55.9855	56.8222	54.9302	56.5953	55.147	56.501900000000006	56.0345	56.047000000000004	55.0209	56.5584	55.0295	56.1947	55.9403	55.471599999999995	54.974500000000006	57.1233	55.53320000000001	56.6802	56.308400000000006	56.1231	55.141	56.9182	55.1146	56.3115	56.06680000000001	56.3733	55.650999999999996	56.92359999999999	55.3297	55.603100000000005	56.2086	55.5762	55.4655	57.2251	54.78150000000001	55.5195	55.994600000000005	56.275299999999994	55.313500000000005	57.1639	55.9442	55.67959999999999	56.1937	56.0797	55.462500000000006	56.7813	55.333200000000005	55.622899999999994	55.769999999999996	56.2922	54.687	57.2491	55.2407	55.5002	56.0704	54.8944	54.9891	56.920700000000004	55.8118	56.090700000000005	56.347	54.737199999999994	55.3393	56.7726	55.1391	55.9748	55.4513	55.6457	54.7169	56.7009	54.960699999999996	56.106500000000004	55.6481	54.342800000000004	54.9678	56.0117	54.9292	54.5774	56.1078	54.3106	54.928	55.734399999999994	54.687	54.750299999999996	56.4284	55.0548	55.0003	55.488400000000006	55.227599999999995	55.6497	55.700799999999994	54.9791	54.7283	55.826	55.553200000000004
Sgr-CJol_048-Ex1-cssl	62.6734	42.019600000000004	44.7843	41.4111	44.6479	42.712	43.272	42.355	45.1695	41.1122	48.1275	46.7293	47.6563	45.2954	46.8993	44.9381	47.1491	45.3619	47.4067	45.4251	47.156	45.3043	46.6378	45.0273	46.5828	44.901	46.5852	44.9625	46.6045	44.827099999999994	46.595	45.314	46.0822	45.2122	46.8287	44.698100000000004	46.3913	45.2924	46.671099999999996	45.1949	46.5514	45.0319	46.5801	45.4169	46.3839	45.1725	46.5065	45.184999999999995	46.0264	45.081700000000005	45.9894	45.1214	46.2306	45.2488	46.4375	45.5592	45.986	45.3607	46.3201	45.286300000000004	46.4154	45.4944	46.4791	45.281	46.3043	45.4241	46.356700000000004	45.1865	46.3394	45.4304	46.1552	45.474199999999996	46.2787	45.5068	46.2042	45.378099999999996	46.0518	45.384299999999996	46.4233	45.5683	46.4975	45.4529	46.5274	45.366800000000005	46.3502	45.7382	46.4183	45.2703	46.373	45.4829	46.2968	45.690999999999995	46.3222	45.2322	46.1955	45.420100000000005	46.476299999999995	45.9366	46.4882	45.3172	46.907199999999996	45.6849	45.8348	45.416000000000004	46.192299999999996	44.958999999999996	46.3166	45.379999999999995	45.760600000000004	45.8273	45.7766	45.772400000000005	46.211600000000004	45.894200000000005	45.8953	45.961400000000005	45.4534	45.4708	45.33	45.675399999999996	45.6014	45.730199999999996	45.5255	45.4123	45.7409	45.172200000000004	45.1907	45.3924	45.9671	45.847	45.3011	45.5067	45.948899999999995	45.7594	45.8217	45.0801	45.1776	45.2658	45.6507	45.1926	45.6293	45.0118	45.9376	45.516400000000004	45.2548	45.4127	45.1493	45.0578	46.018	45.4394
Sgr-CJol_049-Ex1-cssl	63.7564	41.3658	44.9922	41.1734	44.3078	42.470400000000005	43.1306	42.4335	44.3868	40.7076	47.7574	46.989999999999995	47.5471	44.9306	46.5565	44.8883	46.8326	45.515899999999995	47.5526	45.676899999999996	47.0373	45.2403	46.0623	44.893699999999995	46.2654	44.630900000000004	46.138600000000004	44.241200000000006	46.4889	44.664300000000004	46.5444	44.8306	46.2452	44.7783	46.2979	44.7824	46.377	45.3057	46.586800000000004	45.2903	46.0636	44.5015	46.2179	45.421	46.3728	44.922200000000004	46.225699999999996	44.710899999999995	46.1014	45.0843	46.1597	45.007000000000005	46.0823	45.0971	46.131299999999996	45.2347	46.1233	45.0292	45.9824	45.1546	46.7128	45.0934	46.436899999999994	45.0311	45.9926	45.170300000000005	45.7491	44.7977	46.305	44.6879	46.5426	45.272600000000004	46.1473	45.4526	45.9646	44.9415	46.169700000000006	44.7348	46.2968	45.089800000000004	46.7291	45.189800000000005	46.0742	45.3828	45.8233	45.2954	45.9711	44.845800000000004	46.474900000000005	44.9195	45.8237	45.4285	46.4914	44.9737	45.8189	45.4316	46.1035	45.385999999999996	46.080799999999996	45.5385	45.8127	45.2146	45.375	45.0631	45.6616	45.044200000000004	45.9432	45.5139	45.4446	45.2613	45.732	45.6487	45.5453	45.333	45.5494	45.5281	45.8534	45.219500000000004	45.6931	45.2879	45.5501	44.7669	45.4036	44.8829	45.833200000000005	45.2264	45.7239	45.208	45.0148	45.1863	45.013	45.225300000000004	45.539	45.230599999999995	45.0121	45.3377	44.8428	45.2423	45.2829	44.8581	45.4923	44.9166	45.6685	45.302	45.2553	45.1966	45.4733	44.8983	46.0947	45.6014
Sgr-CJol_051-Ex1-cssl	62.961	42.288	46.0409	40.3185	46.2837	42.0287	45.0079	42.0165	46.7121	40.7169	49.7545	46.1724	49.0224	45.4829	48.0212	44.5585	48.890299999999996	44.8774	48.6907	44.887899999999995	48.6533	44.987700000000004	47.5552	44.4642	48.132200000000005	44.230199999999996	47.8247	44.102000000000004	48.292	44.3909	48.1245	44.972699999999996	47.7248	44.6041	47.9199	44.9318	48.0582	44.8056	48.1079	44.7675	48.0039	44.6478	47.7227	45.2493	47.600500000000004	44.6995	47.4287	44.9799	47.7588	45.0113	47.4696	45.0609	48.0701	44.9985	47.7726	45.4165	47.2308	44.953900000000004	47.5591	45.5684	47.5655	44.9778	47.5699	45.2694	47.3918	45.1562	47.695100000000004	45.128	47.1333	45.008900000000004	47.362300000000005	44.9487	47.281600000000005	45.3905	46.8374	45.4114	47.071600000000004	44.9653	47.3699	45.21	47.5586	45.4629	47.1397	45.636500000000005	47.0745	45.4994	46.9662	45.4058	47.511900000000004	45.1092	46.840199999999996	45.2415	47.1972	45.091	46.8621	45.184200000000004	46.9177	45.3414	46.998400000000004	45.3592	46.852	45.050000000000004	46.386300000000006	45.6306	46.79	45.2335	46.7354	45.3506	46.1407	45.3776	46.1279	45.2173	46.3053	45.0162	46.1552	45.412400000000005	46.2289	44.946999999999996	46.245000000000005	44.702999999999996	46.2613	44.7952	46.047700000000006	44.6911	46.4608	44.778400000000005	45.8558	44.8577	45.514500000000005	44.6152	45.6529	44.8875	45.6405	45.336	45.3097	44.884299999999996	45.3314	45.0172	45.3537	44.8628	45.8739	44.8279	45.5901	44.9647	44.901799999999994	45.313700000000004	45.0867	44.9192	45.9647	45.0877
Sgr-CJol_053-Ex1-cssl	61.9888	45.5942	45.245200000000004	41.7387	45.567099999999996	43.1708	45.0134	44.034	46.8397	41.7661	49.1149	46.9018	48.6997	45.8089	47.3208	45.319900000000004	47.931200000000004	45.1878	48.254999999999995	45.6671	48.071799999999996	45.299800000000005	47.4672	45.2387	47.3379	45.1263	47.306	45.0341	47.569	45.1401	47.4221	45.5185	47.1636	45.521699999999996	47.4659	45.1733	47.234500000000004	45.7125	47.1967	45.2399	47.2558	45.2408	47.1479	45.670300000000005	47.051	45.2613	47.1061	45.1824	47.0786	45.6661	46.853699999999996	45.3205	47.5695	45.6598	47.2855	45.827200000000005	46.9026	45.686	46.902100000000004	45.78	47.2253	45.4162	46.9981	45.656600000000005	46.6535	45.6885	46.874900000000004	45.6913	47.1235	45.6429	46.837	45.6998	47.0126	46.0381	46.624500000000005	46.1173	47.0936	45.4185	47.036699999999996	45.4865	47.038000000000004	45.7742	46.814	45.725	46.6162	45.800999999999995	46.7729	45.5377	46.704	45.6401	46.6699	45.838699999999996	46.6235	45.9797	46.6208	45.815400000000004	46.6487	45.744099999999996	46.334900000000005	45.5161	46.6472	45.5116	46.596399999999996	45.746900000000004	46.0552	45.9541	46.2909	45.805800000000005	46.779199999999996	45.9783	45.9843	45.7146	46.1804	45.406800000000004	46.2243	45.28	45.976099999999995	45.4231	46.442899999999995	45.402100000000004	46.0086	45.7843	46.1044	45.4714	46.153	45.9462	45.8478	45.679199999999994	45.456	44.940999999999995	45.694	45.2283	46.2351	45.650200000000005	45.5058	45.3622	45.5494	45.3934	46.096	45.1817	45.754400000000004	45.0102	45.6615	45.1459	45.6308	45.3167	45.3602	45.3982	45.366299999999995	44.9069
Sgr-CJol_054-Ex1-cssl	61.6604	44.7653	45.1629	41.8224	45.6556	42.8469	43.952200000000005	43.4645	46.3856	41.2504	48.7022	47.1007	48.4734	45.745400000000004	47.4065	45.3349	47.9897	45.2628	48.076299999999996	45.795	48.0829	45.468599999999995	47.3984	45.0833	47.0956	45.2507	47.0092	44.6985	47.5085	45.2241	47.1487	45.4604	47.0835	45.3346	47.0437	45.1608	46.889399999999995	45.8182	46.8849	45.641999999999996	47.1592	45.413	46.9382	45.4024	46.841899999999995	45.346	46.4912	45.4922	46.855999999999995	45.31	46.6952	45.3849	47.1976	45.5299	47.027	45.8273	46.755	45.346199999999996	46.655	45.3912	46.9994	45.6876	46.7089	45.9184	46.64	45.2871	46.4353	45.3196	46.7495	45.3625	46.7634	45.6077	46.7755	45.806599999999996	46.7282	45.4414	46.802	45.7459	46.7928	45.956399999999995	46.7084	45.7746	46.699	45.7737	46.4328	46.0464	46.4029	45.7548	46.5156	45.622099999999996	46.5741	45.8101	46.455600000000004	45.948	46.3096	46.0391	46.3173	46.0837	46.824799999999996	46.2814	46.6905	45.9481	46.365	45.8028	46.3861	45.2963	46.7921	45.7427	46.172000000000004	45.9399	46.321	45.9078	45.819700000000005	45.6303	45.949200000000005	45.6863	45.9542	45.5953	46.0142	45.5449	46.437	45.3739	46.1265	45.2892	46.0003	45.6342	46.2695	45.461600000000004	45.5745	45.6932	45.3844	45.584	45.8813	45.529199999999996	45.6058	45.212799999999994	46.0646	44.615100000000005	45.6038	45.3369	46.1978	45.3616	45.675900000000006	45.0554	45.7403	45.8706	45.8183	45.0199	45.4238	45.2701
Sgr-CJol_056-Ex1-cssl	62.3102	45.536100000000005	45.1169	42.1935	45.486	43.054700000000004	44.2652	44.235400000000006	46.9474	41.8932	48.9098	47.268	48.2042	45.7593	47.4773	45.300200000000004	47.8611	45.245000000000005	47.7726	46.0127	47.6224	45.805099999999996	46.783500000000004	45.542100000000005	47.070299999999996	45.4848	47.1975	45.391	47.3519	45.533699999999996	46.724	45.8192	46.9062	45.6605	47.056599999999996	45.1814	46.6617	45.6116	47.1502	45.7386	46.9744	45.5343	46.9078	45.6292	46.839	45.6018	46.4298	45.664300000000004	46.5307	45.7565	46.8047	45.3632	47.070499999999996	45.5819	46.825	45.7994	46.7829	45.6802	46.434599999999996	45.7946	46.9876	45.7281	46.597699999999996	45.797	46.6208	45.8022	46.686699999999995	45.6954	46.9856	46.0042	46.7015	45.9069	46.598299999999995	46.096199999999996	46.5223	45.7408	46.69	45.7067	46.9032	46.013999999999996	46.735	46.1826	46.680899999999994	46.1256	46.4164	46.0329	46.764	45.787800000000004	47.0451	46.0397	46.4533	46.1654	46.5488	45.906200000000005	46.1664	45.794000000000004	46.4275	46.4555	46.5596	45.8808	46.092	46.2966	46.2665	45.9192	46.6509	45.8244	46.4482	45.9671	46.4092	45.7474	46.151199999999996	45.9636	46.179500000000004	45.6818	46.2517	45.8221	46.2155	46.1618	46.2118	46.007999999999996	46.5954	45.9921	46.0893	45.5589	46.2968	45.7472	45.9301	45.8115	45.8289	45.684000000000005	45.7303	45.7127	45.4679	45.7815	45.5446	45.6549	45.127	45.602	45.7629	45.646300000000004	46.4549	45.388400000000004	45.9398	45.9375	45.7568	45.7631	45.4518	44.8681	46.2459	45.590199999999996
Sgr-CJol_057-Ex1-cssl	62.9853	44.7055	45.7584	41.9184	45.1716	42.959599999999995	44.6177	44.122299999999996	46.653099999999995	41.9229	49.2447	47.3074	48.6348	45.9182	47.7093	45.5842	48.0533	45.643699999999995	48.356700000000004	46.0201	47.904	45.712199999999996	47.1758	45.5207	47.1866	45.0728	47.3543	45.0653	47.542	45.1456	47.3878	45.6615	47.369099999999996	45.2212	47.402100000000004	45.3769	47.3208	45.4051	47.2075	45.695	47.3895	45.2886	47.3048	45.845200000000006	46.7976	45.407199999999996	47.0836	45.1746	47.011900000000004	45.8268	46.9239	45.7367	47.3175	45.8112	47.175	45.7985	47.127599999999994	45.893299999999996	47.1091	45.4541	47.32	45.567800000000005	47.332	45.806799999999996	46.9325	45.7482	46.8168	45.4433	46.8391	45.685199999999995	46.854800000000004	45.7355	47.0393	45.839600000000004	46.8337	45.5109	46.8104	45.6779	46.9464	45.9142	46.9527	45.967999999999996	47.0797	45.635799999999996	47.0195	45.8844	47.1146	45.9743	47.3311	45.732	47.1038	45.9521	47.1696	45.882400000000004	46.9465	46.0382	46.707	46.2562	46.7293	46.1055	46.9349	45.9364	46.5586	45.8518	46.5211	45.8919	46.499	45.957	46.571400000000004	46.0828	46.6214	45.9505	46.4659	45.9918	46.6738	45.6902	46.3633	45.813199999999995	46.5007	45.9053	46.9855	45.7964	46.0573	45.9444	46.428599999999996	45.982	45.846199999999996	45.793	46.249	45.8147	46.1405	45.848	45.5128	45.968900000000005	46.0936	45.939	45.8202	45.764500000000005	45.6363	45.5245	45.9377	45.5826	46.087	45.7061	46.205	45.800200000000004	45.7932	45.5983	46.1271	45.8585
Sgr-CJol_058-Ex1-cssl	64.88000000000001	46.9078	48.330600000000004	44.960499999999996	47.7281	44.7458	47.0864	45.6613	49.418	44.0513	51.6212	49.0534	51.019099999999995	47.6493	49.4687	47.505900000000004	50.7042	47.726	50.7181	48.0277	50.9706	47.6097	49.953900000000004	47.374500000000005	49.6704	47.415	49.5575	47.0334	50.4323	47.104800000000004	50.0131	47.9229	50.1027	47.240300000000005	49.815799999999996	47.8045	49.9094	47.734700000000004	49.8937	47.7906	50.336999999999996	47.5808	49.7369	47.6738	49.5891	47.5874	49.790600000000005	47.5248	49.898199999999996	47.9039	49.607600000000005	47.894999999999996	49.7131	47.5497	49.9874	47.8224	50.0284	47.6918	49.9588	47.7541	50.1092	47.7333	49.644800000000004	47.7926	49.7736	47.7293	49.485	47.85	49.5477	47.5505	49.5508	47.886	49.2365	47.8135	49.390699999999995	47.4354	49.5649	47.6869	49.6265	48.208600000000004	49.467299999999994	47.6813	49.4131	47.7654	49.442099999999996	47.883199999999995	49.443599999999996	47.312	49.370599999999996	47.489599999999996	49.453399999999995	47.863	49.168299999999995	47.7252	49.0432	47.6291	48.5879	47.7024	49.0445	47.7167	49.0991	47.6356	48.49	47.5357	48.364000000000004	47.130100000000006	48.4484	47.3386	48.3787	47.6466	48.5012	47.3413	48.4494	47.3389	48.028999999999996	47.0894	47.9178	47.1203	48.0765	47.0687	48.15	47.1543	47.9435	46.6186	48.0008	47.035900000000005	47.487899999999996	46.8192	47.4428	46.8382	47.3862	46.799099999999996	47.5813	46.9626	46.944	46.9127	47.2034	46.7565	47.525099999999995	46.783500000000004	47.6321	46.6905	47.5832	46.7783	47.073100000000004	46.8485	46.9461	46.4808	47.091100000000004	46.7864
Sgr-CJol_059-Ex1-cssl	61.9281	44.975	45.49	42.0872	45.8364	42.8747	44.4681	44.0687	46.516400000000004	41.944900000000004	49.053200000000004	47.1035	48.477399999999996	45.7623	47.625	45.3488	47.809200000000004	45.238099999999996	47.8086	45.7773	47.936299999999996	45.4704	47.1641	45.1051	47.213	44.9798	46.989399999999996	44.8425	47.6162	45.1924	47.2913	45.353	47.262100000000004	45.3004	47.355199999999996	45.2362	46.8969	45.1899	47.1242	45.6176	47.238	45.2513	47.210499999999996	45.504	46.9788	45.2206	46.7806	45.1639	46.8025	45.6499	46.8171	45.3019	47.0781	45.334799999999994	47.098800000000004	45.5128	46.9452	45.670300000000005	46.780100000000004	45.1807	46.9628	45.6716	46.8819	45.3513	46.6494	45.667	46.5641	45.25	46.5426	45.4106	46.8936	45.4619	47.274699999999996	45.814	46.7076	45.6517	46.890100000000004	45.3505	46.7689	45.761	46.893	45.4722	47.0405	45.6363	46.4168	45.7558	46.7067	45.5642	46.7908	45.3911	46.5989	45.7745	46.8294	45.881699999999995	46.1901	46.172000000000004	46.551500000000004	45.8086	46.7341	46.0281	46.5068	45.8189	46.1269	45.5869	46.1678	45.754099999999994	46.4387	45.5046	46.4213	45.5031	46.2457	45.6789	46.5676	45.712	46.0074	45.429199999999994	45.8369	45.4328	46.1017	45.229	45.9968	45.7318	45.920100000000005	45.6258	46.2079	45.2932	45.8426	45.227000000000004	45.8542	45.386900000000004	45.8953	45.0742	45.6603	45.237100000000005	45.3431	45.2359	45.8921	45.4314	45.824	44.7686	45.768100000000004	45.0989	45.9136	45.455400000000004	45.5617	45.3012	45.2403	45.3704	45.8571	45.8451
Sgr-CJol_061-Ex1-cssl	62.504000000000005	48.8353	46.9507	44.8378	47.2536	45.744099999999996	46.3441	46.6295	48.835	44.5731	50.9192	48.9605	50.2923	47.979699999999994	49.0899	47.487	49.5986	47.579100000000004	49.8678	47.9475	49.4041	47.625	49.0962	47.178	49.033300000000004	47.4304	48.5875	47.3831	48.922	46.9362	48.9309	47.7551	48.8405	47.1616	48.8292	47.3603	48.6864	47.5694	48.847	47.3906	49.0956	47.126400000000004	49.062	47.467	48.4696	47.4775	48.7896	47.165800000000004	48.7541	47.4607	48.4987	47.3939	48.8181	47.452299999999994	48.6135	47.6379	48.7523	47.732400000000005	48.8524	47.254000000000005	48.708600000000004	47.7381	48.6834	47.6873	48.2004	47.5361	48.3806	47.2753	48.552299999999995	47.294399999999996	48.6639	47.6635	48.6222	47.9848	48.4657	47.4605	48.446600000000004	47.292699999999996	48.7724	47.9474	48.7173	47.510799999999996	48.6164	47.5845	48.6614	47.8136	48.8034	47.4198	48.5902	47.3244	48.6867	47.993	48.7378	47.5465	48.240100000000005	47.5495	48.503600000000006	47.647800000000004	48.8068	47.6935	48.187799999999996	47.3988	48.443599999999996	47.5908	47.8656	47.483599999999996	48.422399999999996	47.4135	48.2446	47.4952	48.1166	47.963	48.6361	47.5192	48.2616	47.6642	47.8767	47.55	47.9409	47.396	47.733399999999996	47.2255	47.5284	47.3372	47.990100000000005	46.9686	47.7188	47.3584	47.2192	46.9458	47.739599999999996	47.1408	48.1288	47.2263	47.0661	47.2735	47.6139	46.6763	47.1916	46.5996	47.3098	47.3543	47.9649	47.0946	47.3389	47.1722	47.3812	47.1503	47.7354	46.8412
Sgr-CJol_064-Ex1-cssl	62.3622	45.067800000000005	45.088	42.2305	45.522	42.998799999999996	44.6658	43.9521	46.7423	41.6232	49.160399999999996	47.285199999999996	48.1301	45.736900000000006	47.1179	45.0115	47.517900000000004	45.441500000000005	48.07	45.7201	47.5329	45.4105	46.7656	45.179	46.9933	45.0377	46.8434	44.9371	47.4105	45.281	47.382400000000004	45.4658	46.9501	45.0592	47.0302	45.097	46.8794	45.5065	46.8554	45.6325	47.049800000000005	45.210699999999996	47.131099999999996	45.4578	46.8724	45.3793	46.874700000000004	45.0453	46.913700000000006	45.7058	46.7281	45.3218	47.0835	45.415499999999994	47.082800000000006	45.4007	46.7982	45.4216	46.7806	45.4448	47.0255	45.6403	46.7083	45.486	46.6115	45.5933	46.4319	45.4768	46.7582	45.4933	46.716	45.2063	46.8236	45.4244	46.6529	45.5728	46.6964	45.4396	46.8987	45.3552	47.0123	45.5379	46.6162	45.8581	46.583200000000005	45.8228	46.5666	45.5879	46.6556	45.475	46.577	45.685700000000004	46.3604	45.5866	46.4938	45.3583	46.539500000000004	45.5992	46.5593	45.6582	46.583400000000005	45.8528	46.1678	45.6239	46.2463	45.7423	46.4103	45.7745	46.2684	45.2677	45.937	45.9421	45.9951	45.568	46.224900000000005	45.2121	45.8705	45.5784	46.1096	45.469500000000004	46.4414	45.399499999999996	45.8236	45.017	45.921099999999996	45.4885	45.4492	45.1706	45.497	44.6233	45.6886	45.1936	45.686	45.4737	45.2721	45.3169	45.610099999999996	45.051	45.4893	45.186	46.0659	44.8196	45.7945	45.0497	45.4112	45.373400000000004	44.9579	45.0569	45.3768	45.3094
Sgr-CJol_066-Ex1-cssl	63.4197	43.3893	44.799499999999995	41.503099999999996	45.2727	42.727199999999996	44.389	43.3752	46.273599999999995	40.9638	49.0142	46.8879	48.3382	45.8914	47.6169	45.4188	47.6746	45.2679	48.078500000000005	45.5627	47.5826	45.0676	46.8728	44.9332	46.8249	44.7021	46.840199999999996	44.8986	46.9885	44.925	46.735	45.2905	46.8794	44.980199999999996	47.059	45.242900000000006	46.942499999999995	45.189099999999996	46.8543	45.3347	47.136	45.2021	46.697100000000006	45.097	46.9939	45.0076	46.6453	44.994099999999996	46.819	45.4886	46.367399999999996	45.4182	46.3518	45.5454	46.9066	45.551	46.2691	44.9857	46.7431	45.3795	46.731	45.3423	46.6506	45.2466	46.3246	45.756	46.354800000000004	45.217600000000004	46.4478	45.2696	46.6723	45.583400000000005	46.3748	45.5541	46.4911	45.4868	46.2534	45.2388	46.6171	45.8729	46.5497	45.785199999999996	46.4069	45.876099999999994	46.0279	45.9664	46.4287	45.3987	46.7068	45.123400000000004	46.418	46.056599999999996	46.2968	45.8165	46.0727	45.6978	46.4221	46.0924	46.2951	45.4789	45.9899	45.4728	45.8856	46.0938	45.9947	45.7345	46.2981	45.7016	46.1308	45.6292	45.7917	45.5991	46.3178	45.4299	46.4717	44.8836	45.834599999999995	45.0043	46.009100000000004	45.2913	46.0437	45.2619	46.008300000000006	45.4521	45.9656	45.3817	45.7272	45.6543	45.5609	45.4569	45.961400000000005	45.611000000000004	45.3184	45.6333	45.9205	44.9152	45.9163	45.9204	45.5941	45.5908	45.8697	45.4405	45.602	45.4116	45.455600000000004	45.7533	44.5294	44.8219	45.5453	46.298
Sgr-CJol_068-Ex1-cssl	63.1595	45.0512	45.9293	42.3973	45.8822	43.4069	45.0107	44.288	47.2832	42.2564	49.9766	47.991099999999996	48.9029	46.2334	47.624100000000006	46.021499999999996	48.0071	45.865899999999996	48.4606	46.315	48.0462	46.137699999999995	47.389199999999995	45.9052	47.605799999999995	45.7559	47.2753	45.843	47.8391	45.3799	47.4302	45.957300000000004	47.280699999999996	45.723	47.6468	45.9259	47.522	46.1617	47.146100000000004	45.9162	47.4916	45.9423	47.4998	46.0096	47.2882	45.8477	47.5516	46.1046	47.384	46.2888	47.305	46.0199	47.415	45.844699999999996	47.6213	46.0151	47.3991	46.286300000000004	47.3684	46.183600000000006	47.477399999999996	45.913	47.1696	45.923700000000004	47.1899	46.3729	47.246300000000005	46.2187	47.261399999999995	46.018	47.4453	46.2849	47.3703	46.6138	47.1428	46.2004	47.1134	45.935500000000005	47.4368	46.3201	47.3	46.174	47.3149	46.5088	47.4791	46.4584	47.4254	46.169399999999996	47.3785	46.2243	47.1191	46.4856	47.0063	46.443400000000004	47.2031	46.5043	47.196	46.3816	47.2802	46.3788	47.7037	46.719	46.6852	46.2335	46.550200000000004	46.552	47.2178	46.319	46.7474	46.4672	46.585	46.3701	46.8872	46.6388	46.6295	46.7574	46.9006	46.761	46.5543	46.488600000000005	46.6969	46.088499999999996	46.340900000000005	45.797	46.5364	46.172999999999995	46.6407	46.5108	46.399499999999996	46.2983	46.7491	46.568799999999996	46.3987	46.3109	46.5012	45.839	46.165299999999995	46.555400000000006	46.084	46.33	46.368700000000004	46.354099999999995	46.678	46.4011	46.4203	45.9043	46.5195	46.1008	46.6271	46.2862
Sgr-CJol_070-Ex1-cssl	61.4773	47.2377	45.656	42.7313	45.8771	44.059799999999996	45.1248	44.6594	47.2262	43.1996	49.4927	48.032799999999995	48.9527	46.705400000000004	47.8727	46.245000000000005	48.4377	46.192299999999996	48.612100000000005	46.621	48.4823	46.550200000000004	47.7746	46.323100000000004	47.8644	46.1321	47.8344	46.047	47.9807	46.448	47.8123	46.4378	47.9534	46.265499999999996	48.0428	46.5557	47.9194	46.4567	47.7976	46.471000000000004	47.952	46.165800000000004	47.8199	46.3731	47.822199999999995	46.3239	47.8444	46.4657	47.7138	46.6936	47.3586	46.5674	47.7414	46.5389	47.6975	46.665800000000004	47.5257	46.6355	47.7107	46.5912	47.6417	46.4206	47.5692	46.7389	47.6957	46.5413	47.5588	46.4872	47.5894	46.6534	47.4969	46.620400000000004	47.6201	46.699400000000004	47.5313	46.6807	47.7843	46.4536	47.6955	46.6885	47.8097	46.5179	47.5576	46.9125	47.4404	46.7914	47.7291	46.4499	47.4024	46.5682	47.463699999999996	46.8821	47.5549	46.7121	47.2207	46.3452	47.5006	46.5777	47.595	46.7327	47.2733	46.7015	47.204800000000006	46.626400000000004	47.057	46.4729	47.071200000000005	46.6695	47.3298	46.9287	46.964099999999995	46.8312	47.092800000000004	46.7617	47.2368	46.558899999999994	46.954	46.6221	47.1451	46.462199999999996	47.2025	46.521699999999996	47.148	46.3733	46.9523	46.3105	46.8377	46.415099999999995	46.706599999999995	46.1937	46.6794	46.134100000000004	46.795700000000004	46.464299999999994	46.4617	46.298	46.4585	46.3168	46.4597	46.4116	46.6173	46.243	46.4224	46.502700000000004	46.6142	46.3396	46.1181	45.8418	46.9722	46.2797
Sgr-CJol_072-Ex1-cssl	62.9702	44.3961	45.4788	42.1284	45.2201	43.572	44.14	44.283899999999996	46.5356	42.1533	49.3593	47.873599999999996	48.359	46.3213	47.3569	45.9202	47.4644	46.0883	47.7868	46.2318	47.647	45.9108	47.2217	45.7654	47.147	45.801199999999994	46.9668	45.6225	47.346700000000006	45.852199999999996	47.232600000000005	46.1032	46.835300000000004	45.9541	47.1081	45.6757	47.1364	45.8261	46.834399999999995	46.2156	47.316599999999994	46.1882	47.137499999999996	46.2774	46.775800000000004	45.7952	46.669	45.8445	46.8258	46.1664	46.6123	46.0854	47.0175	46.2816	47.2063	46.407399999999996	46.847899999999996	45.969500000000004	47.1349	46.1843	46.9891	46.241	46.8001	46.185500000000005	46.6502	46.3454	47.0424	46.206	46.8707	46.3191	46.627	46.292899999999996	46.8881	46.704499999999996	46.7703	46.2495	46.8252	46.2827	46.7416	46.375499999999995	47.0347	46.2136	47.036899999999996	46.5905	46.804	46.414100000000005	46.8641	46.161	47.1336	46.4669	46.9109	46.7408	46.8615	46.0787	46.866600000000005	46.4264	46.9334	46.8335	47.1655	46.413	46.9953	46.7101	46.7196	46.421	46.8578	46.266600000000004	46.572599999999994	46.6321	46.8631	46.8997	46.467999999999996	46.922599999999996	46.926899999999996	46.5837	47.0768	46.525499999999994	46.7282	47.061	46.5014	46.6744	46.75	46.5718	46.8846	46.1673	46.6723	46.5838	46.5136	46.5706	46.222	46.3445	46.9262	46.4195	46.1868	46.7909	46.4986	46.1509	46.6083	46.6104	46.3266	46.6668	46.6944	46.535	46.4296	46.5293	47.0083	46.6877	46.5034	45.9276	46.935700000000004	46.678399999999996
Sgr-CJol_073-Ex1-cssl	63.8212	47.4983	47.8262	45.5471	47.2429	45.3018	46.1636	46.2661	48.1045	44.2189	50.8116	49.3875	49.9031	48.2597	49.1324	47.4932	49.316700000000004	47.8315	49.7193	48.2142	49.7471	47.8221	49.0131	47.5	48.6155	47.0757	48.524899999999995	47.7308	49.1797	47.7513	48.796499999999995	48.0137	48.641600000000004	47.8171	48.7402	47.5265	48.8809	47.799	49.045100000000005	48.344	49.1716	47.9825	49.107099999999996	47.9172	48.771100000000004	47.3327	49.1536	47.3555	48.5385	47.8502	48.8749	47.5619	48.9495	47.4367	49.0422	47.813	48.7178	47.7842	48.8964	47.929899999999996	49.116	47.8302	48.9143	48.0644	48.893	47.8456	48.4969	47.8036	48.9099	47.723	48.9683	47.9275	48.8059	48.443999999999996	48.6221	47.801700000000004	48.3961	47.7638	48.7474	47.943000000000005	48.8336	48.2159	48.6244	48.1245	48.5894	48.0713	48.5302	48.1954	48.8883	47.7133	48.6374	48.3555	48.7592	47.8568	48.3975	48.0252	48.7466	48.1689	48.7715	48.0062	49.0373	48.070800000000006	48.2595	48.2116	48.574	47.9506	48.701	47.8149	48.497	48.1035	48.3858	48.4365	48.4285	47.9753	48.3034	47.9899	47.9448	47.9938	48.1783	47.5745	48.4318	47.6904	48.0575	47.6581	48.4429	47.7822	47.862	47.6562	47.8373	47.616	48.3098	47.342800000000004	47.6915	47.4929	47.354400000000005	47.1617	47.6776	47.333999999999996	48.076299999999996	47.2222	47.8593	47.5674	48.0625	47.8247	48.044399999999996	47.4927	47.0362	47.2492	48.2315	47.094500000000004
Sgr-CJol_075-Ex1-cssl	61.9889	46.2246	44.7752	42.193799999999996	45.3264	43.3969	44.175399999999996	43.7549	46.2805	41.6008	48.7469	46.9944	47.9044	45.8737	47.199200000000005	45.8812	47.4376	46.0349	47.823	46.1453	47.3595	45.7334	46.6596	45.5326	46.841899999999995	45.5347	46.7367	45.2397	46.8278	45.8089	46.8857	45.8878	46.8617	45.6477	47.1162	45.5258	46.738	45.8651	46.6537	45.8153	47.028	45.5009	46.9319	45.8319	46.564699999999995	45.4492	46.6998	45.8235	46.244800000000005	46.286100000000005	46.4437	45.8701	46.9988	46.086	46.511599999999994	46.2823	46.8452	46.1116	46.6594	45.9239	47.1064	46.2517	46.892	46.1839	46.6801	46.0287	46.4471	45.9279	46.5837	45.9983	46.6025	46.1662	46.7373	46.3215	46.5548	46.1821	46.8628	45.8619	46.753299999999996	46.0942	46.554899999999996	46.3554	46.792699999999996	46.395399999999995	46.5867	46.1868	46.8369	45.5874	46.8661	45.9637	46.4266	46.524	46.587	45.9495	46.7855	46.3833	46.5838	46.2188	47.1897	46.281	46.645199999999996	45.812599999999996	46.7902	45.946999999999996	46.2375	45.9516	46.6635	45.967400000000005	46.1951	45.988600000000005	46.5428	46.1179	46.974199999999996	46.3816	46.3021	45.9803	46.525800000000004	45.643	46.2476	46.179500000000004	46.2536	45.8477	46.3219	46.0304	46.586	45.9376	46.3649	46.150400000000005	46.4005	45.2807	46.051700000000004	45.8859	46.2384	46.0751	45.9973	45.699	45.7018	46.4326	45.8976	45.6962	46.024300000000004	45.8008	46.386500000000005	45.9894	46.348800000000004	46.3867	46.77	46.2631	46.1391	46.2079
Sgr-CJol_076-Ex1-cssl	61.511	44.047799999999995	44.5915	41.3326	44.5343	42.4161	43.3946	42.3948	44.606899999999996	41.532000000000004	48.103	45.7795	47.0484	45.1815	46.398	44.631	46.87	45.0048	47.0806	45.3574	46.8857	44.754	46.2827	45.0247	46.0293	44.6553	46.051700000000004	44.8236	46.139599999999994	44.723	46.0418	44.7588	46.2218	44.9315	46.2514	44.7945	46.339000000000006	45.0638	46.0506	45.094	46.1254	44.7081	45.9371	44.9587	45.8074	44.554300000000005	45.8833	44.7429	45.929199999999994	44.8623	45.8777	44.9302	46.075500000000005	45.0649	46.082699999999996	45.2673	45.8305	45.251999999999995	46.110600000000005	45.0995	45.8508	44.9916	45.854099999999995	45.0734	45.773599999999995	44.9071	45.6763	45.317	45.6063	45.1651	46.0214	45.0582	45.761	45.0445	45.8386	45.2855	45.828	45.1415	45.7747	45.3148	45.949	45.1591	45.8016	45.2542	45.6334	45.614900000000006	45.7057	45.2689	45.714	45.0201	45.6468	45.501999999999995	45.7877	45.1853	45.953300000000006	45.0392	45.7519	45.1383	45.9244	45.329	45.590399999999995	45.1862	45.8763	45.5057	45.6608	45.364900000000006	45.6958	45.270500000000006	45.3046	45.3717	45.6134	44.9975	45.7281	45.17	45.5781	44.8505	45.4569	44.9904	45.9697	45.0023	45.8029	45.122800000000005	45.1517	44.8701	45.393	45.0634	45.0095	45.013999999999996	45.1261	44.8253	44.9841	44.8154	44.9998	45.0974	45.0037	45.1737	45.2802	45.2882	45.0777	44.6258	45.569500000000005	44.629400000000004	45.1157	45.2901	45.2298	45.7661	45.1332	44.9509	45.1337	44.508900000000004
Sgr-CJol_078-Ex1-cssl	61.030499999999996	44.4914	46.006099999999996	41.6479	45.3025	42.6833	44.667	44.088899999999995	46.8784	41.6393	48.9573	47.0943	48.425000000000004	45.425	47.2564	44.8875	47.0417	44.9894	47.6194	44.8482	46.8386	44.7312	46.9555	44.859300000000005	46.7139	44.465900000000005	46.7314	44.286500000000004	46.745599999999996	44.8196	46.9375	45.3998	46.4576	44.7569	46.3251	44.8109	46.5497	44.8544	46.7417	45.1552	46.1289	44.6732	46.5677	44.8567	46.3326	44.4276	46.5124	44.8006	46.4801	45.3921	46.144800000000004	44.7718	46.5896	45.031	46.3697	45.1631	46.1498	45.2551	46.1706	44.6494	46.214	45.0525	46.410000000000004	45.028600000000004	46.2594	44.9861	45.8755	44.8081	46.2762	44.8735	46.302	44.8657	46.2549	45.0779	46.185700000000004	45.2164	46.4459	45.0823	46.2533	44.9161	45.6753	45.4276	46.309400000000004	45.134800000000006	45.955400000000004	45.3009	46.3262	44.6716	46.5526	44.8226	46.2658	45.1741	46.0766	45.1847	45.6431	44.9844	45.8032	45.1245	46.0172	45.6028	45.8799	45.1623	45.5011	45.0724	45.5223	45.1753	46.0779	44.8066	45.501000000000005	45.5366	45.7077	44.8916	45.7201	44.9435	45.646	45.055800000000005	45.147	44.8504	45.3784	44.874199999999995	45.664100000000005	44.5612	44.9241	44.893499999999996	45.356	44.9993	45.2066	45.3754	45.0013	44.310100000000006	44.9993	44.729600000000005	45.0983	45.1582	45.3045	45.0994	45.2046	45.0942	44.9948	44.7885	44.8763	45.0847	45.5207	44.9507	44.8151	44.6502	44.343700000000005	44.7225	45.5137	44.6116
Sgr-CJol_079-Ex1-cssl	64.42569999999999	41.5519	45.256800000000005	41.395199999999996	45.3164	42.943	44.1815	42.498999999999995	45.0257	41.429700000000004	48.9499	47.7755	48.8262	46.0584	47.6059	45.6965	48.0706	46.117399999999996	48.3329	46.692499999999995	47.9661	46.4661	47.1447	45.7983	47.3734	45.5939	46.9061	45.3552	47.2875	45.921299999999995	47.5186	45.933099999999996	47.3069	45.8399	47.3055	45.9928	47.4516	45.995200000000004	47.1406	46.4754	46.9104	45.8078	47.4047	45.787800000000004	46.8532	45.5617	46.9474	46.17	46.8909	45.7907	46.9395	46.027	47.169	46.1793	47.1407	46.3285	46.9723	45.673700000000004	47.1372	46.1558	47.379599999999996	46.077200000000005	47.2746	46.199600000000004	46.9085	46.07	47.0606	45.9971	47.1606	45.9711	46.934599999999996	46.146300000000004	47.181200000000004	46.4725	46.897800000000004	46.2265	46.7517	46.042100000000005	47.1482	46.2435	47.0608	46.461999999999996	47.2305	46.1006	46.928	46.0935	46.8837	45.9559	47.4787	46.0653	46.8898	46.330799999999996	46.9538	46.296	46.7995	46.206599999999995	46.6976	46.3968	46.9201	46.2474	47.260999999999996	46.1541	46.6984	46.3733	46.719300000000004	46.559	47.1558	46.4025	46.8211	46.6559	46.530300000000004	46.5499	46.920899999999996	46.2219	47.051700000000004	46.5505	46.3352	46.423199999999994	46.8187	46.207	47.1924	45.949200000000005	46.4281	45.9992	46.5826	46.4183	46.6595	46.3654	46.1203	46.1644	46.6131	46.2719	46.3773	46.4696	46.4397	46.630500000000005	46.0379	46.5936	46.519800000000004	46.3979	46.4077	45.718199999999996	46.2545	46.676	46.359	46.5658	46.5118	45.8365	46.5355	46.3975
Sgr-CJol_080-Ex1-cssl	63.7586	46.178000000000004	46.96	43.6438	47.1753	44.9003	46.237899999999996	46.109	48.4225	43.7629	51.052200000000006	49.1051	50.688500000000005	47.7577	49.1043	47.416799999999995	49.4872	47.6033	49.3425	47.9196	49.4627	47.4242	48.760799999999996	47.4943	48.748599999999996	47.423	48.5032	47.2038	48.981700000000004	47.2487	48.9013	47.7963	48.7679	47.3242	48.5831	47.3579	48.7682	47.833999999999996	48.673100000000005	47.4815	48.8707	47.5941	48.4722	47.4608	48.7441	47.0946	48.4179	46.9615	48.7738	47.838	48.7061	47.4904	48.7042	47.5543	48.4071	47.673300000000005	48.5401	47.2381	48.7304	47.3758	48.9026	47.4974	48.4251	47.6479	48.6632	47.3855	48.271	47.3044	48.7063	47.2943	48.903999999999996	47.524100000000004	48.5489	47.6913	48.5356	47.326800000000006	48.329100000000004	47.4445	48.818400000000004	47.7486	48.7226	47.3057	48.7092	47.6712	48.619800000000005	47.8378	48.4807	47.4926	48.7147	47.5668	48.6125	47.5685	48.4249	47.8731	48.3951	47.638799999999996	48.4924	47.7195	48.1543	47.9513	48.3865	47.8708	48.4478	47.6042	48.4099	47.2442	48.2426	47.4491	48.4288	47.5805	47.943000000000005	47.897099999999995	48.3622	47.536699999999996	48.0756	47.720800000000004	47.971399999999996	47.3423	47.9651	47.6688	48.448	47.7316	48.033	47.5012	47.8931	47.8804	47.7399	47.4213	47.8216	47.1859	48.004999999999995	47.2844	47.6208	47.5295	47.4717	47.4829	47.6548	47.444399999999995	47.7194	47.3718	47.7708	47.5824	47.5244	47.4818	47.8285	47.4099	47.7723	47.7669	47.6071	47.5725
Sgr-CJol_081-Ex1-cssl	61.5544	45.3097	45.052	41.8106	45.422200000000004	42.9003	44.4454	43.7682	46.2727	41.6904	49.1817	46.9891	48.4271	46.0768	47.3818	44.9583	47.808099999999996	45.2463	47.8412	45.9309	47.8173	45.3529	46.9936	45.1514	47.024300000000004	45.1511	46.949200000000005	44.8833	47.173700000000004	45.5516	46.8093	45.562999999999995	46.952	45.231100000000005	46.808499999999995	45.1492	46.7969	45.460899999999995	46.7547	45.214	46.865899999999996	45.1562	46.7244	45.4087	46.7035	45.2887	46.8387	45.036	46.887499999999996	45.3045	46.25	45.4919	46.687400000000004	45.5522	46.9233	46.0454	46.6364	45.875	46.6404	45.492	46.7587	45.4718	46.617799999999995	45.2595	46.7414	45.4894	46.501	45.4367	46.9606	45.4553	46.482	45.744299999999996	46.6696	45.744	46.590399999999995	45.3536	46.441300000000005	45.5379	47.077200000000005	45.6197	47.17	45.6692	46.824799999999996	45.8106	46.775099999999995	45.7579	46.5891	45.2833	46.8502	45.5914	46.569300000000005	45.7814	46.8896	45.881499999999996	46.643	45.915800000000004	46.3776	46.0684	46.6181	45.894400000000005	46.1945	45.6811	46.085100000000004	46.1152	46.204	45.4264	46.0729	45.576	45.8606	45.4874	46.1995	45.6261	46.2692	45.6728	45.954299999999996	45.679199999999994	45.6972	45.300000000000004	45.8841	45.3157	46.2373	45.6491	45.5937	45.6892	46.3229	45.7515	46.229	45.8727	45.750800000000005	46.0482	45.6421	44.989200000000004	45.6868	45.3888	44.7117	45.515	46.5402	45.2539	45.7851	45.632600000000004	45.5648	44.752399999999994	45.815	45.805099999999996	45.2433	45.6193	45.5211	45.799800000000005	44.669	46.4277
Sgr-CJol_082-Ex1-cssl	63.6729	40.5319	44.6662	40.178399999999996	44.705600000000004	41.7515	43.2512	41.3934	44.8674	40.0597	48.103899999999996	45.5812	47.4387	44.9027	47.1006	44.4289	47.7941	44.4102	46.9565	44.9025	47.2321	44.780300000000004	46.6608	44.0031	46.3792	44.276900000000005	45.853500000000004	43.7384	46.2742	44.2091	46.3698	44.8674	46.254	44.1437	46.419700000000006	44.4451	46.112199999999994	44.637	46.3293	44.618	46.4065	43.8779	46.2855	44.9219	46.101	43.8718	45.9411	44.6299	46.4416	44.6331	46.2325	44.8127	46.2068	44.7874	46.3226	44.5212	45.8691	44.6275	46.000600000000006	44.8102	46.179199999999994	44.5037	45.8386	44.471199999999996	45.7909	44.5496	46.0816	44.4332	46.176	44.1462	46.2202	44.5848	45.7763	45.3654	46.2646	44.7878	46.2769	45.4875	46.4128	44.7926	45.904	45.2547	45.8827	44.9447	46.0718	44.9079	46.2626	44.4452	46.0387	44.6091	46.399699999999996	44.867200000000004	46.3635	44.16	46.0329	44.5873	45.7688	44.3616	45.6215	45.0515	45.3168	44.8887	45.528600000000004	44.61	46.2455	44.6076	45.8546	44.5981	46.1316	44.7417	45.5907	45.075900000000004	45.6096	44.7119	45.7248	44.6574	45.6132	44.333	45.0359	44.8977	45.649499999999996	44.146800000000006	45.6986	44.0081	45.3932	44.8611	45.4247	45.080799999999996	45.83	44.243500000000004	46.353899999999996	44.974199999999996	44.2602	44.2346	45.3337	44.237700000000004	45.6429	43.9521	45.1197	44.2614	44.9887	44.3347	45.0521	44.4365	45.0364	43.9122	44.5391	44.1524	45.8161	44.4627
Sgr-CJol_084-Ex1-cssl	62.071	44.4288	45.4243	41.9883	45.363	42.8758	44.6533	44.692	46.4143	41.464	49.6811	47.1231	48.362500000000004	45.7382	47.294599999999996	45.3707	48.053200000000004	45.5408	47.600300000000004	46.2652	47.377	45.5565	47.1492	45.1803	46.9075	45.104	46.6772	45.265	47.2707	45.1412	47.009699999999995	45.4584	46.6082	45.4552	46.8321	45.5199	46.8134	45.8112	46.8156	45.45	47.2727	45.511	47.1858	45.7025	46.9638	45.373599999999996	46.729	45.5325	46.8934	45.6503	46.7592	45.2394	46.7522	45.5806	46.4778	45.9782	46.521699999999996	46.1824	46.8655	45.5746	46.787	45.7389	46.442699999999995	46.103	46.889900000000004	45.5647	46.6939	45.3602	46.4981	45.6599	46.6449	45.8641	46.4414	45.886300000000006	46.6031	45.5604	46.7214	45.6314	46.8195	45.7593	46.9392	45.8117	46.5672	45.9781	46.7971	45.739000000000004	46.3523	45.853500000000004	46.9065	45.5766	46.8178	46.3189	46.2524	46.3688	46.2058	45.8544	46.502700000000004	45.8376	46.4617	45.602399999999996	46.286699999999996	46.3703	46.4181	45.9841	45.745000000000005	45.671299999999995	46.2082	45.6544	46.3987	45.8096	46.0968	45.9047	46.1717	45.9983	46.3025	45.7691	46.4192	45.732	46.2932	45.6239	46.3398	45.9173	45.8565	45.8947	46.3181	45.515499999999996	45.4764	45.642300000000006	45.9435	45.1663	46.455400000000004	45.6761	46.2141	45.1669	46.1532	45.4979	45.4774	45.2793	45.6304	46.024300000000004	45.7902	45.658100000000005	45.096199999999996	46.1596	46.272999999999996	45.8489	45.9328	45.5015	45.8487	45.396
Sgr-CJol_085-Ex1-cssl	62.764399999999995	42.4187	45.2932	41.1868	45.165499999999994	42.346000000000004	44.2333	42.6187	45.368	41.2947	48.7684	46.3964	47.8501	45.2932	46.9696	44.7459	47.5832	45.1041	47.6335	45.4471	47.1019	44.9522	46.185700000000004	44.8098	46.515699999999995	44.0488	46.5372	44.2727	46.7576	44.7958	46.3363	45.088	46.3692	44.9591	46.5957	44.6335	46.9537	44.8417	46.7013	45.280100000000004	46.5651	44.4882	46.7303	45.3025	46.729	44.5297	46.1234	44.609500000000004	46.328399999999995	44.9927	46.226099999999995	44.9859	46.5305	45.0647	46.3852	45.1068	46.3158	45.109500000000004	46.1244	45.1642	46.6503	44.7963	46.4964	44.615899999999996	46.080799999999996	44.898500000000006	46.110800000000005	44.8493	46.5918	44.8063	46.5689	45.1085	46.889399999999995	45.016	46.0941	44.9984	46.4051	44.8048	46.3133	44.9554	46.7387	45.2553	46.3093	45.0881	46.111999999999995	45.278	46.0659	44.9562	46.5466	44.8623	46.4231	45.0395	46.2076	45.0669	46.265499999999996	44.9973	46.239000000000004	45.4149	46.0933	45.380700000000004	45.6328	45.2668	46.0269	44.8205	46.0347	45.0745	45.9588	44.8554	46.0663	45.1355	45.3023	45.447900000000004	45.597500000000004	45.379799999999996	46.1224	44.6233	45.458	45.0084	45.8513	44.6519	45.5804	45.021899999999995	45.3407	44.79	45.744299999999996	45.053599999999996	45.1793	44.8298	45.3204	45.0046	45.7123	44.4681	45.0649	44.7557	44.8258	44.8125	45.486900000000006	44.2747	45.3065	44.2567	45.9522	44.426100000000005	45.1741	44.8696	45.1931	45.3489	45.1053	44.5985	45.1667	44.3694
Sgr-CJol_086-Ex1-cssl	61.50020000000001	45.7318	45.4349	42.6333	45.5858	43.6905	44.679	44.8217	46.8386	41.9323	49.5537	47.4733	48.4494	46.299600000000005	47.4578	45.7815	47.5779	45.9871	47.9157	45.9771	47.4266	45.8168	46.8124	45.4327	46.8533	45.4511	46.7502	45.4464	47.2958	45.703500000000005	46.9144	45.844	46.7522	45.567800000000005	46.8038	45.7641	46.6978	45.7305	46.8045	45.8964	46.8177	45.556400000000004	46.7992	46.003899999999994	46.685900000000004	45.4564	46.8626	45.7754	46.638000000000005	46.0336	46.5888	45.6057	46.7557	46.1582	46.631	46.2911	46.5437	45.8651	46.563300000000005	45.78	46.7866	45.9994	46.567	45.9124	46.5822	46.2055	46.6729	45.915	47.0163	45.8693	46.963899999999995	45.9609	46.9817	46.2142	46.705799999999996	45.977000000000004	46.6077	45.9652	46.7468	46.1481	46.8268	46.1673	46.908300000000004	46.2779	46.9045	46.347	46.6234	46.184799999999996	47.2093	46.1102	46.7374	46.554899999999996	47.1979	46.0413	46.741	46.2959	46.903800000000004	46.445100000000004	46.7695	46.1981	46.7202	46.360099999999996	46.6198	46.1947	46.633599999999994	46.0814	46.4628	46.357	46.6813	46.1599	46.7147	46.1355	46.683	45.9921	46.5507	46.305	46.2298	46.0012	46.366600000000005	46.0835	46.7162	46.254	46.2069	45.7155	46.7486	46.3298	46.2742	46.1663	46.4183	45.913199999999996	46.341	46.2611	46.187	46.037299999999995	46.0167	46.0066	46.603	46.1107	46.292699999999996	45.986	46.3454	46.1044	46.5423	46.3037	46.1605	45.942	46.1044	46.11	46.569500000000005	46.188
Sgr-CJol_087-Ex1-cssl	61.6411	44.9557	45.304899999999996	41.2481	45.7985	42.8236	44.9188	43.639	46.9036	41.48	49.0933	46.7497	48.653999999999996	45.474	47.5795	44.941199999999995	48.2004	45.2445	48.2506	45.262	47.8972	45.153	47.2373	44.9019	47.7309	44.821299999999994	47.3288	44.5727	47.6706	44.787	47.7022	45.2616	47.2549	44.515100000000004	47.521	44.6666	47.594300000000004	45.2773	47.0949	45.102199999999996	47.1101	44.9035	47.347	45.015699999999995	47.2832	44.811800000000005	47.0262	45.1415	47.1862	45.37	46.807300000000005	45.3141	47.4253	45.1589	47.326499999999996	45.413399999999996	47.0247	45.3228	47.193400000000004	45.1736	47.178599999999996	45.313900000000004	47.004400000000004	45.114900000000006	46.9452	45.2243	47.029399999999995	45.2419	46.624300000000005	45.2646	47.1191	45.4349	46.9479	45.1453	47.0794	45.1214	47.129599999999996	45.1573	47.031800000000004	45.1998	46.9102	45.2547	46.9522	45.6297	46.3701	45.5454	46.7113	45.277499999999996	47.063	45.407199999999996	46.8119	45.7248	46.4293	45.0886	46.2742	45.1078	46.237899999999996	45.7872	46.7599	45.636700000000005	46.427099999999996	45.5076	46.319900000000004	44.9752	46.029599999999995	45.3583	46.1617	45.8019	46.5501	45.433	45.7555	45.698100000000004	45.896	45.1792	46.5934	45.3911	45.683299999999996	45.516600000000004	46.356700000000004	45.0449	46.400000000000006	44.9	45.784000000000006	44.7456	46.239799999999995	44.9533	45.8692	45.5494	45.433099999999996	44.7047	45.7608	44.9636	45.5567	45.3163	45.766	45.1858	45.8643	45.003	45.9501	45.0449	45.4728	45.3284	45.4106	45.571	45.5154	45.2506	45.3519	45.333	45.730399999999996	45.5942
Sgr-CJol_088-Ex1-cssl	62.1331	45.143699999999995	45.1987	42.1952	45.5381	43.565599999999996	44.3269	44.5657	46.3839	41.614000000000004	49.1622	47.4352	48.4039	46.2821	47.0873	45.8419	47.5924	45.9636	47.590700000000005	46.2603	47.4942	45.702799999999996	47.2241	45.5305	46.8518	45.4039	46.7591	45.5526	47.0701	45.663399999999996	46.7354	45.8236	46.7981	45.649499999999996	47.1361	45.8359	46.7971	46.0652	46.7451	46.0355	46.6312	45.774	46.762100000000004	45.8674	46.9126	45.8169	46.964800000000004	45.5525	46.5646	45.9032	46.7853	45.7351	46.983799999999995	45.7639	46.6952	46.1063	46.619699999999995	45.9719	46.862500000000004	45.891	46.5903	46.1072	46.8347	45.759899999999995	46.8451	45.8395	46.5709	45.9304	46.674	45.9562	46.7223	46.2667	46.7017	46.127	46.8642	46.194	46.6378	45.8348	46.8319	46.0523	46.7432	46.3053	46.9893	46.2534	46.5091	46.2146	46.436899999999994	45.9585	46.7637	45.8598	46.842099999999995	46.089400000000005	46.581	46.116800000000005	46.511599999999994	46.3019	46.408899999999996	46.266200000000005	46.7017	46.1329	46.5136	46.1354	46.5441	46.1145	46.4752	45.5398	46.2415	46.0535	46.4873	46.4655	46.2661	45.9577	46.070699999999995	45.8974	46.4306	46.2546	46.4349	45.9125	46.22	46.2053	46.4524	45.8349	46.226800000000004	45.8983	46.2922	45.988099999999996	46.088	46.0715	45.999	46.0874	46.3142	45.5762	45.576899999999995	45.9129	45.8734	45.4053	46.3115	45.301	46.1196	45.894600000000004	45.962199999999996	45.7791	46.101	45.8089	46.365	45.921099999999996	46.134	45.9733	45.6939	45.5884
Sgr-CJol_089-Ex1-cssl	62.072799999999994	45.1408	46.0187	42.038199999999996	46.3379	43.3784	44.9206	44.5984	47.330299999999994	41.6904	49.4938	47.367	48.8592	46.2904	47.4481	45.5487	48.039100000000005	46.0503	48.2177	46.2141	47.7648	45.8279	47.5826	45.656	47.523900000000005	45.4921	47.220800000000004	45.6844	47.6209	45.6389	47.498000000000005	45.8722	47.5702	45.4354	47.5319	45.8074	47.2884	46.0353	47.2881	45.832499999999996	47.332	45.698699999999995	47.0533	45.9101	46.7098	45.5843	47.557300000000005	45.6136	47.3448	45.897	47.1496	45.8369	47.3948	45.856	47.3202	45.8078	47.1475	45.8773	46.9835	46.0877	47.3948	46.001	47.0605	45.9215	47.1886	46.0795	47.0974	45.900800000000004	47.0099	45.6519	47.1506	46.3986	47.1413	46.5285	46.977000000000004	46.268100000000004	47.004000000000005	46.0402	47.0536	45.7372	47.1128	46.1548	47.2369	46.5287	46.8329	46.3852	46.691	46.057500000000005	47.2675	45.7245	46.8983	46.1086	47.1374	46.185700000000004	47.151399999999995	46.1764	46.6072	46.2424	46.8478	46.4572	47.1781	46.0372	46.5936	46.5706	46.9674	46.3031	46.7162	46.178599999999996	46.474	46.3472	46.786	46.2868	46.5008	46.1528	46.5761	46.2285	46.6451	46.0764	47.052	46.027499999999996	46.7016	46.1293	46.2561	45.9642	46.5912	46.0481	46.0976	46.085	46.2721	46.247	46.4302	45.5592	46.2237	46.224900000000005	46.1466	45.9386	45.8502	45.358399999999996	46.3301	45.825900000000004	45.8423	46.157	46.0124	45.8754	46.238800000000005	46.149699999999996	45.488	45.974399999999996	45.928000000000004	46.097100000000005
Sgr-CJol_090-Ex1-cssl	61.917500000000004	45.4165	45.2003	41.8001	45.7542	43.5292	45.0387	44.244699999999995	46.9707	41.6299	49.587900000000005	47.2774	48.7189	46.177600000000005	47.830099999999995	45.5179	47.669	45.3513	48.2726	45.7434	47.627399999999994	45.382600000000004	47.4243	45.0451	46.9581	45.2742	47.0591	45.2515	47.403800000000004	45.205600000000004	47.3694	45.6881	46.8829	45.0676	47.253099999999996	45.1926	46.996900000000004	45.6126	46.695	45.4402	46.9681	45.2211	47.2661	45.6766	46.8742	45.285399999999996	46.9627	45.523799999999994	46.9318	45.6644	46.7274	45.5931	47.1713	45.7708	47.1024	45.786300000000004	46.5816	45.5472	46.8675	45.7222	46.9486	45.675399999999996	46.4957	45.858	46.8814	45.6534	46.6033	45.9225	46.7135	45.5471	46.795700000000004	46.0136	46.6648	45.795700000000004	46.6378	45.89	46.6941	45.5211	46.6391	45.8964	46.6736	45.7157	46.692	45.882400000000004	46.9304	46.5943	46.7966	45.3914	46.8832	45.8203	46.6847	45.6613	46.638400000000004	45.813199999999995	46.610800000000005	45.7072	46.356700000000004	46.0216	46.6693	45.6525	46.5728	46.0346	46.217200000000005	45.4592	46.5147	45.6299	46.8312	45.4458	46.4522	45.9818	46.1053	46.3465	46.5308	45.4242	46.2635	45.3358	46.5277	45.1308	46.1897	45.3213	46.1065	45.9173	46.251599999999996	45.7629	46.3783	45.8001	46.2036	45.2853	46.071400000000004	45.392900000000004	46.3881	45.4401	46.056599999999996	46.0015	45.846	45.9207	46.0606	45.3696	46.0195	45.4028	46.287	45.000800000000005	46.0332	45.3164	45.751799999999996	46.3461	45.9289	45.3565	45.9034	45.6944
Sgr-CJol_091-Ex1-cssl	62.0359	45.7034	45.1593	42.031	45.3108	43.1529	44.4039	44.0757	46.659299999999995	42.0334	49.1852	47.106500000000004	48.4521	45.9147	47.2961	45.3647	47.7117	45.6042	47.9298	45.7444	47.7435	45.6147	47.1956	45.3565	46.941300000000005	45.3381	46.9566	45.2534	47.267700000000005	45.495799999999996	47.0878	45.5096	47.2665	45.4915	47.1336	45.3606	47.2264	45.6644	46.8869	45.5858	47.005	45.4022	46.921099999999996	45.5488	47.0417	45.6973	46.8672	45.3594	46.9474	45.7972	46.7091	45.5472	47.1007	45.6513	47.139399999999995	45.5654	46.786899999999996	45.6867	46.860600000000005	45.7211	46.7956	45.8208	46.712399999999995	45.826699999999995	46.6256	45.8031	46.787800000000004	45.839999999999996	46.8381	45.6689	46.927	45.682	47.0071	45.806599999999996	46.7549	45.734399999999994	46.672000000000004	45.867799999999995	46.7709	45.9599	46.936099999999996	45.7835	46.7471	45.9938	46.87	46.3355	46.7343	45.6323	47.1493	45.7815	46.983200000000004	46.097300000000004	46.8009	45.9621	46.7757	45.800999999999995	46.6796	45.988099999999996	46.695	46.1237	46.6607	46.1661	46.7832	45.9223	46.637499999999996	46.0238	46.6642	46.0974	46.559	45.8932	46.5857	46.029599999999995	46.7222	46.1045	46.6669	45.9339	46.4616	45.8303	46.2788	45.902300000000004	46.3156	45.8654	46.1889	45.6781	46.8202	46.1151	46.2769	45.8729	45.9463	45.2895	46.5358	45.9754	46.0062	46.1271	46.0727	45.8232	45.5766	45.232	46.0965	45.5069	46.065	45.5529	45.8318	45.6015	46.0872	45.8642	45.6536	45.4782	45.779199999999996	45.8626
Sgr-CJol_092-Ex1-cssl	62.096799999999995	44.8815	44.870900000000006	41.4273	45.0791	42.9828	44.4149	43.479800000000004	46.3771	41.6508	48.7475	46.9555	48.1178	45.6111	47.4659	45.1897	47.809200000000004	45.353500000000004	47.8802	45.7532	47.6702	45.4976	46.9169	44.973	47.1505	45.056000000000004	46.9866	44.9723	47.0537	45.109500000000004	46.8732	45.4824	46.9923	45.0989	46.9765	44.9199	46.962900000000005	45.3547	46.9399	45.439800000000005	46.9769	45.1884	46.8652	45.6546	46.6124	45.2483	46.9256	44.8682	46.9384	45.1484	46.7353	45.4007	46.800000000000004	45.5357	46.8598	45.4579	46.5876	45.346599999999995	46.6285	45.4559	47.0657	45.3704	46.8621	45.242399999999996	46.6223	45.43	46.5889	45.3414	46.604299999999995	45.45	46.9442	45.5279	46.7817	45.5841	46.4551	45.4147	46.9338	45.3546	46.927600000000005	45.6053	46.69	45.542100000000005	46.6597	45.7631	46.7086	45.5711	46.8383	45.806799999999996	47.1053	45.4423	46.3979	45.7858	46.4914	45.645599999999995	46.348	45.8337	46.448299999999996	45.5569	46.6282	46.097100000000005	46.5826	45.589800000000004	46.169900000000005	45.780100000000004	46.0374	45.502199999999995	46.097	45.6366	46.2649	45.4788	45.8754	45.705	46.2103	45.4994	46.1092	45.7293	46.2058	45.46	45.9882	45.6147	46.333600000000004	45.3953	45.9731	45.624199999999995	45.6414	45.8681	45.6136	45.4491	45.6135	45.4453	46.0249	45.419399999999996	45.7546	45.5255	45.6014	45.8737	45.3778	45.6734	45.8962	45.1921	45.7695	45.5268	45.2693	46.050999999999995	45.5466	45.3158	45.4306	45.231500000000004	45.7396	45.7433
Sgr-CJol_093-Ex1-cssl	61.4404	47.0191	45.9471	42.5498	46.0309	43.8917	45.266600000000004	45.4536	47.7952	42.1601	49.9398	47.6043	48.9875	46.4732	47.938399999999994	45.9491	48.0064	45.9217	48.308	46.4467	48.2909	45.9013	47.3655	46.157900000000005	47.5163	45.763999999999996	47.595	45.7225	47.6472	45.915	47.6217	46.0475	47.5294	46.0332	47.7329	45.783	47.5162	46.134100000000004	47.3367	45.978	47.4033	45.792699999999996	47.5792	46.4513	47.5233	46.1998	47.4313	45.9445	47.4844	46.0447	47.4601	46.1093	47.5323	46.219500000000004	47.3527	46.5779	47.3041	46.2278	47.6064	46.1822	47.5723	46.2128	47.3581	46.3476	47.218900000000005	46.3125	46.990300000000005	46.198899999999995	47.3665	46.0538	47.422399999999996	46.3725	47.2419	46.535399999999996	47.2229	46.3373	47.4893	46.1851	47.2142	46.2103	47.3549	46.5878	47.4184	46.7196	47.3061	46.6918	47.2364	46.355000000000004	47.272	46.4658	47.497099999999996	46.8292	47.232	46.239999999999995	47.1664	46.3611	47.3915	46.1537	47.456199999999995	46.711200000000005	47.3123	46.7433	46.786699999999996	46.7868	46.881	46.090900000000005	47.304899999999996	46.6263	47.18	46.5123	46.793600000000005	46.1559	47.0362	46.4536	47.2164	46.4189	46.845	46.466	47.105599999999995	46.6319	46.846700000000006	46.5047	46.5955	46.149699999999996	46.9373	46.295700000000004	46.8019	46.5088	46.5702	46.2041	46.6549	46.320699999999995	46.636	46.415299999999995	46.2013	46.3983	46.5826	45.9086	47.1126	46.44	46.6146	46.5831	46.6202	46.4634	46.6172	46.099000000000004	46.5959	45.9438	47.0586	46.095000000000006
Sgr-CJol_094-Ex1-cssl	62.98859999999999	47.6896	46.1186	43.3331	46.4116	44.5908	46.0681	45.5955	48.3862	43.6428	50.401300000000006	48.8117	50.10829999999999	47.618	48.898399999999995	47.0271	49.1978	47.0313	49.4003	47.5212	49.2332	47.336299999999994	48.3447	46.8436	48.5802	46.9254	48.3309	46.7272	48.8414	46.9193	48.5428	47.4217	48.316700000000004	47.049099999999996	48.6471	47.092800000000004	48.625800000000005	47.1096	48.542	47.2173	48.5443	46.902100000000004	48.5782	47.328900000000004	48.2443	46.8909	48.5369	46.861599999999996	48.7054	47.2269	48.367900000000006	46.996300000000005	48.3977	47.304899999999996	48.5632	47.5281	48.2787	47.3725	48.248400000000004	47.174	48.6632	47.2961	48.1513	47.3358	48.410199999999996	47.503499999999995	48.269400000000005	47.440599999999996	48.2239	47.3251	48.3948	47.3048	48.5638	47.5747	47.9529	47.388000000000005	48.1496	47.2704	48.5246	47.3937	48.5988	47.2731	48.4679	47.332499999999996	48.2588	47.6139	48.2797	47.3551	48.5148	47.2923	48.3823	47.775099999999995	48.2579	47.5201	48.333999999999996	47.7132	48.0765	47.7126	48.3799	47.6186	48.1494	47.7666	48.2568	47.6226	48.1893	47.623	48.3394	47.8262	48.4857	47.632400000000004	47.8942	47.6755	47.8853	47.246	48.0214	47.7281	47.5954	47.2349	48.2521	47.2985	47.889700000000005	47.1729	47.7221	47.5732	47.8701	46.813900000000004	47.741099999999996	47.3542	47.7462	46.811	47.975899999999996	46.9484	47.7184	47.0695	48.0492	47.114200000000004	47.511399999999995	47.382400000000004	47.930499999999995	47.030100000000004	47.5696	47.2014	47.5838	47.4677	47.443200000000004	47.1228	47.2575	46.767199999999995	47.8086	47.6271
Sgr-CJol_096-Ex1-cssl	62.226400000000005	47.0755	45.3719	42.8799	45.8579	44.1579	44.413599999999995	45.1828	47.0327	42.7782	49.329299999999996	48.173300000000005	49.1446	46.929	48.0143	45.9321	47.8801	46.400000000000006	48.2405	46.6712	47.9429	46.3793	47.6138	46.2022	47.558	45.8504	47.6597	45.966499999999996	47.5706	46.154	47.7097	46.6542	47.2369	46.1833	47.8183	46.198	47.5549	46.1669	47.3698	46.0417	47.6739	45.8008	47.421600000000005	46.4467	47.2232	46.102900000000005	47.610200000000006	46.3373	47.271	46.240700000000004	47.423500000000004	46.2413	47.585899999999995	46.450399999999995	47.237899999999996	46.456199999999995	47.5694	46.394600000000004	47.116400000000006	46.3416	47.6507	46.6167	47.1801	46.4185	47.317	46.2376	47.0013	46.2528	47.5899	46.3501	47.394999999999996	46.738099999999996	47.386	46.5415	47.274100000000004	46.557500000000005	47.323100000000004	46.3493	47.5331	46.7231	47.7104	46.692	47.4375	46.386	47.2226	46.761399999999995	47.6245	46.4953	47.4724	46.4115	47.265	46.8928	47.340700000000005	46.6391	47.2104	46.4567	47.3534	46.8907	47.467	46.7297	47.618500000000004	46.640100000000004	46.9103	46.5402	46.7882	46.695100000000004	47.3078	46.5624	47.365899999999996	46.8931	47.079	46.5036	47.2386	46.6486	47.254000000000005	46.6148	46.684799999999996	46.7314	47.4427	46.4478	46.839	46.7145	46.672599999999996	46.1926	47.2777	46.531	46.7415	46.3408	46.9241	46.0221	46.8293	46.266200000000005	46.5333	46.3939	46.7562	46.5471	46.6929	46.138	46.9138	46.295199999999994	46.8399	46.7793	46.6966	46.183099999999996	46.476800000000004	46.6839	46.546	45.9785	46.8416	46.2123
Sgr-CMas_001-Ex1-cssl	60.4726	47.160999999999994	44.0563	41.8196	44.9036	43.394800000000004	44.0314	44.1773	45.8828	41.9897	48.217999999999996	46.8903	47.4448	45.806599999999996	46.706399999999995	45.3005	47.112500000000004	45.2632	46.985	45.5734	46.6775	45.4561	46.408300000000004	45.325199999999995	46.3155	45.1926	46.319	45.0743	46.6019	45.2951	46.409299999999995	45.489200000000004	46.2835	45.2382	46.413700000000006	45.3382	46.260400000000004	45.4442	46.2856	45.3514	46.4381	45.285199999999996	46.3029	45.405	46.2971	45.222899999999996	46.32	45.4435	46.2716	45.4786	46.2055	45.3105	46.2628	45.4005	46.2136	45.5051	46.012100000000004	45.4185	46.3646	45.488299999999995	46.2779	45.3993	45.9659	45.4789	46.125	45.6355	45.9442	45.401399999999995	46.0538	45.611000000000004	46.1955	45.3973	46.2787	45.5741	46.091300000000004	45.502700000000004	46.2281	45.2869	46.2493	45.515	46.1279	45.5485	46.0881	45.435199999999995	46.151399999999995	45.6438	46.1321	45.4592	46.0837	45.434799999999996	45.9365	45.723200000000006	46.012100000000004	45.655499999999996	46.075300000000006	45.6272	46.0249	45.7534	46.0114	45.7415	45.9918	45.583200000000005	45.935500000000005	45.590599999999995	45.8688	45.6123	46.042300000000004	45.6534	45.7297	45.7965	45.5176	45.406	45.5603	45.361000000000004	45.664500000000004	45.393699999999995	45.6135	45.176899999999996	45.773799999999994	45.2934	45.5319	45.454499999999996	45.5839	45.1282	45.6438	45.1171	45.6553	45.3369	45.388600000000004	45.199	45.4565	45.1514	45.4923	45.4506	45.3221	45.0741	45.3463	45.1829	45.1915	45.102399999999996	45.5424	45.115100000000005	45.470699999999994	45.203500000000005	45.2761	45.2613	45.3145	45.2459	45.436	45.0647
Sgr-CMas_002-Ex1-cssl	62.9716	45.6183	45.699400000000004	41.9777	45.520500000000006	43.5257	44.9773	44.5104	47.2923	41.6914	49.687799999999996	47.863699999999994	48.883900000000004	46.2575	47.353699999999996	45.4598	47.712700000000005	45.6721	48.3452	45.9333	47.6144	45.7218	47.2049	45.7791	47.3999	45.4838	47.340700000000005	45.1619	47.5136	45.6391	47.2444	45.818599999999996	47.1701	45.7729	47.246300000000005	45.5796	47.2627	45.7375	47.0202	45.8359	47.1508	45.6387	47.0708	45.7243	47.0257	45.6157	47.0426	45.6382	47.2103	45.913900000000005	47.0115	45.571400000000004	47.2943	45.9162	47.2546	45.8864	47.4195	45.7581	46.7796	46.048899999999996	47.0865	45.7236	47.1364	45.645599999999995	46.905	45.717200000000005	46.7976	45.6188	47.053	45.818599999999996	46.970600000000005	46.001999999999995	47.0221	46.110800000000005	47.0997	46.036899999999996	46.7179	45.8792	46.7633	45.523799999999994	46.955000000000005	45.764700000000005	46.9364	45.9717	47.153800000000004	45.933800000000005	47.0678	45.8202	46.6325	45.9399	46.8909	46.2355	47.1981	46.0384	46.8055	45.8271	46.888200000000005	46.1482	46.9178	46.395199999999996	46.686899999999994	46.1892	46.8802	46.1491	46.3867	45.882600000000004	46.6157	45.8528	46.4943	45.9982	46.6825	46.1529	46.637699999999995	45.896300000000004	46.6004	45.765	46.2305	46.0218	46.5327	45.9142	46.632200000000005	46.0135	46.265499999999996	45.4637	46.5805	45.893699999999995	46.6938	45.6788	45.9127	45.8023	46.1136	45.6993	46.304	46.2905	46.3696	45.5941	45.8362	45.7092	46.3432	45.6631	46.130900000000004	45.9895	45.9894	45.9509	45.9433	45.8397	45.0208	45.6805	46.251999999999995	45.6748
Sgr-CMas_003-Ex1-cssl	63.572399999999995	44.7528	45.8732	42.552800000000005	45.8578	43.432700000000004	45.0193	45.2611	47.1476	41.7683	50.01370000000001	48.5244	49.1177	46.441900000000004	48.2544	45.7318	48.158699999999996	46.071	48.4695	46.219300000000004	48.3017	45.946999999999996	47.8977	45.7241	47.5018	45.582699999999996	47.3292	45.547399999999996	47.550599999999996	45.848	47.4643	46.232099999999996	47.4274	45.8972	47.3508	45.6652	47.4864	46.193	47.731899999999996	46.3016	47.3394	45.922000000000004	47.1907	46.1692	47.457100000000004	45.7022	47.5068	45.870400000000004	47.2186	46.2219	47.3099	46.1941	47.4428	45.9891	47.3525	46.519	47.1381	46.240700000000004	47.1722	46.1395	47.4799	46.159800000000004	47.2966	46.1612	47.133900000000004	46.320699999999995	46.8667	46.275	47.1929	46.1902	47.193400000000004	46.2904	47.462199999999996	46.4734	47.2119	46.400999999999996	47.3039	45.9488	47.023399999999995	46.2143	47.1088	46.164300000000004	47.8688	46.402100000000004	47.0696	46.4628	46.9197	46.4073	47.4387	46.2624	47.048899999999996	46.2694	47.2172	46.2353	47.2044	46.6411	46.9487	46.4732	46.934799999999996	46.1491	47.0767	46.0578	47.298	46.1209	46.984300000000005	45.9184	47.1866	46.2704	46.4095	46.1511	46.6781	46.0424	46.7702	45.9836	46.7749	46.163900000000005	46.1218	46.2913	46.6705	45.9758	47.073100000000004	45.9318	46.4949	45.7401	46.7863	46.1154	46.7026	45.992	46.907900000000005	45.6949	46.4981	46.035	46.5766	46.544200000000004	46.3739	45.9729	46.4714	46.003899999999994	46.3275	45.5185	46.483000000000004	45.9544	46.1529	45.8643	46.382	45.923	46.5634	45.6973	45.9505	46.3728
Sgr-CMas_004-Ex1-cssl	64.0035	43.576	45.5856	41.2436	45.5533	42.6455	44.9439	43.706	46.5485	41.4251	49.538900000000005	47.315000000000005	48.8608	45.912	48.0089	45.393899999999995	48.1325	45.7317	48.3859	45.826	47.891	45.2708	47.2382	45.540000000000006	47.4726	45.2546	47.1691	45.0649	47.552	45.1267	47.513	45.5621	47.1767	45.4058	47.1887	45.3177	47.2391	45.278400000000005	47.3578	45.5751	47.0809	45.2537	47.244	45.3888	47.0938	45.3912	47.4918	45.3493	47.4248	45.5693	46.897800000000004	45.814899999999994	47.3065	45.8551	47.2269	45.9277	46.7834	45.5208	47.3371	45.7362	47.4285	45.6355	46.949200000000005	45.804899999999996	47.0857	45.7404	46.9912	45.726499999999994	46.9737	45.5023	47.092299999999994	45.8001	46.9942	45.8559	46.7999	45.8427	46.859899999999996	45.6268	46.8768	45.7123	46.8183	45.9546	46.9928	45.9003	46.874700000000004	46.0535	46.7235	45.4735	46.9609	45.6756	46.8777	45.9636	46.6484	46.022	46.5472	46.026	46.7605	45.8491	46.663399999999996	45.666000000000004	46.7911	46.0958	46.4712	45.8299	46.4687	45.73	46.559200000000004	45.7668	46.3801	45.8194	46.2652	45.9075	46.2436	45.7903	46.43	45.8571	46.207100000000004	45.792899999999996	46.5941	45.594699999999996	46.2348	45.9718	46.5807	45.4077	46.3692	45.4925	46.6103	45.576	46.3715	45.3012	46.165800000000004	45.3753	46.4711	45.590399999999995	45.8915	45.447500000000005	45.975	45.5593	46.347100000000005	45.1804	46.219	45.4084	45.9071	45.4706	46.5872	45.413199999999996	45.7924	45.3244	45.8788	45.3759
Sgr-CMas_005-Ex1-cssl	63.282799999999995	44.8415	45.826699999999995	42.329899999999995	46.0873	43.8206	45.477000000000004	44.7639	47.5719	42.0024	50.010600000000004	47.9813	48.9548	46.4866	48.0911	46.247	48.7071	46.133	48.4127	46.564899999999994	48.6	45.990199999999994	47.8696	46.0169	47.732400000000005	45.671299999999995	47.7317	45.818	47.834700000000005	45.9511	47.8414	45.644400000000005	47.8682	45.8434	47.8098	46.0189	47.8805	45.9444	47.6076	45.6884	47.638000000000005	46.0919	47.4083	45.9773	47.3543	45.9108	47.7493	45.778200000000005	47.6369	46.1402	47.492000000000004	46.190799999999996	47.5913	46.3046	47.491699999999994	46.1584	47.4396	46.0857	47.5854	46.4207	47.4806	45.9923	47.225699999999996	46.2443	47.449000000000005	46.1717	47.5864	45.7689	47.0582	46.305600000000005	47.2945	46.1478	47.407	46.6655	47.5466	46.0173	47.280699999999996	46.3041	47.286899999999996	46.4574	47.3184	46.3369	47.174899999999994	46.5248	47.4218	46.2882	46.9234	46.7846	47.2823	46.131299999999996	47.3555	46.6861	47.3752	46.4608	46.9859	46.6826	47.2772	46.6683	47.369099999999996	46.4532	47.2168	46.434799999999996	46.9058	46.4146	47.0593	46.289	47.2144	46.5606	46.6278	46.665600000000005	46.7568	46.5028	46.7675	45.9022	47.2117	46.138	47.0161	46.5596	47.0476	46.484500000000004	46.8507	46.4647	46.5259	45.828	46.8562	46.159800000000004	46.6411	46.206199999999995	46.3834	46.1534	46.6419	46.43	46.7167	46.4811	46.4226	46.0617	46.5264	46.442899999999995	46.840900000000005	46.1246	47.0218	46.0196	46.4606	45.5933	46.5145	46.3302	46.096199999999996	45.9977	46.699400000000004	46.372600000000006
Sgr-CMas_006-Ex1-cssl	63.9598	43.6221	45.704699999999995	40.9467	45.443	42.8646	44.3932	43.809599999999996	46.525	41.1532	49.3326	47.388200000000005	48.7942	45.7805	47.753299999999996	45.2532	47.9349	45.5036	47.6631	45.7642	47.843599999999995	45.0864	47.1446	45.286500000000004	46.931200000000004	45.0251	47.105999999999995	45.0408	46.8752	45.5598	46.914	45.530300000000004	46.787099999999995	45.101200000000006	47.213100000000004	45.569700000000005	47.0275	45.5969	47.2444	45.542	47.2234	45.36	46.7851	45.6434	46.774100000000004	45.417	46.5182	45.355000000000004	46.9008	45.396300000000004	46.9387	45.502700000000004	47.176	45.3766	46.9527	45.5223	46.8228	45.5729	46.862500000000004	45.4794	46.9897	45.5347	46.7126	45.4572	46.6472	45.8143	46.7972	45.8549	46.7647	45.6411	46.7847	45.6624	46.8801	45.736900000000006	46.785700000000006	45.9428	46.8464	45.6194	46.7778	45.772800000000004	46.8696	46.0114	46.53	45.9171	46.611799999999995	45.98	46.6337	46.059	46.9758	45.8463	46.5882	46.1267	46.899499999999996	45.988600000000005	46.3695	45.665299999999995	46.7233	45.8486	46.9173	45.824799999999996	46.6379	46.1613	46.414100000000005	45.9729	46.1368	46.149	46.4955	45.9849	46.774100000000004	45.745999999999995	46.3047	45.769999999999996	46.36	46.1668	46.1948	45.532000000000004	46.1912	45.734700000000004	46.501999999999995	45.8315	45.966	45.8861	45.905699999999996	45.468599999999995	46.4062	46.0118	46.206399999999995	46.1355	46.1511	45.6691	45.9957	45.440000000000005	45.4666	45.6966	46.1054	45.5867	45.723200000000006	45.5059	45.6503	45.9082	45.5114	45.6844	45.7096	45.8414	45.482499999999995	45.724	45.610099999999996	45.5785	45.6096	46.171
Sgr-CMas_007-Ex1-cssl	63.742399999999996	44.080799999999996	44.9224	41.1678	45.4096	42.8812	44.5972	43.833800000000004	46.4558	41.6915	49.412800000000004	47.4048	48.4379	45.7958	47.7209	45.246700000000004	47.7346	45.6821	47.6403	46.0787	47.749900000000004	45.3104	47.0788	45.4777	47.1216	45.219500000000004	47.1043	45.242399999999996	47.294799999999995	45.7252	47.808	45.5253	47.0413	45.5269	47.2119	45.2345	46.8573	45.5789	46.8099	45.8219	47.1751	45.622600000000006	46.7238	45.5843	46.756	45.5034	46.535399999999996	45.475300000000004	46.7714	45.6997	46.7913	45.795700000000004	46.7725	45.9229	46.8717	46.1455	47.0713	46.0177	46.8326	45.7641	46.9164	45.8498	46.9394	45.872	46.8451	45.8364	46.8484	45.273	46.512	46.3665	46.5421	46.0762	46.7416	45.7661	47.0261	45.9383	46.6477	45.629	46.685900000000004	45.7576	46.5933	45.7237	46.2139	45.750600000000006	46.7401	45.826	46.6719	45.914	46.78	46.0169	46.8768	46.0614	46.7714	46.0194	46.5177	46.0619	46.827999999999996	45.8438	46.7115	45.7918	46.722	46.047	46.434999999999995	45.6485	46.5477	45.598	46.3697	45.987	46.9229	45.960499999999996	46.6066	46.1913	46.4616	45.9335	46.079	45.8912	45.9109	45.5858	46.192499999999995	45.859	46.411	45.5526	46.1619	45.808	46.6412	45.635999999999996	46.218599999999995	45.775	46.108399999999996	46.212199999999996	46.354	45.8242	46.1605	46.0815	46.0116	45.8828	45.932	45.5291	46.150200000000005	45.646	46.1533	45.7946	46.008500000000005	45.0439	46.1207	45.7425	45.0674	45.584799999999994	45.8677	46.0571
Sgr-CMas_008-Ex1-cssl	61.939	45.7135	45.385999999999996	41.590500000000006	46.2152	43.2622	44.8733	44.1142	46.847699999999996	41.5677	49.1764	47.0478	48.728100000000005	45.7461	47.384100000000004	45.1361	47.7577	45.4981	48.241499999999995	45.6193	47.6273	45.3968	47.352199999999996	44.933499999999995	47.4555	45.0137	47.205799999999996	45.0516	47.342099999999995	45.2273	47.4998	45.2496	47.349000000000004	45.250099999999996	47.4741	45.2461	47.2532	45.2505	47.0648	45.4089	47.2826	45.068200000000004	47.3795	45.4723	47.165600000000005	45.0979	47.1274	44.9998	47.1112	45.4032	46.7733	45.4654	47.004200000000004	45.4152	46.8754	45.6102	46.8072	45.4176	47.1117	45.481500000000004	47.0356	45.4101	47.058299999999996	45.5169	46.8374	45.2344	46.7565	45.588	46.928399999999996	45.4313	46.936299999999996	45.6204	46.8848	45.7762	46.7634	45.4578	46.6837	45.685199999999995	47.186499999999995	45.651399999999995	46.8018	45.5312	46.8917	45.8784	46.644000000000005	45.7924	46.6413	45.3892	46.6246	45.422000000000004	46.7446	46.047399999999996	46.8164	45.9579	46.8346	45.8992	46.645199999999996	45.5448	46.4783	46.0418	46.3363	45.4103	46.3974	45.951	46.3366	45.7626	46.591	45.3613	46.1924	45.8456	46.2157	45.9314	46.3724	45.3957	46.2299	46.0112	46.0926	45.637299999999996	45.9157	45.303399999999996	46.0648	45.5657	45.8878	45.395	46.0516	45.5914	45.907599999999995	45.7357	45.9927	45.347500000000004	45.8965	45.3166	46.2671	45.516600000000004	45.9337	45.338699999999996	45.5278	45.5049	46.064899999999994	45.0666	45.623200000000004	45.1256	45.8553	45.4977	45.3495	45.1672	45.4346	45.264900000000004	45.7128	45.6738
Sgr-CMas_009-Ex1-cssl	64.7683	43.16	45.5055	41.4292	45.7316	43.0908	44.7282	44.0335	46.705400000000004	41.429899999999996	50.1038	48.103899999999996	49.0398	46.4305	48.1634	45.955400000000004	48.0441	46.149	48.1667	46.0071	47.975899999999996	45.779199999999996	47.734700000000004	45.712	47.4356	45.4502	47.4185	45.482299999999995	47.4675	45.6829	47.4773	45.998099999999994	47.0678	45.684200000000004	47.3511	45.8964	47.3925	45.8575	47.322199999999995	45.5781	47.3101	45.785199999999996	47.2793	46.1087	47.1757	45.8155	47.1608	45.636500000000005	47.3329	45.942499999999995	46.8561	46.0733	47.241499999999995	45.941500000000005	47.3391	45.9621	47.4063	45.9748	47.3893	46.071200000000005	47.6147	46.056200000000004	47.297	46.0685	47.2517	46.3458	47.074	46.1097	47.435300000000005	46.013999999999996	47.0987	46.0919	47.1868	46.2041	46.875699999999995	46.3042	46.7786	46.0009	47.1902	46.0462	47.018	46.091300000000004	46.8981	46.0142	47.180699999999995	46.1543	47.106700000000004	46.0047	47.2239	46.1547	46.705400000000004	46.3553	46.9704	46.3269	47.002500000000005	46.3235	47.0101	45.954899999999995	46.7628	46.225699999999996	46.9016	46.4585	46.8389	46.334199999999996	46.9431	46.1381	46.7464	46.2464	46.7472	46.4238	46.6359	45.9835	46.8391	46.3181	46.6912	46.048	46.585100000000004	45.9934	46.5341	46.2127	46.685700000000004	45.9791	46.267399999999995	45.9404	46.6142	46.1352	46.4329	46.1551	46.339999999999996	46.090900000000005	46.254400000000004	45.9181	46.5507	46.4613	46.2791	46.0486	46.152	45.89	46.1511	45.8573	46.4949	46.027	46.4675	45.5933	46.3966	45.741	46.1015	45.9996	46.487	46.3959
Sgr-CMas_010-Ex1-cssl	61.3991	45.3853	44.687599999999996	41.2808	45.0571	42.9842	44.5015	43.432700000000004	46.3038	41.5707	48.6285	46.3919	47.9912	45.2544	47.4809	44.8098	47.294599999999996	44.7909	47.4178	45.5391	47.2168	45.1945	46.7305	44.5713	46.7819	44.9367	46.4193	44.3417	47.3509	44.672	47.0365	45.1236	46.5133	44.7696	46.5749	44.890299999999996	46.8835	45.217600000000004	46.4788	44.842	46.7219	45.0075	46.793800000000005	45.208	46.450399999999995	45.0559	46.7323	44.8673	46.7217	45.2384	46.6369	44.9566	46.8219	44.9876	46.3033	45.0804	46.5048	45.299099999999996	46.5128	45.2458	46.695	45.4846	46.4849	45.193	46.302	44.852399999999996	46.1877	45.444	46.3586	45.2573	46.379799999999996	45.2948	46.5451	45.3934	46.2339	45.0295	46.6839	45.3092	46.5212	45.4056	46.1936	45.7623	46.065400000000004	44.938	46.4735	45.4151	46.4653	45.3823	46.2498	45.321	45.8713	45.7691	46.1493	45.6735	45.730399999999996	45.5497	45.875899999999994	45.6766	46.3881	45.2406	45.982800000000005	45.5741	45.5818	45.6889	45.889799999999994	45.371	45.846399999999996	45.522400000000005	45.6708	45.3602	46.0554	45.535599999999995	45.712399999999995	45.1168	45.528400000000005	45.2905	45.3202	45.0134	45.8083	45.0703	45.641799999999996	45.204899999999995	45.1464	45.2341	45.305499999999995	45.0845	45.5569	45.394600000000004	45.232299999999995	45.359	45.5283	44.9455	44.8383	45.2893	45.1614	45.2679	44.813900000000004	44.785199999999996	45.1871	44.5915	45.1755	45.0828	45.8102	45.1489	44.826	44.790600000000005	44.838699999999996	44.7461	45.386900000000004	44.994099999999996
Sgr-CMas_011-Ex1-cssl	62.6865	45.1322	45.189	41.428799999999995	45.6862	42.7133	44.9898	44.1885	46.9762	41.7674	49.6202	47.1304	48.1058	45.5567	47.4712	45.2233	47.814	45.3812	47.894	45.8059	47.5155	45.422200000000004	47.1837	45.326699999999995	46.9329	44.8892	47.1781	44.8027	47.280899999999995	45.1731	47.6023	45.2799	46.8964	45.5209	47.0659	45.1179	46.9603	45.5222	46.6372	45.312400000000004	46.897800000000004	45.033	47.0473	45.2359	46.9462	45.4846	46.7952	45.1104	46.9143	45.4268	46.8026	45.2835	46.9163	45.5988	46.8305	45.5796	46.5295	45.373400000000004	46.8204	45.4363	46.505	45.5422	46.6661	45.4237	46.823100000000004	45.7077	46.8735	45.417699999999996	46.673500000000004	45.615	46.550799999999995	45.7581	46.704499999999996	45.8532	46.8168	45.4349	46.713	45.2001	46.7079	45.6265	47.015499999999996	45.797399999999996	46.8311	45.7783	46.558	45.6061	46.6259	45.7357	47.010200000000005	45.4884	46.7839	45.9028	47.1766	45.498	46.6389	45.3538	46.6075	45.895799999999994	46.5993	45.910000000000004	46.6342	45.9018	46.1772	45.8247	46.3919	45.574	46.3369	45.6471	46.3643	45.9277	45.8692	45.7532	46.4041	45.2675	46.3741	45.6734	45.832499999999996	45.6191	45.9766	45.4914	46.3835	45.3561	46.3322	45.081199999999995	46.4326	45.3152	45.7553	45.358900000000006	45.9135	45.0407	45.8909	45.2541	45.813500000000005	45.8731	45.4656	45.284600000000005	45.5916	45.5015	45.428200000000004	45.1306	45.3065	45.5392	45.5855	45.2867	45.7939	45.1503	45.7416	45.6131	45.7547	45.386700000000005
Sgr-CMas_012-Ex1-cssl	62.5509	45.791	45.2547	41.725699999999996	45.7023	43.2401	44.939299999999996	44.3844	47.0269	41.5776	49.5627	47.491	48.8073	46.275800000000004	47.5743	45.5901	47.9477	45.7969	48.0756	45.8934	47.7467	45.588699999999996	47.4609	45.3864	47.6843	45.4409	47.1162	45.4092	47.3441	45.4839	47.4327	45.7072	46.8806	45.7582	47.1801	45.6972	47.0751	45.6909	47.099000000000004	45.8368	47.079	45.5544	46.8366	46.155499999999996	47.059400000000004	45.528999999999996	47.0996	45.4249	46.9422	45.8317	46.6808	45.7805	47.1567	45.7838	47.2114	45.8221	46.8234	45.7346	47.1323	45.8243	46.9266	45.6801	46.991	45.9432	47.0493	45.8949	46.936499999999995	46.0511	46.6241	46.1258	46.824799999999996	46.005	47.2963	45.9685	46.7561	45.8502	46.8309	45.6513	47.1346	45.8683	47.0723	45.9644	46.8039	45.9837	47.0478	46.0682	46.7748	45.9162	46.6423	45.9784	46.6049	46.0377	47.0216	45.4694	46.809400000000004	45.8699	46.821600000000004	45.7783	47.1345	45.6541	46.654	45.8559	46.9395	45.9383	46.4784	45.8432	46.8946	46.0041	46.4534	45.8491	46.199200000000005	46.0682	46.5068	46.0144	46.509499999999996	45.5408	46.3829	45.6867	46.31	45.6615	46.4848	45.8713	46.0403	45.9754	46.0342	45.7401	46.1473	46.0205	45.626	45.5715	46.0624	45.4803	46.230900000000005	45.8777	45.9316	45.7791	46.4179	45.8223	46.0424	45.6963	45.8739	45.509	46.110099999999996	45.4913	45.870400000000004	45.5917	45.8449	45.6111	46.190599999999996	45.7742
Sgr-CMas_013-Ex1-cssl	63.147299999999994	45.597300000000004	45.105000000000004	41.9061	45.8251	43.3013	44.872	44.932	46.8253	42.0141	49.8624	47.7427	48.8994	46.4449	48.0723	45.913900000000005	48.1721	46.1671	47.9401	46.3583	47.7219	46.038000000000004	47.7381	45.9051	47.2017	45.759899999999995	47.204	45.6697	47.2317	45.8382	47.3207	46.0598	46.9101	45.8013	47.3337	45.9272	47.4032	45.8941	47.2898	45.908500000000004	47.212900000000005	45.828799999999994	47.492000000000004	46.1501	47.2293	45.8534	47.2433	45.9683	47.0699	46.1995	46.8119	45.9643	47.2591	46.2594	47.0992	46.3233	46.9121	46.1753	47.1628	46.0379	47.2707	45.968199999999996	46.9678	46.0859	47.0096	45.9895	46.901900000000005	46.0659	47.1213	46.2557	46.9771	46.396300000000004	47.313300000000005	46.184599999999996	46.9046	46.225300000000004	47.0064	46.0552	47.1226	46.3887	47.1624	46.475	47.3738	46.2085	46.8781	46.5709	46.7665	46.2514	46.9371	46.3038	47.0758	46.292	46.9615	46.3898	46.9301	46.4645	47.0202	46.3924	46.8223	46.3185	47.0387	46.335	46.7815	46.384100000000004	46.828199999999995	46.036500000000004	47.3553	46.103699999999996	47.1091	46.6403	47.0713	46.098099999999995	46.8395	46.251999999999995	46.4471	46.171	46.5742	46.2847	46.2231	46.0939	46.9236	46.3245	46.5256	45.8938	46.7075	45.900400000000005	46.149499999999996	46.1783	46.2568	45.9087	46.604800000000004	45.9272	46.545700000000004	46.0146	46.2406	46.1993	46.4183	45.7014	46.4875	45.758900000000004	46.298	45.811	46.4058	45.9584	46.604600000000005	46.218900000000005	46.1695	46.0309	46.536300000000004	46.4056
Sgr-CMas_014-Ex1-cssl	63.2058	44.7994	45.124199999999995	41.746100000000006	45.3042	43.0717	44.7075	44.1452	46.353899999999996	41.6023	49.3803	47.416799999999995	48.3413	45.7613	47.5132	45.6362	47.6075	45.4202	48.0303	45.9983	47.532999999999994	45.589400000000005	47.0435	45.3711	47.0976	45.3581	46.7825	45.2703	47.0453	45.352399999999996	47.1302	45.409	46.8463	45.4519	47.0813	45.501999999999995	46.847899999999996	45.8036	46.7543	45.628	47.0201	45.3351	47.3921	45.497	46.7204	45.4654	47.2601	45.2326	46.8582	45.6631	46.7127	45.6068	46.6645	45.4439	47.1044	45.5751	46.8675	45.8439	46.623	45.6364	46.8902	45.243	46.7418	45.7262	46.7346	45.4836	46.5484	45.8356	46.884100000000004	45.727000000000004	46.8178	45.9643	46.6749	46.1312	46.4508	45.5263	46.8638	45.5311	46.834399999999995	45.7465	46.6894	45.775	46.7538	45.775	46.6372	45.9579	46.4043	45.5735	46.414899999999996	46.001799999999996	46.5256	45.9652	46.4025	45.9972	46.2148	46.0383	46.433600000000006	45.760400000000004	46.2764	45.95	46.5394	45.7945	46.0012	46.0151	46.4299	45.9731	46.2296	45.7955	46.3887	46.008700000000005	46.038000000000004	45.8727	46.0306	45.6626	46.2128	45.649699999999996	45.9261	45.8598	46.3166	45.6652	46.1556	45.4893	45.8167	45.806000000000004	46.108900000000006	45.6328	46.0386	45.3331	45.8184	45.339	45.636700000000005	45.5546	46.0324	45.6171	45.833200000000005	45.4421	45.827400000000004	45.5004	45.4915	45.5139	45.801700000000004	45.2602	45.724900000000005	45.4217	46.0392	45.698699999999995	45.2489	45.8104	45.305299999999995	45.9557
Sgr-CMas_015-Ex1-cssl	63.301700000000004	45.6511	45.6992	41.659800000000004	45.8328	43.6411	45.2492	44.6227	47.1759	42.2116	50.0444	47.5613	49.011900000000004	46.534	48.1717	45.7834	48.4643	46.0734	48.4359	46.469500000000004	48.0498	45.734700000000004	47.6034	45.7019	47.7842	45.7497	47.552299999999995	45.5055	47.572900000000004	45.9063	47.8757	45.8033	47.3283	45.8003	47.523900000000005	45.9877	47.6432	45.793099999999995	47.3375	46.0102	47.2759	45.8511	47.486200000000004	46.014500000000005	47.384	45.825900000000004	47.3633	45.8574	47.4831	45.792899999999996	47.4525	46.1128	47.3934	45.9579	47.4326	46.2966	47.2074	45.7524	47.2553	46.021	47.1316	46.1725	47.1966	46.0152	47.2623	46.0933	47.2119	45.842	47.1695	46.2103	47.3708	46.1216	47.208299999999994	46.389	47.379	46.0696	47.2077	45.999	47.498400000000004	46.1197	47.253499999999995	46.0877	47.2849	46.315	47.2627	46.651900000000005	47.5445	46.1206	47.3292	46.1517	47.1282	46.5384	46.9816	46.297	47.057900000000004	46.295199999999994	47.2675	46.3636	47.1429	46.3658	47.0819	46.5535	46.897	46.2835	46.8905	46.3741	47.150999999999996	46.320699999999995	46.842299999999994	46.0948	46.7031	46.4815	46.718199999999996	46.3648	46.952	46.306799999999996	46.515699999999995	46.4301	46.555800000000005	46.3633	46.6628	46.2051	46.7142	46.096599999999995	46.5334	45.8153	46.7294	46.009699999999995	46.517199999999995	46.2158	46.5459	46.0823	46.935300000000005	46.2139	46.4617	46.0882	46.1654	45.894600000000004	46.462599999999995	45.7795	46.2713	45.615	46.393299999999996	46.0411	46.3165	46.199400000000004	46.122	45.8234	46.399499999999996	46.3084
Sgr-CMas_016-Ex1-cssl	62.4	45.2979	44.6995	41.6105	45.3399	43.329	44.6156	44.2156	46.4474	41.7363	49.2765	47.693999999999996	48.0786	45.9653	47.2831	45.6391	47.7372	45.691900000000004	47.928	45.9822	47.2667	45.7212	47.1105	45.3539	46.9107	45.4199	46.7736	45.4474	47.0133	45.5851	46.8969	45.6536	46.7592	45.679199999999994	46.7174	45.886500000000005	46.584199999999996	45.765899999999995	46.9166	45.7828	46.8316	45.5436	46.7519	45.859100000000005	46.5426	45.5083	46.8842	45.683299999999996	46.6768	45.854099999999995	46.5534	45.5455	46.8517	45.6038	46.8429	45.8538	46.5955	45.7662	46.5039	45.9387	46.6791	45.8093	46.6536	45.7719	46.8185	45.7972	46.6201	45.7495	46.5446	45.7211	46.6399	45.960699999999996	46.7091	46.0841	46.5118	45.8165	46.7358	45.7139	46.7364	46.124700000000004	46.4713	45.8797	46.6163	46.1011	46.8396	46.102199999999996	46.5864	46.0211	46.507	45.8967	46.8105	45.9706	46.4252	45.987899999999996	46.389	46.1451	46.5771	46.2355	46.5099	45.9681	46.5507	45.8553	46.276	45.8307	46.415299999999995	46.1621	46.563500000000005	45.7607	46.3663	46.0007	46.3087	46.21	46.0673	45.840599999999995	46.201	45.8684	46.2984	45.868700000000004	46.1853	45.793099999999995	46.1998	45.866299999999995	45.8702	45.9962	46.1816	45.9599	46.5559	45.792	45.8585	45.836	45.8287	46.0067	46.2271	45.9091	45.663599999999995	45.516	46.0944	45.583800000000004	45.942699999999995	45.738299999999995	46.0017	45.818	45.929700000000004	45.9977	45.921299999999995	45.9645	45.6443	45.8003	45.8929	45.9857
Sgr-CMas_017-Ex1-cssl	62.205799999999996	45.719	44.9765	41.8722	45.494800000000005	43.328100000000006	44.1282	44.2674	46.3403	41.795300000000005	48.741800000000005	47.3302	48.3258	46.4282	47.2341	45.4568	47.5901	45.2387	47.498000000000005	45.8057	47.401900000000005	45.539699999999996	46.981899999999996	45.4121	46.9352	45.2257	46.7644	45.0451	47.172399999999996	45.291599999999995	46.9282	45.56	46.7795	45.4524	46.8981	45.4287	46.8376	45.4165	47.0073	45.4713	46.9497	45.6243	46.813300000000005	45.6479	46.7015	45.5015	46.9298	45.4103	46.7392	45.7041	46.658	45.663	46.4333	45.4964	46.8434	45.7996	46.4752	45.9702	46.7101	45.638400000000004	46.8313	45.4886	46.5248	45.8772	46.793600000000005	45.4934	46.3782	45.838	46.5518	45.8762	46.7183	45.561299999999996	46.6669	46.0046	46.5674	45.6355	46.6677	45.4514	46.7389	45.7212	46.4841	46.2069	46.5416	45.7708	46.318599999999996	46.091300000000004	46.3453	45.8806	46.583200000000005	45.9208	46.7925	46.2218	46.5196	45.8634	46.5972	46.1051	46.544200000000004	46.1544	46.3573	46.0197	46.5227	45.8456	46.0972	45.802	46.3278	45.867799999999995	46.3361	45.8348	46.2712	46.1013	46.3965	46.1148	46.1584	45.872600000000006	46.1261	46.0739	45.8343	45.8758	45.996900000000004	45.401599999999995	46.2371	45.9996	46.0617	45.7132	45.894400000000005	45.574999999999996	45.8646	46.0146	45.7372	46.0638	45.5935	45.4324	46.0014	45.6394	45.8158	45.6263	46.0708	45.6138	45.4736	45.8159	45.4771	45.3272	46.2825	45.4356	45.7924	45.5024	45.732	45.6388	45.745000000000005	45.5662
Sgr-CMas_018-Ex1-cssl	63.1859	45.1349	45.475100000000005	42.0761	46.030300000000004	43.156800000000004	45.2996	44.2489	46.9034	41.7654	49.5224	47.3601	48.7674	45.9857	47.7623	45.6078	47.976200000000006	45.855000000000004	48.0188	46.092499999999994	47.7121	45.7822	47.4925	45.4502	47.242200000000004	45.546	47.219	45.299499999999995	47.5171	45.396	47.4385	45.9263	47.2618	45.4036	47.4024	45.722699999999996	47.3148	45.9783	47.3256	45.4977	47.519600000000004	45.567600000000006	47.212199999999996	45.907599999999995	47.0996	45.5497	47.4024	45.5312	46.8706	45.8569	46.8637	45.750800000000005	47.1066	45.9581	47.1216	46.0273	47.2584	45.9904	47.2348	45.5813	47.2125	46.1114	46.9978	45.9228	47.046	45.866299999999995	47.2942	45.9106	47.1444	46.0285	46.9844	46.065400000000004	46.989599999999996	46.145	47.1864	46.0462	46.9566	45.6942	47.2603	45.8922	46.9391	45.912	46.9989	46.5017	47.1948	46.3309	46.8833	46.0638	46.9776	46.098099999999995	46.8987	46.429700000000004	46.8095	46.1302	46.773399999999995	46.235	46.8968	46.1767	46.8931	46.360099999999996	47.0014	46.0299	46.4851	45.9683	46.731	45.886700000000005	47.0293	46.2014	46.8011	46.4179	46.1158	46.1403	46.8027	46.265	46.651900000000005	46.1816	46.2361	46.2058	46.1409	46.2564	46.6878	46.001	46.2771	45.961	46.4225	46.0627	46.4716	46.123	46.2457	45.7558	46.4241	45.8326	46.4466	45.806200000000004	46.3289	45.6662	46.0302	45.8494	46.165800000000004	46.1197	46.1076	45.5117	46.3848	45.8506	46.1202	45.8849	46.1851	45.6265	46.3973	46.0898
Sgr-CMas_019-Ex1-cssl	62.0389	45.6389	45.001999999999995	41.4259	45.3664	43.0522	44.384299999999996	44.154900000000005	46.7094	41.5862	49.115700000000004	46.9925	48.1029	45.7566	47.229	45.3107	47.627	45.299099999999996	47.6622	45.7671	47.456900000000005	45.3422	47.142	45.1417	47.0329	45.3996	46.813300000000005	44.6879	47.158899999999996	45.3056	46.9976	45.6313	47.2018	45.2836	46.726	44.9444	46.753299999999996	45.18	46.813500000000005	45.414100000000005	46.5613	45.3154	46.6833	45.8187	46.658300000000004	45.611200000000004	46.8339	45.4635	46.5778	45.6011	46.7265	45.5204	46.6868	45.3251	46.8778	45.6844	46.5505	45.4736	46.6248	45.4939	46.9176	45.527499999999996	46.509	45.5976	46.3578	45.7039	46.6077	45.7166	46.2361	45.834599999999995	46.3034	45.609100000000005	46.4499	45.8349	46.3352	45.8032	46.4329	45.4788	46.6103	45.3888	46.553	45.8789	46.3624	45.6799	46.5759	46.2394	46.151399999999995	45.583	46.435700000000004	45.869	46.3426	46.0077	46.2842	45.8945	46.2447	45.8699	46.4671	45.9963	46.191700000000004	45.7607	46.2555	45.8569	46.170899999999996	45.7733	46.2625	45.544200000000004	46.136700000000005	45.8202	46.1079	45.644400000000005	46.063700000000004	45.5134	46.1655	45.5623	46.0839	45.712199999999996	45.8172	45.3332	45.9353	45.8009	45.826899999999995	45.2457	45.2658	45.4384	45.410000000000004	45.199	45.8426	45.5413	45.6865	45.378600000000006	45.954899999999995	45.4502	45.6702	45.3212	45.7136	45.1933	45.3836	45.3811	45.266	45.4623	45.0857	44.790400000000005	45.1956	45.4563	45.8165	45.1812	45.397	45.2971	44.9499	45.4984
Sgr-CMas_020-Ex1-cssl	65.1829	42.747	45.8874	41.1743	45.4913	43.0505	45.029799999999994	43.9063	46.3602	41.0337	50.187000000000005	47.8275	49.2556	45.721000000000004	48.0757	45.4313	48.3617	45.684799999999996	48.6108	46.298	47.9719	45.583	47.478300000000004	45.2899	47.2271	45.256099999999996	47.6069	45.129999999999995	47.8476	45.3585	47.6155	45.783	47.5109	45.6006	47.4093	45.7137	47.3117	45.460899999999995	47.4181	45.6126	47.4242	45.618199999999995	47.176899999999996	45.9259	47.0511	45.4921	47.361799999999995	45.3354	47.1465	45.7204	47.218700000000005	45.638	47.0512	45.8115	47.166599999999995	46.0905	46.9256	45.6094	47.1997	46.025	46.9482	46.103699999999996	47.066599999999994	45.7003	47.226099999999995	45.7129	47.124700000000004	45.8645	47.1294	46.139799999999994	47.341699999999996	46.1327	47.2513	46.2144	46.6655	45.8434	47.1052	45.6138	47.2231	46.078599999999994	47.2553	46.0614	47.199999999999996	45.8381	47.5519	46.1223	46.9435	45.845200000000006	46.6864	45.7343	47.340700000000005	46.426	46.852	45.934999999999995	46.7408	46.1758	46.932	45.8979	47.1062	45.9871	46.615899999999996	45.9233	46.8662	46.1877	46.8919	45.8615	46.8043	45.988800000000005	46.7212	46.2072	46.6165	46.274	46.4159	45.8633	46.8025	46.3766	46.2233	45.9275	46.7452	45.819900000000004	46.861799999999995	45.6001	46.760600000000004	45.6237	46.7041	45.516600000000004	46.3356	45.5733	46.4268	46.0484	46.2745	45.908	46.5475	46.1144	45.8337	46.0436	46.072	46.1477	46.0634	45.8949	45.97	45.7248	46.0473	46.2494	46.2776	46.131	45.8527	45.913199999999996	45.7708	46.097100000000005
Sgr-CMas_021-Ex1-cssl	64.6049	44.1806	45.4762	41.9446	45.8536	43.5533	45.2722	44.4456	46.8382	41.6468	49.956	47.7804	49.2162	46.5927	47.8131	45.786	48.2375	46.1335	48.4863	46.0113	48.0677	45.5739	47.2101	46.0323	47.679100000000005	45.8561	47.2646	45.494299999999996	47.6828	45.5891	47.5829	45.9189	47.6376	45.7039	47.615899999999996	45.7844	47.6727	45.9776	47.1397	45.8141	47.553200000000004	45.9848	47.4068	46.197500000000005	47.402699999999996	45.6415	47.3178	45.608399999999996	47.719899999999996	45.9191	47.1884	45.752700000000004	47.368500000000004	45.745999999999995	47.592800000000004	45.8433	47.2754	45.6158	47.7132	46.1511	47.5551	45.8731	47.2716	46.1431	47.3898	46.326	47.3819	46.0351	46.9163	45.9104	47.2492	45.778999999999996	47.4443	46.0606	47.1381	46.391	47.4856	45.8839	47.3156	46.2548	47.168	46.075300000000006	46.9764	46.225	47.3405	46.1529	47.1586	46.33	47.1767	46.278200000000005	47.1098	46.6496	47.0065	46.1142	46.964099999999995	46.780300000000004	46.9721	46.4613	47.206900000000005	46.2823	47.1411	46.4394	47.0787	46.281499999999994	47.035199999999996	45.9395	46.6892	46.2553	47.1796	46.503699999999995	46.5375	46.2163	46.780699999999996	46.1629	46.5684	45.9229	46.5942	45.873999999999995	46.5935	46.7831	46.5771	45.8486	46.3713	46.1627	46.6609	45.6823	46.3739	45.9264	46.2956	46.2087	46.1124	45.9997	46.1947	46.015	46.192499999999995	46.3377	46.259299999999996	45.7872	45.8316	45.7279	46.409299999999995	45.345800000000004	46.7081	45.9067	46.4046	45.785199999999996	46.2622	46.212399999999995	46.063700000000004	45.953
Sgr-CMas_022-Ex1-cssl	63.41759999999999	45.9131	45.1191	42.4972	45.721000000000004	43.663999999999994	45.3144	44.7284	46.706900000000005	41.8913	49.647200000000005	47.631499999999996	48.797000000000004	46.4953	47.8905	45.976800000000004	48.0018	45.9461	48.526799999999994	46.1311	48.0089	45.9551	47.5004	45.8486	47.3652	45.5376	47.2323	45.5448	47.585300000000004	45.4643	47.451100000000004	46.131699999999995	47.2461	45.7317	47.289500000000004	45.8681	47.3393	45.853300000000004	47.136	45.5804	47.3248	45.6569	47.349599999999995	46.0396	46.9532	45.9313	47.2487	45.698299999999996	47.2778	45.7648	47.280699999999996	45.7574	47.1504	45.8974	47.2933	46.1374	47.2269	45.969500000000004	47.1616	45.841100000000004	47.2985	46.0693	47.0992	46.0322	47.1544	45.9294	47.0499	46.0295	46.9807	46.117399999999996	47.0354	45.9157	47.1166	46.3289	46.9951	45.9024	47.235	45.9019	47.4141	46.192699999999995	47.0381	46.5406	47.1779	46.016200000000005	47.1138	46.259499999999996	47.0115	45.9966	47.1935	46.0069	46.968900000000005	46.233200000000004	46.94	45.9677	47.0406	46.1288	46.998400000000004	46.365899999999996	47.0386	45.9766	46.997499999999995	46.4016	46.8838	46.106	46.707300000000004	46.083800000000004	46.8533	46.1702	46.6536	46.5619	46.4927	46.5293	46.725699999999996	46.1902	46.6724	46.0536	46.5912	46.006	46.6139	45.9279	46.748400000000004	46.2472	46.4087	45.974399999999996	46.736	46.1057	46.632200000000005	46.098299999999995	45.9788	46.3651	46.2541	45.876099999999994	46.325300000000006	46.3808	46.6006	46.0374	46.457	46.0413	46.5957	46.0648	46.2564	45.6473	46.1501	46.171299999999995	45.8673	45.8575	45.9915	45.824	46.3498	46.3309
Sgr-CMas_023-Ex1-cssl	64.558	42.3213	44.9972	40.6217	45.0169	42.4189	44.5799	42.869600000000005	46.0596	40.7177	49.6701	47.1754	48.4549	45.3541	47.6961	45.1204	47.8106	45.333600000000004	48.2763	45.595200000000006	47.6232	45.0988	47.0978	45.147999999999996	47.146100000000004	45.0058	46.8309	45.1909	46.8247	45.0107	47.1715	45.2138	46.8754	44.9772	46.868700000000004	45.1723	46.8589	45.252199999999995	46.7619	45.0717	46.8881	45.1	46.9596	45.2739	46.706199999999995	45.1932	46.7418	45.0707	46.6451	45.2631	46.2575	45.0043	46.5996	45.3026	46.7506	45.4849	46.486	45.157199999999996	46.7913	45.0307	46.4465	45.5614	46.610800000000005	45.326499999999996	46.7559	45.3086	46.286300000000004	45.469	46.3177	45.5297	46.4775	45.7823	46.6422	45.5197	46.5407	45.5615	46.607	45.326	46.388	45.4263	46.5057	45.8495	46.5052	45.6087	46.5161	45.6944	46.4073	45.4591	46.3688	45.5873	46.470299999999995	45.7955	46.2157	45.647	46.1289	46.1813	45.8519	45.7444	46.2862	45.9669	46.5891	45.9285	46.0952	45.556200000000004	46.0621	45.6742	46.0954	45.6457	46.1773	45.6965	45.975300000000004	45.7966	46.1206	45.697500000000005	45.7626	45.7626	45.8312	45.8748	45.9316	45.2972	45.7106	45.187	45.569199999999995	45.311099999999996	45.934599999999996	45.338699999999996	45.556999999999995	45.5754	45.5518	45.2899	45.804	45.338899999999995	45.6165	45.5076	45.3909	45.305099999999996	45.7628	45.1927	45.413199999999996	45.2154	45.481700000000004	44.852199999999996	45.7455	45.2382	45.4464	45.7136	45.3203	45.167	45.6217	44.9228
Sgr-CMas_024-Ex1-cssl	63.890899999999995	43.310900000000004	44.9523	41.2837	45.284	42.4964	44.650400000000005	43.8022	46.2432	41.4078	49.605199999999996	47.375	48.532799999999995	45.8605	47.5484	45.4461	47.8082	45.4725	47.8679	45.9106	47.5002	45.5218	47.1274	45.347100000000005	47.035700000000006	44.8805	47.0334	45.0891	47.037600000000005	45.2403	47.2351	45.5897	46.752300000000005	45.1107	47.2031	45.4392	46.8384	45.643899999999995	46.928	45.399499999999996	46.8081	45.5345	46.8159	45.6764	46.97	45.1075	46.8854	45.176100000000005	47.1823	45.3233	46.8211	45.6556	46.7513	45.5343	47.0017	45.5778	46.577200000000005	45.5168	46.785900000000005	45.4423	46.720800000000004	45.5547	46.6075	45.448699999999995	46.8759	45.638400000000004	46.6496	45.744299999999996	46.3902	45.719500000000004	46.6119	45.839800000000004	46.913700000000006	45.8315	46.457300000000004	45.7536	46.6734	45.7015	46.8865	45.7563	46.588	45.7905	46.7378	45.8367	46.5959	45.9037	46.7049	45.645	46.599000000000004	45.454699999999995	46.638400000000004	45.9106	46.6146	45.6766	46.3804	45.5752	46.5671	45.7961	46.3814	45.9038	46.723	45.8264	46.321200000000005	45.8227	46.2821	45.5471	46.6502	45.7427	46.2809	45.6213	46.2966	45.9447	46.1537	45.788000000000004	46.0659	45.961	46.1239	45.580999999999996	46.1522	45.4779	45.973000000000006	45.7179	45.6992	45.3787	45.690999999999995	45.8441	45.6753	45.527	45.745799999999996	45.5402	45.861200000000004	45.6545	46.041399999999996	45.463	45.5784	45.5131	45.8028	45.4046	45.7229	45.0926	45.801700000000004	45.365899999999996	45.6415	45.738299999999995	45.7822	45.708	45.7553	45.7906	45.9106	45.8727
Sgr-CMas_026-Ex1-cssl	63.4179	44.5749	45.464	41.7254	45.835100000000004	42.9788	45.2168	44.2207	47.3193	41.8166	49.521300000000004	47.3514	48.6852	45.8841	47.9244	45.1195	48.349199999999996	45.4172	48.3738	46.1999	47.8105	45.5772	47.443200000000004	45.434799999999996	47.599599999999995	45.1903	47.6774	44.969	47.5887	45.2556	47.7253	45.8286	47.159099999999995	45.359300000000005	47.2959	45.398300000000006	47.2755	45.5806	47.5324	45.434999999999995	47.134	45.4448	47.3998	45.398300000000006	47.2179	45.4688	47.4309	45.5074	47.2822	45.5287	47.3939	45.689	47.4657	45.6269	47.515299999999996	45.6803	47.0284	45.6409	47.265499999999996	45.656200000000005	47.5043	45.4785	47.4968	45.7003	47.0769	45.7514	47.3307	45.4339	47.1576	45.096000000000004	47.1416	45.628299999999996	47.0546	45.8427	46.7784	45.636500000000005	46.9788	45.609100000000005	47.6238	45.9146	47.037600000000005	45.9299	46.8951	45.8921	46.982099999999996	45.7613	46.828900000000004	45.7023	46.974900000000005	45.674	47.1631	46.0542	46.8646	46.2078	46.8671	46.0884	47.0099	45.968399999999995	46.860600000000005	45.9462	46.9183	45.8302	46.6019	45.902	46.6702	46.2358	46.7229	46.0593	46.5304	45.4172	46.792699999999996	45.679700000000004	46.7395	45.6921	46.4995	45.657199999999996	46.3848	46.502900000000004	46.5032	45.761	46.4938	45.5253	46.0752	45.7822	46.2128	45.6959	45.6408	45.4606	45.7288	45.4365	45.9104	45.482299999999995	46.0945	46.1562	45.996900000000004	45.4593	45.6311	45.6278	45.9781	45.7192	45.9875	45.4118	45.98	45.719500000000004	45.7492	45.546	46.0276	45.2409	45.719	45.461800000000004
Sgr-CMas_028-Ex1-cssl	64.05239999999999	43.9964	45.0778	41.8182	45.482	43.1064	44.865100000000005	43.8099	46.3434	41.658	49.5066	47.7027	48.7459	46.1926	47.8472	46.070100000000004	48.174299999999995	46.1338	47.9689	46.048899999999996	47.7453	45.7002	47.530899999999995	45.6363	47.3185	45.198100000000004	47.106300000000005	45.393699999999995	47.485	45.4096	47.2583	45.7699	47.2291	45.650800000000004	47.3719	45.5986	47.3658	45.7827	47.1891	45.938	47.3293	45.8113	47.2034	45.8177	47.096700000000006	45.7026	47.0445	45.6688	47.0762	45.8414	46.922599999999996	45.6308	47.1052	45.8191	47.3429	46.0212	47.0194	46.0437	47.131	45.8637	46.9885	45.826499999999996	47.0151	45.952799999999996	46.8862	45.8833	46.967999999999996	45.862700000000004	47.1175	46.0957	47.0132	46.02	47.1152	46.1458	46.8301	45.8717	46.936299999999996	45.8084	47.1637	46.3538	46.899499999999996	46.111000000000004	46.9892	46.050999999999995	47.010999999999996	46.253	46.8725	46.1079	46.9637	45.789699999999996	47.0096	46.2958	46.9813	46.233999999999995	46.647800000000004	46.114	46.8323	46.3373	46.761599999999994	46.367399999999996	46.6464	45.9314	46.47	46.0743	46.6702	46.2632	46.8208	46.401900000000005	46.6926	46.4607	46.3294	46.3335	46.5644	46.2202	46.3607	46.3611	46.1879	45.9807	46.3681	46.0645	46.573100000000004	46.0154	46.416000000000004	46.158300000000004	46.5781	45.8628	46.3833	46.2123	46.0736	46.0012	46.3262	46.1755	46.3821	46.0974	46.1725	45.7271	46.183099999999996	45.9636	46.0895	46.103699999999996	46.0142	45.9309	46.2439	45.759100000000004	46.2345	45.647	45.8446	45.9361	45.9445	46.2031
Sgr-CMas_030-Ex1-cssl	64.4104	45.4861	46.483999999999995	42.841699999999996	46.8869	44.1978	45.9645	45.3585	48.0848	42.4563	50.9634	48.3334	50.0899	47.2392	49.1603	46.7644	49.3263	46.8127	49.5142	47.0554	48.919000000000004	46.6953	48.696400000000004	46.5105	48.524499999999996	46.3219	48.300599999999996	46.3105	48.656	46.5467	48.5025	46.8741	48.4417	46.5142	48.4295	46.7134	48.344300000000004	46.8046	48.2048	46.719500000000004	48.3639	46.4558	48.272	46.9431	48.2037	46.6696	48.1485	46.6817	48.545500000000004	47.0793	48.197	46.7841	48.3874	46.9277	48.239900000000006	47.1084	48.0899	46.956199999999995	48.2463	46.9721	48.121399999999994	47.009499999999996	48.0631	46.7594	48.3247	46.8124	48.0176	46.9981	48.0899	46.860099999999996	48.192800000000005	47.3026	48.1688	47.1102	48.2152	47.0646	48.133199999999995	47.063300000000005	48.0969	47.388400000000004	48.038199999999996	47.2077	48.1284	47.1912	48.045	47.2949	47.8954	47.3518	48.1234	47.0989	47.9933	47.3613	48.129	47.2551	47.8935	47.3802	48.004000000000005	47.1333	47.8754	47.5526	48.0502	47.0353	47.910599999999995	47.4932	47.6987	47.2699	47.9876	47.396	48.0822	47.379599999999996	47.3478	47.496300000000005	47.4724	47.505199999999995	47.722300000000004	47.5555	47.374500000000005	47.1467	47.692299999999996	46.8564	47.6548	47.064299999999996	47.4869	46.8473	47.5428	47.2366	47.6563	46.9614	47.3734	46.9246	47.3793	47.3723	47.3139	47.2024	47.4035	46.9587	46.9626	46.8159	47.1971	47.0009	47.4661	46.7511	47.4333	47.2877	47.2505	46.807	47.1664	46.9739	47.4367	47.1269
Sgr-CMas_031-Ex1-cssl	63.7848	45.4193	45.5791	42.0755	45.6442	43.6975	44.9473	44.5556	47.1691	41.966	49.9611	48.0572	48.6757	46.2293	47.8191	45.9031	48.1903	46.183800000000005	48.2275	46.274100000000004	47.581	45.8697	47.628	45.8505	47.6453	45.839999999999996	47.1029	45.5614	47.585	45.5655	47.627199999999995	46.2082	47.3009	45.589400000000005	47.5422	45.8234	47.6129	45.7778	47.2998	45.7968	47.4455	46.062999999999995	47.388999999999996	46.193	46.731	45.9752	47.402899999999995	46.091100000000004	47.2101	46.000099999999996	47.3202	45.827	47.1707	46.002900000000004	47.4815	46.17	46.9881	45.8568	47.2964	46.3178	47.367399999999996	45.9192	46.973	46.497899999999994	47.1904	46.2002	47.2014	46.1881	46.8564	46.3451	47.0864	46.1578	46.8441	46.645199999999996	47.0192	46.273399999999995	47.4393	46.006	46.9356	46.0614	46.8603	46.3072	47.1298	46.489999999999995	47.0748	46.6102	47.1043	46.2103	46.901199999999996	46.5196	46.9429	46.3799	46.9133	46.2747	46.9897	46.2481	46.8273	46.381699999999995	46.856700000000004	46.574799999999996	47.1323	46.2786	46.875099999999996	46.1879	47.119699999999995	46.4354	46.8988	46.3039	46.6325	46.393499999999996	46.4461	46.4825	46.8617	46.2475	46.7691	46.028400000000005	46.7111	46.076699999999995	46.6537	46.5091	46.2835	46.4621	46.0961	46.313700000000004	46.6095	46.2692	46.448699999999995	46.1198	46.2223	45.6517	46.300999999999995	46.0692	46.1063	45.7427	46.1999	45.767	46.009100000000004	46.4539	46.2423	46.2503	46.0077	46.0096	46.455	46.1265	46.3463	46.6947	45.901199999999996	45.7644	46.5396	46.2793
Sgr-CMas_032-Ex1-cssl	63.150600000000004	45.7053	45.561800000000005	42.200500000000005	46.0156	43.4981	45.3018	44.9397	47.1554	42.2734	49.8656	47.903099999999995	48.918299999999995	46.556599999999996	48.0424	45.7439	48.2586	46.0704	48.4392	46.305	48.1715	45.8843	47.626000000000005	45.6464	47.5545	45.8714	47.4729	45.7713	47.635	45.7418	47.8384	46.1886	47.511399999999995	45.7534	47.519600000000004	45.7607	47.4478	46.024	47.3159	45.7238	47.3848	45.812000000000005	47.3722	46.2654	47.3562	45.9855	47.4748	45.912	47.342800000000004	46.1195	47.0235	46.0417	47.389700000000005	46.0929	47.281600000000005	46.102199999999996	47.1422	46.016600000000004	47.0982	46.315200000000004	47.2479	45.9574	47.3067	46.143699999999995	47.218900000000005	46.314499999999995	47.054899999999996	46.169900000000005	47.181400000000004	46.1768	47.4809	46.1953	47.3761	46.3934	47.1396	46.305800000000005	47.4782	46.1798	47.249	46.164699999999996	47.2794	46.4557	47.2646	46.4064	47.3788	46.5499	47.1487	46.115899999999996	47.3598	46.2704	47.118	46.6508	47.1308	46.3119	47.1051	46.098299999999995	47.2577	46.434599999999996	47.0482	46.6742	47.1109	46.4058	47.082	46.4505	46.9222	46.465	46.5949	46.4356	46.987899999999996	46.4272	47.0606	46.332	46.6541	46.2218	46.643699999999995	46.501999999999995	46.7008	46.2384	46.6323	46.6141	46.3363	46.1548	46.639199999999995	45.93	46.7053	46.2414	46.653800000000004	46.3238	46.4634	45.9031	46.2899	45.9147	46.512	46.1071	46.555099999999996	46.1254	46.4522	45.744	46.4404	46.1078	46.2907	46.1816	46.0866	46.036300000000004	46.6471	46.264300000000006	46.334599999999995	46.1886	46.2149	46.2333
Sgr-CMas_033-Ex1-cssl	64.1129	44.8364	46.3552	42.1777	46.1958	43.6173	45.835	44.8866	47.4198	41.9737	50.23459999999999	47.7486	49.6337	46.5867	48.5625	46.0609	48.736000000000004	45.9657	48.8687	46.4872	48.396899999999995	46.3964	47.9599	45.9163	47.6395	46.207300000000004	47.7635	45.8938	47.9632	46.1146	47.6821	46.3124	47.5111	46.0002	47.8701	46.3369	47.7428	46.3294	47.5407	46.233200000000004	47.6625	46.2387	47.3709	45.8371	47.4244	46.06	47.8506	45.758900000000004	47.436299999999996	46.3364	47.732	45.8563	47.2862	46.1153	47.7157	46.2146	47.4369	46.6052	47.807300000000005	46.4243	47.8523	45.886300000000006	47.7315	46.184999999999995	47.3459	45.954899999999995	47.5293	45.9086	47.6915	46.0936	47.4024	46.4981	47.7914	46.5423	47.613499999999995	46.334599999999995	47.5823	46.2573	47.6096	46.5501	47.3812	46.5218	47.9236	46.3854	47.5349	46.405	47.5372	46.5684	47.3763	46.167	47.8665	46.9196	47.368	46.8668	47.5516	46.757799999999996	47.2239	47.1091	47.3859	46.9478	47.9317	46.5966	46.8232	46.4621	47.0191	46.6215	46.9915	46.1952	46.9139	46.5701	46.987	46.5063	47.2798	47.0254	46.9874	47.0944	46.356700000000004	46.4681	46.8923	46.4664	46.974199999999996	46.1568	47.2241	46.215	46.9731	46.0726	47.1965	46.5727	47.0664	46.1407	46.6559	46.4621	46.1102	46.0129	46.4607	46.1958	46.5279	46.3778	46.4383	46.1147	46.6668	46.6684	47.165600000000005	46.262	46.5991	46.0131	46.245799999999996	46.2824	46.615	46.455999999999996
Sgr-CMas_034-Ex1-cssl	63.591699999999996	45.750800000000005	45.4839	42.282599999999995	45.8703	43.538	45.0539	44.5509	47.2314	41.8002	50.1273	47.6997	49.2433	46.4516	47.8485	45.7822	48.4165	46.144	48.5649	45.9814	48.178399999999996	45.9925	47.6708	45.7761	47.5064	45.6918	47.4275	45.5811	47.6212	45.7175	47.768	45.9597	47.3777	45.7022	47.4729	45.7763	47.4334	45.6969	47.4515	45.6193	47.486200000000004	45.7521	47.3781	45.9588	47.376200000000004	45.830799999999996	47.297	45.9019	47.3596	45.960699999999996	47.286	45.7382	47.2369	46.0265	47.4561	46.147	47.344	45.7832	47.2565	45.9221	47.3248	46.0991	47.49	45.9472	47.3383	46.1188	47.1468	46.0985	47.0474	46.042100000000005	47.3036	46.220800000000004	47.3161	46.1877	47.2196	46.132600000000004	47.2135	46.0408	47.2382	46.1366	47.2177	46.1277	47.31	46.192299999999996	47.339	46.3575	47.155	46.2628	47.064099999999996	46.274	47.3053	46.4226	47.1731	46.1913	47.0435	46.4505	47.1513	46.4392	46.9259	46.2016	46.8057	46.479	46.9796	46.4954	47.035900000000005	46.4584	47.0599	46.1415	47.0799	46.510400000000004	46.931	46.4659	46.8131	46.3177	47.002500000000005	45.9911	46.6231	46.165800000000004	46.6884	46.1849	46.557900000000004	45.8839	46.7228	46.0225	46.6655	45.915800000000004	46.4661	45.8519	46.2658	46.106700000000004	46.2637	46.2287	46.4224	45.7545	45.941900000000004	46.047	46.4188	46.0185	45.9294	45.9766	45.9775	45.9027	46.082499999999996	45.8976	46.794999999999995	46.1587	45.8354	45.9301	46.3239	45.9202
Sgr-CMas_035-Ex1-cssl	63.0042	45.9156	45.5662	42.2222	45.9872	43.513600000000004	45.5865	44.8543	47.444199999999995	42.2692	49.9173	47.6403	49.181000000000004	46.3864	47.9545	45.8854	48.028	46.0672	48.2405	46.4181	47.7829	45.9676	47.443000000000005	45.6893	47.52	45.7248	47.4047	45.634	47.751599999999996	45.683800000000005	47.5951	46.0131	47.4196	45.7555	47.119699999999995	45.6325	47.5726	45.9741	47.4046	45.884	47.3379	45.9827	47.3439	45.9699	47.118	45.8857	47.25	45.724599999999995	47.0483	46.1336	47.1699	46.1629	47.354	46.1916	47.4174	46.0809	47.3439	45.919900000000005	47.2488	46.0896	47.1778	46.1871	47.2645	46.0875	47.2592	46.204299999999996	47.3807	45.878600000000006	47.2581	46.1631	47.042699999999996	46.252700000000004	47.2578	46.5522	47.0704	46.254	47.2685	45.923700000000004	47.2309	46.4686	47.182	46.164500000000004	47.3542	46.2503	47.3042	46.3706	47.0808	46.150400000000005	47.3226	46.198699999999995	47.2235	46.228	47.0925	46.5856	47.262100000000004	46.220800000000004	47.2509	46.5249	47.1862	46.5141	47.049800000000005	46.5015	47.1699	46.3791	46.9169	46.360299999999995	46.8493	46.5895	46.7966	46.6082	46.6131	46.574	46.7717	46.213300000000004	46.6217	46.4637	46.3853	46.4178	46.4077	45.9829	46.8354	46.0768	46.4061	45.9393	46.1323	46.1816	46.6397	46.300200000000004	46.5227	46.117000000000004	46.325	46.1546	46.429500000000004	45.864	45.940599999999996	46.1328	46.3311	46.149699999999996	46.721000000000004	46.2748	46.0734	45.8146	46.511	46.4457	46.2551	46.2188	46.073	46.0384	46.413399999999996	46.1188
Sgr-CMas_036-Ex1-cssl	63.242399999999996	45.385799999999996	46.0079	41.9375	46.212399999999995	43.4485	45.3989	44.168400000000005	47.3949	42.1305	50.0876	47.990300000000005	49.132999999999996	46.4003	48.1487	45.6337	48.498999999999995	46.070699999999995	48.7004	46.323	48.2268	45.962199999999996	47.7785	45.4593	47.5657	45.494299999999996	47.7662	45.5056	47.6902	45.7384	47.8045	45.9052	47.6393	45.8105	47.733599999999996	45.777499999999996	47.6109	45.853300000000004	47.566399999999994	45.9325	47.4491	45.7986	47.6776	46.0784	47.6177	45.7762	47.938399999999994	45.5756	47.119299999999996	45.9115	47.3067	46.0495	47.5067	45.9889	47.6338	46.2944	47.424	46.063700000000004	47.2678	46.1091	47.4148	46.083800000000004	47.739399999999996	45.9714	47.5224	45.7639	47.4092	46.057500000000005	47.1201	45.9319	47.5312	46.2411	47.509	46.281800000000004	47.2951	46.114	47.288999999999994	46.1082	47.4103	45.933099999999996	47.3311	46.2586	46.9685	46.3494	47.247699999999995	46.3165	47.4828	46.1211	47.0226	46.2632	47.4889	46.474199999999996	46.9877	46.3589	47.249	46.5399	46.8879	46.3667	47.041	46.4221	47.069100000000006	46.785199999999996	46.7915	46.0247	46.9414	46.3771	47.0349	46.5781	46.6578	46.3596	46.496500000000005	46.3306	46.922399999999996	45.9379	46.7999	46.4726	46.4976	46.4039	46.7812	46.1895	46.5362	45.9785	46.0182	45.779399999999995	46.738099999999996	46.2424	46.19	46.2757	46.2851	45.94	46.7572	45.683099999999996	46.465	46.2223	46.5631	45.9422	45.955400000000004	45.7642	46.1524	45.9035	46.5058	45.791	46.33	45.976099999999995	45.9527	45.8175	45.439299999999996	45.9315	46.2237	46.0778
Sgr-CMas_038-Ex1-cssl	61.515	47.3603	45.3575	41.887	46.0918	43.912800000000004	44.9523	44.5351	46.9694	42.640899999999995	49.128699999999995	47.359	48.7518	46.3296	47.7577	46.0596	48.1132	45.946799999999996	48.133199999999995	46.234700000000004	48.0649	45.9513	47.545500000000004	45.9856	47.523900000000005	46.035	47.1959	45.547900000000006	47.618	45.8057	47.5951	46.169700000000006	47.3664	45.809	47.332499999999996	45.86	47.463899999999995	46.1888	47.3645	46.0179	47.526	45.851	47.2517	46.156000000000006	47.2363	45.913	47.360600000000005	45.9101	47.1493	46.132400000000004	47.0354	46.0731	47.300599999999996	46.2967	47.2951	46.3568	47.2676	46.1742	47.295700000000004	46.138400000000004	47.0889	46.122800000000005	47.0192	46.3122	47.1089	46.2402	47.0785	46.259	47.025800000000004	46.2272	47.147800000000004	46.1613	47.173300000000005	46.4173	46.9649	46.2157	47.1167	46.0249	46.999	46.3707	47.0222	46.3437	47.0285	46.4069	47.1212	46.469100000000005	46.998200000000004	46.1026	47.1269	46.181400000000004	47.1234	46.4105	46.9707	46.2905	46.7507	46.1664	47.0011	46.4964	47.022000000000006	46.3519	47.012	46.3437	46.862300000000005	46.3844	46.6916	46.2985	47.0823	46.2693	46.8177	46.556	46.981	46.3766	46.791700000000006	46.225699999999996	46.715	46.1352	46.496300000000005	46.388200000000005	46.452799999999996	46.2738	46.779900000000005	46.3506	46.5822	45.9208	46.5015	46.0404	46.524	46.3036	46.4455	46.209	46.4611	46.0585	46.159499999999994	46.3052	46.1469	46.2532	45.8215	45.9947	46.3664	46.2377	46.1773	46.0949	46.3561	45.9512	46.171099999999996	46.1004	46.0225	46.224900000000005	46.5727	45.9373
Sgr-CMas_040-Ex1-cssl	62.676500000000004	43.4236	45.246700000000004	41.9357	44.965500000000006	43.2441	43.878699999999995	44.341	46.0271	41.2037	49.5575	47.8184	47.9821	46.0945	47.0407	45.2058	47.2828	45.4544	47.271	45.7393	47.1417	45.4993	46.6052	45.2455	46.462399999999995	44.999	46.4987	44.9604	46.7585	45.143100000000004	46.557500000000005	45.2386	46.5906	45.2618	46.4789	45.379000000000005	46.4246	45.345200000000006	46.3427	45.2551	46.503499999999995	45.245400000000004	46.5897	45.319900000000004	46.4853	45.169599999999996	46.3986	45.1633	46.2075	45.5788	46.1256	45.2374	46.483000000000004	45.321099999999994	46.4393	45.414300000000004	46.287299999999995	45.3639	46.0524	45.3581	46.2346	45.308	46.3664	45.388099999999994	46.189	45.232499999999995	46.340399999999995	45.3827	46.2766	45.5212	46.2704	45.4794	46.525499999999994	45.496900000000004	46.1183	45.5062	46.361000000000004	45.269	46.4729	45.4265	46.407	45.570699999999995	46.3184	45.599000000000004	46.3161	45.373599999999996	46.292699999999996	45.4561	46.1793	45.3848	46.340399999999995	45.7512	46.543099999999995	45.3868	46.1156	45.3902	46.114	45.5198	46.4064	45.595	46.092499999999994	45.6136	46.0749	45.4263	46.0704	45.5013	46.0503	45.5049	46.0038	45.5631	46.022999999999996	45.6253	45.9576	45.6422	45.8142	45.353500000000004	45.6285	45.7198	45.9315	45.5279	45.719	45.1614	45.6659	45.4184	45.9666	45.245999999999995	45.7629	45.2476	45.568	45.5267	45.373400000000004	45.5349	45.4826	45.2906	45.1321	45.1098	45.4084	45.0675	45.484	45.4463	45.757999999999996	45.1652	45.352199999999996	45.4927	45.7082	45.2202	45.2884	45.0847	45.7063	45.258199999999995
Sgr-CMas_042-Ex1-cssl	62.9645	45.1255	45.663199999999996	42.0279	45.942499999999995	43.7142	45.419	44.6552	47.0817	41.9916	50.02760000000001	47.5576	49.3347	46.325300000000006	47.9135	45.616099999999996	47.9551	45.7423	48.3608	46.120400000000004	48.266	45.8243	47.5694	45.6856	47.7279	45.4373	47.4832	45.454	47.7842	45.745400000000004	47.8352	45.8504	47.36	45.557900000000004	47.4241	45.93	47.454800000000006	45.683099999999996	47.1501	45.6784	47.4711	45.87	47.3777	45.8755	47.2725	45.6659	47.4075	45.714	47.570299999999996	45.9413	47.336	45.9707	47.1074	45.7961	47.5772	45.8985	47.449200000000005	45.818999999999996	47.2414	46.133	47.5498	45.859	47.3266	45.8213	47.2541	45.768	47.351	45.854	47.372	46.1684	47.0874	45.888600000000004	47.2736	46.2136	47.2353	45.947900000000004	47.188900000000004	45.908100000000005	47.3785	45.7907	47.429700000000004	46.0075	46.9513	46.2591	47.3596	46.1845	47.0216	46.158	46.7907	46.2965	47.137299999999996	46.217999999999996	46.8958	46.278200000000005	46.868700000000004	45.988600000000005	46.8076	46.104299999999995	47.138799999999996	46.4649	46.9337	46.2349	46.853699999999996	46.5379	46.7082	46.2511	46.9927	46.2559	46.5074	45.952	47.1381	46.069500000000005	46.9477	45.7737	46.7196	46.0147	46.462900000000005	45.9173	46.3129	45.928999999999995	46.4808	45.909299999999995	46.469100000000005	45.9628	46.3966	46.033	46.2029	46.145199999999996	46.4073	46.015699999999995	46.2296	45.6828	46.2941	46.0659	45.981	45.7839	45.7893	45.763799999999996	46.098299999999995	45.5675	46.4442	45.9488	46.2162	45.6735	45.981100000000005	46.1065	45.8323	45.9729	45.974900000000005	46.1911
Sgr-CMas_043-Ex1-cssl	63.9587	45.9328	46.7924	42.7923	46.617799999999995	44.0469	45.8103	44.9996	47.7748	42.2803	50.48859999999999	48.4396	49.790800000000004	46.8295	48.9341	46.1087	49.149	46.4959	48.9226	46.765699999999995	48.9587	46.5953	48.3448	46.408500000000004	48.1677	46.2436	48.010000000000005	46.0782	48.619099999999996	46.2089	48.287600000000005	46.7573	48.0401	46.1524	48.0508	46.251	47.9484	46.828399999999995	48.146499999999996	46.577200000000005	47.9612	46.2793	48.0788	46.5082	47.7682	46.4285	47.8715	46.352900000000005	47.8354	46.7624	47.903600000000004	46.2821	48.1522	46.7885	48.1759	46.541399999999996	47.6904	46.7766	47.7384	46.7107	47.700700000000005	46.5026	47.8207	46.6281	48.011900000000004	46.3688	47.7464	46.6104	47.864000000000004	46.558699999999995	47.8144	46.7603	47.927	46.627	47.9095	46.6395	48.0836	46.288000000000004	47.9512	46.7805	47.996100000000006	46.7843	47.8752	46.9275	47.6363	46.6661	47.814299999999996	46.639	47.8002	46.4911	47.5218	46.8011	47.5675	46.8538	47.605199999999996	46.551500000000004	47.7186	46.9403	47.7013	46.8219	47.6283	46.8044	47.5856	46.701100000000004	47.5183	46.7392	47.694199999999995	46.9255	47.461999999999996	46.8554	47.4868	46.7968	47.6068	46.394999999999996	47.3597	46.696799999999996	46.9628	46.777	47.2509	46.6147	47.5717	46.6897	46.7442	46.45	47.2051	46.5949	47.191300000000005	46.9983	46.9398	46.6184	47.1702	46.4944	46.5391	46.955000000000005	46.555600000000005	46.3314	46.915099999999995	46.1405	47.0614	46.0015	46.9791	46.2582	46.9393	46.4577	46.8117	46.3856	46.2288	46.6689	46.7964	46.604600000000005
Sgr-CMas_044-Ex1-cssl	64.1001	44.528600000000004	45.8595	42.554700000000004	45.7067	43.4448	45.4828	44.8337	47.3492	41.9486	50.606399999999994	48.2626	49.556400000000004	46.2635	48.605	45.9769	48.6972	46.164	48.7415	46.8134	48.5078	46.2729	48.0933	45.6406	48.0361	45.3606	48.0353	45.333400000000005	48.0816	45.7275	48.2859	46.1854	48.0891	46.0749	47.7371	45.9939	48.0507	46.0941	48.0208	46.1567	47.782799999999995	46.220299999999995	47.8367	46.0591	47.7775	46.3109	47.7291	46.1892	47.5875	46.311600000000006	47.6605	46.215	47.9652	46.3118	47.8536	46.2691	47.6212	46.3084	47.6113	46.4449	48.239599999999996	46.2337	47.8127	46.408500000000004	47.7743	46.6467	47.6428	46.4939	47.9533	46.5144	47.5352	46.6139	47.652899999999995	46.421	47.3051	46.0034	47.518100000000004	46.413399999999996	47.5468	46.340599999999995	47.4593	46.8484	47.1576	46.663399999999996	47.555	46.756	47.7481	46.5948	47.5194	46.4594	47.786	46.983200000000004	47.4401	46.633	47.3264	46.7987	47.264	46.7997	47.7646	46.7787	47.391299999999994	46.5586	47.3063	46.3034	47.2385	46.041	47.5967	46.0357	47.2997	46.6783	46.7109	46.8232	46.8792	46.698699999999995	47.396100000000004	46.0548	46.7956	46.5077	47.6441	46.4741	47.0746	46.5978	46.5595	46.7298	46.8165	46.665800000000004	46.8981	46.1086	47.0043	45.6954	46.535199999999996	46.3447	46.35	47.071200000000005	46.0621	46.4944	46.616800000000005	46.724	46.7504	46.2708	46.8338	46.0605	46.455999999999996	46.6734	46.7041	47.2104	46.3157	45.9932	46.7312	46.1097
Sgr-CMas_045-Ex1-cssl	64.0831	45.6928	46.5315	42.6769	46.577	44.4099	45.8369	45.3556	47.8666	42.5028	50.47970000000001	48.3673	49.6307	47.1715	48.6068	46.4814	48.9341	46.5728	49.0723	46.9857	48.6658	46.6124	48.1187	46.449600000000004	47.9705	46.2148	48.1089	46.1824	48.350300000000004	46.4999	48.1649	46.620400000000004	48.1081	46.5958	48.084199999999996	46.6152	48.0262	46.7748	48.234500000000004	46.3974	48.133900000000004	46.5187	48.1419	46.8184	47.667500000000004	46.541399999999996	48.0018	46.374700000000004	48.145500000000006	46.448299999999996	47.9218	46.6438	48.0226	46.6195	48.2458	46.6905	47.7448	46.463	48.253800000000005	46.9784	48.017900000000004	46.7021	47.8437	46.7145	47.768899999999995	46.8321	47.8675	46.8461	47.8427	46.7513	47.8697	46.8308	47.8487	46.9606	47.6684	46.9005	47.8726	46.841699999999996	47.9069	47.0512	47.8721	47.079100000000004	47.7172	46.9247	47.7623	46.9989	47.7819	46.7845	48.0171	47.076499999999996	47.6168	47.002	47.7051	46.8612	47.816900000000004	46.931400000000004	47.4939	47.1488	47.498200000000004	47.115	47.6482	46.9407	47.5622	46.794799999999995	47.494	46.9105	47.7991	46.8628	47.4959	46.562599999999996	47.4424	46.7865	47.760999999999996	46.903099999999995	47.467	46.728500000000004	47.2323	46.538000000000004	47.4591	46.7075	47.0483	46.766200000000005	46.9241	46.6772	46.9865	46.7748	46.883599999999994	46.6624	46.645399999999995	46.5544	46.6205	46.8988	46.6635	46.5903	46.7846	46.4188	46.697300000000006	46.7924	46.803200000000004	46.3321	46.8424	46.699	46.4915	46.5229	46.867399999999996	46.5061	46.718399999999995	46.3703	46.7329	46.2947
Sgr-CMas_046-Ex1-cssl	60.8687	43.7805	46.3987	41.0857	46.186899999999994	42.0419	46.2987	42.0888	47.4127	41.2632	50.17549999999999	45.8741	49.378899999999994	44.9165	47.5816	43.2067	47.5691	43.3529	48.8871	44.1839	48.522	44.173	48.3493	43.538199999999996	48.3164	43.2012	48.357099999999996	43.3904	48.6002	44.1792	48.518899999999995	44.345	47.3064	44.1392	48.418099999999995	44.1048	48.5142	43.958999999999996	48.9828	44.1606	48.1965	44.2024	48.5638	44.214	47.2527	43.9213	47.0615	43.9869	47.9479	43.6118	47.4123	44.066100000000006	48.175200000000004	44.3104	47.4354	44.4848	48.025	43.8747	47.0742	45.0244	47.4398	43.578	48.0699	44.8487	47.94	44.3609	46.6805	44.0225	47.5727	44.4825	47.7624	44.1031	47.533500000000004	45.143699999999995	46.6625	44.6174	47.0908	43.7361	48.0322	44.4927	47.368300000000005	44.5327	47.5736	44.4797	46.9908	44.4685	47.3137	44.0708	47.066900000000004	44.434400000000004	47.5809	45.223	47.2342	44.4158	47.734700000000004	44.6651	47.086299999999994	45.0592	47.3588	44.5959	47.146300000000004	44.4876	46.2322	44.307900000000004	46.2504	44.5422	45.845	45.2063	47.052699999999994	45.0245	46.018	44.2146	46.0192	43.8747	47.3305	44.609500000000004	46.003899999999994	44.2179	47.0952	44.616299999999995	46.4321	44.4581	46.5291	44.1219	45.5355	45.488800000000005	45.795700000000004	43.8726	45.3521	44.4285	45.8305	44.4296	45.4305	45.242900000000006	45.2619	43.6928	45.4326	44.2929	45.299299999999995	43.848	45.8743	44.2612	45.0351	44.4107	45.6926	42.9429	45.16	42.9837	46.5261	44.1474
Sgr-CMas_047-Ex1-cssl	64.33109999999999	42.9802	44.888099999999994	41.0638	45.252700000000004	42.7076	44.0546	43.662600000000005	46.0542	41.028999999999996	49.5789	47.326	48.7396	45.886500000000005	47.5553	45.3497	47.701	45.3913	47.829100000000004	45.8748	47.6163	45.352199999999996	47.1879	44.8822	47.04	45.0636	46.8277	45.095600000000005	46.957	45.246900000000004	47.0596	45.528	47.0463	45.056200000000004	46.9433	45.3346	47.0738	45.2714	46.7339	45.2662	46.7529	45.1267	46.8236	45.5883	46.6792	45.2725	46.8876	45.1667	46.8452	45.1804	46.6251	45.3876	46.9431	45.393699999999995	46.888000000000005	45.503	46.5752	45.4947	46.6988	45.548899999999996	46.9402	45.2295	46.692299999999996	45.7513	46.8028	45.4982	46.7292	45.5244	46.8662	45.568799999999996	46.8366	45.7552	46.583000000000006	45.583	46.5562	45.5596	46.5992	45.442	46.5446	45.7404	46.817	45.6452	46.6899	45.8183	46.4377	45.6693	46.5867	45.765	46.3082	45.6757	46.801500000000004	45.5324	46.4803	45.7074	46.2014	45.6945	46.602900000000005	45.9659	46.4107	45.7716	46.468199999999996	45.6274	46.4583	46.006	46.5661	45.730199999999996	46.4045	45.5967	46.6052	45.6606	46.2213	45.608399999999996	46.1009	45.609	46.1477	45.4733	46.0499	45.462	46.013999999999996	45.5339	46.178999999999995	45.4773	45.9259	45.531	46.0646	45.7884	45.736399999999996	45.3258	46.1095	45.277499999999996	45.745200000000004	45.6741	45.7208	45.4038	45.463300000000004	45.358900000000006	45.467999999999996	45.1781	46.0248	45.3943	45.705400000000004	45.3558	45.3713	45.6958	45.5801	45.1375	45.528600000000004	45.4843	45.6567	45.9526
Sgr-CMas_048-Ex1-cssl	63.08709999999999	44.6108	45.6019	42.051100000000005	45.8341	43.0759	45.3695	44.2934	47.1671	42.0632	49.9079	47.4611	48.9903	45.7497	48.0707	45.834599999999995	48.2517	45.612700000000004	48.3692	46.1206	47.876200000000004	45.4663	47.6237	45.0561	47.7567	44.9632	47.5145	45.205	47.815200000000004	45.3685	47.6423	45.6687	47.3535	45.3564	47.375099999999996	45.6094	47.3799	45.513999999999996	47.4918	45.504400000000004	47.6739	45.4011	47.386	45.8615	47.191300000000005	45.495400000000004	47.227599999999995	45.3664	47.3408	45.652	47.4191	45.734	47.448800000000006	45.8701	47.079100000000004	45.9702	47.1924	45.8239	47.1569	45.7765	47.086	45.598499999999994	47.5169	45.657599999999995	46.9891	45.715	46.996	45.726099999999995	46.9868	45.540000000000006	47.0117	45.9075	46.968700000000005	46.0587	47.022000000000006	45.9302	46.8487	45.8754	46.9955	45.8036	47.247	45.86	46.8953	45.699400000000004	46.6767	46.135	47.119	45.8991	46.9194	45.909499999999994	47.4474	45.985	46.8911	45.6277	47.1458	45.762	47.1715	46.0305	47.036699999999996	45.880500000000005	46.724700000000006	45.920100000000005	46.7442	45.7266	46.759499999999996	45.9253	46.4411	45.9795	46.5534	46.0124	46.3872	45.7362	46.1188	46.202	46.8897	46.0557	46.617599999999996	45.373000000000005	45.9704	46.0717	46.7432	45.8104	46.1624	45.706599999999995	46.1098	45.9599	45.923700000000004	45.4769	45.896100000000004	45.4925	46.3854	45.6867	46.2997	45.7405	45.722699999999996	45.3743	45.5812	45.5038	45.8719	45.7806	45.6748	45.1733	45.969500000000004	45.4942	45.8145	45.6997	45.7092	45.9347	46.015699999999995	45.9562
Sgr-CMas_049-Ex1-cssl	62.6413	46.4145	45.5173	42.638799999999996	45.6696	43.87	45.1733	45.2336	47.0733	42.2108	49.7451	47.9285	48.5846	46.4491	47.407	46.0724	47.8239	46.1417	48.1658	46.3556	47.7426	46.091300000000004	47.3596	45.8871	47.3375	45.888400000000004	47.0888	45.7181	47.1754	45.8455	47.4428	46.0674	47.2231	46.029399999999995	47.1424	45.852900000000005	47.227999999999994	45.942699999999995	47.2682	46.0553	47.3339	45.6993	47.272999999999996	46.0194	47.0818	45.9922	47.022999999999996	45.9979	47.006	46.0657	46.9036	46.286300000000004	47.2897	46.3283	46.966499999999996	46.3503	46.9298	46.143299999999996	47.1035	46.3797	46.970099999999995	46.0567	47.008	46.053399999999996	46.908699999999996	46.2694	46.9116	46.247	46.8279	46.196	46.8493	46.4932	46.9095	46.450599999999994	46.7368	46.0807	46.8586	46.037800000000004	46.941300000000005	46.2772	46.907700000000006	46.3761	47.054	46.096199999999996	46.886100000000006	46.4063	46.8647	46.2365	46.8476	46.2968	46.8699	46.5663	47.012	46.2344	46.8156	46.2356	46.847	46.5139	46.7284	46.3451	46.8968	46.1999	46.631099999999996	46.126	46.7864	46.394600000000004	46.9518	46.4057	46.814499999999995	46.207	46.862500000000004	45.9619	46.8569	46.354299999999995	46.589999999999996	46.2468	46.495799999999996	46.311	46.631	46.2975	46.4666	46.4426	46.366800000000005	46.0449	46.4059	46.3144	46.5213	46.2277	46.2434	46.070899999999995	46.311400000000006	46.0749	46.366099999999996	46.2072	45.914300000000004	45.8922	46.2692	46.0305	46.1134	46.0203	46.4416	45.9678	46.4561	45.9079	46.409800000000004	45.7127	46.1417	45.841	46.4794	46.0238
Sgr-CMas_050-Ex1-cssl	63.268299999999996	45.286500000000004	45.5245	42.229	45.7754	43.3339	44.8494	44.719500000000004	47.1576	42.2794	49.850100000000005	47.6794	48.7052	46.185700000000004	47.6325	45.928999999999995	48.0426	46.1513	48.2997	45.9565	47.8864	45.8501	47.5411	45.6888	47.3798	45.7431	47.314099999999996	45.5932	47.5118	45.6766	47.638999999999996	46.0715	47.4364	46.0565	47.5165	46.013799999999996	47.2369	45.9602	47.328199999999995	45.949600000000004	47.419200000000004	45.8828	47.362300000000005	46.0404	47.3121	45.8397	47.1414	45.845	47.1153	46.0924	47.2165	45.7962	47.432900000000004	46.0813	47.313100000000006	46.2941	47.0066	45.8847	47.3985	46.1032	47.1396	46.1741	47.2138	46.0288	47.0914	46.2216	47.2231	46.1785	47.048	46.1415	47.160999999999994	46.1053	47.2361	46.0801	47.0103	46.1114	47.1698	46.1244	47.051300000000005	46.381499999999996	47.0373	46.3836	47.0581	46.2589	47.0938	46.2125	47.0523	46.386500000000005	47.1057	46.2647	47.1698	46.393	46.9103	46.550399999999996	47.1965	46.3533	47.1648	46.4601	46.922799999999995	46.523399999999995	46.969	46.4343	46.6345	46.2949	46.8938	46.3382	47.050399999999996	46.6164	46.737	46.5956	46.5656	46.3889	46.6277	46.3198	46.8503	46.3732	46.4029	46.5447	46.6988	46.396	46.5394	46.0063	46.5091	45.9901	46.4914	46.2961	46.611999999999995	46.183	46.1707	46.143499999999996	46.314	46.1948	46.333800000000004	46.0381	46.3122	46.0386	46.2461	46.1748	46.1766	46.4756	46.3941	46.1954	46.3818	45.8172	46.1928	46.104	45.9891	46.0362	46.3309	46.018
Sgr-CMas_052-Ex1-cssl	64.84100000000001	44.0013	46.4578	42.080600000000004	46.314499999999995	43.3385	45.9379	44.446999999999996	47.3159	41.757	50.780499999999996	48.065799999999996	49.786	46.057199999999995	48.5635	45.768	49.2025	45.9423	49.1402	46.4794	48.754599999999996	45.775	48.2102	45.9086	48.112500000000004	45.8083	48.004599999999996	45.3638	48.457699999999996	45.6825	48.5218	46.0758	48.085499999999996	45.9403	47.903400000000005	46.0989	48.1434	45.9233	47.9686	46.2648	47.964800000000004	45.914300000000004	48.321799999999996	46.2459	48.113099999999996	45.778200000000005	47.8653	45.763799999999996	48.0871	46.2246	47.856	46.0527	48.127700000000004	46.4961	47.8652	46.2898	47.9129	46.3028	47.9539	46.4213	48.1811	46.216	48.0501	46.4125	47.9182	46.2007	47.8198	45.896100000000004	47.8267	46.4477	47.5972	46.5262	47.7642	46.6215	47.6369	46.4505	47.7729	46.153499999999994	47.8258	46.1199	47.4582	46.5493	47.613299999999995	46.5	47.5813	46.2608	47.4679	46.2763	47.8118	46.0051	47.8639	46.4495	47.764	46.516600000000004	47.335300000000004	46.7311	47.6007	46.7689	47.302699999999994	46.3178	47.2647	46.4685	47.116400000000006	46.5717	47.0832	46.4731	47.3219	46.2204	47.3904	46.8362	46.6659	46.7611	46.9566	45.9741	47.545500000000004	46.1921	46.5194	46.4227	46.9292	46.2829	47.1713	46.2368	46.9398	45.875899999999994	46.7461	46.325300000000006	46.8025	45.981300000000005	46.6493	45.7576	46.4942	46.3315	46.3319	46.316	46.4029	46.0743	46.484500000000004	45.565099999999994	46.7194	46.2569	46.9463	45.6404	46.9738	46.214499999999994	46.6719	46.1625	46.2093	45.3465	46.9121	46.1492
Sgr-CMas_054-Ex1-cssl	64.9789	43.5124	46.1162	41.465999999999994	46.36	43.1634	45.6185	43.85	47.1508	41.3325	50.6205	47.524499999999996	49.4363	46.2117	48.7648	45.5524	48.931400000000004	45.795	48.7587	45.7823	48.6707	45.3588	48.1369	45.4928	47.8435	45.2658	47.9141	45.124399999999994	47.9349	45.4264	48.065000000000005	45.6366	47.7911	45.726099999999995	48.0522	45.7373	47.704800000000006	45.780100000000004	47.814499999999995	45.7405	47.9364	45.498	47.976400000000005	45.6625	47.752	45.677299999999995	47.5278	45.4242	47.608	45.751	47.254400000000004	45.8832	47.625	45.5782	47.696	45.9863	47.232	45.8895	47.6336	45.7799	47.5221	45.9171	47.653	45.745799999999996	47.4514	46.034000000000006	47.5037	45.859100000000005	47.5357	46.001799999999996	47.4777	46.157900000000005	47.4334	46.048	47.2514	45.907399999999996	47.4686	46.1211	47.4916	46.1933	47.3456	46.0739	47.3155	46.1311	47.132400000000004	46.2404	47.4124	45.6001	47.2917	46.0561	47.1673	46.073	47.3789	46.28	47.1834	46.184	47.3807	46.2567	47.0536	46.281	47.0531	46.0878	46.7213	45.981300000000005	46.9418	46.3568	47.1146	46.0659	47.044799999999995	46.094	46.4827	46.267399999999995	47.1789	46.1276	46.6308	45.766	46.682	45.8015	46.714299999999994	46.0346	46.4827	45.9643	46.4503	45.8857	46.9914	46.2431	46.309	45.9916	46.077600000000004	45.7872	46.1255	45.933099999999996	46.4973	45.9732	46.0948	46.08	46.3526	45.1811	46.292699999999996	45.669	46.650000000000006	45.8578	46.0779	45.6331	46.3709	45.8899	46.041399999999996	45.8833	46.204	45.961200000000005
Sgr-CMas_055-Ex1-cssl	64.2582	42.7716	48.2883	41.2066	48.4777	41.854	47.8593	43.324400000000004	49.2518	41.307300000000005	52.1911	45.8438	50.7146	44.5581	50.141999999999996	43.448100000000004	51.1269	44.639	49.9634	44.4283	50.8429	44.6772	49.5129	44.3688	49.4763	44.1657	50.048899999999996	43.906099999999995	49.5938	44.921499999999995	50.354200000000006	43.1595	49.6473	44.8091	50.2325	43.4669	49.3742	44.2954	50.126599999999996	44.7759	50.1869	43.9473	49.2765	44.1832	49.7097	43.921	49.797200000000004	45.1225	49.490899999999996	44.2831	49.5495	44.685399999999994	49.3759	44.5041	49.199799999999996	44.160199999999996	48.948	44.114799999999995	48.7323	45.6467	48.0971	44.9704	49.1932	44.8481	48.9073	44.6596	48.337	44.9451	48.5067	44.6635	48.3606	45.3515	48.3305	45.1451	47.2709	44.6038	47.3775	44.5068	48.9875	44.8715	47.6614	44.6349	48.444199999999995	44.9876	49.1691	44.5201	47.3792	44.3938	48.7483	44.4274	47.9309	44.972899999999996	48.4589	45.5094	47.1446	45.7405	48.3034	45.3729	47.248400000000004	45.0788	46.3258	46.2969	46.759699999999995	46.1843	48.666	44.9907	48.4276	45.3477	46.5422	44.7077	47.5676	45.0327	45.731500000000004	45.0935	47.362700000000004	45.4432	45.6673	44.2269	45.8633	45.8189	46.3835	45.731300000000005	46.7749	46.173199999999994	47.3577	45.0389	47.105000000000004	45.5557	47.240500000000004	44.424	47.483599999999996	45.6219	46.6499	44.5952	46.102	45.0364	47.2005	44.5383	46.1152	43.6504	45.4167	42.9203	45.0881	45.3067	45.5703	44.3486	45.6078	45.467600000000004	46.9745	44.5963
Sgr-CMas_056-Ex1-cssl	62.9765	46.403499999999994	46.2462	42.6928	46.4706	43.8887	45.4858	45.308	47.608	42.097	49.9401	48.0635	49.2801	46.625	48.2577	45.9236	48.669000000000004	46.3821	48.7133	46.3038	48.3684	46.197500000000005	47.8684	46.0265	47.471799999999995	45.8022	47.4722	45.8296	47.8912	45.6195	47.7331	46.272200000000005	47.476800000000004	45.7749	47.6033	45.835300000000004	47.6732	46.1346	47.4974	45.9766	47.2641	46.478199999999994	47.9886	45.815400000000004	47.3492	45.9335	47.3014	46.252700000000004	47.2716	46.252300000000005	47.253099999999996	46.0312	47.05	46.4515	47.8286	46.4842	47.0317	46.0377	47.5063	46.1509	47.5501	46.3043	47.5553	46.5465	47.240700000000004	46.386500000000005	47.2916	46.1791	47.0947	46.5606	47.5203	46.6511	46.940599999999996	46.6188	47.4287	46.5978	46.9362	46.61	47.538599999999995	46.5288	47.4433	46.442	47.4791	46.6256	47.4884	46.2428	47.271	46.6732	47.5096	46.5947	47.3451	46.5675	47.4469	46.374700000000004	47.1585	46.3121	47.1993	46.4236	47.2055	46.7661	47.436499999999995	46.5621	47.0445	46.189	46.8346	46.4834	47.104800000000004	46.653800000000004	46.976	46.6891	47.2295	46.4345	47.090900000000005	46.8731	47.1741	46.664899999999996	46.8142	46.5114	46.894400000000005	46.7885	46.745	46.480900000000005	46.5718	46.3965	47.2597	46.5066	46.7443	46.6472	47.015299999999996	46.1648	46.779399999999995	46.2511	46.893499999999996	46.734500000000004	46.2338	46.014300000000006	46.4428	46.2103	46.2308	46.3883	46.7095	46.5655	46.287	46.388	46.5183	46.5961	45.781	46.204499999999996	46.216499999999996	46.7142
Sgr-CMas_057-Ex1-cssl	64.9767	43.7256	46.0879	41.9559	46.4264	43.1585	45.6062	44.2861	47.2861	41.493	50.732	47.829	49.9392	46.2352	48.3608	46.0764	48.918499999999995	46.1813	48.875299999999996	46.3003	48.8485	45.925	48.3448	45.9223	48.200700000000005	45.896	48.126000000000005	45.5724	48.1458	45.7166	48.1916	46.1054	47.9308	45.5943	47.963699999999996	45.9268	48.0846	46.1608	47.5136	45.9597	47.8159	45.5273	47.6687	46.071200000000005	47.6203	45.9794	47.5209	46.015299999999996	47.705799999999996	46.027	47.7718	45.948499999999996	48.0959	45.9978	48.213499999999996	46.318799999999996	47.779700000000005	45.841300000000004	47.6548	46.1013	47.9553	46.035	47.7332	46.2505	47.532799999999995	46.1933	47.5832	46.1347	47.5184	46.1728	47.8879	46.4296	47.7247	46.7824	47.240300000000005	46.4059	47.472300000000004	46.195	47.6374	46.1941	47.676	46.4097	47.5312	46.370400000000004	47.7947	46.2713	47.4911	46.4436	47.594300000000004	46.1912	47.6859	46.0377	47.9086	46.1081	47.2937	46.7868	47.3495	46.6439	47.083000000000006	46.5134	47.585499999999996	46.5103	47.4564	46.7478	47.332499999999996	46.6508	47.5604	46.3163	47.2941	46.306999999999995	47.3572	46.1676	47.2213	46.4043	46.907700000000006	46.413700000000006	46.7641	46.1844	46.9513	46.1785	47.2395	46.5002	47.1385	46.1875	47.132200000000005	46.3527	46.7472	46.0835	46.3213	46.1551	46.5428	46.5103	46.677099999999996	46.1525	46.2611	46.1892	46.8268	46.4086	46.5408	46.1148	46.5863	45.8671	46.9106	46.5522	46.7882	46.158	46.1717	46.1829	46.4523	46.6746
Sgr-CMas_058-Ex1-cssl	62.58200000000001	45.8354	45.0312	42.0567	45.6893	43.577799999999996	44.7517	44.5844	46.8446	42.0024	49.5916	47.7168	48.8157	46.301700000000004	47.8372	45.791199999999996	47.8825	45.7965	48.047000000000004	46.1696	47.8022	45.8158	47.3104	45.576499999999996	47.2292	45.5866	47.1143	45.6997	47.3831	45.5728	47.2788	46.1181	47.1551	45.685500000000005	47.2505	45.9298	46.9849	45.6962	47.146300000000004	45.6795	47.1563	45.529399999999995	47.091899999999995	45.8782	47.0655	45.461600000000004	47.082	45.6252	47.099999999999994	45.7862	46.9426	45.8441	47.1767	45.5822	47.1526	45.8026	46.8716	45.8123	47.255399999999995	45.6991	47.078900000000004	45.9668	46.7821	46.1755	46.9566	45.8155	47.0655	45.858399999999996	46.7457	45.8307	47.0754	45.8953	47.1948	46.0193	46.911500000000004	45.948299999999996	47.0683	45.8322	47.1254	45.9583	47.005599999999994	46.0051	47.049400000000006	46.1822	46.8441	46.2204	46.7041	46.076	47.030100000000004	46.059400000000004	46.8371	45.915099999999995	47.0363	45.9561	46.6806	45.9478	46.685300000000005	46.1125	46.7286	45.9839	46.821200000000005	46.0663	46.7271	46.042300000000004	46.7507	45.9182	46.615	45.9676	46.6838	45.7809	46.1972	45.935700000000004	46.469899999999996	46.0056	46.6509	45.787299999999995	46.325	45.8596	46.2013	45.7071	46.145	45.9106	46.184599999999996	45.6875	46.3294	45.7802	46.0681	45.9482	45.9325	45.7668	46.1749	45.582	45.907	45.9198	45.742399999999996	45.492	45.846599999999995	45.5507	45.803399999999996	45.7524	46.0368	45.6315	46.0871	45.7412	45.696999999999996	45.949	45.675	45.5486	46.1032	46.0239
Sgr-CMas_059-Ex1-cssl	64.3246	42.9009	44.840999999999994	40.6497	45.2023	42.5286	44.5548	43.4461	45.9653	40.960499999999996	49.193	46.8642	48.2939	45.2826	47.429500000000004	45.0197	47.8463	44.8984	47.8358	45.4516	47.280100000000004	44.9515	47.3457	44.884800000000006	46.934	45.0062	46.9455	44.9959	47.123799999999996	45.0045	47.3651	45.204699999999995	47.049400000000006	45.2461	47.1015	44.8039	46.7258	45.330799999999996	46.9859	44.968599999999995	47.158	44.825199999999995	47.1274	45.2693	46.7788	45.1171	46.4303	44.864599999999996	46.6911	45.028600000000004	46.536300000000004	45.4	46.9731	45.402	46.8516	45.32	46.5651	45.219500000000004	46.561099999999996	45.339400000000005	46.7283	45.5599	46.8323	45.305099999999996	46.5325	45.263999999999996	46.5268	45.394600000000004	46.774100000000004	45.386700000000005	46.92	45.249	46.963100000000004	45.1469	46.787600000000005	45.4779	46.579100000000004	45.3739	46.7173	45.3852	46.484700000000004	45.5931	46.2599	45.1903	46.8863	45.5682	46.4094	45.6631	46.6708	45.2225	46.555400000000006	45.453500000000005	46.5588	45.5946	46.3615	45.3357	46.4294	45.3419	46.3573	45.5462	46.1764	45.5599	46.2447	45.1179	45.9615	45.138400000000004	46.0122	45.2646	46.2025	45.4887	45.980900000000005	45.6116	46.3022	45.4382	45.847500000000004	45.1739	45.885	45.2948	45.9392	45.4285	45.921	45.148500000000006	45.8366	45.0109	45.8491	45.1916	45.8278	45.210499999999996	45.7355	44.732499999999995	45.5122	45.0248	45.9669	45.0689	45.1611	44.871100000000006	45.6999	44.8189	45.572	44.664300000000004	45.3934	44.6897	45.713300000000004	44.706	45.292300000000004	45.1132	45.5127	45.0594	45.1514	44.7532
Sgr-CMas_061-Ex1-cssl	63.8243	44.4994	45.3232	41.9792	45.8965	43.3543	45.1453	44.435	46.6905	41.740100000000005	49.8049	47.712500000000006	48.5232	46.236	47.975899999999996	45.7545	48.0784	45.990700000000004	48.2525	46.0804	47.760200000000005	45.7987	47.426	45.787	47.329	45.6118	47.065	45.5527	47.488200000000006	45.6477	47.4261	45.881899999999995	47.2503	45.711	47.3072	45.8981	47.1947	45.9704	47.0118	45.792500000000004	47.1342	45.8151	47.1335	45.9796	47.0013	45.871	47.0697	45.4935	47.042899999999996	45.803399999999996	46.930699999999995	45.8043	47.193400000000004	46.1211	47.1415	46.0527	46.7511	45.9035	47.2353	45.9506	47.2087	46.103100000000005	46.9882	45.7285	47.0067	46.1128	46.8031	46.0722	46.682	46.011	47.0835	46.1235	47.085300000000004	46.3119	46.9013	46.0764	46.8968	46.0407	47.098600000000005	46.1299	46.8667	46.3515	46.6633	46.187	46.8605	46.4731	46.8515	46.1407	46.9167	45.9799	47.1101	46.2076	47.0884	46.1587	46.6956	45.9937	46.7789	46.199	46.8356	46.076699999999995	47.1464	45.942699999999995	46.7926	45.9051	46.6808	46.2951	46.757799999999996	46.1528	46.779199999999996	46.0523	46.616099999999996	46.0731	46.6733	46.184599999999996	46.3898	46.1148	46.138	45.8081	46.3468	45.9936	46.5291	45.6132	46.3861	46.0869	46.51	46.1352	46.5593	45.9187	46.677800000000005	45.9388	46.0871	45.9013	46.299	45.9368	46.2015	45.9752	46.4852	45.7221	46.1128	46.0424	46.2154	46.0599	45.876099999999994	46.2308	46.0994	45.476499999999994	45.928000000000004	45.701	46.109	46.1283
Sgr-CMas_062-Ex1-cssl	63.634100000000004	44.3303	45.915499999999994	42.0664	46.131299999999996	43.2466	45.2091	44.411	47.050599999999996	41.632000000000005	50.2033	48.2433	48.8245	46.2223	48.1294	45.506600000000006	48.1383	45.978	48.2465	45.939	48.0385	45.7354	47.3358	45.6735	47.678399999999996	45.4959	47.585100000000004	45.4658	47.6244	45.797	47.4417	45.879799999999996	47.2977	45.658300000000004	47.3408	45.7624	47.2152	45.71	47.2939	45.5694	47.4184	45.472699999999996	47.2042	45.9774	47.224	45.597100000000005	47.327200000000005	45.998400000000004	47.2761	45.7969	47.151900000000005	45.8913	47.2262	45.893299999999996	47.353899999999996	46.124700000000004	47.077400000000004	45.8386	47.1984	45.809	47.4334	45.9177	47.2726	45.9382	47.3661	45.943400000000004	47.014	46.058	47.1002	46.1664	47.0845	46.1807	47.2667	46.5479	47.0213	45.9428	47.3435	45.9588	46.9776	46.0813	46.966	46.0696	46.8619	46.2656	47.3406	46.175	47.1485	46.0207	47.0762	45.9102	47.174899999999994	46.3425	46.9803	46.3741	47.0952	45.8293	47.1081	45.963	46.9514	46.2541	46.9251	46.0216	46.7656	46.1885	46.6321	45.9834	46.7916	46.0509	46.8668	46.226299999999995	46.4526	46.1805	46.8072	45.6352	46.6528	46.0865	46.4459	46.11	46.3932	45.8629	46.2218	45.8717	46.2362	46.2198	46.2281	46.0092	46.493	45.7278	46.211400000000005	45.888	46.145199999999996	45.596199999999996	46.3235	45.897	46.6144	45.4381	46.0678	45.7367	45.9889	46.2051	45.9678	46.0148	46.1218	46.2594	45.8615	46.0503	45.7077	45.773399999999995	46.400200000000005	45.6817
Sgr-CMas_063-Ex1-cssl	63.560300000000005	45.1757	45.211	42.004799999999996	45.190599999999996	43.4046	44.838	44.606899999999996	46.8296	41.5963	49.6031	47.680499999999995	48.6499	46.332499999999996	47.6727	45.745999999999995	47.951100000000004	45.8583	47.9948	46.0664	47.747	45.652100000000004	47.1979	45.6227	47.1844	45.2884	47.0471	45.155899999999995	47.190799999999996	45.2994	47.0082	45.5031	47.042	45.4777	47.2032	45.53	47.0785	45.7349	46.804	45.736	46.9714	45.380199999999995	46.964	45.6889	46.8874	45.4335	47.0899	45.24	46.8184	45.748	46.7954	45.6813	46.981	45.7363	47.0137	45.864	46.6607	45.8547	47.028	45.516	47.0069	45.6862	46.7997	45.7983	46.7759	45.8828	46.8311	45.6861	46.8158	45.917	46.7258	45.903	46.829100000000004	45.8959	46.795700000000004	45.811600000000006	46.7665	45.7221	46.672000000000004	45.710499999999996	46.791	45.8523	46.9514	45.9322	46.9409	46.1343	46.8039	45.629799999999996	46.9596	46.0538	46.758300000000006	45.8792	46.780699999999996	45.7926	46.6135	46.021	46.7747	46.124900000000004	46.6843	45.92	46.6323	45.9908	46.4659	45.9287	46.586800000000004	45.8904	46.2928	45.736900000000006	46.3693	45.8294	46.3478	46.0139	46.1411	45.9216	46.403499999999994	45.968900000000005	46.3028	45.8366	46.4066	45.7505	46.3468	45.8203	45.8256	45.533699999999996	46.0374	45.7675	46.1841	45.7808	45.880700000000004	45.6742	45.962199999999996	45.4664	45.9046	46.1079	45.744800000000005	45.4445	45.965	45.7086	45.7376	45.5338	45.6954	45.738800000000005	45.943400000000004	45.6894	45.792500000000004	45.7789	45.7163	45.5679	45.9428	45.935900000000004
Sgr-CMas_065-Ex1-cssl	67.3212	44.9562	43.5442	43.0386	45.4369	41.903800000000004	43.2898	42.9735	47.9689	41.2774	50.1095	46.9022	49.553599999999996	45.4327	47.6895	44.511	47.9209	44.870599999999996	48.038	44.9845	47.7883	45.621	47.4189	45.1571	47.6417	45.133	47.4309	44.8777	47.6568	45.0524	47.7044	45.4428	47.552499999999995	45.3219	47.4398	45.3217	47.4931	45.139	47.2236	45.420100000000005	47.5814	45.17	47.4159	45.5426	47.4335	45.3474	47.3836	45.3164	47.4673	45.4615	47.380100000000006	45.3415	47.4117	45.5355	47.512100000000004	45.7567	47.2933	45.6403	47.5491	45.5938	47.2514	45.514900000000004	47.0759	45.4107	46.9615	45.4657	46.8354	45.428200000000004	47.0695	45.5764	47.0601	45.8423	47.131499999999996	45.835100000000004	47.2331	45.2642	47.2211	45.2972	47.2692	46.1057	47.0145	45.8042	47.210800000000006	45.878	46.7631	46.1371	47.0087	45.8646	47.1362	45.785199999999996	46.8819	46.1262	47.092299999999994	46.2731	46.9579	46.0456	47.0132	46.030300000000004	46.9846	46.2002	46.8578	46.1018	46.4402	46.1501	46.742	46.1685	46.9007	46.0069	46.2584	45.8525	46.486	46.1702	46.7839	46.2697	46.469899999999996	45.8164	46.3249	45.8847	46.347699999999996	45.8717	46.4433	45.750299999999996	45.6552	45.7586	46.3765	45.914300000000004	46.1988	45.8866	46.199	45.558	45.907399999999996	45.524300000000004	46.4549	45.556000000000004	45.587	45.9294	46.1808	45.5565	46.3098	45.3799	45.8513	45.8213	46.5444	45.928000000000004	45.8911	45.989799999999995	45.4012	45.9065	46.2163	45.913199999999996
Sgr-CMas_067-Ex1-cssl	63.263400000000004	45.4908	45.7774	41.9612	46.0403	43.546099999999996	45.029799999999994	45.0009	47.2226	41.8596	49.8542	47.8058	48.8732	46.2109	47.902699999999996	45.358	48.1535	45.617999999999995	48.3936	45.987899999999996	47.9114	45.833800000000004	47.577999999999996	45.5533	47.4688	45.5912	47.3768	45.338499999999996	47.8532	45.5456	47.5752	45.929199999999994	47.517199999999995	45.7378	47.7118	45.64	47.4392	45.9084	47.1542	45.7532	47.5933	45.7009	47.4813	45.8576	47.3021	45.590599999999995	47.428	45.755	47.3021	45.9171	47.1817	45.8102	47.451	45.9619	47.352199999999996	46.1394	46.9974	46.3399	47.0992	46.136500000000005	47.3701	46.134100000000004	47.442499999999995	46.069900000000004	47.0936	45.858399999999996	47.1778	46.0111	46.907700000000006	45.6742	47.274300000000004	46.2913	47.2184	46.6063	47.2527	46.3681	47.0614	45.9774	47.504999999999995	46.1602	46.9491	46.334900000000005	47.2204	46.495799999999996	47.016400000000004	46.5512	47.1739	46.2445	47.2687	46.285	46.9824	46.5796	47.146300000000004	46.2881	46.6807	46.0505	46.783	46.4822	47.321999999999996	46.4265	47.165600000000005	46.254	47.0701	46.3871	47.0321	46.3498	46.9373	46.5057	47.253699999999995	46.6966	46.5494	46.7254	46.8777	46.3561	46.3366	46.165299999999995	46.5882	46.1652	46.5669	46.0472	46.592	46.279900000000005	46.7115	45.8226	46.846700000000006	45.8874	46.2964	45.811600000000006	46.1349	45.8536	46.3568	46.4657	46.5596	46.3309	46.412	46.3352	45.798899999999996	45.6061	46.2459	46.611599999999996	46.3904	45.9704	46.5446	45.962199999999996	46.4341	45.9635	46.0968	46.0268	46.4164	46.1243
Sgr-CMas_069-Ex1-cssl	63.275400000000005	45.814	46.7481	42.492200000000004	46.3844	43.8963	45.9577	45.6213	48.192299999999996	42.7398	50.6965	48.8819	49.9446	46.8312	48.503099999999996	46.1961	49.2898	46.2691	48.916199999999996	46.5865	48.861399999999996	46.1948	48.5783	46.4256	48.4066	46.155	48.2574	46.173199999999994	48.3918	46.2451	48.6809	46.2911	48.3327	46.3651	48.3667	46.1541	48.381299999999996	46.28	48.3416	46.3484	48.3776	46.1395	48.408	46.5069	48.2286	46.2509	48.0342	46.574	48.2618	46.4923	47.808499999999995	46.2953	48.0253	46.3486	48.1876	46.7202	47.915600000000005	46.3991	48.3656	46.5045	48.2639	46.5413	47.8709	46.7703	48.2855	46.541	47.522999999999996	46.643499999999996	47.9254	46.482600000000005	48.1657	46.9733	48.1626	46.6055	47.6013	46.7971	47.9078	46.2884	48.2535	46.9781	47.8035	46.7615	47.891099999999994	46.7265	47.8994	47.1055	47.6544	46.6871	48.2863	46.5041	47.862100000000005	46.9945	47.9737	47.0876	47.6408	46.7481	47.793	47.1007	47.8125	46.7375	47.719	46.5572	47.7255	46.6016	47.2788	46.6297	47.564099999999996	47.0466	47.4537	47.0719	47.21	46.8642	47.4645	46.6584	47.88	46.968900000000005	47.103699999999996	46.730199999999996	47.6494	46.996700000000004	47.2705	46.841899999999995	47.042	46.799400000000006	47.3555	46.6832	47.0584	46.7132	46.964299999999994	46.3424	46.925200000000004	46.6222	46.8928	46.8981	46.7868	47.0148	46.629	46.4939	47.0087	46.4532	46.5306	46.3932	46.6534	46.7985	46.700199999999995	46.3766	46.295199999999994	46.516999999999996	47.1642	47.017900000000004
Sgr-CMas_071-Ex1-cssl	63.1868	44.7633	45.1639	41.6213	46.007999999999996	43.2781	44.947900000000004	44.324400000000004	46.3816	42.1929	49.6949	47.4433	48.622	46.3769	47.7033	46.0319	47.8519	45.9987	48.3848	46.1201	47.61	45.6809	47.5556	45.5225	47.5259	45.4183	47.201100000000004	45.7139	47.4694	45.520300000000006	47.5528	46.0022	47.179700000000004	45.7145	47.3772	45.8158	47.295300000000005	45.4795	47.1566	46.253499999999995	47.1703	45.509899999999995	46.9959	46.081	47.1361	45.754099999999994	47.3179	45.6532	47.1249	46.0684	46.944900000000004	45.8712	47.1674	45.8278	46.8431	46.2661	46.8854	46.157199999999996	46.769800000000004	46.1026	47.0552	45.8703	47.0414	46.0644	47.0107	46.1695	46.9328	45.9854	46.848299999999995	45.9581	46.9212	46.0286	47.3803	45.9162	46.9611	45.929700000000004	46.8418	45.961200000000005	47.3596	46.085	46.9813	45.875899999999994	46.9895	46.298899999999996	46.9505	46.2979	47.2464	46.0604	47.4146	45.6487	47.1813	46.0252	47.213300000000004	46.1952	46.5055	45.889	46.874500000000005	46.2406	46.9783	46.1931	47.3972	46.2125	47.0947	46.099000000000004	46.4738	45.9999	46.5356	45.8866	46.8532	46.1284	46.9203	46.617799999999995	46.7685	45.990700000000004	46.4765	46.0526	46.2237	46.0978	46.8472	46.0293	46.5741	45.6637	46.71	45.7033	47.2663	46.1143	46.5603	46.1867	46.395399999999995	45.8271	46.9881	45.8836	46.9146	46.3552	46.1171	45.9099	46.3226	45.6764	46.1017	46.0929	46.1802	46.0405	46.4039	46.0254	46.4252	45.7101	45.6119	46.1217	46.3091	46.008900000000004
Sgr-CMas_074-Ex1-cssl	63.6221	44.6814	45.9996	41.6078	45.9994	43.1445	45.2874	44.3231	47.206199999999995	41.5426	50.340300000000006	47.3404	49.217	46.314699999999995	48.2134	45.5925	48.4339	45.9873	48.601499999999994	46.1477	48.2303	45.6911	47.6881	45.408100000000005	47.754999999999995	45.3429	47.3285	45.5482	47.8179	45.4917	47.715999999999994	45.6205	47.3504	45.551700000000004	47.5886	45.5743	47.611	45.6544	47.662	45.6635	47.5216	45.5869	47.477999999999994	46.0105	47.5055	45.6809	47.3119	45.3994	47.3945	45.845200000000006	47.2316	45.759899999999995	47.4825	46.03	47.3413	45.8936	47.190799999999996	45.9664	47.292899999999996	45.9065	47.3816	45.6292	47.5122	45.5253	47.4046	46.0592	46.9924	45.8667	47.4287	45.5208	47.6561	45.6638	47.2515	45.9387	47.2172	45.934000000000005	47.3802	45.8908	47.304	45.8892	47.3432	46.2956	47.1358	45.8941	47.257	46.085300000000004	47.065	46.1165	47.1286	46.1707	47.2126	46.1431	47.051	45.6522	47.082	45.9462	47.1875	46.3112	47.2239	46.3571	47.1023	46.1032	47.3033	46.0664	46.5477	45.826	46.8596	46.2659	46.9329	46.0319	46.9032	46.2767	46.9924	45.6959	46.2499	45.9169	46.7288	45.6988	46.614	45.6212	46.3153	45.7779	46.556	45.8244	46.4275	45.7041	46.5854	45.9733	46.646100000000004	45.9942	46.2473	45.7696	46.2508	45.7326	45.7	45.8566	46.1637	45.6185	45.7384	45.816	45.8381	45.9645	46.239200000000004	45.7759	46.1186	45.6277	45.807900000000004	45.7408	45.8733	45.738
Sgr-CMas_077-Ex1-cssl	63.066199999999995	46.2024	45.9038	42.9114	45.9803	43.7335	45.0417	44.902300000000004	47.268100000000004	42.1122	49.958000000000006	48.0872	49.0948	46.5075	48.216	46.1023	48.2715	46.0304	48.5021	46.4765	47.9815	46.1477	47.5838	46.008900000000004	47.6144	46.1277	47.4437	45.8614	47.6627	46.118500000000004	47.6614	46.2	47.590199999999996	45.96	47.5246	45.960499999999996	47.288999999999994	46.1714	47.118	46.0548	47.3711	46.0721	47.2359	46.4318	47.2226	46.1243	47.4751	46.0131	47.2507	46.1058	47.1764	46.1321	47.6604	46.1082	47.3542	46.5402	47.0607	46.1633	47.3115	46.3085	47.1834	46.468900000000005	47.2447	46.3254	47.2856	46.4282	47.3022	46.3557	47.0383	46.3523	46.987	46.366800000000005	47.3413	46.561	47.2186	46.6081	47.3299	46.4478	47.3184	46.6554	47.531400000000005	46.252500000000005	47.2892	46.6239	47.354	46.4853	47.285199999999996	46.4793	47.4582	46.5038	47.1831	46.5507	47.185500000000005	46.4313	47.0595	46.925	46.9125	46.657700000000006	47.1546	46.3053	47.0346	46.4748	46.8498	46.6389	47.1991	46.5972	47.1151	46.2761	46.9763	46.7224	46.8847	46.6742	46.7822	46.5538	47.0247	46.409299999999995	46.6862	46.4641	46.637299999999996	46.385799999999996	46.942499999999995	46.4715	46.5907	46.439099999999996	46.9036	46.4776	46.838499999999996	46.3967	46.5634	46.2779	46.497899999999994	46.6135	46.7453	46.5531	46.5012	46.2744	46.225	46.4342	46.3908	46.2325	46.828599999999994	46.2995	46.253499999999995	46.269	46.346199999999996	46.336	46.27	46.301700000000004	46.523199999999996	46.6569
Sgr-CMas_083-Ex1-cssl	64.16460000000001	44.0549	46.041199999999996	41.8889	45.7491	43.1316	45.089600000000004	43.9165	46.9696	41.4751	50.068	47.7467	49.0769	46.1081	48.1732	45.825700000000005	48.3079	45.891	48.7372	45.800000000000004	48.1667	45.7296	47.5672	45.401	47.7778	45.440000000000005	47.3509	45.319900000000004	47.742000000000004	45.6188	47.7455	45.7453	47.417300000000004	45.6098	47.5914	45.7121	47.5846	45.9385	47.2584	45.7091	47.3275	45.6666	47.5326	46.0195	47.2561	45.522800000000004	47.1931	45.6818	47.5175	45.937400000000004	47.2657	45.6181	47.5964	45.9184	47.4505	45.9897	47.3483	46.244800000000005	47.2853	46.1342	47.343	45.9208	47.272999999999996	45.9178	47.1751	45.9294	46.9652	46.0503	47.0738	45.8847	47.3337	46.217999999999996	47.4756	46.0989	47.0621	46.1194	47.119699999999995	46.1345	47.0478	46.295199999999994	47.3817	46.328	47.2418	46.2684	47.0996	46.4433	47.2468	45.913199999999996	47.0807	46.2922	47.3795	46.0754	47.3123	46.4053	46.9239	46.3369	46.8669	46.3519	47.172599999999996	46.5057	46.9514	46.319500000000005	46.8218	46.3219	46.950599999999994	46.3515	46.6035	46.3859	46.661	46.3664	46.482600000000005	46.2352	46.531	46.1314	46.4687	46.3534	46.6051	45.6956	46.5252	46.0454	46.4223	46.0784	46.2239	46.1487	46.381499999999996	46.030100000000004	46.3636	46.5596	46.1796	46.0978	46.1781	46.2273	46.6359	46.1325	46.0382	46.2367	45.9333	46.1642	46.142	46.1232	46.3262	45.6147	46.2243	45.786100000000005	46.197300000000006	46.4728	45.5672	45.867200000000004	46.2157	46.0494
Sgr-CMas_090-Ex1-cssl	64.7943	44.1905	47.167500000000004	42.3613	46.981	43.7804	46.2524	44.876	47.9203	42.5073	51.2537	48.371199999999995	49.9827	47.0374	49.1496	46.3052	49.1524	46.6131	49.5463	46.8526	49.3479	46.6383	48.7921	46.0985	48.564	46.0496	48.3046	46.3252	48.965399999999995	46.1547	48.5684	46.6162	48.565799999999996	46.3341	48.823699999999995	46.5719	48.763400000000004	46.522200000000005	48.5792	46.5936	48.617399999999996	46.2948	48.7479	46.5328	48.3979	46.6818	48.3213	46.2239	48.6235	46.415099999999995	48.117900000000006	46.699400000000004	48.106300000000005	46.7958	48.435	47.1488	48.2582	46.8035	48.283300000000004	46.7573	48.2943	46.8394	48.1379	46.567	48.2278	46.901900000000005	48.0401	46.6184	48.0139	46.741899999999994	48.2176	46.9303	48.329100000000004	46.9067	48.2242	46.913700000000006	48.2245	46.781099999999995	48.2128	47.0835	48.210300000000004	46.740500000000004	48.4833	47.0678	48.5083	47.088	47.9189	47.1542	48.0313	46.6901	48.372	46.9764	48.0069	47.0611	48.0509	47.0291	47.977599999999995	47.502	48.4492	46.9929	48.0101	47.400999999999996	47.734300000000005	47.0713	47.741099999999996	47.190599999999996	48.2127	46.960800000000006	47.8817	47.1964	47.8037	46.976600000000005	47.6565	47.3968	47.958600000000004	47.1486	47.6783	47.1644	47.644999999999996	46.9111	47.8754	46.7153	47.7167	46.5473	47.7098	47.1776	47.496	47.3123	47.2967	46.318799999999996	47.6002	46.6562	47.5764	47.078900000000004	47.1671	46.368700000000004	47.0783	46.955000000000005	47.2493	46.9681	47.1571	46.6092	47.063700000000004	46.852199999999996	47.531800000000004	46.7935	46.922999999999995	46.552	47.1683	46.8854
Sgr-CMas_091-Ex1-cssl	60.6133	47.0601	44.372699999999995	41.9187	45.3744	43.4833	44.3567	44.048300000000005	46.1469	41.888799999999996	48.4492	46.677400000000006	47.6532	45.6876	46.946799999999996	45.265899999999995	47.1325	45.3813	47.0276	45.601	46.8715	45.2785	46.6484	45.082699999999996	46.563500000000005	45.2002	46.358700000000006	45.073	46.532000000000004	45.0666	46.4669	45.3544	46.3179	45.167699999999996	46.4138	45.204100000000004	46.2322	45.3964	46.1881	45.1885	46.3377	45.2207	46.2361	45.3647	46.0961	45.1873	46.2533	45.2308	46.1277	45.3947	46.0938	45.255	46.1405	45.346599999999995	46.1194	45.3868	46.078599999999994	45.388099999999994	46.1787	45.313900000000004	46.1013	45.4634	46.0312	45.4212	46.1588	45.4506	46.0306	45.5681	46.0395	45.4295	46.0746	45.4927	46.1282	45.644800000000004	46.043800000000005	45.535399999999996	46.070699999999995	45.4934	46.1366	45.602900000000005	46.155699999999996	45.567800000000005	46.1342	45.5993	46.036500000000004	45.7698	46.036300000000004	45.494299999999996	46.150999999999996	45.5401	46.076499999999996	45.740199999999994	46.0632	45.6511	46.0942	45.6347	46.0147	45.7581	45.9833	45.791399999999996	46.0704	45.663199999999996	45.9636	45.7143	45.7472	45.6294	45.922200000000004	45.6111	45.87	45.6897	45.8202	45.6121	45.864399999999996	45.5625	45.820499999999996	45.6387	45.6277	45.4311	45.7954	45.4392	45.6726	45.5163	45.5452	45.4123	45.6854	45.391999999999996	45.594	45.4395	45.462599999999995	45.3175	45.43	45.3839	45.4877	45.4629	45.3735	45.246900000000004	45.420500000000004	45.251999999999995	45.3268	45.3227	45.2808	45.321099999999994	45.3674	45.293099999999995	45.4035	45.373400000000004	45.2769	45.3006	45.502900000000004	45.297
Sgr-CMas_092-Ex1-cssl	63.139599999999994	45.9944	45.7732	42.14	46.5219	43.9625	45.7752	45.1542	47.598600000000005	41.9446	49.979800000000004	47.7578	49.297200000000004	46.8182	48.188900000000004	46.0406	48.7167	45.8502	48.733900000000006	46.206	48.530699999999996	45.6904	48.127700000000004	45.8907	47.4715	45.886900000000004	47.82	45.269999999999996	47.590199999999996	45.8959	47.929100000000005	45.9054	47.6973	45.722699999999996	47.566900000000004	46.242	47.7188	46.0641	47.8985	45.687	48.1314	45.5725	47.773900000000005	45.858399999999996	47.5826	46.4073	47.3776	45.9951	47.5291	45.9219	47.6136	45.791900000000005	47.704	46.0513	47.658899999999996	46.6069	47.3668	46.1388	47.408699999999996	46.1749	47.3334	46.2007	47.8396	45.9767	47.595	46.015499999999996	47.3587	46.1785	47.269299999999994	46.4248	47.5368	46.2556	47.6577	46.2472	47.5012	46.070899999999995	47.4769	46.2905	47.760999999999996	46.6259	47.355199999999996	46.4178	47.413	46.741899999999994	47.4199	46.568599999999996	47.6796	46.191700000000004	47.266000000000005	46.3224	47.0076	46.8348	47.0091	46.6476	47.186699999999995	46.3607	47.138000000000005	46.5843	47.4398	46.4396	47.0539	47.2355	47.0008	46.4738	46.9142	46.3934	46.730199999999996	46.4022	47.4075	46.511	46.539500000000004	46.3038	46.9642	45.876	47.361399999999996	46.5691	46.5382	45.918	46.922799999999995	46.6177	46.456599999999995	45.948	46.3521	46.4186	46.7023	45.9825	46.5805	46.2178	46.4516	45.8235	46.565400000000004	46.4332	46.0592	46.4277	46.1921	45.9418	46.0908	46.3819	46.1007	45.7226	46.1759	45.9329	46.3356	46.2573	45.9458	46.2406	45.737899999999996	46.460499999999996	46.4615	45.7403
Sgr-CMvi_001-Ex1-cssl	63.8209	44.358399999999996	45.7941	42.2775	46.0441	43.5703	44.9135	45.0593	47.585100000000004	42.3992	50.6363	48.6846	49.8632	46.8473	48.5473	46.348800000000004	49.0327	46.0724	48.4001	46.7042	48.6242	46.163900000000005	48.2836	46.108	47.612500000000004	46.091100000000004	47.7596	46.1829	48.282000000000004	45.758700000000005	47.9378	46.4296	48.1427	46.3395	48.038399999999996	46.0854	47.714600000000004	46.287800000000004	47.5812	45.9464	47.8713	46.108900000000006	48.039100000000005	46.2747	47.700900000000004	46.3799	47.5203	46.1012	47.6968	46.0918	47.7356	46.1801	48.038	46.0863	47.975	46.476299999999995	47.4281	46.5337	47.7939	46.3108	48.0404	46.5282	47.39	46.6736	47.7686	46.251799999999996	47.7101	46.4919	47.8765	46.379599999999996	47.4664	46.212199999999996	47.492200000000004	46.3853	47.4763	46.6006	47.9123	46.5197	47.4555	46.714	47.7509	46.4136	47.696	46.6645	47.717	46.2983	47.624100000000006	46.7815	47.7227	46.4225	47.709	46.5302	47.1064	46.8202	47.6547	46.468900000000005	47.1079	46.604800000000004	47.4183	46.706199999999995	47.6576	46.8909	47.4262	46.9217	47.5032	46.8761	47.671400000000006	46.4544	47.5764	46.9717	47.0521	46.808499999999995	47.2943	46.3895	47.232	46.347500000000004	46.7649	46.707100000000004	47.2932	46.678399999999996	47.187200000000004	46.5513	47.1545	46.6169	46.980199999999996	46.277699999999996	47.3682	46.470800000000004	47.220099999999995	46.253699999999995	46.9191	46.1012	47.2112	46.695100000000004	46.8592	46.317099999999996	46.7899	45.9339	47.2954	45.9994	46.815200000000004	46.496300000000005	46.8786	46.559200000000004	46.761399999999995	46.6137	46.4714	46.8774	46.7315	46.1335
Sgr-CMvi_003-Ex1-cssl	63.2921	42.9452	44.7679	41.712500000000006	45.0731	42.829499999999996	44.3436	44.4634	46.8706	41.3514	50.35849999999999	48.5749	48.5371	46.4619	47.5094	45.852900000000005	47.6931	45.7623	47.490700000000004	46.0389	47.5843	45.6563	47.3001	45.420899999999996	46.9476	45.2004	46.6946	45.191900000000004	47.3986	45.2046	47.4565	45.4708	47.0567	45.4931	47.137299999999996	45.873999999999995	46.558899999999994	45.237	46.73	45.637299999999996	46.6796	45.2483	47.078199999999995	45.588	46.4982	45.9144	46.853	45.5939	46.7979	45.7432	46.681	45.9168	46.8439	45.764500000000005	46.940599999999996	45.495799999999996	46.7077	45.6415	46.7873	45.597	46.9261	45.5644	46.8494	45.527	46.8233	45.6706	46.989799999999995	45.7548	46.6285	45.6498	46.8735	45.8296	46.8622	45.8418	46.6091	45.678000000000004	46.867999999999995	45.3994	46.671099999999996	45.5822	47.009299999999996	46.244	47.063700000000004	45.533	47.144000000000005	46.0119	46.6582	46.0428	46.699	45.549499999999995	46.8932	46.0384	46.672200000000004	45.8054	46.6028	45.9192	46.5267	45.8215	47.082499999999996	45.9995	46.6909	45.7092	46.3118	46.0259	46.4904	46.068799999999996	46.4861	46.2928	46.5428	45.9236	46.5585	45.7588	46.644999999999996	45.9731	46.353	45.9172	46.1511	45.7605	46.4463	45.8061	46.5173	45.584799999999994	46.2719	45.8611	46.4304	45.793	45.9575	46.0146	46.192	45.902300000000004	46.1692	45.5341	46.073	45.906400000000005	46.1479	45.440799999999996	46.1602	45.9795	46.0817	45.5427	45.880500000000005	45.311299999999996	46.367599999999996	45.5726	46.1526	45.629799999999996	45.9799	46.0852	46.0448	46.1105
Sgr-CMvi_004-Ex1-cssl	62.834	46.1284	45.0518	42.154799999999994	45.453900000000004	43.3819	43.7629	44.584	46.8793	41.618300000000005	49.3915	48.3194	49.0756	46.570299999999996	47.7649	45.556799999999996	48.1205	45.6877	47.8197	45.833200000000005	47.4941	46.2044	47.4618	45.6995	46.7632	45.332	47.0773	45.6787	46.738099999999996	45.6235	47.339999999999996	45.4993	47.0336	45.8428	47.0319	45.6382	46.6526	45.433	47.0535	45.771699999999996	47.2897	45.8337	46.8043	45.8662	46.8769	45.8098	46.7914	45.8071	46.5837	46.219	46.8582	45.710899999999995	47.1884	45.7992	46.692499999999995	45.638600000000004	46.7562	45.4671	46.564899999999994	46.0297	47.1844	45.6248	47.0668	45.8123	47.0694	45.546	47.0493	45.2146	47.0929	45.5304	47.261900000000004	45.57	46.882600000000004	46.4166	46.6646	45.9771	47.0968	45.7996	46.9283	45.910000000000004	46.8392	45.462799999999994	46.541900000000005	45.783	46.6666	46.293	46.3388	45.8782	46.887299999999996	45.6607	46.8013	45.9745	46.826	45.8632	46.7354	45.3899	46.4694	45.6794	46.955200000000005	46.0194	46.5706	45.2867	46.6506	45.9069	46.4917	45.3125	46.562	46.111200000000004	46.5446	46.0525	46.0794	45.8787	46.157900000000005	45.9219	46.2092	46.2425	46.1486	45.6059	46.4364	45.5142	46.536899999999996	45.7082	46.501999999999995	46.0727	46.061099999999996	46.0922	46.0908	45.9937	45.9459	46.141	45.9589	45.797399999999996	46.1657	46.4319	46.328399999999995	45.340599999999995	46.2447	46.0862	44.9722	45.8391	46.3647	45.907	46.1656	45.2473	45.5594	46.1612	45.5536	45.988600000000005	46.7245	46.152300000000004
Sgr-CMvi_005-Ex1-cssl	63.0317	42.8902	44.2173	41.4746	44.025	42.846000000000004	43.040099999999995	43.952400000000004	45.758700000000005	41.06	49.2318	47.6999	48.2614	46.0801	46.7706	45.5095	47.1909	45.5307	47.1077	45.8153	47.1535	45.2386	46.4619	45.3373	45.9242	44.9706	46.0105	45.2867	46.0422	44.6909	46.567	45.075199999999995	46.524100000000004	45.3874	46.5266	45.0832	46.4108	45.4244	45.7453	45.056200000000004	45.9307	44.5985	45.9587	45.1215	46.2229	44.9771	46.269	45.0034	46.0356	45.2535	46.1909	45.3163	46.234199999999994	45.3822	46.0102	45.176899999999996	46.1727	45.1915	46.324799999999996	45.1162	46.1409	45.0049	46.181	45.365	45.9084	45.1599	46.064699999999995	45.9454	46.151199999999996	45.492	45.988	45.0241	46.4871	45.6997	45.7083	45.4362	45.989200000000004	45.2727	46.2389	45.3428	45.9776	45.454	45.8832	45.5134	46.0642	45.4984	45.8673	45.7476	45.7614	45.3523	46.0221	45.738099999999996	45.5992	45.6537	46.2264	45.4099	45.828799999999994	45.615899999999996	46.055600000000005	45.567600000000006	46.102399999999996	45.421299999999995	45.9706	45.2697	45.8287	45.730599999999995	46.068999999999996	45.8758	45.8086	45.4443	45.7879	46.036500000000004	45.7395	45.3806	45.7556	45.3176	45.6123	45.435199999999995	45.6265	44.7741	45.801199999999994	45.016400000000004	45.3422	45.2883	45.9161	44.6682	45.5175	45.738299999999995	45.231	44.9467	45.29	45.5713	45.9491	45.489200000000004	45.4898	45.537499999999994	45.6868	45.221000000000004	45.5274	45.2969	45.7737	45.1545	45.7185	45.397999999999996	45.3676	45.1648	45.408	45.3917	45.7497	45.8134
Sgr-CMvi_007-Ex1-cssl	62.009800000000006	46.9803	46.0898	43.2759	46.9026	44.4622	44.87	46.1025	47.535500000000006	42.625800000000005	50.590500000000006	48.9347	49.5064	47.266000000000005	48.2777	47.1367	48.4622	46.5957	48.4022	46.7211	48.1813	46.7893	47.8241	46.5165	47.617	46.6762	48.1952	46.7982	47.8782	46.2763	48.1836	47.090199999999996	48.2825	46.662	48.0025	46.693400000000004	48.1599	46.684799999999996	47.8136	46.8809	48.0755	46.462199999999996	47.781	46.808699999999995	47.468700000000005	46.6828	48.193599999999996	46.605999999999995	47.4891	46.6422	47.6436	46.7177	48.0576	46.9277	47.5876	46.896100000000004	47.9316	46.765299999999996	48.0064	46.8254	47.5344	46.635799999999996	47.4761	46.4481	48.0045	47.1439	47.6564	47.0077	47.8915	46.9025	48.0404	46.4007	48.013	46.6866	47.856500000000004	46.8851	48.4938	46.7235	47.2667	46.855599999999995	47.8389	46.5322	47.7963	46.6412	47.8515	47.2682	47.8435	46.6643	48.0469	46.630500000000005	47.483399999999996	47.0651	47.244	47.0271	47.6098	47.009	47.5899	47.3191	47.688399999999994	47.1074	47.883199999999995	47.108	47.1869	47.254000000000005	47.4761	46.9212	47.476	46.9944	47.313100000000006	46.807900000000004	47.754000000000005	47.1899	47.4419	46.7317	47.1995	47.5017	47.124	46.7767	47.7793	46.6898	47.5449	46.7005	47.0665	46.6173	47.6008	47.0184	47.7529	46.7844	47.234300000000005	46.4974	47.5786	46.881499999999996	47.0754	46.7822	46.9589	46.1489	46.6596	47.1989	46.894200000000005	46.3926	46.818599999999996	46.143	47.261199999999995	47.1066	47.253099999999996	46.9049	46.9047	46.5619	46.7557	46.9906
Sgr-CMvi_008-Ex1-cssl	64.456	41.6464	44.9002	41.883700000000005	45.095	42.6515	44.1708	44.3622	46.1091	41.1864	50.5347	48.478300000000004	48.6213	46.3259	47.988	46.1561	48.0056	45.949600000000004	47.6115	46.178000000000004	48.086800000000004	46.0484	47.0396	45.665099999999995	47.4875	45.0794	46.9053	45.5192	46.853	45.5088	46.9769	45.849000000000004	47.2892	45.482	46.784	45.501000000000005	47.1229	45.5142	46.6074	45.598	47.146100000000004	45.4677	46.9315	45.506299999999996	46.974	46.0987	46.781299999999995	45.2579	46.7007	45.4102	46.691	45.7661	46.8879	45.8089	47.1421	45.7567	47.0336	45.8438	47.0443	45.445600000000006	47.1242	45.7408	46.5696	45.8432	47.152300000000004	45.544200000000004	46.5075	45.8477	46.7155	45.974199999999996	47.0158	45.719	46.908699999999996	46.4548	46.5841	46.277699999999996	46.8939	46.061800000000005	46.6352	45.955	47.0777	46.1875	47.285700000000006	46.090599999999995	46.7084	46.4289	46.9165	45.8924	46.7099	45.7398	47.2842	45.6499	47.3084	45.9546	47.079	45.974199999999996	46.6164	46.211	46.5017	46.4027	47.0487	46.6047	46.8445	46.4563	46.826	45.7746	46.6123	46.4113	46.4961	45.7042	46.5505	46.0024	46.556999999999995	46.1745	46.5946	45.5924	46.514	46.06	46.4231	46.2771	46.9767	46.5332	46.402100000000004	46.2894	46.6793	46.394000000000005	46.7968	46.3734	45.529599999999995	45.8044	46.2802	46.239000000000004	46.580799999999996	45.858399999999996	46.2827	45.7038	46.4323	46.2706	46.346199999999996	46.1546	46.39	46.3037	46.6792	45.9781	46.1742	46.651900000000005	45.9708	46.4144	46.0331	46.799400000000006
Sgr-CMvi_009-Ex1-cssl	63.552699999999994	43.611	45.4991	42.6836	45.3249	43.391000000000005	44.1786	44.9708	47.1695	41.567	50.463	48.348200000000006	48.729	46.774100000000004	48.0833	46.3988	48.0732	46.0026	48.159600000000005	46.6691	47.5916	46.2893	47.5303	45.6376	47.3108	45.982099999999996	46.7947	45.724	47.082	45.388600000000004	47.137	46.0692	47.6465	46.094	47.416000000000004	45.7575	47.066900000000004	45.9788	46.894200000000005	45.7517	47.361399999999996	45.8748	47.2634	46.5863	47.0768	45.7075	47.4229	45.5999	46.9906	46.1488	46.9724	46.481899999999996	47.1662	46.1054	47.3236	45.9651	46.7673	46.5761	47.1377	45.854800000000004	47.3147	46.3011	47.0586	46.3499	47.3547	46.0596	47.007	46.2093	47.2582	45.9306	47.466	46.298	47.1153	46.2915	46.886100000000006	46.442299999999996	47.0188	46.2058	47.3624	46.06	47.4658	46.108900000000006	47.131	46.340599999999995	47.0207	46.4791	47.5668	46.2053	47.165800000000004	46.6021	47.2295	46.4138	47.0618	46.4661	47.1161	45.983000000000004	47.1426	46.4097	47.2263	46.475	47.2843	45.7293	47.5468	46.4436	46.893499999999996	46.1414	46.9911	46.775099999999995	47.0636	46.5607	46.639199999999995	45.7626	47.0188	46.090599999999995	46.6485	46.5952	46.5416	45.8706	46.6757	46.4623	46.6302	46.0543	46.4377	46.3754	46.8348	46.149	46.1604	46.801700000000004	46.6152	45.9591	46.5807	46.0546	46.4375	46.469	46.102399999999996	46.2097	46.4241	46.21	46.4195	45.959	46.7774	45.8311	46.6163	45.702999999999996	46.5377	46.320499999999996	46.1601	45.858900000000006	46.8773	46.3219
Sgr-CMvi_010-Ex1-cssl	63.2884	43.873400000000004	45.876099999999994	42.7526	45.481700000000004	43.5765	44.832300000000004	45.5242	47.573	41.9799	50.90369999999999	48.7853	49.1814	47.0555	47.8815	46.537299999999995	48.513600000000004	46.400200000000005	48.2357	46.5795	48.25	46.4862	47.8701	45.890100000000004	47.4786	45.545	47.498400000000004	46.0343	47.7759	45.9904	47.756	46.2421	47.535500000000006	46.3732	47.5269	46.1681	47.409800000000004	46.0331	47.5685	46.1818	47.651199999999996	45.9775	47.6403	45.9885	47.6493	46.3556	47.3201	46.1863	47.1866	46.3913	47.442499999999995	46.2672	47.4662	46.2661	47.570499999999996	46.2009	47.4592	46.1935	47.296	46.1148	47.318	46.3387	47.579	46.3906	47.4258	46.6051	47.269	46.571	47.3322	46.313700000000004	47.4552	46.232600000000005	47.3821	46.5327	47.326	46.3563	47.389199999999995	46.484700000000004	47.5001	46.4581	47.441	46.3731	47.5414	46.8386	47.3393	46.6851	47.321600000000004	46.4461	47.7693	46.3727	47.1719	46.6494	47.4028	46.617599999999996	47.6307	46.5409	47.260400000000004	46.778999999999996	47.4649	46.6611	47.702600000000004	46.5538	47.1683	46.7408	47.0402	46.7798	47.462199999999996	46.2821	47.1971	46.4856	47.5302	46.1158	47.2274	46.1833	47.5972	46.7561	46.802899999999994	46.4801	47.1254	46.2245	47.0832	46.571200000000005	46.944900000000004	46.5231	46.7906	46.516999999999996	46.5998	46.291	46.7885	46.5124	46.4677	46.233999999999995	46.7512	46.2118	46.5089	46.2356	46.4762	46.376	46.4635	46.4274	46.7986	46.476099999999995	46.969699999999996	46.1329	46.895199999999996	46.6755	46.7159	46.5822	46.9518	46.3441
Sgr-CMvi_012-Ex1-cssl	64.72970000000001	42.0496	45.0573	41.403400000000005	45.271899999999995	42.729299999999995	44.0054	43.736599999999996	46.401399999999995	41.356300000000005	50.229800000000004	48.4168	48.9941	46.483000000000004	48.0293	45.6057	48.0987	45.803399999999996	48.1633	46.2163	47.915600000000005	45.6257	47.542699999999996	45.4336	47.1297	45.4392	46.9986	45.3094	47.320299999999996	45.7514	47.3794	45.7685	47.483399999999996	45.800999999999995	47.2603	45.86	47.050399999999996	45.301399999999994	47.4618	45.4932	47.1012	45.5541	47.0211	45.7132	47.0272	45.5021	47.0275	45.7746	47.1387	45.6637	47.0084	45.7634	47.0265	45.8517	47.0125	45.822	47.0788	45.8352	47.1087	45.8134	46.9018	45.61	47.139900000000004	45.9133	47.0522	45.2416	46.8083	46.2374	46.8446	46.0345	47.0358	45.9488	46.8436	46.0835	46.7479	46.185500000000005	46.8912	45.9949	46.8562	46.1138	46.555099999999996	45.9603	46.8643	45.9662	46.889399999999995	45.961400000000005	47.0115	45.8765	46.931	45.7449	46.7362	45.908100000000005	46.5991	45.8212	46.8217	45.8605	46.9358	46.3426	46.827000000000005	46.074799999999996	47.0268	46.1239	46.5421	46.319500000000005	46.7298	45.7711	46.8612	46.0071	46.6014	46.0793	46.6337	45.9277	46.719100000000005	45.8559	46.535399999999996	45.837	46.466	45.976800000000004	46.6259	45.6541	46.5201	46.0569	46.4136	46.1397	46.5331	45.5661	45.8444	46.0858	46.0682	45.6282	46.2678	45.6818	46.211200000000005	45.7523	46.0627	46.0014	46.232600000000005	45.876	45.9846	45.684999999999995	46.3615	45.7874	46.0818	45.4622	46.1021	45.8762	45.919	45.721000000000004	46.1167	45.7788
Sgr-CMvi_013-Ex1-cssl	63.192899999999995	44.4725	47.0856	43.1222	47.7189	44.9097	46.2485	46.052	47.9454	42.395300000000006	51.3354	48.9641	50.3198	47.5883	49.7252	46.585	49.442	46.334199999999996	49.100300000000004	46.5404	48.65	45.779399999999995	49.1317	46.293299999999995	48.7975	46.4036	47.3318	45.9673	47.6023	46.3119	49.1103	45.3731	48.1996	46.0668	49.1862	45.6294	48.316199999999995	45.8675	49.6044	46.7585	48.3321	47.0135	47.8667	46.5725	48.656	46.5186	48.097899999999996	46.3397	48.1265	45.969300000000004	48.7843	45.7701	48.7115	46.3657	47.9183	46.1414	48.8121	46.5948	48.5498	46.9572	48.701699999999995	46.3177	48.8742	45.9142	49.431999999999995	45.746900000000004	48.2785	46.2772	48.7788	46.5976	47.6968	46.9473	47.9126	47.0379	46.6137	46.9401	49.0174	45.8458	48.5622	47.0256	48.3587	46.595	48.266799999999996	46.2228	47.8031	47.558099999999996	49.2556	45.8059	49.3739	46.9911	48.397400000000005	46.2406	48.5834	46.3158	50.1733	46.2855	49.250899999999994	46.9322	47.8457	47.336099999999995	47.9756	46.908300000000004	48.4159	47.2281	48.669200000000004	47.9381	47.8922	46.8251	47.068	47.2589	47.4083	45.957100000000004	48.077	47.1128	47.7986	46.9911	48.2989	47.3397	48.5029	46.9999	47.3925	46.7348	48.499199999999995	46.085300000000004	46.840900000000005	46.5905	46.765699999999995	47.422	48.024	46.9329	48.8054	46.9133	47.3749	47.5649	47.239	46.7156	47.3684	46.165099999999995	45.7975	45.684999999999995	48.0911	47.5351	47.9267	46.3495	47.3436	47.3088	46.9075	46.498	49.3874	45.879999999999995
Sgr-CMvi_015-Ex1-cssl	62.478100000000005	42.9313	44.6458	41.7822	44.2838	42.6159	43.2107	44.7622	45.869	41.1652	49.9693	47.4955	48.3431	45.626	47.0424	45.3027	47.1011	45.4916	46.8178	45.4921	46.6107	45.0378	46.647	44.9707	46.6423	44.610699999999994	46.408300000000004	44.6834	46.768100000000004	45.3598	46.489200000000004	45.3135	46.421099999999996	45.3022	46.4202	45.0473	45.969300000000004	44.865100000000005	46.4086	45.3272	46.323100000000004	45.0069	45.9423	45.294000000000004	45.406600000000005	45.5136	46.1092	45.624900000000004	46.1083	45.2886	46.4778	45.3623	46.110299999999995	45.3145	46.4253	45.4576	46.1371	44.831500000000005	46.1208	45.1074	46.5687	45.2609	45.7844	45.132	46.008700000000005	45.0863	46.657199999999996	45.3366	46.0313	45.4195	46.4335	45.1716	45.992	44.8072	46.4302	45.0953	46.1128	45.439099999999996	45.903	45.077099999999994	45.8882	45.2482	46.0965	45.4432	45.7557	45.3283	46.12	45.619	46.125899999999994	45.165	46.3138	45.6871	46.0184	45.448899999999995	46.0247	45.4082	45.9741	45.719100000000005	45.8859	45.3969	45.6054	45.288000000000004	45.6861	45.554899999999996	45.6526	45.4747	46.033699999999996	45.243	46.1057	45.007200000000005	46.1561	45.3539	45.548100000000005	44.9439	45.9792	45.2966	45.2416	45.2421	45.7051	45.4294	45.618199999999995	45.3125	45.2498	45.0963	45.5591	44.5271	45.181900000000006	45.022400000000005	45.4087	45.2615	45.6475	44.9675	45.0162	44.7094	44.8391	44.616699999999994	45.1959	45.0039	45.0691	45.2546	44.5443	45.9286	44.9561	44.7782	45.218599999999995	45.3104	44.994299999999996	45.549	45.4993	45.2632
Sgr-CMvi_016-Ex1-cssl	62.620799999999996	44.7758	46.2351	42.3275	45.8651	42.9336	44.4366	45.4276	47.035	42.152499999999996	50.8939	48.361399999999996	48.9215	47.0727	47.6697	45.8741	48.2928	46.231100000000005	47.438900000000004	46.381299999999996	47.8572	46.2238	47.6305	45.848	47.1827	45.7202	47.4851	46.1485	47.9002	45.7592	47.6902	45.7888	47.4837	45.2885	47.4698	46.068999999999996	47.1694	45.6215	47.0178	45.7768	47.2286	45.7361	47.5884	45.4478	47.668	45.759499999999996	47.2652	45.8695	47.5788	45.6269	47.5608	46.0198	47.5841	45.9709	47.4264	45.942899999999995	47.415800000000004	46.0717	46.777	46.4466	47.0535	46.388	46.572599999999994	45.696999999999996	47.3146	46.001999999999995	46.751599999999996	46.4189	47.029700000000005	46.0573	47.1712	45.490199999999994	46.977999999999994	46.0543	46.7568	46.3553	47.225699999999996	46.0463	46.9522	46.1213	47.050799999999995	45.9656	47.409	46.199200000000005	47.064099999999996	45.9091	47.2437	46.5985	47.4546	45.8092	47.2519	45.7267	46.8047	45.998400000000004	47.288999999999994	46.0752	47.2454	46.1689	46.4885	46.3331	46.9813	46.3453	46.8735	46.1272	47.4107	45.3936	46.9991	46.5777	47.085	46.2786	47.1221	46.901399999999995	46.7975	45.6018	47.1002	45.3727	47.5545	45.9893	46.8057	46.008500000000005	46.9163	46.379999999999995	46.1991	45.3367	46.868900000000004	45.3388	46.2292	45.175399999999996	46.1075	45.6757	46.311600000000006	45.8905	46.5877	45.910000000000004	45.5535	45.3951	46.035	45.0235	45.9411	44.8883	46.5509	45.3482	46.0518	46.414699999999996	46.5402	44.981500000000004	45.981100000000005	44.9506	46.2522	45.4786
Sgr-CMvi_017-Ex1-cssl	63.009	44.9237	45.0899	42.277300000000004	45.5333	43.507400000000004	44.3562	45.028600000000004	47.1294	41.9232	49.8985	48.2799	48.9763	46.7782	48.0034	46.0536	47.962700000000005	46.0028	47.9142	46.3052	47.9914	45.9968	47.316	45.8449	47.4251	45.7907	47.3455	45.8871	47.2877	45.840599999999995	47.5995	46.035900000000005	47.2626	46.1486	47.184799999999996	45.9524	46.9705	45.9231	47.085100000000004	45.7592	47.115	45.5995	46.9263	46.0813	47.0581	45.859100000000005	47.2176	45.98	47.4465	45.8767	46.9585	46.1261	47.0806	45.9411	47.2057	46.1246	46.983799999999995	46.0994	47.293600000000005	45.937	47.0082	45.811800000000005	46.9669	46.2833	47.1135	46.0225	47.1194	46.028000000000006	47.123599999999996	45.9318	46.962399999999995	45.9818	46.9575	46.199400000000004	47.0003	45.868199999999995	47.0355	46.0507	47.0616	46.1682	47.0223	46.1644	47.052899999999994	46.0401	47.0451	46.3246	47.2019	46.0447	46.9942	46.1251	46.9615	45.948499999999996	46.8852	46.3084	47.0445	46.0967	47.0211	46.2272	47.057700000000004	46.2564	47.0041	46.4051	46.4191	46.1155	46.8526	46.1308	46.9676	46.098099999999995	46.7646	46.1673	46.5745	46.2134	46.5993	46.5045	46.5679	46.0914	46.5926	46.039	46.6982	46.1138	46.504200000000004	45.9402	46.590399999999995	45.8625	46.6707	45.876	46.5528	46.113	46.1117	46.1207	46.4036	46.076699999999995	46.2829	45.9525	45.956399999999995	45.799099999999996	46.099000000000004	45.880700000000004	46.0535	45.868900000000004	46.4582	45.8459	46.0986	45.8727	46.0733	46.2329	46.4327	45.9938	46.1416	45.4981
Sgr-CMvi_018-Ex1-cssl	63.2653	43.1738	45.2476	42.1517	45.0261	43.1857	44.0029	45.1438	47.0793	40.8722	50.6738	48.6334	48.4103	46.3922	47.7676	45.8532	47.6721	45.8516	47.7762	46.0795	47.6772	45.521699999999996	47.4385	45.1593	47.192299999999996	45.1961	47.0377	45.2001	46.828399999999995	45.7512	47.1172	46.0529	46.7556	45.474399999999996	46.9777	45.434999999999995	46.7839	45.678000000000004	47.021499999999996	45.5877	46.916000000000004	45.429700000000004	47.0218	45.6102	46.657700000000006	45.7262	46.8576	45.5631	47.1103	45.7924	46.8953	46.0401	46.821	45.7121	47.010400000000004	45.7495	46.8116	45.7206	46.8644	45.787299999999995	46.6235	45.751999999999995	46.8178	46.049800000000005	46.725699999999996	45.6474	46.6087	45.6594	46.558	45.6277	46.784	45.8803	46.7921	46.1218	46.6729	46.153800000000004	47.015499999999996	45.5524	46.7027	46.0725	46.806799999999996	45.8078	46.523399999999995	46.1743	46.4373	45.8391	46.9051	45.9379	46.7337	45.8774	46.8577	46.2574	46.7089	46.1235	46.6001	46.3829	46.4254	45.935500000000005	46.9598	45.8359	46.766200000000005	46.0225	46.6281	46.476099999999995	46.3581	46.080799999999996	46.7401	46.1436	46.616	46.0792	46.4653	46.5058	46.670899999999996	45.7155	46.497	45.8039	46.4709	46.117599999999996	46.285199999999996	45.86	46.5333	45.8782	46.3844	45.9024	46.489799999999995	45.6618	46.239799999999995	46.2077	46.5883	45.9735	46.446	46.286100000000005	46.1246	45.9069	46.311600000000006	46.2976	46.0084	45.9738	46.2961	45.9028	45.984199999999994	45.6001	46.2817	45.9724	46.2971	46.2795	45.920100000000005	45.988299999999995	46.386500000000005	46.107
Sgr-CMvi_019-Ex1-cssl	62.0187	45.941900000000004	44.931	42.4006	45.906400000000005	43.628	44.1481	45.074799999999996	47.487899999999996	41.664899999999996	50.2421	47.8012	48.7188	46.3434	48.227399999999996	45.4389	47.9443	45.544200000000004	48.215	46.4798	47.5548	46.143499999999996	47.664699999999996	45.5313	47.247499999999995	45.4507	47.3059	45.2686	47.6421	45.3895	46.6832	45.3278	47.2873	45.7154	47.4061	45.1366	47.1825	45.3677	46.884100000000004	45.7297	47.375299999999996	45.9005	47.3408	45.8331	47.3915	45.4351	47.5675	45.2202	46.799800000000005	45.228699999999996	46.879599999999996	45.5604	47.0225	45.4893	46.9525	45.677	47.2204	45.4376	47.1085	45.3632	47.1438	45.9918	47.118500000000004	45.7111	47.6078	45.8094	47.1381	45.767	47.0501	45.3718	47.5018	45.6136	46.6532	45.185199999999995	47.0396	46.1065	47.2845	45.742	46.3144	45.5393	47.1091	45.621	46.9043	45.2577	47.1145	45.7962	46.5916	45.7711	47.3765	45.4142	47.1263	45.6403	46.737	45.7543	46.9878	45.8789	46.2543	45.5293	46.8474	45.817600000000006	47.2247	45.821400000000004	46.278000000000006	46.1357	46.2858	46.108	47.2019	45.4973	46.616800000000005	45.8001	46.8011	45.1667	46.664899999999996	45.4961	46.5152	45.4258	46.8699	46.0668	47.3943	45.9825	47.205000000000005	45.8763	46.3442	45.5623	46.9712	45.5146	46.516400000000004	45.4433	46.5437	46.0075	46.269	45.2339	45.65	45.7505	45.401	45.266099999999994	45.909499999999994	45.179	46.198499999999996	45.244299999999996	45.5077	45.4178	46.3801	45.929700000000004	46.4104	45.440599999999996	45.730199999999996	44.8619	46.4341	45.939099999999996
Sgr-CMvi_020-Ex1-cssl	63.394099999999995	45.3575	46.106700000000004	43.3872	46.8804	43.862899999999996	46.1152	45.7819	48.275400000000005	42.788900000000005	51.7561	49.0278	50.671200000000006	46.8354	49.067499999999995	46.8391	49.4533	46.7952	49.5371	46.7282	49.1399	46.7866	48.7919	46.8011	48.2518	46.0972	48.3375	46.206399999999995	48.8183	46.7576	48.5412	47.3847	48.374	46.185500000000005	48.4357	46.687	48.2604	46.5871	48.118	46.9358	48.8536	46.7425	48.4705	47.0872	47.6047	46.7224	48.411	46.157	48.493700000000004	46.4868	47.5263	47.2566	48.492200000000004	47.2361	47.9093	46.4016	47.9222	47.0377	48.1765	46.9241	49.002	46.6087	48.1007	47.3365	47.5383	47.416799999999995	48.1463	46.972	47.7005	46.4781	48.5796	46.103699999999996	48.3226	47.224199999999996	47.9099	47.3391	47.8204	46.9007	48.5971	46.970099999999995	47.7879	46.868500000000004	48.147600000000004	46.5086	48.2076	47.7831	47.865	47.2015	48.4337	47.1933	47.6639	47.1338	47.8571	47.6213	48.0243	47.200399999999995	47.5081	47.6927	48.4974	47.0193	48.2378	47.7445	47.795100000000005	47.3139	47.3156	47.186699999999995	48.0837	47.111599999999996	47.3964	47.553200000000004	47.4279	47.6304	47.9362	47.1796	48.134100000000004	47.2309	47.7838	47.3613	48.7645	46.8752	47.431	47.213	47.6119	47.5639	47.580299999999994	46.278000000000006	48.1896	46.8392	47.1354	46.7211	47.1938	46.6513	46.841899999999995	46.8194	46.7501	47.7697	47.672	47.099000000000004	47.2159	47.0117	47.2453	47.725	48.2594	46.1469	47.2177	48.2037	46.984700000000004	46.2656	47.6665	46.0619
Sgr-CMvi_023-Ex1-cssl	62.068599999999996	45.488	46.2588	41.627199999999995	46.1524	41.2724	44.5299	42.6977	47.2176	40.7434	51.3833	47.4457	50.1354	43.4475	48.8796	44.7382	48.2073	44.1691	49.3724	44.3722	47.5206	45.616099999999996	47.4259	44.502900000000004	47.833999999999996	45.348699999999994	47.5015	43.8885	47.4897	44.579800000000006	47.9977	43.439699999999995	46.3778	44.3821	48.0336	46.0711	45.8613	44.506299999999996	46.8222	44.5648	47.3352	44.2573	46.8932	44.9378	46.9197	44.357600000000005	48.7383	44.6931	46.7422	44.8578	47.0433	45.4874	46.9377	46.1817	48.7107	43.25	46.7489	44.8898	48.4465	45.8839	48.061	44.5515	48.131800000000005	45.393499999999996	48.1126	46.6364	47.5138	43.6911	46.7982	45.5128	48.2615	44.6925	46.6628	45.254	48.0565	44.181	48.0545	43.9268	46.909800000000004	45.3889	44.5677	45.0737	45.238	45.6254	46.481899999999996	46.1219	47.1662	46.9477	47.029700000000005	45.787299999999995	47.289500000000004	45.5717	47.994	45.7415	47.174	45.5844	48.373	45.3585	47.5553	46.6184	47.742200000000004	44.3445	45.6125	44.8014	46.738800000000005	45.1061	45.570100000000004	45.6023	46.8457	43.561299999999996	45.8638	42.909000000000006	46.530100000000004	45.6255	46.482800000000005	44.380199999999995	45.827200000000005	46.4526	47.3191	42.7051	47.1672	44.9053	47.1192	43.7224	46.9133	42.8663	45.0305	45.6479	44.5449	44.1949	42.6619	45.3038	44.169599999999996	43.6191	47.794	45.0378	46.6422	42.3139	47.165	43.4542	45.754	45.0447	45.3864	44.6177	45.4131	42.9437	46.1391	44.5326	46.0057	43.5815
Sgr-CMvi_024-Ex1-cssl	63.043800000000005	44.1269	44.8469	42.0338	45.398500000000006	42.7723	44.3751	44.4881	46.9391	41.818	50.0737	47.5961	48.5624	46.3974	47.8783	45.3669	47.5795	45.7868	48.0074	45.8254	47.4032	45.779599999999995	47.4074	45.318799999999996	47.3093	45.352599999999995	47.0792	45.1959	47.070299999999996	45.5816	46.9145	45.6872	46.8586	45.8187	46.8728	45.5057	46.9399	45.3088	46.814499999999995	45.1942	46.9593	45.359300000000005	47.4385	45.25	47.009699999999995	45.7325	47.011900000000004	45.448899999999995	46.7317	45.7583	46.857	45.3897	46.9666	45.5086	47.1809	45.7772	46.8905	45.6716	46.7153	45.834399999999995	47.464099999999995	45.4918	47.0936	45.7718	47.2909	45.4113	47.2492	45.873000000000005	46.942	45.7422	47.0576	45.7907	46.7983	45.5458	46.8557	46.2138	47.1016	45.7333	46.8223	46.2482	46.9129	45.6635	47.1768	45.5031	46.4037	46.0086	47.1808	45.792300000000004	47.0408	45.4898	46.9095	45.9421	46.7731	46.1674	46.9523	45.827	46.7968	46.1032	46.4181	45.6292	46.915099999999995	45.8835	46.921800000000005	45.914100000000005	46.4505	46.1028	46.8448	45.9353	46.5268	46.4517	46.437	46.097100000000005	46.531299999999995	45.8266	46.1276	45.867200000000004	46.792899999999996	45.874700000000004	46.373999999999995	46.1421	46.317099999999996	45.7849	46.238099999999996	45.5401	46.369	46.0859	46.4859	45.8752	46.789199999999994	46.277	45.9934	45.467400000000005	46.342800000000004	45.1914	46.488099999999996	46.1469	45.9604	45.5477	45.7665	45.5207	46.0696	45.9696	45.9506	45.7502	45.9086	45.7363	45.949400000000004	46.4783	46.4738	46.4165
Sgr-CMvi_025-Ex1-cssl	63.6147	43.1999	44.9783	42.0229	44.897999999999996	43.0242	43.748799999999996	44.6502	46.8167	41.5123	50.441100000000006	48.591499999999996	48.7517	46.3883	47.491499999999995	45.998400000000004	47.8588	46.2382	47.7975	46.4724	47.889900000000004	45.8477	47.2861	45.1679	46.6221	45.1948	46.8696	45.3577	47.1534	45.6071	46.792899999999996	45.7523	47.368300000000005	45.529399999999995	46.977799999999995	45.2435	46.7081	45.8164	47.0328	45.5051	47.2175	45.617799999999995	47.3235	45.6484	46.9538	45.726499999999994	46.9465	45.7254	47.1372	45.6748	46.8208	45.4867	47.043400000000005	45.5741	46.740300000000005	45.8594	46.852700000000006	46.0476	46.672000000000004	45.8165	46.8669	45.7398	46.873	45.8477	47.1542	45.6094	46.8306	46.0462	46.8218	45.5169	47.0525	45.731500000000004	46.806799999999996	46.137699999999995	46.6406	46.1675	46.5901	45.9799	46.8131	45.9216	47.1425	46.028000000000006	46.672200000000004	45.9931	46.7271	45.9455	46.895199999999996	45.9707	46.7925	46.0504	46.6799	45.903	46.7145	46.051700000000004	46.3681	46.281099999999995	46.7082	46.4538	46.7729	46.03	46.6765	46.2183	46.4906	45.9514	46.6365	46.3552	46.6843	45.7825	46.3232	45.9644	47.0286	46.169	46.2622	46.149499999999996	46.1901	46.2877	46.5278	45.8625	45.994800000000005	45.9532	46.036300000000004	46.1078	46.1823	45.9369	46.2858	45.542899999999996	46.3854	46.0338	46.4526	45.7259	46.273399999999995	45.938	46.8312	45.9185	46.1789	45.9277	46.1316	46.0434	46.5854	45.723	46.2545	45.6398	46.0313	45.5208	46.4167	45.962399999999995	45.996700000000004	46.3742	45.623599999999996	45.6261
Sgr-CMvi_027-Ex1-cssl	62.153999999999996	47.2049	45.867200000000004	43.2997	45.955	44.4147	45.3256	46.2432	47.9612	43.1606	50.9421	49.829299999999996	49.7146	47.966300000000004	48.652	46.9249	48.673100000000005	46.706399999999995	48.7258	47.314099999999996	48.4561	47.2237	48.6895	46.874	47.8805	47.050799999999995	48.1436	46.3202	48.5869	46.5926	48.0205	47.0149	48.5784	46.8658	48.363299999999995	46.787	47.8732	46.958299999999994	48.2402	46.9187	48.2606	46.7383	47.8196	47.1304	48.3115	46.9437	48.4016	46.5631	47.796699999999994	47.0212	48.143299999999996	46.820299999999996	48.5853	46.8103	48.1231	47.1453	48.0828	46.6804	48.1657	47.0109	48.083999999999996	46.7685	47.564099999999996	47.1488	48.2879	46.9512	47.970800000000004	47.3264	48.0105	46.4027	48.1771	46.4335	47.9859	47.2935	48.282199999999996	46.437200000000004	48.1309	46.697300000000006	47.8255	47.1695	47.998400000000004	47.1835	48.0224	47.1097	47.729	47.2786	48.2013	47.0655	48.0647	47.037600000000005	47.7606	47.328199999999995	47.9392	47.3254	48.3211	47.487899999999996	47.747499999999995	47.3761	47.6245	47.307900000000004	47.9594	47.1006	47.8049	47.4223	48.2458	46.729	47.970800000000004	47.2442	47.403099999999995	47.2995	47.3912	47.207	47.7753	47.2844	47.3088	47.4804	47.1145	47.2185	47.7311	47.3744	46.970099999999995	47.172	46.743	47.0617	47.1281	46.853699999999996	47.6225	47.194	46.9966	46.9805	47.4841	47.0099	46.9964	47.6669	47.0618	47.0766	47.5499	46.5244	47.415400000000005	47.1472	47.6303	47.5293	47.2785	47.4062	47.0273	47.3998	46.8773	46.9439	47.8326	46.2951
Sgr-CMvi_028-Ex1-cssl	63.961999999999996	42.175000000000004	44.919399999999996	42.3291	44.9898	43.0595	43.991	44.8771	46.509299999999996	41.9409	50.2569	48.7769	48.661	46.9302	48.0133	46.471000000000004	47.69	46.6055	47.7042	46.7316	47.7015	46.0205	47.2136	45.9938	47.0745	45.8767	46.8554	45.9565	47.125499999999995	46.001999999999995	47.1941	46.3324	47.0677	46.2243	46.8946	46.2599	46.9942	46.0839	47.090700000000005	46.0729	46.9619	45.9102	46.9093	46.1385	46.8307	46.1225	46.8012	46.2121	46.779700000000005	46.1884	46.654	46.1563	46.983799999999995	46.150999999999996	47.0125	46.2922	46.8592	46.1114	46.8329	46.3106	46.9782	46.3917	46.7849	46.3876	47.0676	46.1567	46.9797	46.306000000000004	46.8492	46.261	46.882400000000004	46.1092	47.065400000000004	46.5622	46.852700000000006	46.3028	46.9972	46.2055	46.8048	46.4621	46.751	46.4457	46.9495	46.4258	46.9523	46.657900000000005	47.0351	46.4385	47.0397	46.5889	46.9366	46.2978	46.8378	46.647	46.9609	46.576699999999995	46.9067	46.631099999999996	46.9953	46.699	46.9453	46.432	47.0657	46.6406	46.7676	46.574799999999996	47.0261	46.6246	46.8979	46.5559	46.6955	46.865	46.873799999999996	46.5922	46.8797	46.6474	46.8303	46.8879	47.1455	46.7724	46.794999999999995	46.2437	46.861399999999996	46.535	47.0284	46.5048	46.4282	46.8559	46.5512	46.4739	46.7894	46.3881	46.383799999999994	46.5332	46.5034	46.5747	46.567	46.5127	46.5581	46.225500000000004	46.7556	46.361999999999995	46.9185	46.5636	46.5351	46.8648	46.700199999999995	46.626	46.4358	46.3801
Sgr-CMvi_030-Ex1-cssl	61.968900000000005	40.6338	45.5293	40.5463	44.8098	41.6359	46.3879	42.0466	47.1308	41.4114	49.3607	48.1228	48.2925	45.0714	48.1901	43.6203	48.7464	45.6148	48.3272	44.4543	48.0454	44.5946	47.6887	46.242	46.9152	45.1299	45.9961	44.2221	47.3275	45.210499999999996	46.6318	44.9118	47.4049	44.574999999999996	47.393800000000006	44.0006	46.8903	44.1798	48.2975	43.7928	47.4308	44.852799999999995	46.4086	44.2035	46.7013	43.4646	47.4933	44.4098	46.9951	44.4251	47.8789	44.1073	48.0638	43.4759	47.4223	45.0133	46.7714	44.332899999999995	46.9251	45.0343	47.8279	43.925799999999995	47.196	44.9771	45.814	44.0779	46.6616	43.675000000000004	46.0331	44.5641	46.9998	43.5775	46.5676	46.3046	46.1141	44.0028	47.3999	45.0872	47.1657	44.1259	48.3857	43.548500000000004	45.7425	45.5125	46.1698	46.2099	45.78	44.223	46.2688	44.8358	43.7647	45.238299999999995	45.568799999999996	45.8913	46.8926	44.4097	46.6743	44.921	47.5972	44.9681	46.6124	45.0793	45.265899999999995	45.9321	45.4517	43.5824	46.550999999999995	41.8797	47.0974	45.5237	46.3119	44.0943	46.440799999999996	45.0675	47.3005	42.7749	46.5043	45.2162	46.783	43.5776	46.2317	45.1088	47.4944	45.2748	45.4557	44.3337	47.1376	46.163	45.9526	43.702600000000004	46.4245	42.7836	48.5623	43.7742	45.7805	43.742399999999996	44.9865	42.294	46.9815	47.08	48.9297	42.058099999999996	46.7915	44.400600000000004	47.6028	45.0935	48.2775	43.8247	46.8448	45.4938
Sgr-CMvi_032-Ex1-cssl	62.8333	43.4035	44.5586	41.6041	44.7632	42.1462	43.4307	44.0997	46.1656	40.8348	49.8385	46.7589	48.4151	45.7533	47.7678	45.0988	46.9676	45.753899999999994	46.9042	45.6253	47.2897	45.3206	46.7267	44.2337	46.5265	45.3681	46.571200000000005	44.4853	46.1085	44.778	47.064099999999996	45.5852	46.5482	45.6381	46.7376	44.4916	46.9291	44.4362	46.443200000000004	44.2868	46.4433	44.8417	46.7647	44.7138	46.0984	44.5253	46.510200000000005	44.8608	46.409299999999995	45.0196	46.4658	45.2211	45.976	44.535000000000004	46.091300000000004	45.242	45.9181	44.9774	46.275800000000004	45.5336	46.720099999999995	44.555099999999996	46.602199999999996	44.8326	45.7958	45.5621	46.2981	45.7301	46.7057	44.934000000000005	46.4651	45.008199999999995	46.5119	44.7853	46.5528	45.0386	46.512100000000004	44.8962	46.693400000000004	45.0193	45.905699999999996	45.8011	46.4143	45.792500000000004	46.5769	45.002900000000004	46.324	45.2793	46.5349	45.783	47.2661	45.4069	46.260400000000004	45.1409	45.9894	45.0076	46.0721	45.4231	46.2601	45.149	46.0597	45.5229	46.428799999999995	45.8038	45.880700000000004	46.1093	46.389599999999994	45.562599999999996	45.5466	45.2807	46.6978	45.746900000000004	45.6746	45.2136	44.9283	45.652100000000004	45.8052	44.9437	46.2773	44.9405	45.9159	45.4038	45.6235	44.8313	45.6799	45.4179	45.1474	44.7288	45.5667	44.333	46.4293	44.7516	45.875	44.9127	44.8121	44.9626	45.1407	45.4192	44.8425	44.2973	46.084399999999995	43.971199999999996	44.8688	45.844	45.4645	45.4283	44.945800000000006	45.0589	45.7356	45.568999999999996
Sgr-CMvi_033-Ex1-cssl	63.3436	43.222300000000004	44.6603	41.9996	44.656600000000005	43.056	43.8724	45.0192	46.5882	41.2524	50.136	48.6398	48.4615	46.4445	47.1835	45.896300000000004	47.5313	45.9078	47.374500000000005	46.2477	47.171400000000006	45.7447	47.0254	45.6638	46.4488	45.4671	46.4758	45.6432	46.8675	45.3066	46.765499999999996	45.7839	46.808899999999994	45.312000000000005	46.8111	45.757	46.6186	45.5784	46.6023	45.6063	46.8784	45.8372	46.4874	45.7296	46.808699999999995	45.4116	46.9649	45.5882	46.5583	45.7552	46.5658	45.9905	46.6956	45.567800000000005	46.7125	45.8419	46.4521	45.5547	46.699200000000005	45.8103	46.4696	45.7115	46.603	45.8776	46.6706	45.6883	46.6097	45.8904	46.5266	45.7237	46.840399999999995	45.901199999999996	46.6516	45.768	46.4926	45.9867	46.4191	45.8362	46.821400000000004	46.003899999999994	46.7375	45.786300000000004	46.720099999999995	45.7346	47.0088	46.1692	46.7395	45.778	46.800399999999996	45.8737	46.4836	46.3016	46.393	46.0797	46.5279	45.967400000000005	46.5467	46.113	46.6217	45.8564	46.7924	46.0492	46.5406	46.084599999999995	46.6221	45.9849	46.8277	45.8011	46.5795	46.3739	46.6156	46.2174	46.5511	45.911	46.56	46.0399	46.1016	46.048	46.2934	45.8359	46.476800000000004	45.9285	46.3169	45.8712	46.300999999999995	46.044200000000004	46.173500000000004	46.150200000000005	45.9473	45.9247	46.4168	45.9737	46.2625	45.9208	46.4368	45.747	46.2399	45.8097	46.0919	45.9448	46.1091	46.0122	46.636	45.642300000000006	46.1458	45.955600000000004	46.1887	46.0533	46.4668	45.6536
Sgr-CMvi_034-Ex1-cssl	63.3637	43.3186	45.1529	42.5719	45.3364	43.1857	44.5376	43.6999	46.224	42.0399	50.4903	47.8985	48.8946	47.2487	47.653800000000004	46.0169	48.687599999999996	45.4466	47.5982	46.2144	47.3475	46.369	46.8801	46.2146	47.6075	45.7973	47.393299999999996	45.419	47.5128	45.155699999999996	47.071400000000004	45.8494	47.2814	45.1218	47.0021	45.4885	46.8827	44.832100000000004	47.3443	45.1988	47.253499999999995	45.734700000000004	47.5963	45.7937	47.4988	45.6196	47.5326	46.9275	47.5519	45.462	46.8189	46.1393	47.9888	45.7102	46.677600000000005	45.3438	46.5184	45.8291	47.679500000000004	45.5822	46.848600000000005	46.456199999999995	47.1667	46.441500000000005	47.3285	46.51	47.7196	46.232800000000005	46.4414	46.6747	46.7708	45.874700000000004	47.7963	46.0446	47.137	46.2591	46.5899	45.879	47.428399999999996	45.6958	46.7862	46.5535	47.062799999999996	46.7373	47.4311	46.2761	47.5934	45.6935	46.9933	46.6671	47.1191	46.6378	47.7669	45.6362	47.0811	46.253899999999994	47.4938	45.2191	46.6794	46.3486	46.6152	46.0345	46.9349	45.6076	46.9593	47.4281	46.779700000000005	45.7902	47.4779	45.4531	47.7178	46.295500000000004	46.602	46.1045	46.9983	45.461800000000004	47.0406	46.5864	47.048	45.7147	46.9155	46.7253	46.598299999999995	47.2642	45.861000000000004	46.748200000000004	46.2737	46.2289	46.7429	45.674	46.8714	45.9105	46.083600000000004	45.7941	47.1539	46.2918	46.544799999999995	46.8489	47.1011	45.216	45.656200000000005	47.4457	46.239999999999995	44.9703	46.4396	45.3037	47.0786	45.8458	45.197500000000005	45.3403
Sgr-CMvi_036-Ex1-cssl	62.3001	44.518	45.3167	43.0481	45.3183	43.6075	44.189299999999996	45.3665	47.1892	41.6407	50.920500000000004	48.7307	48.9917	46.4398	47.5265	46.0199	47.8921	45.9996	47.9132	46.279199999999996	47.7142	46.0447	47.4738	45.725500000000004	47.053	45.7378	47.103	45.7695	47.409400000000005	45.6875	47.0931	46.1275	47.2365	45.6809	47.2274	45.7926	47.0386	45.9351	46.9644	45.5797	47.2452	45.9653	47.2312	46.1843	47.0013	45.9917	46.8138	45.7937	47.3602	45.981899999999996	46.8296	46.1804	47.3527	46.1104	47.1288	46.055600000000005	47.1209	45.8048	47.2229	45.8658	47.125099999999996	45.8837	47.1161	46.0871	47.0045	46.1567	46.862500000000004	46.300999999999995	47.0345	46.0636	47.104800000000004	46.2875	46.827400000000004	45.8366	46.8728	46.066	46.9416	46.0648	46.997499999999995	46.450399999999995	46.855599999999995	46.287099999999995	46.7574	45.9291	47.0994	46.3357	46.9659	46.1362	47.1107	46.154	47.039500000000004	46.5379	47.022999999999996	46.1961	46.8621	46.2842	46.8838	46.4358	46.6933	46.5563	47.1337	46.167	46.842299999999994	46.041900000000005	46.8693	46.2417	47.0685	46.319500000000005	46.7021	46.5676	46.8681	46.1397	46.6349	46.210499999999996	46.4225	46.1967	46.7752	46.2785	46.5383	46.5752	46.2918	46.271499999999996	46.6448	46.164500000000004	46.3035	46.240500000000004	46.5859	46.1424	46.2756	45.844	46.4764	46.175	46.4253	46.207300000000004	46.2486	45.773799999999994	46.0561	46.1998	46.1904	45.7111	46.525	46.0389	46.2086	45.8702	45.974599999999995	46.089400000000005	46.3313	45.9658	46.3951	46.2892
Sgr-CMvi_038-Ex1-cssl	63.7839	41.950700000000005	44.634	41.6853	45.283	42.1317	44.358599999999996	43.8615	46.897	40.8331	50.3717	47.8768	48.5765	46.487899999999996	47.6057	45.3851	47.564	45.3145	48.039	45.4437	47.7514	45.582499999999996	47.1699	44.8531	47.3943	44.9898	47.1343	45.2252	47.2031	45.4704	46.9422	45.654	47.5039	45.1325	47.2066	45.4783	47.3847	45.2904	47.2872	45.0636	46.7494	45.471000000000004	47.613	44.9641	47.0331	45.9437	47.2318	45.2025	46.9287	45.2565	46.5362	45.0271	46.7246	45.3009	46.6708	45.5957	47.0461	45.286	46.6844	44.83	46.8453	45.6048	46.3955	45.3506	46.8489	44.9253	46.7514	45.9136	47.028999999999996	45.5706	46.7904	45.5077	46.609899999999996	45.6644	46.5481	45.6561	46.506	45.957100000000004	46.4515	45.7582	46.911199999999994	45.5037	47.0224	45.5107	46.384	45.9978	46.701100000000004	44.9751	46.367799999999995	45.7008	46.2742	45.8715	46.581	46.1526	46.963899999999995	45.383	46.2767	45.687	47.0743	45.7795	46.2283	45.9418	45.671499999999995	45.2063	45.9046	45.2104	46.122600000000006	45.928000000000004	46.436699999999995	45.1712	46.117399999999996	46.211200000000005	46.732800000000005	45.868700000000004	46.8001	45.745599999999996	45.8324	45.8159	46.0088	45.6092	46.1453	45.1869	46.583400000000005	46.0652	45.4644	45.5932	46.3048	45.8557	45.3213	45.661	45.3839	45.7293	45.5165	45.7403	45.0938	46.0783	45.535199999999996	45.5679	45.731500000000004	46.1953	45.2751	45.4995	46.050000000000004	44.4554	46.5087	45.110499999999995	46.0251	44.6058	46.0657	44.9436
Sgr-CMvi_042-Ex1-cssl	62.8246	43.451299999999996	45.4842	42.8681	46.941300000000005	43.2292	45.1164	45.2397	48.3639	42.351499999999994	50.3084	48.5387	49.355900000000005	46.7706	48.583	46.489799999999995	48.8193	46.173700000000004	48.2117	46.5622	48.2931	45.406200000000005	48.640899999999995	45.6014	48.0617	45.6128	48.2588	45.3847	47.339	44.8311	48.507099999999994	46.8234	48.646899999999995	45.089600000000004	48.551100000000005	46.5777	48.6141	46.6151	47.7176	46.361799999999995	48.274	45.8241	48.173100000000005	46.0478	47.850300000000004	46.19	48.4268	46.6362	48.1177	46.4863	47.582	46.4196	49.105399999999996	45.9005	47.5886	45.81	48.1038	46.476800000000004	48.024	46.0972	48.4145	46.1181	47.2427	46.608	48.0613	46.812	48.121900000000004	46.901399999999995	47.4959	46.2482	47.727000000000004	46.2322	47.8879	46.307900000000004	47.6854	46.6823	46.9392	46.379799999999996	47.3871	46.7893	47.861399999999996	46.511599999999994	49.3697	47.5039	47.3314	46.652	47.5885	46.4071	47.9376	46.6959	48.2224	47.4694	47.7049	47.2529	47.946299999999994	46.555800000000005	48.487700000000004	47.3542	48.6725	47.546699999999994	48.2746	46.1522	48.1512	47.4603	47.596500000000006	47.1261	48.2097	46.8347	47.6124	46.841	47.646100000000004	46.9041	47.5484	45.9448	49.1926	46.1402	47.066599999999994	47.0443	47.1569	46.407399999999996	48.8433	46.6819	47.6911	46.561	46.234700000000004	46.1476	47.2831	46.862700000000004	47.8466	46.6746	46.887	46.5165	47.2395	47.280699999999996	46.6876	47.6455	46.037	47.2389	47.3809	47.340900000000005	47.9872	46.5662	47.1407	47.7222	47.5194	47.0929	46.9991	47.3396	47.1988	46.5682
Sgr-CMvi_043-Ex1-cssl	63.1387	43.5594	44.7394	42.3784	44.6948	43.318200000000004	43.8897	45.2376	46.6031	41.1239	50.3195	48.5708	49.1751	46.356	47.4203	46.2123	47.9047	45.8893	47.4883	46.0146	47.7504	45.9283	47.594300000000004	45.472	46.5402	45.9975	47.1778	45.4644	46.868900000000004	45.3344	46.8867	45.6588	47.0704	45.736900000000006	47.109	45.8568	47.025	45.805299999999995	46.7684	45.815400000000004	46.9407	45.4583	46.7455	46.2833	46.5812	45.6257	47.0245	45.841	46.7324	45.7692	46.9167	45.8611	46.8256	45.859100000000005	47.033199999999994	45.7969	47.0329	46.179700000000004	46.9223	45.8784	46.961000000000006	45.608599999999996	47.1405	45.712399999999995	46.976	45.6455	46.8691	46.028000000000006	46.8776	45.7936	46.5443	46.1167	47.0373	46.0455	46.7077	45.7088	47.3005	46.015699999999995	47.0516	46.3939	46.637499999999996	45.957100000000004	46.8038	45.7887	46.8839	46.0345	47.1098	46.2556	47.0348	46.2786	46.611999999999995	46.4251	46.564499999999995	46.393299999999996	47.047200000000004	46.0391	47.0046	46.4362	46.4625	46.375899999999994	46.8768	46.333800000000004	46.9379	46.5111	46.3074	46.3868	46.6347	46.4121	46.3417	46.5026	46.7106	46.6754	47.160999999999994	45.9938	46.766999999999996	45.568799999999996	46.6959	45.9654	46.4676	45.966699999999996	46.5171	45.736	46.2599	45.8996	46.2613	45.5747	46.8308	46.069500000000005	47.0892	45.9669	46.0256	45.8629	46.277499999999996	46.4735	46.0875	46.2978	46.5541	46.0065	46.4917	46.217200000000005	46.2412	45.9135	46.5335	45.4854	46.3724	45.9251	46.6524	45.8246	46.606700000000004	45.7006
Sgr-CMvi_044-Ex1-cssl	62.6528	44.3348	44.676500000000004	42.1169	45.177099999999996	43.274699999999996	44.4547	45.1175	47.3408	41.612100000000005	50.103500000000004	48.5887	48.8853	47.0732	47.7076	45.7482	47.9651	46.5951	47.9039	46.5046	47.8319	46.0207	47.4811	46.017799999999994	46.914899999999996	45.4152	47.200199999999995	45.921299999999995	46.9002	45.9376	47.2358	46.0963	47.186299999999996	45.9669	47.394999999999996	45.9748	47.1357	45.9243	47.005	46.1081	47.109899999999996	45.7463	46.9376	45.8024	46.9126	45.888600000000004	47.0718	45.6812	46.754400000000004	45.7969	46.9976	45.860800000000005	47.1307	45.712599999999995	47.256	45.8228	46.8788	45.979	47.0383	45.9998	47.3859	45.8089	47.002500000000005	45.9509	47.1415	45.8215	46.8789	46.2659	47.0381	45.969	47.0591	46.0943	46.96	46.168	46.631099999999996	46.321200000000005	47.2323	46.1676	47.129599999999996	45.745200000000004	46.969699999999996	46.1956	46.8065	46.383	46.6565	46.617999999999995	47.1458	46.037	47.4946	46.4407	47.272999999999996	46.354099999999995	46.670899999999996	46.4368	47.2591	46.036	47.2397	46.0496	47.0061	46.4582	47.1304	45.923	47.403	46.0555	46.8451	46.3011	47.0762	46.334900000000005	46.7725	46.4043	46.9366	46.2821	46.7337	45.8619	47.2017	45.7915	47.0068	46.2274	46.4654	46.2128	46.97	45.8474	46.5875	46.1387	46.4859	46.265499999999996	46.9198	45.9882	46.189400000000006	46.2123	46.097500000000004	46.147	46.5204	45.923700000000004	45.864	45.789699999999996	46.381099999999996	45.9054	46.2384	46.054	46.286699999999996	45.9569	46.2785	45.555299999999995	46.7844	46.1834	46.4179	45.5134	46.515699999999995	45.527699999999996
Sgr-CMvi_046-Ex1-cssl	62.239999999999995	47.5023	45.7538	43.3751	46.563900000000004	44.3567	45.2785	45.5712	48.0081	43.2347	50.3982	48.772	49.1391	47.2872	48.5269	46.4891	48.9572	46.6891	48.5087	47.030899999999995	48.5921	46.7383	48.4944	46.5657	47.9177	46.456399999999995	47.6821	46.4681	48.3608	46.2902	48.1507	46.4952	48.1657	46.2601	48.2373	46.9416	47.713899999999995	46.5458	47.839999999999996	46.5384	47.863299999999995	46.457	47.8644	46.8457	47.698499999999996	46.531299999999995	47.8033	46.4651	47.659099999999995	46.6251	47.8422	46.6164	47.7305	46.6674	47.6567	46.6096	47.92	46.389	47.922799999999995	46.9302	47.5578	47.0671	47.5869	46.643499999999996	48.0008	46.4022	47.9522	47.0336	47.717999999999996	46.724	47.4677	46.3914	47.6209	47.201100000000004	47.5358	46.4709	47.722300000000004	46.1428	47.5495	46.9186	47.3825	46.7147	47.917300000000004	46.6309	47.527	47.1157	47.5277	46.822599999999994	48.1518	46.57	47.8922	46.958	47.6158	46.9769	48.0411	47.205000000000005	47.8121	47.2596	47.6524	47.1126	47.8535	46.9912	47.558	46.9317	47.3831	47.1486	47.2488	47.166799999999995	47.4053	47.3317	47.2341	47.1605	47.7585	46.9988	47.5698	46.860800000000005	47.2236	47.1704	47.4654	47.3234	47.2029	47.2507	47.428399999999996	46.8915	47.0855	47.2841	46.8372	46.9812	47.458	46.7113	47.626400000000004	47.129599999999996	47.0948	47.3763	46.8735	46.712199999999996	47.2987	46.957	47.3219	46.913700000000006	47.2575	46.9615	47.1895	46.4999	46.9088	46.9173	47.160999999999994	46.686899999999994	47.6122	47.026
Sgr-CMvi_047-Ex1-cssl	63.6914	43.4941	44.9602	41.7241	45.0953	43.0541	44.1175	44.9857	47.0827	41.4938	50.405100000000004	48.4479	48.9504	46.4541	47.530499999999996	45.8227	47.8658	45.6569	47.5537	46.3361	47.573100000000004	46.0035	47.3512	45.7704	46.581	45.499	46.6715	45.710899999999995	46.9913	45.415	46.970800000000004	45.8415	46.8783	45.271699999999996	47.0129	45.6544	46.571	45.5403	46.671600000000005	45.629799999999996	46.9343	45.5575	46.691	45.698100000000004	46.6617	45.46	46.6162	45.6081	46.5219	45.7721	46.6225	45.942499999999995	46.7235	45.5455	46.8598	45.914899999999996	46.9491	45.759	46.7212	45.828799999999994	46.675	45.812599999999996	46.8691	46.179199999999994	46.5346	46.0131	46.5397	45.8903	46.4263	45.7612	46.6379	45.9114	46.4084	46.0524	46.5608	46.1062	46.6337	45.7598	46.8739	45.981100000000005	46.499	46.1854	46.640100000000004	46.3361	46.6496	46.1069	46.4335	45.8686	47.0796	45.693400000000004	46.779199999999996	45.8156	46.6978	46.3917	46.732	45.8366	46.700399999999995	45.9733	46.6094	45.8959	46.653	45.6735	46.5995	46.3389	46.3369	45.9005	46.5071	45.884	46.6406	45.9319	46.6684	45.7982	46.610099999999996	45.9413	46.1685	46.295500000000004	46.3244	46.0163	46.5186	46.0339	46.085100000000004	46.147	45.726499999999994	45.974900000000005	46.3623	45.595400000000005	45.8513	45.9133	46.224	45.8892	46.6254	46.096599999999995	46.1327	45.6601	46.2785	45.861000000000004	46.748200000000004	45.7841	46.268	46.0258	46.2196	45.684000000000005	46.131699999999995	45.8312	46.1279	45.9806	46.0897	45.9786	46.4667	46.1805
Sgr-CMvi_049-Ex1-cssl	64.6014	45.000800000000005	46.5444	43.893100000000004	46.7726	44.9971	45.7864	46.9398	48.2313	43.1301	52.1543	50.35380000000001	50.3887	48.3493	49.2976	47.6156	49.5181	48.011199999999995	49.4052	48.0176	49.4452	47.902499999999996	49.5039	47.5537	48.3723	47.4111	48.6898	47.461999999999996	49.1924	47.6819	49.0051	47.636	48.8959	47.4729	48.6324	47.8583	48.603699999999996	47.8929	48.917500000000004	47.742200000000004	48.9819	47.787	48.497299999999996	48.1818	48.9139	47.809200000000004	48.8337	47.7427	48.945100000000004	48.357499999999995	48.6506	48.3144	48.727900000000005	48.2224	48.6871	47.9924	48.9079	47.8921	48.9407	48.1172	48.9737	48.221599999999995	49.0301	47.9817	49.1645	47.821999999999996	49.0638	48.4138	48.7611	47.848800000000004	49.0706	47.842	49.033300000000004	48.099599999999995	49.167100000000005	48.086600000000004	49.139500000000005	48.3979	49.0672	48.2958	49.1261	48.3726	49.3116	47.9614	49.0091	48.6362	49.0246	48.1992	49.059000000000005	48.1992	49.126	48.7774	49.0721	48.3735	49.467	48.692	49.1556	48.7519	49.3015	48.7389	49.3275	48.5025	48.6916	48.748799999999996	49.071999999999996	48.3281	49.1718	48.694500000000005	49.2261	49.0433	48.7547	48.4118	49.012899999999995	48.9676	49.1871	48.6576	48.7973	48.942099999999996	49.100300000000004	48.7966	49.2571	48.449799999999996	49.0283	48.235099999999996	48.9242	48.8591	48.749199999999995	48.7284	48.818	48.5905	48.626799999999996	48.7847	48.796099999999996	48.7294	48.5364	48.8015	48.6971	49.2061	48.5632	48.773300000000006	49.129	48.2908	48.8329	48.3763	48.600100000000005	48.4674	48.6575	47.9431	48.7881	48.757400000000004
Sgr-CMvi_051-Ex1-cssl	63.33220000000001	42.565999999999995	43.7703	41.257	43.980799999999995	41.7293	43.2364	43.5031	45.1943	40.4517	49.8303	47.301700000000004	47.2022	45.4721	46.9177	45.0049	46.8686	44.6795	47.1513	45.466499999999996	46.5881	44.7999	46.4598	44.6967	45.9504	43.9689	45.963100000000004	44.3996	46.3679	44.364599999999996	46.0134	45.0048	46.4086	44.99	45.7694	44.7328	45.736399999999996	44.8635	46.299	44.7374	46.1851	44.285000000000004	45.3905	45.294000000000004	45.7625	44.7708	45.793099999999995	44.6138	45.637	44.6659	46.2846	45.137899999999995	45.791	45.006	45.8729	44.7871	46.2149	44.859100000000005	46.1053	44.7499	46.1748	45.0094	45.8103	45.1106	45.7532	45.035399999999996	46.1294	44.7077	45.9728	44.588	45.5841	45.4977	45.6575	44.9431	45.8312	44.839800000000004	45.6767	44.653	45.4837	45.1864	46.1787	44.8724	45.946799999999996	45.393499999999996	45.7078	45.164500000000004	45.6683	45.0004	45.7016	44.9457	45.9515	44.838699999999996	45.3892	45.4973	45.7824	45.061800000000005	45.8735	44.718599999999995	45.6955	45.7099	45.4865	44.8513	45.549099999999996	45.2829	45.2228	44.8778	45.2907	44.6178	45.4507	45.2166	45.3837	45.1792	45.4291	45.3181	44.8263	45.401599999999995	45.3294	45.256800000000005	45.480199999999996	45.1553	45.440599999999996	44.4656	45.3811	44.1012	45.3277	44.1909	45.9109	45.3409	45.1193	44.8126	45.4311	45.2835	45.4596	44.0679	44.992599999999996	44.9953	45.2712	44.9923	44.710899999999995	44.4388	45.041799999999995	45.3803	44.499100000000006	44.5018	45.542500000000004	45.0081	45.6268	45.2112	45.366099999999996	44.7285
Sgr-CMvi_052-Ex1-cssl	62.301899999999996	40.549099999999996	44.163799999999995	39.905	44.2347	40.4817	41.6823	43.0201	45.2218	38.7482	49.4037	46.2029	47.436299999999996	44.3865	45.6496	43.2467	46.1465	43.7552	46.4159	44.520700000000005	46.1071	44.028	45.4747	43.89	45.242399999999996	44.046099999999996	45.9388	43.5875	46.1477	43.6274	45.4501	43.7873	45.4807	43.7204	45.6888	43.769400000000005	45.293499999999995	43.934400000000004	44.6815	42.613800000000005	46.2351	43.6807	44.8947	43.7699	45.529799999999994	43.4612	45.6255	44.4982	45.142500000000005	43.695	45.3848	42.9084	45.5951	44.7658	45.9172	44.639	45.0509	43.9448	44.441399999999994	44.4682	44.8017	43.8699	44.5422	44.7762	45.4365	43.9449	45.1477	44.2555	45.027499999999996	43.9888	45.0508	44.0683	45.434200000000004	44.7161	45.269999999999996	44.0086	45.3293	43.6996	45.102599999999995	44.7314	45.391999999999996	43.6959	44.9959	44.1054	45.365	43.386	45.7338	43.306	45.0899	43.0751	44.7971	43.8231	44.685399999999994	43.3579	44.9167	44.5504	44.8621	44.2427	45.3979	44.0375	44.7815	44.122099999999996	44.8932	43.7444	44.9162	44.7189	44.643	43.1531	44.641999999999996	43.885200000000005	44.6517	43.2573	44.4212	44.0333	45.0075	44.1255	44.201499999999996	44.8232	44.5762	43.5439	44.5982	44.5165	44.722	44.0727	44.705	44.527499999999996	44.2798	43.5084	43.107800000000005	43.587900000000005	44.7913	42.315999999999995	44.5803	44.6106	44.2485	43.8726	44.4576	43.5834	42.8955	43.11	44.0168	43.7766	44.7334	42.842200000000005	44.532	43.9874	44.0208	43.7852	44.0212	42.5429
Sgr-CMvi_053-Ex1-cssl	63.4279	42.8034	44.6377	41.7412	44.4242	42.8022	43.5495	44.3335	46.281299999999995	40.6698	49.9689	47.9578	48.078199999999995	46.3525	47.2993	45.6702	47.144000000000005	45.7577	47.034	45.7161	47.2227	45.3652	46.7271	45.3789	46.457	45.0507	46.4344	45.2175	46.7288	45.2314	46.4113	45.386500000000005	46.3806	45.145	46.7065	45.323	46.3501	45.0388	46.3185	45.2021	46.4199	45.3367	46.2711	45.1186	46.320299999999996	45.197900000000004	46.232099999999996	45.1944	46.4006	45.4461	46.2939	45.3465	46.5622	45.2449	46.2271	45.6184	46.2581	45.4118	46.339999999999996	45.581500000000005	46.484500000000004	45.2917	46.387	45.5901	46.3724	45.2711	46.5256	45.598	46.2798	45.2562	46.3521	45.1886	46.4837	45.490399999999994	46.3566	45.4495	46.2966	45.1549	46.1533	45.600699999999996	46.484700000000004	45.7256	46.432	45.3834	46.166000000000004	45.5837	46.5747	45.4803	46.2787	45.442	46.1353	45.6058	46.1311	45.5931	46.261	45.5524	46.1601	45.5578	46.2343	45.719100000000005	46.428799999999995	45.6944	45.8511	45.7679	46.1662	45.5472	46.047	45.6654	45.999	45.7168	45.7954	45.7877	45.841100000000004	45.6457	45.8577	45.4663	46.0621	45.1512	46.2763	45.453900000000004	46.0779	45.4602	45.8829	45.5324	45.9936	45.5668	45.7767	45.9846	45.8219	45.3369	45.974	45.171299999999995	45.7409	45.6451	45.6834	45.0602	45.6193	45.3696	45.8372	45.4447	45.873599999999996	45.042100000000005	45.7629	45.676899999999996	45.6361	45.7357	45.583200000000005	45.3852	45.7485	45.5772
Sgr-CMvi_054-Ex1-cssl	63.397800000000004	43.763999999999996	45.1236	42.1659	44.7323	43.4257	44.0371	44.7557	46.7119	41.4167	49.7295	48.6707	48.7645	46.3352	47.720600000000005	46.3168	47.6346	46.1334	47.5007	46.2192	47.6509	45.877	47.0182	45.6762	46.9101	45.6342	46.847100000000005	45.9972	47.0183	45.4735	47.1335	45.9906	46.950199999999995	45.6282	46.9366	45.7868	46.6886	45.5915	46.5081	45.817099999999996	46.7293	45.6277	46.7925	45.9246	46.7483	45.6945	46.8752	45.662000000000006	46.881	45.882400000000004	46.8058	45.8278	47.1354	45.8048	46.9597	45.6995	46.822900000000004	46.0719	46.7204	45.893499999999996	46.7603	46.2248	46.7415	45.7687	46.5801	45.9071	46.9695	45.908100000000005	46.8425	46.176	46.664	46.211600000000004	46.5797	45.9677	46.592299999999994	46.1335	46.6279	45.981300000000005	46.7926	46.0912	46.6354	46.193400000000004	46.7764	46.3031	46.9568	46.2679	46.7696	46.1093	47.158	46.145399999999995	46.7223	46.083800000000004	46.334900000000005	46.1328	46.3904	46.1258	46.7511	46.3879	46.7925	45.9267	46.4341	46.2648	46.3643	46.4051	46.4365	46.2049	46.6078	46.0425	46.085	46.5368	46.232	46.4136	46.5819	46.1243	46.691300000000005	45.8945	46.1279	46.218900000000005	46.5032	46.2276	46.3983	46.2902	45.9373	46.3654	46.3034	46.1372	46.433600000000006	46.1498	46.1237	46.448499999999996	45.9373	46.1976	46.0903	45.8984	46.28	45.8408	45.9812	46.211400000000005	46.0214	45.8902	45.9248	45.8924	46.1403	45.6799	46.089200000000005	46.0023	45.8375	46.2874	45.9735	46.3399
Sgr-CMvi_055-Ex1-cssl	63.3569	48.215599999999995	47.7762	44.8733	48.2183	45.5821	46.8156	47.8193	49.7085	44.1233	52.283100000000005	50.8281	51.174600000000005	49.484899999999996	49.3334	48.5684	50.3294	48.783500000000004	49.5694	49.1982	49.6988	48.1346	49.7047	48.288399999999996	49.526900000000005	48.3053	49.1794	48.5466	49.7215	47.8985	49.7898	48.2164	49.4333	48.9471	49.9836	48.1338	49.3731	48.3283	49.280499999999996	48.2242	49.196600000000004	48.1794	49.7534	48.9468	49.0276	47.7169	49.486799999999995	48.322199999999995	49.1523	48.472300000000004	49.6399	48.3187	49.6779	48.1115	49.7196	48.696	49.4752	48.3439	49.6974	48.3807	49.323499999999996	48.652499999999996	49.3404	48.8749	49.2786	48.023900000000005	49.6674	48.3927	49.4314	48.065400000000004	49.4087	48.7185	49.4254	48.4576	49.2062	48.4743	50.151599999999995	48.357	49.2597	48.354200000000006	49.060199999999995	48.622	49.248999999999995	48.6445	49.6988	48.5689	49.6857	48.6314	49.7536	48.626999999999995	49.8423	48.510799999999996	49.2814	48.822700000000005	49.0281	48.351499999999994	49.607099999999996	49.040800000000004	49.0372	48.9567	49.2384	48.2923	49.2303	49.105199999999996	48.9038	49.093900000000005	48.5242	48.9388	49.3709	49.0309	49.1545	48.8787	49.4431	48.6394	49.2228	48.2938	48.973299999999995	48.8014	48.9876	48.9671	48.937799999999996	48.9258	48.793	48.917899999999996	49.136	48.1575	48.8038	48.4993	48.9131	48.4713	49.6338	48.4288	48.896699999999996	48.8288	48.872	48.8236	48.9172	48.9307	49.1933	49.1992	48.5947	48.7157	49.3565	48.709	48.9956	48.6211	49.0371	48.998000000000005	48.9726	48.884100000000004
Sgr-CMvi_057-Ex1-cssl	61.2099	45.787800000000004	44.3811	41.943999999999996	45.4293	43.4357	43.8071	44.850699999999996	46.714800000000004	41.7502	49.6159	47.8377	48.1368	46.6832	47.3667	45.4646	47.8297	45.9202	47.3324	46.2526	47.4008	45.886700000000005	47.3383	45.1823	47.0445	45.3588	46.820299999999996	45.2367	47.2256	45.3762	47.1958	45.7906	46.8474	45.5824	47.0788	45.0763	46.5285	45.7846	46.9557	45.0542	46.9	45.3365	46.4565	45.7335	46.1829	45.5188	47.1148	45.4123	46.5142	46.0847	46.5453	45.8285	46.5532	45.4161	46.6355	45.8019	46.7185	45.530300000000004	46.2667	45.509	46.8288	45.2736	46.316	45.488	46.7154	45.5542	46.4174	45.6918	46.6154	45.6243	46.3357	45.657	46.452	45.6199	46.1644	45.9118	46.577	45.507999999999996	46.8335	45.9173	46.666999999999994	45.9255	46.326699999999995	45.7958	46.698699999999995	45.9036	46.3321	45.6012	46.3158	45.803399999999996	47.0648	45.888600000000004	46.5668	46.1597	46.995599999999996	46.2057	46.5149	46.1602	46.4338	45.7236	46.1655	46.084	46.494600000000005	46.1282	45.765899999999995	46.5154	46.3251	46.1878	46.0722	45.8368	46.6742	45.6629	46.356199999999994	45.7719	46.159	45.768100000000004	46.153499999999994	45.191700000000004	46.0516	45.9204	45.8667	45.5584	45.535199999999996	45.2692	46.2179	45.6164	45.9551	45.137	45.9228	45.9988	46.016200000000005	45.5872	45.8527	45.326	45.515699999999995	46.0718	45.6135	45.745200000000004	46.0954	45.45	46.108399999999996	45.4208	45.7213	45.0241	45.5444	45.2952	45.605000000000004	45.2694	45.9859	45.9659
Sgr-CMvi_058-Ex1-cssl	63.428	42.844100000000005	44.4922	42.0929	44.6379	42.8414	43.5817	44.7154	46.235	41.5273	49.7953	48.395500000000006	48.3757	46.5761	47.5667	46.3023	47.4212	46.1443	47.2646	46.4913	47.226	46.0453	46.8234	45.7778	46.607	45.593	46.4776	45.5596	46.743	45.667	46.8069	45.876099999999994	46.574	46.0746	46.5862	45.7279	46.6508	45.7187	46.2773	45.8026	46.841	45.669399999999996	46.5916	45.8611	46.5285	45.8245	46.6419	45.538000000000004	46.6506	45.9741	46.6061	46.0928	46.760200000000005	45.9262	46.6302	46.2443	46.3573	46.0948	46.729	46.1173	46.6739	45.9457	46.4585	45.9172	46.5252	46.0747	46.2841	46.0381	46.6757	45.853899999999996	46.7351	45.806599999999996	46.578	46.2378	46.5848	45.824999999999996	46.5396	46.1282	46.6829	46.0814	46.6642	46.150200000000005	46.617999999999995	46.0945	46.4609	46.0963	46.6413	46.1969	46.8105	46.145	46.7517	46.156000000000006	46.519800000000004	46.098	46.544999999999995	46.2357	46.6813	46.1918	46.7778	46.437200000000004	46.606500000000004	46.1675	46.2738	46.225300000000004	46.6497	46.2058	46.467999999999996	45.9272	46.3827	46.032000000000004	46.3621	46.327200000000005	46.499	46.2545	46.5522	46.0297	46.3885	46.1576	46.4227	46.0075	46.2819	46.1203	46.2966	46.0139	46.4364	45.8423	46.173700000000004	46.3981	46.2019	45.9947	46.2042	45.9449	46.2425	45.9961	46.090399999999995	46.2368	46.415800000000004	46.192899999999995	46.3157	46.1344	46.4063	45.8208	46.333400000000005	46.0182	46.0547	46.1597	46.0708	46.1534	46.201100000000004	46.1036
Sgr-CMvi_060-Ex1-cssl	61.828799999999994	47.3855	45.162400000000005	42.461	46.2276	43.8642	44.3204	45.7729	47.4327	43.2869	50.0688	48.2333	49.0376	47.019800000000004	47.918	46.8199	47.9748	46.709	48.324600000000004	46.555800000000005	47.9863	45.7639	47.9811	46.3629	47.452	46.3549	47.6769	45.6973	48.0215	46.1032	47.714	46.0947	47.558099999999996	46.0134	47.9118	46.0965	47.990899999999996	45.8647	47.6199	46.192299999999996	47.794799999999995	46.5811	47.375099999999996	46.4996	47.915400000000005	46.5884	47.9167	46.405499999999996	47.6541	46.421	47.3812	46.5802	47.6293	46.2787	47.2486	46.6449	47.3895	45.9857	48.1287	46.0458	47.7753	46.4142	47.6121	46.8052	48.0039	46.9082	47.4345	46.5014	47.1871	47.0523	48.2271	47.1294	47.253699999999995	46.9418	47.9832	46.7806	47.7183	46.563300000000005	47.3398	46.9822	47.1712	46.8569	47.5167	47.2032	47.8732	46.5606	47.7168	46.2979	47.150999999999996	46.6914	47.222500000000004	46.4998	47.7172	46.3744	47.6152	47.1084	47.0632	46.8084	47.5758	46.768100000000004	47.7585	46.7089	47.1917	46.4549	47.1098	45.702799999999996	47.9494	46.733200000000004	47.1813	46.908100000000005	47.3002	46.542	47.1345	46.1376	47.6367	46.2449	47.3438	46.3583	46.6707	46.3071	46.6782	47.03	46.7952	46.3282	46.8232	47.4302	46.475100000000005	47.0454	46.7037	46.578199999999995	46.0239	46.2196	46.2408	46.207	47.0064	45.4397	47.3345	46.3224	46.7613	46.069900000000004	46.8792	46.3141	47.5663	46.3261	46.1966	45.6383	47.505399999999995	45.9636	47.057900000000004	46.9882
Sgr-CMvi_061-Ex1-cssl	62.653400000000005	44.5447	45.4901	42.8713	44.8846	43.416900000000005	44.3167	45.8573	46.9356	41.5145	50.4202	49.3079	49.1315	46.42	47.6544	46.3136	48.832	46.1787	47.8945	46.0483	47.8885	46.760600000000004	47.368700000000004	45.6956	48.234100000000005	44.8154	47.5757	46.1726	48.269	45.604	47.6002	45.7916	46.9181	46.130700000000004	47.8568	46.1155	46.621	46.7245	46.75	45.9692	48.0126	45.6058	47.8985	45.2177	46.9177	45.6932	47.9378	46.2382	47.516999999999996	46.1385	46.6793	45.4985	47.676	46.164899999999996	47.6968	46.0171	47.3829	46.1164	47.774100000000004	46.1875	46.5128	46.576299999999996	46.7283	46.2934	47.4507	45.8992	47.672	46.861000000000004	47.397800000000004	46.0478	47.6446	46.043299999999995	47.5701	46.9685	47.8902	46.3702	47.5138	45.8651	47.070499999999996	47.205799999999996	47.7994	46.1741	47.6936	46.6678	48.0563	46.6856	47.3172	46.0535	47.9799	45.9789	47.0231	47.5014	47.3525	46.863899999999994	46.6794	47.0046	46.9751	46.562599999999996	47.4244	46.1676	47.8478	45.5191	46.1779	46.5477	46.0468	46.7443	47.381099999999996	46.3507	46.276	47.2414	46.941500000000005	46.2694	46.3259	45.9133	46.5449	47.7576	47.6303	46.2178	46.7417	46.0127	46.5071	46.8003	46.3097	46.4732	46.9086	45.7403	45.8388	46.751	46.4639	45.1287	47.4343	46.068999999999996	46.4811	46.7697	46.6854	45.529799999999994	47.2498	47.271	46.1806	46.1542	46.873599999999996	46.8337	46.8121	45.7473	47.2628	46.1597	46.2357	46.774300000000004	47.3253	48.1867
Sgr-CMvi_063-Ex1-cssl	63.3156	43.1655	45.177499999999995	41.970400000000005	44.9225	42.9958	44.4821	45.2598	47.1288	41.2746	50.3796	48.7496	48.8952	46.7726	47.9367	45.942699999999995	47.9983	46.1738	47.6763	46.3765	47.9473	45.9118	47.221000000000004	45.7788	46.5218	45.1124	46.737899999999996	45.277499999999996	47.1558	45.0646	47.165400000000005	45.8504	46.9763	45.6542	46.8669	45.490399999999994	46.848800000000004	45.540000000000006	47.0733	45.6357	46.5218	45.6588	46.7676	45.772	46.9581	45.4868	46.826499999999996	45.7365	46.8453	45.9443	46.3831	45.9825	47.0324	45.9527	46.6989	46.1263	46.9039	45.9277	47.028999999999996	45.7603	46.7198	45.8857	46.8696	45.6486	47.0671	45.509	46.7515	46.2944	46.8711	45.9868	46.9233	45.9471	46.8799	45.650400000000005	47.1671	45.9737	46.874900000000004	45.8964	47.041199999999996	46.1876	46.902300000000004	45.7788	46.4775	45.8979	46.4613	45.7188	46.764	45.991	46.576299999999996	46.2266	46.7695	45.763999999999996	46.7085	46.0167	47.1497	45.7374	47.001	46.3819	47.1659	46.2473	46.5065	45.9168	46.657700000000006	46.2913	46.4992	46.2358	47.1486	46.0175	47.025	45.947700000000005	46.2389	46.1944	46.447300000000006	46.251799999999996	46.0833	45.942	46.5079	46.2313	46.27	45.649699999999996	46.5219	46.1369	45.800200000000004	46.2134	46.677600000000005	46.3076	46.5353	45.9523	46.1802	46.1741	45.9518	45.4252	46.160000000000004	46.185700000000004	46.3369	45.9977	46.5169	45.7013	46.0659	45.7859	46.1291	45.7614	46.2427	45.502900000000004	46.1068	46.0304	46.3218	45.9801	46.7574	45.8708
Sgr-CMvi_064-Ex1-cssl	61.794700000000006	44.501200000000004	43.7585	40.796	44.0093	42.294399999999996	42.5104	43.508	45.738	41.0892	48.7881	47.6121	48.2096	45.9478	46.815	44.8988	46.799	45.0436	46.7374	45.4897	46.7924	45.2895	46.698299999999996	44.9497	46.0833	44.607400000000005	46.1071	44.8304	46.3833	44.6295	46.2279	45.0764	46.319700000000005	44.9543	46.1167	44.8652	45.9859	45.0742	46.0084	44.9242	46.4026	44.9236	46.1462	45.1631	46.064899999999994	45.015	46.041	45.105000000000004	46.0154	45.2061	45.8952	45.2813	46.2847	44.9232	46.32	44.9454	45.8093	45.12	46.1088	44.886199999999995	45.8746	45.042300000000004	46.0319	45.1051	46.2157	45.142900000000004	45.906000000000006	45.2515	46.076699999999995	45.3523	46.0404	45.221000000000004	45.8583	45.2272	45.9097	45.2616	45.9964	45.3967	45.9692	45.1774	45.937	45.333600000000004	46.0309	45.2305	46.084599999999995	45.5711	46.0223	45.2224	46.1116	45.2698	46.0631	45.4822	45.9769	45.256099999999996	45.8433	45.2416	45.8568	45.2697	45.751799999999996	45.4786	46.3282	45.101200000000006	45.6465	45.225	45.5799	45.2678	45.9574	45.1198	45.5024	45.1817	45.4891	45.4263	45.8008	45.0955	45.5488	45.2958	45.3805	45.4335	45.2969	44.9572	45.6008	45.221000000000004	44.8769	44.8309	45.238099999999996	45.1233	45.2408	45.0723	45.5316	44.8683	45.3109	44.7197	45.0788	44.962	44.981100000000005	44.6031	45.293099999999995	44.836999999999996	45.3707	44.9317	45.0991	45.1625	45.0267	45.0586	44.8819	45.4362	44.7961	44.539699999999996	45.2969	44.7704
Sgr-CMvi_065-Ex1-cssl	63.0658	43.5651	46.2267	42.280499999999996	45.4916	43.3747	44.8235	45.571	47.1962	41.6876	51.0683	48.6264	49.1849	46.8198	48.0638	46.0583	48.560700000000004	47.0896	48.446099999999994	46.3164	47.8773	46.3818	48.1099	45.772600000000004	47.3172	45.7229	47.7286	46.1734	47.4939	46.536100000000005	47.6184	46.4575	48.4121	46.096	47.2501	46.4302	47.426	46.7018	47.3375	46.2784	47.3294	46.2842	47.1712	46.4238	47.310900000000004	46.5175	47.1506	46.530300000000004	47.7504	46.4586	47.4315	46.800599999999996	47.2769	46.2213	46.9972	46.1467	47.3514	46.1734	48.018499999999996	46.1742	47.698	46.1151	47.4564	46.429700000000004	47.3336	46.4783	47.2065	46.116099999999996	47.8527	46.4018	47.1143	46.0955	47.7414	46.144400000000005	47.477000000000004	46.077600000000004	47.5874	46.118900000000004	47.4796	46.549099999999996	47.483799999999995	46.3774	47.4518	46.2691	47.337	47.1533	48.0329	46.0028	47.6038	46.045700000000004	47.6246	46.0324	47.4832	45.879	48.304399999999994	46.3532	47.4507	46.446	47.521	46.1206	47.5691	45.9975	47.5048	46.5576	47.1961	46.9387	46.8209	47.0256	47.3308	46.2498	47.1086	46.1511	47.0541	46.0812	46.9528	46.3108	47.356300000000005	46.2864	47.0803	46.7441	46.1763	46.6806	46.9462	45.9344	47.2887	46.2633	47.6153	46.1592	46.9516	46.2696	46.4995	46.5728	46.6875	46.6944	46.8379	46.054	47.131	45.7667	47.0543	45.555800000000005	46.9066	45.5652	47.308299999999996	46.0941	45.5641	46.578399999999995	46.893299999999996	46.4874	46.818599999999996	46.9736
Sgr-CMvi_066-Ex1-cssl	62.7864	45.0171	45.556000000000004	42.592999999999996	46.3503	43.6261	45.378800000000005	45.5404	47.7794	41.2965	50.85229999999999	48.2759	48.863099999999996	46.5632	48.512100000000004	45.853100000000005	48.404199999999996	45.7416	48.1762	46.9129	48.4655	45.6729	47.6749	45.8331	46.895900000000005	45.4522	47.1845	45.2633	47.772	45.3247	47.798	45.8312	47.8247	45.5641	48.516799999999996	45.8505	47.3912	45.9394	47.6652	45.8719	47.9908	45.509	47.6454	46.3309	47.5414	46.0991	47.7434	45.719100000000005	47.523700000000005	46.191500000000005	47.7505	45.8545	47.2848	46.1343	47.537400000000005	46.191700000000004	47.1582	45.7685	47.7454	46.281	47.1969	46.0908	47.687400000000004	45.231700000000004	47.1991	46.0598	47.8156	45.8857	47.3412	45.6004	47.965799999999994	45.947500000000005	47.335300000000004	46.165299999999995	47.8042	45.6214	47.7151	45.6605	47.5741	45.5076	46.8866	46.3043	47.315400000000004	45.726299999999995	47.247099999999996	46.4005	46.8971	46.0775	47.330299999999994	45.863	47.0818	46.2357	47.5627	46.197300000000006	48.093799999999995	46.067099999999996	47.4188	46.137499999999996	47.6301	46.0225	47.7637	46.1499	46.9217	45.9625	46.9649	46.2173	46.8446	45.8821	46.930899999999994	45.961200000000005	46.8102	46.3862	47.342	45.948899999999995	46.639	45.9112	47.1736	45.5976	46.6891	45.629799999999996	46.4586	45.9026	47.4049	45.3762	46.7906	45.1554	46.7049	45.973000000000006	46.5492	45.671499999999995	46.9134	46.102900000000005	46.6339	45.5307	47.1606	46.591	46.8552	46.536	46.1478	46.2245	46.0346	46.035199999999996	46.4049	45.7489	46.736	45.907599999999995	46.6333	46.5931	45.8218	45.6696
Sgr-CMvi_067-Ex1-cssl	62.848800000000004	48.9829	47.6295	45.3457	48.702400000000004	46.3151	46.6941	48.7656	49.3194	44.0718	52.932900000000004	51.055499999999995	50.75769999999999	48.4047	50.1912	47.6441	50.241499999999995	47.5205	49.4668	49.0608	50.0428	48.0653	50.3213	47.3042	49.9702	47.854600000000005	49.9869	46.4824	50.1034	47.672799999999995	48.6107	48.2823	50.111799999999995	47.4565	50.516000000000005	47.9086	49.3473	48.552800000000005	49.928	47.5537	50.044599999999996	48.4215	49.7885	48.6367	50.544999999999995	47.8495	49.2994	47.742200000000004	50.2648	48.4419	48.4873	47.5238	49.8106	46.908100000000005	48.7894	48.571	51.1835	48.0544	49.911699999999996	48.8172	50.1873	49.2155	49.5858	46.9593	50.151599999999995	48.202600000000004	49.0328	47.9457	49.9381	47.9826	49.917699999999996	48.336800000000004	48.0447	49.6264	49.770199999999996	49.1025	50.0765	47.5555	48.7628	49.026199999999996	49.390499999999996	47.9816	50.010200000000005	47.5148	49.765	48.3824	50.6168	48.263400000000004	49.5081	48.6607	50.2097	48.4414	49.5767	47.712199999999996	49.4196	48.1261	50.06660000000001	48.1046	49.0145	48.175000000000004	50.436	48.3062	48.5499	48.8593	49.7672	48.348	49.9797	48.498200000000004	50.4654	49.0366	50.0749	48.747600000000006	50.604099999999995	47.6376	49.5895	49.3368	49.0893	48.3683	50.369	48.047200000000004	49.8763	48.8587	49.3129	46.5907	50.3612	47.3472	50.0105	48.6462	50.6197	47.3926	51.20440000000001	48.4659	49.0179	48.2651	50.192899999999995	47.133900000000004	50.639	47.5627	48.652	49.243500000000004	49.2234	49.4321	50.247699999999995	49.6125	49.1596	50.2691	49.5825	48.5296	50.639	48.885
Sgr-CMvi_070-Ex1-cssl	61.96810000000001	45.9988	44.8566	42.207	45.1635	43.5595	44.2052	45.2758	47.1075	42.441	49.8702	48.3977	48.9158	46.3825	47.916599999999995	45.6607	48.113099999999996	46.2612	47.706199999999995	46.2689	47.650999999999996	46.212199999999996	47.3916	45.5813	47.126200000000004	45.8379	47.2442	45.7497	47.5167	45.8416	47.4472	46.3716	47.4619	46.023399999999995	47.3337	45.8982	46.7763	46.0916	47.167500000000004	45.3978	47.2252	45.5505	47.1601	46.0177	47.3394	45.7138	47.3484	45.6352	47.0591	46.2337	46.795700000000004	45.9553	46.8266	45.562599999999996	47.091	45.8092	46.9653	45.461400000000005	46.4452	45.6726	46.983799999999995	46.032000000000004	46.9435	46.0434	47.1201	45.7612	46.8278	45.8055	46.9833	45.710699999999996	46.6225	45.5976	46.8564	46.0465	47.0536	45.3474	47.0124	46.0194	46.5129	46.172999999999995	46.8394	46.203	46.4495	45.9636	46.503	45.4798	46.5137	46.2454	46.8968	45.9604	46.9157	46.039	46.7944	45.93	46.7167	45.943	46.5447	46.002900000000004	47.0214	46.362700000000004	46.5738	46.1233	46.591100000000004	45.967999999999996	46.7389	45.966499999999996	46.7279	45.816	47.0428	45.8481	46.8119	45.9509	46.3861	45.9725	46.2903	45.663399999999996	46.6329	45.7432	46.1462	45.7135	46.015699999999995	45.741	45.9038	45.826899999999995	46.4737	45.9135	45.9617	46.1262	45.9284	45.6928	46.6938	45.035199999999996	45.847	45.789	46.2083	45.3272	46.4904	45.5915	45.9709	46.0762	46.6731	45.8564	46.0084	45.4253	46.3768	45.9903	46.4855	45.293499999999995	45.7825	46.0092
Sgr-CMvi_071-Ex1-cssl	62.9395	44.7322	44.7399	42.0707	44.953500000000005	42.857099999999996	43.8416	44.6414	46.4418	41.4362	49.5566	47.9927	48.6444	46.5277	47.449000000000005	45.6491	47.3387	45.926	47.463899999999995	46.2451	47.2699	46.0208	47.2147	45.4718	46.6767	45.5362	46.4816	45.1974	47.1252	45.2951	47.0084	45.4381	46.8655	45.6164	46.5293	45.561	46.875	45.682	46.517199999999995	45.3504	46.8362	45.488800000000005	46.583400000000005	45.4559	46.528999999999996	45.5563	46.6379	45.5436	46.7937	45.5899	46.6069	45.6207	47.0176	45.6808	46.6456	45.382400000000004	46.630500000000005	45.9871	46.9601	45.4666	46.8091	45.6118	46.6068	45.7204	46.8904	46.0351	46.7745	45.719	46.653	45.704899999999995	46.6851	45.667	46.7157	45.8722	46.562799999999996	45.827400000000004	46.7922	45.716499999999996	46.6961	45.921099999999996	46.541199999999996	45.6343	46.820499999999996	45.865899999999996	46.6993	45.9235	47.0734	45.901199999999996	46.6273	46.0287	46.8828	45.657599999999995	46.5331	46.0174	46.663	45.832699999999996	46.5125	46.098	46.638200000000005	46.1562	46.652	45.9013	46.5336	46.1239	46.4895	45.8232	46.5293	45.5373	46.382600000000004	45.954899999999995	46.4221	45.8044	46.6344	45.6135	46.956199999999995	45.5615	46.4275	45.9205	46.311099999999996	45.9384	46.5896	45.7564	45.9643	45.7108	46.0751	45.5125	46.2218	45.9743	46.3082	45.36	46.3557	45.874900000000004	45.7922	45.5612	46.1453	45.579	46.5384	45.481100000000005	45.9166	45.3567	45.6532	45.7473	46.057500000000005	45.6394	45.9816	45.8578	45.4795	45.7988	45.9536	45.8891
Sgr-CMvi_072-Ex1-cssl	62.20329999999999	48.4711	46.3686	44.0057	46.719100000000005	45.3688	45.6464	47.2686	48.2606	43.6505	51.0977	49.4484	49.936	48.2739	48.8201	47.5497	49.5225	47.4754	48.8609	48.1159	48.9679	47.4732	48.8277	47.2487	48.0644	47.4344	48.6927	47.0522	48.5211	47.0458	48.604	47.615	48.418499999999995	47.0313	48.7068	47.180499999999995	48.3973	47.2748	48.0828	47.1121	48.4591	47.0548	48.4149	47.3844	48.162	47.1333	48.789	47.2866	48.5067	47.5053	48.4672	47.1387	48.6543	46.8692	47.8696	47.8102	48.229699999999994	47.267900000000004	48.6436	47.2277	48.2445	47.4497	48.384899999999995	47.5499	48.709599999999995	47.449200000000005	48.181000000000004	47.497299999999996	48.2599	47.4345	48.4866	47.425	48.4259	47.8055	48.249399999999994	47.4401	48.6513	47.5007	48.1823	47.9889	48.3245	47.5488	48.430800000000005	47.590900000000005	48.3228	48.263099999999994	48.193200000000004	47.5459	48.6523	47.530899999999995	48.2708	47.5678	47.836	47.7016	48.4214	47.6686	47.6057	48.1375	48.3173	47.3956	48.222	47.7724	47.8985	47.834199999999996	47.7981	47.9848	48.0516	47.676	47.951899999999995	48.0274	48.0299	47.5879	48.598200000000006	47.6564	47.689	48.0118	48.0634	47.503499999999995	48.4169	47.593	47.7654	48.025800000000004	47.784	47.571600000000004	48.3425	47.7255	47.6521	47.8528	48.032399999999996	47.4754	48.1875	47.326299999999996	47.8466	47.6599	47.7467	47.3387	48.5204	47.761900000000004	48.1447	47.6023	48.0724	47.165	48.4926	47.2836	47.3615	48.0127	47.6132	47.9125	47.423300000000005	47.849399999999996
Sgr-CMvi_074-Ex1-cssl	61.1541	45.987899999999996	45.4115	41.2754	44.8611	42.5441	43.5645	45.020900000000005	46.9375	41.0873	49.243500000000004	47.4033	48.3953	45.544000000000004	47.2684	45.129799999999996	47.1796	45.5116	47.6837	45.618199999999995	47.4456	45.8943	47.564099999999996	44.4838	46.4128	44.8136	46.8696	44.9897	46.6751	44.432500000000005	46.5935	44.504599999999996	46.998200000000004	44.8581	46.498400000000004	44.8753	46.7831	44.9082	46.9142	44.62	46.881099999999996	44.588699999999996	47.059400000000004	45.013	46.6347	45.1128	46.7817	44.9681	46.3241	45.2322	46.645399999999995	45.0214	47.0912	44.5786	47.185100000000006	45.028600000000004	46.9142	45.0042	46.842099999999995	44.8339	46.0704	44.9913	46.0652	45.305299999999995	46.597899999999996	45.3409	46.0876	45.837	46.4123	45.7485	46.2333	44.823299999999996	46.3593	45.711400000000005	46.3418	44.6973	47.2279	46.090199999999996	46.8209	45.1458	46.6661	44.8007	46.6628	45.7225	46.856500000000004	45.5077	46.3307	45.362700000000004	46.8459	45.584599999999995	46.2185	45.698	46.6703	45.8787	46.7812	45.277	46.6549	44.8748	46.7317	45.408500000000004	46.6635	45.319500000000005	46.7051	45.672200000000004	46.0596	46.0146	46.022	45.5466	46.001999999999995	45.301	46.0521	45.021499999999996	46.6423	46.0454	46.022800000000004	45.258900000000004	46.548	44.9762	46.0865	44.5513	46.189400000000006	45.158	45.7565	45.183800000000005	45.5355	44.7362	46.0287	45.5052	46.2901	44.7841	46.1278	45.5389	46.0287	45.111200000000004	45.9947	44.869	45.6496	44.9378	45.4916	45.7042	46.7969	45.2	45.9615	44.7187	45.475100000000005	44.9913	45.5281	44.9448	47.219899999999996	44.640299999999996
Sgr-CMvi_076-Ex1-cssl	63.1681	42.9874	45.156600000000005	42.2354	45.0105	43.1121	44.1965	44.968	46.8956	41.9317	50.3501	48.981	48.8128	46.8069	47.5501	46.354800000000004	47.7627	46.677600000000005	47.9696	46.6844	47.5347	45.786300000000004	47.43	45.875899999999994	46.6623	45.3555	46.7372	45.423	47.2015	45.8561	46.8905	45.678999999999995	46.9718	45.7613	46.9114	46.0063	46.697100000000006	45.7108	47.1609	45.5501	46.9257	45.3942	47.1168	46.1	46.983200000000004	45.428000000000004	46.973	46.0049	46.343	46.035	46.7548	46.1297	46.877	45.486900000000006	46.8307	45.9344	47.0197	45.819500000000005	47.1295	45.684200000000004	46.579100000000004	45.9843	46.8856	46.2161	46.629	45.9666	46.5653	46.1793	46.6425	46.2519	46.3328	46.2069	46.824799999999996	45.9637	46.7712	46.1299	46.909	46.1935	46.9808	46.307500000000005	47.025299999999994	46.087	47.2246	46.2161	46.822399999999995	46.0997	47.0918	45.9414	46.955200000000005	46.0188	47.1783	46.218199999999996	46.5734	46.068999999999996	47.0614	46.0448	46.2279	46.8183	47.190799999999996	46.2425	46.6518	46.4542	46.6653	46.440599999999996	46.2462	46.3044	46.4282	46.3905	46.4662	46.0092	47.0246	46.6288	46.5586	45.8594	46.911500000000004	46.0309	46.6775	46.5734	46.7046	46.2558	46.6571	46.404	46.2696	46.0542	46.0728	46.0933	45.8229	45.9109	46.6956	46.0591	46.1724	46.555400000000006	46.5619	46.0674	46.1543	45.8092	46.4908	45.9502	46.0246	45.4285	45.7331	45.813500000000005	46.3011	45.5715	46.775	46.209	46.1196	45.7399	46.5397	45.8006
Sgr-CMvi_077-Ex1-cssl	62.7411	45.225500000000004	45.7094	43.2422	45.932	44.141999999999996	44.8736	45.9736	47.971399999999996	42.2551	50.7903	49.207699999999996	48.9234	46.6263	48.358200000000004	46.4161	48.0619	46.7288	47.867599999999996	46.6154	48.2408	46.2284	47.8439	46.04	47.8122	45.854099999999995	47.4196	46.0821	47.3789	46.1203	47.5441	46.1541	47.875099999999996	46.2708	47.571799999999996	45.6261	47.4806	46.3099	47.5862	46.3366	47.4591	46.056000000000004	47.266000000000005	46.5788	47.657500000000006	46.2757	47.5171	45.7934	47.391	46.338	47.8798	46.0788	47.8876	46.061099999999996	47.6504	46.0684	47.3617	46.4553	47.8119	46.391799999999996	47.566	46.4317	47.443000000000005	46.5397	47.5725	46.3985	47.3123	46.732800000000005	47.064699999999995	46.4242	47.409	46.4457	47.2824	46.7157	47.3457	46.5959	47.4556	46.3161	47.4668	46.8679	48.0356	46.8397	47.5343	46.632600000000004	47.5248	47.0282	47.4851	46.3802	47.7465	46.173700000000004	47.3895	46.5404	47.4666	46.9804	47.496500000000005	46.4895	47.3749	46.4798	47.1741	46.567	47.432900000000004	46.556999999999995	47.4591	46.564699999999995	47.282999999999994	46.559	47.4458	46.3846	47.6329	46.6952	47.4407	46.6819	47.1403	46.5896	46.7748	46.6754	47.2247	46.3913	46.763	46.7491	47.2498	46.651900000000005	46.6731	46.7944	46.7526	46.3491	46.503299999999996	46.4478	47.0002	46.1633	46.8361	46.0739	46.881	46.3746	47.0329	46.2805	46.842800000000004	46.0629	46.690599999999996	46.5254	46.6177	46.2359	46.645399999999995	46.5821	46.5546	46.672000000000004	46.6926	46.6659	46.8925	46.3931
Sgr-CMvi_083-Ex1-cssl	62.7565	44.4476	45.6953	41.786699999999996	46.439	43.0541	45.7694	45.4971	47.874	41.3127	50.250099999999996	48.067	49.6372	46.6835	48.5397	46.1962	48.3643	45.867000000000004	48.409200000000006	45.4206	48.6618	45.3379	48.0807	45.4654	46.9208	45.990700000000004	48.450700000000005	45.2622	47.7618	44.791799999999995	47.869299999999996	46.111200000000004	48.1626	46.0799	47.8371	45.6602	46.7194	45.4944	47.8547	46.0051	47.4326	45.4501	48.0941	45.7289	47.3613	45.5185	48.9084	46.118700000000004	48.2417	45.1001	47.119299999999996	45.1877	47.6387	46.1628	48.3938	45.7511	47.3429	46.2008	47.2406	45.685500000000005	47.7686	46.1982	47.6141	46.2532	47.219	45.2476	47.874100000000006	45.164100000000005	46.8356	46.2058	47.942800000000005	45.672200000000004	47.229	46.134100000000004	47.8768	46.210499999999996	48.0975	46.1339	47.7645	46.6549	47.9236	46.8941	46.1321	45.953300000000006	47.4705	47.1148	46.9773	46.4005	47.9248	46.3975	46.953	46.4785	47.2729	46.2106	47.7872	46.4859	46.6981	45.7358	47.9692	46.901399999999995	46.6015	47.7824	47.969899999999996	46.142	47.8865	46.3004	47.1444	47.1594	47.1904	47.2117	47.0965	46.3549	47.4267	46.1673	46.4638	45.9781	46.576299999999996	46.1042	47.2457	45.2204	46.9146	47.024899999999995	46.0752	46.3768	48.296499999999995	45.5358	46.1061	45.4788	45.5605	46.1153	46.402	44.7149	47.591699999999996	46.422799999999995	46.4066	46.1182	45.956	45.2663	45.7705	46.6366	44.879400000000004	45.0944	46.2913	46.3084	47.0479	44.980199999999996	47.8082	45.8253	46.8974	47.9871
Sgr-CMvi_084-Ex1-cssl	64.0552	43.721900000000005	46.4784	41.8852	46.5659	42.8473	44.8167	44.4107	48.6699	39.9596	51.491699999999994	47.5065	49.9	45.5021	48.330600000000004	45.0598	49.123	45.4839	49.046299999999995	43.628299999999996	48.4269	44.072	49.384299999999996	44.455099999999995	47.0608	44.1239	48.4713	45.9303	48.107699999999994	45.5432	48.1461	45.5977	48.3265	43.818	49.201699999999995	44.0839	48.3122	43.9704	47.3526	44.5239	48.2936	46.4677	47.8101	44.2402	47.9296	43.662	49.3858	44.6721	48.2779	43.7362	47.6424	45.5056	46.686499999999995	45.3343	48.524	44.9384	48.267900000000004	45.9775	46.8336	45.677299999999995	47.8519	43.6973	48.8527	44.3956	49.114000000000004	45.6018	47.7051	45.0289	47.2067	45.0833	48.8958	44.5364	48.5575	46.4013	47.8132	45.8458	47.5794	44.3166	47.5864	46.7135	47.8472	45.7612	46.758	45.5144	47.5797	45.6011	48.028999999999996	44.811	47.894999999999996	45.995200000000004	48.3615	46.0985	47.0698	45.8859	47.9816	44.9169	46.2492	45.820899999999995	47.597899999999996	46.6734	48.179300000000005	45.961800000000004	48.4099	45.2416	48.012899999999995	43.4992	47.267399999999995	47.1043	46.2481	45.589	46.5226	44.2671	48.0037	45.8929	46.3758	45.2061	46.045	46.8061	46.8871	45.462599999999995	46.2324	46.1667	44.9658	45.2131	48.1661	45.0565	45.2089	44.8793	47.5709	44.8969	46.752500000000005	45.083400000000005	45.8838	45.089600000000004	43.635600000000004	46.2557	46.3489	46.4234	46.7005	46.143699999999995	47.5137	45.5237	48.1278	45.0482	43.952400000000004	46.3146	45.5107	47.946600000000004	46.4342	45.1774
Sgr-CMvi_085-Ex1-cssl	62.0792	48.1557	45.8281	43.477900000000005	46.6173	44.8887	45.3213	46.4954	48.4972	43.2043	51.0108	49.5959	49.7431	47.7339	48.54	47.3734	48.945499999999996	46.7838	48.8524	47.6419	48.594100000000005	46.9133	49.0415	46.7211	48.0081	46.950199999999995	48.1894	46.398	48.0907	46.8315	48.1751	47.215	48.2566	46.984300000000005	48.322500000000005	46.997699999999995	48.3207	46.7941	47.8449	46.517599999999995	48.1867	46.9459	48.0174	47.266799999999996	47.9667	46.7421	48.4114	47.1476	48.0657	47.3198	48.151500000000006	46.58	48.7054	46.8818	48.2512	47.1676	47.8101	47.208800000000004	48.3557	47.3765	48.0577	47.5327	48.1879	46.7216	48.3095	46.7934	48.273700000000005	47.1455	47.6318	47.044399999999996	48.4251	47.1302	47.962700000000005	47.1624	48.2787	47.094500000000004	48.188700000000004	46.9424	47.867399999999996	47.5173	48.0474	46.963300000000004	48.214600000000004	47.247699999999995	48.216300000000004	47.4798	48.289100000000005	47.1919	47.9385	47.2161	48.221000000000004	47.4431	48.2109	47.330600000000004	48.200199999999995	47.5087	48.1665	47.7693	47.639700000000005	47.1645	47.902699999999996	47.4322	48.1483	47.2839	47.5225	47.314099999999996	47.8935	47.2527	47.6336	47.421400000000006	47.4508	47.7331	47.821799999999996	47.3617	47.8472	47.6845	46.9913	47.5439	47.9692	46.7956	47.8555	47.5912	47.7075	47.3908	47.9798	47.3701	47.599399999999996	47.1972	47.838	46.7351	47.8705	47.1068	47.362500000000004	46.7314	47.5449	47.0466	47.911300000000004	46.8169	47.5677	47.5216	47.7214	47.3209	47.879	46.718900000000005	47.501	47.1012	47.3756	47.5479	47.5049	47.2364
Sgr-CMvi_086-Ex1-cssl	61.7727	44.820100000000004	44.7389	41.8009	44.9527	42.531600000000005	44.1164	44.3327	47.7444	41.4188	49.6744	47.2863	48.7941	45.4896	47.4397	45.0189	47.5176	45.4461	47.432900000000004	46.0771	48.1153	45.3523	47.4472	45.1366	46.8621	45.4284	46.8889	45.256600000000006	47.826299999999996	45.3352	46.9613	45.4118	46.827600000000004	45.554899999999996	47.2117	45.3621	46.6321	45.224	47.0797	45.012299999999996	46.5053	45.6219	47.2013	45.5096	46.7123	45.4445	46.8517	45.8134	46.7226	45.8019	46.6888	45.3467	47.1569	44.9643	47.0975	45.4131	46.7317	45.5921	47.183	45.7988	46.4062	45.4015	46.629599999999996	45.4658	47.0144	45.652100000000004	47.0809	46.016200000000005	46.7549	45.2067	46.4422	45.3588	46.8213	45.5173	46.3581	45.6721	46.651900000000005	45.5223	47.2089	45.3181	46.726600000000005	45.8414	46.2855	45.5115	46.8069	45.6004	46.596900000000005	45.6343	46.960800000000006	45.2603	46.9657	45.7605	46.068999999999996	45.2453	46.5337	45.914100000000005	46.1809	45.8897	46.6659	45.7092	47.1145	45.7841	46.1218	45.885799999999996	46.1766	45.0704	46.0965	45.4578	46.1766	45.1538	46.5209	45.1036	45.6635	46.1239	45.3549	45.800200000000004	45.2905	45.512	45.8527	46.3247	46.1717	45.6322	46.3271	45.2112	45.9861	45.4778	45.4048	45.6556	45.730599999999995	45.2675	45.5144	45.3165	45.8797	45.8487	46.503499999999995	45.541	45.9036	45.8252	44.5064	45.0604	46.146	45.2867	45.8019	44.7047	45.1724	45.914100000000005	45.5594	45.242399999999996	47.0326	45.1843
Sgr-CMvi_087-Ex1-cssl	62.6459	42.6161	44.7534	41.629	44.387100000000004	42.8291	43.5168	45.1676	46.1611	40.9371	49.7492	47.5479	48.035	46.2222	47.137	44.8488	46.6826	44.8288	46.955200000000005	45.1949	46.8547	45.1682	47.240300000000005	44.9312	45.8832	44.737100000000005	46.4471	44.441	46.856500000000004	45.3758	46.793600000000005	45.0492	47.160000000000004	45.0714	47.005599999999994	44.1342	46.2426	44.9696	46.348	45.490700000000004	46.057199999999995	44.9908	46.7041	45.9405	46.2286	44.948100000000004	46.5598	45.1117	45.9523	45.4453	45.8508	45.5384	46.0455	45.848299999999995	46.916799999999995	45.885999999999996	46.2586	45.271699999999996	47.2873	45.211600000000004	46.2976	44.9774	45.9066	45.7279	46.289	44.98	47.0398	44.813900000000004	46.6018	44.899499999999996	46.3072	45.4855	46.103300000000004	45.3777	46.657399999999996	45.922200000000004	46.407399999999996	45.325500000000005	46.2879	45.4176	46.6265	45.5139	46.2161	45.9863	47.415099999999995	45.784200000000006	46.3339	45.4214	46.2308	45.449400000000004	46.3009	45.9962	46.8317	45.5738	46.7198	45.8527	46.7822	46.4595	45.995200000000004	45.5987	46.0956	45.5232	45.8322	45.2207	45.6593	46.001999999999995	45.8181	45.433099999999996	46.1706	45.5209	45.707300000000004	45.332	46.4636	45.3695	46.3102	44.421	45.7362	45.2744	45.6816	45.5478	45.6019	45.286100000000005	46.5903	44.931599999999996	46.086	45.4657	45.3307	45.4146	45.328	44.6465	45.8357	45.4283	45.9728	45.399899999999995	45.4465	45.269	45.679700000000004	45.475	45.3129	45.3292	46.3034	45.2447	45.486599999999996	44.9588	45.846	45.533699999999996	46.9565	45.496700000000004	46.3102	45.865899999999996
Sgr-CMvi_088-Ex1-cssl	62.6704	45.1331	45.0162	42.3063	45.0813	43.1375	44.4449	45.718399999999995	46.522999999999996	41.6845	51.2132	48.0066	49.2346	46.5766	47.9591	45.7805	48.477199999999996	46.6004	47.173500000000004	46.3382	48.5151	45.9908	47.9385	45.5135	47.3352	45.1807	47.3504	45.3962	47.6802	44.182900000000004	46.7901	45.6263	48.4091	45.989200000000004	48.2973	45.260099999999994	47.8752	45.9471	46.7449	45.4001	47.1791	45.2057	46.696	44.8135	46.711000000000006	45.7248	47.1001	45.5439	47.0435	45.3665	47.138999999999996	45.2023	47.822700000000005	45.5452	47.134	44.6716	46.8794	45.4784	47.4342	46.2343	46.9604	45.0927	48.5989	44.757400000000004	47.525099999999995	45.2795	47.2832	45.9144	47.1585	46.0313	46.892	45.524300000000004	48.0058	45.7661	46.7565	46.023599999999995	46.9556	45.881499999999996	48.0468	45.749	47.5678	47.0349	47.9217	45.8919	47.1991	45.9461	46.7179	45.5934	47.3088	45.6864	47.9201	46.2665	47.4782	46.173500000000004	46.7295	46.0417	47.531099999999995	46.255	46.0634	46.0432	46.3766	45.3932	46.3915	45.6897	46.8461	45.5586	47.1407	45.103	46.285900000000005	46.0328	46.7969	46.639199999999995	47.125499999999995	46.9789	46.428799999999995	46.3732	46.8883	46.010600000000004	46.0024	45.8345	46.5567	46.631299999999996	46.6484	45.5347	46.6946	46.1266	46.5337	45.5578	47.9002	45.9506	45.9421	45.1884	46.1937	45.454299999999996	46.0059	44.873200000000004	46.3446	44.8953	47.423	45.567600000000006	45.8527	46.0539	45.883	45.4236	46.096	46.5477	46.4999	44.544	46.8181	45.6738
Sgr-CMvi_089-Ex1-cssl	63.4727	43.324400000000004	45.6949	42.2941	44.9886	43.1554	44.390299999999996	45.1313	47.171400000000006	41.7256	50.5461	48.5612	49.0604	46.557500000000005	47.7851	46.0868	48.0047	45.799299999999995	47.8682	46.1916	47.7983	45.986399999999996	47.7399	45.5329	46.766200000000005	45.420700000000004	47.0887	45.8428	47.2942	45.6165	47.185700000000004	45.9644	47.297	45.7546	47.3926	45.836	46.8732	45.6812	46.9263	45.6422	47.406	45.6993	47.1371	45.993	47.0578	45.4788	47.0032	45.9503	47.0293	46.0397	47.0424	46.2077	47.2239	45.9116	46.9024	46.037299999999995	47.1713	46.0621	47.1886	45.7706	46.992200000000004	45.7586	46.9756	45.907399999999996	47.0274	46.0694	47.1036	45.8674	47.1103	45.8694	47.091	45.893699999999995	46.9829	46.3521	46.7462	46.0509	47.0405	45.7426	46.9844	46.155	47.0158	46.0884	46.868700000000004	46.1107	47.1258	46.0544	46.9159	45.9803	46.869	46.2247	47.0247	46.193400000000004	46.756	46.281800000000004	46.918	46.233000000000004	46.9893	46.594	46.7048	46.307900000000004	46.8936	46.0606	46.610800000000005	46.6456	46.9599	46.3507	46.7546	45.867200000000004	46.8202	46.0036	46.720299999999995	46.176	46.964600000000004	46.2358	47.0041	45.6635	46.4672	45.967	46.4796	46.4067	46.3155	46.2844	46.1804	46.075300000000006	46.2212	45.665499999999994	46.4972	46.0768	46.5128	45.9788	46.144600000000004	45.9572	46.2231	46.076299999999996	46.0752	46.1615	46.2907	46.2956	46.3844	45.9884	46.206399999999995	46.079	46.0307	45.9729	46.0401	45.8492	45.8104	45.9045	46.375	46.408500000000004
Sgr-CMvi_092-Ex1-cssl	62.494400000000006	42.0884	47.953	40.2341	46.8671	41.641099999999994	46.4291	43.188900000000004	48.5263	40.793600000000005	50.1081	45.6285	49.948	44.0116	48.888799999999996	43.249700000000004	48.5879	44.812200000000004	48.8078	44.0981	49.1575	43.900299999999994	48.425000000000004	43.5975	48.768299999999996	43.927	48.4158	43.8202	49.2348	43.8073	48.6036	44.026399999999995	48.1904	44.278600000000004	47.983	44.494099999999996	48.4969	43.4859	48.7305	44.0506	49.3262	44.059	48.2441	44.2214	48.483599999999996	43.2845	48.6643	43.8896	48.2832	44.0859	48.5203	44.1329	47.9527	44.2894	47.7964	44.8969	48.295100000000005	44.0023	48.4643	44.0665	48.5045	43.6456	48.2217	44.1248	47.989399999999996	43.4497	47.6336	44.2307	47.6761	44.948100000000004	47.9294	44.0242	47.6792	44.514700000000005	48.0435	44.7064	48.2461	44.0374	47.4542	44.9413	47.8981	44.7936	47.1877	44.2615	46.6801	45.4925	46.911199999999994	44.4346	47.9515	45.4382	46.963300000000004	44.751400000000004	46.8594	45.068000000000005	47.1964	44.7532	48.195100000000004	45.1017	47.0365	45.7316	46.5366	45.3119	47.083999999999996	44.5136	46.7136	44.7528	47.3866	45.7967	47.436299999999996	45.4185	47.1353	45.8896	47.401199999999996	44.0737	47.1989	44.4769	46.5296	44.563	45.8673	44.9718	47.319	45.718599999999995	45.9798	44.5248	46.5604	44.3158	45.9317	44.1625	45.3074	45.331900000000005	46.9402	43.602000000000004	46.7454	44.418600000000005	45.5609	44.548500000000004	46.2338	44.479	45.6239	42.8999	46.466499999999996	44.9848	46.2207	44.6411	46.2418	44.2849	45.9204	43.8527	46.9774	44.7941
