Sample	1	2	3	4	5	6	7	8	9	10	11	12	13	14	15	16	17	18	19	20	21	22	23	24	25	26	27	28	29	30	31	32	33	34	35	36	37	38	39	40	41	42	43	44	45	46	47	48	49	50	51	52	53	54	55	56	57	58	59	60	61	62	63	64	65	66	67	68	69	70	71	72	73	74	75	76	77	78	79	80	81	82	83	84	85	86	87	88	89	90	91	92	93	94	95	96	97	98	99	100	101	102	103	104	105	106	107	108	109	110	111	112	113	114	115	116	117	118	119	120	121	122	123	124	125	126	127	128	129	130	131	132	133	134	135	136	137	138	139	140	141	142	143	144	145	146	147	148	149	150
Sgr-CJol_001-Ex1-cssl	35.809	36.2863	36.3514	36.3255	36.3583	36.3258	36.3287	36.3277	36.3608	36.3553	36.3754	36.3544	36.3238	36.3335	36.3407	36.3445	36.336	36.3385	36.3186	36.3098	36.2869	36.2891	36.2642	36.2629	36.2421	36.2391	36.2342	36.2203	36.2076	36.2081	36.1835	36.1691	36.1381	36.148	36.1341	36.1108	36.0755	36.0894	36.0433	36.0807	36.0838	36.0722	36.0566	36.0406	36.0077	35.9861	35.9849	35.9687	35.9543	35.9365	35.9138	35.8922	35.9095	35.8958	35.8599	35.8571	35.8588	35.8579	35.8507	35.8308	35.8252	35.8117	35.7866	35.7528	35.745	35.7201	35.7403	35.6947	35.6928	35.6761	35.6761	35.6377	35.6277	35.6102	35.6087	35.587	35.5723	35.5593	35.546	35.5427	35.5285	35.5205	35.4936	35.4613	35.438	35.4943	35.4716	35.4562	35.3883	35.3691	35.3985	35.3995	35.3948	35.3303	35.2471	35.2137	35.1915	35.2224	35.2916	35.2595	35.2343	35.1837	35.0833	35.1148	35.1718	35.1292	35.0839	34.9788	34.957	35.0134	35.009	34.947	34.8348	34.8427	34.9278	34.8597	34.8429	34.7771	34.6457	34.6861	34.7326	34.5465	34.5542	34.7206	34.6659	34.5788	34.4609	34.4589	34.5389	34.4721	34.3737	34.3043	34.1758	34.2183	34.3492	34.243	34.245	34.1508	34.1093	34.1325	34.1856	34.1392	34.0746	34.0204	34.0195	33.9839	33.9924	34.0279	34.2323	35.5505
Sgr-CJol_002-Ex1-cssl	35.7432	36.2722	36.3335	36.3071	36.3495	36.3097	36.3138	36.309	36.3473	36.34	36.3575	36.3397	36.3117	36.3187	36.3206	36.3276	36.3228	36.3258	36.2992	36.2888	36.2744	36.2772	36.256	36.2515	36.2288	36.2236	36.2207	36.2079	36.1837	36.19	36.1554	36.1477	36.1092	36.1272	36.1113	36.0866	36.0458	36.0641	36.011	36.0493	36.0525	36.0356	36.0224	36.0069	35.9722	35.957	35.945	35.9412	35.9221	35.8925	35.8816	35.8554	35.864	35.8579	35.8347	35.8338	35.8315	35.817	35.8034	35.7997	35.783	35.7805	35.7415	35.7225	35.712	35.6747	35.6931	35.6593	35.6474	35.6295	35.6363	35.5969	35.5975	35.5827	35.5726	35.545	35.5467	35.528	35.5174	35.5115	35.514	35.5068	35.4699	35.4401	35.4278	35.4562	35.4497	35.4259	35.3633	35.3671	35.3707	35.3774	35.3637	35.3216	35.2256	35.1971	35.1663	35.2073	35.2699	35.2373	35.2053	35.1841	35.0765	35.0896	35.1634	35.1395	35.0734	34.9773	34.9407	35.0206	35.0155	34.9496	34.8389	34.8416	34.9232	34.8837	34.8593	34.7895	34.6583	34.6922	34.7562	34.5681	34.5797	34.7306	34.6585	34.5706	34.459	34.4712	34.5333	34.4607	34.3832	34.2933	34.1806	34.2113	34.3573	34.2578	34.235	34.1639	34.1308	34.154	34.1886	34.1309	34.1147	34.0311	34.0145	33.9927	34.0336	34.0579	34.2084	35.5469
Sgr-CJol_003-Ex1-cssl	35.6029	36.1273	36.2099	36.1823	36.2158	36.1741	36.1752	36.1706	36.2119	36.2138	36.238	36.2139	36.1739	36.1875	36.1938	36.2059	36.1983	36.2054	36.1744	36.1623	36.1448	36.1496	36.1253	36.1263	36.0969	36.1	36.0937	36.0756	36.0674	36.0773	36.0413	36.0354	36.0073	36.0198	36.0098	35.9846	35.9408	35.9562	35.908	35.9523	35.9567	35.9495	35.9285	35.9192	35.8877	35.861	35.8673	35.8611	35.8433	35.8131	35.797	35.7855	35.7988	35.7868	35.7691	35.768	35.7625	35.7493	35.7531	35.7355	35.7366	35.7205	35.7038	35.6737	35.6652	35.6403	35.6611	35.624	35.6264	35.6112	35.6139	35.5816	35.5748	35.5748	35.5596	35.5458	35.5434	35.5196	35.5135	35.5212	35.5162	35.5145	35.4812	35.4529	35.4296	35.4839	35.4893	35.4734	35.4014	35.3903	35.4265	35.4406	35.4258	35.3745	35.2721	35.2391	35.2192	35.2619	35.3577	35.3067	35.2913	35.2463	35.1375	35.1743	35.2693	35.2244	35.172	35.0532	35.0278	35.0978	35.1088	35.0259	34.9229	34.9302	35.0207	34.9695	34.953	34.8834	34.7538	34.7956	34.8637	34.6569	34.6799	34.848	34.7802	34.7038	34.5548	34.5829	34.6509	34.5877	34.4772	34.4227	34.2951	34.3325	34.4853	34.387	34.3647	34.2994	34.259	34.2728	34.3022	34.2793	34.1911	34.162	34.1226	34.1054	34.1328	34.1245	34.2872	35.5446
Sgr-CJol_004-Ex1-cssl	35.487	36.1495	36.2286	36.2073	36.2506	36.2092	36.209	36.208	36.2436	36.2409	36.2635	36.2436	36.204	36.2185	36.2128	36.2293	36.2263	36.2216	36.1943	36.1849	36.1682	36.1662	36.1442	36.1375	36.1199	36.1159	36.1098	36.092	36.0797	36.0801	36.0566	36.0413	36.0017	36.0244	36.004	35.9838	35.9353	35.958	35.8977	35.9484	35.9416	35.9363	35.9183	35.9075	35.8518	35.8476	35.8437	35.8361	35.8132	35.7865	35.7588	35.7532	35.7471	35.7466	35.7116	35.7276	35.6993	35.6957	35.6842	35.6748	35.6639	35.6593	35.6187	35.6033	35.5824	35.5674	35.5667	35.5367	35.5197	35.5108	35.492	35.4868	35.4462	35.4436	35.4333	35.4304	35.3975	35.3948	35.3606	35.3689	35.3518	35.3497	35.3065	35.2891	35.2759	35.319	35.3043	35.27	35.204	35.1893	35.2148	35.2309	35.2117	35.1608	35.0449	35.0215	35.0098	35.0475	35.1139	35.0696	35.0475	35.0035	34.8876	34.9057	34.9872	34.9562	34.875	34.7873	34.7348	34.8135	34.7939	34.7534	34.6089	34.6275	34.6943	34.6389	34.6201	34.5369	34.3838	34.4336	34.4958	34.3175	34.3021	34.4869	34.412	34.3379	34.1937	34.2026	34.2634	34.2138	34.0675	34.0407	33.8733	33.9147	34.0542	33.983	33.9707	33.8501	33.8295	33.8299	33.889	33.8478	33.7471	33.7123	33.6645	33.6719	33.6651	33.728	33.9464	35.4359
Sgr-CJol_006-Ex1-cssl	35.6631	36.2585	36.3066	36.2909	36.3295	36.2909	36.2883	36.2994	36.3213	36.3214	36.3442	36.3265	36.2941	36.3003	36.301	36.3107	36.3065	36.3086	36.2825	36.278	36.2619	36.2637	36.2394	36.2342	36.2084	36.2125	36.2054	36.1883	36.1762	36.1791	36.144	36.146	36.1106	36.1303	36.1082	36.0885	36.05	36.0658	36.0146	36.0624	36.055	36.0471	36.0222	36.0223	35.9768	35.9726	35.9622	35.9627	35.9355	35.9186	35.8885	35.8821	35.8874	35.8804	35.8477	35.8579	35.8431	35.842	35.8326	35.8271	35.8121	35.807	35.7712	35.7534	35.7391	35.7143	35.7283	35.6933	35.6847	35.6713	35.6727	35.6347	35.6232	35.6108	35.6036	35.6006	35.5739	35.5766	35.5511	35.5559	35.5391	35.5464	35.5006	35.4845	35.4598	35.511	35.4825	35.4764	35.4032	35.3931	35.4117	35.424	35.4146	35.3665	35.2615	35.2299	35.21	35.2528	35.3163	35.2686	35.251	35.2117	35.1086	35.1283	35.1983	35.1656	35.1155	35.0202	34.9792	35.0466	35.0412	34.9679	34.8723	34.8704	34.9463	34.8928	34.8897	34.8286	34.6834	34.7094	34.769	34.5855	34.6058	34.7509	34.7062	34.6291	34.5057	34.5187	34.5751	34.4924	34.4006	34.3557	34.2263	34.2625	34.3836	34.294	34.3009	34.2117	34.1744	34.1946	34.2104	34.2017	34.1469	34.1028	34.0631	34.038	34.0602	34.0533	34.2534	35.5384
Sgr-CJol_007-Ex1-cssl	35.5364	36.1716	36.2481	36.2337	36.281	36.246	36.2471	36.2418	36.2843	36.2881	36.3014	36.2797	36.2406	36.2597	36.2656	36.2732	36.2664	36.2678	36.2431	36.2326	36.217	36.2212	36.1969	36.192	36.1653	36.1697	36.1617	36.1537	36.1389	36.146	36.1074	36.109	36.0725	36.0892	36.0757	36.055	36.0126	36.0327	35.9802	36.0262	36.0237	36.0146	35.9975	36.0	35.9544	35.9429	35.94	35.9386	35.9133	35.8908	35.8667	35.8666	35.8677	35.8647	35.8283	35.8508	35.8304	35.8362	35.8235	35.8177	35.8054	35.8041	35.7688	35.7553	35.7496	35.7173	35.7304	35.7009	35.6928	35.6821	35.6795	35.6482	35.6434	35.6406	35.6291	35.6184	35.5946	35.5901	35.5779	35.5767	35.5692	35.5687	35.5323	35.511	35.4887	35.5446	35.5334	35.5164	35.4551	35.4354	35.4671	35.475	35.4598	35.411	35.3112	35.2872	35.2624	35.3061	35.3771	35.339	35.3132	35.2749	35.171	35.2005	35.2715	35.2371	35.1784	35.0648	35.0492	35.1195	35.1182	35.062	34.9477	34.9464	35.0401	34.9857	34.9612	34.89	34.7681	34.7979	34.8583	34.6528	34.6886	34.8448	34.7914	34.6873	34.5753	34.582	34.6586	34.5807	34.4925	34.4427	34.321	34.3391	34.4753	34.3942	34.3856	34.3068	34.2568	34.2841	34.3333	34.2791	34.2184	34.1748	34.1495	34.1277	34.1601	34.1522	34.2878	35.5547
Sgr-CJol_008-Ex1-cssl	35.4478	36.1387	36.2106	36.2006	36.2442	36.2068	36.207	36.2043	36.2345	36.2402	36.2549	36.2334	36.1987	36.215	36.2204	36.2327	36.2194	36.2239	36.2004	36.1908	36.1679	36.1814	36.1544	36.1476	36.1199	36.126	36.1151	36.1021	36.0895	36.0971	36.0639	36.0543	36.0224	36.0374	36.0295	36.0021	35.9596	35.9792	35.9224	35.9726	35.9652	35.9574	35.9477	35.9375	35.898	35.8781	35.8837	35.8736	35.8608	35.833	35.81	35.7971	35.8078	35.7998	35.7665	35.7709	35.7699	35.7592	35.7576	35.738	35.7348	35.7264	35.6949	35.6756	35.6689	35.6345	35.658	35.6128	35.6155	35.6032	35.5951	35.5647	35.5491	35.5466	35.5364	35.5318	35.5142	35.4935	35.4893	35.4918	35.4825	35.472	35.4386	35.4099	35.3917	35.4482	35.4363	35.4082	35.3505	35.3185	35.3632	35.3688	35.3633	35.3043	35.2021	35.1672	35.1527	35.1925	35.2806	35.2223	35.2126	35.1545	35.0497	35.0669	35.152	35.1113	35.0539	34.9436	34.9042	34.9773	35.001	34.9307	34.7944	34.8157	34.8984	34.8448	34.8377	34.7444	34.6143	34.6523	34.7242	34.5254	34.5368	34.713	34.6415	34.5585	34.4209	34.4253	34.5071	34.4355	34.3318	34.2699	34.1379	34.1786	34.3101	34.213	34.1987	34.1439	34.074	34.1222	34.1497	34.1187	34.0426	33.9986	33.966	33.9539	33.9576	33.9838	34.1351	35.5024
Sgr-CJol_009-Ex1-cssl	35.5442	36.1235	36.1971	36.1892	36.2367	36.1931	36.1977	36.1938	36.2294	36.2279	36.2518	36.2288	36.1957	36.2055	36.2179	36.2207	36.2181	36.2177	36.1894	36.1847	36.1659	36.1658	36.1406	36.1373	36.1074	36.1081	36.0972	36.0881	36.0688	36.0704	36.0361	36.0298	36.0025	36.0148	35.9984	35.9716	35.936	35.9479	35.9012	35.9463	35.9501	35.9298	35.9139	35.9073	35.868	35.848	35.8407	35.8399	35.8212	35.797	35.7723	35.7524	35.7674	35.7537	35.7261	35.7334	35.7227	35.7163	35.7073	35.6892	35.6825	35.6786	35.6512	35.6241	35.6259	35.5849	35.596	35.5661	35.5584	35.5474	35.5367	35.5115	35.4995	35.488	35.4813	35.4662	35.4443	35.4389	35.4202	35.4203	35.4128	35.404	35.3694	35.3375	35.3269	35.3706	35.3598	35.3339	35.2614	35.2478	35.2901	35.296	35.2846	35.2275	35.1235	35.0862	35.0698	35.1081	35.1827	35.1425	35.1314	35.077	34.9672	34.9996	35.0677	35.0304	34.9701	34.8568	34.8252	34.907	34.9062	34.8231	34.7091	34.7107	34.7962	34.7408	34.6996	34.6332	34.4889	34.5398	34.6104	34.3948	34.4213	34.5892	34.513	34.4206	34.2894	34.2856	34.3883	34.2969	34.1981	34.1383	34.0121	34.0203	34.1741	34.0834	34.0834	33.9535	33.9405	33.9531	33.9952	33.9696	33.8804	33.8535	33.8282	33.782	33.8203	33.8454	34.0353	35.4996
Sgr-CJol_010-Ex1-cssl	35.3627	36.0386	36.1208	36.115	36.1576	36.1086	36.1019	36.0987	36.144	36.1396	36.1596	36.1327	36.107	36.1188	36.1161	36.1241	36.1224	36.125	36.0944	36.081	36.0616	36.0707	36.042	36.0424	36.0101	36.0109	36.0	35.9877	35.9694	35.9738	35.9448	35.9343	35.8872	35.9087	35.8896	35.8645	35.8141	35.8426	35.7805	35.8431	35.8284	35.8254	35.8025	35.8006	35.7394	35.7314	35.7142	35.7171	35.6972	35.669	35.6371	35.6343	35.633	35.6305	35.5985	35.6073	35.5948	35.59	35.5773	35.5623	35.5526	35.5543	35.5076	35.4905	35.475	35.4472	35.4566	35.422	35.4141	35.3975	35.3902	35.3627	35.3371	35.3449	35.324	35.3157	35.2947	35.2717	35.2564	35.2494	35.2488	35.2451	35.1951	35.1652	35.1515	35.2032	35.1952	35.1609	35.0949	35.0729	35.1072	35.1092	35.1035	35.048	34.9382	34.8915	34.8641	34.9112	34.9867	34.9575	34.9355	34.8739	34.7697	34.784	34.8815	34.8307	34.7711	34.6594	34.6205	34.7029	34.6944	34.6198	34.4875	34.507	34.6105	34.5456	34.5161	34.439	34.2959	34.3385	34.4229	34.2022	34.2272	34.3983	34.3321	34.2579	34.1269	34.1078	34.206	34.1162	34.0329	33.9608	33.8108	33.8369	33.9929	33.9106	33.9043	33.7873	33.7533	33.774	33.8418	33.7786	33.7305	33.6804	33.6237	33.6275	33.6878	33.6995	33.9206	35.4496
Sgr-CJol_012-Ex1-cssl	35.7146	36.2155	36.2841	36.26	36.2978	36.2599	36.2614	36.2609	36.2984	36.291	36.3136	36.2912	36.2568	36.2704	36.279	36.2846	36.2786	36.2746	36.2507	36.2459	36.229	36.2287	36.2008	36.1985	36.1741	36.1815	36.1721	36.1592	36.1451	36.1482	36.1175	36.1145	36.0694	36.0938	36.0862	36.0583	36.0133	36.0292	35.9883	36.0245	36.0246	36.0167	35.9944	35.9889	35.9437	35.9381	35.9267	35.9272	35.9032	35.8802	35.8474	35.8397	35.8426	35.8341	35.8062	35.8171	35.8043	35.8023	35.7977	35.7787	35.7636	35.7664	35.7286	35.7061	35.6978	35.6643	35.6755	35.6511	35.6393	35.6283	35.6215	35.5845	35.5721	35.5631	35.548	35.5443	35.5198	35.507	35.4972	35.4924	35.4953	35.4826	35.4428	35.4233	35.3976	35.4457	35.4511	35.4168	35.3592	35.3403	35.3573	35.3675	35.3472	35.3072	35.1973	35.1692	35.1428	35.1768	35.2565	35.2121	35.1961	35.1448	35.0359	35.0627	35.1481	35.0993	35.0448	34.9477	34.9237	34.9773	34.983	34.9148	34.7934	34.7958	34.8807	34.8468	34.8055	34.7341	34.6158	34.632	34.7266	34.5207	34.5397	34.6883	34.6571	34.5477	34.4299	34.4229	34.5116	34.435	34.3214	34.2803	34.1452	34.182	34.3415	34.2184	34.211	34.1279	34.1034	34.1029	34.1636	34.1136	34.0716	34.007	33.953	33.9686	33.9698	34.0345	34.1956	35.5363
Sgr-CJol_017-Ex1-cssl	35.6746	36.181	36.2539	36.2323	36.2726	36.2313	36.2309	36.2275	36.2653	36.2663	36.2856	36.2714	36.2333	36.2501	36.2474	36.2572	36.252	36.2581	36.2265	36.2229	36.2019	36.2084	36.1846	36.177	36.1561	36.1557	36.1523	36.1335	36.1243	36.1246	36.0916	36.0869	36.047	36.0658	36.0544	36.0222	35.9889	36.0052	35.959	35.9981	35.9995	35.9855	35.9664	35.9677	35.9284	35.9142	35.905	35.9015	35.8758	35.859	35.8329	35.8268	35.8377	35.828	35.793	35.8073	35.796	35.7907	35.7739	35.7683	35.7549	35.7529	35.718	35.6989	35.6862	35.662	35.6753	35.6446	35.6328	35.6281	35.6219	35.5958	35.5744	35.5728	35.5636	35.5572	35.5377	35.5368	35.5185	35.5105	35.5023	35.4967	35.4719	35.4493	35.4198	35.4641	35.4533	35.4336	35.3677	35.3513	35.3805	35.3941	35.3919	35.3213	35.2354	35.2008	35.1821	35.2232	35.2878	35.2479	35.2266	35.194	35.0883	35.1003	35.1868	35.146	35.091	34.977	34.9522	35.0247	35.0218	34.9557	34.8521	34.84	34.9425	34.8844	34.8636	34.7968	34.6514	34.6986	34.773	34.5627	34.5985	34.7445	34.6837	34.613	34.4883	34.4898	34.5885	34.4754	34.408	34.3311	34.2215	34.2366	34.39	34.28	34.2855	34.197	34.1803	34.1877	34.2186	34.1936	34.1436	34.0708	34.0308	34.0147	34.0439	34.06	34.2282	35.5425
Sgr-CJol_020-Ex1-cssl	35.7595	36.2776	36.3301	36.3063	36.348	36.3146	36.3152	36.3138	36.349	36.3488	36.3671	36.3456	36.3169	36.321	36.3259	36.3334	36.3319	36.3298	36.3091	36.2958	36.2804	36.2791	36.2606	36.2507	36.2322	36.231	36.2266	36.2105	36.1986	36.1972	36.172	36.1603	36.13	36.1428	36.1303	36.1075	36.0685	36.0796	36.0424	36.0727	36.08	36.0576	36.0446	36.0367	36.0028	35.9805	35.9837	35.9748	35.9637	35.9319	35.9136	35.894	35.9128	35.8886	35.8713	35.8688	35.8717	35.8575	35.8517	35.8405	35.83	35.8219	35.7884	35.7723	35.7557	35.7234	35.7429	35.7058	35.7012	35.6927	35.6913	35.653	35.6486	35.6374	35.6338	35.6152	35.6001	35.5917	35.5765	35.5728	35.5684	35.5566	35.5275	35.5053	35.4834	35.5223	35.5172	35.4841	35.4263	35.4011	35.4358	35.4388	35.4287	35.3768	35.2834	35.2452	35.2296	35.2672	35.3341	35.2863	35.2672	35.2252	35.1193	35.1426	35.2127	35.1733	35.1092	35.0303	34.9662	35.0443	35.0352	34.983	34.8665	34.8829	34.9447	34.8896	34.8732	34.8043	34.6744	34.7013	34.7629	34.5732	34.5923	34.7407	34.6772	34.6081	34.4705	34.4804	34.5367	34.465	34.3634	34.3257	34.1935	34.229	34.3552	34.2761	34.2385	34.1488	34.099	34.1611	34.1588	34.1417	34.0748	34.0343	34.0003	33.9869	34.0014	34.0312	34.2124	35.549
Sgr-CJol_021-Ex1-cssl	35.4472	36.1412	36.2279	36.2062	36.2487	36.2049	36.2028	36.2049	36.2371	36.2317	36.2514	36.23	36.1963	36.2084	36.2162	36.226	36.2181	36.2206	36.1985	36.1882	36.1661	36.1672	36.1388	36.1298	36.1078	36.1112	36.1104	36.0923	36.0848	36.0821	36.037	36.0363	36.0036	36.0128	36.0011	35.9732	35.9327	35.9538	35.8998	35.9385	35.942	35.9354	35.9273	35.9105	35.8714	35.8403	35.8509	35.8258	35.8227	35.7926	35.7734	35.7605	35.7689	35.7519	35.7219	35.7264	35.7204	35.7125	35.7085	35.6833	35.6757	35.672	35.6413	35.611	35.6102	35.5701	35.5963	35.5385	35.5371	35.5355	35.5349	35.4933	35.4887	35.4736	35.4772	35.4498	35.4388	35.4193	35.428	35.4049	35.4034	35.3988	35.3687	35.3406	35.3251	35.3603	35.346	35.3242	35.2576	35.2366	35.2799	35.285	35.2709	35.2224	35.1254	35.0824	35.0772	35.0935	35.1761	35.1223	35.1285	35.0662	34.9383	34.9844	35.0594	35.0113	34.9702	34.8442	34.8082	34.8708	34.8857	34.821	34.7073	34.6905	34.7917	34.7372	34.7251	34.6583	34.5168	34.5565	34.6082	34.4153	34.4135	34.5888	34.5388	34.4362	34.3184	34.3348	34.4335	34.3119	34.2457	34.1521	34.0443	34.0401	34.184	34.1133	34.1247	34.0025	33.9664	34.0024	34.0563	34.0184	33.9616	33.8679	33.8795	33.8482	33.893	33.9244	34.0639	35.4917
Sgr-CJol_023-Ex1-cssl	35.5777	36.2366	36.3027	36.2948	36.3347	36.3033	36.3021	36.3025	36.3322	36.3285	36.3456	36.3317	36.2988	36.3051	36.3113	36.3154	36.3128	36.3095	36.2907	36.2814	36.2639	36.2652	36.2443	36.2304	36.2128	36.2084	36.2057	36.1894	36.1795	36.1742	36.147	36.1365	36.115	36.1151	36.1051	36.079	36.0508	36.0469	36.0114	36.0435	36.0498	36.0292	36.0217	36.0035	35.973	35.9463	35.953	35.9382	35.9253	35.8938	35.8774	35.8605	35.8749	35.8606	35.8372	35.8368	35.8349	35.8207	35.8147	35.801	35.7946	35.7745	35.7434	35.7217	35.7116	35.6817	35.6967	35.6559	35.6474	35.6402	35.6309	35.6005	35.5942	35.5832	35.5789	35.5622	35.5405	35.526	35.5201	35.5076	35.4959	35.4914	35.4476	35.4301	35.4083	35.451	35.4414	35.4101	35.3489	35.3293	35.3617	35.3702	35.3588	35.2962	35.2062	35.1709	35.1395	35.1791	35.2484	35.2002	35.1862	35.1431	35.0318	35.052	35.1224	35.082	35.0236	34.923	34.8841	34.9587	34.9545	34.8924	34.7733	34.7798	34.8603	34.8011	34.7869	34.7186	34.5725	34.6027	34.6826	34.4831	34.4911	34.6563	34.5711	34.5047	34.3757	34.3843	34.4507	34.3658	34.2747	34.2081	34.0793	34.099	34.2477	34.1529	34.1441	34.0332	34.0017	34.0287	34.058	34.0296	33.9648	33.8943	33.8768	33.8648	33.8741	33.9102	34.1131	35.4985
Sgr-CJol_024-Ex1-cssl	35.5455	36.1766	36.2467	36.2348	36.2715	36.237	36.238	36.2303	36.263	36.2636	36.2785	36.2596	36.2276	36.2376	36.2509	36.2489	36.2483	36.2458	36.2225	36.2086	36.1917	36.1984	36.1697	36.1709	36.1485	36.1434	36.1387	36.1312	36.1137	36.1138	36.0828	36.078	36.0395	36.0624	36.042	36.0247	35.9759	35.9976	35.9533	35.9965	35.989	35.9776	35.9696	35.9583	35.915	35.9031	35.8908	35.8972	35.8715	35.8494	35.8322	35.8225	35.8208	35.8232	35.7792	35.7846	35.7746	35.7777	35.7542	35.7588	35.7346	35.7399	35.7016	35.6789	35.6673	35.637	35.6465	35.6131	35.606	35.5922	35.6001	35.5663	35.5485	35.5436	35.5328	35.5125	35.4953	35.4841	35.4651	35.458	35.4625	35.4416	35.4068	35.3924	35.3684	35.3962	35.3911	35.3672	35.2966	35.289	35.2988	35.3154	35.3075	35.261	35.1517	35.1031	35.0764	35.1164	35.1799	35.1478	35.1273	35.0769	34.9549	34.9911	35.0643	35.0301	34.9497	34.8566	34.8115	34.8905	34.8746	34.7935	34.671	34.6943	34.7622	34.7047	34.6889	34.6222	34.4647	34.4978	34.5605	34.3613	34.3815	34.5505	34.4704	34.4137	34.2592	34.2613	34.3459	34.2643	34.1655	34.0951	33.9429	33.9899	34.1113	34.0497	34.024	33.9181	33.8687	33.8981	33.9255	33.8905	33.8477	33.7575	33.7596	33.7145	33.784	33.7805	34.021	35.4825
Sgr-CJol_025-Ex1-cssl	35.6324	36.2583	36.3214	36.3069	36.3442	36.3112	36.3143	36.3168	36.3464	36.3434	36.3585	36.3387	36.3083	36.3157	36.323	36.328	36.3234	36.3218	36.3013	36.2885	36.2745	36.2749	36.2504	36.2463	36.2211	36.2224	36.2171	36.2058	36.1855	36.1902	36.1605	36.1536	36.1239	36.1379	36.1204	36.1025	36.0588	36.069	36.028	36.0657	36.0681	36.053	36.0419	36.0334	35.9933	35.9741	35.9765	35.9668	35.9552	35.9246	35.9082	35.8925	35.9024	35.8872	35.87	35.8719	35.8656	35.8581	35.8451	35.8342	35.8337	35.8169	35.7938	35.7702	35.7648	35.7313	35.7504	35.7126	35.7124	35.6947	35.7095	35.6719	35.6573	35.645	35.6448	35.6244	35.6159	35.5908	35.5878	35.5791	35.5827	35.5684	35.5385	35.5099	35.5008	35.5389	35.5323	35.5019	35.4483	35.4271	35.4601	35.4677	35.4588	35.4102	35.3139	35.2757	35.2587	35.2917	35.3628	35.3264	35.3101	35.2592	35.1566	35.1765	35.2594	35.2189	35.1673	35.053	35.031	35.0945	35.1006	35.0415	34.9262	34.9307	35.0129	34.9574	34.9313	34.8559	34.7425	34.7691	34.8286	34.6404	34.6747	34.8229	34.7507	34.6735	34.5455	34.5636	34.6394	34.5453	34.4585	34.3981	34.2785	34.2995	34.4369	34.3561	34.339	34.249	34.2082	34.2311	34.2577	34.2256	34.1692	34.1159	34.062	34.0514	34.0802	34.0983	34.2592	35.5502
Sgr-CJol_028-Ex1-cssl	35.4868	36.0901	36.1696	36.1478	36.1944	36.1442	36.1474	36.1406	36.1859	36.1853	36.2061	36.1809	36.1501	36.1589	36.1674	36.1753	36.1651	36.1732	36.1448	36.131	36.1131	36.1181	36.0873	36.0834	36.0607	36.0672	36.0618	36.047	36.0266	36.0378	35.9985	35.9973	35.9561	35.9787	35.9628	35.9458	35.8913	35.9092	35.8623	35.9111	35.9043	35.8937	35.8743	35.8827	35.8284	35.8164	35.8097	35.808	35.781	35.759	35.7344	35.7326	35.7376	35.7228	35.6833	35.704	35.6916	35.6874	35.6716	35.6701	35.6532	35.6527	35.6111	35.5905	35.5711	35.5542	35.5721	35.5354	35.5186	35.51	35.5079	35.4803	35.466	35.4572	35.4435	35.441	35.4145	35.4115	35.3935	35.4086	35.3864	35.3865	35.3358	35.321	35.2882	35.3506	35.3294	35.314	35.2375	35.2377	35.2452	35.2737	35.2489	35.2026	35.0802	35.0599	35.0344	35.078	35.1572	35.1116	35.0851	35.0487	34.9172	34.9557	35.0268	35.0033	34.9312	34.8281	34.7888	34.8601	34.863	34.7947	34.6676	34.6886	34.7797	34.7229	34.6847	34.6212	34.454	34.4981	34.5575	34.3842	34.4052	34.5666	34.4929	34.4147	34.2899	34.272	34.3767	34.2936	34.1949	34.1138	33.9928	34.0305	34.1608	34.0827	34.0656	33.9646	33.9215	33.9556	33.9905	33.9531	33.9108	33.8218	33.8201	33.7988	33.8282	33.8768	34.0511	35.4809
Sgr-CJol_032-Ex1-cssl	35.7548	36.2445	36.311	36.2878	36.3248	36.2882	36.2913	36.2846	36.319	36.3163	36.3356	36.3195	36.2875	36.2931	36.3018	36.3023	36.3016	36.3043	36.2788	36.2657	36.2558	36.2602	36.2397	36.2333	36.2062	36.2078	36.2021	36.1877	36.1774	36.1711	36.1473	36.1409	36.107	36.122	36.1137	36.09	36.055	36.0605	36.0195	36.0511	36.0609	36.0439	36.0282	36.0145	35.9859	35.9647	35.9699	35.9553	35.948	35.9134	35.8966	35.8834	35.8974	35.8789	35.855	35.8545	35.8536	35.842	35.8381	35.8276	35.8094	35.8127	35.7797	35.7509	35.7498	35.7244	35.7366	35.6975	35.6941	35.6877	35.6814	35.6566	35.6376	35.6278	35.6237	35.6141	35.5971	35.5852	35.5783	35.5792	35.5627	35.5579	35.5194	35.4974	35.4779	35.5197	35.5141	35.4872	35.432	35.4065	35.4331	35.4413	35.4379	35.3857	35.2868	35.2615	35.2454	35.2676	35.3477	35.3032	35.289	35.249	35.1337	35.1578	35.2215	35.1833	35.1337	35.0253	34.9853	35.069	35.05	35.0017	34.8822	34.9013	34.9541	34.8966	34.8886	34.8245	34.6865	34.729	34.7782	34.609	34.6263	34.7672	34.7014	34.6233	34.4972	34.491	34.5733	34.4845	34.4067	34.3267	34.2005	34.2326	34.3604	34.2574	34.2802	34.1778	34.1266	34.1503	34.1796	34.1346	34.105	34.0068	33.9664	33.9676	34.0026	34.0186	34.2259	35.5394
Sgr-CJol_034-Ex1-cssl	35.4443	36.1647	36.2654	36.2552	36.2986	36.2714	36.272	36.2682	36.3015	36.3005	36.3115	36.2885	36.256	36.2706	36.2748	36.2781	36.2706	36.2713	36.2475	36.2329	36.2201	36.2162	36.1922	36.1825	36.1566	36.1592	36.1476	36.1377	36.1165	36.1212	36.0877	36.0834	36.0412	36.0606	36.0384	36.0201	35.9692	35.9948	35.9346	35.9842	35.9747	35.9656	35.9412	35.9431	35.8861	35.8792	35.8681	35.873	35.8407	35.8239	35.7935	35.7929	35.7833	35.7883	35.7424	35.7564	35.7303	35.7429	35.717	35.7205	35.6924	35.6984	35.6499	35.6396	35.6121	35.5962	35.6024	35.5716	35.5477	35.5485	35.54	35.5206	35.485	35.4881	35.4666	35.4633	35.4379	35.4353	35.4074	35.4151	35.3872	35.3954	35.3426	35.3297	35.2983	35.3508	35.3284	35.3105	35.2361	35.2259	35.2493	35.268	35.2362	35.2034	35.0869	35.0572	35.0245	35.0695	35.1349	35.0982	35.0663	35.0311	34.9004	34.943	35.0073	34.9796	34.9109	34.7941	34.7561	34.8384	34.829	34.7686	34.6538	34.6608	34.7183	34.6834	34.649	34.5759	34.4454	34.4826	34.5318	34.3376	34.3483	34.5154	34.4276	34.359	34.2275	34.2435	34.3146	34.2244	34.1219	34.0604	33.9222	33.9659	34.0917	34.0078	33.9741	33.9054	33.8483	33.8644	33.9194	33.8597	33.8205	33.7526	33.7217	33.7277	33.7526	33.7835	34.0223	35.4684
Sgr-CJol_035-Ex1-cssl	35.6471	36.2367	36.2842	36.2773	36.3131	36.281	36.2835	36.2867	36.3118	36.3095	36.3274	36.3108	36.2762	36.29	36.2905	36.3014	36.2877	36.291	36.2648	36.2556	36.2355	36.2437	36.2153	36.2128	36.1888	36.1931	36.1872	36.1684	36.149	36.1569	36.1214	36.1207	36.0782	36.1015	36.0788	36.0664	36.0118	36.0355	35.9813	36.0282	36.0169	36.0071	35.9859	35.9833	35.9375	35.9292	35.9166	35.9189	35.8961	35.8757	35.8386	35.8412	35.8401	35.8306	35.8026	35.8105	35.7977	35.7958	35.7759	35.7692	35.7599	35.7575	35.7188	35.7019	35.6914	35.6639	35.6757	35.6415	35.6332	35.6281	35.6259	35.5946	35.5715	35.5738	35.562	35.5512	35.5209	35.5131	35.4973	35.497	35.4885	35.4818	35.4436	35.4182	35.3987	35.4482	35.4292	35.4126	35.347	35.3359	35.3704	35.3726	35.359	35.3128	35.2205	35.1833	35.1597	35.1863	35.2677	35.2196	35.2032	35.1679	35.0643	35.0791	35.155	35.1204	35.0571	34.9582	34.9247	34.9933	34.9924	34.9326	34.8092	34.8191	34.9066	34.8455	34.8318	34.7626	34.6276	34.6839	34.7324	34.5463	34.5544	34.7069	34.649	34.5614	34.4419	34.4387	34.5377	34.4443	34.3561	34.2796	34.1702	34.1884	34.332	34.2394	34.2198	34.1445	34.1195	34.1413	34.1654	34.1355	34.0519	34.008	33.9891	33.9661	33.9785	34.0202	34.1936	35.5371
Sgr-CJol_036-Ex1-cssl	35.4462	36.0955	36.1835	36.1648	36.2037	36.1644	36.1608	36.1567	36.1946	36.1984	36.2168	36.1862	36.1578	36.1718	36.1741	36.1852	36.1735	36.177	36.1463	36.1403	36.1183	36.1243	36.0909	36.0952	36.067	36.068	36.065	36.0496	36.0347	36.035	35.9989	35.9983	35.9583	35.9758	35.9585	35.9364	35.8923	35.9121	35.8605	35.9105	35.9127	35.8997	35.882	35.8699	35.8255	35.8067	35.8053	35.8058	35.7802	35.7641	35.7396	35.7296	35.737	35.7251	35.6985	35.6973	35.6914	35.6841	35.6718	35.6656	35.6547	35.6565	35.6193	35.5976	35.5884	35.5591	35.5742	35.5379	35.5259	35.5195	35.523	35.4839	35.4723	35.4651	35.4617	35.445	35.4368	35.4116	35.4022	35.3963	35.4056	35.3983	35.3589	35.3339	35.3155	35.368	35.3482	35.3314	35.2697	35.2361	35.2778	35.2844	35.2904	35.2211	35.1323	35.0794	35.0686	35.1035	35.1868	35.1345	35.1258	35.0743	34.9664	34.9831	35.0706	35.0253	34.9754	34.853	34.8434	34.899	34.907	34.8328	34.7175	34.7182	34.8158	34.7432	34.7481	34.656	34.5188	34.5495	34.6301	34.4236	34.4661	34.5895	34.5493	34.4614	34.3395	34.3406	34.4393	34.3333	34.2301	34.1938	34.0714	34.0865	34.2302	34.1421	34.1229	34.0216	34.001	34.0189	34.0463	34.0261	33.9615	33.9201	33.859	33.8543	33.8777	33.9163	34.0786	35.4876
Sgr-CJol_037-Ex1-cssl	35.5391	36.1297	36.2095	36.1899	36.2397	36.2012	36.2047	36.1967	36.2409	36.2345	36.2571	36.2306	36.1985	36.2106	36.2175	36.2194	36.2107	36.2133	36.1891	36.1728	36.1593	36.1568	36.1369	36.1213	36.1065	36.0992	36.0964	36.0664	36.0611	36.0591	36.0302	36.0121	35.9817	35.9821	35.9759	35.9503	35.9104	35.9202	35.8732	35.9138	35.918	35.8993	35.8845	35.8655	35.8291	35.8023	35.8077	35.7883	35.7759	35.7421	35.7304	35.699	35.7199	35.6955	35.6807	35.6672	35.6761	35.6578	35.6538	35.6234	35.6279	35.6127	35.5791	35.545	35.5511	35.5126	35.5377	35.483	35.4816	35.4683	35.4777	35.4248	35.4178	35.4068	35.3995	35.3768	35.369	35.3459	35.3308	35.3333	35.3153	35.3121	35.2668	35.2348	35.2212	35.2635	35.247	35.2208	35.1582	35.1359	35.1682	35.173	35.1681	35.102	34.9993	34.9524	34.9496	34.9796	35.0548	34.9946	34.988	34.9303	34.807	34.8422	34.9212	34.8773	34.8137	34.6958	34.6571	34.7403	34.7281	34.6708	34.5466	34.5437	34.6356	34.5793	34.5441	34.4755	34.3362	34.3684	34.4247	34.2351	34.2332	34.4235	34.3421	34.273	34.1188	34.1241	34.2005	34.1202	34.001	33.9502	33.8005	33.8387	33.9722	33.8984	33.8598	33.7743	33.7198	33.7555	33.8084	33.7545	33.6897	33.6413	33.6026	33.5842	33.631	33.6758	33.9371	35.4602
Sgr-CJol_041-Ex1-cssl	35.5871	36.1503	36.212	36.1978	36.2485	36.2006	36.207	36.2086	36.243	36.2347	36.2593	36.2442	36.209	36.2149	36.2217	36.2229	36.2239	36.2176	36.1936	36.1826	36.1707	36.1611	36.1418	36.1309	36.1111	36.1078	36.1037	36.0837	36.067	36.0689	36.0377	36.0203	35.9935	35.9994	35.9876	35.9572	35.9152	35.9263	35.8822	35.9142	35.9184	35.8919	35.8828	35.8604	35.8222	35.7924	35.8035	35.7827	35.7693	35.7261	35.7132	35.6836	35.6968	35.6778	35.6495	35.6461	35.6425	35.6233	35.6113	35.5907	35.5935	35.5686	35.5461	35.5098	35.5052	35.4578	35.4777	35.4277	35.4249	35.4025	35.3993	35.3692	35.3539	35.3468	35.3298	35.3135	35.2967	35.2724	35.2612	35.2508	35.2394	35.2343	35.1973	35.161	35.1419	35.1857	35.172	35.134	35.0752	35.055	35.0883	35.0865	35.0816	35.0164	34.9095	34.8611	34.8456	34.8857	34.9509	34.9084	34.8886	34.8409	34.7259	34.7572	34.8326	34.7879	34.7426	34.6095	34.585	34.6567	34.6537	34.5876	34.4759	34.4637	34.5496	34.506	34.4817	34.3922	34.2773	34.3013	34.3849	34.1649	34.1869	34.3418	34.2782	34.2014	34.0615	34.0753	34.1569	34.0688	33.9689	33.9336	33.7657	33.8241	33.944	33.8769	33.8268	33.7668	33.7201	33.7622	33.7877	33.7443	33.697	33.6291	33.609	33.5914	33.6373	33.6773	33.9072	35.4433
Sgr-CJol_042-Ex1-cssl	35.7215	36.2865	36.3414	36.3214	36.3577	36.3198	36.3281	36.3155	36.3561	36.3558	36.3763	36.3498	36.3169	36.3265	36.3325	36.3401	36.3308	36.3352	36.3099	36.2989	36.2845	36.2877	36.2636	36.2585	36.2379	36.2364	36.2347	36.2151	36.2031	36.2023	36.1807	36.1662	36.1374	36.1533	36.1378	36.1195	36.0797	36.0923	36.0516	36.0967	36.0944	36.0719	36.0665	36.06	36.0274	36.0112	36.0044	35.9942	35.9819	35.9565	35.9384	35.9182	35.9333	35.9181	35.8991	35.9063	35.9046	35.8955	35.8953	35.8772	35.8676	35.8624	35.8474	35.8094	35.8145	35.7772	35.7994	35.7587	35.7502	35.7434	35.7503	35.7039	35.7079	35.6977	35.7007	35.675	35.6747	35.6479	35.6574	35.6437	35.6501	35.6394	35.6186	35.5837	35.5824	35.6172	35.6123	35.5859	35.5368	35.4997	35.5508	35.5474	35.5583	35.4957	35.4214	35.3756	35.3645	35.3957	35.4827	35.4195	35.4292	35.365	35.2844	35.2983	35.3891	35.3354	35.2832	35.1861	35.1633	35.2169	35.2267	35.1594	35.069	35.0727	35.1555	35.0928	35.0949	35.0056	34.9007	34.9305	34.9898	34.807	34.8409	34.9843	34.9275	34.8492	34.7329	34.7313	34.8478	34.7463	34.6504	34.5874	34.4938	34.4957	34.6446	34.5491	34.546	34.4535	34.4301	34.4502	34.4931	34.4387	34.385	34.3091	34.3159	34.2815	34.3143	34.298	34.4126	35.5963
Sgr-CJol_044-Ex1-cssl	35.4657	36.1986	36.2448	36.2688	36.3	36.2886	36.2816	36.294	36.3048	36.315	36.3234	36.3074	36.2782	36.2935	36.2873	36.2903	36.279	36.2915	36.2586	36.2628	36.2439	36.2469	36.2239	36.2121	36.194	36.2141	36.1776	36.1768	36.1508	36.1669	36.1243	36.1378	36.0692	36.1042	36.0751	36.0777	36.02	36.0668	35.9882	36.051	36.0164	36.0333	35.9918	36.0301	35.9367	35.9645	35.9246	35.954	35.9017	35.934	35.851	35.8973	35.8539	35.8846	35.8014	35.8714	35.812	35.8501	35.8049	35.8286	35.775	35.8371	35.7294	35.7693	35.7149	35.7469	35.6991	35.7284	35.6657	35.7048	35.6643	35.6682	35.6212	35.6591	35.5945	35.6382	35.5916	35.6075	35.5539	35.6035	35.5417	35.5862	35.5176	35.5145	35.4732	35.5683	35.5016	35.522	35.4669	35.4596	35.4696	35.519	35.474	35.4474	35.357	35.334	35.3276	35.3887	35.442	35.4178	35.4074	35.3747	35.2767	35.3243	35.3669	35.353	35.3258	35.1908	35.1938	35.2788	35.28	35.226	35.1172	35.1142	35.188	35.1869	35.1505	35.0758	34.9997	35.0168	35.055	34.9168	34.9339	35.0578	35.0316	34.9203	34.8264	34.8693	34.9195	34.8314	34.7815	34.6944	34.6074	34.6646	34.7406	34.6427	34.6779	34.5629	34.5508	34.5754	34.5959	34.5508	34.5303	34.4545	34.4399	34.4244	34.4426	34.4645	34.5631	35.6274
Sgr-CJol_046-Ex1-cssl	35.3234	36.1197	36.1963	36.2079	36.254	36.2256	36.2104	36.2279	36.2458	36.2478	36.2743	36.2605	36.2213	36.2371	36.2315	36.2398	36.2363	36.2369	36.211	36.2228	36.186	36.1935	36.1614	36.1672	36.1513	36.1556	36.147	36.1291	36.1202	36.1339	36.0937	36.0958	36.0439	36.0696	36.0647	36.0369	36.007	36.0329	35.972	36.0206	36.0209	35.9974	35.9873	36.0024	35.943	35.938	35.9351	35.9307	35.8979	35.8832	35.8558	35.8663	35.8646	35.8571	35.8209	35.8507	35.8299	35.8287	35.8282	35.8098	35.7975	35.8149	35.7679	35.7693	35.7423	35.7137	35.7253	35.7223	35.6861	35.6968	35.7105	35.6848	35.6477	35.6632	35.6162	35.6222	35.6116	35.5976	35.5692	35.6204	35.5786	35.5625	35.5391	35.5342	35.5046	35.5735	35.546	35.5256	35.5032	35.4593	35.4819	35.5261	35.4874	35.4569	35.3721	35.327	35.2982	35.3651	35.4168	35.3892	35.3749	35.3165	35.2228	35.2414	35.3365	35.26	35.2533	35.1457	35.1167	35.1787	35.163	35.1187	35.0609	35.0238	35.1149	35.048	35.0291	34.9615	34.8259	34.8781	34.9442	34.7706	34.7615	34.9286	34.8692	34.7815	34.6653	34.6586	34.7451	34.6893	34.5913	34.491	34.3822	34.4067	34.5589	34.4212	34.458	34.3218	34.3048	34.3701	34.4233	34.3165	34.2967	34.2584	34.2256	34.2025	34.2164	34.2257	34.3487	35.5836
Sgr-CJol_048-Ex1-cssl	35.6856	36.1603	36.2548	36.2344	36.2724	36.2348	36.2355	36.2221	36.2697	36.2775	36.2984	36.2798	36.2414	36.2589	36.2623	36.2738	36.2671	36.2691	36.2463	36.2437	36.2222	36.2245	36.1962	36.1948	36.1664	36.1745	36.1705	36.1571	36.1406	36.1432	36.1229	36.1135	36.0807	36.0991	36.0844	36.0663	36.0232	36.041	35.992	36.0373	36.0411	36.0292	36.0157	36.0096	35.9665	35.9634	35.9523	35.9461	35.932	35.9084	35.885	35.8709	35.8859	35.8843	35.8562	35.8654	35.8657	35.8571	35.842	35.8362	35.8301	35.8305	35.7965	35.773	35.7646	35.7462	35.7496	35.7297	35.7204	35.7213	35.7048	35.6815	35.6665	35.6623	35.6589	35.6483	35.63	35.6305	35.6194	35.6162	35.6178	35.6128	35.5688	35.5506	35.5284	35.583	35.5624	35.5622	35.4914	35.4783	35.5079	35.5181	35.511	35.4601	35.3561	35.3244	35.3179	35.348	35.4353	35.3914	35.3688	35.3315	35.2239	35.255	35.3381	35.2804	35.2477	35.1452	35.1095	35.1813	35.1795	35.1053	34.9954	35.0048	35.0955	35.0324	35.0265	34.9361	34.8253	34.8724	34.9198	34.7249	34.7605	34.917	34.8393	34.7573	34.6554	34.6398	34.7236	34.6588	34.5441	34.4956	34.3794	34.3827	34.5371	34.446	34.4418	34.3288	34.3236	34.3297	34.3727	34.3377	34.2847	34.2009	34.1952	34.166	34.1881	34.1877	34.3231	35.5716
Sgr-CJol_049-Ex1-cssl	35.5727	36.1277	36.1966	36.1821	36.2199	36.1749	36.1774	36.1757	36.2104	36.2212	36.2477	36.2266	36.1788	36.1936	36.1963	36.2145	36.2092	36.2101	36.184	36.1704	36.1537	36.1584	36.1331	36.1322	36.1076	36.1089	36.1073	36.091	36.0792	36.075	36.0505	36.0455	36.0074	36.029	36.0148	35.9907	35.9447	35.9591	35.921	35.9641	35.9627	35.9429	35.9344	35.9351	35.8977	35.8729	35.8694	35.8667	35.852	35.8248	35.7978	35.7846	35.8044	35.7914	35.7654	35.7698	35.7636	35.7608	35.7575	35.729	35.734	35.7174	35.6897	35.6678	35.6618	35.6185	35.6423	35.6004	35.6103	35.5932	35.6022	35.5588	35.5566	35.5467	35.5522	35.5327	35.5225	35.5082	35.5044	35.4895	35.5014	35.485	35.456	35.4231	35.4244	35.4742	35.4632	35.4385	35.3728	35.3627	35.4002	35.3972	35.3998	35.343	35.2499	35.2125	35.2009	35.2428	35.3314	35.2845	35.2681	35.216	35.1197	35.1483	35.2298	35.1971	35.137	35.0362	35.0097	35.0818	35.0895	35.029	34.9404	34.9217	35.0065	34.9578	34.9545	34.8659	34.7515	34.793	34.8696	34.6731	34.7145	34.8462	34.7949	34.7329	34.6014	34.6141	34.6989	34.6149	34.5246	34.4736	34.3757	34.3703	34.5297	34.4294	34.4192	34.3313	34.3021	34.3371	34.3853	34.3461	34.2986	34.2227	34.2069	34.1874	34.2083	34.2008	34.3184	35.562
Sgr-CJol_051-Ex1-cssl	35.4387	36.0073	36.123	36.1034	36.1567	36.1034	36.1136	36.1013	36.1479	36.1516	36.1716	36.14	36.1087	36.1173	36.1292	36.129	36.1288	36.1278	36.0991	36.0809	36.0692	36.0646	36.0418	36.0307	36.0067	36.0072	35.9957	35.9722	35.9666	35.9589	35.9257	35.9079	35.8836	35.8887	35.8719	35.8429	35.8069	35.8057	35.7609	35.79	35.8065	35.7779	35.773	35.7486	35.7162	35.6779	35.6818	35.6611	35.6544	35.6128	35.589	35.5556	35.5815	35.5483	35.5212	35.5135	35.514	35.4905	35.4903	35.4502	35.4619	35.426	35.3971	35.3556	35.361	35.2976	35.3314	35.2739	35.2812	35.254	35.2598	35.2111	35.2003	35.1942	35.1732	35.1425	35.1339	35.1104	35.1001	35.0831	35.0817	35.0712	35.0267	35.008	34.9746	35.0372	35.026	34.9814	34.9131	34.8977	34.9163	34.9228	34.9149	34.8557	34.7303	34.7062	34.6493	34.732	34.7854	34.7616	34.7142	34.6817	34.5455	34.5913	34.6549	34.6247	34.5545	34.4372	34.3996	34.4707	34.4775	34.4151	34.2766	34.2882	34.3574	34.3217	34.2796	34.2088	34.0434	34.1052	34.1556	33.9549	33.9584	34.1578	34.0673	33.997	33.8357	33.8338	33.9229	33.8509	33.7255	33.6701	33.543	33.5748	33.6823	33.5904	33.5855	33.4882	33.4503	33.4974	33.5016	33.48	33.4051	33.3661	33.3196	33.3427	33.3579	33.4515	33.7217	35.3952
Sgr-CJol_053-Ex1-cssl	35.481	36.1473	36.2237	36.2203	36.2687	36.2318	36.2321	36.224	36.2711	36.269	36.2891	36.2663	36.2356	36.2401	36.2485	36.2591	36.2488	36.2496	36.2268	36.2189	36.2047	36.2037	36.1897	36.1738	36.1537	36.1501	36.1529	36.1303	36.1158	36.1149	36.0893	36.0788	36.0459	36.0599	36.0424	36.0117	35.9796	35.9925	35.9482	35.9839	35.9871	35.9646	35.9647	35.9496	35.9091	35.8891	35.8906	35.8777	35.8706	35.829	35.8134	35.799	35.8123	35.7982	35.7763	35.771	35.7672	35.7509	35.7507	35.7335	35.7241	35.7096	35.6821	35.6536	35.6385	35.6108	35.6354	35.5803	35.5833	35.5657	35.5709	35.5241	35.5218	35.4918	35.4994	35.484	35.4734	35.4461	35.4441	35.4321	35.4262	35.4169	35.3783	35.3533	35.3278	35.3694	35.3645	35.3387	35.2597	35.2374	35.2784	35.2787	35.2627	35.2111	35.1177	35.0678	35.0426	35.0729	35.1519	35.1124	35.0954	35.0533	34.9364	34.9659	35.033	34.9997	34.9349	34.8343	34.7962	34.8692	34.8616	34.8033	34.6934	34.6801	34.7749	34.7155	34.6937	34.6088	34.466	34.5215	34.5693	34.3739	34.3776	34.5523	34.4653	34.405	34.2557	34.2805	34.3497	34.279	34.1595	34.1127	33.965	34.0245	34.1379	34.0505	34.0294	33.9536	33.906	33.9164	33.9566	33.924	33.8526	33.8139	33.7675	33.7766	33.8152	33.829	34.0268	35.4895
Sgr-CJol_054-Ex1-cssl	35.6112	36.1514	36.2441	36.2185	36.2668	36.2313	36.2358	36.2211	36.2721	36.2692	36.2919	36.2677	36.2308	36.244	36.2529	36.2558	36.2551	36.255	36.2307	36.2185	36.2036	36.202	36.1789	36.1708	36.1489	36.1538	36.15	36.133	36.1189	36.1161	36.0921	36.0762	36.044	36.0505	36.0512	36.0237	35.9915	36.0025	35.9612	35.9943	35.9979	35.9867	35.9754	35.9603	35.9326	35.8912	35.9059	35.8912	35.8747	35.8465	35.8286	35.8099	35.8193	35.8109	35.7909	35.7872	35.7785	35.7759	35.778	35.7564	35.7518	35.7382	35.712	35.6859	35.6819	35.6575	35.6585	35.6209	35.629	35.6128	35.619	35.5791	35.5601	35.5555	35.5451	35.5374	35.5251	35.5042	35.4911	35.5045	35.487	35.482	35.4439	35.4155	35.3944	35.4443	35.4376	35.4128	35.3531	35.3378	35.3578	35.3652	35.36	35.3019	35.2033	35.1809	35.1463	35.1884	35.268	35.2227	35.2122	35.1617	35.0442	35.0691	35.1478	35.1183	35.0526	34.9429	34.9174	34.9793	34.976	34.9215	34.794	34.7981	34.8691	34.8278	34.8082	34.7318	34.5995	34.6435	34.7101	34.5024	34.5524	34.6889	34.6316	34.5401	34.4025	34.4147	34.5017	34.3963	34.3117	34.2462	34.1332	34.1619	34.3125	34.2084	34.1867	34.1121	34.0591	34.0838	34.1266	34.0798	34.0187	33.9566	33.9643	33.9305	33.9735	33.9833	34.1654	35.5255
Sgr-CJol_056-Ex1-cssl	35.7078	36.2898	36.3395	36.3277	36.3657	36.3397	36.339	36.3344	36.3614	36.3639	36.3723	36.3609	36.3273	36.3418	36.3414	36.3479	36.3462	36.3433	36.3174	36.3114	36.2903	36.2951	36.2759	36.2715	36.2446	36.2466	36.242	36.2249	36.2158	36.2159	36.1936	36.1836	36.1498	36.1674	36.1517	36.1276	36.0934	36.1073	36.0598	36.1004	36.0994	36.0863	36.0743	36.0623	36.0304	36.0098	36.0073	35.9988	35.9891	35.965	35.9342	35.9288	35.9327	35.928	35.8937	35.9089	35.8988	35.8918	35.884	35.8708	35.8563	35.8643	35.8259	35.8019	35.7957	35.7646	35.7847	35.7513	35.7445	35.7444	35.733	35.7001	35.6886	35.6803	35.6695	35.662	35.649	35.638	35.6329	35.6298	35.6195	35.617	35.5811	35.5524	35.5404	35.5784	35.5704	35.5512	35.4909	35.4728	35.5112	35.5202	35.505	35.4607	35.3559	35.3251	35.3131	35.3477	35.426	35.3795	35.3585	35.315	35.208	35.2504	35.3105	35.275	35.2283	35.1308	35.088	35.1367	35.1519	35.0908	34.9618	34.9688	35.0618	35.0177	34.9872	34.9247	34.7937	34.8323	34.8839	34.7123	34.7261	34.8778	34.811	34.7421	34.612	34.6273	34.6959	34.6078	34.5075	34.484	34.3459	34.3765	34.5072	34.42	34.4055	34.3096	34.2827	34.3218	34.3312	34.29	34.2348	34.1844	34.1431	34.1325	34.1435	34.1685	34.3011	35.5549
Sgr-CJol_057-Ex1-cssl	35.4188	36.0637	36.1379	36.1284	36.1761	36.1245	36.1304	36.1273	36.1634	36.1655	36.1873	36.1643	36.1345	36.1418	36.149	36.1565	36.1523	36.1482	36.122	36.1126	36.1019	36.1015	36.082	36.0705	36.0493	36.0538	36.0403	36.0225	36.0131	36.013	35.9779	35.9712	35.9349	35.9502	35.9431	35.9147	35.8648	35.8808	35.8345	35.8832	35.8869	35.8701	35.854	35.8393	35.7988	35.7855	35.7829	35.7758	35.7507	35.7237	35.7084	35.6866	35.7008	35.691	35.6592	35.6659	35.6627	35.6499	35.6381	35.6285	35.6185	35.6098	35.5741	35.5517	35.535	35.5064	35.5204	35.4735	35.4627	35.4572	35.4559	35.4174	35.4037	35.4015	35.381	35.3752	35.3517	35.3473	35.3355	35.326	35.3162	35.3102	35.2661	35.2449	35.2161	35.2762	35.2611	35.2335	35.1688	35.1436	35.1736	35.189	35.1761	35.1145	35.0083	34.9624	34.9378	34.9926	35.0699	35.026	35.0012	34.9541	34.8374	34.8605	34.9434	34.9047	34.8451	34.7387	34.6948	34.7794	34.7761	34.7123	34.5829	34.5753	34.6682	34.6058	34.6061	34.5161	34.3587	34.406	34.4739	34.274	34.2961	34.4552	34.3934	34.3007	34.1625	34.1876	34.2736	34.1916	34.0751	34.0096	33.8807	33.9037	34.0544	33.9792	33.945	33.8598	33.8	33.8405	33.8934	33.8366	33.7783	33.7203	33.7088	33.6807	33.7116	33.7342	33.955	35.4496
Sgr-CJol_058-Ex1-cssl	35.4475	36.0811	36.1735	36.1696	36.213	36.1721	36.1655	36.1643	36.2084	36.202	36.224	36.1889	36.1614	36.1677	36.1743	36.1774	36.1698	36.1666	36.1368	36.1178	36.1013	36.0937	36.0639	36.0577	36.0271	36.0158	36.0131	35.9826	35.9654	35.9468	35.9179	35.8909	35.8431	35.8573	35.8445	35.8133	35.7664	35.7673	35.7246	35.75	35.7541	35.7327	35.7166	35.6976	35.6443	35.6228	35.6203	35.5988	35.5771	35.536	35.5119	35.492	35.4949	35.4716	35.4492	35.4414	35.4251	35.4147	35.4028	35.3735	35.3746	35.3445	35.3076	35.2687	35.2613	35.2095	35.2403	35.1835	35.1744	35.1535	35.1617	35.1114	35.0938	35.0864	35.0633	35.0398	35.0231	34.9971	34.9905	34.9695	34.9529	34.9434	34.9016	34.8604	34.8387	34.8797	34.8686	34.8323	34.7616	34.7425	34.7634	34.7792	34.7602	34.6817	34.5665	34.5279	34.5069	34.5414	34.6171	34.565	34.5285	34.4869	34.3639	34.3859	34.4781	34.4296	34.3578	34.2333	34.1971	34.2662	34.2758	34.1975	34.0577	34.0673	34.1391	34.0973	34.084	33.9954	33.8407	33.8946	33.9694	33.744	33.7529	33.9377	33.8522	33.7758	33.6081	33.6533	33.7158	33.6384	33.532	33.4676	33.3314	33.3775	33.4833	33.424	33.3633	33.3306	33.2451	33.3137	33.3224	33.3202	33.2606	33.2261	33.1449	33.1876	33.2243	33.3197	33.6271	35.3682
Sgr-CJol_059-Ex1-cssl	35.7318	36.2333	36.2786	36.2684	36.3077	36.276	36.2711	36.2795	36.3025	36.303	36.3272	36.3086	36.2751	36.2861	36.2917	36.3	36.2917	36.2897	36.2739	36.2655	36.2475	36.2478	36.2191	36.2158	36.1892	36.1956	36.1874	36.1723	36.1612	36.1656	36.131	36.1235	36.0889	36.1035	36.0834	36.0733	36.0267	36.0463	35.9978	36.038	36.0338	36.0237	36.0051	36.0023	35.9584	35.9434	35.9362	35.9366	35.917	35.8945	35.8668	35.8558	35.8676	35.8556	35.8192	35.836	35.8189	35.8147	35.7929	35.7846	35.7786	35.7786	35.7387	35.7213	35.7086	35.6761	35.6866	35.6497	35.6388	35.6249	35.621	35.5929	35.579	35.5678	35.5528	35.5467	35.5209	35.5185	35.4945	35.5044	35.49	35.4803	35.4476	35.4353	35.4074	35.4518	35.4374	35.4187	35.3458	35.3341	35.3583	35.3643	35.3539	35.2983	35.2038	35.1731	35.1504	35.1765	35.2525	35.2151	35.1865	35.1495	35.042	35.0593	35.1291	35.0975	35.041	34.9455	34.8943	34.9687	34.9616	34.903	34.7963	34.8016	34.8793	34.8264	34.8127	34.7336	34.6011	34.6464	34.7024	34.4992	34.5119	34.6893	34.5992	34.5313	34.4019	34.4032	34.4939	34.4159	34.2955	34.2547	34.1357	34.1376	34.2617	34.2029	34.1733	34.1051	34.0557	34.0586	34.1072	34.0586	33.9995	33.9451	33.9079	33.8796	33.9347	33.9655	34.1493	35.5335
Sgr-CJol_061-Ex1-cssl	35.5365	36.1744	36.2361	36.2216	36.2608	36.2235	36.223	36.2205	36.2584	36.2518	36.2736	36.2497	36.2189	36.2318	36.2371	36.247	36.2346	36.2348	36.2096	36.1986	36.1841	36.1849	36.1614	36.1559	36.1299	36.1312	36.1231	36.1057	36.0936	36.1007	36.0632	36.057	36.0243	36.0421	36.0198	35.9976	35.9552	35.979	35.9258	35.9764	35.9668	35.9668	35.9423	35.9368	35.8885	35.8804	35.8742	35.8794	35.8436	35.823	35.795	35.7843	35.7916	35.7892	35.7536	35.7611	35.7408	35.7499	35.723	35.7226	35.7019	35.7088	35.6571	35.6494	35.6269	35.61	35.6089	35.5872	35.5683	35.5644	35.558	35.5297	35.5134	35.5137	35.4809	35.4899	35.4534	35.4569	35.4312	35.4397	35.4125	35.4137	35.3671	35.354	35.3138	35.3785	35.3513	35.3364	35.2585	35.2501	35.2587	35.284	35.254	35.2156	35.0941	35.0667	35.0396	35.0886	35.1448	35.1181	35.0973	35.0468	34.9306	34.9515	35.0176	34.9924	34.9125	34.8155	34.7679	34.8356	34.845	34.7751	34.6554	34.6598	34.7268	34.6904	34.6596	34.5702	34.4442	34.4884	34.5309	34.3342	34.3505	34.5059	34.4564	34.3522	34.2378	34.2192	34.3035	34.236	34.1276	34.0875	33.9435	33.9446	34.1051	33.9917	34.0042	33.8928	33.8514	33.8892	33.9289	33.8792	33.8044	33.7783	33.7366	33.7214	33.7687	33.8066	34.043	35.4981
Sgr-CJol_064-Ex1-cssl	35.5003	36.0671	36.1582	36.1413	36.1945	36.1499	36.1549	36.1432	36.1961	36.1939	36.217	36.1943	36.1615	36.1688	36.175	36.1867	36.1811	36.1815	36.1579	36.1439	36.1274	36.1323	36.1092	36.0942	36.0774	36.0765	36.0746	36.0542	36.0406	36.0371	36.0072	35.9986	35.9647	35.9784	35.9694	35.9361	35.8967	35.9145	35.8625	35.9018	35.9106	35.8962	35.8815	35.8728	35.8332	35.8033	35.8057	35.7978	35.7847	35.754	35.7239	35.7138	35.7313	35.7148	35.6876	35.6884	35.6815	35.6759	35.67	35.6454	35.6404	35.6319	35.599	35.5746	35.5702	35.5307	35.5512	35.5101	35.5073	35.4932	35.4946	35.4526	35.4475	35.4371	35.4283	35.4103	35.3982	35.3773	35.3692	35.3618	35.3572	35.3566	35.3115	35.2886	35.2633	35.3108	35.2986	35.2749	35.2095	35.1886	35.2271	35.2244	35.2255	35.164	35.0602	35.0287	35.0016	35.0423	35.1244	35.0868	35.0653	35.0072	34.897	34.9149	35.0123	34.9661	34.9081	34.7979	34.7568	34.8309	34.8499	34.7643	34.6398	34.6563	34.7414	34.6787	34.6689	34.5903	34.4602	34.4826	34.5476	34.3384	34.3739	34.5501	34.4729	34.4038	34.2599	34.2817	34.3609	34.2627	34.1733	34.1108	33.9721	34.0131	34.1694	34.0751	34.0502	33.9546	33.9296	33.9518	33.9855	33.9468	33.9088	33.8251	33.8031	33.7808	33.8126	33.849	34.0525	35.4871
Sgr-CJol_066-Ex1-cssl	35.5773	36.1152	36.2083	36.1871	36.2277	36.1905	36.1901	36.1862	36.2334	36.2367	36.2505	36.2328	36.1936	36.21	36.2192	36.23	36.2159	36.2259	36.1914	36.1813	36.164	36.1678	36.1391	36.1406	36.1073	36.1176	36.1083	36.0852	36.0708	36.0843	36.0515	36.0514	36.0103	36.0339	36.01	35.9889	35.9549	35.9714	35.921	35.957	35.9648	35.9496	35.9387	35.9276	35.8926	35.873	35.8684	35.8716	35.8376	35.8217	35.8024	35.7843	35.8016	35.7892	35.7577	35.7685	35.7654	35.7483	35.7432	35.725	35.7169	35.7244	35.686	35.6647	35.6474	35.6186	35.6355	35.605	35.5973	35.5883	35.5725	35.5607	35.5462	35.5348	35.5304	35.5096	35.4968	35.48	35.4622	35.4637	35.4599	35.4535	35.4133	35.3896	35.3589	35.4229	35.4132	35.3917	35.3278	35.3111	35.3372	35.3471	35.341	35.2883	35.1797	35.1481	35.122	35.1669	35.2417	35.1969	35.1753	35.1446	35.0372	35.0661	35.1441	35.0959	35.0532	34.9281	34.8973	34.9713	34.9643	34.9074	34.7866	34.7902	34.881	34.8285	34.7944	34.7444	34.5899	34.662	34.7152	34.5124	34.5406	34.6907	34.6596	34.5684	34.4258	34.3981	34.4975	34.4478	34.3259	34.2727	34.1669	34.1994	34.3366	34.2369	34.2294	34.1282	34.0928	34.136	34.1418	34.1145	34.0588	34.0104	34.0167	33.9747	33.9948	33.9812	34.1672	35.5278
Sgr-CJol_068-Ex1-cssl	35.5049	36.0965	36.1709	36.1475	36.1965	36.1469	36.1426	36.1449	36.1815	36.1838	36.2074	36.187	36.1503	36.1601	36.1691	36.1812	36.1751	36.1769	36.1492	36.1404	36.1207	36.1245	36.1036	36.0976	36.0719	36.0715	36.065	36.06	36.035	36.0378	36.0114	36.0048	35.9721	35.9843	35.9736	35.9508	35.9009	35.9232	35.8717	35.9156	35.9214	35.9083	35.899	35.8748	35.8467	35.8221	35.8275	35.8153	35.792	35.7737	35.7463	35.7271	35.748	35.7403	35.7118	35.7138	35.7178	35.7023	35.7015	35.6798	35.6739	35.6685	35.6324	35.615	35.6145	35.5737	35.5944	35.5531	35.5497	35.539	35.54	35.5008	35.4959	35.4907	35.4744	35.469	35.437	35.4293	35.4152	35.4098	35.4055	35.4075	35.3734	35.3323	35.3236	35.3737	35.3667	35.3551	35.2718	35.254	35.2797	35.2985	35.2829	35.2388	35.1324	35.0869	35.0707	35.1122	35.1871	35.1454	35.1298	35.0786	34.9586	34.9935	35.0739	35.0309	34.9723	34.8542	34.8208	34.9099	34.9025	34.8346	34.7225	34.7137	34.7953	34.762	34.7276	34.6483	34.5213	34.5657	34.6255	34.4256	34.4461	34.626	34.5587	34.4671	34.3253	34.3656	34.4302	34.3508	34.2297	34.1732	34.0396	34.0852	34.2209	34.1174	34.1194	34.0347	33.9896	34.0291	34.0701	34.021	33.9593	33.9323	33.8671	33.8892	33.9244	33.9235	34.0957	35.4901
Sgr-CJol_070-Ex1-cssl	35.4465	36.171	36.2506	36.2337	36.2812	36.247	36.253	36.2487	36.2798	36.2805	36.2963	36.2716	36.2373	36.2513	36.2567	36.2606	36.2574	36.2582	36.2326	36.2243	36.2073	36.2096	36.1866	36.1776	36.1561	36.1582	36.1475	36.1282	36.118	36.1168	36.0914	36.0839	36.0483	36.063	36.048	36.0273	35.9807	36.0016	35.949	35.9899	35.9893	35.9825	35.9665	35.9607	35.9097	35.8973	35.8959	35.8919	35.874	35.8509	35.8208	35.8147	35.8199	35.8142	35.7754	35.7842	35.7783	35.7712	35.7582	35.7449	35.7329	35.7344	35.7011	35.6851	35.6692	35.6451	35.6531	35.6218	35.61	35.598	35.5994	35.5646	35.5517	35.5493	35.5279	35.5188	35.4963	35.4924	35.473	35.4685	35.4711	35.4542	35.4175	35.3844	35.3656	35.4087	35.4074	35.3716	35.3058	35.2895	35.328	35.3356	35.3191	35.2605	35.1558	35.1191	35.089	35.1228	35.2063	35.1574	35.1321	35.0826	34.9593	35.0033	35.0713	35.025	34.9661	34.8558	34.8127	34.8903	34.9003	34.8297	34.7079	34.7034	34.7928	34.7285	34.7087	34.6292	34.491	34.5395	34.594	34.3885	34.4001	34.5611	34.4984	34.4152	34.2641	34.2647	34.3539	34.2837	34.1694	34.1149	33.9741	34.0047	34.149	34.0497	34.0322	33.964	33.9015	33.913	33.9765	33.9225	33.8584	33.8179	33.75	33.7689	33.7821	33.7994	34.019	35.4838
Sgr-CJol_072-Ex1-cssl	35.8479	36.278	36.3514	36.3254	36.3637	36.3305	36.3305	36.3301	36.3643	36.3637	36.3783	36.3655	36.3274	36.3416	36.3437	36.3536	36.3434	36.3503	36.329	36.3211	36.3017	36.3036	36.2838	36.2808	36.2547	36.2653	36.2523	36.2402	36.2202	36.2307	36.2017	36.2017	36.1642	36.1783	36.1605	36.1435	36.1048	36.1193	36.0774	36.123	36.1173	36.1087	36.0899	36.0857	36.0482	36.04	36.0353	36.0318	36.0136	35.9924	35.9738	35.9643	35.9632	35.9614	35.9392	35.9564	35.945	35.9435	35.9288	35.9306	35.9236	35.9171	35.8862	35.8728	35.8587	35.8382	35.8558	35.8193	35.8227	35.8142	35.8091	35.7787	35.774	35.7695	35.7619	35.7518	35.7401	35.7448	35.7254	35.7195	35.7175	35.7155	35.6909	35.6687	35.6523	35.7022	35.6935	35.6708	35.6164	35.6032	35.636	35.6436	35.6363	35.5895	35.5037	35.4751	35.4636	35.4918	35.5707	35.5286	35.5067	35.4557	35.3719	35.3908	35.4687	35.438	35.3778	35.2872	35.2599	35.3202	35.329	35.2679	35.1644	35.1752	35.2453	35.2005	35.1818	35.1232	34.9827	35.0363	35.0931	34.8962	34.921	35.0686	35.0191	34.9351	34.8451	34.8151	34.9124	34.8251	34.7348	34.6874	34.5626	34.5909	34.7342	34.6551	34.6195	34.5311	34.5187	34.5496	34.5716	34.5369	34.4577	34.422	34.3827	34.3692	34.3892	34.3853	34.4923	35.6239
Sgr-CJol_073-Ex1-cssl	35.0014	35.901	36.0035	36.0167	36.0475	36.0029	36.0023	36.0004	36.037	36.0494	36.0587	36.0362	35.9981	36.0197	36.0166	36.0296	36.0211	36.0289	35.9939	35.9885	35.9603	35.9757	35.947	35.9442	35.9168	35.917	35.9117	35.8935	35.8801	35.8792	35.8473	35.8291	35.7995	35.8214	35.8112	35.7805	35.7232	35.7651	35.7024	35.7555	35.7578	35.7461	35.7199	35.7108	35.6683	35.6454	35.6538	35.6497	35.6304	35.607	35.5819	35.5618	35.5804	35.5734	35.5349	35.5579	35.5399	35.5296	35.5138	35.5237	35.4934	35.4975	35.4491	35.435	35.416	35.3785	35.3998	35.3671	35.3483	35.3488	35.3437	35.3038	35.2796	35.2764	35.2621	35.2573	35.2459	35.2276	35.2075	35.2256	35.2058	35.201	35.1512	35.1401	35.1119	35.1638	35.1539	35.134	35.0596	35.0362	35.0622	35.0837	35.0724	35.0065	34.8777	34.8483	34.8354	34.8635	34.9405	34.8956	34.8889	34.8302	34.7055	34.7371	34.8104	34.7898	34.7126	34.5973	34.5642	34.6377	34.6614	34.5813	34.4609	34.4565	34.5528	34.5122	34.4649	34.3923	34.2546	34.2965	34.3725	34.1544	34.1877	34.3548	34.2831	34.187	34.0565	34.0671	34.1576	34.0747	33.9618	33.9084	33.7699	33.8339	33.9606	33.8569	33.8748	33.7537	33.735	33.7556	33.8267	33.7596	33.6799	33.6416	33.6158	33.6145	33.655	33.6787	33.8996	35.4243
Sgr-CJol_075-Ex1-cssl	35.5657	36.1381	36.2045	36.185	36.222	36.1889	36.1802	36.18	36.22	36.2158	36.2416	36.2187	36.1834	36.1997	36.2036	36.2152	36.2064	36.2082	36.1759	36.1717	36.147	36.1546	36.131	36.1321	36.1045	36.1106	36.103	36.0887	36.0737	36.0795	36.046	36.0396	36.0082	36.015	36.01	35.9893	35.9452	35.9652	35.908	35.9514	35.9564	35.9457	35.9267	35.9363	35.8844	35.8656	35.8769	35.8708	35.8469	35.8156	35.8031	35.7931	35.8008	35.7868	35.7613	35.771	35.774	35.7728	35.76	35.7458	35.7415	35.7368	35.7049	35.6749	35.6751	35.6437	35.6691	35.6247	35.6179	35.6077	35.609	35.5751	35.5714	35.5559	35.5602	35.548	35.5234	35.5202	35.514	35.5105	35.5004	35.5005	35.4632	35.4306	35.4173	35.4606	35.472	35.4447	35.3769	35.3727	35.4073	35.3998	35.4003	35.3442	35.2507	35.1966	35.1986	35.2379	35.3338	35.2705	35.2525	35.1972	35.1113	35.1137	35.2093	35.1826	35.1218	35.0145	34.9975	35.071	35.0551	34.9864	34.891	34.8942	34.9914	34.9315	34.8967	34.8331	34.6987	34.7414	34.8275	34.6241	34.6473	34.8213	34.7458	34.6738	34.5305	34.5512	34.6477	34.5409	34.4559	34.406	34.2894	34.3164	34.4675	34.3569	34.3605	34.2797	34.2269	34.2667	34.2815	34.2653	34.1927	34.1296	34.1247	34.1133	34.1402	34.1124	34.2629	35.5256
Sgr-CJol_076-Ex1-cssl	35.7782	36.2468	36.3036	36.2829	36.3132	36.2802	36.2794	36.2721	36.3074	36.3146	36.3217	36.3061	36.2732	36.289	36.293	36.3008	36.2917	36.2943	36.2657	36.2617	36.2421	36.2495	36.2239	36.2225	36.2005	36.207	36.1987	36.1836	36.1655	36.1801	36.1454	36.1413	36.1014	36.1212	36.1069	36.0867	36.0519	36.0666	36.0181	36.0625	36.0516	36.0486	36.0277	36.0297	35.9838	35.978	35.9785	35.9772	35.9484	35.9315	35.907	35.8983	35.9035	35.9011	35.877	35.885	35.8725	35.8723	35.861	35.8567	35.846	35.8454	35.8051	35.7893	35.7784	35.7532	35.7718	35.7318	35.7351	35.7266	35.716	35.6963	35.6752	35.6797	35.6714	35.6583	35.6471	35.6292	35.6276	35.6287	35.6258	35.6203	35.5863	35.5656	35.5454	35.5934	35.5798	35.5627	35.4964	35.4828	35.5167	35.5223	35.5156	35.4705	35.3719	35.3406	35.3191	35.3693	35.4377	35.3917	35.3764	35.3347	35.241	35.2585	35.3386	35.3017	35.2412	35.1399	35.1098	35.1687	35.1774	35.1216	34.9989	35.0035	35.0836	35.0433	35.0316	34.9522	34.8174	34.8629	34.93	34.7308	34.7583	34.906	34.8524	34.7537	34.6446	34.6389	34.7379	34.6291	34.5539	34.4827	34.3753	34.3951	34.5426	34.443	34.4406	34.3365	34.316	34.3285	34.3671	34.3154	34.2734	34.213	34.196	34.1607	34.1835	34.1833	34.3123	35.5712
Sgr-CJol_078-Ex1-cssl	35.4969	36.1268	36.2103	36.1913	36.2367	36.193	36.1984	36.1938	36.2409	36.2302	36.2583	36.231	36.2024	36.2112	36.2224	36.2258	36.2177	36.2178	36.193	36.184	36.1708	36.1657	36.1459	36.136	36.118	36.1162	36.1104	36.0936	36.083	36.0793	36.0593	36.0408	36.01	36.0157	36.0104	35.9797	35.9407	35.9433	35.9088	35.9466	35.9531	35.9268	35.9159	35.8974	35.8704	35.8373	35.8499	35.8297	35.8224	35.7824	35.7754	35.7496	35.7662	35.7439	35.7326	35.7195	35.7148	35.6957	35.6976	35.6747	35.6665	35.6558	35.6213	35.5939	35.5975	35.5482	35.5703	35.5323	35.5293	35.5084	35.516	35.4839	35.4643	35.4484	35.4441	35.427	35.4163	35.3806	35.3824	35.3686	35.3578	35.3499	35.3154	35.2711	35.2685	35.3106	35.3079	35.2675	35.219	35.1828	35.227	35.2262	35.2286	35.162	35.072	35.0162	34.9979	35.0331	35.1172	35.0829	35.0629	35.0057	34.9111	34.916	34.9983	34.9515	34.9048	34.7985	34.7526	34.8294	34.8395	34.7598	34.6441	34.6265	34.7219	34.6729	34.6578	34.5742	34.4372	34.4646	34.5417	34.3354	34.3518	34.5351	34.4541	34.3912	34.2405	34.257	34.3309	34.2722	34.1667	34.1141	33.9677	34.008	34.1367	34.038	34.0417	33.9521	33.9107	33.9455	33.9697	33.951	33.9042	33.8329	33.8127	33.802	33.819	33.8578	34.0165	35.483
Sgr-CJol_079-Ex1-cssl	35.7465	36.1939	36.2792	36.2498	36.2928	36.2505	36.2443	36.2387	36.2832	36.2914	36.3119	36.2947	36.2523	36.2725	36.2794	36.288	36.2761	36.2806	36.2577	36.2449	36.2332	36.2365	36.2116	36.203	36.1828	36.1875	36.1805	36.1668	36.1448	36.1561	36.1278	36.1282	36.0918	36.1083	36.0909	36.0779	36.0417	36.0544	36.0059	36.0539	36.0494	36.0413	36.0328	36.0256	35.994	35.9783	35.9812	35.9638	35.9437	35.9209	35.8974	35.8913	35.9029	35.9009	35.8757	35.8812	35.8806	35.8731	35.8595	35.8627	35.8529	35.8348	35.8061	35.7948	35.7935	35.76	35.7763	35.7382	35.7402	35.7177	35.734	35.7033	35.6954	35.6913	35.6908	35.68	35.665	35.6547	35.6599	35.6563	35.6494	35.6393	35.6121	35.5913	35.5747	35.6263	35.6238	35.602	35.5587	35.5224	35.5665	35.571	35.5921	35.5282	35.4459	35.4039	35.3986	35.432	35.5201	35.4661	35.46	35.4196	35.3279	35.3445	35.437	35.3974	35.3511	35.2477	35.2376	35.28	35.3063	35.2417	35.1446	35.1522	35.2373	35.17	35.1744	35.0934	34.9808	35.0159	35.09	34.9081	34.9484	35.086	35.0253	34.9633	34.8419	34.8358	34.932	34.8508	34.7719	34.7131	34.5968	34.6202	34.7838	34.6932	34.6756	34.598	34.5644	34.5892	34.6197	34.5813	34.5332	34.4816	34.4325	34.4272	34.4309	34.4138	34.5374	35.6257
Sgr-CJol_080-Ex1-cssl	35.3328	36.0228	36.1071	36.0892	36.1293	36.0822	36.0841	36.0843	36.1281	36.13	36.1484	36.1149	36.0802	36.0917	36.1046	36.1126	36.1049	36.1125	36.0814	36.0688	36.0465	36.0506	36.0254	36.0242	35.9969	35.9988	35.9887	35.9736	35.9603	35.9594	35.9325	35.921	35.8831	35.9083	35.8879	35.8717	35.8151	35.8362	35.7884	35.84	35.8337	35.8236	35.8045	35.7982	35.7488	35.7308	35.7331	35.7362	35.7109	35.6845	35.6561	35.6495	35.6548	35.6525	35.609	35.6256	35.62	35.6134	35.5969	35.5965	35.5697	35.5717	35.5323	35.5065	35.4998	35.472	35.4879	35.4592	35.4435	35.4434	35.4335	35.3987	35.3909	35.3905	35.3727	35.3677	35.3504	35.3379	35.3245	35.3336	35.3157	35.3218	35.2747	35.2349	35.229	35.2868	35.2649	35.2554	35.1827	35.1769	35.1926	35.2088	35.1899	35.1366	35.0308	35.001	34.9781	35.0225	35.1019	35.0633	35.0295	34.9856	34.8766	34.9101	35.0004	34.9564	34.8867	34.7796	34.7416	34.8232	34.823	34.7664	34.6263	34.6406	34.7244	34.6727	34.6499	34.5782	34.4405	34.4766	34.5487	34.3498	34.3727	34.5476	34.4555	34.3749	34.246	34.2527	34.3577	34.2718	34.1576	34.1077	33.9704	33.9976	34.154	34.0369	34.0443	33.9585	33.9288	33.951	33.9692	33.9567	33.8801	33.8521	33.8281	33.7846	33.8247	33.8417	34.0278	35.4875
Sgr-CJol_081-Ex1-cssl	35.7691	36.2697	36.3257	36.3024	36.3352	36.3053	36.3097	36.3049	36.3423	36.3402	36.3565	36.3362	36.297	36.3115	36.3175	36.3277	36.3106	36.3174	36.2929	36.2866	36.2637	36.2667	36.2509	36.2527	36.2218	36.2306	36.2181	36.2061	36.1899	36.1979	36.1624	36.1595	36.1154	36.1441	36.1274	36.1178	36.0591	36.0846	36.0331	36.0804	36.0771	36.0695	36.052	36.0461	36.0063	35.99	35.9853	35.9868	35.9578	35.9435	35.9028	35.9041	35.9078	35.9021	35.8742	35.8831	35.8686	35.8676	35.8586	35.845	35.8425	35.83	35.7969	35.7901	35.7668	35.7512	35.7584	35.7194	35.7181	35.7036	35.6952	35.6638	35.6519	35.6473	35.6353	35.6367	35.6109	35.6013	35.5852	35.5901	35.571	35.5731	35.5262	35.5099	35.4935	35.5321	35.5208	35.5046	35.4314	35.4165	35.4401	35.4565	35.4437	35.407	35.297	35.2725	35.2417	35.2932	35.3428	35.3151	35.2798	35.2532	35.1429	35.168	35.2433	35.2122	35.1494	35.0421	35.0141	35.074	35.0943	35.0135	34.9166	34.9001	34.9808	34.9428	34.9163	34.8443	34.7309	34.7416	34.7901	34.6213	34.6584	34.7911	34.726	34.6371	34.5196	34.5053	34.6066	34.5181	34.4348	34.3479	34.2765	34.2548	34.4104	34.3102	34.3171	34.1911	34.1964	34.1987	34.2439	34.1859	34.1358	34.0528	34.0597	34.0355	34.0718	34.0862	34.2436	35.5569
Sgr-CJol_082-Ex1-cssl	35.6756	36.1428	36.2264	36.2011	36.2469	36.1894	36.1969	36.1882	36.2314	36.2218	36.2618	36.2436	36.2091	36.2128	36.2172	36.2223	36.2208	36.2245	36.2013	36.1911	36.1783	36.1926	36.153	36.1477	36.1328	36.1214	36.1245	36.1031	36.1008	36.0898	36.0627	36.0583	36.0411	36.0375	36.0284	36.0011	35.9678	35.9688	35.9362	35.9682	36.0057	35.9716	35.9648	35.9389	35.9116	35.8912	35.8933	35.8839	35.8706	35.8391	35.8089	35.7986	35.8158	35.7943	35.7731	35.7821	35.7782	35.7692	35.7592	35.7557	35.7419	35.7229	35.7017	35.6682	35.6651	35.6423	35.6504	35.6145	35.6072	35.6011	35.5986	35.5637	35.5505	35.5701	35.5506	35.5375	35.5256	35.4948	35.5156	35.4913	35.4839	35.4895	35.4458	35.4181	35.4099	35.457	35.4453	35.4318	35.3636	35.356	35.3865	35.3844	35.3834	35.3233	35.2302	35.2048	35.1748	35.2277	35.3041	35.2612	35.2399	35.1862	35.1001	35.1202	35.1988	35.1595	35.1399	35.0007	34.9828	35.0625	35.0853	34.9801	34.8796	34.8822	34.9823	34.9291	34.8975	34.8293	34.6803	34.7438	34.782	34.6129	34.6367	34.8193	34.7306	34.6732	34.5563	34.534	34.6063	34.5358	34.4347	34.3708	34.2753	34.2977	34.4214	34.3565	34.3384	34.2248	34.2	34.2045	34.2368	34.2228	34.1509	34.1124	34.0728	34.0432	34.0617	34.0618	34.2335	35.5364
Sgr-CJol_084-Ex1-cssl	35.5667	36.1663	36.2384	36.2176	36.2515	36.2074	36.2087	36.2102	36.2395	36.2413	36.2564	36.239	36.2067	36.2169	36.2268	36.2335	36.2196	36.2296	36.1961	36.1912	36.1762	36.1777	36.1578	36.1531	36.1335	36.1349	36.1205	36.1112	36.0959	36.1038	36.064	36.0607	36.0299	36.0404	36.029	36.0092	35.967	35.9824	35.9315	35.9753	35.9694	35.961	35.9433	35.9348	35.8979	35.8833	35.883	35.8746	35.8495	35.8271	35.8019	35.7971	35.7929	35.7938	35.7624	35.7766	35.7806	35.7688	35.7483	35.7328	35.7266	35.7247	35.6962	35.6725	35.6594	35.6287	35.6472	35.6146	35.6082	35.595	35.5842	35.5538	35.5474	35.5359	35.5263	35.5113	35.5097	35.4859	35.4905	35.4804	35.4621	35.4747	35.4284	35.4113	35.384	35.4362	35.429	35.3991	35.3408	35.3084	35.3479	35.3573	35.3464	35.2968	35.2037	35.16	35.1466	35.1811	35.2353	35.206	35.1964	35.1365	35.0465	35.0591	35.1519	35.1009	35.0605	34.9394	34.9094	34.9854	34.9905	34.9208	34.8164	34.8098	34.8988	34.8495	34.8122	34.7382	34.6157	34.6454	34.7354	34.5262	34.5693	34.7015	34.6639	34.5763	34.4477	34.4415	34.5297	34.4439	34.3506	34.29	34.1682	34.2048	34.3594	34.2432	34.2599	34.1505	34.1182	34.1352	34.2046	34.1458	34.0873	34.0439	33.9994	33.9736	34.0117	34.0267	34.1928	35.526
Sgr-CJol_085-Ex1-cssl	35.6207	36.1636	36.2433	36.2122	36.2502	36.2117	36.2155	36.2078	36.2491	36.2532	36.2703	36.2486	36.2115	36.2204	36.2324	36.2447	36.2307	36.2372	36.2142	36.1932	36.18	36.1835	36.1642	36.1542	36.1364	36.1302	36.1269	36.1127	36.1012	36.1041	36.0699	36.0664	36.0391	36.0492	36.0383	36.0137	35.9758	35.9864	35.9527	35.9918	35.99	35.9696	35.962	35.9536	35.9142	35.8937	35.8889	35.88	35.8629	35.8403	35.8174	35.8037	35.8159	35.8007	35.7843	35.78	35.7843	35.7687	35.7625	35.7473	35.7522	35.7354	35.7041	35.6799	35.6799	35.6378	35.6575	35.6139	35.6193	35.6057	35.6152	35.5804	35.5635	35.547	35.5443	35.5344	35.5264	35.501	35.4869	35.4972	35.4817	35.4833	35.445	35.4257	35.403	35.46	35.4462	35.4279	35.3627	35.3335	35.3645	35.378	35.3791	35.315	35.2106	35.1755	35.1562	35.1991	35.263	35.2134	35.1989	35.1656	35.0479	35.1006	35.1535	35.1193	35.0614	34.9526	34.9154	35.0036	34.9999	34.9315	34.8191	34.8045	34.9008	34.8472	34.8374	34.747	34.6222	34.6534	34.7252	34.5449	34.5365	34.7339	34.6454	34.571	34.4283	34.4639	34.5253	34.4418	34.3417	34.2957	34.1828	34.2051	34.3417	34.2679	34.2289	34.1655	34.0763	34.1206	34.1677	34.1191	34.0771	34.0355	33.9723	33.9427	33.9992	34.0207	34.1941	35.5319
Sgr-CJol_086-Ex1-cssl	35.3785	36.1092	36.187	36.1771	36.2211	36.1852	36.189	36.1912	36.2239	36.2242	36.2423	36.2167	36.1823	36.1993	36.2025	36.2141	36.2043	36.2059	36.1827	36.1712	36.1526	36.157	36.1351	36.1327	36.1083	36.1077	36.1037	36.0894	36.0746	36.0834	36.0446	36.0404	36.0071	36.0256	36.0092	35.9912	35.944	35.9606	35.9062	35.9593	35.9601	35.9546	35.9326	35.9302	35.8867	35.87	35.8705	35.8656	35.8508	35.8297	35.8019	35.7923	35.7986	35.7923	35.7714	35.7755	35.7622	35.7645	35.7497	35.7469	35.7364	35.734	35.7013	35.68	35.6722	35.6401	35.6631	35.6256	35.6194	35.616	35.6113	35.5783	35.565	35.5602	35.5576	35.5452	35.5326	35.5172	35.508	35.5062	35.5014	35.4966	35.4692	35.4411	35.4187	35.4647	35.4582	35.4403	35.3873	35.3502	35.3896	35.4008	35.392	35.3322	35.2359	35.2033	35.1835	35.2266	35.311	35.2595	35.2514	35.1911	35.093	35.1045	35.2009	35.1586	35.1111	35.0005	34.9648	35.0319	35.0547	34.9719	34.8706	34.875	34.9706	34.9077	34.897	34.8106	34.6833	34.7116	34.7952	34.5676	34.6177	34.7849	34.7001	34.6257	34.5089	34.4963	34.6059	34.5122	34.4156	34.3591	34.2496	34.2775	34.4002	34.3331	34.3024	34.2099	34.1795	34.208	34.2535	34.2203	34.1589	34.102	34.0871	34.0457	34.0678	34.0639	34.211	35.5175
Sgr-CJol_087-Ex1-cssl	35.8297	36.2461	36.3292	36.2966	36.3484	36.3043	36.3095	36.2994	36.3386	36.3404	36.3613	36.3402	36.3104	36.3148	36.3198	36.3197	36.3212	36.3237	36.2995	36.2909	36.2708	36.276	36.2539	36.2461	36.2217	36.2218	36.2167	36.2005	36.186	36.1845	36.1538	36.1461	36.1113	36.1273	36.1161	36.0886	36.0543	36.0681	36.0181	36.0522	36.0509	36.0329	36.0243	36.0123	35.9757	35.9558	35.9482	35.9442	35.9195	35.8952	35.8683	35.8524	35.8594	35.8443	35.8241	35.831	35.8254	35.8026	35.7982	35.7811	35.7689	35.7557	35.7259	35.6956	35.6897	35.6581	35.6718	35.6327	35.6298	35.6119	35.6016	35.5659	35.5606	35.5476	35.5377	35.5142	35.5012	35.4767	35.4687	35.4707	35.4475	35.4426	35.3955	35.3797	35.3527	35.4049	35.3858	35.3658	35.293	35.2843	35.3007	35.3137	35.3007	35.2465	35.1404	35.1168	35.0758	35.126	35.1949	35.1592	35.1306	35.0833	34.9561	35.0092	35.0664	35.0308	34.9589	34.8699	34.809	34.8953	34.8872	34.8356	34.7145	34.7283	34.7696	34.7483	34.7144	34.6359	34.5165	34.5528	34.5821	34.4193	34.4048	34.5842	34.4862	34.4285	34.2798	34.3157	34.3562	34.2777	34.1865	34.1412	34.0069	34.0416	34.136	34.0787	34.0673	34.002	33.9345	33.944	33.9589	33.9576	33.867	33.8425	33.7935	33.8106	33.8268	33.8778	34.0912	35.5232
Sgr-CJol_088-Ex1-cssl	35.5597	36.2092	36.2826	36.2746	36.3124	36.2787	36.2768	36.2773	36.3093	36.3099	36.3232	36.3074	36.2744	36.2826	36.2867	36.2971	36.2864	36.2897	36.263	36.2575	36.2418	36.2424	36.2244	36.2204	36.1955	36.1935	36.1937	36.1794	36.1613	36.171	36.1376	36.1319	36.1006	36.1173	36.102	36.0787	36.0467	36.0649	36.0149	36.0561	36.0507	36.0452	36.0317	36.0204	35.9797	35.9639	35.9621	35.9625	35.9403	35.9214	35.895	35.8912	35.8965	35.8964	35.8622	35.8709	35.8674	35.8621	35.8474	35.8497	35.8291	35.8334	35.7987	35.7878	35.7715	35.7524	35.7581	35.7295	35.7235	35.7136	35.7098	35.6798	35.6687	35.6591	35.6488	35.6458	35.6225	35.6101	35.6064	35.6049	35.6001	35.5914	35.5553	35.537	35.5128	35.5634	35.5543	35.5327	35.4731	35.4581	35.4921	35.4989	35.4833	35.4395	35.3419	35.3059	35.2836	35.3206	35.4011	35.3641	35.3466	35.293	35.1962	35.2118	35.29	35.245	35.2009	35.0917	35.057	35.1219	35.1319	35.0722	34.9638	34.9567	35.0476	34.9967	34.9785	34.8974	34.7772	34.805	34.8733	34.6785	34.7119	34.8595	34.8074	34.7103	34.6123	34.591	34.7042	34.5962	34.5143	34.4436	34.34	34.3479	34.5013	34.4103	34.402	34.2967	34.2543	34.2842	34.3313	34.2816	34.2196	34.1558	34.1342	34.0988	34.1489	34.1453	34.2909	35.5489
Sgr-CJol_089-Ex1-cssl	35.559	36.1344	36.2006	36.1792	36.2286	36.1891	36.1843	36.1834	36.2216	36.2145	36.2415	36.2264	36.1819	36.1966	36.2062	36.208	36.2067	36.2063	36.1831	36.1727	36.1545	36.1648	36.1407	36.1343	36.108	36.1134	36.1052	36.0867	36.0697	36.0776	36.0438	36.0434	36.0089	36.024	36.0076	35.9849	35.9413	35.9594	35.9146	35.9512	35.9578	35.9461	35.9304	35.9212	35.8847	35.8611	35.8615	35.86	35.844	35.8071	35.7835	35.7727	35.7858	35.7716	35.7444	35.7517	35.7431	35.7446	35.7318	35.7183	35.7054	35.703	35.6741	35.6451	35.6416	35.6192	35.6234	35.5869	35.5881	35.5664	35.5677	35.5481	35.5251	35.5181	35.5073	35.5048	35.4848	35.4736	35.458	35.457	35.44	35.4358	35.3962	35.3783	35.3511	35.4053	35.3941	35.3692	35.3029	35.2834	35.319	35.3328	35.3193	35.2782	35.1547	35.1327	35.1025	35.1506	35.2275	35.1965	35.1613	35.1126	34.9896	35.033	35.1051	35.064	35.007	34.9028	34.8574	34.9283	34.9372	34.8727	34.7507	34.7606	34.8466	34.8079	34.7792	34.7123	34.5603	34.6119	34.67	34.456	34.4777	34.6575	34.5885	34.5051	34.3623	34.3848	34.4548	34.3804	34.2561	34.2533	34.0846	34.1269	34.2577	34.1837	34.1673	34.0606	34.0308	34.057	34.0839	34.0781	33.9954	33.9755	33.8941	33.8891	33.9376	33.9627	34.1157	35.5219
Sgr-CJol_090-Ex1-cssl	35.5154	36.1397	36.2058	36.1854	36.2232	36.1837	36.1817	36.1867	36.2229	36.2216	36.2385	36.221	36.1873	36.1909	36.2046	36.2099	36.2027	36.2003	36.1837	36.167	36.1553	36.1529	36.1345	36.1285	36.1042	36.105	36.1034	36.0895	36.0735	36.0745	36.0391	36.0226	35.9936	36.0134	36.0036	35.9728	35.9341	35.9455	35.8964	35.946	35.9403	35.9337	35.9148	35.9082	35.8687	35.8555	35.8423	35.8418	35.8159	35.7879	35.7702	35.7567	35.7599	35.7587	35.7219	35.733	35.7264	35.7238	35.7079	35.7027	35.686	35.6813	35.646	35.6302	35.6213	35.5922	35.6026	35.5614	35.5542	35.5478	35.5401	35.5054	35.4996	35.4981	35.4936	35.4783	35.4591	35.4434	35.4301	35.4291	35.4244	35.4158	35.3807	35.3513	35.3283	35.3691	35.3555	35.3438	35.278	35.2495	35.2944	35.2832	35.2891	35.2119	35.1222	35.0788	35.0686	35.0993	35.1842	35.131	35.1214	35.0776	34.9658	34.9768	35.0717	35.0331	34.9653	34.8716	34.8164	34.9023	34.9011	34.8423	34.7315	34.7129	34.8071	34.7524	34.7374	34.6468	34.5164	34.5574	34.6349	34.4307	34.4495	34.6157	34.5499	34.452	34.337	34.3321	34.4422	34.336	34.2527	34.1827	34.043	34.0771	34.229	34.1315	34.1518	34.0254	33.9783	34.0058	34.0721	34.0232	33.948	33.9181	33.8789	33.8496	33.8971	33.8892	34.1021	35.4908
Sgr-CJol_091-Ex1-cssl	35.5847	36.1656	36.2288	36.2165	36.2558	36.2164	36.2098	36.21	36.2393	36.2451	36.2632	36.2472	36.2127	36.2279	36.2317	36.236	36.2297	36.2338	36.2077	36.1973	36.184	36.1874	36.1638	36.159	36.1321	36.1389	36.1294	36.1127	36.0987	36.1042	36.0741	36.0698	36.0298	36.0496	36.0379	36.0134	35.9704	35.99	35.9402	35.9911	35.9909	35.9815	35.9645	35.9525	35.9126	35.8967	35.8954	35.8967	35.8686	35.8488	35.824	35.8146	35.8222	35.8146	35.7826	35.7925	35.7808	35.7762	35.7614	35.7628	35.7475	35.7471	35.7145	35.6973	35.6817	35.6529	35.6633	35.6311	35.6151	35.6097	35.6105	35.5767	35.5683	35.5658	35.5515	35.5445	35.5267	35.5171	35.4903	35.4907	35.4828	35.4825	35.4442	35.4168	35.3894	35.4479	35.4318	35.4147	35.341	35.3291	35.3577	35.3637	35.3552	35.3006	35.2066	35.1697	35.1396	35.1845	35.2505	35.2067	35.1942	35.1491	35.0387	35.0643	35.131	35.1022	35.0338	34.9321	34.8909	34.9596	34.9606	34.897	34.7878	34.7912	34.8723	34.8201	34.7936	34.722	34.5783	34.6187	34.694	34.5016	34.5071	34.6719	34.5961	34.5261	34.3746	34.3866	34.4806	34.3858	34.2746	34.224	34.0802	34.1204	34.2596	34.1589	34.1499	34.0415	34.0277	34.0513	34.0742	34.0478	33.9832	33.9097	33.8839	33.8757	33.9201	33.9273	34.105	35.5038
Sgr-CJol_092-Ex1-cssl	35.6396	36.145	36.2269	36.2089	36.2624	36.2218	36.2212	36.2141	36.2598	36.2588	36.2835	36.2604	36.2271	36.2394	36.2452	36.253	36.2456	36.2477	36.2248	36.2186	36.2001	36.1998	36.181	36.1732	36.1529	36.1526	36.1449	36.1245	36.1208	36.1265	36.0907	36.0881	36.0524	36.0644	36.0494	36.0277	35.9926	36.0077	35.9585	36.0097	36.0013	35.988	35.9727	35.9651	35.9298	35.9138	35.9099	35.896	35.8798	35.8592	35.8429	35.8255	35.8401	35.8256	35.7987	35.8026	35.8067	35.7903	35.7909	35.7739	35.7743	35.765	35.7256	35.706	35.6996	35.6686	35.6812	35.6458	35.6406	35.6282	35.638	35.5973	35.5873	35.5781	35.5798	35.5598	35.5461	35.5241	35.5189	35.5167	35.5144	35.5095	35.4584	35.4361	35.4164	35.4663	35.4592	35.434	35.3713	35.3627	35.3812	35.3957	35.3893	35.3349	35.2329	35.1862	35.1725	35.2117	35.2893	35.2458	35.2231	35.1914	35.0763	35.102	35.1834	35.1356	35.0845	34.9661	34.9351	34.9987	35.0187	34.9546	34.8261	34.8316	34.9217	34.8554	34.8485	34.7747	34.6337	34.6777	34.7367	34.5351	34.5494	34.7172	34.649	34.5595	34.4345	34.442	34.5116	34.4411	34.3454	34.2758	34.1464	34.1829	34.3276	34.233	34.2038	34.1369	34.0933	34.1054	34.1384	34.1249	34.0484	34.0145	33.9869	33.9568	33.9935	34.0064	34.1817	35.5374
Sgr-CJol_093-Ex1-cssl	35.4431	36.1215	36.1893	36.1747	36.2209	36.1848	36.1854	36.1878	36.2162	36.2155	36.2388	36.2202	36.1781	36.1994	36.2016	36.2044	36.1971	36.2079	36.1763	36.1665	36.1494	36.1533	36.1288	36.1228	36.0972	36.0994	36.0852	36.0788	36.0627	36.0705	36.0341	36.0377	35.9946	36.0108	35.9912	35.9735	35.9247	35.9481	35.8953	35.9364	35.9385	35.9272	35.9096	35.9028	35.8655	35.8504	35.842	35.8439	35.8178	35.7897	35.7688	35.7693	35.7728	35.7625	35.7321	35.7371	35.7289	35.7266	35.7093	35.7053	35.6832	35.6878	35.6536	35.636	35.6208	35.594	35.6042	35.5678	35.566	35.5608	35.5554	35.5148	35.5063	35.4992	35.495	35.4644	35.4612	35.4445	35.4301	35.425	35.425	35.4184	35.3833	35.348	35.3266	35.3781	35.3759	35.3409	35.2842	35.2534	35.3024	35.3038	35.2981	35.2392	35.1378	35.0854	35.0636	35.1033	35.202	35.1491	35.124	35.0791	34.9677	34.9839	35.0742	35.0266	34.9755	34.8581	34.8207	34.9014	34.9106	34.8507	34.7249	34.7233	34.8219	34.7601	34.7379	34.6332	34.5281	34.5733	34.6366	34.4377	34.4463	34.6284	34.5557	34.4617	34.3152	34.3267	34.4221	34.3358	34.2328	34.1832	34.0231	34.0651	34.2157	34.1166	34.1333	34.025	33.9767	34.0341	34.0488	34.0218	33.9475	33.8938	33.8714	33.877	33.878	33.8846	34.0836	35.4921
Sgr-CJol_094-Ex1-cssl	35.3503	36.1094	36.1992	36.1947	36.2344	36.1958	36.2012	36.1946	36.2309	36.2325	36.2433	36.2314	36.1934	36.2008	36.2083	36.2203	36.2109	36.2139	36.1849	36.1796	36.1618	36.1589	36.1449	36.131	36.108	36.1175	36.1073	36.0918	36.0794	36.0813	36.0511	36.0446	36.0073	36.0271	36.0133	35.9958	35.9512	35.9636	35.9105	35.957	35.9549	35.9488	35.9267	35.9227	35.8727	35.8614	35.8578	35.8558	35.8386	35.8106	35.7892	35.7841	35.7904	35.7824	35.737	35.7609	35.7526	35.7497	35.7336	35.7305	35.7054	35.7144	35.6733	35.6599	35.6404	35.6227	35.6213	35.6023	35.5867	35.5851	35.572	35.539	35.5256	35.5143	35.5036	35.4921	35.4692	35.4624	35.442	35.4612	35.43	35.4354	35.3778	35.3565	35.3323	35.3872	35.3766	35.3488	35.2714	35.2469	35.2727	35.2932	35.2637	35.2113	35.0914	35.0653	35.028	35.0829	35.1428	35.1052	35.0847	35.0282	34.9059	34.9253	35.0124	34.9573	34.8908	34.7841	34.7307	34.8186	34.8099	34.7495	34.6193	34.6063	34.6913	34.6468	34.5996	34.5348	34.3901	34.4299	34.4797	34.2952	34.318	34.4731	34.4037	34.3202	34.1689	34.1757	34.2554	34.1736	34.0474	33.9991	33.8567	33.9015	34.0276	33.9434	33.9188	33.8065	33.7764	33.8178	33.8333	33.8135	33.7327	33.6716	33.6367	33.6559	33.6591	33.6975	33.9132	35.4516
Sgr-CJol_096-Ex1-cssl	35.243	36.0495	36.174	36.1685	36.2112	36.1755	36.1699	36.1686	36.2007	36.2105	36.2227	36.1973	36.1603	36.1773	36.1853	36.1948	36.185	36.1881	36.1589	36.1507	36.1374	36.1384	36.1105	36.108	36.0857	36.092	36.0812	36.0641	36.0537	36.0536	36.0279	36.0222	35.9851	36.006	35.9882	35.9657	35.925	35.9416	35.8867	35.9387	35.9396	35.9347	35.9153	35.9	35.8604	35.847	35.844	35.8417	35.8176	35.8025	35.7781	35.7665	35.7739	35.7668	35.7343	35.7417	35.7395	35.7311	35.7167	35.7147	35.6953	35.6967	35.6564	35.6413	35.6318	35.5996	35.6124	35.5812	35.5736	35.5609	35.5619	35.5325	35.517	35.5104	35.5016	35.4915	35.4739	35.453	35.4439	35.4485	35.4339	35.4402	35.389	35.3678	35.3463	35.3944	35.387	35.357	35.2926	35.2631	35.3121	35.3024	35.2989	35.24	35.1315	35.0908	35.0785	35.116	35.1923	35.1468	35.1236	35.0844	34.9597	35.002	35.0693	35.0271	34.9632	34.8488	34.8282	34.8864	34.9046	34.826	34.6993	34.7048	34.7901	34.7352	34.7329	34.6422	34.4958	34.5352	34.6131	34.411	34.4224	34.5826	34.5252	34.4461	34.3112	34.3133	34.405	34.2998	34.2049	34.1356	34.0178	34.0436	34.1876	34.107	34.074	33.9952	33.9596	33.977	34.0188	33.9589	33.8976	33.8415	33.8254	33.8153	33.819	33.8409	34.0495	35.4694
Sgr-CMas_001-Ex1-cssl	35.3178	36.0181	36.1125	36.1312	36.1843	36.146	36.1464	36.1385	36.1818	36.1856	36.1977	36.1743	36.1337	36.1573	36.1626	36.1755	36.1641	36.1719	36.1363	36.1342	36.1136	36.1199	36.0906	36.0867	36.0587	36.0602	36.0576	36.0467	36.0266	36.0359	36.0016	36.0002	35.9625	35.9816	35.9596	35.9411	35.8912	35.9214	35.8597	35.9167	35.9192	35.9084	35.8864	35.883	35.831	35.8181	35.8152	35.8201	35.7952	35.7778	35.7496	35.7431	35.7513	35.7493	35.717	35.7263	35.7189	35.7159	35.6973	35.6924	35.6807	35.6838	35.6442	35.6268	35.6187	35.5889	35.6064	35.572	35.5677	35.5583	35.5532	35.5194	35.5115	35.5062	35.4965	35.4849	35.4643	35.4542	35.4432	35.444	35.4376	35.4372	35.3966	35.3726	35.3592	35.4094	35.3995	35.3723	35.3039	35.2834	35.3247	35.3349	35.3258	35.2679	35.1607	35.1193	35.1061	35.1437	35.2316	35.1773	35.1676	35.1122	35.0026	35.0182	35.1172	35.0749	35.0249	34.8994	34.8731	34.9437	34.9578	34.8843	34.7621	34.7641	34.8586	34.8022	34.7951	34.7165	34.5663	34.6076	34.6842	34.4709	34.4996	34.6808	34.6076	34.5216	34.3887	34.3913	34.4931	34.3955	34.2953	34.238	34.1074	34.136	34.3045	34.1989	34.1958	34.0938	34.0554	34.0821	34.1235	34.0852	34.0282	33.9731	33.9391	33.9162	33.9421	33.9497	34.0999	35.4875
Sgr-CMas_002-Ex1-cssl	35.3078	36.0689	36.1413	36.1249	36.1633	36.1267	36.1218	36.1216	36.1595	36.1589	36.1732	36.1555	36.1187	36.1292	36.1386	36.1455	36.1369	36.1353	36.1125	36.0987	36.0782	36.0835	36.0575	36.0536	36.0287	36.0289	36.0209	36.0081	35.9867	35.9998	35.9629	35.953	35.9197	35.9337	35.9175	35.8957	35.8396	35.8623	35.8077	35.8522	35.8573	35.8465	35.8262	35.8139	35.7731	35.7596	35.7529	35.7547	35.7299	35.7034	35.6781	35.6719	35.6763	35.6709	35.6389	35.6364	35.6367	35.6275	35.6191	35.6081	35.6001	35.589	35.5564	35.5345	35.5232	35.5001	35.5039	35.4744	35.4661	35.4523	35.4469	35.4122	35.3976	35.4055	35.3931	35.3779	35.351	35.3455	35.3226	35.327	35.3202	35.3176	35.2684	35.2471	35.2281	35.2664	35.2587	35.2418	35.1674	35.1488	35.1787	35.1888	35.1803	35.1233	35.0157	34.9796	34.9467	34.9965	35.0793	35.0228	35.0067	34.9604	34.8473	34.8794	34.9629	34.9233	34.8613	34.7392	34.6938	34.7873	34.7743	34.7091	34.5892	34.5958	34.6848	34.6334	34.6278	34.5482	34.4108	34.4368	34.5218	34.2927	34.3286	34.4932	34.4231	34.3612	34.2179	34.2132	34.3213	34.2537	34.1175	34.0799	33.9417	33.9672	34.119	34.0253	34.0139	33.9141	33.8855	33.9044	33.9571	33.9254	33.856	33.7864	33.7425	33.7477	33.7883	33.7864	33.9902	35.4519
Sgr-CMas_003-Ex1-cssl	35.512	36.0768	36.1729	36.162	36.1965	36.1624	36.1666	36.1655	36.1965	36.1935	36.2154	36.1975	36.1577	36.1783	36.1776	36.1815	36.1777	36.1779	36.1472	36.1437	36.1194	36.1334	36.1021	36.1025	36.067	36.0715	36.0614	36.0538	36.0301	36.0374	36.0075	36.0017	35.9679	35.976	35.9644	35.9445	35.8986	35.9153	35.8588	35.908	35.9106	35.8978	35.8819	35.8727	35.8254	35.8097	35.8014	35.8014	35.7805	35.7557	35.7354	35.7149	35.7266	35.7187	35.6804	35.6886	35.6879	35.678	35.6724	35.6601	35.6435	35.6421	35.603	35.5762	35.5748	35.5342	35.5641	35.5145	35.5083	35.4922	35.4929	35.4553	35.4454	35.4322	35.4275	35.4122	35.3912	35.3894	35.3712	35.3712	35.3589	35.3519	35.3153	35.3003	35.276	35.3295	35.314	35.2945	35.2194	35.2101	35.2421	35.2353	35.2309	35.1798	35.0703	35.0283	35.0128	35.0512	35.1386	35.0769	35.0636	35.0231	34.9193	34.9325	35.027	34.9897	34.9242	34.8044	34.7709	34.8541	34.8563	34.7751	34.6599	34.6639	34.7514	34.7003	34.6779	34.5966	34.4615	34.5072	34.5763	34.3598	34.4029	34.5631	34.5028	34.4047	34.2822	34.2872	34.3644	34.3001	34.1877	34.1378	34.0152	34.0377	34.2072	34.0865	34.098	33.9974	33.9667	33.9829	34.0399	33.9967	33.933	33.8897	33.8501	33.8416	33.8991	33.8874	34.0814	35.4849
Sgr-CMas_004-Ex1-cssl	35.6222	36.0496	36.1677	36.1477	36.1925	36.1511	36.1544	36.1539	36.1879	36.1911	36.2122	36.1953	36.1566	36.1751	36.1778	36.1862	36.1775	36.1769	36.1533	36.1392	36.1256	36.1247	36.106	36.0971	36.0734	36.0771	36.0664	36.0461	36.0406	36.0426	36.0122	35.9971	35.9598	35.9867	35.9711	35.9457	35.9006	35.9196	35.8703	35.9163	35.9119	35.9087	35.8891	35.8816	35.8375	35.8164	35.8196	35.8057	35.7926	35.7585	35.7418	35.7242	35.7418	35.7237	35.6972	35.6937	35.6923	35.6856	35.6742	35.6672	35.6585	35.6379	35.6068	35.5823	35.5813	35.5451	35.5651	35.521	35.5198	35.5155	35.5006	35.4642	35.4545	35.4477	35.4396	35.4226	35.4134	35.4012	35.3807	35.3768	35.3628	35.3615	35.3246	35.2963	35.2704	35.3255	35.3201	35.2881	35.2183	35.1967	35.241	35.2478	35.2433	35.1884	35.0852	35.0351	35.0267	35.0666	35.1461	35.0969	35.0787	35.0235	34.9172	34.9445	35.0285	34.9889	34.9245	34.82	34.7817	34.8537	34.8551	34.7951	34.674	34.6692	34.7599	34.702	34.6795	34.6014	34.4688	34.5091	34.5787	34.3836	34.4091	34.562	34.5072	34.4206	34.2906	34.2906	34.3879	34.2929	34.2029	34.138	34.0139	34.0505	34.195	34.1004	34.0857	33.9893	33.9655	33.9809	34.0254	33.9915	33.9458	33.8853	33.8596	33.8296	33.8681	33.8965	34.0645	35.5026
Sgr-CMas_005-Ex1-cssl	35.4919	36.1135	36.1745	36.1549	36.202	36.1554	36.1606	36.1568	36.1934	36.1868	36.2136	36.1962	36.1565	36.1723	36.181	36.1924	36.1806	36.179	36.1453	36.1374	36.1198	36.1177	36.0998	36.0952	36.0721	36.0699	36.066	36.0476	36.0336	36.0289	36.0013	35.993	35.956	35.9742	35.9585	35.9379	35.8906	35.9068	35.8466	35.9045	35.9054	35.892	35.8792	35.8669	35.8205	35.8032	35.8008	35.7996	35.7739	35.7526	35.7269	35.7112	35.7233	35.7114	35.6777	35.6854	35.6785	35.6748	35.6613	35.6493	35.6367	35.6337	35.6131	35.5752	35.5625	35.5371	35.5498	35.5037	35.4931	35.4991	35.4849	35.4512	35.4381	35.4378	35.4268	35.4165	35.3834	35.3799	35.3682	35.3685	35.3541	35.348	35.3014	35.2875	35.2725	35.3191	35.2964	35.2776	35.213	35.1888	35.2311	35.2351	35.2178	35.1597	35.0585	35.0346	35.0038	35.0443	35.1183	35.0782	35.0706	34.9996	34.8975	34.9089	35.0132	34.9611	34.8966	34.792	34.7526	34.8372	34.8471	34.7637	34.6528	34.6475	34.7508	34.696	34.6724	34.5921	34.462	34.4869	34.5709	34.3475	34.402	34.5589	34.4874	34.4049	34.2837	34.279	34.3566	34.2849	34.183	34.1343	33.9816	34.0092	34.1665	34.0688	34.0756	33.9816	33.9615	33.9696	34.0105	33.9719	33.9241	33.8655	33.8229	33.8256	33.8588	33.8855	34.0546	35.4888
Sgr-CMas_006-Ex1-cssl	35.342	36.0737	36.1555	36.1292	36.1722	36.1317	36.1264	36.1273	36.1585	36.1618	36.1782	36.1587	36.119	36.1319	36.1353	36.1484	36.1363	36.1432	36.1097	36.0999	36.0775	36.0895	36.0655	36.0597	36.0291	36.039	36.033	36.009	35.9952	36.0006	35.9646	35.9642	35.9214	35.9479	35.931	35.905	35.8549	35.8822	35.8231	35.8754	35.8688	35.8603	35.8368	35.8349	35.7866	35.7796	35.769	35.7725	35.7483	35.7215	35.689	35.6885	35.6875	35.6856	35.6495	35.668	35.6467	35.6521	35.6356	35.6329	35.6143	35.6118	35.5713	35.5558	35.5473	35.5141	35.5338	35.4971	35.4863	35.4817	35.4614	35.4354	35.4129	35.4125	35.4028	35.3949	35.3724	35.3656	35.3493	35.3453	35.3363	35.3376	35.2837	35.267	35.2342	35.2973	35.2773	35.2623	35.1798	35.1645	35.1947	35.21	35.1865	35.1443	35.0466	35.0041	34.9726	35.0169	35.0888	35.056	35.041	34.9842	34.8683	34.8891	34.9839	34.9402	34.8887	34.7699	34.7404	34.8101	34.8084	34.7389	34.6123	34.6206	34.7115	34.66	34.6468	34.5552	34.4247	34.4664	34.5452	34.3249	34.3542	34.5274	34.4625	34.3625	34.2421	34.2449	34.3431	34.246	34.1496	34.0922	33.9676	33.9964	34.1497	34.0352	34.0527	33.9579	33.9213	33.9283	33.9653	33.9235	33.8699	33.8443	33.7907	33.7899	33.8148	33.8369	34.002	35.4542
Sgr-CMas_007-Ex1-cssl	35.4584	36.0411	36.1299	36.1095	36.1561	36.1069	36.1056	36.1074	36.1392	36.1464	36.1618	36.1388	36.0989	36.1207	36.1286	36.1355	36.1222	36.1214	36.0966	36.0802	36.0573	36.0682	36.0486	36.0363	36.0153	36.0178	36.0096	35.9979	35.9812	35.9803	35.9355	35.9462	35.9074	35.9238	35.905	35.8818	35.8335	35.8492	35.7982	35.8474	35.8545	35.8434	35.823	35.8217	35.7811	35.7592	35.7497	35.751	35.7244	35.7027	35.6854	35.6749	35.6722	35.66	35.6358	35.6449	35.6316	35.6315	35.6224	35.6134	35.5962	35.5915	35.5496	35.5227	35.518	35.4842	35.5031	35.4675	35.465	35.4462	35.4442	35.4152	35.3925	35.3953	35.3767	35.3684	35.3433	35.3417	35.326	35.3305	35.3104	35.3136	35.2628	35.2387	35.2271	35.2897	35.2593	35.2333	35.1599	35.1544	35.1849	35.2093	35.1836	35.1499	35.0431	35.0046	34.9768	35.037	35.0988	35.0543	35.0344	34.9936	34.8657	34.9033	34.981	34.9344	34.8848	34.7543	34.7337	34.8151	34.8191	34.7502	34.6205	34.6267	34.7358	34.679	34.6549	34.5678	34.4291	34.4706	34.5352	34.3405	34.3476	34.5219	34.4541	34.3903	34.2338	34.2609	34.341	34.2531	34.1703	34.1142	33.9782	33.9994	34.1808	34.0735	34.0552	33.9644	33.952	33.9823	34.0188	33.9734	33.9173	33.886	33.8534	33.839	33.8247	33.8596	34.0325	35.4778
Sgr-CMas_008-Ex1-cssl	35.5387	36.1337	36.23	36.2288	36.2765	36.2366	36.2442	36.2423	36.2761	36.2723	36.2858	36.2669	36.2259	36.242	36.2506	36.2549	36.2505	36.2535	36.2253	36.2128	36.1945	36.2026	36.1772	36.1646	36.1391	36.1459	36.1402	36.1257	36.109	36.1099	36.0803	36.0734	36.0349	36.0516	36.0365	36.0114	35.9662	35.9868	35.9282	35.9763	35.9705	35.9655	35.9425	35.9364	35.8898	35.8726	35.87	35.8626	35.8398	35.8245	35.7912	35.7805	35.7852	35.786	35.7522	35.7587	35.7438	35.7424	35.7244	35.7135	35.7013	35.6983	35.6536	35.6376	35.6222	35.5993	35.616	35.5735	35.5752	35.5546	35.5552	35.5156	35.4965	35.4976	35.4785	35.4749	35.4508	35.441	35.4154	35.4241	35.4099	35.4024	35.36	35.3324	35.3057	35.3596	35.3472	35.3233	35.2505	35.2308	35.2705	35.278	35.2615	35.2071	35.098	35.0684	35.0367	35.0763	35.156	35.1179	35.0959	35.0457	34.938	34.9601	35.0503	35.0022	34.9485	34.8261	34.793	34.8804	34.8654	34.8025	34.6758	34.6711	34.7749	34.7133	34.6951	34.6192	34.4789	34.532	34.591	34.3843	34.403	34.578	34.5	34.4285	34.2906	34.292	34.3685	34.2974	34.1948	34.1417	34.0172	34.0541	34.1838	34.0861	34.0825	33.9714	33.95	33.9803	34.028	33.9631	33.8979	33.8675	33.8266	33.8297	33.8567	33.8612	34.037	35.4847
Sgr-CMas_009-Ex1-cssl	35.5021	36.0766	36.1614	36.1372	36.1804	36.1424	36.1413	36.1441	36.1873	36.1904	36.2124	36.1801	36.1458	36.1576	36.166	36.1771	36.1695	36.1708	36.1469	36.1373	36.1169	36.1228	36.0907	36.0906	36.0629	36.0648	36.064	36.0493	36.0321	36.0381	36.0098	36.0005	35.966	35.9802	35.963	35.9392	35.894	35.9177	35.8648	35.9112	35.9168	35.9016	35.8887	35.8756	35.8373	35.8185	35.8234	35.8131	35.7961	35.7682	35.7457	35.7339	35.7487	35.7369	35.7018	35.7101	35.7065	35.7072	35.6939	35.6765	35.6732	35.6657	35.634	35.6095	35.6056	35.5795	35.5917	35.5529	35.5522	35.5391	35.5335	35.5006	35.4901	35.4797	35.4797	35.4654	35.4416	35.4383	35.4258	35.4273	35.4194	35.4142	35.3857	35.3478	35.3312	35.3762	35.3755	35.3447	35.2908	35.2542	35.2948	35.304	35.3037	35.2427	35.1354	35.1016	35.0807	35.117	35.1992	35.1559	35.1499	35.0924	34.983	35.0111	35.1009	35.0527	35.0043	34.8759	34.855	34.9163	34.9288	34.873	34.7408	34.7391	34.8267	34.7673	34.7692	34.6843	34.5471	34.594	34.6636	34.462	34.4931	34.6472	34.5834	34.5058	34.3656	34.3879	34.4824	34.3805	34.2794	34.2114	34.0998	34.1274	34.2744	34.1818	34.1809	34.0702	34.0534	34.0713	34.1051	34.0808	34.0309	33.9728	33.9378	33.9066	33.9525	33.9605	34.1356	35.486
Sgr-CMas_010-Ex1-cssl	35.6762	36.1564	36.2467	36.2421	36.3041	36.268	36.2844	36.2809	36.3197	36.3152	36.3314	36.3085	36.2747	36.2877	36.2975	36.302	36.2916	36.2953	36.2802	36.2638	36.248	36.2489	36.2218	36.2207	36.1924	36.189	36.1938	36.1754	36.1633	36.1674	36.1335	36.1254	36.0953	36.1065	36.0957	36.0696	36.0247	36.044	35.9947	36.0335	36.0304	36.0184	36.0013	35.9998	35.9531	35.9356	35.9328	35.9374	35.912	35.8905	35.8597	35.8489	35.8615	35.8585	35.8196	35.8229	35.8169	35.82	35.8086	35.7951	35.7813	35.7826	35.7437	35.7204	35.7061	35.6842	35.6912	35.6615	35.6531	35.6468	35.6401	35.604	35.5831	35.5796	35.5705	35.5599	35.527	35.5212	35.5134	35.5161	35.4918	35.4933	35.4568	35.4336	35.4008	35.4569	35.4365	35.4269	35.3535	35.3373	35.3622	35.3761	35.3696	35.3111	35.2028	35.178	35.1337	35.1783	35.2541	35.2177	35.1852	35.1447	35.0442	35.069	35.1459	35.0984	35.033	34.9385	34.8867	34.9625	34.9719	34.9222	34.7941	34.799	34.8559	34.8152	34.8081	34.728	34.5939	34.6185	34.6874	34.4795	34.5079	34.6768	34.6022	34.532	34.3868	34.4064	34.4624	34.3919	34.2779	34.2346	34.0954	34.1299	34.2651	34.1907	34.1676	34.0782	34.028	34.0771	34.0921	34.0685	34.0081	33.9453	33.9169	33.9302	33.9037	33.9448	34.1306	35.5142
Sgr-CMas_011-Ex1-cssl	35.6532	36.1099	36.2112	36.1954	36.249	36.209	36.2172	36.2218	36.2576	36.2566	36.2765	36.2553	36.2182	36.2262	36.2368	36.2462	36.2363	36.2423	36.2162	36.2075	36.1856	36.1942	36.169	36.1609	36.1334	36.1349	36.1249	36.1118	36.0993	36.0928	36.0673	36.0623	36.0224	36.0358	36.0243	35.9994	35.9544	35.9781	35.9278	35.9708	35.9732	35.9491	35.9424	35.9285	35.8954	35.8659	35.8612	35.8563	35.841	35.8106	35.7911	35.7694	35.7833	35.7719	35.7395	35.7456	35.7431	35.7352	35.7179	35.7085	35.692	35.692	35.6578	35.6359	35.6256	35.5979	35.6115	35.5689	35.5601	35.5504	35.5467	35.5006	35.492	35.4776	35.473	35.4672	35.4387	35.4292	35.4189	35.403	35.4035	35.3989	35.3688	35.3235	35.3125	35.3584	35.3454	35.3146	35.2424	35.2315	35.2606	35.2712	35.2614	35.2022	35.1002	35.0659	35.0324	35.0776	35.1602	35.1047	35.099	35.042	34.9261	34.9512	35.0337	34.9921	34.9342	34.831	34.7864	34.8631	34.8627	34.7951	34.6739	34.6687	34.7713	34.7113	34.6998	34.6271	34.4748	34.5193	34.5863	34.393	34.4149	34.5789	34.5075	34.4252	34.2942	34.2862	34.4089	34.2958	34.2192	34.1444	34.0307	34.0538	34.1817	34.0883	34.0975	34.0009	33.9663	33.9783	34.0152	33.9983	33.922	33.8892	33.8601	33.843	33.8632	33.8907	34.1069	35.4982
Sgr-CMas_012-Ex1-cssl	35.52	36.0673	36.1549	36.1377	36.1835	36.145	36.1399	36.1417	36.1822	36.1775	36.2027	36.1814	36.1424	36.1552	36.1598	36.1687	36.1591	36.1661	36.1339	36.1265	36.1105	36.1153	36.0862	36.087	36.0549	36.0606	36.0497	36.0361	36.0223	36.0234	35.9901	35.9856	35.9457	35.9634	35.9505	35.9255	35.8848	35.9003	35.8526	35.8988	35.901	35.8864	35.8723	35.8637	35.8167	35.8074	35.793	35.7931	35.7634	35.7461	35.7167	35.7059	35.7131	35.7043	35.6744	35.683	35.673	35.6664	35.6532	35.6456	35.63	35.6357	35.5974	35.5773	35.5626	35.5274	35.5403	35.5091	35.4981	35.4979	35.4909	35.4559	35.4341	35.4314	35.4257	35.4161	35.3899	35.3761	35.3726	35.3714	35.3544	35.3568	35.3156	35.2878	35.2555	35.3145	35.3048	35.2821	35.21	35.2036	35.2237	35.2463	35.2248	35.1751	35.0588	35.0288	35.0064	35.051	35.1249	35.0862	35.0627	35.0132	34.8974	34.931	35.0025	34.9799	34.9075	34.8075	34.7699	34.8388	34.8384	34.7836	34.669	34.6683	34.7516	34.6979	34.6707	34.6132	34.4653	34.5153	34.5798	34.374	34.4038	34.5906	34.4938	34.4351	34.2928	34.2913	34.3907	34.3032	34.2047	34.1467	34.0188	34.0461	34.2013	34.1046	34.0924	34.0103	33.9607	33.9992	34.0456	34.0072	33.9426	33.8919	33.8506	33.8499	33.8762	33.8937	34.085	35.4856
Sgr-CMas_013-Ex1-cssl	35.2273	35.9211	36.0126	36.012	36.0605	36.0153	36.0039	36.0004	36.0403	36.0547	36.0716	36.0444	36.006	36.0309	36.0351	36.0471	36.0362	36.0439	36.0116	35.9986	35.9763	35.9837	35.9532	35.952	35.9238	35.9268	35.9201	35.9078	35.8885	35.9006	35.8643	35.8564	35.814	35.8376	35.8158	35.7915	35.7484	35.7686	35.7157	35.7686	35.7784	35.7657	35.7426	35.7372	35.6981	35.6725	35.6723	35.6659	35.6488	35.62	35.5986	35.5889	35.6018	35.5824	35.5572	35.5672	35.5564	35.5549	35.5389	35.5283	35.5218	35.5106	35.4782	35.4528	35.4506	35.4165	35.436	35.391	35.386	35.3752	35.3789	35.333	35.3321	35.3192	35.3169	35.2972	35.2889	35.2709	35.2656	35.2612	35.2541	35.2403	35.21	35.1705	35.1597	35.2149	35.2045	35.1772	35.1077	35.0865	35.1229	35.1407	35.1328	35.0722	34.9661	34.9182	34.9007	34.9367	35.0304	34.9905	34.9705	34.9063	34.8001	34.8221	34.9185	34.87	34.8171	34.687	34.6579	34.7342	34.7408	34.6701	34.5467	34.5407	34.6426	34.5998	34.5766	34.4949	34.3437	34.4109	34.4704	34.2372	34.272	34.4624	34.3859	34.3002	34.171	34.172	34.2728	34.175	34.0662	33.9988	33.885	33.9078	34.0712	33.9768	33.9551	33.8796	33.8405	33.8662	33.9167	33.8902	33.8218	33.7581	33.7295	33.7359	33.7517	33.7682	33.9354	35.4353
Sgr-CMas_014-Ex1-cssl	35.3444	35.9335	36.0318	36.0393	36.0946	36.0391	36.0377	36.031	36.0781	36.0819	36.1047	36.0804	36.0468	36.0614	36.0762	36.0779	36.0702	36.0744	36.0423	36.0313	36.0088	36.0242	35.9906	35.9902	35.961	35.9585	35.9609	35.9407	35.921	35.9251	35.8926	35.8855	35.8442	35.8646	35.85	35.8097	35.7729	35.7967	35.7411	35.8017	35.8049	35.7931	35.7737	35.758	35.7136	35.6985	35.6881	35.6856	35.6696	35.6424	35.62	35.6073	35.6212	35.601	35.5716	35.5792	35.5812	35.5725	35.561	35.5444	35.5347	35.5333	35.4979	35.4686	35.468	35.4293	35.4432	35.3973	35.3929	35.3845	35.382	35.3488	35.3391	35.3343	35.3161	35.3077	35.2961	35.2762	35.2653	35.2558	35.2469	35.2359	35.2031	35.1802	35.1503	35.2076	35.1945	35.1731	35.099	35.0835	35.1194	35.1284	35.1199	35.0478	34.9499	34.9078	34.8794	34.9309	35.0225	34.955	34.9432	34.9001	34.774	34.8025	34.8988	34.8713	34.8024	34.6814	34.6484	34.7212	34.7188	34.6508	34.5146	34.5385	34.6283	34.5755	34.5477	34.4595	34.3159	34.3728	34.4474	34.2335	34.2489	34.4522	34.3696	34.2877	34.1507	34.1554	34.2418	34.1645	34.0528	33.9889	33.8598	33.8887	34.0435	33.9431	33.9607	33.8588	33.8216	33.8496	33.8744	33.8748	33.7931	33.7414	33.7097	33.7025	33.7445	33.7495	33.9506	35.4507
Sgr-CMas_015-Ex1-cssl	35.2597	35.9697	36.0524	36.0435	36.0863	36.0438	36.033	36.0324	36.0723	36.0774	36.0961	36.0706	36.0345	36.0518	36.0613	36.0674	36.0598	36.0653	36.0331	36.0215	35.9985	36.005	35.9817	35.9723	35.9433	35.9441	35.9401	35.9278	35.9127	35.9172	35.8801	35.8736	35.8326	35.8502	35.8278	35.8025	35.7584	35.7858	35.7253	35.7772	35.7856	35.7702	35.7568	35.7458	35.6981	35.6813	35.6739	35.6679	35.6482	35.6163	35.5992	35.5857	35.5971	35.5862	35.5549	35.5645	35.5509	35.5468	35.5339	35.5268	35.5105	35.5115	35.473	35.4507	35.4401	35.4069	35.4197	35.3787	35.365	35.3546	35.3565	35.3203	35.3056	35.2964	35.2915	35.2684	35.2522	35.2365	35.2173	35.2119	35.212	35.1947	35.1663	35.1304	35.1169	35.1651	35.1576	35.1206	35.0501	35.0294	35.0723	35.0723	35.0704	35.002	34.908	34.8477	34.8382	34.8802	34.9635	34.9134	34.9019	34.8348	34.7198	34.7437	34.8388	34.7919	34.7265	34.6088	34.5758	34.6591	34.651	34.5788	34.4642	34.4588	34.5687	34.5032	34.4906	34.3959	34.2593	34.3017	34.3843	34.16	34.1912	34.3591	34.2972	34.2074	34.0726	34.0725	34.1804	34.0854	33.9885	33.9062	33.7747	33.8001	33.9748	33.8694	33.8742	33.7571	33.7462	33.7539	33.807	33.7757	33.7141	33.6558	33.6376	33.6291	33.6602	33.6906	33.8933	35.4165
Sgr-CMas_016-Ex1-cssl	35.5589	36.1263	36.1966	36.1938	36.2362	36.1991	36.1976	36.1945	36.2296	36.2308	36.2475	36.2343	36.1987	36.2125	36.2183	36.2249	36.2109	36.2134	36.1838	36.1782	36.1562	36.1652	36.137	36.1379	36.1058	36.1158	36.1047	36.0918	36.0714	36.0794	36.0493	36.0432	36.0024	36.0267	36.0048	35.9858	35.9392	35.9605	35.9061	35.959	35.9535	35.9476	35.9279	35.9199	35.8744	35.8564	35.8488	35.855	35.835	35.8141	35.7845	35.7846	35.7877	35.7773	35.742	35.7549	35.7476	35.7396	35.7311	35.7229	35.7102	35.7137	35.6774	35.6588	35.6509	35.6219	35.6352	35.5974	35.5916	35.5789	35.5793	35.5489	35.5381	35.5317	35.5287	35.5153	35.492	35.4791	35.4684	35.4719	35.4656	35.4584	35.42	35.3996	35.379	35.4306	35.4174	35.3979	35.3275	35.3103	35.3415	35.3638	35.3473	35.289	35.1987	35.1607	35.1451	35.1819	35.2578	35.2104	35.1981	35.1489	35.0353	35.0693	35.1475	35.1139	35.0478	34.9378	34.9025	34.9913	34.9894	34.9251	34.8059	34.8095	34.9029	34.8482	34.8407	34.7646	34.6194	34.6581	34.729	34.5239	34.5508	34.7281	34.6618	34.5779	34.4522	34.4389	34.5533	34.4494	34.3706	34.2908	34.1864	34.2146	34.3742	34.2743	34.2669	34.1571	34.1532	34.1734	34.2014	34.1563	34.111	34.0565	34.0343	34.0074	34.0409	34.0596	34.1984	35.5216
Sgr-CMas_017-Ex1-cssl	35.5253	36.0774	36.1586	36.1716	36.2218	36.1908	36.2013	36.2006	36.2303	36.2359	36.246	36.2251	36.1838	36.2084	36.2051	36.2151	36.2066	36.2086	36.1842	36.1773	36.1522	36.1631	36.1373	36.1318	36.1025	36.1106	36.1044	36.0925	36.0689	36.0804	36.0419	36.0389	36.0002	36.0185	36.0058	35.9818	35.9344	35.9602	35.9042	35.9505	35.954	35.9351	35.9166	35.9109	35.8663	35.858	35.8539	35.8477	35.8299	35.8085	35.7778	35.7639	35.7773	35.7713	35.7391	35.7533	35.7427	35.7425	35.7265	35.7143	35.705	35.7024	35.6655	35.6439	35.633	35.6108	35.6238	35.5884	35.587	35.5761	35.5695	35.5441	35.5176	35.5193	35.5061	35.4978	35.4814	35.4678	35.4646	35.4602	35.4589	35.4525	35.4146	35.3867	35.3621	35.4145	35.4108	35.3926	35.3207	35.301	35.3289	35.342	35.3347	35.28	35.1653	35.1306	35.1091	35.1527	35.23	35.1854	35.1719	35.1237	34.9994	35.0244	35.1098	35.0725	35.0192	34.901	34.8614	34.9376	34.9583	34.882	34.7703	34.766	34.8623	34.8084	34.7981	34.7086	34.5848	34.6177	34.6908	34.478	34.5069	34.675	34.6192	34.5175	34.3914	34.3973	34.4979	34.4016	34.2965	34.2318	34.1173	34.1264	34.2973	34.2081	34.2024	34.1067	34.0673	34.0989	34.134	34.0972	34.0146	33.9753	33.9607	33.9231	33.9637	33.9572	34.1309	35.482
Sgr-CMas_018-Ex1-cssl	35.6916	36.125	36.2067	36.2067	36.2573	36.2204	36.2274	36.2252	36.2619	36.2603	36.2794	36.2591	36.2211	36.2406	36.2424	36.2512	36.2424	36.2451	36.2219	36.2082	36.1841	36.1956	36.1716	36.1639	36.1387	36.1418	36.1381	36.1174	36.1031	36.1084	36.0731	36.0701	36.0364	36.0478	36.0309	36.0097	35.9701	35.9867	35.9395	35.978	35.9798	35.9647	35.9513	35.9419	35.9055	35.8822	35.8791	35.8729	35.8604	35.8271	35.8091	35.7926	35.8017	35.789	35.7593	35.7612	35.7623	35.7577	35.7456	35.736	35.7207	35.7126	35.684	35.6638	35.6519	35.6151	35.6319	35.5944	35.5949	35.5776	35.5783	35.5371	35.5309	35.5221	35.5151	35.5001	35.4903	35.4667	35.4573	35.4566	35.4533	35.4417	35.4141	35.3744	35.3598	35.3984	35.3859	35.3745	35.3034	35.2868	35.314	35.323	35.3096	35.2594	35.1518	35.1134	35.089	35.13	35.2096	35.1732	35.1438	35.1124	34.9893	35.0222	35.0965	35.0626	35.0027	34.8776	34.8472	34.9089	34.9239	34.8571	34.7445	34.7375	34.8276	34.7661	34.7556	34.6653	34.5396	34.5734	34.6351	34.4415	34.4643	34.6224	34.563	34.4942	34.349	34.3694	34.4518	34.3476	34.2589	34.2009	34.0615	34.089	34.2535	34.1449	34.14	34.0466	34.0132	34.0488	34.0914	34.0518	33.9897	33.9559	33.8954	33.8844	33.9021	33.928	34.1093	35.498
Sgr-CMas_019-Ex1-cssl	35.7093	36.1563	36.2281	36.2339	36.2954	36.2539	36.2684	36.2661	36.3077	36.3071	36.324	36.2993	36.2726	36.2789	36.2879	36.2897	36.2873	36.2896	36.2678	36.2559	36.2423	36.2459	36.2207	36.21	36.1866	36.1867	36.1805	36.1688	36.1542	36.156	36.1309	36.1219	36.0805	36.0944	36.0819	36.0577	36.0165	36.0398	35.9866	36.0297	36.0315	36.0144	36.0011	35.9895	35.9481	35.9354	35.9283	35.9253	35.9044	35.8821	35.863	35.8435	35.8515	35.8439	35.8161	35.8207	35.8109	35.8098	35.7965	35.7848	35.7817	35.7715	35.7327	35.7169	35.7063	35.6745	35.6869	35.6496	35.6503	35.6396	35.6321	35.5932	35.5826	35.5771	35.5741	35.5532	35.5426	35.5237	35.5116	35.5061	35.4955	35.4806	35.4563	35.4191	35.4018	35.4495	35.4522	35.4121	35.3523	35.3341	35.3662	35.3802	35.3604	35.3129	35.2136	35.1707	35.1515	35.1908	35.2591	35.2126	35.2019	35.1577	35.0518	35.075	35.1524	35.1133	35.0446	34.9367	34.9093	34.9762	34.98	34.911	34.7955	34.7909	34.878	34.8381	34.8153	34.7287	34.6	34.6313	34.6987	34.5077	34.5346	34.6997	34.6266	34.5287	34.4097	34.4044	34.5028	34.4269	34.3111	34.2623	34.1386	34.1539	34.3057	34.1944	34.1906	34.0861	34.0582	34.0877	34.1382	34.1074	34.0236	33.9777	33.9333	33.9271	33.9409	33.9989	34.135	35.5192
Sgr-CMas_020-Ex1-cssl	35.6686	36.01	36.1046	36.099	36.1756	36.1336	36.1463	36.1563	36.1936	36.1952	36.2204	36.1927	36.1574	36.1687	36.1747	36.1867	36.1814	36.19	36.1668	36.1533	36.1354	36.138	36.1113	36.1009	36.0769	36.0762	36.0698	36.0543	36.0515	36.055	36.0296	36.0158	35.9804	35.9895	35.9752	35.9511	35.9154	35.9308	35.8774	35.921	35.9214	35.9082	35.9014	35.8774	35.8339	35.824	35.8244	35.8128	35.7985	35.7685	35.7446	35.7258	35.7401	35.7246	35.6982	35.7034	35.6957	35.6986	35.6743	35.6705	35.6588	35.6463	35.6187	35.5964	35.5885	35.5582	35.5692	35.5227	35.5215	35.5097	35.5155	35.4765	35.4685	35.4538	35.4495	35.4226	35.419	35.3889	35.3803	35.3805	35.3708	35.3569	35.3387	35.2986	35.2837	35.3271	35.3203	35.297	35.2258	35.2094	35.2435	35.2451	35.2374	35.1731	35.0838	35.0386	35.0258	35.0593	35.1336	35.1003	35.0708	35.0263	34.9309	34.9303	35.0333	34.9818	34.929	34.8065	34.7804	34.855	34.8649	34.7926	34.6617	34.6637	34.7672	34.697	34.6935	34.6132	34.4621	34.5185	34.5709	34.3915	34.4022	34.5576	34.4971	34.4218	34.2955	34.3012	34.3867	34.2851	34.2013	34.1419	34.011	34.0464	34.1899	34.0901	34.0991	33.9999	33.9599	33.9821	34.017	33.9873	33.9478	33.8747	33.84	33.8333	33.8566	33.8856	34.0935	35.4988
Sgr-CMas_021-Ex1-cssl	35.5797	36.0592	36.1318	36.1178	36.1757	36.1348	36.1459	36.1486	36.1894	36.1918	36.2172	36.1896	36.1501	36.1638	36.1757	36.1837	36.1726	36.1779	36.1486	36.1493	36.1287	36.1192	36.1042	36.0887	36.0678	36.0697	36.0635	36.0487	36.0361	36.0348	36.0123	36.0003	35.967	35.9795	35.9615	35.9381	35.894	35.9066	35.8526	35.9079	35.9062	35.8978	35.8873	35.8701	35.8292	35.8096	35.816	35.801	35.7906	35.7547	35.7379	35.7224	35.7355	35.7155	35.6944	35.6973	35.6866	35.6833	35.6715	35.6543	35.6447	35.6349	35.6087	35.577	35.567	35.5353	35.5541	35.5149	35.5113	35.4965	35.496	35.4582	35.4441	35.4339	35.421	35.4217	35.3885	35.3756	35.3647	35.3631	35.3602	35.36	35.3105	35.2677	35.2568	35.3001	35.3127	35.2794	35.2107	35.1877	35.2201	35.2354	35.218	35.1683	35.0462	35.0295	35.0087	35.0411	35.1212	35.0841	35.0583	35.0052	34.8987	34.9328	35.0034	34.9702	34.9065	34.8011	34.7513	34.8433	34.8443	34.7814	34.679	34.6603	34.7458	34.6975	34.6798	34.6103	34.4647	34.5057	34.5692	34.3485	34.4023	34.5597	34.5003	34.4253	34.2779	34.2893	34.386	34.3139	34.1972	34.1409	34.0038	34.0556	34.202	34.1132	34.0888	34.0059	33.9806	34.0035	34.0394	34.0178	33.9559	33.9029	33.8822	33.8403	33.9073	33.9004	34.0795	35.4988
Sgr-CMas_022-Ex1-cssl	35.5562	36.0612	36.1436	36.126	36.1775	36.1387	36.1421	36.1392	36.1751	36.1816	36.2016	36.1845	36.1433	36.1575	36.1673	36.1766	36.1665	36.1683	36.1408	36.1334	36.1173	36.119	36.0935	36.0863	36.0611	36.0661	36.0575	36.0393	36.0209	36.0279	35.9877	35.9841	35.9487	35.9692	35.9453	35.9259	35.8784	35.9062	35.852	35.899	35.8966	35.8892	35.8743	35.8666	35.8211	35.8115	35.8014	35.8019	35.7735	35.7479	35.7242	35.7133	35.718	35.7078	35.6831	35.6811	35.6812	35.6796	35.6649	35.6578	35.6421	35.6386	35.5998	35.5779	35.5701	35.5446	35.554	35.5183	35.4998	35.5008	35.4932	35.4613	35.4379	35.4453	35.4276	35.413	35.3979	35.3934	35.375	35.375	35.358	35.3582	35.3073	35.2851	35.2608	35.3212	35.3097	35.2874	35.2129	35.1982	35.2171	35.2335	35.2173	35.1629	35.0579	35.016	34.9885	35.0338	35.1125	35.0751	35.0497	35.0039	34.8908	34.9213	35.0017	34.9626	34.9152	34.7953	34.7565	34.8279	34.837	34.7538	34.643	34.6441	34.7343	34.6909	34.6634	34.5875	34.4524	34.492	34.5644	34.351	34.3782	34.5468	34.4749	34.3869	34.2658	34.2756	34.3779	34.2863	34.1824	34.1139	33.9926	34.0228	34.1724	34.0816	34.0689	33.9692	33.9406	33.9768	34.0071	33.9851	33.9334	33.8643	33.8251	33.8409	33.8528	33.8697	34.052	35.4897
Sgr-CMas_023-Ex1-cssl	35.6937	36.0706	36.1954	36.1732	36.2287	36.1817	36.1848	36.1859	36.2259	36.2281	36.2535	36.2348	36.2011	36.2153	36.2194	36.2268	36.2192	36.2225	36.1972	36.1828	36.1653	36.1696	36.1494	36.1411	36.1141	36.1155	36.1119	36.0958	36.0857	36.0863	36.0496	36.0443	36.0097	36.0303	36.012	35.9891	35.9499	35.9639	35.9113	35.9539	35.9559	35.9429	35.9386	35.9198	35.8854	35.8642	35.8628	35.8588	35.839	35.8046	35.7855	35.7679	35.7839	35.7647	35.7411	35.7523	35.7444	35.7345	35.725	35.7151	35.7052	35.6887	35.661	35.6355	35.6239	35.6002	35.6224	35.5712	35.5687	35.5597	35.5556	35.5199	35.5053	35.4945	35.4901	35.4795	35.4658	35.4407	35.4269	35.433	35.4216	35.4177	35.3728	35.3515	35.3304	35.3798	35.3688	35.3485	35.2795	35.2568	35.2998	35.2995	35.29	35.2357	35.1283	35.0951	35.0743	35.1148	35.1909	35.1424	35.1329	35.0824	34.9629	34.9799	35.0784	35.0318	34.9659	34.8554	34.8285	34.8922	34.9119	34.8408	34.7216	34.7368	34.8175	34.7588	34.7449	34.6732	34.521	34.5738	34.6234	34.4311	34.4491	34.6052	34.5646	34.4679	34.322	34.3389	34.4221	34.344	34.2432	34.1803	34.0488	34.0748	34.2345	34.1359	34.1269	34.0485	34.0017	34.044	34.0512	34.0344	33.9791	33.9256	33.9052	33.8705	33.9048	33.9205	34.1224	35.5132
Sgr-CMas_024-Ex1-cssl	35.516	36.115	36.1991	36.1723	36.2179	36.1725	36.1815	36.1785	36.2137	36.2241	36.2382	36.2183	36.1796	36.1931	36.2016	36.2107	36.2013	36.2041	36.1773	36.1662	36.1475	36.1527	36.1282	36.1189	36.0964	36.102	36.0916	36.0781	36.0688	36.0656	36.0327	36.0288	35.9957	36.0141	35.9979	35.9738	35.929	35.9495	35.8978	35.9406	35.9392	35.9342	35.9129	35.9054	35.8642	35.8522	35.8495	35.843	35.8247	35.7949	35.7749	35.7613	35.7769	35.7598	35.7315	35.7396	35.732	35.7287	35.7209	35.7089	35.6938	35.6949	35.6575	35.6356	35.6314	35.6007	35.615	35.5808	35.5734	35.5691	35.5648	35.5252	35.516	35.5069	35.4987	35.4924	35.4733	35.46	35.4549	35.4509	35.4427	35.4371	35.4019	35.3794	35.3555	35.4074	35.4016	35.3803	35.3009	35.2899	35.3262	35.3399	35.3319	35.2766	35.1675	35.1281	35.1196	35.1607	35.234	35.1784	35.1706	35.1262	35.0029	35.0381	35.1188	35.0781	35.026	34.9097	34.892	34.9574	34.9578	34.8987	34.7714	34.7749	34.8659	34.8148	34.8034	34.7127	34.5776	34.6233	34.6916	34.488	34.5087	34.6822	34.6053	34.5225	34.4008	34.3966	34.5072	34.4028	34.3036	34.2531	34.1186	34.1497	34.2796	34.2057	34.1955	34.0989	34.0717	34.1081	34.1298	34.0962	34.0411	33.9853	33.9512	33.9468	33.9556	33.9842	34.1577	35.5061
Sgr-CMas_026-Ex1-cssl	35.565	36.1028	36.1869	36.1643	36.2164	36.1733	36.1804	36.18	36.2179	36.2191	36.2449	36.2162	36.18	36.1953	36.2057	36.2111	36.2025	36.2	36.179	36.1659	36.1495	36.1511	36.1284	36.1224	36.0956	36.0948	36.0905	36.0751	36.0643	36.0603	36.0318	36.0262	35.9918	36.0025	35.9873	35.9578	35.9191	35.9402	35.8772	35.9222	35.9273	35.913	35.8994	35.8847	35.8512	35.8268	35.8334	35.8231	35.7955	35.7697	35.7533	35.7281	35.7417	35.7337	35.6999	35.7003	35.6982	35.694	35.6751	35.6647	35.6448	35.6498	35.6029	35.5802	35.57	35.5413	35.5547	35.5183	35.5037	35.501	35.4942	35.4524	35.4282	35.4246	35.4202	35.4014	35.3818	35.3693	35.3515	35.3517	35.3407	35.3341	35.2915	35.2628	35.2503	35.2885	35.2834	35.2493	35.1765	35.1534	35.1844	35.1989	35.1869	35.1299	35.0241	34.9846	34.9605	35.0085	35.0796	35.0415	34.9981	34.9627	34.8465	34.8849	34.9635	34.9281	34.8555	34.7529	34.7103	34.7894	34.7719	34.7274	34.5961	34.6022	34.6685	34.6358	34.6028	34.5391	34.3812	34.4231	34.4898	34.3033	34.299	34.4773	34.3996	34.3276	34.192	34.2036	34.2715	34.1905	34.0833	34.0355	33.9103	33.9551	34.0829	33.9947	34.0024	33.9022	33.8589	33.8715	33.921	33.891	33.815	33.7814	33.7412	33.7377	33.7555	33.8264	34.0328	35.479
Sgr-CMas_028-Ex1-cssl	35.6707	36.122	36.1989	36.1936	36.2372	36.1965	36.189	36.1926	36.2282	36.227	36.2571	36.2439	36.2101	36.2217	36.225	36.2323	36.225	36.2213	36.1959	36.1834	36.17	36.1708	36.1515	36.1442	36.1226	36.1227	36.1147	36.1019	36.086	36.0921	36.0594	36.0527	36.0171	36.031	36.0168	35.9985	35.9554	35.9677	35.9266	35.9635	35.9687	35.9595	35.94	35.9338	35.8908	35.8743	35.867	35.8654	35.8453	35.8211	35.7964	35.7893	35.796	35.7917	35.7535	35.7587	35.7558	35.7512	35.741	35.7312	35.7205	35.7169	35.6822	35.662	35.6545	35.6189	35.6327	35.5979	35.5943	35.5827	35.5807	35.5549	35.5358	35.5409	35.5279	35.5144	35.4999	35.4832	35.4701	35.4708	35.4666	35.4664	35.4209	35.3995	35.3817	35.4358	35.4186	35.3976	35.3305	35.3058	35.3465	35.3544	35.3439	35.2935	35.1859	35.1578	35.1364	35.1748	35.2503	35.1966	35.1858	35.1487	35.0335	35.0561	35.1435	35.1047	35.0458	34.9375	34.9118	34.9773	34.9872	34.9172	34.8078	34.8102	34.8902	34.8434	34.8256	34.7468	34.6118	34.6532	34.7151	34.5193	34.5493	34.7033	34.6397	34.5595	34.4253	34.4451	34.5219	34.4487	34.3416	34.2856	34.1573	34.1911	34.3302	34.2346	34.2392	34.1454	34.1173	34.1345	34.1667	34.1466	34.0757	34.0216	33.9987	33.9952	34.0218	34.0298	34.1817	35.5282
Sgr-CMas_030-Ex1-cssl	35.6548	36.074	36.1558	36.153	36.2085	36.1681	36.1686	36.175	36.2067	36.2055	36.2254	36.2122	36.1743	36.1888	36.1934	36.1967	36.1903	36.195	36.1668	36.1591	36.1404	36.1411	36.1171	36.1116	36.0907	36.0887	36.0842	36.0712	36.0523	36.05	36.0239	36.0182	35.9802	35.9973	35.9819	35.9608	35.9127	35.9356	35.8817	35.9274	35.9246	35.917	35.8962	35.8872	35.85	35.8321	35.8243	35.8196	35.7963	35.7743	35.7457	35.7344	35.7482	35.7321	35.7064	35.7153	35.7141	35.7008	35.6864	35.6789	35.6685	35.662	35.6262	35.601	35.5977	35.5636	35.5781	35.5399	35.538	35.5255	35.5139	35.4866	35.4743	35.4702	35.4628	35.4475	35.4293	35.4133	35.4069	35.3975	35.3899	35.3881	35.3475	35.3117	35.2992	35.3451	35.3359	35.3157	35.2514	35.2239	35.2545	35.2593	35.2588	35.1995	35.0949	35.0576	35.05	35.0769	35.1577	35.1113	35.0902	35.0409	34.9372	34.9563	35.0302	34.9997	34.9337	34.8236	34.7876	34.8608	34.8645	34.7831	34.6648	34.6743	34.7635	34.7015	34.6755	34.599	34.4855	34.5146	34.5786	34.3782	34.4081	34.5556	34.4858	34.4092	34.281	34.2902	34.3838	34.2825	34.1997	34.1232	34.0136	34.0378	34.1847	34.0841	34.0641	33.9806	33.9534	33.9895	34.0062	33.9697	33.9172	33.8655	33.8502	33.8342	33.8616	33.8764	34.0826	35.5021
Sgr-CMas_031-Ex1-cssl	35.5307	35.9875	36.0689	36.0754	36.1355	36.0943	36.0991	36.1015	36.148	36.1507	36.1709	36.1474	36.1081	36.1195	36.1301	36.1385	36.1345	36.1446	36.1103	36.1016	36.0833	36.0866	36.0587	36.0541	36.0242	36.0256	36.0208	36.003	35.9879	36.0001	35.9594	35.9607	35.9146	35.9349	35.9177	35.8932	35.8463	35.8699	35.8181	35.8718	35.8677	35.861	35.845	35.832	35.7862	35.7749	35.7746	35.7685	35.7418	35.7212	35.6957	35.6831	35.6938	35.6869	35.6569	35.662	35.6543	35.6453	35.6284	35.6235	35.6029	35.6089	35.561	35.5495	35.5406	35.5043	35.5218	35.476	35.4835	35.4677	35.4598	35.4282	35.4109	35.4055	35.3922	35.3906	35.3716	35.3648	35.3492	35.3426	35.3423	35.3385	35.2919	35.2679	35.2416	35.2899	35.2727	35.2562	35.1881	35.1559	35.1945	35.2086	35.1935	35.1354	35.0325	34.996	34.9772	35.0117	35.0988	35.056	35.033	34.9842	34.8729	34.9027	34.98	34.9321	34.879	34.754	34.7307	34.8121	34.8166	34.75	34.6285	34.6228	34.7309	34.6657	34.6493	34.5619	34.4273	34.4662	34.5467	34.3557	34.3827	34.5469	34.4664	34.3844	34.2665	34.2577	34.3589	34.2621	34.1603	34.0989	33.9886	34.0042	34.1759	34.032	34.0692	33.9533	33.9372	33.9646	34.0125	33.9528	33.9182	33.8802	33.8406	33.808	33.8483	33.8671	34.0698	35.4881
Sgr-CMas_032-Ex1-cssl	35.683	36.1761	36.2525	36.2329	36.2695	36.2288	36.2311	36.2321	36.2609	36.2634	36.2805	36.2624	36.2241	36.2393	36.2443	36.247	36.2401	36.2451	36.2209	36.2118	36.1878	36.1934	36.1674	36.1628	36.1373	36.1422	36.1325	36.1239	36.1077	36.1074	36.0672	36.0651	36.0329	36.0493	36.0304	36.0073	35.9656	35.9848	35.9323	35.9837	35.9727	35.9666	35.9494	35.9419	35.8973	35.8839	35.871	35.8708	35.8457	35.8237	35.7964	35.785	35.7949	35.7911	35.7477	35.762	35.7554	35.7484	35.7331	35.7272	35.7083	35.7084	35.6736	35.6463	35.647	35.6128	35.6268	35.587	35.5876	35.5707	35.5675	35.5398	35.5237	35.5148	35.5054	35.4896	35.4718	35.4648	35.4449	35.4483	35.4401	35.4325	35.3944	35.3652	35.3456	35.4006	35.3763	35.3592	35.2842	35.2748	35.3023	35.3117	35.3001	35.2396	35.1425	35.112	35.0916	35.1289	35.2051	35.1595	35.14	35.0928	34.9805	35.0069	35.0795	35.0485	34.9899	34.8813	34.8535	34.9143	34.9214	34.8498	34.7414	34.7299	34.827	34.7619	34.7516	34.6676	34.5275	34.5612	34.6491	34.4356	34.4646	34.6171	34.5522	34.4738	34.3495	34.3539	34.4438	34.348	34.2728	34.2078	34.0717	34.1036	34.2581	34.146	34.1557	34.0629	34.0117	34.0279	34.09	34.0477	33.991	33.9572	33.8984	33.8855	33.9139	33.9439	34.1149	35.5053
Sgr-CMas_033-Ex1-cssl	35.6699	36.0991	36.1914	36.1829	36.2283	36.1886	36.1834	36.1831	36.2163	36.2162	36.2375	36.2269	36.1842	36.1973	36.1986	36.2068	36.1998	36.1998	36.1744	36.1704	36.1459	36.1513	36.1246	36.1152	36.0899	36.0986	36.0929	36.0691	36.0571	36.0587	36.0243	36.0188	35.9775	35.996	35.9859	35.9548	35.9157	35.9323	35.8822	35.9334	35.9187	35.9086	35.8943	35.8876	35.8398	35.8257	35.8128	35.8106	35.7959	35.7585	35.7473	35.7252	35.7308	35.7197	35.6934	35.7011	35.6999	35.6819	35.673	35.658	35.6556	35.6494	35.6055	35.5804	35.5769	35.5514	35.5581	35.5221	35.5016	35.4911	35.4971	35.465	35.444	35.4359	35.4223	35.4148	35.4065	35.3937	35.3754	35.3554	35.3542	35.3516	35.3101	35.2893	35.2654	35.3026	35.3041	35.2834	35.2159	35.1757	35.2295	35.2267	35.2207	35.1663	35.0636	35.0074	35.0009	35.0337	35.1188	35.0693	35.0543	34.9948	34.8935	34.9307	35.0095	34.959	34.9029	34.8115	34.7573	34.8259	34.8338	34.7631	34.6531	34.6494	34.7422	34.6984	34.6775	34.5869	34.4654	34.5028	34.5634	34.3501	34.3828	34.5515	34.4774	34.4026	34.256	34.2926	34.3571	34.2717	34.1756	34.1276	33.9844	34.0126	34.1814	34.1012	34.0596	33.9824	33.935	33.9767	34.0302	34.0075	33.9099	33.9061	33.8364	33.8375	33.8456	33.9076	34.0804	35.479
Sgr-CMas_034-Ex1-cssl	35.3978	36.0563	36.1279	36.1178	36.1622	36.1203	36.1268	36.1281	36.1647	36.1656	36.1838	36.1633	36.1208	36.1336	36.1451	36.1543	36.1449	36.1439	36.1229	36.1068	36.0893	36.0947	36.0705	36.0596	36.039	36.0392	36.032	36.0183	35.9962	36.0028	35.9689	35.9612	35.9267	35.9462	35.9252	35.9086	35.8622	35.8788	35.8213	35.8649	35.867	35.8623	35.8453	35.8383	35.7927	35.7799	35.7768	35.7735	35.7543	35.7223	35.7012	35.6896	35.7	35.69	35.6571	35.6652	35.6579	35.6547	35.6437	35.6288	35.6247	35.6139	35.5775	35.557	35.5471	35.5178	35.5298	35.4954	35.4851	35.4722	35.47	35.4349	35.4147	35.4146	35.4077	35.3919	35.3736	35.3614	35.3468	35.3418	35.3374	35.3247	35.2881	35.2564	35.2464	35.2876	35.2921	35.2527	35.187	35.165	35.2036	35.2151	35.2	35.1459	35.0385	34.9942	34.9754	35.0095	35.099	35.0472	35.0327	34.9847	34.8728	34.8877	34.9772	34.9403	34.8746	34.7638	34.7277	34.7954	34.8105	34.7363	34.6253	34.6205	34.7006	34.6588	34.6286	34.5648	34.4206	34.4655	34.5285	34.3277	34.3456	34.5224	34.4512	34.363	34.2304	34.2412	34.3252	34.2511	34.1434	34.0859	33.9656	33.9747	34.1352	34.0422	34.0338	33.9276	33.896	33.9341	33.9914	33.9286	33.8741	33.8214	33.7973	33.7656	33.7993	33.8333	34.02	35.4736
Sgr-CMas_035-Ex1-cssl	35.3324	36.092	36.1582	36.1407	36.1791	36.1382	36.1346	36.1292	36.1756	36.1711	36.19	36.1653	36.1329	36.1488	36.1487	36.1612	36.1494	36.1542	36.1289	36.116	36.0936	36.0988	36.0727	36.069	36.0452	36.0456	36.0324	36.0267	36.0046	36.0141	35.98	35.9689	35.9262	35.946	35.9287	35.9061	35.8653	35.8782	35.8288	35.8757	35.8744	35.8655	35.8452	35.8443	35.7954	35.7776	35.7659	35.7719	35.7479	35.7289	35.6988	35.6935	35.6952	35.6879	35.6461	35.6594	35.6475	35.6452	35.6323	35.6339	35.6091	35.6046	35.5667	35.5532	35.5391	35.5089	35.5176	35.4788	35.474	35.4741	35.4597	35.4253	35.4165	35.4107	35.4009	35.3864	35.3721	35.3501	35.3432	35.3376	35.3296	35.3239	35.2834	35.2583	35.2308	35.2922	35.276	35.245	35.1828	35.1586	35.1906	35.2051	35.1943	35.1398	35.0329	34.9867	34.9654	35.0095	35.0996	35.0424	35.0294	34.9831	34.8778	34.8931	34.9764	34.9391	34.8751	34.7576	34.7331	34.8041	34.8214	34.7427	34.6262	34.6264	34.7	34.646	34.6411	34.5723	34.4253	34.4787	34.5496	34.3381	34.3627	34.5367	34.4601	34.3945	34.2447	34.2596	34.3453	34.2749	34.1538	34.0945	33.9723	34.0128	34.1452	34.0574	34.0623	33.967	33.9299	33.9612	34.0041	33.9693	33.9057	33.8487	33.8264	33.8119	33.8366	33.8531	34.0514	35.4678
Sgr-CMas_036-Ex1-cssl	35.4689	36.1295	36.2094	36.1825	36.2209	36.1805	36.1757	36.1642	36.212	36.2124	36.2327	36.1986	36.1703	36.1845	36.1899	36.1978	36.1904	36.1895	36.1593	36.1488	36.1307	36.1317	36.0999	36.1005	36.0734	36.0778	36.0721	36.0581	36.0354	36.0453	36.0107	35.9972	35.9566	35.9767	35.9601	35.9441	35.8968	35.9191	35.8634	35.9051	35.9067	35.8892	35.8758	35.8627	35.8192	35.8044	35.796	35.7962	35.7626	35.7434	35.7152	35.7016	35.708	35.7025	35.6708	35.6738	35.6675	35.6463	35.6341	35.6315	35.6158	35.613	35.573	35.5533	35.5341	35.5184	35.5174	35.4816	35.4722	35.4646	35.4472	35.4229	35.3984	35.3992	35.3903	35.3635	35.3538	35.3473	35.3163	35.3264	35.3182	35.3125	35.2578	35.2352	35.2105	35.2672	35.2439	35.2367	35.1487	35.135	35.1632	35.1693	35.1633	35.1007	34.995	34.9446	34.9341	34.9766	35.0481	35.0105	34.9894	34.9395	34.8271	34.8382	34.9229	34.8839	34.8226	34.7114	34.6651	34.7444	34.7463	34.6707	34.5539	34.5613	34.6469	34.5925	34.5663	34.4877	34.3689	34.394	34.459	34.2613	34.2857	34.4602	34.3821	34.2995	34.1677	34.1846	34.2827	34.18	34.0753	34.02	33.9136	33.9319	34.0751	33.9807	33.9645	33.8828	33.8305	33.8824	33.915	33.8738	33.825	33.7643	33.736	33.7285	33.7755	33.7845	34.0019	35.4702
Sgr-CMas_038-Ex1-cssl	35.5849	36.1851	36.258	36.2656	36.3144	36.2797	36.285	36.2826	36.3156	36.3136	36.3289	36.3159	36.2829	36.297	36.2979	36.3026	36.2959	36.2951	36.2694	36.2614	36.2478	36.245	36.2235	36.2201	36.1935	36.1999	36.1861	36.1795	36.1589	36.1619	36.131	36.1306	36.0896	36.1115	36.0929	36.0724	36.0261	36.044	35.9919	36.0429	36.0378	36.0322	36.0094	36.0045	35.9575	35.944	35.9383	35.9423	35.9168	35.8968	35.8744	35.8672	35.8684	35.8672	35.8318	35.8413	35.8295	35.8316	35.8174	35.8091	35.7991	35.7995	35.7643	35.7453	35.7299	35.7024	35.7171	35.6783	35.6771	35.6677	35.6612	35.6332	35.6168	35.6157	35.6047	35.5915	35.5778	35.5591	35.5504	35.5514	35.5483	35.5434	35.5078	35.4836	35.461	35.5089	35.4952	35.4753	35.4089	35.3859	35.414	35.4337	35.4249	35.369	35.2687	35.234	35.2166	35.251	35.3229	35.2751	35.2612	35.2122	35.1043	35.1321	35.2114	35.1672	35.1142	35.0078	34.9713	35.0315	35.0432	34.9675	34.8685	34.8642	34.9539	34.8992	34.8913	34.8072	34.6781	34.7108	34.7732	34.5818	34.5957	34.7505	34.6954	34.5994	34.4747	34.4825	34.5711	34.4779	34.3794	34.3179	34.2083	34.2312	34.3624	34.2606	34.2403	34.1701	34.1274	34.1407	34.1827	34.1526	34.0729	34.042	33.986	33.9877	33.9994	34.0206	34.1869	35.5239
Sgr-CMas_040-Ex1-cssl	35.2955	36.092	36.1701	36.1572	36.1925	36.1509	36.1554	36.1484	36.1814	36.1815	36.2037	36.1869	36.1485	36.1625	36.1691	36.1745	36.1672	36.1672	36.1374	36.1306	36.107	36.116	36.0888	36.0877	36.0629	36.0668	36.0583	36.0444	36.029	36.0316	36.0007	35.9957	35.9604	35.9791	35.9633	35.941	35.8954	35.914	35.8629	35.9131	35.9102	35.9036	35.8863	35.8811	35.8392	35.8225	35.8213	35.8112	35.7954	35.765	35.7524	35.7407	35.7523	35.742	35.7153	35.7135	35.7096	35.7013	35.6928	35.6789	35.6771	35.6684	35.6409	35.6172	35.6078	35.5789	35.5915	35.5513	35.5488	35.544	35.5376	35.5061	35.497	35.4904	35.4837	35.4687	35.4513	35.4358	35.4293	35.426	35.425	35.4112	35.3809	35.3515	35.3365	35.3841	35.3791	35.3489	35.2865	35.268	35.3084	35.3105	35.3107	35.252	35.1563	35.1129	35.1017	35.139	35.2212	35.1668	35.1624	35.1132	35.0059	35.0247	35.1121	35.068	35.0235	34.9043	34.8695	34.9518	34.9607	34.8944	34.7735	34.7813	34.8751	34.8153	34.801	34.7237	34.5896	34.6338	34.7045	34.4957	34.5237	34.6887	34.6353	34.5447	34.4111	34.4306	34.5324	34.438	34.3307	34.2682	34.1509	34.1827	34.3316	34.2324	34.2205	34.1449	34.115	34.1329	34.1855	34.132	34.0709	34.0284	33.9927	33.9765	33.9872	33.9932	34.1431	35.49
Sgr-CMas_042-Ex1-cssl	35.3433	36.0752	36.1295	36.1123	36.1513	36.1159	36.1165	36.1186	36.15	36.1537	36.1678	36.145	36.1085	36.1199	36.1273	36.1343	36.1266	36.1312	36.1014	36.0919	36.0655	36.0752	36.0504	36.0458	36.0226	36.0244	36.0076	36.0006	35.9771	35.9913	35.9517	35.9423	35.9029	35.9198	35.9059	35.8806	35.835	35.8549	35.7992	35.846	35.845	35.8359	35.8121	35.8058	35.7681	35.7493	35.7437	35.7375	35.7126	35.6917	35.6574	35.646	35.6531	35.6431	35.6072	35.6236	35.6177	35.6022	35.5911	35.5788	35.5658	35.561	35.5201	35.4958	35.4847	35.4485	35.4742	35.4277	35.419	35.4101	35.4228	35.3763	35.3557	35.3569	35.3386	35.3251	35.3138	35.2942	35.2755	35.274	35.263	35.25	35.2221	35.2015	35.1753	35.2232	35.2225	35.186	35.1128	35.1032	35.1185	35.1254	35.1184	35.0588	34.9438	34.9138	34.894	34.9297	35.0093	34.9562	34.9323	34.8853	34.7598	34.8007	34.8896	34.8546	34.788	34.6716	34.635	34.7073	34.7125	34.6495	34.526	34.5228	34.6061	34.5604	34.5421	34.4637	34.2954	34.3541	34.4315	34.2224	34.2598	34.4194	34.3657	34.248	34.1339	34.1397	34.2385	34.1209	34.0353	33.9762	33.8288	33.8662	34.0202	33.9107	33.8918	33.8222	33.7943	33.8161	33.8576	33.8282	33.7538	33.7098	33.6461	33.6594	33.7003	33.7201	33.9168	35.4268
Sgr-CMas_043-Ex1-cssl	35.4448	36.0859	36.1701	36.1485	36.1949	36.1491	36.153	36.1554	36.1959	36.1941	36.2137	36.191	36.1557	36.171	36.1772	36.1825	36.1743	36.1795	36.1524	36.1418	36.1215	36.123	36.0957	36.0907	36.0606	36.0609	36.0563	36.0425	36.0207	36.0259	35.9932	35.9892	35.952	35.9575	35.9419	35.9278	35.8774	35.8939	35.838	35.8863	35.8817	35.8713	35.8483	35.8497	35.7963	35.78	35.7767	35.7759	35.752	35.7297	35.6975	35.6885	35.6995	35.6864	35.6557	35.6666	35.6417	35.6415	35.6243	35.6175	35.6026	35.5963	35.56	35.538	35.5189	35.4907	35.5041	35.4768	35.4502	35.454	35.4371	35.3981	35.3931	35.3841	35.3752	35.3659	35.3351	35.3192	35.3042	35.3137	35.2869	35.2963	35.2461	35.2266	35.1952	35.2549	35.2317	35.2097	35.1334	35.1182	35.1307	35.1536	35.1421	35.0892	34.9717	34.9305	34.9153	34.9561	35.029	34.9764	34.9677	34.9062	34.7938	34.8219	34.8957	34.8551	34.7934	34.6866	34.651	34.7251	34.7355	34.6503	34.551	34.538	34.6197	34.5863	34.5536	34.4788	34.3291	34.3799	34.4495	34.2606	34.2801	34.4308	34.3668	34.279	34.1399	34.1541	34.2377	34.1594	34.0526	33.9798	33.8815	33.8896	34.0344	33.9529	33.9168	33.8375	33.8176	33.8341	33.8996	33.8349	33.7811	33.7319	33.7046	33.6874	33.7328	33.7723	33.9637	35.4581
Sgr-CMas_044-Ex1-cssl	35.3879	36.0631	36.1642	36.1425	36.1814	36.1385	36.13	36.1363	36.1791	36.1794	36.2004	36.174	36.143	36.1568	36.1587	36.169	36.1592	36.1666	36.1399	36.1225	36.1049	36.1131	36.0832	36.0836	36.0494	36.0537	36.0405	36.0387	36.0151	36.0255	35.9861	35.9879	35.945	35.9631	35.9434	35.9211	35.8667	35.887	35.834	35.8843	35.8808	35.8692	35.8546	35.8363	35.7878	35.7744	35.7763	35.7665	35.75	35.7098	35.6911	35.6769	35.6866	35.6798	35.6457	35.6393	35.632	35.6317	35.6135	35.6054	35.5883	35.5849	35.5483	35.5306	35.513	35.473	35.4942	35.4582	35.4457	35.4337	35.4357	35.4077	35.3835	35.3819	35.3641	35.3492	35.3222	35.3155	35.2951	35.2968	35.2842	35.2641	35.221	35.1909	35.1789	35.2293	35.2264	35.1892	35.1176	35.0915	35.1364	35.1366	35.1346	35.0786	34.9657	34.9294	34.9082	34.9398	35.0101	34.9818	34.9398	34.9064	34.7851	34.8129	34.8777	34.8558	34.7837	34.6754	34.65	34.7197	34.7053	34.655	34.5335	34.5508	34.6154	34.5792	34.5498	34.4673	34.3321	34.382	34.4508	34.2427	34.2684	34.4468	34.3639	34.2806	34.1451	34.1568	34.2424	34.1493	34.0501	34.0134	33.8867	33.8957	34.0453	33.9545	33.9361	33.8436	33.8264	33.8388	33.8802	33.8708	33.7983	33.7473	33.7219	33.7138	33.7631	33.7716	33.9739	35.4572
Sgr-CMas_045-Ex1-cssl	35.4219	36.1217	36.201	36.1783	36.214	36.1746	36.1795	36.1779	36.2085	36.2026	36.2252	36.2037	36.1682	36.1791	36.1813	36.1941	36.1816	36.1874	36.1602	36.1521	36.1303	36.1334	36.1138	36.1041	36.0813	36.083	36.0761	36.0641	36.0488	36.051	36.0205	36.0099	35.9715	35.9937	35.9807	35.9556	35.91	35.9298	35.8735	35.922	35.918	35.909	35.8906	35.8795	35.8433	35.8258	35.8248	35.824	35.7985	35.7737	35.7438	35.7326	35.75	35.7398	35.7123	35.7172	35.7094	35.7058	35.6886	35.6827	35.6693	35.6718	35.6312	35.6062	35.6022	35.5812	35.5804	35.546	35.5443	35.5303	35.5291	35.4953	35.4787	35.4745	35.4672	35.4536	35.4422	35.4231	35.4084	35.4114	35.4077	35.3999	35.3651	35.3412	35.3151	35.3705	35.3524	35.3377	35.2683	35.2511	35.2815	35.2916	35.2804	35.2326	35.1214	35.0887	35.0688	35.1066	35.1792	35.1372	35.1236	35.0803	34.9601	34.9926	35.0709	35.034	34.9664	34.8698	34.8317	34.9021	34.9061	34.8358	34.7154	34.7166	34.8163	34.7578	34.7382	34.6649	34.5328	34.5617	34.6413	34.4304	34.4659	34.6401	34.5577	34.4964	34.3541	34.3508	34.4439	34.3671	34.2703	34.2002	34.0731	34.1099	34.2646	34.1655	34.1448	34.0517	34.0224	34.0558	34.0731	34.0325	33.9903	33.9412	33.9103	33.8836	33.91	33.9313	34.0933	35.4803
Sgr-CMas_046-Ex1-cssl	35.2898	35.9169	36.0151	36.0329	36.0797	36.0361	36.0538	36.0227	36.1063	36.0696	36.1145	36.0737	36.0403	36.0556	36.0558	36.0551	36.0785	36.0573	36.0442	36.0358	36.0098	35.9962	36.0005	35.9394	35.9517	35.9284	35.9418	35.8963	35.8906	35.8552	35.8408	35.7926	35.7602	35.7407	35.7528	35.7206	35.6781	35.6816	35.6392	35.6535	35.6919	35.6507	35.6411	35.5943	35.5641	35.503	35.5156	35.4565	35.4833	35.438	35.4341	35.3821	35.3706	35.3627	35.3384	35.3238	35.3126	35.3013	35.2958	35.2712	35.2577	35.2485	35.1885	35.1398	35.1175	35.0975	35.1024	35.0591	35.0399	35.0351	35.0144	34.9885	34.9179	34.9348	34.9002	34.8961	34.8734	34.8716	34.8105	34.8589	34.7785	34.7904	34.6512	34.6498	34.6246	34.6684	34.6637	34.5993	34.561	34.5374	34.56	34.5444	34.5507	34.5116	34.3479	34.3487	34.2595	34.3466	34.3496	34.348	34.2801	34.2971	34.12	34.1781	34.1932	34.1809	34.1283	34.0243	33.8857	34.0351	34.0369	33.9601	33.7533	33.7672	33.8684	33.7851	33.8269	33.7246	33.5821	33.5856	33.6516	33.4989	33.4299	33.6215	33.5427	33.5184	33.3964	33.4159	33.4157	33.3881	33.2373	33.2683	33.0192	33.0659	33.1983	33.064	33.0938	33.0082	32.9351	32.9343	33.0079	33.0238	32.9309	32.8098	32.9142	32.923	32.9329	33.0886	33.4083	35.2761
Sgr-CMas_047-Ex1-cssl	35.4089	36.0818	36.1588	36.1422	36.1822	36.1448	36.1452	36.1443	36.1811	36.1876	36.2064	36.1835	36.145	36.1561	36.1662	36.1751	36.1623	36.1699	36.1423	36.1337	36.1131	36.1163	36.0897	36.0848	36.0595	36.0618	36.0574	36.0461	36.025	36.032	35.9992	35.9902	35.9543	35.97	35.9528	35.9327	35.8918	35.9103	35.8533	35.8985	35.9056	35.8918	35.8758	35.8664	35.8232	35.8118	35.8119	35.804	35.7859	35.757	35.7373	35.7239	35.7334	35.7242	35.6966	35.7021	35.696	35.6867	35.6738	35.6663	35.6503	35.6477	35.6144	35.5919	35.5909	35.554	35.5712	35.5345	35.5302	35.5178	35.5131	35.4785	35.4626	35.4607	35.4486	35.4369	35.422	35.4089	35.3991	35.3967	35.3875	35.3779	35.3404	35.3193	35.2892	35.3399	35.3365	35.3163	35.2479	35.2223	35.2537	35.2689	35.2582	35.1949	35.0918	35.0478	35.0386	35.0729	35.1562	35.1176	35.1062	35.045	34.929	34.955	35.0385	35.0083	34.9459	34.8307	34.7925	34.8748	34.8822	34.8149	34.6853	34.6963	34.7864	34.7234	34.7075	34.6373	34.4994	34.5384	34.6027	34.4101	34.434	34.6067	34.5338	34.444	34.3284	34.3196	34.4163	34.3378	34.2256	34.1781	34.0268	34.0688	34.2159	34.1342	34.1182	34.0191	34.0062	34.0323	34.0533	34.0324	33.9616	33.9176	33.8792	33.8679	33.8908	33.8999	34.0808	35.4882
Sgr-CMas_048-Ex1-cssl	35.5229	36.0945	36.1832	36.1571	36.2029	36.1641	36.1578	36.1564	36.1979	36.2008	36.2185	36.1949	36.1589	36.1682	36.1832	36.1898	36.1786	36.1838	36.1483	36.1403	36.1242	36.1294	36.1032	36.0988	36.0772	36.0691	36.068	36.046	36.0311	36.0372	36.0008	35.9965	35.9615	35.9708	35.9587	35.9308	35.8858	35.9099	35.8567	35.8993	35.8971	35.8827	35.8708	35.8593	35.8224	35.8055	35.8005	35.7928	35.7722	35.7535	35.7274	35.7023	35.719	35.7083	35.6757	35.6814	35.6731	35.6664	35.6504	35.6384	35.6291	35.6176	35.5804	35.5594	35.5523	35.5071	35.5364	35.4926	35.4918	35.4706	35.469	35.4275	35.4186	35.3994	35.4069	35.3859	35.3743	35.3607	35.3476	35.3489	35.3366	35.3215	35.3	35.2632	35.2356	35.2906	35.2771	35.2501	35.1868	35.1665	35.2042	35.1953	35.2039	35.1452	35.0437	34.9954	34.9748	35.0186	35.0823	35.0396	35.0349	34.9826	34.8677	34.8877	34.9688	34.9363	34.8756	34.7641	34.7291	34.8213	34.813	34.7414	34.6217	34.6259	34.7158	34.6631	34.6467	34.5755	34.4317	34.4809	34.5206	34.3418	34.3509	34.5127	34.4436	34.3762	34.2358	34.2412	34.3216	34.2461	34.1378	34.0805	33.9594	33.9968	34.1466	34.06	34.0598	33.9751	33.9168	33.9439	33.9851	33.9544	33.8841	33.8477	33.8025	33.7884	33.8211	33.8609	34.0668	35.4929
Sgr-CMas_049-Ex1-cssl	34.9942	35.9436	36.0346	36.0197	36.0536	36.0132	35.9983	35.9967	36.0356	36.0433	36.0586	36.0333	35.9986	36.0183	36.0289	36.0394	36.0258	36.0345	35.9985	35.9947	35.9693	35.9743	35.9472	35.9469	35.9153	35.915	35.915	35.9014	35.8813	35.8914	35.8552	35.8473	35.8008	35.8307	35.8107	35.7935	35.7407	35.7658	35.7042	35.7614	35.761	35.7577	35.7343	35.7287	35.6806	35.6672	35.663	35.6652	35.6428	35.6155	35.592	35.5852	35.5963	35.5871	35.5586	35.5657	35.5602	35.5567	35.5449	35.5339	35.5238	35.5231	35.4856	35.4629	35.457	35.4193	35.4418	35.3976	35.3973	35.3848	35.3834	35.3481	35.3405	35.3338	35.3285	35.3145	35.2992	35.283	35.2699	35.2715	35.263	35.2665	35.2222	35.1899	35.1791	35.2223	35.2222	35.1827	35.1239	35.0976	35.142	35.148	35.1483	35.0872	34.9786	34.9344	34.9205	34.9614	35.0491	35.0008	34.9838	34.939	34.8253	34.8314	34.9484	34.8995	34.8373	34.7179	34.6889	34.7686	34.776	34.6915	34.572	34.5748	34.676	34.6129	34.6051	34.5263	34.3738	34.419	34.507	34.2751	34.3044	34.4936	34.4271	34.331	34.2069	34.2016	34.3223	34.2286	34.1243	34.0475	33.9248	33.9361	34.124	34.0182	34.0223	33.9255	33.8678	33.9032	33.9485	33.9159	33.8628	33.8093	33.7725	33.7605	33.7868	33.8001	33.9926	35.4344
Sgr-CMas_050-Ex1-cssl	35.5781	36.132	36.1944	36.1836	36.2323	36.195	36.1852	36.1905	36.2202	36.224	36.2422	36.2292	36.1953	36.208	36.2139	36.2195	36.2127	36.2115	36.1823	36.1733	36.1565	36.1599	36.1368	36.1323	36.1074	36.1084	36.1008	36.0823	36.072	36.0736	36.0385	36.0354	35.9967	36.0176	35.9987	35.9808	35.9319	35.9575	35.9022	35.9495	35.9451	35.9384	35.9168	35.9113	35.8677	35.8508	35.8442	35.8421	35.8221	35.8007	35.771	35.7682	35.7735	35.7638	35.731	35.7401	35.7305	35.7241	35.7094	35.7021	35.688	35.6889	35.6523	35.6308	35.6173	35.5914	35.601	35.5658	35.5611	35.5498	35.5461	35.5108	35.4963	35.4965	35.4873	35.4647	35.4515	35.437	35.4253	35.4219	35.4136	35.413	35.3732	35.3485	35.3282	35.3746	35.3628	35.3375	35.2677	35.2507	35.2789	35.2948	35.28	35.2223	35.1184	35.0811	35.0669	35.0999	35.1737	35.1214	35.1169	35.0576	34.9603	34.9786	35.063	35.0181	34.9564	34.839	34.8173	34.8901	34.8963	34.821	34.7049	34.7131	34.7936	34.7391	34.7166	34.6339	34.4965	34.5376	34.6094	34.4032	34.4392	34.5907	34.5152	34.4439	34.3142	34.3105	34.405	34.3197	34.222	34.1584	34.023	34.0546	34.1985	34.1119	34.0944	34.007	33.9865	33.9958	34.0313	33.9962	33.9389	33.8785	33.8508	33.8365	33.8562	33.881	34.0913	35.4884
Sgr-CMas_052-Ex1-cssl	35.421	36.1191	36.1873	36.1672	36.2044	36.1612	36.1633	36.1569	36.1948	36.1926	36.2181	36.1972	36.1617	36.1727	36.178	36.1825	36.1763	36.1732	36.1473	36.133	36.1144	36.1206	36.0952	36.0907	36.0641	36.0621	36.0585	36.0369	36.0283	36.0213	35.9896	35.9809	35.9396	35.9558	35.9471	35.9159	35.8689	35.8986	35.8354	35.8793	35.878	35.8665	35.8567	35.8405	35.7931	35.777	35.7753	35.764	35.7448	35.712	35.6948	35.6717	35.6936	35.6762	35.6377	35.645	35.6394	35.6272	35.6219	35.6078	35.5941	35.577	35.5504	35.5198	35.5172	35.4711	35.4984	35.4427	35.4522	35.4299	35.429	35.3893	35.3779	35.3705	35.3691	35.3528	35.3244	35.308	35.2941	35.2775	35.2758	35.265	35.2311	35.1916	35.1839	35.2266	35.2069	35.1757	35.1124	35.0877	35.1202	35.1226	35.1203	35.0592	34.957	34.9168	34.9046	34.928	35.0101	34.9548	34.9479	34.9029	34.7859	34.8137	34.8909	34.8552	34.7922	34.6756	34.6288	34.7043	34.7178	34.6401	34.52	34.5094	34.6203	34.5631	34.5364	34.4819	34.3013	34.3469	34.4192	34.2287	34.2463	34.3977	34.3457	34.2448	34.122	34.1384	34.2082	34.1167	34.0077	33.961	33.8341	33.864	34.0253	33.9049	33.9172	33.8294	33.7811	33.7913	33.8292	33.8072	33.7498	33.6793	33.6568	33.6582	33.689	33.709	33.9338	35.4402
Sgr-CMas_054-Ex1-cssl	35.4513	36.0638	36.1362	36.1124	36.1576	36.1147	36.1207	36.1149	36.1489	36.1524	36.1747	36.1487	36.1105	36.1234	36.1309	36.1363	36.1261	36.1261	36.0994	36.0858	36.069	36.0723	36.0456	36.0391	36.0113	36.0141	36.0096	35.9874	35.9743	35.9724	35.9418	35.9307	35.899	35.911	35.9002	35.8738	35.8294	35.849	35.7852	35.834	35.8363	35.8137	35.8003	35.7883	35.748	35.7302	35.7252	35.7221	35.7023	35.6771	35.6493	35.6344	35.6496	35.6278	35.5992	35.6014	35.599	35.5936	35.58	35.5589	35.5449	35.5425	35.5105	35.4856	35.4839	35.4449	35.4607	35.4115	35.411	35.3943	35.3907	35.3549	35.3359	35.3247	35.3269	35.303	35.2846	35.2685	35.2622	35.247	35.2426	35.2289	35.1956	35.1672	35.1454	35.1943	35.1781	35.1544	35.0784	35.0652	35.0929	35.1076	35.0959	35.0313	34.919	34.8816	34.8612	34.8992	34.9838	34.9351	34.9065	34.8705	34.7305	34.7752	34.864	34.8108	34.7478	34.6331	34.5891	34.6646	34.692	34.6094	34.4864	34.4857	34.5746	34.5235	34.4998	34.4104	34.2744	34.3131	34.3791	34.1707	34.1938	34.3719	34.3022	34.2322	34.0708	34.0885	34.18	34.0979	33.9989	33.9366	33.7997	33.8161	33.9744	33.8743	33.8808	33.7916	33.7383	33.7684	33.7994	33.7667	33.7109	33.6672	33.6275	33.6187	33.6664	33.6659	33.896	35.4271
Sgr-CMas_055-Ex1-cssl	35.2737	35.8315	35.9547	35.9155	36.0127	35.9173	35.9717	35.9694	35.9965	35.9737	36.0081	35.9621	35.9574	35.9282	35.9991	35.9889	36.0031	35.9506	35.9787	35.8942	35.9203	35.8907	35.8857	35.864	35.834	35.8168	35.862	35.7906	35.7692	35.7438	35.7252	35.7253	35.6262	35.6107	35.6351	35.5809	35.5572	35.5651	35.4826	35.524	35.5198	35.446	35.4987	35.4077	35.421	35.3166	35.3373	35.2839	35.3431	35.2443	35.182	35.1204	35.2147	35.1044	35.1518	35.046	35.0608	35.0104	35.0144	34.9213	34.9661	34.8592	34.8087	34.8055	34.8225	34.7037	34.7001	34.6788	34.6656	34.577	34.5972	34.4976	34.4945	34.4375	34.4798	34.3993	34.3888	34.364	34.3493	34.2746	34.2567	34.2124	34.1521	34.1402	34.0745	34.0861	34.117	34.0711	34.0248	34.0145	33.9952	33.9398	33.9293	33.8467	33.7266	33.6172	33.6376	33.6592	33.6959	33.6765	33.6729	33.6076	33.4494	33.5115	33.5521	33.5315	33.4757	33.3857	33.375	33.4024	33.3869	33.264	33.1417	33.0902	33.1371	33.2268	33.0917	33.0442	32.8779	32.9657	32.9883	32.7834	32.7919	32.9981	32.8831	32.7571	32.6179	32.6801	32.6448	32.6211	32.4254	32.4985	32.2482	32.3698	32.4847	32.447	32.5037	32.2392	32.2193	32.2768	32.3818	32.2103	32.1537	32.1245	32.206	32.1799	32.2765	32.498	32.9102	35.1997
Sgr-CMas_056-Ex1-cssl	35.3272	36.0558	36.1434	36.1249	36.165	36.1236	36.1237	36.1202	36.1566	36.156	36.1699	36.1515	36.1125	36.1253	36.1272	36.1381	36.1286	36.1331	36.0997	36.0948	36.0762	36.0764	36.0462	36.0494	36.0243	36.0245	36.0227	36.0031	35.9763	35.9857	35.9511	35.9422	35.9054	35.9256	35.9007	35.8859	35.839	35.8559	35.8028	35.8537	35.8489	35.8368	35.8161	35.8102	35.7592	35.754	35.733	35.7485	35.7038	35.6887	35.6523	35.6405	35.6543	35.6458	35.6057	35.6099	35.6029	35.598	35.5898	35.58	35.5623	35.5519	35.5192	35.4986	35.4814	35.4585	35.4725	35.4276	35.4253	35.4072	35.4039	35.3502	35.3564	35.3414	35.331	35.3279	35.3065	35.2801	35.2635	35.2776	35.2626	35.2561	35.2095	35.1766	35.1668	35.2089	35.2077	35.1839	35.1017	35.0943	35.1179	35.131	35.1151	35.052	34.9593	34.9163	34.8981	34.9337	35.0156	34.9609	34.9574	34.8993	34.7819	34.8124	34.8969	34.8524	34.7976	34.6789	34.6468	34.7167	34.7257	34.6622	34.5268	34.5198	34.6258	34.5722	34.5361	34.4683	34.32	34.3832	34.4434	34.2296	34.2571	34.4255	34.3645	34.2865	34.1439	34.154	34.2533	34.163	34.0762	33.9948	33.8838	33.8825	34.0564	33.9492	33.952	33.8426	33.8195	33.8452	33.877	33.8527	33.7884	33.7362	33.7184	33.7098	33.7275	33.7565	33.9529	35.4432
Sgr-CMas_057-Ex1-cssl	35.4956	36.1182	36.1971	36.1672	36.2047	36.1545	36.1626	36.1575	36.1949	36.192	36.2093	36.1883	36.1505	36.163	36.1672	36.1767	36.1703	36.1715	36.1468	36.1319	36.1155	36.108	36.0872	36.0816	36.0569	36.0579	36.0479	36.0306	36.0172	36.0198	35.9815	35.9778	35.9399	35.9543	35.9391	35.9168	35.869	35.8744	35.8336	35.8778	35.883	35.8595	35.8494	35.8311	35.7925	35.7766	35.774	35.7746	35.7404	35.7091	35.6971	35.6755	35.6858	35.6713	35.6473	35.6475	35.6418	35.6231	35.6183	35.6057	35.5886	35.5874	35.547	35.5141	35.5107	35.4781	35.4968	35.4526	35.4535	35.4295	35.4332	35.3885	35.3825	35.3641	35.3627	35.3373	35.3282	35.3102	35.2964	35.2977	35.2815	35.2772	35.2391	35.2068	35.1861	35.2382	35.2369	35.1931	35.1266	35.1063	35.1501	35.1427	35.1394	35.0747	34.9625	34.9223	34.9131	34.9406	35.0299	34.9757	34.9511	34.9005	34.7739	34.818	34.8958	34.8685	34.7946	34.6847	34.6518	34.7296	34.7239	34.6559	34.5327	34.5381	34.6363	34.5719	34.5475	34.466	34.3284	34.3688	34.4509	34.2389	34.2588	34.45	34.3599	34.2729	34.1365	34.1509	34.2545	34.1469	34.0638	33.9971	33.8658	33.9087	34.068	33.9552	33.9385	33.8557	33.8181	33.8526	33.8718	33.8424	33.7821	33.7359	33.7132	33.6947	33.7264	33.7753	33.9513	35.4423
Sgr-CMas_058-Ex1-cssl	35.5648	36.0886	36.1746	36.1596	36.2084	36.1657	36.1641	36.1597	36.2021	36.201	36.2224	36.199	36.1707	36.181	36.1875	36.1978	36.1871	36.1907	36.1597	36.1494	36.1339	36.138	36.1154	36.112	36.0843	36.0889	36.0793	36.0633	36.0473	36.0514	36.0195	36.0111	35.9754	35.9975	35.9782	35.9572	35.9068	35.9366	35.8782	35.9292	35.927	35.9219	35.9043	35.8945	35.8499	35.8317	35.8361	35.8306	35.8061	35.7844	35.7581	35.748	35.7564	35.7496	35.7115	35.7299	35.7133	35.7163	35.7008	35.6965	35.6763	35.6772	35.6412	35.6225	35.6078	35.5882	35.5939	35.5584	35.5487	35.542	35.5351	35.5064	35.4921	35.4928	35.4765	35.4696	35.4371	35.4362	35.4202	35.4219	35.4069	35.4083	35.3663	35.3421	35.3193	35.3677	35.367	35.342	35.2676	35.2551	35.2839	35.2943	35.2786	35.2371	35.1228	35.084	35.0681	35.1118	35.184	35.1463	35.1214	35.0835	34.9646	34.9979	35.0706	35.0348	34.9855	34.8704	34.8332	34.9014	34.8997	34.8479	34.7159	34.7315	34.821	34.7707	34.7468	34.6833	34.5383	34.578	34.6412	34.4542	34.4655	34.6447	34.5602	34.4943	34.3476	34.3642	34.4406	34.3595	34.2681	34.2127	34.0913	34.1224	34.2754	34.1736	34.1573	34.0737	34.0429	34.0667	34.0997	34.0746	34.0221	33.9723	33.9403	33.9222	33.9578	33.9554	34.1489	35.511
Sgr-CMas_059-Ex1-cssl	35.7054	36.1327	36.2404	36.22	36.27	36.2252	36.2296	36.2225	36.2689	36.2676	36.2859	36.2613	36.2217	36.2406	36.2471	36.2498	36.2441	36.246	36.2138	36.2072	36.1921	36.1912	36.1704	36.1613	36.1442	36.1376	36.1368	36.115	36.1048	36.1056	36.0777	36.0671	36.0374	36.0492	36.0288	36.0082	35.9702	35.9813	35.9317	35.9827	35.9775	35.9623	35.9405	35.939	35.8964	35.8746	35.8731	35.8686	35.8484	35.8148	35.7887	35.7837	35.7973	35.7806	35.7438	35.7507	35.7568	35.7297	35.7277	35.7052	35.7032	35.695	35.6667	35.6467	35.6373	35.5999	35.6125	35.5733	35.5756	35.5586	35.5563	35.5184	35.5159	35.5012	35.4951	35.4793	35.4512	35.4439	35.4321	35.4266	35.4151	35.4095	35.3707	35.3424	35.3281	35.3848	35.3703	35.3375	35.2647	35.2373	35.2689	35.2758	35.2692	35.208	35.1157	35.0711	35.0585	35.0822	35.1678	35.1091	35.0942	35.0525	34.9463	34.9708	35.0442	35.0019	34.9473	34.8348	34.8065	34.8687	34.8871	34.8027	34.708	34.6927	34.782	34.7297	34.7155	34.6315	34.4959	34.535	34.6045	34.3978	34.4472	34.5814	34.5297	34.4441	34.3121	34.3199	34.3923	34.3093	34.2199	34.1471	34.0337	34.0459	34.2266	34.1157	34.1164	34.009	33.9885	34.0161	34.0502	34.0086	33.9307	33.9063	33.8747	33.8563	33.8906	33.9074	34.1114	35.4934
Sgr-CMas_061-Ex1-cssl	35.4061	35.9951	36.0945	36.1081	36.1541	36.1109	36.1103	36.0991	36.1486	36.1523	36.1706	36.1399	36.1083	36.1253	36.1342	36.142	36.1314	36.1381	36.1092	36.0905	36.0738	36.0788	36.0492	36.0465	36.0156	36.0207	36.0142	36.002	35.9878	35.9911	35.9633	35.9522	35.9106	35.9293	35.9104	35.8854	35.8414	35.8683	35.8112	35.8623	35.8599	35.8496	35.832	35.8208	35.7776	35.7599	35.757	35.7512	35.7344	35.7126	35.683	35.6756	35.6874	35.6749	35.6464	35.6522	35.6437	35.6375	35.6218	35.6183	35.6074	35.5989	35.5727	35.54	35.5341	35.5082	35.519	35.48	35.4697	35.4686	35.4682	35.437	35.4178	35.42	35.4039	35.3955	35.369	35.3601	35.339	35.3432	35.3405	35.339	35.3012	35.2688	35.2486	35.306	35.2962	35.2698	35.2053	35.1808	35.2114	35.2255	35.2204	35.1619	35.0611	35.0087	34.9956	35.0388	35.1231	35.0726	35.0546	35.0059	34.8827	34.9138	35.0018	34.9594	34.9034	34.7829	34.7427	34.8308	34.8416	34.7646	34.6379	34.6339	34.7411	34.6844	34.6703	34.5925	34.4339	34.488	34.5514	34.3521	34.3755	34.5584	34.4867	34.4009	34.2634	34.2716	34.3613	34.2752	34.1634	34.1148	33.9966	34.0152	34.1664	34.072	34.0606	33.946	33.9302	33.962	33.9804	33.9629	33.9039	33.8354	33.8074	33.8034	33.8382	33.8574	34.0165	35.4664
Sgr-CMas_062-Ex1-cssl	35.0754	35.9854	36.0781	36.0547	36.0871	36.0492	36.0381	36.0326	36.0687	36.0784	36.0957	36.0678	36.0317	36.0448	36.0585	36.0698	36.0553	36.0589	36.032	36.0211	35.9959	35.9991	35.9796	35.9723	35.9456	35.9427	35.9402	35.9206	35.9147	35.9142	35.8813	35.8759	35.8303	35.8496	35.837	35.8085	35.7641	35.7797	35.7298	35.7863	35.7821	35.7688	35.7524	35.7418	35.7037	35.6834	35.6749	35.6732	35.6515	35.6276	35.6035	35.591	35.6094	35.5952	35.5632	35.5643	35.5614	35.5485	35.5356	35.5175	35.5129	35.5105	35.4769	35.4461	35.4384	35.411	35.4165	35.3775	35.3795	35.3604	35.3553	35.324	35.319	35.3062	35.3054	35.2846	35.2596	35.252	35.2346	35.2397	35.2298	35.2299	35.1921	35.1576	35.1385	35.1866	35.182	35.141	35.0803	35.0535	35.0922	35.0925	35.0884	35.0195	34.9231	34.8835	34.8677	34.9003	34.9858	34.9299	34.9235	34.8725	34.7437	34.7798	34.8714	34.8203	34.7667	34.6344	34.6093	34.6862	34.6926	34.6225	34.4954	34.4844	34.5887	34.5361	34.5132	34.4396	34.2891	34.3194	34.4055	34.1941	34.2149	34.3808	34.3149	34.2441	34.1005	34.1162	34.2183	34.1182	34.009	33.9462	33.803	33.8522	34.0227	33.9072	33.8851	33.8054	33.7643	33.7777	33.8376	33.804	33.7366	33.6739	33.6572	33.6414	33.6806	33.6998	33.8872	35.4187
Sgr-CMas_063-Ex1-cssl	35.3104	36.0751	36.146	36.1373	36.1762	36.1339	36.135	36.1351	36.1671	36.1655	36.1851	36.1713	36.1344	36.15	36.1514	36.1614	36.1489	36.153	36.1219	36.113	36.0932	36.101	36.0731	36.0685	36.0452	36.0479	36.0414	36.0242	36.0077	36.0103	35.9784	35.9723	35.9337	35.9546	35.9403	35.9173	35.872	35.8901	35.8329	35.8808	35.8811	35.8728	35.8554	35.8497	35.804	35.7896	35.7819	35.7834	35.7591	35.7411	35.7184	35.7033	35.7184	35.7064	35.6709	35.6841	35.6723	35.6658	35.6516	35.6514	35.6334	35.6346	35.5997	35.5762	35.5611	35.5396	35.5526	35.5157	35.5058	35.5013	35.5002	35.4625	35.4553	35.4492	35.4351	35.4251	35.4042	35.3874	35.3793	35.3809	35.3819	35.3654	35.3294	35.3083	35.279	35.34	35.3265	35.3085	35.2328	35.2164	35.2449	35.2654	35.2441	35.1959	35.0875	35.0555	35.0306	35.0735	35.1551	35.1007	35.0906	35.0469	34.9223	34.9518	35.0441	35.0107	34.9428	34.8275	34.7912	34.8719	34.8756	34.8086	34.696	34.6933	34.7868	34.7346	34.7189	34.6381	34.5058	34.5506	34.6191	34.4119	34.4327	34.6101	34.5404	34.4438	34.3234	34.3271	34.4277	34.3421	34.238	34.1794	34.0482	34.071	34.2287	34.1343	34.1267	34.0373	33.9991	34.0281	34.0689	34.0348	33.9648	33.9054	33.8844	33.8661	33.8946	33.9127	34.0847	35.4753
Sgr-CMas_065-Ex1-cssl	35.349	36.0058	36.122	36.1153	36.1731	36.115	36.1304	36.1286	36.1755	36.1662	36.1959	36.1689	36.1389	36.1432	36.1567	36.156	36.1606	36.147	36.1288	36.1087	36.1001	36.0997	36.0841	36.0786	36.057	36.0494	36.0603	36.0231	36.0305	36.0146	35.9961	35.9704	35.9529	35.9645	35.9592	35.9116	35.8891	35.9008	35.8607	35.8952	35.9172	35.8914	35.8911	35.8532	35.846	35.8106	35.8263	35.8055	35.7993	35.7538	35.748	35.7194	35.751	35.7166	35.7118	35.6927	35.7108	35.685	35.6898	35.662	35.6696	35.6442	35.6223	35.5875	35.5988	35.5555	35.5985	35.5291	35.5436	35.5124	35.5297	35.4762	35.4791	35.4603	35.4654	35.4429	35.4325	35.415	35.4039	35.3949	35.3968	35.3717	35.3408	35.3071	35.2994	35.3233	35.3265	35.2933	35.2334	35.1987	35.2432	35.243	35.2426	35.1658	35.0726	35.0311	35.006	35.051	35.114	35.0759	35.0497	35.0007	34.8901	34.91	35.0076	34.9545	34.8973	34.7795	34.736	34.8141	34.8186	34.7579	34.6173	34.6231	34.7129	34.677	34.6452	34.5645	34.4188	34.4621	34.549	34.3189	34.3562	34.5264	34.4506	34.3819	34.2282	34.2531	34.3494	34.2387	34.1534	34.0815	33.9514	33.9675	34.1371	34.0233	34.0207	33.9444	33.906	33.929	33.9717	33.9382	33.8542	33.824	33.7698	33.793	33.8083	33.8135	33.9995	35.4767
Sgr-CMas_067-Ex1-cssl	35.6947	36.0832	36.1425	36.1552	36.2248	36.1877	36.2081	36.2078	36.2537	36.2507	36.2713	36.2438	36.209	36.2129	36.227	36.2335	36.2344	36.2343	36.2171	36.2055	36.1888	36.1865	36.1583	36.1531	36.1237	36.1245	36.1158	36.1098	36.0949	36.0981	36.0679	36.0634	36.0275	36.0436	36.0215	36.0018	35.9532	35.9715	35.9235	35.9788	35.9757	35.9599	35.9417	35.9305	35.8819	35.8703	35.8653	35.8656	35.8308	35.82	35.799	35.779	35.7844	35.7753	35.7475	35.7476	35.7381	35.7379	35.7137	35.7179	35.6953	35.6958	35.6555	35.632	35.635	35.602	35.617	35.5842	35.5625	35.5504	35.5563	35.5134	35.5094	35.4962	35.487	35.4731	35.4584	35.4362	35.4184	35.4267	35.4145	35.4029	35.3615	35.3377	35.3194	35.371	35.3637	35.3313	35.2595	35.2439	35.2806	35.2881	35.2693	35.2172	35.1096	35.0758	35.0664	35.0961	35.1761	35.1283	35.108	35.0513	34.9403	34.9686	35.0506	35.0143	34.9503	34.8517	34.8074	34.8702	34.8823	34.8106	34.6872	34.706	34.7776	34.7204	34.7244	34.6494	34.4958	34.5455	34.6062	34.4148	34.443	34.5948	34.5239	34.4536	34.3225	34.3222	34.4118	34.327	34.2364	34.1638	34.0249	34.0759	34.2216	34.1217	34.1104	34.0298	33.9657	34.0268	34.0388	34.0167	33.9468	33.9067	33.8747	33.8588	33.8664	33.9076	34.1198	35.5065
Sgr-CMas_069-Ex1-cssl	35.4538	36.0568	36.1313	36.106	36.1519	36.109	36.1086	36.1089	36.1432	36.1377	36.1606	36.1315	36.0936	36.1116	36.1143	36.1248	36.1163	36.1174	36.0855	36.076	36.0552	36.0605	36.0329	36.0225	35.9978	36.0028	35.9921	35.9776	35.9583	35.9672	35.9203	35.9223	35.8809	35.8971	35.879	35.8511	35.8044	35.8316	35.7806	35.816	35.8172	35.8032	35.7813	35.7781	35.7192	35.7217	35.7063	35.711	35.6758	35.6518	35.6144	35.6116	35.6213	35.601	35.5637	35.5776	35.5698	35.5625	35.542	35.531	35.5162	35.513	35.4785	35.4416	35.429	35.4151	35.4124	35.381	35.37	35.3562	35.3406	35.3208	35.286	35.2917	35.2711	35.2726	35.2452	35.2251	35.2066	35.2101	35.1965	35.1863	35.1566	35.128	35.1028	35.1489	35.1437	35.1184	35.0306	35.0244	35.0498	35.0594	35.0527	34.9942	34.8755	34.8319	34.8117	34.8521	34.9227	34.8889	34.8686	34.8136	34.6943	34.7222	34.7991	34.75	34.6911	34.5843	34.5479	34.6153	34.6256	34.5612	34.4398	34.4355	34.5444	34.4808	34.4524	34.3927	34.2295	34.2719	34.341	34.1066	34.1528	34.3361	34.2594	34.1838	34.0511	34.0648	34.1614	34.0661	33.9742	33.8976	33.7802	33.7995	33.9594	33.8598	33.8404	33.7763	33.7343	33.7619	33.7908	33.7826	33.7294	33.6482	33.6222	33.6279	33.6362	33.6789	33.8969	35.4278
Sgr-CMas_071-Ex1-cssl	35.6141	36.0463	36.1514	36.1421	36.2022	36.1552	36.1477	36.1465	36.1888	36.1897	36.2139	36.1962	36.1598	36.1763	36.1833	36.188	36.1777	36.1848	36.1471	36.1462	36.1278	36.1379	36.1086	36.0993	36.0715	36.074	36.0653	36.0528	36.0411	36.0437	36.0049	36.0027	35.9652	35.9867	35.9688	35.9396	35.9004	35.9248	35.8678	35.9215	35.919	35.9141	35.8948	35.8913	35.8411	35.8253	35.8188	35.8128	35.7839	35.7655	35.7399	35.7277	35.7429	35.7274	35.6994	35.7038	35.7084	35.7007	35.6796	35.6801	35.6633	35.6526	35.6214	35.6024	35.5864	35.5653	35.5767	35.5348	35.5282	35.5211	35.5185	35.4859	35.4657	35.4669	35.4406	35.4334	35.4199	35.4125	35.3951	35.4038	35.3802	35.3768	35.3431	35.325	35.2926	35.341	35.3412	35.3097	35.2413	35.2266	35.2559	35.2624	35.2609	35.1928	35.0961	35.0649	35.0341	35.075	35.1532	35.1052	35.0919	35.0589	34.9281	34.9596	35.0278	34.9856	34.9397	34.8281	34.8041	34.8759	34.8789	34.8284	34.6933	34.7059	34.793	34.7318	34.723	34.6488	34.5332	34.563	34.6228	34.4191	34.4572	34.6089	34.5416	34.4519	34.3123	34.3569	34.4242	34.3431	34.263	34.1834	34.0511	34.0844	34.2344	34.1501	34.1554	34.052	34.0155	34.0417	34.1021	34.0704	33.9907	33.9488	33.9121	33.9141	33.92	33.9607	34.1367	35.5183
Sgr-CMas_074-Ex1-cssl	35.1226	35.9499	36.0443	36.0307	36.0689	36.0265	36.0105	36.0046	36.0474	36.0549	36.079	36.0433	36.011	36.0247	36.0345	36.0465	36.0317	36.037	36.0093	35.9965	35.9669	35.9719	35.9497	35.9442	35.912	35.9086	35.9071	35.8931	35.8728	35.8831	35.8415	35.8344	35.7886	35.8024	35.7909	35.7702	35.7287	35.7459	35.6929	35.7346	35.7364	35.7209	35.7007	35.6869	35.6434	35.6216	35.619	35.6202	35.5935	35.5678	35.542	35.5266	35.5354	35.5281	35.4899	35.5031	35.491	35.4709	35.4556	35.4575	35.4383	35.4342	35.3925	35.3698	35.3622	35.3337	35.3481	35.3029	35.2863	35.2765	35.2726	35.2375	35.2243	35.2165	35.2098	35.1985	35.1696	35.1593	35.1446	35.1504	35.1339	35.1375	35.0759	35.0597	35.0251	35.0907	35.0717	35.0528	34.9719	34.9445	34.9773	34.9883	34.9725	34.9084	34.7893	34.7554	34.73	34.7735	34.8586	34.8086	34.7951	34.7348	34.6045	34.6361	34.7349	34.6898	34.6175	34.4927	34.4602	34.542	34.5507	34.4772	34.339	34.3541	34.436	34.3859	34.3707	34.2767	34.1367	34.1739	34.25	34.0426	34.0532	34.243	34.1714	34.0781	33.9478	33.9328	34.0383	33.9523	33.8536	33.8093	33.6399	33.6931	33.8459	33.7409	33.7421	33.6469	33.6109	33.6417	33.6945	33.6435	33.5928	33.5304	33.5141	33.497	33.5444	33.5543	33.8012	35.3882
Sgr-CMas_077-Ex1-cssl	35.3634	36.0863	36.1357	36.1271	36.1697	36.1333	36.1333	36.1389	36.167	36.1684	36.1802	36.1656	36.1264	36.1377	36.1438	36.1533	36.1436	36.15	36.1175	36.1119	36.0878	36.0965	36.0728	36.0661	36.0412	36.0457	36.0391	36.0225	36.0084	36.0141	35.9762	35.9736	35.9334	35.9537	35.9367	35.9134	35.8688	35.8871	35.8299	35.8792	35.872	35.8661	35.8493	35.8453	35.8007	35.7882	35.7718	35.7759	35.7536	35.7258	35.6945	35.6939	35.7021	35.6951	35.6634	35.6757	35.6692	35.665	35.6511	35.6429	35.6315	35.6358	35.5916	35.574	35.5661	35.5303	35.5489	35.5085	35.5122	35.4934	35.4882	35.4564	35.4508	35.4376	35.436	35.4213	35.4006	35.3904	35.3761	35.3785	35.3715	35.3728	35.3275	35.297	35.2812	35.3367	35.3257	35.3003	35.2325	35.2106	35.2475	35.2541	35.2508	35.1843	35.088	35.0363	35.0235	35.062	35.1447	35.098	35.0858	35.0385	34.9161	34.9393	35.0297	34.994	34.9333	34.8098	34.7905	34.8571	34.8707	34.7976	34.6776	34.6734	34.7747	34.7193	34.6987	34.6235	34.4826	34.5322	34.5968	34.3904	34.4107	34.5827	34.5191	34.4307	34.2946	34.2943	34.3926	34.3103	34.2008	34.1377	34.0229	34.0466	34.2087	34.0963	34.0815	33.998	33.9554	33.9828	34.0169	33.9933	33.9402	33.8782	33.8565	33.8421	33.873	33.8641	34.0493	35.4678
Sgr-CMas_083-Ex1-cssl	35.4233	36.1374	36.2128	36.19	36.2269	36.1863	36.1819	36.1733	36.2181	36.2175	36.2404	36.2093	36.1828	36.1909	36.1993	36.2036	36.1948	36.2007	36.1676	36.1603	36.1375	36.1434	36.1187	36.1149	36.0907	36.0886	36.083	36.0672	36.0526	36.0544	36.0226	36.0138	35.9833	35.9941	35.9757	35.9493	35.9119	35.9267	35.8769	35.9184	35.9163	35.9077	35.8907	35.8825	35.844	35.824	35.8179	35.8096	35.7859	35.7645	35.735	35.7215	35.7345	35.7212	35.6928	35.7024	35.6888	35.6909	35.6664	35.6644	35.6411	35.6407	35.6043	35.5879	35.5813	35.5455	35.5527	35.5159	35.5038	35.4937	35.4846	35.4531	35.4389	35.4321	35.4253	35.4127	35.3968	35.3863	35.3691	35.3664	35.3614	35.3497	35.3046	35.2874	35.2652	35.3197	35.3091	35.2714	35.2111	35.1993	35.2247	35.2356	35.2278	35.1732	35.0675	35.0268	35.0112	35.0399	35.1162	35.0807	35.0583	35.0141	34.9088	34.9312	35.013	34.9608	34.9133	34.7982	34.7723	34.8324	34.8462	34.7661	34.6609	34.658	34.7288	34.688	34.671	34.591	34.4595	34.4987	34.5584	34.3642	34.3979	34.5494	34.4767	34.4069	34.2605	34.2718	34.3693	34.2793	34.1743	34.1214	34.0008	34.0157	34.1474	34.0922	34.0505	33.977	33.941	33.9553	33.996	33.9655	33.889	33.8423	33.8277	33.818	33.8267	33.848	34.0575	35.471
Sgr-CMas_090-Ex1-cssl	35.3992	36.0776	36.1614	36.136	36.172	36.1292	36.1282	36.1263	36.1612	36.1658	36.1846	36.1549	36.1215	36.1325	36.1415	36.1493	36.1428	36.1441	36.1199	36.1076	36.0836	36.0924	36.071	36.0604	36.0321	36.037	36.0285	36.0138	35.9911	36.0013	35.9706	35.9594	35.9216	35.9416	35.9231	35.8976	35.8548	35.8697	35.8154	35.8608	35.8575	35.8499	35.8261	35.8153	35.7782	35.7613	35.7538	35.7483	35.7344	35.6993	35.6826	35.6598	35.6781	35.6552	35.6379	35.6304	35.6258	35.6133	35.6083	35.5906	35.5868	35.5685	35.5339	35.5038	35.5056	35.4733	35.4877	35.4398	35.4371	35.4225	35.423	35.3809	35.3727	35.3701	35.3572	35.3351	35.3122	35.3086	35.2964	35.2911	35.2855	35.2765	35.2356	35.1989	35.1828	35.2324	35.2201	35.1875	35.1225	35.1006	35.1389	35.1448	35.1368	35.0753	34.9684	34.9376	34.9109	34.9489	35.0362	34.9857	34.9542	34.9138	34.8004	34.8211	34.8995	34.8648	34.7951	34.6889	34.6434	34.7353	34.7302	34.6772	34.5365	34.5482	34.613	34.5656	34.5508	34.4902	34.3343	34.3851	34.4452	34.2477	34.2616	34.439	34.3687	34.266	34.137	34.1693	34.2378	34.1515	34.0585	33.9986	33.8701	33.8995	34.009	33.9636	33.9172	33.8433	33.8115	33.8426	33.8564	33.8577	33.7983	33.7421	33.6929	33.722	33.7011	33.7597	33.9544	35.4511
Sgr-CMas_091-Ex1-cssl	35.6313	36.2027	36.2741	36.2823	36.323	36.2919	36.2952	36.2952	36.3238	36.3259	36.3356	36.3207	36.281	36.2985	36.3014	36.3123	36.302	36.3062	36.2793	36.2733	36.2528	36.2587	36.2335	36.2314	36.2067	36.2142	36.2038	36.1951	36.1772	36.1848	36.15	36.15	36.1117	36.1363	36.1158	36.0996	36.0539	36.0789	36.0202	36.0721	36.0676	36.061	36.0399	36.037	35.9931	35.9838	35.977	35.9818	35.9562	35.9408	35.9103	35.9073	35.913	35.9121	35.8799	35.8935	35.8843	35.8859	35.8699	35.8653	35.8525	35.8561	35.8192	35.8044	35.7941	35.7716	35.7844	35.7548	35.7483	35.744	35.737	35.7082	35.6936	35.6941	35.685	35.6762	35.6608	35.6517	35.6423	35.6449	35.6367	35.6348	35.5972	35.5744	35.5569	35.6079	35.5989	35.578	35.5176	35.4964	35.531	35.5422	35.5364	35.4789	35.3827	35.3466	35.3285	35.3688	35.4478	35.4009	35.3898	35.3412	35.2382	35.2626	35.346	35.3036	35.2508	35.1385	35.1111	35.1783	35.1901	35.1197	35.0132	35.0103	35.1004	35.0449	35.0342	34.9528	34.8274	34.8638	34.9332	34.7322	34.7672	34.9208	34.8602	34.7719	34.6478	34.6524	34.7477	34.6519	34.5622	34.4943	34.3768	34.4008	34.5563	34.452	34.4466	34.3478	34.3215	34.3424	34.3786	34.3406	34.273	34.2235	34.1857	34.1704	34.1859	34.1716	34.3049	35.5433
Sgr-CMas_092-Ex1-cssl	35.6338	36.1532	36.2347	36.2227	36.2684	36.2245	36.2259	36.2232	36.2613	36.2574	36.2785	36.25	36.2193	36.2285	36.2306	36.241	36.2369	36.2348	36.2028	36.1924	36.1784	36.182	36.1576	36.1513	36.1279	36.1327	36.1178	36.1053	36.0846	36.0894	36.0504	36.0386	36.0075	36.0236	35.9982	35.9889	35.9376	35.9602	35.9101	35.9512	35.9436	35.9405	35.9136	35.912	35.8568	35.8512	35.8338	35.8452	35.8157	35.7765	35.7592	35.7438	35.7518	35.7428	35.7026	35.7215	35.7029	35.6949	35.6794	35.6679	35.6556	35.6537	35.6184	35.6003	35.5781	35.5586	35.5646	35.52	35.5346	35.5155	35.4947	35.4683	35.4447	35.4495	35.4298	35.4203	35.3903	35.3898	35.3685	35.3804	35.3653	35.3531	35.3011	35.2789	35.2387	35.3091	35.2828	35.2752	35.198	35.1691	35.1952	35.224	35.2042	35.1583	35.0493	35.0157	34.973	35.0403	35.1046	35.0609	35.0454	34.9866	34.8657	34.897	34.9738	34.9502	34.8778	34.7628	34.7262	34.8213	34.8067	34.7327	34.625	34.6212	34.7211	34.6693	34.6241	34.555	34.4048	34.4629	34.5133	34.3327	34.3511	34.5014	34.4326	34.3606	34.2263	34.2364	34.3228	34.234	34.1321	34.0443	33.9276	33.9751	34.1401	34.0491	34.0159	33.9593	33.88	33.927	33.9649	33.923	33.8435	33.8205	33.7935	33.7917	33.8214	33.835	34.0451	35.4677
Sgr-CMvi_001-Ex1-cssl	35.4452	36.0744	36.1425	36.127	36.1699	36.1301	36.1287	36.1448	36.1754	36.1677	36.1911	36.1772	36.1312	36.1487	36.1528	36.164	36.1492	36.1546	36.1201	36.1075	36.0976	36.1022	36.0677	36.0717	36.0352	36.0472	36.0373	36.0242	36.0056	36.0174	35.9788	35.9774	35.9262	35.9531	35.9338	35.9154	35.8627	35.8878	35.8326	35.8856	35.8816	35.8713	35.8598	35.8481	35.8008	35.7919	35.7763	35.7779	35.7542	35.7256	35.7028	35.6972	35.7014	35.6877	35.6628	35.6604	35.6538	35.6535	35.6349	35.6331	35.6118	35.617	35.5873	35.5566	35.5458	35.5073	35.5211	35.4899	35.4788	35.4611	35.4619	35.4318	35.408	35.4126	35.4069	35.3858	35.3763	35.3591	35.3403	35.3432	35.3321	35.3303	35.29	35.2641	35.244	35.283	35.2686	35.25	35.1866	35.1496	35.1961	35.1985	35.183	35.1285	35.0248	35.0027	34.9709	35.0139	35.0857	35.0546	35.0251	34.9774	34.8558	34.9025	34.974	34.9311	34.8795	34.7644	34.731	34.8047	34.8191	34.7577	34.6185	34.6436	34.7191	34.6649	34.6569	34.5707	34.4312	34.47	34.546	34.3452	34.3446	34.5169	34.4401	34.3785	34.2125	34.2453	34.3435	34.23	34.1361	34.0835	33.9681	33.9959	34.1481	34.0577	34.0291	33.9353	33.9056	33.9399	33.9623	33.9441	33.8866	33.8588	33.8028	33.7903	33.8253	33.8391	34.0454	35.4813
Sgr-CMvi_003-Ex1-cssl	35.4354	36.1112	36.1991	36.1773	36.2153	36.1696	36.1613	36.1719	36.2075	36.213	36.2258	36.1989	36.1671	36.1735	36.1784	36.1918	36.1825	36.1842	36.159	36.1448	36.1341	36.1301	36.1078	36.1062	36.0835	36.0881	36.0842	36.0596	36.0453	36.0504	36.0161	36.0113	35.9709	35.9955	35.9817	35.9526	35.9137	35.9331	35.8822	35.9228	35.9246	35.9136	35.8961	35.8898	35.8478	35.8304	35.8255	35.8297	35.8105	35.79	35.7568	35.7505	35.7542	35.7479	35.7209	35.7283	35.7285	35.7084	35.7038	35.6936	35.6821	35.6792	35.6473	35.6171	35.6192	35.5806	35.609	35.5642	35.5639	35.5459	35.5521	35.5058	35.5058	35.4889	35.4862	35.4665	35.4492	35.4451	35.4313	35.4326	35.4287	35.4299	35.3799	35.3592	35.3466	35.3853	35.3857	35.3545	35.2903	35.2675	35.3017	35.3078	35.2943	35.2378	35.1311	35.0976	35.0845	35.1223	35.1957	35.152	35.1304	35.087	34.9614	34.996	35.0815	35.0428	34.9818	34.8697	34.8325	34.918	34.9155	34.8507	34.7227	34.7375	34.8113	34.7611	34.7485	34.6678	34.5299	34.5648	34.6349	34.4362	34.4659	34.6283	34.5587	34.469	34.334	34.3528	34.4351	34.3572	34.2503	34.1766	34.0711	34.0946	34.2314	34.1499	34.1187	34.0462	34.0041	34.0327	34.0437	34.0178	33.9615	33.9192	33.8713	33.8486	33.8788	33.9164	34.0888	35.4898
Sgr-CMvi_004-Ex1-cssl	35.7361	36.2401	36.3047	36.2706	36.3166	36.2838	36.2807	36.2789	36.3113	36.3095	36.332	36.3119	36.2833	36.2875	36.2926	36.3061	36.2978	36.2988	36.2688	36.2614	36.2473	36.2517	36.2321	36.228	36.1989	36.1956	36.1992	36.1899	36.1783	36.1839	36.1436	36.1261	36.1024	36.1251	36.1072	36.0905	36.0463	36.0735	36.0275	36.0611	36.0589	36.0595	36.0389	36.0381	35.9913	35.9737	35.9741	35.9659	35.96	35.934	35.9007	35.899	35.9086	35.9003	35.8663	35.875	35.8682	35.8627	35.8466	35.8518	35.8388	35.8345	35.7923	35.7883	35.7702	35.7495	35.768	35.7118	35.7303	35.7027	35.6954	35.6638	35.6567	35.6622	35.6487	35.6225	35.6236	35.6101	35.5999	35.5923	35.5805	35.5963	35.5562	35.526	35.5145	35.5651	35.5426	35.5153	35.4627	35.4399	35.4808	35.4923	35.4761	35.4352	35.3544	35.3134	35.2773	35.3275	35.3743	35.3464	35.3319	35.2951	35.1884	35.2194	35.2938	35.2482	35.2006	35.0908	35.0698	35.1404	35.126	35.0768	34.969	34.9772	35.0537	35.0086	34.9882	34.9248	34.8025	34.8361	34.8896	34.7097	34.7295	34.8843	34.7856	34.7223	34.6146	34.6049	34.6973	34.6209	34.5086	34.4754	34.3397	34.3632	34.4782	34.4129	34.3855	34.2913	34.2708	34.2725	34.325	34.2953	34.2154	34.1681	34.1211	34.1062	34.1481	34.1341	34.2851	35.5599
Sgr-CMvi_005-Ex1-cssl	35.2697	35.9298	36.049	36.0644	36.1104	36.0632	36.0769	36.0728	36.1136	36.1173	36.1251	36.1055	36.0648	36.0861	36.0898	36.0992	36.0906	36.0974	36.0586	36.0562	36.0397	36.0528	36.0156	36.0187	35.9914	35.9995	35.9932	35.9709	35.9527	35.9689	35.9318	35.9322	35.8931	35.9141	35.8999	35.8708	35.8192	35.8461	35.7916	35.8484	35.8566	35.8377	35.8233	35.8164	35.7728	35.7475	35.7565	35.7559	35.7372	35.722	35.6963	35.6809	35.6938	35.6892	35.6582	35.6671	35.6685	35.6512	35.6479	35.6394	35.6376	35.628	35.6004	35.5677	35.571	35.5414	35.5645	35.5171	35.5276	35.513	35.5121	35.4682	35.4675	35.4509	35.461	35.43	35.4284	35.4179	35.4083	35.4037	35.4083	35.4065	35.3609	35.3278	35.3303	35.3739	35.3738	35.3369	35.2798	35.2544	35.3006	35.3106	35.3002	35.2474	35.1368	35.0944	35.0663	35.1112	35.2178	35.1708	35.1412	35.0996	34.9912	35.0129	35.1067	35.0657	35.0107	34.8742	34.8513	34.9379	34.9464	34.8752	34.7498	34.7327	34.8602	34.7959	34.7904	34.7089	34.5613	34.6018	34.6862	34.4769	34.5035	34.6857	34.624	34.516	34.4033	34.4175	34.519	34.411	34.3028	34.2502	34.1414	34.1663	34.3248	34.2329	34.2296	34.1427	34.1144	34.1166	34.171	34.1254	34.0694	34.0442	34.0038	33.9507	34.0038	33.9651	34.1637	35.4952
Sgr-CMvi_007-Ex1-cssl	35.4401	36.1519	36.2366	36.2231	36.2627	36.2232	36.227	36.2258	36.2576	36.2575	36.2823	36.2504	36.2288	36.2407	36.2404	36.2452	36.2343	36.234	36.2156	36.205	36.191	36.193	36.1736	36.1707	36.1499	36.1501	36.1413	36.1262	36.1216	36.1081	36.0814	36.0797	36.0511	36.0533	36.0502	36.0246	35.9808	36.0052	35.9566	35.9918	35.9896	35.987	35.9701	35.9609	35.9229	35.8994	35.9129	35.8986	35.8896	35.8565	35.8364	35.8271	35.8389	35.8215	35.7951	35.7984	35.8056	35.803	35.8008	35.7711	35.7703	35.767	35.7188	35.7035	35.688	35.6627	35.6809	35.6417	35.6411	35.6299	35.6309	35.5943	35.5774	35.5773	35.5549	35.5523	35.5383	35.5171	35.5194	35.5188	35.5099	35.5014	35.4666	35.4399	35.4166	35.4729	35.4644	35.4301	35.3763	35.3486	35.376	35.3919	35.3746	35.3421	35.2261	35.2114	35.1823	35.2172	35.286	35.2345	35.2287	35.183	35.0708	35.0992	35.1718	35.1381	35.0694	34.9903	34.9282	35.0067	35.0001	34.9376	34.833	34.823	34.9108	34.859	34.8416	34.7743	34.6324	34.6722	34.7268	34.5454	34.5596	34.7428	34.6413	34.5886	34.4483	34.4733	34.5326	34.4395	34.356	34.2796	34.161	34.2009	34.3443	34.2379	34.2272	34.1414	34.1141	34.1356	34.1612	34.1272	34.1114	34.0255	34.0137	33.9575	34.0143	33.9986	34.1913	35.5285
Sgr-CMvi_008-Ex1-cssl	35.6568	36.1542	36.2393	36.2153	36.2469	36.1972	36.1999	36.1951	36.2343	36.2501	36.2662	36.2375	36.2098	36.2197	36.2293	36.2311	36.2263	36.2282	36.1979	36.1942	36.1756	36.1783	36.1544	36.1557	36.1305	36.1323	36.1265	36.1152	36.0891	36.0998	36.071	36.0628	36.0178	36.0453	36.0408	36.0103	35.9703	35.9818	35.9268	35.9751	35.9877	35.9733	35.9653	35.949	35.9151	35.9005	35.8952	35.8829	35.8794	35.8456	35.828	35.8193	35.8252	35.804	35.7856	35.7972	35.8032	35.7867	35.7828	35.7689	35.7627	35.7462	35.7129	35.7018	35.6997	35.656	35.6808	35.6444	35.651	35.6244	35.6258	35.5984	35.5813	35.5675	35.5695	35.5467	35.539	35.5275	35.5247	35.5189	35.508	35.511	35.4712	35.4447	35.4224	35.4815	35.4763	35.4584	35.3926	35.3691	35.4073	35.4248	35.4069	35.3449	35.2543	35.2272	35.2005	35.2445	35.3387	35.2885	35.2696	35.2219	35.122	35.1556	35.2275	35.2013	35.1431	35.048	35.0085	35.0858	35.0939	35.03	34.9119	34.91	34.9868	34.9445	34.9222	34.8623	34.7438	34.7811	34.8499	34.6341	34.6552	34.8179	34.7628	34.6831	34.555	34.555	34.6735	34.5708	34.4708	34.4224	34.3096	34.3407	34.4794	34.3848	34.3851	34.29	34.2417	34.2809	34.2887	34.2828	34.244	34.1706	34.128	34.1122	34.139	34.1489	34.24	35.5405
Sgr-CMvi_009-Ex1-cssl	35.0655	35.9121	35.996	35.9879	36.0235	35.98	35.9827	35.9779	36.0267	36.0278	36.0495	36.0198	35.9795	35.9963	36.0054	36.0148	36.0016	36.0071	35.9724	35.9639	35.9432	35.9531	35.9209	35.9251	35.895	35.8946	35.8881	35.879	35.8639	35.8573	35.832	35.8248	35.7836	35.7981	35.7884	35.7628	35.7176	35.7379	35.6848	35.7321	35.7404	35.734	35.7064	35.7053	35.6606	35.6383	35.6361	35.634	35.6188	35.5891	35.5662	35.5576	35.5802	35.5639	35.5304	35.5445	35.5282	35.5343	35.511	35.5114	35.4897	35.4986	35.4623	35.4333	35.4213	35.3957	35.4179	35.37	35.3656	35.3551	35.3558	35.3069	35.3102	35.3063	35.294	35.2929	35.2611	35.2511	35.2475	35.2429	35.2331	35.2408	35.1961	35.1689	35.1404	35.1965	35.1894	35.1629	35.0954	35.0528	35.1043	35.1209	35.107	35.0418	34.9249	34.9018	34.8711	34.9199	34.9963	34.9729	34.947	34.8995	34.7781	34.8057	34.8976	34.8487	34.7869	34.6641	34.6181	34.7025	34.7228	34.66	34.5344	34.5217	34.624	34.5663	34.5627	34.4603	34.327	34.3677	34.4444	34.2147	34.2557	34.4384	34.3451	34.2715	34.1563	34.146	34.2577	34.162	34.0619	34.0013	33.8567	33.8728	34.0514	33.9439	33.9356	33.8339	33.8238	33.8438	33.8798	33.8638	33.7722	33.7437	33.6906	33.6953	33.736	33.7307	33.952	35.4387
Sgr-CMvi_010-Ex1-cssl	35.1922	35.9742	36.0619	36.0613	36.1086	36.0634	36.0608	36.0666	36.1111	36.1124	36.1345	36.1056	36.0736	36.0892	36.0905	36.1039	36.0956	36.0971	36.0634	36.0529	36.033	36.0419	36.0151	36.0104	35.9882	35.99	35.9799	35.9616	35.9434	35.9597	35.9159	35.9134	35.8698	35.8934	35.8753	35.8511	35.8102	35.8266	35.7713	35.8159	35.8232	35.8115	35.7948	35.7855	35.7492	35.7296	35.7229	35.7255	35.7072	35.6763	35.6545	35.6403	35.6541	35.6393	35.6125	35.6224	35.6224	35.6192	35.6024	35.5819	35.5837	35.5782	35.5439	35.513	35.52	35.4765	35.5065	35.4484	35.4573	35.4452	35.4476	35.4027	35.3877	35.3918	35.3782	35.3664	35.3428	35.3374	35.3171	35.3298	35.3184	35.3189	35.2749	35.2438	35.2179	35.2812	35.2689	35.2457	35.1805	35.1464	35.189	35.1958	35.1946	35.1391	35.0311	34.9867	34.9708	35.0145	35.0907	35.0475	35.0306	34.9834	34.8708	34.8947	34.9799	34.9349	34.8743	34.7567	34.7282	34.8029	34.814	34.7415	34.6253	34.6303	34.7189	34.6566	34.6372	34.5677	34.4136	34.465	34.5333	34.3308	34.3636	34.5301	34.4584	34.3776	34.2471	34.2522	34.3463	34.2632	34.1555	34.1031	33.9667	34.0067	34.1553	34.0667	34.0452	33.9612	33.9335	33.9568	33.999	33.9551	33.8825	33.848	33.8185	33.7891	33.8316	33.8517	34.0281	35.4752
Sgr-CMvi_012-Ex1-cssl	35.3983	36.0171	36.1284	36.1237	36.1726	36.1219	36.1322	36.1286	36.1721	36.1807	36.1934	36.1587	36.1248	36.1467	36.1515	36.1618	36.1488	36.1555	36.1241	36.1158	36.0957	36.0994	36.0758	36.0666	36.0467	36.0471	36.0405	36.0249	36.0116	36.0132	35.983	35.9769	35.9396	35.9586	35.9432	35.9154	35.8718	35.8937	35.834	35.884	35.8907	35.8716	35.8572	35.8481	35.8097	35.7929	35.7882	35.7887	35.7686	35.7431	35.7243	35.7044	35.7206	35.7095	35.6864	35.6925	35.6899	35.6808	35.6718	35.6595	35.6494	35.6474	35.6167	35.5867	35.5803	35.5476	35.5742	35.5349	35.5387	35.5225	35.5183	35.478	35.4718	35.4621	35.4543	35.4395	35.4276	35.4173	35.4098	35.4067	35.4035	35.3997	35.3635	35.3303	35.3133	35.3655	35.3682	35.3432	35.2726	35.2391	35.2879	35.296	35.2913	35.2246	35.1247	35.0886	35.0738	35.1111	35.197	35.1469	35.1383	35.0902	34.9803	35.0013	35.0976	35.0518	34.9876	34.8706	34.8444	34.9181	34.9219	34.8571	34.7425	34.7446	34.8456	34.784	34.7635	34.6769	34.5554	34.5939	34.6725	34.4575	34.5041	34.6649	34.6025	34.5169	34.3818	34.4015	34.493	34.4064	34.3061	34.2429	34.1229	34.1583	34.3089	34.2124	34.1987	34.1117	34.0779	34.1143	34.164	34.1113	34.0725	33.9914	33.9889	33.9537	33.9816	33.9813	34.1545	35.5077
Sgr-CMvi_013-Ex1-cssl	35.328	35.8895	36.0185	36.0066	36.0557	36.0175	36.0196	36.0204	36.0692	36.072	36.0997	36.0913	36.0507	36.072	36.0711	36.0838	36.0639	36.0576	36.0266	36.0153	35.9868	35.9998	35.9895	36.0019	35.9543	35.9758	35.9378	35.9147	35.8909	35.9036	35.8579	35.8602	35.8327	35.8486	35.842	35.7711	35.7677	35.7776	35.7383	35.7626	35.7727	35.7511	35.7409	35.742	35.7092	35.6792	35.6436	35.6398	35.6604	35.605	35.5827	35.5695	35.559	35.5669	35.5596	35.5271	35.5213	35.5285	35.5186	35.5214	35.4958	35.4632	35.4687	35.4051	35.4192	35.3579	35.3716	35.3252	35.3084	35.359	35.3171	35.2736	35.2217	35.2569	35.2495	35.2404	35.2068	35.2392	35.1631	35.2247	35.1665	35.2156	35.1307	35.1543	35.0898	35.1412	35.0999	35.143	35.0948	35.0513	35.0611	35.0785	35.064	35.0484	34.8989	34.8822	34.8275	34.8787	34.9258	34.9004	34.8739	34.8481	34.7047	34.7472	34.8245	34.7694	34.7068	34.5857	34.5544	34.6189	34.659	34.5996	34.4924	34.5234	34.5327	34.545	34.4886	34.4239	34.2499	34.3444	34.3693	34.1956	34.2351	34.3659	34.3339	34.2737	34.1276	34.1594	34.1986	34.1494	34.0108	33.968	33.8465	33.8549	34.0477	33.8997	33.9322	33.8129	33.7991	33.8382	33.8565	33.9251	33.7528	33.7688	33.7365	33.6813	33.7216	33.7979	33.9408	35.5037
Sgr-CMvi_015-Ex1-cssl	35.4967	36.0518	36.1435	36.1322	36.1719	36.1236	36.1271	36.1255	36.1679	36.1677	36.1903	36.1675	36.1231	36.1413	36.1514	36.1591	36.154	36.1565	36.1249	36.106	36.0933	36.1023	36.0674	36.0643	36.043	36.0523	36.0412	36.0307	36.0139	36.0119	35.9773	35.9756	35.9317	35.9515	35.9423	35.9171	35.8783	35.8868	35.8414	35.8955	35.9015	35.886	35.8639	35.8673	35.8127	35.7922	35.8034	35.7925	35.7774	35.7424	35.7176	35.7156	35.7225	35.7099	35.6823	35.6932	35.6833	35.6749	35.6701	35.663	35.6503	35.6462	35.6141	35.5844	35.5915	35.5637	35.5714	35.5305	35.5291	35.5095	35.5215	35.4837	35.4697	35.4711	35.4756	35.444	35.441	35.4146	35.4055	35.4216	35.4085	35.4004	35.3682	35.3311	35.3018	35.3517	35.3566	35.3288	35.2529	35.2561	35.2753	35.2734	35.2853	35.2314	35.1174	35.0797	35.0751	35.1146	35.1732	35.1328	35.1265	35.0657	34.9641	34.9899	35.0789	35.0366	34.9856	34.862	34.8335	34.906	34.8963	34.8401	34.7259	34.7284	34.8046	34.7586	34.7581	34.6552	34.5364	34.5601	34.6278	34.4363	34.4591	34.6249	34.5658	34.4888	34.3254	34.3487	34.4442	34.3453	34.2251	34.199	34.0627	34.0802	34.2242	34.125	34.1246	34.0448	33.9814	34.0355	34.061	34.0302	33.9859	33.9166	33.8774	33.842	33.9118	33.933	34.0775	35.4971
Sgr-CMvi_016-Ex1-cssl	35.6017	36.1653	36.2428	36.2149	36.2599	36.2138	36.2145	36.2243	36.2519	36.2539	36.2744	36.2586	36.2171	36.238	36.2435	36.253	36.2409	36.2439	36.2196	36.2078	36.2055	36.1932	36.1708	36.1539	36.1461	36.1483	36.1366	36.1276	36.1047	36.1091	36.0766	36.0791	36.0406	36.0595	36.0413	36.0245	35.9754	35.9869	35.9444	35.9848	35.9911	35.982	35.9684	35.9513	35.9136	35.8996	35.9072	35.9	35.8792	35.8351	35.8295	35.8099	35.8278	35.8034	35.7796	35.7849	35.7859	35.7783	35.7764	35.7542	35.7389	35.7391	35.7081	35.6937	35.68	35.6512	35.6795	35.6175	35.6151	35.6092	35.6176	35.5753	35.573	35.5593	35.5624	35.5173	35.5158	35.4927	35.5	35.4904	35.4708	35.4815	35.4254	35.409	35.3938	35.4391	35.4481	35.4036	35.3323	35.3165	35.3657	35.3707	35.3363	35.3001	35.2043	35.193	35.1367	35.1863	35.2538	35.2171	35.1933	35.1468	35.0347	35.0629	35.1276	35.1071	35.0353	34.9284	34.8722	34.9417	34.9708	34.8961	34.7724	34.7781	34.8739	34.8116	34.7781	34.6976	34.5538	34.6298	34.658	34.4862	34.495	34.6635	34.5648	34.5127	34.3746	34.372	34.4423	34.3608	34.2782	34.2096	34.0683	34.0598	34.2233	34.1011	34.1331	34.027	33.971	34.0139	34.0443	33.9727	33.9221	33.8782	33.8588	33.8431	33.8493	33.859	34.0741	35.4985
Sgr-CMvi_017-Ex1-cssl	35.1212	35.9796	36.0849	36.0644	36.1063	36.0646	36.0626	36.0617	36.0963	36.1015	36.1178	36.0937	36.0587	36.0735	36.0827	36.0899	36.0824	36.0875	36.0507	36.047	36.0294	36.0333	36.0068	35.9985	35.9737	35.9798	35.9678	35.9534	35.9399	35.9462	35.915	35.9078	35.8663	35.889	35.8749	35.8526	35.8044	35.8256	35.7674	35.8178	35.8242	35.8165	35.8004	35.7888	35.744	35.7237	35.7237	35.724	35.7006	35.6789	35.6487	35.6417	35.6496	35.6459	35.6212	35.6291	35.6161	35.6177	35.6025	35.5976	35.5804	35.5792	35.5476	35.5248	35.5136	35.4802	35.5075	35.4605	35.4611	35.4472	35.443	35.4114	35.3993	35.3967	35.3886	35.3761	35.3621	35.3522	35.3325	35.3425	35.333	35.3311	35.2833	35.2637	35.2422	35.2947	35.2923	35.2693	35.1958	35.173	35.2119	35.2194	35.2192	35.1464	35.0495	34.9978	34.9923	35.0253	35.1151	35.0699	35.0487	35.0048	34.8898	34.9149	35.0149	34.956	34.8979	34.7859	34.7585	34.823	34.8451	34.7593	34.6441	34.6407	34.7529	34.6846	34.6732	34.5782	34.4373	34.4803	34.5642	34.3502	34.3758	34.548	34.4858	34.3898	34.2587	34.2705	34.3727	34.2662	34.1824	34.1081	33.9734	34.0061	34.1619	34.0671	34.0629	33.9587	33.9268	33.9602	34.0075	33.9716	33.8983	33.8578	33.8154	33.7939	33.8369	33.847	34.0191	35.4557
Sgr-CMvi_018-Ex1-cssl	35.2889	35.9624	36.0669	36.0545	36.1031	36.0474	36.044	36.0485	36.0838	36.0945	36.1093	36.0843	36.0483	36.0631	36.0709	36.0881	36.0753	36.0755	36.0434	36.0415	36.0123	36.0218	35.9956	35.9949	35.9672	35.9772	35.9643	35.9498	35.9351	35.9403	35.9031	35.9038	35.8583	35.8812	35.8655	35.8436	35.7973	35.8147	35.7603	35.8124	35.8119	35.8056	35.7897	35.7837	35.7426	35.7157	35.7176	35.7041	35.6901	35.6698	35.6491	35.6318	35.644	35.6327	35.5991	35.6157	35.6049	35.6008	35.5878	35.5801	35.5701	35.5725	35.5367	35.5093	35.4981	35.4681	35.4882	35.4475	35.4477	35.4369	35.4421	35.4006	35.3949	35.3772	35.382	35.3524	35.3395	35.3352	35.3162	35.3254	35.3188	35.3111	35.2742	35.2508	35.2341	35.2835	35.2791	35.2592	35.1839	35.1659	35.1997	35.2127	35.2053	35.1491	35.0531	35.0049	34.9896	35.0306	35.1165	35.0656	35.049	35.0068	34.8864	34.9155	35.0156	34.9706	34.9124	34.8003	34.7715	34.8511	34.8476	34.7975	34.6535	34.6727	34.7617	34.7084	34.7108	34.6294	34.4875	34.5303	34.5971	34.3837	34.4089	34.5852	34.5119	34.4339	34.3108	34.3315	34.4295	34.3176	34.2269	34.1753	34.029	34.0647	34.243	34.1418	34.1289	34.0429	34.0189	34.0448	34.0801	34.0531	33.9821	33.9431	33.898	33.8893	33.9104	33.9094	34.0939	35.4911
Sgr-CMvi_019-Ex1-cssl	35.608	36.117	36.1983	36.1995	36.2508	36.2078	36.213	36.2095	36.2452	36.237	36.2626	36.2488	36.2086	36.2209	36.2286	36.2369	36.2246	36.237	36.2027	36.188	36.1756	36.1841	36.1641	36.1586	36.1366	36.1386	36.1232	36.1009	36.0935	36.0934	36.0681	36.0629	36.0274	36.0504	36.0307	35.9959	35.9517	35.9835	35.9362	35.972	35.9745	35.9706	35.9521	35.9413	35.904	35.9012	35.8932	35.875	35.8653	35.8298	35.8069	35.7979	35.8113	35.8041	35.7629	35.7741	35.7783	35.7667	35.7475	35.731	35.7208	35.7306	35.69	35.6599	35.6631	35.6303	35.6419	35.5991	35.5874	35.5675	35.5798	35.5248	35.5304	35.5155	35.5126	35.4978	35.4901	35.46	35.4577	35.4619	35.4517	35.4333	35.3872	35.3748	35.3629	35.4036	35.3879	35.3658	35.3015	35.2778	35.3171	35.3277	35.3007	35.2656	35.1495	35.1137	35.0944	35.1278	35.1895	35.1704	35.1417	35.1016	34.9707	35.0104	35.0716	35.0344	34.9708	34.876	34.8404	34.898	34.8954	34.8329	34.7401	34.7208	34.7964	34.7557	34.7369	34.6357	34.5051	34.5476	34.5712	34.4135	34.4211	34.5709	34.4914	34.4456	34.2729	34.2899	34.3649	34.257	34.1593	34.0832	33.9301	34.0029	34.1469	34.0428	34.0089	33.9503	33.8727	33.9338	33.948	33.9073	33.8519	33.8038	33.7586	33.7923	33.7899	33.7813	34.058	35.4946
Sgr-CMvi_020-Ex1-cssl	35.1629	35.9914	36.124	36.1075	36.149	36.1122	36.108	36.111	36.1374	36.1565	36.1625	36.1322	36.1045	36.114	36.1189	36.1352	36.1186	36.1256	36.0915	36.0743	36.0692	36.0684	36.0351	36.0415	36.0067	36.0243	36.0107	36.0028	35.9728	35.987	35.9501	35.9407	35.8955	35.9097	35.9063	35.8833	35.8359	35.8637	35.811	35.862	35.8573	35.8244	35.8252	35.8152	35.7833	35.766	35.7452	35.7574	35.7186	35.7026	35.6889	35.6589	35.6768	35.6664	35.6416	35.6307	35.627	35.6246	35.6111	35.594	35.5817	35.5911	35.5309	35.5036	35.4949	35.4851	35.4972	35.4482	35.4538	35.4215	35.4309	35.3826	35.3924	35.3775	35.3852	35.3507	35.3285	35.3108	35.2845	35.2934	35.2852	35.2764	35.2133	35.2045	35.1746	35.2471	35.2295	35.2095	35.1148	35.0938	35.1421	35.1377	35.143	35.0732	34.9557	34.923	34.8919	34.9443	35.0193	34.9646	34.9529	34.9077	34.7564	34.7927	34.8691	34.835	34.7826	34.6626	34.619	34.6723	34.691	34.6181	34.5051	34.4912	34.5997	34.5464	34.5354	34.4388	34.2917	34.3477	34.4168	34.2122	34.2339	34.3607	34.2642	34.212	34.0732	34.1032	34.1863	34.0511	34.0255	33.9219	33.8403	33.8433	34.0107	33.8901	33.8944	33.7772	33.7393	33.7534	33.7431	33.7317	33.6798	33.6209	33.6216	33.5931	33.63	33.6555	33.9196	35.4571
Sgr-CMvi_023-Ex1-cssl	35.331	35.9626	36.0342	36.0372	36.0694	36.0605	35.9912	36.0368	36.0597	36.0758	36.108	36.0724	36.0665	36.0716	36.0487	36.0534	36.0537	36.081	36.0281	36.0059	35.9851	36.0143	35.9735	35.9764	35.9172	35.9255	35.9334	35.9375	35.8813	35.9048	35.8483	35.8807	35.8	35.7931	35.7931	35.8039	35.7047	35.7683	35.7251	35.7321	35.7237	35.7388	35.6785	35.6808	35.6445	35.6157	35.6466	35.6459	35.5846	35.5879	35.5204	35.5252	35.5127	35.4955	35.4722	35.5127	35.4851	35.483	35.4486	35.4464	35.403	35.4308	35.3498	35.3375	35.2883	35.2898	35.2341	35.2565	35.1732	35.2035	35.1936	35.1764	35.109	35.1516	35.154	35.1082	35.1121	35.0337	35.0458	35.0679	35.0343	35.0534	35.016	34.9341	34.9192	34.9447	34.9735	34.9348	34.8481	34.8403	34.8252	34.8569	34.8199	34.8391	34.6709	34.6928	34.5659	34.6357	34.6968	34.7198	34.6518	34.627	34.4621	34.5291	34.6717	34.7165	34.479	34.4134	34.4029	34.4048	34.4299	34.4199	34.3154	34.2496	34.3774	34.3235	34.2502	34.1691	34.0188	34.0668	34.1653	34.009	33.9107	34.1283	33.9855	33.9488	33.7617	33.7708	33.821	33.8201	33.5826	33.5809	33.4588	33.5281	33.6237	33.5726	33.5055	33.4585	33.3833	33.4325	33.4834	33.4364	33.3247	33.2506	33.1715	33.2118	33.4451	33.4271	33.7294	35.4194
Sgr-CMvi_024-Ex1-cssl	35.3897	36.0403	36.1239	36.1076	36.1446	36.0942	36.0998	36.1022	36.1388	36.1361	36.158	36.1306	36.0935	36.1108	36.1138	36.1229	36.1168	36.1249	36.0881	36.081	36.0583	36.0687	36.048	36.0467	36.0121	36.0207	36.0025	35.9949	35.978	35.9864	35.947	35.9452	35.912	35.9291	35.912	35.8997	35.8382	35.8517	35.8076	35.8606	35.8595	35.8569	35.8275	35.8332	35.7799	35.7698	35.7654	35.7815	35.742	35.7236	35.6858	35.6765	35.6924	35.6927	35.6514	35.6635	35.6461	35.6508	35.6365	35.6335	35.6253	35.605	35.5769	35.5457	35.547	35.5167	35.5473	35.5101	35.497	35.4927	35.4906	35.4488	35.4528	35.4389	35.4256	35.4184	35.394	35.389	35.366	35.3805	35.3584	35.3815	35.3181	35.3058	35.2747	35.3378	35.3155	35.3061	35.225	35.224	35.2374	35.2617	35.2468	35.196	35.0871	35.0546	35.0215	35.0628	35.1419	35.1017	35.0845	35.0338	34.931	34.9557	35.0401	35.0081	34.9392	34.8406	34.7993	34.8624	34.8643	34.8218	34.6841	34.7009	34.7788	34.7203	34.7164	34.6372	34.4957	34.5416	34.6084	34.4038	34.4226	34.5936	34.524	34.44	34.3032	34.3253	34.4001	34.3073	34.2247	34.1602	34.0457	34.0821	34.2308	34.1154	34.1207	34.018	34.0107	34.0174	34.0739	34.044	33.9719	33.9028	33.8761	33.8669	33.8952	33.9169	34.055	35.4896
Sgr-CMvi_025-Ex1-cssl	35.476	36.1297	36.2157	36.1832	36.2198	36.1801	36.1783	36.1688	36.214	36.2115	36.2343	36.2067	36.1745	36.1915	36.1942	36.2009	36.1875	36.1976	36.1674	36.1571	36.138	36.1467	36.1149	36.1184	36.0929	36.094	36.0874	36.0672	36.0525	36.0643	36.0346	36.0278	35.9833	36.0057	36.0005	35.9745	35.9266	35.9556	35.8946	35.9472	35.9457	35.9359	35.9206	35.9235	35.873	35.854	35.8614	35.8595	35.8422	35.8163	35.7936	35.7815	35.7963	35.776	35.7561	35.7652	35.7555	35.7546	35.738	35.7308	35.7225	35.7304	35.6855	35.6654	35.6609	35.6303	35.6407	35.6074	35.6077	35.5992	35.5894	35.5587	35.5596	35.5526	35.5449	35.5088	35.4983	35.5008	35.486	35.4947	35.478	35.4754	35.4362	35.4137	35.4019	35.4479	35.444	35.4091	35.3589	35.339	35.3591	35.3915	35.3754	35.326	35.2174	35.1727	35.1701	35.2148	35.2852	35.2463	35.2388	35.1808	35.0791	35.0996	35.1867	35.1374	35.0858	34.9732	34.941	35.0219	35.0259	34.9604	34.8414	34.8489	34.9315	34.8731	34.867	34.7888	34.6616	34.7012	34.7474	34.5698	34.593	34.7595	34.6886	34.6175	34.4782	34.4906	34.5863	34.48	34.3902	34.3493	34.2193	34.2528	34.3947	34.3064	34.2901	34.1935	34.1779	34.2034	34.2464	34.1998	34.1295	34.0764	34.0639	34.0282	34.0668	34.0373	34.2042	35.5238
Sgr-CMvi_027-Ex1-cssl	35.527	36.1262	36.2024	36.1849	36.2404	36.1963	36.1962	36.1983	36.2417	36.2399	36.2622	36.2429	36.2068	36.2219	36.2269	36.2236	36.2209	36.2269	36.2022	36.1989	36.1818	36.1875	36.1629	36.1493	36.1285	36.1344	36.1271	36.1093	36.098	36.1032	36.0747	36.0731	36.0348	36.0488	36.0302	36.0124	35.9743	35.989	35.9319	35.9897	35.9911	35.9808	35.9623	35.9601	35.9168	35.904	35.8996	35.8971	35.8836	35.8663	35.8277	35.8236	35.8258	35.828	35.7959	35.8029	35.7926	35.7861	35.7849	35.7697	35.7636	35.767	35.7308	35.7072	35.7011	35.6776	35.6826	35.6551	35.6521	35.6441	35.6369	35.6143	35.6056	35.5951	35.588	35.5685	35.5584	35.5474	35.5273	35.533	35.5196	35.5185	35.4858	35.4507	35.4368	35.4888	35.485	35.4528	35.3921	35.3857	35.415	35.4087	35.4077	35.3499	35.2526	35.221	35.2025	35.251	35.312	35.2711	35.2622	35.201	35.0867	35.13	35.205	35.1596	35.1104	35.0018	34.964	35.0204	35.0434	34.9576	34.8562	34.8529	34.9355	34.8799	34.8736	34.7762	34.6578	34.6992	34.7496	34.5674	34.5855	34.7595	34.6875	34.5949	34.4815	34.4823	34.5577	34.4757	34.3753	34.3059	34.1931	34.2246	34.3645	34.2739	34.256	34.1701	34.1143	34.1638	34.1938	34.141	34.0897	34.0368	33.9919	33.9747	33.9853	34.007	34.1824	35.5392
Sgr-CMvi_028-Ex1-cssl	35.3085	36.0328	36.1534	36.1565	36.1916	36.1518	36.1546	36.1566	36.1906	36.1968	36.2095	36.1832	36.1463	36.1658	36.1746	36.1848	36.1751	36.183	36.1516	36.1454	36.1248	36.1283	36.098	36.1009	36.0742	36.082	36.0749	36.0661	36.045	36.053	36.0163	36.0084	35.9722	35.9959	35.9796	35.9626	35.9173	35.9388	35.877	35.9357	35.9341	35.9294	35.9031	35.9066	35.8574	35.8399	35.8401	35.838	35.8224	35.7941	35.7808	35.7695	35.7807	35.7718	35.7449	35.7615	35.7492	35.7523	35.7422	35.7277	35.7207	35.7205	35.6878	35.664	35.6593	35.6329	35.6451	35.611	35.6078	35.5985	35.5973	35.5696	35.562	35.5565	35.5547	35.5424	35.5242	35.513	35.5	35.5037	35.5011	35.5008	35.4631	35.4313	35.4248	35.4792	35.4718	35.45	35.3859	35.3602	35.4026	35.4137	35.4059	35.3499	35.2588	35.2097	35.204	35.2409	35.3326	35.2796	35.2682	35.217	35.1074	35.1312	35.226	35.1752	35.1317	35.0075	34.9893	35.0611	35.0781	35.0088	34.8847	34.8807	34.984	34.9289	34.9211	34.8489	34.7217	34.7506	34.8331	34.6093	34.6517	34.821	34.7555	34.6824	34.5506	34.5564	34.6651	34.5517	34.4687	34.3928	34.2786	34.3183	34.4785	34.3775	34.3605	34.2802	34.2476	34.2851	34.3354	34.2787	34.2176	34.1661	34.1312	34.1196	34.1333	34.1476	34.2432	35.522
Sgr-CMvi_030-Ex1-cssl	35.4898	36.0291	36.1464	36.1241	36.1897	36.1269	36.1465	36.1257	36.2054	36.1952	36.2152	36.1985	36.1426	36.1438	36.1617	36.1698	36.1685	36.1768	36.1579	36.0937	36.0942	36.0714	36.0819	36.0648	36.0574	36.0283	36.0338	36.0015	36.0029	35.99	35.9614	35.9666	35.899	35.9238	35.923	35.8765	35.8451	35.8546	35.8079	35.8415	35.8548	35.8376	35.7829	35.7807	35.7516	35.7297	35.7064	35.7099	35.6275	35.6398	35.621	35.5971	35.6294	35.5723	35.553	35.5665	35.5515	35.5761	35.4971	35.5319	35.4712	35.4983	35.4394	35.4204	35.4023	35.3766	35.3575	35.3281	35.3424	35.315	35.3137	35.2742	35.2553	35.2866	35.2039	35.2221	35.2076	35.1493	35.1258	35.1362	35.1445	35.1424	35.0869	34.9699	35.0122	35.0577	35.065	35.0262	34.926	34.8907	34.8784	34.8902	34.8858	34.8264	34.7285	34.6887	34.6437	34.7147	34.798	34.7676	34.7585	34.721	34.5754	34.6448	34.6611	34.6695	34.5763	34.4979	34.4229	34.4747	34.5005	34.4119	34.2561	34.2987	34.3862	34.3379	34.3837	34.2898	34.0829	34.1913	34.1159	34.046	34.0552	34.1615	34.17	33.9913	33.8506	33.8444	33.9606	33.8493	33.7978	33.6345	33.5904	33.5802	33.7656	33.6216	33.5677	33.5627	33.531	33.606	33.5068	33.519	33.4712	33.475	33.321	33.3684	33.3872	33.4325	33.7578	35.4437
Sgr-CMvi_032-Ex1-cssl	35.5489	36.147	36.2235	36.2292	36.2725	36.2297	36.2497	36.2511	36.2813	36.285	36.2998	36.2797	36.2381	36.2541	36.2531	36.2717	36.2656	36.2642	36.2438	36.2189	36.1987	36.2135	36.183	36.1759	36.1612	36.1577	36.153	36.1347	36.1195	36.1339	36.1015	36.0827	36.0453	36.0606	36.0508	36.0232	35.9869	36.001	35.938	35.9887	35.9894	35.967	35.9591	35.9441	35.91	35.8838	35.8905	35.8835	35.8809	35.8385	35.8102	35.8021	35.8073	35.7938	35.764	35.7629	35.7619	35.7622	35.7462	35.7449	35.7252	35.725	35.6828	35.6679	35.6422	35.6271	35.6272	35.6072	35.6178	35.581	35.577	35.5456	35.5348	35.5239	35.5337	35.4936	35.4809	35.4608	35.4654	35.4653	35.4496	35.4253	35.3931	35.3748	35.3574	35.4035	35.3994	35.3404	35.2913	35.265	35.3139	35.3087	35.3071	35.2547	35.1244	35.0999	35.0585	35.1347	35.1925	35.1541	35.1375	35.1043	34.9924	35.0103	35.0868	35.0465	34.9833	34.8474	34.853	34.9214	34.9266	34.8369	34.7343	34.7339	34.8096	34.7527	34.7445	34.6733	34.5165	34.5427	34.6083	34.42	34.4155	34.6122	34.5313	34.4805	34.3464	34.3265	34.3947	34.3193	34.2203	34.2091	34.041	34.0889	34.222	34.1331	34.0829	34.0253	34.0	34.0284	34.0071	34.0095	33.9793	33.9404	33.8752	33.8724	33.8402	33.9266	34.0988	35.5256
Sgr-CMvi_033-Ex1-cssl	35.1217	35.9792	36.1147	36.0919	36.1284	36.0874	36.0825	36.0864	36.1157	36.127	36.1406	36.1131	36.0817	36.096	36.1048	36.1184	36.1046	36.111	36.0795	36.0705	36.0508	36.0541	36.026	36.0287	36.0015	36.0092	35.9982	35.9864	35.971	35.9813	35.9378	35.9392	35.8962	35.9209	35.9036	35.8872	35.8397	35.8599	35.8007	35.8581	35.8562	35.8551	35.8286	35.8268	35.7808	35.7726	35.7638	35.7728	35.7379	35.7251	35.7	35.6926	35.6998	35.6953	35.6678	35.6734	35.6623	35.6661	35.6448	35.6405	35.635	35.6331	35.6012	35.5781	35.5694	35.5407	35.5591	35.5153	35.5094	35.5041	35.504	35.4692	35.4617	35.4609	35.4485	35.4353	35.4221	35.4043	35.4011	35.3995	35.3911	35.3868	35.3518	35.3209	35.3072	35.3637	35.3506	35.3287	35.2637	35.2393	35.2822	35.2943	35.2862	35.2318	35.1253	35.0841	35.0716	35.1042	35.1908	35.1404	35.1227	35.0811	34.9731	34.9919	35.0781	35.0273	34.9837	34.8632	34.8352	34.9108	34.9178	34.848	34.7319	34.7295	34.8364	34.7768	34.7583	34.68	34.5369	34.5866	34.652	34.4523	34.4707	34.6362	34.573	34.4853	34.3561	34.3541	34.4598	34.368	34.2704	34.2145	34.0778	34.0975	34.2556	34.1545	34.1468	34.0514	34.0039	34.0455	34.1002	34.0481	33.9755	33.9232	33.8923	33.8818	33.9028	33.9293	34.067	35.4719
Sgr-CMvi_034-Ex1-cssl	35.6673	36.1471	36.2451	36.2196	36.2616	36.2159	36.2116	36.2214	36.2646	36.2606	36.2768	36.2542	36.2298	36.2397	36.2406	36.249	36.2315	36.2331	36.2095	36.2059	36.1949	36.1917	36.164	36.162	36.1445	36.1473	36.1395	36.133	36.0937	36.096	36.0859	36.0617	36.0394	36.033	36.0284	36.0041	35.9632	35.9858	35.9356	35.9911	35.9779	35.9824	35.9646	35.9616	35.9191	35.8886	35.8917	35.8977	35.8707	35.8424	35.8069	35.8152	35.8204	35.7967	35.7609	35.7763	35.7786	35.7492	35.7429	35.7334	35.7175	35.7364	35.6492	35.6596	35.634	35.6132	35.6203	35.5942	35.6089	35.5703	35.5763	35.5592	35.5413	35.5125	35.5109	35.5207	35.5055	35.4649	35.4883	35.4843	35.48	35.5023	35.4268	35.4196	35.4128	35.4278	35.4294	35.3918	35.3514	35.3444	35.3864	35.3483	35.3988	35.2879	35.2076	35.1617	35.1645	35.1839	35.2705	35.2293	35.2434	35.138	35.1017	35.0999	35.1642	35.1507	35.056	34.9646	34.9285	34.9996	35.0448	34.9302	34.8501	34.879	34.9425	34.8825	34.8716	34.7693	34.66	34.72	34.7791	34.5722	34.6206	34.7222	34.6603	34.5899	34.4574	34.4919	34.6761	34.5168	34.4448	34.365	34.2818	34.2717	34.3926	34.2517	34.282	34.2557	34.1825	34.188	34.2648	34.197	34.1508	34.1443	34.0456	34.0885	34.1029	34.1208	34.2102	35.5286
Sgr-CMvi_036-Ex1-cssl	35.31	36.0912	36.1696	36.1619	36.1977	36.1568	36.1611	36.1751	36.1992	36.1984	36.2176	36.2052	36.164	36.1733	36.1812	36.184	36.1824	36.183	36.1532	36.146	36.1232	36.1255	36.1003	36.103	36.0715	36.0702	36.0695	36.0579	36.0409	36.0465	36.012	36.0071	35.9719	35.9903	35.9724	35.9553	35.9078	35.9293	35.8719	35.9225	35.914	35.9078	35.8953	35.8881	35.8512	35.8367	35.824	35.8316	35.8087	35.7823	35.7569	35.7455	35.7514	35.7483	35.7144	35.7238	35.7158	35.718	35.7032	35.6921	35.6856	35.6809	35.6484	35.6244	35.6189	35.5896	35.6067	35.5715	35.5647	35.5481	35.5482	35.5074	35.5031	35.4973	35.4935	35.477	35.4662	35.4483	35.4415	35.4409	35.4382	35.433	35.3925	35.3636	35.3478	35.395	35.3849	35.3635	35.3011	35.278	35.3168	35.3231	35.3172	35.2608	35.1592	35.1213	35.1135	35.1438	35.2278	35.1749	35.1634	35.1153	35.0082	35.0342	35.118	35.0784	35.0186	34.9058	34.8759	34.9397	34.9507	34.8972	34.7583	34.7698	34.8608	34.8089	34.7987	34.717	34.58	34.617	34.6915	34.4861	34.5209	34.6724	34.6167	34.5263	34.3943	34.4032	34.4972	34.3978	34.295	34.2365	34.1204	34.1321	34.3013	34.1982	34.2015	34.0987	34.0701	34.0827	34.1346	34.0951	34.038	33.9719	33.9511	33.9218	33.9573	33.9523	34.1238	35.4892
Sgr-CMvi_038-Ex1-cssl	35.6124	36.1742	36.2671	36.2578	36.3066	36.2512	36.2671	36.2703	36.3076	36.3174	36.3177	36.2862	36.2577	36.2625	36.277	36.284	36.2795	36.2791	36.2443	36.2376	36.2266	36.2261	36.206	36.1941	36.1703	36.1705	36.1727	36.1441	36.1364	36.1495	36.1246	36.1084	36.075	36.0876	36.0822	36.0571	35.9933	36.0308	35.9764	36.0159	36.0087	36.0035	35.9721	35.9801	35.9274	35.9038	35.9058	35.9094	35.8833	35.8472	35.8328	35.8124	35.8214	35.807	35.7871	35.7899	35.7872	35.788	35.7771	35.7609	35.7427	35.7431	35.7124	35.6801	35.6912	35.6544	35.6697	35.6404	35.643	35.6063	35.6078	35.5532	35.559	35.5295	35.5309	35.5135	35.5077	35.4774	35.4806	35.4725	35.4661	35.4478	35.4248	35.3723	35.3599	35.4118	35.3921	35.3513	35.3101	35.2554	35.3237	35.3045	35.3134	35.2305	35.1639	35.1031	35.1107	35.1348	35.2061	35.1468	35.1398	35.0577	35.0048	35.0066	35.0823	35.0119	34.9854	34.8496	34.8405	34.8908	34.9155	34.8435	34.7156	34.699	34.7897	34.7358	34.7377	34.6293	34.5421	34.5566	34.599	34.3558	34.4226	34.5632	34.4839	34.3973	34.2964	34.2632	34.3809	34.2821	34.2093	34.121	33.9993	34.0157	34.1976	34.094	34.0886	33.9927	33.9525	33.937	34.0086	33.9518	33.9266	33.851	33.7517	33.7712	33.7982	33.8812	34.0499	35.4784
Sgr-CMvi_042-Ex1-cssl	35.1581	35.9774	36.1104	36.0767	36.1252	36.0839	36.0607	36.0641	36.1034	36.0941	36.1251	36.0953	36.0707	36.0705	36.0808	36.1096	36.0901	36.0894	36.0534	36.0436	36.021	36.0256	36.0073	36.0051	35.9703	35.9756	35.9806	35.9499	35.9473	35.9373	35.8927	35.8981	35.8592	35.8743	35.8734	35.8317	35.8031	35.8315	35.7857	35.8245	35.8346	35.8034	35.7828	35.7837	35.7475	35.7216	35.7353	35.7185	35.7179	35.6826	35.6527	35.6407	35.6599	35.6251	35.5997	35.5923	35.6161	35.616	35.6102	35.5756	35.5699	35.566	35.5123	35.4868	35.5008	35.4485	35.4826	35.4342	35.4144	35.4002	35.4019	35.3633	35.3534	35.3576	35.3052	35.3138	35.2789	35.2697	35.2641	35.2543	35.248	35.2512	35.2296	35.1283	35.1628	35.1912	35.207	35.175	35.0792	35.0635	35.122	35.1339	35.135	35.0521	34.934	34.8598	34.8579	34.9003	34.9863	34.9299	34.9233	34.8325	34.7291	34.7729	34.8892	34.8313	34.7426	34.6253	34.6279	34.6283	34.6639	34.5474	34.4562	34.4299	34.5994	34.4938	34.4909	34.3814	34.3005	34.2729	34.3609	34.1468	34.1563	34.3917	34.2705	34.1854	34.0435	34.0721	34.1213	34.0232	33.9538	33.8613	33.8179	33.7357	33.9982	33.85	33.8778	33.6669	33.7051	33.7197	33.7812	33.6703	33.671	33.5668	33.5909	33.5442	33.6398	33.5827	33.8611	35.4204
Sgr-CMvi_043-Ex1-cssl	35.3578	36.0419	36.1353	36.1179	36.1593	36.1118	36.1077	36.1139	36.1484	36.1562	36.1758	36.1449	36.11	36.1337	36.1359	36.1385	36.1322	36.1367	36.1104	36.098	36.0749	36.0779	36.0618	36.0503	36.0306	36.0349	36.026	36.0147	35.9994	36.0028	35.9686	35.9709	35.9298	35.9453	35.9324	35.9161	35.8623	35.8837	35.83	35.8832	35.8905	35.8773	35.8639	35.857	35.8148	35.7954	35.7912	35.7924	35.7713	35.7494	35.7274	35.7215	35.7299	35.7164	35.6768	35.6965	35.6857	35.6909	35.6644	35.6677	35.6512	35.6536	35.6051	35.5999	35.6009	35.5627	35.5856	35.5346	35.5382	35.5183	35.521	35.4884	35.4726	35.4722	35.4654	35.4473	35.4287	35.4262	35.4082	35.4139	35.4123	35.4056	35.3575	35.3461	35.3377	35.3721	35.3671	35.3437	35.2833	35.2553	35.3034	35.3145	35.2988	35.2472	35.1358	35.0921	35.0892	35.121	35.2079	35.1644	35.1469	35.0933	34.9846	35.0143	35.0936	35.0434	35.0072	34.8807	34.8482	34.9244	34.9168	34.8694	34.7484	34.7449	34.8423	34.7964	34.7687	34.6774	34.5578	34.613	34.6845	34.4746	34.4881	34.6618	34.5606	34.5089	34.3666	34.3828	34.4579	34.4003	34.2847	34.2238	34.0918	34.1174	34.2545	34.1953	34.1614	34.0674	34.0347	34.0755	34.13	34.0595	34.0173	33.96	33.9049	33.8922	33.9207	33.9484	34.1101	35.4982
Sgr-CMvi_044-Ex1-cssl	35.1455	35.8625	35.9631	35.9526	36.0042	35.9608	35.9585	35.9642	35.9953	36.0019	36.0174	35.9963	35.9556	35.9733	35.9772	35.996	35.98	35.9825	35.9536	35.9413	35.9225	35.9206	35.8997	35.9032	35.8722	35.8807	35.8779	35.854	35.8306	35.8389	35.8092	35.7919	35.7638	35.7827	35.7646	35.7465	35.6931	35.7231	35.6625	35.7247	35.7343	35.7122	35.6953	35.6905	35.6367	35.628	35.6253	35.6268	35.6002	35.5715	35.5489	35.5284	35.5463	35.5468	35.5066	35.5142	35.5108	35.496	35.4976	35.4727	35.4745	35.4667	35.4304	35.4089	35.4105	35.364	35.3852	35.3445	35.3532	35.3236	35.3345	35.2876	35.2957	35.2804	35.2774	35.245	35.2507	35.2312	35.2231	35.2095	35.214	35.2088	35.161	35.1294	35.1231	35.1684	35.1767	35.132	35.0778	35.0484	35.0867	35.0923	35.0902	35.0272	34.9302	34.8777	34.8635	34.912	35.0059	34.9546	34.9449	34.8806	34.7708	34.7975	34.8877	34.8488	34.7908	34.6525	34.6241	34.7162	34.7187	34.6466	34.5181	34.5065	34.6318	34.5783	34.5533	34.4672	34.3366	34.3646	34.4406	34.2167	34.264	34.4341	34.3575	34.2611	34.1361	34.1547	34.2467	34.1577	34.0661	34.0063	33.8772	33.8939	34.0475	33.9551	33.9631	33.8536	33.8137	33.8435	33.8999	33.8524	33.803	33.744	33.7295	33.6684	33.7295	33.7576	33.9453	35.4306
Sgr-CMvi_046-Ex1-cssl	35.2891	36.0702	36.1722	36.1578	36.2003	36.1671	36.1651	36.1689	36.2045	36.1998	36.2149	36.1926	36.1549	36.1738	36.1746	36.186	36.1762	36.1782	36.1495	36.143	36.1205	36.1334	36.105	36.0977	36.0786	36.0801	36.0812	36.0666	36.0473	36.0504	36.0153	36.014	35.9749	35.9968	35.9824	35.9549	35.9159	35.9311	35.8791	35.9221	35.9278	35.9192	35.9028	35.8986	35.8529	35.8469	35.8328	35.8391	35.8094	35.7951	35.768	35.7608	35.772	35.7578	35.7359	35.7444	35.7327	35.7324	35.7132	35.7118	35.6933	35.6944	35.654	35.6365	35.6354	35.6016	35.6064	35.5822	35.5768	35.5627	35.5669	35.5242	35.5108	35.5139	35.4967	35.4974	35.4666	35.4651	35.4397	35.4576	35.4386	35.4304	35.3869	35.3646	35.3498	35.4019	35.4013	35.3734	35.3021	35.289	35.308	35.3247	35.3139	35.2621	35.1499	35.1271	35.0889	35.1345	35.218	35.1697	35.1516	35.1072	34.9908	35.015	35.1095	35.0448	34.9992	34.8809	34.8525	34.9242	34.9279	34.8559	34.7522	34.7485	34.832	34.7867	34.7617	34.6722	34.5635	34.5769	34.6496	34.4505	34.4733	34.6136	34.5632	34.4646	34.3585	34.352	34.4412	34.3404	34.2512	34.2013	34.0444	34.083	34.2369	34.1164	34.1103	34.0295	33.9922	34.0158	34.0313	33.9867	33.953	33.891	33.8807	33.8562	33.8747	33.8733	34.084	35.4894
Sgr-CMvi_047-Ex1-cssl	35.4993	36.0843	36.152	36.1417	36.1809	36.1479	36.1423	36.1583	36.1866	36.1893	36.2101	36.1892	36.1533	36.165	36.1731	36.1827	36.176	36.1724	36.1463	36.1381	36.1148	36.122	36.0997	36.094	36.0738	36.0806	36.0664	36.0546	36.0376	36.0394	36.0072	36.0037	35.9655	35.9907	35.9751	35.9495	35.9044	35.9257	35.8712	35.9124	35.9238	35.9124	35.8987	35.8848	35.8416	35.8279	35.8292	35.8246	35.8029	35.7824	35.7557	35.7368	35.7556	35.7409	35.7127	35.7227	35.7119	35.7114	35.7036	35.6923	35.6809	35.6754	35.6429	35.6171	35.6143	35.5756	35.6055	35.5686	35.5733	35.5588	35.5542	35.5245	35.5187	35.5041	35.5014	35.4815	35.4716	35.4512	35.4504	35.4481	35.4415	35.4352	35.3975	35.3656	35.3576	35.4024	35.4041	35.37	35.3165	35.295	35.3324	35.3234	35.3287	35.2708	35.1684	35.1317	35.1139	35.1657	35.2434	35.1931	35.1965	35.136	35.037	35.0496	35.145	35.105	35.0434	34.9391	34.9135	34.9902	35.0045	34.9189	34.8184	34.8091	34.9038	34.8495	34.8396	34.7595	34.6322	34.6723	34.7463	34.536	34.5679	34.723	34.6684	34.5983	34.4772	34.4741	34.5716	34.4768	34.3881	34.3281	34.1986	34.2329	34.3807	34.2877	34.2871	34.1814	34.1505	34.1871	34.242	34.1929	34.126	34.0677	34.0469	34.0345	34.0594	34.0629	34.2273	35.5292
Sgr-CMvi_049-Ex1-cssl	35.5182	36.2054	36.2576	36.2478	36.2847	36.2487	36.2477	36.2476	36.2835	36.2772	36.304	36.2789	36.2529	36.262	36.2701	36.2741	36.2631	36.2689	36.2446	36.237	36.2204	36.2192	36.1985	36.1977	36.1663	36.1714	36.1639	36.1508	36.1394	36.1437	36.1163	36.1059	36.0709	36.09	36.0761	36.0543	36.0139	36.036	35.9897	36.0299	36.0287	36.0239	36.0074	36.0038	35.9599	35.9453	35.9482	35.9393	35.9276	35.913	35.8731	35.8799	35.8714	35.8678	35.8385	35.8567	35.8467	35.853	35.8337	35.8268	35.8173	35.8157	35.7795	35.7597	35.7574	35.7305	35.7504	35.7134	35.7073	35.7036	35.6989	35.6649	35.6446	35.6592	35.6435	35.6444	35.6155	35.6149	35.5922	35.5913	35.5979	35.5921	35.5501	35.5332	35.5182	35.5697	35.5507	35.536	35.4783	35.4642	35.49	35.5044	35.4861	35.442	35.3537	35.3219	35.2983	35.3442	35.4169	35.3826	35.3581	35.3231	35.2291	35.2308	35.3277	35.2966	35.241	35.1463	35.1048	35.1774	35.1709	35.1125	35.0004	35.0166	35.1025	35.0282	35.0442	34.959	34.8406	34.8749	34.9364	34.733	34.7787	34.9211	34.8561	34.7887	34.652	34.6714	34.7412	34.6757	34.568	34.5123	34.409	34.4363	34.5531	34.4698	34.4592	34.3594	34.3417	34.3463	34.3916	34.346	34.3082	34.2374	34.2051	34.1842	34.2117	34.1865	34.3365	35.5498
Sgr-CMvi_051-Ex1-cssl	35.4976	36.0498	36.1524	36.1522	36.2185	36.1738	36.1852	36.1926	36.2317	36.2311	36.2472	36.2223	36.1892	36.1962	36.2044	36.2201	36.2138	36.2178	36.1855	36.1784	36.1613	36.1653	36.1353	36.1355	36.1175	36.1192	36.1144	36.0961	36.0846	36.0809	36.0573	36.0461	36.0073	36.0325	36.0106	35.9804	35.9515	35.9761	35.9114	35.9496	35.9624	35.9506	35.9353	35.9354	35.8941	35.852	35.8654	35.857	35.8463	35.8361	35.7999	35.7924	35.7908	35.8034	35.7681	35.7918	35.7777	35.771	35.752	35.7474	35.7323	35.736	35.7085	35.6876	35.68	35.6522	35.6668	35.6264	35.6262	35.6231	35.6083	35.5941	35.5731	35.568	35.564	35.5463	35.5343	35.5256	35.5243	35.5276	35.5179	35.4956	35.4682	35.4419	35.4299	35.4777	35.4776	35.4422	35.3698	35.3633	35.4025	35.4106	35.3997	35.3345	35.2339	35.1968	35.1955	35.219	35.3032	35.2599	35.2493	35.2008	35.0876	35.1126	35.1925	35.146	35.1017	34.9804	34.9763	35.0226	35.0459	34.9978	34.8631	34.8698	34.9695	34.8962	34.8821	34.8015	34.6956	34.7384	34.7654	34.5872	34.6121	34.7613	34.7199	34.6367	34.497	34.5136	34.6088	34.5479	34.4107	34.362	34.2369	34.2914	34.3888	34.3491	34.3265	34.228	34.2088	34.2184	34.3061	34.2133	34.1891	34.1119	34.1316	34.0587	34.1195	34.1295	34.253	35.5438
Sgr-CMvi_052-Ex1-cssl	35.2575	35.8954	36.0067	36.0097	36.0789	36.0177	36.0249	36.0163	36.0488	36.06	36.0784	36.0596	36.0171	36.0318	36.0478	36.0533	36.0337	36.0511	36.014	36.0039	35.9965	35.9883	35.9562	35.9591	35.9446	35.9365	35.9301	35.9116	35.8819	35.8864	35.8575	35.8646	35.8078	35.8285	35.8225	35.8042	35.7378	35.7574	35.7143	35.7674	35.7521	35.7522	35.7491	35.7393	35.6713	35.6671	35.6556	35.6388	35.6375	35.6078	35.5629	35.5577	35.5864	35.5448	35.5148	35.5386	35.5163	35.5041	35.495	35.4946	35.4626	35.4843	35.4481	35.4271	35.4187	35.3679	35.4155	35.359	35.3659	35.3502	35.3261	35.2967	35.2884	35.2844	35.2637	35.2663	35.2409	35.2258	35.2149	35.1885	35.2145	35.2057	35.1363	35.1326	35.0999	35.1774	35.13	35.1261	35.0385	35.0395	35.0628	35.089	35.0533	35.0026	34.8611	34.8411	34.8057	34.8459	34.9524	34.9316	34.8841	34.8343	34.7047	34.7318	34.8309	34.8094	34.7289	34.5844	34.545	34.6368	34.628	34.5788	34.4503	34.4491	34.5373	34.4961	34.4879	34.4531	34.2229	34.2686	34.3738	34.1804	34.1747	34.3276	34.2794	34.2278	34.0964	34.1014	34.1783	34.1064	33.99	33.9034	33.783	33.8328	33.9569	33.8771	33.9134	33.7968	33.7257	33.7761	33.8414	33.8158	33.754	33.7071	33.6594	33.658	33.7326	33.7616	33.8891	35.4495
Sgr-CMvi_053-Ex1-cssl	35.3684	36.1287	36.2053	36.1872	36.224	36.1856	36.1869	36.1939	36.225	36.2205	36.2389	36.2255	36.1866	36.2008	36.2058	36.2156	36.2045	36.2137	36.1771	36.1764	36.1514	36.1584	36.1319	36.1289	36.1034	36.1107	36.1039	36.0936	36.075	36.0843	36.0492	36.0437	36.0156	36.0325	36.0146	35.9963	35.9501	35.9727	35.9196	35.963	35.9613	35.9576	35.9393	35.9337	35.8911	35.8776	35.8706	35.8802	35.856	35.8376	35.8109	35.8023	35.811	35.8006	35.7791	35.7891	35.778	35.7723	35.7627	35.7547	35.7472	35.7496	35.7137	35.6907	35.688	35.6479	35.6668	35.6421	35.6286	35.6185	35.6143	35.585	35.572	35.5683	35.5635	35.5525	35.5299	35.5168	35.5135	35.5119	35.5034	35.4997	35.4666	35.4381	35.4196	35.4752	35.4695	35.4488	35.3814	35.3519	35.3986	35.4121	35.4017	35.3475	35.252	35.2091	35.195	35.2335	35.3166	35.2629	35.2447	35.2007	35.1042	35.1172	35.2071	35.1604	35.1087	34.9967	34.9614	35.0358	35.0496	34.9851	34.8688	34.8682	34.9589	34.9049	34.9009	34.8114	34.6833	34.7245	34.7998	34.599	34.6224	34.7754	34.7125	34.6401	34.5169	34.5196	34.6069	34.5172	34.419	34.3634	34.2296	34.2692	34.4184	34.3181	34.325	34.2187	34.1826	34.2022	34.2411	34.2073	34.1391	34.0897	34.0404	34.0323	34.0558	34.0464	34.208	35.506
Sgr-CMvi_054-Ex1-cssl	35.1886	36.0015	36.1038	36.0843	36.1141	36.0799	36.0687	36.0722	36.1059	36.1156	36.1346	36.1102	36.0706	36.0848	36.0949	36.1089	36.0895	36.0979	36.0691	36.0584	36.0417	36.0457	36.0217	36.0171	35.9902	36.0006	35.9899	35.9775	35.9574	35.9688	35.9285	35.9303	35.8959	35.9169	35.9	35.8735	35.8358	35.8511	35.7902	35.8411	35.8414	35.8337	35.8206	35.8192	35.7726	35.7579	35.7539	35.7575	35.7345	35.7137	35.6899	35.6775	35.6826	35.6839	35.6503	35.6716	35.6562	35.6571	35.6415	35.6306	35.6227	35.6227	35.5897	35.5678	35.5569	35.5314	35.5609	35.5128	35.5068	35.4957	35.4975	35.4655	35.4546	35.4515	35.4528	35.4331	35.4219	35.4062	35.3927	35.4047	35.3938	35.3909	35.3631	35.3204	35.3087	35.3598	35.3651	35.3357	35.2671	35.2401	35.2862	35.2991	35.285	35.2329	35.1347	35.092	35.0782	35.1237	35.2143	35.1598	35.1456	35.0961	34.9924	35.0171	35.1028	35.0573	35.0059	34.8797	34.8538	34.9265	34.9471	34.8776	34.758	34.7533	34.8625	34.79	34.7835	34.6934	34.5711	34.6032	34.6832	34.4578	34.4997	34.6567	34.6011	34.5222	34.394	34.3897	34.5044	34.391	34.2985	34.2359	34.1108	34.1322	34.2987	34.1897	34.2011	34.1174	34.0811	34.0763	34.1295	34.0947	34.0368	33.9838	33.9229	33.9038	33.9346	33.9403	34.0996	35.4793
Sgr-CMvi_055-Ex1-cssl	35.1124	35.953	36.0495	36.0309	36.069	36.0289	36.0314	36.0247	36.066	36.0723	36.095	36.0548	36.0319	36.0398	36.0448	36.052	36.0499	36.0556	36.0223	36.0239	35.9989	36.0121	35.9762	35.9734	35.9502	35.9559	35.9547	35.9419	35.9278	35.9286	35.8898	35.8934	35.85	35.867	35.8607	35.8307	35.7912	35.8065	35.753	35.8065	35.8103	35.7915	35.7805	35.7732	35.731	35.7211	35.7184	35.7234	35.7	35.6674	35.6532	35.6268	35.6452	35.6431	35.6176	35.6241	35.6092	35.6038	35.6056	35.6081	35.5983	35.592	35.5391	35.5241	35.5165	35.4884	35.5196	35.4653	35.4691	35.4414	35.4442	35.3985	35.3977	35.3897	35.3892	35.3708	35.355	35.3304	35.327	35.3311	35.3254	35.3072	35.2815	35.2529	35.2423	35.2733	35.2898	35.2461	35.1847	35.1487	35.1999	35.226	35.2126	35.1489	35.0534	35.0091	34.9793	35.0236	35.1149	35.0723	35.0541	34.9937	34.8897	34.9252	35.0184	34.9905	34.909	34.8015	34.7701	34.8458	34.8601	34.7844	34.6538	34.6554	34.7618	34.7035	34.6904	34.6155	34.4946	34.4875	34.6185	34.3645	34.4127	34.58	34.5165	34.4428	34.3192	34.311	34.425	34.2859	34.2416	34.1604	34.0675	34.0645	34.2444	34.1224	34.1434	34.0054	33.9534	34.0143	34.0703	34.0311	33.9582	33.913	33.8723	33.8978	33.9058	33.9337	34.069	35.4809
Sgr-CMvi_057-Ex1-cssl	35.7532	36.2527	36.3262	36.3121	36.3517	36.3196	36.3248	36.3184	36.3517	36.3487	36.3608	36.3508	36.3084	36.3242	36.3219	36.3305	36.3272	36.3288	36.3021	36.2922	36.2778	36.277	36.261	36.2577	36.2313	36.2356	36.2259	36.2065	36.2001	36.2046	36.1747	36.1706	36.1265	36.1515	36.1349	36.1259	36.0826	36.0978	36.0497	36.0978	36.0841	36.0853	36.0629	36.0582	36.015	36.0013	36.0012	35.9997	35.9773	35.9583	35.9333	35.9239	35.9351	35.9266	35.8914	35.907	35.9024	35.8957	35.8829	35.8721	35.8626	35.8676	35.8205	35.81	35.8037	35.7778	35.801	35.7738	35.7587	35.739	35.7407	35.7151	35.703	35.7032	35.6852	35.6707	35.6524	35.6481	35.63	35.6336	35.6333	35.6271	35.5862	35.5605	35.5366	35.5943	35.5838	35.5546	35.4986	35.4736	35.5054	35.5197	35.5057	35.4693	35.3668	35.3363	35.3135	35.3444	35.4183	35.38	35.3605	35.3191	35.2083	35.2364	35.3099	35.2583	35.2023	35.1056	35.0659	35.1286	35.1255	35.0681	34.9663	34.957	35.0257	35.0134	34.9708	34.9041	34.7616	34.8091	34.8615	34.6817	34.6967	34.8451	34.7863	34.7003	34.5622	34.5841	34.6461	34.5689	34.4777	34.434	34.2967	34.3223	34.4705	34.3799	34.3408	34.2562	34.2158	34.2573	34.2497	34.2343	34.1665	34.1129	34.0772	34.0571	34.1013	34.0892	34.2705	35.5603
Sgr-CMvi_058-Ex1-cssl	35.4845	36.0155	36.1207	36.1096	36.15	36.1011	36.0959	36.0977	36.1402	36.1444	36.1722	36.1447	36.1098	36.1279	36.1275	36.1403	36.1286	36.1351	36.1052	36.1003	36.0759	36.0867	36.0565	36.0592	36.0307	36.0392	36.0328	36.023	36.0059	36.0153	35.9774	35.9796	35.9368	35.9597	35.9448	35.918	35.8744	35.9065	35.8471	35.8991	35.9048	35.8984	35.8793	35.8796	35.8277	35.816	35.8104	35.8198	35.7967	35.7798	35.7523	35.7435	35.7567	35.7486	35.7186	35.7329	35.7272	35.7293	35.7171	35.7099	35.7017	35.703	35.6708	35.6453	35.6444	35.6178	35.6388	35.5979	35.5963	35.5872	35.5848	35.5564	35.5516	35.5482	35.5459	35.5319	35.5113	35.5045	35.4994	35.5088	35.4977	35.5026	35.4615	35.4414	35.4224	35.4853	35.4817	35.4599	35.3912	35.3775	35.4176	35.4266	35.4196	35.3713	35.2646	35.2343	35.2173	35.2662	35.3564	35.3064	35.2934	35.2457	35.1395	35.1685	35.2549	35.2067	35.1639	35.0536	35.0234	35.105	35.1152	35.0427	34.9351	34.932	35.0413	34.9785	34.9778	34.8876	34.7668	34.8074	34.8857	34.6711	34.7188	34.8736	34.8075	34.7314	34.5988	34.6176	34.7125	34.6216	34.5411	34.4746	34.3574	34.3746	34.5397	34.444	34.4488	34.3444	34.3163	34.3449	34.3819	34.3672	34.2962	34.2476	34.2098	34.1842	34.2113	34.1944	34.3153	35.5633
Sgr-CMvi_060-Ex1-cssl	35.1999	36.0135	36.1021	36.0863	36.1364	36.081	36.0854	36.0912	36.1293	36.1295	36.1425	36.1309	36.0855	36.0928	36.1081	36.1145	36.1071	36.106	36.0785	36.0772	36.0468	36.0494	36.0363	36.0247	36.0075	36.0009	35.9929	35.9848	35.9584	35.9651	35.9334	35.938	35.8909	35.9124	35.9024	35.8852	35.8296	35.8442	35.7878	35.8493	35.8602	35.8504	35.8395	35.8316	35.7784	35.7691	35.7625	35.7568	35.7376	35.717	35.6906	35.6668	35.6941	35.6751	35.6548	35.6511	35.6627	35.6554	35.6259	35.6358	35.6133	35.627	35.5735	35.5505	35.5478	35.5087	35.5473	35.5128	35.4827	35.4681	35.4747	35.4347	35.4153	35.4367	35.4021	35.3895	35.3686	35.3583	35.3505	35.3778	35.3466	35.351	35.3074	35.2777	35.2577	35.3187	35.2982	35.2801	35.2091	35.1769	35.2093	35.2419	35.2372	35.1637	35.0787	35.0377	35.003	35.0652	35.1273	35.0904	35.059	35.0483	34.911	34.9447	35.0475	35.0015	34.9411	34.81	34.7808	34.8687	34.8707	34.7914	34.6757	34.6757	34.783	34.7021	34.6803	34.6032	34.4964	34.5241	34.6117	34.3673	34.4111	34.5788	34.5237	34.3986	34.2679	34.2606	34.4022	34.2793	34.2068	34.1233	34.0323	34.0443	34.1773	34.0612	34.0855	33.9504	33.8973	34.0074	33.9947	33.977	33.9039	33.8492	33.8217	33.7812	33.8504	33.8452	34.0351	35.4516
Sgr-CMvi_061-Ex1-cssl	35.5848	36.0769	36.1983	36.1911	36.2359	36.1951	36.2174	36.2212	36.2725	36.2564	36.2773	36.2503	36.2188	36.2231	36.2335	36.2456	36.2335	36.2315	36.2218	36.2047	36.1821	36.176	36.16	36.1745	36.128	36.1383	36.124	36.1207	36.0963	36.1022	36.0852	36.059	36.0381	36.0611	36.0488	35.9885	35.9809	35.9936	35.9403	35.9928	35.9911	35.9826	35.971	35.9504	35.9073	35.8819	35.9194	35.8859	35.8688	35.8384	35.8129	35.7986	35.8019	35.8024	35.7869	35.7852	35.7714	35.7812	35.7541	35.7556	35.7423	35.7488	35.7165	35.7092	35.684	35.6522	35.6688	35.6437	35.6357	35.5966	35.6125	35.5703	35.5781	35.552	35.5648	35.5317	35.533	35.5168	35.5161	35.5083	35.4853	35.4951	35.4452	35.4467	35.4442	35.482	35.4444	35.4438	35.3678	35.3414	35.3846	35.3823	35.3966	35.3103	35.2046	35.1647	35.1359	35.1899	35.2816	35.2276	35.2207	35.155	35.0691	35.0826	35.1725	35.1406	35.0597	34.947	34.9317	34.9827	35.0211	34.9367	34.8213	34.8295	34.9085	34.8437	34.862	34.7732	34.6373	34.6655	34.7485	34.5222	34.5649	34.6976	34.6555	34.5568	34.4209	34.4176	34.5649	34.4156	34.3418	34.2507	34.1469	34.1462	34.2953	34.211	34.2039	34.0912	34.0741	34.0898	34.1477	34.1064	34.0587	33.9427	33.9582	33.9059	33.9535	33.9522	34.1773	35.516
Sgr-CMvi_063-Ex1-cssl	35.6143	36.1253	36.2191	36.1972	36.2307	36.1868	36.1896	36.1956	36.2315	36.2311	36.2505	36.2253	36.1933	36.2022	36.2065	36.2232	36.2067	36.2121	36.1773	36.1741	36.1532	36.1585	36.1283	36.1359	36.1078	36.1064	36.1021	36.0843	36.0774	36.0701	36.043	36.0325	36.0029	36.0205	36.0033	35.9823	35.9391	35.9567	35.9117	35.9631	35.9598	35.9484	35.9197	35.9157	35.8828	35.8629	35.8689	35.8632	35.8422	35.8055	35.789	35.7824	35.7792	35.7676	35.7528	35.7619	35.7412	35.7425	35.7459	35.7284	35.7136	35.7066	35.682	35.6516	35.6492	35.6077	35.6326	35.592	35.5924	35.5699	35.5703	35.5334	35.536	35.5139	35.5241	35.5021	35.4889	35.4876	35.476	35.4721	35.4559	35.4611	35.4204	35.398	35.3781	35.4356	35.4279	35.4122	35.3386	35.3337	35.3519	35.3673	35.3638	35.316	35.1917	35.1585	35.1516	35.1835	35.2632	35.2218	35.2029	35.1654	35.0627	35.0763	35.1485	35.1172	35.0532	34.9497	34.932	34.9969	34.9985	34.9241	34.8187	34.8294	34.9193	34.8554	34.8438	34.7753	34.6353	34.6879	34.7501	34.5607	34.5681	34.7391	34.6778	34.5907	34.4774	34.4589	34.5573	34.4722	34.3668	34.3303	34.1983	34.2224	34.3739	34.2772	34.2649	34.2172	34.1475	34.1755	34.2027	34.1876	34.1218	34.0638	34.0199	34.0156	34.0245	34.0608	34.2006	35.537
Sgr-CMvi_064-Ex1-cssl	35.5739	36.1606	36.2499	36.2457	36.2865	36.2527	36.255	36.2562	36.2872	36.2911	36.3059	36.2918	36.2507	36.266	36.2656	36.2798	36.2741	36.2759	36.2434	36.2424	36.2215	36.2288	36.2049	36.2011	36.1768	36.185	36.1783	36.1616	36.1516	36.1497	36.1224	36.1167	36.0843	36.1075	36.0923	36.0734	36.0275	36.049	35.9904	36.0454	36.0454	36.0364	36.0147	36.012	35.9773	35.9577	35.9555	35.956	35.9395	35.9178	35.8937	35.8838	35.895	35.8906	35.8627	35.8671	35.8677	35.8636	35.8509	35.8472	35.8308	35.8364	35.7968	35.7793	35.7654	35.7436	35.7624	35.7312	35.7254	35.723	35.7136	35.6804	35.6733	35.6685	35.6591	35.6466	35.6282	35.6162	35.6191	35.6149	35.6023	35.606	35.566	35.5475	35.5323	35.5879	35.5706	35.5534	35.4919	35.4705	35.501	35.5151	35.4988	35.4564	35.3523	35.3144	35.2931	35.3476	35.4136	35.3791	35.3575	35.3247	35.2046	35.235	35.3142	35.282	35.2268	35.103	35.0797	35.1578	35.1533	35.0906	34.9699	34.9882	35.0701	35.0157	34.9891	34.9179	34.7813	34.8296	34.8988	34.6843	34.7183	34.8864	34.8205	34.7308	34.6029	34.6035	34.6962	34.6095	34.4896	34.4492	34.3113	34.3542	34.4875	34.4068	34.3814	34.2976	34.2644	34.274	34.3032	34.2794	34.2228	34.1787	34.1216	34.1156	34.1345	34.1441	34.2567	35.5486
Sgr-CMvi_065-Ex1-cssl	35.2146	36.0119	36.0955	36.0968	36.1471	36.1083	36.0882	36.1019	36.1418	36.1463	36.1717	36.1351	36.1133	36.1102	36.1323	36.1397	36.1337	36.1325	36.1102	36.0883	36.0743	36.0621	36.0538	36.0417	36.0142	36.0134	36.0142	35.9901	35.9878	35.9801	35.9621	35.9544	35.9179	35.923	35.9099	35.8813	35.8472	35.8588	35.8139	35.8497	35.8602	35.8379	35.8191	35.8192	35.774	35.7681	35.7613	35.7754	35.7501	35.7117	35.7029	35.6856	35.6898	35.683	35.6567	35.6574	35.6585	35.6467	35.6464	35.63	35.6125	35.6135	35.5796	35.5451	35.5323	35.5107	35.523	35.4757	35.4827	35.4745	35.4732	35.4267	35.4138	35.4168	35.4172	35.3899	35.3781	35.3502	35.3375	35.3538	35.3404	35.3428	35.3043	35.2833	35.2318	35.3004	35.3115	35.276	35.2206	35.1842	35.2357	35.222	35.2229	35.1595	35.0596	35.0156	35.0097	35.0258	35.1241	35.0726	35.0585	34.9975	34.8924	34.9135	35.009	34.9502	34.9068	34.7766	34.7386	34.8142	34.856	34.7855	34.6522	34.6393	34.7368	34.6801	34.6849	34.6003	34.4706	34.5314	34.5805	34.3646	34.4019	34.5522	34.4572	34.4153	34.2637	34.3017	34.3691	34.3039	34.2129	34.1297	33.9713	34.0275	34.1827	34.1249	34.0771	33.9973	33.977	34.0022	34.0272	33.9721	33.9437	33.8713	33.8597	33.8271	33.8557	33.9213	34.0827	35.4937
Sgr-CMvi_066-Ex1-cssl	35.5431	36.1102	36.2069	36.1942	36.2351	36.1918	36.2026	36.1896	36.2341	36.2299	36.2504	36.2263	36.1815	36.2002	36.2099	36.2181	36.2168	36.2186	36.1903	36.1691	36.1572	36.1645	36.1286	36.1145	36.1	36.1058	36.094	36.0817	36.0663	36.0751	36.029	36.0305	35.9798	36.0023	36.0018	35.9673	35.9172	35.9398	35.8829	35.9323	35.9397	35.9345	35.8967	35.8781	35.8434	35.8276	35.8431	35.8262	35.799	35.7808	35.7576	35.7295	35.7505	35.7415	35.7116	35.7054	35.7203	35.7104	35.6867	35.68	35.6622	35.6712	35.6357	35.6045	35.6161	35.564	35.5881	35.5414	35.5361	35.53	35.5262	35.4991	35.4858	35.4656	35.4565	35.4394	35.4131	35.4059	35.4003	35.3971	35.3804	35.3446	35.3556	35.299	35.2969	35.3316	35.3214	35.2907	35.237	35.1909	35.2728	35.2783	35.259	35.2159	35.0779	35.0358	35.0058	35.0666	35.1356	35.0966	35.0708	35.0326	34.9311	34.9604	35.0301	34.9903	34.9371	34.8303	34.7806	34.8617	34.87	34.7745	34.6894	34.6741	34.7819	34.6888	34.6836	34.6022	34.4735	34.5263	34.6149	34.3795	34.4079	34.555	34.497	34.3796	34.2751	34.3017	34.3474	34.2674	34.195	34.1235	34.0088	34.0133	34.1827	34.085	34.0817	33.9636	33.9152	33.9535	33.9557	33.9356	33.8947	33.8083	33.7719	33.7687	33.8218	33.8381	34.0786	35.4761
Sgr-CMvi_067-Ex1-cssl	35.5597	36.1037	36.1873	36.1672	36.2156	36.1681	36.1792	36.1824	36.2113	36.2185	36.23	36.2185	36.1831	36.2036	36.2062	36.2072	36.1947	36.2102	36.1923	36.1915	36.1569	36.1548	36.1299	36.1284	36.1215	36.1204	36.1062	36.0751	36.0909	36.0919	36.0606	36.05	35.983	36.0254	36.0093	35.9748	35.9134	35.9628	35.9164	35.9402	35.9661	35.959	35.9659	35.8997	35.8915	35.8412	35.8716	35.8519	35.8215	35.8063	35.7951	35.7772	35.7853	35.761	35.7727	35.7589	35.7655	35.7371	35.7306	35.7028	35.724	35.7101	35.6845	35.6659	35.6545	35.6286	35.6557	35.6026	35.5759	35.5515	35.5758	35.5456	35.5442	35.525	35.5185	35.4931	35.4909	35.4792	35.4574	35.4447	35.4742	35.4454	35.4019	35.371	35.3708	35.4285	35.414	35.382	35.3041	35.3209	35.3599	35.3369	35.3403	35.2705	35.1809	35.1396	35.1128	35.1547	35.2146	35.1896	35.1539	35.1242	35.0447	35.0448	35.1127	35.0499	34.9991	34.8912	34.8745	35.0049	34.9948	34.8701	34.7935	34.7579	34.8341	34.8278	34.8492	34.6867	34.5923	34.6113	34.7135	34.4803	34.4899	34.6129	34.6349	34.4893	34.3851	34.4015	34.494	34.4005	34.2791	34.2344	34.0917	34.1598	34.2725	34.1179	34.1626	34.0656	34.0159	34.1524	34.1486	34.118	34.0746	33.9926	33.9865	33.8869	33.9687	33.9577	34.1644	35.5082
Sgr-CMvi_070-Ex1-cssl	35.57	36.1258	36.2037	36.204	36.2604	36.2211	36.2239	36.2267	36.2578	36.2594	36.2765	36.2633	36.2228	36.2306	36.2452	36.2505	36.2371	36.241	36.2166	36.2058	36.1908	36.193	36.1693	36.1689	36.1389	36.1432	36.1371	36.1194	36.1056	36.1138	36.0803	36.084	36.0386	36.0637	36.0417	36.0206	35.9727	36.002	35.9427	35.9953	35.998	35.9816	35.9695	35.9745	35.9272	35.9114	35.9111	35.9019	35.8804	35.8546	35.8288	35.8265	35.8314	35.8237	35.794	35.8202	35.804	35.8063	35.7922	35.787	35.7646	35.7807	35.725	35.721	35.6997	35.6801	35.6947	35.6651	35.6432	35.6525	35.6352	35.6126	35.5952	35.5826	35.5672	35.5569	35.5433	35.5372	35.5166	35.5309	35.518	35.5308	35.4848	35.4501	35.4448	35.4911	35.4875	35.4557	35.3736	35.3703	35.4004	35.4161	35.3925	35.3381	35.2386	35.1997	35.1861	35.222	35.3056	35.2506	35.2522	35.1747	35.0799	35.1062	35.2	35.151	35.084	34.9689	34.9431	35.0183	34.9951	34.9455	34.8246	34.8169	34.9039	34.8495	34.8431	34.7608	34.6157	34.6561	34.7018	34.5194	34.532	34.6806	34.6281	34.5333	34.39	34.3987	34.4889	34.3919	34.299	34.2518	34.1194	34.1386	34.2801	34.2111	34.1923	34.0977	34.0557	34.0915	34.1041	34.0885	34.0024	33.97	33.9308	33.9344	33.9103	33.9323	34.1198	35.5133
Sgr-CMvi_071-Ex1-cssl	35.4818	36.1723	36.2212	36.2101	36.2499	36.2113	36.2108	36.2091	36.245	36.2442	36.2615	36.2514	36.214	36.2306	36.2311	36.2395	36.2225	36.2319	36.2046	36.1993	36.1811	36.1844	36.163	36.153	36.1318	36.1349	36.1267	36.1151	36.1005	36.1094	36.0809	36.0673	36.0344	36.0525	36.0383	36.0173	35.9709	36.0007	35.9371	35.9834	35.9844	35.9772	35.9671	35.9603	35.9226	35.9079	35.8977	35.9032	35.8853	35.8603	35.8327	35.8257	35.8389	35.8243	35.8004	35.8103	35.7999	35.7947	35.7863	35.7861	35.7731	35.7674	35.7409	35.712	35.7145	35.6878	35.7073	35.6685	35.6693	35.6531	35.6433	35.6112	35.5983	35.5902	35.5853	35.5799	35.5588	35.5472	35.5421	35.5455	35.5368	35.5409	35.4925	35.4682	35.4635	35.5117	35.4926	35.4716	35.407	35.3942	35.431	35.4311	35.4193	35.3785	35.2716	35.2359	35.2246	35.264	35.3394	35.2873	35.2817	35.2356	35.1305	35.1602	35.224	35.187	35.1318	35.0248	34.9889	35.0697	35.0704	34.9998	34.9004	34.888	34.9846	34.9294	34.909	34.8325	34.712	34.7352	34.8082	34.6106	34.6359	34.7898	34.7117	34.6452	34.523	34.5189	34.6202	34.5394	34.4401	34.3633	34.2446	34.2814	34.4211	34.3214	34.3151	34.2228	34.1986	34.2113	34.2617	34.2169	34.1344	34.0979	34.0716	34.0558	34.0688	34.0896	34.2481	35.5372
Sgr-CMvi_072-Ex1-cssl	35.6175	36.1457	36.2194	36.2128	36.2507	36.2136	36.2118	36.216	36.2472	36.2439	36.2648	36.249	36.2142	36.2299	36.2282	36.2392	36.2303	36.2305	36.2048	36.2066	36.1812	36.1874	36.1634	36.1613	36.135	36.143	36.136	36.1193	36.1077	36.114	36.0852	36.0862	36.0411	36.0635	36.0567	36.0302	35.9935	36.0175	35.9615	36.0051	36.0053	36.0011	35.9798	35.9878	35.9437	35.9314	35.9296	35.9287	35.9103	35.8849	35.8567	35.8512	35.8576	35.856	35.8285	35.8346	35.8249	35.8216	35.8122	35.8034	35.7927	35.7884	35.7559	35.7415	35.739	35.7119	35.7196	35.6946	35.6938	35.6798	35.6672	35.637	35.6299	35.6308	35.6274	35.6196	35.5989	35.5835	35.5818	35.5854	35.5714	35.5695	35.5332	35.5023	35.4917	35.5434	35.536	35.5192	35.4549	35.4368	35.4611	35.4746	35.459	35.4152	35.3172	35.2784	35.2601	35.3048	35.3707	35.3284	35.3177	35.28	35.167	35.1967	35.2616	35.2307	35.1755	35.0777	35.049	35.1072	35.1242	35.0566	34.9591	34.9442	35.0389	34.9842	34.9639	34.8824	34.7631	34.7891	34.8584	34.6638	34.7014	34.8362	34.7845	34.7068	34.5854	34.5851	34.6682	34.5754	34.4969	34.4209	34.3	34.3354	34.4825	34.3915	34.389	34.2964	34.2654	34.2797	34.3101	34.2814	34.2552	34.1868	34.1465	34.1319	34.1614	34.1603	34.3098	35.5692
Sgr-CMvi_074-Ex1-cssl	35.6943	36.281	36.3313	36.3099	36.3511	36.3164	36.3174	36.3099	36.3484	36.3392	36.3645	36.3488	36.3202	36.3294	36.3358	36.338	36.333	36.3293	36.315	36.2923	36.2778	36.2795	36.2525	36.252	36.2263	36.2352	36.2244	36.2158	36.2018	36.2031	36.1682	36.1665	36.1424	36.1609	36.1335	36.1131	36.0815	36.0977	36.0388	36.09	36.0948	36.0817	36.0645	36.0557	36.0125	36.0128	35.9894	36.0078	35.9683	35.9576	35.9273	35.9175	35.9257	35.9067	35.8829	35.8869	35.8751	35.8863	35.8733	35.8761	35.8513	35.8512	35.8194	35.7926	35.7887	35.7603	35.7669	35.7348	35.7425	35.7269	35.721	35.6963	35.6854	35.6613	35.6584	35.6375	35.6283	35.6138	35.5973	35.5998	35.6092	35.5776	35.5598	35.5245	35.5042	35.5493	35.525	35.5245	35.442	35.4383	35.4607	35.4652	35.4629	35.4173	35.3048	35.2894	35.2688	35.2833	35.3702	35.3253	35.2907	35.2629	35.1568	35.1725	35.2517	35.1996	35.1443	35.0317	34.9889	35.0759	35.077	35.021	34.8882	34.9105	34.9673	34.9331	34.8929	34.8572	34.7058	34.7516	34.7804	34.6058	34.6379	34.7933	34.7157	34.6937	34.5177	34.4994	34.6144	34.5598	34.4217	34.386	34.2659	34.2929	34.3738	34.334	34.3059	34.2377	34.1651	34.2044	34.1777	34.1982	34.138	34.0633	33.985	34.0541	34.0517	34.0631	34.268	35.5223
Sgr-CMvi_076-Ex1-cssl	35.1591	35.9164	36.0099	35.986	36.0212	35.9749	35.9748	35.9797	36.0171	36.0253	36.0464	36.0215	35.9707	35.9972	36.0046	36.0174	36.0037	36.0134	35.9728	35.9596	35.9433	35.9446	35.9161	35.9241	35.8905	35.8919	35.8948	35.8814	35.8636	35.873	35.8296	35.8265	35.7963	35.8102	35.7951	35.7762	35.7254	35.7524	35.691	35.7431	35.744	35.7398	35.7203	35.7168	35.6712	35.6634	35.6593	35.6654	35.6358	35.6189	35.5813	35.5776	35.596	35.5839	35.5557	35.5722	35.5607	35.5653	35.5414	35.5496	35.5271	35.5299	35.4978	35.4753	35.4664	35.4248	35.4528	35.4153	35.4218	35.4069	35.398	35.3576	35.36	35.3462	35.3375	35.3226	35.3153	35.3026	35.2885	35.295	35.2804	35.2869	35.2502	35.216	35.2085	35.2627	35.2533	35.2274	35.161	35.1456	35.1734	35.1988	35.1978	35.1317	35.0219	34.9755	34.9668	35.0154	35.1071	35.0565	35.0383	34.9944	34.8847	34.9127	34.9941	34.9528	34.899	34.7671	34.7284	34.8198	34.8264	34.7458	34.6369	34.6449	34.7416	34.6894	34.6698	34.5936	34.4468	34.489	34.5768	34.3573	34.4015	34.5721	34.5021	34.4155	34.2821	34.2811	34.3793	34.3109	34.215	34.139	34.0075	34.0452	34.2075	34.1042	34.1171	34.0145	33.9755	34.0091	34.0643	34.0105	33.9363	33.8996	33.8748	33.8671	33.8845	33.8673	34.0588	35.4697
Sgr-CMvi_077-Ex1-cssl	35.5505	36.0862	36.1586	36.1565	36.2002	36.1537	36.1606	36.1748	36.2014	36.1965	36.2221	36.2137	36.1708	36.1836	36.1842	36.1995	36.1922	36.1937	36.166	36.1615	36.1333	36.1396	36.1175	36.1098	36.0841	36.0878	36.0808	36.081	36.0591	36.0608	36.0206	36.0195	35.9823	36.0041	35.9921	35.9702	35.9193	35.9399	35.884	35.9386	35.9347	35.9325	35.9074	35.9057	35.8645	35.8536	35.8426	35.8325	35.8116	35.8034	35.7667	35.756	35.7666	35.7639	35.7367	35.733	35.7236	35.7253	35.7051	35.7081	35.6827	35.6903	35.6592	35.6394	35.6237	35.6053	35.6101	35.5845	35.5752	35.5671	35.5661	35.5122	35.5117	35.5138	35.5049	35.501	35.4657	35.4582	35.4404	35.4461	35.4311	35.4426	35.3998	35.3669	35.342	35.3981	35.3899	35.3683	35.3037	35.2905	35.3179	35.3287	35.3068	35.2728	35.1544	35.1302	35.0959	35.1458	35.215	35.1893	35.1647	35.1114	35.0052	35.0328	35.1223	35.0837	35.0258	34.9216	34.8935	34.9464	34.9633	34.9037	34.8015	34.7824	34.8608	34.8111	34.8228	34.7294	34.6098	34.6375	34.7144	34.4992	34.5414	34.7066	34.6311	34.5513	34.4245	34.4285	34.5328	34.4378	34.3433	34.2813	34.1728	34.1948	34.3421	34.2607	34.2279	34.1497	34.112	34.1218	34.1798	34.1506	34.0904	34.0509	34.0109	33.9694	34.0127	34.0268	34.1927	35.5309
Sgr-CMvi_083-Ex1-cssl	35.5927	36.1052	36.1755	36.1935	36.2389	36.1881	36.1973	36.1962	36.2315	36.2323	36.2669	36.2204	36.2056	36.2136	36.2222	36.2156	36.2234	36.2303	36.1888	36.1919	36.1649	36.1698	36.1446	36.1445	36.1106	36.1318	36.1042	36.0928	36.0649	36.0718	36.0313	36.0502	35.9971	36.0149	36.0119	35.978	35.9253	35.9542	35.8931	35.9394	35.9477	35.9254	35.9078	35.9154	35.8445	35.8592	35.8178	35.834	35.806	35.8058	35.7523	35.758	35.7586	35.7697	35.7266	35.7319	35.7304	35.7201	35.6871	35.7211	35.6721	35.685	35.629	35.6148	35.6128	35.5841	35.5887	35.5407	35.5221	35.534	35.5005	35.4966	35.4493	35.4519	35.4607	35.4204	35.392	35.3775	35.3576	35.3642	35.3552	35.3381	35.2757	35.2535	35.2247	35.2873	35.2701	35.2399	35.1511	35.1248	35.1958	35.1783	35.1648	35.1235	35.0011	34.9562	34.9812	34.9825	35.0661	35.0369	35.0011	34.9602	34.8143	34.8782	34.9118	34.8534	34.8339	34.7271	34.6222	34.7212	34.7071	34.6821	34.5198	34.5583	34.6239	34.5602	34.5183	34.4996	34.3323	34.3893	34.4028	34.211	34.2371	34.3464	34.3161	34.1794	34.0678	34.0629	34.1452	33.993	33.9068	33.8581	33.7314	33.8263	33.9597	33.8129	33.7824	33.6587	33.675	33.682	33.7397	33.6631	33.5816	33.5896	33.5402	33.5206	33.4885	33.5898	33.8487	35.4506
Sgr-CMvi_084-Ex1-cssl	35.2957	36.0158	36.0854	36.08	36.1211	36.0935	36.1129	36.0805	36.1428	36.1227	36.1481	36.1238	36.0893	36.0851	36.0809	36.0978	36.1275	36.1292	36.0914	36.0833	36.0352	36.0489	36.0076	36.0214	35.9826	35.9867	35.9795	35.9527	35.9209	35.9029	35.9072	35.8838	35.8593	35.8445	35.8331	35.7963	35.7667	35.7778	35.7278	35.7258	35.7581	35.7438	35.6811	35.6611	35.626	35.608	35.6385	35.593	35.5809	35.5595	35.4615	35.4704	35.4792	35.4401	35.4045	35.4135	35.3968	35.4276	35.3991	35.388	35.3523	35.3511	35.3114	35.2329	35.223	35.2244	35.2426	35.1694	35.1165	35.1831	35.093	35.1185	35.0988	35.0569	35.0053	35.0129	34.9943	34.9019	34.8905	34.9577	34.819	34.8812	34.8086	34.7814	34.7531	34.7716	34.7515	34.7925	34.6801	34.7028	34.6525	34.7533	34.6931	34.5978	34.4052	34.3629	34.4262	34.4738	34.5587	34.5173	34.4539	34.4098	34.2814	34.307	34.3775	34.3315	34.2738	34.1704	34.1364	34.1653	34.0977	34.167	33.9646	33.977	34.0729	33.9489	33.9335	33.8428	33.6301	33.8066	33.755	33.6859	33.5462	33.8493	33.6692	33.6354	33.436	33.5352	33.4796	33.5198	33.3747	33.3839	33.2286	33.2172	33.387	33.3563	33.2577	33.2515	33.142	33.1757	33.1713	33.149	33.1756	33.0206	32.9991	33.0211	33.1133	33.1782	33.562	35.3374
Sgr-CMvi_085-Ex1-cssl	35.6891	36.1475	36.2385	36.2237	36.2706	36.2364	36.239	36.234	36.2652	36.2729	36.2895	36.278	36.2524	36.258	36.2577	36.2675	36.2651	36.2647	36.2322	36.227	36.21	36.2137	36.1896	36.1877	36.1731	36.1729	36.1646	36.155	36.1342	36.1337	36.1099	36.1055	36.075	36.0877	36.0774	36.0565	36.0114	36.037	35.9908	36.0223	36.0292	36.0188	35.9941	36.0005	35.9616	35.9481	35.9462	35.9451	35.911	35.8951	35.8703	35.8648	35.8718	35.8641	35.8304	35.8462	35.841	35.8237	35.825	35.8171	35.802	35.8106	35.7721	35.7491	35.7443	35.7223	35.73	35.6985	35.6995	35.692	35.684	35.6542	35.6338	35.6398	35.6298	35.6272	35.6052	35.5887	35.5865	35.5849	35.5906	35.5687	35.5552	35.5169	35.5052	35.554	35.5455	35.5266	35.4553	35.4435	35.4722	35.4915	35.4686	35.4102	35.3291	35.2915	35.2734	35.3081	35.3932	35.3424	35.3431	35.2929	35.2029	35.2099	35.304	35.2402	35.1888	35.0949	35.0686	35.1225	35.1259	35.0657	34.983	34.9709	35.0444	35.0058	35.0018	34.9192	34.8172	34.8398	34.8795	34.6914	34.739	34.8848	34.8017	34.731	34.59	34.6183	34.6868	34.624	34.5247	34.4964	34.3661	34.3758	34.5211	34.4046	34.4227	34.3175	34.314	34.3224	34.3726	34.3081	34.2705	34.2213	34.1704	34.1625	34.1907	34.1881	34.3385	35.5782
Sgr-CMvi_086-Ex1-cssl	35.8766	36.2677	36.3567	36.3408	36.3837	36.3466	36.3537	36.3567	36.3817	36.384	36.3978	36.3759	36.3474	36.3516	36.3659	36.3708	36.3548	36.368	36.3438	36.3332	36.32	36.3122	36.2915	36.2914	36.2603	36.2666	36.256	36.2442	36.2241	36.2316	36.1965	36.1929	36.1567	36.1726	36.1561	36.1379	36.0955	36.1231	36.0767	36.1151	36.1058	36.0914	36.0741	36.0766	36.036	36.027	36.0265	36.0112	35.9999	35.9514	35.9452	35.9315	35.9392	35.9405	35.907	35.9214	35.8998	35.9077	35.883	35.8618	35.8647	35.8609	35.8323	35.814	35.8026	35.7682	35.7833	35.7527	35.743	35.7296	35.7176	35.694	35.6826	35.6689	35.6565	35.6478	35.6446	35.6203	35.6035	35.6211	35.5985	35.5768	35.5488	35.5424	35.5106	35.5553	35.5428	35.5188	35.4547	35.4428	35.4644	35.4866	35.4603	35.4116	35.3132	35.2865	35.2617	35.3098	35.3677	35.3102	35.2792	35.238	35.1465	35.1761	35.2303	35.2041	35.1391	35.0634	35.0033	35.0914	35.0743	35.0216	34.9076	34.9151	35.0053	34.9571	34.8959	34.8232	34.7	34.7541	34.8246	34.6293	34.6228	34.7788	34.698	34.6134	34.489	34.4995	34.5704	34.494	34.3952	34.3222	34.2444	34.2398	34.3601	34.2727	34.2712	34.1455	34.1078	34.1598	34.1856	34.1478	34.1078	34.0382	34.0368	33.9856	33.9946	34.0705	34.2088	35.5642
Sgr-CMvi_087-Ex1-cssl	35.3608	36.0192	36.1131	36.0923	36.144	36.1013	36.0973	36.1006	36.1506	36.1576	36.1784	36.1446	36.1139	36.1159	36.1401	36.1376	36.1237	36.129	36.1071	36.0997	36.0843	36.0798	36.0561	36.0578	36.0179	36.0199	36.022	36.0042	35.9887	35.9913	35.966	35.9569	35.9151	35.9605	35.9493	35.9079	35.8663	35.8805	35.8203	35.8936	35.8903	35.8792	35.8623	35.8429	35.81	35.7932	35.7917	35.7934	35.7789	35.7472	35.7325	35.7163	35.7284	35.7141	35.6865	35.6962	35.6857	35.6889	35.6882	35.6721	35.6612	35.6563	35.6085	35.5946	35.5862	35.5608	35.5689	35.5372	35.5287	35.5155	35.5165	35.4897	35.4793	35.4759	35.4705	35.4589	35.4215	35.4155	35.4068	35.4149	35.4094	35.3926	35.3768	35.3288	35.3157	35.3469	35.3736	35.3204	35.2711	35.2396	35.2729	35.289	35.3006	35.2442	35.1166	35.0879	35.0738	35.1215	35.2052	35.1424	35.1453	35.1099	34.9833	34.9863	35.0914	35.0532	34.99	34.8465	34.8429	34.9186	34.9185	34.8739	34.7592	34.7754	34.8478	34.7795	34.7786	34.7224	34.5558	34.6059	34.67	34.4864	34.4796	34.6755	34.5698	34.4794	34.3404	34.38	34.4964	34.3828	34.2756	34.2143	34.0923	34.1101	34.2785	34.1585	34.1411	34.0626	34.0518	34.0907	34.1172	34.0858	34.016	33.9689	33.9781	33.9016	33.9462	33.9427	34.1503	35.5102
Sgr-CMvi_088-Ex1-cssl	35.4635	36.0999	36.1878	36.1759	36.2288	36.1924	36.1891	36.1752	36.2175	36.2182	36.2301	36.2117	36.1636	36.1902	36.1958	36.2099	36.1994	36.2092	36.1736	36.1676	36.1437	36.152	36.1299	36.1357	36.1125	36.1167	36.1001	36.081	36.0696	36.0645	36.0171	36.0232	35.9949	36.0212	36.0072	35.9615	35.9293	35.9603	35.8976	35.9228	35.9367	35.9278	35.9129	35.9007	35.8577	35.8295	35.8358	35.8075	35.813	35.7976	35.7922	35.73	35.7662	35.7533	35.7315	35.7534	35.7339	35.7069	35.7143	35.6976	35.7007	35.6906	35.6397	35.6161	35.6169	35.5719	35.5846	35.549	35.5441	35.5606	35.5418	35.5076	35.4804	35.4863	35.4807	35.4498	35.4494	35.4425	35.4031	35.449	35.3912	35.4394	35.3426	35.3505	35.3364	35.4095	35.3758	35.3535	35.2842	35.2601	35.2887	35.3166	35.2856	35.2516	35.1155	35.127	35.0609	35.1044	35.1721	35.153	35.1095	35.0818	34.9671	34.9821	35.0368	35.0143	35.0064	34.8692	34.8198	34.9181	34.9097	34.8446	34.6609	34.7282	34.793	34.7278	34.7225	34.6137	34.4996	34.5333	34.5852	34.4208	34.4338	34.6128	34.5173	34.4136	34.2942	34.3494	34.4317	34.3648	34.2242	34.1871	34.0207	34.0874	34.1842	34.1221	34.0297	34.0469	33.9715	34.0309	34.0328	34.0132	33.8523	33.8489	33.8565	33.835	33.8673	33.9137	34.0176	35.4876
Sgr-CMvi_089-Ex1-cssl	35.2149	36.006	36.0869	36.0801	36.1189	36.0692	36.0746	36.082	36.1153	36.1165	36.138	36.1119	36.0734	36.0873	36.0958	36.1104	36.0956	36.1013	36.0659	36.0581	36.0371	36.0433	36.0197	36.0152	35.9827	35.9882	35.9861	35.9677	35.9515	35.9527	35.9262	35.9165	35.8783	35.8996	35.8795	35.8596	35.8107	35.8308	35.7747	35.8274	35.8301	35.82	35.7928	35.7995	35.7509	35.7361	35.7231	35.7324	35.709	35.6881	35.6607	35.6489	35.6526	35.6522	35.6202	35.6239	35.6257	35.6199	35.6089	35.5999	35.5879	35.5818	35.5472	35.5237	35.5158	35.4896	35.5072	35.4652	35.4544	35.4461	35.4354	35.4003	35.3843	35.3898	35.377	35.3601	35.3468	35.3366	35.3198	35.3262	35.3178	35.3112	35.2644	35.2431	35.2256	35.2784	35.2768	35.2434	35.1745	35.148	35.191	35.1956	35.1912	35.1297	35.0241	34.9819	34.9595	34.9939	35.0886	35.0311	35.009	34.9637	34.8369	34.874	34.9633	34.9066	34.8577	34.7388	34.7021	34.7718	34.7912	34.715	34.5891	34.5894	34.6914	34.6256	34.6154	34.531	34.4025	34.4264	34.4916	34.2859	34.3144	34.4766	34.408	34.3312	34.1815	34.1936	34.3101	34.1941	34.1061	34.0334	33.908	33.9381	34.0891	34.0042	33.9772	33.8819	33.8657	33.8732	33.911	33.8771	33.834	33.7695	33.736	33.722	33.7513	33.7658	33.9848	35.4475
Sgr-CMvi_092-Ex1-cssl	34.9588	35.8171	35.9244	35.927	35.9984	35.9443	35.9437	35.9505	35.9677	35.9721	36.0012	35.9453	35.927	35.9254	35.9422	35.943	35.9446	35.9331	35.9409	35.8998	35.8942	35.8825	35.8953	35.8431	35.8224	35.8403	35.8032	35.7826	35.7904	35.7583	35.7263	35.6969	35.6776	35.6716	35.6419	35.5815	35.5548	35.5578	35.471	35.5343	35.547	35.5378	35.5289	35.4886	35.4541	35.4194	35.431	35.3954	35.3763	35.3392	35.3398	35.2857	35.2964	35.2631	35.2248	35.2101	35.2168	35.165	35.1889	35.1473	35.1318	35.1026	35.102	35.0271	35.0042	34.9263	34.971	34.8709	34.9211	34.8489	34.8988	34.7923	34.827	34.7551	34.805	34.7525	34.7674	34.6465	34.6405	34.646	34.6692	34.5969	34.4991	34.4931	34.4899	34.5374	34.5037	34.4292	34.3587	34.3719	34.3414	34.3543	34.3221	34.2657	34.1209	34.1103	34.0452	34.1124	34.1725	34.1521	34.1249	34.0942	33.8944	33.9829	33.9931	33.9443	33.8818	33.8048	33.7119	33.8255	33.7423	33.7405	33.5961	33.5409	33.6497	33.5886	33.569	33.484	33.3279	33.3889	33.447	33.2299	33.1502	33.4031	33.2097	33.2142	33.0373	33.1131	33.084	33.1019	32.841	32.8895	32.6663	32.8008	32.9252	32.8717	32.7875	32.7274	32.5379	32.7251	32.6853	32.7126	32.7124	32.6446	32.4987	32.5782	32.5905	32.8109	33.1715	35.2093
