all	0	278776	1681766	0.1657638
all	1	9022	1681766	0.0053646
all	2	156952	1681766	0.0933257
all	3	11888	1681766	0.0070688
all	4	140752	1681766	0.0836930
all	5	16278	1681766	0.0096791
all	6	120208	1681766	0.0714772
all	7	15718	1681766	0.0093461
all	8	102160	1681766	0.0607457
all	9	15549	1681766	0.0092456
all	10	86151	1681766	0.0512265
all	11	16978	1681766	0.0100953
all	12	73527	1681766	0.0437201
all	13	17138	1681766	0.0101905
all	14	61905	1681766	0.0368095
all	15	15363	1681766	0.0091350
all	16	52047	1681766	0.0309478
all	17	14599	1681766	0.0086808
all	18	43445	1681766	0.0258330
all	19	12541	1681766	0.0074570
all	20	36381	1681766	0.0216326
all	21	12105	1681766	0.0071978
all	22	28914	1681766	0.0171926
all	23	10134	1681766	0.0060258
all	24	26161	1681766	0.0155557
all	25	9372	1681766	0.0055727
all	26	20442	1681766	0.0121551
all	27	8375	1681766	0.0049799
all	28	16440	1681766	0.0097754
all	29	7014	1681766	0.0041706
all	30	13408	1681766	0.0079726
all	31	6007	1681766	0.0035718
all	32	11352	1681766	0.0067500
all	33	5448	1681766	0.0032395
all	34	9179	1681766	0.0054580
all	35	4705	1681766	0.0027977
all	36	7942	1681766	0.0047224
all	37	4788	1681766	0.0028470
all	38	6876	1681766	0.0040886
all	39	3927	1681766	0.0023350
all	40	5937	1681766	0.0035302
all	41	3324	1681766	0.0019765
all	42	4855	1681766	0.0028868
all	43	2729	1681766	0.0016227
all	44	3855	1681766	0.0022922
all	45	2901	1681766	0.0017250
all	46	3897	1681766	0.0023172
all	47	2456	1681766	0.0014604
all	48	3457	1681766	0.0020556
all	49	2293	1681766	0.0013634
all	50	2428	1681766	0.0014437
all	51	2008	1681766	0.0011940
all	52	2869	1681766	0.0017059
all	53	1970	1681766	0.0011714
all	54	2103	1681766	0.0012505
all	55	1691	1681766	0.0010055
all	56	2214	1681766	0.0013165
all	57	1472	1681766	0.0008753
all	58	1814	1681766	0.0010786
all	59	1321	1681766	0.0007855
all	60	1628	1681766	0.0009680
all	61	1247	1681766	0.0007415
all	62	1566	1681766	0.0009312
all	63	1222	1681766	0.0007266
all	64	2340	1681766	0.0013914
all	65	1173	1681766	0.0006975
all	66	1419	1681766	0.0008438
all	67	1190	1681766	0.0007076
all	68	1375	1681766	0.0008176
all	69	1075	1681766	0.0006392
all	70	1104	1681766	0.0006565
all	71	915	1681766	0.0005441
all	72	1108	1681766	0.0006588
all	73	681	1681766	0.0004049
all	74	1134	1681766	0.0006743
all	75	1024	1681766	0.0006089
all	76	900	1681766	0.0005352
all	77	691	1681766	0.0004109
all	78	1076	1681766	0.0006398
all	79	679	1681766	0.0004037
all	80	1105	1681766	0.0006570
all	81	576	1681766	0.0003425
all	82	1006	1681766	0.0005982
all	83	575	1681766	0.0003419
all	84	793	1681766	0.0004715
all	85	555	1681766	0.0003300
all	86	736	1681766	0.0004376
all	87	663	1681766	0.0003942
all	88	632	1681766	0.0003758
all	89	654	1681766	0.0003889
all	90	916	1681766	0.0005447
all	91	476	1681766	0.0002830
all	92	741	1681766	0.0004406
all	93	530	1681766	0.0003151
all	94	652	1681766	0.0003877
all	95	499	1681766	0.0002967
all	96	676	1681766	0.0004020
all	97	546	1681766	0.0003247
all	98	652	1681766	0.0003877
all	99	548	1681766	0.0003258
all	100	675	1681766	0.0004014
all	101	555	1681766	0.0003300
all	102	1291	1681766	0.0007676
all	103	469	1681766	0.0002789
all	104	616	1681766	0.0003663
all	105	488	1681766	0.0002902
all	106	683	1681766	0.0004061
all	107	478	1681766	0.0002842
all	108	721	1681766	0.0004287
all	109	401	1681766	0.0002384
all	110	503	1681766	0.0002991
all	111	495	1681766	0.0002943
all	112	477	1681766	0.0002836
all	113	546	1681766	0.0003247
all	114	700	1681766	0.0004162
all	115	508	1681766	0.0003021
all	116	477	1681766	0.0002836
all	117	440	1681766	0.0002616
all	118	432	1681766	0.0002569
all	119	401	1681766	0.0002384
all	120	325	1681766	0.0001932
all	121	442	1681766	0.0002628
all	122	621	1681766	0.0003693
all	123	316	1681766	0.0001879
all	124	379	1681766	0.0002254
all	125	502	1681766	0.0002985
all	126	348	1681766	0.0002069
all	127	296	1681766	0.0001760
all	128	424	1681766	0.0002521
all	129	314	1681766	0.0001867
all	130	498	1681766	0.0002961
all	131	329	1681766	0.0001956
all	132	616	1681766	0.0003663
all	133	496	1681766	0.0002949
all	134	355	1681766	0.0002111
all	135	330	1681766	0.0001962
all	136	366	1681766	0.0002176
all	137	363	1681766	0.0002158
all	138	430	1681766	0.0002557
all	139	515	1681766	0.0003062
all	140	292	1681766	0.0001736
all	141	368	1681766	0.0002188
all	142	272	1681766	0.0001617
all	143	253	1681766	0.0001504
all	144	328	1681766	0.0001950
all	145	209	1681766	0.0001243
all	146	420	1681766	0.0002497
all	147	295	1681766	0.0001754
all	148	334	1681766	0.0001986
all	149	311	1681766	0.0001849
all	150	292	1681766	0.0001736
all	151	628	1681766	0.0003734
all	152	520	1681766	0.0003092
all	153	458	1681766	0.0002723
all	154	447	1681766	0.0002658
all	155	679	1681766	0.0004037
all	156	412	1681766	0.0002450
all	157	497	1681766	0.0002955
all	158	610	1681766	0.0003627
all	159	291	1681766	0.0001730
all	160	363	1681766	0.0002158
all	161	776	1681766	0.0004614
all	162	357	1681766	0.0002123
all	163	272	1681766	0.0001617
all	164	746	1681766	0.0004436
all	165	199	1681766	0.0001183
all	166	306	1681766	0.0001820
all	167	200	1681766	0.0001189
all	168	195	1681766	0.0001159
all	169	263	1681766	0.0001564
all	170	282	1681766	0.0001677
all	171	240	1681766	0.0001427
all	172	309	1681766	0.0001837
all	173	237	1681766	0.0001409
all	174	266	1681766	0.0001582
all	175	198	1681766	0.0001177
all	176	292	1681766	0.0001736
all	177	230	1681766	0.0001368
all	178	190	1681766	0.0001130
all	179	184	1681766	0.0001094
all	180	297	1681766	0.0001766
all	181	318	1681766	0.0001891
all	182	285	1681766	0.0001695
all	183	248	1681766	0.0001475
all	184	261	1681766	0.0001552
all	185	208	1681766	0.0001237
all	186	259	1681766	0.0001540
all	187	270	1681766	0.0001605
all	188	243	1681766	0.0001445
all	189	210	1681766	0.0001249
all	190	229	1681766	0.0001362
all	191	153	1681766	0.0000910
all	192	254	1681766	0.0001510
all	193	106	1681766	0.0000630
all	194	172	1681766	0.0001023
all	195	173	1681766	0.0001029
all	196	223	1681766	0.0001326
all	197	145	1681766	0.0000862
all	198	164	1681766	0.0000975
all	199	220	1681766	0.0001308
all	200	225	1681766	0.0001338
all	201	173	1681766	0.0001029
all	202	671	1681766	0.0003990
all	203	150	1681766	0.0000892
all	204	198	1681766	0.0001177
all	205	264	1681766	0.0001570
all	206	157	1681766	0.0000934
all	207	366	1681766	0.0002176
all	208	387	1681766	0.0002301
all	209	312	1681766	0.0001855
all	210	251	1681766	0.0001492
all	211	273	1681766	0.0001623
all	212	276	1681766	0.0001641
all	213	147	1681766	0.0000874
all	214	156	1681766	0.0000928
all	215	244	1681766	0.0001451
all	216	204	1681766	0.0001213
all	217	179	1681766	0.0001064
all	218	96	1681766	0.0000571
all	219	144	1681766	0.0000856
all	220	159	1681766	0.0000945
all	221	105	1681766	0.0000624
all	222	97	1681766	0.0000577
all	223	167	1681766	0.0000993
all	224	212	1681766	0.0001261
all	225	135	1681766	0.0000803
all	226	137	1681766	0.0000815
all	227	83	1681766	0.0000494
all	228	240	1681766	0.0001427
all	229	148	1681766	0.0000880
all	230	125	1681766	0.0000743
all	231	147	1681766	0.0000874
all	232	152	1681766	0.0000904
all	233	347	1681766	0.0002063
all	234	743	1681766	0.0004418
all	235	119	1681766	0.0000708
all	236	125	1681766	0.0000743
all	237	118	1681766	0.0000702
all	238	97	1681766	0.0000577
all	239	115	1681766	0.0000684
all	240	92	1681766	0.0000547
all	241	145	1681766	0.0000862
all	242	154	1681766	0.0000916
all	243	140	1681766	0.0000832
all	244	117	1681766	0.0000696
all	245	198	1681766	0.0001177
all	246	149	1681766	0.0000886
all	247	170	1681766	0.0001011
all	248	137	1681766	0.0000815
all	249	231	1681766	0.0001374
all	250	151	1681766	0.0000898
all	251	96	1681766	0.0000571
all	252	134	1681766	0.0000797
all	253	191	1681766	0.0001136
all	254	94	1681766	0.0000559
all	255	146	1681766	0.0000868
all	256	189	1681766	0.0001124
all	257	97	1681766	0.0000577
all	258	160	1681766	0.0000951
all	259	115	1681766	0.0000684
all	260	154	1681766	0.0000916
all	261	129	1681766	0.0000767
all	262	89	1681766	0.0000529
all	263	135	1681766	0.0000803
all	264	200	1681766	0.0001189
all	265	110	1681766	0.0000654
all	266	109	1681766	0.0000648
all	267	116	1681766	0.0000690
all	268	76	1681766	0.0000452
all	269	63	1681766	0.0000375
all	270	103	1681766	0.0000612
all	271	105	1681766	0.0000624
all	272	113	1681766	0.0000672
all	273	54	1681766	0.0000321
all	274	112	1681766	0.0000666
all	275	118	1681766	0.0000702
all	276	111	1681766	0.0000660
all	277	84	1681766	0.0000499
all	278	141	1681766	0.0000838
all	279	63	1681766	0.0000375
all	280	140	1681766	0.0000832
all	281	105	1681766	0.0000624
all	282	96	1681766	0.0000571
all	283	71	1681766	0.0000422
all	284	57	1681766	0.0000339
all	285	159	1681766	0.0000945
all	286	62	1681766	0.0000369
all	287	131	1681766	0.0000779
all	288	91	1681766	0.0000541
all	289	83	1681766	0.0000494
all	290	78	1681766	0.0000464
all	291	99	1681766	0.0000589
all	292	197	1681766	0.0001171
all	293	98	1681766	0.0000583
all	294	40	1681766	0.0000238
all	295	120	1681766	0.0000714
all	296	110	1681766	0.0000654
all	297	97	1681766	0.0000577
all	298	68	1681766	0.0000404
all	299	80	1681766	0.0000476
all	300	110	1681766	0.0000654
all	301	118	1681766	0.0000702
all	302	151	1681766	0.0000898
all	303	82	1681766	0.0000488
all	304	105	1681766	0.0000624
all	305	109	1681766	0.0000648
all	306	71	1681766	0.0000422
all	307	47	1681766	0.0000279
all	308	98	1681766	0.0000583
all	309	79	1681766	0.0000470
all	310	103	1681766	0.0000612
all	311	59	1681766	0.0000351
all	312	84	1681766	0.0000499
all	313	92	1681766	0.0000547
all	314	73	1681766	0.0000434
all	315	70	1681766	0.0000416
all	316	42	1681766	0.0000250
all	317	74	1681766	0.0000440
all	318	59	1681766	0.0000351
all	319	86	1681766	0.0000511
all	320	52	1681766	0.0000309
all	321	73	1681766	0.0000434
all	322	78	1681766	0.0000464
all	323	70	1681766	0.0000416
all	324	56	1681766	0.0000333
all	325	54	1681766	0.0000321
all	326	65	1681766	0.0000386
all	327	72	1681766	0.0000428
all	328	49	1681766	0.0000291
all	329	67	1681766	0.0000398
all	330	68	1681766	0.0000404
all	331	64	1681766	0.0000381
all	332	77	1681766	0.0000458
all	333	40	1681766	0.0000238
all	334	47	1681766	0.0000279
all	335	58	1681766	0.0000345
all	336	43	1681766	0.0000256
all	337	50	1681766	0.0000297
all	338	40	1681766	0.0000238
all	339	38	1681766	0.0000226
all	340	112	1681766	0.0000666
all	341	48	1681766	0.0000285
all	342	100	1681766	0.0000595
all	343	57	1681766	0.0000339
all	344	60	1681766	0.0000357
all	345	38	1681766	0.0000226
all	346	67	1681766	0.0000398
all	347	52	1681766	0.0000309
all	348	53	1681766	0.0000315
all	349	43	1681766	0.0000256
all	350	36	1681766	0.0000214
all	351	74	1681766	0.0000440
all	352	41	1681766	0.0000244
all	353	63	1681766	0.0000375
all	354	65	1681766	0.0000386
all	355	68	1681766	0.0000404
all	356	47	1681766	0.0000279
all	357	65	1681766	0.0000386
all	358	37	1681766	0.0000220
all	359	51	1681766	0.0000303
all	360	50	1681766	0.0000297
all	361	31	1681766	0.0000184
all	362	39	1681766	0.0000232
all	363	54	1681766	0.0000321
all	364	68	1681766	0.0000404
all	365	53	1681766	0.0000315
all	366	39	1681766	0.0000232
all	367	37	1681766	0.0000220
all	368	29	1681766	0.0000172
all	369	37	1681766	0.0000220
all	370	49	1681766	0.0000291
all	371	29	1681766	0.0000172
all	372	66	1681766	0.0000392
all	373	32	1681766	0.0000190
all	374	49	1681766	0.0000291
all	375	56	1681766	0.0000333
all	376	36	1681766	0.0000214
all	377	60	1681766	0.0000357
all	378	32	1681766	0.0000190
all	379	50	1681766	0.0000297
all	380	41	1681766	0.0000244
all	381	47	1681766	0.0000279
all	382	35	1681766	0.0000208
all	383	25	1681766	0.0000149
all	384	44	1681766	0.0000262
all	385	24	1681766	0.0000143
all	386	61	1681766	0.0000363
all	387	50	1681766	0.0000297
all	388	39	1681766	0.0000232
all	389	40	1681766	0.0000238
all	390	37	1681766	0.0000220
all	391	54	1681766	0.0000321
all	392	45	1681766	0.0000268
all	393	34	1681766	0.0000202
all	394	41	1681766	0.0000244
all	395	44	1681766	0.0000262
all	396	33	1681766	0.0000196
all	397	25	1681766	0.0000149
all	398	64	1681766	0.0000381
all	399	39	1681766	0.0000232
all	400	30	1681766	0.0000178
all	401	53	1681766	0.0000315
all	402	35	1681766	0.0000208
all	403	38	1681766	0.0000226
all	404	45	1681766	0.0000268
all	405	54	1681766	0.0000321
all	406	38	1681766	0.0000226
all	407	53	1681766	0.0000315
all	408	37	1681766	0.0000220
all	409	25	1681766	0.0000149
all	410	27	1681766	0.0000161
all	411	33	1681766	0.0000196
all	412	25	1681766	0.0000149
all	413	39	1681766	0.0000232
all	414	39	1681766	0.0000232
all	415	37	1681766	0.0000220
all	416	35	1681766	0.0000208
all	417	39	1681766	0.0000232
all	418	13	1681766	0.0000077
all	419	35	1681766	0.0000208
all	420	38	1681766	0.0000226
all	421	28	1681766	0.0000166
all	422	19	1681766	0.0000113
all	423	28	1681766	0.0000166
all	424	42	1681766	0.0000250
all	425	22	1681766	0.0000131
all	426	33	1681766	0.0000196
all	427	34	1681766	0.0000202
all	428	33	1681766	0.0000196
all	429	33	1681766	0.0000196
all	430	25	1681766	0.0000149
all	431	28	1681766	0.0000166
all	432	22	1681766	0.0000131
all	433	24	1681766	0.0000143
all	434	46	1681766	0.0000274
all	435	43	1681766	0.0000256
all	436	40	1681766	0.0000238
all	437	70	1681766	0.0000416
all	438	26	1681766	0.0000155
all	439	56	1681766	0.0000333
all	440	20	1681766	0.0000119
all	441	36	1681766	0.0000214
all	442	38	1681766	0.0000226
all	443	28	1681766	0.0000166
all	444	54	1681766	0.0000321
all	445	34	1681766	0.0000202
all	446	31	1681766	0.0000184
all	447	60	1681766	0.0000357
all	448	15	1681766	0.0000089
all	449	15	1681766	0.0000089
all	450	21	1681766	0.0000125
all	451	34	1681766	0.0000202
all	452	24	1681766	0.0000143
all	453	33	1681766	0.0000196
all	454	40	1681766	0.0000238
all	455	27	1681766	0.0000161
all	456	61	1681766	0.0000363
all	457	21	1681766	0.0000125
all	458	28	1681766	0.0000166
all	459	42	1681766	0.0000250
all	460	78	1681766	0.0000464
all	461	17	1681766	0.0000101
all	462	16	1681766	0.0000095
all	463	32	1681766	0.0000190
all	464	32	1681766	0.0000190
all	465	25	1681766	0.0000149
all	466	17	1681766	0.0000101
all	467	22	1681766	0.0000131
all	468	26	1681766	0.0000155
all	469	26	1681766	0.0000155
all	470	15	1681766	0.0000089
all	471	26	1681766	0.0000155
all	472	20	1681766	0.0000119
all	473	34	1681766	0.0000202
all	474	31	1681766	0.0000184
all	475	29	1681766	0.0000172
all	476	27	1681766	0.0000161
all	477	28	1681766	0.0000166
all	478	26	1681766	0.0000155
all	479	20	1681766	0.0000119
all	480	25	1681766	0.0000149
all	481	22	1681766	0.0000131
all	482	17	1681766	0.0000101
all	483	21	1681766	0.0000125
all	484	16	1681766	0.0000095
all	485	27	1681766	0.0000161
all	486	90	1681766	0.0000535
all	487	20	1681766	0.0000119
all	488	24	1681766	0.0000143
all	489	18	1681766	0.0000107
all	490	33	1681766	0.0000196
all	491	30	1681766	0.0000178
all	492	27	1681766	0.0000161
all	493	12	1681766	0.0000071
all	494	24	1681766	0.0000143
all	495	14	1681766	0.0000083
all	496	29	1681766	0.0000172
all	497	31	1681766	0.0000184
all	498	24	1681766	0.0000143
all	499	19	1681766	0.0000113
all	500	26	1681766	0.0000155
all	501	15	1681766	0.0000089
all	502	34	1681766	0.0000202
all	503	51	1681766	0.0000303
all	504	22	1681766	0.0000131
all	505	22	1681766	0.0000131
all	506	28	1681766	0.0000166
all	507	18	1681766	0.0000107
all	508	16	1681766	0.0000095
all	509	12	1681766	0.0000071
all	510	23	1681766	0.0000137
all	511	6	1681766	0.0000036
all	512	14	1681766	0.0000083
all	513	28	1681766	0.0000166
all	514	19	1681766	0.0000113
all	515	20	1681766	0.0000119
all	516	27	1681766	0.0000161
all	517	19	1681766	0.0000113
all	518	29	1681766	0.0000172
all	519	43	1681766	0.0000256
all	520	21	1681766	0.0000125
all	521	20	1681766	0.0000119
all	522	44	1681766	0.0000262
all	523	62	1681766	0.0000369
all	524	14	1681766	0.0000083
all	525	38	1681766	0.0000226
all	526	44	1681766	0.0000262
all	527	29	1681766	0.0000172
all	528	24	1681766	0.0000143
all	529	29	1681766	0.0000172
all	530	14	1681766	0.0000083
all	531	32	1681766	0.0000190
all	532	18	1681766	0.0000107
all	533	26	1681766	0.0000155
all	534	20	1681766	0.0000119
all	535	23	1681766	0.0000137
all	536	20	1681766	0.0000119
all	537	17	1681766	0.0000101
all	538	57	1681766	0.0000339
all	539	33	1681766	0.0000196
all	540	37	1681766	0.0000220
all	541	21	1681766	0.0000125
all	542	42	1681766	0.0000250
all	543	32	1681766	0.0000190
all	544	44	1681766	0.0000262
all	545	19	1681766	0.0000113
all	546	25	1681766	0.0000149
all	547	26	1681766	0.0000155
all	548	12	1681766	0.0000071
all	549	18	1681766	0.0000107
all	550	21	1681766	0.0000125
all	551	30	1681766	0.0000178
all	552	32	1681766	0.0000190
all	553	40	1681766	0.0000238
all	554	69	1681766	0.0000410
all	555	31	1681766	0.0000184
all	556	15	1681766	0.0000089
all	557	33	1681766	0.0000196
all	558	14	1681766	0.0000083
all	559	49	1681766	0.0000291
all	560	28	1681766	0.0000166
all	561	29	1681766	0.0000172
all	562	13	1681766	0.0000077
all	563	16	1681766	0.0000095
all	564	20	1681766	0.0000119
all	565	46	1681766	0.0000274
all	566	14	1681766	0.0000083
all	567	14	1681766	0.0000083
all	568	18	1681766	0.0000107
all	569	20	1681766	0.0000119
all	570	25	1681766	0.0000149
all	571	21	1681766	0.0000125
all	572	21	1681766	0.0000125
all	573	21	1681766	0.0000125
all	574	16	1681766	0.0000095
all	575	15	1681766	0.0000089
all	576	26	1681766	0.0000155
all	577	44	1681766	0.0000262
all	578	50	1681766	0.0000297
all	579	27	1681766	0.0000161
all	580	13	1681766	0.0000077
all	581	22	1681766	0.0000131
all	582	17	1681766	0.0000101
all	583	23	1681766	0.0000137
all	584	23	1681766	0.0000137
all	585	20	1681766	0.0000119
all	586	18	1681766	0.0000107
all	587	19	1681766	0.0000113
all	588	18	1681766	0.0000107
all	589	15	1681766	0.0000089
all	590	25	1681766	0.0000149
all	591	5	1681766	0.0000030
all	592	13	1681766	0.0000077
all	593	22	1681766	0.0000131
all	594	40	1681766	0.0000238
all	595	7	1681766	0.0000042
all	596	29	1681766	0.0000172
all	597	17	1681766	0.0000101
all	598	13	1681766	0.0000077
all	599	16	1681766	0.0000095
all	600	15	1681766	0.0000089
all	601	14	1681766	0.0000083
all	602	22	1681766	0.0000131
all	603	27	1681766	0.0000161
all	604	9	1681766	0.0000054
all	605	12	1681766	0.0000071
all	606	14	1681766	0.0000083
all	607	16	1681766	0.0000095
all	608	40	1681766	0.0000238
all	609	11	1681766	0.0000065
all	610	22	1681766	0.0000131
all	611	38	1681766	0.0000226
all	612	91	1681766	0.0000541
all	613	33	1681766	0.0000196
all	614	15	1681766	0.0000089
all	615	27	1681766	0.0000161
all	616	22	1681766	0.0000131
all	617	11	1681766	0.0000065
all	618	10	1681766	0.0000059
all	619	35	1681766	0.0000208
all	620	4	1681766	0.0000024
all	621	26	1681766	0.0000155
all	622	25	1681766	0.0000149
all	623	9	1681766	0.0000054
all	624	2	1681766	0.0000012
all	625	12	1681766	0.0000071
all	626	21	1681766	0.0000125
all	627	14	1681766	0.0000083
all	628	18	1681766	0.0000107
all	629	19	1681766	0.0000113
all	630	50	1681766	0.0000297
all	631	13	1681766	0.0000077
all	632	3	1681766	0.0000018
all	633	17	1681766	0.0000101
all	634	13	1681766	0.0000077
all	635	17	1681766	0.0000101
all	636	17	1681766	0.0000101
all	637	35	1681766	0.0000208
all	638	8	1681766	0.0000048
all	639	13	1681766	0.0000077
all	640	18	1681766	0.0000107
all	641	22	1681766	0.0000131
all	642	24	1681766	0.0000143
all	643	17	1681766	0.0000101
all	644	21	1681766	0.0000125
all	645	20	1681766	0.0000119
all	646	18	1681766	0.0000107
all	647	33	1681766	0.0000196
all	648	13	1681766	0.0000077
all	649	12	1681766	0.0000071
all	650	31	1681766	0.0000184
all	651	23	1681766	0.0000137
all	652	22	1681766	0.0000131
all	653	22	1681766	0.0000131
all	654	11	1681766	0.0000065
all	655	16	1681766	0.0000095
all	656	12	1681766	0.0000071
all	657	23	1681766	0.0000137
all	658	14	1681766	0.0000083
all	659	19	1681766	0.0000113
all	660	17	1681766	0.0000101
all	661	8	1681766	0.0000048
all	662	21	1681766	0.0000125
all	663	14	1681766	0.0000083
all	664	14	1681766	0.0000083
all	665	9	1681766	0.0000054
all	666	30	1681766	0.0000178
all	667	20	1681766	0.0000119
all	668	26	1681766	0.0000155
all	669	13	1681766	0.0000077
all	670	32	1681766	0.0000190
all	671	26	1681766	0.0000155
all	672	28	1681766	0.0000166
all	673	13	1681766	0.0000077
all	674	19	1681766	0.0000113
all	675	9	1681766	0.0000054
all	676	25	1681766	0.0000149
all	677	12	1681766	0.0000071
all	678	14	1681766	0.0000083
all	679	9	1681766	0.0000054
all	680	15	1681766	0.0000089
all	681	8	1681766	0.0000048
all	682	14	1681766	0.0000083
all	683	17	1681766	0.0000101
all	684	20	1681766	0.0000119
all	685	14	1681766	0.0000083
all	686	6	1681766	0.0000036
all	687	9	1681766	0.0000054
all	688	24	1681766	0.0000143
all	689	13	1681766	0.0000077
all	690	23	1681766	0.0000137
all	691	81	1681766	0.0000482
all	692	38	1681766	0.0000226
all	693	13	1681766	0.0000077
all	694	14	1681766	0.0000083
all	695	25	1681766	0.0000149
all	696	7	1681766	0.0000042
all	697	8	1681766	0.0000048
all	698	20	1681766	0.0000119
all	699	9	1681766	0.0000054
all	700	23	1681766	0.0000137
all	701	20	1681766	0.0000119
all	702	19	1681766	0.0000113
all	703	9	1681766	0.0000054
all	704	6	1681766	0.0000036
all	705	17	1681766	0.0000101
all	706	13	1681766	0.0000077
all	707	16	1681766	0.0000095
all	708	16	1681766	0.0000095
all	709	17	1681766	0.0000101
all	710	9	1681766	0.0000054
all	711	10	1681766	0.0000059
all	712	15	1681766	0.0000089
all	713	16	1681766	0.0000095
all	714	19	1681766	0.0000113
all	715	61	1681766	0.0000363
all	716	7	1681766	0.0000042
all	717	8	1681766	0.0000048
all	718	6	1681766	0.0000036
all	719	10	1681766	0.0000059
all	720	15	1681766	0.0000089
all	721	13	1681766	0.0000077
all	722	12	1681766	0.0000071
all	723	7	1681766	0.0000042
all	724	24	1681766	0.0000143
all	725	53	1681766	0.0000315
all	726	28	1681766	0.0000166
all	727	9	1681766	0.0000054
all	728	12	1681766	0.0000071
all	729	8	1681766	0.0000048
all	730	12	1681766	0.0000071
all	731	7	1681766	0.0000042
all	732	12	1681766	0.0000071
all	733	24	1681766	0.0000143
all	734	6	1681766	0.0000036
all	735	11	1681766	0.0000065
all	736	8	1681766	0.0000048
all	737	10	1681766	0.0000059
all	738	20	1681766	0.0000119
all	739	18	1681766	0.0000107
all	740	26	1681766	0.0000155
all	741	5	1681766	0.0000030
all	742	6	1681766	0.0000036
all	743	12	1681766	0.0000071
all	744	10	1681766	0.0000059
all	745	12	1681766	0.0000071
all	746	21	1681766	0.0000125
all	747	14	1681766	0.0000083
all	748	30	1681766	0.0000178
all	749	15	1681766	0.0000089
all	750	10	1681766	0.0000059
all	751	22	1681766	0.0000131
all	752	5	1681766	0.0000030
all	753	19	1681766	0.0000113
all	754	21	1681766	0.0000125
all	755	10	1681766	0.0000059
all	756	15	1681766	0.0000089
all	757	10	1681766	0.0000059
all	758	19	1681766	0.0000113
all	759	13	1681766	0.0000077
all	760	13	1681766	0.0000077
all	761	22	1681766	0.0000131
all	762	12	1681766	0.0000071
all	763	24	1681766	0.0000143
all	764	9	1681766	0.0000054
all	765	15	1681766	0.0000089
all	766	10	1681766	0.0000059
all	767	14	1681766	0.0000083
all	768	4	1681766	0.0000024
all	769	12	1681766	0.0000071
all	770	24	1681766	0.0000143
all	771	4	1681766	0.0000024
all	772	21	1681766	0.0000125
all	773	27	1681766	0.0000161
all	774	33	1681766	0.0000196
all	775	10	1681766	0.0000059
all	776	17	1681766	0.0000101
all	777	20	1681766	0.0000119
all	778	19	1681766	0.0000113
all	779	17	1681766	0.0000101
all	780	22	1681766	0.0000131
all	781	25	1681766	0.0000149
all	782	26	1681766	0.0000155
all	783	11	1681766	0.0000065
all	784	4	1681766	0.0000024
all	785	5	1681766	0.0000030
all	786	22	1681766	0.0000131
all	787	6	1681766	0.0000036
all	788	12	1681766	0.0000071
all	789	2	1681766	0.0000012
all	790	8	1681766	0.0000048
all	791	8	1681766	0.0000048
all	792	13	1681766	0.0000077
all	793	21	1681766	0.0000125
all	794	6	1681766	0.0000036
all	795	8	1681766	0.0000048
all	796	17	1681766	0.0000101
all	797	5	1681766	0.0000030
all	798	17	1681766	0.0000101
all	799	8	1681766	0.0000048
all	800	17	1681766	0.0000101
all	801	38	1681766	0.0000226
all	802	20	1681766	0.0000119
all	803	10	1681766	0.0000059
all	804	8	1681766	0.0000048
all	805	4	1681766	0.0000024
all	806	14	1681766	0.0000083
all	807	27	1681766	0.0000161
all	808	3	1681766	0.0000018
all	809	7	1681766	0.0000042
all	810	2	1681766	0.0000012
all	811	12	1681766	0.0000071
all	812	5	1681766	0.0000030
all	813	11	1681766	0.0000065
all	814	3	1681766	0.0000018
all	815	6	1681766	0.0000036
all	816	5	1681766	0.0000030
all	817	5	1681766	0.0000030
all	818	3	1681766	0.0000018
all	819	4	1681766	0.0000024
all	820	12	1681766	0.0000071
all	821	15	1681766	0.0000089
all	822	9	1681766	0.0000054
all	823	7	1681766	0.0000042
all	824	6	1681766	0.0000036
all	825	6	1681766	0.0000036
all	826	6	1681766	0.0000036
all	827	3	1681766	0.0000018
all	828	7	1681766	0.0000042
all	829	13	1681766	0.0000077
all	830	11	1681766	0.0000065
all	831	14	1681766	0.0000083
all	832	9	1681766	0.0000054
all	833	8	1681766	0.0000048
all	834	12	1681766	0.0000071
all	835	4	1681766	0.0000024
all	836	4	1681766	0.0000024
all	837	9	1681766	0.0000054
all	838	12	1681766	0.0000071
all	839	5	1681766	0.0000030
all	840	13	1681766	0.0000077
all	841	12	1681766	0.0000071
all	842	8	1681766	0.0000048
all	843	9	1681766	0.0000054
all	844	10	1681766	0.0000059
all	845	13	1681766	0.0000077
all	846	11	1681766	0.0000065
all	847	25	1681766	0.0000149
all	848	17	1681766	0.0000101
all	849	5	1681766	0.0000030
all	850	13	1681766	0.0000077
all	851	6	1681766	0.0000036
all	852	12	1681766	0.0000071
all	853	15	1681766	0.0000089
all	854	12	1681766	0.0000071
all	855	4	1681766	0.0000024
all	856	7	1681766	0.0000042
all	857	26	1681766	0.0000155
all	858	10	1681766	0.0000059
all	859	6	1681766	0.0000036
all	860	15	1681766	0.0000089
all	861	12	1681766	0.0000071
all	862	10	1681766	0.0000059
all	863	8	1681766	0.0000048
all	864	12	1681766	0.0000071
all	865	6	1681766	0.0000036
all	866	7	1681766	0.0000042
all	867	17	1681766	0.0000101
all	868	13	1681766	0.0000077
all	869	7	1681766	0.0000042
all	870	3	1681766	0.0000018
all	871	2	1681766	0.0000012
all	872	7	1681766	0.0000042
all	873	14	1681766	0.0000083
all	874	13	1681766	0.0000077
all	875	7	1681766	0.0000042
all	876	6	1681766	0.0000036
all	877	22	1681766	0.0000131
all	878	18	1681766	0.0000107
all	879	9	1681766	0.0000054
all	880	9	1681766	0.0000054
all	881	3	1681766	0.0000018
all	882	27	1681766	0.0000161
all	883	17	1681766	0.0000101
all	884	7	1681766	0.0000042
all	885	9	1681766	0.0000054
all	886	13	1681766	0.0000077
all	887	6	1681766	0.0000036
all	888	8	1681766	0.0000048
all	889	8	1681766	0.0000048
all	890	8	1681766	0.0000048
all	891	8	1681766	0.0000048
all	892	12	1681766	0.0000071
all	893	9	1681766	0.0000054
all	894	2	1681766	0.0000012
all	895	5	1681766	0.0000030
all	896	8	1681766	0.0000048
all	897	7	1681766	0.0000042
all	898	12	1681766	0.0000071
all	899	14	1681766	0.0000083
all	900	7	1681766	0.0000042
all	901	7	1681766	0.0000042
all	902	8	1681766	0.0000048
all	903	10	1681766	0.0000059
all	904	20	1681766	0.0000119
all	905	7	1681766	0.0000042
all	906	1	1681766	0.0000006
all	907	2	1681766	0.0000012
all	908	8	1681766	0.0000048
all	909	16	1681766	0.0000095
all	910	13	1681766	0.0000077
all	911	11	1681766	0.0000065
all	912	6	1681766	0.0000036
all	913	14	1681766	0.0000083
all	914	10	1681766	0.0000059
all	915	7	1681766	0.0000042
all	916	9	1681766	0.0000054
all	917	10	1681766	0.0000059
all	918	12	1681766	0.0000071
all	919	9	1681766	0.0000054
all	920	8	1681766	0.0000048
all	921	5	1681766	0.0000030
all	922	3	1681766	0.0000018
all	923	1	1681766	0.0000006
all	924	2	1681766	0.0000012
all	925	8	1681766	0.0000048
all	926	3	1681766	0.0000018
all	927	10	1681766	0.0000059
all	928	6	1681766	0.0000036
all	929	3	1681766	0.0000018
all	930	5	1681766	0.0000030
all	931	18	1681766	0.0000107
all	932	14	1681766	0.0000083
all	933	7	1681766	0.0000042
all	934	9	1681766	0.0000054
all	935	5	1681766	0.0000030
all	936	40	1681766	0.0000238
all	937	17	1681766	0.0000101
all	938	8	1681766	0.0000048
all	939	7	1681766	0.0000042
all	940	24	1681766	0.0000143
all	941	5	1681766	0.0000030
all	942	15	1681766	0.0000089
all	943	17	1681766	0.0000101
all	944	5	1681766	0.0000030
all	945	9	1681766	0.0000054
all	946	9	1681766	0.0000054
all	947	15	1681766	0.0000089
all	948	14	1681766	0.0000083
all	949	13	1681766	0.0000077
all	950	10	1681766	0.0000059
all	951	13	1681766	0.0000077
all	952	4	1681766	0.0000024
all	953	7	1681766	0.0000042
all	954	2	1681766	0.0000012
all	955	23	1681766	0.0000137
all	956	14	1681766	0.0000083
all	957	7	1681766	0.0000042
all	958	11	1681766	0.0000065
all	959	11	1681766	0.0000065
all	960	16	1681766	0.0000095
all	961	19	1681766	0.0000113
all	962	9	1681766	0.0000054
all	963	12	1681766	0.0000071
all	964	11	1681766	0.0000065
all	965	19	1681766	0.0000113
all	966	43	1681766	0.0000256
all	967	15	1681766	0.0000089
all	968	2	1681766	0.0000012
all	969	15	1681766	0.0000089
all	970	5	1681766	0.0000030
all	971	32	1681766	0.0000190
all	972	12	1681766	0.0000071
all	973	15	1681766	0.0000089
all	974	34	1681766	0.0000202
all	975	21	1681766	0.0000125
all	976	24	1681766	0.0000143
all	977	7	1681766	0.0000042
all	979	6	1681766	0.0000036
all	980	9	1681766	0.0000054
all	981	3	1681766	0.0000018
all	982	3	1681766	0.0000018
all	983	13	1681766	0.0000077
all	984	10	1681766	0.0000059
all	985	17	1681766	0.0000101
all	986	22	1681766	0.0000131
all	987	9	1681766	0.0000054
all	988	9	1681766	0.0000054
all	989	10	1681766	0.0000059
all	990	15	1681766	0.0000089
all	991	26	1681766	0.0000155
all	992	3	1681766	0.0000018
all	993	9	1681766	0.0000054
all	994	14	1681766	0.0000083
all	995	16	1681766	0.0000095
all	996	5	1681766	0.0000030
all	997	10	1681766	0.0000059
all	998	1	1681766	0.0000006
all	999	7	1681766	0.0000042
all	1000	25	1681766	0.0000149
all	1001	58	1681766	0.0000345
all	1002	23	1681766	0.0000137
all	1003	2	1681766	0.0000012
all	1004	25	1681766	0.0000149
all	1005	16	1681766	0.0000095
all	1006	29	1681766	0.0000172
all	1007	2	1681766	0.0000012
all	1008	7	1681766	0.0000042
all	1009	9	1681766	0.0000054
all	1010	25	1681766	0.0000149
all	1011	12	1681766	0.0000071
all	1012	12	1681766	0.0000071
all	1013	4	1681766	0.0000024
all	1014	15	1681766	0.0000089
all	1015	22	1681766	0.0000131
all	1016	6	1681766	0.0000036
all	1017	4	1681766	0.0000024
all	1018	5	1681766	0.0000030
all	1019	3	1681766	0.0000018
all	1020	13	1681766	0.0000077
all	1021	14	1681766	0.0000083
all	1022	7	1681766	0.0000042
all	1023	5	1681766	0.0000030
all	1024	31	1681766	0.0000184
all	1025	4	1681766	0.0000024
all	1026	10	1681766	0.0000059
all	1027	35	1681766	0.0000208
all	1028	4	1681766	0.0000024
all	1029	47	1681766	0.0000279
all	1030	17	1681766	0.0000101
all	1031	10	1681766	0.0000059
all	1032	32	1681766	0.0000190
all	1033	54	1681766	0.0000321
all	1034	52	1681766	0.0000309
all	1035	67	1681766	0.0000398
all	1036	27	1681766	0.0000161
all	1037	42	1681766	0.0000250
all	1038	1	1681766	0.0000006
all	1039	17	1681766	0.0000101
all	1040	9	1681766	0.0000054
all	1041	9	1681766	0.0000054
all	1042	6	1681766	0.0000036
all	1043	14	1681766	0.0000083
all	1044	18	1681766	0.0000107
all	1045	11	1681766	0.0000065
all	1046	43	1681766	0.0000256
all	1047	12	1681766	0.0000071
all	1048	12	1681766	0.0000071
all	1049	41	1681766	0.0000244
all	1050	5	1681766	0.0000030
all	1051	2	1681766	0.0000012
all	1052	2	1681766	0.0000012
all	1053	2	1681766	0.0000012
all	1054	6	1681766	0.0000036
all	1055	4	1681766	0.0000024
all	1056	5	1681766	0.0000030
all	1057	11	1681766	0.0000065
all	1058	10	1681766	0.0000059
all	1059	7	1681766	0.0000042
all	1060	7	1681766	0.0000042
all	1061	5	1681766	0.0000030
all	1062	3	1681766	0.0000018
all	1063	7	1681766	0.0000042
all	1064	6	1681766	0.0000036
all	1065	8	1681766	0.0000048
all	1066	1	1681766	0.0000006
all	1067	31	1681766	0.0000184
all	1068	22	1681766	0.0000131
all	1069	18	1681766	0.0000107
all	1070	8	1681766	0.0000048
all	1071	4	1681766	0.0000024
all	1072	9	1681766	0.0000054
all	1073	4	1681766	0.0000024
all	1074	6	1681766	0.0000036
all	1075	1	1681766	0.0000006
all	1076	2	1681766	0.0000012
all	1077	2	1681766	0.0000012
all	1078	2	1681766	0.0000012
all	1079	2	1681766	0.0000012
all	1080	3	1681766	0.0000018
all	1081	2	1681766	0.0000012
all	1082	4	1681766	0.0000024
all	1083	7	1681766	0.0000042
all	1084	8	1681766	0.0000048
all	1085	9	1681766	0.0000054
all	1086	7	1681766	0.0000042
all	1087	3	1681766	0.0000018
all	1088	1	1681766	0.0000006
all	1089	7	1681766	0.0000042
all	1090	3	1681766	0.0000018
all	1091	3	1681766	0.0000018
all	1092	3	1681766	0.0000018
all	1093	5	1681766	0.0000030
all	1094	4	1681766	0.0000024
all	1095	16	1681766	0.0000095
all	1096	5	1681766	0.0000030
all	1097	1	1681766	0.0000006
all	1098	14	1681766	0.0000083
all	1099	3	1681766	0.0000018
all	1100	1	1681766	0.0000006
all	1101	1	1681766	0.0000006
all	1102	2	1681766	0.0000012
all	1103	1	1681766	0.0000006
all	1104	4	1681766	0.0000024
all	1105	8	1681766	0.0000048
all	1106	5	1681766	0.0000030
all	1107	9	1681766	0.0000054
all	1108	2	1681766	0.0000012
all	1109	14	1681766	0.0000083
all	1110	4	1681766	0.0000024
all	1111	4	1681766	0.0000024
all	1112	3	1681766	0.0000018
all	1113	1	1681766	0.0000006
all	1115	8	1681766	0.0000048
all	1116	4	1681766	0.0000024
all	1117	8	1681766	0.0000048
all	1118	6	1681766	0.0000036
all	1119	5	1681766	0.0000030
all	1120	9	1681766	0.0000054
all	1121	1	1681766	0.0000006
all	1122	5	1681766	0.0000030
all	1123	2	1681766	0.0000012
all	1124	1	1681766	0.0000006
all	1125	4	1681766	0.0000024
all	1126	6	1681766	0.0000036
all	1127	5	1681766	0.0000030
all	1129	2	1681766	0.0000012
all	1130	1	1681766	0.0000006
all	1131	1	1681766	0.0000006
all	1132	11	1681766	0.0000065
all	1133	5	1681766	0.0000030
all	1135	2	1681766	0.0000012
all	1136	3	1681766	0.0000018
all	1137	2	1681766	0.0000012
all	1138	3	1681766	0.0000018
all	1139	5	1681766	0.0000030
all	1140	6	1681766	0.0000036
all	1141	7	1681766	0.0000042
all	1142	4	1681766	0.0000024
all	1143	1	1681766	0.0000006
all	1144	3	1681766	0.0000018
all	1145	2	1681766	0.0000012
all	1146	10	1681766	0.0000059
all	1147	6	1681766	0.0000036
all	1148	7	1681766	0.0000042
all	1149	6	1681766	0.0000036
all	1150	6	1681766	0.0000036
all	1151	4	1681766	0.0000024
all	1152	3	1681766	0.0000018
all	1153	2	1681766	0.0000012
all	1154	7	1681766	0.0000042
all	1155	5	1681766	0.0000030
all	1156	5	1681766	0.0000030
all	1157	4	1681766	0.0000024
all	1158	3	1681766	0.0000018
all	1159	5	1681766	0.0000030
all	1160	10	1681766	0.0000059
all	1161	4	1681766	0.0000024
all	1162	6	1681766	0.0000036
all	1163	9	1681766	0.0000054
all	1164	6	1681766	0.0000036
all	1165	2	1681766	0.0000012
all	1166	9	1681766	0.0000054
all	1167	11	1681766	0.0000065
all	1168	3	1681766	0.0000018
all	1169	11	1681766	0.0000065
all	1170	6	1681766	0.0000036
all	1171	1	1681766	0.0000006
all	1172	10	1681766	0.0000059
all	1173	10	1681766	0.0000059
all	1174	14	1681766	0.0000083
all	1175	12	1681766	0.0000071
all	1176	11	1681766	0.0000065
all	1177	15	1681766	0.0000089
all	1178	10	1681766	0.0000059
all	1179	19	1681766	0.0000113
all	1180	4	1681766	0.0000024
all	1181	5	1681766	0.0000030
all	1182	5	1681766	0.0000030
all	1183	25	1681766	0.0000149
all	1184	3	1681766	0.0000018
all	1185	4	1681766	0.0000024
all	1186	1	1681766	0.0000006
all	1187	10	1681766	0.0000059
all	1188	4	1681766	0.0000024
all	1189	5	1681766	0.0000030
all	1190	7	1681766	0.0000042
all	1191	4	1681766	0.0000024
all	1192	4	1681766	0.0000024
all	1193	4	1681766	0.0000024
all	1194	9	1681766	0.0000054
all	1195	12	1681766	0.0000071
all	1196	6	1681766	0.0000036
all	1197	12	1681766	0.0000071
all	1198	3	1681766	0.0000018
all	1199	2	1681766	0.0000012
all	1200	4	1681766	0.0000024
all	1201	2	1681766	0.0000012
all	1202	6	1681766	0.0000036
all	1203	8	1681766	0.0000048
all	1204	5	1681766	0.0000030
all	1205	8	1681766	0.0000048
all	1206	6	1681766	0.0000036
all	1207	8	1681766	0.0000048
all	1208	2	1681766	0.0000012
all	1209	13	1681766	0.0000077
all	1210	11	1681766	0.0000065
all	1211	5	1681766	0.0000030
all	1212	7	1681766	0.0000042
all	1213	7	1681766	0.0000042
all	1214	15	1681766	0.0000089
all	1215	2	1681766	0.0000012
all	1216	8	1681766	0.0000048
all	1217	2	1681766	0.0000012
all	1218	8	1681766	0.0000048
all	1219	1	1681766	0.0000006
all	1220	7	1681766	0.0000042
all	1221	12	1681766	0.0000071
all	1222	5	1681766	0.0000030
all	1223	6	1681766	0.0000036
all	1224	11	1681766	0.0000065
all	1225	3	1681766	0.0000018
all	1226	2	1681766	0.0000012
all	1227	2	1681766	0.0000012
all	1228	10	1681766	0.0000059
all	1229	6	1681766	0.0000036
all	1231	11	1681766	0.0000065
all	1232	3	1681766	0.0000018
all	1233	9	1681766	0.0000054
all	1234	9	1681766	0.0000054
all	1235	3	1681766	0.0000018
all	1237	2	1681766	0.0000012
all	1238	2	1681766	0.0000012
all	1239	5	1681766	0.0000030
all	1241	8	1681766	0.0000048
all	1242	4	1681766	0.0000024
all	1243	15	1681766	0.0000089
all	1244	3	1681766	0.0000018
all	1245	8	1681766	0.0000048
all	1246	2	1681766	0.0000012
all	1247	3	1681766	0.0000018
all	1248	10	1681766	0.0000059
all	1249	10	1681766	0.0000059
all	1250	1	1681766	0.0000006
all	1251	16	1681766	0.0000095
all	1252	3	1681766	0.0000018
all	1253	3	1681766	0.0000018
all	1254	6	1681766	0.0000036
all	1256	2	1681766	0.0000012
all	1257	3	1681766	0.0000018
all	1258	4	1681766	0.0000024
all	1259	12	1681766	0.0000071
all	1260	2	1681766	0.0000012
all	1261	13	1681766	0.0000077
all	1262	5	1681766	0.0000030
all	1263	10	1681766	0.0000059
all	1264	5	1681766	0.0000030
all	1265	2	1681766	0.0000012
all	1266	3	1681766	0.0000018
all	1267	7	1681766	0.0000042
all	1268	4	1681766	0.0000024
all	1269	6	1681766	0.0000036
all	1271	3	1681766	0.0000018
all	1272	5	1681766	0.0000030
all	1273	2	1681766	0.0000012
all	1274	21	1681766	0.0000125
all	1275	5	1681766	0.0000030
all	1276	3	1681766	0.0000018
all	1277	5	1681766	0.0000030
all	1278	11	1681766	0.0000065
all	1279	6	1681766	0.0000036
all	1280	11	1681766	0.0000065
all	1281	3	1681766	0.0000018
all	1282	8	1681766	0.0000048
all	1283	34	1681766	0.0000202
all	1284	2	1681766	0.0000012
all	1285	1	1681766	0.0000006
all	1286	3	1681766	0.0000018
all	1287	1	1681766	0.0000006
all	1289	2	1681766	0.0000012
all	1290	23	1681766	0.0000137
all	1292	1	1681766	0.0000006
all	1294	3	1681766	0.0000018
all	1295	3	1681766	0.0000018
all	1296	7	1681766	0.0000042
all	1297	2	1681766	0.0000012
all	1298	1	1681766	0.0000006
all	1299	75	1681766	0.0000446
all	1300	36	1681766	0.0000214
all	1302	1	1681766	0.0000006
all	1304	6	1681766	0.0000036
all	1305	1	1681766	0.0000006
all	1306	1	1681766	0.0000006
all	1308	1	1681766	0.0000006
all	1310	2	1681766	0.0000012
all	1311	2	1681766	0.0000012
all	1312	1	1681766	0.0000006
all	1313	2	1681766	0.0000012
all	1315	2	1681766	0.0000012
all	1316	1	1681766	0.0000006
all	1317	3	1681766	0.0000018
all	1319	4	1681766	0.0000024
all	1320	1	1681766	0.0000006
all	1321	2	1681766	0.0000012
all	1322	2	1681766	0.0000012
all	1323	5	1681766	0.0000030
all	1325	2	1681766	0.0000012
all	1326	1	1681766	0.0000006
all	1327	3	1681766	0.0000018
all	1328	1	1681766	0.0000006
all	1330	4	1681766	0.0000024
all	1332	1	1681766	0.0000006
all	1333	1	1681766	0.0000006
all	1337	1	1681766	0.0000006
all	1338	2	1681766	0.0000012
all	1339	2	1681766	0.0000012
all	1340	3	1681766	0.0000018
all	1342	1	1681766	0.0000006
all	1344	1	1681766	0.0000006
all	1345	1	1681766	0.0000006
all	1347	1	1681766	0.0000006
all	1348	2	1681766	0.0000012
all	1349	1	1681766	0.0000006
all	1351	1	1681766	0.0000006
all	1354	4	1681766	0.0000024
all	1355	14	1681766	0.0000083
all	1356	1	1681766	0.0000006
all	1357	1	1681766	0.0000006
all	1358	4	1681766	0.0000024
all	1359	3	1681766	0.0000018
all	1360	2	1681766	0.0000012
all	1362	3	1681766	0.0000018
all	1363	2	1681766	0.0000012
all	1364	1	1681766	0.0000006
all	1365	1	1681766	0.0000006
all	1367	6	1681766	0.0000036
all	1369	2	1681766	0.0000012
all	1371	1	1681766	0.0000006
all	1372	1	1681766	0.0000006
all	1373	2	1681766	0.0000012
all	1374	1	1681766	0.0000006
all	1375	7	1681766	0.0000042
all	1377	1	1681766	0.0000006
all	1379	15	1681766	0.0000089
all	1382	3	1681766	0.0000018
all	1384	3	1681766	0.0000018
all	1385	3	1681766	0.0000018
all	1387	3	1681766	0.0000018
all	1388	2	1681766	0.0000012
all	1390	1	1681766	0.0000006
all	1391	2	1681766	0.0000012
all	1392	1	1681766	0.0000006
all	1396	7	1681766	0.0000042
all	1397	2	1681766	0.0000012
all	1399	3	1681766	0.0000018
all	1402	1	1681766	0.0000006
all	1404	1	1681766	0.0000006
all	1408	3	1681766	0.0000018
all	1410	1	1681766	0.0000006
all	1411	1	1681766	0.0000006
all	1412	14	1681766	0.0000083
all	1413	7	1681766	0.0000042
all	1415	1	1681766	0.0000006
all	1416	2	1681766	0.0000012
all	1417	2	1681766	0.0000012
all	1418	2	1681766	0.0000012
all	1419	1	1681766	0.0000006
all	1421	3	1681766	0.0000018
all	1422	1	1681766	0.0000006
all	1425	2	1681766	0.0000012
all	1426	1	1681766	0.0000006
all	1427	3	1681766	0.0000018
all	1428	7	1681766	0.0000042
all	1430	2	1681766	0.0000012
all	1431	1	1681766	0.0000006
all	1432	1	1681766	0.0000006
all	1435	1	1681766	0.0000006
all	1438	4	1681766	0.0000024
all	1439	3	1681766	0.0000018
all	1440	8	1681766	0.0000048
all	1441	1	1681766	0.0000006
all	1444	2	1681766	0.0000012
all	1445	3	1681766	0.0000018
all	1447	2	1681766	0.0000012
all	1448	1	1681766	0.0000006
all	1450	3	1681766	0.0000018
all	1451	1	1681766	0.0000006
all	1452	1	1681766	0.0000006
all	1453	1	1681766	0.0000006
all	1454	3	1681766	0.0000018
all	1456	2	1681766	0.0000012
all	1457	2	1681766	0.0000012
all	1458	13	1681766	0.0000077
all	1459	2	1681766	0.0000012
all	1460	1	1681766	0.0000006
all	1461	3	1681766	0.0000018
all	1462	1	1681766	0.0000006
all	1463	1	1681766	0.0000006
all	1464	2	1681766	0.0000012
all	1466	5	1681766	0.0000030
all	1467	3	1681766	0.0000018
all	1468	3	1681766	0.0000018
all	1469	2	1681766	0.0000012
all	1470	1	1681766	0.0000006
all	1473	3	1681766	0.0000018
all	1474	1	1681766	0.0000006
all	1475	7	1681766	0.0000042
all	1476	1	1681766	0.0000006
all	1477	3	1681766	0.0000018
all	1478	5	1681766	0.0000030
all	1479	13	1681766	0.0000077
all	1480	8	1681766	0.0000048
all	1481	1	1681766	0.0000006
all	1482	9	1681766	0.0000054
all	1484	3	1681766	0.0000018
all	1485	1	1681766	0.0000006
all	1487	1	1681766	0.0000006
all	1488	1	1681766	0.0000006
all	1490	2	1681766	0.0000012
all	1491	1	1681766	0.0000006
all	1493	7	1681766	0.0000042
all	1494	3	1681766	0.0000018
all	1495	2	1681766	0.0000012
all	1496	6	1681766	0.0000036
all	1497	2	1681766	0.0000012
all	1498	2	1681766	0.0000012
all	1499	1	1681766	0.0000006
all	1501	3	1681766	0.0000018
all	1503	1	1681766	0.0000006
all	1504	4	1681766	0.0000024
all	1505	6	1681766	0.0000036
all	1506	6	1681766	0.0000036
all	1507	5	1681766	0.0000030
all	1508	1	1681766	0.0000006
all	1509	4	1681766	0.0000024
all	1510	11	1681766	0.0000065
all	1512	9	1681766	0.0000054
all	1513	1	1681766	0.0000006
all	1514	12	1681766	0.0000071
all	1515	6	1681766	0.0000036
all	1516	11	1681766	0.0000065
all	1517	1	1681766	0.0000006
all	1518	11	1681766	0.0000065
all	1519	1	1681766	0.0000006
all	1520	4	1681766	0.0000024
all	1521	3	1681766	0.0000018
all	1522	1	1681766	0.0000006
all	1523	1	1681766	0.0000006
all	1524	1	1681766	0.0000006
all	1525	1	1681766	0.0000006
all	1526	5	1681766	0.0000030
all	1528	1	1681766	0.0000006
all	1529	13	1681766	0.0000077
all	1530	2	1681766	0.0000012
all	1535	3	1681766	0.0000018
all	1536	1	1681766	0.0000006
all	1538	2	1681766	0.0000012
all	1539	1	1681766	0.0000006
all	1541	7	1681766	0.0000042
all	1542	2	1681766	0.0000012
all	1544	1	1681766	0.0000006
all	1545	1	1681766	0.0000006
all	1546	2	1681766	0.0000012
all	1547	1	1681766	0.0000006
all	1548	1	1681766	0.0000006
all	1549	5	1681766	0.0000030
all	1550	3	1681766	0.0000018
all	1551	2	1681766	0.0000012
all	1552	4	1681766	0.0000024
all	1553	8	1681766	0.0000048
all	1554	2	1681766	0.0000012
all	1555	9	1681766	0.0000054
all	1556	3	1681766	0.0000018
all	1557	5	1681766	0.0000030
all	1558	2	1681766	0.0000012
all	1560	2	1681766	0.0000012
all	1562	2	1681766	0.0000012
all	1563	1	1681766	0.0000006
all	1565	3	1681766	0.0000018
all	1566	2	1681766	0.0000012
all	1567	2	1681766	0.0000012
all	1568	2	1681766	0.0000012
all	1570	1	1681766	0.0000006
all	1571	2	1681766	0.0000012
all	1572	2	1681766	0.0000012
all	1573	14	1681766	0.0000083
all	1575	2	1681766	0.0000012
all	1576	3	1681766	0.0000018
all	1577	1	1681766	0.0000006
all	1578	2	1681766	0.0000012
all	1579	2	1681766	0.0000012
all	1580	1	1681766	0.0000006
all	1581	2	1681766	0.0000012
all	1582	2	1681766	0.0000012
all	1583	1	1681766	0.0000006
all	1584	1	1681766	0.0000006
all	1586	2	1681766	0.0000012
all	1587	2	1681766	0.0000012
all	1588	4	1681766	0.0000024
all	1589	2	1681766	0.0000012
all	1595	1	1681766	0.0000006
all	1597	2	1681766	0.0000012
all	1598	15	1681766	0.0000089
all	1599	3	1681766	0.0000018
all	1601	3	1681766	0.0000018
all	1602	2	1681766	0.0000012
all	1603	1	1681766	0.0000006
all	1604	1	1681766	0.0000006
all	1608	1	1681766	0.0000006
all	1609	5	1681766	0.0000030
all	1610	1	1681766	0.0000006
all	1611	1	1681766	0.0000006
all	1612	1	1681766	0.0000006
all	1614	2	1681766	0.0000012
all	1615	2	1681766	0.0000012
all	1616	1	1681766	0.0000006
all	1617	5	1681766	0.0000030
all	1619	2	1681766	0.0000012
all	1620	1	1681766	0.0000006
all	1621	1	1681766	0.0000006
all	1622	1	1681766	0.0000006
all	1623	1	1681766	0.0000006
all	1624	2	1681766	0.0000012
all	1625	3	1681766	0.0000018
all	1627	1	1681766	0.0000006
all	1629	17	1681766	0.0000101
all	1631	1	1681766	0.0000006
all	1632	4	1681766	0.0000024
all	1633	2	1681766	0.0000012
all	1634	1	1681766	0.0000006
all	1637	3	1681766	0.0000018
all	1639	3	1681766	0.0000018
all	1640	14	1681766	0.0000083
all	1641	1	1681766	0.0000006
all	1642	2	1681766	0.0000012
all	1643	3	1681766	0.0000018
all	1644	1	1681766	0.0000006
all	1645	1	1681766	0.0000006
all	1648	1	1681766	0.0000006
all	1649	3	1681766	0.0000018
all	1650	1	1681766	0.0000006
all	1651	1	1681766	0.0000006
all	1652	6	1681766	0.0000036
all	1653	9	1681766	0.0000054
all	1654	1	1681766	0.0000006
all	1655	1	1681766	0.0000006
all	1656	1	1681766	0.0000006
all	1657	2	1681766	0.0000012
all	1658	1	1681766	0.0000006
all	1659	4	1681766	0.0000024
all	1660	1	1681766	0.0000006
all	1661	1	1681766	0.0000006
all	1662	1	1681766	0.0000006
all	1663	1	1681766	0.0000006
all	1665	3	1681766	0.0000018
all	1666	3	1681766	0.0000018
all	1667	1	1681766	0.0000006
all	1668	3	1681766	0.0000018
all	1669	2	1681766	0.0000012
all	1671	1	1681766	0.0000006
all	1672	2	1681766	0.0000012
all	1674	6	1681766	0.0000036
all	1675	1	1681766	0.0000006
all	1676	1	1681766	0.0000006
all	1677	1	1681766	0.0000006
all	1678	7	1681766	0.0000042
all	1679	2	1681766	0.0000012
all	1680	1	1681766	0.0000006
all	1682	4	1681766	0.0000024
all	1683	2	1681766	0.0000012
all	1685	7	1681766	0.0000042
all	1686	8	1681766	0.0000048
all	1687	2	1681766	0.0000012
all	1688	3	1681766	0.0000018
all	1689	1	1681766	0.0000006
all	1690	7	1681766	0.0000042
all	1691	2	1681766	0.0000012
all	1692	3	1681766	0.0000018
all	1693	2	1681766	0.0000012
all	1694	3	1681766	0.0000018
all	1695	2	1681766	0.0000012
all	1696	3	1681766	0.0000018
all	1697	7	1681766	0.0000042
all	1698	3	1681766	0.0000018
all	1699	14	1681766	0.0000083
all	1700	3	1681766	0.0000018
all	1701	1	1681766	0.0000006
all	1702	19	1681766	0.0000113
all	1704	2	1681766	0.0000012
all	1705	1	1681766	0.0000006
all	1707	5	1681766	0.0000030
all	1708	8	1681766	0.0000048
all	1709	1	1681766	0.0000006
all	1710	3	1681766	0.0000018
all	1712	9	1681766	0.0000054
all	1714	8	1681766	0.0000048
all	1715	2	1681766	0.0000012
all	1716	1	1681766	0.0000006
all	1717	19	1681766	0.0000113
all	1718	8	1681766	0.0000048
all	1719	24	1681766	0.0000143
all	1720	19	1681766	0.0000113
all	1721	6	1681766	0.0000036
all	1722	2	1681766	0.0000012
all	1723	8	1681766	0.0000048
all	1724	1	1681766	0.0000006
all	1725	7	1681766	0.0000042
all	1726	1	1681766	0.0000006
all	1727	6	1681766	0.0000036
all	1728	2	1681766	0.0000012
all	1729	15	1681766	0.0000089
all	1730	6	1681766	0.0000036
all	1731	7	1681766	0.0000042
all	1732	2	1681766	0.0000012
all	1733	20	1681766	0.0000119
all	1734	2	1681766	0.0000012
all	1735	1	1681766	0.0000006
all	1736	10	1681766	0.0000059
all	1737	28	1681766	0.0000166
all	1738	1	1681766	0.0000006
all	1739	1	1681766	0.0000006
all	1741	10	1681766	0.0000059
all	1742	46	1681766	0.0000274
all	1743	12	1681766	0.0000071
all	1744	20	1681766	0.0000119
all	1746	26	1681766	0.0000155
all	1747	11	1681766	0.0000065
all	1748	65	1681766	0.0000386
all	1749	1	1681766	0.0000006
all	1750	2	1681766	0.0000012
all	1751	1	1681766	0.0000006
all	1752	3	1681766	0.0000018
all	1753	1	1681766	0.0000006
all	1754	5	1681766	0.0000030
all	1755	1	1681766	0.0000006
all	1757	2	1681766	0.0000012
all	1758	2	1681766	0.0000012
all	1759	1	1681766	0.0000006
all	1760	1	1681766	0.0000006
all	1761	2	1681766	0.0000012
all	1762	2	1681766	0.0000012
all	1763	2	1681766	0.0000012
all	1764	5	1681766	0.0000030
all	1765	2	1681766	0.0000012
all	1766	3	1681766	0.0000018
all	1767	1	1681766	0.0000006
all	1768	1	1681766	0.0000006
all	1769	1	1681766	0.0000006
all	1770	1	1681766	0.0000006
all	1771	6	1681766	0.0000036
all	1772	2	1681766	0.0000012
all	1773	1	1681766	0.0000006
all	1774	3	1681766	0.0000018
all	1776	2	1681766	0.0000012
all	1777	4	1681766	0.0000024
all	1778	3	1681766	0.0000018
all	1779	1	1681766	0.0000006
all	1780	1	1681766	0.0000006
all	1781	5	1681766	0.0000030
all	1782	1	1681766	0.0000006
all	1783	2	1681766	0.0000012
all	1784	1	1681766	0.0000006
all	1785	1	1681766	0.0000006
all	1786	2	1681766	0.0000012
all	1788	2	1681766	0.0000012
all	1789	2	1681766	0.0000012
all	1791	1	1681766	0.0000006
all	1792	2	1681766	0.0000012
all	1793	2	1681766	0.0000012
all	1794	1	1681766	0.0000006
all	1795	1	1681766	0.0000006
all	1796	2	1681766	0.0000012
all	1797	1	1681766	0.0000006
all	1801	2	1681766	0.0000012
all	1802	2	1681766	0.0000012
all	1803	1	1681766	0.0000006
all	1804	1	1681766	0.0000006
all	1805	2	1681766	0.0000012
all	1806	4	1681766	0.0000024
all	1807	4	1681766	0.0000024
all	1808	1	1681766	0.0000006
all	1809	1	1681766	0.0000006
all	1810	5	1681766	0.0000030
all	1811	2	1681766	0.0000012
all	1812	4	1681766	0.0000024
all	1813	2	1681766	0.0000012
all	1814	1	1681766	0.0000006
all	1815	1	1681766	0.0000006
all	1816	1	1681766	0.0000006
all	1817	3	1681766	0.0000018
all	1821	7	1681766	0.0000042
all	1822	1	1681766	0.0000006
all	1823	3	1681766	0.0000018
all	1824	1	1681766	0.0000006
all	1825	4	1681766	0.0000024
all	1826	2	1681766	0.0000012
all	1827	2	1681766	0.0000012
all	1829	3	1681766	0.0000018
all	1830	1	1681766	0.0000006
all	1832	4	1681766	0.0000024
all	1833	4	1681766	0.0000024
all	1834	6	1681766	0.0000036
all	1835	2	1681766	0.0000012
all	1836	3	1681766	0.0000018
all	1837	4	1681766	0.0000024
all	1839	4	1681766	0.0000024
all	1840	2	1681766	0.0000012
all	1841	2	1681766	0.0000012
all	1842	2	1681766	0.0000012
all	1843	5	1681766	0.0000030
all	1844	1	1681766	0.0000006
all	1845	5	1681766	0.0000030
all	1846	3	1681766	0.0000018
all	1847	3	1681766	0.0000018
all	1849	2	1681766	0.0000012
all	1851	4	1681766	0.0000024
all	1852	1	1681766	0.0000006
all	1853	2	1681766	0.0000012
all	1854	1	1681766	0.0000006
all	1855	4	1681766	0.0000024
all	1856	1	1681766	0.0000006
all	1857	2	1681766	0.0000012
all	1859	4	1681766	0.0000024
all	1860	6	1681766	0.0000036
all	1861	2	1681766	0.0000012
all	1862	3	1681766	0.0000018
all	1864	3	1681766	0.0000018
all	1865	1	1681766	0.0000006
all	1868	1	1681766	0.0000006
all	1869	5	1681766	0.0000030
all	1871	2	1681766	0.0000012
all	1873	1	1681766	0.0000006
all	1874	7	1681766	0.0000042
all	1875	6	1681766	0.0000036
all	1876	1	1681766	0.0000006
all	1877	6	1681766	0.0000036
all	1878	4	1681766	0.0000024
all	1880	5	1681766	0.0000030
all	1881	2	1681766	0.0000012
all	1883	8	1681766	0.0000048
all	1884	1	1681766	0.0000006
all	1885	1	1681766	0.0000006
all	1886	3	1681766	0.0000018
all	1888	2	1681766	0.0000012
all	1889	2	1681766	0.0000012
all	1890	2	1681766	0.0000012
all	1891	1	1681766	0.0000006
all	1892	3	1681766	0.0000018
all	1893	1	1681766	0.0000006
all	1894	1	1681766	0.0000006
all	1895	4	1681766	0.0000024
all	1896	4	1681766	0.0000024
all	1898	4	1681766	0.0000024
all	1899	1	1681766	0.0000006
all	1900	3	1681766	0.0000018
all	1901	3	1681766	0.0000018
all	1902	1	1681766	0.0000006
all	1903	2	1681766	0.0000012
all	1904	1	1681766	0.0000006
all	1905	6	1681766	0.0000036
all	1906	7	1681766	0.0000042
all	1907	15	1681766	0.0000089
all	1908	6	1681766	0.0000036
all	1909	3	1681766	0.0000018
all	1910	3	1681766	0.0000018
all	1911	9	1681766	0.0000054
all	1912	4	1681766	0.0000024
all	1913	1	1681766	0.0000006
all	1914	2	1681766	0.0000012
all	1915	3	1681766	0.0000018
all	1916	1	1681766	0.0000006
all	1917	5	1681766	0.0000030
all	1918	2	1681766	0.0000012
all	1919	3	1681766	0.0000018
all	1920	3	1681766	0.0000018
all	1921	6	1681766	0.0000036
all	1922	6	1681766	0.0000036
all	1923	3	1681766	0.0000018
all	1924	1	1681766	0.0000006
all	1925	2	1681766	0.0000012
all	1926	4	1681766	0.0000024
all	1928	5	1681766	0.0000030
all	1930	1	1681766	0.0000006
all	1931	2	1681766	0.0000012
all	1932	1	1681766	0.0000006
all	1933	4	1681766	0.0000024
all	1934	2	1681766	0.0000012
all	1935	2	1681766	0.0000012
all	1936	3	1681766	0.0000018
all	1938	1	1681766	0.0000006
all	1939	5	1681766	0.0000030
all	1940	10	1681766	0.0000059
all	1941	3	1681766	0.0000018
all	1942	1	1681766	0.0000006
all	1943	4	1681766	0.0000024
all	1944	91	1681766	0.0000541
all	1945	93	1681766	0.0000553
all	1946	3	1681766	0.0000018
all	1947	1	1681766	0.0000006
all	1948	4	1681766	0.0000024
all	1950	5	1681766	0.0000030
all	1951	6	1681766	0.0000036
all	1953	3	1681766	0.0000018
all	1954	1	1681766	0.0000006
all	1955	7	1681766	0.0000042
all	1956	1	1681766	0.0000006
all	1957	3	1681766	0.0000018
all	1958	4	1681766	0.0000024
all	1959	2	1681766	0.0000012
all	1960	1	1681766	0.0000006
all	1963	1	1681766	0.0000006
all	1964	2	1681766	0.0000012
all	1965	3	1681766	0.0000018
all	1966	2	1681766	0.0000012
all	1967	3	1681766	0.0000018
all	1968	3	1681766	0.0000018
all	1969	1	1681766	0.0000006
all	1971	1	1681766	0.0000006
all	1972	1	1681766	0.0000006
all	1973	3	1681766	0.0000018
all	1974	2	1681766	0.0000012
all	1975	1	1681766	0.0000006
all	1976	6	1681766	0.0000036
all	1977	3	1681766	0.0000018
all	1980	1	1681766	0.0000006
all	1981	8	1681766	0.0000048
all	1984	6	1681766	0.0000036
all	1985	1	1681766	0.0000006
all	1986	1	1681766	0.0000006
all	1988	5	1681766	0.0000030
all	1989	3	1681766	0.0000018
all	1990	3	1681766	0.0000018
all	1991	5	1681766	0.0000030
all	1992	3	1681766	0.0000018
all	1993	2	1681766	0.0000012
all	1995	1	1681766	0.0000006
all	1996	2	1681766	0.0000012
all	1997	3	1681766	0.0000018
all	1998	1	1681766	0.0000006
all	1999	3	1681766	0.0000018
all	2001	7	1681766	0.0000042
all	2002	5	1681766	0.0000030
all	2003	4	1681766	0.0000024
all	2004	3	1681766	0.0000018
all	2006	9	1681766	0.0000054
all	2007	8	1681766	0.0000048
all	2008	1	1681766	0.0000006
all	2009	2	1681766	0.0000012
all	2010	3	1681766	0.0000018
all	2011	3	1681766	0.0000018
all	2012	8	1681766	0.0000048
all	2013	3	1681766	0.0000018
all	2014	6	1681766	0.0000036
all	2016	4	1681766	0.0000024
all	2017	2	1681766	0.0000012
all	2018	1	1681766	0.0000006
all	2019	7	1681766	0.0000042
all	2020	2	1681766	0.0000012
all	2021	2	1681766	0.0000012
all	2023	2	1681766	0.0000012
all	2024	2	1681766	0.0000012
all	2025	2	1681766	0.0000012
all	2026	5	1681766	0.0000030
all	2027	7	1681766	0.0000042
all	2028	3	1681766	0.0000018
all	2029	3	1681766	0.0000018
all	2030	5	1681766	0.0000030
all	2031	6	1681766	0.0000036
all	2032	3	1681766	0.0000018
all	2033	8	1681766	0.0000048
all	2034	3	1681766	0.0000018
all	2035	4	1681766	0.0000024
all	2036	5	1681766	0.0000030
all	2037	5	1681766	0.0000030
all	2039	1	1681766	0.0000006
all	2041	1	1681766	0.0000006
all	2042	1	1681766	0.0000006
all	2043	2	1681766	0.0000012
all	2044	3	1681766	0.0000018
all	2045	1	1681766	0.0000006
all	2046	4	1681766	0.0000024
all	2048	3	1681766	0.0000018
all	2051	1	1681766	0.0000006
all	2052	2	1681766	0.0000012
all	2054	4	1681766	0.0000024
all	2055	3	1681766	0.0000018
all	2056	2	1681766	0.0000012
all	2057	2	1681766	0.0000012
all	2058	1	1681766	0.0000006
all	2059	2	1681766	0.0000012
all	2060	2	1681766	0.0000012
all	2061	3	1681766	0.0000018
all	2063	2	1681766	0.0000012
all	2064	3	1681766	0.0000018
all	2065	2	1681766	0.0000012
all	2066	2	1681766	0.0000012
all	2067	5	1681766	0.0000030
all	2069	2	1681766	0.0000012
all	2070	2	1681766	0.0000012
all	2071	1	1681766	0.0000006
all	2072	2	1681766	0.0000012
all	2073	1	1681766	0.0000006
all	2074	2	1681766	0.0000012
all	2075	5	1681766	0.0000030
all	2076	1	1681766	0.0000006
all	2077	2	1681766	0.0000012
all	2079	1	1681766	0.0000006
all	2080	1	1681766	0.0000006
all	2081	4	1681766	0.0000024
all	2082	1	1681766	0.0000006
all	2083	7	1681766	0.0000042
all	2084	1	1681766	0.0000006
all	2086	1	1681766	0.0000006
all	2087	14	1681766	0.0000083
all	2088	21	1681766	0.0000125
all	2090	8	1681766	0.0000048
all	2091	2	1681766	0.0000012
all	2092	1	1681766	0.0000006
all	2094	2	1681766	0.0000012
all	2095	2	1681766	0.0000012
all	2096	4	1681766	0.0000024
all	2097	3	1681766	0.0000018
all	2098	2	1681766	0.0000012
all	2099	3	1681766	0.0000018
all	2101	1	1681766	0.0000006
all	2102	2	1681766	0.0000012
all	2103	3	1681766	0.0000018
all	2104	2	1681766	0.0000012
all	2106	1	1681766	0.0000006
all	2109	3	1681766	0.0000018
all	2110	6	1681766	0.0000036
all	2112	3	1681766	0.0000018
all	2113	5	1681766	0.0000030
all	2114	3	1681766	0.0000018
all	2116	3	1681766	0.0000018
all	2117	1	1681766	0.0000006
all	2119	4	1681766	0.0000024
all	2120	3	1681766	0.0000018
all	2121	4	1681766	0.0000024
all	2122	2	1681766	0.0000012
all	2123	3	1681766	0.0000018
all	2124	2	1681766	0.0000012
all	2125	2	1681766	0.0000012
all	2126	2	1681766	0.0000012
all	2127	2	1681766	0.0000012
all	2128	3	1681766	0.0000018
all	2129	6	1681766	0.0000036
all	2130	1	1681766	0.0000006
all	2132	6	1681766	0.0000036
all	2133	2	1681766	0.0000012
all	2134	4	1681766	0.0000024
all	2135	8	1681766	0.0000048
all	2136	2	1681766	0.0000012
all	2137	6	1681766	0.0000036
all	2138	2	1681766	0.0000012
all	2139	7	1681766	0.0000042
all	2140	1	1681766	0.0000006
all	2141	6	1681766	0.0000036
all	2142	2	1681766	0.0000012
all	2143	1	1681766	0.0000006
all	2144	6	1681766	0.0000036
all	2145	3	1681766	0.0000018
all	2147	1	1681766	0.0000006
all	2148	1	1681766	0.0000006
all	2149	3	1681766	0.0000018
all	2150	1	1681766	0.0000006
all	2151	1	1681766	0.0000006
all	2153	2	1681766	0.0000012
all	2154	3	1681766	0.0000018
all	2155	1	1681766	0.0000006
all	2156	3	1681766	0.0000018
all	2157	2	1681766	0.0000012
all	2158	1	1681766	0.0000006
all	2159	1	1681766	0.0000006
all	2160	1	1681766	0.0000006
all	2161	2	1681766	0.0000012
all	2162	3	1681766	0.0000018
all	2164	4	1681766	0.0000024
all	2165	3	1681766	0.0000018
all	2166	1	1681766	0.0000006
all	2169	3	1681766	0.0000018
all	2170	5	1681766	0.0000030
all	2171	1	1681766	0.0000006
all	2172	1	1681766	0.0000006
all	2173	5	1681766	0.0000030
all	2174	2	1681766	0.0000012
all	2175	1	1681766	0.0000006
all	2176	3	1681766	0.0000018
all	2177	1	1681766	0.0000006
all	2179	1	1681766	0.0000006
all	2180	2	1681766	0.0000012
all	2181	3	1681766	0.0000018
all	2182	4	1681766	0.0000024
all	2183	1	1681766	0.0000006
all	2184	2	1681766	0.0000012
all	2185	4	1681766	0.0000024
all	2186	4	1681766	0.0000024
all	2187	1	1681766	0.0000006
all	2188	2	1681766	0.0000012
all	2189	3	1681766	0.0000018
all	2190	2	1681766	0.0000012
all	2192	3	1681766	0.0000018
all	2193	2	1681766	0.0000012
all	2194	2	1681766	0.0000012
all	2195	1	1681766	0.0000006
all	2196	2	1681766	0.0000012
all	2197	6	1681766	0.0000036
all	2198	7	1681766	0.0000042
all	2199	1	1681766	0.0000006
all	2200	4	1681766	0.0000024
all	2203	1	1681766	0.0000006
all	2204	1	1681766	0.0000006
all	2205	1	1681766	0.0000006
all	2206	3	1681766	0.0000018
all	2209	1	1681766	0.0000006
all	2211	3	1681766	0.0000018
all	2212	3	1681766	0.0000018
all	2213	1	1681766	0.0000006
all	2215	1	1681766	0.0000006
all	2216	1	1681766	0.0000006
all	2217	1	1681766	0.0000006
all	2220	3	1681766	0.0000018
all	2221	1	1681766	0.0000006
all	2222	2	1681766	0.0000012
all	2224	1	1681766	0.0000006
all	2225	3	1681766	0.0000018
all	2226	3	1681766	0.0000018
all	2227	3	1681766	0.0000018
all	2229	1	1681766	0.0000006
all	2232	4	1681766	0.0000024
all	2233	1	1681766	0.0000006
all	2235	2	1681766	0.0000012
all	2236	1	1681766	0.0000006
all	2237	2	1681766	0.0000012
all	2238	4	1681766	0.0000024
all	2240	1	1681766	0.0000006
all	2241	2	1681766	0.0000012
all	2242	1	1681766	0.0000006
all	2243	2	1681766	0.0000012
all	2244	1	1681766	0.0000006
all	2245	3	1681766	0.0000018
all	2246	2	1681766	0.0000012
all	2248	1	1681766	0.0000006
all	2250	2	1681766	0.0000012
all	2254	1	1681766	0.0000006
all	2255	3	1681766	0.0000018
all	2256	1	1681766	0.0000006
all	2258	1	1681766	0.0000006
all	2259	4	1681766	0.0000024
all	2260	1	1681766	0.0000006
all	2261	3	1681766	0.0000018
all	2262	1	1681766	0.0000006
all	2263	4	1681766	0.0000024
all	2265	3	1681766	0.0000018
all	2266	3	1681766	0.0000018
all	2267	1	1681766	0.0000006
all	2268	3	1681766	0.0000018
all	2269	4	1681766	0.0000024
all	2270	1	1681766	0.0000006
all	2271	1	1681766	0.0000006
all	2272	1	1681766	0.0000006
all	2273	1	1681766	0.0000006
all	2274	3	1681766	0.0000018
all	2275	3	1681766	0.0000018
all	2277	2	1681766	0.0000012
all	2278	3	1681766	0.0000018
all	2279	1	1681766	0.0000006
all	2280	2	1681766	0.0000012
all	2281	1	1681766	0.0000006
all	2282	3	1681766	0.0000018
all	2283	1	1681766	0.0000006
all	2284	2	1681766	0.0000012
all	2285	2	1681766	0.0000012
all	2286	6	1681766	0.0000036
all	2287	2	1681766	0.0000012
all	2288	2	1681766	0.0000012
all	2289	2	1681766	0.0000012
all	2290	2	1681766	0.0000012
all	2292	1	1681766	0.0000006
all	2293	5	1681766	0.0000030
all	2294	1	1681766	0.0000006
all	2295	1	1681766	0.0000006
all	2296	1	1681766	0.0000006
all	2297	1	1681766	0.0000006
all	2298	3	1681766	0.0000018
all	2299	2	1681766	0.0000012
all	2300	3	1681766	0.0000018
all	2301	5	1681766	0.0000030
all	2302	2	1681766	0.0000012
all	2303	2	1681766	0.0000012
all	2306	2	1681766	0.0000012
all	2307	1	1681766	0.0000006
all	2311	2	1681766	0.0000012
all	2312	2	1681766	0.0000012
all	2318	1	1681766	0.0000006
all	2320	1	1681766	0.0000006
all	2325	1	1681766	0.0000006
all	2327	1	1681766	0.0000006
all	2328	1	1681766	0.0000006
all	2333	1	1681766	0.0000006
all	2334	2	1681766	0.0000012
all	2336	2	1681766	0.0000012
all	2340	1	1681766	0.0000006
all	2342	4	1681766	0.0000024
all	2343	1	1681766	0.0000006
all	2344	1	1681766	0.0000006
all	2345	1	1681766	0.0000006
all	2348	3	1681766	0.0000018
all	2349	1	1681766	0.0000006
all	2350	2	1681766	0.0000012
all	2351	1	1681766	0.0000006
all	2354	1	1681766	0.0000006
all	2356	2	1681766	0.0000012
all	2357	2	1681766	0.0000012
all	2358	1	1681766	0.0000006
all	2363	2	1681766	0.0000012
all	2365	1	1681766	0.0000006
all	2366	1	1681766	0.0000006
all	2370	2	1681766	0.0000012
all	2371	3	1681766	0.0000018
all	2372	2	1681766	0.0000012
all	2373	4	1681766	0.0000024
all	2374	1	1681766	0.0000006
all	2376	3	1681766	0.0000018
all	2378	2	1681766	0.0000012
all	2380	3	1681766	0.0000018
all	2382	2	1681766	0.0000012
all	2383	5	1681766	0.0000030
all	2385	3	1681766	0.0000018
all	2388	1	1681766	0.0000006
all	2389	1	1681766	0.0000006
all	2390	1	1681766	0.0000006
all	2395	2	1681766	0.0000012
all	2398	5	1681766	0.0000030
all	2399	4	1681766	0.0000024
all	2401	1	1681766	0.0000006
all	2404	1	1681766	0.0000006
all	2405	1	1681766	0.0000006
all	2410	4	1681766	0.0000024
all	2412	1	1681766	0.0000006
all	2413	1	1681766	0.0000006
all	2415	6	1681766	0.0000036
all	2417	1	1681766	0.0000006
all	2418	1	1681766	0.0000006
all	2419	1	1681766	0.0000006
all	2423	1	1681766	0.0000006
all	2430	3	1681766	0.0000018
all	2432	2	1681766	0.0000012
all	2433	1	1681766	0.0000006
all	2437	2	1681766	0.0000012
all	2438	1	1681766	0.0000006
all	2440	2	1681766	0.0000012
all	2441	3	1681766	0.0000018
all	2445	2	1681766	0.0000012
all	2448	1	1681766	0.0000006
all	2449	4	1681766	0.0000024
all	2450	1	1681766	0.0000006
all	2453	4	1681766	0.0000024
all	2455	1	1681766	0.0000006
all	2456	2	1681766	0.0000012
all	2457	1	1681766	0.0000006
all	2458	2	1681766	0.0000012
all	2459	3	1681766	0.0000018
all	2460	4	1681766	0.0000024
all	2461	2	1681766	0.0000012
all	2464	1	1681766	0.0000006
all	2465	3	1681766	0.0000018
all	2469	4	1681766	0.0000024
all	2470	3	1681766	0.0000018
all	2471	5	1681766	0.0000030
all	2475	1	1681766	0.0000006
all	2476	5	1681766	0.0000030
all	2477	1	1681766	0.0000006
all	2479	1	1681766	0.0000006
all	2480	1	1681766	0.0000006
all	2481	2	1681766	0.0000012
all	2482	3	1681766	0.0000018
all	2483	1	1681766	0.0000006
all	2485	5	1681766	0.0000030
all	2487	1	1681766	0.0000006
all	2490	2	1681766	0.0000012
all	2493	2	1681766	0.0000012
all	2494	2	1681766	0.0000012
all	2496	4	1681766	0.0000024
all	2497	2	1681766	0.0000012
all	2500	1	1681766	0.0000006
all	2501	5	1681766	0.0000030
all	2505	1	1681766	0.0000006
all	2507	1	1681766	0.0000006
all	2509	2	1681766	0.0000012
all	2510	1	1681766	0.0000006
all	2513	1	1681766	0.0000006
all	2514	1	1681766	0.0000006
all	2515	3	1681766	0.0000018
all	2516	2	1681766	0.0000012
all	2518	1	1681766	0.0000006
all	2519	1	1681766	0.0000006
all	2522	2	1681766	0.0000012
all	2523	1	1681766	0.0000006
all	2524	1	1681766	0.0000006
all	2526	3	1681766	0.0000018
all	2527	2	1681766	0.0000012
all	2529	2	1681766	0.0000012
all	2530	1	1681766	0.0000006
all	2531	1	1681766	0.0000006
all	2532	1	1681766	0.0000006
all	2533	1	1681766	0.0000006
all	2537	1	1681766	0.0000006
all	2538	3	1681766	0.0000018
all	2539	1	1681766	0.0000006
all	2540	1	1681766	0.0000006
all	2545	1	1681766	0.0000006
all	2546	1	1681766	0.0000006
all	2547	1	1681766	0.0000006
all	2548	1	1681766	0.0000006
all	2549	2	1681766	0.0000012
all	2550	2	1681766	0.0000012
all	2551	7	1681766	0.0000042
all	2554	4	1681766	0.0000024
all	2555	2	1681766	0.0000012
all	2556	1	1681766	0.0000006
all	2557	2	1681766	0.0000012
all	2560	2	1681766	0.0000012
all	2563	2	1681766	0.0000012
all	2564	2	1681766	0.0000012
all	2566	2	1681766	0.0000012
all	2567	4	1681766	0.0000024
all	2569	2	1681766	0.0000012
all	2570	1	1681766	0.0000006
all	2575	3	1681766	0.0000018
all	2578	1	1681766	0.0000006
all	2579	3	1681766	0.0000018
all	2581	2	1681766	0.0000012
all	2584	1	1681766	0.0000006
all	2585	2	1681766	0.0000012
all	2586	1	1681766	0.0000006
all	2587	2	1681766	0.0000012
all	2590	2	1681766	0.0000012
all	2592	3	1681766	0.0000018
all	2593	4	1681766	0.0000024
all	2595	2	1681766	0.0000012
all	2599	2	1681766	0.0000012
all	2600	3	1681766	0.0000018
all	2601	1	1681766	0.0000006
all	2602	2	1681766	0.0000012
all	2603	3	1681766	0.0000018
all	2605	2	1681766	0.0000012
all	2606	1	1681766	0.0000006
all	2609	1	1681766	0.0000006
all	2610	2	1681766	0.0000012
all	2613	1	1681766	0.0000006
all	2617	2	1681766	0.0000012
all	2618	2	1681766	0.0000012
all	2619	4	1681766	0.0000024
all	2620	4	1681766	0.0000024
all	2622	1	1681766	0.0000006
all	2623	1	1681766	0.0000006
all	2625	2	1681766	0.0000012
all	2627	5	1681766	0.0000030
all	2628	5	1681766	0.0000030
all	2629	2	1681766	0.0000012
all	2634	3	1681766	0.0000018
all	2637	2	1681766	0.0000012
all	2639	2	1681766	0.0000012
all	2640	7	1681766	0.0000042
all	2641	4	1681766	0.0000024
all	2645	1	1681766	0.0000006
all	2646	3	1681766	0.0000018
all	2647	6	1681766	0.0000036
all	2648	1	1681766	0.0000006
all	2653	2	1681766	0.0000012
all	2654	2	1681766	0.0000012
all	2657	2	1681766	0.0000012
all	2658	1	1681766	0.0000006
all	2664	1	1681766	0.0000006
all	2666	1	1681766	0.0000006
all	2667	3	1681766	0.0000018
all	2669	1	1681766	0.0000006
all	2671	1	1681766	0.0000006
all	2676	1	1681766	0.0000006
all	2681	1	1681766	0.0000006
all	2682	1	1681766	0.0000006
all	2685	1	1681766	0.0000006
all	2688	1	1681766	0.0000006
all	2692	1	1681766	0.0000006
all	2695	2	1681766	0.0000012
all	2700	4	1681766	0.0000024
all	2702	2	1681766	0.0000012
all	2703	2	1681766	0.0000012
all	2707	1	1681766	0.0000006
all	2715	2	1681766	0.0000012
all	2717	2	1681766	0.0000012
all	2719	1	1681766	0.0000006
all	2720	2	1681766	0.0000012
all	2722	1	1681766	0.0000006
all	2723	2	1681766	0.0000012
all	2724	1	1681766	0.0000006
all	2729	1	1681766	0.0000006
all	2730	2	1681766	0.0000012
all	2733	2	1681766	0.0000012
all	2739	1	1681766	0.0000006
all	2740	4	1681766	0.0000024
all	2745	1	1681766	0.0000006
all	2747	3	1681766	0.0000018
all	2748	1	1681766	0.0000006
all	2749	3	1681766	0.0000018
all	2752	1	1681766	0.0000006
all	2753	1	1681766	0.0000006
all	2754	1	1681766	0.0000006
all	2757	1	1681766	0.0000006
all	2758	1	1681766	0.0000006
all	2759	3	1681766	0.0000018
all	2761	2	1681766	0.0000012
all	2770	1	1681766	0.0000006
all	2772	1	1681766	0.0000006
all	2775	1	1681766	0.0000006
all	2776	1	1681766	0.0000006
all	2777	4	1681766	0.0000024
all	2779	2	1681766	0.0000012
all	2781	1	1681766	0.0000006
all	2782	1	1681766	0.0000006
all	2783	2	1681766	0.0000012
all	2784	2	1681766	0.0000012
all	2785	2	1681766	0.0000012
all	2786	1	1681766	0.0000006
all	2789	1	1681766	0.0000006
all	2791	11	1681766	0.0000065
all	2793	2	1681766	0.0000012
all	2795	2	1681766	0.0000012
all	2796	3	1681766	0.0000018
all	2797	14	1681766	0.0000083
all	2798	5	1681766	0.0000030
all	2799	8	1681766	0.0000048
all	2801	9	1681766	0.0000054
all	2805	6	1681766	0.0000036
all	2806	3	1681766	0.0000018
all	2807	5	1681766	0.0000030
all	2808	2	1681766	0.0000012
all	2812	1	1681766	0.0000006
all	2813	3	1681766	0.0000018
all	2814	1	1681766	0.0000006
all	2815	1	1681766	0.0000006
all	2816	1	1681766	0.0000006
all	2819	1	1681766	0.0000006
all	2820	1	1681766	0.0000006
all	2821	1	1681766	0.0000006
all	2822	4	1681766	0.0000024
all	2825	2	1681766	0.0000012
all	2827	1	1681766	0.0000006
all	2828	1	1681766	0.0000006
all	2831	2	1681766	0.0000012
all	2834	4	1681766	0.0000024
all	2836	1	1681766	0.0000006
all	2839	1	1681766	0.0000006
all	2840	2	1681766	0.0000012
all	2842	1	1681766	0.0000006
all	2844	1	1681766	0.0000006
all	2845	1	1681766	0.0000006
all	2846	1	1681766	0.0000006
all	2847	2	1681766	0.0000012
all	2848	4	1681766	0.0000024
all	2849	1	1681766	0.0000006
all	2850	1	1681766	0.0000006
all	2853	1	1681766	0.0000006
all	2856	1	1681766	0.0000006
all	2857	2	1681766	0.0000012
all	2864	1	1681766	0.0000006
all	2867	1	1681766	0.0000006
all	2868	1	1681766	0.0000006
all	2872	1	1681766	0.0000006
all	2874	2	1681766	0.0000012
all	2877	4	1681766	0.0000024
all	2883	3	1681766	0.0000018
all	2884	1	1681766	0.0000006
all	2886	1	1681766	0.0000006
all	2887	1	1681766	0.0000006
all	2889	1	1681766	0.0000006
all	2891	2	1681766	0.0000012
all	2892	1	1681766	0.0000006
all	2893	1	1681766	0.0000006
all	2895	3	1681766	0.0000018
all	2896	2	1681766	0.0000012
all	2898	2	1681766	0.0000012
all	2899	1	1681766	0.0000006
all	2900	1	1681766	0.0000006
all	2901	1	1681766	0.0000006
all	2903	2	1681766	0.0000012
all	2907	2	1681766	0.0000012
all	2911	1	1681766	0.0000006
all	2912	5	1681766	0.0000030
all	2914	5	1681766	0.0000030
all	2924	2	1681766	0.0000012
all	2925	1	1681766	0.0000006
all	2927	1	1681766	0.0000006
all	2931	1	1681766	0.0000006
all	2936	2	1681766	0.0000012
all	2940	1	1681766	0.0000006
all	2941	2	1681766	0.0000012
all	2942	2	1681766	0.0000012
all	2947	1	1681766	0.0000006
all	2949	2	1681766	0.0000012
all	2950	1	1681766	0.0000006
all	2951	2	1681766	0.0000012
all	2952	1	1681766	0.0000006
all	2955	2	1681766	0.0000012
all	2958	5	1681766	0.0000030
all	2959	2	1681766	0.0000012
all	2967	1	1681766	0.0000006
all	2970	1	1681766	0.0000006
all	2971	2	1681766	0.0000012
all	2974	1	1681766	0.0000006
all	2976	1	1681766	0.0000006
all	2978	5	1681766	0.0000030
all	2979	2	1681766	0.0000012
all	2980	2	1681766	0.0000012
all	2981	1	1681766	0.0000006
all	2982	1	1681766	0.0000006
all	2983	3	1681766	0.0000018
all	2985	1	1681766	0.0000006
all	2987	2	1681766	0.0000012
all	2990	2	1681766	0.0000012
all	2994	1	1681766	0.0000006
all	2999	1	1681766	0.0000006
all	3000	1	1681766	0.0000006
all	3003	4	1681766	0.0000024
all	3006	2	1681766	0.0000012
all	3013	1	1681766	0.0000006
all	3014	2	1681766	0.0000012
all	3020	1	1681766	0.0000006
all	3022	1	1681766	0.0000006
all	3026	2	1681766	0.0000012
all	3031	1	1681766	0.0000006
all	3032	1	1681766	0.0000006
all	3035	1	1681766	0.0000006
all	3038	1	1681766	0.0000006
all	3041	2	1681766	0.0000012
all	3043	2	1681766	0.0000012
all	3046	1	1681766	0.0000006
all	3049	1	1681766	0.0000006
all	3050	1	1681766	0.0000006
all	3054	1	1681766	0.0000006
all	3056	1	1681766	0.0000006
all	3060	2	1681766	0.0000012
all	3061	1	1681766	0.0000006
all	3066	1	1681766	0.0000006
all	3072	2	1681766	0.0000012
all	3077	1	1681766	0.0000006
all	3079	1	1681766	0.0000006
all	3086	1	1681766	0.0000006
all	3087	2	1681766	0.0000012
all	3091	1	1681766	0.0000006
all	3097	1	1681766	0.0000006
all	3098	2	1681766	0.0000012
all	3099	4	1681766	0.0000024
all	3102	1	1681766	0.0000006
all	3104	1	1681766	0.0000006
all	3110	1	1681766	0.0000006
all	3117	2	1681766	0.0000012
all	3120	1	1681766	0.0000006
all	3124	2	1681766	0.0000012
all	3125	1	1681766	0.0000006
all	3129	1	1681766	0.0000006
all	3133	1	1681766	0.0000006
all	3134	1	1681766	0.0000006
all	3138	2	1681766	0.0000012
all	3141	1	1681766	0.0000006
all	3143	1	1681766	0.0000006
all	3146	5	1681766	0.0000030
all	3148	1	1681766	0.0000006
all	3150	2	1681766	0.0000012
all	3154	2	1681766	0.0000012
all	3159	1	1681766	0.0000006
all	3167	2	1681766	0.0000012
all	3169	1	1681766	0.0000006
all	3173	1	1681766	0.0000006
all	3179	2	1681766	0.0000012
all	3180	3	1681766	0.0000018
all	3182	2	1681766	0.0000012
all	3183	2	1681766	0.0000012
all	3184	2	1681766	0.0000012
all	3185	2	1681766	0.0000012
all	3187	2	1681766	0.0000012
all	3188	1	1681766	0.0000006
all	3190	1	1681766	0.0000006
all	3193	3	1681766	0.0000018
all	3196	1	1681766	0.0000006
all	3198	1	1681766	0.0000006
all	3204	1	1681766	0.0000006
all	3210	2	1681766	0.0000012
all	3212	2	1681766	0.0000012
all	3213	1	1681766	0.0000006
all	3214	2	1681766	0.0000012
all	3215	3	1681766	0.0000018
all	3217	2	1681766	0.0000012
all	3219	2	1681766	0.0000012
all	3221	1	1681766	0.0000006
all	3222	2	1681766	0.0000012
all	3226	4	1681766	0.0000024
all	3227	1	1681766	0.0000006
all	3228	1	1681766	0.0000006
all	3229	1	1681766	0.0000006
all	3230	2	1681766	0.0000012
all	3237	1	1681766	0.0000006
all	3238	2	1681766	0.0000012
all	3243	1	1681766	0.0000006
all	3244	1	1681766	0.0000006
all	3245	1	1681766	0.0000006
all	3248	2	1681766	0.0000012
all	3255	1	1681766	0.0000006
all	3257	1	1681766	0.0000006
all	3263	1	1681766	0.0000006
all	3265	2	1681766	0.0000012
all	3266	1	1681766	0.0000006
all	3267	3	1681766	0.0000018
all	3272	1	1681766	0.0000006
all	3280	2	1681766	0.0000012
all	3283	1	1681766	0.0000006
all	3285	1	1681766	0.0000006
all	3289	2	1681766	0.0000012
all	3292	1	1681766	0.0000006
all	3295	1	1681766	0.0000006
all	3306	1	1681766	0.0000006
all	3309	1	1681766	0.0000006
all	3316	2	1681766	0.0000012
all	3320	4	1681766	0.0000024
all	3325	1	1681766	0.0000006
all	3330	1	1681766	0.0000006
all	3332	1	1681766	0.0000006
all	3339	2	1681766	0.0000012
all	3341	1	1681766	0.0000006
all	3343	1	1681766	0.0000006
all	3345	1	1681766	0.0000006
all	3350	1	1681766	0.0000006
all	3356	2	1681766	0.0000012
all	3361	1	1681766	0.0000006
all	3363	1	1681766	0.0000006
all	3364	1	1681766	0.0000006
all	3366	4	1681766	0.0000024
all	3372	1	1681766	0.0000006
all	3373	1	1681766	0.0000006
all	3376	2	1681766	0.0000012
all	3379	1	1681766	0.0000006
all	3383	1	1681766	0.0000006
all	3384	1	1681766	0.0000006
all	3386	1	1681766	0.0000006
all	3389	2	1681766	0.0000012
all	3392	1	1681766	0.0000006
all	3399	1	1681766	0.0000006
all	3400	2	1681766	0.0000012
all	3405	1	1681766	0.0000006
all	3412	1	1681766	0.0000006
all	3415	2	1681766	0.0000012
all	3416	2	1681766	0.0000012
all	3420	2	1681766	0.0000012
all	3424	2	1681766	0.0000012
all	3425	1	1681766	0.0000006
all	3427	1	1681766	0.0000006
all	3438	3	1681766	0.0000018
all	3441	1	1681766	0.0000006
all	3446	1	1681766	0.0000006
all	3447	2	1681766	0.0000012
all	3448	1	1681766	0.0000006
all	3450	1	1681766	0.0000006
all	3453	1	1681766	0.0000006
all	3459	1	1681766	0.0000006
all	3463	1	1681766	0.0000006
all	3464	5	1681766	0.0000030
all	3465	2	1681766	0.0000012
all	3466	1	1681766	0.0000006
all	3476	2	1681766	0.0000012
all	3481	3	1681766	0.0000018
all	3485	2	1681766	0.0000012
all	3490	1	1681766	0.0000006
all	3497	1	1681766	0.0000006
all	3498	1	1681766	0.0000006
all	3499	1	1681766	0.0000006
all	3511	1	1681766	0.0000006
all	3515	2	1681766	0.0000012
all	3518	2	1681766	0.0000012
all	3519	1	1681766	0.0000006
all	3526	2	1681766	0.0000012
all	3527	1	1681766	0.0000006
all	3529	1	1681766	0.0000006
all	3530	1	1681766	0.0000006
all	3534	1	1681766	0.0000006
all	3536	2	1681766	0.0000012
all	3541	1	1681766	0.0000006
all	3542	1	1681766	0.0000006
all	3549	2	1681766	0.0000012
all	3553	6	1681766	0.0000036
all	3557	2	1681766	0.0000012
all	3559	1	1681766	0.0000006
all	3561	1	1681766	0.0000006
all	3565	1	1681766	0.0000006
all	3572	1	1681766	0.0000006
all	3575	3	1681766	0.0000018
all	3581	1	1681766	0.0000006
all	3584	1	1681766	0.0000006
all	3588	1	1681766	0.0000006
all	3590	1	1681766	0.0000006
all	3594	1	1681766	0.0000006
all	3598	2	1681766	0.0000012
all	3599	4	1681766	0.0000024
all	3600	2	1681766	0.0000012
all	3602	1	1681766	0.0000006
all	3612	1	1681766	0.0000006
all	3618	1	1681766	0.0000006
all	3619	1	1681766	0.0000006
all	3628	3	1681766	0.0000018
all	3630	2	1681766	0.0000012
all	3634	1	1681766	0.0000006
all	3637	1	1681766	0.0000006
all	3639	1	1681766	0.0000006
all	3644	2	1681766	0.0000012
all	3652	1	1681766	0.0000006
all	3653	1	1681766	0.0000006
all	3658	2	1681766	0.0000012
all	3660	1	1681766	0.0000006
all	3661	2	1681766	0.0000012
all	3671	1	1681766	0.0000006
all	3672	2	1681766	0.0000012
all	3676	1	1681766	0.0000006
all	3687	1	1681766	0.0000006
all	3691	1	1681766	0.0000006
all	3693	1	1681766	0.0000006
all	3694	2	1681766	0.0000012
all	3695	1	1681766	0.0000006
all	3696	1	1681766	0.0000006
all	3697	1	1681766	0.0000006
all	3700	2	1681766	0.0000012
all	3713	1	1681766	0.0000006
all	3722	1	1681766	0.0000006
all	3724	2	1681766	0.0000012
all	3725	1	1681766	0.0000006
all	3726	4	1681766	0.0000024
all	3729	1	1681766	0.0000006
all	3734	2	1681766	0.0000012
all	3736	1	1681766	0.0000006
all	3741	1	1681766	0.0000006
all	3742	1	1681766	0.0000006
all	3745	1	1681766	0.0000006
all	3752	2	1681766	0.0000012
all	3755	3	1681766	0.0000018
all	3763	1	1681766	0.0000006
all	3771	1	1681766	0.0000006
all	3772	1	1681766	0.0000006
all	3775	1	1681766	0.0000006
all	3776	1	1681766	0.0000006
all	3778	1	1681766	0.0000006
all	3783	1	1681766	0.0000006
all	3785	5	1681766	0.0000030
all	3788	1	1681766	0.0000006
all	3789	1	1681766	0.0000006
all	3792	1	1681766	0.0000006
all	3796	1	1681766	0.0000006
all	3799	2	1681766	0.0000012
all	3801	1	1681766	0.0000006
all	3802	2	1681766	0.0000012
all	3805	1	1681766	0.0000006
all	3812	2	1681766	0.0000012
all	3814	1	1681766	0.0000006
all	3820	1	1681766	0.0000006
all	3826	1	1681766	0.0000006
all	3833	2	1681766	0.0000012
all	3835	1	1681766	0.0000006
all	3836	2	1681766	0.0000012
all	3840	2	1681766	0.0000012
all	3845	1	1681766	0.0000006
all	3848	2	1681766	0.0000012
all	3850	1	1681766	0.0000006
all	3853	1	1681766	0.0000006
all	3854	2	1681766	0.0000012
all	3857	1	1681766	0.0000006
all	3863	2	1681766	0.0000012
all	3864	1	1681766	0.0000006
all	3865	2	1681766	0.0000012
all	3868	1	1681766	0.0000006
all	3870	4	1681766	0.0000024
all	3871	1	1681766	0.0000006
all	3873	1	1681766	0.0000006
all	3874	1	1681766	0.0000006
all	3879	1	1681766	0.0000006
all	3880	3	1681766	0.0000018
all	3881	1	1681766	0.0000006
all	3883	1	1681766	0.0000006
all	3888	2	1681766	0.0000012
all	3891	1	1681766	0.0000006
all	3898	1	1681766	0.0000006
all	3899	2	1681766	0.0000012
all	3904	1	1681766	0.0000006
all	3905	1	1681766	0.0000006
all	3906	1	1681766	0.0000006
all	3912	2	1681766	0.0000012
all	3914	1	1681766	0.0000006
all	3921	1	1681766	0.0000006
all	3924	1	1681766	0.0000006
all	3928	1	1681766	0.0000006
all	3930	1	1681766	0.0000006
all	3932	1	1681766	0.0000006
all	3934	1	1681766	0.0000006
all	3936	1	1681766	0.0000006
all	3937	1	1681766	0.0000006
all	3939	1	1681766	0.0000006
all	3940	2	1681766	0.0000012
all	3941	1	1681766	0.0000006
all	3945	1	1681766	0.0000006
all	3946	1	1681766	0.0000006
all	3948	1	1681766	0.0000006
all	3950	3	1681766	0.0000018
all	3951	2	1681766	0.0000012
all	3954	2	1681766	0.0000012
all	3961	1	1681766	0.0000006
all	3963	1	1681766	0.0000006
all	3966	1	1681766	0.0000006
all	3967	1	1681766	0.0000006
all	3968	1	1681766	0.0000006
all	3970	1	1681766	0.0000006
all	3973	2	1681766	0.0000012
all	3974	2	1681766	0.0000012
all	3976	1	1681766	0.0000006
all	3977	4	1681766	0.0000024
all	3978	2	1681766	0.0000012
all	3979	1	1681766	0.0000006
all	3981	3	1681766	0.0000018
all	3986	1	1681766	0.0000006
all	3992	1	1681766	0.0000006
all	3997	1	1681766	0.0000006
all	3998	3	1681766	0.0000018
all	4001	1	1681766	0.0000006
all	4003	2	1681766	0.0000012
all	4004	2	1681766	0.0000012
all	4006	1	1681766	0.0000006
all	4007	1	1681766	0.0000006
all	4009	3	1681766	0.0000018
all	4012	5	1681766	0.0000030
all	4019	2	1681766	0.0000012
all	4020	1	1681766	0.0000006
all	4022	4	1681766	0.0000024
all	4027	2	1681766	0.0000012
all	4028	2	1681766	0.0000012
all	4032	1	1681766	0.0000006
all	4036	3	1681766	0.0000018
all	4041	2	1681766	0.0000012
all	4042	2	1681766	0.0000012
all	4043	1	1681766	0.0000006
all	4045	2	1681766	0.0000012
all	4047	2	1681766	0.0000012
all	4048	3	1681766	0.0000018
all	4050	1	1681766	0.0000006
all	4056	2	1681766	0.0000012
all	4057	2	1681766	0.0000012
all	4059	1	1681766	0.0000006
all	4060	4	1681766	0.0000024
all	4062	4	1681766	0.0000024
all	4063	3	1681766	0.0000018
all	4065	2	1681766	0.0000012
all	4066	5	1681766	0.0000030
all	4067	1	1681766	0.0000006
all	4069	3	1681766	0.0000018
all	4070	2	1681766	0.0000012
all	4071	1	1681766	0.0000006
all	4072	5	1681766	0.0000030
all	4074	4	1681766	0.0000024
all	4075	6	1681766	0.0000036
all	4076	5	1681766	0.0000030
all	4078	2	1681766	0.0000012
all	4081	1	1681766	0.0000006
all	4083	4	1681766	0.0000024
all	4084	2	1681766	0.0000012
all	4085	5	1681766	0.0000030
all	4086	4	1681766	0.0000024
all	4087	1	1681766	0.0000006
all	4088	2	1681766	0.0000012
all	4091	2	1681766	0.0000012
all	4094	2	1681766	0.0000012
all	4095	3	1681766	0.0000018
all	4096	4	1681766	0.0000024
all	4097	4	1681766	0.0000024
all	4098	1	1681766	0.0000006
all	4102	3	1681766	0.0000018
all	4105	1	1681766	0.0000006
all	4106	1	1681766	0.0000006
all	4107	5	1681766	0.0000030
all	4109	3	1681766	0.0000018
all	4112	5	1681766	0.0000030
all	4113	2	1681766	0.0000012
all	4114	2	1681766	0.0000012
all	4115	1	1681766	0.0000006
all	4116	1	1681766	0.0000006
all	4117	3	1681766	0.0000018
all	4118	8	1681766	0.0000048
all	4119	2	1681766	0.0000012
all	4120	3	1681766	0.0000018
all	4121	3	1681766	0.0000018
all	4122	2	1681766	0.0000012
all	4123	2	1681766	0.0000012
all	4127	2	1681766	0.0000012
all	4128	2	1681766	0.0000012
all	4131	2	1681766	0.0000012
all	4139	2	1681766	0.0000012
all	4142	2	1681766	0.0000012
all	4144	1	1681766	0.0000006
all	4145	2	1681766	0.0000012
all	4146	1	1681766	0.0000006
all	4148	1	1681766	0.0000006
all	4149	1	1681766	0.0000006
all	4150	1	1681766	0.0000006
all	4161	3	1681766	0.0000018
all	4165	1	1681766	0.0000006
all	4166	1	1681766	0.0000006
all	4167	1	1681766	0.0000006
all	4172	2	1681766	0.0000012
all	4174	2	1681766	0.0000012
all	4176	1	1681766	0.0000006
all	4177	4	1681766	0.0000024
all	4178	1	1681766	0.0000006
all	4179	2	1681766	0.0000012
all	4187	1	1681766	0.0000006
all	4192	1	1681766	0.0000006
all	4199	1	1681766	0.0000006
all	4203	1	1681766	0.0000006
all	4204	1	1681766	0.0000006
all	4205	3	1681766	0.0000018
all	4209	5	1681766	0.0000030
all	4215	2	1681766	0.0000012
all	4218	3	1681766	0.0000018
all	4222	1	1681766	0.0000006
all	4224	2	1681766	0.0000012
all	4225	1	1681766	0.0000006
all	4228	1	1681766	0.0000006
all	4233	1	1681766	0.0000006
all	4235	1	1681766	0.0000006
all	4237	2	1681766	0.0000012
all	4238	1	1681766	0.0000006
all	4239	2	1681766	0.0000012
all	4241	1	1681766	0.0000006
all	4246	3	1681766	0.0000018
all	4248	2	1681766	0.0000012
all	4249	1	1681766	0.0000006
all	4250	3	1681766	0.0000018
all	4253	1	1681766	0.0000006
all	4254	1	1681766	0.0000006
all	4255	1	1681766	0.0000006
all	4256	2	1681766	0.0000012
all	4262	1	1681766	0.0000006
all	4263	1	1681766	0.0000006
all	4264	2	1681766	0.0000012
all	4267	1	1681766	0.0000006
all	4272	1	1681766	0.0000006
all	4275	3	1681766	0.0000018
all	4276	2	1681766	0.0000012
all	4277	1	1681766	0.0000006
all	4278	1	1681766	0.0000006
all	4280	1	1681766	0.0000006
all	4281	1	1681766	0.0000006
all	4283	1	1681766	0.0000006
all	4284	1	1681766	0.0000006
all	4288	2	1681766	0.0000012
all	4292	1	1681766	0.0000006
all	4297	2	1681766	0.0000012
all	4302	2	1681766	0.0000012
all	4305	1	1681766	0.0000006
all	4309	1	1681766	0.0000006
all	4311	1	1681766	0.0000006
all	4313	3	1681766	0.0000018
all	4318	1	1681766	0.0000006
all	4322	1	1681766	0.0000006
all	4328	1	1681766	0.0000006
all	4330	1	1681766	0.0000006
all	4331	3	1681766	0.0000018
all	4333	2	1681766	0.0000012
all	4334	2	1681766	0.0000012
all	4336	1	1681766	0.0000006
all	4339	1	1681766	0.0000006
all	4340	1	1681766	0.0000006
all	4343	1	1681766	0.0000006
all	4349	1	1681766	0.0000006
all	4352	2	1681766	0.0000012
all	4354	1	1681766	0.0000006
all	4355	2	1681766	0.0000012
all	4356	1	1681766	0.0000006
all	4358	2	1681766	0.0000012
all	4362	7	1681766	0.0000042
all	4366	1	1681766	0.0000006
all	4367	1	1681766	0.0000006
all	4369	2	1681766	0.0000012
all	4373	6	1681766	0.0000036
all	4375	1	1681766	0.0000006
all	4378	2	1681766	0.0000012
all	4381	1	1681766	0.0000006
all	4382	2	1681766	0.0000012
all	4385	1	1681766	0.0000006
all	4391	1	1681766	0.0000006
all	4394	1	1681766	0.0000006
all	4395	3	1681766	0.0000018
all	4396	2	1681766	0.0000012
all	4400	2	1681766	0.0000012
all	4401	5	1681766	0.0000030
all	4403	1	1681766	0.0000006
all	4404	3	1681766	0.0000018
all	4406	7	1681766	0.0000042
all	4408	1	1681766	0.0000006
all	4409	1	1681766	0.0000006
all	4410	2	1681766	0.0000012
all	4411	1	1681766	0.0000006
all	4412	1	1681766	0.0000006
all	4416	1	1681766	0.0000006
all	4417	3	1681766	0.0000018
all	4419	1	1681766	0.0000006
all	4422	5	1681766	0.0000030
all	4426	1	1681766	0.0000006
all	4429	2	1681766	0.0000012
all	4430	3	1681766	0.0000018
all	4431	1	1681766	0.0000006
all	4432	3	1681766	0.0000018
all	4433	1	1681766	0.0000006
all	4434	1	1681766	0.0000006
all	4439	7	1681766	0.0000042
all	4441	3	1681766	0.0000018
all	4443	1	1681766	0.0000006
all	4446	2	1681766	0.0000012
all	4448	2	1681766	0.0000012
all	4451	1	1681766	0.0000006
all	4452	1	1681766	0.0000006
all	4453	4	1681766	0.0000024
all	4455	1	1681766	0.0000006
all	4457	1	1681766	0.0000006
all	4458	3	1681766	0.0000018
all	4460	2	1681766	0.0000012
all	4461	1	1681766	0.0000006
all	4463	1	1681766	0.0000006
all	4464	5	1681766	0.0000030
all	4467	1	1681766	0.0000006
all	4469	1	1681766	0.0000006
all	4470	2	1681766	0.0000012
all	4473	4	1681766	0.0000024
all	4476	7	1681766	0.0000042
all	4477	3	1681766	0.0000018
all	4478	2	1681766	0.0000012
all	4479	2	1681766	0.0000012
all	4481	2	1681766	0.0000012
all	4482	1	1681766	0.0000006
all	4483	1	1681766	0.0000006
all	4484	2	1681766	0.0000012
all	4485	1	1681766	0.0000006
all	4488	5	1681766	0.0000030
all	4489	1	1681766	0.0000006
all	4492	4	1681766	0.0000024
all	4493	1	1681766	0.0000006
all	4494	3	1681766	0.0000018
all	4496	3	1681766	0.0000018
all	4497	1	1681766	0.0000006
all	4498	2	1681766	0.0000012
all	4499	2	1681766	0.0000012
all	4500	2	1681766	0.0000012
all	4503	1	1681766	0.0000006
all	4506	1	1681766	0.0000006
all	4507	2	1681766	0.0000012
all	4509	1	1681766	0.0000006
all	4510	1	1681766	0.0000006
all	4511	1	1681766	0.0000006
all	4512	1	1681766	0.0000006
all	4514	1	1681766	0.0000006
all	4515	1	1681766	0.0000006
all	4516	4	1681766	0.0000024
all	4517	8	1681766	0.0000048
all	4518	2	1681766	0.0000012
all	4519	2	1681766	0.0000012
all	4520	3	1681766	0.0000018
all	4521	1	1681766	0.0000006
all	4523	3	1681766	0.0000018
all	4524	3	1681766	0.0000018
all	4525	1	1681766	0.0000006
all	4526	3	1681766	0.0000018
all	4527	3	1681766	0.0000018
all	4528	1	1681766	0.0000006
all	4530	2	1681766	0.0000012
all	4533	1	1681766	0.0000006
all	4535	1	1681766	0.0000006
all	4539	2	1681766	0.0000012
all	4540	2	1681766	0.0000012
all	4541	1	1681766	0.0000006
all	4543	2	1681766	0.0000012
all	4544	1	1681766	0.0000006
all	4546	2	1681766	0.0000012
all	4549	5	1681766	0.0000030
all	4550	5	1681766	0.0000030
all	4553	2	1681766	0.0000012
all	4555	9	1681766	0.0000054
all	4567	1	1681766	0.0000006
all	4571	3	1681766	0.0000018
all	4572	1	1681766	0.0000006
all	4574	1	1681766	0.0000006
all	4579	3	1681766	0.0000018
all	4580	1	1681766	0.0000006
all	4581	1	1681766	0.0000006
all	4583	3	1681766	0.0000018
all	4588	6	1681766	0.0000036
all	4595	2	1681766	0.0000012
all	4596	1	1681766	0.0000006
all	4601	2	1681766	0.0000012
all	4602	1	1681766	0.0000006
all	4606	1	1681766	0.0000006
all	4617	2	1681766	0.0000012
all	4620	2	1681766	0.0000012
all	4625	1	1681766	0.0000006
all	4626	1	1681766	0.0000006
all	4632	1	1681766	0.0000006
all	4642	2	1681766	0.0000012
all	4643	2	1681766	0.0000012
all	4645	1	1681766	0.0000006
all	4646	1	1681766	0.0000006
all	4647	2	1681766	0.0000012
all	4648	1	1681766	0.0000006
all	4662	1	1681766	0.0000006
all	4669	2	1681766	0.0000012
all	4685	2	1681766	0.0000012
all	4688	1	1681766	0.0000006
all	4691	1	1681766	0.0000006
all	4698	6	1681766	0.0000036
all	4701	2	1681766	0.0000012
all	4705	2	1681766	0.0000012
all	4731	1	1681766	0.0000006
all	4735	1	1681766	0.0000006
all	4748	2	1681766	0.0000012
all	4754	3	1681766	0.0000018
all	4764	2	1681766	0.0000012
all	4772	1	1681766	0.0000006
all	4773	1	1681766	0.0000006
all	4775	2	1681766	0.0000012
all	4784	1	1681766	0.0000006
all	4793	2	1681766	0.0000012
all	4811	2	1681766	0.0000012
all	4818	1	1681766	0.0000006
all	4820	1	1681766	0.0000006
all	4821	4	1681766	0.0000024
all	4825	1	1681766	0.0000006
all	4836	2	1681766	0.0000012
all	4856	1	1681766	0.0000006
all	4858	1	1681766	0.0000006
all	4867	1	1681766	0.0000006
all	4869	2	1681766	0.0000012
all	4872	3	1681766	0.0000018
all	4876	2	1681766	0.0000012
all	4888	2	1681766	0.0000012
all	4890	2	1681766	0.0000012
all	4898	1	1681766	0.0000006
all	4903	1	1681766	0.0000006
all	4907	1	1681766	0.0000006
all	4909	1	1681766	0.0000006
all	4910	6	1681766	0.0000036
all	4914	2	1681766	0.0000012
all	4923	2	1681766	0.0000012
all	4926	1	1681766	0.0000006
all	4928	1	1681766	0.0000006
all	4932	1	1681766	0.0000006
all	4935	2	1681766	0.0000012
all	4942	1	1681766	0.0000006
all	4944	2	1681766	0.0000012
all	4945	1	1681766	0.0000006
all	4947	1	1681766	0.0000006
all	4953	2	1681766	0.0000012
all	4955	1	1681766	0.0000006
all	4972	5	1681766	0.0000030
all	4991	2	1681766	0.0000012
all	5006	2	1681766	0.0000012
all	5007	2	1681766	0.0000012
all	5010	1	1681766	0.0000006
all	5019	2	1681766	0.0000012
all	5030	1	1681766	0.0000006
all	5037	1	1681766	0.0000006
all	5039	1	1681766	0.0000006
all	5049	1	1681766	0.0000006
all	5050	2	1681766	0.0000012
all	5056	1	1681766	0.0000006
all	5078	1	1681766	0.0000006
all	5085	2	1681766	0.0000012
all	5093	1	1681766	0.0000006
all	5099	2	1681766	0.0000012
all	5101	1	1681766	0.0000006
all	5104	2	1681766	0.0000012
all	5118	1	1681766	0.0000006
all	5122	1	1681766	0.0000006
all	5131	1	1681766	0.0000006
all	5138	2	1681766	0.0000012
all	5140	1	1681766	0.0000006
all	5144	1	1681766	0.0000006
all	5151	1	1681766	0.0000006
all	5168	1	1681766	0.0000006
all	5171	1	1681766	0.0000006
all	5183	1	1681766	0.0000006
all	5197	6	1681766	0.0000036
all	5203	1	1681766	0.0000006
all	5206	1	1681766	0.0000006
all	5210	1	1681766	0.0000006
all	5211	2	1681766	0.0000012
all	5215	2	1681766	0.0000012
all	5235	1	1681766	0.0000006
all	5237	2	1681766	0.0000012
all	5243	3	1681766	0.0000018
all	5256	6	1681766	0.0000036
all	5264	1	1681766	0.0000006
all	5266	1	1681766	0.0000006
all	5276	1	1681766	0.0000006
all	5279	1	1681766	0.0000006
all	5290	1	1681766	0.0000006
all	5305	3	1681766	0.0000018
all	5312	1	1681766	0.0000006
all	5315	1	1681766	0.0000006
all	5318	2	1681766	0.0000012
all	5322	1	1681766	0.0000006
all	5327	1	1681766	0.0000006
all	5338	1	1681766	0.0000006
all	5339	1	1681766	0.0000006
all	5344	1	1681766	0.0000006
all	5350	1	1681766	0.0000006
all	5353	2	1681766	0.0000012
all	5364	1	1681766	0.0000006
all	5378	1	1681766	0.0000006
all	5379	1	1681766	0.0000006
all	5381	1	1681766	0.0000006
all	5384	2	1681766	0.0000012
all	5386	1	1681766	0.0000006
all	5391	1	1681766	0.0000006
all	5397	2	1681766	0.0000012
all	5406	1	1681766	0.0000006
all	5412	1	1681766	0.0000006
all	5420	1	1681766	0.0000006
all	5429	1	1681766	0.0000006
all	5434	1	1681766	0.0000006
all	5436	2	1681766	0.0000012
all	5441	1	1681766	0.0000006
all	5445	1	1681766	0.0000006
all	5449	1	1681766	0.0000006
all	5453	7	1681766	0.0000042
all	5455	1	1681766	0.0000006
all	5456	1	1681766	0.0000006
all	5476	1	1681766	0.0000006
all	5477	1	1681766	0.0000006
all	5478	2	1681766	0.0000012
all	5480	1	1681766	0.0000006
all	5491	1	1681766	0.0000006
all	5494	1	1681766	0.0000006
all	5495	1	1681766	0.0000006
all	5496	1	1681766	0.0000006
all	5498	2	1681766	0.0000012
all	5501	5	1681766	0.0000030
all	5505	1	1681766	0.0000006
all	5507	1	1681766	0.0000006
all	5508	2	1681766	0.0000012
all	5524	1	1681766	0.0000006
all	5529	1	1681766	0.0000006
all	5531	1	1681766	0.0000006
all	5532	2	1681766	0.0000012
all	5535	1	1681766	0.0000006
all	5543	2	1681766	0.0000012
all	5549	1	1681766	0.0000006
all	5550	1	1681766	0.0000006
all	5551	1	1681766	0.0000006
all	5553	1	1681766	0.0000006
all	5554	1	1681766	0.0000006
all	5579	2	1681766	0.0000012
all	5587	1	1681766	0.0000006
all	5592	3	1681766	0.0000018
all	5595	1	1681766	0.0000006
all	5605	2	1681766	0.0000012
all	5614	3	1681766	0.0000018
all	5636	2	1681766	0.0000012
all	5638	1	1681766	0.0000006
all	5641	4	1681766	0.0000024
all	5647	5	1681766	0.0000030
all	5655	1	1681766	0.0000006
all	5661	1	1681766	0.0000006
all	5682	3	1681766	0.0000018
all	5709	5	1681766	0.0000030
all	5722	2	1681766	0.0000012
all	5742	3	1681766	0.0000018
all	5753	2	1681766	0.0000012
all	5765	1	1681766	0.0000006
all	5782	1	1681766	0.0000006
all	5789	2	1681766	0.0000012
all	5796	1	1681766	0.0000006
all	5808	1	1681766	0.0000006
all	5812	3	1681766	0.0000018
all	5813	1	1681766	0.0000006
all	5827	5	1681766	0.0000030
all	5854	1	1681766	0.0000006
all	5855	1	1681766	0.0000006
all	5862	1	1681766	0.0000006
all	5864	1	1681766	0.0000006
all	5883	1	1681766	0.0000006
all	5903	1	1681766	0.0000006
all	5906	6	1681766	0.0000036
all	5910	1	1681766	0.0000006
all	5914	1	1681766	0.0000006
all	5925	1	1681766	0.0000006
all	5932	3	1681766	0.0000018
all	5940	1	1681766	0.0000006
all	5950	1	1681766	0.0000006
all	5952	1	1681766	0.0000006
all	5958	1	1681766	0.0000006
all	5999	1	1681766	0.0000006
all	6012	1	1681766	0.0000006
all	6017	1	1681766	0.0000006
all	6031	1	1681766	0.0000006
all	6035	1	1681766	0.0000006
all	6036	1	1681766	0.0000006
all	6038	1	1681766	0.0000006
all	6039	1	1681766	0.0000006
all	6043	5	1681766	0.0000030
all	6056	1	1681766	0.0000006
all	6059	3	1681766	0.0000018
all	6064	1	1681766	0.0000006
all	6073	1	1681766	0.0000006
all	6086	1	1681766	0.0000006
all	6104	1	1681766	0.0000006
all	6130	1	1681766	0.0000006
all	6131	1	1681766	0.0000006
all	6133	1	1681766	0.0000006
all	6139	1	1681766	0.0000006
all	6154	1	1681766	0.0000006
all	6162	1	1681766	0.0000006
all	6168	1	1681766	0.0000006
all	6171	5	1681766	0.0000030
all	6175	1	1681766	0.0000006
all	6190	1	1681766	0.0000006
all	6191	1	1681766	0.0000006
all	6211	5	1681766	0.0000030
all	6217	1	1681766	0.0000006
all	6220	1	1681766	0.0000006
all	6226	1	1681766	0.0000006
all	6242	1	1681766	0.0000006
all	6264	2	1681766	0.0000012
all	6272	1	1681766	0.0000006
all	6273	1	1681766	0.0000006
all	6279	2	1681766	0.0000012
all	6291	1	1681766	0.0000006
all	6304	1	1681766	0.0000006
all	6305	5	1681766	0.0000030
all	6317	1	1681766	0.0000006
all	6323	1	1681766	0.0000006
all	6337	2	1681766	0.0000012
all	6339	1	1681766	0.0000006
all	6350	2	1681766	0.0000012
all	6364	2	1681766	0.0000012
all	6372	3	1681766	0.0000018
all	6373	1	1681766	0.0000006
all	6399	2	1681766	0.0000012
all	6403	1	1681766	0.0000006
all	6417	1	1681766	0.0000006
all	6422	5	1681766	0.0000030
all	6429	1	1681766	0.0000006
all	6443	1	1681766	0.0000006
all	6447	2	1681766	0.0000012
all	6458	2	1681766	0.0000012
all	6466	1	1681766	0.0000006
all	6474	1	1681766	0.0000006
all	6475	1	1681766	0.0000006
all	6479	1	1681766	0.0000006
all	6483	2	1681766	0.0000012
all	6487	1	1681766	0.0000006
all	6490	1	1681766	0.0000006
all	6512	2	1681766	0.0000012
all	6516	1	1681766	0.0000006
all	6522	1	1681766	0.0000006
all	6535	1	1681766	0.0000006
all	6538	7	1681766	0.0000042
all	6543	1	1681766	0.0000006
all	6551	2	1681766	0.0000012
all	6555	1	1681766	0.0000006
all	6557	3	1681766	0.0000018
all	6571	2	1681766	0.0000012
all	6572	2	1681766	0.0000012
all	6581	1	1681766	0.0000006
all	6587	1	1681766	0.0000006
all	6593	2	1681766	0.0000012
all	6599	1	1681766	0.0000006
all	6607	1	1681766	0.0000006
all	6617	1	1681766	0.0000006
all	6622	3	1681766	0.0000018
all	6623	2	1681766	0.0000012
all	6627	1	1681766	0.0000006
all	6637	1	1681766	0.0000006
all	6640	5	1681766	0.0000030
all	6642	1	1681766	0.0000006
all	6656	1	1681766	0.0000006
all	6657	2	1681766	0.0000012
all	6659	1	1681766	0.0000006
all	6664	2	1681766	0.0000012
all	6671	5	1681766	0.0000030
all	6681	1	1681766	0.0000006
all	6682	1	1681766	0.0000006
all	6695	1	1681766	0.0000006
all	6701	1	1681766	0.0000006
all	6707	2	1681766	0.0000012
all	6710	1	1681766	0.0000006
all	6714	1	1681766	0.0000006
all	6716	3	1681766	0.0000018
all	6725	1	1681766	0.0000006
all	6728	2	1681766	0.0000012
all	6729	3	1681766	0.0000018
all	6730	1	1681766	0.0000006
all	6738	2	1681766	0.0000012
all	6746	2	1681766	0.0000012
all	6747	5	1681766	0.0000030
all	6758	1	1681766	0.0000006
all	6761	2	1681766	0.0000012
all	6762	1	1681766	0.0000006
all	6771	1	1681766	0.0000006
all	6778	2	1681766	0.0000012
all	6780	1	1681766	0.0000006
all	6781	5	1681766	0.0000030
all	6787	3	1681766	0.0000018
all	6788	2	1681766	0.0000012
all	6808	3	1681766	0.0000018
all	6809	2	1681766	0.0000012
all	6817	2	1681766	0.0000012
all	6822	4	1681766	0.0000024
all	6829	2	1681766	0.0000012
all	6832	5	1681766	0.0000030
all	6835	1	1681766	0.0000006
all	6839	2	1681766	0.0000012
all	6840	1	1681766	0.0000006
all	6848	2	1681766	0.0000012
all	6852	2	1681766	0.0000012
all	6856	2	1681766	0.0000012
all	6857	1	1681766	0.0000006
all	6861	1	1681766	0.0000006
all	6864	2	1681766	0.0000012
all	6865	4	1681766	0.0000024
all	6872	3	1681766	0.0000018
all	6877	1	1681766	0.0000006
all	6880	2	1681766	0.0000012
all	6884	2	1681766	0.0000012
all	6885	2	1681766	0.0000012
all	6886	3	1681766	0.0000018
all	6890	2	1681766	0.0000012
all	6892	1	1681766	0.0000006
all	6893	2	1681766	0.0000012
all	6897	2	1681766	0.0000012
all	6900	1	1681766	0.0000006
all	6902	1	1681766	0.0000006
all	6903	2	1681766	0.0000012
all	6906	1	1681766	0.0000006
all	6907	2	1681766	0.0000012
all	6909	2	1681766	0.0000012
all	6912	2	1681766	0.0000012
all	6916	3	1681766	0.0000018
all	6921	1	1681766	0.0000006
all	6922	2	1681766	0.0000012
all	6924	1	1681766	0.0000006
all	6926	1	1681766	0.0000006
all	6927	1	1681766	0.0000006
all	6929	2	1681766	0.0000012
all	6930	1	1681766	0.0000006
all	6939	1	1681766	0.0000006
all	6940	2	1681766	0.0000012
all	6943	1	1681766	0.0000006
all	6945	1	1681766	0.0000006
all	6949	2	1681766	0.0000012
all	6950	1	1681766	0.0000006
all	6951	1	1681766	0.0000006
all	6952	3	1681766	0.0000018
all	6954	2	1681766	0.0000012
all	6964	2	1681766	0.0000012
all	6968	2	1681766	0.0000012
all	6974	3	1681766	0.0000018
all	6980	2	1681766	0.0000012
all	6981	1	1681766	0.0000006
all	6983	1	1681766	0.0000006
all	6986	2	1681766	0.0000012
all	6990	2	1681766	0.0000012
all	6992	2	1681766	0.0000012
all	6993	2	1681766	0.0000012
all	6994	1	1681766	0.0000006
all	6995	2	1681766	0.0000012
all	6999	1	1681766	0.0000006
all	7000	1	1681766	0.0000006
all	7005	1	1681766	0.0000006
all	7008	2	1681766	0.0000012
all	7009	1	1681766	0.0000006
all	7010	2	1681766	0.0000012
all	7019	2	1681766	0.0000012
all	7024	2	1681766	0.0000012
all	7026	2	1681766	0.0000012
all	7028	2	1681766	0.0000012
all	7030	1	1681766	0.0000006
all	7031	3	1681766	0.0000018
all	7034	2	1681766	0.0000012
all	7042	2	1681766	0.0000012
all	7043	2	1681766	0.0000012
all	7050	1	1681766	0.0000006
all	7053	2	1681766	0.0000012
all	7056	2	1681766	0.0000012
all	7061	3	1681766	0.0000018
all	7062	1	1681766	0.0000006
all	7063	2	1681766	0.0000012
all	7066	2	1681766	0.0000012
all	7083	2	1681766	0.0000012
all	7085	1	1681766	0.0000006
all	7089	1	1681766	0.0000006
all	7096	1	1681766	0.0000006
all	7098	2	1681766	0.0000012
all	7099	2	1681766	0.0000012
all	7100	3	1681766	0.0000018
all	7101	2	1681766	0.0000012
all	7102	1	1681766	0.0000006
all	7104	1	1681766	0.0000006
all	7108	1	1681766	0.0000006
all	7110	2	1681766	0.0000012
all	7111	1	1681766	0.0000006
all	7116	2	1681766	0.0000012
all	7121	2	1681766	0.0000012
all	7122	2	1681766	0.0000012
all	7124	3	1681766	0.0000018
all	7125	1	1681766	0.0000006
all	7127	2	1681766	0.0000012
all	7128	1	1681766	0.0000006
all	7130	2	1681766	0.0000012
all	7131	1	1681766	0.0000006
all	7132	3	1681766	0.0000018
all	7136	2	1681766	0.0000012
all	7138	2	1681766	0.0000012
all	7142	2	1681766	0.0000012
all	7146	2	1681766	0.0000012
all	7150	2	1681766	0.0000012
all	7152	1	1681766	0.0000006
all	7156	1	1681766	0.0000006
all	7158	1	1681766	0.0000006
all	7160	2	1681766	0.0000012
all	7161	2	1681766	0.0000012
all	7171	2	1681766	0.0000012
all	7172	1	1681766	0.0000006
all	7175	2	1681766	0.0000012
all	7186	2	1681766	0.0000012
all	7188	2	1681766	0.0000012
all	7192	1	1681766	0.0000006
all	7210	2	1681766	0.0000012
all	7213	3	1681766	0.0000018
all	7215	3	1681766	0.0000018
all	7236	2	1681766	0.0000012
all	7240	2	1681766	0.0000012
all	7242	2	1681766	0.0000012
all	7244	2	1681766	0.0000012
all	7247	1	1681766	0.0000006
all	7251	2	1681766	0.0000012
all	7256	1	1681766	0.0000006
all	7260	1	1681766	0.0000006
all	7265	1	1681766	0.0000006
all	7278	1	1681766	0.0000006
all	7286	1	1681766	0.0000006
all	7342	1	1681766	0.0000006
all	7373	1	1681766	0.0000006
all	7379	1	1681766	0.0000006
all	7392	1	1681766	0.0000006
all	7397	1	1681766	0.0000006
all	7398	4	1681766	0.0000024
all	7408	2	1681766	0.0000012
all	7422	1	1681766	0.0000006
all	7428	1	1681766	0.0000006
all	7438	1	1681766	0.0000006
all	7461	1	1681766	0.0000006
all	7471	1	1681766	0.0000006
all	7477	2	1681766	0.0000012
all	7486	1	1681766	0.0000006
all	7488	2	1681766	0.0000012
all	7491	2	1681766	0.0000012
all	7510	2	1681766	0.0000012
all	7525	1	1681766	0.0000006
all	7552	2	1681766	0.0000012
all	7557	6	1681766	0.0000036
all	7561	1	1681766	0.0000006
all	7570	3	1681766	0.0000018
all	7574	2	1681766	0.0000012
all	7579	2	1681766	0.0000012
all	7594	1	1681766	0.0000006
all	7602	2	1681766	0.0000012
all	7638	2	1681766	0.0000012
all	7642	2	1681766	0.0000012
all	7647	1	1681766	0.0000006
all	7666	1	1681766	0.0000006
all	7670	2	1681766	0.0000012
all	7685	1	1681766	0.0000006
all	7687	1	1681766	0.0000006
all	7689	2	1681766	0.0000012
all	7696	1	1681766	0.0000006
all	7697	4	1681766	0.0000024
all	7706	2	1681766	0.0000012
all	7707	3	1681766	0.0000018
all	7716	2	1681766	0.0000012
all	7727	1	1681766	0.0000006
all	7729	1	1681766	0.0000006
all	7738	1	1681766	0.0000006
all	7742	1	1681766	0.0000006
all	7747	1	1681766	0.0000006
all	7751	1	1681766	0.0000006
all	7756	1	1681766	0.0000006
all	7758	1	1681766	0.0000006
all	7765	1	1681766	0.0000006
all	7768	1	1681766	0.0000006
all	7786	1	1681766	0.0000006
all	7788	1	1681766	0.0000006
all	7791	4	1681766	0.0000024
all	7792	1	1681766	0.0000006
all	7795	1	1681766	0.0000006
all	7805	1	1681766	0.0000006
all	7807	1	1681766	0.0000006
all	7808	1	1681766	0.0000006
all	7809	1	1681766	0.0000006
all	7813	2	1681766	0.0000012
all	7818	1	1681766	0.0000006
all	7820	1	1681766	0.0000006
all	7821	1	1681766	0.0000006
all	7822	1	1681766	0.0000006
all	7873	4	1681766	0.0000024
all	7931	4	1681766	0.0000024
all	7990	4	1681766	0.0000024
all	8049	1	1681766	0.0000006
all	8066	4	1681766	0.0000024
all	8164	4	1681766	0.0000024
all	8208	2	1681766	0.0000012
all	8210	4	1681766	0.0000024
all	8268	1	1681766	0.0000006
all	8269	4	1681766	0.0000024
all	8375	5	1681766	0.0000030
all	8382	2	1681766	0.0000012
all	8431	5	1681766	0.0000030
all	8509	5	1681766	0.0000030
all	8511	1	1681766	0.0000006
all	8576	2	1681766	0.0000012
all	8587	5	1681766	0.0000030
all	8662	2	1681766	0.0000012
all	8690	5	1681766	0.0000030
all	8693	1	1681766	0.0000006
all	8717	5	1681766	0.0000030
all	8726	2	1681766	0.0000012
all	8756	2	1681766	0.0000012
all	8788	2	1681766	0.0000012
all	8793	5	1681766	0.0000030
all	8796	2	1681766	0.0000012
all	8812	5	1681766	0.0000030
all	8865	2	1681766	0.0000012
all	8868	5	1681766	0.0000030
all	8913	5	1681766	0.0000030
all	8970	5	1681766	0.0000030
all	9011	5	1681766	0.0000030
all	9024	2	1681766	0.0000012
all	9034	5	1681766	0.0000030
all	9035	1	1681766	0.0000006
all	9103	1	1681766	0.0000006
all	9130	5	1681766	0.0000030
all	9168	2	1681766	0.0000012
all	9263	2	1681766	0.0000012
all	9267	5	1681766	0.0000030
all	9272	1	1681766	0.0000006
all	9307	2	1681766	0.0000012
all	9338	5	1681766	0.0000030
all	9342	1	1681766	0.0000006
all	9393	5	1681766	0.0000030
all	9403	2	1681766	0.0000012
all	9463	5	1681766	0.0000030
all	9496	1	1681766	0.0000006
all	9545	5	1681766	0.0000030
all	9591	1	1681766	0.0000006
all	9639	1	1681766	0.0000006
all	9651	2	1681766	0.0000012
all	9683	5	1681766	0.0000030
all	9696	2	1681766	0.0000012
all	9715	1	1681766	0.0000006
all	9716	2	1681766	0.0000012
all	9724	2	1681766	0.0000012
all	9725	2	1681766	0.0000012
all	9742	2	1681766	0.0000012
all	9797	1	1681766	0.0000006
all	9815	5	1681766	0.0000030
all	9829	2	1681766	0.0000012
all	9854	2	1681766	0.0000012
all	9871	1	1681766	0.0000006
all	9934	1	1681766	0.0000006
all	9967	2	1681766	0.0000012
all	9991	5	1681766	0.0000030
all	9992	2	1681766	0.0000012
all	9993	1	1681766	0.0000006
all	10021	3	1681766	0.0000018
all	10031	1	1681766	0.0000006
all	10068	5	1681766	0.0000030
all	10082	1	1681766	0.0000006
all	10150	5	1681766	0.0000030
all	10152	1	1681766	0.0000006
all	10158	3	1681766	0.0000018
all	10277	5	1681766	0.0000030
all	10278	1	1681766	0.0000006
all	10298	6	1681766	0.0000036
all	10329	3	1681766	0.0000018
all	10330	3	1681766	0.0000018
all	10390	1	1681766	0.0000006
all	10488	3	1681766	0.0000018
all	10529	1	1681766	0.0000006
all	10539	5	1681766	0.0000030
all	10557	2	1681766	0.0000012
all	10589	1	1681766	0.0000006
all	10665	1	1681766	0.0000006
all	10719	2	1681766	0.0000012
all	10756	1	1681766	0.0000006
all	10803	5	1681766	0.0000030
all	10824	1	1681766	0.0000006
all	10876	1	1681766	0.0000006
all	10877	2	1681766	0.0000012
all	10880	2	1681766	0.0000012
all	10902	2	1681766	0.0000012
all	10907	1	1681766	0.0000006
all	10920	5	1681766	0.0000030
all	10940	1	1681766	0.0000006
all	10967	1	1681766	0.0000006
all	10993	1	1681766	0.0000006
all	11028	1	1681766	0.0000006
all	11074	5	1681766	0.0000030
all	11076	2	1681766	0.0000012
all	11105	1	1681766	0.0000006
all	11159	1	1681766	0.0000006
all	11166	2	1681766	0.0000012
all	11169	5	1681766	0.0000030
all	11195	2	1681766	0.0000012
all	11280	1	1681766	0.0000006
all	11315	1	1681766	0.0000006
all	11326	1	1681766	0.0000006
all	11426	1	1681766	0.0000006
all	11433	5	1681766	0.0000030
all	11449	1	1681766	0.0000006
all	11462	2	1681766	0.0000012
all	11527	3	1681766	0.0000018
all	11557	5	1681766	0.0000030
all	11576	1	1681766	0.0000006
all	11623	1	1681766	0.0000006
all	11658	5	1681766	0.0000030
all	11714	1	1681766	0.0000006
all	11759	5	1681766	0.0000030
all	11775	1	1681766	0.0000006
all	11836	5	1681766	0.0000030
all	11904	1	1681766	0.0000006
all	11928	1	1681766	0.0000006
all	11979	2	1681766	0.0000012
all	12043	5	1681766	0.0000030
all	12057	5	1681766	0.0000030
all	12064	2	1681766	0.0000012
all	12067	2	1681766	0.0000012
all	12106	5	1681766	0.0000030
all	12117	2	1681766	0.0000012
all	12127	5	1681766	0.0000030
all	12140	2	1681766	0.0000012
all	12178	2	1681766	0.0000012
all	12209	2	1681766	0.0000012
all	12229	5	1681766	0.0000030
all	12234	2	1681766	0.0000012
all	12272	3	1681766	0.0000018
all	12320	3	1681766	0.0000018
all	12337	2	1681766	0.0000012
all	12341	5	1681766	0.0000030
all	12448	3	1681766	0.0000018
all	12476	12	1681766	0.0000071
all	12477	6	1681766	0.0000036
all	12499	6	1681766	0.0000036
all	12517	6	1681766	0.0000036
all	12533	6	1681766	0.0000036
all	12557	6	1681766	0.0000036
all	12576	6	1681766	0.0000036
all	12632	3	1681766	0.0000018
all	12649	1	1681766	0.0000006
all	12651	6	1681766	0.0000036
all	12672	1	1681766	0.0000006
all	12677	1	1681766	0.0000006
all	12692	1	1681766	0.0000006
all	12695	1	1681766	0.0000006
all	12704	2	1681766	0.0000012
all	12706	1	1681766	0.0000006
all	12722	1	1681766	0.0000006
all	12728	3	1681766	0.0000018
all	12729	1	1681766	0.0000006
all	12734	6	1681766	0.0000036
all	12741	6	1681766	0.0000036
all	12742	1	1681766	0.0000006
all	12760	1	1681766	0.0000006
all	12761	5	1681766	0.0000030
all	12769	2	1681766	0.0000012
all	12784	3	1681766	0.0000018
all	12790	6	1681766	0.0000036
all	12797	6	1681766	0.0000036
all	12804	2	1681766	0.0000012
all	12820	6	1681766	0.0000036
all	12822	2	1681766	0.0000012
all	12826	6	1681766	0.0000036
all	12827	3	1681766	0.0000018
all	12828	8	1681766	0.0000048
all	12838	1	1681766	0.0000006
all	12857	3	1681766	0.0000018
all	12868	6	1681766	0.0000036
all	12870	6	1681766	0.0000036
all	12873	3	1681766	0.0000018
all	12900	6	1681766	0.0000036
all	12911	3	1681766	0.0000018
all	12913	1	1681766	0.0000006
all	12918	3	1681766	0.0000018
all	12961	3	1681766	0.0000018
all	12981	3	1681766	0.0000018
all	13016	3	1681766	0.0000018
all	13084	1	1681766	0.0000006
all	13088	3	1681766	0.0000018
all	13132	3	1681766	0.0000018
all	13164	3	1681766	0.0000018
all	13222	3	1681766	0.0000018
all	13259	1	1681766	0.0000006
all	13261	3	1681766	0.0000018
all	13328	3	1681766	0.0000018
all	13439	3	1681766	0.0000018
all	13565	2	1681766	0.0000012
all	13573	1	1681766	0.0000006
all	13616	2	1681766	0.0000012
all	13718	2	1681766	0.0000012
all	13734	1	1681766	0.0000006
all	13737	2	1681766	0.0000012
all	13756	1	1681766	0.0000006
all	13798	1	1681766	0.0000006
all	13804	2	1681766	0.0000012
all	13816	1	1681766	0.0000006
all	13826	1	1681766	0.0000006
all	13833	1	1681766	0.0000006
