all	0	292599	1681766	0.1739832
all	1	9990	1681766	0.0059402
all	2	166237	1681766	0.0988467
all	3	13420	1681766	0.0079797
all	4	144459	1681766	0.0858972
all	5	16887	1681766	0.0100412
all	6	127154	1681766	0.0756074
all	7	20110	1681766	0.0119577
all	8	108300	1681766	0.0643966
all	9	19385	1681766	0.0115266
all	10	86687	1681766	0.0515452
all	11	17739	1681766	0.0105478
all	12	71797	1681766	0.0426914
all	13	16627	1681766	0.0098866
all	14	60525	1681766	0.0359890
all	15	17273	1681766	0.0102708
all	16	51267	1681766	0.0304840
all	17	14537	1681766	0.0086439
all	18	39597	1681766	0.0235449
all	19	11416	1681766	0.0067881
all	20	33565	1681766	0.0199582
all	21	11635	1681766	0.0069183
all	22	25933	1681766	0.0154201
all	23	9936	1681766	0.0059081
all	24	21619	1681766	0.0128549
all	25	8171	1681766	0.0048586
all	26	16607	1681766	0.0098747
all	27	7324	1681766	0.0043549
all	28	13588	1681766	0.0080796
all	29	6691	1681766	0.0039786
all	30	11843	1681766	0.0070420
all	31	5511	1681766	0.0032769
all	32	8827	1681766	0.0052486
all	33	4556	1681766	0.0027091
all	34	7441	1681766	0.0044245
all	35	4631	1681766	0.0027537
all	36	6678	1681766	0.0039708
all	37	4223	1681766	0.0025111
all	38	5803	1681766	0.0034505
all	39	3379	1681766	0.0020092
all	40	5075	1681766	0.0030177
all	41	3209	1681766	0.0019081
all	42	4226	1681766	0.0025128
all	43	2738	1681766	0.0016281
all	44	3701	1681766	0.0022007
all	45	2747	1681766	0.0016334
all	46	3127	1681766	0.0018594
all	47	1950	1681766	0.0011595
all	48	3025	1681766	0.0017987
all	49	2060	1681766	0.0012249
all	50	2195	1681766	0.0013052
all	51	1820	1681766	0.0010822
all	52	1794	1681766	0.0010667
all	53	1544	1681766	0.0009181
all	54	2063	1681766	0.0012267
all	55	1268	1681766	0.0007540
all	56	1717	1681766	0.0010210
all	57	1398	1681766	0.0008313
all	58	1481	1681766	0.0008806
all	59	1218	1681766	0.0007242
all	60	1941	1681766	0.0011541
all	61	1141	1681766	0.0006785
all	62	1513	1681766	0.0008996
all	63	1053	1681766	0.0006261
all	64	1234	1681766	0.0007338
all	65	854	1681766	0.0005078
all	66	1113	1681766	0.0006618
all	67	708	1681766	0.0004210
all	68	1120	1681766	0.0006660
all	69	689	1681766	0.0004097
all	70	1020	1681766	0.0006065
all	71	640	1681766	0.0003806
all	72	835	1681766	0.0004965
all	73	783	1681766	0.0004656
all	74	936	1681766	0.0005566
all	75	702	1681766	0.0004174
all	76	898	1681766	0.0005340
all	77	820	1681766	0.0004876
all	78	565	1681766	0.0003360
all	79	752	1681766	0.0004471
all	80	770	1681766	0.0004579
all	81	708	1681766	0.0004210
all	82	755	1681766	0.0004489
all	83	606	1681766	0.0003603
all	84	665	1681766	0.0003954
all	85	531	1681766	0.0003157
all	86	661	1681766	0.0003930
all	87	468	1681766	0.0002783
all	88	588	1681766	0.0003496
all	89	527	1681766	0.0003134
all	90	586	1681766	0.0003484
all	91	596	1681766	0.0003544
all	92	631	1681766	0.0003752
all	93	864	1681766	0.0005137
all	94	530	1681766	0.0003151
all	95	485	1681766	0.0002884
all	96	659	1681766	0.0003918
all	97	499	1681766	0.0002967
all	98	667	1681766	0.0003966
all	99	424	1681766	0.0002521
all	100	505	1681766	0.0003003
all	101	516	1681766	0.0003068
all	102	679	1681766	0.0004037
all	103	400	1681766	0.0002378
all	104	459	1681766	0.0002729
all	105	411	1681766	0.0002444
all	106	617	1681766	0.0003669
all	107	350	1681766	0.0002081
all	108	558	1681766	0.0003318
all	109	509	1681766	0.0003027
all	110	655	1681766	0.0003895
all	111	550	1681766	0.0003270
all	112	842	1681766	0.0005007
all	113	557	1681766	0.0003312
all	114	670	1681766	0.0003984
all	115	573	1681766	0.0003407
all	116	555	1681766	0.0003300
all	117	474	1681766	0.0002818
all	118	426	1681766	0.0002533
all	119	523	1681766	0.0003110
all	120	479	1681766	0.0002848
all	121	412	1681766	0.0002450
all	122	403	1681766	0.0002396
all	123	326	1681766	0.0001938
all	124	386	1681766	0.0002295
all	125	518	1681766	0.0003080
all	126	1005	1681766	0.0005976
all	127	569	1681766	0.0003383
all	128	464	1681766	0.0002759
all	129	896	1681766	0.0005328
all	130	623	1681766	0.0003704
all	131	392	1681766	0.0002331
all	132	454	1681766	0.0002700
all	133	382	1681766	0.0002271
all	134	376	1681766	0.0002236
all	135	511	1681766	0.0003038
all	136	267	1681766	0.0001588
all	137	460	1681766	0.0002735
all	138	336	1681766	0.0001998
all	139	560	1681766	0.0003330
all	140	340	1681766	0.0002022
all	141	383	1681766	0.0002277
all	142	330	1681766	0.0001962
all	143	462	1681766	0.0002747
all	144	395	1681766	0.0002349
all	145	303	1681766	0.0001802
all	146	316	1681766	0.0001879
all	147	301	1681766	0.0001790
all	148	329	1681766	0.0001956
all	149	248	1681766	0.0001475
all	150	299	1681766	0.0001778
all	151	230	1681766	0.0001368
all	152	287	1681766	0.0001707
all	153	224	1681766	0.0001332
all	154	499	1681766	0.0002967
all	155	461	1681766	0.0002741
all	156	281	1681766	0.0001671
all	157	246	1681766	0.0001463
all	158	350	1681766	0.0002081
all	159	307	1681766	0.0001825
all	160	345	1681766	0.0002051
all	161	361	1681766	0.0002147
all	162	281	1681766	0.0001671
all	163	178	1681766	0.0001058
all	164	218	1681766	0.0001296
all	165	224	1681766	0.0001332
all	166	202	1681766	0.0001201
all	167	216	1681766	0.0001284
all	168	206	1681766	0.0001225
all	169	304	1681766	0.0001808
all	170	250	1681766	0.0001487
all	171	173	1681766	0.0001029
all	172	236	1681766	0.0001403
all	173	284	1681766	0.0001689
all	174	245	1681766	0.0001457
all	175	284	1681766	0.0001689
all	176	304	1681766	0.0001808
all	177	317	1681766	0.0001885
all	178	239	1681766	0.0001421
all	179	193	1681766	0.0001148
all	180	247	1681766	0.0001469
all	181	123	1681766	0.0000731
all	182	208	1681766	0.0001237
all	183	212	1681766	0.0001261
all	184	580	1681766	0.0003449
all	185	204	1681766	0.0001213
all	186	197	1681766	0.0001171
all	187	209	1681766	0.0001243
all	188	291	1681766	0.0001730
all	189	209	1681766	0.0001243
all	190	175	1681766	0.0001041
all	191	257	1681766	0.0001528
all	192	134	1681766	0.0000797
all	193	128	1681766	0.0000761
all	194	153	1681766	0.0000910
all	195	116	1681766	0.0000690
all	196	140	1681766	0.0000832
all	197	231	1681766	0.0001374
all	198	173	1681766	0.0001029
all	199	127	1681766	0.0000755
all	200	200	1681766	0.0001189
all	201	280	1681766	0.0001665
all	202	201	1681766	0.0001195
all	203	173	1681766	0.0001029
all	204	169	1681766	0.0001005
all	205	155	1681766	0.0000922
all	206	146	1681766	0.0000868
all	207	146	1681766	0.0000868
all	208	141	1681766	0.0000838
all	209	170	1681766	0.0001011
all	210	226	1681766	0.0001344
all	211	164	1681766	0.0000975
all	212	194	1681766	0.0001154
all	213	148	1681766	0.0000880
all	214	177	1681766	0.0001052
all	215	190	1681766	0.0001130
all	216	167	1681766	0.0000993
all	217	219	1681766	0.0001302
all	218	214	1681766	0.0001272
all	219	134	1681766	0.0000797
all	220	233	1681766	0.0001385
all	221	76	1681766	0.0000452
all	222	112	1681766	0.0000666
all	223	248	1681766	0.0001475
all	224	142	1681766	0.0000844
all	225	160	1681766	0.0000951
all	226	238	1681766	0.0001415
all	227	87	1681766	0.0000517
all	228	189	1681766	0.0001124
all	229	103	1681766	0.0000612
all	230	161	1681766	0.0000957
all	231	221	1681766	0.0001314
all	232	168	1681766	0.0000999
all	233	192	1681766	0.0001142
all	234	323	1681766	0.0001921
all	235	108	1681766	0.0000642
all	236	159	1681766	0.0000945
all	237	170	1681766	0.0001011
all	238	996	1681766	0.0005922
all	239	145	1681766	0.0000862
all	240	194	1681766	0.0001154
all	241	128	1681766	0.0000761
all	242	173	1681766	0.0001029
all	243	163	1681766	0.0000969
all	244	117	1681766	0.0000696
all	245	95	1681766	0.0000565
all	246	234	1681766	0.0001391
all	247	186	1681766	0.0001106
all	248	176	1681766	0.0001047
all	249	97	1681766	0.0000577
all	250	140	1681766	0.0000832
all	251	154	1681766	0.0000916
all	252	120	1681766	0.0000714
all	253	162	1681766	0.0000963
all	254	188	1681766	0.0001118
all	255	153	1681766	0.0000910
all	256	159	1681766	0.0000945
all	257	139	1681766	0.0000827
all	258	205	1681766	0.0001219
all	259	157	1681766	0.0000934
all	260	168	1681766	0.0000999
all	261	145	1681766	0.0000862
all	262	121	1681766	0.0000719
all	263	105	1681766	0.0000624
all	264	103	1681766	0.0000612
all	265	185	1681766	0.0001100
all	266	93	1681766	0.0000553
all	267	125	1681766	0.0000743
all	268	91	1681766	0.0000541
all	269	165	1681766	0.0000981
all	270	128	1681766	0.0000761
all	271	107	1681766	0.0000636
all	272	99	1681766	0.0000589
all	273	127	1681766	0.0000755
all	274	164	1681766	0.0000975
all	275	159	1681766	0.0000945
all	276	88	1681766	0.0000523
all	277	70	1681766	0.0000416
all	278	145	1681766	0.0000862
all	279	145	1681766	0.0000862
all	280	141	1681766	0.0000838
all	281	122	1681766	0.0000725
all	282	120	1681766	0.0000714
all	283	121	1681766	0.0000719
all	284	110	1681766	0.0000654
all	285	180	1681766	0.0001070
all	286	57	1681766	0.0000339
all	287	111	1681766	0.0000660
all	288	73	1681766	0.0000434
all	289	68	1681766	0.0000404
all	290	82	1681766	0.0000488
all	291	95	1681766	0.0000565
all	292	67	1681766	0.0000398
all	293	84	1681766	0.0000499
all	294	71	1681766	0.0000422
all	295	111	1681766	0.0000660
all	296	161	1681766	0.0000957
all	297	85	1681766	0.0000505
all	298	83	1681766	0.0000494
all	299	104	1681766	0.0000618
all	300	73	1681766	0.0000434
all	301	83	1681766	0.0000494
all	302	73	1681766	0.0000434
all	303	68	1681766	0.0000404
all	304	74	1681766	0.0000440
all	305	57	1681766	0.0000339
all	306	70	1681766	0.0000416
all	307	96	1681766	0.0000571
all	308	47	1681766	0.0000279
all	309	69	1681766	0.0000410
all	310	84	1681766	0.0000499
all	311	67	1681766	0.0000398
all	312	95	1681766	0.0000565
all	313	153	1681766	0.0000910
all	314	81	1681766	0.0000482
all	315	78	1681766	0.0000464
all	316	86	1681766	0.0000511
all	317	93	1681766	0.0000553
all	318	56	1681766	0.0000333
all	319	72	1681766	0.0000428
all	320	66	1681766	0.0000392
all	321	96	1681766	0.0000571
all	322	84	1681766	0.0000499
all	323	45	1681766	0.0000268
all	324	59	1681766	0.0000351
all	325	119	1681766	0.0000708
all	326	82	1681766	0.0000488
all	327	91	1681766	0.0000541
all	328	60	1681766	0.0000357
all	329	126	1681766	0.0000749
all	330	94	1681766	0.0000559
all	331	83	1681766	0.0000494
all	332	56	1681766	0.0000333
all	333	128	1681766	0.0000761
all	334	84	1681766	0.0000499
all	335	78	1681766	0.0000464
all	336	101	1681766	0.0000601
all	337	148	1681766	0.0000880
all	338	103	1681766	0.0000612
all	339	74	1681766	0.0000440
all	340	74	1681766	0.0000440
all	341	62	1681766	0.0000369
all	342	93	1681766	0.0000553
all	343	65	1681766	0.0000386
all	344	53	1681766	0.0000315
all	345	64	1681766	0.0000381
all	346	46	1681766	0.0000274
all	347	50	1681766	0.0000297
all	348	84	1681766	0.0000499
all	349	55	1681766	0.0000327
all	350	62	1681766	0.0000369
all	351	67	1681766	0.0000398
all	352	50	1681766	0.0000297
all	353	66	1681766	0.0000392
all	354	36	1681766	0.0000214
all	355	64	1681766	0.0000381
all	356	64	1681766	0.0000381
all	357	77	1681766	0.0000458
all	358	55	1681766	0.0000327
all	359	60	1681766	0.0000357
all	360	53	1681766	0.0000315
all	361	58	1681766	0.0000345
all	362	45	1681766	0.0000268
all	363	61	1681766	0.0000363
all	364	31	1681766	0.0000184
all	365	80	1681766	0.0000476
all	366	43	1681766	0.0000256
all	367	56	1681766	0.0000333
all	368	14	1681766	0.0000083
all	369	107	1681766	0.0000636
all	370	93	1681766	0.0000553
all	371	52	1681766	0.0000309
all	372	66	1681766	0.0000392
all	373	18	1681766	0.0000107
all	374	70	1681766	0.0000416
all	375	38	1681766	0.0000226
all	376	18	1681766	0.0000107
all	377	30	1681766	0.0000178
all	378	23	1681766	0.0000137
all	379	31	1681766	0.0000184
all	380	24	1681766	0.0000143
all	381	19	1681766	0.0000113
all	382	29	1681766	0.0000172
all	383	39	1681766	0.0000232
all	384	30	1681766	0.0000178
all	385	20	1681766	0.0000119
all	386	39	1681766	0.0000232
all	387	36	1681766	0.0000214
all	388	34	1681766	0.0000202
all	389	35	1681766	0.0000208
all	390	25	1681766	0.0000149
all	391	27	1681766	0.0000161
all	392	37	1681766	0.0000220
all	393	29	1681766	0.0000172
all	394	40	1681766	0.0000238
all	395	17	1681766	0.0000101
all	396	55	1681766	0.0000327
all	397	38	1681766	0.0000226
all	398	43	1681766	0.0000256
all	399	34	1681766	0.0000202
all	400	38	1681766	0.0000226
all	401	60	1681766	0.0000357
all	402	76	1681766	0.0000452
all	403	50	1681766	0.0000297
all	404	59	1681766	0.0000351
all	405	46	1681766	0.0000274
all	406	59	1681766	0.0000351
all	407	33	1681766	0.0000196
all	408	48	1681766	0.0000285
all	409	47	1681766	0.0000279
all	410	113	1681766	0.0000672
all	411	36	1681766	0.0000214
all	412	43	1681766	0.0000256
all	413	31	1681766	0.0000184
all	414	29	1681766	0.0000172
all	415	32	1681766	0.0000190
all	416	42	1681766	0.0000250
all	417	31	1681766	0.0000184
all	418	26	1681766	0.0000155
all	419	35	1681766	0.0000208
all	420	50	1681766	0.0000297
all	421	28	1681766	0.0000166
all	422	46	1681766	0.0000274
all	423	41	1681766	0.0000244
all	424	15	1681766	0.0000089
all	425	19	1681766	0.0000113
all	426	30	1681766	0.0000178
all	427	36	1681766	0.0000214
all	428	42	1681766	0.0000250
all	429	39	1681766	0.0000232
all	430	37	1681766	0.0000220
all	431	50	1681766	0.0000297
all	432	43	1681766	0.0000256
all	433	14	1681766	0.0000083
all	434	33	1681766	0.0000196
all	435	32	1681766	0.0000190
all	436	49	1681766	0.0000291
all	437	18	1681766	0.0000107
all	438	33	1681766	0.0000196
all	439	19	1681766	0.0000113
all	440	16	1681766	0.0000095
all	441	32	1681766	0.0000190
all	442	29	1681766	0.0000172
all	443	20	1681766	0.0000119
all	444	84	1681766	0.0000499
all	445	21	1681766	0.0000125
all	446	29	1681766	0.0000172
all	447	23	1681766	0.0000137
all	448	16	1681766	0.0000095
all	449	9	1681766	0.0000054
all	450	25	1681766	0.0000149
all	451	18	1681766	0.0000107
all	452	19	1681766	0.0000113
all	453	33	1681766	0.0000196
all	454	7	1681766	0.0000042
all	455	30	1681766	0.0000178
all	456	32	1681766	0.0000190
all	457	19	1681766	0.0000113
all	458	40	1681766	0.0000238
all	459	24	1681766	0.0000143
all	460	25	1681766	0.0000149
all	461	29	1681766	0.0000172
all	462	19	1681766	0.0000113
all	463	19	1681766	0.0000113
all	464	20	1681766	0.0000119
all	465	18	1681766	0.0000107
all	466	9	1681766	0.0000054
all	467	33	1681766	0.0000196
all	468	34	1681766	0.0000202
all	469	21	1681766	0.0000125
all	470	24	1681766	0.0000143
all	471	30	1681766	0.0000178
all	472	28	1681766	0.0000166
all	473	41	1681766	0.0000244
all	474	63	1681766	0.0000375
all	475	33	1681766	0.0000196
all	476	17	1681766	0.0000101
all	477	8	1681766	0.0000048
all	478	23	1681766	0.0000137
all	479	21	1681766	0.0000125
all	480	21	1681766	0.0000125
all	481	35	1681766	0.0000208
all	482	15	1681766	0.0000089
all	483	26	1681766	0.0000155
all	484	40	1681766	0.0000238
all	485	32	1681766	0.0000190
all	486	13	1681766	0.0000077
all	487	19	1681766	0.0000113
all	488	16	1681766	0.0000095
all	489	21	1681766	0.0000125
all	490	9	1681766	0.0000054
all	491	17	1681766	0.0000101
all	492	16	1681766	0.0000095
all	493	21	1681766	0.0000125
all	494	15	1681766	0.0000089
all	495	20	1681766	0.0000119
all	496	13	1681766	0.0000077
all	497	29	1681766	0.0000172
all	498	89	1681766	0.0000529
all	499	5	1681766	0.0000030
all	500	16	1681766	0.0000095
all	501	20	1681766	0.0000119
all	502	16	1681766	0.0000095
all	503	43	1681766	0.0000256
all	504	11	1681766	0.0000065
all	505	25	1681766	0.0000149
all	506	26	1681766	0.0000155
all	507	42	1681766	0.0000250
all	508	13	1681766	0.0000077
all	509	18	1681766	0.0000107
all	510	22	1681766	0.0000131
all	511	21	1681766	0.0000125
all	512	22	1681766	0.0000131
all	513	24	1681766	0.0000143
all	514	26	1681766	0.0000155
all	515	16	1681766	0.0000095
all	516	22	1681766	0.0000131
all	517	20	1681766	0.0000119
all	518	17	1681766	0.0000101
all	519	14	1681766	0.0000083
all	520	47	1681766	0.0000279
all	521	10	1681766	0.0000059
all	522	25	1681766	0.0000149
all	523	7	1681766	0.0000042
all	524	10	1681766	0.0000059
all	525	27	1681766	0.0000161
all	526	12	1681766	0.0000071
all	527	19	1681766	0.0000113
all	528	15	1681766	0.0000089
all	529	9	1681766	0.0000054
all	530	28	1681766	0.0000166
all	531	14	1681766	0.0000083
all	532	18	1681766	0.0000107
all	533	24	1681766	0.0000143
all	534	20	1681766	0.0000119
all	535	31	1681766	0.0000184
all	536	11	1681766	0.0000065
all	537	24	1681766	0.0000143
all	538	11	1681766	0.0000065
all	539	22	1681766	0.0000131
all	540	31	1681766	0.0000184
all	541	8	1681766	0.0000048
all	542	12	1681766	0.0000071
all	543	40	1681766	0.0000238
all	544	22	1681766	0.0000131
all	545	34	1681766	0.0000202
all	546	14	1681766	0.0000083
all	547	18	1681766	0.0000107
all	548	16	1681766	0.0000095
all	549	19	1681766	0.0000113
all	550	16	1681766	0.0000095
all	551	23	1681766	0.0000137
all	552	26	1681766	0.0000155
all	553	11	1681766	0.0000065
all	554	19	1681766	0.0000113
all	555	23	1681766	0.0000137
all	556	17	1681766	0.0000101
all	557	21	1681766	0.0000125
all	558	30	1681766	0.0000178
all	559	36	1681766	0.0000214
all	560	28	1681766	0.0000166
all	561	19	1681766	0.0000113
all	562	23	1681766	0.0000137
all	563	33	1681766	0.0000196
all	564	18	1681766	0.0000107
all	565	38	1681766	0.0000226
all	566	24	1681766	0.0000143
all	567	13	1681766	0.0000077
all	568	26	1681766	0.0000155
all	569	13	1681766	0.0000077
all	570	8	1681766	0.0000048
all	571	26	1681766	0.0000155
all	572	16	1681766	0.0000095
all	573	30	1681766	0.0000178
all	574	34	1681766	0.0000202
all	575	18	1681766	0.0000107
all	576	27	1681766	0.0000161
all	577	9	1681766	0.0000054
all	578	12	1681766	0.0000071
all	579	8	1681766	0.0000048
all	580	22	1681766	0.0000131
all	581	21	1681766	0.0000125
all	582	7	1681766	0.0000042
all	583	19	1681766	0.0000113
all	584	19	1681766	0.0000113
all	585	19	1681766	0.0000113
all	586	11	1681766	0.0000065
all	587	23	1681766	0.0000137
all	588	22	1681766	0.0000131
all	589	13	1681766	0.0000077
all	590	19	1681766	0.0000113
all	591	19	1681766	0.0000113
all	592	11	1681766	0.0000065
all	593	26	1681766	0.0000155
all	594	5	1681766	0.0000030
all	595	22	1681766	0.0000131
all	596	18	1681766	0.0000107
all	597	16	1681766	0.0000095
all	598	24	1681766	0.0000143
all	599	14	1681766	0.0000083
all	600	15	1681766	0.0000089
all	601	24	1681766	0.0000143
all	602	31	1681766	0.0000184
all	603	46	1681766	0.0000274
all	604	16	1681766	0.0000095
all	605	26	1681766	0.0000155
all	606	12	1681766	0.0000071
all	607	20	1681766	0.0000119
all	608	22	1681766	0.0000131
all	609	34	1681766	0.0000202
all	610	19	1681766	0.0000113
all	611	17	1681766	0.0000101
all	612	24	1681766	0.0000143
all	613	21	1681766	0.0000125
all	614	27	1681766	0.0000161
all	615	21	1681766	0.0000125
all	616	32	1681766	0.0000190
all	617	12	1681766	0.0000071
all	618	28	1681766	0.0000166
all	619	37	1681766	0.0000220
all	620	22	1681766	0.0000131
all	621	18	1681766	0.0000107
all	622	33	1681766	0.0000196
all	623	15	1681766	0.0000089
all	624	31	1681766	0.0000184
all	625	13	1681766	0.0000077
all	626	33	1681766	0.0000196
all	627	19	1681766	0.0000113
all	628	27	1681766	0.0000161
all	629	17	1681766	0.0000101
all	630	16	1681766	0.0000095
all	631	18	1681766	0.0000107
all	632	39	1681766	0.0000232
all	633	11	1681766	0.0000065
all	634	30	1681766	0.0000178
all	635	23	1681766	0.0000137
all	636	13	1681766	0.0000077
all	637	56	1681766	0.0000333
all	638	41	1681766	0.0000244
all	639	13	1681766	0.0000077
all	640	27	1681766	0.0000161
all	641	39	1681766	0.0000232
all	642	4	1681766	0.0000024
all	643	24	1681766	0.0000143
all	644	13	1681766	0.0000077
all	645	35	1681766	0.0000208
all	646	16	1681766	0.0000095
all	647	31	1681766	0.0000184
all	648	22	1681766	0.0000131
all	649	18	1681766	0.0000107
all	650	14	1681766	0.0000083
all	651	7	1681766	0.0000042
all	652	15	1681766	0.0000089
all	653	18	1681766	0.0000107
all	654	22	1681766	0.0000131
all	655	21	1681766	0.0000125
all	656	7	1681766	0.0000042
all	657	8	1681766	0.0000048
all	658	10	1681766	0.0000059
all	659	10	1681766	0.0000059
all	660	40	1681766	0.0000238
all	661	34	1681766	0.0000202
all	662	33	1681766	0.0000196
all	663	23	1681766	0.0000137
all	664	13	1681766	0.0000077
all	665	10	1681766	0.0000059
all	666	17	1681766	0.0000101
all	667	46	1681766	0.0000274
all	668	49	1681766	0.0000291
all	669	28	1681766	0.0000166
all	670	28	1681766	0.0000166
all	671	7	1681766	0.0000042
all	672	20	1681766	0.0000119
all	673	17	1681766	0.0000101
all	674	24	1681766	0.0000143
all	675	43	1681766	0.0000256
all	676	15	1681766	0.0000089
all	677	43	1681766	0.0000256
all	678	16	1681766	0.0000095
all	679	20	1681766	0.0000119
all	680	23	1681766	0.0000137
all	681	15	1681766	0.0000089
all	682	7	1681766	0.0000042
all	683	40	1681766	0.0000238
all	684	27	1681766	0.0000161
all	685	17	1681766	0.0000101
all	686	12	1681766	0.0000071
all	687	17	1681766	0.0000101
all	688	26	1681766	0.0000155
all	689	58	1681766	0.0000345
all	690	37	1681766	0.0000220
all	691	16	1681766	0.0000095
all	692	22	1681766	0.0000131
all	693	16	1681766	0.0000095
all	694	15	1681766	0.0000089
all	695	15	1681766	0.0000089
all	696	14	1681766	0.0000083
all	697	18	1681766	0.0000107
all	698	10	1681766	0.0000059
all	699	21	1681766	0.0000125
all	700	13	1681766	0.0000077
all	701	33	1681766	0.0000196
all	702	27	1681766	0.0000161
all	703	41	1681766	0.0000244
all	704	31	1681766	0.0000184
all	705	31	1681766	0.0000184
all	706	27	1681766	0.0000161
all	707	19	1681766	0.0000113
all	708	19	1681766	0.0000113
all	709	29	1681766	0.0000172
all	710	17	1681766	0.0000101
all	711	26	1681766	0.0000155
all	712	8	1681766	0.0000048
all	713	5	1681766	0.0000030
all	714	23	1681766	0.0000137
all	715	16	1681766	0.0000095
all	716	12	1681766	0.0000071
all	717	9	1681766	0.0000054
all	718	14	1681766	0.0000083
all	719	5	1681766	0.0000030
all	720	16	1681766	0.0000095
all	721	15	1681766	0.0000089
all	722	21	1681766	0.0000125
all	723	11	1681766	0.0000065
all	724	15	1681766	0.0000089
all	725	10	1681766	0.0000059
all	726	22	1681766	0.0000131
all	727	13	1681766	0.0000077
all	728	23	1681766	0.0000137
all	729	21	1681766	0.0000125
all	730	6	1681766	0.0000036
all	731	10	1681766	0.0000059
all	732	11	1681766	0.0000065
all	733	17	1681766	0.0000101
all	734	20	1681766	0.0000119
all	735	11	1681766	0.0000065
all	736	29	1681766	0.0000172
all	737	16	1681766	0.0000095
all	738	13	1681766	0.0000077
all	739	16	1681766	0.0000095
all	740	15	1681766	0.0000089
all	741	25	1681766	0.0000149
all	742	14	1681766	0.0000083
all	743	19	1681766	0.0000113
all	744	8	1681766	0.0000048
all	745	6	1681766	0.0000036
all	746	14	1681766	0.0000083
all	747	11	1681766	0.0000065
all	748	32	1681766	0.0000190
all	749	11	1681766	0.0000065
all	750	8	1681766	0.0000048
all	751	16	1681766	0.0000095
all	752	16	1681766	0.0000095
all	753	13	1681766	0.0000077
all	754	14	1681766	0.0000083
all	755	9	1681766	0.0000054
all	756	11	1681766	0.0000065
all	757	14	1681766	0.0000083
all	758	21	1681766	0.0000125
all	759	16	1681766	0.0000095
all	760	23	1681766	0.0000137
all	761	30	1681766	0.0000178
all	762	16	1681766	0.0000095
all	763	13	1681766	0.0000077
all	764	18	1681766	0.0000107
all	765	12	1681766	0.0000071
all	766	23	1681766	0.0000137
all	767	29	1681766	0.0000172
all	768	7	1681766	0.0000042
all	769	11	1681766	0.0000065
all	770	13	1681766	0.0000077
all	771	13	1681766	0.0000077
all	772	27	1681766	0.0000161
all	773	13	1681766	0.0000077
all	774	17	1681766	0.0000101
all	775	11	1681766	0.0000065
all	776	21	1681766	0.0000125
all	777	9	1681766	0.0000054
all	778	15	1681766	0.0000089
all	779	21	1681766	0.0000125
all	780	12	1681766	0.0000071
all	781	28	1681766	0.0000166
all	782	7	1681766	0.0000042
all	783	9	1681766	0.0000054
all	784	10	1681766	0.0000059
all	785	7	1681766	0.0000042
all	786	31	1681766	0.0000184
all	787	22	1681766	0.0000131
all	788	6	1681766	0.0000036
all	789	13	1681766	0.0000077
all	790	10	1681766	0.0000059
all	791	14	1681766	0.0000083
all	792	16	1681766	0.0000095
all	793	28	1681766	0.0000166
all	794	14	1681766	0.0000083
all	795	11	1681766	0.0000065
all	796	54	1681766	0.0000321
all	797	34	1681766	0.0000202
all	798	15	1681766	0.0000089
all	799	7	1681766	0.0000042
all	800	2	1681766	0.0000012
all	801	7	1681766	0.0000042
all	802	10	1681766	0.0000059
all	803	10	1681766	0.0000059
all	804	14	1681766	0.0000083
all	805	14	1681766	0.0000083
all	806	27	1681766	0.0000161
all	807	4	1681766	0.0000024
all	808	14	1681766	0.0000083
all	809	52	1681766	0.0000309
all	810	29	1681766	0.0000172
all	811	4	1681766	0.0000024
all	812	6	1681766	0.0000036
all	813	2	1681766	0.0000012
all	814	9	1681766	0.0000054
all	815	7	1681766	0.0000042
all	816	6	1681766	0.0000036
all	817	11	1681766	0.0000065
all	818	4	1681766	0.0000024
all	819	15	1681766	0.0000089
all	820	6	1681766	0.0000036
all	821	6	1681766	0.0000036
all	822	3	1681766	0.0000018
all	823	3	1681766	0.0000018
all	824	10	1681766	0.0000059
all	825	6	1681766	0.0000036
all	826	8	1681766	0.0000048
all	827	6	1681766	0.0000036
all	828	19	1681766	0.0000113
all	829	14	1681766	0.0000083
all	830	3	1681766	0.0000018
all	831	14	1681766	0.0000083
all	833	2	1681766	0.0000012
all	834	4	1681766	0.0000024
all	835	7	1681766	0.0000042
all	836	5	1681766	0.0000030
all	838	3	1681766	0.0000018
all	839	6	1681766	0.0000036
all	840	6	1681766	0.0000036
all	841	3	1681766	0.0000018
all	842	4	1681766	0.0000024
all	843	2	1681766	0.0000012
all	844	9	1681766	0.0000054
all	845	22	1681766	0.0000131
all	846	6	1681766	0.0000036
all	847	6	1681766	0.0000036
all	848	3	1681766	0.0000018
all	849	13	1681766	0.0000077
all	851	3	1681766	0.0000018
all	852	3	1681766	0.0000018
all	853	20	1681766	0.0000119
all	854	2	1681766	0.0000012
all	855	8	1681766	0.0000048
all	856	10	1681766	0.0000059
all	857	6	1681766	0.0000036
all	858	13	1681766	0.0000077
all	859	17	1681766	0.0000101
all	860	6	1681766	0.0000036
all	861	5	1681766	0.0000030
all	862	3	1681766	0.0000018
all	863	6	1681766	0.0000036
all	864	6	1681766	0.0000036
all	865	8	1681766	0.0000048
all	866	5	1681766	0.0000030
all	867	7	1681766	0.0000042
all	868	8	1681766	0.0000048
all	869	16	1681766	0.0000095
all	870	7	1681766	0.0000042
all	871	3	1681766	0.0000018
all	872	2	1681766	0.0000012
all	873	4	1681766	0.0000024
all	874	6	1681766	0.0000036
all	875	4	1681766	0.0000024
all	876	7	1681766	0.0000042
all	877	4	1681766	0.0000024
all	878	12	1681766	0.0000071
all	879	11	1681766	0.0000065
all	880	4	1681766	0.0000024
all	881	6	1681766	0.0000036
all	882	24	1681766	0.0000143
all	883	5	1681766	0.0000030
all	884	16	1681766	0.0000095
all	885	5	1681766	0.0000030
all	886	6	1681766	0.0000036
all	887	7	1681766	0.0000042
all	888	4	1681766	0.0000024
all	889	5	1681766	0.0000030
all	890	3	1681766	0.0000018
all	891	8	1681766	0.0000048
all	892	6	1681766	0.0000036
all	893	11	1681766	0.0000065
all	894	13	1681766	0.0000077
all	895	4	1681766	0.0000024
all	896	6	1681766	0.0000036
all	897	3	1681766	0.0000018
all	898	5	1681766	0.0000030
all	899	11	1681766	0.0000065
all	900	3	1681766	0.0000018
all	901	7	1681766	0.0000042
all	902	8	1681766	0.0000048
all	903	5	1681766	0.0000030
all	904	6	1681766	0.0000036
all	905	9	1681766	0.0000054
all	906	4	1681766	0.0000024
all	907	7	1681766	0.0000042
all	908	7	1681766	0.0000042
all	909	12	1681766	0.0000071
all	910	16	1681766	0.0000095
all	911	13	1681766	0.0000077
all	912	12	1681766	0.0000071
all	913	6	1681766	0.0000036
all	914	12	1681766	0.0000071
all	915	6	1681766	0.0000036
all	916	8	1681766	0.0000048
all	917	6	1681766	0.0000036
all	918	5	1681766	0.0000030
all	919	9	1681766	0.0000054
all	920	6	1681766	0.0000036
all	921	7	1681766	0.0000042
all	922	6	1681766	0.0000036
all	923	9	1681766	0.0000054
all	924	11	1681766	0.0000065
all	925	23	1681766	0.0000137
all	926	12	1681766	0.0000071
all	927	8	1681766	0.0000048
all	928	12	1681766	0.0000071
all	929	7	1681766	0.0000042
all	930	14	1681766	0.0000083
all	931	12	1681766	0.0000071
all	932	5	1681766	0.0000030
all	933	12	1681766	0.0000071
all	934	4	1681766	0.0000024
all	935	3	1681766	0.0000018
all	936	28	1681766	0.0000166
all	937	15	1681766	0.0000089
all	938	9	1681766	0.0000054
all	939	8	1681766	0.0000048
all	940	6	1681766	0.0000036
all	941	10	1681766	0.0000059
all	942	5	1681766	0.0000030
all	943	2	1681766	0.0000012
all	944	6	1681766	0.0000036
all	945	8	1681766	0.0000048
all	946	3	1681766	0.0000018
all	947	4	1681766	0.0000024
all	948	9	1681766	0.0000054
all	949	10	1681766	0.0000059
all	950	4	1681766	0.0000024
all	951	9	1681766	0.0000054
all	952	4	1681766	0.0000024
all	953	3	1681766	0.0000018
all	954	18	1681766	0.0000107
all	956	2	1681766	0.0000012
all	957	11	1681766	0.0000065
all	958	5	1681766	0.0000030
all	959	5	1681766	0.0000030
all	960	2	1681766	0.0000012
all	962	10	1681766	0.0000059
all	963	1	1681766	0.0000006
all	964	7	1681766	0.0000042
all	965	7	1681766	0.0000042
all	966	3	1681766	0.0000018
all	967	2	1681766	0.0000012
all	968	12	1681766	0.0000071
all	969	1	1681766	0.0000006
all	970	4	1681766	0.0000024
all	971	6	1681766	0.0000036
all	972	3	1681766	0.0000018
all	973	3	1681766	0.0000018
all	974	4	1681766	0.0000024
all	975	2	1681766	0.0000012
all	976	6	1681766	0.0000036
all	977	6	1681766	0.0000036
all	978	13	1681766	0.0000077
all	979	2	1681766	0.0000012
all	980	7	1681766	0.0000042
all	981	7	1681766	0.0000042
all	982	6	1681766	0.0000036
all	983	12	1681766	0.0000071
all	984	21	1681766	0.0000125
all	985	14	1681766	0.0000083
all	986	3	1681766	0.0000018
all	987	1	1681766	0.0000006
all	989	6	1681766	0.0000036
all	990	13	1681766	0.0000077
all	991	12	1681766	0.0000071
all	992	2	1681766	0.0000012
all	993	2	1681766	0.0000012
all	994	4	1681766	0.0000024
all	995	2	1681766	0.0000012
all	996	2	1681766	0.0000012
all	997	7	1681766	0.0000042
all	998	2	1681766	0.0000012
all	999	1	1681766	0.0000006
all	1000	5	1681766	0.0000030
all	1001	6	1681766	0.0000036
all	1003	13	1681766	0.0000077
all	1005	3	1681766	0.0000018
all	1006	1	1681766	0.0000006
all	1007	1	1681766	0.0000006
all	1008	8	1681766	0.0000048
all	1009	7	1681766	0.0000042
all	1011	22	1681766	0.0000131
all	1012	8	1681766	0.0000048
all	1013	3	1681766	0.0000018
all	1014	4	1681766	0.0000024
all	1015	11	1681766	0.0000065
all	1016	1	1681766	0.0000006
all	1017	8	1681766	0.0000048
all	1018	2	1681766	0.0000012
all	1019	15	1681766	0.0000089
all	1020	7	1681766	0.0000042
all	1021	5	1681766	0.0000030
all	1023	1	1681766	0.0000006
all	1024	5	1681766	0.0000030
all	1025	3	1681766	0.0000018
all	1026	1	1681766	0.0000006
all	1027	4	1681766	0.0000024
all	1028	1	1681766	0.0000006
all	1029	17	1681766	0.0000101
all	1030	8	1681766	0.0000048
all	1031	4	1681766	0.0000024
all	1032	1	1681766	0.0000006
all	1033	6	1681766	0.0000036
all	1035	18	1681766	0.0000107
all	1037	10	1681766	0.0000059
all	1038	14	1681766	0.0000083
all	1039	8	1681766	0.0000048
all	1040	2	1681766	0.0000012
all	1041	3	1681766	0.0000018
all	1042	3	1681766	0.0000018
all	1043	5	1681766	0.0000030
all	1044	5	1681766	0.0000030
all	1045	3	1681766	0.0000018
all	1046	2	1681766	0.0000012
all	1047	11	1681766	0.0000065
all	1048	19	1681766	0.0000113
all	1049	3	1681766	0.0000018
all	1050	15	1681766	0.0000089
all	1051	3	1681766	0.0000018
all	1052	11	1681766	0.0000065
all	1053	2	1681766	0.0000012
all	1054	17	1681766	0.0000101
all	1055	4	1681766	0.0000024
all	1056	2	1681766	0.0000012
all	1057	9	1681766	0.0000054
all	1058	24	1681766	0.0000143
all	1059	10	1681766	0.0000059
all	1060	8	1681766	0.0000048
all	1061	2	1681766	0.0000012
all	1062	3	1681766	0.0000018
all	1063	9	1681766	0.0000054
all	1064	18	1681766	0.0000107
all	1065	13	1681766	0.0000077
all	1066	3	1681766	0.0000018
all	1067	22	1681766	0.0000131
all	1068	4	1681766	0.0000024
all	1069	25	1681766	0.0000149
all	1070	2	1681766	0.0000012
all	1071	9	1681766	0.0000054
all	1072	25	1681766	0.0000149
all	1073	1	1681766	0.0000006
all	1074	12	1681766	0.0000071
all	1075	7	1681766	0.0000042
all	1076	25	1681766	0.0000149
all	1077	11	1681766	0.0000065
all	1078	3	1681766	0.0000018
all	1079	8	1681766	0.0000048
all	1080	1	1681766	0.0000006
all	1081	8	1681766	0.0000048
all	1082	10	1681766	0.0000059
all	1084	2	1681766	0.0000012
all	1085	4	1681766	0.0000024
all	1086	5	1681766	0.0000030
all	1087	6	1681766	0.0000036
all	1088	7	1681766	0.0000042
all	1089	7	1681766	0.0000042
all	1090	3	1681766	0.0000018
all	1091	3	1681766	0.0000018
all	1092	15	1681766	0.0000089
all	1093	7	1681766	0.0000042
all	1094	5	1681766	0.0000030
all	1095	5	1681766	0.0000030
all	1097	5	1681766	0.0000030
all	1098	2	1681766	0.0000012
all	1099	11	1681766	0.0000065
all	1100	1	1681766	0.0000006
all	1101	5	1681766	0.0000030
all	1102	13	1681766	0.0000077
all	1103	2	1681766	0.0000012
all	1104	2	1681766	0.0000012
all	1105	8	1681766	0.0000048
all	1106	2	1681766	0.0000012
all	1107	4	1681766	0.0000024
all	1108	3	1681766	0.0000018
all	1109	7	1681766	0.0000042
all	1110	7	1681766	0.0000042
all	1111	19	1681766	0.0000113
all	1112	1	1681766	0.0000006
all	1113	3	1681766	0.0000018
all	1114	10	1681766	0.0000059
all	1115	4	1681766	0.0000024
all	1116	5	1681766	0.0000030
all	1117	9	1681766	0.0000054
all	1118	15	1681766	0.0000089
all	1119	4	1681766	0.0000024
all	1120	24	1681766	0.0000143
all	1121	7	1681766	0.0000042
all	1122	4	1681766	0.0000024
all	1123	2	1681766	0.0000012
all	1124	22	1681766	0.0000131
all	1125	11	1681766	0.0000065
all	1126	33	1681766	0.0000196
all	1127	13	1681766	0.0000077
all	1128	19	1681766	0.0000113
all	1129	7	1681766	0.0000042
all	1130	8	1681766	0.0000048
all	1131	13	1681766	0.0000077
all	1132	3	1681766	0.0000018
all	1133	9	1681766	0.0000054
all	1134	13	1681766	0.0000077
all	1135	3	1681766	0.0000018
all	1136	4	1681766	0.0000024
all	1137	4	1681766	0.0000024
all	1138	9	1681766	0.0000054
all	1139	12	1681766	0.0000071
all	1140	23	1681766	0.0000137
all	1141	2	1681766	0.0000012
all	1142	1	1681766	0.0000006
all	1143	3	1681766	0.0000018
all	1144	2	1681766	0.0000012
all	1145	11	1681766	0.0000065
all	1146	2	1681766	0.0000012
all	1147	5	1681766	0.0000030
all	1148	3	1681766	0.0000018
all	1149	9	1681766	0.0000054
all	1150	9	1681766	0.0000054
all	1151	4	1681766	0.0000024
all	1152	6	1681766	0.0000036
all	1153	7	1681766	0.0000042
all	1154	3	1681766	0.0000018
all	1155	1	1681766	0.0000006
all	1156	20	1681766	0.0000119
all	1157	10	1681766	0.0000059
all	1158	9	1681766	0.0000054
all	1159	14	1681766	0.0000083
all	1160	4	1681766	0.0000024
all	1161	3	1681766	0.0000018
all	1162	9	1681766	0.0000054
all	1163	8	1681766	0.0000048
all	1164	1	1681766	0.0000006
all	1165	1	1681766	0.0000006
all	1166	12	1681766	0.0000071
all	1167	1	1681766	0.0000006
all	1168	11	1681766	0.0000065
all	1169	10	1681766	0.0000059
all	1170	10	1681766	0.0000059
all	1171	2	1681766	0.0000012
all	1172	3	1681766	0.0000018
all	1173	7	1681766	0.0000042
all	1174	7	1681766	0.0000042
all	1175	3	1681766	0.0000018
all	1176	7	1681766	0.0000042
all	1177	1	1681766	0.0000006
all	1178	7	1681766	0.0000042
all	1179	4	1681766	0.0000024
all	1181	1	1681766	0.0000006
all	1182	3	1681766	0.0000018
all	1183	5	1681766	0.0000030
all	1184	9	1681766	0.0000054
all	1185	3	1681766	0.0000018
all	1186	2	1681766	0.0000012
all	1187	13	1681766	0.0000077
all	1188	5	1681766	0.0000030
all	1189	55	1681766	0.0000327
all	1190	17	1681766	0.0000101
all	1191	1	1681766	0.0000006
all	1192	5	1681766	0.0000030
all	1193	5	1681766	0.0000030
all	1194	14	1681766	0.0000083
all	1195	2	1681766	0.0000012
all	1196	1	1681766	0.0000006
all	1197	1	1681766	0.0000006
all	1198	2	1681766	0.0000012
all	1199	16	1681766	0.0000095
all	1200	3	1681766	0.0000018
all	1201	1	1681766	0.0000006
all	1202	14	1681766	0.0000083
all	1203	20	1681766	0.0000119
all	1204	7	1681766	0.0000042
all	1205	1	1681766	0.0000006
all	1206	3	1681766	0.0000018
all	1207	9	1681766	0.0000054
all	1208	3	1681766	0.0000018
all	1209	1	1681766	0.0000006
all	1211	16	1681766	0.0000095
all	1212	5	1681766	0.0000030
all	1213	7	1681766	0.0000042
all	1214	4	1681766	0.0000024
all	1215	2	1681766	0.0000012
all	1216	11	1681766	0.0000065
all	1217	11	1681766	0.0000065
all	1218	4	1681766	0.0000024
all	1219	6	1681766	0.0000036
all	1220	15	1681766	0.0000089
all	1221	10	1681766	0.0000059
all	1222	6	1681766	0.0000036
all	1223	3	1681766	0.0000018
all	1224	1	1681766	0.0000006
all	1225	1	1681766	0.0000006
all	1226	51	1681766	0.0000303
all	1227	2	1681766	0.0000012
all	1228	6	1681766	0.0000036
all	1229	28	1681766	0.0000166
all	1230	48	1681766	0.0000285
all	1231	12	1681766	0.0000071
all	1232	2	1681766	0.0000012
all	1233	3	1681766	0.0000018
all	1234	4	1681766	0.0000024
all	1235	4	1681766	0.0000024
all	1236	6	1681766	0.0000036
all	1237	20	1681766	0.0000119
all	1238	2	1681766	0.0000012
all	1240	11	1681766	0.0000065
all	1241	5	1681766	0.0000030
all	1242	8	1681766	0.0000048
all	1243	15	1681766	0.0000089
all	1244	7	1681766	0.0000042
all	1245	3	1681766	0.0000018
all	1246	3	1681766	0.0000018
all	1248	3	1681766	0.0000018
all	1249	4	1681766	0.0000024
all	1250	4	1681766	0.0000024
all	1251	4	1681766	0.0000024
all	1252	7	1681766	0.0000042
all	1253	3	1681766	0.0000018
all	1254	2	1681766	0.0000012
all	1255	6	1681766	0.0000036
all	1256	2	1681766	0.0000012
all	1257	2	1681766	0.0000012
all	1258	8	1681766	0.0000048
all	1259	6	1681766	0.0000036
all	1260	9	1681766	0.0000054
all	1261	11	1681766	0.0000065
all	1262	1	1681766	0.0000006
all	1263	9	1681766	0.0000054
all	1264	3	1681766	0.0000018
all	1265	2	1681766	0.0000012
all	1266	1	1681766	0.0000006
all	1267	21	1681766	0.0000125
all	1268	3	1681766	0.0000018
all	1269	3	1681766	0.0000018
all	1270	2	1681766	0.0000012
all	1271	1	1681766	0.0000006
all	1273	7	1681766	0.0000042
all	1275	14	1681766	0.0000083
all	1276	3	1681766	0.0000018
all	1277	1	1681766	0.0000006
all	1278	2	1681766	0.0000012
all	1279	5	1681766	0.0000030
all	1280	7	1681766	0.0000042
all	1281	16	1681766	0.0000095
all	1282	2	1681766	0.0000012
all	1283	2	1681766	0.0000012
all	1284	6	1681766	0.0000036
all	1285	8	1681766	0.0000048
all	1287	13	1681766	0.0000077
all	1288	3	1681766	0.0000018
all	1289	9	1681766	0.0000054
all	1291	28	1681766	0.0000166
all	1292	19	1681766	0.0000113
all	1293	9	1681766	0.0000054
all	1294	6	1681766	0.0000036
all	1295	3	1681766	0.0000018
all	1296	55	1681766	0.0000327
all	1297	3	1681766	0.0000018
all	1298	5	1681766	0.0000030
all	1299	6	1681766	0.0000036
all	1300	7	1681766	0.0000042
all	1301	23	1681766	0.0000137
all	1302	2	1681766	0.0000012
all	1303	13	1681766	0.0000077
all	1304	2	1681766	0.0000012
all	1305	1	1681766	0.0000006
all	1306	5	1681766	0.0000030
all	1308	8	1681766	0.0000048
all	1309	10	1681766	0.0000059
all	1310	11	1681766	0.0000065
all	1311	12	1681766	0.0000071
all	1312	20	1681766	0.0000119
all	1313	5	1681766	0.0000030
all	1314	6	1681766	0.0000036
all	1315	15	1681766	0.0000089
all	1316	1	1681766	0.0000006
all	1317	10	1681766	0.0000059
all	1318	15	1681766	0.0000089
all	1319	7	1681766	0.0000042
all	1320	5	1681766	0.0000030
all	1321	49	1681766	0.0000291
all	1322	8	1681766	0.0000048
all	1323	36	1681766	0.0000214
all	1324	13	1681766	0.0000077
all	1325	2	1681766	0.0000012
all	1326	23	1681766	0.0000137
all	1327	16	1681766	0.0000095
all	1328	11	1681766	0.0000065
all	1329	30	1681766	0.0000178
all	1330	16	1681766	0.0000095
all	1331	23	1681766	0.0000137
all	1332	58	1681766	0.0000345
all	1333	40	1681766	0.0000238
all	1334	53	1681766	0.0000315
all	1335	24	1681766	0.0000143
all	1336	10	1681766	0.0000059
all	1337	14	1681766	0.0000083
all	1338	18	1681766	0.0000107
all	1339	26	1681766	0.0000155
all	1340	11	1681766	0.0000065
all	1341	11	1681766	0.0000065
all	1342	3	1681766	0.0000018
all	1344	49	1681766	0.0000291
all	1345	36	1681766	0.0000214
all	1346	20	1681766	0.0000119
all	1347	18	1681766	0.0000107
all	1348	13	1681766	0.0000077
all	1349	1	1681766	0.0000006
all	1350	2	1681766	0.0000012
all	1351	6	1681766	0.0000036
all	1352	6	1681766	0.0000036
all	1353	3	1681766	0.0000018
all	1354	16	1681766	0.0000095
all	1355	3	1681766	0.0000018
all	1356	1	1681766	0.0000006
all	1357	35	1681766	0.0000208
all	1358	19	1681766	0.0000113
all	1359	13	1681766	0.0000077
all	1360	16	1681766	0.0000095
all	1361	13	1681766	0.0000077
all	1362	3	1681766	0.0000018
all	1363	14	1681766	0.0000083
all	1364	34	1681766	0.0000202
all	1365	24	1681766	0.0000143
all	1366	23	1681766	0.0000137
all	1367	2	1681766	0.0000012
all	1368	4	1681766	0.0000024
all	1369	6	1681766	0.0000036
all	1370	3	1681766	0.0000018
all	1371	5	1681766	0.0000030
all	1372	3	1681766	0.0000018
all	1373	4	1681766	0.0000024
all	1374	3	1681766	0.0000018
all	1375	1	1681766	0.0000006
all	1376	3	1681766	0.0000018
all	1377	1	1681766	0.0000006
all	1378	7	1681766	0.0000042
all	1379	1	1681766	0.0000006
all	1380	1	1681766	0.0000006
all	1381	2	1681766	0.0000012
all	1383	2	1681766	0.0000012
all	1384	1	1681766	0.0000006
all	1385	3	1681766	0.0000018
all	1386	2	1681766	0.0000012
all	1388	4	1681766	0.0000024
all	1389	4	1681766	0.0000024
all	1390	4	1681766	0.0000024
all	1391	2	1681766	0.0000012
all	1392	3	1681766	0.0000018
all	1393	1	1681766	0.0000006
all	1394	1	1681766	0.0000006
all	1395	2	1681766	0.0000012
all	1396	1	1681766	0.0000006
all	1398	2	1681766	0.0000012
all	1399	2	1681766	0.0000012
all	1400	2	1681766	0.0000012
all	1401	8	1681766	0.0000048
all	1403	1	1681766	0.0000006
all	1404	2	1681766	0.0000012
all	1406	1	1681766	0.0000006
all	1407	9	1681766	0.0000054
all	1409	1	1681766	0.0000006
all	1411	7	1681766	0.0000042
all	1412	1	1681766	0.0000006
all	1413	3	1681766	0.0000018
all	1415	3	1681766	0.0000018
all	1416	2	1681766	0.0000012
all	1417	4	1681766	0.0000024
all	1418	1	1681766	0.0000006
all	1419	3	1681766	0.0000018
all	1423	2	1681766	0.0000012
all	1425	5	1681766	0.0000030
all	1426	1	1681766	0.0000006
all	1428	5	1681766	0.0000030
all	1430	1	1681766	0.0000006
all	1432	1	1681766	0.0000006
all	1433	1	1681766	0.0000006
all	1435	1	1681766	0.0000006
all	1436	1	1681766	0.0000006
all	1437	2	1681766	0.0000012
all	1438	1	1681766	0.0000006
all	1439	7	1681766	0.0000042
all	1440	2	1681766	0.0000012
all	1441	2	1681766	0.0000012
all	1443	3	1681766	0.0000018
all	1444	1	1681766	0.0000006
all	1445	3	1681766	0.0000018
all	1447	2	1681766	0.0000012
all	1448	1	1681766	0.0000006
all	1449	2	1681766	0.0000012
all	1450	3	1681766	0.0000018
all	1451	3	1681766	0.0000018
all	1452	2	1681766	0.0000012
all	1453	2	1681766	0.0000012
all	1455	1	1681766	0.0000006
all	1458	1	1681766	0.0000006
all	1459	1	1681766	0.0000006
all	1464	2	1681766	0.0000012
all	1465	1	1681766	0.0000006
all	1466	1	1681766	0.0000006
all	1469	5	1681766	0.0000030
all	1471	3	1681766	0.0000018
all	1472	6	1681766	0.0000036
all	1473	3	1681766	0.0000018
all	1474	5	1681766	0.0000030
all	1475	2	1681766	0.0000012
all	1477	2	1681766	0.0000012
all	1478	2	1681766	0.0000012
all	1479	2	1681766	0.0000012
all	1482	2	1681766	0.0000012
all	1483	6	1681766	0.0000036
all	1485	2	1681766	0.0000012
all	1486	1	1681766	0.0000006
all	1487	6	1681766	0.0000036
all	1488	1	1681766	0.0000006
all	1489	2	1681766	0.0000012
all	1491	1	1681766	0.0000006
all	1493	2	1681766	0.0000012
all	1494	1	1681766	0.0000006
all	1496	1	1681766	0.0000006
all	1497	4	1681766	0.0000024
all	1499	6	1681766	0.0000036
all	1501	2	1681766	0.0000012
all	1502	2	1681766	0.0000012
all	1503	1	1681766	0.0000006
all	1504	4	1681766	0.0000024
all	1505	3	1681766	0.0000018
all	1506	3	1681766	0.0000018
all	1507	1	1681766	0.0000006
all	1508	2	1681766	0.0000012
all	1509	1	1681766	0.0000006
all	1510	3	1681766	0.0000018
all	1511	3	1681766	0.0000018
all	1513	2	1681766	0.0000012
all	1514	1	1681766	0.0000006
all	1515	3	1681766	0.0000018
all	1516	1	1681766	0.0000006
all	1517	3	1681766	0.0000018
all	1518	2	1681766	0.0000012
all	1520	3	1681766	0.0000018
all	1521	1	1681766	0.0000006
all	1522	2	1681766	0.0000012
all	1523	2	1681766	0.0000012
all	1526	1	1681766	0.0000006
all	1528	3	1681766	0.0000018
all	1529	1	1681766	0.0000006
all	1530	1	1681766	0.0000006
all	1531	2	1681766	0.0000012
all	1532	8	1681766	0.0000048
all	1535	1	1681766	0.0000006
all	1536	8	1681766	0.0000048
all	1537	1	1681766	0.0000006
all	1539	4	1681766	0.0000024
all	1542	2	1681766	0.0000012
all	1543	4	1681766	0.0000024
all	1544	1	1681766	0.0000006
all	1545	2	1681766	0.0000012
all	1546	2	1681766	0.0000012
all	1547	1	1681766	0.0000006
all	1548	1	1681766	0.0000006
all	1552	3	1681766	0.0000018
all	1554	2	1681766	0.0000012
all	1555	6	1681766	0.0000036
all	1556	5	1681766	0.0000030
all	1557	1	1681766	0.0000006
all	1558	1	1681766	0.0000006
all	1559	3	1681766	0.0000018
all	1560	3	1681766	0.0000018
all	1563	3	1681766	0.0000018
all	1565	2	1681766	0.0000012
all	1566	4	1681766	0.0000024
all	1567	1	1681766	0.0000006
all	1568	4	1681766	0.0000024
all	1569	1	1681766	0.0000006
all	1570	3	1681766	0.0000018
all	1573	6	1681766	0.0000036
all	1574	3	1681766	0.0000018
all	1575	1	1681766	0.0000006
all	1576	3	1681766	0.0000018
all	1577	1	1681766	0.0000006
all	1578	1	1681766	0.0000006
all	1579	3	1681766	0.0000018
all	1580	5	1681766	0.0000030
all	1581	7	1681766	0.0000042
all	1585	1	1681766	0.0000006
all	1586	3	1681766	0.0000018
all	1587	1	1681766	0.0000006
all	1588	3	1681766	0.0000018
all	1589	2	1681766	0.0000012
all	1590	5	1681766	0.0000030
all	1592	1	1681766	0.0000006
all	1593	1	1681766	0.0000006
all	1594	2	1681766	0.0000012
all	1595	2	1681766	0.0000012
all	1596	4	1681766	0.0000024
all	1597	5	1681766	0.0000030
all	1598	2	1681766	0.0000012
all	1601	5	1681766	0.0000030
all	1603	2	1681766	0.0000012
all	1604	4	1681766	0.0000024
all	1606	1	1681766	0.0000006
all	1609	2	1681766	0.0000012
all	1610	2	1681766	0.0000012
all	1611	5	1681766	0.0000030
all	1612	3	1681766	0.0000018
all	1613	10	1681766	0.0000059
all	1614	2	1681766	0.0000012
all	1615	4	1681766	0.0000024
all	1616	7	1681766	0.0000042
all	1617	1	1681766	0.0000006
all	1618	3	1681766	0.0000018
all	1621	1	1681766	0.0000006
all	1623	2	1681766	0.0000012
all	1625	1	1681766	0.0000006
all	1626	6	1681766	0.0000036
all	1627	1	1681766	0.0000006
all	1628	1	1681766	0.0000006
all	1629	3	1681766	0.0000018
all	1630	4	1681766	0.0000024
all	1632	1	1681766	0.0000006
all	1633	3	1681766	0.0000018
all	1634	5	1681766	0.0000030
all	1635	1	1681766	0.0000006
all	1636	1	1681766	0.0000006
all	1637	2	1681766	0.0000012
all	1638	2	1681766	0.0000012
all	1640	6	1681766	0.0000036
all	1641	1	1681766	0.0000006
all	1642	6	1681766	0.0000036
all	1643	8	1681766	0.0000048
all	1644	1	1681766	0.0000006
all	1645	1	1681766	0.0000006
all	1646	6	1681766	0.0000036
all	1647	4	1681766	0.0000024
all	1648	3	1681766	0.0000018
all	1649	1	1681766	0.0000006
all	1650	6	1681766	0.0000036
all	1651	4	1681766	0.0000024
all	1653	3	1681766	0.0000018
all	1655	1	1681766	0.0000006
all	1656	10	1681766	0.0000059
all	1657	1	1681766	0.0000006
all	1658	1	1681766	0.0000006
all	1659	4	1681766	0.0000024
all	1660	1	1681766	0.0000006
all	1662	6	1681766	0.0000036
all	1664	2	1681766	0.0000012
all	1665	6	1681766	0.0000036
all	1667	7	1681766	0.0000042
all	1668	4	1681766	0.0000024
all	1669	3	1681766	0.0000018
all	1670	2	1681766	0.0000012
all	1671	1	1681766	0.0000006
all	1672	1	1681766	0.0000006
all	1673	3	1681766	0.0000018
all	1674	3	1681766	0.0000018
all	1675	3	1681766	0.0000018
all	1676	5	1681766	0.0000030
all	1677	2	1681766	0.0000012
all	1678	4	1681766	0.0000024
all	1679	2	1681766	0.0000012
all	1680	1	1681766	0.0000006
all	1681	7	1681766	0.0000042
all	1682	3	1681766	0.0000018
all	1683	3	1681766	0.0000018
all	1684	5	1681766	0.0000030
all	1685	8	1681766	0.0000048
all	1686	4	1681766	0.0000024
all	1687	4	1681766	0.0000024
all	1688	2	1681766	0.0000012
all	1689	2	1681766	0.0000012
all	1690	3	1681766	0.0000018
all	1691	2	1681766	0.0000012
all	1692	1	1681766	0.0000006
all	1693	4	1681766	0.0000024
all	1694	5	1681766	0.0000030
all	1695	1	1681766	0.0000006
all	1696	4	1681766	0.0000024
all	1697	10	1681766	0.0000059
all	1698	7	1681766	0.0000042
all	1699	3	1681766	0.0000018
all	1700	5	1681766	0.0000030
all	1701	4	1681766	0.0000024
all	1702	4	1681766	0.0000024
all	1703	10	1681766	0.0000059
all	1704	5	1681766	0.0000030
all	1705	4	1681766	0.0000024
all	1706	5	1681766	0.0000030
all	1707	6	1681766	0.0000036
all	1708	3	1681766	0.0000018
all	1709	2	1681766	0.0000012
all	1710	4	1681766	0.0000024
all	1711	3	1681766	0.0000018
all	1712	11	1681766	0.0000065
all	1713	6	1681766	0.0000036
all	1714	3	1681766	0.0000018
all	1715	2	1681766	0.0000012
all	1716	3	1681766	0.0000018
all	1717	6	1681766	0.0000036
all	1718	2	1681766	0.0000012
all	1719	2	1681766	0.0000012
all	1721	3	1681766	0.0000018
all	1722	6	1681766	0.0000036
all	1723	1	1681766	0.0000006
all	1724	1	1681766	0.0000006
all	1726	1	1681766	0.0000006
all	1728	1	1681766	0.0000006
all	1729	1	1681766	0.0000006
all	1730	5	1681766	0.0000030
all	1731	1	1681766	0.0000006
all	1732	3	1681766	0.0000018
all	1733	6	1681766	0.0000036
all	1734	2	1681766	0.0000012
all	1735	4	1681766	0.0000024
all	1736	7	1681766	0.0000042
all	1739	7	1681766	0.0000042
all	1740	4	1681766	0.0000024
all	1741	2	1681766	0.0000012
all	1742	5	1681766	0.0000030
all	1743	8	1681766	0.0000048
all	1744	5	1681766	0.0000030
all	1745	4	1681766	0.0000024
all	1746	6	1681766	0.0000036
all	1747	11	1681766	0.0000065
all	1748	3	1681766	0.0000018
all	1749	6	1681766	0.0000036
all	1750	8	1681766	0.0000048
all	1751	5	1681766	0.0000030
all	1752	10	1681766	0.0000059
all	1753	26	1681766	0.0000155
all	1754	17	1681766	0.0000101
all	1755	5	1681766	0.0000030
all	1756	5	1681766	0.0000030
all	1757	6	1681766	0.0000036
all	1758	5	1681766	0.0000030
all	1759	1	1681766	0.0000006
all	1760	3	1681766	0.0000018
all	1761	21	1681766	0.0000125
all	1762	4	1681766	0.0000024
all	1763	9	1681766	0.0000054
all	1765	5	1681766	0.0000030
all	1766	2	1681766	0.0000012
all	1767	1	1681766	0.0000006
all	1768	5	1681766	0.0000030
all	1769	1	1681766	0.0000006
all	1770	2	1681766	0.0000012
all	1771	7	1681766	0.0000042
all	1772	1	1681766	0.0000006
all	1773	10	1681766	0.0000059
all	1774	1	1681766	0.0000006
all	1775	6	1681766	0.0000036
all	1776	1	1681766	0.0000006
all	1777	3	1681766	0.0000018
all	1778	2	1681766	0.0000012
all	1779	1	1681766	0.0000006
all	1780	3	1681766	0.0000018
all	1781	4	1681766	0.0000024
all	1782	3	1681766	0.0000018
all	1783	2	1681766	0.0000012
all	1786	2	1681766	0.0000012
all	1787	6	1681766	0.0000036
all	1788	2	1681766	0.0000012
all	1789	1	1681766	0.0000006
all	1790	2	1681766	0.0000012
all	1791	9	1681766	0.0000054
all	1793	2	1681766	0.0000012
all	1794	2	1681766	0.0000012
all	1795	1	1681766	0.0000006
all	1796	3	1681766	0.0000018
all	1797	3	1681766	0.0000018
all	1799	1	1681766	0.0000006
all	1800	2	1681766	0.0000012
all	1801	3	1681766	0.0000018
all	1802	1	1681766	0.0000006
all	1804	1	1681766	0.0000006
all	1805	2	1681766	0.0000012
all	1806	2	1681766	0.0000012
all	1807	3	1681766	0.0000018
all	1808	3	1681766	0.0000018
all	1809	2	1681766	0.0000012
all	1810	2	1681766	0.0000012
all	1811	3	1681766	0.0000018
all	1813	2	1681766	0.0000012
all	1814	1	1681766	0.0000006
all	1815	1	1681766	0.0000006
all	1816	3	1681766	0.0000018
all	1817	2	1681766	0.0000012
all	1818	1	1681766	0.0000006
all	1819	5	1681766	0.0000030
all	1820	2	1681766	0.0000012
all	1822	1	1681766	0.0000006
all	1823	7	1681766	0.0000042
all	1824	1	1681766	0.0000006
all	1825	1	1681766	0.0000006
all	1826	3	1681766	0.0000018
all	1827	1	1681766	0.0000006
all	1829	5	1681766	0.0000030
all	1830	3	1681766	0.0000018
all	1831	5	1681766	0.0000030
all	1832	2	1681766	0.0000012
all	1833	3	1681766	0.0000018
all	1834	1	1681766	0.0000006
all	1836	4	1681766	0.0000024
all	1837	2	1681766	0.0000012
all	1838	4	1681766	0.0000024
all	1839	4	1681766	0.0000024
all	1840	5	1681766	0.0000030
all	1841	1	1681766	0.0000006
all	1842	1	1681766	0.0000006
all	1843	1	1681766	0.0000006
all	1844	2	1681766	0.0000012
all	1845	2	1681766	0.0000012
all	1846	2	1681766	0.0000012
all	1847	3	1681766	0.0000018
all	1849	1	1681766	0.0000006
all	1851	4	1681766	0.0000024
all	1853	3	1681766	0.0000018
all	1854	5	1681766	0.0000030
all	1855	1	1681766	0.0000006
all	1856	5	1681766	0.0000030
all	1857	4	1681766	0.0000024
all	1858	1	1681766	0.0000006
all	1861	3	1681766	0.0000018
all	1863	4	1681766	0.0000024
all	1864	3	1681766	0.0000018
all	1865	3	1681766	0.0000018
all	1866	1	1681766	0.0000006
all	1868	1	1681766	0.0000006
all	1869	2	1681766	0.0000012
all	1870	2	1681766	0.0000012
all	1871	4	1681766	0.0000024
all	1872	4	1681766	0.0000024
all	1873	2	1681766	0.0000012
all	1874	2	1681766	0.0000012
all	1875	6	1681766	0.0000036
all	1876	3	1681766	0.0000018
all	1877	2	1681766	0.0000012
all	1878	5	1681766	0.0000030
all	1879	3	1681766	0.0000018
all	1880	4	1681766	0.0000024
all	1881	2	1681766	0.0000012
all	1882	3	1681766	0.0000018
all	1883	1	1681766	0.0000006
all	1884	3	1681766	0.0000018
all	1886	9	1681766	0.0000054
all	1887	3	1681766	0.0000018
all	1888	7	1681766	0.0000042
all	1890	5	1681766	0.0000030
all	1891	4	1681766	0.0000024
all	1892	2	1681766	0.0000012
all	1893	3	1681766	0.0000018
all	1894	3	1681766	0.0000018
all	1895	3	1681766	0.0000018
all	1896	1	1681766	0.0000006
all	1897	1	1681766	0.0000006
all	1898	3	1681766	0.0000018
all	1901	4	1681766	0.0000024
all	1902	4	1681766	0.0000024
all	1903	3	1681766	0.0000018
all	1904	3	1681766	0.0000018
all	1905	2	1681766	0.0000012
all	1906	4	1681766	0.0000024
all	1907	3	1681766	0.0000018
all	1911	2	1681766	0.0000012
all	1913	2	1681766	0.0000012
all	1914	2	1681766	0.0000012
all	1915	3	1681766	0.0000018
all	1916	2	1681766	0.0000012
all	1918	2	1681766	0.0000012
all	1919	1	1681766	0.0000006
all	1920	2	1681766	0.0000012
all	1921	2	1681766	0.0000012
all	1922	1	1681766	0.0000006
all	1923	2	1681766	0.0000012
all	1924	1	1681766	0.0000006
all	1925	1	1681766	0.0000006
all	1926	6	1681766	0.0000036
all	1927	5	1681766	0.0000030
all	1928	1	1681766	0.0000006
all	1929	3	1681766	0.0000018
all	1930	2	1681766	0.0000012
all	1931	4	1681766	0.0000024
all	1932	5	1681766	0.0000030
all	1933	5	1681766	0.0000030
all	1934	5	1681766	0.0000030
all	1935	3	1681766	0.0000018
all	1937	1	1681766	0.0000006
all	1938	1	1681766	0.0000006
all	1939	6	1681766	0.0000036
all	1940	6	1681766	0.0000036
all	1941	4	1681766	0.0000024
all	1943	1	1681766	0.0000006
all	1944	7	1681766	0.0000042
all	1947	3	1681766	0.0000018
all	1948	7	1681766	0.0000042
all	1949	2	1681766	0.0000012
all	1951	1	1681766	0.0000006
all	1952	1	1681766	0.0000006
all	1954	1	1681766	0.0000006
all	1955	1	1681766	0.0000006
all	1956	1	1681766	0.0000006
all	1957	1	1681766	0.0000006
all	1958	2	1681766	0.0000012
all	1959	4	1681766	0.0000024
all	1960	2	1681766	0.0000012
all	1961	1	1681766	0.0000006
all	1962	4	1681766	0.0000024
all	1963	2	1681766	0.0000012
all	1964	6	1681766	0.0000036
all	1965	3	1681766	0.0000018
all	1966	3	1681766	0.0000018
all	1967	2	1681766	0.0000012
all	1968	2	1681766	0.0000012
all	1969	5	1681766	0.0000030
all	1970	1	1681766	0.0000006
all	1971	1	1681766	0.0000006
all	1972	1	1681766	0.0000006
all	1973	7	1681766	0.0000042
all	1974	1	1681766	0.0000006
all	1975	2	1681766	0.0000012
all	1976	2	1681766	0.0000012
all	1978	3	1681766	0.0000018
all	1979	2	1681766	0.0000012
all	1980	2	1681766	0.0000012
all	1981	3	1681766	0.0000018
all	1982	2	1681766	0.0000012
all	1983	1	1681766	0.0000006
all	1984	2	1681766	0.0000012
all	1985	7	1681766	0.0000042
all	1986	2	1681766	0.0000012
all	1987	1	1681766	0.0000006
all	1988	3	1681766	0.0000018
all	1989	1	1681766	0.0000006
all	1990	2	1681766	0.0000012
all	1991	3	1681766	0.0000018
all	1994	3	1681766	0.0000018
all	1995	2	1681766	0.0000012
all	1996	1	1681766	0.0000006
all	1997	2	1681766	0.0000012
all	1998	2	1681766	0.0000012
all	1999	3	1681766	0.0000018
all	2000	3	1681766	0.0000018
all	2002	3	1681766	0.0000018
all	2003	2	1681766	0.0000012
all	2004	1	1681766	0.0000006
all	2006	2	1681766	0.0000012
all	2007	1	1681766	0.0000006
all	2008	3	1681766	0.0000018
all	2009	2	1681766	0.0000012
all	2011	3	1681766	0.0000018
all	2012	2	1681766	0.0000012
all	2013	3	1681766	0.0000018
all	2015	3	1681766	0.0000018
all	2016	1	1681766	0.0000006
all	2018	1	1681766	0.0000006
all	2019	1	1681766	0.0000006
all	2021	3	1681766	0.0000018
all	2023	3	1681766	0.0000018
all	2024	1	1681766	0.0000006
all	2025	3	1681766	0.0000018
all	2026	7	1681766	0.0000042
all	2027	2	1681766	0.0000012
all	2028	2	1681766	0.0000012
all	2029	2	1681766	0.0000012
all	2030	12	1681766	0.0000071
all	2031	2	1681766	0.0000012
all	2032	3	1681766	0.0000018
all	2033	4	1681766	0.0000024
all	2034	2	1681766	0.0000012
all	2035	4	1681766	0.0000024
all	2036	7	1681766	0.0000042
all	2037	7	1681766	0.0000042
all	2038	5	1681766	0.0000030
all	2039	4	1681766	0.0000024
all	2040	2	1681766	0.0000012
all	2041	4	1681766	0.0000024
all	2042	3	1681766	0.0000018
all	2044	3	1681766	0.0000018
all	2045	2	1681766	0.0000012
all	2046	1	1681766	0.0000006
all	2047	2	1681766	0.0000012
all	2048	1	1681766	0.0000006
all	2049	1	1681766	0.0000006
all	2051	2	1681766	0.0000012
all	2052	5	1681766	0.0000030
all	2054	3	1681766	0.0000018
all	2055	2	1681766	0.0000012
all	2056	1	1681766	0.0000006
all	2058	4	1681766	0.0000024
all	2059	1	1681766	0.0000006
all	2061	1	1681766	0.0000006
all	2062	2	1681766	0.0000012
all	2063	1	1681766	0.0000006
all	2064	2	1681766	0.0000012
all	2065	2	1681766	0.0000012
all	2066	1	1681766	0.0000006
all	2067	5	1681766	0.0000030
all	2068	1	1681766	0.0000006
all	2070	6	1681766	0.0000036
all	2071	1	1681766	0.0000006
all	2072	2	1681766	0.0000012
all	2073	2	1681766	0.0000012
all	2074	2	1681766	0.0000012
all	2075	1	1681766	0.0000006
all	2077	1	1681766	0.0000006
all	2078	2	1681766	0.0000012
all	2079	2	1681766	0.0000012
all	2082	2	1681766	0.0000012
all	2085	1	1681766	0.0000006
all	2086	9	1681766	0.0000054
all	2087	2	1681766	0.0000012
all	2090	1	1681766	0.0000006
all	2091	1	1681766	0.0000006
all	2092	1	1681766	0.0000006
all	2093	2	1681766	0.0000012
all	2094	3	1681766	0.0000018
all	2095	1	1681766	0.0000006
all	2096	1	1681766	0.0000006
all	2097	2	1681766	0.0000012
all	2098	2	1681766	0.0000012
all	2099	6	1681766	0.0000036
all	2100	4	1681766	0.0000024
all	2101	2	1681766	0.0000012
all	2102	1	1681766	0.0000006
all	2103	2	1681766	0.0000012
all	2104	4	1681766	0.0000024
all	2105	1	1681766	0.0000006
all	2106	1	1681766	0.0000006
all	2107	3	1681766	0.0000018
all	2108	3	1681766	0.0000018
all	2109	7	1681766	0.0000042
all	2111	3	1681766	0.0000018
all	2112	1	1681766	0.0000006
all	2113	1	1681766	0.0000006
all	2115	1	1681766	0.0000006
all	2116	4	1681766	0.0000024
all	2117	2	1681766	0.0000012
all	2118	1	1681766	0.0000006
all	2119	13	1681766	0.0000077
all	2120	2	1681766	0.0000012
all	2121	3	1681766	0.0000018
all	2122	1	1681766	0.0000006
all	2123	3	1681766	0.0000018
all	2125	9	1681766	0.0000054
all	2126	3	1681766	0.0000018
all	2127	4	1681766	0.0000024
all	2128	5	1681766	0.0000030
all	2129	7	1681766	0.0000042
all	2130	1	1681766	0.0000006
all	2131	3	1681766	0.0000018
all	2132	8	1681766	0.0000048
all	2133	2	1681766	0.0000012
all	2134	1	1681766	0.0000006
all	2135	1	1681766	0.0000006
all	2136	3	1681766	0.0000018
all	2137	2	1681766	0.0000012
all	2138	2	1681766	0.0000012
all	2139	3	1681766	0.0000018
all	2140	3	1681766	0.0000018
all	2141	6	1681766	0.0000036
all	2143	2	1681766	0.0000012
all	2145	2	1681766	0.0000012
all	2146	1	1681766	0.0000006
all	2148	1	1681766	0.0000006
all	2149	1	1681766	0.0000006
all	2150	8	1681766	0.0000048
all	2151	177	1681766	0.0001052
all	2152	4	1681766	0.0000024
all	2153	1	1681766	0.0000006
all	2154	1	1681766	0.0000006
all	2156	1	1681766	0.0000006
all	2157	2	1681766	0.0000012
all	2160	1	1681766	0.0000006
all	2162	1	1681766	0.0000006
all	2164	2	1681766	0.0000012
all	2165	1	1681766	0.0000006
all	2167	2	1681766	0.0000012
all	2169	2	1681766	0.0000012
all	2170	1	1681766	0.0000006
all	2171	1	1681766	0.0000006
all	2174	2	1681766	0.0000012
all	2175	1	1681766	0.0000006
all	2176	3	1681766	0.0000018
all	2177	3	1681766	0.0000018
all	2178	3	1681766	0.0000018
all	2179	1	1681766	0.0000006
all	2180	1	1681766	0.0000006
all	2181	1	1681766	0.0000006
all	2182	5	1681766	0.0000030
all	2183	1	1681766	0.0000006
all	2184	1	1681766	0.0000006
all	2188	1	1681766	0.0000006
all	2191	2	1681766	0.0000012
all	2193	2	1681766	0.0000012
all	2195	4	1681766	0.0000024
all	2198	1	1681766	0.0000006
all	2199	1	1681766	0.0000006
all	2201	2	1681766	0.0000012
all	2203	2	1681766	0.0000012
all	2204	1	1681766	0.0000006
all	2205	2	1681766	0.0000012
all	2206	2	1681766	0.0000012
all	2207	2	1681766	0.0000012
all	2210	4	1681766	0.0000024
all	2213	1	1681766	0.0000006
all	2215	2	1681766	0.0000012
all	2217	2	1681766	0.0000012
all	2218	1	1681766	0.0000006
all	2220	4	1681766	0.0000024
all	2221	2	1681766	0.0000012
all	2222	1	1681766	0.0000006
all	2223	4	1681766	0.0000024
all	2225	2	1681766	0.0000012
all	2227	2	1681766	0.0000012
all	2230	1	1681766	0.0000006
all	2231	4	1681766	0.0000024
all	2234	3	1681766	0.0000018
all	2235	4	1681766	0.0000024
all	2236	2	1681766	0.0000012
all	2237	5	1681766	0.0000030
all	2238	2	1681766	0.0000012
all	2239	4	1681766	0.0000024
all	2241	3	1681766	0.0000018
all	2242	2	1681766	0.0000012
all	2243	2	1681766	0.0000012
all	2244	4	1681766	0.0000024
all	2246	4	1681766	0.0000024
all	2247	1	1681766	0.0000006
all	2249	2	1681766	0.0000012
all	2250	3	1681766	0.0000018
all	2254	3	1681766	0.0000018
all	2255	5	1681766	0.0000030
all	2256	4	1681766	0.0000024
all	2257	6	1681766	0.0000036
all	2259	2	1681766	0.0000012
all	2262	4	1681766	0.0000024
all	2265	1	1681766	0.0000006
all	2267	1	1681766	0.0000006
all	2268	2	1681766	0.0000012
all	2273	1	1681766	0.0000006
all	2274	1	1681766	0.0000006
all	2278	1	1681766	0.0000006
all	2279	2	1681766	0.0000012
all	2280	5	1681766	0.0000030
all	2282	1	1681766	0.0000006
all	2283	1	1681766	0.0000006
all	2285	2	1681766	0.0000012
all	2286	1	1681766	0.0000006
all	2290	4	1681766	0.0000024
all	2291	1	1681766	0.0000006
all	2293	1	1681766	0.0000006
all	2295	2	1681766	0.0000012
all	2296	3	1681766	0.0000018
all	2297	2	1681766	0.0000012
all	2298	1	1681766	0.0000006
all	2301	1	1681766	0.0000006
all	2303	3	1681766	0.0000018
all	2306	3	1681766	0.0000018
all	2308	3	1681766	0.0000018
all	2311	4	1681766	0.0000024
all	2312	3	1681766	0.0000018
all	2313	2	1681766	0.0000012
all	2314	2	1681766	0.0000012
all	2315	3	1681766	0.0000018
all	2317	2	1681766	0.0000012
all	2319	2	1681766	0.0000012
all	2321	4	1681766	0.0000024
all	2323	3	1681766	0.0000018
all	2325	1	1681766	0.0000006
all	2326	2	1681766	0.0000012
all	2327	1	1681766	0.0000006
all	2328	2	1681766	0.0000012
all	2333	1	1681766	0.0000006
all	2336	5	1681766	0.0000030
all	2338	3	1681766	0.0000018
all	2339	1	1681766	0.0000006
all	2340	1	1681766	0.0000006
all	2344	4	1681766	0.0000024
all	2345	1	1681766	0.0000006
all	2346	2	1681766	0.0000012
all	2348	3	1681766	0.0000018
all	2350	14	1681766	0.0000083
all	2351	15	1681766	0.0000089
all	2352	2	1681766	0.0000012
all	2353	2	1681766	0.0000012
all	2357	2	1681766	0.0000012
all	2361	1	1681766	0.0000006
all	2362	1	1681766	0.0000006
all	2364	1	1681766	0.0000006
all	2367	1	1681766	0.0000006
all	2369	1	1681766	0.0000006
all	2372	4	1681766	0.0000024
all	2377	7	1681766	0.0000042
all	2378	1	1681766	0.0000006
all	2379	2	1681766	0.0000012
all	2380	1	1681766	0.0000006
all	2382	1	1681766	0.0000006
all	2385	1	1681766	0.0000006
all	2387	1	1681766	0.0000006
all	2388	2	1681766	0.0000012
all	2393	1	1681766	0.0000006
all	2394	2	1681766	0.0000012
all	2398	3	1681766	0.0000018
all	2400	1	1681766	0.0000006
all	2401	1	1681766	0.0000006
all	2404	1	1681766	0.0000006
all	2405	1	1681766	0.0000006
all	2406	1	1681766	0.0000006
all	2407	1	1681766	0.0000006
all	2408	1	1681766	0.0000006
all	2410	1	1681766	0.0000006
all	2411	2	1681766	0.0000012
all	2415	2	1681766	0.0000012
all	2416	3	1681766	0.0000018
all	2418	1	1681766	0.0000006
all	2423	1	1681766	0.0000006
all	2424	1	1681766	0.0000006
all	2425	1	1681766	0.0000006
all	2427	2	1681766	0.0000012
all	2428	2	1681766	0.0000012
all	2429	1	1681766	0.0000006
all	2430	2	1681766	0.0000012
all	2431	1	1681766	0.0000006
all	2432	3	1681766	0.0000018
all	2433	1	1681766	0.0000006
all	2436	3	1681766	0.0000018
all	2437	3	1681766	0.0000018
all	2438	1	1681766	0.0000006
all	2439	3	1681766	0.0000018
all	2440	2	1681766	0.0000012
all	2441	2	1681766	0.0000012
all	2442	2	1681766	0.0000012
all	2443	1	1681766	0.0000006
all	2448	1	1681766	0.0000006
all	2449	1	1681766	0.0000006
all	2452	2	1681766	0.0000012
all	2454	2	1681766	0.0000012
all	2455	1	1681766	0.0000006
all	2460	4	1681766	0.0000024
all	2461	2	1681766	0.0000012
all	2464	1	1681766	0.0000006
all	2467	5	1681766	0.0000030
all	2472	4	1681766	0.0000024
all	2475	2	1681766	0.0000012
all	2477	3	1681766	0.0000018
all	2478	3	1681766	0.0000018
all	2480	2	1681766	0.0000012
all	2481	1	1681766	0.0000006
all	2482	2	1681766	0.0000012
all	2483	2	1681766	0.0000012
all	2485	1	1681766	0.0000006
all	2487	1	1681766	0.0000006
all	2488	2	1681766	0.0000012
all	2491	4	1681766	0.0000024
all	2492	1	1681766	0.0000006
all	2495	6	1681766	0.0000036
all	2496	2	1681766	0.0000012
all	2500	1	1681766	0.0000006
all	2501	2	1681766	0.0000012
all	2502	2	1681766	0.0000012
all	2503	4	1681766	0.0000024
all	2504	1	1681766	0.0000006
all	2506	1	1681766	0.0000006
all	2507	1	1681766	0.0000006
all	2508	2	1681766	0.0000012
all	2512	1	1681766	0.0000006
all	2513	3	1681766	0.0000018
all	2514	2	1681766	0.0000012
all	2516	2	1681766	0.0000012
all	2517	2	1681766	0.0000012
all	2521	1	1681766	0.0000006
all	2522	6	1681766	0.0000036
all	2523	1	1681766	0.0000006
all	2524	1	1681766	0.0000006
all	2525	2	1681766	0.0000012
all	2526	1	1681766	0.0000006
all	2528	1	1681766	0.0000006
all	2529	2	1681766	0.0000012
all	2531	2	1681766	0.0000012
all	2532	2	1681766	0.0000012
all	2536	1	1681766	0.0000006
all	2538	1	1681766	0.0000006
all	2539	1	1681766	0.0000006
all	2541	1	1681766	0.0000006
all	2542	1	1681766	0.0000006
all	2544	3	1681766	0.0000018
all	2545	1	1681766	0.0000006
all	2547	3	1681766	0.0000018
all	2548	4	1681766	0.0000024
all	2549	2	1681766	0.0000012
all	2550	2	1681766	0.0000012
all	2552	4	1681766	0.0000024
all	2553	2	1681766	0.0000012
all	2554	1	1681766	0.0000006
all	2555	3	1681766	0.0000018
all	2556	1	1681766	0.0000006
all	2557	2	1681766	0.0000012
all	2558	2	1681766	0.0000012
all	2559	4	1681766	0.0000024
all	2561	2	1681766	0.0000012
all	2562	2	1681766	0.0000012
all	2564	1	1681766	0.0000006
all	2565	6	1681766	0.0000036
all	2566	1	1681766	0.0000006
all	2567	1	1681766	0.0000006
all	2568	1	1681766	0.0000006
all	2571	1	1681766	0.0000006
all	2573	1	1681766	0.0000006
all	2578	1	1681766	0.0000006
all	2579	3	1681766	0.0000018
all	2581	4	1681766	0.0000024
all	2582	1	1681766	0.0000006
all	2583	2	1681766	0.0000012
all	2585	2	1681766	0.0000012
all	2590	2	1681766	0.0000012
all	2591	1	1681766	0.0000006
all	2593	1	1681766	0.0000006
all	2594	5	1681766	0.0000030
all	2595	4	1681766	0.0000024
all	2596	2	1681766	0.0000012
all	2600	1	1681766	0.0000006
all	2601	1	1681766	0.0000006
all	2602	2	1681766	0.0000012
all	2603	5	1681766	0.0000030
all	2604	2	1681766	0.0000012
all	2605	2	1681766	0.0000012
all	2606	1	1681766	0.0000006
all	2607	1	1681766	0.0000006
all	2609	3	1681766	0.0000018
all	2610	2	1681766	0.0000012
all	2611	3	1681766	0.0000018
all	2612	3	1681766	0.0000018
all	2613	2	1681766	0.0000012
all	2616	2	1681766	0.0000012
all	2617	1	1681766	0.0000006
all	2619	4	1681766	0.0000024
all	2621	3	1681766	0.0000018
all	2622	1	1681766	0.0000006
all	2623	2	1681766	0.0000012
all	2627	1	1681766	0.0000006
all	2628	1	1681766	0.0000006
all	2629	6	1681766	0.0000036
all	2630	2	1681766	0.0000012
all	2631	2	1681766	0.0000012
all	2632	1	1681766	0.0000006
all	2634	4	1681766	0.0000024
all	2636	2	1681766	0.0000012
all	2637	1	1681766	0.0000006
all	2640	1	1681766	0.0000006
all	2641	2	1681766	0.0000012
all	2642	1	1681766	0.0000006
all	2643	1	1681766	0.0000006
all	2646	2	1681766	0.0000012
all	2648	2	1681766	0.0000012
all	2652	1	1681766	0.0000006
all	2653	1	1681766	0.0000006
all	2654	1	1681766	0.0000006
all	2657	1	1681766	0.0000006
all	2658	1	1681766	0.0000006
all	2660	2	1681766	0.0000012
all	2661	2	1681766	0.0000012
all	2663	2	1681766	0.0000012
all	2665	1	1681766	0.0000006
all	2668	2	1681766	0.0000012
all	2669	4	1681766	0.0000024
all	2670	2	1681766	0.0000012
all	2671	3	1681766	0.0000018
all	2674	1	1681766	0.0000006
all	2678	1	1681766	0.0000006
all	2680	2	1681766	0.0000012
all	2682	1	1681766	0.0000006
all	2683	2	1681766	0.0000012
all	2684	1	1681766	0.0000006
all	2685	2	1681766	0.0000012
all	2687	1	1681766	0.0000006
all	2688	1	1681766	0.0000006
all	2690	1	1681766	0.0000006
all	2692	1	1681766	0.0000006
all	2693	1	1681766	0.0000006
all	2694	1	1681766	0.0000006
all	2695	1	1681766	0.0000006
all	2699	3	1681766	0.0000018
all	2700	1	1681766	0.0000006
all	2702	2	1681766	0.0000012
all	2705	1	1681766	0.0000006
all	2706	2	1681766	0.0000012
all	2708	2	1681766	0.0000012
all	2710	3	1681766	0.0000018
all	2711	2	1681766	0.0000012
all	2712	2	1681766	0.0000012
all	2713	1	1681766	0.0000006
all	2714	3	1681766	0.0000018
all	2716	3	1681766	0.0000018
all	2717	2	1681766	0.0000012
all	2719	4	1681766	0.0000024
all	2720	2	1681766	0.0000012
all	2721	2	1681766	0.0000012
all	2722	1	1681766	0.0000006
all	2723	1	1681766	0.0000006
all	2724	2	1681766	0.0000012
all	2727	4	1681766	0.0000024
all	2731	6	1681766	0.0000036
all	2732	1	1681766	0.0000006
all	2733	1	1681766	0.0000006
all	2734	1	1681766	0.0000006
all	2735	2	1681766	0.0000012
all	2738	1	1681766	0.0000006
all	2740	1	1681766	0.0000006
all	2741	4	1681766	0.0000024
all	2743	1	1681766	0.0000006
all	2744	5	1681766	0.0000030
all	2745	3	1681766	0.0000018
all	2746	3	1681766	0.0000018
all	2747	2	1681766	0.0000012
all	2749	2	1681766	0.0000012
all	2750	4	1681766	0.0000024
all	2751	1	1681766	0.0000006
all	2752	1	1681766	0.0000006
all	2753	4	1681766	0.0000024
all	2754	2	1681766	0.0000012
all	2755	1	1681766	0.0000006
all	2756	1	1681766	0.0000006
all	2759	4	1681766	0.0000024
all	2761	1	1681766	0.0000006
all	2763	2	1681766	0.0000012
all	2765	1	1681766	0.0000006
all	2767	1	1681766	0.0000006
all	2770	1	1681766	0.0000006
all	2771	4	1681766	0.0000024
all	2773	2	1681766	0.0000012
all	2774	2	1681766	0.0000012
all	2776	4	1681766	0.0000024
all	2778	3	1681766	0.0000018
all	2779	2	1681766	0.0000012
all	2780	4	1681766	0.0000024
all	2782	1	1681766	0.0000006
all	2786	1	1681766	0.0000006
all	2789	4	1681766	0.0000024
all	2790	7	1681766	0.0000042
all	2791	7	1681766	0.0000042
all	2793	4	1681766	0.0000024
all	2794	18	1681766	0.0000107
all	2795	6	1681766	0.0000036
all	2796	2	1681766	0.0000012
all	2798	1	1681766	0.0000006
all	2801	1	1681766	0.0000006
all	2802	1	1681766	0.0000006
all	2804	1	1681766	0.0000006
all	2805	1	1681766	0.0000006
all	2806	1	1681766	0.0000006
all	2810	1	1681766	0.0000006
all	2812	1	1681766	0.0000006
all	2814	1	1681766	0.0000006
all	2816	2	1681766	0.0000012
all	2819	3	1681766	0.0000018
all	2820	1	1681766	0.0000006
all	2823	1	1681766	0.0000006
all	2825	1	1681766	0.0000006
all	2826	1	1681766	0.0000006
all	2832	5	1681766	0.0000030
all	2833	2	1681766	0.0000012
all	2838	3	1681766	0.0000018
all	2840	5	1681766	0.0000030
all	2842	2	1681766	0.0000012
all	2843	2	1681766	0.0000012
all	2844	2	1681766	0.0000012
all	2845	2	1681766	0.0000012
all	2847	1	1681766	0.0000006
all	2848	5	1681766	0.0000030
all	2849	5	1681766	0.0000030
all	2850	3	1681766	0.0000018
all	2852	1	1681766	0.0000006
all	2854	2	1681766	0.0000012
all	2856	1	1681766	0.0000006
all	2857	1	1681766	0.0000006
all	2858	1	1681766	0.0000006
all	2859	3	1681766	0.0000018
all	2860	2	1681766	0.0000012
all	2863	3	1681766	0.0000018
all	2870	3	1681766	0.0000018
all	2871	5	1681766	0.0000030
all	2874	1	1681766	0.0000006
all	2876	2	1681766	0.0000012
all	2878	4	1681766	0.0000024
all	2879	1	1681766	0.0000006
all	2881	2	1681766	0.0000012
all	2882	1	1681766	0.0000006
all	2884	2	1681766	0.0000012
all	2885	2	1681766	0.0000012
all	2886	3	1681766	0.0000018
all	2887	2	1681766	0.0000012
all	2889	3	1681766	0.0000018
all	2890	1	1681766	0.0000006
all	2891	3	1681766	0.0000018
all	2892	4	1681766	0.0000024
all	2893	2	1681766	0.0000012
all	2894	1	1681766	0.0000006
all	2895	3	1681766	0.0000018
all	2898	1	1681766	0.0000006
all	2902	1	1681766	0.0000006
all	2904	1	1681766	0.0000006
all	2905	3	1681766	0.0000018
all	2906	1	1681766	0.0000006
all	2907	2	1681766	0.0000012
all	2910	1	1681766	0.0000006
all	2915	1	1681766	0.0000006
all	2916	3	1681766	0.0000018
all	2918	2	1681766	0.0000012
all	2920	3	1681766	0.0000018
all	2921	1	1681766	0.0000006
all	2922	2	1681766	0.0000012
all	2923	2	1681766	0.0000012
all	2924	2	1681766	0.0000012
all	2925	2	1681766	0.0000012
all	2926	2	1681766	0.0000012
all	2927	6	1681766	0.0000036
all	2928	1	1681766	0.0000006
all	2929	2	1681766	0.0000012
all	2930	3	1681766	0.0000018
all	2933	1	1681766	0.0000006
all	2934	3	1681766	0.0000018
all	2935	2	1681766	0.0000012
all	2936	2	1681766	0.0000012
all	2937	1	1681766	0.0000006
all	2938	1	1681766	0.0000006
all	2940	1	1681766	0.0000006
all	2941	4	1681766	0.0000024
all	2942	3	1681766	0.0000018
all	2944	3	1681766	0.0000018
all	2945	1	1681766	0.0000006
all	2946	1	1681766	0.0000006
all	2947	3	1681766	0.0000018
all	2948	2	1681766	0.0000012
all	2949	1	1681766	0.0000006
all	2950	1	1681766	0.0000006
all	2951	4	1681766	0.0000024
all	2952	4	1681766	0.0000024
all	2953	4	1681766	0.0000024
all	2954	1	1681766	0.0000006
all	2955	2	1681766	0.0000012
all	2956	3	1681766	0.0000018
all	2957	1	1681766	0.0000006
all	2958	2	1681766	0.0000012
all	2959	1	1681766	0.0000006
all	2961	5	1681766	0.0000030
all	2962	4	1681766	0.0000024
all	2963	2	1681766	0.0000012
all	2964	3	1681766	0.0000018
all	2965	1	1681766	0.0000006
all	2966	2	1681766	0.0000012
all	2967	1	1681766	0.0000006
all	2968	1	1681766	0.0000006
all	2969	6	1681766	0.0000036
all	2971	2	1681766	0.0000012
all	2972	2	1681766	0.0000012
all	2973	1	1681766	0.0000006
all	2974	1	1681766	0.0000006
all	2975	2	1681766	0.0000012
all	2976	2	1681766	0.0000012
all	2979	1	1681766	0.0000006
all	2982	1	1681766	0.0000006
all	2983	5	1681766	0.0000030
all	2984	2	1681766	0.0000012
all	2986	1	1681766	0.0000006
all	2988	1	1681766	0.0000006
all	2991	1	1681766	0.0000006
all	2993	3	1681766	0.0000018
all	2997	1	1681766	0.0000006
all	3000	1	1681766	0.0000006
all	3001	1	1681766	0.0000006
all	3003	1	1681766	0.0000006
all	3007	1	1681766	0.0000006
all	3010	1	1681766	0.0000006
all	3013	1	1681766	0.0000006
all	3014	1	1681766	0.0000006
all	3018	1	1681766	0.0000006
all	3019	1	1681766	0.0000006
all	3023	1	1681766	0.0000006
all	3024	1	1681766	0.0000006
all	3028	2	1681766	0.0000012
all	3030	1	1681766	0.0000006
all	3031	1	1681766	0.0000006
all	3034	1	1681766	0.0000006
all	3036	1	1681766	0.0000006
all	3040	1	1681766	0.0000006
all	3041	1	1681766	0.0000006
all	3043	2	1681766	0.0000012
all	3044	1	1681766	0.0000006
all	3046	3	1681766	0.0000018
all	3051	4	1681766	0.0000024
all	3052	1	1681766	0.0000006
all	3053	1	1681766	0.0000006
all	3054	1	1681766	0.0000006
all	3055	1	1681766	0.0000006
all	3057	1	1681766	0.0000006
all	3061	1	1681766	0.0000006
all	3065	1	1681766	0.0000006
all	3067	1	1681766	0.0000006
all	3068	2	1681766	0.0000012
all	3069	1	1681766	0.0000006
all	3073	1	1681766	0.0000006
all	3075	3	1681766	0.0000018
all	3077	1	1681766	0.0000006
all	3079	2	1681766	0.0000012
all	3080	1	1681766	0.0000006
all	3083	2	1681766	0.0000012
all	3084	1	1681766	0.0000006
all	3085	2	1681766	0.0000012
all	3087	2	1681766	0.0000012
all	3088	1	1681766	0.0000006
all	3092	1	1681766	0.0000006
all	3093	1	1681766	0.0000006
all	3095	1	1681766	0.0000006
all	3096	1	1681766	0.0000006
all	3098	1	1681766	0.0000006
all	3101	1	1681766	0.0000006
all	3102	1	1681766	0.0000006
all	3108	1	1681766	0.0000006
all	3110	2	1681766	0.0000012
all	3113	1	1681766	0.0000006
all	3114	1	1681766	0.0000006
all	3116	1	1681766	0.0000006
all	3118	1	1681766	0.0000006
all	3119	1	1681766	0.0000006
all	3124	2	1681766	0.0000012
all	3130	3	1681766	0.0000018
all	3134	2	1681766	0.0000012
all	3139	1	1681766	0.0000006
all	3140	1	1681766	0.0000006
all	3144	1	1681766	0.0000006
all	3146	3	1681766	0.0000018
all	3147	1	1681766	0.0000006
all	3151	2	1681766	0.0000012
all	3155	1	1681766	0.0000006
all	3158	1	1681766	0.0000006
all	3162	4	1681766	0.0000024
all	3171	1	1681766	0.0000006
all	3173	3	1681766	0.0000018
all	3175	1	1681766	0.0000006
all	3178	3	1681766	0.0000018
all	3186	2	1681766	0.0000012
all	3191	2	1681766	0.0000012
all	3192	1	1681766	0.0000006
all	3195	1	1681766	0.0000006
all	3198	1	1681766	0.0000006
all	3203	1	1681766	0.0000006
all	3204	1	1681766	0.0000006
all	3205	1	1681766	0.0000006
all	3210	1	1681766	0.0000006
all	3211	1	1681766	0.0000006
all	3216	3	1681766	0.0000018
all	3218	1	1681766	0.0000006
all	3221	1	1681766	0.0000006
all	3222	1	1681766	0.0000006
all	3229	2	1681766	0.0000012
all	3231	1	1681766	0.0000006
all	3232	2	1681766	0.0000012
all	3236	1	1681766	0.0000006
all	3239	1	1681766	0.0000006
all	3243	4	1681766	0.0000024
all	3253	1	1681766	0.0000006
all	3254	1	1681766	0.0000006
all	3257	1	1681766	0.0000006
all	3259	2	1681766	0.0000012
all	3260	2	1681766	0.0000012
all	3268	2	1681766	0.0000012
all	3276	1	1681766	0.0000006
all	3277	1	1681766	0.0000006
all	3281	1	1681766	0.0000006
all	3285	2	1681766	0.0000012
all	3286	2	1681766	0.0000012
all	3297	2	1681766	0.0000012
all	3302	5	1681766	0.0000030
all	3310	2	1681766	0.0000012
all	3312	2	1681766	0.0000012
all	3313	1	1681766	0.0000006
all	3317	1	1681766	0.0000006
all	3323	2	1681766	0.0000012
all	3326	1	1681766	0.0000006
all	3336	1	1681766	0.0000006
all	3337	1	1681766	0.0000006
all	3345	1	1681766	0.0000006
all	3347	1	1681766	0.0000006
all	3348	2	1681766	0.0000012
all	3351	2	1681766	0.0000012
all	3353	1	1681766	0.0000006
all	3357	2	1681766	0.0000012
all	3360	1	1681766	0.0000006
all	3372	1	1681766	0.0000006
all	3373	1	1681766	0.0000006
all	3375	1	1681766	0.0000006
all	3376	2	1681766	0.0000012
all	3379	1	1681766	0.0000006
all	3384	2	1681766	0.0000012
all	3388	1	1681766	0.0000006
all	3392	1	1681766	0.0000006
all	3393	2	1681766	0.0000012
all	3395	3	1681766	0.0000018
all	3400	1	1681766	0.0000006
all	3415	2	1681766	0.0000012
all	3420	1	1681766	0.0000006
all	3424	2	1681766	0.0000012
all	3430	1	1681766	0.0000006
all	3436	2	1681766	0.0000012
all	3438	2	1681766	0.0000012
all	3440	1	1681766	0.0000006
all	3445	1	1681766	0.0000006
all	3447	1	1681766	0.0000006
all	3448	2	1681766	0.0000012
all	3449	1	1681766	0.0000006
all	3451	2	1681766	0.0000012
all	3454	1	1681766	0.0000006
all	3455	1	1681766	0.0000006
all	3457	2	1681766	0.0000012
all	3458	1	1681766	0.0000006
all	3464	1	1681766	0.0000006
all	3467	2	1681766	0.0000012
all	3468	1	1681766	0.0000006
all	3470	2	1681766	0.0000012
all	3471	1	1681766	0.0000006
all	3472	2	1681766	0.0000012
all	3475	2	1681766	0.0000012
all	3482	2	1681766	0.0000012
all	3487	1	1681766	0.0000006
all	3489	3	1681766	0.0000018
all	3492	1	1681766	0.0000006
all	3493	4	1681766	0.0000024
all	3494	1	1681766	0.0000006
all	3495	2	1681766	0.0000012
all	3498	2	1681766	0.0000012
all	3500	1	1681766	0.0000006
all	3502	1	1681766	0.0000006
all	3508	1	1681766	0.0000006
all	3510	1	1681766	0.0000006
all	3515	1	1681766	0.0000006
all	3517	2	1681766	0.0000012
all	3518	1	1681766	0.0000006
all	3522	2	1681766	0.0000012
all	3523	1	1681766	0.0000006
all	3529	1	1681766	0.0000006
all	3530	1	1681766	0.0000006
all	3532	1	1681766	0.0000006
all	3533	1	1681766	0.0000006
all	3534	1	1681766	0.0000006
all	3536	1	1681766	0.0000006
all	3538	4	1681766	0.0000024
all	3542	1	1681766	0.0000006
all	3545	2	1681766	0.0000012
all	3547	2	1681766	0.0000012
all	3548	1	1681766	0.0000006
all	3549	2	1681766	0.0000012
all	3556	1	1681766	0.0000006
all	3557	1	1681766	0.0000006
all	3561	2	1681766	0.0000012
all	3567	2	1681766	0.0000012
all	3568	1	1681766	0.0000006
all	3570	2	1681766	0.0000012
all	3575	1	1681766	0.0000006
all	3576	2	1681766	0.0000012
all	3578	1	1681766	0.0000006
all	3580	2	1681766	0.0000012
all	3582	1	1681766	0.0000006
all	3583	1	1681766	0.0000006
all	3587	2	1681766	0.0000012
all	3590	1	1681766	0.0000006
all	3591	2	1681766	0.0000012
all	3592	1	1681766	0.0000006
all	3594	1	1681766	0.0000006
all	3595	4	1681766	0.0000024
all	3596	2	1681766	0.0000012
all	3597	1	1681766	0.0000006
all	3598	1	1681766	0.0000006
all	3605	1	1681766	0.0000006
all	3611	3	1681766	0.0000018
all	3613	1	1681766	0.0000006
all	3615	2	1681766	0.0000012
all	3617	2	1681766	0.0000012
all	3622	1	1681766	0.0000006
all	3623	1	1681766	0.0000006
all	3626	3	1681766	0.0000018
all	3627	1	1681766	0.0000006
all	3629	1	1681766	0.0000006
all	3631	2	1681766	0.0000012
all	3633	1	1681766	0.0000006
all	3637	3	1681766	0.0000018
all	3641	2	1681766	0.0000012
all	3642	1	1681766	0.0000006
all	3644	1	1681766	0.0000006
all	3646	1	1681766	0.0000006
all	3647	1	1681766	0.0000006
all	3648	1	1681766	0.0000006
all	3650	1	1681766	0.0000006
all	3651	3	1681766	0.0000018
all	3654	1	1681766	0.0000006
all	3662	1	1681766	0.0000006
all	3665	1	1681766	0.0000006
all	3667	2	1681766	0.0000012
all	3670	2	1681766	0.0000012
all	3671	1	1681766	0.0000006
all	3672	2	1681766	0.0000012
all	3674	1	1681766	0.0000006
all	3678	1	1681766	0.0000006
all	3680	1	1681766	0.0000006
all	3686	1	1681766	0.0000006
all	3688	1	1681766	0.0000006
all	3691	1	1681766	0.0000006
all	3692	1	1681766	0.0000006
all	3695	3	1681766	0.0000018
all	3698	1	1681766	0.0000006
all	3700	1	1681766	0.0000006
all	3708	1	1681766	0.0000006
all	3710	1	1681766	0.0000006
all	3711	2	1681766	0.0000012
all	3713	1	1681766	0.0000006
all	3718	1	1681766	0.0000006
all	3719	1	1681766	0.0000006
all	3720	1	1681766	0.0000006
all	3721	1	1681766	0.0000006
all	3722	1	1681766	0.0000006
all	3723	2	1681766	0.0000012
all	3724	2	1681766	0.0000012
all	3727	1	1681766	0.0000006
all	3730	4	1681766	0.0000024
all	3739	1	1681766	0.0000006
all	3740	4	1681766	0.0000024
all	3743	1	1681766	0.0000006
all	3748	1	1681766	0.0000006
all	3750	1	1681766	0.0000006
all	3751	2	1681766	0.0000012
all	3752	1	1681766	0.0000006
all	3753	1	1681766	0.0000006
all	3754	2	1681766	0.0000012
all	3755	1	1681766	0.0000006
all	3756	1	1681766	0.0000006
all	3757	3	1681766	0.0000018
all	3760	1	1681766	0.0000006
all	3761	2	1681766	0.0000012
all	3764	2	1681766	0.0000012
all	3766	2	1681766	0.0000012
all	3769	2	1681766	0.0000012
all	3771	4	1681766	0.0000024
all	3774	2	1681766	0.0000012
all	3775	1	1681766	0.0000006
all	3778	1	1681766	0.0000006
all	3781	1	1681766	0.0000006
all	3783	1	1681766	0.0000006
all	3785	1	1681766	0.0000006
all	3786	2	1681766	0.0000012
all	3788	1	1681766	0.0000006
all	3789	1	1681766	0.0000006
all	3792	1	1681766	0.0000006
all	3793	2	1681766	0.0000012
all	3794	1	1681766	0.0000006
all	3798	1	1681766	0.0000006
all	3799	1	1681766	0.0000006
all	3802	1	1681766	0.0000006
all	3804	2	1681766	0.0000012
all	3806	1	1681766	0.0000006
all	3807	1	1681766	0.0000006
all	3808	3	1681766	0.0000018
all	3812	1	1681766	0.0000006
all	3814	1	1681766	0.0000006
all	3822	2	1681766	0.0000012
all	3823	1	1681766	0.0000006
all	3825	1	1681766	0.0000006
all	3827	1	1681766	0.0000006
all	3828	1	1681766	0.0000006
all	3830	1	1681766	0.0000006
all	3834	1	1681766	0.0000006
all	3835	2	1681766	0.0000012
all	3836	1	1681766	0.0000006
all	3837	1	1681766	0.0000006
all	3838	1	1681766	0.0000006
all	3840	3	1681766	0.0000018
all	3844	2	1681766	0.0000012
all	3846	1	1681766	0.0000006
all	3849	3	1681766	0.0000018
all	3856	2	1681766	0.0000012
all	3857	1	1681766	0.0000006
all	3859	3	1681766	0.0000018
all	3863	2	1681766	0.0000012
all	3864	2	1681766	0.0000012
all	3865	1	1681766	0.0000006
all	3867	1	1681766	0.0000006
all	3872	1	1681766	0.0000006
all	3874	1	1681766	0.0000006
all	3875	1	1681766	0.0000006
all	3877	1	1681766	0.0000006
all	3879	1	1681766	0.0000006
all	3881	1	1681766	0.0000006
all	3883	1	1681766	0.0000006
all	3884	1	1681766	0.0000006
all	3887	1	1681766	0.0000006
all	3888	1	1681766	0.0000006
all	3889	2	1681766	0.0000012
all	3891	1	1681766	0.0000006
all	3892	2	1681766	0.0000012
all	3893	1	1681766	0.0000006
all	3894	2	1681766	0.0000012
all	3896	5	1681766	0.0000030
all	3897	1	1681766	0.0000006
all	3899	1	1681766	0.0000006
all	3900	1	1681766	0.0000006
all	3902	1	1681766	0.0000006
all	3906	1	1681766	0.0000006
all	3907	1	1681766	0.0000006
all	3908	4	1681766	0.0000024
all	3911	1	1681766	0.0000006
all	3912	2	1681766	0.0000012
all	3913	1	1681766	0.0000006
all	3914	1	1681766	0.0000006
all	3915	1	1681766	0.0000006
all	3916	2	1681766	0.0000012
all	3917	1	1681766	0.0000006
all	3919	1	1681766	0.0000006
all	3920	1	1681766	0.0000006
all	3923	1	1681766	0.0000006
all	3924	2	1681766	0.0000012
all	3925	2	1681766	0.0000012
all	3926	3	1681766	0.0000018
all	3927	1	1681766	0.0000006
all	3928	1	1681766	0.0000006
all	3929	2	1681766	0.0000012
all	3930	2	1681766	0.0000012
all	3932	2	1681766	0.0000012
all	3936	2	1681766	0.0000012
all	3938	1	1681766	0.0000006
all	3939	1	1681766	0.0000006
all	3945	1	1681766	0.0000006
all	3946	1	1681766	0.0000006
all	3947	1	1681766	0.0000006
all	3949	3	1681766	0.0000018
all	3951	1	1681766	0.0000006
all	3954	1	1681766	0.0000006
all	3955	1	1681766	0.0000006
all	3956	1	1681766	0.0000006
all	3960	1	1681766	0.0000006
all	3966	1	1681766	0.0000006
all	3968	4	1681766	0.0000024
all	3969	1	1681766	0.0000006
all	3970	4	1681766	0.0000024
all	3972	1	1681766	0.0000006
all	3973	1	1681766	0.0000006
all	3975	4	1681766	0.0000024
all	3977	1	1681766	0.0000006
all	3978	1	1681766	0.0000006
all	3979	1	1681766	0.0000006
all	3984	2	1681766	0.0000012
all	3985	1	1681766	0.0000006
all	3986	1	1681766	0.0000006
all	3987	2	1681766	0.0000012
all	3994	2	1681766	0.0000012
all	3995	2	1681766	0.0000012
all	3996	1	1681766	0.0000006
all	3997	1	1681766	0.0000006
all	3999	1	1681766	0.0000006
all	4002	1	1681766	0.0000006
all	4005	3	1681766	0.0000018
all	4008	1	1681766	0.0000006
all	4009	1	1681766	0.0000006
all	4011	1	1681766	0.0000006
all	4012	2	1681766	0.0000012
all	4013	2	1681766	0.0000012
all	4016	1	1681766	0.0000006
all	4018	1	1681766	0.0000006
all	4022	2	1681766	0.0000012
all	4023	1	1681766	0.0000006
all	4024	2	1681766	0.0000012
all	4025	1	1681766	0.0000006
all	4026	1	1681766	0.0000006
all	4029	1	1681766	0.0000006
all	4030	1	1681766	0.0000006
all	4031	1	1681766	0.0000006
all	4034	4	1681766	0.0000024
all	4038	1	1681766	0.0000006
all	4041	1	1681766	0.0000006
all	4042	1	1681766	0.0000006
all	4045	1	1681766	0.0000006
all	4046	1	1681766	0.0000006
all	4047	3	1681766	0.0000018
all	4048	1	1681766	0.0000006
all	4050	1	1681766	0.0000006
all	4051	1	1681766	0.0000006
all	4052	1	1681766	0.0000006
all	4054	3	1681766	0.0000018
all	4056	1	1681766	0.0000006
all	4060	1	1681766	0.0000006
all	4061	1	1681766	0.0000006
all	4063	3	1681766	0.0000018
all	4064	2	1681766	0.0000012
all	4066	1	1681766	0.0000006
all	4069	2	1681766	0.0000012
all	4070	1	1681766	0.0000006
all	4072	2	1681766	0.0000012
all	4073	1	1681766	0.0000006
all	4075	1	1681766	0.0000006
all	4077	1	1681766	0.0000006
all	4078	1	1681766	0.0000006
all	4079	1	1681766	0.0000006
all	4083	1	1681766	0.0000006
all	4088	1	1681766	0.0000006
all	4089	2	1681766	0.0000012
all	4090	2	1681766	0.0000012
all	4092	5	1681766	0.0000030
all	4094	2	1681766	0.0000012
all	4095	1	1681766	0.0000006
all	4096	1	1681766	0.0000006
all	4097	1	1681766	0.0000006
all	4099	1	1681766	0.0000006
all	4100	2	1681766	0.0000012
all	4103	1	1681766	0.0000006
all	4104	1	1681766	0.0000006
all	4105	2	1681766	0.0000012
all	4107	1	1681766	0.0000006
all	4109	3	1681766	0.0000018
all	4110	2	1681766	0.0000012
all	4112	1	1681766	0.0000006
all	4114	2	1681766	0.0000012
all	4115	1	1681766	0.0000006
all	4116	1	1681766	0.0000006
all	4117	1	1681766	0.0000006
all	4118	1	1681766	0.0000006
all	4120	3	1681766	0.0000018
all	4121	2	1681766	0.0000012
all	4122	1	1681766	0.0000006
all	4127	1	1681766	0.0000006
all	4128	3	1681766	0.0000018
all	4129	1	1681766	0.0000006
all	4131	1	1681766	0.0000006
all	4133	1	1681766	0.0000006
all	4134	1	1681766	0.0000006
all	4135	1	1681766	0.0000006
all	4140	1	1681766	0.0000006
all	4142	1	1681766	0.0000006
all	4143	1	1681766	0.0000006
all	4145	2	1681766	0.0000012
all	4146	1	1681766	0.0000006
all	4149	1	1681766	0.0000006
all	4150	1	1681766	0.0000006
all	4153	1	1681766	0.0000006
all	4156	5	1681766	0.0000030
all	4157	1	1681766	0.0000006
all	4159	1	1681766	0.0000006
all	4166	1	1681766	0.0000006
all	4167	3	1681766	0.0000018
all	4168	1	1681766	0.0000006
all	4169	1	1681766	0.0000006
all	4170	1	1681766	0.0000006
all	4173	1	1681766	0.0000006
all	4174	1	1681766	0.0000006
all	4175	1	1681766	0.0000006
all	4179	2	1681766	0.0000012
all	4187	3	1681766	0.0000018
all	4188	1	1681766	0.0000006
all	4193	1	1681766	0.0000006
all	4197	2	1681766	0.0000012
all	4205	1	1681766	0.0000006
all	4207	1	1681766	0.0000006
all	4208	2	1681766	0.0000012
all	4209	2	1681766	0.0000012
all	4211	2	1681766	0.0000012
all	4213	1	1681766	0.0000006
all	4216	2	1681766	0.0000012
all	4217	1	1681766	0.0000006
all	4223	1	1681766	0.0000006
all	4224	1	1681766	0.0000006
all	4226	1	1681766	0.0000006
all	4228	2	1681766	0.0000012
all	4233	4	1681766	0.0000024
all	4236	1	1681766	0.0000006
all	4238	2	1681766	0.0000012
all	4239	1	1681766	0.0000006
all	4240	1	1681766	0.0000006
all	4243	1	1681766	0.0000006
all	4244	1	1681766	0.0000006
all	4248	2	1681766	0.0000012
all	4250	1	1681766	0.0000006
all	4252	1	1681766	0.0000006
all	4255	1	1681766	0.0000006
all	4256	4	1681766	0.0000024
all	4259	2	1681766	0.0000012
all	4260	2	1681766	0.0000012
all	4262	1	1681766	0.0000006
all	4263	1	1681766	0.0000006
all	4264	1	1681766	0.0000006
all	4268	2	1681766	0.0000012
all	4274	2	1681766	0.0000012
all	4277	4	1681766	0.0000024
all	4278	1	1681766	0.0000006
all	4279	3	1681766	0.0000018
all	4281	1	1681766	0.0000006
all	4284	3	1681766	0.0000018
all	4285	1	1681766	0.0000006
all	4286	1	1681766	0.0000006
all	4287	2	1681766	0.0000012
all	4289	1	1681766	0.0000006
all	4291	2	1681766	0.0000012
all	4292	1	1681766	0.0000006
all	4294	1	1681766	0.0000006
all	4295	2	1681766	0.0000012
all	4298	1	1681766	0.0000006
all	4300	1	1681766	0.0000006
all	4301	1	1681766	0.0000006
all	4302	2	1681766	0.0000012
all	4303	2	1681766	0.0000012
all	4304	1	1681766	0.0000006
all	4306	2	1681766	0.0000012
all	4310	2	1681766	0.0000012
all	4312	3	1681766	0.0000018
all	4313	1	1681766	0.0000006
all	4314	2	1681766	0.0000012
all	4317	1	1681766	0.0000006
all	4318	2	1681766	0.0000012
all	4321	3	1681766	0.0000018
all	4326	2	1681766	0.0000012
all	4328	2	1681766	0.0000012
all	4329	1	1681766	0.0000006
all	4331	2	1681766	0.0000012
all	4333	2	1681766	0.0000012
all	4334	1	1681766	0.0000006
all	4335	1	1681766	0.0000006
all	4337	1	1681766	0.0000006
all	4339	2	1681766	0.0000012
all	4343	2	1681766	0.0000012
all	4344	1	1681766	0.0000006
all	4345	1	1681766	0.0000006
all	4346	1	1681766	0.0000006
all	4347	1	1681766	0.0000006
all	4350	1	1681766	0.0000006
all	4351	2	1681766	0.0000012
all	4353	2	1681766	0.0000012
all	4356	3	1681766	0.0000018
all	4359	4	1681766	0.0000024
all	4360	3	1681766	0.0000018
all	4361	1	1681766	0.0000006
all	4365	3	1681766	0.0000018
all	4366	1	1681766	0.0000006
all	4367	4	1681766	0.0000024
all	4368	1	1681766	0.0000006
all	4372	1	1681766	0.0000006
all	4373	1	1681766	0.0000006
all	4374	2	1681766	0.0000012
all	4375	1	1681766	0.0000006
all	4376	1	1681766	0.0000006
all	4377	1	1681766	0.0000006
all	4379	3	1681766	0.0000018
all	4381	2	1681766	0.0000012
all	4382	1	1681766	0.0000006
all	4384	1	1681766	0.0000006
all	4385	3	1681766	0.0000018
all	4386	2	1681766	0.0000012
all	4387	1	1681766	0.0000006
all	4390	1	1681766	0.0000006
all	4391	1	1681766	0.0000006
all	4392	2	1681766	0.0000012
all	4393	2	1681766	0.0000012
all	4395	2	1681766	0.0000012
all	4396	1	1681766	0.0000006
all	4397	1	1681766	0.0000006
all	4398	2	1681766	0.0000012
all	4399	2	1681766	0.0000012
all	4400	2	1681766	0.0000012
all	4402	1	1681766	0.0000006
all	4405	2	1681766	0.0000012
all	4406	3	1681766	0.0000018
all	4409	1	1681766	0.0000006
all	4416	2	1681766	0.0000012
all	4417	2	1681766	0.0000012
all	4418	2	1681766	0.0000012
all	4423	2	1681766	0.0000012
all	4425	2	1681766	0.0000012
all	4429	3	1681766	0.0000018
all	4435	2	1681766	0.0000012
all	4437	2	1681766	0.0000012
all	4442	3	1681766	0.0000018
all	4449	2	1681766	0.0000012
all	4453	1	1681766	0.0000006
all	4455	5	1681766	0.0000030
all	4456	1	1681766	0.0000006
all	4457	3	1681766	0.0000018
all	4461	1	1681766	0.0000006
all	4463	1	1681766	0.0000006
all	4465	2	1681766	0.0000012
all	4466	1	1681766	0.0000006
all	4467	1	1681766	0.0000006
all	4468	1	1681766	0.0000006
all	4469	6	1681766	0.0000036
all	4471	2	1681766	0.0000012
all	4479	2	1681766	0.0000012
all	4480	2	1681766	0.0000012
all	4482	2	1681766	0.0000012
all	4484	2	1681766	0.0000012
all	4485	2	1681766	0.0000012
all	4487	1	1681766	0.0000006
all	4489	1	1681766	0.0000006
all	4493	2	1681766	0.0000012
all	4497	1	1681766	0.0000006
all	4499	4	1681766	0.0000024
all	4501	1	1681766	0.0000006
all	4504	1	1681766	0.0000006
all	4506	4	1681766	0.0000024
all	4512	1	1681766	0.0000006
all	4514	6	1681766	0.0000036
all	4515	4	1681766	0.0000024
all	4516	1	1681766	0.0000006
all	4517	2	1681766	0.0000012
all	4518	3	1681766	0.0000018
all	4522	2	1681766	0.0000012
all	4523	3	1681766	0.0000018
all	4524	1	1681766	0.0000006
all	4525	1	1681766	0.0000006
all	4528	1	1681766	0.0000006
all	4532	2	1681766	0.0000012
all	4534	3	1681766	0.0000018
all	4537	2	1681766	0.0000012
all	4539	1	1681766	0.0000006
all	4542	1	1681766	0.0000006
all	4545	2	1681766	0.0000012
all	4546	1	1681766	0.0000006
all	4548	1	1681766	0.0000006
all	4551	1	1681766	0.0000006
all	4552	1	1681766	0.0000006
all	4553	1	1681766	0.0000006
all	4558	1	1681766	0.0000006
all	4561	2	1681766	0.0000012
all	4575	8	1681766	0.0000048
all	4576	2	1681766	0.0000012
all	4587	1	1681766	0.0000006
all	4592	1	1681766	0.0000006
all	4593	1	1681766	0.0000006
all	4595	2	1681766	0.0000012
all	4608	1	1681766	0.0000006
all	4609	1	1681766	0.0000006
all	4612	2	1681766	0.0000012
all	4614	1	1681766	0.0000006
all	4623	6	1681766	0.0000036
all	4629	2	1681766	0.0000012
all	4638	2	1681766	0.0000012
all	4639	1	1681766	0.0000006
all	4656	1	1681766	0.0000006
all	4657	1	1681766	0.0000006
all	4659	2	1681766	0.0000012
all	4661	1	1681766	0.0000006
all	4663	1	1681766	0.0000006
all	4666	2	1681766	0.0000012
all	4674	2	1681766	0.0000012
all	4676	2	1681766	0.0000012
all	4678	2	1681766	0.0000012
all	4680	2	1681766	0.0000012
all	4682	2	1681766	0.0000012
all	4687	2	1681766	0.0000012
all	4688	2	1681766	0.0000012
all	4689	1	1681766	0.0000006
all	4693	3	1681766	0.0000018
all	4703	1	1681766	0.0000006
all	4704	2	1681766	0.0000012
all	4710	1	1681766	0.0000006
all	4711	1	1681766	0.0000006
all	4713	1	1681766	0.0000006
all	4714	2	1681766	0.0000012
all	4717	1	1681766	0.0000006
all	4734	2	1681766	0.0000012
all	4735	1	1681766	0.0000006
all	4754	6	1681766	0.0000036
all	4757	1	1681766	0.0000006
all	4758	1	1681766	0.0000006
all	4765	4	1681766	0.0000024
all	4766	1	1681766	0.0000006
all	4767	2	1681766	0.0000012
all	4770	1	1681766	0.0000006
all	4775	2	1681766	0.0000012
all	4777	2	1681766	0.0000012
all	4779	2	1681766	0.0000012
all	4781	5	1681766	0.0000030
all	4783	2	1681766	0.0000012
all	4784	1	1681766	0.0000006
all	4787	1	1681766	0.0000006
all	4790	1	1681766	0.0000006
all	4792	1	1681766	0.0000006
all	4794	1	1681766	0.0000006
all	4795	2	1681766	0.0000012
all	4811	7	1681766	0.0000042
all	4812	1	1681766	0.0000006
all	4815	2	1681766	0.0000012
all	4821	1	1681766	0.0000006
all	4843	1	1681766	0.0000006
all	4845	2	1681766	0.0000012
all	4846	1	1681766	0.0000006
all	4856	1	1681766	0.0000006
all	4895	1	1681766	0.0000006
all	4897	2	1681766	0.0000012
all	4903	1	1681766	0.0000006
all	4928	3	1681766	0.0000018
all	4933	1	1681766	0.0000006
all	4934	2	1681766	0.0000012
all	4946	1	1681766	0.0000006
all	4953	1	1681766	0.0000006
all	4968	1	1681766	0.0000006
all	4976	2	1681766	0.0000012
all	4983	1	1681766	0.0000006
all	4988	1	1681766	0.0000006
all	4991	6	1681766	0.0000036
all	4999	2	1681766	0.0000012
all	5002	2	1681766	0.0000012
all	5029	1	1681766	0.0000006
all	5036	2	1681766	0.0000012
all	5037	1	1681766	0.0000006
all	5048	1	1681766	0.0000006
all	5055	4	1681766	0.0000024
all	5056	4	1681766	0.0000024
all	5057	3	1681766	0.0000018
all	5058	1	1681766	0.0000006
all	5059	1	1681766	0.0000006
all	5060	10	1681766	0.0000059
all	5067	1	1681766	0.0000006
all	5080	2	1681766	0.0000012
all	5087	5	1681766	0.0000030
all	5104	1	1681766	0.0000006
all	5134	1	1681766	0.0000006
all	5138	2	1681766	0.0000012
all	5145	3	1681766	0.0000018
all	5151	1	1681766	0.0000006
all	5160	2	1681766	0.0000012
all	5163	1	1681766	0.0000006
all	5175	2	1681766	0.0000012
all	5197	2	1681766	0.0000012
all	5200	2	1681766	0.0000012
all	5201	2	1681766	0.0000012
all	5203	2	1681766	0.0000012
all	5211	2	1681766	0.0000012
all	5214	2	1681766	0.0000012
all	5224	2	1681766	0.0000012
all	5227	1	1681766	0.0000006
all	5230	2	1681766	0.0000012
all	5233	4	1681766	0.0000024
all	5236	2	1681766	0.0000012
all	5242	2	1681766	0.0000012
all	5246	2	1681766	0.0000012
all	5247	2	1681766	0.0000012
all	5248	2	1681766	0.0000012
all	5250	2	1681766	0.0000012
all	5258	4	1681766	0.0000024
all	5260	2	1681766	0.0000012
all	5268	2	1681766	0.0000012
all	5276	2	1681766	0.0000012
all	5280	2	1681766	0.0000012
all	5281	2	1681766	0.0000012
all	5283	6	1681766	0.0000036
all	5293	2	1681766	0.0000012
all	5294	2	1681766	0.0000012
all	5319	1	1681766	0.0000006
all	5333	2	1681766	0.0000012
all	5358	1	1681766	0.0000006
all	5369	2	1681766	0.0000012
all	5373	6	1681766	0.0000036
all	5389	1	1681766	0.0000006
all	5401	2	1681766	0.0000012
all	5414	2	1681766	0.0000012
all	5453	2	1681766	0.0000012
all	5454	1	1681766	0.0000006
all	5465	7	1681766	0.0000042
all	5474	2	1681766	0.0000012
all	5497	2	1681766	0.0000012
all	5521	1	1681766	0.0000006
all	5543	1	1681766	0.0000006
all	5576	2	1681766	0.0000012
all	5588	1	1681766	0.0000006
all	5609	2	1681766	0.0000012
all	5645	1	1681766	0.0000006
all	5648	6	1681766	0.0000036
all	5656	1	1681766	0.0000006
all	5663	1	1681766	0.0000006
all	5688	2	1681766	0.0000012
all	5703	2	1681766	0.0000012
all	5709	2	1681766	0.0000012
all	5711	1	1681766	0.0000006
all	5727	1	1681766	0.0000006
all	5728	5	1681766	0.0000030
all	5741	2	1681766	0.0000012
all	5761	3	1681766	0.0000018
all	5777	3	1681766	0.0000018
all	5783	1	1681766	0.0000006
all	5795	2	1681766	0.0000012
all	5811	2	1681766	0.0000012
all	5827	1	1681766	0.0000006
all	5840	1	1681766	0.0000006
all	5841	1	1681766	0.0000006
all	5847	3	1681766	0.0000018
all	5872	1	1681766	0.0000006
all	5877	3	1681766	0.0000018
all	5882	5	1681766	0.0000030
all	5887	1	1681766	0.0000006
all	5888	1	1681766	0.0000006
all	5894	1	1681766	0.0000006
all	5932	3	1681766	0.0000018
all	5937	1	1681766	0.0000006
all	5949	5	1681766	0.0000030
all	5968	1	1681766	0.0000006
all	5973	1	1681766	0.0000006
all	5995	1	1681766	0.0000006
all	6006	1	1681766	0.0000006
all	6016	3	1681766	0.0000018
all	6062	1	1681766	0.0000006
all	6069	5	1681766	0.0000030
all	6070	1	1681766	0.0000006
all	6083	1	1681766	0.0000006
all	6114	1	1681766	0.0000006
all	6141	1	1681766	0.0000006
all	6146	1	1681766	0.0000006
all	6156	1	1681766	0.0000006
all	6158	8	1681766	0.0000048
all	6162	1	1681766	0.0000006
all	6168	1	1681766	0.0000006
all	6175	1	1681766	0.0000006
all	6177	1	1681766	0.0000006
all	6179	1	1681766	0.0000006
all	6191	1	1681766	0.0000006
all	6198	1	1681766	0.0000006
all	6209	1	1681766	0.0000006
all	6244	1	1681766	0.0000006
all	6249	1	1681766	0.0000006
all	6254	1	1681766	0.0000006
all	6266	6	1681766	0.0000036
all	6272	1	1681766	0.0000006
all	6274	2	1681766	0.0000012
all	6281	1	1681766	0.0000006
all	6305	2	1681766	0.0000012
all	6321	1	1681766	0.0000006
all	6335	1	1681766	0.0000006
all	6337	1	1681766	0.0000006
all	6344	1	1681766	0.0000006
all	6364	1	1681766	0.0000006
all	6365	1	1681766	0.0000006
all	6387	5	1681766	0.0000030
all	6388	1	1681766	0.0000006
all	6402	1	1681766	0.0000006
all	6404	1	1681766	0.0000006
all	6417	2	1681766	0.0000012
all	6425	1	1681766	0.0000006
all	6429	2	1681766	0.0000012
all	6430	5	1681766	0.0000030
all	6442	1	1681766	0.0000006
all	6452	1	1681766	0.0000006
all	6454	1	1681766	0.0000006
all	6456	2	1681766	0.0000012
all	6472	1	1681766	0.0000006
all	6481	4	1681766	0.0000024
all	6490	1	1681766	0.0000006
all	6496	1	1681766	0.0000006
all	6497	1	1681766	0.0000006
all	6504	1	1681766	0.0000006
all	6509	1	1681766	0.0000006
all	6515	2	1681766	0.0000012
all	6522	2	1681766	0.0000012
all	6527	2	1681766	0.0000012
all	6543	1	1681766	0.0000006
all	6544	2	1681766	0.0000012
all	6547	2	1681766	0.0000012
all	6553	2	1681766	0.0000012
all	6555	5	1681766	0.0000030
all	6561	1	1681766	0.0000006
all	6564	2	1681766	0.0000012
all	6565	1	1681766	0.0000006
all	6569	2	1681766	0.0000012
all	6574	2	1681766	0.0000012
all	6587	1	1681766	0.0000006
all	6590	1	1681766	0.0000006
all	6591	1	1681766	0.0000006
all	6597	4	1681766	0.0000024
all	6598	1	1681766	0.0000006
all	6600	4	1681766	0.0000024
all	6602	2	1681766	0.0000012
all	6603	1	1681766	0.0000006
all	6608	2	1681766	0.0000012
all	6620	2	1681766	0.0000012
all	6621	1	1681766	0.0000006
all	6627	2	1681766	0.0000012
all	6629	2	1681766	0.0000012
all	6631	2	1681766	0.0000012
all	6634	2	1681766	0.0000012
all	6641	1	1681766	0.0000006
all	6643	2	1681766	0.0000012
all	6653	2	1681766	0.0000012
all	6658	2	1681766	0.0000012
all	6660	3	1681766	0.0000018
all	6663	4	1681766	0.0000024
all	6667	2	1681766	0.0000012
all	6673	2	1681766	0.0000012
all	6686	2	1681766	0.0000012
all	6697	2	1681766	0.0000012
all	6699	1	1681766	0.0000006
all	6703	2	1681766	0.0000012
all	6704	1	1681766	0.0000006
all	6716	1	1681766	0.0000006
all	6717	2	1681766	0.0000012
all	6721	1	1681766	0.0000006
all	6730	2	1681766	0.0000012
all	6731	1	1681766	0.0000006
all	6735	2	1681766	0.0000012
all	6737	8	1681766	0.0000048
all	6747	1	1681766	0.0000006
all	6749	1	1681766	0.0000006
all	6754	2	1681766	0.0000012
all	6760	2	1681766	0.0000012
all	6762	1	1681766	0.0000006
all	6768	2	1681766	0.0000012
all	6769	5	1681766	0.0000030
all	6777	3	1681766	0.0000018
all	6778	2	1681766	0.0000012
all	6780	1	1681766	0.0000006
all	6782	1	1681766	0.0000006
all	6817	2	1681766	0.0000012
all	6819	2	1681766	0.0000012
all	6826	1	1681766	0.0000006
all	6844	1	1681766	0.0000006
all	6847	1	1681766	0.0000006
all	6856	2	1681766	0.0000012
all	6862	5	1681766	0.0000030
all	6874	1	1681766	0.0000006
all	6884	1	1681766	0.0000006
all	6901	2	1681766	0.0000012
all	6906	2	1681766	0.0000012
all	6908	1	1681766	0.0000006
all	6909	2	1681766	0.0000012
all	6926	1	1681766	0.0000006
all	6931	1	1681766	0.0000006
all	6938	2	1681766	0.0000012
all	6945	1	1681766	0.0000006
all	6956	1	1681766	0.0000006
all	6965	5	1681766	0.0000030
all	6975	2	1681766	0.0000012
all	6984	1	1681766	0.0000006
all	6985	1	1681766	0.0000006
all	6997	5	1681766	0.0000030
all	6999	2	1681766	0.0000012
all	7022	3	1681766	0.0000018
all	7025	2	1681766	0.0000012
all	7029	1	1681766	0.0000006
all	7038	2	1681766	0.0000012
all	7042	2	1681766	0.0000012
all	7047	1	1681766	0.0000006
all	7053	1	1681766	0.0000006
all	7066	2	1681766	0.0000012
all	7068	5	1681766	0.0000030
all	7072	5	1681766	0.0000030
all	7074	1	1681766	0.0000006
all	7095	2	1681766	0.0000012
all	7098	5	1681766	0.0000030
all	7099	1	1681766	0.0000006
all	7107	1	1681766	0.0000006
all	7110	2	1681766	0.0000012
all	7111	2	1681766	0.0000012
all	7120	3	1681766	0.0000018
all	7147	2	1681766	0.0000012
all	7155	1	1681766	0.0000006
all	7162	1	1681766	0.0000006
all	7165	2	1681766	0.0000012
all	7170	1	1681766	0.0000006
all	7174	1	1681766	0.0000006
all	7176	1	1681766	0.0000006
all	7177	1	1681766	0.0000006
all	7181	3	1681766	0.0000018
all	7188	1	1681766	0.0000006
all	7191	2	1681766	0.0000012
all	7195	2	1681766	0.0000012
all	7208	2	1681766	0.0000012
all	7220	1	1681766	0.0000006
all	7221	2	1681766	0.0000012
all	7224	1	1681766	0.0000006
all	7226	3	1681766	0.0000018
all	7229	1	1681766	0.0000006
all	7231	2	1681766	0.0000012
all	7241	1	1681766	0.0000006
all	7251	1	1681766	0.0000006
all	7255	2	1681766	0.0000012
all	7264	1	1681766	0.0000006
all	7268	1	1681766	0.0000006
all	7270	1	1681766	0.0000006
all	7275	1	1681766	0.0000006
all	7280	1	1681766	0.0000006
all	7284	2	1681766	0.0000012
all	7290	2	1681766	0.0000012
all	7295	2	1681766	0.0000012
all	7297	1	1681766	0.0000006
all	7301	2	1681766	0.0000012
all	7309	2	1681766	0.0000012
all	7312	2	1681766	0.0000012
all	7315	2	1681766	0.0000012
all	7325	2	1681766	0.0000012
all	7338	1	1681766	0.0000006
all	7342	2	1681766	0.0000012
all	7369	3	1681766	0.0000018
all	7370	2	1681766	0.0000012
all	7377	2	1681766	0.0000012
all	7382	2	1681766	0.0000012
all	7384	2	1681766	0.0000012
all	7386	2	1681766	0.0000012
all	7390	2	1681766	0.0000012
all	7402	4	1681766	0.0000024
all	7405	2	1681766	0.0000012
all	7416	1	1681766	0.0000006
all	7420	2	1681766	0.0000012
all	7426	2	1681766	0.0000012
all	7442	2	1681766	0.0000012
all	7446	1	1681766	0.0000006
all	7454	2	1681766	0.0000012
all	7462	1	1681766	0.0000006
all	7483	2	1681766	0.0000012
all	7485	2	1681766	0.0000012
all	7489	1	1681766	0.0000006
all	7507	2	1681766	0.0000012
all	7534	2	1681766	0.0000012
all	7545	2	1681766	0.0000012
all	7550	2	1681766	0.0000012
all	7554	1	1681766	0.0000006
all	7558	1	1681766	0.0000006
all	7570	2	1681766	0.0000012
all	7586	2	1681766	0.0000012
all	7588	1	1681766	0.0000006
all	7596	2	1681766	0.0000012
all	7601	1	1681766	0.0000006
all	7603	1	1681766	0.0000006
all	7609	1	1681766	0.0000006
all	7611	1	1681766	0.0000006
all	7612	2	1681766	0.0000012
all	7616	1	1681766	0.0000006
all	7658	1	1681766	0.0000006
all	7675	2	1681766	0.0000012
all	7715	1	1681766	0.0000006
all	7730	1	1681766	0.0000006
all	7743	3	1681766	0.0000018
all	7762	2	1681766	0.0000012
all	7783	1	1681766	0.0000006
all	7799	1	1681766	0.0000006
all	7856	1	1681766	0.0000006
all	7872	1	1681766	0.0000006
all	7875	1	1681766	0.0000006
all	7882	3	1681766	0.0000018
all	7891	2	1681766	0.0000012
all	7942	1	1681766	0.0000006
all	7946	1	1681766	0.0000006
all	7979	3	1681766	0.0000018
all	7987	1	1681766	0.0000006
all	8010	1	1681766	0.0000006
all	8013	1	1681766	0.0000006
all	8090	3	1681766	0.0000018
all	8120	1	1681766	0.0000006
all	8128	1	1681766	0.0000006
all	8159	1	1681766	0.0000006
all	8174	1	1681766	0.0000006
all	8214	2	1681766	0.0000012
all	8235	1	1681766	0.0000006
all	8271	1	1681766	0.0000006
all	8282	3	1681766	0.0000018
all	8287	1	1681766	0.0000006
all	8307	1	1681766	0.0000006
all	8313	1	1681766	0.0000006
all	8324	2	1681766	0.0000012
all	8363	3	1681766	0.0000018
all	8385	1	1681766	0.0000006
all	8391	1	1681766	0.0000006
all	8421	4	1681766	0.0000024
all	8444	1	1681766	0.0000006
all	8459	1	1681766	0.0000006
all	8508	1	1681766	0.0000006
all	8509	1	1681766	0.0000006
all	8543	2	1681766	0.0000012
all	8552	1	1681766	0.0000006
all	8568	1	1681766	0.0000006
all	8569	1	1681766	0.0000006
all	8589	3	1681766	0.0000018
all	8619	2	1681766	0.0000012
all	8627	1	1681766	0.0000006
all	8697	1	1681766	0.0000006
all	8699	1	1681766	0.0000006
all	8705	2	1681766	0.0000012
all	8717	2	1681766	0.0000012
all	8730	2	1681766	0.0000012
all	8739	1	1681766	0.0000006
all	8741	2	1681766	0.0000012
all	8772	1	1681766	0.0000006
all	8785	1	1681766	0.0000006
all	8803	1	1681766	0.0000006
all	8807	3	1681766	0.0000018
all	8835	1	1681766	0.0000006
all	8870	2	1681766	0.0000012
all	8888	1	1681766	0.0000006
all	8907	1	1681766	0.0000006
all	8925	1	1681766	0.0000006
all	8931	4	1681766	0.0000024
all	8934	1	1681766	0.0000006
all	8956	1	1681766	0.0000006
all	8960	1	1681766	0.0000006
all	8985	1	1681766	0.0000006
all	8998	1	1681766	0.0000006
all	9004	1	1681766	0.0000006
all	9005	2	1681766	0.0000012
all	9012	4	1681766	0.0000024
all	9018	1	1681766	0.0000006
all	9030	1	1681766	0.0000006
all	9057	1	1681766	0.0000006
all	9067	1	1681766	0.0000006
all	9070	4	1681766	0.0000024
all	9079	2	1681766	0.0000012
all	9107	1	1681766	0.0000006
all	9110	2	1681766	0.0000012
all	9127	1	1681766	0.0000006
all	9130	4	1681766	0.0000024
all	9150	2	1681766	0.0000012
all	9161	1	1681766	0.0000006
all	9165	1	1681766	0.0000006
all	9168	1	1681766	0.0000006
all	9189	1	1681766	0.0000006
all	9194	4	1681766	0.0000024
all	9200	1	1681766	0.0000006
all	9216	1	1681766	0.0000006
all	9217	2	1681766	0.0000012
all	9229	4	1681766	0.0000024
all	9233	1	1681766	0.0000006
all	9242	1	1681766	0.0000006
all	9245	2	1681766	0.0000012
all	9254	2	1681766	0.0000012
all	9255	1	1681766	0.0000006
all	9260	1	1681766	0.0000006
all	9267	2	1681766	0.0000012
all	9278	2	1681766	0.0000012
all	9292	1	1681766	0.0000006
all	9318	1	1681766	0.0000006
all	9320	2	1681766	0.0000012
all	9326	1	1681766	0.0000006
all	9327	1	1681766	0.0000006
all	9335	1	1681766	0.0000006
all	9346	1	1681766	0.0000006
all	9351	2	1681766	0.0000012
all	9359	4	1681766	0.0000024
all	9374	1	1681766	0.0000006
all	9383	2	1681766	0.0000012
all	9396	1	1681766	0.0000006
all	9403	2	1681766	0.0000012
all	9410	1	1681766	0.0000006
all	9428	1	1681766	0.0000006
all	9433	4	1681766	0.0000024
all	9445	2	1681766	0.0000012
all	9448	1	1681766	0.0000006
all	9461	2	1681766	0.0000012
all	9474	1	1681766	0.0000006
all	9485	2	1681766	0.0000012
all	9493	1	1681766	0.0000006
all	9498	2	1681766	0.0000012
all	9499	2	1681766	0.0000012
all	9506	2	1681766	0.0000012
all	9509	1	1681766	0.0000006
all	9511	4	1681766	0.0000024
all	9512	2	1681766	0.0000012
all	9520	4	1681766	0.0000024
all	9521	2	1681766	0.0000012
all	9522	1	1681766	0.0000006
all	9526	4	1681766	0.0000024
all	9527	1	1681766	0.0000006
all	9532	3	1681766	0.0000018
all	9533	2	1681766	0.0000012
all	9534	2	1681766	0.0000012
all	9535	1	1681766	0.0000006
all	9541	2	1681766	0.0000012
all	9548	2	1681766	0.0000012
all	9552	2	1681766	0.0000012
all	9562	2	1681766	0.0000012
all	9563	2	1681766	0.0000012
all	9567	1	1681766	0.0000006
all	9570	1	1681766	0.0000006
all	9586	1	1681766	0.0000006
all	9607	2	1681766	0.0000012
all	9618	2	1681766	0.0000012
all	9628	6	1681766	0.0000036
all	9645	5	1681766	0.0000030
all	9663	1	1681766	0.0000006
all	9696	5	1681766	0.0000030
all	9745	1	1681766	0.0000006
all	9766	5	1681766	0.0000030
all	9774	2	1681766	0.0000012
all	9813	5	1681766	0.0000030
all	9820	2	1681766	0.0000012
all	9825	1	1681766	0.0000006
all	9857	1	1681766	0.0000006
all	9903	2	1681766	0.0000012
all	9912	2	1681766	0.0000012
all	9921	1	1681766	0.0000006
all	9925	3	1681766	0.0000018
all	9961	5	1681766	0.0000030
all	9963	1	1681766	0.0000006
all	9982	1	1681766	0.0000006
all	9991	3	1681766	0.0000018
all	9997	5	1681766	0.0000030
all	10026	1	1681766	0.0000006
all	10061	1	1681766	0.0000006
all	10074	5	1681766	0.0000030
all	10075	3	1681766	0.0000018
all	10078	3	1681766	0.0000018
all	10079	3	1681766	0.0000018
all	10103	1	1681766	0.0000006
all	10106	5	1681766	0.0000030
all	10108	3	1681766	0.0000018
all	10159	5	1681766	0.0000030
all	10160	1	1681766	0.0000006
all	10177	5	1681766	0.0000030
all	10201	1	1681766	0.0000006
all	10221	5	1681766	0.0000030
all	10238	3	1681766	0.0000018
all	10299	1	1681766	0.0000006
all	10311	5	1681766	0.0000030
all	10322	2	1681766	0.0000012
all	10356	1	1681766	0.0000006
all	10360	1	1681766	0.0000006
all	10362	5	1681766	0.0000030
all	10392	2	1681766	0.0000012
all	10479	1	1681766	0.0000006
all	10486	5	1681766	0.0000030
all	10511	2	1681766	0.0000012
all	10521	1	1681766	0.0000006
all	10536	2	1681766	0.0000012
all	10569	2	1681766	0.0000012
all	10597	1	1681766	0.0000006
all	10627	1	1681766	0.0000006
all	10679	1	1681766	0.0000006
all	10684	5	1681766	0.0000030
all	10742	5	1681766	0.0000030
all	10769	2	1681766	0.0000012
all	10776	1	1681766	0.0000006
all	10840	5	1681766	0.0000030
all	10867	2	1681766	0.0000012
all	10881	1	1681766	0.0000006
all	10885	5	1681766	0.0000030
all	10908	2	1681766	0.0000012
all	10960	5	1681766	0.0000030
all	11002	1	1681766	0.0000006
all	11035	1	1681766	0.0000006
all	11076	2	1681766	0.0000012
all	11097	5	1681766	0.0000030
all	11108	2	1681766	0.0000012
all	11156	2	1681766	0.0000012
all	11167	2	1681766	0.0000012
all	11218	5	1681766	0.0000030
all	11237	2	1681766	0.0000012
all	11300	2	1681766	0.0000012
all	11341	2	1681766	0.0000012
all	11383	5	1681766	0.0000030
all	11398	3	1681766	0.0000018
all	11466	3	1681766	0.0000018
all	11501	5	1681766	0.0000030
all	11574	5	1681766	0.0000030
all	11594	3	1681766	0.0000018
all	11651	2	1681766	0.0000012
all	11689	2	1681766	0.0000012
all	11704	5	1681766	0.0000030
all	11741	3	1681766	0.0000018
all	11795	2	1681766	0.0000012
all	11826	3	1681766	0.0000018
all	11850	2	1681766	0.0000012
all	11874	3	1681766	0.0000018
all	11897	5	1681766	0.0000030
all	11907	3	1681766	0.0000018
all	11935	3	1681766	0.0000018
all	11943	3	1681766	0.0000018
all	11974	3	1681766	0.0000018
all	11992	3	1681766	0.0000018
all	12027	3	1681766	0.0000018
all	12035	3	1681766	0.0000018
all	12047	2	1681766	0.0000012
all	12063	1	1681766	0.0000006
all	12088	1	1681766	0.0000006
all	12092	3	1681766	0.0000018
all	12095	2	1681766	0.0000012
all	12100	2	1681766	0.0000012
all	12101	1	1681766	0.0000006
all	12107	3	1681766	0.0000018
all	12108	5	1681766	0.0000030
all	12110	1	1681766	0.0000006
all	12112	2	1681766	0.0000012
all	12113	1	1681766	0.0000006
all	12122	1	1681766	0.0000006
all	12127	1	1681766	0.0000006
all	12128	2	1681766	0.0000012
all	12135	2	1681766	0.0000012
all	12140	1	1681766	0.0000006
all	12170	1	1681766	0.0000006
all	12172	3	1681766	0.0000018
all	12180	1	1681766	0.0000006
all	12204	5	1681766	0.0000030
all	12210	1	1681766	0.0000006
all	12212	3	1681766	0.0000018
all	12216	3	1681766	0.0000018
all	12268	1	1681766	0.0000006
all	12272	3	1681766	0.0000018
all	12299	3	1681766	0.0000018
all	12306	5	1681766	0.0000030
all	12374	5	1681766	0.0000030
all	12377	3	1681766	0.0000018
all	12384	1	1681766	0.0000006
all	12457	3	1681766	0.0000018
all	12480	1	1681766	0.0000006
all	12561	2	1681766	0.0000012
all	12590	5	1681766	0.0000030
all	12627	2	1681766	0.0000012
all	12673	1	1681766	0.0000006
all	12706	5	1681766	0.0000030
all	12743	2	1681766	0.0000012
all	12784	2	1681766	0.0000012
all	12789	1	1681766	0.0000006
all	12801	1	1681766	0.0000006
all	12815	2	1681766	0.0000012
all	12836	1	1681766	0.0000006
all	12847	6	1681766	0.0000036
all	12856	1	1681766	0.0000006
all	12858	1	1681766	0.0000006
all	12935	5	1681766	0.0000030
all	13029	5	1681766	0.0000030
all	13223	5	1681766	0.0000030
all	13268	5	1681766	0.0000030
all	13301	5	1681766	0.0000030
all	13318	5	1681766	0.0000030
all	13475	5	1681766	0.0000030
all	13534	6	1681766	0.0000036
all	13552	5	1681766	0.0000030
all	13568	6	1681766	0.0000036
all	13573	6	1681766	0.0000036
all	13579	6	1681766	0.0000036
all	13597	6	1681766	0.0000036
all	13612	6	1681766	0.0000036
all	13613	6	1681766	0.0000036
all	13619	6	1681766	0.0000036
all	13643	6	1681766	0.0000036
all	13646	6	1681766	0.0000036
all	13652	6	1681766	0.0000036
all	13659	6	1681766	0.0000036
all	13671	6	1681766	0.0000036
all	13685	6	1681766	0.0000036
all	13688	6	1681766	0.0000036
all	13740	6	1681766	0.0000036
all	13741	12	1681766	0.0000071
all	13763	6	1681766	0.0000036
