all	0	199887	1681766	0.1188554
all	1	5772	1681766	0.0034321
all	2	96027	1681766	0.0570989
all	3	9835	1681766	0.0058480
all	4	80848	1681766	0.0480733
all	5	10914	1681766	0.0064896
all	6	74937	1681766	0.0445585
all	7	12754	1681766	0.0075837
all	8	67846	1681766	0.0403421
all	9	14957	1681766	0.0088936
all	10	65027	1681766	0.0386659
all	11	15136	1681766	0.0090001
all	12	59377	1681766	0.0353063
all	13	16255	1681766	0.0096654
all	14	53854	1681766	0.0320223
all	15	17767	1681766	0.0105645
all	16	49113	1681766	0.0292032
all	17	16632	1681766	0.0098896
all	18	44193	1681766	0.0262777
all	19	17199	1681766	0.0102267
all	20	41032	1681766	0.0243982
all	21	17047	1681766	0.0101364
all	22	36282	1681766	0.0215738
all	23	17391	1681766	0.0103409
all	24	33784	1681766	0.0200884
all	25	15356	1681766	0.0091309
all	26	29951	1681766	0.0178093
all	27	14580	1681766	0.0086695
all	28	25763	1681766	0.0153190
all	29	13457	1681766	0.0080017
all	30	24110	1681766	0.0143361
all	31	12272	1681766	0.0072971
all	32	21332	1681766	0.0126843
all	33	11961	1681766	0.0071122
all	34	18946	1681766	0.0112655
all	35	11782	1681766	0.0070057
all	36	17926	1681766	0.0106590
all	37	11300	1681766	0.0067191
all	38	15208	1681766	0.0090429
all	39	10915	1681766	0.0064902
all	40	14385	1681766	0.0085535
all	41	9029	1681766	0.0053688
all	42	12292	1681766	0.0073090
all	43	8952	1681766	0.0053230
all	44	11602	1681766	0.0068987
all	45	8042	1681766	0.0047819
all	46	10903	1681766	0.0064831
all	47	7221	1681766	0.0042937
all	48	9496	1681766	0.0056464
all	49	6899	1681766	0.0041022
all	50	8497	1681766	0.0050524
all	51	6333	1681766	0.0037657
all	52	7996	1681766	0.0047545
all	53	5270	1681766	0.0031336
all	54	6724	1681766	0.0039982
all	55	5444	1681766	0.0032371
all	56	5867	1681766	0.0034886
all	57	5156	1681766	0.0030658
all	58	5685	1681766	0.0033804
all	59	4372	1681766	0.0025996
all	60	4801	1681766	0.0028547
all	61	4213	1681766	0.0025051
all	62	4495	1681766	0.0026728
all	63	4066	1681766	0.0024177
all	64	4135	1681766	0.0024587
all	65	3928	1681766	0.0023356
all	66	4105	1681766	0.0024409
all	67	3049	1681766	0.0018130
all	68	3349	1681766	0.0019914
all	69	2746	1681766	0.0016328
all	70	2775	1681766	0.0016501
all	71	2472	1681766	0.0014699
all	72	2694	1681766	0.0016019
all	73	2325	1681766	0.0013825
all	74	2737	1681766	0.0016275
all	75	2440	1681766	0.0014509
all	76	2635	1681766	0.0015668
all	77	1908	1681766	0.0011345
all	78	2391	1681766	0.0014217
all	79	2194	1681766	0.0013046
all	80	1954	1681766	0.0011619
all	81	1921	1681766	0.0011423
all	82	1990	1681766	0.0011833
all	83	1995	1681766	0.0011863
all	84	2144	1681766	0.0012749
all	85	1809	1681766	0.0010757
all	86	2041	1681766	0.0012136
all	87	1575	1681766	0.0009365
all	88	1521	1681766	0.0009044
all	89	1426	1681766	0.0008479
all	90	1604	1681766	0.0009538
all	91	1387	1681766	0.0008247
all	92	1596	1681766	0.0009490
all	93	1017	1681766	0.0006047
all	94	1304	1681766	0.0007754
all	95	1273	1681766	0.0007569
all	96	1033	1681766	0.0006142
all	97	918	1681766	0.0005459
all	98	1100	1681766	0.0006541
all	99	938	1681766	0.0005577
all	100	1045	1681766	0.0006214
all	101	976	1681766	0.0005803
all	102	981	1681766	0.0005833
all	103	815	1681766	0.0004846
all	104	947	1681766	0.0005631
all	105	884	1681766	0.0005256
all	106	962	1681766	0.0005720
all	107	920	1681766	0.0005470
all	108	891	1681766	0.0005298
all	109	732	1681766	0.0004353
all	110	869	1681766	0.0005167
all	111	646	1681766	0.0003841
all	112	682	1681766	0.0004055
all	113	714	1681766	0.0004246
all	114	840	1681766	0.0004995
all	115	646	1681766	0.0003841
all	116	1758	1681766	0.0010453
all	117	736	1681766	0.0004376
all	118	622	1681766	0.0003698
all	119	550	1681766	0.0003270
all	120	500	1681766	0.0002973
all	121	598	1681766	0.0003556
all	122	577	1681766	0.0003431
all	123	507	1681766	0.0003015
all	124	560	1681766	0.0003330
all	125	443	1681766	0.0002634
all	126	743	1681766	0.0004418
all	127	637	1681766	0.0003788
all	128	637	1681766	0.0003788
all	129	503	1681766	0.0002991
all	130	764	1681766	0.0004543
all	131	512	1681766	0.0003044
all	132	486	1681766	0.0002890
all	133	483	1681766	0.0002872
all	134	501	1681766	0.0002979
all	135	438	1681766	0.0002604
all	136	499	1681766	0.0002967
all	137	480	1681766	0.0002854
all	138	390	1681766	0.0002319
all	139	630	1681766	0.0003746
all	140	635	1681766	0.0003776
all	141	534	1681766	0.0003175
all	142	342	1681766	0.0002034
all	143	558	1681766	0.0003318
all	144	528	1681766	0.0003140
all	145	502	1681766	0.0002985
all	146	442	1681766	0.0002628
all	147	470	1681766	0.0002795
all	148	420	1681766	0.0002497
all	149	359	1681766	0.0002135
all	150	773	1681766	0.0004596
all	151	269	1681766	0.0001600
all	152	483	1681766	0.0002872
all	153	348	1681766	0.0002069
all	154	439	1681766	0.0002610
all	155	361	1681766	0.0002147
all	156	496	1681766	0.0002949
all	157	398	1681766	0.0002367
all	158	368	1681766	0.0002188
all	159	317	1681766	0.0001885
all	160	431	1681766	0.0002563
all	161	317	1681766	0.0001885
all	162	287	1681766	0.0001707
all	163	323	1681766	0.0001921
all	164	349	1681766	0.0002075
all	165	323	1681766	0.0001921
all	166	367	1681766	0.0002182
all	167	352	1681766	0.0002093
all	168	340	1681766	0.0002022
all	169	325	1681766	0.0001932
all	170	331	1681766	0.0001968
all	171	333	1681766	0.0001980
all	172	334	1681766	0.0001986
all	173	506	1681766	0.0003009
all	174	740	1681766	0.0004400
all	175	247	1681766	0.0001469
all	176	496	1681766	0.0002949
all	177	326	1681766	0.0001938
all	178	413	1681766	0.0002456
all	179	401	1681766	0.0002384
all	180	298	1681766	0.0001772
all	181	283	1681766	0.0001683
all	182	283	1681766	0.0001683
all	183	280	1681766	0.0001665
all	184	324	1681766	0.0001927
all	185	214	1681766	0.0001272
all	186	517	1681766	0.0003074
all	187	275	1681766	0.0001635
all	188	365	1681766	0.0002170
all	189	240	1681766	0.0001427
all	190	384	1681766	0.0002283
all	191	276	1681766	0.0001641
all	192	357	1681766	0.0002123
all	193	256	1681766	0.0001522
all	194	250	1681766	0.0001487
all	195	285	1681766	0.0001695
all	196	232	1681766	0.0001380
all	197	236	1681766	0.0001403
all	198	225	1681766	0.0001338
all	199	242	1681766	0.0001439
all	200	272	1681766	0.0001617
all	201	210	1681766	0.0001249
all	202	336	1681766	0.0001998
all	203	257	1681766	0.0001528
all	204	263	1681766	0.0001564
all	205	218	1681766	0.0001296
all	206	227	1681766	0.0001350
all	207	209	1681766	0.0001243
all	208	222	1681766	0.0001320
all	209	179	1681766	0.0001064
all	210	220	1681766	0.0001308
all	211	212	1681766	0.0001261
all	212	267	1681766	0.0001588
all	213	218	1681766	0.0001296
all	214	201	1681766	0.0001195
all	215	278	1681766	0.0001653
all	216	415	1681766	0.0002468
all	217	199	1681766	0.0001183
all	218	215	1681766	0.0001278
all	219	190	1681766	0.0001130
all	220	203	1681766	0.0001207
all	221	151	1681766	0.0000898
all	222	213	1681766	0.0001267
all	223	184	1681766	0.0001094
all	224	188	1681766	0.0001118
all	225	598	1681766	0.0003556
all	226	605	1681766	0.0003597
all	227	277	1681766	0.0001647
all	228	203	1681766	0.0001207
all	229	128	1681766	0.0000761
all	230	220	1681766	0.0001308
all	231	229	1681766	0.0001362
all	232	173	1681766	0.0001029
all	233	121	1681766	0.0000719
all	234	184	1681766	0.0001094
all	235	107	1681766	0.0000636
all	236	171	1681766	0.0001017
all	237	129	1681766	0.0000767
all	238	265	1681766	0.0001576
all	239	161	1681766	0.0000957
all	240	135	1681766	0.0000803
all	241	132	1681766	0.0000785
all	242	177	1681766	0.0001052
all	243	175	1681766	0.0001041
all	244	177	1681766	0.0001052
all	245	167	1681766	0.0000993
all	246	147	1681766	0.0000874
all	247	150	1681766	0.0000892
all	248	128	1681766	0.0000761
all	249	137	1681766	0.0000815
all	250	109	1681766	0.0000648
all	251	146	1681766	0.0000868
all	252	138	1681766	0.0000821
all	253	138	1681766	0.0000821
all	254	200	1681766	0.0001189
all	255	183	1681766	0.0001088
all	256	120	1681766	0.0000714
all	257	182	1681766	0.0001082
all	258	151	1681766	0.0000898
all	259	111	1681766	0.0000660
all	260	132	1681766	0.0000785
all	261	180	1681766	0.0001070
all	262	95	1681766	0.0000565
all	263	139	1681766	0.0000827
all	264	130	1681766	0.0000773
all	265	143	1681766	0.0000850
all	266	127	1681766	0.0000755
all	267	123	1681766	0.0000731
all	268	161	1681766	0.0000957
all	269	194	1681766	0.0001154
all	270	74	1681766	0.0000440
all	271	121	1681766	0.0000719
all	272	91	1681766	0.0000541
all	273	134	1681766	0.0000797
all	274	163	1681766	0.0000969
all	275	119	1681766	0.0000708
all	276	161	1681766	0.0000957
all	277	187	1681766	0.0001112
all	278	116	1681766	0.0000690
all	279	130	1681766	0.0000773
all	280	195	1681766	0.0001159
all	281	127	1681766	0.0000755
all	282	114	1681766	0.0000678
all	283	136	1681766	0.0000809
all	284	95	1681766	0.0000565
all	285	142	1681766	0.0000844
all	286	165	1681766	0.0000981
all	287	137	1681766	0.0000815
all	288	126	1681766	0.0000749
all	289	92	1681766	0.0000547
all	290	73	1681766	0.0000434
all	291	130	1681766	0.0000773
all	292	94	1681766	0.0000559
all	293	125	1681766	0.0000743
all	294	81	1681766	0.0000482
all	295	139	1681766	0.0000827
all	296	148	1681766	0.0000880
all	297	127	1681766	0.0000755
all	298	94	1681766	0.0000559
all	299	157	1681766	0.0000934
all	300	119	1681766	0.0000708
all	301	79	1681766	0.0000470
all	302	119	1681766	0.0000708
all	303	115	1681766	0.0000684
all	304	270	1681766	0.0001605
all	305	107	1681766	0.0000636
all	306	152	1681766	0.0000904
all	307	108	1681766	0.0000642
all	308	88	1681766	0.0000523
all	309	83	1681766	0.0000494
all	310	114	1681766	0.0000678
all	311	140	1681766	0.0000832
all	312	114	1681766	0.0000678
all	313	97	1681766	0.0000577
all	314	87	1681766	0.0000517
all	315	159	1681766	0.0000945
all	316	153	1681766	0.0000910
all	317	114	1681766	0.0000678
all	318	144	1681766	0.0000856
all	319	184	1681766	0.0001094
all	320	129	1681766	0.0000767
all	321	100	1681766	0.0000595
all	322	116	1681766	0.0000690
all	323	75	1681766	0.0000446
all	324	133	1681766	0.0000791
all	325	77	1681766	0.0000458
all	326	107	1681766	0.0000636
all	327	86	1681766	0.0000511
all	328	115	1681766	0.0000684
all	329	142	1681766	0.0000844
all	330	119	1681766	0.0000708
all	331	104	1681766	0.0000618
all	332	110	1681766	0.0000654
all	333	110	1681766	0.0000654
all	334	245	1681766	0.0001457
all	335	98	1681766	0.0000583
all	336	96	1681766	0.0000571
all	337	38	1681766	0.0000226
all	338	101	1681766	0.0000601
all	339	73	1681766	0.0000434
all	340	112	1681766	0.0000666
all	341	113	1681766	0.0000672
all	342	62	1681766	0.0000369
all	343	66	1681766	0.0000392
all	344	131	1681766	0.0000779
all	345	68	1681766	0.0000404
all	346	65	1681766	0.0000386
all	347	85	1681766	0.0000505
all	348	77	1681766	0.0000458
all	349	45	1681766	0.0000268
all	350	72	1681766	0.0000428
all	351	82	1681766	0.0000488
all	352	92	1681766	0.0000547
all	353	105	1681766	0.0000624
all	354	83	1681766	0.0000494
all	355	67	1681766	0.0000398
all	356	66	1681766	0.0000392
all	357	62	1681766	0.0000369
all	358	36	1681766	0.0000214
all	359	90	1681766	0.0000535
all	360	62	1681766	0.0000369
all	361	44	1681766	0.0000262
all	362	61	1681766	0.0000363
all	363	81	1681766	0.0000482
all	364	86	1681766	0.0000511
all	365	110	1681766	0.0000654
all	366	112	1681766	0.0000666
all	367	102	1681766	0.0000607
all	368	85	1681766	0.0000505
all	369	62	1681766	0.0000369
all	370	124	1681766	0.0000737
all	371	112	1681766	0.0000666
all	372	116	1681766	0.0000690
all	373	164	1681766	0.0000975
all	374	69	1681766	0.0000410
all	375	81	1681766	0.0000482
all	376	39	1681766	0.0000232
all	377	67	1681766	0.0000398
all	378	46	1681766	0.0000274
all	379	37	1681766	0.0000220
all	380	178	1681766	0.0001058
all	381	60	1681766	0.0000357
all	382	41	1681766	0.0000244
all	383	32	1681766	0.0000190
all	384	64	1681766	0.0000381
all	385	62	1681766	0.0000369
all	386	94	1681766	0.0000559
all	387	46	1681766	0.0000274
all	388	75	1681766	0.0000446
all	389	68	1681766	0.0000404
all	390	71	1681766	0.0000422
all	391	59	1681766	0.0000351
all	392	131	1681766	0.0000779
all	393	71	1681766	0.0000422
all	394	102	1681766	0.0000607
all	395	89	1681766	0.0000529
all	396	96	1681766	0.0000571
all	397	51	1681766	0.0000303
all	398	45	1681766	0.0000268
all	399	44	1681766	0.0000262
all	400	96	1681766	0.0000571
all	401	41	1681766	0.0000244
all	402	61	1681766	0.0000363
all	403	42	1681766	0.0000250
all	404	72	1681766	0.0000428
all	405	85	1681766	0.0000505
all	406	80	1681766	0.0000476
all	407	116	1681766	0.0000690
all	408	117	1681766	0.0000696
all	409	52	1681766	0.0000309
all	410	47	1681766	0.0000279
all	411	120	1681766	0.0000714
all	412	55	1681766	0.0000327
all	413	60	1681766	0.0000357
all	414	59	1681766	0.0000351
all	415	52	1681766	0.0000309
all	416	58	1681766	0.0000345
all	417	35	1681766	0.0000208
all	418	62	1681766	0.0000369
all	419	45	1681766	0.0000268
all	420	54	1681766	0.0000321
all	421	41	1681766	0.0000244
all	422	62	1681766	0.0000369
all	423	52	1681766	0.0000309
all	424	42	1681766	0.0000250
all	425	71	1681766	0.0000422
all	426	41	1681766	0.0000244
all	427	54	1681766	0.0000321
all	428	27	1681766	0.0000161
all	429	54	1681766	0.0000321
all	430	68	1681766	0.0000404
all	431	55	1681766	0.0000327
all	432	54	1681766	0.0000321
all	433	63	1681766	0.0000375
all	434	61	1681766	0.0000363
all	435	41	1681766	0.0000244
all	436	88	1681766	0.0000523
all	437	54	1681766	0.0000321
all	438	36	1681766	0.0000214
all	439	38	1681766	0.0000226
all	440	86	1681766	0.0000511
all	441	57	1681766	0.0000339
all	442	48	1681766	0.0000285
all	443	31	1681766	0.0000184
all	444	53	1681766	0.0000315
all	445	31	1681766	0.0000184
all	446	59	1681766	0.0000351
all	447	28	1681766	0.0000166
all	448	44	1681766	0.0000262
all	449	33	1681766	0.0000196
all	450	41	1681766	0.0000244
all	451	30	1681766	0.0000178
all	452	32	1681766	0.0000190
all	453	33	1681766	0.0000196
all	454	28	1681766	0.0000166
all	455	18	1681766	0.0000107
all	456	27	1681766	0.0000161
all	457	27	1681766	0.0000161
all	458	40	1681766	0.0000238
all	459	29	1681766	0.0000172
all	460	37	1681766	0.0000220
all	461	24	1681766	0.0000143
all	462	27	1681766	0.0000161
all	463	19	1681766	0.0000113
all	464	58	1681766	0.0000345
all	465	28	1681766	0.0000166
all	466	34	1681766	0.0000202
all	467	21	1681766	0.0000125
all	468	17	1681766	0.0000101
all	469	20	1681766	0.0000119
all	470	48	1681766	0.0000285
all	471	36	1681766	0.0000214
all	472	94	1681766	0.0000559
all	473	36	1681766	0.0000214
all	474	27	1681766	0.0000161
all	475	38	1681766	0.0000226
all	476	10	1681766	0.0000059
all	477	27	1681766	0.0000161
all	478	20	1681766	0.0000119
all	479	14	1681766	0.0000083
all	480	20	1681766	0.0000119
all	481	68	1681766	0.0000404
all	482	21	1681766	0.0000125
all	483	54	1681766	0.0000321
all	484	37	1681766	0.0000220
all	485	66	1681766	0.0000392
all	486	28	1681766	0.0000166
all	487	37	1681766	0.0000220
all	488	21	1681766	0.0000125
all	489	118	1681766	0.0000702
all	490	33	1681766	0.0000196
all	491	15	1681766	0.0000089
all	492	61	1681766	0.0000363
all	493	42	1681766	0.0000250
all	494	72	1681766	0.0000428
all	495	19	1681766	0.0000113
all	496	29	1681766	0.0000172
all	497	39	1681766	0.0000232
all	498	20	1681766	0.0000119
all	499	11	1681766	0.0000065
all	500	34	1681766	0.0000202
all	501	26	1681766	0.0000155
all	502	9	1681766	0.0000054
all	503	15	1681766	0.0000089
all	504	13	1681766	0.0000077
all	505	24	1681766	0.0000143
all	506	14	1681766	0.0000083
all	507	20	1681766	0.0000119
all	508	28	1681766	0.0000166
all	509	14	1681766	0.0000083
all	510	22	1681766	0.0000131
all	511	32	1681766	0.0000190
all	512	14	1681766	0.0000083
all	513	10	1681766	0.0000059
all	514	19	1681766	0.0000113
all	515	16	1681766	0.0000095
all	516	13	1681766	0.0000077
all	517	37	1681766	0.0000220
all	518	26	1681766	0.0000155
all	519	18	1681766	0.0000107
all	520	32	1681766	0.0000190
all	521	21	1681766	0.0000125
all	522	16	1681766	0.0000095
all	523	9	1681766	0.0000054
all	524	9	1681766	0.0000054
all	525	21	1681766	0.0000125
all	526	16	1681766	0.0000095
all	527	8	1681766	0.0000048
all	528	20	1681766	0.0000119
all	529	41	1681766	0.0000244
all	530	19	1681766	0.0000113
all	531	15	1681766	0.0000089
all	532	24	1681766	0.0000143
all	533	27	1681766	0.0000161
all	534	14	1681766	0.0000083
all	535	27	1681766	0.0000161
all	536	7	1681766	0.0000042
all	537	20	1681766	0.0000119
all	538	20	1681766	0.0000119
all	539	26	1681766	0.0000155
all	540	10	1681766	0.0000059
all	541	18	1681766	0.0000107
all	542	14	1681766	0.0000083
all	543	31	1681766	0.0000184
all	544	35	1681766	0.0000208
all	545	17	1681766	0.0000101
all	546	35	1681766	0.0000208
all	547	40	1681766	0.0000238
all	548	29	1681766	0.0000172
all	549	24	1681766	0.0000143
all	550	45	1681766	0.0000268
all	551	25	1681766	0.0000149
all	552	86	1681766	0.0000511
all	553	46	1681766	0.0000274
all	554	16	1681766	0.0000095
all	555	13	1681766	0.0000077
all	556	18	1681766	0.0000107
all	557	21	1681766	0.0000125
all	558	31	1681766	0.0000184
all	559	11	1681766	0.0000065
all	560	27	1681766	0.0000161
all	561	21	1681766	0.0000125
all	562	16	1681766	0.0000095
all	563	27	1681766	0.0000161
all	564	14	1681766	0.0000083
all	565	28	1681766	0.0000166
all	566	32	1681766	0.0000190
all	567	11	1681766	0.0000065
all	568	17	1681766	0.0000101
all	569	10	1681766	0.0000059
all	570	40	1681766	0.0000238
all	571	15	1681766	0.0000089
all	572	13	1681766	0.0000077
all	573	7	1681766	0.0000042
all	574	18	1681766	0.0000107
all	575	33	1681766	0.0000196
all	576	24	1681766	0.0000143
all	577	15	1681766	0.0000089
all	578	19	1681766	0.0000113
all	579	34	1681766	0.0000202
all	580	33	1681766	0.0000196
all	581	12	1681766	0.0000071
all	582	14	1681766	0.0000083
all	583	23	1681766	0.0000137
all	584	23	1681766	0.0000137
all	585	18	1681766	0.0000107
all	586	16	1681766	0.0000095
all	587	15	1681766	0.0000089
all	588	18	1681766	0.0000107
all	589	19	1681766	0.0000113
all	590	24	1681766	0.0000143
all	591	17	1681766	0.0000101
all	592	48	1681766	0.0000285
all	593	11	1681766	0.0000065
all	594	20	1681766	0.0000119
all	595	14	1681766	0.0000083
all	596	8	1681766	0.0000048
all	597	9	1681766	0.0000054
all	598	31	1681766	0.0000184
all	599	17	1681766	0.0000101
all	600	52	1681766	0.0000309
all	601	26	1681766	0.0000155
all	602	21	1681766	0.0000125
all	603	10	1681766	0.0000059
all	604	7	1681766	0.0000042
all	605	2	1681766	0.0000012
all	606	18	1681766	0.0000107
all	607	16	1681766	0.0000095
all	608	12	1681766	0.0000071
all	609	15	1681766	0.0000089
all	610	8	1681766	0.0000048
all	611	21	1681766	0.0000125
all	612	15	1681766	0.0000089
all	613	12	1681766	0.0000071
all	614	14	1681766	0.0000083
all	615	15	1681766	0.0000089
all	616	21	1681766	0.0000125
all	617	15	1681766	0.0000089
all	618	22	1681766	0.0000131
all	619	27	1681766	0.0000161
all	620	7	1681766	0.0000042
all	621	17	1681766	0.0000101
all	622	18	1681766	0.0000107
all	623	6	1681766	0.0000036
all	624	20	1681766	0.0000119
all	625	29	1681766	0.0000172
all	626	4	1681766	0.0000024
all	627	3	1681766	0.0000018
all	628	18	1681766	0.0000107
all	629	30	1681766	0.0000178
all	630	5	1681766	0.0000030
all	631	14	1681766	0.0000083
all	632	17	1681766	0.0000101
all	633	17	1681766	0.0000101
all	634	20	1681766	0.0000119
all	635	18	1681766	0.0000107
all	636	20	1681766	0.0000119
all	637	14	1681766	0.0000083
all	638	20	1681766	0.0000119
all	639	9	1681766	0.0000054
all	640	7	1681766	0.0000042
all	641	22	1681766	0.0000131
all	642	26	1681766	0.0000155
all	643	16	1681766	0.0000095
all	644	13	1681766	0.0000077
all	645	22	1681766	0.0000131
all	646	16	1681766	0.0000095
all	647	29	1681766	0.0000172
all	648	37	1681766	0.0000220
all	649	19	1681766	0.0000113
all	650	14	1681766	0.0000083
all	651	11	1681766	0.0000065
all	652	15	1681766	0.0000089
all	653	24	1681766	0.0000143
all	654	13	1681766	0.0000077
all	655	30	1681766	0.0000178
all	656	6	1681766	0.0000036
all	657	11	1681766	0.0000065
all	658	7	1681766	0.0000042
all	659	29	1681766	0.0000172
all	660	18	1681766	0.0000107
all	661	8	1681766	0.0000048
all	662	23	1681766	0.0000137
all	663	30	1681766	0.0000178
all	664	23	1681766	0.0000137
all	665	7	1681766	0.0000042
all	666	21	1681766	0.0000125
all	667	7	1681766	0.0000042
all	668	18	1681766	0.0000107
all	669	24	1681766	0.0000143
all	670	40	1681766	0.0000238
all	671	29	1681766	0.0000172
all	672	17	1681766	0.0000101
all	673	33	1681766	0.0000196
all	674	22	1681766	0.0000131
all	675	21	1681766	0.0000125
all	676	18	1681766	0.0000107
all	677	14	1681766	0.0000083
all	678	10	1681766	0.0000059
all	679	17	1681766	0.0000101
all	680	5	1681766	0.0000030
all	681	16	1681766	0.0000095
all	682	7	1681766	0.0000042
all	683	10	1681766	0.0000059
all	684	10	1681766	0.0000059
all	685	10	1681766	0.0000059
all	686	7	1681766	0.0000042
all	687	28	1681766	0.0000166
all	688	32	1681766	0.0000190
all	689	32	1681766	0.0000190
all	690	17	1681766	0.0000101
all	691	9	1681766	0.0000054
all	692	7	1681766	0.0000042
all	693	9	1681766	0.0000054
all	694	4	1681766	0.0000024
all	695	84	1681766	0.0000499
all	696	15	1681766	0.0000089
all	697	22	1681766	0.0000131
all	698	9	1681766	0.0000054
all	699	12	1681766	0.0000071
all	700	14	1681766	0.0000083
all	701	10	1681766	0.0000059
all	702	13	1681766	0.0000077
all	703	22	1681766	0.0000131
all	704	27	1681766	0.0000161
all	705	8	1681766	0.0000048
all	706	18	1681766	0.0000107
all	707	11	1681766	0.0000065
all	708	13	1681766	0.0000077
all	709	14	1681766	0.0000083
all	710	16	1681766	0.0000095
all	711	14	1681766	0.0000083
all	712	21	1681766	0.0000125
all	713	7	1681766	0.0000042
all	714	32	1681766	0.0000190
all	715	25	1681766	0.0000149
all	716	8	1681766	0.0000048
all	717	7	1681766	0.0000042
all	718	8	1681766	0.0000048
all	719	8	1681766	0.0000048
all	720	14	1681766	0.0000083
all	721	25	1681766	0.0000149
all	722	3	1681766	0.0000018
all	723	12	1681766	0.0000071
all	724	8	1681766	0.0000048
all	725	10	1681766	0.0000059
all	726	17	1681766	0.0000101
all	727	18	1681766	0.0000107
all	728	11	1681766	0.0000065
all	729	4	1681766	0.0000024
all	730	3	1681766	0.0000018
all	731	12	1681766	0.0000071
all	732	10	1681766	0.0000059
all	733	5	1681766	0.0000030
all	734	11	1681766	0.0000065
all	735	7	1681766	0.0000042
all	736	9	1681766	0.0000054
all	737	7	1681766	0.0000042
all	738	3	1681766	0.0000018
all	739	18	1681766	0.0000107
all	740	2	1681766	0.0000012
all	741	13	1681766	0.0000077
all	742	9	1681766	0.0000054
all	743	3	1681766	0.0000018
all	744	20	1681766	0.0000119
all	745	8	1681766	0.0000048
all	746	5	1681766	0.0000030
all	747	4	1681766	0.0000024
all	748	6	1681766	0.0000036
all	749	5	1681766	0.0000030
all	750	7	1681766	0.0000042
all	751	12	1681766	0.0000071
all	752	7	1681766	0.0000042
all	753	9	1681766	0.0000054
all	754	6	1681766	0.0000036
all	755	11	1681766	0.0000065
all	756	7	1681766	0.0000042
all	757	5	1681766	0.0000030
all	758	6	1681766	0.0000036
all	759	11	1681766	0.0000065
all	760	15	1681766	0.0000089
all	761	4	1681766	0.0000024
all	762	10	1681766	0.0000059
all	763	8	1681766	0.0000048
all	764	4	1681766	0.0000024
all	765	5	1681766	0.0000030
all	766	11	1681766	0.0000065
all	767	5	1681766	0.0000030
all	768	8	1681766	0.0000048
all	769	12	1681766	0.0000071
all	770	19	1681766	0.0000113
all	771	20	1681766	0.0000119
all	772	4	1681766	0.0000024
all	773	9	1681766	0.0000054
all	774	6	1681766	0.0000036
all	775	13	1681766	0.0000077
all	776	9	1681766	0.0000054
all	777	6	1681766	0.0000036
all	778	6	1681766	0.0000036
all	779	8	1681766	0.0000048
all	780	14	1681766	0.0000083
all	781	14	1681766	0.0000083
all	782	11	1681766	0.0000065
all	783	30	1681766	0.0000178
all	784	4	1681766	0.0000024
all	785	8	1681766	0.0000048
all	786	9	1681766	0.0000054
all	787	7	1681766	0.0000042
all	788	13	1681766	0.0000077
all	789	5	1681766	0.0000030
all	790	12	1681766	0.0000071
all	791	10	1681766	0.0000059
all	792	11	1681766	0.0000065
all	793	9	1681766	0.0000054
all	794	18	1681766	0.0000107
all	795	14	1681766	0.0000083
all	796	10	1681766	0.0000059
all	797	14	1681766	0.0000083
all	798	13	1681766	0.0000077
all	799	5	1681766	0.0000030
all	800	13	1681766	0.0000077
all	801	17	1681766	0.0000101
all	802	6	1681766	0.0000036
all	803	17	1681766	0.0000101
all	804	13	1681766	0.0000077
all	805	9	1681766	0.0000054
all	806	37	1681766	0.0000220
all	807	64	1681766	0.0000381
all	808	5	1681766	0.0000030
all	809	11	1681766	0.0000065
all	810	7	1681766	0.0000042
all	811	10	1681766	0.0000059
all	812	10	1681766	0.0000059
all	813	8	1681766	0.0000048
all	814	1	1681766	0.0000006
all	815	9	1681766	0.0000054
all	816	7	1681766	0.0000042
all	817	6	1681766	0.0000036
all	818	15	1681766	0.0000089
all	819	19	1681766	0.0000113
all	820	13	1681766	0.0000077
all	821	10	1681766	0.0000059
all	822	9	1681766	0.0000054
all	823	6	1681766	0.0000036
all	824	13	1681766	0.0000077
all	825	13	1681766	0.0000077
all	826	6	1681766	0.0000036
all	827	13	1681766	0.0000077
all	828	12	1681766	0.0000071
all	829	23	1681766	0.0000137
all	830	6	1681766	0.0000036
all	831	7	1681766	0.0000042
all	832	8	1681766	0.0000048
all	833	4	1681766	0.0000024
all	834	5	1681766	0.0000030
all	835	9	1681766	0.0000054
all	836	11	1681766	0.0000065
all	837	5	1681766	0.0000030
all	838	33	1681766	0.0000196
all	839	9	1681766	0.0000054
all	840	10	1681766	0.0000059
all	841	4	1681766	0.0000024
all	842	18	1681766	0.0000107
all	843	6	1681766	0.0000036
all	844	8	1681766	0.0000048
all	845	13	1681766	0.0000077
all	846	11	1681766	0.0000065
all	847	10	1681766	0.0000059
all	848	23	1681766	0.0000137
all	849	11	1681766	0.0000065
all	850	17	1681766	0.0000101
all	851	84	1681766	0.0000499
all	852	10	1681766	0.0000059
all	853	11	1681766	0.0000065
all	854	21	1681766	0.0000125
all	855	3	1681766	0.0000018
all	856	13	1681766	0.0000077
all	857	20	1681766	0.0000119
all	858	24	1681766	0.0000143
all	859	11	1681766	0.0000065
all	860	21	1681766	0.0000125
all	861	11	1681766	0.0000065
all	862	17	1681766	0.0000101
all	863	8	1681766	0.0000048
all	864	17	1681766	0.0000101
all	865	12	1681766	0.0000071
all	866	11	1681766	0.0000065
all	867	18	1681766	0.0000107
all	868	23	1681766	0.0000137
all	869	9	1681766	0.0000054
all	870	9	1681766	0.0000054
all	871	8	1681766	0.0000048
all	872	26	1681766	0.0000155
all	873	13	1681766	0.0000077
all	874	9	1681766	0.0000054
all	875	9	1681766	0.0000054
all	876	12	1681766	0.0000071
all	877	25	1681766	0.0000149
all	878	16	1681766	0.0000095
all	879	9	1681766	0.0000054
all	880	15	1681766	0.0000089
all	881	19	1681766	0.0000113
all	882	22	1681766	0.0000131
all	883	32	1681766	0.0000190
all	884	34	1681766	0.0000202
all	885	35	1681766	0.0000208
all	886	32	1681766	0.0000190
all	887	12	1681766	0.0000071
all	888	4	1681766	0.0000024
all	889	20	1681766	0.0000119
all	890	19	1681766	0.0000113
all	891	25	1681766	0.0000149
all	892	19	1681766	0.0000113
all	893	20	1681766	0.0000119
all	894	20	1681766	0.0000119
all	895	17	1681766	0.0000101
all	896	12	1681766	0.0000071
all	897	22	1681766	0.0000131
all	898	17	1681766	0.0000101
all	899	11	1681766	0.0000065
all	900	3	1681766	0.0000018
all	901	19	1681766	0.0000113
all	902	12	1681766	0.0000071
all	903	16	1681766	0.0000095
all	904	12	1681766	0.0000071
all	905	20	1681766	0.0000119
all	906	43	1681766	0.0000256
all	907	9	1681766	0.0000054
all	908	26	1681766	0.0000155
all	909	3	1681766	0.0000018
all	910	7	1681766	0.0000042
all	911	8	1681766	0.0000048
all	912	11	1681766	0.0000065
all	913	6	1681766	0.0000036
all	914	7	1681766	0.0000042
all	915	8	1681766	0.0000048
all	916	8	1681766	0.0000048
all	917	13	1681766	0.0000077
all	918	18	1681766	0.0000107
all	919	10	1681766	0.0000059
all	920	6	1681766	0.0000036
all	921	18	1681766	0.0000107
all	922	17	1681766	0.0000101
all	923	14	1681766	0.0000083
all	924	7	1681766	0.0000042
all	925	7	1681766	0.0000042
all	926	14	1681766	0.0000083
all	927	16	1681766	0.0000095
all	928	20	1681766	0.0000119
all	929	8	1681766	0.0000048
all	930	7	1681766	0.0000042
all	931	30	1681766	0.0000178
all	932	5	1681766	0.0000030
all	933	6	1681766	0.0000036
all	934	9	1681766	0.0000054
all	935	11	1681766	0.0000065
all	936	8	1681766	0.0000048
all	937	15	1681766	0.0000089
all	938	2	1681766	0.0000012
all	939	6	1681766	0.0000036
all	940	16	1681766	0.0000095
all	941	6	1681766	0.0000036
all	942	17	1681766	0.0000101
all	943	6	1681766	0.0000036
all	944	9	1681766	0.0000054
all	945	9	1681766	0.0000054
all	946	12	1681766	0.0000071
all	947	30	1681766	0.0000178
all	948	22	1681766	0.0000131
all	949	8	1681766	0.0000048
all	950	19	1681766	0.0000113
all	951	5	1681766	0.0000030
all	952	11	1681766	0.0000065
all	953	3	1681766	0.0000018
all	954	7	1681766	0.0000042
all	955	23	1681766	0.0000137
all	956	5	1681766	0.0000030
all	957	7	1681766	0.0000042
all	958	12	1681766	0.0000071
all	959	3	1681766	0.0000018
all	960	8	1681766	0.0000048
all	961	8	1681766	0.0000048
all	962	17	1681766	0.0000101
all	963	13	1681766	0.0000077
all	964	13	1681766	0.0000077
all	965	12	1681766	0.0000071
all	966	7	1681766	0.0000042
all	967	11	1681766	0.0000065
all	968	9	1681766	0.0000054
all	969	12	1681766	0.0000071
all	970	6	1681766	0.0000036
all	971	19	1681766	0.0000113
all	972	11	1681766	0.0000065
all	973	7	1681766	0.0000042
all	974	9	1681766	0.0000054
all	975	6	1681766	0.0000036
all	976	17	1681766	0.0000101
all	977	3	1681766	0.0000018
all	978	14	1681766	0.0000083
all	979	8	1681766	0.0000048
all	980	22	1681766	0.0000131
all	981	16	1681766	0.0000095
all	982	12	1681766	0.0000071
all	983	12	1681766	0.0000071
all	984	18	1681766	0.0000107
all	985	6	1681766	0.0000036
all	986	13	1681766	0.0000077
all	987	12	1681766	0.0000071
all	988	5	1681766	0.0000030
all	989	16	1681766	0.0000095
all	990	18	1681766	0.0000107
all	991	15	1681766	0.0000089
all	992	14	1681766	0.0000083
all	993	10	1681766	0.0000059
all	994	12	1681766	0.0000071
all	995	21	1681766	0.0000125
all	996	29	1681766	0.0000172
all	997	9	1681766	0.0000054
all	998	15	1681766	0.0000089
all	999	13	1681766	0.0000077
all	1000	23	1681766	0.0000137
all	1001	9	1681766	0.0000054
all	1002	21	1681766	0.0000125
all	1003	18	1681766	0.0000107
all	1004	51	1681766	0.0000303
all	1005	23	1681766	0.0000137
all	1006	2	1681766	0.0000012
all	1007	13	1681766	0.0000077
all	1008	27	1681766	0.0000161
all	1009	11	1681766	0.0000065
all	1010	13	1681766	0.0000077
all	1011	12	1681766	0.0000071
all	1012	23	1681766	0.0000137
all	1013	27	1681766	0.0000161
all	1014	65	1681766	0.0000386
all	1015	16	1681766	0.0000095
all	1016	21	1681766	0.0000125
all	1017	4	1681766	0.0000024
all	1018	13	1681766	0.0000077
all	1019	18	1681766	0.0000107
all	1020	15	1681766	0.0000089
all	1021	25	1681766	0.0000149
all	1022	5	1681766	0.0000030
all	1023	5	1681766	0.0000030
all	1024	2	1681766	0.0000012
all	1025	20	1681766	0.0000119
all	1026	5	1681766	0.0000030
all	1027	10	1681766	0.0000059
all	1028	8	1681766	0.0000048
all	1029	3	1681766	0.0000018
all	1030	16	1681766	0.0000095
all	1031	4	1681766	0.0000024
all	1032	1	1681766	0.0000006
all	1033	3	1681766	0.0000018
all	1034	4	1681766	0.0000024
all	1035	5	1681766	0.0000030
all	1036	5	1681766	0.0000030
all	1037	2	1681766	0.0000012
all	1038	4	1681766	0.0000024
all	1039	14	1681766	0.0000083
all	1040	7	1681766	0.0000042
all	1041	3	1681766	0.0000018
all	1042	5	1681766	0.0000030
all	1043	14	1681766	0.0000083
all	1044	10	1681766	0.0000059
all	1045	1	1681766	0.0000006
all	1046	6	1681766	0.0000036
all	1047	1	1681766	0.0000006
all	1048	6	1681766	0.0000036
all	1049	2	1681766	0.0000012
all	1050	17	1681766	0.0000101
all	1051	4	1681766	0.0000024
all	1052	5	1681766	0.0000030
all	1053	8	1681766	0.0000048
all	1054	20	1681766	0.0000119
all	1055	4	1681766	0.0000024
all	1056	3	1681766	0.0000018
all	1057	1	1681766	0.0000006
all	1058	7	1681766	0.0000042
all	1059	12	1681766	0.0000071
all	1060	2	1681766	0.0000012
all	1061	15	1681766	0.0000089
all	1062	1	1681766	0.0000006
all	1063	6	1681766	0.0000036
all	1064	18	1681766	0.0000107
all	1065	29	1681766	0.0000172
all	1066	11	1681766	0.0000065
all	1067	8	1681766	0.0000048
all	1068	9	1681766	0.0000054
all	1069	20	1681766	0.0000119
all	1070	6	1681766	0.0000036
all	1071	6	1681766	0.0000036
all	1072	4	1681766	0.0000024
all	1073	3	1681766	0.0000018
all	1074	22	1681766	0.0000131
all	1075	5	1681766	0.0000030
all	1076	2	1681766	0.0000012
all	1077	15	1681766	0.0000089
all	1078	9	1681766	0.0000054
all	1079	14	1681766	0.0000083
all	1080	5	1681766	0.0000030
all	1081	6	1681766	0.0000036
all	1082	17	1681766	0.0000101
all	1083	5	1681766	0.0000030
all	1084	37	1681766	0.0000220
all	1085	1	1681766	0.0000006
all	1086	9	1681766	0.0000054
all	1087	4	1681766	0.0000024
all	1088	18	1681766	0.0000107
all	1089	6	1681766	0.0000036
all	1090	20	1681766	0.0000119
all	1091	12	1681766	0.0000071
all	1092	11	1681766	0.0000065
all	1093	21	1681766	0.0000125
all	1094	4	1681766	0.0000024
all	1095	5	1681766	0.0000030
all	1096	4	1681766	0.0000024
all	1097	3	1681766	0.0000018
all	1098	6	1681766	0.0000036
all	1099	9	1681766	0.0000054
all	1100	10	1681766	0.0000059
all	1101	8	1681766	0.0000048
all	1102	3	1681766	0.0000018
all	1103	29	1681766	0.0000172
all	1104	13	1681766	0.0000077
all	1105	78	1681766	0.0000464
all	1106	24	1681766	0.0000143
all	1107	24	1681766	0.0000143
all	1108	31	1681766	0.0000184
all	1109	10	1681766	0.0000059
all	1110	73	1681766	0.0000434
all	1111	24	1681766	0.0000143
all	1112	59	1681766	0.0000351
all	1113	57	1681766	0.0000339
all	1114	21	1681766	0.0000125
all	1115	14	1681766	0.0000083
all	1116	8	1681766	0.0000048
all	1117	16	1681766	0.0000095
all	1118	3	1681766	0.0000018
all	1119	5	1681766	0.0000030
all	1120	7	1681766	0.0000042
all	1121	3	1681766	0.0000018
all	1122	5	1681766	0.0000030
all	1123	6	1681766	0.0000036
all	1124	8	1681766	0.0000048
all	1125	6	1681766	0.0000036
all	1126	4	1681766	0.0000024
all	1127	13	1681766	0.0000077
all	1128	3	1681766	0.0000018
all	1129	4	1681766	0.0000024
all	1130	6	1681766	0.0000036
all	1131	3	1681766	0.0000018
all	1132	2	1681766	0.0000012
all	1133	1	1681766	0.0000006
all	1134	2	1681766	0.0000012
all	1135	4	1681766	0.0000024
all	1136	3	1681766	0.0000018
all	1137	20	1681766	0.0000119
all	1138	6	1681766	0.0000036
all	1139	5	1681766	0.0000030
all	1140	6	1681766	0.0000036
all	1141	8	1681766	0.0000048
all	1142	6	1681766	0.0000036
all	1143	6	1681766	0.0000036
all	1144	2	1681766	0.0000012
all	1145	10	1681766	0.0000059
all	1146	3	1681766	0.0000018
all	1147	2	1681766	0.0000012
all	1148	1	1681766	0.0000006
all	1149	2	1681766	0.0000012
all	1150	10	1681766	0.0000059
all	1151	9	1681766	0.0000054
all	1152	6	1681766	0.0000036
all	1153	7	1681766	0.0000042
all	1154	8	1681766	0.0000048
all	1155	6	1681766	0.0000036
all	1156	4	1681766	0.0000024
all	1157	5	1681766	0.0000030
all	1158	5	1681766	0.0000030
all	1159	3	1681766	0.0000018
all	1160	3	1681766	0.0000018
all	1161	4	1681766	0.0000024
all	1162	7	1681766	0.0000042
all	1163	8	1681766	0.0000048
all	1164	15	1681766	0.0000089
all	1165	10	1681766	0.0000059
all	1166	3	1681766	0.0000018
all	1167	2	1681766	0.0000012
all	1168	5	1681766	0.0000030
all	1169	12	1681766	0.0000071
all	1170	2	1681766	0.0000012
all	1171	7	1681766	0.0000042
all	1172	4	1681766	0.0000024
all	1173	3	1681766	0.0000018
all	1174	9	1681766	0.0000054
all	1175	14	1681766	0.0000083
all	1176	4	1681766	0.0000024
all	1177	2	1681766	0.0000012
all	1178	3	1681766	0.0000018
all	1179	2	1681766	0.0000012
all	1180	4	1681766	0.0000024
all	1181	5	1681766	0.0000030
all	1182	5	1681766	0.0000030
all	1183	10	1681766	0.0000059
all	1184	6	1681766	0.0000036
all	1185	5	1681766	0.0000030
all	1186	7	1681766	0.0000042
all	1187	3	1681766	0.0000018
all	1188	3	1681766	0.0000018
all	1189	17	1681766	0.0000101
all	1190	13	1681766	0.0000077
all	1191	8	1681766	0.0000048
all	1192	12	1681766	0.0000071
all	1193	11	1681766	0.0000065
all	1194	2	1681766	0.0000012
all	1195	2	1681766	0.0000012
all	1196	13	1681766	0.0000077
all	1197	5	1681766	0.0000030
all	1198	9	1681766	0.0000054
all	1199	3	1681766	0.0000018
all	1200	14	1681766	0.0000083
all	1201	5	1681766	0.0000030
all	1202	14	1681766	0.0000083
all	1203	12	1681766	0.0000071
all	1204	14	1681766	0.0000083
all	1205	8	1681766	0.0000048
all	1206	10	1681766	0.0000059
all	1207	7	1681766	0.0000042
all	1208	4	1681766	0.0000024
all	1209	5	1681766	0.0000030
all	1210	7	1681766	0.0000042
all	1211	4	1681766	0.0000024
all	1212	8	1681766	0.0000048
all	1213	10	1681766	0.0000059
all	1214	7	1681766	0.0000042
all	1215	8	1681766	0.0000048
all	1216	6	1681766	0.0000036
all	1217	9	1681766	0.0000054
all	1219	2	1681766	0.0000012
all	1220	2	1681766	0.0000012
all	1221	7	1681766	0.0000042
all	1222	3	1681766	0.0000018
all	1223	16	1681766	0.0000095
all	1224	7	1681766	0.0000042
all	1225	1	1681766	0.0000006
all	1226	1	1681766	0.0000006
all	1227	2	1681766	0.0000012
all	1228	4	1681766	0.0000024
all	1229	3	1681766	0.0000018
all	1230	4	1681766	0.0000024
all	1231	5	1681766	0.0000030
all	1232	4	1681766	0.0000024
all	1233	7	1681766	0.0000042
all	1234	17	1681766	0.0000101
all	1235	2	1681766	0.0000012
all	1236	4	1681766	0.0000024
all	1237	3	1681766	0.0000018
all	1238	2	1681766	0.0000012
all	1239	3	1681766	0.0000018
all	1240	3	1681766	0.0000018
all	1241	6	1681766	0.0000036
all	1242	4	1681766	0.0000024
all	1243	1	1681766	0.0000006
all	1244	4	1681766	0.0000024
all	1245	1	1681766	0.0000006
all	1247	9	1681766	0.0000054
all	1248	6	1681766	0.0000036
all	1249	7	1681766	0.0000042
all	1250	2	1681766	0.0000012
all	1251	3	1681766	0.0000018
all	1252	3	1681766	0.0000018
all	1253	5	1681766	0.0000030
all	1254	4	1681766	0.0000024
all	1255	3	1681766	0.0000018
all	1256	5	1681766	0.0000030
all	1257	5	1681766	0.0000030
all	1258	2	1681766	0.0000012
all	1259	5	1681766	0.0000030
all	1260	8	1681766	0.0000048
all	1261	3	1681766	0.0000018
all	1262	6	1681766	0.0000036
all	1263	1	1681766	0.0000006
all	1264	8	1681766	0.0000048
all	1265	2	1681766	0.0000012
all	1266	11	1681766	0.0000065
all	1267	31	1681766	0.0000184
all	1268	3	1681766	0.0000018
all	1269	5	1681766	0.0000030
all	1270	1	1681766	0.0000006
all	1271	6	1681766	0.0000036
all	1272	2	1681766	0.0000012
all	1273	10	1681766	0.0000059
all	1274	21	1681766	0.0000125
all	1275	3	1681766	0.0000018
all	1276	6	1681766	0.0000036
all	1277	6	1681766	0.0000036
all	1278	1	1681766	0.0000006
all	1279	1	1681766	0.0000006
all	1280	8	1681766	0.0000048
all	1281	7	1681766	0.0000042
all	1282	1	1681766	0.0000006
all	1283	4	1681766	0.0000024
all	1284	4	1681766	0.0000024
all	1285	1	1681766	0.0000006
all	1286	5	1681766	0.0000030
all	1288	3	1681766	0.0000018
all	1289	5	1681766	0.0000030
all	1290	1	1681766	0.0000006
all	1291	5	1681766	0.0000030
all	1292	2	1681766	0.0000012
all	1293	4	1681766	0.0000024
all	1294	1	1681766	0.0000006
all	1295	3	1681766	0.0000018
all	1296	6	1681766	0.0000036
all	1297	2	1681766	0.0000012
all	1298	19	1681766	0.0000113
all	1299	3	1681766	0.0000018
all	1300	1	1681766	0.0000006
all	1301	6	1681766	0.0000036
all	1302	7	1681766	0.0000042
all	1303	1	1681766	0.0000006
all	1304	9	1681766	0.0000054
all	1305	9	1681766	0.0000054
all	1307	2	1681766	0.0000012
all	1308	4	1681766	0.0000024
all	1309	2	1681766	0.0000012
all	1310	3	1681766	0.0000018
all	1311	6	1681766	0.0000036
all	1312	4	1681766	0.0000024
all	1313	3	1681766	0.0000018
all	1314	6	1681766	0.0000036
all	1315	1	1681766	0.0000006
all	1316	5	1681766	0.0000030
all	1317	3	1681766	0.0000018
all	1318	3	1681766	0.0000018
all	1319	5	1681766	0.0000030
all	1320	15	1681766	0.0000089
all	1321	10	1681766	0.0000059
all	1323	4	1681766	0.0000024
all	1324	1	1681766	0.0000006
all	1325	7	1681766	0.0000042
all	1326	8	1681766	0.0000048
all	1327	2	1681766	0.0000012
all	1328	2	1681766	0.0000012
all	1329	3	1681766	0.0000018
all	1330	3	1681766	0.0000018
all	1331	6	1681766	0.0000036
all	1332	4	1681766	0.0000024
all	1333	4	1681766	0.0000024
all	1334	4	1681766	0.0000024
all	1335	9	1681766	0.0000054
all	1336	3	1681766	0.0000018
all	1337	5	1681766	0.0000030
all	1338	2	1681766	0.0000012
all	1339	3	1681766	0.0000018
all	1340	1	1681766	0.0000006
all	1341	3	1681766	0.0000018
all	1342	6	1681766	0.0000036
all	1343	9	1681766	0.0000054
all	1344	5	1681766	0.0000030
all	1345	9	1681766	0.0000054
all	1346	2	1681766	0.0000012
all	1347	7	1681766	0.0000042
all	1348	8	1681766	0.0000048
all	1349	2	1681766	0.0000012
all	1350	7	1681766	0.0000042
all	1351	11	1681766	0.0000065
all	1353	3	1681766	0.0000018
all	1354	3	1681766	0.0000018
all	1355	13	1681766	0.0000077
all	1356	7	1681766	0.0000042
all	1357	4	1681766	0.0000024
all	1358	6	1681766	0.0000036
all	1359	18	1681766	0.0000107
all	1360	6	1681766	0.0000036
all	1361	2	1681766	0.0000012
all	1362	3	1681766	0.0000018
all	1363	9	1681766	0.0000054
all	1364	12	1681766	0.0000071
all	1365	12	1681766	0.0000071
all	1366	8	1681766	0.0000048
all	1367	19	1681766	0.0000113
all	1368	8	1681766	0.0000048
all	1369	4	1681766	0.0000024
all	1370	11	1681766	0.0000065
all	1371	11	1681766	0.0000065
all	1372	9	1681766	0.0000054
all	1373	4	1681766	0.0000024
all	1374	8	1681766	0.0000048
all	1375	5	1681766	0.0000030
all	1376	5	1681766	0.0000030
all	1377	8	1681766	0.0000048
all	1378	4	1681766	0.0000024
all	1379	19	1681766	0.0000113
all	1380	2	1681766	0.0000012
all	1381	6	1681766	0.0000036
all	1382	4	1681766	0.0000024
all	1383	8	1681766	0.0000048
all	1384	4	1681766	0.0000024
all	1385	16	1681766	0.0000095
all	1386	5	1681766	0.0000030
all	1387	7	1681766	0.0000042
all	1388	6	1681766	0.0000036
all	1389	6	1681766	0.0000036
all	1390	3	1681766	0.0000018
all	1391	8	1681766	0.0000048
all	1392	1	1681766	0.0000006
all	1393	2	1681766	0.0000012
all	1394	8	1681766	0.0000048
all	1395	13	1681766	0.0000077
all	1396	4	1681766	0.0000024
all	1397	15	1681766	0.0000089
all	1398	8	1681766	0.0000048
all	1399	8	1681766	0.0000048
all	1400	1	1681766	0.0000006
all	1401	3	1681766	0.0000018
all	1402	4	1681766	0.0000024
all	1403	3	1681766	0.0000018
all	1404	5	1681766	0.0000030
all	1405	2	1681766	0.0000012
all	1406	2	1681766	0.0000012
all	1407	2	1681766	0.0000012
all	1408	1	1681766	0.0000006
all	1409	72	1681766	0.0000428
all	1410	44	1681766	0.0000262
all	1411	79	1681766	0.0000470
all	1412	7	1681766	0.0000042
all	1413	3	1681766	0.0000018
all	1414	4	1681766	0.0000024
all	1415	4	1681766	0.0000024
all	1416	5	1681766	0.0000030
all	1417	3	1681766	0.0000018
all	1418	9	1681766	0.0000054
all	1419	1	1681766	0.0000006
all	1420	7	1681766	0.0000042
all	1421	8	1681766	0.0000048
all	1422	4	1681766	0.0000024
all	1423	11	1681766	0.0000065
all	1424	6	1681766	0.0000036
all	1425	7	1681766	0.0000042
all	1426	6	1681766	0.0000036
all	1427	12	1681766	0.0000071
all	1428	16	1681766	0.0000095
all	1429	2	1681766	0.0000012
all	1430	22	1681766	0.0000131
all	1431	10	1681766	0.0000059
all	1432	33	1681766	0.0000196
all	1433	6	1681766	0.0000036
all	1434	4	1681766	0.0000024
all	1435	2	1681766	0.0000012
all	1436	4	1681766	0.0000024
all	1437	1	1681766	0.0000006
all	1438	11	1681766	0.0000065
all	1439	7	1681766	0.0000042
all	1440	9	1681766	0.0000054
all	1441	4	1681766	0.0000024
all	1442	4	1681766	0.0000024
all	1443	8	1681766	0.0000048
all	1444	9	1681766	0.0000054
all	1445	1	1681766	0.0000006
all	1446	21	1681766	0.0000125
all	1447	6	1681766	0.0000036
all	1448	10	1681766	0.0000059
all	1449	2	1681766	0.0000012
all	1450	30	1681766	0.0000178
all	1451	1	1681766	0.0000006
all	1452	10	1681766	0.0000059
all	1453	11	1681766	0.0000065
all	1454	5	1681766	0.0000030
all	1455	2	1681766	0.0000012
all	1456	14	1681766	0.0000083
all	1457	13	1681766	0.0000077
all	1458	4	1681766	0.0000024
all	1459	6	1681766	0.0000036
all	1460	19	1681766	0.0000113
all	1461	60	1681766	0.0000357
all	1462	9	1681766	0.0000054
all	1463	24	1681766	0.0000143
all	1464	24	1681766	0.0000143
all	1465	4	1681766	0.0000024
all	1466	4	1681766	0.0000024
all	1467	10	1681766	0.0000059
all	1468	7	1681766	0.0000042
all	1469	6	1681766	0.0000036
all	1470	2	1681766	0.0000012
all	1471	7	1681766	0.0000042
all	1472	8	1681766	0.0000048
all	1473	5	1681766	0.0000030
all	1474	6	1681766	0.0000036
all	1475	9	1681766	0.0000054
all	1476	4	1681766	0.0000024
all	1477	9	1681766	0.0000054
all	1478	4	1681766	0.0000024
all	1479	10	1681766	0.0000059
all	1480	3	1681766	0.0000018
all	1481	2	1681766	0.0000012
all	1482	3	1681766	0.0000018
all	1483	2	1681766	0.0000012
all	1485	2	1681766	0.0000012
all	1488	4	1681766	0.0000024
all	1489	1	1681766	0.0000006
all	1490	2	1681766	0.0000012
all	1491	4	1681766	0.0000024
all	1492	4	1681766	0.0000024
all	1495	2	1681766	0.0000012
all	1496	3	1681766	0.0000018
all	1498	1	1681766	0.0000006
all	1499	1	1681766	0.0000006
all	1500	8	1681766	0.0000048
all	1501	2	1681766	0.0000012
all	1502	2	1681766	0.0000012
all	1504	4	1681766	0.0000024
all	1505	1	1681766	0.0000006
all	1506	3	1681766	0.0000018
all	1507	1	1681766	0.0000006
all	1509	3	1681766	0.0000018
all	1511	3	1681766	0.0000018
all	1513	2	1681766	0.0000012
all	1514	1	1681766	0.0000006
all	1515	6	1681766	0.0000036
all	1516	2	1681766	0.0000012
all	1517	2	1681766	0.0000012
all	1518	2	1681766	0.0000012
all	1519	3	1681766	0.0000018
all	1520	4	1681766	0.0000024
all	1521	2	1681766	0.0000012
all	1522	3	1681766	0.0000018
all	1524	1	1681766	0.0000006
all	1525	5	1681766	0.0000030
all	1526	1	1681766	0.0000006
all	1527	1	1681766	0.0000006
all	1528	4	1681766	0.0000024
all	1529	2	1681766	0.0000012
all	1530	1	1681766	0.0000006
all	1531	4	1681766	0.0000024
all	1532	1	1681766	0.0000006
all	1533	2	1681766	0.0000012
all	1534	3	1681766	0.0000018
all	1536	2	1681766	0.0000012
all	1537	1	1681766	0.0000006
all	1538	8	1681766	0.0000048
all	1540	4	1681766	0.0000024
all	1541	2	1681766	0.0000012
all	1542	1	1681766	0.0000006
all	1544	1	1681766	0.0000006
all	1545	3	1681766	0.0000018
all	1546	1	1681766	0.0000006
all	1547	2	1681766	0.0000012
all	1548	1	1681766	0.0000006
all	1549	2	1681766	0.0000012
all	1550	5	1681766	0.0000030
all	1551	5	1681766	0.0000030
all	1552	3	1681766	0.0000018
all	1553	2	1681766	0.0000012
all	1554	1	1681766	0.0000006
all	1555	3	1681766	0.0000018
all	1556	1	1681766	0.0000006
all	1558	6	1681766	0.0000036
all	1559	4	1681766	0.0000024
all	1560	1	1681766	0.0000006
all	1561	6	1681766	0.0000036
all	1562	3	1681766	0.0000018
all	1563	3	1681766	0.0000018
all	1564	1	1681766	0.0000006
all	1565	4	1681766	0.0000024
all	1566	8	1681766	0.0000048
all	1567	3	1681766	0.0000018
all	1568	3	1681766	0.0000018
all	1569	3	1681766	0.0000018
all	1570	2	1681766	0.0000012
all	1571	4	1681766	0.0000024
all	1572	8	1681766	0.0000048
all	1573	3	1681766	0.0000018
all	1574	2	1681766	0.0000012
all	1575	4	1681766	0.0000024
all	1576	2	1681766	0.0000012
all	1577	2	1681766	0.0000012
all	1578	7	1681766	0.0000042
all	1579	5	1681766	0.0000030
all	1581	4	1681766	0.0000024
all	1582	3	1681766	0.0000018
all	1583	2	1681766	0.0000012
all	1584	3	1681766	0.0000018
all	1585	2	1681766	0.0000012
all	1586	2	1681766	0.0000012
all	1587	5	1681766	0.0000030
all	1588	8	1681766	0.0000048
all	1589	1	1681766	0.0000006
all	1591	4	1681766	0.0000024
all	1592	2	1681766	0.0000012
all	1593	2	1681766	0.0000012
all	1594	1	1681766	0.0000006
all	1595	3	1681766	0.0000018
all	1596	2	1681766	0.0000012
all	1597	2	1681766	0.0000012
all	1598	2	1681766	0.0000012
all	1599	1	1681766	0.0000006
all	1600	5	1681766	0.0000030
all	1601	3	1681766	0.0000018
all	1602	3	1681766	0.0000018
all	1603	9	1681766	0.0000054
all	1604	1	1681766	0.0000006
all	1605	3	1681766	0.0000018
all	1606	3	1681766	0.0000018
all	1607	2	1681766	0.0000012
all	1608	3	1681766	0.0000018
all	1610	4	1681766	0.0000024
all	1611	8	1681766	0.0000048
all	1612	3	1681766	0.0000018
all	1613	7	1681766	0.0000042
all	1614	4	1681766	0.0000024
all	1615	2	1681766	0.0000012
all	1616	2	1681766	0.0000012
all	1618	5	1681766	0.0000030
all	1619	3	1681766	0.0000018
all	1620	2	1681766	0.0000012
all	1621	3	1681766	0.0000018
all	1622	2	1681766	0.0000012
all	1623	5	1681766	0.0000030
all	1624	3	1681766	0.0000018
all	1625	3	1681766	0.0000018
all	1626	8	1681766	0.0000048
all	1628	1	1681766	0.0000006
all	1629	4	1681766	0.0000024
all	1630	5	1681766	0.0000030
all	1631	6	1681766	0.0000036
all	1632	4	1681766	0.0000024
all	1633	5	1681766	0.0000030
all	1634	1	1681766	0.0000006
all	1635	1	1681766	0.0000006
all	1636	6	1681766	0.0000036
all	1637	6	1681766	0.0000036
all	1638	4	1681766	0.0000024
all	1639	1	1681766	0.0000006
all	1643	1	1681766	0.0000006
all	1644	3	1681766	0.0000018
all	1645	1	1681766	0.0000006
all	1646	2	1681766	0.0000012
all	1647	1	1681766	0.0000006
all	1648	3	1681766	0.0000018
all	1649	2	1681766	0.0000012
all	1650	1	1681766	0.0000006
all	1651	3	1681766	0.0000018
all	1652	1	1681766	0.0000006
all	1654	1	1681766	0.0000006
all	1655	3	1681766	0.0000018
all	1656	4	1681766	0.0000024
all	1657	4	1681766	0.0000024
all	1658	5	1681766	0.0000030
all	1659	3	1681766	0.0000018
all	1660	4	1681766	0.0000024
all	1661	3	1681766	0.0000018
all	1662	3	1681766	0.0000018
all	1663	1	1681766	0.0000006
all	1664	6	1681766	0.0000036
all	1665	4	1681766	0.0000024
all	1666	1	1681766	0.0000006
all	1667	3	1681766	0.0000018
all	1669	4	1681766	0.0000024
all	1670	4	1681766	0.0000024
all	1671	1	1681766	0.0000006
all	1672	2	1681766	0.0000012
all	1673	3	1681766	0.0000018
all	1675	2	1681766	0.0000012
all	1677	1	1681766	0.0000006
all	1678	5	1681766	0.0000030
all	1679	2	1681766	0.0000012
all	1680	2	1681766	0.0000012
all	1682	2	1681766	0.0000012
all	1683	2	1681766	0.0000012
all	1684	2	1681766	0.0000012
all	1687	2	1681766	0.0000012
all	1688	4	1681766	0.0000024
all	1689	2	1681766	0.0000012
all	1690	4	1681766	0.0000024
all	1691	1	1681766	0.0000006
all	1692	1	1681766	0.0000006
all	1693	2	1681766	0.0000012
all	1695	3	1681766	0.0000018
all	1696	2	1681766	0.0000012
all	1697	2	1681766	0.0000012
all	1699	3	1681766	0.0000018
all	1700	1	1681766	0.0000006
all	1701	4	1681766	0.0000024
all	1702	2	1681766	0.0000012
all	1703	3	1681766	0.0000018
all	1704	3	1681766	0.0000018
all	1705	2	1681766	0.0000012
all	1706	1	1681766	0.0000006
all	1707	4	1681766	0.0000024
all	1708	2	1681766	0.0000012
all	1711	1	1681766	0.0000006
all	1712	1	1681766	0.0000006
all	1713	1	1681766	0.0000006
all	1715	1	1681766	0.0000006
all	1716	1	1681766	0.0000006
all	1717	2	1681766	0.0000012
all	1718	4	1681766	0.0000024
all	1721	5	1681766	0.0000030
all	1722	1	1681766	0.0000006
all	1723	3	1681766	0.0000018
all	1724	3	1681766	0.0000018
all	1725	1	1681766	0.0000006
all	1726	2	1681766	0.0000012
all	1727	2	1681766	0.0000012
all	1728	1	1681766	0.0000006
all	1729	1	1681766	0.0000006
all	1732	3	1681766	0.0000018
all	1733	1	1681766	0.0000006
all	1735	7	1681766	0.0000042
all	1736	2	1681766	0.0000012
all	1738	2	1681766	0.0000012
all	1739	3	1681766	0.0000018
all	1740	2	1681766	0.0000012
all	1741	1	1681766	0.0000006
all	1743	3	1681766	0.0000018
all	1744	2	1681766	0.0000012
all	1745	1	1681766	0.0000006
all	1746	1	1681766	0.0000006
all	1748	4	1681766	0.0000024
all	1750	3	1681766	0.0000018
all	1752	1	1681766	0.0000006
all	1753	1	1681766	0.0000006
all	1754	1	1681766	0.0000006
all	1755	5	1681766	0.0000030
all	1756	1	1681766	0.0000006
all	1757	1	1681766	0.0000006
all	1758	2	1681766	0.0000012
all	1760	1	1681766	0.0000006
all	1761	2	1681766	0.0000012
all	1762	4	1681766	0.0000024
all	1764	5	1681766	0.0000030
all	1765	2	1681766	0.0000012
all	1768	3	1681766	0.0000018
all	1769	1	1681766	0.0000006
all	1770	2	1681766	0.0000012
all	1774	1	1681766	0.0000006
all	1776	1	1681766	0.0000006
all	1777	5	1681766	0.0000030
all	1778	2	1681766	0.0000012
all	1779	1	1681766	0.0000006
all	1780	1	1681766	0.0000006
all	1781	2	1681766	0.0000012
all	1782	2	1681766	0.0000012
all	1783	4	1681766	0.0000024
all	1784	1	1681766	0.0000006
all	1785	2	1681766	0.0000012
all	1786	1	1681766	0.0000006
all	1787	4	1681766	0.0000024
all	1788	1	1681766	0.0000006
all	1789	2	1681766	0.0000012
all	1790	3	1681766	0.0000018
all	1792	7	1681766	0.0000042
all	1793	2	1681766	0.0000012
all	1794	1	1681766	0.0000006
all	1795	2	1681766	0.0000012
all	1796	2	1681766	0.0000012
all	1797	5	1681766	0.0000030
all	1798	2	1681766	0.0000012
all	1799	2	1681766	0.0000012
all	1800	2	1681766	0.0000012
all	1801	4	1681766	0.0000024
all	1802	5	1681766	0.0000030
all	1803	1	1681766	0.0000006
all	1804	3	1681766	0.0000018
all	1805	3	1681766	0.0000018
all	1806	2	1681766	0.0000012
all	1807	5	1681766	0.0000030
all	1808	2	1681766	0.0000012
all	1809	4	1681766	0.0000024
all	1810	2	1681766	0.0000012
all	1812	1	1681766	0.0000006
all	1813	8	1681766	0.0000048
all	1815	3	1681766	0.0000018
all	1816	2	1681766	0.0000012
all	1817	2	1681766	0.0000012
all	1818	4	1681766	0.0000024
all	1819	6	1681766	0.0000036
all	1820	2	1681766	0.0000012
all	1821	7	1681766	0.0000042
all	1824	3	1681766	0.0000018
all	1825	1	1681766	0.0000006
all	1826	1	1681766	0.0000006
all	1827	1	1681766	0.0000006
all	1828	4	1681766	0.0000024
all	1829	1	1681766	0.0000006
all	1830	10	1681766	0.0000059
all	1832	1	1681766	0.0000006
all	1833	2	1681766	0.0000012
all	1834	2	1681766	0.0000012
all	1835	2	1681766	0.0000012
all	1836	15	1681766	0.0000089
all	1837	9	1681766	0.0000054
all	1838	9	1681766	0.0000054
all	1839	13	1681766	0.0000077
all	1840	3	1681766	0.0000018
all	1841	1	1681766	0.0000006
all	1842	1	1681766	0.0000006
all	1843	4	1681766	0.0000024
all	1844	3	1681766	0.0000018
all	1846	1	1681766	0.0000006
all	1848	1	1681766	0.0000006
all	1849	4	1681766	0.0000024
all	1850	1	1681766	0.0000006
all	1853	2	1681766	0.0000012
all	1854	2	1681766	0.0000012
all	1856	5	1681766	0.0000030
all	1857	3	1681766	0.0000018
all	1859	2	1681766	0.0000012
all	1860	1	1681766	0.0000006
all	1861	2	1681766	0.0000012
all	1862	3	1681766	0.0000018
all	1863	1	1681766	0.0000006
all	1864	1	1681766	0.0000006
all	1866	2	1681766	0.0000012
all	1867	5	1681766	0.0000030
all	1868	3	1681766	0.0000018
all	1869	2	1681766	0.0000012
all	1870	2	1681766	0.0000012
all	1872	1	1681766	0.0000006
all	1873	1	1681766	0.0000006
all	1875	1	1681766	0.0000006
all	1876	2	1681766	0.0000012
all	1877	3	1681766	0.0000018
all	1878	4	1681766	0.0000024
all	1879	2	1681766	0.0000012
all	1880	3	1681766	0.0000018
all	1882	2	1681766	0.0000012
all	1883	1	1681766	0.0000006
all	1885	1	1681766	0.0000006
all	1886	8	1681766	0.0000048
all	1889	1	1681766	0.0000006
all	1891	3	1681766	0.0000018
all	1892	3	1681766	0.0000018
all	1893	2	1681766	0.0000012
all	1894	1	1681766	0.0000006
all	1895	2	1681766	0.0000012
all	1896	4	1681766	0.0000024
all	1897	3	1681766	0.0000018
all	1898	1	1681766	0.0000006
all	1899	4	1681766	0.0000024
all	1900	2	1681766	0.0000012
all	1901	3	1681766	0.0000018
all	1902	3	1681766	0.0000018
all	1903	2	1681766	0.0000012
all	1905	6	1681766	0.0000036
all	1906	1	1681766	0.0000006
all	1907	2	1681766	0.0000012
all	1908	6	1681766	0.0000036
all	1910	3	1681766	0.0000018
all	1911	3	1681766	0.0000018
all	1912	3	1681766	0.0000018
all	1913	4	1681766	0.0000024
all	1915	5	1681766	0.0000030
all	1916	3	1681766	0.0000018
all	1917	2	1681766	0.0000012
all	1918	1	1681766	0.0000006
all	1919	1	1681766	0.0000006
all	1920	5	1681766	0.0000030
all	1921	5	1681766	0.0000030
all	1922	1	1681766	0.0000006
all	1923	4	1681766	0.0000024
all	1924	4	1681766	0.0000024
all	1925	9	1681766	0.0000054
all	1927	6	1681766	0.0000036
all	1928	6	1681766	0.0000036
all	1929	2	1681766	0.0000012
all	1930	8	1681766	0.0000048
all	1931	3	1681766	0.0000018
all	1932	10	1681766	0.0000059
all	1933	1	1681766	0.0000006
all	1934	4	1681766	0.0000024
all	1935	2	1681766	0.0000012
all	1936	10	1681766	0.0000059
all	1937	2	1681766	0.0000012
all	1938	1	1681766	0.0000006
all	1939	3	1681766	0.0000018
all	1940	7	1681766	0.0000042
all	1941	8	1681766	0.0000048
all	1942	12	1681766	0.0000071
all	1943	9	1681766	0.0000054
all	1944	8	1681766	0.0000048
all	1945	2	1681766	0.0000012
all	1946	8	1681766	0.0000048
all	1947	2	1681766	0.0000012
all	1948	2	1681766	0.0000012
all	1949	2	1681766	0.0000012
all	1950	4	1681766	0.0000024
all	1951	5	1681766	0.0000030
all	1952	7	1681766	0.0000042
all	1953	7	1681766	0.0000042
all	1954	8	1681766	0.0000048
all	1955	2	1681766	0.0000012
all	1957	4	1681766	0.0000024
all	1958	3	1681766	0.0000018
all	1959	10	1681766	0.0000059
all	1960	2	1681766	0.0000012
all	1961	8	1681766	0.0000048
all	1963	2	1681766	0.0000012
all	1965	1	1681766	0.0000006
all	1966	1	1681766	0.0000006
all	1967	8	1681766	0.0000048
all	1969	2	1681766	0.0000012
all	1970	5	1681766	0.0000030
all	1971	4	1681766	0.0000024
all	1972	1	1681766	0.0000006
all	1973	2	1681766	0.0000012
all	1974	2	1681766	0.0000012
all	1975	2	1681766	0.0000012
all	1978	2	1681766	0.0000012
all	1979	5	1681766	0.0000030
all	1980	1	1681766	0.0000006
all	1984	1	1681766	0.0000006
all	1985	4	1681766	0.0000024
all	1986	3	1681766	0.0000018
all	1987	1	1681766	0.0000006
all	1989	2	1681766	0.0000012
all	1990	2	1681766	0.0000012
all	1991	1	1681766	0.0000006
all	1992	2	1681766	0.0000012
all	1993	4	1681766	0.0000024
all	1994	1	1681766	0.0000006
all	1995	3	1681766	0.0000018
all	1999	4	1681766	0.0000024
all	2000	3	1681766	0.0000018
all	2002	1	1681766	0.0000006
all	2004	1	1681766	0.0000006
all	2005	1	1681766	0.0000006
all	2006	2	1681766	0.0000012
all	2008	2	1681766	0.0000012
all	2011	2	1681766	0.0000012
all	2012	1	1681766	0.0000006
all	2013	1	1681766	0.0000006
all	2014	2	1681766	0.0000012
all	2016	1	1681766	0.0000006
all	2017	1	1681766	0.0000006
all	2018	3	1681766	0.0000018
all	2019	2	1681766	0.0000012
all	2021	1	1681766	0.0000006
all	2022	2	1681766	0.0000012
all	2024	1	1681766	0.0000006
all	2027	1	1681766	0.0000006
all	2028	1	1681766	0.0000006
all	2029	3	1681766	0.0000018
all	2031	2	1681766	0.0000012
all	2032	1	1681766	0.0000006
all	2033	1	1681766	0.0000006
all	2035	1	1681766	0.0000006
all	2036	1	1681766	0.0000006
all	2037	4	1681766	0.0000024
all	2038	7	1681766	0.0000042
all	2039	1	1681766	0.0000006
all	2040	4	1681766	0.0000024
all	2042	2	1681766	0.0000012
all	2043	3	1681766	0.0000018
all	2045	1	1681766	0.0000006
all	2047	1	1681766	0.0000006
all	2049	6	1681766	0.0000036
all	2050	5	1681766	0.0000030
all	2051	1	1681766	0.0000006
all	2052	2	1681766	0.0000012
all	2054	4	1681766	0.0000024
all	2055	6	1681766	0.0000036
all	2057	2	1681766	0.0000012
all	2058	6	1681766	0.0000036
all	2059	2	1681766	0.0000012
all	2060	2	1681766	0.0000012
all	2061	5	1681766	0.0000030
all	2062	1	1681766	0.0000006
all	2063	2	1681766	0.0000012
all	2064	3	1681766	0.0000018
all	2067	7	1681766	0.0000042
all	2068	1	1681766	0.0000006
all	2069	2	1681766	0.0000012
all	2070	4	1681766	0.0000024
all	2071	4	1681766	0.0000024
all	2072	2	1681766	0.0000012
all	2073	3	1681766	0.0000018
all	2074	3	1681766	0.0000018
all	2075	1	1681766	0.0000006
all	2076	2	1681766	0.0000012
all	2077	4	1681766	0.0000024
all	2078	1	1681766	0.0000006
all	2079	1	1681766	0.0000006
all	2080	1	1681766	0.0000006
all	2081	2	1681766	0.0000012
all	2082	3	1681766	0.0000018
all	2083	3	1681766	0.0000018
all	2084	2	1681766	0.0000012
all	2085	2	1681766	0.0000012
all	2086	5	1681766	0.0000030
all	2087	1	1681766	0.0000006
all	2089	7	1681766	0.0000042
all	2090	4	1681766	0.0000024
all	2091	2	1681766	0.0000012
all	2092	3	1681766	0.0000018
all	2093	6	1681766	0.0000036
all	2094	5	1681766	0.0000030
all	2095	1	1681766	0.0000006
all	2096	2	1681766	0.0000012
all	2097	5	1681766	0.0000030
all	2098	1	1681766	0.0000006
all	2099	1	1681766	0.0000006
all	2100	1	1681766	0.0000006
all	2102	1	1681766	0.0000006
all	2103	2	1681766	0.0000012
all	2104	3	1681766	0.0000018
all	2105	1	1681766	0.0000006
all	2106	6	1681766	0.0000036
all	2107	1	1681766	0.0000006
all	2108	5	1681766	0.0000030
all	2111	1	1681766	0.0000006
all	2113	1	1681766	0.0000006
all	2114	3	1681766	0.0000018
all	2115	3	1681766	0.0000018
all	2116	2	1681766	0.0000012
all	2117	1	1681766	0.0000006
all	2118	1	1681766	0.0000006
all	2119	2	1681766	0.0000012
all	2120	3	1681766	0.0000018
all	2121	1	1681766	0.0000006
all	2122	1	1681766	0.0000006
all	2123	1	1681766	0.0000006
all	2124	2	1681766	0.0000012
all	2125	2	1681766	0.0000012
all	2126	2	1681766	0.0000012
all	2127	3	1681766	0.0000018
all	2131	1	1681766	0.0000006
all	2133	3	1681766	0.0000018
all	2134	3	1681766	0.0000018
all	2137	1	1681766	0.0000006
all	2138	1	1681766	0.0000006
all	2139	2	1681766	0.0000012
all	2140	2	1681766	0.0000012
all	2141	4	1681766	0.0000024
all	2143	2	1681766	0.0000012
all	2144	1	1681766	0.0000006
all	2145	2	1681766	0.0000012
all	2146	6	1681766	0.0000036
all	2147	3	1681766	0.0000018
all	2148	1	1681766	0.0000006
all	2149	3	1681766	0.0000018
all	2150	2	1681766	0.0000012
all	2152	2	1681766	0.0000012
all	2153	2	1681766	0.0000012
all	2154	1	1681766	0.0000006
all	2155	3	1681766	0.0000018
all	2157	2	1681766	0.0000012
all	2159	4	1681766	0.0000024
all	2160	4	1681766	0.0000024
all	2161	2	1681766	0.0000012
all	2162	3	1681766	0.0000018
all	2164	2	1681766	0.0000012
all	2165	5	1681766	0.0000030
all	2166	4	1681766	0.0000024
all	2167	2	1681766	0.0000012
all	2169	1	1681766	0.0000006
all	2170	2	1681766	0.0000012
all	2172	1	1681766	0.0000006
all	2173	4	1681766	0.0000024
all	2174	1	1681766	0.0000006
all	2177	5	1681766	0.0000030
all	2178	2	1681766	0.0000012
all	2180	1	1681766	0.0000006
all	2182	1	1681766	0.0000006
all	2184	2	1681766	0.0000012
all	2185	2	1681766	0.0000012
all	2186	1	1681766	0.0000006
all	2187	2	1681766	0.0000012
all	2191	3	1681766	0.0000018
all	2194	4	1681766	0.0000024
all	2195	1	1681766	0.0000006
all	2196	1	1681766	0.0000006
all	2198	5	1681766	0.0000030
all	2200	4	1681766	0.0000024
all	2201	4	1681766	0.0000024
all	2202	4	1681766	0.0000024
all	2203	2	1681766	0.0000012
all	2204	1	1681766	0.0000006
all	2205	1	1681766	0.0000006
all	2206	3	1681766	0.0000018
all	2208	2	1681766	0.0000012
all	2210	1	1681766	0.0000006
all	2212	1	1681766	0.0000006
all	2213	1	1681766	0.0000006
all	2214	1	1681766	0.0000006
all	2215	3	1681766	0.0000018
all	2216	5	1681766	0.0000030
all	2217	6	1681766	0.0000036
all	2218	2	1681766	0.0000012
all	2220	1	1681766	0.0000006
all	2221	2	1681766	0.0000012
all	2222	4	1681766	0.0000024
all	2223	4	1681766	0.0000024
all	2224	1	1681766	0.0000006
all	2225	1	1681766	0.0000006
all	2226	1	1681766	0.0000006
all	2227	2	1681766	0.0000012
all	2231	1	1681766	0.0000006
all	2235	3	1681766	0.0000018
all	2236	1	1681766	0.0000006
all	2237	2	1681766	0.0000012
all	2239	1	1681766	0.0000006
all	2241	3	1681766	0.0000018
all	2244	4	1681766	0.0000024
all	2245	3	1681766	0.0000018
all	2246	1	1681766	0.0000006
all	2248	2	1681766	0.0000012
all	2250	6	1681766	0.0000036
all	2251	6	1681766	0.0000036
all	2252	1	1681766	0.0000006
all	2253	1	1681766	0.0000006
all	2254	2	1681766	0.0000012
all	2258	2	1681766	0.0000012
all	2259	2	1681766	0.0000012
all	2260	2	1681766	0.0000012
all	2261	1	1681766	0.0000006
all	2262	2	1681766	0.0000012
all	2263	2	1681766	0.0000012
all	2265	3	1681766	0.0000018
all	2267	1	1681766	0.0000006
all	2269	1	1681766	0.0000006
all	2272	2	1681766	0.0000012
all	2273	1	1681766	0.0000006
all	2275	6	1681766	0.0000036
all	2276	4	1681766	0.0000024
all	2277	2	1681766	0.0000012
all	2278	1	1681766	0.0000006
all	2283	2	1681766	0.0000012
all	2284	3	1681766	0.0000018
all	2286	4	1681766	0.0000024
all	2289	3	1681766	0.0000018
all	2290	4	1681766	0.0000024
all	2295	1	1681766	0.0000006
all	2298	3	1681766	0.0000018
all	2301	3	1681766	0.0000018
all	2302	1	1681766	0.0000006
all	2303	1	1681766	0.0000006
all	2304	1	1681766	0.0000006
all	2305	1	1681766	0.0000006
all	2309	1	1681766	0.0000006
all	2312	4	1681766	0.0000024
all	2315	1	1681766	0.0000006
all	2319	7	1681766	0.0000042
all	2320	5	1681766	0.0000030
all	2324	2	1681766	0.0000012
all	2325	1	1681766	0.0000006
all	2326	1	1681766	0.0000006
all	2331	1	1681766	0.0000006
all	2333	1	1681766	0.0000006
all	2334	3	1681766	0.0000018
all	2338	1	1681766	0.0000006
all	2342	1	1681766	0.0000006
all	2344	2	1681766	0.0000012
all	2346	4	1681766	0.0000024
all	2347	1	1681766	0.0000006
all	2349	3	1681766	0.0000018
all	2353	1	1681766	0.0000006
all	2356	6	1681766	0.0000036
all	2360	1	1681766	0.0000006
all	2368	1	1681766	0.0000006
all	2371	2	1681766	0.0000012
all	2373	2	1681766	0.0000012
all	2377	1	1681766	0.0000006
all	2379	2	1681766	0.0000012
all	2380	1	1681766	0.0000006
all	2390	2	1681766	0.0000012
all	2392	1	1681766	0.0000006
all	2393	1	1681766	0.0000006
all	2395	2	1681766	0.0000012
all	2397	1	1681766	0.0000006
all	2399	1	1681766	0.0000006
all	2401	2	1681766	0.0000012
all	2407	2	1681766	0.0000012
all	2408	1	1681766	0.0000006
all	2409	3	1681766	0.0000018
all	2410	2	1681766	0.0000012
all	2411	2	1681766	0.0000012
all	2412	1	1681766	0.0000006
all	2413	1	1681766	0.0000006
all	2414	4	1681766	0.0000024
all	2416	2	1681766	0.0000012
all	2419	2	1681766	0.0000012
all	2420	2	1681766	0.0000012
all	2421	1	1681766	0.0000006
all	2422	1	1681766	0.0000006
all	2423	1	1681766	0.0000006
all	2424	4	1681766	0.0000024
all	2425	2	1681766	0.0000012
all	2426	1	1681766	0.0000006
all	2428	1	1681766	0.0000006
all	2430	4	1681766	0.0000024
all	2431	1	1681766	0.0000006
all	2432	3	1681766	0.0000018
all	2435	1	1681766	0.0000006
all	2437	2	1681766	0.0000012
all	2441	1	1681766	0.0000006
all	2444	1	1681766	0.0000006
all	2446	1	1681766	0.0000006
all	2447	2	1681766	0.0000012
all	2452	1	1681766	0.0000006
all	2453	2	1681766	0.0000012
all	2454	2	1681766	0.0000012
all	2456	2	1681766	0.0000012
all	2457	3	1681766	0.0000018
all	2460	4	1681766	0.0000024
all	2463	1	1681766	0.0000006
all	2467	2	1681766	0.0000012
all	2472	2	1681766	0.0000012
all	2473	1	1681766	0.0000006
all	2474	2	1681766	0.0000012
all	2476	2	1681766	0.0000012
all	2478	6	1681766	0.0000036
all	2480	1	1681766	0.0000006
all	2485	2	1681766	0.0000012
all	2486	1	1681766	0.0000006
all	2487	2	1681766	0.0000012
all	2489	3	1681766	0.0000018
all	2490	1	1681766	0.0000006
all	2492	1	1681766	0.0000006
all	2498	1	1681766	0.0000006
all	2507	1	1681766	0.0000006
all	2516	4	1681766	0.0000024
all	2517	3	1681766	0.0000018
all	2523	1	1681766	0.0000006
all	2525	1	1681766	0.0000006
all	2526	1	1681766	0.0000006
all	2534	1	1681766	0.0000006
all	2536	2	1681766	0.0000012
all	2537	2	1681766	0.0000012
all	2541	2	1681766	0.0000012
all	2542	1	1681766	0.0000006
all	2543	1	1681766	0.0000006
all	2550	1	1681766	0.0000006
all	2555	2	1681766	0.0000012
all	2559	4	1681766	0.0000024
all	2565	1	1681766	0.0000006
all	2567	1	1681766	0.0000006
all	2571	2	1681766	0.0000012
all	2572	2	1681766	0.0000012
all	2573	1	1681766	0.0000006
all	2574	1	1681766	0.0000006
all	2584	1	1681766	0.0000006
all	2592	3	1681766	0.0000018
all	2596	1	1681766	0.0000006
all	2599	2	1681766	0.0000012
all	2609	2	1681766	0.0000012
all	2610	1	1681766	0.0000006
all	2612	1	1681766	0.0000006
all	2614	1	1681766	0.0000006
all	2620	2	1681766	0.0000012
all	2622	3	1681766	0.0000018
all	2623	1	1681766	0.0000006
all	2625	2	1681766	0.0000012
all	2626	1	1681766	0.0000006
all	2628	3	1681766	0.0000018
all	2635	2	1681766	0.0000012
all	2639	3	1681766	0.0000018
all	2648	2	1681766	0.0000012
all	2649	2	1681766	0.0000012
all	2656	1	1681766	0.0000006
all	2658	1	1681766	0.0000006
all	2662	1	1681766	0.0000006
all	2668	1	1681766	0.0000006
all	2672	1	1681766	0.0000006
all	2673	2	1681766	0.0000012
all	2679	7	1681766	0.0000042
all	2683	2	1681766	0.0000012
all	2687	2	1681766	0.0000012
all	2688	1	1681766	0.0000006
all	2691	1	1681766	0.0000006
all	2692	3	1681766	0.0000018
all	2693	1	1681766	0.0000006
all	2694	4	1681766	0.0000024
all	2696	2	1681766	0.0000012
all	2699	1	1681766	0.0000006
all	2700	2	1681766	0.0000012
all	2701	4	1681766	0.0000024
all	2703	1	1681766	0.0000006
all	2704	2	1681766	0.0000012
all	2707	1	1681766	0.0000006
all	2714	1	1681766	0.0000006
all	2715	3	1681766	0.0000018
all	2716	1	1681766	0.0000006
all	2717	1	1681766	0.0000006
all	2718	1	1681766	0.0000006
all	2719	1	1681766	0.0000006
all	2720	2	1681766	0.0000012
all	2723	1	1681766	0.0000006
all	2725	1	1681766	0.0000006
all	2726	1	1681766	0.0000006
all	2727	1	1681766	0.0000006
all	2729	1	1681766	0.0000006
all	2730	2	1681766	0.0000012
all	2731	1	1681766	0.0000006
all	2733	2	1681766	0.0000012
all	2734	1	1681766	0.0000006
all	2735	1	1681766	0.0000006
all	2736	1	1681766	0.0000006
all	2737	1	1681766	0.0000006
all	2738	2	1681766	0.0000012
all	2740	1	1681766	0.0000006
all	2741	2	1681766	0.0000012
all	2743	1	1681766	0.0000006
all	2744	2	1681766	0.0000012
all	2745	2	1681766	0.0000012
all	2746	1	1681766	0.0000006
all	2747	1	1681766	0.0000006
all	2748	1	1681766	0.0000006
all	2749	1	1681766	0.0000006
all	2750	1	1681766	0.0000006
all	2751	2	1681766	0.0000012
all	2752	1	1681766	0.0000006
all	2753	2	1681766	0.0000012
all	2754	3	1681766	0.0000018
all	2755	2	1681766	0.0000012
all	2756	2	1681766	0.0000012
all	2757	1	1681766	0.0000006
all	2759	2	1681766	0.0000012
all	2760	1	1681766	0.0000006
all	2761	2	1681766	0.0000012
all	2762	2	1681766	0.0000012
all	2765	2	1681766	0.0000012
all	2766	1	1681766	0.0000006
all	2767	1	1681766	0.0000006
all	2772	2	1681766	0.0000012
all	2776	1	1681766	0.0000006
all	2777	1	1681766	0.0000006
all	2779	1	1681766	0.0000006
all	2781	2	1681766	0.0000012
all	2783	3	1681766	0.0000018
all	2786	1	1681766	0.0000006
all	2788	1	1681766	0.0000006
all	2791	2	1681766	0.0000012
all	2794	1	1681766	0.0000006
all	2798	2	1681766	0.0000012
all	2799	3	1681766	0.0000018
all	2803	1	1681766	0.0000006
all	2804	1	1681766	0.0000006
all	2807	4	1681766	0.0000024
all	2812	1	1681766	0.0000006
all	2815	1	1681766	0.0000006
all	2817	2	1681766	0.0000012
all	2825	1	1681766	0.0000006
all	2826	1	1681766	0.0000006
all	2827	1	1681766	0.0000006
all	2831	2	1681766	0.0000012
all	2833	1	1681766	0.0000006
all	2835	3	1681766	0.0000018
all	2836	1	1681766	0.0000006
all	2837	1	1681766	0.0000006
all	2839	1	1681766	0.0000006
all	2841	1	1681766	0.0000006
all	2842	1	1681766	0.0000006
all	2843	1	1681766	0.0000006
all	2847	2	1681766	0.0000012
all	2851	1	1681766	0.0000006
all	2854	1	1681766	0.0000006
all	2859	6	1681766	0.0000036
all	2869	2	1681766	0.0000012
all	2875	1	1681766	0.0000006
all	2876	3	1681766	0.0000018
all	2879	1	1681766	0.0000006
all	2880	3	1681766	0.0000018
all	2885	2	1681766	0.0000012
all	2889	1	1681766	0.0000006
all	2896	2	1681766	0.0000012
all	2901	1	1681766	0.0000006
all	2903	1	1681766	0.0000006
all	2904	2	1681766	0.0000012
all	2905	1	1681766	0.0000006
all	2906	1	1681766	0.0000006
all	2907	2	1681766	0.0000012
all	2912	1	1681766	0.0000006
all	2915	4	1681766	0.0000024
all	2916	1	1681766	0.0000006
all	2920	3	1681766	0.0000018
all	2923	1	1681766	0.0000006
all	2925	1	1681766	0.0000006
all	2931	1	1681766	0.0000006
all	2935	1	1681766	0.0000006
all	2939	4	1681766	0.0000024
all	2941	1	1681766	0.0000006
all	2945	1	1681766	0.0000006
all	2947	3	1681766	0.0000018
all	2952	2	1681766	0.0000012
all	2953	1	1681766	0.0000006
all	2957	1	1681766	0.0000006
all	2960	1	1681766	0.0000006
all	2961	1	1681766	0.0000006
all	2962	1	1681766	0.0000006
all	2966	4	1681766	0.0000024
all	2969	1	1681766	0.0000006
all	2974	1	1681766	0.0000006
all	2979	1	1681766	0.0000006
all	2981	4	1681766	0.0000024
all	2983	1	1681766	0.0000006
all	2986	3	1681766	0.0000018
all	2988	1	1681766	0.0000006
all	2991	1	1681766	0.0000006
all	2993	2	1681766	0.0000012
all	2995	1	1681766	0.0000006
all	2996	2	1681766	0.0000012
all	2998	1	1681766	0.0000006
all	3000	1	1681766	0.0000006
all	3002	1	1681766	0.0000006
all	3005	2	1681766	0.0000012
all	3006	1	1681766	0.0000006
all	3007	1	1681766	0.0000006
all	3008	1	1681766	0.0000006
all	3015	4	1681766	0.0000024
all	3018	1	1681766	0.0000006
all	3020	2	1681766	0.0000012
all	3024	1	1681766	0.0000006
all	3026	1	1681766	0.0000006
all	3027	2	1681766	0.0000012
all	3028	1	1681766	0.0000006
all	3031	1	1681766	0.0000006
all	3036	1	1681766	0.0000006
all	3040	1	1681766	0.0000006
all	3041	2	1681766	0.0000012
all	3044	4	1681766	0.0000024
all	3046	3	1681766	0.0000018
all	3050	3	1681766	0.0000018
all	3055	2	1681766	0.0000012
all	3063	2	1681766	0.0000012
all	3064	1	1681766	0.0000006
all	3069	1	1681766	0.0000006
all	3071	1	1681766	0.0000006
all	3076	1	1681766	0.0000006
all	3077	1	1681766	0.0000006
all	3078	3	1681766	0.0000018
all	3079	1	1681766	0.0000006
all	3083	2	1681766	0.0000012
all	3085	1	1681766	0.0000006
all	3087	3	1681766	0.0000018
all	3089	1	1681766	0.0000006
all	3090	2	1681766	0.0000012
all	3094	1	1681766	0.0000006
all	3096	4	1681766	0.0000024
all	3097	1	1681766	0.0000006
all	3098	2	1681766	0.0000012
all	3101	3	1681766	0.0000018
all	3106	1	1681766	0.0000006
all	3108	1	1681766	0.0000006
all	3109	1	1681766	0.0000006
all	3110	3	1681766	0.0000018
all	3113	2	1681766	0.0000012
all	3114	1	1681766	0.0000006
all	3116	1	1681766	0.0000006
all	3117	3	1681766	0.0000018
all	3118	2	1681766	0.0000012
all	3120	2	1681766	0.0000012
all	3121	1	1681766	0.0000006
all	3122	1	1681766	0.0000006
all	3123	3	1681766	0.0000018
all	3124	1	1681766	0.0000006
all	3128	1	1681766	0.0000006
all	3134	2	1681766	0.0000012
all	3140	1	1681766	0.0000006
all	3144	1	1681766	0.0000006
all	3157	2	1681766	0.0000012
all	3162	1	1681766	0.0000006
all	3164	2	1681766	0.0000012
all	3168	1	1681766	0.0000006
all	3172	1	1681766	0.0000006
all	3174	1	1681766	0.0000006
all	3183	2	1681766	0.0000012
all	3186	1	1681766	0.0000006
all	3193	1	1681766	0.0000006
all	3197	6	1681766	0.0000036
all	3198	1	1681766	0.0000006
all	3205	2	1681766	0.0000012
all	3206	3	1681766	0.0000018
all	3209	1	1681766	0.0000006
all	3210	1	1681766	0.0000006
all	3217	1	1681766	0.0000006
all	3219	1	1681766	0.0000006
all	3220	2	1681766	0.0000012
all	3223	6	1681766	0.0000036
all	3224	1	1681766	0.0000006
all	3225	1	1681766	0.0000006
all	3231	1	1681766	0.0000006
all	3236	1	1681766	0.0000006
all	3237	1	1681766	0.0000006
all	3238	1	1681766	0.0000006
all	3242	2	1681766	0.0000012
all	3243	2	1681766	0.0000012
all	3244	1	1681766	0.0000006
all	3248	5	1681766	0.0000030
all	3253	1	1681766	0.0000006
all	3257	2	1681766	0.0000012
all	3258	2	1681766	0.0000012
all	3259	2	1681766	0.0000012
all	3260	6	1681766	0.0000036
all	3262	2	1681766	0.0000012
all	3263	1	1681766	0.0000006
all	3265	1	1681766	0.0000006
all	3266	1	1681766	0.0000006
all	3268	1	1681766	0.0000006
all	3270	1	1681766	0.0000006
all	3276	1	1681766	0.0000006
all	3278	1	1681766	0.0000006
all	3280	1	1681766	0.0000006
all	3281	1	1681766	0.0000006
all	3284	2	1681766	0.0000012
all	3288	6	1681766	0.0000036
all	3289	1	1681766	0.0000006
all	3292	1	1681766	0.0000006
all	3294	1	1681766	0.0000006
all	3296	2	1681766	0.0000012
all	3302	1	1681766	0.0000006
all	3304	2	1681766	0.0000012
all	3312	2	1681766	0.0000012
all	3313	1	1681766	0.0000006
all	3314	1	1681766	0.0000006
all	3316	1	1681766	0.0000006
all	3318	3	1681766	0.0000018
all	3320	1	1681766	0.0000006
all	3324	3	1681766	0.0000018
all	3329	1	1681766	0.0000006
all	3334	3	1681766	0.0000018
all	3337	2	1681766	0.0000012
all	3342	1	1681766	0.0000006
all	3343	1	1681766	0.0000006
all	3345	2	1681766	0.0000012
all	3346	6	1681766	0.0000036
all	3348	1	1681766	0.0000006
all	3349	3	1681766	0.0000018
all	3352	1	1681766	0.0000006
all	3354	4	1681766	0.0000024
all	3358	1	1681766	0.0000006
all	3360	1	1681766	0.0000006
all	3362	1	1681766	0.0000006
all	3366	1	1681766	0.0000006
all	3369	3	1681766	0.0000018
all	3375	1	1681766	0.0000006
all	3376	2	1681766	0.0000012
all	3378	1	1681766	0.0000006
all	3380	3	1681766	0.0000018
all	3385	4	1681766	0.0000024
all	3387	2	1681766	0.0000012
all	3389	2	1681766	0.0000012
all	3390	5	1681766	0.0000030
all	3392	3	1681766	0.0000018
all	3394	1	1681766	0.0000006
all	3395	3	1681766	0.0000018
all	3408	3	1681766	0.0000018
all	3409	1	1681766	0.0000006
all	3410	3	1681766	0.0000018
all	3411	2	1681766	0.0000012
all	3412	2	1681766	0.0000012
all	3413	2	1681766	0.0000012
all	3415	8	1681766	0.0000048
all	3417	1	1681766	0.0000006
all	3419	1	1681766	0.0000006
all	3421	4	1681766	0.0000024
all	3423	2	1681766	0.0000012
all	3427	6	1681766	0.0000036
all	3428	2	1681766	0.0000012
all	3433	3	1681766	0.0000018
all	3435	4	1681766	0.0000024
all	3436	1	1681766	0.0000006
all	3437	1	1681766	0.0000006
all	3440	2	1681766	0.0000012
all	3449	3	1681766	0.0000018
all	3454	4	1681766	0.0000024
all	3461	2	1681766	0.0000012
all	3468	1	1681766	0.0000006
all	3469	4	1681766	0.0000024
all	3472	1	1681766	0.0000006
all	3473	3	1681766	0.0000018
all	3475	3	1681766	0.0000018
all	3476	2	1681766	0.0000012
all	3480	1	1681766	0.0000006
all	3482	1	1681766	0.0000006
all	3483	2	1681766	0.0000012
all	3488	1	1681766	0.0000006
all	3489	1	1681766	0.0000006
all	3491	1	1681766	0.0000006
all	3507	1	1681766	0.0000006
all	3514	1	1681766	0.0000006
all	3515	6	1681766	0.0000036
all	3518	4	1681766	0.0000024
all	3520	1	1681766	0.0000006
all	3525	1	1681766	0.0000006
all	3526	2	1681766	0.0000012
all	3530	2	1681766	0.0000012
all	3532	1	1681766	0.0000006
all	3534	1	1681766	0.0000006
all	3535	1	1681766	0.0000006
all	3544	1	1681766	0.0000006
all	3545	1	1681766	0.0000006
all	3547	1	1681766	0.0000006
all	3555	4	1681766	0.0000024
all	3558	5	1681766	0.0000030
all	3559	1	1681766	0.0000006
all	3562	3	1681766	0.0000018
all	3571	1	1681766	0.0000006
all	3575	1	1681766	0.0000006
all	3576	1	1681766	0.0000006
all	3578	2	1681766	0.0000012
all	3579	1	1681766	0.0000006
all	3587	1	1681766	0.0000006
all	3589	2	1681766	0.0000012
all	3590	1	1681766	0.0000006
all	3591	2	1681766	0.0000012
all	3598	1	1681766	0.0000006
all	3605	1	1681766	0.0000006
all	3606	1	1681766	0.0000006
all	3608	1	1681766	0.0000006
all	3609	5	1681766	0.0000030
all	3611	2	1681766	0.0000012
all	3616	1	1681766	0.0000006
all	3621	1	1681766	0.0000006
all	3623	2	1681766	0.0000012
all	3624	1	1681766	0.0000006
all	3630	2	1681766	0.0000012
all	3633	3	1681766	0.0000018
all	3637	1	1681766	0.0000006
all	3643	4	1681766	0.0000024
all	3644	1	1681766	0.0000006
all	3645	1	1681766	0.0000006
all	3646	1	1681766	0.0000006
all	3647	1	1681766	0.0000006
all	3649	3	1681766	0.0000018
all	3652	2	1681766	0.0000012
all	3653	4	1681766	0.0000024
all	3656	1	1681766	0.0000006
all	3657	1	1681766	0.0000006
all	3661	2	1681766	0.0000012
all	3664	3	1681766	0.0000018
all	3670	1	1681766	0.0000006
all	3672	2	1681766	0.0000012
all	3674	2	1681766	0.0000012
all	3675	1	1681766	0.0000006
all	3678	1	1681766	0.0000006
all	3682	2	1681766	0.0000012
all	3685	1	1681766	0.0000006
all	3689	1	1681766	0.0000006
all	3690	1	1681766	0.0000006
all	3693	2	1681766	0.0000012
all	3700	1	1681766	0.0000006
all	3704	1	1681766	0.0000006
all	3705	1	1681766	0.0000006
all	3708	1	1681766	0.0000006
all	3709	6	1681766	0.0000036
all	3710	1	1681766	0.0000006
all	3712	1	1681766	0.0000006
all	3713	1	1681766	0.0000006
all	3715	1	1681766	0.0000006
all	3718	1	1681766	0.0000006
all	3720	2	1681766	0.0000012
all	3722	2	1681766	0.0000012
all	3723	2	1681766	0.0000012
all	3727	5	1681766	0.0000030
all	3728	1	1681766	0.0000006
all	3730	4	1681766	0.0000024
all	3731	2	1681766	0.0000012
all	3733	1	1681766	0.0000006
all	3735	2	1681766	0.0000012
all	3738	4	1681766	0.0000024
all	3739	1	1681766	0.0000006
all	3740	2	1681766	0.0000012
all	3742	4	1681766	0.0000024
all	3743	1	1681766	0.0000006
all	3746	2	1681766	0.0000012
all	3747	1	1681766	0.0000006
all	3750	6	1681766	0.0000036
all	3752	2	1681766	0.0000012
all	3753	2	1681766	0.0000012
all	3754	1	1681766	0.0000006
all	3757	2	1681766	0.0000012
all	3758	1	1681766	0.0000006
all	3763	1	1681766	0.0000006
all	3764	5	1681766	0.0000030
all	3765	2	1681766	0.0000012
all	3766	1	1681766	0.0000006
all	3768	1	1681766	0.0000006
all	3770	1	1681766	0.0000006
all	3771	1	1681766	0.0000006
all	3777	2	1681766	0.0000012
all	3778	1	1681766	0.0000006
all	3781	2	1681766	0.0000012
all	3782	6	1681766	0.0000036
all	3786	1	1681766	0.0000006
all	3787	1	1681766	0.0000006
all	3791	1	1681766	0.0000006
all	3792	2	1681766	0.0000012
all	3795	5	1681766	0.0000030
all	3799	1	1681766	0.0000006
all	3803	1	1681766	0.0000006
all	3805	2	1681766	0.0000012
all	3806	3	1681766	0.0000018
all	3808	1	1681766	0.0000006
all	3810	2	1681766	0.0000012
all	3814	1	1681766	0.0000006
all	3817	2	1681766	0.0000012
all	3818	2	1681766	0.0000012
all	3819	3	1681766	0.0000018
all	3820	1	1681766	0.0000006
all	3821	1	1681766	0.0000006
all	3823	2	1681766	0.0000012
all	3824	2	1681766	0.0000012
all	3826	1	1681766	0.0000006
all	3827	1	1681766	0.0000006
all	3828	3	1681766	0.0000018
all	3830	4	1681766	0.0000024
all	3831	3	1681766	0.0000018
all	3832	3	1681766	0.0000018
all	3833	4	1681766	0.0000024
all	3834	1	1681766	0.0000006
all	3835	1	1681766	0.0000006
all	3839	1	1681766	0.0000006
all	3841	1	1681766	0.0000006
all	3844	1	1681766	0.0000006
all	3848	6	1681766	0.0000036
all	3850	1	1681766	0.0000006
all	3853	1	1681766	0.0000006
all	3854	1	1681766	0.0000006
all	3857	2	1681766	0.0000012
all	3859	1	1681766	0.0000006
all	3864	1	1681766	0.0000006
all	3866	1	1681766	0.0000006
all	3870	1	1681766	0.0000006
all	3877	1	1681766	0.0000006
all	3881	2	1681766	0.0000012
all	3883	1	1681766	0.0000006
all	3886	1	1681766	0.0000006
all	3888	1	1681766	0.0000006
all	3889	1	1681766	0.0000006
all	3893	1	1681766	0.0000006
all	3894	1	1681766	0.0000006
all	3896	3	1681766	0.0000018
all	3899	5	1681766	0.0000030
all	3900	1	1681766	0.0000006
all	3902	1	1681766	0.0000006
all	3909	1	1681766	0.0000006
all	3911	4	1681766	0.0000024
all	3912	2	1681766	0.0000012
all	3913	1	1681766	0.0000006
all	3914	6	1681766	0.0000036
all	3915	10	1681766	0.0000059
all	3917	1	1681766	0.0000006
all	3923	2	1681766	0.0000012
all	3924	2	1681766	0.0000012
all	3926	1	1681766	0.0000006
all	3927	1	1681766	0.0000006
all	3928	1	1681766	0.0000006
all	3930	2	1681766	0.0000012
all	3936	1	1681766	0.0000006
all	3941	2	1681766	0.0000012
all	3950	2	1681766	0.0000012
all	3952	1	1681766	0.0000006
all	3957	1	1681766	0.0000006
all	3961	1	1681766	0.0000006
all	3967	1	1681766	0.0000006
all	3969	1	1681766	0.0000006
all	3970	1	1681766	0.0000006
all	3972	1	1681766	0.0000006
all	3974	1	1681766	0.0000006
all	3976	2	1681766	0.0000012
all	3978	2	1681766	0.0000012
all	3979	1	1681766	0.0000006
all	3986	1	1681766	0.0000006
all	3988	5	1681766	0.0000030
all	3999	1	1681766	0.0000006
all	4007	1	1681766	0.0000006
all	4013	2	1681766	0.0000012
all	4020	4	1681766	0.0000024
all	4024	1	1681766	0.0000006
all	4025	1	1681766	0.0000006
all	4031	2	1681766	0.0000012
all	4035	1	1681766	0.0000006
all	4039	1	1681766	0.0000006
all	4044	2	1681766	0.0000012
all	4045	1	1681766	0.0000006
all	4052	1	1681766	0.0000006
all	4059	5	1681766	0.0000030
all	4060	1	1681766	0.0000006
all	4064	1	1681766	0.0000006
all	4066	2	1681766	0.0000012
all	4071	1	1681766	0.0000006
all	4072	2	1681766	0.0000012
all	4075	2	1681766	0.0000012
all	4080	1	1681766	0.0000006
all	4083	2	1681766	0.0000012
all	4089	1	1681766	0.0000006
all	4097	1	1681766	0.0000006
all	4101	1	1681766	0.0000006
all	4102	4	1681766	0.0000024
all	4107	2	1681766	0.0000012
all	4108	1	1681766	0.0000006
all	4113	1	1681766	0.0000006
all	4114	1	1681766	0.0000006
all	4118	5	1681766	0.0000030
all	4124	2	1681766	0.0000012
all	4126	2	1681766	0.0000012
all	4127	1	1681766	0.0000006
all	4128	1	1681766	0.0000006
all	4132	1	1681766	0.0000006
all	4135	1	1681766	0.0000006
all	4144	1	1681766	0.0000006
all	4149	3	1681766	0.0000018
all	4151	1	1681766	0.0000006
all	4152	1	1681766	0.0000006
all	4156	1	1681766	0.0000006
all	4157	2	1681766	0.0000012
all	4160	5	1681766	0.0000030
all	4163	1	1681766	0.0000006
all	4165	1	1681766	0.0000006
all	4167	1	1681766	0.0000006
all	4168	1	1681766	0.0000006
all	4175	1	1681766	0.0000006
all	4181	2	1681766	0.0000012
all	4187	2	1681766	0.0000012
all	4191	1	1681766	0.0000006
all	4192	3	1681766	0.0000018
all	4196	2	1681766	0.0000012
all	4208	1	1681766	0.0000006
all	4209	1	1681766	0.0000006
all	4214	2	1681766	0.0000012
all	4216	1	1681766	0.0000006
all	4219	1	1681766	0.0000006
all	4223	3	1681766	0.0000018
all	4226	1	1681766	0.0000006
all	4230	2	1681766	0.0000012
all	4232	1	1681766	0.0000006
all	4234	1	1681766	0.0000006
all	4235	8	1681766	0.0000048
all	4239	1	1681766	0.0000006
all	4241	1	1681766	0.0000006
all	4245	1	1681766	0.0000006
all	4246	2	1681766	0.0000012
all	4249	2	1681766	0.0000012
all	4250	1	1681766	0.0000006
all	4252	1	1681766	0.0000006
all	4253	1	1681766	0.0000006
all	4255	1	1681766	0.0000006
all	4261	1	1681766	0.0000006
all	4269	1	1681766	0.0000006
all	4270	2	1681766	0.0000012
all	4275	1	1681766	0.0000006
all	4279	2	1681766	0.0000012
all	4282	1	1681766	0.0000006
all	4286	1	1681766	0.0000006
all	4288	1	1681766	0.0000006
all	4291	2	1681766	0.0000012
all	4292	2	1681766	0.0000012
all	4297	1	1681766	0.0000006
all	4301	2	1681766	0.0000012
all	4303	2	1681766	0.0000012
all	4305	2	1681766	0.0000012
all	4306	1	1681766	0.0000006
all	4312	1	1681766	0.0000006
all	4313	2	1681766	0.0000012
all	4318	1	1681766	0.0000006
all	4324	1	1681766	0.0000006
all	4326	1	1681766	0.0000006
all	4331	3	1681766	0.0000018
all	4333	1	1681766	0.0000006
all	4335	1	1681766	0.0000006
all	4336	1	1681766	0.0000006
all	4340	1	1681766	0.0000006
all	4345	1	1681766	0.0000006
all	4351	1	1681766	0.0000006
all	4352	1	1681766	0.0000006
all	4355	2	1681766	0.0000012
all	4356	1	1681766	0.0000006
all	4358	1	1681766	0.0000006
all	4362	1	1681766	0.0000006
all	4365	3	1681766	0.0000018
all	4367	1	1681766	0.0000006
all	4368	2	1681766	0.0000012
all	4369	1	1681766	0.0000006
all	4372	1	1681766	0.0000006
all	4373	8	1681766	0.0000048
all	4375	3	1681766	0.0000018
all	4379	1	1681766	0.0000006
all	4380	5	1681766	0.0000030
all	4384	1	1681766	0.0000006
all	4387	1	1681766	0.0000006
all	4391	1	1681766	0.0000006
all	4394	2	1681766	0.0000012
all	4397	1	1681766	0.0000006
all	4400	2	1681766	0.0000012
all	4405	2	1681766	0.0000012
all	4411	5	1681766	0.0000030
all	4414	1	1681766	0.0000006
all	4420	1	1681766	0.0000006
all	4423	1	1681766	0.0000006
all	4429	5	1681766	0.0000030
all	4430	1	1681766	0.0000006
all	4433	1	1681766	0.0000006
all	4434	5	1681766	0.0000030
all	4435	1	1681766	0.0000006
all	4443	1	1681766	0.0000006
all	4444	1	1681766	0.0000006
all	4445	1	1681766	0.0000006
all	4448	3	1681766	0.0000018
all	4450	1	1681766	0.0000006
all	4453	2	1681766	0.0000012
all	4454	1	1681766	0.0000006
all	4458	2	1681766	0.0000012
all	4459	2	1681766	0.0000012
all	4464	1	1681766	0.0000006
all	4467	1	1681766	0.0000006
all	4468	1	1681766	0.0000006
all	4473	1	1681766	0.0000006
all	4474	1	1681766	0.0000006
all	4479	1	1681766	0.0000006
all	4482	1	1681766	0.0000006
all	4488	1	1681766	0.0000006
all	4489	1	1681766	0.0000006
all	4491	3	1681766	0.0000018
all	4493	1	1681766	0.0000006
all	4496	4	1681766	0.0000024
all	4499	1	1681766	0.0000006
all	4501	2	1681766	0.0000012
all	4507	1	1681766	0.0000006
all	4509	3	1681766	0.0000018
all	4511	1	1681766	0.0000006
all	4515	2	1681766	0.0000012
all	4520	1	1681766	0.0000006
all	4521	2	1681766	0.0000012
all	4523	1	1681766	0.0000006
all	4525	1	1681766	0.0000006
all	4526	6	1681766	0.0000036
all	4527	1	1681766	0.0000006
all	4528	1	1681766	0.0000006
all	4531	1	1681766	0.0000006
all	4532	1	1681766	0.0000006
all	4534	1	1681766	0.0000006
all	4535	1	1681766	0.0000006
all	4537	1	1681766	0.0000006
all	4540	1	1681766	0.0000006
all	4541	2	1681766	0.0000012
all	4542	1	1681766	0.0000006
all	4543	1	1681766	0.0000006
all	4545	1	1681766	0.0000006
all	4549	1	1681766	0.0000006
all	4555	3	1681766	0.0000018
all	4557	1	1681766	0.0000006
all	4558	2	1681766	0.0000012
all	4559	1	1681766	0.0000006
all	4560	1	1681766	0.0000006
all	4561	1	1681766	0.0000006
all	4567	1	1681766	0.0000006
all	4569	5	1681766	0.0000030
all	4571	2	1681766	0.0000012
all	4575	2	1681766	0.0000012
all	4577	1	1681766	0.0000006
all	4578	2	1681766	0.0000012
all	4580	2	1681766	0.0000012
all	4581	1	1681766	0.0000006
all	4582	3	1681766	0.0000018
all	4584	7	1681766	0.0000042
all	4587	3	1681766	0.0000018
all	4588	1	1681766	0.0000006
all	4589	1	1681766	0.0000006
all	4590	1	1681766	0.0000006
all	4597	1	1681766	0.0000006
all	4601	1	1681766	0.0000006
all	4606	1	1681766	0.0000006
all	4609	1	1681766	0.0000006
all	4615	1	1681766	0.0000006
all	4617	2	1681766	0.0000012
all	4619	2	1681766	0.0000012
all	4620	1	1681766	0.0000006
all	4624	2	1681766	0.0000012
all	4625	1	1681766	0.0000006
all	4628	1	1681766	0.0000006
all	4629	1	1681766	0.0000006
all	4630	2	1681766	0.0000012
all	4637	1	1681766	0.0000006
all	4638	2	1681766	0.0000012
all	4642	2	1681766	0.0000012
all	4645	1	1681766	0.0000006
all	4647	2	1681766	0.0000012
all	4650	2	1681766	0.0000012
all	4653	3	1681766	0.0000018
all	4654	2	1681766	0.0000012
all	4661	2	1681766	0.0000012
all	4662	2	1681766	0.0000012
all	4663	2	1681766	0.0000012
all	4669	1	1681766	0.0000006
all	4670	10	1681766	0.0000059
all	4671	3	1681766	0.0000018
all	4674	3	1681766	0.0000018
all	4676	2	1681766	0.0000012
all	4679	2	1681766	0.0000012
all	4682	1	1681766	0.0000006
all	4686	1	1681766	0.0000006
all	4689	1	1681766	0.0000006
all	4691	1	1681766	0.0000006
all	4692	1	1681766	0.0000006
all	4694	2	1681766	0.0000012
all	4695	5	1681766	0.0000030
all	4698	1	1681766	0.0000006
all	4700	1	1681766	0.0000006
all	4701	5	1681766	0.0000030
all	4705	4	1681766	0.0000024
all	4706	3	1681766	0.0000018
all	4710	1	1681766	0.0000006
all	4711	2	1681766	0.0000012
all	4712	1	1681766	0.0000006
all	4717	2	1681766	0.0000012
all	4723	5	1681766	0.0000030
all	4724	1	1681766	0.0000006
all	4726	2	1681766	0.0000012
all	4729	2	1681766	0.0000012
all	4732	5	1681766	0.0000030
all	4733	6	1681766	0.0000036
all	4737	2	1681766	0.0000012
all	4739	1	1681766	0.0000006
all	4740	6	1681766	0.0000036
all	4744	2	1681766	0.0000012
all	4750	1	1681766	0.0000006
all	4751	1	1681766	0.0000006
all	4753	2	1681766	0.0000012
all	4756	2	1681766	0.0000012
all	4757	1	1681766	0.0000006
all	4760	1	1681766	0.0000006
all	4761	1	1681766	0.0000006
all	4771	2	1681766	0.0000012
all	4774	2	1681766	0.0000012
all	4775	2	1681766	0.0000012
all	4776	1	1681766	0.0000006
all	4777	3	1681766	0.0000018
all	4779	2	1681766	0.0000012
all	4781	3	1681766	0.0000018
all	4782	5	1681766	0.0000030
all	4785	2	1681766	0.0000012
all	4787	1	1681766	0.0000006
all	4788	2	1681766	0.0000012
all	4792	6	1681766	0.0000036
all	4795	1	1681766	0.0000006
all	4797	1	1681766	0.0000006
all	4806	4	1681766	0.0000024
all	4807	3	1681766	0.0000018
all	4808	1	1681766	0.0000006
all	4811	3	1681766	0.0000018
all	4812	2	1681766	0.0000012
all	4821	4	1681766	0.0000024
all	4825	4	1681766	0.0000024
all	4827	2	1681766	0.0000012
all	4828	1	1681766	0.0000006
all	4829	1	1681766	0.0000006
all	4838	2	1681766	0.0000012
all	4841	1	1681766	0.0000006
all	4842	1	1681766	0.0000006
all	4848	2	1681766	0.0000012
all	4849	4	1681766	0.0000024
all	4850	3	1681766	0.0000018
all	4851	5	1681766	0.0000030
all	4853	2	1681766	0.0000012
all	4857	2	1681766	0.0000012
all	4858	1	1681766	0.0000006
all	4859	4	1681766	0.0000024
all	4860	2	1681766	0.0000012
all	4864	2	1681766	0.0000012
all	4865	1	1681766	0.0000006
all	4866	2	1681766	0.0000012
all	4868	4	1681766	0.0000024
all	4870	2	1681766	0.0000012
all	4871	4	1681766	0.0000024
all	4872	4	1681766	0.0000024
all	4873	2	1681766	0.0000012
all	4875	1	1681766	0.0000006
all	4876	2	1681766	0.0000012
all	4879	2	1681766	0.0000012
all	4880	1	1681766	0.0000006
all	4881	2	1681766	0.0000012
all	4882	2	1681766	0.0000012
all	4886	2	1681766	0.0000012
all	4887	2	1681766	0.0000012
all	4890	2	1681766	0.0000012
all	4891	2	1681766	0.0000012
all	4892	2	1681766	0.0000012
all	4896	1	1681766	0.0000006
all	4897	4	1681766	0.0000024
all	4899	3	1681766	0.0000018
all	4901	1	1681766	0.0000006
all	4908	5	1681766	0.0000030
all	4914	2	1681766	0.0000012
all	4917	1	1681766	0.0000006
all	4918	1	1681766	0.0000006
all	4921	3	1681766	0.0000018
all	4925	2	1681766	0.0000012
all	4926	1	1681766	0.0000006
all	4928	3	1681766	0.0000018
all	4932	2	1681766	0.0000012
all	4933	1	1681766	0.0000006
all	4935	1	1681766	0.0000006
all	4936	2	1681766	0.0000012
all	4937	1	1681766	0.0000006
all	4938	3	1681766	0.0000018
all	4940	1	1681766	0.0000006
all	4946	2	1681766	0.0000012
all	4948	2	1681766	0.0000012
all	4950	1	1681766	0.0000006
all	4954	2	1681766	0.0000012
all	4955	1	1681766	0.0000006
all	4956	1	1681766	0.0000006
all	4958	3	1681766	0.0000018
all	4959	1	1681766	0.0000006
all	4961	2	1681766	0.0000012
all	4962	4	1681766	0.0000024
all	4966	2	1681766	0.0000012
all	4967	1	1681766	0.0000006
all	4968	3	1681766	0.0000018
all	4970	5	1681766	0.0000030
all	4971	4	1681766	0.0000024
all	4974	1	1681766	0.0000006
all	4975	2	1681766	0.0000012
all	4979	2	1681766	0.0000012
all	4980	1	1681766	0.0000006
all	4984	2	1681766	0.0000012
all	4985	1	1681766	0.0000006
all	4986	1	1681766	0.0000006
all	4989	1	1681766	0.0000006
all	4990	1	1681766	0.0000006
all	4991	1	1681766	0.0000006
all	4993	4	1681766	0.0000024
all	4997	2	1681766	0.0000012
all	4999	2	1681766	0.0000012
all	5000	1	1681766	0.0000006
all	5001	1	1681766	0.0000006
all	5002	3	1681766	0.0000018
all	5011	2	1681766	0.0000012
all	5015	2	1681766	0.0000012
all	5016	2	1681766	0.0000012
all	5021	1	1681766	0.0000006
all	5030	2	1681766	0.0000012
all	5032	2	1681766	0.0000012
all	5036	1	1681766	0.0000006
all	5037	2	1681766	0.0000012
all	5042	1	1681766	0.0000006
all	5047	1	1681766	0.0000006
all	5049	1	1681766	0.0000006
all	5057	1	1681766	0.0000006
all	5065	1	1681766	0.0000006
all	5069	2	1681766	0.0000012
all	5075	2	1681766	0.0000012
all	5079	1	1681766	0.0000006
all	5087	2	1681766	0.0000012
all	5089	2	1681766	0.0000012
all	5090	2	1681766	0.0000012
all	5091	1	1681766	0.0000006
all	5095	2	1681766	0.0000012
all	5099	1	1681766	0.0000006
all	5102	2	1681766	0.0000012
all	5103	4	1681766	0.0000024
all	5104	1	1681766	0.0000006
all	5105	2	1681766	0.0000012
all	5108	2	1681766	0.0000012
all	5109	1	1681766	0.0000006
all	5110	2	1681766	0.0000012
all	5115	2	1681766	0.0000012
all	5116	2	1681766	0.0000012
all	5124	1	1681766	0.0000006
all	5125	2	1681766	0.0000012
all	5131	3	1681766	0.0000018
all	5133	1	1681766	0.0000006
all	5136	4	1681766	0.0000024
all	5138	1	1681766	0.0000006
all	5139	2	1681766	0.0000012
all	5140	1	1681766	0.0000006
all	5141	1	1681766	0.0000006
all	5144	1	1681766	0.0000006
all	5148	1	1681766	0.0000006
all	5153	1	1681766	0.0000006
all	5167	1	1681766	0.0000006
all	5196	1	1681766	0.0000006
all	5200	1	1681766	0.0000006
all	5208	2	1681766	0.0000012
all	5215	1	1681766	0.0000006
all	5226	1	1681766	0.0000006
all	5237	2	1681766	0.0000012
all	5241	3	1681766	0.0000018
all	5246	1	1681766	0.0000006
all	5254	3	1681766	0.0000018
all	5255	1	1681766	0.0000006
all	5266	1	1681766	0.0000006
all	5271	1	1681766	0.0000006
all	5311	2	1681766	0.0000012
all	5317	1	1681766	0.0000006
all	5345	2	1681766	0.0000012
all	5348	1	1681766	0.0000006
all	5351	1	1681766	0.0000006
all	5354	1	1681766	0.0000006
all	5373	1	1681766	0.0000006
all	5377	1	1681766	0.0000006
all	5406	1	1681766	0.0000006
all	5408	1	1681766	0.0000006
all	5415	2	1681766	0.0000012
all	5421	1	1681766	0.0000006
all	5450	1	1681766	0.0000006
all	5465	1	1681766	0.0000006
all	5481	1	1681766	0.0000006
all	5495	2	1681766	0.0000012
all	5496	1	1681766	0.0000006
all	5505	1	1681766	0.0000006
all	5513	1	1681766	0.0000006
all	5519	1	1681766	0.0000006
all	5527	1	1681766	0.0000006
all	5530	2	1681766	0.0000012
all	5536	1	1681766	0.0000006
all	5537	2	1681766	0.0000012
all	5547	1	1681766	0.0000006
all	5550	2	1681766	0.0000012
all	5564	1	1681766	0.0000006
all	5579	1	1681766	0.0000006
all	5583	1	1681766	0.0000006
all	5589	1	1681766	0.0000006
all	5615	1	1681766	0.0000006
all	5621	1	1681766	0.0000006
all	5626	1	1681766	0.0000006
all	5653	2	1681766	0.0000012
all	5655	1	1681766	0.0000006
all	5662	1	1681766	0.0000006
all	5668	1	1681766	0.0000006
all	5669	1	1681766	0.0000006
all	5691	2	1681766	0.0000012
all	5703	1	1681766	0.0000006
all	5741	1	1681766	0.0000006
all	5753	1	1681766	0.0000006
all	5755	1	1681766	0.0000006
all	5760	2	1681766	0.0000012
all	5771	1	1681766	0.0000006
all	5783	1	1681766	0.0000006
all	5791	1	1681766	0.0000006
all	5802	2	1681766	0.0000012
all	5803	1	1681766	0.0000006
all	5814	1	1681766	0.0000006
all	5824	2	1681766	0.0000012
all	5829	2	1681766	0.0000012
all	5837	2	1681766	0.0000012
all	5866	2	1681766	0.0000012
all	5874	1	1681766	0.0000006
all	5879	2	1681766	0.0000012
all	5908	1	1681766	0.0000006
all	5910	2	1681766	0.0000012
all	5914	1	1681766	0.0000006
all	5925	2	1681766	0.0000012
all	5936	1	1681766	0.0000006
all	5937	1	1681766	0.0000006
all	5941	2	1681766	0.0000012
all	5946	1	1681766	0.0000006
all	5947	2	1681766	0.0000012
all	5957	2	1681766	0.0000012
all	5962	4	1681766	0.0000024
all	5965	2	1681766	0.0000012
all	5969	2	1681766	0.0000012
all	5977	2	1681766	0.0000012
all	5979	2	1681766	0.0000012
all	5993	2	1681766	0.0000012
all	5995	2	1681766	0.0000012
all	5999	2	1681766	0.0000012
all	6015	1	1681766	0.0000006
all	6016	2	1681766	0.0000012
all	6020	2	1681766	0.0000012
all	6028	1	1681766	0.0000006
all	6034	2	1681766	0.0000012
all	6053	3	1681766	0.0000018
all	6054	2	1681766	0.0000012
all	6056	2	1681766	0.0000012
all	6058	2	1681766	0.0000012
all	6079	2	1681766	0.0000012
all	6081	1	1681766	0.0000006
all	6085	2	1681766	0.0000012
all	6086	1	1681766	0.0000006
all	6119	2	1681766	0.0000012
all	6126	2	1681766	0.0000012
all	6129	3	1681766	0.0000018
all	6132	1	1681766	0.0000006
all	6149	1	1681766	0.0000006
all	6162	2	1681766	0.0000012
all	6163	1	1681766	0.0000006
all	6169	1	1681766	0.0000006
all	6172	1	1681766	0.0000006
all	6173	2	1681766	0.0000012
all	6179	5	1681766	0.0000030
all	6183	1	1681766	0.0000006
all	6199	1	1681766	0.0000006
all	6202	1	1681766	0.0000006
all	6208	1	1681766	0.0000006
all	6211	2	1681766	0.0000012
all	6221	1	1681766	0.0000006
all	6229	1	1681766	0.0000006
all	6233	1	1681766	0.0000006
all	6240	1	1681766	0.0000006
all	6249	1	1681766	0.0000006
all	6258	1	1681766	0.0000006
all	6261	3	1681766	0.0000018
all	6271	1	1681766	0.0000006
all	6272	2	1681766	0.0000012
all	6293	1	1681766	0.0000006
all	6301	1	1681766	0.0000006
all	6303	1	1681766	0.0000006
all	6309	1	1681766	0.0000006
all	6327	1	1681766	0.0000006
all	6330	1	1681766	0.0000006
all	6333	1	1681766	0.0000006
all	6342	1	1681766	0.0000006
all	6344	1	1681766	0.0000006
all	6357	1	1681766	0.0000006
all	6363	1	1681766	0.0000006
all	6366	2	1681766	0.0000012
all	6368	2	1681766	0.0000012
all	6371	1	1681766	0.0000006
all	6381	1	1681766	0.0000006
all	6384	3	1681766	0.0000018
all	6401	3	1681766	0.0000018
all	6402	1	1681766	0.0000006
all	6406	3	1681766	0.0000018
all	6407	1	1681766	0.0000006
all	6408	1	1681766	0.0000006
all	6413	1	1681766	0.0000006
all	6414	1	1681766	0.0000006
all	6419	2	1681766	0.0000012
all	6429	1	1681766	0.0000006
all	6430	3	1681766	0.0000018
all	6443	1	1681766	0.0000006
all	6449	1	1681766	0.0000006
all	6450	1	1681766	0.0000006
all	6458	1	1681766	0.0000006
all	6459	2	1681766	0.0000012
all	6460	1	1681766	0.0000006
all	6483	1	1681766	0.0000006
all	6491	1	1681766	0.0000006
all	6495	1	1681766	0.0000006
all	6496	1	1681766	0.0000006
all	6509	3	1681766	0.0000018
all	6514	1	1681766	0.0000006
all	6523	1	1681766	0.0000006
all	6534	1	1681766	0.0000006
all	6536	2	1681766	0.0000012
all	6546	1	1681766	0.0000006
all	6565	1	1681766	0.0000006
all	6569	1	1681766	0.0000006
all	6572	1	1681766	0.0000006
all	6581	1	1681766	0.0000006
all	6587	3	1681766	0.0000018
all	6596	1	1681766	0.0000006
all	6597	1	1681766	0.0000006
all	6601	1	1681766	0.0000006
all	6604	1	1681766	0.0000006
all	6605	2	1681766	0.0000012
all	6607	1	1681766	0.0000006
all	6610	1	1681766	0.0000006
all	6611	1	1681766	0.0000006
all	6612	1	1681766	0.0000006
all	6625	2	1681766	0.0000012
all	6629	1	1681766	0.0000006
all	6644	2	1681766	0.0000012
all	6649	2	1681766	0.0000012
all	6650	1	1681766	0.0000006
all	6652	1	1681766	0.0000006
all	6656	1	1681766	0.0000006
all	6658	1	1681766	0.0000006
all	6663	1	1681766	0.0000006
all	6667	1	1681766	0.0000006
all	6670	1	1681766	0.0000006
all	6672	1	1681766	0.0000006
all	6675	1	1681766	0.0000006
all	6677	1	1681766	0.0000006
all	6679	1	1681766	0.0000006
all	6680	1	1681766	0.0000006
all	6703	1	1681766	0.0000006
all	6707	1	1681766	0.0000006
all	6718	1	1681766	0.0000006
all	6719	1	1681766	0.0000006
all	6731	1	1681766	0.0000006
all	6732	1	1681766	0.0000006
all	6738	3	1681766	0.0000018
all	6745	1	1681766	0.0000006
all	6746	2	1681766	0.0000012
all	6747	1	1681766	0.0000006
all	6752	1	1681766	0.0000006
all	6753	2	1681766	0.0000012
all	6758	1	1681766	0.0000006
all	6761	2	1681766	0.0000012
all	6764	2	1681766	0.0000012
all	6765	1	1681766	0.0000006
all	6771	1	1681766	0.0000006
all	6774	1	1681766	0.0000006
all	6775	2	1681766	0.0000012
all	6778	1	1681766	0.0000006
all	6779	1	1681766	0.0000006
all	6784	3	1681766	0.0000018
all	6787	1	1681766	0.0000006
all	6792	2	1681766	0.0000012
all	6793	1	1681766	0.0000006
all	6801	1	1681766	0.0000006
all	6805	1	1681766	0.0000006
all	6808	2	1681766	0.0000012
all	6818	2	1681766	0.0000012
all	6831	2	1681766	0.0000012
all	6837	2	1681766	0.0000012
all	6845	1	1681766	0.0000006
all	6848	1	1681766	0.0000006
all	6849	1	1681766	0.0000006
all	6860	2	1681766	0.0000012
all	6865	1	1681766	0.0000006
all	6867	2	1681766	0.0000012
all	6868	1	1681766	0.0000006
all	6869	1	1681766	0.0000006
all	6885	2	1681766	0.0000012
all	6889	1	1681766	0.0000006
all	6893	2	1681766	0.0000012
all	6899	1	1681766	0.0000006
all	6901	2	1681766	0.0000012
all	6909	2	1681766	0.0000012
all	6913	2	1681766	0.0000012
all	6914	1	1681766	0.0000006
all	6919	2	1681766	0.0000012
all	6924	1	1681766	0.0000006
all	6935	2	1681766	0.0000012
all	6936	2	1681766	0.0000012
all	6938	5	1681766	0.0000030
all	6939	2	1681766	0.0000012
all	6945	1	1681766	0.0000006
all	6957	2	1681766	0.0000012
all	6963	1	1681766	0.0000006
all	6964	5	1681766	0.0000030
all	6965	2	1681766	0.0000012
all	6966	2	1681766	0.0000012
all	6969	1	1681766	0.0000006
all	6976	2	1681766	0.0000012
all	6986	2	1681766	0.0000012
all	6990	2	1681766	0.0000012
all	6995	1	1681766	0.0000006
all	6996	2	1681766	0.0000012
all	6997	1	1681766	0.0000006
all	7000	1	1681766	0.0000006
all	7001	2	1681766	0.0000012
all	7004	2	1681766	0.0000012
all	7010	2	1681766	0.0000012
all	7019	2	1681766	0.0000012
all	7024	2	1681766	0.0000012
all	7026	4	1681766	0.0000024
all	7029	2	1681766	0.0000012
all	7033	2	1681766	0.0000012
all	7035	1	1681766	0.0000006
all	7036	3	1681766	0.0000018
all	7037	3	1681766	0.0000018
all	7044	1	1681766	0.0000006
all	7045	1	1681766	0.0000006
all	7046	1	1681766	0.0000006
all	7047	1	1681766	0.0000006
all	7054	4	1681766	0.0000024
all	7063	2	1681766	0.0000012
all	7074	2	1681766	0.0000012
all	7079	2	1681766	0.0000012
all	7085	2	1681766	0.0000012
all	7126	4	1681766	0.0000024
all	7134	2	1681766	0.0000012
all	7138	1	1681766	0.0000006
all	7139	1	1681766	0.0000006
all	7150	1	1681766	0.0000006
all	7159	2	1681766	0.0000012
all	7172	4	1681766	0.0000024
all	7175	2	1681766	0.0000012
all	7190	1	1681766	0.0000006
all	7200	1	1681766	0.0000006
all	7215	4	1681766	0.0000024
all	7228	2	1681766	0.0000012
all	7235	1	1681766	0.0000006
all	7246	1	1681766	0.0000006
all	7258	1	1681766	0.0000006
all	7271	2	1681766	0.0000012
all	7274	1	1681766	0.0000006
all	7276	4	1681766	0.0000024
all	7302	2	1681766	0.0000012
all	7310	2	1681766	0.0000012
all	7318	1	1681766	0.0000006
all	7333	2	1681766	0.0000012
all	7334	4	1681766	0.0000024
all	7343	2	1681766	0.0000012
all	7351	1	1681766	0.0000006
all	7361	2	1681766	0.0000012
all	7369	2	1681766	0.0000012
all	7377	1	1681766	0.0000006
all	7393	1	1681766	0.0000006
all	7395	2	1681766	0.0000012
all	7398	2	1681766	0.0000012
all	7417	1	1681766	0.0000006
all	7422	1	1681766	0.0000006
all	7428	4	1681766	0.0000024
all	7439	3	1681766	0.0000018
all	7470	2	1681766	0.0000012
all	7473	4	1681766	0.0000024
all	7482	2	1681766	0.0000012
all	7493	1	1681766	0.0000006
all	7497	1	1681766	0.0000006
all	7505	2	1681766	0.0000012
all	7511	4	1681766	0.0000024
all	7521	1	1681766	0.0000006
all	7522	1	1681766	0.0000006
all	7523	1	1681766	0.0000006
all	7551	2	1681766	0.0000012
all	7557	1	1681766	0.0000006
all	7561	2	1681766	0.0000012
all	7566	1	1681766	0.0000006
all	7578	5	1681766	0.0000030
all	7584	1	1681766	0.0000006
all	7591	1	1681766	0.0000006
all	7599	1	1681766	0.0000006
all	7602	1	1681766	0.0000006
all	7608	1	1681766	0.0000006
all	7611	1	1681766	0.0000006
all	7628	1	1681766	0.0000006
all	7630	5	1681766	0.0000030
all	7637	1	1681766	0.0000006
all	7656	1	1681766	0.0000006
all	7659	1	1681766	0.0000006
all	7663	1	1681766	0.0000006
all	7665	5	1681766	0.0000030
all	7688	1	1681766	0.0000006
all	7702	1	1681766	0.0000006
all	7709	5	1681766	0.0000030
all	7710	1	1681766	0.0000006
all	7715	1	1681766	0.0000006
all	7729	1	1681766	0.0000006
all	7741	1	1681766	0.0000006
all	7743	1	1681766	0.0000006
all	7760	1	1681766	0.0000006
all	7767	3	1681766	0.0000018
all	7769	1	1681766	0.0000006
all	7777	1	1681766	0.0000006
all	7787	1	1681766	0.0000006
all	7788	5	1681766	0.0000030
all	7796	1	1681766	0.0000006
all	7808	1	1681766	0.0000006
all	7814	1	1681766	0.0000006
all	7828	1	1681766	0.0000006
all	7833	1	1681766	0.0000006
all	7834	1	1681766	0.0000006
all	7836	5	1681766	0.0000030
all	7837	1	1681766	0.0000006
all	7839	1	1681766	0.0000006
all	7844	1	1681766	0.0000006
all	7846	2	1681766	0.0000012
all	7862	2	1681766	0.0000012
all	7863	2	1681766	0.0000012
all	7864	1	1681766	0.0000006
all	7865	1	1681766	0.0000006
all	7866	1	1681766	0.0000006
all	7871	1	1681766	0.0000006
all	7873	1	1681766	0.0000006
all	7875	1	1681766	0.0000006
all	7877	2	1681766	0.0000012
all	7878	1	1681766	0.0000006
all	7879	1	1681766	0.0000006
all	7888	5	1681766	0.0000030
all	7898	3	1681766	0.0000018
all	7917	1	1681766	0.0000006
all	7922	1	1681766	0.0000006
all	7927	5	1681766	0.0000030
all	7960	2	1681766	0.0000012
all	7971	5	1681766	0.0000030
all	7973	1	1681766	0.0000006
all	8001	5	1681766	0.0000030
all	8028	2	1681766	0.0000012
all	8035	5	1681766	0.0000030
all	8045	1	1681766	0.0000006
all	8071	5	1681766	0.0000030
all	8077	1	1681766	0.0000006
all	8083	1	1681766	0.0000006
all	8090	1	1681766	0.0000006
all	8103	5	1681766	0.0000030
all	8132	1	1681766	0.0000006
all	8137	1	1681766	0.0000006
all	8146	2	1681766	0.0000012
all	8160	1	1681766	0.0000006
all	8166	2	1681766	0.0000012
all	8186	5	1681766	0.0000030
all	8201	1	1681766	0.0000006
all	8207	3	1681766	0.0000018
all	8226	1	1681766	0.0000006
all	8241	1	1681766	0.0000006
all	8243	1	1681766	0.0000006
all	8274	1	1681766	0.0000006
all	8277	1	1681766	0.0000006
all	8283	1	1681766	0.0000006
all	8305	5	1681766	0.0000030
all	8324	3	1681766	0.0000018
all	8335	5	1681766	0.0000030
all	8374	1	1681766	0.0000006
all	8389	5	1681766	0.0000030
all	8391	1	1681766	0.0000006
all	8392	1	1681766	0.0000006
all	8417	1	1681766	0.0000006
all	8421	5	1681766	0.0000030
all	8469	3	1681766	0.0000018
all	8481	5	1681766	0.0000030
all	8484	1	1681766	0.0000006
all	8497	1	1681766	0.0000006
all	8503	1	1681766	0.0000006
all	8504	3	1681766	0.0000018
all	8509	3	1681766	0.0000018
all	8544	3	1681766	0.0000018
all	8562	1	1681766	0.0000006
all	8572	1	1681766	0.0000006
all	8598	5	1681766	0.0000030
all	8650	1	1681766	0.0000006
all	8653	1	1681766	0.0000006
all	8662	1	1681766	0.0000006
all	8679	3	1681766	0.0000018
all	8694	1	1681766	0.0000006
all	8703	5	1681766	0.0000030
all	8721	2	1681766	0.0000012
all	8739	1	1681766	0.0000006
all	8754	1	1681766	0.0000006
all	8763	1	1681766	0.0000006
all	8816	1	1681766	0.0000006
all	8834	5	1681766	0.0000030
all	8839	1	1681766	0.0000006
all	8841	2	1681766	0.0000012
all	8845	1	1681766	0.0000006
all	8888	1	1681766	0.0000006
all	8901	1	1681766	0.0000006
all	8911	1	1681766	0.0000006
all	8913	5	1681766	0.0000030
all	8942	1	1681766	0.0000006
all	8956	2	1681766	0.0000012
all	8976	1	1681766	0.0000006
all	8988	2	1681766	0.0000012
all	8989	5	1681766	0.0000030
all	8990	1	1681766	0.0000006
all	9026	1	1681766	0.0000006
all	9030	1	1681766	0.0000006
all	9048	1	1681766	0.0000006
all	9055	1	1681766	0.0000006
all	9060	1	1681766	0.0000006
all	9063	1	1681766	0.0000006
all	9069	1	1681766	0.0000006
all	9086	1	1681766	0.0000006
all	9089	2	1681766	0.0000012
all	9097	1	1681766	0.0000006
all	9103	5	1681766	0.0000030
all	9107	1	1681766	0.0000006
all	9125	1	1681766	0.0000006
all	9135	1	1681766	0.0000006
all	9138	1	1681766	0.0000006
all	9169	1	1681766	0.0000006
all	9177	1	1681766	0.0000006
all	9185	1	1681766	0.0000006
all	9205	1	1681766	0.0000006
all	9222	1	1681766	0.0000006
all	9262	1	1681766	0.0000006
all	9271	5	1681766	0.0000030
all	9274	1	1681766	0.0000006
all	9295	1	1681766	0.0000006
all	9303	1	1681766	0.0000006
all	9305	2	1681766	0.0000012
all	9310	1	1681766	0.0000006
all	9337	1	1681766	0.0000006
all	9338	1	1681766	0.0000006
all	9354	1	1681766	0.0000006
all	9408	7	1681766	0.0000042
all	9422	1	1681766	0.0000006
all	9435	1	1681766	0.0000006
all	9445	1	1681766	0.0000006
all	9454	1	1681766	0.0000006
all	9466	1	1681766	0.0000006
all	9470	1	1681766	0.0000006
all	9476	1	1681766	0.0000006
all	9478	1	1681766	0.0000006
all	9479	1	1681766	0.0000006
all	9490	2	1681766	0.0000012
all	9501	5	1681766	0.0000030
all	9507	1	1681766	0.0000006
all	9513	2	1681766	0.0000012
all	9516	1	1681766	0.0000006
all	9517	2	1681766	0.0000012
all	9528	2	1681766	0.0000012
all	9530	2	1681766	0.0000012
all	9538	1	1681766	0.0000006
all	9549	1	1681766	0.0000006
all	9554	2	1681766	0.0000012
all	9560	1	1681766	0.0000006
all	9575	2	1681766	0.0000012
all	9587	1	1681766	0.0000006
all	9602	2	1681766	0.0000012
all	9605	2	1681766	0.0000012
all	9620	5	1681766	0.0000030
all	9628	1	1681766	0.0000006
all	9645	2	1681766	0.0000012
all	9662	5	1681766	0.0000030
all	9674	2	1681766	0.0000012
all	9686	2	1681766	0.0000012
all	9694	1	1681766	0.0000006
all	9716	2	1681766	0.0000012
all	9732	1	1681766	0.0000006
all	9760	1	1681766	0.0000006
all	9770	2	1681766	0.0000012
all	9772	2	1681766	0.0000012
all	9783	2	1681766	0.0000012
all	9784	2	1681766	0.0000012
all	9790	2	1681766	0.0000012
all	9792	2	1681766	0.0000012
all	9801	2	1681766	0.0000012
all	9805	2	1681766	0.0000012
all	9815	5	1681766	0.0000030
all	9817	1	1681766	0.0000006
all	9826	1	1681766	0.0000006
all	9828	1	1681766	0.0000006
all	9830	1	1681766	0.0000006
all	9848	1	1681766	0.0000006
all	9866	1	1681766	0.0000006
all	9869	1	1681766	0.0000006
all	9876	1	1681766	0.0000006
all	9883	1	1681766	0.0000006
all	9884	1	1681766	0.0000006
all	9893	1	1681766	0.0000006
all	9894	1	1681766	0.0000006
all	9895	5	1681766	0.0000030
all	9897	1	1681766	0.0000006
all	9899	1	1681766	0.0000006
all	9900	1	1681766	0.0000006
all	9903	1	1681766	0.0000006
all	9906	1	1681766	0.0000006
all	9909	1	1681766	0.0000006
all	9917	1	1681766	0.0000006
all	9918	1	1681766	0.0000006
all	9923	1	1681766	0.0000006
all	9925	1	1681766	0.0000006
all	9939	1	1681766	0.0000006
all	9940	1	1681766	0.0000006
all	9953	1	1681766	0.0000006
all	9957	2	1681766	0.0000012
all	9993	5	1681766	0.0000030
all	10027	2	1681766	0.0000012
all	10071	2	1681766	0.0000012
all	10077	5	1681766	0.0000030
all	10120	2	1681766	0.0000012
all	10132	2	1681766	0.0000012
all	10134	5	1681766	0.0000030
all	10159	2	1681766	0.0000012
all	10200	3	1681766	0.0000018
all	10225	2	1681766	0.0000012
all	10259	5	1681766	0.0000030
all	10266	3	1681766	0.0000018
all	10294	5	1681766	0.0000030
all	10307	5	1681766	0.0000030
all	10327	5	1681766	0.0000030
all	10335	2	1681766	0.0000012
all	10381	5	1681766	0.0000030
all	10414	3	1681766	0.0000018
all	10436	5	1681766	0.0000030
all	10437	2	1681766	0.0000012
all	10458	6	1681766	0.0000036
all	10464	6	1681766	0.0000036
all	10499	6	1681766	0.0000036
all	10514	6	1681766	0.0000036
all	10524	6	1681766	0.0000036
all	10541	6	1681766	0.0000036
all	10546	6	1681766	0.0000036
all	10547	6	1681766	0.0000036
all	10548	6	1681766	0.0000036
all	10549	3	1681766	0.0000018
all	10575	12	1681766	0.0000071
all	10578	6	1681766	0.0000036
all	10583	6	1681766	0.0000036
all	10593	6	1681766	0.0000036
all	10594	6	1681766	0.0000036
all	10612	8	1681766	0.0000048
all	10613	3	1681766	0.0000018
all	10628	6	1681766	0.0000036
all	10638	3	1681766	0.0000018
all	10663	3	1681766	0.0000018
all	10666	6	1681766	0.0000036
all	10670	1	1681766	0.0000006
all	10672	1	1681766	0.0000006
all	10673	6	1681766	0.0000036
all	10686	1	1681766	0.0000006
all	10688	1	1681766	0.0000006
all	10689	1	1681766	0.0000006
all	10695	3	1681766	0.0000018
all	10701	1	1681766	0.0000006
all	10702	3	1681766	0.0000018
all	10705	1	1681766	0.0000006
all	10709	2	1681766	0.0000012
all	10722	3	1681766	0.0000018
all	10737	1	1681766	0.0000006
all	10739	2	1681766	0.0000012
all	10740	3	1681766	0.0000018
all	10747	1	1681766	0.0000006
all	10751	2	1681766	0.0000012
all	10753	3	1681766	0.0000018
all	10756	2	1681766	0.0000012
all	10763	1	1681766	0.0000006
all	10765	2	1681766	0.0000012
all	10769	3	1681766	0.0000018
all	10784	1	1681766	0.0000006
all	10819	3	1681766	0.0000018
all	10836	3	1681766	0.0000018
all	10863	3	1681766	0.0000018
all	10875	1	1681766	0.0000006
all	10887	3	1681766	0.0000018
all	10918	3	1681766	0.0000018
all	10959	1	1681766	0.0000006
all	10971	3	1681766	0.0000018
all	11006	3	1681766	0.0000018
all	11041	3	1681766	0.0000018
all	11072	1	1681766	0.0000006
all	11126	3	1681766	0.0000018
all	11209	2	1681766	0.0000012
all	11237	1	1681766	0.0000006
all	11238	2	1681766	0.0000012
all	11356	2	1681766	0.0000012
all	11374	1	1681766	0.0000006
all	11387	2	1681766	0.0000012
all	11389	1	1681766	0.0000006
all	11408	2	1681766	0.0000012
all	11411	1	1681766	0.0000006
all	11412	1	1681766	0.0000006
all	11413	1	1681766	0.0000006
all	11423	1	1681766	0.0000006
