all	0	190336	1681766	0.1131763
all	1	28981	1681766	0.0172325
all	2	47993	1681766	0.0285373
all	3	23830	1681766	0.0141696
all	4	25332	1681766	0.0150627
all	5	18571	1681766	0.0110426
all	6	19756	1681766	0.0117472
all	7	15102	1681766	0.0089798
all	8	15428	1681766	0.0091737
all	9	13206	1681766	0.0078525
all	10	14306	1681766	0.0085065
all	11	10177	1681766	0.0060514
all	12	10236	1681766	0.0060865
all	13	8562	1681766	0.0050911
all	14	9273	1681766	0.0055138
all	15	7694	1681766	0.0045750
all	16	7486	1681766	0.0044513
all	17	6985	1681766	0.0041534
all	18	6830	1681766	0.0040612
all	19	6158	1681766	0.0036616
all	20	6090	1681766	0.0036212
all	21	7299	1681766	0.0043401
all	22	6674	1681766	0.0039684
all	23	6462	1681766	0.0038424
all	24	6259	1681766	0.0037217
all	25	6642	1681766	0.0039494
all	26	6203	1681766	0.0036884
all	27	6188	1681766	0.0036795
all	28	6124	1681766	0.0036414
all	29	6124	1681766	0.0036414
all	30	6482	1681766	0.0038543
all	31	5568	1681766	0.0033108
all	32	5796	1681766	0.0034464
all	33	5564	1681766	0.0033084
all	34	5762	1681766	0.0034262
all	35	5855	1681766	0.0034815
all	36	6367	1681766	0.0037859
all	37	5675	1681766	0.0033744
all	38	5748	1681766	0.0034178
all	39	5885	1681766	0.0034993
all	40	5975	1681766	0.0035528
all	41	5910	1681766	0.0035142
all	42	5643	1681766	0.0033554
all	43	5630	1681766	0.0033477
all	44	5691	1681766	0.0033839
all	45	6034	1681766	0.0035879
all	46	5192	1681766	0.0030872
all	47	5812	1681766	0.0034559
all	48	5836	1681766	0.0034702
all	49	5822	1681766	0.0034618
all	50	5841	1681766	0.0034731
all	51	5989	1681766	0.0035611
all	52	5881	1681766	0.0034969
all	53	6086	1681766	0.0036188
all	54	5936	1681766	0.0035296
all	55	5549	1681766	0.0032995
all	56	5760	1681766	0.0034250
all	57	5695	1681766	0.0033863
all	58	6084	1681766	0.0036176
all	59	5909	1681766	0.0035136
all	60	6004	1681766	0.0035701
all	61	5726	1681766	0.0034048
all	62	5829	1681766	0.0034660
all	63	5949	1681766	0.0035374
all	64	6277	1681766	0.0037324
all	65	6430	1681766	0.0038234
all	66	6142	1681766	0.0036521
all	67	5956	1681766	0.0035415
all	68	5960	1681766	0.0035439
all	69	5866	1681766	0.0034880
all	70	5879	1681766	0.0034957
all	71	6133	1681766	0.0036468
all	72	5571	1681766	0.0033126
all	73	6048	1681766	0.0035962
all	74	5943	1681766	0.0035338
all	75	5757	1681766	0.0034232
all	76	5734	1681766	0.0034095
all	77	5799	1681766	0.0034482
all	78	6362	1681766	0.0037829
all	79	6328	1681766	0.0037627
all	80	6297	1681766	0.0037443
all	81	6223	1681766	0.0037003
all	82	6276	1681766	0.0037318
all	83	5908	1681766	0.0035130
all	84	5787	1681766	0.0034410
all	85	5811	1681766	0.0034553
all	86	6135	1681766	0.0036480
all	87	5873	1681766	0.0034922
all	88	5492	1681766	0.0032656
all	89	5960	1681766	0.0035439
all	90	5825	1681766	0.0034636
all	91	5919	1681766	0.0035195
all	92	5880	1681766	0.0034963
all	93	5926	1681766	0.0035237
all	94	5843	1681766	0.0034743
all	95	5664	1681766	0.0033679
all	96	5788	1681766	0.0034416
all	97	5553	1681766	0.0033019
all	98	5461	1681766	0.0032472
all	99	5550	1681766	0.0033001
all	100	5242	1681766	0.0031170
all	101	5593	1681766	0.0033257
all	102	5439	1681766	0.0032341
all	103	5453	1681766	0.0032424
all	104	5558	1681766	0.0033049
all	105	5489	1681766	0.0032638
all	106	5324	1681766	0.0031657
all	107	5505	1681766	0.0032733
all	108	5453	1681766	0.0032424
all	109	5371	1681766	0.0031937
all	110	5178	1681766	0.0030789
all	111	5486	1681766	0.0032620
all	112	5267	1681766	0.0031318
all	113	5178	1681766	0.0030789
all	114	5171	1681766	0.0030747
all	115	4823	1681766	0.0028678
all	116	5023	1681766	0.0029867
all	117	4919	1681766	0.0029249
all	118	4765	1681766	0.0028333
all	119	4797	1681766	0.0028524
all	120	4949	1681766	0.0029427
all	121	4859	1681766	0.0028892
all	122	4829	1681766	0.0028714
all	123	4968	1681766	0.0029540
all	124	4743	1681766	0.0028202
all	125	4720	1681766	0.0028066
all	126	4748	1681766	0.0028232
all	127	4815	1681766	0.0028631
all	128	4663	1681766	0.0027727
all	129	4909	1681766	0.0029190
all	130	4740	1681766	0.0028185
all	131	4549	1681766	0.0027049
all	132	4710	1681766	0.0028006
all	133	4383	1681766	0.0026062
all	134	4830	1681766	0.0028720
all	135	4684	1681766	0.0027852
all	136	4446	1681766	0.0026436
all	137	4431	1681766	0.0026347
all	138	4459	1681766	0.0026514
all	139	4438	1681766	0.0026389
all	140	4525	1681766	0.0026906
all	141	4478	1681766	0.0026627
all	142	4358	1681766	0.0025913
all	143	4300	1681766	0.0025568
all	144	4194	1681766	0.0024938
all	145	4447	1681766	0.0026442
all	146	4469	1681766	0.0026573
all	147	4384	1681766	0.0026068
all	148	4440	1681766	0.0026401
all	149	4243	1681766	0.0025229
all	150	3958	1681766	0.0023535
all	151	4103	1681766	0.0024397
all	152	3985	1681766	0.0023695
all	153	4021	1681766	0.0023909
all	154	4032	1681766	0.0023975
all	155	3835	1681766	0.0022803
all	156	3936	1681766	0.0023404
all	157	3732	1681766	0.0022191
all	158	3758	1681766	0.0022346
all	159	3704	1681766	0.0022024
all	160	3630	1681766	0.0021584
all	161	3462	1681766	0.0020586
all	162	3722	1681766	0.0022131
all	163	3487	1681766	0.0020734
all	164	3386	1681766	0.0020134
all	165	3583	1681766	0.0021305
all	166	3560	1681766	0.0021168
all	167	3483	1681766	0.0020710
all	168	3484	1681766	0.0020716
all	169	3375	1681766	0.0020068
all	170	3231	1681766	0.0019212
all	171	3251	1681766	0.0019331
all	172	3377	1681766	0.0020080
all	173	3276	1681766	0.0019480
all	174	3166	1681766	0.0018825
all	175	3094	1681766	0.0018397
all	176	3244	1681766	0.0019289
all	177	3179	1681766	0.0018903
all	178	3209	1681766	0.0019081
all	179	3119	1681766	0.0018546
all	180	3176	1681766	0.0018885
all	181	3067	1681766	0.0018237
all	182	3143	1681766	0.0018689
all	183	3031	1681766	0.0018023
all	184	3046	1681766	0.0018112
all	185	3111	1681766	0.0018498
all	186	3009	1681766	0.0017892
all	187	2791	1681766	0.0016596
all	188	2895	1681766	0.0017214
all	189	2861	1681766	0.0017012
all	190	3029	1681766	0.0018011
all	191	2994	1681766	0.0017803
all	192	2915	1681766	0.0017333
all	193	2876	1681766	0.0017101
all	194	2896	1681766	0.0017220
all	195	3036	1681766	0.0018052
all	196	2957	1681766	0.0017583
all	197	2976	1681766	0.0017696
all	198	2837	1681766	0.0016869
all	199	2939	1681766	0.0017476
all	200	2941	1681766	0.0017488
all	201	2943	1681766	0.0017499
all	202	2770	1681766	0.0016471
all	203	2860	1681766	0.0017006
all	204	2783	1681766	0.0016548
all	205	2716	1681766	0.0016150
all	206	2806	1681766	0.0016685
all	207	2687	1681766	0.0015977
all	208	2468	1681766	0.0014675
all	209	2501	1681766	0.0014871
all	210	2506	1681766	0.0014901
all	211	2345	1681766	0.0013944
all	212	2209	1681766	0.0013135
all	213	2404	1681766	0.0014294
all	214	2395	1681766	0.0014241
all	215	2206	1681766	0.0013117
all	216	2334	1681766	0.0013878
all	217	2286	1681766	0.0013593
all	218	2425	1681766	0.0014419
all	219	2216	1681766	0.0013177
all	220	2344	1681766	0.0013938
all	221	2492	1681766	0.0014818
all	222	2274	1681766	0.0013522
all	223	2162	1681766	0.0012856
all	224	2335	1681766	0.0013884
all	225	2184	1681766	0.0012986
all	226	2310	1681766	0.0013736
all	227	2220	1681766	0.0013200
all	228	2178	1681766	0.0012951
all	229	2162	1681766	0.0012856
all	230	2045	1681766	0.0012160
all	231	2012	1681766	0.0011964
all	232	1993	1681766	0.0011851
all	233	1969	1681766	0.0011708
all	234	1930	1681766	0.0011476
all	235	2009	1681766	0.0011946
all	236	1759	1681766	0.0010459
all	237	1945	1681766	0.0011565
all	238	1914	1681766	0.0011381
all	239	1834	1681766	0.0010905
all	240	1816	1681766	0.0010798
all	241	1829	1681766	0.0010875
all	242	1784	1681766	0.0010608
all	243	1798	1681766	0.0010691
all	244	1790	1681766	0.0010644
all	245	1699	1681766	0.0010102
all	246	1580	1681766	0.0009395
all	247	1660	1681766	0.0009871
all	248	1783	1681766	0.0010602
all	249	1591	1681766	0.0009460
all	250	1701	1681766	0.0010114
all	251	1625	1681766	0.0009662
all	252	1716	1681766	0.0010204
all	253	1572	1681766	0.0009347
all	254	1637	1681766	0.0009734
all	255	1522	1681766	0.0009050
all	256	1536	1681766	0.0009133
all	257	1390	1681766	0.0008265
all	258	1437	1681766	0.0008545
all	259	1446	1681766	0.0008598
all	260	1595	1681766	0.0009484
all	261	1441	1681766	0.0008568
all	262	1409	1681766	0.0008378
all	263	1535	1681766	0.0009127
all	264	1579	1681766	0.0009389
all	265	1425	1681766	0.0008473
all	266	1462	1681766	0.0008693
all	267	1450	1681766	0.0008622
all	268	1502	1681766	0.0008931
all	269	1448	1681766	0.0008610
all	270	1444	1681766	0.0008586
all	271	1535	1681766	0.0009127
all	272	1338	1681766	0.0007956
all	273	1424	1681766	0.0008467
all	274	1362	1681766	0.0008099
all	275	1336	1681766	0.0007944
all	276	1347	1681766	0.0008009
all	277	1257	1681766	0.0007474
all	278	1204	1681766	0.0007159
all	279	1171	1681766	0.0006963
all	280	1208	1681766	0.0007183
all	281	1112	1681766	0.0006612
all	282	1171	1681766	0.0006963
all	283	1213	1681766	0.0007213
all	284	1215	1681766	0.0007225
all	285	1133	1681766	0.0006737
all	286	1179	1681766	0.0007010
all	287	1207	1681766	0.0007177
all	288	1192	1681766	0.0007088
all	289	1199	1681766	0.0007129
all	290	1252	1681766	0.0007445
all	291	1042	1681766	0.0006196
all	292	1130	1681766	0.0006719
all	293	1149	1681766	0.0006832
all	294	1085	1681766	0.0006452
all	295	1032	1681766	0.0006136
all	296	1047	1681766	0.0006226
all	297	1069	1681766	0.0006356
all	298	1073	1681766	0.0006380
all	299	1161	1681766	0.0006903
all	300	1099	1681766	0.0006535
all	301	1131	1681766	0.0006725
all	302	1083	1681766	0.0006440
all	303	1093	1681766	0.0006499
all	304	1066	1681766	0.0006339
all	305	1060	1681766	0.0006303
all	306	1030	1681766	0.0006125
all	307	958	1681766	0.0005696
all	308	1011	1681766	0.0006012
all	309	1074	1681766	0.0006386
all	310	953	1681766	0.0005667
all	311	914	1681766	0.0005435
all	312	884	1681766	0.0005256
all	313	910	1681766	0.0005411
all	314	919	1681766	0.0005464
all	315	886	1681766	0.0005268
all	316	814	1681766	0.0004840
all	317	826	1681766	0.0004912
all	318	820	1681766	0.0004876
all	319	863	1681766	0.0005132
all	320	830	1681766	0.0004935
all	321	842	1681766	0.0005007
all	322	927	1681766	0.0005512
all	323	901	1681766	0.0005357
all	324	788	1681766	0.0004686
all	325	825	1681766	0.0004906
all	326	794	1681766	0.0004721
all	327	837	1681766	0.0004977
all	328	875	1681766	0.0005203
all	329	821	1681766	0.0004882
all	330	776	1681766	0.0004614
all	331	800	1681766	0.0004757
all	332	738	1681766	0.0004388
all	333	813	1681766	0.0004834
all	334	718	1681766	0.0004269
all	335	832	1681766	0.0004947
all	336	810	1681766	0.0004816
all	337	823	1681766	0.0004894
all	338	810	1681766	0.0004816
all	339	810	1681766	0.0004816
all	340	802	1681766	0.0004769
all	341	735	1681766	0.0004370
all	342	696	1681766	0.0004139
all	343	678	1681766	0.0004031
all	344	713	1681766	0.0004240
all	345	657	1681766	0.0003907
all	346	618	1681766	0.0003675
all	347	624	1681766	0.0003710
all	348	605	1681766	0.0003597
all	349	598	1681766	0.0003556
all	350	638	1681766	0.0003794
all	351	749	1681766	0.0004454
all	352	671	1681766	0.0003990
all	353	636	1681766	0.0003782
all	354	624	1681766	0.0003710
all	355	627	1681766	0.0003728
all	356	581	1681766	0.0003455
all	357	591	1681766	0.0003514
all	358	584	1681766	0.0003473
all	359	585	1681766	0.0003478
all	360	611	1681766	0.0003633
all	361	641	1681766	0.0003811
all	362	714	1681766	0.0004246
all	363	592	1681766	0.0003520
all	364	549	1681766	0.0003264
all	365	601	1681766	0.0003574
all	366	551	1681766	0.0003276
all	367	530	1681766	0.0003151
all	368	573	1681766	0.0003407
all	369	583	1681766	0.0003467
all	370	563	1681766	0.0003348
all	371	492	1681766	0.0002925
all	372	566	1681766	0.0003366
all	373	440	1681766	0.0002616
all	374	535	1681766	0.0003181
all	375	526	1681766	0.0003128
all	376	548	1681766	0.0003258
all	377	390	1681766	0.0002319
all	378	404	1681766	0.0002402
all	379	474	1681766	0.0002818
all	380	462	1681766	0.0002747
all	381	460	1681766	0.0002735
all	382	448	1681766	0.0002664
all	383	487	1681766	0.0002896
all	384	484	1681766	0.0002878
all	385	444	1681766	0.0002640
all	386	439	1681766	0.0002610
all	387	410	1681766	0.0002438
all	388	386	1681766	0.0002295
all	389	378	1681766	0.0002248
all	390	447	1681766	0.0002658
all	391	353	1681766	0.0002099
all	392	370	1681766	0.0002200
all	393	400	1681766	0.0002378
all	394	356	1681766	0.0002117
all	395	420	1681766	0.0002497
all	396	336	1681766	0.0001998
all	397	315	1681766	0.0001873
all	398	381	1681766	0.0002265
all	399	392	1681766	0.0002331
all	400	397	1681766	0.0002361
all	401	367	1681766	0.0002182
all	402	369	1681766	0.0002194
all	403	423	1681766	0.0002515
all	404	412	1681766	0.0002450
all	405	412	1681766	0.0002450
all	406	420	1681766	0.0002497
all	407	384	1681766	0.0002283
all	408	365	1681766	0.0002170
all	409	347	1681766	0.0002063
all	410	350	1681766	0.0002081
all	411	326	1681766	0.0001938
all	412	322	1681766	0.0001915
all	413	358	1681766	0.0002129
all	414	369	1681766	0.0002194
all	415	347	1681766	0.0002063
all	416	342	1681766	0.0002034
all	417	353	1681766	0.0002099
all	418	353	1681766	0.0002099
all	419	383	1681766	0.0002277
all	420	396	1681766	0.0002355
all	421	349	1681766	0.0002075
all	422	378	1681766	0.0002248
all	423	336	1681766	0.0001998
all	424	341	1681766	0.0002028
all	425	312	1681766	0.0001855
all	426	272	1681766	0.0001617
all	427	271	1681766	0.0001611
all	428	349	1681766	0.0002075
all	429	265	1681766	0.0001576
all	430	269	1681766	0.0001600
all	431	315	1681766	0.0001873
all	432	248	1681766	0.0001475
all	433	255	1681766	0.0001516
all	434	270	1681766	0.0001605
all	435	235	1681766	0.0001397
all	436	234	1681766	0.0001391
all	437	304	1681766	0.0001808
all	438	280	1681766	0.0001665
all	439	284	1681766	0.0001689
all	440	286	1681766	0.0001701
all	441	257	1681766	0.0001528
all	442	238	1681766	0.0001415
all	443	285	1681766	0.0001695
all	444	305	1681766	0.0001814
all	445	263	1681766	0.0001564
all	446	259	1681766	0.0001540
all	447	267	1681766	0.0001588
all	448	215	1681766	0.0001278
all	449	302	1681766	0.0001796
all	450	287	1681766	0.0001707
all	451	205	1681766	0.0001219
all	452	221	1681766	0.0001314
all	453	203	1681766	0.0001207
all	454	241	1681766	0.0001433
all	455	242	1681766	0.0001439
all	456	239	1681766	0.0001421
all	457	233	1681766	0.0001385
all	458	211	1681766	0.0001255
all	459	202	1681766	0.0001201
all	460	199	1681766	0.0001183
all	461	214	1681766	0.0001272
all	462	208	1681766	0.0001237
all	463	186	1681766	0.0001106
all	464	185	1681766	0.0001100
all	465	215	1681766	0.0001278
all	466	201	1681766	0.0001195
all	467	200	1681766	0.0001189
all	468	221	1681766	0.0001314
all	469	189	1681766	0.0001124
all	470	236	1681766	0.0001403
all	471	184	1681766	0.0001094
all	472	204	1681766	0.0001213
all	473	175	1681766	0.0001041
all	474	188	1681766	0.0001118
all	475	209	1681766	0.0001243
all	476	188	1681766	0.0001118
all	477	209	1681766	0.0001243
all	478	189	1681766	0.0001124
all	479	221	1681766	0.0001314
all	480	201	1681766	0.0001195
all	481	207	1681766	0.0001231
all	482	174	1681766	0.0001035
all	483	198	1681766	0.0001177
all	484	225	1681766	0.0001338
all	485	170	1681766	0.0001011
all	486	211	1681766	0.0001255
all	487	206	1681766	0.0001225
all	488	203	1681766	0.0001207
all	489	215	1681766	0.0001278
all	490	217	1681766	0.0001290
all	491	202	1681766	0.0001201
all	492	200	1681766	0.0001189
all	493	168	1681766	0.0000999
all	494	216	1681766	0.0001284
all	495	231	1681766	0.0001374
all	496	237	1681766	0.0001409
all	497	189	1681766	0.0001124
all	498	233	1681766	0.0001385
all	499	194	1681766	0.0001154
all	500	171	1681766	0.0001017
all	501	176	1681766	0.0001047
all	502	180	1681766	0.0001070
all	503	177	1681766	0.0001052
all	504	195	1681766	0.0001159
all	505	166	1681766	0.0000987
all	506	199	1681766	0.0001183
all	507	187	1681766	0.0001112
all	508	188	1681766	0.0001118
all	509	243	1681766	0.0001445
all	510	199	1681766	0.0001183
all	511	165	1681766	0.0000981
all	512	169	1681766	0.0001005
all	513	190	1681766	0.0001130
all	514	173	1681766	0.0001029
all	515	211	1681766	0.0001255
all	516	197	1681766	0.0001171
all	517	164	1681766	0.0000975
all	518	222	1681766	0.0001320
all	519	166	1681766	0.0000987
all	520	194	1681766	0.0001154
all	521	186	1681766	0.0001106
all	522	153	1681766	0.0000910
all	523	195	1681766	0.0001159
all	524	178	1681766	0.0001058
all	525	145	1681766	0.0000862
all	526	174	1681766	0.0001035
all	527	188	1681766	0.0001118
all	528	155	1681766	0.0000922
all	529	164	1681766	0.0000975
all	530	153	1681766	0.0000910
all	531	113	1681766	0.0000672
all	532	140	1681766	0.0000832
all	533	119	1681766	0.0000708
all	534	143	1681766	0.0000850
all	535	156	1681766	0.0000928
all	536	156	1681766	0.0000928
all	537	124	1681766	0.0000737
all	538	115	1681766	0.0000684
all	539	108	1681766	0.0000642
all	540	143	1681766	0.0000850
all	541	144	1681766	0.0000856
all	542	136	1681766	0.0000809
all	543	145	1681766	0.0000862
all	544	154	1681766	0.0000916
all	545	139	1681766	0.0000827
all	546	124	1681766	0.0000737
all	547	176	1681766	0.0001047
all	548	127	1681766	0.0000755
all	549	132	1681766	0.0000785
all	550	135	1681766	0.0000803
all	551	165	1681766	0.0000981
all	552	132	1681766	0.0000785
all	553	141	1681766	0.0000838
all	554	173	1681766	0.0001029
all	555	151	1681766	0.0000898
all	556	156	1681766	0.0000928
all	557	135	1681766	0.0000803
all	558	125	1681766	0.0000743
all	559	108	1681766	0.0000642
all	560	135	1681766	0.0000803
all	561	155	1681766	0.0000922
all	562	158	1681766	0.0000939
all	563	157	1681766	0.0000934
all	564	131	1681766	0.0000779
all	565	95	1681766	0.0000565
all	566	96	1681766	0.0000571
all	567	153	1681766	0.0000910
all	568	129	1681766	0.0000767
all	569	92	1681766	0.0000547
all	570	120	1681766	0.0000714
all	571	118	1681766	0.0000702
all	572	111	1681766	0.0000660
all	573	111	1681766	0.0000660
all	574	97	1681766	0.0000577
all	575	89	1681766	0.0000529
all	576	115	1681766	0.0000684
all	577	110	1681766	0.0000654
all	578	112	1681766	0.0000666
all	579	99	1681766	0.0000589
all	580	85	1681766	0.0000505
all	581	112	1681766	0.0000666
all	582	87	1681766	0.0000517
all	583	92	1681766	0.0000547
all	584	79	1681766	0.0000470
all	585	119	1681766	0.0000708
all	586	125	1681766	0.0000743
all	587	123	1681766	0.0000731
all	588	115	1681766	0.0000684
all	589	95	1681766	0.0000565
all	590	128	1681766	0.0000761
all	591	100	1681766	0.0000595
all	592	104	1681766	0.0000618
all	593	96	1681766	0.0000571
all	594	104	1681766	0.0000618
all	595	114	1681766	0.0000678
all	596	112	1681766	0.0000666
all	597	113	1681766	0.0000672
all	598	77	1681766	0.0000458
all	599	127	1681766	0.0000755
all	600	102	1681766	0.0000607
all	601	110	1681766	0.0000654
all	602	80	1681766	0.0000476
all	603	81	1681766	0.0000482
all	604	73	1681766	0.0000434
all	605	75	1681766	0.0000446
all	606	97	1681766	0.0000577
all	607	81	1681766	0.0000482
all	608	78	1681766	0.0000464
all	609	96	1681766	0.0000571
all	610	84	1681766	0.0000499
all	611	89	1681766	0.0000529
all	612	86	1681766	0.0000511
all	613	67	1681766	0.0000398
all	614	71	1681766	0.0000422
all	615	42	1681766	0.0000250
all	616	71	1681766	0.0000422
all	617	53	1681766	0.0000315
all	618	77	1681766	0.0000458
all	619	78	1681766	0.0000464
all	620	122	1681766	0.0000725
all	621	90	1681766	0.0000535
all	622	92	1681766	0.0000547
all	623	104	1681766	0.0000618
all	624	92	1681766	0.0000547
all	625	102	1681766	0.0000607
all	626	110	1681766	0.0000654
all	627	100	1681766	0.0000595
all	628	98	1681766	0.0000583
all	629	84	1681766	0.0000499
all	630	88	1681766	0.0000523
all	631	93	1681766	0.0000553
all	632	84	1681766	0.0000499
all	633	72	1681766	0.0000428
all	634	83	1681766	0.0000494
all	635	120	1681766	0.0000714
all	636	80	1681766	0.0000476
all	637	93	1681766	0.0000553
all	638	92	1681766	0.0000547
all	639	76	1681766	0.0000452
all	640	98	1681766	0.0000583
all	641	92	1681766	0.0000547
all	642	162	1681766	0.0000963
all	643	104	1681766	0.0000618
all	644	95	1681766	0.0000565
all	645	100	1681766	0.0000595
all	646	77	1681766	0.0000458
all	647	60	1681766	0.0000357
all	648	80	1681766	0.0000476
all	649	56	1681766	0.0000333
all	650	60	1681766	0.0000357
all	651	73	1681766	0.0000434
all	652	52	1681766	0.0000309
all	653	67	1681766	0.0000398
all	654	47	1681766	0.0000279
all	655	97	1681766	0.0000577
all	656	74	1681766	0.0000440
all	657	45	1681766	0.0000268
all	658	82	1681766	0.0000488
all	659	81	1681766	0.0000482
all	660	71	1681766	0.0000422
all	661	52	1681766	0.0000309
all	662	63	1681766	0.0000375
all	663	44	1681766	0.0000262
all	664	73	1681766	0.0000434
all	665	53	1681766	0.0000315
all	666	52	1681766	0.0000309
all	667	60	1681766	0.0000357
all	668	67	1681766	0.0000398
all	669	78	1681766	0.0000464
all	670	43	1681766	0.0000256
all	671	45	1681766	0.0000268
all	672	52	1681766	0.0000309
all	673	62	1681766	0.0000369
all	674	52	1681766	0.0000309
all	675	50	1681766	0.0000297
all	676	39	1681766	0.0000232
all	677	49	1681766	0.0000291
all	678	54	1681766	0.0000321
all	679	44	1681766	0.0000262
all	680	57	1681766	0.0000339
all	681	66	1681766	0.0000392
all	682	69	1681766	0.0000410
all	683	60	1681766	0.0000357
all	684	44	1681766	0.0000262
all	685	45	1681766	0.0000268
all	686	46	1681766	0.0000274
all	687	75	1681766	0.0000446
all	688	38	1681766	0.0000226
all	689	72	1681766	0.0000428
all	690	42	1681766	0.0000250
all	691	59	1681766	0.0000351
all	692	50	1681766	0.0000297
all	693	62	1681766	0.0000369
all	694	43	1681766	0.0000256
all	695	43	1681766	0.0000256
all	696	69	1681766	0.0000410
all	697	48	1681766	0.0000285
all	698	62	1681766	0.0000369
all	699	56	1681766	0.0000333
all	700	39	1681766	0.0000232
all	701	40	1681766	0.0000238
all	702	43	1681766	0.0000256
all	703	62	1681766	0.0000369
all	704	53	1681766	0.0000315
all	705	50	1681766	0.0000297
all	706	43	1681766	0.0000256
all	707	44	1681766	0.0000262
all	708	61	1681766	0.0000363
all	709	44	1681766	0.0000262
all	710	28	1681766	0.0000166
all	711	46	1681766	0.0000274
all	712	55	1681766	0.0000327
all	713	45	1681766	0.0000268
all	714	45	1681766	0.0000268
all	715	37	1681766	0.0000220
all	716	57	1681766	0.0000339
all	717	36	1681766	0.0000214
all	718	37	1681766	0.0000220
all	719	50	1681766	0.0000297
all	720	54	1681766	0.0000321
all	721	33	1681766	0.0000196
all	722	39	1681766	0.0000232
all	723	63	1681766	0.0000375
all	724	44	1681766	0.0000262
all	725	24	1681766	0.0000143
all	726	32	1681766	0.0000190
all	727	66	1681766	0.0000392
all	728	39	1681766	0.0000232
all	729	41	1681766	0.0000244
all	730	75	1681766	0.0000446
all	731	39	1681766	0.0000232
all	732	38	1681766	0.0000226
all	733	21	1681766	0.0000125
all	734	30	1681766	0.0000178
all	735	41	1681766	0.0000244
all	736	25	1681766	0.0000149
all	737	37	1681766	0.0000220
all	738	59	1681766	0.0000351
all	739	31	1681766	0.0000184
all	740	45	1681766	0.0000268
all	741	19	1681766	0.0000113
all	742	28	1681766	0.0000166
all	743	34	1681766	0.0000202
all	744	36	1681766	0.0000214
all	745	36	1681766	0.0000214
all	746	22	1681766	0.0000131
all	747	19	1681766	0.0000113
all	748	17	1681766	0.0000101
all	749	37	1681766	0.0000220
all	750	17	1681766	0.0000101
all	751	28	1681766	0.0000166
all	752	40	1681766	0.0000238
all	753	32	1681766	0.0000190
all	754	21	1681766	0.0000125
all	755	32	1681766	0.0000190
all	756	36	1681766	0.0000214
all	757	22	1681766	0.0000131
all	758	41	1681766	0.0000244
all	759	25	1681766	0.0000149
all	760	39	1681766	0.0000232
all	761	31	1681766	0.0000184
all	762	45	1681766	0.0000268
all	763	29	1681766	0.0000172
all	764	42	1681766	0.0000250
all	765	21	1681766	0.0000125
all	766	31	1681766	0.0000184
all	767	41	1681766	0.0000244
all	768	22	1681766	0.0000131
all	769	35	1681766	0.0000208
all	770	29	1681766	0.0000172
all	771	28	1681766	0.0000166
all	772	27	1681766	0.0000161
all	773	47	1681766	0.0000279
all	774	46	1681766	0.0000274
all	775	19	1681766	0.0000113
all	776	48	1681766	0.0000285
all	777	27	1681766	0.0000161
all	778	51	1681766	0.0000303
all	779	44	1681766	0.0000262
all	780	37	1681766	0.0000220
all	781	38	1681766	0.0000226
all	782	26	1681766	0.0000155
all	783	29	1681766	0.0000172
all	784	30	1681766	0.0000178
all	785	30	1681766	0.0000178
all	786	41	1681766	0.0000244
all	787	38	1681766	0.0000226
all	788	25	1681766	0.0000149
all	789	48	1681766	0.0000285
all	790	34	1681766	0.0000202
all	791	28	1681766	0.0000166
all	792	36	1681766	0.0000214
all	793	28	1681766	0.0000166
all	794	21	1681766	0.0000125
all	795	15	1681766	0.0000089
all	796	29	1681766	0.0000172
all	797	19	1681766	0.0000113
all	798	12	1681766	0.0000071
all	799	25	1681766	0.0000149
all	800	11	1681766	0.0000065
all	801	20	1681766	0.0000119
all	802	22	1681766	0.0000131
all	803	17	1681766	0.0000101
all	804	37	1681766	0.0000220
all	805	24	1681766	0.0000143
all	806	13	1681766	0.0000077
all	807	24	1681766	0.0000143
all	808	30	1681766	0.0000178
all	809	25	1681766	0.0000149
all	810	46	1681766	0.0000274
all	811	20	1681766	0.0000119
all	812	47	1681766	0.0000279
all	813	28	1681766	0.0000166
all	814	34	1681766	0.0000202
all	815	40	1681766	0.0000238
all	816	33	1681766	0.0000196
all	817	23	1681766	0.0000137
all	818	19	1681766	0.0000113
all	819	26	1681766	0.0000155
all	820	24	1681766	0.0000143
all	821	20	1681766	0.0000119
all	822	22	1681766	0.0000131
all	823	14	1681766	0.0000083
all	824	21	1681766	0.0000125
all	825	13	1681766	0.0000077
all	826	19	1681766	0.0000113
all	827	20	1681766	0.0000119
all	828	14	1681766	0.0000083
all	829	24	1681766	0.0000143
all	830	25	1681766	0.0000149
all	831	22	1681766	0.0000131
all	832	18	1681766	0.0000107
all	833	23	1681766	0.0000137
all	834	67	1681766	0.0000398
all	835	21	1681766	0.0000125
all	836	37	1681766	0.0000220
all	837	27	1681766	0.0000161
all	838	16	1681766	0.0000095
all	839	21	1681766	0.0000125
all	840	19	1681766	0.0000113
all	841	21	1681766	0.0000125
all	842	17	1681766	0.0000101
all	843	25	1681766	0.0000149
all	844	32	1681766	0.0000190
all	845	19	1681766	0.0000113
all	846	20	1681766	0.0000119
all	847	41	1681766	0.0000244
all	848	22	1681766	0.0000131
all	849	25	1681766	0.0000149
all	850	24	1681766	0.0000143
all	851	47	1681766	0.0000279
all	852	38	1681766	0.0000226
all	853	22	1681766	0.0000131
all	854	21	1681766	0.0000125
all	855	18	1681766	0.0000107
all	856	26	1681766	0.0000155
all	857	21	1681766	0.0000125
all	858	35	1681766	0.0000208
all	859	32	1681766	0.0000190
all	860	36	1681766	0.0000214
all	861	44	1681766	0.0000262
all	862	31	1681766	0.0000184
all	863	39	1681766	0.0000232
all	864	38	1681766	0.0000226
all	865	22	1681766	0.0000131
all	866	24	1681766	0.0000143
all	867	29	1681766	0.0000172
all	868	26	1681766	0.0000155
all	869	16	1681766	0.0000095
all	870	16	1681766	0.0000095
all	871	19	1681766	0.0000113
all	872	19	1681766	0.0000113
all	873	23	1681766	0.0000137
all	874	34	1681766	0.0000202
all	875	18	1681766	0.0000107
all	876	18	1681766	0.0000107
all	877	21	1681766	0.0000125
all	878	27	1681766	0.0000161
all	879	13	1681766	0.0000077
all	880	11	1681766	0.0000065
all	881	15	1681766	0.0000089
all	882	13	1681766	0.0000077
all	883	24	1681766	0.0000143
all	884	36	1681766	0.0000214
all	885	9	1681766	0.0000054
all	886	29	1681766	0.0000172
all	887	20	1681766	0.0000119
all	888	15	1681766	0.0000089
all	889	32	1681766	0.0000190
all	890	15	1681766	0.0000089
all	891	25	1681766	0.0000149
all	892	31	1681766	0.0000184
all	893	20	1681766	0.0000119
all	894	25	1681766	0.0000149
all	895	24	1681766	0.0000143
all	896	16	1681766	0.0000095
all	897	39	1681766	0.0000232
all	898	24	1681766	0.0000143
all	899	17	1681766	0.0000101
all	900	31	1681766	0.0000184
all	901	24	1681766	0.0000143
all	902	29	1681766	0.0000172
all	903	36	1681766	0.0000214
all	904	13	1681766	0.0000077
all	905	28	1681766	0.0000166
all	906	47	1681766	0.0000279
all	907	22	1681766	0.0000131
all	908	44	1681766	0.0000262
all	909	62	1681766	0.0000369
all	910	44	1681766	0.0000262
all	911	32	1681766	0.0000190
all	912	36	1681766	0.0000214
all	913	30	1681766	0.0000178
all	914	29	1681766	0.0000172
all	915	20	1681766	0.0000119
all	916	53	1681766	0.0000315
all	917	49	1681766	0.0000291
all	918	46	1681766	0.0000274
all	919	9	1681766	0.0000054
all	920	17	1681766	0.0000101
all	921	21	1681766	0.0000125
all	922	18	1681766	0.0000107
all	923	18	1681766	0.0000107
all	924	22	1681766	0.0000131
all	925	15	1681766	0.0000089
all	926	13	1681766	0.0000077
all	927	24	1681766	0.0000143
all	928	13	1681766	0.0000077
all	929	42	1681766	0.0000250
all	930	23	1681766	0.0000137
all	931	23	1681766	0.0000137
all	932	14	1681766	0.0000083
all	933	13	1681766	0.0000077
all	934	29	1681766	0.0000172
all	935	12	1681766	0.0000071
all	936	18	1681766	0.0000107
all	937	16	1681766	0.0000095
all	938	9	1681766	0.0000054
all	939	8	1681766	0.0000048
all	940	13	1681766	0.0000077
all	941	10	1681766	0.0000059
all	942	15	1681766	0.0000089
all	943	11	1681766	0.0000065
all	944	12	1681766	0.0000071
all	945	31	1681766	0.0000184
all	946	9	1681766	0.0000054
all	947	19	1681766	0.0000113
all	948	17	1681766	0.0000101
all	949	7	1681766	0.0000042
all	950	10	1681766	0.0000059
all	951	28	1681766	0.0000166
all	952	15	1681766	0.0000089
all	953	20	1681766	0.0000119
all	954	10	1681766	0.0000059
all	955	20	1681766	0.0000119
all	956	57	1681766	0.0000339
all	957	17	1681766	0.0000101
all	958	15	1681766	0.0000089
all	959	19	1681766	0.0000113
all	960	7	1681766	0.0000042
all	961	22	1681766	0.0000131
all	962	29	1681766	0.0000172
all	963	6	1681766	0.0000036
all	964	16	1681766	0.0000095
all	965	16	1681766	0.0000095
all	966	13	1681766	0.0000077
all	967	14	1681766	0.0000083
all	968	21	1681766	0.0000125
all	969	6	1681766	0.0000036
all	970	23	1681766	0.0000137
all	971	11	1681766	0.0000065
all	972	11	1681766	0.0000065
all	973	3	1681766	0.0000018
all	974	17	1681766	0.0000101
all	975	18	1681766	0.0000107
all	976	12	1681766	0.0000071
all	977	14	1681766	0.0000083
all	978	8	1681766	0.0000048
all	979	17	1681766	0.0000101
all	980	8	1681766	0.0000048
all	981	11	1681766	0.0000065
all	982	5	1681766	0.0000030
all	983	6	1681766	0.0000036
all	984	20	1681766	0.0000119
all	985	14	1681766	0.0000083
all	986	11	1681766	0.0000065
all	987	10	1681766	0.0000059
all	988	6	1681766	0.0000036
all	989	18	1681766	0.0000107
all	990	9	1681766	0.0000054
all	991	7	1681766	0.0000042
all	992	13	1681766	0.0000077
all	993	8	1681766	0.0000048
all	994	9	1681766	0.0000054
all	995	9	1681766	0.0000054
all	996	6	1681766	0.0000036
all	997	6	1681766	0.0000036
all	998	10	1681766	0.0000059
all	999	10	1681766	0.0000059
all	1000	9	1681766	0.0000054
all	1001	10	1681766	0.0000059
all	1002	9	1681766	0.0000054
all	1003	3	1681766	0.0000018
all	1004	12	1681766	0.0000071
all	1005	14	1681766	0.0000083
all	1006	18	1681766	0.0000107
all	1007	18	1681766	0.0000107
all	1008	8	1681766	0.0000048
all	1009	4	1681766	0.0000024
all	1010	3	1681766	0.0000018
all	1011	9	1681766	0.0000054
all	1012	16	1681766	0.0000095
all	1013	9	1681766	0.0000054
all	1014	9	1681766	0.0000054
all	1015	9	1681766	0.0000054
all	1016	7	1681766	0.0000042
all	1017	13	1681766	0.0000077
all	1018	15	1681766	0.0000089
all	1019	3	1681766	0.0000018
all	1020	10	1681766	0.0000059
all	1021	6	1681766	0.0000036
all	1022	4	1681766	0.0000024
all	1023	17	1681766	0.0000101
all	1024	9	1681766	0.0000054
all	1025	3	1681766	0.0000018
all	1026	8	1681766	0.0000048
all	1027	7	1681766	0.0000042
all	1028	18	1681766	0.0000107
all	1029	4	1681766	0.0000024
all	1030	6	1681766	0.0000036
all	1031	4	1681766	0.0000024
all	1032	5	1681766	0.0000030
all	1033	8	1681766	0.0000048
all	1034	12	1681766	0.0000071
all	1035	5	1681766	0.0000030
all	1036	13	1681766	0.0000077
all	1037	4	1681766	0.0000024
all	1038	5	1681766	0.0000030
all	1039	3	1681766	0.0000018
all	1040	8	1681766	0.0000048
all	1041	8	1681766	0.0000048
all	1042	8	1681766	0.0000048
all	1043	5	1681766	0.0000030
all	1044	15	1681766	0.0000089
all	1045	6	1681766	0.0000036
all	1046	12	1681766	0.0000071
all	1047	7	1681766	0.0000042
all	1048	15	1681766	0.0000089
all	1049	9	1681766	0.0000054
all	1050	9	1681766	0.0000054
all	1051	5	1681766	0.0000030
all	1052	2	1681766	0.0000012
all	1053	7	1681766	0.0000042
all	1054	4	1681766	0.0000024
all	1055	5	1681766	0.0000030
all	1056	10	1681766	0.0000059
all	1057	4	1681766	0.0000024
all	1058	10	1681766	0.0000059
all	1059	6	1681766	0.0000036
all	1060	8	1681766	0.0000048
all	1061	5	1681766	0.0000030
all	1062	6	1681766	0.0000036
all	1063	7	1681766	0.0000042
all	1064	7	1681766	0.0000042
all	1065	2	1681766	0.0000012
all	1067	2	1681766	0.0000012
all	1068	7	1681766	0.0000042
all	1069	3	1681766	0.0000018
all	1070	13	1681766	0.0000077
all	1071	8	1681766	0.0000048
all	1072	5	1681766	0.0000030
all	1073	8	1681766	0.0000048
all	1074	15	1681766	0.0000089
all	1076	6	1681766	0.0000036
all	1077	6	1681766	0.0000036
all	1078	4	1681766	0.0000024
all	1079	7	1681766	0.0000042
all	1080	6	1681766	0.0000036
all	1081	2	1681766	0.0000012
all	1082	14	1681766	0.0000083
all	1083	4	1681766	0.0000024
all	1084	5	1681766	0.0000030
all	1085	6	1681766	0.0000036
all	1086	5	1681766	0.0000030
all	1087	11	1681766	0.0000065
all	1088	8	1681766	0.0000048
all	1089	7	1681766	0.0000042
all	1090	5	1681766	0.0000030
all	1091	6	1681766	0.0000036
all	1092	1	1681766	0.0000006
all	1093	13	1681766	0.0000077
all	1094	6	1681766	0.0000036
all	1095	11	1681766	0.0000065
all	1096	10	1681766	0.0000059
all	1097	7	1681766	0.0000042
all	1098	9	1681766	0.0000054
all	1099	12	1681766	0.0000071
all	1100	15	1681766	0.0000089
all	1101	8	1681766	0.0000048
all	1102	17	1681766	0.0000101
all	1103	13	1681766	0.0000077
all	1104	9	1681766	0.0000054
all	1105	11	1681766	0.0000065
all	1106	12	1681766	0.0000071
all	1107	13	1681766	0.0000077
all	1108	5	1681766	0.0000030
all	1109	12	1681766	0.0000071
all	1110	12	1681766	0.0000071
all	1111	10	1681766	0.0000059
all	1112	10	1681766	0.0000059
all	1113	7	1681766	0.0000042
all	1114	4	1681766	0.0000024
all	1115	16	1681766	0.0000095
all	1116	13	1681766	0.0000077
all	1117	9	1681766	0.0000054
all	1118	5	1681766	0.0000030
all	1119	7	1681766	0.0000042
all	1120	5	1681766	0.0000030
all	1121	8	1681766	0.0000048
all	1122	5	1681766	0.0000030
all	1123	6	1681766	0.0000036
all	1124	13	1681766	0.0000077
all	1125	2	1681766	0.0000012
all	1126	11	1681766	0.0000065
all	1127	10	1681766	0.0000059
all	1128	7	1681766	0.0000042
all	1129	13	1681766	0.0000077
all	1130	8	1681766	0.0000048
all	1131	4	1681766	0.0000024
all	1132	2	1681766	0.0000012
all	1133	5	1681766	0.0000030
all	1134	2	1681766	0.0000012
all	1135	12	1681766	0.0000071
all	1136	8	1681766	0.0000048
all	1137	12	1681766	0.0000071
all	1138	7	1681766	0.0000042
all	1139	11	1681766	0.0000065
all	1140	15	1681766	0.0000089
all	1141	6	1681766	0.0000036
all	1142	15	1681766	0.0000089
all	1143	20	1681766	0.0000119
all	1144	10	1681766	0.0000059
all	1145	10	1681766	0.0000059
all	1146	5	1681766	0.0000030
all	1147	5	1681766	0.0000030
all	1148	4	1681766	0.0000024
all	1149	8	1681766	0.0000048
all	1150	11	1681766	0.0000065
all	1151	11	1681766	0.0000065
all	1152	12	1681766	0.0000071
all	1153	8	1681766	0.0000048
all	1154	3	1681766	0.0000018
all	1155	7	1681766	0.0000042
all	1156	12	1681766	0.0000071
all	1157	3	1681766	0.0000018
all	1158	6	1681766	0.0000036
all	1159	4	1681766	0.0000024
all	1160	8	1681766	0.0000048
all	1161	8	1681766	0.0000048
all	1162	4	1681766	0.0000024
all	1163	8	1681766	0.0000048
all	1164	11	1681766	0.0000065
all	1165	3	1681766	0.0000018
all	1166	9	1681766	0.0000054
all	1167	6	1681766	0.0000036
all	1168	4	1681766	0.0000024
all	1169	10	1681766	0.0000059
all	1170	6	1681766	0.0000036
all	1171	6	1681766	0.0000036
all	1172	13	1681766	0.0000077
all	1173	9	1681766	0.0000054
all	1174	8	1681766	0.0000048
all	1175	8	1681766	0.0000048
all	1176	11	1681766	0.0000065
all	1177	9	1681766	0.0000054
all	1178	11	1681766	0.0000065
all	1179	5	1681766	0.0000030
all	1180	10	1681766	0.0000059
all	1181	6	1681766	0.0000036
all	1182	9	1681766	0.0000054
all	1183	8	1681766	0.0000048
all	1184	3	1681766	0.0000018
all	1185	8	1681766	0.0000048
all	1186	7	1681766	0.0000042
all	1187	10	1681766	0.0000059
all	1188	9	1681766	0.0000054
all	1189	10	1681766	0.0000059
all	1190	12	1681766	0.0000071
all	1191	7	1681766	0.0000042
all	1192	3	1681766	0.0000018
all	1193	17	1681766	0.0000101
all	1194	20	1681766	0.0000119
all	1195	8	1681766	0.0000048
all	1196	6	1681766	0.0000036
all	1197	7	1681766	0.0000042
all	1198	10	1681766	0.0000059
all	1199	12	1681766	0.0000071
all	1200	8	1681766	0.0000048
all	1201	8	1681766	0.0000048
all	1202	10	1681766	0.0000059
all	1203	12	1681766	0.0000071
all	1204	13	1681766	0.0000077
all	1205	8	1681766	0.0000048
all	1206	13	1681766	0.0000077
all	1207	4	1681766	0.0000024
all	1208	15	1681766	0.0000089
all	1209	6	1681766	0.0000036
all	1210	5	1681766	0.0000030
all	1211	14	1681766	0.0000083
all	1212	9	1681766	0.0000054
all	1213	11	1681766	0.0000065
all	1214	11	1681766	0.0000065
all	1215	5	1681766	0.0000030
all	1216	7	1681766	0.0000042
all	1217	3	1681766	0.0000018
all	1218	8	1681766	0.0000048
all	1219	14	1681766	0.0000083
all	1220	5	1681766	0.0000030
all	1221	4	1681766	0.0000024
all	1222	4	1681766	0.0000024
all	1223	8	1681766	0.0000048
all	1224	10	1681766	0.0000059
all	1225	12	1681766	0.0000071
all	1226	12	1681766	0.0000071
all	1227	15	1681766	0.0000089
all	1228	11	1681766	0.0000065
all	1229	6	1681766	0.0000036
all	1230	11	1681766	0.0000065
all	1231	12	1681766	0.0000071
all	1232	10	1681766	0.0000059
all	1233	13	1681766	0.0000077
all	1234	9	1681766	0.0000054
all	1235	15	1681766	0.0000089
all	1236	9	1681766	0.0000054
all	1237	12	1681766	0.0000071
all	1238	9	1681766	0.0000054
all	1239	22	1681766	0.0000131
all	1240	11	1681766	0.0000065
all	1241	13	1681766	0.0000077
all	1242	13	1681766	0.0000077
all	1243	8	1681766	0.0000048
all	1244	17	1681766	0.0000101
all	1245	25	1681766	0.0000149
all	1246	4	1681766	0.0000024
all	1247	13	1681766	0.0000077
all	1248	11	1681766	0.0000065
all	1249	9	1681766	0.0000054
all	1250	13	1681766	0.0000077
all	1251	18	1681766	0.0000107
all	1252	11	1681766	0.0000065
all	1253	16	1681766	0.0000095
all	1254	7	1681766	0.0000042
all	1255	3	1681766	0.0000018
all	1256	15	1681766	0.0000089
all	1257	5	1681766	0.0000030
all	1258	20	1681766	0.0000119
all	1259	9	1681766	0.0000054
all	1260	8	1681766	0.0000048
all	1261	13	1681766	0.0000077
all	1262	7	1681766	0.0000042
all	1263	13	1681766	0.0000077
all	1264	6	1681766	0.0000036
all	1265	12	1681766	0.0000071
all	1266	11	1681766	0.0000065
all	1267	18	1681766	0.0000107
all	1268	11	1681766	0.0000065
all	1269	10	1681766	0.0000059
all	1270	9	1681766	0.0000054
all	1271	4	1681766	0.0000024
all	1272	8	1681766	0.0000048
all	1273	14	1681766	0.0000083
all	1274	9	1681766	0.0000054
all	1275	12	1681766	0.0000071
all	1276	10	1681766	0.0000059
all	1277	8	1681766	0.0000048
all	1278	9	1681766	0.0000054
all	1279	8	1681766	0.0000048
all	1280	15	1681766	0.0000089
all	1281	11	1681766	0.0000065
all	1282	13	1681766	0.0000077
all	1283	15	1681766	0.0000089
all	1284	8	1681766	0.0000048
all	1285	15	1681766	0.0000089
all	1286	9	1681766	0.0000054
all	1287	11	1681766	0.0000065
all	1288	3	1681766	0.0000018
all	1289	13	1681766	0.0000077
all	1290	9	1681766	0.0000054
all	1291	16	1681766	0.0000095
all	1292	5	1681766	0.0000030
all	1293	21	1681766	0.0000125
all	1294	16	1681766	0.0000095
all	1295	7	1681766	0.0000042
all	1296	11	1681766	0.0000065
all	1297	10	1681766	0.0000059
all	1298	4	1681766	0.0000024
all	1299	23	1681766	0.0000137
all	1300	10	1681766	0.0000059
all	1301	15	1681766	0.0000089
all	1302	12	1681766	0.0000071
all	1303	6	1681766	0.0000036
all	1304	7	1681766	0.0000042
all	1305	11	1681766	0.0000065
all	1306	12	1681766	0.0000071
all	1307	9	1681766	0.0000054
all	1308	7	1681766	0.0000042
all	1309	11	1681766	0.0000065
all	1310	19	1681766	0.0000113
all	1311	10	1681766	0.0000059
all	1312	15	1681766	0.0000089
all	1313	7	1681766	0.0000042
all	1314	4	1681766	0.0000024
all	1315	2	1681766	0.0000012
all	1316	9	1681766	0.0000054
all	1317	4	1681766	0.0000024
all	1318	2	1681766	0.0000012
all	1319	9	1681766	0.0000054
all	1320	7	1681766	0.0000042
all	1321	7	1681766	0.0000042
all	1322	7	1681766	0.0000042
all	1323	8	1681766	0.0000048
all	1324	6	1681766	0.0000036
all	1325	5	1681766	0.0000030
all	1326	10	1681766	0.0000059
all	1327	14	1681766	0.0000083
all	1328	12	1681766	0.0000071
all	1329	8	1681766	0.0000048
all	1330	5	1681766	0.0000030
all	1331	9	1681766	0.0000054
all	1332	8	1681766	0.0000048
all	1333	19	1681766	0.0000113
all	1334	4	1681766	0.0000024
all	1335	9	1681766	0.0000054
all	1336	9	1681766	0.0000054
all	1337	5	1681766	0.0000030
all	1338	8	1681766	0.0000048
all	1339	3	1681766	0.0000018
all	1340	5	1681766	0.0000030
all	1341	12	1681766	0.0000071
all	1342	8	1681766	0.0000048
all	1343	11	1681766	0.0000065
all	1344	7	1681766	0.0000042
all	1345	5	1681766	0.0000030
all	1346	6	1681766	0.0000036
all	1347	10	1681766	0.0000059
all	1348	2	1681766	0.0000012
all	1349	5	1681766	0.0000030
all	1350	8	1681766	0.0000048
all	1351	2	1681766	0.0000012
all	1352	5	1681766	0.0000030
all	1353	9	1681766	0.0000054
all	1354	10	1681766	0.0000059
all	1355	11	1681766	0.0000065
all	1356	14	1681766	0.0000083
all	1357	5	1681766	0.0000030
all	1358	1	1681766	0.0000006
all	1359	13	1681766	0.0000077
all	1360	4	1681766	0.0000024
all	1361	5	1681766	0.0000030
all	1362	14	1681766	0.0000083
all	1363	7	1681766	0.0000042
all	1364	7	1681766	0.0000042
all	1365	7	1681766	0.0000042
all	1366	23	1681766	0.0000137
all	1367	6	1681766	0.0000036
all	1368	10	1681766	0.0000059
all	1369	2	1681766	0.0000012
all	1370	8	1681766	0.0000048
all	1371	3	1681766	0.0000018
all	1372	12	1681766	0.0000071
all	1373	6	1681766	0.0000036
all	1374	5	1681766	0.0000030
all	1375	8	1681766	0.0000048
all	1376	14	1681766	0.0000083
all	1377	5	1681766	0.0000030
all	1378	7	1681766	0.0000042
all	1379	7	1681766	0.0000042
all	1380	17	1681766	0.0000101
all	1381	12	1681766	0.0000071
all	1382	4	1681766	0.0000024
all	1384	20	1681766	0.0000119
all	1385	9	1681766	0.0000054
all	1386	25	1681766	0.0000149
all	1387	13	1681766	0.0000077
all	1388	26	1681766	0.0000155
all	1389	8	1681766	0.0000048
all	1390	16	1681766	0.0000095
all	1391	2	1681766	0.0000012
all	1392	18	1681766	0.0000107
all	1393	9	1681766	0.0000054
all	1394	7	1681766	0.0000042
all	1395	14	1681766	0.0000083
all	1396	17	1681766	0.0000101
all	1397	4	1681766	0.0000024
all	1398	19	1681766	0.0000113
all	1399	9	1681766	0.0000054
all	1400	9	1681766	0.0000054
all	1401	9	1681766	0.0000054
all	1402	20	1681766	0.0000119
all	1403	17	1681766	0.0000101
all	1404	8	1681766	0.0000048
all	1405	14	1681766	0.0000083
all	1406	30	1681766	0.0000178
all	1407	12	1681766	0.0000071
all	1408	17	1681766	0.0000101
all	1409	25	1681766	0.0000149
all	1410	21	1681766	0.0000125
all	1411	24	1681766	0.0000143
all	1412	5	1681766	0.0000030
all	1413	24	1681766	0.0000143
all	1414	20	1681766	0.0000119
all	1415	12	1681766	0.0000071
all	1416	23	1681766	0.0000137
all	1417	22	1681766	0.0000131
all	1418	21	1681766	0.0000125
all	1419	13	1681766	0.0000077
all	1420	19	1681766	0.0000113
all	1421	37	1681766	0.0000220
all	1422	12	1681766	0.0000071
all	1423	7	1681766	0.0000042
all	1424	8	1681766	0.0000048
all	1425	20	1681766	0.0000119
all	1426	5	1681766	0.0000030
all	1427	5	1681766	0.0000030
all	1428	24	1681766	0.0000143
all	1429	8	1681766	0.0000048
all	1430	8	1681766	0.0000048
all	1431	8	1681766	0.0000048
all	1432	7	1681766	0.0000042
all	1433	7	1681766	0.0000042
all	1434	14	1681766	0.0000083
all	1435	22	1681766	0.0000131
all	1436	14	1681766	0.0000083
all	1437	6	1681766	0.0000036
all	1438	13	1681766	0.0000077
all	1439	4	1681766	0.0000024
all	1440	2	1681766	0.0000012
all	1441	16	1681766	0.0000095
all	1442	6	1681766	0.0000036
all	1443	26	1681766	0.0000155
all	1444	14	1681766	0.0000083
all	1445	5	1681766	0.0000030
all	1446	15	1681766	0.0000089
all	1447	10	1681766	0.0000059
all	1448	21	1681766	0.0000125
all	1449	24	1681766	0.0000143
all	1450	7	1681766	0.0000042
all	1451	32	1681766	0.0000190
all	1452	15	1681766	0.0000089
all	1453	4	1681766	0.0000024
all	1454	8	1681766	0.0000048
all	1455	18	1681766	0.0000107
all	1456	14	1681766	0.0000083
all	1457	10	1681766	0.0000059
all	1458	23	1681766	0.0000137
all	1459	13	1681766	0.0000077
all	1460	19	1681766	0.0000113
all	1461	21	1681766	0.0000125
all	1462	4	1681766	0.0000024
all	1463	10	1681766	0.0000059
all	1464	24	1681766	0.0000143
all	1465	18	1681766	0.0000107
all	1466	29	1681766	0.0000172
all	1467	70	1681766	0.0000416
all	1468	23	1681766	0.0000137
all	1469	32	1681766	0.0000190
all	1470	1	1681766	0.0000006
all	1471	35	1681766	0.0000208
all	1472	25	1681766	0.0000149
all	1473	26	1681766	0.0000155
all	1474	18	1681766	0.0000107
all	1475	16	1681766	0.0000095
all	1476	19	1681766	0.0000113
all	1477	17	1681766	0.0000101
all	1478	13	1681766	0.0000077
all	1479	3	1681766	0.0000018
all	1480	26	1681766	0.0000155
all	1481	6	1681766	0.0000036
all	1482	141	1681766	0.0000838
all	1483	18	1681766	0.0000107
all	1484	4	1681766	0.0000024
all	1485	1	1681766	0.0000006
all	1486	14	1681766	0.0000083
all	1487	21	1681766	0.0000125
all	1488	10	1681766	0.0000059
all	1489	5	1681766	0.0000030
all	1490	23	1681766	0.0000137
all	1491	12	1681766	0.0000071
all	1492	11	1681766	0.0000065
all	1493	5	1681766	0.0000030
all	1494	1	1681766	0.0000006
all	1496	7	1681766	0.0000042
all	1497	5	1681766	0.0000030
all	1498	4	1681766	0.0000024
all	1499	2	1681766	0.0000012
all	1500	10	1681766	0.0000059
all	1501	3	1681766	0.0000018
all	1502	5	1681766	0.0000030
all	1503	17	1681766	0.0000101
all	1504	4	1681766	0.0000024
all	1505	9	1681766	0.0000054
all	1506	1	1681766	0.0000006
all	1507	4	1681766	0.0000024
all	1508	3	1681766	0.0000018
all	1509	6	1681766	0.0000036
all	1510	5	1681766	0.0000030
all	1511	10	1681766	0.0000059
all	1512	5	1681766	0.0000030
all	1513	3	1681766	0.0000018
all	1514	1	1681766	0.0000006
all	1515	2	1681766	0.0000012
all	1516	2	1681766	0.0000012
all	1517	3	1681766	0.0000018
all	1518	2	1681766	0.0000012
all	1519	3	1681766	0.0000018
all	1520	1	1681766	0.0000006
all	1521	1	1681766	0.0000006
all	1522	4	1681766	0.0000024
all	1523	1	1681766	0.0000006
all	1524	6	1681766	0.0000036
all	1525	6	1681766	0.0000036
all	1526	3	1681766	0.0000018
all	1527	8	1681766	0.0000048
all	1528	8	1681766	0.0000048
all	1529	4	1681766	0.0000024
all	1530	6	1681766	0.0000036
all	1531	2	1681766	0.0000012
all	1532	8	1681766	0.0000048
all	1533	3	1681766	0.0000018
all	1534	8	1681766	0.0000048
all	1535	8	1681766	0.0000048
all	1536	7	1681766	0.0000042
all	1537	8	1681766	0.0000048
all	1538	2	1681766	0.0000012
all	1539	1	1681766	0.0000006
all	1540	4	1681766	0.0000024
all	1541	5	1681766	0.0000030
all	1542	2	1681766	0.0000012
all	1543	5	1681766	0.0000030
all	1544	1	1681766	0.0000006
all	1545	1	1681766	0.0000006
all	1546	2	1681766	0.0000012
all	1547	1	1681766	0.0000006
all	1548	1	1681766	0.0000006
all	1549	3	1681766	0.0000018
all	1550	2	1681766	0.0000012
all	1551	2	1681766	0.0000012
all	1552	2	1681766	0.0000012
all	1553	5	1681766	0.0000030
all	1554	1	1681766	0.0000006
all	1555	7	1681766	0.0000042
all	1556	3	1681766	0.0000018
all	1557	3	1681766	0.0000018
all	1558	6	1681766	0.0000036
all	1559	4	1681766	0.0000024
all	1560	7	1681766	0.0000042
all	1561	4	1681766	0.0000024
all	1562	1	1681766	0.0000006
all	1563	9	1681766	0.0000054
all	1564	2	1681766	0.0000012
all	1565	4	1681766	0.0000024
all	1566	9	1681766	0.0000054
all	1567	3	1681766	0.0000018
all	1568	4	1681766	0.0000024
all	1569	3	1681766	0.0000018
all	1570	4	1681766	0.0000024
all	1571	9	1681766	0.0000054
all	1572	9	1681766	0.0000054
all	1573	6	1681766	0.0000036
all	1574	4	1681766	0.0000024
all	1575	8	1681766	0.0000048
all	1576	5	1681766	0.0000030
all	1577	6	1681766	0.0000036
all	1578	4	1681766	0.0000024
all	1579	2	1681766	0.0000012
all	1580	6	1681766	0.0000036
all	1581	2	1681766	0.0000012
all	1582	4	1681766	0.0000024
all	1583	2	1681766	0.0000012
all	1584	2	1681766	0.0000012
all	1585	2	1681766	0.0000012
all	1586	7	1681766	0.0000042
all	1587	2	1681766	0.0000012
all	1588	7	1681766	0.0000042
all	1589	2	1681766	0.0000012
all	1590	6	1681766	0.0000036
all	1591	3	1681766	0.0000018
all	1592	7	1681766	0.0000042
all	1593	4	1681766	0.0000024
all	1594	4	1681766	0.0000024
all	1595	1	1681766	0.0000006
all	1596	3	1681766	0.0000018
all	1597	4	1681766	0.0000024
all	1598	5	1681766	0.0000030
all	1599	1	1681766	0.0000006
all	1600	3	1681766	0.0000018
all	1601	1	1681766	0.0000006
all	1602	2	1681766	0.0000012
all	1603	5	1681766	0.0000030
all	1604	6	1681766	0.0000036
all	1605	5	1681766	0.0000030
all	1606	6	1681766	0.0000036
all	1607	2	1681766	0.0000012
all	1608	1	1681766	0.0000006
all	1609	4	1681766	0.0000024
all	1611	2	1681766	0.0000012
all	1612	2	1681766	0.0000012
all	1613	3	1681766	0.0000018
all	1614	3	1681766	0.0000018
all	1615	4	1681766	0.0000024
all	1616	3	1681766	0.0000018
all	1617	5	1681766	0.0000030
all	1618	8	1681766	0.0000048
all	1619	4	1681766	0.0000024
all	1620	5	1681766	0.0000030
all	1621	6	1681766	0.0000036
all	1622	2	1681766	0.0000012
all	1624	8	1681766	0.0000048
all	1625	3	1681766	0.0000018
all	1626	1	1681766	0.0000006
all	1627	5	1681766	0.0000030
all	1628	5	1681766	0.0000030
all	1629	2	1681766	0.0000012
all	1630	9	1681766	0.0000054
all	1632	3	1681766	0.0000018
all	1633	1	1681766	0.0000006
all	1634	3	1681766	0.0000018
all	1635	2	1681766	0.0000012
all	1636	12	1681766	0.0000071
all	1637	2	1681766	0.0000012
all	1638	3	1681766	0.0000018
all	1639	3	1681766	0.0000018
all	1641	5	1681766	0.0000030
all	1642	1	1681766	0.0000006
all	1643	2	1681766	0.0000012
all	1644	4	1681766	0.0000024
all	1645	4	1681766	0.0000024
all	1646	2	1681766	0.0000012
all	1647	11	1681766	0.0000065
all	1648	5	1681766	0.0000030
all	1649	4	1681766	0.0000024
all	1650	7	1681766	0.0000042
all	1651	2	1681766	0.0000012
all	1652	1	1681766	0.0000006
all	1653	1	1681766	0.0000006
all	1654	5	1681766	0.0000030
all	1655	1	1681766	0.0000006
all	1656	7	1681766	0.0000042
all	1657	3	1681766	0.0000018
all	1658	6	1681766	0.0000036
all	1659	5	1681766	0.0000030
all	1660	8	1681766	0.0000048
all	1661	5	1681766	0.0000030
all	1662	9	1681766	0.0000054
all	1663	7	1681766	0.0000042
all	1664	2	1681766	0.0000012
all	1665	4	1681766	0.0000024
all	1666	2	1681766	0.0000012
all	1667	3	1681766	0.0000018
all	1668	3	1681766	0.0000018
all	1669	4	1681766	0.0000024
all	1670	5	1681766	0.0000030
all	1671	5	1681766	0.0000030
all	1672	4	1681766	0.0000024
all	1673	7	1681766	0.0000042
all	1674	5	1681766	0.0000030
all	1675	2	1681766	0.0000012
all	1677	4	1681766	0.0000024
all	1678	3	1681766	0.0000018
all	1679	8	1681766	0.0000048
all	1680	4	1681766	0.0000024
all	1681	1	1681766	0.0000006
all	1682	4	1681766	0.0000024
all	1683	6	1681766	0.0000036
all	1684	10	1681766	0.0000059
all	1685	7	1681766	0.0000042
all	1686	5	1681766	0.0000030
all	1687	2	1681766	0.0000012
all	1688	4	1681766	0.0000024
all	1689	4	1681766	0.0000024
all	1690	3	1681766	0.0000018
all	1691	5	1681766	0.0000030
all	1692	2	1681766	0.0000012
all	1693	4	1681766	0.0000024
all	1694	2	1681766	0.0000012
all	1695	3	1681766	0.0000018
all	1696	2	1681766	0.0000012
all	1697	4	1681766	0.0000024
all	1698	1	1681766	0.0000006
all	1699	1	1681766	0.0000006
all	1700	2	1681766	0.0000012
all	1701	2	1681766	0.0000012
all	1702	4	1681766	0.0000024
all	1703	2	1681766	0.0000012
all	1704	1	1681766	0.0000006
all	1705	7	1681766	0.0000042
all	1706	2	1681766	0.0000012
all	1707	10	1681766	0.0000059
all	1708	2	1681766	0.0000012
all	1709	5	1681766	0.0000030
all	1710	1	1681766	0.0000006
all	1711	3	1681766	0.0000018
all	1712	2	1681766	0.0000012
all	1713	3	1681766	0.0000018
all	1714	4	1681766	0.0000024
all	1715	5	1681766	0.0000030
all	1716	5	1681766	0.0000030
all	1717	7	1681766	0.0000042
all	1718	8	1681766	0.0000048
all	1719	6	1681766	0.0000036
all	1720	2	1681766	0.0000012
all	1721	3	1681766	0.0000018
all	1722	8	1681766	0.0000048
all	1723	2	1681766	0.0000012
all	1724	3	1681766	0.0000018
all	1725	13	1681766	0.0000077
all	1726	5	1681766	0.0000030
all	1727	6	1681766	0.0000036
all	1728	4	1681766	0.0000024
all	1729	2	1681766	0.0000012
all	1730	8	1681766	0.0000048
all	1732	5	1681766	0.0000030
all	1733	7	1681766	0.0000042
all	1734	5	1681766	0.0000030
all	1735	3	1681766	0.0000018
all	1736	7	1681766	0.0000042
all	1737	1	1681766	0.0000006
all	1738	4	1681766	0.0000024
all	1739	2	1681766	0.0000012
all	1740	6	1681766	0.0000036
all	1741	10	1681766	0.0000059
all	1742	5	1681766	0.0000030
all	1743	6	1681766	0.0000036
all	1744	6	1681766	0.0000036
all	1745	7	1681766	0.0000042
all	1746	6	1681766	0.0000036
all	1747	3	1681766	0.0000018
all	1748	2	1681766	0.0000012
all	1749	7	1681766	0.0000042
all	1750	3	1681766	0.0000018
all	1751	5	1681766	0.0000030
all	1752	5	1681766	0.0000030
all	1753	1	1681766	0.0000006
all	1754	5	1681766	0.0000030
all	1755	11	1681766	0.0000065
all	1756	5	1681766	0.0000030
all	1757	2	1681766	0.0000012
all	1758	1	1681766	0.0000006
all	1759	4	1681766	0.0000024
all	1760	2	1681766	0.0000012
all	1761	2	1681766	0.0000012
all	1762	2	1681766	0.0000012
all	1763	3	1681766	0.0000018
all	1764	4	1681766	0.0000024
all	1765	9	1681766	0.0000054
all	1766	5	1681766	0.0000030
all	1767	3	1681766	0.0000018
all	1768	1	1681766	0.0000006
all	1769	1	1681766	0.0000006
all	1770	4	1681766	0.0000024
all	1771	1	1681766	0.0000006
all	1772	2	1681766	0.0000012
all	1773	1	1681766	0.0000006
all	1774	2	1681766	0.0000012
all	1775	1	1681766	0.0000006
all	1776	3	1681766	0.0000018
all	1777	1	1681766	0.0000006
all	1778	3	1681766	0.0000018
all	1779	3	1681766	0.0000018
all	1780	8	1681766	0.0000048
all	1781	1	1681766	0.0000006
all	1782	3	1681766	0.0000018
all	1783	1	1681766	0.0000006
all	1785	2	1681766	0.0000012
all	1786	2	1681766	0.0000012
all	1787	1	1681766	0.0000006
all	1789	3	1681766	0.0000018
all	1790	1	1681766	0.0000006
all	1791	4	1681766	0.0000024
all	1792	5	1681766	0.0000030
all	1793	2	1681766	0.0000012
all	1794	1	1681766	0.0000006
all	1795	1	1681766	0.0000006
all	1796	2	1681766	0.0000012
all	1799	5	1681766	0.0000030
all	1800	5	1681766	0.0000030
all	1801	3	1681766	0.0000018
all	1802	1	1681766	0.0000006
all	1803	9	1681766	0.0000054
all	1804	1	1681766	0.0000006
all	1805	1	1681766	0.0000006
all	1806	1	1681766	0.0000006
all	1807	3	1681766	0.0000018
all	1809	2	1681766	0.0000012
all	1810	2	1681766	0.0000012
all	1813	3	1681766	0.0000018
all	1814	6	1681766	0.0000036
all	1816	4	1681766	0.0000024
all	1817	1	1681766	0.0000006
all	1820	1	1681766	0.0000006
all	1821	2	1681766	0.0000012
all	1824	1	1681766	0.0000006
all	1825	3	1681766	0.0000018
all	1826	1	1681766	0.0000006
all	1827	1	1681766	0.0000006
all	1828	2	1681766	0.0000012
all	1829	6	1681766	0.0000036
all	1831	2	1681766	0.0000012
all	1832	5	1681766	0.0000030
all	1834	2	1681766	0.0000012
all	1835	2	1681766	0.0000012
all	1836	4	1681766	0.0000024
all	1837	1	1681766	0.0000006
all	1838	5	1681766	0.0000030
all	1839	1	1681766	0.0000006
all	1840	1	1681766	0.0000006
all	1841	7	1681766	0.0000042
all	1844	2	1681766	0.0000012
all	1847	1	1681766	0.0000006
all	1849	1	1681766	0.0000006
all	1850	2	1681766	0.0000012
all	1851	6	1681766	0.0000036
all	1853	2	1681766	0.0000012
all	1854	5	1681766	0.0000030
all	1855	2	1681766	0.0000012
all	1856	2	1681766	0.0000012
all	1857	1	1681766	0.0000006
all	1858	1	1681766	0.0000006
all	1860	1	1681766	0.0000006
all	1861	3	1681766	0.0000018
all	1862	2	1681766	0.0000012
all	1863	1	1681766	0.0000006
all	1865	1	1681766	0.0000006
all	1866	3	1681766	0.0000018
all	1867	1	1681766	0.0000006
all	1868	1	1681766	0.0000006
all	1869	2	1681766	0.0000012
all	1870	1	1681766	0.0000006
all	1871	2	1681766	0.0000012
all	1872	3	1681766	0.0000018
all	1873	1	1681766	0.0000006
all	1874	2	1681766	0.0000012
all	1875	5	1681766	0.0000030
all	1876	4	1681766	0.0000024
all	1877	5	1681766	0.0000030
all	1878	4	1681766	0.0000024
all	1880	4	1681766	0.0000024
all	1881	2	1681766	0.0000012
all	1883	3	1681766	0.0000018
all	1884	1	1681766	0.0000006
all	1886	9	1681766	0.0000054
all	1888	2	1681766	0.0000012
all	1889	3	1681766	0.0000018
all	1891	5	1681766	0.0000030
all	1893	1	1681766	0.0000006
all	1895	1	1681766	0.0000006
all	1897	4	1681766	0.0000024
all	1898	6	1681766	0.0000036
all	1899	2	1681766	0.0000012
all	1901	1	1681766	0.0000006
all	1904	1	1681766	0.0000006
all	1906	3	1681766	0.0000018
all	1907	1	1681766	0.0000006
all	1908	1	1681766	0.0000006
all	1909	6	1681766	0.0000036
all	1910	1	1681766	0.0000006
all	1911	1	1681766	0.0000006
all	1912	1	1681766	0.0000006
all	1913	3	1681766	0.0000018
all	1914	2	1681766	0.0000012
all	1915	2	1681766	0.0000012
all	1916	2	1681766	0.0000012
all	1919	4	1681766	0.0000024
all	1920	2	1681766	0.0000012
all	1921	6	1681766	0.0000036
all	1922	2	1681766	0.0000012
all	1923	5	1681766	0.0000030
all	1924	6	1681766	0.0000036
all	1925	5	1681766	0.0000030
all	1926	6	1681766	0.0000036
all	1927	8	1681766	0.0000048
all	1928	7	1681766	0.0000042
all	1929	4	1681766	0.0000024
all	1930	2	1681766	0.0000012
all	1931	9	1681766	0.0000054
all	1932	3	1681766	0.0000018
all	1933	5	1681766	0.0000030
all	1934	1	1681766	0.0000006
all	1935	2	1681766	0.0000012
all	1936	1	1681766	0.0000006
all	1937	3	1681766	0.0000018
all	1938	2	1681766	0.0000012
all	1939	2	1681766	0.0000012
all	1940	3	1681766	0.0000018
all	1941	1	1681766	0.0000006
all	1942	2	1681766	0.0000012
all	1944	1	1681766	0.0000006
all	1945	2	1681766	0.0000012
all	1946	8	1681766	0.0000048
all	1947	5	1681766	0.0000030
all	1948	2	1681766	0.0000012
all	1949	6	1681766	0.0000036
all	1950	3	1681766	0.0000018
all	1951	1	1681766	0.0000006
all	1952	3	1681766	0.0000018
all	1953	1	1681766	0.0000006
all	1954	2	1681766	0.0000012
all	1955	4	1681766	0.0000024
all	1956	2	1681766	0.0000012
all	1957	4	1681766	0.0000024
all	1958	2	1681766	0.0000012
all	1959	1	1681766	0.0000006
all	1960	4	1681766	0.0000024
all	1961	1	1681766	0.0000006
all	1962	2	1681766	0.0000012
all	1963	2	1681766	0.0000012
all	1964	2	1681766	0.0000012
all	1965	2	1681766	0.0000012
all	1968	1	1681766	0.0000006
all	1969	3	1681766	0.0000018
all	1970	3	1681766	0.0000018
all	1971	2	1681766	0.0000012
all	1972	2	1681766	0.0000012
all	1973	2	1681766	0.0000012
all	1974	2	1681766	0.0000012
all	1975	2	1681766	0.0000012
all	1976	3	1681766	0.0000018
all	1977	1	1681766	0.0000006
all	1978	1	1681766	0.0000006
all	1979	5	1681766	0.0000030
all	1980	6	1681766	0.0000036
all	1982	2	1681766	0.0000012
all	1987	1	1681766	0.0000006
all	1988	1	1681766	0.0000006
all	1989	5	1681766	0.0000030
all	1990	1	1681766	0.0000006
all	1992	3	1681766	0.0000018
all	1993	4	1681766	0.0000024
all	1994	5	1681766	0.0000030
all	1995	1	1681766	0.0000006
all	1996	3	1681766	0.0000018
all	1997	1	1681766	0.0000006
all	1998	2	1681766	0.0000012
all	1999	2	1681766	0.0000012
all	2001	1	1681766	0.0000006
all	2003	4	1681766	0.0000024
all	2004	3	1681766	0.0000018
all	2006	6	1681766	0.0000036
all	2007	2	1681766	0.0000012
all	2009	1	1681766	0.0000006
all	2010	4	1681766	0.0000024
all	2011	1	1681766	0.0000006
all	2012	7	1681766	0.0000042
all	2013	2	1681766	0.0000012
all	2014	5	1681766	0.0000030
all	2015	2	1681766	0.0000012
all	2018	7	1681766	0.0000042
all	2019	1	1681766	0.0000006
all	2020	4	1681766	0.0000024
all	2021	5	1681766	0.0000030
all	2022	5	1681766	0.0000030
all	2023	2	1681766	0.0000012
all	2024	1	1681766	0.0000006
all	2025	1	1681766	0.0000006
all	2026	1	1681766	0.0000006
all	2030	3	1681766	0.0000018
all	2031	4	1681766	0.0000024
all	2032	3	1681766	0.0000018
all	2033	6	1681766	0.0000036
all	2034	4	1681766	0.0000024
all	2035	6	1681766	0.0000036
all	2036	2	1681766	0.0000012
all	2038	4	1681766	0.0000024
all	2039	2	1681766	0.0000012
all	2040	3	1681766	0.0000018
all	2041	1	1681766	0.0000006
all	2042	1	1681766	0.0000006
all	2043	2	1681766	0.0000012
all	2044	6	1681766	0.0000036
all	2045	3	1681766	0.0000018
all	2046	3	1681766	0.0000018
all	2047	1	1681766	0.0000006
all	2048	4	1681766	0.0000024
all	2049	5	1681766	0.0000030
all	2050	1	1681766	0.0000006
all	2051	2	1681766	0.0000012
all	2052	1	1681766	0.0000006
all	2053	3	1681766	0.0000018
all	2055	3	1681766	0.0000018
all	2056	1	1681766	0.0000006
all	2057	1	1681766	0.0000006
all	2058	1	1681766	0.0000006
all	2059	2	1681766	0.0000012
all	2060	2	1681766	0.0000012
all	2063	2	1681766	0.0000012
all	2064	2	1681766	0.0000012
all	2065	2	1681766	0.0000012
all	2066	4	1681766	0.0000024
all	2067	3	1681766	0.0000018
all	2068	2	1681766	0.0000012
all	2069	2	1681766	0.0000012
all	2070	2	1681766	0.0000012
all	2071	1	1681766	0.0000006
all	2073	2	1681766	0.0000012
all	2074	1	1681766	0.0000006
all	2075	1	1681766	0.0000006
all	2076	3	1681766	0.0000018
all	2077	6	1681766	0.0000036
all	2078	2	1681766	0.0000012
all	2079	7	1681766	0.0000042
all	2080	3	1681766	0.0000018
all	2081	3	1681766	0.0000018
all	2082	3	1681766	0.0000018
all	2083	7	1681766	0.0000042
all	2085	5	1681766	0.0000030
all	2086	2	1681766	0.0000012
all	2087	3	1681766	0.0000018
all	2088	4	1681766	0.0000024
all	2089	7	1681766	0.0000042
all	2090	4	1681766	0.0000024
all	2091	3	1681766	0.0000018
all	2092	1	1681766	0.0000006
all	2093	1	1681766	0.0000006
all	2094	2	1681766	0.0000012
all	2095	3	1681766	0.0000018
all	2096	1	1681766	0.0000006
all	2097	4	1681766	0.0000024
all	2098	3	1681766	0.0000018
all	2099	3	1681766	0.0000018
all	2100	5	1681766	0.0000030
all	2102	1	1681766	0.0000006
all	2103	2	1681766	0.0000012
all	2104	3	1681766	0.0000018
all	2105	4	1681766	0.0000024
all	2106	4	1681766	0.0000024
all	2108	5	1681766	0.0000030
all	2109	1	1681766	0.0000006
all	2111	6	1681766	0.0000036
all	2112	2	1681766	0.0000012
all	2113	3	1681766	0.0000018
all	2114	1	1681766	0.0000006
all	2115	1	1681766	0.0000006
all	2117	3	1681766	0.0000018
all	2118	1	1681766	0.0000006
all	2119	5	1681766	0.0000030
all	2120	3	1681766	0.0000018
all	2121	2	1681766	0.0000012
all	2122	3	1681766	0.0000018
all	2123	3	1681766	0.0000018
all	2124	2	1681766	0.0000012
all	2126	1	1681766	0.0000006
all	2127	1	1681766	0.0000006
all	2128	2	1681766	0.0000012
all	2129	7	1681766	0.0000042
all	2131	4	1681766	0.0000024
all	2132	4	1681766	0.0000024
all	2133	2	1681766	0.0000012
all	2134	1	1681766	0.0000006
all	2135	2	1681766	0.0000012
all	2136	3	1681766	0.0000018
all	2137	1	1681766	0.0000006
all	2138	2	1681766	0.0000012
all	2139	1	1681766	0.0000006
all	2140	2	1681766	0.0000012
all	2141	3	1681766	0.0000018
all	2142	3	1681766	0.0000018
all	2143	2	1681766	0.0000012
all	2144	5	1681766	0.0000030
all	2145	4	1681766	0.0000024
all	2146	5	1681766	0.0000030
all	2147	3	1681766	0.0000018
all	2148	4	1681766	0.0000024
all	2149	2	1681766	0.0000012
all	2150	5	1681766	0.0000030
all	2151	2	1681766	0.0000012
all	2152	4	1681766	0.0000024
all	2153	3	1681766	0.0000018
all	2154	3	1681766	0.0000018
all	2155	3	1681766	0.0000018
all	2156	1	1681766	0.0000006
all	2157	5	1681766	0.0000030
all	2158	1	1681766	0.0000006
all	2159	1	1681766	0.0000006
all	2160	8	1681766	0.0000048
all	2161	2	1681766	0.0000012
all	2162	5	1681766	0.0000030
all	2163	4	1681766	0.0000024
all	2164	4	1681766	0.0000024
all	2166	6	1681766	0.0000036
all	2168	2	1681766	0.0000012
all	2169	1	1681766	0.0000006
all	2170	2	1681766	0.0000012
all	2171	4	1681766	0.0000024
all	2172	7	1681766	0.0000042
all	2174	4	1681766	0.0000024
all	2176	2	1681766	0.0000012
all	2177	6	1681766	0.0000036
all	2178	4	1681766	0.0000024
all	2179	5	1681766	0.0000030
all	2180	1	1681766	0.0000006
all	2181	5	1681766	0.0000030
all	2182	3	1681766	0.0000018
all	2183	5	1681766	0.0000030
all	2184	2	1681766	0.0000012
all	2185	9	1681766	0.0000054
all	2186	3	1681766	0.0000018
all	2187	3	1681766	0.0000018
all	2190	2	1681766	0.0000012
all	2191	4	1681766	0.0000024
all	2192	5	1681766	0.0000030
all	2194	4	1681766	0.0000024
all	2195	1	1681766	0.0000006
all	2196	3	1681766	0.0000018
all	2197	1	1681766	0.0000006
all	2198	3	1681766	0.0000018
all	2199	1	1681766	0.0000006
all	2200	2	1681766	0.0000012
all	2201	5	1681766	0.0000030
all	2203	2	1681766	0.0000012
all	2204	4	1681766	0.0000024
all	2205	2	1681766	0.0000012
all	2206	3	1681766	0.0000018
all	2207	1	1681766	0.0000006
all	2209	6	1681766	0.0000036
all	2210	2	1681766	0.0000012
all	2211	3	1681766	0.0000018
all	2212	4	1681766	0.0000024
all	2213	3	1681766	0.0000018
all	2214	1	1681766	0.0000006
all	2215	5	1681766	0.0000030
all	2216	4	1681766	0.0000024
all	2217	2	1681766	0.0000012
all	2218	4	1681766	0.0000024
all	2219	5	1681766	0.0000030
all	2220	4	1681766	0.0000024
all	2221	5	1681766	0.0000030
all	2222	8	1681766	0.0000048
all	2223	5	1681766	0.0000030
all	2226	2	1681766	0.0000012
all	2228	3	1681766	0.0000018
all	2230	6	1681766	0.0000036
all	2231	2	1681766	0.0000012
all	2234	2	1681766	0.0000012
all	2235	4	1681766	0.0000024
all	2236	1	1681766	0.0000006
all	2237	1	1681766	0.0000006
all	2238	4	1681766	0.0000024
all	2239	1	1681766	0.0000006
all	2240	3	1681766	0.0000018
all	2242	1	1681766	0.0000006
all	2244	1	1681766	0.0000006
all	2246	5	1681766	0.0000030
all	2248	1	1681766	0.0000006
all	2249	2	1681766	0.0000012
all	2251	2	1681766	0.0000012
all	2252	2	1681766	0.0000012
all	2255	1	1681766	0.0000006
all	2257	1	1681766	0.0000006
all	2258	2	1681766	0.0000012
all	2260	1	1681766	0.0000006
all	2262	1	1681766	0.0000006
all	2263	1	1681766	0.0000006
all	2265	1	1681766	0.0000006
all	2267	1	1681766	0.0000006
all	2268	1	1681766	0.0000006
all	2269	3	1681766	0.0000018
all	2270	2	1681766	0.0000012
all	2271	1	1681766	0.0000006
all	2279	1	1681766	0.0000006
all	2280	1	1681766	0.0000006
all	2282	2	1681766	0.0000012
all	2284	1	1681766	0.0000006
all	2285	1	1681766	0.0000006
all	2286	1	1681766	0.0000006
all	2287	2	1681766	0.0000012
all	2288	2	1681766	0.0000012
all	2289	1	1681766	0.0000006
all	2292	1	1681766	0.0000006
all	2295	3	1681766	0.0000018
all	2296	4	1681766	0.0000024
all	2297	1	1681766	0.0000006
all	2298	2	1681766	0.0000012
all	2305	2	1681766	0.0000012
all	2309	2	1681766	0.0000012
all	2310	1	1681766	0.0000006
all	2312	2	1681766	0.0000012
all	2313	2	1681766	0.0000012
all	2320	1	1681766	0.0000006
all	2321	1	1681766	0.0000006
all	2324	2	1681766	0.0000012
all	2325	4	1681766	0.0000024
all	2327	1	1681766	0.0000006
all	2328	2	1681766	0.0000012
all	2331	4	1681766	0.0000024
all	2333	2	1681766	0.0000012
all	2334	5	1681766	0.0000030
all	2335	2	1681766	0.0000012
all	2336	2	1681766	0.0000012
all	2338	1	1681766	0.0000006
all	2339	3	1681766	0.0000018
all	2340	1	1681766	0.0000006
all	2341	1	1681766	0.0000006
all	2344	3	1681766	0.0000018
all	2347	2	1681766	0.0000012
all	2349	3	1681766	0.0000018
all	2350	1	1681766	0.0000006
all	2351	1	1681766	0.0000006
all	2352	3	1681766	0.0000018
all	2354	2	1681766	0.0000012
all	2355	1	1681766	0.0000006
all	2356	1	1681766	0.0000006
all	2357	1	1681766	0.0000006
all	2358	1	1681766	0.0000006
all	2359	2	1681766	0.0000012
all	2361	2	1681766	0.0000012
all	2362	1	1681766	0.0000006
all	2363	1	1681766	0.0000006
all	2364	3	1681766	0.0000018
all	2365	4	1681766	0.0000024
all	2366	1	1681766	0.0000006
all	2367	1	1681766	0.0000006
all	2369	2	1681766	0.0000012
all	2370	1	1681766	0.0000006
all	2371	2	1681766	0.0000012
all	2374	1	1681766	0.0000006
all	2375	2	1681766	0.0000012
all	2377	2	1681766	0.0000012
all	2380	1	1681766	0.0000006
all	2381	1	1681766	0.0000006
all	2382	2	1681766	0.0000012
all	2383	2	1681766	0.0000012
all	2385	1	1681766	0.0000006
all	2386	4	1681766	0.0000024
all	2391	1	1681766	0.0000006
all	2392	1	1681766	0.0000006
all	2393	1	1681766	0.0000006
all	2396	2	1681766	0.0000012
all	2398	1	1681766	0.0000006
all	2399	2	1681766	0.0000012
all	2400	1	1681766	0.0000006
all	2401	1	1681766	0.0000006
all	2405	1	1681766	0.0000006
all	2406	1	1681766	0.0000006
all	2409	1	1681766	0.0000006
all	2410	1	1681766	0.0000006
all	2411	3	1681766	0.0000018
all	2413	2	1681766	0.0000012
all	2414	2	1681766	0.0000012
all	2416	1	1681766	0.0000006
all	2417	3	1681766	0.0000018
all	2418	1	1681766	0.0000006
all	2420	1	1681766	0.0000006
all	2421	1	1681766	0.0000006
all	2423	1	1681766	0.0000006
all	2425	1	1681766	0.0000006
all	2426	1	1681766	0.0000006
all	2427	2	1681766	0.0000012
all	2433	3	1681766	0.0000018
all	2434	3	1681766	0.0000018
all	2439	1	1681766	0.0000006
all	2441	3	1681766	0.0000018
all	2442	1	1681766	0.0000006
all	2443	1	1681766	0.0000006
all	2447	2	1681766	0.0000012
all	2450	1	1681766	0.0000006
all	2451	1	1681766	0.0000006
all	2453	2	1681766	0.0000012
all	2457	2	1681766	0.0000012
all	2458	1	1681766	0.0000006
all	2460	2	1681766	0.0000012
all	2462	2	1681766	0.0000012
all	2464	2	1681766	0.0000012
all	2466	3	1681766	0.0000018
all	2467	1	1681766	0.0000006
all	2469	1	1681766	0.0000006
all	2471	1	1681766	0.0000006
all	2472	3	1681766	0.0000018
all	2475	1	1681766	0.0000006
all	2476	1	1681766	0.0000006
all	2479	1	1681766	0.0000006
all	2480	2	1681766	0.0000012
all	2481	1	1681766	0.0000006
all	2483	1	1681766	0.0000006
all	2488	1	1681766	0.0000006
all	2490	2	1681766	0.0000012
all	2491	2	1681766	0.0000012
all	2492	2	1681766	0.0000012
all	2498	1	1681766	0.0000006
all	2499	2	1681766	0.0000012
all	2500	2	1681766	0.0000012
all	2501	1	1681766	0.0000006
all	2502	2	1681766	0.0000012
all	2503	1	1681766	0.0000006
all	2505	3	1681766	0.0000018
all	2507	2	1681766	0.0000012
all	2508	3	1681766	0.0000018
all	2510	2	1681766	0.0000012
all	2512	1	1681766	0.0000006
all	2513	1	1681766	0.0000006
all	2514	1	1681766	0.0000006
all	2518	1	1681766	0.0000006
all	2519	1	1681766	0.0000006
all	2520	1	1681766	0.0000006
all	2521	1	1681766	0.0000006
all	2522	1	1681766	0.0000006
all	2523	1	1681766	0.0000006
all	2525	1	1681766	0.0000006
all	2526	1	1681766	0.0000006
all	2530	1	1681766	0.0000006
all	2532	1	1681766	0.0000006
all	2536	1	1681766	0.0000006
all	2538	2	1681766	0.0000012
all	2539	1	1681766	0.0000006
all	2542	1	1681766	0.0000006
all	2543	1	1681766	0.0000006
all	2544	2	1681766	0.0000012
all	2549	1	1681766	0.0000006
all	2550	1	1681766	0.0000006
all	2553	2	1681766	0.0000012
all	2554	2	1681766	0.0000012
all	2555	3	1681766	0.0000018
all	2556	1	1681766	0.0000006
all	2558	1	1681766	0.0000006
all	2559	2	1681766	0.0000012
all	2561	2	1681766	0.0000012
all	2562	2	1681766	0.0000012
all	2563	3	1681766	0.0000018
all	2564	1	1681766	0.0000006
all	2569	1	1681766	0.0000006
all	2570	1	1681766	0.0000006
all	2571	1	1681766	0.0000006
all	2574	1	1681766	0.0000006
all	2576	1	1681766	0.0000006
all	2578	3	1681766	0.0000018
all	2580	2	1681766	0.0000012
all	2581	1	1681766	0.0000006
all	2582	1	1681766	0.0000006
all	2583	4	1681766	0.0000024
all	2584	2	1681766	0.0000012
all	2586	1	1681766	0.0000006
all	2587	1	1681766	0.0000006
all	2588	4	1681766	0.0000024
all	2589	1	1681766	0.0000006
all	2590	1	1681766	0.0000006
all	2591	1	1681766	0.0000006
all	2592	2	1681766	0.0000012
all	2595	2	1681766	0.0000012
all	2596	1	1681766	0.0000006
all	2597	1	1681766	0.0000006
all	2598	2	1681766	0.0000012
all	2599	4	1681766	0.0000024
all	2601	1	1681766	0.0000006
all	2602	1	1681766	0.0000006
all	2603	3	1681766	0.0000018
all	2604	1	1681766	0.0000006
all	2605	2	1681766	0.0000012
all	2607	2	1681766	0.0000012
all	2608	2	1681766	0.0000012
all	2610	2	1681766	0.0000012
all	2611	3	1681766	0.0000018
all	2612	2	1681766	0.0000012
all	2613	2	1681766	0.0000012
all	2614	1	1681766	0.0000006
all	2617	2	1681766	0.0000012
all	2620	1	1681766	0.0000006
all	2621	1	1681766	0.0000006
all	2622	1	1681766	0.0000006
all	2626	1	1681766	0.0000006
all	2627	1	1681766	0.0000006
all	2630	1	1681766	0.0000006
all	2633	1	1681766	0.0000006
all	2635	1	1681766	0.0000006
all	2642	2	1681766	0.0000012
all	2645	1	1681766	0.0000006
all	2660	1	1681766	0.0000006
all	2668	1	1681766	0.0000006
all	2673	1	1681766	0.0000006
all	2676	1	1681766	0.0000006
all	2682	1	1681766	0.0000006
all	2683	1	1681766	0.0000006
all	2686	2	1681766	0.0000012
all	2687	1	1681766	0.0000006
all	2692	1	1681766	0.0000006
all	2696	2	1681766	0.0000012
all	2702	1	1681766	0.0000006
all	2706	1	1681766	0.0000006
all	2707	1	1681766	0.0000006
all	2710	3	1681766	0.0000018
all	2712	2	1681766	0.0000012
all	2715	3	1681766	0.0000018
all	2717	1	1681766	0.0000006
all	2722	1	1681766	0.0000006
all	2723	1	1681766	0.0000006
all	2726	2	1681766	0.0000012
all	2740	1	1681766	0.0000006
all	2741	2	1681766	0.0000012
all	2744	1	1681766	0.0000006
all	2745	2	1681766	0.0000012
all	2748	4	1681766	0.0000024
all	2749	1	1681766	0.0000006
all	2752	2	1681766	0.0000012
all	2753	1	1681766	0.0000006
all	2754	2	1681766	0.0000012
all	2762	1	1681766	0.0000006
all	2763	2	1681766	0.0000012
all	2766	1	1681766	0.0000006
all	2767	1	1681766	0.0000006
all	2779	1	1681766	0.0000006
all	2781	1	1681766	0.0000006
all	2783	1	1681766	0.0000006
all	2792	2	1681766	0.0000012
all	2797	1	1681766	0.0000006
all	2803	1	1681766	0.0000006
all	2805	1	1681766	0.0000006
all	2808	2	1681766	0.0000012
all	2812	1	1681766	0.0000006
all	2814	2	1681766	0.0000012
all	2815	1	1681766	0.0000006
all	2818	1	1681766	0.0000006
all	2821	1	1681766	0.0000006
all	2832	1	1681766	0.0000006
all	2834	4	1681766	0.0000024
all	2835	1	1681766	0.0000006
all	2837	2	1681766	0.0000012
all	2843	1	1681766	0.0000006
all	2851	3	1681766	0.0000018
all	2854	1	1681766	0.0000006
all	2859	2	1681766	0.0000012
all	2860	2	1681766	0.0000012
all	2861	1	1681766	0.0000006
all	2864	1	1681766	0.0000006
all	2865	1	1681766	0.0000006
all	2868	1	1681766	0.0000006
all	2875	2	1681766	0.0000012
all	2884	2	1681766	0.0000012
all	2892	1	1681766	0.0000006
all	2894	2	1681766	0.0000012
all	2896	2	1681766	0.0000012
all	2902	2	1681766	0.0000012
all	2905	2	1681766	0.0000012
all	2910	2	1681766	0.0000012
all	2917	2	1681766	0.0000012
all	2918	2	1681766	0.0000012
all	2926	1	1681766	0.0000006
all	2927	3	1681766	0.0000018
all	2928	2	1681766	0.0000012
all	2940	1	1681766	0.0000006
all	2942	1	1681766	0.0000006
all	2955	1	1681766	0.0000006
all	2960	2	1681766	0.0000012
all	2961	4	1681766	0.0000024
all	2964	2	1681766	0.0000012
all	2965	2	1681766	0.0000012
all	2966	2	1681766	0.0000012
all	2967	1	1681766	0.0000006
all	2977	1	1681766	0.0000006
all	2979	1	1681766	0.0000006
all	2980	1	1681766	0.0000006
all	2986	1	1681766	0.0000006
all	2988	1	1681766	0.0000006
all	2989	1	1681766	0.0000006
all	2990	1	1681766	0.0000006
all	2994	1	1681766	0.0000006
all	2998	1	1681766	0.0000006
all	3005	1	1681766	0.0000006
all	3006	2	1681766	0.0000012
all	3008	2	1681766	0.0000012
all	3011	1	1681766	0.0000006
all	3015	1	1681766	0.0000006
all	3023	1	1681766	0.0000006
all	3025	1	1681766	0.0000006
all	3028	3	1681766	0.0000018
all	3031	1	1681766	0.0000006
all	3033	1	1681766	0.0000006
all	3035	1	1681766	0.0000006
all	3038	1	1681766	0.0000006
all	3041	2	1681766	0.0000012
all	3043	2	1681766	0.0000012
all	3045	1	1681766	0.0000006
all	3047	1	1681766	0.0000006
all	3048	2	1681766	0.0000012
all	3049	1	1681766	0.0000006
all	3050	1	1681766	0.0000006
all	3052	1	1681766	0.0000006
all	3058	1	1681766	0.0000006
all	3059	2	1681766	0.0000012
all	3064	2	1681766	0.0000012
all	3069	1	1681766	0.0000006
all	3074	1	1681766	0.0000006
all	3076	5	1681766	0.0000030
all	3079	1	1681766	0.0000006
all	3091	1	1681766	0.0000006
all	3093	1	1681766	0.0000006
all	3107	1	1681766	0.0000006
all	3112	1	1681766	0.0000006
all	3119	1	1681766	0.0000006
all	3127	1	1681766	0.0000006
all	3143	1	1681766	0.0000006
all	3150	2	1681766	0.0000012
all	3151	1	1681766	0.0000006
all	3152	1	1681766	0.0000006
all	3155	1	1681766	0.0000006
all	3162	1	1681766	0.0000006
all	3169	1	1681766	0.0000006
all	3174	1	1681766	0.0000006
all	3192	2	1681766	0.0000012
all	3193	1	1681766	0.0000006
all	3200	1	1681766	0.0000006
all	3214	1	1681766	0.0000006
all	3224	2	1681766	0.0000012
all	3252	1	1681766	0.0000006
all	3254	1	1681766	0.0000006
all	3255	1	1681766	0.0000006
all	3257	1	1681766	0.0000006
all	3263	2	1681766	0.0000012
all	3266	1	1681766	0.0000006
all	3277	1	1681766	0.0000006
all	3278	1	1681766	0.0000006
all	3279	1	1681766	0.0000006
all	3280	1	1681766	0.0000006
all	3281	1	1681766	0.0000006
all	3285	1	1681766	0.0000006
all	3289	1	1681766	0.0000006
all	3290	1	1681766	0.0000006
all	3300	1	1681766	0.0000006
all	3308	1	1681766	0.0000006
all	3325	1	1681766	0.0000006
all	3327	1	1681766	0.0000006
all	3336	1	1681766	0.0000006
all	3337	1	1681766	0.0000006
all	3340	1	1681766	0.0000006
all	3344	1	1681766	0.0000006
all	3346	1	1681766	0.0000006
all	3349	3	1681766	0.0000018
all	3351	1	1681766	0.0000006
all	3356	1	1681766	0.0000006
all	3357	1	1681766	0.0000006
all	3358	1	1681766	0.0000006
all	3359	1	1681766	0.0000006
all	3374	1	1681766	0.0000006
all	3383	1	1681766	0.0000006
all	3389	1	1681766	0.0000006
all	3397	1	1681766	0.0000006
all	3402	2	1681766	0.0000012
all	3406	1	1681766	0.0000006
all	3408	1	1681766	0.0000006
all	3413	1	1681766	0.0000006
all	3422	1	1681766	0.0000006
all	3429	1	1681766	0.0000006
all	3431	1	1681766	0.0000006
all	3435	1	1681766	0.0000006
all	3442	2	1681766	0.0000012
all	3446	1	1681766	0.0000006
all	3447	1	1681766	0.0000006
all	3450	1	1681766	0.0000006
all	3454	1	1681766	0.0000006
all	3455	1	1681766	0.0000006
all	3456	3	1681766	0.0000018
all	3457	1	1681766	0.0000006
all	3461	1	1681766	0.0000006
all	3463	2	1681766	0.0000012
all	3466	3	1681766	0.0000018
all	3467	2	1681766	0.0000012
all	3472	1	1681766	0.0000006
all	3474	1	1681766	0.0000006
all	3476	2	1681766	0.0000012
all	3477	1	1681766	0.0000006
all	3482	1	1681766	0.0000006
all	3483	1	1681766	0.0000006
all	3485	1	1681766	0.0000006
all	3487	1	1681766	0.0000006
all	3488	1	1681766	0.0000006
all	3492	1	1681766	0.0000006
all	3495	1	1681766	0.0000006
all	3497	1	1681766	0.0000006
all	3498	1	1681766	0.0000006
all	3499	2	1681766	0.0000012
all	3500	2	1681766	0.0000012
all	3501	1	1681766	0.0000006
all	3502	1	1681766	0.0000006
all	3507	2	1681766	0.0000012
all	3511	3	1681766	0.0000018
all	3513	2	1681766	0.0000012
all	3515	1	1681766	0.0000006
all	3519	1	1681766	0.0000006
all	3520	1	1681766	0.0000006
all	3531	1	1681766	0.0000006
all	3532	1	1681766	0.0000006
all	3535	1	1681766	0.0000006
all	3536	1	1681766	0.0000006
all	3538	1	1681766	0.0000006
all	3539	1	1681766	0.0000006
all	3541	2	1681766	0.0000012
all	3548	1	1681766	0.0000006
all	3550	2	1681766	0.0000012
all	3551	4	1681766	0.0000024
all	3553	1	1681766	0.0000006
all	3556	1	1681766	0.0000006
all	3559	1	1681766	0.0000006
all	3561	2	1681766	0.0000012
all	3565	1	1681766	0.0000006
all	3566	1	1681766	0.0000006
all	3567	1	1681766	0.0000006
all	3572	1	1681766	0.0000006
all	3575	2	1681766	0.0000012
all	3578	1	1681766	0.0000006
all	3590	1	1681766	0.0000006
all	3603	1	1681766	0.0000006
all	3607	2	1681766	0.0000012
all	3609	1	1681766	0.0000006
all	3612	2	1681766	0.0000012
all	3614	1	1681766	0.0000006
all	3615	2	1681766	0.0000012
all	3616	1	1681766	0.0000006
all	3618	1	1681766	0.0000006
all	3620	1	1681766	0.0000006
all	3623	1	1681766	0.0000006
all	3631	1	1681766	0.0000006
all	3632	1	1681766	0.0000006
all	3638	1	1681766	0.0000006
all	3639	1	1681766	0.0000006
all	3646	1	1681766	0.0000006
all	3652	1	1681766	0.0000006
all	3656	1	1681766	0.0000006
all	3657	1	1681766	0.0000006
all	3660	1	1681766	0.0000006
all	3665	1	1681766	0.0000006
all	3666	1	1681766	0.0000006
all	3667	1	1681766	0.0000006
all	3669	1	1681766	0.0000006
all	3670	1	1681766	0.0000006
all	3671	1	1681766	0.0000006
all	3672	2	1681766	0.0000012
all	3675	2	1681766	0.0000012
all	3678	1	1681766	0.0000006
all	3680	1	1681766	0.0000006
all	3693	1	1681766	0.0000006
all	3696	1	1681766	0.0000006
all	3702	1	1681766	0.0000006
all	3705	1	1681766	0.0000006
all	3706	1	1681766	0.0000006
all	3709	1	1681766	0.0000006
all	3713	1	1681766	0.0000006
all	3714	1	1681766	0.0000006
all	3715	1	1681766	0.0000006
all	3716	1	1681766	0.0000006
all	3717	1	1681766	0.0000006
all	3721	1	1681766	0.0000006
all	3730	1	1681766	0.0000006
all	3731	1	1681766	0.0000006
all	3733	1	1681766	0.0000006
all	3734	1	1681766	0.0000006
all	3738	1	1681766	0.0000006
all	3739	1	1681766	0.0000006
all	3741	1	1681766	0.0000006
all	3744	1	1681766	0.0000006
all	3746	1	1681766	0.0000006
all	3751	1	1681766	0.0000006
all	3754	1	1681766	0.0000006
all	3755	1	1681766	0.0000006
all	3757	1	1681766	0.0000006
all	3758	1	1681766	0.0000006
all	3760	1	1681766	0.0000006
all	3762	1	1681766	0.0000006
all	3763	1	1681766	0.0000006
all	3773	4	1681766	0.0000024
all	3774	1	1681766	0.0000006
all	3775	1	1681766	0.0000006
all	3776	1	1681766	0.0000006
all	3779	1	1681766	0.0000006
all	3783	2	1681766	0.0000012
all	3786	2	1681766	0.0000012
all	3787	1	1681766	0.0000006
all	3788	1	1681766	0.0000006
all	3789	1	1681766	0.0000006
all	3791	1	1681766	0.0000006
all	3798	1	1681766	0.0000006
all	3807	1	1681766	0.0000006
all	3809	1	1681766	0.0000006
all	3810	1	1681766	0.0000006
all	3811	1	1681766	0.0000006
all	3813	1	1681766	0.0000006
all	3814	2	1681766	0.0000012
all	3815	1	1681766	0.0000006
all	3817	1	1681766	0.0000006
all	3820	1	1681766	0.0000006
all	3821	1	1681766	0.0000006
all	3823	4	1681766	0.0000024
all	3826	1	1681766	0.0000006
all	3828	1	1681766	0.0000006
all	3833	1	1681766	0.0000006
all	3836	1	1681766	0.0000006
all	3838	1	1681766	0.0000006
all	3839	1	1681766	0.0000006
all	3840	1	1681766	0.0000006
all	3842	2	1681766	0.0000012
all	3849	1	1681766	0.0000006
all	3857	1	1681766	0.0000006
all	3860	1	1681766	0.0000006
all	3864	1	1681766	0.0000006
all	3867	1	1681766	0.0000006
all	3868	1	1681766	0.0000006
all	3872	1	1681766	0.0000006
all	3877	1	1681766	0.0000006
all	3881	1	1681766	0.0000006
all	3882	1	1681766	0.0000006
all	3885	1	1681766	0.0000006
all	3888	3	1681766	0.0000018
all	3890	1	1681766	0.0000006
all	3891	1	1681766	0.0000006
all	3893	3	1681766	0.0000018
all	3896	1	1681766	0.0000006
all	3899	2	1681766	0.0000012
all	3902	1	1681766	0.0000006
all	3903	2	1681766	0.0000012
all	3905	1	1681766	0.0000006
all	3910	1	1681766	0.0000006
all	3911	1	1681766	0.0000006
all	3913	1	1681766	0.0000006
all	3917	1	1681766	0.0000006
all	3918	1	1681766	0.0000006
all	3919	1	1681766	0.0000006
all	3920	1	1681766	0.0000006
all	3921	1	1681766	0.0000006
all	3922	1	1681766	0.0000006
all	3923	1	1681766	0.0000006
all	3924	1	1681766	0.0000006
all	3926	1	1681766	0.0000006
all	3927	1	1681766	0.0000006
all	3931	1	1681766	0.0000006
all	3933	3	1681766	0.0000018
all	3935	2	1681766	0.0000012
all	3937	4	1681766	0.0000024
all	3938	1	1681766	0.0000006
all	3944	1	1681766	0.0000006
all	3946	1	1681766	0.0000006
all	3947	2	1681766	0.0000012
all	3949	2	1681766	0.0000012
all	3950	1	1681766	0.0000006
all	3951	2	1681766	0.0000012
all	3952	1	1681766	0.0000006
all	3955	1	1681766	0.0000006
all	3956	2	1681766	0.0000012
all	3957	2	1681766	0.0000012
all	3960	1	1681766	0.0000006
all	3962	2	1681766	0.0000012
all	3964	1	1681766	0.0000006
all	3967	2	1681766	0.0000012
all	3969	2	1681766	0.0000012
all	3970	1	1681766	0.0000006
all	3972	2	1681766	0.0000012
all	3973	1	1681766	0.0000006
all	3977	1	1681766	0.0000006
all	3979	1	1681766	0.0000006
all	3980	1	1681766	0.0000006
all	3982	1	1681766	0.0000006
all	3985	1	1681766	0.0000006
all	3987	1	1681766	0.0000006
all	3989	3	1681766	0.0000018
all	3998	1	1681766	0.0000006
all	4001	1	1681766	0.0000006
all	4002	1	1681766	0.0000006
all	4003	2	1681766	0.0000012
all	4008	2	1681766	0.0000012
all	4013	6	1681766	0.0000036
all	4016	1	1681766	0.0000006
all	4017	1	1681766	0.0000006
all	4018	4	1681766	0.0000024
all	4019	2	1681766	0.0000012
all	4020	1	1681766	0.0000006
all	4022	4	1681766	0.0000024
all	4024	4	1681766	0.0000024
all	4027	2	1681766	0.0000012
all	4036	2	1681766	0.0000012
all	4037	1	1681766	0.0000006
all	4045	1	1681766	0.0000006
all	4046	1	1681766	0.0000006
all	4047	2	1681766	0.0000012
all	4049	2	1681766	0.0000012
all	4052	2	1681766	0.0000012
all	4055	1	1681766	0.0000006
all	4056	2	1681766	0.0000012
all	4057	3	1681766	0.0000018
all	4059	3	1681766	0.0000018
all	4062	1	1681766	0.0000006
all	4066	1	1681766	0.0000006
all	4067	1	1681766	0.0000006
all	4068	1	1681766	0.0000006
all	4070	1	1681766	0.0000006
all	4074	1	1681766	0.0000006
all	4077	1	1681766	0.0000006
all	4079	7	1681766	0.0000042
all	4082	1	1681766	0.0000006
all	4084	1	1681766	0.0000006
all	4088	2	1681766	0.0000012
all	4091	2	1681766	0.0000012
all	4093	1	1681766	0.0000006
all	4096	1	1681766	0.0000006
all	4102	2	1681766	0.0000012
all	4103	2	1681766	0.0000012
all	4105	1	1681766	0.0000006
all	4111	1	1681766	0.0000006
all	4112	1	1681766	0.0000006
all	4113	1	1681766	0.0000006
all	4115	3	1681766	0.0000018
all	4117	3	1681766	0.0000018
all	4118	1	1681766	0.0000006
all	4121	1	1681766	0.0000006
all	4123	1	1681766	0.0000006
all	4127	4	1681766	0.0000024
all	4130	2	1681766	0.0000012
all	4132	1	1681766	0.0000006
all	4133	1	1681766	0.0000006
all	4134	1	1681766	0.0000006
all	4136	3	1681766	0.0000018
all	4137	1	1681766	0.0000006
all	4138	1	1681766	0.0000006
all	4141	1	1681766	0.0000006
all	4145	2	1681766	0.0000012
all	4146	1	1681766	0.0000006
all	4148	1	1681766	0.0000006
all	4149	1	1681766	0.0000006
all	4155	1	1681766	0.0000006
all	4156	1	1681766	0.0000006
all	4158	1	1681766	0.0000006
all	4159	1	1681766	0.0000006
all	4167	2	1681766	0.0000012
all	4168	1	1681766	0.0000006
all	4171	1	1681766	0.0000006
all	4173	1	1681766	0.0000006
all	4174	1	1681766	0.0000006
all	4177	1	1681766	0.0000006
all	4178	1	1681766	0.0000006
all	4180	1	1681766	0.0000006
all	4183	2	1681766	0.0000012
all	4189	1	1681766	0.0000006
all	4190	1	1681766	0.0000006
all	4191	1	1681766	0.0000006
all	4197	2	1681766	0.0000012
all	4199	1	1681766	0.0000006
all	4201	3	1681766	0.0000018
all	4202	1	1681766	0.0000006
all	4203	2	1681766	0.0000012
all	4204	1	1681766	0.0000006
all	4206	1	1681766	0.0000006
all	4209	1	1681766	0.0000006
all	4210	1	1681766	0.0000006
all	4211	1	1681766	0.0000006
all	4213	1	1681766	0.0000006
all	4216	1	1681766	0.0000006
all	4219	1	1681766	0.0000006
all	4220	1	1681766	0.0000006
all	4225	1	1681766	0.0000006
all	4227	1	1681766	0.0000006
all	4228	1	1681766	0.0000006
all	4229	2	1681766	0.0000012
all	4230	1	1681766	0.0000006
all	4233	3	1681766	0.0000018
all	4236	3	1681766	0.0000018
all	4237	1	1681766	0.0000006
all	4238	1	1681766	0.0000006
all	4240	1	1681766	0.0000006
all	4241	1	1681766	0.0000006
all	4243	2	1681766	0.0000012
all	4244	1	1681766	0.0000006
all	4248	1	1681766	0.0000006
all	4249	3	1681766	0.0000018
all	4250	1	1681766	0.0000006
all	4252	2	1681766	0.0000012
all	4254	1	1681766	0.0000006
all	4256	1	1681766	0.0000006
all	4257	1	1681766	0.0000006
all	4261	1	1681766	0.0000006
all	4264	1	1681766	0.0000006
all	4265	1	1681766	0.0000006
all	4272	4	1681766	0.0000024
all	4275	1	1681766	0.0000006
all	4276	1	1681766	0.0000006
all	4277	1	1681766	0.0000006
all	4278	1	1681766	0.0000006
all	4281	2	1681766	0.0000012
all	4282	1	1681766	0.0000006
all	4284	1	1681766	0.0000006
all	4285	1	1681766	0.0000006
all	4289	4	1681766	0.0000024
all	4295	1	1681766	0.0000006
all	4296	1	1681766	0.0000006
all	4298	2	1681766	0.0000012
all	4299	1	1681766	0.0000006
all	4301	1	1681766	0.0000006
all	4302	1	1681766	0.0000006
all	4303	2	1681766	0.0000012
all	4307	1	1681766	0.0000006
all	4308	1	1681766	0.0000006
all	4310	3	1681766	0.0000018
all	4315	1	1681766	0.0000006
all	4318	2	1681766	0.0000012
all	4320	1	1681766	0.0000006
all	4322	2	1681766	0.0000012
all	4323	1	1681766	0.0000006
all	4325	2	1681766	0.0000012
all	4327	2	1681766	0.0000012
all	4328	1	1681766	0.0000006
all	4330	1	1681766	0.0000006
all	4331	1	1681766	0.0000006
all	4333	1	1681766	0.0000006
all	4335	2	1681766	0.0000012
all	4336	2	1681766	0.0000012
all	4338	1	1681766	0.0000006
all	4339	1	1681766	0.0000006
all	4340	1	1681766	0.0000006
all	4341	3	1681766	0.0000018
all	4342	2	1681766	0.0000012
all	4345	2	1681766	0.0000012
all	4348	1	1681766	0.0000006
all	4349	1	1681766	0.0000006
all	4350	1	1681766	0.0000006
all	4351	2	1681766	0.0000012
all	4352	3	1681766	0.0000018
all	4353	1	1681766	0.0000006
all	4355	1	1681766	0.0000006
all	4356	2	1681766	0.0000012
all	4358	5	1681766	0.0000030
all	4361	1	1681766	0.0000006
all	4363	1	1681766	0.0000006
all	4364	1	1681766	0.0000006
all	4365	5	1681766	0.0000030
all	4366	2	1681766	0.0000012
all	4367	1	1681766	0.0000006
all	4368	1	1681766	0.0000006
all	4369	1	1681766	0.0000006
all	4370	2	1681766	0.0000012
all	4371	4	1681766	0.0000024
all	4372	3	1681766	0.0000018
all	4373	1	1681766	0.0000006
all	4374	1	1681766	0.0000006
all	4376	2	1681766	0.0000012
all	4380	4	1681766	0.0000024
all	4382	1	1681766	0.0000006
all	4383	1	1681766	0.0000006
all	4384	1	1681766	0.0000006
all	4387	2	1681766	0.0000012
all	4389	2	1681766	0.0000012
all	4390	4	1681766	0.0000024
all	4391	3	1681766	0.0000018
all	4394	1	1681766	0.0000006
all	4397	2	1681766	0.0000012
all	4398	1	1681766	0.0000006
all	4400	2	1681766	0.0000012
all	4403	2	1681766	0.0000012
all	4410	2	1681766	0.0000012
all	4414	2	1681766	0.0000012
all	4415	2	1681766	0.0000012
all	4416	1	1681766	0.0000006
all	4419	1	1681766	0.0000006
all	4423	3	1681766	0.0000018
all	4427	1	1681766	0.0000006
all	4430	1	1681766	0.0000006
all	4432	1	1681766	0.0000006
all	4433	1	1681766	0.0000006
all	4434	1	1681766	0.0000006
all	4435	2	1681766	0.0000012
all	4438	1	1681766	0.0000006
all	4439	3	1681766	0.0000018
all	4441	2	1681766	0.0000012
all	4444	1	1681766	0.0000006
all	4446	4	1681766	0.0000024
all	4447	2	1681766	0.0000012
all	4449	4	1681766	0.0000024
all	4451	1	1681766	0.0000006
all	4457	2	1681766	0.0000012
all	4460	1	1681766	0.0000006
all	4461	3	1681766	0.0000018
all	4465	1	1681766	0.0000006
all	4467	1	1681766	0.0000006
all	4472	3	1681766	0.0000018
all	4473	1	1681766	0.0000006
all	4474	1	1681766	0.0000006
all	4477	1	1681766	0.0000006
all	4480	1	1681766	0.0000006
all	4481	1	1681766	0.0000006
all	4482	1	1681766	0.0000006
all	4483	2	1681766	0.0000012
all	4484	2	1681766	0.0000012
all	4488	1	1681766	0.0000006
all	4490	1	1681766	0.0000006
all	4491	1	1681766	0.0000006
all	4498	2	1681766	0.0000012
all	4499	2	1681766	0.0000012
all	4500	1	1681766	0.0000006
all	4501	2	1681766	0.0000012
all	4503	2	1681766	0.0000012
all	4504	1	1681766	0.0000006
all	4505	1	1681766	0.0000006
all	4510	1	1681766	0.0000006
all	4516	1	1681766	0.0000006
all	4519	3	1681766	0.0000018
all	4525	3	1681766	0.0000018
all	4526	1	1681766	0.0000006
all	4529	1	1681766	0.0000006
all	4531	1	1681766	0.0000006
all	4532	2	1681766	0.0000012
all	4533	1	1681766	0.0000006
all	4537	1	1681766	0.0000006
all	4538	2	1681766	0.0000012
all	4541	2	1681766	0.0000012
all	4542	1	1681766	0.0000006
all	4543	1	1681766	0.0000006
all	4544	1	1681766	0.0000006
all	4546	2	1681766	0.0000012
all	4548	2	1681766	0.0000012
all	4551	2	1681766	0.0000012
all	4554	2	1681766	0.0000012
all	4555	5	1681766	0.0000030
all	4557	2	1681766	0.0000012
all	4558	2	1681766	0.0000012
all	4559	2	1681766	0.0000012
all	4560	1	1681766	0.0000006
all	4562	1	1681766	0.0000006
all	4563	2	1681766	0.0000012
all	4564	5	1681766	0.0000030
all	4567	1	1681766	0.0000006
all	4568	1	1681766	0.0000006
all	4570	1	1681766	0.0000006
all	4573	1	1681766	0.0000006
all	4574	2	1681766	0.0000012
all	4575	2	1681766	0.0000012
all	4576	2	1681766	0.0000012
all	4578	2	1681766	0.0000012
all	4579	2	1681766	0.0000012
all	4582	2	1681766	0.0000012
all	4584	1	1681766	0.0000006
all	4596	1	1681766	0.0000006
all	4598	2	1681766	0.0000012
all	4599	1	1681766	0.0000006
all	4601	2	1681766	0.0000012
all	4606	2	1681766	0.0000012
all	4610	1	1681766	0.0000006
all	4611	2	1681766	0.0000012
all	4612	1	1681766	0.0000006
all	4614	3	1681766	0.0000018
all	4615	3	1681766	0.0000018
all	4616	1	1681766	0.0000006
all	4618	3	1681766	0.0000018
all	4627	2	1681766	0.0000012
all	4628	2	1681766	0.0000012
all	4629	2	1681766	0.0000012
all	4632	2	1681766	0.0000012
all	4635	2	1681766	0.0000012
all	4637	1	1681766	0.0000006
all	4638	2	1681766	0.0000012
all	4639	1	1681766	0.0000006
all	4644	1	1681766	0.0000006
all	4651	2	1681766	0.0000012
all	4655	2	1681766	0.0000012
all	4659	2	1681766	0.0000012
all	4667	2	1681766	0.0000012
all	4670	1	1681766	0.0000006
all	4671	2	1681766	0.0000012
all	4683	2	1681766	0.0000012
all	4687	4	1681766	0.0000024
all	4689	2	1681766	0.0000012
all	4690	3	1681766	0.0000018
all	4692	1	1681766	0.0000006
all	4699	2	1681766	0.0000012
all	4702	2	1681766	0.0000012
all	4706	2	1681766	0.0000012
all	4710	2	1681766	0.0000012
all	4711	1	1681766	0.0000006
all	4714	1	1681766	0.0000006
all	4715	1	1681766	0.0000006
all	4718	2	1681766	0.0000012
all	4719	1	1681766	0.0000006
all	4742	1	1681766	0.0000006
all	4748	1	1681766	0.0000006
all	4749	2	1681766	0.0000012
all	4758	2	1681766	0.0000012
all	4759	2	1681766	0.0000012
all	4766	2	1681766	0.0000012
all	4770	2	1681766	0.0000012
all	4772	2	1681766	0.0000012
all	4773	3	1681766	0.0000018
all	4774	2	1681766	0.0000012
all	4775	1	1681766	0.0000006
all	4781	2	1681766	0.0000012
all	4791	2	1681766	0.0000012
all	4794	1	1681766	0.0000006
all	4802	1	1681766	0.0000006
all	4804	2	1681766	0.0000012
all	4811	3	1681766	0.0000018
all	4822	1	1681766	0.0000006
all	4834	1	1681766	0.0000006
all	4843	2	1681766	0.0000012
all	4856	1	1681766	0.0000006
all	4858	1	1681766	0.0000006
all	4873	2	1681766	0.0000012
all	4882	1	1681766	0.0000006
all	4883	2	1681766	0.0000012
all	4887	1	1681766	0.0000006
all	4913	3	1681766	0.0000018
all	4927	1	1681766	0.0000006
all	4932	2	1681766	0.0000012
all	4941	1	1681766	0.0000006
all	4960	1	1681766	0.0000006
all	4980	2	1681766	0.0000012
all	4983	1	1681766	0.0000006
all	4984	2	1681766	0.0000012
all	4996	1	1681766	0.0000006
all	4998	1	1681766	0.0000006
all	5008	2	1681766	0.0000012
all	5017	2	1681766	0.0000012
all	5033	2	1681766	0.0000012
all	5036	2	1681766	0.0000012
all	5069	1	1681766	0.0000006
all	5074	2	1681766	0.0000012
all	5080	1	1681766	0.0000006
all	5090	3	1681766	0.0000018
all	5098	1	1681766	0.0000006
all	5099	2	1681766	0.0000012
all	5101	1	1681766	0.0000006
all	5123	1	1681766	0.0000006
all	5124	1	1681766	0.0000006
all	5125	1	1681766	0.0000006
all	5129	2	1681766	0.0000012
all	5140	1	1681766	0.0000006
all	5143	1	1681766	0.0000006
all	5145	2	1681766	0.0000012
all	5149	1	1681766	0.0000006
all	5158	2	1681766	0.0000012
all	5160	1	1681766	0.0000006
all	5164	1	1681766	0.0000006
all	5176	1	1681766	0.0000006
all	5181	2	1681766	0.0000012
all	5183	2	1681766	0.0000012
all	5185	2	1681766	0.0000012
all	5198	1	1681766	0.0000006
all	5201	2	1681766	0.0000012
all	5217	5	1681766	0.0000030
all	5224	1	1681766	0.0000006
all	5225	2	1681766	0.0000012
all	5233	2	1681766	0.0000012
all	5237	3	1681766	0.0000018
all	5245	3	1681766	0.0000018
all	5248	2	1681766	0.0000012
all	5249	2	1681766	0.0000012
all	5255	3	1681766	0.0000018
all	5264	3	1681766	0.0000018
all	5278	4	1681766	0.0000024
all	5287	1	1681766	0.0000006
all	5292	2	1681766	0.0000012
all	5299	2	1681766	0.0000012
all	5303	3	1681766	0.0000018
all	5305	2	1681766	0.0000012
all	5317	3	1681766	0.0000018
all	5324	2	1681766	0.0000012
all	5325	3	1681766	0.0000018
all	5334	2	1681766	0.0000012
all	5339	2	1681766	0.0000012
all	5355	2	1681766	0.0000012
all	5358	2	1681766	0.0000012
all	5360	5	1681766	0.0000030
all	5375	2	1681766	0.0000012
all	5392	1	1681766	0.0000006
all	5395	2	1681766	0.0000012
all	5396	1	1681766	0.0000006
all	5413	2	1681766	0.0000012
all	5425	2	1681766	0.0000012
all	5447	1	1681766	0.0000006
all	5453	1	1681766	0.0000006
all	5459	2	1681766	0.0000012
all	5460	3	1681766	0.0000018
all	5471	2	1681766	0.0000012
all	5474	2	1681766	0.0000012
all	5475	2	1681766	0.0000012
all	5481	1	1681766	0.0000006
all	5483	2	1681766	0.0000012
all	5502	2	1681766	0.0000012
all	5511	2	1681766	0.0000012
all	5513	1	1681766	0.0000006
all	5520	1	1681766	0.0000006
all	5524	2	1681766	0.0000012
all	5525	2	1681766	0.0000012
all	5526	4	1681766	0.0000024
all	5528	1	1681766	0.0000006
all	5532	2	1681766	0.0000012
all	5535	2	1681766	0.0000012
all	5537	2	1681766	0.0000012
all	5539	1	1681766	0.0000006
all	5548	1	1681766	0.0000006
all	5554	3	1681766	0.0000018
all	5555	2	1681766	0.0000012
all	5559	2	1681766	0.0000012
all	5560	2	1681766	0.0000012
all	5561	1	1681766	0.0000006
all	5562	1	1681766	0.0000006
all	5569	4	1681766	0.0000024
all	5572	4	1681766	0.0000024
all	5579	1	1681766	0.0000006
all	5584	2	1681766	0.0000012
all	5587	1	1681766	0.0000006
all	5591	2	1681766	0.0000012
all	5596	1	1681766	0.0000006
all	5611	4	1681766	0.0000024
all	5612	5	1681766	0.0000030
all	5617	4	1681766	0.0000024
all	5620	1	1681766	0.0000006
all	5622	1	1681766	0.0000006
all	5634	1	1681766	0.0000006
all	5636	2	1681766	0.0000012
all	5640	5	1681766	0.0000030
all	5641	1	1681766	0.0000006
all	5644	1	1681766	0.0000006
all	5651	1	1681766	0.0000006
all	5653	2	1681766	0.0000012
all	5655	1	1681766	0.0000006
all	5660	2	1681766	0.0000012
all	5662	2	1681766	0.0000012
all	5666	1	1681766	0.0000006
all	5667	1	1681766	0.0000006
all	5672	1	1681766	0.0000006
all	5675	4	1681766	0.0000024
all	5677	3	1681766	0.0000018
all	5680	1	1681766	0.0000006
all	5681	2	1681766	0.0000012
all	5683	6	1681766	0.0000036
all	5684	1	1681766	0.0000006
all	5688	1	1681766	0.0000006
all	5691	2	1681766	0.0000012
all	5702	1	1681766	0.0000006
all	5714	1	1681766	0.0000006
all	5719	5	1681766	0.0000030
all	5721	1	1681766	0.0000006
all	5722	1	1681766	0.0000006
all	5723	5	1681766	0.0000030
all	5727	5	1681766	0.0000030
all	5730	2	1681766	0.0000012
all	5732	5	1681766	0.0000030
all	5738	5	1681766	0.0000030
all	5741	1	1681766	0.0000006
all	5746	5	1681766	0.0000030
all	5748	6	1681766	0.0000036
all	5749	2	1681766	0.0000012
all	5753	6	1681766	0.0000036
all	5756	5	1681766	0.0000030
all	5761	3	1681766	0.0000018
all	5762	1	1681766	0.0000006
all	5767	2	1681766	0.0000012
all	5771	5	1681766	0.0000030
all	5773	1	1681766	0.0000006
all	5774	6	1681766	0.0000036
all	5778	1	1681766	0.0000006
all	5780	5	1681766	0.0000030
all	5782	6	1681766	0.0000036
all	5783	1	1681766	0.0000006
all	5785	1	1681766	0.0000006
all	5786	6	1681766	0.0000036
all	5787	6	1681766	0.0000036
all	5788	1	1681766	0.0000006
all	5791	1	1681766	0.0000006
all	5794	1	1681766	0.0000006
all	5795	4	1681766	0.0000024
all	5796	6	1681766	0.0000036
all	5799	9	1681766	0.0000054
all	5806	2	1681766	0.0000012
all	5807	1	1681766	0.0000006
all	5808	1	1681766	0.0000006
all	5809	1	1681766	0.0000006
all	5812	2	1681766	0.0000012
all	5814	2	1681766	0.0000012
all	5815	1	1681766	0.0000006
all	5817	1	1681766	0.0000006
all	5821	3	1681766	0.0000018
all	5822	6	1681766	0.0000036
all	5823	1	1681766	0.0000006
all	5825	5	1681766	0.0000030
all	5827	1	1681766	0.0000006
all	5828	5	1681766	0.0000030
all	5829	1	1681766	0.0000006
all	5830	1	1681766	0.0000006
all	5835	5	1681766	0.0000030
all	5836	6	1681766	0.0000036
all	5838	2	1681766	0.0000012
all	5841	7	1681766	0.0000042
all	5845	1	1681766	0.0000006
all	5847	1	1681766	0.0000006
all	5849	6	1681766	0.0000036
all	5851	11	1681766	0.0000065
all	5853	5	1681766	0.0000030
all	5854	5	1681766	0.0000030
all	5856	5	1681766	0.0000030
all	5858	1	1681766	0.0000006
all	5859	1	1681766	0.0000006
all	5860	1	1681766	0.0000006
all	5862	7	1681766	0.0000042
all	5863	5	1681766	0.0000030
all	5867	1	1681766	0.0000006
all	5868	10	1681766	0.0000059
all	5872	1	1681766	0.0000006
all	5876	1	1681766	0.0000006
all	5880	6	1681766	0.0000036
all	5882	1	1681766	0.0000006
all	5883	5	1681766	0.0000030
all	5884	2	1681766	0.0000012
all	5886	1	1681766	0.0000006
all	5889	1	1681766	0.0000006
all	5890	6	1681766	0.0000036
all	5892	1	1681766	0.0000006
all	5893	5	1681766	0.0000030
all	5895	1	1681766	0.0000006
all	5896	10	1681766	0.0000059
all	5901	1	1681766	0.0000006
all	5906	6	1681766	0.0000036
all	5908	6	1681766	0.0000036
all	5911	1	1681766	0.0000006
all	5915	5	1681766	0.0000030
all	5916	5	1681766	0.0000030
all	5923	6	1681766	0.0000036
all	5927	6	1681766	0.0000036
all	5928	1	1681766	0.0000006
all	5929	2	1681766	0.0000012
all	5930	1	1681766	0.0000006
all	5931	5	1681766	0.0000030
all	5932	12	1681766	0.0000071
all	5933	1	1681766	0.0000006
all	5934	17	1681766	0.0000101
all	5938	1	1681766	0.0000006
all	5939	6	1681766	0.0000036
all	5943	1	1681766	0.0000006
all	5944	5	1681766	0.0000030
all	5945	6	1681766	0.0000036
all	5946	5	1681766	0.0000030
all	5948	1	1681766	0.0000006
all	5958	2	1681766	0.0000012
all	5960	5	1681766	0.0000030
all	5961	1	1681766	0.0000006
all	5962	1	1681766	0.0000006
all	5964	6	1681766	0.0000036
all	5965	2	1681766	0.0000012
all	5968	3	1681766	0.0000018
all	5969	1	1681766	0.0000006
all	5971	6	1681766	0.0000036
all	5972	1	1681766	0.0000006
all	5973	1	1681766	0.0000006
all	5975	1	1681766	0.0000006
all	5977	2	1681766	0.0000012
all	5978	1	1681766	0.0000006
all	5980	1	1681766	0.0000006
all	5981	7	1681766	0.0000042
all	5982	1	1681766	0.0000006
all	5990	1	1681766	0.0000006
all	5995	2	1681766	0.0000012
all	5996	1	1681766	0.0000006
all	5999	1	1681766	0.0000006
all	6003	4	1681766	0.0000024
all	6007	1	1681766	0.0000006
all	6016	6	1681766	0.0000036
all	6025	2	1681766	0.0000012
all	6026	1	1681766	0.0000006
all	6028	1	1681766	0.0000006
all	6036	1	1681766	0.0000006
all	6038	1	1681766	0.0000006
all	6039	1	1681766	0.0000006
all	6048	1	1681766	0.0000006
all	6053	1	1681766	0.0000006
all	6064	1	1681766	0.0000006
all	6067	1	1681766	0.0000006
all	6070	1	1681766	0.0000006
all	6072	2	1681766	0.0000012
all	6073	1	1681766	0.0000006
all	6080	1	1681766	0.0000006
all	6085	1	1681766	0.0000006
all	6089	1	1681766	0.0000006
all	6090	2	1681766	0.0000012
all	6093	1	1681766	0.0000006
all	6094	1	1681766	0.0000006
all	6095	2	1681766	0.0000012
all	6099	2	1681766	0.0000012
all	6101	2	1681766	0.0000012
all	6103	2	1681766	0.0000012
all	6108	1	1681766	0.0000006
all	6109	1	1681766	0.0000006
all	6112	2	1681766	0.0000012
all	6114	1	1681766	0.0000006
all	6116	1	1681766	0.0000006
all	6121	1	1681766	0.0000006
all	6123	4	1681766	0.0000024
all	6124	3	1681766	0.0000018
all	6130	3	1681766	0.0000018
all	6132	1	1681766	0.0000006
all	6133	1	1681766	0.0000006
all	6134	1	1681766	0.0000006
all	6138	1	1681766	0.0000006
all	6139	1	1681766	0.0000006
all	6144	3	1681766	0.0000018
all	6145	2	1681766	0.0000012
all	6150	1	1681766	0.0000006
all	6151	1	1681766	0.0000006
all	6158	2	1681766	0.0000012
all	6164	1	1681766	0.0000006
all	6167	1	1681766	0.0000006
all	6170	2	1681766	0.0000012
all	6173	2	1681766	0.0000012
all	6174	1	1681766	0.0000006
all	6178	1	1681766	0.0000006
all	6182	3	1681766	0.0000018
all	6184	1	1681766	0.0000006
all	6186	1	1681766	0.0000006
all	6193	2	1681766	0.0000012
all	6194	2	1681766	0.0000012
all	6195	1	1681766	0.0000006
all	6198	3	1681766	0.0000018
all	6202	2	1681766	0.0000012
all	6204	1	1681766	0.0000006
all	6205	2	1681766	0.0000012
all	6207	6	1681766	0.0000036
all	6211	1	1681766	0.0000006
all	6212	2	1681766	0.0000012
all	6213	2	1681766	0.0000012
all	6219	1	1681766	0.0000006
all	6220	2	1681766	0.0000012
all	6221	1	1681766	0.0000006
all	6227	2	1681766	0.0000012
all	6228	1	1681766	0.0000006
all	6229	2	1681766	0.0000012
all	6230	1	1681766	0.0000006
all	6234	1	1681766	0.0000006
all	6239	1	1681766	0.0000006
all	6243	1	1681766	0.0000006
all	6246	2	1681766	0.0000012
all	6249	2	1681766	0.0000012
all	6250	1	1681766	0.0000006
all	6254	1	1681766	0.0000006
all	6256	3	1681766	0.0000018
all	6263	1	1681766	0.0000006
all	6266	3	1681766	0.0000018
all	6267	1	1681766	0.0000006
all	6271	1	1681766	0.0000006
all	6273	1	1681766	0.0000006
all	6280	1	1681766	0.0000006
all	6284	2	1681766	0.0000012
all	6285	1	1681766	0.0000006
all	6286	2	1681766	0.0000012
all	6288	1	1681766	0.0000006
all	6289	4	1681766	0.0000024
all	6290	1	1681766	0.0000006
all	6291	2	1681766	0.0000012
all	6292	1	1681766	0.0000006
all	6294	1	1681766	0.0000006
all	6296	1	1681766	0.0000006
all	6298	1	1681766	0.0000006
all	6300	1	1681766	0.0000006
all	6308	1	1681766	0.0000006
all	6309	1	1681766	0.0000006
all	6310	1	1681766	0.0000006
all	6314	3	1681766	0.0000018
all	6321	1	1681766	0.0000006
all	6322	1	1681766	0.0000006
all	6323	1	1681766	0.0000006
all	6326	1	1681766	0.0000006
all	6327	1	1681766	0.0000006
all	6328	1	1681766	0.0000006
all	6329	1	1681766	0.0000006
all	6331	2	1681766	0.0000012
all	6336	2	1681766	0.0000012
all	6343	1	1681766	0.0000006
all	6344	2	1681766	0.0000012
all	6345	2	1681766	0.0000012
all	6352	1	1681766	0.0000006
all	6357	1	1681766	0.0000006
all	6358	2	1681766	0.0000012
all	6359	1	1681766	0.0000006
all	6361	1	1681766	0.0000006
all	6362	1	1681766	0.0000006
all	6365	2	1681766	0.0000012
all	6370	2	1681766	0.0000012
all	6373	2	1681766	0.0000012
all	6375	2	1681766	0.0000012
all	6377	2	1681766	0.0000012
all	6379	1	1681766	0.0000006
all	6382	2	1681766	0.0000012
all	6384	1	1681766	0.0000006
all	6385	1	1681766	0.0000006
all	6386	4	1681766	0.0000024
all	6393	1	1681766	0.0000006
all	6394	2	1681766	0.0000012
all	6397	2	1681766	0.0000012
all	6401	1	1681766	0.0000006
all	6402	3	1681766	0.0000018
all	6405	1	1681766	0.0000006
all	6416	2	1681766	0.0000012
all	6418	2	1681766	0.0000012
all	6419	1	1681766	0.0000006
all	6422	1	1681766	0.0000006
all	6423	2	1681766	0.0000012
all	6425	1	1681766	0.0000006
all	6431	2	1681766	0.0000012
all	6432	1	1681766	0.0000006
all	6438	1	1681766	0.0000006
all	6441	1	1681766	0.0000006
all	6442	1	1681766	0.0000006
all	6448	1	1681766	0.0000006
all	6456	1	1681766	0.0000006
all	6460	1	1681766	0.0000006
all	6462	1	1681766	0.0000006
all	6468	1	1681766	0.0000006
all	6469	1	1681766	0.0000006
all	6480	2	1681766	0.0000012
all	6488	2	1681766	0.0000012
all	6497	1	1681766	0.0000006
all	6499	1	1681766	0.0000006
all	6500	1	1681766	0.0000006
all	6503	1	1681766	0.0000006
all	6511	1	1681766	0.0000006
all	6517	1	1681766	0.0000006
all	6520	1	1681766	0.0000006
all	6521	1	1681766	0.0000006
all	6529	1	1681766	0.0000006
all	6531	1	1681766	0.0000006
all	6537	1	1681766	0.0000006
all	6551	1	1681766	0.0000006
all	6560	1	1681766	0.0000006
all	6572	1	1681766	0.0000006
all	6590	1	1681766	0.0000006
all	6601	1	1681766	0.0000006
all	6604	1	1681766	0.0000006
all	6609	1	1681766	0.0000006
all	6613	1	1681766	0.0000006
all	6625	3	1681766	0.0000018
all	6628	1	1681766	0.0000006
all	6633	1	1681766	0.0000006
all	6643	1	1681766	0.0000006
all	6645	1	1681766	0.0000006
all	6646	1	1681766	0.0000006
all	6653	2	1681766	0.0000012
all	6654	1	1681766	0.0000006
all	6657	2	1681766	0.0000012
all	6658	1	1681766	0.0000006
all	6660	1	1681766	0.0000006
all	6669	1	1681766	0.0000006
all	6672	3	1681766	0.0000018
all	6673	3	1681766	0.0000018
all	6677	2	1681766	0.0000012
all	6678	1	1681766	0.0000006
all	6680	1	1681766	0.0000006
all	6681	1	1681766	0.0000006
all	6682	1	1681766	0.0000006
all	6683	1	1681766	0.0000006
all	6685	1	1681766	0.0000006
all	6687	1	1681766	0.0000006
all	6692	1	1681766	0.0000006
all	6693	1	1681766	0.0000006
all	6696	1	1681766	0.0000006
all	6701	1	1681766	0.0000006
all	6704	2	1681766	0.0000012
all	6707	2	1681766	0.0000012
all	6709	2	1681766	0.0000012
all	6712	1	1681766	0.0000006
all	6716	1	1681766	0.0000006
all	6719	2	1681766	0.0000012
all	6721	2	1681766	0.0000012
all	6722	2	1681766	0.0000012
all	6725	2	1681766	0.0000012
all	6727	2	1681766	0.0000012
all	6729	1	1681766	0.0000006
all	6731	4	1681766	0.0000024
all	6732	4	1681766	0.0000024
all	6742	1	1681766	0.0000006
all	6745	2	1681766	0.0000012
all	6746	3	1681766	0.0000018
all	6747	1	1681766	0.0000006
all	6748	1	1681766	0.0000006
all	6760	1	1681766	0.0000006
all	6761	1	1681766	0.0000006
all	6763	2	1681766	0.0000012
all	6765	1	1681766	0.0000006
all	6767	2	1681766	0.0000012
all	6768	1	1681766	0.0000006
all	6772	1	1681766	0.0000006
all	6776	2	1681766	0.0000012
all	6778	2	1681766	0.0000012
all	6781	2	1681766	0.0000012
all	6807	2	1681766	0.0000012
all	6811	2	1681766	0.0000012
all	6812	2	1681766	0.0000012
all	6813	2	1681766	0.0000012
all	6825	1	1681766	0.0000006
all	6845	2	1681766	0.0000012
all	6859	2	1681766	0.0000012
all	6861	2	1681766	0.0000012
all	6863	1	1681766	0.0000006
all	6871	1	1681766	0.0000006
all	6881	1	1681766	0.0000006
all	6882	1	1681766	0.0000006
all	6891	1	1681766	0.0000006
all	6892	1	1681766	0.0000006
all	6894	1	1681766	0.0000006
all	6896	1	1681766	0.0000006
all	6897	2	1681766	0.0000012
all	6898	1	1681766	0.0000006
all	6903	1	1681766	0.0000006
all	6904	2	1681766	0.0000012
all	6912	1	1681766	0.0000006
all	6924	1	1681766	0.0000006
all	6931	1	1681766	0.0000006
all	6940	1	1681766	0.0000006
all	6943	1	1681766	0.0000006
all	6945	1	1681766	0.0000006
all	6950	2	1681766	0.0000012
all	6960	1	1681766	0.0000006
all	6969	1	1681766	0.0000006
all	6973	1	1681766	0.0000006
all	6977	2	1681766	0.0000012
all	6978	2	1681766	0.0000012
all	6979	1	1681766	0.0000006
all	6980	1	1681766	0.0000006
all	6990	2	1681766	0.0000012
all	6991	1	1681766	0.0000006
all	6992	2	1681766	0.0000012
all	6997	1	1681766	0.0000006
all	6998	1	1681766	0.0000006
all	7003	1	1681766	0.0000006
all	7011	1	1681766	0.0000006
all	7018	2	1681766	0.0000012
all	7019	1	1681766	0.0000006
all	7020	1	1681766	0.0000006
all	7026	1	1681766	0.0000006
all	7028	2	1681766	0.0000012
all	7029	2	1681766	0.0000012
all	7030	1	1681766	0.0000006
all	7031	1	1681766	0.0000006
all	7033	2	1681766	0.0000012
all	7044	1	1681766	0.0000006
all	7061	1	1681766	0.0000006
all	7071	2	1681766	0.0000012
all	7090	1	1681766	0.0000006
all	7096	2	1681766	0.0000012
all	7104	2	1681766	0.0000012
all	7105	2	1681766	0.0000012
all	7113	2	1681766	0.0000012
all	7127	1	1681766	0.0000006
all	7158	1	1681766	0.0000006
all	7178	2	1681766	0.0000012
all	7205	1	1681766	0.0000006
all	7232	2	1681766	0.0000012
all	7233	1	1681766	0.0000006
all	7283	2	1681766	0.0000012
all	7295	1	1681766	0.0000006
all	7302	3	1681766	0.0000018
all	7324	3	1681766	0.0000018
all	7326	1	1681766	0.0000006
all	7357	3	1681766	0.0000018
all	7413	3	1681766	0.0000018
all	7434	1	1681766	0.0000006
all	7486	3	1681766	0.0000018
all	7546	3	1681766	0.0000018
all	7590	1	1681766	0.0000006
all	7673	1	1681766	0.0000006
all	7707	3	1681766	0.0000018
all	7762	1	1681766	0.0000006
all	7807	1	1681766	0.0000006
all	7820	2	1681766	0.0000012
all	7859	1	1681766	0.0000006
all	7922	1	1681766	0.0000006
all	7941	2	1681766	0.0000012
all	8028	2	1681766	0.0000012
all	8035	2	1681766	0.0000012
all	8123	2	1681766	0.0000012
all	8148	2	1681766	0.0000012
all	8185	2	1681766	0.0000012
all	8189	2	1681766	0.0000012
all	8190	2	1681766	0.0000012
all	8211	2	1681766	0.0000012
all	8215	2	1681766	0.0000012
all	8257	2	1681766	0.0000012
all	8276	2	1681766	0.0000012
all	8282	2	1681766	0.0000012
all	8292	2	1681766	0.0000012
all	8336	2	1681766	0.0000012
all	8348	2	1681766	0.0000012
all	8353	2	1681766	0.0000012
all	8374	2	1681766	0.0000012
all	8386	2	1681766	0.0000012
all	8423	2	1681766	0.0000012
all	8428	2	1681766	0.0000012
all	8441	2	1681766	0.0000012
all	8443	2	1681766	0.0000012
all	8472	2	1681766	0.0000012
all	8496	3	1681766	0.0000018
all	8576	2	1681766	0.0000012
all	8580	3	1681766	0.0000018
all	8760	2	1681766	0.0000012
all	8822	3	1681766	0.0000018
all	8968	2	1681766	0.0000012
all	9020	2	1681766	0.0000012
all	9025	3	1681766	0.0000018
all	9172	3	1681766	0.0000018
all	9203	3	1681766	0.0000018
all	9252	3	1681766	0.0000018
all	9286	3	1681766	0.0000018
all	9329	3	1681766	0.0000018
all	9345	2	1681766	0.0000012
all	9384	3	1681766	0.0000018
all	9452	2	1681766	0.0000012
all	9486	2	1681766	0.0000012
all	9496	3	1681766	0.0000018
all	9513	2	1681766	0.0000012
all	9552	2	1681766	0.0000012
all	9585	3	1681766	0.0000018
all	9650	3	1681766	0.0000018
all	9653	2	1681766	0.0000012
all	9716	3	1681766	0.0000018
all	9752	3	1681766	0.0000018
all	9760	2	1681766	0.0000012
all	9776	3	1681766	0.0000018
all	9826	3	1681766	0.0000018
all	9840	3	1681766	0.0000018
all	9870	5	1681766	0.0000030
all	9912	3	1681766	0.0000018
all	9960	3	1681766	0.0000018
all	10053	3	1681766	0.0000018
all	10067	2	1681766	0.0000012
all	10212	2	1681766	0.0000012
all	10234	2	1681766	0.0000012
all	10273	2	1681766	0.0000012
all	10298	2	1681766	0.0000012
all	10340	2	1681766	0.0000012
all	10455	2	1681766	0.0000012
all	10458	2	1681766	0.0000012
all	10520	2	1681766	0.0000012
all	10528	2	1681766	0.0000012
all	10532	2	1681766	0.0000012
all	10536	2	1681766	0.0000012
all	10560	2	1681766	0.0000012
all	10574	2	1681766	0.0000012
all	10582	1	1681766	0.0000006
all	10587	1	1681766	0.0000006
all	10606	1	1681766	0.0000006
all	10607	2	1681766	0.0000012
all	10610	1	1681766	0.0000006
all	10619	2	1681766	0.0000012
all	10624	1	1681766	0.0000006
all	10674	1	1681766	0.0000006
all	10704	2	1681766	0.0000012
all	10740	2	1681766	0.0000012
all	10751	1	1681766	0.0000006
all	10800	2	1681766	0.0000012
all	10812	1	1681766	0.0000006
all	10828	3	1681766	0.0000018
all	10908	3	1681766	0.0000018
all	10960	3	1681766	0.0000018
all	11012	1	1681766	0.0000006
all	11013	3	1681766	0.0000018
all	11021	3	1681766	0.0000018
all	11026	3	1681766	0.0000018
all	11029	1	1681766	0.0000006
all	11067	1	1681766	0.0000006
all	11073	2	1681766	0.0000012
all	11077	2	1681766	0.0000012
all	11080	2	1681766	0.0000012
all	11088	3	1681766	0.0000018
all	11095	1	1681766	0.0000006
all	11108	1	1681766	0.0000006
all	11116	1	1681766	0.0000006
all	11117	2	1681766	0.0000012
all	11140	1	1681766	0.0000006
all	11198	1	1681766	0.0000006
all	11282	1	1681766	0.0000006
all	11305	1	1681766	0.0000006
all	11312	2	1681766	0.0000012
all	11356	2	1681766	0.0000012
all	11369	2	1681766	0.0000012
all	11376	2	1681766	0.0000012
all	11377	2	1681766	0.0000012
all	11387	2	1681766	0.0000012
all	11397	2	1681766	0.0000012
all	11403	2	1681766	0.0000012
all	11412	1	1681766	0.0000006
all	11445	4	1681766	0.0000024
all	11467	2	1681766	0.0000012
all	11473	2	1681766	0.0000012
all	11479	2	1681766	0.0000012
all	11505	4	1681766	0.0000024
all	11508	2	1681766	0.0000012
all	11511	2	1681766	0.0000012
