all	0	204062	1681766	0.1213379
all	1	30618	1681766	0.0182059
all	2	46075	1681766	0.0273968
all	3	26471	1681766	0.0157400
all	4	30626	1681766	0.0182106
all	5	18255	1681766	0.0108547
all	6	21384	1681766	0.0127152
all	7	15582	1681766	0.0092653
all	8	15589	1681766	0.0092694
all	9	13763	1681766	0.0081837
all	10	12746	1681766	0.0075789
all	11	11346	1681766	0.0067465
all	12	11481	1681766	0.0068268
all	13	9748	1681766	0.0057963
all	14	8877	1681766	0.0052784
all	15	8541	1681766	0.0050786
all	16	8636	1681766	0.0051351
all	17	8801	1681766	0.0052332
all	18	8222	1681766	0.0048889
all	19	7199	1681766	0.0042806
all	20	7809	1681766	0.0046433
all	21	6842	1681766	0.0040683
all	22	7131	1681766	0.0042402
all	23	6995	1681766	0.0041593
all	24	6888	1681766	0.0040957
all	25	7034	1681766	0.0041825
all	26	7252	1681766	0.0043121
all	27	7624	1681766	0.0045333
all	28	6931	1681766	0.0041213
all	29	6953	1681766	0.0041343
all	30	6967	1681766	0.0041427
all	31	7191	1681766	0.0042759
all	32	8111	1681766	0.0048229
all	33	7153	1681766	0.0042533
all	34	6733	1681766	0.0040035
all	35	6838	1681766	0.0040660
all	36	6669	1681766	0.0039655
all	37	7308	1681766	0.0043454
all	38	7205	1681766	0.0042842
all	39	7119	1681766	0.0042331
all	40	6798	1681766	0.0040422
all	41	6768	1681766	0.0040243
all	42	6642	1681766	0.0039494
all	43	6984	1681766	0.0041528
all	44	6886	1681766	0.0040945
all	45	7265	1681766	0.0043199
all	46	7242	1681766	0.0043062
all	47	7354	1681766	0.0043728
all	48	7494	1681766	0.0044560
all	49	7131	1681766	0.0042402
all	50	7298	1681766	0.0043395
all	51	7591	1681766	0.0045137
all	52	7272	1681766	0.0043240
all	53	7414	1681766	0.0044085
all	54	7151	1681766	0.0042521
all	55	7179	1681766	0.0042687
all	56	7183	1681766	0.0042711
all	57	7315	1681766	0.0043496
all	58	7042	1681766	0.0041873
all	59	7359	1681766	0.0043758
all	60	7063	1681766	0.0041998
all	61	7678	1681766	0.0045654
all	62	7285	1681766	0.0043318
all	63	6999	1681766	0.0041617
all	64	7235	1681766	0.0043020
all	65	7570	1681766	0.0045012
all	66	7234	1681766	0.0043014
all	67	7203	1681766	0.0042830
all	68	7260	1681766	0.0043169
all	69	7034	1681766	0.0041825
all	70	7133	1681766	0.0042414
all	71	6964	1681766	0.0041409
all	72	7357	1681766	0.0043746
all	73	7364	1681766	0.0043787
all	74	7157	1681766	0.0042556
all	75	7258	1681766	0.0043157
all	76	7001	1681766	0.0041629
all	77	6651	1681766	0.0039548
all	78	6602	1681766	0.0039256
all	79	6813	1681766	0.0040511
all	80	7008	1681766	0.0041670
all	81	7129	1681766	0.0042390
all	82	7064	1681766	0.0042003
all	83	6939	1681766	0.0041260
all	84	6998	1681766	0.0041611
all	85	6910	1681766	0.0041088
all	86	6865	1681766	0.0040820
all	87	6803	1681766	0.0040452
all	88	6821	1681766	0.0040559
all	89	6779	1681766	0.0040309
all	90	6627	1681766	0.0039405
all	91	6638	1681766	0.0039470
all	92	6219	1681766	0.0036979
all	93	6523	1681766	0.0038787
all	94	6221	1681766	0.0036991
all	95	6086	1681766	0.0036188
all	96	6319	1681766	0.0037574
all	97	6241	1681766	0.0037110
all	98	6055	1681766	0.0036004
all	99	5690	1681766	0.0033833
all	100	5695	1681766	0.0033863
all	101	5960	1681766	0.0035439
all	102	6087	1681766	0.0036194
all	103	5991	1681766	0.0035623
all	104	5994	1681766	0.0035641
all	105	5848	1681766	0.0034773
all	106	5739	1681766	0.0034125
all	107	5417	1681766	0.0032210
all	108	5391	1681766	0.0032056
all	109	5550	1681766	0.0033001
all	110	5448	1681766	0.0032395
all	111	5613	1681766	0.0033376
all	112	5243	1681766	0.0031176
all	113	5246	1681766	0.0031193
all	114	5248	1681766	0.0031205
all	115	5297	1681766	0.0031497
all	116	4903	1681766	0.0029154
all	117	5123	1681766	0.0030462
all	118	5255	1681766	0.0031247
all	119	4945	1681766	0.0029404
all	120	5112	1681766	0.0030397
all	121	5001	1681766	0.0029737
all	122	5082	1681766	0.0030218
all	123	5010	1681766	0.0029790
all	124	5043	1681766	0.0029986
all	125	5055	1681766	0.0030058
all	126	4896	1681766	0.0029112
all	127	5037	1681766	0.0029951
all	128	4978	1681766	0.0029600
all	129	5056	1681766	0.0030064
all	130	5254	1681766	0.0031241
all	131	4920	1681766	0.0029255
all	132	4761	1681766	0.0028310
all	133	4613	1681766	0.0027429
all	134	4532	1681766	0.0026948
all	135	4551	1681766	0.0027061
all	136	4199	1681766	0.0024968
all	137	3976	1681766	0.0023642
all	138	4157	1681766	0.0024718
all	139	4571	1681766	0.0027180
all	140	4415	1681766	0.0026252
all	141	4399	1681766	0.0026157
all	142	4102	1681766	0.0024391
all	143	4421	1681766	0.0026288
all	144	4099	1681766	0.0024373
all	145	4327	1681766	0.0025729
all	146	4023	1681766	0.0023921
all	147	4005	1681766	0.0023814
all	148	3841	1681766	0.0022839
all	149	3859	1681766	0.0022946
all	150	3430	1681766	0.0020395
all	151	3636	1681766	0.0021620
all	152	3344	1681766	0.0019884
all	153	3490	1681766	0.0020752
all	154	3326	1681766	0.0019777
all	155	3580	1681766	0.0021287
all	156	3449	1681766	0.0020508
all	157	3372	1681766	0.0020050
all	158	3511	1681766	0.0020877
all	159	3422	1681766	0.0020348
all	160	3199	1681766	0.0019022
all	161	3424	1681766	0.0020360
all	162	3134	1681766	0.0018635
all	163	3135	1681766	0.0018641
all	164	3181	1681766	0.0018915
all	165	3062	1681766	0.0018207
all	166	3112	1681766	0.0018504
all	167	3033	1681766	0.0018035
all	168	2979	1681766	0.0017714
all	169	3076	1681766	0.0018290
all	170	2930	1681766	0.0017422
all	171	2945	1681766	0.0017511
all	172	2885	1681766	0.0017155
all	173	2762	1681766	0.0016423
all	174	2943	1681766	0.0017499
all	175	2956	1681766	0.0017577
all	176	2735	1681766	0.0016263
all	177	2640	1681766	0.0015698
all	178	2712	1681766	0.0016126
all	179	2803	1681766	0.0016667
all	180	2732	1681766	0.0016245
all	181	2834	1681766	0.0016851
all	182	2991	1681766	0.0017785
all	183	2806	1681766	0.0016685
all	184	2766	1681766	0.0016447
all	185	2760	1681766	0.0016411
all	186	2635	1681766	0.0015668
all	187	2695	1681766	0.0016025
all	188	2368	1681766	0.0014080
all	189	2418	1681766	0.0014378
all	190	2430	1681766	0.0014449
all	191	2370	1681766	0.0014092
all	192	2367	1681766	0.0014074
all	193	2245	1681766	0.0013349
all	194	2229	1681766	0.0013254
all	195	2328	1681766	0.0013843
all	196	2317	1681766	0.0013777
all	197	2202	1681766	0.0013093
all	198	2306	1681766	0.0013712
all	199	2092	1681766	0.0012439
all	200	2033	1681766	0.0012088
all	201	2251	1681766	0.0013385
all	202	2001	1681766	0.0011898
all	203	1933	1681766	0.0011494
all	204	1864	1681766	0.0011084
all	205	1958	1681766	0.0011643
all	206	1921	1681766	0.0011423
all	207	2016	1681766	0.0011987
all	208	1920	1681766	0.0011417
all	209	1952	1681766	0.0011607
all	210	1783	1681766	0.0010602
all	211	1876	1681766	0.0011155
all	212	1825	1681766	0.0010852
all	213	1671	1681766	0.0009936
all	214	1628	1681766	0.0009680
all	215	1696	1681766	0.0010085
all	216	1531	1681766	0.0009104
all	217	1665	1681766	0.0009900
all	218	1712	1681766	0.0010180
all	219	1656	1681766	0.0009847
all	220	1806	1681766	0.0010739
all	221	1796	1681766	0.0010679
all	222	1715	1681766	0.0010198
all	223	1784	1681766	0.0010608
all	224	1878	1681766	0.0011167
all	225	1767	1681766	0.0010507
all	226	1580	1681766	0.0009395
all	227	1565	1681766	0.0009306
all	228	1520	1681766	0.0009038
all	229	1661	1681766	0.0009877
all	230	1567	1681766	0.0009318
all	231	1496	1681766	0.0008895
all	232	1631	1681766	0.0009698
all	233	1479	1681766	0.0008794
all	234	1481	1681766	0.0008806
all	235	1435	1681766	0.0008533
all	236	1420	1681766	0.0008444
all	237	1390	1681766	0.0008265
all	238	1353	1681766	0.0008045
all	239	1476	1681766	0.0008776
all	240	1295	1681766	0.0007700
all	241	1411	1681766	0.0008390
all	242	1391	1681766	0.0008271
all	243	1401	1681766	0.0008331
all	244	1364	1681766	0.0008111
all	245	1231	1681766	0.0007320
all	246	1359	1681766	0.0008081
all	247	1235	1681766	0.0007343
all	248	1230	1681766	0.0007314
all	249	1255	1681766	0.0007462
all	250	1100	1681766	0.0006541
all	251	1076	1681766	0.0006398
all	252	1166	1681766	0.0006933
all	253	1199	1681766	0.0007129
all	254	1136	1681766	0.0006755
all	255	1219	1681766	0.0007248
all	256	1107	1681766	0.0006582
all	257	1081	1681766	0.0006428
all	258	977	1681766	0.0005809
all	259	1018	1681766	0.0006053
all	260	1058	1681766	0.0006291
all	261	1028	1681766	0.0006113
all	262	1001	1681766	0.0005952
all	263	949	1681766	0.0005643
all	264	901	1681766	0.0005357
all	265	902	1681766	0.0005363
all	266	938	1681766	0.0005577
all	267	841	1681766	0.0005001
all	268	908	1681766	0.0005399
all	269	956	1681766	0.0005685
all	270	841	1681766	0.0005001
all	271	931	1681766	0.0005536
all	272	837	1681766	0.0004977
all	273	843	1681766	0.0005013
all	274	850	1681766	0.0005054
all	275	894	1681766	0.0005316
all	276	889	1681766	0.0005286
all	277	913	1681766	0.0005429
all	278	953	1681766	0.0005667
all	279	909	1681766	0.0005405
all	280	855	1681766	0.0005084
all	281	865	1681766	0.0005143
all	282	879	1681766	0.0005227
all	283	802	1681766	0.0004769
all	284	782	1681766	0.0004650
all	285	806	1681766	0.0004793
all	286	898	1681766	0.0005340
all	287	797	1681766	0.0004739
all	288	844	1681766	0.0005019
all	289	819	1681766	0.0004870
all	290	724	1681766	0.0004305
all	291	736	1681766	0.0004376
all	292	747	1681766	0.0004442
all	293	702	1681766	0.0004174
all	294	742	1681766	0.0004412
all	295	731	1681766	0.0004347
all	296	773	1681766	0.0004596
all	297	817	1681766	0.0004858
all	298	752	1681766	0.0004471
all	299	717	1681766	0.0004263
all	300	676	1681766	0.0004020
all	301	752	1681766	0.0004471
all	302	633	1681766	0.0003764
all	303	686	1681766	0.0004079
all	304	663	1681766	0.0003942
all	305	703	1681766	0.0004180
all	306	615	1681766	0.0003657
all	307	642	1681766	0.0003817
all	308	661	1681766	0.0003930
all	309	594	1681766	0.0003532
all	310	644	1681766	0.0003829
all	311	533	1681766	0.0003169
all	312	553	1681766	0.0003288
all	313	570	1681766	0.0003389
all	314	617	1681766	0.0003669
all	315	587	1681766	0.0003490
all	316	605	1681766	0.0003597
all	317	575	1681766	0.0003419
all	318	638	1681766	0.0003794
all	319	561	1681766	0.0003336
all	320	499	1681766	0.0002967
all	321	492	1681766	0.0002925
all	322	610	1681766	0.0003627
all	323	525	1681766	0.0003122
all	324	468	1681766	0.0002783
all	325	462	1681766	0.0002747
all	326	546	1681766	0.0003247
all	327	466	1681766	0.0002771
all	328	491	1681766	0.0002920
all	329	492	1681766	0.0002925
all	330	462	1681766	0.0002747
all	331	507	1681766	0.0003015
all	332	460	1681766	0.0002735
all	333	490	1681766	0.0002914
all	334	394	1681766	0.0002343
all	335	502	1681766	0.0002985
all	336	439	1681766	0.0002610
all	337	445	1681766	0.0002646
all	338	446	1681766	0.0002652
all	339	443	1681766	0.0002634
all	340	456	1681766	0.0002711
all	341	405	1681766	0.0002408
all	342	428	1681766	0.0002545
all	343	414	1681766	0.0002462
all	344	339	1681766	0.0002016
all	345	454	1681766	0.0002700
all	346	447	1681766	0.0002658
all	347	460	1681766	0.0002735
all	348	406	1681766	0.0002414
all	349	484	1681766	0.0002878
all	350	379	1681766	0.0002254
all	351	379	1681766	0.0002254
all	352	445	1681766	0.0002646
all	353	440	1681766	0.0002616
all	354	383	1681766	0.0002277
all	355	366	1681766	0.0002176
all	356	405	1681766	0.0002408
all	357	342	1681766	0.0002034
all	358	336	1681766	0.0001998
all	359	376	1681766	0.0002236
all	360	405	1681766	0.0002408
all	361	327	1681766	0.0001944
all	362	307	1681766	0.0001825
all	363	360	1681766	0.0002141
all	364	319	1681766	0.0001897
all	365	332	1681766	0.0001974
all	366	313	1681766	0.0001861
all	367	339	1681766	0.0002016
all	368	339	1681766	0.0002016
all	369	305	1681766	0.0001814
all	370	298	1681766	0.0001772
all	371	346	1681766	0.0002057
all	372	338	1681766	0.0002010
all	373	373	1681766	0.0002218
all	374	311	1681766	0.0001849
all	375	348	1681766	0.0002069
all	376	341	1681766	0.0002028
all	377	364	1681766	0.0002164
all	378	356	1681766	0.0002117
all	379	362	1681766	0.0002152
all	380	313	1681766	0.0001861
all	381	295	1681766	0.0001754
all	382	274	1681766	0.0001629
all	383	308	1681766	0.0001831
all	384	325	1681766	0.0001932
all	385	309	1681766	0.0001837
all	386	265	1681766	0.0001576
all	387	286	1681766	0.0001701
all	388	256	1681766	0.0001522
all	389	325	1681766	0.0001932
all	390	273	1681766	0.0001623
all	391	248	1681766	0.0001475
all	392	256	1681766	0.0001522
all	393	237	1681766	0.0001409
all	394	286	1681766	0.0001701
all	395	270	1681766	0.0001605
all	396	335	1681766	0.0001992
all	397	252	1681766	0.0001498
all	398	245	1681766	0.0001457
all	399	304	1681766	0.0001808
all	400	308	1681766	0.0001831
all	401	262	1681766	0.0001558
all	402	277	1681766	0.0001647
all	403	245	1681766	0.0001457
all	404	269	1681766	0.0001600
all	405	292	1681766	0.0001736
all	406	242	1681766	0.0001439
all	407	235	1681766	0.0001397
all	408	242	1681766	0.0001439
all	409	202	1681766	0.0001201
all	410	180	1681766	0.0001070
all	411	226	1681766	0.0001344
all	412	188	1681766	0.0001118
all	413	176	1681766	0.0001047
all	414	197	1681766	0.0001171
all	415	290	1681766	0.0001724
all	416	227	1681766	0.0001350
all	417	208	1681766	0.0001237
all	418	205	1681766	0.0001219
all	419	193	1681766	0.0001148
all	420	201	1681766	0.0001195
all	421	234	1681766	0.0001391
all	422	174	1681766	0.0001035
all	423	190	1681766	0.0001130
all	424	173	1681766	0.0001029
all	425	164	1681766	0.0000975
all	426	157	1681766	0.0000934
all	427	214	1681766	0.0001272
all	428	141	1681766	0.0000838
all	429	172	1681766	0.0001023
all	430	169	1681766	0.0001005
all	431	183	1681766	0.0001088
all	432	171	1681766	0.0001017
all	433	225	1681766	0.0001338
all	434	230	1681766	0.0001368
all	435	168	1681766	0.0000999
all	436	169	1681766	0.0001005
all	437	201	1681766	0.0001195
all	438	204	1681766	0.0001213
all	439	178	1681766	0.0001058
all	440	147	1681766	0.0000874
all	441	124	1681766	0.0000737
all	442	162	1681766	0.0000963
all	443	159	1681766	0.0000945
all	444	121	1681766	0.0000719
all	445	105	1681766	0.0000624
all	446	156	1681766	0.0000928
all	447	119	1681766	0.0000708
all	448	124	1681766	0.0000737
all	449	142	1681766	0.0000844
all	450	120	1681766	0.0000714
all	451	136	1681766	0.0000809
all	452	121	1681766	0.0000719
all	453	126	1681766	0.0000749
all	454	98	1681766	0.0000583
all	455	160	1681766	0.0000951
all	456	152	1681766	0.0000904
all	457	155	1681766	0.0000922
all	458	139	1681766	0.0000827
all	459	139	1681766	0.0000827
all	460	124	1681766	0.0000737
all	461	164	1681766	0.0000975
all	462	121	1681766	0.0000719
all	463	103	1681766	0.0000612
all	464	154	1681766	0.0000916
all	465	174	1681766	0.0001035
all	466	140	1681766	0.0000832
all	467	171	1681766	0.0001017
all	468	142	1681766	0.0000844
all	469	125	1681766	0.0000743
all	470	125	1681766	0.0000743
all	471	116	1681766	0.0000690
all	472	144	1681766	0.0000856
all	473	140	1681766	0.0000832
all	474	133	1681766	0.0000791
all	475	139	1681766	0.0000827
all	476	125	1681766	0.0000743
all	477	107	1681766	0.0000636
all	478	122	1681766	0.0000725
all	479	123	1681766	0.0000731
all	480	126	1681766	0.0000749
all	481	112	1681766	0.0000666
all	482	125	1681766	0.0000743
all	483	89	1681766	0.0000529
all	484	106	1681766	0.0000630
all	485	117	1681766	0.0000696
all	486	124	1681766	0.0000737
all	487	108	1681766	0.0000642
all	488	106	1681766	0.0000630
all	489	114	1681766	0.0000678
all	490	99	1681766	0.0000589
all	491	139	1681766	0.0000827
all	492	111	1681766	0.0000660
all	493	93	1681766	0.0000553
all	494	66	1681766	0.0000392
all	495	106	1681766	0.0000630
all	496	76	1681766	0.0000452
all	497	85	1681766	0.0000505
all	498	92	1681766	0.0000547
all	499	88	1681766	0.0000523
all	500	101	1681766	0.0000601
all	501	143	1681766	0.0000850
all	502	91	1681766	0.0000541
all	503	99	1681766	0.0000589
all	504	88	1681766	0.0000523
all	505	82	1681766	0.0000488
all	506	97	1681766	0.0000577
all	507	69	1681766	0.0000410
all	508	108	1681766	0.0000642
all	509	105	1681766	0.0000624
all	510	84	1681766	0.0000499
all	511	78	1681766	0.0000464
all	512	99	1681766	0.0000589
all	513	78	1681766	0.0000464
all	514	111	1681766	0.0000660
all	515	88	1681766	0.0000523
all	516	144	1681766	0.0000856
all	517	77	1681766	0.0000458
all	518	71	1681766	0.0000422
all	519	93	1681766	0.0000553
all	520	69	1681766	0.0000410
all	521	71	1681766	0.0000422
all	522	70	1681766	0.0000416
all	523	70	1681766	0.0000416
all	524	84	1681766	0.0000499
all	525	91	1681766	0.0000541
all	526	99	1681766	0.0000589
all	527	62	1681766	0.0000369
all	528	91	1681766	0.0000541
all	529	85	1681766	0.0000505
all	530	66	1681766	0.0000392
all	531	59	1681766	0.0000351
all	532	81	1681766	0.0000482
all	533	60	1681766	0.0000357
all	534	76	1681766	0.0000452
all	535	55	1681766	0.0000327
all	536	86	1681766	0.0000511
all	537	81	1681766	0.0000482
all	538	111	1681766	0.0000660
all	539	55	1681766	0.0000327
all	540	57	1681766	0.0000339
all	541	71	1681766	0.0000422
all	542	58	1681766	0.0000345
all	543	73	1681766	0.0000434
all	544	68	1681766	0.0000404
all	545	50	1681766	0.0000297
all	546	100	1681766	0.0000595
all	547	82	1681766	0.0000488
all	548	71	1681766	0.0000422
all	549	73	1681766	0.0000434
all	550	71	1681766	0.0000422
all	551	75	1681766	0.0000446
all	552	69	1681766	0.0000410
all	553	63	1681766	0.0000375
all	554	73	1681766	0.0000434
all	555	61	1681766	0.0000363
all	556	61	1681766	0.0000363
all	557	84	1681766	0.0000499
all	558	46	1681766	0.0000274
all	559	46	1681766	0.0000274
all	560	78	1681766	0.0000464
all	561	56	1681766	0.0000333
all	562	51	1681766	0.0000303
all	563	97	1681766	0.0000577
all	564	68	1681766	0.0000404
all	565	83	1681766	0.0000494
all	566	51	1681766	0.0000303
all	567	77	1681766	0.0000458
all	568	99	1681766	0.0000589
all	569	65	1681766	0.0000386
all	570	54	1681766	0.0000321
all	571	64	1681766	0.0000381
all	572	66	1681766	0.0000392
all	573	71	1681766	0.0000422
all	574	69	1681766	0.0000410
all	575	67	1681766	0.0000398
all	576	62	1681766	0.0000369
all	577	48	1681766	0.0000285
all	578	44	1681766	0.0000262
all	579	91	1681766	0.0000541
all	580	44	1681766	0.0000262
all	581	54	1681766	0.0000321
all	582	58	1681766	0.0000345
all	583	66	1681766	0.0000392
all	584	59	1681766	0.0000351
all	585	32	1681766	0.0000190
all	586	51	1681766	0.0000303
all	587	61	1681766	0.0000363
all	588	38	1681766	0.0000226
all	589	47	1681766	0.0000279
all	590	40	1681766	0.0000238
all	591	47	1681766	0.0000279
all	592	34	1681766	0.0000202
all	593	42	1681766	0.0000250
all	594	37	1681766	0.0000220
all	595	37	1681766	0.0000220
all	596	53	1681766	0.0000315
all	597	40	1681766	0.0000238
all	598	51	1681766	0.0000303
all	599	43	1681766	0.0000256
all	600	50	1681766	0.0000297
all	601	36	1681766	0.0000214
all	602	40	1681766	0.0000238
all	603	45	1681766	0.0000268
all	604	51	1681766	0.0000303
all	605	43	1681766	0.0000256
all	606	62	1681766	0.0000369
all	607	39	1681766	0.0000232
all	608	47	1681766	0.0000279
all	609	53	1681766	0.0000315
all	610	31	1681766	0.0000184
all	611	46	1681766	0.0000274
all	612	44	1681766	0.0000262
all	613	46	1681766	0.0000274
all	614	41	1681766	0.0000244
all	615	28	1681766	0.0000166
all	616	33	1681766	0.0000196
all	617	55	1681766	0.0000327
all	618	37	1681766	0.0000220
all	619	55	1681766	0.0000327
all	620	51	1681766	0.0000303
all	621	47	1681766	0.0000279
all	622	27	1681766	0.0000161
all	623	44	1681766	0.0000262
all	624	43	1681766	0.0000256
all	625	30	1681766	0.0000178
all	626	33	1681766	0.0000196
all	627	50	1681766	0.0000297
all	628	38	1681766	0.0000226
all	629	43	1681766	0.0000256
all	630	23	1681766	0.0000137
all	631	36	1681766	0.0000214
all	632	67	1681766	0.0000398
all	633	29	1681766	0.0000172
all	634	57	1681766	0.0000339
all	635	57	1681766	0.0000339
all	636	62	1681766	0.0000369
all	637	88	1681766	0.0000523
all	638	69	1681766	0.0000410
all	639	69	1681766	0.0000410
all	640	48	1681766	0.0000285
all	641	105	1681766	0.0000624
all	642	82	1681766	0.0000488
all	643	76	1681766	0.0000452
all	644	56	1681766	0.0000333
all	645	56	1681766	0.0000333
all	646	43	1681766	0.0000256
all	647	54	1681766	0.0000321
all	648	61	1681766	0.0000363
all	649	76	1681766	0.0000452
all	650	65	1681766	0.0000386
all	651	77	1681766	0.0000458
all	652	75	1681766	0.0000446
all	653	63	1681766	0.0000375
all	654	50	1681766	0.0000297
all	655	37	1681766	0.0000220
all	656	42	1681766	0.0000250
all	657	52	1681766	0.0000309
all	658	45	1681766	0.0000268
all	659	33	1681766	0.0000196
all	660	55	1681766	0.0000327
all	661	53	1681766	0.0000315
all	662	47	1681766	0.0000279
all	663	36	1681766	0.0000214
all	664	42	1681766	0.0000250
all	665	51	1681766	0.0000303
all	666	32	1681766	0.0000190
all	667	54	1681766	0.0000321
all	668	53	1681766	0.0000315
all	669	29	1681766	0.0000172
all	670	33	1681766	0.0000196
all	671	36	1681766	0.0000214
all	672	36	1681766	0.0000214
all	673	28	1681766	0.0000166
all	674	33	1681766	0.0000196
all	675	42	1681766	0.0000250
all	676	38	1681766	0.0000226
all	677	33	1681766	0.0000196
all	678	50	1681766	0.0000297
all	679	32	1681766	0.0000190
all	680	46	1681766	0.0000274
all	681	42	1681766	0.0000250
all	682	35	1681766	0.0000208
all	683	34	1681766	0.0000202
all	684	34	1681766	0.0000202
all	685	50	1681766	0.0000297
all	686	26	1681766	0.0000155
all	687	34	1681766	0.0000202
all	688	41	1681766	0.0000244
all	689	32	1681766	0.0000190
all	690	41	1681766	0.0000244
all	691	34	1681766	0.0000202
all	692	46	1681766	0.0000274
all	693	38	1681766	0.0000226
all	694	36	1681766	0.0000214
all	695	32	1681766	0.0000190
all	696	52	1681766	0.0000309
all	697	22	1681766	0.0000131
all	698	37	1681766	0.0000220
all	699	40	1681766	0.0000238
all	700	46	1681766	0.0000274
all	701	50	1681766	0.0000297
all	702	40	1681766	0.0000238
all	703	34	1681766	0.0000202
all	704	35	1681766	0.0000208
all	705	27	1681766	0.0000161
all	706	24	1681766	0.0000143
all	707	38	1681766	0.0000226
all	708	31	1681766	0.0000184
all	709	23	1681766	0.0000137
all	710	23	1681766	0.0000137
all	711	36	1681766	0.0000214
all	712	21	1681766	0.0000125
all	713	32	1681766	0.0000190
all	714	32	1681766	0.0000190
all	715	34	1681766	0.0000202
all	716	30	1681766	0.0000178
all	717	33	1681766	0.0000196
all	718	28	1681766	0.0000166
all	719	33	1681766	0.0000196
all	720	26	1681766	0.0000155
all	721	26	1681766	0.0000155
all	722	45	1681766	0.0000268
all	723	44	1681766	0.0000262
all	724	41	1681766	0.0000244
all	725	25	1681766	0.0000149
all	726	28	1681766	0.0000166
all	727	32	1681766	0.0000190
all	728	44	1681766	0.0000262
all	729	22	1681766	0.0000131
all	730	46	1681766	0.0000274
all	731	31	1681766	0.0000184
all	732	24	1681766	0.0000143
all	733	18	1681766	0.0000107
all	734	34	1681766	0.0000202
all	735	20	1681766	0.0000119
all	736	22	1681766	0.0000131
all	737	22	1681766	0.0000131
all	738	28	1681766	0.0000166
all	739	24	1681766	0.0000143
all	740	20	1681766	0.0000119
all	741	17	1681766	0.0000101
all	742	25	1681766	0.0000149
all	743	29	1681766	0.0000172
all	744	28	1681766	0.0000166
all	745	27	1681766	0.0000161
all	746	21	1681766	0.0000125
all	747	26	1681766	0.0000155
all	748	25	1681766	0.0000149
all	749	30	1681766	0.0000178
all	750	34	1681766	0.0000202
all	751	26	1681766	0.0000155
all	752	20	1681766	0.0000119
all	753	29	1681766	0.0000172
all	754	30	1681766	0.0000178
all	755	21	1681766	0.0000125
all	756	14	1681766	0.0000083
all	757	24	1681766	0.0000143
all	758	14	1681766	0.0000083
all	759	28	1681766	0.0000166
all	760	14	1681766	0.0000083
all	761	23	1681766	0.0000137
all	762	16	1681766	0.0000095
all	763	6	1681766	0.0000036
all	764	13	1681766	0.0000077
all	765	17	1681766	0.0000101
all	766	26	1681766	0.0000155
all	767	17	1681766	0.0000101
all	768	21	1681766	0.0000125
all	769	18	1681766	0.0000107
all	770	17	1681766	0.0000101
all	771	19	1681766	0.0000113
all	772	12	1681766	0.0000071
all	773	6	1681766	0.0000036
all	774	13	1681766	0.0000077
all	775	20	1681766	0.0000119
all	776	12	1681766	0.0000071
all	777	16	1681766	0.0000095
all	778	15	1681766	0.0000089
all	779	22	1681766	0.0000131
all	780	6	1681766	0.0000036
all	781	13	1681766	0.0000077
all	782	12	1681766	0.0000071
all	783	15	1681766	0.0000089
all	784	15	1681766	0.0000089
all	785	19	1681766	0.0000113
all	786	16	1681766	0.0000095
all	787	22	1681766	0.0000131
all	788	23	1681766	0.0000137
all	789	20	1681766	0.0000119
all	790	28	1681766	0.0000166
all	791	15	1681766	0.0000089
all	792	11	1681766	0.0000065
all	793	21	1681766	0.0000125
all	794	23	1681766	0.0000137
all	795	16	1681766	0.0000095
all	796	24	1681766	0.0000143
all	797	20	1681766	0.0000119
all	798	17	1681766	0.0000101
all	799	21	1681766	0.0000125
all	800	26	1681766	0.0000155
all	801	20	1681766	0.0000119
all	802	25	1681766	0.0000149
all	803	18	1681766	0.0000107
all	804	12	1681766	0.0000071
all	805	13	1681766	0.0000077
all	806	13	1681766	0.0000077
all	807	9	1681766	0.0000054
all	808	23	1681766	0.0000137
all	809	22	1681766	0.0000131
all	810	19	1681766	0.0000113
all	811	18	1681766	0.0000107
all	812	17	1681766	0.0000101
all	813	20	1681766	0.0000119
all	814	23	1681766	0.0000137
all	815	31	1681766	0.0000184
all	816	21	1681766	0.0000125
all	817	13	1681766	0.0000077
all	818	21	1681766	0.0000125
all	819	21	1681766	0.0000125
all	820	22	1681766	0.0000131
all	821	17	1681766	0.0000101
all	822	12	1681766	0.0000071
all	823	24	1681766	0.0000143
all	824	29	1681766	0.0000172
all	825	22	1681766	0.0000131
all	826	18	1681766	0.0000107
all	827	29	1681766	0.0000172
all	828	21	1681766	0.0000125
all	829	17	1681766	0.0000101
all	830	12	1681766	0.0000071
all	831	21	1681766	0.0000125
all	832	16	1681766	0.0000095
all	833	14	1681766	0.0000083
all	834	15	1681766	0.0000089
all	835	15	1681766	0.0000089
all	836	14	1681766	0.0000083
all	837	21	1681766	0.0000125
all	838	16	1681766	0.0000095
all	839	17	1681766	0.0000101
all	840	21	1681766	0.0000125
all	841	26	1681766	0.0000155
all	842	18	1681766	0.0000107
all	843	12	1681766	0.0000071
all	844	18	1681766	0.0000107
all	845	24	1681766	0.0000143
all	846	19	1681766	0.0000113
all	847	23	1681766	0.0000137
all	848	13	1681766	0.0000077
all	849	27	1681766	0.0000161
all	850	15	1681766	0.0000089
all	851	19	1681766	0.0000113
all	852	33	1681766	0.0000196
all	853	15	1681766	0.0000089
all	854	20	1681766	0.0000119
all	855	14	1681766	0.0000083
all	856	8	1681766	0.0000048
all	857	15	1681766	0.0000089
all	858	25	1681766	0.0000149
all	859	25	1681766	0.0000149
all	860	21	1681766	0.0000125
all	861	28	1681766	0.0000166
all	862	11	1681766	0.0000065
all	863	25	1681766	0.0000149
all	864	33	1681766	0.0000196
all	865	12	1681766	0.0000071
all	866	25	1681766	0.0000149
all	867	19	1681766	0.0000113
all	868	18	1681766	0.0000107
all	869	22	1681766	0.0000131
all	870	19	1681766	0.0000113
all	871	11	1681766	0.0000065
all	872	17	1681766	0.0000101
all	873	24	1681766	0.0000143
all	874	12	1681766	0.0000071
all	875	13	1681766	0.0000077
all	876	11	1681766	0.0000065
all	877	15	1681766	0.0000089
all	878	6	1681766	0.0000036
all	879	16	1681766	0.0000095
all	880	14	1681766	0.0000083
all	881	31	1681766	0.0000184
all	882	6	1681766	0.0000036
all	883	11	1681766	0.0000065
all	884	14	1681766	0.0000083
all	885	9	1681766	0.0000054
all	886	8	1681766	0.0000048
all	887	21	1681766	0.0000125
all	888	23	1681766	0.0000137
all	889	8	1681766	0.0000048
all	890	8	1681766	0.0000048
all	891	11	1681766	0.0000065
all	892	8	1681766	0.0000048
all	893	14	1681766	0.0000083
all	894	7	1681766	0.0000042
all	895	9	1681766	0.0000054
all	896	10	1681766	0.0000059
all	897	10	1681766	0.0000059
all	898	7	1681766	0.0000042
all	899	13	1681766	0.0000077
all	900	16	1681766	0.0000095
all	901	12	1681766	0.0000071
all	902	5	1681766	0.0000030
all	903	14	1681766	0.0000083
all	904	17	1681766	0.0000101
all	905	10	1681766	0.0000059
all	906	14	1681766	0.0000083
all	907	7	1681766	0.0000042
all	908	6	1681766	0.0000036
all	909	4	1681766	0.0000024
all	910	10	1681766	0.0000059
all	911	14	1681766	0.0000083
all	912	9	1681766	0.0000054
all	913	14	1681766	0.0000083
all	914	6	1681766	0.0000036
all	915	12	1681766	0.0000071
all	916	8	1681766	0.0000048
all	917	15	1681766	0.0000089
all	918	21	1681766	0.0000125
all	919	31	1681766	0.0000184
all	920	21	1681766	0.0000125
all	921	4	1681766	0.0000024
all	922	14	1681766	0.0000083
all	923	14	1681766	0.0000083
all	924	8	1681766	0.0000048
all	925	21	1681766	0.0000125
all	926	16	1681766	0.0000095
all	927	11	1681766	0.0000065
all	928	2	1681766	0.0000012
all	929	6	1681766	0.0000036
all	930	6	1681766	0.0000036
all	931	9	1681766	0.0000054
all	932	7	1681766	0.0000042
all	933	7	1681766	0.0000042
all	934	20	1681766	0.0000119
all	935	5	1681766	0.0000030
all	936	8	1681766	0.0000048
all	937	9	1681766	0.0000054
all	938	8	1681766	0.0000048
all	939	8	1681766	0.0000048
all	940	11	1681766	0.0000065
all	941	13	1681766	0.0000077
all	942	14	1681766	0.0000083
all	943	13	1681766	0.0000077
all	944	9	1681766	0.0000054
all	945	16	1681766	0.0000095
all	946	12	1681766	0.0000071
all	947	12	1681766	0.0000071
all	948	17	1681766	0.0000101
all	949	14	1681766	0.0000083
all	950	6	1681766	0.0000036
all	951	5	1681766	0.0000030
all	952	5	1681766	0.0000030
all	953	6	1681766	0.0000036
all	954	9	1681766	0.0000054
all	955	14	1681766	0.0000083
all	956	10	1681766	0.0000059
all	957	11	1681766	0.0000065
all	958	12	1681766	0.0000071
all	959	6	1681766	0.0000036
all	960	20	1681766	0.0000119
all	961	5	1681766	0.0000030
all	962	7	1681766	0.0000042
all	963	12	1681766	0.0000071
all	964	10	1681766	0.0000059
all	965	11	1681766	0.0000065
all	966	6	1681766	0.0000036
all	967	12	1681766	0.0000071
all	968	9	1681766	0.0000054
all	969	19	1681766	0.0000113
all	970	14	1681766	0.0000083
all	971	19	1681766	0.0000113
all	972	3	1681766	0.0000018
all	973	6	1681766	0.0000036
all	974	6	1681766	0.0000036
all	975	5	1681766	0.0000030
all	976	7	1681766	0.0000042
all	977	19	1681766	0.0000113
all	978	11	1681766	0.0000065
all	979	9	1681766	0.0000054
all	980	12	1681766	0.0000071
all	981	6	1681766	0.0000036
all	982	3	1681766	0.0000018
all	983	12	1681766	0.0000071
all	984	7	1681766	0.0000042
all	985	4	1681766	0.0000024
all	986	6	1681766	0.0000036
all	987	8	1681766	0.0000048
all	988	9	1681766	0.0000054
all	989	13	1681766	0.0000077
all	990	6	1681766	0.0000036
all	991	8	1681766	0.0000048
all	992	11	1681766	0.0000065
all	993	17	1681766	0.0000101
all	994	5	1681766	0.0000030
all	995	15	1681766	0.0000089
all	996	15	1681766	0.0000089
all	997	22	1681766	0.0000131
all	998	16	1681766	0.0000095
all	999	13	1681766	0.0000077
all	1000	14	1681766	0.0000083
all	1001	13	1681766	0.0000077
all	1002	14	1681766	0.0000083
all	1003	12	1681766	0.0000071
all	1004	18	1681766	0.0000107
all	1005	13	1681766	0.0000077
all	1006	14	1681766	0.0000083
all	1007	18	1681766	0.0000107
all	1008	11	1681766	0.0000065
all	1009	12	1681766	0.0000071
all	1010	16	1681766	0.0000095
all	1011	8	1681766	0.0000048
all	1012	19	1681766	0.0000113
all	1013	4	1681766	0.0000024
all	1014	9	1681766	0.0000054
all	1015	13	1681766	0.0000077
all	1016	12	1681766	0.0000071
all	1017	12	1681766	0.0000071
all	1018	16	1681766	0.0000095
all	1019	9	1681766	0.0000054
all	1020	12	1681766	0.0000071
all	1021	7	1681766	0.0000042
all	1022	12	1681766	0.0000071
all	1023	11	1681766	0.0000065
all	1024	4	1681766	0.0000024
all	1025	7	1681766	0.0000042
all	1026	11	1681766	0.0000065
all	1027	7	1681766	0.0000042
all	1028	14	1681766	0.0000083
all	1029	9	1681766	0.0000054
all	1030	14	1681766	0.0000083
all	1031	9	1681766	0.0000054
all	1032	4	1681766	0.0000024
all	1033	4	1681766	0.0000024
all	1034	11	1681766	0.0000065
all	1035	12	1681766	0.0000071
all	1036	3	1681766	0.0000018
all	1037	15	1681766	0.0000089
all	1038	25	1681766	0.0000149
all	1039	56	1681766	0.0000333
all	1040	5	1681766	0.0000030
all	1041	14	1681766	0.0000083
all	1042	5	1681766	0.0000030
all	1043	12	1681766	0.0000071
all	1044	29	1681766	0.0000172
all	1045	10	1681766	0.0000059
all	1046	47	1681766	0.0000279
all	1047	29	1681766	0.0000172
all	1048	32	1681766	0.0000190
all	1049	6	1681766	0.0000036
all	1050	13	1681766	0.0000077
all	1051	5	1681766	0.0000030
all	1052	19	1681766	0.0000113
all	1053	2	1681766	0.0000012
all	1054	16	1681766	0.0000095
all	1055	20	1681766	0.0000119
all	1056	6	1681766	0.0000036
all	1057	4	1681766	0.0000024
all	1058	2	1681766	0.0000012
all	1059	11	1681766	0.0000065
all	1060	10	1681766	0.0000059
all	1061	24	1681766	0.0000143
all	1062	13	1681766	0.0000077
all	1063	6	1681766	0.0000036
all	1064	7	1681766	0.0000042
all	1065	13	1681766	0.0000077
all	1066	6	1681766	0.0000036
all	1067	14	1681766	0.0000083
all	1068	19	1681766	0.0000113
all	1069	32	1681766	0.0000190
all	1070	27	1681766	0.0000161
all	1071	7	1681766	0.0000042
all	1072	26	1681766	0.0000155
all	1073	31	1681766	0.0000184
all	1074	20	1681766	0.0000119
all	1075	2	1681766	0.0000012
all	1076	18	1681766	0.0000107
all	1077	5	1681766	0.0000030
all	1078	24	1681766	0.0000143
all	1079	14	1681766	0.0000083
all	1080	4	1681766	0.0000024
all	1081	4	1681766	0.0000024
all	1082	3	1681766	0.0000018
all	1083	7	1681766	0.0000042
all	1084	25	1681766	0.0000149
all	1085	13	1681766	0.0000077
all	1086	16	1681766	0.0000095
all	1087	5	1681766	0.0000030
all	1088	14	1681766	0.0000083
all	1089	7	1681766	0.0000042
all	1090	9	1681766	0.0000054
all	1091	14	1681766	0.0000083
all	1092	7	1681766	0.0000042
all	1093	11	1681766	0.0000065
all	1094	16	1681766	0.0000095
all	1095	7	1681766	0.0000042
all	1096	3	1681766	0.0000018
all	1097	17	1681766	0.0000101
all	1098	17	1681766	0.0000101
all	1099	16	1681766	0.0000095
all	1100	13	1681766	0.0000077
all	1101	21	1681766	0.0000125
all	1102	12	1681766	0.0000071
all	1103	5	1681766	0.0000030
all	1104	13	1681766	0.0000077
all	1105	15	1681766	0.0000089
all	1106	8	1681766	0.0000048
all	1107	14	1681766	0.0000083
all	1108	4	1681766	0.0000024
all	1109	3	1681766	0.0000018
all	1110	4	1681766	0.0000024
all	1111	15	1681766	0.0000089
all	1112	5	1681766	0.0000030
all	1113	17	1681766	0.0000101
all	1114	15	1681766	0.0000089
all	1115	4	1681766	0.0000024
all	1116	4	1681766	0.0000024
all	1117	6	1681766	0.0000036
all	1118	11	1681766	0.0000065
all	1119	7	1681766	0.0000042
all	1120	14	1681766	0.0000083
all	1121	5	1681766	0.0000030
all	1122	3	1681766	0.0000018
all	1123	2	1681766	0.0000012
all	1124	6	1681766	0.0000036
all	1125	11	1681766	0.0000065
all	1126	8	1681766	0.0000048
all	1127	7	1681766	0.0000042
all	1128	1	1681766	0.0000006
all	1129	14	1681766	0.0000083
all	1130	15	1681766	0.0000089
all	1131	7	1681766	0.0000042
all	1132	13	1681766	0.0000077
all	1133	9	1681766	0.0000054
all	1134	7	1681766	0.0000042
all	1135	6	1681766	0.0000036
all	1136	8	1681766	0.0000048
all	1137	6	1681766	0.0000036
all	1138	3	1681766	0.0000018
all	1139	7	1681766	0.0000042
all	1140	3	1681766	0.0000018
all	1141	6	1681766	0.0000036
all	1142	17	1681766	0.0000101
all	1143	9	1681766	0.0000054
all	1144	4	1681766	0.0000024
all	1145	7	1681766	0.0000042
all	1146	13	1681766	0.0000077
all	1147	22	1681766	0.0000131
all	1148	19	1681766	0.0000113
all	1149	19	1681766	0.0000113
all	1150	12	1681766	0.0000071
all	1151	23	1681766	0.0000137
all	1152	15	1681766	0.0000089
all	1153	6	1681766	0.0000036
all	1154	12	1681766	0.0000071
all	1155	10	1681766	0.0000059
all	1156	14	1681766	0.0000083
all	1157	6	1681766	0.0000036
all	1158	13	1681766	0.0000077
all	1159	11	1681766	0.0000065
all	1160	13	1681766	0.0000077
all	1161	11	1681766	0.0000065
all	1162	6	1681766	0.0000036
all	1163	13	1681766	0.0000077
all	1164	3	1681766	0.0000018
all	1165	4	1681766	0.0000024
all	1166	15	1681766	0.0000089
all	1167	3	1681766	0.0000018
all	1168	7	1681766	0.0000042
all	1169	7	1681766	0.0000042
all	1170	16	1681766	0.0000095
all	1171	31	1681766	0.0000184
all	1172	7	1681766	0.0000042
all	1173	19	1681766	0.0000113
all	1174	10	1681766	0.0000059
all	1175	6	1681766	0.0000036
all	1176	25	1681766	0.0000149
all	1177	12	1681766	0.0000071
all	1178	16	1681766	0.0000095
all	1179	10	1681766	0.0000059
all	1180	11	1681766	0.0000065
all	1181	9	1681766	0.0000054
all	1182	6	1681766	0.0000036
all	1183	12	1681766	0.0000071
all	1184	6	1681766	0.0000036
all	1185	7	1681766	0.0000042
all	1186	39	1681766	0.0000232
all	1187	6	1681766	0.0000036
all	1188	32	1681766	0.0000190
all	1189	26	1681766	0.0000155
all	1190	10	1681766	0.0000059
all	1191	17	1681766	0.0000101
all	1192	17	1681766	0.0000101
all	1193	9	1681766	0.0000054
all	1194	10	1681766	0.0000059
all	1195	5	1681766	0.0000030
all	1196	15	1681766	0.0000089
all	1197	8	1681766	0.0000048
all	1198	9	1681766	0.0000054
all	1199	7	1681766	0.0000042
all	1200	17	1681766	0.0000101
all	1201	10	1681766	0.0000059
all	1202	12	1681766	0.0000071
all	1203	9	1681766	0.0000054
all	1204	5	1681766	0.0000030
all	1205	14	1681766	0.0000083
all	1206	8	1681766	0.0000048
all	1207	10	1681766	0.0000059
all	1208	18	1681766	0.0000107
all	1209	11	1681766	0.0000065
all	1210	5	1681766	0.0000030
all	1211	7	1681766	0.0000042
all	1213	14	1681766	0.0000083
all	1214	8	1681766	0.0000048
all	1215	10	1681766	0.0000059
all	1216	6	1681766	0.0000036
all	1217	11	1681766	0.0000065
all	1218	5	1681766	0.0000030
all	1219	12	1681766	0.0000071
all	1220	11	1681766	0.0000065
all	1221	6	1681766	0.0000036
all	1222	5	1681766	0.0000030
all	1223	10	1681766	0.0000059
all	1224	10	1681766	0.0000059
all	1225	7	1681766	0.0000042
all	1226	4	1681766	0.0000024
all	1227	10	1681766	0.0000059
all	1228	9	1681766	0.0000054
all	1229	6	1681766	0.0000036
all	1230	7	1681766	0.0000042
all	1231	2	1681766	0.0000012
all	1232	7	1681766	0.0000042
all	1233	2	1681766	0.0000012
all	1234	6	1681766	0.0000036
all	1235	4	1681766	0.0000024
all	1236	9	1681766	0.0000054
all	1237	3	1681766	0.0000018
all	1238	8	1681766	0.0000048
all	1239	6	1681766	0.0000036
all	1240	4	1681766	0.0000024
all	1242	4	1681766	0.0000024
all	1243	2	1681766	0.0000012
all	1244	4	1681766	0.0000024
all	1245	4	1681766	0.0000024
all	1246	6	1681766	0.0000036
all	1247	1	1681766	0.0000006
all	1248	8	1681766	0.0000048
all	1249	5	1681766	0.0000030
all	1250	8	1681766	0.0000048
all	1251	5	1681766	0.0000030
all	1252	5	1681766	0.0000030
all	1253	5	1681766	0.0000030
all	1254	9	1681766	0.0000054
all	1255	9	1681766	0.0000054
all	1256	4	1681766	0.0000024
all	1257	5	1681766	0.0000030
all	1258	6	1681766	0.0000036
all	1259	7	1681766	0.0000042
all	1260	6	1681766	0.0000036
all	1261	4	1681766	0.0000024
all	1262	14	1681766	0.0000083
all	1263	5	1681766	0.0000030
all	1264	13	1681766	0.0000077
all	1265	10	1681766	0.0000059
all	1266	11	1681766	0.0000065
all	1267	9	1681766	0.0000054
all	1268	7	1681766	0.0000042
all	1269	17	1681766	0.0000101
all	1270	8	1681766	0.0000048
all	1271	10	1681766	0.0000059
all	1272	9	1681766	0.0000054
all	1273	7	1681766	0.0000042
all	1274	5	1681766	0.0000030
all	1275	14	1681766	0.0000083
all	1276	21	1681766	0.0000125
all	1277	11	1681766	0.0000065
all	1278	12	1681766	0.0000071
all	1279	6	1681766	0.0000036
all	1280	13	1681766	0.0000077
all	1281	7	1681766	0.0000042
all	1282	9	1681766	0.0000054
all	1283	24	1681766	0.0000143
all	1284	21	1681766	0.0000125
all	1285	11	1681766	0.0000065
all	1286	9	1681766	0.0000054
all	1287	11	1681766	0.0000065
all	1288	14	1681766	0.0000083
all	1289	11	1681766	0.0000065
all	1290	13	1681766	0.0000077
all	1291	13	1681766	0.0000077
all	1292	18	1681766	0.0000107
all	1293	14	1681766	0.0000083
all	1294	12	1681766	0.0000071
all	1295	14	1681766	0.0000083
all	1296	7	1681766	0.0000042
all	1297	12	1681766	0.0000071
all	1298	8	1681766	0.0000048
all	1299	10	1681766	0.0000059
all	1300	15	1681766	0.0000089
all	1301	9	1681766	0.0000054
all	1302	5	1681766	0.0000030
all	1303	15	1681766	0.0000089
all	1304	9	1681766	0.0000054
all	1305	14	1681766	0.0000083
all	1306	11	1681766	0.0000065
all	1307	6	1681766	0.0000036
all	1308	12	1681766	0.0000071
all	1309	11	1681766	0.0000065
all	1310	10	1681766	0.0000059
all	1311	4	1681766	0.0000024
all	1312	9	1681766	0.0000054
all	1313	4	1681766	0.0000024
all	1314	11	1681766	0.0000065
all	1315	14	1681766	0.0000083
all	1316	8	1681766	0.0000048
all	1317	8	1681766	0.0000048
all	1318	9	1681766	0.0000054
all	1319	10	1681766	0.0000059
all	1320	9	1681766	0.0000054
all	1321	6	1681766	0.0000036
all	1322	6	1681766	0.0000036
all	1323	6	1681766	0.0000036
all	1324	10	1681766	0.0000059
all	1325	3	1681766	0.0000018
all	1326	6	1681766	0.0000036
all	1327	5	1681766	0.0000030
all	1328	5	1681766	0.0000030
all	1329	10	1681766	0.0000059
all	1330	13	1681766	0.0000077
all	1331	11	1681766	0.0000065
all	1332	8	1681766	0.0000048
all	1333	4	1681766	0.0000024
all	1334	10	1681766	0.0000059
all	1335	5	1681766	0.0000030
all	1336	8	1681766	0.0000048
all	1337	8	1681766	0.0000048
all	1338	3	1681766	0.0000018
all	1339	3	1681766	0.0000018
all	1340	5	1681766	0.0000030
all	1341	4	1681766	0.0000024
all	1342	7	1681766	0.0000042
all	1343	13	1681766	0.0000077
all	1344	10	1681766	0.0000059
all	1345	3	1681766	0.0000018
all	1346	6	1681766	0.0000036
all	1347	9	1681766	0.0000054
all	1348	12	1681766	0.0000071
all	1349	8	1681766	0.0000048
all	1350	2	1681766	0.0000012
all	1351	3	1681766	0.0000018
all	1352	3	1681766	0.0000018
all	1353	5	1681766	0.0000030
all	1354	8	1681766	0.0000048
all	1355	6	1681766	0.0000036
all	1356	7	1681766	0.0000042
all	1357	4	1681766	0.0000024
all	1358	10	1681766	0.0000059
all	1359	4	1681766	0.0000024
all	1360	8	1681766	0.0000048
all	1361	8	1681766	0.0000048
all	1362	3	1681766	0.0000018
all	1363	6	1681766	0.0000036
all	1364	6	1681766	0.0000036
all	1365	3	1681766	0.0000018
all	1366	3	1681766	0.0000018
all	1367	4	1681766	0.0000024
all	1368	9	1681766	0.0000054
all	1369	4	1681766	0.0000024
all	1370	3	1681766	0.0000018
all	1371	2	1681766	0.0000012
all	1372	6	1681766	0.0000036
all	1373	6	1681766	0.0000036
all	1374	3	1681766	0.0000018
all	1376	8	1681766	0.0000048
all	1377	5	1681766	0.0000030
all	1378	6	1681766	0.0000036
all	1379	10	1681766	0.0000059
all	1380	1	1681766	0.0000006
all	1381	7	1681766	0.0000042
all	1382	3	1681766	0.0000018
all	1383	3	1681766	0.0000018
all	1384	4	1681766	0.0000024
all	1385	7	1681766	0.0000042
all	1386	4	1681766	0.0000024
all	1387	8	1681766	0.0000048
all	1388	3	1681766	0.0000018
all	1389	4	1681766	0.0000024
all	1390	7	1681766	0.0000042
all	1391	2	1681766	0.0000012
all	1392	2	1681766	0.0000012
all	1393	2	1681766	0.0000012
all	1394	6	1681766	0.0000036
all	1395	1	1681766	0.0000006
all	1396	2	1681766	0.0000012
all	1397	4	1681766	0.0000024
all	1398	7	1681766	0.0000042
all	1399	3	1681766	0.0000018
all	1400	2	1681766	0.0000012
all	1401	6	1681766	0.0000036
all	1402	1	1681766	0.0000006
all	1403	2	1681766	0.0000012
all	1404	7	1681766	0.0000042
all	1405	6	1681766	0.0000036
all	1406	4	1681766	0.0000024
all	1407	1	1681766	0.0000006
all	1408	5	1681766	0.0000030
all	1409	5	1681766	0.0000030
all	1410	4	1681766	0.0000024
all	1411	3	1681766	0.0000018
all	1412	2	1681766	0.0000012
all	1413	5	1681766	0.0000030
all	1414	9	1681766	0.0000054
all	1415	6	1681766	0.0000036
all	1416	2	1681766	0.0000012
all	1417	3	1681766	0.0000018
all	1418	6	1681766	0.0000036
all	1419	15	1681766	0.0000089
all	1421	2	1681766	0.0000012
all	1422	3	1681766	0.0000018
all	1423	4	1681766	0.0000024
all	1424	1	1681766	0.0000006
all	1425	6	1681766	0.0000036
all	1426	7	1681766	0.0000042
all	1427	1	1681766	0.0000006
all	1428	2	1681766	0.0000012
all	1429	1	1681766	0.0000006
all	1430	2	1681766	0.0000012
all	1431	1	1681766	0.0000006
all	1432	3	1681766	0.0000018
all	1433	2	1681766	0.0000012
all	1434	5	1681766	0.0000030
all	1435	2	1681766	0.0000012
all	1438	3	1681766	0.0000018
all	1439	3	1681766	0.0000018
all	1440	2	1681766	0.0000012
all	1442	2	1681766	0.0000012
all	1443	5	1681766	0.0000030
all	1444	4	1681766	0.0000024
all	1445	4	1681766	0.0000024
all	1446	3	1681766	0.0000018
all	1447	2	1681766	0.0000012
all	1448	5	1681766	0.0000030
all	1451	2	1681766	0.0000012
all	1452	2	1681766	0.0000012
all	1453	4	1681766	0.0000024
all	1454	3	1681766	0.0000018
all	1455	6	1681766	0.0000036
all	1456	4	1681766	0.0000024
all	1457	3	1681766	0.0000018
all	1458	2	1681766	0.0000012
all	1459	4	1681766	0.0000024
all	1460	7	1681766	0.0000042
all	1461	4	1681766	0.0000024
all	1462	9	1681766	0.0000054
all	1463	9	1681766	0.0000054
all	1464	5	1681766	0.0000030
all	1465	3	1681766	0.0000018
all	1466	1	1681766	0.0000006
all	1467	3	1681766	0.0000018
all	1468	9	1681766	0.0000054
all	1469	6	1681766	0.0000036
all	1470	5	1681766	0.0000030
all	1471	8	1681766	0.0000048
all	1472	8	1681766	0.0000048
all	1473	3	1681766	0.0000018
all	1474	1	1681766	0.0000006
all	1475	4	1681766	0.0000024
all	1476	1	1681766	0.0000006
all	1477	6	1681766	0.0000036
all	1478	4	1681766	0.0000024
all	1479	8	1681766	0.0000048
all	1480	5	1681766	0.0000030
all	1481	5	1681766	0.0000030
all	1482	7	1681766	0.0000042
all	1483	5	1681766	0.0000030
all	1484	2	1681766	0.0000012
all	1485	12	1681766	0.0000071
all	1486	4	1681766	0.0000024
all	1487	3	1681766	0.0000018
all	1488	7	1681766	0.0000042
all	1489	6	1681766	0.0000036
all	1490	3	1681766	0.0000018
all	1492	7	1681766	0.0000042
all	1493	6	1681766	0.0000036
all	1494	4	1681766	0.0000024
all	1495	4	1681766	0.0000024
all	1496	5	1681766	0.0000030
all	1497	6	1681766	0.0000036
all	1498	4	1681766	0.0000024
all	1499	5	1681766	0.0000030
all	1500	7	1681766	0.0000042
all	1501	2	1681766	0.0000012
all	1502	15	1681766	0.0000089
all	1503	10	1681766	0.0000059
all	1504	8	1681766	0.0000048
all	1505	10	1681766	0.0000059
all	1506	2	1681766	0.0000012
all	1507	16	1681766	0.0000095
all	1508	12	1681766	0.0000071
all	1509	4	1681766	0.0000024
all	1510	14	1681766	0.0000083
all	1511	14	1681766	0.0000083
all	1512	3	1681766	0.0000018
all	1513	10	1681766	0.0000059
all	1514	3	1681766	0.0000018
all	1515	2	1681766	0.0000012
all	1516	5	1681766	0.0000030
all	1517	3	1681766	0.0000018
all	1518	2	1681766	0.0000012
all	1519	2	1681766	0.0000012
all	1520	4	1681766	0.0000024
all	1521	5	1681766	0.0000030
all	1522	6	1681766	0.0000036
all	1523	3	1681766	0.0000018
all	1524	2	1681766	0.0000012
all	1526	1	1681766	0.0000006
all	1527	2	1681766	0.0000012
all	1528	2	1681766	0.0000012
all	1529	11	1681766	0.0000065
all	1531	1	1681766	0.0000006
all	1533	1	1681766	0.0000006
all	1534	1	1681766	0.0000006
all	1535	6	1681766	0.0000036
all	1536	1	1681766	0.0000006
all	1538	9	1681766	0.0000054
all	1539	5	1681766	0.0000030
all	1540	1	1681766	0.0000006
all	1541	3	1681766	0.0000018
all	1542	3	1681766	0.0000018
all	1543	4	1681766	0.0000024
all	1544	3	1681766	0.0000018
all	1545	2	1681766	0.0000012
all	1547	4	1681766	0.0000024
all	1548	6	1681766	0.0000036
all	1549	3	1681766	0.0000018
all	1550	3	1681766	0.0000018
all	1551	4	1681766	0.0000024
all	1552	3	1681766	0.0000018
all	1553	4	1681766	0.0000024
all	1554	4	1681766	0.0000024
all	1555	11	1681766	0.0000065
all	1556	3	1681766	0.0000018
all	1558	6	1681766	0.0000036
all	1559	2	1681766	0.0000012
all	1560	2	1681766	0.0000012
all	1561	5	1681766	0.0000030
all	1562	1	1681766	0.0000006
all	1563	8	1681766	0.0000048
all	1564	10	1681766	0.0000059
all	1565	6	1681766	0.0000036
all	1566	8	1681766	0.0000048
all	1567	3	1681766	0.0000018
all	1568	4	1681766	0.0000024
all	1569	1	1681766	0.0000006
all	1570	5	1681766	0.0000030
all	1572	4	1681766	0.0000024
all	1573	4	1681766	0.0000024
all	1575	1	1681766	0.0000006
all	1576	2	1681766	0.0000012
all	1577	6	1681766	0.0000036
all	1578	5	1681766	0.0000030
all	1579	12	1681766	0.0000071
all	1580	2	1681766	0.0000012
all	1581	5	1681766	0.0000030
all	1582	7	1681766	0.0000042
all	1583	4	1681766	0.0000024
all	1584	5	1681766	0.0000030
all	1585	8	1681766	0.0000048
all	1586	2	1681766	0.0000012
all	1587	3	1681766	0.0000018
all	1588	6	1681766	0.0000036
all	1589	5	1681766	0.0000030
all	1590	2	1681766	0.0000012
all	1591	8	1681766	0.0000048
all	1592	2	1681766	0.0000012
all	1593	5	1681766	0.0000030
all	1594	7	1681766	0.0000042
all	1595	2	1681766	0.0000012
all	1596	4	1681766	0.0000024
all	1597	1	1681766	0.0000006
all	1598	5	1681766	0.0000030
all	1600	9	1681766	0.0000054
all	1601	4	1681766	0.0000024
all	1602	3	1681766	0.0000018
all	1603	3	1681766	0.0000018
all	1604	6	1681766	0.0000036
all	1605	1	1681766	0.0000006
all	1606	4	1681766	0.0000024
all	1607	6	1681766	0.0000036
all	1608	3	1681766	0.0000018
all	1609	11	1681766	0.0000065
all	1610	4	1681766	0.0000024
all	1611	4	1681766	0.0000024
all	1612	9	1681766	0.0000054
all	1613	2	1681766	0.0000012
all	1614	6	1681766	0.0000036
all	1615	2	1681766	0.0000012
all	1616	1	1681766	0.0000006
all	1617	4	1681766	0.0000024
all	1618	1	1681766	0.0000006
all	1619	3	1681766	0.0000018
all	1620	3	1681766	0.0000018
all	1622	4	1681766	0.0000024
all	1623	8	1681766	0.0000048
all	1624	2	1681766	0.0000012
all	1625	2	1681766	0.0000012
all	1627	2	1681766	0.0000012
all	1628	1	1681766	0.0000006
all	1629	2	1681766	0.0000012
all	1630	2	1681766	0.0000012
all	1631	3	1681766	0.0000018
all	1633	6	1681766	0.0000036
all	1634	2	1681766	0.0000012
all	1635	2	1681766	0.0000012
all	1636	3	1681766	0.0000018
all	1637	4	1681766	0.0000024
all	1638	1	1681766	0.0000006
all	1639	2	1681766	0.0000012
all	1641	7	1681766	0.0000042
all	1642	1	1681766	0.0000006
all	1645	3	1681766	0.0000018
all	1646	4	1681766	0.0000024
all	1647	2	1681766	0.0000012
all	1648	2	1681766	0.0000012
all	1650	2	1681766	0.0000012
all	1651	3	1681766	0.0000018
all	1652	5	1681766	0.0000030
all	1653	1	1681766	0.0000006
all	1654	4	1681766	0.0000024
all	1655	3	1681766	0.0000018
all	1656	2	1681766	0.0000012
all	1657	1	1681766	0.0000006
all	1658	6	1681766	0.0000036
all	1660	2	1681766	0.0000012
all	1661	1	1681766	0.0000006
all	1662	10	1681766	0.0000059
all	1663	7	1681766	0.0000042
all	1666	2	1681766	0.0000012
all	1668	5	1681766	0.0000030
all	1669	1	1681766	0.0000006
all	1671	6	1681766	0.0000036
all	1672	2	1681766	0.0000012
all	1673	3	1681766	0.0000018
all	1674	2	1681766	0.0000012
all	1676	3	1681766	0.0000018
all	1678	3	1681766	0.0000018
all	1679	1	1681766	0.0000006
all	1680	6	1681766	0.0000036
all	1681	2	1681766	0.0000012
all	1682	8	1681766	0.0000048
all	1683	1	1681766	0.0000006
all	1684	3	1681766	0.0000018
all	1686	1	1681766	0.0000006
all	1687	3	1681766	0.0000018
all	1688	2	1681766	0.0000012
all	1689	6	1681766	0.0000036
all	1690	4	1681766	0.0000024
all	1691	4	1681766	0.0000024
all	1692	4	1681766	0.0000024
all	1693	2	1681766	0.0000012
all	1694	1	1681766	0.0000006
all	1695	2	1681766	0.0000012
all	1696	7	1681766	0.0000042
all	1698	3	1681766	0.0000018
all	1699	2	1681766	0.0000012
all	1700	3	1681766	0.0000018
all	1701	6	1681766	0.0000036
all	1702	3	1681766	0.0000018
all	1703	2	1681766	0.0000012
all	1705	1	1681766	0.0000006
all	1707	3	1681766	0.0000018
all	1708	3	1681766	0.0000018
all	1709	3	1681766	0.0000018
all	1710	2	1681766	0.0000012
all	1711	6	1681766	0.0000036
all	1712	2	1681766	0.0000012
all	1713	3	1681766	0.0000018
all	1714	4	1681766	0.0000024
all	1715	2	1681766	0.0000012
all	1716	2	1681766	0.0000012
all	1717	3	1681766	0.0000018
all	1718	2	1681766	0.0000012
all	1721	4	1681766	0.0000024
all	1722	7	1681766	0.0000042
all	1723	5	1681766	0.0000030
all	1724	4	1681766	0.0000024
all	1726	2	1681766	0.0000012
all	1727	6	1681766	0.0000036
all	1728	2	1681766	0.0000012
all	1729	2	1681766	0.0000012
all	1730	1	1681766	0.0000006
all	1731	4	1681766	0.0000024
all	1732	2	1681766	0.0000012
all	1733	8	1681766	0.0000048
all	1734	4	1681766	0.0000024
all	1735	5	1681766	0.0000030
all	1736	1	1681766	0.0000006
all	1737	3	1681766	0.0000018
all	1738	2	1681766	0.0000012
all	1739	7	1681766	0.0000042
all	1740	1	1681766	0.0000006
all	1741	9	1681766	0.0000054
all	1742	2	1681766	0.0000012
all	1744	1	1681766	0.0000006
all	1745	4	1681766	0.0000024
all	1746	2	1681766	0.0000012
all	1747	4	1681766	0.0000024
all	1748	7	1681766	0.0000042
all	1749	5	1681766	0.0000030
all	1750	1	1681766	0.0000006
all	1751	2	1681766	0.0000012
all	1752	1	1681766	0.0000006
all	1753	4	1681766	0.0000024
all	1754	2	1681766	0.0000012
all	1755	2	1681766	0.0000012
all	1758	3	1681766	0.0000018
all	1759	1	1681766	0.0000006
all	1760	6	1681766	0.0000036
all	1761	2	1681766	0.0000012
all	1762	1	1681766	0.0000006
all	1763	1	1681766	0.0000006
all	1764	3	1681766	0.0000018
all	1766	2	1681766	0.0000012
all	1767	1	1681766	0.0000006
all	1769	4	1681766	0.0000024
all	1770	1	1681766	0.0000006
all	1771	2	1681766	0.0000012
all	1773	5	1681766	0.0000030
all	1775	3	1681766	0.0000018
all	1777	4	1681766	0.0000024
all	1778	1	1681766	0.0000006
all	1779	4	1681766	0.0000024
all	1780	1	1681766	0.0000006
all	1781	1	1681766	0.0000006
all	1782	1	1681766	0.0000006
all	1783	1	1681766	0.0000006
all	1784	1	1681766	0.0000006
all	1785	2	1681766	0.0000012
all	1786	4	1681766	0.0000024
all	1787	1	1681766	0.0000006
all	1788	4	1681766	0.0000024
all	1789	6	1681766	0.0000036
all	1792	1	1681766	0.0000006
all	1793	1	1681766	0.0000006
all	1794	3	1681766	0.0000018
all	1795	1	1681766	0.0000006
all	1796	3	1681766	0.0000018
all	1797	6	1681766	0.0000036
all	1800	1	1681766	0.0000006
all	1801	1	1681766	0.0000006
all	1803	5	1681766	0.0000030
all	1804	1	1681766	0.0000006
all	1805	6	1681766	0.0000036
all	1806	3	1681766	0.0000018
all	1807	2	1681766	0.0000012
all	1808	5	1681766	0.0000030
all	1809	2	1681766	0.0000012
all	1810	5	1681766	0.0000030
all	1811	4	1681766	0.0000024
all	1812	2	1681766	0.0000012
all	1813	1	1681766	0.0000006
all	1814	1	1681766	0.0000006
all	1815	1	1681766	0.0000006
all	1816	2	1681766	0.0000012
all	1817	6	1681766	0.0000036
all	1818	1	1681766	0.0000006
all	1819	1	1681766	0.0000006
all	1820	6	1681766	0.0000036
all	1821	8	1681766	0.0000048
all	1822	4	1681766	0.0000024
all	1824	3	1681766	0.0000018
all	1825	6	1681766	0.0000036
all	1826	2	1681766	0.0000012
all	1828	1	1681766	0.0000006
all	1829	4	1681766	0.0000024
all	1830	2	1681766	0.0000012
all	1831	2	1681766	0.0000012
all	1832	1	1681766	0.0000006
all	1833	3	1681766	0.0000018
all	1834	3	1681766	0.0000018
all	1835	2	1681766	0.0000012
all	1836	2	1681766	0.0000012
all	1837	7	1681766	0.0000042
all	1838	1	1681766	0.0000006
all	1840	1	1681766	0.0000006
all	1841	1	1681766	0.0000006
all	1843	2	1681766	0.0000012
all	1845	3	1681766	0.0000018
all	1846	4	1681766	0.0000024
all	1847	4	1681766	0.0000024
all	1849	1	1681766	0.0000006
all	1850	5	1681766	0.0000030
all	1851	3	1681766	0.0000018
all	1852	2	1681766	0.0000012
all	1854	4	1681766	0.0000024
all	1855	1	1681766	0.0000006
all	1856	3	1681766	0.0000018
all	1857	1	1681766	0.0000006
all	1858	3	1681766	0.0000018
all	1859	5	1681766	0.0000030
all	1861	1	1681766	0.0000006
all	1862	1	1681766	0.0000006
all	1863	1	1681766	0.0000006
all	1864	6	1681766	0.0000036
all	1865	4	1681766	0.0000024
all	1867	4	1681766	0.0000024
all	1868	1	1681766	0.0000006
all	1870	2	1681766	0.0000012
all	1871	3	1681766	0.0000018
all	1872	2	1681766	0.0000012
all	1874	3	1681766	0.0000018
all	1875	2	1681766	0.0000012
all	1876	1	1681766	0.0000006
all	1877	3	1681766	0.0000018
all	1878	5	1681766	0.0000030
all	1879	2	1681766	0.0000012
all	1880	3	1681766	0.0000018
all	1881	2	1681766	0.0000012
all	1882	3	1681766	0.0000018
all	1883	1	1681766	0.0000006
all	1885	8	1681766	0.0000048
all	1886	2	1681766	0.0000012
all	1887	3	1681766	0.0000018
all	1889	1	1681766	0.0000006
all	1890	2	1681766	0.0000012
all	1891	14	1681766	0.0000083
all	1892	10	1681766	0.0000059
all	1893	1	1681766	0.0000006
all	1894	1	1681766	0.0000006
all	1895	2	1681766	0.0000012
all	1896	2	1681766	0.0000012
all	1897	2	1681766	0.0000012
all	1898	1	1681766	0.0000006
all	1899	2	1681766	0.0000012
all	1900	2	1681766	0.0000012
all	1901	4	1681766	0.0000024
all	1902	2	1681766	0.0000012
all	1903	3	1681766	0.0000018
all	1904	4	1681766	0.0000024
all	1905	1	1681766	0.0000006
all	1906	3	1681766	0.0000018
all	1908	4	1681766	0.0000024
all	1909	1	1681766	0.0000006
all	1910	1	1681766	0.0000006
all	1912	1	1681766	0.0000006
all	1913	4	1681766	0.0000024
all	1914	1	1681766	0.0000006
all	1915	3	1681766	0.0000018
all	1916	1	1681766	0.0000006
all	1917	5	1681766	0.0000030
all	1918	3	1681766	0.0000018
all	1919	2	1681766	0.0000012
all	1920	4	1681766	0.0000024
all	1921	1	1681766	0.0000006
all	1922	1	1681766	0.0000006
all	1923	7	1681766	0.0000042
all	1926	2	1681766	0.0000012
all	1928	3	1681766	0.0000018
all	1929	4	1681766	0.0000024
all	1930	2	1681766	0.0000012
all	1931	1	1681766	0.0000006
all	1932	2	1681766	0.0000012
all	1933	1	1681766	0.0000006
all	1934	6	1681766	0.0000036
all	1935	4	1681766	0.0000024
all	1937	1	1681766	0.0000006
all	1938	3	1681766	0.0000018
all	1939	3	1681766	0.0000018
all	1940	1	1681766	0.0000006
all	1942	1	1681766	0.0000006
all	1943	1	1681766	0.0000006
all	1944	7	1681766	0.0000042
all	1945	3	1681766	0.0000018
all	1946	3	1681766	0.0000018
all	1947	5	1681766	0.0000030
all	1948	2	1681766	0.0000012
all	1949	3	1681766	0.0000018
all	1950	2	1681766	0.0000012
all	1951	2	1681766	0.0000012
all	1953	2	1681766	0.0000012
all	1954	1	1681766	0.0000006
all	1955	1	1681766	0.0000006
all	1956	5	1681766	0.0000030
all	1957	3	1681766	0.0000018
all	1958	3	1681766	0.0000018
all	1959	2	1681766	0.0000012
all	1960	1	1681766	0.0000006
all	1961	1	1681766	0.0000006
all	1962	1	1681766	0.0000006
all	1963	3	1681766	0.0000018
all	1964	1	1681766	0.0000006
all	1965	4	1681766	0.0000024
all	1967	3	1681766	0.0000018
all	1969	4	1681766	0.0000024
all	1970	3	1681766	0.0000018
all	1972	3	1681766	0.0000018
all	1973	6	1681766	0.0000036
all	1974	1	1681766	0.0000006
all	1975	3	1681766	0.0000018
all	1976	1	1681766	0.0000006
all	1977	3	1681766	0.0000018
all	1979	4	1681766	0.0000024
all	1981	3	1681766	0.0000018
all	1982	1	1681766	0.0000006
all	1984	3	1681766	0.0000018
all	1985	1	1681766	0.0000006
all	1986	1	1681766	0.0000006
all	1987	4	1681766	0.0000024
all	1989	1	1681766	0.0000006
all	1990	4	1681766	0.0000024
all	1991	2	1681766	0.0000012
all	1992	4	1681766	0.0000024
all	1993	1	1681766	0.0000006
all	1995	3	1681766	0.0000018
all	1996	7	1681766	0.0000042
all	1997	2	1681766	0.0000012
all	1998	4	1681766	0.0000024
all	2000	2	1681766	0.0000012
all	2001	3	1681766	0.0000018
all	2003	1	1681766	0.0000006
all	2007	2	1681766	0.0000012
all	2008	3	1681766	0.0000018
all	2009	1	1681766	0.0000006
all	2010	1	1681766	0.0000006
all	2011	1	1681766	0.0000006
all	2012	6	1681766	0.0000036
all	2014	6	1681766	0.0000036
all	2015	143	1681766	0.0000850
all	2016	3	1681766	0.0000018
all	2017	2	1681766	0.0000012
all	2018	1	1681766	0.0000006
all	2019	2	1681766	0.0000012
all	2020	3	1681766	0.0000018
all	2021	1	1681766	0.0000006
all	2022	1	1681766	0.0000006
all	2023	2	1681766	0.0000012
all	2024	2	1681766	0.0000012
all	2025	3	1681766	0.0000018
all	2026	1	1681766	0.0000006
all	2027	3	1681766	0.0000018
all	2028	2	1681766	0.0000012
all	2030	5	1681766	0.0000030
all	2032	3	1681766	0.0000018
all	2033	2	1681766	0.0000012
all	2034	5	1681766	0.0000030
all	2035	1	1681766	0.0000006
all	2036	2	1681766	0.0000012
all	2037	2	1681766	0.0000012
all	2038	1	1681766	0.0000006
all	2039	1	1681766	0.0000006
all	2040	1	1681766	0.0000006
all	2042	2	1681766	0.0000012
all	2043	2	1681766	0.0000012
all	2044	1	1681766	0.0000006
all	2045	3	1681766	0.0000018
all	2046	1	1681766	0.0000006
all	2048	1	1681766	0.0000006
all	2049	2	1681766	0.0000012
all	2051	2	1681766	0.0000012
all	2052	2	1681766	0.0000012
all	2053	3	1681766	0.0000018
all	2054	1	1681766	0.0000006
all	2055	1	1681766	0.0000006
all	2056	1	1681766	0.0000006
all	2058	1	1681766	0.0000006
all	2059	4	1681766	0.0000024
all	2062	2	1681766	0.0000012
all	2063	2	1681766	0.0000012
all	2065	2	1681766	0.0000012
all	2067	1	1681766	0.0000006
all	2069	2	1681766	0.0000012
all	2070	3	1681766	0.0000018
all	2071	5	1681766	0.0000030
all	2073	1	1681766	0.0000006
all	2074	1	1681766	0.0000006
all	2077	1	1681766	0.0000006
all	2078	1	1681766	0.0000006
all	2079	1	1681766	0.0000006
all	2080	1	1681766	0.0000006
all	2083	1	1681766	0.0000006
all	2084	1	1681766	0.0000006
all	2085	3	1681766	0.0000018
all	2086	2	1681766	0.0000012
all	2089	1	1681766	0.0000006
all	2090	1	1681766	0.0000006
all	2091	1	1681766	0.0000006
all	2092	1	1681766	0.0000006
all	2093	2	1681766	0.0000012
all	2094	3	1681766	0.0000018
all	2095	1	1681766	0.0000006
all	2096	1	1681766	0.0000006
all	2097	1	1681766	0.0000006
all	2098	4	1681766	0.0000024
all	2099	2	1681766	0.0000012
all	2100	1	1681766	0.0000006
all	2101	2	1681766	0.0000012
all	2102	2	1681766	0.0000012
all	2104	8	1681766	0.0000048
all	2105	5	1681766	0.0000030
all	2106	5	1681766	0.0000030
all	2107	2	1681766	0.0000012
all	2108	1	1681766	0.0000006
all	2109	5	1681766	0.0000030
all	2111	3	1681766	0.0000018
all	2112	6	1681766	0.0000036
all	2113	6	1681766	0.0000036
all	2114	8	1681766	0.0000048
all	2115	3	1681766	0.0000018
all	2116	6	1681766	0.0000036
all	2117	2	1681766	0.0000012
all	2118	4	1681766	0.0000024
all	2119	4	1681766	0.0000024
all	2120	1	1681766	0.0000006
all	2121	3	1681766	0.0000018
all	2122	1	1681766	0.0000006
all	2123	1	1681766	0.0000006
all	2124	4	1681766	0.0000024
all	2125	3	1681766	0.0000018
all	2126	1	1681766	0.0000006
all	2128	1	1681766	0.0000006
all	2129	1	1681766	0.0000006
all	2130	3	1681766	0.0000018
all	2131	1	1681766	0.0000006
all	2132	3	1681766	0.0000018
all	2133	1	1681766	0.0000006
all	2134	1	1681766	0.0000006
all	2135	2	1681766	0.0000012
all	2137	3	1681766	0.0000018
all	2138	4	1681766	0.0000024
all	2140	6	1681766	0.0000036
all	2142	2	1681766	0.0000012
all	2143	3	1681766	0.0000018
all	2144	4	1681766	0.0000024
all	2147	2	1681766	0.0000012
all	2149	2	1681766	0.0000012
all	2151	4	1681766	0.0000024
all	2152	2	1681766	0.0000012
all	2155	2	1681766	0.0000012
all	2157	2	1681766	0.0000012
all	2159	3	1681766	0.0000018
all	2160	1	1681766	0.0000006
all	2163	2	1681766	0.0000012
all	2164	1	1681766	0.0000006
all	2165	1	1681766	0.0000006
all	2166	1	1681766	0.0000006
all	2170	2	1681766	0.0000012
all	2172	2	1681766	0.0000012
all	2174	1	1681766	0.0000006
all	2176	1	1681766	0.0000006
all	2179	1	1681766	0.0000006
all	2180	2	1681766	0.0000012
all	2181	1	1681766	0.0000006
all	2182	3	1681766	0.0000018
all	2183	2	1681766	0.0000012
all	2186	2	1681766	0.0000012
all	2187	1	1681766	0.0000006
all	2188	2	1681766	0.0000012
all	2189	1	1681766	0.0000006
all	2191	1	1681766	0.0000006
all	2193	2	1681766	0.0000012
all	2194	2	1681766	0.0000012
all	2196	1	1681766	0.0000006
all	2197	2	1681766	0.0000012
all	2199	3	1681766	0.0000018
all	2200	1	1681766	0.0000006
all	2201	1	1681766	0.0000006
all	2203	2	1681766	0.0000012
all	2204	1	1681766	0.0000006
all	2207	2	1681766	0.0000012
all	2208	1	1681766	0.0000006
all	2211	1	1681766	0.0000006
all	2213	2	1681766	0.0000012
all	2214	2	1681766	0.0000012
all	2216	1	1681766	0.0000006
all	2217	2	1681766	0.0000012
all	2218	1	1681766	0.0000006
all	2219	1	1681766	0.0000006
all	2220	1	1681766	0.0000006
all	2223	1	1681766	0.0000006
all	2224	2	1681766	0.0000012
all	2225	1	1681766	0.0000006
all	2228	3	1681766	0.0000018
all	2229	1	1681766	0.0000006
all	2230	2	1681766	0.0000012
all	2233	1	1681766	0.0000006
all	2235	1	1681766	0.0000006
all	2236	2	1681766	0.0000012
all	2239	1	1681766	0.0000006
all	2241	1	1681766	0.0000006
all	2242	2	1681766	0.0000012
all	2243	1	1681766	0.0000006
all	2246	2	1681766	0.0000012
all	2247	1	1681766	0.0000006
all	2248	2	1681766	0.0000012
all	2250	2	1681766	0.0000012
all	2252	3	1681766	0.0000018
all	2253	2	1681766	0.0000012
all	2254	4	1681766	0.0000024
all	2256	3	1681766	0.0000018
all	2257	2	1681766	0.0000012
all	2259	2	1681766	0.0000012
all	2260	5	1681766	0.0000030
all	2261	1	1681766	0.0000006
all	2262	2	1681766	0.0000012
all	2263	2	1681766	0.0000012
all	2264	1	1681766	0.0000006
all	2266	3	1681766	0.0000018
all	2268	1	1681766	0.0000006
all	2270	3	1681766	0.0000018
all	2271	2	1681766	0.0000012
all	2272	2	1681766	0.0000012
all	2273	3	1681766	0.0000018
all	2274	1	1681766	0.0000006
all	2275	2	1681766	0.0000012
all	2276	1	1681766	0.0000006
all	2277	5	1681766	0.0000030
all	2279	1	1681766	0.0000006
all	2280	5	1681766	0.0000030
all	2281	1	1681766	0.0000006
all	2283	1	1681766	0.0000006
all	2286	2	1681766	0.0000012
all	2287	2	1681766	0.0000012
all	2288	2	1681766	0.0000012
all	2290	2	1681766	0.0000012
all	2292	2	1681766	0.0000012
all	2293	1	1681766	0.0000006
all	2295	3	1681766	0.0000018
all	2298	3	1681766	0.0000018
all	2299	1	1681766	0.0000006
all	2300	1	1681766	0.0000006
all	2301	1	1681766	0.0000006
all	2304	2	1681766	0.0000012
all	2305	3	1681766	0.0000018
all	2306	1	1681766	0.0000006
all	2307	3	1681766	0.0000018
all	2308	2	1681766	0.0000012
all	2309	3	1681766	0.0000018
all	2310	6	1681766	0.0000036
all	2313	1	1681766	0.0000006
all	2314	2	1681766	0.0000012
all	2315	2	1681766	0.0000012
all	2316	3	1681766	0.0000018
all	2317	3	1681766	0.0000018
all	2318	1	1681766	0.0000006
all	2320	5	1681766	0.0000030
all	2322	5	1681766	0.0000030
all	2323	4	1681766	0.0000024
all	2324	3	1681766	0.0000018
all	2325	3	1681766	0.0000018
all	2326	5	1681766	0.0000030
all	2327	5	1681766	0.0000030
all	2330	2	1681766	0.0000012
all	2332	1	1681766	0.0000006
all	2335	2	1681766	0.0000012
all	2336	3	1681766	0.0000018
all	2337	1	1681766	0.0000006
all	2338	1	1681766	0.0000006
all	2340	2	1681766	0.0000012
all	2341	2	1681766	0.0000012
all	2344	1	1681766	0.0000006
all	2345	3	1681766	0.0000018
all	2346	1	1681766	0.0000006
all	2347	2	1681766	0.0000012
all	2348	1	1681766	0.0000006
all	2349	1	1681766	0.0000006
all	2353	1	1681766	0.0000006
all	2354	2	1681766	0.0000012
all	2355	1	1681766	0.0000006
all	2356	2	1681766	0.0000012
all	2357	1	1681766	0.0000006
all	2358	2	1681766	0.0000012
all	2359	2	1681766	0.0000012
all	2365	4	1681766	0.0000024
all	2368	2	1681766	0.0000012
all	2373	1	1681766	0.0000006
all	2375	2	1681766	0.0000012
all	2376	4	1681766	0.0000024
all	2377	4	1681766	0.0000024
all	2378	1	1681766	0.0000006
all	2380	2	1681766	0.0000012
all	2381	4	1681766	0.0000024
all	2384	5	1681766	0.0000030
all	2385	1	1681766	0.0000006
all	2386	3	1681766	0.0000018
all	2387	9	1681766	0.0000054
all	2388	3	1681766	0.0000018
all	2389	1	1681766	0.0000006
all	2390	2	1681766	0.0000012
all	2391	3	1681766	0.0000018
all	2393	7	1681766	0.0000042
all	2394	5	1681766	0.0000030
all	2395	4	1681766	0.0000024
all	2397	4	1681766	0.0000024
all	2398	1	1681766	0.0000006
all	2399	4	1681766	0.0000024
all	2400	1	1681766	0.0000006
all	2401	1	1681766	0.0000006
all	2402	2	1681766	0.0000012
all	2403	5	1681766	0.0000030
all	2404	3	1681766	0.0000018
all	2407	1	1681766	0.0000006
all	2409	3	1681766	0.0000018
all	2411	2	1681766	0.0000012
all	2413	1	1681766	0.0000006
all	2414	2	1681766	0.0000012
all	2415	1	1681766	0.0000006
all	2416	1	1681766	0.0000006
all	2417	3	1681766	0.0000018
all	2418	2	1681766	0.0000012
all	2419	1	1681766	0.0000006
all	2420	2	1681766	0.0000012
all	2421	3	1681766	0.0000018
all	2422	1	1681766	0.0000006
all	2423	2	1681766	0.0000012
all	2424	3	1681766	0.0000018
all	2425	1	1681766	0.0000006
all	2429	1	1681766	0.0000006
all	2432	2	1681766	0.0000012
all	2434	1	1681766	0.0000006
all	2436	1	1681766	0.0000006
all	2437	3	1681766	0.0000018
all	2440	2	1681766	0.0000012
all	2441	1	1681766	0.0000006
all	2442	2	1681766	0.0000012
all	2443	1	1681766	0.0000006
all	2444	4	1681766	0.0000024
all	2445	3	1681766	0.0000018
all	2447	1	1681766	0.0000006
all	2454	1	1681766	0.0000006
all	2455	2	1681766	0.0000012
all	2456	1	1681766	0.0000006
all	2457	1	1681766	0.0000006
all	2462	2	1681766	0.0000012
all	2465	1	1681766	0.0000006
all	2466	1	1681766	0.0000006
all	2469	2	1681766	0.0000012
all	2470	3	1681766	0.0000018
all	2472	1	1681766	0.0000006
all	2474	1	1681766	0.0000006
all	2476	2	1681766	0.0000012
all	2477	2	1681766	0.0000012
all	2478	3	1681766	0.0000018
all	2479	1	1681766	0.0000006
all	2480	1	1681766	0.0000006
all	2482	4	1681766	0.0000024
all	2483	1	1681766	0.0000006
all	2486	1	1681766	0.0000006
all	2487	1	1681766	0.0000006
all	2489	1	1681766	0.0000006
all	2492	2	1681766	0.0000012
all	2494	1	1681766	0.0000006
all	2495	1	1681766	0.0000006
all	2496	1	1681766	0.0000006
all	2498	1	1681766	0.0000006
all	2499	2	1681766	0.0000012
all	2502	2	1681766	0.0000012
all	2507	1	1681766	0.0000006
all	2508	1	1681766	0.0000006
all	2509	1	1681766	0.0000006
all	2510	1	1681766	0.0000006
all	2515	2	1681766	0.0000012
all	2518	2	1681766	0.0000012
all	2519	1	1681766	0.0000006
all	2520	1	1681766	0.0000006
all	2521	1	1681766	0.0000006
all	2523	2	1681766	0.0000012
all	2526	2	1681766	0.0000012
all	2529	1	1681766	0.0000006
all	2530	2	1681766	0.0000012
all	2532	2	1681766	0.0000012
all	2535	1	1681766	0.0000006
all	2536	1	1681766	0.0000006
all	2538	1	1681766	0.0000006
all	2539	1	1681766	0.0000006
all	2542	2	1681766	0.0000012
all	2543	2	1681766	0.0000012
all	2544	2	1681766	0.0000012
all	2545	1	1681766	0.0000006
all	2547	1	1681766	0.0000006
all	2548	1	1681766	0.0000006
all	2549	4	1681766	0.0000024
all	2550	1	1681766	0.0000006
all	2551	1	1681766	0.0000006
all	2553	1	1681766	0.0000006
all	2555	2	1681766	0.0000012
all	2556	1	1681766	0.0000006
all	2557	1	1681766	0.0000006
all	2559	1	1681766	0.0000006
all	2560	1	1681766	0.0000006
all	2561	3	1681766	0.0000018
all	2563	1	1681766	0.0000006
all	2565	1	1681766	0.0000006
all	2567	1	1681766	0.0000006
all	2568	1	1681766	0.0000006
all	2570	2	1681766	0.0000012
all	2572	2	1681766	0.0000012
all	2574	1	1681766	0.0000006
all	2576	2	1681766	0.0000012
all	2578	1	1681766	0.0000006
all	2581	1	1681766	0.0000006
all	2582	2	1681766	0.0000012
all	2583	1	1681766	0.0000006
all	2586	1	1681766	0.0000006
all	2587	3	1681766	0.0000018
all	2589	2	1681766	0.0000012
all	2590	2	1681766	0.0000012
all	2592	2	1681766	0.0000012
all	2593	4	1681766	0.0000024
all	2594	2	1681766	0.0000012
all	2597	2	1681766	0.0000012
all	2600	2	1681766	0.0000012
all	2601	4	1681766	0.0000024
all	2605	2	1681766	0.0000012
all	2606	2	1681766	0.0000012
all	2607	1	1681766	0.0000006
all	2609	2	1681766	0.0000012
all	2615	2	1681766	0.0000012
all	2624	4	1681766	0.0000024
all	2630	2	1681766	0.0000012
all	2632	2	1681766	0.0000012
all	2638	1	1681766	0.0000006
all	2639	2	1681766	0.0000012
all	2646	2	1681766	0.0000012
all	2651	4	1681766	0.0000024
all	2652	2	1681766	0.0000012
all	2669	2	1681766	0.0000012
all	2673	2	1681766	0.0000012
all	2675	2	1681766	0.0000012
all	2676	2	1681766	0.0000012
all	2677	2	1681766	0.0000012
all	2688	1	1681766	0.0000006
all	2710	2	1681766	0.0000012
all	2716	1	1681766	0.0000006
all	2737	2	1681766	0.0000012
all	2742	1	1681766	0.0000006
all	2749	2	1681766	0.0000012
all	2799	1	1681766	0.0000006
all	2814	2	1681766	0.0000012
all	2817	1	1681766	0.0000006
all	2857	1	1681766	0.0000006
all	2869	2	1681766	0.0000012
all	2914	1	1681766	0.0000006
all	2931	3	1681766	0.0000018
all	2949	2	1681766	0.0000012
all	2966	1	1681766	0.0000006
all	2974	1	1681766	0.0000006
all	2985	1	1681766	0.0000006
all	2986	1	1681766	0.0000006
all	3010	1	1681766	0.0000006
all	3019	1	1681766	0.0000006
all	3027	1	1681766	0.0000006
all	3041	1	1681766	0.0000006
all	3047	1	1681766	0.0000006
all	3100	1	1681766	0.0000006
all	3104	1	1681766	0.0000006
all	3122	1	1681766	0.0000006
all	3131	1	1681766	0.0000006
all	3133	1	1681766	0.0000006
all	3150	1	1681766	0.0000006
all	3171	1	1681766	0.0000006
all	3177	1	1681766	0.0000006
all	3178	1	1681766	0.0000006
all	3195	1	1681766	0.0000006
all	3197	1	1681766	0.0000006
all	3200	1	1681766	0.0000006
all	3208	1	1681766	0.0000006
all	3209	1	1681766	0.0000006
all	3211	1	1681766	0.0000006
all	3212	3	1681766	0.0000018
all	3217	1	1681766	0.0000006
all	3218	1	1681766	0.0000006
all	3219	1	1681766	0.0000006
all	3223	2	1681766	0.0000012
all	3224	1	1681766	0.0000006
all	3226	1	1681766	0.0000006
all	3227	1	1681766	0.0000006
all	3232	3	1681766	0.0000018
all	3235	2	1681766	0.0000012
all	3236	1	1681766	0.0000006
all	3237	2	1681766	0.0000012
all	3243	2	1681766	0.0000012
all	3245	2	1681766	0.0000012
all	3246	1	1681766	0.0000006
all	3248	3	1681766	0.0000018
all	3249	3	1681766	0.0000018
all	3251	3	1681766	0.0000018
all	3252	2	1681766	0.0000012
all	3254	1	1681766	0.0000006
all	3255	2	1681766	0.0000012
all	3256	1	1681766	0.0000006
all	3257	1	1681766	0.0000006
all	3258	2	1681766	0.0000012
all	3260	1	1681766	0.0000006
all	3261	2	1681766	0.0000012
all	3262	2	1681766	0.0000012
all	3263	2	1681766	0.0000012
all	3267	1	1681766	0.0000006
all	3268	1	1681766	0.0000006
all	3269	3	1681766	0.0000018
all	3270	3	1681766	0.0000018
all	3277	1	1681766	0.0000006
all	3278	1	1681766	0.0000006
all	3279	1	1681766	0.0000006
all	3280	1	1681766	0.0000006
all	3282	1	1681766	0.0000006
all	3284	1	1681766	0.0000006
all	3290	1	1681766	0.0000006
all	3291	1	1681766	0.0000006
all	3294	2	1681766	0.0000012
all	3298	1	1681766	0.0000006
all	3301	1	1681766	0.0000006
all	3305	1	1681766	0.0000006
all	3306	2	1681766	0.0000012
all	3307	2	1681766	0.0000012
all	3310	1	1681766	0.0000006
all	3311	2	1681766	0.0000012
all	3312	1	1681766	0.0000006
all	3313	1	1681766	0.0000006
all	3314	1	1681766	0.0000006
all	3315	2	1681766	0.0000012
all	3317	1	1681766	0.0000006
all	3321	1	1681766	0.0000006
all	3322	1	1681766	0.0000006
all	3324	1	1681766	0.0000006
all	3325	1	1681766	0.0000006
all	3327	3	1681766	0.0000018
all	3328	2	1681766	0.0000012
all	3330	1	1681766	0.0000006
all	3332	1	1681766	0.0000006
all	3336	1	1681766	0.0000006
all	3337	1	1681766	0.0000006
all	3338	5	1681766	0.0000030
all	3339	4	1681766	0.0000024
all	3340	1	1681766	0.0000006
all	3341	1	1681766	0.0000006
all	3342	1	1681766	0.0000006
all	3343	1	1681766	0.0000006
all	3344	2	1681766	0.0000012
all	3346	1	1681766	0.0000006
all	3348	1	1681766	0.0000006
all	3350	1	1681766	0.0000006
all	3353	1	1681766	0.0000006
all	3354	2	1681766	0.0000012
all	3355	1	1681766	0.0000006
all	3358	1	1681766	0.0000006
all	3361	3	1681766	0.0000018
all	3368	1	1681766	0.0000006
all	3369	1	1681766	0.0000006
all	3376	1	1681766	0.0000006
all	3379	1	1681766	0.0000006
all	3380	1	1681766	0.0000006
all	3382	1	1681766	0.0000006
all	3383	4	1681766	0.0000024
all	3387	1	1681766	0.0000006
all	3391	1	1681766	0.0000006
all	3393	1	1681766	0.0000006
all	3395	1	1681766	0.0000006
all	3397	1	1681766	0.0000006
all	3400	1	1681766	0.0000006
all	3401	2	1681766	0.0000012
all	3403	2	1681766	0.0000012
all	3405	1	1681766	0.0000006
all	3407	2	1681766	0.0000012
all	3408	1	1681766	0.0000006
all	3409	1	1681766	0.0000006
all	3411	2	1681766	0.0000012
all	3416	2	1681766	0.0000012
all	3421	3	1681766	0.0000018
all	3423	2	1681766	0.0000012
all	3428	2	1681766	0.0000012
all	3429	1	1681766	0.0000006
all	3431	1	1681766	0.0000006
all	3432	2	1681766	0.0000012
all	3433	2	1681766	0.0000012
all	3435	1	1681766	0.0000006
all	3436	1	1681766	0.0000006
all	3440	1	1681766	0.0000006
all	3442	2	1681766	0.0000012
all	3443	3	1681766	0.0000018
all	3447	1	1681766	0.0000006
all	3449	1	1681766	0.0000006
all	3450	3	1681766	0.0000018
all	3452	1	1681766	0.0000006
all	3453	2	1681766	0.0000012
all	3454	2	1681766	0.0000012
all	3457	1	1681766	0.0000006
all	3458	3	1681766	0.0000018
all	3459	1	1681766	0.0000006
all	3468	2	1681766	0.0000012
all	3470	2	1681766	0.0000012
all	3472	1	1681766	0.0000006
all	3475	1	1681766	0.0000006
all	3481	2	1681766	0.0000012
all	3483	1	1681766	0.0000006
all	3485	1	1681766	0.0000006
all	3489	1	1681766	0.0000006
all	3496	1	1681766	0.0000006
all	3501	1	1681766	0.0000006
all	3503	2	1681766	0.0000012
all	3504	1	1681766	0.0000006
all	3507	1	1681766	0.0000006
all	3508	1	1681766	0.0000006
all	3509	3	1681766	0.0000018
all	3511	1	1681766	0.0000006
all	3515	2	1681766	0.0000012
all	3516	2	1681766	0.0000012
all	3517	2	1681766	0.0000012
all	3518	3	1681766	0.0000018
all	3519	1	1681766	0.0000006
all	3527	3	1681766	0.0000018
all	3529	1	1681766	0.0000006
all	3530	2	1681766	0.0000012
all	3532	2	1681766	0.0000012
all	3541	1	1681766	0.0000006
all	3543	2	1681766	0.0000012
all	3549	2	1681766	0.0000012
all	3554	1	1681766	0.0000006
all	3555	1	1681766	0.0000006
all	3561	1	1681766	0.0000006
all	3562	2	1681766	0.0000012
all	3564	2	1681766	0.0000012
all	3578	2	1681766	0.0000012
all	3584	1	1681766	0.0000006
all	3594	2	1681766	0.0000012
all	3597	1	1681766	0.0000006
all	3612	2	1681766	0.0000012
all	3619	1	1681766	0.0000006
all	3621	1	1681766	0.0000006
all	3625	1	1681766	0.0000006
all	3650	1	1681766	0.0000006
all	3657	1	1681766	0.0000006
all	3658	1	1681766	0.0000006
all	3659	2	1681766	0.0000012
all	3662	1	1681766	0.0000006
all	3663	1	1681766	0.0000006
all	3664	1	1681766	0.0000006
all	3667	1	1681766	0.0000006
all	3672	2	1681766	0.0000012
all	3674	2	1681766	0.0000012
all	3676	2	1681766	0.0000012
all	3679	1	1681766	0.0000006
all	3685	1	1681766	0.0000006
all	3686	1	1681766	0.0000006
all	3690	1	1681766	0.0000006
all	3692	1	1681766	0.0000006
all	3694	2	1681766	0.0000012
all	3702	1	1681766	0.0000006
all	3703	2	1681766	0.0000012
all	3710	1	1681766	0.0000006
all	3720	1	1681766	0.0000006
all	3722	2	1681766	0.0000012
all	3726	1	1681766	0.0000006
all	3745	1	1681766	0.0000006
all	3753	1	1681766	0.0000006
all	3763	2	1681766	0.0000012
all	3771	1	1681766	0.0000006
all	3774	1	1681766	0.0000006
all	3777	1	1681766	0.0000006
all	3780	2	1681766	0.0000012
all	3781	1	1681766	0.0000006
all	3782	1	1681766	0.0000006
all	3784	1	1681766	0.0000006
all	3786	1	1681766	0.0000006
all	3787	1	1681766	0.0000006
all	3788	1	1681766	0.0000006
all	3797	1	1681766	0.0000006
all	3804	1	1681766	0.0000006
all	3807	1	1681766	0.0000006
all	3819	2	1681766	0.0000012
all	3821	1	1681766	0.0000006
all	3836	1	1681766	0.0000006
all	3838	2	1681766	0.0000012
all	3844	1	1681766	0.0000006
all	3846	1	1681766	0.0000006
all	3851	1	1681766	0.0000006
all	3856	1	1681766	0.0000006
all	3857	2	1681766	0.0000012
all	3859	1	1681766	0.0000006
all	3863	1	1681766	0.0000006
all	3870	1	1681766	0.0000006
all	3872	3	1681766	0.0000018
all	3873	1	1681766	0.0000006
all	3874	1	1681766	0.0000006
all	3881	1	1681766	0.0000006
all	3890	1	1681766	0.0000006
all	3892	2	1681766	0.0000012
all	3898	1	1681766	0.0000006
all	3900	1	1681766	0.0000006
all	3910	1	1681766	0.0000006
all	3912	3	1681766	0.0000018
all	3915	2	1681766	0.0000012
all	3918	2	1681766	0.0000012
all	3920	1	1681766	0.0000006
all	3921	1	1681766	0.0000006
all	3924	1	1681766	0.0000006
all	3927	1	1681766	0.0000006
all	3930	1	1681766	0.0000006
all	3931	2	1681766	0.0000012
all	3934	2	1681766	0.0000012
all	3940	2	1681766	0.0000012
all	3943	2	1681766	0.0000012
all	3944	2	1681766	0.0000012
all	3949	2	1681766	0.0000012
all	3951	1	1681766	0.0000006
all	3952	1	1681766	0.0000006
all	3955	3	1681766	0.0000018
all	3957	2	1681766	0.0000012
all	3958	1	1681766	0.0000006
all	3959	1	1681766	0.0000006
all	3967	1	1681766	0.0000006
all	3973	1	1681766	0.0000006
all	3974	1	1681766	0.0000006
all	3977	1	1681766	0.0000006
all	3978	1	1681766	0.0000006
all	3980	1	1681766	0.0000006
all	3986	2	1681766	0.0000012
all	3998	1	1681766	0.0000006
all	3999	3	1681766	0.0000018
all	4000	1	1681766	0.0000006
all	4001	1	1681766	0.0000006
all	4002	1	1681766	0.0000006
all	4009	3	1681766	0.0000018
all	4011	2	1681766	0.0000012
all	4012	1	1681766	0.0000006
all	4013	1	1681766	0.0000006
all	4019	1	1681766	0.0000006
all	4020	1	1681766	0.0000006
all	4024	3	1681766	0.0000018
all	4025	2	1681766	0.0000012
all	4030	4	1681766	0.0000024
all	4032	4	1681766	0.0000024
all	4035	2	1681766	0.0000012
all	4038	1	1681766	0.0000006
all	4041	3	1681766	0.0000018
all	4043	2	1681766	0.0000012
all	4045	4	1681766	0.0000024
all	4054	3	1681766	0.0000018
all	4055	1	1681766	0.0000006
all	4058	1	1681766	0.0000006
all	4059	2	1681766	0.0000012
all	4060	1	1681766	0.0000006
all	4063	1	1681766	0.0000006
all	4066	3	1681766	0.0000018
all	4067	2	1681766	0.0000012
all	4068	2	1681766	0.0000012
all	4069	1	1681766	0.0000006
all	4070	2	1681766	0.0000012
all	4074	1	1681766	0.0000006
all	4082	6	1681766	0.0000036
all	4088	2	1681766	0.0000012
all	4091	1	1681766	0.0000006
all	4097	1	1681766	0.0000006
all	4099	1	1681766	0.0000006
all	4101	3	1681766	0.0000018
all	4103	1	1681766	0.0000006
all	4106	2	1681766	0.0000012
all	4108	1	1681766	0.0000006
all	4112	5	1681766	0.0000030
all	4113	2	1681766	0.0000012
all	4117	1	1681766	0.0000006
all	4120	1	1681766	0.0000006
all	4123	1	1681766	0.0000006
all	4125	2	1681766	0.0000012
all	4126	2	1681766	0.0000012
all	4128	1	1681766	0.0000006
all	4130	2	1681766	0.0000012
all	4132	1	1681766	0.0000006
all	4133	2	1681766	0.0000012
all	4139	1	1681766	0.0000006
all	4140	3	1681766	0.0000018
all	4141	1	1681766	0.0000006
all	4143	1	1681766	0.0000006
all	4144	1	1681766	0.0000006
all	4146	3	1681766	0.0000018
all	4150	1	1681766	0.0000006
all	4152	2	1681766	0.0000012
all	4156	4	1681766	0.0000024
all	4157	1	1681766	0.0000006
all	4160	2	1681766	0.0000012
all	4161	2	1681766	0.0000012
all	4164	2	1681766	0.0000012
all	4165	1	1681766	0.0000006
all	4172	1	1681766	0.0000006
all	4175	2	1681766	0.0000012
all	4176	1	1681766	0.0000006
all	4177	1	1681766	0.0000006
all	4179	2	1681766	0.0000012
all	4181	3	1681766	0.0000018
all	4182	3	1681766	0.0000018
all	4183	1	1681766	0.0000006
all	4184	4	1681766	0.0000024
all	4188	1	1681766	0.0000006
all	4189	1	1681766	0.0000006
all	4190	1	1681766	0.0000006
all	4197	1	1681766	0.0000006
all	4200	2	1681766	0.0000012
all	4206	1	1681766	0.0000006
all	4207	2	1681766	0.0000012
all	4210	3	1681766	0.0000018
all	4217	2	1681766	0.0000012
all	4218	3	1681766	0.0000018
all	4220	1	1681766	0.0000006
all	4225	1	1681766	0.0000006
all	4229	1	1681766	0.0000006
all	4230	1	1681766	0.0000006
all	4235	1	1681766	0.0000006
all	4246	3	1681766	0.0000018
all	4248	1	1681766	0.0000006
all	4253	2	1681766	0.0000012
all	4268	4	1681766	0.0000024
all	4270	2	1681766	0.0000012
all	4274	4	1681766	0.0000024
all	4280	2	1681766	0.0000012
all	4287	1	1681766	0.0000006
all	4289	6	1681766	0.0000036
all	4292	1	1681766	0.0000006
all	4309	1	1681766	0.0000006
all	4310	1	1681766	0.0000006
all	4313	2	1681766	0.0000012
all	4314	1	1681766	0.0000006
all	4323	1	1681766	0.0000006
all	4324	2	1681766	0.0000012
all	4327	3	1681766	0.0000018
all	4331	2	1681766	0.0000012
all	4333	1	1681766	0.0000006
all	4335	1	1681766	0.0000006
all	4338	2	1681766	0.0000012
all	4339	1	1681766	0.0000006
all	4342	1	1681766	0.0000006
all	4347	1	1681766	0.0000006
all	4351	1	1681766	0.0000006
all	4353	4	1681766	0.0000024
all	4355	5	1681766	0.0000030
all	4361	1	1681766	0.0000006
all	4362	2	1681766	0.0000012
all	4364	1	1681766	0.0000006
all	4371	2	1681766	0.0000012
all	4373	2	1681766	0.0000012
all	4374	1	1681766	0.0000006
all	4377	4	1681766	0.0000024
all	4378	1	1681766	0.0000006
all	4382	1	1681766	0.0000006
all	4389	1	1681766	0.0000006
all	4392	4	1681766	0.0000024
all	4394	1	1681766	0.0000006
all	4397	1	1681766	0.0000006
all	4408	1	1681766	0.0000006
all	4410	4	1681766	0.0000024
all	4413	4	1681766	0.0000024
all	4415	2	1681766	0.0000012
all	4416	1	1681766	0.0000006
all	4418	1	1681766	0.0000006
all	4426	5	1681766	0.0000030
all	4428	1	1681766	0.0000006
all	4433	1	1681766	0.0000006
all	4438	1	1681766	0.0000006
all	4439	1	1681766	0.0000006
all	4441	1	1681766	0.0000006
all	4443	5	1681766	0.0000030
all	4447	1	1681766	0.0000006
all	4449	1	1681766	0.0000006
all	4450	1	1681766	0.0000006
all	4451	1	1681766	0.0000006
all	4454	1	1681766	0.0000006
all	4457	3	1681766	0.0000018
all	4462	5	1681766	0.0000030
all	4468	1	1681766	0.0000006
all	4469	5	1681766	0.0000030
all	4471	1	1681766	0.0000006
all	4472	1	1681766	0.0000006
all	4474	2	1681766	0.0000012
all	4475	1	1681766	0.0000006
all	4476	2	1681766	0.0000012
all	4481	1	1681766	0.0000006
all	4485	2	1681766	0.0000012
all	4489	5	1681766	0.0000030
all	4492	2	1681766	0.0000012
all	4493	5	1681766	0.0000030
all	4499	2	1681766	0.0000012
all	4502	8	1681766	0.0000048
all	4504	5	1681766	0.0000030
all	4505	5	1681766	0.0000030
all	4507	5	1681766	0.0000030
all	4509	1	1681766	0.0000006
all	4511	5	1681766	0.0000030
all	4512	6	1681766	0.0000036
all	4513	1	1681766	0.0000006
all	4515	5	1681766	0.0000030
all	4520	10	1681766	0.0000059
all	4524	10	1681766	0.0000059
all	4528	10	1681766	0.0000059
all	4529	2	1681766	0.0000012
all	4532	5	1681766	0.0000030
all	4533	15	1681766	0.0000089
all	4534	1	1681766	0.0000006
all	4535	1	1681766	0.0000006
all	4536	5	1681766	0.0000030
all	4540	1	1681766	0.0000006
all	4544	1	1681766	0.0000006
all	4546	5	1681766	0.0000030
all	4548	2	1681766	0.0000012
all	4552	1	1681766	0.0000006
all	4553	5	1681766	0.0000030
all	4555	5	1681766	0.0000030
all	4557	5	1681766	0.0000030
all	4560	2	1681766	0.0000012
all	4561	1	1681766	0.0000006
all	4564	5	1681766	0.0000030
all	4567	1	1681766	0.0000006
all	4568	5	1681766	0.0000030
all	4572	16	1681766	0.0000095
all	4575	10	1681766	0.0000059
all	4576	1	1681766	0.0000006
all	4577	1	1681766	0.0000006
all	4579	5	1681766	0.0000030
all	4580	3	1681766	0.0000018
all	4583	1	1681766	0.0000006
all	4584	1	1681766	0.0000006
all	4588	1	1681766	0.0000006
all	4591	1	1681766	0.0000006
all	4592	2	1681766	0.0000012
all	4594	6	1681766	0.0000036
all	4596	1	1681766	0.0000006
all	4599	2	1681766	0.0000012
all	4600	5	1681766	0.0000030
all	4601	1	1681766	0.0000006
all	4603	1	1681766	0.0000006
all	4607	1	1681766	0.0000006
all	4609	1	1681766	0.0000006
all	4611	2	1681766	0.0000012
all	4612	1	1681766	0.0000006
all	4613	1	1681766	0.0000006
all	4615	5	1681766	0.0000030
all	4618	1	1681766	0.0000006
all	4619	1	1681766	0.0000006
all	4622	3	1681766	0.0000018
all	4624	1	1681766	0.0000006
all	4625	1	1681766	0.0000006
all	4627	1	1681766	0.0000006
all	4629	6	1681766	0.0000036
all	4632	1	1681766	0.0000006
all	4634	1	1681766	0.0000006
all	4635	6	1681766	0.0000036
all	4637	1	1681766	0.0000006
all	4639	1	1681766	0.0000006
all	4641	1	1681766	0.0000006
all	4642	1	1681766	0.0000006
all	4644	1	1681766	0.0000006
all	4646	1	1681766	0.0000006
all	4647	1	1681766	0.0000006
all	4650	5	1681766	0.0000030
all	4652	6	1681766	0.0000036
all	4653	2	1681766	0.0000012
all	4655	6	1681766	0.0000036
all	4656	7	1681766	0.0000042
all	4659	7	1681766	0.0000042
all	4660	1	1681766	0.0000006
all	4663	1	1681766	0.0000006
all	4664	6	1681766	0.0000036
all	4668	3	1681766	0.0000018
all	4669	1	1681766	0.0000006
all	4671	7	1681766	0.0000042
all	4672	1	1681766	0.0000006
all	4673	3	1681766	0.0000018
all	4674	6	1681766	0.0000036
all	4676	1	1681766	0.0000006
all	4677	1	1681766	0.0000006
all	4678	2	1681766	0.0000012
all	4679	6	1681766	0.0000036
all	4680	6	1681766	0.0000036
all	4682	1	1681766	0.0000006
all	4683	1	1681766	0.0000006
all	4684	6	1681766	0.0000036
all	4685	7	1681766	0.0000042
all	4687	1	1681766	0.0000006
all	4688	6	1681766	0.0000036
all	4691	12	1681766	0.0000071
all	4692	1	1681766	0.0000006
all	4693	6	1681766	0.0000036
all	4696	6	1681766	0.0000036
all	4697	10	1681766	0.0000059
all	4699	2	1681766	0.0000012
all	4701	1	1681766	0.0000006
all	4705	7	1681766	0.0000042
all	4710	2	1681766	0.0000012
all	4713	2	1681766	0.0000012
all	4715	2	1681766	0.0000012
all	4719	1	1681766	0.0000006
all	4726	1	1681766	0.0000006
all	4727	1	1681766	0.0000006
all	4728	2	1681766	0.0000012
all	4733	1	1681766	0.0000006
all	4734	1	1681766	0.0000006
all	4737	1	1681766	0.0000006
all	4738	1	1681766	0.0000006
all	4741	1	1681766	0.0000006
all	4742	1	1681766	0.0000006
all	4744	2	1681766	0.0000012
all	4747	2	1681766	0.0000012
all	4748	1	1681766	0.0000006
all	4750	1	1681766	0.0000006
all	4751	1	1681766	0.0000006
all	4754	2	1681766	0.0000012
all	4756	2	1681766	0.0000012
all	4759	1	1681766	0.0000006
all	4761	3	1681766	0.0000018
all	4768	1	1681766	0.0000006
all	4769	2	1681766	0.0000012
all	4772	1	1681766	0.0000006
all	4776	1	1681766	0.0000006
all	4781	2	1681766	0.0000012
all	4784	2	1681766	0.0000012
all	4786	2	1681766	0.0000012
all	4789	1	1681766	0.0000006
all	4791	3	1681766	0.0000018
all	4801	2	1681766	0.0000012
all	4802	2	1681766	0.0000012
all	4807	2	1681766	0.0000012
all	4808	3	1681766	0.0000018
all	4810	2	1681766	0.0000012
all	4814	1	1681766	0.0000006
all	4816	1	1681766	0.0000006
all	4817	2	1681766	0.0000012
all	4819	4	1681766	0.0000024
all	4825	2	1681766	0.0000012
all	4829	1	1681766	0.0000006
all	4831	1	1681766	0.0000006
all	4836	3	1681766	0.0000018
all	4839	1	1681766	0.0000006
all	4841	1	1681766	0.0000006
all	4842	2	1681766	0.0000012
all	4844	3	1681766	0.0000018
all	4845	1	1681766	0.0000006
all	4848	2	1681766	0.0000012
all	4850	2	1681766	0.0000012
all	4855	2	1681766	0.0000012
all	4858	2	1681766	0.0000012
all	4859	1	1681766	0.0000006
all	4860	1	1681766	0.0000006
all	4861	1	1681766	0.0000006
all	4862	1	1681766	0.0000006
all	4863	2	1681766	0.0000012
all	4864	2	1681766	0.0000012
all	4865	3	1681766	0.0000018
all	4868	1	1681766	0.0000006
all	4872	1	1681766	0.0000006
all	4873	1	1681766	0.0000006
all	4878	3	1681766	0.0000018
all	4881	2	1681766	0.0000012
all	4883	1	1681766	0.0000006
all	4886	1	1681766	0.0000006
all	4887	2	1681766	0.0000012
all	4888	3	1681766	0.0000018
all	4889	1	1681766	0.0000006
all	4895	1	1681766	0.0000006
all	4901	3	1681766	0.0000018
all	4902	1	1681766	0.0000006
all	4903	2	1681766	0.0000012
all	4905	2	1681766	0.0000012
all	4906	2	1681766	0.0000012
all	4909	2	1681766	0.0000012
all	4910	2	1681766	0.0000012
all	4911	1	1681766	0.0000006
all	4912	1	1681766	0.0000006
all	4913	1	1681766	0.0000006
all	4915	1	1681766	0.0000006
all	4921	1	1681766	0.0000006
all	4923	1	1681766	0.0000006
all	4926	1	1681766	0.0000006
all	4927	2	1681766	0.0000012
all	4928	2	1681766	0.0000012
all	4930	1	1681766	0.0000006
all	4931	2	1681766	0.0000012
all	4934	1	1681766	0.0000006
all	4938	2	1681766	0.0000012
all	4940	1	1681766	0.0000006
all	4942	1	1681766	0.0000006
all	4946	1	1681766	0.0000006
all	4949	1	1681766	0.0000006
all	4952	1	1681766	0.0000006
all	4954	1	1681766	0.0000006
all	4956	1	1681766	0.0000006
all	4957	1	1681766	0.0000006
all	4959	1	1681766	0.0000006
all	4965	1	1681766	0.0000006
all	4967	2	1681766	0.0000012
all	4969	1	1681766	0.0000006
all	4971	1	1681766	0.0000006
all	4972	1	1681766	0.0000006
all	4973	2	1681766	0.0000012
all	4974	1	1681766	0.0000006
all	4977	1	1681766	0.0000006
all	4982	2	1681766	0.0000012
all	4983	1	1681766	0.0000006
all	4985	2	1681766	0.0000012
all	4988	1	1681766	0.0000006
all	4989	1	1681766	0.0000006
all	4992	2	1681766	0.0000012
all	4993	1	1681766	0.0000006
all	4994	1	1681766	0.0000006
all	4999	1	1681766	0.0000006
all	5001	1	1681766	0.0000006
all	5002	1	1681766	0.0000006
all	5005	1	1681766	0.0000006
all	5008	1	1681766	0.0000006
all	5010	2	1681766	0.0000012
all	5011	1	1681766	0.0000006
all	5013	2	1681766	0.0000012
all	5018	1	1681766	0.0000006
all	5019	2	1681766	0.0000012
all	5021	2	1681766	0.0000012
all	5023	1	1681766	0.0000006
all	5032	1	1681766	0.0000006
all	5035	2	1681766	0.0000012
all	5038	1	1681766	0.0000006
all	5041	2	1681766	0.0000012
all	5042	1	1681766	0.0000006
all	5048	1	1681766	0.0000006
all	5049	2	1681766	0.0000012
all	5053	1	1681766	0.0000006
all	5054	2	1681766	0.0000012
all	5058	1	1681766	0.0000006
all	5059	2	1681766	0.0000012
all	5061	2	1681766	0.0000012
all	5063	4	1681766	0.0000024
all	5066	2	1681766	0.0000012
all	5067	1	1681766	0.0000006
all	5068	1	1681766	0.0000006
all	5069	2	1681766	0.0000012
all	5070	1	1681766	0.0000006
all	5071	2	1681766	0.0000012
all	5072	1	1681766	0.0000006
all	5074	1	1681766	0.0000006
all	5076	2	1681766	0.0000012
all	5077	1	1681766	0.0000006
all	5078	4	1681766	0.0000024
all	5085	3	1681766	0.0000018
all	5086	1	1681766	0.0000006
all	5087	2	1681766	0.0000012
all	5088	1	1681766	0.0000006
all	5089	1	1681766	0.0000006
all	5091	2	1681766	0.0000012
all	5092	2	1681766	0.0000012
all	5093	4	1681766	0.0000024
all	5097	2	1681766	0.0000012
all	5098	3	1681766	0.0000018
all	5099	1	1681766	0.0000006
all	5100	2	1681766	0.0000012
all	5107	2	1681766	0.0000012
all	5108	1	1681766	0.0000006
all	5110	1	1681766	0.0000006
all	5116	2	1681766	0.0000012
all	5117	2	1681766	0.0000012
all	5118	2	1681766	0.0000012
all	5120	2	1681766	0.0000012
all	5123	2	1681766	0.0000012
all	5125	2	1681766	0.0000012
all	5126	1	1681766	0.0000006
all	5127	6	1681766	0.0000036
all	5128	2	1681766	0.0000012
all	5132	2	1681766	0.0000012
all	5137	1	1681766	0.0000006
all	5138	3	1681766	0.0000018
all	5139	1	1681766	0.0000006
all	5141	4	1681766	0.0000024
all	5142	1	1681766	0.0000006
all	5144	4	1681766	0.0000024
all	5145	3	1681766	0.0000018
all	5146	1	1681766	0.0000006
all	5148	2	1681766	0.0000012
all	5150	2	1681766	0.0000012
all	5151	1	1681766	0.0000006
all	5156	1	1681766	0.0000006
all	5157	1	1681766	0.0000006
all	5160	2	1681766	0.0000012
all	5163	2	1681766	0.0000012
all	5164	1	1681766	0.0000006
all	5167	2	1681766	0.0000012
all	5168	3	1681766	0.0000018
all	5177	2	1681766	0.0000012
all	5179	5	1681766	0.0000030
all	5186	2	1681766	0.0000012
all	5190	2	1681766	0.0000012
all	5191	1	1681766	0.0000006
all	5192	2	1681766	0.0000012
all	5199	1	1681766	0.0000006
all	5203	2	1681766	0.0000012
all	5204	1	1681766	0.0000006
all	5207	2	1681766	0.0000012
all	5208	1	1681766	0.0000006
all	5210	1	1681766	0.0000006
all	5230	2	1681766	0.0000012
all	5232	2	1681766	0.0000012
all	5238	1	1681766	0.0000006
all	5239	1	1681766	0.0000006
all	5242	1	1681766	0.0000006
all	5243	1	1681766	0.0000006
all	5245	1	1681766	0.0000006
all	5249	1	1681766	0.0000006
all	5250	1	1681766	0.0000006
all	5253	1	1681766	0.0000006
all	5254	1	1681766	0.0000006
all	5256	1	1681766	0.0000006
all	5257	2	1681766	0.0000012
all	5259	1	1681766	0.0000006
all	5261	2	1681766	0.0000012
all	5263	2	1681766	0.0000012
all	5267	1	1681766	0.0000006
all	5269	2	1681766	0.0000012
all	5271	1	1681766	0.0000006
all	5273	3	1681766	0.0000018
all	5276	3	1681766	0.0000018
all	5278	3	1681766	0.0000018
all	5279	1	1681766	0.0000006
all	5280	3	1681766	0.0000018
all	5284	1	1681766	0.0000006
all	5286	3	1681766	0.0000018
all	5288	2	1681766	0.0000012
all	5289	5	1681766	0.0000030
all	5290	3	1681766	0.0000018
all	5292	1	1681766	0.0000006
all	5293	1	1681766	0.0000006
all	5294	1	1681766	0.0000006
all	5295	1	1681766	0.0000006
all	5298	1	1681766	0.0000006
all	5299	2	1681766	0.0000012
all	5300	3	1681766	0.0000018
all	5301	2	1681766	0.0000012
all	5305	1	1681766	0.0000006
all	5306	3	1681766	0.0000018
all	5307	1	1681766	0.0000006
all	5309	1	1681766	0.0000006
all	5310	2	1681766	0.0000012
all	5311	2	1681766	0.0000012
all	5314	2	1681766	0.0000012
all	5315	1	1681766	0.0000006
all	5316	1	1681766	0.0000006
all	5319	4	1681766	0.0000024
all	5320	2	1681766	0.0000012
all	5321	2	1681766	0.0000012
all	5324	1	1681766	0.0000006
all	5325	2	1681766	0.0000012
all	5326	2	1681766	0.0000012
all	5327	1	1681766	0.0000006
all	5328	2	1681766	0.0000012
all	5329	1	1681766	0.0000006
all	5332	3	1681766	0.0000018
all	5333	1	1681766	0.0000006
all	5334	1	1681766	0.0000006
all	5335	3	1681766	0.0000018
all	5336	1	1681766	0.0000006
all	5337	3	1681766	0.0000018
all	5338	2	1681766	0.0000012
all	5345	1	1681766	0.0000006
all	5347	1	1681766	0.0000006
all	5349	1	1681766	0.0000006
all	5353	3	1681766	0.0000018
all	5357	1	1681766	0.0000006
all	5358	2	1681766	0.0000012
all	5360	1	1681766	0.0000006
all	5361	1	1681766	0.0000006
all	5365	2	1681766	0.0000012
all	5368	1	1681766	0.0000006
all	5372	2	1681766	0.0000012
all	5374	2	1681766	0.0000012
all	5375	1	1681766	0.0000006
all	5378	1	1681766	0.0000006
all	5382	1	1681766	0.0000006
all	5391	1	1681766	0.0000006
all	5400	1	1681766	0.0000006
all	5403	1	1681766	0.0000006
all	5407	1	1681766	0.0000006
all	5419	1	1681766	0.0000006
all	5426	1	1681766	0.0000006
all	5430	1	1681766	0.0000006
all	5433	1	1681766	0.0000006
all	5439	1	1681766	0.0000006
all	5440	3	1681766	0.0000018
all	5441	1	1681766	0.0000006
all	5447	1	1681766	0.0000006
all	5459	1	1681766	0.0000006
all	5462	1	1681766	0.0000006
all	5498	1	1681766	0.0000006
all	5512	1	1681766	0.0000006
all	5530	1	1681766	0.0000006
all	5539	2	1681766	0.0000012
all	5541	1	1681766	0.0000006
all	5581	1	1681766	0.0000006
all	5618	1	1681766	0.0000006
all	5637	2	1681766	0.0000012
all	5680	1	1681766	0.0000006
all	5748	1	1681766	0.0000006
all	5764	2	1681766	0.0000012
all	5775	1	1681766	0.0000006
all	5778	2	1681766	0.0000012
all	5789	1	1681766	0.0000006
all	5817	2	1681766	0.0000012
all	5847	1	1681766	0.0000006
all	5851	2	1681766	0.0000012
all	5877	1	1681766	0.0000006
all	5880	2	1681766	0.0000012
all	5884	1	1681766	0.0000006
all	5925	2	1681766	0.0000012
all	6025	1	1681766	0.0000006
all	6031	1	1681766	0.0000006
all	6097	1	1681766	0.0000006
all	6114	1	1681766	0.0000006
all	6142	2	1681766	0.0000012
all	6150	2	1681766	0.0000012
all	6168	1	1681766	0.0000006
all	6186	2	1681766	0.0000012
all	6214	2	1681766	0.0000012
all	6221	2	1681766	0.0000012
all	6232	1	1681766	0.0000006
all	6241	2	1681766	0.0000012
all	6244	2	1681766	0.0000012
all	6251	1	1681766	0.0000006
all	6266	2	1681766	0.0000012
all	6272	1	1681766	0.0000006
all	6287	2	1681766	0.0000012
all	6293	2	1681766	0.0000012
all	6310	2	1681766	0.0000012
all	6333	2	1681766	0.0000012
all	6347	1	1681766	0.0000006
all	6366	2	1681766	0.0000012
all	6397	2	1681766	0.0000012
all	6425	1	1681766	0.0000006
all	6429	2	1681766	0.0000012
all	6456	2	1681766	0.0000012
all	6483	2	1681766	0.0000012
all	6506	2	1681766	0.0000012
all	6524	1	1681766	0.0000006
all	6541	3	1681766	0.0000018
all	6546	1	1681766	0.0000006
all	6550	6	1681766	0.0000036
all	6552	3	1681766	0.0000018
all	6568	2	1681766	0.0000012
all	6575	2	1681766	0.0000012
all	6586	2	1681766	0.0000012
all	6596	1	1681766	0.0000006
all	6609	3	1681766	0.0000018
all	6610	1	1681766	0.0000006
all	6620	1	1681766	0.0000006
all	6623	2	1681766	0.0000012
all	6644	1	1681766	0.0000006
all	6649	2	1681766	0.0000012
all	6653	1	1681766	0.0000006
all	6669	2	1681766	0.0000012
all	6680	1	1681766	0.0000006
all	6683	3	1681766	0.0000018
all	6684	1	1681766	0.0000006
all	6702	2	1681766	0.0000012
all	6720	1	1681766	0.0000006
all	6723	2	1681766	0.0000012
all	6735	1	1681766	0.0000006
all	6750	2	1681766	0.0000012
all	6751	1	1681766	0.0000006
all	6752	1	1681766	0.0000006
all	6756	1	1681766	0.0000006
all	6759	1	1681766	0.0000006
all	6762	1	1681766	0.0000006
all	6767	2	1681766	0.0000012
all	6775	1	1681766	0.0000006
all	6778	1	1681766	0.0000006
all	6784	2	1681766	0.0000012
all	6792	2	1681766	0.0000012
all	6808	2	1681766	0.0000012
all	6809	1	1681766	0.0000006
all	6814	1	1681766	0.0000006
all	6817	2	1681766	0.0000012
all	6818	2	1681766	0.0000012
all	6823	2	1681766	0.0000012
all	6847	3	1681766	0.0000018
all	6852	1	1681766	0.0000006
all	6868	2	1681766	0.0000012
all	6876	2	1681766	0.0000012
all	6893	2	1681766	0.0000012
all	6897	2	1681766	0.0000012
all	6898	2	1681766	0.0000012
all	6899	1	1681766	0.0000006
all	6916	1	1681766	0.0000006
all	6917	1	1681766	0.0000006
all	6923	1	1681766	0.0000006
all	6932	1	1681766	0.0000006
all	6933	1	1681766	0.0000006
all	6939	1	1681766	0.0000006
all	6941	1	1681766	0.0000006
all	6942	1	1681766	0.0000006
all	6943	1	1681766	0.0000006
all	6948	1	1681766	0.0000006
all	6954	1	1681766	0.0000006
all	6957	2	1681766	0.0000012
all	6959	1	1681766	0.0000006
all	6981	1	1681766	0.0000006
all	7013	1	1681766	0.0000006
all	7018	1	1681766	0.0000006
all	7025	1	1681766	0.0000006
all	7040	1	1681766	0.0000006
all	7045	1	1681766	0.0000006
all	7046	1	1681766	0.0000006
all	7056	2	1681766	0.0000012
all	7065	1	1681766	0.0000006
all	7107	2	1681766	0.0000012
all	7110	1	1681766	0.0000006
all	7128	1	1681766	0.0000006
all	7133	1	1681766	0.0000006
all	7141	1	1681766	0.0000006
all	7150	1	1681766	0.0000006
all	7169	1	1681766	0.0000006
all	7172	1	1681766	0.0000006
all	7180	2	1681766	0.0000012
all	7182	1	1681766	0.0000006
all	7184	1	1681766	0.0000006
all	7186	1	1681766	0.0000006
all	7189	1	1681766	0.0000006
all	7199	1	1681766	0.0000006
all	7202	1	1681766	0.0000006
all	7205	2	1681766	0.0000012
all	7209	2	1681766	0.0000012
all	7211	1	1681766	0.0000006
all	7214	1	1681766	0.0000006
all	7217	1	1681766	0.0000006
all	7224	1	1681766	0.0000006
all	7237	2	1681766	0.0000012
all	7266	1	1681766	0.0000006
all	7271	2	1681766	0.0000012
all	7306	2	1681766	0.0000012
all	7322	1	1681766	0.0000006
all	7350	2	1681766	0.0000012
all	7386	2	1681766	0.0000012
all	7412	1	1681766	0.0000006
all	7418	2	1681766	0.0000012
all	7478	1	1681766	0.0000006
all	7492	2	1681766	0.0000012
all	7528	2	1681766	0.0000012
all	7531	2	1681766	0.0000012
all	7558	2	1681766	0.0000012
all	7561	2	1681766	0.0000012
all	7580	2	1681766	0.0000012
all	7612	2	1681766	0.0000012
all	7616	2	1681766	0.0000012
all	7665	2	1681766	0.0000012
all	7687	2	1681766	0.0000012
all	7707	2	1681766	0.0000012
all	7720	2	1681766	0.0000012
all	7752	2	1681766	0.0000012
all	7798	2	1681766	0.0000012
all	7834	2	1681766	0.0000012
all	7860	2	1681766	0.0000012
all	7921	2	1681766	0.0000012
all	7976	3	1681766	0.0000018
all	8028	2	1681766	0.0000012
all	8073	3	1681766	0.0000018
all	8250	2	1681766	0.0000012
all	8288	3	1681766	0.0000018
all	8296	2	1681766	0.0000012
all	8460	3	1681766	0.0000018
all	8554	2	1681766	0.0000012
all	8576	3	1681766	0.0000018
all	8603	3	1681766	0.0000018
all	8665	3	1681766	0.0000018
all	8710	3	1681766	0.0000018
all	8712	2	1681766	0.0000012
all	8742	3	1681766	0.0000018
all	8746	2	1681766	0.0000012
all	8768	2	1681766	0.0000012
all	8820	2	1681766	0.0000012
all	8823	3	1681766	0.0000018
all	8914	2	1681766	0.0000012
all	8925	3	1681766	0.0000018
all	9024	3	1681766	0.0000018
all	9041	2	1681766	0.0000012
all	9078	3	1681766	0.0000018
all	9112	2	1681766	0.0000012
all	9121	3	1681766	0.0000018
all	9148	3	1681766	0.0000018
all	9164	3	1681766	0.0000018
all	9208	3	1681766	0.0000018
all	9245	3	1681766	0.0000018
all	9246	2	1681766	0.0000012
all	9285	3	1681766	0.0000018
all	9315	3	1681766	0.0000018
all	9358	3	1681766	0.0000018
all	9359	2	1681766	0.0000012
all	9438	3	1681766	0.0000018
all	9447	2	1681766	0.0000012
all	9520	2	1681766	0.0000012
all	9571	2	1681766	0.0000012
all	9618	2	1681766	0.0000012
all	9672	2	1681766	0.0000012
all	9742	2	1681766	0.0000012
all	9743	2	1681766	0.0000012
all	9756	2	1681766	0.0000012
all	9779	2	1681766	0.0000012
all	9806	2	1681766	0.0000012
all	9812	2	1681766	0.0000012
all	9837	2	1681766	0.0000012
all	9839	2	1681766	0.0000012
all	9857	1	1681766	0.0000006
all	9866	1	1681766	0.0000006
all	9877	1	1681766	0.0000006
all	9888	2	1681766	0.0000012
all	9891	1	1681766	0.0000006
all	9906	1	1681766	0.0000006
all	9944	2	1681766	0.0000012
all	9961	2	1681766	0.0000012
all	9978	1	1681766	0.0000006
all	9993	2	1681766	0.0000012
all	9997	3	1681766	0.0000018
all	10017	1	1681766	0.0000006
all	10055	1	1681766	0.0000006
all	10090	3	1681766	0.0000018
all	10130	3	1681766	0.0000018
all	10156	3	1681766	0.0000018
all	10167	1	1681766	0.0000006
all	10171	3	1681766	0.0000018
all	10185	1	1681766	0.0000006
all	10190	3	1681766	0.0000018
all	10221	1	1681766	0.0000006
all	10244	1	1681766	0.0000006
all	10250	1	1681766	0.0000006
all	10260	3	1681766	0.0000018
all	10265	3	1681766	0.0000018
all	10293	2	1681766	0.0000012
all	10294	3	1681766	0.0000018
all	10307	2	1681766	0.0000012
all	10339	1	1681766	0.0000006
all	10433	1	1681766	0.0000006
all	10441	2	1681766	0.0000012
all	10443	1	1681766	0.0000006
all	10471	2	1681766	0.0000012
all	10489	2	1681766	0.0000012
all	10503	4	1681766	0.0000024
all	10510	2	1681766	0.0000012
all	10511	2	1681766	0.0000012
all	10553	2	1681766	0.0000012
all	10569	1	1681766	0.0000006
all	10578	2	1681766	0.0000012
all	10595	1	1681766	0.0000006
all	10599	2	1681766	0.0000012
all	10606	2	1681766	0.0000012
all	10613	2	1681766	0.0000012
all	10616	1	1681766	0.0000006
all	10637	2	1681766	0.0000012
all	10645	2	1681766	0.0000012
all	10673	2	1681766	0.0000012
all	10674	2	1681766	0.0000012
