all	0	186818	1681766	0.1110844
all	1	25327	1681766	0.0150598
all	2	44215	1681766	0.0262908
all	3	21403	1681766	0.0127265
all	4	27974	1681766	0.0166337
all	5	18354	1681766	0.0109135
all	6	18780	1681766	0.0111668
all	7	14886	1681766	0.0088514
all	8	15057	1681766	0.0089531
all	9	12258	1681766	0.0072888
all	10	12080	1681766	0.0071829
all	11	9470	1681766	0.0056310
all	12	10745	1681766	0.0063891
all	13	10069	1681766	0.0059872
all	14	9309	1681766	0.0055353
all	15	8169	1681766	0.0048574
all	16	9100	1681766	0.0054110
all	17	7892	1681766	0.0046927
all	18	7949	1681766	0.0047266
all	19	7342	1681766	0.0043656
all	20	7011	1681766	0.0041688
all	21	7291	1681766	0.0043353
all	22	6663	1681766	0.0039619
all	23	6605	1681766	0.0039274
all	24	5692	1681766	0.0033845
all	25	6161	1681766	0.0036634
all	26	5932	1681766	0.0035272
all	27	5801	1681766	0.0034494
all	28	6208	1681766	0.0036914
all	29	5879	1681766	0.0034957
all	30	5241	1681766	0.0031164
all	31	4916	1681766	0.0029231
all	32	4724	1681766	0.0028090
all	33	5051	1681766	0.0030034
all	34	5324	1681766	0.0031657
all	35	5246	1681766	0.0031193
all	36	5199	1681766	0.0030914
all	37	5165	1681766	0.0030712
all	38	5206	1681766	0.0030956
all	39	5572	1681766	0.0033132
all	40	5659	1681766	0.0033649
all	41	5425	1681766	0.0032258
all	42	5290	1681766	0.0031455
all	43	5236	1681766	0.0031134
all	44	5060	1681766	0.0030087
all	45	5408	1681766	0.0032157
all	46	5139	1681766	0.0030557
all	47	6030	1681766	0.0035855
all	48	4958	1681766	0.0029481
all	49	5280	1681766	0.0031396
all	50	5319	1681766	0.0031627
all	51	5163	1681766	0.0030700
all	52	5276	1681766	0.0031372
all	53	5165	1681766	0.0030712
all	54	5443	1681766	0.0032365
all	55	5787	1681766	0.0034410
all	56	5320	1681766	0.0031633
all	57	5138	1681766	0.0030551
all	58	5340	1681766	0.0031752
all	59	5259	1681766	0.0031271
all	60	5075	1681766	0.0030177
all	61	5554	1681766	0.0033025
all	62	5129	1681766	0.0030498
all	63	5601	1681766	0.0033304
all	64	5326	1681766	0.0031669
all	65	5577	1681766	0.0033162
all	66	5501	1681766	0.0032710
all	67	5606	1681766	0.0033334
all	68	5775	1681766	0.0034339
all	69	5643	1681766	0.0033554
all	70	5620	1681766	0.0033417
all	71	5466	1681766	0.0032502
all	72	5381	1681766	0.0031996
all	73	5289	1681766	0.0031449
all	74	5184	1681766	0.0030825
all	75	5281	1681766	0.0031402
all	76	5257	1681766	0.0031259
all	77	5518	1681766	0.0032811
all	78	5341	1681766	0.0031758
all	79	5626	1681766	0.0033453
all	80	5520	1681766	0.0032823
all	81	5249	1681766	0.0031211
all	82	5451	1681766	0.0032412
all	83	5078	1681766	0.0030194
all	84	5763	1681766	0.0034268
all	85	5613	1681766	0.0033376
all	86	5513	1681766	0.0032781
all	87	5490	1681766	0.0032644
all	88	5653	1681766	0.0033613
all	89	5523	1681766	0.0032840
all	90	5188	1681766	0.0030849
all	91	5255	1681766	0.0031247
all	92	5155	1681766	0.0030652
all	93	5182	1681766	0.0030813
all	94	5352	1681766	0.0031824
all	95	5265	1681766	0.0031306
all	96	5475	1681766	0.0032555
all	97	5189	1681766	0.0030854
all	98	5466	1681766	0.0032502
all	99	5403	1681766	0.0032127
all	100	5344	1681766	0.0031776
all	101	5497	1681766	0.0032686
all	102	5423	1681766	0.0032246
all	103	5498	1681766	0.0032692
all	104	5614	1681766	0.0033382
all	105	5356	1681766	0.0031847
all	106	5622	1681766	0.0033429
all	107	5731	1681766	0.0034077
all	108	5612	1681766	0.0033370
all	109	5367	1681766	0.0031913
all	110	5504	1681766	0.0032728
all	111	5067	1681766	0.0030129
all	112	4911	1681766	0.0029201
all	113	5081	1681766	0.0030212
all	114	4641	1681766	0.0027596
all	115	4895	1681766	0.0029106
all	116	5028	1681766	0.0029897
all	117	4944	1681766	0.0029398
all	118	4902	1681766	0.0029148
all	119	4986	1681766	0.0029647
all	120	4752	1681766	0.0028256
all	121	4885	1681766	0.0029047
all	122	4895	1681766	0.0029106
all	123	4923	1681766	0.0029273
all	124	4830	1681766	0.0028720
all	125	5172	1681766	0.0030753
all	126	4922	1681766	0.0029267
all	127	4693	1681766	0.0027905
all	128	4867	1681766	0.0028940
all	129	4901	1681766	0.0029142
all	130	4941	1681766	0.0029380
all	131	4853	1681766	0.0028857
all	132	5085	1681766	0.0030236
all	133	4646	1681766	0.0027626
all	134	4600	1681766	0.0027352
all	135	4566	1681766	0.0027150
all	136	4793	1681766	0.0028500
all	137	4579	1681766	0.0027227
all	138	4531	1681766	0.0026942
all	139	4304	1681766	0.0025592
all	140	4440	1681766	0.0026401
all	141	4187	1681766	0.0024896
all	142	4266	1681766	0.0025366
all	143	4159	1681766	0.0024730
all	144	4297	1681766	0.0025551
all	145	4230	1681766	0.0025152
all	146	4239	1681766	0.0025206
all	147	4118	1681766	0.0024486
all	148	4048	1681766	0.0024070
all	149	4211	1681766	0.0025039
all	150	4350	1681766	0.0025866
all	151	4325	1681766	0.0025717
all	152	3896	1681766	0.0023166
all	153	3898	1681766	0.0023178
all	154	4151	1681766	0.0024682
all	155	3926	1681766	0.0023345
all	156	3975	1681766	0.0023636
all	157	3894	1681766	0.0023154
all	158	3791	1681766	0.0022542
all	159	3766	1681766	0.0022393
all	160	3901	1681766	0.0023196
all	161	3668	1681766	0.0021810
all	162	3759	1681766	0.0022352
all	163	3895	1681766	0.0023160
all	164	3795	1681766	0.0022566
all	165	3931	1681766	0.0023374
all	166	3518	1681766	0.0020918
all	167	3599	1681766	0.0021400
all	168	3491	1681766	0.0020758
all	169	3601	1681766	0.0021412
all	170	3554	1681766	0.0021133
all	171	3460	1681766	0.0020574
all	172	3565	1681766	0.0021198
all	173	3345	1681766	0.0019890
all	174	3443	1681766	0.0020473
all	175	3279	1681766	0.0019497
all	176	3273	1681766	0.0019462
all	177	3283	1681766	0.0019521
all	178	3313	1681766	0.0019700
all	179	3307	1681766	0.0019664
all	180	3236	1681766	0.0019242
all	181	3119	1681766	0.0018546
all	182	3266	1681766	0.0019420
all	183	3322	1681766	0.0019753
all	184	3085	1681766	0.0018344
all	185	3055	1681766	0.0018165
all	186	3197	1681766	0.0019010
all	187	2956	1681766	0.0017577
all	188	3016	1681766	0.0017934
all	189	2826	1681766	0.0016804
all	190	2887	1681766	0.0017166
all	191	2739	1681766	0.0016286
all	192	2899	1681766	0.0017238
all	193	2734	1681766	0.0016257
all	194	3005	1681766	0.0017868
all	195	2860	1681766	0.0017006
all	196	2717	1681766	0.0016156
all	197	2805	1681766	0.0016679
all	198	2714	1681766	0.0016138
all	199	2691	1681766	0.0016001
all	200	2932	1681766	0.0017434
all	201	2747	1681766	0.0016334
all	202	2819	1681766	0.0016762
all	203	2719	1681766	0.0016168
all	204	2766	1681766	0.0016447
all	205	2559	1681766	0.0015216
all	206	2679	1681766	0.0015930
all	207	2694	1681766	0.0016019
all	208	2614	1681766	0.0015543
all	209	2693	1681766	0.0016013
all	210	2509	1681766	0.0014919
all	211	2584	1681766	0.0015365
all	212	2362	1681766	0.0014045
all	213	2507	1681766	0.0014907
all	214	2616	1681766	0.0015555
all	215	2544	1681766	0.0015127
all	216	2666	1681766	0.0015852
all	217	2506	1681766	0.0014901
all	218	2433	1681766	0.0014467
all	219	2578	1681766	0.0015329
all	220	2541	1681766	0.0015109
all	221	2566	1681766	0.0015258
all	222	2510	1681766	0.0014925
all	223	2457	1681766	0.0014610
all	224	2455	1681766	0.0014598
all	225	2421	1681766	0.0014396
all	226	2245	1681766	0.0013349
all	227	2460	1681766	0.0014627
all	228	2258	1681766	0.0013426
all	229	2270	1681766	0.0013498
all	230	2310	1681766	0.0013736
all	231	2120	1681766	0.0012606
all	232	2196	1681766	0.0013058
all	233	2245	1681766	0.0013349
all	234	2065	1681766	0.0012279
all	235	2084	1681766	0.0012392
all	236	2070	1681766	0.0012308
all	237	2073	1681766	0.0012326
all	238	1885	1681766	0.0011208
all	239	1861	1681766	0.0011066
all	240	1950	1681766	0.0011595
all	241	2037	1681766	0.0012112
all	242	1963	1681766	0.0011672
all	243	1861	1681766	0.0011066
all	244	1829	1681766	0.0010875
all	245	2017	1681766	0.0011993
all	246	2006	1681766	0.0011928
all	247	1939	1681766	0.0011530
all	248	2000	1681766	0.0011892
all	249	2122	1681766	0.0012618
all	250	2013	1681766	0.0011970
all	251	1954	1681766	0.0011619
all	252	1729	1681766	0.0010281
all	253	1811	1681766	0.0010768
all	254	1784	1681766	0.0010608
all	255	1798	1681766	0.0010691
all	256	1727	1681766	0.0010269
all	257	1749	1681766	0.0010400
all	258	1791	1681766	0.0010650
all	259	1781	1681766	0.0010590
all	260	1712	1681766	0.0010180
all	261	1617	1681766	0.0009615
all	262	1807	1681766	0.0010745
all	263	1701	1681766	0.0010114
all	264	1532	1681766	0.0009109
all	265	1676	1681766	0.0009966
all	266	1590	1681766	0.0009454
all	267	1495	1681766	0.0008889
all	268	1557	1681766	0.0009258
all	269	1562	1681766	0.0009288
all	270	1710	1681766	0.0010168
all	271	1618	1681766	0.0009621
all	272	1597	1681766	0.0009496
all	273	1496	1681766	0.0008895
all	274	1499	1681766	0.0008913
all	275	1555	1681766	0.0009246
all	276	1538	1681766	0.0009145
all	277	1576	1681766	0.0009371
all	278	1473	1681766	0.0008759
all	279	1597	1681766	0.0009496
all	280	1584	1681766	0.0009419
all	281	1455	1681766	0.0008652
all	282	1397	1681766	0.0008307
all	283	1430	1681766	0.0008503
all	284	1549	1681766	0.0009211
all	285	1527	1681766	0.0009080
all	286	1412	1681766	0.0008396
all	287	1230	1681766	0.0007314
all	288	1297	1681766	0.0007712
all	289	1275	1681766	0.0007581
all	290	1262	1681766	0.0007504
all	291	1237	1681766	0.0007355
all	292	1369	1681766	0.0008140
all	293	1391	1681766	0.0008271
all	294	1292	1681766	0.0007682
all	295	1382	1681766	0.0008218
all	296	1253	1681766	0.0007451
all	297	1390	1681766	0.0008265
all	298	1276	1681766	0.0007587
all	299	1368	1681766	0.0008134
all	300	1264	1681766	0.0007516
all	301	1300	1681766	0.0007730
all	302	1332	1681766	0.0007920
all	303	1229	1681766	0.0007308
all	304	1299	1681766	0.0007724
all	305	1329	1681766	0.0007902
all	306	1263	1681766	0.0007510
all	307	1360	1681766	0.0008087
all	308	1260	1681766	0.0007492
all	309	1360	1681766	0.0008087
all	310	1175	1681766	0.0006987
all	311	1137	1681766	0.0006761
all	312	1179	1681766	0.0007010
all	313	1191	1681766	0.0007082
all	314	1101	1681766	0.0006547
all	315	1240	1681766	0.0007373
all	316	1164	1681766	0.0006921
all	317	1209	1681766	0.0007189
all	318	1105	1681766	0.0006570
all	319	1068	1681766	0.0006350
all	320	1101	1681766	0.0006547
all	321	1085	1681766	0.0006452
all	322	1023	1681766	0.0006083
all	323	979	1681766	0.0005821
all	324	979	1681766	0.0005821
all	325	1021	1681766	0.0006071
all	326	1006	1681766	0.0005982
all	327	918	1681766	0.0005459
all	328	963	1681766	0.0005726
all	329	918	1681766	0.0005459
all	330	997	1681766	0.0005928
all	331	943	1681766	0.0005607
all	332	903	1681766	0.0005369
all	333	936	1681766	0.0005566
all	334	1016	1681766	0.0006041
all	335	875	1681766	0.0005203
all	336	875	1681766	0.0005203
all	337	826	1681766	0.0004912
all	338	846	1681766	0.0005030
all	339	810	1681766	0.0004816
all	340	881	1681766	0.0005239
all	341	943	1681766	0.0005607
all	342	851	1681766	0.0005060
all	343	878	1681766	0.0005221
all	344	797	1681766	0.0004739
all	345	736	1681766	0.0004376
all	346	791	1681766	0.0004703
all	347	781	1681766	0.0004644
all	348	764	1681766	0.0004543
all	349	772	1681766	0.0004590
all	350	775	1681766	0.0004608
all	351	772	1681766	0.0004590
all	352	813	1681766	0.0004834
all	353	771	1681766	0.0004584
all	354	721	1681766	0.0004287
all	355	886	1681766	0.0005268
all	356	827	1681766	0.0004917
all	357	846	1681766	0.0005030
all	358	899	1681766	0.0005346
all	359	860	1681766	0.0005114
all	360	722	1681766	0.0004293
all	361	668	1681766	0.0003972
all	362	778	1681766	0.0004626
all	363	789	1681766	0.0004691
all	364	719	1681766	0.0004275
all	365	661	1681766	0.0003930
all	366	744	1681766	0.0004424
all	367	652	1681766	0.0003877
all	368	683	1681766	0.0004061
all	369	674	1681766	0.0004008
all	370	569	1681766	0.0003383
all	371	692	1681766	0.0004115
all	372	734	1681766	0.0004364
all	373	752	1681766	0.0004471
all	374	701	1681766	0.0004168
all	375	640	1681766	0.0003806
all	376	628	1681766	0.0003734
all	377	651	1681766	0.0003871
all	378	633	1681766	0.0003764
all	379	670	1681766	0.0003984
all	380	629	1681766	0.0003740
all	381	575	1681766	0.0003419
all	382	608	1681766	0.0003615
all	383	668	1681766	0.0003972
all	384	595	1681766	0.0003538
all	385	585	1681766	0.0003478
all	386	593	1681766	0.0003526
all	387	581	1681766	0.0003455
all	388	580	1681766	0.0003449
all	389	532	1681766	0.0003163
all	390	543	1681766	0.0003229
all	391	510	1681766	0.0003033
all	392	546	1681766	0.0003247
all	393	538	1681766	0.0003199
all	394	572	1681766	0.0003401
all	395	553	1681766	0.0003288
all	396	509	1681766	0.0003027
all	397	513	1681766	0.0003050
all	398	563	1681766	0.0003348
all	399	549	1681766	0.0003264
all	400	508	1681766	0.0003021
all	401	556	1681766	0.0003306
all	402	553	1681766	0.0003288
all	403	523	1681766	0.0003110
all	404	523	1681766	0.0003110
all	405	483	1681766	0.0002872
all	406	532	1681766	0.0003163
all	407	509	1681766	0.0003027
all	408	519	1681766	0.0003086
all	409	526	1681766	0.0003128
all	410	431	1681766	0.0002563
all	411	516	1681766	0.0003068
all	412	462	1681766	0.0002747
all	413	403	1681766	0.0002396
all	414	456	1681766	0.0002711
all	415	369	1681766	0.0002194
all	416	446	1681766	0.0002652
all	417	412	1681766	0.0002450
all	418	431	1681766	0.0002563
all	419	383	1681766	0.0002277
all	420	334	1681766	0.0001986
all	421	420	1681766	0.0002497
all	422	357	1681766	0.0002123
all	423	375	1681766	0.0002230
all	424	350	1681766	0.0002081
all	425	328	1681766	0.0001950
all	426	382	1681766	0.0002271
all	427	350	1681766	0.0002081
all	428	305	1681766	0.0001814
all	429	334	1681766	0.0001986
all	430	345	1681766	0.0002051
all	431	313	1681766	0.0001861
all	432	333	1681766	0.0001980
all	433	356	1681766	0.0002117
all	434	326	1681766	0.0001938
all	435	338	1681766	0.0002010
all	436	312	1681766	0.0001855
all	437	338	1681766	0.0002010
all	438	351	1681766	0.0002087
all	439	322	1681766	0.0001915
all	440	289	1681766	0.0001718
all	441	284	1681766	0.0001689
all	442	307	1681766	0.0001825
all	443	310	1681766	0.0001843
all	444	272	1681766	0.0001617
all	445	285	1681766	0.0001695
all	446	259	1681766	0.0001540
all	447	259	1681766	0.0001540
all	448	261	1681766	0.0001552
all	449	290	1681766	0.0001724
all	450	260	1681766	0.0001546
all	451	249	1681766	0.0001481
all	452	250	1681766	0.0001487
all	453	287	1681766	0.0001707
all	454	234	1681766	0.0001391
all	455	266	1681766	0.0001582
all	456	268	1681766	0.0001594
all	457	287	1681766	0.0001707
all	458	319	1681766	0.0001897
all	459	322	1681766	0.0001915
all	460	288	1681766	0.0001712
all	461	263	1681766	0.0001564
all	462	272	1681766	0.0001617
all	463	241	1681766	0.0001433
all	464	277	1681766	0.0001647
all	465	286	1681766	0.0001701
all	466	270	1681766	0.0001605
all	467	273	1681766	0.0001623
all	468	245	1681766	0.0001457
all	469	272	1681766	0.0001617
all	470	250	1681766	0.0001487
all	471	272	1681766	0.0001617
all	472	240	1681766	0.0001427
all	473	248	1681766	0.0001475
all	474	256	1681766	0.0001522
all	475	211	1681766	0.0001255
all	476	237	1681766	0.0001409
all	477	269	1681766	0.0001600
all	478	246	1681766	0.0001463
all	479	244	1681766	0.0001451
all	480	246	1681766	0.0001463
all	481	203	1681766	0.0001207
all	482	256	1681766	0.0001522
all	483	240	1681766	0.0001427
all	484	270	1681766	0.0001605
all	485	236	1681766	0.0001403
all	486	165	1681766	0.0000981
all	487	161	1681766	0.0000957
all	488	177	1681766	0.0001052
all	489	166	1681766	0.0000987
all	490	180	1681766	0.0001070
all	491	183	1681766	0.0001088
all	492	176	1681766	0.0001047
all	493	223	1681766	0.0001326
all	494	195	1681766	0.0001159
all	495	205	1681766	0.0001219
all	496	172	1681766	0.0001023
all	497	192	1681766	0.0001142
all	498	191	1681766	0.0001136
all	499	202	1681766	0.0001201
all	500	202	1681766	0.0001201
all	501	166	1681766	0.0000987
all	502	145	1681766	0.0000862
all	503	179	1681766	0.0001064
all	504	184	1681766	0.0001094
all	505	198	1681766	0.0001177
all	506	185	1681766	0.0001100
all	507	158	1681766	0.0000939
all	508	176	1681766	0.0001047
all	509	155	1681766	0.0000922
all	510	216	1681766	0.0001284
all	511	176	1681766	0.0001047
all	512	154	1681766	0.0000916
all	513	201	1681766	0.0001195
all	514	146	1681766	0.0000868
all	515	212	1681766	0.0001261
all	516	211	1681766	0.0001255
all	517	173	1681766	0.0001029
all	518	164	1681766	0.0000975
all	519	169	1681766	0.0001005
all	520	143	1681766	0.0000850
all	521	143	1681766	0.0000850
all	522	161	1681766	0.0000957
all	523	149	1681766	0.0000886
all	524	144	1681766	0.0000856
all	525	136	1681766	0.0000809
all	526	116	1681766	0.0000690
all	527	123	1681766	0.0000731
all	528	170	1681766	0.0001011
all	529	143	1681766	0.0000850
all	530	156	1681766	0.0000928
all	531	148	1681766	0.0000880
all	532	132	1681766	0.0000785
all	533	155	1681766	0.0000922
all	534	161	1681766	0.0000957
all	535	138	1681766	0.0000821
all	536	140	1681766	0.0000832
all	537	108	1681766	0.0000642
all	538	140	1681766	0.0000832
all	539	139	1681766	0.0000827
all	540	143	1681766	0.0000850
all	541	154	1681766	0.0000916
all	542	104	1681766	0.0000618
all	543	124	1681766	0.0000737
all	544	156	1681766	0.0000928
all	545	141	1681766	0.0000838
all	546	150	1681766	0.0000892
all	547	114	1681766	0.0000678
all	548	108	1681766	0.0000642
all	549	152	1681766	0.0000904
all	550	151	1681766	0.0000898
all	551	139	1681766	0.0000827
all	552	98	1681766	0.0000583
all	553	110	1681766	0.0000654
all	554	126	1681766	0.0000749
all	555	139	1681766	0.0000827
all	556	130	1681766	0.0000773
all	557	124	1681766	0.0000737
all	558	122	1681766	0.0000725
all	559	167	1681766	0.0000993
all	560	115	1681766	0.0000684
all	561	151	1681766	0.0000898
all	562	121	1681766	0.0000719
all	563	170	1681766	0.0001011
all	564	125	1681766	0.0000743
all	565	117	1681766	0.0000696
all	566	132	1681766	0.0000785
all	567	114	1681766	0.0000678
all	568	133	1681766	0.0000791
all	569	181	1681766	0.0001076
all	570	120	1681766	0.0000714
all	571	81	1681766	0.0000482
all	572	134	1681766	0.0000797
all	573	105	1681766	0.0000624
all	574	120	1681766	0.0000714
all	575	103	1681766	0.0000612
all	576	131	1681766	0.0000779
all	577	147	1681766	0.0000874
all	578	133	1681766	0.0000791
all	579	134	1681766	0.0000797
all	580	136	1681766	0.0000809
all	581	116	1681766	0.0000690
all	582	115	1681766	0.0000684
all	583	126	1681766	0.0000749
all	584	127	1681766	0.0000755
all	585	163	1681766	0.0000969
all	586	161	1681766	0.0000957
all	587	113	1681766	0.0000672
all	588	119	1681766	0.0000708
all	589	97	1681766	0.0000577
all	590	113	1681766	0.0000672
all	591	112	1681766	0.0000666
all	592	136	1681766	0.0000809
all	593	139	1681766	0.0000827
all	594	117	1681766	0.0000696
all	595	183	1681766	0.0001088
all	596	169	1681766	0.0001005
all	597	164	1681766	0.0000975
all	598	167	1681766	0.0000993
all	599	150	1681766	0.0000892
all	600	159	1681766	0.0000945
all	601	114	1681766	0.0000678
all	602	102	1681766	0.0000607
all	603	121	1681766	0.0000719
all	604	114	1681766	0.0000678
all	605	80	1681766	0.0000476
all	606	107	1681766	0.0000636
all	607	111	1681766	0.0000660
all	608	108	1681766	0.0000642
all	609	100	1681766	0.0000595
all	610	134	1681766	0.0000797
all	611	84	1681766	0.0000499
all	612	82	1681766	0.0000488
all	613	103	1681766	0.0000612
all	614	98	1681766	0.0000583
all	615	88	1681766	0.0000523
all	616	93	1681766	0.0000553
all	617	100	1681766	0.0000595
all	618	106	1681766	0.0000630
all	619	113	1681766	0.0000672
all	620	103	1681766	0.0000612
all	621	130	1681766	0.0000773
all	622	97	1681766	0.0000577
all	623	118	1681766	0.0000702
all	624	93	1681766	0.0000553
all	625	101	1681766	0.0000601
all	626	101	1681766	0.0000601
all	627	73	1681766	0.0000434
all	628	92	1681766	0.0000547
all	629	109	1681766	0.0000648
all	630	75	1681766	0.0000446
all	631	89	1681766	0.0000529
all	632	88	1681766	0.0000523
all	633	95	1681766	0.0000565
all	634	93	1681766	0.0000553
all	635	58	1681766	0.0000345
all	636	90	1681766	0.0000535
all	637	96	1681766	0.0000571
all	638	53	1681766	0.0000315
all	639	69	1681766	0.0000410
all	640	75	1681766	0.0000446
all	641	74	1681766	0.0000440
all	642	92	1681766	0.0000547
all	643	77	1681766	0.0000458
all	644	109	1681766	0.0000648
all	645	68	1681766	0.0000404
all	646	98	1681766	0.0000583
all	647	75	1681766	0.0000446
all	648	78	1681766	0.0000464
all	649	84	1681766	0.0000499
all	650	84	1681766	0.0000499
all	651	83	1681766	0.0000494
all	652	66	1681766	0.0000392
all	653	112	1681766	0.0000666
all	654	58	1681766	0.0000345
all	655	54	1681766	0.0000321
all	656	67	1681766	0.0000398
all	657	50	1681766	0.0000297
all	658	44	1681766	0.0000262
all	659	79	1681766	0.0000470
all	660	55	1681766	0.0000327
all	661	61	1681766	0.0000363
all	662	66	1681766	0.0000392
all	663	66	1681766	0.0000392
all	664	70	1681766	0.0000416
all	665	55	1681766	0.0000327
all	666	66	1681766	0.0000392
all	667	79	1681766	0.0000470
all	668	67	1681766	0.0000398
all	669	47	1681766	0.0000279
all	670	53	1681766	0.0000315
all	671	66	1681766	0.0000392
all	672	64	1681766	0.0000381
all	673	67	1681766	0.0000398
all	674	78	1681766	0.0000464
all	675	67	1681766	0.0000398
all	676	70	1681766	0.0000416
all	677	68	1681766	0.0000404
all	678	57	1681766	0.0000339
all	679	63	1681766	0.0000375
all	680	69	1681766	0.0000410
all	681	56	1681766	0.0000333
all	682	75	1681766	0.0000446
all	683	62	1681766	0.0000369
all	684	68	1681766	0.0000404
all	685	49	1681766	0.0000291
all	686	61	1681766	0.0000363
all	687	76	1681766	0.0000452
all	688	52	1681766	0.0000309
all	689	81	1681766	0.0000482
all	690	68	1681766	0.0000404
all	691	77	1681766	0.0000458
all	692	61	1681766	0.0000363
all	693	53	1681766	0.0000315
all	694	69	1681766	0.0000410
all	695	51	1681766	0.0000303
all	696	56	1681766	0.0000333
all	697	75	1681766	0.0000446
all	698	67	1681766	0.0000398
all	699	46	1681766	0.0000274
all	700	59	1681766	0.0000351
all	701	56	1681766	0.0000333
all	702	49	1681766	0.0000291
all	703	42	1681766	0.0000250
all	704	41	1681766	0.0000244
all	705	42	1681766	0.0000250
all	706	46	1681766	0.0000274
all	707	46	1681766	0.0000274
all	708	39	1681766	0.0000232
all	709	67	1681766	0.0000398
all	710	37	1681766	0.0000220
all	711	69	1681766	0.0000410
all	712	61	1681766	0.0000363
all	713	55	1681766	0.0000327
all	714	45	1681766	0.0000268
all	715	28	1681766	0.0000166
all	716	40	1681766	0.0000238
all	717	39	1681766	0.0000232
all	718	51	1681766	0.0000303
all	719	47	1681766	0.0000279
all	720	59	1681766	0.0000351
all	721	55	1681766	0.0000327
all	722	62	1681766	0.0000369
all	723	35	1681766	0.0000208
all	724	50	1681766	0.0000297
all	725	36	1681766	0.0000214
all	726	46	1681766	0.0000274
all	727	66	1681766	0.0000392
all	728	59	1681766	0.0000351
all	729	40	1681766	0.0000238
all	730	33	1681766	0.0000196
all	731	59	1681766	0.0000351
all	732	38	1681766	0.0000226
all	733	49	1681766	0.0000291
all	734	40	1681766	0.0000238
all	735	33	1681766	0.0000196
all	736	49	1681766	0.0000291
all	737	32	1681766	0.0000190
all	738	47	1681766	0.0000279
all	739	27	1681766	0.0000161
all	740	43	1681766	0.0000256
all	741	43	1681766	0.0000256
all	742	47	1681766	0.0000279
all	743	23	1681766	0.0000137
all	744	19	1681766	0.0000113
all	745	55	1681766	0.0000327
all	746	38	1681766	0.0000226
all	747	40	1681766	0.0000238
all	748	32	1681766	0.0000190
all	749	27	1681766	0.0000161
all	750	38	1681766	0.0000226
all	751	43	1681766	0.0000256
all	752	31	1681766	0.0000184
all	753	36	1681766	0.0000214
all	754	42	1681766	0.0000250
all	755	31	1681766	0.0000184
all	756	64	1681766	0.0000381
all	757	36	1681766	0.0000214
all	758	56	1681766	0.0000333
all	759	52	1681766	0.0000309
all	760	49	1681766	0.0000291
all	761	47	1681766	0.0000279
all	762	30	1681766	0.0000178
all	763	40	1681766	0.0000238
all	764	60	1681766	0.0000357
all	765	57	1681766	0.0000339
all	766	30	1681766	0.0000178
all	767	35	1681766	0.0000208
all	768	42	1681766	0.0000250
all	769	34	1681766	0.0000202
all	770	54	1681766	0.0000321
all	771	40	1681766	0.0000238
all	772	47	1681766	0.0000279
all	773	52	1681766	0.0000309
all	774	39	1681766	0.0000232
all	775	41	1681766	0.0000244
all	776	30	1681766	0.0000178
all	777	29	1681766	0.0000172
all	778	43	1681766	0.0000256
all	779	35	1681766	0.0000208
all	780	32	1681766	0.0000190
all	781	43	1681766	0.0000256
all	782	30	1681766	0.0000178
all	783	49	1681766	0.0000291
all	784	47	1681766	0.0000279
all	785	48	1681766	0.0000285
all	786	22	1681766	0.0000131
all	787	41	1681766	0.0000244
all	788	48	1681766	0.0000285
all	789	41	1681766	0.0000244
all	790	15	1681766	0.0000089
all	791	35	1681766	0.0000208
all	792	40	1681766	0.0000238
all	793	17	1681766	0.0000101
all	794	24	1681766	0.0000143
all	795	30	1681766	0.0000178
all	796	38	1681766	0.0000226
all	797	35	1681766	0.0000208
all	798	53	1681766	0.0000315
all	799	37	1681766	0.0000220
all	800	32	1681766	0.0000190
all	801	38	1681766	0.0000226
all	802	27	1681766	0.0000161
all	803	47	1681766	0.0000279
all	804	23	1681766	0.0000137
all	805	35	1681766	0.0000208
all	806	44	1681766	0.0000262
all	807	38	1681766	0.0000226
all	808	19	1681766	0.0000113
all	809	34	1681766	0.0000202
all	810	39	1681766	0.0000232
all	811	30	1681766	0.0000178
all	812	22	1681766	0.0000131
all	813	47	1681766	0.0000279
all	814	61	1681766	0.0000363
all	815	20	1681766	0.0000119
all	816	29	1681766	0.0000172
all	817	19	1681766	0.0000113
all	818	23	1681766	0.0000137
all	819	40	1681766	0.0000238
all	820	50	1681766	0.0000297
all	821	18	1681766	0.0000107
all	822	30	1681766	0.0000178
all	823	43	1681766	0.0000256
all	824	28	1681766	0.0000166
all	825	55	1681766	0.0000327
all	826	15	1681766	0.0000089
all	827	25	1681766	0.0000149
all	828	54	1681766	0.0000321
all	829	45	1681766	0.0000268
all	830	52	1681766	0.0000309
all	831	37	1681766	0.0000220
all	832	32	1681766	0.0000190
all	833	21	1681766	0.0000125
all	834	42	1681766	0.0000250
all	835	22	1681766	0.0000131
all	836	58	1681766	0.0000345
all	837	71	1681766	0.0000422
all	838	28	1681766	0.0000166
all	839	52	1681766	0.0000309
all	840	38	1681766	0.0000226
all	841	56	1681766	0.0000333
all	842	52	1681766	0.0000309
all	843	34	1681766	0.0000202
all	844	48	1681766	0.0000285
all	845	50	1681766	0.0000297
all	846	25	1681766	0.0000149
all	847	35	1681766	0.0000208
all	848	11	1681766	0.0000065
all	849	45	1681766	0.0000268
all	850	18	1681766	0.0000107
all	851	30	1681766	0.0000178
all	852	26	1681766	0.0000155
all	853	36	1681766	0.0000214
all	854	5	1681766	0.0000030
all	855	46	1681766	0.0000274
all	856	28	1681766	0.0000166
all	857	32	1681766	0.0000190
all	858	33	1681766	0.0000196
all	859	18	1681766	0.0000107
all	860	41	1681766	0.0000244
all	861	23	1681766	0.0000137
all	862	11	1681766	0.0000065
all	863	22	1681766	0.0000131
all	864	16	1681766	0.0000095
all	865	20	1681766	0.0000119
all	866	40	1681766	0.0000238
all	867	17	1681766	0.0000101
all	868	14	1681766	0.0000083
all	869	33	1681766	0.0000196
all	870	14	1681766	0.0000083
all	871	28	1681766	0.0000166
all	872	21	1681766	0.0000125
all	873	19	1681766	0.0000113
all	874	24	1681766	0.0000143
all	875	9	1681766	0.0000054
all	876	37	1681766	0.0000220
all	877	7	1681766	0.0000042
all	878	23	1681766	0.0000137
all	879	21	1681766	0.0000125
all	880	16	1681766	0.0000095
all	881	26	1681766	0.0000155
all	882	18	1681766	0.0000107
all	883	16	1681766	0.0000095
all	884	30	1681766	0.0000178
all	885	11	1681766	0.0000065
all	886	32	1681766	0.0000190
all	887	19	1681766	0.0000113
all	888	17	1681766	0.0000101
all	889	13	1681766	0.0000077
all	890	12	1681766	0.0000071
all	891	38	1681766	0.0000226
all	892	28	1681766	0.0000166
all	893	13	1681766	0.0000077
all	894	10	1681766	0.0000059
all	895	12	1681766	0.0000071
all	896	13	1681766	0.0000077
all	897	11	1681766	0.0000065
all	898	13	1681766	0.0000077
all	899	27	1681766	0.0000161
all	900	13	1681766	0.0000077
all	901	12	1681766	0.0000071
all	902	25	1681766	0.0000149
all	903	27	1681766	0.0000161
all	904	24	1681766	0.0000143
all	905	25	1681766	0.0000149
all	906	37	1681766	0.0000220
all	907	13	1681766	0.0000077
all	908	14	1681766	0.0000083
all	909	20	1681766	0.0000119
all	910	15	1681766	0.0000089
all	911	13	1681766	0.0000077
all	912	24	1681766	0.0000143
all	913	17	1681766	0.0000101
all	914	7	1681766	0.0000042
all	915	16	1681766	0.0000095
all	916	22	1681766	0.0000131
all	917	18	1681766	0.0000107
all	918	8	1681766	0.0000048
all	919	14	1681766	0.0000083
all	920	23	1681766	0.0000137
all	921	15	1681766	0.0000089
all	922	13	1681766	0.0000077
all	923	17	1681766	0.0000101
all	924	12	1681766	0.0000071
all	925	6	1681766	0.0000036
all	926	12	1681766	0.0000071
all	927	18	1681766	0.0000107
all	928	11	1681766	0.0000065
all	929	17	1681766	0.0000101
all	930	19	1681766	0.0000113
all	931	17	1681766	0.0000101
all	932	24	1681766	0.0000143
all	933	14	1681766	0.0000083
all	934	18	1681766	0.0000107
all	935	20	1681766	0.0000119
all	936	27	1681766	0.0000161
all	937	15	1681766	0.0000089
all	938	13	1681766	0.0000077
all	939	17	1681766	0.0000101
all	940	14	1681766	0.0000083
all	941	8	1681766	0.0000048
all	942	9	1681766	0.0000054
all	943	11	1681766	0.0000065
all	944	10	1681766	0.0000059
all	945	22	1681766	0.0000131
all	946	20	1681766	0.0000119
all	947	19	1681766	0.0000113
all	948	25	1681766	0.0000149
all	949	11	1681766	0.0000065
all	950	11	1681766	0.0000065
all	951	16	1681766	0.0000095
all	952	15	1681766	0.0000089
all	953	11	1681766	0.0000065
all	954	16	1681766	0.0000095
all	955	15	1681766	0.0000089
all	956	15	1681766	0.0000089
all	957	20	1681766	0.0000119
all	958	8	1681766	0.0000048
all	959	14	1681766	0.0000083
all	960	17	1681766	0.0000101
all	961	10	1681766	0.0000059
all	962	13	1681766	0.0000077
all	963	10	1681766	0.0000059
all	964	13	1681766	0.0000077
all	965	9	1681766	0.0000054
all	966	14	1681766	0.0000083
all	967	16	1681766	0.0000095
all	968	16	1681766	0.0000095
all	969	10	1681766	0.0000059
all	970	8	1681766	0.0000048
all	971	15	1681766	0.0000089
all	972	5	1681766	0.0000030
all	973	11	1681766	0.0000065
all	974	22	1681766	0.0000131
all	975	15	1681766	0.0000089
all	976	12	1681766	0.0000071
all	977	10	1681766	0.0000059
all	978	12	1681766	0.0000071
all	979	12	1681766	0.0000071
all	980	20	1681766	0.0000119
all	981	10	1681766	0.0000059
all	982	12	1681766	0.0000071
all	983	14	1681766	0.0000083
all	984	21	1681766	0.0000125
all	985	8	1681766	0.0000048
all	986	9	1681766	0.0000054
all	987	16	1681766	0.0000095
all	988	4	1681766	0.0000024
all	989	16	1681766	0.0000095
all	990	6	1681766	0.0000036
all	991	10	1681766	0.0000059
all	992	20	1681766	0.0000119
all	993	17	1681766	0.0000101
all	994	13	1681766	0.0000077
all	995	16	1681766	0.0000095
all	996	8	1681766	0.0000048
all	997	26	1681766	0.0000155
all	998	15	1681766	0.0000089
all	999	13	1681766	0.0000077
all	1000	18	1681766	0.0000107
all	1001	21	1681766	0.0000125
all	1002	7	1681766	0.0000042
all	1003	13	1681766	0.0000077
all	1004	20	1681766	0.0000119
all	1005	10	1681766	0.0000059
all	1006	12	1681766	0.0000071
all	1007	7	1681766	0.0000042
all	1008	4	1681766	0.0000024
all	1009	12	1681766	0.0000071
all	1010	16	1681766	0.0000095
all	1011	12	1681766	0.0000071
all	1012	11	1681766	0.0000065
all	1013	13	1681766	0.0000077
all	1014	17	1681766	0.0000101
all	1015	8	1681766	0.0000048
all	1016	10	1681766	0.0000059
all	1017	16	1681766	0.0000095
all	1018	7	1681766	0.0000042
all	1019	17	1681766	0.0000101
all	1020	17	1681766	0.0000101
all	1021	17	1681766	0.0000101
all	1022	8	1681766	0.0000048
all	1023	13	1681766	0.0000077
all	1024	13	1681766	0.0000077
all	1025	10	1681766	0.0000059
all	1026	14	1681766	0.0000083
all	1027	12	1681766	0.0000071
all	1028	15	1681766	0.0000089
all	1029	14	1681766	0.0000083
all	1030	16	1681766	0.0000095
all	1031	11	1681766	0.0000065
all	1032	13	1681766	0.0000077
all	1033	5	1681766	0.0000030
all	1034	9	1681766	0.0000054
all	1035	10	1681766	0.0000059
all	1036	9	1681766	0.0000054
all	1037	8	1681766	0.0000048
all	1038	8	1681766	0.0000048
all	1039	9	1681766	0.0000054
all	1040	6	1681766	0.0000036
all	1041	14	1681766	0.0000083
all	1042	12	1681766	0.0000071
all	1043	18	1681766	0.0000107
all	1044	12	1681766	0.0000071
all	1045	3	1681766	0.0000018
all	1046	6	1681766	0.0000036
all	1047	6	1681766	0.0000036
all	1048	7	1681766	0.0000042
all	1049	10	1681766	0.0000059
all	1050	6	1681766	0.0000036
all	1051	8	1681766	0.0000048
all	1052	15	1681766	0.0000089
all	1053	15	1681766	0.0000089
all	1054	15	1681766	0.0000089
all	1055	6	1681766	0.0000036
all	1056	10	1681766	0.0000059
all	1057	7	1681766	0.0000042
all	1058	11	1681766	0.0000065
all	1059	7	1681766	0.0000042
all	1060	6	1681766	0.0000036
all	1061	13	1681766	0.0000077
all	1062	9	1681766	0.0000054
all	1063	5	1681766	0.0000030
all	1064	7	1681766	0.0000042
all	1065	9	1681766	0.0000054
all	1066	16	1681766	0.0000095
all	1067	16	1681766	0.0000095
all	1068	17	1681766	0.0000101
all	1069	18	1681766	0.0000107
all	1070	8	1681766	0.0000048
all	1071	11	1681766	0.0000065
all	1072	14	1681766	0.0000083
all	1073	12	1681766	0.0000071
all	1074	23	1681766	0.0000137
all	1075	4	1681766	0.0000024
all	1076	17	1681766	0.0000101
all	1077	18	1681766	0.0000107
all	1078	22	1681766	0.0000131
all	1079	11	1681766	0.0000065
all	1080	11	1681766	0.0000065
all	1081	13	1681766	0.0000077
all	1082	7	1681766	0.0000042
all	1083	6	1681766	0.0000036
all	1084	13	1681766	0.0000077
all	1085	11	1681766	0.0000065
all	1086	8	1681766	0.0000048
all	1087	7	1681766	0.0000042
all	1088	14	1681766	0.0000083
all	1089	16	1681766	0.0000095
all	1090	12	1681766	0.0000071
all	1091	14	1681766	0.0000083
all	1092	9	1681766	0.0000054
all	1093	13	1681766	0.0000077
all	1094	6	1681766	0.0000036
all	1095	7	1681766	0.0000042
all	1096	10	1681766	0.0000059
all	1097	4	1681766	0.0000024
all	1098	16	1681766	0.0000095
all	1099	14	1681766	0.0000083
all	1100	15	1681766	0.0000089
all	1101	11	1681766	0.0000065
all	1102	10	1681766	0.0000059
all	1103	17	1681766	0.0000101
all	1104	10	1681766	0.0000059
all	1105	14	1681766	0.0000083
all	1106	18	1681766	0.0000107
all	1107	12	1681766	0.0000071
all	1108	22	1681766	0.0000131
all	1109	23	1681766	0.0000137
all	1110	20	1681766	0.0000119
all	1111	10	1681766	0.0000059
all	1112	26	1681766	0.0000155
all	1113	9	1681766	0.0000054
all	1114	13	1681766	0.0000077
all	1115	7	1681766	0.0000042
all	1116	13	1681766	0.0000077
all	1117	10	1681766	0.0000059
all	1118	9	1681766	0.0000054
all	1119	26	1681766	0.0000155
all	1120	25	1681766	0.0000149
all	1121	6	1681766	0.0000036
all	1122	9	1681766	0.0000054
all	1123	8	1681766	0.0000048
all	1124	10	1681766	0.0000059
all	1125	16	1681766	0.0000095
all	1126	11	1681766	0.0000065
all	1127	20	1681766	0.0000119
all	1128	9	1681766	0.0000054
all	1129	11	1681766	0.0000065
all	1130	14	1681766	0.0000083
all	1131	10	1681766	0.0000059
all	1132	12	1681766	0.0000071
all	1133	16	1681766	0.0000095
all	1134	6	1681766	0.0000036
all	1135	13	1681766	0.0000077
all	1136	4	1681766	0.0000024
all	1137	11	1681766	0.0000065
all	1138	14	1681766	0.0000083
all	1139	9	1681766	0.0000054
all	1140	12	1681766	0.0000071
all	1141	5	1681766	0.0000030
all	1142	9	1681766	0.0000054
all	1143	17	1681766	0.0000101
all	1144	10	1681766	0.0000059
all	1145	9	1681766	0.0000054
all	1146	3	1681766	0.0000018
all	1147	6	1681766	0.0000036
all	1148	6	1681766	0.0000036
all	1149	7	1681766	0.0000042
all	1150	11	1681766	0.0000065
all	1151	12	1681766	0.0000071
all	1152	23	1681766	0.0000137
all	1153	12	1681766	0.0000071
all	1154	8	1681766	0.0000048
all	1155	14	1681766	0.0000083
all	1156	9	1681766	0.0000054
all	1157	6	1681766	0.0000036
all	1158	11	1681766	0.0000065
all	1159	7	1681766	0.0000042
all	1160	14	1681766	0.0000083
all	1161	9	1681766	0.0000054
all	1162	11	1681766	0.0000065
all	1163	5	1681766	0.0000030
all	1164	12	1681766	0.0000071
all	1165	8	1681766	0.0000048
all	1166	8	1681766	0.0000048
all	1167	6	1681766	0.0000036
all	1168	15	1681766	0.0000089
all	1169	10	1681766	0.0000059
all	1170	11	1681766	0.0000065
all	1171	7	1681766	0.0000042
all	1172	3	1681766	0.0000018
all	1173	10	1681766	0.0000059
all	1174	8	1681766	0.0000048
all	1175	9	1681766	0.0000054
all	1176	10	1681766	0.0000059
all	1177	7	1681766	0.0000042
all	1178	11	1681766	0.0000065
all	1179	7	1681766	0.0000042
all	1180	12	1681766	0.0000071
all	1181	5	1681766	0.0000030
all	1182	3	1681766	0.0000018
all	1183	5	1681766	0.0000030
all	1184	13	1681766	0.0000077
all	1185	6	1681766	0.0000036
all	1186	9	1681766	0.0000054
all	1187	14	1681766	0.0000083
all	1188	9	1681766	0.0000054
all	1189	5	1681766	0.0000030
all	1190	13	1681766	0.0000077
all	1191	9	1681766	0.0000054
all	1192	11	1681766	0.0000065
all	1193	9	1681766	0.0000054
all	1194	6	1681766	0.0000036
all	1195	9	1681766	0.0000054
all	1196	6	1681766	0.0000036
all	1197	11	1681766	0.0000065
all	1198	14	1681766	0.0000083
all	1199	5	1681766	0.0000030
all	1200	12	1681766	0.0000071
all	1201	6	1681766	0.0000036
all	1202	6	1681766	0.0000036
all	1203	11	1681766	0.0000065
all	1204	7	1681766	0.0000042
all	1205	8	1681766	0.0000048
all	1206	3	1681766	0.0000018
all	1207	7	1681766	0.0000042
all	1208	11	1681766	0.0000065
all	1209	19	1681766	0.0000113
all	1210	13	1681766	0.0000077
all	1211	9	1681766	0.0000054
all	1212	8	1681766	0.0000048
all	1213	10	1681766	0.0000059
all	1214	6	1681766	0.0000036
all	1215	9	1681766	0.0000054
all	1216	6	1681766	0.0000036
all	1217	6	1681766	0.0000036
all	1218	2	1681766	0.0000012
all	1219	5	1681766	0.0000030
all	1220	16	1681766	0.0000095
all	1221	3	1681766	0.0000018
all	1222	7	1681766	0.0000042
all	1223	11	1681766	0.0000065
all	1224	7	1681766	0.0000042
all	1225	5	1681766	0.0000030
all	1226	9	1681766	0.0000054
all	1227	9	1681766	0.0000054
all	1228	7	1681766	0.0000042
all	1229	13	1681766	0.0000077
all	1230	8	1681766	0.0000048
all	1231	7	1681766	0.0000042
all	1232	8	1681766	0.0000048
all	1233	7	1681766	0.0000042
all	1234	5	1681766	0.0000030
all	1235	8	1681766	0.0000048
all	1236	14	1681766	0.0000083
all	1237	1	1681766	0.0000006
all	1238	3	1681766	0.0000018
all	1239	5	1681766	0.0000030
all	1240	4	1681766	0.0000024
all	1241	10	1681766	0.0000059
all	1242	11	1681766	0.0000065
all	1243	11	1681766	0.0000065
all	1244	10	1681766	0.0000059
all	1245	9	1681766	0.0000054
all	1246	5	1681766	0.0000030
all	1247	5	1681766	0.0000030
all	1248	8	1681766	0.0000048
all	1249	11	1681766	0.0000065
all	1250	8	1681766	0.0000048
all	1251	7	1681766	0.0000042
all	1252	7	1681766	0.0000042
all	1253	8	1681766	0.0000048
all	1254	15	1681766	0.0000089
all	1255	8	1681766	0.0000048
all	1256	12	1681766	0.0000071
all	1257	7	1681766	0.0000042
all	1258	18	1681766	0.0000107
all	1259	7	1681766	0.0000042
all	1260	14	1681766	0.0000083
all	1261	11	1681766	0.0000065
all	1262	3	1681766	0.0000018
all	1263	5	1681766	0.0000030
all	1264	11	1681766	0.0000065
all	1265	10	1681766	0.0000059
all	1266	5	1681766	0.0000030
all	1267	9	1681766	0.0000054
all	1268	14	1681766	0.0000083
all	1269	9	1681766	0.0000054
all	1270	11	1681766	0.0000065
all	1271	18	1681766	0.0000107
all	1272	10	1681766	0.0000059
all	1273	12	1681766	0.0000071
all	1274	9	1681766	0.0000054
all	1275	13	1681766	0.0000077
all	1276	10	1681766	0.0000059
all	1277	12	1681766	0.0000071
all	1278	6	1681766	0.0000036
all	1279	4	1681766	0.0000024
all	1280	19	1681766	0.0000113
all	1281	11	1681766	0.0000065
all	1282	6	1681766	0.0000036
all	1283	4	1681766	0.0000024
all	1284	6	1681766	0.0000036
all	1285	7	1681766	0.0000042
all	1286	11	1681766	0.0000065
all	1287	5	1681766	0.0000030
all	1288	1	1681766	0.0000006
all	1289	11	1681766	0.0000065
all	1290	7	1681766	0.0000042
all	1291	13	1681766	0.0000077
all	1292	12	1681766	0.0000071
all	1293	8	1681766	0.0000048
all	1294	2	1681766	0.0000012
all	1295	4	1681766	0.0000024
all	1296	6	1681766	0.0000036
all	1297	4	1681766	0.0000024
all	1298	4	1681766	0.0000024
all	1299	5	1681766	0.0000030
all	1300	9	1681766	0.0000054
all	1301	8	1681766	0.0000048
all	1302	7	1681766	0.0000042
all	1303	9	1681766	0.0000054
all	1304	7	1681766	0.0000042
all	1305	7	1681766	0.0000042
all	1306	11	1681766	0.0000065
all	1307	3	1681766	0.0000018
all	1308	15	1681766	0.0000089
all	1309	13	1681766	0.0000077
all	1310	4	1681766	0.0000024
all	1311	7	1681766	0.0000042
all	1312	18	1681766	0.0000107
all	1313	6	1681766	0.0000036
all	1314	5	1681766	0.0000030
all	1315	10	1681766	0.0000059
all	1316	8	1681766	0.0000048
all	1317	11	1681766	0.0000065
all	1318	2	1681766	0.0000012
all	1319	5	1681766	0.0000030
all	1320	12	1681766	0.0000071
all	1321	12	1681766	0.0000071
all	1322	10	1681766	0.0000059
all	1323	17	1681766	0.0000101
all	1324	9	1681766	0.0000054
all	1325	11	1681766	0.0000065
all	1326	8	1681766	0.0000048
all	1327	8	1681766	0.0000048
all	1328	5	1681766	0.0000030
all	1329	5	1681766	0.0000030
all	1330	4	1681766	0.0000024
all	1331	4	1681766	0.0000024
all	1332	4	1681766	0.0000024
all	1333	10	1681766	0.0000059
all	1334	8	1681766	0.0000048
all	1335	11	1681766	0.0000065
all	1336	10	1681766	0.0000059
all	1337	5	1681766	0.0000030
all	1338	4	1681766	0.0000024
all	1339	7	1681766	0.0000042
all	1340	2	1681766	0.0000012
all	1341	9	1681766	0.0000054
all	1343	8	1681766	0.0000048
all	1344	7	1681766	0.0000042
all	1345	7	1681766	0.0000042
all	1346	5	1681766	0.0000030
all	1347	6	1681766	0.0000036
all	1348	5	1681766	0.0000030
all	1349	16	1681766	0.0000095
all	1350	3	1681766	0.0000018
all	1351	11	1681766	0.0000065
all	1352	6	1681766	0.0000036
all	1353	11	1681766	0.0000065
all	1354	5	1681766	0.0000030
all	1355	1	1681766	0.0000006
all	1356	7	1681766	0.0000042
all	1357	17	1681766	0.0000101
all	1358	2	1681766	0.0000012
all	1359	1	1681766	0.0000006
all	1360	11	1681766	0.0000065
all	1361	4	1681766	0.0000024
all	1362	2	1681766	0.0000012
all	1363	7	1681766	0.0000042
all	1364	6	1681766	0.0000036
all	1365	4	1681766	0.0000024
all	1366	5	1681766	0.0000030
all	1367	5	1681766	0.0000030
all	1368	3	1681766	0.0000018
all	1369	2	1681766	0.0000012
all	1370	7	1681766	0.0000042
all	1371	8	1681766	0.0000048
all	1372	8	1681766	0.0000048
all	1373	6	1681766	0.0000036
all	1374	13	1681766	0.0000077
all	1375	4	1681766	0.0000024
all	1376	10	1681766	0.0000059
all	1377	6	1681766	0.0000036
all	1378	9	1681766	0.0000054
all	1379	19	1681766	0.0000113
all	1380	4	1681766	0.0000024
all	1381	6	1681766	0.0000036
all	1382	8	1681766	0.0000048
all	1383	8	1681766	0.0000048
all	1384	12	1681766	0.0000071
all	1385	4	1681766	0.0000024
all	1386	8	1681766	0.0000048
all	1387	6	1681766	0.0000036
all	1388	5	1681766	0.0000030
all	1389	3	1681766	0.0000018
all	1390	4	1681766	0.0000024
all	1391	14	1681766	0.0000083
all	1392	9	1681766	0.0000054
all	1393	7	1681766	0.0000042
all	1394	7	1681766	0.0000042
all	1395	8	1681766	0.0000048
all	1396	15	1681766	0.0000089
all	1397	4	1681766	0.0000024
all	1398	9	1681766	0.0000054
all	1399	8	1681766	0.0000048
all	1400	15	1681766	0.0000089
all	1401	2	1681766	0.0000012
all	1402	8	1681766	0.0000048
all	1403	13	1681766	0.0000077
all	1404	5	1681766	0.0000030
all	1405	16	1681766	0.0000095
all	1406	2	1681766	0.0000012
all	1407	17	1681766	0.0000101
all	1408	10	1681766	0.0000059
all	1409	10	1681766	0.0000059
all	1410	16	1681766	0.0000095
all	1411	5	1681766	0.0000030
all	1412	6	1681766	0.0000036
all	1413	10	1681766	0.0000059
all	1414	4	1681766	0.0000024
all	1415	16	1681766	0.0000095
all	1416	1	1681766	0.0000006
all	1417	3	1681766	0.0000018
all	1418	10	1681766	0.0000059
all	1419	7	1681766	0.0000042
all	1420	9	1681766	0.0000054
all	1421	4	1681766	0.0000024
all	1422	7	1681766	0.0000042
all	1423	8	1681766	0.0000048
all	1424	8	1681766	0.0000048
all	1425	7	1681766	0.0000042
all	1426	5	1681766	0.0000030
all	1427	2	1681766	0.0000012
all	1428	5	1681766	0.0000030
all	1429	17	1681766	0.0000101
all	1430	13	1681766	0.0000077
all	1431	7	1681766	0.0000042
all	1432	10	1681766	0.0000059
all	1433	7	1681766	0.0000042
all	1434	5	1681766	0.0000030
all	1435	6	1681766	0.0000036
all	1436	14	1681766	0.0000083
all	1437	2	1681766	0.0000012
all	1438	10	1681766	0.0000059
all	1439	9	1681766	0.0000054
all	1440	9	1681766	0.0000054
all	1441	11	1681766	0.0000065
all	1442	2	1681766	0.0000012
all	1443	10	1681766	0.0000059
all	1444	10	1681766	0.0000059
all	1445	15	1681766	0.0000089
all	1446	7	1681766	0.0000042
all	1447	18	1681766	0.0000107
all	1448	5	1681766	0.0000030
all	1449	6	1681766	0.0000036
all	1450	7	1681766	0.0000042
all	1451	7	1681766	0.0000042
all	1452	5	1681766	0.0000030
all	1453	2	1681766	0.0000012
all	1454	4	1681766	0.0000024
all	1455	8	1681766	0.0000048
all	1456	7	1681766	0.0000042
all	1457	8	1681766	0.0000048
all	1458	7	1681766	0.0000042
all	1459	2	1681766	0.0000012
all	1460	7	1681766	0.0000042
all	1461	13	1681766	0.0000077
all	1462	6	1681766	0.0000036
all	1463	8	1681766	0.0000048
all	1464	14	1681766	0.0000083
all	1465	6	1681766	0.0000036
all	1466	4	1681766	0.0000024
all	1467	12	1681766	0.0000071
all	1468	12	1681766	0.0000071
all	1469	8	1681766	0.0000048
all	1470	3	1681766	0.0000018
all	1471	5	1681766	0.0000030
all	1472	16	1681766	0.0000095
all	1473	5	1681766	0.0000030
all	1474	4	1681766	0.0000024
all	1475	10	1681766	0.0000059
all	1476	14	1681766	0.0000083
all	1477	7	1681766	0.0000042
all	1478	6	1681766	0.0000036
all	1479	17	1681766	0.0000101
all	1480	14	1681766	0.0000083
all	1481	6	1681766	0.0000036
all	1482	3	1681766	0.0000018
all	1483	5	1681766	0.0000030
all	1484	3	1681766	0.0000018
all	1485	9	1681766	0.0000054
all	1486	19	1681766	0.0000113
all	1487	3	1681766	0.0000018
all	1488	17	1681766	0.0000101
all	1489	7	1681766	0.0000042
all	1490	15	1681766	0.0000089
all	1491	1	1681766	0.0000006
all	1492	7	1681766	0.0000042
all	1493	6	1681766	0.0000036
all	1494	4	1681766	0.0000024
all	1495	21	1681766	0.0000125
all	1496	5	1681766	0.0000030
all	1497	3	1681766	0.0000018
all	1498	2	1681766	0.0000012
all	1499	5	1681766	0.0000030
all	1500	2	1681766	0.0000012
all	1501	5	1681766	0.0000030
all	1502	26	1681766	0.0000155
all	1503	6	1681766	0.0000036
all	1504	4	1681766	0.0000024
all	1505	6	1681766	0.0000036
all	1506	8	1681766	0.0000048
all	1507	3	1681766	0.0000018
all	1508	4	1681766	0.0000024
all	1509	8	1681766	0.0000048
all	1510	17	1681766	0.0000101
all	1511	5	1681766	0.0000030
all	1512	7	1681766	0.0000042
all	1513	5	1681766	0.0000030
all	1514	8	1681766	0.0000048
all	1515	3	1681766	0.0000018
all	1516	5	1681766	0.0000030
all	1517	8	1681766	0.0000048
all	1518	9	1681766	0.0000054
all	1519	4	1681766	0.0000024
all	1520	11	1681766	0.0000065
all	1521	10	1681766	0.0000059
all	1522	6	1681766	0.0000036
all	1523	150	1681766	0.0000892
all	1524	12	1681766	0.0000071
all	1525	6	1681766	0.0000036
all	1526	5	1681766	0.0000030
all	1527	3	1681766	0.0000018
all	1528	3	1681766	0.0000018
all	1529	3	1681766	0.0000018
all	1530	22	1681766	0.0000131
all	1531	3	1681766	0.0000018
all	1532	5	1681766	0.0000030
all	1533	3	1681766	0.0000018
all	1534	1	1681766	0.0000006
all	1535	13	1681766	0.0000077
all	1536	3	1681766	0.0000018
all	1537	1	1681766	0.0000006
all	1538	2	1681766	0.0000012
all	1539	13	1681766	0.0000077
all	1540	8	1681766	0.0000048
all	1541	3	1681766	0.0000018
all	1542	9	1681766	0.0000054
all	1543	2	1681766	0.0000012
all	1544	5	1681766	0.0000030
all	1545	9	1681766	0.0000054
all	1546	5	1681766	0.0000030
all	1547	2	1681766	0.0000012
all	1548	1	1681766	0.0000006
all	1549	16	1681766	0.0000095
all	1550	5	1681766	0.0000030
all	1551	1	1681766	0.0000006
all	1552	5	1681766	0.0000030
all	1553	1	1681766	0.0000006
all	1554	4	1681766	0.0000024
all	1556	7	1681766	0.0000042
all	1557	2	1681766	0.0000012
all	1558	4	1681766	0.0000024
all	1559	3	1681766	0.0000018
all	1560	14	1681766	0.0000083
all	1561	4	1681766	0.0000024
all	1562	5	1681766	0.0000030
all	1563	11	1681766	0.0000065
all	1564	2	1681766	0.0000012
all	1565	7	1681766	0.0000042
all	1566	8	1681766	0.0000048
all	1567	4	1681766	0.0000024
all	1568	6	1681766	0.0000036
all	1569	14	1681766	0.0000083
all	1570	9	1681766	0.0000054
all	1571	15	1681766	0.0000089
all	1572	21	1681766	0.0000125
all	1573	18	1681766	0.0000107
all	1574	4	1681766	0.0000024
all	1575	12	1681766	0.0000071
all	1576	3	1681766	0.0000018
all	1577	20	1681766	0.0000119
all	1578	10	1681766	0.0000059
all	1579	5	1681766	0.0000030
all	1580	3	1681766	0.0000018
all	1581	7	1681766	0.0000042
all	1582	12	1681766	0.0000071
all	1583	2	1681766	0.0000012
all	1584	5	1681766	0.0000030
all	1585	14	1681766	0.0000083
all	1586	12	1681766	0.0000071
all	1587	1	1681766	0.0000006
all	1588	20	1681766	0.0000119
all	1589	16	1681766	0.0000095
all	1590	1	1681766	0.0000006
all	1591	3	1681766	0.0000018
all	1592	4	1681766	0.0000024
all	1593	17	1681766	0.0000101
all	1594	1	1681766	0.0000006
all	1595	13	1681766	0.0000077
all	1596	22	1681766	0.0000131
all	1597	11	1681766	0.0000065
all	1598	7	1681766	0.0000042
all	1599	18	1681766	0.0000107
all	1600	13	1681766	0.0000077
all	1601	2	1681766	0.0000012
all	1602	40	1681766	0.0000238
all	1603	25	1681766	0.0000149
all	1604	20	1681766	0.0000119
all	1605	24	1681766	0.0000143
all	1606	33	1681766	0.0000196
all	1607	10	1681766	0.0000059
all	1608	4	1681766	0.0000024
all	1609	2	1681766	0.0000012
all	1610	45	1681766	0.0000268
all	1611	6	1681766	0.0000036
all	1612	3	1681766	0.0000018
all	1613	20	1681766	0.0000119
all	1614	2	1681766	0.0000012
all	1615	1	1681766	0.0000006
all	1616	4	1681766	0.0000024
all	1617	7	1681766	0.0000042
all	1619	3	1681766	0.0000018
all	1620	9	1681766	0.0000054
all	1621	9	1681766	0.0000054
all	1622	12	1681766	0.0000071
all	1623	15	1681766	0.0000089
all	1624	1	1681766	0.0000006
all	1625	9	1681766	0.0000054
all	1626	1	1681766	0.0000006
all	1627	1	1681766	0.0000006
all	1628	10	1681766	0.0000059
all	1629	8	1681766	0.0000048
all	1630	8	1681766	0.0000048
all	1631	7	1681766	0.0000042
all	1632	1	1681766	0.0000006
all	1633	3	1681766	0.0000018
all	1634	1	1681766	0.0000006
all	1635	8	1681766	0.0000048
all	1636	3	1681766	0.0000018
all	1638	4	1681766	0.0000024
all	1639	3	1681766	0.0000018
all	1640	5	1681766	0.0000030
all	1641	11	1681766	0.0000065
all	1642	5	1681766	0.0000030
all	1643	3	1681766	0.0000018
all	1644	9	1681766	0.0000054
all	1645	11	1681766	0.0000065
all	1646	14	1681766	0.0000083
all	1647	2	1681766	0.0000012
all	1648	11	1681766	0.0000065
all	1649	1	1681766	0.0000006
all	1650	2	1681766	0.0000012
all	1651	22	1681766	0.0000131
all	1652	6	1681766	0.0000036
all	1653	13	1681766	0.0000077
all	1654	10	1681766	0.0000059
all	1655	14	1681766	0.0000083
all	1656	11	1681766	0.0000065
all	1657	11	1681766	0.0000065
all	1658	15	1681766	0.0000089
all	1659	7	1681766	0.0000042
all	1660	14	1681766	0.0000083
all	1661	1	1681766	0.0000006
all	1662	5	1681766	0.0000030
all	1663	8	1681766	0.0000048
all	1664	11	1681766	0.0000065
all	1665	8	1681766	0.0000048
all	1666	17	1681766	0.0000101
all	1667	5	1681766	0.0000030
all	1668	11	1681766	0.0000065
all	1669	14	1681766	0.0000083
all	1670	13	1681766	0.0000077
all	1671	10	1681766	0.0000059
all	1672	10	1681766	0.0000059
all	1673	2	1681766	0.0000012
all	1674	12	1681766	0.0000071
all	1675	3	1681766	0.0000018
all	1676	7	1681766	0.0000042
all	1677	6	1681766	0.0000036
all	1678	10	1681766	0.0000059
all	1679	5	1681766	0.0000030
all	1680	11	1681766	0.0000065
all	1681	4	1681766	0.0000024
all	1682	6	1681766	0.0000036
all	1683	1	1681766	0.0000006
all	1684	5	1681766	0.0000030
all	1685	4	1681766	0.0000024
all	1686	2	1681766	0.0000012
all	1687	3	1681766	0.0000018
all	1688	5	1681766	0.0000030
all	1689	3	1681766	0.0000018
all	1690	12	1681766	0.0000071
all	1691	3	1681766	0.0000018
all	1692	5	1681766	0.0000030
all	1693	4	1681766	0.0000024
all	1694	17	1681766	0.0000101
all	1695	6	1681766	0.0000036
all	1696	9	1681766	0.0000054
all	1698	4	1681766	0.0000024
all	1699	2	1681766	0.0000012
all	1700	14	1681766	0.0000083
all	1701	4	1681766	0.0000024
all	1703	2	1681766	0.0000012
all	1704	6	1681766	0.0000036
all	1705	6	1681766	0.0000036
all	1706	17	1681766	0.0000101
all	1707	3	1681766	0.0000018
all	1708	17	1681766	0.0000101
all	1709	10	1681766	0.0000059
all	1710	5	1681766	0.0000030
all	1711	9	1681766	0.0000054
all	1712	14	1681766	0.0000083
all	1713	7	1681766	0.0000042
all	1714	11	1681766	0.0000065
all	1715	8	1681766	0.0000048
all	1716	9	1681766	0.0000054
all	1717	10	1681766	0.0000059
all	1718	5	1681766	0.0000030
all	1719	5	1681766	0.0000030
all	1721	14	1681766	0.0000083
all	1723	3	1681766	0.0000018
all	1724	12	1681766	0.0000071
all	1725	9	1681766	0.0000054
all	1726	1	1681766	0.0000006
all	1727	5	1681766	0.0000030
all	1728	9	1681766	0.0000054
all	1729	3	1681766	0.0000018
all	1730	2	1681766	0.0000012
all	1731	13	1681766	0.0000077
all	1732	4	1681766	0.0000024
all	1733	18	1681766	0.0000107
all	1734	5	1681766	0.0000030
all	1735	11	1681766	0.0000065
all	1736	8	1681766	0.0000048
all	1737	7	1681766	0.0000042
all	1738	15	1681766	0.0000089
all	1739	15	1681766	0.0000089
all	1740	23	1681766	0.0000137
all	1741	10	1681766	0.0000059
all	1742	14	1681766	0.0000083
all	1743	10	1681766	0.0000059
all	1744	13	1681766	0.0000077
all	1745	9	1681766	0.0000054
all	1746	2	1681766	0.0000012
all	1747	20	1681766	0.0000119
all	1748	13	1681766	0.0000077
all	1749	16	1681766	0.0000095
all	1750	4	1681766	0.0000024
all	1751	13	1681766	0.0000077
all	1752	8	1681766	0.0000048
all	1753	5	1681766	0.0000030
all	1754	2	1681766	0.0000012
all	1755	6	1681766	0.0000036
all	1756	9	1681766	0.0000054
all	1757	17	1681766	0.0000101
all	1758	8	1681766	0.0000048
all	1759	10	1681766	0.0000059
all	1760	7	1681766	0.0000042
all	1761	5	1681766	0.0000030
all	1762	15	1681766	0.0000089
all	1763	7	1681766	0.0000042
all	1764	9	1681766	0.0000054
all	1765	7	1681766	0.0000042
all	1766	19	1681766	0.0000113
all	1767	3	1681766	0.0000018
all	1769	3	1681766	0.0000018
all	1771	10	1681766	0.0000059
all	1772	5	1681766	0.0000030
all	1773	3	1681766	0.0000018
all	1774	5	1681766	0.0000030
all	1775	5	1681766	0.0000030
all	1776	10	1681766	0.0000059
all	1778	7	1681766	0.0000042
all	1779	9	1681766	0.0000054
all	1780	3	1681766	0.0000018
all	1781	4	1681766	0.0000024
all	1782	9	1681766	0.0000054
all	1783	8	1681766	0.0000048
all	1784	1	1681766	0.0000006
all	1785	3	1681766	0.0000018
all	1786	4	1681766	0.0000024
all	1787	1	1681766	0.0000006
all	1788	3	1681766	0.0000018
all	1789	5	1681766	0.0000030
all	1790	5	1681766	0.0000030
all	1791	3	1681766	0.0000018
all	1792	3	1681766	0.0000018
all	1793	7	1681766	0.0000042
all	1794	5	1681766	0.0000030
all	1795	4	1681766	0.0000024
all	1796	3	1681766	0.0000018
all	1797	3	1681766	0.0000018
all	1798	2	1681766	0.0000012
all	1799	6	1681766	0.0000036
all	1800	4	1681766	0.0000024
all	1801	2	1681766	0.0000012
all	1803	2	1681766	0.0000012
all	1804	6	1681766	0.0000036
all	1805	4	1681766	0.0000024
all	1806	5	1681766	0.0000030
all	1807	10	1681766	0.0000059
all	1808	10	1681766	0.0000059
all	1809	4	1681766	0.0000024
all	1810	8	1681766	0.0000048
all	1811	1	1681766	0.0000006
all	1812	11	1681766	0.0000065
all	1813	7	1681766	0.0000042
all	1814	3	1681766	0.0000018
all	1815	2	1681766	0.0000012
all	1816	1	1681766	0.0000006
all	1817	11	1681766	0.0000065
all	1818	4	1681766	0.0000024
all	1819	4	1681766	0.0000024
all	1820	5	1681766	0.0000030
all	1821	5	1681766	0.0000030
all	1822	1	1681766	0.0000006
all	1823	2	1681766	0.0000012
all	1824	5	1681766	0.0000030
all	1825	2	1681766	0.0000012
all	1827	5	1681766	0.0000030
all	1828	1	1681766	0.0000006
all	1829	1	1681766	0.0000006
all	1830	4	1681766	0.0000024
all	1832	9	1681766	0.0000054
all	1833	5	1681766	0.0000030
all	1834	4	1681766	0.0000024
all	1835	2	1681766	0.0000012
all	1836	10	1681766	0.0000059
all	1837	3	1681766	0.0000018
all	1838	4	1681766	0.0000024
all	1839	2	1681766	0.0000012
all	1840	10	1681766	0.0000059
all	1841	3	1681766	0.0000018
all	1842	8	1681766	0.0000048
all	1843	3	1681766	0.0000018
all	1844	3	1681766	0.0000018
all	1845	6	1681766	0.0000036
all	1847	1	1681766	0.0000006
all	1848	2	1681766	0.0000012
all	1849	3	1681766	0.0000018
all	1851	2	1681766	0.0000012
all	1853	3	1681766	0.0000018
all	1854	1	1681766	0.0000006
all	1855	4	1681766	0.0000024
all	1856	7	1681766	0.0000042
all	1857	6	1681766	0.0000036
all	1858	7	1681766	0.0000042
all	1859	3	1681766	0.0000018
all	1860	5	1681766	0.0000030
all	1861	4	1681766	0.0000024
all	1862	3	1681766	0.0000018
all	1863	2	1681766	0.0000012
all	1864	4	1681766	0.0000024
all	1865	2	1681766	0.0000012
all	1866	7	1681766	0.0000042
all	1867	5	1681766	0.0000030
all	1868	5	1681766	0.0000030
all	1869	3	1681766	0.0000018
all	1870	1	1681766	0.0000006
all	1871	3	1681766	0.0000018
all	1872	3	1681766	0.0000018
all	1873	4	1681766	0.0000024
all	1874	3	1681766	0.0000018
all	1875	3	1681766	0.0000018
all	1876	5	1681766	0.0000030
all	1877	2	1681766	0.0000012
all	1878	7	1681766	0.0000042
all	1879	2	1681766	0.0000012
all	1881	2	1681766	0.0000012
all	1882	1	1681766	0.0000006
all	1883	3	1681766	0.0000018
all	1884	7	1681766	0.0000042
all	1885	3	1681766	0.0000018
all	1886	5	1681766	0.0000030
all	1888	2	1681766	0.0000012
all	1889	5	1681766	0.0000030
all	1890	2	1681766	0.0000012
all	1891	1	1681766	0.0000006
all	1892	7	1681766	0.0000042
all	1896	3	1681766	0.0000018
all	1897	1	1681766	0.0000006
all	1899	4	1681766	0.0000024
all	1900	4	1681766	0.0000024
all	1901	3	1681766	0.0000018
all	1902	6	1681766	0.0000036
all	1903	4	1681766	0.0000024
all	1904	1	1681766	0.0000006
all	1905	5	1681766	0.0000030
all	1906	2	1681766	0.0000012
all	1907	6	1681766	0.0000036
all	1908	4	1681766	0.0000024
all	1909	1	1681766	0.0000006
all	1910	1	1681766	0.0000006
all	1911	2	1681766	0.0000012
all	1912	2	1681766	0.0000012
all	1913	3	1681766	0.0000018
all	1914	7	1681766	0.0000042
all	1915	1	1681766	0.0000006
all	1916	1	1681766	0.0000006
all	1917	4	1681766	0.0000024
all	1918	3	1681766	0.0000018
all	1919	9	1681766	0.0000054
all	1920	2	1681766	0.0000012
all	1922	2	1681766	0.0000012
all	1923	6	1681766	0.0000036
all	1924	4	1681766	0.0000024
all	1925	1	1681766	0.0000006
all	1926	3	1681766	0.0000018
all	1927	6	1681766	0.0000036
all	1928	3	1681766	0.0000018
all	1929	1	1681766	0.0000006
all	1931	7	1681766	0.0000042
all	1932	10	1681766	0.0000059
all	1934	2	1681766	0.0000012
all	1935	7	1681766	0.0000042
all	1936	1	1681766	0.0000006
all	1937	3	1681766	0.0000018
all	1938	2	1681766	0.0000012
all	1939	3	1681766	0.0000018
all	1940	5	1681766	0.0000030
all	1941	2	1681766	0.0000012
all	1943	1	1681766	0.0000006
all	1944	5	1681766	0.0000030
all	1945	3	1681766	0.0000018
all	1946	1	1681766	0.0000006
all	1948	3	1681766	0.0000018
all	1949	2	1681766	0.0000012
all	1950	4	1681766	0.0000024
all	1951	7	1681766	0.0000042
all	1956	2	1681766	0.0000012
all	1957	2	1681766	0.0000012
all	1958	4	1681766	0.0000024
all	1960	2	1681766	0.0000012
all	1962	1	1681766	0.0000006
all	1963	3	1681766	0.0000018
all	1964	4	1681766	0.0000024
all	1965	3	1681766	0.0000018
all	1966	1	1681766	0.0000006
all	1967	1	1681766	0.0000006
all	1969	4	1681766	0.0000024
all	1974	1	1681766	0.0000006
all	1975	7	1681766	0.0000042
all	1976	5	1681766	0.0000030
all	1979	1	1681766	0.0000006
all	1980	1	1681766	0.0000006
all	1981	2	1681766	0.0000012
all	1983	1	1681766	0.0000006
all	1984	8	1681766	0.0000048
all	1985	2	1681766	0.0000012
all	1986	3	1681766	0.0000018
all	1987	2	1681766	0.0000012
all	1988	1	1681766	0.0000006
all	1989	2	1681766	0.0000012
all	1990	2	1681766	0.0000012
all	1991	2	1681766	0.0000012
all	1992	1	1681766	0.0000006
all	1994	6	1681766	0.0000036
all	1997	3	1681766	0.0000018
all	1998	1	1681766	0.0000006
all	2000	1	1681766	0.0000006
all	2001	4	1681766	0.0000024
all	2002	2	1681766	0.0000012
all	2003	3	1681766	0.0000018
all	2004	2	1681766	0.0000012
all	2006	1	1681766	0.0000006
all	2007	2	1681766	0.0000012
all	2009	4	1681766	0.0000024
all	2010	1	1681766	0.0000006
all	2011	2	1681766	0.0000012
all	2012	2	1681766	0.0000012
all	2013	1	1681766	0.0000006
all	2014	1	1681766	0.0000006
all	2015	2	1681766	0.0000012
all	2016	3	1681766	0.0000018
all	2017	1	1681766	0.0000006
all	2018	1	1681766	0.0000006
all	2019	1	1681766	0.0000006
all	2020	1	1681766	0.0000006
all	2021	1	1681766	0.0000006
all	2022	1	1681766	0.0000006
all	2024	2	1681766	0.0000012
all	2025	1	1681766	0.0000006
all	2026	1	1681766	0.0000006
all	2027	5	1681766	0.0000030
all	2028	2	1681766	0.0000012
all	2029	2	1681766	0.0000012
all	2030	4	1681766	0.0000024
all	2031	1	1681766	0.0000006
all	2032	5	1681766	0.0000030
all	2033	5	1681766	0.0000030
all	2034	6	1681766	0.0000036
all	2036	2	1681766	0.0000012
all	2037	1	1681766	0.0000006
all	2038	2	1681766	0.0000012
all	2040	3	1681766	0.0000018
all	2043	1	1681766	0.0000006
all	2044	2	1681766	0.0000012
all	2046	4	1681766	0.0000024
all	2048	5	1681766	0.0000030
all	2049	1	1681766	0.0000006
all	2050	1	1681766	0.0000006
all	2051	2	1681766	0.0000012
all	2053	3	1681766	0.0000018
all	2054	2	1681766	0.0000012
all	2055	1	1681766	0.0000006
all	2056	3	1681766	0.0000018
all	2057	6	1681766	0.0000036
all	2058	1	1681766	0.0000006
all	2059	3	1681766	0.0000018
all	2062	3	1681766	0.0000018
all	2066	2	1681766	0.0000012
all	2067	1	1681766	0.0000006
all	2068	5	1681766	0.0000030
all	2069	1	1681766	0.0000006
all	2071	1	1681766	0.0000006
all	2074	2	1681766	0.0000012
all	2076	1	1681766	0.0000006
all	2078	3	1681766	0.0000018
all	2079	2	1681766	0.0000012
all	2080	3	1681766	0.0000018
all	2081	1	1681766	0.0000006
all	2083	1	1681766	0.0000006
all	2084	3	1681766	0.0000018
all	2086	2	1681766	0.0000012
all	2087	3	1681766	0.0000018
all	2088	11	1681766	0.0000065
all	2090	4	1681766	0.0000024
all	2091	6	1681766	0.0000036
all	2092	4	1681766	0.0000024
all	2094	2	1681766	0.0000012
all	2095	5	1681766	0.0000030
all	2096	4	1681766	0.0000024
all	2097	1	1681766	0.0000006
all	2099	1	1681766	0.0000006
all	2101	3	1681766	0.0000018
all	2102	2	1681766	0.0000012
all	2106	2	1681766	0.0000012
all	2108	1	1681766	0.0000006
all	2109	2	1681766	0.0000012
all	2110	3	1681766	0.0000018
all	2111	3	1681766	0.0000018
all	2113	2	1681766	0.0000012
all	2114	2	1681766	0.0000012
all	2115	3	1681766	0.0000018
all	2116	2	1681766	0.0000012
all	2117	3	1681766	0.0000018
all	2119	2	1681766	0.0000012
all	2122	1	1681766	0.0000006
all	2125	2	1681766	0.0000012
all	2126	1	1681766	0.0000006
all	2128	6	1681766	0.0000036
all	2131	1	1681766	0.0000006
all	2132	1	1681766	0.0000006
all	2133	2	1681766	0.0000012
all	2138	4	1681766	0.0000024
all	2140	2	1681766	0.0000012
all	2141	3	1681766	0.0000018
all	2142	1	1681766	0.0000006
all	2143	1	1681766	0.0000006
all	2144	3	1681766	0.0000018
all	2146	1	1681766	0.0000006
all	2147	2	1681766	0.0000012
all	2148	3	1681766	0.0000018
all	2150	1	1681766	0.0000006
all	2151	1	1681766	0.0000006
all	2153	1	1681766	0.0000006
all	2154	1	1681766	0.0000006
all	2155	6	1681766	0.0000036
all	2156	1	1681766	0.0000006
all	2157	1	1681766	0.0000006
all	2158	2	1681766	0.0000012
all	2159	2	1681766	0.0000012
all	2160	7	1681766	0.0000042
all	2161	6	1681766	0.0000036
all	2163	1	1681766	0.0000006
all	2166	1	1681766	0.0000006
all	2169	3	1681766	0.0000018
all	2170	1	1681766	0.0000006
all	2171	1	1681766	0.0000006
all	2175	1	1681766	0.0000006
all	2177	1	1681766	0.0000006
all	2178	1	1681766	0.0000006
all	2179	1	1681766	0.0000006
all	2181	1	1681766	0.0000006
all	2182	1	1681766	0.0000006
all	2183	1	1681766	0.0000006
all	2184	1	1681766	0.0000006
all	2186	2	1681766	0.0000012
all	2187	2	1681766	0.0000012
all	2188	2	1681766	0.0000012
all	2189	1	1681766	0.0000006
all	2190	3	1681766	0.0000018
all	2193	3	1681766	0.0000018
all	2194	9	1681766	0.0000054
all	2196	2	1681766	0.0000012
all	2197	1	1681766	0.0000006
all	2198	1	1681766	0.0000006
all	2202	1	1681766	0.0000006
all	2203	2	1681766	0.0000012
all	2205	2	1681766	0.0000012
all	2206	1	1681766	0.0000006
all	2207	3	1681766	0.0000018
all	2208	2	1681766	0.0000012
all	2211	1	1681766	0.0000006
all	2213	13	1681766	0.0000077
all	2215	2	1681766	0.0000012
all	2217	3	1681766	0.0000018
all	2220	3	1681766	0.0000018
all	2221	3	1681766	0.0000018
all	2223	5	1681766	0.0000030
all	2224	1	1681766	0.0000006
all	2228	1	1681766	0.0000006
all	2229	1	1681766	0.0000006
all	2230	1	1681766	0.0000006
all	2231	6	1681766	0.0000036
all	2233	2	1681766	0.0000012
all	2235	3	1681766	0.0000018
all	2237	1	1681766	0.0000006
all	2238	5	1681766	0.0000030
all	2239	1	1681766	0.0000006
all	2240	1	1681766	0.0000006
all	2241	1	1681766	0.0000006
all	2245	2	1681766	0.0000012
all	2246	1	1681766	0.0000006
all	2247	1	1681766	0.0000006
all	2248	1	1681766	0.0000006
all	2250	1	1681766	0.0000006
all	2253	2	1681766	0.0000012
all	2255	2	1681766	0.0000012
all	2258	1	1681766	0.0000006
all	2262	2	1681766	0.0000012
all	2264	2	1681766	0.0000012
all	2268	6	1681766	0.0000036
all	2269	3	1681766	0.0000018
all	2271	3	1681766	0.0000018
all	2272	1	1681766	0.0000006
all	2273	7	1681766	0.0000042
all	2276	2	1681766	0.0000012
all	2278	2	1681766	0.0000012
all	2280	1	1681766	0.0000006
all	2281	1	1681766	0.0000006
all	2282	2	1681766	0.0000012
all	2283	1	1681766	0.0000006
all	2284	1	1681766	0.0000006
all	2285	1	1681766	0.0000006
all	2287	2	1681766	0.0000012
all	2288	1	1681766	0.0000006
all	2289	2	1681766	0.0000012
all	2290	2	1681766	0.0000012
all	2291	1	1681766	0.0000006
all	2292	3	1681766	0.0000018
all	2294	1	1681766	0.0000006
all	2296	3	1681766	0.0000018
all	2297	2	1681766	0.0000012
all	2298	3	1681766	0.0000018
all	2302	3	1681766	0.0000018
all	2303	1	1681766	0.0000006
all	2305	3	1681766	0.0000018
all	2306	2	1681766	0.0000012
all	2308	2	1681766	0.0000012
all	2311	4	1681766	0.0000024
all	2312	3	1681766	0.0000018
all	2313	2	1681766	0.0000012
all	2314	1	1681766	0.0000006
all	2315	3	1681766	0.0000018
all	2316	1	1681766	0.0000006
all	2318	2	1681766	0.0000012
all	2319	3	1681766	0.0000018
all	2320	2	1681766	0.0000012
all	2321	6	1681766	0.0000036
all	2323	3	1681766	0.0000018
all	2324	2	1681766	0.0000012
all	2326	1	1681766	0.0000006
all	2327	3	1681766	0.0000018
all	2330	3	1681766	0.0000018
all	2331	4	1681766	0.0000024
all	2333	1	1681766	0.0000006
all	2334	2	1681766	0.0000012
all	2335	7	1681766	0.0000042
all	2340	1	1681766	0.0000006
all	2341	2	1681766	0.0000012
all	2343	5	1681766	0.0000030
all	2345	2	1681766	0.0000012
all	2346	3	1681766	0.0000018
all	2347	4	1681766	0.0000024
all	2348	1	1681766	0.0000006
all	2349	12	1681766	0.0000071
all	2350	3	1681766	0.0000018
all	2352	5	1681766	0.0000030
all	2353	1	1681766	0.0000006
all	2355	2	1681766	0.0000012
all	2357	1	1681766	0.0000006
all	2358	2	1681766	0.0000012
all	2359	6	1681766	0.0000036
all	2360	2	1681766	0.0000012
all	2361	7	1681766	0.0000042
all	2362	4	1681766	0.0000024
all	2363	1	1681766	0.0000006
all	2364	1	1681766	0.0000006
all	2365	1	1681766	0.0000006
all	2366	2	1681766	0.0000012
all	2367	1	1681766	0.0000006
all	2368	1	1681766	0.0000006
all	2369	5	1681766	0.0000030
all	2370	1	1681766	0.0000006
all	2371	2	1681766	0.0000012
all	2372	5	1681766	0.0000030
all	2373	2	1681766	0.0000012
all	2374	1	1681766	0.0000006
all	2375	4	1681766	0.0000024
all	2376	2	1681766	0.0000012
all	2377	1	1681766	0.0000006
all	2378	7	1681766	0.0000042
all	2379	5	1681766	0.0000030
all	2380	5	1681766	0.0000030
all	2381	1	1681766	0.0000006
all	2382	4	1681766	0.0000024
all	2383	3	1681766	0.0000018
all	2384	2	1681766	0.0000012
all	2385	3	1681766	0.0000018
all	2386	3	1681766	0.0000018
all	2387	1	1681766	0.0000006
all	2388	3	1681766	0.0000018
all	2389	2	1681766	0.0000012
all	2390	5	1681766	0.0000030
all	2392	1	1681766	0.0000006
all	2393	2	1681766	0.0000012
all	2394	2	1681766	0.0000012
all	2395	2	1681766	0.0000012
all	2398	4	1681766	0.0000024
all	2400	2	1681766	0.0000012
all	2401	2	1681766	0.0000012
all	2402	1	1681766	0.0000006
all	2403	4	1681766	0.0000024
all	2404	3	1681766	0.0000018
all	2405	4	1681766	0.0000024
all	2407	3	1681766	0.0000018
all	2408	3	1681766	0.0000018
all	2409	12	1681766	0.0000071
all	2410	5	1681766	0.0000030
all	2411	1	1681766	0.0000006
all	2412	1	1681766	0.0000006
all	2413	1	1681766	0.0000006
all	2415	2	1681766	0.0000012
all	2416	3	1681766	0.0000018
all	2417	5	1681766	0.0000030
all	2418	3	1681766	0.0000018
all	2419	4	1681766	0.0000024
all	2420	2	1681766	0.0000012
all	2421	4	1681766	0.0000024
all	2422	2	1681766	0.0000012
all	2423	1	1681766	0.0000006
all	2425	1	1681766	0.0000006
all	2426	2	1681766	0.0000012
all	2428	5	1681766	0.0000030
all	2429	1	1681766	0.0000006
all	2430	1	1681766	0.0000006
all	2431	1	1681766	0.0000006
all	2432	1	1681766	0.0000006
all	2434	7	1681766	0.0000042
all	2435	2	1681766	0.0000012
all	2437	1	1681766	0.0000006
all	2439	3	1681766	0.0000018
all	2440	14	1681766	0.0000083
all	2441	5	1681766	0.0000030
all	2442	7	1681766	0.0000042
all	2443	5	1681766	0.0000030
all	2444	3	1681766	0.0000018
all	2445	3	1681766	0.0000018
all	2446	5	1681766	0.0000030
all	2448	7	1681766	0.0000042
all	2449	4	1681766	0.0000024
all	2450	1	1681766	0.0000006
all	2452	3	1681766	0.0000018
all	2453	1	1681766	0.0000006
all	2454	3	1681766	0.0000018
all	2456	6	1681766	0.0000036
all	2457	1	1681766	0.0000006
all	2458	6	1681766	0.0000036
all	2460	5	1681766	0.0000030
all	2463	2	1681766	0.0000012
all	2464	5	1681766	0.0000030
all	2465	1	1681766	0.0000006
all	2466	5	1681766	0.0000030
all	2467	1	1681766	0.0000006
all	2469	2	1681766	0.0000012
all	2470	2	1681766	0.0000012
all	2471	1	1681766	0.0000006
all	2474	1	1681766	0.0000006
all	2475	3	1681766	0.0000018
all	2476	3	1681766	0.0000018
all	2478	4	1681766	0.0000024
all	2479	2	1681766	0.0000012
all	2481	1	1681766	0.0000006
all	2483	2	1681766	0.0000012
all	2484	1	1681766	0.0000006
all	2485	1	1681766	0.0000006
all	2486	2	1681766	0.0000012
all	2488	2	1681766	0.0000012
all	2489	1	1681766	0.0000006
all	2491	1	1681766	0.0000006
all	2492	2	1681766	0.0000012
all	2494	1	1681766	0.0000006
all	2495	1	1681766	0.0000006
all	2497	2	1681766	0.0000012
all	2499	1	1681766	0.0000006
all	2502	2	1681766	0.0000012
all	2503	1	1681766	0.0000006
all	2505	1	1681766	0.0000006
all	2506	2	1681766	0.0000012
all	2508	2	1681766	0.0000012
all	2510	4	1681766	0.0000024
all	2511	1	1681766	0.0000006
all	2512	2	1681766	0.0000012
all	2513	1	1681766	0.0000006
all	2516	5	1681766	0.0000030
all	2517	3	1681766	0.0000018
all	2518	2	1681766	0.0000012
all	2520	1	1681766	0.0000006
all	2522	1	1681766	0.0000006
all	2524	4	1681766	0.0000024
all	2525	4	1681766	0.0000024
all	2526	1	1681766	0.0000006
all	2527	2	1681766	0.0000012
all	2528	2	1681766	0.0000012
all	2529	4	1681766	0.0000024
all	2530	5	1681766	0.0000030
all	2531	6	1681766	0.0000036
all	2532	2	1681766	0.0000012
all	2533	7	1681766	0.0000042
all	2534	1	1681766	0.0000006
all	2535	2	1681766	0.0000012
all	2536	2	1681766	0.0000012
all	2537	2	1681766	0.0000012
all	2539	2	1681766	0.0000012
all	2542	4	1681766	0.0000024
all	2543	1	1681766	0.0000006
all	2544	1	1681766	0.0000006
all	2548	2	1681766	0.0000012
all	2550	1	1681766	0.0000006
all	2551	2	1681766	0.0000012
all	2555	4	1681766	0.0000024
all	2557	1	1681766	0.0000006
all	2559	1	1681766	0.0000006
all	2563	3	1681766	0.0000018
all	2564	3	1681766	0.0000018
all	2566	1	1681766	0.0000006
all	2567	2	1681766	0.0000012
all	2569	2	1681766	0.0000012
all	2570	1	1681766	0.0000006
all	2571	2	1681766	0.0000012
all	2572	1	1681766	0.0000006
all	2574	2	1681766	0.0000012
all	2576	1	1681766	0.0000006
all	2579	2	1681766	0.0000012
all	2582	1	1681766	0.0000006
all	2584	1	1681766	0.0000006
all	2586	2	1681766	0.0000012
all	2587	2	1681766	0.0000012
all	2590	2	1681766	0.0000012
all	2591	2	1681766	0.0000012
all	2593	1	1681766	0.0000006
all	2594	1	1681766	0.0000006
all	2595	1	1681766	0.0000006
all	2596	1	1681766	0.0000006
all	2597	1	1681766	0.0000006
all	2599	2	1681766	0.0000012
all	2600	1	1681766	0.0000006
all	2601	2	1681766	0.0000012
all	2602	2	1681766	0.0000012
all	2603	1	1681766	0.0000006
all	2605	1	1681766	0.0000006
all	2606	2	1681766	0.0000012
all	2607	3	1681766	0.0000018
all	2608	1	1681766	0.0000006
all	2612	1	1681766	0.0000006
all	2613	1	1681766	0.0000006
all	2614	1	1681766	0.0000006
all	2616	1	1681766	0.0000006
all	2619	3	1681766	0.0000018
all	2622	1	1681766	0.0000006
all	2623	2	1681766	0.0000012
all	2625	1	1681766	0.0000006
all	2626	2	1681766	0.0000012
all	2629	1	1681766	0.0000006
all	2630	2	1681766	0.0000012
all	2631	1	1681766	0.0000006
all	2632	1	1681766	0.0000006
all	2634	2	1681766	0.0000012
all	2635	1	1681766	0.0000006
all	2636	1	1681766	0.0000006
all	2639	1	1681766	0.0000006
all	2641	3	1681766	0.0000018
all	2642	1	1681766	0.0000006
all	2645	2	1681766	0.0000012
all	2648	1	1681766	0.0000006
all	2649	1	1681766	0.0000006
all	2652	1	1681766	0.0000006
all	2653	2	1681766	0.0000012
all	2654	3	1681766	0.0000018
all	2656	1	1681766	0.0000006
all	2661	2	1681766	0.0000012
all	2664	2	1681766	0.0000012
all	2666	1	1681766	0.0000006
all	2667	1	1681766	0.0000006
all	2668	1	1681766	0.0000006
all	2672	1	1681766	0.0000006
all	2676	1	1681766	0.0000006
all	2677	2	1681766	0.0000012
all	2678	2	1681766	0.0000012
all	2679	1	1681766	0.0000006
all	2680	2	1681766	0.0000012
all	2682	1	1681766	0.0000006
all	2688	1	1681766	0.0000006
all	2690	1	1681766	0.0000006
all	2691	1	1681766	0.0000006
all	2696	4	1681766	0.0000024
all	2697	1	1681766	0.0000006
all	2698	1	1681766	0.0000006
all	2699	2	1681766	0.0000012
all	2702	1	1681766	0.0000006
all	2709	1	1681766	0.0000006
all	2711	2	1681766	0.0000012
all	2712	1	1681766	0.0000006
all	2714	3	1681766	0.0000018
all	2715	1	1681766	0.0000006
all	2716	2	1681766	0.0000012
all	2719	1	1681766	0.0000006
all	2720	1	1681766	0.0000006
all	2721	1	1681766	0.0000006
all	2723	1	1681766	0.0000006
all	2724	1	1681766	0.0000006
all	2727	1	1681766	0.0000006
all	2729	2	1681766	0.0000012
all	2730	1	1681766	0.0000006
all	2731	1	1681766	0.0000006
all	2732	1	1681766	0.0000006
all	2735	2	1681766	0.0000012
all	2737	1	1681766	0.0000006
all	2739	1	1681766	0.0000006
all	2740	1	1681766	0.0000006
all	2741	3	1681766	0.0000018
all	2743	3	1681766	0.0000018
all	2744	2	1681766	0.0000012
all	2745	2	1681766	0.0000012
all	2746	1	1681766	0.0000006
all	2747	1	1681766	0.0000006
all	2748	1	1681766	0.0000006
all	2750	2	1681766	0.0000012
all	2751	1	1681766	0.0000006
all	2753	2	1681766	0.0000012
all	2754	1	1681766	0.0000006
all	2756	2	1681766	0.0000012
all	2760	1	1681766	0.0000006
all	2761	1	1681766	0.0000006
all	2762	2	1681766	0.0000012
all	2764	2	1681766	0.0000012
all	2765	2	1681766	0.0000012
all	2766	2	1681766	0.0000012
all	2772	1	1681766	0.0000006
all	2773	1	1681766	0.0000006
all	2775	1	1681766	0.0000006
all	2778	1	1681766	0.0000006
all	2781	1	1681766	0.0000006
all	2782	1	1681766	0.0000006
all	2783	1	1681766	0.0000006
all	2784	2	1681766	0.0000012
all	2786	1	1681766	0.0000006
all	2788	2	1681766	0.0000012
all	2790	1	1681766	0.0000006
all	2791	1	1681766	0.0000006
all	2794	1	1681766	0.0000006
all	2796	2	1681766	0.0000012
all	2799	1	1681766	0.0000006
all	2801	1	1681766	0.0000006
all	2803	1	1681766	0.0000006
all	2804	2	1681766	0.0000012
all	2806	2	1681766	0.0000012
all	2807	1	1681766	0.0000006
all	2810	1	1681766	0.0000006
all	2814	3	1681766	0.0000018
all	2815	1	1681766	0.0000006
all	2816	1	1681766	0.0000006
all	2819	6	1681766	0.0000036
all	2821	2	1681766	0.0000012
all	2824	3	1681766	0.0000018
all	2828	1	1681766	0.0000006
all	2831	4	1681766	0.0000024
all	2832	1	1681766	0.0000006
all	2833	1	1681766	0.0000006
all	2835	3	1681766	0.0000018
all	2836	1	1681766	0.0000006
all	2837	4	1681766	0.0000024
all	2839	3	1681766	0.0000018
all	2841	4	1681766	0.0000024
all	2843	1	1681766	0.0000006
all	2844	1	1681766	0.0000006
all	2845	3	1681766	0.0000018
all	2846	5	1681766	0.0000030
all	2848	1	1681766	0.0000006
all	2850	3	1681766	0.0000018
all	2851	1	1681766	0.0000006
all	2852	1	1681766	0.0000006
all	2854	3	1681766	0.0000018
all	2855	3	1681766	0.0000018
all	2856	5	1681766	0.0000030
all	2857	1	1681766	0.0000006
all	2858	1	1681766	0.0000006
all	2862	4	1681766	0.0000024
all	2863	2	1681766	0.0000012
all	2865	1	1681766	0.0000006
all	2867	1	1681766	0.0000006
all	2868	1	1681766	0.0000006
all	2869	3	1681766	0.0000018
all	2870	2	1681766	0.0000012
all	2873	3	1681766	0.0000018
all	2875	3	1681766	0.0000018
all	2876	1	1681766	0.0000006
all	2877	5	1681766	0.0000030
all	2878	1	1681766	0.0000006
all	2883	1	1681766	0.0000006
all	2884	2	1681766	0.0000012
all	2885	6	1681766	0.0000036
all	2886	1	1681766	0.0000006
all	2888	1	1681766	0.0000006
all	2889	1	1681766	0.0000006
all	2890	2	1681766	0.0000012
all	2891	3	1681766	0.0000018
all	2893	1	1681766	0.0000006
all	2895	1	1681766	0.0000006
all	2897	1	1681766	0.0000006
all	2904	1	1681766	0.0000006
all	2907	1	1681766	0.0000006
all	2910	3	1681766	0.0000018
all	2911	2	1681766	0.0000012
all	2912	1	1681766	0.0000006
all	2916	2	1681766	0.0000012
all	2920	2	1681766	0.0000012
all	2922	2	1681766	0.0000012
all	2923	1	1681766	0.0000006
all	2925	1	1681766	0.0000006
all	2926	1	1681766	0.0000006
all	2927	5	1681766	0.0000030
all	2928	2	1681766	0.0000012
all	2929	2	1681766	0.0000012
all	2931	2	1681766	0.0000012
all	2934	1	1681766	0.0000006
all	2935	1	1681766	0.0000006
all	2939	2	1681766	0.0000012
all	2940	3	1681766	0.0000018
all	2942	2	1681766	0.0000012
all	2945	2	1681766	0.0000012
all	2947	1	1681766	0.0000006
all	2948	1	1681766	0.0000006
all	2949	3	1681766	0.0000018
all	2951	3	1681766	0.0000018
all	2952	2	1681766	0.0000012
all	2953	1	1681766	0.0000006
all	2954	2	1681766	0.0000012
all	2956	4	1681766	0.0000024
all	2957	1	1681766	0.0000006
all	2958	2	1681766	0.0000012
all	2959	1	1681766	0.0000006
all	2960	1	1681766	0.0000006
all	2961	1	1681766	0.0000006
all	2967	1	1681766	0.0000006
all	2968	1	1681766	0.0000006
all	2969	1	1681766	0.0000006
all	2970	1	1681766	0.0000006
all	2975	2	1681766	0.0000012
all	2977	1	1681766	0.0000006
all	2982	1	1681766	0.0000006
all	2984	2	1681766	0.0000012
all	2985	2	1681766	0.0000012
all	2990	1	1681766	0.0000006
all	2992	2	1681766	0.0000012
all	2993	5	1681766	0.0000030
all	2995	2	1681766	0.0000012
all	2997	1	1681766	0.0000006
all	3000	1	1681766	0.0000006
all	3004	1	1681766	0.0000006
all	3006	1	1681766	0.0000006
all	3007	1	1681766	0.0000006
all	3010	2	1681766	0.0000012
all	3012	1	1681766	0.0000006
all	3014	1	1681766	0.0000006
all	3016	1	1681766	0.0000006
all	3017	2	1681766	0.0000012
all	3018	2	1681766	0.0000012
all	3019	1	1681766	0.0000006
all	3022	1	1681766	0.0000006
all	3024	2	1681766	0.0000012
all	3026	1	1681766	0.0000006
all	3027	1	1681766	0.0000006
all	3028	4	1681766	0.0000024
all	3030	1	1681766	0.0000006
all	3032	2	1681766	0.0000012
all	3033	2	1681766	0.0000012
all	3038	3	1681766	0.0000018
all	3040	1	1681766	0.0000006
all	3041	1	1681766	0.0000006
all	3043	2	1681766	0.0000012
all	3047	3	1681766	0.0000018
all	3048	2	1681766	0.0000012
all	3049	1	1681766	0.0000006
all	3050	3	1681766	0.0000018
all	3053	1	1681766	0.0000006
all	3054	2	1681766	0.0000012
all	3058	2	1681766	0.0000012
all	3061	4	1681766	0.0000024
all	3064	2	1681766	0.0000012
all	3066	3	1681766	0.0000018
all	3068	2	1681766	0.0000012
all	3070	2	1681766	0.0000012
all	3076	3	1681766	0.0000018
all	3079	3	1681766	0.0000018
all	3080	2	1681766	0.0000012
all	3082	1	1681766	0.0000006
all	3083	3	1681766	0.0000018
all	3084	2	1681766	0.0000012
all	3095	1	1681766	0.0000006
all	3097	1	1681766	0.0000006
all	3098	1	1681766	0.0000006
all	3100	1	1681766	0.0000006
all	3108	1	1681766	0.0000006
all	3109	1	1681766	0.0000006
all	3111	1	1681766	0.0000006
all	3120	1	1681766	0.0000006
all	3121	1	1681766	0.0000006
all	3122	1	1681766	0.0000006
all	3124	1	1681766	0.0000006
all	3125	1	1681766	0.0000006
all	3128	1	1681766	0.0000006
all	3135	1	1681766	0.0000006
all	3138	1	1681766	0.0000006
all	3141	3	1681766	0.0000018
all	3142	1	1681766	0.0000006
all	3143	1	1681766	0.0000006
all	3144	1	1681766	0.0000006
all	3148	2	1681766	0.0000012
all	3149	1	1681766	0.0000006
all	3150	2	1681766	0.0000012
all	3151	1	1681766	0.0000006
all	3152	2	1681766	0.0000012
all	3155	1	1681766	0.0000006
all	3162	1	1681766	0.0000006
all	3168	4	1681766	0.0000024
all	3169	2	1681766	0.0000012
all	3171	2	1681766	0.0000012
all	3172	1	1681766	0.0000006
all	3173	1	1681766	0.0000006
all	3175	4	1681766	0.0000024
all	3176	1	1681766	0.0000006
all	3182	1	1681766	0.0000006
all	3185	1	1681766	0.0000006
all	3187	1	1681766	0.0000006
all	3190	1	1681766	0.0000006
all	3197	1	1681766	0.0000006
all	3198	1	1681766	0.0000006
all	3199	1	1681766	0.0000006
all	3203	1	1681766	0.0000006
all	3204	2	1681766	0.0000012
all	3205	2	1681766	0.0000012
all	3206	3	1681766	0.0000018
all	3207	1	1681766	0.0000006
all	3215	1	1681766	0.0000006
all	3219	1	1681766	0.0000006
all	3222	2	1681766	0.0000012
all	3225	2	1681766	0.0000012
all	3227	1	1681766	0.0000006
all	3229	1	1681766	0.0000006
all	3231	1	1681766	0.0000006
all	3233	1	1681766	0.0000006
all	3234	1	1681766	0.0000006
all	3236	1	1681766	0.0000006
all	3238	1	1681766	0.0000006
all	3244	1	1681766	0.0000006
all	3246	1	1681766	0.0000006
all	3247	1	1681766	0.0000006
all	3265	1	1681766	0.0000006
all	3268	3	1681766	0.0000018
all	3271	1	1681766	0.0000006
all	3272	1	1681766	0.0000006
all	3273	2	1681766	0.0000012
all	3274	2	1681766	0.0000012
all	3275	2	1681766	0.0000012
all	3276	1	1681766	0.0000006
all	3278	1	1681766	0.0000006
all	3279	1	1681766	0.0000006
all	3282	2	1681766	0.0000012
all	3283	2	1681766	0.0000012
all	3286	1	1681766	0.0000006
all	3288	2	1681766	0.0000012
all	3291	2	1681766	0.0000012
all	3293	3	1681766	0.0000018
all	3295	2	1681766	0.0000012
all	3296	2	1681766	0.0000012
all	3297	2	1681766	0.0000012
all	3300	1	1681766	0.0000006
all	3301	1	1681766	0.0000006
all	3302	1	1681766	0.0000006
all	3311	1	1681766	0.0000006
all	3313	2	1681766	0.0000012
all	3315	1	1681766	0.0000006
all	3317	1	1681766	0.0000006
all	3318	1	1681766	0.0000006
all	3321	1	1681766	0.0000006
all	3322	1	1681766	0.0000006
all	3329	1	1681766	0.0000006
all	3342	1	1681766	0.0000006
all	3343	2	1681766	0.0000012
all	3344	1	1681766	0.0000006
all	3347	1	1681766	0.0000006
all	3353	2	1681766	0.0000012
all	3354	2	1681766	0.0000012
all	3359	4	1681766	0.0000024
all	3360	2	1681766	0.0000012
all	3361	1	1681766	0.0000006
all	3362	2	1681766	0.0000012
all	3364	2	1681766	0.0000012
all	3365	1	1681766	0.0000006
all	3372	2	1681766	0.0000012
all	3375	4	1681766	0.0000024
all	3378	1	1681766	0.0000006
all	3381	2	1681766	0.0000012
all	3382	4	1681766	0.0000024
all	3385	2	1681766	0.0000012
all	3386	4	1681766	0.0000024
all	3387	2	1681766	0.0000012
all	3388	1	1681766	0.0000006
all	3389	1	1681766	0.0000006
all	3392	1	1681766	0.0000006
all	3403	2	1681766	0.0000012
all	3413	1	1681766	0.0000006
all	3421	1	1681766	0.0000006
all	3430	1	1681766	0.0000006
all	3434	1	1681766	0.0000006
all	3438	1	1681766	0.0000006
all	3449	1	1681766	0.0000006
all	3452	1	1681766	0.0000006
all	3453	1	1681766	0.0000006
all	3457	1	1681766	0.0000006
all	3458	2	1681766	0.0000012
all	3465	1	1681766	0.0000006
all	3469	1	1681766	0.0000006
all	3484	1	1681766	0.0000006
all	3490	1	1681766	0.0000006
all	3498	1	1681766	0.0000006
all	3503	1	1681766	0.0000006
all	3515	1	1681766	0.0000006
all	3519	1	1681766	0.0000006
all	3525	1	1681766	0.0000006
all	3550	1	1681766	0.0000006
all	3567	1	1681766	0.0000006
all	3573	1	1681766	0.0000006
all	3584	1	1681766	0.0000006
all	3585	1	1681766	0.0000006
all	3586	1	1681766	0.0000006
all	3592	1	1681766	0.0000006
all	3596	1	1681766	0.0000006
all	3604	1	1681766	0.0000006
all	3606	1	1681766	0.0000006
all	3614	1	1681766	0.0000006
all	3615	1	1681766	0.0000006
all	3616	1	1681766	0.0000006
all	3620	2	1681766	0.0000012
all	3622	2	1681766	0.0000012
all	3630	1	1681766	0.0000006
all	3631	1	1681766	0.0000006
all	3633	1	1681766	0.0000006
all	3636	3	1681766	0.0000018
all	3639	2	1681766	0.0000012
all	3640	3	1681766	0.0000018
all	3641	1	1681766	0.0000006
all	3642	2	1681766	0.0000012
all	3643	1	1681766	0.0000006
all	3644	1	1681766	0.0000006
all	3645	1	1681766	0.0000006
all	3647	1	1681766	0.0000006
all	3648	1	1681766	0.0000006
all	3649	1	1681766	0.0000006
all	3650	1	1681766	0.0000006
all	3656	2	1681766	0.0000012
all	3660	2	1681766	0.0000012
all	3666	1	1681766	0.0000006
all	3668	1	1681766	0.0000006
all	3669	1	1681766	0.0000006
all	3677	1	1681766	0.0000006
all	3679	1	1681766	0.0000006
all	3682	3	1681766	0.0000018
all	3684	1	1681766	0.0000006
all	3688	1	1681766	0.0000006
all	3689	1	1681766	0.0000006
all	3692	1	1681766	0.0000006
all	3695	1	1681766	0.0000006
all	3698	2	1681766	0.0000012
all	3705	2	1681766	0.0000012
all	3709	1	1681766	0.0000006
all	3711	2	1681766	0.0000012
all	3713	1	1681766	0.0000006
all	3715	1	1681766	0.0000006
all	3717	1	1681766	0.0000006
all	3757	1	1681766	0.0000006
all	3790	1	1681766	0.0000006
all	3798	1	1681766	0.0000006
all	3820	1	1681766	0.0000006
all	3829	2	1681766	0.0000012
all	3858	1	1681766	0.0000006
all	3864	1	1681766	0.0000006
all	3867	1	1681766	0.0000006
all	3871	1	1681766	0.0000006
all	3872	1	1681766	0.0000006
all	3874	1	1681766	0.0000006
all	3876	1	1681766	0.0000006
all	3886	1	1681766	0.0000006
all	3888	1	1681766	0.0000006
all	3889	1	1681766	0.0000006
all	3890	1	1681766	0.0000006
all	3891	1	1681766	0.0000006
all	3895	1	1681766	0.0000006
all	3897	1	1681766	0.0000006
all	3898	2	1681766	0.0000012
all	3903	2	1681766	0.0000012
all	3909	1	1681766	0.0000006
all	3910	1	1681766	0.0000006
all	3915	1	1681766	0.0000006
all	3917	1	1681766	0.0000006
all	3929	1	1681766	0.0000006
all	3930	2	1681766	0.0000012
all	3934	1	1681766	0.0000006
all	3937	1	1681766	0.0000006
all	3941	1	1681766	0.0000006
all	3945	3	1681766	0.0000018
all	3949	2	1681766	0.0000012
all	3953	2	1681766	0.0000012
all	3956	2	1681766	0.0000012
all	3961	1	1681766	0.0000006
all	3967	1	1681766	0.0000006
all	3971	1	1681766	0.0000006
all	3973	3	1681766	0.0000018
all	3975	1	1681766	0.0000006
all	3982	2	1681766	0.0000012
all	3984	1	1681766	0.0000006
all	3987	1	1681766	0.0000006
all	3988	1	1681766	0.0000006
all	3990	1	1681766	0.0000006
all	3993	1	1681766	0.0000006
all	3994	1	1681766	0.0000006
all	3995	1	1681766	0.0000006
all	4002	1	1681766	0.0000006
all	4004	1	1681766	0.0000006
all	4006	1	1681766	0.0000006
all	4008	1	1681766	0.0000006
all	4010	1	1681766	0.0000006
all	4011	1	1681766	0.0000006
all	4014	2	1681766	0.0000012
all	4018	1	1681766	0.0000006
all	4019	1	1681766	0.0000006
all	4027	5	1681766	0.0000030
all	4030	1	1681766	0.0000006
all	4031	1	1681766	0.0000006
all	4036	1	1681766	0.0000006
all	4037	3	1681766	0.0000018
all	4041	1	1681766	0.0000006
all	4043	2	1681766	0.0000012
all	4045	1	1681766	0.0000006
all	4050	1	1681766	0.0000006
all	4060	1	1681766	0.0000006
all	4064	1	1681766	0.0000006
all	4065	1	1681766	0.0000006
all	4068	2	1681766	0.0000012
all	4069	3	1681766	0.0000018
all	4070	1	1681766	0.0000006
all	4085	1	1681766	0.0000006
all	4087	2	1681766	0.0000012
all	4088	1	1681766	0.0000006
all	4089	2	1681766	0.0000012
all	4091	1	1681766	0.0000006
all	4099	1	1681766	0.0000006
all	4105	4	1681766	0.0000024
all	4109	1	1681766	0.0000006
all	4110	2	1681766	0.0000012
all	4114	1	1681766	0.0000006
all	4122	1	1681766	0.0000006
all	4133	4	1681766	0.0000024
all	4134	1	1681766	0.0000006
all	4135	1	1681766	0.0000006
all	4136	1	1681766	0.0000006
all	4145	1	1681766	0.0000006
all	4147	1	1681766	0.0000006
all	4148	2	1681766	0.0000012
all	4149	1	1681766	0.0000006
all	4151	1	1681766	0.0000006
all	4152	1	1681766	0.0000006
all	4154	2	1681766	0.0000012
all	4157	1	1681766	0.0000006
all	4158	1	1681766	0.0000006
all	4160	1	1681766	0.0000006
all	4163	1	1681766	0.0000006
all	4164	1	1681766	0.0000006
all	4167	2	1681766	0.0000012
all	4172	1	1681766	0.0000006
all	4173	2	1681766	0.0000012
all	4181	2	1681766	0.0000012
all	4184	2	1681766	0.0000012
all	4185	1	1681766	0.0000006
all	4186	1	1681766	0.0000006
all	4190	2	1681766	0.0000012
all	4191	1	1681766	0.0000006
all	4196	1	1681766	0.0000006
all	4198	1	1681766	0.0000006
all	4202	1	1681766	0.0000006
all	4204	1	1681766	0.0000006
all	4206	1	1681766	0.0000006
all	4208	1	1681766	0.0000006
all	4214	1	1681766	0.0000006
all	4219	2	1681766	0.0000012
all	4220	1	1681766	0.0000006
all	4222	1	1681766	0.0000006
all	4223	2	1681766	0.0000012
all	4224	2	1681766	0.0000012
all	4225	2	1681766	0.0000012
all	4227	1	1681766	0.0000006
all	4229	1	1681766	0.0000006
all	4231	1	1681766	0.0000006
all	4233	1	1681766	0.0000006
all	4234	2	1681766	0.0000012
all	4237	1	1681766	0.0000006
all	4240	1	1681766	0.0000006
all	4241	2	1681766	0.0000012
all	4242	1	1681766	0.0000006
all	4243	1	1681766	0.0000006
all	4244	1	1681766	0.0000006
all	4246	7	1681766	0.0000042
all	4249	1	1681766	0.0000006
all	4253	1	1681766	0.0000006
all	4255	1	1681766	0.0000006
all	4258	3	1681766	0.0000018
all	4259	3	1681766	0.0000018
all	4260	1	1681766	0.0000006
all	4261	2	1681766	0.0000012
all	4262	2	1681766	0.0000012
all	4265	1	1681766	0.0000006
all	4269	1	1681766	0.0000006
all	4270	2	1681766	0.0000012
all	4275	1	1681766	0.0000006
all	4276	1	1681766	0.0000006
all	4277	1	1681766	0.0000006
all	4278	1	1681766	0.0000006
all	4280	2	1681766	0.0000012
all	4281	1	1681766	0.0000006
all	4284	1	1681766	0.0000006
all	4289	1	1681766	0.0000006
all	4290	2	1681766	0.0000012
all	4291	1	1681766	0.0000006
all	4293	3	1681766	0.0000018
all	4297	1	1681766	0.0000006
all	4298	1	1681766	0.0000006
all	4300	2	1681766	0.0000012
all	4301	1	1681766	0.0000006
all	4302	1	1681766	0.0000006
all	4303	2	1681766	0.0000012
all	4306	3	1681766	0.0000018
all	4308	1	1681766	0.0000006
all	4311	2	1681766	0.0000012
all	4313	1	1681766	0.0000006
all	4314	4	1681766	0.0000024
all	4315	2	1681766	0.0000012
all	4317	1	1681766	0.0000006
all	4318	1	1681766	0.0000006
all	4319	1	1681766	0.0000006
all	4320	1	1681766	0.0000006
all	4327	1	1681766	0.0000006
all	4328	1	1681766	0.0000006
all	4329	1	1681766	0.0000006
all	4333	2	1681766	0.0000012
all	4336	1	1681766	0.0000006
all	4338	2	1681766	0.0000012
all	4339	1	1681766	0.0000006
all	4345	1	1681766	0.0000006
all	4346	1	1681766	0.0000006
all	4350	1	1681766	0.0000006
all	4352	1	1681766	0.0000006
all	4354	2	1681766	0.0000012
all	4355	1	1681766	0.0000006
all	4356	2	1681766	0.0000012
all	4360	2	1681766	0.0000012
all	4363	2	1681766	0.0000012
all	4365	1	1681766	0.0000006
all	4367	3	1681766	0.0000018
all	4368	1	1681766	0.0000006
all	4371	3	1681766	0.0000018
all	4372	1	1681766	0.0000006
all	4374	1	1681766	0.0000006
all	4378	4	1681766	0.0000024
all	4379	1	1681766	0.0000006
all	4383	1	1681766	0.0000006
all	4384	3	1681766	0.0000018
all	4386	2	1681766	0.0000012
all	4387	3	1681766	0.0000018
all	4388	1	1681766	0.0000006
all	4389	1	1681766	0.0000006
all	4390	1	1681766	0.0000006
all	4394	2	1681766	0.0000012
all	4397	2	1681766	0.0000012
all	4398	1	1681766	0.0000006
all	4400	3	1681766	0.0000018
all	4401	2	1681766	0.0000012
all	4404	1	1681766	0.0000006
all	4405	1	1681766	0.0000006
all	4407	1	1681766	0.0000006
all	4408	1	1681766	0.0000006
all	4409	5	1681766	0.0000030
all	4410	2	1681766	0.0000012
all	4412	3	1681766	0.0000018
all	4416	1	1681766	0.0000006
all	4419	3	1681766	0.0000018
all	4420	1	1681766	0.0000006
all	4422	1	1681766	0.0000006
all	4424	2	1681766	0.0000012
all	4425	2	1681766	0.0000012
all	4427	2	1681766	0.0000012
all	4431	3	1681766	0.0000018
all	4433	1	1681766	0.0000006
all	4435	2	1681766	0.0000012
all	4436	1	1681766	0.0000006
all	4439	2	1681766	0.0000012
all	4440	1	1681766	0.0000006
all	4442	2	1681766	0.0000012
all	4443	2	1681766	0.0000012
all	4444	2	1681766	0.0000012
all	4446	2	1681766	0.0000012
all	4447	1	1681766	0.0000006
all	4450	4	1681766	0.0000024
all	4451	2	1681766	0.0000012
all	4453	5	1681766	0.0000030
all	4454	1	1681766	0.0000006
all	4455	1	1681766	0.0000006
all	4457	1	1681766	0.0000006
all	4458	1	1681766	0.0000006
all	4459	2	1681766	0.0000012
all	4461	1	1681766	0.0000006
all	4462	2	1681766	0.0000012
all	4464	2	1681766	0.0000012
all	4467	2	1681766	0.0000012
all	4469	3	1681766	0.0000018
all	4471	1	1681766	0.0000006
all	4473	2	1681766	0.0000012
all	4474	1	1681766	0.0000006
all	4476	1	1681766	0.0000006
all	4478	1	1681766	0.0000006
all	4479	1	1681766	0.0000006
all	4481	1	1681766	0.0000006
all	4482	1	1681766	0.0000006
all	4485	3	1681766	0.0000018
all	4487	2	1681766	0.0000012
all	4492	1	1681766	0.0000006
all	4493	2	1681766	0.0000012
all	4496	3	1681766	0.0000018
all	4499	2	1681766	0.0000012
all	4504	2	1681766	0.0000012
all	4507	2	1681766	0.0000012
all	4508	1	1681766	0.0000006
all	4509	1	1681766	0.0000006
all	4510	3	1681766	0.0000018
all	4514	3	1681766	0.0000018
all	4516	3	1681766	0.0000018
all	4522	1	1681766	0.0000006
all	4523	1	1681766	0.0000006
all	4524	1	1681766	0.0000006
all	4526	1	1681766	0.0000006
all	4527	1	1681766	0.0000006
all	4528	1	1681766	0.0000006
all	4529	1	1681766	0.0000006
all	4530	3	1681766	0.0000018
all	4532	1	1681766	0.0000006
all	4536	1	1681766	0.0000006
all	4538	2	1681766	0.0000012
all	4539	2	1681766	0.0000012
all	4540	1	1681766	0.0000006
all	4541	1	1681766	0.0000006
all	4542	3	1681766	0.0000018
all	4543	3	1681766	0.0000018
all	4544	2	1681766	0.0000012
all	4545	2	1681766	0.0000012
all	4546	1	1681766	0.0000006
all	4549	3	1681766	0.0000018
all	4550	1	1681766	0.0000006
all	4551	1	1681766	0.0000006
all	4552	1	1681766	0.0000006
all	4554	1	1681766	0.0000006
all	4555	1	1681766	0.0000006
all	4556	1	1681766	0.0000006
all	4557	2	1681766	0.0000012
all	4560	1	1681766	0.0000006
all	4563	3	1681766	0.0000018
all	4564	2	1681766	0.0000012
all	4565	2	1681766	0.0000012
all	4566	3	1681766	0.0000018
all	4567	2	1681766	0.0000012
all	4571	1	1681766	0.0000006
all	4572	3	1681766	0.0000018
all	4574	1	1681766	0.0000006
all	4581	1	1681766	0.0000006
all	4584	4	1681766	0.0000024
all	4585	3	1681766	0.0000018
all	4586	1	1681766	0.0000006
all	4588	2	1681766	0.0000012
all	4590	4	1681766	0.0000024
all	4591	1	1681766	0.0000006
all	4592	4	1681766	0.0000024
all	4599	2	1681766	0.0000012
all	4600	2	1681766	0.0000012
all	4603	1	1681766	0.0000006
all	4605	1	1681766	0.0000006
all	4607	1	1681766	0.0000006
all	4608	1	1681766	0.0000006
all	4612	1	1681766	0.0000006
all	4613	3	1681766	0.0000018
all	4618	3	1681766	0.0000018
all	4619	1	1681766	0.0000006
all	4620	2	1681766	0.0000012
all	4621	1	1681766	0.0000006
all	4628	1	1681766	0.0000006
all	4629	4	1681766	0.0000024
all	4630	1	1681766	0.0000006
all	4633	2	1681766	0.0000012
all	4634	2	1681766	0.0000012
all	4636	4	1681766	0.0000024
all	4638	2	1681766	0.0000012
all	4645	2	1681766	0.0000012
all	4651	3	1681766	0.0000018
all	4653	4	1681766	0.0000024
all	4664	2	1681766	0.0000012
all	4666	1	1681766	0.0000006
all	4676	1	1681766	0.0000006
all	4680	1	1681766	0.0000006
all	4686	2	1681766	0.0000012
all	4689	1	1681766	0.0000006
all	4691	2	1681766	0.0000012
all	4696	2	1681766	0.0000012
all	4697	2	1681766	0.0000012
all	4700	2	1681766	0.0000012
all	4701	2	1681766	0.0000012
all	4703	2	1681766	0.0000012
all	4710	2	1681766	0.0000012
all	4717	1	1681766	0.0000006
all	4729	2	1681766	0.0000012
all	4731	2	1681766	0.0000012
all	4732	2	1681766	0.0000012
all	4733	1	1681766	0.0000006
all	4735	2	1681766	0.0000012
all	4737	1	1681766	0.0000006
all	4740	2	1681766	0.0000012
all	4744	2	1681766	0.0000012
all	4748	2	1681766	0.0000012
all	4749	2	1681766	0.0000012
all	4752	2	1681766	0.0000012
all	4761	1	1681766	0.0000006
all	4763	2	1681766	0.0000012
all	4766	1	1681766	0.0000006
all	4768	1	1681766	0.0000006
all	4770	2	1681766	0.0000012
all	4775	2	1681766	0.0000012
all	4776	3	1681766	0.0000018
all	4779	1	1681766	0.0000006
all	4781	1	1681766	0.0000006
all	4783	1	1681766	0.0000006
all	4786	2	1681766	0.0000012
all	4789	2	1681766	0.0000012
all	4793	6	1681766	0.0000036
all	4798	1	1681766	0.0000006
all	4807	1	1681766	0.0000006
all	4808	3	1681766	0.0000018
all	4809	1	1681766	0.0000006
all	4811	1	1681766	0.0000006
all	4814	3	1681766	0.0000018
all	4815	2	1681766	0.0000012
all	4816	1	1681766	0.0000006
all	4818	2	1681766	0.0000012
all	4821	1	1681766	0.0000006
all	4822	2	1681766	0.0000012
all	4824	1	1681766	0.0000006
all	4826	4	1681766	0.0000024
all	4829	2	1681766	0.0000012
all	4830	1	1681766	0.0000006
all	4832	4	1681766	0.0000024
all	4833	2	1681766	0.0000012
all	4837	2	1681766	0.0000012
all	4838	1	1681766	0.0000006
all	4839	3	1681766	0.0000018
all	4840	1	1681766	0.0000006
all	4841	2	1681766	0.0000012
all	4842	2	1681766	0.0000012
all	4843	2	1681766	0.0000012
all	4848	1	1681766	0.0000006
all	4852	3	1681766	0.0000018
all	4853	2	1681766	0.0000012
all	4855	1	1681766	0.0000006
all	4856	1	1681766	0.0000006
all	4857	1	1681766	0.0000006
all	4858	1	1681766	0.0000006
all	4859	2	1681766	0.0000012
all	4861	2	1681766	0.0000012
all	4862	1	1681766	0.0000006
all	4866	1	1681766	0.0000006
all	4869	2	1681766	0.0000012
all	4870	1	1681766	0.0000006
all	4873	4	1681766	0.0000024
all	4874	1	1681766	0.0000006
all	4882	1	1681766	0.0000006
all	4885	1	1681766	0.0000006
all	4888	1	1681766	0.0000006
all	4889	2	1681766	0.0000012
all	4890	4	1681766	0.0000024
all	4892	1	1681766	0.0000006
all	4893	2	1681766	0.0000012
all	4894	2	1681766	0.0000012
all	4895	3	1681766	0.0000018
all	4896	3	1681766	0.0000018
all	4897	1	1681766	0.0000006
all	4900	1	1681766	0.0000006
all	4901	1	1681766	0.0000006
all	4902	1	1681766	0.0000006
all	4903	5	1681766	0.0000030
all	4905	2	1681766	0.0000012
all	4907	2	1681766	0.0000012
all	4909	2	1681766	0.0000012
all	4911	2	1681766	0.0000012
all	4915	1	1681766	0.0000006
all	4916	1	1681766	0.0000006
all	4917	1	1681766	0.0000006
all	4923	1	1681766	0.0000006
all	4924	1	1681766	0.0000006
all	4925	1	1681766	0.0000006
all	4927	1	1681766	0.0000006
all	4928	1	1681766	0.0000006
all	4929	1	1681766	0.0000006
all	4930	1	1681766	0.0000006
all	4934	3	1681766	0.0000018
all	4937	3	1681766	0.0000018
all	4938	1	1681766	0.0000006
all	4939	2	1681766	0.0000012
all	4940	1	1681766	0.0000006
all	4941	1	1681766	0.0000006
all	4945	1	1681766	0.0000006
all	4947	4	1681766	0.0000024
all	4948	2	1681766	0.0000012
all	4950	1	1681766	0.0000006
all	4951	2	1681766	0.0000012
all	4952	2	1681766	0.0000012
all	4956	2	1681766	0.0000012
all	4957	2	1681766	0.0000012
all	4961	1	1681766	0.0000006
all	4962	3	1681766	0.0000018
all	4963	1	1681766	0.0000006
all	4964	1	1681766	0.0000006
all	4966	1	1681766	0.0000006
all	4969	4	1681766	0.0000024
all	4970	3	1681766	0.0000018
all	4971	1	1681766	0.0000006
all	4972	1	1681766	0.0000006
all	4973	1	1681766	0.0000006
all	4977	1	1681766	0.0000006
all	4978	2	1681766	0.0000012
all	4980	1	1681766	0.0000006
all	4981	1	1681766	0.0000006
all	4982	1	1681766	0.0000006
all	4985	1	1681766	0.0000006
all	4986	3	1681766	0.0000018
all	4991	2	1681766	0.0000012
all	4994	2	1681766	0.0000012
all	4995	3	1681766	0.0000018
all	4997	1	1681766	0.0000006
all	4998	2	1681766	0.0000012
all	5000	1	1681766	0.0000006
all	5002	1	1681766	0.0000006
all	5004	1	1681766	0.0000006
all	5005	1	1681766	0.0000006
all	5006	1	1681766	0.0000006
all	5009	1	1681766	0.0000006
all	5011	3	1681766	0.0000018
all	5013	2	1681766	0.0000012
all	5024	5	1681766	0.0000030
all	5025	2	1681766	0.0000012
all	5026	1	1681766	0.0000006
all	5027	1	1681766	0.0000006
all	5029	1	1681766	0.0000006
all	5036	2	1681766	0.0000012
all	5046	1	1681766	0.0000006
all	5059	3	1681766	0.0000018
all	5068	1	1681766	0.0000006
all	5069	1	1681766	0.0000006
all	5070	1	1681766	0.0000006
all	5071	1	1681766	0.0000006
all	5077	3	1681766	0.0000018
all	5081	2	1681766	0.0000012
all	5085	1	1681766	0.0000006
all	5115	1	1681766	0.0000006
all	5116	2	1681766	0.0000012
all	5126	2	1681766	0.0000012
all	5154	1	1681766	0.0000006
all	5156	3	1681766	0.0000018
all	5160	1	1681766	0.0000006
all	5161	1	1681766	0.0000006
all	5165	1	1681766	0.0000006
all	5176	1	1681766	0.0000006
all	5179	4	1681766	0.0000024
all	5181	1	1681766	0.0000006
all	5187	1	1681766	0.0000006
all	5191	1	1681766	0.0000006
all	5193	2	1681766	0.0000012
all	5195	5	1681766	0.0000030
all	5201	4	1681766	0.0000024
all	5206	4	1681766	0.0000024
all	5209	4	1681766	0.0000024
all	5210	4	1681766	0.0000024
all	5214	4	1681766	0.0000024
all	5224	2	1681766	0.0000012
all	5233	1	1681766	0.0000006
all	5235	1	1681766	0.0000006
all	5240	1	1681766	0.0000006
all	5245	1	1681766	0.0000006
all	5247	4	1681766	0.0000024
all	5253	4	1681766	0.0000024
all	5267	5	1681766	0.0000030
all	5276	2	1681766	0.0000012
all	5278	1	1681766	0.0000006
all	5284	2	1681766	0.0000012
all	5290	1	1681766	0.0000006
all	5292	5	1681766	0.0000030
all	5293	1	1681766	0.0000006
all	5294	2	1681766	0.0000012
all	5295	5	1681766	0.0000030
all	5308	5	1681766	0.0000030
all	5317	2	1681766	0.0000012
all	5323	2	1681766	0.0000012
all	5328	1	1681766	0.0000006
all	5331	5	1681766	0.0000030
all	5332	2	1681766	0.0000012
all	5333	1	1681766	0.0000006
all	5337	5	1681766	0.0000030
all	5341	5	1681766	0.0000030
all	5344	5	1681766	0.0000030
all	5345	5	1681766	0.0000030
all	5351	1	1681766	0.0000006
all	5352	5	1681766	0.0000030
all	5356	5	1681766	0.0000030
all	5363	2	1681766	0.0000012
all	5368	5	1681766	0.0000030
all	5374	5	1681766	0.0000030
all	5375	5	1681766	0.0000030
all	5377	1	1681766	0.0000006
all	5379	5	1681766	0.0000030
all	5384	5	1681766	0.0000030
all	5397	1	1681766	0.0000006
all	5399	1	1681766	0.0000006
all	5425	2	1681766	0.0000012
all	5429	1	1681766	0.0000006
all	5433	1	1681766	0.0000006
all	5434	1	1681766	0.0000006
all	5444	5	1681766	0.0000030
all	5445	5	1681766	0.0000030
all	5456	1	1681766	0.0000006
all	5458	1	1681766	0.0000006
all	5462	1	1681766	0.0000006
all	5463	5	1681766	0.0000030
all	5466	5	1681766	0.0000030
all	5476	2	1681766	0.0000012
all	5495	1	1681766	0.0000006
all	5514	1	1681766	0.0000006
all	5515	5	1681766	0.0000030
all	5518	1	1681766	0.0000006
all	5519	5	1681766	0.0000030
all	5520	5	1681766	0.0000030
all	5524	10	1681766	0.0000059
all	5525	1	1681766	0.0000006
all	5532	5	1681766	0.0000030
all	5536	5	1681766	0.0000030
all	5548	1	1681766	0.0000006
all	5553	1	1681766	0.0000006
all	5554	7	1681766	0.0000042
all	5572	1	1681766	0.0000006
all	5573	1	1681766	0.0000006
all	5579	5	1681766	0.0000030
all	5583	1	1681766	0.0000006
all	5584	5	1681766	0.0000030
all	5590	1	1681766	0.0000006
all	5598	1	1681766	0.0000006
all	5603	5	1681766	0.0000030
all	5617	6	1681766	0.0000036
all	5623	1	1681766	0.0000006
all	5631	6	1681766	0.0000036
all	5635	2	1681766	0.0000012
all	5640	1	1681766	0.0000006
all	5642	6	1681766	0.0000036
all	5643	6	1681766	0.0000036
all	5646	5	1681766	0.0000030
all	5647	6	1681766	0.0000036
all	5654	6	1681766	0.0000036
all	5659	1	1681766	0.0000006
all	5663	6	1681766	0.0000036
all	5664	6	1681766	0.0000036
all	5668	1	1681766	0.0000006
all	5671	5	1681766	0.0000030
all	5673	1	1681766	0.0000006
all	5677	5	1681766	0.0000030
all	5678	17	1681766	0.0000101
all	5679	1	1681766	0.0000006
all	5681	6	1681766	0.0000036
all	5683	11	1681766	0.0000065
all	5686	5	1681766	0.0000030
all	5689	5	1681766	0.0000030
all	5690	1	1681766	0.0000006
all	5692	7	1681766	0.0000042
all	5695	6	1681766	0.0000036
all	5696	6	1681766	0.0000036
all	5698	6	1681766	0.0000036
all	5700	6	1681766	0.0000036
all	5701	2	1681766	0.0000012
all	5702	1	1681766	0.0000006
all	5705	1	1681766	0.0000006
all	5706	5	1681766	0.0000030
all	5708	6	1681766	0.0000036
all	5709	5	1681766	0.0000030
all	5722	1	1681766	0.0000006
all	5725	1	1681766	0.0000006
all	5731	2	1681766	0.0000012
all	5737	1	1681766	0.0000006
all	5746	6	1681766	0.0000036
all	5749	6	1681766	0.0000036
all	5771	1	1681766	0.0000006
all	5772	1	1681766	0.0000006
all	5778	1	1681766	0.0000006
all	5791	3	1681766	0.0000018
all	5794	1	1681766	0.0000006
all	5795	1	1681766	0.0000006
all	5796	1	1681766	0.0000006
all	5798	1	1681766	0.0000006
all	5805	1	1681766	0.0000006
all	5817	1	1681766	0.0000006
all	5820	1	1681766	0.0000006
all	5829	1	1681766	0.0000006
all	5842	1	1681766	0.0000006
all	5848	1	1681766	0.0000006
all	5856	2	1681766	0.0000012
all	5860	1	1681766	0.0000006
all	5864	1	1681766	0.0000006
all	5867	1	1681766	0.0000006
all	5874	1	1681766	0.0000006
all	5877	2	1681766	0.0000012
all	5882	1	1681766	0.0000006
all	5888	1	1681766	0.0000006
all	5891	1	1681766	0.0000006
all	5893	2	1681766	0.0000012
all	5900	1	1681766	0.0000006
all	5901	1	1681766	0.0000006
all	5905	2	1681766	0.0000012
all	5909	4	1681766	0.0000024
all	5924	4	1681766	0.0000024
all	5926	1	1681766	0.0000006
all	5928	1	1681766	0.0000006
all	5929	3	1681766	0.0000018
all	5930	2	1681766	0.0000012
all	5932	1	1681766	0.0000006
all	5933	2	1681766	0.0000012
all	5935	2	1681766	0.0000012
all	5937	1	1681766	0.0000006
all	5939	2	1681766	0.0000012
all	5940	2	1681766	0.0000012
all	5941	2	1681766	0.0000012
all	5945	3	1681766	0.0000018
all	5947	3	1681766	0.0000018
all	5954	2	1681766	0.0000012
all	5960	2	1681766	0.0000012
all	5961	2	1681766	0.0000012
all	5962	4	1681766	0.0000024
all	5970	1	1681766	0.0000006
all	5971	2	1681766	0.0000012
all	5974	1	1681766	0.0000006
all	5975	1	1681766	0.0000006
all	5979	1	1681766	0.0000006
all	5980	1	1681766	0.0000006
all	5982	1	1681766	0.0000006
all	5983	2	1681766	0.0000012
all	5985	1	1681766	0.0000006
all	5987	2	1681766	0.0000012
all	5989	2	1681766	0.0000012
all	5990	1	1681766	0.0000006
all	5991	1	1681766	0.0000006
all	5995	2	1681766	0.0000012
all	5996	1	1681766	0.0000006
all	5998	2	1681766	0.0000012
all	5999	2	1681766	0.0000012
all	6000	1	1681766	0.0000006
all	6001	1	1681766	0.0000006
all	6007	2	1681766	0.0000012
all	6010	1	1681766	0.0000006
all	6016	1	1681766	0.0000006
all	6019	1	1681766	0.0000006
all	6022	1	1681766	0.0000006
all	6023	4	1681766	0.0000024
all	6025	1	1681766	0.0000006
all	6026	1	1681766	0.0000006
all	6061	1	1681766	0.0000006
all	6064	2	1681766	0.0000012
all	6075	2	1681766	0.0000012
all	6111	1	1681766	0.0000006
all	6112	1	1681766	0.0000006
all	6113	2	1681766	0.0000012
all	6115	1	1681766	0.0000006
all	6139	1	1681766	0.0000006
all	6141	1	1681766	0.0000006
all	6170	1	1681766	0.0000006
all	6179	2	1681766	0.0000012
all	6194	1	1681766	0.0000006
all	6216	2	1681766	0.0000012
all	6224	1	1681766	0.0000006
all	6226	1	1681766	0.0000006
all	6242	1	1681766	0.0000006
all	6271	1	1681766	0.0000006
all	6282	2	1681766	0.0000012
all	6295	1	1681766	0.0000006
all	6301	1	1681766	0.0000006
all	6305	3	1681766	0.0000018
all	6307	1	1681766	0.0000006
all	6313	1	1681766	0.0000006
all	6329	1	1681766	0.0000006
all	6352	1	1681766	0.0000006
all	6369	1	1681766	0.0000006
all	6383	1	1681766	0.0000006
all	6394	2	1681766	0.0000012
all	6400	1	1681766	0.0000006
all	6415	1	1681766	0.0000006
all	6423	1	1681766	0.0000006
all	6430	1	1681766	0.0000006
all	6447	1	1681766	0.0000006
all	6451	1	1681766	0.0000006
all	6457	1	1681766	0.0000006
all	6470	1	1681766	0.0000006
all	6477	1	1681766	0.0000006
all	6481	1	1681766	0.0000006
all	6501	1	1681766	0.0000006
all	6507	1	1681766	0.0000006
all	6516	1	1681766	0.0000006
all	6525	1	1681766	0.0000006
all	6552	1	1681766	0.0000006
all	6561	1	1681766	0.0000006
all	6565	1	1681766	0.0000006
all	6572	1	1681766	0.0000006
all	6580	1	1681766	0.0000006
all	6585	1	1681766	0.0000006
all	6620	1	1681766	0.0000006
all	6621	1	1681766	0.0000006
all	6635	1	1681766	0.0000006
all	6648	1	1681766	0.0000006
all	6671	1	1681766	0.0000006
all	6681	2	1681766	0.0000012
all	6695	1	1681766	0.0000006
all	6710	1	1681766	0.0000006
all	6725	1	1681766	0.0000006
all	6734	1	1681766	0.0000006
all	6736	1	1681766	0.0000006
all	6740	2	1681766	0.0000012
all	6745	1	1681766	0.0000006
all	6759	1	1681766	0.0000006
all	6810	1	1681766	0.0000006
all	6825	1	1681766	0.0000006
all	6840	2	1681766	0.0000012
all	6844	2	1681766	0.0000012
all	6848	2	1681766	0.0000012
all	6850	2	1681766	0.0000012
all	6851	1	1681766	0.0000006
all	6855	1	1681766	0.0000006
all	6856	2	1681766	0.0000012
all	6857	1	1681766	0.0000006
all	6858	2	1681766	0.0000012
all	6864	1	1681766	0.0000006
all	6869	2	1681766	0.0000012
all	6887	1	1681766	0.0000006
all	6895	2	1681766	0.0000012
all	6910	2	1681766	0.0000012
all	6920	1	1681766	0.0000006
all	6956	1	1681766	0.0000006
all	6964	1	1681766	0.0000006
all	6969	1	1681766	0.0000006
all	6975	2	1681766	0.0000012
all	6982	1	1681766	0.0000006
all	6987	1	1681766	0.0000006
all	7002	2	1681766	0.0000012
all	7004	1	1681766	0.0000006
all	7006	2	1681766	0.0000012
all	7027	2	1681766	0.0000012
all	7032	2	1681766	0.0000012
all	7034	2	1681766	0.0000012
all	7037	1	1681766	0.0000006
all	7039	2	1681766	0.0000012
all	7050	2	1681766	0.0000012
all	7056	1	1681766	0.0000006
all	7071	2	1681766	0.0000012
all	7074	2	1681766	0.0000012
all	7077	2	1681766	0.0000012
all	7078	2	1681766	0.0000012
all	7098	3	1681766	0.0000018
all	7106	1	1681766	0.0000006
all	7119	1	1681766	0.0000006
all	7121	2	1681766	0.0000012
all	7125	3	1681766	0.0000018
all	7126	1	1681766	0.0000006
all	7130	2	1681766	0.0000012
all	7131	1	1681766	0.0000006
all	7133	2	1681766	0.0000012
all	7140	1	1681766	0.0000006
all	7147	2	1681766	0.0000012
all	7148	1	1681766	0.0000006
all	7156	1	1681766	0.0000006
all	7157	1	1681766	0.0000006
all	7166	1	1681766	0.0000006
all	7170	1	1681766	0.0000006
all	7172	1	1681766	0.0000006
all	7175	1	1681766	0.0000006
all	7177	1	1681766	0.0000006
all	7178	1	1681766	0.0000006
all	7181	1	1681766	0.0000006
all	7184	1	1681766	0.0000006
all	7192	1	1681766	0.0000006
all	7197	2	1681766	0.0000012
all	7213	2	1681766	0.0000012
all	7217	2	1681766	0.0000012
all	7231	1	1681766	0.0000006
all	7239	1	1681766	0.0000006
all	7242	2	1681766	0.0000012
all	7254	1	1681766	0.0000006
all	7255	2	1681766	0.0000012
all	7258	3	1681766	0.0000018
all	7272	2	1681766	0.0000012
all	7298	1	1681766	0.0000006
all	7303	2	1681766	0.0000012
all	7333	1	1681766	0.0000006
all	7343	2	1681766	0.0000012
all	7358	1	1681766	0.0000006
all	7380	2	1681766	0.0000012
all	7403	2	1681766	0.0000012
all	7416	2	1681766	0.0000012
all	7420	1	1681766	0.0000006
all	7474	2	1681766	0.0000012
all	7502	1	1681766	0.0000006
all	7511	2	1681766	0.0000012
all	7526	2	1681766	0.0000012
all	7540	2	1681766	0.0000012
all	7546	2	1681766	0.0000012
all	7569	2	1681766	0.0000012
all	7589	2	1681766	0.0000012
all	7616	2	1681766	0.0000012
all	7636	2	1681766	0.0000012
all	7642	1	1681766	0.0000006
all	7657	2	1681766	0.0000012
all	7692	2	1681766	0.0000012
all	7700	2	1681766	0.0000012
all	7712	1	1681766	0.0000006
all	7755	1	1681766	0.0000006
all	7762	2	1681766	0.0000012
all	7775	2	1681766	0.0000012
all	7783	1	1681766	0.0000006
all	7818	2	1681766	0.0000012
all	7819	2	1681766	0.0000012
all	7821	2	1681766	0.0000012
all	7823	2	1681766	0.0000012
all	7839	1	1681766	0.0000006
all	7846	2	1681766	0.0000012
all	7851	1	1681766	0.0000006
all	7861	4	1681766	0.0000024
all	7862	2	1681766	0.0000012
all	7863	2	1681766	0.0000012
all	7864	2	1681766	0.0000012
all	7866	1	1681766	0.0000006
all	7870	1	1681766	0.0000006
all	7883	1	1681766	0.0000006
all	7887	1	1681766	0.0000006
all	7897	1	1681766	0.0000006
all	7907	1	1681766	0.0000006
all	7914	1	1681766	0.0000006
all	7915	1	1681766	0.0000006
all	7931	1	1681766	0.0000006
all	7935	1	1681766	0.0000006
all	7967	1	1681766	0.0000006
all	7974	1	1681766	0.0000006
all	7982	2	1681766	0.0000012
all	7985	1	1681766	0.0000006
all	7989	1	1681766	0.0000006
all	7995	1	1681766	0.0000006
all	8001	1	1681766	0.0000006
all	8017	1	1681766	0.0000006
all	8032	1	1681766	0.0000006
all	8034	1	1681766	0.0000006
all	8065	2	1681766	0.0000012
all	8068	1	1681766	0.0000006
all	8075	1	1681766	0.0000006
all	8076	1	1681766	0.0000006
all	8080	1	1681766	0.0000006
all	8081	3	1681766	0.0000018
all	8083	1	1681766	0.0000006
all	8086	1	1681766	0.0000006
all	8092	1	1681766	0.0000006
all	8100	1	1681766	0.0000006
all	8102	1	1681766	0.0000006
all	8110	2	1681766	0.0000012
all	8121	2	1681766	0.0000012
all	8126	1	1681766	0.0000006
all	8129	2	1681766	0.0000012
all	8135	1	1681766	0.0000006
all	8153	1	1681766	0.0000006
all	8158	2	1681766	0.0000012
all	8164	2	1681766	0.0000012
all	8174	1	1681766	0.0000006
all	8188	1	1681766	0.0000006
all	8209	1	1681766	0.0000006
all	8215	2	1681766	0.0000012
all	8216	1	1681766	0.0000006
all	8218	1	1681766	0.0000006
all	8235	1	1681766	0.0000006
all	8237	1	1681766	0.0000006
all	8266	1	1681766	0.0000006
all	8268	2	1681766	0.0000012
all	8290	1	1681766	0.0000006
all	8326	1	1681766	0.0000006
all	8362	2	1681766	0.0000012
all	8367	3	1681766	0.0000018
all	8371	3	1681766	0.0000018
all	8372	3	1681766	0.0000018
all	8377	1	1681766	0.0000006
all	8398	1	1681766	0.0000006
all	8403	1	1681766	0.0000006
all	8406	1	1681766	0.0000006
all	8409	3	1681766	0.0000018
all	8413	1	1681766	0.0000006
all	8430	1	1681766	0.0000006
all	8435	1	1681766	0.0000006
all	8446	1	1681766	0.0000006
all	8454	1	1681766	0.0000006
all	8457	1	1681766	0.0000006
all	8459	1	1681766	0.0000006
all	8465	2	1681766	0.0000012
all	8469	1	1681766	0.0000006
all	8480	1	1681766	0.0000006
all	8486	4	1681766	0.0000024
all	8492	1	1681766	0.0000006
all	8505	1	1681766	0.0000006
all	8507	1	1681766	0.0000006
all	8536	3	1681766	0.0000018
all	8623	1	1681766	0.0000006
all	8665	3	1681766	0.0000018
all	8715	1	1681766	0.0000006
all	8804	1	1681766	0.0000006
all	8805	2	1681766	0.0000012
all	8881	1	1681766	0.0000006
all	8993	2	1681766	0.0000012
all	9015	2	1681766	0.0000012
all	9119	2	1681766	0.0000012
all	9178	2	1681766	0.0000012
all	9190	2	1681766	0.0000012
all	9234	2	1681766	0.0000012
all	9280	2	1681766	0.0000012
all	9290	2	1681766	0.0000012
all	9320	2	1681766	0.0000012
all	9339	2	1681766	0.0000012
all	9378	2	1681766	0.0000012
all	9388	2	1681766	0.0000012
all	9457	2	1681766	0.0000012
all	9460	2	1681766	0.0000012
all	9471	2	1681766	0.0000012
all	9495	2	1681766	0.0000012
all	9496	2	1681766	0.0000012
all	9512	2	1681766	0.0000012
all	9525	2	1681766	0.0000012
all	9566	2	1681766	0.0000012
all	9598	3	1681766	0.0000018
all	9608	2	1681766	0.0000012
all	9621	2	1681766	0.0000012
all	9663	2	1681766	0.0000012
all	9682	3	1681766	0.0000018
all	9712	2	1681766	0.0000012
all	9787	2	1681766	0.0000012
all	9888	3	1681766	0.0000018
all	9972	2	1681766	0.0000012
all	10154	3	1681766	0.0000018
all	10194	2	1681766	0.0000012
all	10306	2	1681766	0.0000012
all	10314	3	1681766	0.0000018
all	10383	3	1681766	0.0000018
all	10461	3	1681766	0.0000018
all	10509	3	1681766	0.0000018
all	10532	3	1681766	0.0000018
all	10566	2	1681766	0.0000012
all	10601	3	1681766	0.0000018
all	10709	3	1681766	0.0000018
all	10752	2	1681766	0.0000012
all	10795	2	1681766	0.0000012
all	10815	3	1681766	0.0000018
all	10867	2	1681766	0.0000012
all	10891	2	1681766	0.0000012
all	10917	3	1681766	0.0000018
all	10974	2	1681766	0.0000012
all	10988	3	1681766	0.0000018
all	11044	3	1681766	0.0000018
all	11067	2	1681766	0.0000012
all	11078	3	1681766	0.0000018
all	11132	3	1681766	0.0000018
all	11154	3	1681766	0.0000018
all	11173	3	1681766	0.0000018
all	11206	2	1681766	0.0000012
all	11228	3	1681766	0.0000018
all	11272	3	1681766	0.0000018
all	11370	3	1681766	0.0000018
all	11413	2	1681766	0.0000012
all	11517	2	1681766	0.0000012
all	11543	2	1681766	0.0000012
all	11551	2	1681766	0.0000012
all	11601	2	1681766	0.0000012
all	11701	2	1681766	0.0000012
all	11729	2	1681766	0.0000012
all	11817	2	1681766	0.0000012
all	11860	2	1681766	0.0000012
all	11902	1	1681766	0.0000006
all	11907	2	1681766	0.0000012
all	11918	1	1681766	0.0000006
all	11938	1	1681766	0.0000006
all	11952	1	1681766	0.0000006
all	11974	2	1681766	0.0000012
all	11979	2	1681766	0.0000012
all	11987	1	1681766	0.0000006
all	11998	2	1681766	0.0000012
all	12004	2	1681766	0.0000012
all	12068	2	1681766	0.0000012
all	12092	2	1681766	0.0000012
all	12101	1	1681766	0.0000006
all	12148	2	1681766	0.0000012
all	12149	2	1681766	0.0000012
all	12154	1	1681766	0.0000006
all	12207	3	1681766	0.0000018
all	12224	2	1681766	0.0000012
all	12243	1	1681766	0.0000006
all	12345	3	1681766	0.0000018
all	12353	3	1681766	0.0000018
all	12414	3	1681766	0.0000018
all	12423	3	1681766	0.0000018
all	12438	3	1681766	0.0000018
all	12515	3	1681766	0.0000018
all	12526	2	1681766	0.0000012
all	12530	2	1681766	0.0000012
all	12531	2	1681766	0.0000012
all	12541	1	1681766	0.0000006
all	12557	2	1681766	0.0000012
all	12585	1	1681766	0.0000006
all	12656	1	1681766	0.0000006
all	12693	1	1681766	0.0000006
all	12698	1	1681766	0.0000006
all	12719	1	1681766	0.0000006
all	12726	1	1681766	0.0000006
all	12776	2	1681766	0.0000012
all	12797	1	1681766	0.0000006
all	12830	2	1681766	0.0000012
all	12872	2	1681766	0.0000012
all	12883	2	1681766	0.0000012
all	12888	1	1681766	0.0000006
all	12895	2	1681766	0.0000012
all	12901	2	1681766	0.0000012
all	12902	1	1681766	0.0000006
all	12919	2	1681766	0.0000012
all	12921	2	1681766	0.0000012
all	12965	2	1681766	0.0000012
all	12986	2	1681766	0.0000012
all	12996	2	1681766	0.0000012
all	13001	2	1681766	0.0000012
all	13010	2	1681766	0.0000012
all	13011	1	1681766	0.0000006
all	13016	2	1681766	0.0000012
all	13020	1	1681766	0.0000006
all	13052	1	1681766	0.0000006
all	13053	2	1681766	0.0000012
all	13062	2	1681766	0.0000012
