all	0	54805	886578	0.0618163
all	1	21927	886578	0.0247322
all	2	49278	886578	0.0555823
all	3	34398	886578	0.0387986
all	4	49428	886578	0.0557514
all	5	39448	886578	0.0444947
all	6	45449	886578	0.0512634
all	7	38578	886578	0.0435134
all	8	41832	886578	0.0471837
all	9	35108	886578	0.0395994
all	10	37234	886578	0.0419974
all	11	34383	886578	0.0387817
all	12	30926	886578	0.0348824
all	13	29161	886578	0.0328916
all	14	26491	886578	0.0298801
all	15	25440	886578	0.0286946
all	16	23214	886578	0.0261838
all	17	21755	886578	0.0245382
all	18	19413	886578	0.0218966
all	19	18057	886578	0.0203671
all	20	16409	886578	0.0185082
all	21	14589	886578	0.0164554
all	22	13161	886578	0.0148447
all	23	12202	886578	0.0137630
all	24	11413	886578	0.0128731
all	25	10210	886578	0.0115162
all	26	8768	886578	0.0098897
all	27	8594	886578	0.0096935
all	28	7063	886578	0.0079666
all	29	7013	886578	0.0079102
all	30	6208	886578	0.0070022
all	31	5535	886578	0.0062431
all	32	4767	886578	0.0053769
all	33	4387	886578	0.0049482
all	34	3982	886578	0.0044914
all	35	3550	886578	0.0040042
all	36	3609	886578	0.0040707
all	37	2973	886578	0.0033533
all	38	2529	886578	0.0028525
all	39	2869	886578	0.0032360
all	40	2048	886578	0.0023100
all	41	1809	886578	0.0020404
all	42	1722	886578	0.0019423
all	43	1752	886578	0.0019761
all	44	1376	886578	0.0015520
all	45	1279	886578	0.0014426
all	46	1152	886578	0.0012994
all	47	1200	886578	0.0013535
all	48	1052	886578	0.0011866
all	49	919	886578	0.0010366
all	50	1063	886578	0.0011990
all	51	885	886578	0.0009982
all	52	825	886578	0.0009305
all	53	843	886578	0.0009508
all	54	734	886578	0.0008279
all	55	669	886578	0.0007546
all	56	556	886578	0.0006271
all	57	573	886578	0.0006463
all	58	602	886578	0.0006790
all	59	525	886578	0.0005922
all	60	557	886578	0.0006283
all	61	439	886578	0.0004952
all	62	498	886578	0.0005617
all	63	392	886578	0.0004421
all	64	319	886578	0.0003598
all	65	532	886578	0.0006001
all	66	453	886578	0.0005110
all	67	456	886578	0.0005143
all	68	393	886578	0.0004433
all	69	304	886578	0.0003429
all	70	325	886578	0.0003666
all	71	286	886578	0.0003226
all	72	310	886578	0.0003497
all	73	363	886578	0.0004094
all	74	355	886578	0.0004004
all	75	261	886578	0.0002944
all	76	277	886578	0.0003124
all	77	262	886578	0.0002955
all	78	289	886578	0.0003260
all	79	277	886578	0.0003124
all	80	279	886578	0.0003147
all	81	233	886578	0.0002628
all	82	299	886578	0.0003373
all	83	156	886578	0.0001760
all	84	183	886578	0.0002064
all	85	111	886578	0.0001252
all	86	115	886578	0.0001297
all	87	160	886578	0.0001805
all	88	220	886578	0.0002481
all	89	137	886578	0.0001545
all	90	216	886578	0.0002436
all	91	147	886578	0.0001658
all	92	133	886578	0.0001500
all	93	147	886578	0.0001658
all	94	179	886578	0.0002019
all	95	138	886578	0.0001557
all	96	144	886578	0.0001624
all	97	93	886578	0.0001049
all	98	128	886578	0.0001444
all	99	100	886578	0.0001128
all	100	123	886578	0.0001387
all	101	143	886578	0.0001613
all	102	118	886578	0.0001331
all	103	113	886578	0.0001275
all	104	110	886578	0.0001241
all	105	174	886578	0.0001963
all	106	100	886578	0.0001128
all	107	113	886578	0.0001275
all	108	136	886578	0.0001534
all	109	163	886578	0.0001839
all	110	92	886578	0.0001038
all	111	142	886578	0.0001602
all	112	118	886578	0.0001331
all	113	138	886578	0.0001557
all	114	88	886578	0.0000993
all	115	71	886578	0.0000801
all	116	130	886578	0.0001466
all	117	119	886578	0.0001342
all	118	94	886578	0.0001060
all	119	95	886578	0.0001072
all	120	90	886578	0.0001015
all	121	103	886578	0.0001162
all	122	120	886578	0.0001354
all	123	90	886578	0.0001015
all	124	87	886578	0.0000981
all	125	66	886578	0.0000744
all	126	100	886578	0.0001128
all	127	102	886578	0.0001150
all	128	76	886578	0.0000857
all	129	94	886578	0.0001060
all	130	137	886578	0.0001545
all	131	97	886578	0.0001094
all	132	112	886578	0.0001263
all	133	85	886578	0.0000959
all	134	85	886578	0.0000959
all	135	85	886578	0.0000959
all	136	69	886578	0.0000778
all	137	89	886578	0.0001004
all	138	118	886578	0.0001331
all	139	128	886578	0.0001444
all	140	80	886578	0.0000902
all	141	107	886578	0.0001207
all	142	106	886578	0.0001196
all	143	104	886578	0.0001173
all	144	110	886578	0.0001241
all	145	68	886578	0.0000767
all	146	80	886578	0.0000902
all	147	81	886578	0.0000914
all	148	87	886578	0.0000981
all	149	73	886578	0.0000823
all	150	96	886578	0.0001083
all	151	49	886578	0.0000553
all	152	73	886578	0.0000823
all	153	55	886578	0.0000620
all	154	52	886578	0.0000587
all	155	52	886578	0.0000587
all	156	66	886578	0.0000744
all	157	57	886578	0.0000643
all	158	77	886578	0.0000869
all	159	33	886578	0.0000372
all	160	49	886578	0.0000553
all	161	46	886578	0.0000519
all	162	35	886578	0.0000395
all	163	64	886578	0.0000722
all	164	51	886578	0.0000575
all	165	71	886578	0.0000801
all	166	42	886578	0.0000474
all	167	63	886578	0.0000711
all	168	78	886578	0.0000880
all	169	54	886578	0.0000609
all	170	57	886578	0.0000643
all	171	63	886578	0.0000711
all	172	90	886578	0.0001015
all	173	46	886578	0.0000519
all	174	62	886578	0.0000699
all	175	75	886578	0.0000846
all	176	66	886578	0.0000744
all	177	50	886578	0.0000564
all	178	45	886578	0.0000508
all	179	55	886578	0.0000620
all	180	40	886578	0.0000451
all	181	72	886578	0.0000812
all	182	34	886578	0.0000383
all	183	50	886578	0.0000564
all	184	59	886578	0.0000665
all	185	85	886578	0.0000959
all	186	60	886578	0.0000677
all	187	52	886578	0.0000587
all	188	50	886578	0.0000564
all	189	38	886578	0.0000429
all	190	53	886578	0.0000598
all	191	53	886578	0.0000598
all	192	61	886578	0.0000688
all	193	60	886578	0.0000677
all	194	39	886578	0.0000440
all	195	52	886578	0.0000587
all	196	48	886578	0.0000541
all	197	43	886578	0.0000485
all	198	56	886578	0.0000632
all	199	37	886578	0.0000417
all	200	78	886578	0.0000880
all	201	39	886578	0.0000440
all	202	72	886578	0.0000812
all	203	37	886578	0.0000417
all	204	47	886578	0.0000530
all	205	31	886578	0.0000350
all	206	28	886578	0.0000316
all	207	27	886578	0.0000305
all	208	56	886578	0.0000632
all	209	35	886578	0.0000395
all	210	40	886578	0.0000451
all	211	56	886578	0.0000632
all	212	36	886578	0.0000406
all	213	43	886578	0.0000485
all	214	35	886578	0.0000395
all	215	44	886578	0.0000496
all	216	39	886578	0.0000440
all	217	45	886578	0.0000508
all	218	20	886578	0.0000226
all	219	55	886578	0.0000620
all	220	17	886578	0.0000192
all	221	31	886578	0.0000350
all	222	28	886578	0.0000316
all	223	39	886578	0.0000440
all	224	55	886578	0.0000620
all	225	39	886578	0.0000440
all	226	49	886578	0.0000553
all	227	42	886578	0.0000474
all	228	52	886578	0.0000587
all	229	41	886578	0.0000462
all	230	37	886578	0.0000417
all	231	47	886578	0.0000530
all	232	50	886578	0.0000564
all	233	36	886578	0.0000406
all	234	38	886578	0.0000429
all	235	36	886578	0.0000406
all	236	33	886578	0.0000372
all	237	37	886578	0.0000417
all	238	49	886578	0.0000553
all	239	41	886578	0.0000462
all	240	24	886578	0.0000271
all	241	36	886578	0.0000406
all	242	41	886578	0.0000462
all	243	44	886578	0.0000496
all	244	37	886578	0.0000417
all	245	56	886578	0.0000632
all	246	42	886578	0.0000474
all	247	68	886578	0.0000767
all	248	28	886578	0.0000316
all	249	56	886578	0.0000632
all	250	30	886578	0.0000338
all	251	42	886578	0.0000474
all	252	29	886578	0.0000327
all	253	19	886578	0.0000214
all	254	32	886578	0.0000361
all	255	35	886578	0.0000395
all	256	26	886578	0.0000293
all	257	41	886578	0.0000462
all	258	37	886578	0.0000417
all	259	29	886578	0.0000327
all	260	41	886578	0.0000462
all	261	28	886578	0.0000316
all	262	26	886578	0.0000293
all	263	43	886578	0.0000485
all	264	38	886578	0.0000429
all	265	29	886578	0.0000327
all	266	62	886578	0.0000699
all	267	31	886578	0.0000350
all	268	34	886578	0.0000383
all	269	39	886578	0.0000440
all	270	48	886578	0.0000541
all	271	32	886578	0.0000361
all	272	27	886578	0.0000305
all	273	33	886578	0.0000372
all	274	33	886578	0.0000372
all	275	34	886578	0.0000383
all	276	23	886578	0.0000259
all	277	31	886578	0.0000350
all	278	54	886578	0.0000609
all	279	31	886578	0.0000350
all	280	20	886578	0.0000226
all	281	33	886578	0.0000372
all	282	25	886578	0.0000282
all	283	33	886578	0.0000372
all	284	23	886578	0.0000259
all	285	22	886578	0.0000248
all	286	29	886578	0.0000327
all	287	40	886578	0.0000451
all	288	29	886578	0.0000327
all	289	40	886578	0.0000451
all	290	33	886578	0.0000372
all	291	12	886578	0.0000135
all	292	16	886578	0.0000180
all	293	27	886578	0.0000305
all	294	28	886578	0.0000316
all	295	32	886578	0.0000361
all	296	30	886578	0.0000338
all	297	34	886578	0.0000383
all	298	37	886578	0.0000417
all	299	40	886578	0.0000451
all	300	17	886578	0.0000192
all	301	24	886578	0.0000271
all	302	28	886578	0.0000316
all	303	26	886578	0.0000293
all	304	37	886578	0.0000417
all	305	31	886578	0.0000350
all	306	27	886578	0.0000305
all	307	32	886578	0.0000361
all	308	23	886578	0.0000259
all	309	16	886578	0.0000180
all	310	28	886578	0.0000316
all	311	31	886578	0.0000350
all	312	29	886578	0.0000327
all	313	36	886578	0.0000406
all	314	19	886578	0.0000214
all	315	39	886578	0.0000440
all	316	21	886578	0.0000237
all	317	44	886578	0.0000496
all	318	21	886578	0.0000237
all	319	31	886578	0.0000350
all	320	20	886578	0.0000226
all	321	36	886578	0.0000406
all	322	37	886578	0.0000417
all	323	36	886578	0.0000406
all	324	20	886578	0.0000226
all	325	24	886578	0.0000271
all	326	20	886578	0.0000226
all	327	22	886578	0.0000248
all	328	28	886578	0.0000316
all	329	26	886578	0.0000293
all	330	28	886578	0.0000316
all	331	26	886578	0.0000293
all	332	22	886578	0.0000248
all	333	21	886578	0.0000237
all	334	12	886578	0.0000135
all	335	15	886578	0.0000169
all	336	32	886578	0.0000361
all	337	23	886578	0.0000259
all	338	25	886578	0.0000282
all	339	23	886578	0.0000259
all	340	21	886578	0.0000237
all	341	20	886578	0.0000226
all	342	37	886578	0.0000417
all	343	34	886578	0.0000383
all	344	27	886578	0.0000305
all	345	18	886578	0.0000203
all	346	31	886578	0.0000350
all	347	23	886578	0.0000259
all	348	18	886578	0.0000203
all	349	15	886578	0.0000169
all	350	32	886578	0.0000361
all	351	28	886578	0.0000316
all	352	45	886578	0.0000508
all	353	24	886578	0.0000271
all	354	32	886578	0.0000361
all	355	33	886578	0.0000372
all	356	34	886578	0.0000383
all	357	28	886578	0.0000316
all	358	20	886578	0.0000226
all	359	20	886578	0.0000226
all	360	26	886578	0.0000293
all	361	24	886578	0.0000271
all	362	23	886578	0.0000259
all	363	23	886578	0.0000259
all	364	21	886578	0.0000237
all	365	26	886578	0.0000293
all	366	22	886578	0.0000248
all	367	22	886578	0.0000248
all	368	16	886578	0.0000180
all	369	25	886578	0.0000282
all	370	19	886578	0.0000214
all	371	23	886578	0.0000259
all	372	14	886578	0.0000158
all	373	15	886578	0.0000169
all	374	19	886578	0.0000214
all	375	21	886578	0.0000237
all	376	22	886578	0.0000248
all	377	16	886578	0.0000180
all	378	23	886578	0.0000259
all	379	14	886578	0.0000158
all	380	34	886578	0.0000383
all	381	12	886578	0.0000135
all	382	22	886578	0.0000248
all	383	21	886578	0.0000237
all	384	20	886578	0.0000226
all	385	18	886578	0.0000203
all	386	13	886578	0.0000147
all	387	29	886578	0.0000327
all	388	32	886578	0.0000361
all	389	21	886578	0.0000237
all	390	28	886578	0.0000316
all	391	19	886578	0.0000214
all	392	41	886578	0.0000462
all	393	33	886578	0.0000372
all	394	17	886578	0.0000192
all	395	18	886578	0.0000203
all	396	28	886578	0.0000316
all	397	24	886578	0.0000271
all	398	23	886578	0.0000259
all	399	30	886578	0.0000338
all	400	29	886578	0.0000327
all	401	18	886578	0.0000203
all	402	21	886578	0.0000237
all	403	14	886578	0.0000158
all	404	18	886578	0.0000203
all	405	24	886578	0.0000271
all	406	14	886578	0.0000158
all	407	18	886578	0.0000203
all	408	18	886578	0.0000203
all	409	23	886578	0.0000259
all	410	22	886578	0.0000248
all	411	23	886578	0.0000259
all	412	28	886578	0.0000316
all	413	16	886578	0.0000180
all	414	11	886578	0.0000124
all	415	8	886578	0.0000090
all	416	12	886578	0.0000135
all	417	13	886578	0.0000147
all	418	25	886578	0.0000282
all	419	15	886578	0.0000169
all	420	20	886578	0.0000226
all	421	17	886578	0.0000192
all	422	18	886578	0.0000203
all	423	16	886578	0.0000180
all	424	13	886578	0.0000147
all	425	25	886578	0.0000282
all	426	15	886578	0.0000169
all	427	7	886578	0.0000079
all	428	11	886578	0.0000124
all	429	12	886578	0.0000135
all	430	20	886578	0.0000226
all	431	20	886578	0.0000226
all	432	16	886578	0.0000180
all	433	16	886578	0.0000180
all	434	14	886578	0.0000158
all	435	15	886578	0.0000169
all	436	7	886578	0.0000079
all	437	18	886578	0.0000203
all	438	14	886578	0.0000158
all	439	8	886578	0.0000090
all	440	10	886578	0.0000113
all	441	9	886578	0.0000102
all	442	16	886578	0.0000180
all	443	12	886578	0.0000135
all	444	18	886578	0.0000203
all	445	12	886578	0.0000135
all	446	21	886578	0.0000237
all	447	16	886578	0.0000180
all	448	13	886578	0.0000147
all	449	12	886578	0.0000135
all	450	19	886578	0.0000214
all	451	27	886578	0.0000305
all	452	13	886578	0.0000147
all	453	20	886578	0.0000226
all	454	14	886578	0.0000158
all	455	23	886578	0.0000259
all	456	18	886578	0.0000203
all	457	15	886578	0.0000169
all	458	23	886578	0.0000259
all	459	16	886578	0.0000180
all	460	7	886578	0.0000079
all	461	11	886578	0.0000124
all	462	15	886578	0.0000169
all	463	8	886578	0.0000090
all	464	16	886578	0.0000180
all	465	18	886578	0.0000203
all	466	15	886578	0.0000169
all	467	16	886578	0.0000180
all	468	8	886578	0.0000090
all	469	29	886578	0.0000327
all	470	16	886578	0.0000180
all	471	8	886578	0.0000090
all	472	9	886578	0.0000102
all	473	10	886578	0.0000113
all	474	9	886578	0.0000102
all	475	8	886578	0.0000090
all	476	15	886578	0.0000169
all	477	15	886578	0.0000169
all	478	6	886578	0.0000068
all	479	15	886578	0.0000169
all	480	11	886578	0.0000124
all	481	13	886578	0.0000147
all	482	10	886578	0.0000113
all	483	14	886578	0.0000158
all	484	23	886578	0.0000259
all	485	17	886578	0.0000192
all	486	11	886578	0.0000124
all	487	9	886578	0.0000102
all	488	13	886578	0.0000147
all	489	10	886578	0.0000113
all	490	13	886578	0.0000147
all	491	11	886578	0.0000124
all	492	9	886578	0.0000102
all	493	9	886578	0.0000102
all	494	11	886578	0.0000124
all	495	15	886578	0.0000169
all	496	10	886578	0.0000113
all	497	16	886578	0.0000180
all	498	15	886578	0.0000169
all	499	15	886578	0.0000169
all	500	14	886578	0.0000158
all	501	10	886578	0.0000113
all	502	16	886578	0.0000180
all	503	13	886578	0.0000147
all	504	13	886578	0.0000147
all	505	18	886578	0.0000203
all	506	7	886578	0.0000079
all	507	10	886578	0.0000113
all	508	13	886578	0.0000147
all	509	10	886578	0.0000113
all	510	5	886578	0.0000056
all	511	9	886578	0.0000102
all	512	14	886578	0.0000158
all	513	14	886578	0.0000158
all	514	15	886578	0.0000169
all	515	7	886578	0.0000079
all	516	17	886578	0.0000192
all	517	15	886578	0.0000169
all	518	12	886578	0.0000135
all	519	21	886578	0.0000237
all	520	10	886578	0.0000113
all	521	9	886578	0.0000102
all	522	12	886578	0.0000135
all	523	15	886578	0.0000169
all	524	17	886578	0.0000192
all	525	13	886578	0.0000147
all	526	19	886578	0.0000214
all	527	10	886578	0.0000113
all	528	9	886578	0.0000102
all	529	21	886578	0.0000237
all	530	18	886578	0.0000203
all	531	24	886578	0.0000271
all	532	12	886578	0.0000135
all	533	15	886578	0.0000169
all	534	9	886578	0.0000102
all	535	13	886578	0.0000147
all	536	17	886578	0.0000192
all	537	14	886578	0.0000158
all	538	15	886578	0.0000169
all	539	14	886578	0.0000158
all	540	18	886578	0.0000203
all	541	20	886578	0.0000226
all	542	16	886578	0.0000180
all	543	11	886578	0.0000124
all	544	12	886578	0.0000135
all	545	7	886578	0.0000079
all	546	13	886578	0.0000147
all	547	13	886578	0.0000147
all	548	11	886578	0.0000124
all	549	25	886578	0.0000282
all	550	8	886578	0.0000090
all	551	11	886578	0.0000124
all	552	8	886578	0.0000090
all	553	14	886578	0.0000158
all	554	10	886578	0.0000113
all	555	14	886578	0.0000158
all	556	13	886578	0.0000147
all	557	18	886578	0.0000203
all	558	8	886578	0.0000090
all	559	11	886578	0.0000124
all	560	10	886578	0.0000113
all	561	10	886578	0.0000113
all	562	14	886578	0.0000158
all	563	15	886578	0.0000169
all	564	11	886578	0.0000124
all	565	3	886578	0.0000034
all	566	12	886578	0.0000135
all	567	10	886578	0.0000113
all	568	11	886578	0.0000124
all	569	20	886578	0.0000226
all	570	14	886578	0.0000158
all	571	16	886578	0.0000180
all	572	12	886578	0.0000135
all	573	10	886578	0.0000113
all	574	15	886578	0.0000169
all	575	16	886578	0.0000180
all	576	16	886578	0.0000180
all	577	15	886578	0.0000169
all	578	31	886578	0.0000350
all	579	11	886578	0.0000124
all	580	12	886578	0.0000135
all	581	10	886578	0.0000113
all	582	11	886578	0.0000124
all	583	18	886578	0.0000203
all	584	13	886578	0.0000147
all	585	14	886578	0.0000158
all	586	12	886578	0.0000135
all	587	7	886578	0.0000079
all	588	12	886578	0.0000135
all	589	13	886578	0.0000147
all	590	14	886578	0.0000158
all	591	12	886578	0.0000135
all	592	12	886578	0.0000135
all	593	7	886578	0.0000079
all	594	8	886578	0.0000090
all	595	10	886578	0.0000113
all	596	7	886578	0.0000079
all	597	17	886578	0.0000192
all	598	4	886578	0.0000045
all	599	11	886578	0.0000124
all	600	11	886578	0.0000124
all	601	8	886578	0.0000090
all	602	11	886578	0.0000124
all	603	17	886578	0.0000192
all	604	10	886578	0.0000113
all	605	14	886578	0.0000158
all	606	11	886578	0.0000124
all	607	11	886578	0.0000124
all	608	7	886578	0.0000079
all	609	16	886578	0.0000180
all	610	13	886578	0.0000147
all	611	14	886578	0.0000158
all	612	28	886578	0.0000316
all	613	9	886578	0.0000102
all	614	17	886578	0.0000192
all	615	19	886578	0.0000214
all	616	10	886578	0.0000113
all	617	16	886578	0.0000180
all	618	12	886578	0.0000135
all	619	8	886578	0.0000090
all	620	14	886578	0.0000158
all	621	8	886578	0.0000090
all	622	8	886578	0.0000090
all	623	12	886578	0.0000135
all	624	7	886578	0.0000079
all	625	12	886578	0.0000135
all	626	8	886578	0.0000090
all	627	10	886578	0.0000113
all	628	12	886578	0.0000135
all	629	14	886578	0.0000158
all	630	9	886578	0.0000102
all	631	14	886578	0.0000158
all	632	9	886578	0.0000102
all	633	9	886578	0.0000102
all	634	16	886578	0.0000180
all	635	15	886578	0.0000169
all	636	13	886578	0.0000147
all	637	14	886578	0.0000158
all	638	14	886578	0.0000158
all	639	7	886578	0.0000079
all	640	9	886578	0.0000102
all	641	17	886578	0.0000192
all	642	11	886578	0.0000124
all	643	12	886578	0.0000135
all	644	7	886578	0.0000079
all	645	12	886578	0.0000135
all	646	7	886578	0.0000079
all	647	7	886578	0.0000079
all	648	13	886578	0.0000147
all	649	6	886578	0.0000068
all	650	7	886578	0.0000079
all	651	5	886578	0.0000056
all	652	6	886578	0.0000068
all	653	8	886578	0.0000090
all	654	10	886578	0.0000113
all	655	9	886578	0.0000102
all	656	11	886578	0.0000124
all	657	13	886578	0.0000147
all	658	5	886578	0.0000056
all	659	10	886578	0.0000113
all	660	9	886578	0.0000102
all	661	10	886578	0.0000113
all	662	17	886578	0.0000192
all	663	13	886578	0.0000147
all	664	14	886578	0.0000158
all	665	7	886578	0.0000079
all	666	6	886578	0.0000068
all	667	13	886578	0.0000147
all	668	20	886578	0.0000226
all	669	6	886578	0.0000068
all	670	15	886578	0.0000169
all	671	16	886578	0.0000180
all	672	13	886578	0.0000147
all	673	10	886578	0.0000113
all	674	17	886578	0.0000192
all	675	12	886578	0.0000135
all	676	12	886578	0.0000135
all	677	11	886578	0.0000124
all	678	9	886578	0.0000102
all	679	18	886578	0.0000203
all	680	11	886578	0.0000124
all	681	12	886578	0.0000135
all	682	15	886578	0.0000169
all	683	14	886578	0.0000158
all	684	16	886578	0.0000180
all	685	7	886578	0.0000079
all	686	13	886578	0.0000147
all	687	11	886578	0.0000124
all	688	5	886578	0.0000056
all	689	8	886578	0.0000090
all	690	11	886578	0.0000124
all	691	9	886578	0.0000102
all	692	15	886578	0.0000169
all	693	11	886578	0.0000124
all	694	7	886578	0.0000079
all	695	7	886578	0.0000079
all	696	7	886578	0.0000079
all	697	11	886578	0.0000124
all	698	10	886578	0.0000113
all	699	10	886578	0.0000113
all	700	9	886578	0.0000102
all	701	10	886578	0.0000113
all	702	13	886578	0.0000147
all	703	19	886578	0.0000214
all	704	12	886578	0.0000135
all	705	12	886578	0.0000135
all	706	9	886578	0.0000102
all	707	10	886578	0.0000113
all	708	11	886578	0.0000124
all	709	6	886578	0.0000068
all	710	9	886578	0.0000102
all	711	14	886578	0.0000158
all	712	15	886578	0.0000169
all	713	11	886578	0.0000124
all	714	10	886578	0.0000113
all	715	13	886578	0.0000147
all	716	12	886578	0.0000135
all	717	16	886578	0.0000180
all	718	7	886578	0.0000079
all	719	11	886578	0.0000124
all	720	12	886578	0.0000135
all	721	17	886578	0.0000192
all	722	7	886578	0.0000079
all	723	14	886578	0.0000158
all	724	5	886578	0.0000056
all	725	12	886578	0.0000135
all	726	8	886578	0.0000090
all	727	7	886578	0.0000079
all	728	5	886578	0.0000056
all	729	11	886578	0.0000124
all	730	11	886578	0.0000124
all	731	12	886578	0.0000135
all	732	9	886578	0.0000102
all	733	12	886578	0.0000135
all	734	8	886578	0.0000090
all	735	6	886578	0.0000068
all	736	5	886578	0.0000056
all	737	8	886578	0.0000090
all	738	3	886578	0.0000034
all	739	7	886578	0.0000079
all	740	7	886578	0.0000079
all	741	7	886578	0.0000079
all	742	9	886578	0.0000102
all	743	7	886578	0.0000079
all	744	4	886578	0.0000045
all	745	10	886578	0.0000113
all	746	8	886578	0.0000090
all	747	5	886578	0.0000056
all	748	7	886578	0.0000079
all	749	10	886578	0.0000113
all	750	13	886578	0.0000147
all	751	15	886578	0.0000169
all	752	5	886578	0.0000056
all	753	12	886578	0.0000135
all	754	13	886578	0.0000147
all	755	5	886578	0.0000056
all	756	17	886578	0.0000192
all	757	13	886578	0.0000147
all	758	9	886578	0.0000102
all	759	14	886578	0.0000158
all	760	14	886578	0.0000158
all	761	14	886578	0.0000158
all	762	19	886578	0.0000214
all	763	10	886578	0.0000113
all	764	16	886578	0.0000180
all	765	5	886578	0.0000056
all	766	9	886578	0.0000102
all	767	7	886578	0.0000079
all	768	6	886578	0.0000068
all	769	6	886578	0.0000068
all	770	9	886578	0.0000102
all	771	8	886578	0.0000090
all	772	11	886578	0.0000124
all	773	10	886578	0.0000113
all	774	11	886578	0.0000124
all	775	8	886578	0.0000090
all	776	3	886578	0.0000034
all	777	15	886578	0.0000169
all	778	7	886578	0.0000079
all	779	12	886578	0.0000135
all	780	9	886578	0.0000102
all	781	7	886578	0.0000079
all	782	9	886578	0.0000102
all	783	11	886578	0.0000124
all	784	6	886578	0.0000068
all	785	9	886578	0.0000102
all	786	12	886578	0.0000135
all	787	9	886578	0.0000102
all	788	11	886578	0.0000124
all	789	10	886578	0.0000113
all	790	12	886578	0.0000135
all	791	9	886578	0.0000102
all	792	10	886578	0.0000113
all	793	13	886578	0.0000147
all	794	5	886578	0.0000056
all	795	9	886578	0.0000102
all	796	7	886578	0.0000079
all	797	5	886578	0.0000056
all	798	8	886578	0.0000090
all	799	12	886578	0.0000135
all	800	13	886578	0.0000147
all	801	11	886578	0.0000124
all	802	10	886578	0.0000113
all	803	8	886578	0.0000090
all	804	13	886578	0.0000147
all	805	4	886578	0.0000045
all	806	8	886578	0.0000090
all	807	7	886578	0.0000079
all	808	11	886578	0.0000124
all	809	6	886578	0.0000068
all	810	10	886578	0.0000113
all	811	5	886578	0.0000056
all	812	8	886578	0.0000090
all	813	5	886578	0.0000056
all	814	6	886578	0.0000068
all	815	7	886578	0.0000079
all	816	15	886578	0.0000169
all	817	6	886578	0.0000068
all	818	6	886578	0.0000068
all	819	7	886578	0.0000079
all	820	8	886578	0.0000090
all	821	8	886578	0.0000090
all	822	11	886578	0.0000124
all	823	15	886578	0.0000169
all	824	8	886578	0.0000090
all	825	5	886578	0.0000056
all	826	6	886578	0.0000068
all	827	4	886578	0.0000045
all	828	7	886578	0.0000079
all	829	8	886578	0.0000090
all	830	9	886578	0.0000102
all	831	3	886578	0.0000034
all	832	6	886578	0.0000068
all	833	10	886578	0.0000113
all	834	4	886578	0.0000045
all	835	7	886578	0.0000079
all	836	10	886578	0.0000113
all	837	12	886578	0.0000135
all	838	7	886578	0.0000079
all	839	10	886578	0.0000113
all	840	9	886578	0.0000102
all	841	6	886578	0.0000068
all	842	11	886578	0.0000124
all	843	17	886578	0.0000192
all	844	22	886578	0.0000248
all	845	7	886578	0.0000079
all	846	16	886578	0.0000180
all	847	11	886578	0.0000124
all	848	6	886578	0.0000068
all	849	11	886578	0.0000124
all	850	15	886578	0.0000169
all	851	10	886578	0.0000113
all	852	8	886578	0.0000090
all	853	10	886578	0.0000113
all	854	7	886578	0.0000079
all	855	7	886578	0.0000079
all	856	14	886578	0.0000158
all	857	5	886578	0.0000056
all	858	4	886578	0.0000045
all	859	11	886578	0.0000124
all	860	10	886578	0.0000113
all	861	11	886578	0.0000124
all	862	10	886578	0.0000113
all	863	15	886578	0.0000169
all	864	8	886578	0.0000090
all	865	12	886578	0.0000135
all	866	10	886578	0.0000113
all	867	5	886578	0.0000056
all	868	4	886578	0.0000045
all	869	13	886578	0.0000147
all	870	8	886578	0.0000090
all	871	6	886578	0.0000068
all	872	13	886578	0.0000147
all	873	11	886578	0.0000124
all	874	13	886578	0.0000147
all	875	16	886578	0.0000180
all	876	15	886578	0.0000169
all	877	15	886578	0.0000169
all	878	8	886578	0.0000090
all	879	9	886578	0.0000102
all	880	5	886578	0.0000056
all	881	2	886578	0.0000023
all	882	6	886578	0.0000068
all	883	6	886578	0.0000068
all	884	6	886578	0.0000068
all	885	8	886578	0.0000090
all	886	8	886578	0.0000090
all	887	8	886578	0.0000090
all	888	9	886578	0.0000102
all	889	9	886578	0.0000102
all	890	5	886578	0.0000056
all	891	7	886578	0.0000079
all	892	7	886578	0.0000079
all	893	5	886578	0.0000056
all	894	10	886578	0.0000113
all	895	5	886578	0.0000056
all	896	8	886578	0.0000090
all	897	3	886578	0.0000034
all	898	5	886578	0.0000056
all	899	6	886578	0.0000068
all	900	4	886578	0.0000045
all	901	4	886578	0.0000045
all	902	7	886578	0.0000079
all	903	9	886578	0.0000102
all	904	5	886578	0.0000056
all	905	6	886578	0.0000068
all	906	6	886578	0.0000068
all	907	6	886578	0.0000068
all	908	7	886578	0.0000079
all	909	9	886578	0.0000102
all	910	4	886578	0.0000045
all	911	6	886578	0.0000068
all	912	3	886578	0.0000034
all	913	3	886578	0.0000034
all	914	2	886578	0.0000023
all	915	7	886578	0.0000079
all	916	7	886578	0.0000079
all	917	4	886578	0.0000045
all	918	4	886578	0.0000045
all	919	7	886578	0.0000079
all	920	2	886578	0.0000023
all	921	6	886578	0.0000068
all	922	3	886578	0.0000034
all	923	5	886578	0.0000056
all	924	6	886578	0.0000068
all	925	6	886578	0.0000068
all	926	4	886578	0.0000045
all	927	7	886578	0.0000079
all	928	7	886578	0.0000079
all	929	5	886578	0.0000056
all	930	3	886578	0.0000034
all	931	6	886578	0.0000068
all	932	2	886578	0.0000023
all	933	5	886578	0.0000056
all	934	6	886578	0.0000068
all	935	4	886578	0.0000045
all	936	4	886578	0.0000045
all	937	5	886578	0.0000056
all	938	7	886578	0.0000079
all	939	6	886578	0.0000068
all	940	3	886578	0.0000034
all	941	4	886578	0.0000045
all	942	10	886578	0.0000113
all	943	7	886578	0.0000079
all	944	5	886578	0.0000056
all	945	4	886578	0.0000045
all	946	6	886578	0.0000068
all	947	4	886578	0.0000045
all	948	5	886578	0.0000056
all	949	3	886578	0.0000034
all	950	5	886578	0.0000056
all	951	7	886578	0.0000079
all	952	5	886578	0.0000056
all	953	4	886578	0.0000045
all	954	2	886578	0.0000023
all	955	5	886578	0.0000056
all	956	4	886578	0.0000045
all	957	8	886578	0.0000090
all	958	5	886578	0.0000056
all	959	5	886578	0.0000056
all	960	6	886578	0.0000068
all	961	8	886578	0.0000090
all	962	6	886578	0.0000068
all	963	1	886578	0.0000011
all	964	3	886578	0.0000034
all	965	5	886578	0.0000056
all	966	7	886578	0.0000079
all	967	2	886578	0.0000023
all	968	3	886578	0.0000034
all	969	2	886578	0.0000023
all	970	6	886578	0.0000068
all	971	5	886578	0.0000056
all	972	11	886578	0.0000124
all	973	7	886578	0.0000079
all	974	5	886578	0.0000056
all	975	9	886578	0.0000102
all	976	4	886578	0.0000045
all	977	12	886578	0.0000135
all	978	4	886578	0.0000045
all	979	7	886578	0.0000079
all	980	7	886578	0.0000079
all	981	7	886578	0.0000079
all	982	10	886578	0.0000113
all	983	7	886578	0.0000079
all	984	9	886578	0.0000102
all	985	10	886578	0.0000113
all	986	8	886578	0.0000090
all	987	8	886578	0.0000090
all	988	8	886578	0.0000090
all	989	4	886578	0.0000045
all	990	4	886578	0.0000045
all	991	4	886578	0.0000045
all	992	7	886578	0.0000079
all	993	5	886578	0.0000056
all	994	7	886578	0.0000079
all	995	9	886578	0.0000102
all	996	4	886578	0.0000045
all	997	5	886578	0.0000056
all	998	3	886578	0.0000034
all	999	4	886578	0.0000045
all	1000	8	886578	0.0000090
all	1001	5	886578	0.0000056
all	1002	3	886578	0.0000034
all	1003	11	886578	0.0000124
all	1004	6	886578	0.0000068
all	1005	4	886578	0.0000045
all	1006	3	886578	0.0000034
all	1007	6	886578	0.0000068
all	1008	7	886578	0.0000079
all	1009	7	886578	0.0000079
all	1010	3	886578	0.0000034
all	1011	2	886578	0.0000023
all	1012	2	886578	0.0000023
all	1013	3	886578	0.0000034
all	1014	5	886578	0.0000056
all	1015	6	886578	0.0000068
all	1016	7	886578	0.0000079
all	1017	3	886578	0.0000034
all	1018	5	886578	0.0000056
all	1019	5	886578	0.0000056
all	1020	8	886578	0.0000090
all	1021	5	886578	0.0000056
all	1022	4	886578	0.0000045
all	1023	3	886578	0.0000034
all	1024	4	886578	0.0000045
all	1025	2	886578	0.0000023
all	1026	1	886578	0.0000011
all	1027	4	886578	0.0000045
all	1028	4	886578	0.0000045
all	1030	6	886578	0.0000068
all	1031	3	886578	0.0000034
all	1032	7	886578	0.0000079
all	1033	4	886578	0.0000045
all	1034	8	886578	0.0000090
all	1035	4	886578	0.0000045
all	1036	3	886578	0.0000034
all	1037	8	886578	0.0000090
all	1038	4	886578	0.0000045
all	1039	6	886578	0.0000068
all	1040	5	886578	0.0000056
all	1041	6	886578	0.0000068
all	1042	7	886578	0.0000079
all	1043	5	886578	0.0000056
all	1044	2	886578	0.0000023
all	1045	2	886578	0.0000023
all	1046	6	886578	0.0000068
all	1047	6	886578	0.0000068
all	1048	3	886578	0.0000034
all	1049	5	886578	0.0000056
all	1050	6	886578	0.0000068
all	1051	10	886578	0.0000113
all	1052	14	886578	0.0000158
all	1053	6	886578	0.0000068
all	1054	3	886578	0.0000034
all	1055	4	886578	0.0000045
all	1056	6	886578	0.0000068
all	1057	4	886578	0.0000045
all	1058	6	886578	0.0000068
all	1059	8	886578	0.0000090
all	1060	8	886578	0.0000090
all	1061	8	886578	0.0000090
all	1062	3	886578	0.0000034
all	1063	3	886578	0.0000034
all	1064	7	886578	0.0000079
all	1065	6	886578	0.0000068
all	1066	5	886578	0.0000056
all	1067	9	886578	0.0000102
all	1068	6	886578	0.0000068
all	1069	8	886578	0.0000090
all	1070	7	886578	0.0000079
all	1071	6	886578	0.0000068
all	1072	4	886578	0.0000045
all	1073	4	886578	0.0000045
all	1074	2	886578	0.0000023
all	1075	9	886578	0.0000102
all	1076	8	886578	0.0000090
all	1077	6	886578	0.0000068
all	1078	3	886578	0.0000034
all	1079	4	886578	0.0000045
all	1080	4	886578	0.0000045
all	1081	6	886578	0.0000068
all	1082	4	886578	0.0000045
all	1083	4	886578	0.0000045
all	1084	4	886578	0.0000045
all	1085	2	886578	0.0000023
all	1086	8	886578	0.0000090
all	1087	6	886578	0.0000068
all	1088	4	886578	0.0000045
all	1089	6	886578	0.0000068
all	1090	6	886578	0.0000068
all	1091	6	886578	0.0000068
all	1092	3	886578	0.0000034
all	1093	2	886578	0.0000023
all	1094	6	886578	0.0000068
all	1095	8	886578	0.0000090
all	1096	4	886578	0.0000045
all	1097	9	886578	0.0000102
all	1098	1	886578	0.0000011
all	1099	6	886578	0.0000068
all	1100	4	886578	0.0000045
all	1101	6	886578	0.0000068
all	1102	5	886578	0.0000056
all	1103	1	886578	0.0000011
all	1104	2	886578	0.0000023
all	1105	1	886578	0.0000011
all	1106	6	886578	0.0000068
all	1107	2	886578	0.0000023
all	1108	11	886578	0.0000124
all	1109	5	886578	0.0000056
all	1110	5	886578	0.0000056
all	1111	2	886578	0.0000023
all	1112	4	886578	0.0000045
all	1113	4	886578	0.0000045
all	1114	6	886578	0.0000068
all	1115	5	886578	0.0000056
all	1116	3	886578	0.0000034
all	1117	5	886578	0.0000056
all	1118	8	886578	0.0000090
all	1119	5	886578	0.0000056
all	1120	1	886578	0.0000011
all	1121	9	886578	0.0000102
all	1122	1	886578	0.0000011
all	1123	4	886578	0.0000045
all	1124	8	886578	0.0000090
all	1125	5	886578	0.0000056
all	1126	9	886578	0.0000102
all	1127	12	886578	0.0000135
all	1128	8	886578	0.0000090
all	1129	12	886578	0.0000135
all	1130	7	886578	0.0000079
all	1131	9	886578	0.0000102
all	1132	19	886578	0.0000214
all	1133	4	886578	0.0000045
all	1134	20	886578	0.0000226
all	1135	10	886578	0.0000113
all	1136	6	886578	0.0000068
all	1137	9	886578	0.0000102
all	1138	5	886578	0.0000056
all	1139	5	886578	0.0000056
all	1140	5	886578	0.0000056
all	1141	4	886578	0.0000045
all	1142	2	886578	0.0000023
all	1143	3	886578	0.0000034
all	1144	6	886578	0.0000068
all	1145	2	886578	0.0000023
all	1146	6	886578	0.0000068
all	1147	7	886578	0.0000079
all	1148	6	886578	0.0000068
all	1149	7	886578	0.0000079
all	1150	6	886578	0.0000068
all	1151	2	886578	0.0000023
all	1152	6	886578	0.0000068
all	1153	5	886578	0.0000056
all	1154	3	886578	0.0000034
all	1155	4	886578	0.0000045
all	1156	2	886578	0.0000023
all	1157	3	886578	0.0000034
all	1158	1	886578	0.0000011
all	1159	5	886578	0.0000056
all	1160	5	886578	0.0000056
all	1161	6	886578	0.0000068
all	1162	2	886578	0.0000023
all	1163	7	886578	0.0000079
all	1164	7	886578	0.0000079
all	1165	1	886578	0.0000011
all	1166	3	886578	0.0000034
all	1167	6	886578	0.0000068
all	1168	4	886578	0.0000045
all	1169	2	886578	0.0000023
all	1170	6	886578	0.0000068
all	1171	4	886578	0.0000045
all	1172	3	886578	0.0000034
all	1173	6	886578	0.0000068
all	1174	3	886578	0.0000034
all	1175	7	886578	0.0000079
all	1176	7	886578	0.0000079
all	1177	6	886578	0.0000068
all	1178	2	886578	0.0000023
all	1179	7	886578	0.0000079
all	1180	2	886578	0.0000023
all	1181	6	886578	0.0000068
all	1182	11	886578	0.0000124
all	1183	2	886578	0.0000023
all	1184	4	886578	0.0000045
all	1185	3	886578	0.0000034
all	1186	10	886578	0.0000113
all	1187	8	886578	0.0000090
all	1188	7	886578	0.0000079
all	1189	4	886578	0.0000045
all	1190	4	886578	0.0000045
all	1191	10	886578	0.0000113
all	1192	5	886578	0.0000056
all	1193	5	886578	0.0000056
all	1194	8	886578	0.0000090
all	1195	6	886578	0.0000068
all	1196	7	886578	0.0000079
all	1197	5	886578	0.0000056
all	1198	11	886578	0.0000124
all	1199	4	886578	0.0000045
all	1200	6	886578	0.0000068
all	1201	3	886578	0.0000034
all	1202	8	886578	0.0000090
all	1203	5	886578	0.0000056
all	1204	6	886578	0.0000068
all	1205	7	886578	0.0000079
all	1206	5	886578	0.0000056
all	1207	4	886578	0.0000045
all	1208	4	886578	0.0000045
all	1209	5	886578	0.0000056
all	1210	1	886578	0.0000011
all	1211	5	886578	0.0000056
all	1212	3	886578	0.0000034
all	1213	2	886578	0.0000023
all	1214	6	886578	0.0000068
all	1215	4	886578	0.0000045
all	1216	7	886578	0.0000079
all	1217	8	886578	0.0000090
all	1218	10	886578	0.0000113
all	1219	6	886578	0.0000068
all	1220	7	886578	0.0000079
all	1221	3	886578	0.0000034
all	1222	4	886578	0.0000045
all	1223	4	886578	0.0000045
all	1224	3	886578	0.0000034
all	1225	6	886578	0.0000068
all	1226	3	886578	0.0000034
all	1227	9	886578	0.0000102
all	1228	6	886578	0.0000068
all	1229	6	886578	0.0000068
all	1230	3	886578	0.0000034
all	1231	9	886578	0.0000102
all	1232	5	886578	0.0000056
all	1233	3	886578	0.0000034
all	1234	4	886578	0.0000045
all	1235	9	886578	0.0000102
all	1236	5	886578	0.0000056
all	1237	4	886578	0.0000045
all	1238	3	886578	0.0000034
all	1239	5	886578	0.0000056
all	1240	3	886578	0.0000034
all	1241	2	886578	0.0000023
all	1242	11	886578	0.0000124
all	1243	7	886578	0.0000079
all	1244	5	886578	0.0000056
all	1245	6	886578	0.0000068
all	1246	7	886578	0.0000079
all	1247	3	886578	0.0000034
all	1248	6	886578	0.0000068
all	1249	4	886578	0.0000045
all	1250	8	886578	0.0000090
all	1251	5	886578	0.0000056
all	1252	8	886578	0.0000090
all	1253	14	886578	0.0000158
all	1254	6	886578	0.0000068
all	1255	8	886578	0.0000090
all	1256	10	886578	0.0000113
all	1257	5	886578	0.0000056
all	1258	7	886578	0.0000079
all	1259	8	886578	0.0000090
all	1260	6	886578	0.0000068
all	1261	7	886578	0.0000079
all	1262	11	886578	0.0000124
all	1263	4	886578	0.0000045
all	1264	4	886578	0.0000045
all	1265	4	886578	0.0000045
all	1266	6	886578	0.0000068
all	1267	3	886578	0.0000034
all	1268	4	886578	0.0000045
all	1269	2	886578	0.0000023
all	1270	5	886578	0.0000056
all	1271	3	886578	0.0000034
all	1272	4	886578	0.0000045
all	1273	3	886578	0.0000034
all	1274	7	886578	0.0000079
all	1275	7	886578	0.0000079
all	1276	1	886578	0.0000011
all	1277	5	886578	0.0000056
all	1278	5	886578	0.0000056
all	1279	8	886578	0.0000090
all	1280	1	886578	0.0000011
all	1281	2	886578	0.0000023
all	1282	4	886578	0.0000045
all	1283	6	886578	0.0000068
all	1284	11	886578	0.0000124
all	1285	9	886578	0.0000102
all	1286	10	886578	0.0000113
all	1287	3	886578	0.0000034
all	1288	10	886578	0.0000113
all	1289	5	886578	0.0000056
all	1290	4	886578	0.0000045
all	1291	6	886578	0.0000068
all	1292	2	886578	0.0000023
all	1293	6	886578	0.0000068
all	1294	7	886578	0.0000079
all	1295	6	886578	0.0000068
all	1296	3	886578	0.0000034
all	1297	5	886578	0.0000056
all	1298	4	886578	0.0000045
all	1299	9	886578	0.0000102
all	1300	6	886578	0.0000068
all	1301	5	886578	0.0000056
all	1302	5	886578	0.0000056
all	1303	6	886578	0.0000068
all	1304	5	886578	0.0000056
all	1305	6	886578	0.0000068
all	1306	1	886578	0.0000011
all	1307	1	886578	0.0000011
all	1308	4	886578	0.0000045
all	1309	2	886578	0.0000023
all	1310	4	886578	0.0000045
all	1311	11	886578	0.0000124
all	1312	8	886578	0.0000090
all	1313	3	886578	0.0000034
all	1314	6	886578	0.0000068
all	1315	3	886578	0.0000034
all	1316	6	886578	0.0000068
all	1317	4	886578	0.0000045
all	1318	3	886578	0.0000034
all	1319	6	886578	0.0000068
all	1321	4	886578	0.0000045
all	1322	4	886578	0.0000045
all	1323	6	886578	0.0000068
all	1324	4	886578	0.0000045
all	1325	3	886578	0.0000034
all	1326	5	886578	0.0000056
all	1327	4	886578	0.0000045
all	1328	1	886578	0.0000011
all	1329	5	886578	0.0000056
all	1330	7	886578	0.0000079
all	1331	3	886578	0.0000034
all	1332	2	886578	0.0000023
all	1333	6	886578	0.0000068
all	1334	5	886578	0.0000056
all	1335	4	886578	0.0000045
all	1336	5	886578	0.0000056
all	1337	9	886578	0.0000102
all	1338	3	886578	0.0000034
all	1339	2	886578	0.0000023
all	1340	3	886578	0.0000034
all	1341	4	886578	0.0000045
all	1343	6	886578	0.0000068
all	1344	1	886578	0.0000011
all	1345	2	886578	0.0000023
all	1346	3	886578	0.0000034
all	1347	7	886578	0.0000079
all	1348	5	886578	0.0000056
all	1349	3	886578	0.0000034
all	1350	3	886578	0.0000034
all	1351	4	886578	0.0000045
all	1352	5	886578	0.0000056
all	1353	3	886578	0.0000034
all	1354	5	886578	0.0000056
all	1355	3	886578	0.0000034
all	1356	2	886578	0.0000023
all	1357	4	886578	0.0000045
all	1358	4	886578	0.0000045
all	1359	6	886578	0.0000068
all	1360	3	886578	0.0000034
all	1361	4	886578	0.0000045
all	1362	2	886578	0.0000023
all	1364	6	886578	0.0000068
all	1365	3	886578	0.0000034
all	1366	4	886578	0.0000045
all	1367	4	886578	0.0000045
all	1368	4	886578	0.0000045
all	1369	4	886578	0.0000045
all	1370	4	886578	0.0000045
all	1371	4	886578	0.0000045
all	1372	2	886578	0.0000023
all	1373	4	886578	0.0000045
all	1375	4	886578	0.0000045
all	1376	4	886578	0.0000045
all	1377	5	886578	0.0000056
all	1378	4	886578	0.0000045
all	1379	6	886578	0.0000068
all	1380	6	886578	0.0000068
all	1381	7	886578	0.0000079
all	1382	8	886578	0.0000090
all	1383	5	886578	0.0000056
all	1384	4	886578	0.0000045
all	1385	7	886578	0.0000079
all	1386	3	886578	0.0000034
all	1387	1	886578	0.0000011
all	1388	3	886578	0.0000034
all	1389	10	886578	0.0000113
all	1390	4	886578	0.0000045
all	1391	8	886578	0.0000090
all	1392	3	886578	0.0000034
all	1393	6	886578	0.0000068
all	1394	4	886578	0.0000045
all	1395	7	886578	0.0000079
all	1396	8	886578	0.0000090
all	1397	2	886578	0.0000023
all	1398	6	886578	0.0000068
all	1399	1	886578	0.0000011
all	1400	7	886578	0.0000079
all	1401	4	886578	0.0000045
all	1402	3	886578	0.0000034
all	1403	3	886578	0.0000034
all	1404	7	886578	0.0000079
all	1405	9	886578	0.0000102
all	1406	5	886578	0.0000056
all	1407	4	886578	0.0000045
all	1408	3	886578	0.0000034
all	1409	10	886578	0.0000113
all	1410	2	886578	0.0000023
all	1411	8	886578	0.0000090
all	1412	3	886578	0.0000034
all	1413	6	886578	0.0000068
all	1414	4	886578	0.0000045
all	1415	5	886578	0.0000056
all	1416	5	886578	0.0000056
all	1417	4	886578	0.0000045
all	1418	5	886578	0.0000056
all	1419	5	886578	0.0000056
all	1420	2	886578	0.0000023
all	1421	2	886578	0.0000023
all	1422	3	886578	0.0000034
all	1423	3	886578	0.0000034
all	1424	7	886578	0.0000079
all	1425	3	886578	0.0000034
all	1426	3	886578	0.0000034
all	1427	5	886578	0.0000056
all	1428	4	886578	0.0000045
all	1429	1	886578	0.0000011
all	1430	2	886578	0.0000023
all	1431	2	886578	0.0000023
all	1432	4	886578	0.0000045
all	1433	2	886578	0.0000023
all	1434	7	886578	0.0000079
all	1435	3	886578	0.0000034
all	1436	6	886578	0.0000068
all	1437	3	886578	0.0000034
all	1438	2	886578	0.0000023
all	1439	3	886578	0.0000034
all	1440	3	886578	0.0000034
all	1441	1	886578	0.0000011
all	1442	3	886578	0.0000034
all	1443	3	886578	0.0000034
all	1444	3	886578	0.0000034
all	1445	6	886578	0.0000068
all	1446	3	886578	0.0000034
all	1447	3	886578	0.0000034
all	1448	2	886578	0.0000023
all	1449	2	886578	0.0000023
all	1450	4	886578	0.0000045
all	1451	5	886578	0.0000056
all	1452	2	886578	0.0000023
all	1453	10	886578	0.0000113
all	1454	2	886578	0.0000023
all	1455	2	886578	0.0000023
all	1456	3	886578	0.0000034
all	1457	4	886578	0.0000045
all	1458	5	886578	0.0000056
all	1459	6	886578	0.0000068
all	1460	4	886578	0.0000045
all	1461	3	886578	0.0000034
all	1462	4	886578	0.0000045
all	1463	7	886578	0.0000079
all	1464	4	886578	0.0000045
all	1465	1	886578	0.0000011
all	1466	5	886578	0.0000056
all	1467	5	886578	0.0000056
all	1468	3	886578	0.0000034
all	1469	2	886578	0.0000023
all	1470	4	886578	0.0000045
all	1471	3	886578	0.0000034
all	1472	3	886578	0.0000034
all	1473	3	886578	0.0000034
all	1474	4	886578	0.0000045
all	1475	4	886578	0.0000045
all	1476	2	886578	0.0000023
all	1477	6	886578	0.0000068
all	1478	6	886578	0.0000068
all	1479	3	886578	0.0000034
all	1480	3	886578	0.0000034
all	1481	4	886578	0.0000045
all	1482	2	886578	0.0000023
all	1483	1	886578	0.0000011
all	1484	1	886578	0.0000011
all	1485	8	886578	0.0000090
all	1486	4	886578	0.0000045
all	1487	3	886578	0.0000034
all	1488	6	886578	0.0000068
all	1489	3	886578	0.0000034
all	1490	5	886578	0.0000056
all	1491	3	886578	0.0000034
all	1492	7	886578	0.0000079
all	1493	8	886578	0.0000090
all	1494	1	886578	0.0000011
all	1495	5	886578	0.0000056
all	1496	3	886578	0.0000034
all	1497	4	886578	0.0000045
all	1498	3	886578	0.0000034
all	1499	1	886578	0.0000011
all	1500	1	886578	0.0000011
all	1501	4	886578	0.0000045
all	1503	4	886578	0.0000045
all	1504	4	886578	0.0000045
all	1505	3	886578	0.0000034
all	1506	1	886578	0.0000011
all	1508	3	886578	0.0000034
all	1509	5	886578	0.0000056
all	1510	1	886578	0.0000011
all	1511	2	886578	0.0000023
all	1512	4	886578	0.0000045
all	1513	3	886578	0.0000034
all	1514	3	886578	0.0000034
all	1515	4	886578	0.0000045
all	1516	2	886578	0.0000023
all	1517	2	886578	0.0000023
all	1518	5	886578	0.0000056
all	1519	1	886578	0.0000011
all	1520	4	886578	0.0000045
all	1521	6	886578	0.0000068
all	1522	5	886578	0.0000056
all	1523	7	886578	0.0000079
all	1524	3	886578	0.0000034
all	1525	4	886578	0.0000045
all	1526	2	886578	0.0000023
all	1527	4	886578	0.0000045
all	1528	1	886578	0.0000011
all	1529	3	886578	0.0000034
all	1530	3	886578	0.0000034
all	1531	5	886578	0.0000056
all	1532	2	886578	0.0000023
all	1533	1	886578	0.0000011
all	1534	2	886578	0.0000023
all	1535	1	886578	0.0000011
all	1536	1	886578	0.0000011
all	1537	3	886578	0.0000034
all	1538	1	886578	0.0000011
all	1539	3	886578	0.0000034
all	1540	2	886578	0.0000023
all	1541	1	886578	0.0000011
all	1542	1	886578	0.0000011
all	1543	3	886578	0.0000034
all	1544	4	886578	0.0000045
all	1545	4	886578	0.0000045
all	1546	1	886578	0.0000011
all	1547	1	886578	0.0000011
all	1548	1	886578	0.0000011
all	1549	2	886578	0.0000023
all	1550	2	886578	0.0000023
all	1551	1	886578	0.0000011
all	1553	3	886578	0.0000034
all	1554	4	886578	0.0000045
all	1556	4	886578	0.0000045
all	1557	5	886578	0.0000056
all	1558	1	886578	0.0000011
all	1559	1	886578	0.0000011
all	1560	2	886578	0.0000023
all	1561	2	886578	0.0000023
all	1562	3	886578	0.0000034
all	1563	3	886578	0.0000034
all	1564	4	886578	0.0000045
all	1565	1	886578	0.0000011
all	1566	4	886578	0.0000045
all	1567	1	886578	0.0000011
all	1568	5	886578	0.0000056
all	1569	3	886578	0.0000034
all	1570	3	886578	0.0000034
all	1571	2	886578	0.0000023
all	1572	3	886578	0.0000034
all	1573	5	886578	0.0000056
all	1574	1	886578	0.0000011
all	1575	6	886578	0.0000068
all	1576	5	886578	0.0000056
all	1577	3	886578	0.0000034
all	1578	4	886578	0.0000045
all	1579	2	886578	0.0000023
all	1580	3	886578	0.0000034
all	1582	1	886578	0.0000011
all	1583	2	886578	0.0000023
all	1584	3	886578	0.0000034
all	1585	4	886578	0.0000045
all	1586	3	886578	0.0000034
all	1587	3	886578	0.0000034
all	1588	8	886578	0.0000090
all	1589	2	886578	0.0000023
all	1591	2	886578	0.0000023
all	1592	4	886578	0.0000045
all	1593	2	886578	0.0000023
all	1594	3	886578	0.0000034
all	1595	1	886578	0.0000011
all	1596	4	886578	0.0000045
all	1597	4	886578	0.0000045
all	1598	7	886578	0.0000079
all	1599	3	886578	0.0000034
all	1600	3	886578	0.0000034
all	1601	4	886578	0.0000045
all	1602	1	886578	0.0000011
all	1603	1	886578	0.0000011
all	1604	4	886578	0.0000045
all	1605	3	886578	0.0000034
all	1606	4	886578	0.0000045
all	1607	5	886578	0.0000056
all	1608	5	886578	0.0000056
all	1609	1	886578	0.0000011
all	1611	3	886578	0.0000034
all	1612	4	886578	0.0000045
all	1613	4	886578	0.0000045
all	1615	5	886578	0.0000056
all	1616	4	886578	0.0000045
all	1617	3	886578	0.0000034
all	1618	2	886578	0.0000023
all	1619	4	886578	0.0000045
all	1620	2	886578	0.0000023
all	1621	2	886578	0.0000023
all	1622	5	886578	0.0000056
all	1623	3	886578	0.0000034
all	1624	1	886578	0.0000011
all	1625	4	886578	0.0000045
all	1626	1	886578	0.0000011
all	1627	3	886578	0.0000034
all	1628	4	886578	0.0000045
all	1629	3	886578	0.0000034
all	1630	2	886578	0.0000023
all	1631	4	886578	0.0000045
all	1632	2	886578	0.0000023
all	1633	4	886578	0.0000045
all	1634	5	886578	0.0000056
all	1635	9	886578	0.0000102
all	1636	3	886578	0.0000034
all	1637	2	886578	0.0000023
all	1638	6	886578	0.0000068
all	1639	9	886578	0.0000102
all	1640	8	886578	0.0000090
all	1641	3	886578	0.0000034
all	1642	4	886578	0.0000045
all	1643	4	886578	0.0000045
all	1644	3	886578	0.0000034
all	1645	3	886578	0.0000034
all	1646	5	886578	0.0000056
all	1647	2	886578	0.0000023
all	1648	5	886578	0.0000056
all	1649	1	886578	0.0000011
all	1650	4	886578	0.0000045
all	1651	6	886578	0.0000068
all	1652	4	886578	0.0000045
all	1653	3	886578	0.0000034
all	1654	5	886578	0.0000056
all	1655	2	886578	0.0000023
all	1656	2	886578	0.0000023
all	1657	6	886578	0.0000068
all	1658	6	886578	0.0000068
all	1659	7	886578	0.0000079
all	1660	3	886578	0.0000034
all	1661	2	886578	0.0000023
all	1662	2	886578	0.0000023
all	1663	4	886578	0.0000045
all	1664	2	886578	0.0000023
all	1665	5	886578	0.0000056
all	1666	2	886578	0.0000023
all	1667	2	886578	0.0000023
all	1668	3	886578	0.0000034
all	1669	1	886578	0.0000011
all	1670	2	886578	0.0000023
all	1671	7	886578	0.0000079
all	1672	2	886578	0.0000023
all	1673	6	886578	0.0000068
all	1675	4	886578	0.0000045
all	1676	5	886578	0.0000056
all	1677	4	886578	0.0000045
all	1678	5	886578	0.0000056
all	1679	4	886578	0.0000045
all	1681	3	886578	0.0000034
all	1682	5	886578	0.0000056
all	1683	8	886578	0.0000090
all	1684	1	886578	0.0000011
all	1685	1	886578	0.0000011
all	1686	5	886578	0.0000056
all	1687	6	886578	0.0000068
all	1688	6	886578	0.0000068
all	1689	8	886578	0.0000090
all	1690	3	886578	0.0000034
all	1691	6	886578	0.0000068
all	1692	4	886578	0.0000045
all	1693	4	886578	0.0000045
all	1694	6	886578	0.0000068
all	1695	3	886578	0.0000034
all	1696	2	886578	0.0000023
all	1697	2	886578	0.0000023
all	1698	3	886578	0.0000034
all	1699	9	886578	0.0000102
all	1700	3	886578	0.0000034
all	1701	5	886578	0.0000056
all	1702	4	886578	0.0000045
all	1703	2	886578	0.0000023
all	1704	5	886578	0.0000056
all	1706	4	886578	0.0000045
all	1707	10	886578	0.0000113
all	1708	12	886578	0.0000135
all	1709	5	886578	0.0000056
all	1710	4	886578	0.0000045
all	1711	2	886578	0.0000023
all	1712	4	886578	0.0000045
all	1713	4	886578	0.0000045
all	1714	4	886578	0.0000045
all	1715	6	886578	0.0000068
all	1716	3	886578	0.0000034
all	1717	2	886578	0.0000023
all	1718	1	886578	0.0000011
all	1720	1	886578	0.0000011
all	1722	6	886578	0.0000068
all	1723	3	886578	0.0000034
all	1724	4	886578	0.0000045
all	1725	6	886578	0.0000068
all	1726	4	886578	0.0000045
all	1727	5	886578	0.0000056
all	1728	5	886578	0.0000056
all	1729	5	886578	0.0000056
all	1730	3	886578	0.0000034
all	1731	1	886578	0.0000011
all	1732	3	886578	0.0000034
all	1733	5	886578	0.0000056
all	1734	3	886578	0.0000034
all	1735	1	886578	0.0000011
all	1736	8	886578	0.0000090
all	1737	6	886578	0.0000068
all	1738	3	886578	0.0000034
all	1739	6	886578	0.0000068
all	1740	6	886578	0.0000068
all	1741	7	886578	0.0000079
all	1742	3	886578	0.0000034
all	1743	2	886578	0.0000023
all	1744	5	886578	0.0000056
all	1745	3	886578	0.0000034
all	1746	3	886578	0.0000034
all	1747	4	886578	0.0000045
all	1748	3	886578	0.0000034
all	1749	4	886578	0.0000045
all	1750	2	886578	0.0000023
all	1751	3	886578	0.0000034
all	1752	2	886578	0.0000023
all	1753	7	886578	0.0000079
all	1754	10	886578	0.0000113
all	1755	6	886578	0.0000068
all	1756	5	886578	0.0000056
all	1757	2	886578	0.0000023
all	1758	4	886578	0.0000045
all	1759	2	886578	0.0000023
all	1760	5	886578	0.0000056
all	1761	4	886578	0.0000045
all	1763	3	886578	0.0000034
all	1764	2	886578	0.0000023
all	1765	5	886578	0.0000056
all	1766	4	886578	0.0000045
all	1767	3	886578	0.0000034
all	1768	3	886578	0.0000034
all	1769	4	886578	0.0000045
all	1770	3	886578	0.0000034
all	1771	3	886578	0.0000034
all	1772	6	886578	0.0000068
all	1773	1	886578	0.0000011
all	1774	4	886578	0.0000045
all	1775	5	886578	0.0000056
all	1776	3	886578	0.0000034
all	1777	3	886578	0.0000034
all	1778	1	886578	0.0000011
all	1780	3	886578	0.0000034
all	1781	4	886578	0.0000045
all	1782	4	886578	0.0000045
all	1783	5	886578	0.0000056
all	1784	6	886578	0.0000068
all	1785	2	886578	0.0000023
all	1786	1	886578	0.0000011
all	1787	4	886578	0.0000045
all	1788	4	886578	0.0000045
all	1789	1	886578	0.0000011
all	1790	5	886578	0.0000056
all	1791	3	886578	0.0000034
all	1792	2	886578	0.0000023
all	1793	5	886578	0.0000056
all	1794	9	886578	0.0000102
all	1795	2	886578	0.0000023
all	1796	2	886578	0.0000023
all	1797	4	886578	0.0000045
all	1798	2	886578	0.0000023
all	1800	3	886578	0.0000034
all	1801	6	886578	0.0000068
all	1802	1	886578	0.0000011
all	1803	2	886578	0.0000023
all	1804	2	886578	0.0000023
all	1805	1	886578	0.0000011
all	1806	2	886578	0.0000023
all	1807	3	886578	0.0000034
all	1808	2	886578	0.0000023
all	1809	1	886578	0.0000011
all	1810	3	886578	0.0000034
all	1811	4	886578	0.0000045
all	1812	3	886578	0.0000034
all	1813	2	886578	0.0000023
all	1814	1	886578	0.0000011
all	1815	1	886578	0.0000011
all	1816	2	886578	0.0000023
all	1817	2	886578	0.0000023
all	1818	2	886578	0.0000023
all	1819	1	886578	0.0000011
all	1820	2	886578	0.0000023
all	1821	5	886578	0.0000056
all	1822	1	886578	0.0000011
all	1823	4	886578	0.0000045
all	1824	4	886578	0.0000045
all	1825	2	886578	0.0000023
all	1826	2	886578	0.0000023
all	1827	1	886578	0.0000011
all	1828	4	886578	0.0000045
all	1829	2	886578	0.0000023
all	1830	2	886578	0.0000023
all	1831	1	886578	0.0000011
all	1832	10	886578	0.0000113
all	1833	1	886578	0.0000011
all	1834	3	886578	0.0000034
all	1836	2	886578	0.0000023
all	1837	3	886578	0.0000034
all	1838	2	886578	0.0000023
all	1839	2	886578	0.0000023
all	1840	8	886578	0.0000090
all	1841	2	886578	0.0000023
all	1842	2	886578	0.0000023
all	1843	2	886578	0.0000023
all	1844	2	886578	0.0000023
all	1845	2	886578	0.0000023
all	1846	2	886578	0.0000023
all	1847	2	886578	0.0000023
all	1848	3	886578	0.0000034
all	1849	2	886578	0.0000023
all	1850	2	886578	0.0000023
all	1851	4	886578	0.0000045
all	1852	2	886578	0.0000023
all	1853	1	886578	0.0000011
all	1854	3	886578	0.0000034
all	1855	1	886578	0.0000011
all	1857	2	886578	0.0000023
all	1858	1	886578	0.0000011
all	1859	3	886578	0.0000034
all	1862	2	886578	0.0000023
all	1863	2	886578	0.0000023
all	1864	6	886578	0.0000068
all	1865	4	886578	0.0000045
all	1866	1	886578	0.0000011
all	1868	1	886578	0.0000011
all	1869	6	886578	0.0000068
all	1870	2	886578	0.0000023
all	1871	4	886578	0.0000045
all	1872	1	886578	0.0000011
all	1873	3	886578	0.0000034
all	1874	3	886578	0.0000034
all	1875	2	886578	0.0000023
all	1876	2	886578	0.0000023
all	1878	3	886578	0.0000034
all	1879	2	886578	0.0000023
all	1880	2	886578	0.0000023
all	1881	4	886578	0.0000045
all	1882	3	886578	0.0000034
all	1883	2	886578	0.0000023
all	1884	2	886578	0.0000023
all	1885	2	886578	0.0000023
all	1888	3	886578	0.0000034
all	1889	2	886578	0.0000023
all	1890	2	886578	0.0000023
all	1891	4	886578	0.0000045
all	1892	4	886578	0.0000045
all	1893	4	886578	0.0000045
all	1894	4	886578	0.0000045
all	1895	7	886578	0.0000079
all	1896	4	886578	0.0000045
all	1897	3	886578	0.0000034
all	1898	5	886578	0.0000056
all	1899	1	886578	0.0000011
all	1900	3	886578	0.0000034
all	1902	3	886578	0.0000034
all	1903	6	886578	0.0000068
all	1904	2	886578	0.0000023
all	1905	3	886578	0.0000034
all	1906	2	886578	0.0000023
all	1907	6	886578	0.0000068
all	1908	1	886578	0.0000011
all	1909	6	886578	0.0000068
all	1910	6	886578	0.0000068
all	1911	6	886578	0.0000068
all	1912	3	886578	0.0000034
all	1913	5	886578	0.0000056
all	1914	3	886578	0.0000034
all	1915	7	886578	0.0000079
all	1916	3	886578	0.0000034
all	1917	1	886578	0.0000011
all	1918	2	886578	0.0000023
all	1919	3	886578	0.0000034
all	1920	3	886578	0.0000034
all	1921	5	886578	0.0000056
all	1922	4	886578	0.0000045
all	1923	2	886578	0.0000023
all	1924	3	886578	0.0000034
all	1925	4	886578	0.0000045
all	1926	3	886578	0.0000034
all	1927	1	886578	0.0000011
all	1928	4	886578	0.0000045
all	1929	3	886578	0.0000034
all	1930	2	886578	0.0000023
all	1931	5	886578	0.0000056
all	1933	3	886578	0.0000034
all	1934	5	886578	0.0000056
all	1936	3	886578	0.0000034
all	1937	3	886578	0.0000034
all	1938	2	886578	0.0000023
all	1939	1	886578	0.0000011
all	1940	5	886578	0.0000056
all	1941	2	886578	0.0000023
all	1942	2	886578	0.0000023
all	1943	5	886578	0.0000056
all	1944	1	886578	0.0000011
all	1945	2	886578	0.0000023
all	1946	4	886578	0.0000045
all	1947	5	886578	0.0000056
all	1948	5	886578	0.0000056
all	1949	5	886578	0.0000056
all	1950	1	886578	0.0000011
all	1951	8	886578	0.0000090
all	1952	4	886578	0.0000045
all	1953	2	886578	0.0000023
all	1954	5	886578	0.0000056
all	1955	2	886578	0.0000023
all	1956	3	886578	0.0000034
all	1957	4	886578	0.0000045
all	1958	4	886578	0.0000045
all	1959	4	886578	0.0000045
all	1960	3	886578	0.0000034
all	1961	2	886578	0.0000023
all	1962	4	886578	0.0000045
all	1964	2	886578	0.0000023
all	1965	1	886578	0.0000011
all	1966	1	886578	0.0000011
all	1967	1	886578	0.0000011
all	1968	1	886578	0.0000011
all	1969	3	886578	0.0000034
all	1970	3	886578	0.0000034
all	1971	2	886578	0.0000023
all	1972	1	886578	0.0000011
all	1973	4	886578	0.0000045
all	1974	2	886578	0.0000023
all	1975	3	886578	0.0000034
all	1976	2	886578	0.0000023
all	1977	1	886578	0.0000011
all	1978	2	886578	0.0000023
all	1979	2	886578	0.0000023
all	1980	1	886578	0.0000011
all	1981	1	886578	0.0000011
all	1982	1	886578	0.0000011
all	1983	1	886578	0.0000011
all	1985	2	886578	0.0000023
all	1986	1	886578	0.0000011
all	1987	1	886578	0.0000011
all	1988	2	886578	0.0000023
all	1990	1	886578	0.0000011
all	1991	1	886578	0.0000011
all	1992	2	886578	0.0000023
all	1993	2	886578	0.0000023
all	1994	3	886578	0.0000034
all	1995	1	886578	0.0000011
all	1996	1	886578	0.0000011
all	1997	2	886578	0.0000023
all	1999	2	886578	0.0000023
all	2000	2	886578	0.0000023
all	2002	4	886578	0.0000045
all	2003	3	886578	0.0000034
all	2004	3	886578	0.0000034
all	2005	4	886578	0.0000045
all	2006	1	886578	0.0000011
all	2007	3	886578	0.0000034
all	2009	1	886578	0.0000011
all	2010	2	886578	0.0000023
all	2011	1	886578	0.0000011
all	2012	4	886578	0.0000045
all	2014	2	886578	0.0000023
all	2015	2	886578	0.0000023
all	2016	2	886578	0.0000023
all	2017	6	886578	0.0000068
all	2018	4	886578	0.0000045
all	2019	3	886578	0.0000034
all	2020	6	886578	0.0000068
all	2021	2	886578	0.0000023
all	2022	2	886578	0.0000023
all	2023	3	886578	0.0000034
all	2024	7	886578	0.0000079
all	2025	2	886578	0.0000023
all	2026	4	886578	0.0000045
all	2027	5	886578	0.0000056
all	2028	3	886578	0.0000034
all	2029	1	886578	0.0000011
all	2030	1	886578	0.0000011
all	2031	3	886578	0.0000034
all	2032	3	886578	0.0000034
all	2033	3	886578	0.0000034
all	2034	2	886578	0.0000023
all	2035	3	886578	0.0000034
all	2036	5	886578	0.0000056
all	2037	4	886578	0.0000045
all	2038	1	886578	0.0000011
all	2040	2	886578	0.0000023
all	2041	4	886578	0.0000045
all	2042	4	886578	0.0000045
all	2043	4	886578	0.0000045
all	2044	6	886578	0.0000068
all	2045	2	886578	0.0000023
all	2047	2	886578	0.0000023
all	2048	1	886578	0.0000011
all	2049	2	886578	0.0000023
all	2050	1	886578	0.0000011
all	2051	4	886578	0.0000045
all	2052	1	886578	0.0000011
all	2053	5	886578	0.0000056
all	2055	3	886578	0.0000034
all	2058	3	886578	0.0000034
all	2059	2	886578	0.0000023
all	2060	2	886578	0.0000023
all	2061	1	886578	0.0000011
all	2062	3	886578	0.0000034
all	2063	2	886578	0.0000023
all	2064	3	886578	0.0000034
all	2066	4	886578	0.0000045
all	2068	1	886578	0.0000011
all	2070	1	886578	0.0000011
all	2071	1	886578	0.0000011
all	2072	2	886578	0.0000023
all	2073	1	886578	0.0000011
all	2076	2	886578	0.0000023
all	2077	3	886578	0.0000034
all	2078	1	886578	0.0000011
all	2079	3	886578	0.0000034
all	2080	1	886578	0.0000011
all	2081	1	886578	0.0000011
all	2082	1	886578	0.0000011
all	2083	1	886578	0.0000011
all	2086	3	886578	0.0000034
all	2087	2	886578	0.0000023
all	2088	3	886578	0.0000034
all	2090	1	886578	0.0000011
all	2091	3	886578	0.0000034
all	2092	1	886578	0.0000011
all	2094	3	886578	0.0000034
all	2095	1	886578	0.0000011
all	2096	4	886578	0.0000045
all	2097	1	886578	0.0000011
all	2098	1	886578	0.0000011
all	2100	1	886578	0.0000011
all	2101	1	886578	0.0000011
all	2102	3	886578	0.0000034
all	2104	1	886578	0.0000011
all	2105	1	886578	0.0000011
all	2107	2	886578	0.0000023
all	2108	1	886578	0.0000011
all	2109	1	886578	0.0000011
all	2112	2	886578	0.0000023
all	2113	1	886578	0.0000011
all	2114	1	886578	0.0000011
all	2115	3	886578	0.0000034
all	2116	3	886578	0.0000034
all	2117	3	886578	0.0000034
all	2118	2	886578	0.0000023
all	2119	2	886578	0.0000023
all	2120	1	886578	0.0000011
all	2121	1	886578	0.0000011
all	2122	1	886578	0.0000011
all	2123	4	886578	0.0000045
all	2124	3	886578	0.0000034
all	2125	1	886578	0.0000011
all	2126	3	886578	0.0000034
all	2127	1	886578	0.0000011
all	2128	5	886578	0.0000056
all	2130	3	886578	0.0000034
all	2131	3	886578	0.0000034
all	2132	3	886578	0.0000034
all	2133	2	886578	0.0000023
all	2135	1	886578	0.0000011
all	2136	5	886578	0.0000056
all	2140	1	886578	0.0000011
all	2141	1	886578	0.0000011
all	2142	4	886578	0.0000045
all	2143	1	886578	0.0000011
all	2144	1	886578	0.0000011
all	2145	4	886578	0.0000045
all	2146	4	886578	0.0000045
all	2148	2	886578	0.0000023
all	2149	1	886578	0.0000011
all	2151	1	886578	0.0000011
all	2152	3	886578	0.0000034
all	2153	2	886578	0.0000023
all	2154	3	886578	0.0000034
all	2156	1	886578	0.0000011
all	2158	1	886578	0.0000011
all	2160	3	886578	0.0000034
all	2161	1	886578	0.0000011
all	2162	1	886578	0.0000011
all	2164	3	886578	0.0000034
all	2165	1	886578	0.0000011
all	2166	1	886578	0.0000011
all	2167	3	886578	0.0000034
all	2168	1	886578	0.0000011
all	2169	2	886578	0.0000023
all	2170	1	886578	0.0000011
all	2171	3	886578	0.0000034
all	2172	4	886578	0.0000045
all	2173	3	886578	0.0000034
all	2174	2	886578	0.0000023
all	2175	1	886578	0.0000011
all	2176	2	886578	0.0000023
all	2177	1	886578	0.0000011
all	2178	2	886578	0.0000023
all	2179	2	886578	0.0000023
all	2180	3	886578	0.0000034
all	2181	1	886578	0.0000011
all	2182	1	886578	0.0000011
all	2183	4	886578	0.0000045
all	2184	2	886578	0.0000023
all	2185	1	886578	0.0000011
all	2187	2	886578	0.0000023
all	2188	1	886578	0.0000011
all	2189	2	886578	0.0000023
all	2190	2	886578	0.0000023
all	2193	1	886578	0.0000011
all	2194	2	886578	0.0000023
all	2195	4	886578	0.0000045
all	2196	1	886578	0.0000011
all	2197	1	886578	0.0000011
all	2198	5	886578	0.0000056
all	2199	2	886578	0.0000023
all	2200	1	886578	0.0000011
all	2201	2	886578	0.0000023
all	2202	3	886578	0.0000034
all	2203	3	886578	0.0000034
all	2205	3	886578	0.0000034
all	2207	2	886578	0.0000023
all	2208	2	886578	0.0000023
all	2209	1	886578	0.0000011
all	2210	4	886578	0.0000045
all	2211	3	886578	0.0000034
all	2212	1	886578	0.0000011
all	2213	1	886578	0.0000011
all	2214	1	886578	0.0000011
all	2215	3	886578	0.0000034
all	2216	2	886578	0.0000023
all	2217	1	886578	0.0000011
all	2218	2	886578	0.0000023
all	2219	1	886578	0.0000011
all	2220	2	886578	0.0000023
all	2221	2	886578	0.0000023
all	2222	1	886578	0.0000011
all	2223	2	886578	0.0000023
all	2224	1	886578	0.0000011
all	2225	1	886578	0.0000011
all	2226	2	886578	0.0000023
all	2228	4	886578	0.0000045
all	2229	1	886578	0.0000011
all	2231	2	886578	0.0000023
all	2232	1	886578	0.0000011
all	2233	2	886578	0.0000023
all	2234	2	886578	0.0000023
all	2235	4	886578	0.0000045
all	2237	3	886578	0.0000034
all	2238	2	886578	0.0000023
all	2240	3	886578	0.0000034
all	2242	2	886578	0.0000023
all	2243	4	886578	0.0000045
all	2244	2	886578	0.0000023
all	2246	1	886578	0.0000011
all	2247	1	886578	0.0000011
all	2248	3	886578	0.0000034
all	2249	1	886578	0.0000011
all	2250	1	886578	0.0000011
all	2251	5	886578	0.0000056
all	2253	2	886578	0.0000023
all	2254	2	886578	0.0000023
all	2255	3	886578	0.0000034
all	2256	1	886578	0.0000011
all	2259	3	886578	0.0000034
all	2260	2	886578	0.0000023
all	2261	5	886578	0.0000056
all	2262	2	886578	0.0000023
all	2263	2	886578	0.0000023
all	2264	3	886578	0.0000034
all	2265	3	886578	0.0000034
all	2266	2	886578	0.0000023
all	2268	1	886578	0.0000011
all	2270	1	886578	0.0000011
all	2273	1	886578	0.0000011
all	2274	3	886578	0.0000034
all	2275	2	886578	0.0000023
all	2276	1	886578	0.0000011
all	2277	2	886578	0.0000023
all	2279	5	886578	0.0000056
all	2280	2	886578	0.0000023
all	2282	2	886578	0.0000023
all	2283	2	886578	0.0000023
all	2284	1	886578	0.0000011
all	2286	2	886578	0.0000023
all	2287	1	886578	0.0000011
all	2288	3	886578	0.0000034
all	2289	2	886578	0.0000023
all	2290	4	886578	0.0000045
all	2291	1	886578	0.0000011
all	2292	1	886578	0.0000011
all	2293	2	886578	0.0000023
all	2295	1	886578	0.0000011
all	2298	2	886578	0.0000023
all	2299	3	886578	0.0000034
all	2300	4	886578	0.0000045
all	2301	2	886578	0.0000023
all	2302	1	886578	0.0000011
all	2303	2	886578	0.0000023
all	2304	2	886578	0.0000023
all	2305	1	886578	0.0000011
all	2306	1	886578	0.0000011
all	2307	2	886578	0.0000023
all	2309	2	886578	0.0000023
all	2313	1	886578	0.0000011
all	2314	1	886578	0.0000011
all	2316	3	886578	0.0000034
all	2317	2	886578	0.0000023
all	2318	3	886578	0.0000034
all	2319	2	886578	0.0000023
all	2322	2	886578	0.0000023
all	2323	1	886578	0.0000011
all	2324	2	886578	0.0000023
all	2325	2	886578	0.0000023
all	2326	5	886578	0.0000056
all	2327	3	886578	0.0000034
all	2328	3	886578	0.0000034
all	2329	5	886578	0.0000056
all	2330	1	886578	0.0000011
all	2331	3	886578	0.0000034
all	2332	4	886578	0.0000045
all	2333	2	886578	0.0000023
all	2334	6	886578	0.0000068
all	2335	3	886578	0.0000034
all	2336	3	886578	0.0000034
all	2337	3	886578	0.0000034
all	2339	4	886578	0.0000045
all	2341	2	886578	0.0000023
all	2342	3	886578	0.0000034
all	2344	1	886578	0.0000011
all	2345	1	886578	0.0000011
all	2346	1	886578	0.0000011
all	2347	1	886578	0.0000011
all	2348	3	886578	0.0000034
all	2349	4	886578	0.0000045
all	2350	3	886578	0.0000034
all	2351	4	886578	0.0000045
all	2352	2	886578	0.0000023
all	2354	2	886578	0.0000023
all	2355	2	886578	0.0000023
all	2356	1	886578	0.0000011
all	2357	1	886578	0.0000011
all	2358	2	886578	0.0000023
all	2359	2	886578	0.0000023
all	2360	4	886578	0.0000045
all	2361	2	886578	0.0000023
all	2362	2	886578	0.0000023
all	2363	1	886578	0.0000011
all	2365	1	886578	0.0000011
all	2367	2	886578	0.0000023
all	2368	2	886578	0.0000023
all	2369	6	886578	0.0000068
all	2370	2	886578	0.0000023
all	2372	3	886578	0.0000034
all	2373	2	886578	0.0000023
all	2374	1	886578	0.0000011
all	2375	1	886578	0.0000011
all	2376	1	886578	0.0000011
all	2377	3	886578	0.0000034
all	2378	1	886578	0.0000011
all	2379	5	886578	0.0000056
all	2380	3	886578	0.0000034
all	2382	2	886578	0.0000023
all	2383	1	886578	0.0000011
all	2384	1	886578	0.0000011
all	2387	3	886578	0.0000034
all	2388	2	886578	0.0000023
all	2389	4	886578	0.0000045
all	2390	1	886578	0.0000011
all	2392	1	886578	0.0000011
all	2393	1	886578	0.0000011
all	2394	3	886578	0.0000034
all	2396	3	886578	0.0000034
all	2398	1	886578	0.0000011
all	2399	1	886578	0.0000011
all	2400	2	886578	0.0000023
all	2401	1	886578	0.0000011
all	2402	2	886578	0.0000023
all	2405	1	886578	0.0000011
all	2406	1	886578	0.0000011
all	2407	2	886578	0.0000023
all	2409	4	886578	0.0000045
all	2410	2	886578	0.0000023
all	2411	3	886578	0.0000034
all	2412	4	886578	0.0000045
all	2414	1	886578	0.0000011
all	2415	5	886578	0.0000056
all	2416	4	886578	0.0000045
all	2417	4	886578	0.0000045
all	2418	2	886578	0.0000023
all	2419	1	886578	0.0000011
all	2420	1	886578	0.0000011
all	2421	3	886578	0.0000034
all	2422	3	886578	0.0000034
all	2423	5	886578	0.0000056
all	2424	1	886578	0.0000011
all	2425	2	886578	0.0000023
all	2426	3	886578	0.0000034
all	2427	3	886578	0.0000034
all	2428	1	886578	0.0000011
all	2429	2	886578	0.0000023
all	2430	4	886578	0.0000045
all	2431	3	886578	0.0000034
all	2432	3	886578	0.0000034
all	2433	3	886578	0.0000034
all	2434	3	886578	0.0000034
all	2435	3	886578	0.0000034
all	2436	3	886578	0.0000034
all	2437	5	886578	0.0000056
all	2438	4	886578	0.0000045
all	2439	6	886578	0.0000068
all	2440	9	886578	0.0000102
all	2441	2	886578	0.0000023
all	2442	6	886578	0.0000068
all	2443	5	886578	0.0000056
all	2445	2	886578	0.0000023
all	2446	4	886578	0.0000045
all	2447	3	886578	0.0000034
all	2448	2	886578	0.0000023
all	2449	1	886578	0.0000011
all	2450	1	886578	0.0000011
all	2451	2	886578	0.0000023
all	2452	3	886578	0.0000034
all	2453	4	886578	0.0000045
all	2454	3	886578	0.0000034
all	2455	1	886578	0.0000011
all	2456	2	886578	0.0000023
all	2457	2	886578	0.0000023
all	2458	3	886578	0.0000034
all	2459	3	886578	0.0000034
all	2460	2	886578	0.0000023
all	2461	2	886578	0.0000023
all	2462	2	886578	0.0000023
all	2463	2	886578	0.0000023
all	2464	2	886578	0.0000023
all	2468	1	886578	0.0000011
all	2472	1	886578	0.0000011
all	2473	1	886578	0.0000011
all	2474	2	886578	0.0000023
all	2475	2	886578	0.0000023
all	2476	2	886578	0.0000023
all	2484	1	886578	0.0000011
all	2487	1	886578	0.0000011
all	2488	3	886578	0.0000034
all	2489	1	886578	0.0000011
all	2490	3	886578	0.0000034
all	2492	1	886578	0.0000011
all	2493	1	886578	0.0000011
all	2494	1	886578	0.0000011
all	2495	1	886578	0.0000011
all	2497	2	886578	0.0000023
all	2498	1	886578	0.0000011
all	2499	1	886578	0.0000011
all	2500	1	886578	0.0000011
all	2501	4	886578	0.0000045
all	2503	1	886578	0.0000011
all	2504	1	886578	0.0000011
all	2505	1	886578	0.0000011
all	2509	1	886578	0.0000011
all	2512	1	886578	0.0000011
all	2514	1	886578	0.0000011
all	2515	2	886578	0.0000023
all	2516	1	886578	0.0000011
all	2518	2	886578	0.0000023
all	2519	1	886578	0.0000011
all	2520	1	886578	0.0000011
all	2522	2	886578	0.0000023
all	2524	1	886578	0.0000011
all	2526	3	886578	0.0000034
all	2530	2	886578	0.0000023
all	2531	1	886578	0.0000011
all	2532	1	886578	0.0000011
all	2533	3	886578	0.0000034
all	2535	1	886578	0.0000011
all	2536	1	886578	0.0000011
all	2537	2	886578	0.0000023
all	2538	1	886578	0.0000011
all	2539	1	886578	0.0000011
all	2543	3	886578	0.0000034
all	2544	3	886578	0.0000034
all	2547	1	886578	0.0000011
all	2548	2	886578	0.0000023
all	2549	1	886578	0.0000011
all	2551	2	886578	0.0000023
all	2552	1	886578	0.0000011
all	2553	2	886578	0.0000023
all	2554	1	886578	0.0000011
all	2555	1	886578	0.0000011
all	2557	1	886578	0.0000011
all	2559	2	886578	0.0000023
all	2560	2	886578	0.0000023
all	2562	2	886578	0.0000023
all	2564	3	886578	0.0000034
all	2565	1	886578	0.0000011
all	2567	1	886578	0.0000011
all	2568	1	886578	0.0000011
all	2570	1	886578	0.0000011
all	2571	1	886578	0.0000011
all	2573	1	886578	0.0000011
all	2574	2	886578	0.0000023
all	2578	3	886578	0.0000034
all	2580	1	886578	0.0000011
all	2581	1	886578	0.0000011
all	2582	2	886578	0.0000023
all	2583	1	886578	0.0000011
all	2584	1	886578	0.0000011
all	2585	3	886578	0.0000034
all	2586	2	886578	0.0000023
all	2587	1	886578	0.0000011
all	2588	2	886578	0.0000023
all	2590	1	886578	0.0000011
all	2591	1	886578	0.0000011
all	2592	1	886578	0.0000011
all	2593	1	886578	0.0000011
all	2596	2	886578	0.0000023
all	2599	2	886578	0.0000023
all	2601	2	886578	0.0000023
all	2602	1	886578	0.0000011
all	2604	1	886578	0.0000011
all	2605	1	886578	0.0000011
all	2607	1	886578	0.0000011
all	2608	1	886578	0.0000011
all	2610	1	886578	0.0000011
all	2612	2	886578	0.0000023
all	2614	2	886578	0.0000023
all	2615	2	886578	0.0000023
all	2617	3	886578	0.0000034
all	2618	3	886578	0.0000034
all	2619	3	886578	0.0000034
all	2620	3	886578	0.0000034
all	2622	2	886578	0.0000023
all	2623	3	886578	0.0000034
all	2625	2	886578	0.0000023
all	2626	2	886578	0.0000023
all	2627	3	886578	0.0000034
all	2628	2	886578	0.0000023
all	2629	2	886578	0.0000023
all	2631	2	886578	0.0000023
all	2633	3	886578	0.0000034
all	2634	4	886578	0.0000045
all	2635	2	886578	0.0000023
all	2637	3	886578	0.0000034
all	2638	2	886578	0.0000023
all	2639	1	886578	0.0000011
all	2640	1	886578	0.0000011
all	2641	3	886578	0.0000034
all	2642	1	886578	0.0000011
all	2643	1	886578	0.0000011
all	2644	2	886578	0.0000023
all	2646	1	886578	0.0000011
all	2647	2	886578	0.0000023
all	2648	2	886578	0.0000023
all	2649	3	886578	0.0000034
all	2650	2	886578	0.0000023
all	2651	6	886578	0.0000068
all	2652	6	886578	0.0000068
all	2653	1	886578	0.0000011
all	2655	2	886578	0.0000023
all	2656	4	886578	0.0000045
all	2657	2	886578	0.0000023
all	2658	2	886578	0.0000023
all	2659	1	886578	0.0000011
all	2660	1	886578	0.0000011
all	2661	2	886578	0.0000023
all	2664	2	886578	0.0000023
all	2666	1	886578	0.0000011
all	2667	2	886578	0.0000023
all	2668	1	886578	0.0000011
all	2669	2	886578	0.0000023
all	2673	1	886578	0.0000011
all	2674	2	886578	0.0000023
all	2675	1	886578	0.0000011
all	2677	1	886578	0.0000011
all	2678	2	886578	0.0000023
all	2679	1	886578	0.0000011
all	2680	4	886578	0.0000045
all	2681	1	886578	0.0000011
all	2685	1	886578	0.0000011
all	2686	1	886578	0.0000011
all	2687	3	886578	0.0000034
all	2690	1	886578	0.0000011
all	2692	1	886578	0.0000011
all	2693	1	886578	0.0000011
all	2694	1	886578	0.0000011
all	2695	1	886578	0.0000011
all	2696	1	886578	0.0000011
all	2697	1	886578	0.0000011
all	2699	1	886578	0.0000011
all	2702	1	886578	0.0000011
all	2703	1	886578	0.0000011
all	2704	1	886578	0.0000011
all	2705	2	886578	0.0000023
all	2706	1	886578	0.0000011
all	2708	2	886578	0.0000023
all	2709	1	886578	0.0000011
all	2710	2	886578	0.0000023
all	2712	2	886578	0.0000023
all	2716	1	886578	0.0000011
all	2717	1	886578	0.0000011
all	2719	1	886578	0.0000011
all	2720	1	886578	0.0000011
all	2721	1	886578	0.0000011
all	2722	1	886578	0.0000011
all	2725	2	886578	0.0000023
all	2727	2	886578	0.0000023
all	2728	2	886578	0.0000023
all	2729	1	886578	0.0000011
all	2731	2	886578	0.0000023
all	2732	1	886578	0.0000011
all	2733	1	886578	0.0000011
all	2735	3	886578	0.0000034
all	2740	2	886578	0.0000023
all	2741	1	886578	0.0000011
all	2743	1	886578	0.0000011
all	2744	1	886578	0.0000011
all	2745	1	886578	0.0000011
all	2746	2	886578	0.0000023
all	2748	1	886578	0.0000011
all	2752	3	886578	0.0000034
all	2753	3	886578	0.0000034
all	2755	1	886578	0.0000011
all	2756	2	886578	0.0000023
all	2757	1	886578	0.0000011
all	2759	1	886578	0.0000011
all	2760	2	886578	0.0000023
all	2761	1	886578	0.0000011
all	2762	1	886578	0.0000011
all	2764	1	886578	0.0000011
all	2765	1	886578	0.0000011
all	2769	1	886578	0.0000011
all	2770	2	886578	0.0000023
all	2771	1	886578	0.0000011
all	2774	2	886578	0.0000023
all	2776	1	886578	0.0000011
all	2777	1	886578	0.0000011
all	2779	4	886578	0.0000045
all	2782	1	886578	0.0000011
all	2783	1	886578	0.0000011
all	2784	2	886578	0.0000023
all	2785	1	886578	0.0000011
all	2786	1	886578	0.0000011
all	2787	1	886578	0.0000011
all	2788	1	886578	0.0000011
all	2789	1	886578	0.0000011
all	2790	1	886578	0.0000011
all	2791	1	886578	0.0000011
all	2792	2	886578	0.0000023
all	2793	1	886578	0.0000011
all	2794	2	886578	0.0000023
all	2795	1	886578	0.0000011
all	2796	2	886578	0.0000023
all	2797	1	886578	0.0000011
all	2799	1	886578	0.0000011
all	2800	1	886578	0.0000011
all	2801	1	886578	0.0000011
all	2802	1	886578	0.0000011
all	2803	2	886578	0.0000023
all	2804	1	886578	0.0000011
all	2805	2	886578	0.0000023
all	2806	3	886578	0.0000034
all	2807	1	886578	0.0000011
all	2808	1	886578	0.0000011
all	2810	1	886578	0.0000011
all	2813	1	886578	0.0000011
all	2814	1	886578	0.0000011
all	2815	3	886578	0.0000034
all	2816	1	886578	0.0000011
all	2819	1	886578	0.0000011
all	2820	2	886578	0.0000023
all	2821	1	886578	0.0000011
all	2823	4	886578	0.0000045
all	2826	3	886578	0.0000034
all	2827	6	886578	0.0000068
all	2828	1	886578	0.0000011
all	2830	1	886578	0.0000011
all	2831	2	886578	0.0000023
all	2833	3	886578	0.0000034
all	2835	2	886578	0.0000023
all	2836	1	886578	0.0000011
all	2837	2	886578	0.0000023
all	2838	1	886578	0.0000011
all	2839	3	886578	0.0000034
all	2840	2	886578	0.0000023
all	2841	3	886578	0.0000034
all	2842	4	886578	0.0000045
all	2843	1	886578	0.0000011
all	2844	1	886578	0.0000011
all	2845	1	886578	0.0000011
all	2846	3	886578	0.0000034
all	2847	3	886578	0.0000034
all	2848	2	886578	0.0000023
all	2849	3	886578	0.0000034
all	2850	2	886578	0.0000023
all	2851	2	886578	0.0000023
all	2852	2	886578	0.0000023
all	2853	4	886578	0.0000045
all	2854	1	886578	0.0000011
all	2855	3	886578	0.0000034
all	2856	2	886578	0.0000023
all	2857	1	886578	0.0000011
all	2858	1	886578	0.0000011
all	2859	2	886578	0.0000023
all	2861	1	886578	0.0000011
all	2862	1	886578	0.0000011
all	2863	2	886578	0.0000023
all	2865	2	886578	0.0000023
all	2866	1	886578	0.0000011
all	2867	2	886578	0.0000023
all	2868	1	886578	0.0000011
all	2869	2	886578	0.0000023
all	2870	1	886578	0.0000011
all	2872	2	886578	0.0000023
all	2873	2	886578	0.0000023
all	2874	4	886578	0.0000045
all	2878	1	886578	0.0000011
all	2879	1	886578	0.0000011
all	2880	1	886578	0.0000011
all	2881	1	886578	0.0000011
all	2882	2	886578	0.0000023
all	2884	1	886578	0.0000011
all	2885	2	886578	0.0000023
all	2886	2	886578	0.0000023
all	2887	3	886578	0.0000034
all	2888	2	886578	0.0000023
all	2890	2	886578	0.0000023
all	2891	1	886578	0.0000011
all	2893	2	886578	0.0000023
all	2894	1	886578	0.0000011
all	2895	1	886578	0.0000011
all	2896	1	886578	0.0000011
all	2898	1	886578	0.0000011
all	2899	2	886578	0.0000023
all	2901	2	886578	0.0000023
all	2902	2	886578	0.0000023
all	2903	2	886578	0.0000023
all	2904	2	886578	0.0000023
all	2905	2	886578	0.0000023
all	2906	3	886578	0.0000034
all	2907	1	886578	0.0000011
all	2908	4	886578	0.0000045
all	2909	3	886578	0.0000034
all	2910	2	886578	0.0000023
all	2911	3	886578	0.0000034
all	2912	1	886578	0.0000011
all	2916	3	886578	0.0000034
all	2918	1	886578	0.0000011
all	2923	1	886578	0.0000011
all	2925	1	886578	0.0000011
all	2927	2	886578	0.0000023
all	2930	2	886578	0.0000023
all	2931	1	886578	0.0000011
all	2932	1	886578	0.0000011
all	2933	3	886578	0.0000034
all	2934	4	886578	0.0000045
all	2935	1	886578	0.0000011
all	2936	3	886578	0.0000034
all	2937	5	886578	0.0000056
all	2938	4	886578	0.0000045
all	2939	4	886578	0.0000045
all	2940	1	886578	0.0000011
all	2941	2	886578	0.0000023
all	2943	1	886578	0.0000011
all	2944	1	886578	0.0000011
all	2949	1	886578	0.0000011
all	2950	3	886578	0.0000034
all	2951	2	886578	0.0000023
all	2952	2	886578	0.0000023
all	2953	2	886578	0.0000023
all	2954	1	886578	0.0000011
all	2957	1	886578	0.0000011
all	2960	3	886578	0.0000034
all	2962	1	886578	0.0000011
all	2964	4	886578	0.0000045
all	2966	3	886578	0.0000034
all	2967	1	886578	0.0000011
all	2969	2	886578	0.0000023
all	2970	3	886578	0.0000034
all	2972	1	886578	0.0000011
all	2973	1	886578	0.0000011
all	2975	1	886578	0.0000011
all	2976	2	886578	0.0000023
all	2977	2	886578	0.0000023
all	2978	1	886578	0.0000011
all	2979	1	886578	0.0000011
all	2980	1	886578	0.0000011
all	2981	1	886578	0.0000011
all	2982	2	886578	0.0000023
all	2984	2	886578	0.0000023
all	2985	1	886578	0.0000011
all	2986	2	886578	0.0000023
all	2987	2	886578	0.0000023
all	2988	1	886578	0.0000011
all	2989	1	886578	0.0000011
all	2992	1	886578	0.0000011
all	2995	1	886578	0.0000011
all	2996	1	886578	0.0000011
all	2997	1	886578	0.0000011
all	2999	1	886578	0.0000011
all	3000	4	886578	0.0000045
all	3001	3	886578	0.0000034
all	3002	2	886578	0.0000023
all	3004	1	886578	0.0000011
all	3005	2	886578	0.0000023
all	3006	2	886578	0.0000023
all	3007	1	886578	0.0000011
all	3008	1	886578	0.0000011
all	3010	1	886578	0.0000011
all	3012	4	886578	0.0000045
all	3013	3	886578	0.0000034
all	3015	1	886578	0.0000011
all	3016	1	886578	0.0000011
all	3017	2	886578	0.0000023
all	3018	1	886578	0.0000011
all	3022	1	886578	0.0000011
all	3025	1	886578	0.0000011
all	3026	1	886578	0.0000011
all	3027	2	886578	0.0000023
all	3028	1	886578	0.0000011
all	3031	2	886578	0.0000023
all	3032	1	886578	0.0000011
all	3033	1	886578	0.0000011
all	3034	1	886578	0.0000011
all	3035	2	886578	0.0000023
all	3036	1	886578	0.0000011
all	3037	1	886578	0.0000011
all	3040	1	886578	0.0000011
all	3041	1	886578	0.0000011
all	3042	2	886578	0.0000023
all	3043	1	886578	0.0000011
all	3044	1	886578	0.0000011
all	3045	1	886578	0.0000011
all	3047	2	886578	0.0000023
all	3048	1	886578	0.0000011
all	3051	2	886578	0.0000023
all	3055	1	886578	0.0000011
all	3056	1	886578	0.0000011
all	3057	2	886578	0.0000023
all	3062	3	886578	0.0000034
all	3063	1	886578	0.0000011
all	3064	2	886578	0.0000023
all	3065	2	886578	0.0000023
all	3066	1	886578	0.0000011
all	3068	1	886578	0.0000011
all	3070	1	886578	0.0000011
all	3071	1	886578	0.0000011
all	3072	2	886578	0.0000023
all	3074	1	886578	0.0000011
all	3075	1	886578	0.0000011
all	3076	2	886578	0.0000023
all	3077	1	886578	0.0000011
all	3078	2	886578	0.0000023
all	3079	1	886578	0.0000011
all	3080	1	886578	0.0000011
all	3081	1	886578	0.0000011
all	3082	1	886578	0.0000011
all	3084	2	886578	0.0000023
all	3085	3	886578	0.0000034
all	3087	3	886578	0.0000034
all	3088	1	886578	0.0000011
all	3089	1	886578	0.0000011
all	3091	2	886578	0.0000023
all	3093	1	886578	0.0000011
all	3095	2	886578	0.0000023
all	3096	2	886578	0.0000023
all	3097	2	886578	0.0000023
all	3098	1	886578	0.0000011
all	3100	3	886578	0.0000034
all	3101	1	886578	0.0000011
all	3102	5	886578	0.0000056
all	3103	2	886578	0.0000023
all	3104	1	886578	0.0000011
all	3105	2	886578	0.0000023
all	3106	3	886578	0.0000034
all	3107	1	886578	0.0000011
all	3108	2	886578	0.0000023
all	3109	1	886578	0.0000011
all	3110	1	886578	0.0000011
all	3116	3	886578	0.0000034
all	3118	2	886578	0.0000023
all	3119	1	886578	0.0000011
all	3122	1	886578	0.0000011
all	3123	2	886578	0.0000023
all	3124	3	886578	0.0000034
all	3125	1	886578	0.0000011
all	3126	1	886578	0.0000011
all	3127	1	886578	0.0000011
all	3128	1	886578	0.0000011
all	3130	2	886578	0.0000023
all	3131	2	886578	0.0000023
all	3132	1	886578	0.0000011
all	3136	1	886578	0.0000011
all	3140	2	886578	0.0000023
all	3141	1	886578	0.0000011
all	3142	1	886578	0.0000011
all	3143	2	886578	0.0000023
all	3144	1	886578	0.0000011
all	3146	1	886578	0.0000011
all	3147	2	886578	0.0000023
all	3150	2	886578	0.0000023
all	3152	3	886578	0.0000034
all	3153	3	886578	0.0000034
all	3154	1	886578	0.0000011
all	3156	1	886578	0.0000011
all	3157	2	886578	0.0000023
all	3158	1	886578	0.0000011
all	3159	1	886578	0.0000011
all	3160	1	886578	0.0000011
all	3162	1	886578	0.0000011
all	3163	5	886578	0.0000056
all	3164	1	886578	0.0000011
all	3165	2	886578	0.0000023
all	3166	1	886578	0.0000011
all	3167	2	886578	0.0000023
all	3171	1	886578	0.0000011
all	3172	1	886578	0.0000011
all	3175	2	886578	0.0000023
all	3176	1	886578	0.0000011
all	3177	1	886578	0.0000011
all	3178	1	886578	0.0000011
all	3179	1	886578	0.0000011
all	3182	1	886578	0.0000011
all	3184	6	886578	0.0000068
all	3186	1	886578	0.0000011
all	3187	4	886578	0.0000045
all	3188	1	886578	0.0000011
all	3189	2	886578	0.0000023
all	3191	2	886578	0.0000023
all	3192	3	886578	0.0000034
all	3194	2	886578	0.0000023
all	3196	1	886578	0.0000011
all	3198	2	886578	0.0000023
all	3199	2	886578	0.0000023
all	3200	2	886578	0.0000023
all	3201	1	886578	0.0000011
all	3202	2	886578	0.0000023
all	3204	4	886578	0.0000045
all	3205	2	886578	0.0000023
all	3206	2	886578	0.0000023
all	3207	3	886578	0.0000034
all	3208	1	886578	0.0000011
all	3210	1	886578	0.0000011
all	3211	1	886578	0.0000011
all	3215	1	886578	0.0000011
all	3217	2	886578	0.0000023
all	3218	1	886578	0.0000011
all	3219	1	886578	0.0000011
all	3220	3	886578	0.0000034
all	3221	2	886578	0.0000023
all	3224	1	886578	0.0000011
all	3225	1	886578	0.0000011
all	3227	2	886578	0.0000023
all	3228	3	886578	0.0000034
all	3229	1	886578	0.0000011
all	3230	2	886578	0.0000023
all	3232	1	886578	0.0000011
all	3235	2	886578	0.0000023
all	3236	2	886578	0.0000023
all	3237	3	886578	0.0000034
all	3238	6	886578	0.0000068
all	3239	1	886578	0.0000011
all	3240	2	886578	0.0000023
all	3242	2	886578	0.0000023
all	3243	5	886578	0.0000056
all	3244	2	886578	0.0000023
all	3245	1	886578	0.0000011
all	3246	2	886578	0.0000023
all	3249	3	886578	0.0000034
all	3250	1	886578	0.0000011
all	3254	1	886578	0.0000011
all	3255	2	886578	0.0000023
all	3256	1	886578	0.0000011
all	3258	7	886578	0.0000079
all	3259	3	886578	0.0000034
all	3261	4	886578	0.0000045
all	3262	1	886578	0.0000011
all	3263	1	886578	0.0000011
all	3264	1	886578	0.0000011
all	3265	1	886578	0.0000011
all	3269	3	886578	0.0000034
all	3270	1	886578	0.0000011
all	3271	2	886578	0.0000023
all	3272	1	886578	0.0000011
all	3275	1	886578	0.0000011
all	3276	2	886578	0.0000023
all	3277	1	886578	0.0000011
all	3280	2	886578	0.0000023
all	3281	3	886578	0.0000034
all	3282	5	886578	0.0000056
all	3286	1	886578	0.0000011
all	3288	2	886578	0.0000023
all	3289	1	886578	0.0000011
all	3291	2	886578	0.0000023
all	3294	3	886578	0.0000034
all	3295	1	886578	0.0000011
all	3297	1	886578	0.0000011
all	3298	1	886578	0.0000011
all	3299	2	886578	0.0000023
all	3300	2	886578	0.0000023
all	3301	3	886578	0.0000034
all	3303	3	886578	0.0000034
all	3304	1	886578	0.0000011
all	3306	1	886578	0.0000011
all	3307	2	886578	0.0000023
all	3309	1	886578	0.0000011
all	3310	1	886578	0.0000011
all	3311	2	886578	0.0000023
all	3312	1	886578	0.0000011
all	3313	1	886578	0.0000011
all	3315	1	886578	0.0000011
all	3316	3	886578	0.0000034
all	3317	2	886578	0.0000023
all	3318	1	886578	0.0000011
all	3319	1	886578	0.0000011
all	3320	1	886578	0.0000011
all	3322	1	886578	0.0000011
all	3323	2	886578	0.0000023
all	3324	1	886578	0.0000011
all	3325	1	886578	0.0000011
all	3327	3	886578	0.0000034
all	3328	2	886578	0.0000023
all	3329	1	886578	0.0000011
all	3332	1	886578	0.0000011
all	3335	1	886578	0.0000011
all	3336	3	886578	0.0000034
all	3339	3	886578	0.0000034
all	3342	3	886578	0.0000034
all	3344	2	886578	0.0000023
all	3346	1	886578	0.0000011
all	3347	1	886578	0.0000011
all	3348	1	886578	0.0000011
all	3351	1	886578	0.0000011
all	3353	2	886578	0.0000023
all	3354	2	886578	0.0000023
all	3355	1	886578	0.0000011
all	3356	1	886578	0.0000011
all	3357	2	886578	0.0000023
all	3359	1	886578	0.0000011
all	3362	2	886578	0.0000023
all	3363	1	886578	0.0000011
all	3364	1	886578	0.0000011
all	3365	1	886578	0.0000011
all	3366	2	886578	0.0000023
all	3368	1	886578	0.0000011
all	3369	2	886578	0.0000023
all	3371	2	886578	0.0000023
all	3375	2	886578	0.0000023
all	3376	1	886578	0.0000011
all	3377	1	886578	0.0000011
all	3378	1	886578	0.0000011
all	3381	2	886578	0.0000023
all	3382	2	886578	0.0000023
all	3383	1	886578	0.0000011
all	3384	1	886578	0.0000011
all	3386	2	886578	0.0000023
all	3389	1	886578	0.0000011
all	3390	1	886578	0.0000011
all	3393	1	886578	0.0000011
all	3397	3	886578	0.0000034
all	3398	1	886578	0.0000011
all	3399	1	886578	0.0000011
all	3401	3	886578	0.0000034
all	3402	1	886578	0.0000011
all	3403	2	886578	0.0000023
all	3404	1	886578	0.0000011
all	3405	2	886578	0.0000023
all	3406	2	886578	0.0000023
all	3408	1	886578	0.0000011
all	3409	1	886578	0.0000011
all	3410	4	886578	0.0000045
all	3411	1	886578	0.0000011
all	3413	1	886578	0.0000011
all	3414	2	886578	0.0000023
all	3415	1	886578	0.0000011
all	3417	3	886578	0.0000034
all	3418	1	886578	0.0000011
all	3419	1	886578	0.0000011
all	3420	2	886578	0.0000023
all	3421	3	886578	0.0000034
all	3422	1	886578	0.0000011
all	3424	2	886578	0.0000023
all	3425	2	886578	0.0000023
all	3426	1	886578	0.0000011
all	3427	1	886578	0.0000011
all	3428	3	886578	0.0000034
all	3429	2	886578	0.0000023
all	3430	2	886578	0.0000023
all	3431	1	886578	0.0000011
all	3432	1	886578	0.0000011
all	3435	1	886578	0.0000011
all	3436	2	886578	0.0000023
all	3438	1	886578	0.0000011
all	3440	2	886578	0.0000023
all	3441	2	886578	0.0000023
all	3442	1	886578	0.0000011
all	3444	1	886578	0.0000011
all	3445	1	886578	0.0000011
all	3446	2	886578	0.0000023
all	3448	1	886578	0.0000011
all	3449	1	886578	0.0000011
all	3450	1	886578	0.0000011
all	3452	2	886578	0.0000023
all	3454	2	886578	0.0000023
all	3455	1	886578	0.0000011
all	3458	2	886578	0.0000023
all	3459	2	886578	0.0000023
all	3460	2	886578	0.0000023
all	3463	1	886578	0.0000011
all	3465	2	886578	0.0000023
all	3466	1	886578	0.0000011
all	3467	2	886578	0.0000023
all	3468	2	886578	0.0000023
all	3470	2	886578	0.0000023
all	3471	1	886578	0.0000011
all	3473	2	886578	0.0000023
all	3474	1	886578	0.0000011
all	3478	1	886578	0.0000011
all	3479	1	886578	0.0000011
all	3480	2	886578	0.0000023
all	3482	2	886578	0.0000023
all	3483	1	886578	0.0000011
all	3485	1	886578	0.0000011
all	3488	2	886578	0.0000023
all	3491	1	886578	0.0000011
all	3492	2	886578	0.0000023
all	3494	3	886578	0.0000034
all	3495	3	886578	0.0000034
all	3496	3	886578	0.0000034
all	3497	2	886578	0.0000023
all	3498	1	886578	0.0000011
all	3502	2	886578	0.0000023
all	3504	3	886578	0.0000034
all	3507	1	886578	0.0000011
all	3510	3	886578	0.0000034
all	3513	1	886578	0.0000011
all	3514	2	886578	0.0000023
all	3516	1	886578	0.0000011
all	3517	1	886578	0.0000011
all	3519	1	886578	0.0000011
all	3522	1	886578	0.0000011
all	3523	1	886578	0.0000011
all	3524	1	886578	0.0000011
all	3526	1	886578	0.0000011
all	3527	2	886578	0.0000023
all	3529	1	886578	0.0000011
all	3532	1	886578	0.0000011
all	3533	1	886578	0.0000011
all	3537	1	886578	0.0000011
all	3538	2	886578	0.0000023
all	3542	2	886578	0.0000023
all	3543	1	886578	0.0000011
all	3545	1	886578	0.0000011
all	3548	1	886578	0.0000011
all	3549	2	886578	0.0000023
all	3551	2	886578	0.0000023
all	3555	2	886578	0.0000023
all	3556	1	886578	0.0000011
all	3558	1	886578	0.0000011
all	3559	2	886578	0.0000023
all	3561	1	886578	0.0000011
all	3562	1	886578	0.0000011
all	3563	1	886578	0.0000011
all	3564	1	886578	0.0000011
all	3565	1	886578	0.0000011
all	3566	2	886578	0.0000023
all	3567	2	886578	0.0000023
all	3569	2	886578	0.0000023
all	3572	2	886578	0.0000023
all	3573	1	886578	0.0000011
all	3574	2	886578	0.0000023
all	3575	2	886578	0.0000023
all	3576	2	886578	0.0000023
all	3577	2	886578	0.0000023
all	3580	2	886578	0.0000023
all	3582	1	886578	0.0000011
all	3583	3	886578	0.0000034
all	3584	2	886578	0.0000023
all	3585	1	886578	0.0000011
all	3587	2	886578	0.0000023
all	3590	1	886578	0.0000011
all	3593	1	886578	0.0000011
all	3594	1	886578	0.0000011
all	3597	1	886578	0.0000011
all	3599	2	886578	0.0000023
all	3600	1	886578	0.0000011
all	3604	1	886578	0.0000011
all	3605	2	886578	0.0000023
all	3608	1	886578	0.0000011
all	3611	1	886578	0.0000011
all	3612	1	886578	0.0000011
all	3613	3	886578	0.0000034
all	3614	3	886578	0.0000034
all	3615	1	886578	0.0000011
all	3616	2	886578	0.0000023
all	3617	1	886578	0.0000011
all	3618	2	886578	0.0000023
all	3619	1	886578	0.0000011
all	3621	1	886578	0.0000011
all	3622	1	886578	0.0000011
all	3624	1	886578	0.0000011
all	3625	1	886578	0.0000011
all	3626	4	886578	0.0000045
all	3628	1	886578	0.0000011
all	3629	1	886578	0.0000011
all	3630	3	886578	0.0000034
all	3631	2	886578	0.0000023
all	3632	1	886578	0.0000011
all	3633	2	886578	0.0000023
all	3634	1	886578	0.0000011
all	3635	1	886578	0.0000011
all	3636	1	886578	0.0000011
all	3637	2	886578	0.0000023
all	3644	1	886578	0.0000011
all	3647	3	886578	0.0000034
all	3650	1	886578	0.0000011
all	3651	1	886578	0.0000011
all	3652	1	886578	0.0000011
all	3653	1	886578	0.0000011
all	3654	2	886578	0.0000023
all	3655	2	886578	0.0000023
all	3656	2	886578	0.0000023
all	3657	1	886578	0.0000011
all	3658	1	886578	0.0000011
all	3659	1	886578	0.0000011
all	3660	1	886578	0.0000011
all	3661	2	886578	0.0000023
all	3663	1	886578	0.0000011
all	3665	2	886578	0.0000023
all	3666	4	886578	0.0000045
all	3668	2	886578	0.0000023
all	3669	2	886578	0.0000023
all	3670	1	886578	0.0000011
all	3671	3	886578	0.0000034
all	3672	2	886578	0.0000023
all	3673	3	886578	0.0000034
all	3675	2	886578	0.0000023
all	3676	1	886578	0.0000011
all	3678	3	886578	0.0000034
all	3679	1	886578	0.0000011
all	3680	1	886578	0.0000011
all	3681	1	886578	0.0000011
all	3684	1	886578	0.0000011
all	3687	4	886578	0.0000045
all	3690	2	886578	0.0000023
all	3691	2	886578	0.0000023
all	3692	1	886578	0.0000011
all	3695	3	886578	0.0000034
all	3697	3	886578	0.0000034
all	3701	1	886578	0.0000011
all	3702	1	886578	0.0000011
all	3703	1	886578	0.0000011
all	3705	2	886578	0.0000023
all	3709	1	886578	0.0000011
all	3711	1	886578	0.0000011
all	3712	1	886578	0.0000011
all	3713	2	886578	0.0000023
all	3714	2	886578	0.0000023
all	3715	1	886578	0.0000011
all	3717	1	886578	0.0000011
all	3718	1	886578	0.0000011
all	3719	2	886578	0.0000023
all	3720	2	886578	0.0000023
all	3721	3	886578	0.0000034
all	3722	2	886578	0.0000023
all	3723	1	886578	0.0000011
all	3724	1	886578	0.0000011
all	3725	1	886578	0.0000011
all	3726	1	886578	0.0000011
all	3727	2	886578	0.0000023
all	3729	6	886578	0.0000068
all	3730	1	886578	0.0000011
all	3731	1	886578	0.0000011
all	3732	1	886578	0.0000011
all	3733	2	886578	0.0000023
all	3734	2	886578	0.0000023
all	3735	1	886578	0.0000011
all	3736	1	886578	0.0000011
all	3737	1	886578	0.0000011
all	3738	1	886578	0.0000011
all	3739	2	886578	0.0000023
all	3740	1	886578	0.0000011
all	3743	3	886578	0.0000034
all	3744	1	886578	0.0000011
all	3745	1	886578	0.0000011
all	3747	1	886578	0.0000011
all	3748	1	886578	0.0000011
all	3749	1	886578	0.0000011
all	3752	1	886578	0.0000011
all	3753	1	886578	0.0000011
all	3754	1	886578	0.0000011
all	3755	1	886578	0.0000011
all	3757	1	886578	0.0000011
all	3758	2	886578	0.0000023
all	3760	1	886578	0.0000011
all	3762	3	886578	0.0000034
all	3764	1	886578	0.0000011
all	3765	2	886578	0.0000023
all	3769	2	886578	0.0000023
all	3770	2	886578	0.0000023
all	3774	1	886578	0.0000011
all	3776	3	886578	0.0000034
all	3777	1	886578	0.0000011
all	3779	1	886578	0.0000011
all	3780	1	886578	0.0000011
all	3781	1	886578	0.0000011
all	3782	2	886578	0.0000023
all	3784	2	886578	0.0000023
all	3785	1	886578	0.0000011
all	3786	3	886578	0.0000034
all	3787	2	886578	0.0000023
all	3788	2	886578	0.0000023
all	3789	2	886578	0.0000023
all	3790	1	886578	0.0000011
all	3791	2	886578	0.0000023
all	3792	1	886578	0.0000011
all	3793	4	886578	0.0000045
all	3794	1	886578	0.0000011
all	3795	1	886578	0.0000011
all	3796	1	886578	0.0000011
all	3797	1	886578	0.0000011
all	3799	1	886578	0.0000011
all	3800	1	886578	0.0000011
all	3801	3	886578	0.0000034
all	3802	1	886578	0.0000011
all	3803	1	886578	0.0000011
all	3804	3	886578	0.0000034
all	3805	1	886578	0.0000011
all	3806	1	886578	0.0000011
all	3808	3	886578	0.0000034
all	3809	3	886578	0.0000034
all	3810	1	886578	0.0000011
all	3811	1	886578	0.0000011
all	3813	1	886578	0.0000011
all	3817	2	886578	0.0000023
all	3819	1	886578	0.0000011
all	3820	1	886578	0.0000011
all	3822	1	886578	0.0000011
all	3823	1	886578	0.0000011
all	3824	1	886578	0.0000011
all	3825	2	886578	0.0000023
all	3826	1	886578	0.0000011
all	3827	2	886578	0.0000023
all	3828	1	886578	0.0000011
all	3829	1	886578	0.0000011
all	3832	1	886578	0.0000011
all	3833	1	886578	0.0000011
all	3835	1	886578	0.0000011
all	3836	1	886578	0.0000011
all	3837	1	886578	0.0000011
all	3838	1	886578	0.0000011
all	3840	3	886578	0.0000034
all	3843	3	886578	0.0000034
all	3844	2	886578	0.0000023
all	3845	1	886578	0.0000011
all	3848	1	886578	0.0000011
all	3849	1	886578	0.0000011
all	3850	1	886578	0.0000011
all	3852	1	886578	0.0000011
all	3853	3	886578	0.0000034
all	3854	2	886578	0.0000023
all	3858	1	886578	0.0000011
all	3860	1	886578	0.0000011
all	3862	1	886578	0.0000011
all	3863	1	886578	0.0000011
all	3865	3	886578	0.0000034
all	3870	2	886578	0.0000023
all	3872	1	886578	0.0000011
all	3873	1	886578	0.0000011
all	3876	1	886578	0.0000011
all	3879	1	886578	0.0000011
all	3881	2	886578	0.0000023
all	3883	1	886578	0.0000011
all	3884	1	886578	0.0000011
all	3886	1	886578	0.0000011
all	3887	1	886578	0.0000011
all	3888	1	886578	0.0000011
all	3901	1	886578	0.0000011
all	3905	2	886578	0.0000023
all	3911	1	886578	0.0000011
all	3913	1	886578	0.0000011
all	3914	1	886578	0.0000011
all	3915	1	886578	0.0000011
all	3916	2	886578	0.0000023
all	3918	1	886578	0.0000011
all	3919	1	886578	0.0000011
all	3922	1	886578	0.0000011
all	3925	1	886578	0.0000011
all	3931	1	886578	0.0000011
all	3932	1	886578	0.0000011
all	3935	1	886578	0.0000011
all	3939	2	886578	0.0000023
all	3940	1	886578	0.0000011
all	3942	1	886578	0.0000011
all	3943	1	886578	0.0000011
all	3945	1	886578	0.0000011
all	3949	1	886578	0.0000011
all	3950	1	886578	0.0000011
all	3951	1	886578	0.0000011
all	3956	2	886578	0.0000023
all	3957	1	886578	0.0000011
all	3958	2	886578	0.0000023
all	3959	1	886578	0.0000011
all	3962	1	886578	0.0000011
all	3964	3	886578	0.0000034
all	3970	1	886578	0.0000011
all	3971	2	886578	0.0000023
all	3972	1	886578	0.0000011
all	3973	2	886578	0.0000023
all	3974	1	886578	0.0000011
all	3976	1	886578	0.0000011
all	3978	1	886578	0.0000011
all	3979	1	886578	0.0000011
all	3980	1	886578	0.0000011
all	3987	1	886578	0.0000011
all	3989	1	886578	0.0000011
all	3990	2	886578	0.0000023
all	3993	1	886578	0.0000011
all	3995	1	886578	0.0000011
all	3997	1	886578	0.0000011
all	4001	1	886578	0.0000011
all	4003	1	886578	0.0000011
all	4004	1	886578	0.0000011
all	4006	1	886578	0.0000011
all	4013	1	886578	0.0000011
all	4019	2	886578	0.0000023
all	4020	3	886578	0.0000034
all	4022	1	886578	0.0000011
all	4023	1	886578	0.0000011
all	4026	1	886578	0.0000011
all	4027	1	886578	0.0000011
all	4029	1	886578	0.0000011
all	4033	1	886578	0.0000011
all	4037	1	886578	0.0000011
all	4042	1	886578	0.0000011
all	4043	1	886578	0.0000011
all	4044	2	886578	0.0000023
all	4048	1	886578	0.0000011
all	4049	2	886578	0.0000023
all	4051	2	886578	0.0000023
all	4052	1	886578	0.0000011
all	4054	1	886578	0.0000011
all	4060	2	886578	0.0000023
all	4061	1	886578	0.0000011
all	4063	1	886578	0.0000011
all	4064	1	886578	0.0000011
all	4065	2	886578	0.0000023
all	4067	1	886578	0.0000011
all	4075	1	886578	0.0000011
all	4076	3	886578	0.0000034
all	4078	2	886578	0.0000023
all	4080	1	886578	0.0000011
all	4084	1	886578	0.0000011
all	4086	1	886578	0.0000011
all	4088	2	886578	0.0000023
all	4092	1	886578	0.0000011
all	4093	1	886578	0.0000011
all	4097	1	886578	0.0000011
all	4099	1	886578	0.0000011
all	4102	2	886578	0.0000023
all	4103	4	886578	0.0000045
all	4104	2	886578	0.0000023
all	4105	3	886578	0.0000034
all	4107	1	886578	0.0000011
all	4108	2	886578	0.0000023
all	4111	1	886578	0.0000011
all	4115	2	886578	0.0000023
all	4118	2	886578	0.0000023
all	4120	2	886578	0.0000023
all	4123	2	886578	0.0000023
all	4124	1	886578	0.0000011
all	4125	3	886578	0.0000034
all	4126	3	886578	0.0000034
all	4127	2	886578	0.0000023
all	4128	1	886578	0.0000011
all	4129	1	886578	0.0000011
all	4130	1	886578	0.0000011
all	4131	1	886578	0.0000011
all	4132	1	886578	0.0000011
all	4143	1	886578	0.0000011
all	4149	3	886578	0.0000034
all	4152	1	886578	0.0000011
all	4154	2	886578	0.0000023
all	4158	1	886578	0.0000011
all	4163	1	886578	0.0000011
all	4165	2	886578	0.0000023
all	4167	3	886578	0.0000034
all	4169	1	886578	0.0000011
all	4170	2	886578	0.0000023
all	4174	1	886578	0.0000011
all	4176	1	886578	0.0000011
all	4177	1	886578	0.0000011
all	4179	2	886578	0.0000023
all	4180	1	886578	0.0000011
all	4185	2	886578	0.0000023
all	4186	1	886578	0.0000011
all	4187	2	886578	0.0000023
all	4188	1	886578	0.0000011
all	4189	1	886578	0.0000011
all	4190	1	886578	0.0000011
all	4192	1	886578	0.0000011
all	4193	1	886578	0.0000011
all	4194	2	886578	0.0000023
all	4195	1	886578	0.0000011
all	4196	1	886578	0.0000011
all	4197	1	886578	0.0000011
all	4198	1	886578	0.0000011
all	4199	1	886578	0.0000011
all	4201	1	886578	0.0000011
all	4202	1	886578	0.0000011
all	4204	1	886578	0.0000011
all	4207	1	886578	0.0000011
all	4209	2	886578	0.0000023
all	4211	2	886578	0.0000023
all	4212	1	886578	0.0000011
all	4213	1	886578	0.0000011
all	4214	1	886578	0.0000011
all	4216	1	886578	0.0000011
all	4217	2	886578	0.0000023
all	4218	1	886578	0.0000011
all	4219	1	886578	0.0000011
all	4220	1	886578	0.0000011
all	4222	1	886578	0.0000011
all	4225	1	886578	0.0000011
all	4226	1	886578	0.0000011
all	4228	1	886578	0.0000011
all	4230	3	886578	0.0000034
all	4233	1	886578	0.0000011
all	4234	1	886578	0.0000011
all	4238	1	886578	0.0000011
all	4241	1	886578	0.0000011
all	4242	2	886578	0.0000023
all	4243	5	886578	0.0000056
all	4245	1	886578	0.0000011
all	4247	3	886578	0.0000034
all	4248	2	886578	0.0000023
all	4251	2	886578	0.0000023
all	4252	1	886578	0.0000011
all	4253	1	886578	0.0000011
all	4254	2	886578	0.0000023
all	4255	4	886578	0.0000045
all	4257	1	886578	0.0000011
all	4258	1	886578	0.0000011
all	4259	1	886578	0.0000011
all	4261	1	886578	0.0000011
all	4262	2	886578	0.0000023
all	4263	2	886578	0.0000023
all	4265	1	886578	0.0000011
all	4266	1	886578	0.0000011
all	4273	1	886578	0.0000011
all	4274	2	886578	0.0000023
all	4275	1	886578	0.0000011
all	4277	2	886578	0.0000023
all	4278	2	886578	0.0000023
all	4280	1	886578	0.0000011
all	4281	1	886578	0.0000011
all	4282	2	886578	0.0000023
all	4286	1	886578	0.0000011
all	4288	1	886578	0.0000011
all	4290	1	886578	0.0000011
all	4291	1	886578	0.0000011
all	4292	1	886578	0.0000011
all	4293	2	886578	0.0000023
all	4294	1	886578	0.0000011
all	4296	1	886578	0.0000011
all	4297	2	886578	0.0000023
all	4299	1	886578	0.0000011
all	4300	1	886578	0.0000011
all	4302	1	886578	0.0000011
all	4303	1	886578	0.0000011
all	4304	2	886578	0.0000023
all	4305	2	886578	0.0000023
all	4306	2	886578	0.0000023
all	4307	2	886578	0.0000023
all	4308	2	886578	0.0000023
all	4309	1	886578	0.0000011
all	4310	2	886578	0.0000023
all	4313	2	886578	0.0000023
all	4314	2	886578	0.0000023
all	4317	3	886578	0.0000034
all	4318	1	886578	0.0000011
all	4319	1	886578	0.0000011
all	4320	2	886578	0.0000023
all	4323	1	886578	0.0000011
all	4325	1	886578	0.0000011
all	4326	2	886578	0.0000023
all	4327	3	886578	0.0000034
all	4329	2	886578	0.0000023
all	4331	2	886578	0.0000023
all	4338	1	886578	0.0000011
all	4339	1	886578	0.0000011
all	4340	1	886578	0.0000011
all	4341	1	886578	0.0000011
all	4342	1	886578	0.0000011
all	4343	1	886578	0.0000011
all	4345	1	886578	0.0000011
all	4346	2	886578	0.0000023
all	4351	1	886578	0.0000011
all	4353	1	886578	0.0000011
all	4355	2	886578	0.0000023
all	4366	1	886578	0.0000011
all	4367	1	886578	0.0000011
all	4368	1	886578	0.0000011
all	4369	4	886578	0.0000045
all	4373	1	886578	0.0000011
all	4374	1	886578	0.0000011
all	4376	2	886578	0.0000023
all	4379	1	886578	0.0000011
all	4382	2	886578	0.0000023
all	4385	1	886578	0.0000011
all	4389	1	886578	0.0000011
all	4391	4	886578	0.0000045
all	4394	1	886578	0.0000011
all	4395	1	886578	0.0000011
all	4396	2	886578	0.0000023
all	4398	1	886578	0.0000011
all	4400	2	886578	0.0000023
all	4401	1	886578	0.0000011
all	4402	1	886578	0.0000011
all	4403	1	886578	0.0000011
all	4405	1	886578	0.0000011
all	4407	2	886578	0.0000023
all	4411	1	886578	0.0000011
all	4412	1	886578	0.0000011
all	4416	1	886578	0.0000011
all	4417	2	886578	0.0000023
all	4421	1	886578	0.0000011
all	4422	1	886578	0.0000011
all	4424	1	886578	0.0000011
all	4426	1	886578	0.0000011
all	4428	1	886578	0.0000011
all	4430	1	886578	0.0000011
all	4438	2	886578	0.0000023
all	4439	1	886578	0.0000011
all	4441	1	886578	0.0000011
all	4442	1	886578	0.0000011
all	4451	1	886578	0.0000011
all	4452	1	886578	0.0000011
all	4456	1	886578	0.0000011
all	4460	1	886578	0.0000011
all	4464	1	886578	0.0000011
all	4467	1	886578	0.0000011
all	4476	1	886578	0.0000011
all	4481	1	886578	0.0000011
all	4482	1	886578	0.0000011
all	4492	1	886578	0.0000011
all	4494	2	886578	0.0000023
all	4498	1	886578	0.0000011
all	4500	1	886578	0.0000011
all	4512	2	886578	0.0000023
all	4514	1	886578	0.0000011
all	4517	1	886578	0.0000011
all	4518	2	886578	0.0000023
all	4520	2	886578	0.0000023
all	4522	1	886578	0.0000011
all	4523	1	886578	0.0000011
all	4524	1	886578	0.0000011
all	4529	1	886578	0.0000011
all	4534	2	886578	0.0000023
all	4536	1	886578	0.0000011
all	4551	1	886578	0.0000011
all	4555	1	886578	0.0000011
all	4558	2	886578	0.0000023
all	4560	1	886578	0.0000011
all	4561	1	886578	0.0000011
all	4563	1	886578	0.0000011
all	4564	1	886578	0.0000011
all	4565	1	886578	0.0000011
all	4570	2	886578	0.0000023
all	4571	1	886578	0.0000011
all	4591	2	886578	0.0000023
all	4593	1	886578	0.0000011
all	4596	2	886578	0.0000023
all	4599	2	886578	0.0000023
all	4602	1	886578	0.0000011
all	4603	1	886578	0.0000011
all	4604	1	886578	0.0000011
all	4605	1	886578	0.0000011
all	4606	1	886578	0.0000011
all	4614	1	886578	0.0000011
all	4628	2	886578	0.0000023
all	4635	1	886578	0.0000011
all	4639	1	886578	0.0000011
all	4644	1	886578	0.0000011
all	4645	1	886578	0.0000011
all	4649	1	886578	0.0000011
all	4675	1	886578	0.0000011
all	4677	1	886578	0.0000011
all	4678	1	886578	0.0000011
all	4683	1	886578	0.0000011
all	4699	1	886578	0.0000011
all	4704	1	886578	0.0000011
all	4707	1	886578	0.0000011
all	4712	1	886578	0.0000011
all	4726	1	886578	0.0000011
all	4735	1	886578	0.0000011
all	4741	1	886578	0.0000011
all	4743	1	886578	0.0000011
all	4745	1	886578	0.0000011
all	4749	1	886578	0.0000011
all	4753	2	886578	0.0000023
all	4754	1	886578	0.0000011
all	4755	1	886578	0.0000011
all	4761	1	886578	0.0000011
all	4772	1	886578	0.0000011
all	4776	1	886578	0.0000011
all	4777	1	886578	0.0000011
all	4778	2	886578	0.0000023
all	4783	1	886578	0.0000011
all	4799	1	886578	0.0000011
all	4808	1	886578	0.0000011
all	4813	1	886578	0.0000011
all	4814	4	886578	0.0000045
all	4819	1	886578	0.0000011
all	4821	1	886578	0.0000011
all	4825	1	886578	0.0000011
all	4827	1	886578	0.0000011
all	4828	1	886578	0.0000011
all	4831	1	886578	0.0000011
all	4832	1	886578	0.0000011
all	4835	1	886578	0.0000011
all	4844	1	886578	0.0000011
all	4845	1	886578	0.0000011
all	4849	1	886578	0.0000011
all	4859	1	886578	0.0000011
all	4861	1	886578	0.0000011
all	4864	3	886578	0.0000034
all	4865	1	886578	0.0000011
all	4867	1	886578	0.0000011
all	4869	2	886578	0.0000023
all	4871	2	886578	0.0000023
all	4872	1	886578	0.0000011
all	4876	1	886578	0.0000011
all	4877	1	886578	0.0000011
all	4878	2	886578	0.0000023
all	4880	2	886578	0.0000023
all	4882	1	886578	0.0000011
all	4884	1	886578	0.0000011
all	4885	1	886578	0.0000011
all	4889	1	886578	0.0000011
all	4893	1	886578	0.0000011
all	4897	2	886578	0.0000023
all	4900	1	886578	0.0000011
all	4911	1	886578	0.0000011
all	4912	1	886578	0.0000011
all	4920	1	886578	0.0000011
all	4922	1	886578	0.0000011
all	4930	1	886578	0.0000011
all	4931	2	886578	0.0000023
all	4932	1	886578	0.0000011
all	4936	1	886578	0.0000011
all	4940	1	886578	0.0000011
all	4955	1	886578	0.0000011
all	4958	1	886578	0.0000011
all	4962	1	886578	0.0000011
all	4965	1	886578	0.0000011
all	4966	1	886578	0.0000011
all	4968	1	886578	0.0000011
all	4976	2	886578	0.0000023
all	4977	1	886578	0.0000011
all	4980	1	886578	0.0000011
all	4986	2	886578	0.0000023
all	4987	1	886578	0.0000011
all	4995	1	886578	0.0000011
all	5001	1	886578	0.0000011
all	5004	1	886578	0.0000011
all	5005	1	886578	0.0000011
all	5012	1	886578	0.0000011
all	5015	1	886578	0.0000011
all	5017	1	886578	0.0000011
all	5020	1	886578	0.0000011
all	5026	1	886578	0.0000011
all	5029	1	886578	0.0000011
all	5034	1	886578	0.0000011
all	5038	1	886578	0.0000011
all	5045	1	886578	0.0000011
all	5048	1	886578	0.0000011
all	5054	1	886578	0.0000011
all	5056	1	886578	0.0000011
all	5059	1	886578	0.0000011
all	5061	1	886578	0.0000011
all	5072	1	886578	0.0000011
all	5073	1	886578	0.0000011
all	5076	1	886578	0.0000011
all	5078	1	886578	0.0000011
all	5088	1	886578	0.0000011
all	5089	1	886578	0.0000011
all	5093	1	886578	0.0000011
all	5095	1	886578	0.0000011
all	5096	1	886578	0.0000011
all	5098	1	886578	0.0000011
all	5099	1	886578	0.0000011
all	5100	1	886578	0.0000011
all	5107	2	886578	0.0000023
all	5109	1	886578	0.0000011
all	5110	1	886578	0.0000011
all	5111	2	886578	0.0000023
all	5118	1	886578	0.0000011
all	5124	1	886578	0.0000011
all	5126	1	886578	0.0000011
all	5129	1	886578	0.0000011
all	5133	2	886578	0.0000023
all	5136	1	886578	0.0000011
all	5142	1	886578	0.0000011
all	5151	2	886578	0.0000023
all	5157	1	886578	0.0000011
all	5164	1	886578	0.0000011
all	5165	1	886578	0.0000011
all	5168	1	886578	0.0000011
all	5169	1	886578	0.0000011
all	5171	1	886578	0.0000011
all	5172	1	886578	0.0000011
all	5173	1	886578	0.0000011
all	5175	1	886578	0.0000011
all	5180	1	886578	0.0000011
all	5183	2	886578	0.0000023
all	5186	1	886578	0.0000011
all	5187	1	886578	0.0000011
all	5189	1	886578	0.0000011
all	5191	1	886578	0.0000011
all	5192	1	886578	0.0000011
all	5193	1	886578	0.0000011
all	5195	1	886578	0.0000011
all	5197	1	886578	0.0000011
all	5201	1	886578	0.0000011
all	5202	1	886578	0.0000011
all	5203	1	886578	0.0000011
all	5204	1	886578	0.0000011
all	5208	1	886578	0.0000011
all	5211	1	886578	0.0000011
all	5215	1	886578	0.0000011
all	5221	1	886578	0.0000011
all	5225	3	886578	0.0000034
all	5226	2	886578	0.0000023
all	5228	1	886578	0.0000011
all	5231	1	886578	0.0000011
all	5235	2	886578	0.0000023
all	5238	1	886578	0.0000011
all	5245	2	886578	0.0000023
all	5247	1	886578	0.0000011
all	5250	1	886578	0.0000011
all	5251	1	886578	0.0000011
all	5252	1	886578	0.0000011
all	5254	1	886578	0.0000011
all	5261	1	886578	0.0000011
all	5268	2	886578	0.0000023
all	5272	1	886578	0.0000011
all	5277	1	886578	0.0000011
all	5283	1	886578	0.0000011
all	5285	1	886578	0.0000011
all	5288	1	886578	0.0000011
all	5289	1	886578	0.0000011
all	5296	1	886578	0.0000011
all	5299	1	886578	0.0000011
all	5303	1	886578	0.0000011
all	5311	1	886578	0.0000011
all	5319	1	886578	0.0000011
all	5325	1	886578	0.0000011
all	5327	1	886578	0.0000011
all	5329	1	886578	0.0000011
all	5333	1	886578	0.0000011
all	5337	1	886578	0.0000011
all	5341	1	886578	0.0000011
all	5343	1	886578	0.0000011
all	5348	1	886578	0.0000011
all	5349	1	886578	0.0000011
all	5351	1	886578	0.0000011
all	5352	1	886578	0.0000011
all	5364	1	886578	0.0000011
all	5377	1	886578	0.0000011
all	5381	1	886578	0.0000011
all	5388	1	886578	0.0000011
all	5390	1	886578	0.0000011
all	5394	1	886578	0.0000011
all	5399	1	886578	0.0000011
all	5408	1	886578	0.0000011
all	5409	1	886578	0.0000011
all	5414	1	886578	0.0000011
all	5419	1	886578	0.0000011
all	5427	1	886578	0.0000011
all	5435	1	886578	0.0000011
all	5438	2	886578	0.0000023
all	5441	1	886578	0.0000011
all	5452	2	886578	0.0000023
all	5459	1	886578	0.0000011
all	5462	1	886578	0.0000011
all	5463	1	886578	0.0000011
all	5465	1	886578	0.0000011
all	5472	1	886578	0.0000011
all	5475	1	886578	0.0000011
all	5480	1	886578	0.0000011
all	5486	1	886578	0.0000011
all	5487	2	886578	0.0000023
all	5490	1	886578	0.0000011
all	5495	1	886578	0.0000011
all	5496	1	886578	0.0000011
all	5504	1	886578	0.0000011
all	5506	1	886578	0.0000011
all	5508	1	886578	0.0000011
all	5509	1	886578	0.0000011
all	5514	1	886578	0.0000011
all	5516	1	886578	0.0000011
all	5517	2	886578	0.0000023
all	5518	1	886578	0.0000011
all	5519	1	886578	0.0000011
all	5527	1	886578	0.0000011
all	5529	1	886578	0.0000011
all	5531	1	886578	0.0000011
all	5539	1	886578	0.0000011
all	5540	1	886578	0.0000011
all	5542	2	886578	0.0000023
all	5545	1	886578	0.0000011
all	5546	1	886578	0.0000011
all	5548	1	886578	0.0000011
all	5551	1	886578	0.0000011
all	5555	1	886578	0.0000011
all	5557	1	886578	0.0000011
all	5559	1	886578	0.0000011
all	5563	1	886578	0.0000011
all	5564	1	886578	0.0000011
all	5565	1	886578	0.0000011
all	5568	2	886578	0.0000023
all	5569	1	886578	0.0000011
all	5570	1	886578	0.0000011
all	5578	1	886578	0.0000011
all	5580	1	886578	0.0000011
all	5584	2	886578	0.0000023
all	5586	1	886578	0.0000011
all	5588	1	886578	0.0000011
all	5591	1	886578	0.0000011
all	5593	1	886578	0.0000011
all	5595	1	886578	0.0000011
all	5596	1	886578	0.0000011
all	5597	1	886578	0.0000011
all	5600	3	886578	0.0000034
all	5601	1	886578	0.0000011
all	5604	1	886578	0.0000011
all	5605	1	886578	0.0000011
all	5606	1	886578	0.0000011
all	5607	1	886578	0.0000011
all	5610	2	886578	0.0000023
all	5611	2	886578	0.0000023
all	5613	2	886578	0.0000023
all	5615	1	886578	0.0000011
all	5616	2	886578	0.0000023
all	5617	3	886578	0.0000034
all	5618	1	886578	0.0000011
all	5620	1	886578	0.0000011
all	5621	3	886578	0.0000034
all	5622	4	886578	0.0000045
all	5623	1	886578	0.0000011
all	5624	2	886578	0.0000023
all	5626	2	886578	0.0000023
all	5630	1	886578	0.0000011
all	5636	2	886578	0.0000023
all	5637	2	886578	0.0000023
all	5639	2	886578	0.0000023
all	5640	1	886578	0.0000011
all	5642	1	886578	0.0000011
all	5643	1	886578	0.0000011
all	5646	2	886578	0.0000023
all	5651	2	886578	0.0000023
all	5653	1	886578	0.0000011
all	5655	1	886578	0.0000011
all	5656	1	886578	0.0000011
all	5662	1	886578	0.0000011
all	5663	1	886578	0.0000011
all	5664	1	886578	0.0000011
all	5674	1	886578	0.0000011
all	5734	1	886578	0.0000011
all	5740	1	886578	0.0000011
all	5748	1	886578	0.0000011
all	5759	1	886578	0.0000011
all	5774	1	886578	0.0000011
all	5792	1	886578	0.0000011
all	5812	1	886578	0.0000011
all	5816	1	886578	0.0000011
all	5837	1	886578	0.0000011
all	5860	1	886578	0.0000011
all	5870	1	886578	0.0000011
all	5887	1	886578	0.0000011
all	5913	1	886578	0.0000011
all	5917	1	886578	0.0000011
all	5928	1	886578	0.0000011
all	5941	1	886578	0.0000011
all	5952	1	886578	0.0000011
all	5971	1	886578	0.0000011
all	5985	1	886578	0.0000011
all	5996	1	886578	0.0000011
all	6006	1	886578	0.0000011
all	6024	1	886578	0.0000011
all	6038	1	886578	0.0000011
all	6041	1	886578	0.0000011
all	6048	1	886578	0.0000011
all	6049	2	886578	0.0000023
all	6056	1	886578	0.0000011
all	6067	1	886578	0.0000011
all	6074	1	886578	0.0000011
all	6080	1	886578	0.0000011
all	6103	1	886578	0.0000011
all	6109	1	886578	0.0000011
all	6113	1	886578	0.0000011
all	6124	1	886578	0.0000011
all	6135	1	886578	0.0000011
all	6152	1	886578	0.0000011
all	6163	1	886578	0.0000011
all	6181	1	886578	0.0000011
all	6183	1	886578	0.0000011
all	6192	1	886578	0.0000011
all	6194	1	886578	0.0000011
all	6198	1	886578	0.0000011
all	6204	1	886578	0.0000011
all	6218	1	886578	0.0000011
all	6220	1	886578	0.0000011
all	6223	1	886578	0.0000011
all	6228	1	886578	0.0000011
all	6243	1	886578	0.0000011
all	6255	1	886578	0.0000011
all	6260	1	886578	0.0000011
all	6263	1	886578	0.0000011
all	6286	2	886578	0.0000023
all	6288	1	886578	0.0000011
all	6298	1	886578	0.0000011
all	6307	1	886578	0.0000011
all	6309	1	886578	0.0000011
all	6324	1	886578	0.0000011
all	6325	1	886578	0.0000011
all	6331	1	886578	0.0000011
all	6348	1	886578	0.0000011
all	6350	1	886578	0.0000011
all	6351	1	886578	0.0000011
all	6357	1	886578	0.0000011
all	6358	1	886578	0.0000011
all	6372	1	886578	0.0000011
all	6376	1	886578	0.0000011
all	6402	1	886578	0.0000011
all	6438	1	886578	0.0000011
all	6441	1	886578	0.0000011
all	6445	1	886578	0.0000011
all	6450	1	886578	0.0000011
all	6451	1	886578	0.0000011
all	6457	1	886578	0.0000011
all	6462	1	886578	0.0000011
all	6471	1	886578	0.0000011
all	6474	1	886578	0.0000011
all	6476	1	886578	0.0000011
all	6488	1	886578	0.0000011
all	6489	1	886578	0.0000011
all	6506	1	886578	0.0000011
all	6512	1	886578	0.0000011
all	6514	1	886578	0.0000011
all	6524	1	886578	0.0000011
all	6535	1	886578	0.0000011
all	6537	1	886578	0.0000011
all	6543	1	886578	0.0000011
all	6549	1	886578	0.0000011
all	6554	1	886578	0.0000011
all	6556	1	886578	0.0000011
all	6559	2	886578	0.0000023
all	6562	1	886578	0.0000011
all	6564	1	886578	0.0000011
all	6570	1	886578	0.0000011
all	6586	1	886578	0.0000011
all	6592	2	886578	0.0000023
all	6594	1	886578	0.0000011
all	6597	2	886578	0.0000023
all	6600	1	886578	0.0000011
all	6604	1	886578	0.0000011
all	6613	1	886578	0.0000011
all	6616	1	886578	0.0000011
all	6626	2	886578	0.0000023
all	6636	1	886578	0.0000011
all	6640	1	886578	0.0000011
all	6646	1	886578	0.0000011
all	6648	1	886578	0.0000011
all	6651	1	886578	0.0000011
all	6653	1	886578	0.0000011
all	6657	1	886578	0.0000011
all	6660	1	886578	0.0000011
all	6665	1	886578	0.0000011
all	6669	1	886578	0.0000011
all	6671	1	886578	0.0000011
all	6672	1	886578	0.0000011
all	6673	1	886578	0.0000011
all	6674	1	886578	0.0000011
all	6681	1	886578	0.0000011
all	6685	1	886578	0.0000011
all	6693	1	886578	0.0000011
all	6694	1	886578	0.0000011
all	6703	1	886578	0.0000011
all	6718	1	886578	0.0000011
all	6722	1	886578	0.0000011
all	6724	1	886578	0.0000011
all	6728	1	886578	0.0000011
all	6735	1	886578	0.0000011
all	6737	1	886578	0.0000011
all	6742	1	886578	0.0000011
all	6750	1	886578	0.0000011
all	6751	1	886578	0.0000011
all	6757	1	886578	0.0000011
all	6768	1	886578	0.0000011
all	6769	1	886578	0.0000011
all	6771	1	886578	0.0000011
all	6774	2	886578	0.0000023
all	6775	1	886578	0.0000011
all	6780	1	886578	0.0000011
all	6782	1	886578	0.0000011
all	6788	1	886578	0.0000011
all	6831	1	886578	0.0000011
all	6842	1	886578	0.0000011
all	6856	1	886578	0.0000011
all	6857	1	886578	0.0000011
all	6869	1	886578	0.0000011
all	6872	1	886578	0.0000011
all	6892	1	886578	0.0000011
all	6894	1	886578	0.0000011
all	6907	1	886578	0.0000011
all	6909	1	886578	0.0000011
all	6932	1	886578	0.0000011
all	6947	1	886578	0.0000011
all	6957	1	886578	0.0000011
all	6975	1	886578	0.0000011
all	6992	1	886578	0.0000011
all	6999	2	886578	0.0000023
all	7001	1	886578	0.0000011
all	7018	1	886578	0.0000011
all	7030	1	886578	0.0000011
all	7040	1	886578	0.0000011
all	7044	1	886578	0.0000011
all	7061	2	886578	0.0000023
all	7063	1	886578	0.0000011
all	7079	1	886578	0.0000011
all	7080	1	886578	0.0000011
all	7085	1	886578	0.0000011
all	7105	1	886578	0.0000011
all	7134	1	886578	0.0000011
all	7137	3	886578	0.0000034
all	7138	2	886578	0.0000023
all	7139	1	886578	0.0000011
all	7140	1	886578	0.0000011
all	7141	1	886578	0.0000011
all	7142	2	886578	0.0000023
all	7146	1	886578	0.0000011
all	7153	1	886578	0.0000011
all	7155	1	886578	0.0000011
all	7159	1	886578	0.0000011
all	7160	1	886578	0.0000011
all	7162	1	886578	0.0000011
all	7163	1	886578	0.0000011
all	7172	2	886578	0.0000023
all	7174	1	886578	0.0000011
all	7176	1	886578	0.0000011
all	7180	1	886578	0.0000011
all	7182	1	886578	0.0000011
all	7212	1	886578	0.0000011
all	7265	1	886578	0.0000011
all	7285	1	886578	0.0000011
all	7296	1	886578	0.0000011
all	7302	1	886578	0.0000011
all	7311	1	886578	0.0000011
all	7328	2	886578	0.0000023
all	7378	1	886578	0.0000011
all	7415	1	886578	0.0000011
all	7426	1	886578	0.0000011
all	7442	1	886578	0.0000011
all	7453	1	886578	0.0000011
all	7456	1	886578	0.0000011
all	7475	1	886578	0.0000011
all	7476	1	886578	0.0000011
all	7493	1	886578	0.0000011
all	7507	1	886578	0.0000011
all	7532	2	886578	0.0000023
all	7555	1	886578	0.0000011
all	7557	1	886578	0.0000011
all	7610	1	886578	0.0000011
all	7616	1	886578	0.0000011
all	7624	1	886578	0.0000011
all	7631	1	886578	0.0000011
all	7653	1	886578	0.0000011
all	7671	1	886578	0.0000011
all	7677	1	886578	0.0000011
all	7694	1	886578	0.0000011
all	7703	1	886578	0.0000011
all	7728	1	886578	0.0000011
all	7731	1	886578	0.0000011
all	7740	1	886578	0.0000011
all	7749	1	886578	0.0000011
all	7752	1	886578	0.0000011
all	7770	1	886578	0.0000011
all	7778	1	886578	0.0000011
all	7804	1	886578	0.0000011
all	7805	1	886578	0.0000011
all	7828	1	886578	0.0000011
all	7840	1	886578	0.0000011
all	7870	1	886578	0.0000011
all	7873	1	886578	0.0000011
all	7909	1	886578	0.0000011
all	7927	1	886578	0.0000011
all	7932	1	886578	0.0000011
all	7938	1	886578	0.0000011
all	7940	2	886578	0.0000023
all	7949	1	886578	0.0000011
all	7952	1	886578	0.0000011
all	7970	1	886578	0.0000011
all	7972	1	886578	0.0000011
all	7978	1	886578	0.0000011
all	7982	1	886578	0.0000011
all	7992	1	886578	0.0000011
all	7995	1	886578	0.0000011
all	7998	1	886578	0.0000011
all	8013	1	886578	0.0000011
all	8014	1	886578	0.0000011
all	8029	1	886578	0.0000011
all	8032	2	886578	0.0000023
all	8034	1	886578	0.0000011
all	8035	2	886578	0.0000023
all	8036	1	886578	0.0000011
all	8037	2	886578	0.0000023
all	8038	1	886578	0.0000011
all	8040	1	886578	0.0000011
all	8041	1	886578	0.0000011
all	8042	1	886578	0.0000011
all	8046	1	886578	0.0000011
all	8048	1	886578	0.0000011
all	8050	1	886578	0.0000011
all	8056	1	886578	0.0000011
all	8060	1	886578	0.0000011
all	8061	1	886578	0.0000011
all	8064	2	886578	0.0000023
all	8070	1	886578	0.0000011
all	8072	1	886578	0.0000011
all	8073	1	886578	0.0000011
all	8076	1	886578	0.0000011
all	8081	1	886578	0.0000011
all	8095	1	886578	0.0000011
all	8112	1	886578	0.0000011
all	8132	1	886578	0.0000011
all	8162	1	886578	0.0000011
all	8237	1	886578	0.0000011
all	8238	1	886578	0.0000011
all	8285	1	886578	0.0000011
all	8288	1	886578	0.0000011
all	8323	1	886578	0.0000011
all	8327	1	886578	0.0000011
all	8352	1	886578	0.0000011
all	8354	1	886578	0.0000011
all	8392	1	886578	0.0000011
all	8433	1	886578	0.0000011
all	8456	1	886578	0.0000011
all	8478	1	886578	0.0000011
all	8495	1	886578	0.0000011
all	8523	1	886578	0.0000011
all	8526	1	886578	0.0000011
all	8534	1	886578	0.0000011
all	8553	1	886578	0.0000011
all	8565	1	886578	0.0000011
all	8571	1	886578	0.0000011
all	8575	1	886578	0.0000011
all	8577	1	886578	0.0000011
all	8594	1	886578	0.0000011
all	8595	1	886578	0.0000011
all	8597	2	886578	0.0000023
all	8600	1	886578	0.0000011
all	8610	1	886578	0.0000011
all	8612	1	886578	0.0000011
all	8620	1	886578	0.0000011
all	8623	1	886578	0.0000011
all	8625	1	886578	0.0000011
all	8630	1	886578	0.0000011
all	8639	1	886578	0.0000011
all	8645	1	886578	0.0000011
all	8648	1	886578	0.0000011
all	8651	1	886578	0.0000011
all	8657	1	886578	0.0000011
all	8658	1	886578	0.0000011
all	8660	2	886578	0.0000023
all	8662	2	886578	0.0000023
all	8668	1	886578	0.0000011
all	8669	1	886578	0.0000011
all	8686	1	886578	0.0000011
all	8774	1	886578	0.0000011
all	8876	1	886578	0.0000011
all	8970	1	886578	0.0000011
all	9191	1	886578	0.0000011
all	9455	1	886578	0.0000011
all	9739	1	886578	0.0000011
all	9799	1	886578	0.0000011
all	9835	1	886578	0.0000011
all	9895	1	886578	0.0000011
all	10000	1	886578	0.0000011
all	10214	1	886578	0.0000011
all	10316	1	886578	0.0000011
all	10440	1	886578	0.0000011
all	10472	1	886578	0.0000011
all	10545	1	886578	0.0000011
all	10587	1	886578	0.0000011
all	10677	1	886578	0.0000011
all	10772	1	886578	0.0000011
all	10846	1	886578	0.0000011
all	10863	1	886578	0.0000011
all	11049	1	886578	0.0000011
all	11079	1	886578	0.0000011
all	11155	1	886578	0.0000011
all	11244	1	886578	0.0000011
all	11256	1	886578	0.0000011
all	11386	1	886578	0.0000011
all	11407	1	886578	0.0000011
all	11469	1	886578	0.0000011
all	11513	1	886578	0.0000011
all	11529	1	886578	0.0000011
all	11653	1	886578	0.0000011
all	11677	1	886578	0.0000011
all	11734	1	886578	0.0000011
all	11742	1	886578	0.0000011
all	11771	1	886578	0.0000011
all	11786	1	886578	0.0000011
all	11869	1	886578	0.0000011
all	11908	1	886578	0.0000011
all	11912	1	886578	0.0000011
all	11952	1	886578	0.0000011
all	11962	1	886578	0.0000011
all	11999	1	886578	0.0000011
all	12041	1	886578	0.0000011
all	12131	1	886578	0.0000011
all	12155	1	886578	0.0000011
all	12170	1	886578	0.0000011
all	12201	1	886578	0.0000011
all	12233	1	886578	0.0000011
all	12244	1	886578	0.0000011
all	12308	1	886578	0.0000011
all	12360	1	886578	0.0000011
all	12375	1	886578	0.0000011
all	12378	1	886578	0.0000011
all	12392	1	886578	0.0000011
all	12440	1	886578	0.0000011
all	12462	1	886578	0.0000011
all	12475	1	886578	0.0000011
all	12496	1	886578	0.0000011
all	12530	1	886578	0.0000011
all	12558	1	886578	0.0000011
all	12583	2	886578	0.0000023
all	12614	1	886578	0.0000011
all	12637	1	886578	0.0000011
all	12652	1	886578	0.0000011
all	12699	1	886578	0.0000011
all	12701	1	886578	0.0000011
all	12725	1	886578	0.0000011
all	12737	1	886578	0.0000011
all	12749	1	886578	0.0000011
all	12763	1	886578	0.0000011
all	12784	1	886578	0.0000011
all	12797	1	886578	0.0000011
all	12824	1	886578	0.0000011
all	12833	1	886578	0.0000011
all	12839	1	886578	0.0000011
all	12848	1	886578	0.0000011
all	12868	1	886578	0.0000011
all	12876	1	886578	0.0000011
all	12899	1	886578	0.0000011
all	12904	1	886578	0.0000011
all	12917	1	886578	0.0000011
all	12931	1	886578	0.0000011
all	12937	1	886578	0.0000011
all	12941	1	886578	0.0000011
all	12942	1	886578	0.0000011
all	12957	1	886578	0.0000011
all	12963	1	886578	0.0000011
all	12967	1	886578	0.0000011
all	12974	1	886578	0.0000011
all	12982	1	886578	0.0000011
all	12994	1	886578	0.0000011
