
coverage_ProbeContigs/Sde-AMar_017-SdA02017-L2-clmp-fp2-repr.rad.D-3-3-probes4development-noMSATS-noNNNN-224-519bp-0-8TGCAGG-lessthan2indelsof3nt-ProbeContigs-RG.bam
2500
116.655
4.89437
5057388	57075	
coverage_ProbeContigs/Sde-AMar_009-SdA02009-L2-clmp-fp2-repr.rad.D-3-3-probes4development-noMSATS-noNNNN-224-519bp-0-8TGCAGG-lessthan2indelsof3nt-ProbeContigs-RG.bam
1353
108.797
3.38778
5057388	41562	
coverage_ProbeContigs/Sde-AMar_011-SdA02011-L2-clmp-fp2-repr.rad.D-3-3-probes4development-noMSATS-noNNNN-224-519bp-0-8TGCAGG-lessthan2indelsof3nt-ProbeContigs-RG.bam
2885
112.17
4.06348
5057388	76401	
coverage_ProbeContigs/Sde-AMar_002-SdA02002-L2-clmp-fp2-repr.rad.D-3-3-probes4development-noMSATS-noNNNN-224-519bp-0-8TGCAGG-lessthan2indelsof3nt-ProbeContigs-RG.bam
2510
118.833
4.9989
5057388	57188	
coverage_ProbeContigs/Sde-AMar_003-SdA02003-L2-clmp-fp2-repr.rad.D-3-3-probes4development-noMSATS-noNNNN-224-519bp-0-8TGCAGG-lessthan2indelsof3nt-ProbeContigs-RG.bam
3391
107.853
4.61384
5057388	75769	
coverage_ProbeContigs/Sde-AMar_019-SdA02019-L2-clmp-fp2-repr.rad.D-3-3-probes4development-noMSATS-noNNNN-224-519bp-0-8TGCAGG-lessthan2indelsof3nt-ProbeContigs-RG.bam
2581
108.932
4.62902
5057388	57891	
coverage_ProbeContigs/Sde-AMar_013-SdA02013-L2-clmp-fp2-repr.rad.D-3-3-probes4development-noMSATS-noNNNN-224-519bp-0-8TGCAGG-lessthan2indelsof3nt-ProbeContigs-RG.bam
3139
110.806
4.18229
5057388	79842	
coverage_ProbeContigs/Sde-AMar_001-SdA02001-L2-clmp-fp2-repr.rad.D-3-3-probes4development-noMSATS-noNNNN-224-519bp-0-8TGCAGG-lessthan2indelsof3nt-ProbeContigs-RG.bam
2498
110.712
3.64578
5057388	72486	
coverage_ProbeContigs/Sde-AMar_008-SdA02008-L2-clmp-fp2-repr.rad.D-3-3-probes4development-noMSATS-noNNNN-224-519bp-0-8TGCAGG-lessthan2indelsof3nt-ProbeContigs-RG.bam
5730
104.876
5.74955
5057388	100142	
coverage_ProbeContigs/Sde-AMar_016-SdA02016-L2-clmp-fp2-repr.rad.D-3-3-probes4development-noMSATS-noNNNN-224-519bp-0-8TGCAGG-lessthan2indelsof3nt-ProbeContigs-RG.bam
7373
107.998
6.77797
5057388	112241	
coverage_ProbeContigs/Sde-AMar_020-SdA02020-L2-clmp-fp2-repr.rad.D-3-3-probes4development-noMSATS-noNNNN-224-519bp-0-8TGCAGG-lessthan2indelsof3nt-ProbeContigs-RG.bam
13074
117.243
8.91518
5057388	164955	
coverage_ProbeContigs/Sde-AMar_015-SdA02015-L2-clmp-fp2-repr.rad.D-3-3-probes4development-noMSATS-noNNNN-224-519bp-0-8TGCAGG-lessthan2indelsof3nt-ProbeContigs-RG.bam
14578
100.75
7.27771
5057388	193256	
coverage_ProbeContigs/Sde-AMar_021-SdA02021-L2-clmp-fp2-repr.rad.D-3-3-probes4development-noMSATS-noNNNN-224-519bp-0-8TGCAGG-lessthan2indelsof3nt-ProbeContigs-RG.bam
14720
108.047
6.72559
5057388	226599	
coverage_ProbeContigs/Sde-AMar_010-SdA02010-L2-clmp-fp2-repr.rad.D-3-3-probes4development-noMSATS-noNNNN-224-519bp-0-8TGCAGG-lessthan2indelsof3nt-ProbeContigs-RG.bam
23586
100.499
8.39002
5057388	270504	
coverage_ProbeContigs/Sde-AMar_007-SdA02007-L2-clmp-fp2-repr.rad.D-3-3-probes4development-noMSATS-noNNNN-224-519bp-0-8TGCAGG-lessthan2indelsof3nt-ProbeContigs-RG.bam
24466
101.121
8.98625
5057388	263085	
coverage_ProbeContigs/Sde-AMar_014-SdA02014-L2-clmp-fp2-repr.rad.D-3-3-probes4development-noMSATS-noNNNN-224-519bp-0-8TGCAGG-lessthan2indelsof3nt-ProbeContigs-RG.bam
28012
100.546
10.2642
5057388	261842	
coverage_ProbeContigs/Sde-AMar_012-SdA02012-L2-clmp-fp2-repr.rad.D-3-3-probes4development-noMSATS-noNNNN-224-519bp-0-8TGCAGG-lessthan2indelsof3nt-ProbeContigs-RG.bam
39992
99.5602
18.5489
5057388	204214	
coverage_ProbeContigs/Sde-AMar_006-SdA02006-L2-clmp-fp2-repr.rad.D-3-3-probes4development-noMSATS-noNNNN-224-519bp-0-8TGCAGG-lessthan2indelsof3nt-ProbeContigs-RG.bam
37450
102.353
12.499
5057388	292691	
coverage_ProbeContigs/Sde-AMar_023-SdA02023-L2-clmp-fp2-repr.rad.D-3-3-probes4development-noMSATS-noNNNN-224-519bp-0-8TGCAGG-lessthan2indelsof3nt-ProbeContigs-RG.bam
1273
113.28
3.10287
5057388	44568	
coverage_ProbeContigs/Sde-AMar_030-SdA02030-L2-clmp-fp2-repr.rad.D-3-3-probes4development-noMSATS-noNNNN-224-519bp-0-8TGCAGG-lessthan2indelsof3nt-ProbeContigs-RG.bam
697
117.436
2.48841
5057388	31584	
coverage_ProbeContigs/Sde-AMar_026-SdA02026-L2-clmp-fp2-repr.rad.D-3-3-probes4development-noMSATS-noNNNN-224-519bp-0-8TGCAGG-lessthan2indelsof3nt-ProbeContigs-RG.bam
787
115.008
2.52935
5057388	34329	
coverage_ProbeContigs/Sde-AMar_022-SdA02022-L2-clmp-fp2-repr.rad.D-3-3-probes4development-noMSATS-noNNNN-224-519bp-0-8TGCAGG-lessthan2indelsof3nt-ProbeContigs-RG.bam
2568
121.215
4.94173
5057388	59885	
coverage_ProbeContigs/Sde-AMar_032-SdA02032-L2-clmp-fp2-repr.rad.D-3-3-probes4development-noMSATS-noNNNN-224-519bp-0-8TGCAGG-lessthan2indelsof3nt-ProbeContigs-RG.bam
1301
114.624
2.76564
5057388	52047	
coverage_ProbeContigs/Sde-AMar_031-SdA02031-L2-clmp-fp2-repr.rad.D-3-3-probes4development-noMSATS-noNNNN-224-519bp-0-8TGCAGG-lessthan2indelsof3nt-ProbeContigs-RG.bam
2168
117.677
4.23282
5057388	57995	
coverage_ProbeContigs/Sde-AMar_004-SdA02004-L2-clmp-fp2-repr.rad.D-3-3-probes4development-noMSATS-noNNNN-224-519bp-0-8TGCAGG-lessthan2indelsof3nt-ProbeContigs-RG.bam
54329
102.51
16.8203
5057388	316052	
coverage_ProbeContigs/Sde-AMar_024-SdA02024-L2-clmp-fp2-repr.rad.D-3-3-probes4development-noMSATS-noNNNN-224-519bp-0-8TGCAGG-lessthan2indelsof3nt-ProbeContigs-RG.bam
9162
108.643
5.88338
5057388	162289	
coverage_ProbeContigs/Sde-AMar_034-SdA02034-L2-clmp-fp2-repr.rad.D-3-3-probes4development-noMSATS-noNNNN-224-519bp-0-8TGCAGG-lessthan2indelsof3nt-ProbeContigs-RG.bam
827
116.487
2.60565
5057388	35518	
coverage_ProbeContigs/Sde-AMar_027-SdA02027-L2-clmp-fp2-repr.rad.D-3-3-probes4development-noMSATS-noNNNN-224-519bp-0-8TGCAGG-lessthan2indelsof3nt-ProbeContigs-RG.bam
11662
101.593
5.1707
5057388	219855	
coverage_ProbeContigs/Sde-AMar_005-SdA02005-L2-clmp-fp2-repr.rad.D-3-3-probes4development-noMSATS-noNNNN-224-519bp-0-8TGCAGG-lessthan2indelsof3nt-ProbeContigs-RG.bam
64793
105.409
15.7221
5057388	415372	
coverage_ProbeContigs/Sde-AMar_033-SdA02033-L2-clmp-fp2-repr.rad.D-3-3-probes4development-noMSATS-noNNNN-224-519bp-0-8TGCAGG-lessthan2indelsof3nt-ProbeContigs-RG.bam
9476
99.2478
5.14626
5057388	175090	
coverage_ProbeContigs/Sde-AMar_025-SdA02025-L2-clmp-fp2-repr.rad.D-3-3-probes4development-noMSATS-noNNNN-224-519bp-0-8TGCAGG-lessthan2indelsof3nt-ProbeContigs-RG.bam
15357
100.638
6.18647
5057388	238862	
coverage_ProbeContigs/Sde-AMar_035-SdA02035-L2-clmp-fp2-repr.rad.D-3-3-probes4development-noMSATS-noNNNN-224-519bp-0-8TGCAGG-lessthan2indelsof3nt-ProbeContigs-RG.bam
8525
104.082
6.07044
5057388	139972	
coverage_ProbeContigs/Sde-AMar_037-SdA02037-L2-clmp-fp2-repr.rad.D-3-3-probes4development-noMSATS-noNNNN-224-519bp-0-8TGCAGG-lessthan2indelsof3nt-ProbeContigs-RG.bam
1566
113.358
3.46305
5057388	49319	
coverage_ProbeContigs/Sde-AMar_038-SdA02038-L2-clmp-fp2-repr.rad.D-3-3-probes4development-noMSATS-noNNNN-224-519bp-0-8TGCAGG-lessthan2indelsof3nt-ProbeContigs-RG.bam
667
115.997
2.31887
5057388	32070	
coverage_ProbeContigs/Sde-AMar_039-SdA02039-L2-clmp-fp2-repr.rad.D-3-3-probes4development-noMSATS-noNNNN-224-519bp-0-8TGCAGG-lessthan2indelsof3nt-ProbeContigs-RG.bam
1061
116.149
3.18021
5057388	37174	
coverage_ProbeContigs/Sde-AMar_041-SdA02041-L2-clmp-fp2-repr.rad.D-3-3-probes4development-noMSATS-noNNNN-224-519bp-0-8TGCAGG-lessthan2indelsof3nt-ProbeContigs-RG.bam
1001
115.582
2.82746
5057388	39303	
coverage_ProbeContigs/Sde-AMar_036-SdA02036-L2-clmp-fp2-repr.rad.D-3-3-probes4development-noMSATS-noNNNN-224-519bp-0-8TGCAGG-lessthan2indelsof3nt-ProbeContigs-RG.bam
12553
101.787
6.01981
5057388	203332	
coverage_ProbeContigs/Sde-AMar_044-SdA02044-L2-clmp-fp2-repr.rad.D-3-3-probes4development-noMSATS-noNNNN-224-519bp-0-8TGCAGG-lessthan2indelsof3nt-ProbeContigs-RG.bam
1712
116.057
3.87188
5057388	49272	
coverage_ProbeContigs/Sde-AMar_045-SdA02045-L2-clmp-fp2-repr.rad.D-3-3-probes4development-noMSATS-noNNNN-224-519bp-0-8TGCAGG-lessthan2indelsof3nt-ProbeContigs-RG.bam
2390
116.797
5.01243
5057388	53359	
coverage_ProbeContigs/Sde-AMar_047-SdA02047-L2-clmp-fp2-repr.rad.D-3-3-probes4development-noMSATS-noNNNN-224-519bp-0-8TGCAGG-lessthan2indelsof3nt-ProbeContigs-RG.bam
985
119.073
2.81573
5057388	39898	
coverage_ProbeContigs/Sde-AMar_048-SdA02048-L2-clmp-fp2-repr.rad.D-3-3-probes4development-noMSATS-noNNNN-224-519bp-0-8TGCAGG-lessthan2indelsof3nt-ProbeContigs-RG.bam
1078
116.957
2.82594
5057388	42715	
coverage_ProbeContigs/Sde-AMar_051-SdA02051-L2-clmp-fp2-repr.rad.D-3-3-probes4development-noMSATS-noNNNN-224-519bp-0-8TGCAGG-lessthan2indelsof3nt-ProbeContigs-RG.bam
6908
97.2444
4.98964
5057388	128872	
coverage_ProbeContigs/Sde-AMar_046-SdA02046-L2-clmp-fp2-repr.rad.D-3-3-probes4development-noMSATS-noNNNN-224-519bp-0-8TGCAGG-lessthan2indelsof3nt-ProbeContigs-RG.bam
18445
100.773
7.97991
5057388	223315	
coverage_ProbeContigs/Sde-AMar_057-SdA02057-L2-clmp-fp2-repr.rad.D-3-3-probes4development-noMSATS-noNNNN-224-519bp-0-8TGCAGG-lessthan2indelsof3nt-ProbeContigs-RG.bam
1764
108.185
2.67195
5057388	68667	
coverage_ProbeContigs/Sde-AMar_050-SdA02050-L2-clmp-fp2-repr.rad.D-3-3-probes4development-noMSATS-noNNNN-224-519bp-0-8TGCAGG-lessthan2indelsof3nt-ProbeContigs-RG.bam
37302
98.1524
10.8392
5057388	322301	
coverage_ProbeContigs/Sde-AMar_056-SdA02056-L2-clmp-fp2-repr.rad.D-3-3-probes4development-noMSATS-noNNNN-224-519bp-0-8TGCAGG-lessthan2indelsof3nt-ProbeContigs-RG.bam
9586
103.876
6.52569
5057388	146388	
coverage_ProbeContigs/Sde-AMar_059-SdA02059-L2-clmp-fp2-repr.rad.D-3-3-probes4development-noMSATS-noNNNN-224-519bp-0-8TGCAGG-lessthan2indelsof3nt-ProbeContigs-RG.bam
6420
99.2922
4.70382
5057388	129528	
coverage_ProbeContigs/Sde-AMar_054-SdA02054-L2-clmp-fp2-repr.rad.D-3-3-probes4development-noMSATS-noNNNN-224-519bp-0-8TGCAGG-lessthan2indelsof3nt-ProbeContigs-RG.bam
17286
99.3553
7.90389
5057388	208178	
coverage_ProbeContigs/Sde-AMar_062-SdA02062-L2-clmp-fp2-repr.rad.D-3-3-probes4development-noMSATS-noNNNN-224-519bp-0-8TGCAGG-lessthan2indelsof3nt-ProbeContigs-RG.bam
3178
108.14
3.96792
5057388	82896	
coverage_ProbeContigs/Sde-AMar_063-SdA02063-L2-clmp-fp2-repr.rad.D-3-3-probes4development-noMSATS-noNNNN-224-519bp-0-8TGCAGG-lessthan2indelsof3nt-ProbeContigs-RG.bam
6754
102.963
5.33739
5057388	124780	
coverage_ProbeContigs/Sde-AMar_060-SdA02060-L2-clmp-fp2-repr.rad.D-3-3-probes4development-noMSATS-noNNNN-224-519bp-0-8TGCAGG-lessthan2indelsof3nt-ProbeContigs-RG.bam
15264
98.9925
7.25274
5057388	199094	
coverage_ProbeContigs/Sde-AMar_049-SdA02049-L2-clmp-fp2-repr.rad.D-3-3-probes4development-noMSATS-noNNNN-224-519bp-0-8TGCAGG-lessthan2indelsof3nt-ProbeContigs-RG.bam
54702
97.244
19.1353
5057388	264546	
coverage_ProbeContigs/Sde-AMar_065-SdA02065-L2-clmp-fp2-repr.rad.D-3-3-probes4development-noMSATS-noNNNN-224-519bp-0-8TGCAGG-lessthan2indelsof3nt-ProbeContigs-RG.bam
5176
101.604
4.37402
5057388	115018	
coverage_ProbeContigs/Sde-AMar_053-SdA02053-L2-clmp-fp2-repr.rad.D-3-3-probes4development-noMSATS-noNNNN-224-519bp-0-8TGCAGG-lessthan2indelsof3nt-ProbeContigs-RG.bam
47750
104.25
15.5574
5057388	305151	
coverage_ProbeContigs/Sde-AMar_055-SdA02055-L2-clmp-fp2-repr.rad.D-3-3-probes4development-noMSATS-noNNNN-224-519bp-0-8TGCAGG-lessthan2indelsof3nt-ProbeContigs-RG.bam
49306
96.7909
13.1242
5057388	346555	
coverage_ProbeContigs/Sde-AMar_064-SdA02064-L2-clmp-fp2-repr.rad.D-3-3-probes4development-noMSATS-noNNNN-224-519bp-0-8TGCAGG-lessthan2indelsof3nt-ProbeContigs-RG.bam
26456
94.1262
8.57949
5057388	276995	
coverage_ProbeContigs/Sde-AMar_061-SdA02061-L2-clmp-fp2-repr.rad.D-3-3-probes4development-noMSATS-noNNNN-224-519bp-0-8TGCAGG-lessthan2indelsof3nt-ProbeContigs-RG.bam
42182
97.6195
9.91031
5057388	396902	
coverage_ProbeContigs/Sde-AMar_058-SdA02058-L2-clmp-fp2-repr.rad.D-3-3-probes4development-noMSATS-noNNNN-224-519bp-0-8TGCAGG-lessthan2indelsof3nt-ProbeContigs-RG.bam
51392
96.8082
17.8038
5057388	265546	
coverage_ProbeContigs/Sde-AMar_052-SdA02052-L2-clmp-fp2-repr.rad.D-3-3-probes4development-noMSATS-noNNNN-224-519bp-0-8TGCAGG-lessthan2indelsof3nt-ProbeContigs-RG.bam
74324
98.814
16.1606
5057388	433057	
coverage_ProbeContigs/Sde-AMat_008-SdA01008-L2-clmp-fp2-repr.rad.D-3-3-probes4development-noMSATS-noNNNN-224-519bp-0-8TGCAGG-lessthan2indelsof3nt-ProbeContigs-RG.bam
17566
119.789
7.58151
5057388	266065	
coverage_ProbeContigs/Sde-AMat_006-SdA01006-L2-clmp-fp2-repr.rad.D-3-3-probes4development-noMSATS-noNNNN-224-519bp-0-8TGCAGG-lessthan2indelsof3nt-ProbeContigs-RG.bam
90249
124.424
13.4238
5057388	804286	
coverage_ProbeContigs/Sde-AMat_001-SdA01001-L2-clmp-fp2-repr.rad.D-3-3-probes4development-noMSATS-noNNNN-224-519bp-0-8TGCAGG-lessthan2indelsof3nt-ProbeContigs-RG.bam
168009
120.22
20.0942
5057388	964404	
coverage_ProbeContigs/Sde-AMat_009-SdA01009-L2-clmp-fp2-repr.rad.D-3-3-probes4development-noMSATS-noNNNN-224-519bp-0-8TGCAGG-lessthan2indelsof3nt-ProbeContigs-RG.bam
106696
113.272
13.884
5057388	836499	
coverage_ProbeContigs/Sde-AMat_003-SdA01003-L2-clmp-fp2-repr.rad.D-3-3-probes4development-noMSATS-noNNNN-224-519bp-0-8TGCAGG-lessthan2indelsof3nt-ProbeContigs-RG.bam
216047
122.219
19.9772
5057388	1272933	
coverage_ProbeContigs/Sde-AMat_024-SdA01024-L2-clmp-fp2-repr.rad.D-3-3-probes4development-noMSATS-noNNNN-224-519bp-0-8TGCAGG-lessthan2indelsof3nt-ProbeContigs-RG.bam
4870
121.172
3.89432
5057388	145291	
coverage_ProbeContigs/Sde-AMat_017-SdA01017-L2-clmp-fp2-repr.rad.D-3-3-probes4development-noMSATS-noNNNN-224-519bp-0-8TGCAGG-lessthan2indelsof3nt-ProbeContigs-RG.bam
103079
115.773
17.9541
5057388	636284	
coverage_ProbeContigs/Sde-AMat_016-SdA01016-L2-clmp-fp2-repr.rad.D-3-3-probes4development-noMSATS-noNNNN-224-519bp-0-8TGCAGG-lessthan2indelsof3nt-ProbeContigs-RG.bam
159598
124.301
25.5897
5057388	740163	
coverage_ProbeContigs/Sde-AMat_011-SdA01011-L2-clmp-fp2-repr.rad.D-3-3-probes4development-noMSATS-noNNNN-224-519bp-0-8TGCAGG-lessthan2indelsof3nt-ProbeContigs-RG.bam
235744
121.797
19.7362
5057388	1403245	
coverage_ProbeContigs/Sde-AMat_007-SdA01007-L2-clmp-fp2-repr.rad.D-3-3-probes4development-noMSATS-noNNNN-224-519bp-0-8TGCAGG-lessthan2indelsof3nt-ProbeContigs-RG.bam
290614
123.65
23.524
5057388	1472050	
coverage_ProbeContigs/Sde-AMat_028-SdA01028-L2-clmp-fp2-repr.rad.D-3-3-probes4development-noMSATS-noNNNN-224-519bp-0-8TGCAGG-lessthan2indelsof3nt-ProbeContigs-RG.bam
48057
122.652
12.8816
5057388	438794	
coverage_ProbeContigs/Sde-AMat_010-SdA01010-L2-clmp-fp2-repr.rad.D-3-3-probes4development-noMSATS-noNNNN-224-519bp-0-8TGCAGG-lessthan2indelsof3nt-ProbeContigs-RG.bam
315547
116.33
37.6298
5057388	932544	
coverage_ProbeContigs/Sde-AMat_002-SdA01002-L2-clmp-fp2-repr.rad.D-3-3-probes4development-noMSATS-noNNNN-224-519bp-0-8TGCAGG-lessthan2indelsof3nt-ProbeContigs-RG.bam
418152
118.122
29.9021
5057388	1594807	
coverage_ProbeContigs/Sde-AMat_026-SdA01026-L2-clmp-fp2-repr.rad.D-3-3-probes4development-noMSATS-noNNNN-224-519bp-0-8TGCAGG-lessthan2indelsof3nt-ProbeContigs-RG.bam
130278
125.938
16.4514
5057388	957579	
coverage_ProbeContigs/Sde-AMat_020-SdA01020-L2-clmp-fp2-repr.rad.D-3-3-probes4development-noMSATS-noNNNN-224-519bp-0-8TGCAGG-lessthan2indelsof3nt-ProbeContigs-RG.bam
301661
122.646
24.593
5057388	1451507	
coverage_ProbeContigs/Sde-AMat_015-SdA01015-L2-clmp-fp2-repr.rad.D-3-3-probes4development-noMSATS-noNNNN-224-519bp-0-8TGCAGG-lessthan2indelsof3nt-ProbeContigs-RG.bam
333988
124.15
29.0341
5057388	1372821	
coverage_ProbeContigs/Sde-AMat_013-SdA01013-L2-clmp-fp2-repr.rad.D-3-3-probes4development-noMSATS-noNNNN-224-519bp-0-8TGCAGG-lessthan2indelsof3nt-ProbeContigs-RG.bam
352129
118.89
40.9315
5057388	950879	
coverage_ProbeContigs/Sde-AMat_014-SdA01014-L2-clmp-fp2-repr.rad.D-3-3-probes4development-noMSATS-noNNNN-224-519bp-0-8TGCAGG-lessthan2indelsof3nt-ProbeContigs-RG.bam
367902
122.197
28.2589
5057388	1532435	
coverage_ProbeContigs/Sde-AMat_019-SdA01019-L2-clmp-fp2-repr.rad.D-3-3-probes4development-noMSATS-noNNNN-224-519bp-0-8TGCAGG-lessthan2indelsof3nt-ProbeContigs-RG.bam
306895
123.317
33.8691
5057388	1070474	
coverage_ProbeContigs/Sde-AMat_027-SdA01027-L2-clmp-fp2-repr.rad.D-3-3-probes4development-noMSATS-noNNNN-224-519bp-0-8TGCAGG-lessthan2indelsof3nt-ProbeContigs-RG.bam
185116
124.737
17.7077
5057388	1255841	
coverage_ProbeContigs/Sde-AMat_023-SdA01023-L2-clmp-fp2-repr.rad.D-3-3-probes4development-noMSATS-noNNNN-224-519bp-0-8TGCAGG-lessthan2indelsof3nt-ProbeContigs-RG.bam
292707
121.015
31.0189
5057388	1095982	
coverage_ProbeContigs/Sde-AMat_018-SdA01018-L2-clmp-fp2-repr.rad.D-3-3-probes4development-noMSATS-noNNNN-224-519bp-0-8TGCAGG-lessthan2indelsof3nt-ProbeContigs-RG.bam
352141
120.181
30.3686
5057388	1337600	
coverage_ProbeContigs/Sde-AMat_032-SdA01032-L2-clmp-fp2-repr.rad.D-3-3-probes4development-noMSATS-noNNNN-224-519bp-0-8TGCAGG-lessthan2indelsof3nt-ProbeContigs-RG.bam
85320
123.15
17.5282
5057388	575675	
coverage_ProbeContigs/Sde-AMat_022-SdA01022-L2-clmp-fp2-repr.rad.D-3-3-probes4development-noMSATS-noNNNN-224-519bp-0-8TGCAGG-lessthan2indelsof3nt-ProbeContigs-RG.bam
300818
121.825
24.1963
5057388	1460495	
coverage_ProbeContigs/Sde-AMat_012-SdA01012-L2-clmp-fp2-repr.rad.D-3-3-probes4development-noMSATS-noNNNN-224-519bp-0-8TGCAGG-lessthan2indelsof3nt-ProbeContigs-RG.bam
446470
120.893
32.7888
5057388	1587145	
coverage_ProbeContigs/Sde-AMat_005-SdA01005-L2-clmp-fp2-repr.rad.D-3-3-probes4development-noMSATS-noNNNN-224-519bp-0-8TGCAGG-lessthan2indelsof3nt-ProbeContigs-RG.bam
544305
115.626
41.72
5057388	1430625	
coverage_ProbeContigs/Sde-AMat_021-SdA01021-L2-clmp-fp2-repr.rad.D-3-3-probes4development-noMSATS-noNNNN-224-519bp-0-8TGCAGG-lessthan2indelsof3nt-ProbeContigs-RG.bam
402345
119.309
35.8551
5057388	1278598	
coverage_ProbeContigs/Sde-AMat_025-SdA01025-L2-clmp-fp2-repr.rad.D-3-3-probes4development-noMSATS-noNNNN-224-519bp-0-8TGCAGG-lessthan2indelsof3nt-ProbeContigs-RG.bam
356837
124.696
28.217
5057388	1518516	
coverage_ProbeContigs/Sde-AMat_038-SdA01038-L2-clmp-fp2-repr.rad.D-3-3-probes4development-noMSATS-noNNNN-224-519bp-0-8TGCAGG-lessthan2indelsof3nt-ProbeContigs-RG.bam
67228
120.88
11.0097
5057388	709870	
coverage_ProbeContigs/Sde-AMat_030-SdA01030-L2-clmp-fp2-repr.rad.D-3-3-probes4development-noMSATS-noNNNN-224-519bp-0-8TGCAGG-lessthan2indelsof3nt-ProbeContigs-RG.bam
300424
122.084
27.5027
5057388	1279147	
coverage_ProbeContigs/Sde-AMat_043-SdA01043-L2-clmp-fp2-repr.rad.D-3-3-probes4development-noMSATS-noNNNN-224-519bp-0-8TGCAGG-lessthan2indelsof3nt-ProbeContigs-RG.bam
86499
123.346
20.7764
5057388	492591	
coverage_ProbeContigs/Sde-AMat_029-SdA01029-L2-clmp-fp2-repr.rad.D-3-3-probes4development-noMSATS-noNNNN-224-519bp-0-8TGCAGG-lessthan2indelsof3nt-ProbeContigs-RG.bam
344142
122.466
30.1017
5057388	1340506	
coverage_ProbeContigs/Sde-AMat_031-SdA01031-L2-clmp-fp2-repr.rad.D-3-3-probes4development-noMSATS-noNNNN-224-519bp-0-8TGCAGG-lessthan2indelsof3nt-ProbeContigs-RG.bam
300442
121.074
23.5424
5057388	1489897	
coverage_ProbeContigs/Sde-AMat_040-SdA01040-L2-clmp-fp2-repr.rad.D-3-3-probes4development-noMSATS-noNNNN-224-519bp-0-8TGCAGG-lessthan2indelsof3nt-ProbeContigs-RG.bam
138140
126.994
14.737
5057388	1146891	
coverage_ProbeContigs/Sde-AMat_047-SdA01047-L2-clmp-fp2-repr.rad.D-3-3-probes4development-noMSATS-noNNNN-224-519bp-0-8TGCAGG-lessthan2indelsof3nt-ProbeContigs-RG.bam
79525
120.337
13.0012
5057388	708378	
coverage_ProbeContigs/Sde-AMat_035-SdA01035-L2-clmp-fp2-repr.rad.D-3-3-probes4development-noMSATS-noNNNN-224-519bp-0-8TGCAGG-lessthan2indelsof3nt-ProbeContigs-RG.bam
217120
122.083
19.4573
5057388	1312704	
coverage_ProbeContigs/Sde-AMat_039-SdA01039-L2-clmp-fp2-repr.rad.D-3-3-probes4development-noMSATS-noNNNN-224-519bp-0-8TGCAGG-lessthan2indelsof3nt-ProbeContigs-RG.bam
158406
124.644
22.733
5057388	834142	
coverage_ProbeContigs/Sde-AMat_033-SdA01033-L2-clmp-fp2-repr.rad.D-3-3-probes4development-noMSATS-noNNNN-224-519bp-0-8TGCAGG-lessthan2indelsof3nt-ProbeContigs-RG.bam
308104
116.952
23.3963
5057388	1484549	
coverage_ProbeContigs/Sde-AMat_041-SdA01041-L2-clmp-fp2-repr.rad.D-3-3-probes4development-noMSATS-noNNNN-224-519bp-0-8TGCAGG-lessthan2indelsof3nt-ProbeContigs-RG.bam
176074
124.297
18.2764
5057388	1153968	
coverage_ProbeContigs/Sde-AMat_034-SdA01034-L2-clmp-fp2-repr.rad.D-3-3-probes4development-noMSATS-noNNNN-224-519bp-0-8TGCAGG-lessthan2indelsof3nt-ProbeContigs-RG.bam
278679
122.082
46.5169
5057388	694228	
coverage_ProbeContigs/Sde-AMat_037-SdA01037-L2-clmp-fp2-repr.rad.D-3-3-probes4development-noMSATS-noNNNN-224-519bp-0-8TGCAGG-lessthan2indelsof3nt-ProbeContigs-RG.bam
192869
122.99
17.859
5057388	1279041	
coverage_ProbeContigs/Sde-AMat_046-SdA01046-L2-clmp-fp2-repr.rad.D-3-3-probes4development-noMSATS-noNNNN-224-519bp-0-8TGCAGG-lessthan2indelsof3nt-ProbeContigs-RG.bam
160364
115.125
17.5386
5057388	1011512	
coverage_ProbeContigs/Sde-AMat_048-SdA01048-L2-clmp-fp2-repr.rad.D-3-3-probes4development-noMSATS-noNNNN-224-519bp-0-8TGCAGG-lessthan2indelsof3nt-ProbeContigs-RG.bam
131862
125.13
21.0895
5057388	752471	
coverage_ProbeContigs/Sde-AMat_036-SdA01036-L2-clmp-fp2-repr.rad.D-3-3-probes4development-noMSATS-noNNNN-224-519bp-0-8TGCAGG-lessthan2indelsof3nt-ProbeContigs-RG.bam
315572
120.305
24.3393
5057388	1503950	
coverage_ProbeContigs/Sde-AMat_057-SdA01057-L2-clmp-fp2-repr.rad.D-3-3-probes4development-noMSATS-noNNNN-224-519bp-0-8TGCAGG-lessthan2indelsof3nt-ProbeContigs-RG.bam
29786
116.122
8.96645
5057388	370611	
coverage_ProbeContigs/Sde-AMat_051-SdA01051-L2-clmp-fp2-repr.rad.D-3-3-probes4development-noMSATS-noNNNN-224-519bp-0-8TGCAGG-lessthan2indelsof3nt-ProbeContigs-RG.bam
191904
118.341
21.7695
5057388	1000819	
coverage_ProbeContigs/Sde-AMat_045-SdA01045-L2-clmp-fp2-repr.rad.D-3-3-probes4development-noMSATS-noNNNN-224-519bp-0-8TGCAGG-lessthan2indelsof3nt-ProbeContigs-RG.bam
271001
116.968
30.7331
5057388	988256	
coverage_ProbeContigs/Sde-AMat_050-SdA01050-L2-clmp-fp2-repr.rad.D-3-3-probes4development-noMSATS-noNNNN-224-519bp-0-8TGCAGG-lessthan2indelsof3nt-ProbeContigs-RG.bam
221203
115.998
19.9482
5057388	1236321	
coverage_ProbeContigs/Sde-AMat_042-SdA01042-L2-clmp-fp2-repr.rad.D-3-3-probes4development-noMSATS-noNNNN-224-519bp-0-8TGCAGG-lessthan2indelsof3nt-ProbeContigs-RG.bam
310626
116.363
29.8389
5057388	1158772	
coverage_ProbeContigs/Sde-AMat_049-SdA01049-L2-clmp-fp2-repr.rad.D-3-3-probes4development-noMSATS-noNNNN-224-519bp-0-8TGCAGG-lessthan2indelsof3nt-ProbeContigs-RG.bam
273930
116.335
27.6328
5057388	1106119	
coverage_ProbeContigs/Sde-AMat_052-SdA01052-L2-clmp-fp2-repr.rad.D-3-3-probes4development-noMSATS-noNNNN-224-519bp-0-8TGCAGG-lessthan2indelsof3nt-ProbeContigs-RG.bam
222077
117.331
20.8851
5057388	1199496	
coverage_ProbeContigs/Sde-AMat_063-SdA01063-L2-clmp-fp2-repr.rad.D-3-3-probes4development-noMSATS-noNNNN-224-519bp-0-8TGCAGG-lessthan2indelsof3nt-ProbeContigs-RG.bam
161145
116.071
19.2056
5057388	933794	
coverage_ProbeContigs/Sde-AMat_055-SdA01055-L2-clmp-fp2-repr.rad.D-3-3-probes4development-noMSATS-noNNNN-224-519bp-0-8TGCAGG-lessthan2indelsof3nt-ProbeContigs-RG.bam
225222
116.121
21.6423
5057388	1159969	
coverage_ProbeContigs/Sde-AMat_059-SdA01059-L2-clmp-fp2-repr.rad.D-3-3-probes4development-noMSATS-noNNNN-224-519bp-0-8TGCAGG-lessthan2indelsof3nt-ProbeContigs-RG.bam
185890
113.696
17.8908
5057388	1136878	
coverage_ProbeContigs/Sde-AMat_071-SdA01071-L2-clmp-fp2-repr.rad.D-3-3-probes4development-noMSATS-noNNNN-224-519bp-0-8TGCAGG-lessthan2indelsof3nt-ProbeContigs-RG.bam
57941
115.97
13.7523
5057388	468241	
coverage_ProbeContigs/Sde-AMat_056-SdA01056-L2-clmp-fp2-repr.rad.D-3-3-probes4development-noMSATS-noNNNN-224-519bp-0-8TGCAGG-lessthan2indelsof3nt-ProbeContigs-RG.bam
207352
117.614
22.5346
5057388	1039117	
coverage_ProbeContigs/Sde-AMat_053-SdA01053-L2-clmp-fp2-repr.rad.D-3-3-probes4development-noMSATS-noNNNN-224-519bp-0-8TGCAGG-lessthan2indelsof3nt-ProbeContigs-RG.bam
287698
118.23
26.957
5057388	1211964	
coverage_ProbeContigs/Sde-AMat_073-SdA01073-L2-clmp-fp2-repr.rad.D-3-3-probes4development-noMSATS-noNNNN-224-519bp-0-8TGCAGG-lessthan2indelsof3nt-ProbeContigs-RG.bam
52337
116.6
12.0015
5057388	487820	
coverage_ProbeContigs/Sde-AMat_054-SdA01054-L2-clmp-fp2-repr.rad.D-3-3-probes4development-noMSATS-noNNNN-224-519bp-0-8TGCAGG-lessthan2indelsof3nt-ProbeContigs-RG.bam
273475
117.67
23.0355
5057388	1344750	
coverage_ProbeContigs/Sde-AMat_060-SdA01060-L2-clmp-fp2-repr.rad.D-3-3-probes4development-noMSATS-noNNNN-224-519bp-0-8TGCAGG-lessthan2indelsof3nt-ProbeContigs-RG.bam
220314
115.678
21.1508
5057388	1156952	
coverage_ProbeContigs/Sde-AMat_064-SdA01064-L2-clmp-fp2-repr.rad.D-3-3-probes4development-noMSATS-noNNNN-224-519bp-0-8TGCAGG-lessthan2indelsof3nt-ProbeContigs-RG.bam
214084
119.067
23.3732
5057388	1047577	
coverage_ProbeContigs/Sde-AMat_068-SdA01068-L2-clmp-fp2-repr.rad.D-3-3-probes4development-noMSATS-noNNNN-224-519bp-0-8TGCAGG-lessthan2indelsof3nt-ProbeContigs-RG.bam
171290
114.852
17.7719
5057388	1061962	
coverage_ProbeContigs/Sde-AMat_066-SdA01066-L2-clmp-fp2-repr.rad.D-3-3-probes4development-noMSATS-noNNNN-224-519bp-0-8TGCAGG-lessthan2indelsof3nt-ProbeContigs-RG.bam
210438
116.262
19.1305
5057388	1231822	
coverage_ProbeContigs/Sde-AMat_062-SdA01062-L2-clmp-fp2-repr.rad.D-3-3-probes4development-noMSATS-noNNNN-224-519bp-0-8TGCAGG-lessthan2indelsof3nt-ProbeContigs-RG.bam
256417
116.356
28.8064
5057388	992799	
coverage_ProbeContigs/Sde-AMat_076-SdA01076-L2-clmp-fp2-repr.rad.D-3-3-probes4development-noMSATS-noNNNN-224-519bp-0-8TGCAGG-lessthan2indelsof3nt-ProbeContigs-RG.bam
80360
119.672
12.8626
5057388	718753	
coverage_ProbeContigs/Sde-AMat_074-SdA01074-L2-clmp-fp2-repr.rad.D-3-3-probes4development-noMSATS-noNNNN-224-519bp-0-8TGCAGG-lessthan2indelsof3nt-ProbeContigs-RG.bam
184842
118.244
21.5197
5057388	975392	
coverage_ProbeContigs/Sde-AMat_067-SdA01067-L2-clmp-fp2-repr.rad.D-3-3-probes4development-noMSATS-noNNNN-224-519bp-0-8TGCAGG-lessthan2indelsof3nt-ProbeContigs-RG.bam
271659
115.643
22.4307
5057388	1347691	
coverage_ProbeContigs/Sde-AMat_065-SdA01065-L2-clmp-fp2-repr.rad.D-3-3-probes4development-noMSATS-noNNNN-224-519bp-0-8TGCAGG-lessthan2indelsof3nt-ProbeContigs-RG.bam
331912
116.61
27.6659
5057388	1345090	
coverage_ProbeContigs/Sde-AMat_080-SdA01080-L2-clmp-fp2-repr.rad.D-3-3-probes4development-noMSATS-noNNNN-224-519bp-0-8TGCAGG-lessthan2indelsof3nt-ProbeContigs-RG.bam
134997
118.679
24.0071
5057388	639449	
coverage_ProbeContigs/Sde-AMat_079-SdA01079-L2-clmp-fp2-repr.rad.D-3-3-probes4development-noMSATS-noNNNN-224-519bp-0-8TGCAGG-lessthan2indelsof3nt-ProbeContigs-RG.bam
144656
116.467
15.6642
5057388	1032973	
coverage_ProbeContigs/Sde-AMat_061-SdA01061-L2-clmp-fp2-repr.rad.D-3-3-probes4development-noMSATS-noNNNN-224-519bp-0-8TGCAGG-lessthan2indelsof3nt-ProbeContigs-RG.bam
408191
114.754
30.618
5057388	1470809	
coverage_ProbeContigs/Sde-AMat_084-SdA01084-L2-clmp-fp2-repr.rad.D-3-3-probes4development-noMSATS-noNNNN-224-519bp-0-8TGCAGG-lessthan2indelsof3nt-ProbeContigs-RG.bam
105180
117.007
17.5017
5057388	674275	
coverage_ProbeContigs/Sde-AMat_091-SdA01091-L2-clmp-fp2-repr.rad.D-3-3-probes4development-noMSATS-noNNNN-224-519bp-0-8TGCAGG-lessthan2indelsof3nt-ProbeContigs-RG.bam
13887
117.821
5.02464
5057388	313325	
coverage_ProbeContigs/Sde-AMat_077-SdA01077-L2-clmp-fp2-repr.rad.D-3-3-probes4development-noMSATS-noNNNN-224-519bp-0-8TGCAGG-lessthan2indelsof3nt-ProbeContigs-RG.bam
181151
117.575
23.8911
5057388	854966	
coverage_ProbeContigs/Sde-CHam_001-SdC02001-L2-clmp-fp2-repr.rad.D-3-3-probes4development-noMSATS-noNNNN-224-519bp-0-8TGCAGG-lessthan2indelsof3nt-ProbeContigs-RG.bam
2536
139.856
2.0957
5057388	162786	
coverage_ProbeContigs/Sde-AMat_086-SdA01086-L2-clmp-fp2-repr.rad.D-3-3-probes4development-noMSATS-noNNNN-224-519bp-0-8TGCAGG-lessthan2indelsof3nt-ProbeContigs-RG.bam
113595
118.058
15.0433
5057388	856509	
coverage_ProbeContigs/Sde-AMat_092-SdA01092-L2-clmp-fp2-repr.rad.D-3-3-probes4development-noMSATS-noNNNN-224-519bp-0-8TGCAGG-lessthan2indelsof3nt-ProbeContigs-RG.bam
39031
114.385
8.88883
5057388	482335	
coverage_ProbeContigs/Sde-CHam_003-SdC02003-L2-clmp-fp2-repr.rad.D-3-3-probes4development-noMSATS-noNNNN-224-519bp-0-8TGCAGG-lessthan2indelsof3nt-ProbeContigs-RG.bam
1779
139.753
1.94285
5057388	122072	
coverage_ProbeContigs/Sde-CHam_002-SdC02002-L2-clmp-fp2-repr.rad.D-3-3-probes4development-noMSATS-noNNNN-224-519bp-0-8TGCAGG-lessthan2indelsof3nt-ProbeContigs-RG.bam
5292
141.699
2.46163
5057388	292296	
coverage_ProbeContigs/Sde-CHam_004-SdC02004-L2-clmp-fp2-repr.rad.D-3-3-probes4development-noMSATS-noNNNN-224-519bp-0-8TGCAGG-lessthan2indelsof3nt-ProbeContigs-RG.bam
5823
141.223
2.42424
5057388	325964	
coverage_ProbeContigs/Sde-AMat_075-SdA01075-L2-clmp-fp2-repr.rad.D-3-3-probes4development-noMSATS-noNNNN-224-519bp-0-8TGCAGG-lessthan2indelsof3nt-ProbeContigs-RG.bam
287524
117.779
30.9928
5057388	1043006	
coverage_ProbeContigs/Sde-AMat_085-SdA01085-L2-clmp-fp2-repr.rad.D-3-3-probes4development-noMSATS-noNNNN-224-519bp-0-8TGCAGG-lessthan2indelsof3nt-ProbeContigs-RG.bam
220578
117.056
24.1587
5057388	1025198	
coverage_ProbeContigs/Sde-CHam_007-SdC02007-L2-clmp-fp2-repr.rad.D-3-3-probes4development-noMSATS-noNNNN-224-519bp-0-8TGCAGG-lessthan2indelsof3nt-ProbeContigs-RG.bam
531
145.659
1.45476
5057388	50581	
coverage_ProbeContigs/Sde-AMat_095-SdA01095-L2-clmp-fp2-repr.rad.D-3-3-probes4development-noMSATS-noNNNN-224-519bp-0-8TGCAGG-lessthan2indelsof3nt-ProbeContigs-RG.bam
61342
118.339
13.4578
5057388	517990	
coverage_ProbeContigs/Sde-CHam_010-SdC02010-L2-clmp-fp2-repr.rad.D-3-3-probes4development-noMSATS-noNNNN-224-519bp-0-8TGCAGG-lessthan2indelsof3nt-ProbeContigs-RG.bam
686
146.397
1.37591
5057388	69562	
coverage_ProbeContigs/Sde-CHam_005-SdC02005-L2-clmp-fp2-repr.rad.D-3-3-probes4development-noMSATS-noNNNN-224-519bp-0-8TGCAGG-lessthan2indelsof3nt-ProbeContigs-RG.bam
9357
143.615
2.65753
5057388	484354	
coverage_ProbeContigs/Sde-CHam_006-SdC02006-L2-clmp-fp2-repr.rad.D-3-3-probes4development-noMSATS-noNNNN-224-519bp-0-8TGCAGG-lessthan2indelsof3nt-ProbeContigs-RG.bam
8455
144.374
2.66576
5057388	437954	
coverage_ProbeContigs/Sde-CHam_008-SdC02008-L2-clmp-fp2-repr.rad.D-3-3-probes4development-noMSATS-noNNNN-224-519bp-0-8TGCAGG-lessthan2indelsof3nt-ProbeContigs-RG.bam
15561
144.158
3.36285
5057388	639503	
coverage_ProbeContigs/Sde-AMat_082-SdA01082-L2-clmp-fp2-repr.rad.D-3-3-probes4development-noMSATS-noNNNN-224-519bp-0-8TGCAGG-lessthan2indelsof3nt-ProbeContigs-RG.bam
289576
119.249
28.7911
5057388	1150393	
coverage_ProbeContigs/Sde-CHam_018-SdC02018-L2-clmp-fp2-repr.rad.D-3-3-probes4development-noMSATS-noNNNN-224-519bp-0-8TGCAGG-lessthan2indelsof3nt-ProbeContigs-RG.bam
1561
141.024
1.95456
5057388	108384	
coverage_ProbeContigs/Sde-AMat_078-SdA01078-L2-clmp-fp2-repr.rad.D-3-3-probes4development-noMSATS-noNNNN-224-519bp-0-8TGCAGG-lessthan2indelsof3nt-ProbeContigs-RG.bam
312569
119.898
32.7612
5057388	1088149	
coverage_ProbeContigs/Sde-AMat_088-SdA01088-L2-clmp-fp2-repr.rad.D-3-3-probes4development-noMSATS-noNNNN-224-519bp-0-8TGCAGG-lessthan2indelsof3nt-ProbeContigs-RG.bam
218567
116.593
22.1388
5057388	1106072	
coverage_ProbeContigs/Sde-CHam_019-SdC02019-L2-clmp-fp2-repr.rad.D-3-3-probes4development-noMSATS-noNNNN-224-519bp-0-8TGCAGG-lessthan2indelsof3nt-ProbeContigs-RG.bam
3889
143.054
2.20385
5057388	241868	
coverage_ProbeContigs/Sde-CHam_013-SdC02013-L2-clmp-fp2-repr.rad.D-3-3-probes4development-noMSATS-noNNNN-224-519bp-0-8TGCAGG-lessthan2indelsof3nt-ProbeContigs-RG.bam
22850
144.401
3.72847
5057388	847415	
coverage_ProbeContigs/Sde-CHam_027-SdC02027-L2-clmp-fp2-repr.rad.D-3-3-probes4development-noMSATS-noNNNN-224-519bp-0-8TGCAGG-lessthan2indelsof3nt-ProbeContigs-RG.bam
349
147.181
1.34742
5057388	36583	
coverage_ProbeContigs/Sde-AMat_087-SdA01087-L2-clmp-fp2-repr.rad.D-3-3-probes4development-noMSATS-noNNNN-224-519bp-0-8TGCAGG-lessthan2indelsof3nt-ProbeContigs-RG.bam
249835
120.931
25.2339
5057388	1150863	
coverage_ProbeContigs/Sde-CHam_020-SdC02020-L2-clmp-fp2-repr.rad.D-3-3-probes4development-noMSATS-noNNNN-224-519bp-0-8TGCAGG-lessthan2indelsof3nt-ProbeContigs-RG.bam
2911
142.762
1.95089
5057388	204197	
coverage_ProbeContigs/Sde-CHam_022-SdC02022-L2-clmp-fp2-repr.rad.D-3-3-probes4development-noMSATS-noNNNN-224-519bp-0-8TGCAGG-lessthan2indelsof3nt-ProbeContigs-RG.bam
10393
144.659
2.76525
5057388	519422	
coverage_ProbeContigs/Sde-CHam_029-SdC02029-L2-clmp-fp2-repr.rad.D-3-3-probes4development-noMSATS-noNNNN-224-519bp-0-8TGCAGG-lessthan2indelsof3nt-ProbeContigs-RG.bam
857
145.102
2.40512
5057388	49730	
coverage_ProbeContigs/Sde-CHam_031-SdC02031-L2-clmp-fp2-repr.rad.D-3-3-probes4development-noMSATS-noNNNN-224-519bp-0-8TGCAGG-lessthan2indelsof3nt-ProbeContigs-RG.bam
961
145.52
1.56014
5057388	85989	
coverage_ProbeContigs/Sde-CHam_035-SdC02035-L2-clmp-fp2-repr.rad.D-3-3-probes4development-noMSATS-noNNNN-224-519bp-0-8TGCAGG-lessthan2indelsof3nt-ProbeContigs-RG.bam
1182
140.848
1.8202
5057388	87444	
coverage_ProbeContigs/Sde-CHam_028-SdC02028-L2-clmp-fp2-repr.rad.D-3-3-probes4development-noMSATS-noNNNN-224-519bp-0-8TGCAGG-lessthan2indelsof3nt-ProbeContigs-RG.bam
8169
145.624
3.13331
5057388	362713	
coverage_ProbeContigs/Sde-AMat_094-SdA01094-L2-clmp-fp2-repr.rad.D-3-3-probes4development-noMSATS-noNNNN-224-519bp-0-8TGCAGG-lessthan2indelsof3nt-ProbeContigs-RG.bam
162263
118.85
16.4948
5057388	1123337	
coverage_ProbeContigs/Sde-CHam_040-SdC02040-L2-clmp-fp2-repr.rad.D-3-3-probes4development-noMSATS-noNNNN-224-519bp-0-8TGCAGG-lessthan2indelsof3nt-ProbeContigs-RG.bam
283
143.18
1.61071
5057388	23943	
coverage_ProbeContigs/Sde-CHam_043-SdC02043-L2-clmp-fp2-repr.rad.D-3-3-probes4development-noMSATS-noNNNN-224-519bp-0-8TGCAGG-lessthan2indelsof3nt-ProbeContigs-RG.bam
135
147.037
1.46512
5057388	13152	
coverage_ProbeContigs/Sde-CHam_044-SdC02044-L2-clmp-fp2-repr.rad.D-3-3-probes4development-noMSATS-noNNNN-224-519bp-0-8TGCAGG-lessthan2indelsof3nt-ProbeContigs-RG.bam
696
148.438
1.26897
5057388	78060	
coverage_ProbeContigs/Sde-CHam_014-SdC02014-L2-clmp-fp2-repr.rad.D-3-3-probes4development-noMSATS-noNNNN-224-519bp-0-8TGCAGG-lessthan2indelsof3nt-ProbeContigs-RG.bam
49286
146.428
5.43278
5057388	1272143	
coverage_ProbeContigs/Sde-CHam_041-SdC02041-L2-clmp-fp2-repr.rad.D-3-3-probes4development-noMSATS-noNNNN-224-519bp-0-8TGCAGG-lessthan2indelsof3nt-ProbeContigs-RG.bam
2344
143.682
1.93884
5057388	165379	
coverage_ProbeContigs/Sde-CHam_016-SdC02016-L2-clmp-fp2-repr.rad.D-3-3-probes4development-noMSATS-noNNNN-224-519bp-0-8TGCAGG-lessthan2indelsof3nt-ProbeContigs-RG.bam
52997
142.507
5.58971
5057388	1295831	
coverage_ProbeContigs/Sde-CHam_036-SdC02036-L2-clmp-fp2-repr.rad.D-3-3-probes4development-noMSATS-noNNNN-224-519bp-0-8TGCAGG-lessthan2indelsof3nt-ProbeContigs-RG.bam
11435
144.763
3.07925
5057388	515482	
coverage_ProbeContigs/Sde-AMat_072-SdA01072-L2-clmp-fp2-repr.rad.D-3-3-probes4development-noMSATS-noNNNN-224-519bp-0-8TGCAGG-lessthan2indelsof3nt-ProbeContigs-RG.bam
498186
117.116
43.1834
5057388	1269079	
coverage_ProbeContigs/Sde-CHam_045-SdC02045-L2-clmp-fp2-repr.rad.D-3-3-probes4development-noMSATS-noNNNN-224-519bp-0-8TGCAGG-lessthan2indelsof3nt-ProbeContigs-RG.bam
927
148.036
1.27869
5057388	102078	
coverage_ProbeContigs/Sde-CHam_048-SdC02048-L2-clmp-fp2-repr.rad.D-3-3-probes4development-noMSATS-noNNNN-224-519bp-0-8TGCAGG-lessthan2indelsof3nt-ProbeContigs-RG.bam
585
142.571
1.7027
5057388	47189	
coverage_ProbeContigs/Sde-CHam_051-SdC02051-L2-clmp-fp2-repr.rad.D-3-3-probes4development-noMSATS-noNNNN-224-519bp-0-8TGCAGG-lessthan2indelsof3nt-ProbeContigs-RG.bam
496
145.157
1.74881
5057388	39492	
coverage_ProbeContigs/Sde-CHam_054-SdC02054-L2-clmp-fp2-repr.rad.D-3-3-probes4development-noMSATS-noNNNN-224-519bp-0-8TGCAGG-lessthan2indelsof3nt-ProbeContigs-RG.bam
1037
144.942
1.51905
5057388	94902	
coverage_ProbeContigs/Sde-CHam_050-SdC02050-L2-clmp-fp2-repr.rad.D-3-3-probes4development-noMSATS-noNNNN-224-519bp-0-8TGCAGG-lessthan2indelsof3nt-ProbeContigs-RG.bam
7425
142.947
2.7065
5057388	375901	
coverage_ProbeContigs/Sde-AMat_096-SdA01096-L2-clmp-fp2-repr.rad.D-3-3-probes4development-noMSATS-noNNNN-224-519bp-0-8TGCAGG-lessthan2indelsof3nt-ProbeContigs-RG.bam
232650
115.691
21.6387
5057388	1195624	
coverage_ProbeContigs/Sde-AMat_069-SdA01069-L2-clmp-fp2-repr.rad.D-3-3-probes4development-noMSATS-noNNNN-224-519bp-0-8TGCAGG-lessthan2indelsof3nt-ProbeContigs-RG.bam
546714
121.585
42.3685
5057388	1502737	
coverage_ProbeContigs/Sde-CHam_059-SdC02059-L2-clmp-fp2-repr.rad.D-3-3-probes4development-noMSATS-noNNNN-224-519bp-0-8TGCAGG-lessthan2indelsof3nt-ProbeContigs-RG.bam
947
145.439
1.42498
5057388	92340	
coverage_ProbeContigs/Sde-CHam_065-SdC02065-L2-clmp-fp2-repr.rad.D-3-3-probes4development-noMSATS-noNNNN-224-519bp-0-8TGCAGG-lessthan2indelsof3nt-ProbeContigs-RG.bam
250
147.456
1.6072
5057388	21853	
coverage_ProbeContigs/Sde-CHam_046-SdC02046-L2-clmp-fp2-repr.rad.D-3-3-probes4development-noMSATS-noNNNN-224-519bp-0-8TGCAGG-lessthan2indelsof3nt-ProbeContigs-RG.bam
15078
144.625
3.24091
5057388	645522	
coverage_ProbeContigs/Sde-CHam_037-SdC02037-L2-clmp-fp2-repr.rad.D-3-3-probes4development-noMSATS-noNNNN-224-519bp-0-8TGCAGG-lessthan2indelsof3nt-ProbeContigs-RG.bam
35676
146.263
4.73389
5057388	1055015	
coverage_ProbeContigs/Sde-CHam_066-SdC02066-L2-clmp-fp2-repr.rad.D-3-3-probes4development-noMSATS-noNNNN-224-519bp-0-8TGCAGG-lessthan2indelsof3nt-ProbeContigs-RG.bam
1041
145.028
1.55622
5057388	92421	
coverage_ProbeContigs/Sde-CHam_064-SdC02064-L2-clmp-fp2-repr.rad.D-3-3-probes4development-noMSATS-noNNNN-224-519bp-0-8TGCAGG-lessthan2indelsof3nt-ProbeContigs-RG.bam
2504
143.648
2.25574
5057388	152361	
coverage_ProbeContigs/Sde-CHam_063-SdC02063-L2-clmp-fp2-repr.rad.D-3-3-probes4development-noMSATS-noNNNN-224-519bp-0-8TGCAGG-lessthan2indelsof3nt-ProbeContigs-RG.bam
2851
146.76
1.82056
5057388	219669	
coverage_ProbeContigs/Sde-CHam_060-SdC02060-L2-clmp-fp2-repr.rad.D-3-3-probes4development-noMSATS-noNNNN-224-519bp-0-8TGCAGG-lessthan2indelsof3nt-ProbeContigs-RG.bam
4310
145.104
2.20349
5057388	270853	
coverage_ProbeContigs/Sde-CHam_072-SdC02072-L2-clmp-fp2-repr.rad.D-3-3-probes4development-noMSATS-noNNNN-224-519bp-0-8TGCAGG-lessthan2indelsof3nt-ProbeContigs-RG.bam
949
143.57
1.8055
5057388	72551	
coverage_ProbeContigs/Sde-CHam_056-SdC02056-L2-clmp-fp2-repr.rad.D-3-3-probes4development-noMSATS-noNNNN-224-519bp-0-8TGCAGG-lessthan2indelsof3nt-ProbeContigs-RG.bam
11373
144.558
2.81176
5057388	560731	
coverage_ProbeContigs/Sde-CHam_074-SdC02074-L2-clmp-fp2-repr.rad.D-3-3-probes4development-noMSATS-noNNNN-224-519bp-0-8TGCAGG-lessthan2indelsof3nt-ProbeContigs-RG.bam
1944
145.29
2.10399
5057388	128800	
coverage_ProbeContigs/Sde-AMat_089-SdA01089-L2-clmp-fp2-repr.rad.D-3-3-probes4development-noMSATS-noNNNN-224-519bp-0-8TGCAGG-lessthan2indelsof3nt-ProbeContigs-RG.bam
331144
116.992
32.4122
5057388	1142712	
coverage_ProbeContigs/Sde-CHam_078-SdC02078-L2-clmp-fp2-repr.rad.D-3-3-probes4development-noMSATS-noNNNN-224-519bp-0-8TGCAGG-lessthan2indelsof3nt-ProbeContigs-RG.bam
293
148.195
1.24728
5057388	33253	
coverage_ProbeContigs/Sde-CHam_080-SdC02080-L2-clmp-fp2-repr.rad.D-3-3-probes4development-noMSATS-noNNNN-224-519bp-0-8TGCAGG-lessthan2indelsof3nt-ProbeContigs-RG.bam
809
146.708
1.55681
5057388	72845	
coverage_ProbeContigs/Sde-CHam_081-SdC02081-L2-clmp-fp2-repr.rad.D-3-3-probes4development-noMSATS-noNNNN-224-519bp-0-8TGCAGG-lessthan2indelsof3nt-ProbeContigs-RG.bam
2111
143.457
1.94059
5057388	149184	
coverage_ProbeContigs/Sde-CHam_087-SdC02087-L2-clmp-fp2-repr.rad.D-3-3-probes4development-noMSATS-noNNNN-224-519bp-0-8TGCAGG-lessthan2indelsof3nt-ProbeContigs-RG.bam
292
147.836
1.52869
5057388	27026	
coverage_ProbeContigs/Sde-CHam_083-SdC02083-L2-clmp-fp2-repr.rad.D-3-3-probes4development-noMSATS-noNNNN-224-519bp-0-8TGCAGG-lessthan2indelsof3nt-ProbeContigs-RG.bam
507
146.087
1.52033
5057388	46294	
coverage_ProbeContigs/Sde-CHam_082-SdC02082-L2-clmp-fp2-repr.rad.D-3-3-probes4development-noMSATS-noNNNN-224-519bp-0-8TGCAGG-lessthan2indelsof3nt-ProbeContigs-RG.bam
2051
144.683
1.8799
5057388	151394	
coverage_ProbeContigs/Sde-CHam_090-SdC02090-L2-clmp-fp2-repr.rad.D-3-3-probes4development-noMSATS-noNNNN-224-519bp-0-8TGCAGG-lessthan2indelsof3nt-ProbeContigs-RG.bam
470
147.036
1.37642
5057388	47783	
coverage_ProbeContigs/Sde-CHam_070-SdC02070-L2-clmp-fp2-repr.rad.D-3-3-probes4development-noMSATS-noNNNN-224-519bp-0-8TGCAGG-lessthan2indelsof3nt-ProbeContigs-RG.bam
26251
143.183
3.82228
5057388	942507	
coverage_ProbeContigs/Sde-CHam_093-SdC02093-L2-clmp-fp2-repr.rad.D-3-3-probes4development-noMSATS-noNNNN-224-519bp-0-8TGCAGG-lessthan2indelsof3nt-ProbeContigs-RG.bam
442
148.095
1.27382
5057388	49569	
coverage_ProbeContigs/Sde-CHam_077-SdC02077-L2-clmp-fp2-repr.rad.D-3-3-probes4development-noMSATS-noNNNN-224-519bp-0-8TGCAGG-lessthan2indelsof3nt-ProbeContigs-RG.bam
18010
144.042
4.17234
5057388	594520	
coverage_ProbeContigs/Sde-CHam_094-SdC02094-L2-clmp-fp2-repr.rad.D-3-3-probes4development-noMSATS-noNNNN-224-519bp-0-8TGCAGG-lessthan2indelsof3nt-ProbeContigs-RG.bam
1768
144.296
2.05121
5057388	119271	
coverage_ProbeContigs/Sde-CHam_084-SdC02084-L2-clmp-fp2-repr.rad.D-3-3-probes4development-noMSATS-noNNNN-224-519bp-0-8TGCAGG-lessthan2indelsof3nt-ProbeContigs-RG.bam
16027
144.941
3.16634
5057388	704557	
coverage_ProbeContigs/Sde-CHam_096-SdC02096-L2-clmp-fp2-repr.rad.D-3-3-probes4development-noMSATS-noNNNN-224-519bp-0-8TGCAGG-lessthan2indelsof3nt-ProbeContigs-RG.bam
6331
142.74
2.52011
5057388	342977	
coverage_ProbeContigs/Sde-AMat_090-SdA01090-L2-clmp-fp2-repr.rad.D-3-3-probes4development-noMSATS-noNNNN-224-519bp-0-8TGCAGG-lessthan2indelsof3nt-ProbeContigs-RG.bam
461017
120.413
42.7748
5057388	1220797	
coverage_ProbeContigs/Sde-AMat_083-SdA01083-L2-clmp-fp2-repr.rad.D-3-3-probes4development-noMSATS-noNNNN-224-519bp-0-8TGCAGG-lessthan2indelsof3nt-ProbeContigs-RG.bam
589275
120.023
47.233
5057388	1407560	
coverage_ProbeContigs/Sde-CHam_075-SdC02075-L2-clmp-fp2-repr.rad.D-3-3-probes4development-noMSATS-noNNNN-224-519bp-0-8TGCAGG-lessthan2indelsof3nt-ProbeContigs-RG.bam
121544
144.272
9.68181
5057388	1736363	
coverage_ProbeContigs/Sde-CHam_095-SdC02095-L2-clmp-fp2-repr.rad.D-3-3-probes4development-noMSATS-noNNNN-224-519bp-0-8TGCAGG-lessthan2indelsof3nt-ProbeContigs-RG.bam
192969
145.601
14.2059
5057388	1897172	
coverage_ProbeContigs/Sde-CMat_004-SdC01004-L2-clmp-fp2-repr.rad.D-3-3-probes4development-noMSATS-noNNNN-224-519bp-0-8TGCAGG-lessthan2indelsof3nt-ProbeContigs-RG.bam
184106
143.928
13.1352
5057388	1937326	
coverage_ProbeContigs/Sde-CHam_092-SdC02092-L2-clmp-fp2-repr.rad.D-3-3-probes4development-noMSATS-noNNNN-224-519bp-0-8TGCAGG-lessthan2indelsof3nt-ProbeContigs-RG.bam
455038
145.625
28.6417
5057388	2223728	
coverage_ProbeContigs/Sde-CMat_001-SdC01001-L2-clmp-fp2-repr.rad.D-3-3-probes4development-noMSATS-noNNNN-224-519bp-0-8TGCAGG-lessthan2indelsof3nt-ProbeContigs-RG.bam
441331
145.044
28.1424
5057388	2184210	
coverage_ProbeContigs/Sde-CMat_005-SdC01005-L2-clmp-fp2-repr.rad.D-3-3-probes4development-noMSATS-noNNNN-224-519bp-0-8TGCAGG-lessthan2indelsof3nt-ProbeContigs-RG.bam
367509
144.36
23.9064
5057388	2133217	
coverage_ProbeContigs/Sde-CMat_018-SdC01018-L2-clmp-fp2-repr.rad.D-3-3-probes4development-noMSATS-noNNNN-224-519bp-0-8TGCAGG-lessthan2indelsof3nt-ProbeContigs-RG.bam
224950
143.517
15.7384
5057388	1970097	
coverage_ProbeContigs/Sde-CMat_006-SdC01006-L2-clmp-fp2-repr.rad.D-3-3-probes4development-noMSATS-noNNNN-224-519bp-0-8TGCAGG-lessthan2indelsof3nt-ProbeContigs-RG.bam
513459
145.086
32.122
5057388	2229926	
coverage_ProbeContigs/Sde-CMat_007-SdC01007-L2-clmp-fp2-repr.rad.D-3-3-probes4development-noMSATS-noNNNN-224-519bp-0-8TGCAGG-lessthan2indelsof3nt-ProbeContigs-RG.bam
541842
144.91
33.7735
5057388	2233203	
coverage_ProbeContigs/Sde-CMat_003-SdC01003-L2-clmp-fp2-repr.rad.D-3-3-probes4development-noMSATS-noNNNN-224-519bp-0-8TGCAGG-lessthan2indelsof3nt-ProbeContigs-RG.bam
580441
145.276
36.1861
5057388	2240687	
coverage_ProbeContigs/Sde-CMat_020-SdC01020-L2-clmp-fp2-repr.rad.D-3-3-probes4development-noMSATS-noNNNN-224-519bp-0-8TGCAGG-lessthan2indelsof3nt-ProbeContigs-RG.bam
236647
144.554
16.3897
5057388	2005044	
coverage_ProbeContigs/Sde-CMat_013-SdC01013-L2-clmp-fp2-repr.rad.D-3-3-probes4development-noMSATS-noNNNN-224-519bp-0-8TGCAGG-lessthan2indelsof3nt-ProbeContigs-RG.bam
572655
145.018
35.6404
5057388	2240803	
coverage_ProbeContigs/Sde-CMat_012-SdC01012-L2-clmp-fp2-repr.rad.D-3-3-probes4development-noMSATS-noNNNN-224-519bp-0-8TGCAGG-lessthan2indelsof3nt-ProbeContigs-RG.bam
554575
145.413
34.4875
5057388	2247444	
coverage_ProbeContigs/Sde-CMat_026-SdC01026-L2-clmp-fp2-repr.rad.D-3-3-probes4development-noMSATS-noNNNN-224-519bp-0-8TGCAGG-lessthan2indelsof3nt-ProbeContigs-RG.bam
32149
145.203
3.78948
5057388	1180353	
coverage_ProbeContigs/Sde-CMat_016-SdC01016-L2-clmp-fp2-repr.rad.D-3-3-probes4development-noMSATS-noNNNN-224-519bp-0-8TGCAGG-lessthan2indelsof3nt-ProbeContigs-RG.bam
437823
145.307
27.6074
5057388	2215817	
coverage_ProbeContigs/Sde-CMat_022-SdC01022-L2-clmp-fp2-repr.rad.D-3-3-probes4development-noMSATS-noNNNN-224-519bp-0-8TGCAGG-lessthan2indelsof3nt-ProbeContigs-RG.bam
409627
145.575
26.083
5057388	2198320	
coverage_ProbeContigs/Sde-CMat_030-SdC01030-L2-clmp-fp2-repr.rad.D-3-3-probes4development-noMSATS-noNNNN-224-519bp-0-8TGCAGG-lessthan2indelsof3nt-ProbeContigs-RG.bam
131506
143.92
10.4314
5057388	1741180	
coverage_ProbeContigs/Sde-CMat_010-SdC01010-L2-clmp-fp2-repr.rad.D-3-3-probes4development-noMSATS-noNNNN-224-519bp-0-8TGCAGG-lessthan2indelsof3nt-ProbeContigs-RG.bam
840341
145.753
50.9197
5057388	2312465	
coverage_ProbeContigs/Sde-CMat_009-SdC01009-L2-clmp-fp2-repr.rad.D-3-3-probes4development-noMSATS-noNNNN-224-519bp-0-8TGCAGG-lessthan2indelsof3nt-ProbeContigs-RG.bam
890643
145.631
53.6761
5057388	2324828	
coverage_ProbeContigs/Sde-CMat_015-SdC01015-L2-clmp-fp2-repr.rad.D-3-3-probes4development-noMSATS-noNNNN-224-519bp-0-8TGCAGG-lessthan2indelsof3nt-ProbeContigs-RG.bam
738324
145.726
45.0401
5057388	2297725	
coverage_ProbeContigs/Sde-CMat_025-SdC01025-L2-clmp-fp2-repr.rad.D-3-3-probes4development-noMSATS-noNNNN-224-519bp-0-8TGCAGG-lessthan2indelsof3nt-ProbeContigs-RG.bam
352490
145.068
22.9067
5057388	2145292	
coverage_ProbeContigs/Sde-CMat_002-SdC01002-L2-clmp-fp2-repr.rad.D-3-3-probes4development-noMSATS-noNNNN-224-519bp-0-8TGCAGG-lessthan2indelsof3nt-ProbeContigs-RG.bam
1009335
145.488
60.6347
5057388	2324554	
coverage_ProbeContigs/Sde-CMat_028-SdC01028-L2-clmp-fp2-repr.rad.D-3-3-probes4development-noMSATS-noNNNN-224-519bp-0-8TGCAGG-lessthan2indelsof3nt-ProbeContigs-RG.bam
310961
144.802
20.4071
5057388	2119030	
coverage_ProbeContigs/Sde-CMat_008-SdC01008-L2-clmp-fp2-repr.rad.D-3-3-probes4development-noMSATS-noNNNN-224-519bp-0-8TGCAGG-lessthan2indelsof3nt-ProbeContigs-RG.bam
959242
145.958
57.7914
5057388	2329651	
coverage_ProbeContigs/Sde-CMat_021-SdC01021-L2-clmp-fp2-repr.rad.D-3-3-probes4development-noMSATS-noNNNN-224-519bp-0-8TGCAGG-lessthan2indelsof3nt-ProbeContigs-RG.bam
723534
144.933
44.3299
5057388	2272875	
coverage_ProbeContigs/Sde-CMat_017-SdC01017-L2-clmp-fp2-repr.rad.D-3-3-probes4development-noMSATS-noNNNN-224-519bp-0-8TGCAGG-lessthan2indelsof3nt-ProbeContigs-RG.bam
850348
145.95
51.6179
5057388	2313042	
coverage_ProbeContigs/Sde-CMat_027-SdC01027-L2-clmp-fp2-repr.rad.D-3-3-probes4development-noMSATS-noNNNN-224-519bp-0-8TGCAGG-lessthan2indelsof3nt-ProbeContigs-RG.bam
422821
145.441
26.8318
5057388	2203868	
coverage_ProbeContigs/Sde-CMat_011-SdC01011-L2-clmp-fp2-repr.rad.D-3-3-probes4development-noMSATS-noNNNN-224-519bp-0-8TGCAGG-lessthan2indelsof3nt-ProbeContigs-RG.bam
1026889
145.609
61.6207
5057388	2331850	
coverage_ProbeContigs/Sde-CMat_014-SdC01014-L2-clmp-fp2-repr.rad.D-3-3-probes4development-noMSATS-noNNNN-224-519bp-0-8TGCAGG-lessthan2indelsof3nt-ProbeContigs-RG.bam
962600
145.937
57.8427
5057388	2337825	
coverage_ProbeContigs/Sde-CMat_039-SdC01039-L2-clmp-fp2-repr.rad.D-3-3-probes4development-noMSATS-noNNNN-224-519bp-0-8TGCAGG-lessthan2indelsof3nt-ProbeContigs-RG.bam
112368
142.782
8.96878
5057388	1718954	
coverage_ProbeContigs/Sde-CMat_036-SdC01036-L2-clmp-fp2-repr.rad.D-3-3-probes4development-noMSATS-noNNNN-224-519bp-0-8TGCAGG-lessthan2indelsof3nt-ProbeContigs-RG.bam
263189
145.397
17.575
5057388	2092903	
coverage_ProbeContigs/Sde-CMat_023-SdC01023-L2-clmp-fp2-repr.rad.D-3-3-probes4development-noMSATS-noNNNN-224-519bp-0-8TGCAGG-lessthan2indelsof3nt-ProbeContigs-RG.bam
861847
145.448
52.311
5057388	2302702	
coverage_ProbeContigs/Sde-CMat_029-SdC01029-L2-clmp-fp2-repr.rad.D-3-3-probes4development-noMSATS-noNNNN-224-519bp-0-8TGCAGG-lessthan2indelsof3nt-ProbeContigs-RG.bam
590762
145.645
36.2572
5057388	2284608	
coverage_ProbeContigs/Sde-CMat_024-SdC01024-L2-clmp-fp2-repr.rad.D-3-3-probes4development-noMSATS-noNNNN-224-519bp-0-8TGCAGG-lessthan2indelsof3nt-ProbeContigs-RG.bam
819139
144.834
49.8608
5057388	2288778	
coverage_ProbeContigs/Sde-CMat_032-SdC01032-L2-clmp-fp2-repr.rad.D-3-3-probes4development-noMSATS-noNNNN-224-519bp-0-8TGCAGG-lessthan2indelsof3nt-ProbeContigs-RG.bam
551171
145.582
34.2643
5057388	2251324	
coverage_ProbeContigs/Sde-CMat_033-SdC01033-L2-clmp-fp2-repr.rad.D-3-3-probes4development-noMSATS-noNNNN-224-519bp-0-8TGCAGG-lessthan2indelsof3nt-ProbeContigs-RG.bam
568949
145.189
35.3415
5057388	2246886	
coverage_ProbeContigs/Sde-CMat_035-SdC01035-L2-clmp-fp2-repr.rad.D-3-3-probes4development-noMSATS-noNNNN-224-519bp-0-8TGCAGG-lessthan2indelsof3nt-ProbeContigs-RG.bam
377837
144.916
24.5899
5057388	2139962	
coverage_ProbeContigs/Sde-CMat_042-SdC01042-L2-clmp-fp2-repr.rad.D-3-3-probes4development-noMSATS-noNNNN-224-519bp-0-8TGCAGG-lessthan2indelsof3nt-ProbeContigs-RG.bam
251775
144.663
17.039
5057388	2052363	
coverage_ProbeContigs/Sde-CMat_037-SdC01037-L2-clmp-fp2-repr.rad.D-3-3-probes4development-noMSATS-noNNNN-224-519bp-0-8TGCAGG-lessthan2indelsof3nt-ProbeContigs-RG.bam
360772
144.216
23.5627
5057388	2120448	
coverage_ProbeContigs/Sde-CMat_043-SdC01043-L2-clmp-fp2-repr.rad.D-3-3-probes4development-noMSATS-noNNNN-224-519bp-0-8TGCAGG-lessthan2indelsof3nt-ProbeContigs-RG.bam
259575
143.636
18.1159
5057388	1976381	
coverage_ProbeContigs/Sde-CMat_038-SdC01038-L2-clmp-fp2-repr.rad.D-3-3-probes4development-noMSATS-noNNNN-224-519bp-0-8TGCAGG-lessthan2indelsof3nt-ProbeContigs-RG.bam
560235
145.877
34.698
5057388	2266000	
coverage_ProbeContigs/Sde-CMat_045-SdC01045-L2-clmp-fp2-repr.rad.D-3-3-probes4development-noMSATS-noNNNN-224-519bp-0-8TGCAGG-lessthan2indelsof3nt-ProbeContigs-RG.bam
462069
143.078
29.6599
5057388	2141656	
coverage_ProbeContigs/Sde-CMat_053-SdC01053-L2-clmp-fp2-repr.rad.D-3-3-probes4development-noMSATS-noNNNN-224-519bp-0-8TGCAGG-lessthan2indelsof3nt-ProbeContigs-RG.bam
224131
144.177
15.8205
5057388	1962506	
coverage_ProbeContigs/Sde-CMat_049-SdC01049-L2-clmp-fp2-repr.rad.D-3-3-probes4development-noMSATS-noNNNN-224-519bp-0-8TGCAGG-lessthan2indelsof3nt-ProbeContigs-RG.bam
391136
144.144
25.5145
5057388	2122667	
coverage_ProbeContigs/Sde-CMat_041-SdC01041-L2-clmp-fp2-repr.rad.D-3-3-probes4development-noMSATS-noNNNN-224-519bp-0-8TGCAGG-lessthan2indelsof3nt-ProbeContigs-RG.bam
668355
145.844
40.8102
5057388	2298423	
coverage_ProbeContigs/Sde-CMat_054-SdC01054-L2-clmp-fp2-repr.rad.D-3-3-probes4development-noMSATS-noNNNN-224-519bp-0-8TGCAGG-lessthan2indelsof3nt-ProbeContigs-RG.bam
275175
143.96
18.6178
5057388	2042951	
coverage_ProbeContigs/Sde-CMat_050-SdC01050-L2-clmp-fp2-repr.rad.D-3-3-probes4development-noMSATS-noNNNN-224-519bp-0-8TGCAGG-lessthan2indelsof3nt-ProbeContigs-RG.bam
398951
145.439
25.4026
5057388	2195811	
coverage_ProbeContigs/Sde-CMat_060-SdC01060-L2-clmp-fp2-repr.rad.D-3-3-probes4development-noMSATS-noNNNN-224-519bp-0-8TGCAGG-lessthan2indelsof3nt-ProbeContigs-RG.bam
130462
143.863
10.0445
5057388	1793835	
coverage_ProbeContigs/Sde-CMat_047-SdC01047-L2-clmp-fp2-repr.rad.D-3-3-probes4development-noMSATS-noNNNN-224-519bp-0-8TGCAGG-lessthan2indelsof3nt-ProbeContigs-RG.bam
540652
142.95
34.7876
5057388	2135099	
coverage_ProbeContigs/Sde-CMat_061-SdC01061-L2-clmp-fp2-repr.rad.D-3-3-probes4development-noMSATS-noNNNN-224-519bp-0-8TGCAGG-lessthan2indelsof3nt-ProbeContigs-RG.bam
66557
140.151
6.56874
5057388	1364935	
coverage_ProbeContigs/Sde-CMat_031-SdC01031-L2-clmp-fp2-repr.rad.D-3-3-probes4development-noMSATS-noNNNN-224-519bp-0-8TGCAGG-lessthan2indelsof3nt-ProbeContigs-RG.bam
1186323
146.029
70.6388
5057388	2357267	
coverage_ProbeContigs/Sde-CMat_055-SdC01055-L2-clmp-fp2-repr.rad.D-3-3-probes4development-noMSATS-noNNNN-224-519bp-0-8TGCAGG-lessthan2indelsof3nt-ProbeContigs-RG.bam
385112
145.088
24.931
5057388	2153338	
coverage_ProbeContigs/Sde-CMat_044-SdC01044-L2-clmp-fp2-repr.rad.D-3-3-probes4development-noMSATS-noNNNN-224-519bp-0-8TGCAGG-lessthan2indelsof3nt-ProbeContigs-RG.bam
737957
145.641
44.8603
5057388	2305973	
coverage_ProbeContigs/Sde-CMat_066-SdC01066-L2-clmp-fp2-repr.rad.D-3-3-probes4development-noMSATS-noNNNN-224-519bp-0-8TGCAGG-lessthan2indelsof3nt-ProbeContigs-RG.bam
45215
142.685
4.98137
5057388	1243648	
coverage_ProbeContigs/Sde-CMat_057-SdC01057-L2-clmp-fp2-repr.rad.D-3-3-probes4development-noMSATS-noNNNN-224-519bp-0-8TGCAGG-lessthan2indelsof3nt-ProbeContigs-RG.bam
421301
145.391
26.6485
5057388	2209086	
coverage_ProbeContigs/Sde-CMat_064-SdC01064-L2-clmp-fp2-repr.rad.D-3-3-probes4development-noMSATS-noNNNN-224-519bp-0-8TGCAGG-lessthan2indelsof3nt-ProbeContigs-RG.bam
62277
142.179
5.97359
5057388	1421590	
coverage_ProbeContigs/Sde-CMat_063-SdC01063-L2-clmp-fp2-repr.rad.D-3-3-probes4development-noMSATS-noNNNN-224-519bp-0-8TGCAGG-lessthan2indelsof3nt-ProbeContigs-RG.bam
107701
144.192
8.67899
5057388	1718214	
coverage_ProbeContigs/Sde-CMat_048-SdC01048-L2-clmp-fp2-repr.rad.D-3-3-probes4development-noMSATS-noNNNN-224-519bp-0-8TGCAGG-lessthan2indelsof3nt-ProbeContigs-RG.bam
583243
145.24
35.9929
5057388	2263717	
coverage_ProbeContigs/Sde-CMat_046-SdC01046-L2-clmp-fp2-repr.rad.D-3-3-probes4development-noMSATS-noNNNN-224-519bp-0-8TGCAGG-lessthan2indelsof3nt-ProbeContigs-RG.bam
665549
145.659
40.8217
5057388	2284260	
coverage_ProbeContigs/Sde-CMat_051-SdC01051-L2-clmp-fp2-repr.rad.D-3-3-probes4development-noMSATS-noNNNN-224-519bp-0-8TGCAGG-lessthan2indelsof3nt-ProbeContigs-RG.bam
583212
145.177
36.2561
5057388	2243715	
coverage_ProbeContigs/Sde-CMat_062-SdC01062-L2-clmp-fp2-repr.rad.D-3-3-probes4development-noMSATS-noNNNN-224-519bp-0-8TGCAGG-lessthan2indelsof3nt-ProbeContigs-RG.bam
347969
144.709
22.6507
5057388	2136051	
coverage_ProbeContigs/Sde-CMat_056-SdC01056-L2-clmp-fp2-repr.rad.D-3-3-probes4development-noMSATS-noNNNN-224-519bp-0-8TGCAGG-lessthan2indelsof3nt-ProbeContigs-RG.bam
617815
145.069
38.4623
5057388	2239024	
coverage_ProbeContigs/Sde-CMat_040-SdC01040-L2-clmp-fp2-repr.rad.D-3-3-probes4development-noMSATS-noNNNN-224-519bp-0-8TGCAGG-lessthan2indelsof3nt-ProbeContigs-RG.bam
1022432
145.967
61.2137
5057388	2347905	
coverage_ProbeContigs/Sde-CMat_034-SdC01034-L2-clmp-fp2-repr.rad.D-3-3-probes4development-noMSATS-noNNNN-224-519bp-0-8TGCAGG-lessthan2indelsof3nt-ProbeContigs-RG.bam
1212219
145.576
72.2366
5057388	2341581	
coverage_ProbeContigs/Sde-CMat_068-SdC01068-L2-clmp-fp2-repr.rad.D-3-3-probes4development-noMSATS-noNNNN-224-519bp-0-8TGCAGG-lessthan2indelsof3nt-ProbeContigs-RG.bam
236010
144.541
16.2553
5057388	2014866	
coverage_ProbeContigs/Sde-CMat_067-SdC01067-L2-clmp-fp2-repr.rad.D-3-3-probes4development-noMSATS-noNNNN-224-519bp-0-8TGCAGG-lessthan2indelsof3nt-ProbeContigs-RG.bam
241532
144.492
17.31
5057388	1935446	
coverage_ProbeContigs/Sde-CMat_070-SdC01070-L2-clmp-fp2-repr.rad.D-3-3-probes4development-noMSATS-noNNNN-224-519bp-0-8TGCAGG-lessthan2indelsof3nt-ProbeContigs-RG.bam
282255
144.801
19.0195
5057388	2063885	
coverage_ProbeContigs/Sde-CMat_059-SdC01059-L2-clmp-fp2-repr.rad.D-3-3-probes4development-noMSATS-noNNNN-224-519bp-0-8TGCAGG-lessthan2indelsof3nt-ProbeContigs-RG.bam
778061
145.472
47.5232
5057388	2286496	
coverage_ProbeContigs/Sde-CMat_071-SdC01071-L2-clmp-fp2-repr.rad.D-3-3-probes4development-noMSATS-noNNNN-224-519bp-0-8TGCAGG-lessthan2indelsof3nt-ProbeContigs-RG.bam
332514
144.725
21.8752
5057388	2112890	
coverage_ProbeContigs/Sde-CMat_076-SdC01076-L2-clmp-fp2-repr.rad.D-3-3-probes4development-noMSATS-noNNNN-224-519bp-0-8TGCAGG-lessthan2indelsof3nt-ProbeContigs-RG.bam
233631
143.987
16.096
5057388	2006721	
coverage_ProbeContigs/Sde-CMat_082-SdC01082-L2-clmp-fp2-repr.rad.D-3-3-probes4development-noMSATS-noNNNN-224-519bp-0-8TGCAGG-lessthan2indelsof3nt-ProbeContigs-RG.bam
226386
142.604
16.0164
5057388	1940622	
coverage_ProbeContigs/Sde-CMat_081-SdC01081-L2-clmp-fp2-repr.rad.D-3-3-probes4development-noMSATS-noNNNN-224-519bp-0-8TGCAGG-lessthan2indelsof3nt-ProbeContigs-RG.bam
305524
143.708
20.2207
5057388	2085189	
coverage_ProbeContigs/Sde-CMat_065-SdC01065-L2-clmp-fp2-repr.rad.D-3-3-probes4development-noMSATS-noNNNN-224-519bp-0-8TGCAGG-lessthan2indelsof3nt-ProbeContigs-RG.bam
789184
145.651
47.7941
5057388	2313302	
coverage_ProbeContigs/Sde-CMat_069-SdC01069-L2-clmp-fp2-repr.rad.D-3-3-probes4development-noMSATS-noNNNN-224-519bp-0-8TGCAGG-lessthan2indelsof3nt-ProbeContigs-RG.bam
768243
145.701
46.4973
5057388	2317133	
coverage_ProbeContigs/Sde-CMat_083-SdC01083-L2-clmp-fp2-repr.rad.D-3-3-probes4development-noMSATS-noNNNN-224-519bp-0-8TGCAGG-lessthan2indelsof3nt-ProbeContigs-RG.bam
289165
145
19.3875
5057388	2077538	
coverage_ProbeContigs/Sde-CMat_058-SdC01058-L2-clmp-fp2-repr.rad.D-3-3-probes4development-noMSATS-noNNNN-224-519bp-0-8TGCAGG-lessthan2indelsof3nt-ProbeContigs-RG.bam
1231065
145.974
73.2829
5057388	2357911	
coverage_ProbeContigs/Sde-CMat_089-SdC01089-L2-clmp-fp2-repr.rad.D-3-3-probes4development-noMSATS-noNNNN-224-519bp-0-8TGCAGG-lessthan2indelsof3nt-ProbeContigs-RG.bam
257317
142.344
17.6163
5057388	1999676	
coverage_ProbeContigs/Sde-CMat_079-SdC01079-L2-clmp-fp2-repr.rad.D-3-3-probes4development-noMSATS-noNNNN-224-519bp-0-8TGCAGG-lessthan2indelsof3nt-ProbeContigs-RG.bam
561726
145.497
34.9951
5057388	2245336	
coverage_ProbeContigs/Sde-CMat_072-SdC01072-L2-clmp-fp2-repr.rad.D-3-3-probes4development-noMSATS-noNNNN-224-519bp-0-8TGCAGG-lessthan2indelsof3nt-ProbeContigs-RG.bam
768395
145.329
46.818
5057388	2291634	
coverage_ProbeContigs/Sde-CMat_080-SdC01080-L2-clmp-fp2-repr.rad.D-3-3-probes4development-noMSATS-noNNNN-224-519bp-0-8TGCAGG-lessthan2indelsof3nt-ProbeContigs-RG.bam
651593
145.492
40.1216
5057388	2270792	
coverage_ProbeContigs/Sde-CMat_073-SdC01073-L2-clmp-fp2-repr.rad.D-3-3-probes4development-noMSATS-noNNNN-224-519bp-0-8TGCAGG-lessthan2indelsof3nt-ProbeContigs-RG.bam
868212
145.582
52.7603
5057388	2301374	
coverage_ProbeContigs/Sde-CMat_077-SdC01077-L2-clmp-fp2-repr.rad.D-3-3-probes4development-noMSATS-noNNNN-224-519bp-0-8TGCAGG-lessthan2indelsof3nt-ProbeContigs-RG.bam
685644
145.73
41.9231
5057388	2292243	
coverage_ProbeContigs/Sde-CMat_075-SdC01075-L2-clmp-fp2-repr.rad.D-3-3-probes4development-noMSATS-noNNNN-224-519bp-0-8TGCAGG-lessthan2indelsof3nt-ProbeContigs-RG.bam
933977
145.699
56.3433
5057388	2318874	
coverage_ProbeContigs/Sde-CMat_090-SdC01090-L2-clmp-fp2-repr.rad.D-3-3-probes4development-noMSATS-noNNNN-224-519bp-0-8TGCAGG-lessthan2indelsof3nt-ProbeContigs-RG.bam
459658
144.772
29.0688
5057388	2199633	
coverage_ProbeContigs/Sde-CMat_085-SdC01085-L2-clmp-fp2-repr.rad.D-3-3-probes4development-noMSATS-noNNNN-224-519bp-0-8TGCAGG-lessthan2indelsof3nt-ProbeContigs-RG.bam
782554
145.044
47.4754
5057388	2297883	
coverage_ProbeContigs/Sde-CMat_074-SdC01074-L2-clmp-fp2-repr.rad.D-3-3-probes4development-noMSATS-noNNNN-224-519bp-0-8TGCAGG-lessthan2indelsof3nt-ProbeContigs-RG.bam
1209078
145.759
72.1842
5057388	2343180	
coverage_ProbeContigs/Sde-CMat_086-SdC01086-L2-clmp-fp2-repr.rad.D-3-3-probes4development-noMSATS-noNNNN-224-519bp-0-8TGCAGG-lessthan2indelsof3nt-ProbeContigs-RG.bam
962061
146.025
57.6963
5057388	2342953	
coverage_ProbeContigs/Sde-CMat_088-SdC01088-L2-clmp-fp2-repr.rad.D-3-3-probes4development-noMSATS-noNNNN-224-519bp-0-8TGCAGG-lessthan2indelsof3nt-ProbeContigs-RG.bam
914220
146.031
55.0741
5057388	2332702	
coverage_ProbeContigs/Sde-CMat_084-SdC01084-L2-clmp-fp2-repr.rad.D-3-3-probes4development-noMSATS-noNNNN-224-519bp-0-8TGCAGG-lessthan2indelsof3nt-ProbeContigs-RG.bam
1117754
145.632
66.771
5057388	2340060	
coverage_ProbeContigs/Sde-CMat_087-SdC01087-L2-clmp-fp2-repr.rad.D-3-3-probes4development-noMSATS-noNNNN-224-519bp-0-8TGCAGG-lessthan2indelsof3nt-ProbeContigs-RG.bam
1461448
145.808
86.4698
5057388	2363306	
paste: awk: No such file or directory
Tue May 10 18:39:14 EDT 2022
coverage_ProbeContigs
coverage_ProbeContigs
Sde
-RG.bam
coverage_ProbeContigs/Sde-AMar_001-SdA02001-L2-clmp-fp2-repr.rad.D-3-3-probes4development-noMSATS-noNNNN-224-519bp-0-8TGCAGG-lessthan2indelsof3nt-ProbeContigs-RG.bam coverage_ProbeContigs/Sde-AMar_002-SdA02002-L2-clmp-fp2-repr.rad.D-3-3-probes4development-noMSATS-noNNNN-224-519bp-0-8TGCAGG-lessthan2indelsof3nt-ProbeContigs-RG.bam coverage_ProbeContigs/Sde-AMar_003-SdA02003-L2-clmp-fp2-repr.rad.D-3-3-probes4development-noMSATS-noNNNN-224-519bp-0-8TGCAGG-lessthan2indelsof3nt-ProbeContigs-RG.bam coverage_ProbeContigs/Sde-AMar_004-SdA02004-L2-clmp-fp2-repr.rad.D-3-3-probes4development-noMSATS-noNNNN-224-519bp-0-8TGCAGG-lessthan2indelsof3nt-ProbeContigs-RG.bam coverage_ProbeContigs/Sde-AMar_005-SdA02005-L2-clmp-fp2-repr.rad.D-3-3-probes4development-noMSATS-noNNNN-224-519bp-0-8TGCAGG-lessthan2indelsof3nt-ProbeContigs-RG.bam coverage_ProbeContigs/Sde-AMar_006-SdA02006-L2-clmp-fp2-repr.rad.D-3-3-probes4development-noMSATS-noNNNN-224-519bp-0-8TGCAGG-lessthan2indelsof3nt-ProbeContigs-RG.bam coverage_ProbeContigs/Sde-AMar_007-SdA02007-L2-clmp-fp2-repr.rad.D-3-3-probes4development-noMSATS-noNNNN-224-519bp-0-8TGCAGG-lessthan2indelsof3nt-ProbeContigs-RG.bam coverage_ProbeContigs/Sde-AMar_008-SdA02008-L2-clmp-fp2-repr.rad.D-3-3-probes4development-noMSATS-noNNNN-224-519bp-0-8TGCAGG-lessthan2indelsof3nt-ProbeContigs-RG.bam coverage_ProbeContigs/Sde-AMar_009-SdA02009-L2-clmp-fp2-repr.rad.D-3-3-probes4development-noMSATS-noNNNN-224-519bp-0-8TGCAGG-lessthan2indelsof3nt-ProbeContigs-RG.bam coverage_ProbeContigs/Sde-AMar_010-SdA02010-L2-clmp-fp2-repr.rad.D-3-3-probes4development-noMSATS-noNNNN-224-519bp-0-8TGCAGG-lessthan2indelsof3nt-ProbeContigs-RG.bam coverage_ProbeContigs/Sde-AMar_011-SdA02011-L2-clmp-fp2-repr.rad.D-3-3-probes4development-noMSATS-noNNNN-224-519bp-0-8TGCAGG-lessthan2indelsof3nt-ProbeContigs-RG.bam coverage_ProbeContigs/Sde-AMar_012-SdA02012-L2-clmp-fp2-repr.rad.D-3-3-probes4development-noMSATS-noNNNN-224-519bp-0-8TGCAGG-lessthan2indelsof3nt-ProbeContigs-RG.bam coverage_ProbeContigs/Sde-AMar_013-SdA02013-L2-clmp-fp2-repr.rad.D-3-3-probes4development-noMSATS-noNNNN-224-519bp-0-8TGCAGG-lessthan2indelsof3nt-ProbeContigs-RG.bam coverage_ProbeContigs/Sde-AMar_014-SdA02014-L2-clmp-fp2-repr.rad.D-3-3-probes4development-noMSATS-noNNNN-224-519bp-0-8TGCAGG-lessthan2indelsof3nt-ProbeContigs-RG.bam coverage_ProbeContigs/Sde-AMar_015-SdA02015-L2-clmp-fp2-repr.rad.D-3-3-probes4development-noMSATS-noNNNN-224-519bp-0-8TGCAGG-lessthan2indelsof3nt-ProbeContigs-RG.bam coverage_ProbeContigs/Sde-AMar_016-SdA02016-L2-clmp-fp2-repr.rad.D-3-3-probes4development-noMSATS-noNNNN-224-519bp-0-8TGCAGG-lessthan2indelsof3nt-ProbeContigs-RG.bam coverage_ProbeContigs/Sde-AMar_017-SdA02017-L2-clmp-fp2-repr.rad.D-3-3-probes4development-noMSATS-noNNNN-224-519bp-0-8TGCAGG-lessthan2indelsof3nt-ProbeContigs-RG.bam coverage_ProbeContigs/Sde-AMar_019-SdA02019-L2-clmp-fp2-repr.rad.D-3-3-probes4development-noMSATS-noNNNN-224-519bp-0-8TGCAGG-lessthan2indelsof3nt-ProbeContigs-RG.bam coverage_ProbeContigs/Sde-AMar_020-SdA02020-L2-clmp-fp2-repr.rad.D-3-3-probes4development-noMSATS-noNNNN-224-519bp-0-8TGCAGG-lessthan2indelsof3nt-ProbeContigs-RG.bam coverage_ProbeContigs/Sde-AMar_021-SdA02021-L2-clmp-fp2-repr.rad.D-3-3-probes4development-noMSATS-noNNNN-224-519bp-0-8TGCAGG-lessthan2indelsof3nt-ProbeContigs-RG.bam coverage_ProbeContigs/Sde-AMar_022-SdA02022-L2-clmp-fp2-repr.rad.D-3-3-probes4development-noMSATS-noNNNN-224-519bp-0-8TGCAGG-lessthan2indelsof3nt-ProbeContigs-RG.bam coverage_ProbeContigs/Sde-AMar_023-SdA02023-L2-clmp-fp2-repr.rad.D-3-3-probes4development-noMSATS-noNNNN-224-519bp-0-8TGCAGG-lessthan2indelsof3nt-ProbeContigs-RG.bam coverage_ProbeContigs/Sde-AMar_024-SdA02024-L2-clmp-fp2-repr.rad.D-3-3-probes4development-noMSATS-noNNNN-224-519bp-0-8TGCAGG-lessthan2indelsof3nt-ProbeContigs-RG.bam coverage_ProbeContigs/Sde-AMar_025-SdA02025-L2-clmp-fp2-repr.rad.D-3-3-probes4development-noMSATS-noNNNN-224-519bp-0-8TGCAGG-lessthan2indelsof3nt-ProbeContigs-RG.bam coverage_ProbeContigs/Sde-AMar_026-SdA02026-L2-clmp-fp2-repr.rad.D-3-3-probes4development-noMSATS-noNNNN-224-519bp-0-8TGCAGG-lessthan2indelsof3nt-ProbeContigs-RG.bam coverage_ProbeContigs/Sde-AMar_027-SdA02027-L2-clmp-fp2-repr.rad.D-3-3-probes4development-noMSATS-noNNNN-224-519bp-0-8TGCAGG-lessthan2indelsof3nt-ProbeContigs-RG.bam coverage_ProbeContigs/Sde-AMar_030-SdA02030-L2-clmp-fp2-repr.rad.D-3-3-probes4development-noMSATS-noNNNN-224-519bp-0-8TGCAGG-lessthan2indelsof3nt-ProbeContigs-RG.bam coverage_ProbeContigs/Sde-AMar_031-SdA02031-L2-clmp-fp2-repr.rad.D-3-3-probes4development-noMSATS-noNNNN-224-519bp-0-8TGCAGG-lessthan2indelsof3nt-ProbeContigs-RG.bam coverage_ProbeContigs/Sde-AMar_032-SdA02032-L2-clmp-fp2-repr.rad.D-3-3-probes4development-noMSATS-noNNNN-224-519bp-0-8TGCAGG-lessthan2indelsof3nt-ProbeContigs-RG.bam coverage_ProbeContigs/Sde-AMar_033-SdA02033-L2-clmp-fp2-repr.rad.D-3-3-probes4development-noMSATS-noNNNN-224-519bp-0-8TGCAGG-lessthan2indelsof3nt-ProbeContigs-RG.bam coverage_ProbeContigs/Sde-AMar_034-SdA02034-L2-clmp-fp2-repr.rad.D-3-3-probes4development-noMSATS-noNNNN-224-519bp-0-8TGCAGG-lessthan2indelsof3nt-ProbeContigs-RG.bam coverage_ProbeContigs/Sde-AMar_035-SdA02035-L2-clmp-fp2-repr.rad.D-3-3-probes4development-noMSATS-noNNNN-224-519bp-0-8TGCAGG-lessthan2indelsof3nt-ProbeContigs-RG.bam coverage_ProbeContigs/Sde-AMar_036-SdA02036-L2-clmp-fp2-repr.rad.D-3-3-probes4development-noMSATS-noNNNN-224-519bp-0-8TGCAGG-lessthan2indelsof3nt-ProbeContigs-RG.bam coverage_ProbeContigs/Sde-AMar_037-SdA02037-L2-clmp-fp2-repr.rad.D-3-3-probes4development-noMSATS-noNNNN-224-519bp-0-8TGCAGG-lessthan2indelsof3nt-ProbeContigs-RG.bam coverage_ProbeContigs/Sde-AMar_038-SdA02038-L2-clmp-fp2-repr.rad.D-3-3-probes4development-noMSATS-noNNNN-224-519bp-0-8TGCAGG-lessthan2indelsof3nt-ProbeContigs-RG.bam coverage_ProbeContigs/Sde-AMar_039-SdA02039-L2-clmp-fp2-repr.rad.D-3-3-probes4development-noMSATS-noNNNN-224-519bp-0-8TGCAGG-lessthan2indelsof3nt-ProbeContigs-RG.bam coverage_ProbeContigs/Sde-AMar_041-SdA02041-L2-clmp-fp2-repr.rad.D-3-3-probes4development-noMSATS-noNNNN-224-519bp-0-8TGCAGG-lessthan2indelsof3nt-ProbeContigs-RG.bam coverage_ProbeContigs/Sde-AMar_044-SdA02044-L2-clmp-fp2-repr.rad.D-3-3-probes4development-noMSATS-noNNNN-224-519bp-0-8TGCAGG-lessthan2indelsof3nt-ProbeContigs-RG.bam coverage_ProbeContigs/Sde-AMar_045-SdA02045-L2-clmp-fp2-repr.rad.D-3-3-probes4development-noMSATS-noNNNN-224-519bp-0-8TGCAGG-lessthan2indelsof3nt-ProbeContigs-RG.bam coverage_ProbeContigs/Sde-AMar_046-SdA02046-L2-clmp-fp2-repr.rad.D-3-3-probes4development-noMSATS-noNNNN-224-519bp-0-8TGCAGG-lessthan2indelsof3nt-ProbeContigs-RG.bam coverage_ProbeContigs/Sde-AMar_047-SdA02047-L2-clmp-fp2-repr.rad.D-3-3-probes4development-noMSATS-noNNNN-224-519bp-0-8TGCAGG-lessthan2indelsof3nt-ProbeContigs-RG.bam coverage_ProbeContigs/Sde-AMar_048-SdA02048-L2-clmp-fp2-repr.rad.D-3-3-probes4development-noMSATS-noNNNN-224-519bp-0-8TGCAGG-lessthan2indelsof3nt-ProbeContigs-RG.bam coverage_ProbeContigs/Sde-AMar_049-SdA02049-L2-clmp-fp2-repr.rad.D-3-3-probes4development-noMSATS-noNNNN-224-519bp-0-8TGCAGG-lessthan2indelsof3nt-ProbeContigs-RG.bam coverage_ProbeContigs/Sde-AMar_050-SdA02050-L2-clmp-fp2-repr.rad.D-3-3-probes4development-noMSATS-noNNNN-224-519bp-0-8TGCAGG-lessthan2indelsof3nt-ProbeContigs-RG.bam coverage_ProbeContigs/Sde-AMar_051-SdA02051-L2-clmp-fp2-repr.rad.D-3-3-probes4development-noMSATS-noNNNN-224-519bp-0-8TGCAGG-lessthan2indelsof3nt-ProbeContigs-RG.bam coverage_ProbeContigs/Sde-AMar_052-SdA02052-L2-clmp-fp2-repr.rad.D-3-3-probes4development-noMSATS-noNNNN-224-519bp-0-8TGCAGG-lessthan2indelsof3nt-ProbeContigs-RG.bam coverage_ProbeContigs/Sde-AMar_053-SdA02053-L2-clmp-fp2-repr.rad.D-3-3-probes4development-noMSATS-noNNNN-224-519bp-0-8TGCAGG-lessthan2indelsof3nt-ProbeContigs-RG.bam coverage_ProbeContigs/Sde-AMar_054-SdA02054-L2-clmp-fp2-repr.rad.D-3-3-probes4development-noMSATS-noNNNN-224-519bp-0-8TGCAGG-lessthan2indelsof3nt-ProbeContigs-RG.bam coverage_ProbeContigs/Sde-AMar_055-SdA02055-L2-clmp-fp2-repr.rad.D-3-3-probes4development-noMSATS-noNNNN-224-519bp-0-8TGCAGG-lessthan2indelsof3nt-ProbeContigs-RG.bam coverage_ProbeContigs/Sde-AMar_056-SdA02056-L2-clmp-fp2-repr.rad.D-3-3-probes4development-noMSATS-noNNNN-224-519bp-0-8TGCAGG-lessthan2indelsof3nt-ProbeContigs-RG.bam coverage_ProbeContigs/Sde-AMar_057-SdA02057-L2-clmp-fp2-repr.rad.D-3-3-probes4development-noMSATS-noNNNN-224-519bp-0-8TGCAGG-lessthan2indelsof3nt-ProbeContigs-RG.bam coverage_ProbeContigs/Sde-AMar_058-SdA02058-L2-clmp-fp2-repr.rad.D-3-3-probes4development-noMSATS-noNNNN-224-519bp-0-8TGCAGG-lessthan2indelsof3nt-ProbeContigs-RG.bam coverage_ProbeContigs/Sde-AMar_059-SdA02059-L2-clmp-fp2-repr.rad.D-3-3-probes4development-noMSATS-noNNNN-224-519bp-0-8TGCAGG-lessthan2indelsof3nt-ProbeContigs-RG.bam coverage_ProbeContigs/Sde-AMar_060-SdA02060-L2-clmp-fp2-repr.rad.D-3-3-probes4development-noMSATS-noNNNN-224-519bp-0-8TGCAGG-lessthan2indelsof3nt-ProbeContigs-RG.bam coverage_ProbeContigs/Sde-AMar_061-SdA02061-L2-clmp-fp2-repr.rad.D-3-3-probes4development-noMSATS-noNNNN-224-519bp-0-8TGCAGG-lessthan2indelsof3nt-ProbeContigs-RG.bam coverage_ProbeContigs/Sde-AMar_062-SdA02062-L2-clmp-fp2-repr.rad.D-3-3-probes4development-noMSATS-noNNNN-224-519bp-0-8TGCAGG-lessthan2indelsof3nt-ProbeContigs-RG.bam coverage_ProbeContigs/Sde-AMar_063-SdA02063-L2-clmp-fp2-repr.rad.D-3-3-probes4development-noMSATS-noNNNN-224-519bp-0-8TGCAGG-lessthan2indelsof3nt-ProbeContigs-RG.bam coverage_ProbeContigs/Sde-AMar_064-SdA02064-L2-clmp-fp2-repr.rad.D-3-3-probes4development-noMSATS-noNNNN-224-519bp-0-8TGCAGG-lessthan2indelsof3nt-ProbeContigs-RG.bam coverage_ProbeContigs/Sde-AMar_065-SdA02065-L2-clmp-fp2-repr.rad.D-3-3-probes4development-noMSATS-noNNNN-224-519bp-0-8TGCAGG-lessthan2indelsof3nt-ProbeContigs-RG.bam coverage_ProbeContigs/Sde-AMat_001-SdA01001-L2-clmp-fp2-repr.rad.D-3-3-probes4development-noMSATS-noNNNN-224-519bp-0-8TGCAGG-lessthan2indelsof3nt-ProbeContigs-RG.bam coverage_ProbeContigs/Sde-AMat_002-SdA01002-L2-clmp-fp2-repr.rad.D-3-3-probes4development-noMSATS-noNNNN-224-519bp-0-8TGCAGG-lessthan2indelsof3nt-ProbeContigs-RG.bam coverage_ProbeContigs/Sde-AMat_003-SdA01003-L2-clmp-fp2-repr.rad.D-3-3-probes4development-noMSATS-noNNNN-224-519bp-0-8TGCAGG-lessthan2indelsof3nt-ProbeContigs-RG.bam coverage_ProbeContigs/Sde-AMat_005-SdA01005-L2-clmp-fp2-repr.rad.D-3-3-probes4development-noMSATS-noNNNN-224-519bp-0-8TGCAGG-lessthan2indelsof3nt-ProbeContigs-RG.bam coverage_ProbeContigs/Sde-AMat_006-SdA01006-L2-clmp-fp2-repr.rad.D-3-3-probes4development-noMSATS-noNNNN-224-519bp-0-8TGCAGG-lessthan2indelsof3nt-ProbeContigs-RG.bam coverage_ProbeContigs/Sde-AMat_007-SdA01007-L2-clmp-fp2-repr.rad.D-3-3-probes4development-noMSATS-noNNNN-224-519bp-0-8TGCAGG-lessthan2indelsof3nt-ProbeContigs-RG.bam coverage_ProbeContigs/Sde-AMat_008-SdA01008-L2-clmp-fp2-repr.rad.D-3-3-probes4development-noMSATS-noNNNN-224-519bp-0-8TGCAGG-lessthan2indelsof3nt-ProbeContigs-RG.bam coverage_ProbeContigs/Sde-AMat_009-SdA01009-L2-clmp-fp2-repr.rad.D-3-3-probes4development-noMSATS-noNNNN-224-519bp-0-8TGCAGG-lessthan2indelsof3nt-ProbeContigs-RG.bam coverage_ProbeContigs/Sde-AMat_010-SdA01010-L2-clmp-fp2-repr.rad.D-3-3-probes4development-noMSATS-noNNNN-224-519bp-0-8TGCAGG-lessthan2indelsof3nt-ProbeContigs-RG.bam coverage_ProbeContigs/Sde-AMat_011-SdA01011-L2-clmp-fp2-repr.rad.D-3-3-probes4development-noMSATS-noNNNN-224-519bp-0-8TGCAGG-lessthan2indelsof3nt-ProbeContigs-RG.bam coverage_ProbeContigs/Sde-AMat_012-SdA01012-L2-clmp-fp2-repr.rad.D-3-3-probes4development-noMSATS-noNNNN-224-519bp-0-8TGCAGG-lessthan2indelsof3nt-ProbeContigs-RG.bam coverage_ProbeContigs/Sde-AMat_013-SdA01013-L2-clmp-fp2-repr.rad.D-3-3-probes4development-noMSATS-noNNNN-224-519bp-0-8TGCAGG-lessthan2indelsof3nt-ProbeContigs-RG.bam coverage_ProbeContigs/Sde-AMat_014-SdA01014-L2-clmp-fp2-repr.rad.D-3-3-probes4development-noMSATS-noNNNN-224-519bp-0-8TGCAGG-lessthan2indelsof3nt-ProbeContigs-RG.bam coverage_ProbeContigs/Sde-AMat_015-SdA01015-L2-clmp-fp2-repr.rad.D-3-3-probes4development-noMSATS-noNNNN-224-519bp-0-8TGCAGG-lessthan2indelsof3nt-ProbeContigs-RG.bam coverage_ProbeContigs/Sde-AMat_016-SdA01016-L2-clmp-fp2-repr.rad.D-3-3-probes4development-noMSATS-noNNNN-224-519bp-0-8TGCAGG-lessthan2indelsof3nt-ProbeContigs-RG.bam coverage_ProbeContigs/Sde-AMat_017-SdA01017-L2-clmp-fp2-repr.rad.D-3-3-probes4development-noMSATS-noNNNN-224-519bp-0-8TGCAGG-lessthan2indelsof3nt-ProbeContigs-RG.bam coverage_ProbeContigs/Sde-AMat_018-SdA01018-L2-clmp-fp2-repr.rad.D-3-3-probes4development-noMSATS-noNNNN-224-519bp-0-8TGCAGG-lessthan2indelsof3nt-ProbeContigs-RG.bam coverage_ProbeContigs/Sde-AMat_019-SdA01019-L2-clmp-fp2-repr.rad.D-3-3-probes4development-noMSATS-noNNNN-224-519bp-0-8TGCAGG-lessthan2indelsof3nt-ProbeContigs-RG.bam coverage_ProbeContigs/Sde-AMat_020-SdA01020-L2-clmp-fp2-repr.rad.D-3-3-probes4development-noMSATS-noNNNN-224-519bp-0-8TGCAGG-lessthan2indelsof3nt-ProbeContigs-RG.bam coverage_ProbeContigs/Sde-AMat_021-SdA01021-L2-clmp-fp2-repr.rad.D-3-3-probes4development-noMSATS-noNNNN-224-519bp-0-8TGCAGG-lessthan2indelsof3nt-ProbeContigs-RG.bam coverage_ProbeContigs/Sde-AMat_022-SdA01022-L2-clmp-fp2-repr.rad.D-3-3-probes4development-noMSATS-noNNNN-224-519bp-0-8TGCAGG-lessthan2indelsof3nt-ProbeContigs-RG.bam coverage_ProbeContigs/Sde-AMat_023-SdA01023-L2-clmp-fp2-repr.rad.D-3-3-probes4development-noMSATS-noNNNN-224-519bp-0-8TGCAGG-lessthan2indelsof3nt-ProbeContigs-RG.bam coverage_ProbeContigs/Sde-AMat_024-SdA01024-L2-clmp-fp2-repr.rad.D-3-3-probes4development-noMSATS-noNNNN-224-519bp-0-8TGCAGG-lessthan2indelsof3nt-ProbeContigs-RG.bam coverage_ProbeContigs/Sde-AMat_025-SdA01025-L2-clmp-fp2-repr.rad.D-3-3-probes4development-noMSATS-noNNNN-224-519bp-0-8TGCAGG-lessthan2indelsof3nt-ProbeContigs-RG.bam coverage_ProbeContigs/Sde-AMat_026-SdA01026-L2-clmp-fp2-repr.rad.D-3-3-probes4development-noMSATS-noNNNN-224-519bp-0-8TGCAGG-lessthan2indelsof3nt-ProbeContigs-RG.bam coverage_ProbeContigs/Sde-AMat_027-SdA01027-L2-clmp-fp2-repr.rad.D-3-3-probes4development-noMSATS-noNNNN-224-519bp-0-8TGCAGG-lessthan2indelsof3nt-ProbeContigs-RG.bam coverage_ProbeContigs/Sde-AMat_028-SdA01028-L2-clmp-fp2-repr.rad.D-3-3-probes4development-noMSATS-noNNNN-224-519bp-0-8TGCAGG-lessthan2indelsof3nt-ProbeContigs-RG.bam coverage_ProbeContigs/Sde-AMat_029-SdA01029-L2-clmp-fp2-repr.rad.D-3-3-probes4development-noMSATS-noNNNN-224-519bp-0-8TGCAGG-lessthan2indelsof3nt-ProbeContigs-RG.bam coverage_ProbeContigs/Sde-AMat_030-SdA01030-L2-clmp-fp2-repr.rad.D-3-3-probes4development-noMSATS-noNNNN-224-519bp-0-8TGCAGG-lessthan2indelsof3nt-ProbeContigs-RG.bam coverage_ProbeContigs/Sde-AMat_031-SdA01031-L2-clmp-fp2-repr.rad.D-3-3-probes4development-noMSATS-noNNNN-224-519bp-0-8TGCAGG-lessthan2indelsof3nt-ProbeContigs-RG.bam coverage_ProbeContigs/Sde-AMat_032-SdA01032-L2-clmp-fp2-repr.rad.D-3-3-probes4development-noMSATS-noNNNN-224-519bp-0-8TGCAGG-lessthan2indelsof3nt-ProbeContigs-RG.bam coverage_ProbeContigs/Sde-AMat_033-SdA01033-L2-clmp-fp2-repr.rad.D-3-3-probes4development-noMSATS-noNNNN-224-519bp-0-8TGCAGG-lessthan2indelsof3nt-ProbeContigs-RG.bam coverage_ProbeContigs/Sde-AMat_034-SdA01034-L2-clmp-fp2-repr.rad.D-3-3-probes4development-noMSATS-noNNNN-224-519bp-0-8TGCAGG-lessthan2indelsof3nt-ProbeContigs-RG.bam coverage_ProbeContigs/Sde-AMat_035-SdA01035-L2-clmp-fp2-repr.rad.D-3-3-probes4development-noMSATS-noNNNN-224-519bp-0-8TGCAGG-lessthan2indelsof3nt-ProbeContigs-RG.bam coverage_ProbeContigs/Sde-AMat_036-SdA01036-L2-clmp-fp2-repr.rad.D-3-3-probes4development-noMSATS-noNNNN-224-519bp-0-8TGCAGG-lessthan2indelsof3nt-ProbeContigs-RG.bam coverage_ProbeContigs/Sde-AMat_037-SdA01037-L2-clmp-fp2-repr.rad.D-3-3-probes4development-noMSATS-noNNNN-224-519bp-0-8TGCAGG-lessthan2indelsof3nt-ProbeContigs-RG.bam coverage_ProbeContigs/Sde-AMat_038-SdA01038-L2-clmp-fp2-repr.rad.D-3-3-probes4development-noMSATS-noNNNN-224-519bp-0-8TGCAGG-lessthan2indelsof3nt-ProbeContigs-RG.bam coverage_ProbeContigs/Sde-AMat_039-SdA01039-L2-clmp-fp2-repr.rad.D-3-3-probes4development-noMSATS-noNNNN-224-519bp-0-8TGCAGG-lessthan2indelsof3nt-ProbeContigs-RG.bam coverage_ProbeContigs/Sde-AMat_040-SdA01040-L2-clmp-fp2-repr.rad.D-3-3-probes4development-noMSATS-noNNNN-224-519bp-0-8TGCAGG-lessthan2indelsof3nt-ProbeContigs-RG.bam coverage_ProbeContigs/Sde-AMat_041-SdA01041-L2-clmp-fp2-repr.rad.D-3-3-probes4development-noMSATS-noNNNN-224-519bp-0-8TGCAGG-lessthan2indelsof3nt-ProbeContigs-RG.bam coverage_ProbeContigs/Sde-AMat_042-SdA01042-L2-clmp-fp2-repr.rad.D-3-3-probes4development-noMSATS-noNNNN-224-519bp-0-8TGCAGG-lessthan2indelsof3nt-ProbeContigs-RG.bam coverage_ProbeContigs/Sde-AMat_043-SdA01043-L2-clmp-fp2-repr.rad.D-3-3-probes4development-noMSATS-noNNNN-224-519bp-0-8TGCAGG-lessthan2indelsof3nt-ProbeContigs-RG.bam coverage_ProbeContigs/Sde-AMat_045-SdA01045-L2-clmp-fp2-repr.rad.D-3-3-probes4development-noMSATS-noNNNN-224-519bp-0-8TGCAGG-lessthan2indelsof3nt-ProbeContigs-RG.bam coverage_ProbeContigs/Sde-AMat_046-SdA01046-L2-clmp-fp2-repr.rad.D-3-3-probes4development-noMSATS-noNNNN-224-519bp-0-8TGCAGG-lessthan2indelsof3nt-ProbeContigs-RG.bam coverage_ProbeContigs/Sde-AMat_047-SdA01047-L2-clmp-fp2-repr.rad.D-3-3-probes4development-noMSATS-noNNNN-224-519bp-0-8TGCAGG-lessthan2indelsof3nt-ProbeContigs-RG.bam coverage_ProbeContigs/Sde-AMat_048-SdA01048-L2-clmp-fp2-repr.rad.D-3-3-probes4development-noMSATS-noNNNN-224-519bp-0-8TGCAGG-lessthan2indelsof3nt-ProbeContigs-RG.bam coverage_ProbeContigs/Sde-AMat_049-SdA01049-L2-clmp-fp2-repr.rad.D-3-3-probes4development-noMSATS-noNNNN-224-519bp-0-8TGCAGG-lessthan2indelsof3nt-ProbeContigs-RG.bam coverage_ProbeContigs/Sde-AMat_050-SdA01050-L2-clmp-fp2-repr.rad.D-3-3-probes4development-noMSATS-noNNNN-224-519bp-0-8TGCAGG-lessthan2indelsof3nt-ProbeContigs-RG.bam coverage_ProbeContigs/Sde-AMat_051-SdA01051-L2-clmp-fp2-repr.rad.D-3-3-probes4development-noMSATS-noNNNN-224-519bp-0-8TGCAGG-lessthan2indelsof3nt-ProbeContigs-RG.bam coverage_ProbeContigs/Sde-AMat_052-SdA01052-L2-clmp-fp2-repr.rad.D-3-3-probes4development-noMSATS-noNNNN-224-519bp-0-8TGCAGG-lessthan2indelsof3nt-ProbeContigs-RG.bam coverage_ProbeContigs/Sde-AMat_053-SdA01053-L2-clmp-fp2-repr.rad.D-3-3-probes4development-noMSATS-noNNNN-224-519bp-0-8TGCAGG-lessthan2indelsof3nt-ProbeContigs-RG.bam coverage_ProbeContigs/Sde-AMat_054-SdA01054-L2-clmp-fp2-repr.rad.D-3-3-probes4development-noMSATS-noNNNN-224-519bp-0-8TGCAGG-lessthan2indelsof3nt-ProbeContigs-RG.bam coverage_ProbeContigs/Sde-AMat_055-SdA01055-L2-clmp-fp2-repr.rad.D-3-3-probes4development-noMSATS-noNNNN-224-519bp-0-8TGCAGG-lessthan2indelsof3nt-ProbeContigs-RG.bam coverage_ProbeContigs/Sde-AMat_056-SdA01056-L2-clmp-fp2-repr.rad.D-3-3-probes4development-noMSATS-noNNNN-224-519bp-0-8TGCAGG-lessthan2indelsof3nt-ProbeContigs-RG.bam coverage_ProbeContigs/Sde-AMat_057-SdA01057-L2-clmp-fp2-repr.rad.D-3-3-probes4development-noMSATS-noNNNN-224-519bp-0-8TGCAGG-lessthan2indelsof3nt-ProbeContigs-RG.bam coverage_ProbeContigs/Sde-AMat_059-SdA01059-L2-clmp-fp2-repr.rad.D-3-3-probes4development-noMSATS-noNNNN-224-519bp-0-8TGCAGG-lessthan2indelsof3nt-ProbeContigs-RG.bam coverage_ProbeContigs/Sde-AMat_060-SdA01060-L2-clmp-fp2-repr.rad.D-3-3-probes4development-noMSATS-noNNNN-224-519bp-0-8TGCAGG-lessthan2indelsof3nt-ProbeContigs-RG.bam coverage_ProbeContigs/Sde-AMat_061-SdA01061-L2-clmp-fp2-repr.rad.D-3-3-probes4development-noMSATS-noNNNN-224-519bp-0-8TGCAGG-lessthan2indelsof3nt-ProbeContigs-RG.bam coverage_ProbeContigs/Sde-AMat_062-SdA01062-L2-clmp-fp2-repr.rad.D-3-3-probes4development-noMSATS-noNNNN-224-519bp-0-8TGCAGG-lessthan2indelsof3nt-ProbeContigs-RG.bam coverage_ProbeContigs/Sde-AMat_063-SdA01063-L2-clmp-fp2-repr.rad.D-3-3-probes4development-noMSATS-noNNNN-224-519bp-0-8TGCAGG-lessthan2indelsof3nt-ProbeContigs-RG.bam coverage_ProbeContigs/Sde-AMat_064-SdA01064-L2-clmp-fp2-repr.rad.D-3-3-probes4development-noMSATS-noNNNN-224-519bp-0-8TGCAGG-lessthan2indelsof3nt-ProbeContigs-RG.bam coverage_ProbeContigs/Sde-AMat_065-SdA01065-L2-clmp-fp2-repr.rad.D-3-3-probes4development-noMSATS-noNNNN-224-519bp-0-8TGCAGG-lessthan2indelsof3nt-ProbeContigs-RG.bam coverage_ProbeContigs/Sde-AMat_066-SdA01066-L2-clmp-fp2-repr.rad.D-3-3-probes4development-noMSATS-noNNNN-224-519bp-0-8TGCAGG-lessthan2indelsof3nt-ProbeContigs-RG.bam coverage_ProbeContigs/Sde-AMat_067-SdA01067-L2-clmp-fp2-repr.rad.D-3-3-probes4development-noMSATS-noNNNN-224-519bp-0-8TGCAGG-lessthan2indelsof3nt-ProbeContigs-RG.bam coverage_ProbeContigs/Sde-AMat_068-SdA01068-L2-clmp-fp2-repr.rad.D-3-3-probes4development-noMSATS-noNNNN-224-519bp-0-8TGCAGG-lessthan2indelsof3nt-ProbeContigs-RG.bam coverage_ProbeContigs/Sde-AMat_069-SdA01069-L2-clmp-fp2-repr.rad.D-3-3-probes4development-noMSATS-noNNNN-224-519bp-0-8TGCAGG-lessthan2indelsof3nt-ProbeContigs-RG.bam coverage_ProbeContigs/Sde-AMat_071-SdA01071-L2-clmp-fp2-repr.rad.D-3-3-probes4development-noMSATS-noNNNN-224-519bp-0-8TGCAGG-lessthan2indelsof3nt-ProbeContigs-RG.bam coverage_ProbeContigs/Sde-AMat_072-SdA01072-L2-clmp-fp2-repr.rad.D-3-3-probes4development-noMSATS-noNNNN-224-519bp-0-8TGCAGG-lessthan2indelsof3nt-ProbeContigs-RG.bam coverage_ProbeContigs/Sde-AMat_073-SdA01073-L2-clmp-fp2-repr.rad.D-3-3-probes4development-noMSATS-noNNNN-224-519bp-0-8TGCAGG-lessthan2indelsof3nt-ProbeContigs-RG.bam coverage_ProbeContigs/Sde-AMat_074-SdA01074-L2-clmp-fp2-repr.rad.D-3-3-probes4development-noMSATS-noNNNN-224-519bp-0-8TGCAGG-lessthan2indelsof3nt-ProbeContigs-RG.bam coverage_ProbeContigs/Sde-AMat_075-SdA01075-L2-clmp-fp2-repr.rad.D-3-3-probes4development-noMSATS-noNNNN-224-519bp-0-8TGCAGG-lessthan2indelsof3nt-ProbeContigs-RG.bam coverage_ProbeContigs/Sde-AMat_076-SdA01076-L2-clmp-fp2-repr.rad.D-3-3-probes4development-noMSATS-noNNNN-224-519bp-0-8TGCAGG-lessthan2indelsof3nt-ProbeContigs-RG.bam coverage_ProbeContigs/Sde-AMat_077-SdA01077-L2-clmp-fp2-repr.rad.D-3-3-probes4development-noMSATS-noNNNN-224-519bp-0-8TGCAGG-lessthan2indelsof3nt-ProbeContigs-RG.bam coverage_ProbeContigs/Sde-AMat_078-SdA01078-L2-clmp-fp2-repr.rad.D-3-3-probes4development-noMSATS-noNNNN-224-519bp-0-8TGCAGG-lessthan2indelsof3nt-ProbeContigs-RG.bam coverage_ProbeContigs/Sde-AMat_079-SdA01079-L2-clmp-fp2-repr.rad.D-3-3-probes4development-noMSATS-noNNNN-224-519bp-0-8TGCAGG-lessthan2indelsof3nt-ProbeContigs-RG.bam coverage_ProbeContigs/Sde-AMat_080-SdA01080-L2-clmp-fp2-repr.rad.D-3-3-probes4development-noMSATS-noNNNN-224-519bp-0-8TGCAGG-lessthan2indelsof3nt-ProbeContigs-RG.bam coverage_ProbeContigs/Sde-AMat_082-SdA01082-L2-clmp-fp2-repr.rad.D-3-3-probes4development-noMSATS-noNNNN-224-519bp-0-8TGCAGG-lessthan2indelsof3nt-ProbeContigs-RG.bam coverage_ProbeContigs/Sde-AMat_083-SdA01083-L2-clmp-fp2-repr.rad.D-3-3-probes4development-noMSATS-noNNNN-224-519bp-0-8TGCAGG-lessthan2indelsof3nt-ProbeContigs-RG.bam coverage_ProbeContigs/Sde-AMat_084-SdA01084-L2-clmp-fp2-repr.rad.D-3-3-probes4development-noMSATS-noNNNN-224-519bp-0-8TGCAGG-lessthan2indelsof3nt-ProbeContigs-RG.bam coverage_ProbeContigs/Sde-AMat_085-SdA01085-L2-clmp-fp2-repr.rad.D-3-3-probes4development-noMSATS-noNNNN-224-519bp-0-8TGCAGG-lessthan2indelsof3nt-ProbeContigs-RG.bam coverage_ProbeContigs/Sde-AMat_086-SdA01086-L2-clmp-fp2-repr.rad.D-3-3-probes4development-noMSATS-noNNNN-224-519bp-0-8TGCAGG-lessthan2indelsof3nt-ProbeContigs-RG.bam coverage_ProbeContigs/Sde-AMat_087-SdA01087-L2-clmp-fp2-repr.rad.D-3-3-probes4development-noMSATS-noNNNN-224-519bp-0-8TGCAGG-lessthan2indelsof3nt-ProbeContigs-RG.bam coverage_ProbeContigs/Sde-AMat_088-SdA01088-L2-clmp-fp2-repr.rad.D-3-3-probes4development-noMSATS-noNNNN-224-519bp-0-8TGCAGG-lessthan2indelsof3nt-ProbeContigs-RG.bam coverage_ProbeContigs/Sde-AMat_089-SdA01089-L2-clmp-fp2-repr.rad.D-3-3-probes4development-noMSATS-noNNNN-224-519bp-0-8TGCAGG-lessthan2indelsof3nt-ProbeContigs-RG.bam coverage_ProbeContigs/Sde-AMat_090-SdA01090-L2-clmp-fp2-repr.rad.D-3-3-probes4development-noMSATS-noNNNN-224-519bp-0-8TGCAGG-lessthan2indelsof3nt-ProbeContigs-RG.bam coverage_ProbeContigs/Sde-AMat_091-SdA01091-L2-clmp-fp2-repr.rad.D-3-3-probes4development-noMSATS-noNNNN-224-519bp-0-8TGCAGG-lessthan2indelsof3nt-ProbeContigs-RG.bam coverage_ProbeContigs/Sde-AMat_092-SdA01092-L2-clmp-fp2-repr.rad.D-3-3-probes4development-noMSATS-noNNNN-224-519bp-0-8TGCAGG-lessthan2indelsof3nt-ProbeContigs-RG.bam coverage_ProbeContigs/Sde-AMat_094-SdA01094-L2-clmp-fp2-repr.rad.D-3-3-probes4development-noMSATS-noNNNN-224-519bp-0-8TGCAGG-lessthan2indelsof3nt-ProbeContigs-RG.bam coverage_ProbeContigs/Sde-AMat_095-SdA01095-L2-clmp-fp2-repr.rad.D-3-3-probes4development-noMSATS-noNNNN-224-519bp-0-8TGCAGG-lessthan2indelsof3nt-ProbeContigs-RG.bam coverage_ProbeContigs/Sde-AMat_096-SdA01096-L2-clmp-fp2-repr.rad.D-3-3-probes4development-noMSATS-noNNNN-224-519bp-0-8TGCAGG-lessthan2indelsof3nt-ProbeContigs-RG.bam coverage_ProbeContigs/Sde-CHam_001-SdC02001-L2-clmp-fp2-repr.rad.D-3-3-probes4development-noMSATS-noNNNN-224-519bp-0-8TGCAGG-lessthan2indelsof3nt-ProbeContigs-RG.bam coverage_ProbeContigs/Sde-CHam_002-SdC02002-L2-clmp-fp2-repr.rad.D-3-3-probes4development-noMSATS-noNNNN-224-519bp-0-8TGCAGG-lessthan2indelsof3nt-ProbeContigs-RG.bam coverage_ProbeContigs/Sde-CHam_003-SdC02003-L2-clmp-fp2-repr.rad.D-3-3-probes4development-noMSATS-noNNNN-224-519bp-0-8TGCAGG-lessthan2indelsof3nt-ProbeContigs-RG.bam coverage_ProbeContigs/Sde-CHam_004-SdC02004-L2-clmp-fp2-repr.rad.D-3-3-probes4development-noMSATS-noNNNN-224-519bp-0-8TGCAGG-lessthan2indelsof3nt-ProbeContigs-RG.bam coverage_ProbeContigs/Sde-CHam_005-SdC02005-L2-clmp-fp2-repr.rad.D-3-3-probes4development-noMSATS-noNNNN-224-519bp-0-8TGCAGG-lessthan2indelsof3nt-ProbeContigs-RG.bam coverage_ProbeContigs/Sde-CHam_006-SdC02006-L2-clmp-fp2-repr.rad.D-3-3-probes4development-noMSATS-noNNNN-224-519bp-0-8TGCAGG-lessthan2indelsof3nt-ProbeContigs-RG.bam coverage_ProbeContigs/Sde-CHam_007-SdC02007-L2-clmp-fp2-repr.rad.D-3-3-probes4development-noMSATS-noNNNN-224-519bp-0-8TGCAGG-lessthan2indelsof3nt-ProbeContigs-RG.bam coverage_ProbeContigs/Sde-CHam_008-SdC02008-L2-clmp-fp2-repr.rad.D-3-3-probes4development-noMSATS-noNNNN-224-519bp-0-8TGCAGG-lessthan2indelsof3nt-ProbeContigs-RG.bam coverage_ProbeContigs/Sde-CHam_010-SdC02010-L2-clmp-fp2-repr.rad.D-3-3-probes4development-noMSATS-noNNNN-224-519bp-0-8TGCAGG-lessthan2indelsof3nt-ProbeContigs-RG.bam coverage_ProbeContigs/Sde-CHam_013-SdC02013-L2-clmp-fp2-repr.rad.D-3-3-probes4development-noMSATS-noNNNN-224-519bp-0-8TGCAGG-lessthan2indelsof3nt-ProbeContigs-RG.bam coverage_ProbeContigs/Sde-CHam_014-SdC02014-L2-clmp-fp2-repr.rad.D-3-3-probes4development-noMSATS-noNNNN-224-519bp-0-8TGCAGG-lessthan2indelsof3nt-ProbeContigs-RG.bam coverage_ProbeContigs/Sde-CHam_016-SdC02016-L2-clmp-fp2-repr.rad.D-3-3-probes4development-noMSATS-noNNNN-224-519bp-0-8TGCAGG-lessthan2indelsof3nt-ProbeContigs-RG.bam coverage_ProbeContigs/Sde-CHam_018-SdC02018-L2-clmp-fp2-repr.rad.D-3-3-probes4development-noMSATS-noNNNN-224-519bp-0-8TGCAGG-lessthan2indelsof3nt-ProbeContigs-RG.bam coverage_ProbeContigs/Sde-CHam_019-SdC02019-L2-clmp-fp2-repr.rad.D-3-3-probes4development-noMSATS-noNNNN-224-519bp-0-8TGCAGG-lessthan2indelsof3nt-ProbeContigs-RG.bam coverage_ProbeContigs/Sde-CHam_020-SdC02020-L2-clmp-fp2-repr.rad.D-3-3-probes4development-noMSATS-noNNNN-224-519bp-0-8TGCAGG-lessthan2indelsof3nt-ProbeContigs-RG.bam coverage_ProbeContigs/Sde-CHam_022-SdC02022-L2-clmp-fp2-repr.rad.D-3-3-probes4development-noMSATS-noNNNN-224-519bp-0-8TGCAGG-lessthan2indelsof3nt-ProbeContigs-RG.bam coverage_ProbeContigs/Sde-CHam_027-SdC02027-L2-clmp-fp2-repr.rad.D-3-3-probes4development-noMSATS-noNNNN-224-519bp-0-8TGCAGG-lessthan2indelsof3nt-ProbeContigs-RG.bam coverage_ProbeContigs/Sde-CHam_028-SdC02028-L2-clmp-fp2-repr.rad.D-3-3-probes4development-noMSATS-noNNNN-224-519bp-0-8TGCAGG-lessthan2indelsof3nt-ProbeContigs-RG.bam coverage_ProbeContigs/Sde-CHam_029-SdC02029-L2-clmp-fp2-repr.rad.D-3-3-probes4development-noMSATS-noNNNN-224-519bp-0-8TGCAGG-lessthan2indelsof3nt-ProbeContigs-RG.bam coverage_ProbeContigs/Sde-CHam_031-SdC02031-L2-clmp-fp2-repr.rad.D-3-3-probes4development-noMSATS-noNNNN-224-519bp-0-8TGCAGG-lessthan2indelsof3nt-ProbeContigs-RG.bam coverage_ProbeContigs/Sde-CHam_035-SdC02035-L2-clmp-fp2-repr.rad.D-3-3-probes4development-noMSATS-noNNNN-224-519bp-0-8TGCAGG-lessthan2indelsof3nt-ProbeContigs-RG.bam coverage_ProbeContigs/Sde-CHam_036-SdC02036-L2-clmp-fp2-repr.rad.D-3-3-probes4development-noMSATS-noNNNN-224-519bp-0-8TGCAGG-lessthan2indelsof3nt-ProbeContigs-RG.bam coverage_ProbeContigs/Sde-CHam_037-SdC02037-L2-clmp-fp2-repr.rad.D-3-3-probes4development-noMSATS-noNNNN-224-519bp-0-8TGCAGG-lessthan2indelsof3nt-ProbeContigs-RG.bam coverage_ProbeContigs/Sde-CHam_040-SdC02040-L2-clmp-fp2-repr.rad.D-3-3-probes4development-noMSATS-noNNNN-224-519bp-0-8TGCAGG-lessthan2indelsof3nt-ProbeContigs-RG.bam coverage_ProbeContigs/Sde-CHam_041-SdC02041-L2-clmp-fp2-repr.rad.D-3-3-probes4development-noMSATS-noNNNN-224-519bp-0-8TGCAGG-lessthan2indelsof3nt-ProbeContigs-RG.bam coverage_ProbeContigs/Sde-CHam_043-SdC02043-L2-clmp-fp2-repr.rad.D-3-3-probes4development-noMSATS-noNNNN-224-519bp-0-8TGCAGG-lessthan2indelsof3nt-ProbeContigs-RG.bam coverage_ProbeContigs/Sde-CHam_044-SdC02044-L2-clmp-fp2-repr.rad.D-3-3-probes4development-noMSATS-noNNNN-224-519bp-0-8TGCAGG-lessthan2indelsof3nt-ProbeContigs-RG.bam coverage_ProbeContigs/Sde-CHam_045-SdC02045-L2-clmp-fp2-repr.rad.D-3-3-probes4development-noMSATS-noNNNN-224-519bp-0-8TGCAGG-lessthan2indelsof3nt-ProbeContigs-RG.bam coverage_ProbeContigs/Sde-CHam_046-SdC02046-L2-clmp-fp2-repr.rad.D-3-3-probes4development-noMSATS-noNNNN-224-519bp-0-8TGCAGG-lessthan2indelsof3nt-ProbeContigs-RG.bam coverage_ProbeContigs/Sde-CHam_048-SdC02048-L2-clmp-fp2-repr.rad.D-3-3-probes4development-noMSATS-noNNNN-224-519bp-0-8TGCAGG-lessthan2indelsof3nt-ProbeContigs-RG.bam coverage_ProbeContigs/Sde-CHam_050-SdC02050-L2-clmp-fp2-repr.rad.D-3-3-probes4development-noMSATS-noNNNN-224-519bp-0-8TGCAGG-lessthan2indelsof3nt-ProbeContigs-RG.bam coverage_ProbeContigs/Sde-CHam_051-SdC02051-L2-clmp-fp2-repr.rad.D-3-3-probes4development-noMSATS-noNNNN-224-519bp-0-8TGCAGG-lessthan2indelsof3nt-ProbeContigs-RG.bam coverage_ProbeContigs/Sde-CHam_054-SdC02054-L2-clmp-fp2-repr.rad.D-3-3-probes4development-noMSATS-noNNNN-224-519bp-0-8TGCAGG-lessthan2indelsof3nt-ProbeContigs-RG.bam coverage_ProbeContigs/Sde-CHam_056-SdC02056-L2-clmp-fp2-repr.rad.D-3-3-probes4development-noMSATS-noNNNN-224-519bp-0-8TGCAGG-lessthan2indelsof3nt-ProbeContigs-RG.bam coverage_ProbeContigs/Sde-CHam_059-SdC02059-L2-clmp-fp2-repr.rad.D-3-3-probes4development-noMSATS-noNNNN-224-519bp-0-8TGCAGG-lessthan2indelsof3nt-ProbeContigs-RG.bam coverage_ProbeContigs/Sde-CHam_060-SdC02060-L2-clmp-fp2-repr.rad.D-3-3-probes4development-noMSATS-noNNNN-224-519bp-0-8TGCAGG-lessthan2indelsof3nt-ProbeContigs-RG.bam coverage_ProbeContigs/Sde-CHam_063-SdC02063-L2-clmp-fp2-repr.rad.D-3-3-probes4development-noMSATS-noNNNN-224-519bp-0-8TGCAGG-lessthan2indelsof3nt-ProbeContigs-RG.bam coverage_ProbeContigs/Sde-CHam_064-SdC02064-L2-clmp-fp2-repr.rad.D-3-3-probes4development-noMSATS-noNNNN-224-519bp-0-8TGCAGG-lessthan2indelsof3nt-ProbeContigs-RG.bam coverage_ProbeContigs/Sde-CHam_065-SdC02065-L2-clmp-fp2-repr.rad.D-3-3-probes4development-noMSATS-noNNNN-224-519bp-0-8TGCAGG-lessthan2indelsof3nt-ProbeContigs-RG.bam coverage_ProbeContigs/Sde-CHam_066-SdC02066-L2-clmp-fp2-repr.rad.D-3-3-probes4development-noMSATS-noNNNN-224-519bp-0-8TGCAGG-lessthan2indelsof3nt-ProbeContigs-RG.bam coverage_ProbeContigs/Sde-CHam_070-SdC02070-L2-clmp-fp2-repr.rad.D-3-3-probes4development-noMSATS-noNNNN-224-519bp-0-8TGCAGG-lessthan2indelsof3nt-ProbeContigs-RG.bam coverage_ProbeContigs/Sde-CHam_072-SdC02072-L2-clmp-fp2-repr.rad.D-3-3-probes4development-noMSATS-noNNNN-224-519bp-0-8TGCAGG-lessthan2indelsof3nt-ProbeContigs-RG.bam coverage_ProbeContigs/Sde-CHam_074-SdC02074-L2-clmp-fp2-repr.rad.D-3-3-probes4development-noMSATS-noNNNN-224-519bp-0-8TGCAGG-lessthan2indelsof3nt-ProbeContigs-RG.bam coverage_ProbeContigs/Sde-CHam_075-SdC02075-L2-clmp-fp2-repr.rad.D-3-3-probes4development-noMSATS-noNNNN-224-519bp-0-8TGCAGG-lessthan2indelsof3nt-ProbeContigs-RG.bam coverage_ProbeContigs/Sde-CHam_077-SdC02077-L2-clmp-fp2-repr.rad.D-3-3-probes4development-noMSATS-noNNNN-224-519bp-0-8TGCAGG-lessthan2indelsof3nt-ProbeContigs-RG.bam coverage_ProbeContigs/Sde-CHam_078-SdC02078-L2-clmp-fp2-repr.rad.D-3-3-probes4development-noMSATS-noNNNN-224-519bp-0-8TGCAGG-lessthan2indelsof3nt-ProbeContigs-RG.bam coverage_ProbeContigs/Sde-CHam_080-SdC02080-L2-clmp-fp2-repr.rad.D-3-3-probes4development-noMSATS-noNNNN-224-519bp-0-8TGCAGG-lessthan2indelsof3nt-ProbeContigs-RG.bam coverage_ProbeContigs/Sde-CHam_081-SdC02081-L2-clmp-fp2-repr.rad.D-3-3-probes4development-noMSATS-noNNNN-224-519bp-0-8TGCAGG-lessthan2indelsof3nt-ProbeContigs-RG.bam coverage_ProbeContigs/Sde-CHam_082-SdC02082-L2-clmp-fp2-repr.rad.D-3-3-probes4development-noMSATS-noNNNN-224-519bp-0-8TGCAGG-lessthan2indelsof3nt-ProbeContigs-RG.bam coverage_ProbeContigs/Sde-CHam_083-SdC02083-L2-clmp-fp2-repr.rad.D-3-3-probes4development-noMSATS-noNNNN-224-519bp-0-8TGCAGG-lessthan2indelsof3nt-ProbeContigs-RG.bam coverage_ProbeContigs/Sde-CHam_084-SdC02084-L2-clmp-fp2-repr.rad.D-3-3-probes4development-noMSATS-noNNNN-224-519bp-0-8TGCAGG-lessthan2indelsof3nt-ProbeContigs-RG.bam coverage_ProbeContigs/Sde-CHam_087-SdC02087-L2-clmp-fp2-repr.rad.D-3-3-probes4development-noMSATS-noNNNN-224-519bp-0-8TGCAGG-lessthan2indelsof3nt-ProbeContigs-RG.bam coverage_ProbeContigs/Sde-CHam_090-SdC02090-L2-clmp-fp2-repr.rad.D-3-3-probes4development-noMSATS-noNNNN-224-519bp-0-8TGCAGG-lessthan2indelsof3nt-ProbeContigs-RG.bam coverage_ProbeContigs/Sde-CHam_092-SdC02092-L2-clmp-fp2-repr.rad.D-3-3-probes4development-noMSATS-noNNNN-224-519bp-0-8TGCAGG-lessthan2indelsof3nt-ProbeContigs-RG.bam coverage_ProbeContigs/Sde-CHam_093-SdC02093-L2-clmp-fp2-repr.rad.D-3-3-probes4development-noMSATS-noNNNN-224-519bp-0-8TGCAGG-lessthan2indelsof3nt-ProbeContigs-RG.bam coverage_ProbeContigs/Sde-CHam_094-SdC02094-L2-clmp-fp2-repr.rad.D-3-3-probes4development-noMSATS-noNNNN-224-519bp-0-8TGCAGG-lessthan2indelsof3nt-ProbeContigs-RG.bam coverage_ProbeContigs/Sde-CHam_095-SdC02095-L2-clmp-fp2-repr.rad.D-3-3-probes4development-noMSATS-noNNNN-224-519bp-0-8TGCAGG-lessthan2indelsof3nt-ProbeContigs-RG.bam coverage_ProbeContigs/Sde-CHam_096-SdC02096-L2-clmp-fp2-repr.rad.D-3-3-probes4development-noMSATS-noNNNN-224-519bp-0-8TGCAGG-lessthan2indelsof3nt-ProbeContigs-RG.bam coverage_ProbeContigs/Sde-CMat_001-SdC01001-L2-clmp-fp2-repr.rad.D-3-3-probes4development-noMSATS-noNNNN-224-519bp-0-8TGCAGG-lessthan2indelsof3nt-ProbeContigs-RG.bam coverage_ProbeContigs/Sde-CMat_002-SdC01002-L2-clmp-fp2-repr.rad.D-3-3-probes4development-noMSATS-noNNNN-224-519bp-0-8TGCAGG-lessthan2indelsof3nt-ProbeContigs-RG.bam coverage_ProbeContigs/Sde-CMat_003-SdC01003-L2-clmp-fp2-repr.rad.D-3-3-probes4development-noMSATS-noNNNN-224-519bp-0-8TGCAGG-lessthan2indelsof3nt-ProbeContigs-RG.bam coverage_ProbeContigs/Sde-CMat_004-SdC01004-L2-clmp-fp2-repr.rad.D-3-3-probes4development-noMSATS-noNNNN-224-519bp-0-8TGCAGG-lessthan2indelsof3nt-ProbeContigs-RG.bam coverage_ProbeContigs/Sde-CMat_005-SdC01005-L2-clmp-fp2-repr.rad.D-3-3-probes4development-noMSATS-noNNNN-224-519bp-0-8TGCAGG-lessthan2indelsof3nt-ProbeContigs-RG.bam coverage_ProbeContigs/Sde-CMat_006-SdC01006-L2-clmp-fp2-repr.rad.D-3-3-probes4development-noMSATS-noNNNN-224-519bp-0-8TGCAGG-lessthan2indelsof3nt-ProbeContigs-RG.bam coverage_ProbeContigs/Sde-CMat_007-SdC01007-L2-clmp-fp2-repr.rad.D-3-3-probes4development-noMSATS-noNNNN-224-519bp-0-8TGCAGG-lessthan2indelsof3nt-ProbeContigs-RG.bam coverage_ProbeContigs/Sde-CMat_008-SdC01008-L2-clmp-fp2-repr.rad.D-3-3-probes4development-noMSATS-noNNNN-224-519bp-0-8TGCAGG-lessthan2indelsof3nt-ProbeContigs-RG.bam coverage_ProbeContigs/Sde-CMat_009-SdC01009-L2-clmp-fp2-repr.rad.D-3-3-probes4development-noMSATS-noNNNN-224-519bp-0-8TGCAGG-lessthan2indelsof3nt-ProbeContigs-RG.bam coverage_ProbeContigs/Sde-CMat_010-SdC01010-L2-clmp-fp2-repr.rad.D-3-3-probes4development-noMSATS-noNNNN-224-519bp-0-8TGCAGG-lessthan2indelsof3nt-ProbeContigs-RG.bam coverage_ProbeContigs/Sde-CMat_011-SdC01011-L2-clmp-fp2-repr.rad.D-3-3-probes4development-noMSATS-noNNNN-224-519bp-0-8TGCAGG-lessthan2indelsof3nt-ProbeContigs-RG.bam coverage_ProbeContigs/Sde-CMat_012-SdC01012-L2-clmp-fp2-repr.rad.D-3-3-probes4development-noMSATS-noNNNN-224-519bp-0-8TGCAGG-lessthan2indelsof3nt-ProbeContigs-RG.bam coverage_ProbeContigs/Sde-CMat_013-SdC01013-L2-clmp-fp2-repr.rad.D-3-3-probes4development-noMSATS-noNNNN-224-519bp-0-8TGCAGG-lessthan2indelsof3nt-ProbeContigs-RG.bam coverage_ProbeContigs/Sde-CMat_014-SdC01014-L2-clmp-fp2-repr.rad.D-3-3-probes4development-noMSATS-noNNNN-224-519bp-0-8TGCAGG-lessthan2indelsof3nt-ProbeContigs-RG.bam coverage_ProbeContigs/Sde-CMat_015-SdC01015-L2-clmp-fp2-repr.rad.D-3-3-probes4development-noMSATS-noNNNN-224-519bp-0-8TGCAGG-lessthan2indelsof3nt-ProbeContigs-RG.bam coverage_ProbeContigs/Sde-CMat_016-SdC01016-L2-clmp-fp2-repr.rad.D-3-3-probes4development-noMSATS-noNNNN-224-519bp-0-8TGCAGG-lessthan2indelsof3nt-ProbeContigs-RG.bam coverage_ProbeContigs/Sde-CMat_017-SdC01017-L2-clmp-fp2-repr.rad.D-3-3-probes4development-noMSATS-noNNNN-224-519bp-0-8TGCAGG-lessthan2indelsof3nt-ProbeContigs-RG.bam coverage_ProbeContigs/Sde-CMat_018-SdC01018-L2-clmp-fp2-repr.rad.D-3-3-probes4development-noMSATS-noNNNN-224-519bp-0-8TGCAGG-lessthan2indelsof3nt-ProbeContigs-RG.bam coverage_ProbeContigs/Sde-CMat_020-SdC01020-L2-clmp-fp2-repr.rad.D-3-3-probes4development-noMSATS-noNNNN-224-519bp-0-8TGCAGG-lessthan2indelsof3nt-ProbeContigs-RG.bam coverage_ProbeContigs/Sde-CMat_021-SdC01021-L2-clmp-fp2-repr.rad.D-3-3-probes4development-noMSATS-noNNNN-224-519bp-0-8TGCAGG-lessthan2indelsof3nt-ProbeContigs-RG.bam coverage_ProbeContigs/Sde-CMat_022-SdC01022-L2-clmp-fp2-repr.rad.D-3-3-probes4development-noMSATS-noNNNN-224-519bp-0-8TGCAGG-lessthan2indelsof3nt-ProbeContigs-RG.bam coverage_ProbeContigs/Sde-CMat_023-SdC01023-L2-clmp-fp2-repr.rad.D-3-3-probes4development-noMSATS-noNNNN-224-519bp-0-8TGCAGG-lessthan2indelsof3nt-ProbeContigs-RG.bam coverage_ProbeContigs/Sde-CMat_024-SdC01024-L2-clmp-fp2-repr.rad.D-3-3-probes4development-noMSATS-noNNNN-224-519bp-0-8TGCAGG-lessthan2indelsof3nt-ProbeContigs-RG.bam coverage_ProbeContigs/Sde-CMat_025-SdC01025-L2-clmp-fp2-repr.rad.D-3-3-probes4development-noMSATS-noNNNN-224-519bp-0-8TGCAGG-lessthan2indelsof3nt-ProbeContigs-RG.bam coverage_ProbeContigs/Sde-CMat_026-SdC01026-L2-clmp-fp2-repr.rad.D-3-3-probes4development-noMSATS-noNNNN-224-519bp-0-8TGCAGG-lessthan2indelsof3nt-ProbeContigs-RG.bam coverage_ProbeContigs/Sde-CMat_027-SdC01027-L2-clmp-fp2-repr.rad.D-3-3-probes4development-noMSATS-noNNNN-224-519bp-0-8TGCAGG-lessthan2indelsof3nt-ProbeContigs-RG.bam coverage_ProbeContigs/Sde-CMat_028-SdC01028-L2-clmp-fp2-repr.rad.D-3-3-probes4development-noMSATS-noNNNN-224-519bp-0-8TGCAGG-lessthan2indelsof3nt-ProbeContigs-RG.bam coverage_ProbeContigs/Sde-CMat_029-SdC01029-L2-clmp-fp2-repr.rad.D-3-3-probes4development-noMSATS-noNNNN-224-519bp-0-8TGCAGG-lessthan2indelsof3nt-ProbeContigs-RG.bam coverage_ProbeContigs/Sde-CMat_030-SdC01030-L2-clmp-fp2-repr.rad.D-3-3-probes4development-noMSATS-noNNNN-224-519bp-0-8TGCAGG-lessthan2indelsof3nt-ProbeContigs-RG.bam coverage_ProbeContigs/Sde-CMat_031-SdC01031-L2-clmp-fp2-repr.rad.D-3-3-probes4development-noMSATS-noNNNN-224-519bp-0-8TGCAGG-lessthan2indelsof3nt-ProbeContigs-RG.bam coverage_ProbeContigs/Sde-CMat_032-SdC01032-L2-clmp-fp2-repr.rad.D-3-3-probes4development-noMSATS-noNNNN-224-519bp-0-8TGCAGG-lessthan2indelsof3nt-ProbeContigs-RG.bam coverage_ProbeContigs/Sde-CMat_033-SdC01033-L2-clmp-fp2-repr.rad.D-3-3-probes4development-noMSATS-noNNNN-224-519bp-0-8TGCAGG-lessthan2indelsof3nt-ProbeContigs-RG.bam coverage_ProbeContigs/Sde-CMat_034-SdC01034-L2-clmp-fp2-repr.rad.D-3-3-probes4development-noMSATS-noNNNN-224-519bp-0-8TGCAGG-lessthan2indelsof3nt-ProbeContigs-RG.bam coverage_ProbeContigs/Sde-CMat_035-SdC01035-L2-clmp-fp2-repr.rad.D-3-3-probes4development-noMSATS-noNNNN-224-519bp-0-8TGCAGG-lessthan2indelsof3nt-ProbeContigs-RG.bam coverage_ProbeContigs/Sde-CMat_036-SdC01036-L2-clmp-fp2-repr.rad.D-3-3-probes4development-noMSATS-noNNNN-224-519bp-0-8TGCAGG-lessthan2indelsof3nt-ProbeContigs-RG.bam coverage_ProbeContigs/Sde-CMat_037-SdC01037-L2-clmp-fp2-repr.rad.D-3-3-probes4development-noMSATS-noNNNN-224-519bp-0-8TGCAGG-lessthan2indelsof3nt-ProbeContigs-RG.bam coverage_ProbeContigs/Sde-CMat_038-SdC01038-L2-clmp-fp2-repr.rad.D-3-3-probes4development-noMSATS-noNNNN-224-519bp-0-8TGCAGG-lessthan2indelsof3nt-ProbeContigs-RG.bam coverage_ProbeContigs/Sde-CMat_039-SdC01039-L2-clmp-fp2-repr.rad.D-3-3-probes4development-noMSATS-noNNNN-224-519bp-0-8TGCAGG-lessthan2indelsof3nt-ProbeContigs-RG.bam coverage_ProbeContigs/Sde-CMat_040-SdC01040-L2-clmp-fp2-repr.rad.D-3-3-probes4development-noMSATS-noNNNN-224-519bp-0-8TGCAGG-lessthan2indelsof3nt-ProbeContigs-RG.bam coverage_ProbeContigs/Sde-CMat_041-SdC01041-L2-clmp-fp2-repr.rad.D-3-3-probes4development-noMSATS-noNNNN-224-519bp-0-8TGCAGG-lessthan2indelsof3nt-ProbeContigs-RG.bam coverage_ProbeContigs/Sde-CMat_042-SdC01042-L2-clmp-fp2-repr.rad.D-3-3-probes4development-noMSATS-noNNNN-224-519bp-0-8TGCAGG-lessthan2indelsof3nt-ProbeContigs-RG.bam coverage_ProbeContigs/Sde-CMat_043-SdC01043-L2-clmp-fp2-repr.rad.D-3-3-probes4development-noMSATS-noNNNN-224-519bp-0-8TGCAGG-lessthan2indelsof3nt-ProbeContigs-RG.bam coverage_ProbeContigs/Sde-CMat_044-SdC01044-L2-clmp-fp2-repr.rad.D-3-3-probes4development-noMSATS-noNNNN-224-519bp-0-8TGCAGG-lessthan2indelsof3nt-ProbeContigs-RG.bam coverage_ProbeContigs/Sde-CMat_045-SdC01045-L2-clmp-fp2-repr.rad.D-3-3-probes4development-noMSATS-noNNNN-224-519bp-0-8TGCAGG-lessthan2indelsof3nt-ProbeContigs-RG.bam coverage_ProbeContigs/Sde-CMat_046-SdC01046-L2-clmp-fp2-repr.rad.D-3-3-probes4development-noMSATS-noNNNN-224-519bp-0-8TGCAGG-lessthan2indelsof3nt-ProbeContigs-RG.bam coverage_ProbeContigs/Sde-CMat_047-SdC01047-L2-clmp-fp2-repr.rad.D-3-3-probes4development-noMSATS-noNNNN-224-519bp-0-8TGCAGG-lessthan2indelsof3nt-ProbeContigs-RG.bam coverage_ProbeContigs/Sde-CMat_048-SdC01048-L2-clmp-fp2-repr.rad.D-3-3-probes4development-noMSATS-noNNNN-224-519bp-0-8TGCAGG-lessthan2indelsof3nt-ProbeContigs-RG.bam coverage_ProbeContigs/Sde-CMat_049-SdC01049-L2-clmp-fp2-repr.rad.D-3-3-probes4development-noMSATS-noNNNN-224-519bp-0-8TGCAGG-lessthan2indelsof3nt-ProbeContigs-RG.bam coverage_ProbeContigs/Sde-CMat_050-SdC01050-L2-clmp-fp2-repr.rad.D-3-3-probes4development-noMSATS-noNNNN-224-519bp-0-8TGCAGG-lessthan2indelsof3nt-ProbeContigs-RG.bam coverage_ProbeContigs/Sde-CMat_051-SdC01051-L2-clmp-fp2-repr.rad.D-3-3-probes4development-noMSATS-noNNNN-224-519bp-0-8TGCAGG-lessthan2indelsof3nt-ProbeContigs-RG.bam coverage_ProbeContigs/Sde-CMat_053-SdC01053-L2-clmp-fp2-repr.rad.D-3-3-probes4development-noMSATS-noNNNN-224-519bp-0-8TGCAGG-lessthan2indelsof3nt-ProbeContigs-RG.bam coverage_ProbeContigs/Sde-CMat_054-SdC01054-L2-clmp-fp2-repr.rad.D-3-3-probes4development-noMSATS-noNNNN-224-519bp-0-8TGCAGG-lessthan2indelsof3nt-ProbeContigs-RG.bam coverage_ProbeContigs/Sde-CMat_055-SdC01055-L2-clmp-fp2-repr.rad.D-3-3-probes4development-noMSATS-noNNNN-224-519bp-0-8TGCAGG-lessthan2indelsof3nt-ProbeContigs-RG.bam coverage_ProbeContigs/Sde-CMat_056-SdC01056-L2-clmp-fp2-repr.rad.D-3-3-probes4development-noMSATS-noNNNN-224-519bp-0-8TGCAGG-lessthan2indelsof3nt-ProbeContigs-RG.bam coverage_ProbeContigs/Sde-CMat_057-SdC01057-L2-clmp-fp2-repr.rad.D-3-3-probes4development-noMSATS-noNNNN-224-519bp-0-8TGCAGG-lessthan2indelsof3nt-ProbeContigs-RG.bam coverage_ProbeContigs/Sde-CMat_058-SdC01058-L2-clmp-fp2-repr.rad.D-3-3-probes4development-noMSATS-noNNNN-224-519bp-0-8TGCAGG-lessthan2indelsof3nt-ProbeContigs-RG.bam coverage_ProbeContigs/Sde-CMat_059-SdC01059-L2-clmp-fp2-repr.rad.D-3-3-probes4development-noMSATS-noNNNN-224-519bp-0-8TGCAGG-lessthan2indelsof3nt-ProbeContigs-RG.bam coverage_ProbeContigs/Sde-CMat_060-SdC01060-L2-clmp-fp2-repr.rad.D-3-3-probes4development-noMSATS-noNNNN-224-519bp-0-8TGCAGG-lessthan2indelsof3nt-ProbeContigs-RG.bam coverage_ProbeContigs/Sde-CMat_061-SdC01061-L2-clmp-fp2-repr.rad.D-3-3-probes4development-noMSATS-noNNNN-224-519bp-0-8TGCAGG-lessthan2indelsof3nt-ProbeContigs-RG.bam coverage_ProbeContigs/Sde-CMat_062-SdC01062-L2-clmp-fp2-repr.rad.D-3-3-probes4development-noMSATS-noNNNN-224-519bp-0-8TGCAGG-lessthan2indelsof3nt-ProbeContigs-RG.bam coverage_ProbeContigs/Sde-CMat_063-SdC01063-L2-clmp-fp2-repr.rad.D-3-3-probes4development-noMSATS-noNNNN-224-519bp-0-8TGCAGG-lessthan2indelsof3nt-ProbeContigs-RG.bam coverage_ProbeContigs/Sde-CMat_064-SdC01064-L2-clmp-fp2-repr.rad.D-3-3-probes4development-noMSATS-noNNNN-224-519bp-0-8TGCAGG-lessthan2indelsof3nt-ProbeContigs-RG.bam coverage_ProbeContigs/Sde-CMat_065-SdC01065-L2-clmp-fp2-repr.rad.D-3-3-probes4development-noMSATS-noNNNN-224-519bp-0-8TGCAGG-lessthan2indelsof3nt-ProbeContigs-RG.bam coverage_ProbeContigs/Sde-CMat_066-SdC01066-L2-clmp-fp2-repr.rad.D-3-3-probes4development-noMSATS-noNNNN-224-519bp-0-8TGCAGG-lessthan2indelsof3nt-ProbeContigs-RG.bam coverage_ProbeContigs/Sde-CMat_067-SdC01067-L2-clmp-fp2-repr.rad.D-3-3-probes4development-noMSATS-noNNNN-224-519bp-0-8TGCAGG-lessthan2indelsof3nt-ProbeContigs-RG.bam coverage_ProbeContigs/Sde-CMat_068-SdC01068-L2-clmp-fp2-repr.rad.D-3-3-probes4development-noMSATS-noNNNN-224-519bp-0-8TGCAGG-lessthan2indelsof3nt-ProbeContigs-RG.bam coverage_ProbeContigs/Sde-CMat_069-SdC01069-L2-clmp-fp2-repr.rad.D-3-3-probes4development-noMSATS-noNNNN-224-519bp-0-8TGCAGG-lessthan2indelsof3nt-ProbeContigs-RG.bam coverage_ProbeContigs/Sde-CMat_070-SdC01070-L2-clmp-fp2-repr.rad.D-3-3-probes4development-noMSATS-noNNNN-224-519bp-0-8TGCAGG-lessthan2indelsof3nt-ProbeContigs-RG.bam coverage_ProbeContigs/Sde-CMat_071-SdC01071-L2-clmp-fp2-repr.rad.D-3-3-probes4development-noMSATS-noNNNN-224-519bp-0-8TGCAGG-lessthan2indelsof3nt-ProbeContigs-RG.bam coverage_ProbeContigs/Sde-CMat_072-SdC01072-L2-clmp-fp2-repr.rad.D-3-3-probes4development-noMSATS-noNNNN-224-519bp-0-8TGCAGG-lessthan2indelsof3nt-ProbeContigs-RG.bam coverage_ProbeContigs/Sde-CMat_073-SdC01073-L2-clmp-fp2-repr.rad.D-3-3-probes4development-noMSATS-noNNNN-224-519bp-0-8TGCAGG-lessthan2indelsof3nt-ProbeContigs-RG.bam coverage_ProbeContigs/Sde-CMat_074-SdC01074-L2-clmp-fp2-repr.rad.D-3-3-probes4development-noMSATS-noNNNN-224-519bp-0-8TGCAGG-lessthan2indelsof3nt-ProbeContigs-RG.bam coverage_ProbeContigs/Sde-CMat_075-SdC01075-L2-clmp-fp2-repr.rad.D-3-3-probes4development-noMSATS-noNNNN-224-519bp-0-8TGCAGG-lessthan2indelsof3nt-ProbeContigs-RG.bam coverage_ProbeContigs/Sde-CMat_076-SdC01076-L2-clmp-fp2-repr.rad.D-3-3-probes4development-noMSATS-noNNNN-224-519bp-0-8TGCAGG-lessthan2indelsof3nt-ProbeContigs-RG.bam coverage_ProbeContigs/Sde-CMat_077-SdC01077-L2-clmp-fp2-repr.rad.D-3-3-probes4development-noMSATS-noNNNN-224-519bp-0-8TGCAGG-lessthan2indelsof3nt-ProbeContigs-RG.bam coverage_ProbeContigs/Sde-CMat_079-SdC01079-L2-clmp-fp2-repr.rad.D-3-3-probes4development-noMSATS-noNNNN-224-519bp-0-8TGCAGG-lessthan2indelsof3nt-ProbeContigs-RG.bam coverage_ProbeContigs/Sde-CMat_080-SdC01080-L2-clmp-fp2-repr.rad.D-3-3-probes4development-noMSATS-noNNNN-224-519bp-0-8TGCAGG-lessthan2indelsof3nt-ProbeContigs-RG.bam coverage_ProbeContigs/Sde-CMat_081-SdC01081-L2-clmp-fp2-repr.rad.D-3-3-probes4development-noMSATS-noNNNN-224-519bp-0-8TGCAGG-lessthan2indelsof3nt-ProbeContigs-RG.bam coverage_ProbeContigs/Sde-CMat_082-SdC01082-L2-clmp-fp2-repr.rad.D-3-3-probes4development-noMSATS-noNNNN-224-519bp-0-8TGCAGG-lessthan2indelsof3nt-ProbeContigs-RG.bam coverage_ProbeContigs/Sde-CMat_083-SdC01083-L2-clmp-fp2-repr.rad.D-3-3-probes4development-noMSATS-noNNNN-224-519bp-0-8TGCAGG-lessthan2indelsof3nt-ProbeContigs-RG.bam coverage_ProbeContigs/Sde-CMat_084-SdC01084-L2-clmp-fp2-repr.rad.D-3-3-probes4development-noMSATS-noNNNN-224-519bp-0-8TGCAGG-lessthan2indelsof3nt-ProbeContigs-RG.bam coverage_ProbeContigs/Sde-CMat_085-SdC01085-L2-clmp-fp2-repr.rad.D-3-3-probes4development-noMSATS-noNNNN-224-519bp-0-8TGCAGG-lessthan2indelsof3nt-ProbeContigs-RG.bam coverage_ProbeContigs/Sde-CMat_086-SdC01086-L2-clmp-fp2-repr.rad.D-3-3-probes4development-noMSATS-noNNNN-224-519bp-0-8TGCAGG-lessthan2indelsof3nt-ProbeContigs-RG.bam coverage_ProbeContigs/Sde-CMat_087-SdC01087-L2-clmp-fp2-repr.rad.D-3-3-probes4development-noMSATS-noNNNN-224-519bp-0-8TGCAGG-lessthan2indelsof3nt-ProbeContigs-RG.bam coverage_ProbeContigs/Sde-CMat_088-SdC01088-L2-clmp-fp2-repr.rad.D-3-3-probes4development-noMSATS-noNNNN-224-519bp-0-8TGCAGG-lessthan2indelsof3nt-ProbeContigs-RG.bam coverage_ProbeContigs/Sde-CMat_089-SdC01089-L2-clmp-fp2-repr.rad.D-3-3-probes4development-noMSATS-noNNNN-224-519bp-0-8TGCAGG-lessthan2indelsof3nt-ProbeContigs-RG.bam coverage_ProbeContigs/Sde-CMat_090-SdC01090-L2-clmp-fp2-repr.rad.D-3-3-probes4development-noMSATS-noNNNN-224-519bp-0-8TGCAGG-lessthan2indelsof3nt-ProbeContigs-RG.bam
