Sample	1	2	3	4	5	6	7	8	9	10	11	12	13	14	15	16	17	18	19	20	21	22	23	24	25	26	27	28	29	30	31	32	33	34	35	36	37	38	39	40	41	42	43	44	45	46	47	48	49	50	51	52	53	54	55	56	57	58	59	60	61	62	63	64	65	66	67	68	69	70	71	72	73	74	75	76	77	78	79	80	81	82	83	84	85	86	87	88	89	90	91	92	93	94	95	96	97	98	99	100	101	102	103	104	105	106	107	108	109	110	111	112	113	114	115	116	117	118	119	120	121	122	123	124	125	126	127	128	129	130	131	132	133	134	135	136	137	138	139	140	141	142	143	144	145	146	147	148	149	150
AeA01001_CKDL210012719-1a-AK9141-7UDI214_HF5TCDSX2_L1_clmp_r1r2_fastp	0.0083268	0.0331832	0.000157747	0.0016225399999999998	0.0	0.0	0.0	0.0	0.0	0.0	0.0	0.000202818	0.0	0.0	0.0	0.00720003	0.000247888	0.0	0.0	0.0	0.0	0.000315494	0.000991554	0.0	0.0	1.12677e-05	4.50706e-05	0.000518312	0.00052958	0.000484509	4.50706e-05	3.3803e-05	1.12677e-05	0.0008004069999999999	2.25608e-05	7.902339999999999e-05	0.000192097	3.39358e-05	0.000634248	0.0016104899999999998	0.0	0.0	0.0	0.0	0.0	0.0	0.0	0.0052098000000000005	0.0	2.32576e-05	0.0	0.0	0.0012705400000000001	0.0	0.0	0.0110774	0.0	0.0	0.0	0.0	0.0	1.2328999999999998e-05	0.0	0.00074989	0.0	0.0	0.0	0.0	0.0	0.0	1.3327900000000002e-05	0.0	0.0	1.38409e-05	0.0	0.0	0.0	0.000647495	0.0	0.0	0.0	0.0	0.0	0.0	0.0	0.0	0.0	0.0	0.0	0.0	0.0	0.0	0.000302474	0.0	0.015370400000000001	0.00128049	0.0	0.00047934700000000003	0.0	0.0	0.0	0.0	0.0	0.0	0.0	0.0	0.0	0.0	0.0	0.000125468	0.0	0.0	0.0	0.0	0.0	0.0	0.0	0.0	0.0	4.14471e-05	4.2626499999999996e-05	0.0	0.00036088200000000003	0.0	0.0	0.0	0.0	0.0	0.0	0.0	0.0	0.0	0.0	0.0	0.0	0.0	0.0	0.0	0.0	0.0	0.0	0.0	0.0	0.0	0.0	0.0	0.0	9.47335e-05	0.0	0.0
AeA01002_CKDL210012719-1a-AK9141-AK4971_HF5TCDSX2_L1_clmp_r1r2_fastp	0.00850712	0.033208499999999995	0.000136661	0.00140077	0.0	0.0	0.0	0.0	0.0	0.0	0.0	0.000204991	0.0	0.0	0.0	0.00679886	6.83303e-05	0.0	0.0	0.0	0.0	0.000222073	0.000990789	0.0	0.0	0.0	0.00011957799999999999	0.000461229	0.000854129	0.00042706399999999995	0.000153743	8.54129e-05	1.7082599999999998e-05	0.000700659	1.70978e-05	0.000102649	0.00015409200000000001	1.71366e-05	0.000789069	0.00176881	0.0	0.0	0.0	0.0	0.0	0.0	0.0	0.00495168	1.74836e-05	1.7534100000000002e-05	0.0	0.0	0.00104493	0.0	0.0	0.011757	0.0	0.0	0.0	0.0	0.0	1.84635e-05	0.0	0.000728996	0.0	0.0	0.0	0.0	0.0	0.0	3.9647499999999996e-05	0.0	0.0	6.15946e-05	0.0	0.0	0.0	0.000630259	0.0	0.0	0.0	0.0	0.0	0.0	0.0	0.0	0.0	0.0	0.0	0.0	0.0	0.0	0.00011668400000000001	0.0	0.014874199999999999	0.000938082	0.0	0.000557808	0.0	0.0	0.0	0.0	0.0	0.0	0.0	0.0	0.0	0.0	0.0	0.0	0.0	0.0	0.0	0.0	0.0	0.0	0.0	0.0	0.0	0.000118297	0.0	0.0	0.000258328	0.0	0.0	0.0	0.0	0.0	0.0	0.0	0.0	0.0	0.0	0.0	0.0	0.0	0.0	0.0	0.0	0.0	0.0	0.0	0.0	0.0	0.0	0.0	0.0	0.0	0.0	0.0
AeA01003_CKDL210012719-1a-AK9141-AK1864_HF5TCDSX2_L1_clmp_r1r2_fastp	0.00789613	0.0323954	9.65297e-05	0.0013128	0.0	0.0	0.0	0.0	0.0	0.0	0.0	0.000222018	0.0	0.0	0.0	0.00723973	0.000173754	0.0	0.0	0.0	0.0	0.000231671	0.00102322	0.0	0.0	0.0	8.68768e-05	0.000530914	0.000540567	0.000337854	6.75708e-05	1.93059e-05	1.93059e-05	0.000618094	2.8990599999999996e-05	8.70346e-05	0.000125833	6.78266e-05	0.000523848	0.0018164799999999999	0.0	0.0	0.0	0.0	0.0	0.0	0.0	0.0047575199999999995	9.92267e-06	6.96994e-05	9.993339999999999e-06	0.0	0.00104769	0.0	0.0	0.0117871	0.0	0.0	0.0	0.0	0.0	9.51655e-05	0.0	0.0005792169999999999	1.08113e-05	0.0	0.0	0.0	0.0	0.0	1.14793e-05	0.0	0.0	2.3902999999999998e-05	0.0	0.0	0.0	0.00079104	0.0	0.0	0.0	0.0	0.0	0.0	0.0	0.0	0.0	0.0	0.0	0.0	0.0	0.0	0.000161192	0.0	0.015204699999999998	0.000737451	0.0	0.00036910400000000004	0.0	0.0	0.0	0.0	0.0	0.0	0.0	0.0	0.0	0.0	0.0	8.70175e-05	0.0	0.0	0.0	0.0	0.0	0.0	0.0	3.69148e-05	0.0	0.0	4.04225e-05	0.0	0.00025781100000000004	0.0	0.0	0.0	0.0	0.0	0.0	0.0	0.0	0.0	0.0	0.0	0.0	0.0	0.0	0.0	0.0	0.0	0.0	0.0	0.0	0.0	0.0	0.0	0.0	9.27025e-05	0.0	0.0
AeA01004_CKDL210012719-1a-AK9141-AK7558_HF5TCDSX2_L1_clmp_r1r2_fastp	0.007699639999999999	0.020393599999999998	0.0	0.000624295	0.0	0.0	0.0	0.0	0.0	0.0	0.0	0.0	0.0	0.0	0.0	0.00395387	0.00020809799999999999	0.0	0.0	0.0	0.0	0.0	0.000624295	0.0	0.0	0.0	0.0	0.0	0.0008323930000000001	0.000624295	0.00020809799999999999	0.0	0.0	0.000624489	0.0	0.0	0.0	0.0	0.00020876	0.00104467	0.0	0.0	0.0	0.0	0.0	0.0	0.0	0.0025359099999999997	0.0	0.0	0.0	0.0	0.00106884	0.0	0.0	0.004529040000000001	0.0	0.0	0.0	0.0	0.0	0.0	0.0	0.000222867	0.0	0.0	0.0	0.0	0.0	0.0	0.0	0.0	0.0	0.0	0.0	0.0	0.0	0.000253136	0.0	0.0	0.0	0.0	0.0	0.0	0.0	0.0	0.0	0.0	0.0	0.0	0.0	0.0	0.0	0.0	0.00461399	0.00036418999999999997	0.0	0.000766968	0.0	0.0	0.0	0.0	0.0	0.0	0.0	0.0	0.0	0.0	0.0	0.0	0.0	0.0	0.0	0.0	0.0	0.0	0.0	0.0	0.0	0.0	0.0	0.0	0.0	0.0	0.0	0.0	0.0	0.0	0.0	0.0	0.0	0.0	0.0	0.0	0.0	0.0	0.0	0.0	0.0	0.0	0.0	0.0	0.0	0.0	0.0	0.0	0.0	0.0	0.0	0.0
AeA01005_CKDL210012719-1a-AK9141-7UDI308_HF5TCDSX2_L1_clmp_r1r2_fastp	0.00448011	0.028800700000000002	0.000320008	0.000960025	0.0	0.0	0.0	0.0	0.0	0.0	0.0	0.0	0.0	0.0	0.0	0.0035200899999999996	0.0	0.0	0.0	0.0	0.0	0.0	0.000960025	0.0	0.0	0.0	0.0	0.000320008	0.0	0.0	0.0	0.0	0.0	0.0	0.0	0.0	0.0	0.0	0.0	0.000642541	0.0	0.0	0.0	0.0	0.0	0.0	0.0	0.0016261700000000001	0.0	0.000326706	0.0	0.0	0.000329374	0.0	0.0	0.00964721	0.0	0.0	0.0	0.0	0.0	0.000341042	0.0	0.00034458199999999996	0.0	0.0	0.0	0.0	0.0	0.0	0.0	0.0	0.0	0.0	0.0	0.0	0.0	0.0	0.0	0.0	0.0	0.0	0.0	0.0	0.0	0.0	0.0	0.0	0.0	0.0	0.0	0.0	0.000539601	0.0	0.00796147	0.00233678	0.0	0.00185192	0.0	0.0	0.0	0.0	0.0	0.0	0.0	0.0	0.0	0.0	0.0	0.0	0.0	0.0	0.0	0.0	0.0	0.0	0.0	0.0	0.0	0.0	0.0	0.0	0.0	0.0	0.0	0.0	0.0	0.0	0.0	0.0	0.0	0.0	0.0	0.0	0.0	0.0	0.0	0.0	0.0	0.0	0.0	0.0	0.0	0.0	0.0	0.0	0.0	0.0	0.0	0.0
AeA01006_CKDL210012719-1a-AK9141-AK2587_HF5TCDSX2_L1_clmp_r1r2_fastp	0.00810986	0.0338503	5.075e-05	0.00163415	0.0	0.0	0.0	0.0	0.0	0.0	0.0	0.0002842	0.0	0.0	0.0	0.007186199999999999	0.000203	0.0	0.0	0.0	0.0	0.0002639	0.0010556	1.015e-05	0.0	1.015e-05	9.13501e-05	0.00041615	0.00061915	0.00043645	9.13501e-05	3.045e-05	0.0	0.0007411270000000001	4.0622100000000005e-05	7.11142e-05	0.000132127	1.01689e-05	0.0006308290000000001	0.00151696	0.0	0.0	0.0	0.0	0.0	0.0	0.0	0.00510393	2.0571699999999998e-05	5.15182e-05	0.0	0.0	0.00114034	0.0	0.0	0.0118551	0.0	0.0	0.0	0.0	0.0	3.19731e-05	0.0	0.0005483469999999999	0.0	0.0	0.0	0.0	0.0	0.0	2.24851e-05	0.0	0.0	0.0	0.0	0.0	0.0	0.000521041	0.0	0.0	0.0	0.0	0.0	0.0	0.0	0.0	0.0	0.0	0.0	0.0	0.0	0.0	0.000221618	0.0	0.0161185	0.0008973879999999999	0.0	0.000638978	0.0	0.0	0.0	0.0	0.0	0.0	0.0	0.0	0.0	0.0	0.0	7.25534e-05	0.0	0.0	0.0	0.0	0.0	0.0	0.0	0.0	0.0	3.21024e-05	6.60966e-05	0.0	0.000420434	0.0	0.0	0.0	0.0	0.0	0.0	0.0	0.0	0.0	0.0	0.0	0.0	0.0	0.0	0.0	0.0	0.0	0.0	0.0	0.0	0.0	0.0	0.0	0.0	0.0	0.0	0.0
AeA01007_CKDL210012719-1a-AK9141-GC12_HF5TCDSX2_L1_clmp_r1r2_fastp	0.008296620000000001	0.0314461	0.00019867399999999998	0.00149403	0.0	0.0	0.0	0.0	0.0	0.0	0.0	0.000206621	0.0	0.0	0.0	0.00696153	0.000143045	0.0	0.0	0.0	0.0	0.000174833	0.00104105	0.0	0.0	0.0	8.74165e-05	0.00040529499999999996	0.00065165	0.000429135	7.15226e-05	3.97348e-05	0.0	0.0006837589999999999	3.97777e-05	7.16538e-05	0.000111568	1.59554e-05	0.0006230130000000001	0.00155168	0.0	0.0	0.0	0.0	0.0	0.0	0.0	0.0046944000000000005	0.0	2.46215e-05	0.0	0.0	0.00108035	0.0	1.67804e-05	0.0114696	0.0	0.0	0.0	0.0	0.0	8.751759999999999e-06	0.0	0.0006310420000000001	0.0	0.0	0.0	0.0	0.0	0.0	1.91272e-05	0.0	0.0	3.99531e-05	0.0	0.0	0.0	0.000760831	0.0	0.0	0.0	1.16445e-05	0.0	0.0	0.0	0.0	0.0	0.0	0.0	0.0	0.0	0.0	0.00024576	0.0	0.014942800000000001	0.0009692289999999999	0.0	0.000495886	0.0	0.0	0.0	0.0	0.0	0.0	0.0	0.0	0.0	0.0	0.0	5.1119800000000005e-05	0.0	0.0	0.0	0.0	0.0	0.0	0.0	3.30852e-05	0.0	0.0	0.000109491	0.0	0.000233839	0.0	0.0	0.0	0.0	0.0	0.0	0.0	0.0	0.0	0.0	0.0	0.0	0.0	0.0	0.0	0.0	0.0	0.0	0.0	0.0	0.0	0.0	0.0	0.0	0.00027292399999999996	0.0	0.0
AeA01008_CKDL210012719-1a-AK9141-7UDI246_HF5TCDSX2_L1_clmp_r1r2_fastp	0.007244680000000001	0.0309588	0.000150149	0.0014170300000000001	0.0	0.0	0.0	0.0	0.0	0.0	0.0	0.00023460699999999999	0.0	0.0	0.0	0.006428240000000001	0.000112612	0.0	0.0	0.0	0.0	0.00023460699999999999	0.00106981	0.0	0.0	0.0	8.44587e-05	0.000497368	0.000516136	0.000319066	8.44587e-05	4.69215e-05	9.384300000000001e-06	0.000600886	2.8183700000000003e-05	5.64101e-05	7.52819e-05	2.8259700000000003e-05	0.000499857	0.00163384	0.0	0.0	0.0	9.515229999999999e-06	0.0	0.0	0.0	0.00454145	0.0	6.78261e-05	0.0	0.0	0.000990795	0.0	0.0	0.0107718	0.0	0.0	0.0	0.0	0.0	5.1670700000000007e-05	0.0	0.000734786	0.0	0.0	0.0	0.0	0.0	0.0	0.0	0.0	0.0	1.18224e-05	0.0	0.0	0.0	0.0008385780000000001	0.0	0.0	0.0	0.0	0.0	0.0	0.0	0.0	0.0	0.0	0.0	0.0	0.0	0.0	0.000110938	0.0	0.014106700000000002	0.000606676	0.0	0.000451835	0.0	0.0	0.0	0.0	0.0	0.0	0.0	0.0	0.0	0.0	0.0	0.0	3.30948e-05	0.0	0.0	0.0	0.0	0.0	0.0	0.0	0.0	0.0	4.70493e-05	0.0	0.00020204499999999998	0.0	0.0	0.0	0.0	0.0	0.0	0.0	0.0	0.0	0.0	0.0	0.0	0.0	0.0	0.0	0.0	0.0	0.0	0.0	0.0	0.0	0.0	0.0	0.0	0.0	0.0	0.0
AeA01009_CKDL210012719-1a-AK3905-7UDI214_HF5TCDSX2_L1_clmp_r1r2_fastp	0.008702640000000001	0.0322477	0.00015075400000000001	0.00157607	0.0	0.0	0.0	0.0	0.0	0.0	0.0	0.000274099	0.0	0.0	0.0	0.00642762	0.000164459	0.0	0.0	0.0	0.0	0.000219279	0.0010689900000000001	0.0	0.0	0.0	0.000137049	0.00047967299999999996	0.000561903	0.000274099	9.593460000000001e-05	4.11148e-05	0.0	0.000575778	2.7428300000000003e-05	9.60423e-05	0.000178466	4.12112e-05	0.0004949	0.00184371	0.0	0.0	0.0	1.38243e-05	0.0	0.0	0.0	0.00485997	1.39569e-05	4.1971599999999996e-05	0.0	0.0	0.00107234	0.0	0.0	0.012445	0.0	0.0	0.0	0.0	0.0	2.9270200000000003e-05	0.0	0.000636481	0.0	0.0	0.0	0.0	0.0	0.0	0.0	0.0	0.0	3.23772e-05	0.0	0.0	0.0	0.000616983	0.0	0.0	0.0	0.0	0.0	0.0	0.0	0.0	0.0	0.0	0.0	0.0	0.0	0.0	0.00016443300000000002	0.0	0.0157593	0.000559058	0.0	0.000402629	0.0	0.0	0.0	0.0	0.0	0.0	0.0	0.0	0.0	0.0	0.0	3.82255e-05	0.0	0.0	0.0	0.0	0.0	0.0	0.0	0.0	0.0	0.0	5.43081e-05	0.0	0.00023192999999999998	0.0	0.0	0.0	0.0	0.0	0.0	0.0	0.0	0.0	0.0	0.0	0.0	0.0	0.0	0.0	0.0	0.0	0.0	0.0	0.0	0.0	0.0	0.0	0.0	0.0	0.0	0.0
AeA01010_CKDL210012719-1a-AK3905-AK4971_HF5TCDSX2_L1_clmp_r1r2_fastp	0.00769342	0.0290785	0.000130397	0.0007823819999999999	0.0	0.0	0.0	0.0	0.0	0.0	0.0	0.000260794	0.0	0.0	0.0	0.00586786	0.0	0.0	0.0	0.0	0.0	0.00039119099999999993	0.000260794	0.0	0.0	0.0	0.0	0.00039119099999999993	0.000260794	0.000260794	0.0	0.0	0.0	0.00104367	0.0	0.000261205	0.00039212	0.000130814	0.0005237429999999999	0.00104871	0.0	0.0	0.0	0.0	0.0	0.0	0.0	0.00425814	0.0	0.0	0.0	0.0	0.00108106	0.0	0.0	0.00957128	0.0	0.0	0.0	0.0	0.0	0.0	0.0	0.000285404	0.0	0.0	0.0	0.0	0.0	0.0	0.000151686	0.0	0.0	0.0	0.0	0.0	0.0	0.000836929	0.0	0.0	0.0	0.0	0.0	0.0	0.0	0.0	0.0	0.0	0.0	0.0	0.0	0.0	0.0	0.0	0.012315300000000001	0.0010123	0.0	0.00026749099999999996	0.0	0.0	0.0	0.0	0.0	0.0	0.0	0.0	0.0	0.0	0.0	0.0	0.0	0.0	0.0	0.0	0.0	0.0	0.0	0.0	0.0	0.0	0.0	0.0	0.0	0.0	0.0	0.0	0.0	0.0	0.0	0.0	0.0	0.0	0.0	0.0	0.0	0.0	0.0	0.0	0.0	0.0	0.0	0.0	0.0	0.0	0.0	0.0	0.0	0.0	0.0	0.0
AeA01011_CKDL210012719-1a-AK3905-AK1864_HF5TCDSX2_L1_clmp_r1r2_fastp	0.00869066	0.0336763	0.00010346	0.0010346	0.0	0.0	0.0	0.0	0.0	0.0	0.0	0.00010346	0.0	0.0	0.0	0.006104149999999999	0.00020692	0.0	0.0	0.0	0.0	0.00015518999999999998	0.000517301	0.0	0.0	0.0	5.17301e-05	0.00041384099999999997	0.00020692	0.00041384099999999997	0.0	5.17301e-05	0.0	0.000517457	0.0	0.000207149	0.000103628	5.18458e-05	0.000311283	0.00166142	0.0	0.0	0.0	0.0	0.0	0.0	0.0	0.004145299999999999	0.0	0.0	0.0	0.0	0.0009551519999999999	0.0	0.0	0.0108133	0.0	0.0	0.0	0.0	0.0	0.0	0.0	0.0006084490000000001	0.0	0.0	0.0	0.0	0.0	0.0	0.0	0.0	0.0	0.0	0.0	0.0	0.0	0.000756169	0.0	0.0	0.0	0.0	0.0	0.0	0.0	0.0	0.0	0.0	0.0	0.0	0.0	0.0	8.28464e-05	0.0	0.0141945	0.000796641	0.0	0.000185186	0.0	0.0	0.0	0.0	0.0	0.0	0.0	0.0	0.0	0.0	0.0	0.0	0.0	0.0	0.0	0.0	0.0	0.0	0.0	0.0	0.0	0.0	0.0	0.0	0.000172707	0.0	0.0	0.0	0.0	0.0	0.0	0.0	0.0	0.0	0.0	0.0	0.0	0.0	0.0	0.0	0.0	0.0	0.0	0.0	0.0	0.0	0.0	0.0	0.0	0.0	0.0	0.0
AeA01012_CKDL210012719-1a-AK3905-AK7558_HF5TCDSX2_L1_clmp_r1r2_fastp	0.00992142	0.0367599	0.000281326	0.0012941	0.0	0.0	0.0	0.0	0.0	0.0	0.0	0.000243816	0.0	0.0	0.0	0.00695812	0.000131285	0.0	0.0	0.0	0.0	0.000206305	0.000900242	0.0	0.0	3.75101e-05	0.00011253000000000001	0.000450121	0.0005626510000000001	0.000375101	7.50202e-05	0.00011253000000000001	0.0	0.00048778	5.63024e-05	3.7550300000000005e-05	0.000169057	5.6382400000000004e-05	0.000658199	0.0018441900000000001	0.0	0.0	0.0	0.0	0.0	0.0	0.0	0.00453341	0.0	9.51025e-05	0.0	0.0	0.0008408490000000001	0.0	0.0	0.0122397	0.0	0.0	0.0	0.0	0.0	0.0	0.0	0.000372398	0.0	0.0	0.0	0.0	0.0	0.0	4.03598e-05	0.0	0.0	2.05508e-05	0.0	0.0	0.0	0.0009752410000000001	0.0	0.0	0.0	0.0	0.0	0.0	0.0	0.0	0.0	0.0	0.0	0.0	0.0	0.0	0.000127152	0.0	0.015212900000000001	0.000932683	0.0	0.00027543800000000003	0.0	0.0	0.0	0.0	0.0	0.0	0.0	0.0	0.0	0.0	0.0	0.0	0.0	0.0	0.0	0.0	0.0	0.0	0.0	0.0	0.0	8.34254e-05	0.000127736	0.0	0.000133006	0.0	0.0	0.0	0.0	0.0	0.0	0.0	0.0	0.0	0.0	0.0	0.0	0.0	0.0	0.0	0.0	0.0	0.0	0.0	0.0	0.0	0.0	0.0	0.0	0.0	0.0	0.0
AeA01013_CKDL210012719-1a-AK3905-7UDI308_HF5TCDSX2_L1_clmp_r1r2_fastp	0.00781361	0.031520400000000004	0.000139303	0.00120307	0.0	0.0	0.0	0.0	0.0	0.0	0.0	0.000215286	0.0	0.0	0.0	0.00719308	6.33194e-05	0.0	0.0	0.0	0.0	0.000265941	0.000709177	0.0	0.0	1.2663899999999999e-05	8.86471e-05	0.00045589999999999997	0.0005698739999999999	0.00039257999999999996	8.86471e-05	6.33194e-05	0.0	0.000684094	3.8022e-05	0.000114128	0.000152273	6.34951e-05	0.000622796	0.00171763	0.0	0.0	0.0	0.0	0.0	0.0	0.0	0.0044935999999999995	3.8847700000000004e-05	3.89655e-05	0.0	0.0	0.0009322110000000001	0.0	1.32418e-05	0.0112019	0.0	0.0	0.0	0.0	0.0	4.1328899999999997e-05	0.0	0.000671341	0.0	0.0	0.0	0.0	0.0	0.0	0.0	0.0	0.0	3.15526e-05	0.0	0.0	0.0	0.00047643999999999996	0.0	0.0	0.0	1.86459e-05	0.0	0.0	0.0	0.0	0.0	0.0	0.0	0.0	0.0	0.0	0.000153864	0.0	0.0154574	0.000765687	0.0	0.000486482	0.0	0.0	0.0	0.0	0.0	0.0	0.0	0.0	0.0	0.0	0.0	4.75425e-05	0.0	0.0	0.0	0.0	0.0	0.0	0.0	0.0	0.0	7.079120000000001e-05	0.0	0.0	0.0	0.0	0.0	0.0	0.0	0.0	0.0	0.0	0.0	0.0	0.0	0.0	0.0	0.0	0.0	0.0	0.0	0.0	0.0	0.0	0.0	0.0	0.0	0.0	0.0	0.0	0.0	0.0
AeA01014_CKDL210012719-1a-AK3905-AK2587_HF5TCDSX2_L1_clmp_r1r2_fastp	0.00819355	0.032905000000000004	9.81264e-05	0.00145554	0.0	0.0	0.0	0.0	0.0	0.0	0.0	0.00014719	0.0	0.0	0.0	0.00739219	0.000130835	0.0	0.0	0.0	0.0	0.000212607	0.000932201	0.0	0.0	0.0	4.90632e-05	0.000474277	0.000654176	0.000490632	0.000130835	1.63544e-05	0.0	0.000752643	1.63711e-05	4.91463e-05	8.198069999999999e-05	1.64126e-05	0.000624379	0.0015465	0.0	0.0	0.0	0.0	0.0	0.0	0.0	0.00507506	0.0	6.74516e-05	0.0	0.0	0.00124594	0.0	0.0	0.0117749	0.0	0.0	0.0	0.0	0.0	1.7957e-05	0.0	0.0008386489999999999	0.0	0.0	0.0	0.0	0.0	0.0	0.0	0.0	0.0	2.047e-05	0.0	0.0	0.0	0.000636725	0.0	0.0	0.0	0.0	0.0	0.0	0.0	0.0	0.0	0.0	0.0	0.0	0.0	0.0	0.00031444	0.0	0.015060200000000001	0.00112868	0.0	0.000688578	0.0	0.0	0.0	0.0	0.0	0.0	0.0	0.0	0.0	0.0	0.0	5.2326e-05	0.0	0.0	0.0	0.0	0.0	0.0	0.0	6.764069999999999e-05	0.0	7.21343e-05	7.45211e-05	0.0	7.9541e-05	0.0	0.0	0.0	0.0	0.0	0.0	0.0	0.0	0.0	0.0	0.0	0.0	0.0	0.0	0.0	0.0	0.0	0.0	0.0	0.0	0.0	0.0	0.0	0.0	0.000184034	0.0	0.0
AeA01015_CKDL210012719-1a-AK3905-GC12_HF5TCDSX2_L1_clmp_r1r2_fastp	0.007756659999999999	0.0305542	0.00015381500000000002	0.0014172899999999999	0.0	0.0	0.0	0.0	0.0	0.0	0.0	0.000142828	0.0	0.0	0.0	0.007591860000000001	0.000142828	0.0	0.0	0.0	0.0	0.000296643	0.00105473	0.0	0.0	0.0	2.19735e-05	0.000428484	0.000472431	0.000351577	4.39471e-05	1.09868e-05	0.0	0.000736447	1.09982e-05	7.70425e-05	0.00012117599999999999	4.41104e-05	0.000563096	0.0014262399999999998	0.0	0.0	0.0	0.0	0.0	0.0	0.0	0.004811579999999999	1.13075e-05	6.81013e-05	0.0	0.0	0.00117292	0.0	0.0	0.0113509	0.0	0.0	0.0	0.0	0.0	4.8597e-05	0.0	0.000617672	0.0	0.0	0.0	0.0	0.0	0.0	2.67599e-05	0.0	0.0	2.80654e-05	0.0	0.0	0.0	0.00051555	0.0	0.0	0.0	0.0	0.0	0.0	0.0	0.0	0.0	0.0	0.0	0.0	0.0	0.0	0.000158169	0.0	0.0162262	0.000992451	0.0	0.000502628	0.0	0.0	0.0	0.0	0.0	0.0	0.0	0.0	0.0	0.0	0.0	0.00011912399999999999	4.11326e-05	0.0	0.0	0.0	0.0	0.0	0.0	5.2653899999999994e-05	0.0	0.0	0.00011728799999999999	0.0	0.000503822	0.0	0.0	0.0	0.0	0.0	0.0	0.0	0.0	0.0	0.0	0.0	0.0	0.0	0.0	0.0	0.0	0.0	0.0	0.0	0.0	0.0	0.0	0.0	0.0	0.0	0.0	0.0
AeA01016_CKDL210012719-1a-AK3905-7UDI246_HF5TCDSX2_L1_clmp_r1r2_fastp	0.007612809999999999	0.029363700000000003	0.000271886	0.00231103	0.0	0.0	0.0	0.0	0.0	0.0	0.0	0.000271886	0.0	0.0	0.0	0.00557367	0.000135943	0.0	0.0	0.0	0.0	0.000271886	0.00108754	0.0	0.0	0.0	0.0	0.000271886	0.000271886	0.00040782899999999996	0.0	0.0	0.0	0.000544118	0.0	0.00027255599999999997	0.0	0.0	0.000273736	0.00164553	0.0	0.0	0.0	0.0	0.0	0.0	0.0	0.00308944	0.0	0.000141626	0.0	0.0	0.000431166	0.0	0.0	0.00950015	0.0	0.0	0.0	0.0	0.0	0.0	0.0	0.000309655	0.0	0.0	0.0	0.0	0.0	0.0	0.0	0.0	0.0	0.0	0.0	0.0	0.0	0.000751594	0.0	0.0	0.0	0.0	0.0	0.0	0.0	0.0	0.0	0.0	0.0	0.0	0.0	0.0	0.00027307899999999996	0.0	0.010134299999999999	0.0005966	0.0	0.000634475	0.0	0.0	0.0	0.0	0.0	0.0	0.0	0.0	0.0	0.0	0.0	0.0	0.0	0.0	0.0	0.0	0.0	0.0	0.0	0.0	0.0	0.0	0.0	0.0	0.0	0.0	0.0	0.0	0.0	0.0	0.0	0.0	0.0	0.0	0.0	0.0	0.0	0.0	0.0	0.0	0.0	0.0	0.0	0.0	0.0	0.0	0.0	0.0	0.0	0.0	0.0	0.0
AeA01017_CKDL210012719-1a-AK7761-7UDI214_HF5TCDSX2_L1_clmp_r1r2_fastp	0.0095562	0.0354463	0.00016060800000000002	0.0015900200000000001	0.0	0.0	0.0	0.0	0.0	0.0	0.0	0.00020879099999999997	0.0	0.0	0.0	0.0073237499999999995	0.00016060800000000002	0.0	0.0	0.0	0.0	0.000305156	0.0010921400000000001	0.0	0.0	1.60608e-05	0.000128487	0.00046576500000000004	0.000642434	0.00046576500000000004	8.03042e-05	4.81825e-05	0.0	0.000819492	0.0	0.000112626	0.00024155500000000001	6.44799e-05	0.000742355	0.00184213	0.0	0.0	0.0	0.0	0.0	0.0	0.0	0.0060009500000000006	0.0	3.3094000000000005e-05	0.0	0.0	0.0015231	0.0	0.0	0.011994600000000001	0.0	0.0	0.0	0.0	0.0	0.0	0.0	0.000961361	0.0	0.0	0.0	1.84289e-05	0.0	0.0	1.90501e-05	0.0	0.0	3.96628e-05	0.0	0.0	0.0	0.000888849	0.0	0.0	0.0	0.0	0.0	0.0	0.0	0.0	0.0	0.0	0.0	0.0	0.0	0.0	0.00023619300000000002	0.0	0.0157979	0.000766608	0.0	0.000472175	0.0	0.0	0.0	0.0	0.0	0.0	0.0	0.0	0.0	0.0	0.0	0.0	0.0	0.0	0.0	0.0	0.0	0.0	0.0	0.0	0.0	6.52314e-05	6.73291e-05	0.0	0.000286957	0.0	0.0	0.0	0.0	0.0	0.0	0.0	0.0	0.0	0.0	0.0	0.0	0.0	0.0	0.0	0.0	0.0	0.0	0.0	0.0	0.0	0.0	0.0	0.0	0.0	0.0	0.0
AeA01018_CKDL210012719-1a-AK7761-AK4971_HF5TCDSX2_L1_clmp_r1r2_fastp	0.00848019	0.0366254	0.000197214	0.00132415	0.0	0.0	0.0	0.0	0.0	0.0	0.0	0.00022538700000000002	0.0	0.0	0.0	0.007001080000000001	0.000154954	0.0	0.0	0.0	0.0	0.000183127	0.00121146	0.0	0.0	0.0	0.00016904	0.000676161	0.0008311149999999999	0.000380341	8.45201e-05	2.8173399999999997e-05	1.4086699999999998e-05	0.0008031789999999999	2.81925e-05	8.46167e-05	0.000225773	1.41196e-05	0.000819518	0.0022767	0.0	0.0	0.0	0.0	0.0	0.0	0.0	0.00567506	0.0	4.30593e-05	1.4385699999999998e-05	0.0	0.0010988999999999999	0.0	0.0	0.0126926	0.0	0.0	0.0	0.0	0.0	0.0	0.0	0.000769141	0.0	0.0	0.0	1.54624e-05	0.0	0.0	0.0	0.0	0.0	1.6336e-05	0.0	0.0	0.0	0.000824722	0.0	0.0	0.0	1.82653e-05	0.0	0.0	0.0	0.0	0.0	0.0	0.0	0.0	0.0	0.0	0.000135562	0.0	0.0166916	0.0009177100000000001	0.0	0.000505865	0.0	0.0	0.0	0.0	0.0	0.0	0.0	0.0	0.0	0.0	0.0	6.827270000000001e-05	0.0	0.0	0.0	0.0	0.0	0.0	0.0	0.0	0.0	0.0	0.0	0.0	0.00019496700000000002	0.0	0.0	0.0	0.0	0.0	0.0	0.0	0.0	0.0	0.0	0.0	0.0	0.0	0.0	0.0	0.0	0.0	0.0	0.0	0.0	0.0	0.0	0.0	0.0	0.000102612	0.0	0.0
AeA01019_CKDL210012719-1a-AK7761-AK1864_HF5TCDSX2_L1_clmp_r1r2_fastp	0.0076573	0.0310214	0.000185757	0.00142413	0.0	0.0	0.0	0.0	0.0	0.0	0.0	0.000268315	0.0	0.0	0.0	0.00629508	0.00010319799999999998	0.0	0.0	0.0	0.0	0.00010319799999999998	0.000949423	0.0	0.0	0.0	0.000123838	0.000433432	0.0005779089999999999	0.000392153	6.191890000000001e-05	0.000123838	2.0639599999999998e-05	0.000825987	6.19866e-05	8.270989999999999e-05	0.000124182	4.14385e-05	0.000497871	0.00149569	0.0	0.0	0.0	0.0	0.0	0.0	0.0	0.00516644	0.0	2.13253e-05	0.0	0.0	0.00125269	0.0	0.0	0.0116648	0.0	0.0	0.0	0.0	0.0	6.830499999999999e-05	0.0	0.000601436	0.0	0.0	0.0	0.0	0.0	0.0	2.4971999999999997e-05	0.0	0.0	0.0	0.0	0.0	0.0	0.0006474209999999999	0.0	0.0	0.0	0.0	0.0	0.0	0.0	0.0	0.0	0.0	0.0	0.0	0.0	0.0	0.00016606	0.0	0.013946400000000001	0.0008198540000000001	0.0	0.000339982	0.0	0.0	0.0	0.0	0.0	0.0	0.0	0.0	0.0	0.0	0.0	0.0	0.0	0.0	0.0	0.0	0.0	0.0	0.0	0.0	0.0	0.0	0.000107703	0.0	0.00023124999999999998	0.0	0.0	0.0	0.0	0.0	0.0	0.0	0.0	0.0	0.0	0.0	0.0	0.0	0.0	0.0	0.0	0.0	0.0	0.0	0.0	0.0	0.0	0.0	0.0	0.00028618700000000003	0.0	0.0
AeA01020_CKDL210012719-1a-AK7761-AK7558_HF5TCDSX2_L1_clmp_r1r2_fastp	0.00868014	0.0303414	7.81995e-05	0.00101659	0.0	0.0	0.0	0.0	0.0	0.0	0.0	7.81995e-05	0.0	0.0	0.0	0.00649056	0.000234598	0.0	0.0	0.0	0.0	0.000234598	0.00132939	0.0	0.0	7.81995e-05	0.0	0.000469197	0.000625596	0.000390997	0.0	0.0	0.0	0.000391205	0.0	0.0	0.00015687699999999998	0.0	0.000314537	0.0013387800000000001	0.0	0.0	0.0	0.0	0.0	0.0	0.0	0.0046614	0.0	8.09901e-05	0.0	0.0	0.000903109	0.0	0.0	0.0112648	0.0	0.0	0.0	0.0	0.0	0.0	0.0	0.000794873	0.0	0.0	0.0	0.0	0.0	0.0	0.0	0.0	0.0	0.0	0.0	0.0	0.0	0.00032453800000000003	0.0	0.0	0.0	0.0	0.0	0.0	0.0	0.0	0.0	0.0	0.0	0.0	0.0	0.0	0.00048148900000000004	0.0	0.0141702	0.00141028	0.0	0.000564246	0.0	0.0	0.0	0.0	0.0	0.0	0.0	0.0	0.0	0.0	0.0	0.0	0.0	0.0	0.0	0.0	0.0	0.0	0.0	0.0	0.0	0.0	0.0	0.0	0.0	0.0	0.0	0.0	0.0	0.0	0.0	0.0	0.0	0.0	0.0	0.0	0.0	0.0	0.0	0.0	0.0	0.0	0.0	0.0	0.0	0.0	0.0	0.0	0.0	0.0	0.0	0.0
AeA01021_CKDL210012719-1a-AK7761-7UDI308_HF5TCDSX2_L1_clmp_r1r2_fastp	0.00590804	0.0206781	0.0	0.000590804	0.0	0.0	0.0	0.0	0.0	0.0	0.0	0.0	0.0	0.0	0.0	0.00295402	0.0	0.0	0.0	0.0	0.0	0.000590804	0.000590804	0.0	0.0	0.0	0.0	0.0	0.000590804	0.00118161	0.000590804	0.0	0.0	0.00118201	0.0	0.0	0.000591905	0.0	0.00118549	0.0	0.0	0.0	0.0	0.0	0.0	0.0	0.0	0.00360274	0.0	0.0	0.0	0.0	0.0012169	0.0	0.0	0.0049172999999999994	0.0	0.0	0.0	0.0	0.0	0.0	0.0	0.000637714	0.0	0.0	0.0	0.0	0.0	0.0	0.0	0.0	0.0	0.0	0.0	0.0	0.0	0.0	0.0	0.0	0.0	0.0	0.0	0.0	0.0	0.0	0.0	0.0	0.0	0.0	0.0	0.0	0.0	0.0	0.007482310000000001	0.0	0.0	0.0	0.0	0.0	0.0	0.0	0.0	0.0	0.0	0.0	0.0	0.0	0.0	0.0	0.0	0.0	0.0	0.0	0.0	0.0	0.0	0.0	0.0	0.0	0.0	0.0	0.0	0.0	0.0	0.0	0.0	0.0	0.0	0.0	0.0	0.0	0.0	0.0	0.0	0.0	0.0	0.0	0.0	0.0	0.0	0.0	0.0	0.0	0.0	0.0	0.0	0.0	0.0	0.0
AeA01022_CKDL210012719-1a-AK7761-AK2587_HF5TCDSX2_L1_clmp_r1r2_fastp	0.007695479999999999	0.0332292	8.845379999999999e-05	0.00147423	0.0	0.0	0.0	0.0	0.0	0.0	0.0	0.000294846	0.0	0.0	0.0	0.0065455800000000005	0.000176908	0.0	0.0	0.0	0.0	0.00020639199999999998	0.00135629	0.0	0.0	0.0	2.9484600000000002e-05	0.000530723	0.00047175400000000006	0.000619177	8.845379999999999e-05	5.8969200000000005e-05	0.0	0.000855335	2.95062e-05	0.000177125	0.000177237	2.95607e-05	0.000680472	0.00189536	0.0	0.0	0.0	0.0	0.0	0.0	0.0	0.005467	3.0118899999999997e-05	6.04143e-05	0.0	0.0	0.00143442	0.0	0.0	0.0116825	0.0	0.0	0.0	0.0	0.0	3.19515e-05	0.0	0.000551082	0.0	0.0	0.0	0.0	0.0	0.0	0.0	0.0	0.0	0.0	0.0	0.0	0.0	0.000745722	0.0	0.0	0.0	0.0	0.0	0.0	0.0	0.0	0.0	0.0	0.0	0.0	0.0	0.0	0.000292729	0.0	0.013553299999999999	0.00051651	0.0	0.000552733	0.0	0.0	0.0	0.0	0.0	0.0	0.0	0.0	0.0	0.0	0.0	0.0	0.0	0.0	0.0	0.0	0.0	0.0	0.0	0.0	0.0	0.0	0.0	0.0	0.00017511300000000002	0.0	0.0	0.0	0.0	0.0	0.0	0.0	0.0	0.0	0.0	0.0	0.0	0.0	0.0	0.0	0.0	0.0	0.0	0.0	0.0	0.0	0.0	0.0	0.0	0.0	0.0	0.0
AeA01023_CKDL210012719-1a-AK7761-GC12_HF5TCDSX2_L1_clmp_r1r2_fastp	0.007342089999999999	0.0301193	0.000166866	0.00175209	0.0	0.0	0.0	0.0	0.0	0.0	0.0	0.0	0.0	0.0	0.0	0.006340889999999999	8.34328e-05	0.0	0.0	0.0	0.0	8.34328e-05	0.00100119	0.0	0.0	0.0	0.0	0.00041716400000000003	0.000250298	0.000250298	0.0	0.0	0.0	0.000667865	0.0	8.36252e-05	0.0	8.381839999999999e-05	0.000335767	0.00117704	0.0	0.0	0.0	0.0	0.0	0.0	0.0	0.0033467899999999997	0.0	8.64595e-05	0.0	0.0	0.00105117	0.0	0.0	0.0099647	0.0	0.0	0.0	0.0	0.0	0.0	0.0	0.000376456	0.0	0.0	0.0	0.0	0.0	0.0	0.00010195599999999998	0.0	0.0	0.0	0.0	0.0	0.0	0.0008099919999999999	0.0	0.0	0.0	0.0	0.0	0.0	0.0	0.0	0.0	0.0	0.0	0.0	0.0	0.0	0.00034841600000000005	0.0	0.0130036	0.000767371	0.0	0.000205089	0.0	0.0	0.0	0.0	0.0	0.0	0.0	0.0	0.0	0.0	0.0	0.0	0.0	0.0	0.0	0.0	0.0	0.0	0.0	0.0	0.0	0.0	0.0	0.0	0.0	0.0	0.0	0.0	0.0	0.0	0.0	0.0	0.0	0.0	0.0	0.0	0.0	0.0	0.0	0.0	0.0	0.0	0.0	0.0	0.0	0.0	0.0	0.0	0.0	0.0	0.0	0.0
AeA01024_CKDL210012719-1a-AK7761-7UDI246_HF5TCDSX2_L1_clmp_r1r2_fastp	0.00650409	0.0307138	0.000120446	0.00120446	0.0	0.0	0.0	0.0	0.0	0.0	0.0	0.000120446	0.0	0.0	0.0	0.006263200000000001	0.000180669	0.0	0.0	0.0	0.0	0.000120446	0.000301115	0.0	0.0	0.0	6.02231e-05	0.000662454	0.000361338	0.000361338	6.02231e-05	6.02231e-05	0.0	0.000662901	6.03131e-05	6.03768e-05	0.000120913	0.0	0.000121286	0.00188342	0.0	0.0	0.0	0.0	0.0	0.0	0.0	0.00392501	0.0	6.28714e-05	0.0	0.0	0.000830341	0.0	6.46497e-05	0.0103442	0.0	0.0	0.0	0.0	0.0	6.80252e-05	0.0	0.000554343	0.0	0.0	0.0	0.0	0.0	0.0	0.0	0.0	0.0	0.0	0.0	0.0	0.0	0.000516699	0.0	0.0	0.0	0.0	0.0	0.0	0.0	0.0	0.0	0.0	0.0	0.0	0.0	0.0	0.000515894	0.0	0.015363900000000002	0.000566336	0.0	0.00030192	0.0	0.0	0.0	0.0	0.0	0.0	0.0	0.0	0.0	0.0	0.0	0.0	0.0	0.0	0.0	0.0	0.0	0.0	0.0	0.0	0.0	0.0	0.0	0.0	0.0	0.0	0.0	0.0	0.0	0.0	0.0	0.0	0.0	0.0	0.0	0.0	0.0	0.0	0.0	0.0	0.0	0.0	0.0	0.0	0.0	0.0	0.0	0.0	0.0	0.0	0.0	0.0
AeA01025_CKDL210012719-1a-5UDI298-7UDI214_HF5TCDSX2_L1_clmp_r1r2_fastp	0.007986809999999999	0.027818199999999998	0.000210972	0.0012658300000000001	0.0	0.0	0.0	0.0	0.0	0.0	0.0	0.000150695	0.0	0.0	0.0	0.0073539	0.000150695	0.0	0.0	0.0	0.0	9.04168e-05	0.000723334	0.0	0.0	0.0	0.000150695	0.000361667	0.0005425009999999999	0.000331528	6.02778e-05	9.04168e-05	0.0	0.000603177	3.01825e-05	3.0212800000000003e-05	0.000121004	0.0	0.000485531	0.00142897	0.0	0.0	0.0	0.0	0.0	0.0	0.0	0.00383471	0.0	3.14599e-05	0.0	0.0	0.00108677	0.0	0.0	0.0109702	0.0	0.0	0.0	0.0	0.0	0.0	0.0	0.0005542689999999999	0.0	0.0	0.0	3.61699e-05	0.0	0.0	0.0	0.0	0.0	0.0	0.0	0.0	0.0	0.000686461	0.0	0.0	0.0	0.0	0.0	0.0	0.0	0.0	0.0	0.0	0.0	0.0	0.0	0.0	6.53389e-05	0.0	0.0153636	0.00115647	0.0	0.000542656	0.0	0.0	0.0	0.0	0.0	0.0	0.0	0.0	0.0	0.0	0.0	0.00036182200000000003	0.0	0.0	0.0	0.0	0.0	0.0	0.0	0.0	0.0	0.0	0.0	0.0	0.00019970399999999998	0.0	0.0	0.0	0.0	0.0	0.0	0.0	0.0	0.0	0.0	0.0	0.0	0.0	0.0	0.0	0.0	0.0	0.0	0.0	0.0	0.0	0.0	0.0	0.0	0.0	0.0	0.0
AeA01026_CKDL210012719-1a-5UDI298-AK4971_HF5TCDSX2_L1_clmp_r1r2_fastp	0.00777952	0.031022200000000003	0.000127795	0.00123003	0.0	0.0	0.0	0.0	0.0	0.0	0.0	0.00019169199999999998	0.0	0.0	0.0	0.00707665	0.000159744	0.0	0.0	0.0	0.0	0.000127795	0.0008945649999999999	0.0	0.0	1.59744e-05	0.000143769	0.000399359	0.000607026	0.000367411	6.38975e-05	4.79231e-05	1.59744e-05	0.000559397	1.5993500000000002e-05	0.0	0.00011216500000000001	3.20851e-05	0.000514052	0.00138364	0.0	0.0	0.0	0.0	0.0	0.0	0.0	0.00464573	0.0	4.9611200000000004e-05	0.0	0.0	0.0009381050000000001	0.0	0.0	0.0107498	0.0	0.0	0.0	0.0	0.0	1.76651e-05	0.0	0.0007358099999999999	0.0	0.0	0.0	0.0	0.0	0.0	3.87158e-05	0.0	0.0	2.02519e-05	0.0	0.0	0.0	0.000610593	0.0	0.0	0.0	2.38181e-05	0.0	0.0	0.0	0.0	0.0	0.0	0.0	0.0	0.0	0.0	9.60693e-05	0.0	0.014721499999999998	0.000420747	0.0	0.000261305	0.0	0.0	0.0	0.0	0.0	0.0	0.0	0.0	0.0	0.0	0.0	5.54797e-05	0.0	0.0	0.0	0.0	0.0	0.0	0.0	0.0	0.0	7.859389999999999e-05	8.143259999999999e-05	0.0	0.00026202	0.0	0.0	0.0	0.0	0.0	0.0	0.0	0.0	0.0	0.0	0.0	0.0	0.0	0.0	0.0	0.0	0.0	0.0	0.0	0.0	0.0	0.0	0.0	0.0	0.0	0.0	0.0
AeA01027_CKDL210012719-1a-5UDI298-AK1864_HF5TCDSX2_L1_clmp_r1r2_fastp	0.00761195	0.0327535	0.000165477	0.0014562	0.0	0.0	0.0	0.0	0.0	0.0	0.0	0.000264764	0.0	0.0	0.0	0.00732513	0.000209604	0.0	0.0	0.0	0.0	0.000220636	0.00102596	0.0	0.0	0.0	0.000132382	0.000463336	0.000683973	0.00044127299999999995	6.61909e-05	4.41273e-05	0.0	0.000673187	2.2081800000000003e-05	2.20946e-05	0.000143717	2.21287e-05	0.000742015	0.00195125	0.0	0.0	0.0	0.0	0.0	0.0	0.0	0.00494027	0.0	9.05424e-05	0.0	0.0	0.00100623	0.0	0.0	0.012097100000000001	0.0	0.0	0.0	0.0	0.0	4.7790599999999996e-05	0.0	0.000702343	0.0	0.0	0.0	0.0	0.0	0.0	1.29345e-05	0.0	0.0	0.0	0.0	0.0	0.0	0.00083463	0.0	0.0	0.0	0.0	0.0	0.0	0.0	0.0	0.0	0.0	1.84617e-05	0.0	0.0	0.0	0.000205906	0.0	0.0163852	0.0008539519999999999	0.0	0.000620536	0.0	0.0	0.0	0.0	0.0	0.0	0.0	0.0	0.0	0.0	0.0	7.030320000000001e-05	0.0	0.0	0.0	0.0	0.0	0.0	0.0	0.0	0.0	4.954459999999999e-05	0.0	0.0	0.000329863	0.0	0.0	0.0	0.0	0.0	0.0	0.0	0.0	0.0	0.0	0.0	0.0	0.0	0.0	0.0	0.0	0.0	0.0	0.0	0.0	0.0	0.0	0.0	0.0	0.0	0.0	0.0
AeA01028_CKDL210012719-1a-5UDI298-AK7558_HF5TCDSX2_L1_clmp_r1r2_fastp	0.00855249	0.0325865	0.00024268300000000002	0.00135568	0.0	0.0	0.0	0.0	0.0	0.0	0.0	0.000301262	0.0	0.0	0.0	0.0076738100000000005	0.000192473	0.0	0.0	0.0	0.0	0.00025942	0.00107115	0.0	0.0	0.0	0.00010042099999999999	0.000535577	0.000594156	0.000493735	6.69471e-05	5.85787e-05	2.51052e-05	0.0007032179999999999	1.67514e-05	9.218529999999999e-05	0.000142573	8.39364e-06	0.000722534	0.00193445	0.0	0.0	0.0	8.46011e-06	0.0	0.0	0.0	0.00506925	0.0	6.864749999999999e-05	0.0	0.0	0.00120454	0.0	0.0	0.0120221	0.0	0.0	0.0	0.0	0.0	4.52158e-05	0.0	0.000723937	0.0	0.0	0.0	0.0	0.0	0.0	1.9567600000000002e-05	0.0	0.0	1.01883e-05	0.0	0.0	0.0	0.000719277	0.0	0.0	0.0	0.0	0.0	0.0	0.0	0.0	0.0	0.0	0.0	0.0	0.0	0.0	0.000172935	0.0	0.0161564	0.00092793	0.0	0.000566666	0.0	0.0	0.0	0.0	0.0	0.0	0.0	0.0	0.0	0.0	0.0	5.44087e-05	0.0	0.0	0.0	0.0	0.0	0.0	0.0	0.0	0.0	0.0	0.0	0.0	0.000391104	0.0	0.0	0.0	0.0	0.0	0.0	0.0	0.0	0.0	0.0	0.0	0.0	0.0	0.0	0.0	0.0	0.0	0.0	0.0	0.0	0.0	0.0	0.0	0.0	0.000110605	0.0	0.0
AeA01029_CKDL210012719-1a-5UDI298-7UDI308_HF5TCDSX2_L1_clmp_r1r2_fastp	0.00938305	0.0274541	0.0	0.0013900800000000001	0.0	0.0	0.0	0.0	0.0	0.0	0.0	0.0	0.0	0.0	0.0	0.0048652800000000005	0.0	0.0	0.0	0.0	0.0	0.0	0.00034752000000000003	0.0	0.0	0.0	0.0	0.0	0.0	0.0	0.0	0.0	0.0	0.000347645	0.0	0.000347977	0.0	0.0	0.0	0.00104733	0.0	0.0	0.0	0.0	0.0	0.0	0.0	0.00212629	0.0	0.0	0.0	0.0	0.000720054	0.0	0.0	0.00874601	0.0	0.0	0.0	0.0	0.0	0.0	0.0	0.000761504	0.0	0.0	0.0	0.0	0.0	0.0	0.0	0.0	0.0	0.0	0.0	0.0	0.0	0.000896644	0.0	0.0	0.0	0.0	0.0	0.0	0.0	0.0	0.0	0.0	0.0	0.0	0.0	0.0	0.000634417	0.0	0.0100868	0.0	0.0	0.0007375449999999999	0.0	0.0	0.0	0.0	0.0	0.0	0.0	0.0	0.0	0.0	0.0	0.0	0.0	0.0	0.0	0.0	0.0	0.0	0.0	0.0	0.0	0.0	0.0	0.0	0.0	0.0	0.0	0.0	0.0	0.0	0.0	0.0	0.0	0.0	0.0	0.0	0.0	0.0	0.0	0.0	0.0	0.0	0.0	0.0	0.0	0.0	0.0	0.0	0.0	0.0	0.0	0.0
AeA01030_CKDL210012719-1a-5UDI298-AK2587_HF5TCDSX2_L1_clmp_r1r2_fastp	0.00815428	0.0308133	0.00010435099999999999	0.00132675	0.0	0.0	0.0	0.0	0.0	0.0	0.0	0.000223609	0.0	0.0	0.0	0.00720021	8.94436e-05	0.0	0.0	0.0	0.0	0.000223609	0.0009242510000000001	0.0	0.0	2.9814499999999997e-05	5.9629099999999995e-05	0.000521754	0.000566476	0.000477033	7.45363e-05	2.9814499999999997e-05	1.49073e-05	0.00059658	1.49237e-05	5.973980000000001e-05	0.000119595	2.9930799999999998e-05	0.00046451699999999996	0.00168059	0.0	0.0	0.0	0.0	0.0	0.0	0.0	0.00472921	0.0	7.70936e-05	0.0	0.0	0.000874957	0.0	0.0	0.0110627	0.0	0.0	0.0	0.0	0.0	0.0	0.0	0.000638082	0.0	0.0	0.0	1.74929e-05	0.0	0.0	0.0	0.0	0.0	3.81774e-05	0.0	0.0	0.0	0.0008667179999999999	0.0	0.0	0.0	0.0	0.0	0.0	0.0	0.0	0.0	0.0	0.0	0.0	0.0	0.0	0.00012309999999999998	0.0	0.015356100000000001	0.000811163	0.0	0.000504579	0.0	0.0	0.0	0.0	0.0	0.0	0.0	0.0	0.0	0.0	0.0	5.42236e-05	0.0	0.0	0.0	0.0	0.0	0.0	0.0	0.0	0.0	0.0	0.0	0.0	8.637280000000001e-05	0.0	0.0	0.0	0.0	0.0	0.0	0.0	0.0	0.0	0.0	0.0	0.0	0.0	0.0	0.0	0.0	0.0	0.0	0.0	0.0	0.0	0.0	0.0	0.0	0.0	0.0	0.0
AeA01031_CKDL210012719-1a-5UDI298-GC12_HF5TCDSX2_L1_clmp_r1r2_fastp	0.00615396	0.0227863	0.0	0.000665293	0.0	0.0	0.0	0.0	0.0	0.0	0.0	0.000166323	0.0	0.0	0.0	0.00399176	0.000166323	0.0	0.0	0.0	0.0	0.0	0.000332646	0.0	0.0	0.0	0.0	0.000166323	0.00049897	0.000332646	0.0	0.000166323	0.0	0.000332794	0.0	0.0	0.0	0.0	0.000501268	0.0016729499999999999	0.0	0.0	0.0	0.0	0.0	0.0	0.0	0.00442488	0.0	0.0	0.0	0.0	0.000519508	0.0	0.0	0.008422569999999999	0.0	0.0	0.0	0.0	0.0	0.0	0.0	0.00036804	0.0	0.0	0.0	0.0	0.0	0.0	0.0	0.0	0.0	0.0	0.0	0.0	0.0	0.000657864	0.0	0.0	0.0	0.0	0.0	0.0	0.0	0.0	0.0	0.0	0.0	0.0	0.0	0.0	0.0	0.0	0.0106865	0.0	0.0	0.000365799	0.0	0.0	0.0	0.0	0.0	0.0	0.0	0.0	0.0	0.0	0.0	0.0	0.0	0.0	0.0	0.0	0.0	0.0	0.0	0.0	0.0	0.0	0.0	0.0	0.0	0.0	0.0	0.0	0.0	0.0	0.0	0.0	0.0	0.0	0.0	0.0	0.0	0.0	0.0	0.0	0.0	0.0	0.0	0.0	0.0	0.0	0.0	0.0	0.0	0.0	0.0	0.0
AeA01032_CKDL210012719-1a-5UDI298-7UDI246_HF5TCDSX2_L1_clmp_r1r2_fastp	0.00822118	0.0259697	0.00015366700000000002	0.001383	0.0	0.0	0.0	0.0	0.0	0.0	0.0	0.00015366700000000002	0.0	0.0	0.0	0.00499418	0.0	0.0	0.0	0.0	0.0	0.00030733400000000004	0.00145984	0.0	0.0	0.0	7.683350000000001e-05	0.000461001	0.0005378340000000001	0.00030733400000000004	7.683350000000001e-05	7.683350000000001e-05	0.0	0.000153736	0.0	7.69591e-05	7.70248e-05	0.0	0.00046308699999999994	0.00139096	0.0	0.0	0.0	0.0	0.0	0.0	0.0	0.00322159	0.0	0.0	0.0	0.0	0.00039979100000000004	0.0	0.0	0.011825899999999999	0.0	0.0	0.0	0.0	0.0	0.0	0.0	0.000254914	0.0	0.0	0.0	0.0	0.0	0.0	9.10413e-05	0.0	0.0	0.0	0.0	0.0	0.0	0.000508767	0.0	0.0	0.0	0.0	0.0	0.0	0.0	0.0	0.0	0.0	0.0	0.0	0.0	0.0	0.000147967	0.0	0.0114715	0.000648572	0.0	0.000345505	0.0	0.0	0.0	0.0	0.0	0.0	0.0	0.0	0.0	0.0	0.0	0.0	0.0	0.0	0.0	0.0	0.0	0.0	0.0	0.0	0.0	0.0	0.00038436599999999997	0.0	0.000413232	0.0	0.0	0.0	0.0	0.0	0.0	0.0	0.0	0.0	0.0	0.0	0.0	0.0	0.0	0.0	0.0	0.0	0.0	0.0	0.0	0.0	0.0	0.0	0.0	0.0	0.0	0.0
AeA01033_CKDL210012719-1a-AK9142-7UDI214_HF5TCDSX2_L1_clmp_r1r2_fastp	0.00793484	0.0312056	0.00016012	0.0014055	0.0	0.0	0.0	0.0	0.0	0.0	0.0	0.000124538	0.0	0.0	0.0	0.006742840000000001	0.00016012	0.0	0.0	0.0	0.0	0.00014232899999999999	0.000782809	0.0	0.0	1.77911e-05	7.116449999999999e-05	0.000533734	0.000533734	0.00028465799999999997	3.55822e-05	7.116449999999999e-05	3.55822e-05	0.000533998	3.5621300000000004e-05	3.5648900000000004e-05	3.56825e-05	0.0	0.000500728	0.00148639	0.0	0.0	0.0	0.0	0.0	0.0	0.0	0.00445275	1.83087e-05	3.67467e-05	0.0	0.0	0.000911047	0.0	0.0	0.0110278	0.0	0.0	0.0	0.0	0.0	1.94976e-05	0.0	0.00051406	0.0	0.0	0.0	2.04485e-05	0.0	0.0	0.0	0.0	0.0	2.19576e-05	0.0	0.0	0.0	0.000491421	0.0	0.0	0.0	0.0	0.0	0.0	0.0	0.0	0.0	0.0	0.0	0.0	0.0	0.0	0.000261288	0.0	0.015363900000000002	0.000955866	0.0	0.00048690500000000004	0.0	0.0	0.0	0.0	0.0	0.0	0.0	0.0	0.0	0.0	0.0	0.000108046	0.0	0.0	0.0	0.0	0.0	0.0	0.0	0.0	0.0	0.0	7.79727e-05	0.0	0.000333964	0.0	0.0	0.0	0.0	0.0	0.0	0.0	0.0	0.0	0.0	0.0	0.0	0.0	0.0	0.0	0.0	0.0	0.0	0.0	0.0	0.0	0.0	0.0	0.0	0.0	0.0	0.0
AeA01034_CKDL210012719-1a-AK9142-AK4971_HF5TCDSX2_L1_clmp_r1r2_fastp	0.00817007	0.027718600000000003	0.000149225	0.00164148	0.0	0.0	0.0	0.0	0.0	0.0	0.0	0.0	0.0	0.0	0.0	0.007349339999999999	0.000149225	0.0	0.0	0.0	0.0	0.000149225	0.000969963	0.0	0.0	0.0	0.000111919	0.00029845	0.000783432	0.000149225	0.000223838	0.0	0.0	0.0007465579999999999	0.0	7.47759e-05	7.48566e-05	0.0	0.0007880849999999999	0.00165379	0.0	0.0	0.0	0.0	0.0	0.0	0.0	0.00491102	0.0	7.73013e-05	0.0	0.0	0.0010569499999999999	0.0	0.0	0.0101311	0.0	0.0	0.0	0.0	0.0	4.1217e-05	0.0	0.000669615	0.0	0.0	0.0	0.0	0.0	0.0	0.0	0.0	0.0	0.0	0.0	0.0	0.0	0.0008072590000000001	0.0	0.0	0.0	0.0	0.0	0.0	0.0	0.0	0.0	0.0	0.0	0.0	0.0	0.0	0.00014538599999999998	0.0	0.0147696	0.000712499	0.0	0.00042010400000000003	0.0	0.0	0.0	0.0	0.0	0.0	0.0	0.0	0.0	0.0	0.0	0.00012203800000000001	0.0	0.0	0.0	0.0	0.0	0.0	0.0	0.000158663	0.0	0.0	0.0	0.0	0.000187406	0.0	0.0	0.0	0.0	0.0	0.0	0.0	0.0	0.0	0.0	0.0	0.0	0.0	0.0	0.0	0.0	0.0	0.0	0.0	0.0	0.0	0.0	0.0	0.0	0.0	0.0	0.0
AeA01035_CKDL210012719-1a-AK9142-AK1864_HF5TCDSX2_L1_clmp_r1r2_fastp	0.007706070000000001	0.0319122	0.000171246	0.00130953	0.0	0.0	0.0	0.0	0.0	0.0	0.0	0.000191393	0.0	0.0	0.0	0.00722255	0.000171246	0.0	0.0	0.0	0.0	0.00029212600000000003	0.00104762	0.0	0.0	0.0	6.0439800000000004e-05	0.0005137379999999999	0.000543958	0.000322345	2.01466e-05	0.0	0.0	0.000644934	1.0081799999999999e-05	8.07e-05	0.000151422	5.0515899999999995e-05	0.00051574	0.00169053	0.0	0.0	0.0	0.0	0.0	0.0	0.0	0.00476377	1.02926e-05	3.09621e-05	0.0	0.0	0.0011251899999999999	0.0	0.0	0.0118648	0.0	0.0	0.0	0.0	0.0	4.34077e-05	0.0	0.000681421	0.0	0.0	0.0	0.0	0.0	0.0	2.34209e-05	0.0	0.0	1.21796e-05	0.0	0.0	0.0	0.0006761369999999999	0.0	0.0	0.0	2.8144099999999997e-05	0.0	0.0	0.0	0.0	0.0	0.0	0.0	0.0	0.0	0.0	0.000314024	0.0	0.015665699999999998	0.00102511	0.0	0.000639405	0.0	0.0	0.0	0.0	0.0	0.0	0.0	0.0	0.0	0.0	0.0	0.0	0.0	0.0	0.0	0.0	0.0	0.0	0.0	0.0	0.0	0.0	8.91134e-05	0.0	0.00033366	0.0	0.0	0.0	0.0	0.0	0.0	0.0	0.0	0.0	0.0	0.0	0.0	0.0	0.0	0.0	0.0	0.0	0.0	0.0	0.0	0.0	0.0	0.0	0.0	0.0	0.0	0.0
AeA01036_CKDL210012719-1a-AK9142-AK7558_HF5TCDSX2_L1_clmp_r1r2_fastp	0.0104376	0.0278336	0.000316291	0.00221403	0.0	0.0	0.0	0.0	0.0	0.0	0.0	0.0	0.0	0.0	0.0	0.00474436	0.000632581	0.0	0.0	0.0	0.0	0.0	0.0009488719999999999	0.0	0.0	0.0	0.0	0.0	0.0	0.0	0.0	0.0	0.0	0.000316393	0.0	0.0	0.0	0.0	0.000317314	0.0	0.0	0.0	0.0	0.0	0.0	0.0	0.0	0.0016060900000000001	0.0	0.0	0.0	0.0	0.000325093	0.0	0.0	0.00918454	0.0	0.0	0.0	0.0	0.0	0.0	0.0	0.000339088	0.0	0.0	0.0	0.0	0.0	0.0	0.0	0.0	0.0	0.0	0.0	0.0	0.0	0.0	0.0	0.0	0.0	0.0	0.0	0.0	0.0	0.0	0.0	0.0	0.0	0.0	0.0	0.0	0.0	0.0	0.00773673	0.0	0.0	0.00059877	0.0	0.0	0.0	0.0	0.0	0.0	0.0	0.0	0.0	0.0	0.0	0.0	0.0	0.0	0.0	0.0	0.0	0.0	0.0	0.0	0.0	0.0	0.0	0.0	0.0	0.0	0.0	0.0	0.0	0.0	0.0	0.0	0.0	0.0	0.0	0.0	0.0	0.0	0.0	0.0	0.0	0.0	0.0	0.0	0.0	0.0	0.0	0.0	0.0	0.0	0.0	0.0
AeA01037_CKDL210012719-1a-AK9142-7UDI308_HF5TCDSX2_L1_clmp_r1r2_fastp	0.00699052	0.025226699999999998	0.0	0.0012157399999999999	0.0	0.0	0.0	0.0	0.0	0.0	0.0	0.000303936	0.0	0.0	0.0	0.00638265	0.0	0.0	0.0	0.0	0.0	0.000303936	0.00151968	0.0	0.0	0.0	0.0	0.0	0.000607871	0.000303936	0.0	0.0	0.0	0.0	0.0	0.0	0.0	0.0	0.000915407	0.000916534	0.0	0.0	0.0	0.0	0.0	0.0	0.0	0.00372539	0.0	0.0	0.0	0.0	0.000631548	0.0	0.0	0.00800095	0.0	0.0	0.0	0.0	0.0	0.0	0.0	0.000671418	0.0	0.0	0.0	0.0	0.0	0.0	0.0	0.0	0.0	0.0	0.0	0.0	0.0	0.0008023430000000001	0.0	0.0	0.0	0.0	0.0	0.0	0.0	0.0	0.0	0.0	0.0	0.0	0.0	0.0	0.0	0.0	0.00812165	0.0	0.0	0.0	0.0	0.0	0.0	0.0	0.0	0.0	0.0	0.0	0.0	0.0	0.0	0.0	0.0	0.0	0.0	0.0	0.0	0.0	0.0	0.0	0.0	0.0	0.0	0.0	0.0	0.0	0.0	0.0	0.0	0.0	0.0	0.0	0.0	0.0	0.0	0.0	0.0	0.0	0.0	0.0	0.0	0.0	0.0	0.0	0.0	0.0	0.0	0.0	0.0	0.0	0.0	0.0
AeA01038_CKDL210012719-1a-AK9142-AK2587_HF5TCDSX2_L1_clmp_r1r2_fastp	0.00631478	0.0271886	0.000175411	0.00140328	0.0	0.0	0.0	0.0	0.0	0.0	0.0	0.0	0.0	0.0	0.0	0.00368362	0.0	0.0	0.0	0.0	0.0	0.000175411	0.000350821	0.0	0.0	0.0	0.0	0.000175411	0.000526232	0.000175411	0.0	0.0	0.0	0.000701852	0.0	0.0	0.0	0.0	0.000175939	0.000880415	0.0	0.0	0.0	0.0	0.0	0.0	0.0	0.0032049599999999998	0.0	0.0	0.0	0.0	0.00126149	0.0	0.0	0.007823160000000001	0.0	0.0	0.0	0.0	0.0	0.0	0.0	0.000565752	0.0	0.0	0.0	0.0	0.0	0.0	0.0	0.0	0.0	0.0	0.0	0.0	0.0	0.000654982	0.0	0.0	0.0	0.0	0.0	0.0	0.0	0.0	0.0	0.0	0.0	0.0	0.0	0.0	0.0	0.0	0.00671908	0.000657875	0.0	0.00034812300000000004	0.0	0.0	0.0	0.0	0.0	0.0	0.0	0.0	0.0	0.0	0.0	0.0	0.0	0.0	0.0	0.0	0.0	0.0	0.0	0.0	0.0	0.0	0.0	0.0	0.0	0.0	0.0	0.0	0.0	0.0	0.0	0.0	0.0	0.0	0.0	0.0	0.0	0.0	0.0	0.0	0.0	0.0	0.0	0.0	0.0	0.0	0.0	0.0	0.0	0.0	0.0	0.0
AeA01039_CKDL210012719-1a-AK9142-GC12_HF5TCDSX2_L1_clmp_r1r2_fastp	0.00777156	0.030784	0.000215877	0.00126288	0.0	0.0	0.0	0.0	0.0	0.0	0.0	0.000237464	0.0	0.0	0.0	0.00668138	0.00016190699999999998	0.0	0.0	0.0	0.0	0.000259052	0.000960651	0.0	0.0	1.07938e-05	2.15877e-05	0.000464135	0.000496516	0.000377784	8.63506e-05	3.23815e-05	0.0	0.000669518	1.08048e-05	4.3248600000000005e-05	0.000140677	4.33279e-05	0.000596421	0.00159615	0.0	0.0	0.0	0.0	0.0	0.0	0.0	0.0045093799999999995	0.0	0.000100142	0.0	0.0	0.00122753	0.0	0.0	0.0110246	0.0	0.0	0.0	0.0	0.0	4.73906e-05	0.0	0.000769934	0.0	0.0	0.0	0.0	0.0	0.0	1.29534e-05	0.0	0.0	0.0	0.0	0.0	0.0	0.0006547079999999999	0.0	0.0	0.0	0.0	0.0	0.0	0.0	0.0	0.0	0.0	0.0	0.0	0.0	0.0	0.000232149	0.0	0.0146505	0.00103704	0.0	0.00046541400000000004	0.0	0.0	0.0	0.0	0.0	0.0	0.0	0.0	0.0	0.0	0.0	0.0	3.72661e-05	0.0	0.0	0.0	0.0	0.0	0.0	0.0	0.0	5.05659e-05	5.23417e-05	0.0	0.000224273	0.0	0.0	0.0	0.0	0.0	0.0	0.0	0.0	0.0	0.0	0.0	0.0	0.0	0.0	0.0	0.0	0.0	0.0	0.0	0.0	0.0	0.0	0.0	0.0	0.0	0.0	0.0
AeA01040_CKDL210012719-1a-AK9142-7UDI246_HF5TCDSX2_L1_clmp_r1r2_fastp	0.00661309	0.027990300000000003	0.0	0.0010765500000000001	0.0	0.0	0.0	0.0	0.0	0.0	0.0	0.000307585	0.0	0.0	0.0	0.0047675700000000005	0.000153793	0.0	0.0	0.0	0.0	0.0	0.0010765500000000001	0.0	0.0	0.0	0.000153793	0.000768963	0.000615171	0.000153793	0.0	0.0	0.0	0.000615606	0.0	0.0	0.0	0.0	0.0007742839999999999	0.00155153	0.0	0.0	0.0	0.0	0.0	0.0	0.0	0.0052460300000000005	0.0	0.0	0.0	0.0	0.000813821	0.0	0.0	0.00894225	0.0	0.0	0.0	0.0	0.0	0.0	0.0	0.0008789900000000001	0.0	0.0	0.0	0.0	0.0	0.0	0.0	0.0	0.0	0.0	0.0	0.0	0.0	0.0006471290000000001	0.0	0.0	0.0	0.0	0.0	0.0	0.0	0.0	0.0	0.0	0.0	0.0	0.0	0.0	0.0	0.0	0.0126155	0.000351897	0.0	0.000375518	0.0	0.0	0.0	0.0	0.0	0.0	0.0	0.0	0.0	0.0	0.0	0.0	0.0	0.0	0.0	0.0	0.0	0.0	0.0	0.0	0.0	0.0	0.0	0.0	0.0	0.0	0.0	0.0	0.0	0.0	0.0	0.0	0.0	0.0	0.0	0.0	0.0	0.0	0.0	0.0	0.0	0.0	0.0	0.0	0.0	0.0	0.0	0.0	0.0	0.0	0.0	0.0
AeA01041_CKDL210012719-1a-AK8410-7UDI214_HF5TCDSX2_L1_clmp_r1r2_fastp	0.007443839999999999	0.0308826	0.000146742	0.00112058	0.0	0.0	0.0	0.0	0.0	0.0	0.0	0.000160083	0.0	0.0	0.0	0.00692357	0.000146742	0.0	0.0	0.0	0.0	0.000160083	0.000800413	1.33402e-05	0.0	0.0	8.004130000000001e-05	0.000400206	0.000466907	0.000400206	4.00206e-05	5.33609e-05	2.66804e-05	0.000467187	2.67159e-05	4.01115e-05	0.000133863	1.34048e-05	0.000443045	0.00156021	0.0	0.0	0.0	0.0	0.0	0.0	0.0	0.0042435699999999995	1.3837299999999999e-05	1.39011e-05	0.0	0.0	0.00101684	0.0	1.4292399999999999e-05	0.0114779	0.0	0.0	0.0	0.0	0.0	0.0	0.0	0.000674017	0.0	0.0	0.0	0.0	0.0	0.0	0.0	0.0	0.0	1.7524e-05	0.0	0.0	0.0	0.0008164760000000001	0.0	0.0	0.0	0.0	0.0	0.0	0.0	0.0	0.0	0.0	0.0	0.0	0.0	0.0	0.00025770999999999997	0.0	0.0154477	0.000567889	0.0	0.000404851	0.0	0.0	0.0	0.0	0.0	0.0	0.0	0.0	0.0	0.0	0.0	0.0	5.37276e-05	0.0	0.0	0.0	0.0	0.0	0.0	0.0	0.0	0.0	7.85839e-05	0.0	0.000339399	0.0	0.0	0.0	0.0	0.0	0.0	0.0	0.0	0.0	0.0	0.0	0.0	0.0	0.0	0.0	0.0	0.0	0.0	0.0	0.0	0.0	0.0	0.0	0.0	0.0	0.0	0.0
AeA01042_CKDL210012719-1a-AK8410-AK4971_HF5TCDSX2_L1_clmp_r1r2_fastp	0.00728172	0.0282167	0.000214168	0.0013920900000000001	0.0	0.0	0.0	0.0	0.0	0.0	0.0	0.000187397	0.0	0.0	0.0	0.00661245	0.00026771	0.0	0.0	0.0	0.0	0.00026771	0.000883444	0.0	0.0	0.0	0.0	0.00045510799999999997	0.000428337	0.000321252	0.000133855	2.6771e-05	0.0	0.000669576	2.6796599999999997e-05	0.0	0.000107341	8.05819e-05	0.00040333400000000004	0.00123839	0.0	0.0	0.0	0.0	0.0	0.0	0.0	0.00375169	0.0	2.75627e-05	0.0	0.0	0.00105969	0.0	0.0	0.010095999999999999	0.0	0.0	0.0	0.0	0.0	0.0	0.0	0.0008035830000000001	0.0	0.0	0.0	0.0	0.0	0.0	3.20262e-05	0.0	0.0	0.0	0.0	0.0	0.0	0.000575527	0.0	0.0	0.0	0.0	0.0	0.0	0.0	0.0	0.0	0.0	0.0	0.0	0.0	0.0	0.000315367	0.0	0.015409899999999999	0.000921383	0.0	0.000368069	0.0	0.0	0.0	0.0	0.0	0.0	0.0	0.0	0.0	0.0	0.0	0.0	9.51428e-05	0.0	0.0	0.0	0.0	0.0	0.0	0.0	0.0	0.0	0.0	0.0	0.00029197	0.0	0.0	0.0	0.0	0.0	0.0	0.0	0.0	0.0	0.0	0.0	0.0	0.0	0.0	0.0	0.0	0.0	0.0	0.0	0.0	0.0	0.0	0.0	0.0	0.0	0.0	0.0
AeA01043_CKDL210012719-1a-AK8410-AK1864_HF5TCDSX2_L1_clmp_r1r2_fastp	0.00591718	0.0231052	0.00028177000000000003	0.00169062	0.0	0.0	0.0	0.0	0.0	0.0	0.0	0.00028177000000000003	0.0	0.0	0.0	0.0038039	0.0	0.0	0.0	0.0	0.0	0.0	0.000563541	0.0	0.0	0.0	0.0	0.00014088500000000002	0.00014088500000000002	0.00028177000000000003	0.0	0.0	0.0	0.000281859	0.0	0.0	0.0	0.0	0.00042402900000000003	0.0009902989999999998	0.0	0.0	0.0	0.0	0.0	0.0	0.0	0.00171776	0.0	0.0	0.0	0.0	0.000144902	0.0	0.0	0.006582179999999999	0.0	0.0	0.0	0.0	0.0	0.0	0.0	0.0	0.0	0.0	0.0	0.0	0.0	0.0	0.0	0.0	0.0	0.0	0.0	0.0	0.0	0.000172873	0.0	0.0	0.0	0.0	0.0	0.0	0.0	0.0	0.0	0.0	0.0	0.0	0.0	0.0	0.0	0.0	0.0073364	0.000250833	0.0	0.0	0.0	0.0	0.0	0.0	0.0	0.0	0.0	0.0	0.0	0.0	0.0	0.0	0.0	0.0	0.0	0.0	0.0	0.0	0.0	0.0	0.0	0.0	0.0	0.0	0.0	0.0	0.0	0.0	0.0	0.0	0.0	0.0	0.0	0.0	0.0	0.0	0.0	0.0	0.0	0.0	0.0	0.0	0.0	0.0	0.0	0.0	0.0	0.0	0.0	0.0	0.0	0.0
AeA01044_CKDL210012719-1a-AK8410-AK7558_HF5TCDSX2_L1_clmp_r1r2_fastp	0.00774878	0.0301076	0.000170678	0.00143369	0.0	0.0	0.0	0.0	0.0	0.0	0.0	0.000136542	0.0	0.0	0.0	0.0060420000000000005	0.000136542	0.0	0.0	0.0	0.0	0.000273085	0.0007851189999999999	0.0	0.0	0.0	0.00010240700000000001	0.000170678	0.000819254	0.000273085	0.00010240700000000001	0.0	0.0	0.00109272	0.0	6.836360000000001e-05	0.00010261499999999999	0.0	0.0007195530000000001	0.00137199	0.0	0.0	0.0	0.0	0.0	0.0	0.0	0.00442169	3.4913800000000004e-05	3.50174e-05	0.0	0.0	0.000955422	0.0	0.0	0.0109689	0.0	0.0	0.0	0.0	0.0	3.70481e-05	0.0	0.0005261220000000001	0.0	0.0	0.0	0.0	0.0	0.0	4.02693e-05	0.0	0.0	0.0	0.0	0.0	0.0	0.0006748279999999999	0.0	0.0	0.0	0.0	0.0	0.0	0.0	0.0	0.0	0.0	0.0	0.0	0.0	0.0	6.49458e-05	0.0	0.013293	0.000709879	0.0	7.5541e-05	0.0	0.0	0.0	0.0	0.0	0.0	0.0	0.0	0.0	0.0	0.0	0.0	0.0	0.0	0.0	0.0	0.0	0.0	0.0	0.0	0.0	0.0	0.0	0.0	0.0	0.0	0.0	0.0	0.0	0.0	0.0	0.0	0.0	0.0	0.0	0.0	0.0	0.0	0.0	0.0	0.0	0.0	0.0	0.0	0.0	0.0	0.0	0.0	0.0	0.0	0.0	0.0
AeA01045_CKDL210012719-1a-AK8410-7UDI308_HF5TCDSX2_L1_clmp_r1r2_fastp	0.007747510000000001	0.030371499999999996	0.000185569	0.00119073	0.0	0.0	0.0	0.0	0.0	0.0	0.0	0.000231961	0.0	0.0	0.0	0.006989770000000001	0.000170105	0.0	0.0	0.0	0.0	0.000185569	0.000989702	0.0	0.0	0.0	0.000108249	0.000649492	0.000618563	0.000556707	0.00012371299999999999	4.63923e-05	4.63923e-05	0.0005879479999999999	3.09658e-05	7.74828e-05	0.000186164	0.0	0.000591169	0.0020103300000000003	0.0	0.0	0.0	0.0	0.0	0.0	0.0	0.00490369	0.0	3.22493e-05	0.0	0.0	0.00113125	0.0	0.0	0.0110661	0.0	0.0	0.0	0.0	0.0	3.5049099999999996e-05	0.0	0.000446613	0.0	0.0	0.0	0.0	0.0	0.0	3.90501e-05	0.0	0.0	2.05533e-05	0.0	0.0	0.0	0.000847414	0.0	0.0	0.0	2.45399e-05	0.0	0.0	0.0	0.0	0.0	0.0	0.0	0.0	0.0	0.0	0.000167858	0.0	0.014939000000000001	0.000848685	0.0	0.00066922	0.0	0.0	0.0	0.0	0.0	0.0	0.0	0.0	0.0	0.0	0.0	5.92058e-05	0.0	0.0	0.0	0.0	0.0	0.0	0.0	0.0	0.0	8.43801e-05	8.74392e-05	0.0	0.000281736	0.0	0.0	0.0	0.0	0.0	0.0	0.0	0.0	0.0	0.0	0.0	0.0	0.0	0.0	0.0	0.0	0.0	0.0	0.0	0.0	0.0	0.0	0.0	0.0	0.0	0.0	0.0
AeA01046_CKDL210012719-1a-AK8410-AK2587_HF5TCDSX2_L1_clmp_r1r2_fastp	0.0074426	0.029323199999999997	0.000159712	0.00143741	0.0	0.0	0.0	0.0	0.0	0.0	0.0	0.000159712	0.0	0.0	0.0	0.00626073	9.582739999999999e-05	0.0	0.0	0.0	0.0	0.000223597	0.0008305049999999999	0.0	0.0	3.19425e-05	6.3885e-05	0.000351367	0.00044719499999999995	0.000191655	3.19425e-05	0.0	0.0	0.000479385	3.19795e-05	3.2005099999999996e-05	3.20372e-05	3.2072799999999996e-05	0.00038537799999999997	0.0009648889999999999	0.0	0.0	0.0	0.0	0.0	0.0	0.0	0.00384034	0.0	3.30761e-05	3.3219699999999996e-05	0.0	0.0008382789999999999	0.0	0.0	0.00981324	0.0	0.0	0.0	0.0	0.0	0.0	0.0	0.0006491860000000001	0.0	0.0	0.0	0.0	0.0	0.0	0.0	0.0	0.0	4.08103e-05	0.0	0.0	0.0	8.79272e-05	0.0	0.0	0.0	0.0	0.0	0.0	0.0	0.0	0.0	0.0	0.0	0.0	0.0	0.0	6.448229999999999e-05	0.0	0.0131549	0.000989285	0.0	0.00022572000000000003	0.0	0.0	0.0	0.0	0.0	0.0	0.0	0.0	0.0	0.0	0.0	0.0	0.0	0.0	0.0	0.0	0.0	0.0	0.0	0.0	0.0	0.0	0.0	0.0	0.0	0.0	0.0	0.0	0.0	0.0	0.0	0.0	0.0	0.0	0.0	0.0	0.0	0.0	0.0	0.0	0.0	0.0	0.0	0.0	0.0	0.0	0.0	0.0	0.0	0.0	0.0	0.0
AeA01047_CKDL210012719-1a-AK8410-GC12_HF5TCDSX2_L1_clmp_r1r2_fastp	0.0075156599999999995	0.0316144	0.000136925	0.00134643	0.0	0.0	0.0	0.0	0.0	0.0	0.0	0.000190173	0.0	0.0	0.0	0.0068082099999999994	0.000152139	0.0	0.0	0.0	0.0	0.000220601	0.0009204399999999999	0.0	0.0	0.0	6.84624e-05	0.00057052	0.000555307	0.00038795400000000003	3.8034700000000004e-05	3.8034700000000004e-05	2.28208e-05	0.000700172	2.2845100000000003e-05	5.3344900000000005e-05	0.00015255300000000001	3.05423e-05	0.000634508	0.00175302	0.0	0.0	0.0	0.0	0.0	0.0	0.0	0.00486566	7.82332e-06	2.35548e-05	7.88165e-06	0.0	0.0010809600000000002	0.0	0.0	0.0113768	0.0	0.0	0.0	0.0	0.0	1.67161e-05	0.0	0.000517503	0.0	0.0	0.0	0.0	0.0	0.0	9.108859999999999e-06	0.0	0.0	1.9000300000000002e-05	0.0	0.0	0.0	0.0006611809999999999	0.0	0.0	0.0	1.10271e-05	0.0	0.0	0.0	0.0	0.0	0.0	0.0	0.0	0.0	0.0	0.00021632700000000002	0.0	0.0141104	0.000876182	0.0	0.000430261	0.0	0.0	0.0	0.0	0.0	0.0	0.0	0.0	0.0	0.0	0.0	0.0	0.0	0.0	0.0	0.0	0.0	0.0	0.0	0.0	0.0	0.0	3.32701e-05	0.0	0.00021266999999999998	0.0	0.0	0.0	0.0	0.0	0.0	0.0	0.0	0.0	0.0	0.0	0.0	0.0	0.0	0.0	0.0	0.0	0.0	0.0	0.0	0.0	0.0	0.0	0.0	0.0	0.0	0.0
AeA01048_CKDL210012719-1a-AK8410-7UDI246_HF5TCDSX2_L1_clmp_r1r2_fastp	0.0081639	0.0331129	0.000186313	0.0013719399999999999	0.0	0.0	0.0	0.0	0.0	0.0	0.0	0.000186313	0.0	0.0	0.0	0.006419329999999999	0.000118563	0.0	0.0	0.0	0.0	0.000338751	0.00118563	0.0	0.0	0.0	6.775020000000001e-05	0.00044037599999999997	0.000592814	0.000304876	1.69375e-05	5.08126e-05	0.0	0.000559113	1.69493e-05	6.78288e-05	0.00010180100000000001	1.6977599999999998e-05	0.0004927	0.00161528	0.0	0.0	0.0	0.0	0.0	0.0	0.0	0.00496978	0.0	3.45374e-05	1.73095e-05	0.0	0.00100919	0.0	0.0	0.0111859	0.0	0.0	0.0	0.0	0.0	3.59624e-05	0.0	0.000708349	0.0	0.0	0.0	0.0	0.0	0.0	7.63465e-05	0.0	0.0	3.9352e-05	0.0	0.0	0.0	0.000621049	0.0	0.0	0.0	2.2019e-05	0.0	0.0	0.0	0.0	0.0	0.0	2.5106199999999997e-05	0.0	0.0	0.0	0.000191531	0.0	0.014057199999999999	0.00090849	0.0	0.00030742000000000003	0.0	0.0	0.0	0.0	0.0	0.0	0.0	0.0	0.0	0.0	0.0	0.0	0.0	0.0	0.0	0.0	0.0	0.0	0.0	0.0	0.0	0.0	0.0	0.0	0.00030092899999999996	0.0	0.0	0.0	0.0	0.0	0.0	0.0	0.0	0.0	0.0	0.0	0.0	0.0	0.0	0.0	0.0	0.0	0.0	0.0	0.0	0.0	0.0	0.0	0.0	0.0	0.0	0.0
AeA01049_CKDL210012719-1a-AK8587-7UDI214_HF5TCDSX2_L1_clmp_r1r2_fastp	0.00893446	0.0334953	0.000157121	0.00147836	0.0	0.0	0.0	0.0	0.0	0.0	0.0	0.000228539	0.0	0.0	0.0	0.0073275400000000004	0.00018568800000000002	0.0	0.0	0.0	0.0	0.000228539	0.000978434	0.0	0.0	7.14185e-06	9.28441e-05	0.00047850400000000004	0.000571348	0.00038565999999999996	7.14185e-05	7.14185e-06	1.42837e-05	0.0008287	2.14396e-05	9.294549999999999e-05	0.000107304	5.72641e-05	0.000666158	0.00177067	0.0	0.0	0.0	0.0	0.0	0.0	0.0	0.00513713	0.0	3.63735e-05	0.0	0.0	0.00124574	0.0	0.0	0.012147	0.0	0.0	0.0	0.0	0.0	7.568479999999999e-06	0.0	0.000680454	0.0	0.0	0.0	0.0	0.0	0.0	2.41302e-05	0.0	0.0	1.6603299999999997e-05	0.0	0.0	0.0	0.0008056220000000001	0.0	0.0	0.0	1.86939e-05	0.0	0.0	0.0	0.0	0.0	0.0	0.0	0.0	0.0	0.0	0.000201139	0.0	0.0157371	0.0008936850000000001	0.0	0.000457791	0.0	0.0	0.0	0.0	0.0	0.0	0.0	0.0	0.0	0.0	0.0	1.9060900000000002e-05	0.0	0.0	0.0	0.0	0.0	0.0	0.0	0.0	0.0	0.0	8.09384e-05	0.0	0.000316551	0.0	0.0	0.0	0.0	0.0	0.0	0.0	0.0	0.0	0.0	0.0	0.0	0.0	0.0	0.0	0.0	0.0	0.0	0.0	0.0	0.0	0.0	0.0	0.0	6.665620000000001e-05	0.0	0.0
AeA01050_CKDL210012719-1a-AK8587-AK4971_HF5TCDSX2_L1_clmp_r1r2_fastp	0.00890937	0.034314399999999995	0.000187895	0.00144053	0.0	0.0	0.0	0.0	0.0	0.0	0.0	0.000211382	0.0	0.0	0.0	0.00739055	0.00020355299999999998	0.0	0.0	0.0	0.0	0.000281843	0.0011117100000000001	0.0	0.0	0.0	0.000109606	0.000555857	0.000743752	0.000360133	5.48028e-05	5.48028e-05	0.0	0.0008614559999999999	1.56688e-05	0.000101896	0.000149007	3.13898e-05	0.000588968	0.00194122	0.0	0.0	0.0	0.0	0.0	0.0	0.0	0.0050680000000000005	0.0	2.39263e-05	0.0	0.0	0.00112463	0.0	0.0	0.012276100000000002	0.0	0.0	0.0	0.0	0.0	4.14526e-05	0.0	0.0005526050000000001	0.0	0.0	0.0	0.0	0.0	0.0	2.63826e-05	0.0	0.0	0.0	0.0	0.0	0.0	0.000725074	0.0	0.0	0.0	2.03022e-05	0.0	0.0	0.0	0.0	0.0	0.0	0.0	0.0	0.0	0.0	0.000315278	0.0	0.0162191	0.0010535100000000001	0.0	0.00045318600000000006	0.0	0.0	0.0	0.0	0.0	0.0	0.0	0.0	0.0	0.0	0.0	3.85274e-05	1.97941e-05	0.0	0.0	0.0	0.0	0.0	0.0	0.0	0.0	0.0	2.62127e-05	0.0	0.000138851	0.0	0.0	0.0	0.0	0.0	0.0	0.0	0.0	0.0	0.0	0.0	0.0	0.0	0.0	0.0	0.0	0.0	0.0	0.0	0.0	0.0	0.0	0.0	0.0	5.958870000000001e-05	0.0	0.0
AeA01051_CKDL210012719-1a-AK8587-AK1864_HF5TCDSX2_L1_clmp_r1r2_fastp	0.0077236499999999994	0.0318141	0.000150461	0.00155476	0.0	0.0	0.0	0.0	0.0	0.0	0.0	0.000217332	0.0	0.0	0.0	0.00703822	0.000175537	0.0	0.0	0.0	0.0	0.000259127	0.000977994	8.35893e-06	0.0	0.0	5.01536e-05	0.00039287	0.000660355	0.000417946	2.50768e-05	3.34357e-05	8.35893e-06	0.0007024479999999999	8.366970000000001e-06	5.86077e-05	0.000134073	5.87139e-05	0.000512207	0.00166464	0.0	0.0	0.0	0.0	0.0	0.0	0.0	0.00498602	1.71584e-05	4.30406e-05	0.0	0.0	0.0011582	0.0	0.0	0.011089199999999999	0.0	0.0	0.0	0.0	0.0	5.48512e-05	0.0	0.000575056	0.0	0.0	0.0	9.61016e-06	0.0	0.0	9.94136e-06	0.0	0.0	0.0	0.0	0.0	0.0	0.000664805	0.0	0.0	0.0	0.0	0.0	0.0	0.0	0.0	0.0	0.0	0.0	0.0	0.0	0.0	0.00025240799999999997	0.0	0.015466500000000001	0.000686802	0.0	0.000346058	0.0	0.0	0.0	0.0	0.0	0.0	0.0	0.0	0.0	0.0	0.0	7.96235e-05	2.74284e-05	0.0	0.0	0.0	0.0	0.0	0.0	0.0	0.0	0.000111389	0.0	0.0	0.000164606	0.0	0.0	0.0	0.0	0.0	0.0	0.0	0.0	0.0	0.0	0.0	0.0	0.0	0.0	0.0	0.0	0.0	0.0	0.0	0.0	0.0	0.0	0.0	0.0	9.843840000000001e-05	0.0	0.0
AeA01052_CKDL210012719-1a-AK8587-AK7558_HF5TCDSX2_L1_clmp_r1r2_fastp	0.00595203	0.027667099999999997	0.0	0.00085029	0.0	0.0	0.0	0.0	0.0	0.0	0.0	6.54069e-05	0.0	0.0	0.0	0.00555959	0.00019622099999999998	0.0	0.0	0.0	0.0	0.000261628	0.00111192	0.0	0.0	0.0	0.0	0.000327035	0.000588662	0.000457849	6.54069e-05	0.0	0.0	0.000654459	0.0	0.000131103	0.00019686699999999998	0.0	0.000723821	0.00118651	0.0	0.0	0.0	0.0	0.0	0.0	0.0	0.0047843	0.0	0.0	0.0	0.0	0.000758092	0.0	0.0	0.0104403	0.0	0.0	0.0	0.0	0.0	0.0	0.0	0.00037130700000000003	0.0	0.0	0.0	0.0	0.0	0.0	0.0	0.0	0.0	0.0	0.0	0.0	0.0	0.00045207699999999995	0.0	0.0	0.0	0.0	0.0	0.0	0.0	0.0	0.0	0.0	0.0	0.0	0.0	0.0	0.0	0.0	0.011588900000000001	0.00028772199999999997	0.0	0.00015291	0.0	0.0	0.0	0.0	0.0	0.0	0.0	0.0	0.0	0.0	0.0	0.00022425499999999997	0.0	0.0	0.0	0.0	0.0	0.0	0.0	0.0	0.0	0.0	0.000324537	0.0	0.000347468	0.0	0.0	0.0	0.0	0.0	0.0	0.0	0.0	0.0	0.0	0.0	0.0	0.0	0.0	0.0	0.0	0.0	0.0	0.0	0.0	0.0	0.0	0.0	0.0	0.0	0.0	0.0
AeA01053_CKDL210012719-1a-AK8587-7UDI308_HF5TCDSX2_L1_clmp_r1r2_fastp	0.00857332	0.0249162	0.0	0.00133958	0.0	0.0	0.0	0.0	0.0	0.0	0.0	0.000267916	0.0	0.0	0.0	0.00321499	0.0	0.0	0.0	0.0	0.0	0.0	0.000535832	0.0	0.0	0.0	0.0	0.000535832	0.000267916	0.000267916	0.0	0.0	0.0	0.000267979	0.0	0.000268217	0.0	0.0	0.000537598	0.00107621	0.0	0.0	0.0	0.0	0.0	0.0	0.0	0.00435768	0.0	0.0	0.0	0.0	0.00082768	0.0	0.0	0.00585289	0.0	0.0	0.0	0.0	0.0	0.0	0.0	0.000288908	0.0	0.0	0.0	0.0	0.0	0.0	0.0	0.0	0.0	0.0	0.0	0.0	0.0	0.000332854	0.0	0.0	0.0	0.0	0.0	0.0	0.0	0.0	0.0	0.0	0.0	0.0	0.0	0.0	0.0009181220000000001	0.0	0.0101759	0.0024914299999999998	0.0	0.000527104	0.0	0.0	0.0	0.0	0.0	0.0	0.0	0.0	0.0	0.0	0.0	0.0	0.0	0.0	0.0	0.0	0.0	0.0	0.0	0.0	0.0	0.0	0.0	0.0	0.0	0.0	0.0	0.0	0.0	0.0	0.0	0.0	0.0	0.0	0.0	0.0	0.0	0.0	0.0	0.0	0.0	0.0	0.0	0.0	0.0	0.0	0.0	0.0	0.0	0.0	0.0	0.0
AeA01054_CKDL210012719-1a-AK8587-AK2587_HF5TCDSX2_L1_clmp_r1r2_fastp	0.008178949999999999	0.0328962	0.000120279	0.00124789	0.0	0.0	0.0	0.0	0.0	0.0	0.0	0.000187935	0.0	0.0	0.0	0.00721672	0.000127796	0.0	0.0	0.0	0.0	0.00020297	0.00090209	0.0	0.0	7.517420000000001e-06	6.765679999999999e-05	0.000420975	0.000518702	0.000420975	3.00697e-05	3.00697e-05	0.0	0.0007294129999999999	2.2567999999999998e-05	6.77372e-05	0.000128026	4.52174e-05	0.000610923	0.00169104	0.0	0.0	0.0	0.0	0.0	0.0	0.0	0.00494981	0.0	3.84509e-05	0.0	0.0	0.0010712900000000001	0.0	0.0	0.0118954	0.0	0.0	0.0	0.0	0.0	2.4262100000000003e-05	0.0	0.0007124950000000001	0.0	0.0	0.0	0.0	0.0	0.0	5.2226100000000005e-05	0.0	0.0	9.03025e-06	0.0	0.0	0.0	0.000613947	0.0	0.0	0.0	0.0	0.0	0.0	0.0	0.0	0.0	0.0	0.0	0.0	0.0	0.0	0.000330242	0.0	0.0159057	0.000870714	0.0	0.000436774	0.0	0.0	0.0	0.0	0.0	0.0	0.0	0.0	0.0	0.0	0.0	2.12861e-05	0.0	0.0	0.0	0.0	0.0	0.0	0.0	0.0	0.0	0.0	5.9931200000000007e-05	0.0	0.000191642	0.0	0.0	0.0	0.0	0.0	0.0	0.0	0.0	0.0	0.0	0.0	0.0	0.0	0.0	0.0	0.0	0.0	0.0	0.0	0.0	0.0	0.0	0.0	0.0	0.0	0.0	0.0
AeA01055_CKDL210012719-1a-AK8587-GC12_HF5TCDSX2_L1_clmp_r1r2_fastp	0.00760892	0.0288915	0.000156654	0.00132037	0.0	0.0	0.0	0.0	0.0	0.0	0.0	0.000156654	0.0	0.0	0.0	0.007228480000000001	8.95168e-05	0.0	0.0	0.0	0.0	0.000179034	0.000895168	0.0	0.0	0.0	0.000111896	0.000358067	0.000335688	0.000313309	4.47584e-05	4.47584e-05	0.0	0.0004925849999999999	0.0	6.7265e-05	0.000201984	2.2466300000000002e-05	0.000404885	0.00121638	0.0	0.0	0.0	0.0	0.0	0.0	0.0	0.00426917	0.0	4.62311e-05	0.0	0.0	0.00100638	0.0	0.0	0.0107142	0.0	0.0	0.0	0.0	0.0	2.4670499999999997e-05	0.0	0.0005764920000000001	0.0	0.0	0.0	0.0	0.0	0.0	0.0	0.0	0.0	2.8283e-05	0.0	0.0	0.0	0.0006091579999999999	0.0	0.0	0.0	0.0	0.0	0.0	0.0	0.0	0.0	0.0	0.0	0.0	0.0	0.0	0.0	0.0	0.0145661	0.000643066	0.0	0.00015827	0.0	0.0	0.0	0.0	0.0	0.0	0.0	0.0	0.0	0.0	0.0	7.95575e-05	0.0	0.0	0.0	0.0	0.0	0.0	0.0	0.0	0.0	0.0	0.0	0.0	0.000126745	0.0	0.0	0.0	0.0	0.0	0.0	0.0	0.0	0.0	0.0	0.0	0.0	0.0	0.0	0.0	0.0	0.0	0.0	0.0	0.0	0.0	0.0	0.0	0.0	0.0	0.0	0.0
AeA01056_CKDL210012719-1a-AK8587-7UDI246_HF5TCDSX2_L1_clmp_r1r2_fastp	0.00748062	0.0311677	9.362469999999999e-05	0.00124521	0.0	0.0	0.0	0.0	0.0	0.0	0.0	0.000290237	0.0	0.0	0.0	0.0074712500000000005	0.000131075	0.0	0.0	0.0	0.0	0.00030896200000000003	0.00105796	0.0	0.0	9.36247e-06	0.00010298700000000001	0.00046812399999999994	0.000599198	0.000524299	9.362469999999999e-05	2.80874e-05	9.36247e-06	0.0007963549999999999	2.8130699999999998e-05	6.570810000000001e-05	0.000140989	2.8241e-05	0.000641239	0.00178578	0.0	0.0	0.0	0.0	0.0	0.0	0.0	0.0049442	9.73795e-06	2.93546e-05	0.0	0.0	0.00133263	0.0	0.0	0.0120492	0.0	0.0	0.0	0.0	0.0	1.06092e-05	0.0	0.000616099	0.0	0.0	0.0	0.0	0.0	0.0	1.1779799999999999e-05	0.0	0.0	0.0	0.0	0.0	0.0	0.0006705039999999999	0.0	0.0	0.0	0.0	0.0	0.0	0.0	0.0	0.0	0.0	0.0	0.0	0.0	0.0	0.000159517	0.0	0.0159473	0.00111377	0.0	0.000441681	0.0	0.0	0.0	0.0	0.0	0.0	0.0	0.0	0.0	0.0	0.0	6.87606e-05	0.0	0.0	0.0	0.0	0.0	0.0	0.0	0.0	0.0	0.0	0.0	0.0	0.000268395	0.0	0.0	0.0	0.0	0.0	0.0	0.0	0.0	0.0	0.0	0.0	0.0	0.0	0.0	0.0	0.0	0.0	0.0	0.0	0.0	0.0	0.0	0.0	0.0	0.0	0.0	0.0
AeA01057_CKDL210012719-1a-AK7759-7UDI214_HF5TCDSX2_L1_clmp_r1r2_fastp	0.00620412	0.0266921	0.000144282	0.00173138	0.0	0.0	0.0	0.0	0.0	0.0	0.0	0.000144282	0.0	0.0	0.0	0.0073583699999999995	0.0	0.0	0.0	0.0	0.0	0.0	0.000721409	0.0	0.0	0.0	0.000144282	0.000288564	0.000432845	0.0	0.0	0.000144282	0.0	0.000433142	0.0	0.0	0.000144852	0.0	0.000436004	0.00160193	0.0	0.0	0.0	0.0	0.0	0.0	0.0	0.00284141	0.0	0.000150992	0.0	0.0	0.000460755	0.0	0.0	0.0072087	0.0	0.0	0.0	0.0	0.0	0.0	0.0	0.000336068	0.0	0.0	0.0	0.0	0.0	0.0	0.0	0.0	0.0	0.0	0.0	0.0	0.0	0.00021244599999999998	0.0	0.0	0.0	0.000235196	0.0	0.0	0.0	0.0	0.0	0.0	0.0	0.0	0.0	0.0	0.0	0.0	0.0139891	0.00108447	0.0	0.0	0.0	0.0	0.0	0.0	0.0	0.0	0.0	0.0	0.0	0.0	0.0	0.0	0.0	0.0	0.0	0.0	0.0	0.0	0.0	0.0	0.0	0.0	0.0	0.0	0.0	0.0	0.0	0.0	0.0	0.0	0.0	0.0	0.0	0.0	0.0	0.0	0.0	0.0	0.0	0.0	0.0	0.0	0.0	0.0	0.0	0.0	0.0	0.0	0.0	0.0	0.0	0.0
AeA01058_CKDL210012719-1a-AK7759-AK4971_HF5TCDSX2_L1_clmp_r1r2_fastp	0.00791513	0.029312099999999997	8.69794e-05	0.00134818	0.0	0.0	0.0	0.0	0.0	0.0	0.0	0.000130469	0.0	0.0	0.0	0.006653930000000001	4.34897e-05	0.0	0.0	0.0	0.0	0.00030442800000000003	0.00108724	0.0	0.0	0.0	4.34897e-05	0.0005653660000000001	0.00043489699999999995	0.000391407	4.34897e-05	8.69794e-05	4.34897e-05	0.000478705	0.0	8.720100000000001e-05	0.00021829899999999998	0.0	0.000394236	0.0017117900000000001	0.0	0.0	0.0	0.0	0.0	0.0	0.0	0.0043792	4.53759e-05	4.56216e-05	0.0	0.0	0.000743817	0.0	0.0	0.0101219	0.0	0.0	0.0	0.0	0.0	5.01596e-05	0.0	0.000666705	0.0	0.0	0.0	0.0	0.0	0.0	0.0	0.0	0.0	0.0	0.0	0.0	0.0	0.00039768	0.0	0.0	0.0	0.0	0.0	0.0	0.0	0.0	0.0	0.0	0.0	0.0	0.0	0.0	0.000425052	0.0	0.0153065	0.00106672	0.0	0.00038305699999999996	0.0	0.0	0.0	0.0	0.0	0.0	0.0	0.0	0.0	0.0	0.0	0.0	0.0	0.0	0.0	0.0	0.0	0.0	0.0	0.0	0.0	0.0	0.0	0.0	0.0	0.0	0.0	0.0	0.0	0.0	0.0	0.0	0.0	0.0	0.0	0.0	0.0	0.0	0.0	0.0	0.0	0.0	0.0	0.0	0.0	0.0	0.0	0.0	0.0	0.0	0.0	0.0
AeA01059_CKDL210012719-1a-AK7759-AK1864_HF5TCDSX2_L1_clmp_r1r2_fastp	0.00957819	0.0369235	7.31159e-05	0.0018279	0.0	0.0	0.0	0.0	0.0	0.0	0.0	0.00014623200000000002	0.0	0.0	0.0	0.00614174	0.00014623200000000002	0.0	0.0	0.0	0.0	0.00036558	0.0012429700000000001	0.0	0.0	0.0	0.00021934800000000001	0.000584927	0.000804275	0.00043869600000000003	0.0	0.0	0.0	0.000585019	7.31386e-05	7.31526e-05	0.0	0.0	0.000732002	0.00234297	0.0	0.0	0.0	7.33098e-05	0.0	0.0	0.0	0.00484763	0.0	0.0	0.0	0.0	0.0008844510000000001	0.0	0.0	0.0131573	0.0	0.0	0.0	0.0	0.0	0.0	0.0	0.00037389	0.0	0.0	0.0	0.0	0.0	0.0	0.0	0.0	0.0	0.0	0.0	0.0	0.0	0.000792326	0.0	0.0	0.0	0.0	0.0	0.0	0.0	0.0	0.0	0.0	0.0	0.0	0.0	0.0	0.0	0.0	0.012855899999999998	0.000479143	0.0	0.0004926840000000001	0.0	0.0	0.0	0.0	0.0	0.0	0.0	0.0	0.0	0.0	0.0	0.0	0.0	0.0	0.0	0.0	0.0	0.0	0.0	0.0	0.0	0.0	0.0	0.0	0.000150479	0.0	0.0	0.0	0.0	0.0	0.0	0.0	0.0	0.0	0.0	0.0	0.0	0.0	0.0	0.0	0.0	0.0	0.0	0.0	0.0	0.0	0.0	0.0	0.0	0.0	0.0	0.0
AeA01060_CKDL210012719-1a-AK7759-AK7558_HF5TCDSX2_L1_clmp_r1r2_fastp	0.00843011	0.0335866	0.000200717	0.0014317800000000001	0.0	0.0	0.0	0.0	0.0	0.0	0.0	0.00024086000000000002	0.0	0.0	0.0	0.00730609	0.00021409800000000002	0.0	0.0	0.0	0.0	0.000173955	0.000829629	0.0	0.0	0.0	5.3524500000000006e-05	0.00048172000000000004	0.0005218639999999999	0.000374671	8.02867e-05	4.01434e-05	1.3381100000000001e-05	0.0005756159999999999	0.0	6.7004e-05	0.000147518	2.68444e-05	0.000537431	0.00192347	0.0	0.0	0.0	0.0	0.0	0.0	0.0	0.005027510000000001	1.37003e-05	8.24542e-05	0.0	0.0	0.00101383	0.0	0.0	0.012067099999999999	0.0	0.0	0.0	0.0	0.0	4.35764e-05	0.0	0.0005447809999999999	0.0	0.0	0.0	0.0	0.0	0.0	1.57308e-05	0.0	0.0	1.63734e-05	0.0	0.0	0.0	0.0007517779999999999	0.0	0.0	0.0	0.0	0.0	0.0	0.0	0.0	0.0	0.0	0.0	0.0	0.0	0.0	0.00041822999999999996	0.0	0.016093800000000002	0.00120058	0.0	0.0006207900000000001	0.0	0.0	0.0	0.0	0.0	0.0	0.0	0.0	0.0	0.0	0.0	8.07442e-05	0.0	0.0	0.0	0.0	0.0	0.0	0.0	5.21063e-05	0.0	0.0	0.0	0.0	0.0004903619999999999	0.0	0.0	0.0	0.0	0.0	0.0	0.0	0.0	0.0	0.0	0.0	0.0	0.0	0.0	0.0	0.0	0.0	0.0	0.0	0.0	0.0	0.0	0.0	0.0	0.0	0.0	0.0
AeC01001_CKDL210012719-1a-5UDI301-AK533_HF5TCDSX2_L1_clmp_r1r2_fastp	0.00630754	0.026284000000000002	0.000108483	0.0010848300000000002	0.0	0.0	0.0	0.0	0.0	0.0	0.0	7.74882e-05	0.0	0.0	0.0	0.00221616	0.000108483	0.0	0.0	0.0	0.0	7.74882e-05	0.000418436	0.0	0.0	0.0	3.0995300000000005e-05	0.00020146900000000002	0.000247962	0.000216967	1.54976e-05	3.0995300000000005e-05	0.0	0.000341009	1.55034e-05	3.10131e-05	4.6529299999999995e-05	0.0	0.000263779	0.0006984000000000001	0.0	0.0	0.0	0.0	0.0	0.0	0.0	0.00237951	0.0	0.0	0.0	0.0	0.00048287	0.0	0.0	0.00748493	0.0	0.0	0.0	0.0	0.0	0.0	0.0	0.00012519499999999998	0.0	0.0	0.0	0.0	0.0	0.0	1.57217e-05	0.0	0.0	0.0	0.0	0.0	0.0	0.00030098500000000003	0.0	0.0	0.0	0.0	0.0	0.0	0.0	0.0	0.0	0.0	0.0	0.0	0.0	0.0	8.17551e-05	0.0	0.00615061	0.000478354	0.0	0.0001494	0.0	0.0	0.0	0.0	0.0	0.0	0.0	0.0	0.0	0.0	0.0	0.0	0.0	0.0	0.0	0.0	0.0	0.0	0.0	0.0	0.0	0.0	5.4672999999999996e-05	0.0	0.00014725399999999998	0.0	0.0	0.0	0.0	0.0	0.0	0.0	0.0	0.0	0.0	0.0	0.0	0.0	0.0	0.0	0.0	0.0	0.0	0.0	0.0	0.0	0.0	0.0	0.0	0.0	0.0	0.0
AeC01002_CKDL210012719-1a-AK7758-AK533_HF5TCDSX2_L1_clmp_r1r2_fastp	0.0073431799999999995	0.024757400000000002	0.000103425	0.000995466	0.0	0.0	0.0	0.0	0.0	0.0	0.0	7.75688e-05	0.0	0.0	0.0	0.00252098	0.000168066	0.0	0.0	0.0	0.0	7.75688e-05	0.000607622	0.0	0.0	0.0	3.87844e-05	0.00020685	0.00038784400000000004	0.000361988	3.87844e-05	1.29281e-05	0.0	0.000530147	3.8798200000000004e-05	5.17406e-05	3.88139e-05	0.0	0.00038831	0.000828589	0.0	0.0	0.0	0.0	0.0	0.0	0.0	0.0034261100000000004	0.0	6.49346e-05	1.2991999999999999e-05	0.0	0.000676118	0.0	0.0	0.00790241	0.0	0.0	0.0	0.0	0.0	2.6115199999999997e-05	0.0	0.000222241	0.0	0.0	0.0	0.0	0.0	0.0	1.3144399999999999e-05	0.0	0.0	0.0	0.0	0.0	0.0	0.000331549	0.0	0.0	0.0	1.3361e-05	0.0	0.0	0.0	0.0	0.0	0.0	0.0	0.0	0.0	0.0	5.504880000000001e-05	0.0	0.00689991	0.000472749	0.0	0.00022411399999999998	0.0	0.0	0.0	0.0	0.0	0.0	0.0	0.0	0.0	0.0	0.0	2.9476399999999998e-05	0.0	0.0	0.0	0.0	0.0	0.0	0.0	1.5339800000000002e-05	0.0	0.0	3.1181e-05	0.0	0.000173424	0.0	0.0	0.0	0.0	0.0	0.0	0.0	0.0	0.0	0.0	0.0	0.0	0.0	0.0	0.0	0.0	0.0	0.0	0.0	0.0	0.0	0.0	0.0	0.0	1.89629e-05	0.0	0.0
AeC01003_CKDL210012719-1a-AK7078-AK533_HF5TCDSX2_L1_clmp_r1r2_fastp	0.006913519999999999	0.0256648	0.00011413800000000001	0.00102725	0.0	0.0	0.0	0.0	0.0	0.0	0.0	6.52219e-05	0.0	0.0	0.0	0.00259257	0.00011413800000000001	0.0	0.0	0.0	0.0	9.78329e-05	0.000391332	0.0	0.0	0.0	3.2611e-05	0.00017936000000000002	0.000391332	0.000244582	6.52219e-05	4.89164e-05	0.0	0.000391413	1.63124e-05	6.52649e-05	6.52815e-05	3.26494e-05	0.000310255	0.0007676970000000001	0.0	0.0	0.0	0.0	0.0	0.0	0.0	0.00262099	0.0	3.2790099999999996e-05	0.0	0.0	0.000541804	0.0	0.0	0.00730095	0.0	0.0	0.0	0.0	0.0	3.30037e-05	0.0	0.0001983	0.0	0.0	0.0	0.0	0.0	0.0	1.66353e-05	0.0	0.0	0.0	0.0	0.0	0.0	0.000201841	0.0	0.0	0.0	1.6976600000000003e-05	0.0	0.0	0.0	0.0	0.0	0.0	0.0	0.0	0.0	0.0	0.00010567	0.0	0.0064820799999999994	0.000624297	0.0	0.000197994	0.0	0.0	0.0	0.0	0.0	0.0	0.0	0.0	0.0	0.0	0.0	1.9154799999999998e-05	0.0	0.0	0.0	0.0	0.0	0.0	0.0	0.0	0.0	0.0	2.05149e-05	0.0	8.31933e-05	0.0	0.0	0.0	0.0	0.0	0.0	0.0	0.0	0.0	0.0	0.0	0.0	0.0	0.0	0.0	0.0	0.0	0.0	0.0	0.0	0.0	0.0	0.0	0.0	0.0	0.0	0.0
AeC01004_CKDL210012719-1a-AK9143-AK533_HF5TCDSX2_L1_clmp_r1r2_fastp	0.00599248	0.0250844	0.000127888	0.001151	0.0	0.0	0.0	0.0	0.0	0.0	0.0	0.0	0.0	0.0	0.0	0.00197314	0.000146158	0.0	0.0	0.0	0.0	0.000146158	0.000383665	0.0	0.0	0.0	1.8269800000000003e-05	0.000109619	0.000328856	0.000200967	1.8269800000000003e-05	1.8269800000000003e-05	0.0	0.000347203	0.0	1.8282e-05	0.0	1.82904e-05	0.000311013	0.0007136730000000001	0.0	0.0	0.0	0.0	0.0	0.0	0.0	0.00265894	0.0	1.83478e-05	0.0	0.0	0.00036728199999999997	0.0	0.0	0.006893020000000001	0.0	0.0	0.0	0.0	0.0	0.0	0.0	0.000184365	0.0	0.0	0.0	1.84712e-05	0.0	0.0	1.85047e-05	0.0	0.0	0.0	0.0	0.0	0.0	0.000260566	0.0	0.0	0.0	0.0	0.0	0.0	0.0	0.0	0.0	0.0	0.0	0.0	0.0	0.0	9.525750000000001e-05	0.0	0.0060457900000000005	0.000460198	0.0	0.000211911	0.0	0.0	0.0	0.0	0.0	0.0	0.0	0.0	0.0	0.0	0.0	0.0	0.0	0.0	0.0	0.0	0.0	0.0	0.0	0.0	0.0	0.0	0.0	0.0	0.000145322	0.0	0.0	0.0	0.0	0.0	0.0	0.0	0.0	0.0	0.0	0.0	0.0	0.0	0.0	0.0	0.0	0.0	0.0	0.0	0.0	0.0	0.0	0.0	0.0	2.34785e-05	0.0	0.0
AeC01005_CKDL210012719-1a-5UDI225-AK533_HF5TCDSX2_L1_clmp_r1r2_fastp	0.0066506000000000004	0.025384700000000003	0.000112404	0.00119898	0.0	0.0	0.0	0.0	0.0	0.0	0.0	3.74681e-05	0.0	0.0	0.0	0.00303492	7.49363e-05	0.0	0.0	0.0	0.0	0.000112404	0.000337213	0.0	0.0	0.0	1.87341e-05	0.000168607	0.00031847900000000004	0.000168607	3.74681e-05	0.0	0.0	0.00037475800000000005	1.8742099999999998e-05	3.74928e-05	3.7502399999999995e-05	3.7512199999999996e-05	0.000262654	0.000731889	0.0	0.0	0.0	0.0	0.0	0.0	0.0	0.00276629	0.0	0.0	0.0	0.0	0.000339463	0.0	0.0	0.00717719	0.0	0.0	0.0	0.0	0.0	1.8952099999999998e-05	0.0	0.00022773600000000003	0.0	0.0	0.0	0.0	0.0	0.0	0.0	0.0	0.0	0.0	0.0	0.0	0.0	0.00023167499999999998	0.0	0.0	0.0	0.0	0.0	0.0	0.0	0.0	0.0	0.0	0.0	0.0	0.0	0.0	0.00012117	0.0	0.00729016	0.0004908740000000001	0.0	0.000165097	0.0	0.0	0.0	0.0	0.0	0.0	0.0	0.0	0.0	0.0	0.0	0.0	0.0	0.0	0.0	0.0	0.0	0.0	0.0	0.0	0.0	0.0	4.7109e-05	0.0	0.000143312	0.0	0.0	0.0	0.0	0.0	0.0	0.0	0.0	0.0	0.0	0.0	0.0	0.0	0.0	0.0	0.0	0.0	0.0	0.0	0.0	0.0	0.0	0.0	0.0	0.0	0.0	0.0
AeC01006_CKDL210012719-1a-AK9144-AK533_HF5TCDSX2_L1_clmp_r1r2_fastp	0.00713388	0.0260343	8.80726e-05	0.00116256	0.0	0.0	0.0	0.0	0.0	0.0	0.0	0.000123302	0.0	0.0	0.0	0.00248365	7.04581e-05	0.0	0.0	0.0	0.0	0.000123302	0.000563664	0.0	0.0	0.0	1.76145e-05	0.000211374	0.000228989	0.000211374	1.76145e-05	0.0	0.0	0.000352363	3.52445e-05	1.76263e-05	7.05228e-05	1.76353e-05	0.000282242	0.0007940349999999999	0.0	0.0	0.0	0.0	0.0	0.0	0.0	0.00284865	0.0	3.54148e-05	0.0	0.0	0.000549655	0.0	0.0	0.0072625400000000005	0.0	0.0	0.0	0.0	0.0	5.345699999999999e-05	0.0	0.000267652	0.0	0.0	0.0	0.0	0.0	0.0	3.59177e-05	0.0	0.0	0.0	0.0	0.0	0.0	0.00030858000000000003	0.0	0.0	0.0	1.83117e-05	0.0	0.0	0.0	0.0	0.0	0.0	0.0	0.0	0.0	0.0	0.00015176	0.0	0.0073044699999999995	0.000480034	0.0	0.00021304899999999999	0.0	0.0	0.0	0.0	0.0	0.0	0.0	0.0	0.0	0.0	0.0	0.0	0.0	0.0	0.0	0.0	0.0	0.0	0.0	0.0	0.0	2.18098e-05	0.0	0.0	0.000133406	0.0	0.0	0.0	0.0	0.0	0.0	0.0	0.0	0.0	0.0	0.0	0.0	0.0	0.0	0.0	0.0	0.0	0.0	0.0	0.0	0.0	0.0	0.0	0.0	5.4638899999999996e-05	0.0	0.0
AeC01007_CKDL210012719-1a-AK3911-AK533_HF5TCDSX2_L1_clmp_r1r2_fastp	0.0067839300000000005	0.0248326	9.40037e-05	0.0008617000000000001	0.0	0.0	0.0	0.0	0.0	0.0	0.0	7.83364e-05	0.0	0.0	0.0	0.00220909	9.40037e-05	0.0	0.0	0.0	0.0	7.83364e-05	0.000501353	0.0	0.0	0.0	1.5667299999999998e-05	0.000141006	0.000188007	0.00028201100000000003	0.0	0.0	0.0	0.000266396	0.0	1.5677e-05	4.70419e-05	1.56841e-05	0.000251001	0.000706113	0.0	0.0	0.0	0.0	0.0	0.0	0.0	0.00234294	0.0	4.72013e-05	0.0	0.0	0.00033073	0.0	0.0	0.007173059999999999	0.0	0.0	0.0	0.0	0.0	4.74086e-05	0.0	9.4909e-05	0.0	0.0	0.0	0.0	0.0	0.0	0.0	0.0	0.0	0.0	0.0	0.0	0.0	0.000335894	0.0	0.0	0.0	0.0	0.0	0.0	0.0	0.0	0.0	0.0	0.0	0.0	0.0	0.0	6.57962e-05	0.0	0.00598492	0.000364682	0.0	0.000183356	0.0	0.0	0.0	0.0	0.0	0.0	0.0	0.0	0.0	0.0	0.0	0.0	0.0	0.0	0.0	0.0	0.0	0.0	0.0	0.0	0.0	0.0	3.61578e-05	0.0	7.293870000000001e-05	0.0	0.0	0.0	0.0	0.0	0.0	0.0	0.0	0.0	0.0	0.0	0.0	0.0	0.0	0.0	0.0	0.0	0.0	0.0	0.0	0.0	0.0	0.0	0.0	0.0	0.0	0.0
AeC01008_CKDL210012719-1a-5UDI245-AK533_HF5TCDSX2_L1_clmp_r1r2_fastp	0.00689987	0.0247245	3.70961e-05	0.0009459490000000001	0.0	0.0	0.0	0.0	0.0	0.0	0.0	3.70961e-05	0.0	0.0	0.0	0.0023185	9.27401e-05	0.0	0.0	0.0	0.0	3.70961e-05	0.00040805699999999997	0.0	0.0	1.8548e-05	7.41921e-05	0.000166932	0.000296768	0.000352413	3.70961e-05	1.8548e-05	1.8548e-05	0.00037104	1.85561e-05	0.0	7.42619e-05	0.0	0.000408666	0.0007803939999999999	0.0	0.0	0.0	0.0	0.0	0.0	0.0	0.0027389099999999998	0.0	7.45871e-05	0.0	0.0	0.000541446	0.0	0.0	0.00757225	0.0	0.0	0.0	0.0	0.0	0.0	0.0	0.00020661	0.0	0.0	0.0	0.0	0.0	0.0	1.88965e-05	0.0	0.0	1.89665e-05	0.0	0.0	0.0	0.00034357	0.0	0.0	0.0	0.0	0.0	0.0	0.0	0.0	0.0	0.0	0.0	0.0	0.0	0.0	0.00013925	0.0	0.006473769999999999	0.000543298	0.0	0.000263734	0.0	0.0	0.0	0.0	0.0	0.0	0.0	0.0	0.0	0.0	0.0	0.0	0.0	0.0	0.0	0.0	0.0	0.0	0.0	0.0	0.0	0.0	2.28619e-05	0.0	4.6307399999999996e-05	0.0	0.0	0.0	0.0	0.0	0.0	0.0	0.0	0.0	0.0	0.0	0.0	0.0	0.0	0.0	0.0	0.0	0.0	0.0	0.0	0.0	0.0	0.0	0.0	2.8455300000000002e-05	0.0	0.0
AeC01009_CKDL210012719-1a-AK8593-AK533_HF5TCDSX2_L1_clmp_r1r2_fastp	0.00681588	0.025173699999999997	6.43007e-05	0.00118956	0.0	0.0	0.0	0.0	0.0	0.0	0.0	0.000112526	0.0	0.0	0.0	0.00204155	0.00019290200000000003	0.0	0.0	0.0	0.0	9.64511e-05	0.00043402999999999996	0.0	0.0	0.0	9.64511e-05	0.00024112799999999999	0.000321504	0.000305428	3.21504e-05	1.60752e-05	0.0	0.00033765	1.60818e-05	4.82567e-05	1.60891e-05	1.60929e-05	0.000338028	0.0009177279999999999	0.0	0.0	0.0	0.0	0.0	0.0	0.0	0.00225895	0.0	0.0	0.0	0.0	0.000517153	0.0	0.0	0.00737745	0.0	0.0	0.0	0.0	0.0	1.62195e-05	0.0	0.00021106199999999998	0.0	0.0	0.0	0.0	0.0	0.0	0.0	0.0	0.0	0.0	0.0	0.0	0.0	0.00031220200000000003	0.0	0.0	0.0	0.0	0.0	0.0	0.0	0.0	0.0	0.0	0.0	0.0	0.0	0.0	5.0827299999999994e-05	0.0	0.00609963	0.000512639	0.0	0.000223499	0.0	0.0	0.0	0.0	0.0	0.0	0.0	0.0	0.0	0.0	0.0	1.79365e-05	0.0	0.0	0.0	0.0	0.0	0.0	0.0	0.0	0.0	0.0	1.88054e-05	0.0	9.49326e-05	0.0	0.0	0.0	0.0	0.0	0.0	0.0	0.0	0.0	0.0	0.0	0.0	0.0	0.0	0.0	0.0	0.0	0.0	0.0	0.0	0.0	0.0	0.0	0.0	0.0	0.0	0.0
AeC01010_CKDL210012719-1a-AK8593-GD06_HF5TCDSX2_L1_clmp_r1r2_fastp	0.0068857599999999995	0.0248081	7.7586e-05	0.00100862	0.0	0.0	0.0	0.0	0.0	0.0	0.0	0.000174569	0.0	0.0	0.0	0.0022112	0.000135776	0.0	0.0	0.0	0.0	0.000135776	0.0005624989999999999	0.0	0.0	0.0	3.8793e-05	0.00019396500000000002	0.00038793000000000003	0.000290948	3.8793e-05	0.0	0.0	0.000465604	0.0	3.88153e-05	7.76464e-05	1.94156e-05	0.00048549199999999997	0.000738106	0.0	0.0	0.0	0.0	0.0	0.0	0.0	0.00299702	0.0	1.9471700000000002e-05	0.0	0.0	0.000643132	0.0	0.0	0.007413169999999999	0.0	0.0	0.0	0.0	0.0	0.0	0.0	0.000313211	0.0	0.0	0.0	0.0	0.0	0.0	0.0	0.0	0.0	0.0	0.0	0.0	0.0	0.000356665	0.0	0.0	0.0	1.99394e-05	0.0	0.0	0.0	0.0	0.0	0.0	0.0	0.0	0.0	0.0	6.1349e-05	0.0	0.006149480000000001	0.000577595	0.0	0.00029060100000000003	0.0	0.0	0.0	0.0	0.0	0.0	0.0	0.0	0.0	0.0	0.0	2.1673399999999998e-05	0.0	0.0	0.0	0.0	0.0	0.0	0.0	0.0	0.0	0.0	0.0	0.0	0.000160683	0.0	0.0	0.0	0.0	0.0	0.0	0.0	0.0	0.0	0.0	0.0	0.0	0.0	0.0	0.0	0.0	0.0	0.0	0.0	0.0	0.0	0.0	0.0	0.0	0.0	0.0	0.0
AeC01011_CKDL210012719-1a-5UDI294-GD06_HF5TCDSX2_L1_clmp_r1r2_fastp	0.00847972	0.025849800000000003	0.000164256	0.0008418119999999999	0.0	0.0	0.0	0.0	0.0	0.0	0.0	0.000143724	0.0	0.0	0.0	0.00240224	0.000123192	0.0	0.0	0.0	0.0	0.000123192	0.000574896	0.0	0.0	0.0	8.2128e-05	0.000246384	0.00045170400000000004	0.000184788	2.0532e-05	0.0	0.0	0.000287505	2.05399e-05	4.1087900000000003e-05	2.0548299999999998e-05	0.0	0.000267235	0.00113086	0.0	0.0	0.0	0.0	0.0	0.0	0.0	0.00267828	0.0	6.18432e-05	0.0	0.0	0.000495225	0.0	0.0	0.00803548	0.0	0.0	0.0	0.0	0.0	2.07097e-05	0.0	0.00018657800000000002	0.0	0.0	0.0	0.0	0.0	0.0	4.16625e-05	0.0	0.0	0.0	0.0	0.0	0.0	0.000399032	0.0	0.0	0.0	0.0	0.0	0.0	0.0	0.0	0.0	0.0	0.0	0.0	0.0	0.0	6.51865e-05	0.0	0.006602790000000001	0.00041676200000000005	0.0	0.00015458399999999998	0.0	0.0	0.0	0.0	0.0	0.0	0.0	0.0	0.0	0.0	0.0	0.0	0.0	0.0	0.0	0.0	0.0	0.0	0.0	0.0	0.0	0.0	0.0	0.0	0.000123232	0.0	0.0	0.0	0.0	0.0	0.0	0.0	0.0	0.0	0.0	0.0	0.0	0.0	0.0	0.0	0.0	0.0	0.0	0.0	0.0	0.0	0.0	0.0	0.0	0.0	0.0	0.0
AeC01012_CKDL210012719-1a-AK9146-GD06_HF5TCDSX2_L1_clmp_r1r2_fastp	0.0074465899999999995	0.0248532	0.00015005700000000002	0.00103164	0.0	0.0	0.0	0.0	0.0	0.0	0.0	0.00011254300000000001	0.0	0.0	0.0	0.00211956	5.6271500000000005e-05	0.0	0.0	0.0	0.0	7.50286e-05	0.0007502860000000001	0.0	0.0	0.0	9.37858e-05	0.000281357	0.000412657	0.000187572	7.50286e-05	1.87572e-05	0.0	0.000337689	0.0	1.87678e-05	3.75432e-05	0.0	0.000431921	0.0006761860000000001	0.0	0.0	0.0	0.0	0.0	0.0	0.0	0.0027665	0.0	5.64921e-05	0.0	0.0	0.000490057	0.0	0.0	0.00777387	0.0	0.0	0.0	0.0	0.0	5.67464e-05	0.0	0.000151476	0.0	0.0	0.0	0.0	0.0	0.0	0.0	0.0	0.0	0.0	0.0	0.0	0.0	0.00042166100000000004	0.0	0.0	0.0	0.0	0.0	0.0	0.0	0.0	0.0	0.0	0.0	0.0	0.0	0.0	7.9081e-05	0.0	0.00580576	0.00037888099999999997	0.0	8.02561e-05	0.0	0.0	0.0	0.0	0.0	0.0	0.0	0.0	0.0	0.0	0.0	0.0	0.0	0.0	0.0	0.0	0.0	0.0	0.0	0.0	0.0	0.0	0.0	0.0	4.43559e-05	0.0	0.0	0.0	0.0	0.0	0.0	0.0	0.0	0.0	0.0	0.0	0.0	0.0	0.0	0.0	0.0	0.0	0.0	0.0	0.0	0.0	0.0	0.0	0.0	0.0	0.0	0.0
AeC01013_CKDL210012719-1a-5UDI301-AK7557_HF5TCDSX2_L1_clmp_r1r2_fastp	0.006865919999999999	0.024551500000000004	0.00023382400000000002	0.0009140390000000001	0.0	0.0	0.0	0.0	0.0	0.0	0.0	0.000106284	0.0	0.0	0.0	0.00214693	0.000106284	0.0	0.0	0.0	0.0	6.37702e-05	0.000658959	0.0	0.0	2.12567e-05	0.0	0.000148797	0.00023382400000000002	0.00021256699999999999	0.0	2.12567e-05	0.0	0.00029763900000000004	2.12633e-05	4.25347e-05	0.000106358	0.0	0.00023408900000000001	0.000915292	0.0	0.0	0.0	0.0	0.0	0.0	0.0	0.00260327	0.0	4.27093e-05	0.0	0.0	0.000513143	0.0	0.0	0.00689446	0.0	0.0	0.0	0.0	0.0	4.2965e-05	0.0	0.00010756	0.0	0.0	0.0	0.0	0.0	0.0	4.33045e-05	0.0	0.0	0.0	0.0	0.0	0.0	0.000394095	0.0	0.0	0.0	2.20965e-05	0.0	0.0	0.0	0.0	0.0	0.0	0.0	0.0	0.0	0.0	0.000114669	0.0	0.0064760700000000004	0.00055753	0.0	0.000234445	0.0	0.0	0.0	0.0	0.0	0.0	0.0	0.0	0.0	0.0	0.0	0.0	0.0	0.0	0.0	0.0	0.0	0.0	0.0	0.0	0.0	0.0	2.68129e-05	0.0	0.00010878899999999999	0.0	0.0	0.0	0.0	0.0	0.0	0.0	0.0	0.0	0.0	0.0	0.0	0.0	0.0	0.0	0.0	0.0	0.0	0.0	0.0	0.0	0.0	0.0	0.0	0.0	0.0	0.0
AeC01014_CKDL210012719-1a-AK7758-AK7557_HF5TCDSX2_L1_clmp_r1r2_fastp	0.00694447	0.0245972	0.000106022	0.00100721	0.0	0.0	0.0	0.0	0.0	0.0	0.0	2.6505600000000003e-05	0.0	0.0	0.0	0.0025975499999999997	0.000159034	0.0	0.0	0.0	0.0	0.000106022	0.000503607	0.0	0.0	0.0	0.0	0.000212045	0.00042409	0.000185539	5.3011200000000005e-05	2.6505600000000003e-05	0.0	0.000238584	2.65134e-05	2.6518e-05	2.6523e-05	0.0	0.000344934	0.0008227040000000001	0.0	0.0	0.0	0.0	0.0	0.0	0.0	0.00281933	0.0	5.3232699999999996e-05	0.0	0.0	0.00026647600000000003	0.0	0.0	0.008084870000000001	0.0	0.0	0.0	0.0	0.0	5.35364e-05	0.0	0.000241218	0.0	0.0	0.0	0.0	0.0	0.0	2.69643e-05	0.0	0.0	0.0	0.0	0.0	0.0	0.000272478	0.0	0.0	0.0	0.0	0.0	0.0	0.0	0.0	0.0	0.0	0.0	0.0	0.0	0.0	0.000170922	0.0	0.00652018	0.00043268200000000004	0.0	0.000203738	0.0	0.0	0.0	0.0	0.0	0.0	0.0	0.0	0.0	0.0	0.0	0.0	0.0	0.0	0.0	0.0	0.0	0.0	0.0	0.0	0.0	0.0	0.0	0.0	0.0	0.0	0.0	0.0	0.0	0.0	0.0	0.0	0.0	0.0	0.0	0.0	0.0	0.0	0.0	0.0	0.0	0.0	0.0	0.0	0.0	0.0	0.0	0.0	0.0	0.0	0.0	0.0
AeC01015_CKDL210012719-1a-AK7078-AK7557_HF5TCDSX2_L1_clmp_r1r2_fastp	0.0071360799999999995	0.024449	9.809039999999999e-05	0.0011280399999999999	0.0	0.0	0.0	0.0	0.0	0.0	0.0	7.35678e-05	0.0	0.0	0.0	0.00230513	7.35678e-05	0.0	0.0	0.0	0.0	7.35678e-05	0.000392362	0.0	0.0	2.4522599999999998e-05	4.9045199999999996e-05	0.00024522599999999997	0.000392362	0.00029427100000000003	4.9045199999999996e-05	0.0	0.0	0.00039242100000000006	0.0	0.0	7.36133e-05	2.4542399999999997e-05	0.000270014	0.00103117	0.0	0.0	0.0	0.0	0.0	0.0	0.0	0.00275517	0.0	2.4615299999999998e-05	0.0	0.0	0.00054208	0.0	0.0	0.00626606	0.0	0.0	0.0	0.0	0.0	2.47426e-05	0.0	0.000198188	0.0	0.0	0.0	0.0	0.0	0.0	0.0	0.0	0.0	0.0	0.0	0.0	0.0	0.00037778999999999997	0.0	0.0	0.0	2.5409900000000002e-05	0.0	0.0	0.0	0.0	0.0	0.0	0.0	0.0	0.0	0.0	0.00010534699999999999	0.0	0.00600133	0.0006133810000000001	0.0	0.00021528700000000001	0.0	0.0	0.0	0.0	0.0	0.0	0.0	0.0	0.0	0.0	0.0	0.0	0.0	0.0	0.0	0.0	0.0	0.0	0.0	0.0	0.0	0.0	0.0	0.0	0.000186537	0.0	0.0	0.0	0.0	0.0	0.0	0.0	0.0	0.0	0.0	0.0	0.0	0.0	0.0	0.0	0.0	0.0	0.0	0.0	0.0	0.0	0.0	0.0	0.0	0.0	0.0	0.0
AeC01016_CKDL210012719-1a-AK9143-AK7557_HF5TCDSX2_L1_clmp_r1r2_fastp	0.006749079999999999	0.025512100000000003	5.60089e-05	0.00100816	0.0	0.0	0.0	0.0	0.0	0.0	0.0	2.80045e-05	0.0	0.0	0.0	0.00257641	8.40134e-05	0.0	0.0	0.0	0.0	5.60089e-05	0.000392063	0.0	0.0	0.0	0.000140022	0.000168027	0.00044807099999999997	0.00025204	5.60089e-05	0.0	0.0	0.000448148	0.0	0.0	0.0	0.0	0.00044856	0.000813183	0.0	0.0	0.0	0.0	0.0	0.0	0.0	0.00272558	0.0	0.0	0.0	0.0	0.00064738	0.0	0.0	0.0071296499999999995	0.0	0.0	0.0	0.0	0.0	0.0	0.0	0.00036782000000000004	0.0	0.0	0.0	0.0	0.0	0.0	5.6909899999999995e-05	0.0	0.0	0.0	0.0	0.0	0.0	0.000229868	0.0	0.0	0.0	0.0	0.0	0.0	0.0	0.0	0.0	0.0	0.0	0.0	0.0	0.0	2.996e-05	0.0	0.00624907	0.000515242	0.0	0.000122245	0.0	0.0	0.0	0.0	0.0	0.0	0.0	0.0	0.0	0.0	0.0	0.0	0.0	0.0	0.0	0.0	0.0	0.0	0.0	0.0	0.0	0.0	3.4592400000000004e-05	0.0	0.00014019300000000002	0.0	0.0	0.0	0.0	0.0	0.0	0.0	0.0	0.0	0.0	0.0	0.0	0.0	0.0	0.0	0.0	0.0	0.0	0.0	0.0	0.0	0.0	0.0	0.0	0.0	0.0	0.0
AeC01017_CKDL210012719-1a-5UDI225-AK7557_HF5TCDSX2_L1_clmp_r1r2_fastp	0.006456020000000001	0.0251846	0.000243623	0.0008222290000000001	0.0	0.0	0.0	0.0	0.0	0.0	0.0	9.13588e-05	0.0	0.0	0.0	0.0019794400000000003	0.00012181199999999999	0.0	0.0	0.0	0.0	6.0905899999999996e-05	0.000609059	0.0	0.0	0.0	3.04529e-05	0.000304529	0.0005177	0.000152265	6.0905899999999996e-05	3.04529e-05	0.0	0.000456886	0.0	6.09429e-05	6.0954999999999995e-05	3.04841e-05	0.000335402	0.000731934	0.0	0.0	0.0	0.0	0.0	0.0	0.0	0.00253599	0.0	3.05697e-05	0.0	0.0	0.000305945	0.0	0.0	0.00780839	0.0	0.0	0.0	0.0	0.0	3.06829e-05	0.0	0.000122831	0.0	0.0	0.0	0.0	0.0	0.0	0.0	0.0	0.0	0.0	0.0	0.0	0.0	0.00021699000000000002	0.0	0.0	0.0	0.0	0.0	0.0	0.0	0.0	0.0	0.0	0.0	0.0	0.0	0.0	6.35034e-05	0.0	0.00593243	0.000447579	0.0	0.00016061500000000002	0.0	0.0	0.0	0.0	0.0	0.0	0.0	0.0	0.0	0.0	0.0	0.0	0.0	0.0	0.0	0.0	0.0	0.0	0.0	0.0	0.0	0.0	0.0	0.0	0.00010453200000000001	0.0	0.0	0.0	0.0	0.0	0.0	0.0	0.0	0.0	0.0	0.0	0.0	0.0	0.0	0.0	0.0	0.0	0.0	0.0	0.0	0.0	0.0	0.0	0.0	3.98885e-05	0.0	0.0
AeC01018_CKDL210012719-1a-AK9144-AK7557_HF5TCDSX2_L1_clmp_r1r2_fastp	0.00766261	0.026370400000000002	9.20434e-05	0.000920434	0.0	0.0	0.0	0.0	0.0	0.0	0.0	0.00016107600000000001	0.0	0.0	0.0	0.0025542	9.20434e-05	0.0	0.0	0.0	0.0	0.00013806500000000001	0.0005522600000000001	0.0	0.0	0.0	0.0	0.000253119	0.00036817299999999996	0.00032215200000000003	2.30108e-05	0.0	0.0	0.00041426	2.30182e-05	2.30219e-05	0.000138155	2.3029699999999997e-05	0.00043764199999999997	0.000875444	0.0	0.0	0.0	0.0	0.0	0.0	0.0	0.00293139	0.0	2.30959e-05	0.0	0.0	0.000716724	0.0	0.0	0.00800927	0.0	0.0	0.0	0.0	0.0	6.96496e-05	0.0	0.00023244799999999998	0.0	0.0	0.0	0.0	0.0	0.0	4.67726e-05	0.0	0.0	0.0	0.0	0.0	0.0	0.000378188	0.0	0.0	0.0	2.38499e-05	0.0	0.0	0.0	0.0	0.0	0.0	0.0	0.0	0.0	0.0	7.425900000000001e-05	0.0	0.00693999	0.000275836	0.0	0.000202477	0.0	0.0	0.0	0.0	0.0	0.0	0.0	0.0	0.0	0.0	0.0	0.0	0.0	0.0	0.0	0.0	0.0	0.0	0.0	0.0	0.0	0.0	0.0	0.0	8.834210000000001e-05	0.0	0.0	0.0	0.0	0.0	0.0	0.0	0.0	0.0	0.0	0.0	0.0	0.0	0.0	0.0	0.0	0.0	0.0	0.0	0.0	0.0	0.0	0.0	0.0	3.72817e-05	0.0	0.0
AeC01019_CKDL210012719-1a-AK3911-AK7557_HF5TCDSX2_L1_clmp_r1r2_fastp	0.00777704	0.0240676	5.89169e-05	0.0009132130000000001	0.0	0.0	0.0	0.0	0.0	0.0	0.0	0.00020620899999999998	0.0	0.0	0.0	0.00232722	0.00011783400000000001	0.0	0.0	0.0	0.0	8.837540000000001e-05	0.000589169	0.0	0.0	0.0	5.89169e-05	0.00038295999999999995	0.00020620899999999998	0.000147292	2.9458500000000003e-05	0.0	0.0	0.00041248300000000006	0.0	2.94724e-05	0.000147389	0.0	0.000147439	0.00112074	0.0	0.0	0.0	0.0	0.0	0.0	0.0	0.00280687	0.0	5.9123300000000004e-05	0.0	0.0	0.000355041	0.0	0.0	0.00805534	0.0	0.0	0.0	0.0	0.0	2.9686399999999998e-05	0.0	0.000237725	0.0	0.0	0.0	0.0	0.0	0.0	0.0	0.0	0.0	0.0	0.0	0.0	0.0	0.00042119600000000004	0.0	0.0	0.0	3.0281499999999998e-05	0.0	0.0	0.0	0.0	0.0	0.0	0.0	0.0	0.0	0.0	9.3329e-05	0.0	0.00601044	0.000753762	0.0	0.000189729	0.0	0.0	0.0	0.0	0.0	0.0	0.0	0.0	0.0	0.0	0.0	0.0	0.0	0.0	0.0	0.0	0.0	0.0	0.0	0.0	0.0	3.48587e-05	3.50475e-05	0.0	7.08711e-05	0.0	0.0	0.0	0.0	0.0	0.0	0.0	0.0	0.0	0.0	0.0	0.0	0.0	0.0	0.0	0.0	0.0	0.0	0.0	0.0	0.0	0.0	0.0	0.0	4.25814e-05	0.0	0.0
AeC01020_CKDL210012719-1a-5UDI245-AK7557_HF5TCDSX2_L1_clmp_r1r2_fastp	0.007644560000000001	0.0241707	0.000148438	0.000841149	0.0	0.0	0.0	0.0	0.0	0.0	0.0	7.421910000000001e-05	0.0	0.0	0.0	0.0028945399999999997	2.4739699999999996e-05	0.0	0.0	0.0	0.0	0.000148438	0.000643232	0.0	0.0	0.0	7.421910000000001e-05	0.000148438	0.000296876	0.000247397	4.947939999999999e-05	0.0	0.0	0.000519626	0.0	7.42605e-05	4.95177e-05	0.0	0.00037154500000000003	0.000891924	0.0	0.0	0.0	0.0	0.0	0.0	0.0	0.00263232	0.0	0.0	0.0	0.0	0.0005722300000000001	0.0	0.0	0.00692564	0.0	0.0	0.0	0.0	0.0	2.49903e-05	0.0	0.000250217	0.0	0.0	0.0	0.0	0.0	0.0	0.0	0.0	0.0	0.0	0.0	0.0	0.0	0.000305073	0.0	0.0	0.0	2.5632e-05	0.0	0.0	0.0	0.0	0.0	0.0	0.0	0.0	0.0	0.0	7.946989999999999e-05	0.0	0.00669913	0.000509109	0.0	0.000351147	0.0	0.0	0.0	0.0	0.0	0.0	0.0	0.0	0.0	0.0	0.0	2.85589e-05	0.0	0.0	0.0	0.0	0.0	0.0	0.0	0.0	0.0	3.0191999999999998e-05	0.0	0.0	0.000215289	0.0	0.0	0.0	0.0	0.0	0.0	0.0	0.0	0.0	0.0	0.0	0.0	0.0	0.0	0.0	0.0	0.0	0.0	0.0	0.0	0.0	0.0	0.0	0.0	0.0	0.0	0.0
AeC01021_CKDL210012719-1a-AK8593-AK7557_HF5TCDSX2_L1_clmp_r1r2_fastp	0.00662578	0.024018499999999998	0.000108977	0.000871813	0.0	0.0	0.0	0.0	0.0	0.0	0.0	0.000130772	0.0	0.0	0.0	0.00204876	0.000108977	0.0	0.0	0.0	0.0	2.1795299999999998e-05	0.000719246	0.0	0.0	0.0	6.5386e-05	0.000283339	0.00032693	0.000457702	2.1795299999999998e-05	4.35907e-05	0.0	0.000327001	0.0	4.3618799999999996e-05	6.54441e-05	2.18195e-05	0.000305548	0.000895042	0.0	0.0	0.0	0.0	0.0	0.0	0.0	0.00227526	0.0	2.18906e-05	0.0	0.0	0.000569704	0.0	0.0	0.00750181	0.0	0.0	0.0	0.0	0.0	2.19885e-05	0.0	0.00022008799999999998	0.0	0.0	0.0	0.0	0.0	0.0	0.0	0.0	0.0	0.0	0.0	0.0	0.0	0.000400493	0.0	0.0	0.0	0.0	0.0	0.0	0.0	0.0	0.0	0.0	0.0	0.0	0.0	0.0	9.13856e-05	0.0	0.00596856	0.0006673580000000001	0.0	0.000161908	0.0	0.0	0.0	0.0	0.0	0.0	0.0	0.0	0.0	0.0	0.0	0.0	0.0	0.0	0.0	0.0	0.0	0.0	0.0	0.0	0.0	2.4837899999999998e-05	0.0	0.0	0.000125667	0.0	0.0	0.0	0.0	0.0	0.0	0.0	0.0	0.0	0.0	0.0	0.0	0.0	0.0	0.0	0.0	0.0	0.0	0.0	0.0	0.0	0.0	0.0	0.0	0.0	0.0	0.0
AeC01022_CKDL210012719-1a-5UDI294-AK533_HF5TCDSX2_L1_clmp_r1r2_fastp	0.00691957	0.0247817	0.000140805	0.00110633	0.0	0.0	0.0	0.0	0.0	0.0	0.0	8.04601e-05	0.0	0.0	0.0	0.00229311	0.000100575	0.0	0.0	0.0	0.0	0.000100575	0.000341955	0.0	0.0	2.0115e-05	6.0345100000000006e-05	0.00028161	0.00028161	0.00028161	2.0115e-05	0.0	2.0115e-05	0.000261541	2.01226e-05	6.03807e-05	0.000120791	0.0	0.00026184	0.000805874	0.0	0.0	0.0	0.0	0.0	0.0	0.0	0.00262573	2.02048e-05	0.0	0.0	0.0	0.000526149	0.0	0.0	0.0073146999999999995	0.0	0.0	0.0	0.0	0.0	4.06473e-05	0.0	0.000244174	0.0	0.0	0.0	0.0	0.0	0.0	6.137929999999999e-05	0.0	0.0	0.0	0.0	0.0	0.0	0.00024777	0.0	0.0	0.0	0.0	0.0	0.0	0.0	0.0	0.0	0.0	0.0	0.0	0.0	0.0	0.00015011699999999999	0.0	0.00595957	0.00056345	0.0	0.000131001	0.0	0.0	0.0	0.0	0.0	0.0	0.0	0.0	0.0	0.0	0.0	2.30061e-05	0.0	0.0	0.0	0.0	0.0	0.0	0.0	0.0	0.0	0.0	0.0	0.0	4.9363199999999995e-05	0.0	0.0	0.0	0.0	0.0	0.0	0.0	0.0	0.0	0.0	0.0	0.0	0.0	0.0	0.0	0.0	0.0	0.0	0.0	0.0	0.0	0.0	0.0	0.0	0.0	0.0	0.0
AeC01023_CKDL210012719-1a-AK9146-AK533_HF5TCDSX2_L1_clmp_r1r2_fastp	0.00674114	0.0252565	6.83224e-05	0.0013209	0.0	0.0	0.0	0.0	0.0	0.0	0.0	6.83224e-05	0.0	0.0	0.0	0.00241406	6.83224e-05	0.0	0.0	0.0	0.0	0.00011387100000000001	0.000455483	0.0	0.0	0.0	2.27741e-05	0.00038716000000000005	0.00020496700000000002	0.000182193	2.27741e-05	2.27741e-05	2.27741e-05	0.000318908	2.27847e-05	2.27906e-05	0.0	0.0	0.00020529199999999999	0.000844244	0.0	0.0	0.0	0.0	0.0	0.0	0.0	0.00247188	0.0	0.0	0.0	0.0	0.000412994	0.0	0.0	0.007745490000000001	0.0	0.0	0.0	0.0	0.0	0.0	0.0	0.000184908	0.0	0.0	0.0	0.0	0.0	0.0	0.0	0.0	0.0	0.0	0.0	0.0	0.0	0.00044795400000000003	0.0	0.0	0.0	2.38192e-05	0.0	0.0	0.0	0.0	0.0	0.0	0.0	0.0	0.0	0.0	0.00012403	0.0	0.0062083500000000005	0.000402444	0.0	0.00020319	0.0	0.0	0.0	0.0	0.0	0.0	0.0	0.0	0.0	0.0	0.0	0.0	0.0	0.0	0.0	0.0	0.0	0.0	0.0	0.0	0.0	0.0	2.9188300000000003e-05	0.0	8.88106e-05	0.0	0.0	0.0	0.0	0.0	0.0	0.0	0.0	0.0	0.0	0.0	0.0	0.0	0.0	0.0	0.0	0.0	0.0	0.0	0.0	0.0	0.0	0.0	0.0	3.67697e-05	0.0	0.0
AeC01024_CKDL210012719-1a-AK5577-AK533_HF5TCDSX2_L1_clmp_r1r2_fastp	0.0069028499999999994	0.0246347	0.000307934	0.000821156	0.0	0.0	0.0	0.0	0.0	0.0	0.0	5.13223e-05	0.0	0.0	0.0	0.00241215	7.69834e-05	0.0	0.0	0.0	0.0	7.69834e-05	0.000615867	0.0	0.0	0.0	0.000128306	0.000256611	0.000307934	0.00023095	7.69834e-05	2.56611e-05	0.0	0.00038499899999999996	0.0	2.5678499999999998e-05	7.705220000000001e-05	5.13802e-05	0.00038544199999999995	0.000925267	0.0	0.0	0.0	0.0	0.0	0.0	0.0	0.00298784	0.0	0.0	0.0	0.0	0.000619172	0.0	0.0	0.00720545	0.0	0.0	0.0	0.0	0.0	5.17806e-05	0.0	0.00015549999999999999	0.0	0.0	0.0	0.0	0.0	0.0	0.0	0.0	0.0	0.0	0.0	0.0	0.0	0.00034092700000000004	0.0	0.0	0.0	0.0	0.0	0.0	0.0	0.0	0.0	0.0	0.0	0.0	0.0	0.0	5.40207e-05	0.0	0.00689721	0.000517386	0.0	0.00027388200000000003	0.0	0.0	0.0	0.0	0.0	0.0	0.0	0.0	0.0	0.0	0.0	0.0	0.0	0.0	0.0	0.0	0.0	0.0	0.0	0.0	0.0	0.0	2.98225e-05	0.0	0.00015045800000000002	0.0	0.0	0.0	0.0	0.0	0.0	0.0	0.0	0.0	0.0	0.0	0.0	0.0	0.0	0.0	0.0	0.0	0.0	0.0	0.0	0.0	0.0	0.0	0.0	0.0	0.0	0.0
AeC01025_CKDL210012719-1a-5UDI301-AK8488_HF5TCDSX2_L1_clmp_r1r2_fastp	0.0066733	0.024887899999999998	0.000124502	0.000871513	0.0	0.0	0.0	0.0	0.0	0.0	0.0	0.000124502	0.0	0.0	0.0	0.00201693	8.71513e-05	0.0	0.0	0.0	0.0	0.000124502	0.00065986	0.0	0.0	0.0	2.4900400000000003e-05	0.000186753	0.00046065699999999995	0.000174303	1.2450200000000002e-05	0.0	0.0	0.000348668	2.49093e-05	4.98281e-05	6.22981e-05	1.2461999999999999e-05	0.000211901	0.0007729830000000001	0.0	0.0	0.0	0.0	0.0	0.0	0.0	0.00276129	1.2498600000000001e-05	2.5005100000000002e-05	0.0	0.0	0.000350441	0.0	0.0	0.007543319999999999	0.0	0.0	0.0	0.0	0.0	3.76934e-05	0.0	0.00020124500000000002	0.0	0.0	0.0	0.0	0.0	0.0	0.0	0.0	0.0	0.0	0.0	0.0	0.0	0.000318472	0.0	0.0	0.0	0.0	0.0	0.0	0.0	0.0	0.0	0.0	0.0	0.0	0.0	0.0	0.00011827099999999999	0.0	0.006118329999999999	0.000397587	0.0	0.000119998	0.0	0.0	0.0	0.0	0.0	0.0	0.0	0.0	0.0	0.0	0.0	0.0	0.0	0.0	0.0	0.0	0.0	0.0	0.0	0.0	0.0	0.0	1.4555600000000002e-05	0.0	0.000132226	0.0	0.0	0.0	0.0	0.0	0.0	0.0	0.0	0.0	0.0	0.0	0.0	0.0	0.0	0.0	0.0	0.0	0.0	0.0	0.0	0.0	0.0	0.0	0.0	3.44516e-05	0.0	0.0
AeC01026_CKDL210012719-1a-AK7758-AK8488_HF5TCDSX2_L1_clmp_r1r2_fastp	0.00789859	0.0254586	0.000118648	0.00120343	0.0	0.0	0.0	0.0	0.0	0.0	0.0	3.38995e-05	0.0	0.0	0.0	0.00198312	5.08493e-05	0.0	0.0	0.0	0.0	0.00010169899999999999	0.000474594	0.0	0.0	0.0	5.08493e-05	0.000118648	0.000355945	0.000288146	1.69498e-05	0.0	0.0	0.00042383300000000003	1.69569e-05	0.0	0.000101788	0.0	0.00023761099999999999	0.000696026	0.0	0.0	0.0	0.0	0.0	0.0	0.0	0.00261983	0.0	0.0	0.0	0.0	0.000545223	0.0	0.0	0.00692504	0.0	0.0	0.0	0.0	0.0	1.70986e-05	0.0	0.000205384	0.0	0.0	0.0	0.0	0.0	0.0	0.0	0.0	0.0	0.0	0.0	0.0	0.0	0.00043277400000000003	0.0	0.0	0.0	0.0	0.0	0.0	0.0	0.0	0.0	0.0	0.0	0.0	0.0	0.0	0.00010675299999999999	0.0	0.006526559999999999	0.000501972	0.0	0.000216282	0.0	0.0	0.0	0.0	0.0	0.0	0.0	0.0	0.0	0.0	0.0	1.86979e-05	0.0	0.0	0.0	0.0	0.0	0.0	0.0	0.0	0.0	0.0	0.0	0.0	7.85718e-05	0.0	0.0	0.0	0.0	0.0	0.0	0.0	0.0	0.0	0.0	0.0	0.0	0.0	0.0	0.0	0.0	0.0	0.0	0.0	0.0	0.0	0.0	0.0	0.0	2.26059e-05	0.0	0.0
AeC01027_CKDL210012719-1a-AK7078-AK8488_HF5TCDSX2_L1_clmp_r1r2_fastp	0.00728489	0.0242927	0.000102811	0.000895924	0.0	0.0	0.0	0.0	0.0	0.0	0.0	7.34364e-05	0.0	0.0	0.0	0.0023059	0.00016156	0.0	0.0	0.0	0.0	7.34364e-05	0.00045530500000000003	0.0	0.0	0.0	7.34364e-05	0.000117498	0.000234996	0.00019093500000000001	0.000102811	2.93745e-05	0.0	0.00035256	1.4692900000000001e-05	1.4695900000000001e-05	0.00010289400000000001	0.0	0.000308825	0.0007207720000000001	0.0	0.0	0.0	0.0	0.0	0.0	0.0	0.00238855	0.0	1.4754399999999999e-05	0.0	0.0	0.000472671	0.0	0.0	0.0075871	0.0	0.0	0.0	0.0	0.0	0.0	0.0	0.00029703300000000004	0.0	0.0	0.0	0.0	0.0	0.0	1.49325e-05	0.0	0.0	0.0	0.0	0.0	0.0	0.000256094	0.0	0.0	0.0	0.0	0.0	0.0	0.0	0.0	0.0	0.0	0.0	0.0	0.0	0.0	7.80079e-05	0.0	0.00607567	0.000535519	0.0	0.000348861	0.0	0.0	0.0	0.0	0.0	0.0	0.0	0.0	0.0	0.0	0.0	0.0	0.0	0.0	0.0	0.0	0.0	0.0	0.0	1.7228300000000002e-05	0.0	1.73982e-05	5.2457300000000003e-05	0.0	8.8331e-05	0.0	0.0	0.0	0.0	0.0	0.0	0.0	0.0	0.0	0.0	0.0	0.0	0.0	0.0	0.0	0.0	0.0	0.0	0.0	0.0	0.0	0.0	0.0	0.0	0.0	0.0	0.0
AeC01028_CKDL210012719-1a-AK9143-AK8488_HF5TCDSX2_L1_clmp_r1r2_fastp	0.00756762	0.026062999999999996	0.000146093	0.000672028	0.0	0.0	0.0	0.0	0.0	0.0	0.0	5.8437200000000004e-05	0.0	0.0	0.0	0.00207452	8.76558e-05	0.0	0.0	0.0	0.0	5.8437200000000004e-05	0.000292186	0.0	0.0	0.0	0.0	0.000262967	0.00032140500000000003	0.000262967	0.0	2.9218600000000002e-05	0.0	0.00037992	0.0	2.92357e-05	8.77251e-05	2.92475e-05	0.00014626599999999999	0.0005851820000000001	0.0	0.0	0.0	0.0	0.0	0.0	0.0	0.00249128	2.9316000000000002e-05	0.0	0.0	0.0	0.000498857	0.0	0.0	0.007694779999999999	0.0	0.0	0.0	0.0	0.0	0.0	0.0	0.000353451	0.0	0.0	0.0	0.0	0.0	0.0	5.91371e-05	0.0	0.0	0.0	0.0	0.0	0.0	0.00014878599999999998	0.0	0.0	0.0	0.0	0.0	0.0	0.0	0.0	0.0	0.0	0.0	0.0	0.0	0.0	0.000122192	0.0	0.00653813	0.000492362	0.0	0.00021652099999999998	0.0	0.0	0.0	0.0	0.0	0.0	0.0	0.0	0.0	0.0	0.0	0.0	0.0	0.0	0.0	0.0	0.0	0.0	0.0	0.0	0.0	0.0	0.0	0.0	0.000134819	0.0	0.0	0.0	0.0	0.0	0.0	0.0	0.0	0.0	0.0	0.0	0.0	0.0	0.0	0.0	0.0	0.0	0.0	0.0	0.0	0.0	0.0	0.0	0.0	0.0	0.0	0.0
AeC01029_CKDL210012719-1a-5UDI225-AK8488_HF5TCDSX2_L1_clmp_r1r2_fastp	0.00736813	0.026213	0.00016434499999999999	0.0007943340000000001	0.0	0.0	0.0	0.0	0.0	0.0	0.0	0.000136954	0.0	0.0	0.0	0.00205431	0.000109563	0.0	0.0	0.0	0.0	5.47816e-05	0.000629989	0.0	0.0	0.0	5.47816e-05	0.00019173599999999997	0.00016434499999999999	0.00019173599999999997	5.47816e-05	2.73908e-05	0.0	0.000328741	0.0	0.0	5.48184e-05	2.74142e-05	0.000191935	0.0007952980000000001	0.0	0.0	0.0	0.0	0.0	0.0	0.0	0.00271986	0.0	5.49753e-05	0.0	0.0	0.000495213	0.0	0.0	0.00762847	0.0	0.0	0.0	0.0	0.0	5.5213799999999996e-05	0.0	0.000193433	0.0	0.0	0.0	0.0	0.0	0.0	0.0	0.0	0.0	0.0	0.0	0.0	0.0	0.000279705	0.0	0.0	0.0	0.0	0.0	0.0	0.0	0.0	0.0	0.0	0.0	0.0	0.0	0.0	0.000288598	0.0	0.0070238	0.000844188	0.0	0.000351478	0.0	0.0	0.0	0.0	0.0	0.0	0.0	0.0	0.0	0.0	0.0	0.0	0.0	0.0	0.0	0.0	0.0	0.0	0.0	0.0	0.0	0.0	6.41664e-05	0.0	0.00019439999999999998	0.0	0.0	0.0	0.0	0.0	0.0	0.0	0.0	0.0	0.0	0.0	0.0	0.0	0.0	0.0	0.0	0.0	0.0	0.0	0.0	0.0	0.0	0.0	0.0	3.8158400000000004e-05	0.0	0.0
AeC01030_CKDL210012719-1a-AK9144-AK8488_HF5TCDSX2_L1_clmp_r1r2_fastp	0.00689857	0.0248183	0.000103582	0.000745791	0.0	0.0	0.0	0.0	0.0	0.0	0.0	6.21492e-05	0.0	0.0	0.0	0.00238239	8.28657e-05	0.0	0.0	0.0	0.0	0.000103582	0.000414328	0.0	0.0	0.0	0.000103582	0.000145015	0.000455761	0.00016573100000000002	4.14328e-05	2.07164e-05	0.0	0.000393688	2.07245e-05	2.07287e-05	8.29331e-05	0.0	0.00035261200000000003	0.0007883580000000001	0.0	0.0	0.0	0.0	0.0	0.0	0.0	0.00280629	4.15852e-05	2.07986e-05	0.0	0.0	0.000416337	0.0	0.0	0.0072723	0.0	0.0	0.0	0.0	0.0	4.17714e-05	0.0	0.00016724	0.0	0.0	0.0	0.0	0.0	0.0	0.0	0.0	0.0	0.0	0.0	0.0	0.0	0.000211348	0.0	0.0	0.0	0.0	0.0	0.0	0.0	0.0	0.0	0.0	0.0	0.0	0.0	0.0	0.000130286	0.0	0.00584818	0.000371914	0.0	0.000153956	0.0	0.0	0.0	0.0	0.0	0.0	0.0	0.0	0.0	0.0	0.0	0.0	0.0	0.0	0.0	0.0	0.0	0.0	0.0	0.0	0.0	0.0	2.37692e-05	0.0	7.18927e-05	0.0	0.0	0.0	0.0	0.0	0.0	0.0	0.0	0.0	0.0	0.0	0.0	0.0	0.0	0.0	0.0	0.0	0.0	0.0	0.0	0.0	0.0	0.0	0.0	2.7597299999999997e-05	0.0	0.0
AeC01031_CKDL210012719-1a-AK3911-AK8488_HF5TCDSX2_L1_clmp_r1r2_fastp	0.00781343	0.0240584	0.00014835600000000001	0.0009643149999999999	0.0	0.0	0.0	0.0	0.0	0.0	0.0	2.4726e-05	0.0	0.0	0.0	0.00242315	0.00012362999999999998	0.0	0.0	0.0	0.0	0.0	0.0006181509999999999	0.0	0.0	0.0	0.0	7.41781e-05	0.000321438	0.00014835600000000001	0.0	0.0	0.0	0.000197848	2.4735699999999998e-05	4.94809e-05	0.0	0.0	0.000247551	0.000569483	0.0	0.0	0.0	0.0	0.0	0.0	0.0	0.00245597	0.0	2.4821599999999996e-05	0.0	0.0	0.000472032	0.0	0.0	0.00751051	0.0	0.0	0.0	0.0	0.0	4.98566e-05	0.0	0.00019961900000000003	0.0	0.0	0.0	0.0	0.0	0.0	2.50614e-05	0.0	0.0	0.0	0.0	0.0	0.0	0.00022718	0.0	0.0	0.0	0.0	0.0	0.0	0.0	0.0	0.0	0.0	0.0	0.0	0.0	0.0	5.1959900000000004e-05	0.0	0.006607269999999999	0.000523775	0.0	0.00013168499999999998	0.0	0.0	0.0	0.0	0.0	0.0	0.0	0.0	0.0	0.0	0.0	0.0	0.0	0.0	0.0	0.0	0.0	0.0	0.0	0.0	0.0	0.0	2.8640200000000004e-05	0.0	0.000173379	0.0	0.0	0.0	0.0	0.0	0.0	0.0	0.0	0.0	0.0	0.0	0.0	0.0	0.0	0.0	0.0	0.0	0.0	0.0	0.0	0.0	0.0	0.0	0.0	0.0	0.0	0.0
AeC01032_CKDL210012719-1a-5UDI245-AK8488_HF5TCDSX2_L1_clmp_r1r2_fastp	0.00808316	0.026183	0.00016112600000000002	0.0007519219999999999	0.0	0.0	0.0	0.0	0.0	0.0	0.0	5.3708699999999996e-05	0.0	0.0	0.0	0.00196037	0.000134272	0.0	0.0	0.0	0.0	8.05631e-05	0.000698213	0.0	0.0	0.0	2.6854399999999998e-05	0.000214835	0.00024168899999999998	0.000214835	2.6854399999999998e-05	8.05631e-05	0.0	0.00040288899999999997	5.372970000000001e-05	0.0	8.0625e-05	2.6880399999999998e-05	0.00021508900000000001	0.0008067580000000001	0.0	0.0	0.0	0.0	0.0	0.0	0.0	0.00312574	2.6953800000000003e-05	5.3923799999999994e-05	0.0	0.0	0.000566734	0.0	0.0	0.0081318	0.0	0.0	0.0	0.0	0.0	5.41722e-05	0.0	0.000189803	0.0	0.0	0.0	0.0	0.0	0.0	0.0	0.0	0.0	0.0	0.0	0.0	0.0	0.000219678	0.0	0.0	0.0	0.0	0.0	0.0	0.0	0.0	0.0	0.0	0.0	0.0	0.0	0.0	0.000113337	0.0	0.00589891	0.000714535	0.0	0.00046010599999999995	0.0	0.0	0.0	0.0	0.0	0.0	0.0	0.0	0.0	0.0	0.0	3.0022e-05	0.0	0.0	0.0	0.0	0.0	0.0	0.0	0.0	0.0	0.0	6.30093e-05	0.0	0.000190878	0.0	0.0	0.0	0.0	0.0	0.0	0.0	0.0	0.0	0.0	0.0	0.0	0.0	0.0	0.0	0.0	0.0	0.0	0.0	0.0	0.0	0.0	0.0	0.0	3.75164e-05	0.0	0.0
AeC01033_CKDL210012719-1a-AK8593-AK8488_HF5TCDSX2_L1_clmp_r1r2_fastp	0.00776858	0.0256814	0.000142543	0.000879014	0.0	0.0	0.0	0.0	0.0	0.0	0.0	2.37571e-05	0.0	0.0	0.0	0.00218566	0.00011878600000000001	0.0	0.0	0.0	0.0	0.00011878600000000001	0.000570171	0.0	0.0	0.0	4.75142e-05	0.00011878600000000001	0.00023757099999999998	0.00023757099999999998	7.12714e-05	2.37571e-05	0.0	0.000308904	0.0	2.3771e-05	0.00011887900000000001	0.0	0.00023785199999999999	0.000594749	0.0	0.0	0.0	0.0	0.0	0.0	0.0	0.00202589	0.0	0.0	0.0	0.0	0.000525064	0.0	0.0	0.00730986	0.0	0.0	0.0	0.0	0.0	2.39408e-05	0.0	0.000167733	0.0	0.0	0.0	0.0	0.0	0.0	2.40586e-05	0.0	0.0	0.0	0.0	0.0	0.0	0.000242167	0.0	0.0	0.0	0.0	0.0	0.0	0.0	0.0	0.0	0.0	0.0	0.0	0.0	0.0	0.000198897	0.0	0.00639517	0.000550921	0.0	0.00017620100000000002	0.0	0.0	0.0	0.0	0.0	0.0	0.0	0.0	0.0	0.0	0.0	0.0	0.0	0.0	0.0	0.0	0.0	0.0	0.0	0.0	0.0	0.0	2.71749e-05	0.0	0.000109585	0.0	0.0	0.0	0.0	0.0	0.0	0.0	0.0	0.0	0.0	0.0	0.0	0.0	0.0	0.0	0.0	0.0	0.0	0.0	0.0	0.0	0.0	0.0	0.0	0.0	0.0	0.0
AeC01034_CKDL210012719-1a-5UDI294-AK7557_HF5TCDSX2_L1_clmp_r1r2_fastp	0.00787902	0.0240596	0.00017398499999999998	0.000795359	0.0	0.0	0.0	0.0	0.0	0.0	0.0	7.45649e-05	0.0	0.0	0.0	0.0024855	9.941989999999999e-05	0.0	0.0	0.0	0.0	4.97099e-05	0.000397679	0.0	0.0	0.0	4.97099e-05	0.000223695	0.000397679	0.000273405	4.97099e-05	4.97099e-05	0.0	0.000323162	4.97248e-05	7.459880000000001e-05	7.46125e-05	2.48755e-05	0.000398086	0.000796337	0.0	0.0	0.0	0.0	0.0	0.0	0.0	0.00271864	0.0	0.0	0.0	0.0	0.000599764	0.0	0.0	0.00718224	0.0	0.0	0.0	0.0	0.0	2.5113899999999997e-05	0.0	7.54511e-05	0.0	0.0	0.0	0.0	0.0	0.0	2.53303e-05	0.0	0.0	0.0	0.0	0.0	0.0	0.000487264	0.0	0.0	0.0	0.0	0.0	0.0	0.0	0.0	0.0	0.0	0.0	0.0	0.0	0.0	0.000135069	0.0	0.006299139999999999	0.000411041	0.0	0.00013841800000000002	0.0	0.0	0.0	0.0	0.0	0.0	0.0	0.0	0.0	0.0	0.0	0.0	0.0	0.0	0.0	0.0	0.0	0.0	0.0	0.0	0.0	0.0	0.0	0.0	6.50973e-05	0.0	0.0	0.0	0.0	0.0	0.0	0.0	0.0	0.0	0.0	0.0	0.0	0.0	0.0	0.0	0.0	0.0	0.0	0.0	0.0	0.0	0.0	0.0	0.0	0.0	0.0	0.0
AeC01035_CKDL210012719-1a-AK9146-AK7557_HF5TCDSX2_L1_clmp_r1r2_fastp	0.0071808	0.024534399999999998	0.000161108	0.00101268	0.0	0.0	0.0	0.0	0.0	0.0	0.0	9.20615e-05	0.0	0.0	0.0	0.0023475699999999998	0.00011507700000000001	0.0	0.0	0.0	0.0	0.00011507700000000001	0.000828554	0.0	0.0	0.0	0.00011507700000000001	0.000345231	0.000345231	6.90462e-05	4.60308e-05	2.30154e-05	2.30154e-05	0.000230198	0.0	0.0	0.0	6.91122e-05	0.000322584	0.00101403	0.0	0.0	0.0	0.0	0.0	0.0	0.0	0.0025395500000000002	0.0	6.92972e-05	0.0	0.0	0.00039301099999999997	0.0	0.0	0.007913499999999999	0.0	0.0	0.0	0.0	0.0	6.957030000000001e-05	0.0	0.000185689	0.0	0.0	0.0	0.0	0.0	0.0	0.0	0.0	0.0	0.0	0.0	0.0	0.0	0.000164263	0.0	0.0	0.0	0.0	0.0	0.0	0.0	0.0	0.0	0.0	0.0	0.0	0.0	0.0	0.000120689	0.0	0.00589591	0.000462246	0.0	0.000244652	0.0	0.0	0.0	0.0	0.0	0.0	0.0	0.0	0.0	0.0	0.0	0.0	0.0	0.0	0.0	0.0	0.0	0.0	0.0	0.0	0.0	0.0	2.6614599999999998e-05	0.0	5.3705800000000003e-05	0.0	0.0	0.0	0.0	0.0	0.0	0.0	0.0	0.0	0.0	0.0	0.0	0.0	0.0	0.0	0.0	0.0	0.0	0.0	0.0	0.0	0.0	0.0	0.0	0.0	0.0	0.0
AeC01036_CKDL210012719-1a-AK5577-AK7557_HF5TCDSX2_L1_clmp_r1r2_fastp	0.00673761	0.024887899999999998	8.25014e-05	0.00126502	0.0	0.0	0.0	0.0	0.0	0.0	0.0	8.25014e-05	0.0	0.0	0.0	0.00255754	0.000110002	0.0	0.0	0.0	0.0	8.25014e-05	0.000495008	0.0	0.0	0.0	5.50009e-05	0.00016500300000000002	0.000385006	0.000302505	2.75005e-05	0.0	2.75005e-05	0.000357589	2.75133e-05	8.255980000000001e-05	8.25805e-05	0.0	0.000220327	0.000550963	0.0	0.0	0.0	0.0	0.0	0.0	0.0	0.00265104	0.0	2.7635000000000002e-05	0.0	0.0	0.0006363720000000001	0.0	0.0	0.00711952	0.0	0.0	0.0	0.0	0.0	0.0	0.0	0.000166898	0.0	0.0	0.0	2.7891e-05	0.0	0.0	0.0	0.0	0.0	0.0	0.0	0.0	0.0	0.000253794	0.0	0.0	0.0	0.0	0.0	0.0	0.0	0.0	0.0	0.0	0.0	0.0	0.0	0.0	8.749949999999999e-05	0.0	0.00633809	0.00029435599999999996	0.0	0.000296287	0.0	0.0	0.0	0.0	0.0	0.0	0.0	0.0	0.0	0.0	0.0	0.0	0.0	0.0	0.0	0.0	0.0	0.0	0.0	0.0	0.0	3.23811e-05	3.2537000000000004e-05	0.0	6.57165e-05	0.0	0.0	0.0	0.0	0.0	0.0	0.0	0.0	0.0	0.0	0.0	0.0	0.0	0.0	0.0	0.0	0.0	0.0	0.0	0.0	0.0	0.0	0.0	0.0	0.0	0.0	0.0
AeC01037_CKDL210012719-1a-5UDI301-GC06_HF5TCDSX2_L1_clmp_r1r2_fastp	0.00701951	0.026585900000000003	0.00012609900000000001	0.000882692	0.0	0.0	0.0	0.0	0.0	0.0	0.0	8.40659e-05	0.0	0.0	0.0	0.00212266	8.40659e-05	0.0	0.0	0.0	0.0	2.10165e-05	0.0007986260000000001	0.0	0.0	0.0	6.30494e-05	0.000336264	0.000315247	0.000189148	2.10165e-05	4.2033e-05	0.0	0.00027327	0.0	4.20591e-05	8.41369e-05	2.1039e-05	0.00029460799999999997	0.00105242	0.0	0.0	0.0	0.0	0.0	0.0	0.0	0.0024890100000000003	0.0	8.44242e-05	0.0	0.0	0.00025352100000000004	0.0	0.0	0.00740253	0.0	0.0	0.0	0.0	0.0	6.36101e-05	0.0	0.000233475	0.0	0.0	0.0	0.0	0.0	0.0	0.0	0.0	0.0	0.0	0.0	0.0	0.0	0.000300743	0.0	0.0	0.0	0.0	0.0	0.0	0.0	0.0	0.0	0.0	0.0	0.0	0.0	0.0	8.85206e-05	0.0	0.00578528	0.000468597	0.0	0.000336657	0.0	0.0	0.0	0.0	0.0	0.0	0.0	0.0	0.0	0.0	0.0	0.0	0.0	0.0	0.0	0.0	0.0	0.0	0.0	0.0	0.0	0.0	2.4438400000000003e-05	0.0	0.000197282	0.0	0.0	0.0	0.0	0.0	0.0	0.0	0.0	0.0	0.0	0.0	0.0	0.0	0.0	0.0	0.0	0.0	0.0	0.0	0.0	0.0	0.0	0.0	0.0	0.0	0.0	0.0
AeC01038_CKDL210012719-1a-AK7758-GC06_HF5TCDSX2_L1_clmp_r1r2_fastp	0.0066539599999999996	0.027462	0.00038462200000000005	0.00107694	0.0	0.0	0.0	0.0	0.0	0.0	0.0	3.84622e-05	0.0	0.0	0.0	0.00234619	0.0	0.0	0.0	0.0	0.0	3.84622e-05	0.000500008	0.0	0.0	0.0	7.69243e-05	0.00015384899999999998	0.00042308399999999995	7.69243e-05	7.69243e-05	0.0	0.0	0.000307748	3.84746e-05	0.0	0.0	7.69896e-05	0.000385015	0.0007701629999999999	0.0	0.0	0.0	0.0	0.0	0.0	0.0	0.00285461	0.0	7.71923e-05	0.0	0.0	0.000386295	0.0	0.0	0.00750154	0.0	0.0	0.0	0.0	0.0	3.8763399999999995e-05	0.0	0.000271618	0.0	0.0	0.0	0.0	0.0	0.0	3.89905e-05	0.0	0.0	0.0	0.0	0.0	0.0	0.000275247	0.0	0.0	0.0	3.9601099999999996e-05	0.0	0.0	0.0	0.0	0.0	0.0	0.0	0.0	0.0	0.0	0.000163019	0.0	0.00652291	0.000699821	0.0	0.00033168799999999996	0.0	0.0	0.0	0.0	0.0	0.0	0.0	0.0	0.0	0.0	0.0	0.0	0.0	0.0	0.0	0.0	0.0	0.0	0.0	0.0	0.0	0.0	0.000138176	0.0	0.00027945	0.0	0.0	0.0	0.0	0.0	0.0	0.0	0.0	0.0	0.0	0.0	0.0	0.0	0.0	0.0	0.0	0.0	0.0	0.0	0.0	0.0	0.0	0.0	0.0	5.54847e-05	0.0	0.0
AeC01039_CKDL210012719-1a-AK7078-GC06_HF5TCDSX2_L1_clmp_r1r2_fastp	0.008108540000000001	0.0263791	7.89793e-05	0.0010004	0.0	0.0	0.0	0.0	0.0	0.0	0.0	0.00018428500000000002	0.0	0.0	0.0	0.00236938	5.26529e-05	0.0	0.0	0.0	0.0	0.00010530600000000001	0.000658161	0.0	0.0	0.0	0.0	0.00021061200000000002	0.000263264	0.00031591700000000003	2.63264e-05	0.0	0.0	0.000342309	2.6336499999999998e-05	5.2683600000000005e-05	0.000105388	0.0	0.000263571	0.00105449	0.0	0.0	0.0	0.0	0.0	0.0	0.0	0.0032746600000000004	0.0	5.28447e-05	0.0	0.0	0.0005553299999999999	0.0	0.0	0.00788807	0.0	0.0	0.0	0.0	0.0	5.306769999999999e-05	0.0	0.000132802	0.0	0.0	0.0	0.0	0.0	0.0	0.0	0.0	0.0	0.0	0.0	0.0	0.0	0.00043065500000000006	0.0	0.0	0.0	0.0	0.0	0.0	0.0	0.0	0.0	0.0	0.0	0.0	0.0	0.0	0.000111764	0.0	0.006893310000000001	0.000621235	0.0	0.00025609	0.0	0.0	0.0	0.0	0.0	0.0	0.0	0.0	0.0	0.0	0.0	0.0	0.0	0.0	0.0	0.0	0.0	0.0	0.0	0.0	0.0	0.0	3.18429e-05	0.0	0.000161147	0.0	0.0	0.0	0.0	0.0	0.0	0.0	0.0	0.0	0.0	0.0	0.0	0.0	0.0	0.0	0.0	0.0	0.0	0.0	0.0	0.0	0.0	0.0	0.0	0.0	0.0	0.0
AeC01040_CKDL210012719-1a-AK9143-GC06_HF5TCDSX2_L1_clmp_r1r2_fastp	0.00790463	0.0231869	6.58719e-05	0.000724591	0.0	0.0	0.0	0.0	0.0	0.0	0.0	3.2936e-05	0.0	0.0	0.0	0.0023055199999999997	3.2936e-05	0.0	0.0	0.0	0.0	3.2936e-05	0.000362295	0.0	0.0	0.0	3.2936e-05	0.00016468	0.00032936	0.00032936	3.2936e-05	3.2936e-05	0.0	0.000428251	3.2948400000000005e-05	0.000131819	0.000164807	0.0	0.000296773	0.000725588	0.0	0.0	0.0	0.0	0.0	0.0	0.0	0.00247781	0.0	0.0	0.0	0.0	0.0007277539999999999	0.0	0.0	0.00682073	0.0	0.0	0.0	0.0	0.0	0.0	0.0	0.000166066	0.0	0.0	0.0	0.0	0.0	0.0	0.0	0.0	0.0	0.0	0.0	0.0	0.0	0.00040328499999999997	0.0	0.0	0.0	0.0	0.0	0.0	0.0	0.0	0.0	0.0	0.0	0.0	0.0	0.0	6.94096e-05	0.0	0.00600484	0.0005603	0.0	0.00021148200000000003	0.0	0.0	0.0	0.0	0.0	0.0	0.0	0.0	0.0	0.0	0.0	0.0	0.0	0.0	0.0	0.0	0.0	0.0	0.0	0.0	0.0	0.0	0.0	0.0	3.9165599999999996e-05	0.0	0.0	0.0	0.0	0.0	0.0	0.0	0.0	0.0	0.0	0.0	0.0	0.0	0.0	0.0	0.0	0.0	0.0	0.0	0.0	0.0	0.0	0.0	0.0	0.0	0.0	0.0
AeC01041_CKDL210012719-1a-5UDI225-GC06_HF5TCDSX2_L1_clmp_r1r2_fastp	0.00661778	0.022689499999999998	0.000140059	0.0008053380000000001	0.0	0.0	0.0	0.0	0.0	0.0	0.0	0.00010504399999999999	0.0	0.0	0.0	0.00203085	0.00021008799999999998	0.0	0.0	0.0	0.0	0.00010504399999999999	0.00038516200000000004	0.0	0.0	0.0	0.00010504399999999999	0.000140059	0.000455191	0.000315132	7.00294e-05	0.0	0.0	0.00038523999999999996	3.50289e-05	0.0	0.000140171	0.0	0.000560915	0.000596113	0.0	0.0	0.0	0.0	0.0	0.0	0.0	0.00238881	0.0	0.0	0.0	0.0	0.00035177799999999996	0.0	0.0	0.00676033	0.0	0.0	0.0	0.0	0.0	0.0	0.0	7.06407e-05	0.0	0.0	0.0	0.0	0.0	0.0	0.0	0.0	0.0	0.0	0.0	0.0	0.0	0.00028553599999999997	0.0	0.0	0.0	0.0	0.0	0.0	0.0	0.0	0.0	0.0	0.0	0.0	0.0	0.0	0.0	0.0	0.00604015	0.00033230499999999997	0.0	7.4229e-05	0.0	0.0	0.0	0.0	0.0	0.0	0.0	0.0	0.0	0.0	0.0	0.0	0.0	0.0	0.0	0.0	0.0	0.0	0.0	0.0	0.0	3.99341e-05	4.0093e-05	0.0	0.00012126799999999999	0.0	0.0	0.0	0.0	0.0	0.0	0.0	0.0	0.0	0.0	0.0	0.0	0.0	0.0	0.0	0.0	0.0	0.0	0.0	0.0	0.0	0.0	0.0	0.0	0.0	0.0	0.0
AeC01042_CKDL210012719-1a-AK9144-GC06_HF5TCDSX2_L1_clmp_r1r2_fastp	0.00717222	0.0264292	3.27499e-05	0.0010479999999999999	0.0	0.0	0.0	0.0	0.0	0.0	0.0	3.27499e-05	0.0	0.0	0.0	0.0016374900000000001	9.82496e-05	0.0	0.0	0.0	0.0	3.27499e-05	0.000556748	0.0	0.0	0.0	3.27499e-05	0.00013099999999999999	0.000392999	0.00029474899999999997	3.27499e-05	3.27499e-05	0.0	0.000294827	0.0	6.55483e-05	9.83461e-05	0.0	0.0004919519999999999	0.000590484	0.0	0.0	0.0	0.0	0.0	0.0	0.0	0.00266192	0.0	0.0	0.0	0.0	0.00036190699999999996	0.0	0.0	0.007506720000000001	0.0	0.0	0.0	0.0	0.0	0.0	0.0	0.000264001	0.0	0.0	0.0	0.0	0.0	0.0	0.0	0.0	0.0	0.0	0.0	0.0	0.0	0.00033211	0.0	0.0	0.0	3.33072e-05	0.0	0.0	0.0	0.0	0.0	0.0	0.0	0.0	0.0	0.0	0.000134833	0.0	0.00490143	0.000575502	0.0	0.00016978099999999998	0.0	0.0	0.0	0.0	0.0	0.0	0.0	0.0	0.0	0.0	0.0	0.0	0.0	0.0	0.0	0.0	0.0	0.0	0.0	0.0	0.0	0.0	3.56282e-05	0.0	0.000143289	0.0	0.0	0.0	0.0	0.0	0.0	0.0	0.0	0.0	0.0	0.0	0.0	0.0	0.0	0.0	0.0	0.0	0.0	0.0	0.0	0.0	0.0	0.0	0.0	0.0	0.0	0.0
AeC01043_CKDL210012719-1a-AK3911-GC06_HF5TCDSX2_L1_clmp_r1r2_fastp	0.00776211	0.0241053	0.000142424	0.000961362	0.0	0.0	0.0	0.0	0.0	0.0	0.0	0.000106818	0.0	0.0	0.0	0.00195833	7.1212e-05	0.0	0.0	0.0	0.0	3.5606e-05	0.000783332	0.0	0.0	0.0	3.5606e-05	0.000213636	0.000249242	0.00017803	3.5606e-05	0.0	0.0	0.00032053699999999997	0.0	3.56332e-05	0.0	0.0	0.000142636	0.000642009	0.0	0.0	0.0	0.0	0.0	0.0	0.0	0.00264407	0.0	3.57459e-05	0.0	0.0	0.000357684	0.0	0.0	0.00769603	0.0	0.0	0.0	0.0	0.0	3.58545e-05	0.0	0.000251132	0.0	0.0	0.0	0.0	0.0	0.0	0.0	0.0	0.0	0.0	0.0	0.0	0.0	0.000325051	0.0	0.0	0.0	0.0	0.0	0.0	0.0	0.0	0.0	0.0	0.0	0.0	0.0	0.0	7.33464e-05	0.0	0.00540596	0.000405115	0.0	0.000258603	0.0	0.0	0.0	0.0	0.0	0.0	0.0	0.0	0.0	0.0	0.0	0.0	0.0	0.0	0.0	0.0	0.0	0.0	0.0	0.0	0.0	0.0	7.73712e-05	0.0	0.000155519	0.0	0.0	0.0	0.0	0.0	0.0	0.0	0.0	0.0	0.0	0.0	0.0	0.0	0.0	0.0	0.0	0.0	0.0	0.0	0.0	0.0	0.0	0.0	0.0	0.0	0.0	0.0
AeC01044_CKDL210012719-1a-5UDI245-GC06_HF5TCDSX2_L1_clmp_r1r2_fastp	0.00615179	0.0231437	0.000162602	0.0007859109999999999	0.0	0.0	0.0	0.0	0.0	0.0	0.0	2.71004e-05	0.0	0.0	0.0	0.00132792	2.71004e-05	0.0	0.0	0.0	0.0	8.13012e-05	0.00024390299999999999	0.0	0.0	2.71004e-05	0.0	0.000189703	0.000189703	0.00027100400000000004	5.42008e-05	2.71004e-05	0.0	0.00032528	2.71127e-05	5.4237400000000004e-05	0.00013562400000000001	2.71308e-05	0.00032564	0.000732849	0.0	0.0	0.0	0.0	0.0	0.0	0.0	0.0022022400000000003	0.0	0.0	0.0	0.0	0.00046270199999999995	0.0	0.0	0.00719074	0.0	0.0	0.0	0.0	0.0	0.0	0.0	0.000245723	0.0	0.0	0.0	0.0	0.0	0.0	2.73791e-05	0.0	0.0	2.74208e-05	0.0	0.0	0.0	0.00038490400000000004	0.0	0.0	0.0	0.0	0.0	0.0	0.0	0.0	0.0	0.0	0.0	0.0	0.0	0.0	2.79395e-05	0.0	0.00490372	0.000308698	0.0	0.00014076600000000001	0.0	0.0	0.0	0.0	0.0	0.0	0.0	0.0	0.0	0.0	0.0	0.0	0.0	0.0	0.0	0.0	0.0	0.0	0.0	0.0	0.0	0.0	0.0	0.0	8.9126e-05	0.0	0.0	0.0	0.0	0.0	0.0	0.0	0.0	0.0	0.0	0.0	0.0	0.0	0.0	0.0	0.0	0.0	0.0	0.0	0.0	0.0	0.0	0.0	0.0	3.26352e-05	0.0	0.0
AeC01045_CKDL210012719-1a-AK8593-GC06_HF5TCDSX2_L1_clmp_r1r2_fastp	0.00690998	0.023549399999999998	0.00018488199999999998	0.000808861	0.0	0.0	0.0	0.0	0.0	0.0	0.0	2.31103e-05	0.0	0.0	0.0	0.00207993	6.93309e-05	0.0	0.0	0.0	0.0	2.31103e-05	0.000485316	0.0	0.0	0.0	2.31103e-05	9.24412e-05	0.00025421300000000004	0.000161772	2.31103e-05	4.62206e-05	0.0	0.000300491	0.0	2.31232e-05	0.0	0.0	0.000300765	0.000462802	0.0	0.0	0.0	0.0	0.0	0.0	0.0	0.00280418	0.0	2.31847e-05	0.0	0.0	0.00032479899999999996	0.0	0.0	0.007127530000000001	0.0	0.0	0.0	0.0	0.0	0.0	0.0	0.00023271999999999998	0.0	0.0	0.0	0.0	0.0	0.0	2.33441e-05	0.0	0.0	0.0	0.0	0.0	0.0	0.00016423	0.0	0.0	0.0	0.0	0.0	0.0	0.0	0.0	0.0	0.0	0.0	0.0	0.0	0.0	9.583499999999999e-05	0.0	0.00584461	0.000530228	0.0	0.00021783399999999997	0.0	0.0	0.0	0.0	0.0	0.0	0.0	0.0	0.0	0.0	0.0	0.0	0.0	0.0	0.0	0.0	0.0	0.0	0.0	0.0	0.0	0.0	0.0	0.0	0.00020777699999999997	0.0	0.0	0.0	0.0	0.0	0.0	0.0	0.0	0.0	0.0	0.0	0.0	0.0	0.0	0.0	0.0	0.0	0.0	0.0	0.0	0.0	0.0	0.0	0.0	0.0	0.0	0.0
AeC01046_CKDL210012719-1a-5UDI294-AK8488_HF5TCDSX2_L1_clmp_r1r2_fastp	0.00719597	0.025497699999999998	0.000119933	0.000935477	0.0	0.0	0.0	0.0	0.0	0.0	0.0	7.19597e-05	0.0	0.0	0.0	0.00223075	7.19597e-05	0.0	0.0	0.0	0.0	4.79732e-05	0.000623651	0.0	0.0	0.0	4.79732e-05	0.000119933	0.000215879	0.000239866	2.39866e-05	0.0	0.0	0.000335881	0.0	4.8001800000000005e-05	7.20184e-05	2.4011e-05	0.000288195	0.00057651	0.0	0.0	0.0	0.0	0.0	0.0	0.0	0.00235899	0.0	4.817219999999999e-05	0.0	0.0	0.000530454	0.0	0.0	0.0073866	0.0	0.0	0.0	0.0	0.0	7.26206e-05	0.0	9.693660000000001e-05	0.0	0.0	0.0	0.0	0.0	0.0	4.87233e-05	0.0	0.0	0.0	0.0	0.0	0.0	0.00019655	0.0	0.0	0.0	0.0	0.0	0.0	0.0	0.0	0.0	0.0	0.0	0.0	0.0	0.0	0.000127208	0.0	0.00522299	0.000565105	0.0	0.000206874	0.0	0.0	0.0	0.0	0.0	0.0	0.0	0.0	0.0	0.0	0.0	0.0	0.0	0.0	0.0	0.0	0.0	0.0	0.0	0.0	0.0	0.0	0.0	0.0	0.000115165	0.0	0.0	0.0	0.0	0.0	0.0	0.0	0.0	0.0	0.0	0.0	0.0	0.0	0.0	0.0	0.0	0.0	0.0	0.0	0.0	0.0	0.0	0.0	0.0	3.39952e-05	0.0	0.0
AeC01047_CKDL210012719-1a-AK9146-AK8488_HF5TCDSX2_L1_clmp_r1r2_fastp	0.0072977400000000005	0.025947500000000002	0.000153406	0.00085469	0.0	0.0	0.0	0.0	0.0	0.0	0.0	8.76605e-05	0.0	0.0	0.0	0.00267365	0.000153406	0.0	0.0	0.0	0.0	0.000131491	0.00048213300000000004	0.0	0.0	2.19151e-05	4.38302e-05	0.00024106599999999999	0.000328727	0.000350642	0.0	2.19151e-05	0.0	0.000504158	0.0	0.0	6.58025e-05	6.5816e-05	0.000329157	0.000680415	0.0	0.0	0.0	0.0	0.0	0.0	0.0	0.00252912	0.0	4.40103e-05	0.0	0.0	0.000572659	0.0	0.0	0.00826837	0.0	0.0	0.0	0.0	0.0	4.42109e-05	0.0	8.85145e-05	0.0	0.0	0.0	0.0	0.0	0.0	2.224e-05	0.0	0.0	0.0	0.0	0.0	0.0	0.00020182	0.0	0.0	0.0	4.51552e-05	0.0	0.0	0.0	0.0	0.0	0.0	0.0	0.0	0.0	0.0	0.00011600600000000001	0.0	0.00707325	0.000515184	0.0	0.000212161	0.0	0.0	0.0	0.0	0.0	0.0	0.0	0.0	0.0	0.0	0.0	0.0	0.0	0.0	0.0	0.0	0.0	0.0	0.0	0.0	0.0	0.0	0.0	0.0	7.880780000000001e-05	0.0	0.0	0.0	0.0	0.0	0.0	0.0	0.0	0.0	0.0	0.0	0.0	0.0	0.0	0.0	0.0	0.0	0.0	0.0	0.0	0.0	0.0	0.0	0.0	0.0	0.0	0.0
AeC01048_CKDL210012719-1a-AK5577-AK8488_HF5TCDSX2_L1_clmp_r1r2_fastp	0.00721139	0.0252792	5.24465e-05	0.00089159	0.0	0.0	0.0	0.0	0.0	0.0	0.0	7.866970000000001e-05	0.0	0.0	0.0	0.0022289700000000003	0.000104893	0.0	0.0	0.0	0.0	7.866970000000001e-05	0.00047201799999999994	0.0	0.0	0.0	2.62232e-05	0.000104893	0.000209786	0.00023600899999999997	5.24465e-05	0.0	0.0	0.000288499	0.0	7.87097e-05	0.0	0.0	0.000288756	0.000813913	0.0	0.0	0.0	0.0	0.0	0.0	0.0	0.00220944	0.0	0.0	0.0	0.0	0.000368766	0.0	0.0	0.0074886	0.0	0.0	0.0	0.0	0.0	0.0	0.0	0.00021171200000000002	0.0	0.0	0.0	0.0	0.0	0.0	2.65948e-05	0.0	0.0	0.0	0.0	0.0	0.0	0.000241348	0.0	0.0	0.0	0.0	0.0	0.0	0.0	0.0	0.0	0.0	0.0	0.0	0.0	0.0	0.000222073	0.0	0.0070671200000000005	0.000672584	0.0	0.00019750600000000002	0.0	0.0	0.0	0.0	0.0	0.0	0.0	0.0	0.0	0.0	0.0	0.0	0.0	0.0	0.0	0.0	0.0	0.0	0.0	0.0	0.0	0.0	6.23965e-05	0.0	0.000220744	0.0	0.0	0.0	0.0	0.0	0.0	0.0	0.0	0.0	0.0	0.0	0.0	0.0	0.0	0.0	0.0	0.0	0.0	0.0	0.0	0.0	0.0	0.0	0.0	3.77654e-05	0.0	0.0
AeC01049_CKDL210012719-1a-5UDI301-AK4236_HF5TCDSX2_L1_clmp_r1r2_fastp	0.0073446	0.0254225	0.000149281	0.0007762590000000001	0.0	0.0	0.0	0.0	0.0	0.0	0.0	2.9856100000000004e-05	0.0	0.0	0.0	0.00200036	8.95683e-05	0.0	0.0	0.0	0.0	5.971220000000001e-05	0.00040305800000000003	0.0	0.0	0.0	2.9856100000000004e-05	0.000208993	0.000283633	0.000208993	4.4784200000000004e-05	0.0	0.0	0.000313538	0.0	2.98704e-05	5.97519e-05	0.0	0.000313817	0.0008669090000000001	0.0	0.0	0.0	0.0	0.0	0.0	0.0	0.0028005400000000002	0.0	0.0	0.0	0.0	0.00038999900000000003	0.0	0.0	0.0075232400000000005	0.0	0.0	0.0	0.0	0.0	1.50563e-05	0.0	0.00021101100000000002	0.0	0.0	0.0	0.0	0.0	0.0	3.02992e-05	0.0	0.0	0.0	0.0	0.0	0.0	0.000305552	0.0	0.0	0.0	0.0	0.0	0.0	0.0	0.0	0.0	0.0	0.0	0.0	0.0	0.0	6.32493e-05	0.0	0.00609409	0.00043099299999999996	0.0	0.000208905	0.0	0.0	0.0	0.0	0.0	0.0	0.0	0.0	0.0	0.0	0.0	1.68348e-05	0.0	0.0	0.0	0.0	0.0	0.0	0.0	0.0	0.0	1.76372e-05	0.0	0.0	0.00012538	0.0	0.0	0.0	0.0	0.0	0.0	0.0	0.0	0.0	0.0	0.0	0.0	0.0	0.0	0.0	0.0	0.0	0.0	0.0	0.0	0.0	0.0	0.0	0.0	0.0	0.0	0.0
AeC01050_CKDL210012719-1a-AK7758-AK4236_HF5TCDSX2_L1_clmp_r1r2_fastp	0.00784549	0.025634399999999998	0.00019668399999999998	0.00120196	0.0	0.0	0.0	0.0	0.0	0.0	0.0	0.00015297599999999998	0.0	0.0	0.0	0.0026443	0.00010926900000000001	0.0	0.0	0.0	0.0	0.00010926900000000001	0.000458928	0.0	0.0	0.0	6.55612e-05	0.00032780600000000004	0.00034966	0.00021853699999999998	6.55612e-05	6.55612e-05	2.18537e-05	0.000459	0.0	2.18638e-05	2.18675e-05	0.0	0.00032813199999999997	0.00122525	0.0	0.0	0.0	2.18985e-05	0.0	0.0	0.0	0.0026089200000000002	0.0	2.19377e-05	0.0	0.0	0.000527066	0.0	0.0	0.00697015	0.0	0.0	0.0	0.0	0.0	2.20553e-05	0.0	0.000242915	0.0	0.0	0.0	0.0	0.0	0.0	0.0	0.0	0.0	0.0	0.0	0.0	0.0	0.000403957	0.0	0.0	0.0	0.0	0.0	0.0	0.0	0.0	0.0	0.0	0.0	0.0	0.0	0.0	0.000117035	0.0	0.006627490000000001	0.000449893	0.0	0.000143258	0.0	0.0	0.0	0.0	0.0	0.0	0.0	0.0	0.0	0.0	0.0	0.0	0.0	0.0	0.0	0.0	0.0	0.0	0.0	0.0	0.0	0.0	5.3832199999999996e-05	0.0	0.00019081500000000002	0.0	0.0	0.0	0.0	0.0	0.0	0.0	0.0	0.0	0.0	0.0	0.0	0.0	0.0	0.0	0.0	0.0	0.0	0.0	0.0	0.0	0.0	0.0	0.0	3.3596699999999996e-05	0.0	0.0
AeC01051_CKDL210012719-1a-AK7078-AK4236_HF5TCDSX2_L1_clmp_r1r2_fastp	0.00752835	0.0253319	0.000178035	0.0009664770000000001	0.0	0.0	0.0	0.0	0.0	0.0	0.0	7.63008e-05	0.0	0.0	0.0	0.00228902	5.08672e-05	0.0	0.0	0.0	0.0	5.08672e-05	0.00043237099999999997	0.0	0.0	0.0	5.08672e-05	0.00012716799999999999	0.000178035	0.000178035	2.54336e-05	0.0	0.0	0.00010175100000000001	0.0	2.5445600000000002e-05	0.0	0.0	0.00025457999999999996	0.0008657329999999999	0.0	0.0	0.0	0.0	0.0	0.0	0.0	0.0021677800000000002	0.0	0.0	0.0	0.0	0.000306411	0.0	0.0	0.006644679999999999	0.0	0.0	0.0	0.0	0.0	0.0	0.0	0.000205062	0.0	0.0	0.0	0.0	0.0	0.0	2.5738e-05	0.0	0.0	0.0	0.0	0.0	0.0	0.000285104	0.0	0.0	0.0	5.21404e-05	0.0	0.0	0.0	0.0	0.0	0.0	0.0	0.0	0.0	0.0	0.000186785	0.0	0.00670701	0.00045734199999999996	0.0	0.000216474	0.0	0.0	0.0	0.0	0.0	0.0	0.0	0.0	0.0	0.0	0.0	2.81716e-05	0.0	0.0	0.0	0.0	0.0	0.0	0.0	2.90925e-05	0.0	0.0	0.0	0.0	2.97498e-05	0.0	0.0	0.0	0.0	0.0	0.0	0.0	0.0	0.0	0.0	0.0	0.0	0.0	0.0	0.0	0.0	0.0	0.0	0.0	0.0	0.0	0.0	0.0	0.0	3.4694000000000004e-05	0.0	0.0
AeC01052_CKDL210012719-1a-AK9143-AK4236_HF5TCDSX2_L1_clmp_r1r2_fastp	0.00750607	0.0262315	0.000178716	0.000714864	0.0	0.0	0.0	0.0	0.0	0.0	0.0	9.928669999999999e-05	0.0	0.0	0.0	0.00246231	0.000178716	0.0	0.0	0.0	0.0	3.97147e-05	0.000456719	0.0	0.0	0.0	5.9572e-05	0.000258145	0.00031771699999999997	0.00027800300000000003	3.97147e-05	1.9857299999999997e-05	0.0	0.000397214	0.0	0.0	0.000139097	1.98746e-05	0.000377686	0.000994083	0.0	0.0	0.0	0.0	0.0	0.0	0.0	0.0027681299999999997	0.0	1.9924500000000002e-05	0.0	0.0	0.000518458	0.0	0.0	0.007424909999999999	0.0	0.0	0.0	0.0	0.0	4.00093e-05	0.0	0.000200232	0.0	0.0	0.0	0.0	0.0	0.0	2.01106e-05	0.0	0.0	0.0	0.0	0.0	0.0	0.00030396199999999996	0.0	0.0	0.0	0.0	0.0	0.0	0.0	0.0	0.0	0.0	0.0	0.0	0.0	0.0	0.00012558600000000001	0.0	0.00703338	0.000570346	0.0	0.000148842	0.0	0.0	0.0	0.0	0.0	0.0	0.0	0.0	0.0	0.0	0.0	0.0	0.0	0.0	0.0	0.0	0.0	0.0	0.0	2.30773e-05	0.0	2.3302500000000003e-05	2.34203e-05	0.0	2.366e-05	0.0	0.0	0.0	0.0	0.0	0.0	0.0	0.0	0.0	0.0	0.0	0.0	0.0	0.0	0.0	0.0	0.0	0.0	0.0	0.0	0.0	0.0	0.0	0.0	0.0	0.0	0.0
AeC01053_CKDL210012719-1a-5UDI225-AK4236_HF5TCDSX2_L1_clmp_r1r2_fastp	0.00793753	0.024626699999999998	6.78421e-05	0.000814106	0.0	0.0	0.0	0.0	0.0	0.0	0.0	3.39211e-05	0.0	0.0	0.0	0.0021370300000000003	6.78421e-05	0.0	0.0	0.0	0.0	6.78421e-05	0.000339211	0.0	0.0	0.0	0.000101763	0.000101763	0.00023744800000000002	0.000101763	0.0	0.0	0.0	0.000271419	0.0	0.0	3.39457e-05	0.0	0.00040749	0.000679268	0.0	0.0	0.0	0.0	0.0	0.0	0.0	0.002823	0.0	3.40255e-05	0.0	0.0	0.0005106900000000001	0.0	0.0	0.006950210000000001	0.0	0.0	0.0	0.0	0.0	3.41263e-05	0.0	6.82967e-05	0.0	0.0	0.0	0.0	0.0	0.0	0.0	0.0	0.0	0.0	0.0	0.0	0.0	0.000309833	0.0	0.0	0.0	0.0	0.0	0.0	0.0	0.0	0.0	0.0	0.0	0.0	0.0	0.0	0.0	0.0	0.00660153	0.000283007	0.0	0.00014211100000000002	0.0	0.0	0.0	0.0	0.0	0.0	0.0	0.0	0.0	0.0	0.0	0.0	0.0	0.0	0.0	0.0	0.0	0.0	0.0	0.0	0.0	0.0	0.0	0.0	7.64822e-05	0.0	0.0	0.0	0.0	0.0	0.0	0.0	0.0	0.0	0.0	0.0	0.0	0.0	0.0	0.0	0.0	0.0	0.0	0.0	0.0	0.0	0.0	0.0	0.0	4.32447e-05	0.0	0.0
AeC01054_CKDL210012719-1a-AK9144-AK4236_HF5TCDSX2_L1_clmp_r1r2_fastp	0.00853865	0.024516700000000002	0.000153389	0.00115042	0.0	0.0	0.0	0.0	0.0	0.0	0.0	0.00010225899999999998	0.0	0.0	0.0	0.00194293	5.11296e-05	0.0	0.0	0.0	0.0	0.00010225899999999998	0.0005368609999999999	0.0	0.0	0.0	5.11296e-05	0.000178954	0.00033234299999999997	0.000230083	2.55648e-05	0.0	0.0	0.000281278	0.0	2.5582200000000004e-05	2.55879e-05	0.0	0.00035839300000000004	0.0008449690000000001	0.0	0.0	0.0	0.0	0.0	0.0	0.0	0.00305236	0.0	0.0	0.0	0.0	0.00043658699999999995	0.0	0.0	0.007067920000000001	0.0	0.0	0.0	0.0	0.0	2.5749499999999998e-05	0.0	0.00020613500000000003	0.0	0.0	0.0	0.0	0.0	0.0	5.1690299999999995e-05	0.0	0.0	0.0	0.0	0.0	0.0	0.000233673	0.0	0.0	0.0	0.0	0.0	0.0	0.0	0.0	0.0	0.0	0.0	0.0	0.0	0.0	0.000105713	0.0	0.00609768	0.000345215	0.0	0.000186538	0.0	0.0	0.0	0.0	0.0	0.0	0.0	0.0	0.0	0.0	0.0	0.0	0.0	0.0	0.0	0.0	0.0	0.0	0.0	0.0	0.0	2.79785e-05	0.0	0.0	0.000141065	0.0	0.0	0.0	0.0	0.0	0.0	0.0	0.0	0.0	0.0	0.0	0.0	0.0	0.0	0.0	0.0	0.0	0.0	0.0	0.0	0.0	0.0	0.0	0.0	3.10865e-05	0.0	0.0
AeC01055_CKDL210012719-1a-AK3911-AK4236_HF5TCDSX2_L1_clmp_r1r2_fastp	0.00760552	0.0255822	0.00021042900000000001	0.000811656	0.0	0.0	0.0	0.0	0.0	0.0	0.0	6.01227e-05	0.0	0.0	0.0	0.0016834299999999999	6.01227e-05	0.0	0.0	0.0	0.0	6.01227e-05	0.000330675	0.0	0.0	0.0	0.0	0.000120245	0.000120245	0.00024049099999999998	3.0061300000000003e-05	0.0	0.0	0.00027060999999999996	0.0	0.0	6.0170900000000004e-05	0.0	0.000300967	0.000752557	0.0	0.0	0.0	0.0	0.0	0.0	0.0	0.00201993	0.0	3.0159900000000002e-05	0.0	0.0	0.000422507	0.0	0.0	0.0074893699999999995	0.0	0.0	0.0	0.0	0.0	0.0	0.0	0.000151326	0.0	0.0	0.0	0.0	0.0	0.0	0.0	0.0	0.0	0.0	0.0	0.0	0.0	0.000182788	0.0	0.0	0.0	0.0	0.0	0.0	0.0	0.0	0.0	0.0	0.0	0.0	0.0	0.0	9.28241e-05	0.0	0.00539873	0.0006214609999999999	0.0	0.00021818999999999997	0.0	0.0	0.0	0.0	0.0	0.0	0.0	0.0	0.0	0.0	0.0	0.0	0.0	0.0	0.0	0.0	0.0	0.0	0.0	0.0	0.0	3.2569e-05	3.26492e-05	0.0	0.00013125299999999998	0.0	0.0	0.0	0.0	0.0	0.0	0.0	0.0	0.0	0.0	0.0	0.0	0.0	0.0	0.0	0.0	0.0	0.0	0.0	0.0	0.0	0.0	0.0	0.0	0.0	0.0	0.0
AeC01056_CKDL210012719-1a-5UDI245-AK4236_HF5TCDSX2_L1_clmp_r1r2_fastp	0.00709073	0.024694400000000002	0.000164264	0.00123198	0.0	0.0	0.0	0.0	0.0	0.0	0.0	2.73774e-05	0.0	0.0	0.0	0.00172477	0.000191641	0.0	0.0	0.0	0.0	8.21321e-05	0.00038328300000000005	0.0	0.0	0.0	0.0	0.00021901899999999998	0.000273774	0.000164264	2.73774e-05	0.0	0.0	0.00010952600000000001	0.0	0.0	2.7394799999999997e-05	0.0	0.000164425	0.0008496819999999999	0.0	0.0	0.0	0.0	0.0	0.0	0.0	0.00208629	0.0	5.492759999999999e-05	0.0	0.0	0.000164905	0.0	0.0	0.00720668	0.0	0.0	0.0	0.0	0.0	2.7561999999999998e-05	0.0	0.00019308900000000002	0.0	0.0	0.0	0.0	0.0	0.0	0.0	0.0	0.0	0.0	0.0	0.0	0.0	0.00038997500000000003	0.0	0.0	0.0	0.0	0.0	0.0	0.0	0.0	0.0	0.0	0.0	0.0	0.0	0.0	0.00011429	0.0	0.00588426	0.000431623	0.0	0.00023135399999999997	0.0	0.0	0.0	0.0	0.0	0.0	0.0	0.0	0.0	0.0	0.0	0.0	0.0	0.0	0.0	0.0	0.0	0.0	0.0	0.0	0.0	0.0	3.11572e-05	0.0	0.00012562	0.0	0.0	0.0	0.0	0.0	0.0	0.0	0.0	0.0	0.0	0.0	0.0	0.0	0.0	0.0	0.0	0.0	0.0	0.0	0.0	0.0	0.0	0.0	0.0	0.0	0.0	0.0
AeC01057_CKDL210012719-1a-AK8593-AK4236_HF5TCDSX2_L1_clmp_r1r2_fastp	0.008003739999999999	0.0269192	0.000249252	0.000664671	0.0	0.0	0.0	0.0	0.0	0.0	0.0	0.000193862	0.0	0.0	0.0	0.00227096	0.0	0.0	0.0	0.0	0.0	8.30839e-05	0.000443114	0.0	0.0	0.0	8.30839e-05	0.00036003	0.000415419	0.000249252	8.30839e-05	0.0	0.0	0.00038778200000000004	2.7702599999999998e-05	2.77067e-05	2.7711199999999997e-05	0.0	0.000526681	0.00127532	0.0	0.0	0.0	0.0	0.0	0.0	0.0	0.0029986400000000003	0.0	0.0	2.77844e-05	0.0	0.00044478300000000003	0.0	0.0	0.00745656	0.0	0.0	0.0	0.0	0.0	2.78825e-05	0.0	0.000390699	0.0	0.0	0.0	0.0	0.0	0.0	0.0	0.0	0.0	0.0	0.0	0.0	0.0	0.000564557	0.0	0.0	0.0	0.0	0.0	0.0	0.0	0.0	0.0	0.0	0.0	0.0	0.0	0.0	0.000116426	0.0	0.006586400000000001	0.000322948	0.0	0.0002363	0.0	0.0	0.0	0.0	0.0	0.0	0.0	0.0	0.0	0.0	0.0	0.0	0.0	0.0	0.0	0.0	0.0	0.0	0.0	0.0	0.0	3.2201e-05	3.23544e-05	0.0	0.000130668	0.0	0.0	0.0	0.0	0.0	0.0	0.0	0.0	0.0	0.0	0.0	0.0	0.0	0.0	0.0	0.0	0.0	0.0	0.0	0.0	0.0	0.0	0.0	0.0	0.0	0.0	0.0
AeC01058_CKDL210012719-1a-5UDI294-GC06_HF5TCDSX2_L1_clmp_r1r2_fastp	0.00725277	0.0245568	0.000131868	0.00120147	0.0	0.0	0.0	0.0	0.0	0.0	0.0	0.000161173	0.0	0.0	0.0	0.00184616	8.79123e-05	0.0	0.0	0.0	0.0	4.39562e-05	0.000527474	0.0	0.0	0.0	4.39562e-05	0.00014652100000000002	0.000307693	7.32603e-05	2.93041e-05	0.0	1.46521e-05	0.000366374	0.0	1.46608e-05	0.0	0.0	0.000176038	0.000748317	0.0	0.0	0.0	0.0	0.0	0.0	0.0	0.00254339	0.0	1.4709999999999998e-05	0.0	0.0	0.00039754600000000003	0.0	0.0	0.00703044	0.0	0.0	0.0	0.0	0.0	1.4774800000000001e-05	0.0	0.00016267700000000001	0.0	0.0	0.0	0.0	0.0	0.0	0.0	0.0	0.0	0.0	0.0	0.0	0.0	0.000359076	0.0	0.0	0.0	0.0	0.0	0.0	0.0	0.0	0.0	0.0	0.0	0.0	0.0	0.0	0.000123211	0.0	0.0053568	0.000527815	0.0	0.000187349	0.0	0.0	0.0	0.0	0.0	0.0	0.0	0.0	0.0	0.0	0.0	0.0	1.6288399999999998e-05	0.0	0.0	0.0	0.0	0.0	0.0	0.0	0.0	1.68692e-05	1.69404e-05	0.0	8.54329e-05	0.0	0.0	0.0	0.0	0.0	0.0	0.0	0.0	0.0	0.0	0.0	0.0	0.0	0.0	0.0	0.0	0.0	0.0	0.0	0.0	0.0	0.0	0.0	0.0	3.94711e-05	0.0	0.0
AeC01059_CKDL210012719-1a-AK9146-GC06_HF5TCDSX2_L1_clmp_r1r2_fastp	0.006502010000000001	0.0240555	0.000117153	0.0008786499999999999	0.0	0.0	0.0	0.0	0.0	0.0	0.0	0.000156205	0.0	0.0	0.0	0.00255785	5.85767e-05	0.0	0.0	0.0	0.0	5.85767e-05	0.0005467159999999999	0.0	0.0	0.0	3.9051099999999996e-05	0.000253832	0.00041003700000000003	0.00013667899999999998	5.85767e-05	0.0	0.0	0.00035153399999999997	1.95339e-05	3.9075199999999995e-05	5.86261e-05	0.0	0.000312806	0.00101685	0.0	0.0	0.0	0.0	0.0	0.0	0.0	0.00258643	0.0	1.96053e-05	0.0	0.0	0.00041209099999999995	0.0	0.0	0.00695414	0.0	0.0	0.0	0.0	0.0	0.0	0.0	0.000177424	0.0	0.0	0.0	0.0	0.0	0.0	0.0	0.0	0.0	0.0	0.0	0.0	0.0	0.00041913	0.0	0.0	0.0	0.0	0.0	0.0	0.0	0.0	0.0	0.0	0.0	0.0	0.0	0.0	6.1786e-05	0.0	0.006337809999999999	0.00039469600000000004	0.0	0.000146306	0.0	0.0	0.0	0.0	0.0	0.0	0.0	0.0	0.0	0.0	0.0	0.0	0.0	0.0	0.0	0.0	0.0	0.0	0.0	0.0	0.0	2.27609e-05	4.57334e-05	0.0	0.000138508	0.0	0.0	0.0	0.0	0.0	0.0	0.0	0.0	0.0	0.0	0.0	0.0	0.0	0.0	0.0	0.0	0.0	0.0	0.0	0.0	0.0	0.0	0.0	0.0	2.70266e-05	0.0	0.0
AeC01060_CKDL210012719-1a-AK5577-GC06_HF5TCDSX2_L1_clmp_r1r2_fastp	0.00780846	0.026927899999999998	0.00010301399999999999	0.00105074	0.0	0.0	0.0	0.0	0.0	0.0	0.0	4.12056e-05	0.0	0.0	0.0	0.00230751	0.00010301399999999999	0.0	0.0	0.0	0.0	6.18084e-05	0.000576879	0.0	0.0	0.0	6.18084e-05	0.00016482200000000002	0.00037085000000000004	0.000267836	4.12056e-05	0.0	0.0	0.000288499	0.0	4.12311e-05	6.18599e-05	0.0	0.0005157320000000001	0.000680918	0.0	0.0	0.0	0.0	0.0	0.0	0.0	0.00287426	4.13692e-05	0.0	0.0	0.0	0.000434956	0.0	0.0	0.00825281	0.0	0.0	0.0	0.0	0.0	0.0	0.0	0.000145685	0.0	0.0	0.0	0.0	0.0	0.0	2.09138e-05	0.0	0.0	0.0	0.0	0.0	0.0	0.00033725899999999996	0.0	0.0	0.0	0.0	0.0	0.0	0.0	0.0	0.0	0.0	0.0	0.0	0.0	0.0	0.000174051	0.0	0.00656419	0.0005925090000000001	0.0	0.000176631	0.0	0.0	0.0	0.0	0.0	0.0	0.0	0.0	0.0	0.0	0.0	0.0	0.0	0.0	0.0	0.0	0.0	0.0	0.0	0.0	0.0	0.0	7.24304e-05	0.0	0.00012185600000000001	0.0	0.0	0.0	0.0	0.0	0.0	0.0	0.0	0.0	0.0	0.0	0.0	0.0	0.0	0.0	0.0	0.0	0.0	0.0	0.0	0.0	0.0	0.0	0.0	0.0	0.0	0.0
AeC01061_CKDL210012719-1a-5UDI301-AK10343_HF5TCDSX2_L1_clmp_r1r2_fastp	0.007436689999999999	0.0241178	0.000160175	0.00125852	0.0	0.0	0.0	0.0	0.0	0.0	0.0	6.86464e-05	0.0	0.0	0.0	0.00251703	2.2882100000000002e-05	0.0	0.0	0.0	0.0	4.57643e-05	0.00043475999999999996	0.0	0.0	0.0	0.000137293	0.000114411	0.000526289	0.000274586	4.57643e-05	0.0	0.0	0.000457713	2.28889e-05	0.0	0.000160274	0.0	0.000389378	0.000503992	0.0	0.0	0.0	0.0	0.0	0.0	0.0	0.00263931	0.0	0.0	0.0	0.0	0.00041368599999999997	0.0	0.0	0.0077987199999999994	0.0	0.0	0.0	0.0	0.0	0.0	0.0	0.000207729	0.0	0.0	0.0	0.0	0.0	0.0	0.0	0.0	0.0	0.0	0.0	0.0	0.0	0.00023355100000000003	0.0	0.0	0.0	0.0	0.0	0.0	0.0	0.0	0.0	0.0	0.0	0.0	0.0	0.0	2.40748e-05	0.0	0.00634278	0.000437042	0.0	0.00017099	0.0	0.0	0.0	0.0	0.0	0.0	0.0	0.0	0.0	0.0	0.0	0.0	0.0	0.0	0.0	0.0	0.0	0.0	0.0	0.0	0.0	0.0	0.0	0.0	0.000161864	0.0	0.0	0.0	0.0	0.0	0.0	0.0	0.0	0.0	0.0	0.0	0.0	0.0	0.0	0.0	0.0	0.0	0.0	0.0	0.0	0.0	0.0	0.0	0.0	0.0	0.0	0.0
AeC01062_CKDL210012719-1a-AK7758-AK10343_HF5TCDSX2_L1_clmp_r1r2_fastp	0.007610469999999999	0.024498	0.000249979	0.000805488	0.0	0.0	0.0	0.0	0.0	0.0	0.0	0.000111102	0.0	0.0	0.0	0.00249979	0.000111102	0.0	0.0	0.0	0.0	2.77755e-05	0.000527734	0.0	0.0	0.0	8.33264e-05	0.00030553000000000004	0.000527734	0.000222204	2.77755e-05	2.77755e-05	2.77755e-05	0.00041668200000000003	0.0	2.77858e-05	0.000138947	5.5585300000000005e-05	0.00038915	0.0008896049999999999	0.0	0.0	0.0	0.0	0.0	0.0	0.0	0.0033401700000000004	0.0	0.0	0.0	0.0	0.000417954	0.0	0.0	0.00747313	0.0	0.0	0.0	0.0	0.0	2.79355e-05	0.0	0.00013978299999999999	0.0	0.0	0.0	0.0	0.0	0.0	2.80601e-05	0.0	0.0	0.0	0.0	0.0	0.0	0.00019767399999999998	0.0	0.0	0.0	0.0	0.0	0.0	0.0	0.0	0.0	0.0	0.0	0.0	0.0	0.0	8.70337e-05	0.0	0.006064989999999999	0.0007601239999999999	0.0	0.00041152900000000005	0.0	0.0	0.0	0.0	0.0	0.0	0.0	0.0	0.0	0.0	0.0	0.0	0.0	0.0	0.0	0.0	0.0	0.0	0.0	0.0	0.0	0.0	6.38449e-05	0.0	9.66286e-05	0.0	0.0	0.0	0.0	0.0	0.0	0.0	0.0	0.0	0.0	0.0	0.0	0.0	0.0	0.0	0.0	0.0	0.0	0.0	0.0	0.0	0.0	0.0	0.0	0.0	0.0	0.0
AeC01063_CKDL210012719-1a-AK7078-AK10343_HF5TCDSX2_L1_clmp_r1r2_fastp	0.00718525	0.0246302	6.9089e-05	0.000794523	0.0	0.0	0.0	0.0	0.0	0.0	0.0	6.9089e-05	0.0	0.0	0.0	0.0016926799999999998	0.00017272200000000002	0.0	0.0	0.0	0.0	3.45445e-05	0.000552712	0.0	0.0	0.0	6.9089e-05	0.00017272200000000002	0.000345445	0.00010363299999999999	0.0	3.45445e-05	0.0	0.00017275	0.0	0.0	6.91348e-05	6.914659999999999e-05	0.000345792	0.000760876	0.0	0.0	0.0	0.0	0.0	0.0	0.0	0.00235574	0.0	6.93204e-05	0.0	0.0	0.00020812800000000002	0.0	0.0	0.00774252	0.0	0.0	0.0	0.0	0.0	3.4799100000000004e-05	0.0	0.000174154	0.0	0.0	0.0	0.0	0.0	0.0	0.0	0.0	0.0	0.0	0.0	0.0	0.0	0.00021145900000000002	0.0	0.0	0.0	0.0	0.0	0.0	0.0	0.0	0.0	0.0	0.0	0.0	0.0	0.0	7.26994e-05	0.0	0.00584952	0.000366692	0.0	0.000295185	0.0	0.0	0.0	0.0	0.0	0.0	0.0	0.0	0.0	0.0	0.0	0.0	0.0	0.0	0.0	0.0	0.0	0.0	0.0	0.0	0.0	0.0	0.0	0.0	0.000163659	0.0	0.0	0.0	0.0	0.0	0.0	0.0	0.0	0.0	0.0	0.0	0.0	0.0	0.0	0.0	0.0	0.0	0.0	0.0	0.0	0.0	0.0	0.0	0.0	0.0	0.0	0.0
AeC01064_CKDL210012719-1a-AK9143-AK10343_HF5TCDSX2_L1_clmp_r1r2_fastp	0.0077434800000000005	0.0238019	0.000171442	0.0007429170000000001	0.0	0.0	0.0	0.0	0.0	0.0	0.0	0.0	0.0	0.0	0.0	0.0022859	5.7147399999999994e-05	0.0	0.0	0.0	0.0	8.57211e-05	0.00037145799999999997	0.0	0.0	0.0	5.7147399999999994e-05	5.7147399999999994e-05	0.000314311	0.000171442	0.0	2.8573699999999997e-05	0.0	0.000285788	0.0	5.71782e-05	8.57823e-05	2.85994e-05	0.000314649	0.00082967	0.0	0.0	0.0	0.0	0.0	0.0	0.0	0.0025211	0.0	2.8659300000000002e-05	0.0	0.0	0.00051618	0.0	0.0	0.00665759	0.0	0.0	0.0	0.0	0.0	2.87439e-05	0.0	0.00023009299999999998	0.0	0.0	0.0	0.0	0.0	0.0	0.0	0.0	0.0	0.0	0.0	0.0	0.0	0.00031883	0.0	0.0	0.0	0.0	0.0	0.0	0.0	0.0	0.0	0.0	0.0	0.0	0.0	0.0	0.00011829	0.0	0.006589909999999999	0.000743561	0.0	0.000149327	0.0	0.0	0.0	0.0	0.0	0.0	0.0	0.0	0.0	0.0	0.0	0.0	0.0	0.0	0.0	0.0	0.0	0.0	0.0	0.0	0.0	0.0	0.0	0.0	0.000128134	0.0	0.0	0.0	0.0	0.0	0.0	0.0	0.0	0.0	0.0	0.0	0.0	0.0	0.0	0.0	0.0	0.0	0.0	0.0	0.0	0.0	0.0	0.0	0.0	3.6161799999999997e-05	0.0	0.0
AeC01065_CKDL210012719-1a-5UDI225-AK10343_HF5TCDSX2_L1_clmp_r1r2_fastp	0.00716526	0.0228463	0.000150058	0.0008253179999999999	0.0	0.0	0.0	0.0	0.0	0.0	0.0	0.000150058	0.0	0.0	0.0	0.00217584	7.50289e-05	0.0	0.0	0.0	0.0	3.75145e-05	0.000262601	0.0	0.0	0.0	3.75145e-05	0.000187572	0.00022508699999999998	3.75145e-05	7.50289e-05	0.0	0.0	0.00022514199999999998	0.0	0.0	0.0	3.75557e-05	0.000338066	0.000826556	0.0	0.0	0.0	0.0	0.0	0.0	0.0	0.00221996	0.0	0.0	0.0	0.0	0.000301292	0.0	0.0	0.008177670000000001	0.0	0.0	0.0	0.0	0.0	3.7737e-05	0.0	7.5512e-05	0.0	0.0	0.0	0.0	0.0	0.0	0.0	0.0	0.0	0.0	0.0	0.0	0.0	0.000341584	0.0	0.0	0.0	0.0	0.0	0.0	0.0	0.0	0.0	0.0	0.0	0.0	0.0	0.0	0.000230554	0.0	0.006739740000000001	0.00046270400000000003	0.0	0.00011596000000000001	0.0	0.0	0.0	0.0	0.0	0.0	0.0	0.0	0.0	0.0	0.0	0.0	0.0	0.0	0.0	0.0	0.0	0.0	0.0	0.0	0.0	4.01035e-05	8.03729e-05	0.0	0.00012107699999999999	0.0	0.0	0.0	0.0	0.0	0.0	0.0	0.0	0.0	0.0	0.0	0.0	0.0	0.0	0.0	0.0	0.0	0.0	0.0	0.0	0.0	0.0	0.0	0.0	4.35025e-05	0.0	0.0
AeC01066_CKDL210012719-1a-AK9144-AK10343_HF5TCDSX2_L1_clmp_r1r2_fastp	0.00745043	0.0255571	0.000118732	0.000949856	0.0	0.0	0.0	0.0	0.0	0.0	0.0	5.9366e-05	0.0	0.0	0.0	0.00160288	5.9366e-05	0.0	0.0	0.0	0.0	5.9366e-05	0.000445245	0.0	0.0	0.0	2.9683e-05	2.9683e-05	0.00035619600000000003	5.9366e-05	2.9683e-05	0.0	0.0	0.000207823	2.96955e-05	0.0	5.9415399999999994e-05	0.0	0.00017831299999999998	0.000653942	0.0	0.0	0.0	0.0	0.0	0.0	0.0	0.00211363	0.0	0.0	0.0	0.0	0.00023839300000000002	0.0	0.0	0.007394939999999999	0.0	0.0	0.0	0.0	0.0	5.97273e-05	0.0	8.964360000000001e-05	0.0	0.0	0.0	0.0	0.0	0.0	0.0	0.0	0.0	0.0	0.0	0.0	0.0	0.000240582	0.0	0.0	0.0	0.0	0.0	0.0	0.0	0.0	0.0	0.0	0.0	0.0	0.0	0.0	0.000122094	0.0	0.004958590000000001	0.000459787	0.0	0.000215204	0.0	0.0	0.0	0.0	0.0	0.0	0.0	0.0	0.0	0.0	0.0	0.0	0.0	0.0	0.0	0.0	0.0	0.0	0.0	0.0	0.0	0.0	3.21456e-05	0.0	9.690740000000001e-05	0.0	0.0	0.0	0.0	0.0	0.0	0.0	0.0	0.0	0.0	0.0	0.0	0.0	0.0	0.0	0.0	0.0	0.0	0.0	0.0	0.0	0.0	0.0	0.0	0.0	0.0	0.0
AeC01067_CKDL210012719-1a-AK3911-AK10343_HF5TCDSX2_L1_clmp_r1r2_fastp	0.00790452	0.026145699999999997	0.000182412	0.000972863	0.0	0.0	0.0	0.0	0.0	0.0	0.0	0.00015201	0.0	0.0	0.0	0.00231055	6.0803999999999996e-05	0.0	0.0	0.0	0.0	0.00015201	0.000395226	0.0	0.0	0.0	3.0401999999999998e-05	0.000395226	0.00033442199999999996	0.00012160799999999999	6.0803999999999996e-05	0.0	0.0	0.00021284600000000002	3.04106e-05	3.04145e-05	6.08384e-05	3.04237e-05	0.00027385399999999997	0.00118691	0.0	0.0	0.0	0.0	0.0	0.0	0.0	0.00259069	6.0971199999999997e-05	0.0	0.0	0.0	0.000305154	0.0	0.0	0.006780349999999999	0.0	0.0	0.0	0.0	0.0	0.0	0.0	0.00018382	0.0	0.0	0.0	0.0	0.0	0.0	3.07739e-05	0.0	0.0	0.0	0.0	0.0	0.0	0.000434208	0.0	0.0	0.0	0.0	0.0	0.0	0.0	0.0	0.0	0.0	0.0	0.0	0.0	0.0	9.62456e-05	0.0	0.00639223	0.000518272	0.0	0.000163105	0.0	0.0	0.0	0.0	0.0	0.0	0.0	0.0	0.0	0.0	0.0	0.0	0.0	0.0	0.0	0.0	0.0	0.0	0.0	0.0	0.0	3.59803e-05	3.61747e-05	0.0	0.00018289899999999998	0.0	0.0	0.0	0.0	0.0	0.0	0.0	0.0	0.0	0.0	0.0	0.0	0.0	0.0	0.0	0.0	0.0	0.0	0.0	0.0	0.0	0.0	0.0	0.0	4.42265e-05	0.0	0.0
AeC01068_CKDL210012719-1a-5UDI245-AK10343_HF5TCDSX2_L1_clmp_r1r2_fastp	0.00835924	0.025324499999999996	0.000123384	0.00117214	0.0	0.0	0.0	0.0	0.0	0.0	0.0	0.000123384	0.0	0.0	0.0	0.00280698	6.16918e-05	0.0	0.0	0.0	0.0	3.08459e-05	0.0006169179999999999	0.0	0.0	0.0	3.08459e-05	0.00015423	0.000246767	0.00030845899999999997	3.08459e-05	3.08459e-05	0.0	0.00030850699999999997	0.0	0.0	0.0	6.174139999999999e-05	0.00027787900000000003	0.000926425	0.0	0.0	0.0	0.0	0.0	0.0	0.0	0.00265995	0.0	3.09433e-05	0.0	0.0	0.00043355199999999997	0.0	0.0	0.007872569999999999	0.0	0.0	0.0	0.0	0.0	9.31713e-05	0.0	0.00018650600000000002	0.0	0.0	0.0	0.0	0.0	0.0	0.0	0.0	0.0	0.0	0.0	0.0	0.0	0.000377096	0.0	0.0	0.0	0.0	0.0	0.0	0.0	0.0	0.0	0.0	0.0	0.0	0.0	0.0	9.70516e-05	0.0	0.00643969	0.000521846	0.0	0.000229649	0.0	0.0	0.0	0.0	0.0	0.0	0.0	0.0	0.0	0.0	0.0	0.0	0.0	0.0	0.0	0.0	0.0	0.0	0.0	0.0	0.0	3.5646e-05	3.5812199999999996e-05	0.0	0.000108457	0.0	0.0	0.0	0.0	0.0	0.0	0.0	0.0	0.0	0.0	0.0	0.0	0.0	0.0	0.0	0.0	0.0	0.0	0.0	0.0	0.0	0.0	0.0	0.0	0.0	0.0	0.0
AeC01069_CKDL210012719-1a-AK8593-AK10343_HF5TCDSX2_L1_clmp_r1r2_fastp	0.00702562	0.024589700000000003	0.0001383	0.0009957570000000001	0.0	0.0	0.0	0.0	0.0	0.0	0.0	5.53198e-05	0.0	0.0	0.0	0.00240641	0.00011063999999999998	0.0	0.0	0.0	0.0	8.29797e-05	0.000470218	0.0	0.0	2.76599e-05	2.76599e-05	0.00011063999999999998	0.000414899	0.000193619	0.0	0.0	0.0	0.00041495599999999996	2.76679e-05	0.0	8.30251e-05	0.0	0.000332191	0.000747539	0.0	0.0	0.0	0.0	0.0	0.0	0.0	0.00266109	0.0	5.54573e-05	0.0	0.0	0.00044389	0.0	0.0	0.00682873	0.0	0.0	0.0	0.0	0.0	0.0	0.0	0.000166906	0.0	0.0	0.0	0.0	0.0	0.0	0.0	0.0	0.0	0.0	0.0	0.0	0.0	0.000308573	0.0	0.0	0.0	0.0	0.0	0.0	0.0	0.0	0.0	0.0	0.0	0.0	0.0	0.0	2.8721100000000002e-05	0.0	0.00683726	0.000231335	0.0	0.000174362	0.0	0.0	0.0	0.0	0.0	0.0	0.0	0.0	0.0	0.0	0.0	0.0	0.0	0.0	0.0	0.0	0.0	0.0	0.0	0.0	0.0	0.0	0.0	0.0	3.15929e-05	0.0	0.0	0.0	0.0	0.0	0.0	0.0	0.0	0.0	0.0	0.0	0.0	0.0	0.0	0.0	0.0	0.0	0.0	0.0	0.0	0.0	0.0	0.0	0.0	0.0	0.0	0.0
AeC01070_CKDL210012719-1a-5UDI294-AK4236_HF5TCDSX2_L1_clmp_r1r2_fastp	0.00748852	0.0259443	0.000132775	0.0012480899999999999	0.0	0.0	0.0	0.0	0.0	0.0	0.0	0.00021244	0.0	0.0	0.0	0.00185885	0.00010622	0.0	0.0	0.0	0.0	0.00010622	0.000345215	0.0	0.0	0.0	7.96651e-05	0.000185885	0.00026555	0.00031866	5.31101e-05	0.0	2.6555e-05	0.00034527200000000004	5.31283e-05	7.9707e-05	5.31475e-05	0.0	0.00034558200000000004	0.000930575	0.0	0.0	0.0	0.0	0.0	0.0	0.0	0.00231686	0.0	2.66432e-05	0.0	0.0	0.000266643	0.0	0.0	0.00707206	0.0	0.0	0.0	0.0	0.0	2.67418e-05	0.0	0.000187347	0.0	0.0	0.0	0.0	0.0	0.0	0.0	0.0	0.0	0.0	0.0	0.0	0.0	0.00035153999999999996	0.0	0.0	0.0	0.0	0.0	0.0	0.0	0.0	0.0	0.0	0.0	0.0	0.0	0.0	0.00013888800000000002	0.0	0.00552775	0.0005878120000000001	0.0	0.000112572	0.0	0.0	0.0	0.0	0.0	0.0	0.0	0.0	0.0	0.0	0.0	0.0	0.0	0.0	0.0	0.0	0.0	0.0	0.0	0.0	0.0	0.0	3.05364e-05	0.0	0.000154032	0.0	0.0	0.0	0.0	0.0	0.0	0.0	0.0	0.0	0.0	0.0	0.0	0.0	0.0	0.0	0.0	0.0	0.0	0.0	0.0	0.0	0.0	0.0	0.0	0.0	0.0	0.0
AeC01071_CKDL210012719-1a-AK9146-AK4236_HF5TCDSX2_L1_clmp_r1r2_fastp	0.0073125	0.0253488	0.000139952	0.00152198	0.0	0.0	0.0	0.0	0.0	0.0	0.0	5.24821e-05	0.0	0.0	0.0	0.00244916	6.99761e-05	0.0	0.0	0.0	0.0	1.7494e-05	0.000559809	0.0	0.0	0.0	3.4988e-05	0.00017494	0.000297398	0.000279904	5.24821e-05	0.0	0.0	0.000297446	0.0	1.75028e-05	0.000157556	0.0	0.000192647	0.000805802	0.0	0.0	0.0	0.0	0.0	0.0	0.0	0.00263347	1.75622e-05	5.27044e-05	0.0	0.0	0.000474881	0.0	0.0	0.008048	0.0	0.0	0.0	0.0	0.0	0.0	0.0	0.000176845	0.0	0.0	0.0	0.0	0.0	0.0	0.0	0.0	0.0	0.0	0.0	0.0	0.0	0.00043080299999999995	0.0	0.0	0.0	0.0	0.0	0.0	0.0	0.0	0.0	0.0	0.0	0.0	0.0	0.0	0.00011179500000000001	0.0	0.0063769099999999995	0.00043286499999999994	0.0	0.000170591	0.0	0.0	0.0	0.0	0.0	0.0	0.0	0.0	0.0	0.0	0.0	0.0	3.9999599999999996e-05	0.0	0.0	0.0	0.0	0.0	0.0	0.0	0.0	0.0	4.20071e-05	0.0	0.00014860400000000002	0.0	0.0	0.0	0.0	0.0	0.0	0.0	0.0	0.0	0.0	0.0	0.0	0.0	0.0	0.0	0.0	0.0	0.0	0.0	0.0	0.0	0.0	0.0	0.0	0.0	0.0	0.0
AeC01072_CKDL210012719-1a-AK5577-AK4236_HF5TCDSX2_L1_clmp_r1r2_fastp	0.007645549999999999	0.0251073	0.000144711	0.00094062	0.0	0.0	0.0	0.0	0.0	0.0	0.0	0.000144711	0.0	0.0	0.0	0.00219478	9.64738e-05	0.0	0.0	0.0	0.0	4.82369e-05	0.00031354	0.0	0.0	0.0	9.64738e-05	0.000168829	0.000410014	0.000289421	7.235540000000001e-05	0.0	0.0	0.000385986	2.41295e-05	0.0	7.24207e-05	0.0	0.000410585	0.00115958	0.0	0.0	0.0	0.0	0.0	0.0	0.0	0.00256634	0.0	0.0	0.0	0.0	0.000436489	0.0	0.0	0.0063359	0.0	0.0	0.0	0.0	0.0	2.43356e-05	0.0	0.00014616300000000002	0.0	0.0	0.0	0.0	0.0	0.0	0.0	0.0	0.0	0.0	0.0	0.0	0.0	0.000369785	0.0	0.0	0.0	0.0	0.0	0.0	0.0	0.0	0.0	0.0	0.0	0.0	0.0	0.0	2.53884e-05	0.0	0.00584545	0.00040954800000000003	0.0	0.000154474	0.0	0.0	0.0	0.0	0.0	0.0	0.0	0.0	0.0	0.0	0.0	0.0	0.0	0.0	0.0	0.0	0.0	0.0	0.0	0.0	0.0	5.5866900000000005e-05	0.0	0.0	5.6641399999999996e-05	0.0	0.0	0.0	0.0	0.0	0.0	0.0	0.0	0.0	0.0	0.0	0.0	0.0	0.0	0.0	0.0	0.0	0.0	0.0	0.0	0.0	0.0	0.0	0.0	0.0	0.0	0.0
AeC01073_CKDL210012719-1a-5UDI301-AK4234_HF5TCDSX2_L1_clmp_r1r2_fastp	0.00639407	0.0240984	0.000180964	0.00102546	0.0	0.0	0.0	0.0	0.0	0.0	0.0	0.0	0.0	0.0	0.0	0.0020810900000000003	6.0321399999999995e-05	0.0	0.0	0.0	0.0	0.000120643	0.000573054	0.0	0.0	3.0160699999999997e-05	9.048219999999999e-05	0.000211125	0.000361929	0.00015080400000000002	3.0160699999999997e-05	0.0	0.0	0.000241322	0.0	0.0	3.01803e-05	0.0	0.00024152300000000003	0.000936066	0.0	0.0	0.0	0.0	0.0	0.0	0.0	0.00302483	0.0	3.02637e-05	0.0	0.0	0.00048464099999999996	0.0	0.0	0.007307299999999999	0.0	0.0	0.0	0.0	0.0	3.0389699999999998e-05	0.0	0.000304177	0.0	0.0	0.0	0.0	0.0	0.0	0.0	0.0	0.0	0.0	0.0	0.0	0.0	0.000215512	0.0	0.0	0.0	3.09876e-05	0.0	0.0	0.0	0.0	0.0	0.0	0.0	0.0	0.0	0.0	9.54586e-05	0.0	0.0056669400000000005	0.00035332100000000003	0.0	0.00012934400000000001	0.0	0.0	0.0	0.0	0.0	0.0	0.0	0.0	0.0	0.0	0.0	0.0	0.0	0.0	0.0	0.0	0.0	0.0	0.0	0.0	0.0	0.0	7.15579e-05	0.0	0.00010851599999999999	0.0	0.0	0.0	0.0	0.0	0.0	0.0	0.0	0.0	0.0	0.0	0.0	0.0	0.0	0.0	0.0	0.0	0.0	0.0	0.0	0.0	0.0	0.0	0.0	0.0	0.0	0.0
AeC01074_CKDL210012719-1a-AK7758-AK4234_HF5TCDSX2_L1_clmp_r1r2_fastp	0.007514740000000001	0.0249855	0.00014859700000000001	0.00110386	0.0	0.0	0.0	0.0	0.0	0.0	0.0	6.36842e-05	0.0	0.0	0.0	0.0020803500000000003	6.36842e-05	0.0	0.0	0.0	0.0	8.491230000000001e-05	0.000509474	0.0	0.0	0.0	4.24562e-05	0.000191053	0.00033964900000000003	0.00014859700000000001	0.0	0.0	0.0	0.00040340099999999995	2.12351e-05	2.12388e-05	6.37283e-05	2.12465e-05	0.000212505	0.00078642	0.0	0.0	0.0	0.0	0.0	0.0	0.0	0.00242771	0.0	2.13077e-05	0.0	0.0	0.0005118830000000001	0.0	0.0	0.00711009	0.0	0.0	0.0	0.0	0.0	2.1407e-05	0.0	0.000257158	0.0	0.0	0.0	2.1483600000000002e-05	0.0	0.0	0.0	0.0	0.0	0.0	0.0	0.0	0.0	0.000347487	0.0	0.0	0.0	0.0	0.0	0.0	0.0	0.0	0.0	0.0	0.0	0.0	0.0	0.0	0.00011257799999999999	0.0	0.00623353	0.0005231690000000001	0.0	0.00020619600000000002	0.0	0.0	0.0	0.0	0.0	0.0	0.0	0.0	0.0	0.0	0.0	2.4104500000000003e-05	0.0	0.0	0.0	0.0	0.0	0.0	0.0	0.0	0.0	0.0	2.55145e-05	0.0	0.000154842	0.0	0.0	0.0	0.0	0.0	0.0	0.0	0.0	0.0	0.0	0.0	0.0	0.0	0.0	0.0	0.0	0.0	0.0	0.0	0.0	0.0	0.0	0.0	0.0	0.0	0.0	0.0
AeC01075_CKDL210012719-1a-AK7078-AK4234_HF5TCDSX2_L1_clmp_r1r2_fastp	0.00691777	0.024512999999999997	8.5935e-05	0.00113864	0.0	0.0	0.0	0.0	0.0	0.0	0.0	6.445120000000001e-05	0.0	0.0	0.0	0.00206244	8.5935e-05	0.0	0.0	0.0	0.0	2.14837e-05	0.00068748	0.0	0.0	0.0	4.29675e-05	0.000128902	0.000236321	0.000193354	2.14837e-05	0.0	0.0	0.000279334	2.14908e-05	2.14943e-05	4.29965e-05	0.0	0.000129038	0.000623808	0.0	0.0	0.0	0.0	0.0	0.0	0.0	0.00260761	0.0	4.31253e-05	0.0	0.0	0.000388495	0.0	0.0	0.007022100000000001	0.0	0.0	0.0	0.0	0.0	4.3319300000000004e-05	0.0	0.000130088	0.0	0.0	0.0	0.0	0.0	0.0	0.0	0.0	0.0	0.0	0.0	0.0	0.0	0.000263564	0.0	0.0	0.0	0.0	0.0	0.0	0.0	0.0	0.0	0.0	0.0	0.0	0.0	0.0	6.81882e-05	0.0	0.00628981	0.000344208	0.0	6.93164e-05	0.0	0.0	0.0	0.0	0.0	0.0	0.0	0.0	0.0	0.0	0.0	0.0	0.0	0.0	0.0	0.0	0.0	0.0	0.0	0.0	0.0	0.0	2.55585e-05	0.0	0.00012916799999999998	0.0	0.0	0.0	0.0	0.0	0.0	0.0	0.0	0.0	0.0	0.0	0.0	0.0	0.0	0.0	0.0	0.0	0.0	0.0	0.0	0.0	0.0	0.0	0.0	0.0	0.0	0.0
AeC01076_CKDL210012719-1a-AK9143-AK4234_HF5TCDSX2_L1_clmp_r1r2_fastp	0.00713339	0.0242535	0.00012299	0.0011561	0.0	0.0	0.0	0.0	0.0	0.0	0.0	7.37937e-05	0.0	0.0	0.0	0.0019924300000000003	0.000147587	0.0	0.0	0.0	0.0	2.45979e-05	0.00046735999999999994	0.0	0.0	0.0	2.45979e-05	0.00017218500000000002	0.000196783	0.000319773	0.0	0.0	0.0	0.000467441	2.46063e-05	2.461e-05	4.9228100000000004e-05	0.0	0.000196977	0.000763415	0.0	0.0	0.0	0.0	0.0	0.0	0.0	0.00219528	0.0	2.4677700000000003e-05	0.0	0.0	0.000444539	0.0	0.0	0.006920859999999999	0.0	0.0	0.0	0.0	0.0	0.0	0.0	0.00012394699999999998	0.0	0.0	0.0	0.0	0.0	0.0	2.4890600000000002e-05	0.0	0.0	0.0	0.0	0.0	0.0	0.000225606	0.0	0.0	0.0	0.0	0.0	0.0	0.0	0.0	0.0	0.0	0.0	0.0	0.0	0.0	0.000155123	0.0	0.00592889	0.000573789	0.0	0.00020997500000000002	0.0	0.0	0.0	0.0	0.0	0.0	0.0	0.0	0.0	0.0	0.0	0.0	0.0	0.0	0.0	0.0	0.0	0.0	0.0	0.0	0.0	0.0	0.0	0.0	0.00011637899999999999	0.0	0.0	0.0	0.0	0.0	0.0	0.0	0.0	0.0	0.0	0.0	0.0	0.0	0.0	0.0	0.0	0.0	0.0	0.0	0.0	0.0	0.0	0.0	0.0	0.0	0.0	0.0
AeC01077_CKDL210012719-1a-5UDI225-AK4234_HF5TCDSX2_L1_clmp_r1r2_fastp	0.00697252	0.0237016	7.52431e-05	0.0008276739999999999	0.0	0.0	0.0	0.0	0.0	0.0	0.0	2.5081e-05	0.0	0.0	0.0	0.00228237	7.52431e-05	0.0	0.0	0.0	0.0	2.5081e-05	0.00047653900000000005	0.0	0.0	0.0	0.000125405	7.52431e-05	0.000451458	0.000175567	2.5081e-05	0.0	0.0	0.000351188	0.0	0.0	5.019359999999999e-05	0.0	0.000276153	0.000703058	0.0	0.0	0.0	0.0	0.0	0.0	0.0	0.00286695	0.0	2.51602e-05	0.0	0.0	0.0005287870000000001	0.0	0.0	0.00718285	0.0	0.0	0.0	0.0	0.0	0.0	0.0	0.00017694599999999998	0.0	0.0	0.0	0.0	0.0	0.0	0.0	0.0	0.0	0.0	0.0	0.0	0.0	0.00020444499999999998	0.0	0.0	0.0	2.5703799999999996e-05	0.0	0.0	0.0	0.0	0.0	0.0	0.0	0.0	0.0	0.0	0.00010529200000000001	0.0	0.00606084	0.00034504	0.0	0.000133496	0.0	0.0	0.0	0.0	0.0	0.0	0.0	0.0	0.0	0.0	0.0	0.0	0.0	0.0	0.0	0.0	0.0	0.0	0.0	0.0	0.0	0.0	2.9207800000000002e-05	0.0	2.94857e-05	0.0	0.0	0.0	0.0	0.0	0.0	0.0	0.0	0.0	0.0	0.0	0.0	0.0	0.0	0.0	0.0	0.0	0.0	0.0	0.0	0.0	0.0	0.0	0.0	3.4588e-05	0.0	0.0
AeC01078_CKDL210012719-1a-AK9144-AK4234_HF5TCDSX2_L1_clmp_r1r2_fastp	0.007199250000000001	0.0243574	0.000119987	0.00103989	0.0	0.0	0.0	0.0	0.0	0.0	0.0	5.99937e-05	0.0	0.0	0.0	0.00201979	7.99916e-05	0.0	0.0	0.0	0.0	0.000119987	0.0006399330000000001	0.0	0.0	1.99979e-05	5.99937e-05	0.000179981	0.00037996	0.00023997500000000002	5.99937e-05	0.0	0.0	0.000300023	0.0	4.00185e-05	0.000100068	2.00179e-05	0.00036040000000000003	0.0008010550000000001	0.0	0.0	0.0	0.0	0.0	0.0	0.0	0.0026684599999999997	2.00686e-05	4.01476e-05	0.0	0.0	0.000642888	0.0	0.0	0.007761789999999999	0.0	0.0	0.0	0.0	0.0	0.0	0.0	0.00022182700000000002	0.0	0.0	0.0	0.0	0.0	0.0	0.0	0.0	0.0	0.0	0.0	0.0	0.0	0.000346157	0.0	0.0	0.0	0.0	0.0	0.0	0.0	0.0	0.0	0.0	0.0	0.0	0.0	0.0	8.34638e-05	0.0	0.0052818100000000005	0.0005042	0.0	0.000189998	0.0	0.0	0.0	0.0	0.0	0.0	0.0	0.0	0.0	0.0	0.0	0.0	0.0	0.0	0.0	0.0	0.0	0.0	0.0	0.0	0.0	0.0	0.0	0.0	0.000137278	0.0	0.0	0.0	0.0	0.0	0.0	0.0	0.0	0.0	0.0	0.0	0.0	0.0	0.0	0.0	0.0	0.0	0.0	0.0	0.0	0.0	0.0	0.0	0.0	0.0	0.0	0.0
AeC01079_CKDL210012719-1a-AK3911-AK4234_HF5TCDSX2_L1_clmp_r1r2_fastp	0.007563330000000001	0.024464899999999998	4.03378e-05	0.000968106	0.0	0.0	0.0	0.0	0.0	0.0	0.0	4.03378e-05	0.0	0.0	0.0	0.00195638	0.000141182	0.0	0.0	0.0	0.0	6.050660000000001e-05	0.00036304	0.0	0.0	0.0	8.06755e-05	0.00018152	0.000242027	0.00020168899999999999	2.01689e-05	0.0	0.0	0.000342924	0.0	2.01786e-05	0.00010091100000000001	2.01857e-05	0.000363405	0.0008279060000000001	0.0	0.0	0.0	0.0	0.0	0.0	0.0	0.00256901	2.02334e-05	4.0477e-05	0.0	0.0	0.00048613700000000004	0.0	0.0	0.00766416	0.0	0.0	0.0	0.0	0.0	0.0	0.0	0.000264443	0.0	0.0	0.0	0.0	0.0	0.0	0.0	0.0	0.0	0.0	0.0	0.0	0.0	0.00035002899999999997	0.0	0.0	0.0	0.0	0.0	0.0	0.0	0.0	0.0	0.0	0.0	0.0	0.0	0.0	0.000127611	0.0	0.00573462	0.000558091	0.0	0.000324074	0.0	0.0	0.0	0.0	0.0	0.0	0.0	0.0	0.0	0.0	0.0	0.0	0.0	0.0	0.0	0.0	0.0	0.0	0.0	0.0	0.0	0.0	2.37941e-05	0.0	0.00012020399999999999	0.0	0.0	0.0	0.0	0.0	0.0	0.0	0.0	0.0	0.0	0.0	0.0	0.0	0.0	0.0	0.0	0.0	0.0	0.0	0.0	0.0	0.0	0.0	0.0	2.8496199999999997e-05	0.0	0.0
AeC01080_CKDL210012719-1a-5UDI245-AK4234_HF5TCDSX2_L1_clmp_r1r2_fastp	0.00686466	0.024486100000000004	0.000213852	0.000812639	0.0	0.0	0.0	0.0	0.0	0.0	0.0	0.00012831099999999998	0.0	0.0	0.0	0.00254484	4.27705e-05	0.0	0.0	0.0	0.0	6.41557e-05	0.000620172	0.0	0.0	0.0	2.13852e-05	0.00014969700000000001	0.000235238	0.000171082	4.27705e-05	0.0	0.0	0.000213891	0.0	2.13962e-05	2.14004e-05	2.1404600000000002e-05	0.000278318	0.000792299	0.0	0.0	0.0	0.0	0.0	0.0	0.0	0.0024244500000000003	2.1461699999999998e-05	4.29358e-05	0.0	0.0	0.000257856	0.0	0.0	0.0069050100000000005	0.0	0.0	0.0	0.0	0.0	4.31309e-05	0.0	0.000129522	0.0	0.0	0.0	0.0	0.0	0.0	0.0	0.0	0.0	0.0	0.0	0.0	0.0	0.00030614	0.0	0.0	0.0	0.0	0.0	0.0	0.0	0.0	0.0	0.0	0.0	0.0	0.0	0.0	9.04907e-05	0.0	0.00641947	0.000479583	0.0	0.000160953	0.0	0.0	0.0	0.0	0.0	0.0	0.0	0.0	0.0	0.0	0.0	0.0	0.0	0.0	0.0	0.0	0.0	0.0	0.0	0.0	0.0	5.05788e-05	2.54227e-05	0.0	0.00012847500000000002	0.0	0.0	0.0	0.0	0.0	0.0	0.0	0.0	0.0	0.0	0.0	0.0	0.0	0.0	0.0	0.0	0.0	0.0	0.0	0.0	0.0	0.0	0.0	0.0	0.0	0.0	0.0
AeC01081_CKDL210012719-1a-AK8593-AK4234_HF5TCDSX2_L1_clmp_r1r2_fastp	0.00709619	0.0245141	8.06386e-05	0.0010482999999999998	0.0	0.0	0.0	0.0	0.0	0.0	0.0	4.83831e-05	0.0	0.0	0.0	0.00198371	8.06386e-05	0.0	0.0	0.0	0.0	8.06386e-05	0.000596725	0.0	0.0	0.0	4.83831e-05	0.000177405	0.000387065	0.000290299	3.2255399999999996e-05	0.0	0.0	0.000354875	0.0	4.8411e-05	6.45619e-05	0.0	0.000322956	0.0008560439999999999	0.0	0.0	0.0	0.0	0.0	0.0	0.0	0.0028817499999999998	0.0	3.24007e-05	0.0	0.0	0.000486541	0.0	0.0	0.00704691	0.0	0.0	0.0	0.0	0.0	1.62817e-05	0.0	0.00022819199999999997	0.0	0.0	0.0	0.0	0.0	0.0	0.0	0.0	0.0	0.0	0.0	0.0	0.0	0.000280846	0.0	0.0	0.0	0.0	0.0	0.0	0.0	0.0	0.0	0.0	0.0	0.0	0.0	0.0	5.1294499999999995e-05	0.0	0.005574259999999999	0.000362475	0.0	0.00019115299999999998	0.0	0.0	0.0	0.0	0.0	0.0	0.0	0.0	0.0	0.0	0.0	0.0	0.0	0.0	0.0	0.0	0.0	0.0	0.0	0.0	0.0	0.0	1.91683e-05	0.0	0.000135562	0.0	0.0	0.0	0.0	0.0	0.0	0.0	0.0	0.0	0.0	0.0	0.0	0.0	0.0	0.0	0.0	0.0	0.0	0.0	0.0	0.0	0.0	0.0	0.0	2.29906e-05	0.0	0.0
AeC01082_CKDL210012719-1a-5UDI294-AK10343_HF5TCDSX2_L1_clmp_r1r2_fastp	0.0075600500000000005	0.0233438	0.00011542099999999999	0.00089451	0.0	0.0	0.0	0.0	0.0	0.0	0.0	2.8855199999999998e-05	0.0	0.0	0.0	0.00204872	8.656549999999999e-05	0.0	0.0	0.0	0.0	8.656549999999999e-05	0.000461683	0.0	0.0	0.0	8.656549999999999e-05	0.000259696	0.00017313099999999998	0.00028855199999999997	2.8855199999999998e-05	0.0	0.0	0.000461751	0.0	0.0	0.000173232	0.0	0.00043321000000000006	0.000895438	0.0	0.0	0.0	0.0	0.0	0.0	0.0	0.0026032200000000003	0.0	2.89355e-05	0.0	0.0	0.000521172	0.0	0.0	0.006983069999999999	0.0	0.0	0.0	0.0	0.0	2.9027000000000002e-05	0.0	0.000232374	0.0	0.0	0.0	0.0	0.0	0.0	2.91451e-05	0.0	0.0	0.0	0.0	0.0	0.0	0.000205197	0.0	0.0	0.0	0.0	0.0	0.0	0.0	0.0	0.0	0.0	0.0	0.0	0.0	0.0	0.00018017	0.0	0.00600188	0.000604587	0.0	0.00033416100000000003	0.0	0.0	0.0	0.0	0.0	0.0	0.0	0.0	0.0	0.0	0.0	0.0	0.0	0.0	0.0	0.0	0.0	0.0	0.0	3.23134e-05	0.0	0.0	6.53741e-05	0.0	0.00019768	0.0	0.0	0.0	0.0	0.0	0.0	0.0	0.0	0.0	0.0	0.0	0.0	0.0	0.0	0.0	0.0	0.0	0.0	0.0	0.0	0.0	0.0	0.0	0.0	0.0	0.0	0.0
AeC01083_CKDL210012719-1a-AK9146-AK10343_HF5TCDSX2_L1_clmp_r1r2_fastp	0.007078630000000001	0.0264075	0.00019393499999999998	0.00122825	0.0	0.0	0.0	0.0	0.0	0.0	0.0	0.00012929	0.0	0.0	0.0	0.00193935	0.00012929	0.0	0.0	0.0	0.0	3.23225e-05	0.00048483699999999995	0.0	0.0	0.0	3.23225e-05	0.000290902	0.000420192	0.00022625700000000003	3.23225e-05	6.4645e-05	0.0	0.00035560400000000003	3.23324e-05	3.23376e-05	9.70291e-05	0.0	0.00048531000000000003	0.000841363	0.0	0.0	0.0	0.0	0.0	0.0	0.0	0.00275545	0.0	6.48691e-05	0.0	0.0	0.000454478	0.0	0.0	0.007343850000000001	0.0	0.0	0.0	0.0	0.0	3.25701e-05	0.0	0.000130409	0.0	0.0	0.0	0.0	0.0	0.0	0.0	0.0	0.0	0.0	0.0	0.0	0.0	0.00039609300000000003	0.0	0.0	0.0	0.0	0.0	0.0	0.0	0.0	0.0	0.0	0.0	0.0	0.0	0.0	0.0	0.0	0.00551998	0.000309515	0.0	0.000138459	0.0	0.0	0.0	0.0	0.0	0.0	0.0	0.0	0.0	0.0	0.0	0.0	0.0	0.0	0.0	0.0	0.0	0.0	0.0	0.0	0.0	0.0	3.80684e-05	0.0	7.69076e-05	0.0	0.0	0.0	0.0	0.0	0.0	0.0	0.0	0.0	0.0	0.0	0.0	0.0	0.0	0.0	0.0	0.0	0.0	0.0	0.0	0.0	0.0	0.0	0.0	4.54463e-05	0.0	0.0
AeC01084_CKDL210012719-1a-AK5577-AK10343_HF5TCDSX2_L1_clmp_r1r2_fastp	0.00705338	0.0256225	0.00020152499999999998	0.00103642	0.0	0.0	0.0	0.0	0.0	0.0	0.0	5.75786e-05	0.0	0.0	0.0	0.00233193	8.63679e-05	0.0	0.0	0.0	0.0	8.63679e-05	0.00043184	0.0	0.0	0.0	0.0	0.000287893	0.000259104	0.000115157	0.0	2.87893e-05	0.0	0.000345522	2.8797699999999997e-05	0.0	0.0	0.0	0.000144077	0.0007781460000000001	0.0	0.0	0.0	0.0	0.0	0.0	0.0	0.0021934899999999998	0.0	2.8874300000000002e-05	0.0	0.0	0.000404524	0.0	0.0	0.00728716	0.0	0.0	0.0	0.0	0.0	0.0	0.0	0.000202968	0.0	0.0	0.0	0.0	0.0	0.0	2.9104899999999996e-05	0.0	0.0	0.0	0.0	0.0	0.0	0.000263604	0.0	0.0	0.0	0.0	0.0	0.0	0.0	0.0	0.0	0.0	0.0	0.0	0.0	0.0	3.0087999999999997e-05	0.0	0.00719649	0.000333477	0.0	0.000152411	0.0	0.0	0.0	0.0	0.0	0.0	0.0	0.0	0.0	0.0	0.0	0.0	0.0	0.0	0.0	0.0	0.0	0.0	0.0	0.0	0.0	0.0	0.0	0.0	3.33895e-05	0.0	0.0	0.0	0.0	0.0	0.0	0.0	0.0	0.0	0.0	0.0	0.0	0.0	0.0	0.0	0.0	0.0	0.0	0.0	0.0	0.0	0.0	0.0	0.0	0.0	0.0	0.0
AeC01085_CKDL210012719-1a-5UDI301-GD06_HF5TCDSX2_L1_clmp_r1r2_fastp	0.006990489999999999	0.025032899999999997	0.000166081	0.00114747	0.0	0.0	0.0	0.0	0.0	0.0	0.0	4.52948e-05	0.0	0.0	0.0	0.0023704299999999998	0.00010568800000000001	0.0	0.0	0.0	0.0	0.00013588400000000002	0.000498242	0.0	0.0	1.5098299999999999e-05	9.05895e-05	0.000166081	0.00042275099999999996	0.00019627700000000002	1.5098299999999999e-05	1.5098299999999999e-05	0.0	0.000362415	0.0	4.53163e-05	7.554130000000001e-05	0.0	0.000377853	0.000710515	0.0	0.0	0.0	0.0	0.0	0.0	0.0	0.00287852	0.0	1.516e-05	0.0	0.0	0.000440118	0.0	1.5188300000000002e-05	0.00736934	0.0	0.0	0.0	0.0	0.0	1.52384e-05	0.0	0.000289857	0.0	0.0	0.0	0.0	0.0	0.0	0.0	0.0	0.0	0.0	0.0	0.0	0.0	0.000247587	0.0	0.0	0.0	0.0	0.0	0.0	0.0	0.0	0.0	0.0	0.0	0.0	0.0	0.0	0.00017646	0.0	0.00599071	0.000469854	0.0	0.000277366	0.0	0.0	0.0	0.0	0.0	0.0	0.0	0.0	0.0	0.0	0.0	0.0	0.0	0.0	0.0	0.0	0.0	0.0	0.0	0.0	0.0	0.0	1.80633e-05	0.0	0.00016432599999999998	0.0	0.0	0.0	0.0	0.0	0.0	0.0	0.0	0.0	0.0	0.0	0.0	0.0	0.0	0.0	0.0	0.0	0.0	0.0	0.0	0.0	0.0	0.0	0.0	0.0	0.0	0.0
AeC01086_CKDL210012719-1a-AK7758-GD06_HF5TCDSX2_L1_clmp_r1r2_fastp	0.00725129	0.0255146	0.00010388699999999999	0.0009557569999999999	0.0	0.0	0.0	0.0	0.0	0.0	0.0	8.31093e-05	0.0	0.0	0.0	0.0022024	8.31093e-05	0.0	0.0	0.0	0.0	0.00010388699999999999	0.00043632400000000003	0.0	0.0	0.0	6.2332e-05	0.000207773	0.000415547	0.000249328	4.1554700000000004e-05	2.07773e-05	2.07773e-05	0.000270154	2.07846e-05	6.236579999999999e-05	8.31709e-05	2.07969e-05	0.00027041200000000004	0.0007282	0.0	0.0	0.0	0.0	0.0	0.0	0.0	0.00264773	0.0	2.0861000000000002e-05	0.0	0.0	0.000501162	0.0	0.0	0.00664794	0.0	0.0	0.0	0.0	0.0	2.09616e-05	0.0	0.000125902	0.0	0.0	0.0	0.0	0.0	0.0	2.1086300000000002e-05	0.0	0.0	0.0	0.0	0.0	0.0	0.00034010999999999997	0.0	0.0	0.0	0.0	0.0	0.0	0.0	0.0	0.0	0.0	0.0	0.0	0.0	0.0	0.000175739	0.0	0.0061878	0.000509875	0.0	0.000245446	0.0	0.0	0.0	0.0	0.0	0.0	0.0	0.0	0.0	0.0	0.0	0.0	0.0	0.0	0.0	0.0	0.0	0.0	0.0	0.0	0.0	0.0	0.0	0.0	0.000148698	0.0	0.0	0.0	0.0	0.0	0.0	0.0	0.0	0.0	0.0	0.0	0.0	0.0	0.0	0.0	0.0	0.0	0.0	0.0	0.0	0.0	0.0	0.0	0.0	0.0	0.0	0.0
AeC01087_CKDL210012719-1a-AK7078-GD06_HF5TCDSX2_L1_clmp_r1r2_fastp	0.0071737599999999995	0.0244061	0.000102118	0.000714823	0.0	0.0	0.0	0.0	0.0	0.0	0.0	7.658819999999999e-05	0.0	0.0	0.0	0.00239976	5.10588e-05	0.0	0.0	0.0	0.0	5.10588e-05	0.000485058	0.0	0.0	0.0	5.10588e-05	0.000153176	0.000382941	0.000255294	5.10588e-05	2.55294e-05	0.0	0.000331937	0.0	5.1084699999999996e-05	5.10938e-05	0.0	0.000408896	0.000587895	0.0	0.0	0.0	0.0	0.0	0.0	0.0	0.0025602	0.0	2.56141e-05	0.0	0.0	0.0005639470000000001	0.0	0.0	0.00726052	0.0	0.0	0.0	0.0	0.0	2.57091e-05	0.0	0.00020584	0.0	0.0	0.0	0.0	0.0	0.0	0.0	0.0	0.0	0.0	0.0	0.0	0.0	0.000129963	0.0	0.0	0.0	0.0	0.0	0.0	0.0	0.0	0.0	0.0	0.0	0.0	0.0	0.0	5.33512e-05	0.0	0.0060304799999999995	0.00032242	0.0	0.000135031	0.0	0.0	0.0	0.0	0.0	0.0	0.0	0.0	0.0	0.0	0.0	0.0	0.0	0.0	0.0	0.0	0.0	0.0	0.0	0.0	0.0	0.0	0.0	0.0	5.86672e-05	0.0	0.0	0.0	0.0	0.0	0.0	0.0	0.0	0.0	0.0	0.0	0.0	0.0	0.0	0.0	0.0	0.0	0.0	0.0	0.0	0.0	0.0	0.0	0.0	0.0	0.0	0.0
AeC01088_CKDL210012719-1a-AK9143-GD06_HF5TCDSX2_L1_clmp_r1r2_fastp	0.00733028	0.025455600000000002	0.00011785	0.0009192310000000001	0.0	0.0	0.0	0.0	0.0	0.0	0.0	7.07101e-05	0.0	0.0	0.0	0.00209773	4.71401e-05	0.0	0.0	0.0	0.0	4.71401e-05	0.000494971	0.0	0.0	0.0	0.00011785	9.42801e-05	0.00037712	0.0002357	4.71401e-05	2.357e-05	0.0	0.000353617	0.0	0.0	9.43532e-05	0.0	0.000353969	0.000542871	0.0	0.0	0.0	0.0	0.0	0.0	0.0	0.00255402	0.0	2.36613e-05	0.0	0.0	0.000402594	0.0	0.0	0.00677967	0.0	0.0	0.0	0.0	0.0	0.0	0.0	0.000166467	0.0	0.0	0.0	0.0	0.0	0.0	4.7759199999999995e-05	0.0	0.0	0.0	0.0	0.0	0.0	0.00014424900000000002	0.0	0.0	0.0	0.0	0.0	0.0	0.0	0.0	0.0	0.0	0.0	0.0	0.0	0.0	0.00012354	0.0	0.00566179	0.0005726310000000001	0.0	0.000275337	0.0	0.0	0.0	0.0	0.0	0.0	0.0	0.0	0.0	0.0	0.0	0.0	0.0	0.0	0.0	0.0	0.0	0.0	0.0	0.0	0.0	2.69896e-05	0.0	0.0	0.000245939	0.0	0.0	0.0	0.0	0.0	0.0	0.0	0.0	0.0	0.0	0.0	0.0	0.0	0.0	0.0	0.0	0.0	0.0	0.0	0.0	0.0	0.0	0.0	0.0	0.0	0.0	0.0
AeC01089_CKDL210012719-1a-5UDI225-GD06_HF5TCDSX2_L1_clmp_r1r2_fastp	0.007771510000000001	0.025950099999999997	9.01045e-05	0.0009460969999999999	0.0	0.0	0.0	0.0	0.0	0.0	0.0	0.00013515699999999998	0.0	0.0	0.0	0.00238777	0.000180209	0.0	0.0	0.0	0.0	2.25261e-05	0.00042799600000000004	0.0	0.0	0.0	4.50522e-05	0.000337892	0.000382944	0.000247787	0.000112631	0.0	0.0	0.00036048199999999997	0.0	2.25381e-05	0.0	0.0	0.00040590600000000004	0.000902192	0.0	0.0	0.0	0.0	0.0	0.0	0.0	0.00262119	0.0	0.0	0.0	0.0	0.000339438	0.0	0.0	0.00765621	0.0	0.0	0.0	0.0	0.0	9.082859999999999e-05	0.0	0.00013637800000000001	0.0	0.0	0.0	0.0	0.0	0.0	0.0	0.0	0.0	0.0	0.0	0.0	0.0	0.00048320599999999997	0.0	0.0	0.0	0.0	0.0	0.0	0.0	0.0	0.0	0.0	0.0	0.0	0.0	0.0	9.50117e-05	0.0	0.006259539999999999	0.000431341	0.0	0.00024112599999999998	0.0	0.0	0.0	0.0	0.0	0.0	0.0	0.0	0.0	0.0	0.0	0.0	0.0	0.0	0.0	0.0	0.0	0.0	0.0	0.0	0.0	0.0	2.64206e-05	0.0	5.33551e-05	0.0	0.0	0.0	0.0	0.0	0.0	0.0	0.0	0.0	0.0	0.0	0.0	0.0	0.0	0.0	0.0	0.0	0.0	0.0	0.0	0.0	0.0	0.0	0.0	0.0	0.0	0.0
AeC01090_CKDL210012719-1a-AK9144-GD06_HF5TCDSX2_L1_clmp_r1r2_fastp	0.00777478	0.025068999999999998	0.00011857	0.0008469259999999999	0.0	0.0	0.0	0.0	0.0	0.0	0.0	5.08156e-05	0.0	0.0	0.0	0.00252384	6.775410000000001e-05	0.0	0.0	0.0	0.0	0.000101631	0.00045734000000000004	0.0	0.0	0.0	0.000101631	0.000186324	0.00042346299999999995	0.000287955	5.08156e-05	1.69385e-05	0.0	0.000321881	3.38872e-05	3.3892599999999995e-05	5.0847199999999997e-05	1.6952e-05	0.00037301200000000004	0.0007800690000000001	0.0	0.0	0.0	0.0	0.0	0.0	0.0	0.00246333	0.0	0.0	0.0	0.0	0.0005444310000000001	0.0	0.0	0.007119009999999999	0.0	0.0	0.0	0.0	0.0	0.0	0.0	0.000153825	0.0	0.0	0.0	1.71344e-05	0.0	0.0	1.71756e-05	0.0	0.0	0.0	0.0	0.0	0.0	0.000381016	0.0	0.0	0.0	0.0	0.0	0.0	0.0	0.0	0.0	0.0	0.0	0.0	0.0	0.0	7.16875e-05	0.0	0.006564239999999999	0.00037993799999999997	0.0	0.00020036600000000003	0.0	0.0	0.0	0.0	0.0	0.0	0.0	0.0	0.0	0.0	0.0	0.0	1.91726e-05	0.0	0.0	0.0	0.0	0.0	0.0	0.0	0.0	0.0	0.0	0.0	0.000142235	0.0	0.0	0.0	0.0	0.0	0.0	0.0	0.0	0.0	0.0	0.0	0.0	0.0	0.0	0.0	0.0	0.0	0.0	0.0	0.0	0.0	0.0	0.0	0.0	0.0	0.0	0.0
AeC01091_CKDL210012719-1a-AK3911-GD06_HF5TCDSX2_L1_clmp_r1r2_fastp	0.0072821100000000005	0.024955099999999997	6.38782e-05	0.0012349799999999999	0.0	0.0	0.0	0.0	0.0	0.0	0.0	0.000127756	0.0	0.0	0.0	0.0024273700000000003	0.000106464	0.0	0.0	0.0	0.0	2.12927e-05	0.000681367	0.0	0.0	0.0	6.38782e-05	0.00021292700000000002	0.000383269	0.00025551299999999996	2.12927e-05	2.12927e-05	0.0	0.000255543	2.12981e-05	0.0	2.13038e-05	2.13068e-05	0.00049013	0.000809901	0.0	0.0	0.0	0.0	0.0	0.0	0.0	0.0028602199999999997	0.0	2.13547e-05	0.0	0.0	0.000470177	0.0	0.0	0.0078723	0.0	0.0	0.0	0.0	0.0	0.0	0.0	0.000279035	0.0	0.0	0.0	0.0	0.0	0.0	2.15726e-05	0.0	0.0	0.0	0.0	0.0	0.0	0.000304718	0.0	0.0	0.0	0.0	0.0	0.0	0.0	0.0	0.0	0.0	0.0	0.0	0.0	0.0	6.78729e-05	0.0	0.00633481	0.00045744699999999993	0.0	0.00025357799999999996	0.0	0.0	0.0	0.0	0.0	0.0	0.0	0.0	0.0	0.0	0.0	0.0	0.0	0.0	0.0	0.0	0.0	0.0	0.0	0.0	0.0	0.0	0.0	0.0	0.000209416	0.0	0.0	0.0	0.0	0.0	0.0	0.0	0.0	0.0	0.0	0.0	0.0	0.0	0.0	0.0	0.0	0.0	0.0	0.0	0.0	0.0	0.0	0.0	0.0	0.0	0.0	0.0
AeC01092_CKDL210012719-1a-5UDI245-GD06_HF5TCDSX2_L1_clmp_r1r2_fastp	0.007821650000000001	0.0248667	0.00010158000000000001	0.000995482	0.0	0.0	0.0	0.0	0.0	0.0	0.0	0.000142212	0.0	0.0	0.0	0.00235665	6.09479e-05	0.0	0.0	0.0	0.0	4.06319e-05	0.000528215	0.0	0.0	0.0	0.0	0.000142212	0.00034537099999999997	0.00020316000000000003	8.12638e-05	0.0	0.0	0.000426708	0.0	2.03267e-05	8.13239e-05	0.0	0.00044746600000000004	0.000752711	0.0	0.0	0.0	0.0	0.0	0.0	0.0	0.00289467	0.0	6.119240000000001e-05	0.0	0.0	0.000571714	0.0	0.0	0.0074816	0.0	0.0	0.0	0.0	0.0	2.0497399999999998e-05	0.0	0.00022572300000000002	0.0	0.0	0.0	0.0	0.0	0.0	2.06279e-05	0.0	0.0	0.0	0.0	0.0	0.0	0.000312138	0.0	0.0	0.0	0.0	0.0	0.0	0.0	0.0	0.0	0.0	0.0	0.0	0.0	0.0	6.47143e-05	0.0	0.006123249999999999	0.00041396400000000006	0.0	8.77687e-05	0.0	0.0	0.0	0.0	0.0	0.0	0.0	0.0	0.0	0.0	0.0	0.0	0.0	0.0	0.0	0.0	0.0	0.0	0.0	0.0	0.0	0.0	2.43217e-05	0.0	7.37502e-05	0.0	0.0	0.0	0.0	0.0	0.0	0.0	0.0	0.0	0.0	0.0	0.0	0.0	0.0	0.0	0.0	0.0	0.0	0.0	0.0	0.0	0.0	0.0	0.0	0.0	0.0	0.0
AeC01094_CKDL210012719-1a-5UDI294-AK4234_HF5TCDSX2_L1_clmp_r1r2_fastp	0.006712699999999999	0.0236295	0.000103912	0.000519559	0.0	0.0	0.0	0.0	0.0	0.0	0.0	4.15647e-05	0.0	0.0	0.0	0.00203667	0.0	0.0	0.0	0.0	0.0	4.15647e-05	0.00027016999999999997	0.0	0.0	0.0	4.15647e-05	6.234699999999999e-05	0.000311735	0.000187041	0.000103912	4.15647e-05	0.0	0.00039492399999999995	4.15779e-05	8.31709e-05	2.07965e-05	0.0	0.000332869	0.000332934	0.0	0.0	0.0	0.0	0.0	0.0	0.0	0.00256411	0.0	2.08573e-05	0.0	0.0	0.00041749800000000003	0.0	0.0	0.00649821	0.0	0.0	0.0	0.0	0.0	4.1882900000000005e-05	0.0	0.00020959799999999997	0.0	0.0	0.0	0.0	0.0	0.0	0.0	0.0	0.0	0.0	0.0	0.0	0.0	0.000275535	0.0	0.0	0.0	0.0	0.0	0.0	0.0	0.0	0.0	0.0	0.0	0.0	0.0	0.0	2.1832599999999998e-05	0.0	0.0056413999999999995	0.00039623299999999996	0.0	0.000132853	0.0	0.0	0.0	0.0	0.0	0.0	0.0	0.0	0.0	0.0	0.0	2.3073800000000003e-05	0.0	0.0	0.0	0.0	0.0	0.0	0.0	0.0	0.0	0.0	0.0	0.0	4.87635e-05	0.0	0.0	0.0	0.0	0.0	0.0	0.0	0.0	0.0	0.0	0.0	0.0	0.0	0.0	0.0	0.0	0.0	0.0	0.0	0.0	0.0	0.0	0.0	0.0	0.0	0.0	0.0
AeC01095_CKDL210012719-1a-AK9146-AK4234_HF5TCDSX2_L1_clmp_r1r2_fastp	0.00723855	0.0243721	0.000142631	0.00112322	0.0	0.0	0.0	0.0	0.0	0.0	0.0	8.91447e-05	0.0	0.0	0.0	0.00237125	7.13157e-05	0.0	0.0	0.0	0.0	0.000124803	0.000534868	0.0	0.0	0.0	5.3486800000000004e-05	0.000249605	0.00046355199999999994	0.00030309200000000003	3.56579e-05	1.7828899999999998e-05	1.7828899999999998e-05	0.0004992820000000001	1.78341e-05	3.56742e-05	3.56803e-05	0.0	0.000392617	0.0009103029999999999	0.0	0.0	0.0	0.0	0.0	0.0	0.0	0.00295002	0.0	1.7887499999999998e-05	0.0	0.0	0.00048335399999999997	0.0	0.0	0.0068267499999999995	0.0	0.0	0.0	0.0	0.0	1.79569e-05	0.0	0.000179729	0.0	0.0	0.0	0.0	0.0	0.0	1.80496e-05	0.0	0.0	0.0	0.0	0.0	0.0	0.000436278	0.0	0.0	0.0	0.0	0.0	0.0	0.0	0.0	0.0	0.0	0.0	0.0	0.0	0.0	0.000168618	0.0	0.0061978300000000005	0.0006423609999999999	0.0	0.000190068	0.0	0.0	0.0	0.0	0.0	0.0	0.0	0.0	0.0	0.0	0.0	0.0	0.0	0.0	0.0	0.0	0.0	0.0	0.0	0.0	0.0	2.0707e-05	2.08058e-05	0.0	0.000168076	0.0	0.0	0.0	0.0	0.0	0.0	0.0	0.0	0.0	0.0	0.0	0.0	0.0	0.0	0.0	0.0	0.0	0.0	0.0	0.0	0.0	0.0	0.0	0.0	2.46583e-05	0.0	0.0
AeC01096_CKDL210012719-1a-AK5577-AK4234_HF5TCDSX2_L1_clmp_r1r2_fastp	0.00682085	0.0260728	0.00011811	0.0009153519999999999	0.0	0.0	0.0	0.0	0.0	0.0	0.0	0.00011811	0.0	0.0	0.0	0.00221456	0.0	0.0	0.0	0.0	0.0	2.95275e-05	0.000442912	0.0	0.0	0.0	5.9055e-05	8.85824e-05	0.000324802	0.000295275	0.0	2.95275e-05	0.0	0.000354397	0.0	8.86314e-05	0.0	0.0	0.00029561400000000003	0.000768759	0.0	0.0	0.0	0.0	0.0	0.0	0.0	0.0022812699999999997	0.0	2.96447e-05	0.0	0.0	0.000415435	0.0	0.0	0.00709981	0.0	0.0	0.0	0.0	0.0	0.0	0.0	0.00011926599999999999	0.0	0.0	0.0	0.0	0.0	0.0	0.0	0.0	0.0	0.0	0.0	0.0	0.0	0.000272001	0.0	0.0	0.0	0.0	0.0	0.0	0.0	0.0	0.0	0.0	0.0	0.0	0.0	0.0	6.26564e-05	0.0	0.006717679999999999	0.00037976	0.0	9.562310000000001e-05	0.0	0.0	0.0	0.0	0.0	0.0	0.0	0.0	0.0	0.0	0.0	0.0	0.0	0.0	0.0	0.0	0.0	0.0	0.0	0.0	0.0	0.0	3.54013e-05	0.0	0.0	0.0	0.0	0.0	0.0	0.0	0.0	0.0	0.0	0.0	0.0	0.0	0.0	0.0	0.0	0.0	0.0	0.0	0.0	0.0	0.0	0.0	0.0	0.0	0.0	0.0	0.0	0.0
