Sample	1	2	3	4	5	6	7	8	9	10	11	12	13	14	15	16	17	18	19	20	21	22	23	24	25	26	27	28	29	30	31	32	33	34	35	36	37	38	39	40	41	42	43	44	45	46	47	48	49	50	51	52	53	54	55	56	57	58	59	60	61	62	63	64	65	66	67	68	69	70	71	72	73	74	75	76	77	78	79	80	81	82	83	84	85	86	87	88	89	90	91	92	93	94	95	96	97	98	99	100	101	102	103	104	105	106	107	108	109	110	111	112	113	114	115	116	117	118	119	120	121	122	123	124	125	126	127	128	129	130	131	132	133	134	135	136	137	138	139	140	141	142	143	144	145	146	147	148	149	150
AeA01001_CKDL210012719-1a-AK9141-7UDI214_HF5TCDSX2_L1_clmp_r1r2_fastp	56.7766	39.0798	41.1273	38.5105	38.662600000000005	38.0633	37.3878	40.428399999999996	40.2872	37.151	44.1433	43.161300000000004	40.884100000000004	40.2661	40.2147	40.0531	40.3723	40.4052	40.4379	40.8209	40.550399999999996	40.5332	40.0653	39.7892	39.4652	39.4848	39.5472	39.8432	40.0682	39.9461	40.089200000000005	40.031	39.940799999999996	39.7631	39.7148	39.8428	39.663399999999996	39.8542	39.8547	39.838	39.9555	39.546	39.713300000000004	39.598499999999994	39.610299999999995	39.5677	39.6587	39.5986	39.7127	39.4065	39.6467	39.8902	39.7001	39.4985	39.5265	39.460499999999996	39.7472	39.4388	39.786899999999996	39.604	39.6696	39.5279	39.4692	39.686	39.7901	39.615	39.7699	39.8122	39.8748	39.7348	39.8025	39.702799999999996	39.8758	39.671800000000005	39.777699999999996	39.7889	39.9179	39.8457	40.0265	39.7797	39.925399999999996	39.6868	39.8838	40.0984	40.1361	39.909099999999995	39.8053	40.0613	40.144400000000005	39.7694	40.2017	39.9246	39.8316	39.8969	39.915299999999995	40.295199999999994	40.0916	39.960499999999996	40.0322	40.2796	40.0739	40.111799999999995	39.947700000000005	39.9667	40.2154	39.704	39.856700000000004	39.8456	40.0694	40.314499999999995	40.231899999999996	40.309	40.088	39.834399999999995	39.8148	40.2566	40.0859	39.7659	40.3044	40.1098	40.5991	40.279199999999996	40.0912	40.2937	39.927600000000005	40.219500000000004	40.049600000000005	40.1097	40.4043	40.4433	40.5024	40.422999999999995	40.3721	40.1172	40.5415	40.6586	40.516400000000004	40.740500000000004	40.5226	41.0319	40.3281	40.8028	40.2049	40.3636	40.2163	40.9203	41.1704	40.9848	41.0671	39.9681
AeA01002_CKDL210012719-1a-AK9141-AK4971_HF5TCDSX2_L1_clmp_r1r2_fastp	55.7213	39.6304	41.1386	38.8399	38.8378	38.178	37.4668	40.611799999999995	40.4803	37.5576	44.0263	43.3311	41.1444	40.413900000000005	40.415800000000004	40.2745	40.5948	40.5423	40.6154	41.0067	40.8956	40.744	40.281	40.0804	39.6376	39.7137	39.7892	40.0287	40.374700000000004	40.1207	40.3387	40.355999999999995	40.130300000000005	40.009	39.9606	40.1093	39.8667	40.0555	40.0744	40.0535	40.091100000000004	39.757799999999996	39.8776	39.8755	39.8439	39.8106	39.826499999999996	39.8384	39.922200000000004	39.518100000000004	39.8591	40.0866	39.9131	39.5842	39.766600000000004	39.7453	39.9476	39.663	39.9746	39.7276	39.8641	39.5728	39.6825	39.8626	39.9858	39.7322	39.8361	39.9323	39.9243	39.7564	39.9223	39.7916	39.9125	39.734700000000004	39.8441	39.8059	39.9498	39.8106	39.9988	39.7614	39.8441	39.590199999999996	39.8443	40.043	40.1034	39.8492	39.6383	40.0459	40.1616	39.745200000000004	40.137699999999995	39.896300000000004	39.7911	39.78	39.7588	40.197	40.063900000000004	39.854099999999995	40.0662	40.02	40.0945	39.8125	39.8978	39.8231	40.2192	39.6143	39.744800000000005	39.8555	40.0254	40.3218	40.2382	40.265499999999996	39.9851	39.7404	39.746500000000005	40.0837	39.973	39.5901	40.1888	40.139	40.516600000000004	40.217999999999996	39.827	40.3138	39.8355	40.0984	40.1845	40.1853	40.4515	40.530699999999996	40.5091	40.5536	40.5068	40.1712	40.5845	40.6095	40.740500000000004	40.7275	40.5684	41.0574	40.4917	40.8544	40.2415	40.464	40.400999999999996	40.7937	41.2144	41.0022	41.2956	39.8144
AeA01003_CKDL210012719-1a-AK9141-AK1864_HF5TCDSX2_L1_clmp_r1r2_fastp	55.686800000000005	39.8763	40.9737	38.5302	38.6875	38.0048	37.3951	40.1717	40.0021	37.3826	43.500299999999996	42.7763	40.6691	40.073	40.041700000000006	39.8939	40.233999999999995	40.259699999999995	40.214	40.5767	40.426899999999996	40.317	39.8908	39.6664	39.3084	39.3252	39.4395	39.7119	39.980399999999996	39.807500000000005	39.970099999999995	39.9655	39.8174	39.6628	39.5858	39.7201	39.5179	39.7097	39.7283	39.678799999999995	39.7995	39.4688	39.583	39.4589	39.447500000000005	39.4466	39.4826	39.492399999999996	39.65	39.311800000000005	39.550000000000004	39.745599999999996	39.6009	39.3711	39.4327	39.3598	39.576899999999995	39.3358	39.7206	39.4458	39.554	39.3782	39.3714	39.554	39.647	39.457	39.617599999999996	39.658	39.733200000000004	39.663199999999996	39.707100000000004	39.5881	39.750600000000006	39.5525	39.650200000000005	39.6374	39.757999999999996	39.6637	39.8262	39.6879	39.7618	39.5678	39.7637	39.948899999999995	40.050999999999995	39.8252	39.7008	39.9239	40.0333	39.6772	40.1171	39.783699999999996	39.819700000000005	39.8033	39.826899999999995	40.1954	40.050200000000004	39.8356	39.937	40.137699999999995	39.9827	39.93	39.8743	39.8113	40.1213	39.5979	39.7696	39.8715	39.9577	40.2039	40.127	40.2342	39.9118	39.7308	39.719300000000004	40.0536	40.033	39.644400000000005	40.0541	40.0223	40.4946	40.2543	39.938	40.1321	39.8693	39.9791	39.8399	40.006	40.2805	40.313500000000005	40.3472	40.3949	40.2256	39.998400000000004	40.2557	40.4937	40.4064	40.5084	40.307700000000004	40.7793	40.1198	40.392	40.0213	40.3499	39.9922	40.732099999999996	41.1014	40.6518	41.045300000000005	39.7285
AeA01004_CKDL210012719-1a-AK9141-AK7558_HF5TCDSX2_L1_clmp_r1r2_fastp	54.610400000000006	39.1616	40.5775	38.2552	38.3614	37.6413	37.0481	39.6687	39.7286	37.042	42.9983	42.3452	40.2793	39.7374	39.6827	39.6567	39.8595	39.6752	39.7642	40.2227	40.0396	39.8398	39.548	39.3241	39.0172	38.9182	39.1509	39.1716	39.4661	39.3882	39.5436	39.4309	39.5204	39.256299999999996	39.0631	39.2716	39.1533	39.1998	39.2755	39.275999999999996	39.3699	39.0509	39.1312	39.1301	39.0855	38.9507	39.0359	39.101200000000006	39.2066	38.9436	39.0811	39.2532	39.2213	39.1179	39.2026	39.2339	39.3604	38.9668	39.3036	39.0095	39.270500000000006	39.1098	39.0103	39.2584	39.143499999999996	39.1311	39.288000000000004	39.3714	39.3373	39.133	39.4635	39.3031	39.468399999999995	39.311099999999996	39.385999999999996	39.3691	39.452999999999996	39.5047	39.6986	39.554	39.4914	39.3577	39.6479	39.7783	39.767599999999995	39.710499999999996	39.599000000000004	39.6948	39.744299999999996	39.6671	40.009299999999996	39.758900000000004	39.683	39.799800000000005	39.7646	39.892	39.9985	39.6887	40.103699999999996	40.007	39.908100000000005	39.9018	39.9726	39.7899	40.1789	39.922200000000004	39.6234	39.9329	39.911	40.1815	40.0775	40.2968	39.888400000000004	40.464299999999994	40.059400000000004	40.2351	39.988600000000005	40.0335	40.1237	40.2081	40.7522	40.1343	40.308	40.442	40.453	40.4289	40.549800000000005	40.5342	40.4837	40.7406	40.8106	40.6095	40.5147	40.6479	40.9712	40.978300000000004	40.7248	40.9028	40.650999999999996	41.308	40.7725	41.1822	40.848	40.7858	40.7939	40.8937	41.5354	41.228300000000004	41.4515	40.5145
AeA01005_CKDL210012719-1a-AK9141-7UDI308_HF5TCDSX2_L1_clmp_r1r2_fastp	55.1501	38.6228	40.2851	38.001400000000004	38.089800000000004	37.2722	36.6147	39.775	39.4817	36.6159	43.2138	42.145500000000006	40.1654	39.517799999999994	39.5265	39.2984	39.6162	39.5527	39.452999999999996	40.0434	39.7698	39.6943	39.4265	38.947700000000005	38.630199999999995	38.7545	38.8816	39.0074	39.4381	39.0548	39.322	39.326499999999996	39.211600000000004	38.849000000000004	39.0336	39.0024	38.9752	38.893699999999995	39.0351	38.9999	39.091	38.9156	38.993	38.9191	38.8114	38.6997	38.8217	38.9014	38.9619	38.8695	39.102599999999995	39.1824	38.865300000000005	39.0334	38.8718	38.8557	39.1224	38.838699999999996	39.027499999999996	38.8715	38.9332	38.9938	38.7485	38.8546	39.0311	38.915	39.1484	39.2258	39.0336	39.379799999999996	39.2417	39.0664	39.2158	39.1887	39.3477	39.1734	39.32	39.162400000000005	39.3378	39.5711	39.5574	39.123200000000004	39.467600000000004	39.504400000000004	39.793	39.385999999999996	39.4376	39.6804	39.8852	39.664300000000004	39.8679	39.907900000000005	39.738	39.6786	39.9435	40.1556	40.0718	39.8609	40.1736	40.2166	40.0941	40.0136	40.0757	40.017	40.5374	40.1104	40.1137	39.964	40.1757	40.6241	40.6154	40.518100000000004	40.2704	40.4253	40.4433	40.707	40.1325	40.6111	40.6412	40.430899999999994	40.6744	40.5808	40.6484	40.647	40.339999999999996	40.5819	41.1097	40.5925	41.051	40.847699999999996	41.4169	40.9523	40.6539	41.192499999999995	41.4475	41.3447	41.52	41.3769	41.0514	41.6379	41.340199999999996	41.3309	41.4161	41.1437	41.293400000000005	41.6817	41.5989	41.4865	41.8995	40.7851
AeA01006_CKDL210012719-1a-AK9141-AK2587_HF5TCDSX2_L1_clmp_r1r2_fastp	57.855599999999995	40.2139	42.2601	39.8808	39.87	39.1717	38.5028	41.7248	41.4535	38.3371	45.385	44.4014	42.0468	41.381299999999996	41.3221	41.1534	41.5608	41.4475	41.560399999999994	41.871199999999995	41.6544	41.5786	41.2661	40.8431	40.6024	40.658899999999996	40.6496	40.9124	41.2231	40.9381	41.2215	41.1633	41.0048	40.8144	40.8605	40.8759	40.7979	40.9162	40.869299999999996	40.9501	41.0432	40.6453	40.8146	40.7501	40.7057	40.635	40.778999999999996	40.6959	40.7919	40.6231	40.7502	40.9566	40.8632	40.543	40.7113	40.658699999999996	40.7822	40.6188	40.9555	40.7117	40.8311	40.677400000000006	40.681400000000004	40.7821	40.9213	40.7128	40.8777	40.9568	40.9188	40.931200000000004	41.0551	40.846700000000006	41.0306	40.8852	40.911500000000004	40.9001	41.127900000000004	40.9008	41.2059	41.004000000000005	41.051500000000004	40.9264	41.0584	41.2309	41.280899999999995	41.1321	41.0634	41.2706	41.3793	41.077000000000005	41.5152	41.228500000000004	41.1877	41.2498	41.3024	41.4508	41.469	41.3327	41.408699999999996	41.5171	41.5334	41.3724	41.416	41.425	41.5962	41.1653	41.4728	41.2717	41.5372	41.7551	41.673	41.7715	41.5696	41.3853	41.4282	41.7627	41.594300000000004	41.349599999999995	41.749199999999995	41.700700000000005	42.0579	41.778	41.545	41.8341	41.614000000000004	41.725	41.7666	41.8261	42.0742	42.0899	42.179	42.156	42.0357	41.9693	42.157	42.2992	42.383700000000005	42.2897	42.269800000000004	42.7164	42.1439	42.5366	42.1353	42.243399999999994	42.0538	42.7399	42.9234	42.705	42.9309	41.809200000000004
AeA01007_CKDL210012719-1a-AK9141-GC12_HF5TCDSX2_L1_clmp_r1r2_fastp	55.2965	38.3866	40.2223	37.7825	37.8165	37.2909	36.5803	39.588699999999996	39.5576	36.6242	43.1651	42.3391	40.057900000000004	39.481100000000005	39.4061	39.2556	39.6158	39.535599999999995	39.6589	39.9221	39.8046	39.6511	39.2651	39.010400000000004	38.676700000000004	38.6593	38.751400000000004	39.0209	39.2623	39.1412	39.2922	39.2797	39.1503	38.9361	38.9241	39.0111	38.8229	38.984	39.001799999999996	38.9947	39.0955	38.7608	38.9759	38.789699999999996	38.8189	38.7262	38.7752	38.7498	38.9042	38.6048	38.8683	39.0705	38.9179	38.709700000000005	38.78	38.723200000000006	38.8791	38.6608	38.9925	38.770700000000005	38.8343	38.7206	38.7154	38.8787	38.9641	38.765899999999995	38.8887	38.9613	38.981500000000004	38.9898	38.9891	38.9574	39.0559	38.8845	39.0293	38.9849	39.0994	38.9961	39.1875	38.9922	39.1534	38.8982	39.141799999999996	39.2674	39.2949	39.1409	38.9902	39.2539	39.3504	39.0273	39.4079	39.1325	39.1314	39.128800000000005	39.1924	39.4976	39.3729	39.1964	39.3052	39.4067	39.338	39.2575	39.219	39.2704	39.5121	39.0133	39.2006	39.193	39.3291	39.5758	39.4752	39.6119	39.2701	39.2023	39.217	39.5271	39.391799999999996	39.063199999999995	39.4512	39.3418	39.8716	39.508500000000005	39.330799999999996	39.624900000000004	39.2973	39.4939	39.3358	39.556799999999996	39.7723	39.7574	39.7267	39.9696	39.8122	39.5937	39.786300000000004	39.9313	39.8241	40.0606	39.8883	40.3856	39.9042	40.2601	39.6543	39.9696	39.6257	40.324799999999996	40.5143	40.2492	40.5034	39.3065
AeA01008_CKDL210012719-1a-AK9141-7UDI246_HF5TCDSX2_L1_clmp_r1r2_fastp	53.2416	37.1665	38.8453	36.652	36.591499999999996	35.755199999999995	35.3363	38.1712	37.8973	35.2742	41.387299999999996	40.6868	38.3461	37.8608	37.9026	37.8106	38.0679	37.7714	38.0317	38.291	38.1151	37.8486	37.8084	37.4412	37.166700000000006	37.1319	37.244	37.538700000000006	37.701299999999996	37.4444	37.6734	37.7342	37.4432	37.241099999999996	37.3805	37.3741	37.2335	37.318400000000004	37.3515	37.4535	37.5332	37.0962	37.3691	37.3574	37.146699999999996	36.993500000000004	37.2869	37.1637	37.2235	37.1096	37.2679	37.400800000000004	37.3459	37.0107	37.2123	37.2883	37.1463	36.980000000000004	37.4026	37.1691	37.2738	37.188700000000004	37.1908	37.316700000000004	37.4273	37.1391	37.3116	37.4737	37.3876	37.3472	37.6396	37.5282	37.5258	37.432300000000005	37.5424	37.569599999999994	37.6469	37.405699999999996	37.7136	37.782	37.629400000000004	37.5069	37.7725	37.811499999999995	37.8343	37.6785	37.7	37.8916	37.9629	37.571799999999996	38.002	37.9771	37.8652	37.835	38.0576	38.1402	38.0967	38.007600000000004	38.094699999999996	38.1866	38.4075	37.9447	38.168	38.258199999999995	38.313399999999994	37.999500000000005	38.4067	38.21	38.3728	38.5735	38.491	38.561800000000005	38.5974	38.3355	38.4484	38.845400000000005	38.591300000000004	38.3548	38.988	38.8134	38.9629	38.920500000000004	38.792	39.0039	39.0257	38.868700000000004	39.171299999999995	39.3546	39.204899999999995	39.2663	39.635799999999996	39.5174	39.4389	39.4046	39.604800000000004	39.7882	40.0197	39.7659	40.122600000000006	40.346199999999996	40.0855	40.3354	40.2972	40.252500000000005	40.3035	40.7369	40.7356	40.8202	41.247299999999996	39.4382
AeA01009_CKDL210012719-1a-AK3905-7UDI214_HF5TCDSX2_L1_clmp_r1r2_fastp	54.2331	37.8249	39.2197	36.8589	36.937799999999996	36.1859	35.5141	38.4997	38.394800000000004	35.5976	42.0834	41.300399999999996	39.073600000000006	38.4795	38.427099999999996	38.256499999999996	38.5661	38.439099999999996	38.5552	38.7809	38.6931	38.561299999999996	38.254599999999996	37.9276	37.658500000000004	37.669999999999995	37.709199999999996	37.9273	38.1571	38.036500000000004	38.1475	38.166	38.0174	37.8177	37.8749	37.9111	37.7611	37.8976	37.883	37.9442	38.019	37.7184	37.879200000000004	37.7655	37.7362	37.639	37.7754	37.6856	37.765100000000004	37.576100000000004	37.768299999999996	37.9221	37.8844	37.6455	37.688100000000006	37.701	37.7681	37.626	37.9434	37.7162	37.8422	37.7191	37.7145	37.8032	37.9225	37.7558	37.8345	37.9482	37.9739	37.9043	38.0826	38.0454	38.0591	37.9704	38.0731	37.9923	38.176500000000004	38.0927	38.1658	38.1326	38.2202	38.0575	38.2481	38.347500000000004	38.4048	38.2933	38.1927	38.405899999999995	38.512299999999996	38.2692	38.5903	38.4167	38.4869	38.4311	38.543699999999994	38.6717	38.632	38.5015	38.6401	38.723400000000005	38.7729	38.5741	38.6347	38.709700000000005	38.7843	38.4621	38.7159	38.677	38.8594	38.9876	38.8543	38.9835	38.9193	38.7557	38.7949	39.0789	38.809900000000006	38.7033	39.0519	38.916000000000004	39.347100000000005	39.170500000000004	38.8277	39.0986	39.0492	39.0873	39.1401	39.1727	39.250099999999996	39.246700000000004	39.5154	39.3806	39.4851	39.395599999999995	39.461600000000004	39.5252	39.7554	39.496700000000004	39.5497	39.9264	39.5071	39.939	39.626	39.5718	39.6282	40.051500000000004	40.195100000000004	40.0351	40.2924	39.041
AeA01010_CKDL210012719-1a-AK3905-AK4971_HF5TCDSX2_L1_clmp_r1r2_fastp	54.330999999999996	38.1313	39.4128	37.2754	37.2936	36.5969	35.984300000000005	38.6995	38.5753	35.9151	42.2359	41.3376	39.347500000000004	38.6839	38.6125	38.447199999999995	38.7883	38.6923	38.8237	39.095600000000005	39.108399999999996	38.750800000000005	38.5578	38.1522	37.8504	37.8257	38.0066	38.177	38.440999999999995	38.1877	38.5144	38.4319	38.1646	38.0855	38.1479	38.2455	38.0499	38.108	38.177	38.0854	38.252399999999994	37.8957	38.1284	38.115300000000005	38.0676	37.7973	38.2025	37.967600000000004	38.1393	37.952799999999996	38.1117	38.2936	38.2408	37.8445	38.1065	38.039699999999996	38.1384	37.8977	38.213	38.033899999999996	38.0662	38.0048	38.0585	38.2823	38.311099999999996	38.0438	38.249100000000006	38.3092	38.372299999999996	38.1846	38.3861	38.3865	38.412800000000004	38.2034	38.4664	38.356	38.5296	38.461	38.5492	38.493100000000005	38.6804	38.372299999999996	38.5705	38.725	38.993100000000005	38.521499999999996	38.682100000000005	38.9289	39.0764	38.765899999999995	39.1016	38.897	39.068999999999996	38.9856	38.939800000000005	39.263999999999996	39.1706	38.961400000000005	39.022	39.2879	39.1692	39.0461	39.171800000000005	39.2478	39.402300000000004	38.967800000000004	39.416000000000004	39.3497	39.5057	39.644800000000004	39.7324	39.783	39.671800000000005	39.346199999999996	39.5792	39.8145	39.5967	39.268	39.979	39.8004	40.0325	39.9379	39.833800000000004	39.801700000000004	39.8783	39.5527	40.1604	39.8705	40.1942	40.2485	40.4294	40.1601	40.4765	40.5907	40.421600000000005	40.3383	40.6184	40.568599999999996	40.3741	41.1922	40.592299999999994	40.9665	39.872099999999996	40.665	40.3598	40.5562	41.2627	40.4561	41.4702	40.1073
AeA01011_CKDL210012719-1a-AK3905-AK1864_HF5TCDSX2_L1_clmp_r1r2_fastp	56.6564	38.805099999999996	41.4634	38.9571	38.8402	37.891000000000005	37.208999999999996	40.1819	39.9363	36.985	44.0514	43.1663	40.9799	40.273199999999996	40.2651	40.0239	40.498200000000004	40.2847	40.4989	40.6471	40.5924	40.5124	40.1415	39.8763	39.650200000000005	39.5416	39.6834	39.8868	40.1282	40.0348	40.2329	40.1559	40.0563	39.838699999999996	39.944	39.9156	39.7549	40.022000000000006	39.883	39.9864	39.9932	39.7125	39.9236	39.7575	39.657199999999996	39.6719	39.7284	39.685199999999995	39.8495	39.5171	39.8361	39.9436	39.9258	39.5996	39.7262	39.7712	39.769	39.5773	39.961	39.7771	39.8357	39.771	39.6285	39.8388	39.9668	39.7538	39.893499999999996	39.996900000000004	39.894600000000004	39.9968	40.042699999999996	40.0091	39.9507	39.8649	39.9588	39.917	40.0787	40.0439	40.1695	40.0804	40.1149	40.0368	40.2274	40.374700000000004	40.4304	40.2507	40.0562	40.381099999999996	40.4968	40.3158	40.6289	40.3281	40.340199999999996	40.2937	40.4154	40.7253	40.6603	40.56	40.480199999999996	40.8215	40.710800000000006	40.5702	40.5567	40.6551	40.6756	40.4929	40.6483	40.622	40.8557	40.9378	40.863699999999994	41.0267	40.8527	40.7706	40.7308	41.1207	40.7951	40.582	41.1062	40.8638	41.5449	41.102199999999996	40.9488	41.1387	41.1312	41.245	41.1524	41.231	41.2018	41.359899999999996	41.3803	41.6431	41.5934	41.4264	41.6958	41.6513	41.827	41.5277	41.6931	41.8302	41.666	41.6953	41.3848	41.7935	41.2014	42.0428	42.385	42.0885	42.404399999999995	40.9267
AeA01012_CKDL210012719-1a-AK3905-AK7558_HF5TCDSX2_L1_clmp_r1r2_fastp	45.452999999999996	40.442099999999996	40.0534	39.126	38.5513	38.1982	38.1264	38.5762	38.9728	39.2029	39.793	39.9808	39.502900000000004	39.2507	39.1801	39.3696	39.419900000000005	39.467400000000005	39.7504	39.649699999999996	39.469	39.4664	38.934400000000004	39.1826	38.9144	38.8433	38.8264	39.0647	38.9774	39.0826	39.0548	39.169599999999996	39.1285	38.9476	39.0194	39.0708	39.075700000000005	38.8639	39.0053	38.989200000000004	38.9017	38.6757	38.8022	38.7201	38.785799999999995	38.6176	38.7537	38.6513	38.7456	38.479400000000005	38.7474	38.7252	38.602199999999996	38.7231	38.5934	38.87	38.6421	38.6045	38.7479	38.527699999999996	38.5784	38.6187	38.568400000000004	38.6376	38.7609	38.6286	38.6607	38.749	38.8268	38.7006	38.785199999999996	38.7581	38.579	38.6355	38.5668	38.6443	38.6154	38.7125	38.5167	38.6229	38.6076	38.6442	38.8278	39.001000000000005	38.920300000000005	38.8174	38.581900000000005	38.8808	38.6584	38.7975	38.7436	38.6133	38.8421	38.7733	38.6331	39.0033	38.8753	38.3536	38.9058	38.8014	38.713300000000004	38.8974	38.7964	38.618900000000004	38.8275	38.8095	38.5184	38.8146	38.8467	39.076499999999996	38.7026	38.968199999999996	39.0322	38.873799999999996	38.8094	39.042500000000004	38.696000000000005	38.8343	38.698100000000004	39.1394	39.2385	38.7347	38.6547	38.738099999999996	38.8922	38.904300000000006	39.1202	39.1348	39.427099999999996	39.5561	39.1404	39.3183	39.112	39.6393	39.030100000000004	39.482	39.3606	39.0945	39.1876	39.4093	39.4332	39.3883	39.1997	39.0796	39.1861	39.5134	40.0793	39.5403	39.8902	38.5035
AeA01013_CKDL210012719-1a-AK3905-7UDI308_HF5TCDSX2_L1_clmp_r1r2_fastp	52.540699999999994	36.797000000000004	38.1057	36.155300000000004	36.1588	35.382999999999996	34.855599999999995	37.674	37.512	34.740300000000005	40.9239	40.2245	37.9714	37.3838	37.4634	37.3757	37.609300000000005	37.3067	37.569900000000004	37.829299999999996	37.687	37.3408	37.3438	36.9692	36.6817	36.6135	36.7675	37.006	37.196	36.920199999999994	37.2	37.2596	36.9633	36.6942	36.9392	36.8891	36.7951	36.7551	36.9057	36.9386	37.1228	36.652499999999996	36.8869	36.878499999999995	36.7132	36.5353	36.837599999999995	36.7055	36.7814	36.647	36.8496	36.9047	36.9286	36.531400000000005	36.726	36.7878	36.6987	36.4342	36.9475	36.742599999999996	36.8363	36.6709	36.7727	36.8274	36.9365	36.674099999999996	36.855	37.0159	36.9475	36.8196	37.133	37.0409	37.0077	36.9338	37.0414	37.059799999999996	37.1725	36.9132	37.200100000000006	37.308400000000006	37.1922	36.9715	37.3581	37.2521	37.3822	37.2089	37.2183	37.2943	37.5351	37.094500000000004	37.4837	37.5296	37.3389	37.2541	37.5458	37.5936	37.522299999999994	37.3632	37.535000000000004	37.5908	37.711299999999994	37.2981	37.5104	37.688	37.6808	37.3164	37.7108	37.4955	37.586999999999996	37.6441	37.871	37.8269	37.884499999999996	37.5146	37.7211	37.9698	37.8542	37.6295	38.1461	37.927499999999995	38.0921	38.0058	37.9386	37.984899999999996	38.034400000000005	37.966899999999995	38.2948	38.2496	38.1412	38.0902	38.5422	38.3857	38.4218	38.3084	38.6199	38.4831	38.7476	38.5232	38.7946	39.301199999999994	38.787	38.8678	39.2584	39.1539	39.0375	39.454899999999995	39.472699999999996	39.3038	39.7327	38.223600000000005
AeA01014_CKDL210012719-1a-AK3905-AK2587_HF5TCDSX2_L1_clmp_r1r2_fastp	54.955299999999994	38.5309	39.7615	37.4442	37.644	37.0604	36.3205	39.1851	39.0803	36.336800000000004	42.7594	42.0034	39.900600000000004	39.2785	39.1992	39.0233	39.342	39.3614	39.3393	39.6662	39.5461	39.433	39.0561	38.786	38.4291	38.446999999999996	38.512	38.7734	39.0208	38.8994	39.0629	39.001799999999996	38.9209	38.6894	38.663	38.7571	38.583	38.722899999999996	38.7422	38.7343	38.8436	38.5465	38.691199999999995	38.5758	38.5469	38.479600000000005	38.5683	38.542300000000004	38.676300000000005	38.413000000000004	38.626599999999996	38.847500000000004	38.6753	38.496	38.5659	38.522	38.6253	38.4524	38.7544	38.5475	38.6558	38.506299999999996	38.4966	38.6361	38.7484	38.5814	38.699099999999994	38.7436	38.791	38.7483	38.8436	38.727000000000004	38.9388	38.6735	38.8674	38.8247	38.9776	38.785599999999995	39.0282	38.8221	38.982	38.7093	38.886700000000005	39.0778	39.1612	39.0367	38.8647	39.063199999999995	39.2058	38.992	39.2361	39.0468	39.0787	39.0122	39.1256	39.3835	39.2826	39.0515	39.2059	39.2499	39.3143	39.1742	39.1214	39.1717	39.4385	39.0233	39.1245	39.1586	39.1389	39.449	39.3808	39.5216	39.2257	39.1166	39.0339	39.508700000000005	39.3542	39.0524	39.3352	39.298100000000005	39.805099999999996	39.4703	39.1959	39.4908	39.2106	39.4575	39.393299999999996	39.4182	39.7082	39.5098	39.6825	39.7371	39.6372	39.4169	39.6686	39.9106	39.9229	39.7571	39.7376	40.226600000000005	39.6861	40.0406	39.475	39.8869	39.529199999999996	40.0926	40.4231	40.037	40.245	39.2811
AeA01015_CKDL210012719-1a-AK3905-GC12_HF5TCDSX2_L1_clmp_r1r2_fastp	54.3064	38.4816	39.8799	37.460300000000004	37.654900000000005	37.144800000000004	36.459599999999995	39.2218	39.189099999999996	36.5102	42.760999999999996	41.9966	39.9032	39.265499999999996	39.203500000000005	39.0872	39.3752	39.359100000000005	39.3889	39.7511	39.5682	39.4993	39.0304	38.7409	38.4634	38.428200000000004	38.5679	38.821	39.0937	38.9671	39.0915	39.0721	38.9509	38.756	38.683299999999996	38.818999999999996	38.6572	38.8103	38.8229	38.784	38.9221	38.568799999999996	38.764700000000005	38.5707	38.609300000000005	38.553599999999996	38.6447	38.565	38.7481	38.4507	38.7088	38.8712	38.7807	38.4996	38.6563	38.5465	38.696799999999996	38.4983	38.8247	38.585	38.6776	38.496	38.5644	38.6978	38.8187	38.644800000000004	38.7746	38.8539	38.8921	38.775999999999996	38.8609	38.808	38.9442	38.708999999999996	38.9286	38.8608	39.0128	38.8974	39.054899999999996	38.9246	38.915	38.7644	38.9611	39.0799	39.185700000000004	38.9604	38.8309	39.1342	39.2584	38.9831	39.3319	39.0387	39.080999999999996	39.056999999999995	39.0734	39.415099999999995	39.2535	39.063700000000004	39.2188	39.2742	39.2491	39.1816	39.170300000000005	38.9917	39.413399999999996	38.8616	39.081500000000005	39.0249	39.2399	39.5102	39.368199999999995	39.5527	39.2199	39.010400000000004	39.035	39.3393	39.300000000000004	39.049499999999995	39.3945	39.4039	39.863	39.6015	39.2084	39.6359	39.3583	39.3412	39.392500000000005	39.4677	39.7575	39.7287	39.7543	39.8754	39.8568	39.4977	39.7999	39.8571	39.8538	39.8958	39.771499999999996	40.5004	39.7532	40.1424	39.6088	39.7791	39.5713	40.1873	40.5514	40.1875	40.7392	39.317800000000005
AeA01016_CKDL210012719-1a-AK3905-7UDI246_HF5TCDSX2_L1_clmp_r1r2_fastp	54.4945	39.317600000000006	40.3073	38.1279	38.2963	37.693799999999996	37.0699	39.778999999999996	39.5196	36.9368	42.990899999999996	42.343399999999995	40.414899999999996	39.6728	39.7176	39.6288	39.8976	39.716499999999996	39.9103	40.222	40.1117	39.948	39.4953	39.2122	38.9663	38.976	39.054100000000005	39.3774	39.7084	39.3251	39.6698	39.4975	39.3121	39.1902	39.1545	39.1541	39.1291	39.2113	39.2168	39.2386	39.373000000000005	38.884299999999996	39.2153	39.0326	39.0413	38.894099999999995	39.0604	38.9763	39.1406	38.907599999999995	39.0385	39.322	39.243	38.915499999999994	39.0737	38.9978	39.1083	38.8302	39.3988	39.049499999999995	39.2203	39.0052	38.9426	39.094	39.4324	39.0552	39.0869	39.378800000000005	39.2021	39.2685	39.373200000000004	39.259100000000004	39.413399999999996	39.1676	39.3431	39.373799999999996	39.377	39.3754	39.4233	39.5531	39.5055	39.3047	39.67	39.7489	39.7656	39.679199999999994	39.413399999999996	39.6453	39.8395	39.5451	40.1312	39.793800000000005	39.8235	39.767799999999994	39.864	39.9746	40.0899	40.0382	39.914100000000005	40.030100000000004	40.0471	39.982299999999995	40.0689	39.905499999999996	40.2754	39.9114	40.0648	39.9505	40.1464	40.6184	40.3989	40.489999999999995	40.5129	40.1955	40.0245	40.5262	40.3498	40.127	40.6356	40.7067	41.014	40.8862	40.6917	40.541700000000006	40.8828	40.4336	41.0615	41.1249	40.8578	41.180699999999995	41.1995	41.3907	41.1362	40.8771	41.295	41.198800000000006	41.605399999999996	40.98	41.3531	41.8224	41.0629	41.4782	41.1064	41.2705	41.2237	41.708	42.2035	41.4222	41.9263	40.772999999999996
AeA01017_CKDL210012719-1a-AK7761-7UDI214_HF5TCDSX2_L1_clmp_r1r2_fastp	55.413900000000005	38.3762	40.1177	37.4784	37.7577	37.135400000000004	36.467	39.326699999999995	39.242399999999996	36.4769	43.0554	42.1802	40.0302	39.3184	39.3377	39.1167	39.4625	39.417699999999996	39.466	39.8279	39.657599999999995	39.5253	39.0935	38.884	38.5427	38.465700000000005	38.6305	38.8485	39.1199	38.995999999999995	39.0574	39.0596	39.0156	38.7688	38.7597	38.8163	38.6408	38.8564	38.8548	38.8451	38.9653	38.5938	38.7735	38.6319	38.6867	38.6201	38.6806	38.5984	38.7609	38.4478	38.716699999999996	38.8795	38.7656	38.5402	38.6331	38.5919	38.7658	38.5098	38.9065	38.6665	38.7301	38.589	38.5638	38.7593	38.851	38.683	38.823299999999996	38.8478	38.8897	38.7807	38.93	38.8207	38.9262	38.762	38.879200000000004	38.793299999999995	39.0187	38.812999999999995	39.0756	38.8975	39.0466	38.7895	38.9794	39.096599999999995	39.1799	38.9963	38.9172	39.1512	39.255	38.9387	39.3254	39.0131	39.1002	38.996900000000004	39.0241	39.4045	39.3583	39.0823	39.260099999999994	39.3009	39.2679	39.2005	39.1285	39.1121	39.5554	38.917	39.1484	39.0528	39.2367	39.529199999999996	39.4109	39.6012	39.4109	39.1836	39.272400000000005	39.425399999999996	39.444	39.212599999999995	39.5847	39.449400000000004	39.841100000000004	39.6085	39.3911	39.6311	39.3035	39.4052	39.5167	39.373200000000004	39.76	39.774100000000004	39.8398	39.807700000000004	39.8794	39.6787	39.8251	39.812999999999995	39.9902	40.0128	39.9611	40.4503	39.800200000000004	40.1986	39.523	39.7745	39.7123	40.2438	40.6556	40.1631	40.7694	39.3588
AeA01018_CKDL210012719-1a-AK7761-AK4971_HF5TCDSX2_L1_clmp_r1r2_fastp	57.579100000000004	42.0856	43.0189	40.9902	41.138400000000004	40.5537	39.7966	42.7678	42.3487	39.2023	46.1623	45.3232	43.2269	42.7761	42.1472	42.2044	42.6386	42.471399999999996	42.5289	42.601	42.4556	42.7803	42.698	42.2259	42.0263	41.9304	41.7899	41.9933	41.9481	42.085	42.1329	42.3589	42.0274	41.9728	42.3927	41.8293	42.0064	41.787600000000005	41.856500000000004	41.8958	42.174099999999996	41.9238	41.9647	42.135099999999994	41.8348	41.7624	41.8302	41.5001	41.8328	41.717999999999996	41.7765	41.792699999999996	42.1826	41.8318	41.922599999999996	41.8796	41.8018	41.7753	41.8135	41.6238	41.7414	41.7186	41.7032	41.8362	41.9868	41.801	41.8377	42.036	41.736200000000004	42.021	42.165	42.028	41.9473	42.233399999999996	41.9849	42.0946	42.2365	41.8461	41.9402	42.200700000000005	41.9413	42.0125	42.0555	41.8186	42.1122	41.81	42.0503	42.0896	42.2662	42.3108	42.2298	42.448	42.2734	42.2085	42.4206	41.9832	42.3176	42.3061	42.0815	42.118	42.4006	41.848600000000005	42.2143	42.1435	42.2503	42.1915	42.2869	42.1567	42.2455	42.3951	42.4353	42.5597	42.6199	42.248400000000004	42.227199999999996	42.6879	41.8799	42.333999999999996	42.1146	42.1582	42.1694	42.2184	42.5346	42.4332	42.1506	42.1798	42.1451	42.6135	42.349	42.533300000000004	42.6961	42.5757	42.6691	42.8661	42.964400000000005	42.310199999999995	42.670700000000004	41.9653	42.473	42.2537	42.6304	42.769800000000004	43.1048	42.741099999999996	42.9425	43.1392	42.7861	42.4232	42.7492	41.7447
AeA01019_CKDL210012719-1a-AK7761-AK1864_HF5TCDSX2_L1_clmp_r1r2_fastp	54.847500000000004	39.038000000000004	39.9315	37.6695	37.784099999999995	37.1771	36.430099999999996	39.2778	39.0788	36.4557	42.733399999999996	41.9124	39.8389	39.2732	39.184999999999995	39.001799999999996	39.3401	39.2689	39.3613	39.6329	39.557900000000004	39.4522	39.0199	38.7761	38.4214	38.4958	38.5892	38.769	39.0666	38.8756	39.0595	39.0818	38.899	38.716499999999996	38.732	38.7421	38.5982	38.752700000000004	38.784800000000004	38.723400000000005	38.9118	38.6235	38.7795	38.643	38.5376	38.4951	38.5621	38.5419	38.6857	38.4164	38.6998	38.805299999999995	38.718	38.5269	38.6111	38.5054	38.6262	38.4292	38.7552	38.560100000000006	38.665699999999994	38.6011	38.5187	38.6847	38.7206	38.621100000000006	38.663599999999995	38.7532	38.7822	38.7723	38.8865	38.8253	38.9381	38.7706	38.8897	38.8367	38.986	38.777	39.0703	38.967800000000004	38.9922	38.821	39.0075	39.1599	39.2778	39.1028	38.9946	39.1002	39.2708	38.9965	39.4179	39.1847	39.1706	39.2557	39.2269	39.4345	39.3746	39.2356	39.3954	39.396300000000004	39.400600000000004	39.2545	39.3476	39.298	39.548899999999996	39.0946	39.379799999999996	39.2457	39.5074	39.703300000000006	39.6642	39.6648	39.5248	39.3377	39.2898	39.5741	39.6511	39.285399999999996	39.7291	39.571600000000004	39.9717	39.880900000000004	39.6209	39.7115	39.5685	39.578799999999994	39.6844	39.677	40.098299999999995	40.1982	40.0439	40.1055	39.9398	39.928399999999996	40.2168	40.083400000000005	40.1856	40.2829	40.1617	40.6079	40.1151	40.3809	39.8312	40.2138	39.8235	40.6221	40.7631	40.5811	40.6353	39.45
AeA01020_CKDL210012719-1a-AK7761-AK7558_HF5TCDSX2_L1_clmp_r1r2_fastp	53.8504	37.8431	39.177800000000005	36.9009	36.8897	36.167899999999996	35.674099999999996	38.488	38.1602	35.6278	41.8332	41.0003	38.8085	38.257400000000004	38.143	38.210499999999996	38.5168	38.2209	38.5729	38.8021	38.6187	38.356899999999996	38.3075	37.9315	37.604	37.4636	37.7215	37.803	38.1342	37.7545	38.1461	38.1481	37.8963	37.5787	37.8957	37.799	37.6762	37.6832	37.8203	37.771	37.9475	37.4401	37.7648	37.688	37.5028	37.344899999999996	37.763000000000005	37.541799999999995	37.687799999999996	37.400800000000004	37.634699999999995	37.8442	37.6666	37.3747	37.5797	37.6365	37.5674	37.3133	37.7922	37.506	37.7029	37.5274	37.6711	37.6622	37.7273	37.4392	37.6479	37.7803	37.7948	37.6455	37.868	37.8579	37.9108	37.8415	37.8615	37.8692	38.082300000000004	37.786500000000004	38.1875	38.0912	38.1892	37.750499999999995	38.1314	38.2119	38.3176	38.1567	38.117200000000004	38.298300000000005	38.454100000000004	37.931	38.4623	38.4613	38.338499999999996	38.1435	38.5906	38.5709	38.7434	38.3009	38.644800000000004	38.5451	38.7312	38.3097	38.5432	38.6361	38.7691	38.2885	38.7631	38.4175	38.7132	38.743100000000005	38.8717	38.9588	38.953199999999995	38.544	38.974199999999996	39.031	39.0922	38.6529	39.288000000000004	39.2334	39.2298	39.118399999999994	39.055	39.520300000000006	39.1252	39.06	39.1038	39.0434	39.8086	39.4461	39.5111	39.4503	39.8397	39.5652	39.7021	39.6664	40.119	39.7789	39.8369	39.8487	39.9283	39.853100000000005	40.2325	39.7339	40.4121	40.625499999999995	40.124500000000005	40.3854	40.5586	39.3439
AeA01021_CKDL210012719-1a-AK7761-7UDI308_HF5TCDSX2_L1_clmp_r1r2_fastp	54.898599999999995	38.8766	40.344	37.855	38.3542	37.4574	36.926700000000004	39.7568	39.7562	36.7021	43.1135	42.364000000000004	40.2804	39.8085	39.7711	39.5256	39.8418	39.7556	39.9018	40.0771	39.8222	39.6742	39.6267	38.9955	38.7477	38.8018	38.9878	39.1993	39.4757	39.241	39.5958	39.2944	39.2552	38.902300000000004	39.145	39.0779	38.9443	38.958999999999996	39.1447	38.8736	39.3289	38.9399	39.044000000000004	39.122099999999996	38.988	38.8878	38.9639	39.1284	38.9317	38.7998	38.906800000000004	39.0259	39.278	38.9662	39.0532	38.9778	38.884299999999996	38.9219	39.1075	38.921099999999996	38.8065	38.757799999999996	38.979	39.2762	39.3615	39.088	39.0879	39.5117	39.313700000000004	39.0167	39.305099999999996	39.2273	39.462599999999995	39.3468	39.5803	39.1382	39.630700000000004	39.3351	39.6005	39.934	39.7753	39.2967	39.1927	39.541	39.7729	39.5274	39.929199999999994	39.724199999999996	40.0351	39.8014	40.1945	40.4011	40.117599999999996	39.7905	40.1475	40.001799999999996	40.0425	40.2455	40.313	40.1767	40.388200000000005	40.475699999999996	40.0884	40.2068	40.5738	40.179500000000004	40.3585	40.610099999999996	40.464800000000004	40.9853	40.6576	40.9753	40.7623	40.653299999999994	40.7865	41.1177	40.7928	40.9985	41.1358	40.8103	41.001	41.2918	40.802699999999994	41.0128	40.7219	41.2976	40.9084	40.6929	41.738	41.4117	41.7173	41.1112	41.537	42.013	42.1183	41.4948	41.6004	42.2514	41.996	41.530699999999996	42.318099999999994	41.9338	41.5939	42.0906	42.377900000000004	42.9674	42.658	42.4872	42.4995	41.3793
AeA01022_CKDL210012719-1a-AK7761-AK2587_HF5TCDSX2_L1_clmp_r1r2_fastp	54.2683	37.8887	39.4506	37.0267	37.0181	36.4726	35.7446	38.6818	38.650400000000005	35.8491	42.1694	41.4467	39.3003	38.616099999999996	38.544200000000004	38.4122	38.730199999999996	38.6889	38.662400000000005	39.0041	38.9102	38.771699999999996	38.428200000000004	38.068400000000004	37.8143	37.7389	37.8049	38.1209	38.351400000000005	38.263799999999996	38.3993	38.3668	38.2919	37.9747	37.9958	38.0361	37.9403	38.001200000000004	38.092	38.0727	38.2622	37.858799999999995	38.0521	37.9149	37.932500000000005	37.7719	37.8895	37.8737	37.9386	37.811299999999996	37.946600000000004	38.1591	37.9782	37.817499999999995	37.8899	37.8074	37.9846	37.7207	38.080999999999996	37.7806	37.9805	37.8239	37.823299999999996	37.9413	38.0395	37.8849	37.9379	38.0558	38.161899999999996	38.0489	38.1829	38.0866	38.162	38.1259	38.1548	38.1159	38.155699999999996	38.008399999999995	38.2939	38.0996	38.3087	38.1218	38.256299999999996	38.3678	38.3904	38.3364	38.203199999999995	38.426700000000004	38.5191	38.1877	38.5171	38.412	38.311	38.3474	38.4209	38.5169	38.5724	38.406099999999995	38.6323	38.5164	38.5751	38.466499999999996	38.5915	38.4245	38.7262	38.3225	38.367000000000004	38.425799999999995	38.5891	38.767	38.5643	38.8815	38.691700000000004	38.5309	38.4942	38.839800000000004	38.7009	38.494	38.9298	38.7939	38.9897	39.089800000000004	38.542	38.817299999999996	38.6323	38.8277	38.8492	38.871	39.268	39.231700000000004	39.183099999999996	39.131	39.1215	39.1164	39.0745	39.4026	39.318	39.2772	39.0859	39.8724	39.250600000000006	39.658100000000005	38.884800000000006	39.143299999999996	39.0445	39.5749	40.022600000000004	39.9521	40.0895	38.597500000000004
AeA01023_CKDL210012719-1a-AK7761-GC12_HF5TCDSX2_L1_clmp_r1r2_fastp	54.794399999999996	40.371	40.855799999999995	38.9654	39.2718	38.666	38.0075	40.9296	40.657700000000006	37.8315	44.021300000000004	43.1627	41.212700000000005	40.7443	40.6289	40.3992	40.812799999999996	40.618300000000005	40.746500000000005	41.171	40.803	40.7132	40.5543	40.1272	39.8953	39.994	39.9649	40.1712	40.507	40.2378	40.407700000000006	40.5129	40.2337	40.1472	40.2768	40.176899999999996	40.089999999999996	40.1638	40.0117	40.1931	40.3702	39.9114	40.0821	40.1091	39.9438	39.8634	40.0613	39.806000000000004	40.1223	39.9548	40.0739	40.0895	40.1713	39.8628	39.963	39.9577	40.0081	39.7389	40.0718	39.8167	39.9186	40.016	39.9644	39.9512	40.222	39.9205	40.1645	40.3456	40.1669	40.156	40.415099999999995	40.2631	40.352900000000005	40.3645	40.2934	40.3134	40.5273	40.3119	40.381	40.6366	40.4379	40.4797	40.7353	40.6441	40.8	40.7041	40.5475	40.716	40.9885	40.5523	40.9281	40.8578	40.8986	40.848600000000005	41.0184	41.003	40.9966	40.9304	40.9378	41.0202	41.1722	40.9712	41.1646	41.202299999999994	41.0982	41.124300000000005	41.180099999999996	40.9519	41.0057	41.558	41.4926	41.3031	41.532000000000004	41.2119	41.2573	41.9259	41.4482	41.228300000000004	41.746100000000006	41.4328	41.936299999999996	41.6403	41.397099999999995	42.0721	41.5171	41.7279	41.7493	41.8447	41.631099999999996	41.8902	42.4161	42.168099999999995	41.9895	42.3868	42.114000000000004	42.5241	42.294599999999996	42.564099999999996	42.3776	42.7093	42.2363	42.3984	42.3996	42.2551	41.9881	42.8406	42.502	42.7956	42.9492	42.2992
AeA01024_CKDL210012719-1a-AK7761-7UDI246_HF5TCDSX2_L1_clmp_r1r2_fastp	54.9602	38.79	39.8595	37.4656	37.703199999999995	37.012699999999995	36.2795	39.2927	38.9771	36.3336	42.6325	41.8942	39.7176	39.1337	39.0668	38.8556	39.207300000000004	39.1909	39.245999999999995	39.5169	39.408500000000004	39.3089	38.9778	38.568999999999996	38.3702	38.3286	38.471	38.6905	38.900400000000005	38.790400000000005	38.9578	38.8866	38.7801	38.548700000000004	38.6079	38.6331	38.5469	38.6207	38.649499999999996	38.6317	38.7584	38.2768	38.6187	38.442	38.3431	38.2975	38.3315	38.305499999999995	38.5575	38.3092	38.5271	38.5907	38.487300000000005	38.3081	38.4469	38.3209	38.3863	38.2929	38.6596	38.4075	38.4547	38.3654	38.379200000000004	38.480199999999996	38.6257	38.4016	38.474399999999996	38.682100000000005	38.6971	38.6572	38.7802	38.6049	38.7658	38.6323	38.8106	38.7593	38.888400000000004	38.7044	38.9255	38.856	38.8382	38.7507	38.8847	39.0229	39.1549	38.8904	38.8177	39.1825	39.169399999999996	38.9152	39.3271	39.1362	39.102399999999996	38.9142	39.0886	39.3155	39.290000000000006	39.2292	39.2658	39.3992	39.4039	39.193099999999994	39.4058	39.2843	39.5038	38.9762	39.2811	39.2624	39.4669	39.7828	39.637	39.7813	39.397	39.264500000000005	39.2068	39.6997	39.636700000000005	39.24	39.6052	39.698699999999995	39.6877	39.9657	39.613	39.8073	39.3075	39.5114	39.831	39.9289	39.8314	39.8594	39.814899999999994	40.1287	39.8885	39.703	40.5321	40.5593	40.2205	40.361000000000004	40.4673	40.6214	40.245599999999996	40.7666	40.4636	40.5194	40.0796	40.9221	40.776	40.8343	41.2494	39.7108
AeA01025_CKDL210012719-1a-5UDI298-7UDI214_HF5TCDSX2_L1_clmp_r1r2_fastp	54.4142	38.0777	39.520300000000006	37.0013	37.0856	36.5516	35.8305	38.826899999999995	38.6512	35.7491	42.4134	41.5053	39.2148	38.714	38.5841	38.4109	38.7423	38.699600000000004	38.7969	39.0647	38.9044	38.8467	38.4542	38.1278	37.8738	37.7874	37.8919	38.2203	38.3774	38.3554	38.4774	38.4062	38.2809	38.1121	38.0444	38.1951	37.9805	38.1109	38.1792	38.1145	38.2765	37.898900000000005	38.1412	37.927699999999994	37.905499999999996	37.872499999999995	37.9234	37.9094	38.007400000000004	37.7693	38.0068	38.1587	38.039	37.8659	37.8986	37.8675	37.9171	37.7585	38.1175	37.870799999999996	37.9865	37.8306	37.905	38.0645	38.0972	37.948100000000004	38.0606	38.1178	38.1537	38.082899999999995	38.1824	38.210899999999995	38.2228	38.151	38.169799999999995	38.1975	38.3042	38.236799999999995	38.4295	38.3974	38.4219	38.2783	38.3508	38.4978	38.630700000000004	38.4188	38.419599999999996	38.5886	38.7124	38.3502	38.736399999999996	38.5871	38.6314	38.5394	38.6809	38.8658	38.76	38.7286	38.7071	38.882600000000004	38.8174	38.6936	38.811299999999996	38.7288	38.9519	38.5592	38.7298	38.768299999999996	38.8607	39.0858	38.9675	39.146	38.8647	38.7387	38.7391	39.128099999999996	39.0698	38.701299999999996	39.2318	39.205600000000004	39.553399999999996	39.0578	39.0329	39.3081	38.8422	38.9991	39.1834	39.1157	39.149899999999995	39.1854	39.3792	39.5888	39.4908	39.4184	39.752700000000004	39.6152	39.5408	39.5413	39.861999999999995	40.0941	39.6823	39.7211	39.6374	40.043099999999995	39.665099999999995	39.9466	40.0856	40.0942	40.2661	38.6606
AeA01026_CKDL210012719-1a-5UDI298-AK4971_HF5TCDSX2_L1_clmp_r1r2_fastp	54.81549999999999	39.0175	40.1349	37.849500000000006	37.965900000000005	37.3626	36.6006	39.5341	39.3416	36.654199999999996	43.088300000000004	42.1648	40.010400000000004	39.495799999999996	39.3679	39.190799999999996	39.5117	39.4867	39.5312	39.7975	39.739200000000004	39.6152	39.2293	38.9258	38.653999999999996	38.6674	38.7159	39.0047	39.2291	39.1473	39.2815	39.1962	39.062400000000004	38.9381	38.8656	39.0051	38.8287	38.9279	38.982099999999996	38.9403	39.0997	38.788	38.9714	38.784400000000005	38.7356	38.7498	38.7773	38.745200000000004	38.8827	38.657399999999996	38.873000000000005	38.9895	38.8953	38.6976	38.772400000000005	38.7006	38.868	38.6721	38.9426	38.7404	38.8366	38.6836	38.7219	38.838699999999996	38.946799999999996	38.7939	38.9601	38.9438	39.0225	39.0048	39.0561	38.8916	39.1179	38.9088	39.0436	39.0002	39.1201	38.9705	39.2562	38.9745	39.142700000000005	38.9433	39.1051	39.2434	39.332	39.171499999999995	39.0731	39.279399999999995	39.4525	39.066	39.4028	39.2277	39.2229	39.204299999999996	39.2245	39.569700000000005	39.3994	39.3032	39.3866	39.4291	39.4252	39.3193	39.271499999999996	39.3794	39.6231	39.1967	39.3182	39.2869	39.5	39.606700000000004	39.6359	39.6665	39.440999999999995	39.2756	39.4148	39.604	39.5302	39.2099	39.676899999999996	39.7266	39.9478	39.7922	39.4842	39.7275	39.4911	39.6121	39.583400000000005	39.793800000000005	39.8445	39.9115	39.866600000000005	39.9262	39.8256	39.6227	40.043800000000005	40.0538	39.9789	39.9772	39.9107	40.644999999999996	39.954	40.1656	39.759499999999996	40.197300000000006	39.8019	40.281099999999995	40.5229	40.5539	40.4449	39.2292
AeA01027_CKDL210012719-1a-5UDI298-AK1864_HF5TCDSX2_L1_clmp_r1r2_fastp	55.459	39.7876	41.2089	38.7031	38.9013	38.4946	37.632	40.5451	40.3341	37.2951	44.0435	43.2237	41.1514	40.6465	40.2173	40.196799999999996	40.4653	40.559200000000004	40.528	40.5829	40.5931	40.7823	40.6269	40.2176	39.967000000000006	39.8549	39.825500000000005	39.9805	39.969100000000005	40.2385	40.158	40.3587	40.1662	40.0447	40.2935	39.8614	39.9585	39.7409	39.920899999999996	39.9372	40.1827	40.0073	40.0459	40.1543	39.900600000000004	39.7331	39.771499999999996	39.530300000000004	39.8591	39.6714	39.8289	39.8343	40.1369	39.853300000000004	39.9203	39.8479	39.7973	39.766	39.7196	39.6405	39.711600000000004	39.6787	39.7078	39.8416	39.915	39.8546	39.7898	39.8986	39.774300000000004	40.012	40.1076	40.0123	40.0002	40.0855	40.0287	40.0357	40.1265	39.8835	39.926	40.1659	39.8437	40.0098	39.997	39.8897	40.0915	39.747	40.076699999999995	39.9647	40.198299999999996	40.3106	40.1703	40.3073	40.318799999999996	40.1928	40.3132	40.0091	40.2591	40.306	40.0864	40.099000000000004	40.302	39.8761	40.1793	40.0339	40.1011	40.2136	40.2053	40.1343	40.2206	40.352	40.435300000000005	40.5403	40.435300000000005	40.2168	40.1736	40.469500000000004	39.8281	40.274300000000004	39.9634	40.1926	40.062	40.0999	40.5465	40.3515	40.097	40.1119	39.9675	40.3465	40.4258	40.439	40.606700000000004	40.5501	40.7084	40.700199999999995	40.8526	40.3928	40.6173	39.8119	40.503699999999995	40.1508	40.7443	40.7534	40.8912	40.8769	40.9683	40.9906	40.9703	40.352900000000005	40.705799999999996	39.8825
AeA01028_CKDL210012719-1a-5UDI298-AK7558_HF5TCDSX2_L1_clmp_r1r2_fastp	54.9167	38.8546	40.81	38.1284	38.2337	37.835499999999996	37.0652	39.9949	39.9174	36.9373	43.4484	42.5084	40.3178	39.7284	39.6807	39.5842	39.8893	39.884	39.9293	40.3005	40.1065	39.9867	39.5573	39.297900000000006	38.9841	38.974599999999995	39.1505	39.3771	39.6339	39.4637	39.6348	39.5571	39.4513	39.223400000000005	39.231	39.34	39.1882	39.3731	39.3864	39.347100000000005	39.4086	39.109500000000004	39.2418	39.1442	39.1275	39.1058	39.1537	39.143699999999995	39.2603	38.956	39.216	39.3913	39.256099999999996	39.0045	39.110099999999996	39.0246	39.264900000000004	39.013	39.319500000000005	39.1023	39.1662	39.015	39.0347	39.2225	39.250800000000005	39.1615	39.2641	39.3256	39.3811	39.2937	39.3646	39.2812	39.400400000000005	39.185700000000004	39.3538	39.3153	39.4131	39.3153	39.54	39.3219	39.4233	39.1826	39.407599999999995	39.5672	39.6282	39.4551	39.3594	39.6138	39.6743	39.2985	39.7471	39.482800000000005	39.4366	39.4181	39.4341	39.794000000000004	39.6735	39.486	39.6194	39.7397	39.6128	39.4725	39.5216	39.5666	39.756099999999996	39.3015	39.4814	39.4782	39.602	39.8702	39.8233	39.9435	39.6314	39.4818	39.4845	39.8431	39.6872	39.421	39.969	39.8251	40.1812	39.9625	39.6162	39.880500000000005	39.5602	39.7752	39.7454	39.7819	40.117399999999996	40.0533	40.2362	40.1764	40.0615	39.8982	40.2262	40.3405	40.3669	40.4777	40.4236	40.870200000000004	40.2245	40.5659	39.8646	40.259699999999995	40.0634	40.6548	41.0528	40.7351	40.9681	39.7048
AeA01029_CKDL210012719-1a-5UDI298-7UDI308_HF5TCDSX2_L1_clmp_r1r2_fastp	54.605199999999996	38.8794	40.0266	37.460100000000004	37.6472	36.9606	36.3508	39.089600000000004	38.9123	36.3596	42.3331	41.794399999999996	39.7061	39.269999999999996	39.0924	39.034200000000006	39.2556	39.3095	39.2353	39.5341	39.415	39.4181	39.143899999999995	38.781	38.2945	38.2657	38.312000000000005	38.6157	38.9176	38.5575	39.0934	38.8777	38.8318	38.426	38.5582	38.512	38.643899999999995	38.4279	38.6544	38.6156	38.8718	38.3747	38.542500000000004	38.5197	38.2977	38.2	38.3765	38.4182	38.645	38.107600000000005	38.4223	38.6353	38.681599999999996	38.1412	38.3346	38.5582	38.5245	38.4276	38.7435	38.2555	38.473600000000005	38.460499999999996	38.3423	38.5095	38.6455	38.6096	38.6329	38.5938	38.7341	38.6457	38.7348	38.3978	38.6719	38.882	39.057900000000004	38.7531	38.8902	38.6976	39.0267	39.1072	38.9384	38.6329	39.0648	39.1237	38.9911	39.1542	39.0317	39.123000000000005	39.6271	39.114599999999996	39.499	39.3221	39.4852	39.128600000000006	39.393899999999995	39.654	39.6184	39.4207	39.759100000000004	39.5368	39.654	39.564	39.6988	39.526	40.104600000000005	39.2945	39.875899999999994	40.0497	39.9198	39.7264	40.1545	40.1616	40.103899999999996	39.6429	39.975100000000005	40.2072	39.6889	39.5908	40.3654	39.8982	40.2252	40.1958	40.1511	40.4178	40.082	40.3534	39.8715	40.1871	40.1643	40.784	41.015	41.0156	40.639199999999995	40.4394	40.469100000000005	40.9142	40.6491	40.6706	40.773700000000005	41.365899999999996	40.939	41.6759	40.2035	41.2329	40.7644	41.221000000000004	41.093	40.9813	41.0771	40.4479
AeA01030_CKDL210012719-1a-5UDI298-AK2587_HF5TCDSX2_L1_clmp_r1r2_fastp	54.252199999999995	39.297900000000006	40.069900000000004	37.7774	37.9283	37.3403	36.6725	39.417699999999996	39.3087	36.6396	42.6791	42.0005	39.9641	39.3463	39.3538	39.141	39.4861	39.4488	39.4791	39.7735	39.6469	39.529399999999995	39.1683	38.874199999999995	38.602399999999996	38.5856	38.685199999999995	38.920500000000004	39.1198	39.0508	39.1689	39.1243	39.001799999999996	38.7965	38.8284	38.8896	38.73	38.8488	38.8771	38.856	39.0045	38.6855	38.8023	38.7509	38.657799999999995	38.5992	38.6644	38.6193	38.794000000000004	38.5497	38.699099999999994	38.905899999999995	38.7847	38.556000000000004	38.6635	38.6276	38.7121	38.5122	38.8527	38.587199999999996	38.7401	38.6081	38.6115	38.6964	38.8587	38.650800000000004	38.7764	38.8209	38.8847	38.8175	38.9035	38.822	38.8864	38.828	38.9168	38.9051	39.001799999999996	38.8304	39.061299999999996	38.9456	38.986	38.7703	38.980399999999996	39.137699999999995	39.1695	39.0313	38.886900000000004	39.0843	39.3027	38.8928	39.3296	39.148500000000006	39.0859	39.047399999999996	39.0935	39.395799999999994	39.2275	39.0295	39.2569	39.2905	39.3224	39.1939	39.1811	39.1251	39.3666	38.9462	39.1618	39.096	39.3035	39.4367	39.362700000000004	39.488299999999995	39.266400000000004	39.0464	39.1434	39.4425	39.3772	39.0653	39.534000000000006	39.4019	39.6329	39.533	39.3461	39.4256	39.2222	39.4042	39.3378	39.4803	39.6841	39.7111	39.759899999999995	39.7409	39.7187	39.5406	39.6871	39.9615	39.8861	39.9137	39.717	40.327400000000004	39.766200000000005	40.066	39.5052	39.9584	39.6606	40.132600000000004	40.5659	40.3001	40.5274	39.4318
AeA01031_CKDL210012719-1a-5UDI298-GC12_HF5TCDSX2_L1_clmp_r1r2_fastp	54.5841	38.7744	39.9937	37.7033	37.8269	36.9938	36.4018	39.2283	39.1745	36.4681	42.7688	41.9638	39.688	39.2475	39.1457	38.9465	39.2624	39.1876	39.3494	39.6153	39.5245	39.3883	39.1469	38.6907	38.559	38.4084	38.4322	38.7892	38.9653	38.8977	39.1423	39.0663	38.892500000000005	38.751799999999996	38.8069	38.8172	38.7006	38.7979	38.8042	38.6653	38.9227	38.5756	38.73	38.5862	38.563399999999994	38.4976	38.6132	38.478899999999996	38.6762	38.428200000000004	38.651	38.798700000000004	38.739200000000004	38.6214	38.6192	38.465700000000005	38.644400000000005	38.4312	38.8722	38.5903	38.7077	38.5118	38.5522	38.6978	38.8705	38.634800000000006	38.7767	38.8856	38.8198	38.7552	39.0566	38.8003	39.0153	38.8754	38.9884	39.0662	39.167699999999996	39.0488	39.217200000000005	39.0912	39.1933	39.0726	39.2555	39.3125	39.3557	39.3965	39.2266	39.415499999999994	39.5816	39.3435	39.6049	39.495599999999996	39.536500000000004	39.51	39.5752	39.7704	39.8968	39.7201	39.5094	40.0033	39.908300000000004	39.7693	39.829	39.731300000000005	40.1702	39.647	39.7373	39.8576	40.0935	40.0357	40.2358	40.312799999999996	40.1421	39.8046	40.1246	40.2711	40.300000000000004	40.0954	40.5216	40.1721	40.7915	40.4736	40.4662	40.6753	40.5401	40.401900000000005	40.5569	40.6813	40.7524	40.7286	40.7995	40.9825	40.6348	40.6584	40.8299	41.0401	41.2611	41.4902	41.1869	41.4741	40.9323	41.281400000000005	41.3545	41.179100000000005	41.1926	41.8979	41.8581	41.781800000000004	41.9468	40.914
AeA01032_CKDL210012719-1a-5UDI298-7UDI246_HF5TCDSX2_L1_clmp_r1r2_fastp	53.2192	37.7888	38.8905	36.769400000000005	36.8804	36.0111	35.5188	38.2764	38.173	35.5757	41.578199999999995	40.7173	38.7401	38.1971	38.0927	38.052	38.3513	38.112899999999996	38.3928	38.616499999999995	38.4346	38.2024	38.0853	37.663799999999995	37.376	37.4112	37.4845	37.7142	37.9862	37.6971	37.99	38.0175	37.7244	37.5481	37.7381	37.6434	37.6002	37.5563	37.7117	37.6819	37.8579	37.3687	37.648199999999996	37.585499999999996	37.546	37.3186	37.6901	37.4274	37.559	37.3683	37.514399999999995	37.6573	37.6247	37.2283	37.4591	37.4944	37.400800000000004	37.2559	37.599199999999996	37.398199999999996	37.5732	37.358000000000004	37.4222	37.568400000000004	37.6713	37.4052	37.5505	37.6569	37.599199999999996	37.5207	37.830799999999996	37.6749	37.8652	37.5432	37.8021	37.7417	37.9374	37.568400000000004	38.0711	38.0683	37.965199999999996	37.719500000000004	38.128499999999995	38.079	38.1714	37.9255	38.047399999999996	38.1807	38.4547	37.924400000000006	38.4869	38.3021	38.2114	38.0473	38.467	38.3888	38.4889	38.573800000000006	38.411899999999996	38.6025	38.6483	38.2835	38.5533	38.548100000000005	38.5782	38.1931	38.5127	38.5037	38.592	38.7135	38.9814	38.8694	38.9976	38.657000000000004	38.6548	38.9645	38.6747	38.6911	39.0724	38.9218	39.349000000000004	39.0398	39.1342	39.0781	39.3045	38.9552	39.4526	39.482299999999995	39.2288	39.365899999999996	39.7482	39.515699999999995	39.7395	39.1354	39.7949	39.8373	40.1812	39.5574	40.333999999999996	40.1397	40.309400000000004	40.1687	40.1376	40.1715	40.2481	40.3465	40.6231	40.5984	40.9412	39.4904
AeA01033_CKDL210012719-1a-AK9142-7UDI214_HF5TCDSX2_L1_clmp_r1r2_fastp	55.0998	38.6006	39.8494	37.4305	37.6322	37.024699999999996	36.3531	39.176100000000005	39.1478	36.4251	42.837199999999996	42.0138	39.8802	39.278999999999996	39.1741	38.9562	39.2911	39.2862	39.339600000000004	39.6578	39.576699999999995	39.4229	38.9454	38.7409	38.3795	38.3125	38.4848	38.6933	38.945299999999996	38.8707	38.9923	38.9147	38.8094	38.615899999999996	38.58	38.7417	38.5187	38.628800000000005	38.6986	38.6739	38.7994	38.4195	38.6195	38.486	38.5192	38.4382	38.480399999999996	38.4679	38.6056	38.2882	38.5408	38.7112	38.5959	38.4329	38.4603	38.4243	38.6027	38.3718	38.6766	38.393699999999995	38.5327	38.4118	38.4166	38.5244	38.6246	38.5314	38.5572	38.685399999999994	38.7132	38.5977	38.7233	38.658	38.7438	38.622	38.7179	38.6778	38.7759	38.7144	38.927099999999996	38.709199999999996	38.800000000000004	38.562400000000004	38.7675	38.9388	39.0684	38.817800000000005	38.7802	38.981700000000004	39.082499999999996	38.8143	39.1587	38.9284	38.9264	38.8922	38.9827	39.279599999999995	39.2729	39.055	39.0989	39.278	39.1863	39.0983	39.1042	39.082499999999996	39.4349	38.8478	39.0862	38.994800000000005	39.226299999999995	39.479	39.3993	39.5422	39.1801	39.015499999999996	39.1303	39.4913	39.4268	39.0625	39.5108	39.449600000000004	39.894800000000004	39.6192	39.3032	39.6005	39.311800000000005	39.4354	39.3866	39.407	39.646	39.658500000000004	39.7139	39.7751	39.71	39.473200000000006	39.725300000000004	39.8971	40.010400000000004	40.0123	39.9267	40.4869	39.6973	40.1498	39.3876	39.923500000000004	39.2826	39.973	40.509499999999996	40.0744	40.7095	39.2633
AeA01034_CKDL210012719-1a-AK9142-AK4971_HF5TCDSX2_L1_clmp_r1r2_fastp	55.1294	40.2132	40.781800000000004	38.5778	38.8181	38.1762	37.4459	40.3091	40.037	37.4574	43.5166	42.8394	40.8529	40.2883	40.1643	39.9356	40.347	40.345	40.3268	40.6624	40.5388	40.4531	40.0173	39.7718	39.4427	39.5049	39.5582	39.7996	40.037099999999995	39.8776	40.036699999999996	40.0251	39.8492	39.738600000000005	39.7466	39.7988	39.637499999999996	39.730900000000005	39.777499999999996	39.6749	39.8866	39.5051	39.7433	39.5751	39.5817	39.480900000000005	39.547	39.4972	39.6627	39.4397	39.6141	39.8602	39.6833	39.4867	39.5454	39.4992	39.6843	39.396	39.7053	39.5066	39.5974	39.4912	39.470499999999994	39.629	39.678000000000004	39.556599999999996	39.6573	39.8074	39.7888	39.684599999999996	39.7988	39.7588	39.914100000000005	39.6532	39.7772	39.8182	39.915099999999995	39.751599999999996	39.9646	39.8617	39.914899999999996	39.7623	39.9169	39.9484	40.0914	39.894200000000005	39.7798	40.04	40.1416	39.9606	40.2855	40.033	39.983000000000004	39.9244	39.9363	40.307500000000005	40.2277	39.982600000000005	40.1392	40.1369	40.1288	39.9508	40.0978	39.9704	40.3118	39.7568	40.0287	39.975	40.1165	40.5158	40.2234	40.396300000000004	40.2385	39.9652	40.1126	40.3657	40.3014	39.980399999999996	40.4046	40.1013	40.5612	40.4148	40.0561	40.3656	40.021499999999996	40.2879	40.260600000000004	40.1773	40.5277	40.6278	40.3476	40.639399999999995	40.6007	40.2574	40.7689	40.7096	40.6578	40.7965	40.6009	41.0689	40.5041	40.8292	40.3777	40.7736	40.652100000000004	40.7693	41.426	41.1297	41.4945	40.0349
AeA01035_CKDL210012719-1a-AK9142-AK1864_HF5TCDSX2_L1_clmp_r1r2_fastp	55.627	39.423700000000004	41.065400000000004	38.4015	38.5735	37.9779	37.3568	40.2894	40.0602	37.2134	43.8253	42.9587	40.6676	40.0473	39.9922	39.838499999999996	40.145199999999996	40.197300000000006	40.238	40.5965	40.4032	40.2849	39.882	39.5986	39.234	39.26	39.3628	39.6333	39.9239	39.7353	39.9077	39.8868	39.750099999999996	39.524300000000004	39.5569	39.6378	39.456799999999994	39.622299999999996	39.651599999999995	39.5976	39.7121	39.435900000000004	39.542100000000005	39.4373	39.408300000000004	39.3853	39.4559	39.420500000000004	39.5247	39.2746	39.4846	39.6955	39.5467	39.3414	39.4104	39.3882	39.4991	39.3189	39.6837	39.4366	39.513999999999996	39.399699999999996	39.3692	39.533	39.6331	39.4927	39.610299999999995	39.7026	39.6594	39.6528	39.7338	39.6445	39.7285	39.5823	39.7084	39.644800000000004	39.8189	39.685500000000005	39.8874	39.744299999999996	39.748099999999994	39.6032	39.8823	39.9574	40.0355	39.8415	39.7442	40.0099	40.0764	39.7647	40.1802	39.8835	39.8732	39.8505	39.9635	40.2196	40.0656	39.9833	40.0807	40.1878	40.085	40.0185	40.0148	39.946	40.3206	39.7631	40.0468	39.902100000000004	40.0325	40.361200000000004	40.3489	40.394600000000004	40.175	39.9655	39.9777	40.338499999999996	40.266000000000005	39.9138	40.428999999999995	40.2318	40.765299999999996	40.4795	40.2779	40.5443	40.219100000000005	40.295500000000004	40.251799999999996	40.3389	40.5612	40.6493	40.7093	40.7685	40.6981	40.4516	40.759499999999996	40.7209	40.7322	40.835100000000004	40.7511	41.234	40.5833	41.0422	40.512	40.9596	40.4461	41.205799999999996	41.4196	41.1505	41.446	40.1501
AeA01036_CKDL210012719-1a-AK9142-AK7558_HF5TCDSX2_L1_clmp_r1r2_fastp	54.5488	39.3313	40.6967	38.1397	38.3167	37.5587	36.985	39.769	39.780100000000004	37.0856	43.054700000000004	42.4021	40.3821	39.7945	39.8098	39.5436	39.9177	39.826899999999995	39.9084	40.3583	40.0845	40.1466	39.4834	39.320100000000004	39.1081	38.9193	39.039	39.5388	39.5372	39.5446	39.394	39.5917	39.5471	39.2584	39.1873	39.3108	39.0895	39.4088	39.4326	39.4581	39.5547	39.118	39.404	39.1796	39.1702	39.0569	39.2197	38.8908	39.221000000000004	39.172000000000004	39.0505	39.4515	39.4724	39.0463	39.3106	39.1403	39.1631	39.1529	39.5734	39.1507	39.2345	39.2947	39.156600000000005	39.3417	39.570899999999995	39.1905	39.3632	39.4403	39.4521	39.2084	39.4567	39.453700000000005	39.4183	39.3245	39.5036	39.3784	39.5308	39.4377	39.685900000000004	39.5789	39.6378	39.5098	39.7569	39.860099999999996	39.9793	39.8922	39.5729	39.7097	39.8758	39.827	40.088499999999996	39.7431	39.7418	39.8117	39.9897	39.9508	40.0501	39.7233	40.0927	40.2731	40.1144	40.017	40.0681	39.7387	40.3377	40.0953	40.161	40.2225	40.2088	40.4817	40.4154	40.663199999999996	40.6963	40.275	39.961	40.3164	40.3339	40.1336	40.342800000000004	40.6824	40.6686	40.7971	40.1266	40.7903	40.0895	40.6847	40.6676	40.4422	40.7362	41.0404	41.0623	40.798	40.8855	40.9913	40.8703	41.2316	41.4895	41.0507	40.7828	41.9863	40.6088	41.3101	40.9188	41.1367	41.1729	41.4594	41.2351	41.294399999999996	41.7725	40.7738
AeA01037_CKDL210012719-1a-AK9142-7UDI308_HF5TCDSX2_L1_clmp_r1r2_fastp	54.5574	38.6394	39.6158	37.2765	37.5236	36.8672	36.121700000000004	39.0055	38.9763	36.111599999999996	42.4414	41.7642	39.6195	38.8488	39.1036	38.5324	39.0257	39.1465	39.051399999999994	39.3902	39.231700000000004	39.0334	38.8019	38.372099999999996	38.1407	37.9831	38.103300000000004	38.5996	38.7194	38.694	38.738099999999996	38.594699999999996	38.6851	38.270700000000005	38.3521	38.360699999999994	38.1599	38.4439	38.469500000000004	38.5191	38.502399999999994	38.2798	38.5248	38.3174	38.2141	38.0848	38.2913	38.1173	38.5198	38.149699999999996	38.3337	38.428200000000004	38.5234	37.981300000000005	38.2458	38.2562	38.257400000000004	38.2049	38.2833	38.3476	38.2258	38.3263	38.3505	38.1846	38.6447	38.257799999999996	38.2783	38.446799999999996	38.5608	38.6121	38.4649	38.6793	38.5368	38.5449	38.5158	38.6788	38.6987	38.567099999999996	38.946799999999996	38.992	38.7382	38.7367	38.9148	39.146300000000004	39.1192	38.884	39.175	39.074999999999996	39.2569	38.8978	39.3505	39.362399999999994	39.1063	39.2004	39.1354	39.5484	39.4404	39.1123	39.589200000000005	39.3787	39.4816	39.4208	39.673	39.4668	39.61	39.3465	39.7577	39.6949	39.6494	39.9039	39.9258	40.0288	39.7503	39.2907	40.115	40.1665	39.9743	39.778999999999996	40.065	40.0019	40.388400000000004	40.0192	40.143499999999996	39.9495	40.2255	40.183	40.177	40.3974	40.4054	40.3281	40.6162	40.825	40.902100000000004	40.7628	41.2988	40.8089	41.4201	41.3209	41.091699999999996	41.2414	40.658300000000004	41.3356	40.6905	40.9866	40.794599999999996	41.056599999999996	42.1929	41.5313	41.603	40.0261
AeA01038_CKDL210012719-1a-AK9142-AK2587_HF5TCDSX2_L1_clmp_r1r2_fastp	54.9071	38.2743	39.8861	37.4164	37.5369	36.6496	36.2586	38.884600000000006	38.8288	35.9686	42.4525	41.714400000000005	39.5246	38.817800000000005	38.8596	38.6354	39.1046	38.8823	39.0778	39.4603	39.4048	38.8872	38.803	38.386199999999995	38.1045	38.0249	38.0627	38.4111	38.676	38.5079	38.7321	38.6051	38.5981	38.1365	38.427499999999995	38.3579	38.283	38.3699	38.3788	38.4901	38.6596	37.9514	38.4578	38.2928	38.201499999999996	38.055299999999995	38.3018	38.0565	38.1923	37.9801	38.2882	38.472699999999996	38.3947	38.094699999999996	38.3137	38.2869	38.2451	37.9197	38.6668	38.1519	38.2926	38.2498	38.0746	38.3437	38.4272	38.3116	38.4062	38.5371	38.4209	38.4029	38.746900000000004	38.361000000000004	38.5672	38.464999999999996	38.694	38.586999999999996	38.8712	38.535199999999996	38.841300000000004	38.833400000000005	38.9785	38.6569	38.813199999999995	38.9061	39.088	39.0189	39.0056	38.9645	39.3619	38.9065	39.3675	39.1671	39.2351	39.2	39.4164	39.6526	39.577	39.420899999999996	39.6185	39.434799999999996	39.843	39.280300000000004	39.5862	39.6531	39.699	39.5782	39.6071	39.4042	39.901599999999995	40.1828	40.0396	39.974	39.9542	39.8509	39.8691	40.2563	40.1348	39.8579	40.527499999999996	40.0871	40.6842	40.5806	40.080799999999996	40.5835	40.2567	40.3228	40.4853	40.4864	40.780300000000004	40.6751	40.9455	40.643	41.2707	40.9006	41.132200000000005	41.6273	41.429	41.3033	41.2709	41.8842	41.185500000000005	41.2012	41.6415	41.3256	41.240700000000004	41.6777	42.2585	41.3777	42.458200000000005	41.177
AeA01039_CKDL210012719-1a-AK9142-GC12_HF5TCDSX2_L1_clmp_r1r2_fastp	54.7893	38.903999999999996	39.9249	37.7196	37.8807	37.4338	36.7105	39.596199999999996	39.5417	36.647800000000004	43.0722	42.3249	40.1871	39.6203	39.4992	39.3583	39.6642	39.5928	39.6957	39.968399999999995	39.853899999999996	39.7001	39.3629	39.0616	38.772600000000004	38.736599999999996	38.891799999999996	39.057700000000004	39.2618	39.2357	39.3032	39.2894	39.1542	38.958	39.0028	39.049499999999995	38.8949	39.029399999999995	39.0428	39.0276	39.1465	38.8127	38.9998	38.901	38.865300000000005	38.8229	38.8695	38.799299999999995	38.9411	38.752900000000004	38.9272	39.0544	38.9638	38.759	38.865100000000005	38.817099999999996	38.8967	38.7279	39.0364	38.8552	38.921099999999996	38.798100000000005	38.8119	38.9151	39.0128	38.9048	38.9781	39.0377	39.0636	39.013	39.102	38.994099999999996	39.1494	38.9741	39.0936	39.0429	39.1614	39.0722	39.2947	39.1543	39.1937	38.9893	39.2382	39.3082	39.3699	39.2648	39.1941	39.3155	39.483000000000004	39.1789	39.4829	39.3173	39.2545	39.2961	39.339600000000004	39.5666	39.5219	39.3322	39.4448	39.4918	39.4976	39.4048	39.508500000000005	39.3559	39.5961	39.2016	39.4432	39.375	39.432	39.6505	39.65	39.7377	39.5069	39.3444	39.4261	39.706399999999995	39.5348	39.261	39.6811	39.569700000000005	39.9446	39.6635	39.5587	39.786500000000004	39.500099999999996	39.614	39.650200000000005	39.7705	39.8621	39.8889	39.947	39.9114	39.992	39.6772	40.0141	39.9906	39.9239	40.0476	40.1201	40.4006	39.9839	40.1977	39.8729	40.0088	39.963100000000004	40.340399999999995	40.5591	40.409099999999995	40.539199999999994	39.4192
AeA01040_CKDL210012719-1a-AK9142-7UDI246_HF5TCDSX2_L1_clmp_r1r2_fastp	54.4613	38.471	39.7451	37.3016	37.5338	36.7206	36.103699999999996	39.0487	38.7946	36.1518	42.3622	41.6342	39.5205	38.7946	38.9178	38.5862	39.049800000000005	38.7652	39.162	39.317099999999996	39.3038	39.008700000000005	38.9369	38.3907	38.1419	38.258700000000005	38.257600000000004	38.5319	38.6662	38.5069	38.8559	38.6254	38.693	38.4038	38.505	38.4183	38.294	38.4536	38.326100000000004	38.414	38.5751	38.2173	38.4053	38.2659	38.256	38.0539	38.2988	38.1692	38.2849	38.1867	38.3431	38.3403	38.3835	38.0986	38.2072	38.1222	38.2444	38.1532	38.3854	38.1218	38.398700000000005	38.1752	38.3349	38.342	38.45	38.2927	38.292300000000004	38.5482	38.404500000000006	38.5626	38.6038	38.432	38.8598	38.6866	38.589600000000004	38.746900000000004	38.8899	38.6547	38.9717	38.9332	38.9841	38.6956	38.9844	39.134	39.298100000000005	39.029599999999995	39.0612	39.178000000000004	39.338499999999996	38.9914	39.4086	39.3494	39.190999999999995	39.1899	39.440999999999995	39.6147	39.567	39.4849	39.738299999999995	39.87	40.0028	39.6494	39.7907	39.8454	39.637899999999995	39.6227	39.8693	39.8245	39.8951	40.1531	40.2814	40.386300000000006	40.0959	39.8651	40.1765	40.2889	40.3172	39.965	40.692299999999996	40.6869	40.8788	40.8025	40.4194	40.8257	40.396	40.516999999999996	40.5991	41.2082	40.9134	41.2143	41.2555	41.3918	40.9491	41.559400000000004	41.180299999999995	41.4531	41.3113	41.346199999999996	41.348800000000004	41.6958	42.0777	41.768	42.0229	41.91	41.7288	42.287400000000005	42.2667	42.125800000000005	42.8344	40.836099999999995
AeA01041_CKDL210012719-1a-AK8410-7UDI214_HF5TCDSX2_L1_clmp_r1r2_fastp	54.9833	38.295899999999996	39.79	37.496	37.502	36.9755	36.180099999999996	39.1602	39.0784	36.2025	42.8068	41.9581	39.713300000000004	39.1038	38.9911	38.7982	39.175399999999996	39.1408	39.2101	39.4791	39.397	39.2903	38.8888	38.6224	38.2851	38.285599999999995	38.316	38.6577	38.858399999999996	38.7776	38.8698	38.8416	38.739000000000004	38.5405	38.4795	38.634800000000006	38.447900000000004	38.548700000000004	38.6235	38.579299999999996	38.713300000000004	38.3962	38.5156	38.3811	38.4086	38.2759	38.3873	38.3118	38.4867	38.2089	38.4425	38.5796	38.4591	38.251000000000005	38.3222	38.315599999999996	38.4456	38.1938	38.5185	38.291799999999995	38.4372	38.275999999999996	38.2803	38.4351	38.5004	38.378	38.4259	38.5782	38.601600000000005	38.5194	38.5905	38.543	38.662600000000005	38.4255	38.5928	38.5919	38.7179	38.6534	38.8374	38.6443	38.844	38.5604	38.766400000000004	38.847500000000004	38.9986	38.8279	38.7249	38.9717	39.0605	38.7328	39.062599999999996	38.903	38.887899999999995	38.9036	38.913399999999996	39.2196	39.1802	38.9466	39.1018	39.1631	39.1406	38.9922	39.002700000000004	39.0731	39.3212	38.8694	39.0367	38.9603	39.2187	39.3442	39.3061	39.3194	39.300200000000004	39.079	39.1378	39.4116	39.292300000000004	38.9656	39.397999999999996	39.4353	39.738	39.5227	39.2355	39.5418	39.3378	39.4212	39.4627	39.388	39.6128	39.6731	39.7403	39.6704	39.9241	39.5416	39.8125	39.922999999999995	39.907199999999996	39.9522	39.8252	40.3789	39.7542	40.0828	39.889799999999994	39.9152	39.6017	40.374500000000005	40.3449	40.3777	40.5488	39.6115
AeA01042_CKDL210012719-1a-AK8410-AK4971_HF5TCDSX2_L1_clmp_r1r2_fastp	53.5659	37.6857	38.8541	36.5315	36.5842	35.9309	35.3163	38.0392	37.9278	35.379599999999996	41.3703	40.6739	38.6474	38.027100000000004	37.9823	37.8736	38.1315	38.0779	38.1327	38.4608	38.3383	38.1353	37.7722	37.472699999999996	37.208999999999996	37.215399999999995	37.3137	37.565599999999996	37.766	37.5488	37.7782	37.8296	37.6372	37.4598	37.473299999999995	37.5471	37.371700000000004	37.402	37.500099999999996	37.5481	37.6115	37.242	37.4495	37.3548	37.3463	37.2002	37.2963	37.267	37.4355	37.1449	37.4018	37.5606	37.451	37.156800000000004	37.282900000000005	37.1994	37.351800000000004	37.089299999999994	37.4169	37.2593	37.351299999999995	37.255	37.2772	37.3437	37.4518	37.2866	37.411100000000005	37.5191	37.5648	37.4417	37.6166	37.565599999999996	37.6538	37.4885	37.535000000000004	37.6123	37.713	37.5837	37.811099999999996	37.7119	37.6813	37.5683	37.7677	37.8806	38.027	37.8078	37.7205	37.9975	38.0315	37.7413	38.147999999999996	38.034800000000004	37.9705	37.9168	37.9955	38.3289	38.2187	38.0285	38.1716	38.250299999999996	38.2279	38.0646	38.1873	38.271300000000004	38.3895	37.9607	38.2634	38.0641	38.281	38.5928	38.4712	38.669399999999996	38.3546	38.2681	38.3969	38.5685	38.48	38.2337	38.7418	38.6709	38.9096	38.7131	38.594699999999996	38.7125	38.6561	38.8676	38.6787	38.8196	39.097	39.0923	38.9562	39.081900000000005	38.961400000000005	38.908500000000004	39.123999999999995	39.2016	39.109	39.3717	39.1729	39.7513	39.2409	39.6216	39.204299999999996	39.0883	39.251200000000004	39.5561	39.711400000000005	39.5314	39.8989	38.8899
AeA01043_CKDL210012719-1a-AK8410-AK1864_HF5TCDSX2_L1_clmp_r1r2_fastp	55.5607	39.1263	40.6722	38.2653	38.3138	37.6114	36.924099999999996	39.7389	39.5944	36.9542	43.203599999999994	42.560500000000005	40.383599999999994	39.9219	39.667	39.5891	39.842499999999994	39.7457	39.9733	40.1719	40.094	40.0487	39.5786	39.3673	39.075700000000005	39.0185	39.0615	39.2579	39.6076	39.3906	39.7072	39.7346	39.5163	39.2547	39.3185	39.374700000000004	39.1801	39.300200000000004	39.2879	39.341	39.476499999999994	39.142500000000005	39.3156	39.236599999999996	39.2583	38.9555	39.2739	39.0821	39.2504	39.032	39.2906	39.3667	39.3632	39.0915	39.089800000000004	39.108599999999996	39.2594	39.0554	39.375	39.1085	39.3008	39.0689	39.238800000000005	39.263799999999996	39.3228	39.1966	39.4031	39.3427	39.399	39.387499999999996	39.4999	39.5545	39.5133	39.4771	39.500299999999996	39.483000000000004	39.6192	39.4827	39.6387	39.5678	39.6036	39.5506	39.7365	39.860299999999995	39.9414	39.8084	39.641999999999996	39.939099999999996	39.8778	39.703300000000006	40.0609	40.0704	40.0105	39.9663	40.1096	40.2147	40.1842	40.0586	40.1664	40.2913	40.313300000000005	40.1626	40.1075	40.2426	40.373599999999996	40.0129	40.1352	40.111599999999996	40.3604	40.5929	40.598299999999995	40.5822	40.4792	40.118500000000004	40.2234	40.616400000000006	40.5009	40.0852	40.7452	40.5817	40.8691	40.8324	40.5247	40.7594	40.7762	40.6608	40.5884	40.9994	40.9867	41.1287	41.0487	41.2873	41.2286	40.9407	41.0471	41.4373	41.0858	41.153800000000004	40.906	41.3096	41.0619	41.4904	41.028	41.4826	41.030499999999996	41.896499999999996	41.4219	41.3529	41.6363	40.888400000000004
AeA01044_CKDL210012719-1a-AK8410-AK7558_HF5TCDSX2_L1_clmp_r1r2_fastp	54.444700000000005	38.156099999999995	39.467400000000005	36.9393	37.0576	36.414699999999996	35.7476	38.539899999999996	38.474000000000004	35.902	42.0323	41.4398	39.213	38.6652	38.5654	38.3496	38.6827	38.6594	38.6603	39.017	38.8888	38.798700000000004	38.332899999999995	37.998	37.7752	37.742	37.7797	38.0809	38.3042	38.2477	38.3471	38.3219	38.1666	37.9642	37.9677	38.0873	37.8868	38.0025	38.0479	38.061099999999996	38.2143	37.8515	38.0325	37.8855	37.8352	37.7955	37.891799999999996	37.7205	37.8814	37.7188	37.8702	38.1147	37.984899999999996	37.7835	37.8484	37.7048	37.9549	37.591	38.0914	37.7703	37.884	37.7547	37.798300000000005	37.8779	38.0085	37.811699999999995	37.9054	38.033	38.047399999999996	38.016	38.0338	37.999100000000006	38.1514	37.9598	38.0582	38.025999999999996	38.1226	38.055499999999995	38.2136	38.1665	38.1543	38.013999999999996	38.1695	38.3536	38.463300000000004	38.2972	38.171	38.3805	38.483200000000004	38.1769	38.5811	38.3015	38.4456	38.325199999999995	38.332	38.6596	38.628800000000005	38.355	38.5168	38.544	38.592	38.4394	38.6079	38.485	38.8404	38.4443	38.519999999999996	38.4711	38.6569	38.9738	38.8349	39.028600000000004	38.6537	38.542	38.582100000000004	38.767	38.8378	38.3048	38.9216	38.9704	39.3116	39.070100000000004	38.773	38.9318	38.7345	38.905499999999996	38.929	38.9237	39.0445	39.110099999999996	39.202799999999996	39.1808	39.2917	39.0595	39.2081	39.3635	39.5895	39.4586	39.631899999999995	39.8996	39.0064	39.375	39.0968	39.2293	39.2832	39.840399999999995	39.929199999999994	39.4914	40.3765	38.9829
AeA01045_CKDL210012719-1a-AK8410-7UDI308_HF5TCDSX2_L1_clmp_r1r2_fastp	54.4419	38.5021	39.7011	37.693	37.7133	37.1812	36.2749	38.9814	39.0319	36.4888	42.5831	42.0173	40.023399999999995	39.4106	39.3358	39.1945	39.4799	39.415499999999994	39.468199999999996	39.7478	39.6767	39.4714	39.2016	38.912400000000005	38.6008	38.5645	38.687	38.9157	39.130900000000004	39.0019	39.1333	39.157799999999995	39.008199999999995	38.8318	38.831199999999995	38.8863	38.7394	38.8288	38.8714	38.8352	38.9646	38.663	38.7738	38.685	38.6405	38.4758	38.57	38.5297	38.6733	38.4443	38.6544	38.7862	38.6843	38.4995	38.4914	38.5278	38.57	38.3786	38.7026	38.4382	38.5525	38.459700000000005	38.4011	38.5593	38.6272	38.4608	38.5504	38.615500000000004	38.6815	38.628	38.764700000000005	38.5842	38.7328	38.5451	38.6539	38.6666	38.8506	38.6956	38.8266	38.784	38.8323	38.697199999999995	38.8374	38.904300000000006	38.9516	38.8262	38.7654	38.906600000000005	39.0826	38.7938	39.155499999999996	38.9277	38.8768	38.927	38.8557	39.1812	39.0901	38.997	39.0011	39.108900000000006	39.08	38.966899999999995	39.0657	38.9313	39.2285	38.730399999999996	38.952999999999996	38.9411	38.9709	39.184999999999995	39.2466	39.2509	39.0234	38.9501	38.9165	39.2709	39.1469	38.9092	39.1748	39.1065	39.4579	39.277499999999996	39.0698	39.372299999999996	39.1407	39.210699999999996	39.1936	39.3976	39.4929	39.4465	39.5197	39.4701	39.5086	39.312999999999995	39.4159	39.8178	39.8496	39.7691	39.4796	39.9513	39.8281	39.807500000000005	39.4758	39.6419	39.6465	39.896300000000004	40.2562	40.1059	40.686	39.3076
AeA01046_CKDL210012719-1a-AK8410-AK2587_HF5TCDSX2_L1_clmp_r1r2_fastp	52.754400000000004	39.108599999999996	39.0573	37.3446	37.4903	36.664	35.9794	38.468	38.2453	36.073499999999996	41.3887	40.855799999999995	39.1225	38.6396	38.5658	38.4156	38.7526	38.4947	38.6748	38.9553	38.7639	38.5661	38.5102	38.0991	37.9123	37.9615	37.9387	38.1546	38.4158	38.1625	38.3819	38.494499999999995	38.1988	38.0171	38.0828	38.0894	37.9902	38.0804	38.0315	38.1532	38.377	37.7948	38.1065	38.0224	37.8969	37.7139	38.0548	37.8596	37.9916	37.8641	37.9537	38.076	38.099	37.6808	37.8743	37.9234	37.899	37.689699999999995	38.0449	37.778	38.0131	37.8179	37.8605	37.9172	38.1412	37.8513	38.0599	38.1839	38.0931	38.0718	38.3265	38.169799999999995	38.211	38.2419	38.2106	38.3477	38.497	38.1664	38.4781	38.5053	38.4285	38.3678	38.657599999999995	38.6356	38.7489	38.6199	38.5619	38.7847	38.9171	38.5439	39.010600000000004	38.9824	38.801	38.7769	39.0866	39.0895	39.0642	38.988	39.1202	39.2463	39.3714	39.0142	39.2623	39.403	39.4379	39.0837	39.5307	39.2525	39.5486	39.6813	39.632600000000004	39.6748	39.750099999999996	39.3023	39.5809	39.7898	39.696799999999996	39.4579	40.1545	39.9186	40.194	39.9926	39.9351	40.0201	40.1336	39.7712	40.1614	40.261	40.3093	40.266999999999996	40.6645	40.5751	40.6201	40.2785	40.4076	40.7779	40.8988	40.5779	40.977999999999994	41.3881	40.7902	41.2033	41.031	41.1305	40.9787	41.4222	41.4086	41.1586	42.0432	40.7564
AeA01047_CKDL210012719-1a-AK8410-GC12_HF5TCDSX2_L1_clmp_r1r2_fastp	55.0012	39.193099999999994	40.2891	37.878499999999995	38.0523	37.514399999999995	36.822500000000005	39.6707	39.597500000000004	36.8595	43.0216	42.2914	40.221000000000004	39.616	39.5582	39.3699	39.675700000000006	39.685500000000005	39.7101	40.046	39.8934	39.7941	39.375	39.1192	38.8031	38.8066	38.9189	39.119	39.3861	39.2487	39.4402	39.3138	39.2205	39.0662	38.980199999999996	39.134299999999996	38.9561	39.1049	39.0977	39.1148	39.2429	38.8945	39.0417	38.8844	38.9049	38.8249	38.9019	38.874199999999995	39.0072	38.7662	38.973600000000005	39.135	38.9985	38.804899999999996	38.8558	38.7986	38.9801	38.7565	39.0633	38.8492	38.9812	38.839	38.8411	38.9524	39.0717	38.8923	38.9889	39.070100000000004	39.1534	39.0438	39.1415	39.0167	39.1615	39.0167	39.097500000000004	39.118900000000004	39.2507	39.1104	39.2492	39.1552	39.230599999999995	39.0338	39.2288	39.3981	39.3921	39.279599999999995	39.1204	39.3483	39.4067	39.1428	39.4859	39.2701	39.2509	39.2086	39.264900000000004	39.5467	39.4386	39.2845	39.359300000000005	39.4516	39.3998	39.3048	39.414500000000004	39.292899999999996	39.616800000000005	39.1199	39.327	39.2339	39.385	39.6092	39.5531	39.5786	39.4302	39.2944	39.242399999999996	39.5645	39.4206	39.1251	39.5732	39.477000000000004	39.8648	39.668	39.3947	39.6323	39.425	39.602	39.561600000000006	39.5312	39.8727	39.7786	39.8225	39.9241	39.7718	39.609100000000005	39.834199999999996	40.004400000000004	39.9193	40.062999999999995	39.9198	40.397800000000004	39.824	40.1438	39.6636	40.0555	39.6803	40.305800000000005	40.6412	40.1415	40.7017	39.643499999999996
AeA01048_CKDL210012719-1a-AK8410-7UDI246_HF5TCDSX2_L1_clmp_r1r2_fastp	57.533500000000004	41.7551	42.5137	40.5898	40.6248	39.939099999999996	39.3253	42.55	42.173300000000005	39.2334	45.9737	45.0547	42.6796	42.2192	41.9852	41.8491	42.3273	42.0952	42.2296	42.5627	42.2701	42.2518	42.022	41.580099999999995	41.395900000000005	41.496	41.3529	41.699000000000005	41.9826	41.6616	41.9181	41.9412	41.6873	41.5269	41.682	41.6074	41.503099999999996	41.730000000000004	41.5391	41.6377	41.7763	41.3372	41.5238	41.5816	41.4182	41.335	41.6197	41.383199999999995	41.4897	41.4221	41.4219	41.6684	41.6581	41.3232	41.4276	41.5007	41.4871	41.381099999999996	41.7916	41.3261	41.565000000000005	41.5734	41.4015	41.526	41.7454	41.452099999999994	41.5935	41.7641	41.6402	41.7138	41.8786	41.6139	41.7856	41.767199999999995	41.7035	41.7318	41.9647	41.6953	41.959	41.909600000000005	41.8887	41.7662	42.0351	42.0029	42.1472	42.1323	41.936299999999996	42.1208	42.327	42.003	42.3606	42.2919	42.1767	42.1293	42.3204	42.4169	42.4339	42.2992	42.4479	42.3343	42.6763	42.341	42.3857	42.5769	42.5597	42.295	42.6848	42.4101	42.6444	42.9895	42.8046	42.9127	42.9189	42.5369	42.6909	42.9944	42.72	42.504999999999995	43.1556	42.8066	43.2543	43.2988	42.8348	42.9191	43.1308	42.9375	43.189899999999994	43.436	43.2802	43.513000000000005	43.7742	43.3505	43.575900000000004	43.5356	43.442	43.6258	43.9191	43.6682	43.5117	44.153999999999996	43.764399999999995	44.0093	43.796600000000005	43.8558	43.784	44.541	44.2795	44.338300000000004	44.7064	43.5632
AeA01049_CKDL210012719-1a-AK8587-7UDI214_HF5TCDSX2_L1_clmp_r1r2_fastp	54.3019	38.9418	39.840399999999995	37.6434	37.8581	37.3132	36.605199999999996	39.4249	39.317099999999996	36.5052	42.8121	42.065599999999996	40.0337	39.4365	39.366299999999995	39.1821	39.5083	39.3957	39.4443	39.7688	39.6612	39.5049	39.1257	38.849000000000004	38.5689	38.5814	38.6539	38.8436	39.157199999999996	38.9737	39.1254	39.1206	38.9698	38.8181	38.7732	38.8847	38.7212	38.8337	38.8915	38.8542	39.0108	38.6631	38.86	38.7126	38.7361	38.685199999999995	38.7378	38.6591	38.8075	38.6058	38.7769	38.9299	38.8613	38.610499999999995	38.743300000000005	38.6305	38.7997	38.6008	38.8896	38.665	38.7555	38.6745	38.643499999999996	38.7706	38.8602	38.728899999999996	38.8003	38.884299999999996	38.9351	38.8725	38.9425	38.892900000000004	38.992599999999996	38.8293	38.9193	38.9209	39.0345	38.9343	39.124700000000004	38.9937	39.0616	38.894800000000004	39.0533	39.1746	39.230900000000005	39.1041	39.0239	39.201	39.3481	39.055	39.3954	39.230599999999995	39.176899999999996	39.1647	39.2322	39.4796	39.393	39.2595	39.381	39.486	39.469	39.3105	39.4116	39.3714	39.5599	39.1935	39.3293	39.3304	39.4091	39.6078	39.5764	39.5903	39.4111	39.2061	39.3162	39.5704	39.4447	39.1812	39.6279	39.507999999999996	39.8277	39.7329	39.4786	39.6428	39.4449	39.5532	39.6428	39.5249	39.8031	39.756	39.724	39.8654	39.7547	39.5708	39.7295	39.9362	39.9077	40.0269	39.8435	40.2608	39.8761	40.0723	39.7072	39.9142	39.675399999999996	40.2081	40.299600000000005	40.1451	40.4242	39.1728
AeA01050_CKDL210012719-1a-AK8587-AK4971_HF5TCDSX2_L1_clmp_r1r2_fastp	56.842099999999995	39.1953	41.1606	38.4038	38.4764	37.9431	37.2665	40.5968	40.3424	37.1874	44.3484	43.2361	40.7586	40.0856	40.0446	39.8251	40.255	40.2632	40.247699999999995	40.712199999999996	40.4499	40.3517	39.8441	39.6211	39.2104	39.2533	39.4013	39.707	39.9943	39.8004	39.932	39.923500000000004	39.726099999999995	39.5643	39.5285	39.6918	39.503	39.7152	39.7082	39.6624	39.765699999999995	39.4128	39.5212	39.4246	39.4741	39.3992	39.486900000000006	39.5032	39.6191	39.2595	39.5655	39.7359	39.587	39.3379	39.4585	39.3393	39.6331	39.3445	39.7362	39.413	39.513999999999996	39.3519	39.3844	39.5194	39.696799999999996	39.446	39.645799999999994	39.6669	39.7129	39.658500000000004	39.713	39.570499999999996	39.7495	39.5257	39.684999999999995	39.6179	39.762100000000004	39.623000000000005	39.8083	39.5833	39.7206	39.5019	39.7145	39.963	40.0389	39.7363	39.6479	39.9579	39.9714	39.636500000000005	40.117399999999996	39.798	39.7573	39.7283	39.7652	40.152300000000004	39.9919	39.8235	39.9247	40.0989	40.0341	39.8833	39.8837	39.8925	40.1747	39.5629	39.807700000000004	39.767799999999994	40.008500000000005	40.265499999999996	40.192899999999995	40.1964	39.9648	39.7336	39.7491	40.1556	39.9361	39.6841	40.1896	40.084199999999996	40.5669	40.271699999999996	39.9412	40.1835	39.8795	40.1068	39.9895	40.0949	40.3962	40.4244	40.4061	40.5435	40.3515	40.1782	40.611599999999996	40.5914	40.542	40.644000000000005	40.461000000000006	41.1108	40.4654	40.8138	40.2599	40.5404	40.2137	40.9505	41.117799999999995	40.8859	41.112500000000004	39.7577
AeA01051_CKDL210012719-1a-AK8587-AK1864_HF5TCDSX2_L1_clmp_r1r2_fastp	55.5625	39.0239	40.534	38.0302	38.123000000000005	37.5991	36.8675	39.9527	39.834599999999995	36.8883	43.580600000000004	42.6182	40.3665	39.7201	39.6734	39.4992	39.8063	39.806999999999995	39.8748	40.1828	40.0717	39.9236	39.528600000000004	39.257799999999996	38.959500000000006	38.932	39.0469	39.289699999999996	39.556400000000004	39.4413	39.5927	39.5059	39.3916	39.1864	39.1637	39.2415	39.1038	39.2284	39.273	39.271	39.366299999999995	39.0656	39.1724	39.0561	39.076100000000004	38.9831	39.055499999999995	38.9944	39.1719	38.906400000000005	39.1679	39.2686	39.1452	38.912200000000006	39.0115	38.9369	39.1171	38.920700000000004	39.2274	39.0401	39.1579	39.0208	38.9912	39.1164	39.2014	39.0854	39.1595	39.2063	39.2628	39.2247	39.299099999999996	39.2237	39.3112	39.138600000000004	39.2546	39.190999999999995	39.3575	39.2455	39.4321	39.278200000000005	39.3581	39.2031	39.3733	39.5271	39.5764	39.3704	39.312000000000005	39.5336	39.6102	39.3101	39.644200000000005	39.4291	39.433800000000005	39.4101	39.4519	39.7457	39.6841	39.4895	39.6072	39.7005	39.6432	39.5729	39.5271	39.5403	39.798899999999996	39.3895	39.4366	39.440999999999995	39.6528	39.866600000000005	39.818599999999996	39.8652	39.657599999999995	39.551199999999994	39.516400000000004	39.7623	39.6606	39.4366	39.8301	39.7555	40.220800000000004	39.8829	39.720299999999995	39.9248	39.693400000000004	39.7533	39.7266	39.766600000000004	40.0108	40.1132	40.110600000000005	40.0972	39.977000000000004	39.881699999999995	40.0476	40.2151	40.132	40.2417	40.0076	40.5541	40.069700000000005	40.3455	39.9221	40.1977	40.0466	40.5985	40.7107	40.476	40.8257	39.5207
AeA01052_CKDL210012719-1a-AK8587-AK7558_HF5TCDSX2_L1_clmp_r1r2_fastp	54.2443	38.9935	39.8254	37.5155	37.6115	37.1931	36.485	39.2239	39.1441	36.520599999999995	42.4182	41.8628	39.7779	39.217400000000005	39.1351	38.9918	39.3295	39.2151	39.463100000000004	39.6591	39.4784	39.4032	38.9975	38.825700000000005	38.431	38.423	38.6	38.7484	38.964999999999996	38.8701	39.0391	39.014500000000005	38.894	38.6541	38.629000000000005	38.742599999999996	38.5721	38.695	38.8141	38.7143	38.9024	38.5482	38.737700000000004	38.6157	38.5398	38.384800000000006	38.4467	38.4608	38.6178	38.347300000000004	38.5287	38.7173	38.6118	38.4237	38.535000000000004	38.4148	38.600699999999996	38.3686	38.690200000000004	38.5118	38.6354	38.482699999999994	38.5439	38.5619	38.701299999999996	38.482699999999994	38.6824	38.6951	38.7834	38.6631	38.8097	38.7082	38.8839	38.7444	38.803599999999996	38.7975	38.8951	38.7136	38.9748	38.779799999999994	38.9988	38.841300000000004	38.8708	39.1341	39.273	39.0125	38.8681	39.2087	39.2809	38.899899999999995	39.3386	39.1674	39.1699	39.0779	39.1216	39.332699999999996	39.4767	39.0647	39.467200000000005	39.4704	39.4164	39.3739	39.3358	39.2357	39.624900000000004	39.0873	39.2239	39.1468	39.3166	39.7947	39.3748	39.704899999999995	39.4794	39.2858	39.3038	39.6212	39.5472	39.260400000000004	39.688	39.656200000000005	40.117999999999995	39.6958	39.5436	39.8751	39.6912	39.5034	39.7493	39.7476	39.873599999999996	40.1547	40.1543	40.156	40.1059	40.225899999999996	39.9362	40.281800000000004	40.2088	40.346199999999996	40.1477	40.9123	40.1671	40.1526	39.8027	40.4586	40.1875	40.4223	40.6832	40.5793	40.666799999999995	39.7345
AeA01053_CKDL210012719-1a-AK8587-7UDI308_HF5TCDSX2_L1_clmp_r1r2_fastp	54.718599999999995	38.4917	39.9137	37.546099999999996	37.8674	36.9218	36.3946	39.1861	39.2274	36.328500000000005	42.828	41.9587	39.842499999999994	39.2214	39.2071	38.9538	39.2268	39.151799999999994	39.301	39.6596	39.5946	39.2781	39.0178	38.6376	38.364599999999996	38.3978	38.5419	38.7115	38.9662	38.966	38.9649	39.008900000000004	38.710699999999996	38.4913	38.516600000000004	38.7962	38.6125	38.5398	38.7792	38.748	38.7362	38.5292	38.6612	38.7147	38.6015	38.4424	38.5951	38.461800000000004	38.6164	38.3471	38.763	38.681599999999996	38.56	38.4542	38.6065	38.3341	38.4502	38.2733	38.7117	38.432300000000005	38.521	38.420100000000005	38.554100000000005	38.6491	38.6739	38.5234	38.6462	38.9841	38.8008	38.709700000000005	38.7461	38.9226	38.8154	38.8013	39.014500000000005	38.7216	39.0593	38.9149	39.1059	39.143899999999995	38.9953	38.9934	39.027899999999995	39.352199999999996	39.3258	39.2377	39.1038	39.2713	39.522	39.1461	39.4223	39.394600000000004	39.3863	39.4779	39.4268	39.7031	39.657399999999996	39.5984	39.6674	39.707300000000004	39.832	39.5621	39.876400000000004	39.752500000000005	40.0978	39.7391	39.7685	39.4768	39.7084	40.0522	40.189	39.9279	40.0081	39.6976	40.1501	40.047399999999996	39.832499999999996	39.6203	40.0116	39.7293	40.6916	40.2978	40.0984	40.1415	40.2361	40.3594	40.18	40.104800000000004	40.2452	40.531099999999995	40.6439	40.9523	40.4885	40.3981	40.141799999999996	40.8715	40.775	40.9928	40.7635	41.0796	40.927400000000006	40.4884	40.474199999999996	40.7135	40.8777	41.4991	41.237	40.7941	41.4109	40.7834
AeA01054_CKDL210012719-1a-AK8587-AK2587_HF5TCDSX2_L1_clmp_r1r2_fastp	55.301199999999994	38.630199999999995	40.053	37.5774	37.7446	37.0363	36.3395	39.3047	39.1331	36.3526	42.9225	42.152699999999996	39.9352	39.3166	39.2573	39.043099999999995	39.3943	39.327	39.3705	39.6715	39.5574	39.433299999999996	39.0676	38.7773	38.4685	38.461099999999995	38.5544	38.800200000000004	39.0291	38.9069	39.102	39.0312	38.918	38.734	38.6905	38.787	38.626	38.7586	38.794200000000004	38.744299999999996	38.893100000000004	38.5557	38.7067	38.6187	38.5746	38.5169	38.6168	38.5249	38.7085	38.4318	38.6569	38.7956	38.712	38.500499999999995	38.5868	38.5577	38.6449	38.4543	38.7631	38.5514	38.6561	38.5065	38.553399999999996	38.6543	38.7755	38.5722	38.6855	38.7783	38.7722	38.7237	38.826	38.7334	38.8756	38.6875	38.804300000000005	38.7727	38.906400000000005	38.7687	38.9851	38.8205	38.9525	38.7034	38.946799999999996	39.0253	39.144	38.9714	38.859300000000005	39.0998	39.174	38.8508	39.2706	39.055099999999996	39.029	38.9859	39.0625	39.352199999999996	39.248	39.124199999999995	39.1961	39.3069	39.2552	39.185900000000004	39.1397	39.1843	39.3926	38.9214	39.1686	39.153	39.2588	39.454899999999995	39.4088	39.460699999999996	39.359100000000005	39.100699999999996	39.1239	39.4988	39.3506	39.0968	39.4138	39.435199999999995	39.7478	39.5651	39.3416	39.5067	39.279799999999994	39.4474	39.393	39.4387	39.646	39.6542	39.7199	39.6668	39.6958	39.6507	39.7096	39.881	39.8189	39.858	39.7473	40.192	39.734	40.0595	39.753899999999994	39.9054	39.699600000000004	40.2171	40.3048	40.2034	40.2913	39.0997
AeA01055_CKDL210012719-1a-AK8587-GC12_HF5TCDSX2_L1_clmp_r1r2_fastp	53.5142	38.8739	39.438	37.4354	37.6573	36.9597	36.354	39.0756	38.8847	36.418800000000005	42.201	41.505900000000004	39.5503	39.0501	38.9151	38.8491	39.1507	38.975300000000004	39.092	39.368199999999995	39.257	39.0369	38.8911	38.4485	38.2251	38.2585	38.313199999999995	38.501400000000004	38.852199999999996	38.5494	38.815	38.8501	38.581500000000005	38.4492	38.5528	38.5378	38.3681	38.4357	38.5038	38.4925	38.716699999999996	38.249	38.4848	38.4724	38.3368	38.2774	38.4213	38.3333	38.3838	38.2281	38.3487	38.4996	38.533699999999996	38.1742	38.3266	38.4011	38.3712	38.1749	38.5263	38.3114	38.406	38.3497	38.3196	38.4033	38.550200000000004	38.3445	38.4407	38.5605	38.5452	38.4161	38.7183	38.5663	38.7181	38.5134	38.7046	38.6356	38.8632	38.5926	38.9236	38.9125	38.9137	38.657399999999996	38.9511	38.9506	39.1186	39.0015	38.8812	39.0883	39.303900000000006	38.9131	39.3555	39.175399999999996	39.1834	39.1246	39.3386	39.4047	39.4446	39.2851	39.292100000000005	39.4822	39.594	39.2937	39.484399999999994	39.4299	39.6478	39.2692	39.589999999999996	39.319500000000005	39.6511	39.6922	39.7757	39.8202	39.708	39.531	39.6932	40.022999999999996	39.765499999999996	39.5478	40.022000000000006	39.9997	40.1866	40.137499999999996	39.818999999999996	40.077400000000004	39.9837	39.8503	40.0728	40.0996	40.3352	40.3376	40.4914	40.4497	40.400000000000006	40.150999999999996	40.4781	40.651900000000005	40.6969	40.436899999999994	40.5542	40.9731	40.7503	40.969100000000005	40.611599999999996	40.732800000000005	40.7094	41.147600000000004	41.3973	41.092099999999995	41.525800000000004	40.1665
AeA01056_CKDL210012719-1a-AK8587-7UDI246_HF5TCDSX2_L1_clmp_r1r2_fastp	55.2985	38.8553	40.663700000000006	38.0861	38.3165	37.7205	37.0878	39.9601	39.820899999999995	36.8927	43.527300000000004	42.5925	40.380300000000005	39.800799999999995	39.8104	39.5937	39.9096	39.8771	39.922000000000004	40.2294	40.1209	39.9931	39.637	39.3551	39.053399999999996	39.0285	39.178200000000004	39.382	39.6353	39.4795	39.6491	39.5959	39.5182	39.2915	39.2987	39.388600000000004	39.2022	39.383	39.3838	39.3774	39.4463	39.161699999999996	39.313900000000004	39.170899999999996	39.1777	39.1203	39.1673	39.1104	39.2593	38.953700000000005	39.216499999999996	39.3816	39.2581	39.0349	39.1092	39.0256	39.2004	39.007	39.2857	39.1205	39.2074	39.0828	39.0645	39.177099999999996	39.270500000000006	39.1039	39.272	39.2814	39.3395	39.266	39.3444	39.2576	39.3921	39.232299999999995	39.335	39.2997	39.4347	39.3016	39.5367	39.3397	39.4094	39.2464	39.4207	39.5614	39.598499999999994	39.4175	39.346	39.5161	39.5461	39.305299999999995	39.658	39.3313	39.404	39.3189	39.3932	39.665499999999994	39.608	39.4471	39.5965	39.6434	39.5162	39.4051	39.539	39.4084	39.6862	39.2062	39.372600000000006	39.293499999999995	39.5531	39.6248	39.7704	39.7588	39.5555	39.434999999999995	39.5083	39.724900000000005	39.612700000000004	39.3124	39.6965	39.567600000000006	40.049099999999996	39.725100000000005	39.5986	39.6642	39.5545	39.6413	39.6053	39.683800000000005	39.9418	40.0192	40.028999999999996	40.0625	39.9913	39.6691	39.9882	40.1959	40.1544	40.260600000000004	40.1158	40.6882	40.027499999999996	40.2887	39.9609	40.121	39.9136	40.477000000000004	40.674	40.5139	40.7935	39.5398
AeA01057_CKDL210012719-1a-AK7759-7UDI214_HF5TCDSX2_L1_clmp_r1r2_fastp	53.759100000000004	37.8473	39.1733	36.9418	37.0336	36.1946	35.5628	38.583800000000004	38.341300000000004	35.6686	41.8984	41.0087	38.9622	38.3829	38.2732	38.1995	38.6839	38.3081	38.5642	38.8204	38.6784	38.608599999999996	38.3635	37.9261	37.634499999999996	37.5989	37.6332	37.9305	38.1963	38.0361	38.262299999999996	38.2919	38.0057	37.6723	37.935	37.7812	37.7326	37.8498	38.028800000000004	37.8964	38.159	37.730999999999995	37.9429	37.7335	37.6967	37.559799999999996	37.7129	37.5191	37.7853	37.5498	37.6443	37.7734	37.866	37.5263	37.691599999999994	37.6589	37.6541	37.3536	37.8638	37.6249	37.719	37.4861	37.6761	37.7898	37.9018	37.506299999999996	37.749500000000005	37.957	38.0028	37.8309	38.162800000000004	37.964999999999996	38.033899999999996	37.943599999999996	38.155899999999995	38.148199999999996	38.4218	38.0554	38.414300000000004	38.3	38.328	38.0791	38.4339	38.3904	38.437599999999996	38.4161	38.5319	38.8008	38.723400000000005	38.3351	38.7745	38.9414	38.7734	38.6881	38.8688	38.9699	39.1764	38.7598	39.234	39.14	39.3279	38.898700000000005	39.157	39.2681	39.3552	38.920300000000005	39.4246	39.137	39.4112	39.4457	39.562599999999996	39.7867	39.8038	39.441700000000004	39.6057	39.609	39.7461	39.8163	39.8513	39.9903	40.3984	39.6539	40.1662	40.0127	39.9758	39.8052	40.402	40.5349	40.97	40.4581	41.297200000000004	41.239799999999995	40.7793	41.0026	40.9181	40.9678	41.0053	40.7501	41.435	41.1196	41.275800000000004	40.9892	41.411300000000004	40.876400000000004	41.699999999999996	41.5073	41.7604	42.327	42.0689	41.5166
AeA01058_CKDL210012719-1a-AK7759-AK4971_HF5TCDSX2_L1_clmp_r1r2_fastp	52.4968	37.1419	38.6808	36.482	36.477	35.6365	35.0694	37.8217	37.6158	35.1021	41.0526	40.3624	38.1806	37.6521	37.6432	37.5301	37.9113	37.5945	37.8501	38.141799999999996	38.0593	37.8079	37.6142	37.344899999999996	37.0153	36.9871	37.0455	37.302600000000005	37.569599999999994	37.2885	37.5912	37.5488	37.3334	37.1845	37.245	37.2301	37.0683	37.2069	37.202600000000004	37.2303	37.4355	36.9112	37.1248	37.127300000000005	37.0298	36.878899999999994	37.1446	36.8465	37.0589	36.8774	37.069	37.0783	37.1028	36.782900000000005	36.9103	37.0572	36.9144	36.8253	37.1954	36.876799999999996	37.0666	36.828300000000006	36.9149	37.0578	37.1576	36.8873	37.0316	37.2382	37.1784	37.180600000000005	37.4396	37.3069	37.3387	37.35	37.4088	37.4286	37.6188	37.2919	37.6302	37.7218	37.7246	37.4765	37.8402	37.8079	37.9326	37.778800000000004	37.8512	37.974000000000004	38.3703	37.9574	38.273	38.298300000000005	38.2543	38.081900000000005	38.5777	38.447700000000005	38.468999999999994	38.3461	38.667699999999996	38.798500000000004	39.103100000000005	38.5749	38.7211	38.9488	38.9694	38.7196	38.9425	39.1561	39.4395	39.5655	39.271499999999996	39.5845	39.6314	39.0931	39.474199999999996	39.8298	39.6656	39.557700000000004	40.0392	39.925	40.510600000000004	39.943	39.9899	40.3466	40.661	40.2868	40.3306	40.8459	40.8276	40.5737	41.3356	40.9904	41.0992	41.2969	41.1703	41.2601	42.0837	41.455	41.5826	42.4209	42.2501	42.1958	42.4701	42.237700000000004	42.2666	43.2894	42.961	42.9739	43.6635	42.323899999999995
AeA01059_CKDL210012719-1a-AK7759-AK1864_HF5TCDSX2_L1_clmp_r1r2_fastp	54.7513	39.4233	40.9159	39.362399999999994	38.882	37.752599999999994	36.7909	39.339400000000005	39.1464	37.0104	42.715199999999996	42.2999	40.6291	39.800200000000004	39.749	39.736399999999996	40.0014	40.0918	39.9576	40.3001	40.2558	40.111799999999995	39.6547	39.6464	39.1784	39.2196	39.1737	39.4722	39.7401	39.5928	39.8662	39.8611	39.8391	39.6854	39.528600000000004	39.7401	39.5347	39.7479	39.6282	39.7714	39.6629	39.312599999999996	39.4366	39.4005	39.4146	39.358399999999996	39.2899	39.3467	39.5007	39.1586	39.4961	39.6417	39.5005	39.2714	39.3227	39.4179	39.5185	39.2353	39.4701	39.4329	39.423700000000004	39.3456	39.356	39.3354	39.618900000000004	39.3984	39.4741	39.6135	39.7145	39.4657	39.508900000000004	39.515499999999996	39.5477	39.3431	39.4427	39.4393	39.5949	39.5017	39.7862	39.353500000000004	39.5156	39.4428	39.5609	39.693	39.8264	39.605000000000004	39.3539	39.7396	39.9175	39.537299999999995	39.8438	39.6419	39.7433	39.6153	39.492399999999996	40.0134	39.7519	39.5589	39.9075	39.957100000000004	39.9435	39.8259	39.6728	39.7181	39.8904	39.5593	39.5127	39.7077	39.8835	40.2897	40.0932	40.1248	39.9249	39.7145	39.5272	39.8998	39.6999	39.4917	39.7656	39.7356	40.2421	39.795	39.6361	39.8211	39.652	40.0554	39.9087	39.8912	40.2209	40.3723	40.1635	40.300599999999996	40.2934	39.899499999999996	40.0569	40.413199999999996	40.354600000000005	40.071600000000004	40.0944	40.525	40.044999999999995	40.0225	39.8692	40.0088	39.6133	40.5794	40.841100000000004	40.5263	40.7471	39.5331
AeA01060_CKDL210012719-1a-AK7759-AK7558_HF5TCDSX2_L1_clmp_r1r2_fastp	53.797799999999995	39.514500000000005	40.233000000000004	37.7615	38.0903	37.4048	36.8015	39.3323	39.1735	36.7701	42.6205	41.960300000000004	40.0586	39.4001	39.3843	39.2299	39.5305	39.4993	39.5938	39.8927	39.6823	39.5771	39.1742	38.9518	38.568000000000005	38.6254	38.695	38.9798	39.1969	39.043299999999995	39.2399	39.2164	39.0396	38.8373	38.8785	38.9807	38.7621	38.9783	38.9377	38.9911	39.0668	38.6903	38.8658	38.7588	38.7769	38.7009	38.7825	38.6941	38.8459	38.581700000000005	38.8215	39.0053	38.897999999999996	38.6176	38.7076	38.7067	38.8409	38.6003	38.9749	38.6736	38.7653	38.6121	38.6089	38.8159	38.9429	38.711800000000004	38.854	38.8657	38.9446	38.848	38.9551	38.906800000000004	38.9936	38.79	38.968199999999996	38.891799999999996	39.0783	38.873799999999996	39.077	38.945299999999996	38.996700000000004	38.7505	39.029799999999994	39.184999999999995	39.2446	39.112700000000004	38.9504	39.1964	39.2737	38.9937	39.338	39.048899999999996	39.1016	39.0388	39.1106	39.4615	39.3745	39.1063	39.3268	39.3086	39.3713	39.198	39.2382	39.285399999999996	39.5208	38.9738	39.1639	39.067299999999996	39.3344	39.510600000000004	39.496900000000004	39.5946	39.3675	39.1671	39.1621	39.475300000000004	39.365	39.1011	39.6323	39.5567	39.936899999999994	39.638	39.4059	39.5946	39.4296	39.5239	39.4635	39.5638	39.8044	39.7745	39.879	39.9196	39.8872	39.7631	39.7944	40.0954	40.0598	40.1155	40.0136	40.5207	40.096900000000005	40.1453	39.853899999999996	40.02	39.8289	40.44	40.6077	40.2705	40.77	39.3275
AeC01001_CKDL210012719-1a-5UDI301-AK533_HF5TCDSX2_L1_clmp_r1r2_fastp	58.053	42.681200000000004	42.1101	41.089	41.7031	41.5901	40.358	43.648199999999996	43.872499999999995	40.118500000000004	46.8174	46.8559	44.797399999999996	44.4617	44.1001	43.8674	44.183099999999996	43.9491	44.169599999999996	44.5449	44.3225	44.038	44.0403	43.4172	43.3686	43.196200000000005	43.248799999999996	43.5392	43.8303	43.6435	43.7825	43.7093	43.7554	43.6393	43.608999999999995	43.754599999999996	43.4108	43.4756	43.5745	43.4332	43.8643	43.4131	43.5383	43.5312	43.509	43.520199999999996	43.5712	43.5483	43.642900000000004	43.5064	43.7956	43.765	43.6534	43.5052	43.6054	43.4417	43.7033	43.4174	43.6552	43.5416	43.6025	43.5786	43.511300000000006	43.5179	43.7396	43.5573	43.6065	43.5785	43.7254	43.5848	43.7706	43.5765	43.717	43.5512	43.6186	43.5973	43.748799999999996	43.636599999999994	43.6901	43.7168	43.7131	43.5154	43.6772	43.7818	43.6963	43.7141	43.4643	43.5946	43.7464	43.5766	43.8882	43.710100000000004	43.6649	43.5728	43.7434	43.8046	43.833	43.7613	43.7303	43.876599999999996	43.7859	43.788700000000006	43.7958	43.797399999999996	43.889	43.7448	43.7484	43.7438	43.7423	43.8765	43.8721	43.9445	43.8183	43.6965	43.7589	43.892199999999995	43.880599999999994	43.7048	43.9135	43.6444	44.006299999999996	43.8401	43.749300000000005	43.8921	43.820100000000004	43.7635	43.8371	43.8028	43.8686	43.817099999999996	43.8455	43.864799999999995	43.7915	43.7874	43.8033	43.8937	43.824999999999996	43.9439	43.717	43.953900000000004	43.7739	43.9185	43.851600000000005	43.856899999999996	43.781	43.9422	43.8291	43.898700000000005	43.9359	43.6175
AeC01002_CKDL210012719-1a-AK7758-AK533_HF5TCDSX2_L1_clmp_r1r2_fastp	57.7813	42.9212	41.9664	41.0875	41.5674	41.5454	40.1537	43.467	43.7821	40.0146	46.646300000000004	46.7846	44.7275	44.278800000000004	43.9582	43.6666	43.979099999999995	43.7193	43.969	44.3351	44.2017	43.9284	43.932300000000005	43.275999999999996	43.3144	43.0575	43.0974	43.4085	43.68	43.4816	43.6853	43.517	43.6205	43.4871	43.4506	43.593399999999995	43.263	43.278800000000004	43.3423	43.3324	43.6849	43.2826	43.3663	43.3563	43.3468	43.350100000000005	43.3567	43.376999999999995	43.4679	43.3269	43.613800000000005	43.591499999999996	43.4614	43.3267	43.4168	43.2517	43.466300000000004	43.3052	43.4695	43.4499	43.4268	43.453399999999995	43.390699999999995	43.3527	43.5321	43.4227	43.405300000000004	43.4022	43.499500000000005	43.4644	43.5975	43.4619	43.5501	43.392599999999995	43.4932	43.4284	43.5876	43.4682	43.5131	43.5544	43.5246	43.4083	43.5661	43.612	43.5282	43.5636	43.3968	43.437599999999996	43.6122	43.4497	43.6942	43.5634	43.560300000000005	43.485	43.5729	43.7141	43.6377	43.5988	43.573	43.6875	43.6346	43.6623	43.6377	43.6824	43.7542	43.6251	43.6327	43.6029	43.632	43.6991	43.755500000000005	43.7534	43.626	43.5303	43.6022	43.7288	43.6898	43.5828	43.6909	43.5713	43.8459	43.6915	43.6184	43.7181	43.6826	43.6322	43.717	43.6397	43.6995	43.636	43.725500000000004	43.6963	43.672	43.6311	43.6118	43.7705	43.6861	43.716699999999996	43.5462	43.7336	43.6152	43.7761	43.689299999999996	43.7639	43.7052	43.7835	43.6906	43.7715	43.7283	43.5208
AeC01003_CKDL210012719-1a-AK7078-AK533_HF5TCDSX2_L1_clmp_r1r2_fastp	57.5358	42.7993	41.989900000000006	41.081	41.7388	41.627399999999994	40.3957	43.7049	43.8683	40.1911	46.8041	46.720600000000005	44.615	44.320100000000004	44.0293	43.7753	44.0705	43.8249	44.0486	44.3898	44.2422	43.9407	43.979600000000005	43.4048	43.3311	43.1728	43.1944	43.4573	43.7712	43.591	43.6766	43.6058	43.6714	43.5555	43.5477	43.6581	43.3345	43.379400000000004	43.4269	43.3801	43.7007	43.4079	43.4642	43.411	43.445299999999996	43.3697	43.4651	43.4297	43.6203	43.432700000000004	43.6672	43.6552	43.499300000000005	43.3964	43.4892	43.3749	43.5711	43.3786	43.5287	43.5544	43.5135	43.5166	43.4533	43.4544	43.5828	43.4742	43.5036	43.4873	43.6339	43.5064	43.728699999999996	43.502	43.5601	43.4492	43.4955	43.516	43.5914	43.4905	43.6074	43.6253	43.627500000000005	43.497400000000006	43.6388	43.6314	43.5805	43.5969	43.3813	43.4844	43.6726	43.5308	43.7157	43.656299999999995	43.5792	43.4788	43.6132	43.6911	43.750299999999996	43.6671	43.5928	43.7573	43.661699999999996	43.6991	43.7522	43.7252	43.7787	43.729600000000005	43.6304	43.6712	43.694	43.7933	43.7206	43.7993	43.705	43.6586	43.6851	43.8276	43.7786	43.6107	43.7921	43.6177	43.8951	43.8213	43.7093	43.797799999999995	43.7326	43.6994	43.758399999999995	43.7958	43.7941	43.7193	43.7304	43.7382	43.7247	43.728699999999996	43.7515	43.8073	43.727	43.709900000000005	43.661899999999996	43.810300000000005	43.713	43.8416	43.7595	43.822	43.7208	43.8402	43.7401	43.841	43.8628	43.5473
AeC01004_CKDL210012719-1a-AK9143-AK533_HF5TCDSX2_L1_clmp_r1r2_fastp	58.633199999999995	42.5848	42.3524	41.1933	41.877900000000004	41.7153	40.5718	43.8694	44.054	40.3281	47.2483	47.092800000000004	44.9206	44.6401	44.310300000000005	44.0287	44.3068	44.134	44.2803	44.678200000000004	44.4535	44.1779	44.148199999999996	43.5908	43.574200000000005	43.3695	43.343199999999996	43.654399999999995	43.932	43.7061	43.9463	43.8145	43.8868	43.7997	43.7894	43.864999999999995	43.547999999999995	43.627500000000005	43.7061	43.608200000000004	44.0388	43.580799999999996	43.634499999999996	43.6616	43.6171	43.6211	43.6939	43.6792	43.802400000000006	43.6248	43.9233	43.905699999999996	43.7913	43.681599999999996	43.751	43.571799999999996	43.778800000000004	43.5969	43.8273	43.7736	43.7877	43.703900000000004	43.6665	43.6776	43.8677	43.7307	43.7265	43.7237	43.867	43.7112	43.9516	43.746	43.8082	43.695299999999996	43.7757	43.7249	43.9005	43.7067	43.8404	43.805899999999994	43.9065	43.7292	43.8326	43.8551	43.7997	43.8524	43.693599999999996	43.72	43.8822	43.7616	44.044200000000004	43.8405	43.8119	43.7668	43.8711	43.947599999999994	43.9439	43.8327	43.872	43.9802	43.9168	43.959900000000005	43.9169	43.9459	43.9714	43.8687	43.8421	43.8386	43.955	43.971199999999996	44.0232	44.0261	43.918400000000005	43.8247	43.9191	43.9862	44.0137	43.8747	43.9833	43.8311	44.143100000000004	43.9598	43.9392	43.9759	43.9355	43.949	43.9897	43.8972	43.9621	43.9206	43.955	44.0031	43.8923	43.9608	43.9125	44.0041	43.9681	43.931	43.9199	43.9794	43.9518	44.06	43.983	43.9981	43.959199999999996	44.085499999999996	43.9589	44.0638	44.061499999999995	43.7216
AeC01005_CKDL210012719-1a-5UDI225-AK533_HF5TCDSX2_L1_clmp_r1r2_fastp	57.8678	42.553000000000004	42.460300000000004	41.382600000000004	41.8209	41.784	40.5805	43.878299999999996	44.074000000000005	40.106	47.176	47.0201	44.7657	44.504	44.1132	43.8789	44.1597	43.9206	44.203199999999995	44.5859	44.3044	44.0905	44.1276	43.487700000000004	43.4647	43.2162	43.2976	43.6203	43.8879	43.702999999999996	43.8496	43.7214	43.8336	43.6498	43.6589	43.7593	43.448100000000004	43.4752	43.5828	43.4874	43.871500000000005	43.488	43.565799999999996	43.5836	43.4666	43.4533	43.5773	43.5117	43.7196	43.5032	43.8025	43.7682	43.6298	43.499500000000005	43.5713	43.4419	43.6259	43.452400000000004	43.6127	43.653	43.5704	43.6375	43.5587	43.4845	43.696	43.5231	43.5916	43.6079	43.6761	43.5896	43.7962	43.5696	43.7003	43.5203	43.655899999999995	43.5829	43.7344	43.615500000000004	43.7165	43.6808	43.6894	43.577	43.7226	43.7549	43.6959	43.7134	43.4941	43.5882	43.7456	43.5911	43.918600000000005	43.7144	43.6899	43.6368	43.695299999999996	43.7365	43.8131	43.7532	43.6925	43.8626	43.7463	43.806400000000004	43.7659	43.7993	43.842	43.7068	43.7782	43.6987	43.7408	43.876799999999996	43.8873	43.8883	43.8133	43.712	43.804700000000004	43.8526	43.8505	43.689	43.837199999999996	43.683499999999995	43.9439	43.826	43.740899999999996	43.8151	43.8343	43.8089	43.7607	43.763400000000004	43.8188	43.7459	43.8707	43.849900000000005	43.805899999999994	43.8565	43.757400000000004	43.858000000000004	43.8307	43.8639	43.7085	43.8639	43.7826	43.932700000000004	43.841499999999996	43.8564	43.862	43.9199	43.8092	43.846000000000004	43.8705	43.5207
AeC01006_CKDL210012719-1a-AK9144-AK533_HF5TCDSX2_L1_clmp_r1r2_fastp	57.752199999999995	42.873400000000004	42.1196	41.2435	41.86	41.6708	40.5026	43.747	43.9091	40.2519	46.881099999999996	46.767900000000004	44.742399999999996	44.4216	44.093700000000005	43.8408	44.1788	43.9923	44.1428	44.6262	44.3419	44.0668	44.0594	43.4857	43.429	43.2584	43.3006	43.5641	43.8816	43.6675	43.8501	43.702999999999996	43.769999999999996	43.6545	43.6558	43.7994	43.4203	43.546	43.574600000000004	43.526199999999996	43.8939	43.4749	43.539899999999996	43.5496	43.489	43.520399999999995	43.5646	43.5965	43.6808	43.4905	43.8023	43.8129	43.6683	43.4938	43.621500000000005	43.4118	43.7079	43.4843	43.6712	43.641200000000005	43.579	43.635000000000005	43.5722	43.5227	43.750499999999995	43.556	43.5914	43.5909	43.723800000000004	43.5952	43.8071	43.552800000000005	43.7107	43.5458	43.6312	43.6269	43.7477	43.6518	43.7254	43.6812	43.763200000000005	43.5198	43.7102	43.7956	43.6613	43.6997	43.562200000000004	43.620999999999995	43.816300000000005	43.634	43.9284	43.802	43.6949	43.6279	43.7758	43.7931	43.8865	43.8029	43.7396	43.852999999999994	43.8345	43.8284	43.8094	43.87	43.9452	43.804500000000004	43.7658	43.8075	43.830200000000005	43.9302	43.9227	43.961600000000004	43.8882	43.6502	43.7453	43.890299999999996	43.8909	43.6996	43.9021	43.782	44.0822	43.9226	43.834	43.8652	43.8339	43.8075	43.8197	43.8247	43.961600000000004	43.908500000000004	43.894	43.892399999999995	43.8014	43.8166	43.8615	43.9523	43.9083	43.872699999999995	43.7772	43.945299999999996	43.791000000000004	43.9636	43.8433	43.8951	43.8967	43.9698	43.879200000000004	43.989200000000004	43.97	43.5986
AeC01007_CKDL210012719-1a-AK3911-AK533_HF5TCDSX2_L1_clmp_r1r2_fastp	58.9235	41.9643	42.7045	41.2945	41.7481	41.6977	40.4856	43.9748	44.1664	39.963100000000004	47.6271	47.3984	44.8366	44.5962	44.258399999999995	44.1048	44.3424	44.0537	44.3052	44.6066	44.3793	44.1196	44.2278	43.571799999999996	43.6168	43.3298	43.4026	43.729099999999995	43.9322	43.8567	43.899899999999995	43.8238	43.9139	43.6919	43.8172	43.839299999999994	43.5579	43.6299	43.6265	43.6314	43.986599999999996	43.634699999999995	43.6594	43.6732	43.6633	43.6378	43.703599999999994	43.6461	43.817299999999996	43.6809	43.9734	43.8748	43.7122	43.6181	43.6514	43.5566	43.8102	43.5964	43.7607	43.7672	43.7496	43.7681	43.6808	43.677	43.8459	43.7244	43.6991	43.730000000000004	43.8406	43.8054	43.951	43.7232	43.8496	43.7003	43.811299999999996	43.749700000000004	43.913000000000004	43.7292	43.8565	43.883	43.9063	43.7309	43.9176	43.8976	43.8339	43.7795	43.6773	43.7267	43.9024	43.7384	44.0548	43.8894	43.8534	43.7975	43.8726	43.8611	43.9708	43.9046	43.8964	44.0153	43.924800000000005	43.9356	43.9985	43.9412	44.0039	43.9465	43.9139	43.9208	43.9425	44.0038	44.0338	44.0109	43.985800000000005	43.8771	43.8957	44.032700000000006	44.0143	43.8935	43.9861	43.8347	44.1529	43.9621	43.940400000000004	43.9776	43.9644	43.9639	43.985800000000005	43.9478	44.018299999999996	43.931599999999996	44.069	43.96	44.0153	43.9714	43.9929	44.027300000000004	43.994499999999995	43.952200000000005	43.8895	43.997	43.9965	44.0923	44.043	44.0227	44.0199	44.062200000000004	43.942	44.0829	44.0119	43.7736
AeC01008_CKDL210012719-1a-5UDI245-AK533_HF5TCDSX2_L1_clmp_r1r2_fastp	56.99999999999999	43.9565	41.8279	41.180499999999995	42.028999999999996	41.8134	40.696	43.8285	43.9574	40.5961	46.6071	46.7037	44.8667	44.494699999999995	44.2168	43.986399999999996	44.2355	44.0737	44.2427	44.691199999999995	44.4005	44.175799999999995	44.2012	43.6173	43.5299	43.384499999999996	43.3454	43.652	43.9833	43.7582	43.9111	43.8385	43.879400000000004	43.7879	43.7323	43.9076	43.5274	43.6211	43.6881	43.5115	44.0298	43.5967	43.6054	43.6914	43.6039	43.5772	43.7381	43.6703	43.7747	43.6121	43.8753	43.8459	43.7209	43.568	43.756499999999996	43.566500000000005	43.7195	43.5548	43.7442	43.7455	43.6803	43.770399999999995	43.6231	43.6207	43.8607	43.6592	43.6896	43.704	43.7492	43.682	43.8976	43.6467	43.797999999999995	43.6674	43.7467	43.7211	43.7989	43.7064	43.8074	43.8382	43.8671	43.6759	43.7929	43.8551	43.8152	43.7746	43.6481	43.7111	43.892399999999995	43.6921	43.963	43.8596	43.7598	43.7182	43.8068	43.8833	43.943599999999996	43.8402	43.7624	44.006499999999996	43.8741	43.9193	43.9583	43.8601	43.9751	43.8553	43.8619	43.898199999999996	43.8796	43.9272	44.007600000000004	43.9987	43.939499999999995	43.8142	43.872	43.998799999999996	43.9896	43.8448	44.0289	43.8027	44.1068	43.9015	43.892900000000004	44.004	43.9757	43.8782	43.938100000000006	43.9013	44.002	43.9444	43.922200000000004	43.986399999999996	43.9633	43.8949	43.9306	44.0594	43.9292	43.9721	43.8824	44.0324	43.9957	44.0989	43.946400000000004	43.9598	43.9607	44.062200000000004	43.9153	43.986	44.0237	43.711299999999994
AeC01009_CKDL210012719-1a-AK8593-AK533_HF5TCDSX2_L1_clmp_r1r2_fastp	58.7876	41.7251	42.8414	41.281600000000005	41.7954	41.6844	40.5366	43.944	44.101	39.931	47.5824	47.3514	44.7789	44.5117	44.2027	43.9358	44.2849	44.0551	44.2526	44.658300000000004	44.3955	44.1748	44.1394	43.5757	43.4941	43.2734	43.3358	43.683499999999995	43.9086	43.7682	43.9425	43.7525	43.8898	43.693799999999996	43.735099999999996	43.8054	43.5284	43.5407	43.6278	43.5849	43.9357	43.5393	43.6093	43.6085	43.6025	43.5788	43.6464	43.5857	43.7963	43.5574	43.912800000000004	43.8694	43.6732	43.580000000000005	43.6545	43.5309	43.757400000000004	43.520199999999996	43.7677	43.6614	43.6848	43.6956	43.5712	43.6398	43.842999999999996	43.642199999999995	43.6856	43.6849	43.7963	43.7294	43.8757	43.6605	43.79	43.6442	43.7085	43.6797	43.8058	43.6856	43.817099999999996	43.795899999999996	43.8152	43.6713	43.7815	43.817499999999995	43.8077	43.7601	43.568400000000004	43.7047	43.796400000000006	43.678	43.9322	43.802600000000005	43.762699999999995	43.6867	43.8232	43.919000000000004	43.8848	43.788	43.8231	43.9155	43.850699999999996	43.883100000000006	43.8649	43.9268	43.961	43.8622	43.8342	43.8438	43.8505	43.9508	43.9623	44.0013	43.9281	43.82	43.804500000000004	43.9326	43.9206	43.8361	43.8851	43.815599999999996	44.1044	43.8749	43.8656	43.924	43.9125	43.8724	43.931	43.8454	43.951299999999996	43.892199999999995	43.910700000000006	43.938500000000005	43.8894	43.9084	43.8681	43.9764	43.8992	43.951499999999996	43.7924	43.977500000000006	43.9104	44.0867	43.924	44.0198	43.9517	43.9843	43.904399999999995	44.027899999999995	43.971199999999996	43.696600000000004
AeC01010_CKDL210012719-1a-AK8593-GD06_HF5TCDSX2_L1_clmp_r1r2_fastp	58.567499999999995	42.0404	42.3512	41.1835	41.7202	41.638799999999996	40.54	43.9166	44.067299999999996	40.236	47.4146	47.2132	44.8774	44.5985	44.2618	44.0454	44.3739	44.1125	44.3325	44.7938	44.4858	44.243500000000004	44.1941	43.6308	43.5427	43.3079	43.4222	43.757600000000004	44.0015	43.8472	44.0157	43.8428	43.9374	43.7516	43.7778	43.967	43.513400000000004	43.6461	43.7145	43.675599999999996	44.0573	43.604	43.6817	43.649300000000004	43.6093	43.6978	43.7398	43.7102	43.817	43.6592	43.9454	43.9633	43.8003	43.664500000000004	43.795	43.6008	43.846000000000004	43.572	43.8316	43.7684	43.7754	43.7057	43.682300000000005	43.696600000000004	43.8885	43.7701	43.7889	43.7474	43.8699	43.783300000000004	43.9401	43.7517	43.8561	43.7319	43.785000000000004	43.7772	43.8955	43.7606	43.8602	43.8366	43.919599999999996	43.7696	43.8538	43.9574	43.8923	43.8366	43.656299999999995	43.7881	43.939699999999995	43.758	44.0824	43.858000000000004	43.8076	43.7895	43.845	43.9863	44.0113	43.8778	43.8041	44.0274	43.925	44.0246	43.966899999999995	43.9317	44.0518	43.899100000000004	43.8777	43.873200000000004	43.9406	44.006099999999996	44.0115	44.1063	43.967800000000004	43.8729	43.9014	44.0376	43.9688	43.8431	44.0	43.852999999999994	44.1661	43.9597	43.944	44.069199999999995	43.9734	43.9752	43.9431	43.9362	44.0227	43.9889	44.0085	44.0621	43.963499999999996	43.9	43.9929	44.0107	44.005	44.0359	43.9005	44.0632	43.9354	44.062200000000004	44.0456	44.0529	43.9491	44.1277	43.995200000000004	44.0994	44.0006	43.7888
AeC01011_CKDL210012719-1a-5UDI294-GD06_HF5TCDSX2_L1_clmp_r1r2_fastp	58.5595	42.2249	42.5839	41.3994	41.8258	41.7296	40.5662	43.9529	44.249100000000006	40.347100000000005	47.3609	47.4213	45.1036	44.657000000000004	44.353300000000004	44.0839	44.408500000000004	44.2814	44.4307	45.012600000000006	44.5941	44.4427	44.2204	43.7126	43.5967	43.453399999999995	43.498999999999995	43.8537	44.2242	43.913000000000004	44.173	43.913000000000004	44.0396	43.917899999999996	43.8779	44.089299999999994	43.656800000000004	43.754	43.9012	43.7461	44.191599999999994	43.6929	43.7754	43.7256	43.7438	43.7516	43.873	43.8362	44.0113	43.7108	44.018	44.0961	43.920700000000004	43.7372	43.9558	43.6572	44.0098	43.7374	43.9629	43.9374	43.8885	43.7886	43.7174	43.8735	44.0774	43.7946	43.871700000000004	43.876799999999996	43.9969	43.8762	44.0602	43.8178	44.032700000000006	43.8191	43.891000000000005	43.8429	44.0533	43.8851	44.032700000000006	43.960100000000004	44.0291	43.7391	43.9838	44.121500000000005	43.9985	43.9745	43.7664	43.8967	44.1476	43.8132	44.2126	43.976	43.8739	43.8565	43.9758	44.1224	44.1319	44.049	43.988699999999994	44.2636	44.0078	44.164500000000004	44.1143	44.069199999999995	44.1949	44.008	43.9502	44.0017	44.0667	44.177699999999994	44.1302	44.2653	44.059	43.893	43.9351	44.1024	44.136399999999995	43.9234	44.1409	43.9036	44.432	44.117200000000004	44.0764	44.17	44.045899999999996	44.1072	44.0546	44.0335	44.182	44.1166	44.1384	44.1502	44.0828	44.0006	44.0103	44.2033	44.1397	44.168400000000005	43.9722	44.2292	43.978899999999996	44.2519	44.0187	44.169599999999996	44.0874	44.1277	44.1454	44.2346	44.2016	43.8902
AeC01012_CKDL210012719-1a-AK9146-GD06_HF5TCDSX2_L1_clmp_r1r2_fastp	58.4086	41.989399999999996	42.5229	41.2128	41.7742	41.747	40.6128	43.8736	44.0852	40.1892	47.367599999999996	47.1871	44.8384	44.5708	44.2592	44.0794	44.3777	44.0403	44.336999999999996	44.716699999999996	44.526900000000005	44.2335	44.3076	43.6165	43.636599999999994	43.3652	43.4036	43.7641	44.013600000000004	43.824200000000005	43.9898	43.8573	43.926	43.824600000000004	43.7569	43.8923	43.518699999999995	43.5995	43.6718	43.655899999999995	44.027	43.5942	43.6693	43.715199999999996	43.6231	43.671	43.7542	43.6867	43.8707	43.6888	43.971199999999996	43.933	43.7458	43.689	43.7616	43.5784	43.7939	43.6256	43.8081	43.8014	43.8058	43.7508	43.7137	43.6821	43.9242	43.7166	43.7562	43.722	43.8836	43.7618	43.9773	43.785000000000004	43.856899999999996	43.7003	43.8127	43.7722	43.9366	43.7413	43.8842	43.9321	43.9394	43.7343	43.9163	43.9073	43.8236	43.8612	43.6949	43.757000000000005	43.9052	43.762699999999995	44.020700000000005	43.8654	43.8278	43.7579	43.864799999999995	43.9732	44.0169	43.9219	43.904399999999995	44.061	43.9691	43.9934	43.9521	43.9499	44.069	43.8816	43.9531	43.9384	43.912	44.0711	44.0393	44.088	44.011	43.8925	43.8855	44.069900000000004	44.0646	43.9373	43.9816	43.8583	44.1903	43.9904	43.9885	43.988	44.0212	43.9881	44.0355	43.9685	44.080799999999996	43.9778	44.0275	43.9974	44.0024	43.991400000000006	44.0114	44.0222	43.9925	44.062200000000004	43.9542	44.0116	44.0187	44.1368	44.025999999999996	44.0513	44.0261	44.0999	43.9951	44.0917	44.059599999999996	43.790600000000005
AeC01013_CKDL210012719-1a-5UDI301-AK7557_HF5TCDSX2_L1_clmp_r1r2_fastp	57.3255	42.4815	41.8708	40.8202	41.5944	41.5544	40.422200000000004	43.4509	43.6926	40.2341	46.692099999999996	46.6745	44.6399	44.3847	44.041799999999995	43.9152	44.1541	43.8104	44.182700000000004	44.4862	44.3143	43.9767	44.0549	43.391400000000004	43.423	43.1994	43.2386	43.5876	43.758599999999994	43.6105	43.7756	43.6373	43.784099999999995	43.6389	43.595800000000004	43.745200000000004	43.367	43.4022	43.4823	43.4689	43.8102	43.4368	43.5135	43.5482	43.4567	43.4684	43.5475	43.4948	43.6006	43.452200000000005	43.8032	43.7048	43.540600000000005	43.4039	43.4871	43.366	43.5753	43.4281	43.533100000000005	43.5181	43.5364	43.5569	43.5119	43.5179	43.608200000000004	43.518699999999995	43.5111	43.5379	43.606899999999996	43.588	43.7197	43.5279	43.64	43.5279	43.6397	43.5993	43.6613	43.6068	43.643100000000004	43.7469	43.6541	43.6091	43.6316	43.6949	43.6498	43.6631	43.4272	43.4872	43.6666	43.575199999999995	43.8523	43.6986	43.6805	43.6507	43.6896	43.6986	43.7921	43.7137	43.6648	43.8675	43.7669	43.7533	43.813	43.864799999999995	43.8332	43.7977	43.7621	43.7436	43.7902	43.8237	43.8813	43.8671	43.8222	43.7355	43.7821	43.8946	43.8808	43.7593	43.8142	43.735	43.8962	43.831399999999995	43.785000000000004	43.8428	43.8598	43.8327	43.842	43.7892	43.8979	43.822100000000006	43.8754	43.8795	43.8253	43.8406	43.8937	43.870799999999996	43.7902	43.9012	43.7419	43.884299999999996	43.8628	44.0047	43.883100000000006	43.9106	43.8811	43.8937	43.7943	43.82	43.9014	43.5785
AeC01014_CKDL210012719-1a-AK7758-AK7557_HF5TCDSX2_L1_clmp_r1r2_fastp	58.19760000000001	41.9084	42.6077	41.4118	41.7047	41.7695	40.6209	44.0167	44.223099999999995	40.0597	47.4585	47.2883	44.7808	44.5354	44.2399	44.0143	44.371300000000005	44.0732	44.3484	44.766	44.4591	44.2361	44.3076	43.6209	43.5927	43.3475	43.402499999999996	43.8008	44.0444	43.8192	44.014199999999995	43.8331	43.999300000000005	43.7672	43.7947	43.934200000000004	43.502	43.6042	43.6245	43.6187	44.0104	43.5483	43.6682	43.6451	43.6081	43.6289	43.6907	43.675999999999995	43.8055	43.6034	43.9271	43.8926	43.7125	43.554700000000004	43.6877	43.5767	43.7596	43.589800000000004	43.7295	43.7619	43.685	43.701499999999996	43.6817	43.6171	43.7671	43.7044	43.6685	43.6576	43.885200000000005	43.7336	43.8704	43.7533	43.8074	43.634299999999996	43.8046	43.727700000000006	43.870599999999996	43.7905	43.8053	43.832300000000004	43.885600000000004	43.697399999999995	43.8257	43.8872	43.7679	43.815	43.6318	43.6798	43.8841	43.725500000000004	43.972899999999996	43.8267	43.8829	43.7405	43.8493	43.9583	43.947199999999995	43.8971	43.8617	44.013400000000004	43.963	43.9392	43.9989	43.8665	44.0385	43.932700000000004	43.8994	43.884299999999996	43.9686	43.9639	44.0045	44.0352	43.946000000000005	43.8971	43.9527	43.9767	44.022800000000004	43.8705	43.9338	43.8946	44.1516	43.9362	43.9291	44.0156	43.9596	43.9087	43.9588	43.9492	43.994	43.927	44.0088	43.986	43.9662	43.9406	43.9903	43.999300000000005	43.9982	43.9853	43.9013	43.9814	43.8884	44.0913	43.9987	43.987700000000004	44.0489	44.0079	43.9197	44.0452	44.0253	43.786
AeC01015_CKDL210012719-1a-AK7078-AK7557_HF5TCDSX2_L1_clmp_r1r2_fastp	57.7932	42.6562	42.297000000000004	41.3021	41.7281	41.7564	40.5071	43.7851	44.0571	40.2269	47.0416	47.1376	44.861200000000004	44.590999999999994	44.2025	43.995200000000004	44.3237	44.0148	44.3519	44.6573	44.4634	44.2133	44.2795	43.6445	43.6284	43.3811	43.403000000000006	43.7828	44.032900000000005	43.798700000000004	43.967	43.817299999999996	43.9645	43.7288	43.818400000000004	43.849700000000006	43.4963	43.5676	43.6624	43.675799999999995	43.9802	43.594500000000004	43.5936	43.704100000000004	43.6262	43.5732	43.735800000000005	43.6415	43.7894	43.6375	43.8701	43.943	43.749900000000004	43.5661	43.681	43.5361	43.7316	43.5629	43.7556	43.702000000000005	43.6948	43.7068	43.6303	43.6969	43.8377	43.6372	43.7738	43.7065	43.8336	43.7502	43.9215	43.7459	43.797000000000004	43.6638	43.7761	43.7002	43.8144	43.7801	43.8143	43.7898	43.8172	43.6972	43.8075	43.8654	43.7765	43.830999999999996	43.615700000000004	43.7115	43.8596	43.7124	44.0083	43.8868	43.8556	43.7122	43.8478	43.9232	43.943799999999996	43.845099999999995	43.7898	43.9551	43.872699999999995	43.9471	43.9309	43.9067	44.0104	43.8527	43.8617	43.8536	43.8645	43.959199999999996	44.0039	44.0465	43.8925	43.9064	43.9276	44.0083	43.9831	43.824999999999996	44.0002	43.8521	44.0874	43.918099999999995	43.88	44.003	43.9272	43.8609	43.9843	43.894800000000004	43.953199999999995	43.938500000000005	43.9185	43.8968	43.9052	43.912800000000004	43.9424	44.001200000000004	43.967	43.9348	43.8225	43.938700000000004	43.9012	44.0565	43.926700000000004	44.026399999999995	43.9226	44.05	43.9232	44.0787	43.9949	43.718
AeC01016_CKDL210012719-1a-AK9143-AK7557_HF5TCDSX2_L1_clmp_r1r2_fastp	57.737899999999996	42.5974	42.173500000000004	41.213499999999996	41.7514	41.719699999999996	40.5878	43.9551	44.0946	40.3775	47.1133	47.009299999999996	44.868900000000004	44.6264	44.211800000000004	44.0127	44.2337	44.1426	44.312000000000005	44.731700000000004	44.467099999999995	44.2148	44.237300000000005	43.567499999999995	43.5454	43.357099999999996	43.3601	43.7143	44.009	43.812	43.9797	43.8027	43.9142	43.7854	43.7583	43.9409	43.5713	43.6882	43.741600000000005	43.627700000000004	43.9834	43.580799999999996	43.609700000000004	43.6528	43.591	43.6104	43.7292	43.7294	43.8422	43.6319	43.8939	43.9283	43.7756	43.5916	43.6944	43.5984	43.7847	43.603500000000004	43.7646	43.763999999999996	43.6729	43.7035	43.614799999999995	43.658500000000004	43.8573	43.7122	43.7482	43.6535	43.917	43.6636	43.8822	43.6952	43.864399999999996	43.613600000000005	43.796800000000005	43.7057	43.8604	43.742799999999995	43.8188	43.8278	43.7932	43.6578	43.7803	43.8651	43.8359	43.8071	43.6043	43.704	43.858999999999995	43.722899999999996	44.0036	43.832	43.7575	43.722100000000005	43.8225	43.8958	43.9916	43.845600000000005	43.8152	44.0187	43.920500000000004	44.000699999999995	43.931	43.955	44.0143	43.8479	43.8305	43.8356	43.8632	43.9797	44.0451	43.9689	43.906	43.8479	43.8647	44.0302	43.8962	43.9088	43.9636	43.797000000000004	44.2026	43.9338	43.8758	44.0021	43.9161	43.873	43.916199999999996	43.877	44.0355	43.9286	43.9714	43.9029	43.898399999999995	43.9134	43.9151	44.0357	43.843199999999996	43.961299999999994	43.8297	43.9739	43.796400000000006	44.056	43.9036	44.0006	43.9152	44.0493	43.9771	44.008399999999995	43.9807	43.6613
AeC01017_CKDL210012719-1a-5UDI225-AK7557_HF5TCDSX2_L1_clmp_r1r2_fastp	58.76050000000001	41.7172	42.8506	41.2763	41.7379	41.7312	40.588	44.1394	44.3476	40.1054	47.775400000000005	47.5541	44.9329	44.7389	44.3954	44.1247	44.4329	44.1985	44.4281	44.800000000000004	44.528600000000004	44.390800000000006	44.2739	43.696200000000005	43.6351	43.3877	43.544	43.795	44.1001	43.9535	44.0631	43.8786	44.0783	43.8946	43.8692	43.993	43.6037	43.7109	43.7646	43.8069	44.0751	43.7155	43.7875	43.7938	43.6923	43.7647	43.8403	43.7938	43.9171	43.731700000000004	44.1245	44.0604	43.919799999999995	43.8056	43.8071	43.6732	43.8693	43.7392	43.846000000000004	43.8683	43.8957	43.8114	43.7855	43.803	44.0662	43.7552	43.8608	43.8488	44.0071	43.9604	44.059799999999996	43.8562	43.9621	43.7794	43.890499999999996	43.8505	44.0304	43.8563	43.9625	43.9252	44.0496	43.873	44.0077	43.999	44.0245	43.9749	43.7656	43.8738	44.0376	43.858599999999996	44.1321	43.8752	43.986399999999996	43.9223	43.9359	44.0563	44.0638	43.9765	43.9302	44.154700000000005	44.0203	44.080000000000005	44.0094	44.1726	44.1216	44.034800000000004	44.0095	44.0055	44.0054	44.1456	44.0751	44.175799999999995	44.1058	44.0127	44.0458	44.0871	44.113	43.9276	44.033899999999996	43.926300000000005	44.2525	44.0839	44.058	44.0633	44.0436	44.0222	44.0687	44.0309	44.1478	44.0429	44.0781	44.0688	44.0738	44.1182	44.007400000000004	44.089800000000004	44.0565	44.0852	44.0226	44.1094	44.031	44.1336	43.9723	44.094	44.0669	44.1803	44.054	44.1391	44.1442	43.8519
AeC01018_CKDL210012719-1a-AK9144-AK7557_HF5TCDSX2_L1_clmp_r1r2_fastp	57.3504	42.4914	42.0105	41.0619	41.6651	41.6265	40.4429	43.6545	43.8637	40.245799999999996	46.9142	46.8095	44.760600000000004	44.4463	44.0809	43.8728	44.2219	43.9794	44.182300000000005	44.5696	44.333299999999994	44.1115	44.0967	43.4629	43.4847	43.2403	43.2825	43.5849	43.863600000000005	43.689	43.8354	43.6675	43.7639	43.7242	43.631	43.8118	43.4471	43.4753	43.5286	43.568	43.7914	43.4725	43.5206	43.5165	43.4832	43.497	43.5171	43.546099999999996	43.702000000000005	43.512	43.8243	43.7756	43.609500000000004	43.4547	43.5634	43.3737	43.6443	43.4556	43.5963	43.5618	43.5298	43.57	43.4887	43.5715	43.768299999999996	43.4975	43.629	43.5839	43.7065	43.6059	43.7511	43.538	43.7012	43.561699999999995	43.6314	43.607600000000005	43.7473	43.621700000000004	43.654199999999996	43.6863	43.703599999999994	43.584	43.6831	43.7826	43.7246	43.648900000000005	43.5155	43.5944	43.7484	43.6468	43.8915	43.703199999999995	43.635400000000004	43.6567	43.7004	43.7907	43.851099999999995	43.707499999999996	43.7605	43.858999999999995	43.8238	43.8014	43.8075	43.8353	43.8973	43.8077	43.7988	43.7076	43.7989	43.8826	43.878	43.9341	43.7777	43.7341	43.723099999999995	43.885200000000005	43.8094	43.6814	43.8802	43.6597	44.037	43.830799999999996	43.729	43.9094	43.8232	43.776199999999996	43.8118	43.870799999999996	43.8936	43.845299999999995	43.8399	43.834	43.8168	43.8067	43.8624	43.8433	43.7566	43.851	43.7475	43.910199999999996	43.7374	43.8936	43.8728	43.8236	43.8272	43.8848	43.832	43.8897	43.9111	43.6301
AeC01019_CKDL210012719-1a-AK3911-AK7557_HF5TCDSX2_L1_clmp_r1r2_fastp	58.1133	42.237700000000004	42.329699999999995	41.2303	41.6495	41.6937	40.5029	43.8286	44.1595	40.2348	47.2543	47.189	44.8779	44.5206	44.203399999999995	44.055299999999995	44.2664	44.061699999999995	44.3186	44.6412	44.472699999999996	44.2427	44.176700000000004	43.560900000000004	43.6471	43.3296	43.4172	43.7355	43.9897	43.809799999999996	43.9386	43.768	43.9175	43.7599	43.7738	43.9213	43.493500000000004	43.5844	43.6466	43.6104	43.9537	43.5323	43.6058	43.6457	43.594899999999996	43.6027	43.7081	43.6723	43.7903	43.640499999999996	43.906	43.8795	43.681	43.5836	43.732	43.5712	43.7529	43.5724	43.755500000000005	43.7146	43.7387	43.6932	43.686	43.633	43.8534	43.6309	43.6469	43.6706	43.803399999999996	43.726	43.893100000000004	43.7374	43.7744	43.621500000000005	43.7962	43.715900000000005	43.856	43.743500000000004	43.7996	43.791000000000004	43.8602	43.6361	43.7755	43.8606	43.8587	43.8106	43.6185	43.770399999999995	43.849700000000006	43.738	43.9906	43.873	43.7573	43.8278	43.7993	43.9229	43.9979	43.8514	43.862899999999996	43.9679	43.9014	43.935	43.8744	43.9509	43.9801	43.8705	43.8316	43.905499999999996	43.939699999999995	43.97	44.012299999999996	44.0353	43.9558	43.8608	43.904399999999995	43.9644	43.9851	43.7544	43.9812	43.8232	44.086	43.9185	43.912	43.9721	43.9457	43.8641	43.8971	43.8188	43.9312	43.900099999999995	43.8976	43.944	43.9307	43.9275	43.886900000000004	43.904700000000005	43.9478	43.9045	43.755300000000005	43.9468	43.809799999999996	44.053599999999996	43.966699999999996	43.9394	43.9142	44.0522	43.815	43.981300000000005	43.9338	43.7066
AeC01020_CKDL210012719-1a-5UDI245-AK7557_HF5TCDSX2_L1_clmp_r1r2_fastp	57.5182	43.0448	42.1329	41.2493	41.9271	41.8456	40.7798	43.9506	44.1894	40.5687	47.1033	47.0656	44.969500000000004	44.6947	44.3551	44.14	44.478	44.2011	44.460100000000004	44.8218	44.5974	44.3127	44.371300000000005	43.6819	43.7254	43.5042	43.5525	43.810900000000004	44.087700000000005	43.9501	44.0737	43.9264	44.0721	43.9088	43.919999999999995	44.0219	43.6319	43.7462	43.7975	43.7078	44.1239	43.6734	43.802600000000005	43.8423	43.761	43.7838	43.857600000000005	43.7725	43.9328	43.771	44.0112	44.0385	43.8613	43.7078	43.8328	43.6751	43.9072	43.7328	43.9036	43.9031	43.7768	43.844899999999996	43.76	43.8214	43.9807	43.7913	43.7825	43.8436	43.9587	43.8626	44.073499999999996	43.8504	43.9422	43.8273	43.8959	43.8664	43.9844	43.844	43.9779	43.9726	43.9486	43.8495	44.007000000000005	44.0175	43.939	43.9811	43.736599999999996	43.8123	44.0153	43.8705	44.170500000000004	44.0318	43.8625	43.9185	43.8834	44.0332	44.053399999999996	43.9785	43.9694	44.1471	44.035000000000004	44.1105	44.0862	44.013400000000004	44.089	44.0583	43.9981	43.946600000000004	44.0248	44.1642	44.094100000000005	44.161	44.061299999999996	43.9654	43.9733	44.1241	44.108399999999996	44.0305	44.1562	43.905100000000004	44.2575	44.0999	44.0235	44.101800000000004	44.0645	44.0234	44.0453	44.0493	44.121300000000005	44.0843	44.054700000000004	44.089299999999994	44.0484	44.0866	44.0232	44.1013	44.1191	44.108399999999996	43.9959	44.1396	44.0357	44.2393	44.155499999999996	44.0811	44.1251	44.2067	44.0509	44.149300000000004	44.1673	43.8927
AeC01021_CKDL210012719-1a-AK8593-AK7557_HF5TCDSX2_L1_clmp_r1r2_fastp	58.9135	41.5301	42.8906	41.3223	41.7094	41.8076	40.6506	44.1275	44.401	40.0781	47.8583	47.6374	44.9374	44.743100000000005	44.4161	44.2047	44.5188	44.2628	44.479600000000005	44.873400000000004	44.5429	44.4566	44.3583	43.7666	43.7592	43.4132	43.5392	43.8876	44.122699999999995	43.972	44.1573	43.9304	44.1196	43.859500000000004	43.9551	43.9987	43.6089	43.7554	43.8755	43.723600000000005	44.214999999999996	43.749	43.882	43.797399999999996	43.7849	43.8368	43.838100000000004	43.829499999999996	43.9584	43.7893	44.1247	44.061499999999995	43.8579	43.7241	43.9152	43.6846	43.896	43.757000000000005	43.9319	43.9309	43.876599999999996	43.8575	43.7928	43.8485	43.9732	43.867200000000004	43.8926	43.8894	43.9423	43.9348	44.089	43.9183	43.9499	43.8702	44.0031	43.9113	44.0257	43.920500000000004	44.0396	44.006499999999996	44.0703	43.8652	43.9999	44.0507	43.978	43.9655	43.8183	43.8697	44.066300000000005	43.9418	44.168099999999995	44.0583	44.013200000000005	43.9231	44.0491	44.0312	44.1469	44.0165	44.0107	44.1525	44.0579	44.0978	44.0964	44.0734	44.1494	44.0086	43.9977	44.0665	44.0837	44.1406	44.128299999999996	44.2156	44.144800000000004	44.0331	44.0871	44.1855	44.114	44.0068	44.1037	44.0231	44.3314	44.0693	44.048700000000004	44.1164	44.1044	44.1045	44.1261	44.0106	44.1401	44.055299999999995	44.143100000000004	44.0955	44.1	44.0936	44.114	44.0987	44.0789	44.128	43.9903	44.1373	44.042500000000004	44.2469	44.1511	44.1766	44.1156	44.166	44.0719	44.1963	44.1718	43.8791
AeC01022_CKDL210012719-1a-5UDI294-AK533_HF5TCDSX2_L1_clmp_r1r2_fastp	58.3595	42.2279	42.4944	41.3119	41.8326	41.673700000000004	40.5348	43.8263	44.0396	40.0744	47.2281	47.1329	44.7616	44.5343	44.2232	43.9702	44.319900000000004	44.029	44.1817	44.6257	44.402	44.1623	44.2549	43.5738	43.5363	43.351	43.370799999999996	43.696	43.912800000000004	43.8498	43.9091	43.797799999999995	43.9197	43.7111	43.764399999999995	43.9026	43.4829	43.5653	43.6473	43.6187	43.9591	43.5763	43.5996	43.6406	43.6612	43.6154	43.6915	43.6108	43.7658	43.6127	43.8798	43.8336	43.7127	43.5541	43.6516	43.594100000000005	43.788	43.5249	43.771300000000004	43.7158	43.6469	43.688900000000004	43.6706	43.656299999999995	43.832	43.5987	43.6945	43.7203	43.7951	43.7564	43.8536	43.6841	43.797399999999996	43.6466	43.7813	43.68	43.7817	43.7775	43.786199999999994	43.844	43.8688	43.6789	43.8517	43.865300000000005	43.7812	43.749	43.6548	43.7084	43.815599999999996	43.7547	43.9706	43.8237	43.7559	43.765	43.847	43.8913	43.9322	43.8474	43.7921	43.9706	43.896499999999996	43.904700000000005	43.972	43.9722	43.9494	43.9058	43.918600000000005	43.8884	43.9531	43.9958	43.9501	43.9756	44.01	43.8703	43.9157	44.0589	43.9517	43.961	43.9684	43.8577	44.1113	43.9204	43.9129	43.9814	44.034099999999995	43.918600000000005	44.0296	43.9334	43.968	43.9365	43.979800000000004	43.9454	43.946400000000004	43.9903	43.9148	43.994	43.9463	43.9978	43.9454	44.001200000000004	43.9413	44.0265	43.9845	44.0433	43.9545	44.109500000000004	43.937	44.0969	44.0011	43.7666
AeC01023_CKDL210012719-1a-AK9146-AK533_HF5TCDSX2_L1_clmp_r1r2_fastp	56.87649999999999	44.7162	41.8454	41.4273	42.329	42.0564	40.873799999999996	43.7541	43.8276	40.6012	46.5386	46.4732	44.682	44.4343	44.145	43.9346	44.3193	44.053799999999995	44.2909	44.6704	44.4692	44.1774	44.262499999999996	43.6104	43.6807	43.4797	43.5085	43.696200000000005	43.9608	43.798700000000004	43.9134	43.8485	43.9039	43.8258	43.804500000000004	43.9	43.5636	43.6106	43.709199999999996	43.5678	44.0731	43.5938	43.7062	43.6946	43.6603	43.5839	43.775	43.6473	43.8046	43.6747	43.8879	43.8705	43.767	43.6411	43.7318	43.6152	43.734899999999996	43.620999999999995	43.803799999999995	43.8148	43.6517	43.8334	43.6713	43.648399999999995	43.8546	43.7069	43.749700000000004	43.786500000000004	43.8818	43.7826	43.9546	43.7115	43.8888	43.697900000000004	43.8211	43.8084	43.8808	43.750499999999995	43.885600000000004	43.9185	43.923899999999996	43.6845	43.9028	43.905499999999996	43.8125	43.8729	43.6593	43.7804	43.9839	43.7337	44.0203	43.9911	43.7991	43.796	43.9013	43.9579	44.0448	43.923	43.8769	44.0579	43.974000000000004	43.9471	43.9994	43.967	44.0662	43.996	43.9632	43.9443	43.984	43.9967	44.1004	44.0654	44.062400000000004	43.9096	43.933699999999995	44.1479	44.0514	43.940400000000004	44.083099999999995	43.8913	44.2008	43.9714	44.0163	44.0394	44.0377	43.9905	44.046	44.0086	44.083	44.015	44.053599999999996	44.0526	44.0438	43.977500000000006	44.0422	44.0059	44.0817	44.0331	43.926300000000005	44.1462	43.9626	44.1625	44.1083	44.1173	44.1083	44.2259	44.0412	44.0966	44.1578	43.7995
AeC01024_CKDL210012719-1a-AK5577-AK533_HF5TCDSX2_L1_clmp_r1r2_fastp	59.075599999999994	41.336600000000004	43.0056	41.147800000000004	41.5784	41.5932	40.4298	43.925399999999996	44.039	39.8451	47.6574	47.3123	44.7066	44.5127	44.1319	43.9483	44.3301	44.0765	44.183	44.7173	44.3719	44.1465	44.0859	43.4643	43.3651	43.2032	43.3392	43.576100000000004	43.9331	43.688300000000005	43.9201	43.7301	43.8277	43.6588	43.6519	43.863	43.4516	43.5197	43.5987	43.561	43.8704	43.455	43.5231	43.579	43.518699999999995	43.5563	43.6216	43.6124	43.7458	43.506099999999996	43.839099999999995	43.856	43.6209	43.512499999999996	43.6118	43.4577	43.7682	43.5008	43.7051	43.633300000000006	43.634	43.649300000000004	43.4675	43.616	43.8134	43.6029	43.6907	43.6457	43.769999999999996	43.6678	43.823499999999996	43.6107	43.7568	43.6122	43.6239	43.621700000000004	43.877	43.6117	43.744499999999995	43.7776	43.7868	43.504599999999996	43.7852	43.8139	43.765100000000004	43.7675	43.5739	43.662800000000004	43.8547	43.647999999999996	43.9564	43.6731	43.7137	43.6247	43.7603	43.932900000000004	43.8737	43.782900000000005	43.7542	43.9141	43.7853	43.898399999999995	43.734899999999996	43.934400000000004	43.8941	43.7758	43.8044	43.7471	43.8455	43.9774	43.9197	43.9193	43.8587	43.6659	43.729600000000005	43.8501	43.898900000000005	43.6615	43.887100000000004	43.6879	44.1102	43.8424	43.814	43.892900000000004	43.8652	43.7224	43.864799999999995	43.762299999999996	43.898199999999996	43.8213	43.797999999999995	43.969	43.7849	43.7746	43.8589	43.8608	43.8619	43.9012	43.6984	43.932	43.7526	43.9711	43.837399999999995	43.937799999999996	43.797000000000004	44.0184	43.8985	43.946400000000004	43.986	43.6395
AeC01025_CKDL210012719-1a-5UDI301-AK8488_HF5TCDSX2_L1_clmp_r1r2_fastp	58.481899999999996	41.730000000000004	42.3268	41.2607	41.692800000000005	41.6129	40.4202	43.7607	44.0498	40.161	47.3677	47.198	44.8431	44.5892	44.2322	43.9773	44.3076	44.0417	44.2417	44.6019	44.489200000000004	44.2026	44.262	43.5905	43.6236	43.3688	43.405	43.767	43.9643	43.844	43.955	43.8526	43.9793	43.8112	43.7716	43.9182	43.5546	43.607800000000005	43.6312	43.6676	44.015100000000004	43.6884	43.761100000000006	43.7327	43.6913	43.6875	43.7404	43.6734	43.8476	43.6987	43.9809	43.9612	43.777300000000004	43.6935	43.7856	43.6309	43.8554	43.6527	43.8273	43.7977	43.8174	43.8037	43.7681	43.707499999999996	43.9292	43.7533	43.8288	43.799	43.904399999999995	43.839	43.9848	43.8149	43.904700000000005	43.7861	43.8614	43.8088	43.9011	43.8414	43.933699999999995	43.929	44.011	43.783300000000004	43.9187	43.953900000000004	43.8866	43.8671	43.7381	43.816300000000005	43.926	43.8137	44.099199999999996	43.9559	43.8976	43.9046	43.9512	44.0315	44.044	43.937599999999996	43.9309	44.055299999999995	43.9851	44.0496	44.0366	43.9965	44.0986	43.9847	43.9958	43.9403	44.0454	44.0569	44.1029	44.1327	44.054	43.986	44.0188	44.121300000000005	44.061499999999995	43.9962	44.027300000000004	43.9685	44.1544	44.021	43.995400000000004	44.0854	44.052400000000006	44.1005	44.1321	44.0238	44.113	44.013000000000005	44.1023	44.0187	44.0374	44.046099999999996	44.0731	44.1301	44.0698	44.0625	43.9518	44.0709	43.9724	44.126	44.0909	44.1141	44.0407	44.1432	44.0477	44.1142	44.089099999999995	43.802
AeC01026_CKDL210012719-1a-AK7758-AK8488_HF5TCDSX2_L1_clmp_r1r2_fastp	58.66440000000001	42.192099999999996	42.7659	41.4486	41.7736	41.8022	40.646	44.1332	44.365500000000004	40.225	47.6207	47.5128	44.9996	44.6989	44.3819	44.116	44.4975	44.2336	44.4382	44.812000000000005	44.6245	44.3453	44.3633	43.7706	43.6658	43.466	43.5807	43.9087	44.1436	44.0164	44.1792	43.9956	44.0967	43.941599999999994	43.937799999999996	44.1136	43.7021	43.7988	43.8371	43.8012	44.2073	43.8009	43.826	43.8728	43.820100000000004	43.8356	43.8682	43.8428	43.9769	43.8434	44.1685	44.1235	43.9022	43.7952	43.9269	43.770900000000005	43.9629	43.7658	43.9865	43.9454	43.9375	43.922200000000004	43.831199999999995	43.9087	44.0863	43.9238	43.9735	43.9486	44.056200000000004	44.0248	44.1481	43.9447	44.053599999999996	43.885999999999996	44.0335	43.9259	44.0928	43.9916	44.04	44.037	44.1143	43.9429	44.0648	44.079800000000006	44.0535	44.0385	43.8508	43.9155	44.0776	43.9111	44.2147	44.048700000000004	43.9968	43.9662	44.0317	44.1385	44.157999999999994	44.1058	44.0245	44.1738	44.089299999999994	44.175599999999996	44.1406	44.128099999999996	44.2378	44.070100000000004	44.0558	44.0702	44.0727	44.2496	44.1788	44.2498	44.1267	44.0354	44.019000000000005	44.172	44.1307	44.0095	44.1877	44.0335	44.3863	44.0709	44.123000000000005	44.176500000000004	44.1136	44.067299999999996	44.0901	44.0697	44.2025	44.1269	44.175399999999996	44.1565	44.080000000000005	44.148700000000005	44.1397	44.1685	44.1113	44.144800000000004	44.049899999999994	44.1435	44.0293	44.2484	44.1218	44.1658	44.1445	44.2209	44.1414	44.2091	44.1913	43.940400000000004
AeC01027_CKDL210012719-1a-AK7078-AK8488_HF5TCDSX2_L1_clmp_r1r2_fastp	58.2737	42.2535	42.5937	41.4146	41.7922	41.8137	40.591100000000004	44.0428	44.2712	40.2192	47.470600000000005	47.365899999999996	44.998	44.6999	44.3343	44.0905	44.4535	44.181	44.4058	44.793699999999994	44.529	44.329299999999996	44.3152	43.6807	43.6524	43.4745	43.5154	43.8335	44.121	43.9457	44.1	43.9157	44.052400000000006	43.9036	43.8818	44.019000000000005	43.613	43.6915	43.7889	43.709399999999995	44.1204	43.670500000000004	43.734899999999996	43.7734	43.727700000000006	43.7911	43.8046	43.7666	43.9424	43.7297	44.033	44.001200000000004	43.9095	43.7067	43.796400000000006	43.6959	43.9489	43.7046	43.884	43.8997	43.851	43.8764	43.7872	43.7907	43.992599999999996	43.7929	43.8286	43.8489	43.9614	43.872299999999996	44.055	43.830999999999996	43.9448	43.804700000000004	43.9106	43.8842	43.9964	43.8738	43.9617	43.9431	44.0321	43.7876	43.9591	43.9748	43.922	43.8908	43.7663	43.8429	44.0016	43.796099999999996	44.1286	44.028600000000004	43.8848	43.852000000000004	44.0037	44.0635	44.0987	43.9823	43.9373	44.1605	44.0174	44.0623	44.053399999999996	44.043	44.1477	43.9779	43.978699999999996	43.9946	44.0239	44.082100000000004	44.1678	44.1578	44.0198	43.9553	43.9894	44.1209	44.081900000000005	44.0295	44.085499999999996	43.964	44.257600000000004	44.0054	44.0367	44.1313	44.084	44.046	44.1299	44.0238	44.0526	44.0354	44.094899999999996	44.0813	44.001200000000004	44.0405	44.056200000000004	44.0987	44.1037	44.108599999999996	43.9874	44.1211	44.007400000000004	44.1674	44.1114	44.074600000000004	44.0732	44.1256	44.073299999999996	44.1652	44.0805	43.833800000000004
AeC01028_CKDL210012719-1a-AK9143-AK8488_HF5TCDSX2_L1_clmp_r1r2_fastp	58.77440000000001	41.978	42.873099999999994	41.3122	41.829	41.8877	40.7939	44.2141	44.4437	40.3102	47.8922	47.583999999999996	45.144400000000005	44.8351	44.4772	44.2889	44.5329	44.315599999999996	44.5191	45.015100000000004	44.6881	44.4272	44.32	43.7949	43.6978	43.451	43.5977	43.8873	44.2154	44.008	44.1668	43.9872	44.1373	43.9473	43.939099999999996	44.0978	43.698100000000004	43.7526	43.8253	43.8643	44.177	43.7806	43.8461	43.8592	43.7535	43.8608	43.8619	43.9172	44.0174	43.8498	44.1205	44.1259	43.9632	43.8088	43.9141	43.7813	44.0331	43.7815	43.979800000000004	43.911899999999996	43.941599999999994	43.8387	43.8565	43.900099999999995	44.0727	43.873200000000004	43.981300000000005	43.9054	43.9627	43.9844	44.1062	43.9863	44.0096	43.905899999999995	43.9965	43.9268	44.044	43.894	43.9793	44.055499999999995	44.034600000000005	43.8934	44.0582	44.095800000000004	43.9941	43.9777	43.7819	43.890299999999996	44.1216	43.919000000000004	44.2401	44.0647	43.976	43.9097	44.0784	44.169599999999996	44.1813	44.0248	44.01	44.230399999999996	44.101099999999995	44.192	44.1004	44.2201	44.1996	44.068400000000004	44.0083	44.0556	44.152	44.2127	44.2179	44.2712	44.136900000000004	44.0403	44.041599999999995	44.1447	44.1408	44.0559	44.1718	44.0296	44.4133	44.158500000000004	44.116699999999994	44.1483	44.150800000000004	44.1178	44.1724	44.0986	44.190000000000005	44.217099999999995	44.176300000000005	44.201299999999996	44.1032	44.0241	44.1977	44.1785	44.1483	44.2026	44.0484	44.2685	44.09	44.2497	44.1399	44.1864	44.1046	44.201299999999996	44.1851	44.2535	44.1882	43.9656
AeC01029_CKDL210012719-1a-5UDI225-AK8488_HF5TCDSX2_L1_clmp_r1r2_fastp	58.851600000000005	41.219699999999996	42.9357	41.3801	41.7068	41.7599	40.567	44.0718	44.3249	39.977000000000004	47.8153	47.531099999999995	44.8683	44.624900000000004	44.2994	44.048700000000004	44.428	44.1247	44.399100000000004	44.7539	44.5124	44.32	44.3158	43.6703	43.6167	43.3528	43.5056	43.823499999999996	44.0734	43.932500000000005	44.0195	43.8488	44.0371	43.831900000000005	43.8896	43.951299999999996	43.594300000000004	43.6311	43.7243	43.7635	44.067499999999995	43.69	43.749500000000005	43.7432	43.7461	43.713800000000006	43.7595	43.802600000000005	43.8821	43.7869	44.0153	43.990899999999996	43.8329	43.6863	43.8388	43.675999999999995	43.8883	43.6749	43.8545	43.8564	43.8446	43.8691	43.7357	43.8011	43.995400000000004	43.7193	43.849	43.768299999999996	43.9073	43.8767	44.0156	43.871500000000005	43.9682	43.723099999999995	43.9343	43.788199999999996	43.974999999999994	43.8388	43.9567	43.9666	44.0353	43.8251	43.993	43.986799999999995	43.9386	43.942	43.7782	43.8544	43.9421	43.838899999999995	44.148900000000005	43.9728	43.9744	43.8992	43.886399999999995	44.0514	44.033699999999996	43.9067	43.9691	44.047799999999995	43.9782	44.0268	44.0002	43.985600000000005	44.1212	43.9774	44.0302	43.979800000000004	44.0531	44.0818	44.1163	44.0882	44.067499999999995	43.9705	44.015100000000004	44.1166	44.119	43.9563	44.061299999999996	43.966899999999995	44.2792	43.9674	43.986599999999996	44.0454	44.0842	43.9685	43.9439	44.0376	44.047	43.9672	44.0707	44.0377	43.957499999999996	44.0908	44.0621	43.9916	44.0056	43.986799999999995	43.943599999999996	44.0237	43.9614	44.0817	43.9769	44.0842	44.013600000000004	44.1319	43.9555	44.0892	44.0681	43.7742
AeC01030_CKDL210012719-1a-AK9144-AK8488_HF5TCDSX2_L1_clmp_r1r2_fastp	58.3742	42.0927	42.539100000000005	41.1623	41.745	41.7547	40.5963	43.9985	44.2299	40.2814	47.4809	47.3911	44.968	44.7484	44.3135	44.0685	44.4828	44.2239	44.3203	44.7959	44.5529	44.377100000000006	44.309799999999996	43.668600000000005	43.6008	43.3987	43.4885	43.8231	44.146800000000006	43.943799999999996	44.1472	43.910900000000005	44.0389	43.8554	43.9228	44.0137	43.579499999999996	43.682700000000004	43.7934	43.7097	44.134299999999996	43.6811	43.7946	43.7367	43.7549	43.7119	43.8042	43.7502	43.913000000000004	43.7732	44.0355	44.0217	43.841499999999996	43.7529	43.8408	43.6858	43.9365	43.659	43.9582	43.8519	43.8814	43.7273	43.7545	43.7911	44.0363	43.7658	43.856899999999996	43.8317	43.9677	43.9018	44.061499999999995	43.8365	43.9296	43.7986	43.852999999999994	43.8406	43.9571	43.8468	43.9213	43.9477	44.0402	43.8599	43.9588	44.0413	43.9433	43.9163	43.756699999999995	43.8462	44.0101	43.905499999999996	44.1122	43.9567	43.919599999999996	43.932	43.879000000000005	44.122	44.0572	43.918	44.0308	44.1	44.0415	44.126	44.0226	44.0578	44.1486	44.006099999999996	44.002	43.9753	44.0355	44.0421	44.155699999999996	44.141799999999996	44.0784	43.9718	43.9625	44.117	44.089299999999994	43.967099999999995	44.1457	43.9078	44.272800000000004	44.0405	43.980000000000004	44.098	44.0203	44.0274	44.0818	44.0864	44.094899999999996	44.0778	44.1288	44.0723	43.9941	44.009	43.967600000000004	44.1183	44.0753	44.132	43.941	44.1189	43.9855	44.231700000000004	44.0788	44.1083	44.0902	44.1507	44.095099999999995	44.1467	44.1969	43.8639
AeC01031_CKDL210012719-1a-AK3911-AK8488_HF5TCDSX2_L1_clmp_r1r2_fastp	58.726	41.6026	42.8268	41.2829	41.724	41.7973	40.5718	44.0317	44.2877	40.1464	47.7091	47.484500000000004	44.954699999999995	44.6522	44.3823	44.1316	44.4442	44.2021	44.3923	44.7802	44.5552	44.345600000000005	44.3239	43.7763	43.7302	43.3934	43.5444	43.8283	44.094	43.995	44.0845	43.9694	44.0718	43.8909	43.9302	43.9644	43.641999999999996	43.7145	43.7796	43.7652	44.080200000000005	43.7455	43.8237	43.8543	43.7322	43.7613	43.8181	43.8031	43.9306	43.7431	44.0575	43.9978	43.8197	43.7693	43.8483	43.6766	43.981700000000004	43.7372	43.888	43.8855	43.8793	43.871500000000005	43.7923	43.8167	43.998799999999996	43.8225	43.857	43.845299999999995	44.0009	43.910900000000005	44.0242	43.8786	43.9322	43.8074	43.898399999999995	43.8682	43.9553	43.873200000000004	43.9979	43.9891	44.0377	43.8551	43.9985	44.0362	43.964999999999996	43.922	43.8405	43.8056	44.0788	43.9027	44.1807	44.0066	43.924	43.885600000000004	43.9742	44.0708	44.1305	43.9564	43.980999999999995	44.086	44.017	44.1139	44.066100000000006	44.085499999999996	44.1635	44.0075	43.995	44.018	44.0254	44.0928	44.1293	44.1601	44.1002	43.9824	43.9976	44.0972	44.0806	43.9946	44.1274	43.9562	44.2156	44.0734	44.068000000000005	44.0796	44.0494	44.0119	44.0772	43.9964	44.1553	44.1031	44.059599999999996	44.1057	44.026700000000005	44.0948	44.074999999999996	44.092999999999996	44.0625	44.012	43.9543	44.0796	44.035000000000004	44.2528	44.0173	44.0584	44.0981	44.1163	44.0457	44.1733	44.1127	43.8887
AeC01032_CKDL210012719-1a-5UDI245-AK8488_HF5TCDSX2_L1_clmp_r1r2_fastp	58.5735	41.8449	42.8512	41.4752	41.8077	41.822700000000005	40.5815	44.0776	44.3413	40.135	47.7099	47.6027	45.068799999999996	44.72	44.4411	44.1333	44.5053	44.2188	44.4489	44.8923	44.616299999999995	44.4251	44.3751	43.7562	43.688900000000004	43.5217	43.5779	43.8738	44.1406	44.0103	44.148700000000005	43.9732	44.1479	43.9013	43.9199	44.1031	43.7282	43.7817	43.8276	43.8126	44.1786	43.75	43.8236	43.797399999999996	43.8241	43.7367	43.8895	43.8643	44.0139	43.7672	44.079	44.0894	43.8813	43.8159	43.9269	43.703199999999995	43.9847	43.7405	43.9691	43.9104	43.9142	43.892399999999995	43.7991	43.8801	44.0231	43.835	43.8446	43.897000000000006	44.0345	43.9348	44.0455	43.9139	44.0024	43.859700000000004	43.9314	43.9427	44.0683	43.8913	44.037	44.0158	44.0729	43.8348	44.011	44.1109	43.8714	43.9984	43.7934	43.8836	44.1058	43.894	44.1789	44.0533	43.9271	43.912099999999995	43.9916	44.179899999999996	44.112	44.0287	44.0316	44.1515	44.1277	44.137100000000004	44.035000000000004	44.081199999999995	44.182300000000005	44.021100000000004	44.0301	44.0614	44.1185	44.176500000000004	44.1564	44.2811	44.1306	44.0415	44.0295	44.1532	44.1574	44.0252	44.175399999999996	44.0073	44.3271	44.089600000000004	44.0922	44.1382	44.085	44.0723	44.0484	44.0465	44.1064	44.1275	44.0943	44.0511	44.131	44.0882	44.0691	44.170500000000004	44.0458	44.206	43.967299999999994	44.1738	44.061	44.2795	44.0479	44.1517	44.1067	44.1978	44.0834	44.217800000000004	44.187599999999996	43.9231
AeC01033_CKDL210012719-1a-AK8593-AK8488_HF5TCDSX2_L1_clmp_r1r2_fastp	58.585699999999996	41.952	42.7122	41.2997	41.8284	41.8363	40.7317	44.1176	44.392199999999995	40.2675	47.6417	47.4754	45.0312	44.804899999999996	44.406800000000004	44.2322	44.4673	44.265100000000004	44.4983	44.8543	44.6524	44.4012	44.342999999999996	43.742999999999995	43.7136	43.4461	43.5168	43.8557	44.1537	44.0407	44.135799999999996	43.9505	44.068400000000004	43.9505	43.9048	44.0577	43.6701	43.7577	43.9083	43.834	44.2	43.8016	43.8731	43.7926	43.8028	43.7799	43.858599999999996	43.8394	43.9083	43.7864	44.1625	44.0962	43.943	43.758	43.9401	43.6927	43.9969	43.7449	43.9367	43.9272	43.9271	43.9108	43.7875	43.8197	44.0523	43.850899999999996	43.8527	43.929899999999996	44.0145	43.9716	44.1008	43.9749	44.0246	43.8513	43.9884	44.0024	44.0586	43.913000000000004	44.0274	43.9989	44.0219	43.872	44.0155	44.0531	43.9564	43.9771	43.8737	43.8464	44.1085	43.8742	44.2141	43.9903	43.927	43.9491	43.975500000000004	44.122699999999995	44.056400000000004	43.9929	43.9979	44.1214	44.0664	44.1629	44.049	44.0873	44.162400000000005	44.026900000000005	44.0238	44.0734	44.0968	44.1534	44.1971	44.2243	44.0686	44.0243	43.97	44.1393	44.130900000000004	44.0355	44.1136	43.9542	44.3865	44.1408	44.1025	44.1529	44.0934	44.0178	44.1103	44.0687	44.1961	44.0818	44.120799999999996	44.155699999999996	44.134499999999996	44.0964	44.1105	44.210300000000004	44.054	44.191	44.0212	44.1385	44.0147	44.2019	44.106	44.1305	44.0837	44.2834	44.089099999999995	44.224000000000004	44.224999999999994	43.9159
AeC01034_CKDL210012719-1a-5UDI294-AK7557_HF5TCDSX2_L1_clmp_r1r2_fastp	57.189	42.8454	41.9897	41.1371	41.735299999999995	41.7156	40.4899	43.787	43.990899999999996	40.3406	46.9113	46.8816	44.8099	44.5575	44.183	43.979099999999995	44.25	44.0024	44.3223	44.641999999999996	44.412400000000005	44.1548	44.241200000000006	43.561499999999995	43.5504	43.352000000000004	43.3514	43.7245	43.947599999999994	43.763000000000005	43.9352	43.778099999999995	43.862	43.7331	43.736999999999995	43.8169	43.4811	43.5426	43.5773	43.5917	43.9497	43.6255	43.5851	43.5933	43.5847	43.5651	43.649100000000004	43.6116	43.7402	43.5882	43.8426	43.8436	43.6672	43.559799999999996	43.6589	43.4606	43.7123	43.538700000000006	43.7165	43.6622	43.646	43.683899999999994	43.6108	43.5913	43.787	43.6532	43.6803	43.6137	43.784099999999995	43.631	43.8148	43.6327	43.8037	43.678	43.7271	43.6699	43.8291	43.6634	43.7821	43.8515	43.7954	43.709199999999996	43.7605	43.8179	43.801899999999996	43.8082	43.6123	43.6733	43.8311	43.7117	43.9229	43.7889	43.736999999999995	43.721900000000005	43.7653	43.8742	43.9488	43.8387	43.824200000000005	43.9328	43.890499999999996	43.9157	43.8855	43.898399999999995	43.944	43.8799	43.85	43.835800000000006	43.8938	43.9448	43.9526	43.996	43.9075	43.768299999999996	43.891799999999996	44.028099999999995	43.9732	43.8757	43.9164	43.8147	44.0839	43.924600000000005	43.8769	44.0004	43.9467	43.9392	43.9247	43.8434	43.9625	43.9621	43.919799999999995	43.987700000000004	43.9259	43.8927	43.9159	43.9819	43.9202	43.9912	43.8592	43.971199999999996	43.8703	44.0634	43.942	43.9473	43.9713	44.0048	43.8828	43.9623	43.9585	43.608000000000004
AeC01035_CKDL210012719-1a-AK9146-AK7557_HF5TCDSX2_L1_clmp_r1r2_fastp	58.3657	41.856300000000005	42.457499999999996	41.076499999999996	41.6486	41.6358	40.4666	43.9134	44.1263	40.1449	47.3983	47.2262	44.8841	44.6231	44.1906	44.062	44.366499999999995	44.109500000000004	44.2963	44.710899999999995	44.4565	44.2196	44.221	43.5988	43.5334	43.3153	43.3205	43.758399999999995	44.0521	43.84	43.9366	43.8395	43.9174	43.7547	43.770900000000005	43.8748	43.5102	43.583800000000004	43.7023	43.636	43.9682	43.5762	43.6857	43.6896	43.613800000000005	43.6781	43.6639	43.6159	43.7953	43.6504	43.9697	43.9292	43.7282	43.6468	43.7165	43.5309	43.786500000000004	43.595299999999995	43.769200000000005	43.7194	43.741	43.7687	43.678	43.7131	43.8857	43.7478	43.7919	43.7174	43.795	43.8247	43.9744	43.755	43.8537	43.6808	43.824200000000005	43.7558	43.851099999999995	43.748599999999996	43.8972	43.830400000000004	43.8937	43.7608	43.8548	43.933299999999996	43.841	43.8012	43.6254	43.7731	43.887	43.7924	44.0355	43.9064	43.7324	43.8118	43.845299999999995	43.9508	43.9411	43.8303	43.8216	44.0529	43.988	43.9658	43.968	44.008199999999995	44.0156	43.8834	43.9096	43.9016	43.901	44.027699999999996	43.9895	44.039899999999996	43.9437	43.877500000000005	43.891000000000005	44.0297	43.9475	43.8761	44.000699999999995	43.8137	44.144099999999995	43.924400000000006	43.9093	44.009100000000004	43.979	43.9512	43.9035	43.8952	44.0189	43.962	43.946400000000004	43.9838	43.9208	43.9193	43.9375	43.9714	43.9735	43.9894	43.9002	44.012499999999996	43.8798	44.0569	44.0108	43.9859	43.9706	44.0841	44.018499999999996	44.008399999999995	44.0515	43.6903
AeC01036_CKDL210012719-1a-AK5577-AK7557_HF5TCDSX2_L1_clmp_r1r2_fastp	58.7797	42.391600000000004	42.6813	41.4242	41.9033	41.7444	40.8302	43.9485	44.15	40.3348	47.5291	47.2906	44.829	44.738	44.412400000000005	44.1781	44.563399999999994	44.3075	44.463	44.8866	44.5592	44.3695	44.3796	43.682900000000004	43.7253	43.4691	43.5828	43.8858	44.1042	43.9105	44.1159	43.9525	44.052400000000006	43.9423	43.8825	44.0114	43.6751	43.7369	43.804300000000005	43.7982	44.0927	43.6851	43.778800000000004	43.7525	43.7402	43.7301	43.7856	43.7579	43.9871	43.737700000000004	44.0174	44.0372	43.8503	43.7218	43.8557	43.7001	43.8803	43.7205	43.8759	43.8566	43.8521	43.855199999999996	43.7504	43.747	44.005300000000005	43.7953	43.848	43.8343	43.9421	43.8617	44.0376	43.848	43.936	43.7706	43.8957	43.825900000000004	43.9113	43.819599999999994	43.9826	43.884699999999995	44.0444	43.7592	43.9576	44.0139	43.937799999999996	43.9221	43.7534	43.8318	44.016	43.8153	44.1117	43.992599999999996	43.8995	43.8152	43.9788	44.0103	44.0678	43.898399999999995	43.9187	44.1066	44.0011	44.0366	44.060700000000004	44.0298	44.1386	44.0092	43.9288	43.9375	44.0526	44.1048	44.1045	44.1113	44.0794	43.9836	43.9394	44.103500000000004	44.0807	43.9759	44.1158	43.9844	44.2526	44.0497	44.0686	44.074600000000004	44.032900000000005	44.0344	44.065	43.995400000000004	44.1452	44.063	44.0351	44.13	44.0312	44.0528	44.039699999999996	44.1783	43.9967	44.0863	44.034800000000004	44.1326	43.9672	44.2338	44.0702	44.1582	44.0338	44.2186	44.0338	44.142700000000005	44.1019	43.7369
AeC01037_CKDL210012719-1a-5UDI301-GC06_HF5TCDSX2_L1_clmp_r1r2_fastp	58.930400000000006	41.6215	42.4825	41.0821	41.5046	41.4071	40.3336	43.7131	43.9607	39.7922	47.327999999999996	47.1772	44.5791	44.3765	44.005	43.7705	44.0664	43.7816	44.0505	44.5033	44.1809	44.0013	43.9876	43.36	43.296600000000005	43.1086	43.1436	43.4814	43.7582	43.565799999999996	43.7687	43.5655	43.6731	43.5085	43.501400000000004	43.6084	43.3029	43.3763	43.4285	43.3876	43.801	43.3504	43.4831	43.4576	43.3823	43.4004	43.4845	43.4209	43.5496	43.3881	43.6971	43.7288	43.5195	43.4232	43.473800000000004	43.3085	43.5568	43.3592	43.5801	43.536	43.4715	43.491099999999996	43.4665	43.4504	43.637	43.5032	43.4843	43.4746	43.582300000000004	43.559799999999996	43.7054	43.546	43.6179	43.455	43.5645	43.5175	43.6307	43.5311	43.6763	43.5662	43.6724	43.492399999999996	43.6201	43.668099999999995	43.5867	43.5801	43.430800000000005	43.5078	43.7125	43.4976	43.819900000000004	43.6668	43.5978	43.5166	43.6993	43.705	43.74	43.6379	43.569	43.7305	43.64	43.742599999999996	43.728	43.681	43.7536	43.668800000000005	43.6026	43.5842	43.7133	43.765	43.8058	43.8005	43.7124	43.6747	43.6777	43.7735	43.7067	43.6668	43.7739	43.620799999999996	43.9529	43.7203	43.7243	43.7344	43.7339	43.6733	43.7274	43.7007	43.7392	43.7213	43.6969	43.7257	43.6384	43.6858	43.750099999999996	43.7599	43.701299999999996	43.763400000000004	43.6197	43.7292	43.6874	43.7648	43.7679	43.7601	43.689299999999996	43.7861	43.6706	43.7626	43.7398	43.4899
AeC01038_CKDL210012719-1a-AK7758-GC06_HF5TCDSX2_L1_clmp_r1r2_fastp	58.6921	40.8463	42.186800000000005	40.083400000000005	40.6133	40.7419	39.6913	42.755700000000004	43.3239	39.1637	46.9534	46.5516	44.175599999999996	43.85	43.432900000000004	43.1103	43.6722	43.3906	43.8352	43.6997	43.6005	43.544	43.2849	42.7861	42.6066	42.273500000000006	42.6965	42.799	43.180600000000005	43.1701	43.231199999999994	43.1709	43.0312	43.0163	43.084	42.9174	42.7068	42.8298	42.6862	42.800700000000006	43.187999999999995	43.0306	43.3275	43.0713	43.0971	43.0498	42.9684	43.0491	43.012499999999996	42.9304	43.0713	42.9727	43.012499999999996	42.9969	42.973	43.0095	42.8884	42.9996	43.132	42.8564	43.025200000000005	42.9812	42.971399999999996	42.9354	43.0362	42.8319	42.9135	42.9047	43.1419	43.093599999999995	43.2394	43.2855	43.0284	43.1245	43.086600000000004	43.0897	43.2593	43.1502	43.2263	43.2168	42.8114	43.0272	42.9854	42.9883	43.141600000000004	43.0456	43.1832	43.3048	43.1704	43.005700000000004	43.1239	42.877500000000005	43.3616	42.9987	43.1763	43.0112	43.1515	43.1411	43.388	43.2125	43.1894	43.1736	43.2308	43.3052	43.3388	43.3617	43.1513	43.3129	43.2429	43.306	43.2861	43.111	43.101099999999995	43.3095	43.2888	43.341499999999996	43.2461	43.2757	43.2105	43.3859	43.311	43.1659	42.905300000000004	43.1239	42.971199999999996	43.0591	43.2314	43.2525	43.077799999999996	43.4569	43.169000000000004	43.3776	43.1782	43.1513	43.310500000000005	43.2201	43.2126	43.4338	43.1192	43.3343	43.311899999999994	43.195	43.322	43.321	43.327799999999996	43.5359	43.0317	43.3303	43.0275	43.0799
AeC01039_CKDL210012719-1a-AK7078-GC06_HF5TCDSX2_L1_clmp_r1r2_fastp	59.3482	42.7193	43.7266	42.2315	42.359	42.701699999999995	41.415800000000004	44.9293	45.0162	40.7654	48.2665	48.3316	45.4551	45.224599999999995	44.771499999999996	44.5419	44.9454	44.6433	45.0634	45.5417	45.1673	44.9073	44.866	44.113400000000006	44.1535	43.7672	44.0318	44.516600000000004	44.7231	44.4766	44.7036	44.4034	44.5644	44.384	44.3707	44.6029	43.9732	44.1997	44.136199999999995	44.163999999999994	44.723400000000005	44.0386	44.1985	44.006099999999996	44.0826	44.1911	44.1996	44.2183	44.4026	44.0609	44.6449	44.5867	44.1887	44.1209	44.2691	44.059599999999996	44.4011	44.074400000000004	44.3411	44.373400000000004	44.2297	44.2814	44.1965	44.0711	44.4631	44.1192	44.3357	44.2223	44.4521	44.2813	44.4271	44.2125	44.3324	44.0987	44.3239	44.2009	44.3406	44.3446	44.325399999999995	44.458999999999996	44.380900000000004	44.2465	44.399100000000004	44.4983	44.3748	44.4169	44.169000000000004	44.333299999999994	44.4765	44.2818	44.6863	44.266	44.315	44.3351	44.4087	44.623400000000004	44.5606	44.5198	44.4131	44.7198	44.5472	44.6142	44.6888	44.5251	44.7353	44.514199999999995	44.400099999999995	44.4862	44.5662	44.7274	44.7009	44.7341	44.5939	44.5451	44.5594	44.722	44.7735	44.548700000000004	44.7096	44.4418	44.9966	44.6465	44.640299999999996	44.7818	44.6963	44.7045	44.6277	44.5789	44.8415	44.7824	44.7249	44.655899999999995	44.5797	44.667899999999996	44.783899999999996	44.7113	44.7669	44.8467	44.6191	44.8103	44.648900000000005	44.9925	44.7187	44.8536	44.731700000000004	44.7602	44.8328	44.8059	44.872499999999995	44.5158
AeC01040_CKDL210012719-1a-AK9143-GC06_HF5TCDSX2_L1_clmp_r1r2_fastp	58.9399	42.2613	42.688700000000004	41.3211	41.8056	41.7647	40.623599999999996	43.7917	43.9842	40.078	47.329	47.1838	44.847500000000004	44.5986	44.2797	43.9959	44.3467	44.181599999999996	44.3195	44.689800000000005	44.4357	44.1911	44.148700000000005	43.519400000000005	43.412299999999995	43.1849	43.325	43.5896	43.870599999999996	43.734	43.9024	43.696	43.8284	43.689699999999995	43.7544	43.827	43.4349	43.5117	43.5771	43.5479	43.8882	43.5236	43.5833	43.556200000000004	43.551899999999996	43.553599999999996	43.6096	43.6529	43.7836	43.5128	43.870799999999996	43.8112	43.669599999999996	43.548500000000004	43.7046	43.5006	43.7061	43.5227	43.742999999999995	43.6634	43.5925	43.5748	43.5578	43.6308	43.783100000000005	43.5882	43.6592	43.606	43.771300000000004	43.694	43.8077	43.6389	43.7875	43.5221	43.7194	43.647000000000006	43.8136	43.6576	43.7534	43.6947	43.8014	43.5882	43.7243	43.8257	43.7069	43.7847	43.5508	43.7283	43.816300000000005	43.6447	43.9851	43.7666	43.6843	43.6663	43.7085	43.865500000000004	43.9104	43.7929	43.7294	43.953399999999995	43.8206	43.8361	43.8056	43.867	43.8822	43.8037	43.7716	43.8284	43.8222	43.8817	43.9682	43.9805	43.9147	43.7969	43.8084	43.961099999999995	43.9314	43.7206	43.9269	43.6947	44.032199999999996	43.8741	43.8159	43.9456	43.8836	43.8853	43.8756	43.7935	43.910900000000005	43.7766	43.8614	43.8641	43.8253	43.8496	43.8478	43.9526	43.886900000000004	43.9565	43.785000000000004	43.9548	43.7191	43.9605	43.8938	43.9326	43.872	44.0294	43.9685	43.9853	43.9674	43.6353
AeC01041_CKDL210012719-1a-5UDI225-GC06_HF5TCDSX2_L1_clmp_r1r2_fastp	58.9072	42.6747	42.6334	41.2868	41.910199999999996	41.8483	40.680899999999994	43.878699999999995	43.9969	40.0797	47.346	47.2389	44.874700000000004	44.5685	44.3309	43.9781	44.2652	44.0672	44.1909	44.6085	44.3424	44.1416	44.0764	43.5122	43.4251	43.2888	43.323499999999996	43.5648	43.843900000000005	43.761	43.8127	43.7334	43.8481	43.7057	43.684400000000004	43.725	43.4382	43.5304	43.574200000000005	43.492399999999996	43.9135	43.3738	43.5612	43.5906	43.5982	43.474000000000004	43.5729	43.5482	43.6985	43.549	43.8085	43.8237	43.5955	43.4734	43.559	43.4411	43.716699999999996	43.5414	43.6605	43.656299999999995	43.6985	43.5972	43.5636	43.551	43.802	43.5268	43.6349	43.649100000000004	43.6569	43.7513	43.817	43.6099	43.7088	43.618	43.6731	43.605199999999996	43.7422	43.687	43.8076	43.6733	43.7637	43.6085	43.8505	43.8018	43.6683	43.677	43.5391	43.6651	43.824000000000005	43.5811	43.9269	43.7729	43.7235	43.6719	43.775	43.811699999999995	43.8092	43.7498	43.6578	43.7977	43.7808	43.8502	43.8146	43.849199999999996	43.9217	43.7394	43.6391	43.7018	43.7933	43.8078	43.826	43.8284	43.8185	43.727199999999996	43.7294	43.8446	43.8501	43.6734	43.7988	43.664500000000004	43.987700000000004	43.7957	43.8271	43.8166	43.8262	43.8313	43.7613	43.7944	43.8274	43.806	43.8102	43.8227	43.789699999999996	43.8189	43.8262	43.8371	43.8013	43.7483	43.6851	43.817099999999996	43.7532	43.9025	43.7877	43.822	43.7738	43.7999	43.8226	43.8887	43.7879	43.6597
AeC01042_CKDL210012719-1a-AK9144-GC06_HF5TCDSX2_L1_clmp_r1r2_fastp	58.5757	43.943	42.3913	41.371900000000004	42.314299999999996	42.1769	41.1205	44.3304	44.1538	40.625	47.5753	47.4066	45.3096	44.9956	44.7014	44.372299999999996	44.731	44.4272	44.5332	44.929	44.7228	44.5525	44.4544	43.8689	43.8782	43.661699999999996	43.6576	43.8742	44.272800000000004	44.0094	44.1408	44.1702	44.128699999999995	44.0786	44.0506	44.1438	43.8337	43.8849	43.9876	43.905	44.3107	43.8942	43.9981	43.9758	43.9951	43.9142	43.9921	43.8997	44.0929	43.961099999999995	44.2645	44.1776	44.059599999999996	43.9542	44.0325	43.9295	44.0728	43.8711	44.0856	44.0261	44.0486	44.067099999999996	43.973	43.9688	44.1479	43.993700000000004	43.9781	44.023	44.0728	44.107	44.2398	44.0508	44.1774	44.0259	44.1161	43.9964	44.1446	44.0864	44.127	44.1357	44.2119	44.0246	44.1519	44.182300000000005	44.1609	44.0501	43.9305	44.035999999999994	44.202999999999996	44.0378	44.3279	44.1393	44.083299999999994	44.069900000000004	44.285000000000004	44.2444	44.3097	44.1192	44.118	44.308	44.2496	44.2055	44.2457	44.2107	44.2684	44.2148	44.1659	44.1945	44.1632	44.3009	44.250099999999996	44.2825	44.2814	44.1151	44.1183	44.3208	44.1616	44.1731	44.3089	44.1171	44.4262	44.2367	44.2977	44.2525	44.2558	44.2093	44.2474	44.1863	44.2307	44.1579	44.257000000000005	44.2153	44.204100000000004	44.1969	44.2652	44.2729	44.3271	44.1854	44.1318	44.2016	44.219	44.362899999999996	44.2311	44.2911	44.2499	44.3795	44.185	44.2863	44.305299999999995	44.0388
AeC01043_CKDL210012719-1a-AK3911-GC06_HF5TCDSX2_L1_clmp_r1r2_fastp	58.82039999999999	43.9261	42.7423	41.5699	42.2534	42.0825	40.9587	44.0379	43.952400000000004	40.5406	47.3038	47.2986	45.1934	44.9414	44.522099999999995	44.2982	44.683099999999996	44.3618	44.4022	44.7836	44.6101	44.3998	44.4005	43.776199999999996	43.7292	43.5666	43.5366	43.9098	44.154900000000005	43.939299999999996	44.2199	44.065799999999996	44.0368	44.0155	44.0146	44.1194	43.7577	43.828	43.9533	43.8354	44.233	43.809	43.9302	43.832	43.859500000000004	43.8913	43.9483	43.8762	44.086	43.8311	44.141200000000005	44.1704	44.0592	43.858000000000004	43.914500000000004	43.8058	43.9681	43.8195	43.967	43.877500000000005	43.9065	43.9133	43.9106	43.8424	44.0849	43.872499999999995	43.9702	43.9191	43.9156	43.9867	44.0885	43.9425	44.0905	43.923899999999996	43.9846	43.9625	44.088	43.9749	44.0335	43.9377	44.0479	43.8619	44.095600000000005	44.0507	44.1003	44.004599999999996	43.871500000000005	43.9538	44.1516	43.9074	44.247	44.0463	43.939099999999996	44.0099	44.0595	44.0837	44.1488	44.1303	44.0258	44.1951	44.0189	44.2187	44.1077	44.1004	44.1685	44.0326	44.013799999999996	44.0846	44.0449	44.1519	44.192	44.1674	44.1041	43.9499	44.0069	44.0962	44.100899999999996	44.0181	44.1662	43.9231	44.4007	44.1455	44.045	44.1755	44.1368	44.082100000000004	44.1298	44.0669	44.2329	44.1633	44.1849	44.1324	44.0965	44.0931	44.1291	44.1937	44.1457	44.106899999999996	44.107	44.1237	44.0088	44.256299999999996	44.1298	44.1634	44.0575	44.235600000000005	44.0719	44.149300000000004	44.1843	43.8911
AeC01044_CKDL210012719-1a-5UDI245-GC06_HF5TCDSX2_L1_clmp_r1r2_fastp	58.739	43.4842	42.5102	41.4659	42.3317	42.1104	40.924899999999994	43.977199999999996	43.9985	40.4444	47.2638	47.1745	45.1073	44.835300000000004	44.5775	44.2951	44.6114	44.2595	44.3707	44.7461	44.4752	44.2689	44.364599999999996	43.713499999999996	43.7684	43.5729	43.4803	43.7805	44.040099999999995	43.8289	44.005100000000006	43.946000000000005	44.0475	43.9215	43.9872	44.018499999999996	43.7609	43.669599999999996	43.751	43.7002	44.1395	43.7641	43.839	43.7659	43.7674	43.8086	43.852999999999994	43.7564	43.9371	43.849	44.0224	44.000299999999996	43.9769	43.806400000000004	43.8627	43.7336	43.9034	43.762299999999996	43.940400000000004	43.8049	43.879400000000004	43.9458	43.8001	43.7981	44.0664	43.8573	43.8397	43.8851	43.9414	43.961600000000004	44.0319	43.815	43.9268	43.8581	43.9941	43.872	44.0546	43.9315	43.9638	43.9643	44.1173	43.8811	44.0372	44.0426	43.9291	43.9189	43.8084	43.864999999999995	43.9902	43.8575	44.185900000000004	43.9893	43.9237	43.9294	44.0434	44.021300000000004	44.1582	43.980799999999995	43.979600000000005	44.0918	44.0265	44.018499999999996	44.0283	44.0852	44.06	44.0561	44.019200000000005	44.0253	43.9894	44.1563	44.1402	44.1729	44.0853	43.9732	44.0597	44.1377	44.0843	43.9573	44.1519	43.9516	44.2699	44.0077	44.0234	44.1103	44.1195	44.0659	44.0791	44.105	44.0851	44.0907	44.1056	44.1156	44.093199999999996	44.045	44.0371	44.0837	44.023	44.1137	44.0293	44.0784	44.082300000000004	44.1717	44.0921	44.1341	44.1544	44.1899	44.1073	44.1004	44.0966	43.936
AeC01045_CKDL210012719-1a-AK8593-GC06_HF5TCDSX2_L1_clmp_r1r2_fastp	58.7031	43.279	42.4855	41.242000000000004	41.9131	41.8815	40.6746	43.878099999999996	44.0548	40.198699999999995	47.1956	47.273700000000005	45.006	44.7298	44.399	44.0933	44.4144	44.188100000000006	44.270900000000005	44.710899999999995	44.4646	44.2474	44.305	43.705	43.6255	43.3723	43.4091	43.688300000000005	43.9771	43.7725	44.0266	43.8679	43.9394	43.839600000000004	43.8553	43.8936	43.607600000000005	43.5815	43.7025	43.629200000000004	44.0412	43.6322	43.7279	43.7396	43.715900000000005	43.656	43.7952	43.6614	43.9287	43.7295	44.0197	43.904199999999996	43.8523	43.658500000000004	43.825399999999995	43.6766	43.8264	43.6442	43.7902	43.8192	43.7671	43.7786	43.722	43.7189	43.9588	43.7122	43.7843	43.788	43.852999999999994	43.7967	43.9857	43.7641	43.8554	43.7504	43.8195	43.741	43.9249	43.7815	43.9087	43.849199999999996	43.9276	43.7282	43.9129	43.9396	43.8284	43.8515	43.7205	43.8138	43.9505	43.7658	44.060300000000005	43.8744	43.8661	43.8392	43.9225	43.918600000000005	44.0103	43.9231	43.934	43.9962	43.9589	43.9658	43.9227	43.9523	44.0263	43.932500000000005	43.940200000000004	43.9605	43.918800000000005	43.9423	43.9921	44.0274	44.012	43.9154	43.8611	44.0689	43.9623	43.8853	44.013200000000005	43.8758	44.0942	43.9319	43.887	43.972699999999996	43.998	43.8879	43.9837	43.9448	43.968	43.9487	43.97	43.989	43.9413	43.9996	43.9274	44.0313	43.9505	43.9784	43.8865	43.924800000000005	43.871500000000005	44.0756	43.9715	43.9512	43.9765	44.1247	43.899100000000004	44.013799999999996	44.002	43.7411
AeC01046_CKDL210012719-1a-5UDI294-AK8488_HF5TCDSX2_L1_clmp_r1r2_fastp	58.2276	41.9803	42.5275	41.234700000000004	41.783500000000004	41.8506	40.542899999999996	44.0697	44.2578	40.0858	47.5653	47.3864	44.8551	44.6836	44.3222	44.0239	44.4353	44.1049	44.3949	44.6931	44.5127	44.277	44.2984	43.6109	43.6049	43.4163	43.4835	43.8066	44.0	43.9214	43.987300000000005	43.796600000000005	43.943599999999996	43.8089	43.7989	43.9588	43.6015	43.621500000000005	43.6749	43.688900000000004	44.0518	43.6659	43.7165	43.731700000000004	43.694	43.6783	43.7761	43.668600000000005	43.8167	43.7193	43.968	43.9367	43.7653	43.6843	43.7506	43.6223	43.8658	43.5765	43.8072	43.8007	43.754799999999996	43.7203	43.6775	43.6873	43.9012	43.7725	43.8178	43.723600000000005	43.9013	43.812400000000004	44.0025	43.796600000000005	43.849700000000006	43.7132	43.8419	43.8018	43.8751	43.8347	43.8604	43.8811	43.9392	43.7802	43.8741	43.9037	43.891999999999996	43.8809	43.7149	43.8395	43.9231	43.7933	44.0417	43.9101	43.9024	43.842	43.8908	43.973800000000004	43.989200000000004	43.8833	43.9272	44.079299999999996	44.0328	44.067499999999995	43.9443	43.9955	44.056200000000004	43.9699	43.9093	43.900299999999994	43.958000000000006	44.0768	44.0517	44.095	44.0124	43.8923	43.9597	44.066100000000006	44.0423	43.9142	44.0323	43.9266	44.1741	43.9698	44.0087	44.0379	44.082	44.0515	43.9975	44.0124	44.0927	43.977199999999996	44.0612	44.0158	43.959399999999995	44.0646	43.9658	44.1139	44.0203	44.0693	43.9379	43.947	44.0078	44.216	44.0027	44.0974	44.099	44.1192	43.9998	44.082100000000004	44.125	43.838
AeC01047_CKDL210012719-1a-AK9146-AK8488_HF5TCDSX2_L1_clmp_r1r2_fastp	57.9925	42.7037	42.591699999999996	41.304	41.8456	41.975	40.7195	44.1262	44.413000000000004	40.4801	47.428	47.4407	45.151799999999994	44.7813	44.431	44.2043	44.5101	44.4097	44.4988	45.0449	44.6759	44.4704	44.2954	43.763999999999996	43.575	43.5039	43.5637	43.864599999999996	44.2557	44.040400000000005	44.2175	44.0055	44.0472	43.9454	43.8704	44.1801	43.768	43.7871	43.8952	43.8617	44.2119	43.804700000000004	43.817499999999995	43.795	43.819900000000004	43.8364	43.8973	43.9016	44.014900000000004	43.778	44.156800000000004	44.2057	43.982	43.8524	43.9209	43.6881	44.0791	43.778800000000004	44.013799999999996	43.9839	43.9451	43.838300000000004	43.8225	43.8788	44.1651	43.8613	43.9723	43.9363	44.0438	43.9426	44.1038	43.8839	44.0503	43.849700000000006	43.9724	43.8825	44.0825	43.871	44.0763	44.0356	44.0368	43.845099999999995	44.029	44.1103	44.07	44.0371	43.7847	43.932900000000004	44.1657	43.8777	44.2749	44.0353	43.8975	43.8565	43.9894	44.2446	44.081900000000005	44.1021	44.0371	44.2922	44.153	44.2141	44.095600000000005	44.1678	44.2808	43.948100000000004	44.0311	44.0721	44.0575	44.283899999999996	44.2474	44.3204	44.0981	43.971900000000005	43.9348	44.128099999999996	44.1477	43.9543	44.1928	43.8983	44.506299999999996	44.1246	44.1346	44.224000000000004	44.1062	44.1004	44.07	44.046400000000006	44.2279	44.172200000000004	44.1743	44.1541	44.0799	43.988699999999994	44.0948	44.2177	44.0965	44.1702	43.9998	44.3237	44.0029	44.3384	44.0137	44.196400000000004	44.0426	44.244	44.1593	44.215700000000005	44.2782	43.9272
AeC01048_CKDL210012719-1a-AK5577-AK8488_HF5TCDSX2_L1_clmp_r1r2_fastp	59.896499999999996	41.3497	43.8736	41.7211	42.0126	42.065999999999995	41.0139	44.6121	44.7285	40.2316	48.6048	48.059400000000004	45.0743	45.006800000000005	44.5862	44.379400000000004	44.791	44.440400000000004	44.7312	45.1141	44.8502	44.5631	44.752199999999995	43.9983	44.0302	43.708000000000006	43.8585	44.1905	44.4043	44.2962	44.4737	44.182100000000005	44.4397	44.1367	44.2008	44.2994	43.9297	44.07	44.047799999999995	44.1181	44.3818	44.029	44.1259	44.0875	44.0317	44.069599999999994	44.1685	44.069599999999994	44.241	44.122	44.4056	44.3578	44.1437	44.0504	44.1977	43.9846	44.1884	44.046600000000005	44.1779	44.1632	44.1786	44.179	44.087900000000005	44.1147	44.2831	44.094100000000005	44.2115	44.156800000000004	44.2537	44.1668	44.3042	44.1057	44.178200000000004	44.0781	44.1768	44.1248	44.3213	44.187	44.2434	44.2482	44.3029	44.147	44.2379	44.324000000000005	44.2249	44.1749	44.1159	44.101099999999995	44.2998	44.0776	44.417	44.2174	44.256299999999996	44.2283	44.2812	44.3529	44.3489	44.2487	44.2389	44.3817	44.3457	44.3085	44.3243	44.385999999999996	44.3805	44.310500000000005	44.2772	44.2784	44.3301	44.3641	44.4299	44.4483	44.3414	44.2881	44.3442	44.3078	44.3868	44.2597	44.329	44.2571	44.5026	44.2946	44.3522	44.4399	44.3466	44.3231	44.2446	44.2891	44.391999999999996	44.239200000000004	44.4163	44.3361	44.3571	44.3347	44.3555	44.3481	44.276700000000005	44.2646	44.2622	44.365	44.2894	44.4504	44.3602	44.406	44.3694	44.443599999999996	44.3243	44.488299999999995	44.3351	44.1649
AeC01049_CKDL210012719-1a-5UDI301-AK4236_HF5TCDSX2_L1_clmp_r1r2_fastp	58.733599999999996	41.5541	42.6548	41.2776	41.6915	41.7038	40.5059	43.8893	44.083600000000004	40.0839	47.428	47.2754	44.8314	44.5322	44.222699999999996	43.9761	44.3001	44.0358	44.3118	44.6548	44.4405	44.2396	44.199	43.5732	43.5696	43.3338	43.4644	43.7343	43.9959	43.8119	43.967600000000004	43.818400000000004	43.9433	43.8004	43.7748	43.9495	43.5537	43.5889	43.627700000000004	43.6573	43.9911	43.601800000000004	43.7323	43.703900000000004	43.6156	43.651	43.7065	43.6675	43.7852	43.641600000000004	43.8915	43.9167	43.7299	43.6348	43.7451	43.591800000000006	43.7904	43.6359	43.7678	43.7938	43.7744	43.7551	43.6471	43.6778	43.8865	43.6993	43.7747	43.7165	43.9017	43.8146	43.9063	43.7877	43.862	43.675999999999995	43.778	43.7698	43.8337	43.7537	43.837399999999995	43.8532	43.9319	43.742399999999996	43.8811	43.9401	43.8481	43.852799999999995	43.674400000000006	43.786500000000004	43.925799999999995	43.7752	44.021300000000004	43.9009	43.8247	43.7407	43.8681	43.9535	43.9747	43.9032	43.928200000000004	44.0044	43.933699999999995	43.999	44.013600000000004	43.943599999999996	44.034800000000004	43.9886	43.9063	43.932300000000005	43.977	43.9991	44.054300000000005	44.0886	43.9593	43.9083	43.9424	44.0469	43.9878	43.8841	44.032700000000006	43.913000000000004	44.195299999999996	43.9762	43.9987	44.0171	44.0102	44.0167	43.963499999999996	43.9551	44.0551	44.0088	44.060700000000004	43.9913	43.9348	43.9264	44.0117	43.9836	43.9442	44.0333	43.8803	44.0252	43.9658	44.1192	43.9537	44.0703	43.9773	44.0637	43.9636	44.0916	44.095600000000005	43.8258
AeC01050_CKDL210012719-1a-AK7758-AK4236_HF5TCDSX2_L1_clmp_r1r2_fastp	58.503400000000006	41.8202	42.2162	41.1956	41.4951	41.5025	40.2335	43.7668	44.0587	40.0644	47.306	47.1155	44.7633	44.464999999999996	44.053	43.8042	44.1682	43.952000000000005	44.1692	44.5674	44.3315	44.156600000000005	44.083	43.4213	43.4621	43.1859	43.251	43.6262	43.9242	43.6919	43.9135	43.6862	43.8388	43.6846	43.6639	43.8033	43.4086	43.498999999999995	43.5591	43.5574	43.8082	43.4893	43.5811	43.579	43.528	43.547599999999996	43.5565	43.525000000000006	43.730000000000004	43.4979	43.8016	43.81	43.668099999999995	43.4958	43.6235	43.4956	43.7185	43.4983	43.6724	43.6543	43.6202	43.6072	43.5414	43.5207	43.7411	43.5676	43.6068	43.6077	43.7242	43.6443	43.8001	43.5773	43.7473	43.5591	43.693599999999996	43.6124	43.7564	43.637100000000004	43.7257	43.6983	43.7657	43.599700000000006	43.711299999999994	43.7677	43.6724	43.7276	43.5325	43.615500000000004	43.7682	43.6083	43.8949	43.7461	43.6802	43.603500000000004	43.6994	43.8403	43.8427	43.8186	43.7188	43.863	43.7983	43.8329	43.8367	43.7807	43.9271	43.7468	43.7478	43.7431	43.837199999999996	43.915	43.9458	43.9442	43.7981	43.7038	43.7183	43.8933	43.877500000000005	43.7647	43.847500000000004	43.7007	44.0728	43.793	43.7852	43.9137	43.8226	43.7812	43.845299999999995	43.7809	43.842	43.809	43.8426	43.8106	43.7398	43.7951	43.8058	43.8939	43.8224	43.829299999999996	43.7267	43.9261	43.6992	43.9609	43.8305	43.884499999999996	43.7465	43.8955	43.8229	43.9084	43.8565	43.6378
AeC01051_CKDL210012719-1a-AK7078-AK4236_HF5TCDSX2_L1_clmp_r1r2_fastp	58.73159999999999	41.5036	42.5275	41.073	41.437200000000004	41.5267	40.3619	43.881	44.1411	39.955400000000004	47.477799999999995	47.2585	44.825900000000004	44.4932	44.1178	44.0009	44.2407	43.8767	44.2127	44.5669	44.4051	44.1577	44.1505	43.5294	43.481500000000004	43.2249	43.2741	43.5783	43.8704	43.7112	43.8557	43.6813	43.8265	43.641000000000005	43.6852	43.7421	43.410199999999996	43.4769	43.5102	43.4934	43.837199999999996	43.454	43.5509	43.545899999999996	43.519600000000004	43.591	43.6113	43.5492	43.708000000000006	43.5653	43.8316	43.7784	43.6817	43.5296	43.581900000000005	43.508599999999994	43.6513	43.5098	43.6665	43.6302	43.689099999999996	43.607	43.5911	43.4943	43.782	43.6477	43.6578	43.5807	43.7536	43.6905	43.8209	43.696	43.7326	43.5749	43.7201	43.6822	43.7568	43.6527	43.777100000000004	43.7601	43.793	43.6362	43.7145	43.7402	43.754	43.7105	43.5221	43.615300000000005	43.7695	43.6314	43.9314	43.7534	43.714999999999996	43.714	43.81	43.8167	43.891200000000005	43.7406	43.723600000000005	43.816300000000005	43.7932	43.8164	43.8136	43.8076	43.9113	43.834	43.837900000000005	43.7399	43.8089	43.9073	43.9163	43.9334	43.8994	43.8152	43.8754	43.81	43.911	43.7042	43.870799999999996	43.7073	43.9339	43.8816	43.847	43.9093	43.8683	43.872299999999996	43.8132	43.859700000000004	43.8739	43.7997	43.8605	43.832300000000004	43.948100000000004	43.8577	43.884	43.872499999999995	43.8189	43.8446	43.786199999999994	43.8604	43.8249	43.980999999999995	43.9174	43.8967	43.8788	44.0013	43.817499999999995	43.9697	43.8808	43.6738
AeC01052_CKDL210012719-1a-AK9143-AK4236_HF5TCDSX2_L1_clmp_r1r2_fastp	58.942499999999995	41.3802	42.866	41.342	41.6027	41.7236	40.5548	43.8835	44.2487	40.049099999999996	47.6563	47.4409	44.8919	44.654700000000005	44.2979	44.0432	44.4741	44.1947	44.3522	44.8278	44.5373	44.3239	44.2558	43.6486	43.5569	43.36	43.4388	43.7867	44.0983	43.8694	44.0198	43.8579	43.9429	43.8135	43.7727	43.986599999999996	43.5549	43.688700000000004	43.6578	43.7418	44.046	43.5248	43.7048	43.685	43.5691	43.6813	43.7609	43.7061	43.8881	43.666700000000006	44.01	43.9341	43.7749	43.6776	43.756299999999996	43.6467	43.8294	43.653	43.8661	43.7893	43.7775	43.7124	43.6807	43.725	43.921	43.7183	43.7726	43.8006	43.9154	43.833800000000004	43.9153	43.7739	43.8823	43.7087	43.798700000000004	43.783300000000004	43.9123	43.808	43.9091	43.8592	43.946400000000004	43.7661	43.8767	43.9555	43.894	43.8893	43.7158	43.8605	43.9744	43.7494	44.073499999999996	43.9034	43.809599999999996	43.8067	43.9026	43.993500000000004	44.0146	43.8786	43.8974	44.0539	43.9238	43.9927	43.9621	44.0031	44.063	43.893100000000004	43.9245	43.891200000000005	43.964999999999996	44.0664	44.113400000000006	44.1037	44.013799999999996	43.8748	43.9319	44.0736	44.0351	43.9024	43.9999	43.9023	44.2654	44.0317	43.9499	44.0358	43.9957	43.9846	44.0383	43.9705	44.0184	44.0011	44.0257	44.0574	43.9234	43.9587	43.905300000000004	44.0629	44.0038	44.0254	43.8548	44.1054	43.9261	44.071	43.9379	44.0367	43.943599999999996	44.115500000000004	43.9953	44.103500000000004	44.0388	43.725
AeC01053_CKDL210012719-1a-5UDI225-AK4236_HF5TCDSX2_L1_clmp_r1r2_fastp	59.0133	42.5225	42.634499999999996	41.2744	41.844	41.930499999999995	40.7056	44.046800000000005	44.136900000000004	40.224399999999996	47.514	47.350500000000004	45.0271	44.8354	44.3945	44.298	44.5521	44.2135	44.4131	44.7483	44.5746	44.249	44.3602	43.6207	43.6923	43.4031	43.4639	43.687	44.053399999999996	43.841499999999996	44.061499999999995	43.8897	44.041599999999995	43.8365	43.84	43.9345	43.628499999999995	43.740899999999996	43.647200000000005	43.659	44.008	43.6467	43.6695	43.7046	43.632799999999996	43.7448	43.8119	43.717800000000004	43.871700000000004	43.6879	44.0708	43.9782	43.7715	43.7408	43.8054	43.662600000000005	43.8183	43.7019	43.825599999999994	43.8053	43.802600000000005	43.799	43.722699999999996	43.733	43.918600000000005	43.727199999999996	43.8969	43.7608	43.9253	43.844	43.9715	43.8229	43.8956	43.7845	43.8369	43.7998	43.9127	43.822100000000006	43.9317	43.8607	43.8839	43.757200000000005	43.9467	43.9865	43.8641	43.9232	43.7339	43.8404	43.9172	43.843700000000005	44.084	43.9182	43.9046	43.8816	43.9475	44.048500000000004	43.9962	43.9355	43.9546	44.0632	43.9176	44.013999999999996	43.9811	43.9494	44.0293	43.9574	43.9763	44.0374	44.0109	44.055699999999995	44.1037	44.0503	43.9494	43.9454	43.924099999999996	44.066100000000006	44.0574	43.967800000000004	44.0778	43.9231	44.1807	44.027	43.9961	44.0481	44.0641	43.9185	43.9982	43.9905	44.0983	44.0853	44.0292	44.0623	44.0259	44.026900000000005	44.005	44.0769	44.0612	44.0773	43.8687	44.0828	43.9726	44.0809	43.9963	44.0522	43.9899	44.2005	44.056	44.1485	44.051	43.8737
AeC01054_CKDL210012719-1a-AK9144-AK4236_HF5TCDSX2_L1_clmp_r1r2_fastp	58.782900000000005	43.3937	42.6823	41.5398	42.3283	42.2702	41.0974	44.2112	44.249300000000005	40.5992	47.5667	47.519800000000004	45.352	45.1207	44.710499999999996	44.494299999999996	44.7873	44.4897	44.6625	44.9996	44.7759	44.528099999999995	44.6115	43.989	43.936	43.6999	43.8138	43.9916	44.31	44.1355	44.2228	44.1796	44.3114	44.159	44.156800000000004	44.2421	43.9338	43.9475	43.9743	43.9456	44.394	43.9276	44.0548	44.034	44.0224	43.933	44.0851	43.9886	44.2196	43.974000000000004	44.3643	44.2725	44.080799999999996	43.9957	44.0245	43.9517	44.1447	43.963	44.1368	44.088899999999995	44.026399999999995	44.0602	44.119	43.9762	44.2414	44.051899999999996	44.0927	44.0845	44.1406	44.083600000000004	44.2835	44.1156	44.1452	43.9861	44.0981	44.0978	44.214999999999996	44.095800000000004	44.2415	44.2147	44.2429	44.1196	44.2031	44.225500000000004	44.2005	44.1057	43.9782	44.119	44.276199999999996	44.0837	44.3687	44.1713	44.1605	44.1389	44.2087	44.2444	44.3153	44.1826	44.181599999999996	44.3009	44.2585	44.3281	44.292	44.3364	44.3737	44.2955	44.2141	44.2459	44.2461	44.3751	44.3185	44.3287	44.3459	44.187799999999996	44.2363	44.3587	44.2429	44.281	44.3479	44.195499999999996	44.5008	44.235	44.277	44.359700000000004	44.2655	44.2783	44.3046	44.299699999999994	44.3127	44.277300000000004	44.3807	44.3005	44.2852	44.333299999999994	44.258900000000004	44.3085	44.3467	44.237700000000004	44.2133	44.2862	44.2566	44.3591	44.2963	44.3231	44.252	44.4251	44.278099999999995	44.378299999999996	44.437599999999996	44.0625
AeC01055_CKDL210012719-1a-AK3911-AK4236_HF5TCDSX2_L1_clmp_r1r2_fastp	58.767100000000006	43.8425	42.5163	41.4835	42.2904	42.127199999999995	41.011900000000004	44.044200000000004	43.9487	40.5505	47.2138	47.3182	45.2581	44.9691	44.6927	44.4588	44.724399999999996	44.3767	44.5468	44.777499999999996	44.683099999999996	44.364	44.5067	43.8669	43.9377	43.6959	43.6743	43.9146	44.069599999999994	44.001000000000005	44.1366	44.0799	44.209199999999996	44.032700000000006	44.0529	44.1381	43.824200000000005	43.7821	43.8385	43.8315	44.2063	43.8168	43.896	43.9423	43.8356	43.7818	43.966699999999996	43.9151	43.9874	43.9269	44.170300000000005	44.1478	44.0411	43.9478	43.888	43.8463	44.0272	43.8288	43.9874	43.9433	43.9821	43.980599999999995	43.9161	43.850699999999996	44.0813	43.9756	43.9771	43.9634	44.045	44.0447	44.0722	44.0437	44.0448	43.9226	44.03	43.9785	44.086	43.943	44.0571	44.1002	44.2003	43.961800000000004	44.167899999999996	44.1022	44.0393	44.0984	43.9293	43.9883	44.1099	43.926	44.225300000000004	44.1691	44.0728	44.0945	44.115	44.1257	44.2383	44.1376	44.1226	44.183099999999996	44.1634	44.1166	44.1848	44.1644	44.2542	44.1222	44.1471	44.1326	44.2133	44.2338	44.1911	44.2363	44.2986	44.1633	44.2048	44.249	44.2436	44.1188	44.2716	44.0782	44.3819	44.2404	44.183499999999995	44.2106	44.272600000000004	44.229400000000005	44.178	44.210300000000004	44.2998	44.2821	44.2035	44.2283	44.22	44.2764	44.2211	44.2211	44.307900000000004	44.1299	44.1967	44.2251	44.2038	44.2892	44.3142	44.2862	44.310100000000006	44.3163	44.2659	44.3163	44.243900000000004	44.1316
AeC01056_CKDL210012719-1a-5UDI245-AK4236_HF5TCDSX2_L1_clmp_r1r2_fastp	58.609500000000004	42.788	42.3962	41.235	41.9623	41.972	40.7507	43.908	44.080000000000005	40.308899999999994	47.2567	47.2373	45.0641	44.799499999999995	44.4084	44.2247	44.4567	44.1333	44.401	44.7218	44.5441	44.2154	44.4197	43.658500000000004	43.6982	43.3831	43.453	43.716300000000004	43.994699999999995	43.7928	44.0172	43.8733	43.961600000000004	43.8427	43.8577	43.924800000000005	43.5775	43.5627	43.6064	43.7347	43.978	43.644800000000004	43.7294	43.7559	43.628	43.696	43.6947	43.6464	43.8577	43.677	43.966	43.8897	43.7742	43.6622	43.7129	43.6334	43.7336	43.573699999999995	43.7747	43.7353	43.7727	43.7476	43.674400000000006	43.6729	43.8751	43.708000000000006	43.7419	43.778800000000004	43.8827	43.8149	43.9302	43.7284	43.8286	43.727199999999996	43.7684	43.7516	43.843900000000005	43.7955	43.8434	43.8932	43.9173	43.8135	43.833299999999994	43.9069	43.8483	43.8557	43.688700000000004	43.7911	43.9088	43.824600000000004	43.995	43.9508	43.8861	43.8091	43.8424	43.9764	43.9833	43.8804	43.8816	44.017	43.986	44.011	43.9707	44.0419	44.018499999999996	43.951299999999996	43.913999999999994	43.9158	43.9423	43.9996	44.0055	44.0727	44.0331	43.93	43.938100000000006	44.1188	44.026199999999996	43.9228	43.992	43.9306	44.1106	44.0025	43.995200000000004	43.9961	44.0188	43.9431	43.9807	43.9566	44.023	43.948	44.0741	43.9511	44.0113	44.0484	43.9666	44.0771	44.006299999999996	44.0438	43.9112	43.990899999999996	44.0118	44.0934	44.0467	44.107400000000005	44.0496	44.125	44.0044	44.0922	44.0025	43.8361
AeC01057_CKDL210012719-1a-AK8593-AK4236_HF5TCDSX2_L1_clmp_r1r2_fastp	58.8292	41.3572	42.6651	41.1462	41.4881	41.6383	40.3575	43.9483	44.1743	39.9574	47.6636	47.429300000000005	44.874700000000004	44.627	44.21	44.0319	44.3753	44.056	44.3121	44.6142	44.4296	44.1656	44.22	43.540099999999995	43.6022	43.266799999999996	43.371300000000005	43.6946	43.9456	43.818	43.9314	43.8155	43.980000000000004	43.7464	43.7721	43.8611	43.4888	43.551	43.5757	43.6357	43.8909	43.5789	43.661100000000005	43.6562	43.581399999999995	43.6081	43.6706	43.652	43.7078	43.6107	43.9357	43.858799999999995	43.7214	43.6164	43.6398	43.4957	43.752	43.533	43.7348	43.7391	43.6973	43.7116	43.6257	43.626799999999996	43.8288	43.6813	43.722899999999996	43.709399999999995	43.7982	43.7379	43.902	43.721	43.8017	43.6623	43.7587	43.6866	43.8102	43.742999999999995	43.7739	43.8462	43.8751	43.689699999999995	43.8262	43.9	43.7736	43.8025	43.6125	43.6781	43.8245	43.6882	43.994699999999995	43.8315	43.810900000000004	43.763999999999996	43.8937	43.927	43.9235	43.8462	43.817099999999996	43.9197	43.9339	43.9124	43.9298	43.865300000000005	43.9734	43.851	43.8514	43.8517	43.8945	43.9643	43.9448	43.994299999999996	43.925799999999995	43.844899999999996	43.8838	43.966100000000004	43.899	43.863400000000006	43.8335	43.8135	44.1539	43.9544	43.9257	44.0131	43.9846	43.905499999999996	43.9211	43.870799999999996	43.9415	43.9081	43.9752	43.9273	43.9208	43.9303	43.9218	43.870799999999996	43.9012	43.9038	43.7851	43.8919	43.8427	44.0106	43.9251	43.9094	43.9439	43.993300000000005	43.8839	44.0104	43.9966	43.65
AeC01058_CKDL210012719-1a-5UDI294-GC06_HF5TCDSX2_L1_clmp_r1r2_fastp	58.4745	42.2087	42.3612	41.0277	41.674499999999995	41.605399999999996	40.448	43.864599999999996	44.0048	40.0538	47.272999999999996	47.111599999999996	44.767	44.5096	44.1845	43.942	44.2801	43.9855	44.1879	44.555499999999995	44.3414	44.0839	44.126	43.4616	43.4531	43.2529	43.3413	43.6015	43.808	43.7295	43.823299999999996	43.7417	43.7991	43.6534	43.6426	43.8206	43.4495	43.5608	43.5762	43.572	43.8688	43.507400000000004	43.5895	43.6207	43.5639	43.5525	43.6524	43.6302	43.7469	43.5878	43.892900000000004	43.742999999999995	43.6743	43.5592	43.6846	43.477900000000005	43.7084	43.5409	43.7617	43.638	43.6926	43.6134	43.5986	43.6571	43.7856	43.6085	43.6736	43.6947	43.770199999999996	43.7259	43.843199999999996	43.6401	43.7245	43.6048	43.7274	43.674800000000005	43.8286	43.7337	43.7722	43.7931	43.8172	43.694	43.776700000000005	43.8224	43.756	43.7852	43.6075	43.693	43.8085	43.6857	43.919000000000004	43.8384	43.777300000000004	43.716	43.7816	43.8478	43.899100000000004	43.7965	43.8094	43.9172	43.856899999999996	43.8888	43.8434	43.917899999999996	43.9283	43.8504	43.8505	43.8678	43.9006	43.9422	43.957800000000006	43.9546	43.9305	43.778299999999994	43.8205	43.9421	43.9297	43.7793	43.9141	43.728	44.0581	43.87	43.8343	43.9473	43.871	43.900800000000004	43.900299999999994	43.8677	43.9636	43.873	43.9401	43.8548	43.917899999999996	43.8829	43.8742	43.9213	43.8899	43.8944	43.8234	43.8587	43.8512	43.9783	43.9041	43.9627	43.904399999999995	44.0161	43.9133	43.9833	43.9609	43.668
AeC01059_CKDL210012719-1a-AK9146-GC06_HF5TCDSX2_L1_clmp_r1r2_fastp	58.7515	42.2242	42.5817	41.199799999999996	41.800399999999996	41.733	40.6133	43.945	44.135400000000004	40.191300000000005	47.3626	47.252	44.9536	44.6255	44.2489	43.985600000000005	44.3702	44.2158	44.3234	44.817499999999995	44.4697	44.257600000000004	44.1532	43.600899999999996	43.458200000000005	43.3282	43.422	43.7052	44.0919	43.8104	44.0201	43.8479	43.8888	43.8377	43.7744	43.934	43.5414	43.6515	43.7299	43.6908	44.0763	43.5813	43.6968	43.7014	43.7081	43.7063	43.772800000000004	43.7079	43.8599	43.675599999999996	43.9658	43.9733	43.8135	43.6464	43.7659	43.5955	43.8303	43.6828	43.8473	43.7955	43.7889	43.7938	43.6724	43.7699	43.9517	43.6933	43.7989	43.7304	43.9034	43.7993	43.9295	43.7322	43.8868	43.801	43.8517	43.7772	43.8972	43.8054	43.8802	43.9062	43.933299999999996	43.7076	43.9043	43.9379	43.825599999999994	43.8493	43.680600000000005	43.7468	43.9355	43.770900000000005	44.0323	43.8835	43.8195	43.7441	43.9155	44.0155	44.0181	43.9031	43.9187	44.0612	43.912	43.981500000000004	43.9934	43.9876	44.0953	43.933	43.8392	43.9039	43.9273	44.061299999999996	44.0479	44.120799999999996	43.9431	43.8255	43.8998	43.965700000000005	44.0554	43.812400000000004	44.0265	43.8212	44.2645	43.9311	43.9726	44.0561	44.0006	43.9507	43.9832	43.891999999999996	44.0679	44.0129	43.9826	44.0047	43.9724	43.9146	43.99	44.0643	44.0225	44.034099999999995	43.906	44.067	43.9023	44.1226	43.949	44.034600000000005	43.9737	44.1162	44.0189	44.0685	44.1419	43.7498
AeC01060_CKDL210012719-1a-AK5577-GC06_HF5TCDSX2_L1_clmp_r1r2_fastp	58.7544	41.9578	42.6859	41.2448	41.7683	41.6617	40.538999999999994	43.9411	44.106	40.1378	47.525	47.2746	44.9191	44.5914	44.1929	44.020700000000005	44.3157	44.1164	44.3218	44.7222	44.460699999999996	44.2403	44.0861	43.6121	43.4435	43.3131	43.4029	43.6988	44.012	43.7867	43.9747	43.7921	43.8759	43.7735	43.741	43.946200000000005	43.5455	43.6441	43.6457	43.6728	43.9805	43.541999999999994	43.6868	43.662	43.6428	43.6634	43.7526	43.693	43.834	43.641799999999996	43.9221	43.9257	43.8017	43.588	43.7786	43.5865	43.8555	43.6394	43.8652	43.72	43.755300000000005	43.6346	43.6142	43.7033	43.938	43.709399999999995	43.8116	43.7826	43.893	43.7337	43.923	43.7266	43.8228	43.7343	43.7731	43.727	43.8749	43.6866	43.8575	43.8544	43.8248	43.6776	43.7924	43.9384	43.7896	43.864999999999995	43.6449	43.749500000000005	43.9535	43.713499999999996	44.0354	43.8362	43.75	43.7188	43.9052	43.9614	43.918600000000005	43.8305	43.8617	44.006099999999996	43.9388	43.9477	43.9291	43.9176	44.0436	43.8689	43.8798	43.833299999999994	43.8526	44.000099999999996	43.961299999999994	44.0628	43.893100000000004	43.7677	43.7525	43.9566	43.9032	43.8032	43.9278	43.7963	44.150800000000004	43.969	43.936	44.0041	43.941900000000004	43.8833	43.8563	43.8685	43.9901	43.9098	44.0227	43.9478	43.9124	43.9228	43.8889	44.039699999999996	43.8479	43.9653	43.8273	44.0247	43.8642	44.107	43.8952	44.000299999999996	43.9213	44.055299999999995	43.9365	43.983	44.0522	43.7453
AeC01061_CKDL210012719-1a-5UDI301-AK10343_HF5TCDSX2_L1_clmp_r1r2_fastp	58.4272	41.9313	42.5181	41.3768	41.778999999999996	41.7645	40.6045	43.9332	44.1786	40.2342	47.4145	47.3617	45.0002	44.7072	44.4096	44.1235	44.4303	44.2573	44.3907	44.84	44.621	44.310300000000005	44.3305	43.6649	43.6632	43.5049	43.503	43.8669	44.158500000000004	43.9942	44.0774	43.9448	44.0865	43.8836	43.899300000000004	44.089800000000004	43.680099999999996	43.775	43.8032	43.7766	44.1316	43.7427	43.751400000000004	43.78	43.7832	43.8097	43.8545	43.8331	43.9777	43.7359	44.0988	44.008199999999995	43.8602	43.8073	43.8848	43.660700000000006	43.9627	43.7835	43.8555	43.8872	43.8735	43.8606	43.8245	43.808	43.9872	43.8602	43.8628	43.8322	43.9767	43.9334	44.0266	43.8427	43.8951	43.830799999999996	43.8756	43.897999999999996	43.9905	43.912600000000005	43.9602	43.985400000000006	43.952200000000005	43.899100000000004	43.980399999999996	44.1275	43.8812	43.9614	43.7845	43.9146	44.0024	43.9069	44.1297	43.9571	43.9398	43.9371	43.9807	44.0917	44.128099999999996	44.0147	44.024	44.1246	44.055299999999995	44.112	44.047	44.0829	44.1773	44.0071	44.0424	44.0225	44.0176	44.1335	44.188	44.194	44.114799999999995	43.9692	44.027699999999996	44.1843	44.089600000000004	44.0011	44.1249	44.025999999999996	44.1789	44.0847	44.0741	44.1521	44.169000000000004	43.993700000000004	44.100699999999996	43.9682	44.1373	44.0511	44.0719	44.0857	44.0325	44.0618	44.075399999999995	44.1351	44.0463	44.1244	44.0157	44.0865	43.978699999999996	44.1987	44.0137	44.1278	44.0723	44.1662	43.9839	44.184	44.0627	43.8804
AeC01062_CKDL210012719-1a-AK7758-AK10343_HF5TCDSX2_L1_clmp_r1r2_fastp	58.182900000000004	41.760000000000005	42.3926	41.1074	41.5039	41.6565	40.3392	43.8118	44.1474	39.960499999999996	47.3393	47.2386	44.8099	44.5588	44.1857	43.9745	44.241	43.9141	44.261	44.5157	44.427499999999995	44.0567	44.245400000000004	43.5563	43.534099999999995	43.2898	43.3936	43.6865	43.8361	43.7946	43.9038	43.7056	43.9029	43.6912	43.7458	43.8496	43.4646	43.5238	43.5813	43.585	43.8508	43.5659	43.5627	43.6196	43.594300000000004	43.6003	43.6085	43.5967	43.781	43.627500000000005	43.9291	43.8214	43.6814	43.6456	43.6118	43.5544	43.7327	43.565599999999996	43.7068	43.6814	43.7007	43.6945	43.645	43.6408	43.7668	43.631	43.6722	43.6499	43.809	43.7835	43.8777	43.682500000000005	43.7878	43.6432	43.7533	43.6766	43.7981	43.7386	43.8234	43.8169	43.8215	43.7166	43.7716	43.8693	43.7119	43.705	43.6296	43.725500000000004	43.791799999999995	43.670500000000004	43.947199999999995	43.749300000000005	43.8444	43.7905	43.8207	43.8804	43.9511	43.7756	43.7996	43.869	43.8266	43.8943	43.927899999999994	43.953399999999995	43.916	43.919399999999996	43.8703	43.9006	43.8147	43.9564	43.943	44.0394	43.8594	43.8671	43.8332	43.9625	43.994699999999995	43.9236	43.9125	43.9009	44.0198	43.9394	43.8865	43.9167	43.8695	43.9176	43.932	43.8465	43.9019	43.8747	43.9268	43.9452	43.8791	43.9101	43.904900000000005	43.9401	43.891799999999996	43.9133	43.8542	43.8459	43.8819	43.9492	44.0332	43.905100000000004	43.8587	44.0227	43.8027	43.9862	43.8445	43.7302
AeC01063_CKDL210012719-1a-AK7078-AK10343_HF5TCDSX2_L1_clmp_r1r2_fastp	58.9836	42.1873	43.293	41.9013	42.2115	42.337	40.9649	44.6253	44.8561	40.5205	48.2986	47.903800000000004	45.2756	45.2898	44.8565	44.6869	45.0125	44.451299999999996	44.9042	45.2137	45.0411	44.7208	45.0454	44.1021	44.3674	43.977	44.1059	44.3675	44.5645	44.5353	44.4711	44.464999999999996	44.7756	44.309	44.4564	44.5981	44.2347	44.237	44.2423	44.230199999999996	44.6883	44.2796	44.425799999999995	44.5379	44.3195	44.3501	44.4195	44.3046	44.4223	44.2799	44.6819	44.5196	44.3223	44.3707	44.3684	44.3977	44.4627	44.224999999999994	44.4164	44.4567	44.4743	44.435900000000004	44.3202	44.346999999999994	44.5185	44.3382	44.4102	44.371300000000005	44.4944	44.5245	44.5717	44.3811	44.4704	44.389	44.5058	44.4624	44.5285	44.4182	44.4608	44.5222	44.459700000000005	44.4233	44.3361	44.3977	44.3599	44.375	44.3856	44.3621	44.489200000000004	44.405699999999996	44.626	44.4289	44.4587	44.4236	44.6055	44.399499999999996	44.579800000000006	44.5626	44.6349	44.5578	44.6126	44.4596	44.609300000000005	44.5407	44.5199	44.7645	44.4948	44.6109	44.5893	44.5451	44.614599999999996	44.5306	44.6296	44.5252	44.5445	44.649699999999996	44.57	44.6143	44.616499999999995	44.4161	44.589600000000004	44.5623	44.4434	44.635999999999996	44.5626	44.573299999999996	44.5768	44.455600000000004	44.589800000000004	44.5465	44.5886	44.516099999999994	44.588699999999996	44.5997	44.4608	44.548300000000005	44.5327	44.3801	44.474799999999995	44.449600000000004	44.4932	44.527	44.6262	44.546	44.646	44.7222	44.440000000000005	44.5205	44.569900000000004	44.2662
AeC01064_CKDL210012719-1a-AK9143-AK10343_HF5TCDSX2_L1_clmp_r1r2_fastp	58.545199999999994	42.620400000000004	42.7383	41.3945	42.0344	42.1552	40.9601	44.0718	44.3255	40.4613	47.5582	47.498400000000004	45.2453	44.939299999999996	44.647	44.3476	44.715500000000006	44.4187	44.5766	44.9175	44.7252	44.4092	44.4352	43.809799999999996	43.8145	43.5587	43.5996	43.898900000000005	44.2481	43.992799999999995	44.116499999999995	43.9911	44.1543	43.9746	43.9688	44.1539	43.7947	43.8129	43.891799999999996	43.7595	44.1565	43.8102	43.8422	43.8662	43.823299999999996	43.777899999999995	43.938500000000005	43.8726	43.9959	43.8478	44.1861	44.1202	43.9301	43.843199999999996	43.8883	43.8268	43.991	43.866	43.969	43.8988	43.9406	43.919000000000004	43.883100000000006	43.873	44.1201	43.8692	43.9733	43.8769	43.9777	43.9643	44.1581	43.9927	44.0049	43.7989	44.0599	43.8959	43.996	43.9634	43.9991	44.0343	44.0985	43.9569	44.0197	44.1085	44.0351	44.0749	43.8822	43.9482	44.0629	43.9326	44.2583	44.0599	44.0551	44.0171	44.1204	44.1125	44.188300000000005	44.0283	44.0782	44.2434	44.0644	44.1397	44.1615	44.216	44.1949	44.1563	44.0805	44.066100000000006	44.1375	44.1983	44.193599999999996	44.1976	44.1726	44.0501	44.134499999999996	44.2108	44.2415	44.0999	44.190400000000004	44.056400000000004	44.378	44.1329	44.130399999999995	44.1721	44.1548	44.2201	44.1509	44.1778	44.1879	44.163000000000004	44.2278	44.091	44.1667	44.115500000000004	44.128499999999995	44.176	44.15	44.108399999999996	44.0955	44.2036	44.0526	44.231500000000004	44.189499999999995	44.1772	44.1204	44.230399999999996	44.1796	44.228699999999996	44.2609	43.9966
AeC01065_CKDL210012719-1a-5UDI225-AK10343_HF5TCDSX2_L1_clmp_r1r2_fastp	57.2754	44.8658	41.9236	41.4942	42.3643	42.2606	41.2258	43.8594	43.8632	40.9344	46.8264	46.8989	45.2968	44.9293	44.6242	44.4048	44.731700000000004	44.3162	44.405	44.8969	44.6138	44.2952	44.4298	43.9275	43.8817	43.6858	43.6299	43.7715	44.095	43.9614	44.0157	44.006699999999995	44.1185	43.9998	44.0982	44.11	43.845600000000005	43.8042	43.875	43.797599999999996	44.2326	43.862	43.806400000000004	43.8761	43.8599	43.8826	43.9927	43.820100000000004	44.0124	43.8941	44.160700000000006	44.0909	44.0374	43.8966	43.917699999999996	43.849900000000005	43.9821	43.8343	43.9985	43.989	43.9699	43.9531	43.8696	43.8258	44.1133	43.880599999999994	43.9984	43.9354	44.0436	44.074200000000005	44.156600000000005	43.9028	44.1614	43.9584	44.0156	43.9922	44.0623	44.0384	44.0718	44.0589	44.1996	43.959199999999996	44.1319	44.0791	44.1191	44.1235	43.9625	43.8947	44.1064	43.9368	44.2276	44.078	44.0574	44.102799999999995	44.1207	44.1641	44.2046	44.1404	44.0302	44.2242	44.1393	44.11	44.1514	44.1577	44.1755	44.2163	44.1318	44.0876	44.122299999999996	44.2065	44.1515	44.2408	44.266299999999994	44.1138	44.0736	44.2758	44.1957	44.135799999999996	44.2528	44.0576	44.277300000000004	44.1865	44.0916	44.1683	44.2003	44.2292	44.2025	44.0765	44.2732	44.1341	44.2228	44.1627	44.1948	44.1848	44.1247	44.167699999999996	44.2821	44.1381	44.107	44.2049	44.1276	44.3212	44.2462	44.1539	44.304100000000005	44.2931	44.1444	44.16	44.1647	44.060300000000005
AeC01066_CKDL210012719-1a-AK9144-AK10343_HF5TCDSX2_L1_clmp_r1r2_fastp	58.221599999999995	43.8841	42.1855	41.3236	42.0918	42.148799999999994	40.8652	43.985	44.1325	40.456900000000005	47.0394	47.307500000000005	45.150400000000005	44.9311	44.603300000000004	44.351	44.6098	44.342	44.4962	44.8418	44.6554	44.339099999999995	44.418600000000005	43.8494	43.7731	43.6334	43.5743	43.830200000000005	44.0462	43.900800000000004	44.1373	43.9748	44.1495	43.9639	44.0085	44.1289	43.7838	43.812	43.8572	43.7927	44.1641	43.7727	43.8921	43.9046	43.7778	43.858000000000004	43.8685	43.8834	43.979600000000005	43.8623	44.1361	44.0118	43.9619	43.88	43.954	43.776199999999996	43.9681	43.697399999999995	43.9883	43.9569	43.8995	43.8894	43.863600000000005	43.8281	44.1034	43.9769	43.9697	43.9547	44.0818	43.998599999999996	44.1114	43.9064	44.034600000000005	43.8824	43.961299999999994	43.9423	44.033699999999996	44.0126	43.9972	44.060100000000006	44.061699999999995	43.876799999999996	44.0751	44.1039	44.026199999999996	44.0011	43.8429	43.9702	44.1308	43.9882	44.2102	44.0936	44.0159	43.952799999999996	44.1073	44.1459	44.1573	44.1591	44.061099999999996	44.2057	44.1303	44.0695	44.0774	44.1569	44.1675	44.0769	44.0957	44.07	44.1644	44.190400000000004	44.1248	44.2117	44.149899999999995	44.073499999999996	44.086	44.1858	44.1945	43.990899999999996	44.2	44.0621	44.2646	44.170500000000004	44.1394	44.1492	44.1912	44.079499999999996	44.1634	44.0878	44.2406	44.1268	44.1503	44.1336	44.1682	44.1224	44.0621	44.1954	44.1122	44.1368	44.0559	44.1333	44.0906	44.3392	44.160199999999996	44.1712	44.1539	44.2258	44.101	44.175	44.2499	43.9199
AeC01067_CKDL210012719-1a-AK3911-AK10343_HF5TCDSX2_L1_clmp_r1r2_fastp	57.63589999999999	42.8399	41.9701	41.2435	41.6677	41.672	40.378	43.6248	43.952799999999996	40.2783	46.8523	47.086600000000004	44.952799999999996	44.5843	44.235600000000005	43.972699999999996	44.268299999999996	43.951299999999996	44.2527	44.5886	44.4725	44.189099999999996	44.2199	43.613800000000005	43.5777	43.3296	43.3522	43.6867	43.9163	43.743300000000005	43.9418	43.8052	43.9185	43.7369	43.7466	43.824000000000005	43.5021	43.5491	43.5963	43.6214	43.925399999999996	43.6109	43.6685	43.6189	43.665	43.5755	43.6614	43.617	43.743700000000004	43.5995	43.905100000000004	43.8587	43.7621	43.613600000000005	43.757600000000004	43.5391	43.7784	43.6032	43.7392	43.7087	43.721	43.731500000000004	43.643	43.6989	43.8465	43.6643	43.6917	43.7209	43.7853	43.6749	43.8176	43.7197	43.7698	43.6781	43.7133	43.7085	43.8167	43.6725	43.8067	43.8157	43.8263	43.7498	43.7742	43.8371	43.8187	43.7252	43.5842	43.7253	43.8213	43.702600000000004	43.9362	43.9007	43.7245	43.6917	43.8367	43.8968	43.868	43.7724	43.863600000000005	43.9233	43.8631	43.9018	43.8525	43.9141	43.9429	43.7811	43.8169	43.831199999999995	43.8265	43.8927	43.9374	43.9502	43.9505	43.8568	43.8705	43.9711	43.844100000000005	43.851800000000004	43.9308	43.7522	44.0561	43.8606	43.821799999999996	43.931599999999996	43.8898	43.8348	43.816100000000006	43.7778	43.8851	43.8632	43.8558	43.8353	43.8611	43.8422	43.782	43.894	43.8975	43.8598	43.7855	43.8827	43.887100000000004	43.932900000000004	43.9039	43.898900000000005	43.8078	43.973	43.8422	43.9131	43.918099999999995	43.6358
AeC01068_CKDL210012719-1a-5UDI245-AK10343_HF5TCDSX2_L1_clmp_r1r2_fastp	58.3523	41.9856	42.748999999999995	41.340500000000006	41.8067	41.910399999999996	40.7504	44.0984	44.2862	40.248	47.6214	47.5193	45.0582	44.8128	44.4706	44.2175	44.5944	44.2307	44.5052	44.9246	44.5744	44.413399999999996	44.4227	43.7791	43.708200000000005	43.4573	43.6012	43.8859	44.1346	44.0157	44.1238	43.923	44.0991	44.0106	43.9556	44.074799999999996	43.6798	43.7466	43.7067	43.8624	44.1414	43.7369	43.8559	43.845	43.8405	43.791000000000004	43.8468	43.8531	43.9538	43.7688	44.102999999999994	44.0594	43.8677	43.8052	43.8688	43.693	43.9724	43.6753	43.9314	43.9294	43.854	43.873400000000004	43.822100000000006	43.811699999999995	43.9964	43.8665	43.907000000000004	43.8692	44.0376	43.9161	44.1177	43.8696	43.971199999999996	43.848	43.990899999999996	43.8888	44.0554	43.9572	44.102000000000004	44.0246	44.0231	43.9308	43.9836	44.0768	43.9802	43.995	43.852999999999994	43.97	44.0583	43.8243	44.1662	44.007200000000005	43.9236	43.922200000000004	43.9845	44.0576	44.1303	44.0259	44.065	44.1869	44.089600000000004	44.134499999999996	44.122499999999995	44.0837	44.2084	44.051	44.0454	44.0561	44.0571	44.128	44.1546	44.195299999999996	44.1306	44.0391	44.0679	44.173	44.1363	44.0152	44.1458	44.0296	44.283899999999996	44.076100000000004	44.0654	44.1985	44.082	44.117200000000004	44.1318	44.0672	44.1554	44.1073	44.1261	44.1186	44.081399999999995	44.069900000000004	44.0892	44.1003	44.1423	44.1315	44.009	44.086999999999996	44.040600000000005	44.1743	44.116	44.1388	44.1663	44.1994	44.0845	44.1745	44.068200000000004	43.8247
AeC01069_CKDL210012719-1a-AK8593-AK10343_HF5TCDSX2_L1_clmp_r1r2_fastp	58.3685	41.5906	42.774	41.1852	41.6187	41.741299999999995	40.5522	44.0156	44.306	39.909299999999995	47.801	47.5332	44.8784	44.6556	44.2531	44.0396	44.3531	44.0914	44.303399999999996	44.6917	44.4485	44.1791	44.2322	43.5987	43.4902	43.2763	43.406	43.7337	43.9211	43.8508	43.9	43.8488	43.9357	43.696	43.757400000000004	43.8215	43.492399999999996	43.588	43.6049	43.689099999999996	43.9705	43.627700000000004	43.6603	43.641999999999996	43.6359	43.6556	43.6928	43.655	43.8215	43.6475	44.001200000000004	43.8537	43.7496	43.5962	43.7012	43.592999999999996	43.7423	43.5572	43.771	43.76	43.6972	43.7129	43.682300000000005	43.684	43.8635	43.7533	43.6533	43.7462	43.830400000000004	43.810300000000005	43.9879	43.7053	43.7944	43.7194	43.8402	43.7318	43.8796	43.7449	43.8737	43.8952	43.9608	43.7142	43.9227	43.8955	43.804	43.7917	43.6425	43.7258	43.8692	43.7662	44.0176	43.8508	43.8227	43.8205	43.837199999999996	43.972	43.947599999999994	43.8817	43.8895	43.9272	43.901	43.9989	43.906600000000005	43.9352	44.021	43.9144	43.8838	43.919999999999995	44.0232	44.0177	44.0344	44.0252	44.007600000000004	43.9094	43.9211	44.0593	43.971900000000005	43.908	43.9408	43.884699999999995	44.0774	43.965199999999996	44.001400000000004	43.9514	43.9707	43.926500000000004	43.9827	43.9166	44.0631	43.9537	43.9561	43.9916	43.9137	43.9881	43.9591	43.952200000000005	43.931599999999996	43.910199999999996	43.8694	43.9704	43.9644	43.9773	44.0097	43.9869	44.0628	43.9535	43.9655	43.9782	43.9752	43.6575
AeC01070_CKDL210012719-1a-5UDI294-AK4236_HF5TCDSX2_L1_clmp_r1r2_fastp	58.795500000000004	41.6081	42.688199999999995	41.1417	41.5713	41.5647	40.4551	43.908199999999994	44.0653	39.9424	47.586600000000004	47.3663	44.811099999999996	44.5409	44.212	43.919999999999995	44.3258	44.0146	44.2077	44.6659	44.4155	44.1667	44.1454	43.5886	43.479800000000004	43.2811	43.3472	43.667899999999996	43.9521	43.7969	43.8788	43.7801	43.8546	43.7056	43.6676	43.789899999999996	43.4433	43.5238	43.5807	43.6025	43.9209	43.491800000000005	43.6481	43.608999999999995	43.5841	43.5785	43.6587	43.601800000000004	43.7938	43.6337	43.8549	43.8908	43.6205	43.5842	43.6873	43.512299999999996	43.7594	43.5652	43.7638	43.6395	43.7156	43.654199999999996	43.5784	43.6272	43.7891	43.6479	43.6648	43.6635	43.7701	43.7456	43.9075	43.680600000000005	43.7645	43.6107	43.802400000000006	43.5906	43.8172	43.696600000000004	43.7896	43.8102	43.8155	43.7305	43.8015	43.8609	43.776399999999995	43.7881	43.5861	43.675799999999995	43.8472	43.678	44.0052	43.764900000000004	43.7444	43.718	43.7647	43.8992	43.9369	43.778299999999994	43.8	43.9301	43.8731	43.91	43.9465	43.931599999999996	43.9556	43.8872	43.8581	43.8369	43.8962	43.9459	44.0495	43.9412	43.8859	43.8517	43.871700000000004	43.974000000000004	43.929899999999996	43.7678	43.965700000000005	43.8269	44.1113	43.8891	43.8324	43.9941	43.859700000000004	43.845	43.9505	43.8662	43.9456	43.93	43.947199999999995	43.8886	43.9208	43.8567	43.9108	43.9821	43.9546	43.9092	43.804500000000004	43.9535	43.8504	43.980799999999995	43.9845	43.9467	43.9012	43.9794	43.9103	43.9851	43.9437	43.706
AeC01071_CKDL210012719-1a-AK9146-AK4236_HF5TCDSX2_L1_clmp_r1r2_fastp	58.3398	41.917300000000004	42.0743	41.172799999999995	41.545	41.5105	40.2928	43.647999999999996	43.7817	40.0875	47.1561	46.989999999999995	44.7073	44.4754	44.028800000000004	43.879000000000005	44.1874	43.8599	44.1571	44.428	44.2967	44.0194	44.108999999999995	43.4429	43.514199999999995	43.217800000000004	43.297200000000004	43.6037	43.8431	43.6788	43.8573	43.699	43.8099	43.6695	43.6575	43.79	43.4367	43.4989	43.508	43.526900000000005	43.8316	43.5193	43.565	43.603500000000004	43.5643	43.5396	43.5706	43.5205	43.691	43.5138	43.819900000000004	43.7352	43.6565	43.4963	43.6	43.519600000000004	43.6244	43.5037	43.6738	43.6135	43.5905	43.588100000000004	43.547999999999995	43.6187	43.8011	43.5724	43.654199999999996	43.5727	43.7355	43.6928	43.764399999999995	43.6181	43.745400000000004	43.5993	43.6624	43.6504	43.7455	43.6377	43.7569	43.7182	43.7851	43.6479	43.7328	43.8054	43.741600000000005	43.6999	43.5287	43.593900000000005	43.745200000000004	43.637	43.9175	43.7528	43.7331	43.6764	43.7743	43.8349	43.8696	43.7821	43.7477	43.866699999999994	43.8452	43.8455	43.856	43.8596	43.9127	43.8198	43.8023	43.786	43.805	43.9108	43.8613	43.973099999999995	43.8983	43.7944	43.7984	43.9682	43.8767	43.7929	43.8889	43.7073	44.0704	43.8587	43.8054	43.937	43.8935	43.8494	43.8848	43.829299999999996	43.8698	43.844	43.8654	43.8804	43.8413	43.855199999999996	43.8786	43.954100000000004	43.845800000000004	43.8216	43.7926	43.8697	43.857600000000005	43.959399999999995	43.9406	43.9354	43.911	43.9862	43.830000000000005	43.952200000000005	43.9147	43.6408
AeC01072_CKDL210012719-1a-AK5577-AK4236_HF5TCDSX2_L1_clmp_r1r2_fastp	58.909800000000004	41.937000000000005	42.9281	41.4962	42.0242	41.8951	40.7583	44.176700000000004	44.3257	40.285199999999996	47.7483	47.6806	45.1521	44.845600000000005	44.5664	44.295899999999996	44.6063	44.3866	44.5315	45.0353	44.7356	44.482699999999994	44.4213	43.7737	43.7491	43.5566	43.6965	44.0162	44.2787	44.039	44.277100000000004	44.0306	44.1934	44.0045	43.9831	44.1267	43.802099999999996	43.8277	43.9193	43.8575	44.2675	43.759100000000004	43.9273	43.9036	43.8647	43.8973	44.0137	43.858200000000004	44.0799	43.8297	44.1998	44.1416	44.0045	43.8069	44.0349	43.772299999999994	44.0587	43.832100000000004	44.0227	43.9958	43.939299999999996	43.940400000000004	43.845600000000005	43.8958	44.1002	43.9213	43.9519	43.9903	44.0588	44.0079	44.1373	43.9245	44.028600000000004	43.9215	43.973	43.926700000000004	44.0602	43.933	44.0488	44.0119	44.0901	43.8899	44.0147	44.128299999999996	44.0208	44.062	43.8491	43.908500000000004	44.1091	43.8558	44.1999	44.0237	43.977500000000006	43.934	44.0507	44.1611	44.150600000000004	44.0631	44.032700000000006	44.224799999999995	44.1149	44.1222	44.1325	44.0762	44.2506	44.0912	44.0255	44.0439	44.0626	44.230000000000004	44.1845	44.2571	44.121500000000005	44.0326	44.0894	44.155699999999996	44.1792	43.9311	44.1622	43.981500000000004	44.386700000000005	44.1494	44.108000000000004	44.1472	44.0558	44.1376	44.1711	44.0237	44.1994	44.114799999999995	44.1236	44.2059	44.109300000000005	44.0573	44.1317	44.14	44.1589	44.168099999999995	44.069399999999995	44.224799999999995	44.1341	44.2715	44.1633	44.1646	44.0931	44.2585	44.1795	44.2595	44.2274	43.8974
AeC01073_CKDL210012719-1a-5UDI301-AK4234_HF5TCDSX2_L1_clmp_r1r2_fastp	58.4238	42.053000000000004	41.9953	40.866400000000006	41.3541	41.3915	40.031499999999994	43.283	43.635400000000004	39.8313	46.5815	46.72	44.5272	44.1199	43.908199999999994	43.5006	43.8687	43.6504	43.8952	44.207499999999996	44.0934	43.805	43.7633	43.1479	43.099399999999996	42.8659	43.0062	43.1589	43.5488	43.2679	43.4857	43.3255	43.486599999999996	43.3231	43.2871	43.3823	43.0215	43.0484	43.1639	43.1616	43.4975	43.1022	43.2359	43.1625	43.1616	43.1728	43.2303	43.1162	43.3285	43.0699	43.4312	43.455	43.2402	43.1364	43.201	43.0753	43.3249	43.056400000000004	43.2642	43.2448	43.2549	43.2171	43.146699999999996	43.1766	43.3861	43.1952	43.222899999999996	43.2658	43.3344	43.2727	43.3875	43.181000000000004	43.3603	43.202400000000004	43.2819	43.228	43.3686	43.215599999999995	43.399300000000004	43.349900000000005	43.4381	43.243500000000004	43.3872	43.414500000000004	43.3288	43.3604	43.2236	43.2199	43.4288	43.233	43.4921	43.4334	43.294	43.2735	43.397000000000006	43.4125	43.5222	43.3413	43.3709	43.471399999999996	43.444	43.479299999999995	43.4822	43.4879	43.5523	43.451699999999995	43.411899999999996	43.342999999999996	43.464999999999996	43.4633	43.5412	43.5639	43.4996	43.412	43.4298	43.548700000000004	43.5307	43.4067	43.5049	43.3702	43.6693	43.4767	43.4484	43.5177	43.4887	43.484899999999996	43.5841	43.4009	43.5336	43.4277	43.414	43.4981	43.5095	43.4098	43.5155	43.5884	43.4744	43.5726	43.377700000000004	43.5672	43.4477	43.623400000000004	43.5227	43.533	43.5004	43.6084	43.5409	43.6109	43.5641	43.2963
AeC01074_CKDL210012719-1a-AK7758-AK4234_HF5TCDSX2_L1_clmp_r1r2_fastp	58.2032	43.1235	42.0742	41.205799999999996	41.8008	41.7311	40.4488	43.6391	44.001400000000004	40.3042	46.7001	46.9461	44.9348	44.533	44.1651	43.941900000000004	44.1969	43.9563	44.1588	44.6041	44.3598	44.1672	44.135799999999996	43.528299999999994	43.5298	43.282900000000005	43.2791	43.6073	43.9048	43.6879	43.8868	43.728699999999996	43.9028	43.736000000000004	43.668800000000005	43.789699999999996	43.4527	43.469	43.5871	43.4544	43.9018	43.518499999999996	43.5506	43.568200000000004	43.5463	43.485	43.5708	43.5563	43.7478	43.5299	43.836999999999996	43.7687	43.6436	43.491	43.6077	43.4795	43.6404	43.4745	43.6509	43.6051	43.600699999999996	43.6039	43.5736	43.5573	43.7981	43.5885	43.6458	43.648900000000005	43.7635	43.6311	43.8442	43.6267	43.7473	43.5659	43.696600000000004	43.6255	43.7557	43.6304	43.7196	43.723299999999995	43.758399999999995	43.6353	43.7254	43.8176	43.7108	43.7647	43.5041	43.6168	43.7886	43.6735	43.9158	43.7917	43.7001	43.694100000000006	43.778	43.8095	43.8978	43.7573	43.716699999999996	43.897999999999996	43.8207	43.8472	43.884699999999995	43.8496	43.8746	43.8056	43.8225	43.790800000000004	43.8189	43.8537	43.8698	43.8836	43.8801	43.7606	43.8051	43.8909	43.8909	43.7528	43.9364	43.743900000000004	44.0297	43.8631	43.8074	43.9006	43.856899999999996	43.8681	43.8872	43.802	43.9803	43.8205	43.924	43.8777	43.8541	43.852000000000004	43.8829	43.9415	43.8219	43.8757	43.746	43.8996	43.859700000000004	43.938500000000005	43.8746	43.8836	43.9135	44.0395	43.899	43.9418	43.981700000000004	43.7902
AeC01075_CKDL210012719-1a-AK7078-AK4234_HF5TCDSX2_L1_clmp_r1r2_fastp	58.7021	41.591499999999996	42.4018	41.0204	41.4762	41.4176	40.164899999999996	43.674099999999996	43.830799999999996	39.768100000000004	47.3708	47.051500000000004	44.6609	44.3378	43.9953	43.8106	44.0933	43.818400000000004	44.0542	44.351	44.210300000000004	43.9141	43.9771	43.3226	43.3424	43.0649	43.1747	43.473299999999995	43.6663	43.6359	43.6921	43.5892	43.6684	43.538199999999996	43.5371	43.6258	43.2639	43.3822	43.439299999999996	43.378	43.7064	43.3607	43.4769	43.4994	43.400800000000004	43.382	43.4873	43.4002	43.5627	43.438700000000004	43.6926	43.6212	43.5141	43.3842	43.4812	43.339800000000004	43.5099	43.358799999999995	43.4983	43.5024	43.494699999999995	43.4475	43.4019	43.4375	43.6233	43.4824	43.467299999999994	43.5216	43.6029	43.525000000000006	43.7276	43.4841	43.591499999999996	43.461800000000004	43.5647	43.4843	43.6039	43.4689	43.583800000000004	43.5927	43.697599999999994	43.5457	43.6479	43.6498	43.5822	43.5261	43.4435	43.478699999999996	43.6652	43.5355	43.7318	43.6247	43.6081	43.547000000000004	43.655899999999995	43.6881	43.6993	43.6721	43.6353	43.7144	43.6655	43.7307	43.7415	43.6847	43.778299999999994	43.6896	43.687	43.6309	43.677	43.769999999999996	43.7955	43.7891	43.7753	43.642199999999995	43.768299999999996	43.7496	43.7813	43.6872	43.6879	43.6255	43.9012	43.789899999999996	43.6873	43.7958	43.777100000000004	43.7422	43.725500000000004	43.7511	43.7448	43.6854	43.7813	43.7799	43.6819	43.8077	43.7467	43.7475	43.7305	43.723	43.715199999999996	43.729800000000004	43.7009	43.8229	43.7809	43.784600000000005	43.7397	43.837900000000005	43.7973	43.850699999999996	43.7556	43.5403
AeC01076_CKDL210012719-1a-AK9143-AK4234_HF5TCDSX2_L1_clmp_r1r2_fastp	58.9639	41.5657	42.6144	41.0224	41.5409	41.5937	40.507799999999996	43.7481	44.0145	39.968599999999995	47.4986	47.232400000000005	44.7362	44.457	44.1496	43.8568	44.258399999999995	43.9792	44.191399999999994	44.5822	44.2884	44.0782	44.1046	43.4062	43.3918	43.1569	43.2192	43.5409	43.768	43.6334	43.782	43.5892	43.7333	43.592999999999996	43.586000000000006	43.7023	43.3921	43.4035	43.4837	43.485099999999996	43.7479	43.4231	43.5254	43.4701	43.4593	43.452	43.5035	43.478899999999996	43.6374	43.4331	43.7911	43.6794	43.5629	43.4332	43.5255	43.3858	43.6284	43.347	43.6074	43.5539	43.5805	43.5197	43.4568	43.4363	43.6812	43.479099999999995	43.56	43.540800000000004	43.660399999999996	43.6067	43.7443	43.5979	43.6426	43.4805	43.6406	43.553799999999995	43.6365	43.5961	43.6323	43.6792	43.6757	43.579499999999996	43.642900000000004	43.683699999999995	43.676700000000004	43.6444	43.452200000000005	43.582100000000004	43.6668	43.5419	43.835800000000006	43.6965	43.680099999999996	43.6306	43.6369	43.742799999999995	43.783100000000005	43.6848	43.660399999999996	43.8251	43.699	43.789	43.7267	43.761100000000006	43.8288	43.7326	43.6828	43.6443	43.7933	43.7753	43.8144	43.9308	43.8042	43.719	43.7734	43.8791	43.7808	43.745200000000004	43.7983	43.7239	43.931	43.7911	43.7952	43.831199999999995	43.8132	43.7721	43.8135	43.773	43.8638	43.8039	43.845099999999995	43.7939	43.8058	43.8315	43.8022	43.8916	43.8203	43.8332	43.736399999999996	43.851	43.811299999999996	43.9514	43.7774	43.8885	43.8603	43.8988	43.8187	43.8875	43.8735	43.6361
AeC01077_CKDL210012719-1a-5UDI225-AK4234_HF5TCDSX2_L1_clmp_r1r2_fastp	58.4907	43.0431	42.1987	41.1962	41.774	41.7505	40.468199999999996	43.446400000000004	43.8185	40.2333	46.756	46.9213	44.9511	44.589800000000004	44.185900000000004	44.0257	44.258199999999995	44.0004	44.1658	44.5352	44.352999999999994	44.1183	44.1237	43.4749	43.5079	43.2533	43.221399999999996	43.500299999999996	43.7856	43.6875	43.783899999999996	43.6862	43.7975	43.632	43.6149	43.762299999999996	43.3938	43.439499999999995	43.4806	43.4491	43.810500000000005	43.4623	43.486399999999996	43.4354	43.4143	43.5031	43.5494	43.5319	43.6884	43.5629	43.7688	43.713499999999996	43.646499999999996	43.4971	43.5289	43.5096	43.6113	43.4072	43.5755	43.6025	43.5975	43.5911	43.4797	43.4774	43.7146	43.499300000000005	43.5866	43.5436	43.6725	43.576100000000004	43.725500000000004	43.608999999999995	43.6659	43.5056	43.612	43.568400000000004	43.7175	43.532700000000006	43.717600000000004	43.629	43.729800000000004	43.5221	43.7194	43.6986	43.6605	43.6711	43.4905	43.5885	43.688300000000005	43.6023	43.837199999999996	43.742	43.655300000000004	43.5981	43.7303	43.723600000000005	43.7752	43.7185	43.7091	43.7942	43.7696	43.8299	43.7661	43.8229	43.727700000000006	43.8041	43.6888	43.6947	43.7059	43.7557	43.787	43.8476	43.8231	43.771	43.801	43.8349	43.765	43.7496	43.825199999999995	43.6263	43.9446	43.7492	43.7541	43.7979	43.813	43.7738	43.802400000000006	43.7468	43.8744	43.728899999999996	43.8594	43.8168	43.7792	43.7667	43.769000000000005	43.8899	43.8187	43.837900000000005	43.6762	43.858799999999995	43.7278	43.8872	43.8407	43.8486	43.8348	43.8926	43.744499999999995	43.8483	43.8951	43.5924
AeC01078_CKDL210012719-1a-AK9144-AK4234_HF5TCDSX2_L1_clmp_r1r2_fastp	58.4764	42.7739	42.161500000000004	41.0623	41.7669	41.6746	40.555	43.7479	43.9036	40.205400000000004	47.1075	46.9662	44.9093	44.5844	44.2415	44.0463	44.3052	43.9776	44.1644	44.5452	44.3474	44.0986	44.026700000000005	43.504799999999996	43.5018	43.2823	43.3209	43.5336	43.8469	43.6813	43.824000000000005	43.7195	43.8172	43.6302	43.6884	43.7686	43.5157	43.4544	43.5648	43.498	43.9056	43.4878	43.5589	43.5853	43.485800000000005	43.5199	43.6109	43.5578	43.7179	43.5829	43.8676	43.7382	43.6972	43.5392	43.593199999999996	43.5391	43.694300000000005	43.4941	43.7241	43.5882	43.622	43.6033	43.5852	43.5644	43.7751	43.5635	43.6495	43.6389	43.7223	43.6406	43.8226	43.5919	43.7164	43.6353	43.697900000000004	43.641600000000004	43.758399999999995	43.6462	43.7348	43.8014	43.7943	43.6421	43.7893	43.7254	43.693799999999996	43.7216	43.5509	43.601299999999995	43.7657	43.660700000000006	43.8748	43.7975	43.7348	43.6461	43.7556	43.8534	43.8332	43.7457	43.688	43.8435	43.8213	43.847	43.8203	43.861	43.825399999999995	43.8136	43.834	43.7733	43.8121	43.8405	43.8403	43.9155	43.8736	43.776199999999996	43.8164	43.987500000000004	43.873200000000004	43.8462	43.857	43.737700000000004	43.9609	43.8598	43.7768	43.879400000000004	43.9443	43.779	43.8704	43.845600000000005	43.9351	43.797799999999995	43.9114	43.8603	43.8299	43.862899999999996	43.8522	43.870599999999996	43.9007	43.8027	43.7513	43.9104	43.8378	43.938500000000005	43.8807	43.8994	43.9238	43.9778	43.797799999999995	43.9255	43.9094	43.6291
AeC01079_CKDL210012719-1a-AK3911-AK4234_HF5TCDSX2_L1_clmp_r1r2_fastp	58.4	41.842800000000004	42.304700000000004	40.9118	41.477399999999996	41.4257	40.2534	43.6214	43.872	39.9165	47.082499999999996	46.9416	44.6317	44.3348	44.039	43.7629	44.049899999999994	43.8176	44.0457	44.3654	44.1783	43.8776	43.9564	43.3429	43.3102	43.0927	43.1239	43.4072	43.716100000000004	43.558099999999996	43.673	43.5336	43.6237	43.5287	43.5031	43.5766	43.2929	43.3336	43.3925	43.3684	43.7211	43.3758	43.4311	43.4351	43.3385	43.440200000000004	43.4486	43.3758	43.5258	43.3938	43.648900000000005	43.6032	43.481500000000004	43.400800000000004	43.4682	43.2893	43.4931	43.350699999999996	43.536500000000004	43.5169	43.529	43.429899999999996	43.4101	43.3822	43.6003	43.4084	43.4506	43.4355	43.5877	43.4943	43.6426	43.4628	43.5678	43.4458	43.5352	43.445699999999995	43.6059	43.5232	43.588100000000004	43.5734	43.6855	43.4964	43.5858	43.600100000000005	43.600899999999996	43.5254	43.410399999999996	43.4742	43.5805	43.4675	43.7825	43.6269	43.519600000000004	43.5557	43.6029	43.6918	43.689299999999996	43.5506	43.5902	43.6973	43.658500000000004	43.690200000000004	43.6892	43.651	43.749	43.7029	43.662800000000004	43.6612	43.655300000000004	43.7194	43.743700000000004	43.7772	43.7525	43.6175	43.6724	43.78	43.7588	43.708200000000005	43.7506	43.5591	43.865300000000005	43.6712	43.6518	43.7472	43.7516	43.705	43.6734	43.6787	43.7269	43.7073	43.688	43.7151	43.6719	43.682500000000005	43.7371	43.7826	43.7065	43.6728	43.6307	43.735099999999996	43.6993	43.7751	43.8132	43.7712	43.7279	43.833299999999994	43.6755	43.838100000000004	43.7717	43.4823
AeC01080_CKDL210012719-1a-5UDI245-AK4234_HF5TCDSX2_L1_clmp_r1r2_fastp	58.4619	41.9878	42.3653	41.1289	41.652	41.5364	40.3155	43.689099999999996	43.9199	39.9563	47.160999999999994	47.0363	44.745200000000004	44.4113	44.1145	43.8959	44.1592	43.8926	44.1151	44.4549	44.2672	43.9672	44.032700000000006	43.4214	43.359500000000004	43.0799	43.198100000000004	43.5002	43.7333	43.614000000000004	43.7688	43.608200000000004	43.7397	43.533100000000005	43.5639	43.6649	43.3663	43.404900000000005	43.463	43.4423	43.7874	43.405899999999995	43.509	43.4955	43.4284	43.4425	43.4633	43.4944	43.6496	43.4247	43.7282	43.6873	43.5522	43.441	43.4494	43.397999999999996	43.546800000000005	43.4007	43.5755	43.552600000000005	43.5887	43.561299999999996	43.4946	43.4804	43.6822	43.5095	43.501400000000004	43.5085	43.6601	43.5396	43.7271	43.5325	43.661	43.4845	43.604	43.5651	43.6114	43.5628	43.6548	43.6365	43.7131	43.533899999999996	43.6247	43.7208	43.6193	43.6026	43.4762	43.5402	43.7422	43.5561	43.824000000000005	43.7016	43.6168	43.5982	43.681799999999996	43.7282	43.7805	43.6196	43.6663	43.7915	43.7259	43.7701	43.7637	43.7482	43.813	43.7114	43.6905	43.723800000000004	43.7735	43.7666	43.8433	43.8632	43.7941	43.7063	43.7615	43.8603	43.7808	43.7393	43.8741	43.6875	43.951	43.7986	43.7304	43.8607	43.7795	43.7937	43.789899999999996	43.741600000000005	43.795	43.7955	43.811499999999995	43.824400000000004	43.7385	43.7748	43.81	43.8264	43.798500000000004	43.7743	43.6565	43.7945	43.7087	43.9133	43.804	43.8523	43.8017	43.9589	43.7508	43.9742	43.8742	43.6315
AeC01081_CKDL210012719-1a-AK8593-AK4234_HF5TCDSX2_L1_clmp_r1r2_fastp	58.614900000000006	42.1366	42.0603	41.2615	41.6017	41.4594	40.2298	43.5287	43.7051	40.0602	47.0473	46.868500000000004	44.6259	44.2953	44.0006	43.838100000000004	44.0764	43.8377	44.0027	44.352399999999996	44.221500000000006	43.984899999999996	43.991400000000006	43.3741	43.394800000000004	43.1657	43.2016	43.4927	43.7569	43.6179	43.7337	43.6134	43.7622	43.5828	43.6038	43.675399999999996	43.3872	43.4335	43.4538	43.4474	43.7858	43.4468	43.5261	43.580799999999996	43.4913	43.4803	43.547000000000004	43.4358	43.6165	43.5148	43.7367	43.717600000000004	43.5876	43.4362	43.5776	43.4132	43.5871	43.4496	43.6099	43.537	43.5486	43.5869	43.4985	43.5582	43.711299999999994	43.5165	43.5749	43.568400000000004	43.6663	43.5867	43.7346	43.6015	43.6072	43.5274	43.6318	43.5484	43.668099999999995	43.5695	43.654199999999996	43.69	43.6892	43.557	43.709399999999995	43.7062	43.6128	43.6419	43.5296	43.5767	43.731700000000004	43.5557	43.8172	43.758399999999995	43.6657	43.6543	43.7132	43.776399999999995	43.7823	43.7521	43.7031	43.798500000000004	43.774499999999996	43.802400000000006	43.7799	43.7722	43.8418	43.7588	43.7479	43.7408	43.7697	43.796800000000005	43.844	43.8825	43.8347	43.7658	43.778299999999994	43.8114	43.851	43.7679	43.8179	43.735600000000005	43.9486	43.8248	43.7656	43.8409	43.8301	43.7977	43.8448	43.8141	43.8826	43.749	43.8601	43.8814	43.771300000000004	43.8624	43.8382	43.8963	43.8291	43.804300000000005	43.7639	43.857	43.7755	43.9223	43.8567	43.8953	43.8638	43.9746	43.811299999999996	43.926300000000005	43.833	43.5828
AeC01082_CKDL210012719-1a-5UDI294-AK10343_HF5TCDSX2_L1_clmp_r1r2_fastp	58.7386	42.0436	42.5845	41.3574	41.4225	41.4852	40.2534	43.7336	44.0797	40.1119	47.4074	47.267399999999995	44.8059	44.5659	44.1649	43.9703	44.2875	43.960300000000004	44.2956	44.5494	44.3957	44.2112	44.1404	43.5223	43.4805	43.3448	43.3613	43.7667	43.925	43.8282	43.9733	43.7413	43.973800000000004	43.802600000000005	43.7432	43.8306	43.5753	43.5919	43.6914	43.6652	43.9896	43.655899999999995	43.6304	43.5661	43.6453	43.5969	43.7259	43.6572	43.8129	43.6349	43.9938	43.8902	43.7477	43.6623	43.662099999999995	43.5473	43.8125	43.573	43.7429	43.7089	43.786199999999994	43.7624	43.650800000000004	43.6566	43.9433	43.7394	43.7674	43.7995	43.864799999999995	43.8125	43.9208	43.6927	43.907000000000004	43.6911	43.810300000000005	43.7071	43.783100000000005	43.7226	43.856899999999996	43.8753	43.8728	43.7867	43.8756	43.9221	43.784099999999995	43.872299999999996	43.7166	43.6917	43.9088	43.7794	43.9814	43.8649	43.8286	43.8376	43.8949	43.977500000000006	43.9352	43.9273	43.9	44.0253	43.9648	43.941	43.945499999999996	43.9426	43.9521	43.8591	43.8728	43.8828	43.9249	43.9734	44.0886	44.0909	43.927	43.843900000000005	43.8711	43.9972	43.956	43.9525	44.052400000000006	43.821799999999996	44.1641	44.0073	43.9149	44.0241	43.9629	43.9962	43.9865	43.8801	43.9872	44.0035	44.0066	44.0203	43.9566	43.9867	43.9292	43.9916	43.887	43.9818	43.872	43.9348	43.9319	44.027100000000004	43.9361	44.0275	43.9818	44.0846	43.932300000000005	43.9626	44.0178	43.757200000000005
AeC01083_CKDL210012719-1a-AK9146-AK10343_HF5TCDSX2_L1_clmp_r1r2_fastp	57.9063	41.2549	41.9193	40.3906	40.9262	41.0591	39.907	43.088300000000004	43.5706	39.5619	46.974199999999996	46.738099999999996	44.4477	44.1563	43.7064	43.4218	43.9409	43.583	43.9582	44.0716	43.9172	43.782199999999996	43.657000000000004	43.094300000000004	43.0634	42.6888	42.981700000000004	43.2686	43.4566	43.4821	43.5351	43.4333	43.3805	43.347	43.4017	43.3555	42.948	43.094500000000004	43.1068	43.1526	43.4178	43.3422	43.581199999999995	43.3207	43.4286	43.2904	43.235	43.3541	43.338100000000004	43.281	43.4066	43.3123	43.255900000000004	43.3135	43.2491	43.3589	43.2571	43.2254	43.3622	43.2313	43.335499999999996	43.204	43.2564	43.2809	43.3865	43.1819	43.190400000000004	43.2261	43.3915	43.364200000000004	43.5092	43.519200000000005	43.2724	43.3983	43.3769	43.4029	43.4296	43.424	43.4675	43.4324	43.1903	43.2536	43.369099999999996	43.3522	43.4153	43.330200000000005	43.3226	43.4432	43.4512	43.3465	43.4	43.2277	43.5785	43.2793	43.3934	43.3575	43.4463	43.400499999999994	43.5217	43.4593	43.435	43.4572	43.5263	43.6539	43.5964	43.5801	43.4001	43.4839	43.4873	43.5006	43.5575	43.3918	43.4434	43.5556	43.5462	43.6029	43.502	43.573299999999996	43.559599999999996	43.6198	43.5313	43.4706	43.2602	43.3716	43.3554	43.4036	43.4855	43.4531	43.350899999999996	43.709199999999996	43.4355	43.6377	43.5285	43.3802	43.5214	43.471900000000005	43.4238	43.7166	43.377300000000005	43.6	43.4843	43.491	43.5836	43.5699	43.5655	43.7336	43.4743	43.5904	43.3032	43.3519
AeC01084_CKDL210012719-1a-AK5577-AK10343_HF5TCDSX2_L1_clmp_r1r2_fastp	59.3816	41.4152	43.0205	41.6443	41.2851	41.3375	40.1914	43.725	44.1193	40.0034	47.6371	47.4465	44.7632	44.4673	44.11	43.9191	44.2965	43.9496	44.2393	44.587700000000005	44.3898	44.2241	44.2517	43.4852	43.5443	43.2568	43.4294	43.7199	43.9786	43.8346	44.065	43.740899999999996	43.9446	43.7248	43.7226	43.8745	43.4593	43.634	43.625	43.7254	44.0139	43.5864	43.693599999999996	43.654900000000005	43.6081	43.6029	43.7057	43.7107	43.8937	43.6985	43.9427	43.8751	43.7379	43.5965	43.7046	43.5214	43.796600000000005	43.5858	43.8032	43.810500000000005	43.777899999999995	43.759	43.599700000000006	43.6353	43.8972	43.7215	43.7266	43.7288	43.842	43.7647	43.9007	43.730799999999995	43.769000000000005	43.576100000000004	43.7186	43.715399999999995	43.835499999999996	43.723299999999995	43.8278	43.823	43.908500000000004	43.772299999999994	43.847500000000004	43.8568	43.7641	43.756699999999995	43.7037	43.6808	43.845600000000005	43.789699999999996	44.0085	43.8176	43.7975	43.762699999999995	43.8154	43.9014	43.9494	43.8272	43.8647	44.0099	43.8662	43.955	43.9364	43.8701	44.0234	43.871900000000004	43.8366	43.8243	43.9233	43.9994	44.0396	44.075399999999995	43.8793	43.876	43.8429	43.9734	43.906800000000004	43.8392	43.9498	43.8112	44.1333	43.885600000000004	43.8538	43.9821	43.8898	43.8812	43.8243	43.8232	43.8473	43.9048	43.9446	43.9444	43.8326	43.9221	43.9103	43.8938	43.832	43.858200000000004	43.7612	43.9216	43.8598	43.978	43.943599999999996	43.940200000000004	43.9253	44.020900000000005	43.7742	43.948100000000004	43.9332	43.5927
AeC01085_CKDL210012719-1a-5UDI301-GD06_HF5TCDSX2_L1_clmp_r1r2_fastp	58.8467	42.5204	42.1616	41.612500000000004	41.8889	41.7432	40.501	43.830400000000004	44.1518	40.3434	47.1799	47.225699999999996	45.0049	44.6713	44.3508	44.108000000000004	44.3887	44.0594	44.3014	44.656800000000004	44.5433	44.213	44.4169	43.6868	43.8144	43.4846	43.5104	43.8137	43.9917	43.9286	44.0685	43.91	44.0724	43.900800000000004	43.884699999999995	44.022099999999995	43.5809	43.658	43.7047	43.6809	44.0604	43.7479	43.7492	43.791000000000004	43.7667	43.7294	43.799	43.7091	43.9275	43.7808	44.0257	43.959900000000005	43.8561	43.709199999999996	43.7794	43.745200000000004	43.8834	43.7415	43.8386	43.8438	43.8525	43.871	43.829299999999996	43.755500000000005	44.003	43.7533	43.831199999999995	43.8278	43.926300000000005	43.8977	44.0173	43.8341	43.9847	43.8331	43.9768	43.852999999999994	43.9447	43.8817	43.9154	44.0094	44.0403	43.8691	43.965199999999996	44.0135	43.9491	43.9633	43.7874	43.8212	43.9878	43.9076	44.1734	43.9922	43.9647	43.9776	43.967099999999995	44.0703	44.1471	43.9822	44.004599999999996	44.112	44.0579	44.1122	44.0552	44.099	44.1243	44.1	44.072	44.0409	44.0565	44.1211	44.1751	44.1439	44.1377	44.100699999999996	44.1105	44.1809	44.0919	44.086999999999996	44.133	44.0024	44.2567	44.1276	44.0721	44.195	44.1401	44.1785	44.111200000000004	44.1159	44.170700000000004	44.0993	44.168600000000005	44.1518	44.1505	44.182300000000005	44.1525	44.1945	44.1251	44.1096	44.0566	44.1469	44.1417	44.2094	44.210899999999995	44.2334	44.149300000000004	44.2163	44.1055	44.224999999999994	44.17	43.933299999999996
AeC01086_CKDL210012719-1a-AK7758-GD06_HF5TCDSX2_L1_clmp_r1r2_fastp	58.4086	42.6981	42.2306	41.214600000000004	41.8763	41.752	40.6227	43.830200000000005	44.1205	40.3847	47.0588	47.1776	44.9751	44.6569	44.3314	44.1241	44.3561	44.1531	44.3992	44.766099999999994	44.5719	44.2305	44.3386	43.6929	43.6106	43.3482	43.4315	43.7635	44.045899999999996	43.835800000000006	43.974000000000004	43.9056	43.9992	43.8467	43.770399999999995	43.980399999999996	43.622	43.6369	43.710300000000004	43.7186	44.060100000000006	43.675999999999995	43.707	43.743700000000004	43.6771	43.7124	43.783300000000004	43.7434	43.899100000000004	43.688700000000004	43.965900000000005	43.940200000000004	43.823299999999996	43.6977	43.7243	43.6305	43.851099999999995	43.6247	43.851800000000004	43.796	43.768499999999996	43.768299999999996	43.7394	43.7149	43.9048	43.7261	43.792500000000004	43.8217	43.88	43.8147	44.0032	43.771300000000004	43.8762	43.7136	43.872499999999995	43.801899999999996	43.923899999999996	43.8273	43.9002	43.9077	43.9214	43.791999999999994	43.8814	43.9825	43.8264	43.8669	43.6952	43.7986	43.9662	43.8169	44.0912	43.957499999999996	43.8676	43.8461	43.9016	43.9948	44.0522	43.952400000000004	43.926300000000005	44.0422	43.9352	44.026399999999995	44.0876	44.0302	44.1056	43.9434	43.9152	43.9489	43.9894	44.0687	44.1014	44.108799999999995	44.0107	43.9166	44.015100000000004	44.028600000000004	44.0436	43.9814	44.0567	43.9075	44.174600000000005	44.0148	44.0229	44.0649	44.0811	43.9486	44.0563	43.943	44.0321	44.0319	44.019999999999996	44.013400000000004	44.0	43.9751	43.9848	44.0743	44.0647	44.0454	43.9292	43.997	43.9708	44.1108	44.0797	44.0834	43.9478	44.1803	44.025	44.160700000000006	44.0907	43.8179
AeC01087_CKDL210012719-1a-AK7078-GD06_HF5TCDSX2_L1_clmp_r1r2_fastp	58.424600000000005	41.8558	41.9967	40.923700000000004	41.4638	41.3072	40.233999999999995	43.6946	43.9969	40.062799999999996	47.1979	46.9993	44.6368	44.4189	44.0224	43.8622	44.1252	43.8273	44.148700000000005	44.3983	44.2852	44.0428	44.0973	43.3544	43.4356	43.1803	43.1996	43.5554	43.7928	43.7137	43.8048	43.7052	43.8022	43.616	43.6537	43.6854	43.4403	43.4781	43.4978	43.4669	43.8074	43.4698	43.504799999999996	43.5244	43.4905	43.520900000000005	43.587900000000005	43.5268	43.6654	43.5637	43.8378	43.776900000000005	43.6083	43.4981	43.559799999999996	43.456	43.666	43.4753	43.6588	43.621500000000005	43.656299999999995	43.641000000000005	43.5326	43.6104	43.7007	43.600699999999996	43.624	43.6197	43.7647	43.7162	43.812	43.6791	43.6994	43.525000000000006	43.7072	43.607800000000005	43.7873	43.6044	43.7648	43.71	43.812400000000004	43.6334	43.7266	43.776700000000005	43.667	43.716899999999995	43.5769	43.6177	43.8132	43.6659	43.8512	43.7469	43.738	43.667899999999996	43.7761	43.7269	43.8928	43.782	43.7476	43.8964	43.7566	43.8543	43.812	43.811499999999995	43.873400000000004	43.8088	43.8332	43.782399999999996	43.8444	43.865500000000004	43.897000000000006	43.883100000000006	43.8805	43.782	43.7861	43.9685	43.845	43.7893	43.849700000000006	43.6814	44.0224	43.7618	43.788199999999996	43.8705	43.8315	43.8549	43.8818	43.783300000000004	43.9356	43.7462	43.851099999999995	43.8503	43.8065	43.8906	43.8307	43.8435	43.8665	43.8342	43.7686	43.8223	43.811099999999996	43.9311	43.89	43.9024	43.8402	43.9672	43.7852	43.8807	43.908199999999994	43.6125
AeC01088_CKDL210012719-1a-AK9143-GD06_HF5TCDSX2_L1_clmp_r1r2_fastp	58.4398	42.7181	42.2925	41.1883	41.9556	41.7586	40.7008	44.0133	44.184400000000004	40.586800000000004	47.2444	47.2495	45.1128	44.7665	44.447399999999995	44.174400000000006	44.4364	44.2877	44.407999999999994	44.8232	44.596999999999994	44.3602	44.3689	43.7357	43.7325	43.5106	43.5443	43.784099999999995	44.1145	43.9444	44.0477	43.954	44.076100000000004	43.910900000000005	43.886199999999995	44.065599999999996	43.6986	43.6942	43.7706	43.7511	44.1107	43.7496	43.7598	43.7879	43.7466	43.7598	43.850899999999996	43.7962	43.973800000000004	43.7655	44.060700000000004	44.0722	43.928200000000004	43.82	43.8799	43.6967	43.9211	43.7696	43.913999999999994	43.8834	43.8859	43.8599	43.7477	43.7953	44.0662	43.7894	43.9131	43.9108	43.967299999999994	43.8802	44.100699999999996	43.8249	43.999300000000005	43.8523	44.000299999999996	43.8375	44.006699999999995	43.9075	43.9615	44.005300000000005	44.020199999999996	43.8041	43.9576	44.0496	44.007600000000004	43.9752	43.7962	43.8928	44.0678	43.8418	44.181599999999996	43.9765	43.9212	43.93	43.9272	44.1013	44.0554	43.9793	43.9714	44.1373	44.0488	44.114	44.1191	44.102599999999995	44.1856	44.0506	43.9959	43.9429	44.0705	44.1349	44.1	44.210100000000004	44.0868	44.002	44.0106	44.1888	44.0933	43.979800000000004	44.136900000000004	43.8963	44.312200000000004	44.146	44.1135	44.12	44.0618	44.0576	44.1235	44.075900000000004	44.0998	44.1039	44.1326	44.1254	44.0529	44.0902	44.123000000000005	44.1233	44.1056	44.0693	44.0246	44.087900000000005	44.0492	44.2077	44.1297	44.1092	44.114799999999995	44.1716	44.1338	44.1246	44.197399999999995	43.8936
AeC01089_CKDL210012719-1a-5UDI225-GD06_HF5TCDSX2_L1_clmp_r1r2_fastp	58.611999999999995	42.159	42.5717	41.1945	41.7427	41.7374	40.5271	43.7628	44.1483	40.2331	47.2827	47.245	44.973600000000005	44.6452	44.339600000000004	44.023	44.3795	44.095800000000004	44.3541	44.6799	44.5137	44.2089	44.2461	43.6395	43.6005	43.3933	43.3491	43.7326	44.005100000000006	43.858999999999995	44.0128	43.8305	43.981500000000004	43.8063	43.822100000000006	43.9268	43.5315	43.6164	43.6533	43.6731	44.0175	43.6318	43.6935	43.6426	43.6532	43.684400000000004	43.711	43.6574	43.8827	43.6109	43.951	43.951	43.7785	43.6337	43.7578	43.538900000000005	43.8181	43.6041	43.7823	43.7313	43.7734	43.783100000000005	43.6921	43.7257	43.8627	43.6866	43.8091	43.7254	43.9189	43.773	43.9224	43.7359	43.8729	43.7067	43.8145	43.7286	43.9098	43.7211	43.8276	43.835	43.9271	43.7133	43.888	43.912	43.874	43.8789	43.6922	43.7798	43.9411	43.7622	44.0791	43.854	43.8137	43.8035	43.8997	43.938	44.0177	43.8424	43.876799999999996	43.963	43.9164	43.9627	43.9785	43.9588	44.0455	43.879200000000004	43.9714	43.8788	43.9093	43.9847	43.993300000000005	44.0758	43.9535	43.8998	43.9024	44.032700000000006	44.0137	43.8429	44.0096	43.8269	44.1041	44.0186	43.9164	44.000499999999995	43.992399999999996	43.985400000000006	43.945499999999996	43.946400000000004	44.0127	43.9527	43.9143	43.9929	43.9489	43.929899999999996	43.953900000000004	44.0189	43.965199999999996	43.9497	43.8417	44.0088	43.959199999999996	44.0796	44.0236	44.0124	43.953900000000004	44.0293	43.9331	44.0217	44.0865	43.7077
AeC01090_CKDL210012719-1a-AK9144-GD06_HF5TCDSX2_L1_clmp_r1r2_fastp	58.57170000000001	42.4397	41.637	41.455	41.6486	41.4527	40.0357	43.424	43.8573	40.226800000000004	46.8974	46.9116	44.8438	44.393	44.0686	43.804500000000004	44.0718	43.830000000000005	44.0585	44.446600000000004	44.3767	44.0521	44.1049	43.444500000000005	43.5522	43.2462	43.2443	43.6101	43.8429	43.7145	43.9023	43.683899999999994	43.8587	43.7359	43.6564	43.770399999999995	43.4231	43.5047	43.512299999999996	43.5224	43.9063	43.4985	43.5492	43.6348	43.5265	43.5326	43.6189	43.580600000000004	43.7144	43.5878	43.8351	43.750699999999995	43.6584	43.4915	43.6317	43.4973	43.701299999999996	43.5373	43.6899	43.596000000000004	43.6772	43.666199999999996	43.561499999999995	43.628499999999995	43.7506	43.6247	43.6262	43.6367	43.7145	43.7108	43.832	43.6441	43.759	43.6142	43.6965	43.6529	43.7181	43.678200000000004	43.764199999999995	43.8193	43.7556	43.6903	43.7494	43.8217	43.7258	43.7757	43.5641	43.6502	43.8228	43.6556	43.9212	43.8193	43.7188	43.7144	43.8212	43.7765	43.931	43.728899999999996	43.791000000000004	43.8764	43.8738	43.858999999999995	43.811099999999996	43.898399999999995	43.9249	43.829	43.7851	43.8058	43.8123	43.9029	43.8898	43.9645	43.9276	43.7926	43.833299999999994	43.9958	43.8448	43.8157	43.8534	43.7534	44.0112	43.8793	43.783300000000004	43.8351	43.878099999999996	43.8616	43.8824	43.836000000000006	43.8778	43.7872	43.878499999999995	43.8299	43.8375	43.8695	43.894	43.8738	43.869	43.8527	43.8088	43.845	43.8005	43.999300000000005	43.9062	43.8994	43.9559	44.006099999999996	43.8315	43.8757	43.895	43.6661
AeC01091_CKDL210012719-1a-AK3911-GD06_HF5TCDSX2_L1_clmp_r1r2_fastp	59.7229	41.477599999999995	43.4116	41.6672	41.4044	41.484300000000005	40.3547	43.6996	44.0395	39.9534	47.5097	47.306	44.6478	44.3405	44.1124	43.8068	44.2094	44.0176	44.2588	44.6212	44.4248	44.1924	44.2523	43.4905	43.5655	43.2894	43.4516	43.74	43.9839	43.9332	44.055499999999995	43.8068	43.9063	43.7144	43.7986	43.812400000000004	43.4826	43.6581	43.6616	43.6828	43.9584	43.6177	43.6481	43.6724	43.615300000000005	43.5362	43.7074	43.5544	43.8154	43.6908	43.9759	43.7828	43.674	43.621300000000005	43.7012	43.5279	43.822100000000006	43.5582	43.7766	43.716300000000004	43.7747	43.7401	43.6552	43.6732	43.844300000000004	43.6691	43.7449	43.683499999999995	43.8101	43.8174	43.8889	43.696200000000005	43.7765	43.6117	43.7765	43.7237	43.8327	43.7748	43.8761	43.844699999999996	43.904399999999995	43.7655	43.793	43.877	43.758	43.7752	43.652499999999996	43.7547	43.8285	43.761	44.0498	43.88	43.8678	43.796400000000006	43.8225	43.9148	43.947199999999995	43.812400000000004	43.8317	44.0	43.9255	43.9688	43.879400000000004	43.9072	43.9754	43.911	43.8594	43.851	43.8728	43.9857	44.0376	44.0396	43.967	43.9496	43.8801	43.9551	43.9334	43.9331	43.9073	43.848	44.1218	43.986399999999996	43.9406	43.944100000000006	43.9012	43.919000000000004	43.933699999999995	43.8608	43.8927	43.9141	43.9236	43.9701	43.899300000000004	43.934400000000004	43.9315	43.9537	43.9026	43.8692	43.8339	43.9398	43.888	44.0298	44.0008	43.9621	43.9571	43.9741	43.876	43.9429	43.9289	43.6262
AeC01092_CKDL210012719-1a-5UDI245-GD06_HF5TCDSX2_L1_clmp_r1r2_fastp	58.308800000000005	42.5426	42.2564	41.424	41.8201	41.7194	40.5159	43.8886	44.0972	40.407	47.2635	47.1545	44.9381	44.6327	44.3117	44.0927	44.3774	44.116	44.365500000000004	44.767	44.485400000000006	44.2789	44.2214	43.6583	43.6319	43.411100000000005	43.4627	43.7834	44.0885	43.8532	44.055299999999995	43.8406	43.9829	43.8234	43.7641	44.0238	43.613099999999996	43.6761	43.7388	43.7155	44.0643	43.6584	43.6914	43.7455	43.7259	43.6703	43.7578	43.7518	43.9124	43.7045	44.0022	43.9746	43.869	43.6866	43.816100000000006	43.650099999999995	43.8916	43.6497	43.8265	43.8452	43.8067	43.8014	43.7461	43.698	43.9424	43.7944	43.8016	43.832100000000004	43.8938	43.8402	43.9821	43.830799999999996	43.9688	43.7585	43.8425	43.8429	43.9819	43.822	43.898900000000005	43.9919	43.963	43.7986	43.8529	44.039699999999996	43.884299999999996	43.863400000000006	43.6948	43.8378	43.953399999999995	43.816	44.118	43.9173	43.865300000000005	43.8815	43.9101	44.0462	44.0558	43.9006	43.912600000000005	44.0788	44.0169	44.009100000000004	44.000499999999995	44.0027	44.135799999999996	43.9739	43.9612	43.9526	43.9754	44.0393	44.0677	44.1438	44.0546	43.870799999999996	43.989	44.1022	44.0645	43.927	44.0433	43.9152	44.2461	44.0405	43.9891	44.0289	44.0289	44.013200000000005	44.0493	43.9704	44.1068	44.0032	44.0522	44.0315	44.0583	44.0206	44.0188	44.061499999999995	44.0006	44.0585	43.8859	44.0756	43.985	44.130900000000004	44.0638	44.0042	44.0164	44.089600000000004	43.987700000000004	44.079499999999996	44.1306	43.823499999999996
AeC01094_CKDL210012719-1a-5UDI294-AK4234_HF5TCDSX2_L1_clmp_r1r2_fastp	58.629799999999996	41.8564	42.381099999999996	41.0051	41.4689	41.4176	40.3239	43.674600000000005	43.904399999999995	39.8526	47.2236	46.9553	44.5861	44.309	44.063	43.722899999999996	44.0966	43.777899999999995	44.0417	44.3494	44.190200000000004	43.9104	43.9542	43.3226	43.3971	43.016	43.1522	43.4219	43.6789	43.534	43.6565	43.5119	43.7145	43.4872	43.490899999999996	43.5875	43.2046	43.3437	43.3637	43.364999999999995	43.661899999999996	43.3198	43.4418	43.416399999999996	43.3546	43.397200000000005	43.4089	43.3935	43.521300000000004	43.3971	43.634299999999996	43.5739	43.4094	43.3774	43.405100000000004	43.2836	43.4982	43.3288	43.493900000000004	43.495400000000004	43.4413	43.4989	43.4143	43.4215	43.6051	43.445	43.4816	43.483	43.5669	43.4814	43.6322	43.4834	43.5869	43.416199999999996	43.5376	43.4732	43.633	43.4981	43.5649	43.5952	43.611	43.5059	43.6226	43.6353	43.5633	43.573	43.396	43.5338	43.662800000000004	43.4915	43.759100000000004	43.662600000000005	43.5248	43.5531	43.6112	43.709900000000005	43.7206	43.6077	43.616899999999994	43.6768	43.6478	43.6796	43.7023	43.715399999999995	43.7072	43.7262	43.673899999999996	43.6209	43.6728	43.7607	43.703900000000004	43.769400000000005	43.775999999999996	43.6093	43.7006	43.8153	43.735600000000005	43.7146	43.7594	43.6111	43.932500000000005	43.6594	43.6852	43.7676	43.7537	43.7194	43.7792	43.7156	43.743500000000004	43.6986	43.717600000000004	43.7121	43.7342	43.6723	43.7175	43.7672	43.750299999999996	43.696	43.7049	43.7078	43.7319	43.8382	43.7828	43.8203	43.7886	43.7845	43.7527	43.786199999999994	43.7775	43.5488
AeC01095_CKDL210012719-1a-AK9146-AK4234_HF5TCDSX2_L1_clmp_r1r2_fastp	58.7529	41.3039	42.648799999999994	40.9636	41.337	41.4404	40.3255	43.7457	44.017	39.7059	47.5011	47.191300000000005	44.5241	44.2842	44.047399999999996	43.724000000000004	44.038	43.728699999999996	44.040800000000004	44.3255	44.1632	43.919000000000004	43.9825	43.3303	43.2823	43.1182	43.1349	43.479299999999995	43.6869	43.5921	43.6674	43.5077	43.6886	43.4837	43.5314	43.6034	43.2042	43.3228	43.3358	43.3917	43.6967	43.3663	43.4137	43.4769	43.3817	43.391999999999996	43.4204	43.3725	43.5143	43.4428	43.6751	43.5837	43.4317	43.3583	43.447599999999994	43.350300000000004	43.5075	43.3153	43.4822	43.491600000000005	43.5071	43.4668	43.4034	43.4161	43.5962	43.4458	43.5182	43.4853	43.5481	43.5114	43.6361	43.4788	43.5779	43.467	43.5257	43.507400000000004	43.5709	43.4784	43.5758	43.6511	43.594	43.5297	43.5889	43.5995	43.6098	43.5242	43.4394	43.518299999999996	43.6048	43.5179	43.7596	43.6514	43.5933	43.5258	43.6318	43.6527	43.7316	43.592999999999996	43.5771	43.687599999999996	43.667899999999996	43.7481	43.650800000000004	43.7254	43.7069	43.667899999999996	43.6374	43.615700000000004	43.6762	43.7008	43.7498	43.770900000000005	43.7504	43.614999999999995	43.669999999999995	43.7557	43.7247	43.621500000000005	43.741600000000005	43.594300000000004	43.8318	43.6793	43.6643	43.6908	43.7628	43.6763	43.6985	43.6578	43.735800000000005	43.663999999999994	43.694100000000006	43.7197	43.690200000000004	43.716300000000004	43.715199999999996	43.695699999999995	43.744699999999995	43.6969	43.6413	43.7023	43.713	43.804300000000005	43.791799999999995	43.7667	43.7168	43.7905	43.6634	43.808	43.7516	43.4414
AeC01096_CKDL210012719-1a-AK5577-AK4234_HF5TCDSX2_L1_clmp_r1r2_fastp	58.849399999999996	41.469699999999996	42.7111	41.1289	41.5343	41.4919	40.3652	43.8607	44.0145	39.9448	47.482600000000005	47.228300000000004	44.6983	44.3949	44.1089	43.9206	44.1771	43.943599999999996	44.126	44.545	44.3095	44.028099999999995	44.1064	43.5043	43.513000000000005	43.204	43.339800000000004	43.6168	43.8759	43.7401	43.7616	43.7379	43.8483	43.5779	43.65	43.7295	43.5249	43.5121	43.579299999999996	43.5751	43.807	43.4549	43.4981	43.535000000000004	43.5158	43.4703	43.5925	43.5238	43.6749	43.5574	43.847	43.7095	43.6562	43.5491	43.6159	43.486399999999996	43.6674	43.474000000000004	43.6703	43.6374	43.5906	43.587199999999996	43.501	43.5364	43.745200000000004	43.5679	43.6056	43.5587	43.7251	43.731500000000004	43.762	43.648199999999996	43.675799999999995	43.5573	43.6733	43.581900000000005	43.782199999999996	43.6539	43.7429	43.7208	43.7656	43.568	43.7338	43.749300000000005	43.7286	43.6757	43.5221	43.6479	43.7667	43.6541	43.8665	43.7877	43.6813	43.7301	43.6712	43.7945	43.858599999999996	43.7564	43.7511	43.8637	43.7386	43.8522	43.7932	43.8089	43.8189	43.7727	43.7316	43.6794	43.7752	43.905699999999996	43.898199999999996	43.9401	43.9161	43.7741	43.7653	43.9463	43.8673	43.8574	43.825199999999995	43.7559	44.0242	43.8245	43.8616	43.9076	43.8213	43.825599999999994	43.8591	43.74	43.8643	43.8444	43.8278	43.905899999999995	43.7522	43.8764	43.7889	43.8686	43.8647	43.912099999999995	43.7809	43.8838	43.7979	44.016	43.8526	43.8663	43.8063	43.9454	43.8577	43.905100000000004	43.943799999999996	43.631
