Sample	1	2	3	4	5	6	7	8	9	10	11	12	13	14	15	16	17	18	19	20	21	22	23	24	25	26	27	28	29	30	31	32	33	34	35	36	37	38	39	40	41	42	43	44	45	46	47	48	49	50	51	52	53	54	55	56	57	58	59	60	61	62	63	64	65	66	67	68	69	70	71	72	73	74	75	76	77	78	79	80	81	82	83	84	85	86	87	88	89	90	91	92	93	94	95	96	97	98	99	100	101	102	103	104	105	106	107	108	109	110	111	112	113	114	115	116	117	118	119	120	121	122	123	124	125	126	127	128	129	130	131	132	133	134	135	136	137	138	139	140	141	142	143	144	145	146	147	148	149	150
AeA01001_CKDL210012719-1a-AK9141-7UDI214_HF5TCDSX2_L1_clmp_r1r2_fastp	55.2081	38.7941	41.2255	39.1034	38.9714	38.602399999999996	37.8243	40.48	40.402	37.5826	43.849700000000006	42.9751	40.840199999999996	40.248	40.2701	40.1773	40.522999999999996	40.5415	40.524300000000004	40.8527	40.556	40.5154	40.0483	39.876	39.57	39.5715	39.6913	39.9933	40.1995	40.0021	40.092299999999994	40.124700000000004	39.9838	39.799800000000005	39.780100000000004	39.969100000000005	39.7492	39.9853	39.8756	39.8565	40.017399999999995	39.5402	39.7827	39.689099999999996	39.6485	39.6515	39.6741	39.7533	39.8142	39.4878	39.722	39.872800000000005	39.7414	39.576699999999995	39.6785	39.6121	39.8422	39.6007	39.8748	39.661699999999996	39.6293	39.5377	39.543	39.7038	39.7651	39.6728	39.8157	39.9087	39.9216	39.8361	39.8109	39.767799999999994	39.834599999999995	39.6541	39.740199999999994	39.780300000000004	39.9172	39.7671	39.9593	39.7556	39.9518	39.7123	39.8893	40.0604	40.1679	39.9445	39.8119	40.0812	40.192899999999995	39.7557	40.2288	39.8982	39.8477	39.8978	39.8134	40.204699999999995	40.073100000000004	39.8922	39.9661	40.1278	39.946	39.9872	39.9465	39.9304	40.181400000000004	39.7208	39.7234	39.745200000000004	39.9166	40.1954	40.1111	40.197	39.937400000000004	39.7177	39.705600000000004	40.0764	39.8731	39.726800000000004	40.1071	39.9772	40.6362	40.0396	39.902	40.123999999999995	39.987899999999996	40.1765	39.9974	40.176	40.3756	40.3705	40.3482	40.3645	40.3039	40.1847	40.3814	40.511599999999994	40.5085	40.5818	40.3847	40.9068	40.3583	40.588	40.1001	40.4428	40.2412	40.813100000000006	41.1405	40.8919	41.0447	39.8621
AeA01002_CKDL210012719-1a-AK9141-AK4971_HF5TCDSX2_L1_clmp_r1r2_fastp	54.1391	39.297399999999996	41.2436	39.5717	39.1656	38.7813	37.973	40.5901	40.5433	37.9206	43.635200000000005	42.9232	40.9721	40.345	40.374300000000005	40.3437	40.6845	40.6687	40.738	41.052499999999995	40.8373	40.706900000000005	40.2614	40.102900000000005	39.7542	39.7316	39.896	40.1584	40.3982	40.2377	40.3182	40.3737	40.190799999999996	39.9754	40.045500000000004	40.200599999999994	40.025	40.2068	40.1438	40.130700000000004	40.2154	39.7935	39.961400000000005	39.915800000000004	39.9157	39.839400000000005	39.8985	39.9723	40.061600000000006	39.7162	39.893299999999996	40.1172	39.989999999999995	39.8081	39.8359	39.8339	40.028000000000006	39.8252	40.0235	39.836	39.8295	39.6481	39.6839	39.8748	39.9542	39.7495	39.9325	40.0586	40.074	39.9328	39.990700000000004	39.894600000000004	39.9155	39.6957	39.8226	39.795199999999994	39.9561	39.7827	39.9398	39.8423	39.9309	39.7343	39.8907	40.1078	40.1628	39.8772	39.7665	40.0943	40.111599999999996	39.7522	40.1843	39.8113	39.839400000000005	39.783699999999996	39.7832	40.1073	40.0642	39.8046	39.885999999999996	39.9894	39.9251	39.878099999999996	39.8268	39.792	40.1359	39.594699999999996	39.848800000000004	39.6958	39.9414	40.1544	39.9739	40.1218	39.8939	39.771699999999996	39.5861	40.0893	39.8396	39.728	40.0446	40.0182	40.4194	40.0724	39.744299999999996	39.9977	40.0463	40.1293	40.0281	40.089999999999996	40.4933	40.4148	40.3382	40.4264	40.3652	40.144800000000004	40.4307	40.5892	40.5525	40.6301	40.482800000000005	40.990700000000004	40.5257	40.9121	40.2363	40.5244	40.2406	41.037400000000005	41.0826	40.8596	41.2358	39.7072
AeA01003_CKDL210012719-1a-AK9141-AK1864_HF5TCDSX2_L1_clmp_r1r2_fastp	53.9882	39.4495	40.989399999999996	39.0831	38.980399999999996	38.4987	37.782199999999996	40.182	40.0129	37.7461	43.1459	42.497600000000006	40.664899999999996	40.1076	40.0323	40.0274	40.3386	40.3335	40.334399999999995	40.6136	40.4042	40.3435	39.9059	39.7543	39.4678	39.483000000000004	39.5477	39.818599999999996	40.0279	39.8679	39.9333	39.989000000000004	39.820699999999995	39.6918	39.665099999999995	39.852900000000005	39.641	39.821	39.7442	39.7354	39.846599999999995	39.4846	39.6614	39.5522	39.5428	39.533	39.5787	39.5954	39.717	39.4188	39.6095	39.7753	39.658	39.484399999999994	39.53	39.5191	39.7031	39.4621	39.762100000000004	39.4976	39.513	39.4374	39.4192	39.6135	39.665800000000004	39.577600000000004	39.6635	39.7485	39.7824	39.697700000000005	39.7371	39.652300000000004	39.7396	39.5318	39.6275	39.6886	39.7714	39.6763	39.8091	39.7634	39.8388	39.6751	39.7756	40.015699999999995	40.0822	39.8568	39.6866	39.9931	40.0582	39.6972	40.1081	39.8277	39.8082	39.7911	39.7652	40.1141	40.041700000000006	39.7502	39.895599999999995	39.9876	39.9332	39.9398	39.8383	39.800799999999995	40.0571	39.643499999999996	39.6657	39.7262	39.9243	40.0958	40.0886	40.1385	39.811600000000006	39.7057	39.708	39.9987	39.847100000000005	39.5367	40.0518	39.8519	40.4035	40.0839	39.8281	39.980199999999996	39.849000000000004	40.0954	39.9168	39.9934	40.294200000000004	40.2628	40.356700000000004	40.238800000000005	40.1967	40.0345	40.183400000000006	40.3999	40.361200000000004	40.4723	40.3003	40.7952	40.2146	40.577400000000004	40.0036	40.3394	40.1355	40.8063	41.0535	40.707300000000004	41.0578	39.7862
AeA01004_CKDL210012719-1a-AK9141-AK7558_HF5TCDSX2_L1_clmp_r1r2_fastp	53.0732	38.812999999999995	40.7103	38.920300000000005	38.6132	38.2787	37.480999999999995	39.7749	39.8624	37.5095	42.6112	42.0903	40.2349	39.7462	39.6316	39.5595	39.9106	39.8302	39.7962	40.251599999999996	40.0775	39.9307	39.455200000000005	39.4087	39.128	39.0223	39.3371	39.352199999999996	39.657599999999995	39.3928	39.5526	39.5673	39.4362	39.2042	39.2584	39.407599999999995	39.3041	39.289	39.2219	39.4909	39.4187	39.1688	39.2344	39.179700000000004	39.2188	39.1113	39.239200000000004	39.231700000000004	39.3633	39.1138	38.980399999999996	39.392500000000005	39.1442	39.0811	39.172000000000004	39.0253	39.4114	39.0809	39.2772	39.0967	39.085	39.1224	39.109500000000004	39.2939	39.2525	39.0932	39.322	39.3562	39.5298	39.2344	39.339800000000004	39.4047	39.3989	39.2892	39.275	39.4069	39.496199999999995	39.501	39.523399999999995	39.5404	39.469300000000004	39.347500000000004	39.4068	39.6723	39.6822	39.5907	39.3714	39.6854	39.6231	39.5341	39.9599	39.6962	39.8434	39.766200000000005	39.6878	40.2296	39.9472	39.6837	39.9498	40.041	39.9727	39.8293	39.95	39.6882	40.110099999999996	39.745799999999996	39.6488	39.8007	40.0801	40.3001	39.9236	40.4422	40.1383	39.800200000000004	40.3277	40.4006	40.023599999999995	39.9782	40.068799999999996	40.2956	40.556	40.3654	40.3493	40.452	40.3677	40.577000000000005	40.3417	40.4272	40.3494	40.536699999999996	40.510400000000004	40.8175	40.7387	40.2918	40.7346	40.6655	40.881	40.7968	40.625299999999996	41.0795	41.016200000000005	40.819	40.803	41.057700000000004	40.5989	41.0111	41.5507	41.0975	41.603699999999996	40.414899999999996
AeA01005_CKDL210012719-1a-AK9141-7UDI308_HF5TCDSX2_L1_clmp_r1r2_fastp	53.57039999999999	38.3076	40.3538	38.5099	38.418600000000005	38.0362	37.1506	39.6295	39.675	37.1725	42.692	42.1106	40.1841	39.537800000000004	39.6027	39.3181	39.8573	39.778200000000005	39.724	39.9628	39.8866	39.714	39.4327	39.1239	38.9435	38.7261	38.9542	39.1	39.4714	39.1878	39.3123	39.177099999999996	39.2158	38.7693	39.130199999999995	39.3006	39.0043	39.2117	38.9731	39.1525	39.1687	38.879799999999996	38.853	39.0616	38.988099999999996	38.8179	39.0065	39.1217	39.0877	39.0749	38.9104	39.0246	39.2131	38.685900000000004	38.8414	38.953700000000005	39.0057	38.7206	39.2438	38.8713	38.793	38.9046	38.8669	38.8797	39.1119	39.0458	39.1287	39.3495	39.0229	39.250299999999996	39.326699999999995	39.1808	39.077400000000004	39.217	39.3194	39.1793	39.507	39.3177	39.373999999999995	39.3609	39.3814	39.3548	39.447700000000005	39.5193	39.6486	39.6944	39.716699999999996	39.665800000000004	39.8477	39.740700000000004	39.9825	39.8547	39.8456	39.8848	39.6012	40.0239	39.9722	40.1172	40.038000000000004	40.143699999999995	40.0601	39.913900000000005	40.2804	39.890100000000004	40.2916	39.875699999999995	40.0123	40.0307	40.3547	40.5619	40.3969	40.3613	40.1791	40.4797	40.1817	40.7153	40.4968	40.276	40.5713	40.591	40.6439	40.9238	40.2187	40.5996	40.388200000000005	40.8095	40.4281	40.7256	41.0737	41.571000000000005	40.8346	41.1667	41.3476	41.1349	40.794599999999996	41.477000000000004	41.3167	41.2924	41.3104	41.3953	40.8042	41.6027	41.3973	40.8288	40.798	42.1285	41.999900000000004	41.139199999999995	42.167100000000005	41.6408
AeA01006_CKDL210012719-1a-AK9141-AK2587_HF5TCDSX2_L1_clmp_r1r2_fastp	56.174800000000005	39.9486	42.294599999999996	40.554	40.1746	39.7096	38.9567	41.728500000000004	41.408	38.7699	44.9911	44.0846	41.978500000000004	41.3856	41.3358	41.274	41.6071	41.5221	41.6111	41.870000000000005	41.6406	41.5781	41.2284	40.9203	40.720600000000005	40.7622	40.767199999999995	41.0635	41.2704	41.0067	41.186	41.1842	41.0375	40.9082	40.9055	40.999	40.8758	41.0707	40.932	40.9926	41.043800000000005	40.695100000000004	40.883199999999995	40.8509	40.760000000000005	40.7921	40.8331	40.867	40.9142	40.7367	40.855000000000004	40.9703	40.9142	40.6537	40.835300000000004	40.8286	40.873599999999996	40.794200000000004	41.052699999999994	40.7699	40.8158	40.7527	40.7086	40.8607	40.9471	40.7378	40.975899999999996	41.0746	41.0619	40.9978	41.057300000000005	40.8977	41.0	40.882200000000005	40.8995	40.9612	41.1077	40.9155	41.1416	41.0591	41.148	41.0203	41.148	41.2917	41.397099999999995	41.204800000000006	41.1147	41.33	41.4077	41.14	41.5185	41.2852	41.1989	41.3022	41.2429	41.531600000000005	41.4713	41.344500000000004	41.4534	41.532799999999995	41.4376	41.4148	41.3195	41.4606	41.5205	41.2959	41.389199999999995	41.3603	41.5631	41.7437	41.6315	41.7342	41.553200000000004	41.4373	41.4591	41.7449	41.494	41.4938	41.8132	41.642	42.0319	41.8375	41.531099999999995	41.7219	41.7719	41.8711	41.800599999999996	41.9068	42.0244	42.024499999999996	42.1629	42.0694	42.0338	42.092	42.0733	42.2725	42.4977	42.1905	42.294399999999996	42.6376	42.2383	42.545300000000005	42.219899999999996	42.286	42.2962	42.8113	43.0073	42.6726	42.9537	41.9513
AeA01007_CKDL210012719-1a-AK9141-GC12_HF5TCDSX2_L1_clmp_r1r2_fastp	53.9501	38.2746	40.360800000000005	38.4332	38.191199999999995	37.8286	37.0307	39.643299999999996	39.617799999999995	37.0116	42.882	42.1329	40.1139	39.492399999999996	39.4752	39.4306	39.6972	39.6955	39.7431	40.015699999999995	39.8146	39.7625	39.2809	39.1107	38.8046	38.8096	38.8786	39.1743	39.3463	39.237	39.2959	39.2988	39.1861	39.0121	38.9878	39.1222	39.0046	39.1141	39.0953	39.0413	39.2036	38.8109	38.9822	38.9088	38.885999999999996	38.819199999999995	38.8726	38.9355	39.0042	38.749	38.8673	39.062200000000004	38.9422	38.7836	38.84	38.8143	39.0045	38.8247	38.9981	38.7994	38.835300000000004	38.7538	38.7911	38.9159	38.9671	38.7874	38.9315	39.0641	39.0652	38.972699999999996	39.0482	38.942	39.0436	38.8856	38.9592	38.988299999999995	39.0507	38.945800000000006	39.1415	39.034400000000005	39.137499999999996	38.927	39.1155	39.2614	39.3114	39.118399999999994	39.0075	39.2415	39.3213	39.0253	39.4164	39.088899999999995	39.116800000000005	39.0847	39.0547	39.3813	39.3189	39.049499999999995	39.2548	39.319500000000005	39.232	39.2384	39.1823	39.1982	39.4383	38.9733	39.0823	39.0895	39.2405	39.3703	39.339200000000005	39.422200000000004	39.2759	39.1225	39.0703	39.4621	39.279799999999994	39.0403	39.435900000000004	39.426	39.7628	39.5856	39.203700000000005	39.4919	39.2006	39.2833	39.3697	39.462199999999996	39.6865	39.658300000000004	39.5948	39.6793	39.6603	39.6232	39.6755	39.866800000000005	39.9042	39.988	39.67	40.320699999999995	39.8856	40.1806	39.7471	39.7353	39.7825	40.2772	40.4651	40.1798	40.431400000000004	39.205400000000004
AeA01008_CKDL210012719-1a-AK9141-7UDI246_HF5TCDSX2_L1_clmp_r1r2_fastp	51.265499999999996	36.626	38.7081	37.377300000000005	37.048500000000004	36.4684	35.849199999999996	38.2754	37.9826	35.7994	40.9578	40.4162	38.3576	37.8878	37.885400000000004	38.051	38.1503	37.9773	38.0875	38.378	38.1131	37.9174	37.7423	37.5447	37.2945	37.308	37.2847	37.6747	37.740899999999996	37.5268	37.6451	37.7967	37.4748	37.3133	37.4628	37.522800000000004	37.405100000000004	37.4749	37.386399999999995	37.536	37.61	37.1908	37.3771	37.4567	37.3	37.1992	37.3248	37.3594	37.3615	37.2541	37.2194	37.4888	37.3841	37.175599999999996	37.2998	37.4149	37.3022	37.180800000000005	37.4463	37.3217	37.297599999999996	37.253	37.1687	37.3617	37.427	37.2125	37.3455	37.612899999999996	37.4545	37.4456	37.5573	37.5712	37.5336	37.4544	37.4723	37.588100000000004	37.6977	37.4634	37.670500000000004	37.870599999999996	37.7499	37.637	37.7981	37.8616	37.945499999999996	37.819399999999995	37.7124	37.977199999999996	38.0495	37.7667	38.018299999999996	38.0706	37.905	37.924600000000005	37.9558	38.1296	38.1404	38.0593	38.1415	38.2208	38.3311	38.079800000000006	38.1178	38.386399999999995	38.3542	38.0653	38.29	38.3029	38.2613	38.536500000000004	38.4105	38.5369	38.6392	38.3222	38.3959	38.7829	38.615899999999996	38.4737	38.8412	38.9341	39.001400000000004	38.9557	38.7534	39.0783	39.068599999999996	38.9774	39.1311	39.3442	39.2029	39.3573	39.5149	39.5056	39.636300000000006	39.6287	39.5868	39.7668	39.9325	39.821	39.9111	40.3785	40.1898	40.3553	40.3814	40.4136	40.4941	41.0069	40.7954	40.997099999999996	40.949600000000004	39.8833
AeA01009_CKDL210012719-1a-AK3905-7UDI214_HF5TCDSX2_L1_clmp_r1r2_fastp	52.7594	37.4818	39.354	37.4819	37.284800000000004	36.7751	36.013099999999994	38.573	38.4839	35.9594	41.817	41.123599999999996	39.0143	38.5273	38.4534	38.4084	38.6534	38.576899999999995	38.6261	38.874399999999994	38.7463	38.5874	38.2641	38.0136	37.7894	37.758199999999995	37.8263	38.079800000000006	38.2048	38.1102	38.1411	38.251400000000004	38.100699999999996	37.9457	37.8975	38.0428	37.877	38.031	37.9403	37.966	38.0451	37.7655	37.8877	37.8842	37.7972	37.742599999999996	37.8348	37.8212	37.9024	37.7262	37.844699999999996	37.9517	37.9296	37.724000000000004	37.7541	37.871700000000004	37.8454	37.7569	37.9781	37.7569	37.8292	37.736	37.7412	37.8282	37.921	37.7912	37.8944	38.0382	38.026900000000005	37.969	38.1037	37.979400000000005	38.0159	37.9706	38.0129	38.0156	38.1505	38.013000000000005	38.1948	38.222699999999996	38.2557	38.1066	38.3181	38.359500000000004	38.3972	38.3359	38.173	38.3935	38.513	38.276900000000005	38.4836	38.4107	38.418	38.3926	38.374399999999994	38.6454	38.6733	38.507000000000005	38.6295	38.6426	38.672000000000004	38.5612	38.5844	38.597	38.746	38.451299999999996	38.5345	38.5083	38.715500000000006	38.8487	38.786300000000004	38.9317	38.8287	38.6463	38.7007	38.987899999999996	38.764199999999995	38.6937	38.9386	38.8928	39.1885	39.047	38.7473	38.9919	38.9021	38.987899999999996	39.0634	39.278600000000004	39.2038	39.3517	39.4146	39.2545	39.3422	39.2873	39.3018	39.5291	39.5921	39.5958	39.4764	39.9603	39.6134	39.5978	39.517	39.744800000000005	39.5267	40.0619	40.087	40.0144	40.249	38.8894
AeA01010_CKDL210012719-1a-AK3905-AK4971_HF5TCDSX2_L1_clmp_r1r2_fastp	52.9135	37.6999	39.5021	37.9948	37.7883	37.136599999999994	36.559000000000005	38.6906	38.7333	36.461	41.9599	41.2175	39.1637	38.7708	38.8138	38.7239	38.8293	38.7423	38.9927	39.164300000000004	39.0517	38.9795	38.5103	38.3116	38.0509	38.062400000000004	38.0972	38.3446	38.4202	38.4307	38.4835	38.5741	38.4214	38.007000000000005	38.3513	38.3752	38.169399999999996	38.2901	38.3277	38.3099	38.394800000000004	38.081700000000005	38.0936	38.1905	38.0962	38.0388	38.020399999999995	38.0904	38.1389	37.9113	38.0426	38.4176	38.1298	37.8803	38.0805	38.0436	38.0064	38.0378	38.0361	38.121300000000005	38.1702	37.96	38.0363	38.111	38.1052	38.1047	38.230599999999995	38.414500000000004	38.344	38.1752	38.447900000000004	38.5237	38.4703	38.2804	38.401	38.3942	38.5833	38.408300000000004	38.6625	38.5923	38.6938	38.4195	38.5801	38.8405	38.7927	38.728899999999996	38.6149	38.8964	39.0871	38.8226	39.150600000000004	38.8195	38.9738	39.0248	38.7413	39.2908	39.1141	38.7279	39.18	39.3133	39.26	38.9241	39.326	39.054899999999996	39.3014	39.0522	39.171	39.321400000000004	39.318599999999996	39.3896	39.632	39.5472	39.541399999999996	39.3979	39.2137	39.5122	39.421800000000005	39.2883	39.7507	39.6776	39.8709	39.9182	39.3774	39.78	39.7256	39.8897	39.3534	39.927600000000005	39.9176	40.2033	40.2155	40.090599999999995	40.3185	40.1972	40.374700000000004	40.3073	40.335	40.5984	40.320499999999996	40.8853	40.6493	40.658899999999996	40.4541	40.7354	40.553	40.548899999999996	41.0775	41.3082	41.157	40.3535
AeA01011_CKDL210012719-1a-AK3905-AK1864_HF5TCDSX2_L1_clmp_r1r2_fastp	54.6573	38.5007	41.2538	39.569900000000004	39.2552	38.5048	37.7221	40.259	39.919900000000005	37.4114	43.602999999999994	42.9802	40.9513	40.3701	40.1878	40.206399999999995	40.5563	40.4447	40.5424	40.7646	40.568599999999996	40.6149	40.1086	39.949600000000004	39.7945	39.744099999999996	39.7048	39.9949	40.2995	40.1551	40.183400000000006	40.2961	40.2349	39.939400000000006	40.0298	40.0824	39.900200000000005	40.0173	39.969100000000005	40.036100000000005	40.0729	39.7426	39.934999999999995	39.8219	39.8146	39.79	39.7789	39.8417	39.9027	39.6945	39.8357	39.9928	39.9595	39.69	39.8359	39.7887	39.967999999999996	39.676	39.989200000000004	39.8098	39.8003	39.7677	39.6812	39.812	39.9711	39.807900000000004	39.8981	40.0082	40.0561	40.023599999999995	40.0247	39.9988	40.0675	39.9084	39.9367	39.8869	40.1065	40.0012	40.2171	40.0944	40.251	40.0687	40.273399999999995	40.380700000000004	40.4614	40.2432	40.1858	40.5021	40.5013	40.299800000000005	40.6933	40.3906	40.414899999999996	40.4939	40.3646	40.6063	40.6045	40.4447	40.516400000000004	40.714	40.5886	40.5903	40.4976	40.5897	40.674	40.3515	40.5753	40.5387	40.7212	40.895399999999995	40.8219	40.8587	40.8	40.6477	40.6268	41.0657	40.7029	40.598099999999995	40.9229	40.8149	41.395700000000005	41.185100000000006	40.8485	41.015499999999996	40.8928	41.293400000000005	41.0766	41.356300000000005	41.454299999999996	41.3082	41.6827	41.3749	41.4688	41.4102	41.5934	41.4684	41.8265	41.4753	41.504000000000005	42.021	41.4516	41.7342	41.2598	41.6611	41.5772	42.0995	42.288599999999995	41.9597	42.2603	41.3091
AeA01012_CKDL210012719-1a-AK3905-AK7558_HF5TCDSX2_L1_clmp_r1r2_fastp	44.5086	39.4687	39.7523	39.3324	38.3756	38.3376	38.1243	38.3399	38.784600000000005	39.069500000000005	39.5554	39.7162	39.3414	39.1354	39.0506	39.3441	39.3671	39.4251	39.6673	39.641	39.3364	39.4426	38.8403	39.187	38.9386	38.8768	38.7872	39.0201	39.0438	39.1065	38.98	39.2257	39.1011	38.959700000000005	39.0513	39.0285	39.1396	38.9505	38.9783	39.0109	38.9097	38.6998	38.7727	38.8273	38.8264	38.731700000000004	38.8432	38.7271	38.7838	38.5931	38.750099999999996	38.736399999999996	38.646	38.8346	38.7818	39.000099999999996	38.8707	38.7708	38.8061	38.6516	38.6083	38.6338	38.615500000000004	38.7663	38.8331	38.7157	38.8179	38.8322	38.9839	38.853500000000004	38.7771	38.826699999999995	38.6511	38.581900000000005	38.6136	38.771699999999996	38.6768	38.7905	38.5778	38.8037	38.7111	38.7968	38.8787	39.0696	38.9559	38.9636	38.6116	39.0079	38.8012	38.878299999999996	38.8513	38.7235	38.9574	38.8625	38.6988	39.1474	38.9334	38.4067	39.0248	38.7648	38.762	39.0105	38.7201	38.676500000000004	38.8309	38.8486	38.571299999999994	38.9005	38.933800000000005	39.109500000000004	38.6735	38.9524	39.0909	38.826699999999995	38.7944	39.1901	38.7878	38.8748	38.7345	39.114	39.3221	38.7883	38.731300000000005	38.8797	39.147999999999996	39.0547	39.2235	39.3843	39.5662	39.5951	39.2312	39.305099999999996	39.333	39.651399999999995	39.0811	39.3527	39.7305	39.108900000000006	39.1756	39.4623	39.5694	39.4715	39.388600000000004	39.4407	39.531	39.6486	40.2688	39.5496	40.025	38.654500000000006
AeA01013_CKDL210012719-1a-AK3905-7UDI308_HF5TCDSX2_L1_clmp_r1r2_fastp	51.02179999999999	36.3898	38.149100000000004	36.8727	36.612899999999996	36.0513	35.3641	37.8601	37.6402	35.222300000000004	40.5618	40.0179	37.9562	37.504599999999996	37.406299999999995	37.540099999999995	37.7012	37.4784	37.6762	37.9516	37.6988	37.455	37.297599999999996	37.0429	36.7896	36.7855	36.8062	37.1882	37.2549	37.0257	37.1383	37.3621	36.9927	36.8123	36.885	37.0433	36.925999999999995	36.9495	36.8825	37.0388	37.1569	36.7118	36.8758	36.9788	36.8099	36.7089	36.8627	36.872899999999994	36.8949	36.786	36.7194	37.027100000000004	36.9089	36.6552	36.7952	36.9716	36.8427	36.6496	36.940200000000004	36.838	36.884699999999995	36.772	36.7006	36.8885	36.9632	36.700300000000006	36.8565	37.1006	37.011	36.8947	37.0719	37.1002	37.0369	36.9931	36.9556	37.1202	37.2146	36.9597	37.2048	37.323	37.2484	37.1282	37.2659	37.3444	37.349	37.2628	37.1479	37.4091	37.522299999999994	37.1833	37.4473	37.5454	37.400299999999994	37.2742	37.405100000000004	37.5539	37.594	37.3808	37.469	37.6056	37.731700000000004	37.3896	37.4597	37.6583	37.7018	37.399	37.5794	37.6351	37.6596	37.743700000000004	37.5847	37.832100000000004	37.7984	37.4902	37.6313	38.0753	37.9018	37.7244	38.0878	38.0191	38.1976	37.9229	37.9451	38.154900000000005	38.2922	38.0328	38.1065	38.3185	38.2583	38.3195	38.3582	38.4828	38.658300000000004	38.4065	38.3683	38.6241	38.8471	38.586999999999996	38.9001	39.2677	38.9321	39.0404	39.217400000000005	39.3029	39.3082	39.2611	39.3013	39.5871	39.711	38.3905
AeA01014_CKDL210012719-1a-AK3905-AK2587_HF5TCDSX2_L1_clmp_r1r2_fastp	54.016200000000005	38.3035	39.9955	38.0844	38.0433	37.6279	36.789100000000005	39.311099999999996	39.1837	36.6742	42.6136	41.884100000000004	39.873999999999995	39.3822	39.301	39.2335	39.4656	39.4567	39.453500000000005	39.7778	39.5497	39.479	39.0567	38.8857	38.602799999999995	38.6032	38.6635	38.9086	39.1136	38.9307	39.0419	39.0619	38.9663	38.7409	38.799499999999995	38.9355	38.7358	38.864599999999996	38.8377	38.8392	38.9462	38.5616	38.7346	38.6985	38.618900000000004	38.6145	38.6032	38.634	38.7335	38.5389	38.6407	38.832699999999996	38.7082	38.5582	38.6301	38.5864	38.719500000000004	38.5559	38.8001	38.6109	38.6067	38.5508	38.5036	38.6417	38.748599999999996	38.629200000000004	38.682	38.8588	38.8765	38.7368	38.873200000000004	38.7286	38.865899999999996	38.7078	38.7992	38.7505	38.8345	38.7772	38.9108	38.9034	39.0125	38.8351	38.9035	39.0614	39.0985	38.9484	38.8125	39.1051	39.1522	38.8463	39.236599999999996	39.0247	38.9622	38.917699999999996	38.953500000000005	39.217200000000005	39.1374	38.9178	39.0835	39.1733	39.250299999999996	39.0466	39.0875	39.0428	39.269999999999996	38.8146	38.9372	39.0004	39.2502	39.3818	39.2434	39.3057	39.128800000000005	38.9091	38.9621	39.3508	39.1473	39.0285	39.3232	39.2374	39.627	39.4503	39.139	39.2885	39.172200000000004	39.3098	39.1278	39.4689	39.6128	39.529599999999995	39.5681	39.5858	39.4931	39.4017	39.5857	39.7758	39.8516	39.6216	39.576299999999996	40.1131	39.6646	39.8631	39.5469	39.8367	39.5391	39.989200000000004	40.281	39.8775	40.2447	39.044200000000004
AeA01015_CKDL210012719-1a-AK3905-GC12_HF5TCDSX2_L1_clmp_r1r2_fastp	53.135600000000004	38.2506	39.9788	38.0032	38.0121	37.6906	36.8404	39.3266	39.2353	36.8031	42.5332	41.8153	39.8958	39.3429	39.2755	39.2869	39.580799999999996	39.5102	39.5259	39.8368	39.6244	39.5185	39.1137	38.882	38.5911	38.5813	38.7434	38.959500000000006	39.1691	39.001000000000005	39.1047	39.0925	39.0039	38.7829	38.841	38.951	38.7658	38.961600000000004	38.880700000000004	38.8568	39.0128	38.5807	38.7917	38.704899999999995	38.692	38.6178	38.7221	38.6925	38.8207	38.545	38.7513	38.8957	38.8075	38.624900000000004	38.68	38.6584	38.7711	38.6075	38.8562	38.644400000000005	38.645	38.5843	38.5816	38.737899999999996	38.7703	38.657000000000004	38.799499999999995	38.870900000000006	38.9225	38.8023	38.8739	38.805	38.852399999999996	38.7187	38.8342	38.811099999999996	38.925399999999996	38.8491	39.0353	38.916000000000004	39.0125	38.818599999999996	38.9637	39.1166	39.1839	39.0064	38.8642	39.1472	39.2378	38.9358	39.367200000000004	39.0546	39.0515	39.0002	38.9624	39.354	39.2237	38.9942	39.1078	39.225300000000004	39.2148	39.0984	39.0386	39.0795	39.3318	38.921099999999996	39.0306	38.940799999999996	39.177299999999995	39.3588	39.275	39.381699999999995	39.1929	38.9719	38.895	39.3748	39.231500000000004	39.0556	39.3371	39.3333	39.7401	39.521699999999996	39.1817	39.4257	39.3735	39.314	39.2806	39.5675	39.6903	39.697700000000005	39.6428	39.7625	39.6876	39.5785	39.6723	39.7833	40.0624	39.8249	39.720499999999994	40.4765	39.7817	40.1486	39.619	39.8642	39.7538	40.1228	40.5068	40.1333	40.7454	39.1742
AeA01016_CKDL210012719-1a-AK3905-7UDI246_HF5TCDSX2_L1_clmp_r1r2_fastp	53.09589999999999	38.799099999999996	40.338	38.7603	38.4644	38.2311	37.4811	39.8943	39.6551	37.2145	42.7865	42.2236	40.2475	39.763	39.7361	39.6798	40.067099999999996	39.905	39.970800000000004	40.291	39.9849	39.8593	39.5675	39.4379	39.0045	39.1081	39.1011	39.513799999999996	39.6862	39.4439	39.442	39.6677	39.472	39.2083	39.2482	39.5484	39.2732	39.443	39.338899999999995	39.3842	39.3804	39.0281	39.1717	39.2254	39.056000000000004	39.067800000000005	39.1733	39.1524	39.237899999999996	38.9749	39.0604	39.311800000000005	39.156800000000004	38.9603	39.064	39.041199999999996	39.131899999999995	39.0183	39.2845	38.9749	39.0103	38.95	39.0675	39.1826	39.21	39.0663	39.241	39.364399999999996	39.3631	39.246199999999995	39.2276	39.1469	39.4395	39.255	39.3448	39.4386	39.4771	39.3241	39.541199999999996	39.599000000000004	39.5677	39.3664	39.6232	39.5137	39.927600000000005	39.7267	39.4176	39.7152	40.096399999999996	39.683600000000006	40.009	39.8925	39.6262	39.927800000000005	39.6415	40.1963	40.0887	39.875899999999994	40.0618	39.9918	39.9171	40.0028	39.738299999999995	40.0446	40.1952	40.0939	40.0879	39.9623	40.2144	40.4051	40.064699999999995	40.4302	40.354600000000005	40.2628	40.0839	40.204499999999996	40.3444	39.9289	40.341300000000004	40.2563	40.779900000000005	40.471000000000004	40.2928	40.769800000000004	40.3526	40.7731	40.5285	40.9024	40.8311	41.3485	41.060900000000004	41.1966	41.498200000000004	41.035	41.3527	41.590500000000006	41.253	41.4671	41.335699999999996	41.644999999999996	41.0134	41.6161	41.4591	41.205799999999996	41.48	41.5381	41.9407	41.258	41.9039	40.5477
AeA01017_CKDL210012719-1a-AK7761-7UDI214_HF5TCDSX2_L1_clmp_r1r2_fastp	54.18150000000001	38.117000000000004	40.2081	38.0648	38.142900000000004	37.6611	36.8022	39.4037	39.2978	36.7851	42.8025	42.0054	40.0086	39.43	39.3804	39.3291	39.6129	39.5346	39.5314	39.8758	39.6652	39.562599999999996	39.097500000000004	38.9305	38.6305	38.5941	38.6786	39.026300000000006	39.1075	39.0499	39.0939	39.1406	39.0136	38.8239	38.7953	39.0333	38.854499999999994	38.9378	38.9668	38.87	38.9839	38.5828	38.8106	38.748	38.763	38.6656	38.7023	38.79	38.852	38.576899999999995	38.7423	38.9447	38.831900000000005	38.627	38.6822	38.7343	38.9272	38.6282	38.945299999999996	38.6869	38.717800000000004	38.5803	38.630399999999995	38.7367	38.8371	38.7222	38.803599999999996	38.8975	38.963	38.7895	38.9272	38.8471	38.944	38.7672	38.8951	38.8031	38.8778	38.833800000000004	39.0233	38.9349	39.049	38.7764	38.9966	39.1963	39.2117	39.001599999999996	38.8369	39.1799	39.2537	38.9071	39.3382	39.0069	39.0596	38.9877	39.0246	39.4319	39.3102	39.0799	39.1114	39.2692	39.149499999999996	39.1195	39.057199999999995	39.0998	39.3852	38.786100000000005	39.029599999999995	38.9961	39.2011	39.3895	39.2155	39.3966	39.2573	39.0333	39.0883	39.3634	39.2394	38.9037	39.3833	39.2552	39.6781	39.4459	39.204699999999995	39.474	39.214	39.3922	39.3823	39.4036	39.684999999999995	39.650800000000004	39.7143	39.941500000000005	39.7515	39.5518	39.8536	39.752900000000004	39.9257	39.7719	39.7023	40.3648	39.7211	40.138200000000005	39.5533	39.9777	39.718199999999996	40.2316	40.5492	40.0629	40.6682	39.1297
AeA01018_CKDL210012719-1a-AK7761-AK4971_HF5TCDSX2_L1_clmp_r1r2_fastp	56.277	41.8387	43.089499999999994	41.6148	41.4306	41.095	40.1661	42.7035	42.3446	39.631499999999996	45.847500000000004	45.115100000000005	43.1638	42.7321	42.232	42.3122	42.6529	42.612100000000005	42.6396	42.633500000000005	42.4927	42.7255	42.654599999999995	42.2426	42.0306	41.9951	41.8698	42.1237	41.995599999999996	42.1147	42.140699999999995	42.394	42.016999999999996	42.085699999999996	42.349399999999996	41.983599999999996	42.1285	41.910599999999995	41.993900000000004	42.039500000000004	42.167	41.997	41.998200000000004	42.1355	41.9709	41.801500000000004	41.8886	41.6948	41.9627	41.8511	41.8804	41.8669	42.175200000000004	41.9417	42.0507	41.9678	41.9722	41.9129	41.8591	41.759	41.7328	41.774	41.7777	41.8731	41.877900000000004	41.835	41.870400000000004	41.9825	41.8268	42.0478	42.2061	42.0964	42.019099999999995	42.193599999999996	42.040499999999994	42.1677	42.2043	41.869	42.002	42.3279	41.9995	42.132799999999996	42.0971	41.957899999999995	42.269400000000005	41.8941	42.1104	42.0817	42.2912	42.302299999999995	42.281600000000005	42.4149	42.3405	42.2847	42.4808	42.1357	42.3385	42.3517	42.0606	42.1435	42.3129	41.8275	42.257	42.2314	42.179899999999996	42.3413	42.3562	42.1892	42.2307	42.416	42.5149	42.603	42.667300000000004	42.1996	42.258	42.659200000000006	41.903800000000004	42.2962	42.0361	42.0595	42.1099	42.1396	42.4148	42.4623	42.194199999999995	42.1365	42.0724	42.5728	42.3506	42.5803	42.8145	42.5604	42.746	42.8181	42.8637	42.4585	42.662	42.018	42.5892	42.278	42.652699999999996	42.8785	42.966300000000004	42.7294	43.0784	42.8908	42.9805	42.4547	42.8938	41.9691
AeA01019_CKDL210012719-1a-AK7761-AK1864_HF5TCDSX2_L1_clmp_r1r2_fastp	53.2706	38.7145	39.9505	38.3429	38.1706	37.8174	36.8671	39.3149	39.1855	36.910199999999996	42.3735	41.7289	39.7767	39.368700000000004	39.2614	39.1861	39.4644	39.4369	39.4101	39.7508	39.5	39.4863	39.0967	38.9092	38.588899999999995	38.5794	38.618900000000004	38.9088	39.074799999999996	38.9791	39.041599999999995	39.0978	38.943	38.7502	38.7862	38.921	38.745000000000005	38.8875	38.8278	38.7492	39.0067	38.576899999999995	38.7804	38.6829	38.6405	38.571600000000004	38.6672	38.5859	38.7498	38.5152	38.6635	38.8264	38.6709	38.5801	38.6411	38.5289	38.7812	38.5415	38.8004	38.6123	38.5459	38.576899999999995	38.4799	38.6795	38.7799	38.5998	38.6939	38.86	38.940200000000004	38.7472	38.799099999999996	38.7494	38.887	38.773	38.8088	38.8346	38.948	38.833600000000004	38.9675	39.0432	38.9966	38.8731	39.0705	39.1469	39.226499999999994	39.1356	38.9984	39.286300000000004	39.3381	39.035599999999995	39.3823	39.284200000000006	39.0844	39.2097	39.1079	39.3441	39.386700000000005	39.2956	39.237899999999996	39.427	39.4786	39.2156	39.3089	39.327	39.4594	39.0575	39.204499999999996	39.179	39.372800000000005	39.6779	39.449400000000004	39.5989	39.4662	39.1896	39.2712	39.6055	39.4502	39.2681	39.6131	39.5477	39.825500000000005	39.8634	39.4762	39.6093	39.460699999999996	39.6399	39.549299999999995	39.8213	39.9306	39.9875	40.0249	40.045700000000004	39.9995	39.8978	40.047399999999996	40.1096	40.2711	40.178000000000004	39.9668	40.442499999999995	40.2155	40.2482	39.8996	40.0528	39.9267	40.591	40.8789	40.3765	40.6731	39.4884
AeA01020_CKDL210012719-1a-AK7761-AK7558_HF5TCDSX2_L1_clmp_r1r2_fastp	52.0784	37.325	39.011	37.6022	37.4228	36.8268	36.079	38.4848	38.294200000000004	36.054	41.3184	40.804899999999996	38.8296	38.2117	38.2047	38.356	38.6337	38.338100000000004	38.4856	38.7809	38.6179	38.2805	38.0693	37.9586	37.6701	37.6869	37.6119	38.040400000000005	38.197199999999995	38.0169	38.009100000000004	38.1615	37.973099999999995	37.668600000000005	37.816100000000006	37.9769	37.8177	37.7639	37.8677	37.9163	38.069199999999995	37.5128	37.7014	37.8169	37.7383	37.499700000000004	37.6319	37.6625	37.7389	37.487500000000004	37.688	37.7921	37.6839	37.4423	37.6351	37.7073	37.7801	37.451	37.7864	37.6858	37.6486	37.549	37.5093	37.7136	37.844699999999996	37.5383	37.7351	37.9443	37.8673	37.8416	37.8833	37.994099999999996	37.9149	37.8032	37.8397	37.925399999999996	38.1184	37.8606	38.1384	38.3078	38.2497	38.007600000000004	38.1138	38.2813	38.2936	38.1143	38.0433	38.2026	38.5548	38.095600000000005	38.5513	38.3895	38.467800000000004	38.0772	38.2757	38.5651	38.718599999999995	38.4442	38.6184	38.6235	38.9422	38.437	38.447900000000004	38.657799999999995	38.7677	38.228899999999996	38.6164	38.6085	38.785799999999995	38.6196	38.6962	38.966899999999995	38.9238	38.4721	38.6726	39.069199999999995	39.0936	38.4966	38.9915	39.2004	39.4015	39.1209	38.7532	39.1777	39.129999999999995	38.862	39.1017	39.2179	39.845000000000006	39.6362	39.5508	39.5647	39.913900000000005	39.5151	39.3501	39.811	39.7027	39.8546	39.792899999999996	40.0188	39.7019	39.9642	39.7344	40.007799999999996	39.8588	40.799800000000005	40.6888	40.1082	40.2935	39.7108
AeA01021_CKDL210012719-1a-AK7761-7UDI308_HF5TCDSX2_L1_clmp_r1r2_fastp	53.77889999999999	38.581900000000005	40.2418	38.5932	38.8059	38.0268	37.2167	39.714	39.632	37.1252	42.6992	42.1554	40.3695	39.950599999999994	39.4739	39.575500000000005	40.1033	39.761	39.6689	40.071200000000005	39.7913	39.7336	39.278400000000005	39.232	39.0448	39.0537	39.2849	39.1209	39.4032	39.2612	39.3717	39.6409	39.2826	38.9305	39.1412	39.245200000000004	39.2391	39.3704	39.1167	39.0939	39.2333	38.9877	39.0201	39.346199999999996	39.0241	38.9651	38.9632	38.9365	39.0422	39.134600000000006	38.9389	39.2695	39.4152	39.002700000000004	39.067299999999996	39.1332	39.2091	38.7827	39.1406	38.889	38.979	39.0235	39.1209	39.0648	39.0187	39.1137	39.202	39.2746	39.2308	39.334	39.5259	39.3515	39.3213	39.4026	39.2613	39.4249	39.6006	39.5779	39.5734	39.5324	39.266600000000004	39.632600000000004	39.4539	39.8804	39.8512	39.8579	39.9174	39.8299	39.960699999999996	39.618199999999995	40.0644	40.1729	40.1345	40.1494	40.1276	40.1144	40.436899999999994	40.3105	40.2611	40.1474	40.5416	40.024300000000004	40.6213	40.5404	40.4247	39.9649	40.4388	40.823	40.545700000000004	40.4214	40.7785	41.165800000000004	40.893	40.061400000000006	40.6999	40.811	40.2728	40.9101	40.7284	40.8712	41.0013	41.0485	40.9929	41.3404	41.301500000000004	40.285700000000006	40.9597	41.308	41.1815	41.786699999999996	41.2114	41.9744	41.607	41.6778	41.9071	42.4072	41.7243	41.805	41.1482	42.465399999999995	41.253099999999996	42.4201	41.735499999999995	41.6685	41.6464	41.9295	42.5147	42.1103	42.5783	41.7614
AeA01022_CKDL210012719-1a-AK7761-AK2587_HF5TCDSX2_L1_clmp_r1r2_fastp	52.7311	37.684200000000004	39.4634	37.7184	37.4561	37.0295	36.1554	38.6577	38.6423	36.1326	41.8322	41.1927	39.162200000000006	38.6301	38.6625	38.5698	38.8505	38.7029	38.742399999999996	39.0472	38.9523	38.7644	38.4408	38.1849	37.8693	37.9094	37.9634	38.228	38.3606	38.2343	38.3662	38.3371	38.236	38.0977	38.0852	38.1944	38.1252	38.2318	38.1939	38.143100000000004	38.2549	37.864	38.0854	38.0118	37.974799999999995	37.920700000000004	37.9242	37.938300000000005	38.0641	37.8701	37.987500000000004	38.1806	38.0353	37.877300000000005	37.9428	37.9827	38.088899999999995	37.8249	38.1396	37.8992	37.9162	37.788199999999996	37.79	37.9807	38.000699999999995	37.8609	38.0338	38.1951	38.2062	38.0415	38.1611	38.041799999999995	38.0987	38.1045	38.129400000000004	38.0396	38.2247	38.1105	38.3024	38.1992	38.3608	38.0388	38.2609	38.393699999999995	38.532	38.2977	38.2382	38.3415	38.5167	38.344699999999996	38.5642	38.3851	38.2219	38.3022	38.3779	38.6135	38.6539	38.3187	38.5002	38.5859	38.5999	38.5846	38.4995	38.4874	38.629000000000005	38.2087	38.5125	38.2678	38.5599	38.7322	38.573	38.7078	38.739200000000004	38.365300000000005	38.4218	38.632600000000004	38.561299999999996	38.3558	38.799499999999995	38.7924	38.948100000000004	38.8729	38.526700000000005	38.6742	38.7881	38.7702	38.8842	38.847	38.7487	39.0088	39.0265	38.973600000000005	39.186	39.0255	39.0854	39.354299999999995	39.2949	39.2215	39.6229	39.629599999999996	39.1949	39.5072	39.0208	39.353300000000004	39.110499999999995	39.899499999999996	39.8594	39.6553	39.8771	38.5088
AeA01023_CKDL210012719-1a-AK7761-GC12_HF5TCDSX2_L1_clmp_r1r2_fastp	53.5879	40.2709	41.0091	39.597300000000004	39.6312	39.2644	38.5037	40.8915	40.621	38.229800000000004	43.7105	42.9998	41.2785	40.7806	40.6212	40.6958	40.967	40.8022	40.8506	41.0798	40.8393	40.766200000000005	40.6485	40.1997	40.0045	40.0809	40.083	40.374700000000004	40.6071	40.291	40.4245	40.452799999999996	40.2557	40.0527	40.266000000000005	40.2433	40.1882	40.3022	40.2462	40.1092	40.3763	39.9342	40.1314	40.144600000000004	40.0708	40.0058	40.115899999999996	40.0437	40.1367	39.9947	39.927800000000005	40.0882	40.2156	39.820899999999995	40.0252	40.0781	40.1139	39.9932	40.3022	39.9273	39.961200000000005	40.0472	39.984199999999994	40.1078	40.205600000000004	40.0257	40.0729	40.3358	40.3042	40.193200000000004	40.3953	40.1799	40.3324	40.3359	40.1941	40.394200000000005	40.543800000000005	40.315200000000004	40.5505	40.5199	40.5043	40.474199999999996	40.6561	40.5905	40.8438	40.7885	40.494400000000006	40.761399999999995	40.929500000000004	40.7761	40.949400000000004	40.9467	40.6954	40.7106	40.7219	40.8749	41.0557	41.1303	40.8058	40.9117	40.981899999999996	40.877599999999994	41.1554	41.1835	41.1706	41.0063	41.0862	40.8977	41.169200000000004	41.461	41.2971	41.5162	41.3127	41.1017	41.2372	41.5983	41.1904	41.3698	41.5742	41.3439	41.8217	41.7889	41.374300000000005	41.702600000000004	41.8516	41.356	41.3794	41.8803	41.9444	41.787	41.7061	42.079299999999996	42.0097	42.1296	42.3663	42.4206	42.7344	42.2866	41.9255	42.965199999999996	42.382	42.35	42.2781	42.463499999999996	42.7787	43.2181	43.2482	43.4841	42.8215	42.4141
AeA01024_CKDL210012719-1a-AK7761-7UDI246_HF5TCDSX2_L1_clmp_r1r2_fastp	53.527100000000004	38.2636	40.1203	38.1485	38.0473	37.6355	36.8288	39.2353	39.0737	36.727900000000005	42.3296	41.6438	39.6858	39.1148	39.1259	39.008900000000004	39.3683	39.2839	39.2438	39.6271	39.3846	39.2612	38.9281	38.833600000000004	38.4389	38.4048	38.555099999999996	38.8419	38.8761	38.745200000000004	38.8616	38.962	38.8073	38.6951	38.637	38.7197	38.5796	38.7795	38.6815	38.6365	38.7154	38.3641	38.5995	38.4553	38.536	38.379400000000004	38.4767	38.4467	38.611200000000004	38.3304	38.535000000000004	38.7172	38.5445	38.4347	38.4365	38.522600000000004	38.5717	38.3872	38.636199999999995	38.4044	38.478	38.351600000000005	38.5135	38.508199999999995	38.5513	38.579299999999996	38.601	38.7667	38.7997	38.6801	38.7347	38.6114	38.7579	38.6537	38.635799999999996	38.6652	38.7586	38.8125	39.0156	38.9167	38.9367	38.8223	39.019999999999996	38.9513	39.1995	38.8989	38.8045	39.2064	39.2417	38.8746	39.3508	39.0045	39.0367	39.144	39.000800000000005	39.2148	39.3521	39.0513	39.2185	39.2827	39.2136	39.367799999999995	39.1815	39.3938	39.339800000000004	39.1484	39.205600000000004	39.189	39.3009	39.5623	39.4919	39.663199999999996	39.3629	39.3252	39.4637	39.6397	39.3957	39.211200000000005	39.616800000000005	39.6291	39.7971	39.3854	39.583400000000005	39.650200000000005	39.5928	40.034	39.9283	39.908100000000005	40.0017	39.8535	40.009	39.814899999999994	40.0552	39.936	40.4056	40.2116	40.531800000000004	40.0247	40.1668	40.5665	39.8535	40.7027	40.2327	40.1139	40.2858	41.0809	40.8211	40.3072	40.7555	39.6138
AeA01025_CKDL210012719-1a-5UDI298-7UDI214_HF5TCDSX2_L1_clmp_r1r2_fastp	52.8887	37.6001	39.646	37.8042	37.538	37.1694	36.3099	38.838	38.7825	36.1374	42.144999999999996	41.3468	39.2017	38.7622	38.693	38.6291	38.9355	38.8089	38.8895	39.112700000000004	38.9781	38.8314	38.500299999999996	38.1937	37.899899999999995	38.0025	38.0707	38.3692	38.4942	38.381	38.4801	38.427299999999995	38.343500000000006	38.082899999999995	38.1862	38.2772	38.101800000000004	38.22	38.2478	38.1335	38.2663	37.9252	38.054500000000004	37.9728	38.0171	37.897	37.983	38.0446	38.0567	37.8512	37.9779	38.1648	38.0709	37.9551	37.9305	37.9903	38.0364	37.878699999999995	38.0828	37.9487	37.9298	37.8904	37.9276	38.0048	38.055	37.9803	38.0737	38.1328	38.1714	38.095	38.1882	38.1917	38.1445	38.1091	38.2416	38.234	38.250299999999996	38.2518	38.3225	38.2911	38.4418	38.2994	38.388600000000004	38.5441	38.568999999999996	38.4818	38.4027	38.5157	38.7212	38.434400000000004	38.7929	38.5458	38.5919	38.594699999999996	38.6002	38.8658	38.748599999999996	38.5707	38.752700000000004	38.8234	38.886900000000004	38.6465	38.7465	38.6788	38.7975	38.5447	38.6301	38.6368	38.791	39.0451	38.9119	39.0545	38.732699999999994	38.5598	38.669599999999996	39.015499999999996	38.8146	38.7183	38.959700000000005	39.0693	39.2695	39.0955	38.864399999999996	39.123999999999995	38.7261	39.0371	38.899699999999996	39.1934	39.2608	39.3168	39.466499999999996	39.2393	39.245200000000004	39.211600000000004	39.4831	39.6114	39.5465	39.499	39.7087	40.1481	39.4861	39.6808	39.3235	39.771499999999996	39.4731	39.9452	40.1241	40.0531	40.0168	38.6869
AeA01026_CKDL210012719-1a-5UDI298-AK4971_HF5TCDSX2_L1_clmp_r1r2_fastp	53.5372	38.841	40.1752	38.5585	38.3833	37.9826	37.0498	39.5733	39.5068	37.066	42.7873	42.019099999999995	40.010600000000004	39.4852	39.4671	39.347	39.6242	39.6139	39.6185	39.894	39.795700000000004	39.6301	39.293	39.0103	38.757799999999996	38.7628	38.879000000000005	39.103	39.2959	39.171499999999995	39.2548	39.221000000000004	39.1962	38.9662	38.9764	39.1205	38.9713	39.1147	39.0302	39.0612	39.1664	38.811499999999995	38.95	38.8819	38.8577	38.8092	38.872800000000005	38.8529	38.9454	38.697900000000004	38.8752	39.0334	38.9874	38.778400000000005	38.8421	38.8289	38.926	38.8147	38.9903	38.8279	38.784400000000005	38.7876	38.738099999999996	38.842999999999996	38.947500000000005	38.7484	38.9287	39.0262	39.0992	38.873799999999996	39.0184	38.981700000000004	39.028400000000005	38.8555	39.000800000000005	38.9995	39.0554	38.975	39.148300000000006	39.0957	39.1625	38.931	39.1277	39.2485	39.2772	39.2261	38.9847	39.218199999999996	39.3386	39.0812	39.4323	39.2838	39.1685	39.1284	39.1973	39.4262	39.3293	39.1522	39.2612	39.4305	39.3614	39.2303	39.223200000000006	39.2686	39.5532	39.0976	39.2955	39.0538	39.332	39.5335	39.4991	39.6597	39.356700000000004	39.303	39.2409	39.502700000000004	39.4853	39.098699999999994	39.5495	39.5274	39.8377	39.602399999999996	39.4226	39.5694	39.4231	39.6354	39.5042	39.5269	39.726099999999995	39.705600000000004	39.833600000000004	39.8568	39.838699999999996	39.6167	39.8089	39.921299999999995	39.8667	40.0319	40.023399999999995	40.6525	39.8574	40.1892	39.746900000000004	40.0798	39.778999999999996	40.3633	40.5214	40.1813	40.5283	39.303900000000006
AeA01027_CKDL210012719-1a-5UDI298-AK1864_HF5TCDSX2_L1_clmp_r1r2_fastp	53.901900000000005	39.441700000000004	41.2044	39.2622	39.1999	38.9637	38.022099999999995	40.496900000000004	40.37	37.5837	43.7285	42.9818	41.0348	40.684799999999996	40.1546	40.2718	40.5912	40.6156	40.6242	40.6073	40.670899999999996	40.8022	40.5878	40.2864	40.041700000000006	39.934999999999995	39.8976	40.101	39.9459	40.229	40.202799999999996	40.3854	40.1017	40.1293	40.3183	40.0239	40.089999999999996	39.8767	40.025800000000004	40.053	40.2034	40.0813	40.055800000000005	40.133799999999994	40.001999999999995	39.765699999999995	39.8096	39.6675	39.9125	39.801500000000004	39.8651	39.8929	40.1318	39.9096	40.0398	39.939	39.966499999999996	39.9119	39.8281	39.757799999999996	39.734199999999994	39.7198	39.8211	39.872600000000006	39.7711	39.909099999999995	39.826299999999996	39.9549	39.894600000000004	40.017	40.1198	40.0954	39.9418	40.1267	40.0188	40.055	40.120400000000004	39.8435	39.922999999999995	40.2646	39.982099999999996	40.1337	40.0509	39.9488	40.1804	39.809400000000004	40.0922	40.032000000000004	40.183400000000006	40.309200000000004	40.2098	40.3585	40.3204	40.265699999999995	40.3635	40.071	40.390100000000004	40.2834	40.0521	40.1858	40.2576	39.941700000000004	40.1853	40.0539	40.1511	40.2152	40.2194	40.224399999999996	40.1273	40.2891	40.4349	40.448299999999996	40.5534	40.2923	40.2051	40.555	39.853699999999996	40.220099999999995	39.9437	40.103	40.006	39.9935	40.508300000000006	40.280300000000004	40.1084	40.1821	39.9219	40.328	40.4003	40.378	40.482099999999996	40.5422	40.639199999999995	40.6504	40.944199999999995	40.258300000000006	40.5597	39.971000000000004	40.4303	40.041199999999996	40.555099999999996	40.7267	40.6094	40.5624	40.9306	40.7522	40.766000000000005	40.3088	40.6725	39.8003
AeA01028_CKDL210012719-1a-5UDI298-AK7558_HF5TCDSX2_L1_clmp_r1r2_fastp	53.1154	38.418600000000005	40.7497	38.6459	38.5597	38.305299999999995	37.4923	39.9957	39.9022	37.3048	43.060500000000005	42.256	40.231899999999996	39.7163	39.7232	39.712399999999995	39.9625	39.9758	39.9923	40.3052	40.0756	39.9906	39.5246	39.366800000000005	39.0813	39.0965	39.2412	39.4598	39.663399999999996	39.558	39.618900000000004	39.5787	39.5264	39.2813	39.2996	39.4849	39.3444	39.4572	39.4149	39.3518	39.476299999999995	39.1373	39.2927	39.229	39.2453	39.1832	39.2119	39.2771	39.2958	39.0835	39.223400000000005	39.4182	39.319900000000004	39.1064	39.2292	39.161699999999996	39.387100000000004	39.1357	39.4115	39.1949	39.1712	39.089400000000005	39.0932	39.2343	39.32	39.1941	39.3328	39.3851	39.482800000000005	39.311299999999996	39.4046	39.3047	39.3777	39.2498	39.3215	39.3289	39.4465	39.3355	39.5148	39.3974	39.4608	39.3161	39.4365	39.619	39.6742	39.5231	39.341	39.6055	39.7292	39.3688	39.7584	39.4985	39.440599999999996	39.4827	39.4536	39.774100000000004	39.7104	39.4743	39.597100000000005	39.7103	39.617000000000004	39.571400000000004	39.511	39.4623	39.7437	39.2963	39.5038	39.4022	39.6334	39.7605	39.7265	39.806999999999995	39.6613	39.4645	39.4891	39.8277	39.656200000000005	39.3893	39.9203	39.7862	40.1292	39.8849	39.5814	39.7554	39.7757	39.8938	39.744	39.9195	40.1825	40.2037	40.0534	40.201	40.110099999999996	39.9737	40.2566	40.3458	40.382600000000004	40.3809	40.343	40.694900000000004	40.2406	40.5196	40.2104	40.1809	40.1616	40.7971	41.0134	40.6789	41.070299999999996	39.7021
AeA01029_CKDL210012719-1a-5UDI298-7UDI308_HF5TCDSX2_L1_clmp_r1r2_fastp	53.1302	38.2237	39.9299	38.169799999999995	38.1764	37.5491	36.7578	39.1698	39.2675	36.63	42.3124	41.660199999999996	39.7061	39.0791	39.0749	39.062999999999995	39.2157	39.298300000000005	39.2318	39.6395	39.2973	39.3281	38.9407	38.692	38.3263	38.457	38.5218	38.6468	38.879799999999996	38.7057	38.8703	39.0062	38.7404	38.5687	38.406099999999995	38.6887	38.5351	38.7766	38.5643	38.724799999999995	38.9248	38.440200000000004	38.6065	38.5892	38.358599999999996	38.411699999999996	38.276199999999996	38.3374	38.3567	38.4886	38.418	38.7507	38.5945	38.3782	38.5741	38.5197	38.5381	38.2446	38.7762	38.4826	38.4182	38.3709	38.269999999999996	38.5855	38.6204	38.4854	38.5593	38.8106	38.5882	38.4847	38.8905	38.6897	38.6547	38.6198	38.8031	38.8861	38.884299999999996	38.817800000000005	39.034200000000006	39.0574	39.1253	38.766600000000004	39.1109	38.947199999999995	39.305099999999996	39.0348	39.1532	39.238	39.5072	39.1032	39.4339	39.3655	39.2523	39.2327	39.593	39.8071	39.4405	39.5854	39.706	39.793299999999995	39.6897	39.6652	39.6349	39.949600000000004	40.035199999999996	39.427099999999996	39.7528	39.7207	39.5991	40.016400000000004	40.2362	40.2434	40.209	40.0523	39.6571	40.6192	39.4388	39.7817	40.562	40.3657	40.6043	40.2023	39.9442	40.408	40.5423	40.3951	40.0638	40.748200000000004	40.6015	40.286300000000004	41.3038	41.3463	40.8502	40.600500000000004	41.350500000000004	40.599000000000004	40.8722	40.5052	40.5621	40.8937	40.7301	41.1017	41.0117	41.2211	40.6552	41.5377	40.3784	42.1775	41.0969	40.4128
AeA01030_CKDL210012719-1a-5UDI298-AK2587_HF5TCDSX2_L1_clmp_r1r2_fastp	52.89620000000001	39.015499999999996	40.2314	38.4559	38.3179	37.878699999999995	37.0623	39.4597	39.2805	36.9741	42.4547	41.8236	39.9062	39.4044	39.401	39.3551	39.6233	39.6124	39.6012	39.8141	39.7132	39.6065	39.170700000000004	39.0021	38.7365	38.7119	38.8141	39.0647	39.2477	39.1111	39.167699999999996	39.1341	39.0347	38.8681	38.920700000000004	39.0046	38.9186	39.0057	38.969500000000004	38.9295	39.0233	38.726	38.8324	38.7855	38.7348	38.7147	38.7643	38.7463	38.8085	38.6179	38.7727	38.9235	38.7851	38.653	38.7398	38.656	38.8698	38.651799999999994	38.9234	38.691700000000004	38.6929	38.673	38.661	38.7625	38.7774	38.674	38.798700000000004	38.8668	38.913399999999996	38.8496	38.924	38.8476	38.9587	38.751200000000004	38.805099999999996	38.8736	38.9423	38.8863	38.9888	38.96	39.0032	38.8625	38.9878	39.1738	39.1525	39.0467	38.9146	39.111000000000004	39.2937	39.0054	39.283699999999996	39.009	39.0315	38.9713	38.9683	39.2328	39.2183	39.0289	39.131	39.256299999999996	39.2151	39.0222	39.1988	39.0813	39.2945	39.0142	39.0206	39.081700000000005	39.2052	39.3004	39.3231	39.4096	39.1984	38.9886	39.1015	39.382	39.1998	38.9818	39.2619	39.2486	39.535	39.3645	39.1619	39.3645	39.1758	39.4025	39.3779	39.325700000000005	39.7077	39.6472	39.710699999999996	39.7477	39.549099999999996	39.455200000000005	39.8287	39.841300000000004	39.9943	39.833600000000004	39.7395	40.0621	39.678000000000004	40.1092	39.441700000000004	39.866299999999995	39.819700000000005	40.2024	40.343	40.108	40.3084	39.3753
AeA01031_CKDL210012719-1a-5UDI298-GC12_HF5TCDSX2_L1_clmp_r1r2_fastp	53.1643	38.3462	40.1609	38.312200000000004	38.2415	37.8306	36.8784	39.374900000000004	39.3003	36.775999999999996	42.540099999999995	41.7995	39.8144	39.1678	39.1046	39.0988	39.6476	39.380700000000004	39.3831	39.669	39.5452	39.4544	39.0269	38.905899999999995	38.6922	38.5471	38.5855	38.9503	39.0683	38.9465	39.006600000000006	39.1271	38.9183	38.7321	38.617000000000004	38.8377	38.8427	38.9887	38.7554	38.8355	39.0181	38.466	38.6742	38.8307	38.6524	38.5093	38.711	38.6592	38.7012	38.5225	38.669399999999996	38.8005	38.8221	38.4771	38.7023	38.757200000000005	38.7276	38.5637	38.845200000000006	38.768	38.6857	38.6668	38.677499999999995	38.746	38.8294	38.7197	38.689299999999996	39.0281	38.8374	38.9291	38.8451	38.9452	39.0938	38.985	38.9105	38.8883	38.9903	38.9653	39.0922	39.1481	39.1413	38.8978	39.3525	39.357	39.396300000000004	39.4814	39.1768	39.4466	39.7298	39.287499999999994	39.594	39.4716	39.494099999999996	39.751999999999995	39.486399999999996	40.0158	39.6074	39.665099999999995	39.6098	39.5914	39.7563	39.582	39.765299999999996	39.734	39.9865	39.506	39.9017	39.8153	40.0387	40.0871	40.203	40.179700000000004	40.1645	39.7459	40.0918	40.469500000000004	40.176	39.956599999999995	40.2632	40.4253	40.536	40.2611	40.123	40.2851	40.4342	40.143499999999996	40.2622	40.5799	40.855799999999995	40.9486	40.7701	41.1259	41.160799999999995	40.738400000000006	41.2492	40.797	41.300399999999996	41.2007	41.280499999999996	41.5916	41.4789	40.803	40.8509	41.453	41.2466	40.8386	41.511900000000004	41.6641	41.449999999999996	41.0937
AeA01032_CKDL210012719-1a-5UDI298-7UDI246_HF5TCDSX2_L1_clmp_r1r2_fastp	51.426300000000005	37.4211	38.7339	37.430600000000005	37.2003	36.740899999999996	35.9847	38.3855	38.1176	35.9693	41.1601	40.5746	38.5961	38.1956	37.9984	38.2247	38.354	38.2324	38.2694	38.6327	38.2684	38.2016	38.034800000000004	37.7539	37.446600000000004	37.5056	37.4869	37.9056	37.951499999999996	37.6656	37.9749	38.1	37.7359	37.5704	37.7228	37.8407	37.6791	37.7612	37.5732	37.8519	37.8933	37.4904	37.6025	37.7233	37.4941	37.4969	37.5484	37.604	37.6245	37.4974	37.4399	37.7518	37.6861	37.4147	37.4987	37.6608	37.6676	37.4506	37.7047	37.5089	37.4698	37.4674	37.5095	37.676700000000004	37.6896	37.4567	37.5458	37.9022	37.709199999999996	37.656099999999995	37.7518	37.845	37.7909	37.689699999999995	37.7305	37.9677	37.997	37.7855	37.9978	38.0745	37.9225	38.0302	38.0621	38.1381	38.2076	38.136399999999995	38.142199999999995	38.330799999999996	38.407000000000004	38.2129	38.468799999999995	38.467	38.231700000000004	38.3141	38.3162	38.575199999999995	38.5849	38.448100000000004	38.5223	38.5876	38.6181	38.317	38.473400000000005	38.846399999999996	38.770500000000006	38.271300000000004	38.6679	38.6648	38.7082	39.0583	38.872099999999996	38.9051	38.9986	38.6023	38.5132	39.0961	38.8873	38.602	38.966699999999996	39.1353	39.4411	39.412000000000006	38.8455	39.1456	39.3277	39.0379	39.0056	39.278800000000004	39.620400000000004	39.6558	39.7044	39.5359	39.759499999999996	39.7161	39.725300000000004	39.9117	39.832499999999996	39.598	39.732800000000005	40.2018	40.0501	40.0462	40.0403	40.2351	39.8936	40.6935	40.5524	40.5351	40.953	39.9329
AeA01033_CKDL210012719-1a-AK9142-7UDI214_HF5TCDSX2_L1_clmp_r1r2_fastp	53.768899999999995	38.198100000000004	39.8682	37.917	37.9154	37.554300000000005	36.7172	39.277499999999996	39.0997	36.660399999999996	42.5246	41.788799999999995	39.7701	39.2613	39.2267	39.1443	39.452799999999996	39.3481	39.3852	39.6936	39.491	39.393499999999996	38.9348	38.7752	38.479200000000006	38.548100000000005	38.5828	38.812000000000005	38.951	38.878299999999996	38.9185	38.9432	38.8574	38.6198	38.6252	38.8232	38.606	38.7889	38.7756	38.7283	38.829	38.4283	38.6723	38.5388	38.622	38.4702	38.5802	38.5524	38.6562	38.4165	38.6352	38.7751	38.5826	38.488299999999995	38.528099999999995	38.5241	38.6798	38.4728	38.7401	38.5559	38.5756	38.3973	38.4752	38.5803	38.6622	38.5336	38.6134	38.768	38.7618	38.6793	38.734	38.671499999999995	38.7678	38.5811	38.669399999999996	38.6594	38.8403	38.7083	38.8908	38.7982	38.8966	38.6514	38.8708	38.9867	39.0669	38.8994	38.7688	38.968	39.177299999999995	38.9111	39.2076	38.9555	38.9599	38.914100000000005	38.940200000000004	39.2252	39.2141	38.9645	39.1995	39.1539	39.1205	39.0464	39.015899999999995	38.9378	39.372800000000005	38.8235	39.0447	39.0186	39.1076	39.5046	39.2348	39.3898	39.165499999999994	39.0463	39.0196	39.3735	39.3486	39.0911	39.417	39.334	39.7344	39.4015	39.2137	39.3756	39.2674	39.4207	39.489200000000004	39.454699999999995	39.6344	39.785399999999996	39.6556	39.5482	39.699	39.5514	39.689099999999996	39.87	39.964499999999994	39.9726	39.6861	40.3467	39.764300000000006	40.0267	39.6897	39.847100000000005	39.5823	40.0762	40.6511	40.029199999999996	40.4679	39.1939
AeA01034_CKDL210012719-1a-AK9142-AK4971_HF5TCDSX2_L1_clmp_r1r2_fastp	53.9936	39.961999999999996	40.802699999999994	39.2543	39.1689	38.8266	37.8695	40.289500000000004	40.091300000000004	37.8081	43.344100000000005	42.6873	40.7883	40.3123	40.1416	40.1414	40.4375	40.4497	40.4236	40.7539	40.553200000000004	40.3982	40.1011	39.8041	39.5812	39.5531	39.6465	39.8835	40.0802	39.9437	40.0381	40.068	39.9777	39.799800000000005	39.8282	39.9257	39.8232	39.847100000000005	39.856	39.7828	39.9634	39.4868	39.7395	39.6708	39.643499999999996	39.5863	39.737899999999996	39.6467	39.7809	39.5173	39.7048	39.8175	39.759299999999996	39.6167	39.598299999999995	39.5797	39.7528	39.529199999999996	39.7807	39.6	39.6217	39.4512	39.481899999999996	39.5916	39.7778	39.6011	39.7553	39.8639	39.9188	39.7891	39.8148	39.704499999999996	39.8828	39.7061	39.766600000000004	39.779599999999995	39.8557	39.759100000000004	40.009299999999996	39.868500000000004	39.9452	39.7098	39.9251	40.0497	40.0518	39.9296	39.8092	40.0246	40.199	39.8084	40.1939	40.0151	39.8768	39.9189	39.9041	40.1054	40.1462	39.994099999999996	40.0721	40.1244	40.1532	39.9841	40.015499999999996	39.882400000000004	40.2972	39.7552	40.02	39.900999999999996	39.9281	40.3223	40.1336	40.2984	40.0862	39.9185	39.9926	40.2023	40.021499999999996	39.6903	40.1582	40.2285	40.436899999999994	40.304899999999996	40.0495	40.3672	40.0004	40.1426	40.223	40.2197	40.4709	40.5145	40.519800000000004	40.8221	40.4296	40.238	40.3026	40.5607	40.775	40.875099999999996	40.2774	41.071200000000005	40.6474	40.8313	40.3277	40.4582	40.2551	40.8564	40.9052	40.775299999999994	41.2486	40.2415
AeA01035_CKDL210012719-1a-AK9142-AK1864_HF5TCDSX2_L1_clmp_r1r2_fastp	53.966499999999996	39.0951	41.1119	38.9593	38.894400000000005	38.4972	37.7509	40.3123	40.1011	37.4959	43.5028	42.666	40.5949	40.078	40.0725	39.970099999999995	40.3225	40.313700000000004	40.3155	40.6536	40.3701	40.2947	39.854800000000004	39.6744	39.3769	39.3926	39.4296	39.7737	39.9329	39.8046	39.8412	39.8791	39.7571	39.590399999999995	39.612	39.728	39.6362	39.7795	39.698499999999996	39.6845	39.7607	39.4308	39.58	39.5107	39.541399999999996	39.4503	39.5318	39.5514	39.5984	39.3784	39.571600000000004	39.663199999999996	39.617599999999996	39.4001	39.5094	39.484399999999994	39.636700000000005	39.4428	39.697900000000004	39.4875	39.521499999999996	39.395799999999994	39.45	39.562000000000005	39.6636	39.4783	39.6973	39.7694	39.8166	39.7072	39.7335	39.667	39.707	39.6136	39.685700000000004	39.6239	39.831	39.702799999999996	39.8912	39.7954	39.8235	39.677099999999996	39.8631	40.042899999999996	40.0733	39.9291	39.7688	40.0291	40.1281	39.806599999999996	40.162	39.8926	39.9165	39.874700000000004	39.8596	40.184999999999995	40.1071	39.9277	40.0528	40.1075	40.0987	39.964	39.932	39.9871	40.2723	39.8467	40.050999999999995	39.8982	40.1201	40.2754	40.2548	40.2882	40.1142	40.0034	39.9885	40.2824	40.1427	39.8631	40.2984	40.2814	40.6242	40.3694	40.1479	40.3893	40.2286	40.4022	40.2026	40.438	40.6901	40.586800000000004	40.5876	40.6035	40.544999999999995	40.4398	40.618300000000005	40.7976	40.7428	40.7287	40.748400000000004	41.0993	40.7397	41.001599999999996	40.539199999999994	40.8288	40.7181	41.260000000000005	41.536699999999996	41.1593	41.4606	40.186
AeA01036_CKDL210012719-1a-AK9142-AK7558_HF5TCDSX2_L1_clmp_r1r2_fastp	53.162699999999994	39.001799999999996	40.5365	38.830799999999996	38.7958	38.4838	37.7048	39.760400000000004	40.055800000000005	37.4807	42.765	42.1363	40.2223	39.8183	39.8273	39.7846	40.117599999999996	40.0991	40.065400000000004	40.3525	40.2026	39.8677	39.4258	39.4736	39.1097	39.1922	39.1167	39.536300000000004	39.8741	39.6652	39.684999999999995	39.6079	39.6219	39.2663	39.434799999999996	39.4971	39.2519	39.4119	39.5093	39.3021	39.402300000000004	39.2152	39.1992	39.281	39.250299999999996	39.1664	39.316	39.3084	39.3228	39.0251	39.291599999999995	39.5576	39.33	39.1607	39.0911	39.2206	39.273599999999995	39.205	39.494099999999996	39.1642	39.142500000000005	39.1686	39.014900000000004	39.3421	39.2435	39.176899999999996	39.3846	39.5161	39.4689	39.2279	39.494800000000005	39.3771	39.3762	39.3344	39.466499999999996	39.3418	39.2702	39.745000000000005	39.7568	39.533	39.5259	39.2694	39.8383	39.7077	40.0724	39.62	39.7754	39.833400000000005	39.9315	39.7466	40.0914	39.9298	39.8031	39.9499	39.682	40.0819	39.8776	39.8249	40.114	40.0914	40.0673	39.888400000000004	40.1385	40.084900000000005	40.1977	39.7832	40.089200000000005	39.778999999999996	40.1055	40.3124	40.533500000000004	40.2885	40.0982	40.0245	40.18	40.4138	40.2163	40.244600000000005	40.7089	40.5558	40.739399999999996	40.846	40.4783	40.476800000000004	40.4676	40.4034	40.6687	40.5638	40.7432	41.0584	40.812	40.7644	40.6281	40.4985	40.5415	40.784	41.3267	41.0068	41.2329	41.3629	40.9085	40.9388	40.8784	41.1088	40.92	41.457899999999995	42.0012	41.3579	41.584700000000005	40.3168
AeA01037_CKDL210012719-1a-AK9142-7UDI308_HF5TCDSX2_L1_clmp_r1r2_fastp	53.2877	38.1125	39.6756	38.034	37.8712	37.546600000000005	36.4528	39.1005	39.1489	36.4549	42.1155	41.566399999999994	39.537299999999995	38.9193	38.862	38.9135	39.018	39.347300000000004	39.238099999999996	39.4497	39.162400000000005	39.1882	38.7158	38.4255	38.1977	38.1692	38.2621	38.5625	38.7225	38.683299999999996	38.8234	38.6738	38.5364	38.5446	38.371300000000005	38.6013	38.2853	38.5773	38.5032	38.3861	38.5859	38.3502	38.5694	38.246900000000004	38.259100000000004	38.2025	38.2425	38.469300000000004	38.4439	38.210899999999995	38.3767	38.509	38.393899999999995	38.2891	38.3068	38.3164	38.1898	38.2549	38.5359	38.189499999999995	38.522600000000004	38.4164	38.1513	38.281	38.6669	38.3179	38.5094	38.4684	38.6262	38.4445	38.600699999999996	38.4958	38.5841	38.5782	38.5792	38.6943	38.6154	38.4906	38.9631	38.9731	38.7757	38.7177	38.9637	39.1263	38.995000000000005	38.8373	38.8579	39.1935	39.3102	38.81	39.4401	39.4093	39.227000000000004	39.2258	39.4454	39.3491	39.725500000000004	39.3978	39.2521	39.408500000000004	40.0152	39.4296	39.387	39.2644	39.513999999999996	39.3666	39.5725	39.6616	39.678799999999995	39.9762	39.730199999999996	39.649499999999996	39.988800000000005	39.8544	39.7334	40.125899999999994	39.8834	39.576499999999996	40.3327	40.0997	40.0692	40.1964	40.0907	40.7161	39.9679	40.2221	40.1312	40.050799999999995	40.7845	40.632200000000005	40.5854	40.6241	40.3927	40.3279	40.7427	40.989799999999995	41.1696	41.103699999999996	41.221799999999995	41.0529	40.7659	41.4933	40.9061	40.9199	41.2227	41.9009	41.5748	40.414899999999996	42.0398	41.2202
AeA01038_CKDL210012719-1a-AK9142-AK2587_HF5TCDSX2_L1_clmp_r1r2_fastp	53.3108	37.8703	39.8166	38.1329	37.9732	37.4224	36.5796	39.144400000000005	38.7552	36.4307	41.9443	41.4002	39.3729	38.8491	38.9548	38.8904	39.177800000000005	39.037	39.010400000000004	39.346199999999996	39.2164	38.9291	38.608599999999996	38.5464	38.218999999999994	38.2509	38.3823	38.602599999999995	38.6579	38.579	38.6721	38.6689	38.4797	38.3186	38.3636	38.4299	38.4441	38.5126	38.4355	38.418	38.5065	38.1983	38.3403	38.3348	38.3726	38.1866	38.1941	38.434200000000004	38.4234	38.2394	38.327299999999994	38.4797	38.4169	38.065599999999996	38.3228	38.3066	38.3972	38.1574	38.494099999999996	38.2828	38.3393	38.1627	38.1834	38.3943	38.3888	38.422200000000004	38.4471	38.5878	38.6591	38.4365	38.7146	38.6993	38.5576	38.5936	38.4683	38.709700000000005	38.8695	38.6147	38.7895	38.7449	38.9293	38.8976	38.690400000000004	39.116099999999996	39.1065	38.9567	38.9648	39.259100000000004	39.2689	38.9262	39.2648	39.3547	39.388400000000004	39.2009	39.2804	39.6421	39.3895	39.271	39.2943	39.5338	39.439	39.5728	39.475100000000005	39.6612	39.8739	39.6262	39.6656	39.6763	39.7267	39.9088	39.8931	40.0915	39.9043	39.907	39.9825	40.2814	40.0314	39.967000000000006	40.3812	40.0229	40.4106	40.5076	40.0593	40.5128	40.5029	40.4585	40.470099999999995	40.8025	40.6351	40.834399999999995	40.999	40.7784	41.0476	40.7121	41.2356	41.2873	41.1738	41.1275	41.2041	42.0612	41.1066	41.578199999999995	41.3226	41.2615	41.2601	41.6765	42.0193	41.7161	42.0805	41.329100000000004
AeA01039_CKDL210012719-1a-AK9142-GC12_HF5TCDSX2_L1_clmp_r1r2_fastp	53.552	38.695800000000006	40.083999999999996	38.349	38.3116	37.9963	37.1093	39.6965	39.557500000000005	36.9778	42.748599999999996	42.100500000000004	40.130900000000004	39.6032	39.5929	39.4986	39.7858	39.7252	39.745999999999995	40.0103	39.8547	39.7111	39.416000000000004	39.1256	38.8896	38.8617	38.9808	39.1816	39.393699999999995	39.256299999999996	39.2911	39.3326	39.2077	39.055	39.089600000000004	39.1554	39.0522	39.1553	39.1219	39.076499999999996	39.2117	38.8775	39.0165	38.9442	38.922200000000004	38.8714	38.9244	38.931900000000006	39.0283	38.8632	38.9361	39.112	38.995400000000004	38.8529	38.91	38.9121	39.0247	38.8303	39.1046	38.853100000000005	38.8969	38.8356	38.852599999999995	38.9025	39.0179	38.8973	38.9939	39.1409	39.2042	39.066	39.1115	39.0366	39.0771	38.9553	39.0388	39.089600000000004	39.1984	39.0615	39.2079	39.2025	39.2377	39.1407	39.2289	39.3121	39.4162	39.236399999999996	39.177	39.3563	39.470499999999994	39.2493	39.5066	39.3175	39.280300000000004	39.275999999999996	39.2744	39.5513	39.508500000000005	39.2952	39.362700000000004	39.3548	39.480399999999996	39.317	39.3965	39.4097	39.510400000000004	39.1733	39.3028	39.278800000000004	39.3766	39.6762	39.555800000000005	39.5704	39.4451	39.2274	39.3702	39.609	39.5047	39.3087	39.591100000000004	39.582	39.8106	39.6476	39.4058	39.6542	39.5642	39.6133	39.618900000000004	39.6434	39.8341	39.883	39.8534	39.7554	39.9202	39.6978	39.8202	39.926899999999996	40.0895	40.1216	39.7793	40.4244	40.0273	40.0706	39.8706	40.0667	40.017399999999995	40.299800000000005	40.5831	40.3902	40.506	39.5565
AeA01040_CKDL210012719-1a-AK9142-7UDI246_HF5TCDSX2_L1_clmp_r1r2_fastp	52.7575	37.866699999999994	39.7394	38.0373	38.1102	37.6355	36.6761	39.1128	38.9569	36.6252	42.0666	41.4546	39.380900000000004	38.933499999999995	38.8033	38.9167	39.198899999999995	39.049499999999995	39.1476	39.3916	39.1924	39.0574	38.644600000000004	38.6496	38.1909	38.378299999999996	38.2771	38.623400000000004	38.8795	38.6048	38.7937	38.733200000000004	38.5098	38.4878	38.439	38.5013	38.4533	38.5441	38.4606	38.5174	38.6432	38.235400000000006	38.432100000000005	38.3932	38.3726	38.101600000000005	38.264900000000004	38.3288	38.2299	38.236	38.2599	38.3221	38.4382	38.1466	38.1673	38.379400000000004	38.194	38.164	38.445	38.22	38.2577	38.3141	38.1604	38.4527	38.4017	38.3649	38.1923	38.5569	38.4553	38.391799999999996	38.6856	38.5924	38.6945	38.5952	38.5523	38.7237	38.7278	38.628800000000005	38.8604	39.0368	39.0009	38.9622	39.158	39.1601	39.1181	39.1991	39.2141	39.2747	39.5794	39.2869	39.4235	39.5035	39.2457	39.5461	39.434200000000004	39.6656	39.5386	39.7281	39.6196	39.7397	39.7294	39.448699999999995	39.8755	39.7926	39.8456	39.5038	39.7828	39.6764	40.1472	40.2293	40.287099999999995	40.2001	40.2772	40.1449	39.944	40.245799999999996	40.626	39.9799	40.5795	40.8568	40.7486	40.792899999999996	40.172200000000004	40.77	40.9546	40.7909	40.8654	40.9392	41.026	41.0221	41.3805	41.0721	41.5122	41.3738	41.3043	41.5104	42.1562	41.5371	41.929300000000005	42.2118	41.4402	41.396300000000004	41.9582	41.346	42.0993	41.5552	41.9727	42.2451	42.4342	42.1324
AeA01041_CKDL210012719-1a-AK8410-7UDI214_HF5TCDSX2_L1_clmp_r1r2_fastp	53.716699999999996	37.7323	39.643299999999996	38.1237	37.8741	37.4991	36.6377	39.2066	39.1226	36.5232	42.533100000000005	41.669	39.6334	39.0991	39.0527	38.9987	39.3001	39.2327	39.2949	39.5264	39.366	39.2523	38.8731	38.5948	38.4109	38.3847	38.4632	38.746700000000004	38.914500000000004	38.7539	38.8613	38.8504	38.7722	38.6299	38.5928	38.712999999999994	38.5906	38.6673	38.615	38.6361	38.791599999999995	38.345400000000005	38.542	38.4868	38.4251	38.424	38.4101	38.4722	38.5507	38.333600000000004	38.420100000000005	38.6046	38.5341	38.2962	38.414	38.3626	38.4899	38.3515	38.5177	38.3707	38.378	38.2936	38.2907	38.460699999999996	38.5035	38.339600000000004	38.4776	38.5884	38.618	38.5294	38.5909	38.5066	38.610299999999995	38.4606	38.5168	38.5333	38.6746	38.5401	38.689800000000005	38.6438	38.738299999999995	38.5086	38.7274	38.8001	38.9276	38.7319	38.6271	38.8818	38.9383	38.672200000000004	39.0359	38.7896	38.764199999999995	38.776500000000006	38.716	38.995000000000005	39.0085	38.763799999999996	38.8934	39.0479	38.9438	38.8431	38.8882	38.8504	39.1512	38.7597	38.811299999999996	38.8841	39.0453	39.208	39.0719	39.116299999999995	39.0167	38.898700000000005	38.97	39.309	39.198	38.8897	39.3347	39.204299999999996	39.6272	39.341300000000004	39.0733	39.3677	39.2847	39.1398	39.3731	39.3426	39.4272	39.5053	39.5107	39.617000000000004	39.4655	39.468199999999996	39.4399	39.645599999999995	39.8295	39.7686	39.7022	40.2946	39.7132	39.9428	39.706599999999995	39.645399999999995	39.7619	40.295500000000004	40.4212	40.317	40.323100000000004	39.0849
AeA01042_CKDL210012719-1a-AK8410-AK4971_HF5TCDSX2_L1_clmp_r1r2_fastp	52.249100000000006	36.975	38.7699	37.123	37.107800000000005	36.5475	35.7427	38.1056	37.9173	35.7595	41.007	40.3788	38.5322	38.0048	37.9058	37.9843	38.205600000000004	38.1625	38.2186	38.4762	38.2922	38.0834	37.7891	37.562400000000004	37.286500000000004	37.3018	37.3193	37.6598	37.804300000000005	37.6184	37.7388	37.7776	37.627300000000005	37.500499999999995	37.466699999999996	37.6375	37.552	37.5589	37.520199999999996	37.567699999999995	37.6723	37.247	37.410900000000005	37.3949	37.3377	37.3202	37.410700000000006	37.3739	37.5182	37.2748	37.3733	37.6037	37.491	37.2468	37.3892	37.3703	37.403	37.3068	37.495	37.3754	37.332	37.2558	37.2678	37.453199999999995	37.491	37.3686	37.4209	37.625	37.5549	37.527300000000004	37.541000000000004	37.554300000000005	37.6243	37.4908	37.554300000000005	37.561499999999995	37.669000000000004	37.568	37.726	37.7626	37.7759	37.546	37.7801	37.9035	37.9768	37.8628	37.756699999999995	38.079499999999996	38.0162	37.830000000000005	38.2235	37.8742	37.960300000000004	37.898399999999995	37.8444	38.216699999999996	38.214	37.9407	38.051	38.150800000000004	38.0998	38.000699999999995	38.0077	38.0869	38.3691	37.8765	38.1127	38.0386	38.278400000000005	38.3539	38.2361	38.441900000000004	38.3748	38.2057	38.1727	38.5505	38.5262	38.1393	38.5647	38.5026	38.8988	38.5782	38.3145	38.8077	38.53	38.6811	38.6218	38.785399999999996	38.8909	38.8032	38.9045	38.939	39.0788	38.825700000000005	39.0875	39.2491	39.212599999999995	39.088499999999996	39.1668	39.7129	39.166000000000004	39.542300000000004	39.1575	39.298100000000005	39.2269	39.638600000000004	39.879	39.8384	39.9653	38.54
AeA01043_CKDL210012719-1a-AK8410-AK1864_HF5TCDSX2_L1_clmp_r1r2_fastp	54.102700000000006	38.792500000000004	40.563500000000005	39.1006	38.7688	38.1359	37.4101	39.9457	39.6888	37.263400000000004	42.9855	42.2468	40.4054	39.781499999999994	39.7099	39.744099999999996	40.1638	39.940799999999996	39.992	40.1807	40.0729	39.9362	39.5997	39.5339	39.2034	39.2163	39.1338	39.5205	39.5408	39.493	39.5205	39.6331	39.5129	39.320899999999995	39.4207	39.4716	39.3594	39.4198	39.2975	39.6	39.4473	39.2958	39.2807	39.3149	39.2276	39.2882	39.1666	39.2295	39.246700000000004	39.0854	39.153	39.3744	39.3499	39.205400000000004	39.2643	39.2104	39.2594	39.0948	39.315	39.2261	39.2147	39.1515	39.1389	39.3082	39.28	39.211400000000005	39.2592	39.3654	39.392500000000005	39.407399999999996	39.4877	39.457	39.3621	39.420500000000004	39.3686	39.523	39.5013	39.3931	39.6174	39.6692	39.752700000000004	39.603300000000004	39.6675	39.7845	39.962599999999995	39.6865	39.6359	39.880700000000004	39.8368	39.6818	40.0493	39.9086	40.0281	39.8905	39.8037	40.1016	40.1957	40.045500000000004	39.7905	40.253	40.1679	39.908500000000004	40.0805	40.0245	40.0284	39.9713	39.9448	39.919399999999996	40.36	40.2504	40.447100000000006	40.6485	40.679500000000004	40.2205	40.215	40.515	40.3127	40.3649	40.4232	40.5133	40.7933	40.3569	40.5674	40.683	40.5664	40.5861	40.6981	40.690799999999996	40.9751	40.6878	40.7874	40.875699999999995	40.895399999999995	41.004000000000005	41.2013	41.0032	41.1847	41.0531	40.961999999999996	41.1089	41.218700000000005	41.3492	40.5797	40.9212	41.1808	41.1777	41.6655	41.391	41.657	40.4368
AeA01044_CKDL210012719-1a-AK8410-AK7558_HF5TCDSX2_L1_clmp_r1r2_fastp	53.0879	37.5576	39.2812	37.585	37.4095	36.9991	36.0498	38.5866	38.4478	36.2168	41.7493	41.0832	39.1082	38.5955	38.5311	38.4939	38.744	38.703700000000005	38.7415	38.9772	38.804300000000005	38.7117	38.310100000000006	38.0911	37.9122	37.8913	37.896	38.225300000000004	38.3834	38.1872	38.3279	38.3397	38.2636	38.0693	37.9957	38.1635	38.0687	38.1092	38.0778	38.0563	38.2319	37.8345	37.9931	37.8978	37.9295	37.8778	37.9225	37.9341	38.0376	37.7938	37.9127	38.1025	37.9784	37.9209	37.8789	37.8899	38.0057	37.838899999999995	38.021300000000004	37.891999999999996	37.8162	37.7185	37.7355	37.943	37.9905	37.853300000000004	37.952799999999996	38.0349	38.093900000000005	37.988499999999995	38.0779	37.9546	38.1252	37.8662	38.091	38.0674	38.1208	37.9713	38.191900000000004	38.1274	38.230399999999996	38.063399999999994	38.176700000000004	38.3784	38.460699999999996	38.2523	38.170300000000005	38.3633	38.4629	38.184400000000004	38.5558	38.288	38.3205	38.314	38.2381	38.7144	38.5525	38.2816	38.480399999999996	38.4397	38.4784	38.3984	38.3737	38.2905	38.5583	38.2161	38.299499999999995	38.2266	38.5766	38.7739	38.641799999999996	38.8683	38.5893	38.466	38.5691	38.9622	38.6484	38.4993	38.8302	38.784	39.047	38.805	38.6263	38.8866	38.8085	38.9308	38.920500000000004	38.849000000000004	39.1337	38.9796	39.1325	39.4539	39.2293	38.9511	39.3268	39.3097	39.2827	39.3548	39.2468	39.7959	39.3588	39.4371	39.2398	39.718900000000005	39.1954	39.9608	40.2649	39.8915	39.9459	38.7386
AeA01045_CKDL210012719-1a-AK8410-7UDI308_HF5TCDSX2_L1_clmp_r1r2_fastp	53.7044	38.0827	39.636300000000006	38.2257	38.106	37.7506	36.708200000000005	39.021899999999995	39.0876	36.8272	42.3646	41.8523	40.0154	39.4771	39.3813	39.319900000000004	39.6219	39.5245	39.567	39.8397	39.6814	39.6021	39.2125	38.9955	38.7732	38.7241	38.7618	39.0316	39.2104	39.048	39.1604	39.219	39.0873	38.9244	38.9523	38.926300000000005	38.8578	38.9836	38.8988	38.9014	39.0132	38.6387	38.8418	38.7416	38.6849	38.664	38.754	38.6587	38.738499999999995	38.5696	38.6526	38.8121	38.7102	38.5886	38.5935	38.598	38.6166	38.4666	38.7004	38.508700000000005	38.515	38.4515	38.4147	38.5342	38.5777	38.4281	38.5695	38.688	38.7156	38.5886	38.5791	38.5658	38.6653	38.541799999999995	38.607200000000006	38.5858	38.6985	38.577	38.8352	38.6959	38.8455	38.6412	38.8095	38.868900000000004	38.953700000000005	38.8206	38.7122	38.9238	39.002199999999995	38.695800000000006	39.0002	38.7552	38.791799999999995	38.8068	38.7959	38.9613	39.007799999999996	38.7718	38.8887	38.8817	38.9773	38.8692	38.8654	38.7703	39.0329	38.6881	38.7986	38.8224	38.9559	39.1072	38.972899999999996	39.1602	38.947500000000005	38.7821	38.8575	39.0574	38.9562	38.7526	39.0773	39.0221	39.2507	39.2727	38.9323	39.237100000000005	39.129000000000005	39.081700000000005	39.1882	39.2147	39.1395	39.313700000000004	39.3497	39.2559	39.380700000000004	39.2189	39.3233	39.5379	39.7084	39.488299999999995	39.561	39.8151	39.3851	39.6335	39.407399999999996	39.5408	39.3957	40.1408	39.9983	39.953	40.2334	38.989000000000004
AeA01046_CKDL210012719-1a-AK8410-AK2587_HF5TCDSX2_L1_clmp_r1r2_fastp	51.4509	38.3263	38.9701	37.9523	38.006499999999996	37.222	36.4172	38.534400000000005	38.2693	36.4604	41.0022	40.6142	39.089600000000004	38.6735	38.550200000000004	38.693	38.7882	38.6301	38.7611	38.9872	38.74	38.574000000000005	38.3912	38.1658	37.996	37.9895	38.0335	38.2619	38.421499999999995	38.197900000000004	38.3821	38.459900000000005	38.235200000000006	38.1187	38.2415	38.2009	38.047599999999996	38.181799999999996	38.1048	38.2496	38.3054	37.9279	38.1092	38.182500000000005	37.885600000000004	38.0227	38.1042	37.9287	38.0729	37.9799	37.961	38.1474	38.1064	37.8255	37.954	38.1244	37.9702	37.8689	38.1067	37.937599999999996	38.041399999999996	37.9319	37.8446	38.0108	38.0969	37.8531	37.9949	38.257400000000004	38.1787	38.1395	38.277499999999996	38.1662	38.214999999999996	38.2794	38.1595	38.243700000000004	38.4415	38.230599999999995	38.372	38.6036	38.514700000000005	38.4285	38.5369	38.7347	38.716499999999996	38.765899999999995	38.5145	38.920300000000005	38.957	38.6253	38.893899999999995	39.052	38.844899999999996	38.7679	38.97	39.183299999999996	39.0804	38.988299999999995	39.0187	39.1325	39.1517	39.072	39.0921	39.3696	39.3221	38.9905	39.292899999999996	39.2254	39.3179	39.4114	39.4848	39.6141	39.5306	39.2278	39.5398	40.0146	39.5679	39.4307	39.913399999999996	39.7358	40.0364	39.8914	39.7334	40.1756	39.8534	40.0478	40.061099999999996	40.498400000000004	40.253	40.291700000000006	40.4822	40.4103	40.3252	40.5223	40.3552	40.813100000000006	40.7385	40.6685	40.8682	41.2723	40.707	41.0345	40.912	40.997499999999995	41.010600000000004	41.309000000000005	41.3122	41.0701	41.6571	40.739399999999996
AeA01047_CKDL210012719-1a-AK8410-GC12_HF5TCDSX2_L1_clmp_r1r2_fastp	53.900800000000004	38.704899999999995	40.2298	38.495200000000004	38.3692	37.9701	37.2693	39.7115	39.5678	37.1646	42.741800000000005	42.0699	40.187400000000004	39.6471	39.585300000000004	39.531	39.8028	39.8005	39.8124	40.0967	39.881899999999995	39.821400000000004	39.3904	39.2066	38.9447	38.947500000000005	39.015899999999995	39.2358	39.4799	39.2917	39.3903	39.4207	39.2833	39.144600000000004	39.1329	39.2542	39.1039	39.2219	39.1442	39.151799999999994	39.3102	38.8518	39.0506	39.0035	38.9824	38.960499999999996	38.9848	38.9737	39.1157	38.845800000000004	38.9785	39.133	39.0636	38.9009	38.9558	38.95	39.0443	38.8756	39.0863	38.8893	38.9358	38.825700000000005	38.846599999999995	38.9906	39.0345	38.8835	39.0616	39.1258	39.157	39.0424	39.103500000000004	39.0117	39.170500000000004	38.9842	39.0653	39.0715	39.1729	39.0438	39.2087	39.0977	39.2582	39.0504	39.1652	39.3323	39.4035	39.219500000000004	39.0877	39.3409	39.3998	39.1224	39.4858	39.2122	39.171800000000005	39.1468	39.1415	39.4634	39.324799999999996	39.1456	39.2223	39.3571	39.3115	39.2523	39.245200000000004	39.136500000000005	39.4272	39.0601	39.1068	39.1255	39.3342	39.4803	39.4296	39.4758	39.3167	39.1273	39.086999999999996	39.5055	39.3251	39.151599999999995	39.4432	39.4019	39.678799999999995	39.5403	39.333	39.4585	39.2684	39.4711	39.474900000000005	39.5446	39.736900000000006	39.608900000000006	39.6659	39.6359	39.6018	39.5112	39.6538	39.7934	39.916000000000004	39.861799999999995	39.835100000000004	40.265299999999996	39.731100000000005	39.9943	39.8162	39.8053	39.839	40.2041	40.4007	40.1877	40.5293	39.3448
AeA01048_CKDL210012719-1a-AK8410-7UDI246_HF5TCDSX2_L1_clmp_r1r2_fastp	56.0496	41.151700000000005	42.4759	41.2424	40.8794	40.422999999999995	39.772800000000004	42.5012	42.091699999999996	39.636900000000004	45.528800000000004	44.7305	42.6843	42.1286	42.0104	42.0392	42.3796	42.1931	42.329699999999995	42.6057	42.1963	42.253299999999996	41.9204	41.6645	41.467999999999996	41.531800000000004	41.4657	41.797000000000004	42.025	41.7733	41.842800000000004	41.949999999999996	41.6883	41.6403	41.6871	41.6659	41.6435	41.7943	41.6091	41.6792	41.8223	41.3574	41.6072	41.6055	41.4576	41.497299999999996	41.6695	41.492200000000004	41.6984	41.5156	41.5622	41.665	41.7269	41.44	41.5351	41.6563	41.6061	41.4878	41.7881	41.4596	41.574	41.5563	41.3817	41.6408	41.7592	41.4715	41.6437	41.7854	41.742200000000004	41.7239	41.8557	41.654	41.790699999999994	41.7553	41.6797	41.701899999999995	41.9792	41.724	41.913	41.9753	41.9548	41.8412	42.045500000000004	42.093799999999995	42.2082	42.1308	41.9543	42.1688	42.3373	41.9713	42.3732	42.1481	42.1062	42.169200000000004	42.240899999999996	42.3796	42.449799999999996	42.436800000000005	42.2054	42.4193	42.5539	42.2909	42.397	42.531	42.5042	42.3418	42.5554	42.3596	42.646	42.8977	42.6933	42.7637	42.8068	42.4941	42.6126	42.9186	42.6314	42.6083	43.0974	42.875	43.2485	43.2594	42.794	43.0036	43.167899999999996	43.1473	43.1994	43.3347	43.354	43.412800000000004	43.546600000000005	43.364799999999995	43.513400000000004	43.6565	43.4305	43.7614	43.8668	43.6512	43.744699999999995	44.1504	43.6841	43.9259	43.9983	43.940200000000004	43.9799	44.3553	44.3529	44.3678	44.6838	43.521100000000004
AeA01049_CKDL210012719-1a-AK8587-7UDI214_HF5TCDSX2_L1_clmp_r1r2_fastp	52.96340000000001	38.6476	39.9627	38.1186	38.1997	37.8285	36.942	39.4795	39.380700000000004	36.8363	42.5512	41.8318	39.934999999999995	39.461600000000004	39.340599999999995	39.321	39.5804	39.4925	39.5535	39.814699999999995	39.6229	39.494299999999996	39.1616	38.893899999999995	38.6447	38.651	38.718399999999995	38.967	39.1689	39.0315	39.1211	39.088	39.004	38.8194	38.8405	38.9795	38.839	38.9297	38.9709	38.8694	39.082899999999995	38.7076	38.8793	38.8156	38.7967	38.737300000000005	38.7867	38.8151	38.8616	38.7011	38.8177	38.9598	38.8992	38.723800000000004	38.7781	38.7648	38.8827	38.6931	38.927299999999995	38.8057	38.7868	38.702	38.753	38.8294	38.907000000000004	38.8107	38.8669	38.9586	39.0351	38.879599999999996	38.9928	38.913	38.9828	38.8756	38.9189	38.9276	39.0395	38.9395	39.0868	39.0471	39.122	38.946799999999996	39.108900000000006	39.2307	39.2194	39.1951	39.0822	39.234700000000004	39.356700000000004	39.1023	39.4039	39.2605	39.1383	39.1626	39.195600000000006	39.4146	39.3954	39.2696	39.347	39.4588	39.304	39.305099999999996	39.2903	39.3165	39.4709	39.143299999999996	39.2405	39.183	39.3536	39.487	39.4356	39.5169	39.3444	39.231899999999996	39.3076	39.5677	39.4187	39.223	39.6081	39.4321	39.7474	39.4998	39.400800000000004	39.48	39.4168	39.516400000000004	39.4228	39.5063	39.7139	39.6505	39.6175	39.690799999999996	39.5841	39.5319	39.6899	39.7519	39.844	39.9078	39.8452	40.1179	39.7241	40.012	39.6533	39.9275	39.8024	40.0333	40.199	40.0191	40.2336	39.1783
AeA01050_CKDL210012719-1a-AK8587-AK4971_HF5TCDSX2_L1_clmp_r1r2_fastp	55.2779	38.8643	41.2075	38.9737	38.737700000000004	38.4123	37.6565	40.5156	40.3315	37.5021	43.9185	42.930800000000005	40.681200000000004	40.0307	40.0801	40.0045	40.329100000000004	40.3485	40.3557	40.748400000000004	40.4444	40.3427	39.8692	39.6887	39.306799999999996	39.3388	39.481100000000005	39.806200000000004	40.0467	39.8377	39.9609	39.929700000000004	39.788000000000004	39.6025	39.6076	39.8357	39.635	39.81	39.7451	39.732800000000005	39.8087	39.4386	39.5645	39.5035	39.614399999999996	39.511	39.5689	39.616099999999996	39.7158	39.3878	39.5863	39.7954	39.6311	39.458	39.5382	39.4955	39.759100000000004	39.4853	39.7934	39.5764	39.5132	39.400400000000005	39.4221	39.5997	39.6684	39.5279	39.7062	39.8093	39.8693	39.6932	39.7624	39.6409	39.7545	39.5521	39.6327	39.6036	39.793099999999995	39.6413	39.8493	39.689099999999996	39.801199999999994	39.602399999999996	39.7482	39.9945	40.0528	39.7909	39.6993	40.001	40.023599999999995	39.676899999999996	40.1721	39.7963	39.7774	39.7887	39.7312	40.1942	40.0473	39.8083	39.9561	40.070899999999995	40.0079	39.8732	39.847300000000004	39.8994	40.1001	39.5713	39.8259	39.7609	39.9945	40.2158	40.1057	40.2156	39.953	39.704899999999995	39.7111	40.131699999999995	39.872800000000005	39.661	40.097300000000004	40.0811	40.495	40.1308	39.9148	40.121	39.9351	40.1399	40.032000000000004	40.1862	40.3594	40.367999999999995	40.4176	40.5265	40.394000000000005	40.2363	40.4227	40.5755	40.4771	40.6648	40.3951	41.0997	40.3649	40.7385	40.2311	40.4892	40.3393	40.9519	41.167500000000004	40.928399999999996	41.0342	39.8355
AeA01051_CKDL210012719-1a-AK8587-AK1864_HF5TCDSX2_L1_clmp_r1r2_fastp	54.031	38.7473	40.574	38.590799999999994	38.4348	38.1709	37.3168	39.96	39.8694	37.223299999999995	43.223299999999995	42.396899999999995	40.2404	39.7435	39.7221	39.6381	39.9215	39.915299999999995	39.974	40.2291	40.0381	39.9602	39.574999999999996	39.3577	39.0542	39.0452	39.170899999999996	39.402	39.5914	39.448699999999995	39.543299999999995	39.5037	39.414	39.2361	39.2209	39.3631	39.216899999999995	39.3502	39.3284	39.2919	39.4224	39.0722	39.2079	39.1185	39.124900000000004	39.0643	39.116299999999995	39.1016	39.2258	38.9909	39.1756	39.300000000000004	39.1873	39.0445	39.1128	39.0656	39.236900000000006	39.0482	39.275999999999996	39.1279	39.0996	39.016	39.0115	39.1751	39.2041	39.0768	39.2185	39.3071	39.3181	39.2636	39.3057	39.2166	39.273599999999995	39.136900000000004	39.2248	39.2399	39.319900000000004	39.242	39.385999999999996	39.3174	39.4144	39.2421	39.4037	39.5756	39.6357	39.4099	39.306999999999995	39.528200000000005	39.624500000000005	39.3383	39.7134	39.4394	39.4262	39.4212	39.422000000000004	39.7346	39.5937	39.3703	39.567099999999996	39.6862	39.6614	39.5554	39.5391	39.5107	39.693400000000004	39.3222	39.4207	39.427	39.5409	39.772	39.7636	39.817	39.6561	39.4565	39.5134	39.745799999999996	39.628099999999996	39.399499999999996	39.6824	39.679700000000004	40.013799999999996	39.7168	39.561	39.7217	39.7252	39.822	39.7368	39.8508	39.9933	40.0557	40.0148	39.9852	40.0462	39.8194	39.9932	40.2408	40.164	40.232099999999996	40.1012	40.5611	40.1652	40.415099999999995	40.0718	40.307900000000004	40.0848	40.5481	40.676899999999996	40.4362	40.6075	39.629599999999996
AeA01052_CKDL210012719-1a-AK8587-AK7558_HF5TCDSX2_L1_clmp_r1r2_fastp	52.91630000000001	38.6888	39.8614	38.1415	38.1133	37.7386	36.9761	39.1997	39.1909	36.8437	42.181999999999995	41.5471	39.7087	39.2673	39.2094	39.1313	39.4901	39.4383	39.448	39.6863	39.542500000000004	39.39	39.000099999999996	38.8401	38.5077	38.580799999999996	38.5428	38.8949	39.0568	38.9738	39.0323	39.0105	38.9876	38.7573	38.7999	38.8675	38.6473	38.8421	38.81	38.7285	39.015	38.4823	38.7336	38.655899999999995	38.5431	38.4872	38.6375	38.7147	38.7069	38.548300000000005	38.5556	38.6394	38.7061	38.436	38.5093	38.6143	38.722	38.474000000000004	38.7134	38.5741	38.5266	38.4622	38.5788	38.595	38.711800000000004	38.5742	38.7309	38.7241	38.8722	38.7075	38.8273	38.779	38.8397	38.765699999999995	38.7425	38.8023	38.818599999999996	38.813199999999995	38.8875	38.8467	38.9716	38.8144	39.0515	39.138	39.1502	39.1102	38.7583	39.1649	39.2044	38.9292	39.3674	39.0281	39.1421	39.1609	39.135999999999996	39.4503	39.3024	39.1261	39.165	39.2543	39.305099999999996	39.1469	39.31	39.0797	39.36	39.061299999999996	39.1042	39.1815	39.461	39.621	39.364	39.5694	39.3606	39.2476	39.3731	39.5673	39.5359	39.2385	39.6827	39.5362	40.0014	39.8246	39.5529	39.6828	39.5993	39.7013	39.502700000000004	39.8713	39.8673	39.9604	39.7164	39.953300000000006	39.989799999999995	39.7409	40.1425	40.0669	40.1754	40.161	39.8832	40.46	39.839400000000005	40.1607	40.0435	39.961200000000005	40.2173	40.4199	40.812599999999996	40.3429	40.7764	40.029399999999995
AeA01053_CKDL210012719-1a-AK8587-7UDI308_HF5TCDSX2_L1_clmp_r1r2_fastp	53.166000000000004	38.2883	40.139	38.1334	38.053799999999995	37.660199999999996	36.8473	39.2762	39.4206	36.6425	42.4921	41.6646	39.6884	39.2943	39.2635	39.1424	39.3615	39.3075	39.3493	39.8042	39.3947	39.353100000000005	38.9714	38.7768	38.5899	38.6544	38.710699999999996	38.8756	39.063900000000004	38.7687	38.8044	39.0714	38.8089	38.7104	38.845200000000006	38.8057	38.563399999999994	38.9118	38.6633	38.7251	38.8813	38.4072	38.630700000000004	38.5754	38.7511	38.5463	38.570100000000004	38.6751	38.5755	38.4309	38.617000000000004	38.652	38.7448	38.611200000000004	38.5152	38.7217	38.5361	38.4519	38.7044	38.6118	38.6772	38.568400000000004	38.595800000000004	38.6164	38.7478	38.744	38.5172	38.9946	38.7533	38.8288	38.7849	38.869	38.982	38.7823	39.103500000000004	38.7762	38.8979	38.925399999999996	39.118	39.0552	39.0513	38.982299999999995	39.1023	39.3622	39.1895	39.2153	39.0276	39.397	39.5184	39.074799999999996	39.5495	39.617000000000004	39.547	39.346	39.3882	39.5273	39.5525	39.37	39.571600000000004	39.528999999999996	39.5982	39.4104	39.361200000000004	39.7918	39.8921	39.4945	39.6733	39.5617	39.798	39.8525	39.590199999999996	39.9658	39.9464	39.4792	39.7809	40.0451	40.152300000000004	39.6399	40.179500000000004	40.001999999999995	40.3253	40.1706	39.871	40.5276	40.1922	40.4878	39.9555	39.9039	40.722	40.2488	40.4861	40.934599999999996	40.5055	40.110800000000005	40.7447	40.2874	40.869	40.5582	40.6541	41.1235	40.9656	41.0101	40.4219	40.7519	40.2729	41.4777	41.5313	41.2592	41.3536	40.5835
AeA01054_CKDL210012719-1a-AK8587-AK2587_HF5TCDSX2_L1_clmp_r1r2_fastp	53.971599999999995	38.3125	40.1267	38.1937	38.0753	37.5602	36.7551	39.3252	39.212599999999995	36.6757	42.6326	41.915200000000006	39.8746	39.3161	39.2393	39.1663	39.495599999999996	39.4462	39.4233	39.719	39.5597	39.4243	39.0544	38.888099999999994	38.616099999999996	38.551	38.6688	38.9107	39.0785	38.959500000000006	39.037	39.0822	38.993	38.7857	38.7819	38.914300000000004	38.7746	38.864599999999996	38.8616	38.829	38.9239	38.6272	38.7805	38.6853	38.7021	38.6332	38.6642	38.7042	38.8229	38.5559	38.6936	38.8441	38.756	38.6222	38.6652	38.634800000000006	38.792300000000004	38.5936	38.832	38.676500000000004	38.6788	38.5558	38.6	38.6693	38.7581	38.6473	38.7183	38.8126	38.928000000000004	38.7598	38.8414	38.7733	38.8598	38.6894	38.800000000000004	38.785	38.8934	38.8063	38.9507	38.8857	39.0116	38.8232	38.976499999999994	39.089400000000005	39.1264	39.0191	38.890299999999996	39.094	39.167	38.9168	39.2882	39.0077	39.0634	39.001799999999996	38.9839	39.3333	39.2451	39.027499999999996	39.1651	39.2285	39.2223	39.156	39.151399999999995	39.162400000000005	39.2944	39.0011	39.1347	39.085	39.1621	39.3965	39.342	39.3778	39.2873	39.110099999999996	39.1519	39.4246	39.3335	39.0654	39.3774	39.3456	39.695	39.4786	39.2139	39.419	39.3037	39.4267	39.3882	39.4797	39.6659	39.5249	39.651399999999995	39.7254	39.583	39.5915	39.7003	39.7913	39.8814	39.7867	39.7721	40.145599999999995	39.766600000000004	40.006	39.6547	39.8535	39.748400000000004	40.0392	40.3027	40.1183	40.353899999999996	39.1822
AeA01055_CKDL210012719-1a-AK8587-GC12_HF5TCDSX2_L1_clmp_r1r2_fastp	52.262	38.438	39.542500000000004	38.1137	38.0995	37.6257	36.8039	39.1889	38.966699999999996	36.7935	41.9013	41.3213	39.4654	39.0573	38.9413	38.9955	39.3181	39.0801	39.135	39.506099999999996	39.2893	39.046	38.8567	38.5811	38.3212	38.373000000000005	38.3817	38.6314	38.9	38.5965	38.7849	38.9047	38.5934	38.4573	38.561099999999996	38.7406	38.550200000000004	38.610699999999994	38.519999999999996	38.5728	38.7406	38.3143	38.487100000000005	38.5513	38.3952	38.4147	38.4661	38.4415	38.489000000000004	38.3765	38.3639	38.6215	38.5766	38.2869	38.3888	38.4853	38.514199999999995	38.2396	38.6226	38.3434	38.440999999999995	38.3821	38.3647	38.408300000000004	38.575700000000005	38.4129	38.5034	38.7262	38.6399	38.5114	38.7468	38.6301	38.670100000000005	38.5664	38.6195	38.7939	38.794000000000004	38.676100000000005	38.8301	38.929399999999994	38.9115	38.7318	38.9894	39.0499	39.022800000000004	39.1028	38.9079	39.1136	39.299499999999995	39.0039	39.293800000000005	39.3145	39.0963	39.1442	39.326899999999995	39.3785	39.3636	39.274100000000004	39.3571	39.4031	39.5406	39.2274	39.4448	39.5609	39.5396	39.3751	39.566	39.3304	39.5546	39.7953	39.6833	39.7565	39.7151	39.542699999999996	39.5264	39.9789	39.4911	39.528400000000005	39.8303	39.8485	40.0398	40.1499	39.8113	40.0122	40.113	40.149699999999996	40.0233	40.2967	40.1549	40.204	40.4577	40.4649	40.3557	40.2051	40.414899999999996	40.5242	40.6914	40.8394	40.397800000000004	41.092600000000004	40.480199999999996	40.9298	40.8729	40.9188	40.8622	41.3481	41.1736	41.1977	41.553200000000004	40.3702
AeA01056_CKDL210012719-1a-AK8587-7UDI246_HF5TCDSX2_L1_clmp_r1r2_fastp	53.8304	38.6434	40.7327	38.6759	38.590799999999994	38.2928	37.4853	40.016400000000004	39.8733	37.332100000000004	43.2054	42.3774	40.3204	39.858900000000006	39.8232	39.6954	40.01	40.0077	40.0305	40.3309	40.1378	40.0079	39.6743	39.4441	39.1666	39.1712	39.2376	39.5133	39.6962	39.5987	39.6396	39.6414	39.561099999999996	39.3401	39.3537	39.5161	39.354	39.4668	39.457300000000004	39.4358	39.5542	39.1887	39.340199999999996	39.2532	39.2488	39.196799999999996	39.2439	39.2401	39.3277	39.105000000000004	39.2463	39.364	39.2747	39.1199	39.219300000000004	39.1529	39.3026	39.124199999999995	39.3397	39.1749	39.1845	39.109100000000005	39.122299999999996	39.1943	39.2789	39.1837	39.2729	39.3715	39.4248	39.2637	39.3448	39.2723	39.3494	39.2143	39.301700000000004	39.332699999999996	39.3848	39.325700000000005	39.4349	39.385799999999996	39.4679	39.2864	39.395599999999995	39.5948	39.5882	39.4159	39.339200000000005	39.5768	39.616299999999995	39.326899999999995	39.6744	39.4327	39.3779	39.3647	39.3564	39.6509	39.5691	39.3716	39.468199999999996	39.6051	39.4632	39.4332	39.3698	39.3931	39.5874	39.2628	39.366299999999995	39.2346	39.4979	39.6807	39.5368	39.6921	39.5297	39.3403	39.3238	39.6728	39.506	39.1671	39.6451	39.5786	39.968900000000005	39.6946	39.486	39.6744	39.5578	39.713	39.5766	39.6482	39.9274	39.9482	39.9824	39.9934	39.9272	39.7883	40.016200000000005	40.0599	40.1756	40.1522	40.0576	40.5992	40.0681	40.2489	40.0161	40.0336	40.0487	40.5053	40.7223	40.4482	40.585100000000004	39.4787
AeA01057_CKDL210012719-1a-AK7759-7UDI214_HF5TCDSX2_L1_clmp_r1r2_fastp	51.7072	37.2405	39.0591	37.587399999999995	37.4906	36.9975	36.1336	38.5114	38.271	36.0283	41.5039	40.9528	38.7954	38.437599999999996	38.2882	38.4187	38.663	38.4951	38.643499999999996	38.935700000000004	38.6774	38.617000000000004	38.2052	37.9187	37.708000000000006	37.7549	37.721700000000006	38.190200000000004	38.1736	38.1587	38.2089	38.1595	37.8967	37.9025	38.0421	38.1544	37.9771	38.1091	37.96	38.0194	38.0244	37.6808	37.9585	37.7714	37.6958	37.7348	37.689099999999996	37.7924	37.9774	37.6577	37.6535	37.8942	37.772	37.6251	37.752599999999994	37.8582	37.7482	37.7527	37.8819	37.7326	37.7312	37.6937	37.5651	37.8623	37.8073	37.6536	37.865700000000004	37.9907	38.0069	38.037	38.0577	38.1021	38.1219	38.063599999999994	38.1509	37.974000000000004	38.2405	37.9429	38.3148	38.326100000000004	38.3239	38.1691	38.367200000000004	38.589	38.4778	38.568599999999996	38.353300000000004	38.7057	38.712999999999994	38.290400000000005	38.7704	38.8288	38.5667	38.7438	38.7136	39.0781	39.042	38.9783	39.0176	39.0625	39.3256	38.9277	39.1874	39.117200000000004	39.4138	39.164500000000004	39.4388	39.1515	39.5021	39.7567	39.496700000000004	39.8152	39.6662	39.4598	39.5344	39.945	39.9581	39.6049	39.813900000000004	40.0004	40.219500000000004	39.8986	39.6856	40.3155	40.1897	40.3852	40.7452	40.766999999999996	40.446	40.597100000000005	40.3113	40.9088	40.6952	40.8253	41.2726	41.2616	41.3598	40.7325	41.396899999999995	41.4602	40.827000000000005	42.3186	41.4659	41.029199999999996	41.9573	42.2845	42.047000000000004	42.2255	42.600300000000004	41.0802
AeA01058_CKDL210012719-1a-AK7759-AK4971_HF5TCDSX2_L1_clmp_r1r2_fastp	50.4045	36.594	38.622499999999995	37.2519	36.9749	36.2375	35.638	37.9785	37.7323	35.6466	40.6679	40.138400000000004	38.1484	37.6864	37.6663	37.7895	37.999500000000005	37.8572	38.0197	38.233200000000004	37.9949	37.8307	37.5988	37.3913	37.1452	37.086999999999996	37.1652	37.4769	37.6075	37.3799	37.4867	37.6276	37.338300000000004	37.1713	37.385200000000005	37.330000000000005	37.1761	37.315799999999996	37.2085	37.365500000000004	37.377	37.0514	37.1736	37.306200000000004	37.0923	36.9808	37.156800000000004	37.1284	37.1516	37.073699999999995	37.024	37.2333	37.1671	36.9437	37.020199999999996	37.1512	37.049	36.855900000000005	37.1381	37.0476	37.0256	36.9243	36.9272	37.1151	37.1396	36.9835	37.0848	37.298700000000004	37.2697	37.1286	37.4024	37.3341	37.3352	37.268499999999996	37.3273	37.4176	37.656	37.3478	37.6195	37.7757	37.732	37.5441	37.9209	37.9129	38.0581	37.832300000000004	37.773	38.1702	38.2932	37.8986	38.2616	38.3638	38.2404	38.143100000000004	38.4459	38.4634	38.4378	38.478	38.5839	38.826100000000004	38.8592	38.4761	38.7537	38.972699999999996	38.853300000000004	38.6993	39.0788	39.076	38.987500000000004	39.366	39.2211	39.4186	39.6736	39.2393	39.478	39.9882	39.7857	39.715	40.2654	39.8844	40.155499999999996	40.2875	40.0201	40.2983	40.6602	40.5133	40.645199999999996	41.1856	40.8019	40.9431	41.2061	41.107	41.397099999999995	41.5496	41.342	41.457100000000004	42.1297	41.575	41.692299999999996	42.2728	42.3473	42.471599999999995	42.1777	42.536699999999996	42.3317	43.2172	42.7974	42.7273	43.3556	42.512100000000004
AeA01059_CKDL210012719-1a-AK7759-AK1864_HF5TCDSX2_L1_clmp_r1r2_fastp	52.929700000000004	38.9621	40.666799999999995	39.8906	39.4563	38.2475	37.2312	39.509	39.3383	37.3248	42.425200000000004	41.9917	40.5122	39.8143	39.7365	39.8512	39.9724	39.9401	40.071	40.3156	40.2038	40.078599999999994	39.597300000000004	39.5956	39.3733	39.4024	39.262	39.5062	39.7988	39.6468	39.903499999999994	39.9144	39.9003	39.5315	39.5355	39.935500000000005	39.631499999999996	39.7822	39.646100000000004	39.8299	39.7096	39.3836	39.474199999999996	39.5204	39.5073	39.3373	39.4766	39.5488	39.6404	39.165299999999995	39.3691	39.677299999999995	39.5045	39.289699999999996	39.407199999999996	39.5283	39.5209	39.3314	39.7283	39.4579	39.4266	39.3916	39.3038	39.4899	39.5456	39.4295	39.472699999999996	39.5943	39.731899999999996	39.5239	39.5989	39.4602	39.5051	39.3914	39.281	39.3911	39.5662	39.4522	39.5127	39.4411	39.5314	39.5311	39.5283	39.7357	39.8887	39.6923	39.427099999999996	39.767	39.9221	39.5873	39.8985	39.6079	39.6121	39.698	39.4403	40.0008	39.7707	39.4998	39.628099999999996	39.8088	39.6006	39.6819	39.5521	39.6879	39.9069	39.5944	39.5753	39.5235	39.8774	40.0907	39.8242	39.9027	39.8554	39.6085	39.664100000000005	40.0332	39.665099999999995	39.6344	39.5381	39.7511	40.1982	39.7538	39.7996	39.739200000000004	39.8085	39.9393	40.0663	39.9047	40.2289	40.090599999999995	40.1816	40.1522	40.2218	40.1171	40.2558	40.319300000000005	40.4952	40.136500000000005	39.9869	40.286100000000005	40.1379	40.2947	39.8322	39.975500000000004	39.9833	40.4125	40.5582	40.4069	40.3772	39.2685
AeA01060_CKDL210012719-1a-AK7759-AK7558_HF5TCDSX2_L1_clmp_r1r2_fastp	52.361999999999995	39.2058	40.3115	38.4357	38.448	38.0031	37.2246	39.516	39.2884	37.147200000000005	42.347699999999996	41.862100000000005	39.9798	39.4327	39.4796	39.4372	39.736	39.6306	39.7097	39.9688	39.7632	39.6336	39.2079	39.0614	38.7536	38.7444	38.8044	39.0546	39.257999999999996	39.1158	39.2077	39.275999999999996	39.1243	38.9246	38.9726	39.1327	38.9908	39.0652	39.0081	39.021699999999996	39.1136	38.6869	38.8982	38.784	38.8044	38.7911	38.897999999999996	38.8165	38.9642	38.664500000000004	38.8067	39.008199999999995	38.902300000000004	38.7316	38.7853	38.8249	38.9465	38.7252	38.9673	38.74	38.8093	38.6522	38.6514	38.8483	38.891799999999996	38.723200000000006	38.8332	38.9838	39.0366	38.8444	38.963300000000004	38.8632	38.9431	38.7889	38.8676	38.856	38.9563	38.861000000000004	39.0497	38.9928	39.043299999999995	38.8467	39.0105	39.1963	39.2264	39.1067	38.8859	39.2074	39.2903	38.967600000000004	39.3384	39.090799999999994	39.0434	39.055800000000005	38.9456	39.339800000000004	39.2482	38.9195	39.2382	39.2687	39.1909	39.1316	39.0691	39.0561	39.3323	38.9816	39.0057	39.015	39.2115	39.386900000000004	39.3194	39.4279	39.2389	39.0756	39.047399999999996	39.5274	39.2152	39.0809	39.4886	39.4052	39.8165	39.4725	39.185900000000004	39.495000000000005	39.3701	39.486399999999996	39.492	39.543299999999995	39.6566	39.8027	39.709	39.905	39.764300000000006	39.6412	39.678799999999995	40.036300000000004	39.9422	39.9569	39.8302	40.381499999999996	39.909299999999995	40.1624	39.7048	39.8771	39.8752	40.3709	40.5812	40.1095	40.710800000000006	39.3258
AeC01001_CKDL210012719-1a-5UDI301-AK533_HF5TCDSX2_L1_clmp_r1r2_fastp	57.775299999999994	42.6696	42.169200000000004	41.3538	41.853699999999996	41.814800000000005	40.5972	43.695699999999995	43.8892	40.3257	46.7891	46.822	44.7448	44.4548	44.0343	43.858200000000004	44.2061	44.001400000000004	44.1912	44.6425	44.3691	44.117200000000004	44.0905	43.4617	43.4363	43.255300000000005	43.2888	43.5857	43.958000000000006	43.7058	43.819900000000004	43.811299999999996	43.8339	43.7734	43.694300000000005	43.8565	43.518	43.608799999999995	43.6066	43.5604	43.954	43.480799999999995	43.5957	43.6693	43.5991	43.646499999999996	43.668099999999995	43.6914	43.8112	43.6763	43.8696	43.8908	43.710300000000004	43.6296	43.718	43.5641	43.7807	43.5851	43.7333	43.6841	43.6265	43.6286	43.5707	43.607800000000005	43.81	43.5822	43.6282	43.6735	43.8468	43.6918	43.823	43.575399999999995	43.6734	43.55	43.6165	43.6024	43.7011	43.620799999999996	43.6888	43.815799999999996	43.7197	43.607600000000005	43.7847	43.7951	43.7253	43.749	43.5315	43.6344	43.8069	43.6284	43.8777	43.7453	43.6033	43.594500000000004	43.6828	43.7893	43.8248	43.7322	43.6909	43.801899999999996	43.7884	43.772800000000004	43.7504	43.736999999999995	43.8206	43.710100000000004	43.697	43.634299999999996	43.7276	43.8392	43.8025	43.8334	43.7429	43.6132	43.6755	43.782199999999996	43.7842	43.6445	43.8066	43.6369	43.9573	43.7461	43.7125	43.8326	43.765	43.7299	43.7755	43.7324	43.801899999999996	43.7952	43.728	43.8267	43.6861	43.7421	43.7661	43.8192	43.78	43.7923	43.6566	43.8066	43.7365	43.8683	43.7957	43.8087	43.811	43.9122	43.7616	43.7932	43.8402	43.5251
AeC01002_CKDL210012719-1a-AK7758-AK533_HF5TCDSX2_L1_clmp_r1r2_fastp	57.477199999999996	42.9488	42.0032	41.3668	41.7933	41.7669	40.4431	43.5193	43.7715	40.186699999999995	46.5582	46.7181	44.6516	44.3052	43.898700000000005	43.7072	44.023	43.7705	44.0455	44.3962	44.2521	43.9638	43.9749	43.3265	43.3455	43.1366	43.1977	43.418600000000005	43.7825	43.5704	43.723800000000004	43.6311	43.7492	43.5299	43.5594	43.706	43.3149	43.4407	43.4548	43.406	43.776399999999995	43.3955	43.436099999999996	43.4903	43.4206	43.4472	43.5403	43.5223	43.6165	43.5075	43.7309	43.6633	43.549	43.4668	43.553799999999995	43.379	43.6241	43.3994	43.5616	43.531	43.4338	43.4869	43.4406	43.4288	43.609500000000004	43.4045	43.4568	43.4784	43.6293	43.416900000000005	43.6718	43.4574	43.5332	43.344100000000005	43.4656	43.4353	43.5574	43.4297	43.5627	43.5895	43.5736	43.5019	43.5907	43.6545	43.494	43.5719	43.349	43.480000000000004	43.6192	43.4636	43.6872	43.6	43.4706	43.446600000000004	43.538199999999996	43.5703	43.6398	43.5361	43.5255	43.5991	43.5849	43.561299999999996	43.5924	43.5724	43.6772	43.538199999999996	43.572300000000006	43.493900000000004	43.5704	43.6566	43.6337	43.6635	43.5858	43.505500000000005	43.5504	43.655699999999996	43.6329	43.519000000000005	43.6223	43.4649	43.7278	43.5846	43.5639	43.653999999999996	43.6145	43.5411	43.6255	43.5868	43.5985	43.5686	43.6399	43.6408	43.534299999999995	43.586999999999996	43.587199999999996	43.6423	43.6036	43.6368	43.5568	43.6439	43.611	43.6775	43.6623	43.6374	43.595299999999995	43.7264	43.580799999999996	43.6924	43.6284	43.2746
AeC01003_CKDL210012719-1a-AK7078-AK533_HF5TCDSX2_L1_clmp_r1r2_fastp	57.589400000000005	42.9708	42.0794	41.4559	41.9297	41.8564	40.6691	43.798500000000004	43.8712	40.37	46.7515	46.7012	44.5718	44.358799999999995	43.994699999999995	43.7697	44.155699999999996	43.8983	44.0587	44.4679	44.2462	43.9249	43.9894	43.4282	43.344	43.199799999999996	43.2076	43.5279	43.806	43.6458	43.7247	43.7442	43.7066	43.589299999999994	43.5902	43.7434	43.3798	43.4187	43.4885	43.481500000000004	43.8148	43.4076	43.5223	43.553799999999995	43.4982	43.4901	43.5298	43.5227	43.7	43.5625	43.675599999999996	43.7225	43.584	43.4886	43.5708	43.4305	43.669599999999996	43.461800000000004	43.5979	43.5774	43.4234	43.540800000000004	43.4768	43.4437	43.5982	43.4669	43.5101	43.5935	43.7105	43.467299999999994	43.730599999999995	43.4827	43.5516	43.4031	43.5178	43.453399999999995	43.6339	43.473800000000004	43.605	43.6738	43.6899	43.5493	43.6257	43.683	43.5887	43.5801	43.4553	43.501	43.7307	43.5154	43.8031	43.6665	43.5244	43.5308	43.6442	43.65	43.729800000000004	43.6212	43.5176	43.721	43.6672	43.667699999999996	43.682900000000004	43.6805	43.7016	43.6708	43.5664	43.5817	43.6315	43.6958	43.741400000000006	43.7581	43.6894	43.5987	43.649300000000004	43.741400000000006	43.7048	43.5986	43.730999999999995	43.6014	43.8063	43.7299	43.6359	43.7813	43.7021	43.6763	43.7145	43.6637	43.7398	43.674099999999996	43.6788	43.744	43.7114	43.7185	43.7174	43.729600000000005	43.752	43.6983	43.6021	43.8207	43.6599	43.823499999999996	43.7228	43.7465	43.7693	43.8894	43.6393	43.7088	43.759	43.4213
AeC01004_CKDL210012719-1a-AK9143-AK533_HF5TCDSX2_L1_clmp_r1r2_fastp	58.9352	42.8253	42.573299999999996	41.6483	42.154399999999995	42.0114	40.8998	44.063	44.1338	40.5002	47.2388	47.0838	44.9257	44.7127	44.3213	44.0447	44.4433	44.211099999999995	44.3622	44.7612	44.5388	44.245200000000004	44.181	43.5985	43.6426	43.3203	43.431999999999995	43.7354	44.0732	43.8981	44.014900000000004	43.967	44.0472	43.8818	43.8558	43.971700000000006	43.6786	43.668600000000005	43.7731	43.6952	44.0616	43.669599999999996	43.7049	43.79	43.769999999999996	43.711299999999994	43.8482	43.8316	43.9606	43.7715	44.0342	44.0152	43.893100000000004	43.7571	43.8632	43.6822	43.9569	43.6918	43.9218	43.8343	43.761100000000006	43.7748	43.721900000000005	43.7063	43.8976	43.7275	43.8384	43.8167	43.9548	43.762499999999996	43.9917	43.7448	43.8326	43.614999999999995	43.7055	43.7489	43.818400000000004	43.7028	43.8503	43.8564	43.9305	43.7354	43.893	43.9289	43.8241	43.8427	43.699799999999996	43.756499999999996	43.925799999999995	43.7319	44.049	43.8911	43.772	43.7281	43.849700000000006	43.9219	43.964	43.7681	43.7953	43.9289	43.8778	43.8316	43.851800000000004	43.9114	43.939499999999995	43.8123	43.7804	43.7927	43.8076	43.9157	43.905899999999995	43.9554	43.918	43.7663	43.795899999999996	43.972699999999996	43.905100000000004	43.824000000000005	43.866699999999994	43.775999999999996	44.0664	43.9118	43.802	43.928	43.8849	43.8444	43.8689	43.830200000000005	43.8906	43.886399999999995	43.8994	43.866699999999994	43.8342	43.8985	43.8684	43.9307	43.9224	43.9224	43.831399999999995	43.8887	43.8452	43.9533	43.9199	43.9331	43.9287	44.0043	43.947199999999995	43.9959	43.986	43.6289
AeC01005_CKDL210012719-1a-5UDI225-AK533_HF5TCDSX2_L1_clmp_r1r2_fastp	57.9062	42.7374	42.5106	41.6345	41.933	41.9811	40.7962	44.054	44.1136	40.258300000000006	47.2192	47.0091	44.7303	44.4976	44.1243	43.8765	44.2425	44.0081	44.2166	44.6589	44.345800000000004	44.1243	44.0837	43.5033	43.454	43.2236	43.3317	43.6675	43.8799	43.768299999999996	43.8559	43.7573	43.880599999999994	43.6929	43.7188	43.826	43.469	43.518	43.6474	43.4675	43.966899999999995	43.5241	43.593900000000005	43.59	43.5929	43.5385	43.6184	43.5772	43.694100000000006	43.612899999999996	43.8078	43.845099999999995	43.646499999999996	43.5082	43.6747	43.4973	43.754599999999996	43.4625	43.6446	43.757000000000005	43.5307	43.6121	43.6304	43.528800000000004	43.6908	43.555	43.5841	43.5899	43.7371	43.5685	43.8192	43.5888	43.6552	43.511	43.575399999999995	43.5917	43.6932	43.585499999999996	43.650099999999995	43.7478	43.776199999999996	43.6123	43.777899999999995	43.7515	43.6813	43.660399999999996	43.492799999999995	43.623	43.7736	43.6221	43.876	43.7442	43.6196	43.6399	43.7019	43.7879	43.8299	43.7102	43.6649	43.811099999999996	43.6855	43.8055	43.748599999999996	43.791799999999995	43.7941	43.7482	43.7283	43.7083	43.7834	43.768299999999996	43.8317	43.8682	43.7813	43.6712	43.7208	43.7741	43.789699999999996	43.7166	43.8548	43.6633	43.965700000000005	43.7729	43.7337	43.8013	43.8027	43.776700000000005	43.804	43.775	43.8366	43.8128	43.8063	43.8284	43.7622	43.8563	43.8341	43.8138	43.8029	43.7693	43.729	43.8665	43.7808	43.9429	43.8311	43.8301	43.834	43.9038	43.8368	43.8537	43.8693	43.5614
AeC01006_CKDL210012719-1a-AK9144-AK533_HF5TCDSX2_L1_clmp_r1r2_fastp	57.62310000000001	42.751	42.156	41.553000000000004	41.9179	41.9465	40.781600000000005	43.7965	43.8545	40.446	46.8578	46.7737	44.696000000000005	44.4243	44.0354	43.8916	44.3073	44.1023	44.201299999999996	44.677099999999996	44.3525	44.1116	44.0387	43.5349	43.4636	43.2661	43.3545	43.6826	43.9274	43.731700000000004	43.8564	43.7988	43.8375	43.722899999999996	43.676700000000004	43.8886	43.5707	43.6436	43.6321	43.5994	43.9545	43.4951	43.582	43.6376	43.6599	43.6022	43.6973	43.641200000000005	43.7464	43.6406	43.8366	43.8753	43.714	43.6048	43.7271	43.5295	43.8334	43.5963	43.7515	43.6774	43.581199999999995	43.6368	43.553	43.6348	43.7601	43.552400000000006	43.627	43.667899999999996	43.7782	43.6316	43.8159	43.594300000000004	43.7302	43.5217	43.6441	43.608200000000004	43.7222	43.6331	43.7477	43.729800000000004	43.7984	43.5799	43.7645	43.8214	43.7385	43.7532	43.539	43.6243	43.891400000000004	43.593399999999995	43.961299999999994	43.7637	43.586000000000006	43.608200000000004	43.713499999999996	43.802400000000006	43.8611	43.725500000000004	43.7088	43.8616	43.743700000000004	43.7915	43.7352	43.8097	43.871700000000004	43.7566	43.6925	43.721700000000006	43.7392	43.8407	43.8452	43.8838	43.7434	43.608000000000004	43.722	43.8685	43.8423	43.675999999999995	43.8555	43.692	44.0303	43.8031	43.7869	43.9056	43.8066	43.8237	43.8081	43.847500000000004	43.84	43.8388	43.8219	43.8007	43.776700000000005	43.7956	43.8334	43.8836	43.8301	43.8347	43.7019	43.8579	43.749300000000005	43.9488	43.833	43.8572	43.8198	43.9919	43.8669	43.8786	43.9356	43.6055
AeC01007_CKDL210012719-1a-AK3911-AK533_HF5TCDSX2_L1_clmp_r1r2_fastp	58.8328	42.0907	42.810199999999995	41.6981	42.0355	41.9251	40.8249	44.1433	44.218	40.299600000000005	47.653099999999995	47.3663	44.864	44.6856	44.290099999999995	44.0884	44.4569	44.154700000000005	44.4148	44.7025	44.5428	44.2831	44.2862	43.641000000000005	43.675000000000004	43.432700000000004	43.4677	43.8322	44.0653	43.9371	44.0326	43.9631	44.067099999999996	43.857600000000005	43.897999999999996	43.949	43.662099999999995	43.7441	43.7575	43.7673	44.1476	43.7612	43.8121	43.815599999999996	43.7884	43.8212	43.8698	43.8421	43.9527	43.8325	44.0779	44.0106	43.8523	43.7637	43.8919	43.688300000000005	43.9253	43.75	43.9077	43.8899	43.7491	43.804	43.771100000000004	43.7476	43.8934	43.7509	43.7818	43.7825	43.9571	43.8278	44.020199999999996	43.7777	43.8466	43.6821	43.84	43.7617	43.8428	43.7313	43.8474	43.9253	43.946400000000004	43.7667	43.9367	43.9552	43.8508	43.835	43.6977	43.7332	43.8557	43.7805	44.065799999999996	43.890499999999996	43.8116	43.7911	43.8343	43.880599999999994	43.9289	43.8392	43.8564	43.8969	43.890299999999996	43.894	43.9073	43.891999999999996	43.9683	43.9012	43.8274	43.764199999999995	43.905300000000004	43.9433	43.910199999999996	43.9899	43.9491	43.8157	43.8898	43.934400000000004	43.8995	43.8348	43.9555	43.8127	44.0522	43.9545	43.867200000000004	43.9631	43.9166	43.9022	43.9259	43.9088	43.9339	43.848	43.9822	43.9099	43.924	43.9754	43.9336	43.9086	43.891799999999996	43.8575	43.7955	43.9045	43.858000000000004	44.0039	43.980000000000004	43.922200000000004	43.9549	44.0815	43.9011	43.9766	43.933699999999995	43.6884
AeC01008_CKDL210012719-1a-5UDI245-AK533_HF5TCDSX2_L1_clmp_r1r2_fastp	57.0496	44.0085	41.8463	41.505900000000004	42.1385	42.1049	40.9121	43.9427	43.9694	40.794599999999996	46.5768	46.6743	44.808	44.5533	44.1728	43.9882	44.3117	44.161699999999996	44.243900000000004	44.641799999999996	44.4475	44.2094	44.155	43.6181	43.561299999999996	43.4031	43.3968	43.7214	44.0278	43.8078	43.977	43.8493	43.9897	43.815599999999996	43.772	43.908500000000004	43.661100000000005	43.6242	43.6988	43.5991	44.054500000000004	43.6523	43.6933	43.7283	43.7112	43.625	43.7549	43.7363	43.8915	43.771100000000004	43.8532	43.9779	43.792500000000004	43.668800000000005	43.7808	43.6104	43.8615	43.6587	43.7979	43.7797	43.6423	43.832	43.6492	43.7068	43.8859	43.6593	43.668600000000005	43.7638	43.885600000000004	43.6784	43.9105	43.6896	43.7785	43.6284	43.722100000000005	43.7265	43.809799999999996	43.655	43.7996	43.8346	43.8599	43.743300000000005	43.8618	43.8825	43.8179	43.809	43.633300000000006	43.6921	43.9519	43.693	43.957800000000006	43.8471	43.772	43.729600000000005	43.781	43.8365	43.9529	43.846000000000004	43.7601	43.932300000000005	43.8502	43.8688	43.8942	43.84	43.9235	43.825399999999995	43.7873	43.786500000000004	43.8212	43.866699999999994	43.9026	43.9312	43.9358	43.7516	43.8083	43.961600000000004	43.8935	43.816300000000005	43.9577	43.754599999999996	44.0826	43.911899999999996	43.8368	43.9588	43.8689	43.9139	43.871	43.8709	43.945299999999996	43.8748	43.9428	43.9247	43.9	43.919200000000004	43.8921	43.9762	43.904700000000005	43.9591	43.8442	43.9948	43.8699	44.0625	43.933499999999995	43.996	43.9475	44.021100000000004	43.891999999999996	44.0017	43.9502	43.7367
AeC01009_CKDL210012719-1a-AK8593-AK533_HF5TCDSX2_L1_clmp_r1r2_fastp	58.7913	41.8473	43.028499999999994	41.5971	41.874	41.9215	40.7074	44.067299999999996	44.135000000000005	40.0732	47.543600000000005	47.2746	44.766099999999994	44.5907	44.1925	43.9526	44.298500000000004	44.1368	44.3119	44.6892	44.4302	44.2031	44.2046	43.5517	43.4801	43.265	43.4012	43.688500000000005	43.9779	43.8608	43.9583	43.8574	44.0081	43.8133	43.8472	43.904199999999996	43.5903	43.655100000000004	43.736399999999996	43.641000000000005	44.0522	43.602999999999994	43.7494	43.743300000000005	43.7209	43.7379	43.7523	43.7928	43.8887	43.716100000000004	43.9951	43.9504	43.768499999999996	43.6752	43.7643	43.6572	43.9048	43.7016	43.8276	43.7998	43.697599999999994	43.7192	43.662800000000004	43.6921	43.8078	43.6374	43.687	43.7324	43.8609	43.7137	43.8822	43.6791	43.8069	43.5867	43.6859	43.6504	43.7668	43.673	43.7825	43.824200000000005	43.8613	43.7532	43.885999999999996	43.9134	43.7889	43.7823	43.5801	43.690400000000004	43.8558	43.7303	44.0085	43.784	43.7186	43.7054	43.7528	43.8662	43.8577	43.776700000000005	43.7942	43.8881	43.8604	43.8527	43.797599999999996	43.845299999999995	43.9099	43.7662	43.779	43.7543	43.7818	43.9139	43.8513	43.9084	43.8172	43.704	43.7878	43.9024	43.8209	43.750699999999995	43.8913	43.688700000000004	44.032900000000005	43.8178	43.7924	43.906800000000004	43.8181	43.8309	43.8455	43.8214	43.8579	43.8352	43.8554	43.8368	43.7269	43.8581	43.871	43.8635	43.8638	43.870599999999996	43.687	43.8478	43.7798	43.998799999999996	43.8803	43.9639	43.858999999999995	43.939499999999995	43.8915	43.951499999999996	43.9148	43.5697
AeC01010_CKDL210012719-1a-AK8593-GD06_HF5TCDSX2_L1_clmp_r1r2_fastp	58.755199999999995	42.1554	42.5569	41.598600000000005	41.925200000000004	41.8791	40.83	43.980599999999995	44.0943	40.3981	47.4001	47.193200000000004	44.7874	44.5927	44.201299999999996	43.9871	44.392700000000005	44.1935	44.3669	44.7911	44.505	44.2889	44.2012	43.6426	43.5623	43.3869	43.4368	43.7927	44.1194	43.8998	44.1183	43.8876	44.0219	43.8998	43.805	44.0465	43.6713	43.7981	43.7778	43.725500000000004	44.160199999999996	43.7248	43.8362	43.778	43.7896	43.7912	43.8493	43.8616	43.9749	43.796	44.074400000000004	44.053799999999995	43.8738	43.8155	43.890299999999996	43.701	43.988	43.763999999999996	43.8955	43.8885	43.7372	43.771300000000004	43.7345	43.7894	43.940400000000004	43.714	43.8005	43.8527	43.967600000000004	43.830799999999996	43.9795	43.7868	43.870599999999996	43.6372	43.786	43.7727	43.8664	43.789899999999996	43.8888	43.911699999999996	43.943799999999996	43.7404	43.9831	43.965199999999996	43.9007	43.919799999999995	43.7304	43.8176	43.9336	43.810300000000005	44.0846	43.9418	43.8086	43.814	43.8765	43.9662	44.0037	43.8205	43.8563	44.0008	43.9089	43.9683	43.9038	43.9437	43.9863	43.858799999999995	43.7993	43.8613	43.8907	43.9931	43.9257	44.0301	43.8964	43.8166	43.8375	43.9518	43.919200000000004	43.835800000000006	43.9075	43.801	44.104	43.9064	43.8764	43.923899999999996	43.8467	44.0038	43.91	43.852799999999995	43.9544	43.885200000000005	43.9589	43.9309	43.8285	43.945	43.9175	43.939	43.9369	44.0006	43.871300000000005	43.9646	43.8752	44.0186	43.917899999999996	43.9526	43.8791	44.0148	43.9521	43.9664	43.9902	43.6543
AeC01011_CKDL210012719-1a-5UDI294-GD06_HF5TCDSX2_L1_clmp_r1r2_fastp	58.518	42.3379	42.6922	41.7642	42.0971	42.0881	40.9161	44.0392	44.1577	40.530899999999995	47.2841	47.2273	45.0236	44.7128	44.3018	44.119	44.473	44.3409	44.4517	45.0148	44.702	44.4842	44.281	43.7791	43.613600000000005	43.492999999999995	43.587900000000005	43.9807	44.3279	44.0137	44.2407	44.032900000000005	44.1748	43.9865	43.9511	44.2108	43.7396	43.967299999999994	43.9396	43.947599999999994	44.2936	43.7792	43.9191	43.8894	43.8979	43.9005	43.9732	44.0103	44.1689	43.926300000000005	44.128	44.242799999999995	44.0052	43.8981	44.0706	43.8311	44.1425	43.8814	43.9929	44.0033	43.9136	43.858999999999995	43.8471	43.9092	44.1123	43.845	43.9259	43.958000000000006	44.1205	43.9027	44.105	43.863600000000005	44.0417	43.799	43.892199999999995	43.886199999999995	44.0078	43.8696	44.05	44.0241	44.065599999999996	43.8612	44.0252	44.102999999999994	44.0278	44.041999999999994	43.745	43.9439	44.1203	43.9264	44.2646	44.0085	43.8255	43.8388	43.9707	44.0817	44.1233	43.9622	43.9312	44.16	44.0057	44.114399999999996	44.028099999999995	44.0312	44.137	43.9062	43.9301	43.8997	43.9825	44.1306	44.0916	44.1127	43.9683	43.8758	43.8485	44.0648	44.018299999999996	43.8798	44.0697	43.8289	44.3356	44.0344	43.9347	44.1121	43.9072	44.0189	43.9557	43.998599999999996	44.1174	44.0077	44.0373	44.0936	43.913000000000004	43.9426	44.0039	44.0579	44.044200000000004	44.0912	43.8899	44.1437	43.9125	44.1798	43.9799	44.059799999999996	43.982	44.130399999999995	43.978	44.0888	44.105	43.7615
AeC01012_CKDL210012719-1a-AK9146-GD06_HF5TCDSX2_L1_clmp_r1r2_fastp	58.5535	42.2052	42.6873	41.5526	41.9311	41.933	40.9088	43.9684	44.0979	40.335	47.318	47.102	44.804899999999996	44.6505	44.202999999999996	44.0708	44.4004	44.0772	44.3786	44.7758	44.5194	44.2421	44.2979	43.6724	43.7072	43.4122	43.4768	43.7348	44.0683	43.905699999999996	44.0448	43.9334	44.0542	43.8487	43.8754	44.0042	43.7025	43.7283	43.7842	43.7735	44.0843	43.7321	43.817699999999995	43.8695	43.8422	43.803599999999996	43.8567	43.830999999999996	44.0093	43.8776	44.0507	44.0599	43.8592	43.7406	43.9311	43.722	43.9682	43.7674	43.8909	43.8351	43.834	43.8255	43.7738	43.8421	43.9589	43.8328	43.7991	43.8782	43.9317	43.8444	43.954	43.8315	43.8603	43.7318	43.8042	43.7963	43.9132	43.806200000000004	43.9561	43.953900000000004	44.007400000000004	43.8551	43.9369	43.9913	43.9064	43.858399999999996	43.7189	43.821	43.933699999999995	43.7782	44.061299999999996	43.9183	43.7768	43.810500000000005	43.864999999999995	43.931799999999996	44.0099	43.8145	43.858799999999995	44.0112	43.923	43.9799	43.928	44.001000000000005	43.999500000000005	43.9497	43.8349	43.8075	43.905300000000004	43.9324	43.9765	43.9903	43.9405	43.8618	43.9031	44.022099999999995	43.976	43.8837	43.9792	43.796600000000005	44.0966	43.985400000000006	43.876799999999996	43.9679	43.9638	43.9313	43.9208	43.8988	43.9686	43.8877	43.987700000000004	43.939499999999995	43.8925	43.9303	44.0002	43.974999999999994	43.9566	43.948	43.826	43.9373	43.9544	43.9898	43.9814	44.0023	43.9715	44.0654	43.9494	43.9932	43.9672	43.6699
AeC01013_CKDL210012719-1a-5UDI301-AK7557_HF5TCDSX2_L1_clmp_r1r2_fastp	57.3827	42.5953	42.0649	41.1254	41.8308	41.7159	40.5563	43.512499999999996	43.6339	40.341	46.6152	46.592	44.547	44.3887	43.9848	43.8615	44.1646	43.8651	44.1532	44.4967	44.3429	43.986799999999995	44.0834	43.4336	43.5028	43.2244	43.292500000000004	43.543	43.850899999999996	43.653999999999996	43.7917	43.742	43.8097	43.6994	43.733	43.7838	43.4593	43.5152	43.5687	43.556	43.8361	43.5641	43.5813	43.597	43.623200000000004	43.5773	43.6322	43.6015	43.736000000000004	43.6391	43.8069	43.7496	43.6737	43.4966	43.642399999999995	43.5363	43.6903	43.5154	43.6291	43.6586	43.5633	43.6337	43.5777	43.5535	43.737700000000004	43.582	43.6205	43.641600000000004	43.7672	43.5764	43.813	43.6027	43.7037	43.521100000000004	43.6302	43.6197	43.675799999999995	43.6247	43.7088	43.7731	43.7115	43.6719	43.7243	43.7993	43.655899999999995	43.7387	43.5349	43.591	43.7763	43.651	43.8879	43.7411	43.6615	43.6507	43.6595	43.7345	43.843900000000005	43.633300000000006	43.6502	43.810700000000004	43.769200000000005	43.791999999999994	43.769999999999996	43.8166	43.7726	43.8097	43.7195	43.6838	43.725500000000004	43.839600000000004	43.8	43.8558	43.7858	43.740899999999996	43.7616	43.819900000000004	43.8298	43.7139	43.8253	43.698100000000004	43.9167	43.802600000000005	43.7071	43.7671	43.776700000000005	43.7696	43.78	43.8336	43.848	43.7904	43.8086	43.7662	43.7633	43.821799999999996	43.825599999999994	43.7944	43.8505	43.7466	43.7137	43.8035	43.7353	43.8455	43.878299999999996	43.8345	43.794	43.9226	43.7361	43.8763	43.7647	43.608799999999995
AeC01014_CKDL210012719-1a-AK7758-AK7557_HF5TCDSX2_L1_clmp_r1r2_fastp	58.3202	41.991299999999995	42.7868	41.740500000000004	42.0158	42.0633	40.8356	44.0366	44.162400000000005	40.2636	47.3446	47.1451	44.7388	44.547799999999995	44.1732	43.9647	44.375	44.0988	44.3501	44.7279	44.539899999999996	44.1986	44.35	43.6382	43.6497	43.4082	43.4621	43.8265	44.060300000000005	43.8956	44.0146	43.8985	44.0423	43.8608	43.925399999999996	44.0432	43.562200000000004	43.714	43.7104	43.7474	44.0797	43.6488	43.7342	43.7684	43.7508	43.7208	43.851800000000004	43.815	43.9427	43.8215	43.9826	44.013999999999996	43.825399999999995	43.7012	43.8298	43.64	43.9355	43.673899999999996	43.7871	43.84	43.697599999999994	43.7589	43.7735	43.7143	43.863	43.8166	43.7485	43.778299999999994	43.8786	43.778	43.9413	43.7603	43.7676	43.656800000000004	43.744699999999995	43.7149	43.857	43.730000000000004	43.836000000000006	43.8704	43.9373	43.7263	43.8763	43.927	43.8682	43.7847	43.6881	43.782199999999996	43.8645	43.7722	44.0234	43.8752	43.7806	43.7825	43.7868	43.8798	43.9084	43.8217	43.7892	43.9572	43.8446	43.8936	43.906099999999995	43.9124	43.952400000000004	43.8371	43.843199999999996	43.7782	43.9115	43.9556	43.926	43.9209	43.9154	43.7965	43.831199999999995	43.981700000000004	43.8838	43.791000000000004	43.963499999999996	43.801899999999996	44.0148	43.829	43.8921	43.9471	43.908199999999994	43.9037	43.947599999999994	43.8296	43.9906	43.8837	43.8645	43.9154	43.872699999999995	43.873400000000004	43.9243	43.924400000000006	43.8638	43.9442	43.7701	43.944	43.8082	44.0453	43.8986	43.9715	43.8932	44.0057	43.9236	43.915	43.966	43.561699999999995
AeC01015_CKDL210012719-1a-AK7078-AK7557_HF5TCDSX2_L1_clmp_r1r2_fastp	58.201800000000006	43.094300000000004	42.5122	41.7622	42.1118	42.0233	40.8607	43.9938	44.035999999999994	40.4784	46.9714	46.9723	44.8681	44.5642	44.1669	43.985400000000006	44.2753	44.1425	44.335	44.7122	44.494699999999995	44.2423	44.2856	43.5944	43.6399	43.3447	43.4283	43.7357	44.0314	43.8104	43.9835	43.8945	44.007200000000005	43.8551	43.7876	44.0312	43.537	43.7418	43.68	43.6693	44.0445	43.6584	43.742	43.7363	43.7359	43.6774	43.783100000000005	43.7819	43.8521	43.7544	43.937599999999996	43.95	43.836999999999996	43.735800000000005	43.8058	43.669200000000004	43.8798	43.6859	43.8661	43.8014	43.6898	43.763200000000005	43.6993	43.697	43.8809	43.717299999999994	43.7276	43.782399999999996	43.8796	43.778800000000004	43.8964	43.7478	43.8027	43.666	43.7355	43.7053	43.866699999999994	43.7427	43.8143	43.8554	43.8853	43.731500000000004	43.8709	43.9139	43.8152	43.8665	43.6263	43.6587	43.9172	43.7466	44.0002	43.873400000000004	43.824000000000005	43.7314	43.8053	43.928	43.9091	43.796400000000006	43.7467	43.9097	43.8297	43.9149	43.9163	43.9015	43.918099999999995	43.9163	43.8072	43.816500000000005	43.7996	43.9108	43.8782	44.0145	43.8483	43.812	43.8557	43.9662	43.926300000000005	43.8025	43.9305	43.7994	44.014399999999995	43.937	43.8275	43.9228	43.8926	43.9078	43.8848	43.8961	43.9131	43.8769	43.9447	43.8474	43.8442	43.9461	43.884499999999996	43.9298	43.9077	43.908199999999994	43.7863	43.916	43.871700000000004	43.9489	43.9977	43.9328	43.9585	43.9905	43.9013	43.9754	43.9371	43.5976
AeC01016_CKDL210012719-1a-AK9143-AK7557_HF5TCDSX2_L1_clmp_r1r2_fastp	58.4584	42.9927	42.5535	41.814800000000005	42.108200000000004	42.044399999999996	40.890100000000004	44.026700000000005	44.1169	40.4854	47.1182	47.0167	44.8717	44.555299999999995	44.1933	43.947900000000004	44.379200000000004	44.2125	44.3061	44.7801	44.4565	44.2448	44.1573	43.5899	43.559599999999996	43.2995	43.3878	43.703399999999995	44.0839	43.8197	43.9674	43.8994	44.0195	43.8426	43.8214	43.977500000000006	43.626799999999996	43.7086	43.654199999999996	43.6631	43.9845	43.619400000000006	43.6651	43.7526	43.683899999999994	43.7067	43.7267	43.768499999999996	43.8711	43.7283	43.964	43.9833	43.879000000000005	43.7137	43.7673	43.6113	43.862899999999996	43.669000000000004	43.823299999999996	43.849	43.7137	43.753	43.694	43.6601	43.9021	43.6582	43.7104	43.7657	43.9074	43.7316	43.9897	43.7074	43.7928	43.6177	43.7146	43.7029	43.8399	43.680099999999996	43.8145	43.8824	43.8916	43.6965	43.8519	43.9551	43.8224	43.8663	43.6768	43.717600000000004	43.9893	43.7344	43.9861	43.873	43.735	43.7257	43.852000000000004	43.874	43.9764	43.7982	43.803599999999996	43.966699999999996	43.8403	43.8662	43.862899999999996	43.8851	43.926500000000004	43.8403	43.819	43.7949	43.8544	43.8913	43.980799999999995	43.987700000000004	43.903	43.7939	43.768499999999996	44.040099999999995	43.9334	43.803799999999995	43.9721	43.8369	44.136199999999995	43.9679	43.8311	43.9619	43.8842	43.851800000000004	43.8531	43.8506	44.0156	43.830400000000004	43.9518	43.9426	43.8699	43.845800000000004	43.863600000000005	43.9674	43.897000000000006	43.9551	43.776199999999996	43.9768	43.859700000000004	44.0304	43.863600000000005	43.929	43.9043	44.073	43.8469	44.0411	44.0447	43.6601
AeC01017_CKDL210012719-1a-5UDI225-AK7557_HF5TCDSX2_L1_clmp_r1r2_fastp	59.2174	42.2502	42.9975	41.748400000000004	41.9773	42.0756	40.9475	44.3138	44.461800000000004	40.3596	47.8219	47.5156	44.916	44.7714	44.3608	44.1301	44.5528	44.310100000000006	44.4195	44.8668	44.5644	44.3866	44.378299999999996	43.6637	43.6967	43.4852	43.5477	43.899300000000004	44.2024	44.040099999999995	44.137	44.0394	44.1627	43.9542	44.0278	44.053599999999996	43.7802	43.7847	43.9215	43.8549	44.233200000000004	43.7945	43.8933	43.9219	43.9095	43.9056	43.9257	43.917	44.0431	43.9087	44.155699999999996	44.0503	43.9898	43.8741	43.9544	43.838	44.055699999999995	43.8215	44.0522	43.9946	43.8735	43.9354	43.8373	43.9197	44.0608	43.799	43.9287	43.9437	44.0389	43.9645	44.0581	43.8998	43.9173	43.8385	43.9088	43.8166	43.9845	43.823	43.9981	43.9893	44.0625	43.8504	44.0448	44.018499999999996	43.963	43.9951	43.8137	43.865500000000004	44.087199999999996	43.8846	44.1661	43.9861	43.9548	43.859700000000004	44.026700000000005	44.020700000000005	44.066	43.9509	44.0	44.1085	43.9363	44.0455	43.9859	44.0784	44.016	43.9768	43.9598	43.9495	43.93	44.0588	44.007200000000005	44.0681	44.0048	43.9504	43.9435	44.0763	43.984899999999996	43.863400000000006	43.9973	43.857800000000005	44.1156	44.0331	44.0008	43.9912	44.0112	43.9872	43.992799999999995	43.9938	44.0191	43.919399999999996	44.0429	43.9905	43.9743	44.026900000000005	44.0137	44.0457	44.037	44.0148	43.8664	44.0353	43.963499999999996	44.1252	44.0106	44.107	43.9857	44.1289	43.9724	44.0398	44.0853	43.7996
AeC01018_CKDL210012719-1a-AK9144-AK7557_HF5TCDSX2_L1_clmp_r1r2_fastp	57.720499999999994	42.6598	42.199	41.4596	41.8367	41.8912	40.6845	43.7596	43.8815	40.452	46.8487	46.8101	44.7065	44.4383	44.0162	43.9072	44.2232	44.0195	44.2278	44.6668	44.4213	44.1043	44.087900000000005	43.4765	43.4578	43.2383	43.2827	43.6377	43.8917	43.756099999999996	43.8473	43.788	43.812	43.6975	43.7487	43.8784	43.5207	43.5139	43.5356	43.6028	43.931599999999996	43.500499999999995	43.5858	43.676700000000004	43.5655	43.5644	43.6972	43.6499	43.824000000000005	43.6505	43.8638	43.8677	43.6623	43.5844	43.6875	43.5077	43.8253	43.5597	43.7404	43.6643	43.552099999999996	43.615500000000004	43.5868	43.5923	43.7324	43.5801	43.6242	43.6787	43.7939	43.6184	43.830999999999996	43.5782	43.7051	43.5413	43.5847	43.6033	43.6787	43.5833	43.709900000000005	43.7191	43.7624	43.5728	43.7278	43.7954	43.7402	43.7597	43.5353	43.6437	43.8239	43.6603	43.9197	43.7923	43.6851	43.6495	43.725	43.7665	43.8101	43.7182	43.715199999999996	43.8329	43.7569	43.8033	43.7626	43.796099999999996	43.8487	43.7453	43.7055	43.6683	43.6987	43.811499999999995	43.8174	43.8878	43.782199999999996	43.6821	43.7215	43.8494	43.798500000000004	43.6653	43.7953	43.7011	43.9555	43.7732	43.703599999999994	43.8121	43.7729	43.7962	43.782399999999996	43.7992	43.8162	43.7536	43.8526	43.835800000000006	43.7703	43.7703	43.8006	43.8118	43.7645	43.8397	43.7496	43.8728	43.7279	43.8249	43.8278	43.804500000000004	43.8016	43.845299999999995	43.82	43.8231	43.894800000000004	43.5824
AeC01019_CKDL210012719-1a-AK3911-AK7557_HF5TCDSX2_L1_clmp_r1r2_fastp	58.405300000000004	42.424800000000005	42.329899999999995	41.6243	41.8457	41.9088	40.7634	43.868	44.0424	40.3617	47.0996	47.0308	44.793699999999994	44.5995	44.1524	43.9962	44.342999999999996	44.0572	44.324799999999996	44.6892	44.4672	44.2266	44.2395	43.5566	43.6639	43.3641	43.3731	43.710100000000004	43.971900000000005	43.8486	43.9884	43.9183	43.980000000000004	43.8347	43.7926	43.9237	43.595099999999995	43.654199999999996	43.6944	43.6114	44.0414	43.6832	43.694	43.749900000000004	43.7376	43.7051	43.7541	43.7496	43.9639	43.8229	43.993900000000004	43.9169	43.8132	43.698	43.8085	43.627500000000005	43.858599999999996	43.7188	43.8587	43.854	43.7258	43.8035	43.6449	43.7149	43.895	43.653999999999996	43.7624	43.7355	43.9002	43.7197	43.8963	43.762699999999995	43.8079	43.674600000000005	43.737300000000005	43.6643	43.7679	43.6817	43.8705	43.888	43.9112	43.7453	43.9353	43.8882	43.8428	43.8812	43.6293	43.7362	43.8994	43.7566	44.021100000000004	43.8455	43.796800000000005	43.770199999999996	43.8399	43.8969	43.9764	43.7876	43.845800000000004	43.940200000000004	43.7997	43.9531	43.7872	43.8689	43.9555	43.823499999999996	43.847500000000004	43.8325	43.8055	43.8873	43.8759	43.952999999999996	43.8892	43.786	43.8306	43.9478	43.9078	43.830200000000005	43.8664	43.7541	44.0052	43.890499999999996	43.851099999999995	43.9114	43.8879	43.8617	43.9456	43.8392	43.8925	43.8376	43.8906	43.9252	43.8455	43.864	43.9431	43.943	43.8978	43.9018	43.7991	43.926300000000005	43.8283	43.9855	43.8309	43.9034	43.8643	43.9711	43.844	43.8977	43.898700000000005	43.5491
AeC01020_CKDL210012719-1a-5UDI245-AK7557_HF5TCDSX2_L1_clmp_r1r2_fastp	58.0596	43.2804	42.3884	41.693400000000004	42.2109	42.116	41.052699999999994	44.0976	44.1877	40.7153	47.0841	47.0355	44.9304	44.7626	44.3315	44.1319	44.4694	44.2573	44.4352	44.8202	44.6017	44.3299	44.350899999999996	43.658500000000004	43.68	43.5314	43.5427	43.9324	44.163000000000004	44.0019	44.0551	44.0595	44.0777	43.9874	43.9303	44.0097	43.7517	43.786199999999994	43.8642	43.8051	44.1796	43.7299	43.8729	43.871500000000005	43.8605	43.8119	43.9388	43.9178	44.0763	43.899899999999995	44.112899999999996	44.0935	43.9418	43.7877	43.985600000000005	43.7719	44.0372	43.7699	43.9425	43.9644	43.8042	43.8881	43.848	43.8527	44.0023	43.858999999999995	43.938100000000006	43.8904	44.042500000000004	43.907000000000004	44.046800000000005	43.8539	43.924600000000005	43.8044	43.870599999999996	43.8875	43.9899	43.8834	43.9837	43.985	44.0374	43.8478	44.0517	44.026199999999996	43.9932	44.0219	43.7659	43.8901	44.074400000000004	43.8705	44.11	44.0475	43.8939	43.8825	43.942	44.0225	44.093700000000005	44.0177	43.9478	44.0871	43.9781	44.027699999999996	44.0334	44.0786	44.0591	44.0254	43.877500000000005	43.939099999999996	44.0104	44.053799999999995	44.041599999999995	44.1085	44.0579	43.8744	44.0044	44.1031	44.1004	43.9195	44.1124	43.8915	44.1718	44.016	44.0429	44.055	44.0112	44.0426	43.9677	44.018299999999996	44.0146	44.0419	44.079800000000006	44.082	44.0323	43.9735	43.9865	44.1065	44.0321	44.0299	43.908199999999994	44.0965	43.9648	44.1398	44.0719	44.1046	44.0688	44.125	44.0807	44.1601	44.0579	43.772
AeC01021_CKDL210012719-1a-AK8593-AK7557_HF5TCDSX2_L1_clmp_r1r2_fastp	59.3526	41.829100000000004	43.186400000000006	41.7723	42.0745	42.1128	41.004000000000005	44.256	44.4814	40.3257	47.840199999999996	47.5184	44.9246	44.7874	44.400800000000004	44.1655	44.553	44.2919	44.5175	44.8915	44.6674	44.4373	44.425599999999996	43.791799999999995	43.7343	43.5318	43.6456	43.9959	44.193599999999996	44.089600000000004	44.2476	44.0715	44.2333	44.006699999999995	44.04	44.1753	43.7653	43.8793	43.9415	43.8402	44.2892	43.9358	43.9593	43.9896	43.9096	43.9216	44.0077	44.0354	44.1367	43.9666	44.263000000000005	44.237	44.0227	43.9511	44.0554	43.9533	44.1451	43.9035	44.1077	44.1	43.9295	44.0024	43.9079	43.9777	44.078	43.911	43.919999999999995	44.018499999999996	44.0884	43.9543	44.1959	43.925799999999995	43.9737	43.8397	43.9504	43.9094	43.9512	43.9293	44.0531	44.0894	44.1449	44.0106	44.1044	44.1242	44.0573	44.0604	43.884	43.9624	44.0674	43.918400000000005	44.2372	44.0336	43.9711	43.9593	44.0044	44.0716	44.075399999999995	43.9531	44.0018	44.0606	44.0567	44.0709	44.0188	44.0197	44.1073	43.9913	43.954100000000004	44.0187	44.0093	44.0326	44.0559	44.083	44.0497	43.946600000000004	43.9159	44.1229	44.0508	43.9302	44.0925	43.8963	44.2222	44.0245	43.9745	44.0347	44.0495	44.054700000000004	44.0167	43.9684	44.0304	44.022099999999995	44.0775	43.972	44.073499999999996	44.032	44.073499999999996	44.0113	44.0395	44.0494	43.9021	43.9822	43.9355	44.1752	44.0527	44.1185	44.076100000000004	44.1316	43.9927	44.0571	44.0244	43.7578
AeC01022_CKDL210012719-1a-5UDI294-AK533_HF5TCDSX2_L1_clmp_r1r2_fastp	58.2149	42.2101	42.5803	41.6002	42.014	41.9593	40.7941	43.9746	44.0532	40.3446	47.2155	47.0996	44.752900000000004	44.5868	44.155899999999995	44.0103	44.3815	44.0809	44.2662	44.6246	44.453700000000005	44.1933	44.231700000000004	43.597	43.6286	43.3883	43.370799999999996	43.739	43.995	43.9032	43.9234	43.8468	44.0117	43.8275	43.841499999999996	43.9071	43.607600000000005	43.6847	43.6947	43.6776	44.0433	43.6456	43.7547	43.8001	43.7332	43.7785	43.782900000000005	43.7341	43.8637	43.7566	43.8778	43.903999999999996	43.795	43.7232	43.754	43.6569	43.8309	43.6855	43.8106	43.7872	43.6764	43.762	43.7707	43.7172	43.8731	43.693799999999996	43.7543	43.7601	43.9136	43.7485	43.9413	43.7393	43.7854	43.6833	43.7327	43.6787	43.7805	43.7564	43.7892	43.8612	43.9566	43.816500000000005	43.8997	43.8696	43.8134	43.805699999999995	43.6342	43.7467	43.8153	43.7304	43.9642	43.8387	43.806200000000004	43.833800000000004	43.842	43.8206	43.9542	43.765	43.7631	43.9016	43.8203	43.8844	43.890299999999996	43.8214	43.873200000000004	43.818200000000004	43.775999999999996	43.8129	43.817499999999995	43.914500000000004	43.9421	43.9792	43.9452	43.7951	43.871900000000004	43.9056	43.8857	43.865500000000004	43.8915	43.744499999999995	43.9645	43.9075	43.8513	43.911899999999996	43.934400000000004	43.871	43.928	43.8621	43.9075	43.8936	43.9152	43.8423	43.9185	43.8899	43.9105	43.8969	43.871300000000005	43.908	43.864	43.8939	43.8363	44.0092	43.937	43.9486	43.9134	43.994299999999996	43.8776	43.9831	43.864399999999996	43.6458
AeC01023_CKDL210012719-1a-AK9146-AK533_HF5TCDSX2_L1_clmp_r1r2_fastp	56.935100000000006	44.649100000000004	41.958800000000004	41.7488	42.4365	42.2529	41.0937	43.8224	43.7962	40.8233	46.549800000000005	46.418	44.6691	44.520700000000005	44.1374	43.9992	44.406400000000005	44.1583	44.3303	44.7565	44.5174	44.256099999999996	44.309	43.6805	43.7621	43.529	43.5083	43.815799999999996	44.070100000000004	43.9125	43.9816	43.9103	44.0214	43.9112	43.8101	43.986799999999995	43.6987	43.7937	43.8142	43.6937	44.1527	43.6845	43.842999999999996	43.824200000000005	43.8292	43.7361	43.8367	43.8367	43.9557	43.8461	43.9637	44.007200000000005	43.8565	43.7301	43.8286	43.722699999999996	43.9368	43.7654	43.8944	43.8765	43.7283	43.8286	43.8102	43.7509	43.9231	43.7508	43.7817	43.8692	43.96	43.7945	44.0331	43.7832	43.821	43.6749	43.7842	43.7994	43.876599999999996	43.7537	43.8889	43.9467	43.9882	43.750499999999995	43.9511	43.9249	43.9073	43.9058	43.707	43.799	44.0633	43.7292	44.0614	43.911899999999996	43.7881	43.8388	43.858599999999996	43.8269	44.0018	43.8761	43.835499999999996	43.984	43.941	43.885600000000004	43.9426	43.932500000000005	43.9347	43.8801	43.8399	43.7933	43.8664	43.9554	43.9759	43.9773	43.9362	43.8247	43.9509	43.9674	43.8938	43.892199999999995	43.9845	43.7774	44.0175	43.9331	43.8572	43.961299999999994	43.8753	43.8681	43.9465	43.8772	43.949	43.8943	43.9009	43.985	43.9311	43.8927	43.9343	43.9803	43.8642	43.9595	43.7995	43.957	43.9215	44.061499999999995	44.053799999999995	44.011	43.9704	44.112899999999996	43.934400000000004	43.9793	44.0429	43.612899999999996
AeC01024_CKDL210012719-1a-AK5577-AK533_HF5TCDSX2_L1_clmp_r1r2_fastp	59.2959	41.2034	43.100500000000004	41.467	41.7555	41.7881	40.7747	44.041999999999994	44.1145	40.0883	47.5892	47.245599999999996	44.6519	44.514199999999995	44.0619	43.8812	44.3522	44.0827	44.2855	44.739000000000004	44.3361	44.152	44.079299999999996	43.4637	43.4122	43.1672	43.3688	43.7006	43.9656	43.8317	43.8802	43.8106	43.8737	43.756299999999996	43.6886	43.9024	43.5282	43.6569	43.6623	43.6737	44.0668	43.4542	43.6633	43.633	43.6338	43.6738	43.6959	43.7325	43.908	43.6022	43.9125	43.9625	43.7362	43.6319	43.7747	43.600100000000005	43.8585	43.6648	43.782900000000005	43.7385	43.6134	43.5994	43.606899999999996	43.6252	43.7539	43.5312	43.6451	43.687599999999996	43.8611	43.688700000000004	43.8505	43.5996	43.7111	43.4755	43.6633	43.5969	43.7393	43.6149	43.7186	43.7578	43.8526	43.635600000000004	43.778299999999994	43.7678	43.743500000000004	43.7775	43.5223	43.6738	43.8875	43.6104	43.9294	43.7396	43.660199999999996	43.5777	43.7056	43.8484	43.8093	43.6778	43.7331	43.8729	43.735600000000005	43.806	43.7096	43.6942	43.8097	43.667899999999996	43.6081	43.7195	43.7587	43.8076	43.8968	43.9064	43.7663	43.666700000000006	43.6654	43.7727	43.8253	43.6857	43.769000000000005	43.635200000000005	44.0133	43.7763	43.7434	43.7669	43.7914	43.7717	43.7091	43.7864	43.8214	43.716	43.839	43.734	43.7328	43.736999999999995	43.7415	43.7814	43.8132	43.7931	43.679899999999996	43.8841	43.6909	43.896	43.8072	43.8407	43.8004	43.9268	43.7478	43.9013	43.7861	43.4336
AeC01025_CKDL210012719-1a-5UDI301-AK8488_HF5TCDSX2_L1_clmp_r1r2_fastp	58.477599999999995	41.918499999999995	42.497800000000005	41.6961	41.893	41.855	40.663	43.8804	43.9728	40.368500000000004	47.3631	47.0802	44.8112	44.6276	44.1648	44.01	44.3444	44.1098	44.2992	44.6784	44.5438	44.2054	44.301	43.6753	43.6639	43.3893	43.5436	43.778	44.0687	43.967099999999995	44.0512	43.9831	44.1127	43.9143	43.9622	44.0648	43.675999999999995	43.7406	43.7691	43.7876	44.1419	43.7588	43.8865	43.9037	43.824999999999996	43.811299999999996	43.8641	43.896	44.062200000000004	43.8633	44.114599999999996	44.0805	43.9039	43.8416	43.9304	43.800200000000004	43.9998	43.8193	43.9549	43.906800000000004	43.8342	43.874	43.7602	43.8603	43.9684	43.7892	43.8558	43.879400000000004	43.9583	43.8614	44.005300000000005	43.8561	43.9195	43.7821	43.8452	43.8337	43.928	43.8647	43.8907	44.0482	43.988	43.864399999999996	43.980999999999995	44.021	43.8747	43.9793	43.7585	43.8354	43.967099999999995	43.85	44.1049	43.9372	43.8934	43.890499999999996	43.9293	43.9758	44.0441	43.8683	43.933299999999996	44.013400000000004	43.988	43.967600000000004	43.9675	43.9583	44.0268	43.9555	43.925	43.8925	43.9409	44.0013	43.9956	44.0501	44.0266	43.9572	43.936	44.076100000000004	43.992599999999996	43.9219	43.9468	43.8891	44.1089	43.9579	43.919999999999995	44.020900000000005	43.9509	43.9607	44.0008	43.9435	43.9786	43.9586	44.0386	43.9651	43.9467	44.0266	43.994699999999995	44.040600000000005	44.0018	43.9586	43.9087	43.9615	43.9131	44.052400000000006	44.0352	43.9971	43.9615	44.1025	43.949	44.025999999999996	43.9692	43.7431
AeC01026_CKDL210012719-1a-AK7758-AK8488_HF5TCDSX2_L1_clmp_r1r2_fastp	58.85399999999999	42.1018	42.9145	41.7661	42.0713	42.0598	40.9261	44.1787	44.3628	40.5012	47.4807	47.374100000000006	44.909	44.7422	44.338100000000004	44.104	44.5249	44.2922	44.4354	44.898700000000005	44.619	44.4051	44.413599999999995	43.7646	43.7633	43.522800000000004	43.6291	44.017	44.2577	44.1123	44.216100000000004	44.1054	44.222	44.0521	44.0	44.2179	43.796800000000005	43.9422	43.926500000000004	43.9417	44.3598	43.877300000000005	43.947599999999994	43.961	43.9825	43.9519	43.9931	44.0677	44.2228	44.0551	44.1944	44.2509	44.046400000000006	43.9357	44.1094	43.9229	44.1438	43.9226	44.128699999999995	44.054500000000004	43.8983	43.985800000000005	43.898199999999996	43.946600000000004	44.1237	43.9134	44.005100000000006	44.038	44.1337	44.0303	44.1464	43.9124	44.0763	43.8434	43.9885	43.9283	44.0715	43.9094	44.0781	44.0942	44.1466	43.968	44.0869	44.1277	44.007400000000004	44.04	43.9155	43.9869	44.1732	43.9739	44.233200000000004	44.0521	43.9543	43.9538	44.007600000000004	44.0609	44.1387	43.981700000000004	44.0423	44.1199	44.018	44.1008	44.0388	44.0782	44.1832	43.9596	43.9622	44.004599999999996	44.0597	44.103300000000004	44.1119	44.1574	44.052	43.9392	43.9546	44.0925	44.046099999999996	43.9802	44.075900000000004	43.8888	44.2278	43.986999999999995	43.9651	44.1096	44.0569	44.0033	44.0316	44.0112	44.0756	44.0292	44.0674	44.1006	43.9821	44.0479	44.0928	44.0581	44.026399999999995	44.0187	43.9301	44.0509	43.924800000000005	44.1543	43.9967	44.0702	44.0241	44.0866	44.0308	44.0493	44.041999999999994	43.6877
AeC01027_CKDL210012719-1a-AK7078-AK8488_HF5TCDSX2_L1_clmp_r1r2_fastp	58.662499999999994	42.5638	42.7875	41.8522	42.1382	42.141600000000004	40.9066	44.1864	44.2791	40.455600000000004	47.4584	47.228300000000004	44.8679	44.7142	44.2734	44.1058	44.431	44.2213	44.432300000000005	44.8577	44.5335	44.3731	44.3493	43.6704	43.6968	43.4855	43.5433	43.9477	44.1023	44.0077	44.0918	43.9781	44.1392	43.9305	43.960300000000004	44.0827	43.7417	43.8328	43.883100000000006	43.7947	44.2498	43.7699	43.8917	43.8728	43.8598	43.8562	43.939699999999995	43.905	44.107600000000005	43.861	44.1025	44.1654	43.9379	43.8093	43.9596	43.801899999999996	44.0875	43.8638	43.9728	43.9313	43.8438	43.9272	43.8348	43.8531	44.0153	43.8207	43.8837	43.904900000000005	44.059	43.8744	44.0686	43.8851	43.918600000000005	43.8093	43.8828	43.8255	43.9905	43.815799999999996	43.9346	43.9533	44.0738	43.8378	44.0013	44.0233	43.9288	43.9556	43.7852	43.8551	44.028	43.862	44.0982	44.0367	43.806200000000004	43.841499999999996	43.900800000000004	44.0019	44.0771	43.939499999999995	43.9232	44.0741	44.0096	44.0108	43.9733	43.980599999999995	44.0453	43.905899999999995	43.9153	43.9294	43.9919	44.04	44.026700000000005	44.0265	44.0448	43.905300000000004	43.9304	44.044	44.0234	43.8972	44.0105	43.8756	44.1668	43.9626	43.9545	44.0121	43.9784	43.960300000000004	44.0216	43.9293	44.037	44.0218	43.9732	44.0035	43.9732	43.980599999999995	43.9703	44.008399999999995	43.9915	44.0443	43.952999999999996	44.0531	43.9182	44.121300000000005	44.0	43.9963	43.9853	44.0895	43.965900000000005	44.0928	43.9827	43.7042
AeC01028_CKDL210012719-1a-AK9143-AK8488_HF5TCDSX2_L1_clmp_r1r2_fastp	59.4278	42.3259	43.178	41.731899999999996	42.0801	42.1368	41.0111	44.3138	44.4053	40.4161	47.8456	47.5422	45.0479	44.8983	44.4499	44.1864	44.5988	44.4107	44.5924	45.002399999999994	44.6789	44.4847	44.3482	43.750499999999995	43.7046	43.4172	43.5748	43.8945	44.2386	44.047	44.2418	44.1399	44.2023	44.0164	43.9974	44.2094	43.8052	43.8798	43.9938	43.9106	44.2717	43.825199999999995	43.941	43.9564	43.905699999999996	43.93	44.0258	44.035999999999994	44.169399999999996	43.990899999999996	44.2206	44.214999999999996	44.0552	43.999500000000005	44.0856	43.9052	44.1158	43.9503	44.1169	44.041799999999995	43.9649	43.9137	43.8827	43.947399999999995	44.0854	43.8868	43.956	43.9964	44.1274	43.9746	44.1386	43.96	43.9785	43.8554	43.977199999999996	43.892399999999995	44.0195	43.9324	44.007000000000005	44.0301	44.161	43.9139	44.086999999999996	44.144299999999994	44.0717	44.0105	43.8608	43.9906	44.1351	43.96	44.2677	44.0494	43.912600000000005	43.9495	44.036500000000004	44.1518	44.0894	43.9664	44.0257	44.1109	44.0291	44.1274	44.046400000000006	44.095	44.1315	44.0055	43.9999	43.977	44.069199999999995	44.1278	44.1458	44.1929	44.0922	43.9492	43.9448	44.155499999999996	44.088699999999996	44.0086	44.0998	43.9701	44.3241	44.0863	44.0535	44.1171	44.0983	44.0944	44.0595	44.0846	44.1085	44.0778	44.088899999999995	44.1037	44.0309	43.980399999999996	44.083299999999994	44.0954	44.0343	44.141999999999996	44.0009	44.1108	43.9956	44.1587	44.0403	44.1205	44.0686	44.1854	44.1545	44.1513	44.1141	43.8587
AeC01029_CKDL210012719-1a-5UDI225-AK8488_HF5TCDSX2_L1_clmp_r1r2_fastp	59.3105	41.7335	43.091499999999996	41.863299999999995	41.9748	42.0605	40.8686	44.2085	44.4245	40.1666	47.827999999999996	47.468900000000005	44.854	44.6034	44.2462	44.0369	44.4089	44.1593	44.412600000000005	44.7655	44.5693	44.3247	44.299	43.6581	43.6518	43.349	43.4863	43.8661	44.1178	44.0111	44.061299999999996	43.9931	44.0864	43.8969	43.9363	44.0284	43.6701	43.7588	43.8053	43.8028	44.1472	43.799	43.8032	43.8737	43.836999999999996	43.7687	43.898399999999995	43.877300000000005	44.0434	43.871300000000005	44.0954	44.095	43.9077	43.7994	43.919000000000004	43.7891	43.971199999999996	43.7835	43.966699999999996	43.9151	43.791799999999995	43.866	43.790099999999995	43.7881	44.0011	43.768499999999996	43.8317	43.8266	44.0266	43.873400000000004	43.9941	43.857099999999996	43.8748	43.709399999999995	43.8963	43.806200000000004	43.9467	43.811	43.8853	43.9771	44.0645	43.8525	43.9904	44.026399999999995	43.879400000000004	43.9346	43.8274	43.852999999999994	44.0083	43.9182	44.1065	43.965900000000005	43.934200000000004	43.8459	43.8879	44.0298	44.019999999999996	43.8796	43.993	44.011	43.9965	44.027	43.960100000000004	44.001000000000005	44.028800000000004	43.9432	43.947199999999995	43.904900000000005	43.9401	43.9974	43.9989	43.999300000000005	43.9888	43.965700000000005	43.9328	44.0751	44.008900000000004	43.954100000000004	44.0152	43.8417	44.1778	43.9757	43.9934	44.0101	44.0243	44.0389	43.9585	43.9776	44.0368	43.925399999999996	43.9632	44.0049	43.898199999999996	43.9782	43.9483	43.9741	43.9634	43.9923	43.8956	43.9294	43.893100000000004	44.088	43.994	44.0828	43.9555	44.062200000000004	43.9786	43.9715	44.0318	43.701499999999996
AeC01030_CKDL210012719-1a-AK9144-AK8488_HF5TCDSX2_L1_clmp_r1r2_fastp	58.62070000000001	42.2892	42.6658	41.666799999999995	42.0184	42.025800000000004	40.8638	44.0426	44.1615	40.476800000000004	47.4118	47.2956	44.9383	44.7626	44.3345	44.1461	44.4407	44.2398	44.4525	44.8556	44.642199999999995	44.3304	44.3547	43.6872	43.665	43.418	43.514199999999995	43.8104	44.1632	44.005300000000005	44.1171	44.067099999999996	44.1967	43.9217	43.9633	44.0786	43.7706	43.8283	43.839	43.8559	44.217099999999995	43.7826	43.810700000000004	43.8617	43.8721	43.8689	43.9913	43.9525	44.1032	43.9469	44.1312	44.154900000000005	43.9693	43.834	43.9456	43.756099999999996	44.0088	43.8797	44.0297	43.9432	43.9101	43.9458	43.8699	43.8606	44.0172	43.8178	43.9278	43.9237	44.0447	43.895	44.0954	43.8963	43.967099999999995	43.7957	43.8605	43.865300000000005	43.9595	43.8855	43.9876	44.0435	44.0954	43.82	44.0037	44.0817	43.9848	43.980599999999995	43.7917	43.8608	44.0588	43.9019	44.1721	43.945499999999996	43.8525	43.8937	43.9431	44.0405	44.0674	43.9612	43.958999999999996	44.0141	44.0141	44.0195	43.9769	44.0356	44.0676	43.9537	43.941	43.9183	43.9287	44.0438	44.0653	44.048700000000004	43.9518	43.927899999999994	43.8846	44.0491	44.0307	43.8934	44.055499999999995	43.8975	44.1742	44.0488	43.9351	44.0662	44.019000000000005	44.0495	44.018299999999996	43.9644	43.9821	43.9898	44.023	43.9971	43.9298	44.0186	44.0162	44.007000000000005	43.9548	44.044	43.8921	43.9974	43.905899999999995	44.0791	44.0238	44.0473	43.9874	44.099199999999996	44.0389	44.047799999999995	44.053399999999996	43.7301
AeC01031_CKDL210012719-1a-AK3911-AK8488_HF5TCDSX2_L1_clmp_r1r2_fastp	58.958600000000004	41.6878	42.9423	41.6558	41.8795	41.9953	40.9	44.1077	44.2266	40.2712	47.5953	47.4008	44.8099	44.670500000000004	44.2852	44.1023	44.514900000000004	44.1783	44.5057	44.832899999999995	44.5163	44.352999999999994	44.323800000000006	43.699799999999996	43.7125	43.499700000000004	43.594899999999996	43.891799999999996	44.1467	44.021300000000004	44.1335	44.0056	44.127300000000005	43.9087	43.9551	44.0693	43.730799999999995	43.8272	43.7701	43.8144	44.205	43.8378	43.835800000000006	43.947900000000004	43.8514	43.8842	43.9257	43.8925	44.062	43.9218	44.114	44.1003	43.968	43.8624	43.95	43.812	44.0677	43.8592	43.9878	44.001400000000004	43.834	43.951	43.8282	43.839099999999995	44.0265	43.8112	43.8807	43.9009	44.075399999999995	43.8963	44.0953	43.9035	44.0094	43.8609	43.9456	43.8423	43.995200000000004	43.9097	43.9728	44.0517	44.1496	43.844100000000005	44.0187	44.09	43.9568	43.992	43.8906	43.8239	44.0443	43.9454	44.1652	44.0174	43.9741	43.8799	43.9748	44.043	44.0901	43.9573	43.967800000000004	44.0582	43.9707	44.1034	43.9641	44.0257	44.056200000000004	43.9716	43.9488	43.9919	43.9888	44.0985	44.0241	44.0943	44.04	43.9226	43.945499999999996	44.0217	44.033	43.9328	44.0199	43.951	44.1522	44.0086	44.0107	44.074400000000004	44.0159	43.9178	44.0081	43.9579	44.0817	44.006499999999996	44.0146	44.0265	43.9672	44.0756	44.008	44.027300000000004	44.0602	44.021100000000004	43.898700000000005	44.0111	43.9568	44.1536	44.006	44.044	44.0308	44.1066	44.0045	44.0676	44.0319	43.6834
AeC01032_CKDL210012719-1a-5UDI245-AK8488_HF5TCDSX2_L1_clmp_r1r2_fastp	59.038199999999996	41.9317	42.998999999999995	41.8994	41.9832	42.0694	40.9105	44.1439	44.298700000000004	40.355000000000004	47.5415	47.456199999999995	44.9455	44.7173	44.316100000000006	44.1094	44.5361	44.2796	44.4732	44.8831	44.6882	44.479600000000005	44.3444	43.7599	43.7	43.399	43.603500000000004	43.9697	44.2112	44.075900000000004	44.1971	44.0908	44.2088	43.9638	44.006	44.1053	43.8172	43.8659	43.8623	43.8833	44.2466	43.8071	43.8891	43.9332	43.8778	43.9284	43.9931	43.9602	44.121300000000005	43.9076	44.1128	44.1858	43.938300000000005	43.8214	44.027	43.8596	44.1357	43.910700000000006	44.0455	43.9797	43.8805	43.967099999999995	43.885400000000004	43.9517	44.0432	43.8484	43.9737	43.9637	44.0901	43.9748	44.0687	43.9033	43.992799999999995	43.778099999999995	43.9227	43.9024	44.0432	43.884499999999996	44.033699999999996	44.0292	44.089099999999995	43.9425	44.0318	44.1168	44.0015	44.0381	43.8884	43.9696	44.1048	43.9709	44.2327	44.0241	43.9454	43.961600000000004	43.941599999999994	44.141200000000005	44.129000000000005	43.9884	44.0175	44.069900000000004	44.0507	44.1039	44.062400000000004	44.0186	44.1794	43.9589	44.0175	43.9576	44.055299999999995	44.1325	44.0772	44.1591	44.0634	43.9655	43.9949	44.1476	44.111200000000004	43.931	44.1107	43.919999999999995	44.2712	44.01	44.0362	44.087700000000005	44.1178	44.0568	44.0948	44.0038	44.1261	43.9912	44.0948	43.9901	44.039	44.013000000000005	44.11	44.0385	44.088100000000004	44.0558	43.9861	44.0781	43.9688	44.1766	44.0589	44.098	44.0203	44.221	44.082300000000004	44.0987	44.0873	43.768
AeC01033_CKDL210012719-1a-AK8593-AK8488_HF5TCDSX2_L1_clmp_r1r2_fastp	58.916000000000004	42.2073	42.9311	41.6672	42.0911	42.0517	40.9923	44.1847	44.290099999999995	40.4442	47.5471	47.3948	45.018	44.7342	44.3099	44.1794	44.5515	44.329499999999996	44.4765	44.9036	44.6355	44.3596	44.4162	43.7539	43.7249	43.4578	43.5867	43.9587	44.206	44.109300000000005	44.223600000000005	44.0458	44.207	44.061299999999996	44.0124	44.142399999999995	43.7809	43.832100000000004	43.89	43.9626	44.276900000000005	43.8793	43.965900000000005	43.9273	43.9328	43.9171	44.025	44.0103	44.0853	44.0294	44.2402	44.193	44.0593	43.893	44.068200000000004	43.7777	44.128699999999995	43.9627	44.0126	44.0312	43.9098	43.9822	43.9033	43.9257	44.0846	43.8886	43.924600000000005	43.9605	44.1298	44.0059	44.1303	43.966499999999996	44.0581	43.8525	43.9147	43.9219	44.054700000000004	43.8913	44.028800000000004	44.020900000000005	44.0971	43.9682	44.0987	44.1373	43.9742	43.9722	43.8973	43.9386	44.0706	43.9527	44.144800000000004	44.0369	43.933299999999996	43.9432	44.0252	44.083800000000004	44.1083	43.9408	43.9484	44.1187	44.0522	44.0852	44.0678	44.0713	44.1276	43.9501	44.0254	43.8917	43.9582	44.0773	44.1006	44.1168	44.0069	43.9569	43.9824	44.0456	44.0672	43.9223	44.066300000000005	43.9225	44.2225	44.0059	44.037	44.1091	44.0462	44.0599	44.0592	43.9812	44.058	44.0925	44.028600000000004	44.0637	43.971900000000005	43.9749	44.0159	44.0727	43.9983	44.053399999999996	43.9606	44.0785	43.9368	44.2064	44.032	44.0693	44.061	44.1836	44.0153	44.0737	44.0876	43.727
AeC01034_CKDL210012719-1a-5UDI294-AK7557_HF5TCDSX2_L1_clmp_r1r2_fastp	57.253699999999995	43.0902	42.1918	41.4601	41.9943	41.945	40.7727	43.849199999999996	43.967600000000004	40.542699999999996	46.8048	46.8036	44.748	44.4461	44.1243	43.8867	44.2511	44.0447	44.298300000000005	44.654700000000005	44.4719	44.1361	44.2258	43.5923	43.5669	43.3653	43.4159	43.7725	43.9662	43.857800000000005	43.9249	43.8748	43.962	43.8068	43.7806	43.9255	43.568	43.6809	43.7004	43.6089	44.0242	43.6693	43.6907	43.7365	43.749	43.6977	43.7502	43.7199	43.8962	43.7365	43.8811	43.9007	43.761	43.6346	43.704	43.6362	43.7995	43.6539	43.7502	43.7661	43.675999999999995	43.743300000000005	43.6674	43.6388	43.8179	43.655100000000004	43.71	43.7225	43.866699999999994	43.7241	43.8954	43.6701	43.796	43.6374	43.789	43.72	43.843199999999996	43.7182	43.782	43.862899999999996	43.845800000000004	43.7394	43.8343	43.8615	43.7806	43.8468	43.6135	43.737300000000005	43.8519	43.7316	43.9978	43.851	43.778099999999995	43.7737	43.7995	43.843700000000005	43.8975	43.8176	43.766	43.899	43.857	43.8994	43.8822	43.8279	43.9754	43.7909	43.7737	43.7669	43.8788	43.8812	43.8899	43.9561	43.8563	43.7995	43.8198	43.9292	43.9163	43.835499999999996	43.885600000000004	43.837399999999995	44.021300000000004	43.883	43.7931	43.918099999999995	43.8662	43.8721	43.8868	43.8368	43.9127	43.891999999999996	43.8498	43.8923	43.84	43.8579	43.918800000000005	43.921	43.8751	43.8841	43.8482	43.8612	43.7922	43.9276	43.9398	43.9148	43.9379	43.9653	43.8384	43.933299999999996	43.9365	43.5579
AeC01035_CKDL210012719-1a-AK9146-AK7557_HF5TCDSX2_L1_clmp_r1r2_fastp	58.628800000000005	42.0872	42.6958	41.410000000000004	41.848400000000005	41.8067	40.7559	43.9155	44.1169	40.365	47.2648	47.1292	44.791	44.5926	44.1503	43.9944	44.347300000000004	44.1664	44.3346	44.7273	44.4566	44.2177	44.1789	43.608000000000004	43.5642	43.3721	43.3887	43.7581	44.0678	43.8805	44.0509	43.877300000000005	44.0568	43.9054	43.9078	44.018499999999996	43.6802	43.7088	43.7782	43.7294	44.1382	43.6996	43.7892	43.8606	43.7967	43.7798	43.884699999999995	43.8424	44.040099999999995	43.8009	44.0249	44.0775	43.8884	43.8255	43.9346	43.714999999999996	43.944100000000006	43.7247	43.878499999999995	43.8886	43.7475	43.8342	43.6963	43.8017	43.9597	43.748	43.859700000000004	43.7698	43.9749	43.7673	43.977	43.7749	43.9292	43.6764	43.8181	43.6802	43.9038	43.7972	43.8983	43.987300000000005	43.9749	43.7885	43.9104	44.0015	43.842999999999996	43.8671	43.701	43.7898	43.9459	43.7718	44.044200000000004	43.8665	43.8131	43.7917	43.8343	43.9457	44.0008	43.8258	43.7601	43.9979	43.9071	43.9257	43.87	43.9314	43.9768	43.8496	43.8896	43.8362	43.8973	43.9261	43.9369	43.9576	43.8863	43.8498	43.8214	43.9459	43.8921	43.7732	43.9223	43.7148	44.0729	43.8621	43.8909	43.9446	43.9452	43.885200000000005	43.8491	43.8472	43.9529	43.8656	43.885000000000005	43.8853	43.8615	43.9369	43.8828	43.9408	43.9146	43.9297	43.7666	43.945499999999996	43.811699999999995	44.0512	43.900800000000004	43.9392	43.8686	43.9744	43.891799999999996	43.9722	43.9379	43.6443
AeC01036_CKDL210012719-1a-AK5577-AK7557_HF5TCDSX2_L1_clmp_r1r2_fastp	59.417699999999996	42.459	42.9611	41.976400000000005	42.1115	42.095	41.1151	44.083600000000004	44.126	40.5065	47.4054	47.2252	44.8133	44.722	44.2734	44.1202	44.5443	44.3696	44.4595	44.951	44.5539	44.3358	44.324000000000005	43.6871	43.7008	43.4786	43.536	43.9259	44.1646	44.0137	44.1143	44.0253	44.1525	43.9955	43.9639	44.0955	43.7237	43.811299999999996	43.870599999999996	43.772299999999994	44.249100000000006	43.7927	43.9514	43.889	43.9218	43.871500000000005	43.8859	43.8476	44.046800000000005	43.95	44.1096	44.1339	43.943799999999996	43.8238	43.9268	43.809799999999996	44.1082	43.817499999999995	43.987500000000004	43.9982	43.8101	43.894800000000004	43.8069	43.805	43.9548	43.791999999999994	43.8476	43.892199999999995	44.069599999999994	43.9343	44.018299999999996	43.8681	43.9507	43.6948	43.8484	43.7889	43.8958	43.8459	44.007000000000005	43.9542	44.1253	43.8534	44.0075	43.989200000000004	43.9328	43.9503	43.8056	43.8835	44.066100000000006	43.8423	44.2043	43.988	43.8962	43.8287	43.9161	43.973	44.0121	43.9571	43.8826	44.0316	43.9653	44.0666	43.8938	43.9982	44.026199999999996	43.918600000000005	43.8421	43.9253	43.9931	44.0205	44.053799999999995	44.0182	43.9377	43.8445	43.8724	44.041799999999995	43.9415	43.9411	43.9615	43.8348	44.1058	43.9823	43.9131	43.981700000000004	43.940400000000004	43.971199999999996	43.899	43.9276	44.0043	43.9637	44.0215	43.9564	43.9609	43.9677	43.9967	43.9512	43.9356	44.0314	43.8563	44.0488	43.8827	44.144800000000004	44.0558	43.9675	44.0259	44.1072	43.9847	44.040600000000005	43.9821	43.7002
AeC01037_CKDL210012719-1a-5UDI301-GC06_HF5TCDSX2_L1_clmp_r1r2_fastp	58.7557	41.5969	42.5625	41.4066	41.702099999999994	41.6124	40.5889	43.8212	43.9171	40.090399999999995	47.2443	46.9864	44.570100000000004	44.3707	43.9631	43.8214	44.1056	43.8825	44.067	44.5153	44.1886	44.0578	44.0049	43.3749	43.4055	43.1567	43.2136	43.5366	43.8454	43.683499999999995	43.8408	43.751200000000004	43.824600000000004	43.653	43.6119	43.7719	43.4351	43.5233	43.5465	43.5292	43.941	43.472699999999996	43.5655	43.6177	43.552800000000005	43.5043	43.667	43.5927	43.749	43.5906	43.8067	43.8138	43.6788	43.5332	43.6654	43.531	43.7241	43.5314	43.6783	43.6291	43.5051	43.5693	43.4639	43.578	43.6916	43.511300000000006	43.5577	43.6233	43.7068	43.576100000000004	43.7602	43.4782	43.629	43.4747	43.5892	43.5554	43.599700000000006	43.5591	43.650299999999994	43.6723	43.7352	43.579299999999996	43.6939	43.7668	43.687	43.656299999999995	43.5027	43.528800000000004	43.6992	43.5493	43.7986	43.6519	43.5832	43.5646	43.5981	43.6552	43.7286	43.555899999999994	43.5907	43.7078	43.6145	43.7031	43.6934	43.6381	43.7299	43.5766	43.5922	43.6117	43.5662	43.6997	43.7047	43.728699999999996	43.6513	43.5758	43.595800000000004	43.718	43.6426	43.5666	43.6817	43.500699999999995	43.8203	43.6171	43.5443	43.6096	43.6671	43.5982	43.650299999999994	43.621900000000004	43.6665	43.603500000000004	43.621900000000004	43.565799999999996	43.5135	43.6113	43.6126	43.587399999999995	43.6518	43.580600000000004	43.5232	43.6061	43.5527	43.763400000000004	43.6167	43.6687	43.6092	43.7037	43.599700000000006	43.6714	43.6515	43.3517
AeC01038_CKDL210012719-1a-AK7758-GC06_HF5TCDSX2_L1_clmp_r1r2_fastp	58.4059	40.7271	42.2036	40.3416	40.8497	40.9676	39.9531	42.8643	43.2793	39.3511	46.897	46.483200000000004	44.0471	43.881	43.3577	43.236599999999996	43.6369	43.4903	43.8007	43.791999999999994	43.658500000000004	43.533500000000004	43.3946	42.8066	42.715399999999995	42.3318	42.7642	42.8332	43.2295	43.2721	43.3	43.3092	43.1359	43.1137	43.277300000000004	43.0044	42.8684	42.899	42.7682	42.945899999999995	43.285000000000004	43.0455	43.4346	43.166399999999996	43.2203	43.208800000000004	43.086999999999996	43.1974	43.1367	43.0815	43.1908	43.1456	43.1135	43.0766	43.0799	43.1248	43.053399999999996	43.056400000000004	43.1939	43.021300000000004	43.025200000000005	42.9472	43.0784	42.9923	43.0257	42.896499999999996	43.007600000000004	43.0576	43.2669	43.1297	43.242399999999996	43.1848	43.019200000000005	43.0654	43.107600000000005	43.0467	43.2734	43.189699999999995	43.2007	43.2999	42.9615	43.0587	43.1862	43.1033	43.108999999999995	43.0246	43.1555	43.229600000000005	43.168099999999995	43.0149	43.1432	42.9226	43.355	42.937799999999996	43.0278	42.9953	43.1145	43.1286	43.3176	43.161100000000005	43.1566	43.1339	43.2705	43.2441	43.3125	43.3404	43.0371	43.2292	43.176199999999994	43.1562	43.228100000000005	43.027	43.0971	43.2534	43.2722	43.2714	43.1823	43.2543	43.195499999999996	43.302600000000005	43.102000000000004	43.069	42.8284	43.038	42.9529	42.9801	43.0664	43.107299999999995	42.9955	43.2774	43.1216	43.270199999999996	43.1952	43.0577	43.1581	43.1629	43.1729	43.3079	43.0543	43.2672	43.1871	43.1697	43.1649	43.2851	43.213499999999996	43.4839	43.047999999999995	43.236000000000004	42.8821	42.8867
AeC01039_CKDL210012719-1a-AK7078-GC06_HF5TCDSX2_L1_clmp_r1r2_fastp	59.3047	42.8765	43.8474	42.6559	42.601099999999995	43.0089	41.6756	45.0372	45.064	41.0236	48.1523	48.248000000000005	45.2831	45.2446	44.7224	44.5518	44.937	44.6967	45.0986	45.5538	45.2343	45.0092	44.8207	44.1184	44.2043	43.782399999999996	44.0205	44.535599999999995	44.7902	44.589	44.704	44.5683	44.6546	44.4792	44.4996	44.738	44.1039	44.2962	44.3091	44.3284	44.7208	44.1603	44.3426	44.1918	44.256299999999996	44.323800000000006	44.2805	44.3885	44.5278	44.2971	44.725300000000004	44.7136	44.319199999999995	44.240899999999996	44.3534	44.2311	44.5331	44.2228	44.4732	44.4702	44.2025	44.3849	44.2232	44.1913	44.5048	44.0626	44.3984	44.3131	44.4998	44.3681	44.4663	44.2425	44.3703	44.0996	44.2915	44.2335	44.3996	44.2643	44.3512	44.4934	44.5143	44.3598	44.4337	44.4686	44.5048	44.4517	44.135200000000005	44.3636	44.4587	44.2796	44.7478	44.3011	44.222699999999996	44.3185	44.3359	44.545	44.5744	44.4135	44.408500000000004	44.6539	44.4459	44.534099999999995	44.515100000000004	44.5372	44.6178	44.3812	44.3621	44.4558	44.4784	44.7034	44.6682	44.5784	44.5804	44.4714	44.4485	44.6743	44.65	44.4588	44.5816	44.452799999999996	44.8267	44.6251	44.5255	44.7007	44.6911	44.6299	44.6239	44.5813	44.718599999999995	44.6735	44.7005	44.6683	44.5249	44.6481	44.7322	44.6801	44.6938	44.734899999999996	44.5215	44.7359	44.562200000000004	44.8349	44.7254	44.8494	44.6768	44.825900000000004	44.7093	44.8027	44.7434	44.473400000000005
AeC01040_CKDL210012719-1a-AK9143-GC06_HF5TCDSX2_L1_clmp_r1r2_fastp	59.1888	42.4375	42.89	41.6785	42.0861	42.1362	40.8984	43.9703	44.0119	40.2418	47.3759	47.138600000000004	44.8733	44.6883	44.2117	43.9953	44.4388	44.233	44.3315	44.6641	44.4491	44.2202	44.1269	43.554500000000004	43.487500000000004	43.2537	43.3791	43.6587	43.9514	43.7958	43.9375	43.8589	43.9182	43.7894	43.8349	43.9586	43.5929	43.6956	43.6308	43.6914	44.0044	43.5769	43.6531	43.7701	43.621300000000005	43.7021	43.7502	43.7006	43.8454	43.742599999999996	43.8751	43.9816	43.750699999999995	43.6114	43.715199999999996	43.6269	43.7989	43.677899999999994	43.7471	43.7622	43.643100000000004	43.6605	43.5993	43.619400000000006	43.743700000000004	43.5689	43.6496	43.6848	43.8285	43.6026	43.9132	43.643	43.6972	43.5683	43.646	43.6102	43.7669	43.6327	43.7525	43.7938	43.8152	43.6329	43.833800000000004	43.905699999999996	43.742799999999995	43.7602	43.572	43.702000000000005	43.8618	43.679899999999996	44.0156	43.8209	43.688	43.6587	43.7536	43.8058	43.8417	43.7772	43.7482	43.7965	43.7697	43.8195	43.771100000000004	43.7707	43.9035	43.7043	43.7077	43.784800000000004	43.7352	43.8661	43.8581	43.919200000000004	43.7601	43.661	43.7659	43.8167	43.8121	43.756499999999996	43.8564	43.6795	44.0253	43.8072	43.7787	43.8491	43.852000000000004	43.8065	43.7602	43.7844	43.798700000000004	43.7619	43.8522	43.8114	43.7492	43.784099999999995	43.7916	43.871900000000004	43.761100000000006	43.8222	43.7147	43.8065	43.7458	43.8633	43.8126	43.8731	43.8099	43.9445	43.8392	43.8921	43.880599999999994	43.5193
AeC01041_CKDL210012719-1a-5UDI225-GC06_HF5TCDSX2_L1_clmp_r1r2_fastp	59.03	42.951299999999996	42.7248	41.6232	42.2051	42.127199999999995	40.9069	44.0925	44.0844	40.3001	47.4071	47.1747	44.8499	44.6312	44.2832	44.0075	44.3926	44.1278	44.2552	44.6579	44.3512	44.1856	44.0961	43.5511	43.5016	43.244899999999994	43.3823	43.609700000000004	43.8678	43.7069	43.9004	43.8065	43.8399	43.7268	43.7744	43.8346	43.522800000000004	43.6064	43.6327	43.5579	44.0296	43.5527	43.6618	43.675000000000004	43.6278	43.6003	43.6932	43.695	43.745400000000004	43.6859	43.8826	43.8878	43.8076	43.6237	43.7263	43.6014	43.8369	43.594	43.767	43.7089	43.5465	43.619400000000006	43.6094	43.636399999999995	43.6892	43.6089	43.674600000000005	43.6483	43.8417	43.6223	43.817299999999996	43.589099999999995	43.7509	43.5221	43.589800000000004	43.567299999999996	43.6997	43.5882	43.7222	43.7335	43.8591	43.5841	43.782399999999996	43.763000000000005	43.754799999999996	43.733	43.579	43.5927	43.824200000000005	43.674600000000005	43.8743	43.736399999999996	43.6703	43.6083	43.749	43.8335	43.7645	43.6789	43.6907	43.8086	43.7307	43.7953	43.745400000000004	43.677899999999994	43.8093	43.670700000000004	43.6785	43.6548	43.7334	43.777899999999995	43.7969	43.8143	43.7622	43.669599999999996	43.710100000000004	43.8069	43.7923	43.6245	43.8222	43.5906	43.9027	43.743900000000004	43.725500000000004	43.7653	43.752	43.7051	43.8121	43.743500000000004	43.7795	43.670500000000004	43.7678	43.7878	43.6656	43.5998	43.7664	43.777899999999995	43.6697	43.7871	43.646	43.7423	43.7205	43.8746	43.7677	43.7491	43.7568	43.8464	43.7432	43.8153	43.8334	43.4615
AeC01042_CKDL210012719-1a-AK9144-GC06_HF5TCDSX2_L1_clmp_r1r2_fastp	58.526900000000005	44.075900000000004	42.6552	41.890699999999995	42.585499999999996	42.550399999999996	41.421	44.4663	44.273	40.880300000000005	47.6751	47.3903	45.3841	45.170500000000004	44.750499999999995	44.5997	44.8251	44.5614	44.6415	45.0163	44.89	44.6103	44.6032	44.0711	43.99	43.7787	43.8035	44.0703	44.317099999999996	44.250699999999995	44.3703	44.392900000000004	44.3856	44.228	44.3503	44.3159	44.033899999999996	44.0641	44.1297	44.0113	44.5116	44.0242	44.1788	44.201800000000006	44.163000000000004	44.1077	44.1795	44.238499999999995	44.3032	44.1986	44.3637	44.399100000000004	44.2464	44.0764	44.2798	44.083	44.243900000000004	44.018	44.1885	44.1616	44.0511	44.117	44.0797	44.1533	44.225300000000004	44.0568	44.0803	44.1523	44.290600000000005	44.1656	44.3042	44.008	44.1416	44.0297	44.0563	44.1282	44.1411	44.0514	44.174400000000006	44.1945	44.2598	44.1178	44.2502	44.170700000000004	44.181799999999996	44.1378	44.0069	44.0486	44.295	44.0312	44.3071	44.1654	44.071	44.0629	44.1117	44.1224	44.266299999999994	44.1367	44.097500000000004	44.2153	44.1361	44.1254	44.1471	44.1611	44.137	44.1072	44.0738	44.0332	44.107	44.1228	44.167899999999996	44.209700000000005	44.0984	44.0088	44.0715	44.175	44.162099999999995	44.0246	44.1574	43.9907	44.3205	44.0602	44.085800000000006	44.1202	44.1062	44.0505	44.094100000000005	44.1426	44.1194	44.0529	44.1606	44.1072	44.0345	44.1381	44.174	44.122099999999996	44.134299999999996	44.0797	43.9743	44.0767	44.079800000000006	44.2173	44.1454	44.1784	44.0925	44.257999999999996	44.0873	44.1481	44.155899999999995	43.8237
AeC01043_CKDL210012719-1a-AK3911-GC06_HF5TCDSX2_L1_clmp_r1r2_fastp	58.8398	43.419200000000004	42.807	41.8747	42.2786	42.4139	41.346	44.091	43.9795	40.7921	47.176	47.1479	45.0965	44.8752	44.5193	44.3158	44.6768	44.4763	44.486599999999996	44.9094	44.5777	44.5424	44.2821	43.8565	43.717800000000004	43.621500000000005	43.6302	43.9493	44.222699999999996	44.1137	44.1923	44.2072	44.1943	44.075900000000004	44.162099999999995	44.2421	43.9605	44.013200000000005	44.0266	43.9322	44.4142	43.8933	44.0326	44.0162	43.988	43.9726	43.9941	44.108000000000004	44.2995	44.0473	44.2587	44.239	44.0971	44.008199999999995	44.1534	43.963	44.1556	43.993900000000004	44.1839	44.1278	43.9467	43.966499999999996	43.9561	43.923899999999996	44.2085	43.9041	43.9531	44.0181	44.2076	44.0415	44.163000000000004	43.9535	44.0859	43.8278	43.952799999999996	43.961299999999994	44.034800000000004	43.9247	44.1282	44.128099999999996	44.2224	44.001400000000004	44.108599999999996	44.1922	44.1286	44.0318	43.9544	43.9934	44.183299999999996	43.97	44.2691	44.0261	43.9596	43.9869	43.9771	43.998	44.0888	43.9894	44.008	44.167699999999996	44.0004	44.047399999999996	44.0075	44.0163	44.054700000000004	43.9608	43.947599999999994	43.9242	44.059	44.1063	44.0928	44.1492	44.024	43.8737	43.9493	44.0187	43.9981	43.9326	44.0686	43.9271	44.2357	43.9921	43.942	44.0602	44.006699999999995	43.9888	44.0015	44.009100000000004	44.027300000000004	44.0432	44.0654	44.0491	44.0305	44.059799999999996	43.9832	44.0864	43.9904	43.9885	43.9724	44.0222	44.0009	44.1941	44.0118	44.0301	43.9982	44.2198	44.003	44.0843	44.146	43.7482
AeC01044_CKDL210012719-1a-5UDI245-GC06_HF5TCDSX2_L1_clmp_r1r2_fastp	58.7612	43.5077	42.669000000000004	41.7477	42.345	42.3036	41.092600000000004	44.0945	43.9163	40.611399999999996	47.202	47.143	45.0833	44.8691	44.5306	44.2708	44.6186	44.3084	44.4209	44.7967	44.5781	44.2949	44.408500000000004	43.8134	43.819	43.56	43.568400000000004	43.8366	44.101800000000004	44.023	44.0902	44.1288	44.1662	44.0272	44.019999999999996	44.1037	43.8839	43.8459	43.8635	43.8236	44.2274	43.9058	43.9204	43.9726	43.932900000000004	43.905300000000004	43.9835	43.968	44.037	43.971900000000005	44.1615	44.166	44.0415	43.9281	43.9418	43.9224	44.035000000000004	43.8994	44.0314	43.9672	43.8841	43.9274	43.8114	43.9271	44.0435	43.8299	43.8952	43.8747	44.0708	43.9374	44.0498	43.899300000000004	44.0066	43.7889	43.8642	43.8533	44.0038	43.7949	43.8742	44.0629	44.0943	43.953900000000004	44.0554	44.0475	43.9744	44.0083	43.7479	43.894800000000004	44.000299999999996	43.8846	44.0902	44.016	43.943799999999996	43.831900000000005	44.0255	44.0162	44.0439	43.9161	43.8789	43.9833	43.947399999999995	44.0128	43.933699999999995	44.0366	44.013200000000005	44.0297	43.9247	43.9418	43.9398	44.0275	44.0237	44.0229	44.0019	43.8916	43.9288	44.055	43.93	43.9491	44.006	43.8529	44.132	43.9582	44.0078	43.992799999999995	44.005100000000006	43.9838	44.0407	44.0064	44.0328	44.018	44.0045	44.0373	43.994699999999995	43.9302	43.9502	44.0636	43.994	44.0308	43.8836	43.9649	43.9278	44.1154	44.0352	44.0806	44.0659	44.0662	44.005300000000005	44.100899999999996	44.082	43.7061
AeC01045_CKDL210012719-1a-AK8593-GC06_HF5TCDSX2_L1_clmp_r1r2_fastp	58.8365	43.257600000000004	42.696600000000004	41.6789	42.0813	42.2315	40.96	44.0078	44.122699999999995	40.3382	47.2158	47.1849	45.006	44.742599999999996	44.3608	44.1295	44.5033	44.2145	44.3346	44.732	44.534800000000004	44.2527	44.2852	43.6462	43.674600000000005	43.4647	43.473800000000004	43.8	44.025	43.9147	44.0234	43.937	44.0747	43.905	43.951499999999996	44.0019	43.783300000000004	43.754599999999996	43.7545	43.7282	44.2001	43.754599999999996	43.7921	43.85	43.8274	43.7544	43.909	43.8688	44.0157	43.9283	44.0724	44.0259	43.8697	43.833	43.8816	43.7872	44.013799999999996	43.7668	43.9752	43.8697	43.794	43.8276	43.8015	43.7679	43.8897	43.8121	43.7866	43.8336	43.969500000000004	43.8367	44.0127	43.723099999999995	43.9154	43.6518	43.8306	43.765	43.857099999999996	43.786500000000004	43.9224	43.9388	44.0162	43.846000000000004	43.946400000000004	43.978699999999996	43.8614	43.917699999999996	43.6832	43.806400000000004	43.9932	43.809799999999996	44.034800000000004	43.916	43.8138	43.7994	43.8289	43.8966	44.0006	43.879000000000005	43.8287	43.9725	43.8178	43.9185	43.8607	43.8779	43.9529	43.8745	43.7879	43.84	43.8411	43.9268	43.9083	43.977	43.919000000000004	43.8745	43.7983	43.9556	43.9041	43.773	43.924	43.7214	44.014900000000004	43.8932	43.7997	43.9291	43.8911	43.932900000000004	43.9206	43.870599999999996	43.9039	43.8457	43.9099	43.838899999999995	43.8813	43.910700000000006	43.871700000000004	43.8963	43.887100000000004	43.8825	43.7912	43.9033	43.782199999999996	43.9674	43.9629	43.9509	43.9303	43.993	43.8696	43.993	43.940200000000004	43.6047
AeC01046_CKDL210012719-1a-5UDI294-AK8488_HF5TCDSX2_L1_clmp_r1r2_fastp	58.18	42.1172	42.7168	41.5777	41.978	41.9539	40.823	44.0787	44.0301	40.2973	47.4462	47.1557	44.7932	44.6217	44.1759	44.035999999999994	44.369	44.1198	44.4291	44.7093	44.4902	44.241200000000006	44.2379	43.6556	43.6353	43.3684	43.5239	43.8614	44.073	43.917899999999996	44.1039	43.9292	44.0409	43.8426	43.9013	44.0035	43.643100000000004	43.7806	43.8226	43.7835	44.116699999999994	43.6733	43.8388	43.8701	43.8145	43.8613	43.884499999999996	43.9322	44.0749	43.867200000000004	44.0527	44.0477	43.8846	43.8044	43.9619	43.7698	44.0374	43.8044	43.929899999999996	43.9214	43.7312	43.8143	43.7444	43.8229	43.96	43.796400000000006	43.8476	43.9366	43.9509	43.9089	44.0239	43.817099999999996	43.8786	43.660199999999996	43.8609	43.7895	43.9271	43.8106	43.9451	43.9362	44.0647	43.8452	43.947900000000004	43.9737	43.9045	43.9311	43.7207	43.8262	43.9841	43.8462	44.061699999999995	43.9698	43.8639	43.8369	43.857	43.9487	43.9963	43.8688	43.8882	44.0229	43.9411	44.0666	43.910199999999996	43.9566	44.0127	43.8906	43.8949	43.8533	43.8932	43.999500000000005	44.0097	44.015	43.9564	43.8264	43.957800000000006	44.0293	43.9086	43.8853	43.9836	43.838300000000004	44.1045	43.946200000000005	43.9641	44.0419	43.9166	43.9561	43.966	43.9646	43.9114	43.872	43.957800000000006	43.967	43.9252	44.0009	43.9134	43.971199999999996	43.9554	43.9571	43.825399999999995	43.9444	43.8258	44.0944	43.9605	43.9647	43.9781	44.0336	43.9372	43.9902	43.9696	43.6174
AeC01047_CKDL210012719-1a-AK9146-AK8488_HF5TCDSX2_L1_clmp_r1r2_fastp	58.1781	42.8878	42.8002	41.7282	42.0385	42.119800000000005	40.9972	44.1961	44.2729	40.658100000000005	47.3039	47.2903	45.0922	44.7743	44.4636	44.1186	44.4759	44.3893	44.5328	45.0764	44.7115	44.5185	44.332	43.7919	43.6571	43.5233	43.6301	43.9496	44.3393	44.1132	44.2453	44.058	44.1785	44.0901	43.9838	44.2731	43.8407	43.9853	44.0021	43.951	44.305499999999995	43.8592	43.905	43.9771	43.9227	44.012	44.0594	44.0618	44.2132	43.9848	44.2319	44.284800000000004	44.1102	43.9501	44.1376	43.8635	44.2199	43.995200000000004	44.116699999999994	44.0383	43.971	43.938100000000006	43.9038	43.9255	44.1212	43.921	44.0325	44.0024	44.1879	43.9901	44.1455	43.862899999999996	44.1185	43.8378	43.9535	43.941900000000004	44.061499999999995	43.9262	44.1185	44.0115	44.1246	43.9423	44.0516	44.1669	44.0874	44.0876	43.8408	43.9812	44.1847	43.9782	44.318000000000005	44.0465	43.9219	43.8904	43.9711	44.1336	44.142700000000005	43.9969	44.012499999999996	44.238699999999994	44.0389	44.1326	44.034	44.079299999999996	44.177	43.9953	43.9389	43.9846	43.974000000000004	44.196200000000005	44.1745	44.186	44.0054	43.8932	43.9721	44.0676	44.0432	43.849199999999996	44.1451	43.8553	44.3289	44.0573	43.9984	44.1374	44.047399999999996	44.0647	44.0166	44.0085	44.0989	44.092	44.0104	44.1014	43.9551	43.969	44.0338	44.066300000000005	44.0848	44.171899999999994	43.9746	44.1664	43.9521	44.2209	43.986	44.068400000000004	43.902	44.176700000000004	44.0726	44.1224	44.184200000000004	43.782399999999996
AeC01048_CKDL210012719-1a-AK5577-AK8488_HF5TCDSX2_L1_clmp_r1r2_fastp	59.9971	41.482	43.993900000000004	42.2198	42.221199999999996	42.3116	41.3891	44.7382	44.634800000000006	40.3399	48.3672	47.7733	44.906400000000005	44.8767	44.4435	44.2933	44.7878	44.4752	44.6987	45.0598	44.8065	44.5619	44.5944	43.939299999999996	43.9723	43.6918	43.8317	44.198100000000004	44.4281	44.305	44.3495	44.313399999999994	44.3983	44.1212	44.2381	44.350899999999996	44.01	44.0741	44.066100000000006	44.1691	44.4619	44.0239	44.162600000000005	44.1802	44.0739	44.0614	44.150099999999995	44.184400000000004	44.3531	44.1832	44.4175	44.3578	44.197199999999995	44.093199999999996	44.156600000000005	44.1031	44.2949	44.1191	44.2787	44.1923	44.121700000000004	44.0985	44.0738	44.1265	44.2544	44.0636	44.149899999999995	44.1871	44.3132	44.2268	44.312000000000005	44.167699999999996	44.150600000000004	43.9733	44.1185	44.079499999999996	44.2023	44.0894	44.2254	44.2241	44.3489	44.1588	44.2706	44.3142	44.177699999999994	44.2129	44.0771	44.1874	44.2567	44.1762	44.4274	44.2498	44.183099999999996	44.189	44.198	44.2995	44.307	44.1913	44.215199999999996	44.3611	44.2626	44.3401	44.2324	44.2743	44.3322	44.2054	44.230999999999995	44.1757	44.3008	44.337700000000005	44.372699999999995	44.324200000000005	44.351400000000005	44.2629	44.2363	44.3133	44.3515	44.25	44.270900000000005	44.2476	44.366699999999994	44.2461	44.3246	44.305099999999996	44.2882	44.3647	44.2933	44.2733	44.3023	44.317499999999995	44.2999	44.3159	44.3353	44.278099999999995	44.3386	44.3146	44.225300000000004	44.323499999999996	44.2016	44.327600000000004	44.2911	44.4284	44.3212	44.3462	44.3016	44.390299999999996	44.3827	44.3818	44.2965	44.0593
AeC01049_CKDL210012719-1a-5UDI301-AK4236_HF5TCDSX2_L1_clmp_r1r2_fastp	58.6997	41.836400000000005	42.7659	41.678	41.9199	41.9512	40.7495	43.9896	44.0768	40.2886	47.4294	47.1804	44.7935	44.5507	44.136399999999995	43.9841	44.377	44.0962	44.3707	44.7355	44.4953	44.266	44.263999999999996	43.6316	43.634	43.3906	43.490899999999996	43.856	44.1067	43.8874	44.0448	43.944	44.0361	43.8959	43.8835	44.0352	43.6458	43.7608	43.7686	43.7782	44.1525	43.683499999999995	43.7786	43.8237	43.7872	43.8071	43.8693	43.8937	44.013200000000005	43.8198	44.0235	44.0272	43.886199999999995	43.7811	43.8841	43.7682	43.9507	43.8136	43.8976	43.894	43.7312	43.8206	43.783699999999996	43.765100000000004	43.9435	43.7826	43.8317	43.869	43.9931	43.8536	43.9653	43.7892	43.8531	43.728699999999996	43.8318	43.7757	43.938500000000005	43.852000000000004	43.8865	43.941599999999994	43.954	43.784600000000005	43.9632	43.9823	43.863400000000006	43.9154	43.6929	43.816300000000005	43.9565	43.8266	44.0777	43.871500000000005	43.8292	43.8157	43.873400000000004	43.9666	44.0161	43.864999999999995	43.8888	43.9516	43.8955	43.9052	43.9004	43.914500000000004	43.9794	43.8494	43.866699999999994	43.8769	43.8642	43.9785	43.9878	44.0332	43.9984	43.8409	43.8501	44.0514	43.963	43.8207	43.9606	43.821	44.0577	43.9407	43.9143	44.003	43.9314	43.958999999999996	43.9129	43.9245	43.941	43.9307	43.9357	43.9427	43.896499999999996	43.8972	43.971700000000006	44.011	43.9394	43.918400000000005	43.850899999999996	43.9488	43.894800000000004	44.0206	43.9257	43.9091	43.9367	44.0686	43.933699999999995	43.990899999999996	43.990899999999996	43.6901
AeC01050_CKDL210012719-1a-AK7758-AK4236_HF5TCDSX2_L1_clmp_r1r2_fastp	58.475100000000005	42.1027	42.201899999999995	41.6196	41.7449	41.7861	40.5723	43.7938	43.97	40.2663	47.100500000000004	46.9892	44.6481	44.4367	44.0173	43.776900000000005	44.2005	43.959399999999995	44.1715	44.5791	44.3748	44.1049	44.1378	43.4839	43.5112	43.2284	43.3258	43.6723	43.946400000000004	43.7431	43.932900000000004	43.8074	43.9439	43.7485	43.727700000000006	43.8977	43.4586	43.6437	43.6192	43.586200000000005	43.941900000000004	43.5703	43.6325	43.7199	43.5826	43.6253	43.7198	43.6861	43.8796	43.660900000000005	43.8772	43.9062	43.7502	43.542199999999994	43.758	43.5938	43.811499999999995	43.6012	43.7654	43.748599999999996	43.6272	43.6536	43.641000000000005	43.6092	43.838899999999995	43.6038	43.7165	43.667699999999996	43.7845	43.6963	43.886900000000004	43.6316	43.693	43.5352	43.7147	43.627	43.7888	43.7067	43.7756	43.763600000000004	43.8272	43.702999999999996	43.8023	43.8195	43.7365	43.764399999999995	43.554700000000004	43.7065	43.7924	43.6676	43.9756	43.786500000000004	43.6749	43.6502	43.7093	43.7995	43.8913	43.709900000000005	43.7283	43.8602	43.730000000000004	43.8001	43.7888	43.7688	43.8565	43.730799999999995	43.7337	43.6721	43.711	43.8301	43.8558	43.8618	43.7544	43.75	43.6774	43.822	43.8086	43.6632	43.778099999999995	43.6734	43.917	43.8033	43.7123	43.79	43.7639	43.7478	43.7658	43.714	43.8207	43.7622	43.769400000000005	43.7659	43.7234	43.6713	43.7461	43.790800000000004	43.743500000000004	43.7594	43.6836	43.7775	43.7259	43.86	43.7893	43.7374	43.7569	43.8926	43.7835	43.7994	43.8343	43.451499999999996
AeC01051_CKDL210012719-1a-AK7078-AK4236_HF5TCDSX2_L1_clmp_r1r2_fastp	59.001400000000004	42.0234	42.7188	41.5327	41.830099999999995	41.8455	40.748400000000004	44.0261	44.1332	40.26	47.4299	47.1337	44.7088	44.5206	44.101099999999995	43.8977	44.2733	43.959900000000005	44.284600000000005	44.541599999999995	44.365300000000005	44.176	44.1678	43.4992	43.554700000000004	43.236999999999995	43.370999999999995	43.7333	43.8921	43.8009	43.8752	43.790600000000005	43.8923	43.7765	43.7425	43.9025	43.5173	43.674600000000005	43.6015	43.6269	43.9658	43.6442	43.667699999999996	43.7529	43.7234	43.665	43.736999999999995	43.775	43.868	43.7063	43.9496	43.8895	43.7001	43.6747	43.7569	43.5966	43.9084	43.6109	43.7592	43.7199	43.594500000000004	43.762699999999995	43.6375	43.6836	43.8365	43.6334	43.7475	43.6874	43.8099	43.636399999999995	43.877300000000005	43.6458	43.748799999999996	43.5641	43.6376	43.6532	43.8085	43.620999999999995	43.7086	43.8814	43.8493	43.7185	43.8755	43.7954	43.7571	43.8044	43.5843	43.6726	43.7979	43.6556	43.9825	43.7768	43.715399999999995	43.689499999999995	43.7295	43.775	43.8563	43.7361	43.7568	43.8288	43.771300000000004	43.76	43.858399999999996	43.7861	43.8501	43.783300000000004	43.707	43.736000000000004	43.7187	43.8919	43.8095	43.8628	43.8183	43.7199	43.837199999999996	43.8394	43.8217	43.7292	43.737300000000005	43.6702	43.8867	43.7907	43.7587	43.816300000000005	43.8147	43.802099999999996	43.7573	43.7741	43.8313	43.7849	43.8464	43.7935	43.7921	43.8205	43.7725	43.8154	43.8243	43.7895	43.6308	43.8078	43.7049	43.9482	43.8774	43.8446	43.8131	43.891000000000005	43.7674	43.8172	43.8558	43.5644
AeC01052_CKDL210012719-1a-AK9143-AK4236_HF5TCDSX2_L1_clmp_r1r2_fastp	59.47409999999999	41.8142	43.126599999999996	41.812	41.949999999999996	42.0294	40.7721	44.068200000000004	44.2005	40.1411	47.7089	47.304899999999996	44.868900000000004	44.6812	44.2497	44.0147	44.4902	44.2389	44.3684	44.8414	44.5314	44.3289	44.2309	43.645	43.5093	43.3411	43.4504	43.7571	44.1243	43.8933	44.0434	43.9677	44.0649	43.8911	43.8981	44.074000000000005	43.6743	43.7748	43.8306	43.7954	44.1649	43.684400000000004	43.8013	43.7724	43.7883	43.7986	43.851099999999995	43.8303	44.0343	43.823499999999996	44.0799	44.0392	43.9021	43.8055	43.9106	43.782399999999996	44.0036	43.742	43.9026	43.873	43.707499999999996	43.8325	43.7456	43.7718	43.946000000000005	43.7677	43.8361	43.853500000000004	44.0263	43.8269	43.9846	43.8159	43.8873	43.696600000000004	43.7734	43.7547	43.898399999999995	43.832100000000004	43.8953	43.924400000000006	44.0504	43.8429	43.9769	43.989200000000004	43.9439	43.9401	43.751	43.862	43.9996	43.8698	44.067099999999996	43.9079	43.796400000000006	43.7842	43.8699	43.9451	43.9855	43.8745	43.8992	44.0561	43.955	43.969	43.955	43.9283	44.0	43.8866	43.8763	43.7802	43.9093	44.0035	44.0182	43.995400000000004	43.9125	43.8601	43.8745	43.9863	44.0355	43.8529	43.9424	43.8702	44.1182	43.9571	43.9285	43.994699999999995	43.9388	43.925599999999996	43.9471	43.916	43.9919	43.9034	43.972	43.9493	43.8946	43.9286	43.9654	43.9889	43.9743	43.9637	43.8737	43.9358	43.8315	44.0594	43.9852	44.022099999999995	43.9019	44.1291	43.9125	43.9904	44.0235	43.7185
AeC01053_CKDL210012719-1a-5UDI225-AK4236_HF5TCDSX2_L1_clmp_r1r2_fastp	59.5862	42.660199999999996	42.9332	41.764	42.2259	42.308	41.132000000000005	44.1869	44.2384	40.4273	47.5246	47.2794	44.9095	44.7656	44.3697	44.2059	44.6471	44.3026	44.460300000000004	44.8429	44.6313	44.2456	44.3218	43.6652	43.6711	43.3999	43.4828	43.808	44.1166	43.9071	43.9797	44.0403	44.0657	43.9548	43.9486	44.0703	43.763200000000005	43.8488	43.773	43.8468	44.249300000000005	43.7612	43.8065	43.8758	43.8417	43.8561	43.8349	43.876599999999996	44.020900000000005	43.9161	44.1162	44.1094	43.972	43.852799999999995	43.972899999999996	43.8474	44.0299	43.8696	43.9463	43.971700000000006	43.8258	43.86	43.825199999999995	43.8288	43.9969	43.8214	43.7907	43.9006	44.0497	43.9159	44.057	43.7776	43.8481	43.744499999999995	43.768499999999996	43.8265	43.9467	43.8133	43.9783	43.9412	44.1186	43.8779	43.9227	44.015100000000004	43.8726	43.920500000000004	43.765	43.893100000000004	43.983	43.85	44.1432	43.9382	43.8799	43.8566	43.8693	44.0093	44.0427	43.9052	43.8761	44.0444	43.9879	44.006699999999995	43.967	43.9379	43.928	43.9313	43.899300000000004	43.898900000000005	43.925599999999996	44.061699999999995	44.0194	44.021300000000004	44.0024	43.9129	43.8394	44.0384	44.033699999999996	43.8799	44.0411	43.8401	44.1445	43.924600000000005	43.9264	44.013799999999996	43.9411	43.967800000000004	43.984	43.8617	43.9794	43.905300000000004	44.008199999999995	43.9493	43.9605	44.0258	43.854	44.0843	44.0045	43.9526	43.8442	43.973	43.8587	44.0874	43.9827	44.040400000000005	43.9587	44.1378	43.9598	44.0283	44.053399999999996	43.7969
AeC01054_CKDL210012719-1a-AK9144-AK4236_HF5TCDSX2_L1_clmp_r1r2_fastp	58.9628	43.5557	42.8705	41.9979	42.46	42.5017	41.368100000000005	44.377	44.2286	40.8829	47.5775	47.509	45.339600000000004	45.129200000000004	44.7132	44.4881	44.8738	44.5466	44.7335	45.0903	44.8231	44.608399999999996	44.6659	44.0451	44.0088	43.8087	43.8612	44.075199999999995	44.3839	44.2596	44.4142	44.3573	44.446400000000004	44.278800000000004	44.323499999999996	44.4697	44.0232	44.1116	44.089299999999994	44.0996	44.5679	44.112	44.1828	44.2123	44.1731	44.155699999999996	44.284099999999995	44.2133	44.416	44.2267	44.4197	44.434000000000005	44.2811	44.1605	44.2484	44.1305	44.3436	44.14	44.271899999999995	44.274	44.136399999999995	44.0946	44.1214	44.1509	44.3007	44.088100000000004	44.122499999999995	44.1961	44.3208	44.152	44.332100000000004	44.1377	44.182500000000005	44.053799999999995	44.0818	44.114	44.1267	44.0916	44.2619	44.239	44.3627	44.1667	44.284800000000004	44.3245	44.2464	44.2177	44.0869	44.1242	44.2431	44.1046	44.3213	44.2029	44.1633	44.1196	44.196200000000005	44.225500000000004	44.2886	44.1189	44.1517	44.218	44.1796	44.2506	44.2061	44.2748	44.2808	44.1395	44.1298	44.1207	44.1653	44.2168	44.2628	44.2002	44.2378	44.1348	44.170500000000004	44.2341	44.2065	44.1184	44.225300000000004	44.0361	44.3642	44.1839	44.2104	44.1562	44.222	44.217099999999995	44.1898	44.2085	44.2581	44.1925	44.245000000000005	44.207800000000006	44.2025	44.2892	44.1937	44.2058	44.2417	44.138	44.0884	44.2414	44.1461	44.3266	44.2622	44.2331	44.2419	44.3015	44.1797	44.2789	44.2488	43.9446
AeC01055_CKDL210012719-1a-AK3911-AK4236_HF5TCDSX2_L1_clmp_r1r2_fastp	59.2031	43.4897	42.7736	41.8749	42.532399999999996	42.438900000000004	41.3733	44.1244	44.0133	40.681400000000004	47.1783	47.199999999999996	45.1533	45.0388	44.5455	44.5033	44.7877	44.483	44.6004	44.9093	44.7398	44.4424	44.5479	43.882	44.0009	43.7051	43.7569	44.0509	44.2671	44.1106	44.216899999999995	44.2504	44.303399999999996	44.13	44.1906	44.2723	44.0433	44.0435	43.9507	43.983	44.3341	43.9154	44.1209	44.102599999999995	44.0861	44.0135	44.1502	44.068200000000004	44.2834	44.1272	44.3778	44.2303	44.1131	44.0807	44.1926	44.0326	44.216	44.128099999999996	44.174	44.0786	44.019000000000005	44.0356	43.959900000000005	43.974000000000004	44.154700000000005	43.9844	44.109700000000004	44.008399999999995	44.2419	44.107	44.2581	44.0314	44.0738	43.946600000000004	44.0058	43.9741	44.103300000000004	43.9964	44.1175	44.2554	44.2299	44.1415	44.2277	44.1704	44.1265	44.1465	43.9697	44.0579	44.2235	44.0914	44.2746	44.1985	44.1136	44.0809	44.068200000000004	44.1289	44.193599999999996	44.1218	44.1012	44.2247	44.1458	44.0739	44.0969	44.1445	44.152	44.1118	44.055699999999995	44.056200000000004	44.1534	44.122499999999995	44.190000000000005	44.1806	44.195	44.063	44.0509	44.1971	44.168	44.0734	44.163799999999995	43.9832	44.298700000000004	44.1875	44.0631	44.1406	44.053799999999995	44.1061	44.1463	44.1421	44.1591	44.1141	44.150099999999995	44.0908	44.1511	44.1446	44.2528	44.1552	44.2011	44.1353	44.058	44.1425	44.1183	44.1988	44.201800000000006	44.2038	44.2471	44.2667	44.1392	44.2956	44.175399999999996	44.0258
AeC01056_CKDL210012719-1a-5UDI245-AK4236_HF5TCDSX2_L1_clmp_r1r2_fastp	58.992	43.0627	42.6255	41.689	42.1139	42.2054	40.966	43.9626	44.0892	40.448499999999996	47.2023	47.1215	45.0174	44.8151	44.333099999999995	44.1913	44.4764	44.1471	44.3943	44.7532	44.4946	44.2316	44.3738	43.6471	43.6932	43.4351	43.5009	43.7245	44.0725	43.911	44.0079	43.9272	44.082	43.8998	43.9219	44.039899999999996	43.6833	43.698	43.6913	43.7727	44.0508	43.7521	43.865700000000004	43.8405	43.727	43.8012	43.8033	43.7838	43.9581	43.8908	44.0722	43.999700000000004	43.8998	43.8104	43.885600000000004	43.7695	43.9805	43.6923	43.8921	43.8288	43.7106	43.8095	43.7845	43.7466	43.972699999999996	43.7116	43.782700000000006	43.845800000000004	43.8935	43.8227	43.9859	43.8205	43.796099999999996	43.6618	43.758399999999995	43.7542	43.8472	43.8651	43.8397	44.0055	43.9749	43.9123	43.9447	43.9511	43.8554	43.933299999999996	43.7266	43.8245	43.992799999999995	43.8011	44.0867	43.9027	43.8445	43.863400000000006	43.8692	43.8808	43.9876	43.8603	43.8645	43.9507	43.8731	43.9855	43.8926	43.8687	43.9379	43.9106	43.8751	43.8206	43.933499999999995	43.904900000000005	43.9627	43.9859	44.0038	43.8891	43.9291	43.979099999999995	43.979600000000005	43.908	43.9823	43.8183	44.0379	43.9347	43.851	43.981300000000005	43.9561	43.985800000000005	43.9087	44.0172	43.9923	43.9286	44.023	43.8906	43.9908	44.006299999999996	43.9591	43.952200000000005	43.952999999999996	43.9767	43.910900000000005	43.8878	43.9737	44.047399999999996	43.9826	44.052	44.047799999999995	44.0172	43.9089	43.983	44.0369	43.772800000000004
AeC01057_CKDL210012719-1a-AK8593-AK4236_HF5TCDSX2_L1_clmp_r1r2_fastp	59.20910000000001	41.661500000000004	42.8651	41.543	41.757	41.9747	40.6964	44.0085	44.147	40.1491	47.5675	47.2841	44.839800000000004	44.6141	44.1259	43.9114	44.3237	44.0355	44.3176	44.638	44.3658	44.2029	44.150099999999995	43.547000000000004	43.5727	43.2849	43.3865	43.7429	43.957	43.8417	43.9148	43.8558	44.0294	43.8284	43.8579	43.939	43.628699999999995	43.6982	43.6653	43.7253	44.082	43.6425	43.7406	43.7995	43.6881	43.6834	43.7261	43.7157	43.9762	43.7203	44.0355	43.9621	43.777300000000004	43.7218	43.817299999999996	43.7136	43.88	43.7518	43.845299999999995	43.770900000000005	43.7046	43.7734	43.6817	43.640299999999996	43.922	43.6995	43.7353	43.7916	43.8671	43.769000000000005	43.932900000000004	43.7676	43.8247	43.6252	43.738899999999994	43.695699999999995	43.7835	43.783899999999996	43.788	43.857099999999996	43.966300000000004	43.7776	43.8366	43.9281	43.8282	43.8204	43.6589	43.7475	43.8703	43.7532	43.9799	43.819599999999994	43.7609	43.8138	43.788199999999996	43.9401	43.8956	43.7527	43.8563	43.935	43.804300000000005	43.8939	43.8718	43.843199999999996	43.9127	43.8502	43.8223	43.7943	43.8282	43.8741	43.9089	43.9189	43.8841	43.802099999999996	43.7938	43.9113	43.8716	43.8353	43.8544	43.7482	43.9415	43.865300000000005	43.8463	43.8487	43.8836	43.869	43.8536	43.900800000000004	43.897000000000006	43.8082	43.8937	43.8505	43.9332	43.851	43.9046	43.8555	43.8279	43.7919	43.764399999999995	43.8204	43.8433	43.9227	43.9305	43.8211	43.8865	44.001400000000004	43.849900000000005	43.9328	43.8693	43.5983
AeC01058_CKDL210012719-1a-5UDI294-GC06_HF5TCDSX2_L1_clmp_r1r2_fastp	58.2789	42.155100000000004	42.463699999999996	41.3367	41.814299999999996	41.7971	40.7371	43.9649	44.028	40.3031	47.161500000000004	46.9964	44.711099999999995	44.473400000000005	44.097500000000004	43.9087	44.2738	44.0205	44.2208	44.6101	44.3262	44.092	44.107400000000005	43.514599999999994	43.5118	43.2621	43.3549	43.6664	43.9204	43.7285	43.934200000000004	43.8759	43.9017	43.7826	43.8044	43.867200000000004	43.62	43.661899999999996	43.6921	43.6269	44.0374	43.6214	43.717	43.758599999999994	43.7181	43.7365	43.7937	43.789	43.9224	43.7326	43.9348	43.9067	43.7541	43.6869	43.7932	43.636599999999994	43.8767	43.7102	43.8054	43.778	43.708000000000006	43.7084	43.7165	43.6519	43.823299999999996	43.6631	43.6868	43.765	43.8745	43.7754	43.945299999999996	43.6999	43.787	43.6265	43.707499999999996	43.6725	43.8174	43.715399999999995	43.817699999999995	43.8555	43.9158	43.7128	43.8656	43.8081	43.7904	43.7544	43.6426	43.7127	43.8876	43.7079	43.9658	43.830400000000004	43.761100000000006	43.696	43.7203	43.811499999999995	43.8527	43.7513	43.7605	43.8973	43.801899999999996	43.8191	43.829299999999996	43.812	43.8397	43.7992	43.7492	43.7415	43.789899999999996	43.858599999999996	43.8459	43.8681	43.8212	43.7468	43.7708	43.8484	43.7932	43.7733	43.8425	43.6874	43.9583	43.8049	43.7304	43.8178	43.8301	43.8215	43.8104	43.8339	43.836999999999996	43.7927	43.8371	43.8336	43.7661	43.8172	43.8257	43.804300000000005	43.8283	43.817	43.756499999999996	43.830799999999996	43.7916	43.9105	43.8615	43.8703	43.8292	43.9449	43.8305	43.8923	43.8207	43.5867
AeC01059_CKDL210012719-1a-AK9146-GC06_HF5TCDSX2_L1_clmp_r1r2_fastp	58.5873	42.2672	42.6725	41.4496	41.9497	41.8809	40.816900000000004	44.032900000000005	44.0569	40.3432	47.3842	47.173	44.888600000000004	44.6351	44.2341	44.001400000000004	44.446999999999996	44.1444	44.3878	44.792100000000005	44.4255	44.3168	44.1999	43.6374	43.5195	43.3361	43.4734	43.7671	44.128499999999995	43.8858	44.0828	43.973	43.988	43.8838	43.8631	44.075199999999995	43.6729	43.7793	43.7916	43.741600000000005	44.1229	43.763400000000004	43.818	43.804300000000005	43.8241	43.7947	43.8425	43.8693	44.0	43.783699999999996	44.0845	44.0633	43.8942	43.774499999999996	43.9234	43.6723	44.0004	43.7417	43.8959	43.9255	43.7295	43.832300000000004	43.750099999999996	43.831199999999995	44.0218	43.756699999999995	43.8123	43.827	43.9931	43.8146	43.967	43.7613	43.915	43.702600000000004	43.8326	43.7696	43.9048	43.7411	43.8949	43.9363	43.9332	43.7604	43.9235	43.978699999999996	43.9006	43.8841	43.7017	43.8001	43.9324	43.7768	44.1037	43.8883	43.7772	43.8121	43.7893	44.0043	44.0166	43.863600000000005	43.828	44.0042	43.8707	43.989200000000004	43.900800000000004	43.938300000000005	44.048	43.8126	43.8291	43.8223	43.873	44.0039	43.9535	44.033	43.8249	43.8298	43.756	43.9417	43.8997	43.7707	43.9994	43.7688	44.1669	43.9025	43.9074	43.9803	43.9041	43.9491	43.9038	43.8666	43.9158	43.9193	43.9203	43.9401	43.9	43.8949	43.87	44.006699999999995	43.9285	43.9722	43.8298	44.0049	43.805	44.0321	43.863400000000006	43.915	43.911899999999996	44.0187	43.9917	43.995200000000004	44.0238	43.6093
AeC01060_CKDL210012719-1a-AK5577-GC06_HF5TCDSX2_L1_clmp_r1r2_fastp	58.9345	41.9315	42.8353	41.6167	41.9196	41.8747	40.864200000000004	44.0643	44.0993	40.3252	47.345	47.153	44.7808	44.527499999999996	44.1331	43.944100000000006	44.324400000000004	44.1588	44.3359	44.79	44.4682	44.278800000000004	44.1518	43.4688	43.4941	43.308600000000006	43.4655	43.727199999999996	44.0413	43.8532	43.961299999999994	43.8857	43.9647	43.7653	43.7547	43.9488	43.6528	43.6939	43.748599999999996	43.7353	44.0851	43.6419	43.663000000000004	43.7281	43.683499999999995	43.8142	43.7482	43.762499999999996	43.932500000000005	43.7278	43.9733	43.9187	43.838300000000004	43.7162	43.7963	43.6259	43.939	43.6485	43.8885	43.7969	43.6663	43.716899999999995	43.7008	43.7157	43.8486	43.5828	43.791999999999994	43.7566	43.9518	43.7371	43.943799999999996	43.6968	43.7814	43.6455	43.6912	43.6956	43.7951	43.6524	43.8684	43.8283	43.8665	43.687799999999996	43.838100000000004	43.8946	43.774	43.8067	43.6151	43.739	43.9232	43.7485	44.0078	43.809	43.7017	43.7199	43.778800000000004	43.853500000000004	43.882	43.818	43.8227	43.9716	43.8865	43.8839	43.866699999999994	43.867200000000004	43.9275	43.7869	43.7992	43.751	43.830000000000005	43.9494	43.9257	43.9847	43.810900000000004	43.6858	43.7588	43.8677	43.8465	43.765	43.884699999999995	43.8029	44.0784	43.831900000000005	43.8598	43.8696	43.8421	43.8837	43.851099999999995	43.8523	43.9269	43.8498	43.924800000000005	43.8643	43.8807	43.898900000000005	43.8375	43.905	43.8891	43.9266	43.7724	43.934	43.806	44.0769	43.8446	43.9605	43.885400000000004	44.0371	43.958999999999996	43.9936	44.0205	43.6674
AeC01061_CKDL210012719-1a-5UDI301-AK10343_HF5TCDSX2_L1_clmp_r1r2_fastp	58.6647	42.0106	42.602000000000004	41.7566	42.0576	42.0261	40.8196	44.0184	44.088699999999996	40.4155	47.3194	47.231899999999996	44.880399999999995	44.7134	44.252	44.1081	44.4485	44.2141	44.414500000000004	44.806400000000004	44.569399999999995	44.4181	44.3624	43.6776	43.7362	43.4698	43.589800000000004	43.961	44.1938	44.0078	44.1791	44.0201	44.1718	43.9991	44.006099999999996	44.1826	43.756499999999996	43.8364	43.856899999999996	43.8899	44.2204	43.7648	43.8962	43.8957	43.8985	43.8926	43.9771	43.898399999999995	44.1111	43.9054	44.1219	44.1289	43.960300000000004	43.8683	44.0512	43.8406	44.026399999999995	43.8722	44.0024	43.962	43.858399999999996	43.9356	43.8886	43.858999999999995	44.0586	43.8581	43.912600000000005	43.908199999999994	44.099199999999996	43.9488	44.0902	43.9331	43.959399999999995	43.7815	43.9158	43.837199999999996	43.994	43.8669	44.049899999999994	44.0117	44.0388	43.9463	44.0308	44.061499999999995	43.9845	44.0112	43.8198	43.9065	44.0784	43.8952	44.160700000000006	44.0253	43.926500000000004	43.8913	43.9961	44.0439	44.1326	43.9509	43.9666	44.1374	44.0402	44.0804	44.013200000000005	44.0429	44.1114	43.981500000000004	43.961	43.9408	44.0218	44.0816	44.026399999999995	44.147999999999996	44.012	43.9247	43.988	44.126	44.082	43.9702	44.0116	43.9558	44.127100000000006	44.0387	43.965199999999996	44.0703	43.9916	44.0168	43.999300000000005	43.9733	44.068400000000004	43.9237	44.0633	44.006299999999996	43.943	44.0156	43.998599999999996	44.033	44.0203	44.082100000000004	43.986399999999996	44.040400000000005	43.9257	44.109300000000005	44.013400000000004	43.9807	44.044200000000004	44.0554	44.048300000000005	44.083299999999994	44.0791	43.702600000000004
AeC01062_CKDL210012719-1a-AK7758-AK10343_HF5TCDSX2_L1_clmp_r1r2_fastp	58.6243	41.8448	42.615199999999994	41.5055	41.7626	41.8991	40.6948	43.880599999999994	44.0274	40.155499999999996	47.1491	47.1494	44.7239	44.4737	44.1307	43.9116	44.2305	43.9581	44.2898	44.5988	44.4673	44.1137	44.264199999999995	43.551	43.6197	43.229299999999995	43.404399999999995	43.6772	43.910199999999996	43.8211	43.9372	43.838100000000004	44.035999999999994	43.782399999999996	43.8596	43.8758	43.528299999999994	43.5912	43.5586	43.6732	43.965199999999996	43.6459	43.6817	43.7321	43.702400000000004	43.6703	43.7393	43.776900000000005	43.865300000000005	43.768499999999996	44.0027	43.8479	43.7706	43.6176	43.7538	43.6423	43.843199999999996	43.634699999999995	43.818400000000004	43.8016	43.6985	43.7307	43.641999999999996	43.6928	43.8632	43.717	43.7056	43.7443	43.8018	43.7466	43.9591	43.7239	43.7266	43.6861	43.7061	43.6832	43.763200000000005	43.756499999999996	43.7712	43.8983	43.8406	43.808	43.8329	43.8703	43.7834	43.789	43.586200000000005	43.742799999999995	43.920700000000004	43.6939	43.9999	43.8089	43.782	43.7603	43.7789	43.829299999999996	43.9096	43.8191	43.7932	43.8681	43.8539	43.8565	43.821	43.890499999999996	43.8883	43.8162	43.791000000000004	43.7782	43.7911	43.9361	43.9037	43.871500000000005	43.8744	43.8501	43.772299999999994	43.933	43.8761	43.822100000000006	43.849199999999996	43.742	43.9253	43.8996	43.7907	43.8765	43.9261	43.7784	43.8839	43.8555	43.857	43.8296	43.8617	43.837199999999996	43.877	43.8617	43.844	43.8581	43.8825	43.816	43.7538	43.8591	43.7388	43.8971	43.8889	43.883	43.8316	43.9133	43.8075	43.8656	43.7863	43.5438
AeC01063_CKDL210012719-1a-AK7078-AK10343_HF5TCDSX2_L1_clmp_r1r2_fastp	59.770199999999996	42.2592	43.3429	42.334500000000006	42.5531	42.6368	41.3677	44.784600000000005	44.7997	40.7416	48.1906	47.7753	45.1279	45.2415	44.6856	44.6781	44.9091	44.526900000000005	44.9501	45.1089	45.008199999999995	44.738499999999995	44.9843	44.0787	44.374	43.8923	44.121700000000004	44.3189	44.5312	44.5116	44.5299	44.466899999999995	44.6807	44.3917	44.5789	44.5357	44.3761	44.2782	44.2627	44.336999999999996	44.6664	44.3787	44.4094	44.603500000000004	44.4704	44.394	44.5056	44.4459	44.6516	44.373400000000004	44.7001	44.539699999999996	44.4494	44.4289	44.5732	44.408500000000004	44.561099999999996	44.298	44.5658	44.4731	44.4681	44.4634	44.3346	44.3977	44.4705	44.3589	44.4581	44.416	44.532	44.6217	44.582300000000004	44.460699999999996	44.502	44.251000000000005	44.466499999999996	44.432100000000005	44.568000000000005	44.4547	44.4886	44.6119	44.5111	44.5469	44.448	44.4664	44.371500000000005	44.3558	44.358799999999995	44.4096	44.5708	44.478	44.657799999999995	44.482	44.4074	44.3709	44.4912	44.4668	44.5438	44.5287	44.5103	44.6147	44.5851	44.4516	44.542	44.4408	44.490899999999996	44.5178	44.3443	44.6185	44.487700000000004	44.5376	44.5496	44.4593	44.6523	44.432700000000004	44.608599999999996	44.602000000000004	44.4552	44.581199999999995	44.522099999999995	44.3522	44.519	44.433	44.5071	44.4786	44.5162	44.4183	44.5335	44.5085	44.5252	44.5105	44.466899999999995	44.4573	44.4824	44.5035	44.4638	44.4054	44.427	44.298700000000004	44.4588	44.4549	44.4583	44.4346	44.5794	44.566	44.5981	44.648900000000005	44.3465	44.5112	44.3944	44.1941
AeC01064_CKDL210012719-1a-AK9143-AK10343_HF5TCDSX2_L1_clmp_r1r2_fastp	59.3217	42.916199999999996	43.016799999999996	41.8716	42.2995	42.3579	41.1847	44.214999999999996	44.2655	40.4818	47.416399999999996	47.3504	45.2048	44.954100000000004	44.649699999999996	44.2849	44.7361	44.451	44.5814	45.0034	44.7669	44.3525	44.4562	43.8342	43.7179	43.4665	43.5858	43.9257	44.2485	44.053	44.150600000000004	44.1315	44.239200000000004	44.0683	44.065799999999996	44.2007	43.845600000000005	43.8504	43.8983	43.8656	44.1911	43.8817	43.8935	43.9396	43.9309	43.944100000000006	43.965700000000005	44.0031	44.1335	44.0256	44.1868	44.1954	44.082300000000004	43.980000000000004	44.0169	43.881	44.0878	43.908199999999994	44.0062	44.025999999999996	43.8788	44.0191	43.9261	43.9334	44.0574	43.899300000000004	44.001000000000005	43.983	44.179	43.9706	44.1176	43.902	43.9816	43.7766	43.9459	43.859300000000005	44.0637	43.9468	43.967800000000004	44.0592	44.1564	43.9257	44.079	44.1689	44.0391	44.1164	43.8942	43.9072	44.1202	44.022800000000004	44.169599999999996	44.102799999999995	44.0095	43.9694	43.9711	44.09	44.1398	44.028099999999995	43.9872	44.071	44.0303	44.128	44.067299999999996	44.0594	44.1593	44.0462	44.0208	43.9624	44.0244	44.123400000000004	44.0884	44.0919	44.082	44.0448	44.079499999999996	44.1458	44.1193	44.005100000000006	44.108999999999995	43.9482	44.1851	44.0431	44.069199999999995	44.0875	44.131	44.128099999999996	44.1488	44.11	44.147999999999996	44.0255	44.0847	44.1231	44.066300000000005	44.1338	44.1013	44.089800000000004	44.1308	44.129000000000005	43.9882	44.114599999999996	44.0096	44.1887	44.1629	44.1605	44.0629	44.1985	44.0996	44.1716	44.1077	43.8583
AeC01065_CKDL210012719-1a-5UDI225-AK10343_HF5TCDSX2_L1_clmp_r1r2_fastp	57.7722	44.9772	42.154199999999996	42.0482	42.454	42.5614	41.3715	43.9226	43.9124	41.0845	46.8645	46.8185	45.3006	44.9735	44.5849	44.4362	44.749	44.4724	44.486399999999996	44.8982	44.7736	44.4328	44.4362	43.932500000000005	43.9571	43.666700000000006	43.6404	43.8679	44.173899999999996	44.032900000000005	44.193599999999996	44.2137	44.2755	44.1329	44.189	44.270399999999995	43.9272	43.9064	43.9968	43.9146	44.2909	44.0904	44.0451	44.0303	44.0943	44.0227	44.1017	44.083099999999995	44.1761	44.047799999999995	44.2723	44.2888	44.149100000000004	44.0922	44.1457	44.0906	44.149699999999996	43.9716	44.1577	44.0966	43.9512	44.0376	44.0424	44.0303	44.182	43.9606	44.0359	44.0315	44.1834	44.0641	44.1866	43.9449	44.1114	43.9679	44.052400000000006	43.9832	44.0968	44.0304	44.055699999999995	44.2233	44.218	44.121300000000005	44.1956	44.2423	44.228899999999996	44.1546	44.0226	44.03	44.1752	44.0258	44.2955	44.1391	44.0981	44.0576	44.040099999999995	44.1329	44.1395	44.066100000000006	44.0472	44.1512	44.0606	44.0541	44.0825	44.1841	44.1092	44.1118	44.061099999999996	43.983	44.107600000000005	44.0679	44.0969	44.095	44.1654	44.0375	44.079499999999996	44.0856	44.0537	44.0356	44.1597	43.9706	44.1875	44.093900000000005	43.987700000000004	44.083800000000004	44.1596	44.1438	44.093700000000005	44.0539	44.0903	44.1062	44.0741	44.0627	44.076100000000004	44.148199999999996	44.0387	44.111	44.1119	44.0943	44.0077	44.0782	44.0364	44.1567	44.0871	44.1652	44.1044	44.194	44.1047	44.1399	44.132	43.8625
AeC01066_CKDL210012719-1a-AK9144-AK10343_HF5TCDSX2_L1_clmp_r1r2_fastp	58.6372	43.614000000000004	42.208	41.7187	42.273300000000006	42.334500000000006	41.2167	44.1447	44.0851	40.574799999999996	47.057	47.1879	45.1129	44.8815	44.5059	44.289699999999996	44.667	44.380399999999995	44.533699999999996	44.9305	44.6345	44.4247	44.3925	43.831900000000005	43.789899999999996	43.5662	43.6783	43.9021	44.202799999999996	43.9598	44.142700000000005	44.1147	44.1176	44.095800000000004	44.1741	44.198100000000004	43.9711	43.862	43.9612	43.871700000000004	44.174	43.9409	43.9331	43.9006	43.9492	44.0133	44.022800000000004	44.115700000000004	44.1611	44.0648	44.1685	44.2135	44.0325	43.9902	44.0722	43.9655	44.2175	44.0428	44.170300000000005	44.0847	43.8817	43.940200000000004	43.913000000000004	43.8798	44.100899999999996	43.923899999999996	44.0254	44.0862	44.172	44.0178	44.1957	43.9942	43.9971	43.803799999999995	43.938300000000005	43.9648	44.0028	43.911	44.0627	44.109500000000004	44.159	43.9319	44.0402	44.0347	43.9734	43.9643	43.852799999999995	43.9394	44.1218	44.015100000000004	44.270900000000005	44.015	44.0174	44.020399999999995	43.9972	44.108000000000004	44.1815	44.0334	44.0532	44.1142	44.0443	44.061	44.039899999999996	44.0004	44.046400000000006	43.9857	43.9328	43.9293	44.1081	44.1117	44.0784	44.0081	44.0964	43.9346	43.9823	44.0908	44.0108	44.0096	44.0649	43.9473	44.179899999999996	44.0609	43.9518	44.0049	43.9951	43.9784	44.0025	44.018	44.1596	44.0312	44.0709	43.9889	44.0181	44.0254	43.9902	43.961299999999994	44.0504	44.0421	43.925599999999996	44.0912	43.8904	44.1773	43.9915	44.1012	44.0732	44.1415	43.9573	44.102999999999994	44.0835	43.812
AeC01067_CKDL210012719-1a-AK3911-AK10343_HF5TCDSX2_L1_clmp_r1r2_fastp	57.981300000000005	43.0325	42.0255	41.6109	41.8288	41.8868	40.5308	43.6264	43.9091	40.480199999999996	46.687200000000004	46.9145	44.838	44.5032	44.0938	43.9504	44.2459	44.0369	44.2359	44.602000000000004	44.5015	44.1175	44.2331	43.5344	43.5707	43.2924	43.3586	43.711800000000004	43.9753	43.8253	43.9122	43.8772	43.9662	43.7854	43.7891	43.924400000000006	43.5465	43.6548	43.6524	43.6363	44.0306	43.681599999999996	43.6299	43.8091	43.6657	43.658500000000004	43.7186	43.7476	43.8601	43.6999	43.971	43.8714	43.776399999999995	43.6759	43.742599999999996	43.6478	43.8375	43.5844	43.810700000000004	43.7615	43.6244	43.7731	43.6244	43.667899999999996	43.7911	43.5973	43.6833	43.755500000000005	43.851800000000004	43.7492	43.891799999999996	43.7293	43.741600000000005	43.5972	43.7359	43.6983	43.8354	43.670500000000004	43.8375	43.800200000000004	43.885200000000005	43.770199999999996	43.7944	43.8353	43.7626	43.8498	43.6466	43.7192	43.8822	43.6722	43.979800000000004	43.9018	43.745400000000004	43.7533	43.8366	43.7992	43.8926	43.763200000000005	43.7795	43.9036	43.797799999999995	43.8438	43.8998	43.8087	43.9036	43.8276	43.8245	43.832	43.8101	43.873200000000004	43.880599999999994	43.9218	43.8772	43.7672	43.8195	43.9373	43.905899999999995	43.8085	43.9448	43.7758	44.0179	43.8659	43.7797	43.905300000000004	43.8895	43.8631	43.8522	43.8677	43.8795	43.8782	43.8753	43.831399999999995	43.8765	43.8603	43.8399	43.8711	43.846000000000004	43.8685	43.7397	43.8273	43.7857	43.8816	43.8589	43.9521	43.85	43.9568	43.8016	43.924099999999996	43.8746	43.5537
AeC01068_CKDL210012719-1a-5UDI245-AK10343_HF5TCDSX2_L1_clmp_r1r2_fastp	58.9786	42.2544	42.9232	41.7352	41.923899999999996	42.0436	40.9555	44.0961	44.332100000000004	40.3105	47.5985	47.339	44.9995	44.7617	44.3688	44.1237	44.453199999999995	44.235600000000005	44.4305	44.8525	44.6169	44.3448	44.4071	43.6745	43.635200000000005	43.4735	43.5441	43.8823	44.155699999999996	44.0527	44.1321	44.0654	44.1868	43.9597	43.9953	44.1392	43.750699999999995	43.8481	43.8699	43.8487	44.251200000000004	43.8583	43.9317	43.9284	43.817699999999995	43.8067	43.9206	43.942	43.9765	43.965700000000005	44.189099999999996	44.129400000000004	44.0261	43.899899999999995	44.0099	43.7714	44.0899	43.8899	44.054300000000005	43.9253	43.795899999999996	43.9629	43.8904	43.8978	44.0445	43.8545	43.916	43.9415	44.05	43.944100000000006	44.1359	43.8949	43.945499999999996	43.8632	43.8881	43.931599999999996	44.0368	43.9168	44.0133	44.0691	44.099199999999996	43.9609	44.0388	44.1154	43.9871	43.9785	43.8505	43.9585	44.1089	43.9262	44.2465	44.0433	43.982	44.027899999999995	44.049899999999994	44.1461	44.1102	43.9559	44.0332	44.099	44.0584	44.0434	44.0702	44.0777	44.0882	44.0305	43.9739	43.9469	44.0809	44.120599999999996	44.1574	44.1462	44.0835	43.939699999999995	44.0106	44.1109	44.1586	44.0208	44.103500000000004	44.005	44.2006	44.0832	43.9989	44.094	44.088100000000004	44.0732	44.018499999999996	44.054700000000004	44.1426	44.0669	44.0462	44.074600000000004	44.1059	44.0521	44.1695	44.145	44.0567	44.040600000000005	43.993900000000004	44.0475	44.0193	44.2042	44.1091	44.1518	44.0915	44.1911	44.0394	44.182900000000004	44.0462	43.8139
AeC01069_CKDL210012719-1a-AK8593-AK10343_HF5TCDSX2_L1_clmp_r1r2_fastp	58.8746	41.7165	43.067	41.5858	41.686499999999995	42.016799999999996	40.746700000000004	44.167	44.2666	40.0392	47.7464	47.4046	44.770199999999996	44.6633	44.1993	43.9485	44.3467	44.1063	44.3736	44.6947	44.4831	44.1986	44.2359	43.627300000000005	43.5253	43.223099999999995	43.4625	43.7496	43.9896	43.9303	44.0167	43.8977	44.0443	43.7395	43.9081	43.966499999999996	43.5268	43.6332	43.6961	43.7319	44.069199999999995	43.751200000000004	43.7722	43.764900000000004	43.7107	43.701299999999996	43.8076	43.803399999999996	43.9315	43.823299999999996	44.0331	44.0037	43.758	43.7305	43.7444	43.6762	43.919599999999996	43.7235	43.8459	43.858000000000004	43.7361	43.8006	43.702200000000005	43.7157	43.8448	43.6583	43.7708	43.768499999999996	43.9056	43.796600000000005	43.9415	43.7856	43.8457	43.6253	43.770900000000005	43.7268	43.849	43.7121	43.8736	43.9215	43.9362	43.8198	43.9366	43.8932	43.837199999999996	43.8611	43.681799999999996	43.7316	43.8803	43.786	44.0405	43.884699999999995	43.845299999999995	43.810700000000004	43.8241	43.8803	43.8873	43.8354	43.8301	43.9897	43.8395	43.9718	43.855199999999996	43.9431	43.9583	43.8269	43.8102	43.8537	43.8496	43.9505	43.9094	43.948	43.9118	43.845600000000005	43.8195	43.958000000000006	43.9197	43.8307	43.9586	43.8386	44.0665	43.8789	43.8776	43.921	43.8685	43.8556	43.8526	43.9112	43.8944	43.8894	43.8917	43.891400000000004	43.865700000000004	43.884699999999995	43.946200000000005	43.8956	43.8496	43.8842	43.8627	43.8345	43.868	43.9879	43.9561	43.8669	43.97	43.975500000000004	43.9091	43.9435	43.898900000000005	43.6279
AeC01070_CKDL210012719-1a-5UDI294-AK4236_HF5TCDSX2_L1_clmp_r1r2_fastp	58.6732	41.8055	42.8932	41.537600000000005	41.7377	41.864200000000004	40.7322	43.9658	44.0391	40.157	47.4846	47.131299999999996	44.695	44.5203	44.1209	43.9201	44.3486	44.0642	44.2915	44.7597	44.459199999999996	44.1511	44.2326	43.5357	43.557	43.2405	43.4392	43.7856	44.0059	43.836999999999996	43.967	43.8832	44.0105	43.813	43.8468	43.9675	43.6205	43.694	43.7085	43.698	44.0782	43.5494	43.7858	43.7905	43.7438	43.7193	43.7913	43.7801	43.9527	43.8208	44.0087	44.0367	43.793	43.7054	43.8505	43.6614	43.929	43.736999999999995	43.8294	43.8605	43.7557	43.748599999999996	43.718	43.7374	43.8445	43.6646	43.745400000000004	43.8324	43.8879	43.8073	43.9169	43.7222	43.8253	43.6308	43.7355	43.714	43.7814	43.7554	43.7834	43.9353	43.9201	43.7902	43.8536	43.945499999999996	43.863	43.7983	43.6502	43.755	43.8718	43.7541	44.0062	43.816300000000005	43.7336	43.7752	43.7752	43.8472	43.9062	43.7641	43.782900000000005	43.9289	43.8567	43.8616	43.8357	43.8738	43.8857	43.7689	43.7843	43.756299999999996	43.8072	43.8705	43.8764	43.929	43.8363	43.7746	43.7617	43.8952	43.820100000000004	43.7716	43.852799999999995	43.6817	43.946600000000004	43.784	43.815799999999996	43.8471	43.8243	43.871700000000004	43.8183	43.823499999999996	43.8424	43.7656	43.9101	43.838	43.816	43.81	43.9	43.7867	43.8574	43.896499999999996	43.715399999999995	43.831399999999995	43.7181	43.919399999999996	43.8945	43.8742	43.8181	43.952799999999996	43.8386	43.8934	43.8428	43.6253
AeC01071_CKDL210012719-1a-AK9146-AK4236_HF5TCDSX2_L1_clmp_r1r2_fastp	58.4769	42.2633	42.1483	41.606300000000005	41.778	41.7507	40.57	43.7276	43.8162	40.3146	47.0584	46.9306	44.603300000000004	44.4411	44.0143	43.8573	44.127100000000006	43.9348	44.1156	44.4517	44.3493	44.0626	44.0989	43.4432	43.4775	43.264599999999994	43.3356	43.6598	43.8986	43.8141	43.9341	43.7935	43.905	43.7599	43.7776	43.8735	43.5081	43.587900000000005	43.612899999999996	43.635400000000004	43.955	43.5597	43.635600000000004	43.7334	43.7184	43.6533	43.7052	43.6886	43.8407	43.7141	43.9143	43.9063	43.7278	43.6181	43.7309	43.627700000000004	43.819399999999995	43.617	43.8269	43.7475	43.7232	43.7008	43.6308	43.693599999999996	43.8097	43.6291	43.6859	43.7058	43.8645	43.7058	43.8834	43.6365	43.7609	43.5995	43.6983	43.6798	43.7566	43.629400000000004	43.796099999999996	43.8243	43.8873	43.7114	43.7881	43.847500000000004	43.7478	43.7922	43.614999999999995	43.6599	43.7797	43.719	43.9574	43.7793	43.721900000000005	43.733	43.7333	43.8157	43.8813	43.7463	43.7347	43.8482	43.7631	43.782900000000005	43.824000000000005	43.786199999999994	43.8282	43.8423	43.7568	43.7422	43.783100000000005	43.8278	43.805899999999994	43.8851	43.831199999999995	43.7716	43.7648	43.8746	43.8344	43.7107	43.8268	43.704	43.9089	43.7922	43.7404	43.8263	43.7796	43.8028	43.7911	43.8068	43.8495	43.8131	43.8652	43.799	43.8055	43.7618	43.8028	43.8619	43.8464	43.8066	43.7568	43.8068	43.7294	43.933499999999995	43.899300000000004	43.8819	43.8035	43.9101	43.7587	43.877	43.7628	43.6427
AeC01072_CKDL210012719-1a-AK5577-AK4236_HF5TCDSX2_L1_clmp_r1r2_fastp	59.3055	42.126799999999996	43.1415	42.003099999999996	42.2039	42.2298	41.0507	44.3216	44.3354	40.4508	47.6847	47.4789	45.031	44.8174	44.397999999999996	44.2063	44.5389	44.3758	44.567299999999996	45.028800000000004	44.6745	44.4627	44.4094	43.8017	43.7693	43.4583	43.6625	43.981300000000005	44.3255	44.0429	44.2718	44.17	44.2179	43.991400000000006	44.0938	44.2539	43.8554	43.967099999999995	43.95	43.9043	44.3358	43.8272	43.9723	43.960300000000004	43.941	43.9424	43.9977	44.0054	44.1768	43.9487	44.2532	44.233200000000004	44.080000000000005	43.8928	44.1043	43.8487	44.1813	43.8954	44.098	44.034800000000004	43.9571	44.0099	43.8692	43.9725	44.1751	43.8151	43.9902	44.0131	44.117	43.9958	44.144800000000004	43.941	43.9925	43.7749	43.9218	43.9106	44.0567	43.8985	44.067299999999996	44.0771	44.1426	43.937599999999996	44.067	44.2127	44.0195	44.0381	43.859500000000004	43.9683	44.1177	43.897000000000006	44.3126	44.044	43.9274	43.9211	44.0069	44.1404	44.1826	43.9821	44.0567	44.1915	44.1025	44.1553	44.0532	44.0782	44.1762	43.9555	43.998599999999996	43.9588	44.0489	44.2127	44.1529	44.2343	44.0542	43.9841	44.0152	44.102999999999994	44.0774	43.8938	44.1855	43.9165	44.3404	44.0568	44.0451	44.1434	44.0933	44.0465	44.0632	44.0554	44.1519	44.0637	44.1732	44.1581	44.0391	44.0421	44.0933	44.1253	44.108000000000004	44.1406	43.967	44.1793	44.0295	44.2471	44.156	44.1565	44.075199999999995	44.2193	44.148700000000005	44.1879	44.1436	43.8359
AeC01073_CKDL210012719-1a-5UDI301-AK4234_HF5TCDSX2_L1_clmp_r1r2_fastp	58.0103	42.113499999999995	42.0975	41.169200000000004	41.625	41.4712	40.3064	43.3533	43.600699999999996	39.943200000000004	46.5422	46.543600000000005	44.509	44.1714	43.8615	43.5799	43.905100000000004	43.6588	43.8752	44.2687	44.0681	43.7989	43.830400000000004	43.214200000000005	43.215199999999996	42.9905	42.9417	43.3403	43.5913	43.4282	43.5467	43.4892	43.5935	43.3892	43.4628	43.495	43.141	43.2147	43.3176	43.1928	43.6223	43.2609	43.269200000000005	43.3424	43.3059	43.2583	43.3269	43.2537	43.4317	43.3378	43.4786	43.521300000000004	43.4283	43.2641	43.3934	43.2338	43.4774	43.2378	43.3707	43.321799999999996	43.2859	43.3103	43.2451	43.3267	43.4159	43.2405	43.3123	43.357299999999995	43.4486	43.2969	43.4449	43.249300000000005	43.3667	43.2146	43.3174	43.2575	43.411300000000004	43.2797	43.384699999999995	43.439499999999995	43.465399999999995	43.3258	43.414199999999994	43.4499	43.433699999999995	43.3577	43.214000000000006	43.2606	43.4642	43.2637	43.5604	43.4739	43.3249	43.3018	43.3662	43.4621	43.4797	43.3653	43.3436	43.4175	43.4076	43.4293	43.4203	43.390299999999996	43.4069	43.3994	43.331599999999995	43.2816	43.418600000000005	43.4069	43.4893	43.4704	43.4444	43.3121	43.3627	43.4626	43.4191	43.2937	43.477	43.2098	43.4888	43.3674	43.3232	43.425999999999995	43.377500000000005	43.4364	43.4157	43.396699999999996	43.364799999999995	43.3604	43.4116	43.410700000000006	43.4242	43.3813	43.458999999999996	43.4799	43.3943	43.4711	43.3356	43.5013	43.309999999999995	43.4991	43.425799999999995	43.4549	43.4585	43.5906	43.4284	43.5129	43.485099999999996	43.176500000000004
AeC01074_CKDL210012719-1a-AK7758-AK4234_HF5TCDSX2_L1_clmp_r1r2_fastp	58.0704	43.2033	42.1715	41.586800000000004	42.0833	42.0634	40.7765	43.7889	44.0175	40.5355	46.678599999999996	46.7983	44.8669	44.529	44.1918	43.943799999999996	44.2927	44.0892	44.242	44.677499999999995	44.488299999999995	44.2434	44.2285	43.587900000000005	43.6065	43.3598	43.3695	43.6871	43.9459	43.8004	43.9509	43.8533	43.8786	43.847500000000004	43.8081	43.8747	43.6282	43.6023	43.6507	43.629200000000004	44.0109	43.615300000000005	43.6771	43.704100000000004	43.7261	43.6627	43.6872	43.6882	43.8684	43.6852	43.908500000000004	43.859700000000004	43.8065	43.612899999999996	43.7297	43.595299999999995	43.7796	43.6106	43.7253	43.7064	43.6075	43.7012	43.5863	43.656800000000004	43.7891	43.608000000000004	43.6589	43.7243	43.8071	43.6599	43.866	43.6498	43.6814	43.5916	43.661699999999996	43.6373	43.7531	43.6494	43.774499999999996	43.7695	43.8331	43.615300000000005	43.7697	43.8524	43.742599999999996	43.7707	43.56	43.5912	43.8724	43.7156	43.9139	43.815	43.7016	43.6644	43.7299	43.7789	43.8544	43.7122	43.6877	43.8011	43.7749	43.7339	43.7542	43.784099999999995	43.8356	43.7678	43.736399999999996	43.6867	43.7333	43.8289	43.837399999999995	43.8394	43.8139	43.6874	43.752	43.9077	43.782399999999996	43.7276	43.7914	43.6606	43.9976	43.7478	43.7468	43.7971	43.7594	43.7849	43.7912	43.7849	43.848	43.7588	43.8771	43.8089	43.7476	43.804700000000004	43.8359	43.8694	43.8236	43.8174	43.6649	43.855199999999996	43.6872	43.9208	43.8692	43.8022	43.7992	43.9114	43.7948	43.8544	43.8893	43.5008
AeC01075_CKDL210012719-1a-AK7078-AK4234_HF5TCDSX2_L1_clmp_r1r2_fastp	58.6021	41.850300000000004	42.4967	41.5192	41.7541	41.7926	40.5362	43.8438	43.870799999999996	40.0785	47.269	46.9839	44.6291	44.3467	43.9547	43.779	44.1435	43.8685	44.0445	44.4065	44.2975	43.983	44.0175	43.3811	43.389	43.0745	43.2569	43.5109	43.790600000000005	43.653999999999996	43.7534	43.658500000000004	43.8225	43.5865	43.6339	43.685	43.423	43.492999999999995	43.4633	43.5042	43.7689	43.4702	43.5456	43.5436	43.4958	43.519200000000005	43.5097	43.5747	43.6577	43.538199999999996	43.7785	43.7012	43.616899999999994	43.4508	43.583800000000004	43.4668	43.6821	43.4411	43.6291	43.5606	43.4658	43.5212	43.4396	43.5342	43.6289	43.4137	43.5216	43.5976	43.6446	43.5575	43.6911	43.528800000000004	43.5414	43.4038	43.4709	43.4492	43.6152	43.4938	43.581599999999995	43.6615	43.7006	43.553	43.682900000000004	43.6633	43.6164	43.5886	43.4437	43.525999999999996	43.6898	43.526399999999995	43.7755	43.5782	43.5776	43.5223	43.6248	43.6751	43.7144	43.5414	43.5909	43.6397	43.6381	43.640499999999996	43.6341	43.6815	43.7413	43.6455	43.613099999999996	43.5297	43.6253	43.7146	43.6923	43.7208	43.707	43.632	43.6323	43.6988	43.7259	43.6409	43.684400000000004	43.5302	43.8504	43.681799999999996	43.6967	43.6593	43.722899999999996	43.6529	43.6598	43.7268	43.6854	43.6094	43.7318	43.6315	43.6834	43.6634	43.7299	43.71	43.6747	43.6632	43.6058	43.7007	43.5779	43.8243	43.6997	43.7666	43.6917	43.8087	43.696600000000004	43.7489	43.7186	43.4448
AeC01076_CKDL210012719-1a-AK9143-AK4234_HF5TCDSX2_L1_clmp_r1r2_fastp	59.184400000000004	41.919000000000004	42.9298	41.4493	41.7481	41.8723	40.6777	43.8936	44.0623	39.9625	47.444399999999995	47.147800000000004	44.6903	44.5822	44.163999999999994	43.8231	44.3066	44.0377	44.1896	44.5593	44.358799999999995	44.0033	44.1299	43.462	43.4713	43.1456	43.2513	43.565	43.8288	43.6975	43.777100000000004	43.7631	43.8462	43.6485	43.678200000000004	43.7648	43.476	43.5068	43.5546	43.4931	43.943799999999996	43.5129	43.605199999999996	43.6255	43.4987	43.555899999999994	43.589	43.5955	43.7482	43.5825	43.8324	43.7892	43.6572	43.5585	43.6732	43.47	43.6795	43.4955	43.6486	43.6655	43.5378	43.6494	43.5477	43.5369	43.6939	43.495400000000004	43.566700000000004	43.5905	43.6984	43.5886	43.7517	43.5729	43.6274	43.4802	43.607	43.5503	43.6357	43.542500000000004	43.588100000000004	43.682	43.806200000000004	43.6248	43.737300000000005	43.7465	43.6428	43.6721	43.5295	43.6223	43.6669	43.6048	43.8188	43.717299999999994	43.6427	43.652499999999996	43.6427	43.7516	43.7172	43.6126	43.6523	43.7355	43.758599999999994	43.7921	43.688	43.7001	43.7274	43.6643	43.625	43.6798	43.6726	43.7417	43.7089	43.8234	43.7594	43.6811	43.709199999999996	43.783	43.738	43.6809	43.7637	43.6912	43.8409	43.7352	43.7418	43.801	43.7668	43.8033	43.7613	43.762299999999996	43.7648	43.749	43.7969	43.7915	43.7605	43.8004	43.764199999999995	43.8339	43.8127	43.796400000000006	43.701499999999996	43.757200000000005	43.7293	43.8216	43.7962	43.8463	43.7977	43.8979	43.7422	43.8913	43.8264	43.5938
AeC01077_CKDL210012719-1a-5UDI225-AK4234_HF5TCDSX2_L1_clmp_r1r2_fastp	58.5699	43.2004	42.4202	41.599599999999995	42.0757	42.0726	40.7966	43.6224	43.9825	40.3525	46.7612	46.9103	44.915699999999994	44.5749	44.215700000000005	43.9938	44.2957	44.0965	44.1523	44.6787	44.4444	44.0627	44.1404	43.5001	43.5082	43.2761	43.3308	43.5909	43.8594	43.661899999999996	43.8027	43.7782	43.8848	43.7726	43.7333	43.8014	43.4969	43.526900000000005	43.573499999999996	43.4537	43.980799999999995	43.5436	43.623200000000004	43.6558	43.6117	43.480999999999995	43.622499999999995	43.6324	43.7566	43.6149	43.7539	43.801899999999996	43.7189	43.6141	43.7064	43.537	43.7199	43.5543	43.6344	43.671	43.521100000000004	43.651	43.5217	43.5445	43.7005	43.5025	43.5801	43.5633	43.7536	43.5686	43.721	43.6063	43.6481	43.5073	43.5757	43.577799999999996	43.6435	43.5474	43.6694	43.7115	43.776700000000005	43.6038	43.7544	43.777100000000004	43.7079	43.688900000000004	43.4872	43.6439	43.7758	43.571	43.8434	43.7527	43.6854	43.6519	43.7025	43.7067	43.749500000000005	43.7256	43.6512	43.754799999999996	43.6821	43.745	43.6755	43.7693	43.756699999999995	43.6985	43.688300000000005	43.6438	43.7329	43.7418	43.74	43.824400000000004	43.749300000000005	43.675399999999996	43.7434	43.8344	43.7458	43.7382	43.791999999999994	43.635000000000005	43.8726	43.7529	43.7408	43.7932	43.8152	43.7527	43.7468	43.755300000000005	43.791999999999994	43.689	43.895	43.7639	43.7478	43.8292	43.8042	43.7962	43.7513	43.8247	43.6766	43.8278	43.6886	43.8269	43.7673	43.8735	43.825199999999995	43.9148	43.736000000000004	43.8859	43.863600000000005	43.5913
AeC01078_CKDL210012719-1a-AK9144-AK4234_HF5TCDSX2_L1_clmp_r1r2_fastp	58.233000000000004	42.8862	42.2034	41.4359	41.9283	41.9316	40.8119	43.8094	43.9292	40.4618	47.0492	46.9638	44.8427	44.586	44.2174	44.0326	44.324200000000005	44.1071	44.2436	44.54	44.365	44.1313	44.1423	43.5128	43.540600000000005	43.3266	43.3979	43.6776	43.947399999999995	43.7573	43.9041	43.817499999999995	43.9206	43.8114	43.8097	43.8695	43.6062	43.6245	43.586999999999996	43.566500000000005	43.9842	43.6084	43.6993	43.7204	43.726	43.638	43.7341	43.689299999999996	43.8061	43.681	43.9369	43.844699999999996	43.795899999999996	43.6595	43.7352	43.6125	43.7791	43.598	43.778	43.681799999999996	43.634299999999996	43.7018	43.5962	43.6875	43.7701	43.5583	43.721199999999996	43.6805	43.8496	43.6397	43.8771	43.6614	43.7057	43.6435	43.6768	43.582100000000004	43.738	43.6121	43.7064	43.819599999999994	43.8945	43.7021	43.8347	43.8147	43.7234	43.7624	43.5505	43.6062	43.8007	43.6531	43.8917	43.7661	43.6722	43.6717	43.7346	43.765100000000004	43.8544	43.6994	43.7265	43.8448	43.7491	43.8088	43.772299999999994	43.824400000000004	43.8225	43.783100000000005	43.7149	43.723099999999995	43.7302	43.833	43.782900000000005	43.843199999999996	43.8042	43.6911	43.6783	43.8522	43.7626	43.7335	43.8423	43.6774	43.8814	43.7618	43.7453	43.8084	43.8419	43.7646	43.7972	43.7844	43.8176	43.8006	43.8116	43.7957	43.8032	43.857099999999996	43.7537	43.8498	43.8053	43.7496	43.6802	43.8106	43.787	43.9178	43.8637	43.8633	43.8581	43.9296	43.8051	43.8707	43.809	43.5477
AeC01079_CKDL210012719-1a-AK3911-AK4234_HF5TCDSX2_L1_clmp_r1r2_fastp	58.1621	41.8254	42.336400000000005	41.2216	41.576800000000006	41.6257	40.477000000000004	43.6523	43.8299	40.070899999999995	47.0397	46.8389	44.537	44.3836	43.967099999999995	43.731700000000004	44.0993	43.8671	44.0272	44.3662	44.2198	43.9366	43.9469	43.3604	43.3801	43.0882	43.195699999999995	43.4557	43.721700000000006	43.6158	43.7088	43.675000000000004	43.7608	43.5646	43.6235	43.6207	43.32	43.3873	43.3936	43.452	43.759	43.4096	43.529	43.5506	43.557	43.4755	43.5593	43.5001	43.6496	43.5217	43.7444	43.661899999999996	43.579	43.4485	43.5309	43.4604	43.6137	43.4263	43.613	43.547999999999995	43.4174	43.5118	43.4413	43.4322	43.627300000000005	43.4093	43.5191	43.514199999999995	43.6759	43.5494	43.6643	43.4713	43.5201	43.4208	43.5148	43.445	43.656299999999995	43.4709	43.5794	43.6643	43.670700000000004	43.5126	43.6367	43.648399999999995	43.5815	43.5775	43.465399999999995	43.4688	43.6875	43.453900000000004	43.7542	43.6401	43.5347	43.5221	43.5313	43.6483	43.6896	43.5345	43.5436	43.6646	43.688700000000004	43.620599999999996	43.6562	43.621700000000004	43.6252	43.582	43.575599999999994	43.6139	43.6067	43.6931	43.6958	43.6651	43.7256	43.602000000000004	43.5738	43.7347	43.688	43.588100000000004	43.6833	43.614399999999996	43.769400000000005	43.5955	43.635600000000004	43.6636	43.6683	43.6683	43.621500000000005	43.6519	43.7246	43.6581	43.6369	43.6459	43.677	43.7341	43.7095	43.7205	43.731700000000004	43.6605	43.6214	43.6716	43.6116	43.7834	43.716	43.7251	43.750499999999995	43.7761	43.6934	43.750699999999995	43.7747	43.4432
AeC01080_CKDL210012719-1a-5UDI245-AK4234_HF5TCDSX2_L1_clmp_r1r2_fastp	58.4897	42.2371	42.460300000000004	41.4787	41.8253	41.774699999999996	40.690599999999996	43.7777	43.9442	40.1498	47.138400000000004	46.9601	44.6961	44.4562	44.094899999999996	43.884699999999995	44.2541	43.9504	44.2033	44.4894	44.3211	44.0662	44.0445	43.4537	43.472300000000004	43.1886	43.2413	43.5919	43.8557	43.6849	43.8086	43.7106	43.8461	43.6709	43.6267	43.7479	43.4257	43.506699999999995	43.5114	43.486599999999996	43.906099999999995	43.4711	43.605	43.6258	43.5504	43.5553	43.594500000000004	43.5446	43.7772	43.5449	43.7471	43.8341	43.6812	43.4984	43.6382	43.5117	43.6846	43.534099999999995	43.632799999999996	43.65	43.5636	43.5551	43.4841	43.5579	43.6824	43.4783	43.5695	43.5769	43.708000000000006	43.575599999999994	43.7878	43.5275	43.6881	43.5043	43.5986	43.5497	43.6303	43.5037	43.6536	43.708000000000006	43.7069	43.560900000000004	43.722699999999996	43.6965	43.6435	43.698100000000004	43.4934	43.6024	43.7608	43.573499999999996	43.8632	43.674800000000005	43.6047	43.5852	43.6454	43.6886	43.7738	43.617	43.572100000000006	43.7581	43.7172	43.7175	43.713	43.6921	43.7479	43.697399999999995	43.6669	43.6211	43.655699999999996	43.730999999999995	43.7431	43.8421	43.716100000000004	43.5896	43.6828	43.774	43.7598	43.6718	43.745	43.5807	43.891400000000004	43.7793	43.689699999999995	43.7562	43.7922	43.7251	43.7569	43.7195	43.6944	43.6581	43.762699999999995	43.7934	43.7206	43.7681	43.750699999999995	43.820100000000004	43.731500000000004	43.7947	43.655	43.7697	43.7405	43.8399	43.782700000000006	43.7602	43.8205	43.9358	43.7396	43.8387	43.81	43.4701
AeC01081_CKDL210012719-1a-AK8593-AK4234_HF5TCDSX2_L1_clmp_r1r2_fastp	58.583200000000005	42.1927	42.167300000000004	41.7166	41.8723	41.7827	40.6007	43.652499999999996	43.831199999999995	40.3501	46.983799999999995	46.8196	44.5511	44.3641	43.9711	43.764399999999995	44.1712	43.8822	44.0492	44.391000000000005	44.2693	43.9901	44.0753	43.3805	43.4677	43.1862	43.3208	43.5582	43.8392	43.6817	43.830000000000005	43.6944	43.862	43.61	43.6625	43.7782	43.509100000000004	43.5097	43.540800000000004	43.5257	43.8776	43.49	43.577	43.6204	43.575900000000004	43.5768	43.6341	43.573699999999995	43.7794	43.6297	43.792500000000004	43.7541	43.6593	43.5456	43.6239	43.5259	43.738	43.553399999999996	43.6877	43.6464	43.5441	43.6151	43.5579	43.5442	43.735099999999996	43.5444	43.5914	43.6682	43.750099999999996	43.6259	43.7559	43.615700000000004	43.650299999999994	43.4676	43.634699999999995	43.5424	43.6894	43.5876	43.6554	43.739	43.7558	43.6196	43.703199999999995	43.7647	43.6468	43.670500000000004	43.5237	43.6081	43.792500000000004	43.6282	43.82	43.7285	43.655899999999995	43.6331	43.6939	43.7321	43.755500000000005	43.6252	43.6809	43.7476	43.7749	43.7868	43.754799999999996	43.7552	43.757000000000005	43.7213	43.740899999999996	43.629	43.7224	43.7543	43.7981	43.8306	43.7618	43.6932	43.7421	43.835	43.8079	43.6822	43.772800000000004	43.6778	43.8944	43.7511	43.7281	43.7583	43.7999	43.7881	43.805	43.786	43.8442	43.7214	43.783300000000004	43.7225	43.8065	43.772800000000004	43.7965	43.8414	43.7952	43.7835	43.7288	43.7832	43.7679	43.899899999999995	43.8206	43.8166	43.7832	43.904399999999995	43.7726	43.8712	43.8297	43.4994
AeC01082_CKDL210012719-1a-5UDI294-AK10343_HF5TCDSX2_L1_clmp_r1r2_fastp	58.8523	42.015299999999996	42.565799999999996	41.8296	41.6909	41.7695	40.627	43.7699	43.9913	40.4152	47.214299999999994	47.043	44.668	44.4397	44.0842	43.9372	44.284400000000005	44.0749	44.2457	44.6021	44.4227	44.1194	44.1606	43.5223	43.5154	43.289100000000005	43.4232	43.7699	44.0168	43.8412	43.985400000000006	43.9278	44.0186	43.8076	43.8659	43.9394	43.598	43.803	43.713499999999996	43.833299999999994	44.080999999999996	43.751400000000004	43.750099999999996	43.7381	43.7604	43.8	43.802400000000006	43.8917	43.9478	43.8179	44.007200000000005	43.9518	43.8341	43.8006	43.7952	43.6984	44.0058	43.767	43.8677	43.809599999999996	43.7746	43.7962	43.6985	43.7828	43.927899999999994	43.6737	43.763000000000005	43.7948	43.9175	43.749900000000004	43.986399999999996	43.723600000000005	43.7768	43.6139	43.7864	43.7021	43.8249	43.796800000000005	43.9407	43.9587	43.9593	43.821799999999996	43.8524	43.9756	43.8561	43.8397	43.6959	43.7751	43.9968	43.7635	44.0391	43.8624	43.8187	43.771100000000004	43.7986	43.871300000000005	43.9412	43.8468	43.9193	43.9459	43.9297	43.8779	43.8858	43.851800000000004	43.9113	43.7562	43.8037	43.7381	43.9067	43.939699999999995	43.9353	43.9895	43.9332	43.8197	43.891200000000005	43.8767	43.8975	43.8288	43.9215	43.8179	44.0171	43.883100000000006	43.872299999999996	43.9095	43.857600000000005	43.8559	43.8226	43.877	43.9171	43.8457	43.879200000000004	43.926700000000004	43.8007	43.906800000000004	43.9078	43.8541	43.842999999999996	43.8814	43.703199999999995	43.8155	43.815599999999996	43.9846	43.953199999999995	43.9354	43.9245	43.963	43.7983	43.967600000000004	43.9079	43.6236
AeC01083_CKDL210012719-1a-AK9146-AK10343_HF5TCDSX2_L1_clmp_r1r2_fastp	58.3233	41.5425	42.1502	40.837	41.1351	41.3185	40.158300000000004	43.1891	43.5685	39.7085	46.895900000000005	46.6418	44.3332	44.1107	43.6055	43.4011	43.9076	43.6532	44.0255	44.0145	43.8906	43.7631	43.613	43.0847	43.0364	42.6986	43.0926	43.2392	43.5378	43.4865	43.574600000000004	43.533500000000004	43.429	43.4562	43.4556	43.3601	43.127300000000005	43.0947	43.109199999999994	43.2577	43.5117	43.3591	43.642399999999995	43.459599999999995	43.5018	43.4251	43.3824	43.3555	43.453199999999995	43.349	43.5508	43.4066	43.330200000000005	43.3966	43.345299999999995	43.4083	43.3614	43.3653	43.463499999999996	43.269000000000005	43.336200000000005	43.2939	43.3268	43.2876	43.3764	43.1213	43.2598	43.3127	43.4213	43.3896	43.500299999999996	43.4713	43.3154	43.2777	43.3728	43.4289	43.4419	43.4039	43.4978	43.5794	43.263600000000004	43.402	43.355900000000005	43.372	43.3979	43.3555	43.4191	43.566700000000004	43.5563	43.2991	43.459599999999995	43.2491	43.5395	43.3221	43.3909	43.3005	43.4351	43.3634	43.5298	43.3673	43.506099999999996	43.4211	43.521300000000004	43.5611	43.512299999999996	43.503	43.405300000000004	43.4704	43.551	43.4913	43.5182	43.3253	43.371300000000005	43.4595	43.4743	43.492999999999995	43.464000000000006	43.5075	43.4129	43.5612	43.4996	43.4038	43.2917	43.3763	43.2569	43.3618	43.4084	43.397999999999996	43.3977	43.6518	43.37	43.5846	43.4766	43.3091	43.424800000000005	43.4429	43.443	43.5901	43.3583	43.522800000000004	43.4486	43.4268	43.5311	43.6065	43.471900000000005	43.788700000000006	43.4048	43.5221	43.2877	43.1783
AeC01084_CKDL210012719-1a-AK5577-AK10343_HF5TCDSX2_L1_clmp_r1r2_fastp	59.8933	41.5624	43.018699999999995	42.1528	41.517700000000005	41.663	40.4736	43.767	44.0212	40.2552	47.509499999999996	47.1667	44.597300000000004	44.398900000000005	43.973099999999995	43.7727	44.231700000000004	44.0017	44.2226	44.5296	44.4429	44.129400000000004	44.1062	43.3669	43.467299999999994	43.146699999999996	43.3371	43.745400000000004	43.946600000000004	43.8839	43.945499999999996	43.8482	44.0058	43.7597	43.7582	43.8324	43.519000000000005	43.7257	43.6496	43.6868	44.095600000000005	43.5868	43.7332	43.7686	43.6495	43.6341	43.7065	43.7069	43.924099999999996	43.7757	43.9143	44.0042	43.7245	43.6269	43.7552	43.576	43.862	43.6545	43.7559	43.763400000000004	43.7046	43.717800000000004	43.6599	43.6261	43.865700000000004	43.628299999999996	43.709399999999995	43.792500000000004	43.8526	43.7889	43.9208	43.735800000000005	43.8	43.5355	43.6757	43.683699999999995	43.7331	43.7263	43.8285	43.9013	43.9199	43.803399999999996	43.871500000000005	43.8709	43.8315	43.8198	43.655899999999995	43.716300000000004	43.8935	43.7693	44.0284	43.8028	43.7786	43.8015	43.757200000000005	43.8149	43.9201	43.7615	43.8743	43.9697	43.8533	43.8798	43.8423	43.8501	43.8998	43.8211	43.7671	43.743500000000004	43.817	43.9334	43.980599999999995	43.951299999999996	43.8394	43.811	43.810700000000004	43.8615	43.7564	43.770199999999996	43.828	43.7805	44.047799999999995	43.8966	43.8309	43.9243	43.8916	43.8172	43.8071	43.745200000000004	43.9073	43.8	43.8961	43.8898	43.8286	43.8643	43.9124	43.8373	43.7999	43.803	43.7607	43.8217	43.7653	43.991	43.8663	43.9278	43.8628	43.9735	43.8231	43.8863	43.8364	43.5221
AeC01085_CKDL210012719-1a-5UDI301-GD06_HF5TCDSX2_L1_clmp_r1r2_fastp	58.7766	42.8331	42.2599	42.1303	42.2465	42.1205	40.8573	43.9784	44.204	40.7014	47.1916	47.1674	44.978	44.792500000000004	44.3659	44.1734	44.485	44.1683	44.4615	44.7006	44.735200000000006	44.3467	44.5071	43.7621	43.893100000000004	43.628299999999996	43.6073	43.9303	44.2004	44.0592	44.1888	44.0295	44.249300000000005	44.007400000000004	44.0625	44.1181	43.8012	43.86	43.8309	43.871700000000004	44.2211	43.8587	43.905499999999996	44.0096	43.91	43.9025	43.947900000000004	43.9203	44.099199999999996	43.9983	44.1179	44.070100000000004	43.9923	43.8701	43.9838	43.8522	44.0541	43.8677	43.992399999999996	43.9559	43.9027	43.9505	43.8808	43.8855	44.0511	43.8761	43.9125	43.9189	44.0484	43.9045	44.1101	43.9028	43.979	43.802099999999996	43.9374	43.863600000000005	43.9932	43.9005	43.9566	44.0767	44.0703	43.980000000000004	44.0081	44.0463	43.940400000000004	44.001000000000005	43.7742	43.8913	44.0227	43.9487	44.1692	44.054500000000004	43.9745	44.0133	43.9912	43.9913	44.1253	43.9563	43.9811	44.089	44.0283	44.041799999999995	44.0015	44.0724	44.0456	44.026199999999996	43.972899999999996	43.9615	43.9903	44.081900000000005	44.06	44.085800000000006	44.0984	44.0106	44.0649	44.1128	44.0651	44.03	44.116699999999994	43.9587	44.1646	44.0644	44.013600000000004	44.085499999999996	44.1212	44.0427	44.0375	44.0662	44.1025	44.0313	44.0844	44.0737	44.0535	44.137	44.0721	44.0851	44.0725	44.0259	43.9146	43.9996	44.017	44.103300000000004	44.151	44.1467	44.134299999999996	44.1637	44.024	44.0905	44.060300000000005	43.8461
AeC01086_CKDL210012719-1a-AK7758-GD06_HF5TCDSX2_L1_clmp_r1r2_fastp	58.359300000000005	42.6893	42.3848	41.4193	42.069	42.008	40.8773	43.9094	44.0493	40.5997	46.9431	47.038000000000004	44.8831	44.6786	44.2397	44.1177	44.3841	44.156800000000004	44.376599999999996	44.7936	44.5841	44.3335	44.2999	43.6469	43.6524	43.432500000000005	43.466300000000004	43.8519	44.1077	43.9158	44.0796	43.9591	44.064	44.0028	43.9169	44.0943	43.7052	43.81	43.8207	43.7395	44.1523	43.735800000000005	43.8003	43.87	43.8288	43.845800000000004	43.8135	43.8875	44.0135	43.8581	44.0347	44.0732	43.8974	43.8455	43.9214	43.741600000000005	44.0398	43.7663	43.9493	43.9058	43.76	43.874	43.8123	43.823	43.9269	43.7956	43.8206	43.8538	43.9456	43.859300000000005	44.0258	43.8053	43.905100000000004	43.6908	43.8179	43.737500000000004	43.918800000000005	43.8446	43.9896	43.9567	43.961600000000004	43.8812	43.953399999999995	44.0115	43.8825	43.9514	43.755	43.8232	43.9623	43.8561	44.1025	43.9891	43.8692	43.865300000000005	43.8736	43.988699999999994	44.0174	43.8836	43.8976	43.9927	43.8805	44.0298	43.9981	43.933499999999995	43.9774	43.9552	43.8933	43.8435	43.8594	44.0147	43.9969	44.0376	43.9609	43.8405	43.897999999999996	44.0169	43.9645	43.9202	43.946400000000004	43.7787	44.0674	43.9853	43.8977	44.0013	43.96	43.9742	43.9651	43.9468	43.9521	43.891999999999996	43.9644	43.9634	43.9167	43.9612	43.9511	44.005100000000006	43.932700000000004	43.97	43.830999999999996	44.0304	43.8627	44.0426	43.9803	43.993	43.965900000000005	44.0747	43.9157	44.0642	44.0268	43.6648
AeC01087_CKDL210012719-1a-AK7078-GD06_HF5TCDSX2_L1_clmp_r1r2_fastp	58.6828	42.0815	42.135600000000004	41.4119	41.7522	41.6294	40.6086	43.8539	43.9305	40.4084	47.1292	46.8715	44.5741	44.41	44.0073	43.858399999999996	44.2172	43.8826	44.185	44.4451	44.338899999999995	44.0871	44.0715	43.3702	43.529	43.1795	43.240899999999996	43.6112	43.8803	43.7119	43.7867	43.7929	43.858200000000004	43.684200000000004	43.689699999999995	43.7799	43.5167	43.555899999999994	43.521100000000004	43.607800000000005	43.9022	43.582300000000004	43.6161	43.717600000000004	43.634499999999996	43.6452	43.7023	43.675000000000004	43.7855	43.715199999999996	43.9174	43.8357	43.7253	43.5775	43.6833	43.5827	43.7902	43.624	43.6983	43.7005	43.5867	43.6729	43.5642	43.6263	43.7701	43.5824	43.6446	43.7259	43.8276	43.6977	43.8407	43.674400000000006	43.711	43.5611	43.6672	43.6142	43.7545	43.6172	43.7073	43.812400000000004	43.8563	43.6558	43.7648	43.7752	43.7483	43.6704	43.5388	43.663999999999994	43.7813	43.6859	43.8826	43.7721	43.6983	43.7459	43.677899999999994	43.7413	43.8219	43.613600000000005	43.774	43.851600000000005	43.7674	43.825900000000004	43.8238	43.7861	43.783899999999996	43.7717	43.7285	43.621700000000004	43.7742	43.821799999999996	43.8191	43.8469	43.8213	43.7851	43.7078	43.8426	43.7869	43.749	43.7343	43.6664	43.9086	43.7297	43.7509	43.7318	43.8155	43.79	43.797799999999995	43.7951	43.7538	43.7635	43.844899999999996	43.75	43.7614	43.7603	43.8307	43.7931	43.756699999999995	43.783	43.7193	43.7363	43.7302	43.8814	43.809	43.8331	43.814	43.9971	43.7422	43.8125	43.7729	43.4989
AeC01088_CKDL210012719-1a-AK9143-GD06_HF5TCDSX2_L1_clmp_r1r2_fastp	59.05629999999999	42.972300000000004	42.5284	41.6704	42.1656	42.103699999999996	40.9505	44.112899999999996	44.218	40.6437	47.2035	47.1689	45.025	44.8784	44.3553	44.1462	44.5712	44.2863	44.4392	44.8821	44.623400000000004	44.3615	44.4052	43.7517	43.754	43.4876	43.5409	43.8502	44.1511	44.0208	44.1092	44.0792	44.167699999999996	43.9735	44.0049	44.1062	43.772800000000004	43.8352	43.866	43.8559	44.1751	43.8402	43.885600000000004	43.9353	43.899300000000004	43.8565	43.903999999999996	43.945	44.1303	43.9093	44.1252	44.186	43.9685	43.905300000000004	43.945	43.8349	43.986799999999995	43.8757	44.0199	43.9876	43.872499999999995	43.9485	43.855	43.902	44.0381	43.7912	43.8817	43.9326	44.1331	43.9235	44.1091	43.8594	43.9889	43.761	43.8955	43.8467	43.9425	43.817	43.9588	43.9994	44.0767	43.896499999999996	44.0592	44.0845	43.9477	43.9919	43.8249	43.859300000000005	44.0381	43.9146	44.1665	44.0409	43.9321	43.8789	43.9345	44.065599999999996	44.0495	43.932	43.9096	44.0585	44.0342	44.0004	44.0302	44.013799999999996	44.0433	43.948100000000004	43.9259	43.8878	43.9733	44.0438	44.0309	44.109700000000004	44.0398	43.926500000000004	43.9482	44.1211	44.028600000000004	43.95	44.0413	43.9165	44.201800000000006	44.0433	43.9976	44.111	44.0389	44.0181	43.9833	44.061	44.0226	44.0349	44.067099999999996	44.0252	44.0343	44.0453	44.047	44.0309	44.056400000000004	44.1176	43.9576	44.0311	43.9374	44.1899	44.0362	44.1205	44.0647	44.1314	43.9985	44.0962	44.080000000000005	43.8035
AeC01089_CKDL210012719-1a-5UDI225-GD06_HF5TCDSX2_L1_clmp_r1r2_fastp	58.992599999999996	42.4264	42.6549	41.6331	41.9417	42.0368	40.805	43.856899999999996	44.074999999999996	40.4184	47.265499999999996	47.1283	44.8967	44.6444	44.3347	44.0567	44.393100000000004	44.1515	44.3801	44.8232	44.5106	44.2155	44.2263	43.6048	43.6098	43.3795	43.487500000000004	43.7332	44.052400000000006	43.8946	43.9725	43.927	44.0126	43.852000000000004	43.891400000000004	43.9423	43.6552	43.7145	43.6678	43.7182	44.1138	43.7104	43.7734	43.833800000000004	43.7415	43.7457	43.7741	43.803399999999996	43.918600000000005	43.7795	44.0066	43.9938	43.858799999999995	43.7175	43.87	43.721199999999996	43.9425	43.690400000000004	43.904399999999995	43.8591	43.733	43.779	43.7184	43.7172	43.898399999999995	43.7222	43.7816	43.8051	43.9124	43.801899999999996	43.9874	43.7325	43.8327	43.6882	43.797999999999995	43.7641	43.8547	43.757400000000004	43.8838	43.8963	43.9966	43.8006	43.904700000000005	43.9115	43.8909	43.9401	43.7193	43.7995	43.951	43.8094	44.1136	43.8909	43.831199999999995	43.802400000000006	43.8419	43.961800000000004	43.9809	43.8366	43.922	43.9685	43.899100000000004	43.9255	43.9268	43.9434	44.0081	43.874	43.8878	43.8757	43.8431	43.9347	43.959199999999996	44.0258	43.928200000000004	43.8488	43.8907	43.972	44.0078	43.9033	44.0197	43.8695	44.0922	43.9215	43.932	43.9523	43.9375	43.9442	43.9518	43.9071	43.9598	43.918600000000005	44.0057	43.9411	43.9197	43.9326	43.9922	43.947900000000004	43.9289	43.9859	43.8752	43.985600000000005	43.886900000000004	44.0579	43.9989	43.991400000000006	43.9705	44.0546	43.9604	43.9496	44.0059	43.7477
AeC01090_CKDL210012719-1a-AK9144-GD06_HF5TCDSX2_L1_clmp_r1r2_fastp	58.543800000000005	42.7718	41.590199999999996	42.0021	41.8512	41.819	40.3948	43.4914	43.7671	40.470600000000005	46.8424	46.8497	44.7977	44.502199999999995	44.0375	43.8534	44.1083	44.0039	44.1442	44.4284	44.3933	44.0999	44.1323	43.4641	43.533	43.2417	43.3288	43.6164	43.924	43.6925	43.9422	43.8248	43.9646	43.7387	43.743700000000004	43.8756	43.5423	43.6357	43.6012	43.5921	43.993700000000004	43.6116	43.6193	43.777300000000004	43.702999999999996	43.6239	43.741400000000006	43.6912	43.7963	43.7193	43.9046	43.8692	43.7696	43.6113	43.7665	43.6134	43.8423	43.6417	43.7962	43.7412	43.6709	43.7444	43.6315	43.6248	43.8155	43.634299999999996	43.6671	43.660399999999996	43.844699999999996	43.7057	43.852999999999994	43.735600000000005	43.7575	43.627300000000005	43.7085	43.6572	43.7681	43.6633	43.8102	43.8637	43.7638	43.6854	43.7796	43.8216	43.7442	43.796400000000006	43.6222	43.682900000000004	43.8356	43.658	43.946200000000005	43.8467	43.7463	43.7197	43.799	43.8092	43.9134	43.7117	43.7475	43.8923	43.8251	43.8129	43.7935	43.7912	43.8677	43.8324	43.7656	43.7301	43.816100000000006	43.8172	43.8283	43.8778	43.89	43.722699999999996	43.7645	43.8995	43.8649	43.771	43.8645	43.6729	43.978699999999996	43.7791	43.7415	43.838899999999995	43.864399999999996	43.7741	43.8364	43.824000000000005	43.839299999999994	43.8014	43.8866	43.8299	43.768499999999996	43.878699999999995	43.8224	43.7957	43.8455	43.783699999999996	43.762299999999996	43.839099999999995	43.79	43.8817	43.8599	43.851600000000005	43.849900000000005	43.9753	43.783	43.8631	43.849700000000006	43.5925
AeC01091_CKDL210012719-1a-AK3911-GD06_HF5TCDSX2_L1_clmp_r1r2_fastp	59.8545	41.2768	43.479099999999995	42.0501	41.6482	41.8038	40.6979	43.8231	44.0528	40.2026	47.4292	47.1242	44.5227	44.3891	44.0509	43.8659	44.291199999999996	44.067299999999996	44.3177	44.6335	44.4679	44.2009	44.249	43.480000000000004	43.6108	43.2828	43.4429	43.841	44.0171	43.9317	44.0363	43.8832	43.9951	43.7653	43.8628	43.9255	43.5662	43.7061	43.7269	43.8006	44.0987	43.695699999999995	43.763400000000004	43.736999999999995	43.6488	43.6709	43.758399999999995	43.7606	43.9322	43.8084	43.9878	43.9649	43.7858	43.668099999999995	43.8388	43.689099999999996	43.8887	43.7301	43.8469	43.8348	43.757400000000004	43.7469	43.7063	43.6917	43.8324	43.6817	43.7873	43.784600000000005	43.8685	43.7984	43.879400000000004	43.719	43.7552	43.5909	43.702600000000004	43.7333	43.8505	43.7707	43.8567	43.9681	43.9511	43.844699999999996	43.864	43.8624	43.7888	43.8054	43.6701	43.7513	43.9276	43.8394	44.085800000000006	43.885999999999996	43.9029	43.758599999999994	43.7747	43.8624	43.9293	43.844100000000005	43.8761	43.952200000000005	43.963499999999996	43.9046	43.8444	43.873	43.9407	43.8406	43.7949	43.809799999999996	43.857099999999996	43.9463	44.039699999999996	44.027100000000004	43.897000000000006	43.8954	43.867	43.932700000000004	43.9446	43.9031	43.9155	43.8503	44.0931	43.8594	43.8529	43.9456	43.8807	43.8943	43.8633	43.8738	43.948100000000004	43.8463	43.963499999999996	43.933499999999995	43.9028	43.908199999999994	43.8828	43.8659	43.8813	43.825199999999995	43.8258	43.8817	43.8343	44.0232	43.9543	43.9591	43.9041	43.951499999999996	43.893	43.891799999999996	43.846000000000004	43.5923
AeC01092_CKDL210012719-1a-5UDI245-GD06_HF5TCDSX2_L1_clmp_r1r2_fastp	58.6338	42.7483	42.435	41.8225	42.0369	42.051100000000005	40.8327	43.9853	44.1118	40.5742	47.172799999999995	47.082499999999996	44.9195	44.6654	44.2758	44.0304	44.4063	44.199	44.3601	44.7773	44.5725	44.2835	44.2538	43.648199999999996	43.6644	43.3954	43.479299999999995	43.845	44.0984	43.9039	44.1203	43.9739	44.0767	43.9555	43.8808	44.0924	43.702999999999996	43.7884	43.8075	43.7698	44.1558	43.7638	43.782900000000005	43.8718	43.815599999999996	43.838300000000004	43.89	43.8065	44.0272	43.842	44.111	44.037	43.917899999999996	43.763999999999996	43.900299999999994	43.7592	43.9794	43.8009	43.998799999999996	43.9015	43.8318	43.9046	43.786199999999994	43.8065	43.9498	43.799	43.839600000000004	43.8467	43.957	43.8395	44.0109	43.812200000000004	43.9644	43.6944	43.8673	43.8416	43.9508	43.777100000000004	43.9137	44.002	43.9792	43.8936	43.9247	44.022800000000004	43.9124	43.9355	43.7446	43.878099999999996	44.0224	43.8581	44.0783	43.9403	43.8455	43.8361	43.9269	44.0352	44.0252	43.9398	43.881	44.0581	43.9572	43.9844	43.9473	43.9778	44.066300000000005	43.9443	43.9005	43.906099999999995	43.956	44.033	43.9457	44.0198	44.0257	43.8818	43.9287	44.047599999999996	44.0032	43.9086	44.0249	43.8895	44.2084	44.0135	43.9642	44.0706	43.986399999999996	43.9957	43.9625	43.9871	44.0472	43.9737	43.9842	44.0	43.986399999999996	43.9654	43.984	44.0212	44.0096	44.0848	43.8546	44.0421	43.9178	44.089600000000004	43.9803	44.019200000000005	43.9384	44.113400000000006	43.9401	44.0535	44.0614	43.744499999999995
AeC01094_CKDL210012719-1a-5UDI294-AK4234_HF5TCDSX2_L1_clmp_r1r2_fastp	58.278200000000005	41.8316	42.4688	41.2925	41.6725	41.7176	40.6378	43.7566	43.8757	40.1065	47.1013	46.8324	44.5372	44.2939	43.9213	43.7417	44.107	43.8735	44.0503	44.3798	44.1926	43.9399	43.9754	43.331900000000005	43.3395	43.100899999999996	43.2517	43.5045	43.702200000000005	43.6372	43.7353	43.6785	43.7438	43.562	43.6441	43.6625	43.344500000000004	43.4633	43.4278	43.4355	43.7952	43.461800000000004	43.5482	43.5925	43.4929	43.4938	43.506699999999995	43.5328	43.7007	43.569	43.7314	43.722899999999996	43.6228	43.4391	43.5914	43.473600000000005	43.6488	43.4776	43.600899999999996	43.5852	43.4341	43.5165	43.4762	43.5064	43.6133	43.4372	43.4859	43.5208	43.6336	43.5122	43.6591	43.517	43.582100000000004	43.394800000000004	43.5122	43.4818	43.5907	43.5275	43.589299999999994	43.6593	43.692	43.562	43.6334	43.6678	43.6184	43.5633	43.4479	43.488	43.6127	43.5083	43.7953	43.586200000000005	43.5353	43.5594	43.5899	43.6187	43.6775	43.5541	43.531	43.692	43.6265	43.6187	43.6203	43.63	43.641600000000004	43.6127	43.5768	43.532399999999996	43.599	43.591800000000006	43.737300000000005	43.6699	43.6386	43.568400000000004	43.585	43.7429	43.650299999999994	43.5515	43.6601	43.518499999999996	43.7539	43.6342	43.5885	43.6586	43.6747	43.6335	43.6229	43.613600000000005	43.6675	43.5911	43.6457	43.660199999999996	43.6639	43.6735	43.6564	43.6824	43.608200000000004	43.6634	43.5743	43.6784	43.6185	43.7142	43.7352	43.7206	43.723299999999995	43.7664	43.6973	43.7532	43.6777	43.4869
AeC01095_CKDL210012719-1a-AK9146-AK4234_HF5TCDSX2_L1_clmp_r1r2_fastp	58.497299999999996	41.3519	42.7602	41.300399999999996	41.493	41.6157	40.5685	43.830799999999996	43.980799999999995	39.9375	47.3912	47.0281	44.4819	44.2573	43.9203	43.7182	44.0491	43.8133	44.0494	44.351	44.221	43.9398	44.0034	43.3668	43.355	43.0477	43.1822	43.51	43.7835	43.6451	43.7571	43.6537	43.7617	43.575199999999995	43.6116	43.6432	43.3968	43.4423	43.4726	43.5001	43.7953	43.439	43.5291	43.581900000000005	43.4902	43.5106	43.534099999999995	43.5477	43.651	43.546	43.7385	43.7038	43.5856	43.492599999999996	43.5805	43.4941	43.6934	43.4606	43.6199	43.576	43.5358	43.5226	43.4249	43.4799	43.6211	43.4225	43.491600000000005	43.527300000000004	43.6634	43.546	43.681599999999996	43.5294	43.56	43.426500000000004	43.5045	43.4816	43.555	43.5	43.6166	43.6361	43.696	43.5696	43.6302	43.6324	43.603500000000004	43.5698	43.458400000000005	43.5299	43.6571	43.5553	43.7583	43.580000000000005	43.5618	43.5711	43.607	43.6737	43.687799999999996	43.5768	43.5948	43.6514	43.6168	43.641999999999996	43.636599999999994	43.649	43.675799999999995	43.5938	43.6248	43.5499	43.6174	43.660900000000005	43.7115	43.6926	43.6822	43.5247	43.628499999999995	43.703900000000004	43.6243	43.5841	43.669999999999995	43.5414	43.72	43.581900000000005	43.5688	43.6629	43.6336	43.628299999999996	43.6442	43.612	43.6322	43.5553	43.6775	43.6337	43.656099999999995	43.6832	43.5964	43.647999999999996	43.6526	43.5889	43.6031	43.6081	43.6358	43.7097	43.7057	43.6916	43.7146	43.751200000000004	43.626599999999996	43.6383	43.6487	43.330200000000005
AeC01096_CKDL210012719-1a-AK5577-AK4234_HF5TCDSX2_L1_clmp_r1r2_fastp	58.9106	41.557100000000005	42.8725	41.6008	41.740500000000004	41.7976	40.7356	43.919399999999996	44.0514	40.1275	47.414899999999996	47.0879	44.6254	44.4594	44.0364	43.8697	44.225300000000004	43.976	44.186	44.519999999999996	44.3082	44.1133	44.012	43.411	43.492799999999995	43.1852	43.323299999999996	43.6582	43.8152	43.7458	43.8071	43.7379	43.8585	43.6158	43.661100000000005	43.8088	43.473099999999995	43.599900000000005	43.5678	43.6165	43.9537	43.5004	43.6456	43.5978	43.5321	43.506499999999996	43.6968	43.613800000000005	43.7361	43.6398	43.7828	43.8463	43.675999999999995	43.5433	43.6533	43.5717	43.8101	43.519999999999996	43.683699999999995	43.5843	43.5845	43.639	43.4951	43.5811	43.7387	43.5186	43.6304	43.6693	43.7367	43.6556	43.8086	43.6087	43.6699	43.4662	43.5854	43.5694	43.658	43.6002	43.7139	43.7282	43.8365	43.6775	43.728	43.655	43.6952	43.7054	43.5502	43.636	43.7881	43.6049	43.8538	43.7105	43.6478	43.6598	43.7149	43.7117	43.7734	43.6851	43.6631	43.801899999999996	43.7647	43.6683	43.792500000000004	43.7347	43.7869	43.7473	43.7214	43.6509	43.704	43.818400000000004	43.8489	43.7857	43.7948	43.6921	43.684400000000004	43.7994	43.7675	43.7123	43.8352	43.6614	43.9063	43.777	43.6817	43.8469	43.7583	43.7254	43.7551	43.797599999999996	43.8232	43.7332	43.7956	43.8336	43.8051	43.7927	43.8615	43.8142	43.7967	43.7715	43.7564	43.8481	43.7656	43.9428	43.804300000000005	43.8762	43.863400000000006	43.8591	43.8368	43.82	43.830400000000004	43.5234
