all	0	132850	1528347	0.0869240
all	1	4760	1528347	0.0031145
all	2	91013	1528347	0.0595500
all	3	8205	1528347	0.0053685
all	4	89207	1528347	0.0583683
all	5	11987	1528347	0.0078431
all	6	83739	1528347	0.0547906
all	7	13909	1528347	0.0091007
all	8	78327	1528347	0.0512495
all	9	14993	1528347	0.0098099
all	10	74322	1528347	0.0486290
all	11	16518	1528347	0.0108078
all	12	68926	1528347	0.0450984
all	13	17478	1528347	0.0114359
all	14	63418	1528347	0.0414945
all	15	16684	1528347	0.0109164
all	16	54794	1528347	0.0358518
all	17	17531	1528347	0.0114706
all	18	47300	1528347	0.0309485
all	19	15881	1528347	0.0103910
all	20	38686	1528347	0.0253123
all	21	14855	1528347	0.0097197
all	22	34695	1528347	0.0227010
all	23	13885	1528347	0.0090850
all	24	31049	1528347	0.0203154
all	25	12780	1528347	0.0083620
all	26	26800	1528347	0.0175353
all	27	12275	1528347	0.0080316
all	28	23539	1528347	0.0154016
all	29	11275	1528347	0.0073773
all	30	21197	1528347	0.0138692
all	31	11410	1528347	0.0074656
all	32	17541	1528347	0.0114771
all	33	9190	1528347	0.0060130
all	34	15620	1528347	0.0102202
all	35	9467	1528347	0.0061943
all	36	14104	1528347	0.0092283
all	37	7158	1528347	0.0046835
all	38	10690	1528347	0.0069945
all	39	7098	1528347	0.0046442
all	40	10255	1528347	0.0067099
all	41	5717	1528347	0.0037406
all	42	9415	1528347	0.0061603
all	43	5435	1528347	0.0035561
all	44	7625	1528347	0.0049891
all	45	4686	1528347	0.0030661
all	46	6624	1528347	0.0043341
all	47	4369	1528347	0.0028586
all	48	6047	1528347	0.0039566
all	49	3869	1528347	0.0025315
all	50	6003	1528347	0.0039278
all	51	3649	1528347	0.0023875
all	52	5498	1528347	0.0035974
all	53	3536	1528347	0.0023136
all	54	4287	1528347	0.0028050
all	55	3199	1528347	0.0020931
all	56	4331	1528347	0.0028338
all	57	3235	1528347	0.0021167
all	58	4527	1528347	0.0029620
all	59	2724	1528347	0.0017823
all	60	3230	1528347	0.0021134
all	61	2573	1528347	0.0016835
all	62	3206	1528347	0.0020977
all	63	2358	1528347	0.0015428
all	64	2838	1528347	0.0018569
all	65	2564	1528347	0.0016776
all	66	2819	1528347	0.0018445
all	67	2107	1528347	0.0013786
all	68	2299	1528347	0.0015042
all	69	1911	1528347	0.0012504
all	70	2072	1528347	0.0013557
all	71	1613	1528347	0.0010554
all	72	2102	1528347	0.0013753
all	73	1385	1528347	0.0009062
all	74	1834	1528347	0.0012000
all	75	1296	1528347	0.0008480
all	76	1673	1528347	0.0010946
all	77	1204	1528347	0.0007878
all	78	1744	1528347	0.0011411
all	79	1135	1528347	0.0007426
all	80	1463	1528347	0.0009572
all	81	1239	1528347	0.0008107
all	82	1973	1528347	0.0012909
all	83	1124	1528347	0.0007354
all	84	1361	1528347	0.0008905
all	85	972	1528347	0.0006360
all	86	1053	1528347	0.0006890
all	87	957	1528347	0.0006262
all	88	1564	1528347	0.0010233
all	89	951	1528347	0.0006222
all	90	1192	1528347	0.0007799
all	91	760	1528347	0.0004973
all	92	971	1528347	0.0006353
all	93	805	1528347	0.0005267
all	94	868	1528347	0.0005679
all	95	573	1528347	0.0003749
all	96	925	1528347	0.0006052
all	97	871	1528347	0.0005699
all	98	896	1528347	0.0005863
all	99	656	1528347	0.0004292
all	100	672	1528347	0.0004397
all	101	668	1528347	0.0004371
all	102	719	1528347	0.0004704
all	103	590	1528347	0.0003860
all	104	561	1528347	0.0003671
all	105	533	1528347	0.0003487
all	106	736	1528347	0.0004816
all	107	604	1528347	0.0003952
all	108	901	1528347	0.0005895
all	109	520	1528347	0.0003402
all	110	686	1528347	0.0004489
all	111	684	1528347	0.0004475
all	112	753	1528347	0.0004927
all	113	498	1528347	0.0003258
all	114	550	1528347	0.0003599
all	115	418	1528347	0.0002735
all	116	741	1528347	0.0004848
all	117	405	1528347	0.0002650
all	118	941	1528347	0.0006157
all	119	577	1528347	0.0003775
all	120	577	1528347	0.0003775
all	121	558	1528347	0.0003651
all	122	553	1528347	0.0003618
all	123	573	1528347	0.0003749
all	124	385	1528347	0.0002519
all	125	522	1528347	0.0003415
all	126	523	1528347	0.0003422
all	127	505	1528347	0.0003304
all	128	468	1528347	0.0003062
all	129	450	1528347	0.0002944
all	130	730	1528347	0.0004776
all	131	542	1528347	0.0003546
all	132	462	1528347	0.0003023
all	133	492	1528347	0.0003219
all	134	576	1528347	0.0003769
all	135	454	1528347	0.0002971
all	136	445	1528347	0.0002912
all	137	371	1528347	0.0002427
all	138	609	1528347	0.0003985
all	139	319	1528347	0.0002087
all	140	352	1528347	0.0002303
all	141	419	1528347	0.0002742
all	142	371	1528347	0.0002427
all	143	472	1528347	0.0003088
all	144	331	1528347	0.0002166
all	145	345	1528347	0.0002257
all	146	610	1528347	0.0003991
all	147	380	1528347	0.0002486
all	148	337	1528347	0.0002205
all	149	352	1528347	0.0002303
all	150	367	1528347	0.0002401
all	151	314	1528347	0.0002055
all	152	354	1528347	0.0002316
all	153	296	1528347	0.0001937
all	154	300	1528347	0.0001963
all	155	260	1528347	0.0001701
all	156	333	1528347	0.0002179
all	157	257	1528347	0.0001682
all	158	344	1528347	0.0002251
all	159	286	1528347	0.0001871
all	160	311	1528347	0.0002035
all	161	242	1528347	0.0001583
all	162	363	1528347	0.0002375
all	163	246	1528347	0.0001610
all	164	508	1528347	0.0003324
all	165	227	1528347	0.0001485
all	166	361	1528347	0.0002362
all	167	266	1528347	0.0001740
all	168	292	1528347	0.0001911
all	169	290	1528347	0.0001897
all	170	258	1528347	0.0001688
all	171	214	1528347	0.0001400
all	172	225	1528347	0.0001472
all	173	242	1528347	0.0001583
all	174	254	1528347	0.0001662
all	175	222	1528347	0.0001453
all	176	188	1528347	0.0001230
all	177	261	1528347	0.0001708
all	178	227	1528347	0.0001485
all	179	251	1528347	0.0001642
all	180	240	1528347	0.0001570
all	181	172	1528347	0.0001125
all	182	183	1528347	0.0001197
all	183	268	1528347	0.0001754
all	184	236	1528347	0.0001544
all	185	215	1528347	0.0001407
all	186	369	1528347	0.0002414
all	187	222	1528347	0.0001453
all	188	232	1528347	0.0001518
all	189	266	1528347	0.0001740
all	190	188	1528347	0.0001230
all	191	210	1528347	0.0001374
all	192	210	1528347	0.0001374
all	193	216	1528347	0.0001413
all	194	299	1528347	0.0001956
all	195	219	1528347	0.0001433
all	196	231	1528347	0.0001511
all	197	211	1528347	0.0001381
all	198	212	1528347	0.0001387
all	199	219	1528347	0.0001433
all	200	217	1528347	0.0001420
all	201	211	1528347	0.0001381
all	202	188	1528347	0.0001230
all	203	161	1528347	0.0001053
all	204	324	1528347	0.0002120
all	205	273	1528347	0.0001786
all	206	454	1528347	0.0002971
all	207	192	1528347	0.0001256
all	208	314	1528347	0.0002055
all	209	154	1528347	0.0001008
all	210	309	1528347	0.0002022
all	211	174	1528347	0.0001138
all	212	193	1528347	0.0001263
all	213	167	1528347	0.0001093
all	214	212	1528347	0.0001387
all	215	213	1528347	0.0001394
all	216	199	1528347	0.0001302
all	217	244	1528347	0.0001596
all	218	160	1528347	0.0001047
all	219	208	1528347	0.0001361
all	220	174	1528347	0.0001138
all	221	174	1528347	0.0001138
all	222	186	1528347	0.0001217
all	223	150	1528347	0.0000981
all	224	178	1528347	0.0001165
all	225	218	1528347	0.0001426
all	226	170	1528347	0.0001112
all	227	227	1528347	0.0001485
all	228	151	1528347	0.0000988
all	229	175	1528347	0.0001145
all	230	204	1528347	0.0001335
all	231	232	1528347	0.0001518
all	232	150	1528347	0.0000981
all	233	247	1528347	0.0001616
all	234	181	1528347	0.0001184
all	235	157	1528347	0.0001027
all	236	206	1528347	0.0001348
all	237	140	1528347	0.0000916
all	238	184	1528347	0.0001204
all	239	125	1528347	0.0000818
all	240	155	1528347	0.0001014
all	241	159	1528347	0.0001040
all	242	193	1528347	0.0001263
all	243	169	1528347	0.0001106
all	244	106	1528347	0.0000694
all	245	195	1528347	0.0001276
all	246	150	1528347	0.0000981
all	247	149	1528347	0.0000975
all	248	119	1528347	0.0000779
all	249	163	1528347	0.0001067
all	250	145	1528347	0.0000949
all	251	179	1528347	0.0001171
all	252	174	1528347	0.0001138
all	253	75	1528347	0.0000491
all	254	117	1528347	0.0000766
all	255	84	1528347	0.0000550
all	256	108	1528347	0.0000707
all	257	112	1528347	0.0000733
all	258	145	1528347	0.0000949
all	259	81	1528347	0.0000530
all	260	120	1528347	0.0000785
all	261	75	1528347	0.0000491
all	262	104	1528347	0.0000680
all	263	87	1528347	0.0000569
all	264	84	1528347	0.0000550
all	265	78	1528347	0.0000510
all	266	85	1528347	0.0000556
all	267	127	1528347	0.0000831
all	268	116	1528347	0.0000759
all	269	107	1528347	0.0000700
all	270	131	1528347	0.0000857
all	271	90	1528347	0.0000589
all	272	119	1528347	0.0000779
all	273	119	1528347	0.0000779
all	274	170	1528347	0.0001112
all	275	136	1528347	0.0000890
all	276	79	1528347	0.0000517
all	277	88	1528347	0.0000576
all	278	179	1528347	0.0001171
all	279	244	1528347	0.0001596
all	280	144	1528347	0.0000942
all	281	56	1528347	0.0000366
all	282	112	1528347	0.0000733
all	283	117	1528347	0.0000766
all	284	103	1528347	0.0000674
all	285	93	1528347	0.0000609
all	286	58	1528347	0.0000379
all	287	85	1528347	0.0000556
all	288	116	1528347	0.0000759
all	289	115	1528347	0.0000752
all	290	145	1528347	0.0000949
all	291	66	1528347	0.0000432
all	292	122	1528347	0.0000798
all	293	54	1528347	0.0000353
all	294	125	1528347	0.0000818
all	295	120	1528347	0.0000785
all	296	87	1528347	0.0000569
all	297	202	1528347	0.0001322
all	298	65	1528347	0.0000425
all	299	74	1528347	0.0000484
all	300	150	1528347	0.0000981
all	301	118	1528347	0.0000772
all	302	58	1528347	0.0000379
all	303	152	1528347	0.0000995
all	304	89	1528347	0.0000582
all	305	115	1528347	0.0000752
all	306	55	1528347	0.0000360
all	307	55	1528347	0.0000360
all	308	76	1528347	0.0000497
all	309	60	1528347	0.0000393
all	310	36	1528347	0.0000236
all	311	164	1528347	0.0001073
all	312	80	1528347	0.0000523
all	313	68	1528347	0.0000445
all	314	84	1528347	0.0000550
all	315	70	1528347	0.0000458
all	316	66	1528347	0.0000432
all	317	43	1528347	0.0000281
all	318	93	1528347	0.0000609
all	319	73	1528347	0.0000478
all	320	107	1528347	0.0000700
all	321	76	1528347	0.0000497
all	322	57	1528347	0.0000373
all	323	63	1528347	0.0000412
all	324	84	1528347	0.0000550
all	325	65	1528347	0.0000425
all	326	40	1528347	0.0000262
all	327	107	1528347	0.0000700
all	328	104	1528347	0.0000680
all	329	55	1528347	0.0000360
all	330	83	1528347	0.0000543
all	331	69	1528347	0.0000451
all	332	44	1528347	0.0000288
all	333	72	1528347	0.0000471
all	334	48	1528347	0.0000314
all	335	106	1528347	0.0000694
all	336	41	1528347	0.0000268
all	337	66	1528347	0.0000432
all	338	56	1528347	0.0000366
all	339	88	1528347	0.0000576
all	340	79	1528347	0.0000517
all	341	72	1528347	0.0000471
all	342	81	1528347	0.0000530
all	343	104	1528347	0.0000680
all	344	66	1528347	0.0000432
all	345	54	1528347	0.0000353
all	346	100	1528347	0.0000654
all	347	86	1528347	0.0000563
all	348	35	1528347	0.0000229
all	349	115	1528347	0.0000752
all	350	77	1528347	0.0000504
all	351	73	1528347	0.0000478
all	352	57	1528347	0.0000373
all	353	91	1528347	0.0000595
all	354	78	1528347	0.0000510
all	355	84	1528347	0.0000550
all	356	95	1528347	0.0000622
all	357	98	1528347	0.0000641
all	358	76	1528347	0.0000497
all	359	53	1528347	0.0000347
all	360	44	1528347	0.0000288
all	361	67	1528347	0.0000438
all	362	62	1528347	0.0000406
all	363	84	1528347	0.0000550
all	364	64	1528347	0.0000419
all	365	79	1528347	0.0000517
all	366	57	1528347	0.0000373
all	367	59	1528347	0.0000386
all	368	78	1528347	0.0000510
all	369	44	1528347	0.0000288
all	370	81	1528347	0.0000530
all	371	54	1528347	0.0000353
all	372	67	1528347	0.0000438
all	373	45	1528347	0.0000294
all	374	66	1528347	0.0000432
all	375	61	1528347	0.0000399
all	376	82	1528347	0.0000537
all	377	72	1528347	0.0000471
all	378	198	1528347	0.0001296
all	379	90	1528347	0.0000589
all	380	39	1528347	0.0000255
all	381	112	1528347	0.0000733
all	382	39	1528347	0.0000255
all	383	61	1528347	0.0000399
all	384	74	1528347	0.0000484
all	385	63	1528347	0.0000412
all	386	72	1528347	0.0000471
all	387	61	1528347	0.0000399
all	388	58	1528347	0.0000379
all	389	48	1528347	0.0000314
all	390	57	1528347	0.0000373
all	391	109	1528347	0.0000713
all	392	166	1528347	0.0001086
all	393	50	1528347	0.0000327
all	394	52	1528347	0.0000340
all	395	62	1528347	0.0000406
all	396	70	1528347	0.0000458
all	397	66	1528347	0.0000432
all	398	32	1528347	0.0000209
all	399	53	1528347	0.0000347
all	400	63	1528347	0.0000412
all	401	58	1528347	0.0000379
all	402	24	1528347	0.0000157
all	403	85	1528347	0.0000556
all	404	42	1528347	0.0000275
all	405	40	1528347	0.0000262
all	406	56	1528347	0.0000366
all	407	42	1528347	0.0000275
all	408	37	1528347	0.0000242
all	409	83	1528347	0.0000543
all	410	35	1528347	0.0000229
all	411	87	1528347	0.0000569
all	412	28	1528347	0.0000183
all	413	65	1528347	0.0000425
all	414	52	1528347	0.0000340
all	415	90	1528347	0.0000589
all	416	51	1528347	0.0000334
all	417	56	1528347	0.0000366
all	418	47	1528347	0.0000308
all	419	66	1528347	0.0000432
all	420	26	1528347	0.0000170
all	421	45	1528347	0.0000294
all	422	89	1528347	0.0000582
all	423	109	1528347	0.0000713
all	424	68	1528347	0.0000445
all	425	106	1528347	0.0000694
all	426	66	1528347	0.0000432
all	427	82	1528347	0.0000537
all	428	81	1528347	0.0000530
all	429	81	1528347	0.0000530
all	430	54	1528347	0.0000353
all	431	104	1528347	0.0000680
all	432	122	1528347	0.0000798
all	433	122	1528347	0.0000798
all	434	74	1528347	0.0000484
all	435	46	1528347	0.0000301
all	436	45	1528347	0.0000294
all	437	96	1528347	0.0000628
all	438	37	1528347	0.0000242
all	439	75	1528347	0.0000491
all	440	36	1528347	0.0000236
all	441	45	1528347	0.0000294
all	442	39	1528347	0.0000255
all	443	34	1528347	0.0000222
all	444	83	1528347	0.0000543
all	445	35	1528347	0.0000229
all	446	48	1528347	0.0000314
all	447	104	1528347	0.0000680
all	448	61	1528347	0.0000399
all	449	39	1528347	0.0000255
all	450	40	1528347	0.0000262
all	451	53	1528347	0.0000347
all	452	53	1528347	0.0000347
all	453	49	1528347	0.0000321
all	454	40	1528347	0.0000262
all	455	44	1528347	0.0000288
all	456	37	1528347	0.0000242
all	457	40	1528347	0.0000262
all	458	41	1528347	0.0000268
all	459	36	1528347	0.0000236
all	460	62	1528347	0.0000406
all	461	46	1528347	0.0000301
all	462	60	1528347	0.0000393
all	463	50	1528347	0.0000327
all	464	48	1528347	0.0000314
all	465	33	1528347	0.0000216
all	466	45	1528347	0.0000294
all	467	47	1528347	0.0000308
all	468	60	1528347	0.0000393
all	469	50	1528347	0.0000327
all	470	51	1528347	0.0000334
all	471	51	1528347	0.0000334
all	472	53	1528347	0.0000347
all	473	48	1528347	0.0000314
all	474	33	1528347	0.0000216
all	475	68	1528347	0.0000445
all	476	52	1528347	0.0000340
all	477	62	1528347	0.0000406
all	478	71	1528347	0.0000465
all	479	96	1528347	0.0000628
all	480	54	1528347	0.0000353
all	481	44	1528347	0.0000288
all	482	48	1528347	0.0000314
all	483	20	1528347	0.0000131
all	484	47	1528347	0.0000308
all	485	42	1528347	0.0000275
all	486	55	1528347	0.0000360
all	487	42	1528347	0.0000275
all	488	51	1528347	0.0000334
all	489	45	1528347	0.0000294
all	490	31	1528347	0.0000203
all	491	35	1528347	0.0000229
all	492	49	1528347	0.0000321
all	493	46	1528347	0.0000301
all	494	32	1528347	0.0000209
all	495	110	1528347	0.0000720
all	496	34	1528347	0.0000222
all	497	40	1528347	0.0000262
all	498	45	1528347	0.0000294
all	499	37	1528347	0.0000242
all	500	50	1528347	0.0000327
all	501	40	1528347	0.0000262
all	502	27	1528347	0.0000177
all	503	60	1528347	0.0000393
all	504	45	1528347	0.0000294
all	505	43	1528347	0.0000281
all	506	50	1528347	0.0000327
all	507	58	1528347	0.0000379
all	508	92	1528347	0.0000602
all	509	55	1528347	0.0000360
all	510	44	1528347	0.0000288
all	511	43	1528347	0.0000281
all	512	35	1528347	0.0000229
all	513	24	1528347	0.0000157
all	514	38	1528347	0.0000249
all	515	31	1528347	0.0000203
all	516	49	1528347	0.0000321
all	517	31	1528347	0.0000203
all	518	50	1528347	0.0000327
all	519	40	1528347	0.0000262
all	520	34	1528347	0.0000222
all	521	38	1528347	0.0000249
all	522	35	1528347	0.0000229
all	523	49	1528347	0.0000321
all	524	44	1528347	0.0000288
all	525	39	1528347	0.0000255
all	526	61	1528347	0.0000399
all	527	62	1528347	0.0000406
all	528	54	1528347	0.0000353
all	529	22	1528347	0.0000144
all	530	67	1528347	0.0000438
all	531	22	1528347	0.0000144
all	532	30	1528347	0.0000196
all	533	33	1528347	0.0000216
all	534	53	1528347	0.0000347
all	535	31	1528347	0.0000203
all	536	58	1528347	0.0000379
all	537	49	1528347	0.0000321
all	538	43	1528347	0.0000281
all	539	36	1528347	0.0000236
all	540	54	1528347	0.0000353
all	541	19	1528347	0.0000124
all	542	38	1528347	0.0000249
all	543	33	1528347	0.0000216
all	544	50	1528347	0.0000327
all	545	29	1528347	0.0000190
all	546	51	1528347	0.0000334
all	547	30	1528347	0.0000196
all	548	67	1528347	0.0000438
all	549	82	1528347	0.0000537
all	550	40	1528347	0.0000262
all	551	23	1528347	0.0000150
all	552	50	1528347	0.0000327
all	553	52	1528347	0.0000340
all	554	76	1528347	0.0000497
all	555	35	1528347	0.0000229
all	556	30	1528347	0.0000196
all	557	62	1528347	0.0000406
all	558	32	1528347	0.0000209
all	559	25	1528347	0.0000164
all	560	58	1528347	0.0000379
all	561	46	1528347	0.0000301
all	562	57	1528347	0.0000373
all	563	100	1528347	0.0000654
all	564	39	1528347	0.0000255
all	565	26	1528347	0.0000170
all	566	25	1528347	0.0000164
all	567	146	1528347	0.0000955
all	568	27	1528347	0.0000177
all	569	58	1528347	0.0000379
all	570	47	1528347	0.0000308
all	571	46	1528347	0.0000301
all	572	36	1528347	0.0000236
all	573	33	1528347	0.0000216
all	574	54	1528347	0.0000353
all	575	36	1528347	0.0000236
all	576	65	1528347	0.0000425
all	577	41	1528347	0.0000268
all	578	28	1528347	0.0000183
all	579	25	1528347	0.0000164
all	580	26	1528347	0.0000170
all	581	26	1528347	0.0000170
all	582	25	1528347	0.0000164
all	583	38	1528347	0.0000249
all	584	54	1528347	0.0000353
all	585	37	1528347	0.0000242
all	586	72	1528347	0.0000471
all	587	41	1528347	0.0000268
all	588	47	1528347	0.0000308
all	589	27	1528347	0.0000177
all	590	62	1528347	0.0000406
all	591	34	1528347	0.0000222
all	592	56	1528347	0.0000366
all	593	55	1528347	0.0000360
all	594	14	1528347	0.0000092
all	595	31	1528347	0.0000203
all	596	34	1528347	0.0000222
all	597	11	1528347	0.0000072
all	598	36	1528347	0.0000236
all	599	74	1528347	0.0000484
all	600	82	1528347	0.0000537
all	601	36	1528347	0.0000236
all	602	37	1528347	0.0000242
all	603	29	1528347	0.0000190
all	604	32	1528347	0.0000209
all	605	22	1528347	0.0000144
all	606	34	1528347	0.0000222
all	607	10	1528347	0.0000065
all	608	55	1528347	0.0000360
all	609	23	1528347	0.0000150
all	610	46	1528347	0.0000301
all	611	29	1528347	0.0000190
all	612	51	1528347	0.0000334
all	613	56	1528347	0.0000366
all	614	43	1528347	0.0000281
all	615	29	1528347	0.0000190
all	616	26	1528347	0.0000170
all	617	12	1528347	0.0000079
all	618	30	1528347	0.0000196
all	619	24	1528347	0.0000157
all	620	38	1528347	0.0000249
all	621	19	1528347	0.0000124
all	622	37	1528347	0.0000242
all	623	25	1528347	0.0000164
all	624	15	1528347	0.0000098
all	625	28	1528347	0.0000183
all	626	27	1528347	0.0000177
all	627	18	1528347	0.0000118
all	628	37	1528347	0.0000242
all	629	23	1528347	0.0000150
all	630	36	1528347	0.0000236
all	631	27	1528347	0.0000177
all	632	58	1528347	0.0000379
all	633	28	1528347	0.0000183
all	634	41	1528347	0.0000268
all	635	59	1528347	0.0000386
all	636	29	1528347	0.0000190
all	637	24	1528347	0.0000157
all	638	32	1528347	0.0000209
all	639	32	1528347	0.0000209
all	640	62	1528347	0.0000406
all	641	32	1528347	0.0000209
all	642	36	1528347	0.0000236
all	643	42	1528347	0.0000275
all	644	31	1528347	0.0000203
all	645	48	1528347	0.0000314
all	646	22	1528347	0.0000144
all	647	33	1528347	0.0000216
all	648	34	1528347	0.0000222
all	649	41	1528347	0.0000268
all	650	18	1528347	0.0000118
all	651	44	1528347	0.0000288
all	652	13	1528347	0.0000085
all	653	18	1528347	0.0000118
all	654	47	1528347	0.0000308
all	655	24	1528347	0.0000157
all	656	21	1528347	0.0000137
all	657	35	1528347	0.0000229
all	658	31	1528347	0.0000203
all	659	23	1528347	0.0000150
all	660	40	1528347	0.0000262
all	661	43	1528347	0.0000281
all	662	29	1528347	0.0000190
all	663	24	1528347	0.0000157
all	664	46	1528347	0.0000301
all	665	20	1528347	0.0000131
all	666	38	1528347	0.0000249
all	667	17	1528347	0.0000111
all	668	26	1528347	0.0000170
all	669	40	1528347	0.0000262
all	670	51	1528347	0.0000334
all	671	12	1528347	0.0000079
all	672	31	1528347	0.0000203
all	673	28	1528347	0.0000183
all	674	22	1528347	0.0000144
all	675	19	1528347	0.0000124
all	676	46	1528347	0.0000301
all	677	22	1528347	0.0000144
all	678	36	1528347	0.0000236
all	679	20	1528347	0.0000131
all	680	37	1528347	0.0000242
all	681	24	1528347	0.0000157
all	682	37	1528347	0.0000242
all	683	11	1528347	0.0000072
all	684	41	1528347	0.0000268
all	685	31	1528347	0.0000203
all	686	45	1528347	0.0000294
all	687	66	1528347	0.0000432
all	688	142	1528347	0.0000929
all	689	30	1528347	0.0000196
all	690	78	1528347	0.0000510
all	691	29	1528347	0.0000190
all	692	42	1528347	0.0000275
all	693	21	1528347	0.0000137
all	694	23	1528347	0.0000150
all	695	33	1528347	0.0000216
all	696	25	1528347	0.0000164
all	697	27	1528347	0.0000177
all	698	21	1528347	0.0000137
all	699	16	1528347	0.0000105
all	700	20	1528347	0.0000131
all	701	26	1528347	0.0000170
all	702	14	1528347	0.0000092
all	703	168	1528347	0.0001099
all	704	53	1528347	0.0000347
all	705	135	1528347	0.0000883
all	706	22	1528347	0.0000144
all	707	23	1528347	0.0000150
all	708	21	1528347	0.0000137
all	709	22	1528347	0.0000144
all	710	11	1528347	0.0000072
all	711	34	1528347	0.0000222
all	712	20	1528347	0.0000131
all	713	17	1528347	0.0000111
all	714	43	1528347	0.0000281
all	715	20	1528347	0.0000131
all	716	22	1528347	0.0000144
all	717	44	1528347	0.0000288
all	718	30	1528347	0.0000196
all	719	20	1528347	0.0000131
all	720	38	1528347	0.0000249
all	721	27	1528347	0.0000177
all	722	61	1528347	0.0000399
all	723	20	1528347	0.0000131
all	724	26	1528347	0.0000170
all	725	25	1528347	0.0000164
all	726	37	1528347	0.0000242
all	727	31	1528347	0.0000203
all	728	24	1528347	0.0000157
all	729	36	1528347	0.0000236
all	730	31	1528347	0.0000203
all	731	9	1528347	0.0000059
all	732	25	1528347	0.0000164
all	733	23	1528347	0.0000150
all	734	40	1528347	0.0000262
all	735	17	1528347	0.0000111
all	736	20	1528347	0.0000131
all	737	27	1528347	0.0000177
all	738	18	1528347	0.0000118
all	739	19	1528347	0.0000124
all	740	24	1528347	0.0000157
all	741	23	1528347	0.0000150
all	742	22	1528347	0.0000144
all	743	25	1528347	0.0000164
all	744	37	1528347	0.0000242
all	745	23	1528347	0.0000150
all	746	27	1528347	0.0000177
all	747	41	1528347	0.0000268
all	748	14	1528347	0.0000092
all	749	29	1528347	0.0000190
all	750	38	1528347	0.0000249
all	751	15	1528347	0.0000098
all	752	29	1528347	0.0000190
all	753	21	1528347	0.0000137
all	754	18	1528347	0.0000118
all	755	23	1528347	0.0000150
all	756	19	1528347	0.0000124
all	757	7	1528347	0.0000046
all	758	25	1528347	0.0000164
all	759	11	1528347	0.0000072
all	760	17	1528347	0.0000111
all	761	26	1528347	0.0000170
all	762	32	1528347	0.0000209
all	763	18	1528347	0.0000118
all	764	15	1528347	0.0000098
all	765	9	1528347	0.0000059
all	766	33	1528347	0.0000216
all	767	44	1528347	0.0000288
all	768	21	1528347	0.0000137
all	769	40	1528347	0.0000262
all	770	11	1528347	0.0000072
all	771	12	1528347	0.0000079
all	772	18	1528347	0.0000118
all	773	20	1528347	0.0000131
all	774	14	1528347	0.0000092
all	775	8	1528347	0.0000052
all	776	16	1528347	0.0000105
all	777	17	1528347	0.0000111
all	778	22	1528347	0.0000144
all	779	27	1528347	0.0000177
all	780	23	1528347	0.0000150
all	781	15	1528347	0.0000098
all	782	11	1528347	0.0000072
all	783	38	1528347	0.0000249
all	784	22	1528347	0.0000144
all	785	18	1528347	0.0000118
all	786	32	1528347	0.0000209
all	787	29	1528347	0.0000190
all	788	36	1528347	0.0000236
all	789	37	1528347	0.0000242
all	790	31	1528347	0.0000203
all	791	32	1528347	0.0000209
all	792	25	1528347	0.0000164
all	793	23	1528347	0.0000150
all	794	22	1528347	0.0000144
all	795	18	1528347	0.0000118
all	796	29	1528347	0.0000190
all	797	26	1528347	0.0000170
all	798	18	1528347	0.0000118
all	799	20	1528347	0.0000131
all	800	18	1528347	0.0000118
all	801	22	1528347	0.0000144
all	802	12	1528347	0.0000079
all	803	20	1528347	0.0000131
all	804	13	1528347	0.0000085
all	805	15	1528347	0.0000098
all	806	19	1528347	0.0000124
all	807	15	1528347	0.0000098
all	808	23	1528347	0.0000150
all	809	13	1528347	0.0000085
all	810	11	1528347	0.0000072
all	811	25	1528347	0.0000164
all	812	6	1528347	0.0000039
all	813	17	1528347	0.0000111
all	814	15	1528347	0.0000098
all	815	17	1528347	0.0000111
all	816	15	1528347	0.0000098
all	817	17	1528347	0.0000111
all	818	10	1528347	0.0000065
all	819	15	1528347	0.0000098
all	820	13	1528347	0.0000085
all	821	8	1528347	0.0000052
all	822	22	1528347	0.0000144
all	823	10	1528347	0.0000065
all	824	13	1528347	0.0000085
all	825	8	1528347	0.0000052
all	826	18	1528347	0.0000118
all	827	22	1528347	0.0000144
all	828	18	1528347	0.0000118
all	829	9	1528347	0.0000059
all	830	10	1528347	0.0000065
all	831	30	1528347	0.0000196
all	832	17	1528347	0.0000111
all	833	7	1528347	0.0000046
all	834	21	1528347	0.0000137
all	835	21	1528347	0.0000137
all	836	25	1528347	0.0000164
all	837	35	1528347	0.0000229
all	838	48	1528347	0.0000314
all	839	185	1528347	0.0001210
all	840	16	1528347	0.0000105
all	841	9	1528347	0.0000059
all	842	16	1528347	0.0000105
all	843	17	1528347	0.0000111
all	844	25	1528347	0.0000164
all	845	9	1528347	0.0000059
all	846	17	1528347	0.0000111
all	847	12	1528347	0.0000079
all	848	17	1528347	0.0000111
all	849	15	1528347	0.0000098
all	850	9	1528347	0.0000059
all	851	17	1528347	0.0000111
all	852	20	1528347	0.0000131
all	853	11	1528347	0.0000072
all	854	24	1528347	0.0000157
all	855	11	1528347	0.0000072
all	856	10	1528347	0.0000065
all	857	7	1528347	0.0000046
all	858	26	1528347	0.0000170
all	859	19	1528347	0.0000124
all	860	8	1528347	0.0000052
all	861	32	1528347	0.0000209
all	862	21	1528347	0.0000137
all	863	8	1528347	0.0000052
all	864	8	1528347	0.0000052
all	865	13	1528347	0.0000085
all	866	7	1528347	0.0000046
all	867	18	1528347	0.0000118
all	868	14	1528347	0.0000092
all	869	17	1528347	0.0000111
all	870	7	1528347	0.0000046
all	871	13	1528347	0.0000085
all	872	10	1528347	0.0000065
all	873	17	1528347	0.0000111
all	874	5	1528347	0.0000033
all	875	20	1528347	0.0000131
all	876	18	1528347	0.0000118
all	877	15	1528347	0.0000098
all	878	11	1528347	0.0000072
all	879	10	1528347	0.0000065
all	880	20	1528347	0.0000131
all	881	15	1528347	0.0000098
all	882	23	1528347	0.0000150
all	883	12	1528347	0.0000079
all	884	14	1528347	0.0000092
all	885	24	1528347	0.0000157
all	886	11	1528347	0.0000072
all	887	7	1528347	0.0000046
all	888	49	1528347	0.0000321
all	889	26	1528347	0.0000170
all	890	19	1528347	0.0000124
all	891	15	1528347	0.0000098
all	892	10	1528347	0.0000065
all	893	11	1528347	0.0000072
all	894	17	1528347	0.0000111
all	895	6	1528347	0.0000039
all	896	21	1528347	0.0000137
all	897	11	1528347	0.0000072
all	898	14	1528347	0.0000092
all	899	16	1528347	0.0000105
all	900	20	1528347	0.0000131
all	901	11	1528347	0.0000072
all	902	20	1528347	0.0000131
all	903	30	1528347	0.0000196
all	904	23	1528347	0.0000150
all	905	12	1528347	0.0000079
all	906	16	1528347	0.0000105
all	907	1	1528347	0.0000007
all	908	10	1528347	0.0000065
all	909	13	1528347	0.0000085
all	910	27	1528347	0.0000177
all	911	20	1528347	0.0000131
all	912	18	1528347	0.0000118
all	913	8	1528347	0.0000052
all	914	12	1528347	0.0000079
all	915	14	1528347	0.0000092
all	916	23	1528347	0.0000150
all	917	17	1528347	0.0000111
all	918	15	1528347	0.0000098
all	919	27	1528347	0.0000177
all	920	36	1528347	0.0000236
all	921	25	1528347	0.0000164
all	922	52	1528347	0.0000340
all	923	14	1528347	0.0000092
all	924	9	1528347	0.0000059
all	925	12	1528347	0.0000079
all	926	14	1528347	0.0000092
all	927	50	1528347	0.0000327
all	928	28	1528347	0.0000183
all	929	22	1528347	0.0000144
all	930	11	1528347	0.0000072
all	931	8	1528347	0.0000052
all	932	8	1528347	0.0000052
all	933	31	1528347	0.0000203
all	934	5	1528347	0.0000033
all	935	17	1528347	0.0000111
all	936	16	1528347	0.0000105
all	937	11	1528347	0.0000072
all	938	9	1528347	0.0000059
all	939	122	1528347	0.0000798
all	940	6	1528347	0.0000039
all	941	6	1528347	0.0000039
all	942	11	1528347	0.0000072
all	943	5	1528347	0.0000033
all	944	6	1528347	0.0000039
all	945	11	1528347	0.0000072
all	946	9	1528347	0.0000059
all	947	4	1528347	0.0000026
all	948	29	1528347	0.0000190
all	949	6	1528347	0.0000039
all	950	10	1528347	0.0000065
all	951	15	1528347	0.0000098
all	952	9	1528347	0.0000059
all	953	11	1528347	0.0000072
all	954	17	1528347	0.0000111
all	955	15	1528347	0.0000098
all	956	6	1528347	0.0000039
all	957	4	1528347	0.0000026
all	958	16	1528347	0.0000105
all	959	9	1528347	0.0000059
all	960	4	1528347	0.0000026
all	961	13	1528347	0.0000085
all	962	22	1528347	0.0000144
all	963	14	1528347	0.0000092
all	964	12	1528347	0.0000079
all	965	7	1528347	0.0000046
all	966	21	1528347	0.0000137
all	967	15	1528347	0.0000098
all	968	29	1528347	0.0000190
all	969	16	1528347	0.0000105
all	970	11	1528347	0.0000072
all	971	7	1528347	0.0000046
all	972	6	1528347	0.0000039
all	973	9	1528347	0.0000059
all	974	4	1528347	0.0000026
all	975	17	1528347	0.0000111
all	976	6	1528347	0.0000039
all	977	16	1528347	0.0000105
all	978	17	1528347	0.0000111
all	979	40	1528347	0.0000262
all	980	12	1528347	0.0000079
all	981	10	1528347	0.0000065
all	982	3	1528347	0.0000020
all	983	5	1528347	0.0000033
all	984	3	1528347	0.0000020
all	985	8	1528347	0.0000052
all	986	9	1528347	0.0000059
all	987	4	1528347	0.0000026
all	988	7	1528347	0.0000046
all	989	15	1528347	0.0000098
all	990	12	1528347	0.0000079
all	991	10	1528347	0.0000065
all	992	14	1528347	0.0000092
all	993	14	1528347	0.0000092
all	994	6	1528347	0.0000039
all	995	6	1528347	0.0000039
all	996	6	1528347	0.0000039
all	997	7	1528347	0.0000046
all	998	6	1528347	0.0000039
all	999	11	1528347	0.0000072
all	1000	13	1528347	0.0000085
all	1001	6	1528347	0.0000039
all	1002	9	1528347	0.0000059
all	1003	6	1528347	0.0000039
all	1004	6	1528347	0.0000039
all	1005	4	1528347	0.0000026
all	1006	2	1528347	0.0000013
all	1007	9	1528347	0.0000059
all	1008	4	1528347	0.0000026
all	1009	2	1528347	0.0000013
all	1010	13	1528347	0.0000085
all	1011	4	1528347	0.0000026
all	1012	19	1528347	0.0000124
all	1013	17	1528347	0.0000111
all	1014	9	1528347	0.0000059
all	1015	11	1528347	0.0000072
all	1016	68	1528347	0.0000445
all	1017	41	1528347	0.0000268
all	1018	14	1528347	0.0000092
all	1019	7	1528347	0.0000046
all	1020	3	1528347	0.0000020
all	1021	13	1528347	0.0000085
all	1022	10	1528347	0.0000065
all	1023	2	1528347	0.0000013
all	1024	4	1528347	0.0000026
all	1025	3	1528347	0.0000020
all	1026	12	1528347	0.0000079
all	1027	3	1528347	0.0000020
all	1028	3	1528347	0.0000020
all	1029	6	1528347	0.0000039
all	1030	11	1528347	0.0000072
all	1031	6	1528347	0.0000039
all	1032	3	1528347	0.0000020
all	1033	9	1528347	0.0000059
all	1034	6	1528347	0.0000039
all	1035	7	1528347	0.0000046
all	1036	11	1528347	0.0000072
all	1037	27	1528347	0.0000177
all	1038	9	1528347	0.0000059
all	1039	5	1528347	0.0000033
all	1040	3	1528347	0.0000020
all	1041	11	1528347	0.0000072
all	1042	10	1528347	0.0000065
all	1043	7	1528347	0.0000046
all	1044	15	1528347	0.0000098
all	1045	2	1528347	0.0000013
all	1046	12	1528347	0.0000079
all	1047	14	1528347	0.0000092
all	1048	10	1528347	0.0000065
all	1049	6	1528347	0.0000039
all	1050	7	1528347	0.0000046
all	1051	17	1528347	0.0000111
all	1052	17	1528347	0.0000111
all	1053	11	1528347	0.0000072
all	1054	3	1528347	0.0000020
all	1055	1	1528347	0.0000007
all	1056	9	1528347	0.0000059
all	1057	4	1528347	0.0000026
all	1058	5	1528347	0.0000033
all	1059	9	1528347	0.0000059
all	1060	10	1528347	0.0000065
all	1061	9	1528347	0.0000059
all	1062	33	1528347	0.0000216
all	1063	14	1528347	0.0000092
all	1064	11	1528347	0.0000072
all	1065	10	1528347	0.0000065
all	1066	9	1528347	0.0000059
all	1067	22	1528347	0.0000144
all	1068	11	1528347	0.0000072
all	1069	15	1528347	0.0000098
all	1070	8	1528347	0.0000052
all	1071	12	1528347	0.0000079
all	1072	32	1528347	0.0000209
all	1073	101	1528347	0.0000661
all	1074	99	1528347	0.0000648
all	1075	6	1528347	0.0000039
all	1076	10	1528347	0.0000065
all	1077	4	1528347	0.0000026
all	1078	14	1528347	0.0000092
all	1079	6	1528347	0.0000039
all	1080	10	1528347	0.0000065
all	1081	9	1528347	0.0000059
all	1082	9	1528347	0.0000059
all	1083	15	1528347	0.0000098
all	1084	4	1528347	0.0000026
all	1085	12	1528347	0.0000079
all	1086	6	1528347	0.0000039
all	1087	3	1528347	0.0000020
all	1088	5	1528347	0.0000033
all	1089	14	1528347	0.0000092
all	1090	10	1528347	0.0000065
all	1091	6	1528347	0.0000039
all	1092	7	1528347	0.0000046
all	1093	8	1528347	0.0000052
all	1094	9	1528347	0.0000059
all	1095	15	1528347	0.0000098
all	1096	10	1528347	0.0000065
all	1097	11	1528347	0.0000072
all	1098	13	1528347	0.0000085
all	1099	6	1528347	0.0000039
all	1100	7	1528347	0.0000046
all	1101	7	1528347	0.0000046
all	1102	11	1528347	0.0000072
all	1103	7	1528347	0.0000046
all	1104	12	1528347	0.0000079
all	1105	8	1528347	0.0000052
all	1106	8	1528347	0.0000052
all	1108	4	1528347	0.0000026
all	1109	2	1528347	0.0000013
all	1110	8	1528347	0.0000052
all	1111	7	1528347	0.0000046
all	1112	6	1528347	0.0000039
all	1113	7	1528347	0.0000046
all	1114	4	1528347	0.0000026
all	1115	12	1528347	0.0000079
all	1116	2	1528347	0.0000013
all	1117	12	1528347	0.0000079
all	1118	15	1528347	0.0000098
all	1119	5	1528347	0.0000033
all	1120	9	1528347	0.0000059
all	1121	14	1528347	0.0000092
all	1122	19	1528347	0.0000124
all	1123	7	1528347	0.0000046
all	1124	10	1528347	0.0000065
all	1125	1	1528347	0.0000007
all	1126	14	1528347	0.0000092
all	1127	5	1528347	0.0000033
all	1128	20	1528347	0.0000131
all	1129	4	1528347	0.0000026
all	1130	10	1528347	0.0000065
all	1131	13	1528347	0.0000085
all	1132	5	1528347	0.0000033
all	1133	6	1528347	0.0000039
all	1134	7	1528347	0.0000046
all	1135	8	1528347	0.0000052
all	1136	3	1528347	0.0000020
all	1137	8	1528347	0.0000052
all	1138	6	1528347	0.0000039
all	1139	12	1528347	0.0000079
all	1140	2	1528347	0.0000013
all	1141	3	1528347	0.0000020
all	1142	6	1528347	0.0000039
all	1143	4	1528347	0.0000026
all	1144	11	1528347	0.0000072
all	1145	9	1528347	0.0000059
all	1146	8	1528347	0.0000052
all	1147	9	1528347	0.0000059
all	1148	8	1528347	0.0000052
all	1149	7	1528347	0.0000046
all	1150	9	1528347	0.0000059
all	1151	8	1528347	0.0000052
all	1152	1	1528347	0.0000007
all	1153	6	1528347	0.0000039
all	1154	4	1528347	0.0000026
all	1155	8	1528347	0.0000052
all	1156	6	1528347	0.0000039
all	1157	12	1528347	0.0000079
all	1158	13	1528347	0.0000085
all	1159	3	1528347	0.0000020
all	1160	17	1528347	0.0000111
all	1161	6	1528347	0.0000039
all	1162	8	1528347	0.0000052
all	1163	1	1528347	0.0000007
all	1164	4	1528347	0.0000026
all	1165	16	1528347	0.0000105
all	1166	5	1528347	0.0000033
all	1167	9	1528347	0.0000059
all	1168	4	1528347	0.0000026
all	1169	16	1528347	0.0000105
all	1170	36	1528347	0.0000236
all	1171	14	1528347	0.0000092
all	1172	11	1528347	0.0000072
all	1173	6	1528347	0.0000039
all	1174	13	1528347	0.0000085
all	1175	9	1528347	0.0000059
all	1176	9	1528347	0.0000059
all	1177	7	1528347	0.0000046
all	1178	10	1528347	0.0000065
all	1179	13	1528347	0.0000085
all	1180	7	1528347	0.0000046
all	1181	12	1528347	0.0000079
all	1182	10	1528347	0.0000065
all	1183	16	1528347	0.0000105
all	1184	11	1528347	0.0000072
all	1185	6	1528347	0.0000039
all	1186	13	1528347	0.0000085
all	1187	15	1528347	0.0000098
all	1188	5	1528347	0.0000033
all	1189	7	1528347	0.0000046
all	1190	9	1528347	0.0000059
all	1191	21	1528347	0.0000137
all	1192	10	1528347	0.0000065
all	1193	9	1528347	0.0000059
all	1194	7	1528347	0.0000046
all	1195	4	1528347	0.0000026
all	1196	11	1528347	0.0000072
all	1197	25	1528347	0.0000164
all	1198	14	1528347	0.0000092
all	1199	6	1528347	0.0000039
all	1200	2	1528347	0.0000013
all	1201	1	1528347	0.0000007
all	1202	4	1528347	0.0000026
all	1203	4	1528347	0.0000026
all	1204	6	1528347	0.0000039
all	1205	15	1528347	0.0000098
all	1206	10	1528347	0.0000065
all	1207	11	1528347	0.0000072
all	1208	7	1528347	0.0000046
all	1209	7	1528347	0.0000046
all	1210	11	1528347	0.0000072
all	1211	6	1528347	0.0000039
all	1212	12	1528347	0.0000079
all	1213	13	1528347	0.0000085
all	1214	4	1528347	0.0000026
all	1215	7	1528347	0.0000046
all	1216	9	1528347	0.0000059
all	1217	5	1528347	0.0000033
all	1218	10	1528347	0.0000065
all	1219	12	1528347	0.0000079
all	1220	5	1528347	0.0000033
all	1221	6	1528347	0.0000039
all	1222	4	1528347	0.0000026
all	1223	4	1528347	0.0000026
all	1224	3	1528347	0.0000020
all	1225	8	1528347	0.0000052
all	1226	6	1528347	0.0000039
all	1227	11	1528347	0.0000072
all	1228	8	1528347	0.0000052
all	1229	10	1528347	0.0000065
all	1230	9	1528347	0.0000059
all	1231	12	1528347	0.0000079
all	1232	16	1528347	0.0000105
all	1233	17	1528347	0.0000111
all	1234	7	1528347	0.0000046
all	1235	5	1528347	0.0000033
all	1236	6	1528347	0.0000039
all	1237	7	1528347	0.0000046
all	1238	9	1528347	0.0000059
all	1239	153	1528347	0.0001001
all	1240	7	1528347	0.0000046
all	1241	3	1528347	0.0000020
all	1242	6	1528347	0.0000039
all	1243	6	1528347	0.0000039
all	1244	3	1528347	0.0000020
all	1245	1	1528347	0.0000007
all	1246	5	1528347	0.0000033
all	1247	4	1528347	0.0000026
all	1248	8	1528347	0.0000052
all	1249	5	1528347	0.0000033
all	1250	6	1528347	0.0000039
all	1251	41	1528347	0.0000268
all	1252	4	1528347	0.0000026
all	1253	24	1528347	0.0000157
all	1254	27	1528347	0.0000177
all	1255	5	1528347	0.0000033
all	1256	4	1528347	0.0000026
all	1257	4	1528347	0.0000026
all	1258	2	1528347	0.0000013
all	1259	10	1528347	0.0000065
all	1260	14	1528347	0.0000092
all	1261	11	1528347	0.0000072
all	1262	18	1528347	0.0000118
all	1263	1	1528347	0.0000007
all	1264	3	1528347	0.0000020
all	1265	18	1528347	0.0000118
all	1266	10	1528347	0.0000065
all	1267	4	1528347	0.0000026
all	1268	5	1528347	0.0000033
all	1269	6	1528347	0.0000039
all	1270	4	1528347	0.0000026
all	1271	6	1528347	0.0000039
all	1272	7	1528347	0.0000046
all	1273	2	1528347	0.0000013
all	1274	8	1528347	0.0000052
all	1275	6	1528347	0.0000039
all	1276	13	1528347	0.0000085
all	1277	8	1528347	0.0000052
all	1278	7	1528347	0.0000046
all	1279	9	1528347	0.0000059
all	1280	11	1528347	0.0000072
all	1281	4	1528347	0.0000026
all	1282	11	1528347	0.0000072
all	1283	7	1528347	0.0000046
all	1284	6	1528347	0.0000039
all	1285	3	1528347	0.0000020
all	1286	8	1528347	0.0000052
all	1287	6	1528347	0.0000039
all	1288	6	1528347	0.0000039
all	1289	5	1528347	0.0000033
all	1290	9	1528347	0.0000059
all	1291	7	1528347	0.0000046
all	1292	1	1528347	0.0000007
all	1293	3	1528347	0.0000020
all	1294	8	1528347	0.0000052
all	1295	3	1528347	0.0000020
all	1296	8	1528347	0.0000052
all	1297	7	1528347	0.0000046
all	1298	5	1528347	0.0000033
all	1299	8	1528347	0.0000052
all	1300	5	1528347	0.0000033
all	1301	4	1528347	0.0000026
all	1302	7	1528347	0.0000046
all	1303	8	1528347	0.0000052
all	1304	8	1528347	0.0000052
all	1305	14	1528347	0.0000092
all	1306	5	1528347	0.0000033
all	1307	10	1528347	0.0000065
all	1308	11	1528347	0.0000072
all	1309	2	1528347	0.0000013
all	1310	5	1528347	0.0000033
all	1311	7	1528347	0.0000046
all	1312	1	1528347	0.0000007
all	1313	3	1528347	0.0000020
all	1314	3	1528347	0.0000020
all	1315	5	1528347	0.0000033
all	1316	5	1528347	0.0000033
all	1317	6	1528347	0.0000039
all	1318	8	1528347	0.0000052
all	1319	6	1528347	0.0000039
all	1320	15	1528347	0.0000098
all	1321	3	1528347	0.0000020
all	1322	4	1528347	0.0000026
all	1323	4	1528347	0.0000026
all	1324	7	1528347	0.0000046
all	1325	5	1528347	0.0000033
all	1326	2	1528347	0.0000013
all	1327	10	1528347	0.0000065
all	1328	3	1528347	0.0000020
all	1329	2	1528347	0.0000013
all	1330	10	1528347	0.0000065
all	1331	7	1528347	0.0000046
all	1332	13	1528347	0.0000085
all	1333	3	1528347	0.0000020
all	1334	14	1528347	0.0000092
all	1335	5	1528347	0.0000033
all	1336	12	1528347	0.0000079
all	1337	6	1528347	0.0000039
all	1338	1	1528347	0.0000007
all	1340	4	1528347	0.0000026
all	1341	3	1528347	0.0000020
all	1342	6	1528347	0.0000039
all	1343	3	1528347	0.0000020
all	1344	10	1528347	0.0000065
all	1345	5	1528347	0.0000033
all	1346	8	1528347	0.0000052
all	1347	8	1528347	0.0000052
all	1348	5	1528347	0.0000033
all	1349	1	1528347	0.0000007
all	1350	6	1528347	0.0000039
all	1351	10	1528347	0.0000065
all	1353	2	1528347	0.0000013
all	1354	11	1528347	0.0000072
all	1355	3	1528347	0.0000020
all	1356	5	1528347	0.0000033
all	1357	5	1528347	0.0000033
all	1359	6	1528347	0.0000039
all	1360	1	1528347	0.0000007
all	1361	3	1528347	0.0000020
all	1362	7	1528347	0.0000046
all	1363	7	1528347	0.0000046
all	1364	2	1528347	0.0000013
all	1365	11	1528347	0.0000072
all	1366	1	1528347	0.0000007
all	1367	3	1528347	0.0000020
all	1368	1	1528347	0.0000007
all	1369	1	1528347	0.0000007
all	1370	1	1528347	0.0000007
all	1371	4	1528347	0.0000026
all	1372	3	1528347	0.0000020
all	1373	2	1528347	0.0000013
all	1374	6	1528347	0.0000039
all	1376	11	1528347	0.0000072
all	1377	9	1528347	0.0000059
all	1378	5	1528347	0.0000033
all	1379	6	1528347	0.0000039
all	1380	1	1528347	0.0000007
all	1381	2	1528347	0.0000013
all	1382	5	1528347	0.0000033
all	1383	1	1528347	0.0000007
all	1384	23	1528347	0.0000150
all	1385	120	1528347	0.0000785
all	1386	6	1528347	0.0000039
all	1388	6	1528347	0.0000039
all	1389	7	1528347	0.0000046
all	1390	7	1528347	0.0000046
all	1391	6	1528347	0.0000039
all	1392	3	1528347	0.0000020
all	1393	6	1528347	0.0000039
all	1394	3	1528347	0.0000020
all	1395	1	1528347	0.0000007
all	1396	5	1528347	0.0000033
all	1397	7	1528347	0.0000046
all	1398	6	1528347	0.0000039
all	1399	9	1528347	0.0000059
all	1400	7	1528347	0.0000046
all	1401	3	1528347	0.0000020
all	1402	9	1528347	0.0000059
all	1403	8	1528347	0.0000052
all	1404	3	1528347	0.0000020
all	1405	7	1528347	0.0000046
all	1406	2	1528347	0.0000013
all	1407	6	1528347	0.0000039
all	1408	3	1528347	0.0000020
all	1409	10	1528347	0.0000065
all	1410	1	1528347	0.0000007
all	1411	6	1528347	0.0000039
all	1412	3	1528347	0.0000020
all	1413	3	1528347	0.0000020
all	1414	9	1528347	0.0000059
all	1415	11	1528347	0.0000072
all	1416	9	1528347	0.0000059
all	1417	1	1528347	0.0000007
all	1418	13	1528347	0.0000085
all	1419	1	1528347	0.0000007
all	1420	5	1528347	0.0000033
all	1421	8	1528347	0.0000052
all	1422	8	1528347	0.0000052
all	1423	1	1528347	0.0000007
all	1424	3	1528347	0.0000020
all	1425	4	1528347	0.0000026
all	1426	5	1528347	0.0000033
all	1427	4	1528347	0.0000026
all	1428	9	1528347	0.0000059
all	1429	2	1528347	0.0000013
all	1430	4	1528347	0.0000026
all	1431	7	1528347	0.0000046
all	1432	7	1528347	0.0000046
all	1433	6	1528347	0.0000039
all	1434	9	1528347	0.0000059
all	1435	10	1528347	0.0000065
all	1436	4	1528347	0.0000026
all	1437	16	1528347	0.0000105
all	1438	2	1528347	0.0000013
all	1439	1	1528347	0.0000007
all	1440	10	1528347	0.0000065
all	1441	5	1528347	0.0000033
all	1442	4	1528347	0.0000026
all	1443	3	1528347	0.0000020
all	1444	4	1528347	0.0000026
all	1445	2	1528347	0.0000013
all	1446	8	1528347	0.0000052
all	1447	5	1528347	0.0000033
all	1448	19	1528347	0.0000124
all	1449	2	1528347	0.0000013
all	1450	7	1528347	0.0000046
all	1451	2	1528347	0.0000013
all	1452	16	1528347	0.0000105
all	1453	8	1528347	0.0000052
all	1454	3	1528347	0.0000020
all	1455	5	1528347	0.0000033
all	1456	5	1528347	0.0000033
all	1457	6	1528347	0.0000039
all	1458	1	1528347	0.0000007
all	1459	9	1528347	0.0000059
all	1460	5	1528347	0.0000033
all	1461	7	1528347	0.0000046
all	1462	2	1528347	0.0000013
all	1463	4	1528347	0.0000026
all	1464	1	1528347	0.0000007
all	1465	9	1528347	0.0000059
all	1466	7	1528347	0.0000046
all	1467	7	1528347	0.0000046
all	1468	5	1528347	0.0000033
all	1469	6	1528347	0.0000039
all	1470	9	1528347	0.0000059
all	1471	7	1528347	0.0000046
all	1473	3	1528347	0.0000020
all	1475	3	1528347	0.0000020
all	1476	7	1528347	0.0000046
all	1478	6	1528347	0.0000039
all	1479	6	1528347	0.0000039
all	1480	4	1528347	0.0000026
all	1481	8	1528347	0.0000052
all	1482	1	1528347	0.0000007
all	1483	5	1528347	0.0000033
all	1485	7	1528347	0.0000046
all	1486	5	1528347	0.0000033
all	1487	9	1528347	0.0000059
all	1488	3	1528347	0.0000020
all	1490	2	1528347	0.0000013
all	1491	2	1528347	0.0000013
all	1492	3	1528347	0.0000020
all	1493	3	1528347	0.0000020
all	1494	9	1528347	0.0000059
all	1495	9	1528347	0.0000059
all	1496	2	1528347	0.0000013
all	1497	4	1528347	0.0000026
all	1498	3	1528347	0.0000020
all	1499	9	1528347	0.0000059
all	1500	10	1528347	0.0000065
all	1501	5	1528347	0.0000033
all	1503	3	1528347	0.0000020
all	1504	9	1528347	0.0000059
all	1505	16	1528347	0.0000105
all	1506	3	1528347	0.0000020
all	1507	1	1528347	0.0000007
all	1508	10	1528347	0.0000065
all	1509	16	1528347	0.0000105
all	1510	6	1528347	0.0000039
all	1511	3	1528347	0.0000020
all	1512	5	1528347	0.0000033
all	1513	4	1528347	0.0000026
all	1514	7	1528347	0.0000046
all	1515	5	1528347	0.0000033
all	1516	16	1528347	0.0000105
all	1518	14	1528347	0.0000092
all	1519	5	1528347	0.0000033
all	1520	5	1528347	0.0000033
all	1521	8	1528347	0.0000052
all	1522	2	1528347	0.0000013
all	1523	7	1528347	0.0000046
all	1524	4	1528347	0.0000026
all	1525	5	1528347	0.0000033
all	1526	5	1528347	0.0000033
all	1527	9	1528347	0.0000059
all	1528	2	1528347	0.0000013
all	1529	7	1528347	0.0000046
all	1530	3	1528347	0.0000020
all	1531	10	1528347	0.0000065
all	1532	6	1528347	0.0000039
all	1533	5	1528347	0.0000033
all	1534	17	1528347	0.0000111
all	1535	10	1528347	0.0000065
all	1536	3	1528347	0.0000020
all	1537	15	1528347	0.0000098
all	1538	25	1528347	0.0000164
all	1539	5	1528347	0.0000033
all	1541	2	1528347	0.0000013
all	1542	2	1528347	0.0000013
all	1543	3	1528347	0.0000020
all	1544	1	1528347	0.0000007
all	1545	1	1528347	0.0000007
all	1546	3	1528347	0.0000020
all	1548	3	1528347	0.0000020
all	1550	3	1528347	0.0000020
all	1551	1	1528347	0.0000007
all	1552	1	1528347	0.0000007
all	1553	3	1528347	0.0000020
all	1554	1	1528347	0.0000007
all	1555	5	1528347	0.0000033
all	1556	5	1528347	0.0000033
all	1557	1	1528347	0.0000007
all	1558	1	1528347	0.0000007
all	1559	1	1528347	0.0000007
all	1560	1	1528347	0.0000007
all	1561	3	1528347	0.0000020
all	1562	8	1528347	0.0000052
all	1563	5	1528347	0.0000033
all	1564	2	1528347	0.0000013
all	1565	1	1528347	0.0000007
all	1566	2	1528347	0.0000013
all	1567	2	1528347	0.0000013
all	1568	2	1528347	0.0000013
all	1569	5	1528347	0.0000033
all	1570	3	1528347	0.0000020
all	1571	2	1528347	0.0000013
all	1572	1	1528347	0.0000007
all	1574	4	1528347	0.0000026
all	1575	2	1528347	0.0000013
all	1576	2	1528347	0.0000013
all	1577	5	1528347	0.0000033
all	1578	2	1528347	0.0000013
all	1579	3	1528347	0.0000020
all	1580	2	1528347	0.0000013
all	1581	1	1528347	0.0000007
all	1582	2	1528347	0.0000013
all	1584	2	1528347	0.0000013
all	1585	4	1528347	0.0000026
all	1586	11	1528347	0.0000072
all	1587	5	1528347	0.0000033
all	1588	9	1528347	0.0000059
all	1589	6	1528347	0.0000039
all	1590	3	1528347	0.0000020
all	1591	3	1528347	0.0000020
all	1592	4	1528347	0.0000026
all	1593	2	1528347	0.0000013
all	1594	3	1528347	0.0000020
all	1595	3	1528347	0.0000020
all	1596	2	1528347	0.0000013
all	1597	4	1528347	0.0000026
all	1598	3	1528347	0.0000020
all	1599	2	1528347	0.0000013
all	1600	9	1528347	0.0000059
all	1601	1	1528347	0.0000007
all	1602	1	1528347	0.0000007
all	1604	2	1528347	0.0000013
all	1605	6	1528347	0.0000039
all	1606	11	1528347	0.0000072
all	1607	1	1528347	0.0000007
all	1608	1	1528347	0.0000007
all	1609	2	1528347	0.0000013
all	1610	6	1528347	0.0000039
all	1611	2	1528347	0.0000013
all	1612	4	1528347	0.0000026
all	1613	2	1528347	0.0000013
all	1614	5	1528347	0.0000033
all	1615	17	1528347	0.0000111
all	1616	7	1528347	0.0000046
all	1617	5	1528347	0.0000033
all	1618	2	1528347	0.0000013
all	1619	4	1528347	0.0000026
all	1620	5	1528347	0.0000033
all	1621	4	1528347	0.0000026
all	1622	13	1528347	0.0000085
all	1623	5	1528347	0.0000033
all	1625	19	1528347	0.0000124
all	1626	4	1528347	0.0000026
all	1627	2	1528347	0.0000013
all	1628	4	1528347	0.0000026
all	1629	5	1528347	0.0000033
all	1630	3	1528347	0.0000020
all	1631	7	1528347	0.0000046
all	1633	8	1528347	0.0000052
all	1634	1	1528347	0.0000007
all	1636	1	1528347	0.0000007
all	1637	7	1528347	0.0000046
all	1638	2	1528347	0.0000013
all	1639	6	1528347	0.0000039
all	1640	14	1528347	0.0000092
all	1641	3	1528347	0.0000020
all	1642	1	1528347	0.0000007
all	1643	4	1528347	0.0000026
all	1644	2	1528347	0.0000013
all	1645	12	1528347	0.0000079
all	1646	4	1528347	0.0000026
all	1647	1	1528347	0.0000007
all	1649	4	1528347	0.0000026
all	1651	24	1528347	0.0000157
all	1652	8	1528347	0.0000052
all	1653	2	1528347	0.0000013
all	1654	3	1528347	0.0000020
all	1655	7	1528347	0.0000046
all	1656	2	1528347	0.0000013
all	1657	5	1528347	0.0000033
all	1658	3	1528347	0.0000020
all	1659	4	1528347	0.0000026
all	1660	1	1528347	0.0000007
all	1662	1	1528347	0.0000007
all	1663	7	1528347	0.0000046
all	1664	4	1528347	0.0000026
all	1665	2	1528347	0.0000013
all	1666	4	1528347	0.0000026
all	1667	1	1528347	0.0000007
all	1669	2	1528347	0.0000013
all	1670	9	1528347	0.0000059
all	1671	3	1528347	0.0000020
all	1672	5	1528347	0.0000033
all	1674	2	1528347	0.0000013
all	1675	15	1528347	0.0000098
all	1679	4	1528347	0.0000026
all	1680	2	1528347	0.0000013
all	1681	2	1528347	0.0000013
all	1682	3	1528347	0.0000020
all	1683	1	1528347	0.0000007
all	1685	15	1528347	0.0000098
all	1686	3	1528347	0.0000020
all	1687	2	1528347	0.0000013
all	1689	4	1528347	0.0000026
all	1690	2	1528347	0.0000013
all	1691	3	1528347	0.0000020
all	1692	4	1528347	0.0000026
all	1694	10	1528347	0.0000065
all	1695	15	1528347	0.0000098
all	1696	2	1528347	0.0000013
all	1697	3	1528347	0.0000020
all	1698	4	1528347	0.0000026
all	1699	1	1528347	0.0000007
all	1701	7	1528347	0.0000046
all	1702	7	1528347	0.0000046
all	1703	1	1528347	0.0000007
all	1704	2	1528347	0.0000013
all	1705	2	1528347	0.0000013
all	1706	1	1528347	0.0000007
all	1707	3	1528347	0.0000020
all	1708	3	1528347	0.0000020
all	1709	1	1528347	0.0000007
all	1710	1	1528347	0.0000007
all	1711	2	1528347	0.0000013
all	1712	14	1528347	0.0000092
all	1713	3	1528347	0.0000020
all	1714	3	1528347	0.0000020
all	1715	17	1528347	0.0000111
all	1716	2	1528347	0.0000013
all	1717	1	1528347	0.0000007
all	1718	19	1528347	0.0000124
all	1719	7	1528347	0.0000046
all	1720	4	1528347	0.0000026
all	1721	2	1528347	0.0000013
all	1723	3	1528347	0.0000020
all	1724	2	1528347	0.0000013
all	1726	4	1528347	0.0000026
all	1727	1	1528347	0.0000007
all	1728	6	1528347	0.0000039
all	1730	2	1528347	0.0000013
all	1731	4	1528347	0.0000026
all	1732	2	1528347	0.0000013
all	1734	17	1528347	0.0000111
all	1735	7	1528347	0.0000046
all	1736	3	1528347	0.0000020
all	1737	3	1528347	0.0000020
all	1738	2	1528347	0.0000013
all	1740	2	1528347	0.0000013
all	1741	3	1528347	0.0000020
all	1742	1	1528347	0.0000007
all	1743	2	1528347	0.0000013
all	1744	4	1528347	0.0000026
all	1745	7	1528347	0.0000046
all	1746	1	1528347	0.0000007
all	1747	1	1528347	0.0000007
all	1748	5	1528347	0.0000033
all	1749	2	1528347	0.0000013
all	1750	2	1528347	0.0000013
all	1751	3	1528347	0.0000020
all	1753	3	1528347	0.0000020
all	1754	5	1528347	0.0000033
all	1755	6	1528347	0.0000039
all	1756	11	1528347	0.0000072
all	1757	1	1528347	0.0000007
all	1758	1	1528347	0.0000007
all	1759	4	1528347	0.0000026
all	1760	9	1528347	0.0000059
all	1761	16	1528347	0.0000105
all	1762	6	1528347	0.0000039
all	1764	5	1528347	0.0000033
all	1765	1	1528347	0.0000007
all	1767	5	1528347	0.0000033
all	1768	1	1528347	0.0000007
all	1769	3	1528347	0.0000020
all	1770	2	1528347	0.0000013
all	1771	3	1528347	0.0000020
all	1772	13	1528347	0.0000085
all	1773	6	1528347	0.0000039
all	1774	8	1528347	0.0000052
all	1775	3	1528347	0.0000020
all	1776	1	1528347	0.0000007
all	1777	1	1528347	0.0000007
all	1778	3	1528347	0.0000020
all	1779	1	1528347	0.0000007
all	1780	4	1528347	0.0000026
all	1781	1	1528347	0.0000007
all	1782	3	1528347	0.0000020
all	1783	3	1528347	0.0000020
all	1784	2	1528347	0.0000013
all	1786	4	1528347	0.0000026
all	1787	13	1528347	0.0000085
all	1788	17	1528347	0.0000111
all	1789	1	1528347	0.0000007
all	1790	12	1528347	0.0000079
all	1791	2	1528347	0.0000013
all	1792	2	1528347	0.0000013
all	1793	2	1528347	0.0000013
all	1794	4	1528347	0.0000026
all	1795	4	1528347	0.0000026
all	1796	3	1528347	0.0000020
all	1797	3	1528347	0.0000020
all	1798	3	1528347	0.0000020
all	1799	4	1528347	0.0000026
all	1800	7	1528347	0.0000046
all	1801	4	1528347	0.0000026
all	1802	3	1528347	0.0000020
all	1803	2	1528347	0.0000013
all	1804	19	1528347	0.0000124
all	1805	2	1528347	0.0000013
all	1806	2	1528347	0.0000013
all	1807	31	1528347	0.0000203
all	1808	5	1528347	0.0000033
all	1810	5	1528347	0.0000033
all	1811	1	1528347	0.0000007
all	1812	2	1528347	0.0000013
all	1813	7	1528347	0.0000046
all	1814	20	1528347	0.0000131
all	1815	4	1528347	0.0000026
all	1816	3	1528347	0.0000020
all	1817	10	1528347	0.0000065
all	1818	1	1528347	0.0000007
all	1819	9	1528347	0.0000059
all	1820	3	1528347	0.0000020
all	1821	3	1528347	0.0000020
all	1822	6	1528347	0.0000039
all	1823	3	1528347	0.0000020
all	1824	3	1528347	0.0000020
all	1825	1	1528347	0.0000007
all	1826	5	1528347	0.0000033
all	1827	6	1528347	0.0000039
all	1828	10	1528347	0.0000065
all	1829	3	1528347	0.0000020
all	1830	4	1528347	0.0000026
all	1831	9	1528347	0.0000059
all	1832	2	1528347	0.0000013
all	1833	4	1528347	0.0000026
all	1834	4	1528347	0.0000026
all	1835	14	1528347	0.0000092
all	1836	1	1528347	0.0000007
all	1837	2	1528347	0.0000013
all	1838	2	1528347	0.0000013
all	1839	8	1528347	0.0000052
all	1840	2	1528347	0.0000013
all	1841	15	1528347	0.0000098
all	1842	6	1528347	0.0000039
all	1843	5	1528347	0.0000033
all	1844	5	1528347	0.0000033
all	1845	1	1528347	0.0000007
all	1846	9	1528347	0.0000059
all	1847	5	1528347	0.0000033
all	1848	3	1528347	0.0000020
all	1849	8	1528347	0.0000052
all	1850	4	1528347	0.0000026
all	1851	6	1528347	0.0000039
all	1852	2	1528347	0.0000013
all	1854	3	1528347	0.0000020
all	1855	4	1528347	0.0000026
all	1856	3	1528347	0.0000020
all	1858	5	1528347	0.0000033
all	1859	10	1528347	0.0000065
all	1861	12	1528347	0.0000079
all	1862	6	1528347	0.0000039
all	1863	14	1528347	0.0000092
all	1864	6	1528347	0.0000039
all	1865	8	1528347	0.0000052
all	1866	1	1528347	0.0000007
all	1867	20	1528347	0.0000131
all	1868	4	1528347	0.0000026
all	1869	2	1528347	0.0000013
all	1870	7	1528347	0.0000046
all	1871	1	1528347	0.0000007
all	1872	1	1528347	0.0000007
all	1873	11	1528347	0.0000072
all	1874	5	1528347	0.0000033
all	1875	1	1528347	0.0000007
all	1876	12	1528347	0.0000079
all	1877	4	1528347	0.0000026
all	1878	15	1528347	0.0000098
all	1879	2	1528347	0.0000013
all	1880	5	1528347	0.0000033
all	1881	27	1528347	0.0000177
all	1882	30	1528347	0.0000196
all	1885	1	1528347	0.0000007
all	1886	3	1528347	0.0000020
all	1887	10	1528347	0.0000065
all	1888	5	1528347	0.0000033
all	1889	6	1528347	0.0000039
all	1890	1	1528347	0.0000007
all	1891	37	1528347	0.0000242
all	1892	5	1528347	0.0000033
all	1894	8	1528347	0.0000052
all	1895	13	1528347	0.0000085
all	1896	7	1528347	0.0000046
all	1897	9	1528347	0.0000059
all	1898	10	1528347	0.0000065
all	1899	3	1528347	0.0000020
all	1900	5	1528347	0.0000033
all	1901	6	1528347	0.0000039
all	1902	13	1528347	0.0000085
all	1903	1	1528347	0.0000007
all	1904	12	1528347	0.0000079
all	1905	1	1528347	0.0000007
all	1906	9	1528347	0.0000059
all	1907	5	1528347	0.0000033
all	1908	2	1528347	0.0000013
all	1909	5	1528347	0.0000033
all	1910	3	1528347	0.0000020
all	1911	9	1528347	0.0000059
all	1912	9	1528347	0.0000059
all	1913	21	1528347	0.0000137
all	1914	6	1528347	0.0000039
all	1915	29	1528347	0.0000190
all	1916	15	1528347	0.0000098
all	1917	11	1528347	0.0000072
all	1918	6	1528347	0.0000039
all	1919	10	1528347	0.0000065
all	1920	9	1528347	0.0000059
all	1921	3	1528347	0.0000020
all	1922	16	1528347	0.0000105
all	1923	3	1528347	0.0000020
all	1924	9	1528347	0.0000059
all	1925	4	1528347	0.0000026
all	1926	11	1528347	0.0000072
all	1927	10	1528347	0.0000065
all	1928	12	1528347	0.0000079
all	1929	28	1528347	0.0000183
all	1930	22	1528347	0.0000144
all	1931	13	1528347	0.0000085
all	1932	22	1528347	0.0000144
all	1933	3	1528347	0.0000020
all	1934	8	1528347	0.0000052
all	1935	3	1528347	0.0000020
all	1936	5	1528347	0.0000033
all	1937	12	1528347	0.0000079
all	1938	8	1528347	0.0000052
all	1939	12	1528347	0.0000079
all	1941	23	1528347	0.0000150
all	1942	13	1528347	0.0000085
all	1943	5	1528347	0.0000033
all	1944	26	1528347	0.0000170
all	1945	57	1528347	0.0000373
all	1946	88	1528347	0.0000576
all	1947	36	1528347	0.0000236
all	1948	7	1528347	0.0000046
all	1949	15	1528347	0.0000098
all	1950	7	1528347	0.0000046
all	1951	8	1528347	0.0000052
all	1952	4	1528347	0.0000026
all	1954	5	1528347	0.0000033
all	1955	5	1528347	0.0000033
all	1956	7	1528347	0.0000046
all	1957	14	1528347	0.0000092
all	1958	7	1528347	0.0000046
all	1959	3	1528347	0.0000020
all	1960	25	1528347	0.0000164
all	1961	12	1528347	0.0000079
all	1962	15	1528347	0.0000098
all	1963	40	1528347	0.0000262
all	1964	11	1528347	0.0000072
all	1965	8	1528347	0.0000052
all	1966	11	1528347	0.0000072
all	1967	2	1528347	0.0000013
all	1968	9	1528347	0.0000059
all	1969	5	1528347	0.0000033
all	1970	12	1528347	0.0000079
all	1971	13	1528347	0.0000085
all	1972	2	1528347	0.0000013
all	1973	3	1528347	0.0000020
all	1974	4	1528347	0.0000026
all	1975	5	1528347	0.0000033
all	1976	12	1528347	0.0000079
all	1977	6	1528347	0.0000039
all	1978	8	1528347	0.0000052
all	1979	11	1528347	0.0000072
all	1980	8	1528347	0.0000052
all	1981	1	1528347	0.0000007
all	1982	3	1528347	0.0000020
all	1983	5	1528347	0.0000033
all	1984	5	1528347	0.0000033
all	1985	9	1528347	0.0000059
all	1986	3	1528347	0.0000020
all	1987	3	1528347	0.0000020
all	1988	3	1528347	0.0000020
all	1989	5	1528347	0.0000033
all	1990	2	1528347	0.0000013
all	1991	1	1528347	0.0000007
all	1992	3	1528347	0.0000020
all	1993	3	1528347	0.0000020
all	1994	7	1528347	0.0000046
all	1996	1	1528347	0.0000007
all	1997	8	1528347	0.0000052
all	1998	5	1528347	0.0000033
all	1999	4	1528347	0.0000026
all	2000	5	1528347	0.0000033
all	2001	4	1528347	0.0000026
all	2002	4	1528347	0.0000026
all	2003	2	1528347	0.0000013
all	2004	5	1528347	0.0000033
all	2005	2	1528347	0.0000013
all	2006	2	1528347	0.0000013
all	2007	3	1528347	0.0000020
all	2008	3	1528347	0.0000020
all	2009	1	1528347	0.0000007
all	2011	2	1528347	0.0000013
all	2012	4	1528347	0.0000026
all	2014	1	1528347	0.0000007
all	2015	6	1528347	0.0000039
all	2016	2	1528347	0.0000013
all	2017	3	1528347	0.0000020
all	2018	5	1528347	0.0000033
all	2019	4	1528347	0.0000026
all	2020	6	1528347	0.0000039
all	2021	2	1528347	0.0000013
all	2022	2	1528347	0.0000013
all	2023	2	1528347	0.0000013
all	2024	4	1528347	0.0000026
all	2025	4	1528347	0.0000026
all	2026	10	1528347	0.0000065
all	2027	4	1528347	0.0000026
all	2028	8	1528347	0.0000052
all	2029	3	1528347	0.0000020
all	2030	5	1528347	0.0000033
all	2031	6	1528347	0.0000039
all	2032	8	1528347	0.0000052
all	2033	3	1528347	0.0000020
all	2034	13	1528347	0.0000085
all	2035	4	1528347	0.0000026
all	2036	6	1528347	0.0000039
all	2037	6	1528347	0.0000039
all	2038	2	1528347	0.0000013
all	2039	8	1528347	0.0000052
all	2041	2	1528347	0.0000013
all	2042	4	1528347	0.0000026
all	2043	2	1528347	0.0000013
all	2044	5	1528347	0.0000033
all	2045	5	1528347	0.0000033
all	2046	6	1528347	0.0000039
all	2047	7	1528347	0.0000046
all	2048	8	1528347	0.0000052
all	2049	6	1528347	0.0000039
all	2050	7	1528347	0.0000046
all	2051	3	1528347	0.0000020
all	2052	7	1528347	0.0000046
all	2053	7	1528347	0.0000046
all	2054	7	1528347	0.0000046
all	2055	2	1528347	0.0000013
all	2056	4	1528347	0.0000026
all	2057	11	1528347	0.0000072
all	2058	3	1528347	0.0000020
all	2059	2	1528347	0.0000013
all	2060	9	1528347	0.0000059
all	2061	6	1528347	0.0000039
all	2062	2	1528347	0.0000013
all	2063	7	1528347	0.0000046
all	2064	4	1528347	0.0000026
all	2065	1	1528347	0.0000007
all	2066	4	1528347	0.0000026
all	2067	5	1528347	0.0000033
all	2068	8	1528347	0.0000052
all	2069	6	1528347	0.0000039
all	2070	6	1528347	0.0000039
all	2071	5	1528347	0.0000033
all	2072	2	1528347	0.0000013
all	2073	2	1528347	0.0000013
all	2074	3	1528347	0.0000020
all	2075	6	1528347	0.0000039
all	2076	6	1528347	0.0000039
all	2077	2	1528347	0.0000013
all	2078	6	1528347	0.0000039
all	2079	3	1528347	0.0000020
all	2080	8	1528347	0.0000052
all	2081	5	1528347	0.0000033
all	2082	4	1528347	0.0000026
all	2083	10	1528347	0.0000065
all	2084	6	1528347	0.0000039
all	2085	7	1528347	0.0000046
all	2086	3	1528347	0.0000020
all	2087	7	1528347	0.0000046
all	2088	5	1528347	0.0000033
all	2089	11	1528347	0.0000072
all	2090	5	1528347	0.0000033
all	2091	10	1528347	0.0000065
all	2092	4	1528347	0.0000026
all	2093	7	1528347	0.0000046
all	2094	5	1528347	0.0000033
all	2095	8	1528347	0.0000052
all	2096	13	1528347	0.0000085
all	2097	7	1528347	0.0000046
all	2098	5	1528347	0.0000033
all	2099	5	1528347	0.0000033
all	2100	4	1528347	0.0000026
all	2101	3	1528347	0.0000020
all	2102	3	1528347	0.0000020
all	2103	2	1528347	0.0000013
all	2104	3	1528347	0.0000020
all	2105	5	1528347	0.0000033
all	2107	3	1528347	0.0000020
all	2108	1	1528347	0.0000007
all	2109	8	1528347	0.0000052
all	2110	2	1528347	0.0000013
all	2111	3	1528347	0.0000020
all	2112	4	1528347	0.0000026
all	2113	2	1528347	0.0000013
all	2114	5	1528347	0.0000033
all	2115	5	1528347	0.0000033
all	2116	4	1528347	0.0000026
all	2117	3	1528347	0.0000020
all	2118	3	1528347	0.0000020
all	2119	2	1528347	0.0000013
all	2120	2	1528347	0.0000013
all	2121	5	1528347	0.0000033
all	2123	2	1528347	0.0000013
all	2124	3	1528347	0.0000020
all	2126	3	1528347	0.0000020
all	2127	3	1528347	0.0000020
all	2128	4	1528347	0.0000026
all	2129	5	1528347	0.0000033
all	2130	7	1528347	0.0000046
all	2132	5	1528347	0.0000033
all	2133	7	1528347	0.0000046
all	2134	1	1528347	0.0000007
all	2135	5	1528347	0.0000033
all	2136	4	1528347	0.0000026
all	2138	2	1528347	0.0000013
all	2139	1	1528347	0.0000007
all	2141	1	1528347	0.0000007
all	2142	7	1528347	0.0000046
all	2143	1	1528347	0.0000007
all	2144	1	1528347	0.0000007
all	2145	2	1528347	0.0000013
all	2146	1	1528347	0.0000007
all	2147	2	1528347	0.0000013
all	2148	1	1528347	0.0000007
all	2149	3	1528347	0.0000020
all	2150	2	1528347	0.0000013
all	2151	2	1528347	0.0000013
all	2152	8	1528347	0.0000052
all	2154	2	1528347	0.0000013
all	2156	1	1528347	0.0000007
all	2157	1	1528347	0.0000007
all	2158	1	1528347	0.0000007
all	2161	5	1528347	0.0000033
all	2162	4	1528347	0.0000026
all	2163	2	1528347	0.0000013
all	2164	1	1528347	0.0000007
all	2165	6	1528347	0.0000039
all	2167	1	1528347	0.0000007
all	2169	3	1528347	0.0000020
all	2170	2	1528347	0.0000013
all	2171	3	1528347	0.0000020
all	2172	2	1528347	0.0000013
all	2174	8	1528347	0.0000052
all	2175	8	1528347	0.0000052
all	2176	5	1528347	0.0000033
all	2177	1	1528347	0.0000007
all	2178	2	1528347	0.0000013
all	2179	2	1528347	0.0000013
all	2181	1	1528347	0.0000007
all	2182	6	1528347	0.0000039
all	2183	3	1528347	0.0000020
all	2185	2	1528347	0.0000013
all	2186	2	1528347	0.0000013
all	2187	3	1528347	0.0000020
all	2188	2	1528347	0.0000013
all	2189	1	1528347	0.0000007
all	2191	2	1528347	0.0000013
all	2192	2	1528347	0.0000013
all	2194	2	1528347	0.0000013
all	2196	2	1528347	0.0000013
all	2197	2	1528347	0.0000013
all	2198	3	1528347	0.0000020
all	2199	7	1528347	0.0000046
all	2202	2	1528347	0.0000013
all	2203	4	1528347	0.0000026
all	2204	5	1528347	0.0000033
all	2205	1	1528347	0.0000007
all	2206	2	1528347	0.0000013
all	2207	5	1528347	0.0000033
all	2208	1	1528347	0.0000007
all	2211	2	1528347	0.0000013
all	2212	7	1528347	0.0000046
all	2214	4	1528347	0.0000026
all	2215	3	1528347	0.0000020
all	2216	1	1528347	0.0000007
all	2217	1	1528347	0.0000007
all	2219	4	1528347	0.0000026
all	2221	1	1528347	0.0000007
all	2222	1	1528347	0.0000007
all	2223	1	1528347	0.0000007
all	2224	1	1528347	0.0000007
all	2225	1	1528347	0.0000007
all	2227	3	1528347	0.0000020
all	2228	2	1528347	0.0000013
all	2229	2	1528347	0.0000013
all	2230	2	1528347	0.0000013
all	2231	2	1528347	0.0000013
all	2232	2	1528347	0.0000013
all	2233	7	1528347	0.0000046
all	2234	2	1528347	0.0000013
all	2236	1	1528347	0.0000007
all	2237	1	1528347	0.0000007
all	2240	5	1528347	0.0000033
all	2241	3	1528347	0.0000020
all	2243	6	1528347	0.0000039
all	2245	3	1528347	0.0000020
all	2246	5	1528347	0.0000033
all	2247	5	1528347	0.0000033
all	2248	1	1528347	0.0000007
all	2249	2	1528347	0.0000013
all	2250	2	1528347	0.0000013
all	2251	2	1528347	0.0000013
all	2253	5	1528347	0.0000033
all	2254	2	1528347	0.0000013
all	2255	3	1528347	0.0000020
all	2256	5	1528347	0.0000033
all	2257	2	1528347	0.0000013
all	2258	5	1528347	0.0000033
all	2260	1	1528347	0.0000007
all	2261	2	1528347	0.0000013
all	2262	2	1528347	0.0000013
all	2263	6	1528347	0.0000039
all	2264	2	1528347	0.0000013
all	2265	3	1528347	0.0000020
all	2266	5	1528347	0.0000033
all	2268	3	1528347	0.0000020
all	2269	2	1528347	0.0000013
all	2270	4	1528347	0.0000026
all	2271	7	1528347	0.0000046
all	2272	15	1528347	0.0000098
all	2273	11	1528347	0.0000072
all	2275	2	1528347	0.0000013
all	2276	1	1528347	0.0000007
all	2277	12	1528347	0.0000079
all	2279	2	1528347	0.0000013
all	2281	1	1528347	0.0000007
all	2282	1	1528347	0.0000007
all	2284	3	1528347	0.0000020
all	2286	6	1528347	0.0000039
all	2287	4	1528347	0.0000026
all	2288	11	1528347	0.0000072
all	2290	1	1528347	0.0000007
all	2293	3	1528347	0.0000020
all	2294	5	1528347	0.0000033
all	2297	4	1528347	0.0000026
all	2298	5	1528347	0.0000033
all	2299	1	1528347	0.0000007
all	2300	1	1528347	0.0000007
all	2301	1	1528347	0.0000007
all	2302	3	1528347	0.0000020
all	2304	3	1528347	0.0000020
all	2305	1	1528347	0.0000007
all	2306	3	1528347	0.0000020
all	2307	3	1528347	0.0000020
all	2308	3	1528347	0.0000020
all	2309	2	1528347	0.0000013
all	2311	2	1528347	0.0000013
all	2312	6	1528347	0.0000039
all	2313	1	1528347	0.0000007
all	2314	1	1528347	0.0000007
all	2316	1	1528347	0.0000007
all	2317	2	1528347	0.0000013
all	2318	1	1528347	0.0000007
all	2319	2	1528347	0.0000013
all	2321	3	1528347	0.0000020
all	2322	7	1528347	0.0000046
all	2323	1	1528347	0.0000007
all	2324	4	1528347	0.0000026
all	2325	2	1528347	0.0000013
all	2326	3	1528347	0.0000020
all	2328	5	1528347	0.0000033
all	2330	3	1528347	0.0000020
all	2331	1	1528347	0.0000007
all	2332	5	1528347	0.0000033
all	2333	2	1528347	0.0000013
all	2334	2	1528347	0.0000013
all	2335	3	1528347	0.0000020
all	2336	3	1528347	0.0000020
all	2337	3	1528347	0.0000020
all	2338	3	1528347	0.0000020
all	2339	1	1528347	0.0000007
all	2340	2	1528347	0.0000013
all	2341	11	1528347	0.0000072
all	2342	3	1528347	0.0000020
all	2343	1	1528347	0.0000007
all	2344	3	1528347	0.0000020
all	2346	2	1528347	0.0000013
all	2347	2	1528347	0.0000013
all	2348	1	1528347	0.0000007
all	2349	2	1528347	0.0000013
all	2350	7	1528347	0.0000046
all	2351	3	1528347	0.0000020
all	2352	2	1528347	0.0000013
all	2353	2	1528347	0.0000013
all	2354	5	1528347	0.0000033
all	2355	1	1528347	0.0000007
all	2356	1	1528347	0.0000007
all	2357	2	1528347	0.0000013
all	2358	2	1528347	0.0000013
all	2359	1	1528347	0.0000007
all	2360	2	1528347	0.0000013
all	2362	1	1528347	0.0000007
all	2363	6	1528347	0.0000039
all	2364	6	1528347	0.0000039
all	2366	2	1528347	0.0000013
all	2367	5	1528347	0.0000033
all	2368	6	1528347	0.0000039
all	2369	2	1528347	0.0000013
all	2370	8	1528347	0.0000052
all	2372	5	1528347	0.0000033
all	2373	7	1528347	0.0000046
all	2374	7	1528347	0.0000046
all	2375	3	1528347	0.0000020
all	2376	9	1528347	0.0000059
all	2377	6	1528347	0.0000039
all	2378	2	1528347	0.0000013
all	2379	4	1528347	0.0000026
all	2380	4	1528347	0.0000026
all	2381	4	1528347	0.0000026
all	2382	12	1528347	0.0000079
all	2383	6	1528347	0.0000039
all	2384	5	1528347	0.0000033
all	2385	6	1528347	0.0000039
all	2386	11	1528347	0.0000072
all	2387	6	1528347	0.0000039
all	2388	5	1528347	0.0000033
all	2389	4	1528347	0.0000026
all	2390	9	1528347	0.0000059
all	2391	1	1528347	0.0000007
all	2392	10	1528347	0.0000065
all	2393	3	1528347	0.0000020
all	2394	5	1528347	0.0000033
all	2395	9	1528347	0.0000059
all	2396	4	1528347	0.0000026
all	2397	6	1528347	0.0000039
all	2398	3	1528347	0.0000020
all	2399	10	1528347	0.0000065
all	2400	15	1528347	0.0000098
all	2401	7	1528347	0.0000046
all	2402	1	1528347	0.0000007
all	2403	6	1528347	0.0000039
all	2404	3	1528347	0.0000020
all	2405	9	1528347	0.0000059
all	2406	3	1528347	0.0000020
all	2407	2	1528347	0.0000013
all	2408	2	1528347	0.0000013
all	2409	3	1528347	0.0000020
all	2410	3	1528347	0.0000020
all	2411	4	1528347	0.0000026
all	2412	2	1528347	0.0000013
all	2413	3	1528347	0.0000020
all	2414	4	1528347	0.0000026
all	2415	1	1528347	0.0000007
all	2416	1	1528347	0.0000007
all	2417	2	1528347	0.0000013
all	2418	2	1528347	0.0000013
all	2419	5	1528347	0.0000033
all	2420	1	1528347	0.0000007
all	2422	5	1528347	0.0000033
all	2423	2	1528347	0.0000013
all	2424	1	1528347	0.0000007
all	2427	2	1528347	0.0000013
all	2429	1	1528347	0.0000007
all	2431	2	1528347	0.0000013
all	2432	2	1528347	0.0000013
all	2433	1	1528347	0.0000007
all	2434	2	1528347	0.0000013
all	2437	2	1528347	0.0000013
all	2440	2	1528347	0.0000013
all	2441	3	1528347	0.0000020
all	2444	4	1528347	0.0000026
all	2446	1	1528347	0.0000007
all	2447	2	1528347	0.0000013
all	2448	1	1528347	0.0000007
all	2449	1	1528347	0.0000007
all	2450	5	1528347	0.0000033
all	2451	1	1528347	0.0000007
all	2452	1	1528347	0.0000007
all	2456	3	1528347	0.0000020
all	2457	2	1528347	0.0000013
all	2459	5	1528347	0.0000033
all	2460	2	1528347	0.0000013
all	2461	1	1528347	0.0000007
all	2462	2	1528347	0.0000013
all	2463	1	1528347	0.0000007
all	2464	5	1528347	0.0000033
all	2465	3	1528347	0.0000020
all	2466	3	1528347	0.0000020
all	2468	10	1528347	0.0000065
all	2469	1	1528347	0.0000007
all	2470	1	1528347	0.0000007
all	2471	1	1528347	0.0000007
all	2472	1	1528347	0.0000007
all	2474	6	1528347	0.0000039
all	2475	2	1528347	0.0000013
all	2476	2	1528347	0.0000013
all	2477	1	1528347	0.0000007
all	2478	1	1528347	0.0000007
all	2480	3	1528347	0.0000020
all	2481	4	1528347	0.0000026
all	2482	1	1528347	0.0000007
all	2483	2	1528347	0.0000013
all	2484	1	1528347	0.0000007
all	2486	7	1528347	0.0000046
all	2487	1	1528347	0.0000007
all	2490	1	1528347	0.0000007
all	2491	3	1528347	0.0000020
all	2492	2	1528347	0.0000013
all	2493	4	1528347	0.0000026
all	2495	5	1528347	0.0000033
all	2496	2	1528347	0.0000013
all	2497	2	1528347	0.0000013
all	2498	4	1528347	0.0000026
all	2502	2	1528347	0.0000013
all	2503	1	1528347	0.0000007
all	2504	5	1528347	0.0000033
all	2505	2	1528347	0.0000013
all	2506	4	1528347	0.0000026
all	2508	3	1528347	0.0000020
all	2509	5	1528347	0.0000033
all	2511	1	1528347	0.0000007
all	2512	3	1528347	0.0000020
all	2513	1	1528347	0.0000007
all	2516	2	1528347	0.0000013
all	2517	5	1528347	0.0000033
all	2518	3	1528347	0.0000020
all	2519	4	1528347	0.0000026
all	2520	5	1528347	0.0000033
all	2521	6	1528347	0.0000039
all	2522	6	1528347	0.0000039
all	2523	3	1528347	0.0000020
all	2525	4	1528347	0.0000026
all	2526	5	1528347	0.0000033
all	2527	3	1528347	0.0000020
all	2528	3	1528347	0.0000020
all	2529	3	1528347	0.0000020
all	2530	7	1528347	0.0000046
all	2533	2	1528347	0.0000013
all	2535	1	1528347	0.0000007
all	2536	2	1528347	0.0000013
all	2537	14	1528347	0.0000092
all	2538	8	1528347	0.0000052
all	2539	11	1528347	0.0000072
all	2540	5	1528347	0.0000033
all	2541	12	1528347	0.0000079
all	2542	16	1528347	0.0000105
all	2543	5	1528347	0.0000033
all	2544	6	1528347	0.0000039
all	2545	15	1528347	0.0000098
all	2546	6	1528347	0.0000039
all	2547	4	1528347	0.0000026
all	2548	2	1528347	0.0000013
all	2550	2	1528347	0.0000013
all	2551	5	1528347	0.0000033
all	2552	5	1528347	0.0000033
all	2553	1	1528347	0.0000007
all	2554	1	1528347	0.0000007
all	2555	2	1528347	0.0000013
all	2556	2	1528347	0.0000013
all	2558	1	1528347	0.0000007
all	2561	2	1528347	0.0000013
all	2562	1	1528347	0.0000007
all	2564	2	1528347	0.0000013
all	2565	3	1528347	0.0000020
all	2566	2	1528347	0.0000013
all	2568	1	1528347	0.0000007
all	2569	2	1528347	0.0000013
all	2572	3	1528347	0.0000020
all	2573	3	1528347	0.0000020
all	2574	2	1528347	0.0000013
all	2575	1	1528347	0.0000007
all	2576	1	1528347	0.0000007
all	2577	1	1528347	0.0000007
all	2579	3	1528347	0.0000020
all	2580	4	1528347	0.0000026
all	2581	2	1528347	0.0000013
all	2582	1	1528347	0.0000007
all	2583	1	1528347	0.0000007
all	2584	3	1528347	0.0000020
all	2585	1	1528347	0.0000007
all	2586	1	1528347	0.0000007
all	2587	3	1528347	0.0000020
all	2590	1	1528347	0.0000007
all	2591	4	1528347	0.0000026
all	2592	2	1528347	0.0000013
all	2593	1	1528347	0.0000007
all	2594	2	1528347	0.0000013
all	2595	1	1528347	0.0000007
all	2596	5	1528347	0.0000033
all	2597	3	1528347	0.0000020
all	2598	2	1528347	0.0000013
all	2599	1	1528347	0.0000007
all	2602	1	1528347	0.0000007
all	2603	2	1528347	0.0000013
all	2606	1	1528347	0.0000007
all	2608	2	1528347	0.0000013
all	2610	1	1528347	0.0000007
all	2611	1	1528347	0.0000007
all	2612	1	1528347	0.0000007
all	2614	4	1528347	0.0000026
all	2615	1	1528347	0.0000007
all	2617	5	1528347	0.0000033
all	2618	2	1528347	0.0000013
all	2621	2	1528347	0.0000013
all	2623	5	1528347	0.0000033
all	2624	1	1528347	0.0000007
all	2625	2	1528347	0.0000013
all	2626	2	1528347	0.0000013
all	2628	5	1528347	0.0000033
all	2629	2	1528347	0.0000013
all	2631	1	1528347	0.0000007
all	2632	3	1528347	0.0000020
all	2634	6	1528347	0.0000039
all	2637	3	1528347	0.0000020
all	2639	1	1528347	0.0000007
all	2640	4	1528347	0.0000026
all	2641	5	1528347	0.0000033
all	2643	6	1528347	0.0000039
all	2644	2	1528347	0.0000013
all	2645	1	1528347	0.0000007
all	2646	1	1528347	0.0000007
all	2647	2	1528347	0.0000013
all	2649	2	1528347	0.0000013
all	2652	2	1528347	0.0000013
all	2653	2	1528347	0.0000013
all	2654	1	1528347	0.0000007
all	2655	3	1528347	0.0000020
all	2656	2	1528347	0.0000013
all	2657	2	1528347	0.0000013
all	2658	2	1528347	0.0000013
all	2659	2	1528347	0.0000013
all	2661	3	1528347	0.0000020
all	2664	2	1528347	0.0000013
all	2666	1	1528347	0.0000007
all	2667	3	1528347	0.0000020
all	2669	2	1528347	0.0000013
all	2670	2	1528347	0.0000013
all	2673	1	1528347	0.0000007
all	2675	4	1528347	0.0000026
all	2676	10	1528347	0.0000065
all	2679	6	1528347	0.0000039
all	2681	2	1528347	0.0000013
all	2682	4	1528347	0.0000026
all	2684	1	1528347	0.0000007
all	2686	2	1528347	0.0000013
all	2687	4	1528347	0.0000026
all	2688	1	1528347	0.0000007
all	2694	3	1528347	0.0000020
all	2695	6	1528347	0.0000039
all	2700	2	1528347	0.0000013
all	2702	1	1528347	0.0000007
all	2703	1	1528347	0.0000007
all	2704	4	1528347	0.0000026
all	2705	1	1528347	0.0000007
all	2708	2	1528347	0.0000013
all	2709	1	1528347	0.0000007
all	2711	3	1528347	0.0000020
all	2712	2	1528347	0.0000013
all	2713	4	1528347	0.0000026
all	2714	2	1528347	0.0000013
all	2715	2	1528347	0.0000013
all	2716	1	1528347	0.0000007
all	2718	7	1528347	0.0000046
all	2719	2	1528347	0.0000013
all	2722	5	1528347	0.0000033
all	2723	5	1528347	0.0000033
all	2725	3	1528347	0.0000020
all	2728	1	1528347	0.0000007
all	2729	1	1528347	0.0000007
all	2730	1	1528347	0.0000007
all	2731	5	1528347	0.0000033
all	2732	1	1528347	0.0000007
all	2733	2	1528347	0.0000013
all	2734	4	1528347	0.0000026
all	2735	2	1528347	0.0000013
all	2736	4	1528347	0.0000026
all	2738	1	1528347	0.0000007
all	2740	2	1528347	0.0000013
all	2741	2	1528347	0.0000013
all	2745	1	1528347	0.0000007
all	2747	2	1528347	0.0000013
all	2749	1	1528347	0.0000007
all	2750	1	1528347	0.0000007
all	2751	1	1528347	0.0000007
all	2752	3	1528347	0.0000020
all	2753	2	1528347	0.0000013
all	2755	2	1528347	0.0000013
all	2756	2	1528347	0.0000013
all	2759	1	1528347	0.0000007
all	2760	3	1528347	0.0000020
all	2761	2	1528347	0.0000013
all	2763	2	1528347	0.0000013
all	2764	1	1528347	0.0000007
all	2765	4	1528347	0.0000026
all	2766	4	1528347	0.0000026
all	2767	2	1528347	0.0000013
all	2768	1	1528347	0.0000007
all	2769	2	1528347	0.0000013
all	2771	9	1528347	0.0000059
all	2772	2	1528347	0.0000013
all	2773	2	1528347	0.0000013
all	2774	3	1528347	0.0000020
all	2776	4	1528347	0.0000026
all	2779	5	1528347	0.0000033
all	2780	2	1528347	0.0000013
all	2781	2	1528347	0.0000013
all	2782	1	1528347	0.0000007
all	2783	4	1528347	0.0000026
all	2785	2	1528347	0.0000013
all	2786	1	1528347	0.0000007
all	2787	2	1528347	0.0000013
all	2789	2	1528347	0.0000013
all	2790	3	1528347	0.0000020
all	2791	4	1528347	0.0000026
all	2792	1	1528347	0.0000007
all	2793	3	1528347	0.0000020
all	2795	1	1528347	0.0000007
all	2796	1	1528347	0.0000007
all	2798	1	1528347	0.0000007
all	2799	5	1528347	0.0000033
all	2800	2	1528347	0.0000013
all	2801	2	1528347	0.0000013
all	2803	12	1528347	0.0000079
all	2804	7	1528347	0.0000046
all	2805	4	1528347	0.0000026
all	2807	1	1528347	0.0000007
all	2808	3	1528347	0.0000020
all	2810	1	1528347	0.0000007
all	2811	7	1528347	0.0000046
all	2812	3	1528347	0.0000020
all	2813	5	1528347	0.0000033
all	2815	2	1528347	0.0000013
all	2816	1	1528347	0.0000007
all	2818	4	1528347	0.0000026
all	2821	3	1528347	0.0000020
all	2822	3	1528347	0.0000020
all	2823	2	1528347	0.0000013
all	2824	1	1528347	0.0000007
all	2825	2	1528347	0.0000013
all	2829	1	1528347	0.0000007
all	2830	1	1528347	0.0000007
all	2831	1	1528347	0.0000007
all	2833	4	1528347	0.0000026
all	2835	4	1528347	0.0000026
all	2836	4	1528347	0.0000026
all	2838	1	1528347	0.0000007
all	2842	2	1528347	0.0000013
all	2843	1	1528347	0.0000007
all	2844	7	1528347	0.0000046
all	2845	3	1528347	0.0000020
all	2846	1	1528347	0.0000007
all	2847	4	1528347	0.0000026
all	2853	1	1528347	0.0000007
all	2854	1	1528347	0.0000007
all	2855	3	1528347	0.0000020
all	2856	2	1528347	0.0000013
all	2858	1	1528347	0.0000007
all	2860	2	1528347	0.0000013
all	2864	2	1528347	0.0000013
all	2865	1	1528347	0.0000007
all	2867	4	1528347	0.0000026
all	2868	4	1528347	0.0000026
all	2869	3	1528347	0.0000020
all	2873	2	1528347	0.0000013
all	2874	2	1528347	0.0000013
all	2875	5	1528347	0.0000033
all	2876	2	1528347	0.0000013
all	2877	1	1528347	0.0000007
all	2878	3	1528347	0.0000020
all	2880	6	1528347	0.0000039
all	2881	1	1528347	0.0000007
all	2883	1	1528347	0.0000007
all	2884	3	1528347	0.0000020
all	2885	4	1528347	0.0000026
all	2886	8	1528347	0.0000052
all	2887	8	1528347	0.0000052
all	2889	1	1528347	0.0000007
all	2891	2	1528347	0.0000013
all	2892	2	1528347	0.0000013
all	2893	1	1528347	0.0000007
all	2894	2	1528347	0.0000013
all	2896	1	1528347	0.0000007
all	2898	2	1528347	0.0000013
all	2900	2	1528347	0.0000013
all	2902	4	1528347	0.0000026
all	2904	1	1528347	0.0000007
all	2905	2	1528347	0.0000013
all	2907	1	1528347	0.0000007
all	2910	2	1528347	0.0000013
all	2915	2	1528347	0.0000013
all	2916	5	1528347	0.0000033
all	2917	1	1528347	0.0000007
all	2918	1	1528347	0.0000007
all	2919	1	1528347	0.0000007
all	2920	1	1528347	0.0000007
all	2923	5	1528347	0.0000033
all	2931	1	1528347	0.0000007
all	2932	4	1528347	0.0000026
all	2934	4	1528347	0.0000026
all	2935	1	1528347	0.0000007
all	2936	3	1528347	0.0000020
all	2937	3	1528347	0.0000020
all	2938	2	1528347	0.0000013
all	2941	3	1528347	0.0000020
all	2942	2	1528347	0.0000013
all	2944	3	1528347	0.0000020
all	2948	1	1528347	0.0000007
all	2950	3	1528347	0.0000020
all	2951	1	1528347	0.0000007
all	2952	1	1528347	0.0000007
all	2953	3	1528347	0.0000020
all	2955	4	1528347	0.0000026
all	2957	2	1528347	0.0000013
all	2958	2	1528347	0.0000013
all	2960	2	1528347	0.0000013
all	2961	3	1528347	0.0000020
all	2962	1	1528347	0.0000007
all	2963	5	1528347	0.0000033
all	2964	2	1528347	0.0000013
all	2965	4	1528347	0.0000026
all	2967	4	1528347	0.0000026
all	2969	1	1528347	0.0000007
all	2970	3	1528347	0.0000020
all	2973	4	1528347	0.0000026
all	2975	1	1528347	0.0000007
all	2978	1	1528347	0.0000007
all	2980	1	1528347	0.0000007
all	2981	1	1528347	0.0000007
all	2982	1	1528347	0.0000007
all	2985	3	1528347	0.0000020
all	2986	3	1528347	0.0000020
all	2990	8	1528347	0.0000052
all	2992	3	1528347	0.0000020
all	2996	1	1528347	0.0000007
all	2997	3	1528347	0.0000020
all	2998	1	1528347	0.0000007
all	2999	1	1528347	0.0000007
all	3001	1	1528347	0.0000007
all	3005	1	1528347	0.0000007
all	3006	2	1528347	0.0000013
all	3007	2	1528347	0.0000013
all	3009	1	1528347	0.0000007
all	3010	1	1528347	0.0000007
all	3012	5	1528347	0.0000033
all	3013	1	1528347	0.0000007
all	3016	1	1528347	0.0000007
all	3017	4	1528347	0.0000026
all	3019	1	1528347	0.0000007
all	3021	2	1528347	0.0000013
all	3022	2	1528347	0.0000013
all	3023	2	1528347	0.0000013
all	3024	1	1528347	0.0000007
all	3025	1	1528347	0.0000007
all	3028	2	1528347	0.0000013
all	3029	1	1528347	0.0000007
all	3032	1	1528347	0.0000007
all	3033	5	1528347	0.0000033
all	3034	5	1528347	0.0000033
all	3037	1	1528347	0.0000007
all	3038	1	1528347	0.0000007
all	3041	1	1528347	0.0000007
all	3046	4	1528347	0.0000026
all	3047	4	1528347	0.0000026
all	3049	1	1528347	0.0000007
all	3051	1	1528347	0.0000007
all	3052	3	1528347	0.0000020
all	3056	1	1528347	0.0000007
all	3059	1	1528347	0.0000007
all	3060	5	1528347	0.0000033
all	3061	7	1528347	0.0000046
all	3062	4	1528347	0.0000026
all	3063	9	1528347	0.0000059
all	3065	2	1528347	0.0000013
all	3066	3	1528347	0.0000020
all	3067	3	1528347	0.0000020
all	3069	3	1528347	0.0000020
all	3072	4	1528347	0.0000026
all	3073	2	1528347	0.0000013
all	3074	1	1528347	0.0000007
all	3075	4	1528347	0.0000026
all	3076	4	1528347	0.0000026
all	3077	2	1528347	0.0000013
all	3079	2	1528347	0.0000013
all	3080	1	1528347	0.0000007
all	3081	1	1528347	0.0000007
all	3082	1	1528347	0.0000007
all	3083	1	1528347	0.0000007
all	3084	2	1528347	0.0000013
all	3086	2	1528347	0.0000013
all	3087	1	1528347	0.0000007
all	3088	3	1528347	0.0000020
all	3090	1	1528347	0.0000007
all	3091	6	1528347	0.0000039
all	3092	1	1528347	0.0000007
all	3093	2	1528347	0.0000013
all	3094	1	1528347	0.0000007
all	3095	1	1528347	0.0000007
all	3097	2	1528347	0.0000013
all	3098	3	1528347	0.0000020
all	3099	2	1528347	0.0000013
all	3102	1	1528347	0.0000007
all	3103	1	1528347	0.0000007
all	3104	4	1528347	0.0000026
all	3105	1	1528347	0.0000007
all	3106	1	1528347	0.0000007
all	3107	2	1528347	0.0000013
all	3112	3	1528347	0.0000020
all	3113	1	1528347	0.0000007
all	3114	6	1528347	0.0000039
all	3115	3	1528347	0.0000020
all	3116	3	1528347	0.0000020
all	3118	2	1528347	0.0000013
all	3119	2	1528347	0.0000013
all	3121	1	1528347	0.0000007
all	3122	1	1528347	0.0000007
all	3123	1	1528347	0.0000007
all	3124	2	1528347	0.0000013
all	3125	1	1528347	0.0000007
all	3126	3	1528347	0.0000020
all	3127	2	1528347	0.0000013
all	3130	3	1528347	0.0000020
all	3133	1	1528347	0.0000007
all	3134	2	1528347	0.0000013
all	3135	1	1528347	0.0000007
all	3136	2	1528347	0.0000013
all	3137	3	1528347	0.0000020
all	3143	1	1528347	0.0000007
all	3144	3	1528347	0.0000020
all	3147	2	1528347	0.0000013
all	3150	3	1528347	0.0000020
all	3151	1	1528347	0.0000007
all	3152	1	1528347	0.0000007
all	3153	1	1528347	0.0000007
all	3156	1	1528347	0.0000007
all	3157	1	1528347	0.0000007
all	3158	3	1528347	0.0000020
all	3160	2	1528347	0.0000013
all	3162	1	1528347	0.0000007
all	3163	1	1528347	0.0000007
all	3164	2	1528347	0.0000013
all	3165	1	1528347	0.0000007
all	3170	1	1528347	0.0000007
all	3172	7	1528347	0.0000046
all	3176	3	1528347	0.0000020
all	3178	1	1528347	0.0000007
all	3179	1	1528347	0.0000007
all	3180	4	1528347	0.0000026
all	3181	2	1528347	0.0000013
all	3184	1	1528347	0.0000007
all	3185	2	1528347	0.0000013
all	3187	4	1528347	0.0000026
all	3188	1	1528347	0.0000007
all	3189	8	1528347	0.0000052
all	3190	2	1528347	0.0000013
all	3191	1	1528347	0.0000007
all	3192	1	1528347	0.0000007
all	3193	1	1528347	0.0000007
all	3194	1	1528347	0.0000007
all	3195	1	1528347	0.0000007
all	3196	4	1528347	0.0000026
all	3197	1	1528347	0.0000007
all	3198	3	1528347	0.0000020
all	3199	3	1528347	0.0000020
all	3200	2	1528347	0.0000013
all	3201	1	1528347	0.0000007
all	3202	2	1528347	0.0000013
all	3203	2	1528347	0.0000013
all	3209	5	1528347	0.0000033
all	3210	1	1528347	0.0000007
all	3212	2	1528347	0.0000013
all	3213	12	1528347	0.0000079
all	3215	1	1528347	0.0000007
all	3219	1	1528347	0.0000007
all	3221	1	1528347	0.0000007
all	3224	1	1528347	0.0000007
all	3226	1	1528347	0.0000007
all	3227	1	1528347	0.0000007
all	3229	2	1528347	0.0000013
all	3232	1	1528347	0.0000007
all	3233	1	1528347	0.0000007
all	3236	2	1528347	0.0000013
all	3238	1	1528347	0.0000007
all	3240	2	1528347	0.0000013
all	3241	2	1528347	0.0000013
all	3244	2	1528347	0.0000013
all	3247	1	1528347	0.0000007
all	3248	2	1528347	0.0000013
all	3250	6	1528347	0.0000039
all	3254	3	1528347	0.0000020
all	3255	1	1528347	0.0000007
all	3256	1	1528347	0.0000007
all	3259	1	1528347	0.0000007
all	3262	2	1528347	0.0000013
all	3265	3	1528347	0.0000020
all	3266	1	1528347	0.0000007
all	3267	2	1528347	0.0000013
all	3272	1	1528347	0.0000007
all	3273	1	1528347	0.0000007
all	3274	2	1528347	0.0000013
all	3275	1	1528347	0.0000007
all	3276	3	1528347	0.0000020
all	3279	1	1528347	0.0000007
all	3280	3	1528347	0.0000020
all	3281	2	1528347	0.0000013
all	3283	1	1528347	0.0000007
all	3291	2	1528347	0.0000013
all	3292	2	1528347	0.0000013
all	3293	1	1528347	0.0000007
all	3296	1	1528347	0.0000007
all	3298	3	1528347	0.0000020
all	3300	2	1528347	0.0000013
all	3302	2	1528347	0.0000013
all	3308	3	1528347	0.0000020
all	3309	1	1528347	0.0000007
all	3311	1	1528347	0.0000007
all	3313	1	1528347	0.0000007
all	3315	1	1528347	0.0000007
all	3322	2	1528347	0.0000013
all	3323	1	1528347	0.0000007
all	3324	2	1528347	0.0000013
all	3325	1	1528347	0.0000007
all	3327	1	1528347	0.0000007
all	3329	1	1528347	0.0000007
all	3330	3	1528347	0.0000020
all	3334	4	1528347	0.0000026
all	3339	2	1528347	0.0000013
all	3341	2	1528347	0.0000013
all	3342	1	1528347	0.0000007
all	3343	2	1528347	0.0000013
all	3344	2	1528347	0.0000013
all	3346	2	1528347	0.0000013
all	3348	2	1528347	0.0000013
all	3349	1	1528347	0.0000007
all	3354	2	1528347	0.0000013
all	3358	2	1528347	0.0000013
all	3364	1	1528347	0.0000007
all	3365	5	1528347	0.0000033
all	3366	1	1528347	0.0000007
all	3368	2	1528347	0.0000013
all	3371	2	1528347	0.0000013
all	3372	3	1528347	0.0000020
all	3373	2	1528347	0.0000013
all	3374	1	1528347	0.0000007
all	3378	1	1528347	0.0000007
all	3379	5	1528347	0.0000033
all	3380	1	1528347	0.0000007
all	3386	5	1528347	0.0000033
all	3391	2	1528347	0.0000013
all	3393	1	1528347	0.0000007
all	3395	1	1528347	0.0000007
all	3400	1	1528347	0.0000007
all	3401	3	1528347	0.0000020
all	3402	3	1528347	0.0000020
all	3405	1	1528347	0.0000007
all	3408	1	1528347	0.0000007
all	3410	1	1528347	0.0000007
all	3411	3	1528347	0.0000020
all	3413	3	1528347	0.0000020
all	3414	1	1528347	0.0000007
all	3417	2	1528347	0.0000013
all	3420	2	1528347	0.0000013
all	3428	2	1528347	0.0000013
all	3429	3	1528347	0.0000020
all	3431	2	1528347	0.0000013
all	3432	1	1528347	0.0000007
all	3435	2	1528347	0.0000013
all	3436	1	1528347	0.0000007
all	3438	1	1528347	0.0000007
all	3442	1	1528347	0.0000007
all	3443	2	1528347	0.0000013
all	3444	1	1528347	0.0000007
all	3446	1	1528347	0.0000007
all	3447	1	1528347	0.0000007
all	3448	6	1528347	0.0000039
all	3451	2	1528347	0.0000013
all	3452	1	1528347	0.0000007
all	3455	1	1528347	0.0000007
all	3457	1	1528347	0.0000007
all	3458	1	1528347	0.0000007
all	3459	2	1528347	0.0000013
all	3462	3	1528347	0.0000020
all	3463	2	1528347	0.0000013
all	3465	4	1528347	0.0000026
all	3466	1	1528347	0.0000007
all	3469	3	1528347	0.0000020
all	3470	3	1528347	0.0000020
all	3476	1	1528347	0.0000007
all	3480	2	1528347	0.0000013
all	3483	1	1528347	0.0000007
all	3484	1	1528347	0.0000007
all	3486	4	1528347	0.0000026
all	3488	2	1528347	0.0000013
all	3490	1	1528347	0.0000007
all	3491	1	1528347	0.0000007
all	3495	3	1528347	0.0000020
all	3496	1	1528347	0.0000007
all	3497	2	1528347	0.0000013
all	3498	1	1528347	0.0000007
all	3502	2	1528347	0.0000013
all	3504	3	1528347	0.0000020
all	3505	4	1528347	0.0000026
all	3507	1	1528347	0.0000007
all	3508	2	1528347	0.0000013
all	3509	5	1528347	0.0000033
all	3513	1	1528347	0.0000007
all	3516	1	1528347	0.0000007
all	3517	1	1528347	0.0000007
all	3519	1	1528347	0.0000007
all	3520	4	1528347	0.0000026
all	3521	2	1528347	0.0000013
all	3523	3	1528347	0.0000020
all	3524	1	1528347	0.0000007
all	3525	4	1528347	0.0000026
all	3526	1	1528347	0.0000007
all	3527	1	1528347	0.0000007
all	3530	6	1528347	0.0000039
all	3534	2	1528347	0.0000013
all	3537	6	1528347	0.0000039
all	3539	2	1528347	0.0000013
all	3540	10	1528347	0.0000065
all	3541	1	1528347	0.0000007
all	3544	8	1528347	0.0000052
all	3550	1	1528347	0.0000007
all	3551	4	1528347	0.0000026
all	3552	1	1528347	0.0000007
all	3553	3	1528347	0.0000020
all	3555	1	1528347	0.0000007
all	3557	3	1528347	0.0000020
all	3560	1	1528347	0.0000007
all	3561	2	1528347	0.0000013
all	3564	2	1528347	0.0000013
all	3565	3	1528347	0.0000020
all	3566	4	1528347	0.0000026
all	3567	6	1528347	0.0000039
all	3568	1	1528347	0.0000007
all	3569	1	1528347	0.0000007
all	3570	3	1528347	0.0000020
all	3572	1	1528347	0.0000007
all	3574	3	1528347	0.0000020
all	3577	2	1528347	0.0000013
all	3579	1	1528347	0.0000007
all	3581	4	1528347	0.0000026
all	3583	1	1528347	0.0000007
all	3584	1	1528347	0.0000007
all	3592	1	1528347	0.0000007
all	3594	1	1528347	0.0000007
all	3596	2	1528347	0.0000013
all	3598	3	1528347	0.0000020
all	3604	1	1528347	0.0000007
all	3605	4	1528347	0.0000026
all	3607	1	1528347	0.0000007
all	3608	5	1528347	0.0000033
all	3609	3	1528347	0.0000020
all	3615	4	1528347	0.0000026
all	3616	3	1528347	0.0000020
all	3617	1	1528347	0.0000007
all	3619	2	1528347	0.0000013
all	3620	2	1528347	0.0000013
all	3623	1	1528347	0.0000007
all	3626	1	1528347	0.0000007
all	3628	2	1528347	0.0000013
all	3629	1	1528347	0.0000007
all	3635	3	1528347	0.0000020
all	3637	6	1528347	0.0000039
all	3638	3	1528347	0.0000020
all	3639	1	1528347	0.0000007
all	3640	1	1528347	0.0000007
all	3643	3	1528347	0.0000020
all	3644	1	1528347	0.0000007
all	3646	2	1528347	0.0000013
all	3651	1	1528347	0.0000007
all	3652	1	1528347	0.0000007
all	3653	2	1528347	0.0000013
all	3654	5	1528347	0.0000033
all	3658	3	1528347	0.0000020
all	3661	5	1528347	0.0000033
all	3662	9	1528347	0.0000059
all	3663	2	1528347	0.0000013
all	3667	1	1528347	0.0000007
all	3668	1	1528347	0.0000007
all	3669	6	1528347	0.0000039
all	3670	1	1528347	0.0000007
all	3672	3	1528347	0.0000020
all	3673	1	1528347	0.0000007
all	3675	1	1528347	0.0000007
all	3677	3	1528347	0.0000020
all	3678	6	1528347	0.0000039
all	3680	3	1528347	0.0000020
all	3685	1	1528347	0.0000007
all	3686	2	1528347	0.0000013
all	3688	2	1528347	0.0000013
all	3691	2	1528347	0.0000013
all	3692	3	1528347	0.0000020
all	3693	2	1528347	0.0000013
all	3696	2	1528347	0.0000013
all	3700	2	1528347	0.0000013
all	3701	1	1528347	0.0000007
all	3702	2	1528347	0.0000013
all	3707	3	1528347	0.0000020
all	3709	3	1528347	0.0000020
all	3711	2	1528347	0.0000013
all	3712	1	1528347	0.0000007
all	3713	3	1528347	0.0000020
all	3715	2	1528347	0.0000013
all	3717	2	1528347	0.0000013
all	3719	2	1528347	0.0000013
all	3720	4	1528347	0.0000026
all	3722	2	1528347	0.0000013
all	3725	6	1528347	0.0000039
all	3727	1	1528347	0.0000007
all	3728	3	1528347	0.0000020
all	3729	5	1528347	0.0000033
all	3733	3	1528347	0.0000020
all	3734	3	1528347	0.0000020
all	3735	5	1528347	0.0000033
all	3736	1	1528347	0.0000007
all	3737	2	1528347	0.0000013
all	3738	4	1528347	0.0000026
all	3743	1	1528347	0.0000007
all	3744	1	1528347	0.0000007
all	3745	1	1528347	0.0000007
all	3748	2	1528347	0.0000013
all	3749	4	1528347	0.0000026
all	3750	3	1528347	0.0000020
all	3753	4	1528347	0.0000026
all	3760	3	1528347	0.0000020
all	3761	2	1528347	0.0000013
all	3762	1	1528347	0.0000007
all	3763	2	1528347	0.0000013
all	3765	1	1528347	0.0000007
all	3767	3	1528347	0.0000020
all	3770	6	1528347	0.0000039
all	3771	2	1528347	0.0000013
all	3773	1	1528347	0.0000007
all	3775	4	1528347	0.0000026
all	3776	2	1528347	0.0000013
all	3781	2	1528347	0.0000013
all	3784	1	1528347	0.0000007
all	3797	1	1528347	0.0000007
all	3798	3	1528347	0.0000020
all	3813	4	1528347	0.0000026
all	3814	1	1528347	0.0000007
all	3815	2	1528347	0.0000013
all	3816	2	1528347	0.0000013
all	3821	1	1528347	0.0000007
all	3830	3	1528347	0.0000020
all	3841	3	1528347	0.0000020
all	3845	2	1528347	0.0000013
all	3856	1	1528347	0.0000007
all	3861	1	1528347	0.0000007
all	3866	1	1528347	0.0000007
all	3867	3	1528347	0.0000020
all	3868	6	1528347	0.0000039
all	3877	5	1528347	0.0000033
all	3882	1	1528347	0.0000007
all	3888	1	1528347	0.0000007
all	3890	3	1528347	0.0000020
all	3893	1	1528347	0.0000007
all	3895	3	1528347	0.0000020
all	3897	2	1528347	0.0000013
all	3898	3	1528347	0.0000020
all	3899	2	1528347	0.0000013
all	3901	1	1528347	0.0000007
all	3913	2	1528347	0.0000013
all	3914	1	1528347	0.0000007
all	3918	1	1528347	0.0000007
all	3919	4	1528347	0.0000026
all	3920	2	1528347	0.0000013
all	3921	1	1528347	0.0000007
all	3922	1	1528347	0.0000007
all	3923	1	1528347	0.0000007
all	3927	1	1528347	0.0000007
all	3929	4	1528347	0.0000026
all	3930	1	1528347	0.0000007
all	3933	1	1528347	0.0000007
all	3934	3	1528347	0.0000020
all	3936	1	1528347	0.0000007
all	3937	1	1528347	0.0000007
all	3940	3	1528347	0.0000020
all	3942	1	1528347	0.0000007
all	3944	2	1528347	0.0000013
all	3951	3	1528347	0.0000020
all	3953	3	1528347	0.0000020
all	3955	3	1528347	0.0000020
all	3957	6	1528347	0.0000039
all	3959	2	1528347	0.0000013
all	3960	1	1528347	0.0000007
all	3962	2	1528347	0.0000013
all	3963	3	1528347	0.0000020
all	3972	3	1528347	0.0000020
all	3980	1	1528347	0.0000007
all	3984	5	1528347	0.0000033
all	3990	3	1528347	0.0000020
all	3992	2	1528347	0.0000013
all	3993	3	1528347	0.0000020
all	3996	3	1528347	0.0000020
all	3998	1	1528347	0.0000007
all	4001	3	1528347	0.0000020
all	4008	2	1528347	0.0000013
all	4011	3	1528347	0.0000020
all	4015	5	1528347	0.0000033
all	4016	2	1528347	0.0000013
all	4019	2	1528347	0.0000013
all	4020	2	1528347	0.0000013
all	4021	4	1528347	0.0000026
all	4022	4	1528347	0.0000026
all	4023	3	1528347	0.0000020
all	4024	2	1528347	0.0000013
all	4025	2	1528347	0.0000013
all	4028	2	1528347	0.0000013
all	4029	1	1528347	0.0000007
all	4030	2	1528347	0.0000013
all	4032	1	1528347	0.0000007
all	4035	1	1528347	0.0000007
all	4036	2	1528347	0.0000013
all	4037	1	1528347	0.0000007
all	4039	1	1528347	0.0000007
all	4041	4	1528347	0.0000026
all	4042	1	1528347	0.0000007
all	4043	1	1528347	0.0000007
all	4044	1	1528347	0.0000007
all	4046	3	1528347	0.0000020
all	4047	1	1528347	0.0000007
all	4048	3	1528347	0.0000020
all	4049	3	1528347	0.0000020
all	4054	1	1528347	0.0000007
all	4057	3	1528347	0.0000020
all	4062	1	1528347	0.0000007
all	4065	3	1528347	0.0000020
all	4066	1	1528347	0.0000007
all	4067	3	1528347	0.0000020
all	4070	1	1528347	0.0000007
all	4072	3	1528347	0.0000020
all	4073	1	1528347	0.0000007
all	4074	1	1528347	0.0000007
all	4077	1	1528347	0.0000007
all	4079	3	1528347	0.0000020
all	4086	1	1528347	0.0000007
all	4096	3	1528347	0.0000020
all	4102	3	1528347	0.0000020
all	4103	1	1528347	0.0000007
all	4104	2	1528347	0.0000013
all	4109	1	1528347	0.0000007
all	4115	6	1528347	0.0000039
all	4117	1	1528347	0.0000007
all	4119	1	1528347	0.0000007
all	4120	1	1528347	0.0000007
all	4121	3	1528347	0.0000020
all	4127	1	1528347	0.0000007
all	4129	4	1528347	0.0000026
all	4131	2	1528347	0.0000013
all	4132	2	1528347	0.0000013
all	4133	3	1528347	0.0000020
all	4141	3	1528347	0.0000020
all	4143	1	1528347	0.0000007
all	4144	1	1528347	0.0000007
all	4146	2	1528347	0.0000013
all	4147	3	1528347	0.0000020
all	4151	6	1528347	0.0000039
all	4154	1	1528347	0.0000007
all	4165	1	1528347	0.0000007
all	4169	1	1528347	0.0000007
all	4184	2	1528347	0.0000013
all	4185	1	1528347	0.0000007
all	4189	1	1528347	0.0000007
all	4195	2	1528347	0.0000013
all	4202	1	1528347	0.0000007
all	4207	2	1528347	0.0000013
all	4212	2	1528347	0.0000013
all	4228	2	1528347	0.0000013
all	4237	1	1528347	0.0000007
all	4239	2	1528347	0.0000013
all	4241	1	1528347	0.0000007
all	4247	1	1528347	0.0000007
all	4250	1	1528347	0.0000007
all	4261	6	1528347	0.0000039
all	4262	1	1528347	0.0000007
all	4270	2	1528347	0.0000013
all	4276	1	1528347	0.0000007
all	4284	2	1528347	0.0000013
all	4289	1	1528347	0.0000007
all	4296	1	1528347	0.0000007
all	4308	4	1528347	0.0000026
all	4309	2	1528347	0.0000013
all	4316	1	1528347	0.0000007
all	4317	1	1528347	0.0000007
all	4318	1	1528347	0.0000007
all	4319	2	1528347	0.0000013
all	4322	1	1528347	0.0000007
all	4325	2	1528347	0.0000013
all	4333	1	1528347	0.0000007
all	4341	1	1528347	0.0000007
all	4352	2	1528347	0.0000013
all	4353	1	1528347	0.0000007
all	4355	2	1528347	0.0000013
all	4358	2	1528347	0.0000013
all	4364	3	1528347	0.0000020
all	4365	1	1528347	0.0000007
all	4368	1	1528347	0.0000007
all	4373	2	1528347	0.0000013
all	4374	1	1528347	0.0000007
all	4377	2	1528347	0.0000013
all	4378	2	1528347	0.0000013
all	4380	2	1528347	0.0000013
all	4381	1	1528347	0.0000007
all	4382	1	1528347	0.0000007
all	4383	2	1528347	0.0000013
all	4384	2	1528347	0.0000013
all	4388	1	1528347	0.0000007
all	4392	1	1528347	0.0000007
all	4396	1	1528347	0.0000007
all	4398	2	1528347	0.0000013
all	4401	1	1528347	0.0000007
all	4402	1	1528347	0.0000007
all	4406	1	1528347	0.0000007
all	4408	4	1528347	0.0000026
all	4412	1	1528347	0.0000007
all	4413	1	1528347	0.0000007
all	4422	2	1528347	0.0000013
all	4423	1	1528347	0.0000007
all	4425	1	1528347	0.0000007
all	4428	1	1528347	0.0000007
all	4429	1	1528347	0.0000007
all	4431	1	1528347	0.0000007
all	4432	1	1528347	0.0000007
all	4436	1	1528347	0.0000007
all	4443	2	1528347	0.0000013
all	4448	1	1528347	0.0000007
all	4452	3	1528347	0.0000020
all	4454	2	1528347	0.0000013
all	4459	2	1528347	0.0000013
all	4462	1	1528347	0.0000007
all	4464	1	1528347	0.0000007
all	4465	4	1528347	0.0000026
all	4473	1	1528347	0.0000007
all	4476	2	1528347	0.0000013
all	4477	2	1528347	0.0000013
all	4484	1	1528347	0.0000007
all	4492	2	1528347	0.0000013
all	4493	2	1528347	0.0000013
all	4501	1	1528347	0.0000007
all	4503	1	1528347	0.0000007
all	4504	1	1528347	0.0000007
all	4506	1	1528347	0.0000007
all	4507	4	1528347	0.0000026
all	4508	4	1528347	0.0000026
all	4510	2	1528347	0.0000013
all	4517	6	1528347	0.0000039
all	4520	2	1528347	0.0000013
all	4527	1	1528347	0.0000007
all	4528	4	1528347	0.0000026
all	4532	1	1528347	0.0000007
all	4535	1	1528347	0.0000007
all	4536	1	1528347	0.0000007
all	4542	1	1528347	0.0000007
all	4550	1	1528347	0.0000007
all	4551	1	1528347	0.0000007
all	4552	1	1528347	0.0000007
all	4554	1	1528347	0.0000007
all	4555	1	1528347	0.0000007
all	4558	2	1528347	0.0000013
all	4560	3	1528347	0.0000020
all	4563	2	1528347	0.0000013
all	4566	1	1528347	0.0000007
all	4573	1	1528347	0.0000007
all	4575	1	1528347	0.0000007
all	4577	1	1528347	0.0000007
all	4583	1	1528347	0.0000007
all	4586	1	1528347	0.0000007
all	4587	2	1528347	0.0000013
all	4589	3	1528347	0.0000020
all	4590	1	1528347	0.0000007
all	4592	1	1528347	0.0000007
all	4594	1	1528347	0.0000007
all	4595	1	1528347	0.0000007
all	4597	4	1528347	0.0000026
all	4598	1	1528347	0.0000007
all	4602	1	1528347	0.0000007
all	4604	1	1528347	0.0000007
all	4605	2	1528347	0.0000013
all	4607	2	1528347	0.0000013
all	4608	2	1528347	0.0000013
all	4609	1	1528347	0.0000007
all	4610	4	1528347	0.0000026
all	4611	2	1528347	0.0000013
all	4612	1	1528347	0.0000007
all	4614	3	1528347	0.0000020
all	4618	1	1528347	0.0000007
all	4619	2	1528347	0.0000013
all	4622	2	1528347	0.0000013
all	4624	1	1528347	0.0000007
all	4627	1	1528347	0.0000007
all	4629	2	1528347	0.0000013
all	4631	3	1528347	0.0000020
all	4636	1	1528347	0.0000007
all	4645	1	1528347	0.0000007
all	4646	1	1528347	0.0000007
all	4649	2	1528347	0.0000013
all	4670	1	1528347	0.0000007
all	4672	1	1528347	0.0000007
all	4727	2	1528347	0.0000013
all	4730	1	1528347	0.0000007
all	4737	1	1528347	0.0000007
all	4760	2	1528347	0.0000013
all	4762	1	1528347	0.0000007
all	4765	1	1528347	0.0000007
all	4771	2	1528347	0.0000013
all	4785	6	1528347	0.0000039
all	4792	2	1528347	0.0000013
all	4822	1	1528347	0.0000007
all	4834	2	1528347	0.0000013
all	4842	2	1528347	0.0000013
all	4859	2	1528347	0.0000013
all	4874	1	1528347	0.0000007
all	4886	2	1528347	0.0000013
all	4887	1	1528347	0.0000007
all	4908	1	1528347	0.0000007
all	4915	1	1528347	0.0000007
all	4925	2	1528347	0.0000013
all	4926	2	1528347	0.0000013
all	4931	1	1528347	0.0000007
all	4937	2	1528347	0.0000013
all	4972	1	1528347	0.0000007
all	4993	2	1528347	0.0000013
all	5000	1	1528347	0.0000007
all	5010	1	1528347	0.0000007
all	5011	6	1528347	0.0000039
all	5018	2	1528347	0.0000013
all	5024	1	1528347	0.0000007
all	5034	1	1528347	0.0000007
all	5040	2	1528347	0.0000013
all	5047	1	1528347	0.0000007
all	5048	2	1528347	0.0000013
all	5057	2	1528347	0.0000013
all	5071	1	1528347	0.0000007
all	5072	2	1528347	0.0000013
all	5078	1	1528347	0.0000007
all	5104	2	1528347	0.0000013
all	5117	1	1528347	0.0000007
all	5130	6	1528347	0.0000039
all	5132	1	1528347	0.0000007
all	5134	1	1528347	0.0000007
all	5145	2	1528347	0.0000013
all	5151	2	1528347	0.0000013
all	5162	3	1528347	0.0000020
all	5185	2	1528347	0.0000013
all	5195	2	1528347	0.0000013
all	5205	2	1528347	0.0000013
all	5226	1	1528347	0.0000007
all	5230	1	1528347	0.0000007
all	5232	2	1528347	0.0000013
all	5244	1	1528347	0.0000007
all	5248	1	1528347	0.0000007
all	5261	3	1528347	0.0000020
all	5271	2	1528347	0.0000013
all	5284	1	1528347	0.0000007
all	5290	6	1528347	0.0000039
all	5304	2	1528347	0.0000013
all	5313	1	1528347	0.0000007
all	5321	2	1528347	0.0000013
all	5325	1	1528347	0.0000007
all	5332	1	1528347	0.0000007
all	5335	2	1528347	0.0000013
all	5341	2	1528347	0.0000013
all	5343	1	1528347	0.0000007
all	5350	1	1528347	0.0000007
all	5364	1	1528347	0.0000007
all	5380	1	1528347	0.0000007
all	5382	1	1528347	0.0000007
all	5385	1	1528347	0.0000007
all	5404	2	1528347	0.0000013
all	5408	1	1528347	0.0000007
all	5422	1	1528347	0.0000007
all	5423	6	1528347	0.0000039
all	5437	2	1528347	0.0000013
all	5445	2	1528347	0.0000013
all	5447	1	1528347	0.0000007
all	5454	1	1528347	0.0000007
all	5459	2	1528347	0.0000013
all	5462	2	1528347	0.0000013
all	5471	1	1528347	0.0000007
all	5482	1	1528347	0.0000007
all	5485	2	1528347	0.0000013
all	5491	3	1528347	0.0000020
all	5492	1	1528347	0.0000007
all	5499	1	1528347	0.0000007
all	5506	1	1528347	0.0000007
all	5519	4	1528347	0.0000026
all	5523	1	1528347	0.0000007
all	5528	2	1528347	0.0000013
all	5533	1	1528347	0.0000007
all	5536	2	1528347	0.0000013
all	5539	1	1528347	0.0000007
all	5540	7	1528347	0.0000046
all	5543	1	1528347	0.0000007
all	5544	1	1528347	0.0000007
all	5546	1	1528347	0.0000007
all	5547	2	1528347	0.0000013
all	5551	3	1528347	0.0000020
all	5557	3	1528347	0.0000020
all	5558	1	1528347	0.0000007
all	5570	2	1528347	0.0000013
all	5573	1	1528347	0.0000007
all	5584	1	1528347	0.0000007
all	5585	3	1528347	0.0000020
all	5589	2	1528347	0.0000013
all	5597	1	1528347	0.0000007
all	5599	2	1528347	0.0000013
all	5620	1	1528347	0.0000007
all	5621	1	1528347	0.0000007
all	5674	2	1528347	0.0000013
all	5686	1	1528347	0.0000007
all	5690	1	1528347	0.0000007
all	5761	1	1528347	0.0000007
all	5764	2	1528347	0.0000013
all	5767	1	1528347	0.0000007
all	5783	1	1528347	0.0000007
all	5794	1	1528347	0.0000007
all	5828	1	1528347	0.0000007
all	5832	6	1528347	0.0000039
all	5838	1	1528347	0.0000007
all	5839	1	1528347	0.0000007
all	5856	1	1528347	0.0000007
all	5857	1	1528347	0.0000007
all	5898	1	1528347	0.0000007
all	5900	1	1528347	0.0000007
all	5905	2	1528347	0.0000013
all	5908	1	1528347	0.0000007
all	5935	1	1528347	0.0000007
all	5969	1	1528347	0.0000007
all	5970	6	1528347	0.0000039
all	5975	1	1528347	0.0000007
all	5985	1	1528347	0.0000007
all	6001	2	1528347	0.0000013
all	6032	1	1528347	0.0000007
all	6041	1	1528347	0.0000007
all	6051	6	1528347	0.0000039
all	6053	1	1528347	0.0000007
all	6079	1	1528347	0.0000007
all	6082	1	1528347	0.0000007
all	6114	1	1528347	0.0000007
all	6120	1	1528347	0.0000007
all	6132	1	1528347	0.0000007
all	6150	1	1528347	0.0000007
all	6153	1	1528347	0.0000007
all	6163	1	1528347	0.0000007
all	6171	1	1528347	0.0000007
all	6187	1	1528347	0.0000007
all	6199	6	1528347	0.0000039
all	6203	2	1528347	0.0000013
all	6209	1	1528347	0.0000007
all	6213	1	1528347	0.0000007
all	6233	1	1528347	0.0000007
all	6245	1	1528347	0.0000007
all	6259	1	1528347	0.0000007
all	6261	2	1528347	0.0000013
all	6284	1	1528347	0.0000007
all	6300	1	1528347	0.0000007
all	6305	8	1528347	0.0000052
all	6309	1	1528347	0.0000007
all	6329	1	1528347	0.0000007
all	6348	1	1528347	0.0000007
all	6351	1	1528347	0.0000007
all	6354	2	1528347	0.0000013
all	6356	1	1528347	0.0000007
all	6363	1	1528347	0.0000007
all	6373	1	1528347	0.0000007
all	6390	1	1528347	0.0000007
all	6401	1	1528347	0.0000007
all	6412	1	1528347	0.0000007
all	6417	1	1528347	0.0000007
all	6437	1	1528347	0.0000007
all	6438	1	1528347	0.0000007
all	6439	1	1528347	0.0000007
all	6442	1	1528347	0.0000007
all	6453	1	1528347	0.0000007
all	6454	6	1528347	0.0000039
all	6461	1	1528347	0.0000007
all	6491	1	1528347	0.0000007
all	6507	1	1528347	0.0000007
all	6509	1	1528347	0.0000007
all	6532	1	1528347	0.0000007
all	6533	1	1528347	0.0000007
all	6544	1	1528347	0.0000007
all	6545	1	1528347	0.0000007
all	6546	6	1528347	0.0000039
all	6560	1	1528347	0.0000007
all	6561	1	1528347	0.0000007
all	6568	2	1528347	0.0000013
all	6577	1	1528347	0.0000007
all	6597	2	1528347	0.0000013
all	6604	6	1528347	0.0000039
all	6610	1	1528347	0.0000007
all	6617	1	1528347	0.0000007
all	6636	1	1528347	0.0000007
all	6638	1	1528347	0.0000007
all	6640	1	1528347	0.0000007
all	6641	1	1528347	0.0000007
all	6648	1	1528347	0.0000007
all	6666	1	1528347	0.0000007
all	6682	1	1528347	0.0000007
all	6683	1	1528347	0.0000007
all	6688	1	1528347	0.0000007
all	6692	2	1528347	0.0000013
all	6700	1	1528347	0.0000007
all	6723	1	1528347	0.0000007
all	6729	1	1528347	0.0000007
all	6737	1	1528347	0.0000007
all	6752	1	1528347	0.0000007
all	6755	6	1528347	0.0000039
all	6758	1	1528347	0.0000007
all	6767	1	1528347	0.0000007
all	6770	1	1528347	0.0000007
all	6780	1	1528347	0.0000007
all	6781	1	1528347	0.0000007
all	6785	6	1528347	0.0000039
all	6788	1	1528347	0.0000007
all	6791	1	1528347	0.0000007
all	6796	1	1528347	0.0000007
all	6802	1	1528347	0.0000007
all	6825	1	1528347	0.0000007
all	6826	1	1528347	0.0000007
all	6829	1	1528347	0.0000007
all	6836	1	1528347	0.0000007
all	6840	6	1528347	0.0000039
all	6857	1	1528347	0.0000007
all	6862	1	1528347	0.0000007
all	6864	2	1528347	0.0000013
all	6881	3	1528347	0.0000020
all	6887	1	1528347	0.0000007
all	6893	1	1528347	0.0000007
all	6897	1	1528347	0.0000007
all	6904	6	1528347	0.0000039
all	6905	1	1528347	0.0000007
all	6906	1	1528347	0.0000007
all	6921	2	1528347	0.0000013
all	6929	1	1528347	0.0000007
all	6935	1	1528347	0.0000007
all	6938	1	1528347	0.0000007
all	6945	2	1528347	0.0000013
all	6962	1	1528347	0.0000007
all	6969	1	1528347	0.0000007
all	6975	2	1528347	0.0000013
all	6982	1	1528347	0.0000007
all	6985	1	1528347	0.0000007
all	6997	2	1528347	0.0000013
all	7003	1	1528347	0.0000007
all	7005	13	1528347	0.0000085
all	7018	2	1528347	0.0000013
all	7020	1	1528347	0.0000007
all	7025	1	1528347	0.0000007
all	7026	1	1528347	0.0000007
all	7032	1	1528347	0.0000007
all	7034	13	1528347	0.0000085
all	7036	1	1528347	0.0000007
all	7040	1	1528347	0.0000007
all	7048	1	1528347	0.0000007
all	7057	2	1528347	0.0000013
all	7058	1	1528347	0.0000007
all	7060	1	1528347	0.0000007
all	7063	2	1528347	0.0000013
all	7066	1	1528347	0.0000007
all	7073	4	1528347	0.0000026
all	7078	1	1528347	0.0000007
all	7085	15	1528347	0.0000098
all	7090	1	1528347	0.0000007
all	7092	3	1528347	0.0000020
all	7094	1	1528347	0.0000007
all	7103	2	1528347	0.0000013
all	7104	1	1528347	0.0000007
all	7106	1	1528347	0.0000007
all	7110	2	1528347	0.0000013
all	7116	2	1528347	0.0000013
all	7117	2	1528347	0.0000013
all	7125	3	1528347	0.0000020
all	7128	14	1528347	0.0000092
all	7130	2	1528347	0.0000013
all	7134	4	1528347	0.0000026
all	7137	1	1528347	0.0000007
all	7139	2	1528347	0.0000013
all	7140	1	1528347	0.0000007
all	7141	2	1528347	0.0000013
all	7146	2	1528347	0.0000013
all	7152	2	1528347	0.0000013
all	7159	1	1528347	0.0000007
all	7160	2	1528347	0.0000013
all	7163	2	1528347	0.0000013
all	7165	2	1528347	0.0000013
all	7167	2	1528347	0.0000013
all	7168	2	1528347	0.0000013
all	7170	2	1528347	0.0000013
all	7175	1	1528347	0.0000007
all	7176	2	1528347	0.0000013
all	7177	1	1528347	0.0000007
all	7182	2	1528347	0.0000013
all	7183	1	1528347	0.0000007
all	7187	2	1528347	0.0000013
all	7188	2	1528347	0.0000013
all	7192	2	1528347	0.0000013
all	7197	4	1528347	0.0000026
all	7205	1	1528347	0.0000007
all	7209	1	1528347	0.0000007
all	7217	1	1528347	0.0000007
all	7223	1	1528347	0.0000007
all	7224	1	1528347	0.0000007
all	7233	1	1528347	0.0000007
all	7244	1	1528347	0.0000007
all	7251	3	1528347	0.0000020
all	7253	1	1528347	0.0000007
all	7261	1	1528347	0.0000007
all	7266	1	1528347	0.0000007
all	7272	14	1528347	0.0000092
all	7273	1	1528347	0.0000007
all	7280	1	1528347	0.0000007
all	7294	1	1528347	0.0000007
all	7298	1	1528347	0.0000007
all	7299	1	1528347	0.0000007
all	7300	1	1528347	0.0000007
all	7307	1	1528347	0.0000007
all	7310	1	1528347	0.0000007
all	7311	1	1528347	0.0000007
all	7312	1	1528347	0.0000007
all	7319	1	1528347	0.0000007
all	7322	1	1528347	0.0000007
all	7328	1	1528347	0.0000007
all	7331	1	1528347	0.0000007
all	7332	1	1528347	0.0000007
all	7335	1	1528347	0.0000007
all	7338	2	1528347	0.0000013
all	7339	1	1528347	0.0000007
all	7340	1	1528347	0.0000007
all	7357	1	1528347	0.0000007
all	7360	2	1528347	0.0000013
all	7361	2	1528347	0.0000013
all	7366	14	1528347	0.0000092
all	7382	1	1528347	0.0000007
all	7383	1	1528347	0.0000007
all	7451	1	1528347	0.0000007
all	7473	3	1528347	0.0000020
all	7509	2	1528347	0.0000013
all	7516	2	1528347	0.0000013
all	7517	1	1528347	0.0000007
all	7518	14	1528347	0.0000092
all	7549	1	1528347	0.0000007
all	7557	2	1528347	0.0000013
all	7562	1	1528347	0.0000007
all	7571	1	1528347	0.0000007
all	7578	1	1528347	0.0000007
all	7602	14	1528347	0.0000092
all	7623	2	1528347	0.0000013
all	7628	1	1528347	0.0000007
all	7651	1	1528347	0.0000007
all	7661	15	1528347	0.0000098
all	7665	2	1528347	0.0000013
all	7676	2	1528347	0.0000013
all	7694	1	1528347	0.0000007
all	7698	1	1528347	0.0000007
all	7709	1	1528347	0.0000007
all	7731	1	1528347	0.0000007
all	7732	14	1528347	0.0000092
all	7740	1	1528347	0.0000007
all	7752	2	1528347	0.0000013
all	7762	1	1528347	0.0000007
all	7777	1	1528347	0.0000007
all	7793	2	1528347	0.0000013
all	7812	1	1528347	0.0000007
all	7834	1	1528347	0.0000007
all	7839	1	1528347	0.0000007
all	7848	1	1528347	0.0000007
all	7862	1	1528347	0.0000007
all	7864	2	1528347	0.0000013
all	7880	14	1528347	0.0000092
all	7882	2	1528347	0.0000013
all	7896	1	1528347	0.0000007
all	7901	1	1528347	0.0000007
all	7920	14	1528347	0.0000092
all	7921	1	1528347	0.0000007
all	7925	14	1528347	0.0000092
all	7934	1	1528347	0.0000007
all	7936	2	1528347	0.0000013
all	7946	2	1528347	0.0000013
all	7967	1	1528347	0.0000007
all	7980	1	1528347	0.0000007
all	7987	1	1528347	0.0000007
all	8012	14	1528347	0.0000092
all	8025	2	1528347	0.0000013
all	8035	1	1528347	0.0000007
all	8047	2	1528347	0.0000013
all	8055	1	1528347	0.0000007
all	8062	1	1528347	0.0000007
all	8070	14	1528347	0.0000092
all	8107	1	1528347	0.0000007
all	8114	2	1528347	0.0000013
all	8126	14	1528347	0.0000092
all	8129	2	1528347	0.0000013
all	8133	1	1528347	0.0000007
all	8141	1	1528347	0.0000007
all	8154	6	1528347	0.0000039
all	8164	6	1528347	0.0000039
all	8166	6	1528347	0.0000039
all	8167	6	1528347	0.0000039
all	8178	1	1528347	0.0000007
all	8179	12	1528347	0.0000079
all	8180	2	1528347	0.0000013
all	8184	14	1528347	0.0000092
all	8188	6	1528347	0.0000039
all	8194	1	1528347	0.0000007
all	8201	7	1528347	0.0000046
all	8208	1	1528347	0.0000007
all	8212	7	1528347	0.0000046
all	8213	14	1528347	0.0000092
all	8214	1	1528347	0.0000007
all	8218	1	1528347	0.0000007
all	8230	8	1528347	0.0000052
all	8240	8	1528347	0.0000052
all	8242	16	1528347	0.0000105
all	8246	8	1528347	0.0000052
all	8249	22	1528347	0.0000144
all	8253	2	1528347	0.0000013
all	8255	1	1528347	0.0000007
all	8259	8	1528347	0.0000052
all	8263	8	1528347	0.0000052
all	8270	8	1528347	0.0000052
all	8276	1	1528347	0.0000007
all	8281	2	1528347	0.0000013
all	8283	8	1528347	0.0000052
all	8298	1	1528347	0.0000007
all	8299	8	1528347	0.0000052
all	8302	2	1528347	0.0000013
all	8307	14	1528347	0.0000092
all	8309	8	1528347	0.0000052
all	8314	4	1528347	0.0000026
all	8315	8	1528347	0.0000052
all	8320	9	1528347	0.0000059
all	8330	1	1528347	0.0000007
all	8331	2	1528347	0.0000013
all	8332	1	1528347	0.0000007
all	8336	8	1528347	0.0000052
all	8337	8	1528347	0.0000052
all	8339	22	1528347	0.0000144
all	8341	16	1528347	0.0000105
all	8343	1	1528347	0.0000007
all	8344	8	1528347	0.0000052
all	8346	8	1528347	0.0000052
all	8353	8	1528347	0.0000052
all	8356	3	1528347	0.0000020
all	8359	1	1528347	0.0000007
all	8369	8	1528347	0.0000052
all	8370	8	1528347	0.0000052
all	8375	1	1528347	0.0000007
all	8377	15	1528347	0.0000098
all	8380	9	1528347	0.0000059
all	8387	9	1528347	0.0000059
all	8389	14	1528347	0.0000092
all	8390	1	1528347	0.0000007
all	8394	8	1528347	0.0000052
all	8398	2	1528347	0.0000013
all	8404	1	1528347	0.0000007
all	8405	8	1528347	0.0000052
all	8406	8	1528347	0.0000052
all	8407	14	1528347	0.0000092
all	8408	2	1528347	0.0000013
all	8413	2	1528347	0.0000013
all	8415	1	1528347	0.0000007
all	8419	2	1528347	0.0000013
all	8421	1	1528347	0.0000007
all	8422	14	1528347	0.0000092
all	8423	1	1528347	0.0000007
all	8425	1	1528347	0.0000007
all	8429	1	1528347	0.0000007
all	8430	14	1528347	0.0000092
all	8433	1	1528347	0.0000007
all	8436	1	1528347	0.0000007
all	8438	2	1528347	0.0000013
all	8442	1	1528347	0.0000007
all	8443	8	1528347	0.0000052
all	8449	16	1528347	0.0000105
all	8451	14	1528347	0.0000092
all	8455	1	1528347	0.0000007
all	8469	8	1528347	0.0000052
all	8483	8	1528347	0.0000052
all	8484	8	1528347	0.0000052
all	8487	2	1528347	0.0000013
all	8489	8	1528347	0.0000052
all	8496	8	1528347	0.0000052
all	8498	16	1528347	0.0000105
all	8509	8	1528347	0.0000052
all	8510	1	1528347	0.0000007
all	8512	1	1528347	0.0000007
all	8529	8	1528347	0.0000052
all	8535	9	1528347	0.0000059
all	8542	16	1528347	0.0000105
all	8557	2	1528347	0.0000013
all	8567	1	1528347	0.0000007
all	8630	1	1528347	0.0000007
all	8636	1	1528347	0.0000007
all	8667	1	1528347	0.0000007
all	8682	1	1528347	0.0000007
all	8688	1	1528347	0.0000007
all	8725	1	1528347	0.0000007
all	8745	1	1528347	0.0000007
all	8772	1	1528347	0.0000007
all	8794	2	1528347	0.0000013
all	8803	1	1528347	0.0000007
all	8867	1	1528347	0.0000007
all	8879	1	1528347	0.0000007
all	8896	1	1528347	0.0000007
all	8926	2	1528347	0.0000013
all	8952	1	1528347	0.0000007
all	8962	1	1528347	0.0000007
all	8996	1	1528347	0.0000007
all	9017	1	1528347	0.0000007
all	9057	1	1528347	0.0000007
all	9064	1	1528347	0.0000007
all	9114	1	1528347	0.0000007
all	9128	1	1528347	0.0000007
all	9159	1	1528347	0.0000007
all	9165	1	1528347	0.0000007
all	9222	1	1528347	0.0000007
all	9246	1	1528347	0.0000007
all	9264	1	1528347	0.0000007
all	9267	1	1528347	0.0000007
all	9287	1	1528347	0.0000007
all	9303	1	1528347	0.0000007
all	9313	1	1528347	0.0000007
all	9314	1	1528347	0.0000007
all	9320	2	1528347	0.0000013
all	9347	1	1528347	0.0000007
all	9384	1	1528347	0.0000007
all	9400	1	1528347	0.0000007
all	9412	1	1528347	0.0000007
all	9427	2	1528347	0.0000013
all	9429	1	1528347	0.0000007
all	9446	1	1528347	0.0000007
all	9453	1	1528347	0.0000007
all	9488	1	1528347	0.0000007
all	9508	1	1528347	0.0000007
all	9520	1	1528347	0.0000007
all	9549	2	1528347	0.0000013
all	9601	1	1528347	0.0000007
all	9602	1	1528347	0.0000007
all	9613	1	1528347	0.0000007
all	9620	1	1528347	0.0000007
all	9639	1	1528347	0.0000007
all	9651	2	1528347	0.0000013
all	9663	2	1528347	0.0000013
all	9674	1	1528347	0.0000007
all	9687	2	1528347	0.0000013
all	9719	1	1528347	0.0000007
all	9735	2	1528347	0.0000013
all	9758	1	1528347	0.0000007
all	9767	2	1528347	0.0000013
all	9780	1	1528347	0.0000007
all	9792	1	1528347	0.0000007
all	9807	2	1528347	0.0000013
all	9821	1	1528347	0.0000007
all	9833	1	1528347	0.0000007
all	9837	1	1528347	0.0000007
all	9843	2	1528347	0.0000013
all	9855	1	1528347	0.0000007
all	9882	1	1528347	0.0000007
all	9884	1	1528347	0.0000007
all	9895	2	1528347	0.0000013
all	9901	1	1528347	0.0000007
all	9903	1	1528347	0.0000007
all	9940	1	1528347	0.0000007
all	9956	2	1528347	0.0000013
all	9960	1	1528347	0.0000007
all	9968	2	1528347	0.0000013
all	9984	1	1528347	0.0000007
all	9993	2	1528347	0.0000013
all	9995	1	1528347	0.0000007
all	9997	2	1528347	0.0000013
all	9998	3	1528347	0.0000020
all	9999	2	1528347	0.0000013
all	10001	1	1528347	0.0000007
all	10017	1	1528347	0.0000007
all	10027	1	1528347	0.0000007
all	10028	2	1528347	0.0000013
all	10052	1	1528347	0.0000007
all	10061	1	1528347	0.0000007
all	10070	1	1528347	0.0000007
all	10092	1	1528347	0.0000007
all	10115	3	1528347	0.0000020
all	10123	1	1528347	0.0000007
all	10132	1	1528347	0.0000007
all	10153	1	1528347	0.0000007
all	10168	1	1528347	0.0000007
all	10192	1	1528347	0.0000007
all	10204	1	1528347	0.0000007
all	10220	2	1528347	0.0000013
all	10224	1	1528347	0.0000007
all	10236	1	1528347	0.0000007
all	10258	2	1528347	0.0000013
all	10292	1	1528347	0.0000007
all	10296	2	1528347	0.0000013
all	10301	1	1528347	0.0000007
all	10302	1	1528347	0.0000007
all	10321	2	1528347	0.0000013
all	10327	1	1528347	0.0000007
all	10334	1	1528347	0.0000007
all	10340	2	1528347	0.0000013
all	10350	2	1528347	0.0000013
all	10359	1	1528347	0.0000007
all	10362	2	1528347	0.0000013
all	10369	2	1528347	0.0000013
all	10372	2	1528347	0.0000013
all	10375	1	1528347	0.0000007
all	10390	1	1528347	0.0000007
all	10404	2	1528347	0.0000013
all	10406	1	1528347	0.0000007
all	10417	2	1528347	0.0000013
all	10418	2	1528347	0.0000013
all	10423	1	1528347	0.0000007
all	10424	2	1528347	0.0000013
all	10431	1	1528347	0.0000007
all	10438	1	1528347	0.0000007
all	10441	4	1528347	0.0000026
all	10443	1	1528347	0.0000007
all	10455	2	1528347	0.0000013
all	10463	1	1528347	0.0000007
all	10468	3	1528347	0.0000020
all	10480	2	1528347	0.0000013
all	10509	2	1528347	0.0000013
all	10513	4	1528347	0.0000026
all	10519	1	1528347	0.0000007
all	10523	1	1528347	0.0000007
all	10525	2	1528347	0.0000013
all	10528	2	1528347	0.0000013
all	10531	3	1528347	0.0000020
all	10534	1	1528347	0.0000007
all	10537	2	1528347	0.0000013
all	10545	3	1528347	0.0000020
all	10549	1	1528347	0.0000007
all	10551	1	1528347	0.0000007
all	10572	1	1528347	0.0000007
all	10573	1	1528347	0.0000007
all	10576	3	1528347	0.0000020
all	10599	1	1528347	0.0000007
all	10611	1	1528347	0.0000007
all	10616	1	1528347	0.0000007
all	10621	1	1528347	0.0000007
all	10628	2	1528347	0.0000013
all	10630	1	1528347	0.0000007
all	10641	3	1528347	0.0000020
all	10708	3	1528347	0.0000020
all	10756	3	1528347	0.0000020
all	10768	1	1528347	0.0000007
all	10778	3	1528347	0.0000020
all	10824	3	1528347	0.0000020
all	10835	3	1528347	0.0000020
all	10839	1	1528347	0.0000007
all	10842	3	1528347	0.0000020
all	10852	3	1528347	0.0000020
all	10870	3	1528347	0.0000020
all	10893	3	1528347	0.0000020
all	10901	3	1528347	0.0000020
all	10904	3	1528347	0.0000020
all	10908	3	1528347	0.0000020
all	10909	3	1528347	0.0000020
all	10912	1	1528347	0.0000007
all	10919	3	1528347	0.0000020
all	10921	3	1528347	0.0000020
all	10940	3	1528347	0.0000020
all	10941	1	1528347	0.0000007
all	10943	3	1528347	0.0000020
all	10953	1	1528347	0.0000007
all	10958	3	1528347	0.0000020
all	10960	2	1528347	0.0000013
all	10963	1	1528347	0.0000007
all	10967	3	1528347	0.0000020
all	10968	1	1528347	0.0000007
all	10982	2	1528347	0.0000013
all	10989	1	1528347	0.0000007
all	10991	1	1528347	0.0000007
all	10994	2	1528347	0.0000013
all	10996	2	1528347	0.0000013
all	10998	2	1528347	0.0000013
