all	0	99036	1528347	0.0647994
all	1	14810	1528347	0.0096902
all	2	26275	1528347	0.0171918
all	3	13865	1528347	0.0090719
all	4	18234	1528347	0.0119305
all	5	13227	1528347	0.0086544
all	6	14097	1528347	0.0092237
all	7	11611	1528347	0.0075971
all	8	12032	1528347	0.0078726
all	9	9959	1528347	0.0065162
all	10	10425	1528347	0.0068211
all	11	9719	1528347	0.0063592
all	12	10614	1528347	0.0069448
all	13	8717	1528347	0.0057035
all	14	8747	1528347	0.0057232
all	15	7700	1528347	0.0050381
all	16	7952	1528347	0.0052030
all	17	6775	1528347	0.0044329
all	18	7607	1528347	0.0049773
all	19	7033	1528347	0.0046017
all	20	6415	1528347	0.0041973
all	21	6078	1528347	0.0039768
all	22	6790	1528347	0.0044427
all	23	6074	1528347	0.0039742
all	24	5936	1528347	0.0038839
all	25	6161	1528347	0.0040312
all	26	5569	1528347	0.0036438
all	27	5918	1528347	0.0038722
all	28	5698	1528347	0.0037282
all	29	5622	1528347	0.0036785
all	30	5602	1528347	0.0036654
all	31	5441	1528347	0.0035601
all	32	5355	1528347	0.0035038
all	33	5525	1528347	0.0036150
all	34	5224	1528347	0.0034181
all	35	4875	1528347	0.0031897
all	36	5599	1528347	0.0036634
all	37	5186	1528347	0.0033932
all	38	5372	1528347	0.0035149
all	39	4951	1528347	0.0032394
all	40	5361	1528347	0.0035077
all	41	4893	1528347	0.0032015
all	42	5023	1528347	0.0032866
all	43	5356	1528347	0.0035044
all	44	5612	1528347	0.0036719
all	45	5581	1528347	0.0036517
all	46	5845	1528347	0.0038244
all	47	5394	1528347	0.0035293
all	48	5616	1528347	0.0036746
all	49	5856	1528347	0.0038316
all	50	5725	1528347	0.0037459
all	51	5823	1528347	0.0038100
all	52	5793	1528347	0.0037904
all	53	6258	1528347	0.0040946
all	54	5385	1528347	0.0035234
all	55	5383	1528347	0.0035221
all	56	5006	1528347	0.0032754
all	57	5006	1528347	0.0032754
all	58	5525	1528347	0.0036150
all	59	5148	1528347	0.0033683
all	60	5630	1528347	0.0036837
all	61	5034	1528347	0.0032938
all	62	5533	1528347	0.0036203
all	63	5099	1528347	0.0033363
all	64	5138	1528347	0.0033618
all	65	5340	1528347	0.0034940
all	66	5511	1528347	0.0036059
all	67	5513	1528347	0.0036072
all	68	5581	1528347	0.0036517
all	69	5570	1528347	0.0036445
all	70	5256	1528347	0.0034390
all	71	5450	1528347	0.0035659
all	72	5838	1528347	0.0038198
all	73	5597	1528347	0.0036621
all	74	5532	1528347	0.0036196
all	75	5511	1528347	0.0036059
all	76	5459	1528347	0.0035718
all	77	5894	1528347	0.0038565
all	78	5836	1528347	0.0038185
all	79	5474	1528347	0.0035816
all	80	5843	1528347	0.0038231
all	81	5624	1528347	0.0036798
all	82	5534	1528347	0.0036209
all	83	5462	1528347	0.0035738
all	84	5828	1528347	0.0038133
all	85	5414	1528347	0.0035424
all	86	5316	1528347	0.0034783
all	87	5636	1528347	0.0036876
all	88	5681	1528347	0.0037171
all	89	6023	1528347	0.0039409
all	90	5539	1528347	0.0036242
all	91	5309	1528347	0.0034737
all	92	5357	1528347	0.0035051
all	93	5598	1528347	0.0036628
all	94	5391	1528347	0.0035273
all	95	5680	1528347	0.0037164
all	96	5732	1528347	0.0037505
all	97	5365	1528347	0.0035103
all	98	5556	1528347	0.0036353
all	99	5622	1528347	0.0036785
all	100	5560	1528347	0.0036379
all	101	5532	1528347	0.0036196
all	102	5329	1528347	0.0034868
all	103	5088	1528347	0.0033291
all	104	5565	1528347	0.0036412
all	105	5306	1528347	0.0034717
all	106	5870	1528347	0.0038408
all	107	5462	1528347	0.0035738
all	108	5670	1528347	0.0037099
all	109	5448	1528347	0.0035646
all	110	5520	1528347	0.0036117
all	111	5165	1528347	0.0033795
all	112	5280	1528347	0.0034547
all	113	5327	1528347	0.0034855
all	114	5187	1528347	0.0033939
all	115	5162	1528347	0.0033775
all	116	5254	1528347	0.0034377
all	117	5026	1528347	0.0032885
all	118	5014	1528347	0.0032807
all	119	5156	1528347	0.0033736
all	120	5179	1528347	0.0033886
all	121	5078	1528347	0.0033225
all	122	5248	1528347	0.0034338
all	123	5093	1528347	0.0033324
all	124	5099	1528347	0.0033363
all	125	5040	1528347	0.0032977
all	126	4937	1528347	0.0032303
all	127	5023	1528347	0.0032866
all	128	5205	1528347	0.0034056
all	129	4682	1528347	0.0030634
all	130	4980	1528347	0.0032584
all	131	4551	1528347	0.0029777
all	132	4630	1528347	0.0030294
all	133	4520	1528347	0.0029574
all	134	4438	1528347	0.0029038
all	135	4526	1528347	0.0029614
all	136	4409	1528347	0.0028848
all	137	4318	1528347	0.0028253
all	138	4216	1528347	0.0027585
all	139	4372	1528347	0.0028606
all	140	4268	1528347	0.0027926
all	141	4383	1528347	0.0028678
all	142	4201	1528347	0.0027487
all	143	4195	1528347	0.0027448
all	144	4128	1528347	0.0027010
all	145	4361	1528347	0.0028534
all	146	4196	1528347	0.0027454
all	147	4150	1528347	0.0027154
all	148	3998	1528347	0.0026159
all	149	4285	1528347	0.0028037
all	150	4334	1528347	0.0028357
all	151	4464	1528347	0.0029208
all	152	4167	1528347	0.0027265
all	153	4151	1528347	0.0027160
all	154	4051	1528347	0.0026506
all	155	3880	1528347	0.0025387
all	156	4055	1528347	0.0026532
all	157	3929	1528347	0.0025708
all	158	4080	1528347	0.0026696
all	159	3894	1528347	0.0025479
all	160	3969	1528347	0.0025969
all	161	4028	1528347	0.0026355
all	162	3813	1528347	0.0024949
all	163	3933	1528347	0.0025734
all	164	3914	1528347	0.0025609
all	165	3625	1528347	0.0023718
all	166	3641	1528347	0.0023823
all	167	3750	1528347	0.0024536
all	168	3672	1528347	0.0024026
all	169	3754	1528347	0.0024562
all	170	3528	1528347	0.0023084
all	171	3535	1528347	0.0023130
all	172	3514	1528347	0.0022992
all	173	3755	1528347	0.0024569
all	174	3516	1528347	0.0023005
all	175	3719	1528347	0.0024333
all	176	3271	1528347	0.0021402
all	177	3556	1528347	0.0023267
all	178	3320	1528347	0.0021723
all	179	3393	1528347	0.0022200
all	180	3271	1528347	0.0021402
all	181	3171	1528347	0.0020748
all	182	3080	1528347	0.0020152
all	183	3112	1528347	0.0020362
all	184	3213	1528347	0.0021023
all	185	3314	1528347	0.0021684
all	186	3249	1528347	0.0021258
all	187	3127	1528347	0.0020460
all	188	3231	1528347	0.0021140
all	189	3200	1528347	0.0020938
all	190	3254	1528347	0.0021291
all	191	3263	1528347	0.0021350
all	192	3095	1528347	0.0020251
all	193	2833	1528347	0.0018536
all	194	2920	1528347	0.0019106
all	195	2899	1528347	0.0018968
all	196	2898	1528347	0.0018962
all	197	2863	1528347	0.0018733
all	198	2897	1528347	0.0018955
all	199	2827	1528347	0.0018497
all	200	2698	1528347	0.0017653
all	201	2881	1528347	0.0018850
all	202	2689	1528347	0.0017594
all	203	2753	1528347	0.0018013
all	204	2691	1528347	0.0017607
all	205	2880	1528347	0.0018844
all	206	2590	1528347	0.0016946
all	207	2697	1528347	0.0017647
all	208	2743	1528347	0.0017947
all	209	2767	1528347	0.0018105
all	210	2714	1528347	0.0017758
all	211	2592	1528347	0.0016959
all	212	2619	1528347	0.0017136
all	213	2652	1528347	0.0017352
all	214	2409	1528347	0.0015762
all	215	2546	1528347	0.0016659
all	216	2478	1528347	0.0016214
all	217	2401	1528347	0.0015710
all	218	2469	1528347	0.0016155
all	219	2459	1528347	0.0016089
all	220	2369	1528347	0.0015500
all	221	2408	1528347	0.0015756
all	222	2468	1528347	0.0016148
all	223	2395	1528347	0.0015671
all	224	2396	1528347	0.0015677
all	225	2415	1528347	0.0015801
all	226	2318	1528347	0.0015167
all	227	2290	1528347	0.0014984
all	228	2209	1528347	0.0014454
all	229	2388	1528347	0.0015625
all	230	2246	1528347	0.0014696
all	231	2182	1528347	0.0014277
all	232	2206	1528347	0.0014434
all	233	2287	1528347	0.0014964
all	234	2325	1528347	0.0015213
all	235	2179	1528347	0.0014257
all	236	2066	1528347	0.0013518
all	237	2075	1528347	0.0013577
all	238	2087	1528347	0.0013655
all	239	2040	1528347	0.0013348
all	240	2050	1528347	0.0013413
all	241	2018	1528347	0.0013204
all	242	2060	1528347	0.0013479
all	243	2092	1528347	0.0013688
all	244	1898	1528347	0.0012419
all	245	1950	1528347	0.0012759
all	246	1856	1528347	0.0012144
all	247	1871	1528347	0.0012242
all	248	1916	1528347	0.0012536
all	249	1908	1528347	0.0012484
all	250	1761	1528347	0.0011522
all	251	1646	1528347	0.0010770
all	252	1852	1528347	0.0012118
all	253	1761	1528347	0.0011522
all	254	1695	1528347	0.0011090
all	255	1692	1528347	0.0011071
all	256	1555	1528347	0.0010174
all	257	1609	1528347	0.0010528
all	258	1721	1528347	0.0011261
all	259	1689	1528347	0.0011051
all	260	1418	1528347	0.0009278
all	261	1650	1528347	0.0010796
all	262	1658	1528347	0.0010848
all	263	1685	1528347	0.0011025
all	264	1618	1528347	0.0010587
all	265	1630	1528347	0.0010665
all	266	1591	1528347	0.0010410
all	267	1509	1528347	0.0009873
all	268	1447	1528347	0.0009468
all	269	1481	1528347	0.0009690
all	270	1648	1528347	0.0010783
all	271	1535	1528347	0.0010044
all	272	1556	1528347	0.0010181
all	273	1430	1528347	0.0009357
all	274	1364	1528347	0.0008925
all	275	1393	1528347	0.0009114
all	276	1329	1528347	0.0008696
all	277	1395	1528347	0.0009128
all	278	1328	1528347	0.0008689
all	279	1324	1528347	0.0008663
all	280	1231	1528347	0.0008054
all	281	1375	1528347	0.0008997
all	282	1352	1528347	0.0008846
all	283	1296	1528347	0.0008480
all	284	1393	1528347	0.0009114
all	285	1339	1528347	0.0008761
all	286	1311	1528347	0.0008578
all	287	1232	1528347	0.0008061
all	288	1260	1528347	0.0008244
all	289	1449	1528347	0.0009481
all	290	1332	1528347	0.0008715
all	291	1240	1528347	0.0008113
all	292	1201	1528347	0.0007858
all	293	1226	1528347	0.0008022
all	294	1214	1528347	0.0007943
all	295	1190	1528347	0.0007786
all	296	1224	1528347	0.0008009
all	297	1208	1528347	0.0007904
all	298	1125	1528347	0.0007361
all	299	1187	1528347	0.0007767
all	300	1117	1528347	0.0007309
all	301	1044	1528347	0.0006831
all	302	1189	1528347	0.0007780
all	303	1117	1528347	0.0007309
all	304	1142	1528347	0.0007472
all	305	1198	1528347	0.0007839
all	306	1206	1528347	0.0007891
all	307	1086	1528347	0.0007106
all	308	1093	1528347	0.0007152
all	309	1080	1528347	0.0007066
all	310	1103	1528347	0.0007217
all	311	1038	1528347	0.0006792
all	312	1096	1528347	0.0007171
all	313	1050	1528347	0.0006870
all	314	1117	1528347	0.0007309
all	315	1091	1528347	0.0007138
all	316	1080	1528347	0.0007066
all	317	1047	1528347	0.0006851
all	318	1102	1528347	0.0007210
all	319	1114	1528347	0.0007289
all	320	1027	1528347	0.0006720
all	321	1045	1528347	0.0006837
all	322	958	1528347	0.0006268
all	323	1044	1528347	0.0006831
all	324	897	1528347	0.0005869
all	325	1023	1528347	0.0006694
all	326	1057	1528347	0.0006916
all	327	1010	1528347	0.0006608
all	328	915	1528347	0.0005987
all	329	1052	1528347	0.0006883
all	330	972	1528347	0.0006360
all	331	946	1528347	0.0006190
all	332	927	1528347	0.0006065
all	333	899	1528347	0.0005882
all	334	884	1528347	0.0005784
all	335	909	1528347	0.0005948
all	336	850	1528347	0.0005562
all	337	940	1528347	0.0006150
all	338	798	1528347	0.0005221
all	339	798	1528347	0.0005221
all	340	811	1528347	0.0005306
all	341	673	1528347	0.0004403
all	342	759	1528347	0.0004966
all	343	810	1528347	0.0005300
all	344	783	1528347	0.0005123
all	345	768	1528347	0.0005025
all	346	806	1528347	0.0005274
all	347	767	1528347	0.0005018
all	348	793	1528347	0.0005189
all	349	788	1528347	0.0005156
all	350	731	1528347	0.0004783
all	351	791	1528347	0.0005176
all	352	653	1528347	0.0004273
all	353	733	1528347	0.0004796
all	354	707	1528347	0.0004626
all	355	734	1528347	0.0004803
all	356	649	1528347	0.0004246
all	357	696	1528347	0.0004554
all	358	673	1528347	0.0004403
all	359	692	1528347	0.0004528
all	360	781	1528347	0.0005110
all	361	727	1528347	0.0004757
all	362	670	1528347	0.0004384
all	363	697	1528347	0.0004560
all	364	613	1528347	0.0004011
all	365	595	1528347	0.0003893
all	366	628	1528347	0.0004109
all	367	625	1528347	0.0004089
all	368	586	1528347	0.0003834
all	369	614	1528347	0.0004017
all	370	542	1528347	0.0003546
all	371	594	1528347	0.0003887
all	372	585	1528347	0.0003828
all	373	655	1528347	0.0004286
all	374	581	1528347	0.0003801
all	375	630	1528347	0.0004122
all	376	584	1528347	0.0003821
all	377	606	1528347	0.0003965
all	378	572	1528347	0.0003743
all	379	599	1528347	0.0003919
all	380	582	1528347	0.0003808
all	381	580	1528347	0.0003795
all	382	609	1528347	0.0003985
all	383	610	1528347	0.0003991
all	384	585	1528347	0.0003828
all	385	555	1528347	0.0003631
all	386	555	1528347	0.0003631
all	387	557	1528347	0.0003644
all	388	551	1528347	0.0003605
all	389	519	1528347	0.0003396
all	390	533	1528347	0.0003487
all	391	491	1528347	0.0003213
all	392	626	1528347	0.0004096
all	393	505	1528347	0.0003304
all	394	536	1528347	0.0003507
all	395	558	1528347	0.0003651
all	396	470	1528347	0.0003075
all	397	538	1528347	0.0003520
all	398	470	1528347	0.0003075
all	399	479	1528347	0.0003134
all	400	524	1528347	0.0003429
all	401	477	1528347	0.0003121
all	402	467	1528347	0.0003056
all	403	430	1528347	0.0002813
all	404	432	1528347	0.0002827
all	405	419	1528347	0.0002742
all	406	378	1528347	0.0002473
all	407	384	1528347	0.0002513
all	408	414	1528347	0.0002709
all	409	397	1528347	0.0002598
all	410	442	1528347	0.0002892
all	411	405	1528347	0.0002650
all	412	411	1528347	0.0002689
all	413	399	1528347	0.0002611
all	414	409	1528347	0.0002676
all	415	418	1528347	0.0002735
all	416	391	1528347	0.0002558
all	417	419	1528347	0.0002742
all	418	438	1528347	0.0002866
all	419	420	1528347	0.0002748
all	420	407	1528347	0.0002663
all	421	381	1528347	0.0002493
all	422	397	1528347	0.0002598
all	423	391	1528347	0.0002558
all	424	485	1528347	0.0003173
all	425	401	1528347	0.0002624
all	426	360	1528347	0.0002355
all	427	337	1528347	0.0002205
all	428	370	1528347	0.0002421
all	429	401	1528347	0.0002624
all	430	334	1528347	0.0002185
all	431	367	1528347	0.0002401
all	432	348	1528347	0.0002277
all	433	293	1528347	0.0001917
all	434	376	1528347	0.0002460
all	435	349	1528347	0.0002284
all	436	324	1528347	0.0002120
all	437	338	1528347	0.0002212
all	438	340	1528347	0.0002225
all	439	328	1528347	0.0002146
all	440	358	1528347	0.0002342
all	441	346	1528347	0.0002264
all	442	363	1528347	0.0002375
all	443	331	1528347	0.0002166
all	444	308	1528347	0.0002015
all	445	320	1528347	0.0002094
all	446	294	1528347	0.0001924
all	447	310	1528347	0.0002028
all	448	291	1528347	0.0001904
all	449	319	1528347	0.0002087
all	450	254	1528347	0.0001662
all	451	303	1528347	0.0001983
all	452	304	1528347	0.0001989
all	453	307	1528347	0.0002009
all	454	292	1528347	0.0001911
all	455	338	1528347	0.0002212
all	456	303	1528347	0.0001983
all	457	312	1528347	0.0002041
all	458	272	1528347	0.0001780
all	459	282	1528347	0.0001845
all	460	293	1528347	0.0001917
all	461	269	1528347	0.0001760
all	462	257	1528347	0.0001682
all	463	257	1528347	0.0001682
all	464	277	1528347	0.0001812
all	465	256	1528347	0.0001675
all	466	281	1528347	0.0001839
all	467	251	1528347	0.0001642
all	468	277	1528347	0.0001812
all	469	233	1528347	0.0001525
all	470	221	1528347	0.0001446
all	471	245	1528347	0.0001603
all	472	224	1528347	0.0001466
all	473	239	1528347	0.0001564
all	474	296	1528347	0.0001937
all	475	243	1528347	0.0001590
all	476	215	1528347	0.0001407
all	477	260	1528347	0.0001701
all	478	248	1528347	0.0001623
all	479	252	1528347	0.0001649
all	480	268	1528347	0.0001754
all	481	198	1528347	0.0001296
all	482	201	1528347	0.0001315
all	483	214	1528347	0.0001400
all	484	217	1528347	0.0001420
all	485	234	1528347	0.0001531
all	486	204	1528347	0.0001335
all	487	200	1528347	0.0001309
all	488	191	1528347	0.0001250
all	489	226	1528347	0.0001479
all	490	245	1528347	0.0001603
all	491	206	1528347	0.0001348
all	492	231	1528347	0.0001511
all	493	182	1528347	0.0001191
all	494	173	1528347	0.0001132
all	495	167	1528347	0.0001093
all	496	178	1528347	0.0001165
all	497	180	1528347	0.0001178
all	498	225	1528347	0.0001472
all	499	177	1528347	0.0001158
all	500	204	1528347	0.0001335
all	501	216	1528347	0.0001413
all	502	167	1528347	0.0001093
all	503	217	1528347	0.0001420
all	504	189	1528347	0.0001237
all	505	236	1528347	0.0001544
all	506	197	1528347	0.0001289
all	507	174	1528347	0.0001138
all	508	221	1528347	0.0001446
all	509	189	1528347	0.0001237
all	510	169	1528347	0.0001106
all	511	187	1528347	0.0001224
all	512	198	1528347	0.0001296
all	513	163	1528347	0.0001067
all	514	163	1528347	0.0001067
all	515	179	1528347	0.0001171
all	516	204	1528347	0.0001335
all	517	177	1528347	0.0001158
all	518	182	1528347	0.0001191
all	519	197	1528347	0.0001289
all	520	201	1528347	0.0001315
all	521	164	1528347	0.0001073
all	522	171	1528347	0.0001119
all	523	171	1528347	0.0001119
all	524	156	1528347	0.0001021
all	525	142	1528347	0.0000929
all	526	157	1528347	0.0001027
all	527	177	1528347	0.0001158
all	528	156	1528347	0.0001021
all	529	193	1528347	0.0001263
all	530	164	1528347	0.0001073
all	531	154	1528347	0.0001008
all	532	131	1528347	0.0000857
all	533	187	1528347	0.0001224
all	534	168	1528347	0.0001099
all	535	151	1528347	0.0000988
all	536	132	1528347	0.0000864
all	537	162	1528347	0.0001060
all	538	151	1528347	0.0000988
all	539	146	1528347	0.0000955
all	540	189	1528347	0.0001237
all	541	146	1528347	0.0000955
all	542	146	1528347	0.0000955
all	543	160	1528347	0.0001047
all	544	177	1528347	0.0001158
all	545	146	1528347	0.0000955
all	546	158	1528347	0.0001034
all	547	156	1528347	0.0001021
all	548	155	1528347	0.0001014
all	549	129	1528347	0.0000844
all	550	127	1528347	0.0000831
all	551	111	1528347	0.0000726
all	552	130	1528347	0.0000851
all	553	107	1528347	0.0000700
all	554	127	1528347	0.0000831
all	555	127	1528347	0.0000831
all	556	120	1528347	0.0000785
all	557	124	1528347	0.0000811
all	558	148	1528347	0.0000968
all	559	125	1528347	0.0000818
all	560	143	1528347	0.0000936
all	561	97	1528347	0.0000635
all	562	133	1528347	0.0000870
all	563	137	1528347	0.0000896
all	564	148	1528347	0.0000968
all	565	110	1528347	0.0000720
all	566	119	1528347	0.0000779
all	567	127	1528347	0.0000831
all	568	163	1528347	0.0001067
all	569	128	1528347	0.0000838
all	570	145	1528347	0.0000949
all	571	127	1528347	0.0000831
all	572	105	1528347	0.0000687
all	573	120	1528347	0.0000785
all	574	91	1528347	0.0000595
all	575	108	1528347	0.0000707
all	576	108	1528347	0.0000707
all	577	124	1528347	0.0000811
all	578	137	1528347	0.0000896
all	579	134	1528347	0.0000877
all	580	136	1528347	0.0000890
all	581	122	1528347	0.0000798
all	582	136	1528347	0.0000890
all	583	138	1528347	0.0000903
all	584	116	1528347	0.0000759
all	585	145	1528347	0.0000949
all	586	127	1528347	0.0000831
all	587	127	1528347	0.0000831
all	588	106	1528347	0.0000694
all	589	127	1528347	0.0000831
all	590	127	1528347	0.0000831
all	591	130	1528347	0.0000851
all	592	73	1528347	0.0000478
all	593	121	1528347	0.0000792
all	594	85	1528347	0.0000556
all	595	85	1528347	0.0000556
all	596	80	1528347	0.0000523
all	597	85	1528347	0.0000556
all	598	115	1528347	0.0000752
all	599	98	1528347	0.0000641
all	600	97	1528347	0.0000635
all	601	101	1528347	0.0000661
all	602	92	1528347	0.0000602
all	603	89	1528347	0.0000582
all	604	98	1528347	0.0000641
all	605	97	1528347	0.0000635
all	606	107	1528347	0.0000700
all	607	108	1528347	0.0000707
all	608	96	1528347	0.0000628
all	609	81	1528347	0.0000530
all	610	88	1528347	0.0000576
all	611	108	1528347	0.0000707
all	612	114	1528347	0.0000746
all	613	109	1528347	0.0000713
all	614	102	1528347	0.0000667
all	615	69	1528347	0.0000451
all	616	82	1528347	0.0000537
all	617	91	1528347	0.0000595
all	618	82	1528347	0.0000537
all	619	85	1528347	0.0000556
all	620	80	1528347	0.0000523
all	621	69	1528347	0.0000451
all	622	78	1528347	0.0000510
all	623	77	1528347	0.0000504
all	624	65	1528347	0.0000425
all	625	89	1528347	0.0000582
all	626	73	1528347	0.0000478
all	627	85	1528347	0.0000556
all	628	98	1528347	0.0000641
all	629	91	1528347	0.0000595
all	630	59	1528347	0.0000386
all	631	109	1528347	0.0000713
all	632	113	1528347	0.0000739
all	633	95	1528347	0.0000622
all	634	99	1528347	0.0000648
all	635	102	1528347	0.0000667
all	636	94	1528347	0.0000615
all	637	68	1528347	0.0000445
all	638	95	1528347	0.0000622
all	639	62	1528347	0.0000406
all	640	88	1528347	0.0000576
all	641	86	1528347	0.0000563
all	642	87	1528347	0.0000569
all	643	74	1528347	0.0000484
all	644	87	1528347	0.0000569
all	645	73	1528347	0.0000478
all	646	74	1528347	0.0000484
all	647	71	1528347	0.0000465
all	648	81	1528347	0.0000530
all	649	80	1528347	0.0000523
all	650	84	1528347	0.0000550
all	651	66	1528347	0.0000432
all	652	104	1528347	0.0000680
all	653	91	1528347	0.0000595
all	654	89	1528347	0.0000582
all	655	85	1528347	0.0000556
all	656	84	1528347	0.0000550
all	657	63	1528347	0.0000412
all	658	85	1528347	0.0000556
all	659	77	1528347	0.0000504
all	660	77	1528347	0.0000504
all	661	99	1528347	0.0000648
all	662	62	1528347	0.0000406
all	663	67	1528347	0.0000438
all	664	90	1528347	0.0000589
all	665	72	1528347	0.0000471
all	666	74	1528347	0.0000484
all	667	89	1528347	0.0000582
all	668	66	1528347	0.0000432
all	669	67	1528347	0.0000438
all	670	80	1528347	0.0000523
all	671	74	1528347	0.0000484
all	672	87	1528347	0.0000569
all	673	89	1528347	0.0000582
all	674	70	1528347	0.0000458
all	675	91	1528347	0.0000595
all	676	85	1528347	0.0000556
all	677	79	1528347	0.0000517
all	678	106	1528347	0.0000694
all	679	63	1528347	0.0000412
all	680	81	1528347	0.0000530
all	681	80	1528347	0.0000523
all	682	72	1528347	0.0000471
all	683	68	1528347	0.0000445
all	684	75	1528347	0.0000491
all	685	90	1528347	0.0000589
all	686	83	1528347	0.0000543
all	687	82	1528347	0.0000537
all	688	43	1528347	0.0000281
all	689	71	1528347	0.0000465
all	690	44	1528347	0.0000288
all	691	74	1528347	0.0000484
all	692	61	1528347	0.0000399
all	693	77	1528347	0.0000504
all	694	61	1528347	0.0000399
all	695	63	1528347	0.0000412
all	696	41	1528347	0.0000268
all	697	58	1528347	0.0000379
all	698	51	1528347	0.0000334
all	699	71	1528347	0.0000465
all	700	46	1528347	0.0000301
all	701	51	1528347	0.0000334
all	702	45	1528347	0.0000294
all	703	62	1528347	0.0000406
all	704	51	1528347	0.0000334
all	705	60	1528347	0.0000393
all	706	52	1528347	0.0000340
all	707	32	1528347	0.0000209
all	708	49	1528347	0.0000321
all	709	45	1528347	0.0000294
all	710	58	1528347	0.0000379
all	711	52	1528347	0.0000340
all	712	69	1528347	0.0000451
all	713	67	1528347	0.0000438
all	714	44	1528347	0.0000288
all	715	47	1528347	0.0000308
all	716	72	1528347	0.0000471
all	717	63	1528347	0.0000412
all	718	53	1528347	0.0000347
all	719	59	1528347	0.0000386
all	720	65	1528347	0.0000425
all	721	52	1528347	0.0000340
all	722	47	1528347	0.0000308
all	723	51	1528347	0.0000334
all	724	51	1528347	0.0000334
all	725	68	1528347	0.0000445
all	726	60	1528347	0.0000393
all	727	54	1528347	0.0000353
all	728	59	1528347	0.0000386
all	729	29	1528347	0.0000190
all	730	48	1528347	0.0000314
all	731	47	1528347	0.0000308
all	732	55	1528347	0.0000360
all	733	47	1528347	0.0000308
all	734	66	1528347	0.0000432
all	735	45	1528347	0.0000294
all	736	46	1528347	0.0000301
all	737	51	1528347	0.0000334
all	738	39	1528347	0.0000255
all	739	40	1528347	0.0000262
all	740	61	1528347	0.0000399
all	741	36	1528347	0.0000236
all	742	39	1528347	0.0000255
all	743	48	1528347	0.0000314
all	744	38	1528347	0.0000249
all	745	38	1528347	0.0000249
all	746	46	1528347	0.0000301
all	747	51	1528347	0.0000334
all	748	47	1528347	0.0000308
all	749	46	1528347	0.0000301
all	750	42	1528347	0.0000275
all	751	51	1528347	0.0000334
all	752	56	1528347	0.0000366
all	753	57	1528347	0.0000373
all	754	27	1528347	0.0000177
all	755	54	1528347	0.0000353
all	756	43	1528347	0.0000281
all	757	39	1528347	0.0000255
all	758	37	1528347	0.0000242
all	759	32	1528347	0.0000209
all	760	49	1528347	0.0000321
all	761	53	1528347	0.0000347
all	762	61	1528347	0.0000399
all	763	50	1528347	0.0000327
all	764	35	1528347	0.0000229
all	765	38	1528347	0.0000249
all	766	53	1528347	0.0000347
all	767	38	1528347	0.0000249
all	768	44	1528347	0.0000288
all	769	41	1528347	0.0000268
all	770	43	1528347	0.0000281
all	771	49	1528347	0.0000321
all	772	39	1528347	0.0000255
all	773	54	1528347	0.0000353
all	774	33	1528347	0.0000216
all	775	34	1528347	0.0000222
all	776	35	1528347	0.0000229
all	777	40	1528347	0.0000262
all	778	42	1528347	0.0000275
all	779	24	1528347	0.0000157
all	780	39	1528347	0.0000255
all	781	54	1528347	0.0000353
all	782	35	1528347	0.0000229
all	783	50	1528347	0.0000327
all	784	35	1528347	0.0000229
all	785	36	1528347	0.0000236
all	786	48	1528347	0.0000314
all	787	45	1528347	0.0000294
all	788	24	1528347	0.0000157
all	789	40	1528347	0.0000262
all	790	40	1528347	0.0000262
all	791	35	1528347	0.0000229
all	792	48	1528347	0.0000314
all	793	43	1528347	0.0000281
all	794	40	1528347	0.0000262
all	795	32	1528347	0.0000209
all	796	52	1528347	0.0000340
all	797	48	1528347	0.0000314
all	798	46	1528347	0.0000301
all	799	41	1528347	0.0000268
all	800	40	1528347	0.0000262
all	801	39	1528347	0.0000255
all	802	41	1528347	0.0000268
all	803	41	1528347	0.0000268
all	804	27	1528347	0.0000177
all	805	30	1528347	0.0000196
all	806	35	1528347	0.0000229
all	807	28	1528347	0.0000183
all	808	27	1528347	0.0000177
all	809	33	1528347	0.0000216
all	810	42	1528347	0.0000275
all	811	43	1528347	0.0000281
all	812	20	1528347	0.0000131
all	813	28	1528347	0.0000183
all	814	24	1528347	0.0000157
all	815	34	1528347	0.0000222
all	816	28	1528347	0.0000183
all	817	60	1528347	0.0000393
all	818	31	1528347	0.0000203
all	819	15	1528347	0.0000098
all	820	26	1528347	0.0000170
all	821	34	1528347	0.0000222
all	822	19	1528347	0.0000124
all	823	26	1528347	0.0000170
all	824	23	1528347	0.0000150
all	825	15	1528347	0.0000098
all	826	26	1528347	0.0000170
all	827	17	1528347	0.0000111
all	828	20	1528347	0.0000131
all	829	26	1528347	0.0000170
all	830	19	1528347	0.0000124
all	831	29	1528347	0.0000190
all	832	17	1528347	0.0000111
all	833	11	1528347	0.0000072
all	834	18	1528347	0.0000118
all	835	14	1528347	0.0000092
all	836	23	1528347	0.0000150
all	837	30	1528347	0.0000196
all	838	13	1528347	0.0000085
all	839	20	1528347	0.0000131
all	840	20	1528347	0.0000131
all	841	24	1528347	0.0000157
all	842	19	1528347	0.0000124
all	843	21	1528347	0.0000137
all	844	23	1528347	0.0000150
all	845	6	1528347	0.0000039
all	846	15	1528347	0.0000098
all	847	15	1528347	0.0000098
all	848	25	1528347	0.0000164
all	849	17	1528347	0.0000111
all	850	19	1528347	0.0000124
all	851	22	1528347	0.0000144
all	852	31	1528347	0.0000203
all	853	20	1528347	0.0000131
all	854	23	1528347	0.0000150
all	855	26	1528347	0.0000170
all	856	19	1528347	0.0000124
all	857	17	1528347	0.0000111
all	858	13	1528347	0.0000085
all	859	12	1528347	0.0000079
all	860	16	1528347	0.0000105
all	861	16	1528347	0.0000105
all	862	18	1528347	0.0000118
all	863	12	1528347	0.0000079
all	864	12	1528347	0.0000079
all	865	22	1528347	0.0000144
all	866	20	1528347	0.0000131
all	867	30	1528347	0.0000196
all	868	15	1528347	0.0000098
all	869	10	1528347	0.0000065
all	870	15	1528347	0.0000098
all	871	16	1528347	0.0000105
all	872	17	1528347	0.0000111
all	873	14	1528347	0.0000092
all	874	21	1528347	0.0000137
all	875	16	1528347	0.0000105
all	876	10	1528347	0.0000065
all	877	5	1528347	0.0000033
all	878	11	1528347	0.0000072
all	879	15	1528347	0.0000098
all	880	21	1528347	0.0000137
all	881	8	1528347	0.0000052
all	882	18	1528347	0.0000118
all	883	13	1528347	0.0000085
all	884	17	1528347	0.0000111
all	885	16	1528347	0.0000105
all	886	16	1528347	0.0000105
all	887	18	1528347	0.0000118
all	888	19	1528347	0.0000124
all	889	17	1528347	0.0000111
all	890	9	1528347	0.0000059
all	891	16	1528347	0.0000105
all	892	14	1528347	0.0000092
all	893	23	1528347	0.0000150
all	894	16	1528347	0.0000105
all	895	15	1528347	0.0000098
all	896	17	1528347	0.0000111
all	897	23	1528347	0.0000150
all	898	12	1528347	0.0000079
all	899	6	1528347	0.0000039
all	900	22	1528347	0.0000144
all	901	11	1528347	0.0000072
all	902	20	1528347	0.0000131
all	903	16	1528347	0.0000105
all	904	19	1528347	0.0000124
all	905	16	1528347	0.0000105
all	906	24	1528347	0.0000157
all	907	16	1528347	0.0000105
all	908	26	1528347	0.0000170
all	909	15	1528347	0.0000098
all	910	26	1528347	0.0000170
all	911	20	1528347	0.0000131
all	912	15	1528347	0.0000098
all	913	18	1528347	0.0000118
all	914	24	1528347	0.0000157
all	915	22	1528347	0.0000144
all	916	17	1528347	0.0000111
all	917	27	1528347	0.0000177
all	918	23	1528347	0.0000150
all	919	19	1528347	0.0000124
all	920	18	1528347	0.0000118
all	921	18	1528347	0.0000118
all	922	10	1528347	0.0000065
all	923	16	1528347	0.0000105
all	924	11	1528347	0.0000072
all	925	12	1528347	0.0000079
all	926	22	1528347	0.0000144
all	927	12	1528347	0.0000079
all	928	9	1528347	0.0000059
all	929	16	1528347	0.0000105
all	930	11	1528347	0.0000072
all	931	10	1528347	0.0000065
all	932	27	1528347	0.0000177
all	933	15	1528347	0.0000098
all	934	10	1528347	0.0000065
all	935	19	1528347	0.0000124
all	936	21	1528347	0.0000137
all	937	23	1528347	0.0000150
all	938	21	1528347	0.0000137
all	939	21	1528347	0.0000137
all	940	19	1528347	0.0000124
all	941	23	1528347	0.0000150
all	942	14	1528347	0.0000092
all	943	21	1528347	0.0000137
all	944	11	1528347	0.0000072
all	945	19	1528347	0.0000124
all	946	16	1528347	0.0000105
all	947	19	1528347	0.0000124
all	948	12	1528347	0.0000079
all	949	21	1528347	0.0000137
all	950	20	1528347	0.0000131
all	951	22	1528347	0.0000144
all	952	14	1528347	0.0000092
all	953	12	1528347	0.0000079
all	954	24	1528347	0.0000157
all	955	23	1528347	0.0000150
all	956	9	1528347	0.0000059
all	957	21	1528347	0.0000137
all	958	11	1528347	0.0000072
all	959	14	1528347	0.0000092
all	960	17	1528347	0.0000111
all	961	21	1528347	0.0000137
all	962	17	1528347	0.0000111
all	963	11	1528347	0.0000072
all	964	14	1528347	0.0000092
all	965	26	1528347	0.0000170
all	966	19	1528347	0.0000124
all	967	17	1528347	0.0000111
all	968	19	1528347	0.0000124
all	969	21	1528347	0.0000137
all	970	16	1528347	0.0000105
all	971	18	1528347	0.0000118
all	972	9	1528347	0.0000059
all	973	14	1528347	0.0000092
all	974	19	1528347	0.0000124
all	975	13	1528347	0.0000085
all	976	18	1528347	0.0000118
all	977	17	1528347	0.0000111
all	978	15	1528347	0.0000098
all	979	13	1528347	0.0000085
all	980	13	1528347	0.0000085
all	981	14	1528347	0.0000092
all	982	13	1528347	0.0000085
all	983	15	1528347	0.0000098
all	984	18	1528347	0.0000118
all	985	9	1528347	0.0000059
all	986	15	1528347	0.0000098
all	987	20	1528347	0.0000131
all	988	12	1528347	0.0000079
all	989	17	1528347	0.0000111
all	990	4	1528347	0.0000026
all	991	10	1528347	0.0000065
all	992	20	1528347	0.0000131
all	993	9	1528347	0.0000059
all	994	18	1528347	0.0000118
all	995	16	1528347	0.0000105
all	996	19	1528347	0.0000124
all	997	14	1528347	0.0000092
all	998	11	1528347	0.0000072
all	999	21	1528347	0.0000137
all	1000	11	1528347	0.0000072
all	1001	14	1528347	0.0000092
all	1002	19	1528347	0.0000124
all	1003	17	1528347	0.0000111
all	1004	10	1528347	0.0000065
all	1005	16	1528347	0.0000105
all	1006	6	1528347	0.0000039
all	1007	13	1528347	0.0000085
all	1008	8	1528347	0.0000052
all	1009	16	1528347	0.0000105
all	1010	14	1528347	0.0000092
all	1011	14	1528347	0.0000092
all	1012	18	1528347	0.0000118
all	1013	12	1528347	0.0000079
all	1014	14	1528347	0.0000092
all	1015	20	1528347	0.0000131
all	1016	5	1528347	0.0000033
all	1017	10	1528347	0.0000065
all	1018	18	1528347	0.0000118
all	1019	18	1528347	0.0000118
all	1020	18	1528347	0.0000118
all	1021	14	1528347	0.0000092
all	1022	22	1528347	0.0000144
all	1023	20	1528347	0.0000131
all	1024	13	1528347	0.0000085
all	1025	23	1528347	0.0000150
all	1026	17	1528347	0.0000111
all	1027	23	1528347	0.0000150
all	1028	19	1528347	0.0000124
all	1029	29	1528347	0.0000190
all	1030	19	1528347	0.0000124
all	1031	13	1528347	0.0000085
all	1032	15	1528347	0.0000098
all	1033	15	1528347	0.0000098
all	1034	13	1528347	0.0000085
all	1035	20	1528347	0.0000131
all	1036	14	1528347	0.0000092
all	1037	21	1528347	0.0000137
all	1038	10	1528347	0.0000065
all	1039	18	1528347	0.0000118
all	1040	10	1528347	0.0000065
all	1041	11	1528347	0.0000072
all	1042	16	1528347	0.0000105
all	1043	10	1528347	0.0000065
all	1044	13	1528347	0.0000085
all	1045	18	1528347	0.0000118
all	1046	8	1528347	0.0000052
all	1047	15	1528347	0.0000098
all	1048	10	1528347	0.0000065
all	1049	18	1528347	0.0000118
all	1050	13	1528347	0.0000085
all	1051	15	1528347	0.0000098
all	1052	14	1528347	0.0000092
all	1053	19	1528347	0.0000124
all	1054	11	1528347	0.0000072
all	1055	14	1528347	0.0000092
all	1056	14	1528347	0.0000092
all	1057	13	1528347	0.0000085
all	1058	14	1528347	0.0000092
all	1059	16	1528347	0.0000105
all	1060	20	1528347	0.0000131
all	1061	25	1528347	0.0000164
all	1062	20	1528347	0.0000131
all	1063	10	1528347	0.0000065
all	1064	15	1528347	0.0000098
all	1065	13	1528347	0.0000085
all	1066	10	1528347	0.0000065
all	1067	14	1528347	0.0000092
all	1068	17	1528347	0.0000111
all	1069	23	1528347	0.0000150
all	1070	14	1528347	0.0000092
all	1071	12	1528347	0.0000079
all	1072	13	1528347	0.0000085
all	1073	7	1528347	0.0000046
all	1074	18	1528347	0.0000118
all	1075	9	1528347	0.0000059
all	1076	19	1528347	0.0000124
all	1077	18	1528347	0.0000118
all	1078	17	1528347	0.0000111
all	1079	9	1528347	0.0000059
all	1080	15	1528347	0.0000098
all	1081	14	1528347	0.0000092
all	1082	17	1528347	0.0000111
all	1083	14	1528347	0.0000092
all	1084	13	1528347	0.0000085
all	1085	12	1528347	0.0000079
all	1086	12	1528347	0.0000079
all	1087	14	1528347	0.0000092
all	1088	10	1528347	0.0000065
all	1089	8	1528347	0.0000052
all	1090	13	1528347	0.0000085
all	1091	15	1528347	0.0000098
all	1092	10	1528347	0.0000065
all	1093	15	1528347	0.0000098
all	1094	15	1528347	0.0000098
all	1095	10	1528347	0.0000065
all	1096	9	1528347	0.0000059
all	1097	6	1528347	0.0000039
all	1098	11	1528347	0.0000072
all	1099	18	1528347	0.0000118
all	1100	20	1528347	0.0000131
all	1101	18	1528347	0.0000118
all	1102	10	1528347	0.0000065
all	1103	10	1528347	0.0000065
all	1104	6	1528347	0.0000039
all	1105	11	1528347	0.0000072
all	1106	14	1528347	0.0000092
all	1107	9	1528347	0.0000059
all	1108	9	1528347	0.0000059
all	1109	7	1528347	0.0000046
all	1110	4	1528347	0.0000026
all	1111	4	1528347	0.0000026
all	1112	2	1528347	0.0000013
all	1113	6	1528347	0.0000039
all	1114	14	1528347	0.0000092
all	1115	15	1528347	0.0000098
all	1116	14	1528347	0.0000092
all	1117	8	1528347	0.0000052
all	1118	16	1528347	0.0000105
all	1119	9	1528347	0.0000059
all	1120	13	1528347	0.0000085
all	1121	10	1528347	0.0000065
all	1122	6	1528347	0.0000039
all	1123	9	1528347	0.0000059
all	1124	7	1528347	0.0000046
all	1125	5	1528347	0.0000033
all	1126	4	1528347	0.0000026
all	1127	11	1528347	0.0000072
all	1128	7	1528347	0.0000046
all	1129	8	1528347	0.0000052
all	1130	15	1528347	0.0000098
all	1131	16	1528347	0.0000105
all	1132	13	1528347	0.0000085
all	1133	4	1528347	0.0000026
all	1134	13	1528347	0.0000085
all	1135	21	1528347	0.0000137
all	1136	16	1528347	0.0000105
all	1137	7	1528347	0.0000046
all	1138	6	1528347	0.0000039
all	1139	10	1528347	0.0000065
all	1140	14	1528347	0.0000092
all	1141	13	1528347	0.0000085
all	1142	7	1528347	0.0000046
all	1143	18	1528347	0.0000118
all	1144	8	1528347	0.0000052
all	1145	9	1528347	0.0000059
all	1146	9	1528347	0.0000059
all	1147	13	1528347	0.0000085
all	1148	11	1528347	0.0000072
all	1149	9	1528347	0.0000059
all	1150	7	1528347	0.0000046
all	1151	4	1528347	0.0000026
all	1152	12	1528347	0.0000079
all	1153	12	1528347	0.0000079
all	1154	8	1528347	0.0000052
all	1155	5	1528347	0.0000033
all	1156	6	1528347	0.0000039
all	1157	4	1528347	0.0000026
all	1158	5	1528347	0.0000033
all	1159	14	1528347	0.0000092
all	1160	9	1528347	0.0000059
all	1161	5	1528347	0.0000033
all	1162	7	1528347	0.0000046
all	1163	9	1528347	0.0000059
all	1164	11	1528347	0.0000072
all	1165	9	1528347	0.0000059
all	1166	8	1528347	0.0000052
all	1167	9	1528347	0.0000059
all	1168	12	1528347	0.0000079
all	1169	13	1528347	0.0000085
all	1170	13	1528347	0.0000085
all	1171	14	1528347	0.0000092
all	1172	7	1528347	0.0000046
all	1173	9	1528347	0.0000059
all	1174	4	1528347	0.0000026
all	1175	5	1528347	0.0000033
all	1176	13	1528347	0.0000085
all	1177	12	1528347	0.0000079
all	1178	6	1528347	0.0000039
all	1179	11	1528347	0.0000072
all	1180	14	1528347	0.0000092
all	1181	5	1528347	0.0000033
all	1182	12	1528347	0.0000079
all	1183	2	1528347	0.0000013
all	1184	16	1528347	0.0000105
all	1185	6	1528347	0.0000039
all	1186	7	1528347	0.0000046
all	1187	14	1528347	0.0000092
all	1188	15	1528347	0.0000098
all	1189	7	1528347	0.0000046
all	1190	3	1528347	0.0000020
all	1191	15	1528347	0.0000098
all	1192	11	1528347	0.0000072
all	1193	11	1528347	0.0000072
all	1194	14	1528347	0.0000092
all	1195	11	1528347	0.0000072
all	1196	9	1528347	0.0000059
all	1197	5	1528347	0.0000033
all	1198	5	1528347	0.0000033
all	1199	11	1528347	0.0000072
all	1200	6	1528347	0.0000039
all	1201	5	1528347	0.0000033
all	1202	6	1528347	0.0000039
all	1203	7	1528347	0.0000046
all	1204	14	1528347	0.0000092
all	1205	5	1528347	0.0000033
all	1206	11	1528347	0.0000072
all	1207	5	1528347	0.0000033
all	1208	7	1528347	0.0000046
all	1209	7	1528347	0.0000046
all	1210	6	1528347	0.0000039
all	1211	5	1528347	0.0000033
all	1212	4	1528347	0.0000026
all	1213	9	1528347	0.0000059
all	1214	6	1528347	0.0000039
all	1215	2	1528347	0.0000013
all	1216	10	1528347	0.0000065
all	1217	6	1528347	0.0000039
all	1218	7	1528347	0.0000046
all	1219	11	1528347	0.0000072
all	1220	8	1528347	0.0000052
all	1221	6	1528347	0.0000039
all	1222	5	1528347	0.0000033
all	1223	12	1528347	0.0000079
all	1224	11	1528347	0.0000072
all	1225	11	1528347	0.0000072
all	1226	6	1528347	0.0000039
all	1227	11	1528347	0.0000072
all	1228	5	1528347	0.0000033
all	1229	11	1528347	0.0000072
all	1230	13	1528347	0.0000085
all	1231	10	1528347	0.0000065
all	1232	3	1528347	0.0000020
all	1233	12	1528347	0.0000079
all	1234	10	1528347	0.0000065
all	1235	15	1528347	0.0000098
all	1236	4	1528347	0.0000026
all	1237	14	1528347	0.0000092
all	1238	15	1528347	0.0000098
all	1239	13	1528347	0.0000085
all	1240	12	1528347	0.0000079
all	1241	14	1528347	0.0000092
all	1242	5	1528347	0.0000033
all	1243	9	1528347	0.0000059
all	1244	13	1528347	0.0000085
all	1245	11	1528347	0.0000072
all	1246	15	1528347	0.0000098
all	1247	15	1528347	0.0000098
all	1248	10	1528347	0.0000065
all	1249	14	1528347	0.0000092
all	1250	17	1528347	0.0000111
all	1251	20	1528347	0.0000131
all	1252	18	1528347	0.0000118
all	1253	10	1528347	0.0000065
all	1254	9	1528347	0.0000059
all	1255	13	1528347	0.0000085
all	1256	10	1528347	0.0000065
all	1257	13	1528347	0.0000085
all	1258	11	1528347	0.0000072
all	1259	13	1528347	0.0000085
all	1260	9	1528347	0.0000059
all	1261	9	1528347	0.0000059
all	1262	8	1528347	0.0000052
all	1263	6	1528347	0.0000039
all	1264	7	1528347	0.0000046
all	1265	5	1528347	0.0000033
all	1266	5	1528347	0.0000033
all	1267	5	1528347	0.0000033
all	1268	12	1528347	0.0000079
all	1269	8	1528347	0.0000052
all	1270	4	1528347	0.0000026
all	1271	8	1528347	0.0000052
all	1272	8	1528347	0.0000052
all	1273	10	1528347	0.0000065
all	1274	14	1528347	0.0000092
all	1275	8	1528347	0.0000052
all	1276	6	1528347	0.0000039
all	1277	5	1528347	0.0000033
all	1278	9	1528347	0.0000059
all	1279	17	1528347	0.0000111
all	1280	13	1528347	0.0000085
all	1281	11	1528347	0.0000072
all	1282	9	1528347	0.0000059
all	1283	10	1528347	0.0000065
all	1284	13	1528347	0.0000085
all	1285	6	1528347	0.0000039
all	1286	5	1528347	0.0000033
all	1287	4	1528347	0.0000026
all	1288	1	1528347	0.0000007
all	1289	8	1528347	0.0000052
all	1290	7	1528347	0.0000046
all	1291	19	1528347	0.0000124
all	1292	9	1528347	0.0000059
all	1293	8	1528347	0.0000052
all	1294	5	1528347	0.0000033
all	1295	3	1528347	0.0000020
all	1296	6	1528347	0.0000039
all	1297	7	1528347	0.0000046
all	1298	4	1528347	0.0000026
all	1299	6	1528347	0.0000039
all	1300	14	1528347	0.0000092
all	1301	6	1528347	0.0000039
all	1302	9	1528347	0.0000059
all	1303	8	1528347	0.0000052
all	1304	4	1528347	0.0000026
all	1305	7	1528347	0.0000046
all	1306	5	1528347	0.0000033
all	1307	4	1528347	0.0000026
all	1308	5	1528347	0.0000033
all	1309	6	1528347	0.0000039
all	1310	1	1528347	0.0000007
all	1311	5	1528347	0.0000033
all	1312	5	1528347	0.0000033
all	1313	4	1528347	0.0000026
all	1314	5	1528347	0.0000033
all	1315	3	1528347	0.0000020
all	1316	7	1528347	0.0000046
all	1317	4	1528347	0.0000026
all	1318	9	1528347	0.0000059
all	1319	10	1528347	0.0000065
all	1320	11	1528347	0.0000072
all	1321	8	1528347	0.0000052
all	1322	14	1528347	0.0000092
all	1323	11	1528347	0.0000072
all	1324	10	1528347	0.0000065
all	1325	3	1528347	0.0000020
all	1326	7	1528347	0.0000046
all	1327	5	1528347	0.0000033
all	1328	8	1528347	0.0000052
all	1329	5	1528347	0.0000033
all	1330	7	1528347	0.0000046
all	1331	14	1528347	0.0000092
all	1332	9	1528347	0.0000059
all	1333	7	1528347	0.0000046
all	1334	3	1528347	0.0000020
all	1335	4	1528347	0.0000026
all	1336	8	1528347	0.0000052
all	1337	4	1528347	0.0000026
all	1338	5	1528347	0.0000033
all	1339	3	1528347	0.0000020
all	1340	7	1528347	0.0000046
all	1341	8	1528347	0.0000052
all	1342	9	1528347	0.0000059
all	1343	5	1528347	0.0000033
all	1344	6	1528347	0.0000039
all	1345	7	1528347	0.0000046
all	1346	6	1528347	0.0000039
all	1347	8	1528347	0.0000052
all	1348	7	1528347	0.0000046
all	1349	2	1528347	0.0000013
all	1350	10	1528347	0.0000065
all	1351	7	1528347	0.0000046
all	1352	1	1528347	0.0000007
all	1353	12	1528347	0.0000079
all	1354	8	1528347	0.0000052
all	1355	6	1528347	0.0000039
all	1356	2	1528347	0.0000013
all	1357	6	1528347	0.0000039
all	1358	5	1528347	0.0000033
all	1359	11	1528347	0.0000072
all	1360	9	1528347	0.0000059
all	1361	6	1528347	0.0000039
all	1362	7	1528347	0.0000046
all	1363	6	1528347	0.0000039
all	1364	2	1528347	0.0000013
all	1365	10	1528347	0.0000065
all	1366	7	1528347	0.0000046
all	1367	8	1528347	0.0000052
all	1368	7	1528347	0.0000046
all	1369	12	1528347	0.0000079
all	1370	15	1528347	0.0000098
all	1371	9	1528347	0.0000059
all	1372	9	1528347	0.0000059
all	1373	13	1528347	0.0000085
all	1374	9	1528347	0.0000059
all	1375	12	1528347	0.0000079
all	1376	11	1528347	0.0000072
all	1377	9	1528347	0.0000059
all	1378	12	1528347	0.0000079
all	1379	12	1528347	0.0000079
all	1380	13	1528347	0.0000085
all	1381	12	1528347	0.0000079
all	1382	23	1528347	0.0000150
all	1383	11	1528347	0.0000072
all	1384	7	1528347	0.0000046
all	1385	3	1528347	0.0000020
all	1386	11	1528347	0.0000072
all	1387	13	1528347	0.0000085
all	1388	12	1528347	0.0000079
all	1389	10	1528347	0.0000065
all	1390	5	1528347	0.0000033
all	1391	6	1528347	0.0000039
all	1392	5	1528347	0.0000033
all	1393	10	1528347	0.0000065
all	1394	7	1528347	0.0000046
all	1395	19	1528347	0.0000124
all	1396	7	1528347	0.0000046
all	1397	8	1528347	0.0000052
all	1398	10	1528347	0.0000065
all	1399	8	1528347	0.0000052
all	1400	10	1528347	0.0000065
all	1401	10	1528347	0.0000065
all	1402	12	1528347	0.0000079
all	1403	7	1528347	0.0000046
all	1404	6	1528347	0.0000039
all	1405	7	1528347	0.0000046
all	1406	2	1528347	0.0000013
all	1407	5	1528347	0.0000033
all	1408	1	1528347	0.0000007
all	1409	11	1528347	0.0000072
all	1410	5	1528347	0.0000033
all	1411	5	1528347	0.0000033
all	1412	3	1528347	0.0000020
all	1413	12	1528347	0.0000079
all	1414	2	1528347	0.0000013
all	1415	7	1528347	0.0000046
all	1416	1	1528347	0.0000007
all	1417	12	1528347	0.0000079
all	1418	4	1528347	0.0000026
all	1419	7	1528347	0.0000046
all	1420	19	1528347	0.0000124
all	1421	7	1528347	0.0000046
all	1422	4	1528347	0.0000026
all	1423	8	1528347	0.0000052
all	1424	17	1528347	0.0000111
all	1425	9	1528347	0.0000059
all	1426	4	1528347	0.0000026
all	1427	14	1528347	0.0000092
all	1428	12	1528347	0.0000079
all	1429	14	1528347	0.0000092
all	1430	7	1528347	0.0000046
all	1431	13	1528347	0.0000085
all	1432	13	1528347	0.0000085
all	1433	6	1528347	0.0000039
all	1434	16	1528347	0.0000105
all	1435	11	1528347	0.0000072
all	1436	9	1528347	0.0000059
all	1437	14	1528347	0.0000092
all	1438	8	1528347	0.0000052
all	1439	8	1528347	0.0000052
all	1440	12	1528347	0.0000079
all	1441	11	1528347	0.0000072
all	1442	10	1528347	0.0000065
all	1443	8	1528347	0.0000052
all	1444	9	1528347	0.0000059
all	1445	4	1528347	0.0000026
all	1446	12	1528347	0.0000079
all	1447	6	1528347	0.0000039
all	1448	9	1528347	0.0000059
all	1449	5	1528347	0.0000033
all	1450	8	1528347	0.0000052
all	1451	10	1528347	0.0000065
all	1452	13	1528347	0.0000085
all	1453	10	1528347	0.0000065
all	1454	9	1528347	0.0000059
all	1455	10	1528347	0.0000065
all	1456	12	1528347	0.0000079
all	1457	10	1528347	0.0000065
all	1458	11	1528347	0.0000072
all	1459	13	1528347	0.0000085
all	1460	7	1528347	0.0000046
all	1461	2	1528347	0.0000013
all	1462	9	1528347	0.0000059
all	1463	22	1528347	0.0000144
all	1464	15	1528347	0.0000098
all	1465	13	1528347	0.0000085
all	1466	14	1528347	0.0000092
all	1467	7	1528347	0.0000046
all	1468	9	1528347	0.0000059
all	1469	6	1528347	0.0000039
all	1470	10	1528347	0.0000065
all	1471	4	1528347	0.0000026
all	1472	6	1528347	0.0000039
all	1473	12	1528347	0.0000079
all	1474	4	1528347	0.0000026
all	1475	2	1528347	0.0000013
all	1476	6	1528347	0.0000039
all	1477	11	1528347	0.0000072
all	1478	13	1528347	0.0000085
all	1479	9	1528347	0.0000059
all	1480	6	1528347	0.0000039
all	1481	9	1528347	0.0000059
all	1482	4	1528347	0.0000026
all	1483	2	1528347	0.0000013
all	1484	8	1528347	0.0000052
all	1485	9	1528347	0.0000059
all	1486	10	1528347	0.0000065
all	1487	1	1528347	0.0000007
all	1488	3	1528347	0.0000020
all	1489	7	1528347	0.0000046
all	1490	7	1528347	0.0000046
all	1491	7	1528347	0.0000046
all	1492	7	1528347	0.0000046
all	1493	7	1528347	0.0000046
all	1494	5	1528347	0.0000033
all	1495	7	1528347	0.0000046
all	1496	3	1528347	0.0000020
all	1497	12	1528347	0.0000079
all	1498	4	1528347	0.0000026
all	1499	4	1528347	0.0000026
all	1500	12	1528347	0.0000079
all	1501	5	1528347	0.0000033
all	1502	4	1528347	0.0000026
all	1503	4	1528347	0.0000026
all	1504	8	1528347	0.0000052
all	1505	6	1528347	0.0000039
all	1506	10	1528347	0.0000065
all	1507	2	1528347	0.0000013
all	1508	7	1528347	0.0000046
all	1509	7	1528347	0.0000046
all	1510	2	1528347	0.0000013
all	1511	3	1528347	0.0000020
all	1512	5	1528347	0.0000033
all	1513	6	1528347	0.0000039
all	1514	11	1528347	0.0000072
all	1515	4	1528347	0.0000026
all	1516	13	1528347	0.0000085
all	1517	2	1528347	0.0000013
all	1518	7	1528347	0.0000046
all	1519	6	1528347	0.0000039
all	1520	7	1528347	0.0000046
all	1522	3	1528347	0.0000020
all	1523	5	1528347	0.0000033
all	1524	4	1528347	0.0000026
all	1525	4	1528347	0.0000026
all	1526	2	1528347	0.0000013
all	1527	10	1528347	0.0000065
all	1528	8	1528347	0.0000052
all	1529	10	1528347	0.0000065
all	1530	5	1528347	0.0000033
all	1531	8	1528347	0.0000052
all	1532	3	1528347	0.0000020
all	1533	22	1528347	0.0000144
all	1534	10	1528347	0.0000065
all	1535	3	1528347	0.0000020
all	1536	11	1528347	0.0000072
all	1537	2	1528347	0.0000013
all	1538	7	1528347	0.0000046
all	1539	6	1528347	0.0000039
all	1540	4	1528347	0.0000026
all	1541	7	1528347	0.0000046
all	1542	4	1528347	0.0000026
all	1543	4	1528347	0.0000026
all	1544	4	1528347	0.0000026
all	1546	6	1528347	0.0000039
all	1547	3	1528347	0.0000020
all	1548	3	1528347	0.0000020
all	1549	4	1528347	0.0000026
all	1550	5	1528347	0.0000033
all	1551	2	1528347	0.0000013
all	1552	5	1528347	0.0000033
all	1554	3	1528347	0.0000020
all	1555	2	1528347	0.0000013
all	1556	12	1528347	0.0000079
all	1557	13	1528347	0.0000085
all	1558	16	1528347	0.0000105
all	1559	6	1528347	0.0000039
all	1560	12	1528347	0.0000079
all	1561	4	1528347	0.0000026
all	1562	4	1528347	0.0000026
all	1563	2	1528347	0.0000013
all	1564	8	1528347	0.0000052
all	1565	7	1528347	0.0000046
all	1566	3	1528347	0.0000020
all	1567	5	1528347	0.0000033
all	1568	3	1528347	0.0000020
all	1569	9	1528347	0.0000059
all	1570	2	1528347	0.0000013
all	1571	6	1528347	0.0000039
all	1572	13	1528347	0.0000085
all	1573	12	1528347	0.0000079
all	1574	4	1528347	0.0000026
all	1575	7	1528347	0.0000046
all	1576	4	1528347	0.0000026
all	1577	1	1528347	0.0000007
all	1578	5	1528347	0.0000033
all	1579	9	1528347	0.0000059
all	1580	10	1528347	0.0000065
all	1581	7	1528347	0.0000046
all	1582	1	1528347	0.0000007
all	1583	8	1528347	0.0000052
all	1584	6	1528347	0.0000039
all	1585	3	1528347	0.0000020
all	1587	8	1528347	0.0000052
all	1588	15	1528347	0.0000098
all	1589	7	1528347	0.0000046
all	1590	3	1528347	0.0000020
all	1591	5	1528347	0.0000033
all	1592	14	1528347	0.0000092
all	1593	4	1528347	0.0000026
all	1594	2	1528347	0.0000013
all	1595	2	1528347	0.0000013
all	1596	10	1528347	0.0000065
all	1597	14	1528347	0.0000092
all	1598	6	1528347	0.0000039
all	1599	4	1528347	0.0000026
all	1600	9	1528347	0.0000059
all	1601	2	1528347	0.0000013
all	1602	7	1528347	0.0000046
all	1603	5	1528347	0.0000033
all	1604	3	1528347	0.0000020
all	1605	11	1528347	0.0000072
all	1606	4	1528347	0.0000026
all	1607	5	1528347	0.0000033
all	1608	3	1528347	0.0000020
all	1609	6	1528347	0.0000039
all	1610	1	1528347	0.0000007
all	1611	3	1528347	0.0000020
all	1612	5	1528347	0.0000033
all	1613	6	1528347	0.0000039
all	1614	7	1528347	0.0000046
all	1615	21	1528347	0.0000137
all	1616	6	1528347	0.0000039
all	1617	1	1528347	0.0000007
all	1618	5	1528347	0.0000033
all	1619	7	1528347	0.0000046
all	1620	5	1528347	0.0000033
all	1621	7	1528347	0.0000046
all	1622	1	1528347	0.0000007
all	1623	4	1528347	0.0000026
all	1624	11	1528347	0.0000072
all	1625	4	1528347	0.0000026
all	1626	9	1528347	0.0000059
all	1627	8	1528347	0.0000052
all	1628	4	1528347	0.0000026
all	1629	5	1528347	0.0000033
all	1630	5	1528347	0.0000033
all	1631	6	1528347	0.0000039
all	1632	3	1528347	0.0000020
all	1633	5	1528347	0.0000033
all	1634	2	1528347	0.0000013
all	1635	9	1528347	0.0000059
all	1636	6	1528347	0.0000039
all	1637	1	1528347	0.0000007
all	1638	2	1528347	0.0000013
all	1639	5	1528347	0.0000033
all	1640	4	1528347	0.0000026
all	1641	6	1528347	0.0000039
all	1642	3	1528347	0.0000020
all	1643	8	1528347	0.0000052
all	1644	8	1528347	0.0000052
all	1645	1	1528347	0.0000007
all	1646	3	1528347	0.0000020
all	1647	7	1528347	0.0000046
all	1648	3	1528347	0.0000020
all	1649	6	1528347	0.0000039
all	1650	2	1528347	0.0000013
all	1651	7	1528347	0.0000046
all	1652	4	1528347	0.0000026
all	1653	2	1528347	0.0000013
all	1654	14	1528347	0.0000092
all	1655	5	1528347	0.0000033
all	1656	3	1528347	0.0000020
all	1657	2	1528347	0.0000013
all	1658	6	1528347	0.0000039
all	1659	4	1528347	0.0000026
all	1660	4	1528347	0.0000026
all	1661	6	1528347	0.0000039
all	1662	4	1528347	0.0000026
all	1663	3	1528347	0.0000020
all	1664	11	1528347	0.0000072
all	1665	9	1528347	0.0000059
all	1666	4	1528347	0.0000026
all	1667	9	1528347	0.0000059
all	1668	14	1528347	0.0000092
all	1669	2	1528347	0.0000013
all	1670	10	1528347	0.0000065
all	1671	9	1528347	0.0000059
all	1672	7	1528347	0.0000046
all	1673	5	1528347	0.0000033
all	1674	5	1528347	0.0000033
all	1675	9	1528347	0.0000059
all	1676	7	1528347	0.0000046
all	1677	13	1528347	0.0000085
all	1678	7	1528347	0.0000046
all	1679	1	1528347	0.0000007
all	1680	1	1528347	0.0000007
all	1681	6	1528347	0.0000039
all	1682	6	1528347	0.0000039
all	1683	8	1528347	0.0000052
all	1684	4	1528347	0.0000026
all	1685	3	1528347	0.0000020
all	1686	4	1528347	0.0000026
all	1687	3	1528347	0.0000020
all	1688	10	1528347	0.0000065
all	1689	11	1528347	0.0000072
all	1690	5	1528347	0.0000033
all	1691	1	1528347	0.0000007
all	1692	4	1528347	0.0000026
all	1693	3	1528347	0.0000020
all	1694	10	1528347	0.0000065
all	1695	5	1528347	0.0000033
all	1696	6	1528347	0.0000039
all	1697	15	1528347	0.0000098
all	1698	11	1528347	0.0000072
all	1699	6	1528347	0.0000039
all	1700	5	1528347	0.0000033
all	1701	18	1528347	0.0000118
all	1702	7	1528347	0.0000046
all	1703	4	1528347	0.0000026
all	1704	6	1528347	0.0000039
all	1705	3	1528347	0.0000020
all	1706	11	1528347	0.0000072
all	1707	4	1528347	0.0000026
all	1708	9	1528347	0.0000059
all	1709	3	1528347	0.0000020
all	1710	6	1528347	0.0000039
all	1711	7	1528347	0.0000046
all	1712	7	1528347	0.0000046
all	1713	7	1528347	0.0000046
all	1714	2	1528347	0.0000013
all	1715	9	1528347	0.0000059
all	1716	4	1528347	0.0000026
all	1717	6	1528347	0.0000039
all	1718	6	1528347	0.0000039
all	1719	3	1528347	0.0000020
all	1720	4	1528347	0.0000026
all	1721	8	1528347	0.0000052
all	1722	10	1528347	0.0000065
all	1723	5	1528347	0.0000033
all	1724	8	1528347	0.0000052
all	1725	2	1528347	0.0000013
all	1726	5	1528347	0.0000033
all	1727	2	1528347	0.0000013
all	1728	2	1528347	0.0000013
all	1729	5	1528347	0.0000033
all	1730	5	1528347	0.0000033
all	1731	14	1528347	0.0000092
all	1732	1	1528347	0.0000007
all	1733	2	1528347	0.0000013
all	1734	4	1528347	0.0000026
all	1735	1	1528347	0.0000007
all	1736	3	1528347	0.0000020
all	1737	2	1528347	0.0000013
all	1738	4	1528347	0.0000026
all	1739	7	1528347	0.0000046
all	1740	13	1528347	0.0000085
all	1741	3	1528347	0.0000020
all	1742	3	1528347	0.0000020
all	1743	8	1528347	0.0000052
all	1744	7	1528347	0.0000046
all	1745	6	1528347	0.0000039
all	1746	8	1528347	0.0000052
all	1747	10	1528347	0.0000065
all	1748	7	1528347	0.0000046
all	1749	6	1528347	0.0000039
all	1750	4	1528347	0.0000026
all	1751	5	1528347	0.0000033
all	1752	14	1528347	0.0000092
all	1753	2	1528347	0.0000013
all	1754	11	1528347	0.0000072
all	1755	10	1528347	0.0000065
all	1756	7	1528347	0.0000046
all	1757	10	1528347	0.0000065
all	1758	10	1528347	0.0000065
all	1759	6	1528347	0.0000039
all	1760	8	1528347	0.0000052
all	1761	16	1528347	0.0000105
all	1762	3	1528347	0.0000020
all	1763	4	1528347	0.0000026
all	1764	12	1528347	0.0000079
all	1765	10	1528347	0.0000065
all	1766	10	1528347	0.0000065
all	1767	10	1528347	0.0000065
all	1768	16	1528347	0.0000105
all	1769	10	1528347	0.0000065
all	1770	11	1528347	0.0000072
all	1771	16	1528347	0.0000105
all	1772	12	1528347	0.0000079
all	1773	15	1528347	0.0000098
all	1774	11	1528347	0.0000072
all	1775	4	1528347	0.0000026
all	1776	4	1528347	0.0000026
all	1777	7	1528347	0.0000046
all	1778	10	1528347	0.0000065
all	1779	14	1528347	0.0000092
all	1780	10	1528347	0.0000065
all	1781	14	1528347	0.0000092
all	1782	24	1528347	0.0000157
all	1783	6	1528347	0.0000039
all	1784	9	1528347	0.0000059
all	1785	5	1528347	0.0000033
all	1786	11	1528347	0.0000072
all	1787	5	1528347	0.0000033
all	1788	11	1528347	0.0000072
all	1789	2	1528347	0.0000013
all	1790	9	1528347	0.0000059
all	1791	5	1528347	0.0000033
all	1792	6	1528347	0.0000039
all	1793	2	1528347	0.0000013
all	1794	1	1528347	0.0000007
all	1795	8	1528347	0.0000052
all	1796	5	1528347	0.0000033
all	1797	3	1528347	0.0000020
all	1798	6	1528347	0.0000039
all	1799	1	1528347	0.0000007
all	1800	6	1528347	0.0000039
all	1802	2	1528347	0.0000013
all	1803	4	1528347	0.0000026
all	1805	1	1528347	0.0000007
all	1806	1	1528347	0.0000007
all	1807	1	1528347	0.0000007
all	1808	11	1528347	0.0000072
all	1809	1	1528347	0.0000007
all	1810	3	1528347	0.0000020
all	1811	4	1528347	0.0000026
all	1812	4	1528347	0.0000026
all	1813	1	1528347	0.0000007
all	1814	3	1528347	0.0000020
all	1815	1	1528347	0.0000007
all	1816	7	1528347	0.0000046
all	1817	4	1528347	0.0000026
all	1818	4	1528347	0.0000026
all	1819	6	1528347	0.0000039
all	1820	2	1528347	0.0000013
all	1821	9	1528347	0.0000059
all	1822	1	1528347	0.0000007
all	1823	5	1528347	0.0000033
all	1825	3	1528347	0.0000020
all	1827	25	1528347	0.0000164
all	1828	2	1528347	0.0000013
all	1829	1	1528347	0.0000007
all	1830	2	1528347	0.0000013
all	1831	2	1528347	0.0000013
all	1832	2	1528347	0.0000013
all	1833	4	1528347	0.0000026
all	1834	9	1528347	0.0000059
all	1835	12	1528347	0.0000079
all	1836	5	1528347	0.0000033
all	1837	2	1528347	0.0000013
all	1838	5	1528347	0.0000033
all	1839	4	1528347	0.0000026
all	1840	2	1528347	0.0000013
all	1841	7	1528347	0.0000046
all	1843	1	1528347	0.0000007
all	1844	1	1528347	0.0000007
all	1845	4	1528347	0.0000026
all	1846	2	1528347	0.0000013
all	1847	18	1528347	0.0000118
all	1848	3	1528347	0.0000020
all	1849	5	1528347	0.0000033
all	1850	9	1528347	0.0000059
all	1851	2	1528347	0.0000013
all	1852	3	1528347	0.0000020
all	1853	2	1528347	0.0000013
all	1854	9	1528347	0.0000059
all	1855	22	1528347	0.0000144
all	1856	1	1528347	0.0000007
all	1858	12	1528347	0.0000079
all	1859	9	1528347	0.0000059
all	1860	13	1528347	0.0000085
all	1861	10	1528347	0.0000065
all	1862	3	1528347	0.0000020
all	1863	12	1528347	0.0000079
all	1864	19	1528347	0.0000124
all	1865	12	1528347	0.0000079
all	1866	17	1528347	0.0000111
all	1867	14	1528347	0.0000092
all	1868	4	1528347	0.0000026
all	1869	3	1528347	0.0000020
all	1870	2	1528347	0.0000013
all	1871	3	1528347	0.0000020
all	1872	2	1528347	0.0000013
all	1873	7	1528347	0.0000046
all	1874	3	1528347	0.0000020
all	1875	2	1528347	0.0000013
all	1876	1	1528347	0.0000007
all	1877	3	1528347	0.0000020
all	1878	4	1528347	0.0000026
all	1879	12	1528347	0.0000079
all	1880	5	1528347	0.0000033
all	1881	18	1528347	0.0000118
all	1882	3	1528347	0.0000020
all	1883	4	1528347	0.0000026
all	1884	1	1528347	0.0000007
all	1885	1	1528347	0.0000007
all	1886	10	1528347	0.0000065
all	1888	13	1528347	0.0000085
all	1889	18	1528347	0.0000118
all	1890	3	1528347	0.0000020
all	1891	2	1528347	0.0000013
all	1892	4	1528347	0.0000026
all	1893	1	1528347	0.0000007
all	1894	3	1528347	0.0000020
all	1895	1	1528347	0.0000007
all	1896	1	1528347	0.0000007
all	1897	2	1528347	0.0000013
all	1898	10	1528347	0.0000065
all	1899	10	1528347	0.0000065
all	1900	3	1528347	0.0000020
all	1901	1	1528347	0.0000007
all	1902	10	1528347	0.0000065
all	1903	5	1528347	0.0000033
all	1905	7	1528347	0.0000046
all	1906	9	1528347	0.0000059
all	1907	5	1528347	0.0000033
all	1909	3	1528347	0.0000020
all	1910	3	1528347	0.0000020
all	1911	7	1528347	0.0000046
all	1912	9	1528347	0.0000059
all	1913	12	1528347	0.0000079
all	1914	8	1528347	0.0000052
all	1915	26	1528347	0.0000170
all	1916	27	1528347	0.0000177
all	1917	2	1528347	0.0000013
all	1918	26	1528347	0.0000170
all	1919	31	1528347	0.0000203
all	1920	3	1528347	0.0000020
all	1921	14	1528347	0.0000092
all	1922	3	1528347	0.0000020
all	1923	19	1528347	0.0000124
all	1924	5	1528347	0.0000033
all	1925	2	1528347	0.0000013
all	1926	13	1528347	0.0000085
all	1927	9	1528347	0.0000059
all	1928	18	1528347	0.0000118
all	1929	3	1528347	0.0000020
all	1930	8	1528347	0.0000052
all	1931	3	1528347	0.0000020
all	1932	3	1528347	0.0000020
all	1933	3	1528347	0.0000020
all	1934	5	1528347	0.0000033
all	1935	32	1528347	0.0000209
all	1936	5	1528347	0.0000033
all	1937	6	1528347	0.0000039
all	1938	4	1528347	0.0000026
all	1939	22	1528347	0.0000144
all	1940	22	1528347	0.0000144
all	1941	22	1528347	0.0000144
all	1942	2	1528347	0.0000013
all	1943	4	1528347	0.0000026
all	1944	3	1528347	0.0000020
all	1945	7	1528347	0.0000046
all	1946	15	1528347	0.0000098
all	1947	6	1528347	0.0000039
all	1948	15	1528347	0.0000098
all	1950	8	1528347	0.0000052
all	1951	6	1528347	0.0000039
all	1952	6	1528347	0.0000039
all	1953	4	1528347	0.0000026
all	1954	1	1528347	0.0000007
all	1955	1	1528347	0.0000007
all	1956	20	1528347	0.0000131
all	1957	2	1528347	0.0000013
all	1958	1	1528347	0.0000007
all	1959	4	1528347	0.0000026
all	1960	11	1528347	0.0000072
all	1961	5	1528347	0.0000033
all	1962	9	1528347	0.0000059
all	1963	2	1528347	0.0000013
all	1964	22	1528347	0.0000144
all	1966	2	1528347	0.0000013
all	1967	32	1528347	0.0000209
all	1968	43	1528347	0.0000281
all	1969	28	1528347	0.0000183
all	1970	4	1528347	0.0000026
all	1971	1	1528347	0.0000007
all	1972	19	1528347	0.0000124
all	1973	18	1528347	0.0000118
all	1974	9	1528347	0.0000059
all	1975	26	1528347	0.0000170
all	1976	7	1528347	0.0000046
all	1977	7	1528347	0.0000046
all	1978	1	1528347	0.0000007
all	1979	22	1528347	0.0000144
all	1980	17	1528347	0.0000111
all	1981	19	1528347	0.0000124
all	1982	12	1528347	0.0000079
all	1983	12	1528347	0.0000079
all	1984	8	1528347	0.0000052
all	1985	7	1528347	0.0000046
all	1986	4	1528347	0.0000026
all	1987	5	1528347	0.0000033
all	1988	7	1528347	0.0000046
all	1989	17	1528347	0.0000111
all	1990	8	1528347	0.0000052
all	1991	45	1528347	0.0000294
all	1992	18	1528347	0.0000118
all	1993	5	1528347	0.0000033
all	1994	2	1528347	0.0000013
all	1995	3	1528347	0.0000020
all	1996	9	1528347	0.0000059
all	1997	1	1528347	0.0000007
all	1998	4	1528347	0.0000026
all	1999	2	1528347	0.0000013
all	2000	5	1528347	0.0000033
all	2001	4	1528347	0.0000026
all	2002	3	1528347	0.0000020
all	2003	6	1528347	0.0000039
all	2004	2	1528347	0.0000013
all	2005	2	1528347	0.0000013
all	2006	4	1528347	0.0000026
all	2007	3	1528347	0.0000020
all	2008	7	1528347	0.0000046
all	2009	3	1528347	0.0000020
all	2010	1	1528347	0.0000007
all	2011	5	1528347	0.0000033
all	2013	4	1528347	0.0000026
all	2015	1	1528347	0.0000007
all	2016	2	1528347	0.0000013
all	2017	2	1528347	0.0000013
all	2018	4	1528347	0.0000026
all	2019	1	1528347	0.0000007
all	2020	3	1528347	0.0000020
all	2021	3	1528347	0.0000020
all	2023	2	1528347	0.0000013
all	2025	1	1528347	0.0000007
all	2026	11	1528347	0.0000072
all	2027	2	1528347	0.0000013
all	2028	1	1528347	0.0000007
all	2029	6	1528347	0.0000039
all	2031	1	1528347	0.0000007
all	2032	5	1528347	0.0000033
all	2033	4	1528347	0.0000026
all	2035	1	1528347	0.0000007
all	2036	1	1528347	0.0000007
all	2037	3	1528347	0.0000020
all	2038	2	1528347	0.0000013
all	2039	6	1528347	0.0000039
all	2040	3	1528347	0.0000020
all	2041	2	1528347	0.0000013
all	2042	7	1528347	0.0000046
all	2043	5	1528347	0.0000033
all	2044	2	1528347	0.0000013
all	2045	2	1528347	0.0000013
all	2046	2	1528347	0.0000013
all	2048	3	1528347	0.0000020
all	2049	4	1528347	0.0000026
all	2050	1	1528347	0.0000007
all	2052	1	1528347	0.0000007
all	2054	2	1528347	0.0000013
all	2056	2	1528347	0.0000013
all	2057	3	1528347	0.0000020
all	2058	1	1528347	0.0000007
all	2060	9	1528347	0.0000059
all	2062	6	1528347	0.0000039
all	2063	3	1528347	0.0000020
all	2064	6	1528347	0.0000039
all	2066	4	1528347	0.0000026
all	2068	1	1528347	0.0000007
all	2069	2	1528347	0.0000013
all	2070	1	1528347	0.0000007
all	2071	2	1528347	0.0000013
all	2073	3	1528347	0.0000020
all	2074	4	1528347	0.0000026
all	2076	3	1528347	0.0000020
all	2079	2	1528347	0.0000013
all	2082	2	1528347	0.0000013
all	2083	9	1528347	0.0000059
all	2084	3	1528347	0.0000020
all	2085	2	1528347	0.0000013
all	2086	4	1528347	0.0000026
all	2087	4	1528347	0.0000026
all	2089	4	1528347	0.0000026
all	2090	6	1528347	0.0000039
all	2091	8	1528347	0.0000052
all	2092	1	1528347	0.0000007
all	2095	2	1528347	0.0000013
all	2096	5	1528347	0.0000033
all	2097	4	1528347	0.0000026
all	2098	4	1528347	0.0000026
all	2099	9	1528347	0.0000059
all	2100	3	1528347	0.0000020
all	2101	4	1528347	0.0000026
all	2102	1	1528347	0.0000007
all	2103	8	1528347	0.0000052
all	2104	8	1528347	0.0000052
all	2107	5	1528347	0.0000033
all	2109	3	1528347	0.0000020
all	2110	2	1528347	0.0000013
all	2111	2	1528347	0.0000013
all	2112	7	1528347	0.0000046
all	2113	9	1528347	0.0000059
all	2114	5	1528347	0.0000033
all	2116	1	1528347	0.0000007
all	2119	7	1528347	0.0000046
all	2121	4	1528347	0.0000026
all	2122	1	1528347	0.0000007
all	2124	3	1528347	0.0000020
all	2125	1	1528347	0.0000007
all	2126	2	1528347	0.0000013
all	2128	1	1528347	0.0000007
all	2129	4	1528347	0.0000026
all	2130	4	1528347	0.0000026
all	2131	2	1528347	0.0000013
all	2132	6	1528347	0.0000039
all	2133	2	1528347	0.0000013
all	2135	1	1528347	0.0000007
all	2136	5	1528347	0.0000033
all	2137	1	1528347	0.0000007
all	2138	2	1528347	0.0000013
all	2139	3	1528347	0.0000020
all	2140	2	1528347	0.0000013
all	2141	4	1528347	0.0000026
all	2142	1	1528347	0.0000007
all	2144	4	1528347	0.0000026
all	2145	3	1528347	0.0000020
all	2147	4	1528347	0.0000026
all	2148	3	1528347	0.0000020
all	2149	1	1528347	0.0000007
all	2150	3	1528347	0.0000020
all	2152	4	1528347	0.0000026
all	2153	8	1528347	0.0000052
all	2154	4	1528347	0.0000026
all	2155	5	1528347	0.0000033
all	2156	3	1528347	0.0000020
all	2157	2	1528347	0.0000013
all	2158	2	1528347	0.0000013
all	2159	3	1528347	0.0000020
all	2160	3	1528347	0.0000020
all	2161	10	1528347	0.0000065
all	2162	11	1528347	0.0000072
all	2163	2	1528347	0.0000013
all	2164	3	1528347	0.0000020
all	2165	1	1528347	0.0000007
all	2166	6	1528347	0.0000039
all	2167	1	1528347	0.0000007
all	2168	1	1528347	0.0000007
all	2169	4	1528347	0.0000026
all	2170	5	1528347	0.0000033
all	2172	1	1528347	0.0000007
all	2173	9	1528347	0.0000059
all	2174	4	1528347	0.0000026
all	2175	1	1528347	0.0000007
all	2176	1	1528347	0.0000007
all	2177	3	1528347	0.0000020
all	2178	4	1528347	0.0000026
all	2179	2	1528347	0.0000013
all	2180	2	1528347	0.0000013
all	2181	6	1528347	0.0000039
all	2182	5	1528347	0.0000033
all	2184	3	1528347	0.0000020
all	2185	1	1528347	0.0000007
all	2187	2	1528347	0.0000013
all	2189	2	1528347	0.0000013
all	2190	2	1528347	0.0000013
all	2191	1	1528347	0.0000007
all	2192	5	1528347	0.0000033
all	2193	1	1528347	0.0000007
all	2194	2	1528347	0.0000013
all	2195	2	1528347	0.0000013
all	2196	1	1528347	0.0000007
all	2197	2	1528347	0.0000013
all	2199	1	1528347	0.0000007
all	2200	2	1528347	0.0000013
all	2201	2	1528347	0.0000013
all	2202	4	1528347	0.0000026
all	2203	1	1528347	0.0000007
all	2204	1	1528347	0.0000007
all	2205	6	1528347	0.0000039
all	2207	4	1528347	0.0000026
all	2208	3	1528347	0.0000020
all	2209	1	1528347	0.0000007
all	2210	2	1528347	0.0000013
all	2211	3	1528347	0.0000020
all	2212	6	1528347	0.0000039
all	2213	4	1528347	0.0000026
all	2214	1	1528347	0.0000007
all	2215	1	1528347	0.0000007
all	2216	8	1528347	0.0000052
all	2217	1	1528347	0.0000007
all	2218	1	1528347	0.0000007
all	2220	4	1528347	0.0000026
all	2221	2	1528347	0.0000013
all	2222	2	1528347	0.0000013
all	2223	2	1528347	0.0000013
all	2224	5	1528347	0.0000033
all	2225	3	1528347	0.0000020
all	2226	1	1528347	0.0000007
all	2227	1	1528347	0.0000007
all	2228	1	1528347	0.0000007
all	2230	6	1528347	0.0000039
all	2232	2	1528347	0.0000013
all	2233	4	1528347	0.0000026
all	2234	3	1528347	0.0000020
all	2235	2	1528347	0.0000013
all	2236	2	1528347	0.0000013
all	2237	1	1528347	0.0000007
all	2238	4	1528347	0.0000026
all	2241	2	1528347	0.0000013
all	2242	2	1528347	0.0000013
all	2243	3	1528347	0.0000020
all	2244	2	1528347	0.0000013
all	2245	1	1528347	0.0000007
all	2247	4	1528347	0.0000026
all	2248	3	1528347	0.0000020
all	2249	5	1528347	0.0000033
all	2250	3	1528347	0.0000020
all	2251	2	1528347	0.0000013
all	2252	4	1528347	0.0000026
all	2253	6	1528347	0.0000039
all	2254	9	1528347	0.0000059
all	2255	7	1528347	0.0000046
all	2256	4	1528347	0.0000026
all	2257	3	1528347	0.0000020
all	2258	1	1528347	0.0000007
all	2260	5	1528347	0.0000033
all	2261	3	1528347	0.0000020
all	2262	1	1528347	0.0000007
all	2265	1	1528347	0.0000007
all	2266	3	1528347	0.0000020
all	2267	1	1528347	0.0000007
all	2269	6	1528347	0.0000039
all	2271	4	1528347	0.0000026
all	2272	2	1528347	0.0000013
all	2273	1	1528347	0.0000007
all	2275	2	1528347	0.0000013
all	2276	2	1528347	0.0000013
all	2277	3	1528347	0.0000020
all	2278	1	1528347	0.0000007
all	2279	2	1528347	0.0000013
all	2280	4	1528347	0.0000026
all	2281	2	1528347	0.0000013
all	2283	2	1528347	0.0000013
all	2284	4	1528347	0.0000026
all	2285	3	1528347	0.0000020
all	2286	1	1528347	0.0000007
all	2287	1	1528347	0.0000007
all	2290	1	1528347	0.0000007
all	2293	3	1528347	0.0000020
all	2294	3	1528347	0.0000020
all	2296	3	1528347	0.0000020
all	2297	3	1528347	0.0000020
all	2298	2	1528347	0.0000013
all	2303	2	1528347	0.0000013
all	2304	2	1528347	0.0000013
all	2305	1	1528347	0.0000007
all	2309	1	1528347	0.0000007
all	2311	2	1528347	0.0000013
all	2312	5	1528347	0.0000033
all	2313	2	1528347	0.0000013
all	2314	4	1528347	0.0000026
all	2315	5	1528347	0.0000033
all	2316	4	1528347	0.0000026
all	2317	6	1528347	0.0000039
all	2318	4	1528347	0.0000026
all	2319	2	1528347	0.0000013
all	2320	3	1528347	0.0000020
all	2322	1	1528347	0.0000007
all	2323	2	1528347	0.0000013
all	2324	2	1528347	0.0000013
all	2325	3	1528347	0.0000020
all	2326	2	1528347	0.0000013
all	2327	3	1528347	0.0000020
all	2328	3	1528347	0.0000020
all	2329	5	1528347	0.0000033
all	2330	3	1528347	0.0000020
all	2331	2	1528347	0.0000013
all	2332	3	1528347	0.0000020
all	2333	4	1528347	0.0000026
all	2334	2	1528347	0.0000013
all	2335	6	1528347	0.0000039
all	2337	2	1528347	0.0000013
all	2338	4	1528347	0.0000026
all	2339	4	1528347	0.0000026
all	2340	1	1528347	0.0000007
all	2341	1	1528347	0.0000007
all	2342	3	1528347	0.0000020
all	2343	2	1528347	0.0000013
all	2345	5	1528347	0.0000033
all	2346	2	1528347	0.0000013
all	2347	1	1528347	0.0000007
all	2348	1	1528347	0.0000007
all	2349	4	1528347	0.0000026
all	2351	2	1528347	0.0000013
all	2353	5	1528347	0.0000033
all	2355	3	1528347	0.0000020
all	2356	1	1528347	0.0000007
all	2358	8	1528347	0.0000052
all	2359	5	1528347	0.0000033
all	2361	1	1528347	0.0000007
all	2362	4	1528347	0.0000026
all	2363	4	1528347	0.0000026
all	2364	2	1528347	0.0000013
all	2365	2	1528347	0.0000013
all	2366	3	1528347	0.0000020
all	2367	3	1528347	0.0000020
all	2368	3	1528347	0.0000020
all	2369	2	1528347	0.0000013
all	2370	2	1528347	0.0000013
all	2371	1	1528347	0.0000007
all	2372	1	1528347	0.0000007
all	2373	2	1528347	0.0000013
all	2374	1	1528347	0.0000007
all	2375	3	1528347	0.0000020
all	2376	2	1528347	0.0000013
all	2377	3	1528347	0.0000020
all	2379	1	1528347	0.0000007
all	2380	1	1528347	0.0000007
all	2382	3	1528347	0.0000020
all	2383	5	1528347	0.0000033
all	2384	3	1528347	0.0000020
all	2385	4	1528347	0.0000026
all	2386	2	1528347	0.0000013
all	2387	3	1528347	0.0000020
all	2388	1	1528347	0.0000007
all	2389	1	1528347	0.0000007
all	2390	3	1528347	0.0000020
all	2391	5	1528347	0.0000033
all	2393	2	1528347	0.0000013
all	2394	5	1528347	0.0000033
all	2396	2	1528347	0.0000013
all	2397	2	1528347	0.0000013
all	2398	1	1528347	0.0000007
all	2400	10	1528347	0.0000065
all	2401	1	1528347	0.0000007
all	2405	2	1528347	0.0000013
all	2406	1	1528347	0.0000007
all	2407	4	1528347	0.0000026
all	2408	4	1528347	0.0000026
all	2410	3	1528347	0.0000020
all	2412	1	1528347	0.0000007
all	2413	3	1528347	0.0000020
all	2414	1	1528347	0.0000007
all	2416	2	1528347	0.0000013
all	2417	1	1528347	0.0000007
all	2418	3	1528347	0.0000020
all	2419	7	1528347	0.0000046
all	2420	5	1528347	0.0000033
all	2421	4	1528347	0.0000026
all	2422	1	1528347	0.0000007
all	2423	1	1528347	0.0000007
all	2424	1	1528347	0.0000007
all	2425	1	1528347	0.0000007
all	2426	4	1528347	0.0000026
all	2427	3	1528347	0.0000020
all	2429	6	1528347	0.0000039
all	2430	1	1528347	0.0000007
all	2431	1	1528347	0.0000007
all	2435	2	1528347	0.0000013
all	2436	2	1528347	0.0000013
all	2437	2	1528347	0.0000013
all	2438	2	1528347	0.0000013
all	2440	1	1528347	0.0000007
all	2441	2	1528347	0.0000013
all	2442	4	1528347	0.0000026
all	2443	3	1528347	0.0000020
all	2444	2	1528347	0.0000013
all	2445	5	1528347	0.0000033
all	2446	3	1528347	0.0000020
all	2447	3	1528347	0.0000020
all	2448	1	1528347	0.0000007
all	2449	2	1528347	0.0000013
all	2450	2	1528347	0.0000013
all	2451	6	1528347	0.0000039
all	2452	2	1528347	0.0000013
all	2454	2	1528347	0.0000013
all	2455	8	1528347	0.0000052
all	2456	2	1528347	0.0000013
all	2457	1	1528347	0.0000007
all	2458	3	1528347	0.0000020
all	2459	4	1528347	0.0000026
all	2460	5	1528347	0.0000033
all	2461	1	1528347	0.0000007
all	2463	2	1528347	0.0000013
all	2464	9	1528347	0.0000059
all	2465	1	1528347	0.0000007
all	2466	3	1528347	0.0000020
all	2467	11	1528347	0.0000072
all	2468	4	1528347	0.0000026
all	2469	7	1528347	0.0000046
all	2470	4	1528347	0.0000026
all	2471	12	1528347	0.0000079
all	2472	4	1528347	0.0000026
all	2473	1	1528347	0.0000007
all	2474	5	1528347	0.0000033
all	2475	2	1528347	0.0000013
all	2476	1	1528347	0.0000007
all	2477	4	1528347	0.0000026
all	2478	6	1528347	0.0000039
all	2479	6	1528347	0.0000039
all	2481	3	1528347	0.0000020
all	2483	5	1528347	0.0000033
all	2484	2	1528347	0.0000013
all	2485	4	1528347	0.0000026
all	2486	9	1528347	0.0000059
all	2487	1	1528347	0.0000007
all	2488	2	1528347	0.0000013
all	2489	8	1528347	0.0000052
all	2491	2	1528347	0.0000013
all	2493	4	1528347	0.0000026
all	2494	3	1528347	0.0000020
all	2495	4	1528347	0.0000026
all	2496	4	1528347	0.0000026
all	2497	2	1528347	0.0000013
all	2498	2	1528347	0.0000013
all	2500	3	1528347	0.0000020
all	2501	2	1528347	0.0000013
all	2502	7	1528347	0.0000046
all	2503	3	1528347	0.0000020
all	2504	1	1528347	0.0000007
all	2505	1	1528347	0.0000007
all	2506	4	1528347	0.0000026
all	2507	8	1528347	0.0000052
all	2511	6	1528347	0.0000039
all	2512	5	1528347	0.0000033
all	2513	1	1528347	0.0000007
all	2514	5	1528347	0.0000033
all	2515	1	1528347	0.0000007
all	2516	3	1528347	0.0000020
all	2517	3	1528347	0.0000020
all	2518	2	1528347	0.0000013
all	2521	7	1528347	0.0000046
all	2522	5	1528347	0.0000033
all	2523	3	1528347	0.0000020
all	2525	1	1528347	0.0000007
all	2526	5	1528347	0.0000033
all	2527	4	1528347	0.0000026
all	2528	5	1528347	0.0000033
all	2532	1	1528347	0.0000007
all	2533	3	1528347	0.0000020
all	2534	9	1528347	0.0000059
all	2535	8	1528347	0.0000052
all	2537	1	1528347	0.0000007
all	2539	3	1528347	0.0000020
all	2540	6	1528347	0.0000039
all	2542	4	1528347	0.0000026
all	2543	4	1528347	0.0000026
all	2544	1	1528347	0.0000007
all	2545	4	1528347	0.0000026
all	2546	4	1528347	0.0000026
all	2547	3	1528347	0.0000020
all	2548	3	1528347	0.0000020
all	2549	2	1528347	0.0000013
all	2550	2	1528347	0.0000013
all	2551	9	1528347	0.0000059
all	2552	4	1528347	0.0000026
all	2553	4	1528347	0.0000026
all	2554	6	1528347	0.0000039
all	2555	5	1528347	0.0000033
all	2556	6	1528347	0.0000039
all	2557	2	1528347	0.0000013
all	2558	5	1528347	0.0000033
all	2559	3	1528347	0.0000020
all	2560	1	1528347	0.0000007
all	2561	3	1528347	0.0000020
all	2562	3	1528347	0.0000020
all	2563	3	1528347	0.0000020
all	2564	1	1528347	0.0000007
all	2565	1	1528347	0.0000007
all	2567	4	1528347	0.0000026
all	2568	2	1528347	0.0000013
all	2569	6	1528347	0.0000039
all	2571	6	1528347	0.0000039
all	2572	1	1528347	0.0000007
all	2574	9	1528347	0.0000059
all	2576	3	1528347	0.0000020
all	2577	1	1528347	0.0000007
all	2578	6	1528347	0.0000039
all	2579	1	1528347	0.0000007
all	2580	4	1528347	0.0000026
all	2583	5	1528347	0.0000033
all	2584	5	1528347	0.0000033
all	2585	4	1528347	0.0000026
all	2587	5	1528347	0.0000033
all	2588	2	1528347	0.0000013
all	2589	1	1528347	0.0000007
all	2590	1	1528347	0.0000007
all	2591	7	1528347	0.0000046
all	2593	7	1528347	0.0000046
all	2594	4	1528347	0.0000026
all	2597	2	1528347	0.0000013
all	2598	3	1528347	0.0000020
all	2599	2	1528347	0.0000013
all	2601	4	1528347	0.0000026
all	2602	1	1528347	0.0000007
all	2604	1	1528347	0.0000007
all	2605	3	1528347	0.0000020
all	2606	1	1528347	0.0000007
all	2608	3	1528347	0.0000020
all	2609	10	1528347	0.0000065
all	2610	1	1528347	0.0000007
all	2611	1	1528347	0.0000007
all	2612	1	1528347	0.0000007
all	2613	1	1528347	0.0000007
all	2614	4	1528347	0.0000026
all	2617	1	1528347	0.0000007
all	2618	1	1528347	0.0000007
all	2619	1	1528347	0.0000007
all	2620	2	1528347	0.0000013
all	2621	7	1528347	0.0000046
all	2623	1	1528347	0.0000007
all	2624	1	1528347	0.0000007
all	2625	3	1528347	0.0000020
all	2626	1	1528347	0.0000007
all	2627	1	1528347	0.0000007
all	2628	1	1528347	0.0000007
all	2629	5	1528347	0.0000033
all	2630	7	1528347	0.0000046
all	2632	4	1528347	0.0000026
all	2633	9	1528347	0.0000059
all	2634	1	1528347	0.0000007
all	2636	2	1528347	0.0000013
all	2637	1	1528347	0.0000007
all	2638	5	1528347	0.0000033
all	2639	1	1528347	0.0000007
all	2641	4	1528347	0.0000026
all	2642	6	1528347	0.0000039
all	2643	5	1528347	0.0000033
all	2644	5	1528347	0.0000033
all	2647	2	1528347	0.0000013
all	2648	1	1528347	0.0000007
all	2649	1	1528347	0.0000007
all	2650	1	1528347	0.0000007
all	2651	5	1528347	0.0000033
all	2654	2	1528347	0.0000013
all	2656	7	1528347	0.0000046
all	2662	2	1528347	0.0000013
all	2665	6	1528347	0.0000039
all	2666	3	1528347	0.0000020
all	2669	2	1528347	0.0000013
all	2675	1	1528347	0.0000007
all	2677	2	1528347	0.0000013
all	2679	1	1528347	0.0000007
all	2681	3	1528347	0.0000020
all	2682	1	1528347	0.0000007
all	2688	1	1528347	0.0000007
all	2689	10	1528347	0.0000065
all	2691	1	1528347	0.0000007
all	2693	5	1528347	0.0000033
all	2697	2	1528347	0.0000013
all	2699	3	1528347	0.0000020
all	2700	8	1528347	0.0000052
all	2701	1	1528347	0.0000007
all	2702	4	1528347	0.0000026
all	2704	8	1528347	0.0000052
all	2706	1	1528347	0.0000007
all	2708	2	1528347	0.0000013
all	2710	1	1528347	0.0000007
all	2711	1	1528347	0.0000007
all	2712	2	1528347	0.0000013
all	2714	1	1528347	0.0000007
all	2715	4	1528347	0.0000026
all	2716	9	1528347	0.0000059
all	2717	2	1528347	0.0000013
all	2718	1	1528347	0.0000007
all	2720	5	1528347	0.0000033
all	2722	1	1528347	0.0000007
all	2723	1	1528347	0.0000007
all	2724	8	1528347	0.0000052
all	2725	2	1528347	0.0000013
all	2726	2	1528347	0.0000013
all	2727	2	1528347	0.0000013
all	2729	1	1528347	0.0000007
all	2730	3	1528347	0.0000020
all	2732	6	1528347	0.0000039
all	2733	1	1528347	0.0000007
all	2734	2	1528347	0.0000013
all	2739	1	1528347	0.0000007
all	2741	1	1528347	0.0000007
all	2742	6	1528347	0.0000039
all	2744	5	1528347	0.0000033
all	2745	1	1528347	0.0000007
all	2750	1	1528347	0.0000007
all	2752	1	1528347	0.0000007
all	2755	2	1528347	0.0000013
all	2756	1	1528347	0.0000007
all	2757	9	1528347	0.0000059
all	2760	8	1528347	0.0000052
all	2762	1	1528347	0.0000007
all	2763	1	1528347	0.0000007
all	2767	10	1528347	0.0000065
all	2770	5	1528347	0.0000033
all	2772	1	1528347	0.0000007
all	2776	1	1528347	0.0000007
all	2777	1	1528347	0.0000007
all	2778	8	1528347	0.0000052
all	2779	5	1528347	0.0000033
all	2780	3	1528347	0.0000020
all	2781	1	1528347	0.0000007
all	2783	8	1528347	0.0000052
all	2784	2	1528347	0.0000013
all	2786	10	1528347	0.0000065
all	2789	2	1528347	0.0000013
all	2790	5	1528347	0.0000033
all	2791	2	1528347	0.0000013
all	2792	6	1528347	0.0000039
all	2793	1	1528347	0.0000007
all	2794	2	1528347	0.0000013
all	2796	5	1528347	0.0000033
all	2798	6	1528347	0.0000039
all	2799	2	1528347	0.0000013
all	2800	1	1528347	0.0000007
all	2801	3	1528347	0.0000020
all	2804	10	1528347	0.0000065
all	2807	1	1528347	0.0000007
all	2810	8	1528347	0.0000052
all	2813	5	1528347	0.0000033
all	2814	1	1528347	0.0000007
all	2818	7	1528347	0.0000046
all	2819	1	1528347	0.0000007
all	2820	5	1528347	0.0000033
all	2821	9	1528347	0.0000059
all	2823	5	1528347	0.0000033
all	2825	12	1528347	0.0000079
all	2827	1	1528347	0.0000007
all	2830	1	1528347	0.0000007
all	2831	8	1528347	0.0000052
all	2832	1	1528347	0.0000007
all	2833	1	1528347	0.0000007
all	2834	5	1528347	0.0000033
all	2836	1	1528347	0.0000007
all	2837	9	1528347	0.0000059
all	2839	1	1528347	0.0000007
all	2843	1	1528347	0.0000007
all	2844	1	1528347	0.0000007
all	2845	19	1528347	0.0000124
all	2849	1	1528347	0.0000007
all	2850	1	1528347	0.0000007
all	2851	12	1528347	0.0000079
all	2852	1	1528347	0.0000007
all	2853	5	1528347	0.0000033
all	2854	5	1528347	0.0000033
all	2855	2	1528347	0.0000013
all	2856	9	1528347	0.0000059
all	2857	1	1528347	0.0000007
all	2858	8	1528347	0.0000052
all	2861	10	1528347	0.0000065
all	2862	6	1528347	0.0000039
all	2863	9	1528347	0.0000059
all	2864	1	1528347	0.0000007
all	2866	1	1528347	0.0000007
all	2868	11	1528347	0.0000072
all	2869	6	1528347	0.0000039
all	2871	2	1528347	0.0000013
all	2872	3	1528347	0.0000020
all	2873	2	1528347	0.0000013
all	2874	1	1528347	0.0000007
all	2875	4	1528347	0.0000026
all	2876	3	1528347	0.0000020
all	2879	2	1528347	0.0000013
all	2880	1	1528347	0.0000007
all	2881	6	1528347	0.0000039
all	2882	1	1528347	0.0000007
all	2883	2	1528347	0.0000013
all	2884	2	1528347	0.0000013
all	2885	6	1528347	0.0000039
all	2886	1	1528347	0.0000007
all	2887	12	1528347	0.0000079
all	2889	1	1528347	0.0000007
all	2890	1	1528347	0.0000007
all	2892	2	1528347	0.0000013
all	2893	1	1528347	0.0000007
all	2895	1	1528347	0.0000007
all	2896	1	1528347	0.0000007
all	2897	3	1528347	0.0000020
all	2898	1	1528347	0.0000007
all	2899	3	1528347	0.0000020
all	2900	7	1528347	0.0000046
all	2902	1	1528347	0.0000007
all	2905	2	1528347	0.0000013
all	2906	5	1528347	0.0000033
all	2907	9	1528347	0.0000059
all	2908	2	1528347	0.0000013
all	2909	4	1528347	0.0000026
all	2910	1	1528347	0.0000007
all	2911	2	1528347	0.0000013
all	2913	3	1528347	0.0000020
all	2916	1	1528347	0.0000007
all	2917	13	1528347	0.0000085
all	2918	2	1528347	0.0000013
all	2919	3	1528347	0.0000020
all	2920	3	1528347	0.0000020
all	2921	9	1528347	0.0000059
all	2922	2	1528347	0.0000013
all	2923	1	1528347	0.0000007
all	2924	2	1528347	0.0000013
all	2925	9	1528347	0.0000059
all	2926	1	1528347	0.0000007
all	2927	9	1528347	0.0000059
all	2928	1	1528347	0.0000007
all	2929	1	1528347	0.0000007
all	2932	1	1528347	0.0000007
all	2934	9	1528347	0.0000059
all	2935	1	1528347	0.0000007
all	2936	3	1528347	0.0000020
all	2937	2	1528347	0.0000013
all	2938	2	1528347	0.0000013
all	2939	2	1528347	0.0000013
all	2940	9	1528347	0.0000059
all	2941	1	1528347	0.0000007
all	2942	1	1528347	0.0000007
all	2943	2	1528347	0.0000013
all	2944	1	1528347	0.0000007
all	2946	1	1528347	0.0000007
all	2947	1	1528347	0.0000007
all	2948	2	1528347	0.0000013
all	2949	1	1528347	0.0000007
all	2950	1	1528347	0.0000007
all	2951	3	1528347	0.0000020
all	2952	8	1528347	0.0000052
all	2953	2	1528347	0.0000013
all	2954	1	1528347	0.0000007
all	2958	6	1528347	0.0000039
all	2959	3	1528347	0.0000020
all	2960	4	1528347	0.0000026
all	2961	2	1528347	0.0000013
all	2963	3	1528347	0.0000020
all	2964	6	1528347	0.0000039
all	2967	4	1528347	0.0000026
all	2968	1	1528347	0.0000007
all	2969	2	1528347	0.0000013
all	2970	1	1528347	0.0000007
all	2971	3	1528347	0.0000020
all	2973	1	1528347	0.0000007
all	2974	2	1528347	0.0000013
all	2976	2	1528347	0.0000013
all	2977	1	1528347	0.0000007
all	2978	3	1528347	0.0000020
all	2980	1	1528347	0.0000007
all	2981	4	1528347	0.0000026
all	2982	5	1528347	0.0000033
all	2984	4	1528347	0.0000026
all	2986	1	1528347	0.0000007
all	2987	2	1528347	0.0000013
all	2988	4	1528347	0.0000026
all	2990	3	1528347	0.0000020
all	2991	3	1528347	0.0000020
all	2992	2	1528347	0.0000013
all	2994	3	1528347	0.0000020
all	2995	2	1528347	0.0000013
all	2996	2	1528347	0.0000013
all	2997	1	1528347	0.0000007
all	2998	1	1528347	0.0000007
all	3002	2	1528347	0.0000013
all	3003	1	1528347	0.0000007
all	3004	3	1528347	0.0000020
all	3005	2	1528347	0.0000013
all	3008	2	1528347	0.0000013
all	3009	8	1528347	0.0000052
all	3011	2	1528347	0.0000013
all	3012	2	1528347	0.0000013
all	3013	4	1528347	0.0000026
all	3017	2	1528347	0.0000013
all	3019	3	1528347	0.0000020
all	3020	1	1528347	0.0000007
all	3021	2	1528347	0.0000013
all	3022	1	1528347	0.0000007
all	3025	1	1528347	0.0000007
all	3026	1	1528347	0.0000007
all	3027	1	1528347	0.0000007
all	3028	2	1528347	0.0000013
all	3029	1	1528347	0.0000007
all	3030	1	1528347	0.0000007
all	3032	2	1528347	0.0000013
all	3036	2	1528347	0.0000013
all	3037	2	1528347	0.0000013
all	3038	3	1528347	0.0000020
all	3042	1	1528347	0.0000007
all	3045	1	1528347	0.0000007
all	3046	1	1528347	0.0000007
all	3048	1	1528347	0.0000007
all	3049	1	1528347	0.0000007
all	3055	1	1528347	0.0000007
all	3056	1	1528347	0.0000007
all	3059	2	1528347	0.0000013
all	3061	1	1528347	0.0000007
all	3065	1	1528347	0.0000007
all	3066	1	1528347	0.0000007
all	3067	2	1528347	0.0000013
all	3069	2	1528347	0.0000013
all	3076	3	1528347	0.0000020
all	3077	1	1528347	0.0000007
all	3078	2	1528347	0.0000013
all	3080	3	1528347	0.0000020
all	3081	3	1528347	0.0000020
all	3082	3	1528347	0.0000020
all	3083	1	1528347	0.0000007
all	3084	3	1528347	0.0000020
all	3088	4	1528347	0.0000026
all	3090	1	1528347	0.0000007
all	3092	1	1528347	0.0000007
all	3094	3	1528347	0.0000020
all	3097	2	1528347	0.0000013
all	3098	4	1528347	0.0000026
all	3099	2	1528347	0.0000013
all	3101	1	1528347	0.0000007
all	3102	1	1528347	0.0000007
all	3104	1	1528347	0.0000007
all	3105	2	1528347	0.0000013
all	3107	1	1528347	0.0000007
all	3109	1	1528347	0.0000007
all	3111	2	1528347	0.0000013
all	3116	1	1528347	0.0000007
all	3117	1	1528347	0.0000007
all	3118	5	1528347	0.0000033
all	3120	2	1528347	0.0000013
all	3121	2	1528347	0.0000013
all	3122	4	1528347	0.0000026
all	3124	2	1528347	0.0000013
all	3125	2	1528347	0.0000013
all	3127	2	1528347	0.0000013
all	3128	4	1528347	0.0000026
all	3130	2	1528347	0.0000013
all	3131	2	1528347	0.0000013
all	3133	8	1528347	0.0000052
all	3134	1	1528347	0.0000007
all	3136	2	1528347	0.0000013
all	3137	2	1528347	0.0000013
all	3138	2	1528347	0.0000013
all	3142	4	1528347	0.0000026
all	3143	2	1528347	0.0000013
all	3144	2	1528347	0.0000013
all	3145	6	1528347	0.0000039
all	3146	3	1528347	0.0000020
all	3148	1	1528347	0.0000007
all	3150	3	1528347	0.0000020
all	3151	1	1528347	0.0000007
all	3152	1	1528347	0.0000007
all	3153	1	1528347	0.0000007
all	3154	2	1528347	0.0000013
all	3155	2	1528347	0.0000013
all	3157	1	1528347	0.0000007
all	3158	4	1528347	0.0000026
all	3159	1	1528347	0.0000007
all	3160	2	1528347	0.0000013
all	3161	7	1528347	0.0000046
all	3162	6	1528347	0.0000039
all	3163	5	1528347	0.0000033
all	3164	1	1528347	0.0000007
all	3165	1	1528347	0.0000007
all	3166	4	1528347	0.0000026
all	3167	2	1528347	0.0000013
all	3170	2	1528347	0.0000013
all	3173	3	1528347	0.0000020
all	3174	2	1528347	0.0000013
all	3175	3	1528347	0.0000020
all	3176	2	1528347	0.0000013
all	3177	3	1528347	0.0000020
all	3178	3	1528347	0.0000020
all	3179	5	1528347	0.0000033
all	3180	5	1528347	0.0000033
all	3181	2	1528347	0.0000013
all	3182	5	1528347	0.0000033
all	3183	9	1528347	0.0000059
all	3184	3	1528347	0.0000020
all	3187	2	1528347	0.0000013
all	3190	1	1528347	0.0000007
all	3191	1	1528347	0.0000007
all	3192	1	1528347	0.0000007
all	3193	2	1528347	0.0000013
all	3195	1	1528347	0.0000007
all	3196	1	1528347	0.0000007
all	3197	1	1528347	0.0000007
all	3198	1	1528347	0.0000007
all	3199	2	1528347	0.0000013
all	3202	1	1528347	0.0000007
all	3203	1	1528347	0.0000007
all	3205	2	1528347	0.0000013
all	3207	6	1528347	0.0000039
all	3208	4	1528347	0.0000026
all	3212	1	1528347	0.0000007
all	3213	2	1528347	0.0000013
all	3216	1	1528347	0.0000007
all	3217	2	1528347	0.0000013
all	3219	4	1528347	0.0000026
all	3222	1	1528347	0.0000007
all	3223	7	1528347	0.0000046
all	3224	1	1528347	0.0000007
all	3225	7	1528347	0.0000046
all	3226	2	1528347	0.0000013
all	3227	4	1528347	0.0000026
all	3228	2	1528347	0.0000013
all	3229	5	1528347	0.0000033
all	3230	3	1528347	0.0000020
all	3231	2	1528347	0.0000013
all	3232	2	1528347	0.0000013
all	3233	2	1528347	0.0000013
all	3234	2	1528347	0.0000013
all	3235	2	1528347	0.0000013
all	3236	2	1528347	0.0000013
all	3237	1	1528347	0.0000007
all	3238	4	1528347	0.0000026
all	3239	2	1528347	0.0000013
all	3240	5	1528347	0.0000033
all	3242	1	1528347	0.0000007
all	3243	2	1528347	0.0000013
all	3244	2	1528347	0.0000013
all	3245	1	1528347	0.0000007
all	3247	2	1528347	0.0000013
all	3248	1	1528347	0.0000007
all	3250	1	1528347	0.0000007
all	3252	1	1528347	0.0000007
all	3253	2	1528347	0.0000013
all	3254	2	1528347	0.0000013
all	3255	1	1528347	0.0000007
all	3256	1	1528347	0.0000007
all	3257	1	1528347	0.0000007
all	3263	1	1528347	0.0000007
all	3264	1	1528347	0.0000007
all	3265	2	1528347	0.0000013
all	3270	1	1528347	0.0000007
all	3273	1	1528347	0.0000007
all	3274	1	1528347	0.0000007
all	3276	1	1528347	0.0000007
all	3282	6	1528347	0.0000039
all	3286	3	1528347	0.0000020
all	3290	1	1528347	0.0000007
all	3292	3	1528347	0.0000020
all	3293	4	1528347	0.0000026
all	3306	1	1528347	0.0000007
all	3308	2	1528347	0.0000013
all	3309	3	1528347	0.0000020
all	3310	3	1528347	0.0000020
all	3320	1	1528347	0.0000007
all	3321	1	1528347	0.0000007
all	3332	1	1528347	0.0000007
all	3334	1	1528347	0.0000007
all	3337	6	1528347	0.0000039
all	3340	3	1528347	0.0000020
all	3341	2	1528347	0.0000013
all	3343	1	1528347	0.0000007
all	3346	1	1528347	0.0000007
all	3350	2	1528347	0.0000013
all	3352	5	1528347	0.0000033
all	3353	3	1528347	0.0000020
all	3355	2	1528347	0.0000013
all	3358	3	1528347	0.0000020
all	3364	1	1528347	0.0000007
all	3367	1	1528347	0.0000007
all	3370	2	1528347	0.0000013
all	3373	3	1528347	0.0000020
all	3374	4	1528347	0.0000026
all	3377	3	1528347	0.0000020
all	3381	1	1528347	0.0000007
all	3382	2	1528347	0.0000013
all	3383	9	1528347	0.0000059
all	3384	3	1528347	0.0000020
all	3385	2	1528347	0.0000013
all	3386	1	1528347	0.0000007
all	3388	1	1528347	0.0000007
all	3390	3	1528347	0.0000020
all	3393	1	1528347	0.0000007
all	3397	1	1528347	0.0000007
all	3399	3	1528347	0.0000020
all	3400	1	1528347	0.0000007
all	3405	3	1528347	0.0000020
all	3406	2	1528347	0.0000013
all	3407	1	1528347	0.0000007
all	3408	3	1528347	0.0000020
all	3410	3	1528347	0.0000020
all	3411	1	1528347	0.0000007
all	3416	1	1528347	0.0000007
all	3418	1	1528347	0.0000007
all	3423	2	1528347	0.0000013
all	3425	3	1528347	0.0000020
all	3430	1	1528347	0.0000007
all	3434	2	1528347	0.0000013
all	3435	3	1528347	0.0000020
all	3438	9	1528347	0.0000059
all	3440	8	1528347	0.0000052
all	3441	6	1528347	0.0000039
all	3442	2	1528347	0.0000013
all	3443	1	1528347	0.0000007
all	3446	2	1528347	0.0000013
all	3447	1	1528347	0.0000007
all	3448	9	1528347	0.0000059
all	3450	3	1528347	0.0000020
all	3453	3	1528347	0.0000020
all	3454	3	1528347	0.0000020
all	3456	3	1528347	0.0000020
all	3458	2	1528347	0.0000013
all	3460	8	1528347	0.0000052
all	3461	3	1528347	0.0000020
all	3462	3	1528347	0.0000020
all	3464	6	1528347	0.0000039
all	3465	5	1528347	0.0000033
all	3468	3	1528347	0.0000020
all	3473	2	1528347	0.0000013
all	3474	3	1528347	0.0000020
all	3476	1	1528347	0.0000007
all	3482	3	1528347	0.0000020
all	3485	1	1528347	0.0000007
all	3492	4	1528347	0.0000026
all	3495	2	1528347	0.0000013
all	3499	4	1528347	0.0000026
all	3500	3	1528347	0.0000020
all	3505	3	1528347	0.0000020
all	3510	3	1528347	0.0000020
all	3512	1	1528347	0.0000007
all	3515	2	1528347	0.0000013
all	3516	2	1528347	0.0000013
all	3517	2	1528347	0.0000013
all	3520	3	1528347	0.0000020
all	3522	1	1528347	0.0000007
all	3523	1	1528347	0.0000007
all	3525	4	1528347	0.0000026
all	3527	2	1528347	0.0000013
all	3532	4	1528347	0.0000026
all	3533	1	1528347	0.0000007
all	3534	9	1528347	0.0000059
all	3535	2	1528347	0.0000013
all	3538	2	1528347	0.0000013
all	3539	4	1528347	0.0000026
all	3543	2	1528347	0.0000013
all	3544	3	1528347	0.0000020
all	3545	3	1528347	0.0000020
all	3547	1	1528347	0.0000007
all	3551	3	1528347	0.0000020
all	3553	1	1528347	0.0000007
all	3556	6	1528347	0.0000039
all	3565	1	1528347	0.0000007
all	3568	1	1528347	0.0000007
all	3574	1	1528347	0.0000007
all	3586	8	1528347	0.0000052
all	3591	1	1528347	0.0000007
all	3593	1	1528347	0.0000007
all	3608	3	1528347	0.0000020
all	3610	1	1528347	0.0000007
all	3615	1	1528347	0.0000007
all	3620	1	1528347	0.0000007
all	3624	1	1528347	0.0000007
all	3626	1	1528347	0.0000007
all	3627	4	1528347	0.0000026
all	3631	1	1528347	0.0000007
all	3632	1	1528347	0.0000007
all	3636	1	1528347	0.0000007
all	3643	1	1528347	0.0000007
all	3653	1	1528347	0.0000007
all	3656	6	1528347	0.0000039
all	3673	6	1528347	0.0000039
all	3674	3	1528347	0.0000020
all	3679	1	1528347	0.0000007
all	3683	1	1528347	0.0000007
all	3685	4	1528347	0.0000026
all	3687	1	1528347	0.0000007
all	3688	1	1528347	0.0000007
all	3693	1	1528347	0.0000007
all	3696	6	1528347	0.0000039
all	3699	1	1528347	0.0000007
all	3705	1	1528347	0.0000007
all	3707	2	1528347	0.0000013
all	3710	1	1528347	0.0000007
all	3714	1	1528347	0.0000007
all	3715	1	1528347	0.0000007
all	3717	1	1528347	0.0000007
all	3718	1	1528347	0.0000007
all	3719	1	1528347	0.0000007
all	3722	1	1528347	0.0000007
all	3726	1	1528347	0.0000007
all	3727	1	1528347	0.0000007
all	3730	6	1528347	0.0000039
all	3732	1	1528347	0.0000007
all	3734	1	1528347	0.0000007
all	3736	1	1528347	0.0000007
all	3737	1	1528347	0.0000007
all	3744	1	1528347	0.0000007
all	3747	1	1528347	0.0000007
all	3758	1	1528347	0.0000007
all	3759	3	1528347	0.0000020
all	3760	1	1528347	0.0000007
all	3761	2	1528347	0.0000013
all	3762	3	1528347	0.0000020
all	3767	6	1528347	0.0000039
all	3768	3	1528347	0.0000020
all	3789	4	1528347	0.0000026
all	3798	3	1528347	0.0000020
all	3805	6	1528347	0.0000039
all	3810	1	1528347	0.0000007
all	3812	3	1528347	0.0000020
all	3816	3	1528347	0.0000020
all	3818	6	1528347	0.0000039
all	3819	6	1528347	0.0000039
all	3829	1	1528347	0.0000007
all	3834	3	1528347	0.0000020
all	3835	3	1528347	0.0000020
all	3840	3	1528347	0.0000020
all	3843	7	1528347	0.0000046
all	3855	3	1528347	0.0000020
all	3857	3	1528347	0.0000020
all	3862	4	1528347	0.0000026
all	3865	6	1528347	0.0000039
all	3875	1	1528347	0.0000007
all	3893	6	1528347	0.0000039
all	3904	6	1528347	0.0000039
all	3922	6	1528347	0.0000039
all	3930	6	1528347	0.0000039
all	3940	1	1528347	0.0000007
all	3949	1	1528347	0.0000007
all	3954	6	1528347	0.0000039
all	3955	1	1528347	0.0000007
all	3958	1	1528347	0.0000007
all	3962	1	1528347	0.0000007
all	3966	6	1528347	0.0000039
all	3989	6	1528347	0.0000039
all	3992	1	1528347	0.0000007
all	4001	1	1528347	0.0000007
all	4024	1	1528347	0.0000007
all	4025	6	1528347	0.0000039
all	4047	13	1528347	0.0000085
all	4065	13	1528347	0.0000085
all	4090	1	1528347	0.0000007
all	4097	2	1528347	0.0000013
all	4099	13	1528347	0.0000085
all	4102	1	1528347	0.0000007
all	4108	14	1528347	0.0000092
all	4110	1	1528347	0.0000007
all	4114	1	1528347	0.0000007
all	4162	1	1528347	0.0000007
all	4173	14	1528347	0.0000092
all	4180	1	1528347	0.0000007
all	4181	1	1528347	0.0000007
all	4203	1	1528347	0.0000007
all	4210	14	1528347	0.0000092
all	4213	1	1528347	0.0000007
all	4231	1	1528347	0.0000007
all	4237	2	1528347	0.0000013
all	4238	1	1528347	0.0000007
all	4253	14	1528347	0.0000092
all	4255	1	1528347	0.0000007
all	4273	2	1528347	0.0000013
all	4278	14	1528347	0.0000092
all	4279	14	1528347	0.0000092
all	4280	14	1528347	0.0000092
all	4283	1	1528347	0.0000007
all	4285	2	1528347	0.0000013
all	4294	1	1528347	0.0000007
all	4295	1	1528347	0.0000007
all	4297	1	1528347	0.0000007
all	4306	15	1528347	0.0000098
all	4325	1	1528347	0.0000007
all	4331	1	1528347	0.0000007
all	4333	1	1528347	0.0000007
all	4334	1	1528347	0.0000007
all	4337	1	1528347	0.0000007
all	4340	1	1528347	0.0000007
all	4341	1	1528347	0.0000007
all	4344	1	1528347	0.0000007
all	4348	14	1528347	0.0000092
all	4364	14	1528347	0.0000092
all	4390	1	1528347	0.0000007
all	4394	1	1528347	0.0000007
all	4396	1	1528347	0.0000007
all	4408	14	1528347	0.0000092
all	4432	14	1528347	0.0000092
all	4460	14	1528347	0.0000092
all	4474	14	1528347	0.0000092
all	4493	14	1528347	0.0000092
all	4526	14	1528347	0.0000092
all	4548	14	1528347	0.0000092
all	4562	14	1528347	0.0000092
all	4582	14	1528347	0.0000092
all	4602	14	1528347	0.0000092
all	4620	28	1528347	0.0000183
all	4631	8	1528347	0.0000052
all	4635	14	1528347	0.0000092
all	4637	8	1528347	0.0000052
all	4643	6	1528347	0.0000039
all	4656	6	1528347	0.0000039
all	4657	14	1528347	0.0000092
all	4666	6	1528347	0.0000039
all	4680	6	1528347	0.0000039
all	4684	8	1528347	0.0000052
all	4699	8	1528347	0.0000052
all	4707	6	1528347	0.0000039
all	4710	8	1528347	0.0000052
all	4721	6	1528347	0.0000039
all	4725	8	1528347	0.0000052
all	4734	6	1528347	0.0000039
all	4750	7	1528347	0.0000046
all	4764	7	1528347	0.0000046
all	4772	8	1528347	0.0000052
all	4788	8	1528347	0.0000052
all	4792	8	1528347	0.0000052
all	4795	16	1528347	0.0000105
all	4796	8	1528347	0.0000052
all	4797	8	1528347	0.0000052
all	4798	8	1528347	0.0000052
all	4799	8	1528347	0.0000052
all	4803	16	1528347	0.0000105
all	4804	8	1528347	0.0000052
all	4815	8	1528347	0.0000052
all	4829	8	1528347	0.0000052
all	4839	8	1528347	0.0000052
all	4845	1	1528347	0.0000007
all	4849	8	1528347	0.0000052
all	4851	8	1528347	0.0000052
all	4853	8	1528347	0.0000052
all	4855	24	1528347	0.0000157
all	4857	8	1528347	0.0000052
all	4858	8	1528347	0.0000052
all	4859	16	1528347	0.0000105
all	4862	8	1528347	0.0000052
all	4866	8	1528347	0.0000052
all	4867	8	1528347	0.0000052
all	4869	1	1528347	0.0000007
all	4872	8	1528347	0.0000052
all	4876	9	1528347	0.0000059
all	4880	8	1528347	0.0000052
all	4881	1	1528347	0.0000007
all	4882	8	1528347	0.0000052
all	4883	8	1528347	0.0000052
all	4889	16	1528347	0.0000105
all	4893	8	1528347	0.0000052
all	4902	8	1528347	0.0000052
all	4903	8	1528347	0.0000052
all	4917	1	1528347	0.0000007
all	4918	1	1528347	0.0000007
all	4936	1	1528347	0.0000007
all	4965	1	1528347	0.0000007
all	5011	1	1528347	0.0000007
all	5028	1	1528347	0.0000007
all	5052	1	1528347	0.0000007
all	5080	1	1528347	0.0000007
all	5123	1	1528347	0.0000007
all	5226	1	1528347	0.0000007
all	5274	1	1528347	0.0000007
all	5291	1	1528347	0.0000007
all	5316	1	1528347	0.0000007
all	5327	1	1528347	0.0000007
all	5330	1	1528347	0.0000007
all	5335	1	1528347	0.0000007
all	5337	1	1528347	0.0000007
all	5341	1	1528347	0.0000007
all	5349	1	1528347	0.0000007
all	5356	1	1528347	0.0000007
all	5363	1	1528347	0.0000007
all	5368	1	1528347	0.0000007
all	5373	1	1528347	0.0000007
all	5385	2	1528347	0.0000013
all	5398	1	1528347	0.0000007
all	5405	1	1528347	0.0000007
all	5417	1	1528347	0.0000007
all	5426	1	1528347	0.0000007
all	5449	1	1528347	0.0000007
all	5469	1	1528347	0.0000007
all	5473	1	1528347	0.0000007
all	5480	1	1528347	0.0000007
all	5482	1	1528347	0.0000007
all	5487	1	1528347	0.0000007
all	5496	1	1528347	0.0000007
all	5501	1	1528347	0.0000007
all	5510	1	1528347	0.0000007
all	5541	1	1528347	0.0000007
all	5545	1	1528347	0.0000007
all	5552	1	1528347	0.0000007
all	5553	1	1528347	0.0000007
all	5556	1	1528347	0.0000007
all	5558	1	1528347	0.0000007
all	5564	1	1528347	0.0000007
all	5572	1	1528347	0.0000007
all	5575	1	1528347	0.0000007
all	5587	1	1528347	0.0000007
all	5600	1	1528347	0.0000007
all	5611	1	1528347	0.0000007
all	5620	1	1528347	0.0000007
all	5623	1	1528347	0.0000007
all	5627	1	1528347	0.0000007
all	5640	3	1528347	0.0000020
all	5648	1	1528347	0.0000007
all	5657	1	1528347	0.0000007
all	5661	1	1528347	0.0000007
all	5664	1	1528347	0.0000007
all	5668	1	1528347	0.0000007
all	5671	1	1528347	0.0000007
all	5674	1	1528347	0.0000007
all	5682	1	1528347	0.0000007
all	5685	1	1528347	0.0000007
all	5690	1	1528347	0.0000007
all	5697	1	1528347	0.0000007
all	5699	2	1528347	0.0000013
all	5702	1	1528347	0.0000007
all	5708	1	1528347	0.0000007
all	5711	1	1528347	0.0000007
all	5713	1	1528347	0.0000007
all	5726	1	1528347	0.0000007
all	5736	1	1528347	0.0000007
all	5747	1	1528347	0.0000007
all	5750	1	1528347	0.0000007
all	5755	1	1528347	0.0000007
all	5756	1	1528347	0.0000007
all	5757	1	1528347	0.0000007
all	5760	2	1528347	0.0000013
all	5766	1	1528347	0.0000007
all	5767	1	1528347	0.0000007
all	5775	2	1528347	0.0000013
all	5777	1	1528347	0.0000007
all	5780	1	1528347	0.0000007
all	5781	2	1528347	0.0000013
all	5783	1	1528347	0.0000007
all	5784	1	1528347	0.0000007
all	5786	2	1528347	0.0000013
all	5788	1	1528347	0.0000007
all	5789	1	1528347	0.0000007
all	5790	1	1528347	0.0000007
all	5794	1	1528347	0.0000007
all	5795	1	1528347	0.0000007
all	5796	1	1528347	0.0000007
all	5800	1	1528347	0.0000007
all	5804	1	1528347	0.0000007
all	5807	1	1528347	0.0000007
all	5813	1	1528347	0.0000007
all	5816	2	1528347	0.0000013
all	5819	3	1528347	0.0000020
all	5823	1	1528347	0.0000007
all	5825	1	1528347	0.0000007
all	5831	1	1528347	0.0000007
all	5832	1	1528347	0.0000007
all	5834	2	1528347	0.0000013
all	5842	1	1528347	0.0000007
all	5851	1	1528347	0.0000007
all	5856	1	1528347	0.0000007
all	5896	1	1528347	0.0000007
all	5904	1	1528347	0.0000007
all	5906	1	1528347	0.0000007
all	5943	1	1528347	0.0000007
all	5957	1	1528347	0.0000007
all	5960	1	1528347	0.0000007
all	5965	1	1528347	0.0000007
all	5967	1	1528347	0.0000007
all	5969	1	1528347	0.0000007
all	5980	1	1528347	0.0000007
all	5984	1	1528347	0.0000007
all	5985	2	1528347	0.0000013
all	5995	2	1528347	0.0000013
all	5998	1	1528347	0.0000007
all	5999	1	1528347	0.0000007
all	6000	2	1528347	0.0000013
all	6001	1	1528347	0.0000007
all	6003	2	1528347	0.0000013
all	6015	1	1528347	0.0000007
all	6018	2	1528347	0.0000013
all	6028	2	1528347	0.0000013
all	6029	2	1528347	0.0000013
all	6034	1	1528347	0.0000007
all	6038	2	1528347	0.0000013
all	6042	1	1528347	0.0000007
all	6046	2	1528347	0.0000013
all	6049	1	1528347	0.0000007
all	6055	5	1528347	0.0000033
all	6061	2	1528347	0.0000013
all	6066	1	1528347	0.0000007
all	6067	1	1528347	0.0000007
all	6074	2	1528347	0.0000013
all	6083	2	1528347	0.0000013
all	6085	1	1528347	0.0000007
all	6087	1	1528347	0.0000007
all	6089	2	1528347	0.0000013
all	6098	4	1528347	0.0000026
all	6099	2	1528347	0.0000013
all	6101	2	1528347	0.0000013
all	6102	2	1528347	0.0000013
all	6105	3	1528347	0.0000020
all	6110	1	1528347	0.0000007
all	6112	2	1528347	0.0000013
all	6114	1	1528347	0.0000007
all	6115	1	1528347	0.0000007
all	6116	3	1528347	0.0000020
all	6121	1	1528347	0.0000007
all	6125	1	1528347	0.0000007
all	6127	1	1528347	0.0000007
all	6129	1	1528347	0.0000007
all	6131	1	1528347	0.0000007
all	6132	2	1528347	0.0000013
all	6138	2	1528347	0.0000013
all	6139	1	1528347	0.0000007
all	6141	1	1528347	0.0000007
all	6144	3	1528347	0.0000020
all	6145	1	1528347	0.0000007
all	6152	2	1528347	0.0000013
all	6155	1	1528347	0.0000007
all	6161	2	1528347	0.0000013
all	6164	1	1528347	0.0000007
all	6166	1	1528347	0.0000007
all	6168	1	1528347	0.0000007
all	6173	2	1528347	0.0000013
all	6181	2	1528347	0.0000013
all	6184	1	1528347	0.0000007
all	6186	3	1528347	0.0000020
all	6195	2	1528347	0.0000013
all	6196	2	1528347	0.0000013
all	6201	1	1528347	0.0000007
all	6202	1	1528347	0.0000007
all	6206	1	1528347	0.0000007
all	6207	1	1528347	0.0000007
all	6214	1	1528347	0.0000007
all	6217	1	1528347	0.0000007
all	6219	2	1528347	0.0000013
all	6224	1	1528347	0.0000007
all	6227	4	1528347	0.0000026
all	6228	2	1528347	0.0000013
all	6246	2	1528347	0.0000013
all	6251	2	1528347	0.0000013
all	6252	2	1528347	0.0000013
all	6254	1	1528347	0.0000007
all	6258	1	1528347	0.0000007
all	6267	1	1528347	0.0000007
all	6268	4	1528347	0.0000026
all	6271	1	1528347	0.0000007
all	6277	1	1528347	0.0000007
all	6278	2	1528347	0.0000013
all	6279	2	1528347	0.0000013
all	6287	2	1528347	0.0000013
all	6290	2	1528347	0.0000013
all	6292	2	1528347	0.0000013
all	6297	2	1528347	0.0000013
all	6302	2	1528347	0.0000013
all	6304	1	1528347	0.0000007
all	6307	2	1528347	0.0000013
all	6308	1	1528347	0.0000007
all	6311	2	1528347	0.0000013
all	6313	2	1528347	0.0000013
all	6316	2	1528347	0.0000013
all	6321	1	1528347	0.0000007
all	6327	2	1528347	0.0000013
all	6330	2	1528347	0.0000013
all	6333	2	1528347	0.0000013
all	6342	2	1528347	0.0000013
all	6350	1	1528347	0.0000007
all	6351	1	1528347	0.0000007
all	6355	1	1528347	0.0000007
all	6358	1	1528347	0.0000007
all	6359	2	1528347	0.0000013
all	6361	1	1528347	0.0000007
all	6363	2	1528347	0.0000013
all	6368	2	1528347	0.0000013
all	6370	1	1528347	0.0000007
all	6373	1	1528347	0.0000007
all	6433	1	1528347	0.0000007
all	6483	1	1528347	0.0000007
all	6489	1	1528347	0.0000007
all	6501	1	1528347	0.0000007
all	6599	1	1528347	0.0000007
all	6648	1	1528347	0.0000007
all	6665	1	1528347	0.0000007
all	6807	1	1528347	0.0000007
all	6877	1	1528347	0.0000007
all	6892	1	1528347	0.0000007
all	6921	1	1528347	0.0000007
all	6927	1	1528347	0.0000007
all	6942	1	1528347	0.0000007
all	7442	1	1528347	0.0000007
all	7456	1	1528347	0.0000007
all	7458	1	1528347	0.0000007
all	7476	1	1528347	0.0000007
all	7477	1	1528347	0.0000007
all	7479	1	1528347	0.0000007
all	7516	1	1528347	0.0000007
all	7558	1	1528347	0.0000007
all	7589	1	1528347	0.0000007
all	7669	1	1528347	0.0000007
all	7671	1	1528347	0.0000007
all	7673	1	1528347	0.0000007
all	7683	1	1528347	0.0000007
all	7693	1	1528347	0.0000007
all	7717	1	1528347	0.0000007
all	7749	1	1528347	0.0000007
all	7756	1	1528347	0.0000007
all	7798	1	1528347	0.0000007
all	7810	1	1528347	0.0000007
all	7869	1	1528347	0.0000007
all	7877	1	1528347	0.0000007
all	7881	1	1528347	0.0000007
all	7896	1	1528347	0.0000007
all	7927	1	1528347	0.0000007
all	7931	1	1528347	0.0000007
all	7934	1	1528347	0.0000007
all	7992	1	1528347	0.0000007
all	7995	1	1528347	0.0000007
all	8003	1	1528347	0.0000007
all	8007	1	1528347	0.0000007
all	8017	1	1528347	0.0000007
all	8048	1	1528347	0.0000007
all	8061	1	1528347	0.0000007
all	8071	1	1528347	0.0000007
all	8120	1	1528347	0.0000007
all	8176	1	1528347	0.0000007
all	8279	1	1528347	0.0000007
all	8284	1	1528347	0.0000007
all	8288	1	1528347	0.0000007
all	8291	1	1528347	0.0000007
all	8303	1	1528347	0.0000007
all	8309	1	1528347	0.0000007
all	8315	1	1528347	0.0000007
all	8336	1	1528347	0.0000007
all	8354	2	1528347	0.0000013
all	8382	2	1528347	0.0000013
all	8420	2	1528347	0.0000013
all	8472	2	1528347	0.0000013
all	8580	2	1528347	0.0000013
all	8585	2	1528347	0.0000013
all	8670	2	1528347	0.0000013
all	8761	2	1528347	0.0000013
all	8813	2	1528347	0.0000013
all	8825	2	1528347	0.0000013
all	8846	2	1528347	0.0000013
all	8869	2	1528347	0.0000013
all	8967	2	1528347	0.0000013
all	8977	2	1528347	0.0000013
all	8994	2	1528347	0.0000013
all	9043	2	1528347	0.0000013
all	9060	2	1528347	0.0000013
all	9062	1	1528347	0.0000007
all	9095	2	1528347	0.0000013
all	9116	2	1528347	0.0000013
all	9120	2	1528347	0.0000013
all	9123	2	1528347	0.0000013
all	9149	2	1528347	0.0000013
all	9162	1	1528347	0.0000007
all	9193	1	1528347	0.0000007
all	9206	1	1528347	0.0000007
all	9219	1	1528347	0.0000007
all	9247	1	1528347	0.0000007
all	9256	2	1528347	0.0000013
all	9301	2	1528347	0.0000013
all	9305	1	1528347	0.0000007
all	9310	2	1528347	0.0000013
all	9312	1	1528347	0.0000007
all	9313	2	1528347	0.0000013
all	9321	1	1528347	0.0000007
all	9322	3	1528347	0.0000020
all	9325	1	1528347	0.0000007
all	9330	1	1528347	0.0000007
all	9339	1	1528347	0.0000007
all	9344	1	1528347	0.0000007
all	9347	1	1528347	0.0000007
all	9363	1	1528347	0.0000007
all	9370	1	1528347	0.0000007
all	9373	1	1528347	0.0000007
all	9383	1	1528347	0.0000007
all	9384	1	1528347	0.0000007
all	9391	1	1528347	0.0000007
all	9399	1	1528347	0.0000007
all	9401	1	1528347	0.0000007
all	9403	1	1528347	0.0000007
all	9405	1	1528347	0.0000007
all	9414	1	1528347	0.0000007
all	9418	1	1528347	0.0000007
all	9421	1	1528347	0.0000007
all	9428	2	1528347	0.0000013
all	9430	1	1528347	0.0000007
all	9457	1	1528347	0.0000007
all	9489	1	1528347	0.0000007
all	9493	1	1528347	0.0000007
all	9507	1	1528347	0.0000007
all	9520	1	1528347	0.0000007
all	9537	1	1528347	0.0000007
all	9542	1	1528347	0.0000007
all	9543	1	1528347	0.0000007
all	9544	1	1528347	0.0000007
all	9556	1	1528347	0.0000007
all	9564	1	1528347	0.0000007
all	9575	1	1528347	0.0000007
all	9586	1	1528347	0.0000007
all	9587	1	1528347	0.0000007
all	9592	2	1528347	0.0000013
all	9593	1	1528347	0.0000007
all	9596	1	1528347	0.0000007
all	9598	1	1528347	0.0000007
all	9602	1	1528347	0.0000007
all	9603	1	1528347	0.0000007
all	9624	1	1528347	0.0000007
all	10218	1	1528347	0.0000007
all	10223	1	1528347	0.0000007
all	10239	1	1528347	0.0000007
all	10294	1	1528347	0.0000007
all	10354	1	1528347	0.0000007
all	10383	1	1528347	0.0000007
all	10497	1	1528347	0.0000007
all	10640	1	1528347	0.0000007
all	10869	1	1528347	0.0000007
all	10960	1	1528347	0.0000007
all	11079	1	1528347	0.0000007
all	11112	1	1528347	0.0000007
all	11151	2	1528347	0.0000013
all	11167	1	1528347	0.0000007
all	11188	1	1528347	0.0000007
all	11246	1	1528347	0.0000007
all	11253	1	1528347	0.0000007
all	11255	1	1528347	0.0000007
all	11279	1	1528347	0.0000007
all	11280	1	1528347	0.0000007
all	11290	1	1528347	0.0000007
all	11310	1	1528347	0.0000007
all	11353	1	1528347	0.0000007
all	11376	1	1528347	0.0000007
all	11379	1	1528347	0.0000007
all	11416	1	1528347	0.0000007
all	11518	1	1528347	0.0000007
all	11630	1	1528347	0.0000007
all	11714	1	1528347	0.0000007
all	11901	1	1528347	0.0000007
all	11988	1	1528347	0.0000007
all	12166	1	1528347	0.0000007
all	12269	1	1528347	0.0000007
all	12394	1	1528347	0.0000007
all	12560	1	1528347	0.0000007
all	12595	1	1528347	0.0000007
all	12597	1	1528347	0.0000007
all	12598	1	1528347	0.0000007
all	12603	2	1528347	0.0000013
all	12633	1	1528347	0.0000007
all	12635	1	1528347	0.0000007
all	12639	1	1528347	0.0000007
all	12645	1	1528347	0.0000007
all	12663	1	1528347	0.0000007
all	12670	1	1528347	0.0000007
all	12692	1	1528347	0.0000007
all	12696	1	1528347	0.0000007
all	12712	1	1528347	0.0000007
all	12720	1	1528347	0.0000007
all	12736	1	1528347	0.0000007
all	12748	1	1528347	0.0000007
all	12792	1	1528347	0.0000007
all	12817	1	1528347	0.0000007
all	12826	1	1528347	0.0000007
all	12864	1	1528347	0.0000007
all	12885	1	1528347	0.0000007
all	12923	1	1528347	0.0000007
all	13042	1	1528347	0.0000007
all	13044	1	1528347	0.0000007
all	13171	1	1528347	0.0000007
all	13226	1	1528347	0.0000007
all	13260	1	1528347	0.0000007
all	13323	1	1528347	0.0000007
all	13338	1	1528347	0.0000007
all	13389	1	1528347	0.0000007
all	13417	1	1528347	0.0000007
all	13437	1	1528347	0.0000007
all	13463	1	1528347	0.0000007
all	13511	1	1528347	0.0000007
all	13582	1	1528347	0.0000007
all	13685	1	1528347	0.0000007
all	13740	1	1528347	0.0000007
all	13776	1	1528347	0.0000007
all	13778	1	1528347	0.0000007
all	13781	1	1528347	0.0000007
all	13794	1	1528347	0.0000007
all	13823	1	1528347	0.0000007
all	13825	1	1528347	0.0000007
all	13826	1	1528347	0.0000007
all	13873	1	1528347	0.0000007
all	13962	1	1528347	0.0000007
all	14061	1	1528347	0.0000007
all	14095	1	1528347	0.0000007
all	14153	1	1528347	0.0000007
all	14172	1	1528347	0.0000007
all	14257	1	1528347	0.0000007
all	14303	1	1528347	0.0000007
all	14370	1	1528347	0.0000007
all	14406	1	1528347	0.0000007
all	14460	1	1528347	0.0000007
all	14491	1	1528347	0.0000007
all	14515	1	1528347	0.0000007
all	14521	1	1528347	0.0000007
all	14534	1	1528347	0.0000007
all	14535	1	1528347	0.0000007
all	14545	2	1528347	0.0000013
all	14608	1	1528347	0.0000007
all	14622	1	1528347	0.0000007
all	14660	1	1528347	0.0000007
all	14682	2	1528347	0.0000013
all	14731	1	1528347	0.0000007
all	14744	2	1528347	0.0000013
all	14783	2	1528347	0.0000013
all	14796	2	1528347	0.0000013
all	14799	2	1528347	0.0000013
all	14809	3	1528347	0.0000020
all	14863	3	1528347	0.0000020
all	14885	2	1528347	0.0000013
all	14914	2	1528347	0.0000013
all	14983	2	1528347	0.0000013
all	15008	2	1528347	0.0000013
all	15033	2	1528347	0.0000013
all	15055	3	1528347	0.0000020
all	15093	2	1528347	0.0000013
all	15095	2	1528347	0.0000013
all	15122	2	1528347	0.0000013
all	15132	2	1528347	0.0000013
all	15142	2	1528347	0.0000013
all	15250	3	1528347	0.0000020
all	15362	3	1528347	0.0000020
all	15372	2	1528347	0.0000013
all	15378	3	1528347	0.0000020
all	15407	3	1528347	0.0000020
all	15418	3	1528347	0.0000020
all	15422	2	1528347	0.0000013
all	15431	3	1528347	0.0000020
all	15437	3	1528347	0.0000020
all	15438	3	1528347	0.0000020
all	15440	3	1528347	0.0000020
all	15468	2	1528347	0.0000013
all	15497	3	1528347	0.0000020
all	15513	2	1528347	0.0000013
all	15517	3	1528347	0.0000020
all	15520	2	1528347	0.0000013
all	15522	3	1528347	0.0000020
all	15523	3	1528347	0.0000020
all	15527	2	1528347	0.0000013
all	15558	3	1528347	0.0000020
all	15602	3	1528347	0.0000020
all	15606	2	1528347	0.0000013
all	15612	3	1528347	0.0000020
all	15618	2	1528347	0.0000013
all	15636	3	1528347	0.0000020
all	15645	3	1528347	0.0000020
all	15646	3	1528347	0.0000020
all	15653	2	1528347	0.0000013
all	15679	2	1528347	0.0000013
all	15744	2	1528347	0.0000013
all	15822	2	1528347	0.0000013
all	15833	2	1528347	0.0000013
all	15837	1	1528347	0.0000007
all	15844	2	1528347	0.0000013
all	15863	1	1528347	0.0000007
all	15883	1	1528347	0.0000007
all	15912	2	1528347	0.0000013
all	15913	2	1528347	0.0000013
all	15927	2	1528347	0.0000013
all	15928	1	1528347	0.0000007
all	15944	1	1528347	0.0000007
all	15945	1	1528347	0.0000007
all	15950	1	1528347	0.0000007
all	15953	2	1528347	0.0000013
all	15965	1	1528347	0.0000007
all	15972	2	1528347	0.0000013
all	15991	2	1528347	0.0000013
all	15996	1	1528347	0.0000007
all	16015	1	1528347	0.0000007
all	16028	2	1528347	0.0000013
all	16045	2	1528347	0.0000013
all	16054	1	1528347	0.0000007
all	16058	1	1528347	0.0000007
all	16059	2	1528347	0.0000013
all	16075	2	1528347	0.0000013
all	16076	1	1528347	0.0000007
all	16080	1	1528347	0.0000007
all	16083	1	1528347	0.0000007
