all	0	4110	886578	0.0046358
all	1	1630	886578	0.0018385
all	2	2052	886578	0.0023145
all	3	1439	886578	0.0016231
all	4	1793	886578	0.0020224
all	5	1747	886578	0.0019705
all	6	2003	886578	0.0022592
all	7	2630	886578	0.0029665
all	8	1840	886578	0.0020754
all	9	2190	886578	0.0024702
all	10	2473	886578	0.0027894
all	11	2668	886578	0.0030093
all	12	2730	886578	0.0030793
all	13	3299	886578	0.0037210
all	14	3151	886578	0.0035541
all	15	3719	886578	0.0041948
all	16	3609	886578	0.0040707
all	17	3689	886578	0.0041609
all	18	4057	886578	0.0045760
all	19	3975	886578	0.0044835
all	20	4240	886578	0.0047824
all	21	3863	886578	0.0043572
all	22	4649	886578	0.0052438
all	23	4358	886578	0.0049155
all	24	5103	886578	0.0057558
all	25	5006	886578	0.0056464
all	26	5289	886578	0.0059656
all	27	5111	886578	0.0057649
all	28	5170	886578	0.0058314
all	29	5152	886578	0.0058111
all	30	5563	886578	0.0062747
all	31	5654	886578	0.0063773
all	32	6253	886578	0.0070530
all	33	5962	886578	0.0067247
all	34	6070	886578	0.0068465
all	35	5727	886578	0.0064597
all	36	6408	886578	0.0072278
all	37	6299	886578	0.0071048
all	38	6434	886578	0.0072571
all	39	6555	886578	0.0073936
all	40	6745	886578	0.0076079
all	41	6481	886578	0.0073101
all	42	6292	886578	0.0070970
all	43	6396	886578	0.0072143
all	44	6539	886578	0.0073755
all	45	6047	886578	0.0068206
all	46	6445	886578	0.0072695
all	47	6816	886578	0.0076880
all	48	6872	886578	0.0077512
all	49	6296	886578	0.0071015
all	50	6529	886578	0.0073643
all	51	6453	886578	0.0072785
all	52	6694	886578	0.0075504
all	53	6687	886578	0.0075425
all	54	6841	886578	0.0077162
all	55	6581	886578	0.0074229
all	56	6861	886578	0.0077387
all	57	6512	886578	0.0073451
all	58	6745	886578	0.0076079
all	59	6589	886578	0.0074319
all	60	6555	886578	0.0073936
all	61	6878	886578	0.0077579
all	62	6516	886578	0.0073496
all	63	6400	886578	0.0072188
all	64	6383	886578	0.0071996
all	65	6484	886578	0.0073135
all	66	6410	886578	0.0072300
all	67	6535	886578	0.0073710
all	68	6701	886578	0.0075583
all	69	6326	886578	0.0071353
all	70	6587	886578	0.0074297
all	71	6593	886578	0.0074365
all	72	6248	886578	0.0070473
all	73	6052	886578	0.0068262
all	74	6416	886578	0.0072368
all	75	6464	886578	0.0072910
all	76	5946	886578	0.0067067
all	77	6160	886578	0.0069481
all	78	5933	886578	0.0066920
all	79	6246	886578	0.0070451
all	80	6360	886578	0.0071736
all	81	6101	886578	0.0068815
all	82	6106	886578	0.0068872
all	83	5818	886578	0.0065623
all	84	5554	886578	0.0062645
all	85	5505	886578	0.0062093
all	86	5461	886578	0.0061596
all	87	5333	886578	0.0060153
all	88	5431	886578	0.0061258
all	89	5459	886578	0.0061574
all	90	5436	886578	0.0061314
all	91	5214	886578	0.0058810
all	92	5411	886578	0.0061032
all	93	5417	886578	0.0061100
all	94	5334	886578	0.0060164
all	95	5159	886578	0.0058190
all	96	5023	886578	0.0056656
all	97	4792	886578	0.0054051
all	98	4873	886578	0.0054964
all	99	4633	886578	0.0052257
all	100	4971	886578	0.0056070
all	101	4689	886578	0.0052889
all	102	4852	886578	0.0054727
all	103	4524	886578	0.0051028
all	104	4432	886578	0.0049990
all	105	4438	886578	0.0050058
all	106	4418	886578	0.0049832
all	107	4350	886578	0.0049065
all	108	4168	886578	0.0047012
all	109	4151	886578	0.0046820
all	110	4020	886578	0.0045343
all	111	4039	886578	0.0045557
all	112	3895	886578	0.0043933
all	113	3916	886578	0.0044170
all	114	3877	886578	0.0043730
all	115	3804	886578	0.0042907
all	116	3759	886578	0.0042399
all	117	3695	886578	0.0041677
all	118	3739	886578	0.0042173
all	119	3703	886578	0.0041767
all	120	3562	886578	0.0040177
all	121	3535	886578	0.0039872
all	122	3440	886578	0.0038801
all	123	3412	886578	0.0038485
all	124	3315	886578	0.0037391
all	125	3270	886578	0.0036883
all	126	3108	886578	0.0035056
all	127	3137	886578	0.0035383
all	128	3186	886578	0.0035936
all	129	3218	886578	0.0036297
all	130	3056	886578	0.0034470
all	131	3044	886578	0.0034334
all	132	2896	886578	0.0032665
all	133	2897	886578	0.0032676
all	134	2979	886578	0.0033601
all	135	3020	886578	0.0034064
all	136	2794	886578	0.0031514
all	137	2896	886578	0.0032665
all	138	2766	886578	0.0031199
all	139	2755	886578	0.0031075
all	140	2796	886578	0.0031537
all	141	2615	886578	0.0029495
all	142	2709	886578	0.0030556
all	143	2643	886578	0.0029811
all	144	2728	886578	0.0030770
all	145	2854	886578	0.0032191
all	146	2509	886578	0.0028300
all	147	2462	886578	0.0027770
all	148	2385	886578	0.0026901
all	149	2588	886578	0.0029191
all	150	2399	886578	0.0027059
all	151	2356	886578	0.0026574
all	152	2318	886578	0.0026145
all	153	2165	886578	0.0024420
all	154	2314	886578	0.0026100
all	155	2178	886578	0.0024566
all	156	2246	886578	0.0025333
all	157	2084	886578	0.0023506
all	158	2230	886578	0.0025153
all	159	2079	886578	0.0023450
all	160	1972	886578	0.0022243
all	161	2032	886578	0.0022920
all	162	2153	886578	0.0024284
all	163	2043	886578	0.0023044
all	164	1922	886578	0.0021679
all	165	1930	886578	0.0021769
all	166	1947	886578	0.0021961
all	167	1941	886578	0.0021893
all	168	1810	886578	0.0020416
all	169	1678	886578	0.0018927
all	170	1737	886578	0.0019592
all	171	1598	886578	0.0018024
all	172	1643	886578	0.0018532
all	173	1687	886578	0.0019028
all	174	1597	886578	0.0018013
all	175	1680	886578	0.0018949
all	176	1548	886578	0.0017460
all	177	1618	886578	0.0018250
all	178	1504	886578	0.0016964
all	179	1566	886578	0.0017663
all	180	1405	886578	0.0015847
all	181	1410	886578	0.0015904
all	182	1434	886578	0.0016175
all	183	1445	886578	0.0016299
all	184	1421	886578	0.0016028
all	185	1381	886578	0.0015577
all	186	1374	886578	0.0015498
all	187	1417	886578	0.0015983
all	188	1366	886578	0.0015408
all	189	1317	886578	0.0014855
all	190	1376	886578	0.0015520
all	191	1313	886578	0.0014810
all	192	1203	886578	0.0013569
all	193	1234	886578	0.0013919
all	194	1332	886578	0.0015024
all	195	1274	886578	0.0014370
all	196	1191	886578	0.0013434
all	197	1267	886578	0.0014291
all	198	1164	886578	0.0013129
all	199	1122	886578	0.0012655
all	200	1090	886578	0.0012294
all	201	1000	886578	0.0011279
all	202	1047	886578	0.0011809
all	203	1119	886578	0.0012622
all	204	984	886578	0.0011099
all	205	985	886578	0.0011110
all	206	1056	886578	0.0011911
all	207	983	886578	0.0011088
all	208	971	886578	0.0010952
all	209	1055	886578	0.0011900
all	210	1021	886578	0.0011516
all	211	1026	886578	0.0011573
all	212	896	886578	0.0010106
all	213	900	886578	0.0010151
all	214	906	886578	0.0010219
all	215	890	886578	0.0010039
all	216	837	886578	0.0009441
all	217	841	886578	0.0009486
all	218	860	886578	0.0009700
all	219	826	886578	0.0009317
all	220	855	886578	0.0009644
all	221	792	886578	0.0008933
all	222	869	886578	0.0009802
all	223	793	886578	0.0008945
all	224	785	886578	0.0008854
all	225	761	886578	0.0008584
all	226	758	886578	0.0008550
all	227	685	886578	0.0007726
all	228	711	886578	0.0008020
all	229	717	886578	0.0008087
all	230	722	886578	0.0008144
all	231	760	886578	0.0008572
all	232	765	886578	0.0008629
all	233	706	886578	0.0007963
all	234	655	886578	0.0007388
all	235	661	886578	0.0007456
all	236	635	886578	0.0007162
all	237	635	886578	0.0007162
all	238	616	886578	0.0006948
all	239	577	886578	0.0006508
all	240	614	886578	0.0006926
all	241	660	886578	0.0007444
all	242	681	886578	0.0007681
all	243	511	886578	0.0005764
all	244	556	886578	0.0006271
all	245	544	886578	0.0006136
all	246	556	886578	0.0006271
all	247	553	886578	0.0006237
all	248	474	886578	0.0005346
all	249	491	886578	0.0005538
all	250	460	886578	0.0005188
all	251	534	886578	0.0006023
all	252	504	886578	0.0005685
all	253	471	886578	0.0005313
all	254	492	886578	0.0005549
all	255	445	886578	0.0005019
all	256	474	886578	0.0005346
all	257	461	886578	0.0005200
all	258	441	886578	0.0004974
all	259	413	886578	0.0004658
all	260	405	886578	0.0004568
all	261	438	886578	0.0004940
all	262	375	886578	0.0004230
all	263	370	886578	0.0004173
all	264	397	886578	0.0004478
all	265	426	886578	0.0004805
all	266	407	886578	0.0004591
all	267	422	886578	0.0004760
all	268	412	886578	0.0004647
all	269	325	886578	0.0003666
all	270	369	886578	0.0004162
all	271	383	886578	0.0004320
all	272	353	886578	0.0003982
all	273	332	886578	0.0003745
all	274	354	886578	0.0003993
all	275	392	886578	0.0004421
all	276	332	886578	0.0003745
all	277	347	886578	0.0003914
all	278	367	886578	0.0004140
all	279	352	886578	0.0003970
all	280	322	886578	0.0003632
all	281	356	886578	0.0004015
all	282	320	886578	0.0003609
all	283	316	886578	0.0003564
all	284	317	886578	0.0003576
all	285	341	886578	0.0003846
all	286	332	886578	0.0003745
all	287	377	886578	0.0004252
all	288	359	886578	0.0004049
all	289	324	886578	0.0003655
all	290	345	886578	0.0003891
all	291	328	886578	0.0003700
all	292	305	886578	0.0003440
all	293	310	886578	0.0003497
all	294	289	886578	0.0003260
all	295	290	886578	0.0003271
all	296	300	886578	0.0003384
all	297	266	886578	0.0003000
all	298	287	886578	0.0003237
all	299	323	886578	0.0003643
all	300	273	886578	0.0003079
all	301	288	886578	0.0003248
all	302	260	886578	0.0002933
all	303	250	886578	0.0002820
all	304	254	886578	0.0002865
all	305	253	886578	0.0002854
all	306	260	886578	0.0002933
all	307	266	886578	0.0003000
all	308	243	886578	0.0002741
all	309	256	886578	0.0002888
all	310	250	886578	0.0002820
all	311	224	886578	0.0002527
all	312	259	886578	0.0002921
all	313	228	886578	0.0002572
all	314	215	886578	0.0002425
all	315	266	886578	0.0003000
all	316	205	886578	0.0002312
all	317	213	886578	0.0002402
all	318	229	886578	0.0002583
all	319	218	886578	0.0002459
all	320	211	886578	0.0002380
all	321	238	886578	0.0002684
all	322	213	886578	0.0002402
all	323	230	886578	0.0002594
all	324	187	886578	0.0002109
all	325	175	886578	0.0001974
all	326	208	886578	0.0002346
all	327	196	886578	0.0002211
all	328	191	886578	0.0002154
all	329	214	886578	0.0002414
all	330	175	886578	0.0001974
all	331	190	886578	0.0002143
all	332	185	886578	0.0002087
all	333	180	886578	0.0002030
all	334	197	886578	0.0002222
all	335	201	886578	0.0002267
all	336	201	886578	0.0002267
all	337	174	886578	0.0001963
all	338	193	886578	0.0002177
all	339	157	886578	0.0001771
all	340	190	886578	0.0002143
all	341	180	886578	0.0002030
all	342	180	886578	0.0002030
all	343	189	886578	0.0002132
all	344	176	886578	0.0001985
all	345	145	886578	0.0001636
all	346	152	886578	0.0001714
all	347	178	886578	0.0002008
all	348	187	886578	0.0002109
all	349	163	886578	0.0001839
all	350	141	886578	0.0001590
all	351	183	886578	0.0002064
all	352	151	886578	0.0001703
all	353	134	886578	0.0001511
all	354	148	886578	0.0001669
all	355	144	886578	0.0001624
all	356	161	886578	0.0001816
all	357	168	886578	0.0001895
all	358	149	886578	0.0001681
all	359	142	886578	0.0001602
all	360	164	886578	0.0001850
all	361	139	886578	0.0001568
all	362	129	886578	0.0001455
all	363	115	886578	0.0001297
all	364	120	886578	0.0001354
all	365	140	886578	0.0001579
all	366	129	886578	0.0001455
all	367	133	886578	0.0001500
all	368	121	886578	0.0001365
all	369	118	886578	0.0001331
all	370	118	886578	0.0001331
all	371	131	886578	0.0001478
all	372	144	886578	0.0001624
all	373	113	886578	0.0001275
all	374	92	886578	0.0001038
all	375	132	886578	0.0001489
all	376	115	886578	0.0001297
all	377	116	886578	0.0001308
all	378	109	886578	0.0001229
all	379	88	886578	0.0000993
all	380	101	886578	0.0001139
all	381	95	886578	0.0001072
all	382	108	886578	0.0001218
all	383	90	886578	0.0001015
all	384	88	886578	0.0000993
all	385	91	886578	0.0001026
all	386	109	886578	0.0001229
all	387	96	886578	0.0001083
all	388	113	886578	0.0001275
all	389	105	886578	0.0001184
all	390	89	886578	0.0001004
all	391	114	886578	0.0001286
all	392	109	886578	0.0001229
all	393	105	886578	0.0001184
all	394	90	886578	0.0001015
all	395	97	886578	0.0001094
all	396	98	886578	0.0001105
all	397	108	886578	0.0001218
all	398	102	886578	0.0001150
all	399	88	886578	0.0000993
all	400	106	886578	0.0001196
all	401	88	886578	0.0000993
all	402	126	886578	0.0001421
all	403	116	886578	0.0001308
all	404	84	886578	0.0000947
all	405	96	886578	0.0001083
all	406	117	886578	0.0001320
all	407	88	886578	0.0000993
all	408	93	886578	0.0001049
all	409	81	886578	0.0000914
all	410	92	886578	0.0001038
all	411	104	886578	0.0001173
all	412	89	886578	0.0001004
all	413	97	886578	0.0001094
all	414	77	886578	0.0000869
all	415	79	886578	0.0000891
all	416	93	886578	0.0001049
all	417	84	886578	0.0000947
all	418	112	886578	0.0001263
all	419	89	886578	0.0001004
all	420	82	886578	0.0000925
all	421	86	886578	0.0000970
all	422	65	886578	0.0000733
all	423	81	886578	0.0000914
all	424	76	886578	0.0000857
all	425	87	886578	0.0000981
all	426	79	886578	0.0000891
all	427	80	886578	0.0000902
all	428	76	886578	0.0000857
all	429	60	886578	0.0000677
all	430	81	886578	0.0000914
all	431	70	886578	0.0000790
all	432	81	886578	0.0000914
all	433	65	886578	0.0000733
all	434	87	886578	0.0000981
all	435	73	886578	0.0000823
all	436	76	886578	0.0000857
all	437	59	886578	0.0000665
all	438	65	886578	0.0000733
all	439	58	886578	0.0000654
all	440	88	886578	0.0000993
all	441	59	886578	0.0000665
all	442	55	886578	0.0000620
all	443	61	886578	0.0000688
all	444	64	886578	0.0000722
all	445	52	886578	0.0000587
all	446	71	886578	0.0000801
all	447	66	886578	0.0000744
all	448	54	886578	0.0000609
all	449	55	886578	0.0000620
all	450	64	886578	0.0000722
all	451	71	886578	0.0000801
all	452	48	886578	0.0000541
all	453	79	886578	0.0000891
all	454	54	886578	0.0000609
all	455	48	886578	0.0000541
all	456	62	886578	0.0000699
all	457	57	886578	0.0000643
all	458	59	886578	0.0000665
all	459	59	886578	0.0000665
all	460	58	886578	0.0000654
all	461	67	886578	0.0000756
all	462	60	886578	0.0000677
all	463	50	886578	0.0000564
all	464	72	886578	0.0000812
all	465	61	886578	0.0000688
all	466	65	886578	0.0000733
all	467	71	886578	0.0000801
all	468	57	886578	0.0000643
all	469	60	886578	0.0000677
all	470	52	886578	0.0000587
all	471	61	886578	0.0000688
all	472	44	886578	0.0000496
all	473	54	886578	0.0000609
all	474	40	886578	0.0000451
all	475	47	886578	0.0000530
all	476	32	886578	0.0000361
all	477	55	886578	0.0000620
all	478	45	886578	0.0000508
all	479	60	886578	0.0000677
all	480	48	886578	0.0000541
all	481	57	886578	0.0000643
all	482	49	886578	0.0000553
all	483	46	886578	0.0000519
all	484	44	886578	0.0000496
all	485	68	886578	0.0000767
all	486	46	886578	0.0000519
all	487	46	886578	0.0000519
all	488	55	886578	0.0000620
all	489	45	886578	0.0000508
all	490	48	886578	0.0000541
all	491	54	886578	0.0000609
all	492	53	886578	0.0000598
all	493	54	886578	0.0000609
all	494	55	886578	0.0000620
all	495	43	886578	0.0000485
all	496	43	886578	0.0000485
all	497	41	886578	0.0000462
all	498	65	886578	0.0000733
all	499	38	886578	0.0000429
all	500	34	886578	0.0000383
all	501	52	886578	0.0000587
all	502	57	886578	0.0000643
all	503	45	886578	0.0000508
all	504	54	886578	0.0000609
all	505	36	886578	0.0000406
all	506	40	886578	0.0000451
all	507	33	886578	0.0000372
all	508	41	886578	0.0000462
all	509	45	886578	0.0000508
all	510	29	886578	0.0000327
all	511	33	886578	0.0000372
all	512	48	886578	0.0000541
all	513	42	886578	0.0000474
all	514	38	886578	0.0000429
all	515	49	886578	0.0000553
all	516	48	886578	0.0000541
all	517	51	886578	0.0000575
all	518	41	886578	0.0000462
all	519	34	886578	0.0000383
all	520	32	886578	0.0000361
all	521	45	886578	0.0000508
all	522	51	886578	0.0000575
all	523	40	886578	0.0000451
all	524	51	886578	0.0000575
all	525	48	886578	0.0000541
all	526	43	886578	0.0000485
all	527	44	886578	0.0000496
all	528	41	886578	0.0000462
all	529	38	886578	0.0000429
all	530	40	886578	0.0000451
all	531	46	886578	0.0000519
all	532	38	886578	0.0000429
all	533	38	886578	0.0000429
all	534	41	886578	0.0000462
all	535	39	886578	0.0000440
all	536	65	886578	0.0000733
all	537	31	886578	0.0000350
all	538	38	886578	0.0000429
all	539	31	886578	0.0000350
all	540	32	886578	0.0000361
all	541	38	886578	0.0000429
all	542	37	886578	0.0000417
all	543	32	886578	0.0000361
all	544	27	886578	0.0000305
all	545	43	886578	0.0000485
all	546	26	886578	0.0000293
all	547	37	886578	0.0000417
all	548	27	886578	0.0000305
all	549	36	886578	0.0000406
all	550	34	886578	0.0000383
all	551	40	886578	0.0000451
all	552	29	886578	0.0000327
all	553	34	886578	0.0000383
all	554	26	886578	0.0000293
all	555	34	886578	0.0000383
all	556	22	886578	0.0000248
all	557	30	886578	0.0000338
all	558	23	886578	0.0000259
all	559	31	886578	0.0000350
all	560	33	886578	0.0000372
all	561	36	886578	0.0000406
all	562	34	886578	0.0000383
all	563	35	886578	0.0000395
all	564	26	886578	0.0000293
all	565	34	886578	0.0000383
all	566	22	886578	0.0000248
all	567	38	886578	0.0000429
all	568	29	886578	0.0000327
all	569	21	886578	0.0000237
all	570	34	886578	0.0000383
all	571	17	886578	0.0000192
all	572	19	886578	0.0000214
all	573	25	886578	0.0000282
all	574	22	886578	0.0000248
all	575	22	886578	0.0000248
all	576	21	886578	0.0000237
all	577	22	886578	0.0000248
all	578	21	886578	0.0000237
all	579	29	886578	0.0000327
all	580	14	886578	0.0000158
all	581	24	886578	0.0000271
all	582	27	886578	0.0000305
all	583	22	886578	0.0000248
all	584	29	886578	0.0000327
all	585	24	886578	0.0000271
all	586	19	886578	0.0000214
all	587	21	886578	0.0000237
all	588	24	886578	0.0000271
all	589	12	886578	0.0000135
all	590	24	886578	0.0000271
all	591	17	886578	0.0000192
all	592	27	886578	0.0000305
all	593	34	886578	0.0000383
all	594	23	886578	0.0000259
all	595	20	886578	0.0000226
all	596	26	886578	0.0000293
all	597	21	886578	0.0000237
all	598	23	886578	0.0000259
all	599	20	886578	0.0000226
all	600	21	886578	0.0000237
all	601	16	886578	0.0000180
all	602	25	886578	0.0000282
all	603	11	886578	0.0000124
all	604	18	886578	0.0000203
all	605	17	886578	0.0000192
all	606	10	886578	0.0000113
all	607	21	886578	0.0000237
all	608	16	886578	0.0000180
all	609	14	886578	0.0000158
all	610	22	886578	0.0000248
all	611	17	886578	0.0000192
all	612	23	886578	0.0000259
all	613	20	886578	0.0000226
all	614	17	886578	0.0000192
all	615	19	886578	0.0000214
all	616	14	886578	0.0000158
all	617	23	886578	0.0000259
all	618	15	886578	0.0000169
all	619	15	886578	0.0000169
all	620	17	886578	0.0000192
all	621	16	886578	0.0000180
all	622	19	886578	0.0000214
all	623	16	886578	0.0000180
all	624	19	886578	0.0000214
all	625	23	886578	0.0000259
all	626	18	886578	0.0000203
all	627	19	886578	0.0000214
all	628	20	886578	0.0000226
all	629	10	886578	0.0000113
all	630	19	886578	0.0000214
all	631	23	886578	0.0000259
all	632	21	886578	0.0000237
all	633	27	886578	0.0000305
all	634	27	886578	0.0000305
all	635	23	886578	0.0000259
all	636	15	886578	0.0000169
all	637	18	886578	0.0000203
all	638	16	886578	0.0000180
all	639	17	886578	0.0000192
all	640	16	886578	0.0000180
all	641	23	886578	0.0000259
all	642	21	886578	0.0000237
all	643	22	886578	0.0000248
all	644	25	886578	0.0000282
all	645	20	886578	0.0000226
all	646	22	886578	0.0000248
all	647	27	886578	0.0000305
all	648	24	886578	0.0000271
all	649	27	886578	0.0000305
all	650	22	886578	0.0000248
all	651	25	886578	0.0000282
all	652	18	886578	0.0000203
all	653	14	886578	0.0000158
all	654	13	886578	0.0000147
all	655	23	886578	0.0000259
all	656	19	886578	0.0000214
all	657	23	886578	0.0000259
all	658	22	886578	0.0000248
all	659	23	886578	0.0000259
all	660	18	886578	0.0000203
all	661	21	886578	0.0000237
all	662	11	886578	0.0000124
all	663	19	886578	0.0000214
all	664	20	886578	0.0000226
all	665	25	886578	0.0000282
all	666	20	886578	0.0000226
all	667	23	886578	0.0000259
all	668	17	886578	0.0000192
all	669	25	886578	0.0000282
all	670	17	886578	0.0000192
all	671	23	886578	0.0000259
all	672	24	886578	0.0000271
all	673	17	886578	0.0000192
all	674	22	886578	0.0000248
all	675	24	886578	0.0000271
all	676	25	886578	0.0000282
all	677	15	886578	0.0000169
all	678	29	886578	0.0000327
all	679	16	886578	0.0000180
all	680	16	886578	0.0000180
all	681	15	886578	0.0000169
all	682	17	886578	0.0000192
all	683	16	886578	0.0000180
all	684	20	886578	0.0000226
all	685	17	886578	0.0000192
all	686	13	886578	0.0000147
all	687	19	886578	0.0000214
all	688	18	886578	0.0000203
all	689	23	886578	0.0000259
all	690	20	886578	0.0000226
all	691	18	886578	0.0000203
all	692	21	886578	0.0000237
all	693	12	886578	0.0000135
all	694	24	886578	0.0000271
all	695	8	886578	0.0000090
all	696	15	886578	0.0000169
all	697	13	886578	0.0000147
all	698	16	886578	0.0000180
all	699	22	886578	0.0000248
all	700	13	886578	0.0000147
all	701	17	886578	0.0000192
all	702	21	886578	0.0000237
all	703	19	886578	0.0000214
all	704	18	886578	0.0000203
all	705	17	886578	0.0000192
all	706	16	886578	0.0000180
all	707	18	886578	0.0000203
all	708	14	886578	0.0000158
all	709	23	886578	0.0000259
all	710	25	886578	0.0000282
all	711	17	886578	0.0000192
all	712	27	886578	0.0000305
all	713	26	886578	0.0000293
all	714	15	886578	0.0000169
all	715	10	886578	0.0000113
all	716	15	886578	0.0000169
all	717	17	886578	0.0000192
all	718	19	886578	0.0000214
all	719	9	886578	0.0000102
all	720	15	886578	0.0000169
all	721	17	886578	0.0000192
all	722	17	886578	0.0000192
all	723	19	886578	0.0000214
all	724	20	886578	0.0000226
all	725	22	886578	0.0000248
all	726	28	886578	0.0000316
all	727	15	886578	0.0000169
all	728	10	886578	0.0000113
all	729	22	886578	0.0000248
all	730	16	886578	0.0000180
all	731	17	886578	0.0000192
all	732	8	886578	0.0000090
all	733	9	886578	0.0000102
all	734	9	886578	0.0000102
all	735	11	886578	0.0000124
all	736	17	886578	0.0000192
all	737	19	886578	0.0000214
all	738	19	886578	0.0000214
all	739	18	886578	0.0000203
all	740	9	886578	0.0000102
all	741	15	886578	0.0000169
all	742	7	886578	0.0000079
all	743	9	886578	0.0000102
all	744	13	886578	0.0000147
all	745	7	886578	0.0000079
all	746	13	886578	0.0000147
all	747	14	886578	0.0000158
all	748	16	886578	0.0000180
all	749	9	886578	0.0000102
all	750	8	886578	0.0000090
all	751	13	886578	0.0000147
all	752	17	886578	0.0000192
all	753	13	886578	0.0000147
all	754	12	886578	0.0000135
all	755	8	886578	0.0000090
all	756	11	886578	0.0000124
all	757	16	886578	0.0000180
all	758	19	886578	0.0000214
all	759	20	886578	0.0000226
all	760	15	886578	0.0000169
all	761	13	886578	0.0000147
all	762	14	886578	0.0000158
all	763	18	886578	0.0000203
all	764	9	886578	0.0000102
all	765	13	886578	0.0000147
all	766	7	886578	0.0000079
all	767	15	886578	0.0000169
all	768	16	886578	0.0000180
all	769	12	886578	0.0000135
all	770	13	886578	0.0000147
all	771	16	886578	0.0000180
all	772	13	886578	0.0000147
all	773	14	886578	0.0000158
all	774	15	886578	0.0000169
all	775	17	886578	0.0000192
all	776	12	886578	0.0000135
all	777	15	886578	0.0000169
all	778	18	886578	0.0000203
all	779	18	886578	0.0000203
all	780	7	886578	0.0000079
all	781	11	886578	0.0000124
all	782	19	886578	0.0000214
all	783	15	886578	0.0000169
all	784	11	886578	0.0000124
all	785	17	886578	0.0000192
all	786	11	886578	0.0000124
all	787	14	886578	0.0000158
all	788	23	886578	0.0000259
all	789	25	886578	0.0000282
all	790	9	886578	0.0000102
all	791	19	886578	0.0000214
all	792	6	886578	0.0000068
all	793	12	886578	0.0000135
all	794	24	886578	0.0000271
all	795	15	886578	0.0000169
all	796	11	886578	0.0000124
all	797	11	886578	0.0000124
all	798	19	886578	0.0000214
all	799	17	886578	0.0000192
all	800	21	886578	0.0000237
all	801	10	886578	0.0000113
all	802	19	886578	0.0000214
all	803	10	886578	0.0000113
all	804	16	886578	0.0000180
all	805	14	886578	0.0000158
all	806	13	886578	0.0000147
all	807	15	886578	0.0000169
all	808	17	886578	0.0000192
all	809	13	886578	0.0000147
all	810	18	886578	0.0000203
all	811	13	886578	0.0000147
all	812	19	886578	0.0000214
all	813	16	886578	0.0000180
all	814	11	886578	0.0000124
all	815	14	886578	0.0000158
all	816	16	886578	0.0000180
all	817	15	886578	0.0000169
all	818	20	886578	0.0000226
all	819	19	886578	0.0000214
all	820	13	886578	0.0000147
all	821	15	886578	0.0000169
all	822	22	886578	0.0000248
all	823	21	886578	0.0000237
all	824	17	886578	0.0000192
all	825	17	886578	0.0000192
all	826	27	886578	0.0000305
all	827	17	886578	0.0000192
all	828	12	886578	0.0000135
all	829	16	886578	0.0000180
all	830	22	886578	0.0000248
all	831	12	886578	0.0000135
all	832	14	886578	0.0000158
all	833	13	886578	0.0000147
all	834	12	886578	0.0000135
all	835	10	886578	0.0000113
all	836	15	886578	0.0000169
all	837	13	886578	0.0000147
all	838	11	886578	0.0000124
all	839	13	886578	0.0000147
all	840	13	886578	0.0000147
all	841	23	886578	0.0000259
all	842	12	886578	0.0000135
all	843	22	886578	0.0000248
all	844	8	886578	0.0000090
all	845	20	886578	0.0000226
all	846	9	886578	0.0000102
all	847	19	886578	0.0000214
all	848	19	886578	0.0000214
all	849	18	886578	0.0000203
all	850	20	886578	0.0000226
all	851	11	886578	0.0000124
all	852	13	886578	0.0000147
all	853	15	886578	0.0000169
all	854	16	886578	0.0000180
all	855	13	886578	0.0000147
all	856	17	886578	0.0000192
all	857	10	886578	0.0000113
all	858	16	886578	0.0000180
all	859	18	886578	0.0000203
all	860	14	886578	0.0000158
all	861	20	886578	0.0000226
all	862	13	886578	0.0000147
all	863	26	886578	0.0000293
all	864	15	886578	0.0000169
all	865	13	886578	0.0000147
all	866	8	886578	0.0000090
all	867	11	886578	0.0000124
all	868	9	886578	0.0000102
all	869	14	886578	0.0000158
all	870	15	886578	0.0000169
all	871	15	886578	0.0000169
all	872	12	886578	0.0000135
all	873	17	886578	0.0000192
all	874	6	886578	0.0000068
all	875	20	886578	0.0000226
all	876	13	886578	0.0000147
all	877	13	886578	0.0000147
all	878	14	886578	0.0000158
all	879	15	886578	0.0000169
all	880	18	886578	0.0000203
all	881	10	886578	0.0000113
all	882	9	886578	0.0000102
all	883	18	886578	0.0000203
all	884	12	886578	0.0000135
all	885	8	886578	0.0000090
all	886	19	886578	0.0000214
all	887	12	886578	0.0000135
all	888	13	886578	0.0000147
all	889	15	886578	0.0000169
all	890	12	886578	0.0000135
all	891	13	886578	0.0000147
all	892	8	886578	0.0000090
all	893	11	886578	0.0000124
all	894	6	886578	0.0000068
all	895	18	886578	0.0000203
all	896	18	886578	0.0000203
all	897	22	886578	0.0000248
all	898	14	886578	0.0000158
all	899	9	886578	0.0000102
all	900	7	886578	0.0000079
all	901	9	886578	0.0000102
all	902	12	886578	0.0000135
all	903	12	886578	0.0000135
all	904	7	886578	0.0000079
all	905	7	886578	0.0000079
all	906	11	886578	0.0000124
all	907	13	886578	0.0000147
all	908	9	886578	0.0000102
all	909	15	886578	0.0000169
all	910	12	886578	0.0000135
all	911	13	886578	0.0000147
all	912	10	886578	0.0000113
all	913	13	886578	0.0000147
all	914	22	886578	0.0000248
all	915	9	886578	0.0000102
all	916	9	886578	0.0000102
all	917	8	886578	0.0000090
all	918	16	886578	0.0000180
all	919	11	886578	0.0000124
all	920	17	886578	0.0000192
all	921	18	886578	0.0000203
all	922	12	886578	0.0000135
all	923	22	886578	0.0000248
all	924	15	886578	0.0000169
all	925	11	886578	0.0000124
all	926	22	886578	0.0000248
all	927	16	886578	0.0000180
all	928	15	886578	0.0000169
all	929	16	886578	0.0000180
all	930	14	886578	0.0000158
all	931	14	886578	0.0000158
all	932	12	886578	0.0000135
all	933	17	886578	0.0000192
all	934	14	886578	0.0000158
all	935	9	886578	0.0000102
all	936	13	886578	0.0000147
all	937	12	886578	0.0000135
all	938	14	886578	0.0000158
all	939	13	886578	0.0000147
all	940	17	886578	0.0000192
all	941	18	886578	0.0000203
all	942	11	886578	0.0000124
all	943	14	886578	0.0000158
all	944	5	886578	0.0000056
all	945	12	886578	0.0000135
all	946	14	886578	0.0000158
all	947	3	886578	0.0000034
all	948	9	886578	0.0000102
all	949	4	886578	0.0000045
all	950	8	886578	0.0000090
all	951	8	886578	0.0000090
all	952	16	886578	0.0000180
all	953	10	886578	0.0000113
all	954	10	886578	0.0000113
all	955	12	886578	0.0000135
all	956	12	886578	0.0000135
all	957	12	886578	0.0000135
all	958	10	886578	0.0000113
all	959	12	886578	0.0000135
all	960	14	886578	0.0000158
all	961	9	886578	0.0000102
all	962	12	886578	0.0000135
all	963	9	886578	0.0000102
all	964	15	886578	0.0000169
all	965	7	886578	0.0000079
all	966	14	886578	0.0000158
all	967	16	886578	0.0000180
all	968	21	886578	0.0000237
all	969	16	886578	0.0000180
all	970	11	886578	0.0000124
all	971	16	886578	0.0000180
all	972	11	886578	0.0000124
all	973	18	886578	0.0000203
all	974	11	886578	0.0000124
all	975	18	886578	0.0000203
all	976	26	886578	0.0000293
all	977	20	886578	0.0000226
all	978	16	886578	0.0000180
all	979	19	886578	0.0000214
all	980	17	886578	0.0000192
all	981	13	886578	0.0000147
all	982	13	886578	0.0000147
all	983	9	886578	0.0000102
all	984	9	886578	0.0000102
all	985	14	886578	0.0000158
all	986	10	886578	0.0000113
all	987	7	886578	0.0000079
all	988	11	886578	0.0000124
all	989	32	886578	0.0000361
all	990	8	886578	0.0000090
all	991	13	886578	0.0000147
all	992	6	886578	0.0000068
all	993	13	886578	0.0000147
all	994	7	886578	0.0000079
all	995	14	886578	0.0000158
all	996	17	886578	0.0000192
all	997	12	886578	0.0000135
all	998	6	886578	0.0000068
all	999	7	886578	0.0000079
all	1000	11	886578	0.0000124
all	1001	16	886578	0.0000180
all	1002	13	886578	0.0000147
all	1003	11	886578	0.0000124
all	1004	7	886578	0.0000079
all	1005	15	886578	0.0000169
all	1006	10	886578	0.0000113
all	1007	10	886578	0.0000113
all	1008	9	886578	0.0000102
all	1009	13	886578	0.0000147
all	1010	5	886578	0.0000056
all	1011	9	886578	0.0000102
all	1012	4	886578	0.0000045
all	1013	4	886578	0.0000045
all	1014	10	886578	0.0000113
all	1015	11	886578	0.0000124
all	1016	4	886578	0.0000045
all	1017	9	886578	0.0000102
all	1018	8	886578	0.0000090
all	1019	9	886578	0.0000102
all	1020	4	886578	0.0000045
all	1021	12	886578	0.0000135
all	1022	9	886578	0.0000102
all	1023	12	886578	0.0000135
all	1024	7	886578	0.0000079
all	1025	8	886578	0.0000090
all	1026	8	886578	0.0000090
all	1027	12	886578	0.0000135
all	1028	11	886578	0.0000124
all	1029	9	886578	0.0000102
all	1030	8	886578	0.0000090
all	1031	13	886578	0.0000147
all	1032	4	886578	0.0000045
all	1033	6	886578	0.0000068
all	1034	13	886578	0.0000147
all	1035	11	886578	0.0000124
all	1036	12	886578	0.0000135
all	1037	10	886578	0.0000113
all	1038	13	886578	0.0000147
all	1039	5	886578	0.0000056
all	1040	15	886578	0.0000169
all	1041	5	886578	0.0000056
all	1042	14	886578	0.0000158
all	1043	11	886578	0.0000124
all	1044	10	886578	0.0000113
all	1045	14	886578	0.0000158
all	1046	13	886578	0.0000147
all	1047	13	886578	0.0000147
all	1048	7	886578	0.0000079
all	1049	12	886578	0.0000135
all	1050	11	886578	0.0000124
all	1051	9	886578	0.0000102
all	1052	14	886578	0.0000158
all	1053	15	886578	0.0000169
all	1054	12	886578	0.0000135
all	1055	11	886578	0.0000124
all	1056	13	886578	0.0000147
all	1057	12	886578	0.0000135
all	1058	14	886578	0.0000158
all	1059	18	886578	0.0000203
all	1060	10	886578	0.0000113
all	1061	11	886578	0.0000124
all	1062	11	886578	0.0000124
all	1063	13	886578	0.0000147
all	1064	14	886578	0.0000158
all	1065	9	886578	0.0000102
all	1066	18	886578	0.0000203
all	1067	12	886578	0.0000135
all	1068	13	886578	0.0000147
all	1069	15	886578	0.0000169
all	1070	15	886578	0.0000169
all	1071	12	886578	0.0000135
all	1072	3	886578	0.0000034
all	1073	7	886578	0.0000079
all	1074	7	886578	0.0000079
all	1075	10	886578	0.0000113
all	1076	11	886578	0.0000124
all	1077	10	886578	0.0000113
all	1078	15	886578	0.0000169
all	1079	11	886578	0.0000124
all	1080	10	886578	0.0000113
all	1081	12	886578	0.0000135
all	1082	6	886578	0.0000068
all	1083	8	886578	0.0000090
all	1084	12	886578	0.0000135
all	1085	8	886578	0.0000090
all	1086	8	886578	0.0000090
all	1087	11	886578	0.0000124
all	1088	3	886578	0.0000034
all	1089	6	886578	0.0000068
all	1090	10	886578	0.0000113
all	1091	14	886578	0.0000158
all	1092	18	886578	0.0000203
all	1093	10	886578	0.0000113
all	1094	12	886578	0.0000135
all	1095	16	886578	0.0000180
all	1096	16	886578	0.0000180
all	1097	7	886578	0.0000079
all	1098	5	886578	0.0000056
all	1099	12	886578	0.0000135
all	1100	6	886578	0.0000068
all	1101	12	886578	0.0000135
all	1102	7	886578	0.0000079
all	1103	15	886578	0.0000169
all	1104	12	886578	0.0000135
all	1105	9	886578	0.0000102
all	1106	9	886578	0.0000102
all	1107	14	886578	0.0000158
all	1108	11	886578	0.0000124
all	1109	15	886578	0.0000169
all	1110	17	886578	0.0000192
all	1111	17	886578	0.0000192
all	1112	11	886578	0.0000124
all	1113	12	886578	0.0000135
all	1114	13	886578	0.0000147
all	1115	7	886578	0.0000079
all	1116	8	886578	0.0000090
all	1117	9	886578	0.0000102
all	1118	12	886578	0.0000135
all	1119	14	886578	0.0000158
all	1120	12	886578	0.0000135
all	1121	7	886578	0.0000079
all	1122	19	886578	0.0000214
all	1123	10	886578	0.0000113
all	1124	11	886578	0.0000124
all	1125	13	886578	0.0000147
all	1126	13	886578	0.0000147
all	1127	14	886578	0.0000158
all	1128	7	886578	0.0000079
all	1129	14	886578	0.0000158
all	1130	5	886578	0.0000056
all	1131	11	886578	0.0000124
all	1132	15	886578	0.0000169
all	1133	8	886578	0.0000090
all	1134	9	886578	0.0000102
all	1135	11	886578	0.0000124
all	1136	10	886578	0.0000113
all	1137	8	886578	0.0000090
all	1138	11	886578	0.0000124
all	1139	15	886578	0.0000169
all	1140	11	886578	0.0000124
all	1141	11	886578	0.0000124
all	1142	7	886578	0.0000079
all	1143	11	886578	0.0000124
all	1144	16	886578	0.0000180
all	1145	10	886578	0.0000113
all	1146	11	886578	0.0000124
all	1147	15	886578	0.0000169
all	1148	7	886578	0.0000079
all	1149	21	886578	0.0000237
all	1150	18	886578	0.0000203
all	1151	12	886578	0.0000135
all	1152	10	886578	0.0000113
all	1153	12	886578	0.0000135
all	1154	11	886578	0.0000124
all	1155	12	886578	0.0000135
all	1156	6	886578	0.0000068
all	1157	16	886578	0.0000180
all	1158	9	886578	0.0000102
all	1159	7	886578	0.0000079
all	1160	21	886578	0.0000237
all	1161	8	886578	0.0000090
all	1162	17	886578	0.0000192
all	1163	8	886578	0.0000090
all	1164	5	886578	0.0000056
all	1165	15	886578	0.0000169
all	1166	6	886578	0.0000068
all	1167	6	886578	0.0000068
all	1168	9	886578	0.0000102
all	1169	15	886578	0.0000169
all	1170	9	886578	0.0000102
all	1171	4	886578	0.0000045
all	1172	10	886578	0.0000113
all	1173	15	886578	0.0000169
all	1174	12	886578	0.0000135
all	1175	6	886578	0.0000068
all	1176	10	886578	0.0000113
all	1177	7	886578	0.0000079
all	1178	6	886578	0.0000068
all	1179	9	886578	0.0000102
all	1180	13	886578	0.0000147
all	1181	5	886578	0.0000056
all	1182	10	886578	0.0000113
all	1183	7	886578	0.0000079
all	1184	9	886578	0.0000102
all	1185	12	886578	0.0000135
all	1186	14	886578	0.0000158
all	1187	9	886578	0.0000102
all	1188	11	886578	0.0000124
all	1189	13	886578	0.0000147
all	1190	12	886578	0.0000135
all	1191	6	886578	0.0000068
all	1192	7	886578	0.0000079
all	1193	3	886578	0.0000034
all	1194	16	886578	0.0000180
all	1195	12	886578	0.0000135
all	1196	10	886578	0.0000113
all	1197	9	886578	0.0000102
all	1198	7	886578	0.0000079
all	1199	4	886578	0.0000045
all	1200	11	886578	0.0000124
all	1201	14	886578	0.0000158
all	1202	14	886578	0.0000158
all	1203	15	886578	0.0000169
all	1204	11	886578	0.0000124
all	1205	5	886578	0.0000056
all	1206	11	886578	0.0000124
all	1207	8	886578	0.0000090
all	1208	10	886578	0.0000113
all	1209	8	886578	0.0000090
all	1210	8	886578	0.0000090
all	1211	17	886578	0.0000192
all	1212	13	886578	0.0000147
all	1213	16	886578	0.0000180
all	1214	15	886578	0.0000169
all	1215	11	886578	0.0000124
all	1216	10	886578	0.0000113
all	1217	5	886578	0.0000056
all	1218	13	886578	0.0000147
all	1219	10	886578	0.0000113
all	1220	10	886578	0.0000113
all	1221	5	886578	0.0000056
all	1222	8	886578	0.0000090
all	1223	8	886578	0.0000090
all	1224	5	886578	0.0000056
all	1225	10	886578	0.0000113
all	1226	3	886578	0.0000034
all	1227	7	886578	0.0000079
all	1228	10	886578	0.0000113
all	1229	8	886578	0.0000090
all	1230	5	886578	0.0000056
all	1231	7	886578	0.0000079
all	1232	9	886578	0.0000102
all	1233	7	886578	0.0000079
all	1234	4	886578	0.0000045
all	1235	7	886578	0.0000079
all	1236	9	886578	0.0000102
all	1237	7	886578	0.0000079
all	1238	7	886578	0.0000079
all	1239	6	886578	0.0000068
all	1240	10	886578	0.0000113
all	1241	8	886578	0.0000090
all	1242	8	886578	0.0000090
all	1243	11	886578	0.0000124
all	1244	11	886578	0.0000124
all	1245	7	886578	0.0000079
all	1246	9	886578	0.0000102
all	1247	6	886578	0.0000068
all	1248	4	886578	0.0000045
all	1249	5	886578	0.0000056
all	1250	8	886578	0.0000090
all	1251	8	886578	0.0000090
all	1252	5	886578	0.0000056
all	1253	6	886578	0.0000068
all	1254	6	886578	0.0000068
all	1255	5	886578	0.0000056
all	1256	8	886578	0.0000090
all	1257	8	886578	0.0000090
all	1258	10	886578	0.0000113
all	1259	4	886578	0.0000045
all	1260	5	886578	0.0000056
all	1261	10	886578	0.0000113
all	1262	14	886578	0.0000158
all	1263	7	886578	0.0000079
all	1264	9	886578	0.0000102
all	1265	9	886578	0.0000102
all	1266	9	886578	0.0000102
all	1267	7	886578	0.0000079
all	1268	9	886578	0.0000102
all	1269	5	886578	0.0000056
all	1270	16	886578	0.0000180
all	1271	9	886578	0.0000102
all	1272	14	886578	0.0000158
all	1273	2	886578	0.0000023
all	1274	6	886578	0.0000068
all	1275	11	886578	0.0000124
all	1276	7	886578	0.0000079
all	1277	9	886578	0.0000102
all	1278	9	886578	0.0000102
all	1279	5	886578	0.0000056
all	1280	7	886578	0.0000079
all	1281	6	886578	0.0000068
all	1282	5	886578	0.0000056
all	1283	8	886578	0.0000090
all	1284	9	886578	0.0000102
all	1285	10	886578	0.0000113
all	1286	8	886578	0.0000090
all	1287	7	886578	0.0000079
all	1288	6	886578	0.0000068
all	1289	7	886578	0.0000079
all	1290	10	886578	0.0000113
all	1291	12	886578	0.0000135
all	1292	10	886578	0.0000113
all	1293	10	886578	0.0000113
all	1294	12	886578	0.0000135
all	1295	9	886578	0.0000102
all	1296	8	886578	0.0000090
all	1297	9	886578	0.0000102
all	1298	9	886578	0.0000102
all	1299	10	886578	0.0000113
all	1300	9	886578	0.0000102
all	1301	3	886578	0.0000034
all	1302	8	886578	0.0000090
all	1303	7	886578	0.0000079
all	1304	8	886578	0.0000090
all	1305	9	886578	0.0000102
all	1306	7	886578	0.0000079
all	1307	8	886578	0.0000090
all	1308	4	886578	0.0000045
all	1309	4	886578	0.0000045
all	1310	7	886578	0.0000079
all	1311	11	886578	0.0000124
all	1312	10	886578	0.0000113
all	1313	7	886578	0.0000079
all	1314	4	886578	0.0000045
all	1315	7	886578	0.0000079
all	1316	4	886578	0.0000045
all	1317	6	886578	0.0000068
all	1318	11	886578	0.0000124
all	1319	6	886578	0.0000068
all	1320	7	886578	0.0000079
all	1321	7	886578	0.0000079
all	1322	11	886578	0.0000124
all	1323	13	886578	0.0000147
all	1324	6	886578	0.0000068
all	1325	3	886578	0.0000034
all	1326	5	886578	0.0000056
all	1327	8	886578	0.0000090
all	1328	6	886578	0.0000068
all	1329	4	886578	0.0000045
all	1330	3	886578	0.0000034
all	1331	11	886578	0.0000124
all	1332	10	886578	0.0000113
all	1333	5	886578	0.0000056
all	1334	4	886578	0.0000045
all	1335	7	886578	0.0000079
all	1336	8	886578	0.0000090
all	1337	5	886578	0.0000056
all	1338	9	886578	0.0000102
all	1339	3	886578	0.0000034
all	1340	5	886578	0.0000056
all	1341	11	886578	0.0000124
all	1342	4	886578	0.0000045
all	1343	6	886578	0.0000068
all	1344	6	886578	0.0000068
all	1345	5	886578	0.0000056
all	1346	8	886578	0.0000090
all	1347	9	886578	0.0000102
all	1348	8	886578	0.0000090
all	1349	6	886578	0.0000068
all	1350	3	886578	0.0000034
all	1351	6	886578	0.0000068
all	1352	12	886578	0.0000135
all	1353	4	886578	0.0000045
all	1354	9	886578	0.0000102
all	1355	4	886578	0.0000045
all	1356	7	886578	0.0000079
all	1357	7	886578	0.0000079
all	1358	10	886578	0.0000113
all	1359	6	886578	0.0000068
all	1360	5	886578	0.0000056
all	1361	5	886578	0.0000056
all	1362	7	886578	0.0000079
all	1363	4	886578	0.0000045
all	1364	11	886578	0.0000124
all	1365	8	886578	0.0000090
all	1366	4	886578	0.0000045
all	1367	8	886578	0.0000090
all	1368	6	886578	0.0000068
all	1369	7	886578	0.0000079
all	1370	6	886578	0.0000068
all	1371	4	886578	0.0000045
all	1372	10	886578	0.0000113
all	1373	6	886578	0.0000068
all	1374	5	886578	0.0000056
all	1375	12	886578	0.0000135
all	1376	6	886578	0.0000068
all	1377	5	886578	0.0000056
all	1378	4	886578	0.0000045
all	1379	3	886578	0.0000034
all	1380	6	886578	0.0000068
all	1381	3	886578	0.0000034
all	1382	7	886578	0.0000079
all	1383	8	886578	0.0000090
all	1384	6	886578	0.0000068
all	1385	7	886578	0.0000079
all	1386	4	886578	0.0000045
all	1387	4	886578	0.0000045
all	1388	5	886578	0.0000056
all	1389	6	886578	0.0000068
all	1390	4	886578	0.0000045
all	1391	5	886578	0.0000056
all	1392	9	886578	0.0000102
all	1393	3	886578	0.0000034
all	1394	5	886578	0.0000056
all	1395	3	886578	0.0000034
all	1396	3	886578	0.0000034
all	1397	3	886578	0.0000034
all	1398	1	886578	0.0000011
all	1399	2	886578	0.0000023
all	1400	4	886578	0.0000045
all	1401	3	886578	0.0000034
all	1402	2	886578	0.0000023
all	1403	4	886578	0.0000045
all	1404	5	886578	0.0000056
all	1405	8	886578	0.0000090
all	1406	2	886578	0.0000023
all	1407	2	886578	0.0000023
all	1408	2	886578	0.0000023
all	1409	6	886578	0.0000068
all	1410	5	886578	0.0000056
all	1411	1	886578	0.0000011
all	1412	3	886578	0.0000034
all	1413	7	886578	0.0000079
all	1414	5	886578	0.0000056
all	1415	4	886578	0.0000045
all	1416	3	886578	0.0000034
all	1417	3	886578	0.0000034
all	1418	10	886578	0.0000113
all	1419	4	886578	0.0000045
all	1420	4	886578	0.0000045
all	1421	4	886578	0.0000045
all	1422	4	886578	0.0000045
all	1423	6	886578	0.0000068
all	1424	3	886578	0.0000034
all	1425	6	886578	0.0000068
all	1426	6	886578	0.0000068
all	1427	1	886578	0.0000011
all	1428	2	886578	0.0000023
all	1429	6	886578	0.0000068
all	1430	3	886578	0.0000034
all	1431	3	886578	0.0000034
all	1432	5	886578	0.0000056
all	1433	3	886578	0.0000034
all	1434	7	886578	0.0000079
all	1435	2	886578	0.0000023
all	1436	1	886578	0.0000011
all	1437	5	886578	0.0000056
all	1438	1	886578	0.0000011
all	1439	1	886578	0.0000011
all	1440	2	886578	0.0000023
all	1441	2	886578	0.0000023
all	1442	5	886578	0.0000056
all	1443	6	886578	0.0000068
all	1444	5	886578	0.0000056
all	1445	4	886578	0.0000045
all	1446	3	886578	0.0000034
all	1447	4	886578	0.0000045
all	1448	3	886578	0.0000034
all	1449	7	886578	0.0000079
all	1450	5	886578	0.0000056
all	1451	7	886578	0.0000079
all	1453	3	886578	0.0000034
all	1454	4	886578	0.0000045
all	1455	1	886578	0.0000011
all	1456	4	886578	0.0000045
all	1457	3	886578	0.0000034
all	1458	3	886578	0.0000034
all	1459	1	886578	0.0000011
all	1460	3	886578	0.0000034
all	1461	5	886578	0.0000056
all	1462	2	886578	0.0000023
all	1463	6	886578	0.0000068
all	1464	3	886578	0.0000034
all	1465	2	886578	0.0000023
all	1466	5	886578	0.0000056
all	1467	8	886578	0.0000090
all	1468	5	886578	0.0000056
all	1469	1	886578	0.0000011
all	1470	3	886578	0.0000034
all	1471	4	886578	0.0000045
all	1472	2	886578	0.0000023
all	1473	4	886578	0.0000045
all	1474	2	886578	0.0000023
all	1475	4	886578	0.0000045
all	1476	6	886578	0.0000068
all	1477	7	886578	0.0000079
all	1478	4	886578	0.0000045
all	1479	8	886578	0.0000090
all	1480	5	886578	0.0000056
all	1481	1	886578	0.0000011
all	1482	6	886578	0.0000068
all	1483	7	886578	0.0000079
all	1484	2	886578	0.0000023
all	1485	2	886578	0.0000023
all	1486	3	886578	0.0000034
all	1487	5	886578	0.0000056
all	1488	4	886578	0.0000045
all	1489	4	886578	0.0000045
all	1490	4	886578	0.0000045
all	1491	5	886578	0.0000056
all	1492	1	886578	0.0000011
all	1493	3	886578	0.0000034
all	1494	2	886578	0.0000023
all	1495	5	886578	0.0000056
all	1496	5	886578	0.0000056
all	1497	4	886578	0.0000045
all	1498	4	886578	0.0000045
all	1499	3	886578	0.0000034
all	1500	11	886578	0.0000124
all	1501	3	886578	0.0000034
all	1502	2	886578	0.0000023
all	1503	7	886578	0.0000079
all	1504	3	886578	0.0000034
all	1505	1	886578	0.0000011
all	1506	6	886578	0.0000068
all	1507	5	886578	0.0000056
all	1508	3	886578	0.0000034
all	1509	3	886578	0.0000034
all	1510	5	886578	0.0000056
all	1511	7	886578	0.0000079
all	1512	3	886578	0.0000034
all	1513	3	886578	0.0000034
all	1514	1	886578	0.0000011
all	1515	6	886578	0.0000068
all	1516	5	886578	0.0000056
all	1517	4	886578	0.0000045
all	1518	1	886578	0.0000011
all	1519	5	886578	0.0000056
all	1520	4	886578	0.0000045
all	1521	5	886578	0.0000056
all	1522	3	886578	0.0000034
all	1523	2	886578	0.0000023
all	1524	6	886578	0.0000068
all	1526	3	886578	0.0000034
all	1527	9	886578	0.0000102
all	1528	4	886578	0.0000045
all	1529	2	886578	0.0000023
all	1530	1	886578	0.0000011
all	1531	4	886578	0.0000045
all	1532	6	886578	0.0000068
all	1533	3	886578	0.0000034
all	1534	7	886578	0.0000079
all	1535	5	886578	0.0000056
all	1536	5	886578	0.0000056
all	1537	5	886578	0.0000056
all	1538	9	886578	0.0000102
all	1539	3	886578	0.0000034
all	1540	5	886578	0.0000056
all	1541	3	886578	0.0000034
all	1542	3	886578	0.0000034
all	1543	6	886578	0.0000068
all	1544	3	886578	0.0000034
all	1545	5	886578	0.0000056
all	1546	4	886578	0.0000045
all	1547	12	886578	0.0000135
all	1548	3	886578	0.0000034
all	1549	4	886578	0.0000045
all	1550	8	886578	0.0000090
all	1551	6	886578	0.0000068
all	1552	5	886578	0.0000056
all	1553	4	886578	0.0000045
all	1554	6	886578	0.0000068
all	1555	8	886578	0.0000090
all	1556	5	886578	0.0000056
all	1557	6	886578	0.0000068
all	1558	2	886578	0.0000023
all	1559	3	886578	0.0000034
all	1560	6	886578	0.0000068
all	1561	5	886578	0.0000056
all	1562	6	886578	0.0000068
all	1563	5	886578	0.0000056
all	1564	7	886578	0.0000079
all	1565	9	886578	0.0000102
all	1566	3	886578	0.0000034
all	1567	10	886578	0.0000113
all	1568	11	886578	0.0000124
all	1569	8	886578	0.0000090
all	1570	3	886578	0.0000034
all	1571	8	886578	0.0000090
all	1572	6	886578	0.0000068
all	1573	15	886578	0.0000169
all	1574	6	886578	0.0000068
all	1575	16	886578	0.0000180
all	1576	3	886578	0.0000034
all	1577	6	886578	0.0000068
all	1578	8	886578	0.0000090
all	1579	7	886578	0.0000079
all	1580	3	886578	0.0000034
all	1581	2	886578	0.0000023
all	1582	5	886578	0.0000056
all	1583	2	886578	0.0000023
all	1584	5	886578	0.0000056
all	1585	6	886578	0.0000068
all	1586	6	886578	0.0000068
all	1587	4	886578	0.0000045
all	1588	4	886578	0.0000045
all	1589	4	886578	0.0000045
all	1590	7	886578	0.0000079
all	1591	6	886578	0.0000068
all	1592	5	886578	0.0000056
all	1593	2	886578	0.0000023
all	1594	4	886578	0.0000045
all	1595	2	886578	0.0000023
all	1596	5	886578	0.0000056
all	1597	6	886578	0.0000068
all	1598	5	886578	0.0000056
all	1599	4	886578	0.0000045
all	1600	3	886578	0.0000034
all	1601	2	886578	0.0000023
all	1602	5	886578	0.0000056
all	1603	1	886578	0.0000011
all	1604	4	886578	0.0000045
all	1605	4	886578	0.0000045
all	1606	6	886578	0.0000068
all	1607	5	886578	0.0000056
all	1609	1	886578	0.0000011
all	1610	1	886578	0.0000011
all	1611	4	886578	0.0000045
all	1612	3	886578	0.0000034
all	1613	5	886578	0.0000056
all	1614	3	886578	0.0000034
all	1615	3	886578	0.0000034
all	1616	5	886578	0.0000056
all	1617	2	886578	0.0000023
all	1618	5	886578	0.0000056
all	1619	2	886578	0.0000023
all	1620	3	886578	0.0000034
all	1621	5	886578	0.0000056
all	1622	4	886578	0.0000045
all	1623	1	886578	0.0000011
all	1624	3	886578	0.0000034
all	1625	3	886578	0.0000034
all	1626	6	886578	0.0000068
all	1627	4	886578	0.0000045
all	1628	3	886578	0.0000034
all	1629	6	886578	0.0000068
all	1630	5	886578	0.0000056
all	1631	1	886578	0.0000011
all	1632	4	886578	0.0000045
all	1633	3	886578	0.0000034
all	1634	3	886578	0.0000034
all	1635	5	886578	0.0000056
all	1636	3	886578	0.0000034
all	1637	8	886578	0.0000090
all	1638	4	886578	0.0000045
all	1639	1	886578	0.0000011
all	1640	4	886578	0.0000045
all	1641	3	886578	0.0000034
all	1642	3	886578	0.0000034
all	1643	2	886578	0.0000023
all	1644	1	886578	0.0000011
all	1645	7	886578	0.0000079
all	1646	1	886578	0.0000011
all	1647	2	886578	0.0000023
all	1648	8	886578	0.0000090
all	1649	5	886578	0.0000056
all	1650	3	886578	0.0000034
all	1651	5	886578	0.0000056
all	1652	2	886578	0.0000023
all	1653	4	886578	0.0000045
all	1654	7	886578	0.0000079
all	1655	6	886578	0.0000068
all	1656	8	886578	0.0000090
all	1657	2	886578	0.0000023
all	1658	3	886578	0.0000034
all	1659	5	886578	0.0000056
all	1660	4	886578	0.0000045
all	1661	4	886578	0.0000045
all	1662	4	886578	0.0000045
all	1663	2	886578	0.0000023
all	1664	4	886578	0.0000045
all	1665	7	886578	0.0000079
all	1666	2	886578	0.0000023
all	1667	7	886578	0.0000079
all	1668	3	886578	0.0000034
all	1669	6	886578	0.0000068
all	1670	4	886578	0.0000045
all	1671	1	886578	0.0000011
all	1672	2	886578	0.0000023
all	1673	5	886578	0.0000056
all	1674	5	886578	0.0000056
all	1675	3	886578	0.0000034
all	1676	3	886578	0.0000034
all	1677	5	886578	0.0000056
all	1678	4	886578	0.0000045
all	1679	6	886578	0.0000068
all	1680	2	886578	0.0000023
all	1681	7	886578	0.0000079
all	1682	5	886578	0.0000056
all	1683	5	886578	0.0000056
all	1684	3	886578	0.0000034
all	1685	6	886578	0.0000068
all	1686	5	886578	0.0000056
all	1687	4	886578	0.0000045
all	1688	7	886578	0.0000079
all	1689	3	886578	0.0000034
all	1690	3	886578	0.0000034
all	1692	3	886578	0.0000034
all	1693	5	886578	0.0000056
all	1694	3	886578	0.0000034
all	1695	2	886578	0.0000023
all	1696	3	886578	0.0000034
all	1697	1	886578	0.0000011
all	1698	6	886578	0.0000068
all	1699	4	886578	0.0000045
all	1700	5	886578	0.0000056
all	1701	7	886578	0.0000079
all	1702	2	886578	0.0000023
all	1703	3	886578	0.0000034
all	1704	4	886578	0.0000045
all	1705	5	886578	0.0000056
all	1706	2	886578	0.0000023
all	1707	2	886578	0.0000023
all	1708	2	886578	0.0000023
all	1709	6	886578	0.0000068
all	1710	1	886578	0.0000011
all	1711	4	886578	0.0000045
all	1712	3	886578	0.0000034
all	1713	3	886578	0.0000034
all	1714	5	886578	0.0000056
all	1715	2	886578	0.0000023
all	1716	2	886578	0.0000023
all	1717	2	886578	0.0000023
all	1718	2	886578	0.0000023
all	1719	5	886578	0.0000056
all	1720	3	886578	0.0000034
all	1721	9	886578	0.0000102
all	1722	2	886578	0.0000023
all	1723	1	886578	0.0000011
all	1724	3	886578	0.0000034
all	1725	4	886578	0.0000045
all	1726	4	886578	0.0000045
all	1727	5	886578	0.0000056
all	1728	4	886578	0.0000045
all	1729	2	886578	0.0000023
all	1730	4	886578	0.0000045
all	1731	4	886578	0.0000045
all	1732	5	886578	0.0000056
all	1733	7	886578	0.0000079
all	1734	3	886578	0.0000034
all	1735	9	886578	0.0000102
all	1736	6	886578	0.0000068
all	1737	3	886578	0.0000034
all	1738	3	886578	0.0000034
all	1739	5	886578	0.0000056
all	1740	5	886578	0.0000056
all	1741	1	886578	0.0000011
all	1742	8	886578	0.0000090
all	1743	2	886578	0.0000023
all	1744	6	886578	0.0000068
all	1745	5	886578	0.0000056
all	1746	3	886578	0.0000034
all	1747	4	886578	0.0000045
all	1748	6	886578	0.0000068
all	1749	9	886578	0.0000102
all	1750	6	886578	0.0000068
all	1751	4	886578	0.0000045
all	1752	3	886578	0.0000034
all	1753	4	886578	0.0000045
all	1754	5	886578	0.0000056
all	1755	3	886578	0.0000034
all	1756	1	886578	0.0000011
all	1757	2	886578	0.0000023
all	1758	3	886578	0.0000034
all	1759	3	886578	0.0000034
all	1760	7	886578	0.0000079
all	1761	3	886578	0.0000034
all	1762	6	886578	0.0000068
all	1763	16	886578	0.0000180
all	1764	5	886578	0.0000056
all	1765	3	886578	0.0000034
all	1766	7	886578	0.0000079
all	1767	3	886578	0.0000034
all	1768	3	886578	0.0000034
all	1769	3	886578	0.0000034
all	1770	4	886578	0.0000045
all	1771	5	886578	0.0000056
all	1772	3	886578	0.0000034
all	1773	4	886578	0.0000045
all	1774	4	886578	0.0000045
all	1775	6	886578	0.0000068
all	1776	8	886578	0.0000090
all	1777	4	886578	0.0000045
all	1778	5	886578	0.0000056
all	1779	4	886578	0.0000045
all	1780	2	886578	0.0000023
all	1781	5	886578	0.0000056
all	1782	3	886578	0.0000034
all	1783	7	886578	0.0000079
all	1784	2	886578	0.0000023
all	1785	3	886578	0.0000034
all	1786	4	886578	0.0000045
all	1787	1	886578	0.0000011
all	1788	3	886578	0.0000034
all	1789	2	886578	0.0000023
all	1790	1	886578	0.0000011
all	1791	1	886578	0.0000011
all	1792	1	886578	0.0000011
all	1793	4	886578	0.0000045
all	1795	4	886578	0.0000045
all	1796	5	886578	0.0000056
all	1798	2	886578	0.0000023
all	1799	3	886578	0.0000034
all	1800	1	886578	0.0000011
all	1801	8	886578	0.0000090
all	1802	1	886578	0.0000011
all	1803	4	886578	0.0000045
all	1804	4	886578	0.0000045
all	1805	4	886578	0.0000045
all	1806	2	886578	0.0000023
all	1807	3	886578	0.0000034
all	1808	2	886578	0.0000023
all	1809	2	886578	0.0000023
all	1810	2	886578	0.0000023
all	1811	2	886578	0.0000023
all	1812	3	886578	0.0000034
all	1813	1	886578	0.0000011
all	1814	3	886578	0.0000034
all	1815	2	886578	0.0000023
all	1816	3	886578	0.0000034
all	1818	3	886578	0.0000034
all	1819	3	886578	0.0000034
all	1820	5	886578	0.0000056
all	1821	1	886578	0.0000011
all	1822	3	886578	0.0000034
all	1824	7	886578	0.0000079
all	1825	2	886578	0.0000023
all	1826	1	886578	0.0000011
all	1827	2	886578	0.0000023
all	1828	9	886578	0.0000102
all	1829	1	886578	0.0000011
all	1830	1	886578	0.0000011
all	1832	2	886578	0.0000023
all	1833	3	886578	0.0000034
all	1834	6	886578	0.0000068
all	1835	3	886578	0.0000034
all	1836	6	886578	0.0000068
all	1837	4	886578	0.0000045
all	1838	4	886578	0.0000045
all	1839	3	886578	0.0000034
all	1840	3	886578	0.0000034
all	1841	1	886578	0.0000011
all	1842	7	886578	0.0000079
all	1845	1	886578	0.0000011
all	1846	1	886578	0.0000011
all	1847	2	886578	0.0000023
all	1848	2	886578	0.0000023
all	1849	3	886578	0.0000034
all	1850	1	886578	0.0000011
all	1851	2	886578	0.0000023
all	1852	2	886578	0.0000023
all	1853	1	886578	0.0000011
all	1854	3	886578	0.0000034
all	1855	2	886578	0.0000023
all	1856	2	886578	0.0000023
all	1857	1	886578	0.0000011
all	1858	3	886578	0.0000034
all	1859	3	886578	0.0000034
all	1860	2	886578	0.0000023
all	1862	4	886578	0.0000045
all	1864	2	886578	0.0000023
all	1865	4	886578	0.0000045
all	1866	5	886578	0.0000056
all	1869	1	886578	0.0000011
all	1870	3	886578	0.0000034
all	1872	1	886578	0.0000011
all	1873	1	886578	0.0000011
all	1874	2	886578	0.0000023
all	1875	2	886578	0.0000023
all	1876	1	886578	0.0000011
all	1877	1	886578	0.0000011
all	1878	2	886578	0.0000023
all	1879	1	886578	0.0000011
all	1880	2	886578	0.0000023
all	1881	2	886578	0.0000023
all	1882	1	886578	0.0000011
all	1883	1	886578	0.0000011
all	1884	2	886578	0.0000023
all	1885	2	886578	0.0000023
all	1887	1	886578	0.0000011
all	1888	3	886578	0.0000034
all	1889	3	886578	0.0000034
all	1890	3	886578	0.0000034
all	1891	2	886578	0.0000023
all	1892	3	886578	0.0000034
all	1893	2	886578	0.0000023
all	1894	2	886578	0.0000023
all	1895	3	886578	0.0000034
all	1896	1	886578	0.0000011
all	1897	1	886578	0.0000011
all	1898	1	886578	0.0000011
all	1899	3	886578	0.0000034
all	1900	5	886578	0.0000056
all	1901	2	886578	0.0000023
all	1902	2	886578	0.0000023
all	1903	3	886578	0.0000034
all	1904	1	886578	0.0000011
all	1905	3	886578	0.0000034
all	1907	1	886578	0.0000011
all	1908	4	886578	0.0000045
all	1909	4	886578	0.0000045
all	1911	2	886578	0.0000023
all	1912	4	886578	0.0000045
all	1914	2	886578	0.0000023
all	1915	5	886578	0.0000056
all	1916	2	886578	0.0000023
all	1917	3	886578	0.0000034
all	1918	1	886578	0.0000011
all	1919	4	886578	0.0000045
all	1920	4	886578	0.0000045
all	1921	1	886578	0.0000011
all	1922	2	886578	0.0000023
all	1923	2	886578	0.0000023
all	1924	3	886578	0.0000034
all	1925	1	886578	0.0000011
all	1926	2	886578	0.0000023
all	1927	3	886578	0.0000034
all	1928	1	886578	0.0000011
all	1929	8	886578	0.0000090
all	1930	1	886578	0.0000011
all	1931	2	886578	0.0000023
all	1932	12	886578	0.0000135
all	1933	1	886578	0.0000011
all	1934	1	886578	0.0000011
all	1935	3	886578	0.0000034
all	1937	4	886578	0.0000045
all	1938	6	886578	0.0000068
all	1939	5	886578	0.0000056
all	1940	5	886578	0.0000056
all	1941	1	886578	0.0000011
all	1942	4	886578	0.0000045
all	1943	2	886578	0.0000023
all	1944	2	886578	0.0000023
all	1945	1	886578	0.0000011
all	1946	4	886578	0.0000045
all	1947	3	886578	0.0000034
all	1948	1	886578	0.0000011
all	1949	2	886578	0.0000023
all	1950	3	886578	0.0000034
all	1951	6	886578	0.0000068
all	1952	1	886578	0.0000011
all	1953	2	886578	0.0000023
all	1955	1	886578	0.0000011
all	1956	1	886578	0.0000011
all	1961	2	886578	0.0000023
all	1962	1	886578	0.0000011
all	1963	2	886578	0.0000023
all	1964	3	886578	0.0000034
all	1965	1	886578	0.0000011
all	1966	2	886578	0.0000023
all	1967	1	886578	0.0000011
all	1968	1	886578	0.0000011
all	1969	1	886578	0.0000011
all	1970	1	886578	0.0000011
all	1972	1	886578	0.0000011
all	1973	1	886578	0.0000011
all	1974	1	886578	0.0000011
all	1975	1	886578	0.0000011
all	1976	1	886578	0.0000011
all	1977	2	886578	0.0000023
all	1978	3	886578	0.0000034
all	1980	1	886578	0.0000011
all	1982	2	886578	0.0000023
all	1983	1	886578	0.0000011
all	1988	1	886578	0.0000011
all	1989	3	886578	0.0000034
all	1991	1	886578	0.0000011
all	1992	3	886578	0.0000034
all	1999	3	886578	0.0000034
all	2001	1	886578	0.0000011
all	2004	1	886578	0.0000011
all	2006	1	886578	0.0000011
all	2007	2	886578	0.0000023
all	2009	2	886578	0.0000023
all	2010	2	886578	0.0000023
all	2011	1	886578	0.0000011
all	2016	2	886578	0.0000023
all	2018	1	886578	0.0000011
all	2021	3	886578	0.0000034
all	2022	4	886578	0.0000045
all	2023	1	886578	0.0000011
all	2024	1	886578	0.0000011
all	2025	3	886578	0.0000034
all	2026	1	886578	0.0000011
all	2028	2	886578	0.0000023
all	2030	2	886578	0.0000023
all	2032	1	886578	0.0000011
all	2033	1	886578	0.0000011
all	2034	1	886578	0.0000011
all	2036	3	886578	0.0000034
all	2038	1	886578	0.0000011
all	2039	1	886578	0.0000011
all	2040	1	886578	0.0000011
all	2042	1	886578	0.0000011
all	2043	1	886578	0.0000011
all	2045	1	886578	0.0000011
all	2046	1	886578	0.0000011
all	2049	1	886578	0.0000011
all	2051	3	886578	0.0000034
all	2052	1	886578	0.0000011
all	2053	3	886578	0.0000034
all	2054	1	886578	0.0000011
all	2058	1	886578	0.0000011
all	2060	2	886578	0.0000023
all	2062	2	886578	0.0000023
all	2063	3	886578	0.0000034
all	2064	2	886578	0.0000023
all	2065	1	886578	0.0000011
all	2068	1	886578	0.0000011
all	2069	1	886578	0.0000011
all	2070	1	886578	0.0000011
all	2072	2	886578	0.0000023
all	2073	1	886578	0.0000011
all	2076	3	886578	0.0000034
all	2077	1	886578	0.0000011
all	2078	1	886578	0.0000011
all	2080	2	886578	0.0000023
all	2081	1	886578	0.0000011
all	2082	3	886578	0.0000034
all	2083	1	886578	0.0000011
all	2084	3	886578	0.0000034
all	2085	1	886578	0.0000011
all	2087	2	886578	0.0000023
all	2088	1	886578	0.0000011
all	2090	1	886578	0.0000011
all	2092	2	886578	0.0000023
all	2093	1	886578	0.0000011
all	2094	1	886578	0.0000011
all	2098	1	886578	0.0000011
all	2099	1	886578	0.0000011
all	2100	2	886578	0.0000023
all	2101	1	886578	0.0000011
all	2104	3	886578	0.0000034
all	2105	1	886578	0.0000011
all	2106	1	886578	0.0000011
all	2107	1	886578	0.0000011
all	2109	1	886578	0.0000011
all	2110	1	886578	0.0000011
all	2113	1	886578	0.0000011
all	2114	2	886578	0.0000023
all	2116	3	886578	0.0000034
all	2118	1	886578	0.0000011
all	2119	3	886578	0.0000034
all	2121	2	886578	0.0000023
all	2122	4	886578	0.0000045
all	2123	1	886578	0.0000011
all	2124	1	886578	0.0000011
all	2128	3	886578	0.0000034
all	2129	3	886578	0.0000034
all	2130	3	886578	0.0000034
all	2131	3	886578	0.0000034
all	2132	3	886578	0.0000034
all	2134	3	886578	0.0000034
all	2136	4	886578	0.0000045
all	2137	1	886578	0.0000011
all	2140	2	886578	0.0000023
all	2141	2	886578	0.0000023
all	2142	2	886578	0.0000023
all	2143	1	886578	0.0000011
all	2144	1	886578	0.0000011
all	2145	1	886578	0.0000011
all	2147	1	886578	0.0000011
all	2148	1	886578	0.0000011
all	2150	1	886578	0.0000011
all	2151	1	886578	0.0000011
all	2152	1	886578	0.0000011
all	2153	1	886578	0.0000011
all	2154	1	886578	0.0000011
all	2156	1	886578	0.0000011
all	2157	3	886578	0.0000034
all	2158	1	886578	0.0000011
all	2162	1	886578	0.0000011
all	2164	1	886578	0.0000011
all	2165	1	886578	0.0000011
all	2166	2	886578	0.0000023
all	2167	1	886578	0.0000011
all	2168	1	886578	0.0000011
all	2171	1	886578	0.0000011
all	2172	3	886578	0.0000034
all	2173	2	886578	0.0000023
all	2174	2	886578	0.0000023
all	2175	2	886578	0.0000023
all	2176	1	886578	0.0000011
all	2177	2	886578	0.0000023
all	2180	2	886578	0.0000023
all	2181	3	886578	0.0000034
all	2182	3	886578	0.0000034
all	2183	1	886578	0.0000011
all	2184	5	886578	0.0000056
all	2185	1	886578	0.0000011
all	2187	1	886578	0.0000011
all	2189	1	886578	0.0000011
all	2190	1	886578	0.0000011
all	2191	1	886578	0.0000011
all	2192	1	886578	0.0000011
all	2193	1	886578	0.0000011
all	2194	2	886578	0.0000023
all	2196	4	886578	0.0000045
all	2197	1	886578	0.0000011
all	2199	3	886578	0.0000034
all	2200	3	886578	0.0000034
all	2201	1	886578	0.0000011
all	2202	2	886578	0.0000023
all	2203	3	886578	0.0000034
all	2204	2	886578	0.0000023
all	2207	1	886578	0.0000011
all	2208	2	886578	0.0000023
all	2209	2	886578	0.0000023
all	2211	1	886578	0.0000011
all	2212	6	886578	0.0000068
all	2213	2	886578	0.0000023
all	2214	2	886578	0.0000023
all	2215	1	886578	0.0000011
all	2216	3	886578	0.0000034
all	2217	1	886578	0.0000011
all	2219	3	886578	0.0000034
all	2220	4	886578	0.0000045
all	2222	1	886578	0.0000011
all	2223	4	886578	0.0000045
all	2224	4	886578	0.0000045
all	2225	1	886578	0.0000011
all	2226	2	886578	0.0000023
all	2227	4	886578	0.0000045
all	2228	12	886578	0.0000135
all	2229	6	886578	0.0000068
all	2231	6	886578	0.0000068
all	2232	7	886578	0.0000079
all	2233	9	886578	0.0000102
all	2234	4	886578	0.0000045
all	2235	6	886578	0.0000068
all	2236	3	886578	0.0000034
all	2237	2	886578	0.0000023
all	2238	1	886578	0.0000011
all	2240	2	886578	0.0000023
all	2242	1	886578	0.0000011
all	2243	2	886578	0.0000023
all	2244	1	886578	0.0000011
all	2245	2	886578	0.0000023
all	2246	2	886578	0.0000023
all	2247	1	886578	0.0000011
all	2248	2	886578	0.0000023
all	2249	1	886578	0.0000011
all	2253	1	886578	0.0000011
all	2254	1	886578	0.0000011
all	2255	1	886578	0.0000011
all	2257	1	886578	0.0000011
all	2259	1	886578	0.0000011
all	2260	2	886578	0.0000023
all	2261	1	886578	0.0000011
all	2262	1	886578	0.0000011
all	2263	1	886578	0.0000011
all	2266	1	886578	0.0000011
all	2267	2	886578	0.0000023
all	2270	2	886578	0.0000023
all	2271	1	886578	0.0000011
all	2272	2	886578	0.0000023
all	2273	2	886578	0.0000023
all	2274	1	886578	0.0000011
all	2277	1	886578	0.0000011
all	2278	1	886578	0.0000011
all	2282	1	886578	0.0000011
all	2283	1	886578	0.0000011
all	2284	3	886578	0.0000034
all	2286	1	886578	0.0000011
all	2290	1	886578	0.0000011
all	2291	1	886578	0.0000011
all	2293	1	886578	0.0000011
all	2294	1	886578	0.0000011
all	2300	3	886578	0.0000034
all	2301	2	886578	0.0000023
all	2303	2	886578	0.0000023
all	2304	1	886578	0.0000011
all	2305	1	886578	0.0000011
all	2306	2	886578	0.0000023
all	2307	2	886578	0.0000023
all	2308	1	886578	0.0000011
all	2309	2	886578	0.0000023
all	2310	1	886578	0.0000011
all	2311	1	886578	0.0000011
all	2319	1	886578	0.0000011
all	2321	1	886578	0.0000011
all	2322	1	886578	0.0000011
all	2323	4	886578	0.0000045
all	2324	2	886578	0.0000023
all	2325	2	886578	0.0000023
all	2327	1	886578	0.0000011
all	2328	1	886578	0.0000011
all	2330	1	886578	0.0000011
all	2331	2	886578	0.0000023
all	2333	2	886578	0.0000023
all	2335	1	886578	0.0000011
all	2336	1	886578	0.0000011
all	2337	2	886578	0.0000023
all	2338	1	886578	0.0000011
all	2339	1	886578	0.0000011
all	2340	3	886578	0.0000034
all	2341	1	886578	0.0000011
all	2343	1	886578	0.0000011
all	2344	1	886578	0.0000011
all	2347	1	886578	0.0000011
all	2348	3	886578	0.0000034
all	2349	1	886578	0.0000011
all	2351	1	886578	0.0000011
all	2353	3	886578	0.0000034
all	2354	1	886578	0.0000011
all	2355	1	886578	0.0000011
all	2356	3	886578	0.0000034
all	2359	1	886578	0.0000011
all	2364	1	886578	0.0000011
all	2365	1	886578	0.0000011
all	2368	2	886578	0.0000023
all	2370	1	886578	0.0000011
all	2371	3	886578	0.0000034
all	2374	2	886578	0.0000023
all	2375	2	886578	0.0000023
all	2378	1	886578	0.0000011
all	2379	1	886578	0.0000011
all	2381	1	886578	0.0000011
all	2382	1	886578	0.0000011
all	2383	1	886578	0.0000011
all	2384	2	886578	0.0000023
all	2385	1	886578	0.0000011
all	2386	1	886578	0.0000011
all	2389	1	886578	0.0000011
all	2390	1	886578	0.0000011
all	2392	1	886578	0.0000011
all	2393	2	886578	0.0000023
all	2394	1	886578	0.0000011
all	2396	2	886578	0.0000023
all	2397	1	886578	0.0000011
all	2398	4	886578	0.0000045
all	2399	1	886578	0.0000011
all	2400	2	886578	0.0000023
all	2402	2	886578	0.0000023
all	2403	1	886578	0.0000011
all	2404	2	886578	0.0000023
all	2405	1	886578	0.0000011
all	2406	6	886578	0.0000068
all	2410	1	886578	0.0000011
all	2411	2	886578	0.0000023
all	2412	1	886578	0.0000011
all	2415	1	886578	0.0000011
all	2416	2	886578	0.0000023
all	2417	2	886578	0.0000023
all	2418	1	886578	0.0000011
all	2420	2	886578	0.0000023
all	2422	2	886578	0.0000023
all	2423	2	886578	0.0000023
all	2424	1	886578	0.0000011
all	2425	2	886578	0.0000023
all	2426	1	886578	0.0000011
all	2427	1	886578	0.0000011
all	2428	1	886578	0.0000011
all	2429	1	886578	0.0000011
all	2430	1	886578	0.0000011
all	2431	1	886578	0.0000011
all	2432	2	886578	0.0000023
all	2433	1	886578	0.0000011
all	2436	5	886578	0.0000056
all	2438	1	886578	0.0000011
all	2440	3	886578	0.0000034
all	2441	1	886578	0.0000011
all	2442	1	886578	0.0000011
all	2444	1	886578	0.0000011
all	2445	1	886578	0.0000011
all	2446	3	886578	0.0000034
all	2447	1	886578	0.0000011
all	2448	1	886578	0.0000011
all	2450	1	886578	0.0000011
all	2451	2	886578	0.0000023
all	2452	1	886578	0.0000011
all	2453	1	886578	0.0000011
all	2455	1	886578	0.0000011
all	2456	1	886578	0.0000011
all	2457	1	886578	0.0000011
all	2458	3	886578	0.0000034
all	2462	1	886578	0.0000011
all	2463	3	886578	0.0000034
all	2464	3	886578	0.0000034
all	2465	1	886578	0.0000011
all	2466	1	886578	0.0000011
all	2467	1	886578	0.0000011
all	2468	2	886578	0.0000023
all	2470	1	886578	0.0000011
all	2471	2	886578	0.0000023
all	2472	1	886578	0.0000011
all	2473	1	886578	0.0000011
all	2475	3	886578	0.0000034
all	2476	3	886578	0.0000034
all	2477	2	886578	0.0000023
all	2478	2	886578	0.0000023
all	2479	1	886578	0.0000011
all	2480	2	886578	0.0000023
all	2481	2	886578	0.0000023
all	2482	2	886578	0.0000023
all	2483	2	886578	0.0000023
all	2484	2	886578	0.0000023
all	2485	3	886578	0.0000034
all	2486	1	886578	0.0000011
all	2487	2	886578	0.0000023
all	2488	2	886578	0.0000023
all	2491	1	886578	0.0000011
all	2493	3	886578	0.0000034
all	2494	1	886578	0.0000011
all	2497	2	886578	0.0000023
all	2499	3	886578	0.0000034
all	2501	2	886578	0.0000023
all	2502	3	886578	0.0000034
all	2503	1	886578	0.0000011
all	2504	2	886578	0.0000023
all	2505	1	886578	0.0000011
all	2506	2	886578	0.0000023
all	2507	1	886578	0.0000011
all	2510	1	886578	0.0000011
all	2512	1	886578	0.0000011
all	2513	1	886578	0.0000011
all	2514	2	886578	0.0000023
all	2517	3	886578	0.0000034
all	2519	3	886578	0.0000034
all	2520	4	886578	0.0000045
all	2522	2	886578	0.0000023
all	2523	1	886578	0.0000011
all	2525	2	886578	0.0000023
all	2526	2	886578	0.0000023
all	2529	1	886578	0.0000011
all	2532	1	886578	0.0000011
all	2533	1	886578	0.0000011
all	2535	1	886578	0.0000011
all	2537	1	886578	0.0000011
all	2538	2	886578	0.0000023
all	2539	2	886578	0.0000023
all	2541	2	886578	0.0000023
all	2542	1	886578	0.0000011
all	2545	4	886578	0.0000045
all	2547	1	886578	0.0000011
all	2548	1	886578	0.0000011
all	2549	2	886578	0.0000023
all	2550	5	886578	0.0000056
all	2552	1	886578	0.0000011
all	2553	1	886578	0.0000011
all	2560	1	886578	0.0000011
all	2561	2	886578	0.0000023
all	2562	1	886578	0.0000011
all	2563	1	886578	0.0000011
all	2564	3	886578	0.0000034
all	2565	1	886578	0.0000011
all	2566	1	886578	0.0000011
all	2567	1	886578	0.0000011
all	2570	2	886578	0.0000023
all	2571	1	886578	0.0000011
all	2573	2	886578	0.0000023
all	2574	2	886578	0.0000023
all	2576	1	886578	0.0000011
all	2580	1	886578	0.0000011
all	2581	1	886578	0.0000011
all	2582	1	886578	0.0000011
all	2583	1	886578	0.0000011
all	2585	1	886578	0.0000011
all	2586	1	886578	0.0000011
all	2587	1	886578	0.0000011
all	2591	1	886578	0.0000011
all	2593	1	886578	0.0000011
all	2597	1	886578	0.0000011
all	2598	2	886578	0.0000023
all	2600	3	886578	0.0000034
all	2604	2	886578	0.0000023
all	2605	3	886578	0.0000034
all	2607	2	886578	0.0000023
all	2608	2	886578	0.0000023
all	2609	1	886578	0.0000011
all	2614	3	886578	0.0000034
all	2615	3	886578	0.0000034
all	2620	3	886578	0.0000034
all	2623	1	886578	0.0000011
all	2624	1	886578	0.0000011
all	2625	2	886578	0.0000023
all	2627	1	886578	0.0000011
all	2630	3	886578	0.0000034
all	2631	1	886578	0.0000011
all	2632	2	886578	0.0000023
all	2633	2	886578	0.0000023
all	2635	4	886578	0.0000045
all	2638	1	886578	0.0000011
all	2642	1	886578	0.0000011
all	2643	1	886578	0.0000011
all	2645	2	886578	0.0000023
all	2646	4	886578	0.0000045
all	2647	4	886578	0.0000045
all	2648	2	886578	0.0000023
all	2651	3	886578	0.0000034
all	2652	1	886578	0.0000011
all	2658	1	886578	0.0000011
all	2661	2	886578	0.0000023
all	2662	1	886578	0.0000011
all	2664	2	886578	0.0000023
all	2666	1	886578	0.0000011
all	2667	1	886578	0.0000011
all	2668	2	886578	0.0000023
all	2669	1	886578	0.0000011
all	2672	1	886578	0.0000011
all	2673	3	886578	0.0000034
all	2676	2	886578	0.0000023
all	2679	1	886578	0.0000011
all	2683	2	886578	0.0000023
all	2684	2	886578	0.0000023
all	2685	2	886578	0.0000023
all	2686	2	886578	0.0000023
all	2687	3	886578	0.0000034
all	2688	1	886578	0.0000011
all	2691	1	886578	0.0000011
all	2694	1	886578	0.0000011
all	2696	1	886578	0.0000011
all	2698	1	886578	0.0000011
all	2699	1	886578	0.0000011
all	2700	1	886578	0.0000011
all	2703	1	886578	0.0000011
all	2704	1	886578	0.0000011
all	2706	1	886578	0.0000011
all	2707	1	886578	0.0000011
all	2708	1	886578	0.0000011
all	2714	1	886578	0.0000011
all	2715	1	886578	0.0000011
all	2719	2	886578	0.0000023
all	2720	2	886578	0.0000023
all	2725	1	886578	0.0000011
all	2728	1	886578	0.0000011
all	2729	1	886578	0.0000011
all	2734	1	886578	0.0000011
all	2736	1	886578	0.0000011
all	2737	1	886578	0.0000011
all	2738	3	886578	0.0000034
all	2742	1	886578	0.0000011
all	2743	2	886578	0.0000023
all	2745	1	886578	0.0000011
all	2746	1	886578	0.0000011
all	2747	3	886578	0.0000034
all	2752	1	886578	0.0000011
all	2754	2	886578	0.0000023
all	2757	1	886578	0.0000011
all	2759	2	886578	0.0000023
all	2764	1	886578	0.0000011
all	2765	1	886578	0.0000011
all	2766	2	886578	0.0000023
all	2768	1	886578	0.0000011
all	2770	1	886578	0.0000011
all	2771	1	886578	0.0000011
all	2772	1	886578	0.0000011
all	2775	1	886578	0.0000011
all	2777	2	886578	0.0000023
all	2778	1	886578	0.0000011
all	2779	1	886578	0.0000011
all	2782	1	886578	0.0000011
all	2785	1	886578	0.0000011
all	2787	2	886578	0.0000023
all	2793	1	886578	0.0000011
all	2798	2	886578	0.0000023
all	2800	1	886578	0.0000011
all	2802	1	886578	0.0000011
all	2803	1	886578	0.0000011
all	2804	2	886578	0.0000023
all	2805	2	886578	0.0000023
all	2806	2	886578	0.0000023
all	2808	2	886578	0.0000023
all	2811	1	886578	0.0000011
all	2812	1	886578	0.0000011
all	2813	1	886578	0.0000011
all	2815	2	886578	0.0000023
all	2817	2	886578	0.0000023
all	2820	2	886578	0.0000023
all	2822	1	886578	0.0000011
all	2824	2	886578	0.0000023
all	2825	1	886578	0.0000011
all	2826	1	886578	0.0000011
all	2827	1	886578	0.0000011
all	2832	1	886578	0.0000011
all	2833	1	886578	0.0000011
all	2835	2	886578	0.0000023
all	2838	1	886578	0.0000011
all	2844	1	886578	0.0000011
all	2845	1	886578	0.0000011
all	2848	1	886578	0.0000011
all	2849	1	886578	0.0000011
all	2850	1	886578	0.0000011
all	2854	1	886578	0.0000011
all	2857	1	886578	0.0000011
all	2861	1	886578	0.0000011
all	2862	1	886578	0.0000011
all	2863	1	886578	0.0000011
all	2866	2	886578	0.0000023
all	2867	3	886578	0.0000034
all	2870	1	886578	0.0000011
all	2871	2	886578	0.0000023
all	2873	2	886578	0.0000023
all	2875	1	886578	0.0000011
all	2876	2	886578	0.0000023
all	2877	2	886578	0.0000023
all	2880	1	886578	0.0000011
all	2884	1	886578	0.0000011
all	2886	1	886578	0.0000011
all	2887	1	886578	0.0000011
all	2889	1	886578	0.0000011
all	2891	2	886578	0.0000023
all	2895	1	886578	0.0000011
all	2900	1	886578	0.0000011
all	2905	1	886578	0.0000011
all	2906	2	886578	0.0000023
all	2907	1	886578	0.0000011
all	2911	1	886578	0.0000011
all	2917	1	886578	0.0000011
all	2924	1	886578	0.0000011
all	2926	1	886578	0.0000011
all	2929	1	886578	0.0000011
all	2931	1	886578	0.0000011
all	2932	1	886578	0.0000011
all	2933	1	886578	0.0000011
all	2942	1	886578	0.0000011
all	2945	2	886578	0.0000023
all	2946	1	886578	0.0000011
all	2950	1	886578	0.0000011
all	2951	1	886578	0.0000011
all	2952	1	886578	0.0000011
all	2953	1	886578	0.0000011
all	2954	1	886578	0.0000011
all	2955	1	886578	0.0000011
all	2964	1	886578	0.0000011
all	2965	1	886578	0.0000011
all	2967	1	886578	0.0000011
all	2969	1	886578	0.0000011
all	2973	2	886578	0.0000023
all	2980	2	886578	0.0000023
all	2982	1	886578	0.0000011
all	2984	1	886578	0.0000011
all	2985	2	886578	0.0000023
all	2989	1	886578	0.0000011
all	2990	1	886578	0.0000011
all	2991	1	886578	0.0000011
all	2994	1	886578	0.0000011
all	2996	1	886578	0.0000011
all	2997	1	886578	0.0000011
all	3003	1	886578	0.0000011
all	3005	2	886578	0.0000023
all	3008	1	886578	0.0000011
all	3010	1	886578	0.0000011
all	3011	1	886578	0.0000011
all	3012	3	886578	0.0000034
all	3014	2	886578	0.0000023
all	3016	1	886578	0.0000011
all	3017	1	886578	0.0000011
all	3018	1	886578	0.0000011
all	3025	1	886578	0.0000011
all	3027	1	886578	0.0000011
all	3028	1	886578	0.0000011
all	3029	1	886578	0.0000011
all	3030	2	886578	0.0000023
all	3032	2	886578	0.0000023
all	3033	1	886578	0.0000011
all	3034	1	886578	0.0000011
all	3037	2	886578	0.0000023
all	3039	3	886578	0.0000034
all	3041	2	886578	0.0000023
all	3047	1	886578	0.0000011
all	3051	1	886578	0.0000011
all	3054	1	886578	0.0000011
all	3056	1	886578	0.0000011
all	3057	1	886578	0.0000011
all	3070	1	886578	0.0000011
all	3071	1	886578	0.0000011
all	3072	1	886578	0.0000011
all	3073	1	886578	0.0000011
all	3074	1	886578	0.0000011
all	3076	1	886578	0.0000011
all	3077	2	886578	0.0000023
all	3079	1	886578	0.0000011
all	3084	1	886578	0.0000011
all	3089	1	886578	0.0000011
all	3092	1	886578	0.0000011
all	3093	1	886578	0.0000011
all	3096	1	886578	0.0000011
all	3099	1	886578	0.0000011
all	3100	1	886578	0.0000011
all	3101	1	886578	0.0000011
all	3105	1	886578	0.0000011
all	3108	1	886578	0.0000011
all	3109	1	886578	0.0000011
all	3110	1	886578	0.0000011
all	3111	2	886578	0.0000023
all	3112	1	886578	0.0000011
all	3120	1	886578	0.0000011
all	3123	1	886578	0.0000011
all	3130	1	886578	0.0000011
all	3132	1	886578	0.0000011
all	3134	1	886578	0.0000011
all	3138	1	886578	0.0000011
all	3143	3	886578	0.0000034
all	3144	1	886578	0.0000011
all	3146	1	886578	0.0000011
all	3149	1	886578	0.0000011
all	3150	1	886578	0.0000011
all	3151	1	886578	0.0000011
all	3154	1	886578	0.0000011
all	3155	1	886578	0.0000011
all	3158	1	886578	0.0000011
all	3159	1	886578	0.0000011
all	3161	1	886578	0.0000011
all	3168	1	886578	0.0000011
all	3169	1	886578	0.0000011
all	3171	3	886578	0.0000034
all	3173	1	886578	0.0000011
all	3187	1	886578	0.0000011
all	3192	2	886578	0.0000023
all	3193	1	886578	0.0000011
all	3198	2	886578	0.0000023
all	3199	1	886578	0.0000011
all	3200	1	886578	0.0000011
all	3201	1	886578	0.0000011
all	3202	1	886578	0.0000011
all	3205	1	886578	0.0000011
all	3208	1	886578	0.0000011
all	3212	1	886578	0.0000011
all	3215	3	886578	0.0000034
all	3216	1	886578	0.0000011
all	3220	1	886578	0.0000011
all	3222	1	886578	0.0000011
all	3227	1	886578	0.0000011
all	3231	1	886578	0.0000011
all	3234	1	886578	0.0000011
all	3235	1	886578	0.0000011
all	3236	2	886578	0.0000023
all	3244	1	886578	0.0000011
all	3245	2	886578	0.0000023
all	3248	3	886578	0.0000034
all	3250	2	886578	0.0000023
all	3251	1	886578	0.0000011
all	3253	1	886578	0.0000011
all	3254	1	886578	0.0000011
all	3256	1	886578	0.0000011
all	3258	1	886578	0.0000011
all	3260	1	886578	0.0000011
all	3261	1	886578	0.0000011
all	3262	1	886578	0.0000011
all	3265	2	886578	0.0000023
all	3267	1	886578	0.0000011
all	3269	1	886578	0.0000011
all	3271	1	886578	0.0000011
all	3272	1	886578	0.0000011
all	3273	1	886578	0.0000011
all	3276	2	886578	0.0000023
all	3283	2	886578	0.0000023
all	3284	1	886578	0.0000011
all	3291	1	886578	0.0000011
all	3294	1	886578	0.0000011
all	3295	1	886578	0.0000011
all	3296	1	886578	0.0000011
all	3298	1	886578	0.0000011
all	3299	2	886578	0.0000023
all	3301	1	886578	0.0000011
all	3302	1	886578	0.0000011
all	3304	1	886578	0.0000011
all	3306	3	886578	0.0000034
all	3308	2	886578	0.0000023
all	3309	2	886578	0.0000023
all	3312	1	886578	0.0000011
all	3313	2	886578	0.0000023
all	3315	2	886578	0.0000023
all	3316	1	886578	0.0000011
all	3318	2	886578	0.0000023
all	3323	2	886578	0.0000023
all	3324	1	886578	0.0000011
all	3326	1	886578	0.0000011
all	3327	1	886578	0.0000011
all	3328	2	886578	0.0000023
all	3329	2	886578	0.0000023
all	3331	1	886578	0.0000011
all	3332	1	886578	0.0000011
all	3333	1	886578	0.0000011
all	3335	1	886578	0.0000011
all	3338	1	886578	0.0000011
all	3339	1	886578	0.0000011
all	3340	1	886578	0.0000011
all	3342	1	886578	0.0000011
all	3344	1	886578	0.0000011
all	3351	2	886578	0.0000023
all	3355	1	886578	0.0000011
all	3357	2	886578	0.0000023
all	3360	1	886578	0.0000011
all	3363	1	886578	0.0000011
all	3366	2	886578	0.0000023
all	3368	3	886578	0.0000034
all	3369	1	886578	0.0000011
all	3372	1	886578	0.0000011
all	3374	4	886578	0.0000045
all	3375	1	886578	0.0000011
all	3376	1	886578	0.0000011
all	3381	1	886578	0.0000011
all	3382	1	886578	0.0000011
all	3383	1	886578	0.0000011
all	3386	1	886578	0.0000011
all	3387	2	886578	0.0000023
all	3392	1	886578	0.0000011
all	3394	1	886578	0.0000011
all	3398	2	886578	0.0000023
all	3401	1	886578	0.0000011
all	3402	1	886578	0.0000011
all	3404	2	886578	0.0000023
all	3405	2	886578	0.0000023
all	3408	1	886578	0.0000011
all	3409	1	886578	0.0000011
all	3410	2	886578	0.0000023
all	3411	1	886578	0.0000011
all	3415	1	886578	0.0000011
all	3417	2	886578	0.0000023
all	3418	1	886578	0.0000011
all	3419	1	886578	0.0000011
all	3420	1	886578	0.0000011
all	3424	2	886578	0.0000023
all	3425	1	886578	0.0000011
all	3426	2	886578	0.0000023
all	3427	1	886578	0.0000011
all	3428	2	886578	0.0000023
all	3429	2	886578	0.0000023
all	3430	1	886578	0.0000011
all	3431	1	886578	0.0000011
all	3432	1	886578	0.0000011
all	3434	2	886578	0.0000023
all	3435	1	886578	0.0000011
all	3436	1	886578	0.0000011
all	3437	1	886578	0.0000011
all	3438	2	886578	0.0000023
all	3439	2	886578	0.0000023
all	3442	1	886578	0.0000011
all	3444	2	886578	0.0000023
all	3445	1	886578	0.0000011
all	3452	3	886578	0.0000034
all	3453	1	886578	0.0000011
all	3454	1	886578	0.0000011
all	3455	2	886578	0.0000023
all	3456	1	886578	0.0000011
all	3457	1	886578	0.0000011
all	3458	3	886578	0.0000034
all	3461	2	886578	0.0000023
all	3462	1	886578	0.0000011
all	3463	3	886578	0.0000034
all	3464	1	886578	0.0000011
all	3466	1	886578	0.0000011
all	3467	2	886578	0.0000023
all	3468	2	886578	0.0000023
all	3470	1	886578	0.0000011
all	3473	1	886578	0.0000011
all	3474	1	886578	0.0000011
all	3475	1	886578	0.0000011
all	3476	1	886578	0.0000011
all	3477	1	886578	0.0000011
all	3479	1	886578	0.0000011
all	3480	1	886578	0.0000011
all	3481	1	886578	0.0000011
all	3482	3	886578	0.0000034
all	3486	1	886578	0.0000011
all	3487	1	886578	0.0000011
all	3491	1	886578	0.0000011
all	3493	2	886578	0.0000023
all	3494	1	886578	0.0000011
all	3496	2	886578	0.0000023
all	3497	1	886578	0.0000011
all	3498	1	886578	0.0000011
all	3499	1	886578	0.0000011
all	3500	1	886578	0.0000011
all	3502	1	886578	0.0000011
all	3504	2	886578	0.0000023
all	3505	1	886578	0.0000011
all	3506	1	886578	0.0000011
all	3508	1	886578	0.0000011
all	3511	1	886578	0.0000011
all	3512	1	886578	0.0000011
all	3513	1	886578	0.0000011
all	3514	2	886578	0.0000023
all	3517	1	886578	0.0000011
all	3519	2	886578	0.0000023
all	3520	3	886578	0.0000034
all	3522	1	886578	0.0000011
all	3523	2	886578	0.0000023
all	3525	1	886578	0.0000011
all	3527	2	886578	0.0000023
all	3528	1	886578	0.0000011
all	3529	1	886578	0.0000011
all	3531	1	886578	0.0000011
all	3532	2	886578	0.0000023
all	3535	1	886578	0.0000011
all	3537	2	886578	0.0000023
all	3538	1	886578	0.0000011
all	3540	1	886578	0.0000011
all	3543	1	886578	0.0000011
all	3545	1	886578	0.0000011
all	3547	1	886578	0.0000011
all	3550	1	886578	0.0000011
all	3552	1	886578	0.0000011
all	3554	2	886578	0.0000023
all	3557	1	886578	0.0000011
all	3558	1	886578	0.0000011
all	3560	3	886578	0.0000034
all	3567	1	886578	0.0000011
all	3575	1	886578	0.0000011
all	3576	2	886578	0.0000023
all	3580	1	886578	0.0000011
all	3589	5	886578	0.0000056
all	3591	1	886578	0.0000011
all	3593	1	886578	0.0000011
all	3595	1	886578	0.0000011
all	3598	1	886578	0.0000011
all	3613	2	886578	0.0000023
all	3614	1	886578	0.0000011
all	3617	1	886578	0.0000011
all	3618	1	886578	0.0000011
all	3621	1	886578	0.0000011
all	3622	1	886578	0.0000011
all	3625	1	886578	0.0000011
all	3633	1	886578	0.0000011
all	3635	1	886578	0.0000011
all	3640	1	886578	0.0000011
all	3641	1	886578	0.0000011
all	3643	1	886578	0.0000011
all	3644	1	886578	0.0000011
all	3651	1	886578	0.0000011
all	3657	1	886578	0.0000011
all	3658	1	886578	0.0000011
all	3659	1	886578	0.0000011
all	3660	1	886578	0.0000011
all	3666	1	886578	0.0000011
all	3667	1	886578	0.0000011
all	3668	2	886578	0.0000023
all	3674	1	886578	0.0000011
all	3676	2	886578	0.0000023
all	3681	1	886578	0.0000011
all	3689	1	886578	0.0000011
all	3692	1	886578	0.0000011
all	3699	1	886578	0.0000011
all	3702	1	886578	0.0000011
all	3707	1	886578	0.0000011
all	3711	1	886578	0.0000011
all	3713	1	886578	0.0000011
all	3714	1	886578	0.0000011
all	3719	2	886578	0.0000023
all	3722	1	886578	0.0000011
all	3734	2	886578	0.0000023
all	3735	1	886578	0.0000011
all	3737	1	886578	0.0000011
all	3739	1	886578	0.0000011
all	3741	2	886578	0.0000023
all	3743	1	886578	0.0000011
all	3746	1	886578	0.0000011
all	3747	1	886578	0.0000011
all	3757	1	886578	0.0000011
all	3758	1	886578	0.0000011
all	3761	1	886578	0.0000011
all	3763	1	886578	0.0000011
all	3766	1	886578	0.0000011
all	3771	1	886578	0.0000011
all	3773	1	886578	0.0000011
all	3775	2	886578	0.0000023
all	3778	1	886578	0.0000011
all	3779	1	886578	0.0000011
all	3780	2	886578	0.0000023
all	3783	1	886578	0.0000011
all	3784	1	886578	0.0000011
all	3785	2	886578	0.0000023
all	3788	1	886578	0.0000011
all	3792	1	886578	0.0000011
all	3794	1	886578	0.0000011
all	3805	1	886578	0.0000011
all	3808	1	886578	0.0000011
all	3811	1	886578	0.0000011
all	3812	2	886578	0.0000023
all	3813	1	886578	0.0000011
all	3814	1	886578	0.0000011
all	3818	2	886578	0.0000023
all	3821	1	886578	0.0000011
all	3823	1	886578	0.0000011
all	3824	1	886578	0.0000011
all	3827	1	886578	0.0000011
all	3829	1	886578	0.0000011
all	3834	2	886578	0.0000023
all	3836	1	886578	0.0000011
all	3838	2	886578	0.0000023
all	3839	1	886578	0.0000011
all	3840	1	886578	0.0000011
all	3841	1	886578	0.0000011
all	3845	1	886578	0.0000011
all	3847	3	886578	0.0000034
all	3848	1	886578	0.0000011
all	3851	2	886578	0.0000023
all	3852	1	886578	0.0000011
all	3856	1	886578	0.0000011
all	3857	2	886578	0.0000023
all	3859	1	886578	0.0000011
all	3863	2	886578	0.0000023
all	3864	1	886578	0.0000011
all	3865	1	886578	0.0000011
all	3866	1	886578	0.0000011
all	3868	1	886578	0.0000011
all	3870	1	886578	0.0000011
all	3876	2	886578	0.0000023
all	3879	1	886578	0.0000011
all	3882	1	886578	0.0000011
all	3883	1	886578	0.0000011
all	3884	2	886578	0.0000023
all	3885	1	886578	0.0000011
all	3886	1	886578	0.0000011
all	3887	1	886578	0.0000011
all	3889	1	886578	0.0000011
all	3890	2	886578	0.0000023
all	3891	1	886578	0.0000011
all	3894	1	886578	0.0000011
all	3896	1	886578	0.0000011
all	3898	1	886578	0.0000011
all	3899	1	886578	0.0000011
all	3900	1	886578	0.0000011
all	3903	2	886578	0.0000023
all	3906	1	886578	0.0000011
all	3907	1	886578	0.0000011
all	3908	2	886578	0.0000023
all	3912	1	886578	0.0000011
all	3913	1	886578	0.0000011
all	3916	1	886578	0.0000011
all	3917	1	886578	0.0000011
all	3918	4	886578	0.0000045
all	3919	1	886578	0.0000011
all	3920	1	886578	0.0000011
all	3921	2	886578	0.0000023
all	3922	1	886578	0.0000011
all	3924	1	886578	0.0000011
all	3925	2	886578	0.0000023
all	3926	1	886578	0.0000011
all	3927	2	886578	0.0000023
all	3929	1	886578	0.0000011
all	3930	1	886578	0.0000011
all	3933	1	886578	0.0000011
all	3938	1	886578	0.0000011
all	3940	3	886578	0.0000034
all	3944	2	886578	0.0000023
all	3946	1	886578	0.0000011
all	3949	1	886578	0.0000011
all	3951	1	886578	0.0000011
all	3952	1	886578	0.0000011
all	3954	1	886578	0.0000011
all	3955	1	886578	0.0000011
all	3959	2	886578	0.0000023
all	3963	2	886578	0.0000023
all	3969	1	886578	0.0000011
all	3971	1	886578	0.0000011
all	3972	1	886578	0.0000011
all	3973	1	886578	0.0000011
all	3975	1	886578	0.0000011
all	3976	1	886578	0.0000011
all	3977	1	886578	0.0000011
all	3979	1	886578	0.0000011
all	3981	1	886578	0.0000011
all	3985	1	886578	0.0000011
all	3989	2	886578	0.0000023
all	3991	1	886578	0.0000011
all	3993	2	886578	0.0000023
all	3994	1	886578	0.0000011
all	3995	1	886578	0.0000011
all	3996	1	886578	0.0000011
all	3997	1	886578	0.0000011
all	3999	1	886578	0.0000011
all	4000	1	886578	0.0000011
all	4002	4	886578	0.0000045
all	4003	1	886578	0.0000011
all	4006	1	886578	0.0000011
all	4007	1	886578	0.0000011
all	4008	1	886578	0.0000011
all	4009	3	886578	0.0000034
all	4012	2	886578	0.0000023
all	4013	2	886578	0.0000023
all	4014	1	886578	0.0000011
all	4015	1	886578	0.0000011
all	4016	1	886578	0.0000011
all	4018	2	886578	0.0000023
all	4023	3	886578	0.0000034
all	4027	2	886578	0.0000023
all	4029	1	886578	0.0000011
all	4032	2	886578	0.0000023
all	4036	1	886578	0.0000011
all	4037	1	886578	0.0000011
all	4039	1	886578	0.0000011
all	4040	1	886578	0.0000011
all	4041	1	886578	0.0000011
all	4042	1	886578	0.0000011
all	4044	1	886578	0.0000011
all	4046	2	886578	0.0000023
all	4047	1	886578	0.0000011
all	4049	1	886578	0.0000011
all	4050	2	886578	0.0000023
all	4051	2	886578	0.0000023
all	4052	1	886578	0.0000011
all	4053	2	886578	0.0000023
all	4054	3	886578	0.0000034
all	4055	2	886578	0.0000023
all	4056	1	886578	0.0000011
all	4057	3	886578	0.0000034
all	4058	2	886578	0.0000023
all	4060	1	886578	0.0000011
all	4062	2	886578	0.0000023
all	4063	1	886578	0.0000011
all	4078	1	886578	0.0000011
all	4079	4	886578	0.0000045
all	4080	1	886578	0.0000011
all	4083	1	886578	0.0000011
all	4085	2	886578	0.0000023
all	4086	1	886578	0.0000011
all	4090	1	886578	0.0000011
all	4098	2	886578	0.0000023
all	4099	1	886578	0.0000011
all	4100	1	886578	0.0000011
all	4102	1	886578	0.0000011
all	4103	2	886578	0.0000023
all	4106	1	886578	0.0000011
all	4108	1	886578	0.0000011
all	4113	1	886578	0.0000011
all	4117	1	886578	0.0000011
all	4118	2	886578	0.0000023
all	4123	1	886578	0.0000011
all	4124	1	886578	0.0000011
all	4127	1	886578	0.0000011
all	4128	2	886578	0.0000023
all	4131	2	886578	0.0000023
all	4132	1	886578	0.0000011
all	4134	1	886578	0.0000011
all	4139	3	886578	0.0000034
all	4140	2	886578	0.0000023
all	4144	1	886578	0.0000011
all	4145	2	886578	0.0000023
all	4147	1	886578	0.0000011
all	4148	1	886578	0.0000011
all	4150	1	886578	0.0000011
all	4151	1	886578	0.0000011
all	4154	1	886578	0.0000011
all	4155	2	886578	0.0000023
all	4157	1	886578	0.0000011
all	4159	1	886578	0.0000011
all	4162	3	886578	0.0000034
all	4166	1	886578	0.0000011
all	4177	3	886578	0.0000034
all	4182	1	886578	0.0000011
all	4186	1	886578	0.0000011
all	4187	1	886578	0.0000011
all	4188	1	886578	0.0000011
all	4190	1	886578	0.0000011
all	4191	2	886578	0.0000023
all	4192	1	886578	0.0000011
all	4194	1	886578	0.0000011
all	4196	1	886578	0.0000011
all	4198	1	886578	0.0000011
all	4199	1	886578	0.0000011
all	4205	1	886578	0.0000011
all	4206	2	886578	0.0000023
all	4210	1	886578	0.0000011
all	4211	1	886578	0.0000011
all	4212	1	886578	0.0000011
all	4213	2	886578	0.0000023
all	4218	2	886578	0.0000023
all	4219	1	886578	0.0000011
all	4221	1	886578	0.0000011
all	4226	1	886578	0.0000011
all	4228	1	886578	0.0000011
all	4232	1	886578	0.0000011
all	4233	1	886578	0.0000011
all	4234	2	886578	0.0000023
all	4235	1	886578	0.0000011
all	4238	1	886578	0.0000011
all	4239	1	886578	0.0000011
all	4240	1	886578	0.0000011
all	4245	1	886578	0.0000011
all	4246	1	886578	0.0000011
all	4251	1	886578	0.0000011
all	4252	1	886578	0.0000011
all	4255	1	886578	0.0000011
all	4258	1	886578	0.0000011
all	4262	1	886578	0.0000011
all	4263	1	886578	0.0000011
all	4267	1	886578	0.0000011
all	4271	1	886578	0.0000011
all	4278	1	886578	0.0000011
all	4279	1	886578	0.0000011
all	4280	1	886578	0.0000011
all	4289	1	886578	0.0000011
all	4291	1	886578	0.0000011
all	4298	1	886578	0.0000011
all	4301	1	886578	0.0000011
all	4303	1	886578	0.0000011
all	4304	1	886578	0.0000011
all	4305	1	886578	0.0000011
all	4308	1	886578	0.0000011
all	4310	1	886578	0.0000011
all	4314	1	886578	0.0000011
all	4320	1	886578	0.0000011
all	4323	1	886578	0.0000011
all	4326	1	886578	0.0000011
all	4328	1	886578	0.0000011
all	4329	1	886578	0.0000011
all	4331	1	886578	0.0000011
all	4334	1	886578	0.0000011
all	4336	1	886578	0.0000011
all	4338	1	886578	0.0000011
all	4340	1	886578	0.0000011
all	4343	1	886578	0.0000011
all	4344	1	886578	0.0000011
all	4348	1	886578	0.0000011
all	4354	1	886578	0.0000011
all	4356	2	886578	0.0000023
all	4362	1	886578	0.0000011
all	4365	1	886578	0.0000011
all	4369	1	886578	0.0000011
all	4371	1	886578	0.0000011
all	4372	1	886578	0.0000011
all	4377	1	886578	0.0000011
all	4380	2	886578	0.0000023
all	4382	1	886578	0.0000011
all	4384	2	886578	0.0000023
all	4388	1	886578	0.0000011
all	4390	1	886578	0.0000011
all	4402	1	886578	0.0000011
all	4403	1	886578	0.0000011
all	4404	1	886578	0.0000011
all	4409	1	886578	0.0000011
all	4413	1	886578	0.0000011
all	4433	1	886578	0.0000011
all	4435	1	886578	0.0000011
all	4455	1	886578	0.0000011
all	4456	1	886578	0.0000011
all	4460	1	886578	0.0000011
all	4465	1	886578	0.0000011
all	4476	2	886578	0.0000023
all	4478	1	886578	0.0000011
all	4490	1	886578	0.0000011
all	4496	3	886578	0.0000034
all	4498	1	886578	0.0000011
all	4500	1	886578	0.0000011
all	4501	1	886578	0.0000011
all	4512	1	886578	0.0000011
all	4515	1	886578	0.0000011
all	4516	1	886578	0.0000011
all	4522	1	886578	0.0000011
all	4529	2	886578	0.0000023
all	4532	1	886578	0.0000011
all	4533	2	886578	0.0000023
all	4534	1	886578	0.0000011
all	4535	1	886578	0.0000011
all	4541	1	886578	0.0000011
all	4542	1	886578	0.0000011
all	4543	1	886578	0.0000011
all	4554	1	886578	0.0000011
all	4556	2	886578	0.0000023
all	4557	1	886578	0.0000011
all	4562	1	886578	0.0000011
all	4566	1	886578	0.0000011
all	4567	1	886578	0.0000011
all	4577	1	886578	0.0000011
all	4578	1	886578	0.0000011
all	4580	1	886578	0.0000011
all	4585	1	886578	0.0000011
all	4593	1	886578	0.0000011
all	4595	1	886578	0.0000011
all	4598	1	886578	0.0000011
all	4600	1	886578	0.0000011
all	4603	1	886578	0.0000011
all	4607	1	886578	0.0000011
all	4613	1	886578	0.0000011
all	4615	1	886578	0.0000011
all	4619	1	886578	0.0000011
all	4626	1	886578	0.0000011
all	4630	1	886578	0.0000011
all	4638	1	886578	0.0000011
all	4641	1	886578	0.0000011
all	4652	1	886578	0.0000011
all	4660	1	886578	0.0000011
all	4662	1	886578	0.0000011
all	4665	1	886578	0.0000011
all	4666	1	886578	0.0000011
all	4667	1	886578	0.0000011
all	4671	2	886578	0.0000023
all	4678	1	886578	0.0000011
all	4688	2	886578	0.0000023
all	4689	1	886578	0.0000011
all	4690	1	886578	0.0000011
all	4702	1	886578	0.0000011
all	4710	2	886578	0.0000023
all	4712	1	886578	0.0000011
all	4714	1	886578	0.0000011
all	4716	1	886578	0.0000011
all	4719	1	886578	0.0000011
all	4723	1	886578	0.0000011
all	4727	1	886578	0.0000011
all	4729	1	886578	0.0000011
all	4740	1	886578	0.0000011
all	4745	2	886578	0.0000023
all	4749	1	886578	0.0000011
all	4752	1	886578	0.0000011
all	4760	1	886578	0.0000011
all	4761	1	886578	0.0000011
all	4765	1	886578	0.0000011
all	4767	1	886578	0.0000011
all	4773	1	886578	0.0000011
all	4774	1	886578	0.0000011
all	4776	1	886578	0.0000011
all	4780	1	886578	0.0000011
all	4787	1	886578	0.0000011
all	4789	1	886578	0.0000011
all	4791	1	886578	0.0000011
all	4796	2	886578	0.0000023
all	4800	1	886578	0.0000011
all	4812	1	886578	0.0000011
all	4814	1	886578	0.0000011
all	4815	1	886578	0.0000011
all	4818	1	886578	0.0000011
all	4823	1	886578	0.0000011
all	4837	1	886578	0.0000011
all	4839	1	886578	0.0000011
all	4842	1	886578	0.0000011
all	4843	1	886578	0.0000011
all	4849	1	886578	0.0000011
all	4853	1	886578	0.0000011
all	4854	1	886578	0.0000011
all	4858	1	886578	0.0000011
all	4860	2	886578	0.0000023
all	4861	1	886578	0.0000011
all	4864	1	886578	0.0000011
all	4866	2	886578	0.0000023
all	4867	2	886578	0.0000023
all	4873	2	886578	0.0000023
all	4876	1	886578	0.0000011
all	4877	1	886578	0.0000011
all	4878	1	886578	0.0000011
all	4887	1	886578	0.0000011
all	4892	1	886578	0.0000011
all	4894	1	886578	0.0000011
all	4895	2	886578	0.0000023
all	4897	1	886578	0.0000011
all	4900	1	886578	0.0000011
all	4903	1	886578	0.0000011
all	4904	1	886578	0.0000011
all	4907	1	886578	0.0000011
all	4913	1	886578	0.0000011
all	4914	1	886578	0.0000011
all	4919	1	886578	0.0000011
all	4923	1	886578	0.0000011
all	4934	1	886578	0.0000011
all	4936	1	886578	0.0000011
all	4938	1	886578	0.0000011
all	4943	1	886578	0.0000011
all	4945	1	886578	0.0000011
all	4946	1	886578	0.0000011
all	4962	1	886578	0.0000011
all	4967	1	886578	0.0000011
all	4971	2	886578	0.0000023
all	4973	1	886578	0.0000011
all	4974	1	886578	0.0000011
all	4979	1	886578	0.0000011
all	4981	1	886578	0.0000011
all	4985	1	886578	0.0000011
all	4987	2	886578	0.0000023
all	4989	1	886578	0.0000011
all	4990	1	886578	0.0000011
all	4992	2	886578	0.0000023
all	4993	3	886578	0.0000034
all	4998	1	886578	0.0000011
all	5000	1	886578	0.0000011
all	5001	1	886578	0.0000011
all	5002	1	886578	0.0000011
all	5003	1	886578	0.0000011
all	5004	1	886578	0.0000011
all	5009	2	886578	0.0000023
all	5014	1	886578	0.0000011
all	5015	1	886578	0.0000011
all	5016	1	886578	0.0000011
all	5018	1	886578	0.0000011
all	5019	1	886578	0.0000011
all	5021	1	886578	0.0000011
all	5022	1	886578	0.0000011
all	5030	1	886578	0.0000011
all	5031	1	886578	0.0000011
all	5035	1	886578	0.0000011
all	5037	1	886578	0.0000011
all	5052	1	886578	0.0000011
all	5059	1	886578	0.0000011
all	5071	1	886578	0.0000011
all	5073	1	886578	0.0000011
all	5074	1	886578	0.0000011
all	5077	1	886578	0.0000011
all	5078	1	886578	0.0000011
all	5091	1	886578	0.0000011
all	5092	1	886578	0.0000011
all	5098	1	886578	0.0000011
all	5099	2	886578	0.0000023
all	5100	1	886578	0.0000011
all	5101	1	886578	0.0000011
all	5103	1	886578	0.0000011
all	5105	1	886578	0.0000011
all	5108	1	886578	0.0000011
all	5109	1	886578	0.0000011
all	5110	2	886578	0.0000023
all	5117	1	886578	0.0000011
all	5121	1	886578	0.0000011
all	5126	4	886578	0.0000045
all	5130	1	886578	0.0000011
all	5134	1	886578	0.0000011
all	5135	1	886578	0.0000011
all	5137	1	886578	0.0000011
all	5150	1	886578	0.0000011
all	5164	1	886578	0.0000011
all	5166	1	886578	0.0000011
all	5167	1	886578	0.0000011
all	5168	1	886578	0.0000011
all	5189	1	886578	0.0000011
all	5198	1	886578	0.0000011
all	5237	1	886578	0.0000011
all	5245	1	886578	0.0000011
all	5263	1	886578	0.0000011
all	5271	1	886578	0.0000011
all	5282	1	886578	0.0000011
all	5287	2	886578	0.0000023
all	5299	1	886578	0.0000011
all	5302	1	886578	0.0000011
all	5307	1	886578	0.0000011
all	5332	1	886578	0.0000011
all	5345	1	886578	0.0000011
all	5347	1	886578	0.0000011
all	5356	1	886578	0.0000011
all	5362	1	886578	0.0000011
all	5365	1	886578	0.0000011
all	5385	1	886578	0.0000011
all	5392	1	886578	0.0000011
all	5399	1	886578	0.0000011
all	5408	1	886578	0.0000011
all	5411	1	886578	0.0000011
all	5425	1	886578	0.0000011
all	5426	2	886578	0.0000023
all	5435	1	886578	0.0000011
all	5436	1	886578	0.0000011
all	5439	1	886578	0.0000011
all	5443	1	886578	0.0000011
all	5445	1	886578	0.0000011
all	5446	1	886578	0.0000011
all	5449	1	886578	0.0000011
all	5459	1	886578	0.0000011
all	5470	1	886578	0.0000011
all	5473	1	886578	0.0000011
all	5478	1	886578	0.0000011
all	5482	1	886578	0.0000011
all	5496	1	886578	0.0000011
all	5517	1	886578	0.0000011
all	5528	1	886578	0.0000011
all	5529	1	886578	0.0000011
all	5538	1	886578	0.0000011
all	5539	1	886578	0.0000011
all	5540	1	886578	0.0000011
all	5555	1	886578	0.0000011
all	5559	1	886578	0.0000011
all	5562	1	886578	0.0000011
all	5582	1	886578	0.0000011
all	5583	1	886578	0.0000011
all	5586	1	886578	0.0000011
all	5597	1	886578	0.0000011
all	5616	1	886578	0.0000011
all	5618	1	886578	0.0000011
all	5625	2	886578	0.0000023
all	5629	2	886578	0.0000023
all	5630	1	886578	0.0000011
all	5632	1	886578	0.0000011
all	5638	1	886578	0.0000011
all	5639	1	886578	0.0000011
all	5641	1	886578	0.0000011
all	5652	1	886578	0.0000011
all	5654	1	886578	0.0000011
all	5656	1	886578	0.0000011
all	5659	1	886578	0.0000011
all	5661	1	886578	0.0000011
all	5673	1	886578	0.0000011
all	5694	1	886578	0.0000011
all	5696	1	886578	0.0000011
all	5699	1	886578	0.0000011
all	5725	1	886578	0.0000011
all	5747	1	886578	0.0000011
all	5753	1	886578	0.0000011
all	5767	1	886578	0.0000011
all	5782	1	886578	0.0000011
all	5791	1	886578	0.0000011
all	5831	1	886578	0.0000011
all	5858	1	886578	0.0000011
all	5860	1	886578	0.0000011
all	5870	1	886578	0.0000011
all	5873	1	886578	0.0000011
all	5916	1	886578	0.0000011
all	5932	1	886578	0.0000011
all	5945	1	886578	0.0000011
all	5962	1	886578	0.0000011
all	5976	1	886578	0.0000011
all	5989	1	886578	0.0000011
all	5994	1	886578	0.0000011
all	6008	1	886578	0.0000011
all	6016	1	886578	0.0000011
all	6042	1	886578	0.0000011
all	6052	1	886578	0.0000011
all	6085	1	886578	0.0000011
all	6090	1	886578	0.0000011
all	6097	1	886578	0.0000011
all	6098	1	886578	0.0000011
all	6115	1	886578	0.0000011
all	6128	1	886578	0.0000011
all	6137	1	886578	0.0000011
all	6141	1	886578	0.0000011
all	6155	1	886578	0.0000011
all	6160	1	886578	0.0000011
all	6172	1	886578	0.0000011
all	6173	1	886578	0.0000011
all	6174	2	886578	0.0000023
all	6181	2	886578	0.0000023
all	6183	1	886578	0.0000011
all	6186	1	886578	0.0000011
all	6190	1	886578	0.0000011
all	6196	1	886578	0.0000011
all	6197	1	886578	0.0000011
all	6198	1	886578	0.0000011
all	6199	1	886578	0.0000011
all	6202	1	886578	0.0000011
all	6204	1	886578	0.0000011
all	6205	1	886578	0.0000011
all	6236	1	886578	0.0000011
all	6238	1	886578	0.0000011
all	6262	1	886578	0.0000011
all	6263	1	886578	0.0000011
all	6269	1	886578	0.0000011
all	6272	1	886578	0.0000011
all	6280	2	886578	0.0000023
all	6285	1	886578	0.0000011
all	6289	1	886578	0.0000011
all	6292	1	886578	0.0000011
all	6293	1	886578	0.0000011
all	6299	1	886578	0.0000011
all	6303	1	886578	0.0000011
all	6304	1	886578	0.0000011
all	6312	1	886578	0.0000011
all	6321	2	886578	0.0000023
all	6328	1	886578	0.0000011
all	6329	1	886578	0.0000011
all	6334	1	886578	0.0000011
all	6335	1	886578	0.0000011
all	6336	2	886578	0.0000023
all	6337	1	886578	0.0000011
all	6342	2	886578	0.0000023
all	6343	2	886578	0.0000023
all	6347	1	886578	0.0000011
all	6348	1	886578	0.0000011
all	6349	1	886578	0.0000011
all	6358	1	886578	0.0000011
all	6359	1	886578	0.0000011
all	6366	1	886578	0.0000011
all	6367	2	886578	0.0000023
all	6370	1	886578	0.0000011
all	6372	1	886578	0.0000011
all	6373	1	886578	0.0000011
all	6374	1	886578	0.0000011
all	6377	1	886578	0.0000011
all	6382	1	886578	0.0000011
all	6385	1	886578	0.0000011
all	6400	1	886578	0.0000011
all	6404	1	886578	0.0000011
all	6416	1	886578	0.0000011
all	6425	1	886578	0.0000011
all	6431	1	886578	0.0000011
all	6434	1	886578	0.0000011
all	6436	1	886578	0.0000011
all	6441	1	886578	0.0000011
all	6449	1	886578	0.0000011
all	6466	1	886578	0.0000011
all	6469	1	886578	0.0000011
all	6470	2	886578	0.0000023
all	6484	1	886578	0.0000011
all	6491	1	886578	0.0000011
all	6526	1	886578	0.0000011
all	6527	1	886578	0.0000011
all	6568	1	886578	0.0000011
all	6571	1	886578	0.0000011
all	6576	1	886578	0.0000011
all	6611	1	886578	0.0000011
all	6619	1	886578	0.0000011
all	6650	1	886578	0.0000011
all	6652	1	886578	0.0000011
all	6680	1	886578	0.0000011
all	6699	1	886578	0.0000011
all	6700	1	886578	0.0000011
all	6739	1	886578	0.0000011
all	6749	1	886578	0.0000011
all	6772	1	886578	0.0000011
all	6819	1	886578	0.0000011
all	6827	1	886578	0.0000011
all	6831	1	886578	0.0000011
all	6846	1	886578	0.0000011
all	6892	1	886578	0.0000011
all	6900	1	886578	0.0000011
all	6933	1	886578	0.0000011
all	6962	1	886578	0.0000011
all	6963	1	886578	0.0000011
all	6967	1	886578	0.0000011
all	6991	1	886578	0.0000011
all	7008	1	886578	0.0000011
all	7014	1	886578	0.0000011
all	7015	1	886578	0.0000011
all	7021	1	886578	0.0000011
all	7034	1	886578	0.0000011
all	7041	1	886578	0.0000011
all	7045	1	886578	0.0000011
all	7046	1	886578	0.0000011
all	7047	1	886578	0.0000011
all	7064	1	886578	0.0000011
all	7070	1	886578	0.0000011
all	7071	1	886578	0.0000011
all	7078	1	886578	0.0000011
all	7079	1	886578	0.0000011
all	7081	1	886578	0.0000011
all	7085	1	886578	0.0000011
all	7096	1	886578	0.0000011
all	7097	1	886578	0.0000011
all	7107	1	886578	0.0000011
all	7109	1	886578	0.0000011
all	7115	1	886578	0.0000011
all	7121	1	886578	0.0000011
all	7136	1	886578	0.0000011
all	7147	1	886578	0.0000011
all	7151	1	886578	0.0000011
all	7152	1	886578	0.0000011
all	7167	1	886578	0.0000011
all	7174	1	886578	0.0000011
all	7180	1	886578	0.0000011
all	7184	1	886578	0.0000011
all	7239	1	886578	0.0000011
all	7364	1	886578	0.0000011
all	7554	1	886578	0.0000011
all	7656	1	886578	0.0000011
all	7830	1	886578	0.0000011
all	7901	1	886578	0.0000011
all	8049	1	886578	0.0000011
all	8199	1	886578	0.0000011
all	8279	1	886578	0.0000011
all	8367	1	886578	0.0000011
all	8461	1	886578	0.0000011
all	8561	1	886578	0.0000011
all	8629	1	886578	0.0000011
all	8715	1	886578	0.0000011
all	8807	1	886578	0.0000011
all	8895	1	886578	0.0000011
all	9023	1	886578	0.0000011
all	9125	1	886578	0.0000011
all	9234	1	886578	0.0000011
all	9295	1	886578	0.0000011
all	9328	1	886578	0.0000011
all	9464	1	886578	0.0000011
all	9620	1	886578	0.0000011
all	9680	1	886578	0.0000011
all	9762	1	886578	0.0000011
all	9792	1	886578	0.0000011
all	9853	1	886578	0.0000011
all	9966	1	886578	0.0000011
all	10060	1	886578	0.0000011
all	10143	1	886578	0.0000011
all	10259	1	886578	0.0000011
all	10351	1	886578	0.0000011
all	10529	1	886578	0.0000011
all	10601	1	886578	0.0000011
all	10654	1	886578	0.0000011
all	10657	1	886578	0.0000011
all	10724	1	886578	0.0000011
all	10801	1	886578	0.0000011
all	10834	1	886578	0.0000011
all	10874	1	886578	0.0000011
all	10898	1	886578	0.0000011
all	10934	1	886578	0.0000011
all	10989	1	886578	0.0000011
all	11033	1	886578	0.0000011
all	11057	1	886578	0.0000011
all	11090	1	886578	0.0000011
all	11141	1	886578	0.0000011
all	11155	1	886578	0.0000011
all	11196	1	886578	0.0000011
all	11200	1	886578	0.0000011
all	11248	1	886578	0.0000011
all	11251	1	886578	0.0000011
all	11254	1	886578	0.0000011
all	11299	1	886578	0.0000011
all	11327	1	886578	0.0000011
all	11336	1	886578	0.0000011
all	11361	2	886578	0.0000023
all	11404	1	886578	0.0000011
all	11453	1	886578	0.0000011
all	11469	1	886578	0.0000011
all	11545	1	886578	0.0000011
all	11561	1	886578	0.0000011
all	11588	1	886578	0.0000011
all	11644	1	886578	0.0000011
all	11658	1	886578	0.0000011
all	11679	1	886578	0.0000011
all	11684	1	886578	0.0000011
all	11710	1	886578	0.0000011
all	11741	1	886578	0.0000011
all	11744	1	886578	0.0000011
all	11755	1	886578	0.0000011
all	11796	1	886578	0.0000011
all	11805	1	886578	0.0000011
all	11815	1	886578	0.0000011
all	11855	1	886578	0.0000011
all	11873	1	886578	0.0000011
all	11960	1	886578	0.0000011
all	11965	1	886578	0.0000011
all	11998	1	886578	0.0000011
all	12000	1	886578	0.0000011
all	12031	1	886578	0.0000011
all	12040	1	886578	0.0000011
all	12083	1	886578	0.0000011
all	12096	1	886578	0.0000011
all	12112	1	886578	0.0000011
all	12114	1	886578	0.0000011
all	12126	1	886578	0.0000011
all	12131	1	886578	0.0000011
all	12163	1	886578	0.0000011
all	12190	1	886578	0.0000011
all	12201	1	886578	0.0000011
all	12230	1	886578	0.0000011
all	12243	1	886578	0.0000011
all	12246	1	886578	0.0000011
all	12251	1	886578	0.0000011
all	12274	1	886578	0.0000011
all	12281	1	886578	0.0000011
all	12283	1	886578	0.0000011
all	12289	1	886578	0.0000011
all	12290	1	886578	0.0000011
all	12320	1	886578	0.0000011
all	12323	1	886578	0.0000011
all	12325	1	886578	0.0000011
all	12339	1	886578	0.0000011
all	12340	1	886578	0.0000011
all	12351	1	886578	0.0000011
all	12356	1	886578	0.0000011
all	12369	1	886578	0.0000011
all	12373	1	886578	0.0000011
