all	0	73147	886578	0.0825049
all	1	5475	886578	0.0061754
all	2	73448	886578	0.0828444
all	3	9970	886578	0.0112455
all	4	77545	886578	0.0874655
all	5	12421	886578	0.0140100
all	6	68988	886578	0.0778138
all	7	12972	886578	0.0146315
all	8	64542	886578	0.0727990
all	9	14670	886578	0.0165468
all	10	56150	886578	0.0633334
all	11	14407	886578	0.0162501
all	12	46518	886578	0.0524692
all	13	12910	886578	0.0145616
all	14	40074	886578	0.0452008
all	15	12842	886578	0.0144849
all	16	33282	886578	0.0375398
all	17	12019	886578	0.0135566
all	18	26501	886578	0.0298913
all	19	10117	886578	0.0114113
all	20	21890	886578	0.0246904
all	21	8724	886578	0.0098401
all	22	17427	886578	0.0196565
all	23	7227	886578	0.0081516
all	24	13539	886578	0.0152711
all	25	6731	886578	0.0075921
all	26	11105	886578	0.0125257
all	27	5488	886578	0.0061901
all	28	9080	886578	0.0102416
all	29	4728	886578	0.0053329
all	30	7586	886578	0.0085565
all	31	4332	886578	0.0048862
all	32	5869	886578	0.0066198
all	33	3369	886578	0.0038000
all	34	5219	886578	0.0058867
all	35	2643	886578	0.0029811
all	36	3893	886578	0.0043910
all	37	2424	886578	0.0027341
all	38	2943	886578	0.0033195
all	39	2180	886578	0.0024589
all	40	2790	886578	0.0031469
all	41	1897	886578	0.0021397
all	42	2259	886578	0.0025480
all	43	1351	886578	0.0015238
all	44	1855	886578	0.0020923
all	45	1294	886578	0.0014595
all	46	1560	886578	0.0017596
all	47	1118	886578	0.0012610
all	48	1381	886578	0.0015577
all	49	777	886578	0.0008764
all	50	1161	886578	0.0013095
all	51	923	886578	0.0010411
all	52	822	886578	0.0009272
all	53	556	886578	0.0006271
all	54	750	886578	0.0008459
all	55	610	886578	0.0006880
all	56	626	886578	0.0007061
all	57	464	886578	0.0005234
all	58	1058	886578	0.0011934
all	59	603	886578	0.0006801
all	60	642	886578	0.0007241
all	61	376	886578	0.0004241
all	62	573	886578	0.0006463
all	63	414	886578	0.0004670
all	64	553	886578	0.0006237
all	65	298	886578	0.0003361
all	66	484	886578	0.0005459
all	67	306	886578	0.0003451
all	68	365	886578	0.0004117
all	69	291	886578	0.0003282
all	70	337	886578	0.0003801
all	71	244	886578	0.0002752
all	72	267	886578	0.0003012
all	73	272	886578	0.0003068
all	74	256	886578	0.0002888
all	75	216	886578	0.0002436
all	76	260	886578	0.0002933
all	77	252	886578	0.0002842
all	78	255	886578	0.0002876
all	79	256	886578	0.0002888
all	80	237	886578	0.0002673
all	81	255	886578	0.0002876
all	82	231	886578	0.0002606
all	83	276	886578	0.0003113
all	84	251	886578	0.0002831
all	85	198	886578	0.0002233
all	86	169	886578	0.0001906
all	87	246	886578	0.0002775
all	88	160	886578	0.0001805
all	89	177	886578	0.0001996
all	90	144	886578	0.0001624
all	91	191	886578	0.0002154
all	92	173	886578	0.0001951
all	93	164	886578	0.0001850
all	94	165	886578	0.0001861
all	95	222	886578	0.0002504
all	96	106	886578	0.0001196
all	97	170	886578	0.0001917
all	98	100	886578	0.0001128
all	99	162	886578	0.0001827
all	100	75	886578	0.0000846
all	101	160	886578	0.0001805
all	102	126	886578	0.0001421
all	103	111	886578	0.0001252
all	104	130	886578	0.0001466
all	105	125	886578	0.0001410
all	106	153	886578	0.0001726
all	107	130	886578	0.0001466
all	108	124	886578	0.0001399
all	109	104	886578	0.0001173
all	110	141	886578	0.0001590
all	111	113	886578	0.0001275
all	112	105	886578	0.0001184
all	113	120	886578	0.0001354
all	114	149	886578	0.0001681
all	115	127	886578	0.0001432
all	116	76	886578	0.0000857
all	117	83	886578	0.0000936
all	118	112	886578	0.0001263
all	119	83	886578	0.0000936
all	120	131	886578	0.0001478
all	121	89	886578	0.0001004
all	122	130	886578	0.0001466
all	123	78	886578	0.0000880
all	124	95	886578	0.0001072
all	125	84	886578	0.0000947
all	126	106	886578	0.0001196
all	127	58	886578	0.0000654
all	128	93	886578	0.0001049
all	129	98	886578	0.0001105
all	130	105	886578	0.0001184
all	131	63	886578	0.0000711
all	132	110	886578	0.0001241
all	133	89	886578	0.0001004
all	134	98	886578	0.0001105
all	135	96	886578	0.0001083
all	136	76	886578	0.0000857
all	137	100	886578	0.0001128
all	138	65	886578	0.0000733
all	139	108	886578	0.0001218
all	140	107	886578	0.0001207
all	141	87	886578	0.0000981
all	142	113	886578	0.0001275
all	143	103	886578	0.0001162
all	144	104	886578	0.0001173
all	145	65	886578	0.0000733
all	146	124	886578	0.0001399
all	147	126	886578	0.0001421
all	148	111	886578	0.0001252
all	149	98	886578	0.0001105
all	150	94	886578	0.0001060
all	151	83	886578	0.0000936
all	152	112	886578	0.0001263
all	153	106	886578	0.0001196
all	154	72	886578	0.0000812
all	155	103	886578	0.0001162
all	156	81	886578	0.0000914
all	157	92	886578	0.0001038
all	158	82	886578	0.0000925
all	159	79	886578	0.0000891
all	160	85	886578	0.0000959
all	161	92	886578	0.0001038
all	162	67	886578	0.0000756
all	163	78	886578	0.0000880
all	164	54	886578	0.0000609
all	165	91	886578	0.0001026
all	166	95	886578	0.0001072
all	167	72	886578	0.0000812
all	168	84	886578	0.0000947
all	169	50	886578	0.0000564
all	170	63	886578	0.0000711
all	171	64	886578	0.0000722
all	172	78	886578	0.0000880
all	173	60	886578	0.0000677
all	174	47	886578	0.0000530
all	175	63	886578	0.0000711
all	176	77	886578	0.0000869
all	177	49	886578	0.0000553
all	178	50	886578	0.0000564
all	179	35	886578	0.0000395
all	180	51	886578	0.0000575
all	181	37	886578	0.0000417
all	182	61	886578	0.0000688
all	183	58	886578	0.0000654
all	184	62	886578	0.0000699
all	185	54	886578	0.0000609
all	186	58	886578	0.0000654
all	187	60	886578	0.0000677
all	188	38	886578	0.0000429
all	189	45	886578	0.0000508
all	190	47	886578	0.0000530
all	191	47	886578	0.0000530
all	192	63	886578	0.0000711
all	193	34	886578	0.0000383
all	194	50	886578	0.0000564
all	195	25	886578	0.0000282
all	196	48	886578	0.0000541
all	197	51	886578	0.0000575
all	198	49	886578	0.0000553
all	199	31	886578	0.0000350
all	200	44	886578	0.0000496
all	201	31	886578	0.0000350
all	202	38	886578	0.0000429
all	203	18	886578	0.0000203
all	204	56	886578	0.0000632
all	205	43	886578	0.0000485
all	206	54	886578	0.0000609
all	207	28	886578	0.0000316
all	208	48	886578	0.0000541
all	209	43	886578	0.0000485
all	210	70	886578	0.0000790
all	211	40	886578	0.0000451
all	212	50	886578	0.0000564
all	213	43	886578	0.0000485
all	214	33	886578	0.0000372
all	215	30	886578	0.0000338
all	216	36	886578	0.0000406
all	217	17	886578	0.0000192
all	218	19	886578	0.0000214
all	219	36	886578	0.0000406
all	220	40	886578	0.0000451
all	221	19	886578	0.0000214
all	222	24	886578	0.0000271
all	223	26	886578	0.0000293
all	224	23	886578	0.0000259
all	225	30	886578	0.0000338
all	226	47	886578	0.0000530
all	227	31	886578	0.0000350
all	228	42	886578	0.0000474
all	229	30	886578	0.0000338
all	230	36	886578	0.0000406
all	231	19	886578	0.0000214
all	232	36	886578	0.0000406
all	233	24	886578	0.0000271
all	234	35	886578	0.0000395
all	235	33	886578	0.0000372
all	236	19	886578	0.0000214
all	237	21	886578	0.0000237
all	238	43	886578	0.0000485
all	239	30	886578	0.0000338
all	240	46	886578	0.0000519
all	241	21	886578	0.0000237
all	242	36	886578	0.0000406
all	243	27	886578	0.0000305
all	244	19	886578	0.0000214
all	245	26	886578	0.0000293
all	246	20	886578	0.0000226
all	247	29	886578	0.0000327
all	248	30	886578	0.0000338
all	249	13	886578	0.0000147
all	250	35	886578	0.0000395
all	251	31	886578	0.0000350
all	252	13	886578	0.0000147
all	253	24	886578	0.0000271
all	254	19	886578	0.0000214
all	255	22	886578	0.0000248
all	256	17	886578	0.0000192
all	257	24	886578	0.0000271
all	258	17	886578	0.0000192
all	259	14	886578	0.0000158
all	260	16	886578	0.0000180
all	261	17	886578	0.0000192
all	262	13	886578	0.0000147
all	263	27	886578	0.0000305
all	264	21	886578	0.0000237
all	265	36	886578	0.0000406
all	266	19	886578	0.0000214
all	267	36	886578	0.0000406
all	268	25	886578	0.0000282
all	269	19	886578	0.0000214
all	270	11	886578	0.0000124
all	271	25	886578	0.0000282
all	272	17	886578	0.0000192
all	273	28	886578	0.0000316
all	274	24	886578	0.0000271
all	275	24	886578	0.0000271
all	276	37	886578	0.0000417
all	277	28	886578	0.0000316
all	278	31	886578	0.0000350
all	279	22	886578	0.0000248
all	280	35	886578	0.0000395
all	281	27	886578	0.0000305
all	282	15	886578	0.0000169
all	283	29	886578	0.0000327
all	284	16	886578	0.0000180
all	285	9	886578	0.0000102
all	286	16	886578	0.0000180
all	287	17	886578	0.0000192
all	288	11	886578	0.0000124
all	289	12	886578	0.0000135
all	290	21	886578	0.0000237
all	291	23	886578	0.0000259
all	292	14	886578	0.0000158
all	293	11	886578	0.0000124
all	294	26	886578	0.0000293
all	295	17	886578	0.0000192
all	296	12	886578	0.0000135
all	297	20	886578	0.0000226
all	298	27	886578	0.0000305
all	299	25	886578	0.0000282
all	300	19	886578	0.0000214
all	301	25	886578	0.0000282
all	302	17	886578	0.0000192
all	303	13	886578	0.0000147
all	304	28	886578	0.0000316
all	305	17	886578	0.0000192
all	306	15	886578	0.0000169
all	307	23	886578	0.0000259
all	308	20	886578	0.0000226
all	309	19	886578	0.0000214
all	310	25	886578	0.0000282
all	311	13	886578	0.0000147
all	312	16	886578	0.0000180
all	313	19	886578	0.0000214
all	314	21	886578	0.0000237
all	315	20	886578	0.0000226
all	316	22	886578	0.0000248
all	317	18	886578	0.0000203
all	318	23	886578	0.0000259
all	319	19	886578	0.0000214
all	320	18	886578	0.0000203
all	321	13	886578	0.0000147
all	322	28	886578	0.0000316
all	323	12	886578	0.0000135
all	324	23	886578	0.0000259
all	325	14	886578	0.0000158
all	326	26	886578	0.0000293
all	327	9	886578	0.0000102
all	328	8	886578	0.0000090
all	329	28	886578	0.0000316
all	330	16	886578	0.0000180
all	331	22	886578	0.0000248
all	332	20	886578	0.0000226
all	333	28	886578	0.0000316
all	334	9	886578	0.0000102
all	335	42	886578	0.0000474
all	336	19	886578	0.0000214
all	337	28	886578	0.0000316
all	338	37	886578	0.0000417
all	339	22	886578	0.0000248
all	340	20	886578	0.0000226
all	341	29	886578	0.0000327
all	342	25	886578	0.0000282
all	343	42	886578	0.0000474
all	344	46	886578	0.0000519
all	345	23	886578	0.0000259
all	346	48	886578	0.0000541
all	347	20	886578	0.0000226
all	348	24	886578	0.0000271
all	349	32	886578	0.0000361
all	350	19	886578	0.0000214
all	351	28	886578	0.0000316
all	352	11	886578	0.0000124
all	353	21	886578	0.0000237
all	354	16	886578	0.0000180
all	355	17	886578	0.0000192
all	356	24	886578	0.0000271
all	357	13	886578	0.0000147
all	358	20	886578	0.0000226
all	359	21	886578	0.0000237
all	360	15	886578	0.0000169
all	361	21	886578	0.0000237
all	362	31	886578	0.0000350
all	363	22	886578	0.0000248
all	364	18	886578	0.0000203
all	365	34	886578	0.0000383
all	366	24	886578	0.0000271
all	367	34	886578	0.0000383
all	368	28	886578	0.0000316
all	369	13	886578	0.0000147
all	370	11	886578	0.0000124
all	371	16	886578	0.0000180
all	372	36	886578	0.0000406
all	373	31	886578	0.0000350
all	374	25	886578	0.0000282
all	375	13	886578	0.0000147
all	376	40	886578	0.0000451
all	377	27	886578	0.0000305
all	378	23	886578	0.0000259
all	379	20	886578	0.0000226
all	380	27	886578	0.0000305
all	381	16	886578	0.0000180
all	382	23	886578	0.0000259
all	383	15	886578	0.0000169
all	384	25	886578	0.0000282
all	385	14	886578	0.0000158
all	386	10	886578	0.0000113
all	387	32	886578	0.0000361
all	388	27	886578	0.0000305
all	389	28	886578	0.0000316
all	390	22	886578	0.0000248
all	391	19	886578	0.0000214
all	392	21	886578	0.0000237
all	393	10	886578	0.0000113
all	394	26	886578	0.0000293
all	395	12	886578	0.0000135
all	396	23	886578	0.0000259
all	397	21	886578	0.0000237
all	398	16	886578	0.0000180
all	399	20	886578	0.0000226
all	400	18	886578	0.0000203
all	401	11	886578	0.0000124
all	402	25	886578	0.0000282
all	403	16	886578	0.0000180
all	404	12	886578	0.0000135
all	405	22	886578	0.0000248
all	406	30	886578	0.0000338
all	407	15	886578	0.0000169
all	408	28	886578	0.0000316
all	409	11	886578	0.0000124
all	410	17	886578	0.0000192
all	411	9	886578	0.0000102
all	412	28	886578	0.0000316
all	413	20	886578	0.0000226
all	414	9	886578	0.0000102
all	415	15	886578	0.0000169
all	416	7	886578	0.0000079
all	417	8	886578	0.0000090
all	418	11	886578	0.0000124
all	419	10	886578	0.0000113
all	420	18	886578	0.0000203
all	421	12	886578	0.0000135
all	422	16	886578	0.0000180
all	423	16	886578	0.0000180
all	424	12	886578	0.0000135
all	425	14	886578	0.0000158
all	426	19	886578	0.0000214
all	427	20	886578	0.0000226
all	428	18	886578	0.0000203
all	429	16	886578	0.0000180
all	430	15	886578	0.0000169
all	431	9	886578	0.0000102
all	432	17	886578	0.0000192
all	433	19	886578	0.0000214
all	434	21	886578	0.0000237
all	435	11	886578	0.0000124
all	436	17	886578	0.0000192
all	437	15	886578	0.0000169
all	438	17	886578	0.0000192
all	439	9	886578	0.0000102
all	440	13	886578	0.0000147
all	441	13	886578	0.0000147
all	442	19	886578	0.0000214
all	443	7	886578	0.0000079
all	444	10	886578	0.0000113
all	445	12	886578	0.0000135
all	446	13	886578	0.0000147
all	447	14	886578	0.0000158
all	448	13	886578	0.0000147
all	449	9	886578	0.0000102
all	450	12	886578	0.0000135
all	451	28	886578	0.0000316
all	452	11	886578	0.0000124
all	453	11	886578	0.0000124
all	454	8	886578	0.0000090
all	455	24	886578	0.0000271
all	456	12	886578	0.0000135
all	457	21	886578	0.0000237
all	458	14	886578	0.0000158
all	459	14	886578	0.0000158
all	460	8	886578	0.0000090
all	461	12	886578	0.0000135
all	462	21	886578	0.0000237
all	463	14	886578	0.0000158
all	464	10	886578	0.0000113
all	465	10	886578	0.0000113
all	466	11	886578	0.0000124
all	467	21	886578	0.0000237
all	468	14	886578	0.0000158
all	469	6	886578	0.0000068
all	470	18	886578	0.0000203
all	471	9	886578	0.0000102
all	472	23	886578	0.0000259
all	473	10	886578	0.0000113
all	474	17	886578	0.0000192
all	475	10	886578	0.0000113
all	476	9	886578	0.0000102
all	477	13	886578	0.0000147
all	478	7	886578	0.0000079
all	479	11	886578	0.0000124
all	480	10	886578	0.0000113
all	481	12	886578	0.0000135
all	482	16	886578	0.0000180
all	483	25	886578	0.0000282
all	484	6	886578	0.0000068
all	485	27	886578	0.0000305
all	486	14	886578	0.0000158
all	487	16	886578	0.0000180
all	488	10	886578	0.0000113
all	489	19	886578	0.0000214
all	490	8	886578	0.0000090
all	491	20	886578	0.0000226
all	492	11	886578	0.0000124
all	493	9	886578	0.0000102
all	494	10	886578	0.0000113
all	495	10	886578	0.0000113
all	496	7	886578	0.0000079
all	497	15	886578	0.0000169
all	498	10	886578	0.0000113
all	499	16	886578	0.0000180
all	500	10	886578	0.0000113
all	501	10	886578	0.0000113
all	502	6	886578	0.0000068
all	503	22	886578	0.0000248
all	504	14	886578	0.0000158
all	505	7	886578	0.0000079
all	506	8	886578	0.0000090
all	507	26	886578	0.0000293
all	508	20	886578	0.0000226
all	509	40	886578	0.0000451
all	510	6	886578	0.0000068
all	511	13	886578	0.0000147
all	512	8	886578	0.0000090
all	513	11	886578	0.0000124
all	514	6	886578	0.0000068
all	515	16	886578	0.0000180
all	516	7	886578	0.0000079
all	517	5	886578	0.0000056
all	518	8	886578	0.0000090
all	519	22	886578	0.0000248
all	520	16	886578	0.0000180
all	521	13	886578	0.0000147
all	522	8	886578	0.0000090
all	523	12	886578	0.0000135
all	524	7	886578	0.0000079
all	525	13	886578	0.0000147
all	526	18	886578	0.0000203
all	527	16	886578	0.0000180
all	528	15	886578	0.0000169
all	529	16	886578	0.0000180
all	530	20	886578	0.0000226
all	531	22	886578	0.0000248
all	532	6	886578	0.0000068
all	533	14	886578	0.0000158
all	534	14	886578	0.0000158
all	535	10	886578	0.0000113
all	536	9	886578	0.0000102
all	537	12	886578	0.0000135
all	538	12	886578	0.0000135
all	539	15	886578	0.0000169
all	540	9	886578	0.0000102
all	541	15	886578	0.0000169
all	542	5	886578	0.0000056
all	543	7	886578	0.0000079
all	544	17	886578	0.0000192
all	545	9	886578	0.0000102
all	546	19	886578	0.0000214
all	547	8	886578	0.0000090
all	548	6	886578	0.0000068
all	549	12	886578	0.0000135
all	550	10	886578	0.0000113
all	551	10	886578	0.0000113
all	552	21	886578	0.0000237
all	553	7	886578	0.0000079
all	554	10	886578	0.0000113
all	555	9	886578	0.0000102
all	556	8	886578	0.0000090
all	557	12	886578	0.0000135
all	558	5	886578	0.0000056
all	559	3	886578	0.0000034
all	560	17	886578	0.0000192
all	561	15	886578	0.0000169
all	562	12	886578	0.0000135
all	563	11	886578	0.0000124
all	564	9	886578	0.0000102
all	565	9	886578	0.0000102
all	566	7	886578	0.0000079
all	567	10	886578	0.0000113
all	568	11	886578	0.0000124
all	569	12	886578	0.0000135
all	570	7	886578	0.0000079
all	571	6	886578	0.0000068
all	572	10	886578	0.0000113
all	573	9	886578	0.0000102
all	574	11	886578	0.0000124
all	575	10	886578	0.0000113
all	576	7	886578	0.0000079
all	577	12	886578	0.0000135
all	578	14	886578	0.0000158
all	579	11	886578	0.0000124
all	580	14	886578	0.0000158
all	581	10	886578	0.0000113
all	582	6	886578	0.0000068
all	583	10	886578	0.0000113
all	584	6	886578	0.0000068
all	585	11	886578	0.0000124
all	586	18	886578	0.0000203
all	587	5	886578	0.0000056
all	588	13	886578	0.0000147
all	589	4	886578	0.0000045
all	590	11	886578	0.0000124
all	591	8	886578	0.0000090
all	592	15	886578	0.0000169
all	593	10	886578	0.0000113
all	594	15	886578	0.0000169
all	595	9	886578	0.0000102
all	596	17	886578	0.0000192
all	597	9	886578	0.0000102
all	598	7	886578	0.0000079
all	599	12	886578	0.0000135
all	600	12	886578	0.0000135
all	601	11	886578	0.0000124
all	602	16	886578	0.0000180
all	603	7	886578	0.0000079
all	604	12	886578	0.0000135
all	605	7	886578	0.0000079
all	606	15	886578	0.0000169
all	607	17	886578	0.0000192
all	608	8	886578	0.0000090
all	609	6	886578	0.0000068
all	610	13	886578	0.0000147
all	611	18	886578	0.0000203
all	612	16	886578	0.0000180
all	613	9	886578	0.0000102
all	614	7	886578	0.0000079
all	615	11	886578	0.0000124
all	616	8	886578	0.0000090
all	617	13	886578	0.0000147
all	618	9	886578	0.0000102
all	619	12	886578	0.0000135
all	620	18	886578	0.0000203
all	621	11	886578	0.0000124
all	622	20	886578	0.0000226
all	623	8	886578	0.0000090
all	624	8	886578	0.0000090
all	625	12	886578	0.0000135
all	626	8	886578	0.0000090
all	627	11	886578	0.0000124
all	628	10	886578	0.0000113
all	629	11	886578	0.0000124
all	630	12	886578	0.0000135
all	631	10	886578	0.0000113
all	632	15	886578	0.0000169
all	633	12	886578	0.0000135
all	634	10	886578	0.0000113
all	635	7	886578	0.0000079
all	636	10	886578	0.0000113
all	637	12	886578	0.0000135
all	638	8	886578	0.0000090
all	639	15	886578	0.0000169
all	640	11	886578	0.0000124
all	641	13	886578	0.0000147
all	642	8	886578	0.0000090
all	643	11	886578	0.0000124
all	644	15	886578	0.0000169
all	645	12	886578	0.0000135
all	646	11	886578	0.0000124
all	647	11	886578	0.0000124
all	648	19	886578	0.0000214
all	649	9	886578	0.0000102
all	650	11	886578	0.0000124
all	651	15	886578	0.0000169
all	652	15	886578	0.0000169
all	653	23	886578	0.0000259
all	654	15	886578	0.0000169
all	655	22	886578	0.0000248
all	656	6	886578	0.0000068
all	657	15	886578	0.0000169
all	658	12	886578	0.0000135
all	659	9	886578	0.0000102
all	660	22	886578	0.0000248
all	661	21	886578	0.0000237
all	662	13	886578	0.0000147
all	663	10	886578	0.0000113
all	664	15	886578	0.0000169
all	665	18	886578	0.0000203
all	666	11	886578	0.0000124
all	667	8	886578	0.0000090
all	668	9	886578	0.0000102
all	669	10	886578	0.0000113
all	670	8	886578	0.0000090
all	671	9	886578	0.0000102
all	672	12	886578	0.0000135
all	673	9	886578	0.0000102
all	674	10	886578	0.0000113
all	675	6	886578	0.0000068
all	676	11	886578	0.0000124
all	677	12	886578	0.0000135
all	678	7	886578	0.0000079
all	679	9	886578	0.0000102
all	680	17	886578	0.0000192
all	681	12	886578	0.0000135
all	682	14	886578	0.0000158
all	683	10	886578	0.0000113
all	684	14	886578	0.0000158
all	685	14	886578	0.0000158
all	686	11	886578	0.0000124
all	687	6	886578	0.0000068
all	688	9	886578	0.0000102
all	689	11	886578	0.0000124
all	690	10	886578	0.0000113
all	691	8	886578	0.0000090
all	692	9	886578	0.0000102
all	693	14	886578	0.0000158
all	694	10	886578	0.0000113
all	695	8	886578	0.0000090
all	696	16	886578	0.0000180
all	697	7	886578	0.0000079
all	698	16	886578	0.0000180
all	699	2	886578	0.0000023
all	700	11	886578	0.0000124
all	701	14	886578	0.0000158
all	702	15	886578	0.0000169
all	703	8	886578	0.0000090
all	704	7	886578	0.0000079
all	705	3	886578	0.0000034
all	706	8	886578	0.0000090
all	707	8	886578	0.0000090
all	708	12	886578	0.0000135
all	709	17	886578	0.0000192
all	710	3	886578	0.0000034
all	711	10	886578	0.0000113
all	712	14	886578	0.0000158
all	713	20	886578	0.0000226
all	714	15	886578	0.0000169
all	715	21	886578	0.0000237
all	716	14	886578	0.0000158
all	717	25	886578	0.0000282
all	718	10	886578	0.0000113
all	719	11	886578	0.0000124
all	720	6	886578	0.0000068
all	721	12	886578	0.0000135
all	722	6	886578	0.0000068
all	723	7	886578	0.0000079
all	724	17	886578	0.0000192
all	725	12	886578	0.0000135
all	726	7	886578	0.0000079
all	727	7	886578	0.0000079
all	728	9	886578	0.0000102
all	729	4	886578	0.0000045
all	730	8	886578	0.0000090
all	731	6	886578	0.0000068
all	732	6	886578	0.0000068
all	733	8	886578	0.0000090
all	734	4	886578	0.0000045
all	735	6	886578	0.0000068
all	736	10	886578	0.0000113
all	737	1	886578	0.0000011
all	738	5	886578	0.0000056
all	739	3	886578	0.0000034
all	740	16	886578	0.0000180
all	741	3	886578	0.0000034
all	742	14	886578	0.0000158
all	743	6	886578	0.0000068
all	744	4	886578	0.0000045
all	745	12	886578	0.0000135
all	746	13	886578	0.0000147
all	747	6	886578	0.0000068
all	748	13	886578	0.0000147
all	749	7	886578	0.0000079
all	750	4	886578	0.0000045
all	751	6	886578	0.0000068
all	752	9	886578	0.0000102
all	753	8	886578	0.0000090
all	754	9	886578	0.0000102
all	755	6	886578	0.0000068
all	756	9	886578	0.0000102
all	757	8	886578	0.0000090
all	758	6	886578	0.0000068
all	759	12	886578	0.0000135
all	760	6	886578	0.0000068
all	761	8	886578	0.0000090
all	762	10	886578	0.0000113
all	763	4	886578	0.0000045
all	764	11	886578	0.0000124
all	765	5	886578	0.0000056
all	766	6	886578	0.0000068
all	767	8	886578	0.0000090
all	768	8	886578	0.0000090
all	769	5	886578	0.0000056
all	770	4	886578	0.0000045
all	771	6	886578	0.0000068
all	772	4	886578	0.0000045
all	773	6	886578	0.0000068
all	774	5	886578	0.0000056
all	775	5	886578	0.0000056
all	776	9	886578	0.0000102
all	777	9	886578	0.0000102
all	778	8	886578	0.0000090
all	779	10	886578	0.0000113
all	780	5	886578	0.0000056
all	781	8	886578	0.0000090
all	782	8	886578	0.0000090
all	783	8	886578	0.0000090
all	784	7	886578	0.0000079
all	785	11	886578	0.0000124
all	786	10	886578	0.0000113
all	787	11	886578	0.0000124
all	788	4	886578	0.0000045
all	789	10	886578	0.0000113
all	790	4	886578	0.0000045
all	791	15	886578	0.0000169
all	792	10	886578	0.0000113
all	793	14	886578	0.0000158
all	794	7	886578	0.0000079
all	795	14	886578	0.0000158
all	796	7	886578	0.0000079
all	797	9	886578	0.0000102
all	798	6	886578	0.0000068
all	799	11	886578	0.0000124
all	800	6	886578	0.0000068
all	801	9	886578	0.0000102
all	802	5	886578	0.0000056
all	803	9	886578	0.0000102
all	804	14	886578	0.0000158
all	805	5	886578	0.0000056
all	806	5	886578	0.0000056
all	807	4	886578	0.0000045
all	808	5	886578	0.0000056
all	809	9	886578	0.0000102
all	810	9	886578	0.0000102
all	811	6	886578	0.0000068
all	812	10	886578	0.0000113
all	813	5	886578	0.0000056
all	814	10	886578	0.0000113
all	815	10	886578	0.0000113
all	816	3	886578	0.0000034
all	817	6	886578	0.0000068
all	818	5	886578	0.0000056
all	819	10	886578	0.0000113
all	820	6	886578	0.0000068
all	821	9	886578	0.0000102
all	822	6	886578	0.0000068
all	823	3	886578	0.0000034
all	824	9	886578	0.0000102
all	825	14	886578	0.0000158
all	826	8	886578	0.0000090
all	827	8	886578	0.0000090
all	828	12	886578	0.0000135
all	829	6	886578	0.0000068
all	830	4	886578	0.0000045
all	831	10	886578	0.0000113
all	832	10	886578	0.0000113
all	833	7	886578	0.0000079
all	834	8	886578	0.0000090
all	835	5	886578	0.0000056
all	836	6	886578	0.0000068
all	837	4	886578	0.0000045
all	838	10	886578	0.0000113
all	839	12	886578	0.0000135
all	840	5	886578	0.0000056
all	841	8	886578	0.0000090
all	842	10	886578	0.0000113
all	843	7	886578	0.0000079
all	844	3	886578	0.0000034
all	845	5	886578	0.0000056
all	846	3	886578	0.0000034
all	847	9	886578	0.0000102
all	848	6	886578	0.0000068
all	849	7	886578	0.0000079
all	850	4	886578	0.0000045
all	851	9	886578	0.0000102
all	852	7	886578	0.0000079
all	853	7	886578	0.0000079
all	854	8	886578	0.0000090
all	855	11	886578	0.0000124
all	856	12	886578	0.0000135
all	857	2	886578	0.0000023
all	858	5	886578	0.0000056
all	859	2	886578	0.0000023
all	860	9	886578	0.0000102
all	861	7	886578	0.0000079
all	862	5	886578	0.0000056
all	863	4	886578	0.0000045
all	864	6	886578	0.0000068
all	865	6	886578	0.0000068
all	866	2	886578	0.0000023
all	867	6	886578	0.0000068
all	868	9	886578	0.0000102
all	869	10	886578	0.0000113
all	870	7	886578	0.0000079
all	871	5	886578	0.0000056
all	872	9	886578	0.0000102
all	873	7	886578	0.0000079
all	874	4	886578	0.0000045
all	875	13	886578	0.0000147
all	876	12	886578	0.0000135
all	877	11	886578	0.0000124
all	878	10	886578	0.0000113
all	879	13	886578	0.0000147
all	880	6	886578	0.0000068
all	881	3	886578	0.0000034
all	882	5	886578	0.0000056
all	883	7	886578	0.0000079
all	884	8	886578	0.0000090
all	885	7	886578	0.0000079
all	886	4	886578	0.0000045
all	887	13	886578	0.0000147
all	888	6	886578	0.0000068
all	889	4	886578	0.0000045
all	890	10	886578	0.0000113
all	891	2	886578	0.0000023
all	892	5	886578	0.0000056
all	893	6	886578	0.0000068
all	894	3	886578	0.0000034
all	895	3	886578	0.0000034
all	896	8	886578	0.0000090
all	897	5	886578	0.0000056
all	898	5	886578	0.0000056
all	899	8	886578	0.0000090
all	900	6	886578	0.0000068
all	901	13	886578	0.0000147
all	902	5	886578	0.0000056
all	903	3	886578	0.0000034
all	904	9	886578	0.0000102
all	905	5	886578	0.0000056
all	906	9	886578	0.0000102
all	907	7	886578	0.0000079
all	908	8	886578	0.0000090
all	909	7	886578	0.0000079
all	910	5	886578	0.0000056
all	911	5	886578	0.0000056
all	912	5	886578	0.0000056
all	913	9	886578	0.0000102
all	914	8	886578	0.0000090
all	915	8	886578	0.0000090
all	916	5	886578	0.0000056
all	917	5	886578	0.0000056
all	918	5	886578	0.0000056
all	919	6	886578	0.0000068
all	920	9	886578	0.0000102
all	921	9	886578	0.0000102
all	922	6	886578	0.0000068
all	923	8	886578	0.0000090
all	924	2	886578	0.0000023
all	925	3	886578	0.0000034
all	926	3	886578	0.0000034
all	927	5	886578	0.0000056
all	928	8	886578	0.0000090
all	929	2	886578	0.0000023
all	930	8	886578	0.0000090
all	931	5	886578	0.0000056
all	932	10	886578	0.0000113
all	933	9	886578	0.0000102
all	934	4	886578	0.0000045
all	935	6	886578	0.0000068
all	936	7	886578	0.0000079
all	937	8	886578	0.0000090
all	938	5	886578	0.0000056
all	939	9	886578	0.0000102
all	940	4	886578	0.0000045
all	941	3	886578	0.0000034
all	942	6	886578	0.0000068
all	943	4	886578	0.0000045
all	944	4	886578	0.0000045
all	945	6	886578	0.0000068
all	946	8	886578	0.0000090
all	947	5	886578	0.0000056
all	948	7	886578	0.0000079
all	949	4	886578	0.0000045
all	950	7	886578	0.0000079
all	951	7	886578	0.0000079
all	952	5	886578	0.0000056
all	953	4	886578	0.0000045
all	954	6	886578	0.0000068
all	955	4	886578	0.0000045
all	956	8	886578	0.0000090
all	957	6	886578	0.0000068
all	958	14	886578	0.0000158
all	959	6	886578	0.0000068
all	960	4	886578	0.0000045
all	961	3	886578	0.0000034
all	962	7	886578	0.0000079
all	963	6	886578	0.0000068
all	964	9	886578	0.0000102
all	965	12	886578	0.0000135
all	966	6	886578	0.0000068
all	967	7	886578	0.0000079
all	968	8	886578	0.0000090
all	969	7	886578	0.0000079
all	970	14	886578	0.0000158
all	971	14	886578	0.0000158
all	972	14	886578	0.0000158
all	973	13	886578	0.0000147
all	974	3	886578	0.0000034
all	975	14	886578	0.0000158
all	976	6	886578	0.0000068
all	977	9	886578	0.0000102
all	978	5	886578	0.0000056
all	979	11	886578	0.0000124
all	980	10	886578	0.0000113
all	981	8	886578	0.0000090
all	982	5	886578	0.0000056
all	983	7	886578	0.0000079
all	984	6	886578	0.0000068
all	985	7	886578	0.0000079
all	986	12	886578	0.0000135
all	987	7	886578	0.0000079
all	988	8	886578	0.0000090
all	989	4	886578	0.0000045
all	990	7	886578	0.0000079
all	991	2	886578	0.0000023
all	992	9	886578	0.0000102
all	993	6	886578	0.0000068
all	994	6	886578	0.0000068
all	995	5	886578	0.0000056
all	996	6	886578	0.0000068
all	998	7	886578	0.0000079
all	999	3	886578	0.0000034
all	1000	4	886578	0.0000045
all	1001	2	886578	0.0000023
all	1002	10	886578	0.0000113
all	1003	5	886578	0.0000056
all	1004	5	886578	0.0000056
all	1005	6	886578	0.0000068
all	1007	4	886578	0.0000045
all	1008	2	886578	0.0000023
all	1009	4	886578	0.0000045
all	1010	4	886578	0.0000045
all	1011	1	886578	0.0000011
all	1012	2	886578	0.0000023
all	1013	6	886578	0.0000068
all	1014	3	886578	0.0000034
all	1015	5	886578	0.0000056
all	1016	4	886578	0.0000045
all	1017	2	886578	0.0000023
all	1018	3	886578	0.0000034
all	1019	4	886578	0.0000045
all	1020	4	886578	0.0000045
all	1021	4	886578	0.0000045
all	1022	4	886578	0.0000045
all	1023	5	886578	0.0000056
all	1024	2	886578	0.0000023
all	1025	2	886578	0.0000023
all	1026	7	886578	0.0000079
all	1027	5	886578	0.0000056
all	1028	1	886578	0.0000011
all	1029	6	886578	0.0000068
all	1030	2	886578	0.0000023
all	1031	7	886578	0.0000079
all	1032	1	886578	0.0000011
all	1033	3	886578	0.0000034
all	1034	3	886578	0.0000034
all	1035	7	886578	0.0000079
all	1036	4	886578	0.0000045
all	1037	5	886578	0.0000056
all	1038	12	886578	0.0000135
all	1039	2	886578	0.0000023
all	1040	4	886578	0.0000045
all	1041	5	886578	0.0000056
all	1042	3	886578	0.0000034
all	1043	5	886578	0.0000056
all	1044	8	886578	0.0000090
all	1045	7	886578	0.0000079
all	1046	1	886578	0.0000011
all	1047	3	886578	0.0000034
all	1048	6	886578	0.0000068
all	1049	6	886578	0.0000068
all	1050	5	886578	0.0000056
all	1051	6	886578	0.0000068
all	1052	3	886578	0.0000034
all	1053	4	886578	0.0000045
all	1054	2	886578	0.0000023
all	1055	5	886578	0.0000056
all	1056	11	886578	0.0000124
all	1057	4	886578	0.0000045
all	1058	4	886578	0.0000045
all	1059	7	886578	0.0000079
all	1060	5	886578	0.0000056
all	1061	4	886578	0.0000045
all	1062	5	886578	0.0000056
all	1063	2	886578	0.0000023
all	1064	8	886578	0.0000090
all	1065	4	886578	0.0000045
all	1066	4	886578	0.0000045
all	1067	4	886578	0.0000045
all	1068	5	886578	0.0000056
all	1069	8	886578	0.0000090
all	1070	6	886578	0.0000068
all	1071	6	886578	0.0000068
all	1072	5	886578	0.0000056
all	1073	3	886578	0.0000034
all	1074	5	886578	0.0000056
all	1075	8	886578	0.0000090
all	1076	4	886578	0.0000045
all	1077	4	886578	0.0000045
all	1078	13	886578	0.0000147
all	1079	4	886578	0.0000045
all	1080	3	886578	0.0000034
all	1081	4	886578	0.0000045
all	1082	9	886578	0.0000102
all	1083	1	886578	0.0000011
all	1084	4	886578	0.0000045
all	1085	5	886578	0.0000056
all	1086	2	886578	0.0000023
all	1087	2	886578	0.0000023
all	1088	4	886578	0.0000045
all	1089	2	886578	0.0000023
all	1090	2	886578	0.0000023
all	1091	1	886578	0.0000011
all	1092	4	886578	0.0000045
all	1093	5	886578	0.0000056
all	1094	1	886578	0.0000011
all	1095	2	886578	0.0000023
all	1096	5	886578	0.0000056
all	1097	6	886578	0.0000068
all	1098	4	886578	0.0000045
all	1099	2	886578	0.0000023
all	1100	4	886578	0.0000045
all	1101	4	886578	0.0000045
all	1102	3	886578	0.0000034
all	1103	4	886578	0.0000045
all	1104	9	886578	0.0000102
all	1105	4	886578	0.0000045
all	1106	10	886578	0.0000113
all	1107	7	886578	0.0000079
all	1108	2	886578	0.0000023
all	1109	7	886578	0.0000079
all	1110	3	886578	0.0000034
all	1111	5	886578	0.0000056
all	1112	4	886578	0.0000045
all	1113	2	886578	0.0000023
all	1114	6	886578	0.0000068
all	1115	2	886578	0.0000023
all	1116	2	886578	0.0000023
all	1117	2	886578	0.0000023
all	1118	2	886578	0.0000023
all	1119	3	886578	0.0000034
all	1120	1	886578	0.0000011
all	1121	7	886578	0.0000079
all	1122	6	886578	0.0000068
all	1123	4	886578	0.0000045
all	1124	5	886578	0.0000056
all	1125	1	886578	0.0000011
all	1126	6	886578	0.0000068
all	1127	1	886578	0.0000011
all	1128	4	886578	0.0000045
all	1129	2	886578	0.0000023
all	1130	4	886578	0.0000045
all	1131	3	886578	0.0000034
all	1132	3	886578	0.0000034
all	1133	1	886578	0.0000011
all	1134	3	886578	0.0000034
all	1135	3	886578	0.0000034
all	1136	2	886578	0.0000023
all	1137	5	886578	0.0000056
all	1138	4	886578	0.0000045
all	1139	4	886578	0.0000045
all	1140	4	886578	0.0000045
all	1141	4	886578	0.0000045
all	1142	2	886578	0.0000023
all	1143	3	886578	0.0000034
all	1144	5	886578	0.0000056
all	1145	1	886578	0.0000011
all	1146	6	886578	0.0000068
all	1147	3	886578	0.0000034
all	1148	5	886578	0.0000056
all	1149	3	886578	0.0000034
all	1150	4	886578	0.0000045
all	1151	5	886578	0.0000056
all	1152	15	886578	0.0000169
all	1153	5	886578	0.0000056
all	1154	3	886578	0.0000034
all	1155	3	886578	0.0000034
all	1156	1	886578	0.0000011
all	1157	1	886578	0.0000011
all	1158	4	886578	0.0000045
all	1159	8	886578	0.0000090
all	1160	1	886578	0.0000011
all	1161	3	886578	0.0000034
all	1162	1	886578	0.0000011
all	1163	1	886578	0.0000011
all	1165	4	886578	0.0000045
all	1166	3	886578	0.0000034
all	1167	2	886578	0.0000023
all	1168	4	886578	0.0000045
all	1169	5	886578	0.0000056
all	1170	2	886578	0.0000023
all	1171	3	886578	0.0000034
all	1172	4	886578	0.0000045
all	1173	5	886578	0.0000056
all	1174	2	886578	0.0000023
all	1175	1	886578	0.0000011
all	1176	3	886578	0.0000034
all	1177	3	886578	0.0000034
all	1178	3	886578	0.0000034
all	1179	2	886578	0.0000023
all	1180	6	886578	0.0000068
all	1181	5	886578	0.0000056
all	1182	8	886578	0.0000090
all	1183	1	886578	0.0000011
all	1184	5	886578	0.0000056
all	1185	5	886578	0.0000056
all	1186	6	886578	0.0000068
all	1187	5	886578	0.0000056
all	1188	2	886578	0.0000023
all	1189	5	886578	0.0000056
all	1190	4	886578	0.0000045
all	1191	6	886578	0.0000068
all	1192	2	886578	0.0000023
all	1193	3	886578	0.0000034
all	1194	3	886578	0.0000034
all	1195	5	886578	0.0000056
all	1196	2	886578	0.0000023
all	1197	3	886578	0.0000034
all	1198	3	886578	0.0000034
all	1199	5	886578	0.0000056
all	1200	4	886578	0.0000045
all	1201	2	886578	0.0000023
all	1202	3	886578	0.0000034
all	1203	4	886578	0.0000045
all	1204	2	886578	0.0000023
all	1205	2	886578	0.0000023
all	1206	8	886578	0.0000090
all	1207	2	886578	0.0000023
all	1208	3	886578	0.0000034
all	1209	3	886578	0.0000034
all	1210	3	886578	0.0000034
all	1211	5	886578	0.0000056
all	1212	4	886578	0.0000045
all	1213	3	886578	0.0000034
all	1214	2	886578	0.0000023
all	1215	8	886578	0.0000090
all	1216	5	886578	0.0000056
all	1217	7	886578	0.0000079
all	1218	3	886578	0.0000034
all	1219	8	886578	0.0000090
all	1220	5	886578	0.0000056
all	1221	7	886578	0.0000079
all	1222	7	886578	0.0000079
all	1223	7	886578	0.0000079
all	1224	10	886578	0.0000113
all	1225	5	886578	0.0000056
all	1226	4	886578	0.0000045
all	1227	5	886578	0.0000056
all	1228	5	886578	0.0000056
all	1229	7	886578	0.0000079
all	1230	2	886578	0.0000023
all	1231	2	886578	0.0000023
all	1232	3	886578	0.0000034
all	1233	3	886578	0.0000034
all	1234	10	886578	0.0000113
all	1235	6	886578	0.0000068
all	1236	1	886578	0.0000011
all	1237	4	886578	0.0000045
all	1238	2	886578	0.0000023
all	1239	3	886578	0.0000034
all	1240	2	886578	0.0000023
all	1241	7	886578	0.0000079
all	1242	5	886578	0.0000056
all	1243	4	886578	0.0000045
all	1244	2	886578	0.0000023
all	1245	3	886578	0.0000034
all	1246	4	886578	0.0000045
all	1247	5	886578	0.0000056
all	1248	5	886578	0.0000056
all	1249	5	886578	0.0000056
all	1250	2	886578	0.0000023
all	1251	6	886578	0.0000068
all	1252	4	886578	0.0000045
all	1253	10	886578	0.0000113
all	1254	4	886578	0.0000045
all	1255	10	886578	0.0000113
all	1256	3	886578	0.0000034
all	1257	11	886578	0.0000124
all	1258	7	886578	0.0000079
all	1259	5	886578	0.0000056
all	1260	2	886578	0.0000023
all	1261	3	886578	0.0000034
all	1262	4	886578	0.0000045
all	1263	6	886578	0.0000068
all	1264	8	886578	0.0000090
all	1265	8	886578	0.0000090
all	1266	2	886578	0.0000023
all	1267	1	886578	0.0000011
all	1268	12	886578	0.0000135
all	1269	5	886578	0.0000056
all	1270	4	886578	0.0000045
all	1271	6	886578	0.0000068
all	1272	7	886578	0.0000079
all	1273	3	886578	0.0000034
all	1274	5	886578	0.0000056
all	1275	4	886578	0.0000045
all	1276	4	886578	0.0000045
all	1277	5	886578	0.0000056
all	1278	9	886578	0.0000102
all	1279	6	886578	0.0000068
all	1280	7	886578	0.0000079
all	1281	6	886578	0.0000068
all	1282	7	886578	0.0000079
all	1283	1	886578	0.0000011
all	1284	9	886578	0.0000102
all	1285	6	886578	0.0000068
all	1286	3	886578	0.0000034
all	1287	4	886578	0.0000045
all	1288	4	886578	0.0000045
all	1289	6	886578	0.0000068
all	1290	3	886578	0.0000034
all	1291	8	886578	0.0000090
all	1292	5	886578	0.0000056
all	1293	7	886578	0.0000079
all	1294	3	886578	0.0000034
all	1295	3	886578	0.0000034
all	1296	5	886578	0.0000056
all	1297	4	886578	0.0000045
all	1298	2	886578	0.0000023
all	1299	2	886578	0.0000023
all	1300	5	886578	0.0000056
all	1301	6	886578	0.0000068
all	1302	3	886578	0.0000034
all	1303	4	886578	0.0000045
all	1304	7	886578	0.0000079
all	1305	3	886578	0.0000034
all	1306	3	886578	0.0000034
all	1307	8	886578	0.0000090
all	1308	5	886578	0.0000056
all	1310	3	886578	0.0000034
all	1311	4	886578	0.0000045
all	1312	2	886578	0.0000023
all	1313	6	886578	0.0000068
all	1314	4	886578	0.0000045
all	1315	4	886578	0.0000045
all	1316	5	886578	0.0000056
all	1317	7	886578	0.0000079
all	1318	2	886578	0.0000023
all	1319	8	886578	0.0000090
all	1320	3	886578	0.0000034
all	1321	6	886578	0.0000068
all	1322	5	886578	0.0000056
all	1323	4	886578	0.0000045
all	1324	4	886578	0.0000045
all	1325	3	886578	0.0000034
all	1326	5	886578	0.0000056
all	1327	5	886578	0.0000056
all	1328	7	886578	0.0000079
all	1329	6	886578	0.0000068
all	1330	2	886578	0.0000023
all	1331	6	886578	0.0000068
all	1332	7	886578	0.0000079
all	1333	2	886578	0.0000023
all	1334	3	886578	0.0000034
all	1335	6	886578	0.0000068
all	1336	2	886578	0.0000023
all	1337	3	886578	0.0000034
all	1338	6	886578	0.0000068
all	1339	5	886578	0.0000056
all	1340	4	886578	0.0000045
all	1341	4	886578	0.0000045
all	1342	6	886578	0.0000068
all	1343	5	886578	0.0000056
all	1344	5	886578	0.0000056
all	1345	3	886578	0.0000034
all	1346	7	886578	0.0000079
all	1347	6	886578	0.0000068
all	1348	7	886578	0.0000079
all	1349	3	886578	0.0000034
all	1350	7	886578	0.0000079
all	1351	5	886578	0.0000056
all	1352	4	886578	0.0000045
all	1353	4	886578	0.0000045
all	1354	4	886578	0.0000045
all	1355	5	886578	0.0000056
all	1356	5	886578	0.0000056
all	1357	6	886578	0.0000068
all	1358	4	886578	0.0000045
all	1359	11	886578	0.0000124
all	1360	4	886578	0.0000045
all	1361	4	886578	0.0000045
all	1362	2	886578	0.0000023
all	1363	13	886578	0.0000147
all	1364	8	886578	0.0000090
all	1365	4	886578	0.0000045
all	1366	10	886578	0.0000113
all	1367	7	886578	0.0000079
all	1368	6	886578	0.0000068
all	1369	10	886578	0.0000113
all	1370	6	886578	0.0000068
all	1371	5	886578	0.0000056
all	1372	7	886578	0.0000079
all	1373	3	886578	0.0000034
all	1374	4	886578	0.0000045
all	1375	2	886578	0.0000023
all	1376	4	886578	0.0000045
all	1377	4	886578	0.0000045
all	1378	3	886578	0.0000034
all	1379	5	886578	0.0000056
all	1381	4	886578	0.0000045
all	1382	6	886578	0.0000068
all	1383	6	886578	0.0000068
all	1384	3	886578	0.0000034
all	1385	2	886578	0.0000023
all	1386	8	886578	0.0000090
all	1387	6	886578	0.0000068
all	1388	6	886578	0.0000068
all	1389	5	886578	0.0000056
all	1390	2	886578	0.0000023
all	1391	1	886578	0.0000011
all	1392	7	886578	0.0000079
all	1393	5	886578	0.0000056
all	1394	2	886578	0.0000023
all	1395	6	886578	0.0000068
all	1396	3	886578	0.0000034
all	1397	3	886578	0.0000034
all	1398	5	886578	0.0000056
all	1399	2	886578	0.0000023
all	1400	4	886578	0.0000045
all	1402	3	886578	0.0000034
all	1403	8	886578	0.0000090
all	1404	7	886578	0.0000079
all	1405	1	886578	0.0000011
all	1406	7	886578	0.0000079
all	1407	3	886578	0.0000034
all	1408	2	886578	0.0000023
all	1409	2	886578	0.0000023
all	1410	5	886578	0.0000056
all	1411	5	886578	0.0000056
all	1412	4	886578	0.0000045
all	1413	3	886578	0.0000034
all	1414	4	886578	0.0000045
all	1415	1	886578	0.0000011
all	1416	3	886578	0.0000034
all	1417	3	886578	0.0000034
all	1418	1	886578	0.0000011
all	1419	4	886578	0.0000045
all	1420	2	886578	0.0000023
all	1421	4	886578	0.0000045
all	1422	3	886578	0.0000034
all	1423	5	886578	0.0000056
all	1424	2	886578	0.0000023
all	1425	3	886578	0.0000034
all	1426	4	886578	0.0000045
all	1427	4	886578	0.0000045
all	1428	3	886578	0.0000034
all	1429	3	886578	0.0000034
all	1430	2	886578	0.0000023
all	1431	6	886578	0.0000068
all	1432	4	886578	0.0000045
all	1433	3	886578	0.0000034
all	1434	1	886578	0.0000011
all	1435	3	886578	0.0000034
all	1436	7	886578	0.0000079
all	1437	5	886578	0.0000056
all	1438	5	886578	0.0000056
all	1439	2	886578	0.0000023
all	1440	3	886578	0.0000034
all	1441	4	886578	0.0000045
all	1442	3	886578	0.0000034
all	1443	2	886578	0.0000023
all	1444	3	886578	0.0000034
all	1445	1	886578	0.0000011
all	1446	5	886578	0.0000056
all	1447	4	886578	0.0000045
all	1448	7	886578	0.0000079
all	1449	5	886578	0.0000056
all	1450	7	886578	0.0000079
all	1451	4	886578	0.0000045
all	1452	5	886578	0.0000056
all	1454	8	886578	0.0000090
all	1455	3	886578	0.0000034
all	1456	5	886578	0.0000056
all	1457	3	886578	0.0000034
all	1458	3	886578	0.0000034
all	1459	4	886578	0.0000045
all	1460	9	886578	0.0000102
all	1461	2	886578	0.0000023
all	1462	4	886578	0.0000045
all	1463	5	886578	0.0000056
all	1464	6	886578	0.0000068
all	1465	5	886578	0.0000056
all	1466	2	886578	0.0000023
all	1467	2	886578	0.0000023
all	1468	1	886578	0.0000011
all	1469	1	886578	0.0000011
all	1470	2	886578	0.0000023
all	1471	5	886578	0.0000056
all	1472	5	886578	0.0000056
all	1473	3	886578	0.0000034
all	1474	5	886578	0.0000056
all	1475	9	886578	0.0000102
all	1476	1	886578	0.0000011
all	1477	3	886578	0.0000034
all	1478	7	886578	0.0000079
all	1479	2	886578	0.0000023
all	1480	2	886578	0.0000023
all	1481	1	886578	0.0000011
all	1482	4	886578	0.0000045
all	1483	1	886578	0.0000011
all	1484	2	886578	0.0000023
all	1485	3	886578	0.0000034
all	1486	3	886578	0.0000034
all	1487	3	886578	0.0000034
all	1488	3	886578	0.0000034
all	1489	3	886578	0.0000034
all	1490	5	886578	0.0000056
all	1491	5	886578	0.0000056
all	1492	3	886578	0.0000034
all	1493	3	886578	0.0000034
all	1494	10	886578	0.0000113
all	1495	4	886578	0.0000045
all	1496	11	886578	0.0000124
all	1497	3	886578	0.0000034
all	1498	6	886578	0.0000068
all	1499	7	886578	0.0000079
all	1500	3	886578	0.0000034
all	1501	5	886578	0.0000056
all	1502	6	886578	0.0000068
all	1503	3	886578	0.0000034
all	1504	3	886578	0.0000034
all	1505	5	886578	0.0000056
all	1506	5	886578	0.0000056
all	1507	7	886578	0.0000079
all	1508	7	886578	0.0000079
all	1509	4	886578	0.0000045
all	1510	4	886578	0.0000045
all	1511	6	886578	0.0000068
all	1512	6	886578	0.0000068
all	1513	4	886578	0.0000045
all	1514	5	886578	0.0000056
all	1515	8	886578	0.0000090
all	1516	4	886578	0.0000045
all	1517	1	886578	0.0000011
all	1518	5	886578	0.0000056
all	1519	2	886578	0.0000023
all	1520	4	886578	0.0000045
all	1521	8	886578	0.0000090
all	1522	11	886578	0.0000124
all	1523	7	886578	0.0000079
all	1524	1	886578	0.0000011
all	1525	3	886578	0.0000034
all	1526	5	886578	0.0000056
all	1527	4	886578	0.0000045
all	1528	4	886578	0.0000045
all	1529	4	886578	0.0000045
all	1530	6	886578	0.0000068
all	1531	5	886578	0.0000056
all	1532	4	886578	0.0000045
all	1533	6	886578	0.0000068
all	1534	11	886578	0.0000124
all	1535	2	886578	0.0000023
all	1536	8	886578	0.0000090
all	1537	3	886578	0.0000034
all	1538	7	886578	0.0000079
all	1539	8	886578	0.0000090
all	1540	5	886578	0.0000056
all	1541	4	886578	0.0000045
all	1542	6	886578	0.0000068
all	1543	9	886578	0.0000102
all	1544	5	886578	0.0000056
all	1545	7	886578	0.0000079
all	1546	3	886578	0.0000034
all	1547	2	886578	0.0000023
all	1548	4	886578	0.0000045
all	1549	2	886578	0.0000023
all	1550	2	886578	0.0000023
all	1551	9	886578	0.0000102
all	1552	8	886578	0.0000090
all	1553	3	886578	0.0000034
all	1555	3	886578	0.0000034
all	1556	5	886578	0.0000056
all	1557	3	886578	0.0000034
all	1558	5	886578	0.0000056
all	1559	7	886578	0.0000079
all	1560	5	886578	0.0000056
all	1561	5	886578	0.0000056
all	1562	4	886578	0.0000045
all	1563	3	886578	0.0000034
all	1564	10	886578	0.0000113
all	1565	7	886578	0.0000079
all	1566	5	886578	0.0000056
all	1567	1	886578	0.0000011
all	1568	5	886578	0.0000056
all	1569	5	886578	0.0000056
all	1570	8	886578	0.0000090
all	1571	2	886578	0.0000023
all	1572	6	886578	0.0000068
all	1573	1	886578	0.0000011
all	1574	3	886578	0.0000034
all	1575	3	886578	0.0000034
all	1576	5	886578	0.0000056
all	1577	3	886578	0.0000034
all	1578	6	886578	0.0000068
all	1579	6	886578	0.0000068
all	1580	3	886578	0.0000034
all	1581	7	886578	0.0000079
all	1582	5	886578	0.0000056
all	1583	8	886578	0.0000090
all	1584	7	886578	0.0000079
all	1585	5	886578	0.0000056
all	1586	5	886578	0.0000056
all	1587	4	886578	0.0000045
all	1588	6	886578	0.0000068
all	1589	4	886578	0.0000045
all	1590	7	886578	0.0000079
all	1591	3	886578	0.0000034
all	1592	4	886578	0.0000045
all	1593	6	886578	0.0000068
all	1594	7	886578	0.0000079
all	1595	3	886578	0.0000034
all	1596	4	886578	0.0000045
all	1597	8	886578	0.0000090
all	1598	5	886578	0.0000056
all	1599	6	886578	0.0000068
all	1600	2	886578	0.0000023
all	1601	4	886578	0.0000045
all	1602	12	886578	0.0000135
all	1603	12	886578	0.0000135
all	1604	8	886578	0.0000090
all	1605	3	886578	0.0000034
all	1606	3	886578	0.0000034
all	1607	11	886578	0.0000124
all	1608	9	886578	0.0000102
all	1609	1	886578	0.0000011
all	1610	12	886578	0.0000135
all	1611	12	886578	0.0000135
all	1612	6	886578	0.0000068
all	1613	2	886578	0.0000023
all	1614	3	886578	0.0000034
all	1615	1	886578	0.0000011
all	1616	2	886578	0.0000023
all	1617	4	886578	0.0000045
all	1618	4	886578	0.0000045
all	1619	5	886578	0.0000056
all	1620	7	886578	0.0000079
all	1621	5	886578	0.0000056
all	1622	1	886578	0.0000011
all	1623	6	886578	0.0000068
all	1624	7	886578	0.0000079
all	1625	5	886578	0.0000056
all	1626	3	886578	0.0000034
all	1627	5	886578	0.0000056
all	1628	2	886578	0.0000023
all	1629	3	886578	0.0000034
all	1630	2	886578	0.0000023
all	1631	3	886578	0.0000034
all	1632	5	886578	0.0000056
all	1633	7	886578	0.0000079
all	1634	2	886578	0.0000023
all	1635	5	886578	0.0000056
all	1636	3	886578	0.0000034
all	1637	4	886578	0.0000045
all	1638	1	886578	0.0000011
all	1639	2	886578	0.0000023
all	1640	1	886578	0.0000011
all	1641	3	886578	0.0000034
all	1642	1	886578	0.0000011
all	1643	6	886578	0.0000068
all	1644	3	886578	0.0000034
all	1645	6	886578	0.0000068
all	1646	1	886578	0.0000011
all	1647	5	886578	0.0000056
all	1648	5	886578	0.0000056
all	1649	6	886578	0.0000068
all	1650	6	886578	0.0000068
all	1651	6	886578	0.0000068
all	1652	5	886578	0.0000056
all	1653	2	886578	0.0000023
all	1654	4	886578	0.0000045
all	1655	4	886578	0.0000045
all	1656	4	886578	0.0000045
all	1657	2	886578	0.0000023
all	1658	4	886578	0.0000045
all	1659	6	886578	0.0000068
all	1660	4	886578	0.0000045
all	1661	7	886578	0.0000079
all	1662	8	886578	0.0000090
all	1663	1	886578	0.0000011
all	1664	3	886578	0.0000034
all	1665	4	886578	0.0000045
all	1666	5	886578	0.0000056
all	1667	3	886578	0.0000034
all	1668	3	886578	0.0000034
all	1669	4	886578	0.0000045
all	1670	5	886578	0.0000056
all	1671	3	886578	0.0000034
all	1672	7	886578	0.0000079
all	1673	9	886578	0.0000102
all	1674	6	886578	0.0000068
all	1675	3	886578	0.0000034
all	1676	3	886578	0.0000034
all	1677	1	886578	0.0000011
all	1678	7	886578	0.0000079
all	1679	5	886578	0.0000056
all	1680	5	886578	0.0000056
all	1682	3	886578	0.0000034
all	1683	5	886578	0.0000056
all	1684	6	886578	0.0000068
all	1685	5	886578	0.0000056
all	1686	2	886578	0.0000023
all	1687	5	886578	0.0000056
all	1688	6	886578	0.0000068
all	1689	3	886578	0.0000034
all	1690	6	886578	0.0000068
all	1691	2	886578	0.0000023
all	1692	2	886578	0.0000023
all	1693	7	886578	0.0000079
all	1694	6	886578	0.0000068
all	1695	4	886578	0.0000045
all	1696	5	886578	0.0000056
all	1697	3	886578	0.0000034
all	1698	3	886578	0.0000034
all	1699	2	886578	0.0000023
all	1700	6	886578	0.0000068
all	1701	2	886578	0.0000023
all	1702	1	886578	0.0000011
all	1703	2	886578	0.0000023
all	1704	2	886578	0.0000023
all	1705	1	886578	0.0000011
all	1706	2	886578	0.0000023
all	1707	1	886578	0.0000011
all	1708	3	886578	0.0000034
all	1709	4	886578	0.0000045
all	1710	6	886578	0.0000068
all	1711	1	886578	0.0000011
all	1712	2	886578	0.0000023
all	1713	1	886578	0.0000011
all	1714	2	886578	0.0000023
all	1715	2	886578	0.0000023
all	1716	1	886578	0.0000011
all	1717	4	886578	0.0000045
all	1718	1	886578	0.0000011
all	1720	6	886578	0.0000068
all	1721	2	886578	0.0000023
all	1724	4	886578	0.0000045
all	1725	1	886578	0.0000011
all	1726	1	886578	0.0000011
all	1727	3	886578	0.0000034
all	1728	3	886578	0.0000034
all	1729	4	886578	0.0000045
all	1730	2	886578	0.0000023
all	1731	2	886578	0.0000023
all	1732	3	886578	0.0000034
all	1733	1	886578	0.0000011
all	1734	3	886578	0.0000034
all	1735	2	886578	0.0000023
all	1737	2	886578	0.0000023
all	1738	3	886578	0.0000034
all	1740	5	886578	0.0000056
all	1741	5	886578	0.0000056
all	1742	4	886578	0.0000045
all	1743	6	886578	0.0000068
all	1744	4	886578	0.0000045
all	1745	4	886578	0.0000045
all	1746	10	886578	0.0000113
all	1747	1	886578	0.0000011
all	1748	3	886578	0.0000034
all	1749	4	886578	0.0000045
all	1750	5	886578	0.0000056
all	1751	2	886578	0.0000023
all	1752	1	886578	0.0000011
all	1753	2	886578	0.0000023
all	1754	1	886578	0.0000011
all	1755	4	886578	0.0000045
all	1756	1	886578	0.0000011
all	1757	1	886578	0.0000011
all	1758	3	886578	0.0000034
all	1759	5	886578	0.0000056
all	1760	1	886578	0.0000011
all	1761	1	886578	0.0000011
all	1762	3	886578	0.0000034
all	1763	2	886578	0.0000023
all	1764	1	886578	0.0000011
all	1766	1	886578	0.0000011
all	1767	4	886578	0.0000045
all	1769	4	886578	0.0000045
all	1770	1	886578	0.0000011
all	1771	4	886578	0.0000045
all	1773	5	886578	0.0000056
all	1774	4	886578	0.0000045
all	1775	3	886578	0.0000034
all	1776	1	886578	0.0000011
all	1777	1	886578	0.0000011
all	1778	6	886578	0.0000068
all	1779	3	886578	0.0000034
all	1780	2	886578	0.0000023
all	1781	4	886578	0.0000045
all	1782	3	886578	0.0000034
all	1783	4	886578	0.0000045
all	1784	2	886578	0.0000023
all	1785	4	886578	0.0000045
all	1786	4	886578	0.0000045
all	1788	3	886578	0.0000034
all	1789	3	886578	0.0000034
all	1790	2	886578	0.0000023
all	1791	3	886578	0.0000034
all	1792	4	886578	0.0000045
all	1793	2	886578	0.0000023
all	1794	2	886578	0.0000023
all	1795	2	886578	0.0000023
all	1796	1	886578	0.0000011
all	1798	4	886578	0.0000045
all	1799	2	886578	0.0000023
all	1800	2	886578	0.0000023
all	1801	2	886578	0.0000023
all	1802	2	886578	0.0000023
all	1804	3	886578	0.0000034
all	1805	5	886578	0.0000056
all	1806	3	886578	0.0000034
all	1807	4	886578	0.0000045
all	1808	5	886578	0.0000056
all	1809	6	886578	0.0000068
all	1810	4	886578	0.0000045
all	1811	2	886578	0.0000023
all	1812	2	886578	0.0000023
all	1813	3	886578	0.0000034
all	1814	1	886578	0.0000011
all	1815	4	886578	0.0000045
all	1816	3	886578	0.0000034
all	1817	2	886578	0.0000023
all	1818	3	886578	0.0000034
all	1819	5	886578	0.0000056
all	1820	3	886578	0.0000034
all	1821	3	886578	0.0000034
all	1822	2	886578	0.0000023
all	1823	3	886578	0.0000034
all	1824	4	886578	0.0000045
all	1825	2	886578	0.0000023
all	1826	2	886578	0.0000023
all	1827	1	886578	0.0000011
all	1828	1	886578	0.0000011
all	1829	3	886578	0.0000034
all	1830	7	886578	0.0000079
all	1831	4	886578	0.0000045
all	1832	3	886578	0.0000034
all	1833	2	886578	0.0000023
all	1834	10	886578	0.0000113
all	1835	12	886578	0.0000135
all	1836	4	886578	0.0000045
all	1837	11	886578	0.0000124
all	1838	3	886578	0.0000034
all	1839	8	886578	0.0000090
all	1840	2	886578	0.0000023
all	1841	1	886578	0.0000011
all	1842	3	886578	0.0000034
all	1843	1	886578	0.0000011
all	1844	6	886578	0.0000068
all	1845	1	886578	0.0000011
all	1846	2	886578	0.0000023
all	1847	3	886578	0.0000034
all	1848	1	886578	0.0000011
all	1850	2	886578	0.0000023
all	1851	6	886578	0.0000068
all	1852	4	886578	0.0000045
all	1854	2	886578	0.0000023
all	1855	2	886578	0.0000023
all	1856	5	886578	0.0000056
all	1857	2	886578	0.0000023
all	1858	3	886578	0.0000034
all	1859	4	886578	0.0000045
all	1862	4	886578	0.0000045
all	1864	6	886578	0.0000068
all	1865	4	886578	0.0000045
all	1866	5	886578	0.0000056
all	1868	3	886578	0.0000034
all	1869	1	886578	0.0000011
all	1870	2	886578	0.0000023
all	1871	1	886578	0.0000011
all	1872	4	886578	0.0000045
all	1873	3	886578	0.0000034
all	1874	1	886578	0.0000011
all	1875	5	886578	0.0000056
all	1876	2	886578	0.0000023
all	1877	3	886578	0.0000034
all	1878	6	886578	0.0000068
all	1879	1	886578	0.0000011
all	1880	2	886578	0.0000023
all	1881	2	886578	0.0000023
all	1882	5	886578	0.0000056
all	1883	3	886578	0.0000034
all	1884	4	886578	0.0000045
all	1885	7	886578	0.0000079
all	1886	3	886578	0.0000034
all	1887	4	886578	0.0000045
all	1888	3	886578	0.0000034
all	1889	2	886578	0.0000023
all	1890	5	886578	0.0000056
all	1891	1	886578	0.0000011
all	1892	1	886578	0.0000011
all	1893	3	886578	0.0000034
all	1895	3	886578	0.0000034
all	1896	3	886578	0.0000034
all	1897	5	886578	0.0000056
all	1898	2	886578	0.0000023
all	1899	4	886578	0.0000045
all	1900	3	886578	0.0000034
all	1902	4	886578	0.0000045
all	1903	2	886578	0.0000023
all	1904	3	886578	0.0000034
all	1905	2	886578	0.0000023
all	1906	7	886578	0.0000079
all	1907	5	886578	0.0000056
all	1908	2	886578	0.0000023
all	1909	2	886578	0.0000023
all	1910	3	886578	0.0000034
all	1911	2	886578	0.0000023
all	1912	2	886578	0.0000023
all	1913	3	886578	0.0000034
all	1914	3	886578	0.0000034
all	1915	2	886578	0.0000023
all	1916	4	886578	0.0000045
all	1917	1	886578	0.0000011
all	1918	3	886578	0.0000034
all	1919	6	886578	0.0000068
all	1920	2	886578	0.0000023
all	1921	1	886578	0.0000011
all	1922	3	886578	0.0000034
all	1923	5	886578	0.0000056
all	1924	3	886578	0.0000034
all	1925	5	886578	0.0000056
all	1926	1	886578	0.0000011
all	1927	7	886578	0.0000079
all	1929	5	886578	0.0000056
all	1930	1	886578	0.0000011
all	1931	3	886578	0.0000034
all	1932	1	886578	0.0000011
all	1933	1	886578	0.0000011
all	1934	1	886578	0.0000011
all	1935	5	886578	0.0000056
all	1936	4	886578	0.0000045
all	1937	4	886578	0.0000045
all	1938	3	886578	0.0000034
all	1939	8	886578	0.0000090
all	1940	6	886578	0.0000068
all	1941	5	886578	0.0000056
all	1942	7	886578	0.0000079
all	1943	2	886578	0.0000023
all	1944	3	886578	0.0000034
all	1945	3	886578	0.0000034
all	1946	4	886578	0.0000045
all	1947	5	886578	0.0000056
all	1948	1	886578	0.0000011
all	1949	4	886578	0.0000045
all	1950	1	886578	0.0000011
all	1951	2	886578	0.0000023
all	1952	5	886578	0.0000056
all	1953	7	886578	0.0000079
all	1954	3	886578	0.0000034
all	1955	2	886578	0.0000023
all	1956	6	886578	0.0000068
all	1957	4	886578	0.0000045
all	1959	4	886578	0.0000045
all	1960	3	886578	0.0000034
all	1961	6	886578	0.0000068
all	1962	3	886578	0.0000034
all	1963	7	886578	0.0000079
all	1965	3	886578	0.0000034
all	1966	3	886578	0.0000034
all	1967	5	886578	0.0000056
all	1968	3	886578	0.0000034
all	1969	1	886578	0.0000011
all	1970	2	886578	0.0000023
all	1971	7	886578	0.0000079
all	1972	4	886578	0.0000045
all	1973	2	886578	0.0000023
all	1974	8	886578	0.0000090
all	1975	5	886578	0.0000056
all	1976	3	886578	0.0000034
all	1977	1	886578	0.0000011
all	1978	3	886578	0.0000034
all	1979	2	886578	0.0000023
all	1980	1	886578	0.0000011
all	1981	3	886578	0.0000034
all	1982	4	886578	0.0000045
all	1983	3	886578	0.0000034
all	1984	1	886578	0.0000011
all	1985	4	886578	0.0000045
all	1986	3	886578	0.0000034
all	1987	3	886578	0.0000034
all	1988	5	886578	0.0000056
all	1989	2	886578	0.0000023
all	1990	3	886578	0.0000034
all	1991	1	886578	0.0000011
all	1992	3	886578	0.0000034
all	1993	4	886578	0.0000045
all	1994	7	886578	0.0000079
all	1995	1	886578	0.0000011
all	1996	3	886578	0.0000034
all	1997	2	886578	0.0000023
all	1998	2	886578	0.0000023
all	1999	6	886578	0.0000068
all	2000	3	886578	0.0000034
all	2001	4	886578	0.0000045
all	2002	2	886578	0.0000023
all	2003	1	886578	0.0000011
all	2004	5	886578	0.0000056
all	2005	3	886578	0.0000034
all	2006	3	886578	0.0000034
all	2007	3	886578	0.0000034
all	2008	4	886578	0.0000045
all	2009	2	886578	0.0000023
all	2010	3	886578	0.0000034
all	2011	8	886578	0.0000090
all	2012	4	886578	0.0000045
all	2013	1	886578	0.0000011
all	2014	4	886578	0.0000045
all	2015	1	886578	0.0000011
all	2016	2	886578	0.0000023
all	2017	2	886578	0.0000023
all	2018	2	886578	0.0000023
all	2019	3	886578	0.0000034
all	2020	3	886578	0.0000034
all	2021	3	886578	0.0000034
all	2022	4	886578	0.0000045
all	2023	4	886578	0.0000045
all	2024	5	886578	0.0000056
all	2025	3	886578	0.0000034
all	2026	3	886578	0.0000034
all	2027	4	886578	0.0000045
all	2028	3	886578	0.0000034
all	2029	3	886578	0.0000034
all	2030	2	886578	0.0000023
all	2031	1	886578	0.0000011
all	2032	5	886578	0.0000056
all	2033	1	886578	0.0000011
all	2034	3	886578	0.0000034
all	2035	3	886578	0.0000034
all	2036	5	886578	0.0000056
all	2037	7	886578	0.0000079
all	2038	9	886578	0.0000102
all	2039	4	886578	0.0000045
all	2040	5	886578	0.0000056
all	2041	5	886578	0.0000056
all	2042	3	886578	0.0000034
all	2043	1	886578	0.0000011
all	2044	4	886578	0.0000045
all	2045	3	886578	0.0000034
all	2046	3	886578	0.0000034
all	2047	7	886578	0.0000079
all	2048	5	886578	0.0000056
all	2049	3	886578	0.0000034
all	2050	4	886578	0.0000045
all	2051	4	886578	0.0000045
all	2052	6	886578	0.0000068
all	2053	9	886578	0.0000102
all	2054	9	886578	0.0000102
all	2055	4	886578	0.0000045
all	2056	3	886578	0.0000034
all	2057	7	886578	0.0000079
all	2058	3	886578	0.0000034
all	2059	2	886578	0.0000023
all	2061	5	886578	0.0000056
all	2062	1	886578	0.0000011
all	2063	5	886578	0.0000056
all	2064	3	886578	0.0000034
all	2065	7	886578	0.0000079
all	2066	5	886578	0.0000056
all	2067	3	886578	0.0000034
all	2068	3	886578	0.0000034
all	2070	2	886578	0.0000023
all	2071	2	886578	0.0000023
all	2072	3	886578	0.0000034
all	2073	1	886578	0.0000011
all	2074	2	886578	0.0000023
all	2075	2	886578	0.0000023
all	2077	2	886578	0.0000023
all	2078	6	886578	0.0000068
all	2079	3	886578	0.0000034
all	2081	1	886578	0.0000011
all	2082	4	886578	0.0000045
all	2083	3	886578	0.0000034
all	2084	2	886578	0.0000023
all	2085	3	886578	0.0000034
all	2086	2	886578	0.0000023
all	2087	2	886578	0.0000023
all	2089	1	886578	0.0000011
all	2090	3	886578	0.0000034
all	2091	2	886578	0.0000023
all	2092	2	886578	0.0000023
all	2093	4	886578	0.0000045
all	2094	1	886578	0.0000011
all	2095	2	886578	0.0000023
all	2097	2	886578	0.0000023
all	2098	6	886578	0.0000068
all	2100	3	886578	0.0000034
all	2102	3	886578	0.0000034
all	2103	4	886578	0.0000045
all	2104	2	886578	0.0000023
all	2105	6	886578	0.0000068
all	2106	3	886578	0.0000034
all	2108	7	886578	0.0000079
all	2109	5	886578	0.0000056
all	2110	5	886578	0.0000056
all	2112	2	886578	0.0000023
all	2113	4	886578	0.0000045
all	2114	1	886578	0.0000011
all	2115	3	886578	0.0000034
all	2116	1	886578	0.0000011
all	2117	1	886578	0.0000011
all	2118	2	886578	0.0000023
all	2119	6	886578	0.0000068
all	2120	3	886578	0.0000034
all	2121	1	886578	0.0000011
all	2122	2	886578	0.0000023
all	2124	2	886578	0.0000023
all	2125	2	886578	0.0000023
all	2127	1	886578	0.0000011
all	2128	1	886578	0.0000011
all	2129	2	886578	0.0000023
all	2130	1	886578	0.0000011
all	2131	5	886578	0.0000056
all	2132	3	886578	0.0000034
all	2133	8	886578	0.0000090
all	2134	6	886578	0.0000068
all	2135	4	886578	0.0000045
all	2136	1	886578	0.0000011
all	2138	1	886578	0.0000011
all	2139	1	886578	0.0000011
all	2140	1	886578	0.0000011
all	2141	2	886578	0.0000023
all	2144	3	886578	0.0000034
all	2145	2	886578	0.0000023
all	2146	3	886578	0.0000034
all	2147	3	886578	0.0000034
all	2148	2	886578	0.0000023
all	2149	1	886578	0.0000011
all	2150	5	886578	0.0000056
all	2151	1	886578	0.0000011
all	2152	5	886578	0.0000056
all	2153	2	886578	0.0000023
all	2154	4	886578	0.0000045
all	2155	2	886578	0.0000023
all	2156	2	886578	0.0000023
all	2157	4	886578	0.0000045
all	2158	2	886578	0.0000023
all	2159	1	886578	0.0000011
all	2160	3	886578	0.0000034
all	2161	1	886578	0.0000011
all	2162	2	886578	0.0000023
all	2163	3	886578	0.0000034
all	2164	2	886578	0.0000023
all	2165	1	886578	0.0000011
all	2166	1	886578	0.0000011
all	2167	2	886578	0.0000023
all	2168	3	886578	0.0000034
all	2169	2	886578	0.0000023
all	2170	2	886578	0.0000023
all	2171	1	886578	0.0000011
all	2172	4	886578	0.0000045
all	2173	1	886578	0.0000011
all	2174	2	886578	0.0000023
all	2175	3	886578	0.0000034
all	2176	3	886578	0.0000034
all	2177	2	886578	0.0000023
all	2178	1	886578	0.0000011
all	2179	1	886578	0.0000011
all	2180	1	886578	0.0000011
all	2181	2	886578	0.0000023
all	2182	2	886578	0.0000023
all	2183	1	886578	0.0000011
all	2184	4	886578	0.0000045
all	2185	2	886578	0.0000023
all	2186	3	886578	0.0000034
all	2187	2	886578	0.0000023
all	2189	2	886578	0.0000023
all	2190	2	886578	0.0000023
all	2191	2	886578	0.0000023
all	2192	1	886578	0.0000011
all	2194	1	886578	0.0000011
all	2196	1	886578	0.0000011
all	2197	3	886578	0.0000034
all	2199	1	886578	0.0000011
all	2200	2	886578	0.0000023
all	2201	1	886578	0.0000011
all	2202	3	886578	0.0000034
all	2203	2	886578	0.0000023
all	2204	1	886578	0.0000011
all	2205	2	886578	0.0000023
all	2208	3	886578	0.0000034
all	2209	1	886578	0.0000011
all	2210	3	886578	0.0000034
all	2211	3	886578	0.0000034
all	2212	2	886578	0.0000023
all	2213	1	886578	0.0000011
all	2214	1	886578	0.0000011
all	2215	1	886578	0.0000011
all	2216	2	886578	0.0000023
all	2218	3	886578	0.0000034
all	2219	1	886578	0.0000011
all	2221	2	886578	0.0000023
all	2222	3	886578	0.0000034
all	2223	2	886578	0.0000023
all	2224	1	886578	0.0000011
all	2225	4	886578	0.0000045
all	2226	2	886578	0.0000023
all	2227	1	886578	0.0000011
all	2229	1	886578	0.0000011
all	2230	3	886578	0.0000034
all	2231	4	886578	0.0000045
all	2232	1	886578	0.0000011
all	2233	1	886578	0.0000011
all	2234	1	886578	0.0000011
all	2235	3	886578	0.0000034
all	2236	1	886578	0.0000011
all	2237	5	886578	0.0000056
all	2238	3	886578	0.0000034
all	2239	2	886578	0.0000023
all	2240	2	886578	0.0000023
all	2241	1	886578	0.0000011
all	2242	2	886578	0.0000023
all	2243	2	886578	0.0000023
all	2244	2	886578	0.0000023
all	2246	2	886578	0.0000023
all	2247	3	886578	0.0000034
all	2250	1	886578	0.0000011
all	2251	1	886578	0.0000011
all	2253	1	886578	0.0000011
all	2255	2	886578	0.0000023
all	2258	2	886578	0.0000023
all	2259	5	886578	0.0000056
all	2260	1	886578	0.0000011
all	2261	2	886578	0.0000023
all	2264	2	886578	0.0000023
all	2265	2	886578	0.0000023
all	2266	3	886578	0.0000034
all	2267	1	886578	0.0000011
all	2269	2	886578	0.0000023
all	2270	2	886578	0.0000023
all	2271	2	886578	0.0000023
all	2272	3	886578	0.0000034
all	2274	2	886578	0.0000023
all	2275	2	886578	0.0000023
all	2276	1	886578	0.0000011
all	2277	2	886578	0.0000023
all	2278	3	886578	0.0000034
all	2279	1	886578	0.0000011
all	2280	3	886578	0.0000034
all	2281	1	886578	0.0000011
all	2282	1	886578	0.0000011
all	2283	1	886578	0.0000011
all	2285	2	886578	0.0000023
all	2286	4	886578	0.0000045
all	2287	2	886578	0.0000023
all	2288	5	886578	0.0000056
all	2289	2	886578	0.0000023
all	2290	3	886578	0.0000034
all	2291	2	886578	0.0000023
all	2292	2	886578	0.0000023
all	2293	3	886578	0.0000034
all	2294	2	886578	0.0000023
all	2295	2	886578	0.0000023
all	2296	1	886578	0.0000011
all	2297	3	886578	0.0000034
all	2298	2	886578	0.0000023
all	2299	1	886578	0.0000011
all	2300	5	886578	0.0000056
all	2301	1	886578	0.0000011
all	2302	1	886578	0.0000011
all	2303	1	886578	0.0000011
all	2304	1	886578	0.0000011
all	2305	2	886578	0.0000023
all	2306	1	886578	0.0000011
all	2308	2	886578	0.0000023
all	2309	1	886578	0.0000011
all	2310	1	886578	0.0000011
all	2311	2	886578	0.0000023
all	2312	1	886578	0.0000011
all	2313	1	886578	0.0000011
all	2314	3	886578	0.0000034
all	2315	3	886578	0.0000034
all	2316	3	886578	0.0000034
all	2317	2	886578	0.0000023
all	2318	2	886578	0.0000023
all	2319	1	886578	0.0000011
all	2320	2	886578	0.0000023
all	2321	1	886578	0.0000011
all	2322	1	886578	0.0000011
all	2323	1	886578	0.0000011
all	2324	1	886578	0.0000011
all	2325	1	886578	0.0000011
all	2326	3	886578	0.0000034
all	2327	4	886578	0.0000045
all	2328	3	886578	0.0000034
all	2329	1	886578	0.0000011
all	2330	3	886578	0.0000034
all	2331	1	886578	0.0000011
all	2333	2	886578	0.0000023
all	2336	2	886578	0.0000023
all	2337	2	886578	0.0000023
all	2339	1	886578	0.0000011
all	2340	1	886578	0.0000011
all	2341	1	886578	0.0000011
all	2342	2	886578	0.0000023
all	2343	2	886578	0.0000023
all	2344	4	886578	0.0000045
all	2346	1	886578	0.0000011
all	2348	1	886578	0.0000011
all	2349	2	886578	0.0000023
all	2350	1	886578	0.0000011
all	2351	2	886578	0.0000023
all	2352	4	886578	0.0000045
all	2353	2	886578	0.0000023
all	2356	2	886578	0.0000023
all	2357	3	886578	0.0000034
all	2358	3	886578	0.0000034
all	2360	1	886578	0.0000011
all	2361	5	886578	0.0000056
all	2362	1	886578	0.0000011
all	2363	2	886578	0.0000023
all	2365	2	886578	0.0000023
all	2366	1	886578	0.0000011
all	2367	1	886578	0.0000011
all	2368	1	886578	0.0000011
all	2369	3	886578	0.0000034
all	2370	2	886578	0.0000023
all	2371	2	886578	0.0000023
all	2372	4	886578	0.0000045
all	2374	2	886578	0.0000023
all	2375	1	886578	0.0000011
all	2376	2	886578	0.0000023
all	2377	2	886578	0.0000023
all	2378	3	886578	0.0000034
all	2379	4	886578	0.0000045
all	2380	1	886578	0.0000011
all	2381	1	886578	0.0000011
all	2382	2	886578	0.0000023
all	2383	1	886578	0.0000011
all	2384	3	886578	0.0000034
all	2385	4	886578	0.0000045
all	2386	2	886578	0.0000023
all	2387	3	886578	0.0000034
all	2388	1	886578	0.0000011
all	2389	3	886578	0.0000034
all	2391	1	886578	0.0000011
all	2392	2	886578	0.0000023
all	2393	5	886578	0.0000056
all	2394	2	886578	0.0000023
all	2395	4	886578	0.0000045
all	2396	1	886578	0.0000011
all	2397	2	886578	0.0000023
all	2398	1	886578	0.0000011
all	2400	1	886578	0.0000011
all	2403	2	886578	0.0000023
all	2404	2	886578	0.0000023
all	2405	2	886578	0.0000023
all	2409	3	886578	0.0000034
all	2410	5	886578	0.0000056
all	2411	5	886578	0.0000056
all	2412	3	886578	0.0000034
all	2413	1	886578	0.0000011
all	2414	1	886578	0.0000011
all	2415	1	886578	0.0000011
all	2417	3	886578	0.0000034
all	2418	4	886578	0.0000045
all	2420	1	886578	0.0000011
all	2422	3	886578	0.0000034
all	2423	1	886578	0.0000011
all	2424	1	886578	0.0000011
all	2425	2	886578	0.0000023
all	2426	1	886578	0.0000011
all	2427	1	886578	0.0000011
all	2428	2	886578	0.0000023
all	2431	2	886578	0.0000023
all	2432	2	886578	0.0000023
all	2433	3	886578	0.0000034
all	2434	2	886578	0.0000023
all	2435	2	886578	0.0000023
all	2436	1	886578	0.0000011
all	2437	2	886578	0.0000023
all	2438	2	886578	0.0000023
all	2440	2	886578	0.0000023
all	2442	2	886578	0.0000023
all	2443	1	886578	0.0000011
all	2444	3	886578	0.0000034
all	2445	1	886578	0.0000011
all	2446	1	886578	0.0000011
all	2448	1	886578	0.0000011
all	2449	1	886578	0.0000011
all	2450	1	886578	0.0000011
all	2452	1	886578	0.0000011
all	2454	1	886578	0.0000011
all	2455	1	886578	0.0000011
all	2456	1	886578	0.0000011
all	2457	3	886578	0.0000034
all	2458	1	886578	0.0000011
all	2460	5	886578	0.0000056
all	2461	2	886578	0.0000023
all	2462	2	886578	0.0000023
all	2463	1	886578	0.0000011
all	2464	1	886578	0.0000011
all	2467	1	886578	0.0000011
all	2468	2	886578	0.0000023
all	2469	1	886578	0.0000011
all	2470	2	886578	0.0000023
all	2471	1	886578	0.0000011
all	2473	2	886578	0.0000023
all	2475	2	886578	0.0000023
all	2477	1	886578	0.0000011
all	2478	1	886578	0.0000011
all	2479	1	886578	0.0000011
all	2480	1	886578	0.0000011
all	2481	2	886578	0.0000023
all	2482	2	886578	0.0000023
all	2483	5	886578	0.0000056
all	2484	2	886578	0.0000023
all	2485	1	886578	0.0000011
all	2486	3	886578	0.0000034
all	2487	3	886578	0.0000034
all	2488	1	886578	0.0000011
all	2489	2	886578	0.0000023
all	2490	1	886578	0.0000011
all	2491	1	886578	0.0000011
all	2493	7	886578	0.0000079
all	2494	1	886578	0.0000011
all	2496	1	886578	0.0000011
all	2498	6	886578	0.0000068
all	2499	4	886578	0.0000045
all	2500	1	886578	0.0000011
all	2501	1	886578	0.0000011
all	2503	4	886578	0.0000045
all	2504	1	886578	0.0000011
all	2505	3	886578	0.0000034
all	2506	1	886578	0.0000011
all	2507	1	886578	0.0000011
all	2508	4	886578	0.0000045
all	2509	1	886578	0.0000011
all	2510	2	886578	0.0000023
all	2511	1	886578	0.0000011
all	2512	3	886578	0.0000034
all	2513	1	886578	0.0000011
all	2515	6	886578	0.0000068
all	2516	2	886578	0.0000023
all	2517	1	886578	0.0000011
all	2518	2	886578	0.0000023
all	2519	3	886578	0.0000034
all	2520	3	886578	0.0000034
all	2521	2	886578	0.0000023
all	2522	3	886578	0.0000034
all	2523	2	886578	0.0000023
all	2524	3	886578	0.0000034
all	2525	2	886578	0.0000023
all	2526	3	886578	0.0000034
all	2527	4	886578	0.0000045
all	2528	4	886578	0.0000045
all	2529	1	886578	0.0000011
all	2530	1	886578	0.0000011
all	2532	3	886578	0.0000034
all	2533	1	886578	0.0000011
all	2534	3	886578	0.0000034
all	2535	3	886578	0.0000034
all	2536	3	886578	0.0000034
all	2537	1	886578	0.0000011
all	2538	1	886578	0.0000011
all	2539	2	886578	0.0000023
all	2540	3	886578	0.0000034
all	2545	1	886578	0.0000011
all	2546	2	886578	0.0000023
all	2547	1	886578	0.0000011
all	2550	1	886578	0.0000011
all	2551	2	886578	0.0000023
all	2552	1	886578	0.0000011
all	2554	1	886578	0.0000011
all	2555	2	886578	0.0000023
all	2556	1	886578	0.0000011
all	2558	1	886578	0.0000011
all	2559	1	886578	0.0000011
all	2560	1	886578	0.0000011
all	2562	1	886578	0.0000011
all	2563	2	886578	0.0000023
all	2564	1	886578	0.0000011
all	2565	1	886578	0.0000011
all	2566	1	886578	0.0000011
all	2568	1	886578	0.0000011
all	2570	1	886578	0.0000011
all	2573	1	886578	0.0000011
all	2574	1	886578	0.0000011
all	2576	1	886578	0.0000011
all	2577	2	886578	0.0000023
all	2579	2	886578	0.0000023
all	2580	1	886578	0.0000011
all	2581	1	886578	0.0000011
all	2582	1	886578	0.0000011
all	2583	1	886578	0.0000011
all	2585	2	886578	0.0000023
all	2586	1	886578	0.0000011
all	2587	1	886578	0.0000011
all	2588	1	886578	0.0000011
all	2589	2	886578	0.0000023
all	2591	1	886578	0.0000011
all	2592	2	886578	0.0000023
all	2594	1	886578	0.0000011
all	2596	1	886578	0.0000011
all	2597	1	886578	0.0000011
all	2598	1	886578	0.0000011
all	2600	1	886578	0.0000011
all	2602	1	886578	0.0000011
all	2603	1	886578	0.0000011
all	2604	4	886578	0.0000045
all	2605	1	886578	0.0000011
all	2606	1	886578	0.0000011
all	2607	2	886578	0.0000023
all	2608	1	886578	0.0000011
all	2609	1	886578	0.0000011
all	2610	1	886578	0.0000011
all	2611	2	886578	0.0000023
all	2612	3	886578	0.0000034
all	2614	1	886578	0.0000011
all	2616	3	886578	0.0000034
all	2617	2	886578	0.0000023
all	2618	1	886578	0.0000011
all	2619	1	886578	0.0000011
all	2620	2	886578	0.0000023
all	2621	1	886578	0.0000011
all	2623	2	886578	0.0000023
all	2625	1	886578	0.0000011
all	2627	1	886578	0.0000011
all	2629	3	886578	0.0000034
all	2630	4	886578	0.0000045
all	2632	1	886578	0.0000011
all	2633	1	886578	0.0000011
all	2635	1	886578	0.0000011
all	2637	1	886578	0.0000011
all	2638	1	886578	0.0000011
all	2640	2	886578	0.0000023
all	2641	1	886578	0.0000011
all	2642	1	886578	0.0000011
all	2644	2	886578	0.0000023
all	2645	2	886578	0.0000023
all	2648	1	886578	0.0000011
all	2653	1	886578	0.0000011
all	2654	1	886578	0.0000011
all	2655	1	886578	0.0000011
all	2656	2	886578	0.0000023
all	2660	1	886578	0.0000011
all	2661	2	886578	0.0000023
all	2664	3	886578	0.0000034
all	2665	3	886578	0.0000034
all	2666	2	886578	0.0000023
all	2669	1	886578	0.0000011
all	2670	2	886578	0.0000023
all	2673	1	886578	0.0000011
all	2674	1	886578	0.0000011
all	2676	1	886578	0.0000011
all	2677	2	886578	0.0000023
all	2678	2	886578	0.0000023
all	2683	1	886578	0.0000011
all	2684	1	886578	0.0000011
all	2685	1	886578	0.0000011
all	2686	2	886578	0.0000023
all	2687	2	886578	0.0000023
all	2688	1	886578	0.0000011
all	2689	3	886578	0.0000034
all	2691	2	886578	0.0000023
all	2692	2	886578	0.0000023
all	2693	1	886578	0.0000011
all	2696	2	886578	0.0000023
all	2699	1	886578	0.0000011
all	2700	1	886578	0.0000011
all	2701	1	886578	0.0000011
all	2703	2	886578	0.0000023
all	2705	1	886578	0.0000011
all	2707	2	886578	0.0000023
all	2710	1	886578	0.0000011
all	2711	2	886578	0.0000023
all	2712	1	886578	0.0000011
all	2713	2	886578	0.0000023
all	2715	2	886578	0.0000023
all	2716	2	886578	0.0000023
all	2717	1	886578	0.0000011
all	2720	1	886578	0.0000011
all	2723	1	886578	0.0000011
all	2724	1	886578	0.0000011
all	2727	1	886578	0.0000011
all	2730	1	886578	0.0000011
all	2731	1	886578	0.0000011
all	2732	1	886578	0.0000011
all	2733	1	886578	0.0000011
all	2735	1	886578	0.0000011
all	2736	1	886578	0.0000011
all	2737	1	886578	0.0000011
all	2739	1	886578	0.0000011
all	2741	1	886578	0.0000011
all	2743	1	886578	0.0000011
all	2744	1	886578	0.0000011
all	2749	1	886578	0.0000011
all	2751	2	886578	0.0000023
all	2752	1	886578	0.0000011
all	2753	2	886578	0.0000023
all	2754	1	886578	0.0000011
all	2755	1	886578	0.0000011
all	2757	2	886578	0.0000023
all	2758	1	886578	0.0000011
all	2759	2	886578	0.0000023
all	2760	2	886578	0.0000023
all	2761	1	886578	0.0000011
all	2764	1	886578	0.0000011
all	2765	1	886578	0.0000011
all	2767	2	886578	0.0000023
all	2770	2	886578	0.0000023
all	2772	1	886578	0.0000011
all	2773	2	886578	0.0000023
all	2774	1	886578	0.0000011
all	2777	1	886578	0.0000011
all	2778	1	886578	0.0000011
all	2780	2	886578	0.0000023
all	2781	1	886578	0.0000011
all	2782	1	886578	0.0000011
all	2783	1	886578	0.0000011
all	2786	1	886578	0.0000011
all	2787	1	886578	0.0000011
all	2788	1	886578	0.0000011
all	2789	1	886578	0.0000011
all	2792	1	886578	0.0000011
all	2793	2	886578	0.0000023
all	2795	1	886578	0.0000011
all	2796	1	886578	0.0000011
all	2797	1	886578	0.0000011
all	2798	2	886578	0.0000023
all	2800	3	886578	0.0000034
all	2801	1	886578	0.0000011
all	2802	1	886578	0.0000011
all	2803	1	886578	0.0000011
all	2806	2	886578	0.0000023
all	2808	1	886578	0.0000011
all	2812	2	886578	0.0000023
all	2815	2	886578	0.0000023
all	2816	1	886578	0.0000011
all	2817	2	886578	0.0000023
all	2819	1	886578	0.0000011
all	2820	1	886578	0.0000011
all	2822	2	886578	0.0000023
all	2825	1	886578	0.0000011
all	2827	1	886578	0.0000011
all	2828	1	886578	0.0000011
all	2831	3	886578	0.0000034
all	2832	2	886578	0.0000023
all	2833	2	886578	0.0000023
all	2834	1	886578	0.0000011
all	2840	2	886578	0.0000023
all	2842	3	886578	0.0000034
all	2843	1	886578	0.0000011
all	2844	1	886578	0.0000011
all	2845	1	886578	0.0000011
all	2846	2	886578	0.0000023
all	2847	2	886578	0.0000023
all	2848	3	886578	0.0000034
all	2849	1	886578	0.0000011
all	2856	2	886578	0.0000023
all	2857	1	886578	0.0000011
all	2858	1	886578	0.0000011
all	2859	2	886578	0.0000023
all	2860	3	886578	0.0000034
all	2862	1	886578	0.0000011
all	2863	2	886578	0.0000023
all	2865	1	886578	0.0000011
all	2866	3	886578	0.0000034
all	2867	2	886578	0.0000023
all	2868	3	886578	0.0000034
all	2869	1	886578	0.0000011
all	2872	1	886578	0.0000011
all	2873	2	886578	0.0000023
all	2875	2	886578	0.0000023
all	2876	1	886578	0.0000011
all	2877	1	886578	0.0000011
all	2878	3	886578	0.0000034
all	2882	3	886578	0.0000034
all	2884	1	886578	0.0000011
all	2885	1	886578	0.0000011
all	2887	1	886578	0.0000011
all	2888	1	886578	0.0000011
all	2892	1	886578	0.0000011
all	2893	1	886578	0.0000011
all	2894	1	886578	0.0000011
all	2895	2	886578	0.0000023
all	2896	2	886578	0.0000023
all	2898	1	886578	0.0000011
all	2900	2	886578	0.0000023
all	2901	1	886578	0.0000011
all	2902	6	886578	0.0000068
all	2904	3	886578	0.0000034
all	2906	3	886578	0.0000034
all	2907	1	886578	0.0000011
all	2908	1	886578	0.0000011
all	2909	1	886578	0.0000011
all	2910	4	886578	0.0000045
all	2912	1	886578	0.0000011
all	2914	2	886578	0.0000023
all	2916	1	886578	0.0000011
all	2917	2	886578	0.0000023
all	2918	1	886578	0.0000011
all	2922	4	886578	0.0000045
all	2923	4	886578	0.0000045
all	2924	3	886578	0.0000034
all	2925	4	886578	0.0000045
all	2926	7	886578	0.0000079
all	2927	4	886578	0.0000045
all	2928	4	886578	0.0000045
all	2929	4	886578	0.0000045
all	2930	3	886578	0.0000034
all	2931	5	886578	0.0000056
all	2932	3	886578	0.0000034
all	2933	3	886578	0.0000034
all	2934	4	886578	0.0000045
all	2935	3	886578	0.0000034
all	2936	2	886578	0.0000023
all	2937	7	886578	0.0000079
all	2938	1	886578	0.0000011
all	2939	2	886578	0.0000023
all	2941	1	886578	0.0000011
all	2942	1	886578	0.0000011
all	2943	2	886578	0.0000023
all	2944	3	886578	0.0000034
all	2945	1	886578	0.0000011
all	2946	2	886578	0.0000023
all	2947	1	886578	0.0000011
all	2948	2	886578	0.0000023
all	2950	2	886578	0.0000023
all	2952	1	886578	0.0000011
all	2953	3	886578	0.0000034
all	2954	1	886578	0.0000011
all	2957	2	886578	0.0000023
all	2959	1	886578	0.0000011
all	2960	2	886578	0.0000023
all	2962	2	886578	0.0000023
all	2963	1	886578	0.0000011
all	2964	1	886578	0.0000011
all	2965	5	886578	0.0000056
all	2966	2	886578	0.0000023
all	2967	1	886578	0.0000011
all	2969	1	886578	0.0000011
all	2971	2	886578	0.0000023
all	2972	4	886578	0.0000045
all	2973	1	886578	0.0000011
all	2974	4	886578	0.0000045
all	2975	1	886578	0.0000011
all	2976	1	886578	0.0000011
all	2977	3	886578	0.0000034
all	2978	1	886578	0.0000011
all	2979	2	886578	0.0000023
all	2980	4	886578	0.0000045
all	2981	1	886578	0.0000011
all	2982	2	886578	0.0000023
all	2983	1	886578	0.0000011
all	2985	2	886578	0.0000023
all	2986	1	886578	0.0000011
all	2987	1	886578	0.0000011
all	2988	2	886578	0.0000023
all	2989	1	886578	0.0000011
all	2990	1	886578	0.0000011
all	2992	3	886578	0.0000034
all	2993	1	886578	0.0000011
all	2994	1	886578	0.0000011
all	2995	2	886578	0.0000023
all	2997	1	886578	0.0000011
all	2998	2	886578	0.0000023
all	3000	2	886578	0.0000023
all	3002	3	886578	0.0000034
all	3003	2	886578	0.0000023
all	3004	1	886578	0.0000011
all	3005	1	886578	0.0000011
all	3006	2	886578	0.0000023
all	3007	2	886578	0.0000023
all	3008	2	886578	0.0000023
all	3010	1	886578	0.0000011
all	3011	1	886578	0.0000011
all	3012	1	886578	0.0000011
all	3013	6	886578	0.0000068
all	3014	4	886578	0.0000045
all	3015	1	886578	0.0000011
all	3016	1	886578	0.0000011
all	3017	1	886578	0.0000011
all	3018	1	886578	0.0000011
all	3021	2	886578	0.0000023
all	3022	2	886578	0.0000023
all	3023	3	886578	0.0000034
all	3024	1	886578	0.0000011
all	3025	1	886578	0.0000011
all	3026	1	886578	0.0000011
all	3027	1	886578	0.0000011
all	3029	2	886578	0.0000023
all	3030	1	886578	0.0000011
all	3031	2	886578	0.0000023
all	3032	1	886578	0.0000011
all	3034	2	886578	0.0000023
all	3035	1	886578	0.0000011
all	3036	1	886578	0.0000011
all	3038	1	886578	0.0000011
all	3039	3	886578	0.0000034
all	3040	1	886578	0.0000011
all	3041	1	886578	0.0000011
all	3042	4	886578	0.0000045
all	3043	2	886578	0.0000023
all	3044	1	886578	0.0000011
all	3045	4	886578	0.0000045
all	3046	5	886578	0.0000056
all	3047	1	886578	0.0000011
all	3048	1	886578	0.0000011
all	3049	1	886578	0.0000011
all	3050	2	886578	0.0000023
all	3051	3	886578	0.0000034
all	3053	1	886578	0.0000011
all	3056	2	886578	0.0000023
all	3057	3	886578	0.0000034
all	3058	1	886578	0.0000011
all	3059	1	886578	0.0000011
all	3061	2	886578	0.0000023
all	3062	1	886578	0.0000011
all	3064	1	886578	0.0000011
all	3065	3	886578	0.0000034
all	3067	2	886578	0.0000023
all	3068	1	886578	0.0000011
all	3069	2	886578	0.0000023
all	3070	2	886578	0.0000023
all	3071	1	886578	0.0000011
all	3072	1	886578	0.0000011
all	3073	1	886578	0.0000011
all	3076	3	886578	0.0000034
all	3078	2	886578	0.0000023
all	3081	3	886578	0.0000034
all	3083	3	886578	0.0000034
all	3084	2	886578	0.0000023
all	3087	2	886578	0.0000023
all	3088	2	886578	0.0000023
all	3089	3	886578	0.0000034
all	3091	1	886578	0.0000011
all	3092	3	886578	0.0000034
all	3093	3	886578	0.0000034
all	3094	2	886578	0.0000023
all	3096	2	886578	0.0000023
all	3097	1	886578	0.0000011
all	3100	2	886578	0.0000023
all	3102	3	886578	0.0000034
all	3103	1	886578	0.0000011
all	3104	1	886578	0.0000011
all	3106	1	886578	0.0000011
all	3107	2	886578	0.0000023
all	3108	3	886578	0.0000034
all	3109	1	886578	0.0000011
all	3110	2	886578	0.0000023
all	3111	1	886578	0.0000011
all	3112	1	886578	0.0000011
all	3113	1	886578	0.0000011
all	3114	1	886578	0.0000011
all	3115	1	886578	0.0000011
all	3116	3	886578	0.0000034
all	3117	2	886578	0.0000023
all	3118	1	886578	0.0000011
all	3119	1	886578	0.0000011
all	3121	4	886578	0.0000045
all	3122	3	886578	0.0000034
all	3123	1	886578	0.0000011
all	3124	1	886578	0.0000011
all	3125	1	886578	0.0000011
all	3126	2	886578	0.0000023
all	3127	1	886578	0.0000011
all	3128	3	886578	0.0000034
all	3130	4	886578	0.0000045
all	3131	2	886578	0.0000023
all	3132	2	886578	0.0000023
all	3133	2	886578	0.0000023
all	3134	1	886578	0.0000011
all	3135	2	886578	0.0000023
all	3136	2	886578	0.0000023
all	3137	1	886578	0.0000011
all	3138	3	886578	0.0000034
all	3139	1	886578	0.0000011
all	3140	3	886578	0.0000034
all	3141	2	886578	0.0000023
all	3144	5	886578	0.0000056
all	3145	3	886578	0.0000034
all	3146	3	886578	0.0000034
all	3147	2	886578	0.0000023
all	3148	1	886578	0.0000011
all	3149	2	886578	0.0000023
all	3150	4	886578	0.0000045
all	3151	2	886578	0.0000023
all	3152	2	886578	0.0000023
all	3153	5	886578	0.0000056
all	3155	1	886578	0.0000011
all	3157	1	886578	0.0000011
all	3158	3	886578	0.0000034
all	3159	2	886578	0.0000023
all	3161	2	886578	0.0000023
all	3162	1	886578	0.0000011
all	3164	2	886578	0.0000023
all	3165	2	886578	0.0000023
all	3166	1	886578	0.0000011
all	3167	2	886578	0.0000023
all	3168	2	886578	0.0000023
all	3169	3	886578	0.0000034
all	3170	1	886578	0.0000011
all	3171	1	886578	0.0000011
all	3172	2	886578	0.0000023
all	3173	2	886578	0.0000023
all	3174	1	886578	0.0000011
all	3175	1	886578	0.0000011
all	3176	1	886578	0.0000011
all	3177	1	886578	0.0000011
all	3178	1	886578	0.0000011
all	3179	2	886578	0.0000023
all	3180	1	886578	0.0000011
all	3182	4	886578	0.0000045
all	3183	4	886578	0.0000045
all	3184	1	886578	0.0000011
all	3185	1	886578	0.0000011
all	3186	2	886578	0.0000023
all	3187	1	886578	0.0000011
all	3189	1	886578	0.0000011
all	3191	1	886578	0.0000011
all	3194	3	886578	0.0000034
all	3195	2	886578	0.0000023
all	3197	1	886578	0.0000011
all	3198	3	886578	0.0000034
all	3199	3	886578	0.0000034
all	3200	2	886578	0.0000023
all	3201	4	886578	0.0000045
all	3202	1	886578	0.0000011
all	3203	1	886578	0.0000011
all	3204	1	886578	0.0000011
all	3205	1	886578	0.0000011
all	3206	1	886578	0.0000011
all	3207	4	886578	0.0000045
all	3208	2	886578	0.0000023
all	3209	1	886578	0.0000011
all	3210	3	886578	0.0000034
all	3211	3	886578	0.0000034
all	3212	3	886578	0.0000034
all	3213	1	886578	0.0000011
all	3214	1	886578	0.0000011
all	3215	1	886578	0.0000011
all	3216	1	886578	0.0000011
all	3217	1	886578	0.0000011
all	3224	3	886578	0.0000034
all	3225	2	886578	0.0000023
all	3226	2	886578	0.0000023
all	3228	1	886578	0.0000011
all	3229	1	886578	0.0000011
all	3230	1	886578	0.0000011
all	3231	1	886578	0.0000011
all	3232	1	886578	0.0000011
all	3234	1	886578	0.0000011
all	3236	2	886578	0.0000023
all	3240	1	886578	0.0000011
all	3241	1	886578	0.0000011
all	3242	2	886578	0.0000023
all	3243	2	886578	0.0000023
all	3244	1	886578	0.0000011
all	3246	3	886578	0.0000034
all	3247	1	886578	0.0000011
all	3248	1	886578	0.0000011
all	3250	2	886578	0.0000023
all	3252	1	886578	0.0000011
all	3254	1	886578	0.0000011
all	3255	1	886578	0.0000011
all	3256	3	886578	0.0000034
all	3258	1	886578	0.0000011
all	3259	2	886578	0.0000023
all	3260	5	886578	0.0000056
all	3261	3	886578	0.0000034
all	3262	2	886578	0.0000023
all	3263	1	886578	0.0000011
all	3264	2	886578	0.0000023
all	3265	2	886578	0.0000023
all	3266	3	886578	0.0000034
all	3268	4	886578	0.0000045
all	3269	2	886578	0.0000023
all	3270	2	886578	0.0000023
all	3271	1	886578	0.0000011
all	3272	1	886578	0.0000011
all	3273	1	886578	0.0000011
all	3274	4	886578	0.0000045
all	3275	3	886578	0.0000034
all	3276	2	886578	0.0000023
all	3278	1	886578	0.0000011
all	3279	3	886578	0.0000034
all	3280	1	886578	0.0000011
all	3281	2	886578	0.0000023
all	3282	1	886578	0.0000011
all	3284	2	886578	0.0000023
all	3285	2	886578	0.0000023
all	3286	1	886578	0.0000011
all	3287	4	886578	0.0000045
all	3288	1	886578	0.0000011
all	3289	1	886578	0.0000011
all	3290	1	886578	0.0000011
all	3291	4	886578	0.0000045
all	3292	2	886578	0.0000023
all	3293	1	886578	0.0000011
all	3295	1	886578	0.0000011
all	3296	3	886578	0.0000034
all	3298	2	886578	0.0000023
all	3300	1	886578	0.0000011
all	3301	4	886578	0.0000045
all	3303	2	886578	0.0000023
all	3304	1	886578	0.0000011
all	3305	1	886578	0.0000011
all	3306	1	886578	0.0000011
all	3307	1	886578	0.0000011
all	3308	2	886578	0.0000023
all	3309	3	886578	0.0000034
all	3312	3	886578	0.0000034
all	3313	1	886578	0.0000011
all	3314	1	886578	0.0000011
all	3315	1	886578	0.0000011
all	3318	2	886578	0.0000023
all	3319	2	886578	0.0000023
all	3320	2	886578	0.0000023
all	3322	3	886578	0.0000034
all	3325	2	886578	0.0000023
all	3326	1	886578	0.0000011
all	3327	3	886578	0.0000034
all	3328	5	886578	0.0000056
all	3329	1	886578	0.0000011
all	3330	2	886578	0.0000023
all	3332	1	886578	0.0000011
all	3333	2	886578	0.0000023
all	3335	1	886578	0.0000011
all	3336	1	886578	0.0000011
all	3337	1	886578	0.0000011
all	3338	2	886578	0.0000023
all	3339	1	886578	0.0000011
all	3340	1	886578	0.0000011
all	3341	2	886578	0.0000023
all	3342	1	886578	0.0000011
all	3343	1	886578	0.0000011
all	3344	1	886578	0.0000011
all	3345	3	886578	0.0000034
all	3348	2	886578	0.0000023
all	3350	1	886578	0.0000011
all	3351	8	886578	0.0000090
all	3352	2	886578	0.0000023
all	3354	1	886578	0.0000011
all	3355	2	886578	0.0000023
all	3357	2	886578	0.0000023
all	3358	4	886578	0.0000045
all	3359	1	886578	0.0000011
all	3361	2	886578	0.0000023
all	3362	1	886578	0.0000011
all	3366	1	886578	0.0000011
all	3369	3	886578	0.0000034
all	3370	2	886578	0.0000023
all	3372	2	886578	0.0000023
all	3375	2	886578	0.0000023
all	3380	1	886578	0.0000011
all	3383	1	886578	0.0000011
all	3384	1	886578	0.0000011
all	3386	1	886578	0.0000011
all	3388	1	886578	0.0000011
all	3389	1	886578	0.0000011
all	3395	3	886578	0.0000034
all	3396	1	886578	0.0000011
all	3397	1	886578	0.0000011
all	3398	2	886578	0.0000023
all	3399	2	886578	0.0000023
all	3400	2	886578	0.0000023
all	3401	5	886578	0.0000056
all	3403	2	886578	0.0000023
all	3404	2	886578	0.0000023
all	3405	1	886578	0.0000011
all	3409	3	886578	0.0000034
all	3411	2	886578	0.0000023
all	3412	1	886578	0.0000011
all	3413	1	886578	0.0000011
all	3414	4	886578	0.0000045
all	3415	2	886578	0.0000023
all	3417	2	886578	0.0000023
all	3418	2	886578	0.0000023
all	3422	1	886578	0.0000011
all	3423	1	886578	0.0000011
all	3426	1	886578	0.0000011
all	3428	2	886578	0.0000023
all	3429	1	886578	0.0000011
all	3430	3	886578	0.0000034
all	3433	1	886578	0.0000011
all	3434	1	886578	0.0000011
all	3435	1	886578	0.0000011
all	3436	1	886578	0.0000011
all	3438	1	886578	0.0000011
all	3439	1	886578	0.0000011
all	3441	1	886578	0.0000011
all	3442	1	886578	0.0000011
all	3443	1	886578	0.0000011
all	3446	1	886578	0.0000011
all	3452	2	886578	0.0000023
all	3454	1	886578	0.0000011
all	3456	1	886578	0.0000011
all	3459	2	886578	0.0000023
all	3460	1	886578	0.0000011
all	3462	1	886578	0.0000011
all	3463	1	886578	0.0000011
all	3464	1	886578	0.0000011
all	3465	1	886578	0.0000011
all	3467	2	886578	0.0000023
all	3470	2	886578	0.0000023
all	3472	1	886578	0.0000011
all	3473	2	886578	0.0000023
all	3475	2	886578	0.0000023
all	3476	2	886578	0.0000023
all	3478	2	886578	0.0000023
all	3479	1	886578	0.0000011
all	3481	2	886578	0.0000023
all	3486	2	886578	0.0000023
all	3491	2	886578	0.0000023
all	3494	1	886578	0.0000011
all	3496	1	886578	0.0000011
all	3497	1	886578	0.0000011
all	3500	1	886578	0.0000011
all	3502	2	886578	0.0000023
all	3507	1	886578	0.0000011
all	3508	1	886578	0.0000011
all	3509	2	886578	0.0000023
all	3510	2	886578	0.0000023
all	3515	2	886578	0.0000023
all	3516	2	886578	0.0000023
all	3517	1	886578	0.0000011
all	3518	2	886578	0.0000023
all	3519	1	886578	0.0000011
all	3521	1	886578	0.0000011
all	3526	1	886578	0.0000011
all	3527	1	886578	0.0000011
all	3529	1	886578	0.0000011
all	3530	1	886578	0.0000011
all	3531	1	886578	0.0000011
all	3536	1	886578	0.0000011
all	3537	1	886578	0.0000011
all	3539	1	886578	0.0000011
all	3540	1	886578	0.0000011
all	3542	1	886578	0.0000011
all	3543	2	886578	0.0000023
all	3545	1	886578	0.0000011
all	3548	1	886578	0.0000011
all	3549	1	886578	0.0000011
all	3550	2	886578	0.0000023
all	3553	2	886578	0.0000023
all	3559	1	886578	0.0000011
all	3560	1	886578	0.0000011
all	3562	1	886578	0.0000011
all	3565	2	886578	0.0000023
all	3567	1	886578	0.0000011
all	3568	1	886578	0.0000011
all	3569	2	886578	0.0000023
all	3570	1	886578	0.0000011
all	3571	1	886578	0.0000011
all	3572	1	886578	0.0000011
all	3575	4	886578	0.0000045
all	3578	1	886578	0.0000011
all	3579	1	886578	0.0000011
all	3581	1	886578	0.0000011
all	3583	2	886578	0.0000023
all	3584	1	886578	0.0000011
all	3589	2	886578	0.0000023
all	3590	2	886578	0.0000023
all	3594	1	886578	0.0000011
all	3597	2	886578	0.0000023
all	3598	1	886578	0.0000011
all	3601	1	886578	0.0000011
all	3603	3	886578	0.0000034
all	3604	1	886578	0.0000011
all	3606	1	886578	0.0000011
all	3608	1	886578	0.0000011
all	3612	2	886578	0.0000023
all	3613	1	886578	0.0000011
all	3617	1	886578	0.0000011
all	3618	1	886578	0.0000011
all	3619	1	886578	0.0000011
all	3621	1	886578	0.0000011
all	3622	1	886578	0.0000011
all	3625	1	886578	0.0000011
all	3627	3	886578	0.0000034
all	3628	1	886578	0.0000011
all	3629	1	886578	0.0000011
all	3630	1	886578	0.0000011
all	3631	1	886578	0.0000011
all	3632	1	886578	0.0000011
all	3634	1	886578	0.0000011
all	3635	1	886578	0.0000011
all	3636	2	886578	0.0000023
all	3637	2	886578	0.0000023
all	3643	2	886578	0.0000023
all	3644	1	886578	0.0000011
all	3648	2	886578	0.0000023
all	3650	2	886578	0.0000023
all	3652	1	886578	0.0000011
all	3653	2	886578	0.0000023
all	3656	2	886578	0.0000023
all	3659	1	886578	0.0000011
all	3661	1	886578	0.0000011
all	3663	2	886578	0.0000023
all	3665	3	886578	0.0000034
all	3667	1	886578	0.0000011
all	3668	1	886578	0.0000011
all	3669	1	886578	0.0000011
all	3672	1	886578	0.0000011
all	3674	1	886578	0.0000011
all	3675	1	886578	0.0000011
all	3677	1	886578	0.0000011
all	3679	1	886578	0.0000011
all	3680	1	886578	0.0000011
all	3681	1	886578	0.0000011
all	3682	2	886578	0.0000023
all	3684	1	886578	0.0000011
all	3685	1	886578	0.0000011
all	3688	1	886578	0.0000011
all	3689	1	886578	0.0000011
all	3690	2	886578	0.0000023
all	3691	2	886578	0.0000023
all	3693	1	886578	0.0000011
all	3694	1	886578	0.0000011
all	3696	1	886578	0.0000011
all	3697	1	886578	0.0000011
all	3698	2	886578	0.0000023
all	3699	2	886578	0.0000023
all	3700	1	886578	0.0000011
all	3701	2	886578	0.0000023
all	3706	1	886578	0.0000011
all	3707	1	886578	0.0000011
all	3710	1	886578	0.0000011
all	3713	2	886578	0.0000023
all	3714	1	886578	0.0000011
all	3715	1	886578	0.0000011
all	3717	2	886578	0.0000023
all	3718	1	886578	0.0000011
all	3719	1	886578	0.0000011
all	3720	3	886578	0.0000034
all	3721	1	886578	0.0000011
all	3724	1	886578	0.0000011
all	3725	1	886578	0.0000011
all	3726	2	886578	0.0000023
all	3727	1	886578	0.0000011
all	3728	1	886578	0.0000011
all	3729	1	886578	0.0000011
all	3731	1	886578	0.0000011
all	3732	1	886578	0.0000011
all	3735	3	886578	0.0000034
all	3736	2	886578	0.0000023
all	3739	2	886578	0.0000023
all	3740	4	886578	0.0000045
all	3741	1	886578	0.0000011
all	3742	2	886578	0.0000023
all	3743	2	886578	0.0000023
all	3744	2	886578	0.0000023
all	3746	2	886578	0.0000023
all	3748	2	886578	0.0000023
all	3749	3	886578	0.0000034
all	3750	3	886578	0.0000034
all	3751	2	886578	0.0000023
all	3753	1	886578	0.0000011
all	3754	2	886578	0.0000023
all	3756	1	886578	0.0000011
all	3759	1	886578	0.0000011
all	3761	2	886578	0.0000023
all	3763	2	886578	0.0000023
all	3764	2	886578	0.0000023
all	3765	1	886578	0.0000011
all	3769	1	886578	0.0000011
all	3770	2	886578	0.0000023
all	3771	3	886578	0.0000034
all	3773	2	886578	0.0000023
all	3774	1	886578	0.0000011
all	3775	1	886578	0.0000011
all	3777	1	886578	0.0000011
all	3779	1	886578	0.0000011
all	3782	1	886578	0.0000011
all	3783	2	886578	0.0000023
all	3785	1	886578	0.0000011
all	3786	3	886578	0.0000034
all	3787	1	886578	0.0000011
all	3789	1	886578	0.0000011
all	3790	1	886578	0.0000011
all	3791	1	886578	0.0000011
all	3792	2	886578	0.0000023
all	3794	2	886578	0.0000023
all	3795	2	886578	0.0000023
all	3797	2	886578	0.0000023
all	3798	2	886578	0.0000023
all	3799	1	886578	0.0000011
all	3800	1	886578	0.0000011
all	3801	1	886578	0.0000011
all	3802	2	886578	0.0000023
all	3803	2	886578	0.0000023
all	3804	2	886578	0.0000023
all	3805	2	886578	0.0000023
all	3806	1	886578	0.0000011
all	3807	1	886578	0.0000011
all	3808	2	886578	0.0000023
all	3810	1	886578	0.0000011
all	3811	1	886578	0.0000011
all	3812	2	886578	0.0000023
all	3813	2	886578	0.0000023
all	3814	3	886578	0.0000034
all	3815	1	886578	0.0000011
all	3817	1	886578	0.0000011
all	3818	2	886578	0.0000023
all	3819	2	886578	0.0000023
all	3821	2	886578	0.0000023
all	3822	3	886578	0.0000034
all	3824	1	886578	0.0000011
all	3827	2	886578	0.0000023
all	3828	2	886578	0.0000023
all	3831	1	886578	0.0000011
all	3832	1	886578	0.0000011
all	3833	2	886578	0.0000023
all	3834	1	886578	0.0000011
all	3835	2	886578	0.0000023
all	3836	1	886578	0.0000011
all	3837	3	886578	0.0000034
all	3838	2	886578	0.0000023
all	3841	1	886578	0.0000011
all	3842	2	886578	0.0000023
all	3844	1	886578	0.0000011
all	3845	1	886578	0.0000011
all	3847	1	886578	0.0000011
all	3848	2	886578	0.0000023
all	3850	1	886578	0.0000011
all	3851	1	886578	0.0000011
all	3852	3	886578	0.0000034
all	3853	1	886578	0.0000011
all	3855	1	886578	0.0000011
all	3856	2	886578	0.0000023
all	3857	1	886578	0.0000011
all	3858	2	886578	0.0000023
all	3859	3	886578	0.0000034
all	3860	2	886578	0.0000023
all	3861	2	886578	0.0000023
all	3862	2	886578	0.0000023
all	3863	3	886578	0.0000034
all	3864	2	886578	0.0000023
all	3866	4	886578	0.0000045
all	3868	2	886578	0.0000023
all	3871	2	886578	0.0000023
all	3872	2	886578	0.0000023
all	3873	1	886578	0.0000011
all	3877	2	886578	0.0000023
all	3879	2	886578	0.0000023
all	3881	3	886578	0.0000034
all	3882	1	886578	0.0000011
all	3883	2	886578	0.0000023
all	3885	1	886578	0.0000011
all	3886	1	886578	0.0000011
all	3887	1	886578	0.0000011
all	3890	1	886578	0.0000011
all	3893	1	886578	0.0000011
all	3894	2	886578	0.0000023
all	3895	3	886578	0.0000034
all	3898	2	886578	0.0000023
all	3901	1	886578	0.0000011
all	3902	1	886578	0.0000011
all	3903	1	886578	0.0000011
all	3907	1	886578	0.0000011
all	3911	2	886578	0.0000023
all	3913	1	886578	0.0000011
all	3914	1	886578	0.0000011
all	3916	2	886578	0.0000023
all	3921	1	886578	0.0000011
all	3922	1	886578	0.0000011
all	3923	1	886578	0.0000011
all	3924	1	886578	0.0000011
all	3925	1	886578	0.0000011
all	3926	3	886578	0.0000034
all	3927	1	886578	0.0000011
all	3929	1	886578	0.0000011
all	3934	1	886578	0.0000011
all	3939	1	886578	0.0000011
all	3941	1	886578	0.0000011
all	3942	1	886578	0.0000011
all	3943	2	886578	0.0000023
all	3945	2	886578	0.0000023
all	3947	2	886578	0.0000023
all	3948	1	886578	0.0000011
all	3949	1	886578	0.0000011
all	3950	1	886578	0.0000011
all	3952	2	886578	0.0000023
all	3954	1	886578	0.0000011
all	3956	2	886578	0.0000023
all	3957	2	886578	0.0000023
all	3966	1	886578	0.0000011
all	3969	1	886578	0.0000011
all	3974	1	886578	0.0000011
all	3976	1	886578	0.0000011
all	3977	1	886578	0.0000011
all	3980	1	886578	0.0000011
all	3981	1	886578	0.0000011
all	3982	1	886578	0.0000011
all	3983	1	886578	0.0000011
all	3984	1	886578	0.0000011
all	3985	2	886578	0.0000023
all	3990	2	886578	0.0000023
all	3992	3	886578	0.0000034
all	3993	1	886578	0.0000011
all	3994	1	886578	0.0000011
all	3995	1	886578	0.0000011
all	3996	1	886578	0.0000011
all	3997	1	886578	0.0000011
all	3999	1	886578	0.0000011
all	4001	2	886578	0.0000023
all	4002	1	886578	0.0000011
all	4005	1	886578	0.0000011
all	4009	1	886578	0.0000011
all	4011	1	886578	0.0000011
all	4015	3	886578	0.0000034
all	4017	1	886578	0.0000011
all	4025	1	886578	0.0000011
all	4027	1	886578	0.0000011
all	4029	1	886578	0.0000011
all	4030	1	886578	0.0000011
all	4032	1	886578	0.0000011
all	4038	1	886578	0.0000011
all	4040	2	886578	0.0000023
all	4041	3	886578	0.0000034
all	4044	1	886578	0.0000011
all	4045	1	886578	0.0000011
all	4047	1	886578	0.0000011
all	4048	1	886578	0.0000011
all	4049	2	886578	0.0000023
all	4051	1	886578	0.0000011
all	4052	1	886578	0.0000011
all	4053	1	886578	0.0000011
all	4054	1	886578	0.0000011
all	4058	2	886578	0.0000023
all	4061	1	886578	0.0000011
all	4064	1	886578	0.0000011
all	4065	1	886578	0.0000011
all	4070	1	886578	0.0000011
all	4071	2	886578	0.0000023
all	4073	1	886578	0.0000011
all	4082	1	886578	0.0000011
all	4084	2	886578	0.0000023
all	4086	1	886578	0.0000011
all	4088	1	886578	0.0000011
all	4089	1	886578	0.0000011
all	4090	1	886578	0.0000011
all	4094	2	886578	0.0000023
all	4097	3	886578	0.0000034
all	4099	3	886578	0.0000034
all	4100	6	886578	0.0000068
all	4101	1	886578	0.0000011
all	4102	1	886578	0.0000011
all	4104	5	886578	0.0000056
all	4105	3	886578	0.0000034
all	4106	3	886578	0.0000034
all	4108	1	886578	0.0000011
all	4109	8	886578	0.0000090
all	4111	1	886578	0.0000011
all	4112	1	886578	0.0000011
all	4113	2	886578	0.0000023
all	4116	1	886578	0.0000011
all	4119	3	886578	0.0000034
all	4121	1	886578	0.0000011
all	4122	2	886578	0.0000023
all	4123	8	886578	0.0000090
all	4124	3	886578	0.0000034
all	4125	3	886578	0.0000034
all	4126	5	886578	0.0000056
all	4127	4	886578	0.0000045
all	4128	1	886578	0.0000011
all	4130	1	886578	0.0000011
all	4133	1	886578	0.0000011
all	4134	1	886578	0.0000011
all	4135	1	886578	0.0000011
all	4136	4	886578	0.0000045
all	4138	2	886578	0.0000023
all	4139	2	886578	0.0000023
all	4140	3	886578	0.0000034
all	4142	2	886578	0.0000023
all	4143	1	886578	0.0000011
all	4144	1	886578	0.0000011
all	4146	2	886578	0.0000023
all	4147	1	886578	0.0000011
all	4148	1	886578	0.0000011
all	4149	1	886578	0.0000011
all	4151	1	886578	0.0000011
all	4156	2	886578	0.0000023
all	4161	2	886578	0.0000023
all	4163	1	886578	0.0000011
all	4165	1	886578	0.0000011
all	4167	2	886578	0.0000023
all	4168	1	886578	0.0000011
all	4171	1	886578	0.0000011
all	4172	2	886578	0.0000023
all	4174	1	886578	0.0000011
all	4175	2	886578	0.0000023
all	4176	1	886578	0.0000011
all	4178	1	886578	0.0000011
all	4179	1	886578	0.0000011
all	4181	2	886578	0.0000023
all	4186	1	886578	0.0000011
all	4191	1	886578	0.0000011
all	4192	1	886578	0.0000011
all	4193	1	886578	0.0000011
all	4194	1	886578	0.0000011
all	4195	2	886578	0.0000023
all	4196	1	886578	0.0000011
all	4202	1	886578	0.0000011
all	4204	1	886578	0.0000011
all	4205	1	886578	0.0000011
all	4206	1	886578	0.0000011
all	4213	1	886578	0.0000011
all	4216	1	886578	0.0000011
all	4220	2	886578	0.0000023
all	4226	1	886578	0.0000011
all	4228	1	886578	0.0000011
all	4229	1	886578	0.0000011
all	4230	1	886578	0.0000011
all	4231	1	886578	0.0000011
all	4234	1	886578	0.0000011
all	4235	1	886578	0.0000011
all	4241	2	886578	0.0000023
all	4243	1	886578	0.0000011
all	4245	1	886578	0.0000011
all	4246	1	886578	0.0000011
all	4256	2	886578	0.0000023
all	4257	2	886578	0.0000023
all	4261	1	886578	0.0000011
all	4263	1	886578	0.0000011
all	4264	1	886578	0.0000011
all	4269	1	886578	0.0000011
all	4273	1	886578	0.0000011
all	4276	1	886578	0.0000011
all	4279	1	886578	0.0000011
all	4285	1	886578	0.0000011
all	4286	1	886578	0.0000011
all	4288	1	886578	0.0000011
all	4292	1	886578	0.0000011
all	4296	2	886578	0.0000023
all	4297	1	886578	0.0000011
all	4300	2	886578	0.0000023
all	4301	1	886578	0.0000011
all	4307	1	886578	0.0000011
all	4309	1	886578	0.0000011
all	4310	1	886578	0.0000011
all	4312	2	886578	0.0000023
all	4314	1	886578	0.0000011
all	4315	1	886578	0.0000011
all	4317	1	886578	0.0000011
all	4320	2	886578	0.0000023
all	4322	1	886578	0.0000011
all	4324	1	886578	0.0000011
all	4325	1	886578	0.0000011
all	4327	1	886578	0.0000011
all	4330	2	886578	0.0000023
all	4333	3	886578	0.0000034
all	4334	1	886578	0.0000011
all	4342	1	886578	0.0000011
all	4345	1	886578	0.0000011
all	4349	1	886578	0.0000011
all	4351	1	886578	0.0000011
all	4353	1	886578	0.0000011
all	4354	1	886578	0.0000011
all	4357	3	886578	0.0000034
all	4359	1	886578	0.0000011
all	4363	2	886578	0.0000023
all	4366	1	886578	0.0000011
all	4370	2	886578	0.0000023
all	4374	1	886578	0.0000011
all	4375	1	886578	0.0000011
all	4376	2	886578	0.0000023
all	4377	3	886578	0.0000034
all	4383	1	886578	0.0000011
all	4386	1	886578	0.0000011
all	4388	1	886578	0.0000011
all	4391	1	886578	0.0000011
all	4393	2	886578	0.0000023
all	4394	1	886578	0.0000011
all	4400	3	886578	0.0000034
all	4403	2	886578	0.0000023
all	4407	2	886578	0.0000023
all	4408	1	886578	0.0000011
all	4411	1	886578	0.0000011
all	4412	1	886578	0.0000011
all	4414	1	886578	0.0000011
all	4416	1	886578	0.0000011
all	4418	1	886578	0.0000011
all	4419	1	886578	0.0000011
all	4421	2	886578	0.0000023
all	4422	1	886578	0.0000011
all	4427	1	886578	0.0000011
all	4432	2	886578	0.0000023
all	4435	2	886578	0.0000023
all	4436	1	886578	0.0000011
all	4438	1	886578	0.0000011
all	4439	1	886578	0.0000011
all	4440	1	886578	0.0000011
all	4448	1	886578	0.0000011
all	4449	1	886578	0.0000011
all	4450	1	886578	0.0000011
all	4451	2	886578	0.0000023
all	4454	1	886578	0.0000011
all	4456	1	886578	0.0000011
all	4458	1	886578	0.0000011
all	4460	1	886578	0.0000011
all	4462	4	886578	0.0000045
all	4471	1	886578	0.0000011
all	4473	1	886578	0.0000011
all	4474	1	886578	0.0000011
all	4475	1	886578	0.0000011
all	4476	1	886578	0.0000011
all	4477	1	886578	0.0000011
all	4479	1	886578	0.0000011
all	4483	1	886578	0.0000011
all	4485	2	886578	0.0000023
all	4487	1	886578	0.0000011
all	4488	1	886578	0.0000011
all	4491	1	886578	0.0000011
all	4494	1	886578	0.0000011
all	4495	1	886578	0.0000011
all	4497	1	886578	0.0000011
all	4503	1	886578	0.0000011
all	4505	2	886578	0.0000023
all	4507	2	886578	0.0000023
all	4513	1	886578	0.0000011
all	4514	1	886578	0.0000011
all	4516	1	886578	0.0000011
all	4518	1	886578	0.0000011
all	4521	1	886578	0.0000011
all	4523	1	886578	0.0000011
all	4526	1	886578	0.0000011
all	4527	1	886578	0.0000011
all	4529	1	886578	0.0000011
all	4530	1	886578	0.0000011
all	4533	1	886578	0.0000011
all	4535	2	886578	0.0000023
all	4539	2	886578	0.0000023
all	4542	1	886578	0.0000011
all	4543	1	886578	0.0000011
all	4544	1	886578	0.0000011
all	4545	1	886578	0.0000011
all	4546	2	886578	0.0000023
all	4559	1	886578	0.0000011
all	4561	1	886578	0.0000011
all	4562	1	886578	0.0000011
all	4563	1	886578	0.0000011
all	4566	1	886578	0.0000011
all	4567	1	886578	0.0000011
all	4571	1	886578	0.0000011
all	4572	1	886578	0.0000011
all	4573	1	886578	0.0000011
all	4574	4	886578	0.0000045
all	4575	2	886578	0.0000023
all	4576	1	886578	0.0000011
all	4579	2	886578	0.0000023
all	4580	2	886578	0.0000023
all	4581	1	886578	0.0000011
all	4582	1	886578	0.0000011
all	4583	1	886578	0.0000011
all	4585	1	886578	0.0000011
all	4587	4	886578	0.0000045
all	4591	1	886578	0.0000011
all	4592	1	886578	0.0000011
all	4594	1	886578	0.0000011
all	4598	2	886578	0.0000023
all	4599	1	886578	0.0000011
all	4606	2	886578	0.0000023
all	4607	1	886578	0.0000011
all	4609	1	886578	0.0000011
all	4611	1	886578	0.0000011
all	4613	1	886578	0.0000011
all	4617	1	886578	0.0000011
all	4620	2	886578	0.0000023
all	4624	1	886578	0.0000011
all	4625	1	886578	0.0000011
all	4630	2	886578	0.0000023
all	4637	1	886578	0.0000011
all	4638	2	886578	0.0000023
all	4639	2	886578	0.0000023
all	4642	1	886578	0.0000011
all	4644	2	886578	0.0000023
all	4649	1	886578	0.0000011
all	4650	2	886578	0.0000023
all	4651	1	886578	0.0000011
all	4652	1	886578	0.0000011
all	4653	5	886578	0.0000056
all	4654	1	886578	0.0000011
all	4655	1	886578	0.0000011
all	4656	1	886578	0.0000011
all	4658	1	886578	0.0000011
all	4659	3	886578	0.0000034
all	4661	2	886578	0.0000023
all	4665	1	886578	0.0000011
all	4666	3	886578	0.0000034
all	4667	1	886578	0.0000011
all	4671	2	886578	0.0000023
all	4674	1	886578	0.0000011
all	4675	2	886578	0.0000023
all	4676	1	886578	0.0000011
all	4677	4	886578	0.0000045
all	4679	1	886578	0.0000011
all	4680	2	886578	0.0000023
all	4684	1	886578	0.0000011
all	4688	1	886578	0.0000011
all	4689	1	886578	0.0000011
all	4691	2	886578	0.0000023
all	4692	2	886578	0.0000023
all	4693	1	886578	0.0000011
all	4694	1	886578	0.0000011
all	4695	1	886578	0.0000011
all	4698	1	886578	0.0000011
all	4700	1	886578	0.0000011
all	4703	2	886578	0.0000023
all	4708	1	886578	0.0000011
all	4715	1	886578	0.0000011
all	4723	3	886578	0.0000034
all	4731	2	886578	0.0000023
all	4732	1	886578	0.0000011
all	4733	1	886578	0.0000011
all	4737	1	886578	0.0000011
all	4740	1	886578	0.0000011
all	4745	1	886578	0.0000011
all	4746	2	886578	0.0000023
all	4751	2	886578	0.0000023
all	4756	1	886578	0.0000011
all	4757	1	886578	0.0000011
all	4759	4	886578	0.0000045
all	4761	1	886578	0.0000011
all	4763	1	886578	0.0000011
all	4764	2	886578	0.0000023
all	4769	1	886578	0.0000011
all	4771	1	886578	0.0000011
all	4774	2	886578	0.0000023
all	4775	1	886578	0.0000011
all	4776	1	886578	0.0000011
all	4777	1	886578	0.0000011
all	4780	2	886578	0.0000023
all	4781	2	886578	0.0000023
all	4785	1	886578	0.0000011
all	4789	1	886578	0.0000011
all	4790	1	886578	0.0000011
all	4791	2	886578	0.0000023
all	4794	1	886578	0.0000011
all	4795	1	886578	0.0000011
all	4796	1	886578	0.0000011
all	4797	1	886578	0.0000011
all	4800	1	886578	0.0000011
all	4801	1	886578	0.0000011
all	4802	1	886578	0.0000011
all	4804	4	886578	0.0000045
all	4808	1	886578	0.0000011
all	4810	2	886578	0.0000023
all	4812	1	886578	0.0000011
all	4813	1	886578	0.0000011
all	4815	2	886578	0.0000023
all	4821	1	886578	0.0000011
all	4823	1	886578	0.0000011
all	4834	1	886578	0.0000011
all	4842	1	886578	0.0000011
all	4844	1	886578	0.0000011
all	4847	1	886578	0.0000011
all	4855	1	886578	0.0000011
all	4857	1	886578	0.0000011
all	4866	1	886578	0.0000011
all	4868	2	886578	0.0000023
all	4870	1	886578	0.0000011
all	4872	1	886578	0.0000011
all	4876	1	886578	0.0000011
all	4882	1	886578	0.0000011
all	4883	2	886578	0.0000023
all	4884	1	886578	0.0000011
all	4888	1	886578	0.0000011
all	4895	2	886578	0.0000023
all	4899	1	886578	0.0000011
all	4903	1	886578	0.0000011
all	4908	1	886578	0.0000011
all	4910	1	886578	0.0000011
all	4912	1	886578	0.0000011
all	4915	1	886578	0.0000011
all	4916	1	886578	0.0000011
all	4918	1	886578	0.0000011
all	4926	1	886578	0.0000011
all	4932	1	886578	0.0000011
all	4935	1	886578	0.0000011
all	4936	1	886578	0.0000011
all	4937	1	886578	0.0000011
all	4938	2	886578	0.0000023
all	4942	1	886578	0.0000011
all	4947	1	886578	0.0000011
all	4951	1	886578	0.0000011
all	4952	1	886578	0.0000011
all	4956	1	886578	0.0000011
all	4957	1	886578	0.0000011
all	4958	1	886578	0.0000011
all	4967	1	886578	0.0000011
all	4968	1	886578	0.0000011
all	4972	1	886578	0.0000011
all	4973	2	886578	0.0000023
all	4974	1	886578	0.0000011
all	4977	1	886578	0.0000011
all	4978	1	886578	0.0000011
all	4981	1	886578	0.0000011
all	4982	1	886578	0.0000011
all	4984	1	886578	0.0000011
all	4986	1	886578	0.0000011
all	4987	2	886578	0.0000023
all	4990	1	886578	0.0000011
all	4993	2	886578	0.0000023
all	4994	1	886578	0.0000011
all	4996	1	886578	0.0000011
all	4997	1	886578	0.0000011
all	4999	1	886578	0.0000011
all	5002	2	886578	0.0000023
all	5003	2	886578	0.0000023
all	5005	1	886578	0.0000011
all	5007	1	886578	0.0000011
all	5008	1	886578	0.0000011
all	5009	1	886578	0.0000011
all	5010	1	886578	0.0000011
all	5012	1	886578	0.0000011
all	5013	1	886578	0.0000011
all	5016	1	886578	0.0000011
all	5020	1	886578	0.0000011
all	5023	1	886578	0.0000011
all	5025	2	886578	0.0000023
all	5027	3	886578	0.0000034
all	5028	1	886578	0.0000011
all	5029	1	886578	0.0000011
all	5030	5	886578	0.0000056
all	5031	1	886578	0.0000011
all	5032	2	886578	0.0000023
all	5034	3	886578	0.0000034
all	5035	1	886578	0.0000011
all	5036	2	886578	0.0000023
all	5041	1	886578	0.0000011
all	5042	2	886578	0.0000023
all	5043	3	886578	0.0000034
all	5044	1	886578	0.0000011
all	5045	1	886578	0.0000011
all	5047	2	886578	0.0000023
all	5049	1	886578	0.0000011
all	5050	1	886578	0.0000011
all	5052	1	886578	0.0000011
all	5055	1	886578	0.0000011
all	5056	2	886578	0.0000023
all	5058	4	886578	0.0000045
all	5059	1	886578	0.0000011
all	5062	2	886578	0.0000023
all	5063	2	886578	0.0000023
all	5064	3	886578	0.0000034
all	5068	1	886578	0.0000011
all	5069	1	886578	0.0000011
all	5074	2	886578	0.0000023
all	5075	1	886578	0.0000011
all	5077	1	886578	0.0000011
all	5078	1	886578	0.0000011
all	5079	1	886578	0.0000011
all	5083	1	886578	0.0000011
all	5085	1	886578	0.0000011
all	5092	1	886578	0.0000011
all	5096	1	886578	0.0000011
all	5100	1	886578	0.0000011
all	5101	1	886578	0.0000011
all	5102	1	886578	0.0000011
all	5105	1	886578	0.0000011
all	5117	1	886578	0.0000011
all	5120	1	886578	0.0000011
all	5125	1	886578	0.0000011
all	5131	1	886578	0.0000011
all	5136	1	886578	0.0000011
all	5137	1	886578	0.0000011
all	5145	1	886578	0.0000011
all	5149	1	886578	0.0000011
all	5159	1	886578	0.0000011
all	5170	1	886578	0.0000011
all	5171	1	886578	0.0000011
all	5186	1	886578	0.0000011
all	5195	1	886578	0.0000011
all	5196	1	886578	0.0000011
all	5199	1	886578	0.0000011
all	5203	1	886578	0.0000011
all	5204	1	886578	0.0000011
all	5209	1	886578	0.0000011
all	5214	1	886578	0.0000011
all	5222	1	886578	0.0000011
all	5227	1	886578	0.0000011
all	5230	1	886578	0.0000011
all	5231	1	886578	0.0000011
all	5234	1	886578	0.0000011
all	5239	1	886578	0.0000011
all	5246	1	886578	0.0000011
all	5249	1	886578	0.0000011
all	5258	1	886578	0.0000011
all	5266	1	886578	0.0000011
all	5271	1	886578	0.0000011
all	5273	1	886578	0.0000011
all	5279	1	886578	0.0000011
all	5281	1	886578	0.0000011
all	5284	1	886578	0.0000011
all	5285	1	886578	0.0000011
all	5289	1	886578	0.0000011
all	5300	1	886578	0.0000011
all	5302	2	886578	0.0000023
all	5304	1	886578	0.0000011
all	5309	1	886578	0.0000011
all	5316	1	886578	0.0000011
all	5329	1	886578	0.0000011
all	5336	1	886578	0.0000011
all	5339	3	886578	0.0000034
all	5342	1	886578	0.0000011
all	5348	1	886578	0.0000011
all	5351	1	886578	0.0000011
all	5357	1	886578	0.0000011
all	5358	1	886578	0.0000011
all	5362	1	886578	0.0000011
all	5363	1	886578	0.0000011
all	5364	1	886578	0.0000011
all	5366	1	886578	0.0000011
all	5367	1	886578	0.0000011
all	5372	1	886578	0.0000011
all	5374	1	886578	0.0000011
all	5377	1	886578	0.0000011
all	5380	1	886578	0.0000011
all	5383	1	886578	0.0000011
all	5391	1	886578	0.0000011
all	5415	1	886578	0.0000011
all	5417	1	886578	0.0000011
all	5418	1	886578	0.0000011
all	5427	1	886578	0.0000011
all	5432	1	886578	0.0000011
all	5442	1	886578	0.0000011
all	5469	1	886578	0.0000011
all	5472	1	886578	0.0000011
all	5479	1	886578	0.0000011
all	5489	1	886578	0.0000011
all	5491	1	886578	0.0000011
all	5499	1	886578	0.0000011
all	5505	1	886578	0.0000011
all	5518	1	886578	0.0000011
all	5523	1	886578	0.0000011
all	5524	1	886578	0.0000011
all	5528	1	886578	0.0000011
all	5552	1	886578	0.0000011
all	5554	1	886578	0.0000011
all	5559	1	886578	0.0000011
all	5563	1	886578	0.0000011
all	5566	1	886578	0.0000011
all	5571	1	886578	0.0000011
all	5578	1	886578	0.0000011
all	5594	1	886578	0.0000011
all	5595	1	886578	0.0000011
all	5603	1	886578	0.0000011
all	5605	1	886578	0.0000011
all	5613	1	886578	0.0000011
all	5620	1	886578	0.0000011
all	5649	1	886578	0.0000011
all	5650	1	886578	0.0000011
all	5662	1	886578	0.0000011
all	5664	1	886578	0.0000011
all	5677	1	886578	0.0000011
all	5678	1	886578	0.0000011
all	5699	1	886578	0.0000011
all	5708	1	886578	0.0000011
all	5722	1	886578	0.0000011
all	5723	1	886578	0.0000011
all	5728	1	886578	0.0000011
all	5736	1	886578	0.0000011
all	5741	1	886578	0.0000011
all	5744	1	886578	0.0000011
all	5749	1	886578	0.0000011
all	5753	1	886578	0.0000011
all	5757	1	886578	0.0000011
all	5771	1	886578	0.0000011
all	5772	1	886578	0.0000011
all	5780	1	886578	0.0000011
all	5783	1	886578	0.0000011
all	5786	1	886578	0.0000011
all	5791	1	886578	0.0000011
all	5802	1	886578	0.0000011
all	5808	1	886578	0.0000011
all	5822	1	886578	0.0000011
all	5826	1	886578	0.0000011
all	5835	1	886578	0.0000011
all	5842	1	886578	0.0000011
all	5859	2	886578	0.0000023
all	5865	1	886578	0.0000011
all	5866	2	886578	0.0000023
all	5871	1	886578	0.0000011
all	5881	2	886578	0.0000023
all	5891	1	886578	0.0000011
all	5899	1	886578	0.0000011
all	5911	1	886578	0.0000011
all	5912	1	886578	0.0000011
all	5920	1	886578	0.0000011
all	5926	1	886578	0.0000011
all	5929	2	886578	0.0000023
all	5931	1	886578	0.0000011
all	5933	1	886578	0.0000011
all	5937	1	886578	0.0000011
all	5963	1	886578	0.0000011
all	5973	2	886578	0.0000023
all	5974	1	886578	0.0000011
all	5977	1	886578	0.0000011
all	5978	1	886578	0.0000011
all	5997	1	886578	0.0000011
all	6000	1	886578	0.0000011
all	6012	1	886578	0.0000011
all	6022	1	886578	0.0000011
all	6029	1	886578	0.0000011
all	6030	1	886578	0.0000011
all	6039	1	886578	0.0000011
all	6045	1	886578	0.0000011
all	6052	1	886578	0.0000011
all	6059	1	886578	0.0000011
all	6063	2	886578	0.0000023
all	6072	1	886578	0.0000011
all	6079	1	886578	0.0000011
all	6084	1	886578	0.0000011
all	6086	1	886578	0.0000011
all	6088	1	886578	0.0000011
all	6091	1	886578	0.0000011
all	6099	1	886578	0.0000011
all	6102	1	886578	0.0000011
all	6113	1	886578	0.0000011
all	6118	2	886578	0.0000023
all	6120	1	886578	0.0000011
all	6124	1	886578	0.0000011
all	6127	2	886578	0.0000023
all	6146	1	886578	0.0000011
all	6147	1	886578	0.0000011
all	6174	1	886578	0.0000011
all	6176	1	886578	0.0000011
all	6181	1	886578	0.0000011
all	6182	1	886578	0.0000011
all	6187	1	886578	0.0000011
all	6206	1	886578	0.0000011
all	6212	1	886578	0.0000011
all	6220	1	886578	0.0000011
all	6223	1	886578	0.0000011
all	6229	1	886578	0.0000011
all	6230	1	886578	0.0000011
all	6231	1	886578	0.0000011
all	6244	2	886578	0.0000023
all	6267	2	886578	0.0000023
all	6271	1	886578	0.0000011
all	6273	1	886578	0.0000011
all	6277	1	886578	0.0000011
all	6289	1	886578	0.0000011
all	6290	2	886578	0.0000023
all	6294	1	886578	0.0000011
all	6308	1	886578	0.0000011
all	6312	1	886578	0.0000011
all	6314	1	886578	0.0000011
all	6316	1	886578	0.0000011
all	6325	2	886578	0.0000023
all	6332	1	886578	0.0000011
all	6333	1	886578	0.0000011
all	6334	1	886578	0.0000011
all	6338	1	886578	0.0000011
all	6341	2	886578	0.0000023
all	6348	2	886578	0.0000023
all	6353	1	886578	0.0000011
all	6354	1	886578	0.0000011
all	6361	3	886578	0.0000034
all	6366	1	886578	0.0000011
all	6369	1	886578	0.0000011
all	6378	1	886578	0.0000011
all	6382	2	886578	0.0000023
all	6390	1	886578	0.0000011
all	6394	1	886578	0.0000011
all	6400	1	886578	0.0000011
all	6414	1	886578	0.0000011
all	6418	1	886578	0.0000011
all	6419	1	886578	0.0000011
all	6420	1	886578	0.0000011
all	6430	1	886578	0.0000011
all	6433	1	886578	0.0000011
all	6436	1	886578	0.0000011
all	6442	1	886578	0.0000011
all	6444	1	886578	0.0000011
all	6445	1	886578	0.0000011
all	6447	1	886578	0.0000011
all	6454	1	886578	0.0000011
all	6463	3	886578	0.0000034
all	6464	1	886578	0.0000011
all	6467	1	886578	0.0000011
all	6472	1	886578	0.0000011
all	6474	1	886578	0.0000011
all	6476	2	886578	0.0000023
all	6481	1	886578	0.0000011
all	6494	1	886578	0.0000011
all	6496	1	886578	0.0000011
all	6502	2	886578	0.0000023
all	6503	1	886578	0.0000011
all	6507	1	886578	0.0000011
all	6512	1	886578	0.0000011
all	6514	1	886578	0.0000011
all	6522	1	886578	0.0000011
all	6523	1	886578	0.0000011
all	6524	1	886578	0.0000011
all	6525	1	886578	0.0000011
all	6529	1	886578	0.0000011
all	6530	1	886578	0.0000011
all	6532	1	886578	0.0000011
all	6536	1	886578	0.0000011
all	6537	1	886578	0.0000011
all	6545	1	886578	0.0000011
all	6548	1	886578	0.0000011
all	6556	1	886578	0.0000011
all	6565	1	886578	0.0000011
all	6571	1	886578	0.0000011
all	6574	1	886578	0.0000011
all	6575	1	886578	0.0000011
all	6584	1	886578	0.0000011
all	6587	1	886578	0.0000011
all	6589	1	886578	0.0000011
all	6592	1	886578	0.0000011
all	6595	1	886578	0.0000011
all	6599	1	886578	0.0000011
all	6600	1	886578	0.0000011
all	6604	1	886578	0.0000011
all	6611	1	886578	0.0000011
all	6613	1	886578	0.0000011
all	6616	2	886578	0.0000023
all	6617	1	886578	0.0000011
all	6619	1	886578	0.0000011
all	6621	1	886578	0.0000011
all	6622	1	886578	0.0000011
all	6624	2	886578	0.0000023
all	6628	1	886578	0.0000011
all	6634	1	886578	0.0000011
all	6638	1	886578	0.0000011
all	6641	1	886578	0.0000011
all	6642	2	886578	0.0000023
all	6644	2	886578	0.0000023
all	6647	1	886578	0.0000011
all	6650	2	886578	0.0000023
all	6656	1	886578	0.0000011
all	6660	1	886578	0.0000011
all	6661	1	886578	0.0000011
all	6664	1	886578	0.0000011
all	6667	1	886578	0.0000011
all	6671	2	886578	0.0000023
all	6672	1	886578	0.0000011
all	6673	1	886578	0.0000011
all	6678	1	886578	0.0000011
all	6679	1	886578	0.0000011
all	6683	1	886578	0.0000011
all	6684	1	886578	0.0000011
all	6688	1	886578	0.0000011
all	6696	1	886578	0.0000011
all	6697	1	886578	0.0000011
all	6700	2	886578	0.0000023
all	6706	1	886578	0.0000011
all	6710	1	886578	0.0000011
all	6718	1	886578	0.0000011
all	6722	1	886578	0.0000011
all	6726	2	886578	0.0000023
all	6732	1	886578	0.0000011
all	6736	1	886578	0.0000011
all	6737	1	886578	0.0000011
all	6740	1	886578	0.0000011
all	6741	1	886578	0.0000011
all	6743	1	886578	0.0000011
all	6744	2	886578	0.0000023
all	6745	1	886578	0.0000011
all	6749	2	886578	0.0000023
all	6760	1	886578	0.0000011
all	6762	1	886578	0.0000011
all	6767	1	886578	0.0000011
all	6769	1	886578	0.0000011
all	6770	2	886578	0.0000023
all	6771	2	886578	0.0000023
all	6772	1	886578	0.0000011
all	6773	1	886578	0.0000011
all	6776	1	886578	0.0000011
all	6778	1	886578	0.0000011
all	6781	2	886578	0.0000023
all	6782	1	886578	0.0000011
all	6792	4	886578	0.0000045
all	6793	1	886578	0.0000011
all	6796	1	886578	0.0000011
all	6798	2	886578	0.0000023
all	6799	1	886578	0.0000011
all	6801	1	886578	0.0000011
all	6806	1	886578	0.0000011
all	6818	3	886578	0.0000034
all	6821	1	886578	0.0000011
all	6825	1	886578	0.0000011
all	6826	1	886578	0.0000011
all	6828	1	886578	0.0000011
all	6829	2	886578	0.0000023
all	6833	1	886578	0.0000011
all	6834	2	886578	0.0000023
all	6840	1	886578	0.0000011
all	6842	1	886578	0.0000011
all	6844	1	886578	0.0000011
all	6848	1	886578	0.0000011
all	6851	1	886578	0.0000011
all	6854	1	886578	0.0000011
all	6858	2	886578	0.0000023
all	6859	1	886578	0.0000011
all	6860	1	886578	0.0000011
all	6865	1	886578	0.0000011
all	6866	1	886578	0.0000011
all	6876	1	886578	0.0000011
all	6894	1	886578	0.0000011
all	6898	1	886578	0.0000011
all	6912	1	886578	0.0000011
all	6926	1	886578	0.0000011
all	6946	1	886578	0.0000011
all	6949	1	886578	0.0000011
all	6962	1	886578	0.0000011
all	6966	1	886578	0.0000011
all	6967	1	886578	0.0000011
all	6978	1	886578	0.0000011
all	6985	1	886578	0.0000011
all	7029	1	886578	0.0000011
all	7039	1	886578	0.0000011
all	7040	1	886578	0.0000011
all	7045	1	886578	0.0000011
all	7058	1	886578	0.0000011
all	7064	1	886578	0.0000011
all	7071	1	886578	0.0000011
all	7087	1	886578	0.0000011
all	7099	1	886578	0.0000011
all	7103	1	886578	0.0000011
all	7104	1	886578	0.0000011
all	7109	1	886578	0.0000011
all	7135	1	886578	0.0000011
all	7150	1	886578	0.0000011
all	7171	1	886578	0.0000011
all	7182	1	886578	0.0000011
all	7183	1	886578	0.0000011
all	7188	1	886578	0.0000011
all	7219	1	886578	0.0000011
all	7223	1	886578	0.0000011
all	7234	1	886578	0.0000011
all	7235	1	886578	0.0000011
all	7250	1	886578	0.0000011
all	7259	1	886578	0.0000011
all	7264	1	886578	0.0000011
all	7265	2	886578	0.0000023
all	7272	1	886578	0.0000011
all	7276	1	886578	0.0000011
all	7278	1	886578	0.0000011
all	7286	1	886578	0.0000011
all	7293	1	886578	0.0000011
all	7294	1	886578	0.0000011
all	7312	1	886578	0.0000011
all	7322	1	886578	0.0000011
all	7336	1	886578	0.0000011
all	7349	1	886578	0.0000011
all	7361	1	886578	0.0000011
all	7367	1	886578	0.0000011
all	7383	1	886578	0.0000011
all	7385	1	886578	0.0000011
all	7401	1	886578	0.0000011
all	7402	1	886578	0.0000011
all	7408	1	886578	0.0000011
all	7409	1	886578	0.0000011
all	7415	1	886578	0.0000011
all	7422	1	886578	0.0000011
all	7441	1	886578	0.0000011
all	7442	1	886578	0.0000011
all	7443	1	886578	0.0000011
all	7460	1	886578	0.0000011
all	7461	1	886578	0.0000011
all	7471	1	886578	0.0000011
all	7489	1	886578	0.0000011
all	7500	1	886578	0.0000011
all	7501	1	886578	0.0000011
all	7509	1	886578	0.0000011
all	7514	2	886578	0.0000023
all	7542	2	886578	0.0000023
all	7552	1	886578	0.0000011
all	7564	1	886578	0.0000011
all	7571	1	886578	0.0000011
all	7579	1	886578	0.0000011
all	7594	1	886578	0.0000011
all	7595	1	886578	0.0000011
all	7597	1	886578	0.0000011
all	7610	1	886578	0.0000011
all	7621	1	886578	0.0000011
all	7630	1	886578	0.0000011
all	7633	1	886578	0.0000011
all	7637	1	886578	0.0000011
all	7642	1	886578	0.0000011
all	7655	1	886578	0.0000011
all	7658	1	886578	0.0000011
all	7673	1	886578	0.0000011
all	7681	1	886578	0.0000011
all	7690	1	886578	0.0000011
all	7695	1	886578	0.0000011
all	7698	1	886578	0.0000011
all	7714	1	886578	0.0000011
all	7720	1	886578	0.0000011
all	7729	1	886578	0.0000011
all	7743	1	886578	0.0000011
all	7745	1	886578	0.0000011
all	7751	1	886578	0.0000011
all	7754	1	886578	0.0000011
all	7756	2	886578	0.0000023
all	7758	1	886578	0.0000011
all	7777	1	886578	0.0000011
all	7779	2	886578	0.0000023
all	7780	1	886578	0.0000011
all	7784	1	886578	0.0000011
all	7799	1	886578	0.0000011
all	7815	1	886578	0.0000011
all	7816	1	886578	0.0000011
all	7827	1	886578	0.0000011
all	7838	2	886578	0.0000023
all	7846	1	886578	0.0000011
all	7849	1	886578	0.0000011
all	7853	1	886578	0.0000011
all	7859	1	886578	0.0000011
all	7883	1	886578	0.0000011
all	7886	1	886578	0.0000011
all	7890	1	886578	0.0000011
all	7893	1	886578	0.0000011
all	7894	1	886578	0.0000011
all	7901	2	886578	0.0000023
all	7920	1	886578	0.0000011
all	7925	1	886578	0.0000011
all	7927	1	886578	0.0000011
all	7931	1	886578	0.0000011
all	7932	1	886578	0.0000011
all	7934	1	886578	0.0000011
all	7937	1	886578	0.0000011
all	7959	1	886578	0.0000011
all	7960	1	886578	0.0000011
all	7965	1	886578	0.0000011
all	7971	2	886578	0.0000023
all	7975	1	886578	0.0000011
all	7980	1	886578	0.0000011
all	7986	1	886578	0.0000011
all	7997	1	886578	0.0000011
all	7998	1	886578	0.0000011
all	8002	1	886578	0.0000011
all	8005	1	886578	0.0000011
all	8007	1	886578	0.0000011
all	8009	2	886578	0.0000023
all	8030	2	886578	0.0000023
all	8035	1	886578	0.0000011
all	8037	1	886578	0.0000011
all	8041	1	886578	0.0000011
all	8045	1	886578	0.0000011
all	8055	1	886578	0.0000011
all	8061	1	886578	0.0000011
all	8065	1	886578	0.0000011
all	8069	1	886578	0.0000011
all	8070	1	886578	0.0000011
all	8076	1	886578	0.0000011
all	8089	1	886578	0.0000011
all	8093	1	886578	0.0000011
all	8094	1	886578	0.0000011
all	8096	1	886578	0.0000011
all	8098	1	886578	0.0000011
all	8101	1	886578	0.0000011
all	8104	1	886578	0.0000011
all	8107	1	886578	0.0000011
all	8108	1	886578	0.0000011
all	8112	1	886578	0.0000011
all	8113	2	886578	0.0000023
all	8114	2	886578	0.0000023
all	8116	1	886578	0.0000011
all	8121	2	886578	0.0000023
all	8124	1	886578	0.0000011
all	8129	1	886578	0.0000011
all	8132	1	886578	0.0000011
all	8136	1	886578	0.0000011
all	8138	1	886578	0.0000011
all	8141	2	886578	0.0000023
all	8144	1	886578	0.0000011
all	8152	1	886578	0.0000011
all	8153	1	886578	0.0000011
all	8157	1	886578	0.0000011
all	8161	1	886578	0.0000011
all	8164	1	886578	0.0000011
all	8165	2	886578	0.0000023
all	8170	1	886578	0.0000011
all	8172	1	886578	0.0000011
all	8177	1	886578	0.0000011
all	8179	1	886578	0.0000011
all	8183	1	886578	0.0000011
all	8189	1	886578	0.0000011
all	8197	1	886578	0.0000011
all	8209	1	886578	0.0000011
all	8237	1	886578	0.0000011
all	8254	1	886578	0.0000011
all	8274	1	886578	0.0000011
all	8317	1	886578	0.0000011
all	8352	1	886578	0.0000011
all	8370	1	886578	0.0000011
all	8395	1	886578	0.0000011
all	8423	1	886578	0.0000011
all	8449	1	886578	0.0000011
all	8454	1	886578	0.0000011
all	8483	1	886578	0.0000011
all	8508	1	886578	0.0000011
all	8526	1	886578	0.0000011
all	8534	1	886578	0.0000011
all	8546	1	886578	0.0000011
all	8574	1	886578	0.0000011
all	8581	1	886578	0.0000011
all	8609	1	886578	0.0000011
all	8616	1	886578	0.0000011
all	8630	1	886578	0.0000011
all	8641	1	886578	0.0000011
all	8666	2	886578	0.0000023
all	8693	1	886578	0.0000011
all	8697	1	886578	0.0000011
all	8716	1	886578	0.0000011
all	8720	1	886578	0.0000011
all	8738	1	886578	0.0000011
all	8739	1	886578	0.0000011
all	8771	1	886578	0.0000011
all	8783	1	886578	0.0000011
all	8791	1	886578	0.0000011
all	8793	1	886578	0.0000011
all	8802	1	886578	0.0000011
all	8816	1	886578	0.0000011
all	8831	1	886578	0.0000011
all	8841	1	886578	0.0000011
all	8852	1	886578	0.0000011
all	8862	1	886578	0.0000011
all	8863	2	886578	0.0000023
all	8876	1	886578	0.0000011
all	8877	1	886578	0.0000011
all	8878	1	886578	0.0000011
all	8895	1	886578	0.0000011
all	8898	1	886578	0.0000011
all	8900	1	886578	0.0000011
all	8910	1	886578	0.0000011
all	8912	2	886578	0.0000023
all	8917	1	886578	0.0000011
all	8922	2	886578	0.0000023
all	8925	1	886578	0.0000011
all	8931	1	886578	0.0000011
all	8933	1	886578	0.0000011
all	8934	1	886578	0.0000011
all	8940	2	886578	0.0000023
all	8943	1	886578	0.0000011
all	8951	1	886578	0.0000011
all	8978	1	886578	0.0000011
all	8991	1	886578	0.0000011
all	9044	1	886578	0.0000011
all	9063	1	886578	0.0000011
all	9070	1	886578	0.0000011
all	9123	1	886578	0.0000011
all	9166	1	886578	0.0000011
all	9193	1	886578	0.0000011
all	9235	1	886578	0.0000011
all	9254	1	886578	0.0000011
all	9290	1	886578	0.0000011
all	9297	1	886578	0.0000011
all	9317	1	886578	0.0000011
all	9351	1	886578	0.0000011
all	9355	1	886578	0.0000011
all	9371	1	886578	0.0000011
all	9446	1	886578	0.0000011
all	9448	1	886578	0.0000011
all	9455	1	886578	0.0000011
all	9481	1	886578	0.0000011
all	9540	1	886578	0.0000011
all	9578	1	886578	0.0000011
all	9602	1	886578	0.0000011
all	9625	1	886578	0.0000011
all	9642	1	886578	0.0000011
all	9647	1	886578	0.0000011
all	9728	1	886578	0.0000011
all	9739	1	886578	0.0000011
all	9785	1	886578	0.0000011
all	9807	1	886578	0.0000011
all	9843	1	886578	0.0000011
all	9854	1	886578	0.0000011
all	9901	1	886578	0.0000011
all	9906	1	886578	0.0000011
all	9932	1	886578	0.0000011
all	9958	1	886578	0.0000011
all	9975	1	886578	0.0000011
all	9990	1	886578	0.0000011
all	10000	1	886578	0.0000011
all	10036	1	886578	0.0000011
all	10042	1	886578	0.0000011
all	10070	1	886578	0.0000011
all	10102	1	886578	0.0000011
all	10105	1	886578	0.0000011
all	10113	1	886578	0.0000011
all	10152	1	886578	0.0000011
all	10189	1	886578	0.0000011
all	10203	2	886578	0.0000023
all	10207	1	886578	0.0000011
all	10226	1	886578	0.0000011
all	10235	1	886578	0.0000011
all	10261	1	886578	0.0000011
all	10265	1	886578	0.0000011
all	10269	1	886578	0.0000011
all	10278	1	886578	0.0000011
all	10301	1	886578	0.0000011
all	10330	1	886578	0.0000011
all	10351	1	886578	0.0000011
all	10377	1	886578	0.0000011
all	10385	1	886578	0.0000011
all	10387	1	886578	0.0000011
all	10401	1	886578	0.0000011
all	10402	1	886578	0.0000011
all	10410	1	886578	0.0000011
all	10431	1	886578	0.0000011
all	10444	1	886578	0.0000011
all	10446	1	886578	0.0000011
all	10495	1	886578	0.0000011
all	10507	1	886578	0.0000011
all	10515	1	886578	0.0000011
all	10516	1	886578	0.0000011
all	10531	1	886578	0.0000011
all	10541	1	886578	0.0000011
all	10560	1	886578	0.0000011
all	10570	1	886578	0.0000011
all	10578	1	886578	0.0000011
all	10579	1	886578	0.0000011
all	10583	1	886578	0.0000011
all	10585	1	886578	0.0000011
all	10592	1	886578	0.0000011
all	10612	1	886578	0.0000011
all	10623	1	886578	0.0000011
all	10624	1	886578	0.0000011
all	10629	1	886578	0.0000011
all	10634	1	886578	0.0000011
all	10641	1	886578	0.0000011
all	10644	2	886578	0.0000023
all	10651	1	886578	0.0000011
all	10665	1	886578	0.0000011
all	10671	1	886578	0.0000011
all	10676	1	886578	0.0000011
all	10678	1	886578	0.0000011
all	10679	1	886578	0.0000011
all	10680	1	886578	0.0000011
all	10695	1	886578	0.0000011
all	10698	1	886578	0.0000011
all	10700	1	886578	0.0000011
all	10701	1	886578	0.0000011
all	10705	1	886578	0.0000011
all	10804	1	886578	0.0000011
all	10816	1	886578	0.0000011
all	10840	1	886578	0.0000011
all	10877	1	886578	0.0000011
all	10895	1	886578	0.0000011
all	10920	1	886578	0.0000011
all	10973	1	886578	0.0000011
all	10999	1	886578	0.0000011
all	11016	1	886578	0.0000011
all	11088	1	886578	0.0000011
all	11104	1	886578	0.0000011
all	11140	1	886578	0.0000011
all	11200	1	886578	0.0000011
all	11205	1	886578	0.0000011
all	11213	1	886578	0.0000011
all	11236	1	886578	0.0000011
all	11262	1	886578	0.0000011
all	11279	1	886578	0.0000011
all	11313	1	886578	0.0000011
all	11327	1	886578	0.0000011
all	11383	1	886578	0.0000011
all	11481	1	886578	0.0000011
all	11494	1	886578	0.0000011
all	11501	1	886578	0.0000011
all	11512	1	886578	0.0000011
all	11522	1	886578	0.0000011
all	11529	1	886578	0.0000011
all	11579	1	886578	0.0000011
all	11590	1	886578	0.0000011
all	11605	1	886578	0.0000011
all	11658	1	886578	0.0000011
all	11682	1	886578	0.0000011
all	11700	1	886578	0.0000011
all	11712	1	886578	0.0000011
all	11739	1	886578	0.0000011
all	11774	1	886578	0.0000011
all	11830	1	886578	0.0000011
all	11877	2	886578	0.0000023
all	11882	1	886578	0.0000011
all	11904	1	886578	0.0000011
all	11925	1	886578	0.0000011
all	11977	1	886578	0.0000011
all	11988	1	886578	0.0000011
all	12024	1	886578	0.0000011
all	12054	1	886578	0.0000011
all	12063	1	886578	0.0000011
all	12091	1	886578	0.0000011
all	12124	1	886578	0.0000011
all	12166	1	886578	0.0000011
all	12191	1	886578	0.0000011
all	12218	1	886578	0.0000011
all	12241	1	886578	0.0000011
all	12278	1	886578	0.0000011
all	12291	1	886578	0.0000011
all	12313	1	886578	0.0000011
all	12353	1	886578	0.0000011
all	12363	1	886578	0.0000011
all	12391	1	886578	0.0000011
all	12427	1	886578	0.0000011
all	12439	1	886578	0.0000011
all	12478	1	886578	0.0000011
all	12498	1	886578	0.0000011
all	12538	1	886578	0.0000011
all	12539	1	886578	0.0000011
all	12558	1	886578	0.0000011
all	12579	1	886578	0.0000011
all	12609	1	886578	0.0000011
all	12619	1	886578	0.0000011
all	12687	1	886578	0.0000011
all	12694	1	886578	0.0000011
all	12704	1	886578	0.0000011
all	12709	1	886578	0.0000011
all	12735	1	886578	0.0000011
all	12757	1	886578	0.0000011
all	12765	1	886578	0.0000011
all	12767	1	886578	0.0000011
all	12799	1	886578	0.0000011
all	12800	1	886578	0.0000011
all	12804	1	886578	0.0000011
all	12809	1	886578	0.0000011
all	12825	1	886578	0.0000011
all	12842	1	886578	0.0000011
all	12844	1	886578	0.0000011
all	12870	1	886578	0.0000011
all	12946	1	886578	0.0000011
all	12960	1	886578	0.0000011
all	12976	1	886578	0.0000011
all	13002	1	886578	0.0000011
all	13013	1	886578	0.0000011
all	13021	1	886578	0.0000011
all	13050	1	886578	0.0000011
all	13051	1	886578	0.0000011
all	13052	1	886578	0.0000011
all	13124	1	886578	0.0000011
all	13160	1	886578	0.0000011
all	13168	1	886578	0.0000011
all	13186	1	886578	0.0000011
all	13229	1	886578	0.0000011
all	13287	1	886578	0.0000011
all	13296	1	886578	0.0000011
all	13321	1	886578	0.0000011
all	13352	1	886578	0.0000011
all	13366	1	886578	0.0000011
all	13378	1	886578	0.0000011
all	13388	1	886578	0.0000011
all	13400	1	886578	0.0000011
all	13405	1	886578	0.0000011
all	13438	2	886578	0.0000023
all	13472	1	886578	0.0000011
all	13480	1	886578	0.0000011
all	13487	1	886578	0.0000011
all	13497	1	886578	0.0000011
all	13498	1	886578	0.0000011
all	13501	1	886578	0.0000011
all	13503	1	886578	0.0000011
all	13505	1	886578	0.0000011
all	13515	1	886578	0.0000011
all	13518	1	886578	0.0000011
all	13525	1	886578	0.0000011
all	13534	1	886578	0.0000011
all	13541	1	886578	0.0000011
