all	0	4903	886578	0.0055303
all	1	762	886578	0.0008595
all	2	1551	886578	0.0017494
all	3	899	886578	0.0010140
all	4	825	886578	0.0009305
all	5	1347	886578	0.0015193
all	6	707	886578	0.0007974
all	7	874	886578	0.0009858
all	8	876	886578	0.0009881
all	9	770	886578	0.0008685
all	10	1119	886578	0.0012622
all	11	1147	886578	0.0012937
all	12	1190	886578	0.0013422
all	13	1584	886578	0.0017866
all	14	1467	886578	0.0016547
all	15	1685	886578	0.0019006
all	16	1924	886578	0.0021701
all	17	1711	886578	0.0019299
all	18	1991	886578	0.0022457
all	19	2086	886578	0.0023529
all	20	1975	886578	0.0022277
all	21	2288	886578	0.0025807
all	22	2362	886578	0.0026642
all	23	2218	886578	0.0025018
all	24	2539	886578	0.0028638
all	25	2560	886578	0.0028875
all	26	2777	886578	0.0031323
all	27	2590	886578	0.0029213
all	28	2920	886578	0.0032936
all	29	2702	886578	0.0030477
all	30	2668	886578	0.0030093
all	31	2654	886578	0.0029935
all	32	2972	886578	0.0033522
all	33	3244	886578	0.0036590
all	34	3561	886578	0.0040166
all	35	3470	886578	0.0039139
all	36	3400	886578	0.0038350
all	37	3330	886578	0.0037560
all	38	3369	886578	0.0038000
all	39	3358	886578	0.0037876
all	40	3529	886578	0.0039805
all	41	3298	886578	0.0037199
all	42	3493	886578	0.0039399
all	43	3631	886578	0.0040955
all	44	3699	886578	0.0041722
all	45	3949	886578	0.0044542
all	46	4007	886578	0.0045196
all	47	3927	886578	0.0044294
all	48	3937	886578	0.0044407
all	49	3988	886578	0.0044982
all	50	3807	886578	0.0042940
all	51	3903	886578	0.0044023
all	52	4148	886578	0.0046787
all	53	4271	886578	0.0048174
all	54	4085	886578	0.0046076
all	55	4153	886578	0.0046843
all	56	4149	886578	0.0046798
all	57	4285	886578	0.0048332
all	58	4142	886578	0.0046719
all	59	4160	886578	0.0046922
all	60	4267	886578	0.0048129
all	61	4417	886578	0.0049821
all	62	4470	886578	0.0050419
all	63	4533	886578	0.0051129
all	64	4445	886578	0.0050137
all	65	4759	886578	0.0053678
all	66	4636	886578	0.0052291
all	67	4743	886578	0.0053498
all	68	4743	886578	0.0053498
all	69	4541	886578	0.0051219
all	70	4496	886578	0.0050712
all	71	4500	886578	0.0050757
all	72	4441	886578	0.0050091
all	73	4625	886578	0.0052167
all	74	4349	886578	0.0049054
all	75	4396	886578	0.0049584
all	76	4276	886578	0.0048230
all	77	4659	886578	0.0052550
all	78	4511	886578	0.0050881
all	79	4515	886578	0.0050926
all	80	4578	886578	0.0051637
all	81	4619	886578	0.0052099
all	82	4298	886578	0.0048479
all	83	4270	886578	0.0048163
all	84	4541	886578	0.0051219
all	85	4487	886578	0.0050610
all	86	4612	886578	0.0052020
all	87	4328	886578	0.0048817
all	88	4492	886578	0.0050667
all	89	4664	886578	0.0052607
all	90	4502	886578	0.0050780
all	91	4578	886578	0.0051637
all	92	4576	886578	0.0051614
all	93	4298	886578	0.0048479
all	94	4271	886578	0.0048174
all	95	4386	886578	0.0049471
all	96	4377	886578	0.0049370
all	97	4524	886578	0.0051028
all	98	4548	886578	0.0051298
all	99	4358	886578	0.0049155
all	100	4494	886578	0.0050689
all	101	4242	886578	0.0047847
all	102	4299	886578	0.0048490
all	103	4391	886578	0.0049528
all	104	4392	886578	0.0049539
all	105	4324	886578	0.0048772
all	106	4454	886578	0.0050238
all	107	4468	886578	0.0050396
all	108	4228	886578	0.0047689
all	109	4197	886578	0.0047339
all	110	4165	886578	0.0046978
all	111	4211	886578	0.0047497
all	112	4166	886578	0.0046990
all	113	4250	886578	0.0047937
all	114	3898	886578	0.0043967
all	115	3956	886578	0.0044621
all	116	3980	886578	0.0044892
all	117	4026	886578	0.0045411
all	118	4294	886578	0.0048433
all	119	3903	886578	0.0044023
all	120	4056	886578	0.0045749
all	121	3933	886578	0.0044362
all	122	3784	886578	0.0042681
all	123	3798	886578	0.0042839
all	124	3727	886578	0.0042038
all	125	3846	886578	0.0043380
all	126	3798	886578	0.0042839
all	127	3799	886578	0.0042850
all	128	3816	886578	0.0043042
all	129	3845	886578	0.0043369
all	130	3940	886578	0.0044441
all	131	3725	886578	0.0042015
all	132	3506	886578	0.0039545
all	133	3554	886578	0.0040087
all	134	3687	886578	0.0041587
all	135	3619	886578	0.0040820
all	136	3629	886578	0.0040933
all	137	3416	886578	0.0038530
all	138	3466	886578	0.0039094
all	139	3199	886578	0.0036083
all	140	3413	886578	0.0038496
all	141	3318	886578	0.0037425
all	142	3267	886578	0.0036850
all	143	3238	886578	0.0036522
all	144	3300	886578	0.0037222
all	145	3343	886578	0.0037707
all	146	3248	886578	0.0036635
all	147	3285	886578	0.0037053
all	148	3194	886578	0.0036026
all	149	3180	886578	0.0035868
all	150	3249	886578	0.0036647
all	151	3218	886578	0.0036297
all	152	3071	886578	0.0034639
all	153	2974	886578	0.0033545
all	154	3273	886578	0.0036917
all	155	3031	886578	0.0034188
all	156	2986	886578	0.0033680
all	157	3075	886578	0.0034684
all	158	3020	886578	0.0034064
all	159	2917	886578	0.0032902
all	160	2904	886578	0.0032755
all	161	2774	886578	0.0031289
all	162	2857	886578	0.0032225
all	163	2867	886578	0.0032338
all	164	2918	886578	0.0032913
all	165	2761	886578	0.0031142
all	166	2650	886578	0.0029890
all	167	2625	886578	0.0029608
all	168	2639	886578	0.0029766
all	169	2699	886578	0.0030443
all	170	2813	886578	0.0031729
all	171	2537	886578	0.0028616
all	172	2572	886578	0.0029010
all	173	2606	886578	0.0029394
all	174	2533	886578	0.0028571
all	175	2535	886578	0.0028593
all	176	2554	886578	0.0028807
all	177	2563	886578	0.0028909
all	178	2554	886578	0.0028807
all	179	2435	886578	0.0027465
all	180	2370	886578	0.0026732
all	181	2338	886578	0.0026371
all	182	2245	886578	0.0025322
all	183	2282	886578	0.0025739
all	184	2285	886578	0.0025773
all	185	2255	886578	0.0025435
all	186	2323	886578	0.0026202
all	187	2238	886578	0.0025243
all	188	2332	886578	0.0026303
all	189	2146	886578	0.0024205
all	190	2163	886578	0.0024397
all	191	2028	886578	0.0022874
all	192	2100	886578	0.0023687
all	193	2016	886578	0.0022739
all	194	2042	886578	0.0023032
all	195	2066	886578	0.0023303
all	196	2012	886578	0.0022694
all	197	2035	886578	0.0022953
all	198	1985	886578	0.0022389
all	199	1934	886578	0.0021814
all	200	1892	886578	0.0021340
all	201	1812	886578	0.0020438
all	202	1931	886578	0.0021780
all	203	1952	886578	0.0022017
all	204	1842	886578	0.0020777
all	205	1781	886578	0.0020088
all	206	1833	886578	0.0020675
all	207	1881	886578	0.0021216
all	208	1816	886578	0.0020483
all	209	1935	886578	0.0021825
all	210	1800	886578	0.0020303
all	211	1769	886578	0.0019953
all	212	1778	886578	0.0020055
all	213	1821	886578	0.0020540
all	214	1894	886578	0.0021363
all	215	1772	886578	0.0019987
all	216	1727	886578	0.0019479
all	217	1790	886578	0.0020190
all	218	1566	886578	0.0017663
all	219	1706	886578	0.0019243
all	220	1637	886578	0.0018464
all	221	1539	886578	0.0017359
all	222	1599	886578	0.0018036
all	223	1583	886578	0.0017855
all	224	1525	886578	0.0017201
all	225	1493	886578	0.0016840
all	226	1433	886578	0.0016163
all	227	1470	886578	0.0016581
all	228	1520	886578	0.0017145
all	229	1525	886578	0.0017201
all	230	1466	886578	0.0016535
all	231	1491	886578	0.0016817
all	232	1372	886578	0.0015475
all	233	1368	886578	0.0015430
all	234	1386	886578	0.0015633
all	235	1400	886578	0.0015791
all	236	1398	886578	0.0015768
all	237	1395	886578	0.0015735
all	238	1349	886578	0.0015216
all	239	1420	886578	0.0016017
all	240	1365	886578	0.0015396
all	241	1295	886578	0.0014607
all	242	1237	886578	0.0013953
all	243	1268	886578	0.0014302
all	244	1276	886578	0.0014392
all	245	1240	886578	0.0013986
all	246	1320	886578	0.0014889
all	247	1244	886578	0.0014031
all	248	1411	886578	0.0015915
all	249	1365	886578	0.0015396
all	250	1268	886578	0.0014302
all	251	1286	886578	0.0014505
all	252	1142	886578	0.0012881
all	253	1235	886578	0.0013930
all	254	1103	886578	0.0012441
all	255	1219	886578	0.0013749
all	256	1075	886578	0.0012125
all	257	1148	886578	0.0012949
all	258	1143	886578	0.0012892
all	259	1155	886578	0.0013028
all	260	1152	886578	0.0012994
all	261	1054	886578	0.0011888
all	262	1108	886578	0.0012497
all	263	1053	886578	0.0011877
all	264	1120	886578	0.0012633
all	265	1006	886578	0.0011347
all	266	1058	886578	0.0011934
all	267	937	886578	0.0010569
all	268	991	886578	0.0011178
all	269	1013	886578	0.0011426
all	270	1081	886578	0.0012193
all	271	1114	886578	0.0012565
all	272	1045	886578	0.0011787
all	273	1024	886578	0.0011550
all	274	1017	886578	0.0011471
all	275	1041	886578	0.0011742
all	276	997	886578	0.0011245
all	277	975	886578	0.0010997
all	278	896	886578	0.0010106
all	279	944	886578	0.0010648
all	280	887	886578	0.0010005
all	281	830	886578	0.0009362
all	282	906	886578	0.0010219
all	283	859	886578	0.0009689
all	284	914	886578	0.0010309
all	285	852	886578	0.0009610
all	286	862	886578	0.0009723
all	287	804	886578	0.0009069
all	288	820	886578	0.0009249
all	289	863	886578	0.0009734
all	290	787	886578	0.0008877
all	291	803	886578	0.0009057
all	292	860	886578	0.0009700
all	293	793	886578	0.0008945
all	294	760	886578	0.0008572
all	295	742	886578	0.0008369
all	296	729	886578	0.0008223
all	297	824	886578	0.0009294
all	298	799	886578	0.0009012
all	299	738	886578	0.0008324
all	300	712	886578	0.0008031
all	301	734	886578	0.0008279
all	302	696	886578	0.0007850
all	303	662	886578	0.0007467
all	304	697	886578	0.0007862
all	305	739	886578	0.0008335
all	306	698	886578	0.0007873
all	307	700	886578	0.0007896
all	308	702	886578	0.0007918
all	309	662	886578	0.0007467
all	310	649	886578	0.0007320
all	311	707	886578	0.0007974
all	312	603	886578	0.0006801
all	313	664	886578	0.0007489
all	314	698	886578	0.0007873
all	315	700	886578	0.0007896
all	316	656	886578	0.0007399
all	317	659	886578	0.0007433
all	318	622	886578	0.0007016
all	319	672	886578	0.0007580
all	320	613	886578	0.0006914
all	321	623	886578	0.0007027
all	322	616	886578	0.0006948
all	323	616	886578	0.0006948
all	324	628	886578	0.0007083
all	325	591	886578	0.0006666
all	326	628	886578	0.0007083
all	327	584	886578	0.0006587
all	328	602	886578	0.0006790
all	329	581	886578	0.0006553
all	330	526	886578	0.0005933
all	331	546	886578	0.0006159
all	332	542	886578	0.0006113
all	333	490	886578	0.0005527
all	334	429	886578	0.0004839
all	335	524	886578	0.0005910
all	336	528	886578	0.0005955
all	337	533	886578	0.0006012
all	338	460	886578	0.0005188
all	339	453	886578	0.0005110
all	340	452	886578	0.0005098
all	341	476	886578	0.0005369
all	342	481	886578	0.0005425
all	343	424	886578	0.0004782
all	344	437	886578	0.0004929
all	345	422	886578	0.0004760
all	346	383	886578	0.0004320
all	347	442	886578	0.0004985
all	348	400	886578	0.0004512
all	349	408	886578	0.0004602
all	350	389	886578	0.0004388
all	351	385	886578	0.0004343
all	352	472	886578	0.0005324
all	353	391	886578	0.0004410
all	354	451	886578	0.0005087
all	355	453	886578	0.0005110
all	356	425	886578	0.0004794
all	357	427	886578	0.0004816
all	358	410	886578	0.0004625
all	359	409	886578	0.0004613
all	360	414	886578	0.0004670
all	361	403	886578	0.0004546
all	362	401	886578	0.0004523
all	363	400	886578	0.0004512
all	364	387	886578	0.0004365
all	365	398	886578	0.0004489
all	366	400	886578	0.0004512
all	367	427	886578	0.0004816
all	368	356	886578	0.0004015
all	369	362	886578	0.0004083
all	370	391	886578	0.0004410
all	371	364	886578	0.0004106
all	372	366	886578	0.0004128
all	373	345	886578	0.0003891
all	374	344	886578	0.0003880
all	375	322	886578	0.0003632
all	376	311	886578	0.0003508
all	377	312	886578	0.0003519
all	378	308	886578	0.0003474
all	379	337	886578	0.0003801
all	380	326	886578	0.0003677
all	381	308	886578	0.0003474
all	382	334	886578	0.0003767
all	383	327	886578	0.0003688
all	384	313	886578	0.0003530
all	385	321	886578	0.0003621
all	386	321	886578	0.0003621
all	387	303	886578	0.0003418
all	388	314	886578	0.0003542
all	389	283	886578	0.0003192
all	390	302	886578	0.0003406
all	391	271	886578	0.0003057
all	392	315	886578	0.0003553
all	393	278	886578	0.0003136
all	394	292	886578	0.0003294
all	395	274	886578	0.0003091
all	396	272	886578	0.0003068
all	397	294	886578	0.0003316
all	398	257	886578	0.0002899
all	399	323	886578	0.0003643
all	400	276	886578	0.0003113
all	401	284	886578	0.0003203
all	402	238	886578	0.0002684
all	403	263	886578	0.0002966
all	404	262	886578	0.0002955
all	405	268	886578	0.0003023
all	406	264	886578	0.0002978
all	407	267	886578	0.0003012
all	408	236	886578	0.0002662
all	409	274	886578	0.0003091
all	410	243	886578	0.0002741
all	411	250	886578	0.0002820
all	412	228	886578	0.0002572
all	413	239	886578	0.0002696
all	414	239	886578	0.0002696
all	415	234	886578	0.0002639
all	416	252	886578	0.0002842
all	417	201	886578	0.0002267
all	418	191	886578	0.0002154
all	419	179	886578	0.0002019
all	420	168	886578	0.0001895
all	421	225	886578	0.0002538
all	422	215	886578	0.0002425
all	423	214	886578	0.0002414
all	424	192	886578	0.0002166
all	425	167	886578	0.0001884
all	426	173	886578	0.0001951
all	427	218	886578	0.0002459
all	428	181	886578	0.0002042
all	429	185	886578	0.0002087
all	430	215	886578	0.0002425
all	431	206	886578	0.0002324
all	432	192	886578	0.0002166
all	433	212	886578	0.0002391
all	434	186	886578	0.0002098
all	435	191	886578	0.0002154
all	436	223	886578	0.0002515
all	437	210	886578	0.0002369
all	438	177	886578	0.0001996
all	439	198	886578	0.0002233
all	440	186	886578	0.0002098
all	441	176	886578	0.0001985
all	442	189	886578	0.0002132
all	443	178	886578	0.0002008
all	444	179	886578	0.0002019
all	445	205	886578	0.0002312
all	446	135	886578	0.0001523
all	447	171	886578	0.0001929
all	448	203	886578	0.0002290
all	449	178	886578	0.0002008
all	450	176	886578	0.0001985
all	451	215	886578	0.0002425
all	452	218	886578	0.0002459
all	453	174	886578	0.0001963
all	454	185	886578	0.0002087
all	455	163	886578	0.0001839
all	456	182	886578	0.0002053
all	457	131	886578	0.0001478
all	458	143	886578	0.0001613
all	459	141	886578	0.0001590
all	460	148	886578	0.0001669
all	461	157	886578	0.0001771
all	462	147	886578	0.0001658
all	463	132	886578	0.0001489
all	464	122	886578	0.0001376
all	465	133	886578	0.0001500
all	466	150	886578	0.0001692
all	467	150	886578	0.0001692
all	468	135	886578	0.0001523
all	469	138	886578	0.0001557
all	470	161	886578	0.0001816
all	471	155	886578	0.0001748
all	472	143	886578	0.0001613
all	473	123	886578	0.0001387
all	474	142	886578	0.0001602
all	475	152	886578	0.0001714
all	476	116	886578	0.0001308
all	477	143	886578	0.0001613
all	478	159	886578	0.0001793
all	479	133	886578	0.0001500
all	480	132	886578	0.0001489
all	481	135	886578	0.0001523
all	482	146	886578	0.0001647
all	483	174	886578	0.0001963
all	484	136	886578	0.0001534
all	485	134	886578	0.0001511
all	486	128	886578	0.0001444
all	487	122	886578	0.0001376
all	488	129	886578	0.0001455
all	489	106	886578	0.0001196
all	490	126	886578	0.0001421
all	491	111	886578	0.0001252
all	492	103	886578	0.0001162
all	493	108	886578	0.0001218
all	494	102	886578	0.0001150
all	495	111	886578	0.0001252
all	496	119	886578	0.0001342
all	497	129	886578	0.0001455
all	498	114	886578	0.0001286
all	499	116	886578	0.0001308
all	500	112	886578	0.0001263
all	501	116	886578	0.0001308
all	502	108	886578	0.0001218
all	503	100	886578	0.0001128
all	504	99	886578	0.0001117
all	505	110	886578	0.0001241
all	506	129	886578	0.0001455
all	507	91	886578	0.0001026
all	508	94	886578	0.0001060
all	509	123	886578	0.0001387
all	510	124	886578	0.0001399
all	511	109	886578	0.0001229
all	512	110	886578	0.0001241
all	513	122	886578	0.0001376
all	514	85	886578	0.0000959
all	515	125	886578	0.0001410
all	516	128	886578	0.0001444
all	517	127	886578	0.0001432
all	518	83	886578	0.0000936
all	519	102	886578	0.0001150
all	520	82	886578	0.0000925
all	521	75	886578	0.0000846
all	522	91	886578	0.0001026
all	523	90	886578	0.0001015
all	524	105	886578	0.0001184
all	525	86	886578	0.0000970
all	526	98	886578	0.0001105
all	527	93	886578	0.0001049
all	528	82	886578	0.0000925
all	529	80	886578	0.0000902
all	530	104	886578	0.0001173
all	531	91	886578	0.0001026
all	532	97	886578	0.0001094
all	533	101	886578	0.0001139
all	534	98	886578	0.0001105
all	535	111	886578	0.0001252
all	536	85	886578	0.0000959
all	537	108	886578	0.0001218
all	538	95	886578	0.0001072
all	539	113	886578	0.0001275
all	540	92	886578	0.0001038
all	541	98	886578	0.0001105
all	542	91	886578	0.0001026
all	543	103	886578	0.0001162
all	544	105	886578	0.0001184
all	545	74	886578	0.0000835
all	546	88	886578	0.0000993
all	547	61	886578	0.0000688
all	548	84	886578	0.0000947
all	549	89	886578	0.0001004
all	550	81	886578	0.0000914
all	551	96	886578	0.0001083
all	552	97	886578	0.0001094
all	553	92	886578	0.0001038
all	554	89	886578	0.0001004
all	555	86	886578	0.0000970
all	556	83	886578	0.0000936
all	557	97	886578	0.0001094
all	558	84	886578	0.0000947
all	559	78	886578	0.0000880
all	560	83	886578	0.0000936
all	561	83	886578	0.0000936
all	562	85	886578	0.0000959
all	563	67	886578	0.0000756
all	564	86	886578	0.0000970
all	565	62	886578	0.0000699
all	566	77	886578	0.0000869
all	567	64	886578	0.0000722
all	568	55	886578	0.0000620
all	569	77	886578	0.0000869
all	570	69	886578	0.0000778
all	571	61	886578	0.0000688
all	572	66	886578	0.0000744
all	573	70	886578	0.0000790
all	574	68	886578	0.0000767
all	575	61	886578	0.0000688
all	576	64	886578	0.0000722
all	577	70	886578	0.0000790
all	578	69	886578	0.0000778
all	579	75	886578	0.0000846
all	580	79	886578	0.0000891
all	581	80	886578	0.0000902
all	582	77	886578	0.0000869
all	583	84	886578	0.0000947
all	584	66	886578	0.0000744
all	585	61	886578	0.0000688
all	586	55	886578	0.0000620
all	587	71	886578	0.0000801
all	588	58	886578	0.0000654
all	589	76	886578	0.0000857
all	590	60	886578	0.0000677
all	591	78	886578	0.0000880
all	592	53	886578	0.0000598
all	593	75	886578	0.0000846
all	594	58	886578	0.0000654
all	595	83	886578	0.0000936
all	596	63	886578	0.0000711
all	597	61	886578	0.0000688
all	598	60	886578	0.0000677
all	599	75	886578	0.0000846
all	600	57	886578	0.0000643
all	601	70	886578	0.0000790
all	602	60	886578	0.0000677
all	603	79	886578	0.0000891
all	604	48	886578	0.0000541
all	605	90	886578	0.0001015
all	606	66	886578	0.0000744
all	607	61	886578	0.0000688
all	608	70	886578	0.0000790
all	609	56	886578	0.0000632
all	610	58	886578	0.0000654
all	611	61	886578	0.0000688
all	612	52	886578	0.0000587
all	613	48	886578	0.0000541
all	614	57	886578	0.0000643
all	615	54	886578	0.0000609
all	616	74	886578	0.0000835
all	617	70	886578	0.0000790
all	618	54	886578	0.0000609
all	619	52	886578	0.0000587
all	620	50	886578	0.0000564
all	621	55	886578	0.0000620
all	622	48	886578	0.0000541
all	623	50	886578	0.0000564
all	624	41	886578	0.0000462
all	625	37	886578	0.0000417
all	626	52	886578	0.0000587
all	627	53	886578	0.0000598
all	628	47	886578	0.0000530
all	629	40	886578	0.0000451
all	630	49	886578	0.0000553
all	631	48	886578	0.0000541
all	632	60	886578	0.0000677
all	633	48	886578	0.0000541
all	634	55	886578	0.0000620
all	635	41	886578	0.0000462
all	636	58	886578	0.0000654
all	637	55	886578	0.0000620
all	638	46	886578	0.0000519
all	639	42	886578	0.0000474
all	640	51	886578	0.0000575
all	641	49	886578	0.0000553
all	642	35	886578	0.0000395
all	643	56	886578	0.0000632
all	644	58	886578	0.0000654
all	645	31	886578	0.0000350
all	646	57	886578	0.0000643
all	647	49	886578	0.0000553
all	648	52	886578	0.0000587
all	649	43	886578	0.0000485
all	650	38	886578	0.0000429
all	651	53	886578	0.0000598
all	652	46	886578	0.0000519
all	653	56	886578	0.0000632
all	654	64	886578	0.0000722
all	655	55	886578	0.0000620
all	656	48	886578	0.0000541
all	657	41	886578	0.0000462
all	658	26	886578	0.0000293
all	659	48	886578	0.0000541
all	660	44	886578	0.0000496
all	661	47	886578	0.0000530
all	662	44	886578	0.0000496
all	663	56	886578	0.0000632
all	664	33	886578	0.0000372
all	665	41	886578	0.0000462
all	666	40	886578	0.0000451
all	667	51	886578	0.0000575
all	668	46	886578	0.0000519
all	669	33	886578	0.0000372
all	670	42	886578	0.0000474
all	671	44	886578	0.0000496
all	672	35	886578	0.0000395
all	673	42	886578	0.0000474
all	674	56	886578	0.0000632
all	675	35	886578	0.0000395
all	676	51	886578	0.0000575
all	677	43	886578	0.0000485
all	678	29	886578	0.0000327
all	679	49	886578	0.0000553
all	680	33	886578	0.0000372
all	681	49	886578	0.0000553
all	682	55	886578	0.0000620
all	683	48	886578	0.0000541
all	684	56	886578	0.0000632
all	685	58	886578	0.0000654
all	686	49	886578	0.0000553
all	687	35	886578	0.0000395
all	688	38	886578	0.0000429
all	689	41	886578	0.0000462
all	690	46	886578	0.0000519
all	691	41	886578	0.0000462
all	692	41	886578	0.0000462
all	693	37	886578	0.0000417
all	694	37	886578	0.0000417
all	695	21	886578	0.0000237
all	696	39	886578	0.0000440
all	697	43	886578	0.0000485
all	698	39	886578	0.0000440
all	699	28	886578	0.0000316
all	700	42	886578	0.0000474
all	701	26	886578	0.0000293
all	702	29	886578	0.0000327
all	703	25	886578	0.0000282
all	704	40	886578	0.0000451
all	705	21	886578	0.0000237
all	706	38	886578	0.0000429
all	707	27	886578	0.0000305
all	708	32	886578	0.0000361
all	709	34	886578	0.0000383
all	710	33	886578	0.0000372
all	711	30	886578	0.0000338
all	712	35	886578	0.0000395
all	713	33	886578	0.0000372
all	714	29	886578	0.0000327
all	715	29	886578	0.0000327
all	716	37	886578	0.0000417
all	717	25	886578	0.0000282
all	718	44	886578	0.0000496
all	719	36	886578	0.0000406
all	720	41	886578	0.0000462
all	721	35	886578	0.0000395
all	722	41	886578	0.0000462
all	723	31	886578	0.0000350
all	724	44	886578	0.0000496
all	725	34	886578	0.0000383
all	726	40	886578	0.0000451
all	727	31	886578	0.0000350
all	728	38	886578	0.0000429
all	729	48	886578	0.0000541
all	730	31	886578	0.0000350
all	731	41	886578	0.0000462
all	732	41	886578	0.0000462
all	733	30	886578	0.0000338
all	734	34	886578	0.0000383
all	735	34	886578	0.0000383
all	736	41	886578	0.0000462
all	737	28	886578	0.0000316
all	738	24	886578	0.0000271
all	739	44	886578	0.0000496
all	740	32	886578	0.0000361
all	741	35	886578	0.0000395
all	742	31	886578	0.0000350
all	743	24	886578	0.0000271
all	744	22	886578	0.0000248
all	745	35	886578	0.0000395
all	746	19	886578	0.0000214
all	747	37	886578	0.0000417
all	748	24	886578	0.0000271
all	749	35	886578	0.0000395
all	750	26	886578	0.0000293
all	751	31	886578	0.0000350
all	752	30	886578	0.0000338
all	753	37	886578	0.0000417
all	754	21	886578	0.0000237
all	755	30	886578	0.0000338
all	756	36	886578	0.0000406
all	757	23	886578	0.0000259
all	758	34	886578	0.0000383
all	759	16	886578	0.0000180
all	760	26	886578	0.0000293
all	761	27	886578	0.0000305
all	762	26	886578	0.0000293
all	763	27	886578	0.0000305
all	764	26	886578	0.0000293
all	765	26	886578	0.0000293
all	766	40	886578	0.0000451
all	767	31	886578	0.0000350
all	768	18	886578	0.0000203
all	769	14	886578	0.0000158
all	770	18	886578	0.0000203
all	771	24	886578	0.0000271
all	772	27	886578	0.0000305
all	773	29	886578	0.0000327
all	774	7	886578	0.0000079
all	775	21	886578	0.0000237
all	776	25	886578	0.0000282
all	777	22	886578	0.0000248
all	778	16	886578	0.0000180
all	779	19	886578	0.0000214
all	780	25	886578	0.0000282
all	781	20	886578	0.0000226
all	782	22	886578	0.0000248
all	783	18	886578	0.0000203
all	784	10	886578	0.0000113
all	785	18	886578	0.0000203
all	786	19	886578	0.0000214
all	787	17	886578	0.0000192
all	788	16	886578	0.0000180
all	789	17	886578	0.0000192
all	790	11	886578	0.0000124
all	791	16	886578	0.0000180
all	792	17	886578	0.0000192
all	793	23	886578	0.0000259
all	794	25	886578	0.0000282
all	795	22	886578	0.0000248
all	796	12	886578	0.0000135
all	797	18	886578	0.0000203
all	798	20	886578	0.0000226
all	799	21	886578	0.0000237
all	800	21	886578	0.0000237
all	801	24	886578	0.0000271
all	802	19	886578	0.0000214
all	803	23	886578	0.0000259
all	804	27	886578	0.0000305
all	805	20	886578	0.0000226
all	806	30	886578	0.0000338
all	807	25	886578	0.0000282
all	808	20	886578	0.0000226
all	809	21	886578	0.0000237
all	810	20	886578	0.0000226
all	811	20	886578	0.0000226
all	812	16	886578	0.0000180
all	813	13	886578	0.0000147
all	814	19	886578	0.0000214
all	815	16	886578	0.0000180
all	816	15	886578	0.0000169
all	817	21	886578	0.0000237
all	818	20	886578	0.0000226
all	819	11	886578	0.0000124
all	820	24	886578	0.0000271
all	821	16	886578	0.0000180
all	822	23	886578	0.0000259
all	823	18	886578	0.0000203
all	824	19	886578	0.0000214
all	825	18	886578	0.0000203
all	826	19	886578	0.0000214
all	827	22	886578	0.0000248
all	828	14	886578	0.0000158
all	829	20	886578	0.0000226
all	830	18	886578	0.0000203
all	831	16	886578	0.0000180
all	832	19	886578	0.0000214
all	833	21	886578	0.0000237
all	834	18	886578	0.0000203
all	835	25	886578	0.0000282
all	836	19	886578	0.0000214
all	837	18	886578	0.0000203
all	838	13	886578	0.0000147
all	839	21	886578	0.0000237
all	840	13	886578	0.0000147
all	841	23	886578	0.0000259
all	842	16	886578	0.0000180
all	843	20	886578	0.0000226
all	844	18	886578	0.0000203
all	845	18	886578	0.0000203
all	846	11	886578	0.0000124
all	847	17	886578	0.0000192
all	848	14	886578	0.0000158
all	849	15	886578	0.0000169
all	850	15	886578	0.0000169
all	851	10	886578	0.0000113
all	852	15	886578	0.0000169
all	853	22	886578	0.0000248
all	854	15	886578	0.0000169
all	855	13	886578	0.0000147
all	856	15	886578	0.0000169
all	857	16	886578	0.0000180
all	858	13	886578	0.0000147
all	859	13	886578	0.0000147
all	860	11	886578	0.0000124
all	861	14	886578	0.0000158
all	862	8	886578	0.0000090
all	863	12	886578	0.0000135
all	864	19	886578	0.0000214
all	865	11	886578	0.0000124
all	866	14	886578	0.0000158
all	867	11	886578	0.0000124
all	868	21	886578	0.0000237
all	869	11	886578	0.0000124
all	870	19	886578	0.0000214
all	871	16	886578	0.0000180
all	872	16	886578	0.0000180
all	873	17	886578	0.0000192
all	874	15	886578	0.0000169
all	875	15	886578	0.0000169
all	876	17	886578	0.0000192
all	877	18	886578	0.0000203
all	878	14	886578	0.0000158
all	879	7	886578	0.0000079
all	880	15	886578	0.0000169
all	881	15	886578	0.0000169
all	882	17	886578	0.0000192
all	883	19	886578	0.0000214
all	884	18	886578	0.0000203
all	885	18	886578	0.0000203
all	886	13	886578	0.0000147
all	887	11	886578	0.0000124
all	888	9	886578	0.0000102
all	889	13	886578	0.0000147
all	890	16	886578	0.0000180
all	891	10	886578	0.0000113
all	892	14	886578	0.0000158
all	893	18	886578	0.0000203
all	894	14	886578	0.0000158
all	895	11	886578	0.0000124
all	896	13	886578	0.0000147
all	897	10	886578	0.0000113
all	898	15	886578	0.0000169
all	899	8	886578	0.0000090
all	900	13	886578	0.0000147
all	901	7	886578	0.0000079
all	902	15	886578	0.0000169
all	903	11	886578	0.0000124
all	904	12	886578	0.0000135
all	905	10	886578	0.0000113
all	906	15	886578	0.0000169
all	907	12	886578	0.0000135
all	908	17	886578	0.0000192
all	909	12	886578	0.0000135
all	910	15	886578	0.0000169
all	911	18	886578	0.0000203
all	912	14	886578	0.0000158
all	913	12	886578	0.0000135
all	914	13	886578	0.0000147
all	915	22	886578	0.0000248
all	916	19	886578	0.0000214
all	917	14	886578	0.0000158
all	918	18	886578	0.0000203
all	919	15	886578	0.0000169
all	920	18	886578	0.0000203
all	921	12	886578	0.0000135
all	922	15	886578	0.0000169
all	923	11	886578	0.0000124
all	924	12	886578	0.0000135
all	925	11	886578	0.0000124
all	926	14	886578	0.0000158
all	927	15	886578	0.0000169
all	928	8	886578	0.0000090
all	929	9	886578	0.0000102
all	930	11	886578	0.0000124
all	931	8	886578	0.0000090
all	932	15	886578	0.0000169
all	933	18	886578	0.0000203
all	934	16	886578	0.0000180
all	935	12	886578	0.0000135
all	936	25	886578	0.0000282
all	937	16	886578	0.0000180
all	938	14	886578	0.0000158
all	939	16	886578	0.0000180
all	940	13	886578	0.0000147
all	941	15	886578	0.0000169
all	942	14	886578	0.0000158
all	943	13	886578	0.0000147
all	944	11	886578	0.0000124
all	945	7	886578	0.0000079
all	946	11	886578	0.0000124
all	947	15	886578	0.0000169
all	948	11	886578	0.0000124
all	949	15	886578	0.0000169
all	950	19	886578	0.0000214
all	951	14	886578	0.0000158
all	952	14	886578	0.0000158
all	953	12	886578	0.0000135
all	954	12	886578	0.0000135
all	955	12	886578	0.0000135
all	956	14	886578	0.0000158
all	957	12	886578	0.0000135
all	958	10	886578	0.0000113
all	959	14	886578	0.0000158
all	960	8	886578	0.0000090
all	961	12	886578	0.0000135
all	962	12	886578	0.0000135
all	963	15	886578	0.0000169
all	964	21	886578	0.0000237
all	965	13	886578	0.0000147
all	966	18	886578	0.0000203
all	967	13	886578	0.0000147
all	968	15	886578	0.0000169
all	969	9	886578	0.0000102
all	970	11	886578	0.0000124
all	971	17	886578	0.0000192
all	972	21	886578	0.0000237
all	973	13	886578	0.0000147
all	974	8	886578	0.0000090
all	975	14	886578	0.0000158
all	976	14	886578	0.0000158
all	977	12	886578	0.0000135
all	978	11	886578	0.0000124
all	979	11	886578	0.0000124
all	980	11	886578	0.0000124
all	981	19	886578	0.0000214
all	982	16	886578	0.0000180
all	983	15	886578	0.0000169
all	984	18	886578	0.0000203
all	985	18	886578	0.0000203
all	986	10	886578	0.0000113
all	987	10	886578	0.0000113
all	988	10	886578	0.0000113
all	989	16	886578	0.0000180
all	990	15	886578	0.0000169
all	991	7	886578	0.0000079
all	992	13	886578	0.0000147
all	993	9	886578	0.0000102
all	994	12	886578	0.0000135
all	995	16	886578	0.0000180
all	996	11	886578	0.0000124
all	997	7	886578	0.0000079
all	998	8	886578	0.0000090
all	999	11	886578	0.0000124
all	1000	10	886578	0.0000113
all	1001	8	886578	0.0000090
all	1002	23	886578	0.0000259
all	1003	10	886578	0.0000113
all	1004	10	886578	0.0000113
all	1005	15	886578	0.0000169
all	1006	13	886578	0.0000147
all	1007	7	886578	0.0000079
all	1008	6	886578	0.0000068
all	1009	4	886578	0.0000045
all	1010	14	886578	0.0000158
all	1011	13	886578	0.0000147
all	1012	7	886578	0.0000079
all	1013	8	886578	0.0000090
all	1014	14	886578	0.0000158
all	1015	15	886578	0.0000169
all	1016	9	886578	0.0000102
all	1017	12	886578	0.0000135
all	1018	14	886578	0.0000158
all	1019	12	886578	0.0000135
all	1020	11	886578	0.0000124
all	1021	8	886578	0.0000090
all	1022	15	886578	0.0000169
all	1023	10	886578	0.0000113
all	1024	12	886578	0.0000135
all	1025	8	886578	0.0000090
all	1026	10	886578	0.0000113
all	1027	14	886578	0.0000158
all	1028	10	886578	0.0000113
all	1029	8	886578	0.0000090
all	1030	10	886578	0.0000113
all	1031	11	886578	0.0000124
all	1032	13	886578	0.0000147
all	1033	6	886578	0.0000068
all	1034	17	886578	0.0000192
all	1035	10	886578	0.0000113
all	1036	11	886578	0.0000124
all	1037	13	886578	0.0000147
all	1038	8	886578	0.0000090
all	1039	13	886578	0.0000147
all	1040	15	886578	0.0000169
all	1041	18	886578	0.0000203
all	1042	15	886578	0.0000169
all	1043	12	886578	0.0000135
all	1044	9	886578	0.0000102
all	1045	13	886578	0.0000147
all	1046	11	886578	0.0000124
all	1047	24	886578	0.0000271
all	1048	13	886578	0.0000147
all	1049	17	886578	0.0000192
all	1050	8	886578	0.0000090
all	1051	12	886578	0.0000135
all	1052	13	886578	0.0000147
all	1053	17	886578	0.0000192
all	1054	13	886578	0.0000147
all	1055	10	886578	0.0000113
all	1056	10	886578	0.0000113
all	1057	10	886578	0.0000113
all	1058	10	886578	0.0000113
all	1059	11	886578	0.0000124
all	1060	8	886578	0.0000090
all	1061	8	886578	0.0000090
all	1062	17	886578	0.0000192
all	1063	15	886578	0.0000169
all	1064	14	886578	0.0000158
all	1065	12	886578	0.0000135
all	1066	12	886578	0.0000135
all	1067	16	886578	0.0000180
all	1068	13	886578	0.0000147
all	1069	14	886578	0.0000158
all	1070	14	886578	0.0000158
all	1071	13	886578	0.0000147
all	1072	12	886578	0.0000135
all	1073	12	886578	0.0000135
all	1074	11	886578	0.0000124
all	1075	9	886578	0.0000102
all	1076	9	886578	0.0000102
all	1077	11	886578	0.0000124
all	1078	13	886578	0.0000147
all	1079	23	886578	0.0000259
all	1080	17	886578	0.0000192
all	1081	24	886578	0.0000271
all	1082	10	886578	0.0000113
all	1083	20	886578	0.0000226
all	1084	8	886578	0.0000090
all	1085	7	886578	0.0000079
all	1086	8	886578	0.0000090
all	1087	13	886578	0.0000147
all	1088	12	886578	0.0000135
all	1089	14	886578	0.0000158
all	1090	8	886578	0.0000090
all	1091	15	886578	0.0000169
all	1092	13	886578	0.0000147
all	1093	19	886578	0.0000214
all	1094	10	886578	0.0000113
all	1095	9	886578	0.0000102
all	1096	9	886578	0.0000102
all	1097	6	886578	0.0000068
all	1098	12	886578	0.0000135
all	1099	7	886578	0.0000079
all	1100	10	886578	0.0000113
all	1101	14	886578	0.0000158
all	1102	14	886578	0.0000158
all	1103	14	886578	0.0000158
all	1104	7	886578	0.0000079
all	1105	9	886578	0.0000102
all	1106	7	886578	0.0000079
all	1107	5	886578	0.0000056
all	1108	6	886578	0.0000068
all	1109	14	886578	0.0000158
all	1110	10	886578	0.0000113
all	1111	18	886578	0.0000203
all	1112	10	886578	0.0000113
all	1113	8	886578	0.0000090
all	1114	16	886578	0.0000180
all	1115	14	886578	0.0000158
all	1116	11	886578	0.0000124
all	1117	11	886578	0.0000124
all	1118	12	886578	0.0000135
all	1119	2	886578	0.0000023
all	1120	12	886578	0.0000135
all	1121	7	886578	0.0000079
all	1122	13	886578	0.0000147
all	1123	8	886578	0.0000090
all	1124	10	886578	0.0000113
all	1125	8	886578	0.0000090
all	1126	9	886578	0.0000102
all	1127	5	886578	0.0000056
all	1128	11	886578	0.0000124
all	1129	18	886578	0.0000203
all	1130	8	886578	0.0000090
all	1131	4	886578	0.0000045
all	1132	18	886578	0.0000203
all	1133	9	886578	0.0000102
all	1134	10	886578	0.0000113
all	1135	10	886578	0.0000113
all	1136	9	886578	0.0000102
all	1137	11	886578	0.0000124
all	1138	8	886578	0.0000090
all	1139	6	886578	0.0000068
all	1140	14	886578	0.0000158
all	1141	10	886578	0.0000113
all	1142	9	886578	0.0000102
all	1143	11	886578	0.0000124
all	1144	11	886578	0.0000124
all	1145	17	886578	0.0000192
all	1146	9	886578	0.0000102
all	1147	12	886578	0.0000135
all	1148	11	886578	0.0000124
all	1149	14	886578	0.0000158
all	1150	7	886578	0.0000079
all	1151	10	886578	0.0000113
all	1152	14	886578	0.0000158
all	1153	7	886578	0.0000079
all	1154	15	886578	0.0000169
all	1155	20	886578	0.0000226
all	1156	13	886578	0.0000147
all	1157	11	886578	0.0000124
all	1158	10	886578	0.0000113
all	1159	9	886578	0.0000102
all	1160	5	886578	0.0000056
all	1161	14	886578	0.0000158
all	1162	15	886578	0.0000169
all	1163	8	886578	0.0000090
all	1164	16	886578	0.0000180
all	1165	10	886578	0.0000113
all	1166	11	886578	0.0000124
all	1167	10	886578	0.0000113
all	1168	20	886578	0.0000226
all	1169	20	886578	0.0000226
all	1170	17	886578	0.0000192
all	1171	2	886578	0.0000023
all	1172	8	886578	0.0000090
all	1173	11	886578	0.0000124
all	1174	13	886578	0.0000147
all	1175	4	886578	0.0000045
all	1176	7	886578	0.0000079
all	1177	17	886578	0.0000192
all	1178	9	886578	0.0000102
all	1179	13	886578	0.0000147
all	1180	14	886578	0.0000158
all	1181	12	886578	0.0000135
all	1182	13	886578	0.0000147
all	1183	8	886578	0.0000090
all	1184	10	886578	0.0000113
all	1185	9	886578	0.0000102
all	1186	11	886578	0.0000124
all	1187	14	886578	0.0000158
all	1188	7	886578	0.0000079
all	1189	7	886578	0.0000079
all	1190	8	886578	0.0000090
all	1191	9	886578	0.0000102
all	1192	10	886578	0.0000113
all	1193	10	886578	0.0000113
all	1194	8	886578	0.0000090
all	1195	9	886578	0.0000102
all	1196	10	886578	0.0000113
all	1197	12	886578	0.0000135
all	1198	10	886578	0.0000113
all	1199	8	886578	0.0000090
all	1200	6	886578	0.0000068
all	1201	6	886578	0.0000068
all	1202	17	886578	0.0000192
all	1203	13	886578	0.0000147
all	1204	8	886578	0.0000090
all	1205	8	886578	0.0000090
all	1206	16	886578	0.0000180
all	1207	11	886578	0.0000124
all	1208	11	886578	0.0000124
all	1209	16	886578	0.0000180
all	1210	9	886578	0.0000102
all	1211	16	886578	0.0000180
all	1212	19	886578	0.0000214
all	1213	14	886578	0.0000158
all	1214	9	886578	0.0000102
all	1215	6	886578	0.0000068
all	1216	9	886578	0.0000102
all	1217	9	886578	0.0000102
all	1218	14	886578	0.0000158
all	1219	4	886578	0.0000045
all	1220	8	886578	0.0000090
all	1221	7	886578	0.0000079
all	1222	11	886578	0.0000124
all	1223	12	886578	0.0000135
all	1224	12	886578	0.0000135
all	1225	9	886578	0.0000102
all	1226	20	886578	0.0000226
all	1227	8	886578	0.0000090
all	1228	12	886578	0.0000135
all	1229	8	886578	0.0000090
all	1230	11	886578	0.0000124
all	1231	9	886578	0.0000102
all	1232	8	886578	0.0000090
all	1233	6	886578	0.0000068
all	1234	11	886578	0.0000124
all	1235	6	886578	0.0000068
all	1236	10	886578	0.0000113
all	1237	9	886578	0.0000102
all	1238	15	886578	0.0000169
all	1239	11	886578	0.0000124
all	1240	10	886578	0.0000113
all	1241	5	886578	0.0000056
all	1242	5	886578	0.0000056
all	1243	11	886578	0.0000124
all	1244	13	886578	0.0000147
all	1245	8	886578	0.0000090
all	1246	5	886578	0.0000056
all	1247	5	886578	0.0000056
all	1248	7	886578	0.0000079
all	1249	14	886578	0.0000158
all	1250	11	886578	0.0000124
all	1251	9	886578	0.0000102
all	1252	9	886578	0.0000102
all	1253	12	886578	0.0000135
all	1254	18	886578	0.0000203
all	1255	8	886578	0.0000090
all	1256	9	886578	0.0000102
all	1257	11	886578	0.0000124
all	1258	7	886578	0.0000079
all	1259	9	886578	0.0000102
all	1260	8	886578	0.0000090
all	1261	5	886578	0.0000056
all	1262	12	886578	0.0000135
all	1263	9	886578	0.0000102
all	1264	10	886578	0.0000113
all	1265	10	886578	0.0000113
all	1266	7	886578	0.0000079
all	1267	11	886578	0.0000124
all	1268	17	886578	0.0000192
all	1269	10	886578	0.0000113
all	1270	10	886578	0.0000113
all	1271	6	886578	0.0000068
all	1272	10	886578	0.0000113
all	1273	12	886578	0.0000135
all	1274	10	886578	0.0000113
all	1275	6	886578	0.0000068
all	1276	5	886578	0.0000056
all	1277	14	886578	0.0000158
all	1278	8	886578	0.0000090
all	1279	6	886578	0.0000068
all	1280	7	886578	0.0000079
all	1281	18	886578	0.0000203
all	1282	10	886578	0.0000113
all	1283	11	886578	0.0000124
all	1284	6	886578	0.0000068
all	1285	13	886578	0.0000147
all	1286	6	886578	0.0000068
all	1287	14	886578	0.0000158
all	1288	11	886578	0.0000124
all	1289	7	886578	0.0000079
all	1290	14	886578	0.0000158
all	1291	16	886578	0.0000180
all	1292	5	886578	0.0000056
all	1293	17	886578	0.0000192
all	1294	13	886578	0.0000147
all	1295	12	886578	0.0000135
all	1296	15	886578	0.0000169
all	1297	7	886578	0.0000079
all	1298	14	886578	0.0000158
all	1299	13	886578	0.0000147
all	1300	8	886578	0.0000090
all	1301	15	886578	0.0000169
all	1302	6	886578	0.0000068
all	1303	15	886578	0.0000169
all	1304	9	886578	0.0000102
all	1305	10	886578	0.0000113
all	1306	11	886578	0.0000124
all	1307	12	886578	0.0000135
all	1308	16	886578	0.0000180
all	1309	15	886578	0.0000169
all	1310	15	886578	0.0000169
all	1311	12	886578	0.0000135
all	1312	10	886578	0.0000113
all	1313	10	886578	0.0000113
all	1314	15	886578	0.0000169
all	1315	16	886578	0.0000180
all	1316	14	886578	0.0000158
all	1317	7	886578	0.0000079
all	1318	14	886578	0.0000158
all	1319	14	886578	0.0000158
all	1320	5	886578	0.0000056
all	1321	9	886578	0.0000102
all	1322	16	886578	0.0000180
all	1323	11	886578	0.0000124
all	1324	9	886578	0.0000102
all	1325	11	886578	0.0000124
all	1326	11	886578	0.0000124
all	1327	4	886578	0.0000045
all	1328	15	886578	0.0000169
all	1329	24	886578	0.0000271
all	1330	16	886578	0.0000180
all	1331	6	886578	0.0000068
all	1332	21	886578	0.0000237
all	1333	11	886578	0.0000124
all	1334	14	886578	0.0000158
all	1335	16	886578	0.0000180
all	1336	17	886578	0.0000192
all	1337	15	886578	0.0000169
all	1338	8	886578	0.0000090
all	1339	13	886578	0.0000147
all	1340	9	886578	0.0000102
all	1341	13	886578	0.0000147
all	1342	6	886578	0.0000068
all	1343	6	886578	0.0000068
all	1344	13	886578	0.0000147
all	1345	7	886578	0.0000079
all	1346	18	886578	0.0000203
all	1347	9	886578	0.0000102
all	1348	12	886578	0.0000135
all	1349	10	886578	0.0000113
all	1350	6	886578	0.0000068
all	1351	10	886578	0.0000113
all	1352	8	886578	0.0000090
all	1353	11	886578	0.0000124
all	1354	7	886578	0.0000079
all	1355	9	886578	0.0000102
all	1356	7	886578	0.0000079
all	1357	5	886578	0.0000056
all	1358	16	886578	0.0000180
all	1359	7	886578	0.0000079
all	1360	6	886578	0.0000068
all	1361	11	886578	0.0000124
all	1362	7	886578	0.0000079
all	1363	13	886578	0.0000147
all	1364	9	886578	0.0000102
all	1365	10	886578	0.0000113
all	1366	10	886578	0.0000113
all	1367	16	886578	0.0000180
all	1368	13	886578	0.0000147
all	1369	11	886578	0.0000124
all	1370	11	886578	0.0000124
all	1371	9	886578	0.0000102
all	1372	8	886578	0.0000090
all	1373	11	886578	0.0000124
all	1374	7	886578	0.0000079
all	1375	11	886578	0.0000124
all	1376	6	886578	0.0000068
all	1377	10	886578	0.0000113
all	1378	8	886578	0.0000090
all	1379	14	886578	0.0000158
all	1380	9	886578	0.0000102
all	1381	6	886578	0.0000068
all	1382	11	886578	0.0000124
all	1383	5	886578	0.0000056
all	1384	7	886578	0.0000079
all	1385	8	886578	0.0000090
all	1386	8	886578	0.0000090
all	1387	9	886578	0.0000102
all	1388	10	886578	0.0000113
all	1389	9	886578	0.0000102
all	1390	16	886578	0.0000180
all	1391	4	886578	0.0000045
all	1392	9	886578	0.0000102
all	1393	9	886578	0.0000102
all	1394	9	886578	0.0000102
all	1395	8	886578	0.0000090
all	1396	7	886578	0.0000079
all	1397	10	886578	0.0000113
all	1398	16	886578	0.0000180
all	1399	4	886578	0.0000045
all	1400	4	886578	0.0000045
all	1401	12	886578	0.0000135
all	1402	6	886578	0.0000068
all	1403	6	886578	0.0000068
all	1404	12	886578	0.0000135
all	1405	4	886578	0.0000045
all	1406	5	886578	0.0000056
all	1407	1	886578	0.0000011
all	1408	12	886578	0.0000135
all	1409	9	886578	0.0000102
all	1410	6	886578	0.0000068
all	1411	11	886578	0.0000124
all	1412	7	886578	0.0000079
all	1413	4	886578	0.0000045
all	1414	7	886578	0.0000079
all	1415	4	886578	0.0000045
all	1416	7	886578	0.0000079
all	1417	13	886578	0.0000147
all	1418	9	886578	0.0000102
all	1419	7	886578	0.0000079
all	1420	5	886578	0.0000056
all	1421	8	886578	0.0000090
all	1422	3	886578	0.0000034
all	1423	6	886578	0.0000068
all	1424	8	886578	0.0000090
all	1425	7	886578	0.0000079
all	1426	11	886578	0.0000124
all	1427	9	886578	0.0000102
all	1428	12	886578	0.0000135
all	1429	4	886578	0.0000045
all	1430	4	886578	0.0000045
all	1431	15	886578	0.0000169
all	1432	7	886578	0.0000079
all	1433	5	886578	0.0000056
all	1434	12	886578	0.0000135
all	1435	7	886578	0.0000079
all	1436	14	886578	0.0000158
all	1437	7	886578	0.0000079
all	1438	8	886578	0.0000090
all	1439	5	886578	0.0000056
all	1440	11	886578	0.0000124
all	1441	6	886578	0.0000068
all	1442	12	886578	0.0000135
all	1443	6	886578	0.0000068
all	1444	8	886578	0.0000090
all	1445	7	886578	0.0000079
all	1446	11	886578	0.0000124
all	1447	4	886578	0.0000045
all	1448	3	886578	0.0000034
all	1449	3	886578	0.0000034
all	1450	6	886578	0.0000068
all	1451	4	886578	0.0000045
all	1452	7	886578	0.0000079
all	1453	7	886578	0.0000079
all	1454	10	886578	0.0000113
all	1455	6	886578	0.0000068
all	1456	4	886578	0.0000045
all	1457	11	886578	0.0000124
all	1458	5	886578	0.0000056
all	1459	8	886578	0.0000090
all	1460	9	886578	0.0000102
all	1461	9	886578	0.0000102
all	1462	10	886578	0.0000113
all	1463	13	886578	0.0000147
all	1464	7	886578	0.0000079
all	1465	6	886578	0.0000068
all	1466	5	886578	0.0000056
all	1467	7	886578	0.0000079
all	1468	7	886578	0.0000079
all	1469	8	886578	0.0000090
all	1470	7	886578	0.0000079
all	1471	8	886578	0.0000090
all	1472	3	886578	0.0000034
all	1473	4	886578	0.0000045
all	1474	4	886578	0.0000045
all	1475	10	886578	0.0000113
all	1476	6	886578	0.0000068
all	1477	5	886578	0.0000056
all	1478	7	886578	0.0000079
all	1479	7	886578	0.0000079
all	1480	5	886578	0.0000056
all	1481	5	886578	0.0000056
all	1482	6	886578	0.0000068
all	1483	6	886578	0.0000068
all	1484	11	886578	0.0000124
all	1485	10	886578	0.0000113
all	1486	7	886578	0.0000079
all	1487	7	886578	0.0000079
all	1488	12	886578	0.0000135
all	1489	10	886578	0.0000113
all	1490	14	886578	0.0000158
all	1491	4	886578	0.0000045
all	1492	7	886578	0.0000079
all	1493	7	886578	0.0000079
all	1494	5	886578	0.0000056
all	1495	10	886578	0.0000113
all	1496	4	886578	0.0000045
all	1497	9	886578	0.0000102
all	1498	6	886578	0.0000068
all	1499	5	886578	0.0000056
all	1500	7	886578	0.0000079
all	1501	9	886578	0.0000102
all	1502	12	886578	0.0000135
all	1503	6	886578	0.0000068
all	1504	4	886578	0.0000045
all	1505	10	886578	0.0000113
all	1506	9	886578	0.0000102
all	1507	10	886578	0.0000113
all	1508	7	886578	0.0000079
all	1509	4	886578	0.0000045
all	1510	10	886578	0.0000113
all	1511	7	886578	0.0000079
all	1512	2	886578	0.0000023
all	1513	9	886578	0.0000102
all	1514	10	886578	0.0000113
all	1515	5	886578	0.0000056
all	1516	12	886578	0.0000135
all	1517	5	886578	0.0000056
all	1518	4	886578	0.0000045
all	1519	10	886578	0.0000113
all	1520	8	886578	0.0000090
all	1521	9	886578	0.0000102
all	1522	11	886578	0.0000124
all	1523	2	886578	0.0000023
all	1524	5	886578	0.0000056
all	1525	5	886578	0.0000056
all	1526	7	886578	0.0000079
all	1527	9	886578	0.0000102
all	1528	3	886578	0.0000034
all	1529	8	886578	0.0000090
all	1530	5	886578	0.0000056
all	1531	11	886578	0.0000124
all	1532	3	886578	0.0000034
all	1533	2	886578	0.0000023
all	1534	7	886578	0.0000079
all	1535	5	886578	0.0000056
all	1536	7	886578	0.0000079
all	1537	5	886578	0.0000056
all	1538	9	886578	0.0000102
all	1539	5	886578	0.0000056
all	1540	2	886578	0.0000023
all	1541	5	886578	0.0000056
all	1542	5	886578	0.0000056
all	1543	7	886578	0.0000079
all	1544	3	886578	0.0000034
all	1545	10	886578	0.0000113
all	1546	7	886578	0.0000079
all	1547	5	886578	0.0000056
all	1548	6	886578	0.0000068
all	1549	9	886578	0.0000102
all	1550	4	886578	0.0000045
all	1551	13	886578	0.0000147
all	1552	11	886578	0.0000124
all	1553	5	886578	0.0000056
all	1554	11	886578	0.0000124
all	1555	10	886578	0.0000113
all	1556	14	886578	0.0000158
all	1557	13	886578	0.0000147
all	1558	10	886578	0.0000113
all	1559	16	886578	0.0000180
all	1560	11	886578	0.0000124
all	1561	7	886578	0.0000079
all	1562	9	886578	0.0000102
all	1563	9	886578	0.0000102
all	1564	3	886578	0.0000034
all	1565	7	886578	0.0000079
all	1566	4	886578	0.0000045
all	1567	10	886578	0.0000113
all	1568	3	886578	0.0000034
all	1569	9	886578	0.0000102
all	1570	11	886578	0.0000124
all	1571	7	886578	0.0000079
all	1572	14	886578	0.0000158
all	1573	6	886578	0.0000068
all	1574	9	886578	0.0000102
all	1575	6	886578	0.0000068
all	1576	9	886578	0.0000102
all	1577	5	886578	0.0000056
all	1578	3	886578	0.0000034
all	1579	7	886578	0.0000079
all	1580	5	886578	0.0000056
all	1581	5	886578	0.0000056
all	1582	6	886578	0.0000068
all	1583	9	886578	0.0000102
all	1584	10	886578	0.0000113
all	1585	8	886578	0.0000090
all	1586	7	886578	0.0000079
all	1587	9	886578	0.0000102
all	1588	6	886578	0.0000068
all	1589	9	886578	0.0000102
all	1590	5	886578	0.0000056
all	1591	5	886578	0.0000056
all	1592	8	886578	0.0000090
all	1593	6	886578	0.0000068
all	1594	8	886578	0.0000090
all	1595	7	886578	0.0000079
all	1596	4	886578	0.0000045
all	1597	7	886578	0.0000079
all	1598	7	886578	0.0000079
all	1599	8	886578	0.0000090
all	1600	6	886578	0.0000068
all	1601	12	886578	0.0000135
all	1602	7	886578	0.0000079
all	1603	11	886578	0.0000124
all	1604	7	886578	0.0000079
all	1605	9	886578	0.0000102
all	1606	7	886578	0.0000079
all	1607	4	886578	0.0000045
all	1608	5	886578	0.0000056
all	1609	7	886578	0.0000079
all	1610	7	886578	0.0000079
all	1611	14	886578	0.0000158
all	1612	9	886578	0.0000102
all	1613	3	886578	0.0000034
all	1614	2	886578	0.0000023
all	1615	7	886578	0.0000079
all	1616	7	886578	0.0000079
all	1617	5	886578	0.0000056
all	1618	7	886578	0.0000079
all	1619	3	886578	0.0000034
all	1620	13	886578	0.0000147
all	1621	5	886578	0.0000056
all	1622	9	886578	0.0000102
all	1623	9	886578	0.0000102
all	1624	5	886578	0.0000056
all	1625	5	886578	0.0000056
all	1626	4	886578	0.0000045
all	1627	8	886578	0.0000090
all	1628	7	886578	0.0000079
all	1629	5	886578	0.0000056
all	1630	7	886578	0.0000079
all	1631	9	886578	0.0000102
all	1632	5	886578	0.0000056
all	1633	8	886578	0.0000090
all	1634	6	886578	0.0000068
all	1635	4	886578	0.0000045
all	1636	5	886578	0.0000056
all	1637	5	886578	0.0000056
all	1638	4	886578	0.0000045
all	1639	4	886578	0.0000045
all	1640	8	886578	0.0000090
all	1641	4	886578	0.0000045
all	1642	3	886578	0.0000034
all	1643	7	886578	0.0000079
all	1644	5	886578	0.0000056
all	1645	4	886578	0.0000045
all	1646	10	886578	0.0000113
all	1647	5	886578	0.0000056
all	1648	2	886578	0.0000023
all	1649	7	886578	0.0000079
all	1650	2	886578	0.0000023
all	1651	4	886578	0.0000045
all	1652	3	886578	0.0000034
all	1653	5	886578	0.0000056
all	1654	3	886578	0.0000034
all	1655	4	886578	0.0000045
all	1656	4	886578	0.0000045
all	1657	8	886578	0.0000090
all	1658	12	886578	0.0000135
all	1659	3	886578	0.0000034
all	1660	7	886578	0.0000079
all	1661	10	886578	0.0000113
all	1662	6	886578	0.0000068
all	1663	13	886578	0.0000147
all	1665	7	886578	0.0000079
all	1666	8	886578	0.0000090
all	1667	3	886578	0.0000034
all	1668	5	886578	0.0000056
all	1669	6	886578	0.0000068
all	1670	2	886578	0.0000023
all	1671	9	886578	0.0000102
all	1672	7	886578	0.0000079
all	1673	6	886578	0.0000068
all	1674	9	886578	0.0000102
all	1675	3	886578	0.0000034
all	1676	2	886578	0.0000023
all	1677	9	886578	0.0000102
all	1678	5	886578	0.0000056
all	1679	1	886578	0.0000011
all	1680	5	886578	0.0000056
all	1681	5	886578	0.0000056
all	1682	4	886578	0.0000045
all	1683	5	886578	0.0000056
all	1684	5	886578	0.0000056
all	1685	3	886578	0.0000034
all	1686	8	886578	0.0000090
all	1687	8	886578	0.0000090
all	1688	5	886578	0.0000056
all	1689	3	886578	0.0000034
all	1690	3	886578	0.0000034
all	1691	11	886578	0.0000124
all	1692	5	886578	0.0000056
all	1693	3	886578	0.0000034
all	1694	10	886578	0.0000113
all	1695	3	886578	0.0000034
all	1696	7	886578	0.0000079
all	1697	7	886578	0.0000079
all	1698	9	886578	0.0000102
all	1699	8	886578	0.0000090
all	1700	3	886578	0.0000034
all	1701	8	886578	0.0000090
all	1702	2	886578	0.0000023
all	1703	7	886578	0.0000079
all	1704	5	886578	0.0000056
all	1705	5	886578	0.0000056
all	1706	7	886578	0.0000079
all	1707	4	886578	0.0000045
all	1708	7	886578	0.0000079
all	1709	8	886578	0.0000090
all	1710	7	886578	0.0000079
all	1711	10	886578	0.0000113
all	1712	6	886578	0.0000068
all	1713	9	886578	0.0000102
all	1714	6	886578	0.0000068
all	1715	10	886578	0.0000113
all	1716	6	886578	0.0000068
all	1717	7	886578	0.0000079
all	1718	3	886578	0.0000034
all	1719	5	886578	0.0000056
all	1720	6	886578	0.0000068
all	1721	9	886578	0.0000102
all	1722	7	886578	0.0000079
all	1723	8	886578	0.0000090
all	1724	7	886578	0.0000079
all	1725	6	886578	0.0000068
all	1726	6	886578	0.0000068
all	1727	4	886578	0.0000045
all	1728	7	886578	0.0000079
all	1729	6	886578	0.0000068
all	1730	6	886578	0.0000068
all	1731	9	886578	0.0000102
all	1732	6	886578	0.0000068
all	1733	6	886578	0.0000068
all	1734	3	886578	0.0000034
all	1735	4	886578	0.0000045
all	1736	7	886578	0.0000079
all	1737	5	886578	0.0000056
all	1738	12	886578	0.0000135
all	1739	6	886578	0.0000068
all	1740	2	886578	0.0000023
all	1741	3	886578	0.0000034
all	1742	7	886578	0.0000079
all	1743	3	886578	0.0000034
all	1744	6	886578	0.0000068
all	1745	5	886578	0.0000056
all	1746	4	886578	0.0000045
all	1747	5	886578	0.0000056
all	1748	5	886578	0.0000056
all	1749	4	886578	0.0000045
all	1750	6	886578	0.0000068
all	1751	2	886578	0.0000023
all	1752	1	886578	0.0000011
all	1753	8	886578	0.0000090
all	1754	4	886578	0.0000045
all	1755	7	886578	0.0000079
all	1756	6	886578	0.0000068
all	1757	5	886578	0.0000056
all	1758	10	886578	0.0000113
all	1759	6	886578	0.0000068
all	1760	6	886578	0.0000068
all	1761	5	886578	0.0000056
all	1762	4	886578	0.0000045
all	1763	9	886578	0.0000102
all	1764	11	886578	0.0000124
all	1765	10	886578	0.0000113
all	1766	3	886578	0.0000034
all	1767	4	886578	0.0000045
all	1768	8	886578	0.0000090
all	1769	3	886578	0.0000034
all	1770	5	886578	0.0000056
all	1771	2	886578	0.0000023
all	1772	5	886578	0.0000056
all	1773	7	886578	0.0000079
all	1774	3	886578	0.0000034
all	1775	4	886578	0.0000045
all	1776	2	886578	0.0000023
all	1777	9	886578	0.0000102
all	1778	9	886578	0.0000102
all	1779	4	886578	0.0000045
all	1780	3	886578	0.0000034
all	1781	7	886578	0.0000079
all	1782	2	886578	0.0000023
all	1783	6	886578	0.0000068
all	1784	5	886578	0.0000056
all	1785	6	886578	0.0000068
all	1786	10	886578	0.0000113
all	1787	4	886578	0.0000045
all	1788	5	886578	0.0000056
all	1789	2	886578	0.0000023
all	1790	6	886578	0.0000068
all	1791	4	886578	0.0000045
all	1792	7	886578	0.0000079
all	1793	1	886578	0.0000011
all	1794	4	886578	0.0000045
all	1795	2	886578	0.0000023
all	1796	4	886578	0.0000045
all	1797	5	886578	0.0000056
all	1798	3	886578	0.0000034
all	1799	3	886578	0.0000034
all	1800	5	886578	0.0000056
all	1801	7	886578	0.0000079
all	1802	4	886578	0.0000045
all	1803	7	886578	0.0000079
all	1804	6	886578	0.0000068
all	1805	2	886578	0.0000023
all	1806	3	886578	0.0000034
all	1807	5	886578	0.0000056
all	1808	2	886578	0.0000023
all	1809	7	886578	0.0000079
all	1810	2	886578	0.0000023
all	1811	7	886578	0.0000079
all	1812	5	886578	0.0000056
all	1813	1	886578	0.0000011
all	1814	5	886578	0.0000056
all	1815	5	886578	0.0000056
all	1816	6	886578	0.0000068
all	1817	6	886578	0.0000068
all	1818	3	886578	0.0000034
all	1819	7	886578	0.0000079
all	1820	3	886578	0.0000034
all	1821	4	886578	0.0000045
all	1822	7	886578	0.0000079
all	1823	2	886578	0.0000023
all	1824	2	886578	0.0000023
all	1825	5	886578	0.0000056
all	1826	4	886578	0.0000045
all	1828	7	886578	0.0000079
all	1829	3	886578	0.0000034
all	1830	3	886578	0.0000034
all	1831	5	886578	0.0000056
all	1832	6	886578	0.0000068
all	1833	9	886578	0.0000102
all	1834	8	886578	0.0000090
all	1835	6	886578	0.0000068
all	1836	7	886578	0.0000079
all	1837	4	886578	0.0000045
all	1838	7	886578	0.0000079
all	1839	2	886578	0.0000023
all	1840	1	886578	0.0000011
all	1841	8	886578	0.0000090
all	1842	5	886578	0.0000056
all	1843	3	886578	0.0000034
all	1844	3	886578	0.0000034
all	1845	4	886578	0.0000045
all	1846	2	886578	0.0000023
all	1847	6	886578	0.0000068
all	1848	1	886578	0.0000011
all	1849	5	886578	0.0000056
all	1850	5	886578	0.0000056
all	1851	7	886578	0.0000079
all	1852	6	886578	0.0000068
all	1853	12	886578	0.0000135
all	1854	6	886578	0.0000068
all	1855	7	886578	0.0000079
all	1856	3	886578	0.0000034
all	1857	4	886578	0.0000045
all	1858	6	886578	0.0000068
all	1859	6	886578	0.0000068
all	1860	1	886578	0.0000011
all	1861	3	886578	0.0000034
all	1862	3	886578	0.0000034
all	1863	3	886578	0.0000034
all	1864	2	886578	0.0000023
all	1865	6	886578	0.0000068
all	1866	7	886578	0.0000079
all	1867	4	886578	0.0000045
all	1868	5	886578	0.0000056
all	1869	2	886578	0.0000023
all	1870	2	886578	0.0000023
all	1871	1	886578	0.0000011
all	1872	3	886578	0.0000034
all	1873	7	886578	0.0000079
all	1874	5	886578	0.0000056
all	1875	5	886578	0.0000056
all	1876	6	886578	0.0000068
all	1877	1	886578	0.0000011
all	1878	3	886578	0.0000034
all	1879	4	886578	0.0000045
all	1880	4	886578	0.0000045
all	1881	2	886578	0.0000023
all	1882	7	886578	0.0000079
all	1883	1	886578	0.0000011
all	1884	1	886578	0.0000011
all	1885	4	886578	0.0000045
all	1886	5	886578	0.0000056
all	1887	2	886578	0.0000023
all	1888	3	886578	0.0000034
all	1889	4	886578	0.0000045
all	1890	3	886578	0.0000034
all	1891	1	886578	0.0000011
all	1892	7	886578	0.0000079
all	1893	4	886578	0.0000045
all	1894	4	886578	0.0000045
all	1895	1	886578	0.0000011
all	1896	3	886578	0.0000034
all	1897	5	886578	0.0000056
all	1898	6	886578	0.0000068
all	1899	4	886578	0.0000045
all	1900	5	886578	0.0000056
all	1901	3	886578	0.0000034
all	1902	4	886578	0.0000045
all	1903	2	886578	0.0000023
all	1905	2	886578	0.0000023
all	1906	2	886578	0.0000023
all	1907	4	886578	0.0000045
all	1908	5	886578	0.0000056
all	1909	1	886578	0.0000011
all	1910	2	886578	0.0000023
all	1911	5	886578	0.0000056
all	1912	4	886578	0.0000045
all	1913	5	886578	0.0000056
all	1914	4	886578	0.0000045
all	1915	5	886578	0.0000056
all	1916	5	886578	0.0000056
all	1917	3	886578	0.0000034
all	1918	5	886578	0.0000056
all	1919	6	886578	0.0000068
all	1920	5	886578	0.0000056
all	1921	10	886578	0.0000113
all	1922	1	886578	0.0000011
all	1923	2	886578	0.0000023
all	1924	6	886578	0.0000068
all	1925	3	886578	0.0000034
all	1926	2	886578	0.0000023
all	1927	7	886578	0.0000079
all	1928	2	886578	0.0000023
all	1929	5	886578	0.0000056
all	1930	7	886578	0.0000079
all	1931	3	886578	0.0000034
all	1932	3	886578	0.0000034
all	1933	3	886578	0.0000034
all	1934	5	886578	0.0000056
all	1935	5	886578	0.0000056
all	1936	4	886578	0.0000045
all	1937	3	886578	0.0000034
all	1938	5	886578	0.0000056
all	1939	4	886578	0.0000045
all	1940	6	886578	0.0000068
all	1942	1	886578	0.0000011
all	1943	1	886578	0.0000011
all	1944	1	886578	0.0000011
all	1945	3	886578	0.0000034
all	1946	6	886578	0.0000068
all	1947	1	886578	0.0000011
all	1948	2	886578	0.0000023
all	1949	2	886578	0.0000023
all	1950	1	886578	0.0000011
all	1951	4	886578	0.0000045
all	1952	4	886578	0.0000045
all	1953	5	886578	0.0000056
all	1954	2	886578	0.0000023
all	1955	2	886578	0.0000023
all	1956	4	886578	0.0000045
all	1957	6	886578	0.0000068
all	1958	1	886578	0.0000011
all	1959	6	886578	0.0000068
all	1960	7	886578	0.0000079
all	1961	4	886578	0.0000045
all	1962	4	886578	0.0000045
all	1963	3	886578	0.0000034
all	1964	4	886578	0.0000045
all	1965	1	886578	0.0000011
all	1966	4	886578	0.0000045
all	1967	1	886578	0.0000011
all	1968	2	886578	0.0000023
all	1969	5	886578	0.0000056
all	1970	3	886578	0.0000034
all	1971	2	886578	0.0000023
all	1972	2	886578	0.0000023
all	1973	1	886578	0.0000011
all	1974	8	886578	0.0000090
all	1975	5	886578	0.0000056
all	1976	1	886578	0.0000011
all	1977	5	886578	0.0000056
all	1978	5	886578	0.0000056
all	1979	3	886578	0.0000034
all	1980	1	886578	0.0000011
all	1981	2	886578	0.0000023
all	1982	1	886578	0.0000011
all	1983	3	886578	0.0000034
all	1984	4	886578	0.0000045
all	1985	2	886578	0.0000023
all	1986	1	886578	0.0000011
all	1987	5	886578	0.0000056
all	1988	2	886578	0.0000023
all	1989	1	886578	0.0000011
all	1990	4	886578	0.0000045
all	1991	3	886578	0.0000034
all	1992	6	886578	0.0000068
all	1993	6	886578	0.0000068
all	1994	1	886578	0.0000011
all	1995	1	886578	0.0000011
all	1996	3	886578	0.0000034
all	1997	5	886578	0.0000056
all	1998	2	886578	0.0000023
all	1999	2	886578	0.0000023
all	2000	7	886578	0.0000079
all	2001	1	886578	0.0000011
all	2003	1	886578	0.0000011
all	2004	3	886578	0.0000034
all	2005	5	886578	0.0000056
all	2006	1	886578	0.0000011
all	2007	4	886578	0.0000045
all	2008	2	886578	0.0000023
all	2009	3	886578	0.0000034
all	2010	2	886578	0.0000023
all	2011	4	886578	0.0000045
all	2012	3	886578	0.0000034
all	2013	5	886578	0.0000056
all	2014	3	886578	0.0000034
all	2015	6	886578	0.0000068
all	2016	1	886578	0.0000011
all	2017	2	886578	0.0000023
all	2018	3	886578	0.0000034
all	2019	1	886578	0.0000011
all	2020	1	886578	0.0000011
all	2021	2	886578	0.0000023
all	2022	2	886578	0.0000023
all	2023	4	886578	0.0000045
all	2024	1	886578	0.0000011
all	2025	2	886578	0.0000023
all	2026	4	886578	0.0000045
all	2028	2	886578	0.0000023
all	2029	2	886578	0.0000023
all	2030	2	886578	0.0000023
all	2031	3	886578	0.0000034
all	2032	2	886578	0.0000023
all	2033	1	886578	0.0000011
all	2034	3	886578	0.0000034
all	2035	2	886578	0.0000023
all	2036	3	886578	0.0000034
all	2037	5	886578	0.0000056
all	2038	1	886578	0.0000011
all	2039	2	886578	0.0000023
all	2040	2	886578	0.0000023
all	2041	2	886578	0.0000023
all	2042	2	886578	0.0000023
all	2043	1	886578	0.0000011
all	2044	4	886578	0.0000045
all	2045	4	886578	0.0000045
all	2046	4	886578	0.0000045
all	2047	1	886578	0.0000011
all	2048	2	886578	0.0000023
all	2049	6	886578	0.0000068
all	2050	2	886578	0.0000023
all	2051	4	886578	0.0000045
all	2052	3	886578	0.0000034
all	2053	2	886578	0.0000023
all	2054	4	886578	0.0000045
all	2056	2	886578	0.0000023
all	2057	6	886578	0.0000068
all	2058	1	886578	0.0000011
all	2059	3	886578	0.0000034
all	2060	4	886578	0.0000045
all	2061	1	886578	0.0000011
all	2062	2	886578	0.0000023
all	2063	1	886578	0.0000011
all	2064	3	886578	0.0000034
all	2065	4	886578	0.0000045
all	2066	3	886578	0.0000034
all	2067	3	886578	0.0000034
all	2068	1	886578	0.0000011
all	2069	4	886578	0.0000045
all	2070	5	886578	0.0000056
all	2071	5	886578	0.0000056
all	2072	1	886578	0.0000011
all	2073	3	886578	0.0000034
all	2074	3	886578	0.0000034
all	2075	5	886578	0.0000056
all	2076	5	886578	0.0000056
all	2077	1	886578	0.0000011
all	2078	1	886578	0.0000011
all	2079	4	886578	0.0000045
all	2080	3	886578	0.0000034
all	2081	4	886578	0.0000045
all	2082	3	886578	0.0000034
all	2083	1	886578	0.0000011
all	2084	5	886578	0.0000056
all	2085	2	886578	0.0000023
all	2086	5	886578	0.0000056
all	2087	2	886578	0.0000023
all	2088	1	886578	0.0000011
all	2089	4	886578	0.0000045
all	2090	1	886578	0.0000011
all	2092	6	886578	0.0000068
all	2094	1	886578	0.0000011
all	2095	2	886578	0.0000023
all	2096	3	886578	0.0000034
all	2097	5	886578	0.0000056
all	2099	3	886578	0.0000034
all	2100	2	886578	0.0000023
all	2102	2	886578	0.0000023
all	2103	1	886578	0.0000011
all	2104	1	886578	0.0000011
all	2105	1	886578	0.0000011
all	2106	1	886578	0.0000011
all	2107	1	886578	0.0000011
all	2108	4	886578	0.0000045
all	2109	6	886578	0.0000068
all	2111	2	886578	0.0000023
all	2112	8	886578	0.0000090
all	2113	2	886578	0.0000023
all	2114	5	886578	0.0000056
all	2115	3	886578	0.0000034
all	2116	1	886578	0.0000011
all	2117	1	886578	0.0000011
all	2118	2	886578	0.0000023
all	2119	2	886578	0.0000023
all	2120	7	886578	0.0000079
all	2121	1	886578	0.0000011
all	2122	2	886578	0.0000023
all	2123	5	886578	0.0000056
all	2124	5	886578	0.0000056
all	2125	2	886578	0.0000023
all	2126	3	886578	0.0000034
all	2127	2	886578	0.0000023
all	2128	2	886578	0.0000023
all	2129	5	886578	0.0000056
all	2130	2	886578	0.0000023
all	2131	10	886578	0.0000113
all	2132	6	886578	0.0000068
all	2133	4	886578	0.0000045
all	2134	2	886578	0.0000023
all	2135	2	886578	0.0000023
all	2136	3	886578	0.0000034
all	2138	2	886578	0.0000023
all	2139	1	886578	0.0000011
all	2140	2	886578	0.0000023
all	2141	4	886578	0.0000045
all	2142	3	886578	0.0000034
all	2143	6	886578	0.0000068
all	2144	3	886578	0.0000034
all	2145	3	886578	0.0000034
all	2146	1	886578	0.0000011
all	2147	2	886578	0.0000023
all	2148	5	886578	0.0000056
all	2149	3	886578	0.0000034
all	2150	4	886578	0.0000045
all	2151	3	886578	0.0000034
all	2152	4	886578	0.0000045
all	2153	2	886578	0.0000023
all	2154	2	886578	0.0000023
all	2155	4	886578	0.0000045
all	2156	2	886578	0.0000023
all	2157	2	886578	0.0000023
all	2158	4	886578	0.0000045
all	2159	2	886578	0.0000023
all	2160	6	886578	0.0000068
all	2162	4	886578	0.0000045
all	2163	3	886578	0.0000034
all	2164	1	886578	0.0000011
all	2165	5	886578	0.0000056
all	2166	5	886578	0.0000056
all	2167	1	886578	0.0000011
all	2168	5	886578	0.0000056
all	2169	4	886578	0.0000045
all	2170	1	886578	0.0000011
all	2171	3	886578	0.0000034
all	2172	3	886578	0.0000034
all	2173	2	886578	0.0000023
all	2174	4	886578	0.0000045
all	2175	4	886578	0.0000045
all	2176	2	886578	0.0000023
all	2177	3	886578	0.0000034
all	2178	6	886578	0.0000068
all	2179	5	886578	0.0000056
all	2180	3	886578	0.0000034
all	2181	2	886578	0.0000023
all	2182	6	886578	0.0000068
all	2183	1	886578	0.0000011
all	2184	1	886578	0.0000011
all	2185	4	886578	0.0000045
all	2186	2	886578	0.0000023
all	2187	4	886578	0.0000045
all	2188	2	886578	0.0000023
all	2189	3	886578	0.0000034
all	2190	5	886578	0.0000056
all	2191	5	886578	0.0000056
all	2192	4	886578	0.0000045
all	2193	2	886578	0.0000023
all	2194	2	886578	0.0000023
all	2195	2	886578	0.0000023
all	2196	2	886578	0.0000023
all	2197	3	886578	0.0000034
all	2198	1	886578	0.0000011
all	2199	2	886578	0.0000023
all	2200	1	886578	0.0000011
all	2201	3	886578	0.0000034
all	2202	5	886578	0.0000056
all	2204	2	886578	0.0000023
all	2205	3	886578	0.0000034
all	2206	4	886578	0.0000045
all	2208	1	886578	0.0000011
all	2209	4	886578	0.0000045
all	2210	4	886578	0.0000045
all	2211	2	886578	0.0000023
all	2212	5	886578	0.0000056
all	2213	4	886578	0.0000045
all	2214	4	886578	0.0000045
all	2215	3	886578	0.0000034
all	2216	1	886578	0.0000011
all	2217	2	886578	0.0000023
all	2218	4	886578	0.0000045
all	2219	4	886578	0.0000045
all	2220	1	886578	0.0000011
all	2221	5	886578	0.0000056
all	2222	6	886578	0.0000068
all	2223	3	886578	0.0000034
all	2224	5	886578	0.0000056
all	2225	7	886578	0.0000079
all	2226	8	886578	0.0000090
all	2227	3	886578	0.0000034
all	2228	1	886578	0.0000011
all	2229	6	886578	0.0000068
all	2230	6	886578	0.0000068
all	2231	2	886578	0.0000023
all	2232	2	886578	0.0000023
all	2233	2	886578	0.0000023
all	2234	2	886578	0.0000023
all	2235	2	886578	0.0000023
all	2236	3	886578	0.0000034
all	2237	5	886578	0.0000056
all	2238	7	886578	0.0000079
all	2239	1	886578	0.0000011
all	2240	4	886578	0.0000045
all	2241	7	886578	0.0000079
all	2242	2	886578	0.0000023
all	2243	2	886578	0.0000023
all	2244	6	886578	0.0000068
all	2245	4	886578	0.0000045
all	2246	6	886578	0.0000068
all	2247	4	886578	0.0000045
all	2248	3	886578	0.0000034
all	2249	2	886578	0.0000023
all	2250	3	886578	0.0000034
all	2251	10	886578	0.0000113
all	2252	5	886578	0.0000056
all	2253	5	886578	0.0000056
all	2254	5	886578	0.0000056
all	2255	5	886578	0.0000056
all	2256	2	886578	0.0000023
all	2257	5	886578	0.0000056
all	2258	3	886578	0.0000034
all	2259	3	886578	0.0000034
all	2260	3	886578	0.0000034
all	2261	4	886578	0.0000045
all	2262	1	886578	0.0000011
all	2263	3	886578	0.0000034
all	2264	3	886578	0.0000034
all	2265	2	886578	0.0000023
all	2266	2	886578	0.0000023
all	2267	5	886578	0.0000056
all	2268	5	886578	0.0000056
all	2269	1	886578	0.0000011
all	2270	2	886578	0.0000023
all	2271	2	886578	0.0000023
all	2272	9	886578	0.0000102
all	2273	6	886578	0.0000068
all	2274	2	886578	0.0000023
all	2275	3	886578	0.0000034
all	2276	6	886578	0.0000068
all	2277	7	886578	0.0000079
all	2278	5	886578	0.0000056
all	2279	4	886578	0.0000045
all	2281	4	886578	0.0000045
all	2282	1	886578	0.0000011
all	2283	5	886578	0.0000056
all	2284	5	886578	0.0000056
all	2285	1	886578	0.0000011
all	2286	2	886578	0.0000023
all	2287	4	886578	0.0000045
all	2288	3	886578	0.0000034
all	2289	2	886578	0.0000023
all	2290	1	886578	0.0000011
all	2291	4	886578	0.0000045
all	2292	4	886578	0.0000045
all	2293	2	886578	0.0000023
all	2294	2	886578	0.0000023
all	2295	2	886578	0.0000023
all	2296	3	886578	0.0000034
all	2297	4	886578	0.0000045
all	2298	1	886578	0.0000011
all	2299	4	886578	0.0000045
all	2300	1	886578	0.0000011
all	2301	4	886578	0.0000045
all	2302	3	886578	0.0000034
all	2303	5	886578	0.0000056
all	2304	1	886578	0.0000011
all	2305	4	886578	0.0000045
all	2306	2	886578	0.0000023
all	2307	4	886578	0.0000045
all	2308	2	886578	0.0000023
all	2309	5	886578	0.0000056
all	2310	3	886578	0.0000034
all	2311	3	886578	0.0000034
all	2312	2	886578	0.0000023
all	2314	3	886578	0.0000034
all	2315	2	886578	0.0000023
all	2316	1	886578	0.0000011
all	2317	5	886578	0.0000056
all	2318	4	886578	0.0000045
all	2319	5	886578	0.0000056
all	2320	1	886578	0.0000011
all	2321	3	886578	0.0000034
all	2322	3	886578	0.0000034
all	2323	1	886578	0.0000011
all	2324	2	886578	0.0000023
all	2325	1	886578	0.0000011
all	2326	4	886578	0.0000045
all	2327	5	886578	0.0000056
all	2328	3	886578	0.0000034
all	2329	2	886578	0.0000023
all	2330	2	886578	0.0000023
all	2331	5	886578	0.0000056
all	2332	2	886578	0.0000023
all	2333	4	886578	0.0000045
all	2334	2	886578	0.0000023
all	2335	2	886578	0.0000023
all	2336	5	886578	0.0000056
all	2337	3	886578	0.0000034
all	2338	2	886578	0.0000023
all	2339	2	886578	0.0000023
all	2341	2	886578	0.0000023
all	2342	2	886578	0.0000023
all	2343	1	886578	0.0000011
all	2344	1	886578	0.0000011
all	2345	2	886578	0.0000023
all	2346	3	886578	0.0000034
all	2347	1	886578	0.0000011
all	2348	3	886578	0.0000034
all	2349	3	886578	0.0000034
all	2350	3	886578	0.0000034
all	2353	2	886578	0.0000023
all	2355	1	886578	0.0000011
all	2356	2	886578	0.0000023
all	2357	1	886578	0.0000011
all	2358	3	886578	0.0000034
all	2359	3	886578	0.0000034
all	2360	3	886578	0.0000034
all	2361	1	886578	0.0000011
all	2362	2	886578	0.0000023
all	2363	2	886578	0.0000023
all	2364	2	886578	0.0000023
all	2365	1	886578	0.0000011
all	2366	2	886578	0.0000023
all	2367	1	886578	0.0000011
all	2368	1	886578	0.0000011
all	2369	6	886578	0.0000068
all	2370	1	886578	0.0000011
all	2371	1	886578	0.0000011
all	2372	2	886578	0.0000023
all	2373	5	886578	0.0000056
all	2374	4	886578	0.0000045
all	2375	1	886578	0.0000011
all	2376	3	886578	0.0000034
all	2377	6	886578	0.0000068
all	2378	1	886578	0.0000011
all	2379	3	886578	0.0000034
all	2380	1	886578	0.0000011
all	2382	4	886578	0.0000045
all	2383	3	886578	0.0000034
all	2384	6	886578	0.0000068
all	2385	6	886578	0.0000068
all	2386	2	886578	0.0000023
all	2387	2	886578	0.0000023
all	2388	1	886578	0.0000011
all	2389	1	886578	0.0000011
all	2390	2	886578	0.0000023
all	2391	1	886578	0.0000011
all	2392	5	886578	0.0000056
all	2393	3	886578	0.0000034
all	2394	2	886578	0.0000023
all	2395	4	886578	0.0000045
all	2396	1	886578	0.0000011
all	2397	3	886578	0.0000034
all	2398	3	886578	0.0000034
all	2399	2	886578	0.0000023
all	2400	3	886578	0.0000034
all	2401	4	886578	0.0000045
all	2403	3	886578	0.0000034
all	2404	3	886578	0.0000034
all	2405	5	886578	0.0000056
all	2406	5	886578	0.0000056
all	2407	3	886578	0.0000034
all	2408	5	886578	0.0000056
all	2409	2	886578	0.0000023
all	2410	3	886578	0.0000034
all	2411	1	886578	0.0000011
all	2412	3	886578	0.0000034
all	2413	1	886578	0.0000011
all	2414	2	886578	0.0000023
all	2415	5	886578	0.0000056
all	2416	3	886578	0.0000034
all	2417	3	886578	0.0000034
all	2418	4	886578	0.0000045
all	2419	1	886578	0.0000011
all	2420	3	886578	0.0000034
all	2421	2	886578	0.0000023
all	2422	3	886578	0.0000034
all	2423	5	886578	0.0000056
all	2424	7	886578	0.0000079
all	2425	4	886578	0.0000045
all	2426	4	886578	0.0000045
all	2427	6	886578	0.0000068
all	2428	3	886578	0.0000034
all	2429	1	886578	0.0000011
all	2430	1	886578	0.0000011
all	2431	2	886578	0.0000023
all	2432	1	886578	0.0000011
all	2433	3	886578	0.0000034
all	2434	1	886578	0.0000011
all	2435	1	886578	0.0000011
all	2436	7	886578	0.0000079
all	2437	6	886578	0.0000068
all	2438	5	886578	0.0000056
all	2439	3	886578	0.0000034
all	2440	3	886578	0.0000034
all	2441	1	886578	0.0000011
all	2442	4	886578	0.0000045
all	2443	4	886578	0.0000045
all	2444	1	886578	0.0000011
all	2445	4	886578	0.0000045
all	2446	2	886578	0.0000023
all	2447	3	886578	0.0000034
all	2448	1	886578	0.0000011
all	2449	1	886578	0.0000011
all	2450	2	886578	0.0000023
all	2451	7	886578	0.0000079
all	2452	3	886578	0.0000034
all	2453	2	886578	0.0000023
all	2454	1	886578	0.0000011
all	2455	4	886578	0.0000045
all	2456	5	886578	0.0000056
all	2458	5	886578	0.0000056
all	2459	10	886578	0.0000113
all	2460	11	886578	0.0000124
all	2461	7	886578	0.0000079
all	2463	3	886578	0.0000034
all	2464	1	886578	0.0000011
all	2465	3	886578	0.0000034
all	2466	2	886578	0.0000023
all	2467	1	886578	0.0000011
all	2468	2	886578	0.0000023
all	2469	4	886578	0.0000045
all	2470	5	886578	0.0000056
all	2471	1	886578	0.0000011
all	2472	3	886578	0.0000034
all	2473	1	886578	0.0000011
all	2474	2	886578	0.0000023
all	2476	4	886578	0.0000045
all	2477	3	886578	0.0000034
all	2478	2	886578	0.0000023
all	2479	3	886578	0.0000034
all	2480	3	886578	0.0000034
all	2481	4	886578	0.0000045
all	2482	1	886578	0.0000011
all	2483	1	886578	0.0000011
all	2486	1	886578	0.0000011
all	2487	1	886578	0.0000011
all	2488	2	886578	0.0000023
all	2489	1	886578	0.0000011
all	2491	3	886578	0.0000034
all	2492	3	886578	0.0000034
all	2494	1	886578	0.0000011
all	2495	3	886578	0.0000034
all	2496	5	886578	0.0000056
all	2497	1	886578	0.0000011
all	2498	1	886578	0.0000011
all	2499	1	886578	0.0000011
all	2500	4	886578	0.0000045
all	2501	3	886578	0.0000034
all	2502	2	886578	0.0000023
all	2506	2	886578	0.0000023
all	2507	1	886578	0.0000011
all	2508	1	886578	0.0000011
all	2509	1	886578	0.0000011
all	2511	3	886578	0.0000034
all	2512	2	886578	0.0000023
all	2513	4	886578	0.0000045
all	2514	3	886578	0.0000034
all	2515	1	886578	0.0000011
all	2517	1	886578	0.0000011
all	2518	2	886578	0.0000023
all	2519	3	886578	0.0000034
all	2520	1	886578	0.0000011
all	2522	2	886578	0.0000023
all	2523	5	886578	0.0000056
all	2524	3	886578	0.0000034
all	2525	2	886578	0.0000023
all	2526	3	886578	0.0000034
all	2528	3	886578	0.0000034
all	2530	2	886578	0.0000023
all	2531	1	886578	0.0000011
all	2532	1	886578	0.0000011
all	2533	1	886578	0.0000011
all	2534	2	886578	0.0000023
all	2535	1	886578	0.0000011
all	2536	5	886578	0.0000056
all	2537	2	886578	0.0000023
all	2538	2	886578	0.0000023
all	2541	1	886578	0.0000011
all	2542	3	886578	0.0000034
all	2543	2	886578	0.0000023
all	2544	1	886578	0.0000011
all	2545	3	886578	0.0000034
all	2547	2	886578	0.0000023
all	2548	1	886578	0.0000011
all	2549	1	886578	0.0000011
all	2551	2	886578	0.0000023
all	2552	3	886578	0.0000034
all	2553	4	886578	0.0000045
all	2554	3	886578	0.0000034
all	2555	4	886578	0.0000045
all	2556	1	886578	0.0000011
all	2557	3	886578	0.0000034
all	2558	1	886578	0.0000011
all	2559	1	886578	0.0000011
all	2560	1	886578	0.0000011
all	2561	2	886578	0.0000023
all	2562	2	886578	0.0000023
all	2563	1	886578	0.0000011
all	2564	2	886578	0.0000023
all	2565	3	886578	0.0000034
all	2566	2	886578	0.0000023
all	2567	3	886578	0.0000034
all	2568	1	886578	0.0000011
all	2569	1	886578	0.0000011
all	2570	4	886578	0.0000045
all	2571	3	886578	0.0000034
all	2572	1	886578	0.0000011
all	2573	1	886578	0.0000011
all	2575	5	886578	0.0000056
all	2576	1	886578	0.0000011
all	2577	1	886578	0.0000011
all	2578	2	886578	0.0000023
all	2581	2	886578	0.0000023
all	2582	2	886578	0.0000023
all	2583	2	886578	0.0000023
all	2584	1	886578	0.0000011
all	2585	4	886578	0.0000045
all	2586	1	886578	0.0000011
all	2587	6	886578	0.0000068
all	2588	1	886578	0.0000011
all	2591	5	886578	0.0000056
all	2592	5	886578	0.0000056
all	2594	5	886578	0.0000056
all	2595	2	886578	0.0000023
all	2597	2	886578	0.0000023
all	2598	1	886578	0.0000011
all	2599	1	886578	0.0000011
all	2600	4	886578	0.0000045
all	2601	2	886578	0.0000023
all	2603	8	886578	0.0000090
all	2605	1	886578	0.0000011
all	2606	2	886578	0.0000023
all	2607	1	886578	0.0000011
all	2608	1	886578	0.0000011
all	2610	2	886578	0.0000023
all	2611	1	886578	0.0000011
all	2612	1	886578	0.0000011
all	2613	3	886578	0.0000034
all	2614	2	886578	0.0000023
all	2615	1	886578	0.0000011
all	2617	2	886578	0.0000023
all	2618	2	886578	0.0000023
all	2619	4	886578	0.0000045
all	2620	4	886578	0.0000045
all	2621	4	886578	0.0000045
all	2623	3	886578	0.0000034
all	2624	1	886578	0.0000011
all	2625	3	886578	0.0000034
all	2626	2	886578	0.0000023
all	2627	2	886578	0.0000023
all	2628	1	886578	0.0000011
all	2629	3	886578	0.0000034
all	2630	5	886578	0.0000056
all	2631	1	886578	0.0000011
all	2633	1	886578	0.0000011
all	2635	1	886578	0.0000011
all	2636	1	886578	0.0000011
all	2637	3	886578	0.0000034
all	2639	2	886578	0.0000023
all	2640	1	886578	0.0000011
all	2641	2	886578	0.0000023
all	2642	2	886578	0.0000023
all	2643	1	886578	0.0000011
all	2644	1	886578	0.0000011
all	2645	2	886578	0.0000023
all	2646	2	886578	0.0000023
all	2647	3	886578	0.0000034
all	2648	4	886578	0.0000045
all	2649	3	886578	0.0000034
all	2651	2	886578	0.0000023
all	2653	2	886578	0.0000023
all	2654	1	886578	0.0000011
all	2655	2	886578	0.0000023
all	2657	1	886578	0.0000011
all	2659	2	886578	0.0000023
all	2660	2	886578	0.0000023
all	2661	1	886578	0.0000011
all	2665	2	886578	0.0000023
all	2666	2	886578	0.0000023
all	2667	2	886578	0.0000023
all	2668	3	886578	0.0000034
all	2669	1	886578	0.0000011
all	2670	2	886578	0.0000023
all	2671	4	886578	0.0000045
all	2672	1	886578	0.0000011
all	2673	2	886578	0.0000023
all	2674	1	886578	0.0000011
all	2675	3	886578	0.0000034
all	2676	2	886578	0.0000023
all	2677	3	886578	0.0000034
all	2678	1	886578	0.0000011
all	2679	3	886578	0.0000034
all	2680	2	886578	0.0000023
all	2681	3	886578	0.0000034
all	2682	2	886578	0.0000023
all	2683	1	886578	0.0000011
all	2685	3	886578	0.0000034
all	2686	2	886578	0.0000023
all	2687	2	886578	0.0000023
all	2688	5	886578	0.0000056
all	2689	1	886578	0.0000011
all	2690	3	886578	0.0000034
all	2691	1	886578	0.0000011
all	2692	1	886578	0.0000011
all	2693	3	886578	0.0000034
all	2694	4	886578	0.0000045
all	2695	1	886578	0.0000011
all	2696	2	886578	0.0000023
all	2697	5	886578	0.0000056
all	2698	3	886578	0.0000034
all	2699	1	886578	0.0000011
all	2700	5	886578	0.0000056
all	2701	3	886578	0.0000034
all	2702	2	886578	0.0000023
all	2703	3	886578	0.0000034
all	2704	2	886578	0.0000023
all	2705	2	886578	0.0000023
all	2706	1	886578	0.0000011
all	2707	3	886578	0.0000034
all	2708	1	886578	0.0000011
all	2709	1	886578	0.0000011
all	2710	2	886578	0.0000023
all	2711	3	886578	0.0000034
all	2712	1	886578	0.0000011
all	2713	2	886578	0.0000023
all	2714	1	886578	0.0000011
all	2715	1	886578	0.0000011
all	2717	1	886578	0.0000011
all	2718	2	886578	0.0000023
all	2719	3	886578	0.0000034
all	2720	1	886578	0.0000011
all	2721	1	886578	0.0000011
all	2722	3	886578	0.0000034
all	2723	1	886578	0.0000011
all	2724	3	886578	0.0000034
all	2726	1	886578	0.0000011
all	2727	2	886578	0.0000023
all	2728	3	886578	0.0000034
all	2729	2	886578	0.0000023
all	2730	2	886578	0.0000023
all	2731	1	886578	0.0000011
all	2732	1	886578	0.0000011
all	2733	2	886578	0.0000023
all	2735	2	886578	0.0000023
all	2736	1	886578	0.0000011
all	2737	2	886578	0.0000023
all	2741	2	886578	0.0000023
all	2742	1	886578	0.0000011
all	2743	1	886578	0.0000011
all	2744	1	886578	0.0000011
all	2745	4	886578	0.0000045
all	2746	4	886578	0.0000045
all	2747	2	886578	0.0000023
all	2749	2	886578	0.0000023
all	2751	1	886578	0.0000011
all	2752	1	886578	0.0000011
all	2753	1	886578	0.0000011
all	2754	1	886578	0.0000011
all	2755	1	886578	0.0000011
all	2756	1	886578	0.0000011
all	2757	2	886578	0.0000023
all	2758	2	886578	0.0000023
all	2761	2	886578	0.0000023
all	2762	2	886578	0.0000023
all	2763	1	886578	0.0000011
all	2767	2	886578	0.0000023
all	2768	3	886578	0.0000034
all	2769	2	886578	0.0000023
all	2771	2	886578	0.0000023
all	2772	3	886578	0.0000034
all	2774	5	886578	0.0000056
all	2775	1	886578	0.0000011
all	2776	3	886578	0.0000034
all	2777	2	886578	0.0000023
all	2778	1	886578	0.0000011
all	2779	4	886578	0.0000045
all	2780	3	886578	0.0000034
all	2781	2	886578	0.0000023
all	2782	3	886578	0.0000034
all	2783	5	886578	0.0000056
all	2785	2	886578	0.0000023
all	2786	5	886578	0.0000056
all	2787	4	886578	0.0000045
all	2788	2	886578	0.0000023
all	2790	2	886578	0.0000023
all	2791	2	886578	0.0000023
all	2792	3	886578	0.0000034
all	2793	1	886578	0.0000011
all	2794	4	886578	0.0000045
all	2795	1	886578	0.0000011
all	2796	2	886578	0.0000023
all	2797	2	886578	0.0000023
all	2798	2	886578	0.0000023
all	2799	1	886578	0.0000011
all	2800	1	886578	0.0000011
all	2801	2	886578	0.0000023
all	2802	3	886578	0.0000034
all	2803	3	886578	0.0000034
all	2804	2	886578	0.0000023
all	2805	1	886578	0.0000011
all	2806	1	886578	0.0000011
all	2808	1	886578	0.0000011
all	2809	1	886578	0.0000011
all	2810	3	886578	0.0000034
all	2811	2	886578	0.0000023
all	2813	4	886578	0.0000045
all	2814	1	886578	0.0000011
all	2816	4	886578	0.0000045
all	2818	2	886578	0.0000023
all	2819	3	886578	0.0000034
all	2820	2	886578	0.0000023
all	2822	1	886578	0.0000011
all	2823	1	886578	0.0000011
all	2824	2	886578	0.0000023
all	2825	3	886578	0.0000034
all	2826	2	886578	0.0000023
all	2828	1	886578	0.0000011
all	2831	1	886578	0.0000011
all	2832	1	886578	0.0000011
all	2833	1	886578	0.0000011
all	2834	1	886578	0.0000011
all	2835	1	886578	0.0000011
all	2836	1	886578	0.0000011
all	2837	2	886578	0.0000023
all	2838	4	886578	0.0000045
all	2839	2	886578	0.0000023
all	2840	1	886578	0.0000011
all	2841	3	886578	0.0000034
all	2842	1	886578	0.0000011
all	2845	2	886578	0.0000023
all	2846	3	886578	0.0000034
all	2847	2	886578	0.0000023
all	2848	1	886578	0.0000011
all	2850	3	886578	0.0000034
all	2851	1	886578	0.0000011
all	2852	3	886578	0.0000034
all	2853	6	886578	0.0000068
all	2854	2	886578	0.0000023
all	2855	2	886578	0.0000023
all	2856	1	886578	0.0000011
all	2857	3	886578	0.0000034
all	2858	1	886578	0.0000011
all	2859	3	886578	0.0000034
all	2860	4	886578	0.0000045
all	2861	1	886578	0.0000011
all	2862	3	886578	0.0000034
all	2863	1	886578	0.0000011
all	2864	5	886578	0.0000056
all	2866	3	886578	0.0000034
all	2867	3	886578	0.0000034
all	2868	1	886578	0.0000011
all	2869	1	886578	0.0000011
all	2870	3	886578	0.0000034
all	2871	1	886578	0.0000011
all	2872	1	886578	0.0000011
all	2873	1	886578	0.0000011
all	2874	1	886578	0.0000011
all	2875	2	886578	0.0000023
all	2876	4	886578	0.0000045
all	2877	1	886578	0.0000011
all	2878	1	886578	0.0000011
all	2880	1	886578	0.0000011
all	2881	1	886578	0.0000011
all	2882	3	886578	0.0000034
all	2883	3	886578	0.0000034
all	2885	3	886578	0.0000034
all	2886	3	886578	0.0000034
all	2887	1	886578	0.0000011
all	2888	2	886578	0.0000023
all	2889	2	886578	0.0000023
all	2890	3	886578	0.0000034
all	2891	1	886578	0.0000011
all	2892	2	886578	0.0000023
all	2893	3	886578	0.0000034
all	2894	1	886578	0.0000011
all	2895	3	886578	0.0000034
all	2896	1	886578	0.0000011
all	2898	2	886578	0.0000023
all	2899	1	886578	0.0000011
all	2900	6	886578	0.0000068
all	2901	2	886578	0.0000023
all	2902	2	886578	0.0000023
all	2903	5	886578	0.0000056
all	2905	1	886578	0.0000011
all	2906	1	886578	0.0000011
all	2907	5	886578	0.0000056
all	2908	1	886578	0.0000011
all	2909	2	886578	0.0000023
all	2910	1	886578	0.0000011
all	2911	2	886578	0.0000023
all	2913	1	886578	0.0000011
all	2914	2	886578	0.0000023
all	2916	1	886578	0.0000011
all	2917	3	886578	0.0000034
all	2918	1	886578	0.0000011
all	2919	1	886578	0.0000011
all	2920	1	886578	0.0000011
all	2921	3	886578	0.0000034
all	2923	2	886578	0.0000023
all	2924	1	886578	0.0000011
all	2925	1	886578	0.0000011
all	2927	1	886578	0.0000011
all	2929	1	886578	0.0000011
all	2932	2	886578	0.0000023
all	2933	2	886578	0.0000023
all	2934	2	886578	0.0000023
all	2936	1	886578	0.0000011
all	2937	1	886578	0.0000011
all	2940	1	886578	0.0000011
all	2944	1	886578	0.0000011
all	2947	3	886578	0.0000034
all	2948	1	886578	0.0000011
all	2949	2	886578	0.0000023
all	2950	2	886578	0.0000023
all	2951	2	886578	0.0000023
all	2952	2	886578	0.0000023
all	2954	2	886578	0.0000023
all	2955	1	886578	0.0000011
all	2956	1	886578	0.0000011
all	2957	1	886578	0.0000011
all	2958	1	886578	0.0000011
all	2959	1	886578	0.0000011
all	2960	1	886578	0.0000011
all	2964	1	886578	0.0000011
all	2965	1	886578	0.0000011
all	2966	2	886578	0.0000023
all	2967	3	886578	0.0000034
all	2968	1	886578	0.0000011
all	2970	1	886578	0.0000011
all	2972	1	886578	0.0000011
all	2975	1	886578	0.0000011
all	2976	3	886578	0.0000034
all	2978	3	886578	0.0000034
all	2981	1	886578	0.0000011
all	2985	2	886578	0.0000023
all	2987	2	886578	0.0000023
all	2988	1	886578	0.0000011
all	2989	1	886578	0.0000011
all	2990	3	886578	0.0000034
all	2992	3	886578	0.0000034
all	2995	2	886578	0.0000023
all	2996	2	886578	0.0000023
all	2997	2	886578	0.0000023
all	2999	1	886578	0.0000011
all	3002	1	886578	0.0000011
all	3003	2	886578	0.0000023
all	3004	2	886578	0.0000023
all	3005	3	886578	0.0000034
all	3008	2	886578	0.0000023
all	3009	2	886578	0.0000023
all	3010	2	886578	0.0000023
all	3011	1	886578	0.0000011
all	3012	1	886578	0.0000011
all	3015	1	886578	0.0000011
all	3016	1	886578	0.0000011
all	3017	2	886578	0.0000023
all	3018	2	886578	0.0000023
all	3020	1	886578	0.0000011
all	3021	1	886578	0.0000011
all	3023	2	886578	0.0000023
all	3024	2	886578	0.0000023
all	3025	1	886578	0.0000011
all	3028	1	886578	0.0000011
all	3031	2	886578	0.0000023
all	3033	1	886578	0.0000011
all	3034	2	886578	0.0000023
all	3037	2	886578	0.0000023
all	3040	1	886578	0.0000011
all	3042	1	886578	0.0000011
all	3043	2	886578	0.0000023
all	3046	1	886578	0.0000011
all	3047	3	886578	0.0000034
all	3050	1	886578	0.0000011
all	3052	1	886578	0.0000011
all	3053	2	886578	0.0000023
all	3056	4	886578	0.0000045
all	3057	1	886578	0.0000011
all	3059	1	886578	0.0000011
all	3061	2	886578	0.0000023
all	3062	1	886578	0.0000011
all	3064	1	886578	0.0000011
all	3065	2	886578	0.0000023
all	3067	1	886578	0.0000011
all	3073	2	886578	0.0000023
all	3074	1	886578	0.0000011
all	3075	3	886578	0.0000034
all	3076	1	886578	0.0000011
all	3080	2	886578	0.0000023
all	3083	3	886578	0.0000034
all	3084	1	886578	0.0000011
all	3086	2	886578	0.0000023
all	3087	1	886578	0.0000011
all	3088	3	886578	0.0000034
all	3089	1	886578	0.0000011
all	3090	3	886578	0.0000034
all	3093	1	886578	0.0000011
all	3094	1	886578	0.0000011
all	3096	3	886578	0.0000034
all	3097	1	886578	0.0000011
all	3101	1	886578	0.0000011
all	3102	3	886578	0.0000034
all	3103	4	886578	0.0000045
all	3104	2	886578	0.0000023
all	3106	1	886578	0.0000011
all	3108	1	886578	0.0000011
all	3109	1	886578	0.0000011
all	3110	5	886578	0.0000056
all	3113	2	886578	0.0000023
all	3115	1	886578	0.0000011
all	3116	1	886578	0.0000011
all	3118	1	886578	0.0000011
all	3119	2	886578	0.0000023
all	3121	1	886578	0.0000011
all	3122	1	886578	0.0000011
all	3123	2	886578	0.0000023
all	3124	1	886578	0.0000011
all	3125	1	886578	0.0000011
all	3127	1	886578	0.0000011
all	3128	2	886578	0.0000023
all	3129	3	886578	0.0000034
all	3130	1	886578	0.0000011
all	3131	2	886578	0.0000023
all	3132	1	886578	0.0000011
all	3134	2	886578	0.0000023
all	3135	1	886578	0.0000011
all	3136	3	886578	0.0000034
all	3137	3	886578	0.0000034
all	3138	1	886578	0.0000011
all	3139	1	886578	0.0000011
all	3143	1	886578	0.0000011
all	3144	2	886578	0.0000023
all	3145	3	886578	0.0000034
all	3147	1	886578	0.0000011
all	3150	1	886578	0.0000011
all	3151	1	886578	0.0000011
all	3152	2	886578	0.0000023
all	3153	3	886578	0.0000034
all	3154	1	886578	0.0000011
all	3155	1	886578	0.0000011
all	3156	2	886578	0.0000023
all	3157	2	886578	0.0000023
all	3158	5	886578	0.0000056
all	3160	3	886578	0.0000034
all	3161	1	886578	0.0000011
all	3162	2	886578	0.0000023
all	3164	1	886578	0.0000011
all	3166	1	886578	0.0000011
all	3167	1	886578	0.0000011
all	3169	1	886578	0.0000011
all	3172	1	886578	0.0000011
all	3174	2	886578	0.0000023
all	3176	1	886578	0.0000011
all	3178	2	886578	0.0000023
all	3179	1	886578	0.0000011
all	3181	1	886578	0.0000011
all	3183	2	886578	0.0000023
all	3185	1	886578	0.0000011
all	3188	1	886578	0.0000011
all	3189	2	886578	0.0000023
all	3190	1	886578	0.0000011
all	3191	1	886578	0.0000011
all	3194	1	886578	0.0000011
all	3196	1	886578	0.0000011
all	3197	2	886578	0.0000023
all	3198	2	886578	0.0000023
all	3200	1	886578	0.0000011
all	3203	1	886578	0.0000011
all	3204	2	886578	0.0000023
all	3205	1	886578	0.0000011
all	3207	2	886578	0.0000023
all	3208	2	886578	0.0000023
all	3209	2	886578	0.0000023
all	3210	2	886578	0.0000023
all	3211	1	886578	0.0000011
all	3212	1	886578	0.0000011
all	3213	1	886578	0.0000011
all	3214	3	886578	0.0000034
all	3215	2	886578	0.0000023
all	3216	3	886578	0.0000034
all	3217	1	886578	0.0000011
all	3219	1	886578	0.0000011
all	3224	3	886578	0.0000034
all	3227	1	886578	0.0000011
all	3228	2	886578	0.0000023
all	3232	3	886578	0.0000034
all	3233	1	886578	0.0000011
all	3237	1	886578	0.0000011
all	3238	1	886578	0.0000011
all	3239	2	886578	0.0000023
all	3240	1	886578	0.0000011
all	3241	2	886578	0.0000023
all	3242	5	886578	0.0000056
all	3243	3	886578	0.0000034
all	3244	2	886578	0.0000023
all	3245	1	886578	0.0000011
all	3246	2	886578	0.0000023
all	3249	3	886578	0.0000034
all	3250	1	886578	0.0000011
all	3251	1	886578	0.0000011
all	3252	4	886578	0.0000045
all	3253	1	886578	0.0000011
all	3254	2	886578	0.0000023
all	3255	2	886578	0.0000023
all	3256	9	886578	0.0000102
all	3257	4	886578	0.0000045
all	3258	6	886578	0.0000068
all	3259	5	886578	0.0000056
all	3260	4	886578	0.0000045
all	3261	3	886578	0.0000034
all	3262	3	886578	0.0000034
all	3263	6	886578	0.0000068
all	3264	3	886578	0.0000034
all	3265	4	886578	0.0000045
all	3266	3	886578	0.0000034
all	3267	12	886578	0.0000135
all	3268	1	886578	0.0000011
all	3269	2	886578	0.0000023
all	3273	1	886578	0.0000011
all	3274	3	886578	0.0000034
all	3278	2	886578	0.0000023
all	3279	1	886578	0.0000011
all	3281	1	886578	0.0000011
all	3282	2	886578	0.0000023
all	3283	1	886578	0.0000011
all	3286	1	886578	0.0000011
all	3288	1	886578	0.0000011
all	3289	1	886578	0.0000011
all	3291	1	886578	0.0000011
all	3294	2	886578	0.0000023
all	3297	2	886578	0.0000023
all	3298	2	886578	0.0000023
all	3301	4	886578	0.0000045
all	3302	1	886578	0.0000011
all	3303	2	886578	0.0000023
all	3304	2	886578	0.0000023
all	3305	3	886578	0.0000034
all	3306	1	886578	0.0000011
all	3307	2	886578	0.0000023
all	3308	2	886578	0.0000023
all	3313	1	886578	0.0000011
all	3314	2	886578	0.0000023
all	3315	1	886578	0.0000011
all	3317	4	886578	0.0000045
all	3320	1	886578	0.0000011
all	3322	1	886578	0.0000011
all	3323	1	886578	0.0000011
all	3324	1	886578	0.0000011
all	3325	1	886578	0.0000011
all	3327	1	886578	0.0000011
all	3330	1	886578	0.0000011
all	3333	1	886578	0.0000011
all	3335	1	886578	0.0000011
all	3338	1	886578	0.0000011
all	3339	3	886578	0.0000034
all	3343	2	886578	0.0000023
all	3344	1	886578	0.0000011
all	3346	1	886578	0.0000011
all	3347	1	886578	0.0000011
all	3348	2	886578	0.0000023
all	3349	2	886578	0.0000023
all	3350	1	886578	0.0000011
all	3351	1	886578	0.0000011
all	3353	1	886578	0.0000011
all	3356	2	886578	0.0000023
all	3357	2	886578	0.0000023
all	3358	1	886578	0.0000011
all	3359	1	886578	0.0000011
all	3360	1	886578	0.0000011
all	3361	2	886578	0.0000023
all	3363	3	886578	0.0000034
all	3364	2	886578	0.0000023
all	3365	2	886578	0.0000023
all	3368	1	886578	0.0000011
all	3370	1	886578	0.0000011
all	3371	1	886578	0.0000011
all	3375	1	886578	0.0000011
all	3377	2	886578	0.0000023
all	3379	1	886578	0.0000011
all	3381	1	886578	0.0000011
all	3383	1	886578	0.0000011
all	3386	1	886578	0.0000011
all	3387	1	886578	0.0000011
all	3389	1	886578	0.0000011
all	3391	1	886578	0.0000011
all	3392	2	886578	0.0000023
all	3393	1	886578	0.0000011
all	3395	1	886578	0.0000011
all	3396	1	886578	0.0000011
all	3397	2	886578	0.0000023
all	3402	1	886578	0.0000011
all	3404	1	886578	0.0000011
all	3406	1	886578	0.0000011
all	3413	1	886578	0.0000011
all	3416	2	886578	0.0000023
all	3417	1	886578	0.0000011
all	3420	1	886578	0.0000011
all	3428	1	886578	0.0000011
all	3430	1	886578	0.0000011
all	3431	1	886578	0.0000011
all	3434	3	886578	0.0000034
all	3435	2	886578	0.0000023
all	3436	2	886578	0.0000023
all	3437	1	886578	0.0000011
all	3440	1	886578	0.0000011
all	3446	2	886578	0.0000023
all	3447	1	886578	0.0000011
all	3448	1	886578	0.0000011
all	3449	3	886578	0.0000034
all	3450	1	886578	0.0000011
all	3451	1	886578	0.0000011
all	3454	1	886578	0.0000011
all	3455	1	886578	0.0000011
all	3458	2	886578	0.0000023
all	3459	1	886578	0.0000011
all	3460	1	886578	0.0000011
all	3462	1	886578	0.0000011
all	3463	2	886578	0.0000023
all	3464	1	886578	0.0000011
all	3466	2	886578	0.0000023
all	3468	1	886578	0.0000011
all	3475	2	886578	0.0000023
all	3477	1	886578	0.0000011
all	3478	2	886578	0.0000023
all	3480	1	886578	0.0000011
all	3487	4	886578	0.0000045
all	3494	1	886578	0.0000011
all	3495	1	886578	0.0000011
all	3496	1	886578	0.0000011
all	3498	1	886578	0.0000011
all	3503	1	886578	0.0000011
all	3504	1	886578	0.0000011
all	3508	1	886578	0.0000011
all	3509	2	886578	0.0000023
all	3510	1	886578	0.0000011
all	3512	1	886578	0.0000011
all	3515	2	886578	0.0000023
all	3519	1	886578	0.0000011
all	3522	1	886578	0.0000011
all	3527	1	886578	0.0000011
all	3528	1	886578	0.0000011
all	3532	1	886578	0.0000011
all	3535	2	886578	0.0000023
all	3537	1	886578	0.0000011
all	3538	1	886578	0.0000011
all	3541	1	886578	0.0000011
all	3542	1	886578	0.0000011
all	3544	1	886578	0.0000011
all	3546	2	886578	0.0000023
all	3547	1	886578	0.0000011
all	3548	1	886578	0.0000011
all	3549	2	886578	0.0000023
all	3550	1	886578	0.0000011
all	3553	1	886578	0.0000011
all	3555	1	886578	0.0000011
all	3556	1	886578	0.0000011
all	3557	3	886578	0.0000034
all	3558	2	886578	0.0000023
all	3560	2	886578	0.0000023
all	3562	1	886578	0.0000011
all	3564	1	886578	0.0000011
all	3566	1	886578	0.0000011
all	3567	1	886578	0.0000011
all	3568	1	886578	0.0000011
all	3569	1	886578	0.0000011
all	3572	1	886578	0.0000011
all	3575	1	886578	0.0000011
all	3576	2	886578	0.0000023
all	3577	1	886578	0.0000011
all	3579	2	886578	0.0000023
all	3586	1	886578	0.0000011
all	3587	1	886578	0.0000011
all	3591	1	886578	0.0000011
all	3592	1	886578	0.0000011
all	3594	2	886578	0.0000023
all	3595	1	886578	0.0000011
all	3597	2	886578	0.0000023
all	3598	1	886578	0.0000011
all	3601	1	886578	0.0000011
all	3602	1	886578	0.0000011
all	3603	1	886578	0.0000011
all	3605	1	886578	0.0000011
all	3606	1	886578	0.0000011
all	3607	1	886578	0.0000011
all	3608	2	886578	0.0000023
all	3611	1	886578	0.0000011
all	3612	2	886578	0.0000023
all	3620	1	886578	0.0000011
all	3621	1	886578	0.0000011
all	3622	1	886578	0.0000011
all	3623	1	886578	0.0000011
all	3625	3	886578	0.0000034
all	3628	1	886578	0.0000011
all	3629	3	886578	0.0000034
all	3630	1	886578	0.0000011
all	3631	1	886578	0.0000011
all	3633	1	886578	0.0000011
all	3634	1	886578	0.0000011
all	3635	2	886578	0.0000023
all	3639	1	886578	0.0000011
all	3640	2	886578	0.0000023
all	3644	1	886578	0.0000011
all	3646	1	886578	0.0000011
all	3647	1	886578	0.0000011
all	3649	2	886578	0.0000023
all	3652	1	886578	0.0000011
all	3654	1	886578	0.0000011
all	3656	1	886578	0.0000011
all	3659	1	886578	0.0000011
all	3660	1	886578	0.0000011
all	3661	1	886578	0.0000011
all	3664	1	886578	0.0000011
all	3665	1	886578	0.0000011
all	3667	1	886578	0.0000011
all	3670	1	886578	0.0000011
all	3676	3	886578	0.0000034
all	3678	1	886578	0.0000011
all	3679	2	886578	0.0000023
all	3680	1	886578	0.0000011
all	3681	1	886578	0.0000011
all	3683	1	886578	0.0000011
all	3687	1	886578	0.0000011
all	3688	1	886578	0.0000011
all	3690	1	886578	0.0000011
all	3693	1	886578	0.0000011
all	3697	1	886578	0.0000011
all	3700	2	886578	0.0000023
all	3701	2	886578	0.0000023
all	3704	1	886578	0.0000011
all	3709	1	886578	0.0000011
all	3710	1	886578	0.0000011
all	3713	1	886578	0.0000011
all	3714	2	886578	0.0000023
all	3715	1	886578	0.0000011
all	3718	1	886578	0.0000011
all	3719	1	886578	0.0000011
all	3722	2	886578	0.0000023
all	3723	2	886578	0.0000023
all	3725	1	886578	0.0000011
all	3730	2	886578	0.0000023
all	3734	1	886578	0.0000011
all	3735	1	886578	0.0000011
all	3736	1	886578	0.0000011
all	3737	1	886578	0.0000011
all	3738	1	886578	0.0000011
all	3739	2	886578	0.0000023
all	3740	2	886578	0.0000023
all	3741	1	886578	0.0000011
all	3742	2	886578	0.0000023
all	3744	1	886578	0.0000011
all	3746	1	886578	0.0000011
all	3747	2	886578	0.0000023
all	3748	1	886578	0.0000011
all	3750	2	886578	0.0000023
all	3753	2	886578	0.0000023
all	3754	1	886578	0.0000011
all	3760	1	886578	0.0000011
all	3761	1	886578	0.0000011
all	3763	2	886578	0.0000023
all	3766	1	886578	0.0000011
all	3769	1	886578	0.0000011
all	3770	1	886578	0.0000011
all	3771	1	886578	0.0000011
all	3772	1	886578	0.0000011
all	3773	1	886578	0.0000011
all	3774	2	886578	0.0000023
all	3775	1	886578	0.0000011
all	3776	1	886578	0.0000011
all	3777	1	886578	0.0000011
all	3778	1	886578	0.0000011
all	3779	2	886578	0.0000023
all	3780	1	886578	0.0000011
all	3781	1	886578	0.0000011
all	3783	2	886578	0.0000023
all	3784	2	886578	0.0000023
all	3789	3	886578	0.0000034
all	3790	1	886578	0.0000011
all	3791	1	886578	0.0000011
all	3792	1	886578	0.0000011
all	3794	1	886578	0.0000011
all	3795	1	886578	0.0000011
all	3796	3	886578	0.0000034
all	3802	1	886578	0.0000011
all	3806	1	886578	0.0000011
all	3807	1	886578	0.0000011
all	3811	2	886578	0.0000023
all	3813	1	886578	0.0000011
all	3814	1	886578	0.0000011
all	3816	1	886578	0.0000011
all	3817	2	886578	0.0000023
all	3819	1	886578	0.0000011
all	3820	2	886578	0.0000023
all	3827	2	886578	0.0000023
all	3828	1	886578	0.0000011
all	3838	1	886578	0.0000011
all	3840	1	886578	0.0000011
all	3842	1	886578	0.0000011
all	3843	1	886578	0.0000011
all	3844	1	886578	0.0000011
all	3847	1	886578	0.0000011
all	3849	1	886578	0.0000011
all	3851	1	886578	0.0000011
all	3852	1	886578	0.0000011
all	3854	1	886578	0.0000011
all	3857	1	886578	0.0000011
all	3858	1	886578	0.0000011
all	3859	1	886578	0.0000011
all	3862	1	886578	0.0000011
all	3863	1	886578	0.0000011
all	3864	1	886578	0.0000011
all	3866	1	886578	0.0000011
all	3868	1	886578	0.0000011
all	3870	1	886578	0.0000011
all	3871	2	886578	0.0000023
all	3873	1	886578	0.0000011
all	3874	1	886578	0.0000011
all	3879	1	886578	0.0000011
all	3880	1	886578	0.0000011
all	3881	1	886578	0.0000011
all	3885	1	886578	0.0000011
all	3890	1	886578	0.0000011
all	3892	2	886578	0.0000023
all	3893	1	886578	0.0000011
all	3894	2	886578	0.0000023
all	3899	1	886578	0.0000011
all	3901	2	886578	0.0000023
all	3902	1	886578	0.0000011
all	3903	1	886578	0.0000011
all	3904	1	886578	0.0000011
all	3906	1	886578	0.0000011
all	3908	4	886578	0.0000045
all	3910	1	886578	0.0000011
all	3913	1	886578	0.0000011
all	3916	1	886578	0.0000011
all	3922	2	886578	0.0000023
all	3926	1	886578	0.0000011
all	3929	2	886578	0.0000023
all	3930	1	886578	0.0000011
all	3931	1	886578	0.0000011
all	3932	1	886578	0.0000011
all	3934	2	886578	0.0000023
all	3937	1	886578	0.0000011
all	3938	1	886578	0.0000011
all	3940	2	886578	0.0000023
all	3941	1	886578	0.0000011
all	3943	2	886578	0.0000023
all	3944	1	886578	0.0000011
all	3948	1	886578	0.0000011
all	3950	1	886578	0.0000011
all	3952	2	886578	0.0000023
all	3954	1	886578	0.0000011
all	3955	1	886578	0.0000011
all	3956	2	886578	0.0000023
all	3957	1	886578	0.0000011
all	3960	1	886578	0.0000011
all	3961	1	886578	0.0000011
all	3964	2	886578	0.0000023
all	3965	2	886578	0.0000023
all	3966	1	886578	0.0000011
all	3967	1	886578	0.0000011
all	3971	2	886578	0.0000023
all	3972	3	886578	0.0000034
all	3974	2	886578	0.0000023
all	3975	1	886578	0.0000011
all	3980	3	886578	0.0000034
all	3981	1	886578	0.0000011
all	3982	1	886578	0.0000011
all	3984	1	886578	0.0000011
all	3986	1	886578	0.0000011
all	3987	2	886578	0.0000023
all	3990	1	886578	0.0000011
all	3991	1	886578	0.0000011
all	3993	2	886578	0.0000023
all	3995	1	886578	0.0000011
all	3996	1	886578	0.0000011
all	3997	1	886578	0.0000011
all	3999	1	886578	0.0000011
all	4000	1	886578	0.0000011
all	4003	1	886578	0.0000011
all	4004	3	886578	0.0000034
all	4006	2	886578	0.0000023
all	4015	2	886578	0.0000023
all	4017	1	886578	0.0000011
all	4019	1	886578	0.0000011
all	4022	1	886578	0.0000011
all	4025	2	886578	0.0000023
all	4026	2	886578	0.0000023
all	4028	1	886578	0.0000011
all	4029	1	886578	0.0000011
all	4031	1	886578	0.0000011
all	4032	3	886578	0.0000034
all	4034	1	886578	0.0000011
all	4035	2	886578	0.0000023
all	4036	1	886578	0.0000011
all	4039	1	886578	0.0000011
all	4042	3	886578	0.0000034
all	4043	1	886578	0.0000011
all	4049	2	886578	0.0000023
all	4050	1	886578	0.0000011
all	4051	1	886578	0.0000011
all	4052	2	886578	0.0000023
all	4055	1	886578	0.0000011
all	4056	1	886578	0.0000011
all	4058	1	886578	0.0000011
all	4062	2	886578	0.0000023
all	4064	2	886578	0.0000023
all	4066	1	886578	0.0000011
all	4070	1	886578	0.0000011
all	4072	1	886578	0.0000011
all	4073	2	886578	0.0000023
all	4074	1	886578	0.0000011
all	4076	2	886578	0.0000023
all	4077	2	886578	0.0000023
all	4078	2	886578	0.0000023
all	4083	1	886578	0.0000011
all	4085	1	886578	0.0000011
all	4086	1	886578	0.0000011
all	4087	2	886578	0.0000023
all	4088	1	886578	0.0000011
all	4090	1	886578	0.0000011
all	4092	1	886578	0.0000011
all	4094	2	886578	0.0000023
all	4100	2	886578	0.0000023
all	4101	1	886578	0.0000011
all	4103	2	886578	0.0000023
all	4104	2	886578	0.0000023
all	4106	1	886578	0.0000011
all	4111	2	886578	0.0000023
all	4112	1	886578	0.0000011
all	4115	2	886578	0.0000023
all	4117	1	886578	0.0000011
all	4120	1	886578	0.0000011
all	4121	2	886578	0.0000023
all	4127	1	886578	0.0000011
all	4130	1	886578	0.0000011
all	4132	2	886578	0.0000023
all	4136	2	886578	0.0000023
all	4137	1	886578	0.0000011
all	4140	1	886578	0.0000011
all	4145	2	886578	0.0000023
all	4150	1	886578	0.0000011
all	4151	2	886578	0.0000023
all	4155	2	886578	0.0000023
all	4163	2	886578	0.0000023
all	4164	2	886578	0.0000023
all	4168	1	886578	0.0000011
all	4172	1	886578	0.0000011
all	4175	1	886578	0.0000011
all	4176	1	886578	0.0000011
all	4177	1	886578	0.0000011
all	4179	1	886578	0.0000011
all	4182	2	886578	0.0000023
all	4184	1	886578	0.0000011
all	4186	1	886578	0.0000011
all	4187	1	886578	0.0000011
all	4188	1	886578	0.0000011
all	4191	2	886578	0.0000023
all	4195	1	886578	0.0000011
all	4200	1	886578	0.0000011
all	4205	2	886578	0.0000023
all	4207	1	886578	0.0000011
all	4212	1	886578	0.0000011
all	4214	1	886578	0.0000011
all	4218	1	886578	0.0000011
all	4219	1	886578	0.0000011
all	4222	2	886578	0.0000023
all	4225	2	886578	0.0000023
all	4227	1	886578	0.0000011
all	4229	1	886578	0.0000011
all	4230	1	886578	0.0000011
all	4231	1	886578	0.0000011
all	4235	2	886578	0.0000023
all	4236	1	886578	0.0000011
all	4237	1	886578	0.0000011
all	4238	1	886578	0.0000011
all	4239	1	886578	0.0000011
all	4240	2	886578	0.0000023
all	4241	1	886578	0.0000011
all	4247	1	886578	0.0000011
all	4248	1	886578	0.0000011
all	4252	2	886578	0.0000023
all	4253	2	886578	0.0000023
all	4255	1	886578	0.0000011
all	4256	1	886578	0.0000011
all	4257	1	886578	0.0000011
all	4259	1	886578	0.0000011
all	4260	2	886578	0.0000023
all	4261	2	886578	0.0000023
all	4264	2	886578	0.0000023
all	4267	3	886578	0.0000034
all	4268	3	886578	0.0000034
all	4269	3	886578	0.0000034
all	4271	2	886578	0.0000023
all	4272	2	886578	0.0000023
all	4273	1	886578	0.0000011
all	4275	1	886578	0.0000011
all	4276	1	886578	0.0000011
all	4279	1	886578	0.0000011
all	4280	1	886578	0.0000011
all	4282	1	886578	0.0000011
all	4283	1	886578	0.0000011
all	4286	1	886578	0.0000011
all	4287	3	886578	0.0000034
all	4288	3	886578	0.0000034
all	4289	1	886578	0.0000011
all	4291	1	886578	0.0000011
all	4294	1	886578	0.0000011
all	4296	2	886578	0.0000023
all	4297	3	886578	0.0000034
all	4299	1	886578	0.0000011
all	4300	1	886578	0.0000011
all	4305	3	886578	0.0000034
all	4307	1	886578	0.0000011
all	4309	2	886578	0.0000023
all	4311	3	886578	0.0000034
all	4312	1	886578	0.0000011
all	4313	1	886578	0.0000011
all	4315	2	886578	0.0000023
all	4317	1	886578	0.0000011
all	4318	1	886578	0.0000011
all	4320	2	886578	0.0000023
all	4322	1	886578	0.0000011
all	4323	1	886578	0.0000011
all	4324	1	886578	0.0000011
all	4329	1	886578	0.0000011
all	4330	1	886578	0.0000011
all	4336	1	886578	0.0000011
all	4337	1	886578	0.0000011
all	4338	1	886578	0.0000011
all	4339	1	886578	0.0000011
all	4340	3	886578	0.0000034
all	4342	1	886578	0.0000011
all	4344	1	886578	0.0000011
all	4345	1	886578	0.0000011
all	4346	1	886578	0.0000011
all	4347	1	886578	0.0000011
all	4351	2	886578	0.0000023
all	4352	1	886578	0.0000011
all	4356	1	886578	0.0000011
all	4361	1	886578	0.0000011
all	4362	2	886578	0.0000023
all	4363	1	886578	0.0000011
all	4365	1	886578	0.0000011
all	4367	1	886578	0.0000011
all	4368	2	886578	0.0000023
all	4369	1	886578	0.0000011
all	4372	1	886578	0.0000011
all	4373	4	886578	0.0000045
all	4374	2	886578	0.0000023
all	4375	1	886578	0.0000011
all	4377	2	886578	0.0000023
all	4379	2	886578	0.0000023
all	4380	2	886578	0.0000023
all	4382	1	886578	0.0000011
all	4385	1	886578	0.0000011
all	4387	1	886578	0.0000011
all	4391	3	886578	0.0000034
all	4392	2	886578	0.0000023
all	4395	1	886578	0.0000011
all	4396	1	886578	0.0000011
all	4397	1	886578	0.0000011
all	4398	2	886578	0.0000023
all	4399	1	886578	0.0000011
all	4401	1	886578	0.0000011
all	4405	2	886578	0.0000023
all	4406	1	886578	0.0000011
all	4409	3	886578	0.0000034
all	4410	1	886578	0.0000011
all	4411	1	886578	0.0000011
all	4412	1	886578	0.0000011
all	4413	1	886578	0.0000011
all	4414	1	886578	0.0000011
all	4415	1	886578	0.0000011
all	4417	1	886578	0.0000011
all	4421	1	886578	0.0000011
all	4422	1	886578	0.0000011
all	4427	1	886578	0.0000011
all	4428	1	886578	0.0000011
all	4431	2	886578	0.0000023
all	4432	1	886578	0.0000011
all	4434	1	886578	0.0000011
all	4443	1	886578	0.0000011
all	4444	1	886578	0.0000011
all	4446	1	886578	0.0000011
all	4447	1	886578	0.0000011
all	4448	1	886578	0.0000011
all	4451	1	886578	0.0000011
all	4457	2	886578	0.0000023
all	4459	1	886578	0.0000011
all	4462	1	886578	0.0000011
all	4464	2	886578	0.0000023
all	4465	1	886578	0.0000011
all	4466	1	886578	0.0000011
all	4470	1	886578	0.0000011
all	4471	1	886578	0.0000011
all	4472	2	886578	0.0000023
all	4474	1	886578	0.0000011
all	4476	1	886578	0.0000011
all	4477	2	886578	0.0000023
all	4486	1	886578	0.0000011
all	4488	1	886578	0.0000011
all	4491	1	886578	0.0000011
all	4493	2	886578	0.0000023
all	4496	1	886578	0.0000011
all	4498	1	886578	0.0000011
all	4502	2	886578	0.0000023
all	4505	2	886578	0.0000023
all	4506	1	886578	0.0000011
all	4508	1	886578	0.0000011
all	4509	1	886578	0.0000011
all	4511	1	886578	0.0000011
all	4513	1	886578	0.0000011
all	4519	1	886578	0.0000011
all	4520	1	886578	0.0000011
all	4525	1	886578	0.0000011
all	4529	1	886578	0.0000011
all	4531	1	886578	0.0000011
all	4535	1	886578	0.0000011
all	4538	2	886578	0.0000023
all	4540	2	886578	0.0000023
all	4542	2	886578	0.0000023
all	4545	2	886578	0.0000023
all	4547	3	886578	0.0000034
all	4548	1	886578	0.0000011
all	4550	1	886578	0.0000011
all	4552	1	886578	0.0000011
all	4553	1	886578	0.0000011
all	4554	1	886578	0.0000011
all	4555	1	886578	0.0000011
all	4556	1	886578	0.0000011
all	4558	1	886578	0.0000011
all	4563	1	886578	0.0000011
all	4565	1	886578	0.0000011
all	4569	1	886578	0.0000011
all	4578	1	886578	0.0000011
all	4587	1	886578	0.0000011
all	4588	1	886578	0.0000011
all	4593	2	886578	0.0000023
all	4596	1	886578	0.0000011
all	4597	1	886578	0.0000011
all	4601	1	886578	0.0000011
all	4605	1	886578	0.0000011
all	4606	1	886578	0.0000011
all	4612	1	886578	0.0000011
all	4617	1	886578	0.0000011
all	4618	2	886578	0.0000023
all	4619	1	886578	0.0000011
all	4626	3	886578	0.0000034
all	4629	1	886578	0.0000011
all	4631	3	886578	0.0000034
all	4638	1	886578	0.0000011
all	4640	1	886578	0.0000011
all	4643	2	886578	0.0000023
all	4647	1	886578	0.0000011
all	4652	1	886578	0.0000011
all	4653	1	886578	0.0000011
all	4655	1	886578	0.0000011
all	4665	1	886578	0.0000011
all	4666	1	886578	0.0000011
all	4667	1	886578	0.0000011
all	4668	2	886578	0.0000023
all	4669	1	886578	0.0000011
all	4670	2	886578	0.0000023
all	4673	2	886578	0.0000023
all	4675	1	886578	0.0000011
all	4680	1	886578	0.0000011
all	4681	1	886578	0.0000011
all	4683	1	886578	0.0000011
all	4686	1	886578	0.0000011
all	4689	1	886578	0.0000011
all	4692	1	886578	0.0000011
all	4693	1	886578	0.0000011
all	4697	1	886578	0.0000011
all	4698	1	886578	0.0000011
all	4699	2	886578	0.0000023
all	4700	2	886578	0.0000023
all	4703	1	886578	0.0000011
all	4704	2	886578	0.0000023
all	4705	1	886578	0.0000011
all	4707	1	886578	0.0000011
all	4708	2	886578	0.0000023
all	4709	1	886578	0.0000011
all	4710	1	886578	0.0000011
all	4712	1	886578	0.0000011
all	4713	2	886578	0.0000023
all	4714	2	886578	0.0000023
all	4715	1	886578	0.0000011
all	4716	1	886578	0.0000011
all	4717	1	886578	0.0000011
all	4718	1	886578	0.0000011
all	4720	2	886578	0.0000023
all	4721	4	886578	0.0000045
all	4723	1	886578	0.0000011
all	4725	2	886578	0.0000023
all	4730	3	886578	0.0000034
all	4734	1	886578	0.0000011
all	4735	1	886578	0.0000011
all	4739	1	886578	0.0000011
all	4740	1	886578	0.0000011
all	4742	2	886578	0.0000023
all	4747	1	886578	0.0000011
all	4748	1	886578	0.0000011
all	4750	1	886578	0.0000011
all	4752	3	886578	0.0000034
all	4755	1	886578	0.0000011
all	4758	1	886578	0.0000011
all	4760	1	886578	0.0000011
all	4763	2	886578	0.0000023
all	4766	1	886578	0.0000011
all	4776	2	886578	0.0000023
all	4777	1	886578	0.0000011
all	4778	1	886578	0.0000011
all	4779	1	886578	0.0000011
all	4784	1	886578	0.0000011
all	4786	2	886578	0.0000023
all	4795	1	886578	0.0000011
all	4796	1	886578	0.0000011
all	4805	2	886578	0.0000023
all	4806	1	886578	0.0000011
all	4809	2	886578	0.0000023
all	4811	1	886578	0.0000011
all	4812	1	886578	0.0000011
all	4813	1	886578	0.0000011
all	4821	1	886578	0.0000011
all	4823	1	886578	0.0000011
all	4831	1	886578	0.0000011
all	4835	1	886578	0.0000011
all	4836	1	886578	0.0000011
all	4838	1	886578	0.0000011
all	4841	1	886578	0.0000011
all	4851	1	886578	0.0000011
all	4852	1	886578	0.0000011
all	4855	1	886578	0.0000011
all	4856	1	886578	0.0000011
all	4857	1	886578	0.0000011
all	4858	1	886578	0.0000011
all	4862	1	886578	0.0000011
all	4865	1	886578	0.0000011
all	4868	1	886578	0.0000011
all	4871	2	886578	0.0000023
all	4876	1	886578	0.0000011
all	4877	1	886578	0.0000011
all	4886	1	886578	0.0000011
all	4890	1	886578	0.0000011
all	4891	1	886578	0.0000011
all	4893	1	886578	0.0000011
all	4895	1	886578	0.0000011
all	4896	1	886578	0.0000011
all	4899	2	886578	0.0000023
all	4902	1	886578	0.0000011
all	4903	1	886578	0.0000011
all	4906	1	886578	0.0000011
all	4908	2	886578	0.0000023
all	4909	1	886578	0.0000011
all	4912	1	886578	0.0000011
all	4913	1	886578	0.0000011
all	4914	2	886578	0.0000023
all	4922	1	886578	0.0000011
all	4923	2	886578	0.0000023
all	4925	1	886578	0.0000011
all	4930	1	886578	0.0000011
all	4937	2	886578	0.0000023
all	4939	1	886578	0.0000011
all	4941	1	886578	0.0000011
all	4942	1	886578	0.0000011
all	4947	1	886578	0.0000011
all	4948	1	886578	0.0000011
all	4950	1	886578	0.0000011
all	4964	1	886578	0.0000011
all	4973	2	886578	0.0000023
all	4977	1	886578	0.0000011
all	4979	1	886578	0.0000011
all	4981	2	886578	0.0000023
all	4983	2	886578	0.0000023
all	4984	1	886578	0.0000011
all	4985	1	886578	0.0000011
all	4991	2	886578	0.0000023
all	4992	1	886578	0.0000011
all	4998	1	886578	0.0000011
all	4999	1	886578	0.0000011
all	5001	2	886578	0.0000023
all	5003	1	886578	0.0000011
all	5006	1	886578	0.0000011
all	5013	1	886578	0.0000011
all	5018	1	886578	0.0000011
all	5019	1	886578	0.0000011
all	5023	1	886578	0.0000011
all	5025	2	886578	0.0000023
all	5028	2	886578	0.0000023
all	5029	1	886578	0.0000011
all	5031	1	886578	0.0000011
all	5033	1	886578	0.0000011
all	5035	5	886578	0.0000056
all	5036	1	886578	0.0000011
all	5039	1	886578	0.0000011
all	5040	1	886578	0.0000011
all	5041	1	886578	0.0000011
all	5042	1	886578	0.0000011
all	5045	2	886578	0.0000023
all	5050	1	886578	0.0000011
all	5054	1	886578	0.0000011
all	5055	1	886578	0.0000011
all	5057	2	886578	0.0000023
all	5059	1	886578	0.0000011
all	5062	1	886578	0.0000011
all	5065	1	886578	0.0000011
all	5066	1	886578	0.0000011
all	5073	1	886578	0.0000011
all	5075	2	886578	0.0000023
all	5082	1	886578	0.0000011
all	5087	1	886578	0.0000011
all	5090	1	886578	0.0000011
all	5093	1	886578	0.0000011
all	5095	1	886578	0.0000011
all	5096	1	886578	0.0000011
all	5101	1	886578	0.0000011
all	5106	2	886578	0.0000023
all	5107	1	886578	0.0000011
all	5111	1	886578	0.0000011
all	5114	2	886578	0.0000023
all	5120	1	886578	0.0000011
all	5122	1	886578	0.0000011
all	5126	1	886578	0.0000011
all	5127	1	886578	0.0000011
all	5132	1	886578	0.0000011
all	5133	1	886578	0.0000011
all	5135	2	886578	0.0000023
all	5138	2	886578	0.0000023
all	5141	1	886578	0.0000011
all	5142	1	886578	0.0000011
all	5143	1	886578	0.0000011
all	5145	1	886578	0.0000011
all	5147	1	886578	0.0000011
all	5149	1	886578	0.0000011
all	5151	1	886578	0.0000011
all	5153	1	886578	0.0000011
all	5157	2	886578	0.0000023
all	5160	1	886578	0.0000011
all	5161	1	886578	0.0000011
all	5164	1	886578	0.0000011
all	5168	1	886578	0.0000011
all	5169	1	886578	0.0000011
all	5170	2	886578	0.0000023
all	5171	1	886578	0.0000011
all	5172	1	886578	0.0000011
all	5173	1	886578	0.0000011
all	5174	1	886578	0.0000011
all	5176	1	886578	0.0000011
all	5179	1	886578	0.0000011
all	5184	3	886578	0.0000034
all	5185	2	886578	0.0000023
all	5188	1	886578	0.0000011
all	5190	1	886578	0.0000011
all	5192	2	886578	0.0000023
all	5194	2	886578	0.0000023
all	5199	1	886578	0.0000011
all	5201	1	886578	0.0000011
all	5205	1	886578	0.0000011
all	5207	1	886578	0.0000011
all	5209	1	886578	0.0000011
all	5210	1	886578	0.0000011
all	5213	1	886578	0.0000011
all	5216	1	886578	0.0000011
all	5219	1	886578	0.0000011
all	5220	1	886578	0.0000011
all	5223	1	886578	0.0000011
all	5225	2	886578	0.0000023
all	5234	1	886578	0.0000011
all	5235	2	886578	0.0000023
all	5237	2	886578	0.0000023
all	5239	1	886578	0.0000011
all	5240	2	886578	0.0000023
all	5241	1	886578	0.0000011
all	5244	2	886578	0.0000023
all	5245	1	886578	0.0000011
all	5246	1	886578	0.0000011
all	5247	2	886578	0.0000023
all	5248	1	886578	0.0000011
all	5250	1	886578	0.0000011
all	5251	2	886578	0.0000023
all	5253	1	886578	0.0000011
all	5254	2	886578	0.0000023
all	5256	1	886578	0.0000011
all	5260	2	886578	0.0000023
all	5261	1	886578	0.0000011
all	5263	1	886578	0.0000011
all	5265	1	886578	0.0000011
all	5267	1	886578	0.0000011
all	5268	2	886578	0.0000023
all	5269	1	886578	0.0000011
all	5270	1	886578	0.0000011
all	5272	2	886578	0.0000023
all	5273	2	886578	0.0000023
all	5277	1	886578	0.0000011
all	5279	1	886578	0.0000011
all	5287	1	886578	0.0000011
all	5288	1	886578	0.0000011
all	5291	1	886578	0.0000011
all	5304	1	886578	0.0000011
all	5314	1	886578	0.0000011
all	5316	1	886578	0.0000011
all	5317	1	886578	0.0000011
all	5319	1	886578	0.0000011
all	5322	1	886578	0.0000011
all	5324	1	886578	0.0000011
all	5327	1	886578	0.0000011
all	5329	1	886578	0.0000011
all	5332	1	886578	0.0000011
all	5333	1	886578	0.0000011
all	5338	1	886578	0.0000011
all	5339	1	886578	0.0000011
all	5344	2	886578	0.0000023
all	5348	1	886578	0.0000011
all	5351	1	886578	0.0000011
all	5353	1	886578	0.0000011
all	5360	1	886578	0.0000011
all	5361	1	886578	0.0000011
all	5362	1	886578	0.0000011
all	5368	1	886578	0.0000011
all	5371	2	886578	0.0000023
all	5372	1	886578	0.0000011
all	5373	2	886578	0.0000023
all	5375	1	886578	0.0000011
all	5385	1	886578	0.0000011
all	5387	2	886578	0.0000023
all	5391	1	886578	0.0000011
all	5393	2	886578	0.0000023
all	5401	1	886578	0.0000011
all	5402	1	886578	0.0000011
all	5403	1	886578	0.0000011
all	5410	1	886578	0.0000011
all	5411	1	886578	0.0000011
all	5419	1	886578	0.0000011
all	5420	1	886578	0.0000011
all	5424	1	886578	0.0000011
all	5428	1	886578	0.0000011
all	5429	1	886578	0.0000011
all	5431	1	886578	0.0000011
all	5432	4	886578	0.0000045
all	5433	1	886578	0.0000011
all	5436	2	886578	0.0000023
all	5438	1	886578	0.0000011
all	5440	1	886578	0.0000011
all	5448	1	886578	0.0000011
all	5450	1	886578	0.0000011
all	5453	1	886578	0.0000011
all	5454	1	886578	0.0000011
all	5455	1	886578	0.0000011
all	5456	3	886578	0.0000034
all	5460	1	886578	0.0000011
all	5462	1	886578	0.0000011
all	5463	1	886578	0.0000011
all	5465	2	886578	0.0000023
all	5469	1	886578	0.0000011
all	5470	2	886578	0.0000023
all	5479	1	886578	0.0000011
all	5482	1	886578	0.0000011
all	5483	1	886578	0.0000011
all	5485	3	886578	0.0000034
all	5488	2	886578	0.0000023
all	5490	1	886578	0.0000011
all	5491	2	886578	0.0000023
all	5494	1	886578	0.0000011
all	5495	1	886578	0.0000011
all	5497	2	886578	0.0000023
all	5499	1	886578	0.0000011
all	5501	1	886578	0.0000011
all	5502	1	886578	0.0000011
all	5506	1	886578	0.0000011
all	5507	1	886578	0.0000011
all	5512	1	886578	0.0000011
all	5513	1	886578	0.0000011
all	5515	1	886578	0.0000011
all	5518	1	886578	0.0000011
all	5519	1	886578	0.0000011
all	5522	1	886578	0.0000011
all	5524	1	886578	0.0000011
all	5528	1	886578	0.0000011
all	5532	2	886578	0.0000023
all	5533	1	886578	0.0000011
all	5535	1	886578	0.0000011
all	5540	1	886578	0.0000011
all	5541	1	886578	0.0000011
all	5548	1	886578	0.0000011
all	5553	1	886578	0.0000011
all	5556	1	886578	0.0000011
all	5559	1	886578	0.0000011
all	5572	1	886578	0.0000011
all	5578	1	886578	0.0000011
all	5579	1	886578	0.0000011
all	5580	1	886578	0.0000011
all	5581	1	886578	0.0000011
all	5587	1	886578	0.0000011
all	5589	1	886578	0.0000011
all	5599	1	886578	0.0000011
all	5602	2	886578	0.0000023
all	5604	1	886578	0.0000011
all	5609	1	886578	0.0000011
all	5612	1	886578	0.0000011
all	5616	1	886578	0.0000011
all	5618	1	886578	0.0000011
all	5629	1	886578	0.0000011
all	5635	1	886578	0.0000011
all	5639	1	886578	0.0000011
all	5649	1	886578	0.0000011
all	5650	1	886578	0.0000011
all	5654	1	886578	0.0000011
all	5658	1	886578	0.0000011
all	5663	1	886578	0.0000011
all	5669	1	886578	0.0000011
all	5695	1	886578	0.0000011
all	5697	1	886578	0.0000011
all	5701	1	886578	0.0000011
all	5712	1	886578	0.0000011
all	5718	1	886578	0.0000011
all	5725	2	886578	0.0000023
all	5736	1	886578	0.0000011
all	5745	1	886578	0.0000011
all	5749	1	886578	0.0000011
all	5751	1	886578	0.0000011
all	5754	1	886578	0.0000011
all	5756	1	886578	0.0000011
all	5767	1	886578	0.0000011
all	5789	1	886578	0.0000011
all	5804	1	886578	0.0000011
all	5818	1	886578	0.0000011
all	5821	1	886578	0.0000011
all	5824	1	886578	0.0000011
all	5826	1	886578	0.0000011
all	5828	1	886578	0.0000011
all	5829	1	886578	0.0000011
all	5830	1	886578	0.0000011
all	5839	1	886578	0.0000011
all	5846	1	886578	0.0000011
all	5850	1	886578	0.0000011
all	5856	1	886578	0.0000011
all	5871	1	886578	0.0000011
all	5873	2	886578	0.0000023
all	5881	1	886578	0.0000011
all	5886	1	886578	0.0000011
all	5888	1	886578	0.0000011
all	5891	1	886578	0.0000011
all	5893	1	886578	0.0000011
all	5907	1	886578	0.0000011
all	5911	1	886578	0.0000011
all	5913	2	886578	0.0000023
all	5922	1	886578	0.0000011
all	5931	3	886578	0.0000034
all	5934	1	886578	0.0000011
all	5943	1	886578	0.0000011
all	5945	1	886578	0.0000011
all	5948	1	886578	0.0000011
all	5949	1	886578	0.0000011
all	5951	1	886578	0.0000011
all	5954	2	886578	0.0000023
all	5960	1	886578	0.0000011
all	5962	1	886578	0.0000011
all	5966	1	886578	0.0000011
all	5974	2	886578	0.0000023
all	5978	1	886578	0.0000011
all	5983	1	886578	0.0000011
all	5995	2	886578	0.0000023
all	5996	1	886578	0.0000011
all	5999	1	886578	0.0000011
all	6010	1	886578	0.0000011
all	6013	1	886578	0.0000011
all	6017	1	886578	0.0000011
all	6018	1	886578	0.0000011
all	6027	1	886578	0.0000011
all	6037	2	886578	0.0000023
all	6043	1	886578	0.0000011
all	6049	1	886578	0.0000011
all	6052	1	886578	0.0000011
all	6058	1	886578	0.0000011
all	6064	1	886578	0.0000011
all	6066	1	886578	0.0000011
all	6077	1	886578	0.0000011
all	6083	1	886578	0.0000011
all	6105	1	886578	0.0000011
all	6106	1	886578	0.0000011
all	6119	1	886578	0.0000011
all	6123	1	886578	0.0000011
all	6141	1	886578	0.0000011
all	6143	1	886578	0.0000011
all	6144	1	886578	0.0000011
all	6159	1	886578	0.0000011
all	6164	1	886578	0.0000011
all	6165	1	886578	0.0000011
all	6175	1	886578	0.0000011
all	6183	1	886578	0.0000011
all	6194	1	886578	0.0000011
all	6197	1	886578	0.0000011
all	6201	2	886578	0.0000023
all	6206	1	886578	0.0000011
all	6215	1	886578	0.0000011
all	6217	1	886578	0.0000011
all	6220	2	886578	0.0000023
all	6223	1	886578	0.0000011
all	6230	1	886578	0.0000011
all	6238	1	886578	0.0000011
all	6242	1	886578	0.0000011
all	6248	1	886578	0.0000011
all	6267	1	886578	0.0000011
all	6268	1	886578	0.0000011
all	6271	1	886578	0.0000011
all	6274	1	886578	0.0000011
all	6279	1	886578	0.0000011
all	6280	1	886578	0.0000011
all	6288	1	886578	0.0000011
all	6295	1	886578	0.0000011
all	6296	1	886578	0.0000011
all	6300	1	886578	0.0000011
all	6303	2	886578	0.0000023
all	6306	1	886578	0.0000011
all	6308	1	886578	0.0000011
all	6313	1	886578	0.0000011
all	6314	1	886578	0.0000011
all	6315	1	886578	0.0000011
all	6316	3	886578	0.0000034
all	6318	1	886578	0.0000011
all	6319	1	886578	0.0000011
all	6320	1	886578	0.0000011
all	6321	1	886578	0.0000011
all	6323	1	886578	0.0000011
all	6324	1	886578	0.0000011
all	6379	2	886578	0.0000023
all	6397	1	886578	0.0000011
all	6398	1	886578	0.0000011
all	6413	1	886578	0.0000011
all	6420	1	886578	0.0000011
all	6422	1	886578	0.0000011
all	6423	1	886578	0.0000011
all	6426	1	886578	0.0000011
all	6430	1	886578	0.0000011
all	6438	1	886578	0.0000011
all	6447	1	886578	0.0000011
all	6453	1	886578	0.0000011
all	6454	1	886578	0.0000011
all	6461	1	886578	0.0000011
all	6486	1	886578	0.0000011
all	6498	1	886578	0.0000011
all	6504	1	886578	0.0000011
all	6507	1	886578	0.0000011
all	6508	1	886578	0.0000011
all	6514	1	886578	0.0000011
all	6524	1	886578	0.0000011
all	6526	1	886578	0.0000011
all	6527	1	886578	0.0000011
all	6530	1	886578	0.0000011
all	6541	1	886578	0.0000011
all	6550	1	886578	0.0000011
all	6558	1	886578	0.0000011
all	6561	1	886578	0.0000011
all	6568	1	886578	0.0000011
all	6570	1	886578	0.0000011
all	6576	1	886578	0.0000011
all	6579	2	886578	0.0000023
all	6584	1	886578	0.0000011
all	6590	1	886578	0.0000011
all	6591	2	886578	0.0000023
all	6592	1	886578	0.0000011
all	6593	1	886578	0.0000011
all	6594	1	886578	0.0000011
all	6595	1	886578	0.0000011
all	6599	1	886578	0.0000011
all	6601	1	886578	0.0000011
all	6602	1	886578	0.0000011
all	6603	2	886578	0.0000023
all	6609	1	886578	0.0000011
all	6612	1	886578	0.0000011
all	6615	1	886578	0.0000011
all	6626	1	886578	0.0000011
all	6630	1	886578	0.0000011
all	6634	1	886578	0.0000011
all	6637	2	886578	0.0000023
all	6638	2	886578	0.0000023
all	6643	1	886578	0.0000011
all	6646	1	886578	0.0000011
all	6649	1	886578	0.0000011
all	6658	1	886578	0.0000011
all	6661	1	886578	0.0000011
all	6665	1	886578	0.0000011
all	6667	1	886578	0.0000011
all	6668	1	886578	0.0000011
all	6674	1	886578	0.0000011
all	6677	1	886578	0.0000011
all	6680	1	886578	0.0000011
all	6683	1	886578	0.0000011
all	6684	1	886578	0.0000011
all	6692	1	886578	0.0000011
all	6700	1	886578	0.0000011
all	6716	1	886578	0.0000011
all	6719	1	886578	0.0000011
all	6728	1	886578	0.0000011
all	6753	1	886578	0.0000011
all	6755	1	886578	0.0000011
all	6758	1	886578	0.0000011
all	6766	1	886578	0.0000011
all	6771	1	886578	0.0000011
all	6772	1	886578	0.0000011
all	6781	1	886578	0.0000011
all	6785	1	886578	0.0000011
all	6786	1	886578	0.0000011
all	6791	2	886578	0.0000023
all	6797	1	886578	0.0000011
all	6801	1	886578	0.0000011
all	6804	1	886578	0.0000011
all	6805	1	886578	0.0000011
all	6810	1	886578	0.0000011
all	6820	1	886578	0.0000011
all	6823	1	886578	0.0000011
all	6829	1	886578	0.0000011
all	6832	1	886578	0.0000011
all	6834	1	886578	0.0000011
all	6842	2	886578	0.0000023
all	6848	1	886578	0.0000011
all	6868	1	886578	0.0000011
all	6875	2	886578	0.0000023
all	6876	1	886578	0.0000011
all	6888	2	886578	0.0000023
all	6906	1	886578	0.0000011
all	6929	1	886578	0.0000011
all	6931	1	886578	0.0000011
all	6936	1	886578	0.0000011
all	6937	1	886578	0.0000011
all	6938	1	886578	0.0000011
all	6944	1	886578	0.0000011
all	6946	1	886578	0.0000011
all	6948	2	886578	0.0000023
all	6949	1	886578	0.0000011
all	6955	1	886578	0.0000011
all	6956	1	886578	0.0000011
all	6963	2	886578	0.0000023
all	6968	2	886578	0.0000023
all	6981	1	886578	0.0000011
all	7009	1	886578	0.0000011
all	7021	1	886578	0.0000011
all	7063	1	886578	0.0000011
all	7093	1	886578	0.0000011
all	7120	1	886578	0.0000011
all	7134	1	886578	0.0000011
all	7156	1	886578	0.0000011
all	7157	1	886578	0.0000011
all	7167	1	886578	0.0000011
all	7173	1	886578	0.0000011
all	7215	1	886578	0.0000011
all	7236	1	886578	0.0000011
all	7240	1	886578	0.0000011
all	7262	1	886578	0.0000011
all	7279	1	886578	0.0000011
all	7294	1	886578	0.0000011
all	7306	1	886578	0.0000011
all	7316	1	886578	0.0000011
all	7333	1	886578	0.0000011
all	7360	1	886578	0.0000011
all	7380	1	886578	0.0000011
all	7381	1	886578	0.0000011
all	7432	1	886578	0.0000011
all	7461	1	886578	0.0000011
all	7471	1	886578	0.0000011
all	7489	1	886578	0.0000011
all	7497	1	886578	0.0000011
all	7528	1	886578	0.0000011
all	7538	1	886578	0.0000011
all	7560	1	886578	0.0000011
all	7564	1	886578	0.0000011
all	7574	1	886578	0.0000011
all	7602	1	886578	0.0000011
all	7606	1	886578	0.0000011
all	7636	1	886578	0.0000011
all	7640	1	886578	0.0000011
all	7681	1	886578	0.0000011
all	7706	1	886578	0.0000011
all	7737	1	886578	0.0000011
all	7738	1	886578	0.0000011
all	7753	1	886578	0.0000011
all	7783	1	886578	0.0000011
all	7816	1	886578	0.0000011
all	7821	1	886578	0.0000011
all	7838	1	886578	0.0000011
all	7849	1	886578	0.0000011
all	7860	1	886578	0.0000011
all	7865	1	886578	0.0000011
all	7878	1	886578	0.0000011
all	7905	1	886578	0.0000011
all	7909	1	886578	0.0000011
all	7929	1	886578	0.0000011
all	7952	1	886578	0.0000011
all	7962	2	886578	0.0000023
all	7966	1	886578	0.0000011
all	7975	1	886578	0.0000011
all	7982	1	886578	0.0000011
all	7986	1	886578	0.0000011
all	7995	1	886578	0.0000011
all	8006	1	886578	0.0000011
all	8010	1	886578	0.0000011
all	8012	1	886578	0.0000011
all	8019	1	886578	0.0000011
all	8021	1	886578	0.0000011
all	8024	2	886578	0.0000023
all	8031	1	886578	0.0000011
all	8036	2	886578	0.0000023
all	8037	1	886578	0.0000011
all	8048	1	886578	0.0000011
all	8058	1	886578	0.0000011
all	8060	1	886578	0.0000011
all	8065	1	886578	0.0000011
all	8066	1	886578	0.0000011
all	8072	2	886578	0.0000023
all	8073	2	886578	0.0000023
all	8081	1	886578	0.0000011
all	8083	2	886578	0.0000023
all	8093	1	886578	0.0000011
all	8094	1	886578	0.0000011
all	8096	1	886578	0.0000011
all	8119	1	886578	0.0000011
all	8120	1	886578	0.0000011
all	8133	1	886578	0.0000011
all	8134	1	886578	0.0000011
all	8138	1	886578	0.0000011
all	8150	1	886578	0.0000011
all	8157	1	886578	0.0000011
all	8177	1	886578	0.0000011
all	8181	1	886578	0.0000011
all	8184	1	886578	0.0000011
all	8186	1	886578	0.0000011
all	8189	1	886578	0.0000011
all	8201	1	886578	0.0000011
all	8209	1	886578	0.0000011
all	8228	1	886578	0.0000011
all	8243	1	886578	0.0000011
all	8244	1	886578	0.0000011
all	8277	1	886578	0.0000011
all	8297	1	886578	0.0000011
all	8303	1	886578	0.0000011
all	8319	1	886578	0.0000011
all	8320	1	886578	0.0000011
all	8324	1	886578	0.0000011
all	8338	2	886578	0.0000023
all	8339	1	886578	0.0000011
all	8347	1	886578	0.0000011
all	8351	1	886578	0.0000011
all	8356	1	886578	0.0000011
all	8369	1	886578	0.0000011
all	8374	1	886578	0.0000011
all	8384	1	886578	0.0000011
all	8386	2	886578	0.0000023
all	8387	1	886578	0.0000011
all	8397	1	886578	0.0000011
all	8404	1	886578	0.0000011
all	8407	1	886578	0.0000011
all	8411	1	886578	0.0000011
all	8454	1	886578	0.0000011
all	8460	1	886578	0.0000011
all	8508	1	886578	0.0000011
all	8536	1	886578	0.0000011
all	8558	1	886578	0.0000011
all	8560	1	886578	0.0000011
all	8609	1	886578	0.0000011
all	8622	1	886578	0.0000011
all	8627	1	886578	0.0000011
all	8652	1	886578	0.0000011
all	8714	1	886578	0.0000011
all	8721	1	886578	0.0000011
all	8776	1	886578	0.0000011
all	8777	1	886578	0.0000011
all	8786	1	886578	0.0000011
all	8793	1	886578	0.0000011
all	8802	1	886578	0.0000011
all	8807	1	886578	0.0000011
all	8811	1	886578	0.0000011
all	8816	1	886578	0.0000011
all	8819	1	886578	0.0000011
all	8830	1	886578	0.0000011
all	8836	1	886578	0.0000011
all	8842	1	886578	0.0000011
all	8854	1	886578	0.0000011
all	8860	1	886578	0.0000011
all	8866	1	886578	0.0000011
all	8871	1	886578	0.0000011
all	8899	1	886578	0.0000011
all	8914	1	886578	0.0000011
all	8923	1	886578	0.0000011
all	8931	1	886578	0.0000011
all	8941	1	886578	0.0000011
all	8942	1	886578	0.0000011
all	8948	1	886578	0.0000011
all	8951	1	886578	0.0000011
all	8955	1	886578	0.0000011
all	8961	1	886578	0.0000011
all	8963	1	886578	0.0000011
all	8980	1	886578	0.0000011
all	8991	1	886578	0.0000011
all	9005	1	886578	0.0000011
all	9018	1	886578	0.0000011
all	9102	1	886578	0.0000011
all	9294	1	886578	0.0000011
all	9356	1	886578	0.0000011
all	9453	1	886578	0.0000011
all	9544	1	886578	0.0000011
all	9610	1	886578	0.0000011
all	9714	1	886578	0.0000011
all	9948	1	886578	0.0000011
all	10102	1	886578	0.0000011
all	10302	1	886578	0.0000011
all	10498	1	886578	0.0000011
all	10755	1	886578	0.0000011
all	10852	1	886578	0.0000011
all	11040	1	886578	0.0000011
all	11240	1	886578	0.0000011
all	11343	1	886578	0.0000011
all	11452	1	886578	0.0000011
all	11575	1	886578	0.0000011
all	11687	1	886578	0.0000011
all	11781	1	886578	0.0000011
all	11876	1	886578	0.0000011
all	11993	1	886578	0.0000011
all	12086	1	886578	0.0000011
all	12229	1	886578	0.0000011
all	12357	1	886578	0.0000011
all	12531	1	886578	0.0000011
all	12626	1	886578	0.0000011
all	12663	1	886578	0.0000011
all	12833	1	886578	0.0000011
all	13034	1	886578	0.0000011
all	13121	1	886578	0.0000011
all	13227	1	886578	0.0000011
all	13314	1	886578	0.0000011
all	13418	1	886578	0.0000011
all	13595	1	886578	0.0000011
all	13708	1	886578	0.0000011
all	13850	1	886578	0.0000011
all	14007	1	886578	0.0000011
all	14150	1	886578	0.0000011
all	14416	1	886578	0.0000011
all	14608	1	886578	0.0000011
all	14713	1	886578	0.0000011
all	14825	1	886578	0.0000011
all	14873	1	886578	0.0000011
all	14957	1	886578	0.0000011
all	15002	1	886578	0.0000011
all	15054	1	886578	0.0000011
all	15073	1	886578	0.0000011
all	15143	1	886578	0.0000011
all	15186	1	886578	0.0000011
all	15402	1	886578	0.0000011
all	15476	1	886578	0.0000011
all	15501	1	886578	0.0000011
all	15590	1	886578	0.0000011
all	15655	1	886578	0.0000011
all	15657	1	886578	0.0000011
all	15728	1	886578	0.0000011
all	15740	1	886578	0.0000011
all	15804	1	886578	0.0000011
all	15823	1	886578	0.0000011
all	15836	1	886578	0.0000011
all	15873	1	886578	0.0000011
all	15914	1	886578	0.0000011
all	15931	1	886578	0.0000011
all	15979	1	886578	0.0000011
all	16046	1	886578	0.0000011
all	16068	1	886578	0.0000011
all	16109	1	886578	0.0000011
all	16127	1	886578	0.0000011
all	16227	1	886578	0.0000011
all	16253	1	886578	0.0000011
all	16300	1	886578	0.0000011
all	16445	1	886578	0.0000011
all	16455	1	886578	0.0000011
all	16515	1	886578	0.0000011
all	16548	1	886578	0.0000011
all	16604	1	886578	0.0000011
all	16661	1	886578	0.0000011
all	16677	1	886578	0.0000011
all	16697	1	886578	0.0000011
all	16700	1	886578	0.0000011
all	16773	1	886578	0.0000011
all	16776	1	886578	0.0000011
all	16849	1	886578	0.0000011
all	16855	1	886578	0.0000011
all	16890	1	886578	0.0000011
all	16919	1	886578	0.0000011
all	16947	1	886578	0.0000011
all	16973	1	886578	0.0000011
all	16998	1	886578	0.0000011
all	17059	1	886578	0.0000011
all	17062	1	886578	0.0000011
all	17071	1	886578	0.0000011
all	17072	1	886578	0.0000011
all	17097	1	886578	0.0000011
all	17107	1	886578	0.0000011
all	17129	2	886578	0.0000023
all	17156	1	886578	0.0000011
all	17158	1	886578	0.0000011
all	17162	1	886578	0.0000011
all	17167	1	886578	0.0000011
all	17168	1	886578	0.0000011
all	17206	1	886578	0.0000011
all	17238	1	886578	0.0000011
all	17246	1	886578	0.0000011
all	17264	1	886578	0.0000011
all	17272	1	886578	0.0000011
all	17281	1	886578	0.0000011
all	17289	1	886578	0.0000011
all	17305	1	886578	0.0000011
all	17321	1	886578	0.0000011
all	17334	1	886578	0.0000011
all	17348	1	886578	0.0000011
all	17375	1	886578	0.0000011
all	17402	1	886578	0.0000011
all	17410	1	886578	0.0000011
