all	0	30727	886578	0.0346580
all	1	2870	886578	0.0032372
all	2	36225	886578	0.0408593
all	3	5259	886578	0.0059318
all	4	41784	886578	0.0471295
all	5	7189	886578	0.0081087
all	6	47006	886578	0.0530196
all	7	9186	886578	0.0103612
all	8	46684	886578	0.0526564
all	9	10651	886578	0.0120136
all	10	47169	886578	0.0532034
all	11	11465	886578	0.0129317
all	12	42993	886578	0.0484932
all	13	12089	886578	0.0136356
all	14	40542	886578	0.0457286
all	15	11780	886578	0.0132870
all	16	37547	886578	0.0423505
all	17	11698	886578	0.0131946
all	18	35232	886578	0.0397393
all	19	11333	886578	0.0127829
all	20	29645	886578	0.0334376
all	21	10443	886578	0.0117790
all	22	26024	886578	0.0293533
all	23	10314	886578	0.0116335
all	24	23883	886578	0.0269384
all	25	9175	886578	0.0103488
all	26	21670	886578	0.0244423
all	27	8934	886578	0.0100769
all	28	18773	886578	0.0211747
all	29	8313	886578	0.0093765
all	30	15888	886578	0.0179206
all	31	7030	886578	0.0079294
all	32	13870	886578	0.0156444
all	33	6725	886578	0.0075853
all	34	11925	886578	0.0134506
all	35	5971	886578	0.0067349
all	36	10530	886578	0.0118771
all	37	5543	886578	0.0062521
all	38	8011	886578	0.0090359
all	39	4844	886578	0.0054637
all	40	6778	886578	0.0076451
all	41	4793	886578	0.0054062
all	42	6305	886578	0.0071116
all	43	4222	886578	0.0047621
all	44	5224	886578	0.0058923
all	45	3334	886578	0.0037605
all	46	4846	886578	0.0054660
all	47	3381	886578	0.0038135
all	48	3975	886578	0.0044835
all	49	2783	886578	0.0031390
all	50	3308	886578	0.0037312
all	51	2472	886578	0.0027882
all	52	2994	886578	0.0033770
all	53	2163	886578	0.0024397
all	54	2596	886578	0.0029281
all	55	2114	886578	0.0023844
all	56	2386	886578	0.0026912
all	57	1616	886578	0.0018227
all	58	1815	886578	0.0020472
all	59	1502	886578	0.0016942
all	60	1737	886578	0.0019592
all	61	1179	886578	0.0013298
all	62	1446	886578	0.0016310
all	63	1279	886578	0.0014426
all	64	1480	886578	0.0016693
all	65	1050	886578	0.0011843
all	66	982	886578	0.0011076
all	67	1025	886578	0.0011561
all	68	972	886578	0.0010964
all	69	932	886578	0.0010512
all	70	901	886578	0.0010163
all	71	791	886578	0.0008922
all	72	798	886578	0.0009001
all	73	870	886578	0.0009813
all	74	632	886578	0.0007129
all	75	692	886578	0.0007805
all	76	746	886578	0.0008414
all	77	639	886578	0.0007207
all	78	498	886578	0.0005617
all	79	441	886578	0.0004974
all	80	468	886578	0.0005279
all	81	462	886578	0.0005211
all	82	538	886578	0.0006068
all	83	355	886578	0.0004004
all	84	489	886578	0.0005516
all	85	390	886578	0.0004399
all	86	490	886578	0.0005527
all	87	401	886578	0.0004523
all	88	381	886578	0.0004297
all	89	335	886578	0.0003779
all	90	422	886578	0.0004760
all	91	376	886578	0.0004241
all	92	357	886578	0.0004027
all	93	339	886578	0.0003824
all	94	349	886578	0.0003936
all	95	330	886578	0.0003722
all	96	325	886578	0.0003666
all	97	323	886578	0.0003643
all	98	232	886578	0.0002617
all	99	274	886578	0.0003091
all	100	266	886578	0.0003000
all	101	287	886578	0.0003237
all	102	245	886578	0.0002763
all	103	242	886578	0.0002730
all	104	243	886578	0.0002741
all	105	248	886578	0.0002797
all	106	174	886578	0.0001963
all	107	255	886578	0.0002876
all	108	204	886578	0.0002301
all	109	188	886578	0.0002121
all	110	215	886578	0.0002425
all	111	183	886578	0.0002064
all	112	238	886578	0.0002684
all	113	143	886578	0.0001613
all	114	209	886578	0.0002357
all	115	155	886578	0.0001748
all	116	155	886578	0.0001748
all	117	176	886578	0.0001985
all	118	164	886578	0.0001850
all	119	161	886578	0.0001816
all	120	181	886578	0.0002042
all	121	148	886578	0.0001669
all	122	164	886578	0.0001850
all	123	176	886578	0.0001985
all	124	182	886578	0.0002053
all	125	129	886578	0.0001455
all	126	147	886578	0.0001658
all	127	146	886578	0.0001647
all	128	102	886578	0.0001150
all	129	155	886578	0.0001748
all	130	128	886578	0.0001444
all	131	144	886578	0.0001624
all	132	81	886578	0.0000914
all	133	114	886578	0.0001286
all	134	112	886578	0.0001263
all	135	107	886578	0.0001207
all	136	117	886578	0.0001320
all	137	103	886578	0.0001162
all	138	114	886578	0.0001286
all	139	100	886578	0.0001128
all	140	99	886578	0.0001117
all	141	106	886578	0.0001196
all	142	124	886578	0.0001399
all	143	96	886578	0.0001083
all	144	97	886578	0.0001094
all	145	75	886578	0.0000846
all	146	76	886578	0.0000857
all	147	93	886578	0.0001049
all	148	108	886578	0.0001218
all	149	67	886578	0.0000756
all	150	61	886578	0.0000688
all	151	58	886578	0.0000654
all	152	62	886578	0.0000699
all	153	78	886578	0.0000880
all	154	77	886578	0.0000869
all	155	75	886578	0.0000846
all	156	65	886578	0.0000733
all	157	111	886578	0.0001252
all	158	99	886578	0.0001117
all	159	76	886578	0.0000857
all	160	63	886578	0.0000711
all	161	100	886578	0.0001128
all	162	59	886578	0.0000665
all	163	68	886578	0.0000767
all	164	57	886578	0.0000643
all	165	70	886578	0.0000790
all	166	69	886578	0.0000778
all	167	75	886578	0.0000846
all	168	96	886578	0.0001083
all	169	70	886578	0.0000790
all	170	93	886578	0.0001049
all	171	56	886578	0.0000632
all	172	87	886578	0.0000981
all	173	79	886578	0.0000891
all	174	63	886578	0.0000711
all	175	48	886578	0.0000541
all	176	57	886578	0.0000643
all	177	56	886578	0.0000632
all	178	75	886578	0.0000846
all	179	80	886578	0.0000902
all	180	75	886578	0.0000846
all	181	56	886578	0.0000632
all	182	82	886578	0.0000925
all	183	54	886578	0.0000609
all	184	89	886578	0.0001004
all	185	73	886578	0.0000823
all	186	66	886578	0.0000744
all	187	45	886578	0.0000508
all	188	61	886578	0.0000688
all	189	61	886578	0.0000688
all	190	80	886578	0.0000902
all	191	61	886578	0.0000688
all	192	111	886578	0.0001252
all	193	71	886578	0.0000801
all	194	63	886578	0.0000711
all	195	51	886578	0.0000575
all	196	45	886578	0.0000508
all	197	52	886578	0.0000587
all	198	62	886578	0.0000699
all	199	68	886578	0.0000767
all	200	64	886578	0.0000722
all	201	64	886578	0.0000722
all	202	67	886578	0.0000756
all	203	61	886578	0.0000688
all	204	63	886578	0.0000711
all	205	51	886578	0.0000575
all	206	77	886578	0.0000869
all	207	55	886578	0.0000620
all	208	73	886578	0.0000823
all	209	48	886578	0.0000541
all	210	51	886578	0.0000575
all	211	62	886578	0.0000699
all	212	57	886578	0.0000643
all	213	50	886578	0.0000564
all	214	73	886578	0.0000823
all	215	35	886578	0.0000395
all	216	77	886578	0.0000869
all	217	52	886578	0.0000587
all	218	49	886578	0.0000553
all	219	57	886578	0.0000643
all	220	71	886578	0.0000801
all	221	47	886578	0.0000530
all	222	54	886578	0.0000609
all	223	61	886578	0.0000688
all	224	38	886578	0.0000429
all	225	64	886578	0.0000722
all	226	34	886578	0.0000383
all	227	48	886578	0.0000541
all	228	47	886578	0.0000530
all	229	41	886578	0.0000462
all	230	38	886578	0.0000429
all	231	42	886578	0.0000474
all	232	45	886578	0.0000508
all	233	45	886578	0.0000508
all	234	39	886578	0.0000440
all	235	39	886578	0.0000440
all	236	44	886578	0.0000496
all	237	48	886578	0.0000541
all	238	42	886578	0.0000474
all	239	38	886578	0.0000429
all	240	32	886578	0.0000361
all	241	42	886578	0.0000474
all	242	48	886578	0.0000541
all	243	48	886578	0.0000541
all	244	35	886578	0.0000395
all	245	46	886578	0.0000519
all	246	36	886578	0.0000406
all	247	37	886578	0.0000417
all	248	53	886578	0.0000598
all	249	47	886578	0.0000530
all	250	44	886578	0.0000496
all	251	24	886578	0.0000271
all	252	50	886578	0.0000564
all	253	58	886578	0.0000654
all	254	45	886578	0.0000508
all	255	46	886578	0.0000519
all	256	49	886578	0.0000553
all	257	53	886578	0.0000598
all	258	51	886578	0.0000575
all	259	46	886578	0.0000519
all	260	36	886578	0.0000406
all	261	82	886578	0.0000925
all	262	33	886578	0.0000372
all	263	95	886578	0.0001072
all	264	39	886578	0.0000440
all	265	47	886578	0.0000530
all	266	40	886578	0.0000451
all	267	43	886578	0.0000485
all	268	19	886578	0.0000214
all	269	45	886578	0.0000508
all	270	25	886578	0.0000282
all	271	33	886578	0.0000372
all	272	29	886578	0.0000327
all	273	27	886578	0.0000305
all	274	44	886578	0.0000496
all	275	23	886578	0.0000259
all	276	17	886578	0.0000192
all	277	24	886578	0.0000271
all	278	25	886578	0.0000282
all	279	25	886578	0.0000282
all	280	23	886578	0.0000259
all	281	38	886578	0.0000429
all	282	24	886578	0.0000271
all	283	32	886578	0.0000361
all	284	19	886578	0.0000214
all	285	19	886578	0.0000214
all	286	19	886578	0.0000214
all	287	15	886578	0.0000169
all	288	21	886578	0.0000237
all	289	16	886578	0.0000180
all	290	22	886578	0.0000248
all	291	18	886578	0.0000203
all	292	30	886578	0.0000338
all	293	19	886578	0.0000214
all	294	15	886578	0.0000169
all	295	22	886578	0.0000248
all	296	32	886578	0.0000361
all	297	19	886578	0.0000214
all	298	17	886578	0.0000192
all	299	16	886578	0.0000180
all	300	8	886578	0.0000090
all	301	29	886578	0.0000327
all	302	22	886578	0.0000248
all	303	24	886578	0.0000271
all	304	45	886578	0.0000508
all	305	35	886578	0.0000395
all	306	46	886578	0.0000519
all	307	35	886578	0.0000395
all	308	32	886578	0.0000361
all	309	24	886578	0.0000271
all	310	42	886578	0.0000474
all	311	26	886578	0.0000293
all	312	34	886578	0.0000383
all	313	30	886578	0.0000338
all	314	31	886578	0.0000350
all	315	28	886578	0.0000316
all	316	32	886578	0.0000361
all	317	38	886578	0.0000429
all	318	26	886578	0.0000293
all	319	39	886578	0.0000440
all	320	28	886578	0.0000316
all	321	24	886578	0.0000271
all	322	16	886578	0.0000180
all	323	29	886578	0.0000327
all	324	20	886578	0.0000226
all	325	15	886578	0.0000169
all	326	18	886578	0.0000203
all	327	18	886578	0.0000203
all	328	25	886578	0.0000282
all	329	22	886578	0.0000248
all	330	28	886578	0.0000316
all	331	25	886578	0.0000282
all	332	22	886578	0.0000248
all	333	26	886578	0.0000293
all	334	27	886578	0.0000305
all	335	37	886578	0.0000417
all	336	19	886578	0.0000214
all	337	18	886578	0.0000203
all	338	26	886578	0.0000293
all	339	19	886578	0.0000214
all	340	8	886578	0.0000090
all	341	23	886578	0.0000259
all	342	13	886578	0.0000147
all	343	22	886578	0.0000248
all	344	20	886578	0.0000226
all	345	20	886578	0.0000226
all	346	14	886578	0.0000158
all	347	25	886578	0.0000282
all	348	14	886578	0.0000158
all	349	11	886578	0.0000124
all	350	14	886578	0.0000158
all	351	9	886578	0.0000102
all	352	10	886578	0.0000113
all	353	18	886578	0.0000203
all	354	13	886578	0.0000147
all	355	21	886578	0.0000237
all	356	15	886578	0.0000169
all	357	18	886578	0.0000203
all	358	9	886578	0.0000102
all	359	12	886578	0.0000135
all	360	27	886578	0.0000305
all	361	28	886578	0.0000316
all	362	23	886578	0.0000259
all	363	24	886578	0.0000271
all	364	19	886578	0.0000214
all	365	19	886578	0.0000214
all	366	26	886578	0.0000293
all	367	24	886578	0.0000271
all	368	28	886578	0.0000316
all	369	19	886578	0.0000214
all	370	29	886578	0.0000327
all	371	23	886578	0.0000259
all	372	24	886578	0.0000271
all	373	30	886578	0.0000338
all	374	31	886578	0.0000350
all	375	11	886578	0.0000124
all	376	29	886578	0.0000327
all	377	14	886578	0.0000158
all	378	26	886578	0.0000293
all	379	12	886578	0.0000135
all	380	23	886578	0.0000259
all	381	9	886578	0.0000102
all	382	14	886578	0.0000158
all	383	13	886578	0.0000147
all	384	20	886578	0.0000226
all	385	14	886578	0.0000158
all	386	15	886578	0.0000169
all	387	11	886578	0.0000124
all	388	16	886578	0.0000180
all	389	15	886578	0.0000169
all	390	17	886578	0.0000192
all	391	9	886578	0.0000102
all	392	13	886578	0.0000147
all	393	17	886578	0.0000192
all	394	14	886578	0.0000158
all	395	15	886578	0.0000169
all	396	13	886578	0.0000147
all	397	23	886578	0.0000259
all	398	14	886578	0.0000158
all	399	11	886578	0.0000124
all	400	16	886578	0.0000180
all	401	17	886578	0.0000192
all	402	18	886578	0.0000203
all	403	15	886578	0.0000169
all	404	9	886578	0.0000102
all	405	10	886578	0.0000113
all	406	13	886578	0.0000147
all	407	10	886578	0.0000113
all	408	13	886578	0.0000147
all	409	8	886578	0.0000090
all	410	22	886578	0.0000248
all	411	15	886578	0.0000169
all	412	9	886578	0.0000102
all	413	12	886578	0.0000135
all	414	21	886578	0.0000237
all	415	5	886578	0.0000056
all	416	17	886578	0.0000192
all	417	10	886578	0.0000113
all	418	14	886578	0.0000158
all	419	17	886578	0.0000192
all	420	11	886578	0.0000124
all	421	9	886578	0.0000102
all	422	15	886578	0.0000169
all	423	13	886578	0.0000147
all	424	12	886578	0.0000135
all	425	14	886578	0.0000158
all	426	18	886578	0.0000203
all	427	18	886578	0.0000203
all	428	10	886578	0.0000113
all	429	21	886578	0.0000237
all	430	16	886578	0.0000180
all	431	17	886578	0.0000192
all	432	14	886578	0.0000158
all	433	18	886578	0.0000203
all	434	18	886578	0.0000203
all	435	18	886578	0.0000203
all	436	11	886578	0.0000124
all	437	13	886578	0.0000147
all	438	11	886578	0.0000124
all	439	18	886578	0.0000203
all	440	11	886578	0.0000124
all	441	20	886578	0.0000226
all	442	16	886578	0.0000180
all	443	14	886578	0.0000158
all	444	7	886578	0.0000079
all	445	11	886578	0.0000124
all	446	17	886578	0.0000192
all	447	9	886578	0.0000102
all	448	18	886578	0.0000203
all	449	12	886578	0.0000135
all	450	15	886578	0.0000169
all	451	22	886578	0.0000248
all	452	12	886578	0.0000135
all	453	23	886578	0.0000259
all	454	15	886578	0.0000169
all	455	15	886578	0.0000169
all	456	9	886578	0.0000102
all	457	14	886578	0.0000158
all	458	15	886578	0.0000169
all	459	15	886578	0.0000169
all	460	20	886578	0.0000226
all	461	15	886578	0.0000169
all	462	13	886578	0.0000147
all	463	11	886578	0.0000124
all	464	19	886578	0.0000214
all	465	15	886578	0.0000169
all	466	16	886578	0.0000180
all	467	26	886578	0.0000293
all	468	15	886578	0.0000169
all	469	20	886578	0.0000226
all	470	7	886578	0.0000079
all	471	21	886578	0.0000237
all	472	10	886578	0.0000113
all	473	19	886578	0.0000214
all	474	10	886578	0.0000113
all	475	17	886578	0.0000192
all	476	18	886578	0.0000203
all	477	11	886578	0.0000124
all	478	13	886578	0.0000147
all	479	19	886578	0.0000214
all	480	14	886578	0.0000158
all	481	9	886578	0.0000102
all	482	17	886578	0.0000192
all	483	17	886578	0.0000192
all	484	14	886578	0.0000158
all	485	9	886578	0.0000102
all	486	9	886578	0.0000102
all	487	11	886578	0.0000124
all	488	13	886578	0.0000147
all	489	12	886578	0.0000135
all	490	10	886578	0.0000113
all	491	19	886578	0.0000214
all	492	11	886578	0.0000124
all	493	13	886578	0.0000147
all	494	12	886578	0.0000135
all	495	16	886578	0.0000180
all	496	9	886578	0.0000102
all	497	22	886578	0.0000248
all	498	18	886578	0.0000203
all	499	15	886578	0.0000169
all	500	18	886578	0.0000203
all	501	6	886578	0.0000068
all	502	11	886578	0.0000124
all	503	15	886578	0.0000169
all	504	9	886578	0.0000102
all	505	10	886578	0.0000113
all	506	23	886578	0.0000259
all	507	15	886578	0.0000169
all	508	21	886578	0.0000237
all	509	8	886578	0.0000090
all	510	28	886578	0.0000316
all	511	13	886578	0.0000147
all	512	16	886578	0.0000180
all	513	19	886578	0.0000214
all	514	13	886578	0.0000147
all	515	16	886578	0.0000180
all	516	19	886578	0.0000214
all	517	12	886578	0.0000135
all	518	8	886578	0.0000090
all	519	16	886578	0.0000180
all	520	16	886578	0.0000180
all	521	13	886578	0.0000147
all	522	14	886578	0.0000158
all	523	15	886578	0.0000169
all	524	16	886578	0.0000180
all	525	20	886578	0.0000226
all	526	14	886578	0.0000158
all	527	15	886578	0.0000169
all	528	7	886578	0.0000079
all	529	23	886578	0.0000259
all	530	18	886578	0.0000203
all	531	11	886578	0.0000124
all	532	8	886578	0.0000090
all	533	16	886578	0.0000180
all	534	16	886578	0.0000180
all	535	11	886578	0.0000124
all	536	11	886578	0.0000124
all	537	12	886578	0.0000135
all	538	15	886578	0.0000169
all	539	15	886578	0.0000169
all	540	12	886578	0.0000135
all	541	9	886578	0.0000102
all	542	21	886578	0.0000237
all	543	12	886578	0.0000135
all	544	23	886578	0.0000259
all	545	8	886578	0.0000090
all	546	33	886578	0.0000372
all	547	14	886578	0.0000158
all	548	24	886578	0.0000271
all	549	16	886578	0.0000180
all	550	13	886578	0.0000147
all	551	11	886578	0.0000124
all	552	26	886578	0.0000293
all	553	17	886578	0.0000192
all	554	26	886578	0.0000293
all	555	15	886578	0.0000169
all	556	29	886578	0.0000327
all	557	7	886578	0.0000079
all	558	13	886578	0.0000147
all	559	12	886578	0.0000135
all	560	19	886578	0.0000214
all	561	6	886578	0.0000068
all	562	16	886578	0.0000180
all	563	15	886578	0.0000169
all	564	28	886578	0.0000316
all	565	20	886578	0.0000226
all	566	30	886578	0.0000338
all	567	14	886578	0.0000158
all	568	14	886578	0.0000158
all	569	18	886578	0.0000203
all	570	15	886578	0.0000169
all	571	21	886578	0.0000237
all	572	21	886578	0.0000237
all	573	13	886578	0.0000147
all	574	14	886578	0.0000158
all	575	23	886578	0.0000259
all	576	36	886578	0.0000406
all	577	9	886578	0.0000102
all	578	18	886578	0.0000203
all	579	16	886578	0.0000180
all	580	18	886578	0.0000203
all	581	12	886578	0.0000135
all	582	13	886578	0.0000147
all	583	11	886578	0.0000124
all	584	14	886578	0.0000158
all	585	16	886578	0.0000180
all	586	20	886578	0.0000226
all	587	16	886578	0.0000180
all	588	16	886578	0.0000180
all	589	14	886578	0.0000158
all	590	7	886578	0.0000079
all	591	10	886578	0.0000113
all	592	16	886578	0.0000180
all	593	16	886578	0.0000180
all	594	21	886578	0.0000237
all	595	13	886578	0.0000147
all	596	11	886578	0.0000124
all	597	15	886578	0.0000169
all	598	18	886578	0.0000203
all	599	16	886578	0.0000180
all	600	16	886578	0.0000180
all	601	10	886578	0.0000113
all	602	14	886578	0.0000158
all	603	8	886578	0.0000090
all	604	14	886578	0.0000158
all	605	19	886578	0.0000214
all	606	13	886578	0.0000147
all	607	9	886578	0.0000102
all	608	16	886578	0.0000180
all	609	13	886578	0.0000147
all	610	11	886578	0.0000124
all	611	19	886578	0.0000214
all	612	15	886578	0.0000169
all	613	15	886578	0.0000169
all	614	11	886578	0.0000124
all	615	12	886578	0.0000135
all	616	10	886578	0.0000113
all	617	8	886578	0.0000090
all	618	12	886578	0.0000135
all	619	13	886578	0.0000147
all	620	12	886578	0.0000135
all	621	10	886578	0.0000113
all	622	6	886578	0.0000068
all	623	13	886578	0.0000147
all	624	15	886578	0.0000169
all	625	13	886578	0.0000147
all	626	17	886578	0.0000192
all	627	5	886578	0.0000056
all	628	8	886578	0.0000090
all	629	12	886578	0.0000135
all	630	15	886578	0.0000169
all	631	15	886578	0.0000169
all	632	8	886578	0.0000090
all	633	5	886578	0.0000056
all	634	10	886578	0.0000113
all	635	10	886578	0.0000113
all	636	10	886578	0.0000113
all	637	9	886578	0.0000102
all	638	9	886578	0.0000102
all	639	18	886578	0.0000203
all	640	4	886578	0.0000045
all	641	4	886578	0.0000045
all	642	8	886578	0.0000090
all	643	10	886578	0.0000113
all	644	6	886578	0.0000068
all	645	11	886578	0.0000124
all	646	10	886578	0.0000113
all	647	16	886578	0.0000180
all	648	19	886578	0.0000214
all	649	14	886578	0.0000158
all	650	16	886578	0.0000180
all	651	10	886578	0.0000113
all	652	9	886578	0.0000102
all	653	20	886578	0.0000226
all	654	18	886578	0.0000203
all	655	9	886578	0.0000102
all	656	15	886578	0.0000169
all	657	7	886578	0.0000079
all	658	13	886578	0.0000147
all	659	9	886578	0.0000102
all	660	16	886578	0.0000180
all	661	10	886578	0.0000113
all	662	6	886578	0.0000068
all	663	7	886578	0.0000079
all	664	16	886578	0.0000180
all	665	7	886578	0.0000079
all	666	11	886578	0.0000124
all	667	16	886578	0.0000180
all	668	15	886578	0.0000169
all	669	9	886578	0.0000102
all	670	20	886578	0.0000226
all	671	17	886578	0.0000192
all	672	11	886578	0.0000124
all	673	10	886578	0.0000113
all	674	15	886578	0.0000169
all	675	10	886578	0.0000113
all	676	8	886578	0.0000090
all	677	12	886578	0.0000135
all	678	10	886578	0.0000113
all	679	3	886578	0.0000034
all	680	11	886578	0.0000124
all	681	8	886578	0.0000090
all	682	9	886578	0.0000102
all	683	7	886578	0.0000079
all	684	11	886578	0.0000124
all	685	8	886578	0.0000090
all	686	9	886578	0.0000102
all	687	8	886578	0.0000090
all	688	8	886578	0.0000090
all	689	15	886578	0.0000169
all	690	7	886578	0.0000079
all	691	11	886578	0.0000124
all	692	9	886578	0.0000102
all	693	10	886578	0.0000113
all	694	15	886578	0.0000169
all	695	8	886578	0.0000090
all	696	12	886578	0.0000135
all	697	11	886578	0.0000124
all	698	13	886578	0.0000147
all	699	18	886578	0.0000203
all	700	8	886578	0.0000090
all	701	13	886578	0.0000147
all	702	15	886578	0.0000169
all	703	6	886578	0.0000068
all	704	4	886578	0.0000045
all	705	8	886578	0.0000090
all	706	5	886578	0.0000056
all	707	9	886578	0.0000102
all	708	11	886578	0.0000124
all	709	4	886578	0.0000045
all	710	5	886578	0.0000056
all	711	16	886578	0.0000180
all	712	8	886578	0.0000090
all	713	4	886578	0.0000045
all	714	3	886578	0.0000034
all	715	2	886578	0.0000023
all	716	14	886578	0.0000158
all	717	11	886578	0.0000124
all	718	2	886578	0.0000023
all	719	8	886578	0.0000090
all	720	14	886578	0.0000158
all	721	3	886578	0.0000034
all	722	8	886578	0.0000090
all	723	11	886578	0.0000124
all	724	12	886578	0.0000135
all	725	8	886578	0.0000090
all	726	7	886578	0.0000079
all	727	10	886578	0.0000113
all	728	5	886578	0.0000056
all	729	16	886578	0.0000180
all	730	15	886578	0.0000169
all	731	14	886578	0.0000158
all	732	9	886578	0.0000102
all	733	12	886578	0.0000135
all	734	10	886578	0.0000113
all	735	4	886578	0.0000045
all	736	7	886578	0.0000079
all	737	12	886578	0.0000135
all	738	11	886578	0.0000124
all	739	7	886578	0.0000079
all	740	10	886578	0.0000113
all	741	8	886578	0.0000090
all	742	12	886578	0.0000135
all	743	7	886578	0.0000079
all	744	10	886578	0.0000113
all	745	9	886578	0.0000102
all	746	9	886578	0.0000102
all	747	15	886578	0.0000169
all	748	11	886578	0.0000124
all	749	9	886578	0.0000102
all	750	15	886578	0.0000169
all	751	17	886578	0.0000192
all	752	10	886578	0.0000113
all	753	13	886578	0.0000147
all	754	15	886578	0.0000169
all	755	16	886578	0.0000180
all	756	11	886578	0.0000124
all	757	11	886578	0.0000124
all	758	7	886578	0.0000079
all	759	17	886578	0.0000192
all	760	13	886578	0.0000147
all	761	18	886578	0.0000203
all	762	6	886578	0.0000068
all	763	14	886578	0.0000158
all	764	12	886578	0.0000135
all	765	18	886578	0.0000203
all	766	13	886578	0.0000147
all	767	8	886578	0.0000090
all	768	14	886578	0.0000158
all	769	14	886578	0.0000158
all	770	8	886578	0.0000090
all	771	9	886578	0.0000102
all	772	19	886578	0.0000214
all	773	9	886578	0.0000102
all	774	6	886578	0.0000068
all	775	11	886578	0.0000124
all	776	4	886578	0.0000045
all	777	7	886578	0.0000079
all	778	14	886578	0.0000158
all	779	13	886578	0.0000147
all	780	10	886578	0.0000113
all	781	8	886578	0.0000090
all	782	13	886578	0.0000147
all	783	15	886578	0.0000169
all	784	12	886578	0.0000135
all	785	15	886578	0.0000169
all	786	14	886578	0.0000158
all	787	6	886578	0.0000068
all	788	17	886578	0.0000192
all	789	20	886578	0.0000226
all	790	11	886578	0.0000124
all	791	11	886578	0.0000124
all	792	11	886578	0.0000124
all	793	11	886578	0.0000124
all	794	11	886578	0.0000124
all	795	11	886578	0.0000124
all	796	14	886578	0.0000158
all	797	5	886578	0.0000056
all	798	20	886578	0.0000226
all	799	9	886578	0.0000102
all	800	9	886578	0.0000102
all	801	11	886578	0.0000124
all	802	11	886578	0.0000124
all	803	12	886578	0.0000135
all	804	15	886578	0.0000169
all	805	16	886578	0.0000180
all	806	8	886578	0.0000090
all	807	13	886578	0.0000147
all	808	8	886578	0.0000090
all	809	12	886578	0.0000135
all	810	14	886578	0.0000158
all	811	12	886578	0.0000135
all	812	8	886578	0.0000090
all	813	11	886578	0.0000124
all	814	6	886578	0.0000068
all	815	16	886578	0.0000180
all	816	11	886578	0.0000124
all	817	7	886578	0.0000079
all	818	10	886578	0.0000113
all	819	9	886578	0.0000102
all	820	9	886578	0.0000102
all	821	14	886578	0.0000158
all	822	6	886578	0.0000068
all	823	7	886578	0.0000079
all	824	10	886578	0.0000113
all	825	13	886578	0.0000147
all	826	6	886578	0.0000068
all	827	11	886578	0.0000124
all	828	11	886578	0.0000124
all	829	9	886578	0.0000102
all	830	2	886578	0.0000023
all	831	11	886578	0.0000124
all	832	10	886578	0.0000113
all	833	16	886578	0.0000180
all	834	21	886578	0.0000237
all	835	12	886578	0.0000135
all	836	5	886578	0.0000056
all	837	8	886578	0.0000090
all	838	9	886578	0.0000102
all	839	7	886578	0.0000079
all	840	14	886578	0.0000158
all	841	5	886578	0.0000056
all	842	5	886578	0.0000056
all	843	6	886578	0.0000068
all	844	7	886578	0.0000079
all	845	6	886578	0.0000068
all	846	8	886578	0.0000090
all	847	10	886578	0.0000113
all	848	5	886578	0.0000056
all	849	11	886578	0.0000124
all	850	7	886578	0.0000079
all	851	8	886578	0.0000090
all	852	8	886578	0.0000090
all	853	4	886578	0.0000045
all	854	8	886578	0.0000090
all	855	7	886578	0.0000079
all	856	5	886578	0.0000056
all	857	6	886578	0.0000068
all	858	5	886578	0.0000056
all	859	9	886578	0.0000102
all	860	13	886578	0.0000147
all	861	8	886578	0.0000090
all	862	7	886578	0.0000079
all	863	6	886578	0.0000068
all	864	11	886578	0.0000124
all	865	11	886578	0.0000124
all	866	5	886578	0.0000056
all	867	6	886578	0.0000068
all	868	7	886578	0.0000079
all	869	7	886578	0.0000079
all	870	15	886578	0.0000169
all	871	7	886578	0.0000079
all	872	10	886578	0.0000113
all	873	8	886578	0.0000090
all	874	6	886578	0.0000068
all	875	6	886578	0.0000068
all	876	8	886578	0.0000090
all	877	13	886578	0.0000147
all	878	10	886578	0.0000113
all	879	10	886578	0.0000113
all	880	11	886578	0.0000124
all	881	3	886578	0.0000034
all	882	5	886578	0.0000056
all	883	10	886578	0.0000113
all	884	10	886578	0.0000113
all	885	10	886578	0.0000113
all	886	7	886578	0.0000079
all	887	9	886578	0.0000102
all	888	9	886578	0.0000102
all	889	3	886578	0.0000034
all	890	7	886578	0.0000079
all	891	11	886578	0.0000124
all	892	10	886578	0.0000113
all	893	9	886578	0.0000102
all	894	3	886578	0.0000034
all	895	8	886578	0.0000090
all	896	7	886578	0.0000079
all	897	8	886578	0.0000090
all	898	6	886578	0.0000068
all	899	7	886578	0.0000079
all	900	9	886578	0.0000102
all	901	3	886578	0.0000034
all	902	13	886578	0.0000147
all	903	5	886578	0.0000056
all	904	4	886578	0.0000045
all	905	4	886578	0.0000045
all	906	4	886578	0.0000045
all	907	1	886578	0.0000011
all	908	4	886578	0.0000045
all	909	8	886578	0.0000090
all	910	10	886578	0.0000113
all	911	3	886578	0.0000034
all	912	6	886578	0.0000068
all	913	4	886578	0.0000045
all	914	9	886578	0.0000102
all	915	3	886578	0.0000034
all	916	8	886578	0.0000090
all	917	4	886578	0.0000045
all	918	4	886578	0.0000045
all	919	6	886578	0.0000068
all	920	10	886578	0.0000113
all	921	6	886578	0.0000068
all	922	4	886578	0.0000045
all	923	3	886578	0.0000034
all	924	7	886578	0.0000079
all	925	4	886578	0.0000045
all	926	6	886578	0.0000068
all	927	5	886578	0.0000056
all	928	7	886578	0.0000079
all	929	4	886578	0.0000045
all	930	8	886578	0.0000090
all	931	9	886578	0.0000102
all	932	3	886578	0.0000034
all	933	2	886578	0.0000023
all	934	14	886578	0.0000158
all	935	2	886578	0.0000023
all	936	16	886578	0.0000180
all	937	6	886578	0.0000068
all	938	12	886578	0.0000135
all	939	10	886578	0.0000113
all	940	8	886578	0.0000090
all	941	8	886578	0.0000090
all	942	7	886578	0.0000079
all	943	5	886578	0.0000056
all	944	12	886578	0.0000135
all	945	8	886578	0.0000090
all	946	9	886578	0.0000102
all	947	5	886578	0.0000056
all	948	4	886578	0.0000045
all	949	7	886578	0.0000079
all	950	9	886578	0.0000102
all	951	8	886578	0.0000090
all	952	4	886578	0.0000045
all	953	8	886578	0.0000090
all	954	6	886578	0.0000068
all	955	9	886578	0.0000102
all	956	8	886578	0.0000090
all	957	6	886578	0.0000068
all	958	9	886578	0.0000102
all	959	7	886578	0.0000079
all	960	7	886578	0.0000079
all	961	4	886578	0.0000045
all	962	6	886578	0.0000068
all	963	6	886578	0.0000068
all	964	11	886578	0.0000124
all	965	4	886578	0.0000045
all	966	8	886578	0.0000090
all	967	6	886578	0.0000068
all	968	8	886578	0.0000090
all	969	8	886578	0.0000090
all	970	10	886578	0.0000113
all	971	3	886578	0.0000034
all	972	9	886578	0.0000102
all	973	12	886578	0.0000135
all	974	9	886578	0.0000102
all	975	14	886578	0.0000158
all	976	15	886578	0.0000169
all	977	6	886578	0.0000068
all	978	17	886578	0.0000192
all	979	6	886578	0.0000068
all	980	2	886578	0.0000023
all	981	3	886578	0.0000034
all	982	3	886578	0.0000034
all	983	3	886578	0.0000034
all	984	3	886578	0.0000034
all	985	2	886578	0.0000023
all	986	4	886578	0.0000045
all	987	3	886578	0.0000034
all	988	3	886578	0.0000034
all	989	4	886578	0.0000045
all	990	4	886578	0.0000045
all	991	7	886578	0.0000079
all	992	5	886578	0.0000056
all	993	7	886578	0.0000079
all	994	5	886578	0.0000056
all	995	4	886578	0.0000045
all	996	4	886578	0.0000045
all	997	3	886578	0.0000034
all	998	6	886578	0.0000068
all	999	4	886578	0.0000045
all	1000	8	886578	0.0000090
all	1001	4	886578	0.0000045
all	1002	9	886578	0.0000102
all	1003	5	886578	0.0000056
all	1004	5	886578	0.0000056
all	1005	1	886578	0.0000011
all	1006	3	886578	0.0000034
all	1007	6	886578	0.0000068
all	1008	5	886578	0.0000056
all	1009	6	886578	0.0000068
all	1010	5	886578	0.0000056
all	1011	2	886578	0.0000023
all	1012	3	886578	0.0000034
all	1013	3	886578	0.0000034
all	1014	3	886578	0.0000034
all	1015	8	886578	0.0000090
all	1016	5	886578	0.0000056
all	1017	4	886578	0.0000045
all	1018	10	886578	0.0000113
all	1019	7	886578	0.0000079
all	1020	9	886578	0.0000102
all	1021	4	886578	0.0000045
all	1022	8	886578	0.0000090
all	1023	3	886578	0.0000034
all	1024	3	886578	0.0000034
all	1025	9	886578	0.0000102
all	1026	6	886578	0.0000068
all	1027	5	886578	0.0000056
all	1028	8	886578	0.0000090
all	1029	8	886578	0.0000090
all	1030	3	886578	0.0000034
all	1031	5	886578	0.0000056
all	1032	3	886578	0.0000034
all	1033	1	886578	0.0000011
all	1034	6	886578	0.0000068
all	1035	2	886578	0.0000023
all	1036	9	886578	0.0000102
all	1037	2	886578	0.0000023
all	1038	7	886578	0.0000079
all	1039	3	886578	0.0000034
all	1040	4	886578	0.0000045
all	1041	7	886578	0.0000079
all	1042	8	886578	0.0000090
all	1043	7	886578	0.0000079
all	1044	10	886578	0.0000113
all	1045	4	886578	0.0000045
all	1046	5	886578	0.0000056
all	1047	5	886578	0.0000056
all	1048	4	886578	0.0000045
all	1049	3	886578	0.0000034
all	1050	8	886578	0.0000090
all	1051	6	886578	0.0000068
all	1052	5	886578	0.0000056
all	1053	5	886578	0.0000056
all	1054	4	886578	0.0000045
all	1055	9	886578	0.0000102
all	1056	3	886578	0.0000034
all	1057	6	886578	0.0000068
all	1058	5	886578	0.0000056
all	1059	7	886578	0.0000079
all	1060	4	886578	0.0000045
all	1061	2	886578	0.0000023
all	1062	2	886578	0.0000023
all	1063	11	886578	0.0000124
all	1064	4	886578	0.0000045
all	1065	7	886578	0.0000079
all	1066	9	886578	0.0000102
all	1067	2	886578	0.0000023
all	1068	8	886578	0.0000090
all	1069	2	886578	0.0000023
all	1070	3	886578	0.0000034
all	1071	4	886578	0.0000045
all	1072	6	886578	0.0000068
all	1073	3	886578	0.0000034
all	1074	5	886578	0.0000056
all	1075	7	886578	0.0000079
all	1076	5	886578	0.0000056
all	1077	4	886578	0.0000045
all	1078	2	886578	0.0000023
all	1079	3	886578	0.0000034
all	1080	6	886578	0.0000068
all	1081	2	886578	0.0000023
all	1082	6	886578	0.0000068
all	1083	5	886578	0.0000056
all	1084	6	886578	0.0000068
all	1085	1	886578	0.0000011
all	1086	4	886578	0.0000045
all	1087	10	886578	0.0000113
all	1088	2	886578	0.0000023
all	1089	6	886578	0.0000068
all	1090	3	886578	0.0000034
all	1091	3	886578	0.0000034
all	1092	2	886578	0.0000023
all	1093	6	886578	0.0000068
all	1094	6	886578	0.0000068
all	1095	1	886578	0.0000011
all	1096	8	886578	0.0000090
all	1097	1	886578	0.0000011
all	1098	6	886578	0.0000068
all	1099	2	886578	0.0000023
all	1100	4	886578	0.0000045
all	1101	1	886578	0.0000011
all	1102	6	886578	0.0000068
all	1103	2	886578	0.0000023
all	1104	3	886578	0.0000034
all	1105	4	886578	0.0000045
all	1106	5	886578	0.0000056
all	1107	5	886578	0.0000056
all	1108	7	886578	0.0000079
all	1109	3	886578	0.0000034
all	1110	6	886578	0.0000068
all	1111	7	886578	0.0000079
all	1112	6	886578	0.0000068
all	1113	9	886578	0.0000102
all	1114	4	886578	0.0000045
all	1115	1	886578	0.0000011
all	1116	5	886578	0.0000056
all	1117	7	886578	0.0000079
all	1118	5	886578	0.0000056
all	1119	1	886578	0.0000011
all	1120	4	886578	0.0000045
all	1121	2	886578	0.0000023
all	1122	6	886578	0.0000068
all	1123	1	886578	0.0000011
all	1124	2	886578	0.0000023
all	1125	3	886578	0.0000034
all	1126	4	886578	0.0000045
all	1127	4	886578	0.0000045
all	1128	4	886578	0.0000045
all	1129	5	886578	0.0000056
all	1130	4	886578	0.0000045
all	1131	5	886578	0.0000056
all	1132	4	886578	0.0000045
all	1133	8	886578	0.0000090
all	1134	3	886578	0.0000034
all	1135	11	886578	0.0000124
all	1136	4	886578	0.0000045
all	1137	6	886578	0.0000068
all	1138	1	886578	0.0000011
all	1139	4	886578	0.0000045
all	1140	5	886578	0.0000056
all	1141	3	886578	0.0000034
all	1142	1	886578	0.0000011
all	1143	9	886578	0.0000102
all	1144	6	886578	0.0000068
all	1145	6	886578	0.0000068
all	1146	2	886578	0.0000023
all	1147	1	886578	0.0000011
all	1148	3	886578	0.0000034
all	1149	7	886578	0.0000079
all	1150	1	886578	0.0000011
all	1151	8	886578	0.0000090
all	1152	5	886578	0.0000056
all	1153	11	886578	0.0000124
all	1154	3	886578	0.0000034
all	1155	10	886578	0.0000113
all	1156	4	886578	0.0000045
all	1157	5	886578	0.0000056
all	1158	5	886578	0.0000056
all	1159	3	886578	0.0000034
all	1160	3	886578	0.0000034
all	1161	2	886578	0.0000023
all	1162	6	886578	0.0000068
all	1163	6	886578	0.0000068
all	1164	8	886578	0.0000090
all	1165	3	886578	0.0000034
all	1166	3	886578	0.0000034
all	1167	1	886578	0.0000011
all	1168	4	886578	0.0000045
all	1169	10	886578	0.0000113
all	1170	8	886578	0.0000090
all	1171	4	886578	0.0000045
all	1172	5	886578	0.0000056
all	1173	3	886578	0.0000034
all	1175	10	886578	0.0000113
all	1176	3	886578	0.0000034
all	1177	8	886578	0.0000090
all	1178	3	886578	0.0000034
all	1179	3	886578	0.0000034
all	1180	7	886578	0.0000079
all	1181	6	886578	0.0000068
all	1182	7	886578	0.0000079
all	1183	2	886578	0.0000023
all	1184	5	886578	0.0000056
all	1185	4	886578	0.0000045
all	1186	5	886578	0.0000056
all	1187	2	886578	0.0000023
all	1188	6	886578	0.0000068
all	1189	9	886578	0.0000102
all	1190	1	886578	0.0000011
all	1191	7	886578	0.0000079
all	1192	3	886578	0.0000034
all	1193	5	886578	0.0000056
all	1194	5	886578	0.0000056
all	1195	8	886578	0.0000090
all	1196	2	886578	0.0000023
all	1197	5	886578	0.0000056
all	1198	2	886578	0.0000023
all	1199	5	886578	0.0000056
all	1200	6	886578	0.0000068
all	1201	7	886578	0.0000079
all	1202	1	886578	0.0000011
all	1203	10	886578	0.0000113
all	1204	3	886578	0.0000034
all	1205	2	886578	0.0000023
all	1206	5	886578	0.0000056
all	1207	6	886578	0.0000068
all	1208	2	886578	0.0000023
all	1209	4	886578	0.0000045
all	1210	3	886578	0.0000034
all	1211	8	886578	0.0000090
all	1212	5	886578	0.0000056
all	1213	2	886578	0.0000023
all	1214	2	886578	0.0000023
all	1215	10	886578	0.0000113
all	1216	1	886578	0.0000011
all	1217	2	886578	0.0000023
all	1218	5	886578	0.0000056
all	1219	3	886578	0.0000034
all	1220	9	886578	0.0000102
all	1221	4	886578	0.0000045
all	1222	3	886578	0.0000034
all	1223	8	886578	0.0000090
all	1224	5	886578	0.0000056
all	1225	2	886578	0.0000023
all	1226	7	886578	0.0000079
all	1227	11	886578	0.0000124
all	1228	5	886578	0.0000056
all	1229	8	886578	0.0000090
all	1230	6	886578	0.0000068
all	1231	3	886578	0.0000034
all	1232	5	886578	0.0000056
all	1233	2	886578	0.0000023
all	1234	4	886578	0.0000045
all	1235	2	886578	0.0000023
all	1236	5	886578	0.0000056
all	1237	7	886578	0.0000079
all	1238	8	886578	0.0000090
all	1239	1	886578	0.0000011
all	1240	3	886578	0.0000034
all	1241	6	886578	0.0000068
all	1242	3	886578	0.0000034
all	1243	5	886578	0.0000056
all	1244	4	886578	0.0000045
all	1245	8	886578	0.0000090
all	1246	6	886578	0.0000068
all	1247	4	886578	0.0000045
all	1248	2	886578	0.0000023
all	1249	4	886578	0.0000045
all	1250	8	886578	0.0000090
all	1251	3	886578	0.0000034
all	1252	3	886578	0.0000034
all	1253	5	886578	0.0000056
all	1254	5	886578	0.0000056
all	1255	7	886578	0.0000079
all	1256	1	886578	0.0000011
all	1257	8	886578	0.0000090
all	1258	7	886578	0.0000079
all	1259	7	886578	0.0000079
all	1260	8	886578	0.0000090
all	1261	7	886578	0.0000079
all	1262	7	886578	0.0000079
all	1263	3	886578	0.0000034
all	1264	3	886578	0.0000034
all	1265	4	886578	0.0000045
all	1266	3	886578	0.0000034
all	1267	6	886578	0.0000068
all	1268	5	886578	0.0000056
all	1269	7	886578	0.0000079
all	1270	7	886578	0.0000079
all	1271	7	886578	0.0000079
all	1272	1	886578	0.0000011
all	1273	1	886578	0.0000011
all	1274	5	886578	0.0000056
all	1275	5	886578	0.0000056
all	1276	6	886578	0.0000068
all	1277	3	886578	0.0000034
all	1278	5	886578	0.0000056
all	1279	3	886578	0.0000034
all	1280	4	886578	0.0000045
all	1281	8	886578	0.0000090
all	1282	2	886578	0.0000023
all	1283	2	886578	0.0000023
all	1284	4	886578	0.0000045
all	1285	3	886578	0.0000034
all	1286	7	886578	0.0000079
all	1287	1	886578	0.0000011
all	1288	2	886578	0.0000023
all	1289	1	886578	0.0000011
all	1290	2	886578	0.0000023
all	1291	5	886578	0.0000056
all	1292	2	886578	0.0000023
all	1293	1	886578	0.0000011
all	1294	2	886578	0.0000023
all	1295	4	886578	0.0000045
all	1296	2	886578	0.0000023
all	1297	3	886578	0.0000034
all	1298	7	886578	0.0000079
all	1299	5	886578	0.0000056
all	1300	2	886578	0.0000023
all	1301	3	886578	0.0000034
all	1302	5	886578	0.0000056
all	1303	1	886578	0.0000011
all	1304	2	886578	0.0000023
all	1305	3	886578	0.0000034
all	1306	4	886578	0.0000045
all	1307	1	886578	0.0000011
all	1308	3	886578	0.0000034
all	1310	1	886578	0.0000011
all	1311	2	886578	0.0000023
all	1312	3	886578	0.0000034
all	1313	6	886578	0.0000068
all	1314	4	886578	0.0000045
all	1315	3	886578	0.0000034
all	1316	3	886578	0.0000034
all	1317	3	886578	0.0000034
all	1318	4	886578	0.0000045
all	1319	3	886578	0.0000034
all	1320	3	886578	0.0000034
all	1321	4	886578	0.0000045
all	1322	5	886578	0.0000056
all	1323	2	886578	0.0000023
all	1324	4	886578	0.0000045
all	1325	6	886578	0.0000068
all	1326	1	886578	0.0000011
all	1327	3	886578	0.0000034
all	1328	5	886578	0.0000056
all	1329	1	886578	0.0000011
all	1330	1	886578	0.0000011
all	1331	5	886578	0.0000056
all	1332	2	886578	0.0000023
all	1333	3	886578	0.0000034
all	1334	6	886578	0.0000068
all	1335	4	886578	0.0000045
all	1336	4	886578	0.0000045
all	1337	10	886578	0.0000113
all	1338	5	886578	0.0000056
all	1339	12	886578	0.0000135
all	1340	6	886578	0.0000068
all	1341	4	886578	0.0000045
all	1342	3	886578	0.0000034
all	1343	3	886578	0.0000034
all	1344	3	886578	0.0000034
all	1345	3	886578	0.0000034
all	1346	3	886578	0.0000034
all	1347	5	886578	0.0000056
all	1348	1	886578	0.0000011
all	1349	3	886578	0.0000034
all	1350	1	886578	0.0000011
all	1351	3	886578	0.0000034
all	1352	5	886578	0.0000056
all	1353	3	886578	0.0000034
all	1354	3	886578	0.0000034
all	1355	1	886578	0.0000011
all	1356	3	886578	0.0000034
all	1357	8	886578	0.0000090
all	1358	1	886578	0.0000011
all	1359	4	886578	0.0000045
all	1360	1	886578	0.0000011
all	1361	5	886578	0.0000056
all	1362	5	886578	0.0000056
all	1363	3	886578	0.0000034
all	1364	4	886578	0.0000045
all	1365	2	886578	0.0000023
all	1366	4	886578	0.0000045
all	1367	3	886578	0.0000034
all	1368	5	886578	0.0000056
all	1369	2	886578	0.0000023
all	1370	6	886578	0.0000068
all	1371	1	886578	0.0000011
all	1372	4	886578	0.0000045
all	1374	3	886578	0.0000034
all	1375	1	886578	0.0000011
all	1376	8	886578	0.0000090
all	1377	2	886578	0.0000023
all	1378	4	886578	0.0000045
all	1379	1	886578	0.0000011
all	1380	4	886578	0.0000045
all	1381	2	886578	0.0000023
all	1382	4	886578	0.0000045
all	1383	5	886578	0.0000056
all	1384	5	886578	0.0000056
all	1385	3	886578	0.0000034
all	1386	3	886578	0.0000034
all	1387	4	886578	0.0000045
all	1388	2	886578	0.0000023
all	1389	5	886578	0.0000056
all	1390	6	886578	0.0000068
all	1391	2	886578	0.0000023
all	1392	6	886578	0.0000068
all	1393	3	886578	0.0000034
all	1394	1	886578	0.0000011
all	1395	3	886578	0.0000034
all	1396	3	886578	0.0000034
all	1397	3	886578	0.0000034
all	1398	6	886578	0.0000068
all	1399	4	886578	0.0000045
all	1400	1	886578	0.0000011
all	1401	6	886578	0.0000068
all	1402	3	886578	0.0000034
all	1403	7	886578	0.0000079
all	1404	5	886578	0.0000056
all	1405	5	886578	0.0000056
all	1406	5	886578	0.0000056
all	1407	5	886578	0.0000056
all	1408	4	886578	0.0000045
all	1410	1	886578	0.0000011
all	1411	2	886578	0.0000023
all	1412	5	886578	0.0000056
all	1413	2	886578	0.0000023
all	1414	1	886578	0.0000011
all	1415	5	886578	0.0000056
all	1416	3	886578	0.0000034
all	1417	3	886578	0.0000034
all	1419	3	886578	0.0000034
all	1420	4	886578	0.0000045
all	1421	4	886578	0.0000045
all	1422	1	886578	0.0000011
all	1423	5	886578	0.0000056
all	1424	5	886578	0.0000056
all	1425	3	886578	0.0000034
all	1426	5	886578	0.0000056
all	1427	2	886578	0.0000023
all	1428	4	886578	0.0000045
all	1429	2	886578	0.0000023
all	1430	5	886578	0.0000056
all	1431	3	886578	0.0000034
all	1432	2	886578	0.0000023
all	1433	5	886578	0.0000056
all	1435	4	886578	0.0000045
all	1436	5	886578	0.0000056
all	1437	3	886578	0.0000034
all	1438	4	886578	0.0000045
all	1439	3	886578	0.0000034
all	1440	2	886578	0.0000023
all	1441	3	886578	0.0000034
all	1442	2	886578	0.0000023
all	1443	7	886578	0.0000079
all	1444	2	886578	0.0000023
all	1445	1	886578	0.0000011
all	1446	3	886578	0.0000034
all	1447	2	886578	0.0000023
all	1448	2	886578	0.0000023
all	1449	5	886578	0.0000056
all	1451	4	886578	0.0000045
all	1452	4	886578	0.0000045
all	1453	4	886578	0.0000045
all	1454	8	886578	0.0000090
all	1455	5	886578	0.0000056
all	1456	1	886578	0.0000011
all	1457	4	886578	0.0000045
all	1458	2	886578	0.0000023
all	1459	3	886578	0.0000034
all	1460	5	886578	0.0000056
all	1461	2	886578	0.0000023
all	1462	3	886578	0.0000034
all	1463	5	886578	0.0000056
all	1464	6	886578	0.0000068
all	1465	4	886578	0.0000045
all	1466	3	886578	0.0000034
all	1467	3	886578	0.0000034
all	1468	2	886578	0.0000023
all	1469	2	886578	0.0000023
all	1470	1	886578	0.0000011
all	1471	5	886578	0.0000056
all	1472	4	886578	0.0000045
all	1473	5	886578	0.0000056
all	1474	5	886578	0.0000056
all	1475	8	886578	0.0000090
all	1476	2	886578	0.0000023
all	1477	4	886578	0.0000045
all	1478	4	886578	0.0000045
all	1479	2	886578	0.0000023
all	1480	4	886578	0.0000045
all	1481	3	886578	0.0000034
all	1482	5	886578	0.0000056
all	1483	6	886578	0.0000068
all	1484	6	886578	0.0000068
all	1485	9	886578	0.0000102
all	1486	7	886578	0.0000079
all	1487	2	886578	0.0000023
all	1488	6	886578	0.0000068
all	1489	7	886578	0.0000079
all	1490	1	886578	0.0000011
all	1491	4	886578	0.0000045
all	1492	3	886578	0.0000034
all	1493	7	886578	0.0000079
all	1494	3	886578	0.0000034
all	1495	1	886578	0.0000011
all	1496	3	886578	0.0000034
all	1497	7	886578	0.0000079
all	1498	4	886578	0.0000045
all	1499	1	886578	0.0000011
all	1500	6	886578	0.0000068
all	1501	3	886578	0.0000034
all	1502	4	886578	0.0000045
all	1503	1	886578	0.0000011
all	1504	7	886578	0.0000079
all	1505	2	886578	0.0000023
all	1507	2	886578	0.0000023
all	1508	6	886578	0.0000068
all	1509	7	886578	0.0000079
all	1510	3	886578	0.0000034
all	1511	6	886578	0.0000068
all	1512	2	886578	0.0000023
all	1513	3	886578	0.0000034
all	1514	3	886578	0.0000034
all	1515	2	886578	0.0000023
all	1516	5	886578	0.0000056
all	1518	4	886578	0.0000045
all	1519	2	886578	0.0000023
all	1520	2	886578	0.0000023
all	1521	2	886578	0.0000023
all	1522	5	886578	0.0000056
all	1523	4	886578	0.0000045
all	1524	2	886578	0.0000023
all	1525	1	886578	0.0000011
all	1526	4	886578	0.0000045
all	1527	2	886578	0.0000023
all	1528	6	886578	0.0000068
all	1529	5	886578	0.0000056
all	1530	2	886578	0.0000023
all	1531	4	886578	0.0000045
all	1532	2	886578	0.0000023
all	1533	4	886578	0.0000045
all	1534	4	886578	0.0000045
all	1535	2	886578	0.0000023
all	1536	2	886578	0.0000023
all	1537	6	886578	0.0000068
all	1538	4	886578	0.0000045
all	1539	2	886578	0.0000023
all	1540	6	886578	0.0000068
all	1541	3	886578	0.0000034
all	1542	8	886578	0.0000090
all	1543	6	886578	0.0000068
all	1544	8	886578	0.0000090
all	1545	4	886578	0.0000045
all	1546	7	886578	0.0000079
all	1547	8	886578	0.0000090
all	1548	16	886578	0.0000180
all	1549	4	886578	0.0000045
all	1550	4	886578	0.0000045
all	1551	4	886578	0.0000045
all	1552	3	886578	0.0000034
all	1553	1	886578	0.0000011
all	1554	5	886578	0.0000056
all	1555	2	886578	0.0000023
all	1556	3	886578	0.0000034
all	1557	3	886578	0.0000034
all	1558	4	886578	0.0000045
all	1559	5	886578	0.0000056
all	1560	4	886578	0.0000045
all	1561	5	886578	0.0000056
all	1562	3	886578	0.0000034
all	1563	2	886578	0.0000023
all	1564	3	886578	0.0000034
all	1565	2	886578	0.0000023
all	1566	1	886578	0.0000011
all	1567	5	886578	0.0000056
all	1568	8	886578	0.0000090
all	1569	1	886578	0.0000011
all	1570	4	886578	0.0000045
all	1571	3	886578	0.0000034
all	1573	5	886578	0.0000056
all	1574	7	886578	0.0000079
all	1575	5	886578	0.0000056
all	1576	4	886578	0.0000045
all	1577	5	886578	0.0000056
all	1578	2	886578	0.0000023
all	1579	4	886578	0.0000045
all	1580	2	886578	0.0000023
all	1581	5	886578	0.0000056
all	1582	4	886578	0.0000045
all	1583	3	886578	0.0000034
all	1584	1	886578	0.0000011
all	1585	3	886578	0.0000034
all	1586	8	886578	0.0000090
all	1587	4	886578	0.0000045
all	1588	7	886578	0.0000079
all	1589	2	886578	0.0000023
all	1590	5	886578	0.0000056
all	1591	3	886578	0.0000034
all	1592	3	886578	0.0000034
all	1593	7	886578	0.0000079
all	1594	4	886578	0.0000045
all	1595	3	886578	0.0000034
all	1596	4	886578	0.0000045
all	1597	3	886578	0.0000034
all	1598	2	886578	0.0000023
all	1599	3	886578	0.0000034
all	1600	3	886578	0.0000034
all	1601	3	886578	0.0000034
all	1602	3	886578	0.0000034
all	1603	1	886578	0.0000011
all	1604	1	886578	0.0000011
all	1605	7	886578	0.0000079
all	1606	4	886578	0.0000045
all	1607	7	886578	0.0000079
all	1608	2	886578	0.0000023
all	1609	7	886578	0.0000079
all	1610	4	886578	0.0000045
all	1611	3	886578	0.0000034
all	1612	2	886578	0.0000023
all	1613	7	886578	0.0000079
all	1614	5	886578	0.0000056
all	1615	3	886578	0.0000034
all	1616	2	886578	0.0000023
all	1617	6	886578	0.0000068
all	1618	7	886578	0.0000079
all	1619	10	886578	0.0000113
all	1620	7	886578	0.0000079
all	1621	7	886578	0.0000079
all	1622	3	886578	0.0000034
all	1623	7	886578	0.0000079
all	1624	3	886578	0.0000034
all	1625	4	886578	0.0000045
all	1626	2	886578	0.0000023
all	1627	4	886578	0.0000045
all	1628	5	886578	0.0000056
all	1629	8	886578	0.0000090
all	1630	3	886578	0.0000034
all	1631	7	886578	0.0000079
all	1632	4	886578	0.0000045
all	1633	2	886578	0.0000023
all	1634	6	886578	0.0000068
all	1635	1	886578	0.0000011
all	1636	3	886578	0.0000034
all	1637	5	886578	0.0000056
all	1638	3	886578	0.0000034
all	1639	2	886578	0.0000023
all	1640	6	886578	0.0000068
all	1641	3	886578	0.0000034
all	1642	7	886578	0.0000079
all	1643	2	886578	0.0000023
all	1644	2	886578	0.0000023
all	1645	5	886578	0.0000056
all	1646	7	886578	0.0000079
all	1647	2	886578	0.0000023
all	1648	2	886578	0.0000023
all	1649	3	886578	0.0000034
all	1650	7	886578	0.0000079
all	1651	6	886578	0.0000068
all	1652	2	886578	0.0000023
all	1653	2	886578	0.0000023
all	1654	2	886578	0.0000023
all	1655	5	886578	0.0000056
all	1656	8	886578	0.0000090
all	1657	3	886578	0.0000034
all	1658	4	886578	0.0000045
all	1659	3	886578	0.0000034
all	1660	3	886578	0.0000034
all	1661	3	886578	0.0000034
all	1662	1	886578	0.0000011
all	1663	5	886578	0.0000056
all	1664	4	886578	0.0000045
all	1665	5	886578	0.0000056
all	1666	2	886578	0.0000023
all	1667	3	886578	0.0000034
all	1668	10	886578	0.0000113
all	1669	6	886578	0.0000068
all	1670	4	886578	0.0000045
all	1671	5	886578	0.0000056
all	1672	4	886578	0.0000045
all	1673	10	886578	0.0000113
all	1674	7	886578	0.0000079
all	1675	6	886578	0.0000068
all	1676	8	886578	0.0000090
all	1677	6	886578	0.0000068
all	1678	3	886578	0.0000034
all	1679	14	886578	0.0000158
all	1680	5	886578	0.0000056
all	1681	2	886578	0.0000023
all	1682	3	886578	0.0000034
all	1683	4	886578	0.0000045
all	1684	3	886578	0.0000034
all	1685	3	886578	0.0000034
all	1686	3	886578	0.0000034
all	1687	4	886578	0.0000045
all	1688	1	886578	0.0000011
all	1689	1	886578	0.0000011
all	1690	3	886578	0.0000034
all	1691	4	886578	0.0000045
all	1692	1	886578	0.0000011
all	1693	5	886578	0.0000056
all	1694	3	886578	0.0000034
all	1695	3	886578	0.0000034
all	1696	4	886578	0.0000045
all	1697	5	886578	0.0000056
all	1698	3	886578	0.0000034
all	1699	4	886578	0.0000045
all	1700	4	886578	0.0000045
all	1701	3	886578	0.0000034
all	1702	9	886578	0.0000102
all	1703	1	886578	0.0000011
all	1704	5	886578	0.0000056
all	1705	4	886578	0.0000045
all	1706	2	886578	0.0000023
all	1707	4	886578	0.0000045
all	1708	1	886578	0.0000011
all	1709	2	886578	0.0000023
all	1710	3	886578	0.0000034
all	1711	2	886578	0.0000023
all	1712	3	886578	0.0000034
all	1713	3	886578	0.0000034
all	1715	3	886578	0.0000034
all	1716	5	886578	0.0000056
all	1717	1	886578	0.0000011
all	1718	1	886578	0.0000011
all	1719	5	886578	0.0000056
all	1720	3	886578	0.0000034
all	1721	6	886578	0.0000068
all	1724	1	886578	0.0000011
all	1725	4	886578	0.0000045
all	1726	3	886578	0.0000034
all	1727	1	886578	0.0000011
all	1729	1	886578	0.0000011
all	1730	3	886578	0.0000034
all	1731	3	886578	0.0000034
all	1732	3	886578	0.0000034
all	1733	3	886578	0.0000034
all	1734	6	886578	0.0000068
all	1735	5	886578	0.0000056
all	1736	3	886578	0.0000034
all	1737	3	886578	0.0000034
all	1738	3	886578	0.0000034
all	1739	2	886578	0.0000023
all	1740	2	886578	0.0000023
all	1741	4	886578	0.0000045
all	1742	2	886578	0.0000023
all	1743	4	886578	0.0000045
all	1744	2	886578	0.0000023
all	1745	7	886578	0.0000079
all	1746	1	886578	0.0000011
all	1747	2	886578	0.0000023
all	1748	4	886578	0.0000045
all	1749	2	886578	0.0000023
all	1750	1	886578	0.0000011
all	1751	1	886578	0.0000011
all	1752	5	886578	0.0000056
all	1753	8	886578	0.0000090
all	1754	6	886578	0.0000068
all	1755	2	886578	0.0000023
all	1756	4	886578	0.0000045
all	1757	4	886578	0.0000045
all	1758	1	886578	0.0000011
all	1759	3	886578	0.0000034
all	1760	3	886578	0.0000034
all	1761	5	886578	0.0000056
all	1762	7	886578	0.0000079
all	1763	3	886578	0.0000034
all	1764	3	886578	0.0000034
all	1765	4	886578	0.0000045
all	1766	3	886578	0.0000034
all	1767	8	886578	0.0000090
all	1768	3	886578	0.0000034
all	1769	10	886578	0.0000113
all	1770	4	886578	0.0000045
all	1771	2	886578	0.0000023
all	1772	4	886578	0.0000045
all	1773	4	886578	0.0000045
all	1774	4	886578	0.0000045
all	1775	3	886578	0.0000034
all	1776	5	886578	0.0000056
all	1777	5	886578	0.0000056
all	1778	1	886578	0.0000011
all	1779	6	886578	0.0000068
all	1780	1	886578	0.0000011
all	1781	2	886578	0.0000023
all	1782	3	886578	0.0000034
all	1783	4	886578	0.0000045
all	1784	1	886578	0.0000011
all	1785	6	886578	0.0000068
all	1786	4	886578	0.0000045
all	1787	4	886578	0.0000045
all	1788	3	886578	0.0000034
all	1789	2	886578	0.0000023
all	1790	3	886578	0.0000034
all	1791	3	886578	0.0000034
all	1792	2	886578	0.0000023
all	1793	4	886578	0.0000045
all	1794	1	886578	0.0000011
all	1795	3	886578	0.0000034
all	1796	2	886578	0.0000023
all	1797	3	886578	0.0000034
all	1798	4	886578	0.0000045
all	1799	8	886578	0.0000090
all	1800	1	886578	0.0000011
all	1801	2	886578	0.0000023
all	1802	2	886578	0.0000023
all	1804	3	886578	0.0000034
all	1805	4	886578	0.0000045
all	1806	2	886578	0.0000023
all	1807	1	886578	0.0000011
all	1808	3	886578	0.0000034
all	1809	3	886578	0.0000034
all	1810	4	886578	0.0000045
all	1811	3	886578	0.0000034
all	1812	2	886578	0.0000023
all	1813	6	886578	0.0000068
all	1815	2	886578	0.0000023
all	1816	1	886578	0.0000011
all	1817	4	886578	0.0000045
all	1818	3	886578	0.0000034
all	1819	2	886578	0.0000023
all	1821	4	886578	0.0000045
all	1822	2	886578	0.0000023
all	1823	2	886578	0.0000023
all	1824	4	886578	0.0000045
all	1825	3	886578	0.0000034
all	1826	6	886578	0.0000068
all	1827	3	886578	0.0000034
all	1828	3	886578	0.0000034
all	1829	3	886578	0.0000034
all	1830	4	886578	0.0000045
all	1831	2	886578	0.0000023
all	1832	3	886578	0.0000034
all	1833	1	886578	0.0000011
all	1834	4	886578	0.0000045
all	1835	2	886578	0.0000023
all	1836	1	886578	0.0000011
all	1837	6	886578	0.0000068
all	1838	2	886578	0.0000023
all	1839	4	886578	0.0000045
all	1840	1	886578	0.0000011
all	1841	3	886578	0.0000034
all	1842	3	886578	0.0000034
all	1843	3	886578	0.0000034
all	1844	6	886578	0.0000068
all	1845	5	886578	0.0000056
all	1846	3	886578	0.0000034
all	1847	2	886578	0.0000023
all	1848	1	886578	0.0000011
all	1850	6	886578	0.0000068
all	1851	3	886578	0.0000034
all	1852	4	886578	0.0000045
all	1853	2	886578	0.0000023
all	1854	4	886578	0.0000045
all	1855	6	886578	0.0000068
all	1856	2	886578	0.0000023
all	1857	2	886578	0.0000023
all	1858	2	886578	0.0000023
all	1859	3	886578	0.0000034
all	1860	3	886578	0.0000034
all	1861	3	886578	0.0000034
all	1862	2	886578	0.0000023
all	1863	2	886578	0.0000023
all	1864	2	886578	0.0000023
all	1865	1	886578	0.0000011
all	1866	4	886578	0.0000045
all	1867	3	886578	0.0000034
all	1868	2	886578	0.0000023
all	1869	3	886578	0.0000034
all	1870	1	886578	0.0000011
all	1871	8	886578	0.0000090
all	1872	7	886578	0.0000079
all	1873	5	886578	0.0000056
all	1874	4	886578	0.0000045
all	1875	6	886578	0.0000068
all	1876	2	886578	0.0000023
all	1877	6	886578	0.0000068
all	1878	6	886578	0.0000068
all	1879	11	886578	0.0000124
all	1880	5	886578	0.0000056
all	1881	5	886578	0.0000056
all	1882	12	886578	0.0000135
all	1883	7	886578	0.0000079
all	1884	11	886578	0.0000124
all	1885	6	886578	0.0000068
all	1886	2	886578	0.0000023
all	1887	3	886578	0.0000034
all	1888	3	886578	0.0000034
all	1889	4	886578	0.0000045
all	1890	3	886578	0.0000034
all	1891	2	886578	0.0000023
all	1892	2	886578	0.0000023
all	1894	2	886578	0.0000023
all	1895	1	886578	0.0000011
all	1896	1	886578	0.0000011
all	1897	4	886578	0.0000045
all	1898	2	886578	0.0000023
all	1899	2	886578	0.0000023
all	1900	3	886578	0.0000034
all	1901	3	886578	0.0000034
all	1902	1	886578	0.0000011
all	1903	2	886578	0.0000023
all	1904	2	886578	0.0000023
all	1905	2	886578	0.0000023
all	1906	5	886578	0.0000056
all	1907	3	886578	0.0000034
all	1908	1	886578	0.0000011
all	1909	5	886578	0.0000056
all	1910	1	886578	0.0000011
all	1911	1	886578	0.0000011
all	1912	2	886578	0.0000023
all	1913	3	886578	0.0000034
all	1914	5	886578	0.0000056
all	1915	9	886578	0.0000102
all	1916	1	886578	0.0000011
all	1918	3	886578	0.0000034
all	1919	4	886578	0.0000045
all	1921	1	886578	0.0000011
all	1922	1	886578	0.0000011
all	1923	2	886578	0.0000023
all	1924	2	886578	0.0000023
all	1925	2	886578	0.0000023
all	1926	1	886578	0.0000011
all	1928	2	886578	0.0000023
all	1929	1	886578	0.0000011
all	1930	2	886578	0.0000023
all	1931	3	886578	0.0000034
all	1932	2	886578	0.0000023
all	1933	7	886578	0.0000079
all	1934	1	886578	0.0000011
all	1935	2	886578	0.0000023
all	1936	1	886578	0.0000011
all	1937	7	886578	0.0000079
all	1939	5	886578	0.0000056
all	1940	3	886578	0.0000034
all	1941	1	886578	0.0000011
all	1942	2	886578	0.0000023
all	1943	2	886578	0.0000023
all	1944	4	886578	0.0000045
all	1945	3	886578	0.0000034
all	1946	5	886578	0.0000056
all	1947	3	886578	0.0000034
all	1948	4	886578	0.0000045
all	1949	2	886578	0.0000023
all	1950	3	886578	0.0000034
all	1951	2	886578	0.0000023
all	1952	2	886578	0.0000023
all	1953	1	886578	0.0000011
all	1954	6	886578	0.0000068
all	1955	2	886578	0.0000023
all	1956	2	886578	0.0000023
all	1957	1	886578	0.0000011
all	1958	4	886578	0.0000045
all	1959	3	886578	0.0000034
all	1960	3	886578	0.0000034
all	1962	3	886578	0.0000034
all	1963	3	886578	0.0000034
all	1964	5	886578	0.0000056
all	1965	2	886578	0.0000023
all	1966	5	886578	0.0000056
all	1967	4	886578	0.0000045
all	1968	1	886578	0.0000011
all	1969	4	886578	0.0000045
all	1970	7	886578	0.0000079
all	1971	2	886578	0.0000023
all	1972	1	886578	0.0000011
all	1973	4	886578	0.0000045
all	1974	5	886578	0.0000056
all	1975	1	886578	0.0000011
all	1976	2	886578	0.0000023
all	1977	1	886578	0.0000011
all	1978	7	886578	0.0000079
all	1979	2	886578	0.0000023
all	1980	6	886578	0.0000068
all	1981	2	886578	0.0000023
all	1982	3	886578	0.0000034
all	1983	1	886578	0.0000011
all	1984	7	886578	0.0000079
all	1985	1	886578	0.0000011
all	1986	4	886578	0.0000045
all	1987	2	886578	0.0000023
all	1988	3	886578	0.0000034
all	1990	2	886578	0.0000023
all	1991	3	886578	0.0000034
all	1994	1	886578	0.0000011
all	1995	3	886578	0.0000034
all	1996	5	886578	0.0000056
all	1997	5	886578	0.0000056
all	1998	1	886578	0.0000011
all	1999	2	886578	0.0000023
all	2000	2	886578	0.0000023
all	2001	3	886578	0.0000034
all	2002	5	886578	0.0000056
all	2003	1	886578	0.0000011
all	2005	3	886578	0.0000034
all	2006	3	886578	0.0000034
all	2008	4	886578	0.0000045
all	2009	2	886578	0.0000023
all	2010	2	886578	0.0000023
all	2011	4	886578	0.0000045
all	2012	2	886578	0.0000023
all	2013	1	886578	0.0000011
all	2014	5	886578	0.0000056
all	2015	2	886578	0.0000023
all	2016	2	886578	0.0000023
all	2017	5	886578	0.0000056
all	2018	2	886578	0.0000023
all	2019	1	886578	0.0000011
all	2020	4	886578	0.0000045
all	2021	5	886578	0.0000056
all	2022	1	886578	0.0000011
all	2023	2	886578	0.0000023
all	2024	2	886578	0.0000023
all	2025	2	886578	0.0000023
all	2026	3	886578	0.0000034
all	2027	1	886578	0.0000011
all	2028	7	886578	0.0000079
all	2029	3	886578	0.0000034
all	2030	4	886578	0.0000045
all	2031	3	886578	0.0000034
all	2032	1	886578	0.0000011
all	2033	2	886578	0.0000023
all	2034	3	886578	0.0000034
all	2035	7	886578	0.0000079
all	2036	3	886578	0.0000034
all	2037	2	886578	0.0000023
all	2038	4	886578	0.0000045
all	2039	4	886578	0.0000045
all	2040	3	886578	0.0000034
all	2041	3	886578	0.0000034
all	2042	5	886578	0.0000056
all	2043	1	886578	0.0000011
all	2044	1	886578	0.0000011
all	2045	5	886578	0.0000056
all	2046	3	886578	0.0000034
all	2047	2	886578	0.0000023
all	2048	4	886578	0.0000045
all	2049	3	886578	0.0000034
all	2050	3	886578	0.0000034
all	2051	4	886578	0.0000045
all	2052	1	886578	0.0000011
all	2053	5	886578	0.0000056
all	2054	1	886578	0.0000011
all	2055	5	886578	0.0000056
all	2056	4	886578	0.0000045
all	2057	3	886578	0.0000034
all	2058	3	886578	0.0000034
all	2059	2	886578	0.0000023
all	2061	6	886578	0.0000068
all	2062	6	886578	0.0000068
all	2063	3	886578	0.0000034
all	2064	3	886578	0.0000034
all	2065	3	886578	0.0000034
all	2066	3	886578	0.0000034
all	2067	3	886578	0.0000034
all	2068	2	886578	0.0000023
all	2069	6	886578	0.0000068
all	2070	3	886578	0.0000034
all	2071	5	886578	0.0000056
all	2072	3	886578	0.0000034
all	2073	1	886578	0.0000011
all	2074	5	886578	0.0000056
all	2075	1	886578	0.0000011
all	2076	5	886578	0.0000056
all	2077	1	886578	0.0000011
all	2078	2	886578	0.0000023
all	2079	5	886578	0.0000056
all	2080	3	886578	0.0000034
all	2081	3	886578	0.0000034
all	2082	3	886578	0.0000034
all	2083	1	886578	0.0000011
all	2084	4	886578	0.0000045
all	2085	6	886578	0.0000068
all	2086	3	886578	0.0000034
all	2087	2	886578	0.0000023
all	2088	4	886578	0.0000045
all	2089	6	886578	0.0000068
all	2090	5	886578	0.0000056
all	2091	3	886578	0.0000034
all	2092	3	886578	0.0000034
all	2093	3	886578	0.0000034
all	2094	1	886578	0.0000011
all	2095	4	886578	0.0000045
all	2096	2	886578	0.0000023
all	2097	2	886578	0.0000023
all	2098	4	886578	0.0000045
all	2099	1	886578	0.0000011
all	2100	4	886578	0.0000045
all	2101	8	886578	0.0000090
all	2102	5	886578	0.0000056
all	2103	2	886578	0.0000023
all	2104	5	886578	0.0000056
all	2105	9	886578	0.0000102
all	2106	3	886578	0.0000034
all	2107	7	886578	0.0000079
all	2108	9	886578	0.0000102
all	2109	4	886578	0.0000045
all	2110	5	886578	0.0000056
all	2111	4	886578	0.0000045
all	2112	5	886578	0.0000056
all	2113	2	886578	0.0000023
all	2114	1	886578	0.0000011
all	2115	3	886578	0.0000034
all	2116	3	886578	0.0000034
all	2117	4	886578	0.0000045
all	2118	5	886578	0.0000056
all	2119	3	886578	0.0000034
all	2120	2	886578	0.0000023
all	2121	4	886578	0.0000045
all	2122	3	886578	0.0000034
all	2123	10	886578	0.0000113
all	2124	1	886578	0.0000011
all	2125	10	886578	0.0000113
all	2126	12	886578	0.0000135
all	2127	7	886578	0.0000079
all	2128	9	886578	0.0000102
all	2129	10	886578	0.0000113
all	2130	3	886578	0.0000034
all	2131	2	886578	0.0000023
all	2132	2	886578	0.0000023
all	2133	4	886578	0.0000045
all	2134	2	886578	0.0000023
all	2135	2	886578	0.0000023
all	2136	6	886578	0.0000068
all	2137	1	886578	0.0000011
all	2138	2	886578	0.0000023
all	2139	2	886578	0.0000023
all	2140	3	886578	0.0000034
all	2141	2	886578	0.0000023
all	2142	3	886578	0.0000034
all	2143	3	886578	0.0000034
all	2144	3	886578	0.0000034
all	2145	8	886578	0.0000090
all	2146	5	886578	0.0000056
all	2147	3	886578	0.0000034
all	2148	5	886578	0.0000056
all	2149	3	886578	0.0000034
all	2150	6	886578	0.0000068
all	2151	3	886578	0.0000034
all	2152	4	886578	0.0000045
all	2153	5	886578	0.0000056
all	2154	3	886578	0.0000034
all	2155	1	886578	0.0000011
all	2156	4	886578	0.0000045
all	2157	1	886578	0.0000011
all	2158	3	886578	0.0000034
all	2159	1	886578	0.0000011
all	2160	5	886578	0.0000056
all	2161	5	886578	0.0000056
all	2162	6	886578	0.0000068
all	2163	2	886578	0.0000023
all	2164	6	886578	0.0000068
all	2165	3	886578	0.0000034
all	2166	6	886578	0.0000068
all	2167	3	886578	0.0000034
all	2169	4	886578	0.0000045
all	2170	4	886578	0.0000045
all	2171	3	886578	0.0000034
all	2172	4	886578	0.0000045
all	2173	3	886578	0.0000034
all	2174	2	886578	0.0000023
all	2175	5	886578	0.0000056
all	2176	7	886578	0.0000079
all	2177	7	886578	0.0000079
all	2178	3	886578	0.0000034
all	2179	3	886578	0.0000034
all	2180	3	886578	0.0000034
all	2181	3	886578	0.0000034
all	2182	2	886578	0.0000023
all	2183	1	886578	0.0000011
all	2184	2	886578	0.0000023
all	2185	2	886578	0.0000023
all	2186	9	886578	0.0000102
all	2187	6	886578	0.0000068
all	2188	3	886578	0.0000034
all	2189	5	886578	0.0000056
all	2190	6	886578	0.0000068
all	2191	2	886578	0.0000023
all	2192	7	886578	0.0000079
all	2193	4	886578	0.0000045
all	2194	4	886578	0.0000045
all	2195	3	886578	0.0000034
all	2196	4	886578	0.0000045
all	2197	5	886578	0.0000056
all	2198	2	886578	0.0000023
all	2199	3	886578	0.0000034
all	2201	9	886578	0.0000102
all	2202	3	886578	0.0000034
all	2203	4	886578	0.0000045
all	2204	6	886578	0.0000068
all	2205	3	886578	0.0000034
all	2206	4	886578	0.0000045
all	2207	1	886578	0.0000011
all	2208	5	886578	0.0000056
all	2209	2	886578	0.0000023
all	2210	1	886578	0.0000011
all	2211	1	886578	0.0000011
all	2212	4	886578	0.0000045
all	2213	5	886578	0.0000056
all	2214	4	886578	0.0000045
all	2215	9	886578	0.0000102
all	2216	5	886578	0.0000056
all	2217	2	886578	0.0000023
all	2218	3	886578	0.0000034
all	2219	3	886578	0.0000034
all	2220	5	886578	0.0000056
all	2221	3	886578	0.0000034
all	2222	3	886578	0.0000034
all	2223	3	886578	0.0000034
all	2225	3	886578	0.0000034
all	2226	4	886578	0.0000045
all	2228	5	886578	0.0000056
all	2229	2	886578	0.0000023
all	2230	2	886578	0.0000023
all	2231	4	886578	0.0000045
all	2232	2	886578	0.0000023
all	2233	1	886578	0.0000011
all	2234	3	886578	0.0000034
all	2235	2	886578	0.0000023
all	2236	4	886578	0.0000045
all	2237	1	886578	0.0000011
all	2238	1	886578	0.0000011
all	2239	3	886578	0.0000034
all	2240	4	886578	0.0000045
all	2242	4	886578	0.0000045
all	2243	4	886578	0.0000045
all	2244	3	886578	0.0000034
all	2245	2	886578	0.0000023
all	2246	2	886578	0.0000023
all	2247	1	886578	0.0000011
all	2248	3	886578	0.0000034
all	2249	2	886578	0.0000023
all	2250	3	886578	0.0000034
all	2251	7	886578	0.0000079
all	2252	1	886578	0.0000011
all	2253	2	886578	0.0000023
all	2254	3	886578	0.0000034
all	2255	1	886578	0.0000011
all	2256	2	886578	0.0000023
all	2257	5	886578	0.0000056
all	2258	4	886578	0.0000045
all	2259	5	886578	0.0000056
all	2260	4	886578	0.0000045
all	2261	6	886578	0.0000068
all	2262	5	886578	0.0000056
all	2263	3	886578	0.0000034
all	2264	10	886578	0.0000113
all	2265	4	886578	0.0000045
all	2266	5	886578	0.0000056
all	2267	5	886578	0.0000056
all	2268	4	886578	0.0000045
all	2269	4	886578	0.0000045
all	2270	2	886578	0.0000023
all	2271	4	886578	0.0000045
all	2272	5	886578	0.0000056
all	2273	1	886578	0.0000011
all	2274	3	886578	0.0000034
all	2275	3	886578	0.0000034
all	2276	1	886578	0.0000011
all	2277	3	886578	0.0000034
all	2278	2	886578	0.0000023
all	2279	2	886578	0.0000023
all	2280	1	886578	0.0000011
all	2281	4	886578	0.0000045
all	2283	6	886578	0.0000068
all	2285	3	886578	0.0000034
all	2286	2	886578	0.0000023
all	2287	2	886578	0.0000023
all	2288	3	886578	0.0000034
all	2289	1	886578	0.0000011
all	2290	1	886578	0.0000011
all	2291	1	886578	0.0000011
all	2292	5	886578	0.0000056
all	2293	1	886578	0.0000011
all	2294	1	886578	0.0000011
all	2295	2	886578	0.0000023
all	2296	2	886578	0.0000023
all	2297	6	886578	0.0000068
all	2298	1	886578	0.0000011
all	2299	2	886578	0.0000023
all	2300	2	886578	0.0000023
all	2301	2	886578	0.0000023
all	2302	2	886578	0.0000023
all	2303	3	886578	0.0000034
all	2304	3	886578	0.0000034
all	2305	3	886578	0.0000034
all	2307	4	886578	0.0000045
all	2308	3	886578	0.0000034
all	2309	5	886578	0.0000056
all	2310	2	886578	0.0000023
all	2311	4	886578	0.0000045
all	2313	3	886578	0.0000034
all	2314	2	886578	0.0000023
all	2315	1	886578	0.0000011
all	2316	3	886578	0.0000034
all	2317	2	886578	0.0000023
all	2318	1	886578	0.0000011
all	2319	5	886578	0.0000056
all	2320	3	886578	0.0000034
all	2321	1	886578	0.0000011
all	2322	4	886578	0.0000045
all	2324	4	886578	0.0000045
all	2325	5	886578	0.0000056
all	2328	3	886578	0.0000034
all	2330	4	886578	0.0000045
all	2331	2	886578	0.0000023
all	2332	3	886578	0.0000034
all	2333	2	886578	0.0000023
all	2334	3	886578	0.0000034
all	2335	3	886578	0.0000034
all	2336	4	886578	0.0000045
all	2337	2	886578	0.0000023
all	2339	4	886578	0.0000045
all	2340	2	886578	0.0000023
all	2341	4	886578	0.0000045
all	2342	3	886578	0.0000034
all	2343	2	886578	0.0000023
all	2344	1	886578	0.0000011
all	2345	5	886578	0.0000056
all	2346	2	886578	0.0000023
all	2347	4	886578	0.0000045
all	2348	2	886578	0.0000023
all	2349	4	886578	0.0000045
all	2350	3	886578	0.0000034
all	2351	3	886578	0.0000034
all	2352	4	886578	0.0000045
all	2353	2	886578	0.0000023
all	2354	1	886578	0.0000011
all	2355	3	886578	0.0000034
all	2357	2	886578	0.0000023
all	2358	3	886578	0.0000034
all	2359	1	886578	0.0000011
all	2360	5	886578	0.0000056
all	2361	1	886578	0.0000011
all	2362	1	886578	0.0000011
all	2363	2	886578	0.0000023
all	2364	3	886578	0.0000034
all	2365	1	886578	0.0000011
all	2366	2	886578	0.0000023
all	2367	3	886578	0.0000034
all	2368	1	886578	0.0000011
all	2369	1	886578	0.0000011
all	2370	3	886578	0.0000034
all	2371	3	886578	0.0000034
all	2372	4	886578	0.0000045
all	2373	4	886578	0.0000045
all	2374	2	886578	0.0000023
all	2375	1	886578	0.0000011
all	2376	3	886578	0.0000034
all	2377	2	886578	0.0000023
all	2378	1	886578	0.0000011
all	2379	5	886578	0.0000056
all	2380	4	886578	0.0000045
all	2381	2	886578	0.0000023
all	2382	5	886578	0.0000056
all	2384	1	886578	0.0000011
all	2385	2	886578	0.0000023
all	2386	1	886578	0.0000011
all	2387	1	886578	0.0000011
all	2388	4	886578	0.0000045
all	2389	1	886578	0.0000011
all	2390	3	886578	0.0000034
all	2391	5	886578	0.0000056
all	2393	1	886578	0.0000011
all	2395	2	886578	0.0000023
all	2396	7	886578	0.0000079
all	2397	3	886578	0.0000034
all	2398	4	886578	0.0000045
all	2399	2	886578	0.0000023
all	2400	2	886578	0.0000023
all	2401	2	886578	0.0000023
all	2402	2	886578	0.0000023
all	2403	1	886578	0.0000011
all	2404	4	886578	0.0000045
all	2405	4	886578	0.0000045
all	2406	3	886578	0.0000034
all	2407	2	886578	0.0000023
all	2410	1	886578	0.0000011
all	2411	2	886578	0.0000023
all	2412	5	886578	0.0000056
all	2413	4	886578	0.0000045
all	2414	2	886578	0.0000023
all	2415	1	886578	0.0000011
all	2416	3	886578	0.0000034
all	2417	3	886578	0.0000034
all	2418	3	886578	0.0000034
all	2419	3	886578	0.0000034
all	2420	2	886578	0.0000023
all	2421	1	886578	0.0000011
all	2422	1	886578	0.0000011
all	2423	2	886578	0.0000023
all	2424	1	886578	0.0000011
all	2425	3	886578	0.0000034
all	2426	6	886578	0.0000068
all	2428	2	886578	0.0000023
all	2429	3	886578	0.0000034
all	2430	2	886578	0.0000023
all	2431	3	886578	0.0000034
all	2432	1	886578	0.0000011
all	2433	1	886578	0.0000011
all	2434	5	886578	0.0000056
all	2435	1	886578	0.0000011
all	2437	1	886578	0.0000011
all	2438	3	886578	0.0000034
all	2439	2	886578	0.0000023
all	2441	1	886578	0.0000011
all	2442	1	886578	0.0000011
all	2443	1	886578	0.0000011
all	2444	3	886578	0.0000034
all	2445	1	886578	0.0000011
all	2446	6	886578	0.0000068
all	2447	6	886578	0.0000068
all	2448	3	886578	0.0000034
all	2449	2	886578	0.0000023
all	2450	2	886578	0.0000023
all	2451	2	886578	0.0000023
all	2454	2	886578	0.0000023
all	2455	2	886578	0.0000023
all	2456	3	886578	0.0000034
all	2457	2	886578	0.0000023
all	2458	1	886578	0.0000011
all	2459	4	886578	0.0000045
all	2460	4	886578	0.0000045
all	2462	1	886578	0.0000011
all	2463	2	886578	0.0000023
all	2464	1	886578	0.0000011
all	2465	1	886578	0.0000011
all	2466	2	886578	0.0000023
all	2467	1	886578	0.0000011
all	2468	2	886578	0.0000023
all	2469	1	886578	0.0000011
all	2470	2	886578	0.0000023
all	2471	4	886578	0.0000045
all	2472	3	886578	0.0000034
all	2473	3	886578	0.0000034
all	2474	1	886578	0.0000011
all	2475	3	886578	0.0000034
all	2476	1	886578	0.0000011
all	2477	3	886578	0.0000034
all	2478	3	886578	0.0000034
all	2479	4	886578	0.0000045
all	2480	1	886578	0.0000011
all	2481	2	886578	0.0000023
all	2482	1	886578	0.0000011
all	2483	1	886578	0.0000011
all	2484	2	886578	0.0000023
all	2485	6	886578	0.0000068
all	2486	2	886578	0.0000023
all	2487	2	886578	0.0000023
all	2488	1	886578	0.0000011
all	2489	2	886578	0.0000023
all	2490	1	886578	0.0000011
all	2491	3	886578	0.0000034
all	2492	3	886578	0.0000034
all	2493	1	886578	0.0000011
all	2494	1	886578	0.0000011
all	2495	2	886578	0.0000023
all	2496	3	886578	0.0000034
all	2497	1	886578	0.0000011
all	2499	1	886578	0.0000011
all	2501	2	886578	0.0000023
all	2502	3	886578	0.0000034
all	2503	4	886578	0.0000045
all	2504	3	886578	0.0000034
all	2505	2	886578	0.0000023
all	2506	4	886578	0.0000045
all	2507	5	886578	0.0000056
all	2508	4	886578	0.0000045
all	2509	3	886578	0.0000034
all	2510	3	886578	0.0000034
all	2511	2	886578	0.0000023
all	2512	4	886578	0.0000045
all	2513	2	886578	0.0000023
all	2514	4	886578	0.0000045
all	2515	4	886578	0.0000045
all	2516	5	886578	0.0000056
all	2517	3	886578	0.0000034
all	2518	2	886578	0.0000023
all	2519	5	886578	0.0000056
all	2520	4	886578	0.0000045
all	2521	3	886578	0.0000034
all	2522	2	886578	0.0000023
all	2523	4	886578	0.0000045
all	2524	5	886578	0.0000056
all	2525	3	886578	0.0000034
all	2526	4	886578	0.0000045
all	2527	1	886578	0.0000011
all	2528	5	886578	0.0000056
all	2529	1	886578	0.0000011
all	2530	7	886578	0.0000079
all	2531	3	886578	0.0000034
all	2532	4	886578	0.0000045
all	2533	5	886578	0.0000056
all	2534	2	886578	0.0000023
all	2535	6	886578	0.0000068
all	2536	3	886578	0.0000034
all	2537	2	886578	0.0000023
all	2538	3	886578	0.0000034
all	2539	3	886578	0.0000034
all	2540	3	886578	0.0000034
all	2541	3	886578	0.0000034
all	2542	2	886578	0.0000023
all	2544	3	886578	0.0000034
all	2545	2	886578	0.0000023
all	2546	2	886578	0.0000023
all	2547	1	886578	0.0000011
all	2548	2	886578	0.0000023
all	2550	2	886578	0.0000023
all	2551	3	886578	0.0000034
all	2552	1	886578	0.0000011
all	2553	3	886578	0.0000034
all	2554	5	886578	0.0000056
all	2555	2	886578	0.0000023
all	2556	2	886578	0.0000023
all	2557	5	886578	0.0000056
all	2558	3	886578	0.0000034
all	2560	3	886578	0.0000034
all	2561	1	886578	0.0000011
all	2564	3	886578	0.0000034
all	2565	2	886578	0.0000023
all	2566	1	886578	0.0000011
all	2568	2	886578	0.0000023
all	2569	2	886578	0.0000023
all	2570	6	886578	0.0000068
all	2571	1	886578	0.0000011
all	2572	7	886578	0.0000079
all	2573	2	886578	0.0000023
all	2574	3	886578	0.0000034
all	2575	6	886578	0.0000068
all	2576	1	886578	0.0000011
all	2577	4	886578	0.0000045
all	2578	3	886578	0.0000034
all	2579	2	886578	0.0000023
all	2580	3	886578	0.0000034
all	2581	3	886578	0.0000034
all	2582	2	886578	0.0000023
all	2583	2	886578	0.0000023
all	2584	6	886578	0.0000068
all	2585	3	886578	0.0000034
all	2586	4	886578	0.0000045
all	2587	2	886578	0.0000023
all	2588	1	886578	0.0000011
all	2589	3	886578	0.0000034
all	2590	1	886578	0.0000011
all	2591	2	886578	0.0000023
all	2592	4	886578	0.0000045
all	2593	4	886578	0.0000045
all	2594	1	886578	0.0000011
all	2595	1	886578	0.0000011
all	2596	2	886578	0.0000023
all	2597	3	886578	0.0000034
all	2598	5	886578	0.0000056
all	2599	4	886578	0.0000045
all	2600	2	886578	0.0000023
all	2601	1	886578	0.0000011
all	2602	3	886578	0.0000034
all	2604	2	886578	0.0000023
all	2605	1	886578	0.0000011
all	2606	3	886578	0.0000034
all	2609	4	886578	0.0000045
all	2612	1	886578	0.0000011
all	2613	3	886578	0.0000034
all	2614	2	886578	0.0000023
all	2615	3	886578	0.0000034
all	2617	1	886578	0.0000011
all	2620	1	886578	0.0000011
all	2621	3	886578	0.0000034
all	2623	1	886578	0.0000011
all	2625	4	886578	0.0000045
all	2626	2	886578	0.0000023
all	2628	4	886578	0.0000045
all	2629	4	886578	0.0000045
all	2630	5	886578	0.0000056
all	2631	2	886578	0.0000023
all	2633	1	886578	0.0000011
all	2634	3	886578	0.0000034
all	2635	1	886578	0.0000011
all	2636	3	886578	0.0000034
all	2637	2	886578	0.0000023
all	2638	5	886578	0.0000056
all	2639	3	886578	0.0000034
all	2640	2	886578	0.0000023
all	2642	3	886578	0.0000034
all	2643	2	886578	0.0000023
all	2644	2	886578	0.0000023
all	2645	1	886578	0.0000011
all	2646	1	886578	0.0000011
all	2647	3	886578	0.0000034
all	2648	3	886578	0.0000034
all	2649	1	886578	0.0000011
all	2650	3	886578	0.0000034
all	2651	2	886578	0.0000023
all	2652	4	886578	0.0000045
all	2653	4	886578	0.0000045
all	2654	3	886578	0.0000034
all	2655	1	886578	0.0000011
all	2656	5	886578	0.0000056
all	2657	1	886578	0.0000011
all	2658	5	886578	0.0000056
all	2660	1	886578	0.0000011
all	2661	1	886578	0.0000011
all	2663	4	886578	0.0000045
all	2665	4	886578	0.0000045
all	2666	4	886578	0.0000045
all	2667	2	886578	0.0000023
all	2668	5	886578	0.0000056
all	2669	7	886578	0.0000079
all	2670	2	886578	0.0000023
all	2671	3	886578	0.0000034
all	2672	2	886578	0.0000023
all	2673	2	886578	0.0000023
all	2674	6	886578	0.0000068
all	2675	2	886578	0.0000023
all	2676	2	886578	0.0000023
all	2677	2	886578	0.0000023
all	2678	3	886578	0.0000034
all	2679	2	886578	0.0000023
all	2680	1	886578	0.0000011
all	2681	2	886578	0.0000023
all	2682	2	886578	0.0000023
all	2683	4	886578	0.0000045
all	2685	2	886578	0.0000023
all	2686	2	886578	0.0000023
all	2687	2	886578	0.0000023
all	2688	3	886578	0.0000034
all	2690	2	886578	0.0000023
all	2691	1	886578	0.0000011
all	2692	2	886578	0.0000023
all	2693	2	886578	0.0000023
all	2694	2	886578	0.0000023
all	2695	1	886578	0.0000011
all	2696	1	886578	0.0000011
all	2697	1	886578	0.0000011
all	2698	3	886578	0.0000034
all	2699	1	886578	0.0000011
all	2700	4	886578	0.0000045
all	2701	2	886578	0.0000023
all	2702	3	886578	0.0000034
all	2704	2	886578	0.0000023
all	2705	1	886578	0.0000011
all	2706	2	886578	0.0000023
all	2707	1	886578	0.0000011
all	2709	4	886578	0.0000045
all	2710	3	886578	0.0000034
all	2711	4	886578	0.0000045
all	2712	3	886578	0.0000034
all	2713	6	886578	0.0000068
all	2714	1	886578	0.0000011
all	2715	4	886578	0.0000045
all	2716	6	886578	0.0000068
all	2717	5	886578	0.0000056
all	2718	4	886578	0.0000045
all	2719	4	886578	0.0000045
all	2720	7	886578	0.0000079
all	2722	3	886578	0.0000034
all	2723	1	886578	0.0000011
all	2724	2	886578	0.0000023
all	2725	1	886578	0.0000011
all	2726	4	886578	0.0000045
all	2727	3	886578	0.0000034
all	2730	4	886578	0.0000045
all	2731	3	886578	0.0000034
all	2732	1	886578	0.0000011
all	2733	1	886578	0.0000011
all	2734	5	886578	0.0000056
all	2735	2	886578	0.0000023
all	2736	2	886578	0.0000023
all	2737	2	886578	0.0000023
all	2738	2	886578	0.0000023
all	2739	1	886578	0.0000011
all	2741	4	886578	0.0000045
all	2743	1	886578	0.0000011
all	2744	1	886578	0.0000011
all	2745	2	886578	0.0000023
all	2746	1	886578	0.0000011
all	2747	3	886578	0.0000034
all	2748	2	886578	0.0000023
all	2749	4	886578	0.0000045
all	2750	3	886578	0.0000034
all	2751	4	886578	0.0000045
all	2752	1	886578	0.0000011
all	2753	1	886578	0.0000011
all	2754	2	886578	0.0000023
all	2755	1	886578	0.0000011
all	2756	1	886578	0.0000011
all	2757	3	886578	0.0000034
all	2759	2	886578	0.0000023
all	2761	2	886578	0.0000023
all	2763	1	886578	0.0000011
all	2764	1	886578	0.0000011
all	2765	1	886578	0.0000011
all	2766	2	886578	0.0000023
all	2767	1	886578	0.0000011
all	2768	1	886578	0.0000011
all	2770	1	886578	0.0000011
all	2771	1	886578	0.0000011
all	2773	3	886578	0.0000034
all	2774	3	886578	0.0000034
all	2775	1	886578	0.0000011
all	2777	2	886578	0.0000023
all	2779	1	886578	0.0000011
all	2780	2	886578	0.0000023
all	2781	2	886578	0.0000023
all	2783	1	886578	0.0000011
all	2784	1	886578	0.0000011
all	2785	1	886578	0.0000011
all	2786	2	886578	0.0000023
all	2787	2	886578	0.0000023
all	2788	3	886578	0.0000034
all	2789	3	886578	0.0000034
all	2790	2	886578	0.0000023
all	2791	1	886578	0.0000011
all	2792	3	886578	0.0000034
all	2793	2	886578	0.0000023
all	2795	2	886578	0.0000023
all	2796	2	886578	0.0000023
all	2797	4	886578	0.0000045
all	2798	1	886578	0.0000011
all	2799	2	886578	0.0000023
all	2800	1	886578	0.0000011
all	2801	4	886578	0.0000045
all	2803	2	886578	0.0000023
all	2804	6	886578	0.0000068
all	2805	5	886578	0.0000056
all	2806	2	886578	0.0000023
all	2807	2	886578	0.0000023
all	2808	2	886578	0.0000023
all	2809	3	886578	0.0000034
all	2810	2	886578	0.0000023
all	2812	2	886578	0.0000023
all	2813	2	886578	0.0000023
all	2814	3	886578	0.0000034
all	2815	1	886578	0.0000011
all	2817	2	886578	0.0000023
all	2818	3	886578	0.0000034
all	2819	1	886578	0.0000011
all	2820	5	886578	0.0000056
all	2821	3	886578	0.0000034
all	2822	4	886578	0.0000045
all	2823	1	886578	0.0000011
all	2824	3	886578	0.0000034
all	2825	3	886578	0.0000034
all	2826	2	886578	0.0000023
all	2827	4	886578	0.0000045
all	2828	4	886578	0.0000045
all	2829	4	886578	0.0000045
all	2830	4	886578	0.0000045
all	2831	3	886578	0.0000034
all	2833	2	886578	0.0000023
all	2834	1	886578	0.0000011
all	2835	3	886578	0.0000034
all	2836	3	886578	0.0000034
all	2838	4	886578	0.0000045
all	2839	2	886578	0.0000023
all	2840	1	886578	0.0000011
all	2841	1	886578	0.0000011
all	2842	1	886578	0.0000011
all	2843	4	886578	0.0000045
all	2844	5	886578	0.0000056
all	2846	4	886578	0.0000045
all	2847	3	886578	0.0000034
all	2849	2	886578	0.0000023
all	2850	6	886578	0.0000068
all	2851	1	886578	0.0000011
all	2852	1	886578	0.0000011
all	2853	2	886578	0.0000023
all	2854	1	886578	0.0000011
all	2855	1	886578	0.0000011
all	2856	4	886578	0.0000045
all	2857	5	886578	0.0000056
all	2859	4	886578	0.0000045
all	2860	3	886578	0.0000034
all	2861	3	886578	0.0000034
all	2862	4	886578	0.0000045
all	2863	5	886578	0.0000056
all	2864	2	886578	0.0000023
all	2865	3	886578	0.0000034
all	2867	1	886578	0.0000011
all	2868	2	886578	0.0000023
all	2869	2	886578	0.0000023
all	2870	4	886578	0.0000045
all	2871	5	886578	0.0000056
all	2872	2	886578	0.0000023
all	2873	2	886578	0.0000023
all	2874	4	886578	0.0000045
all	2875	4	886578	0.0000045
all	2876	3	886578	0.0000034
all	2878	7	886578	0.0000079
all	2879	3	886578	0.0000034
all	2880	1	886578	0.0000011
all	2881	2	886578	0.0000023
all	2882	3	886578	0.0000034
all	2883	4	886578	0.0000045
all	2884	2	886578	0.0000023
all	2885	2	886578	0.0000023
all	2886	2	886578	0.0000023
all	2887	4	886578	0.0000045
all	2889	2	886578	0.0000023
all	2890	1	886578	0.0000011
all	2891	1	886578	0.0000011
all	2892	1	886578	0.0000011
all	2893	2	886578	0.0000023
all	2894	3	886578	0.0000034
all	2895	3	886578	0.0000034
all	2896	4	886578	0.0000045
all	2897	3	886578	0.0000034
all	2898	2	886578	0.0000023
all	2899	6	886578	0.0000068
all	2900	1	886578	0.0000011
all	2901	3	886578	0.0000034
all	2902	2	886578	0.0000023
all	2903	2	886578	0.0000023
all	2904	1	886578	0.0000011
all	2907	3	886578	0.0000034
all	2908	2	886578	0.0000023
all	2909	1	886578	0.0000011
all	2910	1	886578	0.0000011
all	2911	3	886578	0.0000034
all	2912	1	886578	0.0000011
all	2913	3	886578	0.0000034
all	2915	2	886578	0.0000023
all	2916	1	886578	0.0000011
all	2917	3	886578	0.0000034
all	2918	2	886578	0.0000023
all	2919	3	886578	0.0000034
all	2920	1	886578	0.0000011
all	2921	1	886578	0.0000011
all	2922	2	886578	0.0000023
all	2923	1	886578	0.0000011
all	2925	1	886578	0.0000011
all	2926	5	886578	0.0000056
all	2927	3	886578	0.0000034
all	2928	4	886578	0.0000045
all	2929	2	886578	0.0000023
all	2930	2	886578	0.0000023
all	2932	2	886578	0.0000023
all	2933	1	886578	0.0000011
all	2934	2	886578	0.0000023
all	2935	4	886578	0.0000045
all	2937	4	886578	0.0000045
all	2938	2	886578	0.0000023
all	2939	4	886578	0.0000045
all	2940	3	886578	0.0000034
all	2942	6	886578	0.0000068
all	2943	2	886578	0.0000023
all	2944	2	886578	0.0000023
all	2945	2	886578	0.0000023
all	2946	2	886578	0.0000023
all	2947	4	886578	0.0000045
all	2948	3	886578	0.0000034
all	2949	2	886578	0.0000023
all	2950	3	886578	0.0000034
all	2951	1	886578	0.0000011
all	2952	5	886578	0.0000056
all	2953	3	886578	0.0000034
all	2954	3	886578	0.0000034
all	2955	1	886578	0.0000011
all	2956	1	886578	0.0000011
all	2957	2	886578	0.0000023
all	2958	5	886578	0.0000056
all	2959	1	886578	0.0000011
all	2960	1	886578	0.0000011
all	2961	1	886578	0.0000011
all	2962	3	886578	0.0000034
all	2963	2	886578	0.0000023
all	2964	2	886578	0.0000023
all	2966	4	886578	0.0000045
all	2967	5	886578	0.0000056
all	2968	3	886578	0.0000034
all	2970	5	886578	0.0000056
all	2971	3	886578	0.0000034
all	2972	1	886578	0.0000011
all	2973	1	886578	0.0000011
all	2974	2	886578	0.0000023
all	2975	2	886578	0.0000023
all	2976	2	886578	0.0000023
all	2977	3	886578	0.0000034
all	2978	1	886578	0.0000011
all	2979	1	886578	0.0000011
all	2980	2	886578	0.0000023
all	2981	3	886578	0.0000034
all	2982	4	886578	0.0000045
all	2983	8	886578	0.0000090
all	2984	2	886578	0.0000023
all	2985	1	886578	0.0000011
all	2986	5	886578	0.0000056
all	2987	1	886578	0.0000011
all	2988	1	886578	0.0000011
all	2989	2	886578	0.0000023
all	2991	3	886578	0.0000034
all	2992	2	886578	0.0000023
all	2993	2	886578	0.0000023
all	2994	2	886578	0.0000023
all	2995	1	886578	0.0000011
all	2996	1	886578	0.0000011
all	2997	1	886578	0.0000011
all	2998	2	886578	0.0000023
all	2999	4	886578	0.0000045
all	3000	1	886578	0.0000011
all	3001	1	886578	0.0000011
all	3002	1	886578	0.0000011
all	3003	2	886578	0.0000023
all	3004	2	886578	0.0000023
all	3005	3	886578	0.0000034
all	3006	2	886578	0.0000023
all	3007	2	886578	0.0000023
all	3008	1	886578	0.0000011
all	3009	1	886578	0.0000011
all	3012	3	886578	0.0000034
all	3013	4	886578	0.0000045
all	3014	4	886578	0.0000045
all	3015	4	886578	0.0000045
all	3016	3	886578	0.0000034
all	3017	1	886578	0.0000011
all	3020	2	886578	0.0000023
all	3022	3	886578	0.0000034
all	3023	1	886578	0.0000011
all	3024	1	886578	0.0000011
all	3025	2	886578	0.0000023
all	3026	3	886578	0.0000034
all	3027	2	886578	0.0000023
all	3028	3	886578	0.0000034
all	3029	1	886578	0.0000011
all	3030	1	886578	0.0000011
all	3031	2	886578	0.0000023
all	3032	2	886578	0.0000023
all	3033	2	886578	0.0000023
all	3034	2	886578	0.0000023
all	3035	4	886578	0.0000045
all	3036	4	886578	0.0000045
all	3037	3	886578	0.0000034
all	3038	2	886578	0.0000023
all	3039	4	886578	0.0000045
all	3040	2	886578	0.0000023
all	3041	2	886578	0.0000023
all	3043	4	886578	0.0000045
all	3044	1	886578	0.0000011
all	3045	2	886578	0.0000023
all	3046	1	886578	0.0000011
all	3047	1	886578	0.0000011
all	3048	1	886578	0.0000011
all	3049	2	886578	0.0000023
all	3050	2	886578	0.0000023
all	3052	3	886578	0.0000034
all	3053	3	886578	0.0000034
all	3055	2	886578	0.0000023
all	3056	2	886578	0.0000023
all	3057	2	886578	0.0000023
all	3060	1	886578	0.0000011
all	3061	4	886578	0.0000045
all	3062	2	886578	0.0000023
all	3063	2	886578	0.0000023
all	3064	1	886578	0.0000011
all	3066	1	886578	0.0000011
all	3068	2	886578	0.0000023
all	3069	3	886578	0.0000034
all	3070	1	886578	0.0000011
all	3071	1	886578	0.0000011
all	3073	1	886578	0.0000011
all	3075	3	886578	0.0000034
all	3076	2	886578	0.0000023
all	3077	1	886578	0.0000011
all	3078	1	886578	0.0000011
all	3079	1	886578	0.0000011
all	3080	2	886578	0.0000023
all	3081	2	886578	0.0000023
all	3083	1	886578	0.0000011
all	3084	2	886578	0.0000023
all	3089	1	886578	0.0000011
all	3092	1	886578	0.0000011
all	3094	1	886578	0.0000011
all	3095	2	886578	0.0000023
all	3096	1	886578	0.0000011
all	3097	3	886578	0.0000034
all	3098	2	886578	0.0000023
all	3099	1	886578	0.0000011
all	3100	1	886578	0.0000011
all	3101	1	886578	0.0000011
all	3103	1	886578	0.0000011
all	3105	1	886578	0.0000011
all	3108	4	886578	0.0000045
all	3110	1	886578	0.0000011
all	3111	2	886578	0.0000023
all	3112	1	886578	0.0000011
all	3113	1	886578	0.0000011
all	3114	1	886578	0.0000011
all	3116	2	886578	0.0000023
all	3117	2	886578	0.0000023
all	3118	2	886578	0.0000023
all	3120	3	886578	0.0000034
all	3121	2	886578	0.0000023
all	3123	1	886578	0.0000011
all	3124	3	886578	0.0000034
all	3125	1	886578	0.0000011
all	3128	1	886578	0.0000011
all	3129	1	886578	0.0000011
all	3132	1	886578	0.0000011
all	3134	2	886578	0.0000023
all	3136	1	886578	0.0000011
all	3137	3	886578	0.0000034
all	3139	3	886578	0.0000034
all	3141	1	886578	0.0000011
all	3142	2	886578	0.0000023
all	3143	2	886578	0.0000023
all	3147	3	886578	0.0000034
all	3149	1	886578	0.0000011
all	3150	1	886578	0.0000011
all	3151	3	886578	0.0000034
all	3152	1	886578	0.0000011
all	3153	1	886578	0.0000011
all	3154	3	886578	0.0000034
all	3155	2	886578	0.0000023
all	3156	3	886578	0.0000034
all	3157	1	886578	0.0000011
all	3159	2	886578	0.0000023
all	3160	1	886578	0.0000011
all	3162	1	886578	0.0000011
all	3163	2	886578	0.0000023
all	3164	1	886578	0.0000011
all	3165	2	886578	0.0000023
all	3166	1	886578	0.0000011
all	3167	1	886578	0.0000011
all	3168	2	886578	0.0000023
all	3169	1	886578	0.0000011
all	3171	2	886578	0.0000023
all	3172	2	886578	0.0000023
all	3173	3	886578	0.0000034
all	3174	1	886578	0.0000011
all	3175	1	886578	0.0000011
all	3176	4	886578	0.0000045
all	3177	1	886578	0.0000011
all	3179	2	886578	0.0000023
all	3180	1	886578	0.0000011
all	3181	1	886578	0.0000011
all	3183	3	886578	0.0000034
all	3185	1	886578	0.0000011
all	3189	4	886578	0.0000045
all	3190	1	886578	0.0000011
all	3192	1	886578	0.0000011
all	3194	3	886578	0.0000034
all	3196	1	886578	0.0000011
all	3197	1	886578	0.0000011
all	3198	1	886578	0.0000011
all	3199	1	886578	0.0000011
all	3200	3	886578	0.0000034
all	3201	2	886578	0.0000023
all	3202	2	886578	0.0000023
all	3204	2	886578	0.0000023
all	3205	4	886578	0.0000045
all	3206	1	886578	0.0000011
all	3207	2	886578	0.0000023
all	3208	1	886578	0.0000011
all	3209	3	886578	0.0000034
all	3210	3	886578	0.0000034
all	3211	3	886578	0.0000034
all	3212	2	886578	0.0000023
all	3213	2	886578	0.0000023
all	3214	2	886578	0.0000023
all	3216	2	886578	0.0000023
all	3218	1	886578	0.0000011
all	3220	1	886578	0.0000011
all	3221	1	886578	0.0000011
all	3222	1	886578	0.0000011
all	3224	2	886578	0.0000023
all	3225	2	886578	0.0000023
all	3227	2	886578	0.0000023
all	3228	1	886578	0.0000011
all	3230	1	886578	0.0000011
all	3231	1	886578	0.0000011
all	3235	2	886578	0.0000023
all	3236	2	886578	0.0000023
all	3237	1	886578	0.0000011
all	3239	1	886578	0.0000011
all	3240	2	886578	0.0000023
all	3241	2	886578	0.0000023
all	3244	1	886578	0.0000011
all	3245	1	886578	0.0000011
all	3249	1	886578	0.0000011
all	3250	2	886578	0.0000023
all	3251	3	886578	0.0000034
all	3252	2	886578	0.0000023
all	3253	2	886578	0.0000023
all	3257	1	886578	0.0000011
all	3259	3	886578	0.0000034
all	3260	3	886578	0.0000034
all	3261	2	886578	0.0000023
all	3265	1	886578	0.0000011
all	3266	2	886578	0.0000023
all	3268	1	886578	0.0000011
all	3269	1	886578	0.0000011
all	3270	2	886578	0.0000023
all	3271	1	886578	0.0000011
all	3275	1	886578	0.0000011
all	3276	4	886578	0.0000045
all	3277	2	886578	0.0000023
all	3278	1	886578	0.0000011
all	3281	1	886578	0.0000011
all	3282	1	886578	0.0000011
all	3283	1	886578	0.0000011
all	3284	2	886578	0.0000023
all	3285	1	886578	0.0000011
all	3286	1	886578	0.0000011
all	3287	1	886578	0.0000011
all	3288	1	886578	0.0000011
all	3290	1	886578	0.0000011
all	3291	1	886578	0.0000011
all	3292	2	886578	0.0000023
all	3294	2	886578	0.0000023
all	3296	4	886578	0.0000045
all	3297	1	886578	0.0000011
all	3298	1	886578	0.0000011
all	3299	1	886578	0.0000011
all	3300	1	886578	0.0000011
all	3301	1	886578	0.0000011
all	3302	2	886578	0.0000023
all	3305	1	886578	0.0000011
all	3306	1	886578	0.0000011
all	3307	3	886578	0.0000034
all	3308	1	886578	0.0000011
all	3309	2	886578	0.0000023
all	3313	1	886578	0.0000011
all	3314	3	886578	0.0000034
all	3315	2	886578	0.0000023
all	3317	1	886578	0.0000011
all	3320	4	886578	0.0000045
all	3321	2	886578	0.0000023
all	3322	3	886578	0.0000034
all	3323	2	886578	0.0000023
all	3325	2	886578	0.0000023
all	3326	3	886578	0.0000034
all	3327	1	886578	0.0000011
all	3328	1	886578	0.0000011
all	3329	2	886578	0.0000023
all	3330	2	886578	0.0000023
all	3332	2	886578	0.0000023
all	3333	1	886578	0.0000011
all	3337	3	886578	0.0000034
all	3339	4	886578	0.0000045
all	3340	1	886578	0.0000011
all	3341	2	886578	0.0000023
all	3342	6	886578	0.0000068
all	3343	2	886578	0.0000023
all	3344	1	886578	0.0000011
all	3345	3	886578	0.0000034
all	3346	2	886578	0.0000023
all	3348	1	886578	0.0000011
all	3349	1	886578	0.0000011
all	3350	4	886578	0.0000045
all	3351	2	886578	0.0000023
all	3352	2	886578	0.0000023
all	3353	3	886578	0.0000034
all	3354	1	886578	0.0000011
all	3355	2	886578	0.0000023
all	3357	2	886578	0.0000023
all	3358	1	886578	0.0000011
all	3360	1	886578	0.0000011
all	3361	3	886578	0.0000034
all	3362	2	886578	0.0000023
all	3363	1	886578	0.0000011
all	3364	2	886578	0.0000023
all	3365	2	886578	0.0000023
all	3366	2	886578	0.0000023
all	3367	1	886578	0.0000011
all	3368	2	886578	0.0000023
all	3370	2	886578	0.0000023
all	3371	4	886578	0.0000045
all	3372	1	886578	0.0000011
all	3373	1	886578	0.0000011
all	3375	4	886578	0.0000045
all	3376	2	886578	0.0000023
all	3377	1	886578	0.0000011
all	3379	1	886578	0.0000011
all	3381	2	886578	0.0000023
all	3382	1	886578	0.0000011
all	3383	1	886578	0.0000011
all	3386	1	886578	0.0000011
all	3387	2	886578	0.0000023
all	3388	2	886578	0.0000023
all	3390	2	886578	0.0000023
all	3394	1	886578	0.0000011
all	3395	2	886578	0.0000023
all	3401	1	886578	0.0000011
all	3404	1	886578	0.0000011
all	3409	1	886578	0.0000011
all	3410	1	886578	0.0000011
all	3411	3	886578	0.0000034
all	3414	1	886578	0.0000011
all	3418	1	886578	0.0000011
all	3419	4	886578	0.0000045
all	3421	1	886578	0.0000011
all	3422	1	886578	0.0000011
all	3423	1	886578	0.0000011
all	3425	1	886578	0.0000011
all	3426	2	886578	0.0000023
all	3427	3	886578	0.0000034
all	3429	1	886578	0.0000011
all	3430	1	886578	0.0000011
all	3436	1	886578	0.0000011
all	3438	3	886578	0.0000034
all	3439	1	886578	0.0000011
all	3440	1	886578	0.0000011
all	3441	1	886578	0.0000011
all	3444	1	886578	0.0000011
all	3445	3	886578	0.0000034
all	3447	1	886578	0.0000011
all	3450	2	886578	0.0000023
all	3452	2	886578	0.0000023
all	3456	1	886578	0.0000011
all	3457	1	886578	0.0000011
all	3459	1	886578	0.0000011
all	3460	1	886578	0.0000011
all	3461	1	886578	0.0000011
all	3462	1	886578	0.0000011
all	3463	1	886578	0.0000011
all	3466	1	886578	0.0000011
all	3468	1	886578	0.0000011
all	3469	2	886578	0.0000023
all	3470	1	886578	0.0000011
all	3475	1	886578	0.0000011
all	3476	1	886578	0.0000011
all	3478	2	886578	0.0000023
all	3479	1	886578	0.0000011
all	3480	4	886578	0.0000045
all	3484	1	886578	0.0000011
all	3487	4	886578	0.0000045
all	3489	2	886578	0.0000023
all	3492	1	886578	0.0000011
all	3493	2	886578	0.0000023
all	3494	1	886578	0.0000011
all	3495	2	886578	0.0000023
all	3498	2	886578	0.0000023
all	3499	1	886578	0.0000011
all	3502	1	886578	0.0000011
all	3505	1	886578	0.0000011
all	3508	1	886578	0.0000011
all	3509	1	886578	0.0000011
all	3510	1	886578	0.0000011
all	3512	1	886578	0.0000011
all	3513	2	886578	0.0000023
all	3514	1	886578	0.0000011
all	3515	1	886578	0.0000011
all	3516	3	886578	0.0000034
all	3517	1	886578	0.0000011
all	3518	3	886578	0.0000034
all	3520	1	886578	0.0000011
all	3521	3	886578	0.0000034
all	3522	1	886578	0.0000011
all	3523	1	886578	0.0000011
all	3524	2	886578	0.0000023
all	3525	3	886578	0.0000034
all	3529	2	886578	0.0000023
all	3530	1	886578	0.0000011
all	3531	1	886578	0.0000011
all	3532	2	886578	0.0000023
all	3534	2	886578	0.0000023
all	3535	1	886578	0.0000011
all	3536	3	886578	0.0000034
all	3537	1	886578	0.0000011
all	3539	1	886578	0.0000011
all	3540	2	886578	0.0000023
all	3541	2	886578	0.0000023
all	3542	1	886578	0.0000011
all	3543	2	886578	0.0000023
all	3546	2	886578	0.0000023
all	3547	2	886578	0.0000023
all	3548	2	886578	0.0000023
all	3549	1	886578	0.0000011
all	3550	3	886578	0.0000034
all	3551	1	886578	0.0000011
all	3552	2	886578	0.0000023
all	3553	3	886578	0.0000034
all	3554	2	886578	0.0000023
all	3556	1	886578	0.0000011
all	3559	2	886578	0.0000023
all	3560	1	886578	0.0000011
all	3561	1	886578	0.0000011
all	3562	1	886578	0.0000011
all	3563	1	886578	0.0000011
all	3564	3	886578	0.0000034
all	3566	1	886578	0.0000011
all	3567	1	886578	0.0000011
all	3568	1	886578	0.0000011
all	3569	2	886578	0.0000023
all	3571	4	886578	0.0000045
all	3572	3	886578	0.0000034
all	3573	1	886578	0.0000011
all	3574	2	886578	0.0000023
all	3575	1	886578	0.0000011
all	3576	3	886578	0.0000034
all	3577	2	886578	0.0000023
all	3578	2	886578	0.0000023
all	3579	2	886578	0.0000023
all	3580	1	886578	0.0000011
all	3582	1	886578	0.0000011
all	3583	2	886578	0.0000023
all	3584	4	886578	0.0000045
all	3585	4	886578	0.0000045
all	3586	1	886578	0.0000011
all	3588	4	886578	0.0000045
all	3589	1	886578	0.0000011
all	3590	3	886578	0.0000034
all	3592	2	886578	0.0000023
all	3593	1	886578	0.0000011
all	3594	1	886578	0.0000011
all	3595	2	886578	0.0000023
all	3596	1	886578	0.0000011
all	3599	3	886578	0.0000034
all	3601	2	886578	0.0000023
all	3603	1	886578	0.0000011
all	3604	2	886578	0.0000023
all	3606	2	886578	0.0000023
all	3607	1	886578	0.0000011
all	3608	1	886578	0.0000011
all	3609	1	886578	0.0000011
all	3612	1	886578	0.0000011
all	3615	1	886578	0.0000011
all	3616	3	886578	0.0000034
all	3617	1	886578	0.0000011
all	3620	1	886578	0.0000011
all	3622	1	886578	0.0000011
all	3623	1	886578	0.0000011
all	3626	1	886578	0.0000011
all	3628	1	886578	0.0000011
all	3629	2	886578	0.0000023
all	3630	2	886578	0.0000023
all	3632	2	886578	0.0000023
all	3633	1	886578	0.0000011
all	3634	1	886578	0.0000011
all	3637	2	886578	0.0000023
all	3638	1	886578	0.0000011
all	3639	2	886578	0.0000023
all	3642	1	886578	0.0000011
all	3643	3	886578	0.0000034
all	3644	1	886578	0.0000011
all	3645	1	886578	0.0000011
all	3646	1	886578	0.0000011
all	3649	1	886578	0.0000011
all	3650	1	886578	0.0000011
all	3651	1	886578	0.0000011
all	3652	1	886578	0.0000011
all	3653	1	886578	0.0000011
all	3654	2	886578	0.0000023
all	3656	1	886578	0.0000011
all	3657	1	886578	0.0000011
all	3659	3	886578	0.0000034
all	3660	1	886578	0.0000011
all	3661	1	886578	0.0000011
all	3662	1	886578	0.0000011
all	3663	1	886578	0.0000011
all	3666	1	886578	0.0000011
all	3667	2	886578	0.0000023
all	3668	4	886578	0.0000045
all	3672	1	886578	0.0000011
all	3674	1	886578	0.0000011
all	3675	1	886578	0.0000011
all	3676	2	886578	0.0000023
all	3677	1	886578	0.0000011
all	3678	1	886578	0.0000011
all	3679	1	886578	0.0000011
all	3681	1	886578	0.0000011
all	3682	2	886578	0.0000023
all	3683	1	886578	0.0000011
all	3684	1	886578	0.0000011
all	3685	1	886578	0.0000011
all	3687	2	886578	0.0000023
all	3688	2	886578	0.0000023
all	3691	1	886578	0.0000011
all	3695	1	886578	0.0000011
all	3697	1	886578	0.0000011
all	3698	3	886578	0.0000034
all	3701	1	886578	0.0000011
all	3703	1	886578	0.0000011
all	3705	1	886578	0.0000011
all	3707	1	886578	0.0000011
all	3708	3	886578	0.0000034
all	3709	1	886578	0.0000011
all	3710	1	886578	0.0000011
all	3712	1	886578	0.0000011
all	3713	3	886578	0.0000034
all	3714	1	886578	0.0000011
all	3716	1	886578	0.0000011
all	3717	1	886578	0.0000011
all	3720	1	886578	0.0000011
all	3722	4	886578	0.0000045
all	3723	1	886578	0.0000011
all	3725	3	886578	0.0000034
all	3726	2	886578	0.0000023
all	3727	2	886578	0.0000023
all	3729	1	886578	0.0000011
all	3730	1	886578	0.0000011
all	3733	2	886578	0.0000023
all	3734	3	886578	0.0000034
all	3735	2	886578	0.0000023
all	3736	1	886578	0.0000011
all	3737	1	886578	0.0000011
all	3738	4	886578	0.0000045
all	3739	1	886578	0.0000011
all	3740	1	886578	0.0000011
all	3741	1	886578	0.0000011
all	3742	2	886578	0.0000023
all	3743	2	886578	0.0000023
all	3748	3	886578	0.0000034
all	3749	1	886578	0.0000011
all	3750	3	886578	0.0000034
all	3751	1	886578	0.0000011
all	3752	1	886578	0.0000011
all	3753	4	886578	0.0000045
all	3754	1	886578	0.0000011
all	3757	2	886578	0.0000023
all	3759	1	886578	0.0000011
all	3760	4	886578	0.0000045
all	3761	2	886578	0.0000023
all	3762	3	886578	0.0000034
all	3763	3	886578	0.0000034
all	3765	5	886578	0.0000056
all	3766	3	886578	0.0000034
all	3767	5	886578	0.0000056
all	3768	2	886578	0.0000023
all	3769	5	886578	0.0000056
all	3770	2	886578	0.0000023
all	3771	5	886578	0.0000056
all	3772	6	886578	0.0000068
all	3773	3	886578	0.0000034
all	3774	2	886578	0.0000023
all	3775	5	886578	0.0000056
all	3776	1	886578	0.0000011
all	3777	3	886578	0.0000034
all	3779	2	886578	0.0000023
all	3780	3	886578	0.0000034
all	3781	2	886578	0.0000023
all	3782	1	886578	0.0000011
all	3785	1	886578	0.0000011
all	3787	1	886578	0.0000011
all	3790	1	886578	0.0000011
all	3792	6	886578	0.0000068
all	3793	2	886578	0.0000023
all	3794	2	886578	0.0000023
all	3795	2	886578	0.0000023
all	3797	1	886578	0.0000011
all	3798	1	886578	0.0000011
all	3799	1	886578	0.0000011
all	3800	1	886578	0.0000011
all	3801	1	886578	0.0000011
all	3803	1	886578	0.0000011
all	3804	1	886578	0.0000011
all	3805	3	886578	0.0000034
all	3807	3	886578	0.0000034
all	3808	2	886578	0.0000023
all	3809	1	886578	0.0000011
all	3810	2	886578	0.0000023
all	3814	1	886578	0.0000011
all	3815	2	886578	0.0000023
all	3816	1	886578	0.0000011
all	3817	1	886578	0.0000011
all	3819	1	886578	0.0000011
all	3820	1	886578	0.0000011
all	3824	3	886578	0.0000034
all	3827	1	886578	0.0000011
all	3828	1	886578	0.0000011
all	3829	1	886578	0.0000011
all	3833	1	886578	0.0000011
all	3838	4	886578	0.0000045
all	3843	1	886578	0.0000011
all	3844	1	886578	0.0000011
all	3845	1	886578	0.0000011
all	3846	1	886578	0.0000011
all	3847	1	886578	0.0000011
all	3848	1	886578	0.0000011
all	3849	1	886578	0.0000011
all	3850	1	886578	0.0000011
all	3851	1	886578	0.0000011
all	3853	1	886578	0.0000011
all	3855	1	886578	0.0000011
all	3862	2	886578	0.0000023
all	3863	1	886578	0.0000011
all	3867	1	886578	0.0000011
all	3869	1	886578	0.0000011
all	3872	1	886578	0.0000011
all	3875	1	886578	0.0000011
all	3877	1	886578	0.0000011
all	3878	2	886578	0.0000023
all	3879	3	886578	0.0000034
all	3880	1	886578	0.0000011
all	3881	2	886578	0.0000023
all	3883	1	886578	0.0000011
all	3884	1	886578	0.0000011
all	3886	1	886578	0.0000011
all	3888	1	886578	0.0000011
all	3889	2	886578	0.0000023
all	3890	1	886578	0.0000011
all	3892	1	886578	0.0000011
all	3897	1	886578	0.0000011
all	3901	1	886578	0.0000011
all	3905	1	886578	0.0000011
all	3906	1	886578	0.0000011
all	3908	1	886578	0.0000011
all	3909	2	886578	0.0000023
all	3910	1	886578	0.0000011
all	3916	1	886578	0.0000011
all	3917	1	886578	0.0000011
all	3923	1	886578	0.0000011
all	3925	1	886578	0.0000011
all	3929	1	886578	0.0000011
all	3931	2	886578	0.0000023
all	3932	2	886578	0.0000023
all	3933	5	886578	0.0000056
all	3938	1	886578	0.0000011
all	3943	2	886578	0.0000023
all	3948	2	886578	0.0000023
all	3952	1	886578	0.0000011
all	3953	1	886578	0.0000011
all	3954	4	886578	0.0000045
all	3959	1	886578	0.0000011
all	3960	1	886578	0.0000011
all	3961	1	886578	0.0000011
all	3965	1	886578	0.0000011
all	3966	1	886578	0.0000011
all	3968	1	886578	0.0000011
all	3969	2	886578	0.0000023
all	3971	2	886578	0.0000023
all	3973	1	886578	0.0000011
all	3976	1	886578	0.0000011
all	3979	1	886578	0.0000011
all	3980	1	886578	0.0000011
all	3981	1	886578	0.0000011
all	3984	1	886578	0.0000011
all	3985	1	886578	0.0000011
all	3987	1	886578	0.0000011
all	3990	1	886578	0.0000011
all	3994	2	886578	0.0000023
all	3995	1	886578	0.0000011
all	3998	1	886578	0.0000011
all	3999	1	886578	0.0000011
all	4000	1	886578	0.0000011
all	4002	2	886578	0.0000023
all	4003	1	886578	0.0000011
all	4005	1	886578	0.0000011
all	4007	1	886578	0.0000011
all	4008	2	886578	0.0000023
all	4009	2	886578	0.0000023
all	4010	1	886578	0.0000011
all	4011	1	886578	0.0000011
all	4012	3	886578	0.0000034
all	4013	1	886578	0.0000011
all	4016	1	886578	0.0000011
all	4018	1	886578	0.0000011
all	4020	2	886578	0.0000023
all	4022	1	886578	0.0000011
all	4024	1	886578	0.0000011
all	4027	1	886578	0.0000011
all	4029	1	886578	0.0000011
all	4030	1	886578	0.0000011
all	4031	1	886578	0.0000011
all	4033	2	886578	0.0000023
all	4035	1	886578	0.0000011
all	4036	1	886578	0.0000011
all	4037	2	886578	0.0000023
all	4038	2	886578	0.0000023
all	4040	3	886578	0.0000034
all	4042	1	886578	0.0000011
all	4044	2	886578	0.0000023
all	4047	1	886578	0.0000011
all	4049	1	886578	0.0000011
all	4053	1	886578	0.0000011
all	4054	1	886578	0.0000011
all	4056	1	886578	0.0000011
all	4057	2	886578	0.0000023
all	4059	1	886578	0.0000011
all	4061	1	886578	0.0000011
all	4064	1	886578	0.0000011
all	4068	1	886578	0.0000011
all	4069	1	886578	0.0000011
all	4070	1	886578	0.0000011
all	4074	2	886578	0.0000023
all	4077	1	886578	0.0000011
all	4078	2	886578	0.0000023
all	4079	1	886578	0.0000011
all	4083	1	886578	0.0000011
all	4087	1	886578	0.0000011
all	4089	2	886578	0.0000023
all	4090	2	886578	0.0000023
all	4092	1	886578	0.0000011
all	4093	2	886578	0.0000023
all	4094	2	886578	0.0000023
all	4095	1	886578	0.0000011
all	4096	1	886578	0.0000011
all	4099	2	886578	0.0000023
all	4100	1	886578	0.0000011
all	4101	1	886578	0.0000011
all	4102	1	886578	0.0000011
all	4104	2	886578	0.0000023
all	4106	1	886578	0.0000011
all	4108	2	886578	0.0000023
all	4109	1	886578	0.0000011
all	4110	1	886578	0.0000011
all	4112	1	886578	0.0000011
all	4113	1	886578	0.0000011
all	4114	1	886578	0.0000011
all	4116	1	886578	0.0000011
all	4117	1	886578	0.0000011
all	4119	2	886578	0.0000023
all	4121	3	886578	0.0000034
all	4123	2	886578	0.0000023
all	4124	1	886578	0.0000011
all	4125	1	886578	0.0000011
all	4126	2	886578	0.0000023
all	4128	1	886578	0.0000011
all	4129	2	886578	0.0000023
all	4130	1	886578	0.0000011
all	4131	3	886578	0.0000034
all	4132	2	886578	0.0000023
all	4133	2	886578	0.0000023
all	4135	2	886578	0.0000023
all	4136	1	886578	0.0000011
all	4138	1	886578	0.0000011
all	4139	1	886578	0.0000011
all	4140	2	886578	0.0000023
all	4141	1	886578	0.0000011
all	4147	2	886578	0.0000023
all	4148	1	886578	0.0000011
all	4149	1	886578	0.0000011
all	4151	1	886578	0.0000011
all	4155	1	886578	0.0000011
all	4157	2	886578	0.0000023
all	4159	1	886578	0.0000011
all	4164	1	886578	0.0000011
all	4167	1	886578	0.0000011
all	4168	2	886578	0.0000023
all	4169	1	886578	0.0000011
all	4170	1	886578	0.0000011
all	4171	1	886578	0.0000011
all	4173	1	886578	0.0000011
all	4174	1	886578	0.0000011
all	4175	1	886578	0.0000011
all	4178	1	886578	0.0000011
all	4179	2	886578	0.0000023
all	4180	2	886578	0.0000023
all	4181	1	886578	0.0000011
all	4183	1	886578	0.0000011
all	4185	1	886578	0.0000011
all	4186	2	886578	0.0000023
all	4187	1	886578	0.0000011
all	4189	1	886578	0.0000011
all	4190	1	886578	0.0000011
all	4195	1	886578	0.0000011
all	4196	1	886578	0.0000011
all	4199	1	886578	0.0000011
all	4200	2	886578	0.0000023
all	4202	1	886578	0.0000011
all	4208	1	886578	0.0000011
all	4209	1	886578	0.0000011
all	4211	1	886578	0.0000011
all	4212	1	886578	0.0000011
all	4214	1	886578	0.0000011
all	4215	1	886578	0.0000011
all	4216	1	886578	0.0000011
all	4217	1	886578	0.0000011
all	4220	1	886578	0.0000011
all	4223	2	886578	0.0000023
all	4225	1	886578	0.0000011
all	4227	1	886578	0.0000011
all	4229	1	886578	0.0000011
all	4234	1	886578	0.0000011
all	4236	1	886578	0.0000011
all	4237	1	886578	0.0000011
all	4238	1	886578	0.0000011
all	4239	1	886578	0.0000011
all	4241	2	886578	0.0000023
all	4244	1	886578	0.0000011
all	4246	1	886578	0.0000011
all	4247	1	886578	0.0000011
all	4249	2	886578	0.0000023
all	4250	4	886578	0.0000045
all	4253	2	886578	0.0000023
all	4256	1	886578	0.0000011
all	4257	1	886578	0.0000011
all	4260	1	886578	0.0000011
all	4261	1	886578	0.0000011
all	4262	1	886578	0.0000011
all	4263	1	886578	0.0000011
all	4264	2	886578	0.0000023
all	4269	2	886578	0.0000023
all	4270	1	886578	0.0000011
all	4272	1	886578	0.0000011
all	4274	1	886578	0.0000011
all	4278	1	886578	0.0000011
all	4280	2	886578	0.0000023
all	4281	1	886578	0.0000011
all	4282	1	886578	0.0000011
all	4283	1	886578	0.0000011
all	4287	1	886578	0.0000011
all	4288	1	886578	0.0000011
all	4289	2	886578	0.0000023
all	4291	1	886578	0.0000011
all	4292	2	886578	0.0000023
all	4294	2	886578	0.0000023
all	4297	1	886578	0.0000011
all	4299	2	886578	0.0000023
all	4301	2	886578	0.0000023
all	4302	1	886578	0.0000011
all	4303	1	886578	0.0000011
all	4304	1	886578	0.0000011
all	4306	1	886578	0.0000011
all	4309	1	886578	0.0000011
all	4311	2	886578	0.0000023
all	4314	1	886578	0.0000011
all	4315	1	886578	0.0000011
all	4316	1	886578	0.0000011
all	4317	1	886578	0.0000011
all	4318	2	886578	0.0000023
all	4321	2	886578	0.0000023
all	4322	2	886578	0.0000023
all	4323	3	886578	0.0000034
all	4324	1	886578	0.0000011
all	4325	1	886578	0.0000011
all	4326	2	886578	0.0000023
all	4330	3	886578	0.0000034
all	4331	1	886578	0.0000011
all	4332	1	886578	0.0000011
all	4333	1	886578	0.0000011
all	4336	2	886578	0.0000023
all	4337	4	886578	0.0000045
all	4338	2	886578	0.0000023
all	4341	1	886578	0.0000011
all	4343	2	886578	0.0000023
all	4345	1	886578	0.0000011
all	4347	4	886578	0.0000045
all	4348	2	886578	0.0000023
all	4349	2	886578	0.0000023
all	4350	2	886578	0.0000023
all	4351	1	886578	0.0000011
all	4353	1	886578	0.0000011
all	4355	2	886578	0.0000023
all	4356	1	886578	0.0000011
all	4357	3	886578	0.0000034
all	4358	3	886578	0.0000034
all	4359	1	886578	0.0000011
all	4360	2	886578	0.0000023
all	4361	2	886578	0.0000023
all	4362	1	886578	0.0000011
all	4366	3	886578	0.0000034
all	4367	1	886578	0.0000011
all	4369	1	886578	0.0000011
all	4370	1	886578	0.0000011
all	4371	1	886578	0.0000011
all	4373	2	886578	0.0000023
all	4377	1	886578	0.0000011
all	4378	1	886578	0.0000011
all	4379	1	886578	0.0000011
all	4382	1	886578	0.0000011
all	4385	1	886578	0.0000011
all	4387	1	886578	0.0000011
all	4388	1	886578	0.0000011
all	4389	1	886578	0.0000011
all	4391	2	886578	0.0000023
all	4395	1	886578	0.0000011
all	4396	1	886578	0.0000011
all	4399	1	886578	0.0000011
all	4402	1	886578	0.0000011
all	4403	1	886578	0.0000011
all	4405	1	886578	0.0000011
all	4406	1	886578	0.0000011
all	4408	1	886578	0.0000011
all	4409	4	886578	0.0000045
all	4410	2	886578	0.0000023
all	4413	1	886578	0.0000011
all	4414	1	886578	0.0000011
all	4415	2	886578	0.0000023
all	4416	2	886578	0.0000023
all	4417	2	886578	0.0000023
all	4419	4	886578	0.0000045
all	4421	1	886578	0.0000011
all	4422	1	886578	0.0000011
all	4426	1	886578	0.0000011
all	4427	3	886578	0.0000034
all	4428	1	886578	0.0000011
all	4429	1	886578	0.0000011
all	4431	2	886578	0.0000023
all	4432	3	886578	0.0000034
all	4433	2	886578	0.0000023
all	4438	3	886578	0.0000034
all	4439	1	886578	0.0000011
all	4440	1	886578	0.0000011
all	4441	3	886578	0.0000034
all	4442	1	886578	0.0000011
all	4443	3	886578	0.0000034
all	4444	1	886578	0.0000011
all	4445	1	886578	0.0000011
all	4447	2	886578	0.0000023
all	4448	1	886578	0.0000011
all	4450	2	886578	0.0000023
all	4451	1	886578	0.0000011
all	4452	5	886578	0.0000056
all	4455	1	886578	0.0000011
all	4458	2	886578	0.0000023
all	4460	1	886578	0.0000011
all	4463	2	886578	0.0000023
all	4465	2	886578	0.0000023
all	4468	2	886578	0.0000023
all	4469	1	886578	0.0000011
all	4471	1	886578	0.0000011
all	4473	2	886578	0.0000023
all	4474	1	886578	0.0000011
all	4476	4	886578	0.0000045
all	4478	1	886578	0.0000011
all	4479	2	886578	0.0000023
all	4480	2	886578	0.0000023
all	4483	1	886578	0.0000011
all	4487	2	886578	0.0000023
all	4489	1	886578	0.0000011
all	4495	1	886578	0.0000011
all	4496	1	886578	0.0000011
all	4497	1	886578	0.0000011
all	4498	2	886578	0.0000023
all	4499	1	886578	0.0000011
all	4500	2	886578	0.0000023
all	4502	1	886578	0.0000011
all	4505	1	886578	0.0000011
all	4506	4	886578	0.0000045
all	4507	1	886578	0.0000011
all	4510	2	886578	0.0000023
all	4511	2	886578	0.0000023
all	4513	1	886578	0.0000011
all	4514	1	886578	0.0000011
all	4515	2	886578	0.0000023
all	4517	1	886578	0.0000011
all	4524	1	886578	0.0000011
all	4525	2	886578	0.0000023
all	4528	1	886578	0.0000011
all	4531	1	886578	0.0000011
all	4532	1	886578	0.0000011
all	4533	2	886578	0.0000023
all	4535	1	886578	0.0000011
all	4540	2	886578	0.0000023
all	4543	2	886578	0.0000023
all	4544	1	886578	0.0000011
all	4545	2	886578	0.0000023
all	4548	1	886578	0.0000011
all	4550	1	886578	0.0000011
all	4551	1	886578	0.0000011
all	4552	2	886578	0.0000023
all	4553	1	886578	0.0000011
all	4555	1	886578	0.0000011
all	4558	1	886578	0.0000011
all	4559	2	886578	0.0000023
all	4560	1	886578	0.0000011
all	4564	1	886578	0.0000011
all	4566	2	886578	0.0000023
all	4567	1	886578	0.0000011
all	4568	1	886578	0.0000011
all	4572	1	886578	0.0000011
all	4573	2	886578	0.0000023
all	4574	2	886578	0.0000023
all	4576	2	886578	0.0000023
all	4578	2	886578	0.0000023
all	4579	1	886578	0.0000011
all	4581	1	886578	0.0000011
all	4582	3	886578	0.0000034
all	4584	1	886578	0.0000011
all	4587	2	886578	0.0000023
all	4588	1	886578	0.0000011
all	4589	1	886578	0.0000011
all	4592	3	886578	0.0000034
all	4594	1	886578	0.0000011
all	4595	1	886578	0.0000011
all	4596	1	886578	0.0000011
all	4599	4	886578	0.0000045
all	4600	3	886578	0.0000034
all	4602	1	886578	0.0000011
all	4603	2	886578	0.0000023
all	4604	1	886578	0.0000011
all	4606	2	886578	0.0000023
all	4607	1	886578	0.0000011
all	4608	1	886578	0.0000011
all	4609	1	886578	0.0000011
all	4612	1	886578	0.0000011
all	4613	1	886578	0.0000011
all	4614	3	886578	0.0000034
all	4618	2	886578	0.0000023
all	4619	2	886578	0.0000023
all	4621	3	886578	0.0000034
all	4622	2	886578	0.0000023
all	4623	2	886578	0.0000023
all	4624	3	886578	0.0000034
all	4625	4	886578	0.0000045
all	4627	2	886578	0.0000023
all	4628	1	886578	0.0000011
all	4629	2	886578	0.0000023
all	4630	1	886578	0.0000011
all	4631	4	886578	0.0000045
all	4632	2	886578	0.0000023
all	4633	2	886578	0.0000023
all	4635	5	886578	0.0000056
all	4636	2	886578	0.0000023
all	4638	1	886578	0.0000011
all	4639	2	886578	0.0000023
all	4640	1	886578	0.0000011
all	4641	2	886578	0.0000023
all	4648	1	886578	0.0000011
all	4649	1	886578	0.0000011
all	4651	4	886578	0.0000045
all	4654	2	886578	0.0000023
all	4655	2	886578	0.0000023
all	4656	1	886578	0.0000011
all	4659	1	886578	0.0000011
all	4661	2	886578	0.0000023
all	4663	2	886578	0.0000023
all	4664	2	886578	0.0000023
all	4666	3	886578	0.0000034
all	4667	2	886578	0.0000023
all	4668	2	886578	0.0000023
all	4669	2	886578	0.0000023
all	4670	2	886578	0.0000023
all	4671	2	886578	0.0000023
all	4672	1	886578	0.0000011
all	4673	1	886578	0.0000011
all	4674	1	886578	0.0000011
all	4675	2	886578	0.0000023
all	4677	1	886578	0.0000011
all	4678	1	886578	0.0000011
all	4679	1	886578	0.0000011
all	4680	2	886578	0.0000023
all	4681	1	886578	0.0000011
all	4683	1	886578	0.0000011
all	4685	1	886578	0.0000011
all	4688	3	886578	0.0000034
all	4689	1	886578	0.0000011
all	4690	1	886578	0.0000011
all	4691	1	886578	0.0000011
all	4695	1	886578	0.0000011
all	4696	2	886578	0.0000023
all	4699	1	886578	0.0000011
all	4700	1	886578	0.0000011
all	4701	1	886578	0.0000011
all	4702	1	886578	0.0000011
all	4703	2	886578	0.0000023
all	4704	1	886578	0.0000011
all	4705	2	886578	0.0000023
all	4706	4	886578	0.0000045
all	4707	2	886578	0.0000023
all	4709	1	886578	0.0000011
all	4710	1	886578	0.0000011
all	4711	2	886578	0.0000023
all	4712	1	886578	0.0000011
all	4714	1	886578	0.0000011
all	4716	1	886578	0.0000011
all	4722	1	886578	0.0000011
all	4724	1	886578	0.0000011
all	4726	1	886578	0.0000011
all	4729	1	886578	0.0000011
all	4731	2	886578	0.0000023
all	4733	1	886578	0.0000011
all	4735	1	886578	0.0000011
all	4736	1	886578	0.0000011
all	4738	1	886578	0.0000011
all	4739	1	886578	0.0000011
all	4741	1	886578	0.0000011
all	4742	1	886578	0.0000011
all	4743	1	886578	0.0000011
all	4744	2	886578	0.0000023
all	4747	1	886578	0.0000011
all	4748	2	886578	0.0000023
all	4752	2	886578	0.0000023
all	4753	1	886578	0.0000011
all	4756	1	886578	0.0000011
all	4757	2	886578	0.0000023
all	4760	2	886578	0.0000023
all	4762	2	886578	0.0000023
all	4764	1	886578	0.0000011
all	4769	1	886578	0.0000011
all	4776	3	886578	0.0000034
all	4777	2	886578	0.0000023
all	4778	1	886578	0.0000011
all	4779	1	886578	0.0000011
all	4780	1	886578	0.0000011
all	4781	1	886578	0.0000011
all	4784	1	886578	0.0000011
all	4786	1	886578	0.0000011
all	4789	2	886578	0.0000023
all	4790	1	886578	0.0000011
all	4791	1	886578	0.0000011
all	4792	1	886578	0.0000011
all	4793	2	886578	0.0000023
all	4795	3	886578	0.0000034
all	4797	2	886578	0.0000023
all	4800	1	886578	0.0000011
all	4804	1	886578	0.0000011
all	4808	1	886578	0.0000011
all	4809	2	886578	0.0000023
all	4812	3	886578	0.0000034
all	4814	1	886578	0.0000011
all	4815	1	886578	0.0000011
all	4817	5	886578	0.0000056
all	4819	2	886578	0.0000023
all	4822	1	886578	0.0000011
all	4829	2	886578	0.0000023
all	4836	1	886578	0.0000011
all	4839	2	886578	0.0000023
all	4844	2	886578	0.0000023
all	4847	1	886578	0.0000011
all	4848	2	886578	0.0000023
all	4849	2	886578	0.0000023
all	4850	1	886578	0.0000011
all	4857	1	886578	0.0000011
all	4859	2	886578	0.0000023
all	4862	1	886578	0.0000011
all	4863	1	886578	0.0000011
all	4864	1	886578	0.0000011
all	4866	1	886578	0.0000011
all	4867	2	886578	0.0000023
all	4868	1	886578	0.0000011
all	4869	2	886578	0.0000023
all	4871	1	886578	0.0000011
all	4874	1	886578	0.0000011
all	4876	1	886578	0.0000011
all	4878	1	886578	0.0000011
all	4880	1	886578	0.0000011
all	4885	1	886578	0.0000011
all	4886	1	886578	0.0000011
all	4892	1	886578	0.0000011
all	4893	1	886578	0.0000011
all	4895	1	886578	0.0000011
all	4897	1	886578	0.0000011
all	4901	1	886578	0.0000011
all	4903	1	886578	0.0000011
all	4907	1	886578	0.0000011
all	4909	1	886578	0.0000011
all	4913	2	886578	0.0000023
all	4914	1	886578	0.0000011
all	4918	1	886578	0.0000011
all	4921	1	886578	0.0000011
all	4922	1	886578	0.0000011
all	4925	1	886578	0.0000011
all	4928	1	886578	0.0000011
all	4929	1	886578	0.0000011
all	4930	1	886578	0.0000011
all	4932	1	886578	0.0000011
all	4935	1	886578	0.0000011
all	4939	1	886578	0.0000011
all	4944	1	886578	0.0000011
all	4948	2	886578	0.0000023
all	4951	1	886578	0.0000011
all	4952	1	886578	0.0000011
all	4957	1	886578	0.0000011
all	4959	1	886578	0.0000011
all	4960	1	886578	0.0000011
all	4961	1	886578	0.0000011
all	4962	2	886578	0.0000023
all	4965	1	886578	0.0000011
all	4966	2	886578	0.0000023
all	4968	1	886578	0.0000011
all	4969	1	886578	0.0000011
all	4970	1	886578	0.0000011
all	4973	1	886578	0.0000011
all	4974	1	886578	0.0000011
all	4977	1	886578	0.0000011
all	4978	1	886578	0.0000011
all	4984	1	886578	0.0000011
all	4985	2	886578	0.0000023
all	4986	2	886578	0.0000023
all	4988	1	886578	0.0000011
all	4990	1	886578	0.0000011
all	4992	1	886578	0.0000011
all	4995	1	886578	0.0000011
all	4996	1	886578	0.0000011
all	4997	1	886578	0.0000011
all	5002	1	886578	0.0000011
all	5004	1	886578	0.0000011
all	5005	2	886578	0.0000023
all	5011	1	886578	0.0000011
all	5016	1	886578	0.0000011
all	5020	1	886578	0.0000011
all	5022	1	886578	0.0000011
all	5023	1	886578	0.0000011
all	5024	2	886578	0.0000023
all	5025	1	886578	0.0000011
all	5026	2	886578	0.0000023
all	5027	1	886578	0.0000011
all	5030	1	886578	0.0000011
all	5032	2	886578	0.0000023
all	5033	1	886578	0.0000011
all	5034	2	886578	0.0000023
all	5035	1	886578	0.0000011
all	5037	1	886578	0.0000011
all	5038	1	886578	0.0000011
all	5039	1	886578	0.0000011
all	5041	1	886578	0.0000011
all	5042	2	886578	0.0000023
all	5044	1	886578	0.0000011
all	5045	1	886578	0.0000011
all	5046	1	886578	0.0000011
all	5047	1	886578	0.0000011
all	5048	1	886578	0.0000011
all	5049	2	886578	0.0000023
all	5054	1	886578	0.0000011
all	5055	1	886578	0.0000011
all	5058	1	886578	0.0000011
all	5061	1	886578	0.0000011
all	5064	2	886578	0.0000023
all	5066	1	886578	0.0000011
all	5068	2	886578	0.0000023
all	5070	1	886578	0.0000011
all	5071	1	886578	0.0000011
all	5072	1	886578	0.0000011
all	5073	1	886578	0.0000011
all	5074	1	886578	0.0000011
all	5077	1	886578	0.0000011
all	5078	1	886578	0.0000011
all	5079	1	886578	0.0000011
all	5080	2	886578	0.0000023
all	5084	1	886578	0.0000011
all	5085	1	886578	0.0000011
all	5089	2	886578	0.0000023
all	5090	1	886578	0.0000011
all	5091	1	886578	0.0000011
all	5094	2	886578	0.0000023
all	5095	2	886578	0.0000023
all	5096	2	886578	0.0000023
all	5097	1	886578	0.0000011
all	5098	1	886578	0.0000011
all	5101	3	886578	0.0000034
all	5104	1	886578	0.0000011
all	5106	1	886578	0.0000011
all	5109	1	886578	0.0000011
all	5114	1	886578	0.0000011
all	5117	2	886578	0.0000023
all	5118	1	886578	0.0000011
all	5120	1	886578	0.0000011
all	5122	1	886578	0.0000011
all	5123	1	886578	0.0000011
all	5128	1	886578	0.0000011
all	5129	1	886578	0.0000011
all	5130	1	886578	0.0000011
all	5131	1	886578	0.0000011
all	5133	1	886578	0.0000011
all	5136	1	886578	0.0000011
all	5137	2	886578	0.0000023
all	5138	1	886578	0.0000011
all	5139	1	886578	0.0000011
all	5140	1	886578	0.0000011
all	5146	1	886578	0.0000011
all	5148	1	886578	0.0000011
all	5149	1	886578	0.0000011
all	5151	1	886578	0.0000011
all	5159	1	886578	0.0000011
all	5160	2	886578	0.0000023
all	5161	1	886578	0.0000011
all	5162	1	886578	0.0000011
all	5164	1	886578	0.0000011
all	5167	1	886578	0.0000011
all	5168	2	886578	0.0000023
all	5169	1	886578	0.0000011
all	5170	1	886578	0.0000011
all	5172	3	886578	0.0000034
all	5177	1	886578	0.0000011
all	5179	1	886578	0.0000011
all	5180	1	886578	0.0000011
all	5181	1	886578	0.0000011
all	5182	1	886578	0.0000011
all	5184	2	886578	0.0000023
all	5187	2	886578	0.0000023
all	5188	4	886578	0.0000045
all	5189	4	886578	0.0000045
all	5190	3	886578	0.0000034
all	5191	3	886578	0.0000034
all	5192	2	886578	0.0000023
all	5194	3	886578	0.0000034
all	5196	1	886578	0.0000011
all	5197	5	886578	0.0000056
all	5199	1	886578	0.0000011
all	5201	3	886578	0.0000034
all	5202	2	886578	0.0000023
all	5203	2	886578	0.0000023
all	5205	2	886578	0.0000023
all	5206	1	886578	0.0000011
all	5207	1	886578	0.0000011
all	5208	1	886578	0.0000011
all	5209	1	886578	0.0000011
all	5210	1	886578	0.0000011
all	5214	1	886578	0.0000011
all	5215	1	886578	0.0000011
all	5216	2	886578	0.0000023
all	5217	1	886578	0.0000011
all	5220	1	886578	0.0000011
all	5222	4	886578	0.0000045
all	5223	2	886578	0.0000023
all	5226	1	886578	0.0000011
all	5228	1	886578	0.0000011
all	5231	1	886578	0.0000011
all	5233	3	886578	0.0000034
all	5241	1	886578	0.0000011
all	5243	1	886578	0.0000011
all	5244	1	886578	0.0000011
all	5247	1	886578	0.0000011
all	5249	1	886578	0.0000011
all	5251	2	886578	0.0000023
all	5252	1	886578	0.0000011
all	5260	1	886578	0.0000011
all	5262	2	886578	0.0000023
all	5264	1	886578	0.0000011
all	5265	2	886578	0.0000023
all	5267	1	886578	0.0000011
all	5268	1	886578	0.0000011
all	5274	1	886578	0.0000011
all	5275	2	886578	0.0000023
all	5276	1	886578	0.0000011
all	5278	1	886578	0.0000011
all	5279	1	886578	0.0000011
all	5290	3	886578	0.0000034
all	5291	1	886578	0.0000011
all	5293	1	886578	0.0000011
all	5294	2	886578	0.0000023
all	5297	1	886578	0.0000011
all	5298	1	886578	0.0000011
all	5300	1	886578	0.0000011
all	5305	1	886578	0.0000011
all	5306	1	886578	0.0000011
all	5312	1	886578	0.0000011
all	5316	2	886578	0.0000023
all	5323	1	886578	0.0000011
all	5335	2	886578	0.0000023
all	5341	1	886578	0.0000011
all	5343	1	886578	0.0000011
all	5347	1	886578	0.0000011
all	5348	1	886578	0.0000011
all	5350	1	886578	0.0000011
all	5354	1	886578	0.0000011
all	5355	2	886578	0.0000023
all	5357	1	886578	0.0000011
all	5362	1	886578	0.0000011
all	5370	1	886578	0.0000011
all	5371	1	886578	0.0000011
all	5374	2	886578	0.0000023
all	5377	1	886578	0.0000011
all	5384	1	886578	0.0000011
all	5385	1	886578	0.0000011
all	5389	1	886578	0.0000011
all	5399	2	886578	0.0000023
all	5404	1	886578	0.0000011
all	5406	1	886578	0.0000011
all	5411	1	886578	0.0000011
all	5412	1	886578	0.0000011
all	5414	2	886578	0.0000023
all	5424	1	886578	0.0000011
all	5425	1	886578	0.0000011
all	5426	1	886578	0.0000011
all	5431	1	886578	0.0000011
all	5433	1	886578	0.0000011
all	5438	2	886578	0.0000023
all	5444	1	886578	0.0000011
all	5455	1	886578	0.0000011
all	5457	1	886578	0.0000011
all	5458	2	886578	0.0000023
all	5460	1	886578	0.0000011
all	5462	1	886578	0.0000011
all	5470	1	886578	0.0000011
all	5474	2	886578	0.0000023
all	5475	3	886578	0.0000034
all	5488	1	886578	0.0000011
all	5489	2	886578	0.0000023
all	5492	2	886578	0.0000023
all	5493	1	886578	0.0000011
all	5494	1	886578	0.0000011
all	5498	1	886578	0.0000011
all	5499	1	886578	0.0000011
all	5501	1	886578	0.0000011
all	5502	1	886578	0.0000011
all	5505	2	886578	0.0000023
all	5512	2	886578	0.0000023
all	5515	2	886578	0.0000023
all	5519	1	886578	0.0000011
all	5521	1	886578	0.0000011
all	5523	1	886578	0.0000011
all	5525	1	886578	0.0000011
all	5526	1	886578	0.0000011
all	5527	1	886578	0.0000011
all	5533	1	886578	0.0000011
all	5537	1	886578	0.0000011
all	5544	1	886578	0.0000011
all	5552	1	886578	0.0000011
all	5553	1	886578	0.0000011
all	5554	1	886578	0.0000011
all	5555	2	886578	0.0000023
all	5559	1	886578	0.0000011
all	5562	2	886578	0.0000023
all	5568	1	886578	0.0000011
all	5570	2	886578	0.0000023
all	5571	1	886578	0.0000011
all	5572	1	886578	0.0000011
all	5575	1	886578	0.0000011
all	5578	2	886578	0.0000023
all	5582	1	886578	0.0000011
all	5585	1	886578	0.0000011
all	5587	1	886578	0.0000011
all	5588	1	886578	0.0000011
all	5589	1	886578	0.0000011
all	5590	1	886578	0.0000011
all	5593	1	886578	0.0000011
all	5594	1	886578	0.0000011
all	5595	1	886578	0.0000011
all	5596	1	886578	0.0000011
all	5598	2	886578	0.0000023
all	5599	1	886578	0.0000011
all	5606	1	886578	0.0000011
all	5611	1	886578	0.0000011
all	5612	1	886578	0.0000011
all	5613	1	886578	0.0000011
all	5615	1	886578	0.0000011
all	5617	1	886578	0.0000011
all	5618	1	886578	0.0000011
all	5622	1	886578	0.0000011
all	5624	1	886578	0.0000011
all	5625	1	886578	0.0000011
all	5637	1	886578	0.0000011
all	5642	1	886578	0.0000011
all	5647	1	886578	0.0000011
all	5648	1	886578	0.0000011
all	5652	1	886578	0.0000011
all	5654	1	886578	0.0000011
all	5655	2	886578	0.0000023
all	5658	1	886578	0.0000011
all	5659	1	886578	0.0000011
all	5664	2	886578	0.0000023
all	5668	1	886578	0.0000011
all	5670	1	886578	0.0000011
all	5685	1	886578	0.0000011
all	5688	1	886578	0.0000011
all	5691	1	886578	0.0000011
all	5692	1	886578	0.0000011
all	5699	1	886578	0.0000011
all	5701	1	886578	0.0000011
all	5702	1	886578	0.0000011
all	5710	1	886578	0.0000011
all	5716	1	886578	0.0000011
all	5721	1	886578	0.0000011
all	5730	1	886578	0.0000011
all	5731	1	886578	0.0000011
all	5733	1	886578	0.0000011
all	5738	2	886578	0.0000023
all	5739	2	886578	0.0000023
all	5740	1	886578	0.0000011
all	5741	1	886578	0.0000011
all	5747	1	886578	0.0000011
all	5753	1	886578	0.0000011
all	5755	2	886578	0.0000023
all	5766	1	886578	0.0000011
all	5770	1	886578	0.0000011
all	5771	1	886578	0.0000011
all	5774	1	886578	0.0000011
all	5777	1	886578	0.0000011
all	5779	1	886578	0.0000011
all	5780	2	886578	0.0000023
all	5784	2	886578	0.0000023
all	5787	1	886578	0.0000011
all	5794	1	886578	0.0000011
all	5803	1	886578	0.0000011
all	5805	2	886578	0.0000023
all	5808	1	886578	0.0000011
all	5809	1	886578	0.0000011
all	5812	2	886578	0.0000023
all	5813	1	886578	0.0000011
all	5815	1	886578	0.0000011
all	5822	1	886578	0.0000011
all	5824	1	886578	0.0000011
all	5825	1	886578	0.0000011
all	5827	1	886578	0.0000011
all	5831	1	886578	0.0000011
all	5834	1	886578	0.0000011
all	5837	3	886578	0.0000034
all	5838	1	886578	0.0000011
all	5842	1	886578	0.0000011
all	5844	1	886578	0.0000011
all	5850	1	886578	0.0000011
all	5855	2	886578	0.0000023
all	5856	1	886578	0.0000011
all	5862	1	886578	0.0000011
all	5864	1	886578	0.0000011
all	5866	2	886578	0.0000023
all	5868	1	886578	0.0000011
all	5870	1	886578	0.0000011
all	5871	2	886578	0.0000023
all	5873	3	886578	0.0000034
all	5876	2	886578	0.0000023
all	5878	1	886578	0.0000011
all	5880	2	886578	0.0000023
all	5884	1	886578	0.0000011
all	5886	1	886578	0.0000011
all	5890	1	886578	0.0000011
all	5891	1	886578	0.0000011
all	5892	1	886578	0.0000011
all	5894	2	886578	0.0000023
all	5895	1	886578	0.0000011
all	5897	1	886578	0.0000011
all	5901	2	886578	0.0000023
all	5903	1	886578	0.0000011
all	5904	1	886578	0.0000011
all	5905	1	886578	0.0000011
all	5906	2	886578	0.0000023
all	5911	2	886578	0.0000023
all	5912	1	886578	0.0000011
all	5917	3	886578	0.0000034
all	5918	1	886578	0.0000011
all	5921	1	886578	0.0000011
all	5922	1	886578	0.0000011
all	5924	1	886578	0.0000011
all	5926	2	886578	0.0000023
all	5928	1	886578	0.0000011
all	5929	1	886578	0.0000011
all	5933	1	886578	0.0000011
all	5939	1	886578	0.0000011
all	5940	2	886578	0.0000023
all	5943	2	886578	0.0000023
all	5946	2	886578	0.0000023
all	5947	2	886578	0.0000023
all	5958	1	886578	0.0000011
all	5963	2	886578	0.0000023
all	5964	1	886578	0.0000011
all	5967	2	886578	0.0000023
all	5968	1	886578	0.0000011
all	5982	1	886578	0.0000011
all	5988	2	886578	0.0000023
all	5994	1	886578	0.0000011
all	5999	2	886578	0.0000023
all	6000	1	886578	0.0000011
all	6004	1	886578	0.0000011
all	6007	1	886578	0.0000011
all	6010	1	886578	0.0000011
all	6016	1	886578	0.0000011
all	6018	1	886578	0.0000011
all	6020	1	886578	0.0000011
all	6021	1	886578	0.0000011
all	6022	1	886578	0.0000011
all	6026	2	886578	0.0000023
all	6027	1	886578	0.0000011
all	6029	1	886578	0.0000011
all	6039	1	886578	0.0000011
all	6042	1	886578	0.0000011
all	6044	1	886578	0.0000011
all	6045	1	886578	0.0000011
all	6050	1	886578	0.0000011
all	6051	1	886578	0.0000011
all	6056	1	886578	0.0000011
all	6057	1	886578	0.0000011
all	6059	1	886578	0.0000011
all	6060	1	886578	0.0000011
all	6068	2	886578	0.0000023
all	6069	1	886578	0.0000011
all	6070	1	886578	0.0000011
all	6072	1	886578	0.0000011
all	6075	1	886578	0.0000011
all	6077	2	886578	0.0000023
all	6079	1	886578	0.0000011
all	6081	1	886578	0.0000011
all	6082	2	886578	0.0000023
all	6090	1	886578	0.0000011
all	6093	2	886578	0.0000023
all	6102	1	886578	0.0000011
all	6103	2	886578	0.0000023
all	6104	1	886578	0.0000011
all	6108	1	886578	0.0000011
all	6118	1	886578	0.0000011
all	6119	1	886578	0.0000011
all	6122	1	886578	0.0000011
all	6124	1	886578	0.0000011
all	6130	1	886578	0.0000011
all	6131	1	886578	0.0000011
all	6132	1	886578	0.0000011
all	6139	1	886578	0.0000011
all	6144	1	886578	0.0000011
all	6145	1	886578	0.0000011
all	6149	1	886578	0.0000011
all	6152	1	886578	0.0000011
all	6153	1	886578	0.0000011
all	6158	1	886578	0.0000011
all	6159	1	886578	0.0000011
all	6163	1	886578	0.0000011
all	6165	1	886578	0.0000011
all	6166	1	886578	0.0000011
all	6168	1	886578	0.0000011
all	6170	2	886578	0.0000023
all	6171	1	886578	0.0000011
all	6176	1	886578	0.0000011
all	6179	1	886578	0.0000011
all	6180	1	886578	0.0000011
all	6181	1	886578	0.0000011
all	6182	1	886578	0.0000011
all	6188	1	886578	0.0000011
all	6189	1	886578	0.0000011
all	6195	1	886578	0.0000011
all	6199	1	886578	0.0000011
all	6200	1	886578	0.0000011
all	6203	1	886578	0.0000011
all	6204	1	886578	0.0000011
all	6207	1	886578	0.0000011
all	6210	1	886578	0.0000011
all	6211	3	886578	0.0000034
all	6215	1	886578	0.0000011
all	6216	1	886578	0.0000011
all	6221	1	886578	0.0000011
all	6224	1	886578	0.0000011
all	6227	1	886578	0.0000011
all	6228	1	886578	0.0000011
all	6229	2	886578	0.0000023
all	6232	1	886578	0.0000011
all	6234	1	886578	0.0000011
all	6237	1	886578	0.0000011
all	6238	1	886578	0.0000011
all	6240	1	886578	0.0000011
all	6242	1	886578	0.0000011
all	6244	1	886578	0.0000011
all	6245	1	886578	0.0000011
all	6247	1	886578	0.0000011
all	6248	1	886578	0.0000011
all	6249	1	886578	0.0000011
all	6252	2	886578	0.0000023
all	6253	2	886578	0.0000023
all	6255	1	886578	0.0000011
all	6257	1	886578	0.0000011
all	6259	1	886578	0.0000011
all	6265	1	886578	0.0000011
all	6268	1	886578	0.0000011
all	6270	1	886578	0.0000011
all	6271	1	886578	0.0000011
all	6273	1	886578	0.0000011
all	6278	1	886578	0.0000011
all	6283	1	886578	0.0000011
all	6285	2	886578	0.0000023
all	6288	3	886578	0.0000034
all	6289	2	886578	0.0000023
all	6293	1	886578	0.0000011
all	6294	1	886578	0.0000011
all	6296	1	886578	0.0000011
all	6297	1	886578	0.0000011
all	6300	1	886578	0.0000011
all	6302	2	886578	0.0000023
all	6304	1	886578	0.0000011
all	6307	1	886578	0.0000011
all	6308	2	886578	0.0000023
all	6309	1	886578	0.0000011
all	6312	1	886578	0.0000011
all	6313	1	886578	0.0000011
all	6314	1	886578	0.0000011
all	6315	2	886578	0.0000023
all	6316	2	886578	0.0000023
all	6317	1	886578	0.0000011
all	6318	1	886578	0.0000011
all	6320	2	886578	0.0000023
all	6321	2	886578	0.0000023
all	6322	1	886578	0.0000011
all	6324	1	886578	0.0000011
all	6326	1	886578	0.0000011
all	6328	1	886578	0.0000011
all	6329	1	886578	0.0000011
all	6330	1	886578	0.0000011
all	6332	1	886578	0.0000011
all	6333	1	886578	0.0000011
all	6334	1	886578	0.0000011
all	6335	1	886578	0.0000011
all	6336	1	886578	0.0000011
all	6337	1	886578	0.0000011
all	6339	1	886578	0.0000011
all	6344	1	886578	0.0000011
all	6345	2	886578	0.0000023
all	6346	1	886578	0.0000011
all	6347	1	886578	0.0000011
all	6349	2	886578	0.0000023
all	6352	1	886578	0.0000011
all	6356	1	886578	0.0000011
all	6360	1	886578	0.0000011
all	6361	2	886578	0.0000023
all	6364	1	886578	0.0000011
all	6366	1	886578	0.0000011
all	6378	1	886578	0.0000011
all	6379	1	886578	0.0000011
all	6380	2	886578	0.0000023
all	6381	1	886578	0.0000011
all	6383	1	886578	0.0000011
all	6384	1	886578	0.0000011
all	6389	1	886578	0.0000011
all	6394	1	886578	0.0000011
all	6396	1	886578	0.0000011
all	6398	3	886578	0.0000034
all	6399	2	886578	0.0000023
all	6402	1	886578	0.0000011
all	6404	1	886578	0.0000011
all	6405	1	886578	0.0000011
all	6409	1	886578	0.0000011
all	6415	1	886578	0.0000011
all	6416	1	886578	0.0000011
all	6417	1	886578	0.0000011
all	6421	1	886578	0.0000011
all	6425	1	886578	0.0000011
all	6426	1	886578	0.0000011
all	6433	1	886578	0.0000011
all	6434	1	886578	0.0000011
all	6437	1	886578	0.0000011
all	6438	2	886578	0.0000023
all	6442	1	886578	0.0000011
all	6444	1	886578	0.0000011
all	6446	1	886578	0.0000011
all	6449	1	886578	0.0000011
all	6450	1	886578	0.0000011
all	6455	1	886578	0.0000011
all	6456	1	886578	0.0000011
all	6457	1	886578	0.0000011
all	6458	1	886578	0.0000011
all	6460	3	886578	0.0000034
all	6461	1	886578	0.0000011
all	6462	1	886578	0.0000011
all	6463	1	886578	0.0000011
all	6465	2	886578	0.0000023
all	6471	2	886578	0.0000023
all	6473	1	886578	0.0000011
all	6475	1	886578	0.0000011
all	6476	2	886578	0.0000023
all	6478	1	886578	0.0000011
all	6479	1	886578	0.0000011
all	6481	2	886578	0.0000023
all	6482	3	886578	0.0000034
all	6485	1	886578	0.0000011
all	6487	1	886578	0.0000011
all	6491	1	886578	0.0000011
all	6493	1	886578	0.0000011
all	6494	1	886578	0.0000011
all	6497	1	886578	0.0000011
all	6501	1	886578	0.0000011
all	6506	1	886578	0.0000011
all	6507	1	886578	0.0000011
all	6510	1	886578	0.0000011
all	6512	3	886578	0.0000034
all	6515	1	886578	0.0000011
all	6516	2	886578	0.0000023
all	6517	1	886578	0.0000011
all	6533	1	886578	0.0000011
all	6538	1	886578	0.0000011
all	6543	1	886578	0.0000011
all	6544	1	886578	0.0000011
all	6545	1	886578	0.0000011
all	6546	1	886578	0.0000011
all	6548	1	886578	0.0000011
all	6551	1	886578	0.0000011
all	6556	1	886578	0.0000011
all	6564	1	886578	0.0000011
all	6566	1	886578	0.0000011
all	6572	1	886578	0.0000011
all	6578	1	886578	0.0000011
all	6582	1	886578	0.0000011
all	6583	1	886578	0.0000011
all	6587	1	886578	0.0000011
all	6596	1	886578	0.0000011
all	6597	2	886578	0.0000023
all	6598	1	886578	0.0000011
all	6603	1	886578	0.0000011
all	6609	1	886578	0.0000011
all	6616	1	886578	0.0000011
all	6620	1	886578	0.0000011
all	6623	1	886578	0.0000011
all	6629	1	886578	0.0000011
all	6634	1	886578	0.0000011
all	6638	1	886578	0.0000011
all	6644	1	886578	0.0000011
all	6650	1	886578	0.0000011
all	6652	2	886578	0.0000023
all	6656	1	886578	0.0000011
all	6660	1	886578	0.0000011
all	6668	1	886578	0.0000011
all	6671	1	886578	0.0000011
all	6673	1	886578	0.0000011
all	6685	1	886578	0.0000011
all	6687	1	886578	0.0000011
all	6688	1	886578	0.0000011
all	6697	1	886578	0.0000011
all	6709	1	886578	0.0000011
all	6711	1	886578	0.0000011
all	6726	1	886578	0.0000011
all	6727	2	886578	0.0000023
all	6728	1	886578	0.0000011
all	6735	1	886578	0.0000011
all	6737	2	886578	0.0000023
all	6751	1	886578	0.0000011
all	6757	2	886578	0.0000023
all	6763	1	886578	0.0000011
all	6777	1	886578	0.0000011
all	6784	1	886578	0.0000011
all	6787	2	886578	0.0000023
all	6789	2	886578	0.0000023
all	6791	1	886578	0.0000011
all	6794	1	886578	0.0000011
all	6796	1	886578	0.0000011
all	6798	1	886578	0.0000011
all	6806	1	886578	0.0000011
all	6809	1	886578	0.0000011
all	6814	1	886578	0.0000011
all	6821	1	886578	0.0000011
all	6824	1	886578	0.0000011
all	6829	1	886578	0.0000011
all	6835	1	886578	0.0000011
all	6837	1	886578	0.0000011
all	6841	1	886578	0.0000011
all	6842	2	886578	0.0000023
all	6844	1	886578	0.0000011
all	6846	1	886578	0.0000011
all	6857	2	886578	0.0000023
all	6861	1	886578	0.0000011
all	6864	1	886578	0.0000011
all	6867	1	886578	0.0000011
all	6868	1	886578	0.0000011
all	6878	1	886578	0.0000011
all	6879	1	886578	0.0000011
all	6882	1	886578	0.0000011
all	6884	2	886578	0.0000023
all	6885	1	886578	0.0000011
all	6894	1	886578	0.0000011
all	6899	1	886578	0.0000011
all	6907	1	886578	0.0000011
all	6910	1	886578	0.0000011
all	6913	1	886578	0.0000011
all	6915	2	886578	0.0000023
all	6918	2	886578	0.0000023
all	6919	1	886578	0.0000011
all	6935	1	886578	0.0000011
all	6943	1	886578	0.0000011
all	6944	1	886578	0.0000011
all	6945	2	886578	0.0000023
all	6948	1	886578	0.0000011
all	6949	1	886578	0.0000011
all	6950	2	886578	0.0000023
all	6953	1	886578	0.0000011
all	6961	1	886578	0.0000011
all	6965	1	886578	0.0000011
all	6971	1	886578	0.0000011
all	6972	1	886578	0.0000011
all	6974	1	886578	0.0000011
all	6975	2	886578	0.0000023
all	6977	1	886578	0.0000011
all	6983	1	886578	0.0000011
all	6996	1	886578	0.0000011
all	6997	1	886578	0.0000011
all	7000	2	886578	0.0000023
all	7010	1	886578	0.0000011
all	7032	2	886578	0.0000023
all	7055	1	886578	0.0000011
all	7056	1	886578	0.0000011
all	7066	1	886578	0.0000011
all	7068	1	886578	0.0000011
all	7077	1	886578	0.0000011
all	7083	1	886578	0.0000011
all	7091	1	886578	0.0000011
all	7092	1	886578	0.0000011
all	7093	1	886578	0.0000011
all	7104	1	886578	0.0000011
all	7112	1	886578	0.0000011
all	7114	1	886578	0.0000011
all	7122	2	886578	0.0000023
all	7127	1	886578	0.0000011
all	7132	1	886578	0.0000011
all	7139	2	886578	0.0000023
all	7169	1	886578	0.0000011
all	7170	1	886578	0.0000011
all	7179	1	886578	0.0000011
all	7180	1	886578	0.0000011
all	7207	1	886578	0.0000011
all	7213	1	886578	0.0000011
all	7217	1	886578	0.0000011
all	7225	1	886578	0.0000011
all	7226	1	886578	0.0000011
all	7234	1	886578	0.0000011
all	7236	1	886578	0.0000011
all	7242	1	886578	0.0000011
all	7246	1	886578	0.0000011
all	7252	1	886578	0.0000011
all	7253	1	886578	0.0000011
all	7265	1	886578	0.0000011
all	7273	1	886578	0.0000011
all	7275	1	886578	0.0000011
all	7286	1	886578	0.0000011
all	7302	1	886578	0.0000011
all	7307	1	886578	0.0000011
all	7317	1	886578	0.0000011
all	7322	1	886578	0.0000011
all	7325	1	886578	0.0000011
all	7329	1	886578	0.0000011
all	7330	1	886578	0.0000011
all	7347	1	886578	0.0000011
all	7349	1	886578	0.0000011
all	7356	1	886578	0.0000011
all	7358	1	886578	0.0000011
all	7359	1	886578	0.0000011
all	7371	1	886578	0.0000011
all	7379	1	886578	0.0000011
all	7389	2	886578	0.0000023
all	7395	1	886578	0.0000011
all	7402	2	886578	0.0000023
all	7406	1	886578	0.0000011
all	7407	1	886578	0.0000011
all	7412	1	886578	0.0000011
all	7415	1	886578	0.0000011
all	7424	1	886578	0.0000011
all	7430	1	886578	0.0000011
all	7440	1	886578	0.0000011
all	7443	1	886578	0.0000011
all	7454	1	886578	0.0000011
all	7455	1	886578	0.0000011
all	7458	1	886578	0.0000011
all	7461	1	886578	0.0000011
all	7462	1	886578	0.0000011
all	7468	1	886578	0.0000011
all	7472	1	886578	0.0000011
all	7474	1	886578	0.0000011
all	7486	1	886578	0.0000011
all	7489	1	886578	0.0000011
all	7491	1	886578	0.0000011
all	7498	1	886578	0.0000011
all	7500	1	886578	0.0000011
all	7505	1	886578	0.0000011
all	7522	1	886578	0.0000011
all	7531	1	886578	0.0000011
all	7532	1	886578	0.0000011
all	7540	1	886578	0.0000011
all	7542	2	886578	0.0000023
all	7551	1	886578	0.0000011
all	7557	1	886578	0.0000011
all	7563	2	886578	0.0000023
all	7565	1	886578	0.0000011
all	7571	1	886578	0.0000011
all	7573	1	886578	0.0000011
all	7582	1	886578	0.0000011
all	7584	2	886578	0.0000023
all	7586	1	886578	0.0000011
all	7588	1	886578	0.0000011
all	7591	1	886578	0.0000011
all	7593	1	886578	0.0000011
all	7598	1	886578	0.0000011
all	7607	1	886578	0.0000011
all	7610	1	886578	0.0000011
all	7615	1	886578	0.0000011
all	7619	1	886578	0.0000011
all	7620	1	886578	0.0000011
all	7621	3	886578	0.0000034
all	7628	1	886578	0.0000011
all	7629	1	886578	0.0000011
all	7630	1	886578	0.0000011
all	7633	1	886578	0.0000011
all	7640	1	886578	0.0000011
all	7641	1	886578	0.0000011
all	7658	1	886578	0.0000011
all	7669	1	886578	0.0000011
all	7670	1	886578	0.0000011
all	7677	1	886578	0.0000011
all	7685	1	886578	0.0000011
all	7686	1	886578	0.0000011
all	7690	1	886578	0.0000011
all	7693	1	886578	0.0000011
all	7716	1	886578	0.0000011
all	7724	1	886578	0.0000011
all	7730	2	886578	0.0000023
all	7739	1	886578	0.0000011
all	7742	1	886578	0.0000011
all	7749	1	886578	0.0000011
all	7752	1	886578	0.0000011
all	7763	1	886578	0.0000011
all	7768	2	886578	0.0000023
all	7777	1	886578	0.0000011
all	7780	1	886578	0.0000011
all	7784	1	886578	0.0000011
all	7794	1	886578	0.0000011
all	7801	1	886578	0.0000011
all	7802	2	886578	0.0000023
all	7827	1	886578	0.0000011
all	7830	1	886578	0.0000011
all	7833	1	886578	0.0000011
all	7839	2	886578	0.0000023
all	7855	1	886578	0.0000011
all	7857	1	886578	0.0000011
all	7859	1	886578	0.0000011
all	7864	1	886578	0.0000011
all	7869	1	886578	0.0000011
all	7877	1	886578	0.0000011
all	7880	2	886578	0.0000023
all	7881	1	886578	0.0000011
all	7896	1	886578	0.0000011
all	7904	1	886578	0.0000011
all	7907	1	886578	0.0000011
all	7908	1	886578	0.0000011
all	7915	1	886578	0.0000011
all	7920	2	886578	0.0000023
all	7923	1	886578	0.0000011
all	7926	1	886578	0.0000011
all	7927	1	886578	0.0000011
all	7928	1	886578	0.0000011
all	7930	2	886578	0.0000023
all	7934	1	886578	0.0000011
all	7935	1	886578	0.0000011
all	7936	1	886578	0.0000011
all	7938	1	886578	0.0000011
all	7939	2	886578	0.0000023
all	7940	1	886578	0.0000011
all	7941	1	886578	0.0000011
all	7950	1	886578	0.0000011
all	7952	1	886578	0.0000011
all	7953	1	886578	0.0000011
all	7955	1	886578	0.0000011
all	7963	1	886578	0.0000011
all	7964	1	886578	0.0000011
all	7965	1	886578	0.0000011
all	7973	1	886578	0.0000011
all	7981	1	886578	0.0000011
all	7988	2	886578	0.0000023
all	7992	1	886578	0.0000011
all	8002	1	886578	0.0000011
all	8003	1	886578	0.0000011
all	8004	1	886578	0.0000011
all	8005	1	886578	0.0000011
all	8007	1	886578	0.0000011
all	8009	1	886578	0.0000011
all	8010	1	886578	0.0000011
all	8015	1	886578	0.0000011
all	8022	1	886578	0.0000011
all	8025	1	886578	0.0000011
all	8027	1	886578	0.0000011
all	8029	1	886578	0.0000011
all	8031	1	886578	0.0000011
all	8032	1	886578	0.0000011
all	8046	1	886578	0.0000011
all	8053	2	886578	0.0000023
all	8059	1	886578	0.0000011
all	8066	1	886578	0.0000011
all	8071	1	886578	0.0000011
all	8072	1	886578	0.0000011
all	8088	1	886578	0.0000011
all	8101	1	886578	0.0000011
all	8102	1	886578	0.0000011
all	8105	1	886578	0.0000011
all	8112	1	886578	0.0000011
all	8115	1	886578	0.0000011
all	8120	1	886578	0.0000011
all	8121	1	886578	0.0000011
all	8126	1	886578	0.0000011
all	8132	1	886578	0.0000011
all	8133	1	886578	0.0000011
all	8135	1	886578	0.0000011
all	8136	1	886578	0.0000011
all	8137	1	886578	0.0000011
all	8138	1	886578	0.0000011
all	8139	1	886578	0.0000011
all	8140	1	886578	0.0000011
all	8150	1	886578	0.0000011
all	8151	1	886578	0.0000011
all	8155	1	886578	0.0000011
all	8157	1	886578	0.0000011
all	8159	1	886578	0.0000011
all	8160	1	886578	0.0000011
all	8163	1	886578	0.0000011
all	8165	2	886578	0.0000023
all	8175	1	886578	0.0000011
all	8180	1	886578	0.0000011
all	8189	1	886578	0.0000011
all	8195	1	886578	0.0000011
all	8199	1	886578	0.0000011
all	8206	1	886578	0.0000011
all	8209	1	886578	0.0000011
all	8249	2	886578	0.0000023
all	8261	1	886578	0.0000011
all	8265	1	886578	0.0000011
all	8276	1	886578	0.0000011
all	8280	1	886578	0.0000011
all	8281	1	886578	0.0000011
all	8292	1	886578	0.0000011
all	8305	1	886578	0.0000011
all	8307	1	886578	0.0000011
all	8315	1	886578	0.0000011
all	8318	2	886578	0.0000023
all	8324	1	886578	0.0000011
all	8328	1	886578	0.0000011
all	8340	1	886578	0.0000011
all	8341	1	886578	0.0000011
all	8343	1	886578	0.0000011
all	8346	1	886578	0.0000011
all	8347	1	886578	0.0000011
all	8348	1	886578	0.0000011
all	8351	1	886578	0.0000011
all	8352	2	886578	0.0000023
all	8356	2	886578	0.0000023
all	8357	1	886578	0.0000011
all	8361	2	886578	0.0000023
all	8362	1	886578	0.0000011
all	8365	1	886578	0.0000011
all	8366	1	886578	0.0000011
all	8374	1	886578	0.0000011
all	8382	1	886578	0.0000011
all	8398	1	886578	0.0000011
all	8411	1	886578	0.0000011
all	8417	1	886578	0.0000011
all	8424	1	886578	0.0000011
all	8438	1	886578	0.0000011
all	8457	1	886578	0.0000011
all	8467	1	886578	0.0000011
all	8471	1	886578	0.0000011
all	8487	1	886578	0.0000011
all	8500	1	886578	0.0000011
all	8502	1	886578	0.0000011
all	8532	1	886578	0.0000011
all	8533	1	886578	0.0000011
all	8543	1	886578	0.0000011
all	8565	1	886578	0.0000011
all	8568	1	886578	0.0000011
all	8573	1	886578	0.0000011
all	8607	1	886578	0.0000011
all	8631	1	886578	0.0000011
all	8635	1	886578	0.0000011
all	8672	1	886578	0.0000011
all	8706	1	886578	0.0000011
all	8731	1	886578	0.0000011
all	8750	1	886578	0.0000011
all	8753	1	886578	0.0000011
all	8767	1	886578	0.0000011
all	8769	1	886578	0.0000011
all	8784	1	886578	0.0000011
all	8798	1	886578	0.0000011
all	8814	1	886578	0.0000011
all	8822	1	886578	0.0000011
all	8828	1	886578	0.0000011
all	8844	1	886578	0.0000011
all	8852	1	886578	0.0000011
all	8861	1	886578	0.0000011
all	8882	1	886578	0.0000011
all	8883	1	886578	0.0000011
all	8905	1	886578	0.0000011
all	8906	1	886578	0.0000011
all	8919	1	886578	0.0000011
all	8958	1	886578	0.0000011
all	8963	1	886578	0.0000011
all	8974	1	886578	0.0000011
all	9014	1	886578	0.0000011
all	9016	1	886578	0.0000011
all	9042	1	886578	0.0000011
all	9047	1	886578	0.0000011
all	9071	1	886578	0.0000011
all	9088	1	886578	0.0000011
all	9102	1	886578	0.0000011
all	9122	1	886578	0.0000011
all	9128	1	886578	0.0000011
all	9130	1	886578	0.0000011
all	9140	1	886578	0.0000011
all	9150	1	886578	0.0000011
all	9159	1	886578	0.0000011
all	9182	1	886578	0.0000011
all	9185	1	886578	0.0000011
all	9214	2	886578	0.0000023
all	9227	1	886578	0.0000011
all	9247	1	886578	0.0000011
all	9267	1	886578	0.0000011
all	9298	1	886578	0.0000011
all	9305	1	886578	0.0000011
all	9331	1	886578	0.0000011
all	9359	1	886578	0.0000011
all	9362	1	886578	0.0000011
all	9365	1	886578	0.0000011
all	9377	2	886578	0.0000023
all	9401	1	886578	0.0000011
all	9406	1	886578	0.0000011
all	9414	1	886578	0.0000011
all	9422	1	886578	0.0000011
all	9454	1	886578	0.0000011
all	9470	1	886578	0.0000011
all	9474	1	886578	0.0000011
all	9476	1	886578	0.0000011
all	9482	1	886578	0.0000011
all	9534	1	886578	0.0000011
all	9538	1	886578	0.0000011
all	9546	1	886578	0.0000011
all	9548	1	886578	0.0000011
all	9558	1	886578	0.0000011
all	9568	1	886578	0.0000011
all	9576	1	886578	0.0000011
all	9582	1	886578	0.0000011
all	9591	1	886578	0.0000011
all	9620	1	886578	0.0000011
all	9635	1	886578	0.0000011
all	9647	1	886578	0.0000011
all	9653	1	886578	0.0000011
all	9659	1	886578	0.0000011
all	9666	1	886578	0.0000011
all	9671	1	886578	0.0000011
all	9674	1	886578	0.0000011
all	9676	1	886578	0.0000011
all	9683	1	886578	0.0000011
all	9693	1	886578	0.0000011
all	9694	1	886578	0.0000011
all	9721	1	886578	0.0000011
all	9738	1	886578	0.0000011
all	9749	1	886578	0.0000011
all	9752	1	886578	0.0000011
all	9767	1	886578	0.0000011
all	9799	1	886578	0.0000011
all	9806	1	886578	0.0000011
all	9811	1	886578	0.0000011
all	9833	1	886578	0.0000011
all	9836	1	886578	0.0000011
all	9842	1	886578	0.0000011
all	9851	1	886578	0.0000011
all	9879	1	886578	0.0000011
all	9880	1	886578	0.0000011
all	9901	1	886578	0.0000011
all	9924	1	886578	0.0000011
all	9927	1	886578	0.0000011
all	9942	1	886578	0.0000011
all	9946	1	886578	0.0000011
all	9949	1	886578	0.0000011
all	9966	1	886578	0.0000011
all	9976	1	886578	0.0000011
all	9985	1	886578	0.0000011
all	9995	1	886578	0.0000011
all	9996	1	886578	0.0000011
all	9998	1	886578	0.0000011
all	10003	1	886578	0.0000011
all	10033	1	886578	0.0000011
all	10064	1	886578	0.0000011
all	10070	1	886578	0.0000011
all	10071	1	886578	0.0000011
all	10072	1	886578	0.0000011
all	10074	1	886578	0.0000011
all	10082	1	886578	0.0000011
all	10085	1	886578	0.0000011
all	10089	1	886578	0.0000011
all	10091	1	886578	0.0000011
all	10095	1	886578	0.0000011
all	10100	1	886578	0.0000011
all	10107	1	886578	0.0000011
all	10116	1	886578	0.0000011
all	10117	1	886578	0.0000011
all	10129	2	886578	0.0000023
all	10131	1	886578	0.0000011
all	10139	1	886578	0.0000011
all	10143	2	886578	0.0000023
all	10145	1	886578	0.0000011
all	10146	1	886578	0.0000011
all	10149	1	886578	0.0000011
all	10152	1	886578	0.0000011
all	10153	1	886578	0.0000011
all	10156	2	886578	0.0000023
all	10159	1	886578	0.0000011
all	10172	1	886578	0.0000011
all	10174	1	886578	0.0000011
all	10194	1	886578	0.0000011
all	10278	1	886578	0.0000011
all	10284	1	886578	0.0000011
all	10291	1	886578	0.0000011
all	10308	1	886578	0.0000011
all	10327	1	886578	0.0000011
all	10333	1	886578	0.0000011
all	10348	1	886578	0.0000011
all	10367	1	886578	0.0000011
all	10369	1	886578	0.0000011
all	10430	1	886578	0.0000011
all	10432	1	886578	0.0000011
all	10441	1	886578	0.0000011
all	10449	1	886578	0.0000011
all	10476	1	886578	0.0000011
all	10482	1	886578	0.0000011
all	10486	1	886578	0.0000011
all	10497	1	886578	0.0000011
all	10546	1	886578	0.0000011
all	10552	1	886578	0.0000011
all	10582	1	886578	0.0000011
all	10588	1	886578	0.0000011
all	10594	1	886578	0.0000011
all	10601	1	886578	0.0000011
all	10611	1	886578	0.0000011
all	10632	1	886578	0.0000011
all	10655	1	886578	0.0000011
all	10720	1	886578	0.0000011
all	10744	1	886578	0.0000011
all	10758	1	886578	0.0000011
all	10759	1	886578	0.0000011
all	10797	1	886578	0.0000011
all	10804	1	886578	0.0000011
all	10821	1	886578	0.0000011
all	10830	1	886578	0.0000011
all	10857	1	886578	0.0000011
all	10893	1	886578	0.0000011
all	10938	1	886578	0.0000011
all	10949	1	886578	0.0000011
all	10992	1	886578	0.0000011
all	11016	1	886578	0.0000011
all	11018	1	886578	0.0000011
all	11088	1	886578	0.0000011
all	11089	1	886578	0.0000011
all	11106	1	886578	0.0000011
all	11129	1	886578	0.0000011
all	11134	1	886578	0.0000011
all	11152	1	886578	0.0000011
all	11153	1	886578	0.0000011
all	11170	1	886578	0.0000011
all	11198	1	886578	0.0000011
all	11207	1	886578	0.0000011
all	11210	1	886578	0.0000011
all	11213	1	886578	0.0000011
all	11242	1	886578	0.0000011
all	11268	1	886578	0.0000011
all	11279	1	886578	0.0000011
all	11302	1	886578	0.0000011
all	11313	1	886578	0.0000011
all	11318	1	886578	0.0000011
all	11323	1	886578	0.0000011
all	11324	1	886578	0.0000011
all	11333	1	886578	0.0000011
all	11337	1	886578	0.0000011
all	11360	1	886578	0.0000011
all	11364	1	886578	0.0000011
all	11365	1	886578	0.0000011
all	11383	1	886578	0.0000011
all	11390	1	886578	0.0000011
all	11397	1	886578	0.0000011
all	11402	1	886578	0.0000011
all	11412	2	886578	0.0000023
all	11427	1	886578	0.0000011
all	11455	1	886578	0.0000011
all	11461	1	886578	0.0000011
all	11496	1	886578	0.0000011
all	11516	1	886578	0.0000011
all	11530	3	886578	0.0000034
all	11531	1	886578	0.0000011
all	11536	1	886578	0.0000011
all	11552	1	886578	0.0000011
all	11557	1	886578	0.0000011
all	11581	1	886578	0.0000011
all	11611	1	886578	0.0000011
all	11624	1	886578	0.0000011
all	11642	1	886578	0.0000011
all	11664	1	886578	0.0000011
all	11665	1	886578	0.0000011
all	11683	1	886578	0.0000011
all	11689	1	886578	0.0000011
all	11702	1	886578	0.0000011
all	11706	1	886578	0.0000011
all	11709	1	886578	0.0000011
all	11710	1	886578	0.0000011
all	11711	1	886578	0.0000011
all	11717	1	886578	0.0000011
all	11724	1	886578	0.0000011
all	11733	1	886578	0.0000011
all	11737	2	886578	0.0000023
all	11752	1	886578	0.0000011
all	11755	1	886578	0.0000011
all	11758	1	886578	0.0000011
all	11766	1	886578	0.0000011
all	11771	1	886578	0.0000011
all	11772	1	886578	0.0000011
all	11773	1	886578	0.0000011
all	11776	1	886578	0.0000011
all	11781	1	886578	0.0000011
all	11787	1	886578	0.0000011
all	11788	1	886578	0.0000011
all	11798	1	886578	0.0000011
all	11855	2	886578	0.0000023
all	11869	1	886578	0.0000011
all	11922	1	886578	0.0000011
all	11938	1	886578	0.0000011
all	11944	1	886578	0.0000011
all	11970	1	886578	0.0000011
all	11975	1	886578	0.0000011
all	11988	1	886578	0.0000011
all	11997	1	886578	0.0000011
all	12004	1	886578	0.0000011
all	12013	1	886578	0.0000011
all	12035	1	886578	0.0000011
all	12089	1	886578	0.0000011
all	12090	1	886578	0.0000011
all	12097	1	886578	0.0000011
all	12133	2	886578	0.0000023
all	12144	1	886578	0.0000011
all	12224	1	886578	0.0000011
all	12229	1	886578	0.0000011
all	12268	1	886578	0.0000011
all	12274	1	886578	0.0000011
all	12293	1	886578	0.0000011
all	12295	1	886578	0.0000011
all	12306	1	886578	0.0000011
all	12316	1	886578	0.0000011
all	12321	1	886578	0.0000011
all	12333	1	886578	0.0000011
all	12340	1	886578	0.0000011
all	12372	1	886578	0.0000011
all	12376	1	886578	0.0000011
all	12383	1	886578	0.0000011
all	12406	1	886578	0.0000011
all	12410	1	886578	0.0000011
all	12434	1	886578	0.0000011
all	12464	1	886578	0.0000011
all	12522	1	886578	0.0000011
all	12529	1	886578	0.0000011
all	12549	1	886578	0.0000011
all	12568	1	886578	0.0000011
all	12597	2	886578	0.0000023
all	12600	1	886578	0.0000011
all	12603	1	886578	0.0000011
all	12613	1	886578	0.0000011
all	12657	1	886578	0.0000011
all	12695	1	886578	0.0000011
all	12697	1	886578	0.0000011
all	12723	1	886578	0.0000011
all	12730	1	886578	0.0000011
all	12743	1	886578	0.0000011
all	12745	1	886578	0.0000011
all	12750	1	886578	0.0000011
all	12761	1	886578	0.0000011
all	12769	1	886578	0.0000011
all	12775	2	886578	0.0000023
all	12837	1	886578	0.0000011
all	12869	1	886578	0.0000011
all	12940	1	886578	0.0000011
all	12974	1	886578	0.0000011
all	12991	1	886578	0.0000011
all	13069	1	886578	0.0000011
all	13110	1	886578	0.0000011
all	13122	1	886578	0.0000011
all	13189	1	886578	0.0000011
all	13244	1	886578	0.0000011
all	13316	1	886578	0.0000011
all	13320	1	886578	0.0000011
all	13347	1	886578	0.0000011
all	13361	1	886578	0.0000011
all	13370	1	886578	0.0000011
all	13402	1	886578	0.0000011
all	13404	1	886578	0.0000011
all	13420	1	886578	0.0000011
all	13451	1	886578	0.0000011
all	13467	1	886578	0.0000011
all	13515	1	886578	0.0000011
all	13549	1	886578	0.0000011
all	13562	1	886578	0.0000011
all	13568	1	886578	0.0000011
all	13601	1	886578	0.0000011
all	13625	1	886578	0.0000011
all	13656	1	886578	0.0000011
all	13662	1	886578	0.0000011
all	13685	1	886578	0.0000011
all	13696	1	886578	0.0000011
all	13703	1	886578	0.0000011
all	13731	1	886578	0.0000011
all	13738	1	886578	0.0000011
all	13757	1	886578	0.0000011
all	13778	1	886578	0.0000011
all	13811	1	886578	0.0000011
all	13814	1	886578	0.0000011
all	13847	1	886578	0.0000011
all	13862	1	886578	0.0000011
all	13868	1	886578	0.0000011
all	13875	1	886578	0.0000011
all	13891	1	886578	0.0000011
all	13898	1	886578	0.0000011
all	13899	1	886578	0.0000011
all	13902	1	886578	0.0000011
all	13906	1	886578	0.0000011
all	13908	1	886578	0.0000011
all	13912	1	886578	0.0000011
all	13922	1	886578	0.0000011
all	13924	1	886578	0.0000011
all	13932	1	886578	0.0000011
all	13938	1	886578	0.0000011
all	13945	1	886578	0.0000011
all	13953	1	886578	0.0000011
all	13958	1	886578	0.0000011
all	14008	1	886578	0.0000011
all	14097	1	886578	0.0000011
all	14311	1	886578	0.0000011
all	14341	1	886578	0.0000011
all	14690	1	886578	0.0000011
all	14696	1	886578	0.0000011
all	15022	1	886578	0.0000011
all	15099	1	886578	0.0000011
all	15198	1	886578	0.0000011
all	15250	1	886578	0.0000011
all	15292	1	886578	0.0000011
all	15322	1	886578	0.0000011
all	15468	1	886578	0.0000011
all	15545	1	886578	0.0000011
all	15703	1	886578	0.0000011
all	15781	1	886578	0.0000011
all	15920	1	886578	0.0000011
all	15950	1	886578	0.0000011
all	16099	1	886578	0.0000011
all	16140	1	886578	0.0000011
all	16165	1	886578	0.0000011
all	16227	1	886578	0.0000011
all	16416	1	886578	0.0000011
all	16429	1	886578	0.0000011
all	16530	1	886578	0.0000011
all	16549	1	886578	0.0000011
all	16658	1	886578	0.0000011
all	16694	1	886578	0.0000011
all	16946	1	886578	0.0000011
all	16973	1	886578	0.0000011
all	17111	1	886578	0.0000011
all	17137	1	886578	0.0000011
all	17247	1	886578	0.0000011
all	17280	1	886578	0.0000011
all	17349	1	886578	0.0000011
all	17404	1	886578	0.0000011
all	17469	1	886578	0.0000011
all	17557	1	886578	0.0000011
all	17592	1	886578	0.0000011
all	17631	1	886578	0.0000011
all	17685	1	886578	0.0000011
all	17740	1	886578	0.0000011
all	17877	1	886578	0.0000011
all	17888	1	886578	0.0000011
all	17975	1	886578	0.0000011
all	18002	1	886578	0.0000011
all	18044	1	886578	0.0000011
all	18140	1	886578	0.0000011
all	18181	1	886578	0.0000011
all	18244	2	886578	0.0000023
all	18294	1	886578	0.0000011
all	18312	1	886578	0.0000011
all	18384	1	886578	0.0000011
all	18476	1	886578	0.0000011
all	18553	1	886578	0.0000011
all	18586	1	886578	0.0000011
all	18589	1	886578	0.0000011
all	18636	1	886578	0.0000011
all	18688	1	886578	0.0000011
all	18692	1	886578	0.0000011
all	18748	1	886578	0.0000011
all	18753	1	886578	0.0000011
all	18823	1	886578	0.0000011
all	18902	1	886578	0.0000011
all	18926	1	886578	0.0000011
all	18939	1	886578	0.0000011
all	18959	1	886578	0.0000011
all	19002	1	886578	0.0000011
all	19007	1	886578	0.0000011
all	19054	1	886578	0.0000011
all	19070	1	886578	0.0000011
all	19130	1	886578	0.0000011
all	19155	1	886578	0.0000011
all	19169	1	886578	0.0000011
all	19186	1	886578	0.0000011
all	19204	1	886578	0.0000011
all	19227	1	886578	0.0000011
all	19234	1	886578	0.0000011
all	19265	1	886578	0.0000011
all	19291	1	886578	0.0000011
all	19304	1	886578	0.0000011
all	19310	1	886578	0.0000011
all	19317	1	886578	0.0000011
all	19334	1	886578	0.0000011
all	19335	1	886578	0.0000011
all	19367	1	886578	0.0000011
all	19370	1	886578	0.0000011
all	19377	1	886578	0.0000011
all	19390	1	886578	0.0000011
