all	0	6271	886578	0.0070733
all	1	1732	886578	0.0019536
all	2	1554	886578	0.0017528
all	3	1564	886578	0.0017641
all	4	2029	886578	0.0022886
all	5	1856	886578	0.0020934
all	6	2480	886578	0.0027973
all	7	2158	886578	0.0024341
all	8	2209	886578	0.0024916
all	9	2136	886578	0.0024093
all	10	2382	886578	0.0026867
all	11	2982	886578	0.0033635
all	12	2676	886578	0.0030183
all	13	2808	886578	0.0031672
all	14	3087	886578	0.0034819
all	15	3195	886578	0.0036037
all	16	3861	886578	0.0043549
all	17	4216	886578	0.0047554
all	18	3979	886578	0.0044880
all	19	4207	886578	0.0047452
all	20	4259	886578	0.0048039
all	21	4443	886578	0.0050114
all	22	4272	886578	0.0048185
all	23	4827	886578	0.0054445
all	24	4522	886578	0.0051005
all	25	4718	886578	0.0053216
all	26	4883	886578	0.0055077
all	27	5049	886578	0.0056949
all	28	5193	886578	0.0058574
all	29	5535	886578	0.0062431
all	30	5969	886578	0.0067326
all	31	5474	886578	0.0061743
all	32	6118	886578	0.0069007
all	33	6058	886578	0.0068330
all	34	6265	886578	0.0070665
all	35	6133	886578	0.0069176
all	36	6086	886578	0.0068646
all	37	6265	886578	0.0070665
all	38	6225	886578	0.0070214
all	39	5979	886578	0.0067439
all	40	6262	886578	0.0070631
all	41	6175	886578	0.0069650
all	42	6434	886578	0.0072571
all	43	6292	886578	0.0070970
all	44	6278	886578	0.0070812
all	45	6471	886578	0.0072988
all	46	6193	886578	0.0069853
all	47	6443	886578	0.0072673
all	48	6229	886578	0.0070259
all	49	6396	886578	0.0072143
all	50	6524	886578	0.0073586
all	51	6448	886578	0.0072729
all	52	6433	886578	0.0072560
all	53	6353	886578	0.0071658
all	54	6308	886578	0.0071150
all	55	6547	886578	0.0073846
all	56	6362	886578	0.0071759
all	57	6251	886578	0.0070507
all	58	6573	886578	0.0074139
all	59	7066	886578	0.0079700
all	60	6532	886578	0.0073677
all	61	6823	886578	0.0076959
all	62	6393	886578	0.0072109
all	63	6516	886578	0.0073496
all	64	6223	886578	0.0070191
all	65	6514	886578	0.0073474
all	66	6351	886578	0.0071635
all	67	6143	886578	0.0069289
all	68	6123	886578	0.0069063
all	69	6171	886578	0.0069605
all	70	6368	886578	0.0071827
all	71	6032	886578	0.0068037
all	72	5838	886578	0.0065849
all	73	5988	886578	0.0067541
all	74	5841	886578	0.0065883
all	75	5693	886578	0.0064213
all	76	5917	886578	0.0066740
all	77	5600	886578	0.0063164
all	78	5509	886578	0.0062138
all	79	5445	886578	0.0061416
all	80	5323	886578	0.0060040
all	81	5415	886578	0.0061078
all	82	5343	886578	0.0060265
all	83	5270	886578	0.0059442
all	84	5456	886578	0.0061540
all	85	5457	886578	0.0061551
all	86	5338	886578	0.0060209
all	87	5158	886578	0.0058179
all	88	4972	886578	0.0056081
all	89	5089	886578	0.0057400
all	90	5059	886578	0.0057062
all	91	5308	886578	0.0059871
all	92	4967	886578	0.0056024
all	93	5147	886578	0.0058055
all	94	5071	886578	0.0057197
all	95	4972	886578	0.0056081
all	96	5250	886578	0.0059216
all	97	4993	886578	0.0056318
all	98	4747	886578	0.0053543
all	99	4700	886578	0.0053013
all	100	4369	886578	0.0049279
all	101	4432	886578	0.0049990
all	102	4617	886578	0.0052077
all	103	4510	886578	0.0050870
all	104	4303	886578	0.0048535
all	105	4467	886578	0.0050385
all	106	4365	886578	0.0049234
all	107	4322	886578	0.0048749
all	108	4290	886578	0.0048388
all	109	4374	886578	0.0049336
all	110	4013	886578	0.0045264
all	111	4153	886578	0.0046843
all	112	3784	886578	0.0042681
all	113	3896	886578	0.0043944
all	114	3857	886578	0.0043504
all	115	3770	886578	0.0042523
all	116	3892	886578	0.0043899
all	117	3776	886578	0.0042591
all	118	3661	886578	0.0041294
all	119	3713	886578	0.0041880
all	120	3512	886578	0.0039613
all	121	3611	886578	0.0040730
all	122	3620	886578	0.0040831
all	123	3493	886578	0.0039399
all	124	3508	886578	0.0039568
all	125	3202	886578	0.0036116
all	126	3031	886578	0.0034188
all	127	3243	886578	0.0036579
all	128	3107	886578	0.0035045
all	129	3273	886578	0.0036917
all	130	3154	886578	0.0035575
all	131	2999	886578	0.0033827
all	132	2966	886578	0.0033454
all	133	2875	886578	0.0032428
all	134	2973	886578	0.0033533
all	135	2886	886578	0.0032552
all	136	2698	886578	0.0030432
all	137	2732	886578	0.0030815
all	138	2883	886578	0.0032518
all	139	2680	886578	0.0030229
all	140	2670	886578	0.0030116
all	141	2755	886578	0.0031075
all	142	2577	886578	0.0029067
all	143	2540	886578	0.0028649
all	144	2651	886578	0.0029901
all	145	2429	886578	0.0027397
all	146	2365	886578	0.0026676
all	147	2347	886578	0.0026473
all	148	2340	886578	0.0026394
all	149	2329	886578	0.0026270
all	150	2373	886578	0.0026766
all	151	2193	886578	0.0024736
all	152	2278	886578	0.0025694
all	153	2158	886578	0.0024341
all	154	2248	886578	0.0025356
all	155	2103	886578	0.0023720
all	156	2171	886578	0.0024487
all	157	2139	886578	0.0024126
all	158	2076	886578	0.0023416
all	159	2201	886578	0.0024826
all	160	2064	886578	0.0023281
all	161	2093	886578	0.0023608
all	162	2108	886578	0.0023777
all	163	1987	886578	0.0022412
all	164	2004	886578	0.0022604
all	165	2065	886578	0.0023292
all	166	1873	886578	0.0021126
all	167	1926	886578	0.0021724
all	168	1848	886578	0.0020844
all	169	1812	886578	0.0020438
all	170	1802	886578	0.0020325
all	171	1705	886578	0.0019231
all	172	1751	886578	0.0019750
all	173	1663	886578	0.0018758
all	174	1540	886578	0.0017370
all	175	1598	886578	0.0018024
all	176	1681	886578	0.0018961
all	177	1581	886578	0.0017833
all	178	1505	886578	0.0016975
all	179	1561	886578	0.0017607
all	180	1540	886578	0.0017370
all	181	1459	886578	0.0016457
all	182	1507	886578	0.0016998
all	183	1382	886578	0.0015588
all	184	1365	886578	0.0015396
all	185	1354	886578	0.0015272
all	186	1321	886578	0.0014900
all	187	1359	886578	0.0015329
all	188	1395	886578	0.0015735
all	189	1388	886578	0.0015656
all	190	1387	886578	0.0015644
all	191	1312	886578	0.0014798
all	192	1341	886578	0.0015126
all	193	1416	886578	0.0015972
all	194	1282	886578	0.0014460
all	195	1319	886578	0.0014877
all	196	1156	886578	0.0013039
all	197	1217	886578	0.0013727
all	198	1147	886578	0.0012937
all	199	1135	886578	0.0012802
all	200	1132	886578	0.0012768
all	201	1184	886578	0.0013355
all	202	1101	886578	0.0012419
all	203	1201	886578	0.0013546
all	204	1140	886578	0.0012858
all	205	1164	886578	0.0013129
all	206	1058	886578	0.0011934
all	207	1053	886578	0.0011877
all	208	1114	886578	0.0012565
all	209	1071	886578	0.0012080
all	210	1053	886578	0.0011877
all	211	1081	886578	0.0012193
all	212	1010	886578	0.0011392
all	213	974	886578	0.0010986
all	214	950	886578	0.0010715
all	215	995	886578	0.0011223
all	216	927	886578	0.0010456
all	217	911	886578	0.0010275
all	218	884	886578	0.0009971
all	219	887	886578	0.0010005
all	220	824	886578	0.0009294
all	221	801	886578	0.0009035
all	222	904	886578	0.0010197
all	223	929	886578	0.0010478
all	224	887	886578	0.0010005
all	225	863	886578	0.0009734
all	226	792	886578	0.0008933
all	227	796	886578	0.0008978
all	228	821	886578	0.0009260
all	229	779	886578	0.0008787
all	230	846	886578	0.0009542
all	231	826	886578	0.0009317
all	232	868	886578	0.0009790
all	233	827	886578	0.0009328
all	234	838	886578	0.0009452
all	235	761	886578	0.0008584
all	236	775	886578	0.0008741
all	237	703	886578	0.0007929
all	238	702	886578	0.0007918
all	239	703	886578	0.0007929
all	240	719	886578	0.0008110
all	241	668	886578	0.0007535
all	242	691	886578	0.0007794
all	243	707	886578	0.0007974
all	244	668	886578	0.0007535
all	245	670	886578	0.0007557
all	246	669	886578	0.0007546
all	247	651	886578	0.0007343
all	248	651	886578	0.0007343
all	249	678	886578	0.0007647
all	250	637	886578	0.0007185
all	251	617	886578	0.0006959
all	252	583	886578	0.0006576
all	253	610	886578	0.0006880
all	254	557	886578	0.0006283
all	255	647	886578	0.0007298
all	256	622	886578	0.0007016
all	257	618	886578	0.0006971
all	258	534	886578	0.0006023
all	259	564	886578	0.0006362
all	260	513	886578	0.0005786
all	261	532	886578	0.0006001
all	262	472	886578	0.0005324
all	263	504	886578	0.0005685
all	264	490	886578	0.0005527
all	265	576	886578	0.0006497
all	266	461	886578	0.0005200
all	267	521	886578	0.0005877
all	268	544	886578	0.0006136
all	269	500	886578	0.0005640
all	270	450	886578	0.0005076
all	271	474	886578	0.0005346
all	272	430	886578	0.0004850
all	273	502	886578	0.0005662
all	274	458	886578	0.0005166
all	275	448	886578	0.0005053
all	276	387	886578	0.0004365
all	277	437	886578	0.0004929
all	278	390	886578	0.0004399
all	279	397	886578	0.0004478
all	280	399	886578	0.0004500
all	281	433	886578	0.0004884
all	282	417	886578	0.0004703
all	283	406	886578	0.0004579
all	284	347	886578	0.0003914
all	285	400	886578	0.0004512
all	286	393	886578	0.0004433
all	287	371	886578	0.0004185
all	288	342	886578	0.0003858
all	289	391	886578	0.0004410
all	290	359	886578	0.0004049
all	291	320	886578	0.0003609
all	292	284	886578	0.0003203
all	293	293	886578	0.0003305
all	294	297	886578	0.0003350
all	295	336	886578	0.0003790
all	296	284	886578	0.0003203
all	297	268	886578	0.0003023
all	298	303	886578	0.0003418
all	299	297	886578	0.0003350
all	300	273	886578	0.0003079
all	301	328	886578	0.0003700
all	302	285	886578	0.0003215
all	303	301	886578	0.0003395
all	304	301	886578	0.0003395
all	305	246	886578	0.0002775
all	306	298	886578	0.0003361
all	307	286	886578	0.0003226
all	308	287	886578	0.0003237
all	309	320	886578	0.0003609
all	310	251	886578	0.0002831
all	311	243	886578	0.0002741
all	312	270	886578	0.0003045
all	313	247	886578	0.0002786
all	314	262	886578	0.0002955
all	315	238	886578	0.0002684
all	316	263	886578	0.0002966
all	317	262	886578	0.0002955
all	318	252	886578	0.0002842
all	319	251	886578	0.0002831
all	320	257	886578	0.0002899
all	321	237	886578	0.0002673
all	322	262	886578	0.0002955
all	323	235	886578	0.0002651
all	324	194	886578	0.0002188
all	325	235	886578	0.0002651
all	326	216	886578	0.0002436
all	327	189	886578	0.0002132
all	328	197	886578	0.0002222
all	329	188	886578	0.0002121
all	330	236	886578	0.0002662
all	331	203	886578	0.0002290
all	332	157	886578	0.0001771
all	333	185	886578	0.0002087
all	334	181	886578	0.0002042
all	335	178	886578	0.0002008
all	336	180	886578	0.0002030
all	337	201	886578	0.0002267
all	338	179	886578	0.0002019
all	339	216	886578	0.0002436
all	340	206	886578	0.0002324
all	341	177	886578	0.0001996
all	342	196	886578	0.0002211
all	343	175	886578	0.0001974
all	344	164	886578	0.0001850
all	345	195	886578	0.0002199
all	346	169	886578	0.0001906
all	347	154	886578	0.0001737
all	348	175	886578	0.0001974
all	349	135	886578	0.0001523
all	350	162	886578	0.0001827
all	351	140	886578	0.0001579
all	352	141	886578	0.0001590
all	353	143	886578	0.0001613
all	354	140	886578	0.0001579
all	355	166	886578	0.0001872
all	356	177	886578	0.0001996
all	357	166	886578	0.0001872
all	358	193	886578	0.0002177
all	359	141	886578	0.0001590
all	360	168	886578	0.0001895
all	361	168	886578	0.0001895
all	362	163	886578	0.0001839
all	363	150	886578	0.0001692
all	364	154	886578	0.0001737
all	365	169	886578	0.0001906
all	366	150	886578	0.0001692
all	367	142	886578	0.0001602
all	368	131	886578	0.0001478
all	369	196	886578	0.0002211
all	370	159	886578	0.0001793
all	371	147	886578	0.0001658
all	372	151	886578	0.0001703
all	373	181	886578	0.0002042
all	374	137	886578	0.0001545
all	375	176	886578	0.0001985
all	376	170	886578	0.0001917
all	377	151	886578	0.0001703
all	378	153	886578	0.0001726
all	379	137	886578	0.0001545
all	380	153	886578	0.0001726
all	381	166	886578	0.0001872
all	382	144	886578	0.0001624
all	383	156	886578	0.0001760
all	384	166	886578	0.0001872
all	385	133	886578	0.0001500
all	386	122	886578	0.0001376
all	387	128	886578	0.0001444
all	388	139	886578	0.0001568
all	389	127	886578	0.0001432
all	390	127	886578	0.0001432
all	391	111	886578	0.0001252
all	392	115	886578	0.0001297
all	393	110	886578	0.0001241
all	394	136	886578	0.0001534
all	395	144	886578	0.0001624
all	396	141	886578	0.0001590
all	397	139	886578	0.0001568
all	398	144	886578	0.0001624
all	399	125	886578	0.0001410
all	400	155	886578	0.0001748
all	401	101	886578	0.0001139
all	402	117	886578	0.0001320
all	403	139	886578	0.0001568
all	404	120	886578	0.0001354
all	405	118	886578	0.0001331
all	406	139	886578	0.0001568
all	407	114	886578	0.0001286
all	408	105	886578	0.0001184
all	409	114	886578	0.0001286
all	410	132	886578	0.0001489
all	411	108	886578	0.0001218
all	412	116	886578	0.0001308
all	413	117	886578	0.0001320
all	414	110	886578	0.0001241
all	415	97	886578	0.0001094
all	416	93	886578	0.0001049
all	417	93	886578	0.0001049
all	418	107	886578	0.0001207
all	419	104	886578	0.0001173
all	420	110	886578	0.0001241
all	421	109	886578	0.0001229
all	422	90	886578	0.0001015
all	423	96	886578	0.0001083
all	424	94	886578	0.0001060
all	425	126	886578	0.0001421
all	426	108	886578	0.0001218
all	427	91	886578	0.0001026
all	428	100	886578	0.0001128
all	429	89	886578	0.0001004
all	430	95	886578	0.0001072
all	431	106	886578	0.0001196
all	432	95	886578	0.0001072
all	433	57	886578	0.0000643
all	434	93	886578	0.0001049
all	435	112	886578	0.0001263
all	436	85	886578	0.0000959
all	437	94	886578	0.0001060
all	438	93	886578	0.0001049
all	439	100	886578	0.0001128
all	440	75	886578	0.0000846
all	441	75	886578	0.0000846
all	442	84	886578	0.0000947
all	443	82	886578	0.0000925
all	444	68	886578	0.0000767
all	445	77	886578	0.0000869
all	446	65	886578	0.0000733
all	447	62	886578	0.0000699
all	448	74	886578	0.0000835
all	449	98	886578	0.0001105
all	450	78	886578	0.0000880
all	451	77	886578	0.0000869
all	452	69	886578	0.0000778
all	453	72	886578	0.0000812
all	454	88	886578	0.0000993
all	455	76	886578	0.0000857
all	456	78	886578	0.0000880
all	457	85	886578	0.0000959
all	458	81	886578	0.0000914
all	459	94	886578	0.0001060
all	460	67	886578	0.0000756
all	461	71	886578	0.0000801
all	462	81	886578	0.0000914
all	463	82	886578	0.0000925
all	464	81	886578	0.0000914
all	465	88	886578	0.0000993
all	466	87	886578	0.0000981
all	467	82	886578	0.0000925
all	468	73	886578	0.0000823
all	469	80	886578	0.0000902
all	470	78	886578	0.0000880
all	471	53	886578	0.0000598
all	472	82	886578	0.0000925
all	473	83	886578	0.0000936
all	474	68	886578	0.0000767
all	475	87	886578	0.0000981
all	476	86	886578	0.0000970
all	477	60	886578	0.0000677
all	478	69	886578	0.0000778
all	479	77	886578	0.0000869
all	480	85	886578	0.0000959
all	481	62	886578	0.0000699
all	482	75	886578	0.0000846
all	483	65	886578	0.0000733
all	484	70	886578	0.0000790
all	485	48	886578	0.0000541
all	486	79	886578	0.0000891
all	487	76	886578	0.0000857
all	488	93	886578	0.0001049
all	489	54	886578	0.0000609
all	490	73	886578	0.0000823
all	491	54	886578	0.0000609
all	492	52	886578	0.0000587
all	493	59	886578	0.0000665
all	494	72	886578	0.0000812
all	495	54	886578	0.0000609
all	496	60	886578	0.0000677
all	497	64	886578	0.0000722
all	498	60	886578	0.0000677
all	499	50	886578	0.0000564
all	500	75	886578	0.0000846
all	501	76	886578	0.0000857
all	502	54	886578	0.0000609
all	503	46	886578	0.0000519
all	504	68	886578	0.0000767
all	505	67	886578	0.0000756
all	506	31	886578	0.0000350
all	507	45	886578	0.0000508
all	508	76	886578	0.0000857
all	509	60	886578	0.0000677
all	510	71	886578	0.0000801
all	511	62	886578	0.0000699
all	512	53	886578	0.0000598
all	513	62	886578	0.0000699
all	514	51	886578	0.0000575
all	515	66	886578	0.0000744
all	516	53	886578	0.0000598
all	517	44	886578	0.0000496
all	518	51	886578	0.0000575
all	519	38	886578	0.0000429
all	520	47	886578	0.0000530
all	521	31	886578	0.0000350
all	522	44	886578	0.0000496
all	523	34	886578	0.0000383
all	524	47	886578	0.0000530
all	525	29	886578	0.0000327
all	526	27	886578	0.0000305
all	527	41	886578	0.0000462
all	528	40	886578	0.0000451
all	529	46	886578	0.0000519
all	530	36	886578	0.0000406
all	531	34	886578	0.0000383
all	532	48	886578	0.0000541
all	533	55	886578	0.0000620
all	534	32	886578	0.0000361
all	535	46	886578	0.0000519
all	536	39	886578	0.0000440
all	537	37	886578	0.0000417
all	538	47	886578	0.0000530
all	539	35	886578	0.0000395
all	540	32	886578	0.0000361
all	541	35	886578	0.0000395
all	542	36	886578	0.0000406
all	543	29	886578	0.0000327
all	544	28	886578	0.0000316
all	545	36	886578	0.0000406
all	546	36	886578	0.0000406
all	547	38	886578	0.0000429
all	548	32	886578	0.0000361
all	549	43	886578	0.0000485
all	550	29	886578	0.0000327
all	551	38	886578	0.0000429
all	552	38	886578	0.0000429
all	553	30	886578	0.0000338
all	554	46	886578	0.0000519
all	555	30	886578	0.0000338
all	556	32	886578	0.0000361
all	557	29	886578	0.0000327
all	558	30	886578	0.0000338
all	559	33	886578	0.0000372
all	560	36	886578	0.0000406
all	561	32	886578	0.0000361
all	562	37	886578	0.0000417
all	563	45	886578	0.0000508
all	564	27	886578	0.0000305
all	565	27	886578	0.0000305
all	566	32	886578	0.0000361
all	567	23	886578	0.0000259
all	568	25	886578	0.0000282
all	569	31	886578	0.0000350
all	570	38	886578	0.0000429
all	571	38	886578	0.0000429
all	572	29	886578	0.0000327
all	573	22	886578	0.0000248
all	574	41	886578	0.0000462
all	575	27	886578	0.0000305
all	576	34	886578	0.0000383
all	577	24	886578	0.0000271
all	578	30	886578	0.0000338
all	579	25	886578	0.0000282
all	580	27	886578	0.0000305
all	581	32	886578	0.0000361
all	582	28	886578	0.0000316
all	583	25	886578	0.0000282
all	584	21	886578	0.0000237
all	585	18	886578	0.0000203
all	586	26	886578	0.0000293
all	587	32	886578	0.0000361
all	588	25	886578	0.0000282
all	589	34	886578	0.0000383
all	590	18	886578	0.0000203
all	591	32	886578	0.0000361
all	592	31	886578	0.0000350
all	593	32	886578	0.0000361
all	594	31	886578	0.0000350
all	595	24	886578	0.0000271
all	596	25	886578	0.0000282
all	597	25	886578	0.0000282
all	598	25	886578	0.0000282
all	599	23	886578	0.0000259
all	600	31	886578	0.0000350
all	601	41	886578	0.0000462
all	602	26	886578	0.0000293
all	603	28	886578	0.0000316
all	604	20	886578	0.0000226
all	605	26	886578	0.0000293
all	606	32	886578	0.0000361
all	607	47	886578	0.0000530
all	608	32	886578	0.0000361
all	609	30	886578	0.0000338
all	610	34	886578	0.0000383
all	611	36	886578	0.0000406
all	612	31	886578	0.0000350
all	613	34	886578	0.0000383
all	614	29	886578	0.0000327
all	615	22	886578	0.0000248
all	616	25	886578	0.0000282
all	617	36	886578	0.0000406
all	618	31	886578	0.0000350
all	619	21	886578	0.0000237
all	620	20	886578	0.0000226
all	621	33	886578	0.0000372
all	622	39	886578	0.0000440
all	623	34	886578	0.0000383
all	624	26	886578	0.0000293
all	625	28	886578	0.0000316
all	626	42	886578	0.0000474
all	627	35	886578	0.0000395
all	628	21	886578	0.0000237
all	629	37	886578	0.0000417
all	630	25	886578	0.0000282
all	631	30	886578	0.0000338
all	632	32	886578	0.0000361
all	633	20	886578	0.0000226
all	634	25	886578	0.0000282
all	635	23	886578	0.0000259
all	636	29	886578	0.0000327
all	637	22	886578	0.0000248
all	638	25	886578	0.0000282
all	639	22	886578	0.0000248
all	640	33	886578	0.0000372
all	641	29	886578	0.0000327
all	642	23	886578	0.0000259
all	643	22	886578	0.0000248
all	644	25	886578	0.0000282
all	645	29	886578	0.0000327
all	646	26	886578	0.0000293
all	647	26	886578	0.0000293
all	648	18	886578	0.0000203
all	649	22	886578	0.0000248
all	650	25	886578	0.0000282
all	651	21	886578	0.0000237
all	652	21	886578	0.0000237
all	653	18	886578	0.0000203
all	654	30	886578	0.0000338
all	655	34	886578	0.0000383
all	656	30	886578	0.0000338
all	657	36	886578	0.0000406
all	658	31	886578	0.0000350
all	659	34	886578	0.0000383
all	660	28	886578	0.0000316
all	661	32	886578	0.0000361
all	662	29	886578	0.0000327
all	663	29	886578	0.0000327
all	664	35	886578	0.0000395
all	665	24	886578	0.0000271
all	666	24	886578	0.0000271
all	667	20	886578	0.0000226
all	668	25	886578	0.0000282
all	669	29	886578	0.0000327
all	670	19	886578	0.0000214
all	671	33	886578	0.0000372
all	672	30	886578	0.0000338
all	673	29	886578	0.0000327
all	674	30	886578	0.0000338
all	675	25	886578	0.0000282
all	676	21	886578	0.0000237
all	677	21	886578	0.0000237
all	678	26	886578	0.0000293
all	679	31	886578	0.0000350
all	680	23	886578	0.0000259
all	681	28	886578	0.0000316
all	682	18	886578	0.0000203
all	683	18	886578	0.0000203
all	684	24	886578	0.0000271
all	685	17	886578	0.0000192
all	686	13	886578	0.0000147
all	687	21	886578	0.0000237
all	688	17	886578	0.0000192
all	689	21	886578	0.0000237
all	690	22	886578	0.0000248
all	691	22	886578	0.0000248
all	692	20	886578	0.0000226
all	693	11	886578	0.0000124
all	694	18	886578	0.0000203
all	695	9	886578	0.0000102
all	696	14	886578	0.0000158
all	697	15	886578	0.0000169
all	698	14	886578	0.0000158
all	699	15	886578	0.0000169
all	700	12	886578	0.0000135
all	701	12	886578	0.0000135
all	702	28	886578	0.0000316
all	703	9	886578	0.0000102
all	704	9	886578	0.0000102
all	705	22	886578	0.0000248
all	706	16	886578	0.0000180
all	707	21	886578	0.0000237
all	708	11	886578	0.0000124
all	709	17	886578	0.0000192
all	710	16	886578	0.0000180
all	711	22	886578	0.0000248
all	712	14	886578	0.0000158
all	713	19	886578	0.0000214
all	714	22	886578	0.0000248
all	715	21	886578	0.0000237
all	716	12	886578	0.0000135
all	717	18	886578	0.0000203
all	718	14	886578	0.0000158
all	719	14	886578	0.0000158
all	720	23	886578	0.0000259
all	721	23	886578	0.0000259
all	722	15	886578	0.0000169
all	723	13	886578	0.0000147
all	724	16	886578	0.0000180
all	725	13	886578	0.0000147
all	726	20	886578	0.0000226
all	727	17	886578	0.0000192
all	728	14	886578	0.0000158
all	729	12	886578	0.0000135
all	730	12	886578	0.0000135
all	731	21	886578	0.0000237
all	732	15	886578	0.0000169
all	733	21	886578	0.0000237
all	734	14	886578	0.0000158
all	735	9	886578	0.0000102
all	736	12	886578	0.0000135
all	737	18	886578	0.0000203
all	738	16	886578	0.0000180
all	739	26	886578	0.0000293
all	740	14	886578	0.0000158
all	741	15	886578	0.0000169
all	742	13	886578	0.0000147
all	743	16	886578	0.0000180
all	744	22	886578	0.0000248
all	745	10	886578	0.0000113
all	746	13	886578	0.0000147
all	747	20	886578	0.0000226
all	748	14	886578	0.0000158
all	749	14	886578	0.0000158
all	750	20	886578	0.0000226
all	751	13	886578	0.0000147
all	752	12	886578	0.0000135
all	753	19	886578	0.0000214
all	754	15	886578	0.0000169
all	755	16	886578	0.0000180
all	756	16	886578	0.0000180
all	757	12	886578	0.0000135
all	758	21	886578	0.0000237
all	759	22	886578	0.0000248
all	760	23	886578	0.0000259
all	761	20	886578	0.0000226
all	762	20	886578	0.0000226
all	763	30	886578	0.0000338
all	764	26	886578	0.0000293
all	765	14	886578	0.0000158
all	766	28	886578	0.0000316
all	767	20	886578	0.0000226
all	768	21	886578	0.0000237
all	769	16	886578	0.0000180
all	770	19	886578	0.0000214
all	771	16	886578	0.0000180
all	772	20	886578	0.0000226
all	773	19	886578	0.0000214
all	774	14	886578	0.0000158
all	775	13	886578	0.0000147
all	776	16	886578	0.0000180
all	777	21	886578	0.0000237
all	778	22	886578	0.0000248
all	779	12	886578	0.0000135
all	780	16	886578	0.0000180
all	781	24	886578	0.0000271
all	782	20	886578	0.0000226
all	783	26	886578	0.0000293
all	784	20	886578	0.0000226
all	785	18	886578	0.0000203
all	786	21	886578	0.0000237
all	787	18	886578	0.0000203
all	788	22	886578	0.0000248
all	789	17	886578	0.0000192
all	790	19	886578	0.0000214
all	791	16	886578	0.0000180
all	792	18	886578	0.0000203
all	793	24	886578	0.0000271
all	794	15	886578	0.0000169
all	795	16	886578	0.0000180
all	796	20	886578	0.0000226
all	797	15	886578	0.0000169
all	798	25	886578	0.0000282
all	799	20	886578	0.0000226
all	800	22	886578	0.0000248
all	801	14	886578	0.0000158
all	802	27	886578	0.0000305
all	803	10	886578	0.0000113
all	804	17	886578	0.0000192
all	805	20	886578	0.0000226
all	806	15	886578	0.0000169
all	807	11	886578	0.0000124
all	808	23	886578	0.0000259
all	809	17	886578	0.0000192
all	810	29	886578	0.0000327
all	811	17	886578	0.0000192
all	812	23	886578	0.0000259
all	813	25	886578	0.0000282
all	814	18	886578	0.0000203
all	815	17	886578	0.0000192
all	816	13	886578	0.0000147
all	817	14	886578	0.0000158
all	818	22	886578	0.0000248
all	819	18	886578	0.0000203
all	820	18	886578	0.0000203
all	821	13	886578	0.0000147
all	822	26	886578	0.0000293
all	823	16	886578	0.0000180
all	824	12	886578	0.0000135
all	825	9	886578	0.0000102
all	826	10	886578	0.0000113
all	827	7	886578	0.0000079
all	828	18	886578	0.0000203
all	829	15	886578	0.0000169
all	830	16	886578	0.0000180
all	831	13	886578	0.0000147
all	832	10	886578	0.0000113
all	833	12	886578	0.0000135
all	834	12	886578	0.0000135
all	835	20	886578	0.0000226
all	836	11	886578	0.0000124
all	837	13	886578	0.0000147
all	838	15	886578	0.0000169
all	839	13	886578	0.0000147
all	840	15	886578	0.0000169
all	841	11	886578	0.0000124
all	842	13	886578	0.0000147
all	843	16	886578	0.0000180
all	844	20	886578	0.0000226
all	845	15	886578	0.0000169
all	846	15	886578	0.0000169
all	847	22	886578	0.0000248
all	848	11	886578	0.0000124
all	849	15	886578	0.0000169
all	850	14	886578	0.0000158
all	851	14	886578	0.0000158
all	852	20	886578	0.0000226
all	853	17	886578	0.0000192
all	854	17	886578	0.0000192
all	855	7	886578	0.0000079
all	856	15	886578	0.0000169
all	857	18	886578	0.0000203
all	858	13	886578	0.0000147
all	859	14	886578	0.0000158
all	860	13	886578	0.0000147
all	861	15	886578	0.0000169
all	862	14	886578	0.0000158
all	863	11	886578	0.0000124
all	864	6	886578	0.0000068
all	865	14	886578	0.0000158
all	866	14	886578	0.0000158
all	867	15	886578	0.0000169
all	868	24	886578	0.0000271
all	869	24	886578	0.0000271
all	870	14	886578	0.0000158
all	871	15	886578	0.0000169
all	872	13	886578	0.0000147
all	873	20	886578	0.0000226
all	874	13	886578	0.0000147
all	875	16	886578	0.0000180
all	876	11	886578	0.0000124
all	877	12	886578	0.0000135
all	878	8	886578	0.0000090
all	879	14	886578	0.0000158
all	880	12	886578	0.0000135
all	881	15	886578	0.0000169
all	882	13	886578	0.0000147
all	883	15	886578	0.0000169
all	884	10	886578	0.0000113
all	885	5	886578	0.0000056
all	886	10	886578	0.0000113
all	887	12	886578	0.0000135
all	888	7	886578	0.0000079
all	889	11	886578	0.0000124
all	890	10	886578	0.0000113
all	891	13	886578	0.0000147
all	892	15	886578	0.0000169
all	893	9	886578	0.0000102
all	894	12	886578	0.0000135
all	895	18	886578	0.0000203
all	896	17	886578	0.0000192
all	897	10	886578	0.0000113
all	898	7	886578	0.0000079
all	899	11	886578	0.0000124
all	900	13	886578	0.0000147
all	901	17	886578	0.0000192
all	902	11	886578	0.0000124
all	903	19	886578	0.0000214
all	904	17	886578	0.0000192
all	905	16	886578	0.0000180
all	906	15	886578	0.0000169
all	907	22	886578	0.0000248
all	908	13	886578	0.0000147
all	909	4	886578	0.0000045
all	910	9	886578	0.0000102
all	911	14	886578	0.0000158
all	912	8	886578	0.0000090
all	913	14	886578	0.0000158
all	914	14	886578	0.0000158
all	915	18	886578	0.0000203
all	916	12	886578	0.0000135
all	917	6	886578	0.0000068
all	918	7	886578	0.0000079
all	919	16	886578	0.0000180
all	920	3	886578	0.0000034
all	921	15	886578	0.0000169
all	922	9	886578	0.0000102
all	923	13	886578	0.0000147
all	924	11	886578	0.0000124
all	925	16	886578	0.0000180
all	926	14	886578	0.0000158
all	927	9	886578	0.0000102
all	928	13	886578	0.0000147
all	929	13	886578	0.0000147
all	930	18	886578	0.0000203
all	931	7	886578	0.0000079
all	932	12	886578	0.0000135
all	933	6	886578	0.0000068
all	934	5	886578	0.0000056
all	935	11	886578	0.0000124
all	936	10	886578	0.0000113
all	937	7	886578	0.0000079
all	938	10	886578	0.0000113
all	939	8	886578	0.0000090
all	940	15	886578	0.0000169
all	941	8	886578	0.0000090
all	942	16	886578	0.0000180
all	943	14	886578	0.0000158
all	944	16	886578	0.0000180
all	945	17	886578	0.0000192
all	946	8	886578	0.0000090
all	947	12	886578	0.0000135
all	948	12	886578	0.0000135
all	949	8	886578	0.0000090
all	950	11	886578	0.0000124
all	951	15	886578	0.0000169
all	952	8	886578	0.0000090
all	953	14	886578	0.0000158
all	954	9	886578	0.0000102
all	955	10	886578	0.0000113
all	956	8	886578	0.0000090
all	957	12	886578	0.0000135
all	958	9	886578	0.0000102
all	959	17	886578	0.0000192
all	960	4	886578	0.0000045
all	961	13	886578	0.0000147
all	962	12	886578	0.0000135
all	963	9	886578	0.0000102
all	964	13	886578	0.0000147
all	965	15	886578	0.0000169
all	966	9	886578	0.0000102
all	967	14	886578	0.0000158
all	968	14	886578	0.0000158
all	969	15	886578	0.0000169
all	970	11	886578	0.0000124
all	971	7	886578	0.0000079
all	972	10	886578	0.0000113
all	973	17	886578	0.0000192
all	974	8	886578	0.0000090
all	975	9	886578	0.0000102
all	976	7	886578	0.0000079
all	977	13	886578	0.0000147
all	978	10	886578	0.0000113
all	979	8	886578	0.0000090
all	980	7	886578	0.0000079
all	981	14	886578	0.0000158
all	982	8	886578	0.0000090
all	983	14	886578	0.0000158
all	984	11	886578	0.0000124
all	985	7	886578	0.0000079
all	986	10	886578	0.0000113
all	987	10	886578	0.0000113
all	988	8	886578	0.0000090
all	989	11	886578	0.0000124
all	990	11	886578	0.0000124
all	991	10	886578	0.0000113
all	992	16	886578	0.0000180
all	993	10	886578	0.0000113
all	994	11	886578	0.0000124
all	995	6	886578	0.0000068
all	996	10	886578	0.0000113
all	997	10	886578	0.0000113
all	998	13	886578	0.0000147
all	999	16	886578	0.0000180
all	1000	21	886578	0.0000237
all	1001	11	886578	0.0000124
all	1002	18	886578	0.0000203
all	1003	15	886578	0.0000169
all	1004	15	886578	0.0000169
all	1005	17	886578	0.0000192
all	1006	16	886578	0.0000180
all	1007	16	886578	0.0000180
all	1008	7	886578	0.0000079
all	1009	17	886578	0.0000192
all	1010	8	886578	0.0000090
all	1011	9	886578	0.0000102
all	1012	20	886578	0.0000226
all	1013	11	886578	0.0000124
all	1014	5	886578	0.0000056
all	1015	19	886578	0.0000214
all	1016	15	886578	0.0000169
all	1017	11	886578	0.0000124
all	1018	15	886578	0.0000169
all	1019	18	886578	0.0000203
all	1020	14	886578	0.0000158
all	1021	16	886578	0.0000180
all	1022	13	886578	0.0000147
all	1023	14	886578	0.0000158
all	1024	9	886578	0.0000102
all	1025	10	886578	0.0000113
all	1026	21	886578	0.0000237
all	1027	16	886578	0.0000180
all	1028	14	886578	0.0000158
all	1029	16	886578	0.0000180
all	1030	15	886578	0.0000169
all	1031	13	886578	0.0000147
all	1032	12	886578	0.0000135
all	1033	11	886578	0.0000124
all	1034	11	886578	0.0000124
all	1035	10	886578	0.0000113
all	1036	11	886578	0.0000124
all	1037	12	886578	0.0000135
all	1038	12	886578	0.0000135
all	1039	11	886578	0.0000124
all	1040	17	886578	0.0000192
all	1041	11	886578	0.0000124
all	1042	11	886578	0.0000124
all	1043	7	886578	0.0000079
all	1044	12	886578	0.0000135
all	1045	13	886578	0.0000147
all	1046	12	886578	0.0000135
all	1047	15	886578	0.0000169
all	1048	10	886578	0.0000113
all	1049	14	886578	0.0000158
all	1050	10	886578	0.0000113
all	1051	5	886578	0.0000056
all	1052	10	886578	0.0000113
all	1053	7	886578	0.0000079
all	1054	5	886578	0.0000056
all	1055	6	886578	0.0000068
all	1056	9	886578	0.0000102
all	1057	10	886578	0.0000113
all	1058	5	886578	0.0000056
all	1059	6	886578	0.0000068
all	1060	7	886578	0.0000079
all	1061	6	886578	0.0000068
all	1062	9	886578	0.0000102
all	1063	3	886578	0.0000034
all	1064	9	886578	0.0000102
all	1065	4	886578	0.0000045
all	1066	6	886578	0.0000068
all	1067	7	886578	0.0000079
all	1068	12	886578	0.0000135
all	1069	5	886578	0.0000056
all	1070	8	886578	0.0000090
all	1071	6	886578	0.0000068
all	1072	8	886578	0.0000090
all	1073	12	886578	0.0000135
all	1074	6	886578	0.0000068
all	1075	10	886578	0.0000113
all	1076	9	886578	0.0000102
all	1077	9	886578	0.0000102
all	1078	13	886578	0.0000147
all	1079	9	886578	0.0000102
all	1080	9	886578	0.0000102
all	1081	8	886578	0.0000090
all	1082	11	886578	0.0000124
all	1083	11	886578	0.0000124
all	1084	9	886578	0.0000102
all	1085	9	886578	0.0000102
all	1086	7	886578	0.0000079
all	1087	3	886578	0.0000034
all	1088	6	886578	0.0000068
all	1089	11	886578	0.0000124
all	1090	5	886578	0.0000056
all	1091	5	886578	0.0000056
all	1092	11	886578	0.0000124
all	1093	8	886578	0.0000090
all	1094	10	886578	0.0000113
all	1095	6	886578	0.0000068
all	1096	6	886578	0.0000068
all	1097	10	886578	0.0000113
all	1098	7	886578	0.0000079
all	1099	10	886578	0.0000113
all	1100	12	886578	0.0000135
all	1101	9	886578	0.0000102
all	1102	10	886578	0.0000113
all	1103	11	886578	0.0000124
all	1104	5	886578	0.0000056
all	1105	10	886578	0.0000113
all	1106	8	886578	0.0000090
all	1107	6	886578	0.0000068
all	1108	7	886578	0.0000079
all	1109	6	886578	0.0000068
all	1110	7	886578	0.0000079
all	1111	12	886578	0.0000135
all	1112	9	886578	0.0000102
all	1113	13	886578	0.0000147
all	1114	6	886578	0.0000068
all	1115	8	886578	0.0000090
all	1116	9	886578	0.0000102
all	1117	5	886578	0.0000056
all	1118	7	886578	0.0000079
all	1119	6	886578	0.0000068
all	1120	6	886578	0.0000068
all	1121	7	886578	0.0000079
all	1122	3	886578	0.0000034
all	1123	10	886578	0.0000113
all	1124	9	886578	0.0000102
all	1125	6	886578	0.0000068
all	1126	10	886578	0.0000113
all	1127	8	886578	0.0000090
all	1128	9	886578	0.0000102
all	1129	5	886578	0.0000056
all	1130	7	886578	0.0000079
all	1131	5	886578	0.0000056
all	1132	10	886578	0.0000113
all	1133	6	886578	0.0000068
all	1134	12	886578	0.0000135
all	1135	10	886578	0.0000113
all	1136	8	886578	0.0000090
all	1137	3	886578	0.0000034
all	1138	8	886578	0.0000090
all	1139	4	886578	0.0000045
all	1140	6	886578	0.0000068
all	1141	5	886578	0.0000056
all	1142	7	886578	0.0000079
all	1143	3	886578	0.0000034
all	1144	5	886578	0.0000056
all	1145	14	886578	0.0000158
all	1146	10	886578	0.0000113
all	1147	7	886578	0.0000079
all	1148	9	886578	0.0000102
all	1149	9	886578	0.0000102
all	1150	6	886578	0.0000068
all	1151	6	886578	0.0000068
all	1152	9	886578	0.0000102
all	1153	11	886578	0.0000124
all	1154	7	886578	0.0000079
all	1155	6	886578	0.0000068
all	1156	7	886578	0.0000079
all	1157	7	886578	0.0000079
all	1158	5	886578	0.0000056
all	1159	5	886578	0.0000056
all	1160	9	886578	0.0000102
all	1161	6	886578	0.0000068
all	1162	9	886578	0.0000102
all	1163	9	886578	0.0000102
all	1164	9	886578	0.0000102
all	1165	7	886578	0.0000079
all	1166	10	886578	0.0000113
all	1167	7	886578	0.0000079
all	1168	8	886578	0.0000090
all	1169	6	886578	0.0000068
all	1170	8	886578	0.0000090
all	1171	7	886578	0.0000079
all	1172	4	886578	0.0000045
all	1173	12	886578	0.0000135
all	1174	10	886578	0.0000113
all	1175	6	886578	0.0000068
all	1176	7	886578	0.0000079
all	1177	4	886578	0.0000045
all	1178	9	886578	0.0000102
all	1179	5	886578	0.0000056
all	1180	12	886578	0.0000135
all	1181	11	886578	0.0000124
all	1182	3	886578	0.0000034
all	1183	10	886578	0.0000113
all	1184	8	886578	0.0000090
all	1185	8	886578	0.0000090
all	1186	5	886578	0.0000056
all	1187	8	886578	0.0000090
all	1188	6	886578	0.0000068
all	1189	9	886578	0.0000102
all	1190	9	886578	0.0000102
all	1191	11	886578	0.0000124
all	1192	7	886578	0.0000079
all	1193	10	886578	0.0000113
all	1194	10	886578	0.0000113
all	1195	9	886578	0.0000102
all	1196	12	886578	0.0000135
all	1197	13	886578	0.0000147
all	1198	8	886578	0.0000090
all	1199	13	886578	0.0000147
all	1200	13	886578	0.0000147
all	1201	10	886578	0.0000113
all	1202	12	886578	0.0000135
all	1203	10	886578	0.0000113
all	1204	9	886578	0.0000102
all	1205	7	886578	0.0000079
all	1206	12	886578	0.0000135
all	1207	7	886578	0.0000079
all	1208	8	886578	0.0000090
all	1209	11	886578	0.0000124
all	1210	7	886578	0.0000079
all	1211	6	886578	0.0000068
all	1212	6	886578	0.0000068
all	1213	12	886578	0.0000135
all	1214	14	886578	0.0000158
all	1215	14	886578	0.0000158
all	1216	17	886578	0.0000192
all	1217	16	886578	0.0000180
all	1218	19	886578	0.0000214
all	1219	11	886578	0.0000124
all	1220	16	886578	0.0000180
all	1221	13	886578	0.0000147
all	1222	15	886578	0.0000169
all	1223	5	886578	0.0000056
all	1224	13	886578	0.0000147
all	1225	15	886578	0.0000169
all	1226	10	886578	0.0000113
all	1227	11	886578	0.0000124
all	1228	10	886578	0.0000113
all	1229	13	886578	0.0000147
all	1230	18	886578	0.0000203
all	1231	14	886578	0.0000158
all	1232	4	886578	0.0000045
all	1233	12	886578	0.0000135
all	1234	7	886578	0.0000079
all	1235	8	886578	0.0000090
all	1236	6	886578	0.0000068
all	1237	7	886578	0.0000079
all	1238	5	886578	0.0000056
all	1239	9	886578	0.0000102
all	1240	5	886578	0.0000056
all	1241	6	886578	0.0000068
all	1242	5	886578	0.0000056
all	1243	8	886578	0.0000090
all	1244	6	886578	0.0000068
all	1245	6	886578	0.0000068
all	1246	4	886578	0.0000045
all	1247	5	886578	0.0000056
all	1248	8	886578	0.0000090
all	1249	8	886578	0.0000090
all	1250	6	886578	0.0000068
all	1251	6	886578	0.0000068
all	1252	6	886578	0.0000068
all	1253	6	886578	0.0000068
all	1254	6	886578	0.0000068
all	1255	10	886578	0.0000113
all	1256	9	886578	0.0000102
all	1257	8	886578	0.0000090
all	1258	4	886578	0.0000045
all	1259	4	886578	0.0000045
all	1260	4	886578	0.0000045
all	1261	7	886578	0.0000079
all	1262	3	886578	0.0000034
all	1263	5	886578	0.0000056
all	1264	11	886578	0.0000124
all	1265	9	886578	0.0000102
all	1266	4	886578	0.0000045
all	1267	9	886578	0.0000102
all	1268	8	886578	0.0000090
all	1269	7	886578	0.0000079
all	1270	5	886578	0.0000056
all	1271	5	886578	0.0000056
all	1272	7	886578	0.0000079
all	1273	3	886578	0.0000034
all	1274	4	886578	0.0000045
all	1275	7	886578	0.0000079
all	1276	7	886578	0.0000079
all	1277	7	886578	0.0000079
all	1278	10	886578	0.0000113
all	1279	6	886578	0.0000068
all	1280	8	886578	0.0000090
all	1281	4	886578	0.0000045
all	1282	4	886578	0.0000045
all	1283	10	886578	0.0000113
all	1284	3	886578	0.0000034
all	1285	5	886578	0.0000056
all	1286	9	886578	0.0000102
all	1287	9	886578	0.0000102
all	1288	9	886578	0.0000102
all	1289	2	886578	0.0000023
all	1290	6	886578	0.0000068
all	1291	4	886578	0.0000045
all	1292	9	886578	0.0000102
all	1293	5	886578	0.0000056
all	1294	10	886578	0.0000113
all	1295	4	886578	0.0000045
all	1296	5	886578	0.0000056
all	1297	7	886578	0.0000079
all	1298	2	886578	0.0000023
all	1299	8	886578	0.0000090
all	1300	4	886578	0.0000045
all	1301	5	886578	0.0000056
all	1302	8	886578	0.0000090
all	1303	3	886578	0.0000034
all	1304	4	886578	0.0000045
all	1305	8	886578	0.0000090
all	1306	8	886578	0.0000090
all	1307	6	886578	0.0000068
all	1308	7	886578	0.0000079
all	1309	9	886578	0.0000102
all	1310	9	886578	0.0000102
all	1311	9	886578	0.0000102
all	1312	9	886578	0.0000102
all	1313	3	886578	0.0000034
all	1314	11	886578	0.0000124
all	1315	19	886578	0.0000214
all	1316	8	886578	0.0000090
all	1317	2	886578	0.0000023
all	1318	10	886578	0.0000113
all	1319	12	886578	0.0000135
all	1320	8	886578	0.0000090
all	1321	9	886578	0.0000102
all	1322	5	886578	0.0000056
all	1323	8	886578	0.0000090
all	1324	5	886578	0.0000056
all	1325	11	886578	0.0000124
all	1326	5	886578	0.0000056
all	1327	6	886578	0.0000068
all	1328	7	886578	0.0000079
all	1329	5	886578	0.0000056
all	1330	4	886578	0.0000045
all	1331	2	886578	0.0000023
all	1332	7	886578	0.0000079
all	1333	9	886578	0.0000102
all	1334	5	886578	0.0000056
all	1335	2	886578	0.0000023
all	1336	5	886578	0.0000056
all	1337	6	886578	0.0000068
all	1338	6	886578	0.0000068
all	1339	6	886578	0.0000068
all	1340	8	886578	0.0000090
all	1341	5	886578	0.0000056
all	1342	7	886578	0.0000079
all	1343	5	886578	0.0000056
all	1344	7	886578	0.0000079
all	1345	8	886578	0.0000090
all	1346	6	886578	0.0000068
all	1347	4	886578	0.0000045
all	1348	3	886578	0.0000034
all	1349	5	886578	0.0000056
all	1350	8	886578	0.0000090
all	1351	3	886578	0.0000034
all	1352	9	886578	0.0000102
all	1353	3	886578	0.0000034
all	1354	8	886578	0.0000090
all	1355	9	886578	0.0000102
all	1356	5	886578	0.0000056
all	1357	12	886578	0.0000135
all	1358	4	886578	0.0000045
all	1359	8	886578	0.0000090
all	1360	10	886578	0.0000113
all	1361	4	886578	0.0000045
all	1362	8	886578	0.0000090
all	1363	3	886578	0.0000034
all	1364	7	886578	0.0000079
all	1365	6	886578	0.0000068
all	1366	15	886578	0.0000169
all	1367	9	886578	0.0000102
all	1368	10	886578	0.0000113
all	1369	3	886578	0.0000034
all	1370	6	886578	0.0000068
all	1371	9	886578	0.0000102
all	1372	8	886578	0.0000090
all	1373	7	886578	0.0000079
all	1374	6	886578	0.0000068
all	1375	5	886578	0.0000056
all	1376	11	886578	0.0000124
all	1377	12	886578	0.0000135
all	1378	9	886578	0.0000102
all	1379	10	886578	0.0000113
all	1380	4	886578	0.0000045
all	1381	7	886578	0.0000079
all	1382	5	886578	0.0000056
all	1383	9	886578	0.0000102
all	1384	10	886578	0.0000113
all	1385	4	886578	0.0000045
all	1386	13	886578	0.0000147
all	1387	7	886578	0.0000079
all	1388	10	886578	0.0000113
all	1389	7	886578	0.0000079
all	1390	5	886578	0.0000056
all	1391	6	886578	0.0000068
all	1392	6	886578	0.0000068
all	1393	9	886578	0.0000102
all	1394	4	886578	0.0000045
all	1395	5	886578	0.0000056
all	1396	5	886578	0.0000056
all	1397	5	886578	0.0000056
all	1398	3	886578	0.0000034
all	1399	7	886578	0.0000079
all	1400	9	886578	0.0000102
all	1401	9	886578	0.0000102
all	1402	10	886578	0.0000113
all	1403	13	886578	0.0000147
all	1404	9	886578	0.0000102
all	1405	8	886578	0.0000090
all	1406	11	886578	0.0000124
all	1407	8	886578	0.0000090
all	1408	9	886578	0.0000102
all	1409	3	886578	0.0000034
all	1410	7	886578	0.0000079
all	1411	8	886578	0.0000090
all	1412	5	886578	0.0000056
all	1413	4	886578	0.0000045
all	1414	3	886578	0.0000034
all	1415	11	886578	0.0000124
all	1416	6	886578	0.0000068
all	1417	6	886578	0.0000068
all	1418	5	886578	0.0000056
all	1419	9	886578	0.0000102
all	1420	8	886578	0.0000090
all	1421	10	886578	0.0000113
all	1422	10	886578	0.0000113
all	1423	5	886578	0.0000056
all	1424	6	886578	0.0000068
all	1425	5	886578	0.0000056
all	1426	3	886578	0.0000034
all	1427	6	886578	0.0000068
all	1428	13	886578	0.0000147
all	1429	4	886578	0.0000045
all	1430	7	886578	0.0000079
all	1431	4	886578	0.0000045
all	1432	5	886578	0.0000056
all	1433	5	886578	0.0000056
all	1434	6	886578	0.0000068
all	1435	5	886578	0.0000056
all	1436	10	886578	0.0000113
all	1437	5	886578	0.0000056
all	1438	7	886578	0.0000079
all	1439	9	886578	0.0000102
all	1440	5	886578	0.0000056
all	1441	7	886578	0.0000079
all	1442	7	886578	0.0000079
all	1443	8	886578	0.0000090
all	1444	10	886578	0.0000113
all	1445	10	886578	0.0000113
all	1446	15	886578	0.0000169
all	1447	9	886578	0.0000102
all	1448	4	886578	0.0000045
all	1449	3	886578	0.0000034
all	1450	4	886578	0.0000045
all	1451	3	886578	0.0000034
all	1452	4	886578	0.0000045
all	1453	8	886578	0.0000090
all	1454	7	886578	0.0000079
all	1455	5	886578	0.0000056
all	1456	6	886578	0.0000068
all	1457	8	886578	0.0000090
all	1458	8	886578	0.0000090
all	1459	6	886578	0.0000068
all	1460	3	886578	0.0000034
all	1461	4	886578	0.0000045
all	1462	6	886578	0.0000068
all	1463	6	886578	0.0000068
all	1464	6	886578	0.0000068
all	1465	10	886578	0.0000113
all	1466	6	886578	0.0000068
all	1467	1	886578	0.0000011
all	1468	5	886578	0.0000056
all	1469	6	886578	0.0000068
all	1470	7	886578	0.0000079
all	1471	8	886578	0.0000090
all	1472	5	886578	0.0000056
all	1473	11	886578	0.0000124
all	1474	8	886578	0.0000090
all	1475	6	886578	0.0000068
all	1476	6	886578	0.0000068
all	1477	8	886578	0.0000090
all	1478	13	886578	0.0000147
all	1479	5	886578	0.0000056
all	1480	4	886578	0.0000045
all	1481	11	886578	0.0000124
all	1482	1	886578	0.0000011
all	1483	4	886578	0.0000045
all	1484	4	886578	0.0000045
all	1485	7	886578	0.0000079
all	1486	3	886578	0.0000034
all	1487	9	886578	0.0000102
all	1488	8	886578	0.0000090
all	1489	8	886578	0.0000090
all	1490	5	886578	0.0000056
all	1491	3	886578	0.0000034
all	1492	4	886578	0.0000045
all	1493	1	886578	0.0000011
all	1494	3	886578	0.0000034
all	1495	8	886578	0.0000090
all	1496	9	886578	0.0000102
all	1497	5	886578	0.0000056
all	1498	6	886578	0.0000068
all	1499	12	886578	0.0000135
all	1500	8	886578	0.0000090
all	1501	7	886578	0.0000079
all	1502	5	886578	0.0000056
all	1503	7	886578	0.0000079
all	1504	6	886578	0.0000068
all	1505	7	886578	0.0000079
all	1506	1	886578	0.0000011
all	1507	6	886578	0.0000068
all	1508	4	886578	0.0000045
all	1509	3	886578	0.0000034
all	1510	5	886578	0.0000056
all	1511	7	886578	0.0000079
all	1512	11	886578	0.0000124
all	1513	3	886578	0.0000034
all	1514	7	886578	0.0000079
all	1515	2	886578	0.0000023
all	1516	4	886578	0.0000045
all	1517	7	886578	0.0000079
all	1518	1	886578	0.0000011
all	1519	5	886578	0.0000056
all	1520	2	886578	0.0000023
all	1521	2	886578	0.0000023
all	1522	1	886578	0.0000011
all	1523	3	886578	0.0000034
all	1524	5	886578	0.0000056
all	1525	8	886578	0.0000090
all	1526	2	886578	0.0000023
all	1527	6	886578	0.0000068
all	1528	4	886578	0.0000045
all	1529	7	886578	0.0000079
all	1530	1	886578	0.0000011
all	1531	4	886578	0.0000045
all	1532	2	886578	0.0000023
all	1533	4	886578	0.0000045
all	1534	6	886578	0.0000068
all	1535	7	886578	0.0000079
all	1536	4	886578	0.0000045
all	1537	3	886578	0.0000034
all	1538	4	886578	0.0000045
all	1539	8	886578	0.0000090
all	1540	5	886578	0.0000056
all	1541	6	886578	0.0000068
all	1542	1	886578	0.0000011
all	1543	9	886578	0.0000102
all	1544	5	886578	0.0000056
all	1545	6	886578	0.0000068
all	1546	5	886578	0.0000056
all	1547	4	886578	0.0000045
all	1548	9	886578	0.0000102
all	1549	3	886578	0.0000034
all	1550	7	886578	0.0000079
all	1551	1	886578	0.0000011
all	1552	9	886578	0.0000102
all	1553	4	886578	0.0000045
all	1554	5	886578	0.0000056
all	1555	4	886578	0.0000045
all	1556	9	886578	0.0000102
all	1557	9	886578	0.0000102
all	1558	9	886578	0.0000102
all	1559	5	886578	0.0000056
all	1560	6	886578	0.0000068
all	1561	3	886578	0.0000034
all	1562	4	886578	0.0000045
all	1563	6	886578	0.0000068
all	1564	1	886578	0.0000011
all	1565	7	886578	0.0000079
all	1566	3	886578	0.0000034
all	1567	2	886578	0.0000023
all	1568	6	886578	0.0000068
all	1569	5	886578	0.0000056
all	1570	3	886578	0.0000034
all	1571	3	886578	0.0000034
all	1572	4	886578	0.0000045
all	1573	4	886578	0.0000045
all	1574	4	886578	0.0000045
all	1575	5	886578	0.0000056
all	1576	4	886578	0.0000045
all	1577	5	886578	0.0000056
all	1578	3	886578	0.0000034
all	1579	4	886578	0.0000045
all	1580	3	886578	0.0000034
all	1581	3	886578	0.0000034
all	1582	3	886578	0.0000034
all	1583	2	886578	0.0000023
all	1584	2	886578	0.0000023
all	1585	3	886578	0.0000034
all	1586	3	886578	0.0000034
all	1587	4	886578	0.0000045
all	1588	5	886578	0.0000056
all	1589	1	886578	0.0000011
all	1590	5	886578	0.0000056
all	1591	5	886578	0.0000056
all	1592	5	886578	0.0000056
all	1593	2	886578	0.0000023
all	1594	5	886578	0.0000056
all	1595	8	886578	0.0000090
all	1596	3	886578	0.0000034
all	1597	2	886578	0.0000023
all	1598	2	886578	0.0000023
all	1599	2	886578	0.0000023
all	1600	2	886578	0.0000023
all	1601	1	886578	0.0000011
all	1602	4	886578	0.0000045
all	1603	1	886578	0.0000011
all	1604	3	886578	0.0000034
all	1605	4	886578	0.0000045
all	1606	4	886578	0.0000045
all	1607	4	886578	0.0000045
all	1609	1	886578	0.0000011
all	1610	4	886578	0.0000045
all	1612	6	886578	0.0000068
all	1613	4	886578	0.0000045
all	1614	1	886578	0.0000011
all	1615	3	886578	0.0000034
all	1616	1	886578	0.0000011
all	1617	4	886578	0.0000045
all	1618	2	886578	0.0000023
all	1619	1	886578	0.0000011
all	1620	3	886578	0.0000034
all	1621	1	886578	0.0000011
all	1622	3	886578	0.0000034
all	1623	5	886578	0.0000056
all	1624	1	886578	0.0000011
all	1625	5	886578	0.0000056
all	1627	4	886578	0.0000045
all	1628	3	886578	0.0000034
all	1629	2	886578	0.0000023
all	1630	1	886578	0.0000011
all	1631	2	886578	0.0000023
all	1632	3	886578	0.0000034
all	1633	1	886578	0.0000011
all	1634	3	886578	0.0000034
all	1635	6	886578	0.0000068
all	1636	5	886578	0.0000056
all	1637	3	886578	0.0000034
all	1638	2	886578	0.0000023
all	1639	1	886578	0.0000011
all	1640	3	886578	0.0000034
all	1641	4	886578	0.0000045
all	1642	2	886578	0.0000023
all	1643	5	886578	0.0000056
all	1644	3	886578	0.0000034
all	1645	5	886578	0.0000056
all	1646	2	886578	0.0000023
all	1647	5	886578	0.0000056
all	1648	6	886578	0.0000068
all	1649	2	886578	0.0000023
all	1650	2	886578	0.0000023
all	1651	2	886578	0.0000023
all	1652	5	886578	0.0000056
all	1653	4	886578	0.0000045
all	1654	5	886578	0.0000056
all	1655	7	886578	0.0000079
all	1656	3	886578	0.0000034
all	1657	2	886578	0.0000023
all	1659	1	886578	0.0000011
all	1660	1	886578	0.0000011
all	1661	2	886578	0.0000023
all	1662	6	886578	0.0000068
all	1663	3	886578	0.0000034
all	1664	1	886578	0.0000011
all	1665	2	886578	0.0000023
all	1666	2	886578	0.0000023
all	1667	4	886578	0.0000045
all	1668	2	886578	0.0000023
all	1669	2	886578	0.0000023
all	1670	4	886578	0.0000045
all	1671	3	886578	0.0000034
all	1672	2	886578	0.0000023
all	1673	9	886578	0.0000102
all	1675	2	886578	0.0000023
all	1676	1	886578	0.0000011
all	1677	3	886578	0.0000034
all	1678	2	886578	0.0000023
all	1679	4	886578	0.0000045
all	1680	5	886578	0.0000056
all	1681	4	886578	0.0000045
all	1682	4	886578	0.0000045
all	1683	2	886578	0.0000023
all	1684	1	886578	0.0000011
all	1685	3	886578	0.0000034
all	1686	1	886578	0.0000011
all	1687	1	886578	0.0000011
all	1688	2	886578	0.0000023
all	1689	3	886578	0.0000034
all	1690	4	886578	0.0000045
all	1691	4	886578	0.0000045
all	1692	3	886578	0.0000034
all	1693	1	886578	0.0000011
all	1694	2	886578	0.0000023
all	1695	3	886578	0.0000034
all	1696	1	886578	0.0000011
all	1697	5	886578	0.0000056
all	1698	4	886578	0.0000045
all	1699	3	886578	0.0000034
all	1700	3	886578	0.0000034
all	1701	1	886578	0.0000011
all	1702	1	886578	0.0000011
all	1704	2	886578	0.0000023
all	1705	1	886578	0.0000011
all	1706	3	886578	0.0000034
all	1707	1	886578	0.0000011
all	1708	3	886578	0.0000034
all	1709	4	886578	0.0000045
all	1710	1	886578	0.0000011
all	1711	2	886578	0.0000023
all	1712	4	886578	0.0000045
all	1714	7	886578	0.0000079
all	1715	3	886578	0.0000034
all	1716	1	886578	0.0000011
all	1717	1	886578	0.0000011
all	1718	4	886578	0.0000045
all	1719	2	886578	0.0000023
all	1720	2	886578	0.0000023
all	1721	1	886578	0.0000011
all	1722	2	886578	0.0000023
all	1723	2	886578	0.0000023
all	1724	3	886578	0.0000034
all	1725	2	886578	0.0000023
all	1726	4	886578	0.0000045
all	1727	5	886578	0.0000056
all	1728	4	886578	0.0000045
all	1729	5	886578	0.0000056
all	1730	5	886578	0.0000056
all	1731	4	886578	0.0000045
all	1732	5	886578	0.0000056
all	1733	1	886578	0.0000011
all	1734	5	886578	0.0000056
all	1735	1	886578	0.0000011
all	1736	3	886578	0.0000034
all	1737	4	886578	0.0000045
all	1738	2	886578	0.0000023
all	1739	4	886578	0.0000045
all	1740	3	886578	0.0000034
all	1741	3	886578	0.0000034
all	1742	4	886578	0.0000045
all	1743	4	886578	0.0000045
all	1744	2	886578	0.0000023
all	1745	1	886578	0.0000011
all	1746	3	886578	0.0000034
all	1747	3	886578	0.0000034
all	1748	4	886578	0.0000045
all	1749	1	886578	0.0000011
all	1750	7	886578	0.0000079
all	1751	3	886578	0.0000034
all	1752	3	886578	0.0000034
all	1753	4	886578	0.0000045
all	1754	6	886578	0.0000068
all	1755	6	886578	0.0000068
all	1756	4	886578	0.0000045
all	1757	3	886578	0.0000034
all	1758	6	886578	0.0000068
all	1759	2	886578	0.0000023
all	1760	3	886578	0.0000034
all	1761	4	886578	0.0000045
all	1762	9	886578	0.0000102
all	1763	7	886578	0.0000079
all	1764	4	886578	0.0000045
all	1765	3	886578	0.0000034
all	1766	1	886578	0.0000011
all	1767	2	886578	0.0000023
all	1768	4	886578	0.0000045
all	1769	5	886578	0.0000056
all	1770	2	886578	0.0000023
all	1771	4	886578	0.0000045
all	1772	2	886578	0.0000023
all	1773	2	886578	0.0000023
all	1775	1	886578	0.0000011
all	1776	1	886578	0.0000011
all	1777	2	886578	0.0000023
all	1778	5	886578	0.0000056
all	1779	3	886578	0.0000034
all	1782	3	886578	0.0000034
all	1784	1	886578	0.0000011
all	1785	3	886578	0.0000034
all	1786	4	886578	0.0000045
all	1788	2	886578	0.0000023
all	1789	2	886578	0.0000023
all	1790	4	886578	0.0000045
all	1792	2	886578	0.0000023
all	1793	1	886578	0.0000011
all	1794	3	886578	0.0000034
all	1795	3	886578	0.0000034
all	1796	1	886578	0.0000011
all	1797	2	886578	0.0000023
all	1798	2	886578	0.0000023
all	1799	1	886578	0.0000011
all	1800	3	886578	0.0000034
all	1801	1	886578	0.0000011
all	1802	2	886578	0.0000023
all	1805	5	886578	0.0000056
all	1806	3	886578	0.0000034
all	1807	6	886578	0.0000068
all	1808	4	886578	0.0000045
all	1809	6	886578	0.0000068
all	1810	4	886578	0.0000045
all	1811	1	886578	0.0000011
all	1812	1	886578	0.0000011
all	1813	1	886578	0.0000011
all	1814	4	886578	0.0000045
all	1815	1	886578	0.0000011
all	1817	5	886578	0.0000056
all	1818	5	886578	0.0000056
all	1819	3	886578	0.0000034
all	1820	2	886578	0.0000023
all	1821	1	886578	0.0000011
all	1822	5	886578	0.0000056
all	1824	2	886578	0.0000023
all	1825	3	886578	0.0000034
all	1826	8	886578	0.0000090
all	1827	1	886578	0.0000011
all	1828	4	886578	0.0000045
all	1830	5	886578	0.0000056
all	1832	5	886578	0.0000056
all	1834	7	886578	0.0000079
all	1835	7	886578	0.0000079
all	1836	4	886578	0.0000045
all	1837	3	886578	0.0000034
all	1838	2	886578	0.0000023
all	1839	7	886578	0.0000079
all	1840	2	886578	0.0000023
all	1841	1	886578	0.0000011
all	1842	1	886578	0.0000011
all	1843	2	886578	0.0000023
all	1844	3	886578	0.0000034
all	1845	3	886578	0.0000034
all	1846	3	886578	0.0000034
all	1847	1	886578	0.0000011
all	1848	1	886578	0.0000011
all	1849	5	886578	0.0000056
all	1850	6	886578	0.0000068
all	1851	1	886578	0.0000011
all	1852	4	886578	0.0000045
all	1853	1	886578	0.0000011
all	1854	3	886578	0.0000034
all	1855	2	886578	0.0000023
all	1856	5	886578	0.0000056
all	1857	3	886578	0.0000034
all	1858	6	886578	0.0000068
all	1859	3	886578	0.0000034
all	1860	4	886578	0.0000045
all	1861	2	886578	0.0000023
all	1862	1	886578	0.0000011
all	1864	2	886578	0.0000023
all	1865	3	886578	0.0000034
all	1866	2	886578	0.0000023
all	1867	1	886578	0.0000011
all	1868	3	886578	0.0000034
all	1869	1	886578	0.0000011
all	1870	2	886578	0.0000023
all	1871	4	886578	0.0000045
all	1872	1	886578	0.0000011
all	1873	3	886578	0.0000034
all	1875	1	886578	0.0000011
all	1876	2	886578	0.0000023
all	1878	3	886578	0.0000034
all	1879	1	886578	0.0000011
all	1880	5	886578	0.0000056
all	1881	2	886578	0.0000023
all	1882	2	886578	0.0000023
all	1883	3	886578	0.0000034
all	1884	4	886578	0.0000045
all	1885	4	886578	0.0000045
all	1886	2	886578	0.0000023
all	1887	1	886578	0.0000011
all	1888	1	886578	0.0000011
all	1889	2	886578	0.0000023
all	1890	2	886578	0.0000023
all	1891	1	886578	0.0000011
all	1892	5	886578	0.0000056
all	1893	2	886578	0.0000023
all	1894	3	886578	0.0000034
all	1895	2	886578	0.0000023
all	1896	5	886578	0.0000056
all	1897	2	886578	0.0000023
all	1898	2	886578	0.0000023
all	1899	1	886578	0.0000011
all	1900	4	886578	0.0000045
all	1901	3	886578	0.0000034
all	1902	3	886578	0.0000034
all	1903	1	886578	0.0000011
all	1904	6	886578	0.0000068
all	1905	2	886578	0.0000023
all	1906	3	886578	0.0000034
all	1907	3	886578	0.0000034
all	1909	3	886578	0.0000034
all	1910	2	886578	0.0000023
all	1911	2	886578	0.0000023
all	1912	2	886578	0.0000023
all	1913	1	886578	0.0000011
all	1914	3	886578	0.0000034
all	1915	2	886578	0.0000023
all	1916	6	886578	0.0000068
all	1917	1	886578	0.0000011
all	1918	1	886578	0.0000011
all	1919	6	886578	0.0000068
all	1920	2	886578	0.0000023
all	1921	3	886578	0.0000034
all	1922	3	886578	0.0000034
all	1923	1	886578	0.0000011
all	1924	1	886578	0.0000011
all	1925	3	886578	0.0000034
all	1926	3	886578	0.0000034
all	1927	3	886578	0.0000034
all	1928	3	886578	0.0000034
all	1929	1	886578	0.0000011
all	1930	5	886578	0.0000056
all	1931	3	886578	0.0000034
all	1932	1	886578	0.0000011
all	1933	5	886578	0.0000056
all	1934	4	886578	0.0000045
all	1935	5	886578	0.0000056
all	1936	3	886578	0.0000034
all	1937	3	886578	0.0000034
all	1938	1	886578	0.0000011
all	1939	2	886578	0.0000023
all	1940	3	886578	0.0000034
all	1941	5	886578	0.0000056
all	1942	1	886578	0.0000011
all	1943	8	886578	0.0000090
all	1944	6	886578	0.0000068
all	1945	8	886578	0.0000090
all	1946	5	886578	0.0000056
all	1947	1	886578	0.0000011
all	1948	5	886578	0.0000056
all	1949	7	886578	0.0000079
all	1950	2	886578	0.0000023
all	1951	1	886578	0.0000011
all	1952	1	886578	0.0000011
all	1953	5	886578	0.0000056
all	1954	4	886578	0.0000045
all	1956	3	886578	0.0000034
all	1957	5	886578	0.0000056
all	1958	2	886578	0.0000023
all	1959	2	886578	0.0000023
all	1960	4	886578	0.0000045
all	1961	2	886578	0.0000023
all	1962	3	886578	0.0000034
all	1963	2	886578	0.0000023
all	1964	2	886578	0.0000023
all	1965	1	886578	0.0000011
all	1966	4	886578	0.0000045
all	1967	4	886578	0.0000045
all	1968	2	886578	0.0000023
all	1969	2	886578	0.0000023
all	1970	5	886578	0.0000056
all	1971	2	886578	0.0000023
all	1972	1	886578	0.0000011
all	1973	1	886578	0.0000011
all	1974	3	886578	0.0000034
all	1975	4	886578	0.0000045
all	1976	4	886578	0.0000045
all	1977	2	886578	0.0000023
all	1978	1	886578	0.0000011
all	1979	3	886578	0.0000034
all	1980	3	886578	0.0000034
all	1981	5	886578	0.0000056
all	1982	4	886578	0.0000045
all	1983	2	886578	0.0000023
all	1984	3	886578	0.0000034
all	1985	2	886578	0.0000023
all	1986	3	886578	0.0000034
all	1987	2	886578	0.0000023
all	1988	2	886578	0.0000023
all	1989	3	886578	0.0000034
all	1990	2	886578	0.0000023
all	1991	1	886578	0.0000011
all	1992	3	886578	0.0000034
all	1994	2	886578	0.0000023
all	1995	2	886578	0.0000023
all	1996	4	886578	0.0000045
all	1998	1	886578	0.0000011
all	1999	4	886578	0.0000045
all	2000	1	886578	0.0000011
all	2002	3	886578	0.0000034
all	2003	2	886578	0.0000023
all	2004	1	886578	0.0000011
all	2006	3	886578	0.0000034
all	2007	2	886578	0.0000023
all	2008	3	886578	0.0000034
all	2009	1	886578	0.0000011
all	2010	3	886578	0.0000034
all	2011	3	886578	0.0000034
all	2012	2	886578	0.0000023
all	2013	3	886578	0.0000034
all	2014	3	886578	0.0000034
all	2015	4	886578	0.0000045
all	2017	2	886578	0.0000023
all	2018	3	886578	0.0000034
all	2019	1	886578	0.0000011
all	2020	1	886578	0.0000011
all	2021	2	886578	0.0000023
all	2022	3	886578	0.0000034
all	2024	1	886578	0.0000011
all	2025	1	886578	0.0000011
all	2026	3	886578	0.0000034
all	2027	2	886578	0.0000023
all	2028	2	886578	0.0000023
all	2029	2	886578	0.0000023
all	2030	2	886578	0.0000023
all	2031	1	886578	0.0000011
all	2032	1	886578	0.0000011
all	2033	2	886578	0.0000023
all	2034	4	886578	0.0000045
all	2036	3	886578	0.0000034
all	2037	1	886578	0.0000011
all	2038	4	886578	0.0000045
all	2039	3	886578	0.0000034
all	2041	1	886578	0.0000011
all	2042	1	886578	0.0000011
all	2043	6	886578	0.0000068
all	2045	3	886578	0.0000034
all	2046	1	886578	0.0000011
all	2047	2	886578	0.0000023
all	2049	6	886578	0.0000068
all	2050	5	886578	0.0000056
all	2051	2	886578	0.0000023
all	2052	3	886578	0.0000034
all	2053	1	886578	0.0000011
all	2054	6	886578	0.0000068
all	2056	1	886578	0.0000011
all	2057	1	886578	0.0000011
all	2059	1	886578	0.0000011
all	2060	4	886578	0.0000045
all	2063	3	886578	0.0000034
all	2065	1	886578	0.0000011
all	2066	3	886578	0.0000034
all	2067	4	886578	0.0000045
all	2068	1	886578	0.0000011
all	2069	3	886578	0.0000034
all	2070	3	886578	0.0000034
all	2071	2	886578	0.0000023
all	2073	1	886578	0.0000011
all	2074	2	886578	0.0000023
all	2075	1	886578	0.0000011
all	2076	1	886578	0.0000011
all	2077	1	886578	0.0000011
all	2078	3	886578	0.0000034
all	2079	2	886578	0.0000023
all	2080	4	886578	0.0000045
all	2081	2	886578	0.0000023
all	2082	2	886578	0.0000023
all	2083	1	886578	0.0000011
all	2085	2	886578	0.0000023
all	2086	1	886578	0.0000011
all	2087	2	886578	0.0000023
all	2088	1	886578	0.0000011
all	2089	4	886578	0.0000045
all	2090	1	886578	0.0000011
all	2091	2	886578	0.0000023
all	2092	1	886578	0.0000011
all	2094	2	886578	0.0000023
all	2095	2	886578	0.0000023
all	2096	3	886578	0.0000034
all	2097	2	886578	0.0000023
all	2098	3	886578	0.0000034
all	2099	4	886578	0.0000045
all	2100	2	886578	0.0000023
all	2101	1	886578	0.0000011
all	2102	1	886578	0.0000011
all	2103	1	886578	0.0000011
all	2104	2	886578	0.0000023
all	2105	1	886578	0.0000011
all	2106	1	886578	0.0000011
all	2110	1	886578	0.0000011
all	2111	1	886578	0.0000011
all	2113	1	886578	0.0000011
all	2114	1	886578	0.0000011
all	2115	2	886578	0.0000023
all	2116	2	886578	0.0000023
all	2117	3	886578	0.0000034
all	2118	2	886578	0.0000023
all	2119	2	886578	0.0000023
all	2120	3	886578	0.0000034
all	2121	2	886578	0.0000023
all	2122	1	886578	0.0000011
all	2123	1	886578	0.0000011
all	2124	1	886578	0.0000011
all	2125	1	886578	0.0000011
all	2126	3	886578	0.0000034
all	2127	1	886578	0.0000011
all	2128	2	886578	0.0000023
all	2129	1	886578	0.0000011
all	2130	3	886578	0.0000034
all	2133	1	886578	0.0000011
all	2135	2	886578	0.0000023
all	2137	3	886578	0.0000034
all	2138	2	886578	0.0000023
all	2139	2	886578	0.0000023
all	2140	1	886578	0.0000011
all	2141	3	886578	0.0000034
all	2142	2	886578	0.0000023
all	2143	3	886578	0.0000034
all	2144	1	886578	0.0000011
all	2145	1	886578	0.0000011
all	2146	2	886578	0.0000023
all	2147	1	886578	0.0000011
all	2148	1	886578	0.0000011
all	2149	2	886578	0.0000023
all	2153	1	886578	0.0000011
all	2154	2	886578	0.0000023
all	2155	2	886578	0.0000023
all	2156	2	886578	0.0000023
all	2157	2	886578	0.0000023
all	2158	1	886578	0.0000011
all	2159	1	886578	0.0000011
all	2160	1	886578	0.0000011
all	2161	3	886578	0.0000034
all	2162	3	886578	0.0000034
all	2163	3	886578	0.0000034
all	2164	2	886578	0.0000023
all	2165	1	886578	0.0000011
all	2166	1	886578	0.0000011
all	2167	1	886578	0.0000011
all	2168	1	886578	0.0000011
all	2169	1	886578	0.0000011
all	2170	3	886578	0.0000034
all	2171	1	886578	0.0000011
all	2172	3	886578	0.0000034
all	2173	1	886578	0.0000011
all	2174	2	886578	0.0000023
all	2175	1	886578	0.0000011
all	2176	3	886578	0.0000034
all	2177	3	886578	0.0000034
all	2178	2	886578	0.0000023
all	2180	2	886578	0.0000023
all	2181	3	886578	0.0000034
all	2183	2	886578	0.0000023
all	2184	2	886578	0.0000023
all	2185	2	886578	0.0000023
all	2186	1	886578	0.0000011
all	2187	1	886578	0.0000011
all	2188	4	886578	0.0000045
all	2189	2	886578	0.0000023
all	2191	3	886578	0.0000034
all	2192	2	886578	0.0000023
all	2193	1	886578	0.0000011
all	2194	3	886578	0.0000034
all	2195	3	886578	0.0000034
all	2196	3	886578	0.0000034
all	2197	1	886578	0.0000011
all	2198	4	886578	0.0000045
all	2199	1	886578	0.0000011
all	2201	2	886578	0.0000023
all	2202	3	886578	0.0000034
all	2203	2	886578	0.0000023
all	2205	1	886578	0.0000011
all	2206	1	886578	0.0000011
all	2208	1	886578	0.0000011
all	2210	2	886578	0.0000023
all	2211	3	886578	0.0000034
all	2213	1	886578	0.0000011
all	2214	1	886578	0.0000011
all	2215	2	886578	0.0000023
all	2216	1	886578	0.0000011
all	2217	1	886578	0.0000011
all	2219	2	886578	0.0000023
all	2221	1	886578	0.0000011
all	2223	1	886578	0.0000011
all	2225	1	886578	0.0000011
all	2226	3	886578	0.0000034
all	2227	2	886578	0.0000023
all	2228	1	886578	0.0000011
all	2229	1	886578	0.0000011
all	2230	1	886578	0.0000011
all	2231	3	886578	0.0000034
all	2232	2	886578	0.0000023
all	2233	1	886578	0.0000011
all	2235	1	886578	0.0000011
all	2236	3	886578	0.0000034
all	2237	2	886578	0.0000023
all	2238	1	886578	0.0000011
all	2241	1	886578	0.0000011
all	2242	2	886578	0.0000023
all	2243	1	886578	0.0000011
all	2244	3	886578	0.0000034
all	2247	2	886578	0.0000023
all	2248	3	886578	0.0000034
all	2249	2	886578	0.0000023
all	2250	4	886578	0.0000045
all	2251	3	886578	0.0000034
all	2252	1	886578	0.0000011
all	2253	2	886578	0.0000023
all	2254	2	886578	0.0000023
all	2255	1	886578	0.0000011
all	2256	2	886578	0.0000023
all	2257	1	886578	0.0000011
all	2258	1	886578	0.0000011
all	2259	5	886578	0.0000056
all	2260	1	886578	0.0000011
all	2261	6	886578	0.0000068
all	2262	2	886578	0.0000023
all	2265	3	886578	0.0000034
all	2266	2	886578	0.0000023
all	2267	1	886578	0.0000011
all	2268	1	886578	0.0000011
all	2269	1	886578	0.0000011
all	2270	2	886578	0.0000023
all	2271	1	886578	0.0000011
all	2272	3	886578	0.0000034
all	2273	1	886578	0.0000011
all	2274	2	886578	0.0000023
all	2275	1	886578	0.0000011
all	2276	3	886578	0.0000034
all	2277	1	886578	0.0000011
all	2278	2	886578	0.0000023
all	2280	2	886578	0.0000023
all	2281	1	886578	0.0000011
all	2282	2	886578	0.0000023
all	2284	2	886578	0.0000023
all	2285	1	886578	0.0000011
all	2286	3	886578	0.0000034
all	2287	5	886578	0.0000056
all	2288	3	886578	0.0000034
all	2289	1	886578	0.0000011
all	2290	3	886578	0.0000034
all	2291	3	886578	0.0000034
all	2292	2	886578	0.0000023
all	2293	1	886578	0.0000011
all	2294	2	886578	0.0000023
all	2296	2	886578	0.0000023
all	2297	3	886578	0.0000034
all	2298	2	886578	0.0000023
all	2299	4	886578	0.0000045
all	2300	2	886578	0.0000023
all	2301	1	886578	0.0000011
all	2302	2	886578	0.0000023
all	2304	4	886578	0.0000045
all	2305	1	886578	0.0000011
all	2306	3	886578	0.0000034
all	2307	1	886578	0.0000011
all	2308	1	886578	0.0000011
all	2309	7	886578	0.0000079
all	2310	2	886578	0.0000023
all	2311	2	886578	0.0000023
all	2312	1	886578	0.0000011
all	2314	3	886578	0.0000034
all	2315	2	886578	0.0000023
all	2316	1	886578	0.0000011
all	2317	1	886578	0.0000011
all	2318	3	886578	0.0000034
all	2319	5	886578	0.0000056
all	2320	2	886578	0.0000023
all	2322	2	886578	0.0000023
all	2323	2	886578	0.0000023
all	2324	1	886578	0.0000011
all	2325	1	886578	0.0000011
all	2326	1	886578	0.0000011
all	2327	4	886578	0.0000045
all	2328	3	886578	0.0000034
all	2331	2	886578	0.0000023
all	2332	2	886578	0.0000023
all	2333	1	886578	0.0000011
all	2334	4	886578	0.0000045
all	2337	1	886578	0.0000011
all	2338	2	886578	0.0000023
all	2339	2	886578	0.0000023
all	2340	3	886578	0.0000034
all	2341	1	886578	0.0000011
all	2342	2	886578	0.0000023
all	2343	2	886578	0.0000023
all	2344	1	886578	0.0000011
all	2345	3	886578	0.0000034
all	2346	1	886578	0.0000011
all	2347	2	886578	0.0000023
all	2349	3	886578	0.0000034
all	2351	2	886578	0.0000023
all	2352	3	886578	0.0000034
all	2353	1	886578	0.0000011
all	2354	2	886578	0.0000023
all	2357	2	886578	0.0000023
all	2358	1	886578	0.0000011
all	2359	2	886578	0.0000023
all	2360	2	886578	0.0000023
all	2362	2	886578	0.0000023
all	2365	1	886578	0.0000011
all	2366	3	886578	0.0000034
all	2367	1	886578	0.0000011
all	2368	1	886578	0.0000011
all	2369	2	886578	0.0000023
all	2370	2	886578	0.0000023
all	2371	3	886578	0.0000034
all	2372	5	886578	0.0000056
all	2373	6	886578	0.0000068
all	2374	4	886578	0.0000045
all	2375	1	886578	0.0000011
all	2376	10	886578	0.0000113
all	2377	3	886578	0.0000034
all	2378	1	886578	0.0000011
all	2379	2	886578	0.0000023
all	2380	1	886578	0.0000011
all	2381	1	886578	0.0000011
all	2382	2	886578	0.0000023
all	2383	2	886578	0.0000023
all	2385	2	886578	0.0000023
all	2386	2	886578	0.0000023
all	2387	2	886578	0.0000023
all	2388	2	886578	0.0000023
all	2390	1	886578	0.0000011
all	2391	4	886578	0.0000045
all	2392	3	886578	0.0000034
all	2393	3	886578	0.0000034
all	2395	2	886578	0.0000023
all	2396	2	886578	0.0000023
all	2397	1	886578	0.0000011
all	2398	2	886578	0.0000023
all	2399	1	886578	0.0000011
all	2400	1	886578	0.0000011
all	2402	2	886578	0.0000023
all	2403	1	886578	0.0000011
all	2404	2	886578	0.0000023
all	2406	1	886578	0.0000011
all	2407	1	886578	0.0000011
all	2408	1	886578	0.0000011
all	2409	2	886578	0.0000023
all	2410	2	886578	0.0000023
all	2411	1	886578	0.0000011
all	2412	3	886578	0.0000034
all	2413	1	886578	0.0000011
all	2414	2	886578	0.0000023
all	2415	2	886578	0.0000023
all	2416	2	886578	0.0000023
all	2417	1	886578	0.0000011
all	2418	3	886578	0.0000034
all	2419	1	886578	0.0000011
all	2420	2	886578	0.0000023
all	2421	3	886578	0.0000034
all	2422	4	886578	0.0000045
all	2423	1	886578	0.0000011
all	2424	1	886578	0.0000011
all	2425	1	886578	0.0000011
all	2426	4	886578	0.0000045
all	2427	1	886578	0.0000011
all	2428	2	886578	0.0000023
all	2429	1	886578	0.0000011
all	2430	4	886578	0.0000045
all	2431	3	886578	0.0000034
all	2432	4	886578	0.0000045
all	2433	1	886578	0.0000011
all	2434	3	886578	0.0000034
all	2435	2	886578	0.0000023
all	2436	3	886578	0.0000034
all	2437	2	886578	0.0000023
all	2438	2	886578	0.0000023
all	2439	1	886578	0.0000011
all	2440	4	886578	0.0000045
all	2441	1	886578	0.0000011
all	2443	2	886578	0.0000023
all	2444	1	886578	0.0000011
all	2445	1	886578	0.0000011
all	2446	3	886578	0.0000034
all	2447	4	886578	0.0000045
all	2448	1	886578	0.0000011
all	2449	4	886578	0.0000045
all	2451	1	886578	0.0000011
all	2452	2	886578	0.0000023
all	2453	2	886578	0.0000023
all	2454	1	886578	0.0000011
all	2455	1	886578	0.0000011
all	2456	3	886578	0.0000034
all	2457	6	886578	0.0000068
all	2458	1	886578	0.0000011
all	2459	2	886578	0.0000023
all	2461	3	886578	0.0000034
all	2462	1	886578	0.0000011
all	2464	3	886578	0.0000034
all	2465	2	886578	0.0000023
all	2466	2	886578	0.0000023
all	2467	4	886578	0.0000045
all	2468	1	886578	0.0000011
all	2469	2	886578	0.0000023
all	2470	1	886578	0.0000011
all	2471	2	886578	0.0000023
all	2472	3	886578	0.0000034
all	2473	2	886578	0.0000023
all	2474	5	886578	0.0000056
all	2475	2	886578	0.0000023
all	2477	3	886578	0.0000034
all	2478	3	886578	0.0000034
all	2479	1	886578	0.0000011
all	2480	1	886578	0.0000011
all	2481	4	886578	0.0000045
all	2482	3	886578	0.0000034
all	2483	3	886578	0.0000034
all	2485	1	886578	0.0000011
all	2486	2	886578	0.0000023
all	2487	2	886578	0.0000023
all	2488	2	886578	0.0000023
all	2489	1	886578	0.0000011
all	2491	1	886578	0.0000011
all	2492	2	886578	0.0000023
all	2493	1	886578	0.0000011
all	2494	1	886578	0.0000011
all	2495	2	886578	0.0000023
all	2496	2	886578	0.0000023
all	2497	1	886578	0.0000011
all	2499	1	886578	0.0000011
all	2500	1	886578	0.0000011
all	2501	1	886578	0.0000011
all	2502	3	886578	0.0000034
all	2503	1	886578	0.0000011
all	2505	1	886578	0.0000011
all	2507	1	886578	0.0000011
all	2508	4	886578	0.0000045
all	2509	1	886578	0.0000011
all	2510	2	886578	0.0000023
all	2511	2	886578	0.0000023
all	2514	2	886578	0.0000023
all	2515	1	886578	0.0000011
all	2516	2	886578	0.0000023
all	2517	1	886578	0.0000011
all	2518	2	886578	0.0000023
all	2520	3	886578	0.0000034
all	2521	3	886578	0.0000034
all	2522	1	886578	0.0000011
all	2524	2	886578	0.0000023
all	2525	1	886578	0.0000011
all	2526	3	886578	0.0000034
all	2527	1	886578	0.0000011
all	2529	1	886578	0.0000011
all	2530	1	886578	0.0000011
all	2532	4	886578	0.0000045
all	2533	5	886578	0.0000056
all	2534	2	886578	0.0000023
all	2535	1	886578	0.0000011
all	2536	2	886578	0.0000023
all	2537	1	886578	0.0000011
all	2538	1	886578	0.0000011
all	2539	2	886578	0.0000023
all	2540	1	886578	0.0000011
all	2541	1	886578	0.0000011
all	2543	1	886578	0.0000011
all	2544	1	886578	0.0000011
all	2545	4	886578	0.0000045
all	2546	4	886578	0.0000045
all	2548	1	886578	0.0000011
all	2550	1	886578	0.0000011
all	2551	1	886578	0.0000011
all	2552	3	886578	0.0000034
all	2554	2	886578	0.0000023
all	2556	1	886578	0.0000011
all	2558	1	886578	0.0000011
all	2560	1	886578	0.0000011
all	2561	2	886578	0.0000023
all	2562	1	886578	0.0000011
all	2564	2	886578	0.0000023
all	2565	1	886578	0.0000011
all	2566	2	886578	0.0000023
all	2567	3	886578	0.0000034
all	2570	2	886578	0.0000023
all	2572	1	886578	0.0000011
all	2574	4	886578	0.0000045
all	2575	3	886578	0.0000034
all	2576	2	886578	0.0000023
all	2577	2	886578	0.0000023
all	2579	1	886578	0.0000011
all	2582	1	886578	0.0000011
all	2583	2	886578	0.0000023
all	2584	1	886578	0.0000011
all	2585	1	886578	0.0000011
all	2587	3	886578	0.0000034
all	2588	2	886578	0.0000023
all	2589	1	886578	0.0000011
all	2592	1	886578	0.0000011
all	2593	1	886578	0.0000011
all	2594	2	886578	0.0000023
all	2595	2	886578	0.0000023
all	2596	1	886578	0.0000011
all	2597	1	886578	0.0000011
all	2598	1	886578	0.0000011
all	2600	1	886578	0.0000011
all	2601	3	886578	0.0000034
all	2602	1	886578	0.0000011
all	2603	2	886578	0.0000023
all	2606	2	886578	0.0000023
all	2607	4	886578	0.0000045
all	2608	1	886578	0.0000011
all	2609	2	886578	0.0000023
all	2610	1	886578	0.0000011
all	2612	1	886578	0.0000011
all	2613	4	886578	0.0000045
all	2614	1	886578	0.0000011
all	2616	2	886578	0.0000023
all	2617	1	886578	0.0000011
all	2618	2	886578	0.0000023
all	2619	2	886578	0.0000023
all	2621	2	886578	0.0000023
all	2624	2	886578	0.0000023
all	2625	6	886578	0.0000068
all	2626	4	886578	0.0000045
all	2627	1	886578	0.0000011
all	2628	3	886578	0.0000034
all	2629	4	886578	0.0000045
all	2630	1	886578	0.0000011
all	2632	2	886578	0.0000023
all	2633	3	886578	0.0000034
all	2634	1	886578	0.0000011
all	2635	2	886578	0.0000023
all	2636	2	886578	0.0000023
all	2637	2	886578	0.0000023
all	2638	2	886578	0.0000023
all	2639	3	886578	0.0000034
all	2641	4	886578	0.0000045
all	2642	1	886578	0.0000011
all	2645	1	886578	0.0000011
all	2647	2	886578	0.0000023
all	2648	1	886578	0.0000011
all	2651	1	886578	0.0000011
all	2653	2	886578	0.0000023
all	2658	3	886578	0.0000034
all	2659	1	886578	0.0000011
all	2660	2	886578	0.0000023
all	2661	1	886578	0.0000011
all	2662	1	886578	0.0000011
all	2663	3	886578	0.0000034
all	2664	1	886578	0.0000011
all	2669	1	886578	0.0000011
all	2670	3	886578	0.0000034
all	2674	1	886578	0.0000011
all	2677	2	886578	0.0000023
all	2678	1	886578	0.0000011
all	2681	2	886578	0.0000023
all	2682	2	886578	0.0000023
all	2683	1	886578	0.0000011
all	2687	2	886578	0.0000023
all	2688	2	886578	0.0000023
all	2690	1	886578	0.0000011
all	2692	1	886578	0.0000011
all	2693	1	886578	0.0000011
all	2694	2	886578	0.0000023
all	2699	2	886578	0.0000023
all	2700	1	886578	0.0000011
all	2702	1	886578	0.0000011
all	2703	1	886578	0.0000011
all	2704	1	886578	0.0000011
all	2705	1	886578	0.0000011
all	2707	1	886578	0.0000011
all	2711	1	886578	0.0000011
all	2712	3	886578	0.0000034
all	2713	1	886578	0.0000011
all	2714	1	886578	0.0000011
all	2717	1	886578	0.0000011
all	2718	2	886578	0.0000023
all	2721	2	886578	0.0000023
all	2722	1	886578	0.0000011
all	2723	1	886578	0.0000011
all	2728	1	886578	0.0000011
all	2729	1	886578	0.0000011
all	2730	1	886578	0.0000011
all	2731	1	886578	0.0000011
all	2734	2	886578	0.0000023
all	2736	1	886578	0.0000011
all	2737	1	886578	0.0000011
all	2739	1	886578	0.0000011
all	2742	1	886578	0.0000011
all	2745	1	886578	0.0000011
all	2751	1	886578	0.0000011
all	2760	1	886578	0.0000011
all	2761	3	886578	0.0000034
all	2762	1	886578	0.0000011
all	2766	1	886578	0.0000011
all	2767	1	886578	0.0000011
all	2768	1	886578	0.0000011
all	2770	1	886578	0.0000011
all	2773	1	886578	0.0000011
all	2775	1	886578	0.0000011
all	2780	1	886578	0.0000011
all	2781	1	886578	0.0000011
all	2783	1	886578	0.0000011
all	2784	1	886578	0.0000011
all	2787	3	886578	0.0000034
all	2788	1	886578	0.0000011
all	2789	3	886578	0.0000034
all	2795	2	886578	0.0000023
all	2796	1	886578	0.0000011
all	2799	1	886578	0.0000011
all	2800	1	886578	0.0000011
all	2802	1	886578	0.0000011
all	2803	1	886578	0.0000011
all	2805	1	886578	0.0000011
all	2806	1	886578	0.0000011
all	2807	1	886578	0.0000011
all	2808	1	886578	0.0000011
all	2810	1	886578	0.0000011
all	2815	1	886578	0.0000011
all	2816	1	886578	0.0000011
all	2817	1	886578	0.0000011
all	2819	1	886578	0.0000011
all	2820	1	886578	0.0000011
all	2821	2	886578	0.0000023
all	2829	1	886578	0.0000011
all	2831	1	886578	0.0000011
all	2832	1	886578	0.0000011
all	2833	1	886578	0.0000011
all	2834	2	886578	0.0000023
all	2835	1	886578	0.0000011
all	2838	1	886578	0.0000011
all	2839	1	886578	0.0000011
all	2840	1	886578	0.0000011
all	2843	1	886578	0.0000011
all	2844	2	886578	0.0000023
all	2848	1	886578	0.0000011
all	2849	1	886578	0.0000011
all	2851	1	886578	0.0000011
all	2852	1	886578	0.0000011
all	2857	1	886578	0.0000011
all	2861	1	886578	0.0000011
all	2866	2	886578	0.0000023
all	2867	2	886578	0.0000023
all	2868	2	886578	0.0000023
all	2869	1	886578	0.0000011
all	2870	2	886578	0.0000023
all	2873	2	886578	0.0000023
all	2874	2	886578	0.0000023
all	2876	1	886578	0.0000011
all	2879	2	886578	0.0000023
all	2881	1	886578	0.0000011
all	2882	1	886578	0.0000011
all	2884	1	886578	0.0000011
all	2886	1	886578	0.0000011
all	2887	2	886578	0.0000023
all	2888	2	886578	0.0000023
all	2889	1	886578	0.0000011
all	2890	1	886578	0.0000011
all	2891	2	886578	0.0000023
all	2892	1	886578	0.0000011
all	2897	1	886578	0.0000011
all	2898	1	886578	0.0000011
all	2902	1	886578	0.0000011
all	2903	1	886578	0.0000011
all	2904	3	886578	0.0000034
all	2907	1	886578	0.0000011
all	2908	1	886578	0.0000011
all	2911	2	886578	0.0000023
all	2912	2	886578	0.0000023
all	2914	1	886578	0.0000011
all	2922	1	886578	0.0000011
all	2925	1	886578	0.0000011
all	2927	3	886578	0.0000034
all	2929	1	886578	0.0000011
all	2930	1	886578	0.0000011
all	2931	1	886578	0.0000011
all	2932	1	886578	0.0000011
all	2937	1	886578	0.0000011
all	2938	1	886578	0.0000011
all	2942	1	886578	0.0000011
all	2947	3	886578	0.0000034
all	2950	1	886578	0.0000011
all	2954	1	886578	0.0000011
all	2959	2	886578	0.0000023
all	2962	1	886578	0.0000011
all	2967	1	886578	0.0000011
all	2968	1	886578	0.0000011
all	2969	2	886578	0.0000023
all	2970	1	886578	0.0000011
all	2971	2	886578	0.0000023
all	2972	1	886578	0.0000011
all	2974	1	886578	0.0000011
all	2980	1	886578	0.0000011
all	2981	1	886578	0.0000011
all	2983	1	886578	0.0000011
all	2985	1	886578	0.0000011
all	2987	1	886578	0.0000011
all	2990	1	886578	0.0000011
all	2993	2	886578	0.0000023
all	2994	1	886578	0.0000011
all	2996	1	886578	0.0000011
all	2998	1	886578	0.0000011
all	3001	1	886578	0.0000011
all	3003	1	886578	0.0000011
all	3005	1	886578	0.0000011
all	3006	1	886578	0.0000011
all	3007	1	886578	0.0000011
all	3008	1	886578	0.0000011
all	3012	1	886578	0.0000011
all	3013	1	886578	0.0000011
all	3017	2	886578	0.0000023
all	3020	1	886578	0.0000011
all	3025	1	886578	0.0000011
all	3029	2	886578	0.0000023
all	3030	1	886578	0.0000011
all	3031	1	886578	0.0000011
all	3033	1	886578	0.0000011
all	3034	2	886578	0.0000023
all	3035	1	886578	0.0000011
all	3037	1	886578	0.0000011
all	3039	1	886578	0.0000011
all	3042	2	886578	0.0000023
all	3044	1	886578	0.0000011
all	3045	1	886578	0.0000011
all	3049	1	886578	0.0000011
all	3050	1	886578	0.0000011
all	3051	1	886578	0.0000011
all	3052	1	886578	0.0000011
all	3056	1	886578	0.0000011
all	3057	1	886578	0.0000011
all	3058	1	886578	0.0000011
all	3060	2	886578	0.0000023
all	3063	3	886578	0.0000034
all	3064	1	886578	0.0000011
all	3065	1	886578	0.0000011
all	3066	2	886578	0.0000023
all	3067	2	886578	0.0000023
all	3071	1	886578	0.0000011
all	3072	2	886578	0.0000023
all	3073	2	886578	0.0000023
all	3074	1	886578	0.0000011
all	3079	1	886578	0.0000011
all	3080	1	886578	0.0000011
all	3081	2	886578	0.0000023
all	3083	1	886578	0.0000011
all	3084	1	886578	0.0000011
all	3086	3	886578	0.0000034
all	3087	4	886578	0.0000045
all	3088	2	886578	0.0000023
all	3089	2	886578	0.0000023
all	3091	1	886578	0.0000011
all	3092	2	886578	0.0000023
all	3093	2	886578	0.0000023
all	3095	1	886578	0.0000011
all	3097	1	886578	0.0000011
all	3099	3	886578	0.0000034
all	3100	3	886578	0.0000034
all	3104	1	886578	0.0000011
all	3105	1	886578	0.0000011
all	3106	2	886578	0.0000023
all	3108	1	886578	0.0000011
all	3109	1	886578	0.0000011
all	3110	1	886578	0.0000011
all	3111	5	886578	0.0000056
all	3112	4	886578	0.0000045
all	3113	4	886578	0.0000045
all	3114	1	886578	0.0000011
all	3115	3	886578	0.0000034
all	3116	1	886578	0.0000011
all	3117	1	886578	0.0000011
all	3118	1	886578	0.0000011
all	3119	1	886578	0.0000011
all	3120	4	886578	0.0000045
all	3121	4	886578	0.0000045
all	3122	2	886578	0.0000023
all	3123	2	886578	0.0000023
all	3124	1	886578	0.0000011
all	3125	5	886578	0.0000056
all	3126	4	886578	0.0000045
all	3127	3	886578	0.0000034
all	3128	2	886578	0.0000023
all	3130	4	886578	0.0000045
all	3131	2	886578	0.0000023
all	3132	2	886578	0.0000023
all	3133	1	886578	0.0000011
all	3134	1	886578	0.0000011
all	3135	4	886578	0.0000045
all	3136	3	886578	0.0000034
all	3137	4	886578	0.0000045
all	3138	10	886578	0.0000113
all	3139	5	886578	0.0000056
all	3140	3	886578	0.0000034
all	3141	2	886578	0.0000023
all	3144	1	886578	0.0000011
all	3145	2	886578	0.0000023
all	3147	1	886578	0.0000011
all	3148	2	886578	0.0000023
all	3149	4	886578	0.0000045
all	3150	1	886578	0.0000011
all	3151	1	886578	0.0000011
all	3152	2	886578	0.0000023
all	3153	1	886578	0.0000011
all	3154	1	886578	0.0000011
all	3155	2	886578	0.0000023
all	3156	3	886578	0.0000034
all	3158	1	886578	0.0000011
all	3159	3	886578	0.0000034
all	3161	1	886578	0.0000011
all	3165	1	886578	0.0000011
all	3166	1	886578	0.0000011
all	3168	1	886578	0.0000011
all	3169	1	886578	0.0000011
all	3171	1	886578	0.0000011
all	3176	1	886578	0.0000011
all	3179	1	886578	0.0000011
all	3180	2	886578	0.0000023
all	3182	1	886578	0.0000011
all	3184	2	886578	0.0000023
all	3185	1	886578	0.0000011
all	3186	1	886578	0.0000011
all	3190	2	886578	0.0000023
all	3191	1	886578	0.0000011
all	3192	1	886578	0.0000011
all	3193	1	886578	0.0000011
all	3194	1	886578	0.0000011
all	3195	1	886578	0.0000011
all	3199	1	886578	0.0000011
all	3201	1	886578	0.0000011
all	3203	2	886578	0.0000023
all	3206	1	886578	0.0000011
all	3207	1	886578	0.0000011
all	3208	1	886578	0.0000011
all	3213	1	886578	0.0000011
all	3214	1	886578	0.0000011
all	3215	2	886578	0.0000023
all	3218	1	886578	0.0000011
all	3219	1	886578	0.0000011
all	3224	1	886578	0.0000011
all	3227	1	886578	0.0000011
all	3229	1	886578	0.0000011
all	3231	1	886578	0.0000011
all	3233	1	886578	0.0000011
all	3235	1	886578	0.0000011
all	3240	1	886578	0.0000011
all	3242	1	886578	0.0000011
all	3244	1	886578	0.0000011
all	3245	1	886578	0.0000011
all	3246	1	886578	0.0000011
all	3249	1	886578	0.0000011
all	3252	1	886578	0.0000011
all	3254	2	886578	0.0000023
all	3256	1	886578	0.0000011
all	3257	1	886578	0.0000011
all	3258	1	886578	0.0000011
all	3260	1	886578	0.0000011
all	3261	1	886578	0.0000011
all	3262	2	886578	0.0000023
all	3264	1	886578	0.0000011
all	3265	1	886578	0.0000011
all	3267	1	886578	0.0000011
all	3269	1	886578	0.0000011
all	3270	1	886578	0.0000011
all	3271	1	886578	0.0000011
all	3274	1	886578	0.0000011
all	3277	1	886578	0.0000011
all	3281	1	886578	0.0000011
all	3282	2	886578	0.0000023
all	3283	1	886578	0.0000011
all	3286	2	886578	0.0000023
all	3287	1	886578	0.0000011
all	3290	2	886578	0.0000023
all	3292	1	886578	0.0000011
all	3293	1	886578	0.0000011
all	3296	2	886578	0.0000023
all	3297	1	886578	0.0000011
all	3298	1	886578	0.0000011
all	3300	1	886578	0.0000011
all	3301	1	886578	0.0000011
all	3306	2	886578	0.0000023
all	3308	2	886578	0.0000023
all	3314	1	886578	0.0000011
all	3316	2	886578	0.0000023
all	3320	1	886578	0.0000011
all	3321	1	886578	0.0000011
all	3322	1	886578	0.0000011
all	3323	1	886578	0.0000011
all	3324	1	886578	0.0000011
all	3329	1	886578	0.0000011
all	3330	1	886578	0.0000011
all	3331	1	886578	0.0000011
all	3333	1	886578	0.0000011
all	3336	1	886578	0.0000011
all	3337	2	886578	0.0000023
all	3339	1	886578	0.0000011
all	3340	1	886578	0.0000011
all	3341	1	886578	0.0000011
all	3342	1	886578	0.0000011
all	3346	1	886578	0.0000011
all	3347	1	886578	0.0000011
all	3348	1	886578	0.0000011
all	3349	2	886578	0.0000023
all	3352	1	886578	0.0000011
all	3353	1	886578	0.0000011
all	3356	1	886578	0.0000011
all	3357	1	886578	0.0000011
all	3359	1	886578	0.0000011
all	3361	1	886578	0.0000011
all	3363	1	886578	0.0000011
all	3365	1	886578	0.0000011
all	3366	1	886578	0.0000011
all	3368	1	886578	0.0000011
all	3371	1	886578	0.0000011
all	3374	1	886578	0.0000011
all	3375	1	886578	0.0000011
all	3377	1	886578	0.0000011
all	3378	1	886578	0.0000011
all	3380	1	886578	0.0000011
all	3381	1	886578	0.0000011
all	3382	1	886578	0.0000011
all	3383	1	886578	0.0000011
all	3385	1	886578	0.0000011
all	3387	1	886578	0.0000011
all	3391	1	886578	0.0000011
all	3393	1	886578	0.0000011
all	3394	1	886578	0.0000011
all	3395	1	886578	0.0000011
all	3396	2	886578	0.0000023
all	3397	1	886578	0.0000011
all	3398	1	886578	0.0000011
all	3404	2	886578	0.0000023
all	3405	1	886578	0.0000011
all	3406	1	886578	0.0000011
all	3408	1	886578	0.0000011
all	3414	1	886578	0.0000011
all	3415	2	886578	0.0000023
all	3418	1	886578	0.0000011
all	3419	1	886578	0.0000011
all	3422	3	886578	0.0000034
all	3423	1	886578	0.0000011
all	3424	1	886578	0.0000011
all	3425	2	886578	0.0000023
all	3426	1	886578	0.0000011
all	3427	1	886578	0.0000011
all	3432	2	886578	0.0000023
all	3434	1	886578	0.0000011
all	3435	1	886578	0.0000011
all	3436	1	886578	0.0000011
all	3438	1	886578	0.0000011
all	3439	2	886578	0.0000023
all	3444	1	886578	0.0000011
all	3449	2	886578	0.0000023
all	3451	2	886578	0.0000023
all	3453	1	886578	0.0000011
all	3459	2	886578	0.0000023
all	3460	1	886578	0.0000011
all	3461	1	886578	0.0000011
all	3463	1	886578	0.0000011
all	3464	2	886578	0.0000023
all	3467	1	886578	0.0000011
all	3471	3	886578	0.0000034
all	3478	1	886578	0.0000011
all	3479	1	886578	0.0000011
all	3480	1	886578	0.0000011
all	3483	1	886578	0.0000011
all	3485	2	886578	0.0000023
all	3488	3	886578	0.0000034
all	3490	1	886578	0.0000011
all	3491	1	886578	0.0000011
all	3492	1	886578	0.0000011
all	3494	1	886578	0.0000011
all	3495	1	886578	0.0000011
all	3496	3	886578	0.0000034
all	3498	1	886578	0.0000011
all	3499	1	886578	0.0000011
all	3500	2	886578	0.0000023
all	3501	1	886578	0.0000011
all	3502	3	886578	0.0000034
all	3503	1	886578	0.0000011
all	3514	1	886578	0.0000011
all	3518	1	886578	0.0000011
all	3520	1	886578	0.0000011
all	3523	1	886578	0.0000011
all	3526	1	886578	0.0000011
all	3527	1	886578	0.0000011
all	3528	1	886578	0.0000011
all	3530	1	886578	0.0000011
all	3531	1	886578	0.0000011
all	3532	1	886578	0.0000011
all	3535	2	886578	0.0000023
all	3536	3	886578	0.0000034
all	3543	1	886578	0.0000011
all	3548	2	886578	0.0000023
all	3550	1	886578	0.0000011
all	3551	1	886578	0.0000011
all	3554	3	886578	0.0000034
all	3558	1	886578	0.0000011
all	3559	4	886578	0.0000045
all	3560	2	886578	0.0000023
all	3561	1	886578	0.0000011
all	3562	1	886578	0.0000011
all	3564	1	886578	0.0000011
all	3566	1	886578	0.0000011
all	3567	2	886578	0.0000023
all	3568	1	886578	0.0000011
all	3569	1	886578	0.0000011
all	3570	4	886578	0.0000045
all	3571	2	886578	0.0000023
all	3574	3	886578	0.0000034
all	3575	2	886578	0.0000023
all	3577	1	886578	0.0000011
all	3578	2	886578	0.0000023
all	3579	1	886578	0.0000011
all	3580	1	886578	0.0000011
all	3582	2	886578	0.0000023
all	3584	3	886578	0.0000034
all	3585	1	886578	0.0000011
all	3586	1	886578	0.0000011
all	3588	1	886578	0.0000011
all	3589	3	886578	0.0000034
all	3595	2	886578	0.0000023
all	3596	1	886578	0.0000011
all	3598	1	886578	0.0000011
all	3600	1	886578	0.0000011
all	3601	2	886578	0.0000023
all	3603	2	886578	0.0000023
all	3607	2	886578	0.0000023
all	3609	1	886578	0.0000011
all	3611	1	886578	0.0000011
all	3615	2	886578	0.0000023
all	3616	1	886578	0.0000011
all	3617	1	886578	0.0000011
all	3618	2	886578	0.0000023
all	3623	1	886578	0.0000011
all	3627	1	886578	0.0000011
all	3630	1	886578	0.0000011
all	3632	1	886578	0.0000011
all	3634	1	886578	0.0000011
all	3635	1	886578	0.0000011
all	3637	1	886578	0.0000011
all	3641	1	886578	0.0000011
all	3648	1	886578	0.0000011
all	3654	1	886578	0.0000011
all	3655	1	886578	0.0000011
all	3658	1	886578	0.0000011
all	3662	1	886578	0.0000011
all	3665	1	886578	0.0000011
all	3670	1	886578	0.0000011
all	3671	2	886578	0.0000023
all	3682	1	886578	0.0000011
all	3684	1	886578	0.0000011
all	3686	1	886578	0.0000011
all	3690	1	886578	0.0000011
all	3691	1	886578	0.0000011
all	3693	1	886578	0.0000011
all	3697	1	886578	0.0000011
all	3698	1	886578	0.0000011
all	3703	1	886578	0.0000011
all	3704	1	886578	0.0000011
all	3705	1	886578	0.0000011
all	3708	1	886578	0.0000011
all	3713	1	886578	0.0000011
all	3714	1	886578	0.0000011
all	3715	1	886578	0.0000011
all	3721	1	886578	0.0000011
all	3723	1	886578	0.0000011
all	3724	1	886578	0.0000011
all	3725	2	886578	0.0000023
all	3727	1	886578	0.0000011
all	3729	1	886578	0.0000011
all	3730	1	886578	0.0000011
all	3733	2	886578	0.0000023
all	3736	1	886578	0.0000011
all	3737	1	886578	0.0000011
all	3738	1	886578	0.0000011
all	3740	2	886578	0.0000023
all	3744	4	886578	0.0000045
all	3745	1	886578	0.0000011
all	3747	1	886578	0.0000011
all	3748	1	886578	0.0000011
all	3749	1	886578	0.0000011
all	3754	1	886578	0.0000011
all	3759	1	886578	0.0000011
all	3763	2	886578	0.0000023
all	3773	1	886578	0.0000011
all	3777	1	886578	0.0000011
all	3778	1	886578	0.0000011
all	3779	1	886578	0.0000011
all	3780	1	886578	0.0000011
all	3788	1	886578	0.0000011
all	3789	1	886578	0.0000011
all	3794	1	886578	0.0000011
all	3795	1	886578	0.0000011
all	3798	1	886578	0.0000011
all	3805	1	886578	0.0000011
all	3808	2	886578	0.0000023
all	3813	1	886578	0.0000011
all	3815	1	886578	0.0000011
all	3821	3	886578	0.0000034
all	3823	1	886578	0.0000011
all	3824	2	886578	0.0000023
all	3825	1	886578	0.0000011
all	3831	1	886578	0.0000011
all	3835	1	886578	0.0000011
all	3837	1	886578	0.0000011
all	3839	1	886578	0.0000011
all	3842	2	886578	0.0000023
all	3849	1	886578	0.0000011
all	3853	1	886578	0.0000011
all	3856	1	886578	0.0000011
all	3866	1	886578	0.0000011
all	3867	1	886578	0.0000011
all	3871	1	886578	0.0000011
all	3873	1	886578	0.0000011
all	3877	2	886578	0.0000023
all	3881	2	886578	0.0000023
all	3885	1	886578	0.0000011
all	3887	1	886578	0.0000011
all	3890	1	886578	0.0000011
all	3892	1	886578	0.0000011
all	3896	1	886578	0.0000011
all	3897	1	886578	0.0000011
all	3902	1	886578	0.0000011
all	3908	1	886578	0.0000011
all	3909	1	886578	0.0000011
all	3914	1	886578	0.0000011
all	3916	2	886578	0.0000023
all	3919	1	886578	0.0000011
all	3923	1	886578	0.0000011
all	3924	1	886578	0.0000011
all	3927	1	886578	0.0000011
all	3928	1	886578	0.0000011
all	3932	1	886578	0.0000011
all	3933	2	886578	0.0000023
all	3934	2	886578	0.0000023
all	3938	1	886578	0.0000011
all	3942	1	886578	0.0000011
all	3943	1	886578	0.0000011
all	3944	2	886578	0.0000023
all	3945	1	886578	0.0000011
all	3946	1	886578	0.0000011
all	3953	1	886578	0.0000011
all	3954	1	886578	0.0000011
all	3958	2	886578	0.0000023
all	3960	1	886578	0.0000011
all	3964	1	886578	0.0000011
all	3967	1	886578	0.0000011
all	3974	1	886578	0.0000011
all	3977	1	886578	0.0000011
all	3981	1	886578	0.0000011
all	3982	2	886578	0.0000023
all	3985	1	886578	0.0000011
all	3987	1	886578	0.0000011
all	3989	1	886578	0.0000011
all	3992	1	886578	0.0000011
all	3994	2	886578	0.0000023
all	3995	1	886578	0.0000011
all	3998	1	886578	0.0000011
all	3999	1	886578	0.0000011
all	4000	1	886578	0.0000011
all	4004	1	886578	0.0000011
all	4006	3	886578	0.0000034
all	4013	2	886578	0.0000023
all	4015	1	886578	0.0000011
all	4022	1	886578	0.0000011
all	4024	1	886578	0.0000011
all	4025	1	886578	0.0000011
all	4027	1	886578	0.0000011
all	4030	1	886578	0.0000011
all	4033	1	886578	0.0000011
all	4035	2	886578	0.0000023
all	4041	1	886578	0.0000011
all	4043	1	886578	0.0000011
all	4045	1	886578	0.0000011
all	4047	1	886578	0.0000011
all	4048	1	886578	0.0000011
all	4050	1	886578	0.0000011
all	4051	1	886578	0.0000011
all	4052	1	886578	0.0000011
all	4053	1	886578	0.0000011
all	4058	1	886578	0.0000011
all	4064	1	886578	0.0000011
all	4068	1	886578	0.0000011
all	4069	1	886578	0.0000011
all	4071	1	886578	0.0000011
all	4073	1	886578	0.0000011
all	4078	1	886578	0.0000011
all	4082	1	886578	0.0000011
all	4083	1	886578	0.0000011
all	4087	1	886578	0.0000011
all	4090	1	886578	0.0000011
all	4091	2	886578	0.0000023
all	4097	1	886578	0.0000011
all	4105	1	886578	0.0000011
all	4106	1	886578	0.0000011
all	4107	1	886578	0.0000011
all	4108	2	886578	0.0000023
all	4109	2	886578	0.0000023
all	4112	3	886578	0.0000034
all	4119	1	886578	0.0000011
all	4120	1	886578	0.0000011
all	4121	1	886578	0.0000011
all	4126	1	886578	0.0000011
all	4128	1	886578	0.0000011
all	4133	1	886578	0.0000011
all	4139	1	886578	0.0000011
all	4143	1	886578	0.0000011
all	4144	1	886578	0.0000011
all	4146	1	886578	0.0000011
all	4151	1	886578	0.0000011
all	4153	1	886578	0.0000011
all	4154	1	886578	0.0000011
all	4158	1	886578	0.0000011
all	4159	3	886578	0.0000034
all	4161	1	886578	0.0000011
all	4167	1	886578	0.0000011
all	4168	1	886578	0.0000011
all	4185	1	886578	0.0000011
all	4190	1	886578	0.0000011
all	4191	1	886578	0.0000011
all	4192	1	886578	0.0000011
all	4197	1	886578	0.0000011
all	4198	1	886578	0.0000011
all	4205	1	886578	0.0000011
all	4209	2	886578	0.0000023
all	4212	1	886578	0.0000011
all	4215	2	886578	0.0000023
all	4222	1	886578	0.0000011
all	4224	1	886578	0.0000011
all	4227	1	886578	0.0000011
all	4231	1	886578	0.0000011
all	4235	1	886578	0.0000011
all	4237	1	886578	0.0000011
all	4242	2	886578	0.0000023
all	4243	1	886578	0.0000011
all	4246	1	886578	0.0000011
all	4247	2	886578	0.0000023
all	4251	1	886578	0.0000011
all	4255	2	886578	0.0000023
all	4257	1	886578	0.0000011
all	4260	1	886578	0.0000011
all	4263	1	886578	0.0000011
all	4265	1	886578	0.0000011
all	4266	1	886578	0.0000011
all	4271	1	886578	0.0000011
all	4273	1	886578	0.0000011
all	4275	1	886578	0.0000011
all	4276	2	886578	0.0000023
all	4279	1	886578	0.0000011
all	4282	2	886578	0.0000023
all	4284	1	886578	0.0000011
all	4285	2	886578	0.0000023
all	4286	1	886578	0.0000011
all	4289	1	886578	0.0000011
all	4292	1	886578	0.0000011
all	4293	1	886578	0.0000011
all	4294	1	886578	0.0000011
all	4295	1	886578	0.0000011
all	4298	2	886578	0.0000023
all	4299	1	886578	0.0000011
all	4302	2	886578	0.0000023
all	4303	3	886578	0.0000034
all	4309	1	886578	0.0000011
all	4316	1	886578	0.0000011
all	4318	2	886578	0.0000023
all	4322	1	886578	0.0000011
all	4325	1	886578	0.0000011
all	4326	1	886578	0.0000011
all	4330	1	886578	0.0000011
all	4333	1	886578	0.0000011
all	4336	1	886578	0.0000011
all	4338	1	886578	0.0000011
all	4339	1	886578	0.0000011
all	4343	1	886578	0.0000011
all	4345	2	886578	0.0000023
all	4346	1	886578	0.0000011
all	4350	1	886578	0.0000011
all	4357	2	886578	0.0000023
all	4359	1	886578	0.0000011
all	4360	1	886578	0.0000011
all	4361	1	886578	0.0000011
all	4362	1	886578	0.0000011
all	4364	2	886578	0.0000023
all	4365	1	886578	0.0000011
all	4369	1	886578	0.0000011
all	4370	2	886578	0.0000023
all	4373	1	886578	0.0000011
all	4374	1	886578	0.0000011
all	4375	1	886578	0.0000011
all	4379	2	886578	0.0000023
all	4380	2	886578	0.0000023
all	4382	1	886578	0.0000011
all	4385	2	886578	0.0000023
all	4386	1	886578	0.0000011
all	4387	1	886578	0.0000011
all	4388	1	886578	0.0000011
all	4389	1	886578	0.0000011
all	4391	2	886578	0.0000023
all	4394	1	886578	0.0000011
all	4396	1	886578	0.0000011
all	4398	1	886578	0.0000011
all	4399	2	886578	0.0000023
all	4400	2	886578	0.0000023
all	4401	1	886578	0.0000011
all	4402	1	886578	0.0000011
all	4403	1	886578	0.0000011
all	4406	2	886578	0.0000023
all	4409	1	886578	0.0000011
all	4410	3	886578	0.0000034
all	4412	2	886578	0.0000023
all	4415	1	886578	0.0000011
all	4418	1	886578	0.0000011
all	4419	2	886578	0.0000023
all	4421	1	886578	0.0000011
all	4422	2	886578	0.0000023
all	4424	3	886578	0.0000034
all	4428	1	886578	0.0000011
all	4429	1	886578	0.0000011
all	4430	1	886578	0.0000011
all	4431	2	886578	0.0000023
all	4432	1	886578	0.0000011
all	4433	2	886578	0.0000023
all	4434	2	886578	0.0000023
all	4436	1	886578	0.0000011
all	4437	1	886578	0.0000011
all	4438	1	886578	0.0000011
all	4439	1	886578	0.0000011
all	4442	1	886578	0.0000011
all	4444	3	886578	0.0000034
all	4447	1	886578	0.0000011
all	4449	3	886578	0.0000034
all	4450	1	886578	0.0000011
all	4452	1	886578	0.0000011
all	4456	1	886578	0.0000011
all	4458	1	886578	0.0000011
all	4461	1	886578	0.0000011
all	4466	1	886578	0.0000011
all	4468	1	886578	0.0000011
all	4469	1	886578	0.0000011
all	4470	1	886578	0.0000011
all	4471	1	886578	0.0000011
all	4473	1	886578	0.0000011
all	4481	2	886578	0.0000023
all	4483	2	886578	0.0000023
all	4485	1	886578	0.0000011
all	4487	1	886578	0.0000011
all	4488	3	886578	0.0000034
all	4492	1	886578	0.0000011
all	4495	1	886578	0.0000011
all	4498	1	886578	0.0000011
all	4507	1	886578	0.0000011
all	4508	1	886578	0.0000011
all	4509	1	886578	0.0000011
all	4513	1	886578	0.0000011
all	4514	1	886578	0.0000011
all	4517	1	886578	0.0000011
all	4518	1	886578	0.0000011
all	4520	3	886578	0.0000034
all	4522	1	886578	0.0000011
all	4523	1	886578	0.0000011
all	4525	1	886578	0.0000011
all	4526	1	886578	0.0000011
all	4527	1	886578	0.0000011
all	4528	1	886578	0.0000011
all	4532	1	886578	0.0000011
all	4533	2	886578	0.0000023
all	4536	3	886578	0.0000034
all	4539	2	886578	0.0000023
all	4540	1	886578	0.0000011
all	4547	1	886578	0.0000011
all	4549	1	886578	0.0000011
all	4550	1	886578	0.0000011
all	4553	1	886578	0.0000011
all	4557	1	886578	0.0000011
all	4558	1	886578	0.0000011
all	4562	1	886578	0.0000011
all	4564	3	886578	0.0000034
all	4566	1	886578	0.0000011
all	4569	1	886578	0.0000011
all	4572	1	886578	0.0000011
all	4573	1	886578	0.0000011
all	4577	4	886578	0.0000045
all	4580	1	886578	0.0000011
all	4584	3	886578	0.0000034
all	4586	1	886578	0.0000011
all	4587	1	886578	0.0000011
all	4590	1	886578	0.0000011
all	4591	1	886578	0.0000011
all	4592	2	886578	0.0000023
all	4593	1	886578	0.0000011
all	4594	1	886578	0.0000011
all	4595	2	886578	0.0000023
all	4596	2	886578	0.0000023
all	4598	1	886578	0.0000011
all	4599	1	886578	0.0000011
all	4600	1	886578	0.0000011
all	4602	2	886578	0.0000023
all	4603	1	886578	0.0000011
all	4604	1	886578	0.0000011
all	4606	2	886578	0.0000023
all	4607	2	886578	0.0000023
all	4608	4	886578	0.0000045
all	4610	1	886578	0.0000011
all	4611	1	886578	0.0000011
all	4614	2	886578	0.0000023
all	4615	1	886578	0.0000011
all	4616	1	886578	0.0000011
all	4620	1	886578	0.0000011
all	4623	1	886578	0.0000011
all	4626	2	886578	0.0000023
all	4629	1	886578	0.0000011
all	4632	1	886578	0.0000011
all	4638	2	886578	0.0000023
all	4639	1	886578	0.0000011
all	4642	1	886578	0.0000011
all	4647	2	886578	0.0000023
all	4652	2	886578	0.0000023
all	4653	2	886578	0.0000023
all	4662	1	886578	0.0000011
all	4665	1	886578	0.0000011
all	4668	1	886578	0.0000011
all	4671	1	886578	0.0000011
all	4674	1	886578	0.0000011
all	4676	1	886578	0.0000011
all	4677	2	886578	0.0000023
all	4678	1	886578	0.0000011
all	4679	1	886578	0.0000011
all	4680	2	886578	0.0000023
all	4681	1	886578	0.0000011
all	4684	1	886578	0.0000011
all	4689	2	886578	0.0000023
all	4690	1	886578	0.0000011
all	4692	1	886578	0.0000011
all	4696	1	886578	0.0000011
all	4702	1	886578	0.0000011
all	4703	1	886578	0.0000011
all	4707	1	886578	0.0000011
all	4713	1	886578	0.0000011
all	4715	1	886578	0.0000011
all	4717	1	886578	0.0000011
all	4729	1	886578	0.0000011
all	4737	1	886578	0.0000011
all	4739	1	886578	0.0000011
all	4740	1	886578	0.0000011
all	4743	1	886578	0.0000011
all	4745	1	886578	0.0000011
all	4749	1	886578	0.0000011
all	4755	1	886578	0.0000011
all	4757	1	886578	0.0000011
all	4763	1	886578	0.0000011
all	4774	1	886578	0.0000011
all	4776	1	886578	0.0000011
all	4780	2	886578	0.0000023
all	4790	2	886578	0.0000023
all	4799	2	886578	0.0000023
all	4806	1	886578	0.0000011
all	4810	1	886578	0.0000011
all	4813	1	886578	0.0000011
all	4815	1	886578	0.0000011
all	4817	1	886578	0.0000011
all	4818	1	886578	0.0000011
all	4823	2	886578	0.0000023
all	4824	1	886578	0.0000011
all	4826	1	886578	0.0000011
all	4827	1	886578	0.0000011
all	4828	1	886578	0.0000011
all	4835	1	886578	0.0000011
all	4841	1	886578	0.0000011
all	4843	2	886578	0.0000023
all	4844	1	886578	0.0000011
all	4855	2	886578	0.0000023
all	4856	1	886578	0.0000011
all	4858	2	886578	0.0000023
all	4865	1	886578	0.0000011
all	4866	1	886578	0.0000011
all	4871	1	886578	0.0000011
all	4873	1	886578	0.0000011
all	4876	1	886578	0.0000011
all	4878	1	886578	0.0000011
all	4885	1	886578	0.0000011
all	4889	1	886578	0.0000011
all	4894	1	886578	0.0000011
all	4903	1	886578	0.0000011
all	4906	2	886578	0.0000023
all	4908	1	886578	0.0000011
all	4911	1	886578	0.0000011
all	4913	1	886578	0.0000011
all	4921	1	886578	0.0000011
all	4922	1	886578	0.0000011
all	4923	1	886578	0.0000011
all	4925	1	886578	0.0000011
all	4927	2	886578	0.0000023
all	4928	1	886578	0.0000011
all	4933	1	886578	0.0000011
all	4936	1	886578	0.0000011
all	4944	1	886578	0.0000011
all	4946	1	886578	0.0000011
all	4948	1	886578	0.0000011
all	4951	1	886578	0.0000011
all	4956	1	886578	0.0000011
all	4959	2	886578	0.0000023
all	4961	1	886578	0.0000011
all	4965	1	886578	0.0000011
all	4967	1	886578	0.0000011
all	4979	1	886578	0.0000011
all	4987	1	886578	0.0000011
all	4988	1	886578	0.0000011
all	4990	1	886578	0.0000011
all	4992	1	886578	0.0000011
all	4993	1	886578	0.0000011
all	4996	1	886578	0.0000011
all	4997	1	886578	0.0000011
all	4998	1	886578	0.0000011
all	4999	1	886578	0.0000011
all	5001	1	886578	0.0000011
all	5002	1	886578	0.0000011
all	5011	1	886578	0.0000011
all	5015	1	886578	0.0000011
all	5029	1	886578	0.0000011
all	5030	1	886578	0.0000011
all	5031	1	886578	0.0000011
all	5035	1	886578	0.0000011
all	5038	1	886578	0.0000011
all	5039	1	886578	0.0000011
all	5043	2	886578	0.0000023
all	5045	2	886578	0.0000023
all	5046	2	886578	0.0000023
all	5047	2	886578	0.0000023
all	5049	1	886578	0.0000011
all	5050	1	886578	0.0000011
all	5051	1	886578	0.0000011
all	5052	1	886578	0.0000011
all	5055	1	886578	0.0000011
all	5064	1	886578	0.0000011
all	5066	1	886578	0.0000011
all	5068	1	886578	0.0000011
all	5070	1	886578	0.0000011
all	5075	1	886578	0.0000011
all	5077	3	886578	0.0000034
all	5080	1	886578	0.0000011
all	5082	1	886578	0.0000011
all	5085	1	886578	0.0000011
all	5089	1	886578	0.0000011
all	5090	1	886578	0.0000011
all	5093	1	886578	0.0000011
all	5095	1	886578	0.0000011
all	5096	1	886578	0.0000011
all	5097	1	886578	0.0000011
all	5102	1	886578	0.0000011
all	5108	1	886578	0.0000011
all	5112	1	886578	0.0000011
all	5131	1	886578	0.0000011
all	5137	1	886578	0.0000011
all	5143	1	886578	0.0000011
all	5152	2	886578	0.0000023
all	5167	1	886578	0.0000011
all	5169	2	886578	0.0000023
all	5170	1	886578	0.0000011
all	5171	2	886578	0.0000023
all	5172	1	886578	0.0000011
all	5175	1	886578	0.0000011
all	5178	1	886578	0.0000011
all	5180	1	886578	0.0000011
all	5181	1	886578	0.0000011
all	5183	1	886578	0.0000011
all	5187	2	886578	0.0000023
all	5189	1	886578	0.0000011
all	5193	1	886578	0.0000011
all	5199	1	886578	0.0000011
all	5200	2	886578	0.0000023
all	5203	1	886578	0.0000011
all	5210	1	886578	0.0000011
all	5215	1	886578	0.0000011
all	5216	2	886578	0.0000023
all	5217	1	886578	0.0000011
all	5218	1	886578	0.0000011
all	5223	1	886578	0.0000011
all	5229	1	886578	0.0000011
all	5239	1	886578	0.0000011
all	5240	1	886578	0.0000011
all	5245	1	886578	0.0000011
all	5258	1	886578	0.0000011
all	5260	1	886578	0.0000011
all	5265	1	886578	0.0000011
all	5268	1	886578	0.0000011
all	5270	1	886578	0.0000011
all	5275	2	886578	0.0000023
all	5278	1	886578	0.0000011
all	5280	1	886578	0.0000011
all	5289	1	886578	0.0000011
all	5292	1	886578	0.0000011
all	5300	2	886578	0.0000023
all	5302	1	886578	0.0000011
all	5303	2	886578	0.0000023
all	5306	1	886578	0.0000011
all	5308	1	886578	0.0000011
all	5310	1	886578	0.0000011
all	5314	1	886578	0.0000011
all	5318	1	886578	0.0000011
all	5320	1	886578	0.0000011
all	5321	1	886578	0.0000011
all	5327	1	886578	0.0000011
all	5330	1	886578	0.0000011
all	5332	2	886578	0.0000023
all	5333	1	886578	0.0000011
all	5339	1	886578	0.0000011
all	5344	1	886578	0.0000011
all	5349	1	886578	0.0000011
all	5350	1	886578	0.0000011
all	5357	1	886578	0.0000011
all	5360	1	886578	0.0000011
all	5361	1	886578	0.0000011
all	5365	2	886578	0.0000023
all	5367	1	886578	0.0000011
all	5389	1	886578	0.0000011
all	5392	1	886578	0.0000011
all	5402	3	886578	0.0000034
all	5405	2	886578	0.0000023
all	5412	1	886578	0.0000011
all	5414	1	886578	0.0000011
all	5418	1	886578	0.0000011
all	5423	1	886578	0.0000011
all	5425	1	886578	0.0000011
all	5429	1	886578	0.0000011
all	5432	1	886578	0.0000011
all	5433	2	886578	0.0000023
all	5439	1	886578	0.0000011
all	5441	1	886578	0.0000011
all	5447	1	886578	0.0000011
all	5467	1	886578	0.0000011
all	5505	1	886578	0.0000011
all	5511	1	886578	0.0000011
all	5540	1	886578	0.0000011
all	5549	1	886578	0.0000011
all	5557	1	886578	0.0000011
all	5607	1	886578	0.0000011
all	5631	1	886578	0.0000011
all	5653	1	886578	0.0000011
all	5660	1	886578	0.0000011
all	5689	1	886578	0.0000011
all	5691	1	886578	0.0000011
all	5703	1	886578	0.0000011
all	5716	1	886578	0.0000011
all	5718	1	886578	0.0000011
all	5724	1	886578	0.0000011
all	5757	1	886578	0.0000011
all	5764	1	886578	0.0000011
all	5770	1	886578	0.0000011
all	5771	1	886578	0.0000011
all	5779	1	886578	0.0000011
all	5814	1	886578	0.0000011
all	5825	2	886578	0.0000023
all	5844	1	886578	0.0000011
all	5868	2	886578	0.0000023
all	5869	1	886578	0.0000011
all	5892	2	886578	0.0000023
all	5901	1	886578	0.0000011
all	5915	1	886578	0.0000011
all	5916	1	886578	0.0000011
all	5925	1	886578	0.0000011
all	5940	1	886578	0.0000011
all	5943	1	886578	0.0000011
all	5962	1	886578	0.0000011
all	5964	1	886578	0.0000011
all	5974	1	886578	0.0000011
all	5980	1	886578	0.0000011
all	5984	1	886578	0.0000011
all	5994	1	886578	0.0000011
all	6002	1	886578	0.0000011
all	6008	1	886578	0.0000011
all	6010	1	886578	0.0000011
all	6053	1	886578	0.0000011
all	6054	1	886578	0.0000011
all	6067	1	886578	0.0000011
all	6068	1	886578	0.0000011
all	6070	1	886578	0.0000011
all	6072	1	886578	0.0000011
all	6081	1	886578	0.0000011
all	6102	1	886578	0.0000011
all	6103	1	886578	0.0000011
all	6121	2	886578	0.0000023
all	6130	1	886578	0.0000011
all	6132	1	886578	0.0000011
all	6133	1	886578	0.0000011
all	6141	1	886578	0.0000011
all	6142	1	886578	0.0000011
all	6144	1	886578	0.0000011
all	6158	1	886578	0.0000011
all	6160	1	886578	0.0000011
all	6162	1	886578	0.0000011
all	6193	1	886578	0.0000011
all	6202	1	886578	0.0000011
all	6220	1	886578	0.0000011
all	6231	1	886578	0.0000011
all	6240	1	886578	0.0000011
all	6250	1	886578	0.0000011
all	6259	1	886578	0.0000011
all	6261	1	886578	0.0000011
all	6265	1	886578	0.0000011
all	6266	2	886578	0.0000023
all	6278	1	886578	0.0000011
all	6285	1	886578	0.0000011
all	6295	1	886578	0.0000011
all	6296	2	886578	0.0000023
all	6298	1	886578	0.0000011
all	6301	1	886578	0.0000011
all	6319	2	886578	0.0000023
all	6322	1	886578	0.0000011
all	6328	1	886578	0.0000011
all	6329	1	886578	0.0000011
all	6333	1	886578	0.0000011
all	6335	1	886578	0.0000011
all	6337	1	886578	0.0000011
all	6344	1	886578	0.0000011
all	6346	1	886578	0.0000011
all	6349	1	886578	0.0000011
all	6359	1	886578	0.0000011
all	6361	1	886578	0.0000011
all	6367	1	886578	0.0000011
all	6369	1	886578	0.0000011
all	6379	1	886578	0.0000011
all	6382	1	886578	0.0000011
all	6387	1	886578	0.0000011
all	6393	1	886578	0.0000011
all	6395	1	886578	0.0000011
all	6396	1	886578	0.0000011
all	6399	1	886578	0.0000011
all	6400	1	886578	0.0000011
all	6408	1	886578	0.0000011
all	6411	1	886578	0.0000011
all	6414	1	886578	0.0000011
all	6418	1	886578	0.0000011
all	6419	1	886578	0.0000011
all	6421	1	886578	0.0000011
all	6425	1	886578	0.0000011
all	6426	1	886578	0.0000011
all	6428	2	886578	0.0000023
all	6431	1	886578	0.0000011
all	6439	1	886578	0.0000011
all	6440	2	886578	0.0000023
all	6441	1	886578	0.0000011
all	6444	1	886578	0.0000011
all	6449	1	886578	0.0000011
all	6452	1	886578	0.0000011
all	6453	1	886578	0.0000011
all	6458	1	886578	0.0000011
all	6464	1	886578	0.0000011
all	6466	1	886578	0.0000011
all	6468	2	886578	0.0000023
all	6471	1	886578	0.0000011
all	6478	1	886578	0.0000011
all	6493	1	886578	0.0000011
all	6494	1	886578	0.0000011
all	6495	2	886578	0.0000023
all	6506	1	886578	0.0000011
all	6508	1	886578	0.0000011
all	6512	1	886578	0.0000011
all	6514	1	886578	0.0000011
all	6517	1	886578	0.0000011
all	6528	1	886578	0.0000011
all	6532	1	886578	0.0000011
all	6538	1	886578	0.0000011
all	6539	2	886578	0.0000023
all	6540	1	886578	0.0000011
all	6541	1	886578	0.0000011
all	6544	1	886578	0.0000011
all	6547	2	886578	0.0000023
all	6549	1	886578	0.0000011
all	6550	1	886578	0.0000011
all	6551	1	886578	0.0000011
all	6563	1	886578	0.0000011
all	6574	1	886578	0.0000011
all	6575	1	886578	0.0000011
all	6579	1	886578	0.0000011
all	6583	1	886578	0.0000011
all	6585	1	886578	0.0000011
all	6587	1	886578	0.0000011
all	6592	1	886578	0.0000011
all	6594	1	886578	0.0000011
all	6596	1	886578	0.0000011
all	6599	1	886578	0.0000011
all	6608	1	886578	0.0000011
all	6614	1	886578	0.0000011
all	6619	1	886578	0.0000011
all	6621	1	886578	0.0000011
all	6631	1	886578	0.0000011
all	6641	1	886578	0.0000011
all	6643	1	886578	0.0000011
all	6648	1	886578	0.0000011
all	6652	1	886578	0.0000011
all	6653	1	886578	0.0000011
all	6654	1	886578	0.0000011
all	6657	2	886578	0.0000023
all	6658	2	886578	0.0000023
all	6661	1	886578	0.0000011
all	6664	1	886578	0.0000011
all	6666	1	886578	0.0000011
all	6667	2	886578	0.0000023
all	6668	1	886578	0.0000011
all	6670	1	886578	0.0000011
all	6671	1	886578	0.0000011
all	6672	1	886578	0.0000011
all	6675	2	886578	0.0000023
all	6676	1	886578	0.0000011
all	6677	2	886578	0.0000023
all	6678	1	886578	0.0000011
all	6679	1	886578	0.0000011
all	6683	1	886578	0.0000011
all	6685	1	886578	0.0000011
all	6691	1	886578	0.0000011
all	6697	2	886578	0.0000023
all	6702	1	886578	0.0000011
all	6706	1	886578	0.0000011
all	6708	2	886578	0.0000023
all	6709	1	886578	0.0000011
all	6721	1	886578	0.0000011
all	6754	1	886578	0.0000011
all	6761	1	886578	0.0000011
all	6766	1	886578	0.0000011
all	6800	1	886578	0.0000011
all	6822	1	886578	0.0000011
all	6849	1	886578	0.0000011
all	6867	1	886578	0.0000011
all	6885	1	886578	0.0000011
all	6896	1	886578	0.0000011
all	6931	1	886578	0.0000011
all	6954	1	886578	0.0000011
all	6992	1	886578	0.0000011
all	7008	1	886578	0.0000011
all	7015	1	886578	0.0000011
all	7018	1	886578	0.0000011
all	7034	1	886578	0.0000011
all	7038	1	886578	0.0000011
all	7043	1	886578	0.0000011
all	7052	1	886578	0.0000011
all	7065	1	886578	0.0000011
all	7070	1	886578	0.0000011
all	7073	1	886578	0.0000011
all	7077	1	886578	0.0000011
all	7085	1	886578	0.0000011
all	7086	1	886578	0.0000011
all	7111	1	886578	0.0000011
all	7114	1	886578	0.0000011
all	7116	1	886578	0.0000011
all	7117	1	886578	0.0000011
all	7129	1	886578	0.0000011
all	7134	1	886578	0.0000011
all	7146	1	886578	0.0000011
all	7151	1	886578	0.0000011
all	7152	1	886578	0.0000011
all	7165	1	886578	0.0000011
all	7170	1	886578	0.0000011
all	7178	1	886578	0.0000011
all	7183	1	886578	0.0000011
all	7190	1	886578	0.0000011
all	7192	1	886578	0.0000011
all	7193	1	886578	0.0000011
all	7201	2	886578	0.0000023
all	7206	1	886578	0.0000011
all	7212	1	886578	0.0000011
all	7220	1	886578	0.0000011
all	7223	1	886578	0.0000011
all	7225	1	886578	0.0000011
all	7247	1	886578	0.0000011
all	7266	1	886578	0.0000011
all	7296	1	886578	0.0000011
all	7323	1	886578	0.0000011
all	7353	1	886578	0.0000011
all	7386	1	886578	0.0000011
all	7449	1	886578	0.0000011
all	7536	1	886578	0.0000011
all	7602	1	886578	0.0000011
all	7631	1	886578	0.0000011
all	7666	1	886578	0.0000011
all	7741	1	886578	0.0000011
all	7772	1	886578	0.0000011
all	7826	1	886578	0.0000011
all	7861	1	886578	0.0000011
all	7877	1	886578	0.0000011
all	7941	1	886578	0.0000011
all	7970	1	886578	0.0000011
all	8018	1	886578	0.0000011
all	8022	1	886578	0.0000011
all	8049	1	886578	0.0000011
all	8082	1	886578	0.0000011
all	8083	1	886578	0.0000011
all	8090	1	886578	0.0000011
all	8094	1	886578	0.0000011
all	8112	1	886578	0.0000011
all	8114	1	886578	0.0000011
all	8117	2	886578	0.0000023
all	8118	1	886578	0.0000011
all	8125	1	886578	0.0000011
all	8145	1	886578	0.0000011
all	8205	1	886578	0.0000011
all	8208	1	886578	0.0000011
all	8254	1	886578	0.0000011
all	8257	1	886578	0.0000011
all	8285	1	886578	0.0000011
all	8296	1	886578	0.0000011
all	8307	1	886578	0.0000011
all	8322	1	886578	0.0000011
all	8325	1	886578	0.0000011
all	8371	1	886578	0.0000011
all	8383	1	886578	0.0000011
all	8388	1	886578	0.0000011
all	8413	1	886578	0.0000011
all	8418	1	886578	0.0000011
all	8422	1	886578	0.0000011
all	8449	1	886578	0.0000011
all	8459	1	886578	0.0000011
all	8462	1	886578	0.0000011
all	8479	1	886578	0.0000011
all	8485	1	886578	0.0000011
all	8486	1	886578	0.0000011
all	8489	1	886578	0.0000011
all	8492	1	886578	0.0000011
all	8496	1	886578	0.0000011
all	8500	1	886578	0.0000011
all	8508	1	886578	0.0000011
