all	0	33402	886578	0.0376752
all	1	2892	886578	0.0032620
all	2	38944	886578	0.0439262
all	3	5111	886578	0.0057649
all	4	44079	886578	0.0497181
all	5	7508	886578	0.0084685
all	6	50462	886578	0.0569177
all	7	9313	886578	0.0105044
all	8	49588	886578	0.0559319
all	9	10807	886578	0.0121896
all	10	48457	886578	0.0546562
all	11	11903	886578	0.0134258
all	12	44884	886578	0.0506261
all	13	11757	886578	0.0132611
all	14	41184	886578	0.0464528
all	15	11871	886578	0.0133897
all	16	39006	886578	0.0439961
all	17	11528	886578	0.0130028
all	18	35194	886578	0.0396965
all	19	10810	886578	0.0121929
all	20	29336	886578	0.0330890
all	21	10517	886578	0.0118625
all	22	26819	886578	0.0302500
all	23	9968	886578	0.0112432
all	24	23480	886578	0.0264839
all	25	8709	886578	0.0098232
all	26	21002	886578	0.0236888
all	27	8861	886578	0.0099946
all	28	18235	886578	0.0205678
all	29	7485	886578	0.0084426
all	30	15104	886578	0.0170363
all	31	6610	886578	0.0074556
all	32	13403	886578	0.0151177
all	33	6236	886578	0.0070338
all	34	10935	886578	0.0123339
all	35	5552	886578	0.0062623
all	36	9728	886578	0.0109725
all	37	4771	886578	0.0053814
all	38	8057	886578	0.0090878
all	39	4398	886578	0.0049606
all	40	6538	886578	0.0073744
all	41	4111	886578	0.0046369
all	42	5723	886578	0.0064552
all	43	3741	886578	0.0042196
all	44	4720	886578	0.0053238
all	45	3391	886578	0.0038248
all	46	4394	886578	0.0049561
all	47	2855	886578	0.0032202
all	48	3478	886578	0.0039229
all	49	2504	886578	0.0028243
all	50	2838	886578	0.0032011
all	51	2049	886578	0.0023111
all	52	2583	886578	0.0029134
all	53	2100	886578	0.0023687
all	54	2332	886578	0.0026303
all	55	1704	886578	0.0019220
all	56	1863	886578	0.0021013
all	57	1412	886578	0.0015926
all	58	1829	886578	0.0020630
all	59	1419	886578	0.0016005
all	60	1410	886578	0.0015904
all	61	1003	886578	0.0011313
all	62	1233	886578	0.0013907
all	63	1065	886578	0.0012012
all	64	1186	886578	0.0013377
all	65	895	886578	0.0010095
all	66	874	886578	0.0009858
all	67	991	886578	0.0011178
all	68	938	886578	0.0010580
all	69	947	886578	0.0010682
all	70	876	886578	0.0009881
all	71	781	886578	0.0008809
all	72	812	886578	0.0009159
all	73	682	886578	0.0007692
all	74	537	886578	0.0006057
all	75	542	886578	0.0006113
all	76	472	886578	0.0005324
all	77	639	886578	0.0007207
all	78	490	886578	0.0005527
all	79	376	886578	0.0004241
all	80	462	886578	0.0005211
all	81	421	886578	0.0004749
all	82	608	886578	0.0006858
all	83	367	886578	0.0004140
all	84	435	886578	0.0004907
all	85	478	886578	0.0005392
all	86	319	886578	0.0003598
all	87	361	886578	0.0004072
all	88	316	886578	0.0003564
all	89	368	886578	0.0004151
all	90	373	886578	0.0004207
all	91	323	886578	0.0003643
all	92	264	886578	0.0002978
all	93	270	886578	0.0003045
all	94	295	886578	0.0003327
all	95	310	886578	0.0003497
all	96	248	886578	0.0002797
all	97	328	886578	0.0003700
all	98	301	886578	0.0003395
all	99	253	886578	0.0002854
all	100	179	886578	0.0002019
all	101	261	886578	0.0002944
all	102	222	886578	0.0002504
all	103	221	886578	0.0002493
all	104	198	886578	0.0002233
all	105	226	886578	0.0002549
all	106	190	886578	0.0002143
all	107	204	886578	0.0002301
all	108	221	886578	0.0002493
all	109	190	886578	0.0002143
all	110	148	886578	0.0001669
all	111	136	886578	0.0001534
all	112	250	886578	0.0002820
all	113	214	886578	0.0002414
all	114	215	886578	0.0002425
all	115	218	886578	0.0002459
all	116	210	886578	0.0002369
all	117	138	886578	0.0001557
all	118	183	886578	0.0002064
all	119	159	886578	0.0001793
all	120	168	886578	0.0001895
all	121	132	886578	0.0001489
all	122	116	886578	0.0001308
all	123	107	886578	0.0001207
all	124	111	886578	0.0001252
all	125	122	886578	0.0001376
all	126	137	886578	0.0001545
all	127	145	886578	0.0001636
all	128	113	886578	0.0001275
all	129	130	886578	0.0001466
all	130	81	886578	0.0000914
all	131	114	886578	0.0001286
all	132	90	886578	0.0001015
all	133	120	886578	0.0001354
all	134	120	886578	0.0001354
all	135	99	886578	0.0001117
all	136	128	886578	0.0001444
all	137	82	886578	0.0000925
all	138	91	886578	0.0001026
all	139	108	886578	0.0001218
all	140	77	886578	0.0000869
all	141	87	886578	0.0000981
all	142	80	886578	0.0000902
all	143	63	886578	0.0000711
all	144	94	886578	0.0001060
all	145	75	886578	0.0000846
all	146	79	886578	0.0000891
all	147	80	886578	0.0000902
all	148	85	886578	0.0000959
all	149	72	886578	0.0000812
all	150	69	886578	0.0000778
all	151	94	886578	0.0001060
all	152	69	886578	0.0000778
all	153	84	886578	0.0000947
all	154	98	886578	0.0001105
all	155	77	886578	0.0000869
all	156	67	886578	0.0000756
all	157	79	886578	0.0000891
all	158	82	886578	0.0000925
all	159	73	886578	0.0000823
all	160	66	886578	0.0000744
all	161	90	886578	0.0001015
all	162	72	886578	0.0000812
all	163	100	886578	0.0001128
all	164	80	886578	0.0000902
all	165	78	886578	0.0000880
all	166	90	886578	0.0001015
all	167	61	886578	0.0000688
all	168	101	886578	0.0001139
all	169	33	886578	0.0000372
all	170	81	886578	0.0000914
all	171	58	886578	0.0000654
all	172	54	886578	0.0000609
all	173	54	886578	0.0000609
all	174	82	886578	0.0000925
all	175	47	886578	0.0000530
all	176	73	886578	0.0000823
all	177	76	886578	0.0000857
all	178	75	886578	0.0000846
all	179	67	886578	0.0000756
all	180	109	886578	0.0001229
all	181	52	886578	0.0000587
all	182	90	886578	0.0001015
all	183	63	886578	0.0000711
all	184	66	886578	0.0000744
all	185	51	886578	0.0000575
all	186	99	886578	0.0001117
all	187	65	886578	0.0000733
all	188	116	886578	0.0001308
all	189	54	886578	0.0000609
all	190	64	886578	0.0000722
all	191	65	886578	0.0000733
all	192	70	886578	0.0000790
all	193	72	886578	0.0000812
all	194	44	886578	0.0000496
all	195	58	886578	0.0000654
all	196	51	886578	0.0000575
all	197	52	886578	0.0000587
all	198	54	886578	0.0000609
all	199	52	886578	0.0000587
all	200	55	886578	0.0000620
all	201	59	886578	0.0000665
all	202	66	886578	0.0000744
all	203	51	886578	0.0000575
all	204	66	886578	0.0000744
all	205	80	886578	0.0000902
all	206	75	886578	0.0000846
all	207	56	886578	0.0000632
all	208	58	886578	0.0000654
all	209	57	886578	0.0000643
all	210	47	886578	0.0000530
all	211	51	886578	0.0000575
all	212	62	886578	0.0000699
all	213	40	886578	0.0000451
all	214	60	886578	0.0000677
all	215	47	886578	0.0000530
all	216	50	886578	0.0000564
all	217	65	886578	0.0000733
all	218	53	886578	0.0000598
all	219	58	886578	0.0000654
all	220	45	886578	0.0000508
all	221	60	886578	0.0000677
all	222	37	886578	0.0000417
all	223	39	886578	0.0000440
all	224	45	886578	0.0000508
all	225	42	886578	0.0000474
all	226	50	886578	0.0000564
all	227	45	886578	0.0000508
all	228	45	886578	0.0000508
all	229	33	886578	0.0000372
all	230	34	886578	0.0000383
all	231	52	886578	0.0000587
all	232	35	886578	0.0000395
all	233	34	886578	0.0000383
all	234	43	886578	0.0000485
all	235	55	886578	0.0000620
all	236	31	886578	0.0000350
all	237	47	886578	0.0000530
all	238	43	886578	0.0000485
all	239	44	886578	0.0000496
all	240	66	886578	0.0000744
all	241	34	886578	0.0000383
all	242	58	886578	0.0000654
all	243	25	886578	0.0000282
all	244	47	886578	0.0000530
all	245	66	886578	0.0000744
all	246	64	886578	0.0000722
all	247	47	886578	0.0000530
all	248	39	886578	0.0000440
all	249	47	886578	0.0000530
all	250	32	886578	0.0000361
all	251	70	886578	0.0000790
all	252	61	886578	0.0000688
all	253	78	886578	0.0000880
all	254	41	886578	0.0000462
all	255	32	886578	0.0000361
all	256	32	886578	0.0000361
all	257	54	886578	0.0000609
all	258	25	886578	0.0000282
all	259	34	886578	0.0000383
all	260	32	886578	0.0000361
all	261	49	886578	0.0000553
all	262	31	886578	0.0000350
all	263	55	886578	0.0000620
all	264	22	886578	0.0000248
all	265	42	886578	0.0000474
all	266	45	886578	0.0000508
all	267	30	886578	0.0000338
all	268	25	886578	0.0000282
all	269	25	886578	0.0000282
all	270	19	886578	0.0000214
all	271	24	886578	0.0000271
all	272	19	886578	0.0000214
all	273	33	886578	0.0000372
all	274	18	886578	0.0000203
all	275	28	886578	0.0000316
all	276	26	886578	0.0000293
all	277	37	886578	0.0000417
all	278	22	886578	0.0000248
all	279	16	886578	0.0000180
all	280	16	886578	0.0000180
all	281	32	886578	0.0000361
all	282	11	886578	0.0000124
all	283	12	886578	0.0000135
all	284	23	886578	0.0000259
all	285	25	886578	0.0000282
all	286	20	886578	0.0000226
all	287	30	886578	0.0000338
all	288	28	886578	0.0000316
all	289	35	886578	0.0000395
all	290	18	886578	0.0000203
all	291	22	886578	0.0000248
all	292	27	886578	0.0000305
all	293	22	886578	0.0000248
all	294	28	886578	0.0000316
all	295	23	886578	0.0000259
all	296	29	886578	0.0000327
all	297	24	886578	0.0000271
all	298	31	886578	0.0000350
all	299	23	886578	0.0000259
all	300	34	886578	0.0000383
all	301	37	886578	0.0000417
all	302	20	886578	0.0000226
all	303	40	886578	0.0000451
all	304	34	886578	0.0000383
all	305	22	886578	0.0000248
all	306	36	886578	0.0000406
all	307	48	886578	0.0000541
all	308	13	886578	0.0000147
all	309	23	886578	0.0000259
all	310	29	886578	0.0000327
all	311	26	886578	0.0000293
all	312	36	886578	0.0000406
all	313	23	886578	0.0000259
all	314	27	886578	0.0000305
all	315	16	886578	0.0000180
all	316	38	886578	0.0000429
all	317	41	886578	0.0000462
all	318	25	886578	0.0000282
all	319	37	886578	0.0000417
all	320	21	886578	0.0000237
all	321	16	886578	0.0000180
all	322	31	886578	0.0000350
all	323	25	886578	0.0000282
all	324	29	886578	0.0000327
all	325	22	886578	0.0000248
all	326	24	886578	0.0000271
all	327	28	886578	0.0000316
all	328	17	886578	0.0000192
all	329	22	886578	0.0000248
all	330	20	886578	0.0000226
all	331	29	886578	0.0000327
all	332	29	886578	0.0000327
all	333	10	886578	0.0000113
all	334	18	886578	0.0000203
all	335	14	886578	0.0000158
all	336	10	886578	0.0000113
all	337	20	886578	0.0000226
all	338	17	886578	0.0000192
all	339	11	886578	0.0000124
all	340	20	886578	0.0000226
all	341	26	886578	0.0000293
all	342	19	886578	0.0000214
all	343	14	886578	0.0000158
all	344	28	886578	0.0000316
all	345	19	886578	0.0000214
all	346	19	886578	0.0000214
all	347	18	886578	0.0000203
all	348	16	886578	0.0000180
all	349	19	886578	0.0000214
all	350	10	886578	0.0000113
all	351	17	886578	0.0000192
all	352	15	886578	0.0000169
all	353	33	886578	0.0000372
all	354	27	886578	0.0000305
all	355	26	886578	0.0000293
all	356	20	886578	0.0000226
all	357	26	886578	0.0000293
all	358	14	886578	0.0000158
all	359	12	886578	0.0000135
all	360	35	886578	0.0000395
all	361	18	886578	0.0000203
all	362	30	886578	0.0000338
all	363	17	886578	0.0000192
all	364	14	886578	0.0000158
all	365	15	886578	0.0000169
all	366	13	886578	0.0000147
all	367	12	886578	0.0000135
all	368	9	886578	0.0000102
all	369	15	886578	0.0000169
all	370	19	886578	0.0000214
all	371	12	886578	0.0000135
all	372	16	886578	0.0000180
all	373	18	886578	0.0000203
all	374	20	886578	0.0000226
all	375	11	886578	0.0000124
all	376	22	886578	0.0000248
all	377	5	886578	0.0000056
all	378	18	886578	0.0000203
all	379	26	886578	0.0000293
all	380	25	886578	0.0000282
all	381	16	886578	0.0000180
all	382	17	886578	0.0000192
all	383	8	886578	0.0000090
all	384	20	886578	0.0000226
all	385	15	886578	0.0000169
all	386	20	886578	0.0000226
all	387	16	886578	0.0000180
all	388	16	886578	0.0000180
all	389	24	886578	0.0000271
all	390	15	886578	0.0000169
all	391	9	886578	0.0000102
all	392	19	886578	0.0000214
all	393	13	886578	0.0000147
all	394	14	886578	0.0000158
all	395	18	886578	0.0000203
all	396	11	886578	0.0000124
all	397	11	886578	0.0000124
all	398	16	886578	0.0000180
all	399	10	886578	0.0000113
all	400	23	886578	0.0000259
all	401	10	886578	0.0000113
all	402	18	886578	0.0000203
all	403	9	886578	0.0000102
all	404	22	886578	0.0000248
all	405	16	886578	0.0000180
all	406	14	886578	0.0000158
all	407	13	886578	0.0000147
all	408	11	886578	0.0000124
all	409	15	886578	0.0000169
all	410	13	886578	0.0000147
all	411	18	886578	0.0000203
all	412	19	886578	0.0000214
all	413	12	886578	0.0000135
all	414	8	886578	0.0000090
all	415	14	886578	0.0000158
all	416	10	886578	0.0000113
all	417	8	886578	0.0000090
all	418	14	886578	0.0000158
all	419	15	886578	0.0000169
all	420	24	886578	0.0000271
all	421	14	886578	0.0000158
all	422	17	886578	0.0000192
all	423	20	886578	0.0000226
all	424	8	886578	0.0000090
all	425	16	886578	0.0000180
all	426	13	886578	0.0000147
all	427	11	886578	0.0000124
all	428	14	886578	0.0000158
all	429	8	886578	0.0000090
all	430	17	886578	0.0000192
all	431	16	886578	0.0000180
all	432	19	886578	0.0000214
all	433	9	886578	0.0000102
all	434	19	886578	0.0000214
all	435	15	886578	0.0000169
all	436	12	886578	0.0000135
all	437	8	886578	0.0000090
all	438	10	886578	0.0000113
all	439	10	886578	0.0000113
all	440	22	886578	0.0000248
all	441	11	886578	0.0000124
all	442	14	886578	0.0000158
all	443	15	886578	0.0000169
all	444	13	886578	0.0000147
all	445	16	886578	0.0000180
all	446	16	886578	0.0000180
all	447	13	886578	0.0000147
all	448	13	886578	0.0000147
all	449	23	886578	0.0000259
all	450	11	886578	0.0000124
all	451	15	886578	0.0000169
all	452	21	886578	0.0000237
all	453	23	886578	0.0000259
all	454	26	886578	0.0000293
all	455	21	886578	0.0000237
all	456	10	886578	0.0000113
all	457	17	886578	0.0000192
all	458	14	886578	0.0000158
all	459	17	886578	0.0000192
all	460	15	886578	0.0000169
all	461	14	886578	0.0000158
all	462	8	886578	0.0000090
all	463	11	886578	0.0000124
all	464	11	886578	0.0000124
all	465	11	886578	0.0000124
all	466	19	886578	0.0000214
all	467	16	886578	0.0000180
all	468	28	886578	0.0000316
all	469	11	886578	0.0000124
all	470	14	886578	0.0000158
all	471	15	886578	0.0000169
all	472	11	886578	0.0000124
all	473	10	886578	0.0000113
all	474	14	886578	0.0000158
all	475	15	886578	0.0000169
all	476	22	886578	0.0000248
all	477	20	886578	0.0000226
all	478	15	886578	0.0000169
all	479	27	886578	0.0000305
all	480	7	886578	0.0000079
all	481	10	886578	0.0000113
all	482	9	886578	0.0000102
all	483	11	886578	0.0000124
all	484	8	886578	0.0000090
all	485	9	886578	0.0000102
all	486	17	886578	0.0000192
all	487	12	886578	0.0000135
all	488	11	886578	0.0000124
all	489	20	886578	0.0000226
all	490	13	886578	0.0000147
all	491	15	886578	0.0000169
all	492	8	886578	0.0000090
all	493	12	886578	0.0000135
all	494	19	886578	0.0000214
all	495	16	886578	0.0000180
all	496	14	886578	0.0000158
all	497	7	886578	0.0000079
all	498	17	886578	0.0000192
all	499	11	886578	0.0000124
all	500	18	886578	0.0000203
all	501	11	886578	0.0000124
all	502	20	886578	0.0000226
all	503	22	886578	0.0000248
all	504	18	886578	0.0000203
all	505	15	886578	0.0000169
all	506	13	886578	0.0000147
all	507	22	886578	0.0000248
all	508	6	886578	0.0000068
all	509	11	886578	0.0000124
all	510	9	886578	0.0000102
all	511	13	886578	0.0000147
all	512	17	886578	0.0000192
all	513	8	886578	0.0000090
all	514	11	886578	0.0000124
all	515	10	886578	0.0000113
all	516	17	886578	0.0000192
all	517	14	886578	0.0000158
all	518	16	886578	0.0000180
all	519	17	886578	0.0000192
all	520	22	886578	0.0000248
all	521	20	886578	0.0000226
all	522	17	886578	0.0000192
all	523	18	886578	0.0000203
all	524	21	886578	0.0000237
all	525	24	886578	0.0000271
all	526	9	886578	0.0000102
all	527	17	886578	0.0000192
all	528	18	886578	0.0000203
all	529	11	886578	0.0000124
all	530	19	886578	0.0000214
all	531	21	886578	0.0000237
all	532	20	886578	0.0000226
all	533	13	886578	0.0000147
all	534	24	886578	0.0000271
all	535	18	886578	0.0000203
all	536	18	886578	0.0000203
all	537	12	886578	0.0000135
all	538	10	886578	0.0000113
all	539	11	886578	0.0000124
all	540	20	886578	0.0000226
all	541	9	886578	0.0000102
all	542	14	886578	0.0000158
all	543	25	886578	0.0000282
all	544	16	886578	0.0000180
all	545	12	886578	0.0000135
all	546	21	886578	0.0000237
all	547	24	886578	0.0000271
all	548	25	886578	0.0000282
all	549	27	886578	0.0000305
all	550	15	886578	0.0000169
all	551	24	886578	0.0000271
all	552	22	886578	0.0000248
all	553	18	886578	0.0000203
all	554	12	886578	0.0000135
all	555	16	886578	0.0000180
all	556	17	886578	0.0000192
all	557	8	886578	0.0000090
all	558	21	886578	0.0000237
all	559	25	886578	0.0000282
all	560	14	886578	0.0000158
all	561	12	886578	0.0000135
all	562	18	886578	0.0000203
all	563	15	886578	0.0000169
all	564	12	886578	0.0000135
all	565	18	886578	0.0000203
all	566	17	886578	0.0000192
all	567	19	886578	0.0000214
all	568	21	886578	0.0000237
all	569	17	886578	0.0000192
all	570	26	886578	0.0000293
all	571	18	886578	0.0000203
all	572	16	886578	0.0000180
all	573	10	886578	0.0000113
all	574	16	886578	0.0000180
all	575	8	886578	0.0000090
all	576	17	886578	0.0000192
all	577	9	886578	0.0000102
all	578	17	886578	0.0000192
all	579	20	886578	0.0000226
all	580	8	886578	0.0000090
all	581	9	886578	0.0000102
all	582	18	886578	0.0000203
all	583	22	886578	0.0000248
all	584	17	886578	0.0000192
all	585	8	886578	0.0000090
all	586	16	886578	0.0000180
all	587	19	886578	0.0000214
all	588	13	886578	0.0000147
all	589	20	886578	0.0000226
all	590	21	886578	0.0000237
all	591	12	886578	0.0000135
all	592	22	886578	0.0000248
all	593	6	886578	0.0000068
all	594	12	886578	0.0000135
all	595	9	886578	0.0000102
all	596	20	886578	0.0000226
all	597	17	886578	0.0000192
all	598	10	886578	0.0000113
all	599	12	886578	0.0000135
all	600	9	886578	0.0000102
all	601	13	886578	0.0000147
all	602	8	886578	0.0000090
all	603	14	886578	0.0000158
all	604	17	886578	0.0000192
all	605	10	886578	0.0000113
all	606	14	886578	0.0000158
all	607	7	886578	0.0000079
all	608	16	886578	0.0000180
all	609	6	886578	0.0000068
all	610	8	886578	0.0000090
all	611	10	886578	0.0000113
all	612	12	886578	0.0000135
all	613	9	886578	0.0000102
all	614	6	886578	0.0000068
all	615	8	886578	0.0000090
all	616	6	886578	0.0000068
all	617	8	886578	0.0000090
all	618	8	886578	0.0000090
all	619	11	886578	0.0000124
all	620	9	886578	0.0000102
all	621	18	886578	0.0000203
all	622	12	886578	0.0000135
all	623	8	886578	0.0000090
all	624	9	886578	0.0000102
all	625	9	886578	0.0000102
all	626	8	886578	0.0000090
all	627	12	886578	0.0000135
all	628	21	886578	0.0000237
all	629	9	886578	0.0000102
all	630	8	886578	0.0000090
all	631	15	886578	0.0000169
all	632	11	886578	0.0000124
all	633	4	886578	0.0000045
all	634	8	886578	0.0000090
all	635	15	886578	0.0000169
all	636	9	886578	0.0000102
all	637	21	886578	0.0000237
all	638	6	886578	0.0000068
all	639	18	886578	0.0000203
all	640	13	886578	0.0000147
all	641	6	886578	0.0000068
all	642	17	886578	0.0000192
all	643	6	886578	0.0000068
all	644	22	886578	0.0000248
all	645	9	886578	0.0000102
all	646	17	886578	0.0000192
all	647	4	886578	0.0000045
all	648	9	886578	0.0000102
all	649	9	886578	0.0000102
all	650	9	886578	0.0000102
all	651	19	886578	0.0000214
all	652	13	886578	0.0000147
all	653	6	886578	0.0000068
all	654	14	886578	0.0000158
all	655	6	886578	0.0000068
all	656	7	886578	0.0000079
all	657	14	886578	0.0000158
all	658	7	886578	0.0000079
all	659	12	886578	0.0000135
all	660	12	886578	0.0000135
all	661	16	886578	0.0000180
all	662	8	886578	0.0000090
all	663	7	886578	0.0000079
all	664	8	886578	0.0000090
all	665	4	886578	0.0000045
all	666	10	886578	0.0000113
all	667	13	886578	0.0000147
all	668	14	886578	0.0000158
all	669	11	886578	0.0000124
all	670	6	886578	0.0000068
all	671	11	886578	0.0000124
all	672	9	886578	0.0000102
all	673	11	886578	0.0000124
all	674	15	886578	0.0000169
all	675	15	886578	0.0000169
all	676	11	886578	0.0000124
all	677	8	886578	0.0000090
all	678	10	886578	0.0000113
all	679	12	886578	0.0000135
all	680	10	886578	0.0000113
all	681	9	886578	0.0000102
all	682	14	886578	0.0000158
all	683	6	886578	0.0000068
all	684	8	886578	0.0000090
all	685	11	886578	0.0000124
all	686	8	886578	0.0000090
all	687	11	886578	0.0000124
all	688	4	886578	0.0000045
all	689	11	886578	0.0000124
all	690	5	886578	0.0000056
all	691	11	886578	0.0000124
all	692	6	886578	0.0000068
all	693	5	886578	0.0000056
all	694	7	886578	0.0000079
all	695	4	886578	0.0000045
all	696	15	886578	0.0000169
all	697	7	886578	0.0000079
all	698	8	886578	0.0000090
all	699	10	886578	0.0000113
all	700	10	886578	0.0000113
all	701	4	886578	0.0000045
all	702	10	886578	0.0000113
all	703	11	886578	0.0000124
all	704	7	886578	0.0000079
all	705	10	886578	0.0000113
all	706	9	886578	0.0000102
all	707	13	886578	0.0000147
all	708	9	886578	0.0000102
all	709	12	886578	0.0000135
all	710	10	886578	0.0000113
all	711	10	886578	0.0000113
all	712	15	886578	0.0000169
all	713	9	886578	0.0000102
all	714	4	886578	0.0000045
all	715	13	886578	0.0000147
all	716	14	886578	0.0000158
all	717	10	886578	0.0000113
all	718	12	886578	0.0000135
all	719	12	886578	0.0000135
all	720	17	886578	0.0000192
all	721	5	886578	0.0000056
all	722	14	886578	0.0000158
all	723	8	886578	0.0000090
all	724	6	886578	0.0000068
all	725	10	886578	0.0000113
all	726	7	886578	0.0000079
all	727	8	886578	0.0000090
all	728	10	886578	0.0000113
all	729	12	886578	0.0000135
all	730	13	886578	0.0000147
all	731	11	886578	0.0000124
all	732	11	886578	0.0000124
all	733	14	886578	0.0000158
all	734	18	886578	0.0000203
all	735	24	886578	0.0000271
all	736	12	886578	0.0000135
all	737	16	886578	0.0000180
all	738	21	886578	0.0000237
all	739	19	886578	0.0000214
all	740	9	886578	0.0000102
all	741	12	886578	0.0000135
all	742	9	886578	0.0000102
all	743	21	886578	0.0000237
all	744	6	886578	0.0000068
all	745	14	886578	0.0000158
all	746	7	886578	0.0000079
all	747	10	886578	0.0000113
all	748	9	886578	0.0000102
all	749	24	886578	0.0000271
all	750	14	886578	0.0000158
all	751	16	886578	0.0000180
all	752	4	886578	0.0000045
all	753	11	886578	0.0000124
all	754	8	886578	0.0000090
all	755	14	886578	0.0000158
all	756	13	886578	0.0000147
all	757	19	886578	0.0000214
all	758	8	886578	0.0000090
all	759	13	886578	0.0000147
all	760	7	886578	0.0000079
all	761	17	886578	0.0000192
all	762	7	886578	0.0000079
all	763	12	886578	0.0000135
all	764	8	886578	0.0000090
all	765	17	886578	0.0000192
all	766	17	886578	0.0000192
all	767	13	886578	0.0000147
all	768	11	886578	0.0000124
all	769	13	886578	0.0000147
all	770	13	886578	0.0000147
all	771	14	886578	0.0000158
all	772	7	886578	0.0000079
all	773	8	886578	0.0000090
all	774	8	886578	0.0000090
all	775	8	886578	0.0000090
all	776	21	886578	0.0000237
all	777	15	886578	0.0000169
all	778	11	886578	0.0000124
all	779	12	886578	0.0000135
all	780	21	886578	0.0000237
all	781	8	886578	0.0000090
all	782	10	886578	0.0000113
all	783	4	886578	0.0000045
all	784	12	886578	0.0000135
all	785	8	886578	0.0000090
all	786	14	886578	0.0000158
all	787	11	886578	0.0000124
all	788	8	886578	0.0000090
all	789	4	886578	0.0000045
all	790	9	886578	0.0000102
all	791	12	886578	0.0000135
all	792	8	886578	0.0000090
all	793	10	886578	0.0000113
all	794	20	886578	0.0000226
all	795	8	886578	0.0000090
all	796	18	886578	0.0000203
all	797	11	886578	0.0000124
all	798	16	886578	0.0000180
all	799	13	886578	0.0000147
all	800	17	886578	0.0000192
all	801	9	886578	0.0000102
all	802	9	886578	0.0000102
all	803	11	886578	0.0000124
all	804	14	886578	0.0000158
all	805	26	886578	0.0000293
all	806	5	886578	0.0000056
all	807	9	886578	0.0000102
all	808	5	886578	0.0000056
all	809	4	886578	0.0000045
all	810	7	886578	0.0000079
all	811	7	886578	0.0000079
all	812	14	886578	0.0000158
all	813	5	886578	0.0000056
all	814	3	886578	0.0000034
all	815	6	886578	0.0000068
all	816	5	886578	0.0000056
all	817	7	886578	0.0000079
all	818	3	886578	0.0000034
all	819	14	886578	0.0000158
all	820	14	886578	0.0000158
all	821	12	886578	0.0000135
all	822	7	886578	0.0000079
all	823	11	886578	0.0000124
all	824	10	886578	0.0000113
all	825	5	886578	0.0000056
all	826	8	886578	0.0000090
all	827	5	886578	0.0000056
all	828	6	886578	0.0000068
all	829	12	886578	0.0000135
all	830	7	886578	0.0000079
all	831	4	886578	0.0000045
all	832	7	886578	0.0000079
all	833	10	886578	0.0000113
all	834	7	886578	0.0000079
all	835	10	886578	0.0000113
all	836	6	886578	0.0000068
all	837	9	886578	0.0000102
all	838	4	886578	0.0000045
all	839	7	886578	0.0000079
all	840	5	886578	0.0000056
all	841	7	886578	0.0000079
all	842	5	886578	0.0000056
all	843	4	886578	0.0000045
all	844	8	886578	0.0000090
all	845	6	886578	0.0000068
all	846	9	886578	0.0000102
all	847	6	886578	0.0000068
all	848	8	886578	0.0000090
all	849	6	886578	0.0000068
all	850	14	886578	0.0000158
all	851	9	886578	0.0000102
all	852	9	886578	0.0000102
all	853	7	886578	0.0000079
all	854	8	886578	0.0000090
all	855	9	886578	0.0000102
all	856	4	886578	0.0000045
all	857	9	886578	0.0000102
all	858	11	886578	0.0000124
all	859	5	886578	0.0000056
all	860	2	886578	0.0000023
all	861	17	886578	0.0000192
all	862	5	886578	0.0000056
all	863	7	886578	0.0000079
all	864	13	886578	0.0000147
all	865	7	886578	0.0000079
all	866	10	886578	0.0000113
all	867	9	886578	0.0000102
all	868	11	886578	0.0000124
all	869	7	886578	0.0000079
all	870	4	886578	0.0000045
all	871	8	886578	0.0000090
all	872	11	886578	0.0000124
all	873	4	886578	0.0000045
all	874	9	886578	0.0000102
all	875	8	886578	0.0000090
all	876	7	886578	0.0000079
all	877	8	886578	0.0000090
all	878	14	886578	0.0000158
all	879	6	886578	0.0000068
all	880	6	886578	0.0000068
all	881	6	886578	0.0000068
all	882	5	886578	0.0000056
all	883	1	886578	0.0000011
all	884	10	886578	0.0000113
all	885	2	886578	0.0000023
all	886	9	886578	0.0000102
all	887	7	886578	0.0000079
all	888	9	886578	0.0000102
all	889	4	886578	0.0000045
all	890	3	886578	0.0000034
all	891	5	886578	0.0000056
all	892	3	886578	0.0000034
all	893	7	886578	0.0000079
all	894	7	886578	0.0000079
all	895	8	886578	0.0000090
all	896	8	886578	0.0000090
all	897	8	886578	0.0000090
all	898	7	886578	0.0000079
all	899	7	886578	0.0000079
all	900	10	886578	0.0000113
all	901	4	886578	0.0000045
all	902	21	886578	0.0000237
all	903	5	886578	0.0000056
all	904	14	886578	0.0000158
all	905	6	886578	0.0000068
all	906	7	886578	0.0000079
all	907	4	886578	0.0000045
all	908	5	886578	0.0000056
all	909	7	886578	0.0000079
all	910	6	886578	0.0000068
all	911	8	886578	0.0000090
all	912	3	886578	0.0000034
all	913	5	886578	0.0000056
all	914	7	886578	0.0000079
all	915	5	886578	0.0000056
all	916	9	886578	0.0000102
all	917	4	886578	0.0000045
all	918	3	886578	0.0000034
all	919	4	886578	0.0000045
all	920	11	886578	0.0000124
all	921	4	886578	0.0000045
all	922	5	886578	0.0000056
all	923	5	886578	0.0000056
all	924	9	886578	0.0000102
all	925	13	886578	0.0000147
all	926	7	886578	0.0000079
all	927	5	886578	0.0000056
all	928	5	886578	0.0000056
all	929	11	886578	0.0000124
all	930	9	886578	0.0000102
all	931	8	886578	0.0000090
all	932	12	886578	0.0000135
all	933	6	886578	0.0000068
all	934	12	886578	0.0000135
all	935	8	886578	0.0000090
all	936	12	886578	0.0000135
all	937	15	886578	0.0000169
all	938	8	886578	0.0000090
all	939	8	886578	0.0000090
all	940	7	886578	0.0000079
all	941	13	886578	0.0000147
all	942	10	886578	0.0000113
all	943	4	886578	0.0000045
all	944	2	886578	0.0000023
all	945	8	886578	0.0000090
all	946	2	886578	0.0000023
all	947	3	886578	0.0000034
all	948	6	886578	0.0000068
all	949	3	886578	0.0000034
all	950	5	886578	0.0000056
all	951	5	886578	0.0000056
all	952	6	886578	0.0000068
all	953	4	886578	0.0000045
all	954	1	886578	0.0000011
all	955	6	886578	0.0000068
all	956	5	886578	0.0000056
all	957	14	886578	0.0000158
all	958	6	886578	0.0000068
all	959	1	886578	0.0000011
all	960	5	886578	0.0000056
all	961	9	886578	0.0000102
all	962	4	886578	0.0000045
all	963	5	886578	0.0000056
all	964	3	886578	0.0000034
all	965	3	886578	0.0000034
all	966	8	886578	0.0000090
all	967	6	886578	0.0000068
all	968	6	886578	0.0000068
all	969	4	886578	0.0000045
all	970	4	886578	0.0000045
all	971	6	886578	0.0000068
all	972	3	886578	0.0000034
all	973	7	886578	0.0000079
all	974	5	886578	0.0000056
all	975	3	886578	0.0000034
all	976	7	886578	0.0000079
all	977	6	886578	0.0000068
all	978	9	886578	0.0000102
all	979	5	886578	0.0000056
all	980	8	886578	0.0000090
all	981	6	886578	0.0000068
all	982	6	886578	0.0000068
all	983	7	886578	0.0000079
all	984	8	886578	0.0000090
all	985	5	886578	0.0000056
all	986	6	886578	0.0000068
all	987	3	886578	0.0000034
all	988	6	886578	0.0000068
all	989	6	886578	0.0000068
all	990	4	886578	0.0000045
all	991	3	886578	0.0000034
all	992	5	886578	0.0000056
all	993	9	886578	0.0000102
all	994	5	886578	0.0000056
all	995	7	886578	0.0000079
all	996	7	886578	0.0000079
all	997	4	886578	0.0000045
all	998	2	886578	0.0000023
all	999	11	886578	0.0000124
all	1001	4	886578	0.0000045
all	1002	3	886578	0.0000034
all	1003	5	886578	0.0000056
all	1004	3	886578	0.0000034
all	1005	5	886578	0.0000056
all	1006	5	886578	0.0000056
all	1007	3	886578	0.0000034
all	1008	4	886578	0.0000045
all	1009	2	886578	0.0000023
all	1010	6	886578	0.0000068
all	1011	1	886578	0.0000011
all	1012	3	886578	0.0000034
all	1013	6	886578	0.0000068
all	1014	6	886578	0.0000068
all	1015	8	886578	0.0000090
all	1016	3	886578	0.0000034
all	1017	6	886578	0.0000068
all	1018	9	886578	0.0000102
all	1019	5	886578	0.0000056
all	1020	4	886578	0.0000045
all	1021	8	886578	0.0000090
all	1022	3	886578	0.0000034
all	1023	3	886578	0.0000034
all	1024	4	886578	0.0000045
all	1025	3	886578	0.0000034
all	1026	5	886578	0.0000056
all	1027	4	886578	0.0000045
all	1028	2	886578	0.0000023
all	1029	6	886578	0.0000068
all	1030	7	886578	0.0000079
all	1031	4	886578	0.0000045
all	1032	2	886578	0.0000023
all	1033	10	886578	0.0000113
all	1034	4	886578	0.0000045
all	1035	6	886578	0.0000068
all	1036	1	886578	0.0000011
all	1037	10	886578	0.0000113
all	1038	3	886578	0.0000034
all	1039	11	886578	0.0000124
all	1040	3	886578	0.0000034
all	1041	7	886578	0.0000079
all	1042	7	886578	0.0000079
all	1043	6	886578	0.0000068
all	1044	2	886578	0.0000023
all	1045	3	886578	0.0000034
all	1046	4	886578	0.0000045
all	1047	2	886578	0.0000023
all	1048	2	886578	0.0000023
all	1049	3	886578	0.0000034
all	1050	3	886578	0.0000034
all	1051	8	886578	0.0000090
all	1052	4	886578	0.0000045
all	1053	5	886578	0.0000056
all	1054	3	886578	0.0000034
all	1055	5	886578	0.0000056
all	1056	5	886578	0.0000056
all	1057	4	886578	0.0000045
all	1058	5	886578	0.0000056
all	1059	3	886578	0.0000034
all	1060	2	886578	0.0000023
all	1061	2	886578	0.0000023
all	1062	4	886578	0.0000045
all	1064	3	886578	0.0000034
all	1065	5	886578	0.0000056
all	1066	2	886578	0.0000023
all	1067	9	886578	0.0000102
all	1068	4	886578	0.0000045
all	1069	5	886578	0.0000056
all	1070	7	886578	0.0000079
all	1071	7	886578	0.0000079
all	1072	3	886578	0.0000034
all	1073	4	886578	0.0000045
all	1074	1	886578	0.0000011
all	1075	5	886578	0.0000056
all	1076	5	886578	0.0000056
all	1077	4	886578	0.0000045
all	1078	7	886578	0.0000079
all	1079	9	886578	0.0000102
all	1080	5	886578	0.0000056
all	1081	3	886578	0.0000034
all	1082	3	886578	0.0000034
all	1083	11	886578	0.0000124
all	1084	5	886578	0.0000056
all	1085	7	886578	0.0000079
all	1086	6	886578	0.0000068
all	1087	4	886578	0.0000045
all	1088	4	886578	0.0000045
all	1089	6	886578	0.0000068
all	1090	7	886578	0.0000079
all	1091	2	886578	0.0000023
all	1092	5	886578	0.0000056
all	1093	5	886578	0.0000056
all	1094	5	886578	0.0000056
all	1095	6	886578	0.0000068
all	1096	2	886578	0.0000023
all	1097	4	886578	0.0000045
all	1098	4	886578	0.0000045
all	1099	2	886578	0.0000023
all	1100	5	886578	0.0000056
all	1101	6	886578	0.0000068
all	1102	5	886578	0.0000056
all	1103	2	886578	0.0000023
all	1104	6	886578	0.0000068
all	1105	4	886578	0.0000045
all	1106	1	886578	0.0000011
all	1107	6	886578	0.0000068
all	1108	1	886578	0.0000011
all	1109	2	886578	0.0000023
all	1110	2	886578	0.0000023
all	1111	6	886578	0.0000068
all	1112	5	886578	0.0000056
all	1113	4	886578	0.0000045
all	1114	2	886578	0.0000023
all	1115	5	886578	0.0000056
all	1116	4	886578	0.0000045
all	1117	5	886578	0.0000056
all	1118	4	886578	0.0000045
all	1119	5	886578	0.0000056
all	1120	4	886578	0.0000045
all	1121	9	886578	0.0000102
all	1122	6	886578	0.0000068
all	1123	8	886578	0.0000090
all	1124	7	886578	0.0000079
all	1125	7	886578	0.0000079
all	1126	9	886578	0.0000102
all	1127	3	886578	0.0000034
all	1128	9	886578	0.0000102
all	1129	11	886578	0.0000124
all	1130	11	886578	0.0000124
all	1131	6	886578	0.0000068
all	1132	6	886578	0.0000068
all	1133	9	886578	0.0000102
all	1134	5	886578	0.0000056
all	1135	6	886578	0.0000068
all	1136	8	886578	0.0000090
all	1137	3	886578	0.0000034
all	1138	5	886578	0.0000056
all	1139	7	886578	0.0000079
all	1140	5	886578	0.0000056
all	1141	5	886578	0.0000056
all	1142	5	886578	0.0000056
all	1143	6	886578	0.0000068
all	1144	5	886578	0.0000056
all	1145	8	886578	0.0000090
all	1146	8	886578	0.0000090
all	1147	5	886578	0.0000056
all	1148	3	886578	0.0000034
all	1149	7	886578	0.0000079
all	1150	7	886578	0.0000079
all	1151	3	886578	0.0000034
all	1152	3	886578	0.0000034
all	1153	7	886578	0.0000079
all	1154	8	886578	0.0000090
all	1155	3	886578	0.0000034
all	1157	5	886578	0.0000056
all	1158	2	886578	0.0000023
all	1159	6	886578	0.0000068
all	1160	5	886578	0.0000056
all	1161	4	886578	0.0000045
all	1162	5	886578	0.0000056
all	1163	4	886578	0.0000045
all	1164	4	886578	0.0000045
all	1165	4	886578	0.0000045
all	1166	7	886578	0.0000079
all	1167	11	886578	0.0000124
all	1168	3	886578	0.0000034
all	1169	1	886578	0.0000011
all	1170	3	886578	0.0000034
all	1171	7	886578	0.0000079
all	1172	9	886578	0.0000102
all	1173	10	886578	0.0000113
all	1174	3	886578	0.0000034
all	1175	4	886578	0.0000045
all	1176	3	886578	0.0000034
all	1177	3	886578	0.0000034
all	1178	6	886578	0.0000068
all	1179	11	886578	0.0000124
all	1180	3	886578	0.0000034
all	1181	3	886578	0.0000034
all	1183	2	886578	0.0000023
all	1184	4	886578	0.0000045
all	1185	2	886578	0.0000023
all	1186	2	886578	0.0000023
all	1187	9	886578	0.0000102
all	1188	5	886578	0.0000056
all	1189	5	886578	0.0000056
all	1190	10	886578	0.0000113
all	1191	6	886578	0.0000068
all	1192	8	886578	0.0000090
all	1193	3	886578	0.0000034
all	1194	4	886578	0.0000045
all	1195	5	886578	0.0000056
all	1196	2	886578	0.0000023
all	1197	2	886578	0.0000023
all	1198	1	886578	0.0000011
all	1199	3	886578	0.0000034
all	1200	4	886578	0.0000045
all	1201	6	886578	0.0000068
all	1202	4	886578	0.0000045
all	1203	5	886578	0.0000056
all	1204	5	886578	0.0000056
all	1205	3	886578	0.0000034
all	1206	2	886578	0.0000023
all	1207	4	886578	0.0000045
all	1208	4	886578	0.0000045
all	1209	5	886578	0.0000056
all	1210	4	886578	0.0000045
all	1211	3	886578	0.0000034
all	1212	2	886578	0.0000023
all	1213	3	886578	0.0000034
all	1214	7	886578	0.0000079
all	1215	5	886578	0.0000056
all	1216	3	886578	0.0000034
all	1217	4	886578	0.0000045
all	1218	7	886578	0.0000079
all	1219	8	886578	0.0000090
all	1220	2	886578	0.0000023
all	1221	11	886578	0.0000124
all	1222	3	886578	0.0000034
all	1223	4	886578	0.0000045
all	1224	11	886578	0.0000124
all	1225	5	886578	0.0000056
all	1226	11	886578	0.0000124
all	1227	9	886578	0.0000102
all	1228	8	886578	0.0000090
all	1229	2	886578	0.0000023
all	1230	6	886578	0.0000068
all	1231	8	886578	0.0000090
all	1232	4	886578	0.0000045
all	1233	7	886578	0.0000079
all	1234	7	886578	0.0000079
all	1235	5	886578	0.0000056
all	1236	6	886578	0.0000068
all	1237	3	886578	0.0000034
all	1238	2	886578	0.0000023
all	1239	3	886578	0.0000034
all	1240	3	886578	0.0000034
all	1241	8	886578	0.0000090
all	1242	1	886578	0.0000011
all	1243	1	886578	0.0000011
all	1244	2	886578	0.0000023
all	1245	3	886578	0.0000034
all	1246	3	886578	0.0000034
all	1247	6	886578	0.0000068
all	1248	2	886578	0.0000023
all	1249	4	886578	0.0000045
all	1250	4	886578	0.0000045
all	1251	4	886578	0.0000045
all	1252	4	886578	0.0000045
all	1253	4	886578	0.0000045
all	1254	3	886578	0.0000034
all	1255	11	886578	0.0000124
all	1256	4	886578	0.0000045
all	1257	1	886578	0.0000011
all	1258	2	886578	0.0000023
all	1259	3	886578	0.0000034
all	1260	3	886578	0.0000034
all	1261	3	886578	0.0000034
all	1262	5	886578	0.0000056
all	1263	2	886578	0.0000023
all	1264	3	886578	0.0000034
all	1265	2	886578	0.0000023
all	1266	2	886578	0.0000023
all	1267	4	886578	0.0000045
all	1268	4	886578	0.0000045
all	1269	2	886578	0.0000023
all	1270	5	886578	0.0000056
all	1271	2	886578	0.0000023
all	1272	5	886578	0.0000056
all	1273	4	886578	0.0000045
all	1274	6	886578	0.0000068
all	1275	2	886578	0.0000023
all	1276	2	886578	0.0000023
all	1277	2	886578	0.0000023
all	1278	2	886578	0.0000023
all	1279	7	886578	0.0000079
all	1280	1	886578	0.0000011
all	1281	3	886578	0.0000034
all	1282	1	886578	0.0000011
all	1283	7	886578	0.0000079
all	1284	4	886578	0.0000045
all	1285	1	886578	0.0000011
all	1286	3	886578	0.0000034
all	1287	2	886578	0.0000023
all	1288	6	886578	0.0000068
all	1289	2	886578	0.0000023
all	1290	3	886578	0.0000034
all	1291	1	886578	0.0000011
all	1292	5	886578	0.0000056
all	1293	5	886578	0.0000056
all	1294	3	886578	0.0000034
all	1295	3	886578	0.0000034
all	1296	3	886578	0.0000034
all	1297	2	886578	0.0000023
all	1298	1	886578	0.0000011
all	1299	3	886578	0.0000034
all	1300	7	886578	0.0000079
all	1301	5	886578	0.0000056
all	1302	4	886578	0.0000045
all	1303	3	886578	0.0000034
all	1304	3	886578	0.0000034
all	1306	3	886578	0.0000034
all	1307	7	886578	0.0000079
all	1308	3	886578	0.0000034
all	1309	4	886578	0.0000045
all	1310	7	886578	0.0000079
all	1311	4	886578	0.0000045
all	1312	14	886578	0.0000158
all	1313	4	886578	0.0000045
all	1314	5	886578	0.0000056
all	1315	5	886578	0.0000056
all	1316	6	886578	0.0000068
all	1317	4	886578	0.0000045
all	1318	4	886578	0.0000045
all	1319	8	886578	0.0000090
all	1320	6	886578	0.0000068
all	1321	1	886578	0.0000011
all	1322	3	886578	0.0000034
all	1323	5	886578	0.0000056
all	1324	3	886578	0.0000034
all	1325	4	886578	0.0000045
all	1326	2	886578	0.0000023
all	1327	4	886578	0.0000045
all	1328	1	886578	0.0000011
all	1329	5	886578	0.0000056
all	1330	3	886578	0.0000034
all	1331	5	886578	0.0000056
all	1332	3	886578	0.0000034
all	1333	5	886578	0.0000056
all	1334	3	886578	0.0000034
all	1335	6	886578	0.0000068
all	1336	2	886578	0.0000023
all	1337	3	886578	0.0000034
all	1338	4	886578	0.0000045
all	1339	6	886578	0.0000068
all	1340	4	886578	0.0000045
all	1341	4	886578	0.0000045
all	1342	1	886578	0.0000011
all	1343	3	886578	0.0000034
all	1344	4	886578	0.0000045
all	1345	5	886578	0.0000056
all	1346	6	886578	0.0000068
all	1347	3	886578	0.0000034
all	1348	2	886578	0.0000023
all	1349	1	886578	0.0000011
all	1350	5	886578	0.0000056
all	1351	4	886578	0.0000045
all	1352	7	886578	0.0000079
all	1353	2	886578	0.0000023
all	1354	4	886578	0.0000045
all	1355	3	886578	0.0000034
all	1356	4	886578	0.0000045
all	1357	2	886578	0.0000023
all	1359	3	886578	0.0000034
all	1360	3	886578	0.0000034
all	1361	3	886578	0.0000034
all	1362	2	886578	0.0000023
all	1364	4	886578	0.0000045
all	1365	3	886578	0.0000034
all	1366	1	886578	0.0000011
all	1367	5	886578	0.0000056
all	1368	4	886578	0.0000045
all	1369	1	886578	0.0000011
all	1370	3	886578	0.0000034
all	1371	2	886578	0.0000023
all	1372	3	886578	0.0000034
all	1373	1	886578	0.0000011
all	1374	3	886578	0.0000034
all	1375	2	886578	0.0000023
all	1376	5	886578	0.0000056
all	1377	2	886578	0.0000023
all	1378	1	886578	0.0000011
all	1379	6	886578	0.0000068
all	1380	2	886578	0.0000023
all	1381	6	886578	0.0000068
all	1382	3	886578	0.0000034
all	1383	1	886578	0.0000011
all	1384	3	886578	0.0000034
all	1385	1	886578	0.0000011
all	1386	3	886578	0.0000034
all	1387	2	886578	0.0000023
all	1388	4	886578	0.0000045
all	1389	2	886578	0.0000023
all	1390	3	886578	0.0000034
all	1391	5	886578	0.0000056
all	1392	3	886578	0.0000034
all	1393	5	886578	0.0000056
all	1394	4	886578	0.0000045
all	1395	3	886578	0.0000034
all	1396	2	886578	0.0000023
all	1397	5	886578	0.0000056
all	1398	2	886578	0.0000023
all	1399	11	886578	0.0000124
all	1400	6	886578	0.0000068
all	1401	2	886578	0.0000023
all	1402	4	886578	0.0000045
all	1403	5	886578	0.0000056
all	1404	4	886578	0.0000045
all	1405	2	886578	0.0000023
all	1406	5	886578	0.0000056
all	1407	3	886578	0.0000034
all	1408	1	886578	0.0000011
all	1409	2	886578	0.0000023
all	1410	5	886578	0.0000056
all	1411	2	886578	0.0000023
all	1412	5	886578	0.0000056
all	1414	4	886578	0.0000045
all	1415	4	886578	0.0000045
all	1416	1	886578	0.0000011
all	1417	3	886578	0.0000034
all	1418	3	886578	0.0000034
all	1419	3	886578	0.0000034
all	1420	1	886578	0.0000011
all	1421	8	886578	0.0000090
all	1422	3	886578	0.0000034
all	1423	8	886578	0.0000090
all	1424	9	886578	0.0000102
all	1425	5	886578	0.0000056
all	1426	5	886578	0.0000056
all	1427	8	886578	0.0000090
all	1428	2	886578	0.0000023
all	1429	5	886578	0.0000056
all	1430	8	886578	0.0000090
all	1431	2	886578	0.0000023
all	1432	3	886578	0.0000034
all	1433	5	886578	0.0000056
all	1434	2	886578	0.0000023
all	1435	5	886578	0.0000056
all	1436	6	886578	0.0000068
all	1437	5	886578	0.0000056
all	1438	3	886578	0.0000034
all	1439	4	886578	0.0000045
all	1440	5	886578	0.0000056
all	1441	3	886578	0.0000034
all	1442	4	886578	0.0000045
all	1443	3	886578	0.0000034
all	1444	2	886578	0.0000023
all	1445	3	886578	0.0000034
all	1446	5	886578	0.0000056
all	1447	5	886578	0.0000056
all	1448	4	886578	0.0000045
all	1449	5	886578	0.0000056
all	1451	2	886578	0.0000023
all	1452	4	886578	0.0000045
all	1453	4	886578	0.0000045
all	1455	2	886578	0.0000023
all	1456	1	886578	0.0000011
all	1457	4	886578	0.0000045
all	1458	1	886578	0.0000011
all	1459	4	886578	0.0000045
all	1460	1	886578	0.0000011
all	1461	3	886578	0.0000034
all	1462	3	886578	0.0000034
all	1463	3	886578	0.0000034
all	1464	6	886578	0.0000068
all	1465	4	886578	0.0000045
all	1466	2	886578	0.0000023
all	1467	3	886578	0.0000034
all	1468	4	886578	0.0000045
all	1469	2	886578	0.0000023
all	1470	2	886578	0.0000023
all	1471	3	886578	0.0000034
all	1472	3	886578	0.0000034
all	1473	3	886578	0.0000034
all	1474	4	886578	0.0000045
all	1475	5	886578	0.0000056
all	1476	5	886578	0.0000056
all	1477	1	886578	0.0000011
all	1478	2	886578	0.0000023
all	1479	8	886578	0.0000090
all	1480	3	886578	0.0000034
all	1481	7	886578	0.0000079
all	1482	2	886578	0.0000023
all	1483	4	886578	0.0000045
all	1484	6	886578	0.0000068
all	1485	3	886578	0.0000034
all	1486	2	886578	0.0000023
all	1487	2	886578	0.0000023
all	1488	4	886578	0.0000045
all	1489	5	886578	0.0000056
all	1490	2	886578	0.0000023
all	1491	6	886578	0.0000068
all	1492	2	886578	0.0000023
all	1493	2	886578	0.0000023
all	1494	3	886578	0.0000034
all	1495	1	886578	0.0000011
all	1496	1	886578	0.0000011
all	1497	3	886578	0.0000034
all	1498	4	886578	0.0000045
all	1499	5	886578	0.0000056
all	1500	4	886578	0.0000045
all	1501	3	886578	0.0000034
all	1502	2	886578	0.0000023
all	1503	4	886578	0.0000045
all	1504	3	886578	0.0000034
all	1505	4	886578	0.0000045
all	1506	3	886578	0.0000034
all	1507	4	886578	0.0000045
all	1508	5	886578	0.0000056
all	1509	7	886578	0.0000079
all	1510	4	886578	0.0000045
all	1511	3	886578	0.0000034
all	1512	6	886578	0.0000068
all	1513	6	886578	0.0000068
all	1514	10	886578	0.0000113
all	1515	1	886578	0.0000011
all	1516	4	886578	0.0000045
all	1517	6	886578	0.0000068
all	1518	4	886578	0.0000045
all	1519	7	886578	0.0000079
all	1520	5	886578	0.0000056
all	1521	6	886578	0.0000068
all	1522	3	886578	0.0000034
all	1523	2	886578	0.0000023
all	1524	7	886578	0.0000079
all	1525	4	886578	0.0000045
all	1526	8	886578	0.0000090
all	1527	4	886578	0.0000045
all	1528	4	886578	0.0000045
all	1529	3	886578	0.0000034
all	1530	9	886578	0.0000102
all	1531	10	886578	0.0000113
all	1532	7	886578	0.0000079
all	1533	4	886578	0.0000045
all	1534	7	886578	0.0000079
all	1535	2	886578	0.0000023
all	1536	4	886578	0.0000045
all	1537	3	886578	0.0000034
all	1538	3	886578	0.0000034
all	1539	3	886578	0.0000034
all	1540	3	886578	0.0000034
all	1541	4	886578	0.0000045
all	1542	2	886578	0.0000023
all	1543	5	886578	0.0000056
all	1544	3	886578	0.0000034
all	1545	6	886578	0.0000068
all	1546	2	886578	0.0000023
all	1547	3	886578	0.0000034
all	1548	3	886578	0.0000034
all	1549	3	886578	0.0000034
all	1550	8	886578	0.0000090
all	1551	5	886578	0.0000056
all	1552	6	886578	0.0000068
all	1553	4	886578	0.0000045
all	1554	4	886578	0.0000045
all	1555	3	886578	0.0000034
all	1556	7	886578	0.0000079
all	1557	1	886578	0.0000011
all	1558	2	886578	0.0000023
all	1559	3	886578	0.0000034
all	1560	3	886578	0.0000034
all	1561	3	886578	0.0000034
all	1562	3	886578	0.0000034
all	1563	7	886578	0.0000079
all	1564	7	886578	0.0000079
all	1565	7	886578	0.0000079
all	1566	5	886578	0.0000056
all	1567	3	886578	0.0000034
all	1568	4	886578	0.0000045
all	1569	4	886578	0.0000045
all	1570	7	886578	0.0000079
all	1571	5	886578	0.0000056
all	1572	3	886578	0.0000034
all	1573	2	886578	0.0000023
all	1574	1	886578	0.0000011
all	1575	5	886578	0.0000056
all	1576	10	886578	0.0000113
all	1577	5	886578	0.0000056
all	1578	2	886578	0.0000023
all	1579	5	886578	0.0000056
all	1580	10	886578	0.0000113
all	1581	11	886578	0.0000124
all	1582	5	886578	0.0000056
all	1583	11	886578	0.0000124
all	1584	7	886578	0.0000079
all	1585	10	886578	0.0000113
all	1586	9	886578	0.0000102
all	1587	4	886578	0.0000045
all	1588	8	886578	0.0000090
all	1589	1	886578	0.0000011
all	1590	4	886578	0.0000045
all	1591	4	886578	0.0000045
all	1592	5	886578	0.0000056
all	1593	3	886578	0.0000034
all	1594	5	886578	0.0000056
all	1595	6	886578	0.0000068
all	1596	7	886578	0.0000079
all	1597	3	886578	0.0000034
all	1598	5	886578	0.0000056
all	1599	1	886578	0.0000011
all	1600	2	886578	0.0000023
all	1601	5	886578	0.0000056
all	1602	1	886578	0.0000011
all	1603	2	886578	0.0000023
all	1604	2	886578	0.0000023
all	1605	5	886578	0.0000056
all	1606	4	886578	0.0000045
all	1607	2	886578	0.0000023
all	1608	4	886578	0.0000045
all	1609	5	886578	0.0000056
all	1610	2	886578	0.0000023
all	1611	5	886578	0.0000056
all	1612	3	886578	0.0000034
all	1614	1	886578	0.0000011
all	1615	6	886578	0.0000068
all	1616	2	886578	0.0000023
all	1617	3	886578	0.0000034
all	1618	3	886578	0.0000034
all	1619	5	886578	0.0000056
all	1620	2	886578	0.0000023
all	1621	4	886578	0.0000045
all	1622	3	886578	0.0000034
all	1623	5	886578	0.0000056
all	1624	2	886578	0.0000023
all	1625	3	886578	0.0000034
all	1626	3	886578	0.0000034
all	1627	4	886578	0.0000045
all	1628	4	886578	0.0000045
all	1629	3	886578	0.0000034
all	1630	2	886578	0.0000023
all	1631	2	886578	0.0000023
all	1632	6	886578	0.0000068
all	1633	6	886578	0.0000068
all	1634	3	886578	0.0000034
all	1635	4	886578	0.0000045
all	1636	4	886578	0.0000045
all	1637	3	886578	0.0000034
all	1638	5	886578	0.0000056
all	1639	6	886578	0.0000068
all	1640	6	886578	0.0000068
all	1641	5	886578	0.0000056
all	1642	7	886578	0.0000079
all	1643	8	886578	0.0000090
all	1644	4	886578	0.0000045
all	1645	2	886578	0.0000023
all	1646	8	886578	0.0000090
all	1647	6	886578	0.0000068
all	1648	8	886578	0.0000090
all	1649	7	886578	0.0000079
all	1650	6	886578	0.0000068
all	1651	3	886578	0.0000034
all	1652	3	886578	0.0000034
all	1653	4	886578	0.0000045
all	1654	5	886578	0.0000056
all	1655	2	886578	0.0000023
all	1656	4	886578	0.0000045
all	1657	9	886578	0.0000102
all	1658	3	886578	0.0000034
all	1659	1	886578	0.0000011
all	1660	6	886578	0.0000068
all	1662	1	886578	0.0000011
all	1663	7	886578	0.0000079
all	1664	2	886578	0.0000023
all	1665	4	886578	0.0000045
all	1666	3	886578	0.0000034
all	1667	2	886578	0.0000023
all	1668	1	886578	0.0000011
all	1669	5	886578	0.0000056
all	1670	2	886578	0.0000023
all	1671	4	886578	0.0000045
all	1672	4	886578	0.0000045
all	1673	1	886578	0.0000011
all	1674	3	886578	0.0000034
all	1675	4	886578	0.0000045
all	1676	5	886578	0.0000056
all	1677	4	886578	0.0000045
all	1678	1	886578	0.0000011
all	1679	6	886578	0.0000068
all	1680	2	886578	0.0000023
all	1681	1	886578	0.0000011
all	1682	3	886578	0.0000034
all	1683	2	886578	0.0000023
all	1684	2	886578	0.0000023
all	1685	3	886578	0.0000034
all	1686	5	886578	0.0000056
all	1687	4	886578	0.0000045
all	1688	5	886578	0.0000056
all	1689	4	886578	0.0000045
all	1690	4	886578	0.0000045
all	1691	2	886578	0.0000023
all	1692	5	886578	0.0000056
all	1693	2	886578	0.0000023
all	1694	2	886578	0.0000023
all	1695	5	886578	0.0000056
all	1696	6	886578	0.0000068
all	1697	2	886578	0.0000023
all	1698	2	886578	0.0000023
all	1699	1	886578	0.0000011
all	1700	1	886578	0.0000011
all	1701	3	886578	0.0000034
all	1702	1	886578	0.0000011
all	1703	6	886578	0.0000068
all	1704	4	886578	0.0000045
all	1705	3	886578	0.0000034
all	1706	1	886578	0.0000011
all	1707	6	886578	0.0000068
all	1708	4	886578	0.0000045
all	1709	2	886578	0.0000023
all	1710	6	886578	0.0000068
all	1711	5	886578	0.0000056
all	1712	2	886578	0.0000023
all	1713	7	886578	0.0000079
all	1714	2	886578	0.0000023
all	1715	6	886578	0.0000068
all	1716	4	886578	0.0000045
all	1717	2	886578	0.0000023
all	1718	4	886578	0.0000045
all	1719	5	886578	0.0000056
all	1720	6	886578	0.0000068
all	1721	3	886578	0.0000034
all	1722	1	886578	0.0000011
all	1723	4	886578	0.0000045
all	1724	7	886578	0.0000079
all	1725	3	886578	0.0000034
all	1726	1	886578	0.0000011
all	1727	3	886578	0.0000034
all	1728	5	886578	0.0000056
all	1729	4	886578	0.0000045
all	1730	4	886578	0.0000045
all	1731	1	886578	0.0000011
all	1732	6	886578	0.0000068
all	1733	7	886578	0.0000079
all	1734	5	886578	0.0000056
all	1735	2	886578	0.0000023
all	1736	2	886578	0.0000023
all	1737	1	886578	0.0000011
all	1738	3	886578	0.0000034
all	1739	2	886578	0.0000023
all	1740	1	886578	0.0000011
all	1741	4	886578	0.0000045
all	1742	7	886578	0.0000079
all	1743	5	886578	0.0000056
all	1744	5	886578	0.0000056
all	1745	3	886578	0.0000034
all	1746	2	886578	0.0000023
all	1747	8	886578	0.0000090
all	1748	3	886578	0.0000034
all	1749	9	886578	0.0000102
all	1750	7	886578	0.0000079
all	1751	4	886578	0.0000045
all	1752	1	886578	0.0000011
all	1753	2	886578	0.0000023
all	1754	5	886578	0.0000056
all	1755	4	886578	0.0000045
all	1756	6	886578	0.0000068
all	1757	1	886578	0.0000011
all	1758	4	886578	0.0000045
all	1759	1	886578	0.0000011
all	1760	2	886578	0.0000023
all	1761	1	886578	0.0000011
all	1762	1	886578	0.0000011
all	1763	2	886578	0.0000023
all	1764	1	886578	0.0000011
all	1765	4	886578	0.0000045
all	1766	2	886578	0.0000023
all	1767	3	886578	0.0000034
all	1768	2	886578	0.0000023
all	1769	3	886578	0.0000034
all	1770	1	886578	0.0000011
all	1771	4	886578	0.0000045
all	1772	4	886578	0.0000045
all	1773	3	886578	0.0000034
all	1774	3	886578	0.0000034
all	1775	5	886578	0.0000056
all	1776	5	886578	0.0000056
all	1777	3	886578	0.0000034
all	1778	2	886578	0.0000023
all	1779	2	886578	0.0000023
all	1780	2	886578	0.0000023
all	1781	1	886578	0.0000011
all	1783	4	886578	0.0000045
all	1784	3	886578	0.0000034
all	1785	4	886578	0.0000045
all	1786	6	886578	0.0000068
all	1787	5	886578	0.0000056
all	1788	1	886578	0.0000011
all	1789	3	886578	0.0000034
all	1790	2	886578	0.0000023
all	1791	3	886578	0.0000034
all	1793	2	886578	0.0000023
all	1794	2	886578	0.0000023
all	1795	2	886578	0.0000023
all	1796	1	886578	0.0000011
all	1797	5	886578	0.0000056
all	1799	3	886578	0.0000034
all	1800	3	886578	0.0000034
all	1801	3	886578	0.0000034
all	1802	1	886578	0.0000011
all	1803	3	886578	0.0000034
all	1804	2	886578	0.0000023
all	1805	2	886578	0.0000023
all	1806	1	886578	0.0000011
all	1807	4	886578	0.0000045
all	1808	1	886578	0.0000011
all	1809	4	886578	0.0000045
all	1810	3	886578	0.0000034
all	1811	2	886578	0.0000023
all	1812	3	886578	0.0000034
all	1813	3	886578	0.0000034
all	1814	1	886578	0.0000011
all	1815	3	886578	0.0000034
all	1816	6	886578	0.0000068
all	1817	5	886578	0.0000056
all	1818	3	886578	0.0000034
all	1820	3	886578	0.0000034
all	1821	2	886578	0.0000023
all	1822	3	886578	0.0000034
all	1823	6	886578	0.0000068
all	1824	4	886578	0.0000045
all	1825	3	886578	0.0000034
all	1826	4	886578	0.0000045
all	1827	2	886578	0.0000023
all	1828	3	886578	0.0000034
all	1829	3	886578	0.0000034
all	1830	3	886578	0.0000034
all	1831	6	886578	0.0000068
all	1832	1	886578	0.0000011
all	1833	2	886578	0.0000023
all	1834	3	886578	0.0000034
all	1835	4	886578	0.0000045
all	1836	3	886578	0.0000034
all	1837	2	886578	0.0000023
all	1838	5	886578	0.0000056
all	1839	3	886578	0.0000034
all	1840	4	886578	0.0000045
all	1841	3	886578	0.0000034
all	1842	5	886578	0.0000056
all	1843	1	886578	0.0000011
all	1844	4	886578	0.0000045
all	1845	7	886578	0.0000079
all	1846	3	886578	0.0000034
all	1847	3	886578	0.0000034
all	1848	3	886578	0.0000034
all	1849	2	886578	0.0000023
all	1850	4	886578	0.0000045
all	1851	2	886578	0.0000023
all	1852	3	886578	0.0000034
all	1853	4	886578	0.0000045
all	1854	1	886578	0.0000011
all	1855	2	886578	0.0000023
all	1856	3	886578	0.0000034
all	1857	4	886578	0.0000045
all	1858	2	886578	0.0000023
all	1859	5	886578	0.0000056
all	1860	3	886578	0.0000034
all	1861	1	886578	0.0000011
all	1862	5	886578	0.0000056
all	1863	2	886578	0.0000023
all	1864	2	886578	0.0000023
all	1865	1	886578	0.0000011
all	1866	2	886578	0.0000023
all	1867	3	886578	0.0000034
all	1868	2	886578	0.0000023
all	1869	5	886578	0.0000056
all	1870	1	886578	0.0000011
all	1871	3	886578	0.0000034
all	1872	3	886578	0.0000034
all	1873	1	886578	0.0000011
all	1874	2	886578	0.0000023
all	1875	3	886578	0.0000034
all	1876	4	886578	0.0000045
all	1877	7	886578	0.0000079
all	1878	1	886578	0.0000011
all	1879	5	886578	0.0000056
all	1880	4	886578	0.0000045
all	1881	2	886578	0.0000023
all	1882	3	886578	0.0000034
all	1883	2	886578	0.0000023
all	1884	3	886578	0.0000034
all	1885	2	886578	0.0000023
all	1886	7	886578	0.0000079
all	1887	2	886578	0.0000023
all	1888	3	886578	0.0000034
all	1889	1	886578	0.0000011
all	1890	2	886578	0.0000023
all	1891	1	886578	0.0000011
all	1892	2	886578	0.0000023
all	1893	2	886578	0.0000023
all	1894	6	886578	0.0000068
all	1895	6	886578	0.0000068
all	1896	1	886578	0.0000011
all	1897	1	886578	0.0000011
all	1898	2	886578	0.0000023
all	1899	2	886578	0.0000023
all	1900	1	886578	0.0000011
all	1901	4	886578	0.0000045
all	1902	2	886578	0.0000023
all	1903	3	886578	0.0000034
all	1904	3	886578	0.0000034
all	1905	2	886578	0.0000023
all	1906	2	886578	0.0000023
all	1907	3	886578	0.0000034
all	1908	4	886578	0.0000045
all	1909	3	886578	0.0000034
all	1910	2	886578	0.0000023
all	1911	2	886578	0.0000023
all	1912	5	886578	0.0000056
all	1913	1	886578	0.0000011
all	1914	3	886578	0.0000034
all	1915	1	886578	0.0000011
all	1916	4	886578	0.0000045
all	1917	5	886578	0.0000056
all	1918	3	886578	0.0000034
all	1919	3	886578	0.0000034
all	1920	3	886578	0.0000034
all	1922	3	886578	0.0000034
all	1923	1	886578	0.0000011
all	1924	7	886578	0.0000079
all	1925	3	886578	0.0000034
all	1926	1	886578	0.0000011
all	1927	6	886578	0.0000068
all	1928	2	886578	0.0000023
all	1929	1	886578	0.0000011
all	1930	4	886578	0.0000045
all	1931	2	886578	0.0000023
all	1932	10	886578	0.0000113
all	1934	7	886578	0.0000079
all	1935	3	886578	0.0000034
all	1936	1	886578	0.0000011
all	1937	3	886578	0.0000034
all	1938	8	886578	0.0000090
all	1939	2	886578	0.0000023
all	1940	2	886578	0.0000023
all	1941	2	886578	0.0000023
all	1942	4	886578	0.0000045
all	1943	2	886578	0.0000023
all	1944	1	886578	0.0000011
all	1945	1	886578	0.0000011
all	1946	3	886578	0.0000034
all	1947	1	886578	0.0000011
all	1948	5	886578	0.0000056
all	1949	3	886578	0.0000034
all	1950	1	886578	0.0000011
all	1951	7	886578	0.0000079
all	1952	5	886578	0.0000056
all	1953	4	886578	0.0000045
all	1954	2	886578	0.0000023
all	1955	3	886578	0.0000034
all	1956	2	886578	0.0000023
all	1957	2	886578	0.0000023
all	1958	2	886578	0.0000023
all	1959	1	886578	0.0000011
all	1960	2	886578	0.0000023
all	1961	3	886578	0.0000034
all	1962	7	886578	0.0000079
all	1963	3	886578	0.0000034
all	1964	2	886578	0.0000023
all	1965	2	886578	0.0000023
all	1966	2	886578	0.0000023
all	1967	2	886578	0.0000023
all	1968	3	886578	0.0000034
all	1969	2	886578	0.0000023
all	1970	6	886578	0.0000068
all	1971	3	886578	0.0000034
all	1972	5	886578	0.0000056
all	1973	3	886578	0.0000034
all	1974	2	886578	0.0000023
all	1975	3	886578	0.0000034
all	1976	4	886578	0.0000045
all	1978	3	886578	0.0000034
all	1979	2	886578	0.0000023
all	1980	5	886578	0.0000056
all	1981	4	886578	0.0000045
all	1982	3	886578	0.0000034
all	1983	3	886578	0.0000034
all	1984	6	886578	0.0000068
all	1985	3	886578	0.0000034
all	1986	1	886578	0.0000011
all	1987	3	886578	0.0000034
all	1988	4	886578	0.0000045
all	1989	3	886578	0.0000034
all	1990	3	886578	0.0000034
all	1991	3	886578	0.0000034
all	1992	1	886578	0.0000011
all	1993	3	886578	0.0000034
all	1994	3	886578	0.0000034
all	1995	1	886578	0.0000011
all	1997	3	886578	0.0000034
all	1998	3	886578	0.0000034
all	1999	1	886578	0.0000011
all	2000	3	886578	0.0000034
all	2001	1	886578	0.0000011
all	2002	3	886578	0.0000034
all	2003	5	886578	0.0000056
all	2004	5	886578	0.0000056
all	2005	6	886578	0.0000068
all	2006	1	886578	0.0000011
all	2007	3	886578	0.0000034
all	2008	5	886578	0.0000056
all	2009	4	886578	0.0000045
all	2010	3	886578	0.0000034
all	2011	5	886578	0.0000056
all	2012	5	886578	0.0000056
all	2013	7	886578	0.0000079
all	2014	3	886578	0.0000034
all	2015	4	886578	0.0000045
all	2016	4	886578	0.0000045
all	2017	6	886578	0.0000068
all	2018	3	886578	0.0000034
all	2019	6	886578	0.0000068
all	2020	4	886578	0.0000045
all	2021	5	886578	0.0000056
all	2022	5	886578	0.0000056
all	2023	9	886578	0.0000102
all	2024	2	886578	0.0000023
all	2025	2	886578	0.0000023
all	2026	3	886578	0.0000034
all	2027	6	886578	0.0000068
all	2028	1	886578	0.0000011
all	2029	3	886578	0.0000034
all	2030	3	886578	0.0000034
all	2031	2	886578	0.0000023
all	2032	4	886578	0.0000045
all	2033	5	886578	0.0000056
all	2034	5	886578	0.0000056
all	2035	1	886578	0.0000011
all	2036	6	886578	0.0000068
all	2037	6	886578	0.0000068
all	2038	4	886578	0.0000045
all	2039	4	886578	0.0000045
all	2041	1	886578	0.0000011
all	2042	2	886578	0.0000023
all	2043	3	886578	0.0000034
all	2044	5	886578	0.0000056
all	2045	2	886578	0.0000023
all	2046	3	886578	0.0000034
all	2047	2	886578	0.0000023
all	2048	6	886578	0.0000068
all	2049	5	886578	0.0000056
all	2050	3	886578	0.0000034
all	2051	3	886578	0.0000034
all	2052	2	886578	0.0000023
all	2053	4	886578	0.0000045
all	2054	6	886578	0.0000068
all	2055	4	886578	0.0000045
all	2056	2	886578	0.0000023
all	2057	3	886578	0.0000034
all	2058	4	886578	0.0000045
all	2059	4	886578	0.0000045
all	2060	1	886578	0.0000011
all	2061	4	886578	0.0000045
all	2062	4	886578	0.0000045
all	2063	3	886578	0.0000034
all	2064	6	886578	0.0000068
all	2065	3	886578	0.0000034
all	2066	2	886578	0.0000023
all	2067	2	886578	0.0000023
all	2068	5	886578	0.0000056
all	2069	2	886578	0.0000023
all	2070	5	886578	0.0000056
all	2071	4	886578	0.0000045
all	2072	4	886578	0.0000045
all	2073	2	886578	0.0000023
all	2074	12	886578	0.0000135
all	2075	5	886578	0.0000056
all	2076	9	886578	0.0000102
all	2077	13	886578	0.0000147
all	2078	6	886578	0.0000068
all	2079	9	886578	0.0000102
all	2080	4	886578	0.0000045
all	2081	2	886578	0.0000023
all	2082	3	886578	0.0000034
all	2083	3	886578	0.0000034
all	2084	5	886578	0.0000056
all	2085	5	886578	0.0000056
all	2086	1	886578	0.0000011
all	2087	2	886578	0.0000023
all	2088	4	886578	0.0000045
all	2089	3	886578	0.0000034
all	2090	3	886578	0.0000034
all	2091	5	886578	0.0000056
all	2092	4	886578	0.0000045
all	2093	4	886578	0.0000045
all	2094	5	886578	0.0000056
all	2095	3	886578	0.0000034
all	2096	1	886578	0.0000011
all	2097	4	886578	0.0000045
all	2098	5	886578	0.0000056
all	2099	3	886578	0.0000034
all	2100	4	886578	0.0000045
all	2101	5	886578	0.0000056
all	2102	6	886578	0.0000068
all	2103	1	886578	0.0000011
all	2104	5	886578	0.0000056
all	2105	4	886578	0.0000045
all	2106	4	886578	0.0000045
all	2107	7	886578	0.0000079
all	2108	5	886578	0.0000056
all	2109	4	886578	0.0000045
all	2110	3	886578	0.0000034
all	2112	5	886578	0.0000056
all	2113	4	886578	0.0000045
all	2114	6	886578	0.0000068
all	2115	9	886578	0.0000102
all	2116	5	886578	0.0000056
all	2117	4	886578	0.0000045
all	2118	6	886578	0.0000068
all	2119	6	886578	0.0000068
all	2120	4	886578	0.0000045
all	2121	8	886578	0.0000090
all	2122	7	886578	0.0000079
all	2123	5	886578	0.0000056
all	2124	8	886578	0.0000090
all	2125	4	886578	0.0000045
all	2126	3	886578	0.0000034
all	2127	5	886578	0.0000056
all	2128	7	886578	0.0000079
all	2129	3	886578	0.0000034
all	2130	2	886578	0.0000023
all	2131	8	886578	0.0000090
all	2132	1	886578	0.0000011
all	2133	7	886578	0.0000079
all	2134	2	886578	0.0000023
all	2135	6	886578	0.0000068
all	2136	5	886578	0.0000056
all	2137	6	886578	0.0000068
all	2138	4	886578	0.0000045
all	2139	3	886578	0.0000034
all	2140	2	886578	0.0000023
all	2141	6	886578	0.0000068
all	2142	4	886578	0.0000045
all	2143	8	886578	0.0000090
all	2144	6	886578	0.0000068
all	2145	4	886578	0.0000045
all	2146	3	886578	0.0000034
all	2147	3	886578	0.0000034
all	2148	3	886578	0.0000034
all	2149	3	886578	0.0000034
all	2150	2	886578	0.0000023
all	2151	5	886578	0.0000056
all	2152	1	886578	0.0000011
all	2153	1	886578	0.0000011
all	2154	2	886578	0.0000023
all	2155	4	886578	0.0000045
all	2156	5	886578	0.0000056
all	2158	3	886578	0.0000034
all	2159	1	886578	0.0000011
all	2160	2	886578	0.0000023
all	2161	3	886578	0.0000034
all	2162	2	886578	0.0000023
all	2163	4	886578	0.0000045
all	2164	6	886578	0.0000068
all	2166	2	886578	0.0000023
all	2168	2	886578	0.0000023
all	2169	3	886578	0.0000034
all	2170	3	886578	0.0000034
all	2171	2	886578	0.0000023
all	2172	4	886578	0.0000045
all	2173	3	886578	0.0000034
all	2175	1	886578	0.0000011
all	2176	1	886578	0.0000011
all	2177	2	886578	0.0000023
all	2178	1	886578	0.0000011
all	2179	5	886578	0.0000056
all	2180	2	886578	0.0000023
all	2181	1	886578	0.0000011
all	2182	1	886578	0.0000011
all	2183	3	886578	0.0000034
all	2184	2	886578	0.0000023
all	2185	2	886578	0.0000023
all	2186	4	886578	0.0000045
all	2187	1	886578	0.0000011
all	2188	3	886578	0.0000034
all	2189	1	886578	0.0000011
all	2190	2	886578	0.0000023
all	2192	3	886578	0.0000034
all	2193	1	886578	0.0000011
all	2194	2	886578	0.0000023
all	2195	1	886578	0.0000011
all	2196	3	886578	0.0000034
all	2197	3	886578	0.0000034
all	2198	5	886578	0.0000056
all	2199	2	886578	0.0000023
all	2200	2	886578	0.0000023
all	2201	3	886578	0.0000034
all	2202	3	886578	0.0000034
all	2203	3	886578	0.0000034
all	2204	3	886578	0.0000034
all	2205	2	886578	0.0000023
all	2206	4	886578	0.0000045
all	2207	8	886578	0.0000090
all	2208	3	886578	0.0000034
all	2209	2	886578	0.0000023
all	2210	2	886578	0.0000023
all	2211	2	886578	0.0000023
all	2212	12	886578	0.0000135
all	2213	9	886578	0.0000102
all	2214	11	886578	0.0000124
all	2215	6	886578	0.0000068
all	2216	4	886578	0.0000045
all	2217	1	886578	0.0000011
all	2218	2	886578	0.0000023
all	2219	2	886578	0.0000023
all	2221	2	886578	0.0000023
all	2222	5	886578	0.0000056
all	2223	2	886578	0.0000023
all	2224	5	886578	0.0000056
all	2225	2	886578	0.0000023
all	2227	2	886578	0.0000023
all	2228	2	886578	0.0000023
all	2229	3	886578	0.0000034
all	2230	1	886578	0.0000011
all	2231	1	886578	0.0000011
all	2233	1	886578	0.0000011
all	2234	3	886578	0.0000034
all	2235	4	886578	0.0000045
all	2236	3	886578	0.0000034
all	2237	1	886578	0.0000011
all	2238	3	886578	0.0000034
all	2239	2	886578	0.0000023
all	2240	1	886578	0.0000011
all	2241	1	886578	0.0000011
all	2242	5	886578	0.0000056
all	2243	3	886578	0.0000034
all	2244	1	886578	0.0000011
all	2245	4	886578	0.0000045
all	2246	6	886578	0.0000068
all	2247	4	886578	0.0000045
all	2249	4	886578	0.0000045
all	2250	4	886578	0.0000045
all	2251	1	886578	0.0000011
all	2252	3	886578	0.0000034
all	2253	1	886578	0.0000011
all	2254	2	886578	0.0000023
all	2255	3	886578	0.0000034
all	2256	1	886578	0.0000011
all	2257	3	886578	0.0000034
all	2258	2	886578	0.0000023
all	2259	8	886578	0.0000090
all	2260	1	886578	0.0000011
all	2261	1	886578	0.0000011
all	2263	3	886578	0.0000034
all	2264	1	886578	0.0000011
all	2265	1	886578	0.0000011
all	2266	2	886578	0.0000023
all	2267	1	886578	0.0000011
all	2268	3	886578	0.0000034
all	2269	6	886578	0.0000068
all	2270	3	886578	0.0000034
all	2271	1	886578	0.0000011
all	2272	5	886578	0.0000056
all	2273	2	886578	0.0000023
all	2274	2	886578	0.0000023
all	2275	2	886578	0.0000023
all	2276	1	886578	0.0000011
all	2277	2	886578	0.0000023
all	2278	6	886578	0.0000068
all	2279	1	886578	0.0000011
all	2281	4	886578	0.0000045
all	2282	2	886578	0.0000023
all	2283	3	886578	0.0000034
all	2284	2	886578	0.0000023
all	2285	4	886578	0.0000045
all	2286	2	886578	0.0000023
all	2287	3	886578	0.0000034
all	2288	1	886578	0.0000011
all	2289	4	886578	0.0000045
all	2290	2	886578	0.0000023
all	2291	3	886578	0.0000034
all	2292	4	886578	0.0000045
all	2293	4	886578	0.0000045
all	2294	3	886578	0.0000034
all	2295	5	886578	0.0000056
all	2296	6	886578	0.0000068
all	2298	1	886578	0.0000011
all	2299	5	886578	0.0000056
all	2300	2	886578	0.0000023
all	2301	1	886578	0.0000011
all	2302	1	886578	0.0000011
all	2303	5	886578	0.0000056
all	2304	4	886578	0.0000045
all	2306	1	886578	0.0000011
all	2307	5	886578	0.0000056
all	2308	2	886578	0.0000023
all	2309	1	886578	0.0000011
all	2310	4	886578	0.0000045
all	2311	4	886578	0.0000045
all	2312	3	886578	0.0000034
all	2313	5	886578	0.0000056
all	2314	2	886578	0.0000023
all	2315	1	886578	0.0000011
all	2316	5	886578	0.0000056
all	2317	1	886578	0.0000011
all	2318	3	886578	0.0000034
all	2319	1	886578	0.0000011
all	2320	2	886578	0.0000023
all	2321	5	886578	0.0000056
all	2322	3	886578	0.0000034
all	2323	3	886578	0.0000034
all	2324	2	886578	0.0000023
all	2325	6	886578	0.0000068
all	2326	4	886578	0.0000045
all	2327	3	886578	0.0000034
all	2329	1	886578	0.0000011
all	2330	3	886578	0.0000034
all	2331	3	886578	0.0000034
all	2332	4	886578	0.0000045
all	2333	1	886578	0.0000011
all	2334	4	886578	0.0000045
all	2335	5	886578	0.0000056
all	2338	2	886578	0.0000023
all	2339	1	886578	0.0000011
all	2340	1	886578	0.0000011
all	2342	3	886578	0.0000034
all	2343	1	886578	0.0000011
all	2344	4	886578	0.0000045
all	2345	1	886578	0.0000011
all	2346	2	886578	0.0000023
all	2347	3	886578	0.0000034
all	2348	1	886578	0.0000011
all	2349	3	886578	0.0000034
all	2351	2	886578	0.0000023
all	2352	3	886578	0.0000034
all	2353	2	886578	0.0000023
all	2354	4	886578	0.0000045
all	2355	3	886578	0.0000034
all	2356	1	886578	0.0000011
all	2357	4	886578	0.0000045
all	2358	3	886578	0.0000034
all	2359	3	886578	0.0000034
all	2360	2	886578	0.0000023
all	2361	1	886578	0.0000011
all	2362	4	886578	0.0000045
all	2363	1	886578	0.0000011
all	2364	6	886578	0.0000068
all	2367	2	886578	0.0000023
all	2369	3	886578	0.0000034
all	2370	2	886578	0.0000023
all	2372	3	886578	0.0000034
all	2373	1	886578	0.0000011
all	2374	1	886578	0.0000011
all	2375	2	886578	0.0000023
all	2376	4	886578	0.0000045
all	2377	1	886578	0.0000011
all	2378	3	886578	0.0000034
all	2379	1	886578	0.0000011
all	2380	1	886578	0.0000011
all	2381	3	886578	0.0000034
all	2382	3	886578	0.0000034
all	2383	1	886578	0.0000011
all	2384	4	886578	0.0000045
all	2385	1	886578	0.0000011
all	2386	2	886578	0.0000023
all	2387	4	886578	0.0000045
all	2388	3	886578	0.0000034
all	2391	2	886578	0.0000023
all	2392	3	886578	0.0000034
all	2393	3	886578	0.0000034
all	2394	1	886578	0.0000011
all	2395	1	886578	0.0000011
all	2396	2	886578	0.0000023
all	2397	2	886578	0.0000023
all	2398	3	886578	0.0000034
all	2399	1	886578	0.0000011
all	2400	3	886578	0.0000034
all	2402	4	886578	0.0000045
all	2403	1	886578	0.0000011
all	2404	1	886578	0.0000011
all	2405	1	886578	0.0000011
all	2407	1	886578	0.0000011
all	2408	3	886578	0.0000034
all	2409	1	886578	0.0000011
all	2410	2	886578	0.0000023
all	2411	5	886578	0.0000056
all	2412	5	886578	0.0000056
all	2413	3	886578	0.0000034
all	2414	3	886578	0.0000034
all	2415	2	886578	0.0000023
all	2416	5	886578	0.0000056
all	2417	2	886578	0.0000023
all	2419	2	886578	0.0000023
all	2420	1	886578	0.0000011
all	2421	2	886578	0.0000023
all	2422	4	886578	0.0000045
all	2423	3	886578	0.0000034
all	2424	4	886578	0.0000045
all	2425	1	886578	0.0000011
all	2426	2	886578	0.0000023
all	2427	2	886578	0.0000023
all	2428	1	886578	0.0000011
all	2429	3	886578	0.0000034
all	2430	3	886578	0.0000034
all	2431	3	886578	0.0000034
all	2432	4	886578	0.0000045
all	2433	5	886578	0.0000056
all	2434	2	886578	0.0000023
all	2435	4	886578	0.0000045
all	2436	2	886578	0.0000023
all	2437	2	886578	0.0000023
all	2438	5	886578	0.0000056
all	2439	4	886578	0.0000045
all	2440	1	886578	0.0000011
all	2441	1	886578	0.0000011
all	2442	5	886578	0.0000056
all	2443	3	886578	0.0000034
all	2444	1	886578	0.0000011
all	2445	4	886578	0.0000045
all	2446	6	886578	0.0000068
all	2447	4	886578	0.0000045
all	2448	2	886578	0.0000023
all	2449	2	886578	0.0000023
all	2450	3	886578	0.0000034
all	2451	7	886578	0.0000079
all	2452	2	886578	0.0000023
all	2453	7	886578	0.0000079
all	2454	3	886578	0.0000034
all	2455	7	886578	0.0000079
all	2456	2	886578	0.0000023
all	2457	5	886578	0.0000056
all	2458	6	886578	0.0000068
all	2460	2	886578	0.0000023
all	2461	2	886578	0.0000023
all	2462	2	886578	0.0000023
all	2463	2	886578	0.0000023
all	2464	1	886578	0.0000011
all	2465	3	886578	0.0000034
all	2466	1	886578	0.0000011
all	2467	3	886578	0.0000034
all	2468	2	886578	0.0000023
all	2469	2	886578	0.0000023
all	2470	1	886578	0.0000011
all	2471	3	886578	0.0000034
all	2472	4	886578	0.0000045
all	2473	5	886578	0.0000056
all	2474	1	886578	0.0000011
all	2475	2	886578	0.0000023
all	2476	2	886578	0.0000023
all	2477	6	886578	0.0000068
all	2478	2	886578	0.0000023
all	2479	2	886578	0.0000023
all	2480	3	886578	0.0000034
all	2481	2	886578	0.0000023
all	2482	3	886578	0.0000034
all	2483	2	886578	0.0000023
all	2484	6	886578	0.0000068
all	2486	8	886578	0.0000090
all	2487	7	886578	0.0000079
all	2488	1	886578	0.0000011
all	2489	1	886578	0.0000011
all	2490	2	886578	0.0000023
all	2491	4	886578	0.0000045
all	2492	3	886578	0.0000034
all	2493	6	886578	0.0000068
all	2495	4	886578	0.0000045
all	2496	8	886578	0.0000090
all	2498	5	886578	0.0000056
all	2499	7	886578	0.0000079
all	2500	5	886578	0.0000056
all	2501	2	886578	0.0000023
all	2502	4	886578	0.0000045
all	2503	2	886578	0.0000023
all	2506	2	886578	0.0000023
all	2507	4	886578	0.0000045
all	2508	3	886578	0.0000034
all	2509	2	886578	0.0000023
all	2510	1	886578	0.0000011
all	2511	3	886578	0.0000034
all	2512	1	886578	0.0000011
all	2513	2	886578	0.0000023
all	2514	3	886578	0.0000034
all	2515	5	886578	0.0000056
all	2516	5	886578	0.0000056
all	2517	2	886578	0.0000023
all	2518	6	886578	0.0000068
all	2519	2	886578	0.0000023
all	2520	1	886578	0.0000011
all	2521	2	886578	0.0000023
all	2522	5	886578	0.0000056
all	2523	5	886578	0.0000056
all	2524	1	886578	0.0000011
all	2525	4	886578	0.0000045
all	2526	1	886578	0.0000011
all	2527	3	886578	0.0000034
all	2528	2	886578	0.0000023
all	2529	1	886578	0.0000011
all	2531	2	886578	0.0000023
all	2532	5	886578	0.0000056
all	2533	3	886578	0.0000034
all	2534	1	886578	0.0000011
all	2536	5	886578	0.0000056
all	2537	1	886578	0.0000011
all	2538	9	886578	0.0000102
all	2539	1	886578	0.0000011
all	2540	5	886578	0.0000056
all	2541	1	886578	0.0000011
all	2542	6	886578	0.0000068
all	2543	1	886578	0.0000011
all	2544	3	886578	0.0000034
all	2545	2	886578	0.0000023
all	2546	3	886578	0.0000034
all	2547	2	886578	0.0000023
all	2548	1	886578	0.0000011
all	2549	6	886578	0.0000068
all	2550	1	886578	0.0000011
all	2551	2	886578	0.0000023
all	2552	1	886578	0.0000011
all	2553	4	886578	0.0000045
all	2554	1	886578	0.0000011
all	2555	5	886578	0.0000056
all	2556	2	886578	0.0000023
all	2557	1	886578	0.0000011
all	2558	3	886578	0.0000034
all	2559	1	886578	0.0000011
all	2560	2	886578	0.0000023
all	2561	1	886578	0.0000011
all	2562	2	886578	0.0000023
all	2563	2	886578	0.0000023
all	2564	1	886578	0.0000011
all	2565	2	886578	0.0000023
all	2567	2	886578	0.0000023
all	2568	1	886578	0.0000011
all	2571	3	886578	0.0000034
all	2573	3	886578	0.0000034
all	2575	3	886578	0.0000034
all	2576	3	886578	0.0000034
all	2577	2	886578	0.0000023
all	2578	2	886578	0.0000023
all	2579	2	886578	0.0000023
all	2580	2	886578	0.0000023
all	2581	3	886578	0.0000034
all	2582	1	886578	0.0000011
all	2584	1	886578	0.0000011
all	2585	4	886578	0.0000045
all	2586	1	886578	0.0000011
all	2587	3	886578	0.0000034
all	2588	2	886578	0.0000023
all	2589	3	886578	0.0000034
all	2592	1	886578	0.0000011
all	2593	1	886578	0.0000011
all	2594	2	886578	0.0000023
all	2595	2	886578	0.0000023
all	2596	2	886578	0.0000023
all	2597	3	886578	0.0000034
all	2598	1	886578	0.0000011
all	2599	2	886578	0.0000023
all	2600	1	886578	0.0000011
all	2601	1	886578	0.0000011
all	2602	1	886578	0.0000011
all	2603	2	886578	0.0000023
all	2605	3	886578	0.0000034
all	2606	4	886578	0.0000045
all	2607	2	886578	0.0000023
all	2608	3	886578	0.0000034
all	2609	2	886578	0.0000023
all	2610	3	886578	0.0000034
all	2611	1	886578	0.0000011
all	2612	1	886578	0.0000011
all	2613	2	886578	0.0000023
all	2614	2	886578	0.0000023
all	2615	5	886578	0.0000056
all	2616	2	886578	0.0000023
all	2617	1	886578	0.0000011
all	2619	2	886578	0.0000023
all	2620	2	886578	0.0000023
all	2621	1	886578	0.0000011
all	2622	3	886578	0.0000034
all	2623	2	886578	0.0000023
all	2624	1	886578	0.0000011
all	2625	3	886578	0.0000034
all	2626	2	886578	0.0000023
all	2627	3	886578	0.0000034
all	2628	7	886578	0.0000079
all	2629	2	886578	0.0000023
all	2630	2	886578	0.0000023
all	2631	2	886578	0.0000023
all	2632	1	886578	0.0000011
all	2633	1	886578	0.0000011
all	2634	4	886578	0.0000045
all	2636	3	886578	0.0000034
all	2637	1	886578	0.0000011
all	2639	4	886578	0.0000045
all	2641	4	886578	0.0000045
all	2642	6	886578	0.0000068
all	2643	1	886578	0.0000011
all	2644	1	886578	0.0000011
all	2646	2	886578	0.0000023
all	2647	2	886578	0.0000023
all	2648	3	886578	0.0000034
all	2649	3	886578	0.0000034
all	2650	4	886578	0.0000045
all	2651	2	886578	0.0000023
all	2652	1	886578	0.0000011
all	2653	1	886578	0.0000011
all	2654	3	886578	0.0000034
all	2656	1	886578	0.0000011
all	2657	1	886578	0.0000011
all	2658	5	886578	0.0000056
all	2659	1	886578	0.0000011
all	2660	2	886578	0.0000023
all	2661	2	886578	0.0000023
all	2662	2	886578	0.0000023
all	2663	2	886578	0.0000023
all	2664	1	886578	0.0000011
all	2665	1	886578	0.0000011
all	2667	1	886578	0.0000011
all	2668	8	886578	0.0000090
all	2669	1	886578	0.0000011
all	2670	2	886578	0.0000023
all	2671	2	886578	0.0000023
all	2672	6	886578	0.0000068
all	2673	4	886578	0.0000045
all	2674	4	886578	0.0000045
all	2675	4	886578	0.0000045
all	2676	7	886578	0.0000079
all	2677	8	886578	0.0000090
all	2678	6	886578	0.0000068
all	2679	6	886578	0.0000068
all	2680	1	886578	0.0000011
all	2681	4	886578	0.0000045
all	2682	4	886578	0.0000045
all	2683	4	886578	0.0000045
all	2688	1	886578	0.0000011
all	2689	2	886578	0.0000023
all	2690	1	886578	0.0000011
all	2691	1	886578	0.0000011
all	2693	3	886578	0.0000034
all	2695	3	886578	0.0000034
all	2696	3	886578	0.0000034
all	2697	2	886578	0.0000023
all	2698	5	886578	0.0000056
all	2700	2	886578	0.0000023
all	2701	4	886578	0.0000045
all	2702	1	886578	0.0000011
all	2703	2	886578	0.0000023
all	2704	2	886578	0.0000023
all	2705	1	886578	0.0000011
all	2706	1	886578	0.0000011
all	2707	3	886578	0.0000034
all	2708	3	886578	0.0000034
all	2709	1	886578	0.0000011
all	2710	2	886578	0.0000023
all	2712	1	886578	0.0000011
all	2713	1	886578	0.0000011
all	2714	1	886578	0.0000011
all	2715	1	886578	0.0000011
all	2716	4	886578	0.0000045
all	2718	1	886578	0.0000011
all	2719	1	886578	0.0000011
all	2720	1	886578	0.0000011
all	2722	2	886578	0.0000023
all	2723	1	886578	0.0000011
all	2724	1	886578	0.0000011
all	2725	2	886578	0.0000023
all	2728	2	886578	0.0000023
all	2729	1	886578	0.0000011
all	2730	2	886578	0.0000023
all	2731	5	886578	0.0000056
all	2732	1	886578	0.0000011
all	2733	1	886578	0.0000011
all	2734	3	886578	0.0000034
all	2735	3	886578	0.0000034
all	2736	1	886578	0.0000011
all	2737	1	886578	0.0000011
all	2738	2	886578	0.0000023
all	2739	2	886578	0.0000023
all	2740	4	886578	0.0000045
all	2741	1	886578	0.0000011
all	2742	8	886578	0.0000090
all	2743	3	886578	0.0000034
all	2744	4	886578	0.0000045
all	2745	3	886578	0.0000034
all	2746	3	886578	0.0000034
all	2747	3	886578	0.0000034
all	2748	2	886578	0.0000023
all	2749	2	886578	0.0000023
all	2750	1	886578	0.0000011
all	2751	1	886578	0.0000011
all	2752	2	886578	0.0000023
all	2753	2	886578	0.0000023
all	2754	3	886578	0.0000034
all	2755	7	886578	0.0000079
all	2756	4	886578	0.0000045
all	2757	3	886578	0.0000034
all	2758	3	886578	0.0000034
all	2759	4	886578	0.0000045
all	2760	1	886578	0.0000011
all	2761	3	886578	0.0000034
all	2762	1	886578	0.0000011
all	2763	2	886578	0.0000023
all	2764	2	886578	0.0000023
all	2765	2	886578	0.0000023
all	2766	2	886578	0.0000023
all	2767	5	886578	0.0000056
all	2769	4	886578	0.0000045
all	2770	2	886578	0.0000023
all	2771	7	886578	0.0000079
all	2772	3	886578	0.0000034
all	2774	4	886578	0.0000045
all	2775	1	886578	0.0000011
all	2776	4	886578	0.0000045
all	2778	1	886578	0.0000011
all	2779	2	886578	0.0000023
all	2780	6	886578	0.0000068
all	2781	3	886578	0.0000034
all	2782	4	886578	0.0000045
all	2783	4	886578	0.0000045
all	2784	5	886578	0.0000056
all	2785	1	886578	0.0000011
all	2787	1	886578	0.0000011
all	2788	2	886578	0.0000023
all	2789	3	886578	0.0000034
all	2790	1	886578	0.0000011
all	2791	5	886578	0.0000056
all	2792	1	886578	0.0000011
all	2793	1	886578	0.0000011
all	2794	2	886578	0.0000023
all	2795	1	886578	0.0000011
all	2796	3	886578	0.0000034
all	2797	7	886578	0.0000079
all	2798	5	886578	0.0000056
all	2799	3	886578	0.0000034
all	2800	2	886578	0.0000023
all	2801	3	886578	0.0000034
all	2802	2	886578	0.0000023
all	2803	1	886578	0.0000011
all	2804	4	886578	0.0000045
all	2805	2	886578	0.0000023
all	2806	3	886578	0.0000034
all	2807	1	886578	0.0000011
all	2808	4	886578	0.0000045
all	2809	1	886578	0.0000011
all	2810	2	886578	0.0000023
all	2811	2	886578	0.0000023
all	2812	5	886578	0.0000056
all	2813	1	886578	0.0000011
all	2814	1	886578	0.0000011
all	2815	2	886578	0.0000023
all	2816	1	886578	0.0000011
all	2817	1	886578	0.0000011
all	2818	2	886578	0.0000023
all	2819	1	886578	0.0000011
all	2820	3	886578	0.0000034
all	2822	1	886578	0.0000011
all	2823	1	886578	0.0000011
all	2824	2	886578	0.0000023
all	2825	1	886578	0.0000011
all	2826	3	886578	0.0000034
all	2827	3	886578	0.0000034
all	2828	1	886578	0.0000011
all	2829	1	886578	0.0000011
all	2830	1	886578	0.0000011
all	2831	3	886578	0.0000034
all	2832	2	886578	0.0000023
all	2834	3	886578	0.0000034
all	2835	3	886578	0.0000034
all	2836	1	886578	0.0000011
all	2837	4	886578	0.0000045
all	2838	4	886578	0.0000045
all	2839	1	886578	0.0000011
all	2840	2	886578	0.0000023
all	2842	1	886578	0.0000011
all	2843	1	886578	0.0000011
all	2844	1	886578	0.0000011
all	2845	3	886578	0.0000034
all	2846	4	886578	0.0000045
all	2849	2	886578	0.0000023
all	2850	3	886578	0.0000034
all	2851	3	886578	0.0000034
all	2852	1	886578	0.0000011
all	2853	2	886578	0.0000023
all	2854	3	886578	0.0000034
all	2855	3	886578	0.0000034
all	2856	1	886578	0.0000011
all	2857	2	886578	0.0000023
all	2858	2	886578	0.0000023
all	2859	3	886578	0.0000034
all	2860	1	886578	0.0000011
all	2861	3	886578	0.0000034
all	2862	2	886578	0.0000023
all	2863	2	886578	0.0000023
all	2865	2	886578	0.0000023
all	2866	1	886578	0.0000011
all	2867	3	886578	0.0000034
all	2869	3	886578	0.0000034
all	2870	4	886578	0.0000045
all	2871	3	886578	0.0000034
all	2872	3	886578	0.0000034
all	2873	2	886578	0.0000023
all	2874	1	886578	0.0000011
all	2875	3	886578	0.0000034
all	2876	1	886578	0.0000011
all	2877	4	886578	0.0000045
all	2878	4	886578	0.0000045
all	2879	1	886578	0.0000011
all	2880	1	886578	0.0000011
all	2881	2	886578	0.0000023
all	2882	2	886578	0.0000023
all	2883	2	886578	0.0000023
all	2884	1	886578	0.0000011
all	2885	4	886578	0.0000045
all	2886	3	886578	0.0000034
all	2887	1	886578	0.0000011
all	2888	1	886578	0.0000011
all	2889	4	886578	0.0000045
all	2890	3	886578	0.0000034
all	2891	1	886578	0.0000011
all	2892	1	886578	0.0000011
all	2893	4	886578	0.0000045
all	2894	2	886578	0.0000023
all	2895	3	886578	0.0000034
all	2896	1	886578	0.0000011
all	2897	3	886578	0.0000034
all	2898	1	886578	0.0000011
all	2899	3	886578	0.0000034
all	2900	3	886578	0.0000034
all	2901	4	886578	0.0000045
all	2902	4	886578	0.0000045
all	2903	1	886578	0.0000011
all	2904	2	886578	0.0000023
all	2905	4	886578	0.0000045
all	2906	4	886578	0.0000045
all	2907	3	886578	0.0000034
all	2908	4	886578	0.0000045
all	2909	2	886578	0.0000023
all	2910	4	886578	0.0000045
all	2911	1	886578	0.0000011
all	2912	2	886578	0.0000023
all	2913	1	886578	0.0000011
all	2914	5	886578	0.0000056
all	2915	3	886578	0.0000034
all	2916	1	886578	0.0000011
all	2917	3	886578	0.0000034
all	2918	1	886578	0.0000011
all	2919	2	886578	0.0000023
all	2921	2	886578	0.0000023
all	2922	2	886578	0.0000023
all	2923	1	886578	0.0000011
all	2924	2	886578	0.0000023
all	2926	1	886578	0.0000011
all	2927	2	886578	0.0000023
all	2928	2	886578	0.0000023
all	2929	2	886578	0.0000023
all	2930	2	886578	0.0000023
all	2931	4	886578	0.0000045
all	2933	4	886578	0.0000045
all	2934	5	886578	0.0000056
all	2935	1	886578	0.0000011
all	2936	1	886578	0.0000011
all	2937	2	886578	0.0000023
all	2939	1	886578	0.0000011
all	2940	2	886578	0.0000023
all	2941	1	886578	0.0000011
all	2943	3	886578	0.0000034
all	2944	3	886578	0.0000034
all	2945	1	886578	0.0000011
all	2946	1	886578	0.0000011
all	2947	4	886578	0.0000045
all	2948	4	886578	0.0000045
all	2949	6	886578	0.0000068
all	2950	4	886578	0.0000045
all	2951	4	886578	0.0000045
all	2952	1	886578	0.0000011
all	2953	2	886578	0.0000023
all	2954	2	886578	0.0000023
all	2955	1	886578	0.0000011
all	2956	2	886578	0.0000023
all	2957	2	886578	0.0000023
all	2958	1	886578	0.0000011
all	2960	2	886578	0.0000023
all	2961	4	886578	0.0000045
all	2964	1	886578	0.0000011
all	2965	2	886578	0.0000023
all	2966	2	886578	0.0000023
all	2967	1	886578	0.0000011
all	2970	2	886578	0.0000023
all	2971	2	886578	0.0000023
all	2973	2	886578	0.0000023
all	2974	3	886578	0.0000034
all	2975	1	886578	0.0000011
all	2976	1	886578	0.0000011
all	2977	3	886578	0.0000034
all	2978	1	886578	0.0000011
all	2980	2	886578	0.0000023
all	2981	3	886578	0.0000034
all	2983	1	886578	0.0000011
all	2984	1	886578	0.0000011
all	2985	1	886578	0.0000011
all	2987	2	886578	0.0000023
all	2988	1	886578	0.0000011
all	2989	2	886578	0.0000023
all	2991	4	886578	0.0000045
all	2992	1	886578	0.0000011
all	2993	2	886578	0.0000023
all	2994	1	886578	0.0000011
all	2995	2	886578	0.0000023
all	2996	3	886578	0.0000034
all	2997	1	886578	0.0000011
all	2999	3	886578	0.0000034
all	3000	2	886578	0.0000023
all	3004	2	886578	0.0000023
all	3005	2	886578	0.0000023
all	3006	3	886578	0.0000034
all	3007	3	886578	0.0000034
all	3008	1	886578	0.0000011
all	3010	1	886578	0.0000011
all	3011	2	886578	0.0000023
all	3012	4	886578	0.0000045
all	3014	1	886578	0.0000011
all	3016	1	886578	0.0000011
all	3017	1	886578	0.0000011
all	3018	4	886578	0.0000045
all	3023	1	886578	0.0000011
all	3024	1	886578	0.0000011
all	3025	5	886578	0.0000056
all	3026	1	886578	0.0000011
all	3028	1	886578	0.0000011
all	3029	2	886578	0.0000023
all	3030	1	886578	0.0000011
all	3031	3	886578	0.0000034
all	3032	1	886578	0.0000011
all	3034	3	886578	0.0000034
all	3035	1	886578	0.0000011
all	3036	1	886578	0.0000011
all	3038	4	886578	0.0000045
all	3039	1	886578	0.0000011
all	3040	2	886578	0.0000023
all	3045	3	886578	0.0000034
all	3047	1	886578	0.0000011
all	3048	2	886578	0.0000023
all	3050	1	886578	0.0000011
all	3051	1	886578	0.0000011
all	3052	1	886578	0.0000011
all	3055	1	886578	0.0000011
all	3057	1	886578	0.0000011
all	3059	1	886578	0.0000011
all	3060	2	886578	0.0000023
all	3061	1	886578	0.0000011
all	3062	3	886578	0.0000034
all	3063	1	886578	0.0000011
all	3064	2	886578	0.0000023
all	3065	3	886578	0.0000034
all	3066	2	886578	0.0000023
all	3067	1	886578	0.0000011
all	3068	1	886578	0.0000011
all	3070	2	886578	0.0000023
all	3072	1	886578	0.0000011
all	3076	2	886578	0.0000023
all	3077	1	886578	0.0000011
all	3078	1	886578	0.0000011
all	3080	1	886578	0.0000011
all	3081	1	886578	0.0000011
all	3084	1	886578	0.0000011
all	3085	3	886578	0.0000034
all	3086	1	886578	0.0000011
all	3087	1	886578	0.0000011
all	3088	2	886578	0.0000023
all	3089	1	886578	0.0000011
all	3090	1	886578	0.0000011
all	3092	1	886578	0.0000011
all	3095	1	886578	0.0000011
all	3096	3	886578	0.0000034
all	3100	1	886578	0.0000011
all	3101	1	886578	0.0000011
all	3104	1	886578	0.0000011
all	3105	2	886578	0.0000023
all	3107	2	886578	0.0000023
all	3108	1	886578	0.0000011
all	3109	1	886578	0.0000011
all	3110	1	886578	0.0000011
all	3111	1	886578	0.0000011
all	3112	3	886578	0.0000034
all	3113	1	886578	0.0000011
all	3114	3	886578	0.0000034
all	3115	1	886578	0.0000011
all	3116	1	886578	0.0000011
all	3117	1	886578	0.0000011
all	3118	3	886578	0.0000034
all	3119	1	886578	0.0000011
all	3120	1	886578	0.0000011
all	3121	2	886578	0.0000023
all	3122	2	886578	0.0000023
all	3123	1	886578	0.0000011
all	3124	3	886578	0.0000034
all	3126	2	886578	0.0000023
all	3128	2	886578	0.0000023
all	3130	2	886578	0.0000023
all	3131	1	886578	0.0000011
all	3133	3	886578	0.0000034
all	3134	1	886578	0.0000011
all	3135	2	886578	0.0000023
all	3136	1	886578	0.0000011
all	3137	1	886578	0.0000011
all	3138	1	886578	0.0000011
all	3139	1	886578	0.0000011
all	3141	1	886578	0.0000011
all	3142	1	886578	0.0000011
all	3144	2	886578	0.0000023
all	3145	5	886578	0.0000056
all	3146	3	886578	0.0000034
all	3148	2	886578	0.0000023
all	3149	1	886578	0.0000011
all	3150	1	886578	0.0000011
all	3151	2	886578	0.0000023
all	3152	4	886578	0.0000045
all	3154	3	886578	0.0000034
all	3155	5	886578	0.0000056
all	3156	2	886578	0.0000023
all	3157	1	886578	0.0000011
all	3158	1	886578	0.0000011
all	3160	4	886578	0.0000045
all	3161	1	886578	0.0000011
all	3162	1	886578	0.0000011
all	3164	2	886578	0.0000023
all	3166	1	886578	0.0000011
all	3167	2	886578	0.0000023
all	3168	2	886578	0.0000023
all	3169	2	886578	0.0000023
all	3170	1	886578	0.0000011
all	3171	1	886578	0.0000011
all	3172	1	886578	0.0000011
all	3173	1	886578	0.0000011
all	3174	1	886578	0.0000011
all	3175	1	886578	0.0000011
all	3176	1	886578	0.0000011
all	3177	1	886578	0.0000011
all	3178	1	886578	0.0000011
all	3182	2	886578	0.0000023
all	3184	1	886578	0.0000011
all	3186	2	886578	0.0000023
all	3187	4	886578	0.0000045
all	3192	1	886578	0.0000011
all	3194	2	886578	0.0000023
all	3196	1	886578	0.0000011
all	3197	2	886578	0.0000023
all	3198	4	886578	0.0000045
all	3199	3	886578	0.0000034
all	3200	2	886578	0.0000023
all	3203	2	886578	0.0000023
all	3206	2	886578	0.0000023
all	3207	2	886578	0.0000023
all	3208	3	886578	0.0000034
all	3210	2	886578	0.0000023
all	3211	3	886578	0.0000034
all	3212	3	886578	0.0000034
all	3213	2	886578	0.0000023
all	3214	2	886578	0.0000023
all	3216	3	886578	0.0000034
all	3217	1	886578	0.0000011
all	3218	1	886578	0.0000011
all	3220	2	886578	0.0000023
all	3221	1	886578	0.0000011
all	3222	1	886578	0.0000011
all	3223	1	886578	0.0000011
all	3224	2	886578	0.0000023
all	3229	2	886578	0.0000023
all	3230	1	886578	0.0000011
all	3231	2	886578	0.0000023
all	3232	1	886578	0.0000011
all	3233	1	886578	0.0000011
all	3235	1	886578	0.0000011
all	3236	1	886578	0.0000011
all	3237	2	886578	0.0000023
all	3238	2	886578	0.0000023
all	3239	1	886578	0.0000011
all	3240	1	886578	0.0000011
all	3242	1	886578	0.0000011
all	3243	1	886578	0.0000011
all	3244	4	886578	0.0000045
all	3245	1	886578	0.0000011
all	3247	1	886578	0.0000011
all	3248	1	886578	0.0000011
all	3249	3	886578	0.0000034
all	3250	3	886578	0.0000034
all	3251	2	886578	0.0000023
all	3252	2	886578	0.0000023
all	3253	2	886578	0.0000023
all	3254	1	886578	0.0000011
all	3255	3	886578	0.0000034
all	3256	1	886578	0.0000011
all	3257	4	886578	0.0000045
all	3258	1	886578	0.0000011
all	3259	1	886578	0.0000011
all	3260	1	886578	0.0000011
all	3261	3	886578	0.0000034
all	3262	1	886578	0.0000011
all	3263	1	886578	0.0000011
all	3265	1	886578	0.0000011
all	3266	2	886578	0.0000023
all	3267	1	886578	0.0000011
all	3268	2	886578	0.0000023
all	3270	1	886578	0.0000011
all	3271	1	886578	0.0000011
all	3272	5	886578	0.0000056
all	3274	1	886578	0.0000011
all	3277	1	886578	0.0000011
all	3278	1	886578	0.0000011
all	3279	3	886578	0.0000034
all	3280	1	886578	0.0000011
all	3281	1	886578	0.0000011
all	3282	2	886578	0.0000023
all	3283	2	886578	0.0000023
all	3284	1	886578	0.0000011
all	3285	1	886578	0.0000011
all	3286	1	886578	0.0000011
all	3288	2	886578	0.0000023
all	3289	1	886578	0.0000011
all	3291	6	886578	0.0000068
all	3292	2	886578	0.0000023
all	3293	3	886578	0.0000034
all	3295	1	886578	0.0000011
all	3297	2	886578	0.0000023
all	3298	3	886578	0.0000034
all	3299	1	886578	0.0000011
all	3300	1	886578	0.0000011
all	3301	2	886578	0.0000023
all	3303	1	886578	0.0000011
all	3304	2	886578	0.0000023
all	3306	1	886578	0.0000011
all	3308	1	886578	0.0000011
all	3309	1	886578	0.0000011
all	3311	1	886578	0.0000011
all	3316	1	886578	0.0000011
all	3318	2	886578	0.0000023
all	3319	1	886578	0.0000011
all	3320	1	886578	0.0000011
all	3322	1	886578	0.0000011
all	3323	2	886578	0.0000023
all	3324	1	886578	0.0000011
all	3325	1	886578	0.0000011
all	3326	2	886578	0.0000023
all	3327	4	886578	0.0000045
all	3328	2	886578	0.0000023
all	3329	3	886578	0.0000034
all	3331	2	886578	0.0000023
all	3335	3	886578	0.0000034
all	3336	1	886578	0.0000011
all	3339	1	886578	0.0000011
all	3340	1	886578	0.0000011
all	3341	2	886578	0.0000023
all	3342	3	886578	0.0000034
all	3344	1	886578	0.0000011
all	3345	3	886578	0.0000034
all	3346	2	886578	0.0000023
all	3347	2	886578	0.0000023
all	3349	2	886578	0.0000023
all	3351	1	886578	0.0000011
all	3352	1	886578	0.0000011
all	3353	1	886578	0.0000011
all	3355	1	886578	0.0000011
all	3357	1	886578	0.0000011
all	3358	2	886578	0.0000023
all	3360	1	886578	0.0000011
all	3362	3	886578	0.0000034
all	3365	3	886578	0.0000034
all	3366	1	886578	0.0000011
all	3368	2	886578	0.0000023
all	3376	1	886578	0.0000011
all	3378	1	886578	0.0000011
all	3380	2	886578	0.0000023
all	3381	2	886578	0.0000023
all	3382	1	886578	0.0000011
all	3386	2	886578	0.0000023
all	3389	1	886578	0.0000011
all	3391	2	886578	0.0000023
all	3392	1	886578	0.0000011
all	3393	1	886578	0.0000011
all	3394	1	886578	0.0000011
all	3395	1	886578	0.0000011
all	3397	1	886578	0.0000011
all	3399	1	886578	0.0000011
all	3401	3	886578	0.0000034
all	3403	2	886578	0.0000023
all	3404	2	886578	0.0000023
all	3405	2	886578	0.0000023
all	3408	1	886578	0.0000011
all	3410	1	886578	0.0000011
all	3412	1	886578	0.0000011
all	3413	2	886578	0.0000023
all	3414	2	886578	0.0000023
all	3415	1	886578	0.0000011
all	3416	1	886578	0.0000011
all	3417	1	886578	0.0000011
all	3418	1	886578	0.0000011
all	3419	2	886578	0.0000023
all	3421	2	886578	0.0000023
all	3422	1	886578	0.0000011
all	3424	1	886578	0.0000011
all	3425	2	886578	0.0000023
all	3426	1	886578	0.0000011
all	3427	1	886578	0.0000011
all	3428	2	886578	0.0000023
all	3430	1	886578	0.0000011
all	3431	2	886578	0.0000023
all	3432	1	886578	0.0000011
all	3433	3	886578	0.0000034
all	3435	1	886578	0.0000011
all	3436	2	886578	0.0000023
all	3438	1	886578	0.0000011
all	3439	1	886578	0.0000011
all	3440	1	886578	0.0000011
all	3441	2	886578	0.0000023
all	3442	1	886578	0.0000011
all	3443	1	886578	0.0000011
all	3444	4	886578	0.0000045
all	3447	1	886578	0.0000011
all	3448	3	886578	0.0000034
all	3449	4	886578	0.0000045
all	3450	2	886578	0.0000023
all	3451	3	886578	0.0000034
all	3452	2	886578	0.0000023
all	3453	3	886578	0.0000034
all	3454	2	886578	0.0000023
all	3455	2	886578	0.0000023
all	3456	1	886578	0.0000011
all	3457	1	886578	0.0000011
all	3458	1	886578	0.0000011
all	3459	1	886578	0.0000011
all	3460	1	886578	0.0000011
all	3461	2	886578	0.0000023
all	3462	2	886578	0.0000023
all	3463	1	886578	0.0000011
all	3464	1	886578	0.0000011
all	3465	2	886578	0.0000023
all	3466	1	886578	0.0000011
all	3468	1	886578	0.0000011
all	3469	2	886578	0.0000023
all	3470	2	886578	0.0000023
all	3472	1	886578	0.0000011
all	3473	1	886578	0.0000011
all	3474	1	886578	0.0000011
all	3475	1	886578	0.0000011
all	3476	2	886578	0.0000023
all	3478	1	886578	0.0000011
all	3479	1	886578	0.0000011
all	3480	1	886578	0.0000011
all	3484	2	886578	0.0000023
all	3485	3	886578	0.0000034
all	3488	2	886578	0.0000023
all	3489	3	886578	0.0000034
all	3490	4	886578	0.0000045
all	3491	1	886578	0.0000011
all	3493	3	886578	0.0000034
all	3495	3	886578	0.0000034
all	3496	1	886578	0.0000011
all	3497	1	886578	0.0000011
all	3499	2	886578	0.0000023
all	3500	2	886578	0.0000023
all	3501	2	886578	0.0000023
all	3504	1	886578	0.0000011
all	3505	1	886578	0.0000011
all	3507	1	886578	0.0000011
all	3508	1	886578	0.0000011
all	3509	1	886578	0.0000011
all	3511	1	886578	0.0000011
all	3512	1	886578	0.0000011
all	3515	3	886578	0.0000034
all	3517	1	886578	0.0000011
all	3518	1	886578	0.0000011
all	3519	1	886578	0.0000011
all	3520	2	886578	0.0000023
all	3521	2	886578	0.0000023
all	3523	1	886578	0.0000011
all	3528	1	886578	0.0000011
all	3532	4	886578	0.0000045
all	3533	1	886578	0.0000011
all	3535	4	886578	0.0000045
all	3536	1	886578	0.0000011
all	3539	1	886578	0.0000011
all	3543	1	886578	0.0000011
all	3545	2	886578	0.0000023
all	3546	1	886578	0.0000011
all	3548	1	886578	0.0000011
all	3549	1	886578	0.0000011
all	3551	2	886578	0.0000023
all	3552	1	886578	0.0000011
all	3553	2	886578	0.0000023
all	3555	1	886578	0.0000011
all	3556	1	886578	0.0000011
all	3557	1	886578	0.0000011
all	3560	1	886578	0.0000011
all	3561	2	886578	0.0000023
all	3562	2	886578	0.0000023
all	3563	1	886578	0.0000011
all	3564	1	886578	0.0000011
all	3568	2	886578	0.0000023
all	3570	1	886578	0.0000011
all	3571	1	886578	0.0000011
all	3575	3	886578	0.0000034
all	3576	1	886578	0.0000011
all	3578	3	886578	0.0000034
all	3582	2	886578	0.0000023
all	3585	1	886578	0.0000011
all	3587	1	886578	0.0000011
all	3588	1	886578	0.0000011
all	3589	4	886578	0.0000045
all	3590	2	886578	0.0000023
all	3591	1	886578	0.0000011
all	3595	1	886578	0.0000011
all	3596	2	886578	0.0000023
all	3598	1	886578	0.0000011
all	3599	1	886578	0.0000011
all	3602	1	886578	0.0000011
all	3603	2	886578	0.0000023
all	3605	2	886578	0.0000023
all	3606	1	886578	0.0000011
all	3607	2	886578	0.0000023
all	3608	1	886578	0.0000011
all	3610	1	886578	0.0000011
all	3612	1	886578	0.0000011
all	3613	2	886578	0.0000023
all	3614	1	886578	0.0000011
all	3615	1	886578	0.0000011
all	3616	4	886578	0.0000045
all	3621	3	886578	0.0000034
all	3623	2	886578	0.0000023
all	3626	1	886578	0.0000011
all	3629	2	886578	0.0000023
all	3630	2	886578	0.0000023
all	3634	1	886578	0.0000011
all	3635	1	886578	0.0000011
all	3636	3	886578	0.0000034
all	3637	2	886578	0.0000023
all	3638	3	886578	0.0000034
all	3640	5	886578	0.0000056
all	3641	1	886578	0.0000011
all	3642	1	886578	0.0000011
all	3643	1	886578	0.0000011
all	3644	1	886578	0.0000011
all	3646	1	886578	0.0000011
all	3647	1	886578	0.0000011
all	3648	1	886578	0.0000011
all	3650	2	886578	0.0000023
all	3653	4	886578	0.0000045
all	3654	1	886578	0.0000011
all	3655	1	886578	0.0000011
all	3659	1	886578	0.0000011
all	3660	1	886578	0.0000011
all	3661	1	886578	0.0000011
all	3662	1	886578	0.0000011
all	3664	2	886578	0.0000023
all	3666	3	886578	0.0000034
all	3671	1	886578	0.0000011
all	3672	4	886578	0.0000045
all	3675	1	886578	0.0000011
all	3676	4	886578	0.0000045
all	3677	2	886578	0.0000023
all	3679	2	886578	0.0000023
all	3680	2	886578	0.0000023
all	3681	1	886578	0.0000011
all	3682	2	886578	0.0000023
all	3683	1	886578	0.0000011
all	3684	2	886578	0.0000023
all	3685	2	886578	0.0000023
all	3686	1	886578	0.0000011
all	3687	4	886578	0.0000045
all	3688	2	886578	0.0000023
all	3689	1	886578	0.0000011
all	3690	2	886578	0.0000023
all	3691	3	886578	0.0000034
all	3692	2	886578	0.0000023
all	3693	4	886578	0.0000045
all	3694	1	886578	0.0000011
all	3695	4	886578	0.0000045
all	3697	1	886578	0.0000011
all	3699	1	886578	0.0000011
all	3700	1	886578	0.0000011
all	3701	2	886578	0.0000023
all	3702	1	886578	0.0000011
all	3704	1	886578	0.0000011
all	3705	1	886578	0.0000011
all	3707	1	886578	0.0000011
all	3708	3	886578	0.0000034
all	3709	1	886578	0.0000011
all	3711	4	886578	0.0000045
all	3712	1	886578	0.0000011
all	3713	1	886578	0.0000011
all	3714	1	886578	0.0000011
all	3715	1	886578	0.0000011
all	3716	1	886578	0.0000011
all	3717	2	886578	0.0000023
all	3718	1	886578	0.0000011
all	3719	1	886578	0.0000011
all	3720	2	886578	0.0000023
all	3721	2	886578	0.0000023
all	3722	4	886578	0.0000045
all	3723	1	886578	0.0000011
all	3724	3	886578	0.0000034
all	3725	2	886578	0.0000023
all	3726	1	886578	0.0000011
all	3728	2	886578	0.0000023
all	3729	2	886578	0.0000023
all	3731	2	886578	0.0000023
all	3733	1	886578	0.0000011
all	3735	1	886578	0.0000011
all	3736	4	886578	0.0000045
all	3738	3	886578	0.0000034
all	3739	2	886578	0.0000023
all	3740	2	886578	0.0000023
all	3742	1	886578	0.0000011
all	3743	1	886578	0.0000011
all	3744	1	886578	0.0000011
all	3746	1	886578	0.0000011
all	3748	2	886578	0.0000023
all	3750	1	886578	0.0000011
all	3752	1	886578	0.0000011
all	3757	1	886578	0.0000011
all	3760	1	886578	0.0000011
all	3761	1	886578	0.0000011
all	3763	1	886578	0.0000011
all	3767	2	886578	0.0000023
all	3768	1	886578	0.0000011
all	3770	1	886578	0.0000011
all	3776	1	886578	0.0000011
all	3779	2	886578	0.0000023
all	3782	1	886578	0.0000011
all	3783	1	886578	0.0000011
all	3784	1	886578	0.0000011
all	3786	3	886578	0.0000034
all	3787	2	886578	0.0000023
all	3788	1	886578	0.0000011
all	3790	1	886578	0.0000011
all	3791	1	886578	0.0000011
all	3792	2	886578	0.0000023
all	3793	3	886578	0.0000034
all	3795	1	886578	0.0000011
all	3799	1	886578	0.0000011
all	3800	2	886578	0.0000023
all	3806	1	886578	0.0000011
all	3810	1	886578	0.0000011
all	3812	1	886578	0.0000011
all	3817	1	886578	0.0000011
all	3820	1	886578	0.0000011
all	3821	1	886578	0.0000011
all	3825	1	886578	0.0000011
all	3826	2	886578	0.0000023
all	3827	1	886578	0.0000011
all	3830	1	886578	0.0000011
all	3831	1	886578	0.0000011
all	3832	1	886578	0.0000011
all	3834	1	886578	0.0000011
all	3835	1	886578	0.0000011
all	3838	1	886578	0.0000011
all	3842	1	886578	0.0000011
all	3844	1	886578	0.0000011
all	3845	1	886578	0.0000011
all	3846	2	886578	0.0000023
all	3855	1	886578	0.0000011
all	3856	1	886578	0.0000011
all	3859	1	886578	0.0000011
all	3861	1	886578	0.0000011
all	3863	1	886578	0.0000011
all	3864	3	886578	0.0000034
all	3866	1	886578	0.0000011
all	3868	2	886578	0.0000023
all	3871	1	886578	0.0000011
all	3872	2	886578	0.0000023
all	3874	2	886578	0.0000023
all	3876	3	886578	0.0000034
all	3877	1	886578	0.0000011
all	3879	1	886578	0.0000011
all	3880	1	886578	0.0000011
all	3881	2	886578	0.0000023
all	3884	1	886578	0.0000011
all	3886	1	886578	0.0000011
all	3887	1	886578	0.0000011
all	3890	1	886578	0.0000011
all	3891	1	886578	0.0000011
all	3892	1	886578	0.0000011
all	3893	1	886578	0.0000011
all	3894	1	886578	0.0000011
all	3900	1	886578	0.0000011
all	3902	1	886578	0.0000011
all	3904	3	886578	0.0000034
all	3905	1	886578	0.0000011
all	3906	1	886578	0.0000011
all	3911	2	886578	0.0000023
all	3912	1	886578	0.0000011
all	3914	2	886578	0.0000023
all	3915	1	886578	0.0000011
all	3917	1	886578	0.0000011
all	3918	2	886578	0.0000023
all	3919	1	886578	0.0000011
all	3921	2	886578	0.0000023
all	3922	1	886578	0.0000011
all	3928	1	886578	0.0000011
all	3930	3	886578	0.0000034
all	3931	1	886578	0.0000011
all	3932	1	886578	0.0000011
all	3933	1	886578	0.0000011
all	3934	1	886578	0.0000011
all	3939	2	886578	0.0000023
all	3941	1	886578	0.0000011
all	3944	3	886578	0.0000034
all	3945	1	886578	0.0000011
all	3946	1	886578	0.0000011
all	3951	2	886578	0.0000023
all	3952	1	886578	0.0000011
all	3953	2	886578	0.0000023
all	3955	2	886578	0.0000023
all	3957	4	886578	0.0000045
all	3959	1	886578	0.0000011
all	3961	2	886578	0.0000023
all	3963	1	886578	0.0000011
all	3964	1	886578	0.0000011
all	3965	2	886578	0.0000023
all	3968	1	886578	0.0000011
all	3969	1	886578	0.0000011
all	3971	1	886578	0.0000011
all	3972	1	886578	0.0000011
all	3977	1	886578	0.0000011
all	3979	1	886578	0.0000011
all	3984	1	886578	0.0000011
all	3988	2	886578	0.0000023
all	3989	1	886578	0.0000011
all	3991	1	886578	0.0000011
all	3992	1	886578	0.0000011
all	3995	2	886578	0.0000023
all	3999	3	886578	0.0000034
all	4000	1	886578	0.0000011
all	4003	1	886578	0.0000011
all	4004	3	886578	0.0000034
all	4006	2	886578	0.0000023
all	4009	1	886578	0.0000011
all	4010	1	886578	0.0000011
all	4013	3	886578	0.0000034
all	4018	1	886578	0.0000011
all	4020	1	886578	0.0000011
all	4021	1	886578	0.0000011
all	4022	1	886578	0.0000011
all	4023	4	886578	0.0000045
all	4024	3	886578	0.0000034
all	4026	1	886578	0.0000011
all	4029	1	886578	0.0000011
all	4034	2	886578	0.0000023
all	4035	2	886578	0.0000023
all	4038	2	886578	0.0000023
all	4039	1	886578	0.0000011
all	4040	1	886578	0.0000011
all	4046	1	886578	0.0000011
all	4048	1	886578	0.0000011
all	4049	1	886578	0.0000011
all	4051	2	886578	0.0000023
all	4052	1	886578	0.0000011
all	4053	1	886578	0.0000011
all	4054	2	886578	0.0000023
all	4055	1	886578	0.0000011
all	4057	1	886578	0.0000011
all	4060	1	886578	0.0000011
all	4061	1	886578	0.0000011
all	4062	2	886578	0.0000023
all	4063	2	886578	0.0000023
all	4064	2	886578	0.0000023
all	4067	1	886578	0.0000011
all	4068	1	886578	0.0000011
all	4069	3	886578	0.0000034
all	4071	2	886578	0.0000023
all	4072	2	886578	0.0000023
all	4073	3	886578	0.0000034
all	4075	1	886578	0.0000011
all	4076	1	886578	0.0000011
all	4079	1	886578	0.0000011
all	4080	2	886578	0.0000023
all	4082	3	886578	0.0000034
all	4083	2	886578	0.0000023
all	4084	1	886578	0.0000011
all	4085	1	886578	0.0000011
all	4086	3	886578	0.0000034
all	4089	2	886578	0.0000023
all	4091	1	886578	0.0000011
all	4092	1	886578	0.0000011
all	4093	2	886578	0.0000023
all	4094	1	886578	0.0000011
all	4095	1	886578	0.0000011
all	4096	2	886578	0.0000023
all	4097	1	886578	0.0000011
all	4101	2	886578	0.0000023
all	4103	1	886578	0.0000011
all	4104	1	886578	0.0000011
all	4108	2	886578	0.0000023
all	4109	2	886578	0.0000023
all	4112	1	886578	0.0000011
all	4114	4	886578	0.0000045
all	4117	1	886578	0.0000011
all	4123	1	886578	0.0000011
all	4127	1	886578	0.0000011
all	4128	3	886578	0.0000034
all	4129	1	886578	0.0000011
all	4133	1	886578	0.0000011
all	4135	1	886578	0.0000011
all	4137	1	886578	0.0000011
all	4138	2	886578	0.0000023
all	4139	2	886578	0.0000023
all	4140	1	886578	0.0000011
all	4141	2	886578	0.0000023
all	4144	2	886578	0.0000023
all	4147	1	886578	0.0000011
all	4149	1	886578	0.0000011
all	4150	1	886578	0.0000011
all	4151	2	886578	0.0000023
all	4152	2	886578	0.0000023
all	4153	1	886578	0.0000011
all	4155	1	886578	0.0000011
all	4158	1	886578	0.0000011
all	4161	1	886578	0.0000011
all	4163	1	886578	0.0000011
all	4164	2	886578	0.0000023
all	4166	2	886578	0.0000023
all	4167	1	886578	0.0000011
all	4169	1	886578	0.0000011
all	4170	1	886578	0.0000011
all	4172	1	886578	0.0000011
all	4176	1	886578	0.0000011
all	4177	2	886578	0.0000023
all	4178	2	886578	0.0000023
all	4181	1	886578	0.0000011
all	4182	2	886578	0.0000023
all	4185	1	886578	0.0000011
all	4186	3	886578	0.0000034
all	4187	1	886578	0.0000011
all	4188	2	886578	0.0000023
all	4189	1	886578	0.0000011
all	4193	3	886578	0.0000034
all	4194	1	886578	0.0000011
all	4195	1	886578	0.0000011
all	4197	2	886578	0.0000023
all	4198	2	886578	0.0000023
all	4199	3	886578	0.0000034
all	4200	1	886578	0.0000011
all	4201	1	886578	0.0000011
all	4202	1	886578	0.0000011
all	4203	1	886578	0.0000011
all	4206	2	886578	0.0000023
all	4207	2	886578	0.0000023
all	4208	1	886578	0.0000011
all	4209	2	886578	0.0000023
all	4211	3	886578	0.0000034
all	4212	1	886578	0.0000011
all	4214	2	886578	0.0000023
all	4215	1	886578	0.0000011
all	4217	2	886578	0.0000023
all	4218	1	886578	0.0000011
all	4219	1	886578	0.0000011
all	4222	1	886578	0.0000011
all	4223	1	886578	0.0000011
all	4224	1	886578	0.0000011
all	4226	2	886578	0.0000023
all	4227	1	886578	0.0000011
all	4228	2	886578	0.0000023
all	4229	1	886578	0.0000011
all	4232	1	886578	0.0000011
all	4234	1	886578	0.0000011
all	4236	2	886578	0.0000023
all	4237	1	886578	0.0000011
all	4240	1	886578	0.0000011
all	4241	1	886578	0.0000011
all	4242	1	886578	0.0000011
all	4243	1	886578	0.0000011
all	4245	2	886578	0.0000023
all	4248	1	886578	0.0000011
all	4249	1	886578	0.0000011
all	4250	1	886578	0.0000011
all	4252	1	886578	0.0000011
all	4253	1	886578	0.0000011
all	4255	1	886578	0.0000011
all	4256	3	886578	0.0000034
all	4257	2	886578	0.0000023
all	4259	1	886578	0.0000011
all	4261	2	886578	0.0000023
all	4262	1	886578	0.0000011
all	4264	1	886578	0.0000011
all	4265	1	886578	0.0000011
all	4266	1	886578	0.0000011
all	4268	2	886578	0.0000023
all	4271	1	886578	0.0000011
all	4272	2	886578	0.0000023
all	4274	3	886578	0.0000034
all	4275	1	886578	0.0000011
all	4276	3	886578	0.0000034
all	4277	1	886578	0.0000011
all	4278	1	886578	0.0000011
all	4280	1	886578	0.0000011
all	4281	1	886578	0.0000011
all	4282	1	886578	0.0000011
all	4285	1	886578	0.0000011
all	4286	1	886578	0.0000011
all	4288	1	886578	0.0000011
all	4289	2	886578	0.0000023
all	4292	2	886578	0.0000023
all	4295	1	886578	0.0000011
all	4296	1	886578	0.0000011
all	4301	1	886578	0.0000011
all	4302	2	886578	0.0000023
all	4305	1	886578	0.0000011
all	4308	1	886578	0.0000011
all	4309	2	886578	0.0000023
all	4310	2	886578	0.0000023
all	4311	1	886578	0.0000011
all	4313	1	886578	0.0000011
all	4315	1	886578	0.0000011
all	4316	1	886578	0.0000011
all	4317	1	886578	0.0000011
all	4318	1	886578	0.0000011
all	4320	1	886578	0.0000011
all	4321	1	886578	0.0000011
all	4322	1	886578	0.0000011
all	4323	3	886578	0.0000034
all	4324	4	886578	0.0000045
all	4325	1	886578	0.0000011
all	4328	4	886578	0.0000045
all	4329	1	886578	0.0000011
all	4330	3	886578	0.0000034
all	4331	1	886578	0.0000011
all	4333	1	886578	0.0000011
all	4334	2	886578	0.0000023
all	4335	1	886578	0.0000011
all	4336	1	886578	0.0000011
all	4339	3	886578	0.0000034
all	4340	2	886578	0.0000023
all	4342	2	886578	0.0000023
all	4344	1	886578	0.0000011
all	4345	1	886578	0.0000011
all	4346	1	886578	0.0000011
all	4347	1	886578	0.0000011
all	4348	2	886578	0.0000023
all	4349	1	886578	0.0000011
all	4351	1	886578	0.0000011
all	4352	1	886578	0.0000011
all	4353	1	886578	0.0000011
all	4354	2	886578	0.0000023
all	4355	2	886578	0.0000023
all	4356	2	886578	0.0000023
all	4357	2	886578	0.0000023
all	4359	2	886578	0.0000023
all	4360	1	886578	0.0000011
all	4361	2	886578	0.0000023
all	4362	1	886578	0.0000011
all	4363	1	886578	0.0000011
all	4365	1	886578	0.0000011
all	4366	2	886578	0.0000023
all	4369	1	886578	0.0000011
all	4371	3	886578	0.0000034
all	4372	2	886578	0.0000023
all	4376	3	886578	0.0000034
all	4380	1	886578	0.0000011
all	4381	1	886578	0.0000011
all	4382	1	886578	0.0000011
all	4383	2	886578	0.0000023
all	4386	1	886578	0.0000011
all	4388	1	886578	0.0000011
all	4389	1	886578	0.0000011
all	4390	1	886578	0.0000011
all	4392	2	886578	0.0000023
all	4393	1	886578	0.0000011
all	4394	1	886578	0.0000011
all	4396	1	886578	0.0000011
all	4397	2	886578	0.0000023
all	4398	2	886578	0.0000023
all	4400	1	886578	0.0000011
all	4403	1	886578	0.0000011
all	4406	1	886578	0.0000011
all	4411	2	886578	0.0000023
all	4413	1	886578	0.0000011
all	4415	1	886578	0.0000011
all	4418	1	886578	0.0000011
all	4421	1	886578	0.0000011
all	4422	1	886578	0.0000011
all	4423	1	886578	0.0000011
all	4424	1	886578	0.0000011
all	4426	1	886578	0.0000011
all	4428	1	886578	0.0000011
all	4431	3	886578	0.0000034
all	4433	1	886578	0.0000011
all	4435	1	886578	0.0000011
all	4436	1	886578	0.0000011
all	4438	1	886578	0.0000011
all	4442	1	886578	0.0000011
all	4443	1	886578	0.0000011
all	4444	1	886578	0.0000011
all	4445	1	886578	0.0000011
all	4446	1	886578	0.0000011
all	4449	1	886578	0.0000011
all	4450	2	886578	0.0000023
all	4453	1	886578	0.0000011
all	4455	1	886578	0.0000011
all	4459	1	886578	0.0000011
all	4460	2	886578	0.0000023
all	4461	1	886578	0.0000011
all	4463	1	886578	0.0000011
all	4464	1	886578	0.0000011
all	4465	1	886578	0.0000011
all	4466	1	886578	0.0000011
all	4467	1	886578	0.0000011
all	4469	1	886578	0.0000011
all	4472	1	886578	0.0000011
all	4473	1	886578	0.0000011
all	4475	1	886578	0.0000011
all	4476	1	886578	0.0000011
all	4477	1	886578	0.0000011
all	4478	2	886578	0.0000023
all	4479	2	886578	0.0000023
all	4480	1	886578	0.0000011
all	4481	1	886578	0.0000011
all	4482	1	886578	0.0000011
all	4483	1	886578	0.0000011
all	4484	1	886578	0.0000011
all	4486	3	886578	0.0000034
all	4487	1	886578	0.0000011
all	4488	1	886578	0.0000011
all	4489	2	886578	0.0000023
all	4491	1	886578	0.0000011
all	4492	1	886578	0.0000011
all	4495	2	886578	0.0000023
all	4496	2	886578	0.0000023
all	4497	1	886578	0.0000011
all	4499	2	886578	0.0000023
all	4500	2	886578	0.0000023
all	4504	1	886578	0.0000011
all	4505	3	886578	0.0000034
all	4507	2	886578	0.0000023
all	4508	2	886578	0.0000023
all	4509	2	886578	0.0000023
all	4510	1	886578	0.0000011
all	4511	1	886578	0.0000011
all	4513	2	886578	0.0000023
all	4516	2	886578	0.0000023
all	4520	1	886578	0.0000011
all	4522	2	886578	0.0000023
all	4523	1	886578	0.0000011
all	4526	1	886578	0.0000011
all	4527	2	886578	0.0000023
all	4528	2	886578	0.0000023
all	4529	3	886578	0.0000034
all	4530	4	886578	0.0000045
all	4532	2	886578	0.0000023
all	4534	2	886578	0.0000023
all	4535	2	886578	0.0000023
all	4536	4	886578	0.0000045
all	4537	4	886578	0.0000045
all	4538	1	886578	0.0000011
all	4539	2	886578	0.0000023
all	4540	2	886578	0.0000023
all	4542	2	886578	0.0000023
all	4543	2	886578	0.0000023
all	4544	2	886578	0.0000023
all	4545	2	886578	0.0000023
all	4547	2	886578	0.0000023
all	4550	1	886578	0.0000011
all	4551	1	886578	0.0000011
all	4552	1	886578	0.0000011
all	4554	3	886578	0.0000034
all	4557	1	886578	0.0000011
all	4558	2	886578	0.0000023
all	4559	1	886578	0.0000011
all	4563	3	886578	0.0000034
all	4566	2	886578	0.0000023
all	4567	2	886578	0.0000023
all	4568	1	886578	0.0000011
all	4569	2	886578	0.0000023
all	4570	1	886578	0.0000011
all	4572	1	886578	0.0000011
all	4576	1	886578	0.0000011
all	4577	2	886578	0.0000023
all	4578	3	886578	0.0000034
all	4579	2	886578	0.0000023
all	4583	3	886578	0.0000034
all	4584	1	886578	0.0000011
all	4585	2	886578	0.0000023
all	4586	2	886578	0.0000023
all	4588	2	886578	0.0000023
all	4589	2	886578	0.0000023
all	4590	3	886578	0.0000034
all	4591	1	886578	0.0000011
all	4592	1	886578	0.0000011
all	4593	1	886578	0.0000011
all	4594	1	886578	0.0000011
all	4601	2	886578	0.0000023
all	4602	2	886578	0.0000023
all	4603	1	886578	0.0000011
all	4609	2	886578	0.0000023
all	4610	3	886578	0.0000034
all	4618	1	886578	0.0000011
all	4619	3	886578	0.0000034
all	4620	4	886578	0.0000045
all	4622	1	886578	0.0000011
all	4623	1	886578	0.0000011
all	4624	1	886578	0.0000011
all	4627	1	886578	0.0000011
all	4628	1	886578	0.0000011
all	4629	2	886578	0.0000023
all	4630	1	886578	0.0000011
all	4639	1	886578	0.0000011
all	4641	1	886578	0.0000011
all	4645	1	886578	0.0000011
all	4647	3	886578	0.0000034
all	4649	2	886578	0.0000023
all	4650	2	886578	0.0000023
all	4652	1	886578	0.0000011
all	4656	1	886578	0.0000011
all	4657	2	886578	0.0000023
all	4659	1	886578	0.0000011
all	4660	1	886578	0.0000011
all	4662	1	886578	0.0000011
all	4663	2	886578	0.0000023
all	4665	2	886578	0.0000023
all	4666	2	886578	0.0000023
all	4667	1	886578	0.0000011
all	4670	1	886578	0.0000011
all	4673	1	886578	0.0000011
all	4676	1	886578	0.0000011
all	4677	1	886578	0.0000011
all	4679	1	886578	0.0000011
all	4682	1	886578	0.0000011
all	4685	1	886578	0.0000011
all	4687	1	886578	0.0000011
all	4689	1	886578	0.0000011
all	4690	1	886578	0.0000011
all	4693	2	886578	0.0000023
all	4696	1	886578	0.0000011
all	4697	1	886578	0.0000011
all	4698	1	886578	0.0000011
all	4700	2	886578	0.0000023
all	4705	3	886578	0.0000034
all	4708	3	886578	0.0000034
all	4710	1	886578	0.0000011
all	4712	2	886578	0.0000023
all	4714	3	886578	0.0000034
all	4715	3	886578	0.0000034
all	4717	1	886578	0.0000011
all	4718	1	886578	0.0000011
all	4719	1	886578	0.0000011
all	4720	2	886578	0.0000023
all	4722	1	886578	0.0000011
all	4723	1	886578	0.0000011
all	4728	2	886578	0.0000023
all	4731	1	886578	0.0000011
all	4732	3	886578	0.0000034
all	4736	3	886578	0.0000034
all	4738	1	886578	0.0000011
all	4741	1	886578	0.0000011
all	4747	1	886578	0.0000011
all	4749	1	886578	0.0000011
all	4751	1	886578	0.0000011
all	4753	2	886578	0.0000023
all	4754	1	886578	0.0000011
all	4755	3	886578	0.0000034
all	4756	1	886578	0.0000011
all	4758	1	886578	0.0000011
all	4759	1	886578	0.0000011
all	4761	1	886578	0.0000011
all	4762	1	886578	0.0000011
all	4766	1	886578	0.0000011
all	4769	2	886578	0.0000023
all	4771	2	886578	0.0000023
all	4772	1	886578	0.0000011
all	4776	1	886578	0.0000011
all	4778	2	886578	0.0000023
all	4781	1	886578	0.0000011
all	4783	1	886578	0.0000011
all	4784	2	886578	0.0000023
all	4789	1	886578	0.0000011
all	4790	1	886578	0.0000011
all	4793	1	886578	0.0000011
all	4796	1	886578	0.0000011
all	4798	1	886578	0.0000011
all	4800	1	886578	0.0000011
all	4801	1	886578	0.0000011
all	4802	1	886578	0.0000011
all	4803	1	886578	0.0000011
all	4804	1	886578	0.0000011
all	4806	1	886578	0.0000011
all	4809	2	886578	0.0000023
all	4810	1	886578	0.0000011
all	4813	1	886578	0.0000011
all	4818	1	886578	0.0000011
all	4819	2	886578	0.0000023
all	4829	1	886578	0.0000011
all	4831	2	886578	0.0000023
all	4835	2	886578	0.0000023
all	4836	1	886578	0.0000011
all	4839	1	886578	0.0000011
all	4840	1	886578	0.0000011
all	4841	1	886578	0.0000011
all	4842	2	886578	0.0000023
all	4844	1	886578	0.0000011
all	4847	1	886578	0.0000011
all	4848	1	886578	0.0000011
all	4853	1	886578	0.0000011
all	4854	1	886578	0.0000011
all	4857	1	886578	0.0000011
all	4861	1	886578	0.0000011
all	4863	1	886578	0.0000011
all	4864	1	886578	0.0000011
all	4865	1	886578	0.0000011
all	4867	2	886578	0.0000023
all	4868	1	886578	0.0000011
all	4870	1	886578	0.0000011
all	4873	1	886578	0.0000011
all	4877	2	886578	0.0000023
all	4878	2	886578	0.0000023
all	4879	1	886578	0.0000011
all	4880	1	886578	0.0000011
all	4881	1	886578	0.0000011
all	4882	2	886578	0.0000023
all	4888	2	886578	0.0000023
all	4890	2	886578	0.0000023
all	4891	1	886578	0.0000011
all	4901	1	886578	0.0000011
all	4903	2	886578	0.0000023
all	4907	1	886578	0.0000011
all	4908	1	886578	0.0000011
all	4909	1	886578	0.0000011
all	4910	1	886578	0.0000011
all	4914	1	886578	0.0000011
all	4916	1	886578	0.0000011
all	4918	1	886578	0.0000011
all	4920	2	886578	0.0000023
all	4921	1	886578	0.0000011
all	4922	1	886578	0.0000011
all	4923	1	886578	0.0000011
all	4925	1	886578	0.0000011
all	4927	1	886578	0.0000011
all	4928	2	886578	0.0000023
all	4929	1	886578	0.0000011
all	4930	1	886578	0.0000011
all	4934	3	886578	0.0000034
all	4935	1	886578	0.0000011
all	4939	1	886578	0.0000011
all	4940	1	886578	0.0000011
all	4941	1	886578	0.0000011
all	4945	1	886578	0.0000011
all	4946	1	886578	0.0000011
all	4947	2	886578	0.0000023
all	4951	1	886578	0.0000011
all	4954	2	886578	0.0000023
all	4956	2	886578	0.0000023
all	4961	2	886578	0.0000023
all	4962	1	886578	0.0000011
all	4963	1	886578	0.0000011
all	4964	1	886578	0.0000011
all	4965	2	886578	0.0000023
all	4969	1	886578	0.0000011
all	4970	1	886578	0.0000011
all	4971	2	886578	0.0000023
all	4973	1	886578	0.0000011
all	4975	2	886578	0.0000023
all	4976	1	886578	0.0000011
all	4977	1	886578	0.0000011
all	4980	1	886578	0.0000011
all	4981	2	886578	0.0000023
all	4982	1	886578	0.0000011
all	4983	1	886578	0.0000011
all	4984	1	886578	0.0000011
all	4985	2	886578	0.0000023
all	4986	3	886578	0.0000034
all	4987	1	886578	0.0000011
all	4988	1	886578	0.0000011
all	4991	1	886578	0.0000011
all	4995	1	886578	0.0000011
all	4998	1	886578	0.0000011
all	5001	1	886578	0.0000011
all	5002	1	886578	0.0000011
all	5004	1	886578	0.0000011
all	5005	2	886578	0.0000023
all	5013	1	886578	0.0000011
all	5014	1	886578	0.0000011
all	5015	1	886578	0.0000011
all	5016	2	886578	0.0000023
all	5019	1	886578	0.0000011
all	5022	2	886578	0.0000023
all	5024	1	886578	0.0000011
all	5028	1	886578	0.0000011
all	5031	1	886578	0.0000011
all	5032	1	886578	0.0000011
all	5033	1	886578	0.0000011
all	5034	1	886578	0.0000011
all	5037	1	886578	0.0000011
all	5040	2	886578	0.0000023
all	5041	1	886578	0.0000011
all	5047	1	886578	0.0000011
all	5048	1	886578	0.0000011
all	5051	1	886578	0.0000011
all	5055	1	886578	0.0000011
all	5058	2	886578	0.0000023
all	5059	1	886578	0.0000011
all	5062	1	886578	0.0000011
all	5063	2	886578	0.0000023
all	5064	1	886578	0.0000011
all	5065	2	886578	0.0000023
all	5066	1	886578	0.0000011
all	5069	1	886578	0.0000011
all	5070	4	886578	0.0000045
all	5073	2	886578	0.0000023
all	5075	2	886578	0.0000023
all	5076	1	886578	0.0000011
all	5077	1	886578	0.0000011
all	5079	1	886578	0.0000011
all	5080	1	886578	0.0000011
all	5082	3	886578	0.0000034
all	5084	2	886578	0.0000023
all	5085	1	886578	0.0000011
all	5086	3	886578	0.0000034
all	5087	4	886578	0.0000045
all	5088	5	886578	0.0000056
all	5089	1	886578	0.0000011
all	5090	1	886578	0.0000011
all	5092	2	886578	0.0000023
all	5093	1	886578	0.0000011
all	5095	4	886578	0.0000045
all	5096	1	886578	0.0000011
all	5097	3	886578	0.0000034
all	5098	2	886578	0.0000023
all	5100	1	886578	0.0000011
all	5102	2	886578	0.0000023
all	5103	2	886578	0.0000023
all	5104	1	886578	0.0000011
all	5105	1	886578	0.0000011
all	5107	1	886578	0.0000011
all	5109	2	886578	0.0000023
all	5110	1	886578	0.0000011
all	5112	2	886578	0.0000023
all	5113	1	886578	0.0000011
all	5116	1	886578	0.0000011
all	5117	2	886578	0.0000023
all	5118	2	886578	0.0000023
all	5119	1	886578	0.0000011
all	5131	2	886578	0.0000023
all	5132	1	886578	0.0000011
all	5134	1	886578	0.0000011
all	5138	2	886578	0.0000023
all	5140	1	886578	0.0000011
all	5141	1	886578	0.0000011
all	5142	1	886578	0.0000011
all	5143	1	886578	0.0000011
all	5145	1	886578	0.0000011
all	5146	1	886578	0.0000011
all	5151	1	886578	0.0000011
all	5153	1	886578	0.0000011
all	5155	2	886578	0.0000023
all	5157	1	886578	0.0000011
all	5159	1	886578	0.0000011
all	5160	1	886578	0.0000011
all	5162	1	886578	0.0000011
all	5166	3	886578	0.0000034
all	5173	1	886578	0.0000011
all	5176	2	886578	0.0000023
all	5180	1	886578	0.0000011
all	5181	2	886578	0.0000023
all	5182	1	886578	0.0000011
all	5183	1	886578	0.0000011
all	5184	1	886578	0.0000011
all	5189	1	886578	0.0000011
all	5191	1	886578	0.0000011
all	5194	1	886578	0.0000011
all	5205	2	886578	0.0000023
all	5206	1	886578	0.0000011
all	5216	1	886578	0.0000011
all	5218	1	886578	0.0000011
all	5220	1	886578	0.0000011
all	5223	3	886578	0.0000034
all	5226	1	886578	0.0000011
all	5229	1	886578	0.0000011
all	5232	1	886578	0.0000011
all	5236	2	886578	0.0000023
all	5241	1	886578	0.0000011
all	5248	1	886578	0.0000011
all	5249	1	886578	0.0000011
all	5251	1	886578	0.0000011
all	5257	1	886578	0.0000011
all	5258	1	886578	0.0000011
all	5261	1	886578	0.0000011
all	5264	1	886578	0.0000011
all	5266	1	886578	0.0000011
all	5277	1	886578	0.0000011
all	5278	1	886578	0.0000011
all	5279	1	886578	0.0000011
all	5283	1	886578	0.0000011
all	5286	2	886578	0.0000023
all	5290	1	886578	0.0000011
all	5292	1	886578	0.0000011
all	5294	1	886578	0.0000011
all	5296	1	886578	0.0000011
all	5297	2	886578	0.0000023
all	5299	1	886578	0.0000011
all	5304	1	886578	0.0000011
all	5306	1	886578	0.0000011
all	5307	1	886578	0.0000011
all	5314	1	886578	0.0000011
all	5316	1	886578	0.0000011
all	5319	1	886578	0.0000011
all	5331	1	886578	0.0000011
all	5337	1	886578	0.0000011
all	5338	2	886578	0.0000023
all	5342	2	886578	0.0000023
all	5344	1	886578	0.0000011
all	5346	2	886578	0.0000023
all	5350	1	886578	0.0000011
all	5351	3	886578	0.0000034
all	5352	2	886578	0.0000023
all	5353	1	886578	0.0000011
all	5358	1	886578	0.0000011
all	5361	2	886578	0.0000023
all	5363	1	886578	0.0000011
all	5365	1	886578	0.0000011
all	5367	1	886578	0.0000011
all	5374	2	886578	0.0000023
all	5382	1	886578	0.0000011
all	5385	1	886578	0.0000011
all	5386	2	886578	0.0000023
all	5389	2	886578	0.0000023
all	5390	1	886578	0.0000011
all	5393	1	886578	0.0000011
all	5396	1	886578	0.0000011
all	5401	2	886578	0.0000023
all	5402	2	886578	0.0000023
all	5407	1	886578	0.0000011
all	5410	1	886578	0.0000011
all	5413	1	886578	0.0000011
all	5419	1	886578	0.0000011
all	5423	2	886578	0.0000023
all	5424	1	886578	0.0000011
all	5430	1	886578	0.0000011
all	5431	1	886578	0.0000011
all	5434	1	886578	0.0000011
all	5435	1	886578	0.0000011
all	5438	1	886578	0.0000011
all	5439	1	886578	0.0000011
all	5440	1	886578	0.0000011
all	5441	1	886578	0.0000011
all	5442	1	886578	0.0000011
all	5444	1	886578	0.0000011
all	5447	1	886578	0.0000011
all	5448	2	886578	0.0000023
all	5450	1	886578	0.0000011
all	5451	1	886578	0.0000011
all	5453	1	886578	0.0000011
all	5454	2	886578	0.0000023
all	5456	2	886578	0.0000023
all	5457	1	886578	0.0000011
all	5459	1	886578	0.0000011
all	5462	1	886578	0.0000011
all	5463	2	886578	0.0000023
all	5466	1	886578	0.0000011
all	5467	1	886578	0.0000011
all	5468	1	886578	0.0000011
all	5470	1	886578	0.0000011
all	5471	1	886578	0.0000011
all	5472	1	886578	0.0000011
all	5473	1	886578	0.0000011
all	5474	1	886578	0.0000011
all	5476	2	886578	0.0000023
all	5485	1	886578	0.0000011
all	5491	1	886578	0.0000011
all	5513	1	886578	0.0000011
all	5516	2	886578	0.0000023
all	5525	1	886578	0.0000011
all	5530	1	886578	0.0000011
all	5531	1	886578	0.0000011
all	5532	1	886578	0.0000011
all	5533	1	886578	0.0000011
all	5534	1	886578	0.0000011
all	5538	1	886578	0.0000011
all	5539	1	886578	0.0000011
all	5540	1	886578	0.0000011
all	5546	2	886578	0.0000023
all	5550	1	886578	0.0000011
all	5552	1	886578	0.0000011
all	5553	1	886578	0.0000011
all	5555	1	886578	0.0000011
all	5557	1	886578	0.0000011
all	5558	1	886578	0.0000011
all	5561	1	886578	0.0000011
all	5568	1	886578	0.0000011
all	5571	1	886578	0.0000011
all	5583	1	886578	0.0000011
all	5584	1	886578	0.0000011
all	5590	1	886578	0.0000011
all	5591	1	886578	0.0000011
all	5593	1	886578	0.0000011
all	5594	1	886578	0.0000011
all	5598	1	886578	0.0000011
all	5606	1	886578	0.0000011
all	5615	1	886578	0.0000011
all	5616	1	886578	0.0000011
all	5617	1	886578	0.0000011
all	5619	1	886578	0.0000011
all	5620	1	886578	0.0000011
all	5622	1	886578	0.0000011
all	5626	1	886578	0.0000011
all	5632	2	886578	0.0000023
all	5633	1	886578	0.0000011
all	5634	1	886578	0.0000011
all	5635	1	886578	0.0000011
all	5636	1	886578	0.0000011
all	5638	1	886578	0.0000011
all	5642	1	886578	0.0000011
all	5647	1	886578	0.0000011
all	5649	2	886578	0.0000023
all	5652	1	886578	0.0000011
all	5653	1	886578	0.0000011
all	5655	1	886578	0.0000011
all	5656	1	886578	0.0000011
all	5661	1	886578	0.0000011
all	5666	1	886578	0.0000011
all	5667	1	886578	0.0000011
all	5676	1	886578	0.0000011
all	5677	1	886578	0.0000011
all	5681	1	886578	0.0000011
all	5684	1	886578	0.0000011
all	5685	1	886578	0.0000011
all	5686	1	886578	0.0000011
all	5687	2	886578	0.0000023
all	5688	1	886578	0.0000011
all	5694	1	886578	0.0000011
all	5697	1	886578	0.0000011
all	5700	1	886578	0.0000011
all	5704	1	886578	0.0000011
all	5705	1	886578	0.0000011
all	5709	1	886578	0.0000011
all	5712	1	886578	0.0000011
all	5716	1	886578	0.0000011
all	5718	1	886578	0.0000011
all	5719	2	886578	0.0000023
all	5721	1	886578	0.0000011
all	5722	3	886578	0.0000034
all	5723	1	886578	0.0000011
all	5727	1	886578	0.0000011
all	5728	1	886578	0.0000011
all	5733	3	886578	0.0000034
all	5734	2	886578	0.0000023
all	5735	1	886578	0.0000011
all	5737	1	886578	0.0000011
all	5740	2	886578	0.0000023
all	5742	1	886578	0.0000011
all	5744	1	886578	0.0000011
all	5746	1	886578	0.0000011
all	5747	1	886578	0.0000011
all	5749	2	886578	0.0000023
all	5751	1	886578	0.0000011
all	5752	1	886578	0.0000011
all	5753	1	886578	0.0000011
all	5755	1	886578	0.0000011
all	5757	1	886578	0.0000011
all	5760	1	886578	0.0000011
all	5763	1	886578	0.0000011
all	5767	2	886578	0.0000023
all	5769	1	886578	0.0000011
all	5771	1	886578	0.0000011
all	5777	1	886578	0.0000011
all	5778	2	886578	0.0000023
all	5780	1	886578	0.0000011
all	5781	1	886578	0.0000011
all	5782	1	886578	0.0000011
all	5783	1	886578	0.0000011
all	5784	1	886578	0.0000011
all	5789	1	886578	0.0000011
all	5790	1	886578	0.0000011
all	5794	1	886578	0.0000011
all	5795	1	886578	0.0000011
all	5798	1	886578	0.0000011
all	5802	1	886578	0.0000011
all	5803	1	886578	0.0000011
all	5804	1	886578	0.0000011
all	5807	2	886578	0.0000023
all	5813	1	886578	0.0000011
all	5818	1	886578	0.0000011
all	5820	2	886578	0.0000023
all	5824	1	886578	0.0000011
all	5828	1	886578	0.0000011
all	5830	1	886578	0.0000011
all	5832	1	886578	0.0000011
all	5835	1	886578	0.0000011
all	5836	1	886578	0.0000011
all	5837	1	886578	0.0000011
all	5838	1	886578	0.0000011
all	5840	1	886578	0.0000011
all	5846	1	886578	0.0000011
all	5847	1	886578	0.0000011
all	5850	1	886578	0.0000011
all	5851	1	886578	0.0000011
all	5859	1	886578	0.0000011
all	5861	1	886578	0.0000011
all	5862	1	886578	0.0000011
all	5868	1	886578	0.0000011
all	5870	1	886578	0.0000011
all	5871	1	886578	0.0000011
all	5875	1	886578	0.0000011
all	5880	1	886578	0.0000011
all	5887	2	886578	0.0000023
all	5892	2	886578	0.0000023
all	5893	1	886578	0.0000011
all	5897	1	886578	0.0000011
all	5900	1	886578	0.0000011
all	5901	1	886578	0.0000011
all	5902	1	886578	0.0000011
all	5903	1	886578	0.0000011
all	5905	1	886578	0.0000011
all	5906	1	886578	0.0000011
all	5911	1	886578	0.0000011
all	5913	1	886578	0.0000011
all	5914	1	886578	0.0000011
all	5918	1	886578	0.0000011
all	5923	1	886578	0.0000011
all	5927	1	886578	0.0000011
all	5929	2	886578	0.0000023
all	5932	1	886578	0.0000011
all	5936	1	886578	0.0000011
all	5938	1	886578	0.0000011
all	5941	2	886578	0.0000023
all	5942	1	886578	0.0000011
all	5946	1	886578	0.0000011
all	5948	1	886578	0.0000011
all	5949	1	886578	0.0000011
all	5955	1	886578	0.0000011
all	5956	1	886578	0.0000011
all	5960	1	886578	0.0000011
all	5965	1	886578	0.0000011
all	5966	2	886578	0.0000023
all	5968	1	886578	0.0000011
all	5975	4	886578	0.0000045
all	5976	1	886578	0.0000011
all	5989	1	886578	0.0000011
all	5992	1	886578	0.0000011
all	5994	1	886578	0.0000011
all	5996	1	886578	0.0000011
all	5997	1	886578	0.0000011
all	5998	1	886578	0.0000011
all	6003	2	886578	0.0000023
all	6005	1	886578	0.0000011
all	6009	1	886578	0.0000011
all	6011	1	886578	0.0000011
all	6019	2	886578	0.0000023
all	6026	1	886578	0.0000011
all	6028	1	886578	0.0000011
all	6030	1	886578	0.0000011
all	6031	1	886578	0.0000011
all	6032	1	886578	0.0000011
all	6035	1	886578	0.0000011
all	6037	1	886578	0.0000011
all	6040	1	886578	0.0000011
all	6043	2	886578	0.0000023
all	6046	1	886578	0.0000011
all	6047	1	886578	0.0000011
all	6049	1	886578	0.0000011
all	6052	1	886578	0.0000011
all	6055	1	886578	0.0000011
all	6056	2	886578	0.0000023
all	6057	1	886578	0.0000011
all	6058	1	886578	0.0000011
all	6062	2	886578	0.0000023
all	6064	1	886578	0.0000011
all	6067	1	886578	0.0000011
all	6069	1	886578	0.0000011
all	6074	2	886578	0.0000023
all	6078	1	886578	0.0000011
all	6079	2	886578	0.0000023
all	6080	2	886578	0.0000023
all	6084	2	886578	0.0000023
all	6090	1	886578	0.0000011
all	6094	1	886578	0.0000011
all	6096	1	886578	0.0000011
all	6099	1	886578	0.0000011
all	6100	2	886578	0.0000023
all	6106	1	886578	0.0000011
all	6108	1	886578	0.0000011
all	6109	1	886578	0.0000011
all	6110	1	886578	0.0000011
all	6112	1	886578	0.0000011
all	6115	1	886578	0.0000011
all	6116	1	886578	0.0000011
all	6118	1	886578	0.0000011
all	6120	1	886578	0.0000011
all	6122	1	886578	0.0000011
all	6123	1	886578	0.0000011
all	6129	1	886578	0.0000011
all	6131	1	886578	0.0000011
all	6133	1	886578	0.0000011
all	6134	1	886578	0.0000011
all	6135	2	886578	0.0000023
all	6136	1	886578	0.0000011
all	6137	1	886578	0.0000011
all	6138	1	886578	0.0000011
all	6140	1	886578	0.0000011
all	6142	1	886578	0.0000011
all	6143	2	886578	0.0000023
all	6146	2	886578	0.0000023
all	6148	1	886578	0.0000011
all	6150	2	886578	0.0000023
all	6151	4	886578	0.0000045
all	6154	2	886578	0.0000023
all	6155	1	886578	0.0000011
all	6156	2	886578	0.0000023
all	6157	1	886578	0.0000011
all	6160	1	886578	0.0000011
all	6161	1	886578	0.0000011
all	6164	1	886578	0.0000011
all	6165	1	886578	0.0000011
all	6168	2	886578	0.0000023
all	6169	3	886578	0.0000034
all	6171	2	886578	0.0000023
all	6173	2	886578	0.0000023
all	6174	1	886578	0.0000011
all	6176	1	886578	0.0000011
all	6177	2	886578	0.0000023
all	6179	1	886578	0.0000011
all	6180	2	886578	0.0000023
all	6181	3	886578	0.0000034
all	6185	1	886578	0.0000011
all	6191	1	886578	0.0000011
all	6192	1	886578	0.0000011
all	6193	1	886578	0.0000011
all	6195	1	886578	0.0000011
all	6196	1	886578	0.0000011
all	6204	2	886578	0.0000023
all	6206	1	886578	0.0000011
all	6209	2	886578	0.0000023
all	6216	1	886578	0.0000011
all	6220	1	886578	0.0000011
all	6223	3	886578	0.0000034
all	6224	1	886578	0.0000011
all	6225	1	886578	0.0000011
all	6232	1	886578	0.0000011
all	6236	1	886578	0.0000011
all	6237	1	886578	0.0000011
all	6242	1	886578	0.0000011
all	6243	1	886578	0.0000011
all	6247	1	886578	0.0000011
all	6248	1	886578	0.0000011
all	6254	1	886578	0.0000011
all	6255	1	886578	0.0000011
all	6259	1	886578	0.0000011
all	6261	1	886578	0.0000011
all	6263	1	886578	0.0000011
all	6264	1	886578	0.0000011
all	6265	1	886578	0.0000011
all	6269	2	886578	0.0000023
all	6270	1	886578	0.0000011
all	6272	2	886578	0.0000023
all	6275	1	886578	0.0000011
all	6285	1	886578	0.0000011
all	6288	1	886578	0.0000011
all	6293	1	886578	0.0000011
all	6296	1	886578	0.0000011
all	6297	2	886578	0.0000023
all	6298	1	886578	0.0000011
all	6305	2	886578	0.0000023
all	6309	2	886578	0.0000023
all	6310	1	886578	0.0000011
all	6311	1	886578	0.0000011
all	6312	1	886578	0.0000011
all	6313	1	886578	0.0000011
all	6314	1	886578	0.0000011
all	6316	1	886578	0.0000011
all	6318	1	886578	0.0000011
all	6320	1	886578	0.0000011
all	6321	1	886578	0.0000011
all	6329	1	886578	0.0000011
all	6339	1	886578	0.0000011
all	6340	1	886578	0.0000011
all	6343	1	886578	0.0000011
all	6346	2	886578	0.0000023
all	6349	1	886578	0.0000011
all	6360	1	886578	0.0000011
all	6361	1	886578	0.0000011
all	6362	1	886578	0.0000011
all	6366	1	886578	0.0000011
all	6369	2	886578	0.0000023
all	6371	1	886578	0.0000011
all	6372	1	886578	0.0000011
all	6375	1	886578	0.0000011
all	6376	3	886578	0.0000034
all	6377	1	886578	0.0000011
all	6379	1	886578	0.0000011
all	6380	1	886578	0.0000011
all	6383	1	886578	0.0000011
all	6384	1	886578	0.0000011
all	6388	1	886578	0.0000011
all	6393	2	886578	0.0000023
all	6395	1	886578	0.0000011
all	6396	1	886578	0.0000011
all	6398	2	886578	0.0000023
all	6399	1	886578	0.0000011
all	6402	1	886578	0.0000011
all	6403	1	886578	0.0000011
all	6407	1	886578	0.0000011
all	6408	1	886578	0.0000011
all	6411	2	886578	0.0000023
all	6415	1	886578	0.0000011
all	6416	1	886578	0.0000011
all	6418	2	886578	0.0000023
all	6425	1	886578	0.0000011
all	6426	1	886578	0.0000011
all	6435	2	886578	0.0000023
all	6442	1	886578	0.0000011
all	6448	1	886578	0.0000011
all	6450	1	886578	0.0000011
all	6464	1	886578	0.0000011
all	6469	1	886578	0.0000011
all	6475	1	886578	0.0000011
all	6479	2	886578	0.0000023
all	6481	2	886578	0.0000023
all	6482	1	886578	0.0000011
all	6494	1	886578	0.0000011
all	6510	1	886578	0.0000011
all	6511	1	886578	0.0000011
all	6516	1	886578	0.0000011
all	6518	1	886578	0.0000011
all	6524	1	886578	0.0000011
all	6530	1	886578	0.0000011
all	6531	1	886578	0.0000011
all	6533	1	886578	0.0000011
all	6537	1	886578	0.0000011
all	6538	1	886578	0.0000011
all	6553	1	886578	0.0000011
all	6563	1	886578	0.0000011
all	6566	1	886578	0.0000011
all	6567	1	886578	0.0000011
all	6574	1	886578	0.0000011
all	6588	1	886578	0.0000011
all	6590	1	886578	0.0000011
all	6596	1	886578	0.0000011
all	6601	1	886578	0.0000011
all	6614	1	886578	0.0000011
all	6615	1	886578	0.0000011
all	6622	1	886578	0.0000011
all	6628	1	886578	0.0000011
all	6629	1	886578	0.0000011
all	6633	1	886578	0.0000011
all	6634	1	886578	0.0000011
all	6648	1	886578	0.0000011
all	6650	1	886578	0.0000011
all	6652	1	886578	0.0000011
all	6658	1	886578	0.0000011
all	6660	1	886578	0.0000011
all	6661	1	886578	0.0000011
all	6666	1	886578	0.0000011
all	6667	1	886578	0.0000011
all	6676	1	886578	0.0000011
all	6678	1	886578	0.0000011
all	6679	1	886578	0.0000011
all	6684	1	886578	0.0000011
all	6688	2	886578	0.0000023
all	6700	1	886578	0.0000011
all	6703	1	886578	0.0000011
all	6708	1	886578	0.0000011
all	6709	1	886578	0.0000011
all	6715	1	886578	0.0000011
all	6719	1	886578	0.0000011
all	6721	1	886578	0.0000011
all	6726	1	886578	0.0000011
all	6740	1	886578	0.0000011
all	6749	1	886578	0.0000011
all	6751	1	886578	0.0000011
all	6752	1	886578	0.0000011
all	6753	1	886578	0.0000011
all	6757	1	886578	0.0000011
all	6764	1	886578	0.0000011
all	6765	1	886578	0.0000011
all	6767	1	886578	0.0000011
all	6773	1	886578	0.0000011
all	6777	2	886578	0.0000023
all	6780	2	886578	0.0000023
all	6783	1	886578	0.0000011
all	6794	1	886578	0.0000011
all	6800	1	886578	0.0000011
all	6805	1	886578	0.0000011
all	6809	1	886578	0.0000011
all	6813	1	886578	0.0000011
all	6817	3	886578	0.0000034
all	6822	1	886578	0.0000011
all	6828	1	886578	0.0000011
all	6831	1	886578	0.0000011
all	6834	1	886578	0.0000011
all	6836	1	886578	0.0000011
all	6839	1	886578	0.0000011
all	6841	2	886578	0.0000023
all	6844	1	886578	0.0000011
all	6846	1	886578	0.0000011
all	6848	1	886578	0.0000011
all	6850	1	886578	0.0000011
all	6851	2	886578	0.0000023
all	6871	1	886578	0.0000011
all	6884	1	886578	0.0000011
all	6895	1	886578	0.0000011
all	6909	2	886578	0.0000023
all	6933	1	886578	0.0000011
all	6938	2	886578	0.0000023
all	6941	1	886578	0.0000011
all	6958	1	886578	0.0000011
all	6964	1	886578	0.0000011
all	6965	1	886578	0.0000011
all	6966	1	886578	0.0000011
all	6967	1	886578	0.0000011
all	6972	1	886578	0.0000011
all	6988	1	886578	0.0000011
all	6993	1	886578	0.0000011
all	6997	1	886578	0.0000011
all	7003	1	886578	0.0000011
all	7007	1	886578	0.0000011
all	7021	1	886578	0.0000011
all	7024	1	886578	0.0000011
all	7036	1	886578	0.0000011
all	7039	1	886578	0.0000011
all	7079	1	886578	0.0000011
all	7090	1	886578	0.0000011
all	7092	2	886578	0.0000023
all	7093	1	886578	0.0000011
all	7094	1	886578	0.0000011
all	7095	1	886578	0.0000011
all	7097	1	886578	0.0000011
all	7101	1	886578	0.0000011
all	7107	1	886578	0.0000011
all	7115	1	886578	0.0000011
all	7118	1	886578	0.0000011
all	7121	1	886578	0.0000011
all	7130	1	886578	0.0000011
all	7134	1	886578	0.0000011
all	7148	1	886578	0.0000011
all	7165	1	886578	0.0000011
all	7172	1	886578	0.0000011
all	7173	1	886578	0.0000011
all	7187	3	886578	0.0000034
all	7190	1	886578	0.0000011
all	7193	1	886578	0.0000011
all	7211	1	886578	0.0000011
all	7214	1	886578	0.0000011
all	7229	1	886578	0.0000011
all	7231	1	886578	0.0000011
all	7237	1	886578	0.0000011
all	7244	1	886578	0.0000011
all	7248	1	886578	0.0000011
all	7254	1	886578	0.0000011
all	7257	2	886578	0.0000023
all	7263	1	886578	0.0000011
all	7265	1	886578	0.0000011
all	7271	1	886578	0.0000011
all	7275	1	886578	0.0000011
all	7279	1	886578	0.0000011
all	7283	1	886578	0.0000011
all	7291	1	886578	0.0000011
all	7294	1	886578	0.0000011
all	7301	2	886578	0.0000023
all	7305	2	886578	0.0000023
all	7313	1	886578	0.0000011
all	7317	1	886578	0.0000011
all	7327	1	886578	0.0000011
all	7344	1	886578	0.0000011
all	7347	1	886578	0.0000011
all	7348	1	886578	0.0000011
all	7351	2	886578	0.0000023
all	7352	1	886578	0.0000011
all	7357	1	886578	0.0000011
all	7358	1	886578	0.0000011
all	7371	1	886578	0.0000011
all	7377	1	886578	0.0000011
all	7390	1	886578	0.0000011
all	7395	1	886578	0.0000011
all	7399	1	886578	0.0000011
all	7401	1	886578	0.0000011
all	7402	1	886578	0.0000011
all	7406	1	886578	0.0000011
all	7416	2	886578	0.0000023
all	7419	1	886578	0.0000011
all	7422	1	886578	0.0000011
all	7430	1	886578	0.0000011
all	7431	1	886578	0.0000011
all	7432	1	886578	0.0000011
all	7433	1	886578	0.0000011
all	7437	1	886578	0.0000011
all	7438	1	886578	0.0000011
all	7440	1	886578	0.0000011
all	7448	1	886578	0.0000011
all	7450	1	886578	0.0000011
all	7453	1	886578	0.0000011
all	7454	1	886578	0.0000011
all	7460	1	886578	0.0000011
all	7461	1	886578	0.0000011
all	7469	1	886578	0.0000011
all	7475	1	886578	0.0000011
all	7476	1	886578	0.0000011
all	7477	1	886578	0.0000011
all	7478	2	886578	0.0000023
all	7481	1	886578	0.0000011
all	7483	1	886578	0.0000011
all	7485	1	886578	0.0000011
all	7487	1	886578	0.0000011
all	7490	1	886578	0.0000011
all	7494	1	886578	0.0000011
all	7498	1	886578	0.0000011
all	7501	2	886578	0.0000023
all	7511	1	886578	0.0000011
all	7525	1	886578	0.0000011
all	7529	1	886578	0.0000011
all	7533	1	886578	0.0000011
all	7535	2	886578	0.0000023
all	7541	1	886578	0.0000011
all	7547	1	886578	0.0000011
all	7562	1	886578	0.0000011
all	7566	1	886578	0.0000011
all	7570	1	886578	0.0000011
all	7577	1	886578	0.0000011
all	7580	1	886578	0.0000011
all	7582	1	886578	0.0000011
all	7584	1	886578	0.0000011
all	7592	1	886578	0.0000011
all	7599	1	886578	0.0000011
all	7610	1	886578	0.0000011
all	7620	1	886578	0.0000011
all	7627	1	886578	0.0000011
all	7633	1	886578	0.0000011
all	7634	1	886578	0.0000011
all	7641	1	886578	0.0000011
all	7643	1	886578	0.0000011
all	7644	2	886578	0.0000023
all	7652	1	886578	0.0000011
all	7667	1	886578	0.0000011
all	7681	2	886578	0.0000023
all	7682	1	886578	0.0000011
all	7685	1	886578	0.0000011
all	7706	1	886578	0.0000011
all	7707	1	886578	0.0000011
all	7709	2	886578	0.0000023
all	7719	1	886578	0.0000011
all	7726	1	886578	0.0000011
all	7731	1	886578	0.0000011
all	7732	1	886578	0.0000011
all	7733	1	886578	0.0000011
all	7736	1	886578	0.0000011
all	7742	1	886578	0.0000011
all	7743	1	886578	0.0000011
all	7753	1	886578	0.0000011
all	7763	1	886578	0.0000011
all	7767	1	886578	0.0000011
all	7772	2	886578	0.0000023
all	7776	1	886578	0.0000011
all	7779	1	886578	0.0000011
all	7780	1	886578	0.0000011
all	7784	1	886578	0.0000011
all	7785	1	886578	0.0000011
all	7788	1	886578	0.0000011
all	7789	2	886578	0.0000023
all	7791	1	886578	0.0000011
all	7794	1	886578	0.0000011
all	7795	3	886578	0.0000034
all	7806	1	886578	0.0000011
all	7808	1	886578	0.0000011
all	7812	1	886578	0.0000011
all	7813	1	886578	0.0000011
all	7815	1	886578	0.0000011
all	7816	1	886578	0.0000011
all	7820	1	886578	0.0000011
all	7825	1	886578	0.0000011
all	7836	2	886578	0.0000023
all	7838	1	886578	0.0000011
all	7839	2	886578	0.0000023
all	7846	1	886578	0.0000011
all	7849	1	886578	0.0000011
all	7850	1	886578	0.0000011
all	7853	1	886578	0.0000011
all	7854	1	886578	0.0000011
all	7862	3	886578	0.0000034
all	7863	1	886578	0.0000011
all	7864	1	886578	0.0000011
all	7865	2	886578	0.0000023
all	7866	1	886578	0.0000011
all	7867	1	886578	0.0000011
all	7869	1	886578	0.0000011
all	7870	2	886578	0.0000023
all	7872	1	886578	0.0000011
all	7874	1	886578	0.0000011
all	7876	1	886578	0.0000011
all	7884	1	886578	0.0000011
all	7885	1	886578	0.0000011
all	7886	2	886578	0.0000023
all	7887	1	886578	0.0000011
all	7888	3	886578	0.0000034
all	7890	2	886578	0.0000023
all	7891	2	886578	0.0000023
all	7894	1	886578	0.0000011
all	7898	1	886578	0.0000011
all	7935	1	886578	0.0000011
all	7936	1	886578	0.0000011
all	7938	1	886578	0.0000011
all	7940	1	886578	0.0000011
all	7960	1	886578	0.0000011
all	7961	1	886578	0.0000011
all	7973	1	886578	0.0000011
all	7996	1	886578	0.0000011
all	7998	1	886578	0.0000011
all	8000	1	886578	0.0000011
all	8001	1	886578	0.0000011
all	8014	1	886578	0.0000011
all	8015	1	886578	0.0000011
all	8020	1	886578	0.0000011
all	8023	1	886578	0.0000011
all	8024	1	886578	0.0000011
all	8048	1	886578	0.0000011
all	8061	1	886578	0.0000011
all	8066	1	886578	0.0000011
all	8092	1	886578	0.0000011
all	8093	1	886578	0.0000011
all	8095	1	886578	0.0000011
all	8099	1	886578	0.0000011
all	8103	1	886578	0.0000011
all	8115	1	886578	0.0000011
all	8118	2	886578	0.0000023
all	8124	1	886578	0.0000011
all	8128	1	886578	0.0000011
all	8137	1	886578	0.0000011
all	8149	2	886578	0.0000023
all	8155	1	886578	0.0000011
all	8157	1	886578	0.0000011
all	8158	2	886578	0.0000023
all	8159	1	886578	0.0000011
all	8160	1	886578	0.0000011
all	8162	1	886578	0.0000011
all	8164	2	886578	0.0000023
all	8166	1	886578	0.0000011
all	8167	1	886578	0.0000011
all	8169	1	886578	0.0000011
all	8171	1	886578	0.0000011
all	8173	1	886578	0.0000011
all	8174	1	886578	0.0000011
all	8187	1	886578	0.0000011
all	8199	1	886578	0.0000011
all	8222	1	886578	0.0000011
all	8228	1	886578	0.0000011
all	8251	1	886578	0.0000011
all	8268	1	886578	0.0000011
all	8284	1	886578	0.0000011
all	8305	1	886578	0.0000011
all	8312	1	886578	0.0000011
all	8317	1	886578	0.0000011
all	8333	1	886578	0.0000011
all	8334	1	886578	0.0000011
all	8341	1	886578	0.0000011
all	8349	1	886578	0.0000011
all	8364	1	886578	0.0000011
all	8365	1	886578	0.0000011
all	8407	1	886578	0.0000011
all	8419	1	886578	0.0000011
all	8427	1	886578	0.0000011
all	8437	1	886578	0.0000011
all	8451	1	886578	0.0000011
all	8479	1	886578	0.0000011
all	8484	1	886578	0.0000011
all	8542	1	886578	0.0000011
all	8567	1	886578	0.0000011
all	8576	2	886578	0.0000023
all	8581	1	886578	0.0000011
all	8595	1	886578	0.0000011
all	8604	1	886578	0.0000011
all	8629	1	886578	0.0000011
all	8644	2	886578	0.0000023
all	8651	1	886578	0.0000011
all	8677	1	886578	0.0000011
all	8687	1	886578	0.0000011
all	8690	1	886578	0.0000011
all	8696	1	886578	0.0000011
all	8719	1	886578	0.0000011
all	8761	1	886578	0.0000011
all	8781	1	886578	0.0000011
all	8786	1	886578	0.0000011
all	8790	1	886578	0.0000011
all	8810	1	886578	0.0000011
all	8831	1	886578	0.0000011
all	8850	1	886578	0.0000011
all	8858	1	886578	0.0000011
all	8869	1	886578	0.0000011
all	8874	1	886578	0.0000011
all	8900	1	886578	0.0000011
all	8902	1	886578	0.0000011
all	8915	1	886578	0.0000011
all	8916	2	886578	0.0000023
all	8930	1	886578	0.0000011
all	8933	1	886578	0.0000011
all	8943	1	886578	0.0000011
all	8972	1	886578	0.0000011
all	8973	1	886578	0.0000011
all	8986	1	886578	0.0000011
all	8988	1	886578	0.0000011
all	8991	1	886578	0.0000011
all	9015	1	886578	0.0000011
all	9035	1	886578	0.0000011
all	9040	1	886578	0.0000011
all	9045	1	886578	0.0000011
all	9063	1	886578	0.0000011
all	9077	1	886578	0.0000011
all	9091	1	886578	0.0000011
all	9116	1	886578	0.0000011
all	9119	1	886578	0.0000011
all	9124	1	886578	0.0000011
all	9125	1	886578	0.0000011
all	9160	1	886578	0.0000011
all	9162	1	886578	0.0000011
all	9166	1	886578	0.0000011
all	9175	1	886578	0.0000011
all	9186	1	886578	0.0000011
all	9197	1	886578	0.0000011
all	9209	1	886578	0.0000011
all	9227	1	886578	0.0000011
all	9234	1	886578	0.0000011
all	9235	1	886578	0.0000011
all	9247	1	886578	0.0000011
all	9266	1	886578	0.0000011
all	9275	1	886578	0.0000011
all	9280	1	886578	0.0000011
all	9291	1	886578	0.0000011
all	9298	1	886578	0.0000011
all	9315	1	886578	0.0000011
all	9341	1	886578	0.0000011
all	9358	1	886578	0.0000011
all	9359	1	886578	0.0000011
all	9377	1	886578	0.0000011
all	9389	1	886578	0.0000011
all	9391	2	886578	0.0000023
all	9400	1	886578	0.0000011
all	9410	1	886578	0.0000011
all	9423	1	886578	0.0000011
all	9427	1	886578	0.0000011
all	9442	1	886578	0.0000011
all	9456	2	886578	0.0000023
all	9477	1	886578	0.0000011
all	9481	1	886578	0.0000011
all	9483	1	886578	0.0000011
all	9485	1	886578	0.0000011
all	9490	1	886578	0.0000011
all	9491	1	886578	0.0000011
all	9492	1	886578	0.0000011
all	9493	1	886578	0.0000011
all	9499	1	886578	0.0000011
all	9504	1	886578	0.0000011
all	9514	1	886578	0.0000011
all	9520	1	886578	0.0000011
all	9528	1	886578	0.0000011
all	9539	1	886578	0.0000011
all	9543	1	886578	0.0000011
all	9552	1	886578	0.0000011
all	9556	1	886578	0.0000011
all	9562	1	886578	0.0000011
all	9565	1	886578	0.0000011
all	9569	1	886578	0.0000011
all	9576	1	886578	0.0000011
all	9578	1	886578	0.0000011
all	9588	1	886578	0.0000011
all	9589	1	886578	0.0000011
all	9591	1	886578	0.0000011
all	9596	2	886578	0.0000023
all	9597	1	886578	0.0000011
all	9602	1	886578	0.0000011
all	9603	1	886578	0.0000011
all	9608	1	886578	0.0000011
all	9611	1	886578	0.0000011
all	9621	1	886578	0.0000011
all	9650	1	886578	0.0000011
all	9663	1	886578	0.0000011
all	9740	1	886578	0.0000011
all	9741	1	886578	0.0000011
all	9762	1	886578	0.0000011
all	9764	1	886578	0.0000011
all	9808	1	886578	0.0000011
all	9811	1	886578	0.0000011
all	9816	1	886578	0.0000011
all	9873	2	886578	0.0000023
all	9885	1	886578	0.0000011
all	9886	1	886578	0.0000011
all	9951	1	886578	0.0000011
all	9970	2	886578	0.0000023
all	9978	1	886578	0.0000011
all	10025	1	886578	0.0000011
all	10056	1	886578	0.0000011
all	10086	1	886578	0.0000011
all	10098	1	886578	0.0000011
all	10103	1	886578	0.0000011
all	10111	1	886578	0.0000011
all	10145	1	886578	0.0000011
all	10147	1	886578	0.0000011
all	10170	1	886578	0.0000011
all	10208	1	886578	0.0000011
all	10223	1	886578	0.0000011
all	10253	1	886578	0.0000011
all	10262	2	886578	0.0000023
all	10273	1	886578	0.0000011
all	10275	1	886578	0.0000011
all	10307	1	886578	0.0000011
all	10346	1	886578	0.0000011
all	10356	1	886578	0.0000011
all	10364	2	886578	0.0000023
all	10375	1	886578	0.0000011
all	10397	1	886578	0.0000011
all	10400	1	886578	0.0000011
all	10408	1	886578	0.0000011
all	10467	1	886578	0.0000011
all	10504	1	886578	0.0000011
all	10523	1	886578	0.0000011
all	10529	1	886578	0.0000011
all	10531	1	886578	0.0000011
all	10534	1	886578	0.0000011
all	10572	1	886578	0.0000011
all	10602	1	886578	0.0000011
all	10609	1	886578	0.0000011
all	10645	1	886578	0.0000011
all	10661	1	886578	0.0000011
all	10706	1	886578	0.0000011
all	10712	1	886578	0.0000011
all	10740	1	886578	0.0000011
all	10770	1	886578	0.0000011
all	10778	1	886578	0.0000011
all	10800	1	886578	0.0000011
all	10843	1	886578	0.0000011
all	10879	1	886578	0.0000011
all	10890	1	886578	0.0000011
all	10911	1	886578	0.0000011
all	10930	1	886578	0.0000011
all	10931	1	886578	0.0000011
all	10936	1	886578	0.0000011
all	10947	1	886578	0.0000011
all	10979	1	886578	0.0000011
all	10992	1	886578	0.0000011
all	11015	1	886578	0.0000011
all	11022	1	886578	0.0000011
all	11046	1	886578	0.0000011
all	11049	1	886578	0.0000011
all	11061	1	886578	0.0000011
all	11078	1	886578	0.0000011
all	11083	1	886578	0.0000011
all	11095	1	886578	0.0000011
all	11107	1	886578	0.0000011
all	11111	1	886578	0.0000011
all	11116	1	886578	0.0000011
all	11135	1	886578	0.0000011
all	11138	1	886578	0.0000011
all	11151	1	886578	0.0000011
all	11155	1	886578	0.0000011
all	11168	1	886578	0.0000011
all	11176	1	886578	0.0000011
all	11182	1	886578	0.0000011
all	11187	1	886578	0.0000011
all	11201	1	886578	0.0000011
all	11202	1	886578	0.0000011
all	11216	1	886578	0.0000011
all	11229	1	886578	0.0000011
all	11273	1	886578	0.0000011
all	11274	1	886578	0.0000011
all	11283	1	886578	0.0000011
all	11292	1	886578	0.0000011
all	11296	1	886578	0.0000011
all	11307	1	886578	0.0000011
all	11317	1	886578	0.0000011
all	11325	1	886578	0.0000011
all	11339	1	886578	0.0000011
all	11362	1	886578	0.0000011
all	11368	1	886578	0.0000011
all	11383	1	886578	0.0000011
all	11399	1	886578	0.0000011
all	11416	1	886578	0.0000011
all	11425	1	886578	0.0000011
all	11427	1	886578	0.0000011
all	11446	1	886578	0.0000011
all	11447	1	886578	0.0000011
all	11464	1	886578	0.0000011
all	11485	1	886578	0.0000011
all	11488	1	886578	0.0000011
all	11489	1	886578	0.0000011
all	11493	1	886578	0.0000011
all	11494	2	886578	0.0000023
all	11500	1	886578	0.0000011
all	11510	2	886578	0.0000023
all	11517	1	886578	0.0000011
all	11521	1	886578	0.0000011
all	11534	1	886578	0.0000011
all	11535	1	886578	0.0000011
all	11537	1	886578	0.0000011
all	11538	1	886578	0.0000011
all	11539	1	886578	0.0000011
all	11543	1	886578	0.0000011
all	11555	1	886578	0.0000011
all	11558	1	886578	0.0000011
all	11566	1	886578	0.0000011
all	11577	1	886578	0.0000011
all	11587	1	886578	0.0000011
all	11600	1	886578	0.0000011
all	11638	1	886578	0.0000011
all	11674	1	886578	0.0000011
all	11705	2	886578	0.0000023
all	11727	1	886578	0.0000011
all	11737	1	886578	0.0000011
all	11740	1	886578	0.0000011
all	11741	1	886578	0.0000011
all	11763	1	886578	0.0000011
all	11770	1	886578	0.0000011
all	11807	1	886578	0.0000011
all	11812	1	886578	0.0000011
all	11817	1	886578	0.0000011
all	11851	2	886578	0.0000023
all	11854	1	886578	0.0000011
all	11893	1	886578	0.0000011
all	11942	1	886578	0.0000011
all	11947	1	886578	0.0000011
all	11982	1	886578	0.0000011
all	12010	1	886578	0.0000011
all	12018	1	886578	0.0000011
all	12037	1	886578	0.0000011
all	12049	1	886578	0.0000011
all	12053	1	886578	0.0000011
all	12058	1	886578	0.0000011
all	12059	1	886578	0.0000011
all	12086	1	886578	0.0000011
all	12094	1	886578	0.0000011
all	12116	1	886578	0.0000011
all	12118	1	886578	0.0000011
all	12126	1	886578	0.0000011
all	12140	1	886578	0.0000011
all	12162	1	886578	0.0000011
all	12173	1	886578	0.0000011
all	12224	1	886578	0.0000011
all	12232	1	886578	0.0000011
all	12267	1	886578	0.0000011
all	12283	1	886578	0.0000011
all	12297	1	886578	0.0000011
all	12300	1	886578	0.0000011
all	12311	1	886578	0.0000011
all	12329	1	886578	0.0000011
all	12353	1	886578	0.0000011
all	12354	1	886578	0.0000011
all	12393	1	886578	0.0000011
all	12417	1	886578	0.0000011
all	12437	1	886578	0.0000011
all	12439	1	886578	0.0000011
all	12446	1	886578	0.0000011
all	12449	1	886578	0.0000011
all	12452	1	886578	0.0000011
all	12471	1	886578	0.0000011
all	12491	1	886578	0.0000011
all	12526	1	886578	0.0000011
all	12561	1	886578	0.0000011
all	12615	1	886578	0.0000011
all	12616	1	886578	0.0000011
all	12693	1	886578	0.0000011
all	12738	1	886578	0.0000011
all	12787	1	886578	0.0000011
all	12821	1	886578	0.0000011
all	12828	1	886578	0.0000011
all	12869	1	886578	0.0000011
all	12904	1	886578	0.0000011
all	12960	1	886578	0.0000011
all	13029	1	886578	0.0000011
all	13058	1	886578	0.0000011
all	13059	1	886578	0.0000011
all	13081	1	886578	0.0000011
all	13098	1	886578	0.0000011
all	13116	1	886578	0.0000011
all	13139	1	886578	0.0000011
all	13157	1	886578	0.0000011
all	13178	1	886578	0.0000011
all	13246	1	886578	0.0000011
all	13274	1	886578	0.0000011
all	13279	1	886578	0.0000011
all	13298	1	886578	0.0000011
all	13327	1	886578	0.0000011
all	13331	2	886578	0.0000023
all	13367	1	886578	0.0000011
all	13384	1	886578	0.0000011
all	13395	1	886578	0.0000011
all	13407	1	886578	0.0000011
all	13448	1	886578	0.0000011
all	13455	1	886578	0.0000011
all	13476	1	886578	0.0000011
all	13497	1	886578	0.0000011
all	13513	1	886578	0.0000011
all	13526	1	886578	0.0000011
all	13545	1	886578	0.0000011
all	13573	1	886578	0.0000011
all	13577	1	886578	0.0000011
all	13581	1	886578	0.0000011
all	13590	1	886578	0.0000011
all	13598	1	886578	0.0000011
all	13605	1	886578	0.0000011
all	13609	2	886578	0.0000023
all	13613	1	886578	0.0000011
all	13619	1	886578	0.0000011
all	13627	2	886578	0.0000023
all	13637	1	886578	0.0000011
all	13641	1	886578	0.0000011
all	13646	1	886578	0.0000011
all	13652	1	886578	0.0000011
all	13655	1	886578	0.0000011
all	13749	1	886578	0.0000011
all	13878	1	886578	0.0000011
all	13931	1	886578	0.0000011
all	14145	1	886578	0.0000011
all	14205	1	886578	0.0000011
all	14526	1	886578	0.0000011
all	14551	1	886578	0.0000011
all	14850	1	886578	0.0000011
all	14956	1	886578	0.0000011
all	15054	1	886578	0.0000011
all	15106	1	886578	0.0000011
all	15118	1	886578	0.0000011
all	15178	1	886578	0.0000011
all	15318	1	886578	0.0000011
all	15367	1	886578	0.0000011
all	15527	1	886578	0.0000011
all	15619	1	886578	0.0000011
all	15756	1	886578	0.0000011
all	15766	1	886578	0.0000011
all	15915	1	886578	0.0000011
all	15965	1	886578	0.0000011
all	15979	1	886578	0.0000011
all	16052	1	886578	0.0000011
all	16238	1	886578	0.0000011
all	16239	1	886578	0.0000011
all	16337	1	886578	0.0000011
all	16372	1	886578	0.0000011
all	16481	1	886578	0.0000011
all	16496	1	886578	0.0000011
all	16742	1	886578	0.0000011
all	16792	1	886578	0.0000011
all	16911	1	886578	0.0000011
all	16954	1	886578	0.0000011
all	17047	1	886578	0.0000011
all	17092	1	886578	0.0000011
all	17149	1	886578	0.0000011
all	17204	1	886578	0.0000011
all	17280	1	886578	0.0000011
all	17355	1	886578	0.0000011
all	17403	1	886578	0.0000011
all	17429	1	886578	0.0000011
all	17496	1	886578	0.0000011
all	17538	1	886578	0.0000011
all	17672	1	886578	0.0000011
all	17697	1	886578	0.0000011
all	17784	1	886578	0.0000011
all	17795	1	886578	0.0000011
all	17853	1	886578	0.0000011
all	17933	1	886578	0.0000011
all	17986	1	886578	0.0000011
all	18033	1	886578	0.0000011
all	18049	1	886578	0.0000011
all	18083	1	886578	0.0000011
all	18115	1	886578	0.0000011
all	18186	1	886578	0.0000011
all	18261	1	886578	0.0000011
all	18338	1	886578	0.0000011
all	18377	1	886578	0.0000011
all	18388	1	886578	0.0000011
all	18438	1	886578	0.0000011
all	18473	1	886578	0.0000011
all	18492	1	886578	0.0000011
all	18533	1	886578	0.0000011
all	18553	1	886578	0.0000011
all	18608	1	886578	0.0000011
all	18687	1	886578	0.0000011
all	18719	1	886578	0.0000011
all	18734	1	886578	0.0000011
all	18742	1	886578	0.0000011
all	18785	1	886578	0.0000011
all	18800	1	886578	0.0000011
all	18847	1	886578	0.0000011
all	18855	1	886578	0.0000011
all	18924	1	886578	0.0000011
all	18947	1	886578	0.0000011
all	18954	1	886578	0.0000011
all	18977	1	886578	0.0000011
all	18987	1	886578	0.0000011
all	19016	1	886578	0.0000011
all	19017	1	886578	0.0000011
all	19049	1	886578	0.0000011
all	19076	1	886578	0.0000011
all	19085	1	886578	0.0000011
all	19091	1	886578	0.0000011
all	19098	1	886578	0.0000011
all	19113	1	886578	0.0000011
all	19116	1	886578	0.0000011
all	19148	1	886578	0.0000011
all	19150	1	886578	0.0000011
all	19157	1	886578	0.0000011
all	19169	1	886578	0.0000011
