all	0	108139	886578	0.1219735
all	1	5326	886578	0.0060074
all	2	99825	886578	0.1125958
all	3	8532	886578	0.0096235
all	4	91931	886578	0.1036920
all	5	10791	886578	0.0121715
all	6	81472	886578	0.0918949
all	7	11187	886578	0.0126182
all	8	66831	886578	0.0753808
all	9	12864	886578	0.0145097
all	10	54315	886578	0.0612636
all	11	10929	886578	0.0123272
all	12	44155	886578	0.0498039
all	13	10707	886578	0.0120768
all	14	36233	886578	0.0408684
all	15	10795	886578	0.0121760
all	16	29998	886578	0.0338357
all	17	8294	886578	0.0093551
all	18	23534	886578	0.0265448
all	19	7199	886578	0.0081200
all	20	16668	886578	0.0188004
all	21	6002	886578	0.0067698
all	22	13211	886578	0.0149011
all	23	4627	886578	0.0052189
all	24	10481	886578	0.0118219
all	25	4015	886578	0.0045286
all	26	7972	886578	0.0089919
all	27	3602	886578	0.0040628
all	28	6458	886578	0.0072842
all	29	2963	886578	0.0033421
all	30	5423	886578	0.0061168
all	31	2684	886578	0.0030274
all	32	4198	886578	0.0047351
all	33	2112	886578	0.0023822
all	34	3519	886578	0.0039692
all	35	1777	886578	0.0020043
all	36	2898	886578	0.0032687
all	37	1685	886578	0.0019006
all	38	2407	886578	0.0027149
all	39	1440	886578	0.0016242
all	40	1759	886578	0.0019840
all	41	1302	886578	0.0014686
all	42	1526	886578	0.0017212
all	43	1233	886578	0.0013907
all	44	1332	886578	0.0015024
all	45	783	886578	0.0008832
all	46	1322	886578	0.0014911
all	47	677	886578	0.0007636
all	48	822	886578	0.0009272
all	49	771	886578	0.0008696
all	50	865	886578	0.0009757
all	51	599	886578	0.0006756
all	52	804	886578	0.0009069
all	53	576	886578	0.0006497
all	54	621	886578	0.0007004
all	55	409	886578	0.0004613
all	56	591	886578	0.0006666
all	57	376	886578	0.0004241
all	58	457	886578	0.0005155
all	59	419	886578	0.0004726
all	60	320	886578	0.0003609
all	61	394	886578	0.0004444
all	62	258	886578	0.0002910
all	63	379	886578	0.0004275
all	64	283	886578	0.0003192
all	65	316	886578	0.0003564
all	66	446	886578	0.0005031
all	67	195	886578	0.0002199
all	68	310	886578	0.0003497
all	69	197	886578	0.0002222
all	70	291	886578	0.0003282
all	71	199	886578	0.0002245
all	72	262	886578	0.0002955
all	73	116	886578	0.0001308
all	74	310	886578	0.0003497
all	75	178	886578	0.0002008
all	76	213	886578	0.0002402
all	77	150	886578	0.0001692
all	78	213	886578	0.0002402
all	79	162	886578	0.0001827
all	80	160	886578	0.0001805
all	81	140	886578	0.0001579
all	82	182	886578	0.0002053
all	83	152	886578	0.0001714
all	84	127	886578	0.0001432
all	85	236	886578	0.0002662
all	86	112	886578	0.0001263
all	87	115	886578	0.0001297
all	88	138	886578	0.0001557
all	89	119	886578	0.0001342
all	90	112	886578	0.0001263
all	91	128	886578	0.0001444
all	92	134	886578	0.0001511
all	93	123	886578	0.0001387
all	94	140	886578	0.0001579
all	95	148	886578	0.0001669
all	96	166	886578	0.0001872
all	97	125	886578	0.0001410
all	98	184	886578	0.0002075
all	99	156	886578	0.0001760
all	100	178	886578	0.0002008
all	101	113	886578	0.0001275
all	102	140	886578	0.0001579
all	103	138	886578	0.0001557
all	104	154	886578	0.0001737
all	105	136	886578	0.0001534
all	106	196	886578	0.0002211
all	107	121	886578	0.0001365
all	108	106	886578	0.0001196
all	109	108	886578	0.0001218
all	110	144	886578	0.0001624
all	111	113	886578	0.0001275
all	112	170	886578	0.0001917
all	113	86	886578	0.0000970
all	114	150	886578	0.0001692
all	115	119	886578	0.0001342
all	116	129	886578	0.0001455
all	117	118	886578	0.0001331
all	118	121	886578	0.0001365
all	119	117	886578	0.0001320
all	120	125	886578	0.0001410
all	121	112	886578	0.0001263
all	122	124	886578	0.0001399
all	123	115	886578	0.0001297
all	124	140	886578	0.0001579
all	125	101	886578	0.0001139
all	126	148	886578	0.0001669
all	127	87	886578	0.0000981
all	128	86	886578	0.0000970
all	129	129	886578	0.0001455
all	130	118	886578	0.0001331
all	131	87	886578	0.0000981
all	132	100	886578	0.0001128
all	133	122	886578	0.0001376
all	134	82	886578	0.0000925
all	135	93	886578	0.0001049
all	136	79	886578	0.0000891
all	137	136	886578	0.0001534
all	138	67	886578	0.0000756
all	139	79	886578	0.0000891
all	140	65	886578	0.0000733
all	141	86	886578	0.0000970
all	142	94	886578	0.0001060
all	143	66	886578	0.0000744
all	144	78	886578	0.0000880
all	145	70	886578	0.0000790
all	146	83	886578	0.0000936
all	147	58	886578	0.0000654
all	148	133	886578	0.0001500
all	149	60	886578	0.0000677
all	150	55	886578	0.0000620
all	151	67	886578	0.0000756
all	152	91	886578	0.0001026
all	153	64	886578	0.0000722
all	154	63	886578	0.0000711
all	155	78	886578	0.0000880
all	156	34	886578	0.0000383
all	157	67	886578	0.0000756
all	158	56	886578	0.0000632
all	159	70	886578	0.0000790
all	160	65	886578	0.0000733
all	161	75	886578	0.0000846
all	162	37	886578	0.0000417
all	163	67	886578	0.0000756
all	164	25	886578	0.0000282
all	165	48	886578	0.0000541
all	166	28	886578	0.0000316
all	167	25	886578	0.0000282
all	168	33	886578	0.0000372
all	169	43	886578	0.0000485
all	170	72	886578	0.0000812
all	171	70	886578	0.0000790
all	172	34	886578	0.0000383
all	173	32	886578	0.0000361
all	174	51	886578	0.0000575
all	175	48	886578	0.0000541
all	176	28	886578	0.0000316
all	177	60	886578	0.0000677
all	178	34	886578	0.0000383
all	179	38	886578	0.0000429
all	180	28	886578	0.0000316
all	181	43	886578	0.0000485
all	182	35	886578	0.0000395
all	183	22	886578	0.0000248
all	184	25	886578	0.0000282
all	185	33	886578	0.0000372
all	186	24	886578	0.0000271
all	187	28	886578	0.0000316
all	188	34	886578	0.0000383
all	189	38	886578	0.0000429
all	190	41	886578	0.0000462
all	191	24	886578	0.0000271
all	192	19	886578	0.0000214
all	193	26	886578	0.0000293
all	194	31	886578	0.0000350
all	195	35	886578	0.0000395
all	196	34	886578	0.0000383
all	197	45	886578	0.0000508
all	198	35	886578	0.0000395
all	199	30	886578	0.0000338
all	200	17	886578	0.0000192
all	201	38	886578	0.0000429
all	202	24	886578	0.0000271
all	203	32	886578	0.0000361
all	204	66	886578	0.0000744
all	205	40	886578	0.0000451
all	206	17	886578	0.0000192
all	207	24	886578	0.0000271
all	208	29	886578	0.0000327
all	209	20	886578	0.0000226
all	210	21	886578	0.0000237
all	211	20	886578	0.0000226
all	212	30	886578	0.0000338
all	213	33	886578	0.0000372
all	214	24	886578	0.0000271
all	215	24	886578	0.0000271
all	216	28	886578	0.0000316
all	217	20	886578	0.0000226
all	218	15	886578	0.0000169
all	219	25	886578	0.0000282
all	220	24	886578	0.0000271
all	221	30	886578	0.0000338
all	222	46	886578	0.0000519
all	223	26	886578	0.0000293
all	224	31	886578	0.0000350
all	225	17	886578	0.0000192
all	226	24	886578	0.0000271
all	227	21	886578	0.0000237
all	228	54	886578	0.0000609
all	229	17	886578	0.0000192
all	230	43	886578	0.0000485
all	231	21	886578	0.0000237
all	232	29	886578	0.0000327
all	233	23	886578	0.0000259
all	234	23	886578	0.0000259
all	235	25	886578	0.0000282
all	236	34	886578	0.0000383
all	237	36	886578	0.0000406
all	238	26	886578	0.0000293
all	239	47	886578	0.0000530
all	240	30	886578	0.0000338
all	241	36	886578	0.0000406
all	242	42	886578	0.0000474
all	243	39	886578	0.0000440
all	244	33	886578	0.0000372
all	245	43	886578	0.0000485
all	246	36	886578	0.0000406
all	247	39	886578	0.0000440
all	248	34	886578	0.0000383
all	249	30	886578	0.0000338
all	250	38	886578	0.0000429
all	251	39	886578	0.0000440
all	252	40	886578	0.0000451
all	253	36	886578	0.0000406
all	254	60	886578	0.0000677
all	255	60	886578	0.0000677
all	256	32	886578	0.0000361
all	257	31	886578	0.0000350
all	258	28	886578	0.0000316
all	259	48	886578	0.0000541
all	260	29	886578	0.0000327
all	261	36	886578	0.0000406
all	262	16	886578	0.0000180
all	263	23	886578	0.0000259
all	264	25	886578	0.0000282
all	265	23	886578	0.0000259
all	266	15	886578	0.0000169
all	267	22	886578	0.0000248
all	268	30	886578	0.0000338
all	269	23	886578	0.0000259
all	270	16	886578	0.0000180
all	271	21	886578	0.0000237
all	272	13	886578	0.0000147
all	273	17	886578	0.0000192
all	274	28	886578	0.0000316
all	275	16	886578	0.0000180
all	276	19	886578	0.0000214
all	277	14	886578	0.0000158
all	278	22	886578	0.0000248
all	279	16	886578	0.0000180
all	280	23	886578	0.0000259
all	281	19	886578	0.0000214
all	282	35	886578	0.0000395
all	283	38	886578	0.0000429
all	284	24	886578	0.0000271
all	285	17	886578	0.0000192
all	286	26	886578	0.0000293
all	287	38	886578	0.0000429
all	288	17	886578	0.0000192
all	289	17	886578	0.0000192
all	290	17	886578	0.0000192
all	291	10	886578	0.0000113
all	292	39	886578	0.0000440
all	293	14	886578	0.0000158
all	294	22	886578	0.0000248
all	295	13	886578	0.0000147
all	296	21	886578	0.0000237
all	297	14	886578	0.0000158
all	298	18	886578	0.0000203
all	299	15	886578	0.0000169
all	300	38	886578	0.0000429
all	301	28	886578	0.0000316
all	302	26	886578	0.0000293
all	303	23	886578	0.0000259
all	304	21	886578	0.0000237
all	305	23	886578	0.0000259
all	306	27	886578	0.0000305
all	307	19	886578	0.0000214
all	308	25	886578	0.0000282
all	309	13	886578	0.0000147
all	310	26	886578	0.0000293
all	311	28	886578	0.0000316
all	312	17	886578	0.0000192
all	313	48	886578	0.0000541
all	314	21	886578	0.0000237
all	315	32	886578	0.0000361
all	316	20	886578	0.0000226
all	317	22	886578	0.0000248
all	318	12	886578	0.0000135
all	319	17	886578	0.0000192
all	320	29	886578	0.0000327
all	321	28	886578	0.0000316
all	322	20	886578	0.0000226
all	323	11	886578	0.0000124
all	324	18	886578	0.0000203
all	325	25	886578	0.0000282
all	326	14	886578	0.0000158
all	327	27	886578	0.0000305
all	328	23	886578	0.0000259
all	329	14	886578	0.0000158
all	330	27	886578	0.0000305
all	331	23	886578	0.0000259
all	332	24	886578	0.0000271
all	333	28	886578	0.0000316
all	334	18	886578	0.0000203
all	335	34	886578	0.0000383
all	336	22	886578	0.0000248
all	337	26	886578	0.0000293
all	338	18	886578	0.0000203
all	339	21	886578	0.0000237
all	340	17	886578	0.0000192
all	341	27	886578	0.0000305
all	342	17	886578	0.0000192
all	343	27	886578	0.0000305
all	344	8	886578	0.0000090
all	345	24	886578	0.0000271
all	346	13	886578	0.0000147
all	347	23	886578	0.0000259
all	348	13	886578	0.0000147
all	349	22	886578	0.0000248
all	350	9	886578	0.0000102
all	351	30	886578	0.0000338
all	352	36	886578	0.0000406
all	353	24	886578	0.0000271
all	354	29	886578	0.0000327
all	355	54	886578	0.0000609
all	356	12	886578	0.0000135
all	357	28	886578	0.0000316
all	358	17	886578	0.0000192
all	359	18	886578	0.0000203
all	360	11	886578	0.0000124
all	361	20	886578	0.0000226
all	362	18	886578	0.0000203
all	363	22	886578	0.0000248
all	364	31	886578	0.0000350
all	365	21	886578	0.0000237
all	366	23	886578	0.0000259
all	367	20	886578	0.0000226
all	368	29	886578	0.0000327
all	369	24	886578	0.0000271
all	370	14	886578	0.0000158
all	371	29	886578	0.0000327
all	372	26	886578	0.0000293
all	373	23	886578	0.0000259
all	374	26	886578	0.0000293
all	375	27	886578	0.0000305
all	376	28	886578	0.0000316
all	377	21	886578	0.0000237
all	378	29	886578	0.0000327
all	379	25	886578	0.0000282
all	380	25	886578	0.0000282
all	381	44	886578	0.0000496
all	382	23	886578	0.0000259
all	383	29	886578	0.0000327
all	384	23	886578	0.0000259
all	385	15	886578	0.0000169
all	386	18	886578	0.0000203
all	387	22	886578	0.0000248
all	388	16	886578	0.0000180
all	389	22	886578	0.0000248
all	390	10	886578	0.0000113
all	391	13	886578	0.0000147
all	392	17	886578	0.0000192
all	393	17	886578	0.0000192
all	394	21	886578	0.0000237
all	395	17	886578	0.0000192
all	396	22	886578	0.0000248
all	397	27	886578	0.0000305
all	398	25	886578	0.0000282
all	399	25	886578	0.0000282
all	400	13	886578	0.0000147
all	401	13	886578	0.0000147
all	402	37	886578	0.0000417
all	403	22	886578	0.0000248
all	404	15	886578	0.0000169
all	405	12	886578	0.0000135
all	406	21	886578	0.0000237
all	407	9	886578	0.0000102
all	408	4	886578	0.0000045
all	409	17	886578	0.0000192
all	410	18	886578	0.0000203
all	411	16	886578	0.0000180
all	412	10	886578	0.0000113
all	413	14	886578	0.0000158
all	414	7	886578	0.0000079
all	415	14	886578	0.0000158
all	416	18	886578	0.0000203
all	417	8	886578	0.0000090
all	418	21	886578	0.0000237
all	419	17	886578	0.0000192
all	420	9	886578	0.0000102
all	421	12	886578	0.0000135
all	422	16	886578	0.0000180
all	423	16	886578	0.0000180
all	424	21	886578	0.0000237
all	425	12	886578	0.0000135
all	426	11	886578	0.0000124
all	427	12	886578	0.0000135
all	428	7	886578	0.0000079
all	429	13	886578	0.0000147
all	430	10	886578	0.0000113
all	431	9	886578	0.0000102
all	432	17	886578	0.0000192
all	433	12	886578	0.0000135
all	434	14	886578	0.0000158
all	435	9	886578	0.0000102
all	436	22	886578	0.0000248
all	437	6	886578	0.0000068
all	438	13	886578	0.0000147
all	439	14	886578	0.0000158
all	440	20	886578	0.0000226
all	441	11	886578	0.0000124
all	442	17	886578	0.0000192
all	443	12	886578	0.0000135
all	444	11	886578	0.0000124
all	445	15	886578	0.0000169
all	446	15	886578	0.0000169
all	447	19	886578	0.0000214
all	448	19	886578	0.0000214
all	449	21	886578	0.0000237
all	450	10	886578	0.0000113
all	451	22	886578	0.0000248
all	452	18	886578	0.0000203
all	453	23	886578	0.0000259
all	454	21	886578	0.0000237
all	455	32	886578	0.0000361
all	456	15	886578	0.0000169
all	457	9	886578	0.0000102
all	458	26	886578	0.0000293
all	459	12	886578	0.0000135
all	460	7	886578	0.0000079
all	461	11	886578	0.0000124
all	462	19	886578	0.0000214
all	463	11	886578	0.0000124
all	464	21	886578	0.0000237
all	465	13	886578	0.0000147
all	466	28	886578	0.0000316
all	467	14	886578	0.0000158
all	468	37	886578	0.0000417
all	469	22	886578	0.0000248
all	470	7	886578	0.0000079
all	471	9	886578	0.0000102
all	472	6	886578	0.0000068
all	473	18	886578	0.0000203
all	474	17	886578	0.0000192
all	475	13	886578	0.0000147
all	476	9	886578	0.0000102
all	477	15	886578	0.0000169
all	478	16	886578	0.0000180
all	479	15	886578	0.0000169
all	480	9	886578	0.0000102
all	481	15	886578	0.0000169
all	482	11	886578	0.0000124
all	483	9	886578	0.0000102
all	484	9	886578	0.0000102
all	485	14	886578	0.0000158
all	486	7	886578	0.0000079
all	487	14	886578	0.0000158
all	488	15	886578	0.0000169
all	489	17	886578	0.0000192
all	490	11	886578	0.0000124
all	491	8	886578	0.0000090
all	492	12	886578	0.0000135
all	493	14	886578	0.0000158
all	494	9	886578	0.0000102
all	495	21	886578	0.0000237
all	496	11	886578	0.0000124
all	497	10	886578	0.0000113
all	498	14	886578	0.0000158
all	499	18	886578	0.0000203
all	500	8	886578	0.0000090
all	501	8	886578	0.0000090
all	502	18	886578	0.0000203
all	503	14	886578	0.0000158
all	504	11	886578	0.0000124
all	505	14	886578	0.0000158
all	506	7	886578	0.0000079
all	507	7	886578	0.0000079
all	508	9	886578	0.0000102
all	509	9	886578	0.0000102
all	510	14	886578	0.0000158
all	511	14	886578	0.0000158
all	512	12	886578	0.0000135
all	513	15	886578	0.0000169
all	514	9	886578	0.0000102
all	515	7	886578	0.0000079
all	516	19	886578	0.0000214
all	517	13	886578	0.0000147
all	518	18	886578	0.0000203
all	519	9	886578	0.0000102
all	520	10	886578	0.0000113
all	521	12	886578	0.0000135
all	522	8	886578	0.0000090
all	523	11	886578	0.0000124
all	524	11	886578	0.0000124
all	525	13	886578	0.0000147
all	526	9	886578	0.0000102
all	527	17	886578	0.0000192
all	528	12	886578	0.0000135
all	529	9	886578	0.0000102
all	530	7	886578	0.0000079
all	531	23	886578	0.0000259
all	532	16	886578	0.0000180
all	533	9	886578	0.0000102
all	534	5	886578	0.0000056
all	535	15	886578	0.0000169
all	536	13	886578	0.0000147
all	537	11	886578	0.0000124
all	538	4	886578	0.0000045
all	539	9	886578	0.0000102
all	540	9	886578	0.0000102
all	541	8	886578	0.0000090
all	542	16	886578	0.0000180
all	543	16	886578	0.0000180
all	544	15	886578	0.0000169
all	545	17	886578	0.0000192
all	546	18	886578	0.0000203
all	547	25	886578	0.0000282
all	548	16	886578	0.0000180
all	549	14	886578	0.0000158
all	550	23	886578	0.0000259
all	551	12	886578	0.0000135
all	552	11	886578	0.0000124
all	553	8	886578	0.0000090
all	554	22	886578	0.0000248
all	555	14	886578	0.0000158
all	556	16	886578	0.0000180
all	557	12	886578	0.0000135
all	558	5	886578	0.0000056
all	559	13	886578	0.0000147
all	560	10	886578	0.0000113
all	561	10	886578	0.0000113
all	562	16	886578	0.0000180
all	563	7	886578	0.0000079
all	564	12	886578	0.0000135
all	565	13	886578	0.0000147
all	566	14	886578	0.0000158
all	567	8	886578	0.0000090
all	568	15	886578	0.0000169
all	569	6	886578	0.0000068
all	570	6	886578	0.0000068
all	571	8	886578	0.0000090
all	572	19	886578	0.0000214
all	573	5	886578	0.0000056
all	574	10	886578	0.0000113
all	575	7	886578	0.0000079
all	576	12	886578	0.0000135
all	577	10	886578	0.0000113
all	578	9	886578	0.0000102
all	579	10	886578	0.0000113
all	580	8	886578	0.0000090
all	581	4	886578	0.0000045
all	582	5	886578	0.0000056
all	583	10	886578	0.0000113
all	584	9	886578	0.0000102
all	585	10	886578	0.0000113
all	586	22	886578	0.0000248
all	587	28	886578	0.0000316
all	588	9	886578	0.0000102
all	589	12	886578	0.0000135
all	590	14	886578	0.0000158
all	591	6	886578	0.0000068
all	592	6	886578	0.0000068
all	593	9	886578	0.0000102
all	594	10	886578	0.0000113
all	595	7	886578	0.0000079
all	596	9	886578	0.0000102
all	597	4	886578	0.0000045
all	598	13	886578	0.0000147
all	599	8	886578	0.0000090
all	600	12	886578	0.0000135
all	601	10	886578	0.0000113
all	602	7	886578	0.0000079
all	603	9	886578	0.0000102
all	604	13	886578	0.0000147
all	605	4	886578	0.0000045
all	606	7	886578	0.0000079
all	607	8	886578	0.0000090
all	608	10	886578	0.0000113
all	609	9	886578	0.0000102
all	610	6	886578	0.0000068
all	611	7	886578	0.0000079
all	612	6	886578	0.0000068
all	613	8	886578	0.0000090
all	614	7	886578	0.0000079
all	615	8	886578	0.0000090
all	616	3	886578	0.0000034
all	617	5	886578	0.0000056
all	618	4	886578	0.0000045
all	619	16	886578	0.0000180
all	620	4	886578	0.0000045
all	621	6	886578	0.0000068
all	622	8	886578	0.0000090
all	623	5	886578	0.0000056
all	624	8	886578	0.0000090
all	625	8	886578	0.0000090
all	626	16	886578	0.0000180
all	627	7	886578	0.0000079
all	628	4	886578	0.0000045
all	629	7	886578	0.0000079
all	630	7	886578	0.0000079
all	631	2	886578	0.0000023
all	632	5	886578	0.0000056
all	633	4	886578	0.0000045
all	634	3	886578	0.0000034
all	635	6	886578	0.0000068
all	636	7	886578	0.0000079
all	637	11	886578	0.0000124
all	638	6	886578	0.0000068
all	639	8	886578	0.0000090
all	640	12	886578	0.0000135
all	641	10	886578	0.0000113
all	642	3	886578	0.0000034
all	643	6	886578	0.0000068
all	644	10	886578	0.0000113
all	645	1	886578	0.0000011
all	646	4	886578	0.0000045
all	647	3	886578	0.0000034
all	648	7	886578	0.0000079
all	649	2	886578	0.0000023
all	650	9	886578	0.0000102
all	651	7	886578	0.0000079
all	652	6	886578	0.0000068
all	653	3	886578	0.0000034
all	654	6	886578	0.0000068
all	655	5	886578	0.0000056
all	656	3	886578	0.0000034
all	657	6	886578	0.0000068
all	658	9	886578	0.0000102
all	659	5	886578	0.0000056
all	660	6	886578	0.0000068
all	661	4	886578	0.0000045
all	662	4	886578	0.0000045
all	663	3	886578	0.0000034
all	664	5	886578	0.0000056
all	665	7	886578	0.0000079
all	666	3	886578	0.0000034
all	667	7	886578	0.0000079
all	668	8	886578	0.0000090
all	669	2	886578	0.0000023
all	670	5	886578	0.0000056
all	671	8	886578	0.0000090
all	672	5	886578	0.0000056
all	673	7	886578	0.0000079
all	674	9	886578	0.0000102
all	675	6	886578	0.0000068
all	676	3	886578	0.0000034
all	677	4	886578	0.0000045
all	678	9	886578	0.0000102
all	679	6	886578	0.0000068
all	680	12	886578	0.0000135
all	681	6	886578	0.0000068
all	682	6	886578	0.0000068
all	683	11	886578	0.0000124
all	684	12	886578	0.0000135
all	685	9	886578	0.0000102
all	686	9	886578	0.0000102
all	687	10	886578	0.0000113
all	688	9	886578	0.0000102
all	689	10	886578	0.0000113
all	690	4	886578	0.0000045
all	691	12	886578	0.0000135
all	692	10	886578	0.0000113
all	693	4	886578	0.0000045
all	694	5	886578	0.0000056
all	695	6	886578	0.0000068
all	696	7	886578	0.0000079
all	697	8	886578	0.0000090
all	698	5	886578	0.0000056
all	699	4	886578	0.0000045
all	700	14	886578	0.0000158
all	701	6	886578	0.0000068
all	702	25	886578	0.0000282
all	703	9	886578	0.0000102
all	704	9	886578	0.0000102
all	705	7	886578	0.0000079
all	706	9	886578	0.0000102
all	707	13	886578	0.0000147
all	708	6	886578	0.0000068
all	709	2	886578	0.0000023
all	710	14	886578	0.0000158
all	711	4	886578	0.0000045
all	712	7	886578	0.0000079
all	713	8	886578	0.0000090
all	714	10	886578	0.0000113
all	715	7	886578	0.0000079
all	716	7	886578	0.0000079
all	717	5	886578	0.0000056
all	718	8	886578	0.0000090
all	719	6	886578	0.0000068
all	720	5	886578	0.0000056
all	721	6	886578	0.0000068
all	722	4	886578	0.0000045
all	723	4	886578	0.0000045
all	724	4	886578	0.0000045
all	725	4	886578	0.0000045
all	726	4	886578	0.0000045
all	727	5	886578	0.0000056
all	728	1	886578	0.0000011
all	729	4	886578	0.0000045
all	730	1	886578	0.0000011
all	731	3	886578	0.0000034
all	732	3	886578	0.0000034
all	733	8	886578	0.0000090
all	734	4	886578	0.0000045
all	735	5	886578	0.0000056
all	736	9	886578	0.0000102
all	737	9	886578	0.0000102
all	738	9	886578	0.0000102
all	739	4	886578	0.0000045
all	741	2	886578	0.0000023
all	742	7	886578	0.0000079
all	743	4	886578	0.0000045
all	744	5	886578	0.0000056
all	745	3	886578	0.0000034
all	746	6	886578	0.0000068
all	747	5	886578	0.0000056
all	748	5	886578	0.0000056
all	749	6	886578	0.0000068
all	750	6	886578	0.0000068
all	751	5	886578	0.0000056
all	752	2	886578	0.0000023
all	753	1	886578	0.0000011
all	754	4	886578	0.0000045
all	755	4	886578	0.0000045
all	756	3	886578	0.0000034
all	757	8	886578	0.0000090
all	758	5	886578	0.0000056
all	759	2	886578	0.0000023
all	760	9	886578	0.0000102
all	761	10	886578	0.0000113
all	762	7	886578	0.0000079
all	763	6	886578	0.0000068
all	764	6	886578	0.0000068
all	765	9	886578	0.0000102
all	766	8	886578	0.0000090
all	767	16	886578	0.0000180
all	768	11	886578	0.0000124
all	769	7	886578	0.0000079
all	770	7	886578	0.0000079
all	772	4	886578	0.0000045
all	773	5	886578	0.0000056
all	774	8	886578	0.0000090
all	775	13	886578	0.0000147
all	776	3	886578	0.0000034
all	777	6	886578	0.0000068
all	778	7	886578	0.0000079
all	779	12	886578	0.0000135
all	780	9	886578	0.0000102
all	781	5	886578	0.0000056
all	782	7	886578	0.0000079
all	783	7	886578	0.0000079
all	784	9	886578	0.0000102
all	785	8	886578	0.0000090
all	786	4	886578	0.0000045
all	787	7	886578	0.0000079
all	788	6	886578	0.0000068
all	789	9	886578	0.0000102
all	790	9	886578	0.0000102
all	791	6	886578	0.0000068
all	792	9	886578	0.0000102
all	793	5	886578	0.0000056
all	794	6	886578	0.0000068
all	795	6	886578	0.0000068
all	796	7	886578	0.0000079
all	797	3	886578	0.0000034
all	798	7	886578	0.0000079
all	799	6	886578	0.0000068
all	800	4	886578	0.0000045
all	801	8	886578	0.0000090
all	802	4	886578	0.0000045
all	803	10	886578	0.0000113
all	804	5	886578	0.0000056
all	805	9	886578	0.0000102
all	806	12	886578	0.0000135
all	807	17	886578	0.0000192
all	808	12	886578	0.0000135
all	809	5	886578	0.0000056
all	810	8	886578	0.0000090
all	811	8	886578	0.0000090
all	812	6	886578	0.0000068
all	813	7	886578	0.0000079
all	814	4	886578	0.0000045
all	815	7	886578	0.0000079
all	816	7	886578	0.0000079
all	817	8	886578	0.0000090
all	818	8	886578	0.0000090
all	819	11	886578	0.0000124
all	820	9	886578	0.0000102
all	821	6	886578	0.0000068
all	822	10	886578	0.0000113
all	823	3	886578	0.0000034
all	824	5	886578	0.0000056
all	825	3	886578	0.0000034
all	826	7	886578	0.0000079
all	827	6	886578	0.0000068
all	828	6	886578	0.0000068
all	829	7	886578	0.0000079
all	830	3	886578	0.0000034
all	831	10	886578	0.0000113
all	832	11	886578	0.0000124
all	833	10	886578	0.0000113
all	834	5	886578	0.0000056
all	835	8	886578	0.0000090
all	836	14	886578	0.0000158
all	837	13	886578	0.0000147
all	838	7	886578	0.0000079
all	839	7	886578	0.0000079
all	840	9	886578	0.0000102
all	841	5	886578	0.0000056
all	842	13	886578	0.0000147
all	843	8	886578	0.0000090
all	844	4	886578	0.0000045
all	845	10	886578	0.0000113
all	846	3	886578	0.0000034
all	847	2	886578	0.0000023
all	848	6	886578	0.0000068
all	849	7	886578	0.0000079
all	850	8	886578	0.0000090
all	851	9	886578	0.0000102
all	852	9	886578	0.0000102
all	853	4	886578	0.0000045
all	854	4	886578	0.0000045
all	855	5	886578	0.0000056
all	856	5	886578	0.0000056
all	857	1	886578	0.0000011
all	858	12	886578	0.0000135
all	859	3	886578	0.0000034
all	860	7	886578	0.0000079
all	861	1	886578	0.0000011
all	862	2	886578	0.0000023
all	863	6	886578	0.0000068
all	864	3	886578	0.0000034
all	865	9	886578	0.0000102
all	866	8	886578	0.0000090
all	867	7	886578	0.0000079
all	868	9	886578	0.0000102
all	869	6	886578	0.0000068
all	870	11	886578	0.0000124
all	871	14	886578	0.0000158
all	872	4	886578	0.0000045
all	873	6	886578	0.0000068
all	874	5	886578	0.0000056
all	875	10	886578	0.0000113
all	876	5	886578	0.0000056
all	877	5	886578	0.0000056
all	878	10	886578	0.0000113
all	879	5	886578	0.0000056
all	880	11	886578	0.0000124
all	881	8	886578	0.0000090
all	882	1	886578	0.0000011
all	883	6	886578	0.0000068
all	884	10	886578	0.0000113
all	885	7	886578	0.0000079
all	886	9	886578	0.0000102
all	887	2	886578	0.0000023
all	888	10	886578	0.0000113
all	889	11	886578	0.0000124
all	890	9	886578	0.0000102
all	891	13	886578	0.0000147
all	892	7	886578	0.0000079
all	893	16	886578	0.0000180
all	894	11	886578	0.0000124
all	895	10	886578	0.0000113
all	896	6	886578	0.0000068
all	897	5	886578	0.0000056
all	898	7	886578	0.0000079
all	899	6	886578	0.0000068
all	900	6	886578	0.0000068
all	901	7	886578	0.0000079
all	902	2	886578	0.0000023
all	903	7	886578	0.0000079
all	904	6	886578	0.0000068
all	905	9	886578	0.0000102
all	906	6	886578	0.0000068
all	907	8	886578	0.0000090
all	908	3	886578	0.0000034
all	909	9	886578	0.0000102
all	910	5	886578	0.0000056
all	911	2	886578	0.0000023
all	912	6	886578	0.0000068
all	913	1	886578	0.0000011
all	914	9	886578	0.0000102
all	915	6	886578	0.0000068
all	916	14	886578	0.0000158
all	917	5	886578	0.0000056
all	918	11	886578	0.0000124
all	919	5	886578	0.0000056
all	920	13	886578	0.0000147
all	921	4	886578	0.0000045
all	922	29	886578	0.0000327
all	923	10	886578	0.0000113
all	924	6	886578	0.0000068
all	925	3	886578	0.0000034
all	926	9	886578	0.0000102
all	927	4	886578	0.0000045
all	928	9	886578	0.0000102
all	929	8	886578	0.0000090
all	930	6	886578	0.0000068
all	931	5	886578	0.0000056
all	932	8	886578	0.0000090
all	933	8	886578	0.0000090
all	934	13	886578	0.0000147
all	935	3	886578	0.0000034
all	936	12	886578	0.0000135
all	937	4	886578	0.0000045
all	938	2	886578	0.0000023
all	939	4	886578	0.0000045
all	940	3	886578	0.0000034
all	941	2	886578	0.0000023
all	942	7	886578	0.0000079
all	943	5	886578	0.0000056
all	944	4	886578	0.0000045
all	945	8	886578	0.0000090
all	946	8	886578	0.0000090
all	947	7	886578	0.0000079
all	948	9	886578	0.0000102
all	949	5	886578	0.0000056
all	950	4	886578	0.0000045
all	951	9	886578	0.0000102
all	952	6	886578	0.0000068
all	953	9	886578	0.0000102
all	954	3	886578	0.0000034
all	955	8	886578	0.0000090
all	956	2	886578	0.0000023
all	957	9	886578	0.0000102
all	958	5	886578	0.0000056
all	959	6	886578	0.0000068
all	960	9	886578	0.0000102
all	961	4	886578	0.0000045
all	962	4	886578	0.0000045
all	963	5	886578	0.0000056
all	964	6	886578	0.0000068
all	965	2	886578	0.0000023
all	966	6	886578	0.0000068
all	967	7	886578	0.0000079
all	968	4	886578	0.0000045
all	969	5	886578	0.0000056
all	970	8	886578	0.0000090
all	971	6	886578	0.0000068
all	972	10	886578	0.0000113
all	973	7	886578	0.0000079
all	974	11	886578	0.0000124
all	975	9	886578	0.0000102
all	976	5	886578	0.0000056
all	977	9	886578	0.0000102
all	978	4	886578	0.0000045
all	979	5	886578	0.0000056
all	980	4	886578	0.0000045
all	981	4	886578	0.0000045
all	982	7	886578	0.0000079
all	983	8	886578	0.0000090
all	984	4	886578	0.0000045
all	985	6	886578	0.0000068
all	986	10	886578	0.0000113
all	987	3	886578	0.0000034
all	988	8	886578	0.0000090
all	989	5	886578	0.0000056
all	990	8	886578	0.0000090
all	991	2	886578	0.0000023
all	992	8	886578	0.0000090
all	993	6	886578	0.0000068
all	994	4	886578	0.0000045
all	995	5	886578	0.0000056
all	996	10	886578	0.0000113
all	997	8	886578	0.0000090
all	998	3	886578	0.0000034
all	999	1	886578	0.0000011
all	1000	8	886578	0.0000090
all	1001	2	886578	0.0000023
all	1002	7	886578	0.0000079
all	1003	9	886578	0.0000102
all	1004	4	886578	0.0000045
all	1005	3	886578	0.0000034
all	1006	2	886578	0.0000023
all	1007	2	886578	0.0000023
all	1008	3	886578	0.0000034
all	1009	3	886578	0.0000034
all	1010	6	886578	0.0000068
all	1011	3	886578	0.0000034
all	1012	3	886578	0.0000034
all	1013	7	886578	0.0000079
all	1014	4	886578	0.0000045
all	1015	8	886578	0.0000090
all	1016	7	886578	0.0000079
all	1017	5	886578	0.0000056
all	1018	6	886578	0.0000068
all	1019	6	886578	0.0000068
all	1020	5	886578	0.0000056
all	1021	5	886578	0.0000056
all	1022	3	886578	0.0000034
all	1023	5	886578	0.0000056
all	1024	4	886578	0.0000045
all	1025	4	886578	0.0000045
all	1026	8	886578	0.0000090
all	1027	11	886578	0.0000124
all	1028	7	886578	0.0000079
all	1029	4	886578	0.0000045
all	1030	5	886578	0.0000056
all	1031	16	886578	0.0000180
all	1032	6	886578	0.0000068
all	1033	8	886578	0.0000090
all	1034	8	886578	0.0000090
all	1035	5	886578	0.0000056
all	1036	4	886578	0.0000045
all	1037	5	886578	0.0000056
all	1038	1	886578	0.0000011
all	1039	11	886578	0.0000124
all	1040	11	886578	0.0000124
all	1041	1	886578	0.0000011
all	1042	10	886578	0.0000113
all	1043	8	886578	0.0000090
all	1044	3	886578	0.0000034
all	1045	4	886578	0.0000045
all	1046	4	886578	0.0000045
all	1047	7	886578	0.0000079
all	1048	2	886578	0.0000023
all	1049	2	886578	0.0000023
all	1050	8	886578	0.0000090
all	1051	8	886578	0.0000090
all	1052	3	886578	0.0000034
all	1053	4	886578	0.0000045
all	1054	1	886578	0.0000011
all	1055	4	886578	0.0000045
all	1056	6	886578	0.0000068
all	1057	4	886578	0.0000045
all	1058	7	886578	0.0000079
all	1059	5	886578	0.0000056
all	1060	4	886578	0.0000045
all	1061	2	886578	0.0000023
all	1062	2	886578	0.0000023
all	1063	7	886578	0.0000079
all	1064	5	886578	0.0000056
all	1065	5	886578	0.0000056
all	1066	1	886578	0.0000011
all	1067	2	886578	0.0000023
all	1068	3	886578	0.0000034
all	1069	5	886578	0.0000056
all	1070	4	886578	0.0000045
all	1071	9	886578	0.0000102
all	1072	2	886578	0.0000023
all	1073	4	886578	0.0000045
all	1074	4	886578	0.0000045
all	1075	4	886578	0.0000045
all	1076	9	886578	0.0000102
all	1077	3	886578	0.0000034
all	1078	8	886578	0.0000090
all	1079	7	886578	0.0000079
all	1080	2	886578	0.0000023
all	1081	2	886578	0.0000023
all	1082	4	886578	0.0000045
all	1083	4	886578	0.0000045
all	1084	2	886578	0.0000023
all	1085	7	886578	0.0000079
all	1086	5	886578	0.0000056
all	1087	7	886578	0.0000079
all	1088	2	886578	0.0000023
all	1089	1	886578	0.0000011
all	1090	6	886578	0.0000068
all	1091	3	886578	0.0000034
all	1092	5	886578	0.0000056
all	1093	6	886578	0.0000068
all	1094	5	886578	0.0000056
all	1095	2	886578	0.0000023
all	1096	6	886578	0.0000068
all	1097	3	886578	0.0000034
all	1098	4	886578	0.0000045
all	1099	10	886578	0.0000113
all	1100	3	886578	0.0000034
all	1101	3	886578	0.0000034
all	1102	2	886578	0.0000023
all	1103	8	886578	0.0000090
all	1104	9	886578	0.0000102
all	1105	5	886578	0.0000056
all	1106	2	886578	0.0000023
all	1107	2	886578	0.0000023
all	1108	8	886578	0.0000090
all	1109	5	886578	0.0000056
all	1110	8	886578	0.0000090
all	1111	10	886578	0.0000113
all	1112	5	886578	0.0000056
all	1113	4	886578	0.0000045
all	1114	11	886578	0.0000124
all	1115	8	886578	0.0000090
all	1116	6	886578	0.0000068
all	1117	6	886578	0.0000068
all	1118	13	886578	0.0000147
all	1119	13	886578	0.0000147
all	1120	7	886578	0.0000079
all	1121	5	886578	0.0000056
all	1122	6	886578	0.0000068
all	1123	12	886578	0.0000135
all	1124	5	886578	0.0000056
all	1125	3	886578	0.0000034
all	1127	4	886578	0.0000045
all	1128	3	886578	0.0000034
all	1129	9	886578	0.0000102
all	1130	8	886578	0.0000090
all	1131	3	886578	0.0000034
all	1132	5	886578	0.0000056
all	1133	8	886578	0.0000090
all	1134	7	886578	0.0000079
all	1135	3	886578	0.0000034
all	1136	4	886578	0.0000045
all	1137	2	886578	0.0000023
all	1138	1	886578	0.0000011
all	1139	3	886578	0.0000034
all	1140	3	886578	0.0000034
all	1141	2	886578	0.0000023
all	1142	2	886578	0.0000023
all	1143	2	886578	0.0000023
all	1144	3	886578	0.0000034
all	1145	2	886578	0.0000023
all	1146	4	886578	0.0000045
all	1147	3	886578	0.0000034
all	1148	7	886578	0.0000079
all	1149	6	886578	0.0000068
all	1150	4	886578	0.0000045
all	1151	2	886578	0.0000023
all	1152	1	886578	0.0000011
all	1153	5	886578	0.0000056
all	1154	1	886578	0.0000011
all	1155	3	886578	0.0000034
all	1156	1	886578	0.0000011
all	1157	3	886578	0.0000034
all	1158	2	886578	0.0000023
all	1159	2	886578	0.0000023
all	1160	2	886578	0.0000023
all	1161	1	886578	0.0000011
all	1162	3	886578	0.0000034
all	1164	3	886578	0.0000034
all	1165	2	886578	0.0000023
all	1166	4	886578	0.0000045
all	1167	1	886578	0.0000011
all	1168	2	886578	0.0000023
all	1169	3	886578	0.0000034
all	1170	5	886578	0.0000056
all	1171	4	886578	0.0000045
all	1172	1	886578	0.0000011
all	1173	1	886578	0.0000011
all	1174	1	886578	0.0000011
all	1175	4	886578	0.0000045
all	1176	1	886578	0.0000011
all	1177	3	886578	0.0000034
all	1178	1	886578	0.0000011
all	1179	5	886578	0.0000056
all	1180	2	886578	0.0000023
all	1181	3	886578	0.0000034
all	1182	2	886578	0.0000023
all	1183	1	886578	0.0000011
all	1184	3	886578	0.0000034
all	1185	3	886578	0.0000034
all	1187	6	886578	0.0000068
all	1188	5	886578	0.0000056
all	1189	1	886578	0.0000011
all	1190	2	886578	0.0000023
all	1191	1	886578	0.0000011
all	1192	3	886578	0.0000034
all	1193	2	886578	0.0000023
all	1194	2	886578	0.0000023
all	1195	8	886578	0.0000090
all	1196	3	886578	0.0000034
all	1197	2	886578	0.0000023
all	1198	3	886578	0.0000034
all	1199	8	886578	0.0000090
all	1200	3	886578	0.0000034
all	1201	5	886578	0.0000056
all	1202	5	886578	0.0000056
all	1203	4	886578	0.0000045
all	1204	4	886578	0.0000045
all	1205	2	886578	0.0000023
all	1206	5	886578	0.0000056
all	1207	4	886578	0.0000045
all	1208	3	886578	0.0000034
all	1209	5	886578	0.0000056
all	1210	4	886578	0.0000045
all	1211	1	886578	0.0000011
all	1212	5	886578	0.0000056
all	1213	3	886578	0.0000034
all	1214	4	886578	0.0000045
all	1215	6	886578	0.0000068
all	1216	3	886578	0.0000034
all	1217	3	886578	0.0000034
all	1218	1	886578	0.0000011
all	1219	12	886578	0.0000135
all	1220	5	886578	0.0000056
all	1221	1	886578	0.0000011
all	1222	2	886578	0.0000023
all	1223	6	886578	0.0000068
all	1224	2	886578	0.0000023
all	1225	2	886578	0.0000023
all	1226	7	886578	0.0000079
all	1227	4	886578	0.0000045
all	1228	5	886578	0.0000056
all	1229	4	886578	0.0000045
all	1230	1	886578	0.0000011
all	1232	6	886578	0.0000068
all	1233	7	886578	0.0000079
all	1234	4	886578	0.0000045
all	1235	2	886578	0.0000023
all	1236	4	886578	0.0000045
all	1237	1	886578	0.0000011
all	1238	3	886578	0.0000034
all	1239	3	886578	0.0000034
all	1240	3	886578	0.0000034
all	1241	3	886578	0.0000034
all	1242	1	886578	0.0000011
all	1243	4	886578	0.0000045
all	1244	4	886578	0.0000045
all	1245	4	886578	0.0000045
all	1246	1	886578	0.0000011
all	1247	3	886578	0.0000034
all	1248	4	886578	0.0000045
all	1249	5	886578	0.0000056
all	1250	3	886578	0.0000034
all	1251	2	886578	0.0000023
all	1252	3	886578	0.0000034
all	1253	2	886578	0.0000023
all	1254	5	886578	0.0000056
all	1255	5	886578	0.0000056
all	1256	3	886578	0.0000034
all	1257	4	886578	0.0000045
all	1258	3	886578	0.0000034
all	1259	5	886578	0.0000056
all	1260	4	886578	0.0000045
all	1261	2	886578	0.0000023
all	1262	4	886578	0.0000045
all	1263	5	886578	0.0000056
all	1264	3	886578	0.0000034
all	1265	5	886578	0.0000056
all	1266	3	886578	0.0000034
all	1267	5	886578	0.0000056
all	1268	2	886578	0.0000023
all	1269	3	886578	0.0000034
all	1270	3	886578	0.0000034
all	1271	1	886578	0.0000011
all	1272	3	886578	0.0000034
all	1273	3	886578	0.0000034
all	1274	5	886578	0.0000056
all	1275	5	886578	0.0000056
all	1276	4	886578	0.0000045
all	1277	2	886578	0.0000023
all	1278	3	886578	0.0000034
all	1279	5	886578	0.0000056
all	1280	1	886578	0.0000011
all	1281	3	886578	0.0000034
all	1282	1	886578	0.0000011
all	1283	6	886578	0.0000068
all	1284	3	886578	0.0000034
all	1285	3	886578	0.0000034
all	1286	4	886578	0.0000045
all	1287	3	886578	0.0000034
all	1288	4	886578	0.0000045
all	1289	5	886578	0.0000056
all	1291	2	886578	0.0000023
all	1292	2	886578	0.0000023
all	1293	7	886578	0.0000079
all	1294	6	886578	0.0000068
all	1295	6	886578	0.0000068
all	1296	10	886578	0.0000113
all	1297	5	886578	0.0000056
all	1298	4	886578	0.0000045
all	1299	4	886578	0.0000045
all	1300	6	886578	0.0000068
all	1301	5	886578	0.0000056
all	1302	1	886578	0.0000011
all	1303	2	886578	0.0000023
all	1304	2	886578	0.0000023
all	1305	8	886578	0.0000090
all	1306	8	886578	0.0000090
all	1307	2	886578	0.0000023
all	1308	5	886578	0.0000056
all	1309	6	886578	0.0000068
all	1310	3	886578	0.0000034
all	1311	3	886578	0.0000034
all	1312	2	886578	0.0000023
all	1313	1	886578	0.0000011
all	1314	10	886578	0.0000113
all	1315	9	886578	0.0000102
all	1316	4	886578	0.0000045
all	1317	4	886578	0.0000045
all	1318	7	886578	0.0000079
all	1319	9	886578	0.0000102
all	1320	4	886578	0.0000045
all	1321	18	886578	0.0000203
all	1322	9	886578	0.0000102
all	1324	7	886578	0.0000079
all	1325	3	886578	0.0000034
all	1326	6	886578	0.0000068
all	1327	4	886578	0.0000045
all	1328	4	886578	0.0000045
all	1329	9	886578	0.0000102
all	1330	6	886578	0.0000068
all	1331	10	886578	0.0000113
all	1332	5	886578	0.0000056
all	1333	12	886578	0.0000135
all	1334	4	886578	0.0000045
all	1335	7	886578	0.0000079
all	1336	5	886578	0.0000056
all	1337	4	886578	0.0000045
all	1338	2	886578	0.0000023
all	1339	5	886578	0.0000056
all	1340	1	886578	0.0000011
all	1341	5	886578	0.0000056
all	1342	1	886578	0.0000011
all	1343	5	886578	0.0000056
all	1344	3	886578	0.0000034
all	1345	6	886578	0.0000068
all	1347	1	886578	0.0000011
all	1348	3	886578	0.0000034
all	1349	5	886578	0.0000056
all	1350	3	886578	0.0000034
all	1351	1	886578	0.0000011
all	1352	1	886578	0.0000011
all	1353	7	886578	0.0000079
all	1354	6	886578	0.0000068
all	1355	4	886578	0.0000045
all	1356	4	886578	0.0000045
all	1357	6	886578	0.0000068
all	1358	3	886578	0.0000034
all	1359	1	886578	0.0000011
all	1360	2	886578	0.0000023
all	1361	3	886578	0.0000034
all	1362	7	886578	0.0000079
all	1363	2	886578	0.0000023
all	1364	5	886578	0.0000056
all	1365	6	886578	0.0000068
all	1366	6	886578	0.0000068
all	1367	8	886578	0.0000090
all	1368	3	886578	0.0000034
all	1369	4	886578	0.0000045
all	1370	5	886578	0.0000056
all	1371	4	886578	0.0000045
all	1372	4	886578	0.0000045
all	1373	4	886578	0.0000045
all	1374	4	886578	0.0000045
all	1375	3	886578	0.0000034
all	1376	6	886578	0.0000068
all	1377	3	886578	0.0000034
all	1378	6	886578	0.0000068
all	1379	3	886578	0.0000034
all	1380	1	886578	0.0000011
all	1381	2	886578	0.0000023
all	1382	5	886578	0.0000056
all	1383	4	886578	0.0000045
all	1384	3	886578	0.0000034
all	1385	2	886578	0.0000023
all	1386	3	886578	0.0000034
all	1387	1	886578	0.0000011
all	1388	3	886578	0.0000034
all	1389	2	886578	0.0000023
all	1390	4	886578	0.0000045
all	1391	5	886578	0.0000056
all	1392	3	886578	0.0000034
all	1393	2	886578	0.0000023
all	1394	3	886578	0.0000034
all	1396	1	886578	0.0000011
all	1397	4	886578	0.0000045
all	1398	4	886578	0.0000045
all	1399	2	886578	0.0000023
all	1400	3	886578	0.0000034
all	1401	1	886578	0.0000011
all	1402	2	886578	0.0000023
all	1403	1	886578	0.0000011
all	1404	4	886578	0.0000045
all	1405	4	886578	0.0000045
all	1406	3	886578	0.0000034
all	1407	2	886578	0.0000023
all	1408	3	886578	0.0000034
all	1409	7	886578	0.0000079
all	1410	1	886578	0.0000011
all	1411	4	886578	0.0000045
all	1413	3	886578	0.0000034
all	1414	5	886578	0.0000056
all	1415	2	886578	0.0000023
all	1416	1	886578	0.0000011
all	1418	4	886578	0.0000045
all	1419	2	886578	0.0000023
all	1420	3	886578	0.0000034
all	1421	1	886578	0.0000011
all	1422	5	886578	0.0000056
all	1423	5	886578	0.0000056
all	1424	1	886578	0.0000011
all	1425	6	886578	0.0000068
all	1426	1	886578	0.0000011
all	1427	4	886578	0.0000045
all	1428	2	886578	0.0000023
all	1429	4	886578	0.0000045
all	1430	2	886578	0.0000023
all	1431	4	886578	0.0000045
all	1432	5	886578	0.0000056
all	1433	3	886578	0.0000034
all	1434	3	886578	0.0000034
all	1435	3	886578	0.0000034
all	1436	3	886578	0.0000034
all	1437	4	886578	0.0000045
all	1438	7	886578	0.0000079
all	1439	6	886578	0.0000068
all	1440	4	886578	0.0000045
all	1441	5	886578	0.0000056
all	1443	5	886578	0.0000056
all	1445	1	886578	0.0000011
all	1446	2	886578	0.0000023
all	1447	3	886578	0.0000034
all	1448	3	886578	0.0000034
all	1449	6	886578	0.0000068
all	1450	2	886578	0.0000023
all	1451	5	886578	0.0000056
all	1452	6	886578	0.0000068
all	1453	1	886578	0.0000011
all	1454	1	886578	0.0000011
all	1455	2	886578	0.0000023
all	1456	4	886578	0.0000045
all	1457	4	886578	0.0000045
all	1458	5	886578	0.0000056
all	1459	5	886578	0.0000056
all	1460	2	886578	0.0000023
all	1462	5	886578	0.0000056
all	1463	6	886578	0.0000068
all	1464	2	886578	0.0000023
all	1465	2	886578	0.0000023
all	1466	2	886578	0.0000023
all	1468	3	886578	0.0000034
all	1469	3	886578	0.0000034
all	1470	4	886578	0.0000045
all	1471	4	886578	0.0000045
all	1472	1	886578	0.0000011
all	1473	2	886578	0.0000023
all	1474	5	886578	0.0000056
all	1475	2	886578	0.0000023
all	1476	2	886578	0.0000023
all	1477	3	886578	0.0000034
all	1479	3	886578	0.0000034
all	1480	2	886578	0.0000023
all	1481	4	886578	0.0000045
all	1482	1	886578	0.0000011
all	1483	6	886578	0.0000068
all	1484	5	886578	0.0000056
all	1485	3	886578	0.0000034
all	1486	5	886578	0.0000056
all	1487	2	886578	0.0000023
all	1488	3	886578	0.0000034
all	1490	2	886578	0.0000023
all	1491	4	886578	0.0000045
all	1492	2	886578	0.0000023
all	1493	1	886578	0.0000011
all	1494	6	886578	0.0000068
all	1495	3	886578	0.0000034
all	1496	3	886578	0.0000034
all	1497	11	886578	0.0000124
all	1498	1	886578	0.0000011
all	1499	7	886578	0.0000079
all	1500	3	886578	0.0000034
all	1501	2	886578	0.0000023
all	1502	2	886578	0.0000023
all	1503	3	886578	0.0000034
all	1504	3	886578	0.0000034
all	1505	2	886578	0.0000023
all	1506	3	886578	0.0000034
all	1507	5	886578	0.0000056
all	1508	3	886578	0.0000034
all	1509	2	886578	0.0000023
all	1510	2	886578	0.0000023
all	1511	1	886578	0.0000011
all	1512	6	886578	0.0000068
all	1513	4	886578	0.0000045
all	1514	3	886578	0.0000034
all	1515	2	886578	0.0000023
all	1516	5	886578	0.0000056
all	1517	1	886578	0.0000011
all	1518	6	886578	0.0000068
all	1519	4	886578	0.0000045
all	1520	2	886578	0.0000023
all	1521	4	886578	0.0000045
all	1522	8	886578	0.0000090
all	1523	4	886578	0.0000045
all	1524	5	886578	0.0000056
all	1525	4	886578	0.0000045
all	1526	1	886578	0.0000011
all	1527	6	886578	0.0000068
all	1528	4	886578	0.0000045
all	1529	5	886578	0.0000056
all	1530	4	886578	0.0000045
all	1531	5	886578	0.0000056
all	1532	10	886578	0.0000113
all	1533	4	886578	0.0000045
all	1534	7	886578	0.0000079
all	1535	2	886578	0.0000023
all	1536	4	886578	0.0000045
all	1537	1	886578	0.0000011
all	1538	2	886578	0.0000023
all	1539	2	886578	0.0000023
all	1541	8	886578	0.0000090
all	1542	3	886578	0.0000034
all	1543	4	886578	0.0000045
all	1544	7	886578	0.0000079
all	1545	1	886578	0.0000011
all	1546	3	886578	0.0000034
all	1548	1	886578	0.0000011
all	1549	2	886578	0.0000023
all	1550	1	886578	0.0000011
all	1551	3	886578	0.0000034
all	1552	4	886578	0.0000045
all	1553	2	886578	0.0000023
all	1554	4	886578	0.0000045
all	1555	7	886578	0.0000079
all	1556	7	886578	0.0000079
all	1557	2	886578	0.0000023
all	1558	6	886578	0.0000068
all	1559	4	886578	0.0000045
all	1560	2	886578	0.0000023
all	1561	2	886578	0.0000023
all	1562	4	886578	0.0000045
all	1563	4	886578	0.0000045
all	1564	3	886578	0.0000034
all	1565	2	886578	0.0000023
all	1566	3	886578	0.0000034
all	1567	4	886578	0.0000045
all	1568	1	886578	0.0000011
all	1569	5	886578	0.0000056
all	1570	2	886578	0.0000023
all	1572	3	886578	0.0000034
all	1573	2	886578	0.0000023
all	1574	5	886578	0.0000056
all	1575	1	886578	0.0000011
all	1576	1	886578	0.0000011
all	1577	1	886578	0.0000011
all	1578	2	886578	0.0000023
all	1579	3	886578	0.0000034
all	1580	1	886578	0.0000011
all	1581	1	886578	0.0000011
all	1582	1	886578	0.0000011
all	1583	5	886578	0.0000056
all	1584	2	886578	0.0000023
all	1585	4	886578	0.0000045
all	1586	2	886578	0.0000023
all	1587	2	886578	0.0000023
all	1588	3	886578	0.0000034
all	1589	5	886578	0.0000056
all	1590	1	886578	0.0000011
all	1591	7	886578	0.0000079
all	1592	3	886578	0.0000034
all	1593	2	886578	0.0000023
all	1594	1	886578	0.0000011
all	1595	3	886578	0.0000034
all	1596	2	886578	0.0000023
all	1597	1	886578	0.0000011
all	1598	6	886578	0.0000068
all	1599	6	886578	0.0000068
all	1600	1	886578	0.0000011
all	1601	3	886578	0.0000034
all	1602	4	886578	0.0000045
all	1603	9	886578	0.0000102
all	1605	6	886578	0.0000068
all	1606	4	886578	0.0000045
all	1607	5	886578	0.0000056
all	1608	5	886578	0.0000056
all	1609	4	886578	0.0000045
all	1610	4	886578	0.0000045
all	1611	6	886578	0.0000068
all	1612	3	886578	0.0000034
all	1613	3	886578	0.0000034
all	1614	4	886578	0.0000045
all	1615	4	886578	0.0000045
all	1616	2	886578	0.0000023
all	1617	3	886578	0.0000034
all	1618	2	886578	0.0000023
all	1619	5	886578	0.0000056
all	1620	3	886578	0.0000034
all	1621	1	886578	0.0000011
all	1622	6	886578	0.0000068
all	1623	5	886578	0.0000056
all	1624	1	886578	0.0000011
all	1625	3	886578	0.0000034
all	1626	2	886578	0.0000023
all	1627	4	886578	0.0000045
all	1628	7	886578	0.0000079
all	1629	3	886578	0.0000034
all	1630	3	886578	0.0000034
all	1631	4	886578	0.0000045
all	1632	2	886578	0.0000023
all	1633	3	886578	0.0000034
all	1634	5	886578	0.0000056
all	1635	3	886578	0.0000034
all	1636	2	886578	0.0000023
all	1637	5	886578	0.0000056
all	1638	6	886578	0.0000068
all	1639	7	886578	0.0000079
all	1640	4	886578	0.0000045
all	1641	6	886578	0.0000068
all	1642	7	886578	0.0000079
all	1643	8	886578	0.0000090
all	1644	2	886578	0.0000023
all	1645	3	886578	0.0000034
all	1646	2	886578	0.0000023
all	1647	4	886578	0.0000045
all	1649	5	886578	0.0000056
all	1650	1	886578	0.0000011
all	1651	2	886578	0.0000023
all	1652	2	886578	0.0000023
all	1654	3	886578	0.0000034
all	1655	4	886578	0.0000045
all	1656	1	886578	0.0000011
all	1657	5	886578	0.0000056
all	1658	1	886578	0.0000011
all	1659	7	886578	0.0000079
all	1660	6	886578	0.0000068
all	1661	4	886578	0.0000045
all	1662	2	886578	0.0000023
all	1663	1	886578	0.0000011
all	1664	3	886578	0.0000034
all	1665	2	886578	0.0000023
all	1667	3	886578	0.0000034
all	1668	6	886578	0.0000068
all	1671	1	886578	0.0000011
all	1672	1	886578	0.0000011
all	1673	2	886578	0.0000023
all	1674	3	886578	0.0000034
all	1675	3	886578	0.0000034
all	1676	1	886578	0.0000011
all	1678	4	886578	0.0000045
all	1679	1	886578	0.0000011
all	1680	1	886578	0.0000011
all	1681	4	886578	0.0000045
all	1682	3	886578	0.0000034
all	1683	1	886578	0.0000011
all	1684	2	886578	0.0000023
all	1685	1	886578	0.0000011
all	1686	2	886578	0.0000023
all	1689	2	886578	0.0000023
all	1690	3	886578	0.0000034
all	1691	11	886578	0.0000124
all	1692	2	886578	0.0000023
all	1693	1	886578	0.0000011
all	1694	5	886578	0.0000056
all	1696	2	886578	0.0000023
all	1697	4	886578	0.0000045
all	1698	2	886578	0.0000023
all	1699	1	886578	0.0000011
all	1700	1	886578	0.0000011
all	1702	5	886578	0.0000056
all	1703	2	886578	0.0000023
all	1704	1	886578	0.0000011
all	1705	4	886578	0.0000045
all	1706	3	886578	0.0000034
all	1707	2	886578	0.0000023
all	1708	1	886578	0.0000011
all	1709	1	886578	0.0000011
all	1710	3	886578	0.0000034
all	1711	1	886578	0.0000011
all	1713	3	886578	0.0000034
all	1714	7	886578	0.0000079
all	1715	6	886578	0.0000068
all	1716	8	886578	0.0000090
all	1717	3	886578	0.0000034
all	1718	1	886578	0.0000011
all	1719	3	886578	0.0000034
all	1720	1	886578	0.0000011
all	1721	4	886578	0.0000045
all	1722	2	886578	0.0000023
all	1723	2	886578	0.0000023
all	1724	1	886578	0.0000011
all	1725	2	886578	0.0000023
all	1726	1	886578	0.0000011
all	1727	3	886578	0.0000034
all	1729	2	886578	0.0000023
all	1730	1	886578	0.0000011
all	1731	1	886578	0.0000011
all	1732	2	886578	0.0000023
all	1734	1	886578	0.0000011
all	1735	3	886578	0.0000034
all	1736	1	886578	0.0000011
all	1737	2	886578	0.0000023
all	1738	1	886578	0.0000011
all	1739	4	886578	0.0000045
all	1740	1	886578	0.0000011
all	1741	2	886578	0.0000023
all	1743	1	886578	0.0000011
all	1744	5	886578	0.0000056
all	1745	4	886578	0.0000045
all	1746	2	886578	0.0000023
all	1747	2	886578	0.0000023
all	1748	2	886578	0.0000023
all	1749	2	886578	0.0000023
all	1751	2	886578	0.0000023
all	1752	3	886578	0.0000034
all	1754	3	886578	0.0000034
all	1756	2	886578	0.0000023
all	1757	2	886578	0.0000023
all	1758	3	886578	0.0000034
all	1759	1	886578	0.0000011
all	1760	3	886578	0.0000034
all	1761	1	886578	0.0000011
all	1762	1	886578	0.0000011
all	1763	3	886578	0.0000034
all	1764	4	886578	0.0000045
all	1765	2	886578	0.0000023
all	1766	3	886578	0.0000034
all	1768	2	886578	0.0000023
all	1769	6	886578	0.0000068
all	1770	3	886578	0.0000034
all	1771	2	886578	0.0000023
all	1772	1	886578	0.0000011
all	1773	2	886578	0.0000023
all	1774	2	886578	0.0000023
all	1775	1	886578	0.0000011
all	1776	2	886578	0.0000023
all	1777	3	886578	0.0000034
all	1778	5	886578	0.0000056
all	1779	1	886578	0.0000011
all	1780	1	886578	0.0000011
all	1781	1	886578	0.0000011
all	1782	2	886578	0.0000023
all	1784	2	886578	0.0000023
all	1785	1	886578	0.0000011
all	1786	4	886578	0.0000045
all	1787	2	886578	0.0000023
all	1788	2	886578	0.0000023
all	1789	3	886578	0.0000034
all	1791	2	886578	0.0000023
all	1792	5	886578	0.0000056
all	1793	2	886578	0.0000023
all	1794	3	886578	0.0000034
all	1795	3	886578	0.0000034
all	1796	2	886578	0.0000023
all	1797	4	886578	0.0000045
all	1798	2	886578	0.0000023
all	1799	2	886578	0.0000023
all	1800	2	886578	0.0000023
all	1801	1	886578	0.0000011
all	1802	2	886578	0.0000023
all	1803	1	886578	0.0000011
all	1804	2	886578	0.0000023
all	1805	2	886578	0.0000023
all	1807	4	886578	0.0000045
all	1808	1	886578	0.0000011
all	1809	2	886578	0.0000023
all	1810	1	886578	0.0000011
all	1811	2	886578	0.0000023
all	1812	1	886578	0.0000011
all	1813	1	886578	0.0000011
all	1814	3	886578	0.0000034
all	1815	3	886578	0.0000034
all	1816	3	886578	0.0000034
all	1818	2	886578	0.0000023
all	1820	1	886578	0.0000011
all	1821	1	886578	0.0000011
all	1824	2	886578	0.0000023
all	1825	3	886578	0.0000034
all	1827	1	886578	0.0000011
all	1828	3	886578	0.0000034
all	1829	2	886578	0.0000023
all	1830	1	886578	0.0000011
all	1831	2	886578	0.0000023
all	1833	1	886578	0.0000011
all	1834	2	886578	0.0000023
all	1835	2	886578	0.0000023
all	1836	4	886578	0.0000045
all	1837	2	886578	0.0000023
all	1838	1	886578	0.0000011
all	1839	2	886578	0.0000023
all	1840	4	886578	0.0000045
all	1841	2	886578	0.0000023
all	1843	2	886578	0.0000023
all	1845	2	886578	0.0000023
all	1847	1	886578	0.0000011
all	1848	3	886578	0.0000034
all	1849	2	886578	0.0000023
all	1852	1	886578	0.0000011
all	1853	3	886578	0.0000034
all	1854	2	886578	0.0000023
all	1855	1	886578	0.0000011
all	1856	1	886578	0.0000011
all	1857	5	886578	0.0000056
all	1858	1	886578	0.0000011
all	1859	2	886578	0.0000023
all	1860	3	886578	0.0000034
all	1861	2	886578	0.0000023
all	1863	1	886578	0.0000011
all	1864	2	886578	0.0000023
all	1866	1	886578	0.0000011
all	1867	2	886578	0.0000023
all	1868	1	886578	0.0000011
all	1869	3	886578	0.0000034
all	1870	1	886578	0.0000011
all	1871	1	886578	0.0000011
all	1872	1	886578	0.0000011
all	1873	1	886578	0.0000011
all	1875	2	886578	0.0000023
all	1876	4	886578	0.0000045
all	1879	1	886578	0.0000011
all	1880	3	886578	0.0000034
all	1881	1	886578	0.0000011
all	1883	1	886578	0.0000011
all	1884	2	886578	0.0000023
all	1885	2	886578	0.0000023
all	1886	2	886578	0.0000023
all	1887	4	886578	0.0000045
all	1888	4	886578	0.0000045
all	1889	2	886578	0.0000023
all	1890	5	886578	0.0000056
all	1891	6	886578	0.0000068
all	1892	5	886578	0.0000056
all	1893	6	886578	0.0000068
all	1894	2	886578	0.0000023
all	1895	4	886578	0.0000045
all	1896	4	886578	0.0000045
all	1897	2	886578	0.0000023
all	1898	1	886578	0.0000011
all	1900	2	886578	0.0000023
all	1901	1	886578	0.0000011
all	1903	3	886578	0.0000034
all	1904	1	886578	0.0000011
all	1905	1	886578	0.0000011
all	1906	1	886578	0.0000011
all	1907	2	886578	0.0000023
all	1908	4	886578	0.0000045
all	1909	2	886578	0.0000023
all	1910	3	886578	0.0000034
all	1911	2	886578	0.0000023
all	1912	4	886578	0.0000045
all	1913	2	886578	0.0000023
all	1914	1	886578	0.0000011
all	1915	1	886578	0.0000011
all	1917	4	886578	0.0000045
all	1918	1	886578	0.0000011
all	1919	1	886578	0.0000011
all	1920	1	886578	0.0000011
all	1921	3	886578	0.0000034
all	1922	1	886578	0.0000011
all	1923	3	886578	0.0000034
all	1926	2	886578	0.0000023
all	1927	3	886578	0.0000034
all	1928	2	886578	0.0000023
all	1931	1	886578	0.0000011
all	1932	3	886578	0.0000034
all	1933	1	886578	0.0000011
all	1934	4	886578	0.0000045
all	1935	1	886578	0.0000011
all	1937	3	886578	0.0000034
all	1938	3	886578	0.0000034
all	1939	1	886578	0.0000011
all	1940	1	886578	0.0000011
all	1941	1	886578	0.0000011
all	1943	2	886578	0.0000023
all	1944	2	886578	0.0000023
all	1945	1	886578	0.0000011
all	1946	3	886578	0.0000034
all	1947	3	886578	0.0000034
all	1948	1	886578	0.0000011
all	1949	1	886578	0.0000011
all	1950	3	886578	0.0000034
all	1951	4	886578	0.0000045
all	1952	1	886578	0.0000011
all	1954	1	886578	0.0000011
all	1955	3	886578	0.0000034
all	1956	1	886578	0.0000011
all	1957	4	886578	0.0000045
all	1958	2	886578	0.0000023
all	1959	2	886578	0.0000023
all	1962	2	886578	0.0000023
all	1963	1	886578	0.0000011
all	1964	1	886578	0.0000011
all	1965	1	886578	0.0000011
all	1966	2	886578	0.0000023
all	1968	1	886578	0.0000011
all	1969	1	886578	0.0000011
all	1970	2	886578	0.0000023
all	1971	2	886578	0.0000023
all	1972	2	886578	0.0000023
all	1973	3	886578	0.0000034
all	1974	3	886578	0.0000034
all	1975	2	886578	0.0000023
all	1976	1	886578	0.0000011
all	1977	4	886578	0.0000045
all	1978	1	886578	0.0000011
all	1979	2	886578	0.0000023
all	1980	3	886578	0.0000034
all	1981	1	886578	0.0000011
all	1982	2	886578	0.0000023
all	1983	2	886578	0.0000023
all	1984	2	886578	0.0000023
all	1985	3	886578	0.0000034
all	1986	3	886578	0.0000034
all	1987	3	886578	0.0000034
all	1988	4	886578	0.0000045
all	1989	4	886578	0.0000045
all	1990	3	886578	0.0000034
all	1991	2	886578	0.0000023
all	1992	2	886578	0.0000023
all	1993	1	886578	0.0000011
all	1994	2	886578	0.0000023
all	1995	4	886578	0.0000045
all	1996	4	886578	0.0000045
all	1997	1	886578	0.0000011
all	1998	1	886578	0.0000011
all	2000	4	886578	0.0000045
all	2001	2	886578	0.0000023
all	2002	2	886578	0.0000023
all	2003	2	886578	0.0000023
all	2004	2	886578	0.0000023
all	2005	3	886578	0.0000034
all	2006	4	886578	0.0000045
all	2007	5	886578	0.0000056
all	2008	1	886578	0.0000011
all	2009	1	886578	0.0000011
all	2010	2	886578	0.0000023
all	2011	2	886578	0.0000023
all	2012	1	886578	0.0000011
all	2013	2	886578	0.0000023
all	2014	1	886578	0.0000011
all	2016	2	886578	0.0000023
all	2017	2	886578	0.0000023
all	2018	2	886578	0.0000023
all	2019	3	886578	0.0000034
all	2020	4	886578	0.0000045
all	2021	3	886578	0.0000034
all	2022	3	886578	0.0000034
all	2023	2	886578	0.0000023
all	2024	2	886578	0.0000023
all	2025	1	886578	0.0000011
all	2026	5	886578	0.0000056
all	2027	1	886578	0.0000011
all	2028	4	886578	0.0000045
all	2029	4	886578	0.0000045
all	2030	5	886578	0.0000056
all	2031	3	886578	0.0000034
all	2032	5	886578	0.0000056
all	2033	6	886578	0.0000068
all	2034	5	886578	0.0000056
all	2035	2	886578	0.0000023
all	2036	4	886578	0.0000045
all	2037	3	886578	0.0000034
all	2038	3	886578	0.0000034
all	2039	3	886578	0.0000034
all	2040	2	886578	0.0000023
all	2041	4	886578	0.0000045
all	2042	7	886578	0.0000079
all	2043	3	886578	0.0000034
all	2044	3	886578	0.0000034
all	2045	4	886578	0.0000045
all	2046	3	886578	0.0000034
all	2047	1	886578	0.0000011
all	2048	2	886578	0.0000023
all	2049	3	886578	0.0000034
all	2050	3	886578	0.0000034
all	2051	2	886578	0.0000023
all	2052	1	886578	0.0000011
all	2053	1	886578	0.0000011
all	2054	1	886578	0.0000011
all	2055	3	886578	0.0000034
all	2056	2	886578	0.0000023
all	2057	4	886578	0.0000045
all	2058	6	886578	0.0000068
all	2059	4	886578	0.0000045
all	2060	1	886578	0.0000011
all	2061	4	886578	0.0000045
all	2062	5	886578	0.0000056
all	2063	6	886578	0.0000068
all	2064	2	886578	0.0000023
all	2065	6	886578	0.0000068
all	2067	4	886578	0.0000045
all	2068	4	886578	0.0000045
all	2069	1	886578	0.0000011
all	2070	2	886578	0.0000023
all	2071	4	886578	0.0000045
all	2072	5	886578	0.0000056
all	2074	5	886578	0.0000056
all	2075	3	886578	0.0000034
all	2076	3	886578	0.0000034
all	2077	5	886578	0.0000056
all	2078	3	886578	0.0000034
all	2079	2	886578	0.0000023
all	2080	2	886578	0.0000023
all	2081	3	886578	0.0000034
all	2082	5	886578	0.0000056
all	2083	2	886578	0.0000023
all	2084	1	886578	0.0000011
all	2086	6	886578	0.0000068
all	2088	4	886578	0.0000045
all	2089	1	886578	0.0000011
all	2090	2	886578	0.0000023
all	2091	1	886578	0.0000011
all	2092	2	886578	0.0000023
all	2093	4	886578	0.0000045
all	2095	3	886578	0.0000034
all	2096	1	886578	0.0000011
all	2098	1	886578	0.0000011
all	2099	4	886578	0.0000045
all	2100	2	886578	0.0000023
all	2101	1	886578	0.0000011
all	2103	3	886578	0.0000034
all	2104	3	886578	0.0000034
all	2105	1	886578	0.0000011
all	2106	3	886578	0.0000034
all	2107	1	886578	0.0000011
all	2108	1	886578	0.0000011
all	2109	2	886578	0.0000023
all	2110	4	886578	0.0000045
all	2115	2	886578	0.0000023
all	2116	1	886578	0.0000011
all	2117	4	886578	0.0000045
all	2119	3	886578	0.0000034
all	2120	4	886578	0.0000045
all	2121	2	886578	0.0000023
all	2122	3	886578	0.0000034
all	2123	3	886578	0.0000034
all	2124	5	886578	0.0000056
all	2125	2	886578	0.0000023
all	2126	3	886578	0.0000034
all	2127	4	886578	0.0000045
all	2128	3	886578	0.0000034
all	2129	2	886578	0.0000023
all	2130	2	886578	0.0000023
all	2131	6	886578	0.0000068
all	2132	9	886578	0.0000102
all	2133	4	886578	0.0000045
all	2134	5	886578	0.0000056
all	2135	1	886578	0.0000011
all	2136	2	886578	0.0000023
all	2137	9	886578	0.0000102
all	2138	6	886578	0.0000068
all	2139	4	886578	0.0000045
all	2140	5	886578	0.0000056
all	2141	5	886578	0.0000056
all	2142	3	886578	0.0000034
all	2143	1	886578	0.0000011
all	2144	1	886578	0.0000011
all	2145	2	886578	0.0000023
all	2147	2	886578	0.0000023
all	2149	1	886578	0.0000011
all	2152	4	886578	0.0000045
all	2153	6	886578	0.0000068
all	2154	2	886578	0.0000023
all	2156	3	886578	0.0000034
all	2158	4	886578	0.0000045
all	2160	2	886578	0.0000023
all	2161	2	886578	0.0000023
all	2162	3	886578	0.0000034
all	2163	3	886578	0.0000034
all	2164	1	886578	0.0000011
all	2165	5	886578	0.0000056
all	2166	2	886578	0.0000023
all	2167	2	886578	0.0000023
all	2168	1	886578	0.0000011
all	2170	1	886578	0.0000011
all	2171	4	886578	0.0000045
all	2172	3	886578	0.0000034
all	2173	1	886578	0.0000011
all	2174	1	886578	0.0000011
all	2175	1	886578	0.0000011
all	2176	1	886578	0.0000011
all	2177	2	886578	0.0000023
all	2179	2	886578	0.0000023
all	2181	1	886578	0.0000011
all	2183	2	886578	0.0000023
all	2184	2	886578	0.0000023
all	2185	2	886578	0.0000023
all	2186	6	886578	0.0000068
all	2187	1	886578	0.0000011
all	2188	1	886578	0.0000011
all	2189	3	886578	0.0000034
all	2190	2	886578	0.0000023
all	2192	1	886578	0.0000011
all	2193	4	886578	0.0000045
all	2194	1	886578	0.0000011
all	2195	1	886578	0.0000011
all	2196	2	886578	0.0000023
all	2197	3	886578	0.0000034
all	2198	5	886578	0.0000056
all	2199	2	886578	0.0000023
all	2200	1	886578	0.0000011
all	2201	4	886578	0.0000045
all	2202	5	886578	0.0000056
all	2203	4	886578	0.0000045
all	2204	4	886578	0.0000045
all	2205	2	886578	0.0000023
all	2206	1	886578	0.0000011
all	2207	2	886578	0.0000023
all	2208	2	886578	0.0000023
all	2209	3	886578	0.0000034
all	2210	1	886578	0.0000011
all	2211	5	886578	0.0000056
all	2212	3	886578	0.0000034
all	2213	2	886578	0.0000023
all	2214	1	886578	0.0000011
all	2215	1	886578	0.0000011
all	2217	3	886578	0.0000034
all	2219	3	886578	0.0000034
all	2220	5	886578	0.0000056
all	2221	5	886578	0.0000056
all	2222	4	886578	0.0000045
all	2224	3	886578	0.0000034
all	2225	1	886578	0.0000011
all	2226	2	886578	0.0000023
all	2227	4	886578	0.0000045
all	2228	4	886578	0.0000045
all	2229	6	886578	0.0000068
all	2230	1	886578	0.0000011
all	2231	6	886578	0.0000068
all	2232	3	886578	0.0000034
all	2233	5	886578	0.0000056
all	2234	5	886578	0.0000056
all	2235	1	886578	0.0000011
all	2236	1	886578	0.0000011
all	2237	2	886578	0.0000023
all	2239	2	886578	0.0000023
all	2240	2	886578	0.0000023
all	2241	2	886578	0.0000023
all	2242	1	886578	0.0000011
all	2243	1	886578	0.0000011
all	2245	1	886578	0.0000011
all	2246	1	886578	0.0000011
all	2247	4	886578	0.0000045
all	2248	1	886578	0.0000011
all	2250	3	886578	0.0000034
all	2251	1	886578	0.0000011
all	2255	2	886578	0.0000023
all	2256	1	886578	0.0000011
all	2258	2	886578	0.0000023
all	2260	1	886578	0.0000011
all	2263	1	886578	0.0000011
all	2264	1	886578	0.0000011
all	2265	1	886578	0.0000011
all	2267	1	886578	0.0000011
all	2268	1	886578	0.0000011
all	2269	2	886578	0.0000023
all	2270	1	886578	0.0000011
all	2271	3	886578	0.0000034
all	2272	1	886578	0.0000011
all	2273	3	886578	0.0000034
all	2274	5	886578	0.0000056
all	2275	1	886578	0.0000011
all	2276	2	886578	0.0000023
all	2277	1	886578	0.0000011
all	2279	2	886578	0.0000023
all	2280	1	886578	0.0000011
all	2282	1	886578	0.0000011
all	2284	4	886578	0.0000045
all	2286	2	886578	0.0000023
all	2287	1	886578	0.0000011
all	2290	1	886578	0.0000011
all	2291	3	886578	0.0000034
all	2292	1	886578	0.0000011
all	2293	2	886578	0.0000023
all	2296	4	886578	0.0000045
all	2300	1	886578	0.0000011
all	2301	1	886578	0.0000011
all	2302	2	886578	0.0000023
all	2303	1	886578	0.0000011
all	2304	2	886578	0.0000023
all	2305	2	886578	0.0000023
all	2307	2	886578	0.0000023
all	2308	1	886578	0.0000011
all	2310	2	886578	0.0000023
all	2313	2	886578	0.0000023
all	2314	1	886578	0.0000011
all	2316	1	886578	0.0000011
all	2317	1	886578	0.0000011
all	2318	4	886578	0.0000045
all	2319	2	886578	0.0000023
all	2321	4	886578	0.0000045
all	2324	1	886578	0.0000011
all	2325	1	886578	0.0000011
all	2327	1	886578	0.0000011
all	2328	1	886578	0.0000011
all	2330	2	886578	0.0000023
all	2331	1	886578	0.0000011
all	2332	1	886578	0.0000011
all	2333	1	886578	0.0000011
all	2335	2	886578	0.0000023
all	2337	4	886578	0.0000045
all	2338	1	886578	0.0000011
all	2339	2	886578	0.0000023
all	2341	2	886578	0.0000023
all	2342	1	886578	0.0000011
all	2343	2	886578	0.0000023
all	2344	1	886578	0.0000011
all	2347	1	886578	0.0000011
all	2348	2	886578	0.0000023
all	2350	1	886578	0.0000011
all	2351	1	886578	0.0000011
all	2353	2	886578	0.0000023
all	2354	1	886578	0.0000011
all	2355	2	886578	0.0000023
all	2357	1	886578	0.0000011
all	2358	1	886578	0.0000011
all	2359	4	886578	0.0000045
all	2361	1	886578	0.0000011
all	2362	3	886578	0.0000034
all	2363	1	886578	0.0000011
all	2364	1	886578	0.0000011
all	2365	1	886578	0.0000011
all	2366	1	886578	0.0000011
all	2367	1	886578	0.0000011
all	2368	2	886578	0.0000023
all	2373	1	886578	0.0000011
all	2374	1	886578	0.0000011
all	2376	2	886578	0.0000023
all	2377	1	886578	0.0000011
all	2379	1	886578	0.0000011
all	2381	1	886578	0.0000011
all	2382	1	886578	0.0000011
all	2383	1	886578	0.0000011
all	2384	1	886578	0.0000011
all	2386	1	886578	0.0000011
all	2387	2	886578	0.0000023
all	2389	1	886578	0.0000011
all	2390	1	886578	0.0000011
all	2397	1	886578	0.0000011
all	2398	2	886578	0.0000023
all	2399	2	886578	0.0000023
all	2400	1	886578	0.0000011
all	2403	2	886578	0.0000023
all	2405	1	886578	0.0000011
all	2406	1	886578	0.0000011
all	2409	2	886578	0.0000023
all	2410	2	886578	0.0000023
all	2412	1	886578	0.0000011
all	2416	1	886578	0.0000011
all	2417	1	886578	0.0000011
all	2421	1	886578	0.0000011
all	2422	1	886578	0.0000011
all	2426	1	886578	0.0000011
all	2427	2	886578	0.0000023
all	2429	2	886578	0.0000023
all	2430	3	886578	0.0000034
all	2431	1	886578	0.0000011
all	2433	1	886578	0.0000011
all	2435	1	886578	0.0000011
all	2436	3	886578	0.0000034
all	2437	1	886578	0.0000011
all	2438	3	886578	0.0000034
all	2440	1	886578	0.0000011
all	2441	4	886578	0.0000045
all	2442	1	886578	0.0000011
all	2443	2	886578	0.0000023
all	2445	2	886578	0.0000023
all	2446	1	886578	0.0000011
all	2447	1	886578	0.0000011
all	2448	1	886578	0.0000011
all	2450	1	886578	0.0000011
all	2451	1	886578	0.0000011
all	2452	1	886578	0.0000011
all	2453	2	886578	0.0000023
all	2454	1	886578	0.0000011
all	2460	2	886578	0.0000023
all	2464	1	886578	0.0000011
all	2465	1	886578	0.0000011
all	2469	1	886578	0.0000011
all	2470	1	886578	0.0000011
all	2473	1	886578	0.0000011
all	2474	1	886578	0.0000011
all	2475	2	886578	0.0000023
all	2476	1	886578	0.0000011
all	2477	1	886578	0.0000011
all	2480	1	886578	0.0000011
all	2482	1	886578	0.0000011
all	2484	1	886578	0.0000011
all	2485	1	886578	0.0000011
all	2486	1	886578	0.0000011
all	2489	1	886578	0.0000011
all	2492	2	886578	0.0000023
all	2495	1	886578	0.0000011
all	2497	1	886578	0.0000011
all	2498	1	886578	0.0000011
all	2500	3	886578	0.0000034
all	2501	1	886578	0.0000011
all	2502	1	886578	0.0000011
all	2504	1	886578	0.0000011
all	2505	1	886578	0.0000011
all	2507	2	886578	0.0000023
all	2509	1	886578	0.0000011
all	2510	1	886578	0.0000011
all	2515	2	886578	0.0000023
all	2516	1	886578	0.0000011
all	2517	2	886578	0.0000023
all	2519	1	886578	0.0000011
all	2521	4	886578	0.0000045
all	2522	2	886578	0.0000023
all	2523	1	886578	0.0000011
all	2527	1	886578	0.0000011
all	2530	1	886578	0.0000011
all	2533	3	886578	0.0000034
all	2535	2	886578	0.0000023
all	2537	1	886578	0.0000011
all	2538	3	886578	0.0000034
all	2541	2	886578	0.0000023
all	2542	1	886578	0.0000011
all	2544	1	886578	0.0000011
all	2548	2	886578	0.0000023
all	2550	2	886578	0.0000023
all	2552	1	886578	0.0000011
all	2553	1	886578	0.0000011
all	2555	1	886578	0.0000011
all	2556	1	886578	0.0000011
all	2557	1	886578	0.0000011
all	2558	3	886578	0.0000034
all	2559	2	886578	0.0000023
all	2561	1	886578	0.0000011
all	2563	2	886578	0.0000023
all	2566	1	886578	0.0000011
all	2567	2	886578	0.0000023
all	2569	1	886578	0.0000011
all	2570	1	886578	0.0000011
all	2571	1	886578	0.0000011
all	2576	1	886578	0.0000011
all	2578	2	886578	0.0000023
all	2579	1	886578	0.0000011
all	2580	2	886578	0.0000023
all	2581	1	886578	0.0000011
all	2582	2	886578	0.0000023
all	2583	1	886578	0.0000011
all	2586	1	886578	0.0000011
all	2588	2	886578	0.0000023
all	2589	1	886578	0.0000011
all	2590	1	886578	0.0000011
all	2591	1	886578	0.0000011
all	2592	1	886578	0.0000011
all	2593	1	886578	0.0000011
all	2594	1	886578	0.0000011
all	2596	1	886578	0.0000011
all	2598	1	886578	0.0000011
all	2599	1	886578	0.0000011
all	2600	1	886578	0.0000011
all	2603	1	886578	0.0000011
all	2604	2	886578	0.0000023
all	2606	1	886578	0.0000011
all	2607	1	886578	0.0000011
all	2609	1	886578	0.0000011
all	2610	2	886578	0.0000023
all	2612	2	886578	0.0000023
all	2614	3	886578	0.0000034
all	2615	2	886578	0.0000023
all	2616	1	886578	0.0000011
all	2620	1	886578	0.0000011
all	2621	1	886578	0.0000011
all	2622	1	886578	0.0000011
all	2623	1	886578	0.0000011
all	2624	2	886578	0.0000023
all	2625	2	886578	0.0000023
all	2626	1	886578	0.0000011
all	2627	1	886578	0.0000011
all	2628	1	886578	0.0000011
all	2629	1	886578	0.0000011
all	2633	1	886578	0.0000011
all	2636	1	886578	0.0000011
all	2637	1	886578	0.0000011
all	2642	1	886578	0.0000011
all	2643	1	886578	0.0000011
all	2644	2	886578	0.0000023
all	2648	1	886578	0.0000011
all	2649	1	886578	0.0000011
all	2650	1	886578	0.0000011
all	2652	1	886578	0.0000011
all	2653	1	886578	0.0000011
all	2655	1	886578	0.0000011
all	2657	2	886578	0.0000023
all	2659	1	886578	0.0000011
all	2660	1	886578	0.0000011
all	2665	1	886578	0.0000011
all	2666	1	886578	0.0000011
all	2668	1	886578	0.0000011
all	2669	1	886578	0.0000011
all	2670	3	886578	0.0000034
all	2672	1	886578	0.0000011
all	2673	1	886578	0.0000011
all	2674	3	886578	0.0000034
all	2675	2	886578	0.0000023
all	2677	1	886578	0.0000011
all	2679	1	886578	0.0000011
all	2680	1	886578	0.0000011
all	2681	1	886578	0.0000011
all	2682	2	886578	0.0000023
all	2687	1	886578	0.0000011
all	2690	1	886578	0.0000011
all	2691	2	886578	0.0000023
all	2695	2	886578	0.0000023
all	2696	1	886578	0.0000011
all	2697	1	886578	0.0000011
all	2698	1	886578	0.0000011
all	2700	1	886578	0.0000011
all	2701	3	886578	0.0000034
all	2702	1	886578	0.0000011
all	2704	1	886578	0.0000011
all	2706	2	886578	0.0000023
all	2709	1	886578	0.0000011
all	2710	1	886578	0.0000011
all	2711	2	886578	0.0000023
all	2712	1	886578	0.0000011
all	2713	3	886578	0.0000034
all	2715	1	886578	0.0000011
all	2717	1	886578	0.0000011
all	2718	1	886578	0.0000011
all	2720	1	886578	0.0000011
all	2721	2	886578	0.0000023
all	2722	2	886578	0.0000023
all	2723	2	886578	0.0000023
all	2727	1	886578	0.0000011
all	2728	1	886578	0.0000011
all	2729	1	886578	0.0000011
all	2730	2	886578	0.0000023
all	2731	2	886578	0.0000023
all	2732	6	886578	0.0000068
all	2735	1	886578	0.0000011
all	2736	4	886578	0.0000045
all	2737	1	886578	0.0000011
all	2738	1	886578	0.0000011
all	2739	3	886578	0.0000034
all	2740	3	886578	0.0000034
all	2741	2	886578	0.0000023
all	2744	1	886578	0.0000011
all	2747	1	886578	0.0000011
all	2748	2	886578	0.0000023
all	2749	4	886578	0.0000045
all	2752	1	886578	0.0000011
all	2753	1	886578	0.0000011
all	2754	1	886578	0.0000011
all	2755	5	886578	0.0000056
all	2756	7	886578	0.0000079
all	2757	2	886578	0.0000023
all	2758	2	886578	0.0000023
all	2759	3	886578	0.0000034
all	2760	1	886578	0.0000011
all	2761	1	886578	0.0000011
all	2763	1	886578	0.0000011
all	2764	4	886578	0.0000045
all	2765	2	886578	0.0000023
all	2766	2	886578	0.0000023
all	2769	2	886578	0.0000023
all	2770	2	886578	0.0000023
all	2773	2	886578	0.0000023
all	2774	5	886578	0.0000056
all	2777	1	886578	0.0000011
all	2779	1	886578	0.0000011
all	2781	2	886578	0.0000023
all	2782	1	886578	0.0000011
all	2783	1	886578	0.0000011
all	2786	1	886578	0.0000011
all	2789	2	886578	0.0000023
all	2790	2	886578	0.0000023
all	2791	1	886578	0.0000011
all	2792	1	886578	0.0000011
all	2793	1	886578	0.0000011
all	2794	4	886578	0.0000045
all	2796	1	886578	0.0000011
all	2797	2	886578	0.0000023
all	2801	1	886578	0.0000011
all	2804	1	886578	0.0000011
all	2806	1	886578	0.0000011
all	2808	1	886578	0.0000011
all	2812	1	886578	0.0000011
all	2814	3	886578	0.0000034
all	2816	1	886578	0.0000011
all	2817	1	886578	0.0000011
all	2819	3	886578	0.0000034
all	2820	1	886578	0.0000011
all	2821	2	886578	0.0000023
all	2822	2	886578	0.0000023
all	2823	1	886578	0.0000011
all	2825	1	886578	0.0000011
all	2826	3	886578	0.0000034
all	2827	1	886578	0.0000011
all	2828	1	886578	0.0000011
all	2829	3	886578	0.0000034
all	2830	3	886578	0.0000034
all	2831	1	886578	0.0000011
all	2834	1	886578	0.0000011
all	2835	1	886578	0.0000011
all	2836	2	886578	0.0000023
all	2837	1	886578	0.0000011
all	2838	1	886578	0.0000011
all	2839	2	886578	0.0000023
all	2840	3	886578	0.0000034
all	2841	2	886578	0.0000023
all	2842	3	886578	0.0000034
all	2843	3	886578	0.0000034
all	2844	1	886578	0.0000011
all	2845	1	886578	0.0000011
all	2847	2	886578	0.0000023
all	2848	1	886578	0.0000011
all	2850	2	886578	0.0000023
all	2851	1	886578	0.0000011
all	2852	2	886578	0.0000023
all	2853	1	886578	0.0000011
all	2854	1	886578	0.0000011
all	2856	2	886578	0.0000023
all	2857	2	886578	0.0000023
all	2858	1	886578	0.0000011
all	2859	1	886578	0.0000011
all	2860	2	886578	0.0000023
all	2863	2	886578	0.0000023
all	2866	2	886578	0.0000023
all	2867	1	886578	0.0000011
all	2868	1	886578	0.0000011
all	2870	1	886578	0.0000011
all	2871	1	886578	0.0000011
all	2873	2	886578	0.0000023
all	2874	1	886578	0.0000011
all	2875	2	886578	0.0000023
all	2877	1	886578	0.0000011
all	2878	1	886578	0.0000011
all	2881	1	886578	0.0000011
all	2882	3	886578	0.0000034
all	2883	1	886578	0.0000011
all	2888	1	886578	0.0000011
all	2889	1	886578	0.0000011
all	2891	1	886578	0.0000011
all	2892	2	886578	0.0000023
all	2899	1	886578	0.0000011
all	2900	1	886578	0.0000011
all	2903	1	886578	0.0000011
all	2905	1	886578	0.0000011
all	2907	1	886578	0.0000011
all	2908	1	886578	0.0000011
all	2910	1	886578	0.0000011
all	2911	1	886578	0.0000011
all	2915	1	886578	0.0000011
all	2916	2	886578	0.0000023
all	2917	1	886578	0.0000011
all	2918	1	886578	0.0000011
all	2919	1	886578	0.0000011
all	2922	1	886578	0.0000011
all	2924	1	886578	0.0000011
all	2929	2	886578	0.0000023
all	2931	2	886578	0.0000023
all	2933	1	886578	0.0000011
all	2935	1	886578	0.0000011
all	2938	1	886578	0.0000011
all	2941	1	886578	0.0000011
all	2942	1	886578	0.0000011
all	2943	1	886578	0.0000011
all	2946	2	886578	0.0000023
all	2947	1	886578	0.0000011
all	2948	1	886578	0.0000011
all	2949	3	886578	0.0000034
all	2952	3	886578	0.0000034
all	2954	1	886578	0.0000011
all	2955	2	886578	0.0000023
all	2956	1	886578	0.0000011
all	2957	2	886578	0.0000023
all	2958	5	886578	0.0000056
all	2959	1	886578	0.0000011
all	2960	1	886578	0.0000011
all	2961	1	886578	0.0000011
all	2964	4	886578	0.0000045
all	2966	1	886578	0.0000011
all	2969	3	886578	0.0000034
all	2970	1	886578	0.0000011
all	2971	1	886578	0.0000011
all	2972	1	886578	0.0000011
all	2976	1	886578	0.0000011
all	2979	1	886578	0.0000011
all	2980	3	886578	0.0000034
all	2981	1	886578	0.0000011
all	2983	2	886578	0.0000023
all	2984	2	886578	0.0000023
all	2985	1	886578	0.0000011
all	2986	4	886578	0.0000045
all	2987	2	886578	0.0000023
all	2990	3	886578	0.0000034
all	2992	2	886578	0.0000023
all	2993	1	886578	0.0000011
all	2994	3	886578	0.0000034
all	2997	1	886578	0.0000011
all	2998	1	886578	0.0000011
all	2999	2	886578	0.0000023
all	3000	1	886578	0.0000011
all	3002	2	886578	0.0000023
all	3003	1	886578	0.0000011
all	3004	3	886578	0.0000034
all	3005	4	886578	0.0000045
all	3006	1	886578	0.0000011
all	3007	3	886578	0.0000034
all	3009	1	886578	0.0000011
all	3010	3	886578	0.0000034
all	3011	1	886578	0.0000011
all	3012	2	886578	0.0000023
all	3013	1	886578	0.0000011
all	3014	2	886578	0.0000023
all	3016	2	886578	0.0000023
all	3017	1	886578	0.0000011
all	3018	1	886578	0.0000011
all	3021	4	886578	0.0000045
all	3022	1	886578	0.0000011
all	3023	1	886578	0.0000011
all	3025	2	886578	0.0000023
all	3026	3	886578	0.0000034
all	3027	2	886578	0.0000023
all	3028	3	886578	0.0000034
all	3030	1	886578	0.0000011
all	3031	1	886578	0.0000011
all	3032	4	886578	0.0000045
all	3033	2	886578	0.0000023
all	3034	2	886578	0.0000023
all	3035	1	886578	0.0000011
all	3036	2	886578	0.0000023
all	3037	1	886578	0.0000011
all	3039	1	886578	0.0000011
all	3040	1	886578	0.0000011
all	3041	1	886578	0.0000011
all	3044	2	886578	0.0000023
all	3046	1	886578	0.0000011
all	3047	2	886578	0.0000023
all	3049	1	886578	0.0000011
all	3050	1	886578	0.0000011
all	3051	1	886578	0.0000011
all	3052	2	886578	0.0000023
all	3054	3	886578	0.0000034
all	3055	3	886578	0.0000034
all	3056	2	886578	0.0000023
all	3058	1	886578	0.0000011
all	3060	1	886578	0.0000011
all	3063	1	886578	0.0000011
all	3064	2	886578	0.0000023
all	3066	2	886578	0.0000023
all	3067	1	886578	0.0000011
all	3068	1	886578	0.0000011
all	3070	3	886578	0.0000034
all	3071	1	886578	0.0000011
all	3072	1	886578	0.0000011
all	3074	1	886578	0.0000011
all	3076	3	886578	0.0000034
all	3077	2	886578	0.0000023
all	3078	3	886578	0.0000034
all	3079	1	886578	0.0000011
all	3082	1	886578	0.0000011
all	3083	2	886578	0.0000023
all	3085	2	886578	0.0000023
all	3086	1	886578	0.0000011
all	3087	3	886578	0.0000034
all	3088	1	886578	0.0000011
all	3094	3	886578	0.0000034
all	3096	2	886578	0.0000023
all	3097	2	886578	0.0000023
all	3098	3	886578	0.0000034
all	3099	2	886578	0.0000023
all	3100	1	886578	0.0000011
all	3102	1	886578	0.0000011
all	3103	1	886578	0.0000011
all	3104	1	886578	0.0000011
all	3105	3	886578	0.0000034
all	3106	1	886578	0.0000011
all	3107	1	886578	0.0000011
all	3109	1	886578	0.0000011
all	3110	1	886578	0.0000011
all	3111	1	886578	0.0000011
all	3112	2	886578	0.0000023
all	3114	2	886578	0.0000023
all	3123	1	886578	0.0000011
all	3124	2	886578	0.0000023
all	3128	1	886578	0.0000011
all	3130	2	886578	0.0000023
all	3134	2	886578	0.0000023
all	3136	1	886578	0.0000011
all	3138	3	886578	0.0000034
all	3140	1	886578	0.0000011
all	3141	1	886578	0.0000011
all	3145	1	886578	0.0000011
all	3146	1	886578	0.0000011
all	3148	1	886578	0.0000011
all	3149	1	886578	0.0000011
all	3150	2	886578	0.0000023
all	3151	2	886578	0.0000023
all	3152	2	886578	0.0000023
all	3162	1	886578	0.0000011
all	3165	1	886578	0.0000011
all	3166	1	886578	0.0000011
all	3171	1	886578	0.0000011
all	3181	1	886578	0.0000011
all	3183	2	886578	0.0000023
all	3193	1	886578	0.0000011
all	3194	1	886578	0.0000011
all	3198	1	886578	0.0000011
all	3199	1	886578	0.0000011
all	3202	1	886578	0.0000011
all	3203	1	886578	0.0000011
all	3205	1	886578	0.0000011
all	3206	1	886578	0.0000011
all	3208	2	886578	0.0000023
all	3211	1	886578	0.0000011
all	3212	1	886578	0.0000011
all	3216	1	886578	0.0000011
all	3221	1	886578	0.0000011
all	3223	2	886578	0.0000023
all	3224	1	886578	0.0000011
all	3225	1	886578	0.0000011
all	3226	1	886578	0.0000011
all	3229	2	886578	0.0000023
all	3231	1	886578	0.0000011
all	3233	1	886578	0.0000011
all	3234	1	886578	0.0000011
all	3235	2	886578	0.0000023
all	3238	1	886578	0.0000011
all	3241	1	886578	0.0000011
all	3242	1	886578	0.0000011
all	3245	1	886578	0.0000011
all	3247	1	886578	0.0000011
all	3254	1	886578	0.0000011
all	3255	1	886578	0.0000011
all	3259	2	886578	0.0000023
all	3260	1	886578	0.0000011
all	3265	1	886578	0.0000011
all	3269	1	886578	0.0000011
all	3270	1	886578	0.0000011
all	3271	1	886578	0.0000011
all	3273	1	886578	0.0000011
all	3274	1	886578	0.0000011
all	3275	1	886578	0.0000011
all	3278	1	886578	0.0000011
all	3279	2	886578	0.0000023
all	3281	1	886578	0.0000011
all	3283	2	886578	0.0000023
all	3285	1	886578	0.0000011
all	3288	1	886578	0.0000011
all	3290	1	886578	0.0000011
all	3301	2	886578	0.0000023
all	3302	1	886578	0.0000011
all	3305	1	886578	0.0000011
all	3307	1	886578	0.0000011
all	3308	1	886578	0.0000011
all	3310	1	886578	0.0000011
all	3311	1	886578	0.0000011
all	3313	1	886578	0.0000011
all	3316	1	886578	0.0000011
all	3318	1	886578	0.0000011
all	3320	1	886578	0.0000011
all	3324	1	886578	0.0000011
all	3328	1	886578	0.0000011
all	3330	2	886578	0.0000023
all	3331	1	886578	0.0000011
all	3332	2	886578	0.0000023
all	3333	1	886578	0.0000011
all	3334	1	886578	0.0000011
all	3336	1	886578	0.0000011
all	3337	1	886578	0.0000011
all	3340	1	886578	0.0000011
all	3344	1	886578	0.0000011
all	3346	1	886578	0.0000011
all	3356	1	886578	0.0000011
all	3357	1	886578	0.0000011
all	3358	1	886578	0.0000011
all	3360	1	886578	0.0000011
all	3361	1	886578	0.0000011
all	3362	1	886578	0.0000011
all	3363	1	886578	0.0000011
all	3364	1	886578	0.0000011
all	3367	1	886578	0.0000011
all	3370	2	886578	0.0000023
all	3374	1	886578	0.0000011
all	3376	1	886578	0.0000011
all	3380	1	886578	0.0000011
all	3382	1	886578	0.0000011
all	3385	2	886578	0.0000023
all	3388	1	886578	0.0000011
all	3389	2	886578	0.0000023
all	3390	1	886578	0.0000011
all	3394	1	886578	0.0000011
all	3395	1	886578	0.0000011
all	3396	2	886578	0.0000023
all	3399	2	886578	0.0000023
all	3400	1	886578	0.0000011
all	3404	1	886578	0.0000011
all	3405	1	886578	0.0000011
all	3406	1	886578	0.0000011
all	3410	1	886578	0.0000011
all	3411	1	886578	0.0000011
all	3414	1	886578	0.0000011
all	3415	1	886578	0.0000011
all	3425	1	886578	0.0000011
all	3426	1	886578	0.0000011
all	3427	1	886578	0.0000011
all	3428	1	886578	0.0000011
all	3433	1	886578	0.0000011
all	3434	1	886578	0.0000011
all	3438	2	886578	0.0000023
all	3440	1	886578	0.0000011
all	3444	3	886578	0.0000034
all	3448	1	886578	0.0000011
all	3449	3	886578	0.0000034
all	3450	1	886578	0.0000011
all	3451	1	886578	0.0000011
all	3453	1	886578	0.0000011
all	3456	2	886578	0.0000023
all	3457	3	886578	0.0000034
all	3458	6	886578	0.0000068
all	3461	2	886578	0.0000023
all	3462	1	886578	0.0000011
all	3464	2	886578	0.0000023
all	3466	1	886578	0.0000011
all	3467	1	886578	0.0000011
all	3469	2	886578	0.0000023
all	3470	2	886578	0.0000023
all	3473	1	886578	0.0000011
all	3475	2	886578	0.0000023
all	3477	1	886578	0.0000011
all	3479	2	886578	0.0000023
all	3480	2	886578	0.0000023
all	3481	1	886578	0.0000011
all	3485	1	886578	0.0000011
all	3486	1	886578	0.0000011
all	3489	1	886578	0.0000011
all	3491	1	886578	0.0000011
all	3493	1	886578	0.0000011
all	3494	1	886578	0.0000011
all	3495	1	886578	0.0000011
all	3496	1	886578	0.0000011
all	3497	1	886578	0.0000011
all	3498	1	886578	0.0000011
all	3502	2	886578	0.0000023
all	3503	2	886578	0.0000023
all	3504	1	886578	0.0000011
all	3505	1	886578	0.0000011
all	3507	1	886578	0.0000011
all	3510	2	886578	0.0000023
all	3514	1	886578	0.0000011
all	3518	1	886578	0.0000011
all	3521	2	886578	0.0000023
all	3522	1	886578	0.0000011
all	3527	1	886578	0.0000011
all	3529	2	886578	0.0000023
all	3530	2	886578	0.0000023
all	3535	2	886578	0.0000023
all	3536	1	886578	0.0000011
all	3537	1	886578	0.0000011
all	3538	1	886578	0.0000011
all	3539	1	886578	0.0000011
all	3540	2	886578	0.0000023
all	3541	2	886578	0.0000023
all	3542	2	886578	0.0000023
all	3543	1	886578	0.0000011
all	3544	3	886578	0.0000034
all	3545	2	886578	0.0000023
all	3548	1	886578	0.0000011
all	3550	3	886578	0.0000034
all	3551	1	886578	0.0000011
all	3552	1	886578	0.0000011
all	3553	3	886578	0.0000034
all	3554	2	886578	0.0000023
all	3557	1	886578	0.0000011
all	3558	2	886578	0.0000023
all	3559	1	886578	0.0000011
all	3560	1	886578	0.0000011
all	3561	2	886578	0.0000023
all	3562	2	886578	0.0000023
all	3563	2	886578	0.0000023
all	3564	1	886578	0.0000011
all	3565	3	886578	0.0000034
all	3567	2	886578	0.0000023
all	3570	2	886578	0.0000023
all	3573	1	886578	0.0000011
all	3575	1	886578	0.0000011
all	3576	2	886578	0.0000023
all	3577	1	886578	0.0000011
all	3581	2	886578	0.0000023
all	3582	1	886578	0.0000011
all	3584	1	886578	0.0000011
all	3585	1	886578	0.0000011
all	3587	1	886578	0.0000011
all	3589	2	886578	0.0000023
all	3591	1	886578	0.0000011
all	3593	1	886578	0.0000011
all	3594	1	886578	0.0000011
all	3596	1	886578	0.0000011
all	3597	1	886578	0.0000011
all	3599	1	886578	0.0000011
all	3601	2	886578	0.0000023
all	3602	1	886578	0.0000011
all	3604	2	886578	0.0000023
all	3605	1	886578	0.0000011
all	3606	2	886578	0.0000023
all	3607	1	886578	0.0000011
all	3608	2	886578	0.0000023
all	3609	2	886578	0.0000023
all	3614	2	886578	0.0000023
all	3619	1	886578	0.0000011
all	3620	1	886578	0.0000011
all	3627	1	886578	0.0000011
all	3629	1	886578	0.0000011
all	3630	2	886578	0.0000023
all	3633	1	886578	0.0000011
all	3634	1	886578	0.0000011
all	3635	1	886578	0.0000011
all	3637	1	886578	0.0000011
all	3638	1	886578	0.0000011
all	3640	1	886578	0.0000011
all	3642	1	886578	0.0000011
all	3643	1	886578	0.0000011
all	3644	2	886578	0.0000023
all	3646	1	886578	0.0000011
all	3649	1	886578	0.0000011
all	3651	1	886578	0.0000011
all	3655	2	886578	0.0000023
all	3657	1	886578	0.0000011
all	3658	1	886578	0.0000011
all	3660	2	886578	0.0000023
all	3663	3	886578	0.0000034
all	3667	1	886578	0.0000011
all	3672	1	886578	0.0000011
all	3673	1	886578	0.0000011
all	3674	1	886578	0.0000011
all	3676	1	886578	0.0000011
all	3680	2	886578	0.0000023
all	3681	1	886578	0.0000011
all	3686	1	886578	0.0000011
all	3690	2	886578	0.0000023
all	3699	1	886578	0.0000011
all	3703	1	886578	0.0000011
all	3705	1	886578	0.0000011
all	3713	1	886578	0.0000011
all	3715	2	886578	0.0000023
all	3716	1	886578	0.0000011
all	3720	1	886578	0.0000011
all	3725	1	886578	0.0000011
all	3728	1	886578	0.0000011
all	3731	1	886578	0.0000011
all	3741	1	886578	0.0000011
all	3742	1	886578	0.0000011
all	3743	2	886578	0.0000023
all	3747	1	886578	0.0000011
all	3752	1	886578	0.0000011
all	3753	1	886578	0.0000011
all	3754	1	886578	0.0000011
all	3761	1	886578	0.0000011
all	3763	1	886578	0.0000011
all	3764	1	886578	0.0000011
all	3766	1	886578	0.0000011
all	3767	2	886578	0.0000023
all	3770	1	886578	0.0000011
all	3773	1	886578	0.0000011
all	3782	1	886578	0.0000011
all	3790	2	886578	0.0000023
all	3791	1	886578	0.0000011
all	3792	1	886578	0.0000011
all	3799	1	886578	0.0000011
all	3802	1	886578	0.0000011
all	3803	1	886578	0.0000011
all	3806	1	886578	0.0000011
all	3812	2	886578	0.0000023
all	3820	1	886578	0.0000011
all	3825	1	886578	0.0000011
all	3826	1	886578	0.0000011
all	3827	1	886578	0.0000011
all	3832	1	886578	0.0000011
all	3833	1	886578	0.0000011
all	3843	1	886578	0.0000011
all	3844	1	886578	0.0000011
all	3845	1	886578	0.0000011
all	3846	1	886578	0.0000011
all	3852	1	886578	0.0000011
all	3853	1	886578	0.0000011
all	3859	1	886578	0.0000011
all	3861	1	886578	0.0000011
all	3864	1	886578	0.0000011
all	3869	1	886578	0.0000011
all	3872	1	886578	0.0000011
all	3875	1	886578	0.0000011
all	3876	2	886578	0.0000023
all	3878	1	886578	0.0000011
all	3883	1	886578	0.0000011
all	3885	1	886578	0.0000011
all	3889	2	886578	0.0000023
all	3895	1	886578	0.0000011
all	3900	1	886578	0.0000011
all	3910	1	886578	0.0000011
all	3911	1	886578	0.0000011
all	3912	1	886578	0.0000011
all	3917	1	886578	0.0000011
all	3918	1	886578	0.0000011
all	3920	1	886578	0.0000011
all	3923	1	886578	0.0000011
all	3928	1	886578	0.0000011
all	3933	1	886578	0.0000011
all	3935	2	886578	0.0000023
all	3941	2	886578	0.0000023
all	3945	1	886578	0.0000011
all	3950	1	886578	0.0000011
all	3956	1	886578	0.0000011
all	3957	1	886578	0.0000011
all	3958	2	886578	0.0000023
all	3959	2	886578	0.0000023
all	3961	1	886578	0.0000011
all	3962	1	886578	0.0000011
all	3967	1	886578	0.0000011
all	3968	1	886578	0.0000011
all	3972	1	886578	0.0000011
all	3974	2	886578	0.0000023
all	3976	1	886578	0.0000011
all	3982	1	886578	0.0000011
all	3984	1	886578	0.0000011
all	3991	3	886578	0.0000034
all	4000	1	886578	0.0000011
all	4003	1	886578	0.0000011
all	4006	1	886578	0.0000011
all	4007	1	886578	0.0000011
all	4008	1	886578	0.0000011
all	4009	2	886578	0.0000023
all	4011	2	886578	0.0000023
all	4016	1	886578	0.0000011
all	4020	1	886578	0.0000011
all	4022	1	886578	0.0000011
all	4023	1	886578	0.0000011
all	4026	1	886578	0.0000011
all	4029	1	886578	0.0000011
all	4030	1	886578	0.0000011
all	4032	2	886578	0.0000023
all	4033	1	886578	0.0000011
all	4034	1	886578	0.0000011
all	4035	1	886578	0.0000011
all	4041	2	886578	0.0000023
all	4042	1	886578	0.0000011
all	4049	1	886578	0.0000011
all	4051	1	886578	0.0000011
all	4052	1	886578	0.0000011
all	4053	1	886578	0.0000011
all	4061	1	886578	0.0000011
all	4065	1	886578	0.0000011
all	4066	1	886578	0.0000011
all	4067	1	886578	0.0000011
all	4068	1	886578	0.0000011
all	4069	1	886578	0.0000011
all	4072	2	886578	0.0000023
all	4074	3	886578	0.0000034
all	4077	1	886578	0.0000011
all	4080	1	886578	0.0000011
all	4082	1	886578	0.0000011
all	4083	1	886578	0.0000011
all	4087	1	886578	0.0000011
all	4088	1	886578	0.0000011
all	4097	1	886578	0.0000011
all	4099	1	886578	0.0000011
all	4100	1	886578	0.0000011
all	4102	1	886578	0.0000011
all	4104	4	886578	0.0000045
all	4105	1	886578	0.0000011
all	4107	1	886578	0.0000011
all	4108	3	886578	0.0000034
all	4109	1	886578	0.0000011
all	4110	1	886578	0.0000011
all	4111	1	886578	0.0000011
all	4112	1	886578	0.0000011
all	4116	1	886578	0.0000011
all	4117	1	886578	0.0000011
all	4123	1	886578	0.0000011
all	4133	1	886578	0.0000011
all	4135	1	886578	0.0000011
all	4138	1	886578	0.0000011
all	4141	2	886578	0.0000023
all	4143	2	886578	0.0000023
all	4146	2	886578	0.0000023
all	4147	1	886578	0.0000011
all	4149	1	886578	0.0000011
all	4152	1	886578	0.0000011
all	4154	1	886578	0.0000011
all	4160	1	886578	0.0000011
all	4162	1	886578	0.0000011
all	4164	1	886578	0.0000011
all	4170	1	886578	0.0000011
all	4173	1	886578	0.0000011
all	4180	1	886578	0.0000011
all	4182	1	886578	0.0000011
all	4183	2	886578	0.0000023
all	4184	1	886578	0.0000011
all	4190	3	886578	0.0000034
all	4192	1	886578	0.0000011
all	4193	1	886578	0.0000011
all	4207	1	886578	0.0000011
all	4209	1	886578	0.0000011
all	4210	1	886578	0.0000011
all	4224	1	886578	0.0000011
all	4230	1	886578	0.0000011
all	4250	1	886578	0.0000011
all	4251	1	886578	0.0000011
all	4252	1	886578	0.0000011
all	4264	1	886578	0.0000011
all	4268	1	886578	0.0000011
all	4269	1	886578	0.0000011
all	4280	1	886578	0.0000011
all	4284	1	886578	0.0000011
all	4286	1	886578	0.0000011
all	4289	1	886578	0.0000011
all	4291	1	886578	0.0000011
all	4298	1	886578	0.0000011
all	4304	1	886578	0.0000011
all	4309	1	886578	0.0000011
all	4313	1	886578	0.0000011
all	4329	1	886578	0.0000011
all	4337	1	886578	0.0000011
all	4342	1	886578	0.0000011
all	4355	2	886578	0.0000023
all	4360	1	886578	0.0000011
all	4366	1	886578	0.0000011
all	4368	1	886578	0.0000011
all	4378	2	886578	0.0000023
all	4379	1	886578	0.0000011
all	4388	1	886578	0.0000011
all	4399	1	886578	0.0000011
all	4405	1	886578	0.0000011
all	4407	1	886578	0.0000011
all	4408	1	886578	0.0000011
all	4414	1	886578	0.0000011
all	4418	1	886578	0.0000011
all	4420	1	886578	0.0000011
all	4425	1	886578	0.0000011
all	4435	1	886578	0.0000011
all	4440	1	886578	0.0000011
all	4445	1	886578	0.0000011
all	4450	2	886578	0.0000023
all	4456	1	886578	0.0000011
all	4457	1	886578	0.0000011
all	4464	1	886578	0.0000011
all	4478	1	886578	0.0000011
all	4479	1	886578	0.0000011
all	4485	2	886578	0.0000023
all	4489	2	886578	0.0000023
all	4496	1	886578	0.0000011
all	4505	1	886578	0.0000011
all	4507	2	886578	0.0000023
all	4517	1	886578	0.0000011
all	4519	1	886578	0.0000011
all	4523	1	886578	0.0000011
all	4524	1	886578	0.0000011
all	4527	1	886578	0.0000011
all	4536	1	886578	0.0000011
all	4544	1	886578	0.0000011
all	4545	2	886578	0.0000023
all	4549	1	886578	0.0000011
all	4555	2	886578	0.0000023
all	4559	2	886578	0.0000023
all	4570	1	886578	0.0000011
all	4575	1	886578	0.0000011
all	4576	1	886578	0.0000011
all	4579	1	886578	0.0000011
all	4582	1	886578	0.0000011
all	4585	2	886578	0.0000023
all	4592	1	886578	0.0000011
all	4593	1	886578	0.0000011
all	4599	1	886578	0.0000011
all	4601	1	886578	0.0000011
all	4602	1	886578	0.0000011
all	4603	1	886578	0.0000011
all	4604	1	886578	0.0000011
all	4606	1	886578	0.0000011
all	4608	1	886578	0.0000011
all	4610	1	886578	0.0000011
all	4615	1	886578	0.0000011
all	4620	1	886578	0.0000011
all	4623	1	886578	0.0000011
all	4630	2	886578	0.0000023
all	4634	1	886578	0.0000011
all	4637	1	886578	0.0000011
all	4638	2	886578	0.0000023
all	4639	1	886578	0.0000011
all	4640	1	886578	0.0000011
all	4641	1	886578	0.0000011
all	4644	1	886578	0.0000011
all	4645	1	886578	0.0000011
all	4647	1	886578	0.0000011
all	4648	2	886578	0.0000023
all	4649	2	886578	0.0000023
all	4652	1	886578	0.0000011
all	4653	1	886578	0.0000011
all	4654	1	886578	0.0000011
all	4655	1	886578	0.0000011
all	4656	2	886578	0.0000023
all	4659	1	886578	0.0000011
all	4661	1	886578	0.0000011
all	4663	1	886578	0.0000011
all	4667	1	886578	0.0000011
all	4673	2	886578	0.0000023
all	4680	1	886578	0.0000011
all	4686	2	886578	0.0000023
all	4688	1	886578	0.0000011
all	4690	2	886578	0.0000023
all	4693	1	886578	0.0000011
all	4694	1	886578	0.0000011
all	4695	1	886578	0.0000011
all	4696	1	886578	0.0000011
all	4697	1	886578	0.0000011
all	4701	1	886578	0.0000011
all	4704	1	886578	0.0000011
all	4707	1	886578	0.0000011
all	4709	1	886578	0.0000011
all	4711	1	886578	0.0000011
all	4712	1	886578	0.0000011
all	4719	1	886578	0.0000011
all	4720	3	886578	0.0000034
all	4722	1	886578	0.0000011
all	4723	1	886578	0.0000011
all	4724	1	886578	0.0000011
all	4726	1	886578	0.0000011
all	4732	1	886578	0.0000011
all	4733	1	886578	0.0000011
all	4739	1	886578	0.0000011
all	4753	2	886578	0.0000023
all	4755	1	886578	0.0000011
all	4760	1	886578	0.0000011
all	4781	1	886578	0.0000011
all	4794	1	886578	0.0000011
all	4799	1	886578	0.0000011
all	4809	1	886578	0.0000011
all	4811	1	886578	0.0000011
all	4813	1	886578	0.0000011
all	4835	1	886578	0.0000011
all	4837	1	886578	0.0000011
all	4845	1	886578	0.0000011
all	4853	1	886578	0.0000011
all	4854	1	886578	0.0000011
all	4869	1	886578	0.0000011
all	4890	2	886578	0.0000023
all	4893	1	886578	0.0000011
all	4900	1	886578	0.0000011
all	4910	1	886578	0.0000011
all	4925	1	886578	0.0000011
all	4937	1	886578	0.0000011
all	4951	1	886578	0.0000011
all	4954	2	886578	0.0000023
all	4974	1	886578	0.0000011
all	4980	1	886578	0.0000011
all	4981	1	886578	0.0000011
all	4990	1	886578	0.0000011
all	5006	1	886578	0.0000011
all	5023	1	886578	0.0000011
all	5036	2	886578	0.0000023
all	5044	1	886578	0.0000011
all	5054	1	886578	0.0000011
all	5060	1	886578	0.0000011
all	5064	1	886578	0.0000011
all	5065	1	886578	0.0000011
all	5067	1	886578	0.0000011
all	5086	1	886578	0.0000011
all	5094	1	886578	0.0000011
all	5105	1	886578	0.0000011
all	5132	1	886578	0.0000011
all	5140	1	886578	0.0000011
all	5160	1	886578	0.0000011
all	5173	1	886578	0.0000011
all	5189	1	886578	0.0000011
all	5190	1	886578	0.0000011
all	5213	1	886578	0.0000011
all	5224	1	886578	0.0000011
all	5225	1	886578	0.0000011
all	5228	1	886578	0.0000011
all	5240	1	886578	0.0000011
all	5246	1	886578	0.0000011
all	5250	1	886578	0.0000011
all	5262	1	886578	0.0000011
all	5267	1	886578	0.0000011
all	5276	1	886578	0.0000011
all	5282	1	886578	0.0000011
all	5295	1	886578	0.0000011
all	5310	1	886578	0.0000011
all	5316	1	886578	0.0000011
all	5317	1	886578	0.0000011
all	5323	1	886578	0.0000011
all	5355	1	886578	0.0000011
all	5362	1	886578	0.0000011
all	5364	1	886578	0.0000011
all	5377	1	886578	0.0000011
all	5384	1	886578	0.0000011
all	5391	1	886578	0.0000011
all	5396	1	886578	0.0000011
all	5398	1	886578	0.0000011
all	5409	1	886578	0.0000011
all	5410	1	886578	0.0000011
all	5427	2	886578	0.0000023
all	5435	1	886578	0.0000011
all	5451	1	886578	0.0000011
all	5459	1	886578	0.0000011
all	5462	1	886578	0.0000011
all	5466	1	886578	0.0000011
all	5481	2	886578	0.0000023
all	5491	1	886578	0.0000011
all	5497	1	886578	0.0000011
all	5504	2	886578	0.0000023
all	5518	1	886578	0.0000011
all	5536	2	886578	0.0000023
all	5540	1	886578	0.0000011
all	5547	1	886578	0.0000011
all	5553	2	886578	0.0000023
all	5558	1	886578	0.0000011
all	5565	1	886578	0.0000011
all	5580	1	886578	0.0000011
all	5586	1	886578	0.0000011
all	5594	1	886578	0.0000011
all	5609	1	886578	0.0000011
all	5624	1	886578	0.0000011
all	5632	1	886578	0.0000011
all	5639	1	886578	0.0000011
all	5647	2	886578	0.0000023
all	5656	1	886578	0.0000011
all	5657	1	886578	0.0000011
all	5659	1	886578	0.0000011
all	5673	1	886578	0.0000011
all	5681	1	886578	0.0000011
all	5682	1	886578	0.0000011
all	5690	1	886578	0.0000011
all	5704	1	886578	0.0000011
all	5705	1	886578	0.0000011
all	5717	2	886578	0.0000023
all	5718	1	886578	0.0000011
all	5729	1	886578	0.0000011
all	5733	2	886578	0.0000023
all	5739	1	886578	0.0000011
all	5751	1	886578	0.0000011
all	5752	2	886578	0.0000023
all	5766	1	886578	0.0000011
all	5770	1	886578	0.0000011
all	5776	1	886578	0.0000011
all	5782	1	886578	0.0000011
all	5787	1	886578	0.0000011
all	5792	2	886578	0.0000023
all	5794	1	886578	0.0000011
all	5801	1	886578	0.0000011
all	5802	1	886578	0.0000011
all	5810	1	886578	0.0000011
all	5813	1	886578	0.0000011
all	5814	1	886578	0.0000011
all	5816	1	886578	0.0000011
all	5817	1	886578	0.0000011
all	5822	1	886578	0.0000011
all	5825	1	886578	0.0000011
all	5826	1	886578	0.0000011
all	5827	1	886578	0.0000011
all	5834	1	886578	0.0000011
all	5838	1	886578	0.0000011
all	5846	1	886578	0.0000011
all	5852	1	886578	0.0000011
all	5862	1	886578	0.0000011
all	5863	1	886578	0.0000011
all	5864	1	886578	0.0000011
all	5866	2	886578	0.0000023
all	5870	1	886578	0.0000011
all	5871	1	886578	0.0000011
all	5873	1	886578	0.0000011
all	5874	2	886578	0.0000023
all	5881	1	886578	0.0000011
all	5883	1	886578	0.0000011
all	5885	1	886578	0.0000011
all	5888	1	886578	0.0000011
all	5892	2	886578	0.0000023
all	5894	1	886578	0.0000011
all	5900	1	886578	0.0000011
all	5901	1	886578	0.0000011
all	5902	1	886578	0.0000011
all	5904	1	886578	0.0000011
all	5909	1	886578	0.0000011
all	5910	1	886578	0.0000011
all	5911	1	886578	0.0000011
all	5912	1	886578	0.0000011
all	5915	1	886578	0.0000011
all	5917	1	886578	0.0000011
all	5919	1	886578	0.0000011
all	5923	1	886578	0.0000011
all	5926	1	886578	0.0000011
all	5929	1	886578	0.0000011
all	5931	2	886578	0.0000023
all	5932	2	886578	0.0000023
all	5941	1	886578	0.0000011
all	5954	1	886578	0.0000011
all	5968	1	886578	0.0000011
all	5970	1	886578	0.0000011
all	5984	1	886578	0.0000011
all	5998	2	886578	0.0000023
all	5999	2	886578	0.0000023
all	6001	1	886578	0.0000011
all	6002	1	886578	0.0000011
all	6014	1	886578	0.0000011
all	6022	1	886578	0.0000011
all	6033	1	886578	0.0000011
all	6036	2	886578	0.0000023
all	6040	2	886578	0.0000023
all	6044	1	886578	0.0000011
all	6045	2	886578	0.0000023
all	6046	1	886578	0.0000011
all	6054	1	886578	0.0000011
all	6055	1	886578	0.0000011
all	6057	1	886578	0.0000011
all	6059	2	886578	0.0000023
all	6061	1	886578	0.0000011
all	6064	1	886578	0.0000011
all	6065	1	886578	0.0000011
all	6067	1	886578	0.0000011
all	6068	1	886578	0.0000011
all	6071	1	886578	0.0000011
all	6083	1	886578	0.0000011
all	6092	1	886578	0.0000011
all	6111	1	886578	0.0000011
all	6146	1	886578	0.0000011
all	6148	1	886578	0.0000011
all	6150	1	886578	0.0000011
all	6151	1	886578	0.0000011
all	6162	1	886578	0.0000011
all	6176	1	886578	0.0000011
all	6186	1	886578	0.0000011
all	6191	1	886578	0.0000011
all	6223	1	886578	0.0000011
all	6228	1	886578	0.0000011
all	6244	1	886578	0.0000011
all	6248	1	886578	0.0000011
all	6301	2	886578	0.0000023
all	6302	1	886578	0.0000011
all	6312	1	886578	0.0000011
all	6314	1	886578	0.0000011
all	6317	1	886578	0.0000011
all	6354	1	886578	0.0000011
all	6372	1	886578	0.0000011
all	6400	1	886578	0.0000011
all	6402	1	886578	0.0000011
all	6436	1	886578	0.0000011
all	6456	1	886578	0.0000011
all	6458	1	886578	0.0000011
all	6467	1	886578	0.0000011
all	6470	2	886578	0.0000023
all	6474	1	886578	0.0000011
all	6481	1	886578	0.0000011
all	6507	1	886578	0.0000011
all	6512	1	886578	0.0000011
all	6519	1	886578	0.0000011
all	6528	1	886578	0.0000011
all	6556	1	886578	0.0000011
all	6588	1	886578	0.0000011
all	6595	1	886578	0.0000011
all	6599	1	886578	0.0000011
all	6639	1	886578	0.0000011
all	6656	1	886578	0.0000011
all	6657	1	886578	0.0000011
all	6658	1	886578	0.0000011
all	6677	1	886578	0.0000011
all	6719	1	886578	0.0000011
all	6721	1	886578	0.0000011
all	6722	1	886578	0.0000011
all	6751	1	886578	0.0000011
all	6760	1	886578	0.0000011
all	6762	1	886578	0.0000011
all	6780	1	886578	0.0000011
all	6783	1	886578	0.0000011
all	6810	1	886578	0.0000011
all	6820	1	886578	0.0000011
all	6836	1	886578	0.0000011
all	6839	1	886578	0.0000011
all	6845	1	886578	0.0000011
all	6866	1	886578	0.0000011
all	6867	1	886578	0.0000011
all	6878	1	886578	0.0000011
all	6883	1	886578	0.0000011
all	6902	1	886578	0.0000011
all	6936	1	886578	0.0000011
all	6946	1	886578	0.0000011
all	6954	1	886578	0.0000011
all	6962	1	886578	0.0000011
all	6974	1	886578	0.0000011
all	6987	1	886578	0.0000011
all	7000	1	886578	0.0000011
all	7007	1	886578	0.0000011
all	7047	1	886578	0.0000011
all	7055	1	886578	0.0000011
all	7056	1	886578	0.0000011
all	7063	1	886578	0.0000011
all	7064	1	886578	0.0000011
all	7105	1	886578	0.0000011
all	7117	1	886578	0.0000011
all	7122	1	886578	0.0000011
all	7126	1	886578	0.0000011
all	7128	1	886578	0.0000011
all	7151	1	886578	0.0000011
all	7164	1	886578	0.0000011
all	7186	1	886578	0.0000011
all	7193	1	886578	0.0000011
all	7198	1	886578	0.0000011
all	7200	1	886578	0.0000011
all	7201	1	886578	0.0000011
all	7212	1	886578	0.0000011
all	7220	1	886578	0.0000011
all	7228	1	886578	0.0000011
all	7238	1	886578	0.0000011
all	7250	1	886578	0.0000011
all	7268	1	886578	0.0000011
all	7278	1	886578	0.0000011
all	7284	1	886578	0.0000011
all	7290	1	886578	0.0000011
all	7324	1	886578	0.0000011
all	7330	1	886578	0.0000011
all	7335	1	886578	0.0000011
all	7350	1	886578	0.0000011
all	7351	1	886578	0.0000011
all	7355	1	886578	0.0000011
all	7364	1	886578	0.0000011
all	7382	1	886578	0.0000011
all	7389	1	886578	0.0000011
all	7400	1	886578	0.0000011
all	7413	1	886578	0.0000011
all	7427	1	886578	0.0000011
all	7448	2	886578	0.0000023
all	7449	1	886578	0.0000011
all	7455	1	886578	0.0000011
all	7461	1	886578	0.0000011
all	7466	1	886578	0.0000011
all	7477	1	886578	0.0000011
all	7485	2	886578	0.0000023
all	7495	1	886578	0.0000011
all	7497	1	886578	0.0000011
all	7504	2	886578	0.0000023
all	7505	1	886578	0.0000011
all	7507	1	886578	0.0000011
all	7509	1	886578	0.0000011
all	7516	1	886578	0.0000011
all	7518	1	886578	0.0000011
all	7520	1	886578	0.0000011
all	7521	1	886578	0.0000011
all	7523	1	886578	0.0000011
all	7524	1	886578	0.0000011
all	7527	1	886578	0.0000011
all	7535	1	886578	0.0000011
all	7538	1	886578	0.0000011
all	7540	1	886578	0.0000011
all	7541	1	886578	0.0000011
all	7543	1	886578	0.0000011
all	7557	2	886578	0.0000023
all	7565	2	886578	0.0000023
all	7572	1	886578	0.0000011
all	7592	1	886578	0.0000011
all	7624	2	886578	0.0000023
all	7632	1	886578	0.0000011
all	7639	1	886578	0.0000011
all	7660	1	886578	0.0000011
all	7665	1	886578	0.0000011
all	7666	1	886578	0.0000011
all	7681	1	886578	0.0000011
all	7708	1	886578	0.0000011
all	7716	1	886578	0.0000011
all	7748	1	886578	0.0000011
all	7757	1	886578	0.0000011
all	7770	1	886578	0.0000011
all	7785	1	886578	0.0000011
all	7792	1	886578	0.0000011
all	7798	1	886578	0.0000011
all	7799	1	886578	0.0000011
all	7819	1	886578	0.0000011
all	7825	1	886578	0.0000011
all	7827	1	886578	0.0000011
all	7840	1	886578	0.0000011
all	7867	1	886578	0.0000011
all	7888	2	886578	0.0000023
all	7890	1	886578	0.0000011
all	7908	1	886578	0.0000011
all	7924	1	886578	0.0000011
all	7928	1	886578	0.0000011
all	7945	1	886578	0.0000011
all	7946	1	886578	0.0000011
all	7951	1	886578	0.0000011
all	7958	1	886578	0.0000011
all	7964	1	886578	0.0000011
all	7967	1	886578	0.0000011
all	8004	2	886578	0.0000023
all	8032	1	886578	0.0000011
all	8041	1	886578	0.0000011
all	8042	1	886578	0.0000011
all	8057	2	886578	0.0000023
all	8067	1	886578	0.0000011
all	8079	1	886578	0.0000011
all	8084	1	886578	0.0000011
all	8096	1	886578	0.0000011
all	8102	1	886578	0.0000011
all	8120	1	886578	0.0000011
all	8121	1	886578	0.0000011
all	8123	1	886578	0.0000011
all	8125	1	886578	0.0000011
all	8135	1	886578	0.0000011
all	8166	1	886578	0.0000011
all	8168	1	886578	0.0000011
all	8170	1	886578	0.0000011
all	8181	1	886578	0.0000011
all	8183	1	886578	0.0000011
all	8193	1	886578	0.0000011
all	8199	1	886578	0.0000011
all	8209	1	886578	0.0000011
all	8210	1	886578	0.0000011
all	8211	1	886578	0.0000011
all	8216	1	886578	0.0000011
all	8220	1	886578	0.0000011
all	8232	1	886578	0.0000011
all	8234	1	886578	0.0000011
all	8236	1	886578	0.0000011
all	8240	1	886578	0.0000011
all	8245	1	886578	0.0000011
all	8246	1	886578	0.0000011
all	8262	1	886578	0.0000011
all	8267	1	886578	0.0000011
all	8279	1	886578	0.0000011
all	8282	1	886578	0.0000011
all	8287	1	886578	0.0000011
all	8290	1	886578	0.0000011
all	8292	1	886578	0.0000011
all	8319	1	886578	0.0000011
all	8323	1	886578	0.0000011
all	8339	1	886578	0.0000011
all	8354	1	886578	0.0000011
all	8360	1	886578	0.0000011
all	8380	1	886578	0.0000011
all	8390	1	886578	0.0000011
all	8393	1	886578	0.0000011
all	8407	1	886578	0.0000011
all	8434	1	886578	0.0000011
all	8444	1	886578	0.0000011
all	8446	1	886578	0.0000011
all	8466	1	886578	0.0000011
all	8470	1	886578	0.0000011
all	8481	1	886578	0.0000011
all	8486	1	886578	0.0000011
all	8488	1	886578	0.0000011
all	8494	1	886578	0.0000011
all	8496	1	886578	0.0000011
all	8498	1	886578	0.0000011
all	8519	1	886578	0.0000011
all	8528	1	886578	0.0000011
all	8529	1	886578	0.0000011
all	8538	1	886578	0.0000011
all	8543	1	886578	0.0000011
all	8545	1	886578	0.0000011
all	8546	1	886578	0.0000011
all	8550	1	886578	0.0000011
all	8552	1	886578	0.0000011
all	8554	1	886578	0.0000011
all	8559	1	886578	0.0000011
all	8567	1	886578	0.0000011
all	8569	1	886578	0.0000011
all	8576	1	886578	0.0000011
all	9039	1	886578	0.0000011
all	9156	1	886578	0.0000011
all	9207	1	886578	0.0000011
all	9275	1	886578	0.0000011
all	9352	1	886578	0.0000011
all	9412	1	886578	0.0000011
all	9570	1	886578	0.0000011
all	9757	1	886578	0.0000011
all	9878	1	886578	0.0000011
all	10086	1	886578	0.0000011
all	10162	1	886578	0.0000011
all	10250	1	886578	0.0000011
all	10380	1	886578	0.0000011
all	10555	1	886578	0.0000011
all	10651	1	886578	0.0000011
all	10781	1	886578	0.0000011
all	10834	1	886578	0.0000011
all	10945	1	886578	0.0000011
all	11097	1	886578	0.0000011
all	11179	1	886578	0.0000011
all	11208	1	886578	0.0000011
all	11259	1	886578	0.0000011
all	11355	1	886578	0.0000011
all	11464	1	886578	0.0000011
all	11587	1	886578	0.0000011
all	11607	1	886578	0.0000011
all	11628	1	886578	0.0000011
all	11711	1	886578	0.0000011
all	11739	1	886578	0.0000011
all	11892	1	886578	0.0000011
all	11896	1	886578	0.0000011
all	11922	1	886578	0.0000011
all	12016	1	886578	0.0000011
all	12073	1	886578	0.0000011
all	12206	1	886578	0.0000011
all	12274	1	886578	0.0000011
all	12336	1	886578	0.0000011
all	12392	1	886578	0.0000011
all	12430	1	886578	0.0000011
all	12443	1	886578	0.0000011
all	12462	1	886578	0.0000011
all	12559	1	886578	0.0000011
all	12593	1	886578	0.0000011
all	12656	1	886578	0.0000011
all	12758	1	886578	0.0000011
all	12851	1	886578	0.0000011
all	12955	1	886578	0.0000011
all	13040	1	886578	0.0000011
all	13119	1	886578	0.0000011
all	13197	1	886578	0.0000011
all	13287	1	886578	0.0000011
all	13295	1	886578	0.0000011
all	13350	1	886578	0.0000011
all	13378	1	886578	0.0000011
all	13444	1	886578	0.0000011
all	13517	1	886578	0.0000011
all	13546	1	886578	0.0000011
all	13556	1	886578	0.0000011
all	13599	1	886578	0.0000011
all	13703	1	886578	0.0000011
all	13773	1	886578	0.0000011
