all	0	54779	886578	0.0617870
all	1	5329	886578	0.0060108
all	2	57967	886578	0.0653829
all	3	9904	886578	0.0111710
all	4	64374	886578	0.0726095
all	5	12519	886578	0.0141206
all	6	63992	886578	0.0721786
all	7	14001	886578	0.0157922
all	8	57552	886578	0.0649148
all	9	15045	886578	0.0169697
all	10	53114	886578	0.0599090
all	11	15447	886578	0.0174232
all	12	46569	886578	0.0525267
all	13	15468	886578	0.0174469
all	14	41824	886578	0.0471746
all	15	14908	886578	0.0168152
all	16	32643	886578	0.0368191
all	17	12783	886578	0.0144184
all	18	27711	886578	0.0312561
all	19	12168	886578	0.0137247
all	20	24545	886578	0.0276851
all	21	11051	886578	0.0124648
all	22	20072	886578	0.0226399
all	23	9824	886578	0.0110808
all	24	17081	886578	0.0192662
all	25	8539	886578	0.0096314
all	26	14127	886578	0.0159343
all	27	7249	886578	0.0081764
all	28	11442	886578	0.0129058
all	29	5899	886578	0.0066537
all	30	9909	886578	0.0111767
all	31	5017	886578	0.0056588
all	32	7828	886578	0.0088295
all	33	4703	886578	0.0053047
all	34	6302	886578	0.0071082
all	35	4059	886578	0.0045783
all	36	4629	886578	0.0052212
all	37	3205	886578	0.0036150
all	38	4570	886578	0.0051547
all	39	2632	886578	0.0029687
all	40	3996	886578	0.0045072
all	41	2161	886578	0.0024375
all	42	3221	886578	0.0036331
all	43	2250	886578	0.0025378
all	44	2404	886578	0.0027115
all	45	1653	886578	0.0018645
all	46	2230	886578	0.0025153
all	47	1552	886578	0.0017506
all	48	1983	886578	0.0022367
all	49	1367	886578	0.0015419
all	50	1463	886578	0.0016502
all	51	1232	886578	0.0013896
all	52	1288	886578	0.0014528
all	53	1123	886578	0.0012667
all	54	1240	886578	0.0013986
all	55	989	886578	0.0011155
all	56	1037	886578	0.0011697
all	57	965	886578	0.0010885
all	58	796	886578	0.0008978
all	59	666	886578	0.0007512
all	60	665	886578	0.0007501
all	61	881	886578	0.0009937
all	62	657	886578	0.0007411
all	63	654	886578	0.0007377
all	64	628	886578	0.0007083
all	65	566	886578	0.0006384
all	66	506	886578	0.0005707
all	67	453	886578	0.0005110
all	68	470	886578	0.0005301
all	69	383	886578	0.0004320
all	70	425	886578	0.0004794
all	71	453	886578	0.0005110
all	72	321	886578	0.0003621
all	73	317	886578	0.0003576
all	74	330	886578	0.0003722
all	75	432	886578	0.0004873
all	76	316	886578	0.0003564
all	77	398	886578	0.0004489
all	78	350	886578	0.0003948
all	79	278	886578	0.0003136
all	80	268	886578	0.0003023
all	81	225	886578	0.0002538
all	82	336	886578	0.0003790
all	83	256	886578	0.0002888
all	84	237	886578	0.0002673
all	85	272	886578	0.0003068
all	86	313	886578	0.0003530
all	87	253	886578	0.0002854
all	88	273	886578	0.0003079
all	89	268	886578	0.0003023
all	90	203	886578	0.0002290
all	91	230	886578	0.0002594
all	92	294	886578	0.0003316
all	93	284	886578	0.0003203
all	94	205	886578	0.0002312
all	95	238	886578	0.0002684
all	96	189	886578	0.0002132
all	97	156	886578	0.0001760
all	98	228	886578	0.0002572
all	99	210	886578	0.0002369
all	100	208	886578	0.0002346
all	101	188	886578	0.0002121
all	102	191	886578	0.0002154
all	103	149	886578	0.0001681
all	104	187	886578	0.0002109
all	105	152	886578	0.0001714
all	106	255	886578	0.0002876
all	107	161	886578	0.0001816
all	108	170	886578	0.0001917
all	109	165	886578	0.0001861
all	110	159	886578	0.0001793
all	111	165	886578	0.0001861
all	112	158	886578	0.0001782
all	113	153	886578	0.0001726
all	114	179	886578	0.0002019
all	115	127	886578	0.0001432
all	116	142	886578	0.0001602
all	117	88	886578	0.0000993
all	118	228	886578	0.0002572
all	119	111	886578	0.0001252
all	120	169	886578	0.0001906
all	121	116	886578	0.0001308
all	122	135	886578	0.0001523
all	123	188	886578	0.0002121
all	124	118	886578	0.0001331
all	125	138	886578	0.0001557
all	126	129	886578	0.0001455
all	127	144	886578	0.0001624
all	128	109	886578	0.0001229
all	129	106	886578	0.0001196
all	130	92	886578	0.0001038
all	131	117	886578	0.0001320
all	132	176	886578	0.0001985
all	133	143	886578	0.0001613
all	134	103	886578	0.0001162
all	135	90	886578	0.0001015
all	136	116	886578	0.0001308
all	137	135	886578	0.0001523
all	138	101	886578	0.0001139
all	139	131	886578	0.0001478
all	140	111	886578	0.0001252
all	141	79	886578	0.0000891
all	142	104	886578	0.0001173
all	143	75	886578	0.0000846
all	144	127	886578	0.0001432
all	145	75	886578	0.0000846
all	146	77	886578	0.0000869
all	147	59	886578	0.0000665
all	148	47	886578	0.0000530
all	149	78	886578	0.0000880
all	150	69	886578	0.0000778
all	151	35	886578	0.0000395
all	152	57	886578	0.0000643
all	153	76	886578	0.0000857
all	154	94	886578	0.0001060
all	155	57	886578	0.0000643
all	156	113	886578	0.0001275
all	157	89	886578	0.0001004
all	158	73	886578	0.0000823
all	159	101	886578	0.0001139
all	160	81	886578	0.0000914
all	161	78	886578	0.0000880
all	162	64	886578	0.0000722
all	163	71	886578	0.0000801
all	164	54	886578	0.0000609
all	165	52	886578	0.0000587
all	166	30	886578	0.0000338
all	167	51	886578	0.0000575
all	168	46	886578	0.0000519
all	169	68	886578	0.0000767
all	170	41	886578	0.0000462
all	171	39	886578	0.0000440
all	172	39	886578	0.0000440
all	173	68	886578	0.0000767
all	174	42	886578	0.0000474
all	175	68	886578	0.0000767
all	176	55	886578	0.0000620
all	177	60	886578	0.0000677
all	178	33	886578	0.0000372
all	179	51	886578	0.0000575
all	180	38	886578	0.0000429
all	181	82	886578	0.0000925
all	182	74	886578	0.0000835
all	183	53	886578	0.0000598
all	184	104	886578	0.0001173
all	185	50	886578	0.0000564
all	186	78	886578	0.0000880
all	187	29	886578	0.0000327
all	188	39	886578	0.0000440
all	189	57	886578	0.0000643
all	190	63	886578	0.0000711
all	191	49	886578	0.0000553
all	192	60	886578	0.0000677
all	193	49	886578	0.0000553
all	194	58	886578	0.0000654
all	195	43	886578	0.0000485
all	196	64	886578	0.0000722
all	197	45	886578	0.0000508
all	198	35	886578	0.0000395
all	199	30	886578	0.0000338
all	200	53	886578	0.0000598
all	201	57	886578	0.0000643
all	202	60	886578	0.0000677
all	203	65	886578	0.0000733
all	204	48	886578	0.0000541
all	205	51	886578	0.0000575
all	206	47	886578	0.0000530
all	207	21	886578	0.0000237
all	208	57	886578	0.0000643
all	209	36	886578	0.0000406
all	210	38	886578	0.0000429
all	211	41	886578	0.0000462
all	212	55	886578	0.0000620
all	213	32	886578	0.0000361
all	214	34	886578	0.0000383
all	215	51	886578	0.0000575
all	216	37	886578	0.0000417
all	217	40	886578	0.0000451
all	218	45	886578	0.0000508
all	219	30	886578	0.0000338
all	220	34	886578	0.0000383
all	221	39	886578	0.0000440
all	222	38	886578	0.0000429
all	223	52	886578	0.0000587
all	224	39	886578	0.0000440
all	225	32	886578	0.0000361
all	226	30	886578	0.0000338
all	227	46	886578	0.0000519
all	228	23	886578	0.0000259
all	229	49	886578	0.0000553
all	230	42	886578	0.0000474
all	231	56	886578	0.0000632
all	232	30	886578	0.0000338
all	233	38	886578	0.0000429
all	234	27	886578	0.0000305
all	235	36	886578	0.0000406
all	236	22	886578	0.0000248
all	237	20	886578	0.0000226
all	238	22	886578	0.0000248
all	239	44	886578	0.0000496
all	240	59	886578	0.0000665
all	241	26	886578	0.0000293
all	242	30	886578	0.0000338
all	243	22	886578	0.0000248
all	244	24	886578	0.0000271
all	245	25	886578	0.0000282
all	246	24	886578	0.0000271
all	247	29	886578	0.0000327
all	248	32	886578	0.0000361
all	249	18	886578	0.0000203
all	250	35	886578	0.0000395
all	251	21	886578	0.0000237
all	252	33	886578	0.0000372
all	253	19	886578	0.0000214
all	254	45	886578	0.0000508
all	255	38	886578	0.0000429
all	256	35	886578	0.0000395
all	257	24	886578	0.0000271
all	258	27	886578	0.0000305
all	259	39	886578	0.0000440
all	260	20	886578	0.0000226
all	261	14	886578	0.0000158
all	262	18	886578	0.0000203
all	263	25	886578	0.0000282
all	264	11	886578	0.0000124
all	265	24	886578	0.0000271
all	266	23	886578	0.0000259
all	267	19	886578	0.0000214
all	268	10	886578	0.0000113
all	269	16	886578	0.0000180
all	270	20	886578	0.0000226
all	271	15	886578	0.0000169
all	272	31	886578	0.0000350
all	273	36	886578	0.0000406
all	274	35	886578	0.0000395
all	275	30	886578	0.0000338
all	276	17	886578	0.0000192
all	277	19	886578	0.0000214
all	278	16	886578	0.0000180
all	279	34	886578	0.0000383
all	280	34	886578	0.0000383
all	281	30	886578	0.0000338
all	282	38	886578	0.0000429
all	283	29	886578	0.0000327
all	284	27	886578	0.0000305
all	285	23	886578	0.0000259
all	286	34	886578	0.0000383
all	287	15	886578	0.0000169
all	288	23	886578	0.0000259
all	289	29	886578	0.0000327
all	290	27	886578	0.0000305
all	291	26	886578	0.0000293
all	292	18	886578	0.0000203
all	293	27	886578	0.0000305
all	294	15	886578	0.0000169
all	295	28	886578	0.0000316
all	296	31	886578	0.0000350
all	297	23	886578	0.0000259
all	298	27	886578	0.0000305
all	299	38	886578	0.0000429
all	300	38	886578	0.0000429
all	301	29	886578	0.0000327
all	302	21	886578	0.0000237
all	303	27	886578	0.0000305
all	304	16	886578	0.0000180
all	305	18	886578	0.0000203
all	306	21	886578	0.0000237
all	307	29	886578	0.0000327
all	308	39	886578	0.0000440
all	309	30	886578	0.0000338
all	310	34	886578	0.0000383
all	311	12	886578	0.0000135
all	312	21	886578	0.0000237
all	313	28	886578	0.0000316
all	314	26	886578	0.0000293
all	315	26	886578	0.0000293
all	316	12	886578	0.0000135
all	317	21	886578	0.0000237
all	318	18	886578	0.0000203
all	319	15	886578	0.0000169
all	320	29	886578	0.0000327
all	321	13	886578	0.0000147
all	322	20	886578	0.0000226
all	323	27	886578	0.0000305
all	324	40	886578	0.0000451
all	325	31	886578	0.0000350
all	326	34	886578	0.0000383
all	327	24	886578	0.0000271
all	328	11	886578	0.0000124
all	329	26	886578	0.0000293
all	330	13	886578	0.0000147
all	331	29	886578	0.0000327
all	332	16	886578	0.0000180
all	333	23	886578	0.0000259
all	334	27	886578	0.0000305
all	335	21	886578	0.0000237
all	336	20	886578	0.0000226
all	337	31	886578	0.0000350
all	338	28	886578	0.0000316
all	339	15	886578	0.0000169
all	340	36	886578	0.0000406
all	341	17	886578	0.0000192
all	342	36	886578	0.0000406
all	343	34	886578	0.0000383
all	344	33	886578	0.0000372
all	345	17	886578	0.0000192
all	346	36	886578	0.0000406
all	347	16	886578	0.0000180
all	348	27	886578	0.0000305
all	349	22	886578	0.0000248
all	350	28	886578	0.0000316
all	351	21	886578	0.0000237
all	352	29	886578	0.0000327
all	353	19	886578	0.0000214
all	354	32	886578	0.0000361
all	355	10	886578	0.0000113
all	356	18	886578	0.0000203
all	357	20	886578	0.0000226
all	358	34	886578	0.0000383
all	359	31	886578	0.0000350
all	360	33	886578	0.0000372
all	361	29	886578	0.0000327
all	362	25	886578	0.0000282
all	363	16	886578	0.0000180
all	364	22	886578	0.0000248
all	365	25	886578	0.0000282
all	366	31	886578	0.0000350
all	367	25	886578	0.0000282
all	368	33	886578	0.0000372
all	369	18	886578	0.0000203
all	370	19	886578	0.0000214
all	371	30	886578	0.0000338
all	372	42	886578	0.0000474
all	373	35	886578	0.0000395
all	374	30	886578	0.0000338
all	375	22	886578	0.0000248
all	376	10	886578	0.0000113
all	377	35	886578	0.0000395
all	378	24	886578	0.0000271
all	379	12	886578	0.0000135
all	380	20	886578	0.0000226
all	381	21	886578	0.0000237
all	382	25	886578	0.0000282
all	383	23	886578	0.0000259
all	384	20	886578	0.0000226
all	385	16	886578	0.0000180
all	386	13	886578	0.0000147
all	387	14	886578	0.0000158
all	388	28	886578	0.0000316
all	389	18	886578	0.0000203
all	390	16	886578	0.0000180
all	391	16	886578	0.0000180
all	392	39	886578	0.0000440
all	393	24	886578	0.0000271
all	394	23	886578	0.0000259
all	395	25	886578	0.0000282
all	396	25	886578	0.0000282
all	397	24	886578	0.0000271
all	398	23	886578	0.0000259
all	399	7	886578	0.0000079
all	400	12	886578	0.0000135
all	401	12	886578	0.0000135
all	402	8	886578	0.0000090
all	403	6	886578	0.0000068
all	404	16	886578	0.0000180
all	405	8	886578	0.0000090
all	406	21	886578	0.0000237
all	407	14	886578	0.0000158
all	408	12	886578	0.0000135
all	409	8	886578	0.0000090
all	410	13	886578	0.0000147
all	411	9	886578	0.0000102
all	412	10	886578	0.0000113
all	413	19	886578	0.0000214
all	414	10	886578	0.0000113
all	415	13	886578	0.0000147
all	416	9	886578	0.0000102
all	417	15	886578	0.0000169
all	418	7	886578	0.0000079
all	419	17	886578	0.0000192
all	420	8	886578	0.0000090
all	421	18	886578	0.0000203
all	422	12	886578	0.0000135
all	423	9	886578	0.0000102
all	424	19	886578	0.0000214
all	425	15	886578	0.0000169
all	426	15	886578	0.0000169
all	427	9	886578	0.0000102
all	428	15	886578	0.0000169
all	429	9	886578	0.0000102
all	430	13	886578	0.0000147
all	431	15	886578	0.0000169
all	432	7	886578	0.0000079
all	433	14	886578	0.0000158
all	434	10	886578	0.0000113
all	435	10	886578	0.0000113
all	436	12	886578	0.0000135
all	437	16	886578	0.0000180
all	438	11	886578	0.0000124
all	439	9	886578	0.0000102
all	440	11	886578	0.0000124
all	441	15	886578	0.0000169
all	442	11	886578	0.0000124
all	443	15	886578	0.0000169
all	444	9	886578	0.0000102
all	445	14	886578	0.0000158
all	446	10	886578	0.0000113
all	447	20	886578	0.0000226
all	448	14	886578	0.0000158
all	449	26	886578	0.0000293
all	450	15	886578	0.0000169
all	451	13	886578	0.0000147
all	452	15	886578	0.0000169
all	453	14	886578	0.0000158
all	454	15	886578	0.0000169
all	455	17	886578	0.0000192
all	456	19	886578	0.0000214
all	457	13	886578	0.0000147
all	458	10	886578	0.0000113
all	459	21	886578	0.0000237
all	460	15	886578	0.0000169
all	461	12	886578	0.0000135
all	462	18	886578	0.0000203
all	463	15	886578	0.0000169
all	464	13	886578	0.0000147
all	465	13	886578	0.0000147
all	466	13	886578	0.0000147
all	467	17	886578	0.0000192
all	468	7	886578	0.0000079
all	469	13	886578	0.0000147
all	470	17	886578	0.0000192
all	471	17	886578	0.0000192
all	472	16	886578	0.0000180
all	473	17	886578	0.0000192
all	474	9	886578	0.0000102
all	475	25	886578	0.0000282
all	476	16	886578	0.0000180
all	477	25	886578	0.0000282
all	478	21	886578	0.0000237
all	479	16	886578	0.0000180
all	480	11	886578	0.0000124
all	481	12	886578	0.0000135
all	482	14	886578	0.0000158
all	483	5	886578	0.0000056
all	484	17	886578	0.0000192
all	485	8	886578	0.0000090
all	486	12	886578	0.0000135
all	487	10	886578	0.0000113
all	488	12	886578	0.0000135
all	489	9	886578	0.0000102
all	490	12	886578	0.0000135
all	491	15	886578	0.0000169
all	492	6	886578	0.0000068
all	493	14	886578	0.0000158
all	494	9	886578	0.0000102
all	495	11	886578	0.0000124
all	496	8	886578	0.0000090
all	497	22	886578	0.0000248
all	498	11	886578	0.0000124
all	499	32	886578	0.0000361
all	500	8	886578	0.0000090
all	501	8	886578	0.0000090
all	502	8	886578	0.0000090
all	503	15	886578	0.0000169
all	504	9	886578	0.0000102
all	505	13	886578	0.0000147
all	506	3	886578	0.0000034
all	507	8	886578	0.0000090
all	508	16	886578	0.0000180
all	509	6	886578	0.0000068
all	510	9	886578	0.0000102
all	511	6	886578	0.0000068
all	512	16	886578	0.0000180
all	513	10	886578	0.0000113
all	514	19	886578	0.0000214
all	515	12	886578	0.0000135
all	516	9	886578	0.0000102
all	517	20	886578	0.0000226
all	518	16	886578	0.0000180
all	519	6	886578	0.0000068
all	520	20	886578	0.0000226
all	521	9	886578	0.0000102
all	522	12	886578	0.0000135
all	523	15	886578	0.0000169
all	524	11	886578	0.0000124
all	525	19	886578	0.0000214
all	526	12	886578	0.0000135
all	527	17	886578	0.0000192
all	528	11	886578	0.0000124
all	529	24	886578	0.0000271
all	530	15	886578	0.0000169
all	531	18	886578	0.0000203
all	532	22	886578	0.0000248
all	533	8	886578	0.0000090
all	534	19	886578	0.0000214
all	535	12	886578	0.0000135
all	536	18	886578	0.0000203
all	537	13	886578	0.0000147
all	538	20	886578	0.0000226
all	539	14	886578	0.0000158
all	540	26	886578	0.0000293
all	541	17	886578	0.0000192
all	542	27	886578	0.0000305
all	543	5	886578	0.0000056
all	544	22	886578	0.0000248
all	545	6	886578	0.0000068
all	546	8	886578	0.0000090
all	547	6	886578	0.0000068
all	548	10	886578	0.0000113
all	549	7	886578	0.0000079
all	550	10	886578	0.0000113
all	551	10	886578	0.0000113
all	552	10	886578	0.0000113
all	553	9	886578	0.0000102
all	554	6	886578	0.0000068
all	555	5	886578	0.0000056
all	556	12	886578	0.0000135
all	557	8	886578	0.0000090
all	558	14	886578	0.0000158
all	559	4	886578	0.0000045
all	560	8	886578	0.0000090
all	561	4	886578	0.0000045
all	562	7	886578	0.0000079
all	563	8	886578	0.0000090
all	564	6	886578	0.0000068
all	565	10	886578	0.0000113
all	566	12	886578	0.0000135
all	567	18	886578	0.0000203
all	568	14	886578	0.0000158
all	569	23	886578	0.0000259
all	570	19	886578	0.0000214
all	571	16	886578	0.0000180
all	572	12	886578	0.0000135
all	573	6	886578	0.0000068
all	574	4	886578	0.0000045
all	575	6	886578	0.0000068
all	576	22	886578	0.0000248
all	577	10	886578	0.0000113
all	578	10	886578	0.0000113
all	579	12	886578	0.0000135
all	580	9	886578	0.0000102
all	581	12	886578	0.0000135
all	582	6	886578	0.0000068
all	583	13	886578	0.0000147
all	584	7	886578	0.0000079
all	585	13	886578	0.0000147
all	586	10	886578	0.0000113
all	587	11	886578	0.0000124
all	588	10	886578	0.0000113
all	589	16	886578	0.0000180
all	590	11	886578	0.0000124
all	591	13	886578	0.0000147
all	592	19	886578	0.0000214
all	593	13	886578	0.0000147
all	594	17	886578	0.0000192
all	595	7	886578	0.0000079
all	596	7	886578	0.0000079
all	597	9	886578	0.0000102
all	598	12	886578	0.0000135
all	599	12	886578	0.0000135
all	600	5	886578	0.0000056
all	601	10	886578	0.0000113
all	602	11	886578	0.0000124
all	603	3	886578	0.0000034
all	604	20	886578	0.0000226
all	605	9	886578	0.0000102
all	606	14	886578	0.0000158
all	607	6	886578	0.0000068
all	608	13	886578	0.0000147
all	609	8	886578	0.0000090
all	610	6	886578	0.0000068
all	611	8	886578	0.0000090
all	612	12	886578	0.0000135
all	613	6	886578	0.0000068
all	614	9	886578	0.0000102
all	615	10	886578	0.0000113
all	616	5	886578	0.0000056
all	617	7	886578	0.0000079
all	618	10	886578	0.0000113
all	619	15	886578	0.0000169
all	620	9	886578	0.0000102
all	621	9	886578	0.0000102
all	622	12	886578	0.0000135
all	623	7	886578	0.0000079
all	624	12	886578	0.0000135
all	625	17	886578	0.0000192
all	626	7	886578	0.0000079
all	627	14	886578	0.0000158
all	628	10	886578	0.0000113
all	629	10	886578	0.0000113
all	630	11	886578	0.0000124
all	631	12	886578	0.0000135
all	632	6	886578	0.0000068
all	633	10	886578	0.0000113
all	634	13	886578	0.0000147
all	635	8	886578	0.0000090
all	636	7	886578	0.0000079
all	637	12	886578	0.0000135
all	638	15	886578	0.0000169
all	639	8	886578	0.0000090
all	640	13	886578	0.0000147
all	641	7	886578	0.0000079
all	642	17	886578	0.0000192
all	643	11	886578	0.0000124
all	644	9	886578	0.0000102
all	645	17	886578	0.0000192
all	646	16	886578	0.0000180
all	647	17	886578	0.0000192
all	648	7	886578	0.0000079
all	649	9	886578	0.0000102
all	650	11	886578	0.0000124
all	651	8	886578	0.0000090
all	652	15	886578	0.0000169
all	653	11	886578	0.0000124
all	654	21	886578	0.0000237
all	655	3	886578	0.0000034
all	656	16	886578	0.0000180
all	657	5	886578	0.0000056
all	658	6	886578	0.0000068
all	659	5	886578	0.0000056
all	660	10	886578	0.0000113
all	661	7	886578	0.0000079
all	662	15	886578	0.0000169
all	663	8	886578	0.0000090
all	664	6	886578	0.0000068
all	665	4	886578	0.0000045
all	666	10	886578	0.0000113
all	667	12	886578	0.0000135
all	668	10	886578	0.0000113
all	669	11	886578	0.0000124
all	670	7	886578	0.0000079
all	671	6	886578	0.0000068
all	672	12	886578	0.0000135
all	673	3	886578	0.0000034
all	674	7	886578	0.0000079
all	675	10	886578	0.0000113
all	676	8	886578	0.0000090
all	677	9	886578	0.0000102
all	678	5	886578	0.0000056
all	679	8	886578	0.0000090
all	680	6	886578	0.0000068
all	681	7	886578	0.0000079
all	682	10	886578	0.0000113
all	683	10	886578	0.0000113
all	684	6	886578	0.0000068
all	685	15	886578	0.0000169
all	686	7	886578	0.0000079
all	687	6	886578	0.0000068
all	688	5	886578	0.0000056
all	689	4	886578	0.0000045
all	690	4	886578	0.0000045
all	691	5	886578	0.0000056
all	692	3	886578	0.0000034
all	693	7	886578	0.0000079
all	694	6	886578	0.0000068
all	695	13	886578	0.0000147
all	696	8	886578	0.0000090
all	697	12	886578	0.0000135
all	698	3	886578	0.0000034
all	699	7	886578	0.0000079
all	700	7	886578	0.0000079
all	701	6	886578	0.0000068
all	702	10	886578	0.0000113
all	703	8	886578	0.0000090
all	704	8	886578	0.0000090
all	705	4	886578	0.0000045
all	706	12	886578	0.0000135
all	707	9	886578	0.0000102
all	708	9	886578	0.0000102
all	709	6	886578	0.0000068
all	710	12	886578	0.0000135
all	711	7	886578	0.0000079
all	712	12	886578	0.0000135
all	713	7	886578	0.0000079
all	714	7	886578	0.0000079
all	715	7	886578	0.0000079
all	716	8	886578	0.0000090
all	717	9	886578	0.0000102
all	718	5	886578	0.0000056
all	719	7	886578	0.0000079
all	720	5	886578	0.0000056
all	721	12	886578	0.0000135
all	722	5	886578	0.0000056
all	723	9	886578	0.0000102
all	724	5	886578	0.0000056
all	725	4	886578	0.0000045
all	726	15	886578	0.0000169
all	727	3	886578	0.0000034
all	728	1	886578	0.0000011
all	729	3	886578	0.0000034
all	730	10	886578	0.0000113
all	731	6	886578	0.0000068
all	732	4	886578	0.0000045
all	733	12	886578	0.0000135
all	734	10	886578	0.0000113
all	735	5	886578	0.0000056
all	736	8	886578	0.0000090
all	737	4	886578	0.0000045
all	738	4	886578	0.0000045
all	739	7	886578	0.0000079
all	740	7	886578	0.0000079
all	741	11	886578	0.0000124
all	742	8	886578	0.0000090
all	743	5	886578	0.0000056
all	744	4	886578	0.0000045
all	745	11	886578	0.0000124
all	746	9	886578	0.0000102
all	747	7	886578	0.0000079
all	748	5	886578	0.0000056
all	749	8	886578	0.0000090
all	750	4	886578	0.0000045
all	751	6	886578	0.0000068
all	752	8	886578	0.0000090
all	753	9	886578	0.0000102
all	754	8	886578	0.0000090
all	755	12	886578	0.0000135
all	756	11	886578	0.0000124
all	757	5	886578	0.0000056
all	758	5	886578	0.0000056
all	759	10	886578	0.0000113
all	760	14	886578	0.0000158
all	761	3	886578	0.0000034
all	762	13	886578	0.0000147
all	763	11	886578	0.0000124
all	764	4	886578	0.0000045
all	765	6	886578	0.0000068
all	766	11	886578	0.0000124
all	767	12	886578	0.0000135
all	768	9	886578	0.0000102
all	769	18	886578	0.0000203
all	770	4	886578	0.0000045
all	771	8	886578	0.0000090
all	772	5	886578	0.0000056
all	773	5	886578	0.0000056
all	774	8	886578	0.0000090
all	775	3	886578	0.0000034
all	776	3	886578	0.0000034
all	777	4	886578	0.0000045
all	778	7	886578	0.0000079
all	779	2	886578	0.0000023
all	780	7	886578	0.0000079
all	781	8	886578	0.0000090
all	782	7	886578	0.0000079
all	783	2	886578	0.0000023
all	784	3	886578	0.0000034
all	785	8	886578	0.0000090
all	786	6	886578	0.0000068
all	787	5	886578	0.0000056
all	788	6	886578	0.0000068
all	789	9	886578	0.0000102
all	790	12	886578	0.0000135
all	791	13	886578	0.0000147
all	792	6	886578	0.0000068
all	793	6	886578	0.0000068
all	794	22	886578	0.0000248
all	795	9	886578	0.0000102
all	796	8	886578	0.0000090
all	797	7	886578	0.0000079
all	798	12	886578	0.0000135
all	799	14	886578	0.0000158
all	800	3	886578	0.0000034
all	801	10	886578	0.0000113
all	802	10	886578	0.0000113
all	803	7	886578	0.0000079
all	804	12	886578	0.0000135
all	805	5	886578	0.0000056
all	806	8	886578	0.0000090
all	807	12	886578	0.0000135
all	808	7	886578	0.0000079
all	809	4	886578	0.0000045
all	810	5	886578	0.0000056
all	811	12	886578	0.0000135
all	812	5	886578	0.0000056
all	813	13	886578	0.0000147
all	814	10	886578	0.0000113
all	815	8	886578	0.0000090
all	816	2	886578	0.0000023
all	817	4	886578	0.0000045
all	818	8	886578	0.0000090
all	819	7	886578	0.0000079
all	820	11	886578	0.0000124
all	821	4	886578	0.0000045
all	822	11	886578	0.0000124
all	823	5	886578	0.0000056
all	824	6	886578	0.0000068
all	825	12	886578	0.0000135
all	826	8	886578	0.0000090
all	827	4	886578	0.0000045
all	828	15	886578	0.0000169
all	829	10	886578	0.0000113
all	830	6	886578	0.0000068
all	831	4	886578	0.0000045
all	832	5	886578	0.0000056
all	833	6	886578	0.0000068
all	834	12	886578	0.0000135
all	835	11	886578	0.0000124
all	836	12	886578	0.0000135
all	837	11	886578	0.0000124
all	838	14	886578	0.0000158
all	839	8	886578	0.0000090
all	840	4	886578	0.0000045
all	841	8	886578	0.0000090
all	842	11	886578	0.0000124
all	843	5	886578	0.0000056
all	844	5	886578	0.0000056
all	845	4	886578	0.0000045
all	846	7	886578	0.0000079
all	847	6	886578	0.0000068
all	848	10	886578	0.0000113
all	849	6	886578	0.0000068
all	850	4	886578	0.0000045
all	851	8	886578	0.0000090
all	852	7	886578	0.0000079
all	853	10	886578	0.0000113
all	854	11	886578	0.0000124
all	855	8	886578	0.0000090
all	856	8	886578	0.0000090
all	857	10	886578	0.0000113
all	858	17	886578	0.0000192
all	859	12	886578	0.0000135
all	860	7	886578	0.0000079
all	861	14	886578	0.0000158
all	862	11	886578	0.0000124
all	863	5	886578	0.0000056
all	864	8	886578	0.0000090
all	865	9	886578	0.0000102
all	866	6	886578	0.0000068
all	867	5	886578	0.0000056
all	868	16	886578	0.0000180
all	869	4	886578	0.0000045
all	870	6	886578	0.0000068
all	871	12	886578	0.0000135
all	872	8	886578	0.0000090
all	873	10	886578	0.0000113
all	874	7	886578	0.0000079
all	875	11	886578	0.0000124
all	876	10	886578	0.0000113
all	877	5	886578	0.0000056
all	878	7	886578	0.0000079
all	879	9	886578	0.0000102
all	880	3	886578	0.0000034
all	881	5	886578	0.0000056
all	882	8	886578	0.0000090
all	883	4	886578	0.0000045
all	884	5	886578	0.0000056
all	885	5	886578	0.0000056
all	886	8	886578	0.0000090
all	887	6	886578	0.0000068
all	888	10	886578	0.0000113
all	889	4	886578	0.0000045
all	890	5	886578	0.0000056
all	891	4	886578	0.0000045
all	892	5	886578	0.0000056
all	893	7	886578	0.0000079
all	894	4	886578	0.0000045
all	895	2	886578	0.0000023
all	896	4	886578	0.0000045
all	897	2	886578	0.0000023
all	898	9	886578	0.0000102
all	899	3	886578	0.0000034
all	900	1	886578	0.0000011
all	901	3	886578	0.0000034
all	902	7	886578	0.0000079
all	903	4	886578	0.0000045
all	904	5	886578	0.0000056
all	905	5	886578	0.0000056
all	906	6	886578	0.0000068
all	907	5	886578	0.0000056
all	908	9	886578	0.0000102
all	909	5	886578	0.0000056
all	910	7	886578	0.0000079
all	911	3	886578	0.0000034
all	912	9	886578	0.0000102
all	913	8	886578	0.0000090
all	914	5	886578	0.0000056
all	915	7	886578	0.0000079
all	916	5	886578	0.0000056
all	917	18	886578	0.0000203
all	918	2	886578	0.0000023
all	919	6	886578	0.0000068
all	920	4	886578	0.0000045
all	921	3	886578	0.0000034
all	922	5	886578	0.0000056
all	923	3	886578	0.0000034
all	924	6	886578	0.0000068
all	925	6	886578	0.0000068
all	926	6	886578	0.0000068
all	927	9	886578	0.0000102
all	928	8	886578	0.0000090
all	929	1	886578	0.0000011
all	930	4	886578	0.0000045
all	931	3	886578	0.0000034
all	932	1	886578	0.0000011
all	933	4	886578	0.0000045
all	934	6	886578	0.0000068
all	935	7	886578	0.0000079
all	936	3	886578	0.0000034
all	937	2	886578	0.0000023
all	938	5	886578	0.0000056
all	939	4	886578	0.0000045
all	940	6	886578	0.0000068
all	941	4	886578	0.0000045
all	942	3	886578	0.0000034
all	943	4	886578	0.0000045
all	944	5	886578	0.0000056
all	945	3	886578	0.0000034
all	946	1	886578	0.0000011
all	947	6	886578	0.0000068
all	948	5	886578	0.0000056
all	949	8	886578	0.0000090
all	950	3	886578	0.0000034
all	951	4	886578	0.0000045
all	952	7	886578	0.0000079
all	953	2	886578	0.0000023
all	954	1	886578	0.0000011
all	955	7	886578	0.0000079
all	956	7	886578	0.0000079
all	957	7	886578	0.0000079
all	958	2	886578	0.0000023
all	959	4	886578	0.0000045
all	960	6	886578	0.0000068
all	961	6	886578	0.0000068
all	962	2	886578	0.0000023
all	963	4	886578	0.0000045
all	964	5	886578	0.0000056
all	965	9	886578	0.0000102
all	966	10	886578	0.0000113
all	967	7	886578	0.0000079
all	968	2	886578	0.0000023
all	969	5	886578	0.0000056
all	970	2	886578	0.0000023
all	971	4	886578	0.0000045
all	972	8	886578	0.0000090
all	973	4	886578	0.0000045
all	974	4	886578	0.0000045
all	975	3	886578	0.0000034
all	976	7	886578	0.0000079
all	977	5	886578	0.0000056
all	978	3	886578	0.0000034
all	979	4	886578	0.0000045
all	980	13	886578	0.0000147
all	981	10	886578	0.0000113
all	982	6	886578	0.0000068
all	983	7	886578	0.0000079
all	984	14	886578	0.0000158
all	985	5	886578	0.0000056
all	986	2	886578	0.0000023
all	987	3	886578	0.0000034
all	988	7	886578	0.0000079
all	989	6	886578	0.0000068
all	990	2	886578	0.0000023
all	991	9	886578	0.0000102
all	992	2	886578	0.0000023
all	993	4	886578	0.0000045
all	994	8	886578	0.0000090
all	995	6	886578	0.0000068
all	996	5	886578	0.0000056
all	997	3	886578	0.0000034
all	998	4	886578	0.0000045
all	999	3	886578	0.0000034
all	1000	5	886578	0.0000056
all	1001	2	886578	0.0000023
all	1002	9	886578	0.0000102
all	1003	7	886578	0.0000079
all	1004	6	886578	0.0000068
all	1005	4	886578	0.0000045
all	1006	6	886578	0.0000068
all	1007	2	886578	0.0000023
all	1008	4	886578	0.0000045
all	1009	5	886578	0.0000056
all	1010	6	886578	0.0000068
all	1011	2	886578	0.0000023
all	1012	5	886578	0.0000056
all	1013	3	886578	0.0000034
all	1014	4	886578	0.0000045
all	1015	6	886578	0.0000068
all	1016	5	886578	0.0000056
all	1017	4	886578	0.0000045
all	1018	6	886578	0.0000068
all	1019	8	886578	0.0000090
all	1020	8	886578	0.0000090
all	1021	5	886578	0.0000056
all	1022	8	886578	0.0000090
all	1023	8	886578	0.0000090
all	1024	8	886578	0.0000090
all	1025	3	886578	0.0000034
all	1026	9	886578	0.0000102
all	1027	5	886578	0.0000056
all	1028	5	886578	0.0000056
all	1029	11	886578	0.0000124
all	1030	5	886578	0.0000056
all	1031	13	886578	0.0000147
all	1032	5	886578	0.0000056
all	1033	9	886578	0.0000102
all	1034	5	886578	0.0000056
all	1035	6	886578	0.0000068
all	1036	12	886578	0.0000135
all	1037	15	886578	0.0000169
all	1038	15	886578	0.0000169
all	1039	10	886578	0.0000113
all	1040	7	886578	0.0000079
all	1041	8	886578	0.0000090
all	1042	8	886578	0.0000090
all	1043	10	886578	0.0000113
all	1044	10	886578	0.0000113
all	1045	4	886578	0.0000045
all	1046	9	886578	0.0000102
all	1047	9	886578	0.0000102
all	1048	12	886578	0.0000135
all	1049	17	886578	0.0000192
all	1050	11	886578	0.0000124
all	1051	7	886578	0.0000079
all	1052	7	886578	0.0000079
all	1053	7	886578	0.0000079
all	1054	5	886578	0.0000056
all	1055	5	886578	0.0000056
all	1056	5	886578	0.0000056
all	1057	5	886578	0.0000056
all	1058	8	886578	0.0000090
all	1059	6	886578	0.0000068
all	1060	1	886578	0.0000011
all	1061	4	886578	0.0000045
all	1062	3	886578	0.0000034
all	1063	7	886578	0.0000079
all	1064	5	886578	0.0000056
all	1065	5	886578	0.0000056
all	1066	7	886578	0.0000079
all	1067	10	886578	0.0000113
all	1068	2	886578	0.0000023
all	1069	8	886578	0.0000090
all	1070	6	886578	0.0000068
all	1071	9	886578	0.0000102
all	1072	4	886578	0.0000045
all	1073	3	886578	0.0000034
all	1074	5	886578	0.0000056
all	1075	6	886578	0.0000068
all	1076	2	886578	0.0000023
all	1077	9	886578	0.0000102
all	1078	5	886578	0.0000056
all	1079	7	886578	0.0000079
all	1080	5	886578	0.0000056
all	1081	4	886578	0.0000045
all	1082	4	886578	0.0000045
all	1083	8	886578	0.0000090
all	1084	9	886578	0.0000102
all	1085	4	886578	0.0000045
all	1086	6	886578	0.0000068
all	1087	5	886578	0.0000056
all	1088	5	886578	0.0000056
all	1089	7	886578	0.0000079
all	1090	7	886578	0.0000079
all	1091	4	886578	0.0000045
all	1092	1	886578	0.0000011
all	1093	4	886578	0.0000045
all	1094	9	886578	0.0000102
all	1095	7	886578	0.0000079
all	1096	4	886578	0.0000045
all	1097	11	886578	0.0000124
all	1098	7	886578	0.0000079
all	1099	6	886578	0.0000068
all	1100	2	886578	0.0000023
all	1101	4	886578	0.0000045
all	1102	7	886578	0.0000079
all	1103	12	886578	0.0000135
all	1104	6	886578	0.0000068
all	1105	4	886578	0.0000045
all	1107	4	886578	0.0000045
all	1108	7	886578	0.0000079
all	1109	5	886578	0.0000056
all	1110	4	886578	0.0000045
all	1111	7	886578	0.0000079
all	1112	4	886578	0.0000045
all	1113	6	886578	0.0000068
all	1114	5	886578	0.0000056
all	1115	4	886578	0.0000045
all	1116	5	886578	0.0000056
all	1117	4	886578	0.0000045
all	1118	10	886578	0.0000113
all	1119	5	886578	0.0000056
all	1120	6	886578	0.0000068
all	1121	5	886578	0.0000056
all	1122	11	886578	0.0000124
all	1123	3	886578	0.0000034
all	1124	6	886578	0.0000068
all	1125	7	886578	0.0000079
all	1126	5	886578	0.0000056
all	1127	4	886578	0.0000045
all	1128	6	886578	0.0000068
all	1129	3	886578	0.0000034
all	1130	9	886578	0.0000102
all	1131	5	886578	0.0000056
all	1132	5	886578	0.0000056
all	1133	10	886578	0.0000113
all	1134	5	886578	0.0000056
all	1135	3	886578	0.0000034
all	1136	7	886578	0.0000079
all	1137	3	886578	0.0000034
all	1138	4	886578	0.0000045
all	1139	7	886578	0.0000079
all	1140	10	886578	0.0000113
all	1141	7	886578	0.0000079
all	1142	5	886578	0.0000056
all	1143	2	886578	0.0000023
all	1144	11	886578	0.0000124
all	1145	8	886578	0.0000090
all	1146	11	886578	0.0000124
all	1147	3	886578	0.0000034
all	1148	5	886578	0.0000056
all	1149	4	886578	0.0000045
all	1150	4	886578	0.0000045
all	1151	9	886578	0.0000102
all	1152	3	886578	0.0000034
all	1153	6	886578	0.0000068
all	1155	7	886578	0.0000079
all	1156	3	886578	0.0000034
all	1158	5	886578	0.0000056
all	1159	2	886578	0.0000023
all	1160	3	886578	0.0000034
all	1161	5	886578	0.0000056
all	1162	11	886578	0.0000124
all	1163	8	886578	0.0000090
all	1164	7	886578	0.0000079
all	1165	1	886578	0.0000011
all	1166	3	886578	0.0000034
all	1167	5	886578	0.0000056
all	1168	3	886578	0.0000034
all	1169	7	886578	0.0000079
all	1170	3	886578	0.0000034
all	1171	3	886578	0.0000034
all	1172	2	886578	0.0000023
all	1173	3	886578	0.0000034
all	1174	5	886578	0.0000056
all	1175	4	886578	0.0000045
all	1176	1	886578	0.0000011
all	1177	3	886578	0.0000034
all	1178	5	886578	0.0000056
all	1179	2	886578	0.0000023
all	1180	4	886578	0.0000045
all	1181	4	886578	0.0000045
all	1182	5	886578	0.0000056
all	1183	4	886578	0.0000045
all	1184	2	886578	0.0000023
all	1185	3	886578	0.0000034
all	1186	5	886578	0.0000056
all	1187	4	886578	0.0000045
all	1188	2	886578	0.0000023
all	1189	9	886578	0.0000102
all	1190	1	886578	0.0000011
all	1191	2	886578	0.0000023
all	1192	6	886578	0.0000068
all	1193	5	886578	0.0000056
all	1194	5	886578	0.0000056
all	1196	3	886578	0.0000034
all	1197	3	886578	0.0000034
all	1198	1	886578	0.0000011
all	1199	7	886578	0.0000079
all	1200	4	886578	0.0000045
all	1201	2	886578	0.0000023
all	1202	4	886578	0.0000045
all	1203	2	886578	0.0000023
all	1204	5	886578	0.0000056
all	1205	5	886578	0.0000056
all	1206	2	886578	0.0000023
all	1207	5	886578	0.0000056
all	1209	4	886578	0.0000045
all	1210	3	886578	0.0000034
all	1211	4	886578	0.0000045
all	1212	4	886578	0.0000045
all	1213	3	886578	0.0000034
all	1214	5	886578	0.0000056
all	1215	4	886578	0.0000045
all	1216	1	886578	0.0000011
all	1217	6	886578	0.0000068
all	1218	8	886578	0.0000090
all	1219	5	886578	0.0000056
all	1220	3	886578	0.0000034
all	1221	6	886578	0.0000068
all	1222	5	886578	0.0000056
all	1223	4	886578	0.0000045
all	1224	1	886578	0.0000011
all	1225	5	886578	0.0000056
all	1226	1	886578	0.0000011
all	1227	3	886578	0.0000034
all	1228	2	886578	0.0000023
all	1229	2	886578	0.0000023
all	1230	3	886578	0.0000034
all	1231	4	886578	0.0000045
all	1232	5	886578	0.0000056
all	1233	4	886578	0.0000045
all	1234	1	886578	0.0000011
all	1235	3	886578	0.0000034
all	1236	2	886578	0.0000023
all	1237	2	886578	0.0000023
all	1238	2	886578	0.0000023
all	1239	4	886578	0.0000045
all	1240	3	886578	0.0000034
all	1241	5	886578	0.0000056
all	1242	6	886578	0.0000068
all	1243	4	886578	0.0000045
all	1244	5	886578	0.0000056
all	1245	4	886578	0.0000045
all	1246	6	886578	0.0000068
all	1247	4	886578	0.0000045
all	1248	4	886578	0.0000045
all	1249	4	886578	0.0000045
all	1250	5	886578	0.0000056
all	1251	3	886578	0.0000034
all	1252	3	886578	0.0000034
all	1253	4	886578	0.0000045
all	1254	2	886578	0.0000023
all	1256	3	886578	0.0000034
all	1257	5	886578	0.0000056
all	1258	7	886578	0.0000079
all	1259	5	886578	0.0000056
all	1260	2	886578	0.0000023
all	1261	2	886578	0.0000023
all	1262	1	886578	0.0000011
all	1263	2	886578	0.0000023
all	1264	9	886578	0.0000102
all	1265	2	886578	0.0000023
all	1266	4	886578	0.0000045
all	1267	5	886578	0.0000056
all	1268	3	886578	0.0000034
all	1269	6	886578	0.0000068
all	1270	2	886578	0.0000023
all	1271	2	886578	0.0000023
all	1272	2	886578	0.0000023
all	1273	2	886578	0.0000023
all	1274	4	886578	0.0000045
all	1275	3	886578	0.0000034
all	1276	3	886578	0.0000034
all	1277	4	886578	0.0000045
all	1278	3	886578	0.0000034
all	1279	4	886578	0.0000045
all	1280	5	886578	0.0000056
all	1281	3	886578	0.0000034
all	1282	6	886578	0.0000068
all	1283	5	886578	0.0000056
all	1284	5	886578	0.0000056
all	1285	4	886578	0.0000045
all	1286	3	886578	0.0000034
all	1287	3	886578	0.0000034
all	1288	3	886578	0.0000034
all	1289	2	886578	0.0000023
all	1290	3	886578	0.0000034
all	1292	3	886578	0.0000034
all	1293	2	886578	0.0000023
all	1294	3	886578	0.0000034
all	1296	4	886578	0.0000045
all	1297	1	886578	0.0000011
all	1298	2	886578	0.0000023
all	1299	4	886578	0.0000045
all	1300	5	886578	0.0000056
all	1301	2	886578	0.0000023
all	1302	4	886578	0.0000045
all	1303	3	886578	0.0000034
all	1304	2	886578	0.0000023
all	1305	6	886578	0.0000068
all	1306	1	886578	0.0000011
all	1307	3	886578	0.0000034
all	1308	2	886578	0.0000023
all	1309	3	886578	0.0000034
all	1310	6	886578	0.0000068
all	1311	6	886578	0.0000068
all	1312	5	886578	0.0000056
all	1313	4	886578	0.0000045
all	1314	2	886578	0.0000023
all	1315	4	886578	0.0000045
all	1316	4	886578	0.0000045
all	1317	2	886578	0.0000023
all	1318	3	886578	0.0000034
all	1319	5	886578	0.0000056
all	1320	2	886578	0.0000023
all	1321	5	886578	0.0000056
all	1322	2	886578	0.0000023
all	1323	3	886578	0.0000034
all	1324	3	886578	0.0000034
all	1325	4	886578	0.0000045
all	1326	5	886578	0.0000056
all	1327	2	886578	0.0000023
all	1328	4	886578	0.0000045
all	1329	6	886578	0.0000068
all	1330	4	886578	0.0000045
all	1331	6	886578	0.0000068
all	1332	3	886578	0.0000034
all	1333	4	886578	0.0000045
all	1334	6	886578	0.0000068
all	1335	6	886578	0.0000068
all	1336	2	886578	0.0000023
all	1337	3	886578	0.0000034
all	1338	5	886578	0.0000056
all	1339	2	886578	0.0000023
all	1340	5	886578	0.0000056
all	1341	5	886578	0.0000056
all	1342	2	886578	0.0000023
all	1343	7	886578	0.0000079
all	1344	5	886578	0.0000056
all	1345	8	886578	0.0000090
all	1346	7	886578	0.0000079
all	1347	2	886578	0.0000023
all	1348	9	886578	0.0000102
all	1349	8	886578	0.0000090
all	1350	5	886578	0.0000056
all	1351	5	886578	0.0000056
all	1352	7	886578	0.0000079
all	1353	3	886578	0.0000034
all	1354	2	886578	0.0000023
all	1355	2	886578	0.0000023
all	1356	5	886578	0.0000056
all	1357	7	886578	0.0000079
all	1358	2	886578	0.0000023
all	1359	5	886578	0.0000056
all	1360	9	886578	0.0000102
all	1361	16	886578	0.0000180
all	1362	13	886578	0.0000147
all	1363	6	886578	0.0000068
all	1364	17	886578	0.0000192
all	1365	8	886578	0.0000090
all	1366	25	886578	0.0000282
all	1367	7	886578	0.0000079
all	1368	14	886578	0.0000158
all	1369	7	886578	0.0000079
all	1370	13	886578	0.0000147
all	1371	3	886578	0.0000034
all	1372	5	886578	0.0000056
all	1373	8	886578	0.0000090
all	1374	12	886578	0.0000135
all	1375	8	886578	0.0000090
all	1376	5	886578	0.0000056
all	1377	7	886578	0.0000079
all	1378	8	886578	0.0000090
all	1379	1	886578	0.0000011
all	1380	7	886578	0.0000079
all	1381	1	886578	0.0000011
all	1382	5	886578	0.0000056
all	1383	4	886578	0.0000045
all	1384	4	886578	0.0000045
all	1385	2	886578	0.0000023
all	1387	2	886578	0.0000023
all	1388	6	886578	0.0000068
all	1389	6	886578	0.0000068
all	1390	7	886578	0.0000079
all	1391	5	886578	0.0000056
all	1393	1	886578	0.0000011
all	1394	10	886578	0.0000113
all	1395	2	886578	0.0000023
all	1396	8	886578	0.0000090
all	1397	5	886578	0.0000056
all	1398	8	886578	0.0000090
all	1399	2	886578	0.0000023
all	1400	2	886578	0.0000023
all	1401	4	886578	0.0000045
all	1402	4	886578	0.0000045
all	1403	2	886578	0.0000023
all	1405	1	886578	0.0000011
all	1406	3	886578	0.0000034
all	1407	1	886578	0.0000011
all	1408	4	886578	0.0000045
all	1409	4	886578	0.0000045
all	1410	2	886578	0.0000023
all	1411	2	886578	0.0000023
all	1412	2	886578	0.0000023
all	1413	2	886578	0.0000023
all	1415	5	886578	0.0000056
all	1416	1	886578	0.0000011
all	1417	4	886578	0.0000045
all	1418	3	886578	0.0000034
all	1419	2	886578	0.0000023
all	1420	5	886578	0.0000056
all	1421	1	886578	0.0000011
all	1422	6	886578	0.0000068
all	1423	3	886578	0.0000034
all	1424	3	886578	0.0000034
all	1425	7	886578	0.0000079
all	1426	3	886578	0.0000034
all	1427	3	886578	0.0000034
all	1428	2	886578	0.0000023
all	1429	3	886578	0.0000034
all	1430	1	886578	0.0000011
all	1431	2	886578	0.0000023
all	1432	1	886578	0.0000011
all	1433	5	886578	0.0000056
all	1434	4	886578	0.0000045
all	1435	2	886578	0.0000023
all	1436	2	886578	0.0000023
all	1437	3	886578	0.0000034
all	1438	5	886578	0.0000056
all	1439	5	886578	0.0000056
all	1440	5	886578	0.0000056
all	1441	3	886578	0.0000034
all	1442	2	886578	0.0000023
all	1443	6	886578	0.0000068
all	1444	4	886578	0.0000045
all	1445	6	886578	0.0000068
all	1446	2	886578	0.0000023
all	1448	3	886578	0.0000034
all	1449	9	886578	0.0000102
all	1450	7	886578	0.0000079
all	1451	3	886578	0.0000034
all	1452	1	886578	0.0000011
all	1453	4	886578	0.0000045
all	1454	3	886578	0.0000034
all	1455	5	886578	0.0000056
all	1456	5	886578	0.0000056
all	1457	3	886578	0.0000034
all	1458	3	886578	0.0000034
all	1459	9	886578	0.0000102
all	1460	1	886578	0.0000011
all	1461	4	886578	0.0000045
all	1462	6	886578	0.0000068
all	1463	2	886578	0.0000023
all	1464	4	886578	0.0000045
all	1465	4	886578	0.0000045
all	1466	3	886578	0.0000034
all	1467	4	886578	0.0000045
all	1468	11	886578	0.0000124
all	1469	5	886578	0.0000056
all	1470	4	886578	0.0000045
all	1471	5	886578	0.0000056
all	1472	4	886578	0.0000045
all	1473	4	886578	0.0000045
all	1474	6	886578	0.0000068
all	1475	5	886578	0.0000056
all	1476	4	886578	0.0000045
all	1477	3	886578	0.0000034
all	1478	6	886578	0.0000068
all	1479	5	886578	0.0000056
all	1480	6	886578	0.0000068
all	1481	1	886578	0.0000011
all	1482	5	886578	0.0000056
all	1483	4	886578	0.0000045
all	1484	3	886578	0.0000034
all	1485	2	886578	0.0000023
all	1486	4	886578	0.0000045
all	1487	4	886578	0.0000045
all	1488	3	886578	0.0000034
all	1489	3	886578	0.0000034
all	1490	3	886578	0.0000034
all	1491	8	886578	0.0000090
all	1492	2	886578	0.0000023
all	1493	3	886578	0.0000034
all	1494	7	886578	0.0000079
all	1495	2	886578	0.0000023
all	1496	1	886578	0.0000011
all	1497	6	886578	0.0000068
all	1498	1	886578	0.0000011
all	1499	1	886578	0.0000011
all	1500	2	886578	0.0000023
all	1501	1	886578	0.0000011
all	1502	4	886578	0.0000045
all	1503	4	886578	0.0000045
all	1504	5	886578	0.0000056
all	1505	6	886578	0.0000068
all	1506	1	886578	0.0000011
all	1507	3	886578	0.0000034
all	1508	5	886578	0.0000056
all	1509	1	886578	0.0000011
all	1511	3	886578	0.0000034
all	1512	3	886578	0.0000034
all	1513	2	886578	0.0000023
all	1514	2	886578	0.0000023
all	1517	2	886578	0.0000023
all	1518	3	886578	0.0000034
all	1519	6	886578	0.0000068
all	1520	2	886578	0.0000023
all	1521	5	886578	0.0000056
all	1522	5	886578	0.0000056
all	1523	5	886578	0.0000056
all	1524	3	886578	0.0000034
all	1525	5	886578	0.0000056
all	1526	2	886578	0.0000023
all	1527	2	886578	0.0000023
all	1528	4	886578	0.0000045
all	1529	1	886578	0.0000011
all	1530	3	886578	0.0000034
all	1531	6	886578	0.0000068
all	1532	3	886578	0.0000034
all	1533	5	886578	0.0000056
all	1534	4	886578	0.0000045
all	1536	2	886578	0.0000023
all	1537	4	886578	0.0000045
all	1538	4	886578	0.0000045
all	1539	6	886578	0.0000068
all	1540	5	886578	0.0000056
all	1541	5	886578	0.0000056
all	1542	3	886578	0.0000034
all	1544	4	886578	0.0000045
all	1545	3	886578	0.0000034
all	1546	6	886578	0.0000068
all	1547	7	886578	0.0000079
all	1548	2	886578	0.0000023
all	1549	2	886578	0.0000023
all	1550	3	886578	0.0000034
all	1551	4	886578	0.0000045
all	1552	6	886578	0.0000068
all	1553	3	886578	0.0000034
all	1554	3	886578	0.0000034
all	1555	5	886578	0.0000056
all	1556	5	886578	0.0000056
all	1557	3	886578	0.0000034
all	1558	4	886578	0.0000045
all	1559	3	886578	0.0000034
all	1560	2	886578	0.0000023
all	1561	5	886578	0.0000056
all	1562	3	886578	0.0000034
all	1563	2	886578	0.0000023
all	1564	3	886578	0.0000034
all	1565	1	886578	0.0000011
all	1566	4	886578	0.0000045
all	1567	5	886578	0.0000056
all	1568	6	886578	0.0000068
all	1569	3	886578	0.0000034
all	1571	2	886578	0.0000023
all	1572	3	886578	0.0000034
all	1573	5	886578	0.0000056
all	1574	3	886578	0.0000034
all	1575	6	886578	0.0000068
all	1576	2	886578	0.0000023
all	1578	2	886578	0.0000023
all	1579	3	886578	0.0000034
all	1580	4	886578	0.0000045
all	1581	5	886578	0.0000056
all	1582	3	886578	0.0000034
all	1583	3	886578	0.0000034
all	1584	4	886578	0.0000045
all	1585	2	886578	0.0000023
all	1586	4	886578	0.0000045
all	1587	3	886578	0.0000034
all	1588	2	886578	0.0000023
all	1589	8	886578	0.0000090
all	1590	3	886578	0.0000034
all	1591	2	886578	0.0000023
all	1592	5	886578	0.0000056
all	1593	4	886578	0.0000045
all	1594	1	886578	0.0000011
all	1595	1	886578	0.0000011
all	1596	6	886578	0.0000068
all	1597	6	886578	0.0000068
all	1598	4	886578	0.0000045
all	1599	1	886578	0.0000011
all	1600	8	886578	0.0000090
all	1601	3	886578	0.0000034
all	1602	1	886578	0.0000011
all	1603	4	886578	0.0000045
all	1604	5	886578	0.0000056
all	1605	4	886578	0.0000045
all	1606	4	886578	0.0000045
all	1607	2	886578	0.0000023
all	1608	2	886578	0.0000023
all	1609	3	886578	0.0000034
all	1610	4	886578	0.0000045
all	1611	4	886578	0.0000045
all	1612	6	886578	0.0000068
all	1613	8	886578	0.0000090
all	1614	4	886578	0.0000045
all	1616	1	886578	0.0000011
all	1617	7	886578	0.0000079
all	1618	2	886578	0.0000023
all	1619	2	886578	0.0000023
all	1620	1	886578	0.0000011
all	1621	2	886578	0.0000023
all	1622	5	886578	0.0000056
all	1623	4	886578	0.0000045
all	1624	1	886578	0.0000011
all	1625	2	886578	0.0000023
all	1626	3	886578	0.0000034
all	1627	3	886578	0.0000034
all	1628	2	886578	0.0000023
all	1629	6	886578	0.0000068
all	1630	5	886578	0.0000056
all	1631	2	886578	0.0000023
all	1632	3	886578	0.0000034
all	1633	4	886578	0.0000045
all	1634	1	886578	0.0000011
all	1635	2	886578	0.0000023
all	1636	3	886578	0.0000034
all	1637	2	886578	0.0000023
all	1638	5	886578	0.0000056
all	1639	2	886578	0.0000023
all	1642	6	886578	0.0000068
all	1643	3	886578	0.0000034
all	1644	4	886578	0.0000045
all	1645	2	886578	0.0000023
all	1646	4	886578	0.0000045
all	1647	4	886578	0.0000045
all	1648	5	886578	0.0000056
all	1649	4	886578	0.0000045
all	1651	4	886578	0.0000045
all	1652	4	886578	0.0000045
all	1653	3	886578	0.0000034
all	1654	5	886578	0.0000056
all	1655	3	886578	0.0000034
all	1656	3	886578	0.0000034
all	1657	2	886578	0.0000023
all	1658	4	886578	0.0000045
all	1659	3	886578	0.0000034
all	1660	2	886578	0.0000023
all	1661	4	886578	0.0000045
all	1662	1	886578	0.0000011
all	1663	7	886578	0.0000079
all	1664	3	886578	0.0000034
all	1665	2	886578	0.0000023
all	1666	6	886578	0.0000068
all	1667	2	886578	0.0000023
all	1668	1	886578	0.0000011
all	1669	5	886578	0.0000056
all	1670	4	886578	0.0000045
all	1671	3	886578	0.0000034
all	1673	4	886578	0.0000045
all	1675	5	886578	0.0000056
all	1676	6	886578	0.0000068
all	1677	8	886578	0.0000090
all	1678	4	886578	0.0000045
all	1679	7	886578	0.0000079
all	1680	2	886578	0.0000023
all	1681	5	886578	0.0000056
all	1682	3	886578	0.0000034
all	1684	3	886578	0.0000034
all	1685	5	886578	0.0000056
all	1686	2	886578	0.0000023
all	1687	2	886578	0.0000023
all	1688	6	886578	0.0000068
all	1690	3	886578	0.0000034
all	1691	5	886578	0.0000056
all	1692	2	886578	0.0000023
all	1693	2	886578	0.0000023
all	1694	3	886578	0.0000034
all	1695	3	886578	0.0000034
all	1696	2	886578	0.0000023
all	1697	4	886578	0.0000045
all	1698	1	886578	0.0000011
all	1699	1	886578	0.0000011
all	1700	4	886578	0.0000045
all	1701	2	886578	0.0000023
all	1702	3	886578	0.0000034
all	1703	2	886578	0.0000023
all	1704	1	886578	0.0000011
all	1705	1	886578	0.0000011
all	1706	2	886578	0.0000023
all	1707	2	886578	0.0000023
all	1708	2	886578	0.0000023
all	1709	6	886578	0.0000068
all	1710	1	886578	0.0000011
all	1711	3	886578	0.0000034
all	1712	2	886578	0.0000023
all	1713	2	886578	0.0000023
all	1714	2	886578	0.0000023
all	1715	3	886578	0.0000034
all	1716	1	886578	0.0000011
all	1717	3	886578	0.0000034
all	1719	7	886578	0.0000079
all	1720	3	886578	0.0000034
all	1721	5	886578	0.0000056
all	1723	2	886578	0.0000023
all	1724	2	886578	0.0000023
all	1725	1	886578	0.0000011
all	1726	1	886578	0.0000011
all	1727	1	886578	0.0000011
all	1728	1	886578	0.0000011
all	1729	1	886578	0.0000011
all	1730	3	886578	0.0000034
all	1732	2	886578	0.0000023
all	1734	1	886578	0.0000011
all	1735	2	886578	0.0000023
all	1736	1	886578	0.0000011
all	1737	3	886578	0.0000034
all	1738	1	886578	0.0000011
all	1739	2	886578	0.0000023
all	1740	2	886578	0.0000023
all	1741	2	886578	0.0000023
all	1742	3	886578	0.0000034
all	1743	1	886578	0.0000011
all	1744	2	886578	0.0000023
all	1745	2	886578	0.0000023
all	1747	2	886578	0.0000023
all	1748	1	886578	0.0000011
all	1749	2	886578	0.0000023
all	1750	1	886578	0.0000011
all	1751	3	886578	0.0000034
all	1752	3	886578	0.0000034
all	1753	2	886578	0.0000023
all	1755	2	886578	0.0000023
all	1756	1	886578	0.0000011
all	1758	2	886578	0.0000023
all	1759	2	886578	0.0000023
all	1760	4	886578	0.0000045
all	1761	1	886578	0.0000011
all	1762	1	886578	0.0000011
all	1763	1	886578	0.0000011
all	1764	1	886578	0.0000011
all	1765	2	886578	0.0000023
all	1766	1	886578	0.0000011
all	1767	2	886578	0.0000023
all	1768	3	886578	0.0000034
all	1769	4	886578	0.0000045
all	1770	1	886578	0.0000011
all	1772	1	886578	0.0000011
all	1773	2	886578	0.0000023
all	1775	1	886578	0.0000011
all	1776	2	886578	0.0000023
all	1778	2	886578	0.0000023
all	1779	5	886578	0.0000056
all	1780	2	886578	0.0000023
all	1781	4	886578	0.0000045
all	1782	17	886578	0.0000192
all	1783	4	886578	0.0000045
all	1784	1	886578	0.0000011
all	1785	2	886578	0.0000023
all	1786	2	886578	0.0000023
all	1787	3	886578	0.0000034
all	1788	2	886578	0.0000023
all	1789	1	886578	0.0000011
all	1790	2	886578	0.0000023
all	1791	2	886578	0.0000023
all	1793	1	886578	0.0000011
all	1795	4	886578	0.0000045
all	1796	1	886578	0.0000011
all	1797	2	886578	0.0000023
all	1798	4	886578	0.0000045
all	1799	1	886578	0.0000011
all	1800	2	886578	0.0000023
all	1801	2	886578	0.0000023
all	1802	3	886578	0.0000034
all	1803	2	886578	0.0000023
all	1804	4	886578	0.0000045
all	1806	2	886578	0.0000023
all	1808	3	886578	0.0000034
all	1809	2	886578	0.0000023
all	1810	1	886578	0.0000011
all	1811	2	886578	0.0000023
all	1813	3	886578	0.0000034
all	1814	1	886578	0.0000011
all	1815	2	886578	0.0000023
all	1816	1	886578	0.0000011
all	1817	1	886578	0.0000011
all	1818	3	886578	0.0000034
all	1819	1	886578	0.0000011
all	1820	2	886578	0.0000023
all	1822	2	886578	0.0000023
all	1823	3	886578	0.0000034
all	1825	1	886578	0.0000011
all	1826	3	886578	0.0000034
all	1827	2	886578	0.0000023
all	1828	2	886578	0.0000023
all	1829	2	886578	0.0000023
all	1830	1	886578	0.0000011
all	1831	3	886578	0.0000034
all	1832	4	886578	0.0000045
all	1833	1	886578	0.0000011
all	1834	1	886578	0.0000011
all	1835	2	886578	0.0000023
all	1837	1	886578	0.0000011
all	1838	2	886578	0.0000023
all	1839	1	886578	0.0000011
all	1840	2	886578	0.0000023
all	1841	1	886578	0.0000011
all	1842	2	886578	0.0000023
all	1843	2	886578	0.0000023
all	1844	2	886578	0.0000023
all	1845	2	886578	0.0000023
all	1846	4	886578	0.0000045
all	1847	2	886578	0.0000023
all	1849	2	886578	0.0000023
all	1850	1	886578	0.0000011
all	1851	2	886578	0.0000023
all	1852	3	886578	0.0000034
all	1853	1	886578	0.0000011
all	1856	1	886578	0.0000011
all	1857	1	886578	0.0000011
all	1858	2	886578	0.0000023
all	1859	2	886578	0.0000023
all	1861	1	886578	0.0000011
all	1862	3	886578	0.0000034
all	1863	2	886578	0.0000023
all	1864	2	886578	0.0000023
all	1865	2	886578	0.0000023
all	1866	2	886578	0.0000023
all	1867	5	886578	0.0000056
all	1868	2	886578	0.0000023
all	1870	1	886578	0.0000011
all	1871	4	886578	0.0000045
all	1872	2	886578	0.0000023
all	1874	2	886578	0.0000023
all	1875	3	886578	0.0000034
all	1876	2	886578	0.0000023
all	1877	1	886578	0.0000011
all	1880	5	886578	0.0000056
all	1881	2	886578	0.0000023
all	1883	4	886578	0.0000045
all	1884	1	886578	0.0000011
all	1886	3	886578	0.0000034
all	1888	7	886578	0.0000079
all	1889	1	886578	0.0000011
all	1890	3	886578	0.0000034
all	1891	3	886578	0.0000034
all	1892	3	886578	0.0000034
all	1893	2	886578	0.0000023
all	1894	5	886578	0.0000056
all	1895	2	886578	0.0000023
all	1896	2	886578	0.0000023
all	1897	2	886578	0.0000023
all	1898	1	886578	0.0000011
all	1899	3	886578	0.0000034
all	1900	1	886578	0.0000011
all	1901	1	886578	0.0000011
all	1902	2	886578	0.0000023
all	1903	3	886578	0.0000034
all	1904	3	886578	0.0000034
all	1905	4	886578	0.0000045
all	1906	3	886578	0.0000034
all	1907	2	886578	0.0000023
all	1908	3	886578	0.0000034
all	1909	4	886578	0.0000045
all	1910	2	886578	0.0000023
all	1911	3	886578	0.0000034
all	1912	1	886578	0.0000011
all	1913	3	886578	0.0000034
all	1915	3	886578	0.0000034
all	1916	1	886578	0.0000011
all	1917	6	886578	0.0000068
all	1918	5	886578	0.0000056
all	1919	1	886578	0.0000011
all	1920	2	886578	0.0000023
all	1921	1	886578	0.0000011
all	1922	3	886578	0.0000034
all	1923	1	886578	0.0000011
all	1924	2	886578	0.0000023
all	1925	1	886578	0.0000011
all	1926	3	886578	0.0000034
all	1928	5	886578	0.0000056
all	1929	1	886578	0.0000011
all	1930	1	886578	0.0000011
all	1931	1	886578	0.0000011
all	1932	2	886578	0.0000023
all	1933	2	886578	0.0000023
all	1934	4	886578	0.0000045
all	1935	3	886578	0.0000034
all	1936	1	886578	0.0000011
all	1937	1	886578	0.0000011
all	1938	1	886578	0.0000011
all	1939	1	886578	0.0000011
all	1940	2	886578	0.0000023
all	1941	3	886578	0.0000034
all	1943	1	886578	0.0000011
all	1944	1	886578	0.0000011
all	1945	1	886578	0.0000011
all	1948	3	886578	0.0000034
all	1949	1	886578	0.0000011
all	1950	2	886578	0.0000023
all	1951	1	886578	0.0000011
all	1953	5	886578	0.0000056
all	1957	1	886578	0.0000011
all	1958	5	886578	0.0000056
all	1959	4	886578	0.0000045
all	1960	1	886578	0.0000011
all	1961	1	886578	0.0000011
all	1962	3	886578	0.0000034
all	1963	2	886578	0.0000023
all	1964	7	886578	0.0000079
all	1965	2	886578	0.0000023
all	1966	2	886578	0.0000023
all	1967	3	886578	0.0000034
all	1968	4	886578	0.0000045
all	1971	2	886578	0.0000023
all	1972	3	886578	0.0000034
all	1973	1	886578	0.0000011
all	1974	1	886578	0.0000011
all	1975	6	886578	0.0000068
all	1976	3	886578	0.0000034
all	1977	2	886578	0.0000023
all	1978	1	886578	0.0000011
all	1979	5	886578	0.0000056
all	1980	8	886578	0.0000090
all	1981	5	886578	0.0000056
all	1982	1	886578	0.0000011
all	1983	5	886578	0.0000056
all	1984	1	886578	0.0000011
all	1985	5	886578	0.0000056
all	1986	3	886578	0.0000034
all	1987	4	886578	0.0000045
all	1988	4	886578	0.0000045
all	1989	1	886578	0.0000011
all	1990	2	886578	0.0000023
all	1991	5	886578	0.0000056
all	1992	4	886578	0.0000045
all	1993	6	886578	0.0000068
all	1994	3	886578	0.0000034
all	1995	2	886578	0.0000023
all	1996	2	886578	0.0000023
all	1998	2	886578	0.0000023
all	1999	1	886578	0.0000011
all	2001	2	886578	0.0000023
all	2002	1	886578	0.0000011
all	2003	1	886578	0.0000011
all	2004	1	886578	0.0000011
all	2005	1	886578	0.0000011
all	2006	3	886578	0.0000034
all	2008	2	886578	0.0000023
all	2009	2	886578	0.0000023
all	2010	3	886578	0.0000034
all	2012	3	886578	0.0000034
all	2013	1	886578	0.0000011
all	2014	3	886578	0.0000034
all	2015	3	886578	0.0000034
all	2016	3	886578	0.0000034
all	2017	2	886578	0.0000023
all	2019	1	886578	0.0000011
all	2020	2	886578	0.0000023
all	2021	1	886578	0.0000011
all	2022	1	886578	0.0000011
all	2024	5	886578	0.0000056
all	2025	1	886578	0.0000011
all	2026	3	886578	0.0000034
all	2027	3	886578	0.0000034
all	2028	6	886578	0.0000068
all	2029	2	886578	0.0000023
all	2030	1	886578	0.0000011
all	2031	4	886578	0.0000045
all	2032	1	886578	0.0000011
all	2033	1	886578	0.0000011
all	2034	2	886578	0.0000023
all	2035	1	886578	0.0000011
all	2036	5	886578	0.0000056
all	2037	3	886578	0.0000034
all	2038	1	886578	0.0000011
all	2039	1	886578	0.0000011
all	2040	2	886578	0.0000023
all	2042	1	886578	0.0000011
all	2043	1	886578	0.0000011
all	2044	1	886578	0.0000011
all	2045	2	886578	0.0000023
all	2046	3	886578	0.0000034
all	2047	2	886578	0.0000023
all	2048	4	886578	0.0000045
all	2049	2	886578	0.0000023
all	2050	1	886578	0.0000011
all	2051	2	886578	0.0000023
all	2052	4	886578	0.0000045
all	2053	3	886578	0.0000034
all	2054	1	886578	0.0000011
all	2055	1	886578	0.0000011
all	2056	2	886578	0.0000023
all	2058	2	886578	0.0000023
all	2059	2	886578	0.0000023
all	2060	6	886578	0.0000068
all	2061	3	886578	0.0000034
all	2062	1	886578	0.0000011
all	2063	3	886578	0.0000034
all	2064	6	886578	0.0000068
all	2065	3	886578	0.0000034
all	2066	3	886578	0.0000034
all	2067	2	886578	0.0000023
all	2068	2	886578	0.0000023
all	2069	8	886578	0.0000090
all	2070	1	886578	0.0000011
all	2071	1	886578	0.0000011
all	2072	1	886578	0.0000011
all	2073	1	886578	0.0000011
all	2074	5	886578	0.0000056
all	2075	4	886578	0.0000045
all	2076	6	886578	0.0000068
all	2077	4	886578	0.0000045
all	2078	3	886578	0.0000034
all	2079	3	886578	0.0000034
all	2080	1	886578	0.0000011
all	2082	3	886578	0.0000034
all	2084	2	886578	0.0000023
all	2085	3	886578	0.0000034
all	2086	1	886578	0.0000011
all	2087	2	886578	0.0000023
all	2089	3	886578	0.0000034
all	2090	3	886578	0.0000034
all	2091	1	886578	0.0000011
all	2093	3	886578	0.0000034
all	2094	1	886578	0.0000011
all	2095	1	886578	0.0000011
all	2096	2	886578	0.0000023
all	2097	3	886578	0.0000034
all	2098	3	886578	0.0000034
all	2099	1	886578	0.0000011
all	2101	4	886578	0.0000045
all	2103	1	886578	0.0000011
all	2104	2	886578	0.0000023
all	2105	2	886578	0.0000023
all	2108	3	886578	0.0000034
all	2109	1	886578	0.0000011
all	2110	3	886578	0.0000034
all	2112	4	886578	0.0000045
all	2113	4	886578	0.0000045
all	2114	3	886578	0.0000034
all	2115	2	886578	0.0000023
all	2116	2	886578	0.0000023
all	2117	2	886578	0.0000023
all	2118	3	886578	0.0000034
all	2119	2	886578	0.0000023
all	2120	3	886578	0.0000034
all	2121	3	886578	0.0000034
all	2122	3	886578	0.0000034
all	2123	1	886578	0.0000011
all	2124	1	886578	0.0000011
all	2125	2	886578	0.0000023
all	2126	1	886578	0.0000011
all	2127	1	886578	0.0000011
all	2130	2	886578	0.0000023
all	2131	2	886578	0.0000023
all	2132	1	886578	0.0000011
all	2133	3	886578	0.0000034
all	2134	3	886578	0.0000034
all	2136	2	886578	0.0000023
all	2137	2	886578	0.0000023
all	2138	2	886578	0.0000023
all	2139	2	886578	0.0000023
all	2140	1	886578	0.0000011
all	2141	6	886578	0.0000068
all	2143	1	886578	0.0000011
all	2144	1	886578	0.0000011
all	2145	1	886578	0.0000011
all	2146	1	886578	0.0000011
all	2147	3	886578	0.0000034
all	2148	1	886578	0.0000011
all	2149	3	886578	0.0000034
all	2150	1	886578	0.0000011
all	2151	2	886578	0.0000023
all	2152	2	886578	0.0000023
all	2153	3	886578	0.0000034
all	2155	2	886578	0.0000023
all	2156	1	886578	0.0000011
all	2158	4	886578	0.0000045
all	2159	1	886578	0.0000011
all	2160	2	886578	0.0000023
all	2161	4	886578	0.0000045
all	2163	3	886578	0.0000034
all	2164	1	886578	0.0000011
all	2165	3	886578	0.0000034
all	2166	2	886578	0.0000023
all	2167	2	886578	0.0000023
all	2168	4	886578	0.0000045
all	2169	4	886578	0.0000045
all	2170	2	886578	0.0000023
all	2172	2	886578	0.0000023
all	2173	4	886578	0.0000045
all	2174	2	886578	0.0000023
all	2175	9	886578	0.0000102
all	2176	3	886578	0.0000034
all	2177	4	886578	0.0000045
all	2178	3	886578	0.0000034
all	2179	3	886578	0.0000034
all	2180	2	886578	0.0000023
all	2181	2	886578	0.0000023
all	2182	3	886578	0.0000034
all	2183	3	886578	0.0000034
all	2184	1	886578	0.0000011
all	2185	2	886578	0.0000023
all	2187	2	886578	0.0000023
all	2188	1	886578	0.0000011
all	2189	1	886578	0.0000011
all	2190	1	886578	0.0000011
all	2191	2	886578	0.0000023
all	2192	2	886578	0.0000023
all	2193	3	886578	0.0000034
all	2194	4	886578	0.0000045
all	2195	3	886578	0.0000034
all	2196	4	886578	0.0000045
all	2197	4	886578	0.0000045
all	2198	2	886578	0.0000023
all	2199	1	886578	0.0000011
all	2200	3	886578	0.0000034
all	2202	5	886578	0.0000056
all	2203	4	886578	0.0000045
all	2204	1	886578	0.0000011
all	2205	1	886578	0.0000011
all	2206	1	886578	0.0000011
all	2207	4	886578	0.0000045
all	2208	4	886578	0.0000045
all	2209	1	886578	0.0000011
all	2210	2	886578	0.0000023
all	2211	2	886578	0.0000023
all	2212	3	886578	0.0000034
all	2213	1	886578	0.0000011
all	2214	3	886578	0.0000034
all	2215	1	886578	0.0000011
all	2218	2	886578	0.0000023
all	2219	2	886578	0.0000023
all	2221	2	886578	0.0000023
all	2222	1	886578	0.0000011
all	2223	2	886578	0.0000023
all	2226	1	886578	0.0000011
all	2227	4	886578	0.0000045
all	2228	1	886578	0.0000011
all	2229	1	886578	0.0000011
all	2230	1	886578	0.0000011
all	2232	2	886578	0.0000023
all	2234	3	886578	0.0000034
all	2235	2	886578	0.0000023
all	2237	1	886578	0.0000011
all	2239	3	886578	0.0000034
all	2241	1	886578	0.0000011
all	2245	1	886578	0.0000011
all	2246	3	886578	0.0000034
all	2250	2	886578	0.0000023
all	2251	1	886578	0.0000011
all	2252	1	886578	0.0000011
all	2253	3	886578	0.0000034
all	2254	3	886578	0.0000034
all	2255	2	886578	0.0000023
all	2256	1	886578	0.0000011
all	2257	1	886578	0.0000011
all	2258	2	886578	0.0000023
all	2260	2	886578	0.0000023
all	2261	1	886578	0.0000011
all	2262	1	886578	0.0000011
all	2263	1	886578	0.0000011
all	2264	1	886578	0.0000011
all	2265	2	886578	0.0000023
all	2266	1	886578	0.0000011
all	2267	1	886578	0.0000011
all	2268	1	886578	0.0000011
all	2270	3	886578	0.0000034
all	2271	1	886578	0.0000011
all	2272	2	886578	0.0000023
all	2273	1	886578	0.0000011
all	2277	1	886578	0.0000011
all	2278	3	886578	0.0000034
all	2279	2	886578	0.0000023
all	2280	1	886578	0.0000011
all	2285	1	886578	0.0000011
all	2286	2	886578	0.0000023
all	2288	1	886578	0.0000011
all	2289	2	886578	0.0000023
all	2290	2	886578	0.0000023
all	2291	1	886578	0.0000011
all	2292	3	886578	0.0000034
all	2293	1	886578	0.0000011
all	2295	2	886578	0.0000023
all	2298	2	886578	0.0000023
all	2299	3	886578	0.0000034
all	2302	1	886578	0.0000011
all	2303	1	886578	0.0000011
all	2304	1	886578	0.0000011
all	2305	1	886578	0.0000011
all	2306	1	886578	0.0000011
all	2307	2	886578	0.0000023
all	2309	1	886578	0.0000011
all	2310	1	886578	0.0000011
all	2312	1	886578	0.0000011
all	2314	2	886578	0.0000023
all	2315	1	886578	0.0000011
all	2316	1	886578	0.0000011
all	2317	1	886578	0.0000011
all	2318	1	886578	0.0000011
all	2319	1	886578	0.0000011
all	2320	1	886578	0.0000011
all	2324	1	886578	0.0000011
all	2326	1	886578	0.0000011
all	2327	1	886578	0.0000011
all	2329	1	886578	0.0000011
all	2331	1	886578	0.0000011
all	2333	1	886578	0.0000011
all	2334	2	886578	0.0000023
all	2335	1	886578	0.0000011
all	2336	3	886578	0.0000034
all	2337	1	886578	0.0000011
all	2338	2	886578	0.0000023
all	2339	2	886578	0.0000023
all	2342	1	886578	0.0000011
all	2343	1	886578	0.0000011
all	2344	3	886578	0.0000034
all	2345	3	886578	0.0000034
all	2346	2	886578	0.0000023
all	2347	1	886578	0.0000011
all	2348	1	886578	0.0000011
all	2350	1	886578	0.0000011
all	2351	2	886578	0.0000023
all	2352	4	886578	0.0000045
all	2353	4	886578	0.0000045
all	2355	3	886578	0.0000034
all	2356	3	886578	0.0000034
all	2357	4	886578	0.0000045
all	2358	5	886578	0.0000056
all	2359	4	886578	0.0000045
all	2360	5	886578	0.0000056
all	2361	2	886578	0.0000023
all	2362	4	886578	0.0000045
all	2363	5	886578	0.0000056
all	2364	6	886578	0.0000068
all	2365	3	886578	0.0000034
all	2366	4	886578	0.0000045
all	2368	1	886578	0.0000011
all	2369	1	886578	0.0000011
all	2370	3	886578	0.0000034
all	2371	1	886578	0.0000011
all	2374	9	886578	0.0000102
all	2376	3	886578	0.0000034
all	2378	4	886578	0.0000045
all	2379	4	886578	0.0000045
all	2380	3	886578	0.0000034
all	2381	2	886578	0.0000023
all	2385	4	886578	0.0000045
all	2386	1	886578	0.0000011
all	2387	2	886578	0.0000023
all	2389	1	886578	0.0000011
all	2390	1	886578	0.0000011
all	2391	2	886578	0.0000023
all	2392	3	886578	0.0000034
all	2393	2	886578	0.0000023
all	2395	3	886578	0.0000034
all	2396	1	886578	0.0000011
all	2397	3	886578	0.0000034
all	2398	1	886578	0.0000011
all	2401	1	886578	0.0000011
all	2402	1	886578	0.0000011
all	2403	1	886578	0.0000011
all	2404	1	886578	0.0000011
all	2406	1	886578	0.0000011
all	2407	2	886578	0.0000023
all	2408	1	886578	0.0000011
all	2410	1	886578	0.0000011
all	2411	1	886578	0.0000011
all	2412	2	886578	0.0000023
all	2413	1	886578	0.0000011
all	2416	1	886578	0.0000011
all	2419	3	886578	0.0000034
all	2422	1	886578	0.0000011
all	2423	1	886578	0.0000011
all	2426	2	886578	0.0000023
all	2427	1	886578	0.0000011
all	2428	2	886578	0.0000023
all	2429	1	886578	0.0000011
all	2430	2	886578	0.0000023
all	2433	2	886578	0.0000023
all	2434	1	886578	0.0000011
all	2437	1	886578	0.0000011
all	2438	1	886578	0.0000011
all	2439	1	886578	0.0000011
all	2440	1	886578	0.0000011
all	2442	3	886578	0.0000034
all	2443	1	886578	0.0000011
all	2444	2	886578	0.0000023
all	2445	1	886578	0.0000011
all	2447	1	886578	0.0000011
all	2449	3	886578	0.0000034
all	2452	2	886578	0.0000023
all	2453	3	886578	0.0000034
all	2454	1	886578	0.0000011
all	2455	1	886578	0.0000011
all	2457	1	886578	0.0000011
all	2458	1	886578	0.0000011
all	2459	2	886578	0.0000023
all	2460	1	886578	0.0000011
all	2462	2	886578	0.0000023
all	2463	1	886578	0.0000011
all	2465	1	886578	0.0000011
all	2467	3	886578	0.0000034
all	2469	1	886578	0.0000011
all	2470	1	886578	0.0000011
all	2471	1	886578	0.0000011
all	2473	1	886578	0.0000011
all	2474	1	886578	0.0000011
all	2477	2	886578	0.0000023
all	2479	1	886578	0.0000011
all	2480	1	886578	0.0000011
all	2481	1	886578	0.0000011
all	2482	1	886578	0.0000011
all	2483	4	886578	0.0000045
all	2484	1	886578	0.0000011
all	2486	1	886578	0.0000011
all	2487	1	886578	0.0000011
all	2488	1	886578	0.0000011
all	2489	1	886578	0.0000011
all	2492	4	886578	0.0000045
all	2494	2	886578	0.0000023
all	2495	1	886578	0.0000011
all	2496	1	886578	0.0000011
all	2497	1	886578	0.0000011
all	2498	3	886578	0.0000034
all	2499	2	886578	0.0000023
all	2500	1	886578	0.0000011
all	2501	3	886578	0.0000034
all	2502	1	886578	0.0000011
all	2503	3	886578	0.0000034
all	2504	1	886578	0.0000011
all	2505	1	886578	0.0000011
all	2506	4	886578	0.0000045
all	2507	2	886578	0.0000023
all	2509	2	886578	0.0000023
all	2510	1	886578	0.0000011
all	2511	3	886578	0.0000034
all	2512	2	886578	0.0000023
all	2513	2	886578	0.0000023
all	2514	4	886578	0.0000045
all	2515	1	886578	0.0000011
all	2516	3	886578	0.0000034
all	2517	3	886578	0.0000034
all	2518	1	886578	0.0000011
all	2519	1	886578	0.0000011
all	2520	1	886578	0.0000011
all	2521	6	886578	0.0000068
all	2524	1	886578	0.0000011
all	2525	2	886578	0.0000023
all	2526	1	886578	0.0000011
all	2528	1	886578	0.0000011
all	2529	2	886578	0.0000023
all	2530	1	886578	0.0000011
all	2531	2	886578	0.0000023
all	2532	2	886578	0.0000023
all	2533	3	886578	0.0000034
all	2537	2	886578	0.0000023
all	2538	3	886578	0.0000034
all	2539	2	886578	0.0000023
all	2541	1	886578	0.0000011
all	2542	1	886578	0.0000011
all	2544	1	886578	0.0000011
all	2545	3	886578	0.0000034
all	2546	1	886578	0.0000011
all	2547	1	886578	0.0000011
all	2548	1	886578	0.0000011
all	2549	3	886578	0.0000034
all	2551	1	886578	0.0000011
all	2552	1	886578	0.0000011
all	2553	2	886578	0.0000023
all	2554	1	886578	0.0000011
all	2557	5	886578	0.0000056
all	2558	2	886578	0.0000023
all	2560	1	886578	0.0000011
all	2561	3	886578	0.0000034
all	2562	2	886578	0.0000023
all	2563	1	886578	0.0000011
all	2565	5	886578	0.0000056
all	2566	2	886578	0.0000023
all	2567	4	886578	0.0000045
all	2568	3	886578	0.0000034
all	2571	1	886578	0.0000011
all	2572	3	886578	0.0000034
all	2573	3	886578	0.0000034
all	2575	1	886578	0.0000011
all	2578	4	886578	0.0000045
all	2579	4	886578	0.0000045
all	2580	2	886578	0.0000023
all	2581	1	886578	0.0000011
all	2582	4	886578	0.0000045
all	2583	2	886578	0.0000023
all	2584	2	886578	0.0000023
all	2585	2	886578	0.0000023
all	2586	5	886578	0.0000056
all	2588	3	886578	0.0000034
all	2589	1	886578	0.0000011
all	2590	2	886578	0.0000023
all	2591	2	886578	0.0000023
all	2592	1	886578	0.0000011
all	2593	2	886578	0.0000023
all	2594	1	886578	0.0000011
all	2595	2	886578	0.0000023
all	2596	2	886578	0.0000023
all	2598	3	886578	0.0000034
all	2600	2	886578	0.0000023
all	2601	1	886578	0.0000011
all	2603	1	886578	0.0000011
all	2605	1	886578	0.0000011
all	2607	2	886578	0.0000023
all	2608	1	886578	0.0000011
all	2609	2	886578	0.0000023
all	2611	2	886578	0.0000023
all	2616	2	886578	0.0000023
all	2617	1	886578	0.0000011
all	2618	3	886578	0.0000034
all	2619	3	886578	0.0000034
all	2620	1	886578	0.0000011
all	2621	1	886578	0.0000011
all	2622	4	886578	0.0000045
all	2623	1	886578	0.0000011
all	2625	1	886578	0.0000011
all	2627	2	886578	0.0000023
all	2628	2	886578	0.0000023
all	2630	3	886578	0.0000034
all	2631	2	886578	0.0000023
all	2632	1	886578	0.0000011
all	2633	2	886578	0.0000023
all	2634	4	886578	0.0000045
all	2635	6	886578	0.0000068
all	2636	1	886578	0.0000011
all	2637	1	886578	0.0000011
all	2638	4	886578	0.0000045
all	2639	2	886578	0.0000023
all	2641	3	886578	0.0000034
all	2642	5	886578	0.0000056
all	2644	4	886578	0.0000045
all	2646	2	886578	0.0000023
all	2647	1	886578	0.0000011
all	2648	3	886578	0.0000034
all	2649	1	886578	0.0000011
all	2651	3	886578	0.0000034
all	2652	1	886578	0.0000011
all	2653	2	886578	0.0000023
all	2654	1	886578	0.0000011
all	2655	2	886578	0.0000023
all	2656	1	886578	0.0000011
all	2657	6	886578	0.0000068
all	2658	1	886578	0.0000011
all	2659	3	886578	0.0000034
all	2660	1	886578	0.0000011
all	2661	4	886578	0.0000045
all	2662	3	886578	0.0000034
all	2663	2	886578	0.0000023
all	2664	2	886578	0.0000023
all	2665	1	886578	0.0000011
all	2666	2	886578	0.0000023
all	2667	4	886578	0.0000045
all	2668	3	886578	0.0000034
all	2669	2	886578	0.0000023
all	2670	1	886578	0.0000011
all	2671	2	886578	0.0000023
all	2672	4	886578	0.0000045
all	2674	1	886578	0.0000011
all	2676	4	886578	0.0000045
all	2677	1	886578	0.0000011
all	2678	2	886578	0.0000023
all	2679	3	886578	0.0000034
all	2680	1	886578	0.0000011
all	2681	2	886578	0.0000023
all	2682	1	886578	0.0000011
all	2683	5	886578	0.0000056
all	2684	1	886578	0.0000011
all	2685	2	886578	0.0000023
all	2686	3	886578	0.0000034
all	2687	1	886578	0.0000011
all	2688	1	886578	0.0000011
all	2689	1	886578	0.0000011
all	2690	1	886578	0.0000011
all	2691	2	886578	0.0000023
all	2692	3	886578	0.0000034
all	2693	1	886578	0.0000011
all	2694	1	886578	0.0000011
all	2696	3	886578	0.0000034
all	2699	1	886578	0.0000011
all	2700	2	886578	0.0000023
all	2702	2	886578	0.0000023
all	2704	1	886578	0.0000011
all	2708	3	886578	0.0000034
all	2710	1	886578	0.0000011
all	2711	1	886578	0.0000011
all	2713	2	886578	0.0000023
all	2716	4	886578	0.0000045
all	2717	1	886578	0.0000011
all	2718	2	886578	0.0000023
all	2719	2	886578	0.0000023
all	2720	1	886578	0.0000011
all	2721	1	886578	0.0000011
all	2722	2	886578	0.0000023
all	2723	1	886578	0.0000011
all	2724	1	886578	0.0000011
all	2725	1	886578	0.0000011
all	2726	1	886578	0.0000011
all	2728	3	886578	0.0000034
all	2729	1	886578	0.0000011
all	2730	6	886578	0.0000068
all	2731	2	886578	0.0000023
all	2732	3	886578	0.0000034
all	2733	1	886578	0.0000011
all	2734	1	886578	0.0000011
all	2735	2	886578	0.0000023
all	2738	5	886578	0.0000056
all	2739	3	886578	0.0000034
all	2740	5	886578	0.0000056
all	2741	2	886578	0.0000023
all	2742	1	886578	0.0000011
all	2743	3	886578	0.0000034
all	2744	3	886578	0.0000034
all	2745	1	886578	0.0000011
all	2746	1	886578	0.0000011
all	2747	2	886578	0.0000023
all	2748	3	886578	0.0000034
all	2749	2	886578	0.0000023
all	2750	1	886578	0.0000011
all	2751	2	886578	0.0000023
all	2752	1	886578	0.0000011
all	2754	2	886578	0.0000023
all	2755	4	886578	0.0000045
all	2757	2	886578	0.0000023
all	2758	1	886578	0.0000011
all	2759	3	886578	0.0000034
all	2760	1	886578	0.0000011
all	2761	1	886578	0.0000011
all	2762	1	886578	0.0000011
all	2763	1	886578	0.0000011
all	2764	1	886578	0.0000011
all	2766	1	886578	0.0000011
all	2767	1	886578	0.0000011
all	2768	1	886578	0.0000011
all	2769	3	886578	0.0000034
all	2770	1	886578	0.0000011
all	2773	4	886578	0.0000045
all	2774	1	886578	0.0000011
all	2775	1	886578	0.0000011
all	2777	1	886578	0.0000011
all	2778	3	886578	0.0000034
all	2780	2	886578	0.0000023
all	2781	3	886578	0.0000034
all	2782	2	886578	0.0000023
all	2783	2	886578	0.0000023
all	2784	2	886578	0.0000023
all	2786	2	886578	0.0000023
all	2787	1	886578	0.0000011
all	2788	1	886578	0.0000011
all	2790	3	886578	0.0000034
all	2791	2	886578	0.0000023
all	2792	1	886578	0.0000011
all	2793	1	886578	0.0000011
all	2794	2	886578	0.0000023
all	2795	2	886578	0.0000023
all	2799	1	886578	0.0000011
all	2801	3	886578	0.0000034
all	2802	2	886578	0.0000023
all	2803	5	886578	0.0000056
all	2804	2	886578	0.0000023
all	2805	2	886578	0.0000023
all	2807	1	886578	0.0000011
all	2809	2	886578	0.0000023
all	2810	1	886578	0.0000011
all	2811	1	886578	0.0000011
all	2812	3	886578	0.0000034
all	2815	2	886578	0.0000023
all	2816	2	886578	0.0000023
all	2817	3	886578	0.0000034
all	2819	3	886578	0.0000034
all	2820	2	886578	0.0000023
all	2821	3	886578	0.0000034
all	2822	1	886578	0.0000011
all	2824	1	886578	0.0000011
all	2825	2	886578	0.0000023
all	2826	1	886578	0.0000011
all	2829	3	886578	0.0000034
all	2830	1	886578	0.0000011
all	2831	1	886578	0.0000011
all	2832	1	886578	0.0000011
all	2833	4	886578	0.0000045
all	2834	1	886578	0.0000011
all	2837	2	886578	0.0000023
all	2839	3	886578	0.0000034
all	2840	2	886578	0.0000023
all	2841	3	886578	0.0000034
all	2842	3	886578	0.0000034
all	2843	1	886578	0.0000011
all	2846	2	886578	0.0000023
all	2847	1	886578	0.0000011
all	2848	1	886578	0.0000011
all	2850	1	886578	0.0000011
all	2851	2	886578	0.0000023
all	2853	1	886578	0.0000011
all	2856	1	886578	0.0000011
all	2857	1	886578	0.0000011
all	2858	2	886578	0.0000023
all	2859	2	886578	0.0000023
all	2863	2	886578	0.0000023
all	2864	1	886578	0.0000011
all	2865	1	886578	0.0000011
all	2866	1	886578	0.0000011
all	2867	1	886578	0.0000011
all	2869	1	886578	0.0000011
all	2870	1	886578	0.0000011
all	2871	1	886578	0.0000011
all	2872	1	886578	0.0000011
all	2873	2	886578	0.0000023
all	2874	1	886578	0.0000011
all	2875	2	886578	0.0000023
all	2877	2	886578	0.0000023
all	2878	1	886578	0.0000011
all	2879	3	886578	0.0000034
all	2880	2	886578	0.0000023
all	2882	3	886578	0.0000034
all	2883	1	886578	0.0000011
all	2884	2	886578	0.0000023
all	2885	1	886578	0.0000011
all	2886	3	886578	0.0000034
all	2887	1	886578	0.0000011
all	2888	2	886578	0.0000023
all	2889	1	886578	0.0000011
all	2890	1	886578	0.0000011
all	2891	3	886578	0.0000034
all	2892	3	886578	0.0000034
all	2893	1	886578	0.0000011
all	2895	3	886578	0.0000034
all	2896	3	886578	0.0000034
all	2897	1	886578	0.0000011
all	2898	6	886578	0.0000068
all	2899	3	886578	0.0000034
all	2901	2	886578	0.0000023
all	2903	1	886578	0.0000011
all	2904	4	886578	0.0000045
all	2905	1	886578	0.0000011
all	2906	1	886578	0.0000011
all	2907	1	886578	0.0000011
all	2908	1	886578	0.0000011
all	2910	1	886578	0.0000011
all	2911	2	886578	0.0000023
all	2913	1	886578	0.0000011
all	2914	1	886578	0.0000011
all	2915	2	886578	0.0000023
all	2916	2	886578	0.0000023
all	2917	3	886578	0.0000034
all	2919	2	886578	0.0000023
all	2920	1	886578	0.0000011
all	2921	1	886578	0.0000011
all	2922	1	886578	0.0000011
all	2923	1	886578	0.0000011
all	2924	1	886578	0.0000011
all	2926	2	886578	0.0000023
all	2927	2	886578	0.0000023
all	2928	1	886578	0.0000011
all	2929	1	886578	0.0000011
all	2930	3	886578	0.0000034
all	2931	1	886578	0.0000011
all	2933	3	886578	0.0000034
all	2935	1	886578	0.0000011
all	2936	1	886578	0.0000011
all	2937	1	886578	0.0000011
all	2938	2	886578	0.0000023
all	2940	2	886578	0.0000023
all	2941	1	886578	0.0000011
all	2943	3	886578	0.0000034
all	2947	3	886578	0.0000034
all	2948	1	886578	0.0000011
all	2949	1	886578	0.0000011
all	2950	2	886578	0.0000023
all	2952	1	886578	0.0000011
all	2953	2	886578	0.0000023
all	2955	2	886578	0.0000023
all	2956	2	886578	0.0000023
all	2958	2	886578	0.0000023
all	2959	2	886578	0.0000023
all	2960	2	886578	0.0000023
all	2961	2	886578	0.0000023
all	2962	1	886578	0.0000011
all	2963	3	886578	0.0000034
all	2964	1	886578	0.0000011
all	2965	1	886578	0.0000011
all	2966	1	886578	0.0000011
all	2967	2	886578	0.0000023
all	2969	1	886578	0.0000011
all	2970	2	886578	0.0000023
all	2973	1	886578	0.0000011
all	2977	2	886578	0.0000023
all	2981	3	886578	0.0000034
all	2983	1	886578	0.0000011
all	2984	2	886578	0.0000023
all	2985	1	886578	0.0000011
all	2987	2	886578	0.0000023
all	2988	2	886578	0.0000023
all	2989	1	886578	0.0000011
all	2990	1	886578	0.0000011
all	2991	1	886578	0.0000011
all	2993	3	886578	0.0000034
all	2994	2	886578	0.0000023
all	2995	1	886578	0.0000011
all	2996	1	886578	0.0000011
all	2997	1	886578	0.0000011
all	2998	1	886578	0.0000011
all	3000	1	886578	0.0000011
all	3001	1	886578	0.0000011
all	3003	1	886578	0.0000011
all	3004	2	886578	0.0000023
all	3007	1	886578	0.0000011
all	3008	2	886578	0.0000023
all	3010	2	886578	0.0000023
all	3011	2	886578	0.0000023
all	3012	1	886578	0.0000011
all	3013	4	886578	0.0000045
all	3014	2	886578	0.0000023
all	3015	1	886578	0.0000011
all	3016	1	886578	0.0000011
all	3017	1	886578	0.0000011
all	3018	1	886578	0.0000011
all	3021	2	886578	0.0000023
all	3024	1	886578	0.0000011
all	3028	1	886578	0.0000011
all	3029	1	886578	0.0000011
all	3030	1	886578	0.0000011
all	3033	1	886578	0.0000011
all	3035	1	886578	0.0000011
all	3037	3	886578	0.0000034
all	3038	1	886578	0.0000011
all	3041	3	886578	0.0000034
all	3042	1	886578	0.0000011
all	3047	2	886578	0.0000023
all	3048	2	886578	0.0000023
all	3051	2	886578	0.0000023
all	3052	2	886578	0.0000023
all	3053	1	886578	0.0000011
all	3054	1	886578	0.0000011
all	3055	1	886578	0.0000011
all	3058	2	886578	0.0000023
all	3061	2	886578	0.0000023
all	3063	1	886578	0.0000011
all	3065	2	886578	0.0000023
all	3066	1	886578	0.0000011
all	3067	1	886578	0.0000011
all	3070	1	886578	0.0000011
all	3071	1	886578	0.0000011
all	3073	1	886578	0.0000011
all	3074	1	886578	0.0000011
all	3078	3	886578	0.0000034
all	3080	1	886578	0.0000011
all	3081	1	886578	0.0000011
all	3083	1	886578	0.0000011
all	3086	2	886578	0.0000023
all	3087	1	886578	0.0000011
all	3088	1	886578	0.0000011
all	3089	1	886578	0.0000011
all	3090	2	886578	0.0000023
all	3092	2	886578	0.0000023
all	3093	2	886578	0.0000023
all	3095	1	886578	0.0000011
all	3100	1	886578	0.0000011
all	3101	1	886578	0.0000011
all	3102	2	886578	0.0000023
all	3103	1	886578	0.0000011
all	3105	1	886578	0.0000011
all	3106	2	886578	0.0000023
all	3107	3	886578	0.0000034
all	3109	1	886578	0.0000011
all	3110	2	886578	0.0000023
all	3112	1	886578	0.0000011
all	3113	3	886578	0.0000034
all	3114	3	886578	0.0000034
all	3116	1	886578	0.0000011
all	3119	1	886578	0.0000011
all	3120	1	886578	0.0000011
all	3123	1	886578	0.0000011
all	3124	3	886578	0.0000034
all	3126	2	886578	0.0000023
all	3128	3	886578	0.0000034
all	3129	2	886578	0.0000023
all	3130	1	886578	0.0000011
all	3132	2	886578	0.0000023
all	3133	3	886578	0.0000034
all	3134	2	886578	0.0000023
all	3135	1	886578	0.0000011
all	3136	1	886578	0.0000011
all	3137	3	886578	0.0000034
all	3138	4	886578	0.0000045
all	3139	3	886578	0.0000034
all	3140	3	886578	0.0000034
all	3141	3	886578	0.0000034
all	3142	1	886578	0.0000011
all	3143	2	886578	0.0000023
all	3144	4	886578	0.0000045
all	3145	2	886578	0.0000023
all	3146	1	886578	0.0000011
all	3147	3	886578	0.0000034
all	3149	2	886578	0.0000023
all	3150	2	886578	0.0000023
all	3151	1	886578	0.0000011
all	3153	2	886578	0.0000023
all	3156	1	886578	0.0000011
all	3157	2	886578	0.0000023
all	3159	1	886578	0.0000011
all	3162	1	886578	0.0000011
all	3164	1	886578	0.0000011
all	3167	1	886578	0.0000011
all	3168	2	886578	0.0000023
all	3171	3	886578	0.0000034
all	3173	2	886578	0.0000023
all	3175	1	886578	0.0000011
all	3176	1	886578	0.0000011
all	3177	1	886578	0.0000011
all	3178	2	886578	0.0000023
all	3179	1	886578	0.0000011
all	3180	2	886578	0.0000023
all	3185	1	886578	0.0000011
all	3188	1	886578	0.0000011
all	3189	1	886578	0.0000011
all	3190	2	886578	0.0000023
all	3192	3	886578	0.0000034
all	3195	1	886578	0.0000011
all	3196	3	886578	0.0000034
all	3200	3	886578	0.0000034
all	3201	3	886578	0.0000034
all	3206	1	886578	0.0000011
all	3207	1	886578	0.0000011
all	3208	1	886578	0.0000011
all	3209	1	886578	0.0000011
all	3210	1	886578	0.0000011
all	3212	1	886578	0.0000011
all	3213	2	886578	0.0000023
all	3214	1	886578	0.0000011
all	3215	1	886578	0.0000011
all	3216	2	886578	0.0000023
all	3218	1	886578	0.0000011
all	3220	1	886578	0.0000011
all	3221	2	886578	0.0000023
all	3222	1	886578	0.0000011
all	3223	1	886578	0.0000011
all	3224	1	886578	0.0000011
all	3226	1	886578	0.0000011
all	3228	2	886578	0.0000023
all	3229	1	886578	0.0000011
all	3230	1	886578	0.0000011
all	3231	2	886578	0.0000023
all	3233	1	886578	0.0000011
all	3235	1	886578	0.0000011
all	3236	2	886578	0.0000023
all	3239	1	886578	0.0000011
all	3242	2	886578	0.0000023
all	3243	2	886578	0.0000023
all	3244	1	886578	0.0000011
all	3246	1	886578	0.0000011
all	3247	1	886578	0.0000011
all	3250	1	886578	0.0000011
all	3251	2	886578	0.0000023
all	3255	2	886578	0.0000023
all	3257	1	886578	0.0000011
all	3259	1	886578	0.0000011
all	3260	1	886578	0.0000011
all	3261	1	886578	0.0000011
all	3264	2	886578	0.0000023
all	3269	3	886578	0.0000034
all	3270	1	886578	0.0000011
all	3271	1	886578	0.0000011
all	3272	2	886578	0.0000023
all	3273	1	886578	0.0000011
all	3274	1	886578	0.0000011
all	3276	2	886578	0.0000023
all	3277	1	886578	0.0000011
all	3278	1	886578	0.0000011
all	3282	1	886578	0.0000011
all	3283	1	886578	0.0000011
all	3284	2	886578	0.0000023
all	3285	2	886578	0.0000023
all	3286	1	886578	0.0000011
all	3287	1	886578	0.0000011
all	3289	1	886578	0.0000011
all	3290	2	886578	0.0000023
all	3291	4	886578	0.0000045
all	3293	2	886578	0.0000023
all	3297	1	886578	0.0000011
all	3300	3	886578	0.0000034
all	3301	1	886578	0.0000011
all	3302	3	886578	0.0000034
all	3303	3	886578	0.0000034
all	3304	2	886578	0.0000023
all	3305	1	886578	0.0000011
all	3307	2	886578	0.0000023
all	3308	1	886578	0.0000011
all	3309	2	886578	0.0000023
all	3310	1	886578	0.0000011
all	3311	2	886578	0.0000023
all	3314	1	886578	0.0000011
all	3315	1	886578	0.0000011
all	3316	1	886578	0.0000011
all	3319	1	886578	0.0000011
all	3322	2	886578	0.0000023
all	3325	1	886578	0.0000011
all	3327	1	886578	0.0000011
all	3328	1	886578	0.0000011
all	3332	1	886578	0.0000011
all	3334	2	886578	0.0000023
all	3335	2	886578	0.0000023
all	3339	1	886578	0.0000011
all	3340	1	886578	0.0000011
all	3341	1	886578	0.0000011
all	3343	2	886578	0.0000023
all	3344	1	886578	0.0000011
all	3350	1	886578	0.0000011
all	3351	1	886578	0.0000011
all	3352	3	886578	0.0000034
all	3353	1	886578	0.0000011
all	3354	1	886578	0.0000011
all	3355	1	886578	0.0000011
all	3356	2	886578	0.0000023
all	3357	1	886578	0.0000011
all	3358	1	886578	0.0000011
all	3359	1	886578	0.0000011
all	3364	1	886578	0.0000011
all	3366	2	886578	0.0000023
all	3367	1	886578	0.0000011
all	3368	4	886578	0.0000045
all	3370	1	886578	0.0000011
all	3375	2	886578	0.0000023
all	3376	1	886578	0.0000011
all	3377	2	886578	0.0000023
all	3378	1	886578	0.0000011
all	3379	2	886578	0.0000023
all	3380	2	886578	0.0000023
all	3382	1	886578	0.0000011
all	3383	1	886578	0.0000011
all	3387	2	886578	0.0000023
all	3388	1	886578	0.0000011
all	3389	3	886578	0.0000034
all	3390	2	886578	0.0000023
all	3391	1	886578	0.0000011
all	3393	3	886578	0.0000034
all	3395	3	886578	0.0000034
all	3396	2	886578	0.0000023
all	3397	1	886578	0.0000011
all	3401	1	886578	0.0000011
all	3402	2	886578	0.0000023
all	3403	2	886578	0.0000023
all	3405	2	886578	0.0000023
all	3406	1	886578	0.0000011
all	3409	1	886578	0.0000011
all	3410	2	886578	0.0000023
all	3412	2	886578	0.0000023
all	3413	1	886578	0.0000011
all	3414	2	886578	0.0000023
all	3418	2	886578	0.0000023
all	3419	2	886578	0.0000023
all	3420	2	886578	0.0000023
all	3421	1	886578	0.0000011
all	3422	3	886578	0.0000034
all	3424	2	886578	0.0000023
all	3425	5	886578	0.0000056
all	3427	1	886578	0.0000011
all	3431	3	886578	0.0000034
all	3433	3	886578	0.0000034
all	3435	1	886578	0.0000011
all	3437	1	886578	0.0000011
all	3438	1	886578	0.0000011
all	3441	3	886578	0.0000034
all	3442	4	886578	0.0000045
all	3443	1	886578	0.0000011
all	3447	1	886578	0.0000011
all	3448	1	886578	0.0000011
all	3449	1	886578	0.0000011
all	3450	1	886578	0.0000011
all	3451	2	886578	0.0000023
all	3452	14	886578	0.0000158
all	3454	1	886578	0.0000011
all	3455	2	886578	0.0000023
all	3456	2	886578	0.0000023
all	3457	1	886578	0.0000011
all	3458	3	886578	0.0000034
all	3459	1	886578	0.0000011
all	3460	1	886578	0.0000011
all	3461	1	886578	0.0000011
all	3462	1	886578	0.0000011
all	3463	1	886578	0.0000011
all	3464	3	886578	0.0000034
all	3465	1	886578	0.0000011
all	3466	1	886578	0.0000011
all	3467	2	886578	0.0000023
all	3468	3	886578	0.0000034
all	3473	1	886578	0.0000011
all	3476	3	886578	0.0000034
all	3477	1	886578	0.0000011
all	3480	1	886578	0.0000011
all	3484	1	886578	0.0000011
all	3486	2	886578	0.0000023
all	3488	3	886578	0.0000034
all	3496	1	886578	0.0000011
all	3497	1	886578	0.0000011
all	3499	1	886578	0.0000011
all	3500	1	886578	0.0000011
all	3501	1	886578	0.0000011
all	3502	1	886578	0.0000011
all	3503	1	886578	0.0000011
all	3506	1	886578	0.0000011
all	3508	2	886578	0.0000023
all	3509	1	886578	0.0000011
all	3512	2	886578	0.0000023
all	3514	1	886578	0.0000011
all	3517	1	886578	0.0000011
all	3521	1	886578	0.0000011
all	3522	1	886578	0.0000011
all	3525	1	886578	0.0000011
all	3529	1	886578	0.0000011
all	3541	1	886578	0.0000011
all	3544	1	886578	0.0000011
all	3546	1	886578	0.0000011
all	3554	1	886578	0.0000011
all	3555	1	886578	0.0000011
all	3560	1	886578	0.0000011
all	3562	2	886578	0.0000023
all	3564	1	886578	0.0000011
all	3568	2	886578	0.0000023
all	3570	1	886578	0.0000011
all	3573	1	886578	0.0000011
all	3574	1	886578	0.0000011
all	3575	1	886578	0.0000011
all	3582	1	886578	0.0000011
all	3585	1	886578	0.0000011
all	3588	1	886578	0.0000011
all	3592	1	886578	0.0000011
all	3593	1	886578	0.0000011
all	3595	1	886578	0.0000011
all	3596	1	886578	0.0000011
all	3598	1	886578	0.0000011
all	3600	1	886578	0.0000011
all	3602	2	886578	0.0000023
all	3607	1	886578	0.0000011
all	3608	1	886578	0.0000011
all	3609	1	886578	0.0000011
all	3610	1	886578	0.0000011
all	3611	2	886578	0.0000023
all	3614	2	886578	0.0000023
all	3615	1	886578	0.0000011
all	3624	1	886578	0.0000011
all	3625	2	886578	0.0000023
all	3627	1	886578	0.0000011
all	3629	3	886578	0.0000034
all	3632	1	886578	0.0000011
all	3643	1	886578	0.0000011
all	3644	2	886578	0.0000023
all	3646	2	886578	0.0000023
all	3652	2	886578	0.0000023
all	3653	1	886578	0.0000011
all	3655	1	886578	0.0000011
all	3657	1	886578	0.0000011
all	3658	1	886578	0.0000011
all	3660	1	886578	0.0000011
all	3661	2	886578	0.0000023
all	3665	1	886578	0.0000011
all	3672	4	886578	0.0000045
all	3673	1	886578	0.0000011
all	3676	1	886578	0.0000011
all	3680	1	886578	0.0000011
all	3683	1	886578	0.0000011
all	3684	1	886578	0.0000011
all	3687	1	886578	0.0000011
all	3689	1	886578	0.0000011
all	3692	2	886578	0.0000023
all	3693	1	886578	0.0000011
all	3695	2	886578	0.0000023
all	3696	1	886578	0.0000011
all	3700	2	886578	0.0000023
all	3701	1	886578	0.0000011
all	3702	1	886578	0.0000011
all	3703	1	886578	0.0000011
all	3705	2	886578	0.0000023
all	3707	1	886578	0.0000011
all	3708	1	886578	0.0000011
all	3710	1	886578	0.0000011
all	3715	1	886578	0.0000011
all	3716	2	886578	0.0000023
all	3717	1	886578	0.0000011
all	3718	2	886578	0.0000023
all	3719	2	886578	0.0000023
all	3720	3	886578	0.0000034
all	3727	1	886578	0.0000011
all	3735	1	886578	0.0000011
all	3737	1	886578	0.0000011
all	3740	2	886578	0.0000023
all	3741	1	886578	0.0000011
all	3747	1	886578	0.0000011
all	3748	1	886578	0.0000011
all	3750	1	886578	0.0000011
all	3751	2	886578	0.0000023
all	3754	1	886578	0.0000011
all	3758	1	886578	0.0000011
all	3760	1	886578	0.0000011
all	3762	1	886578	0.0000011
all	3763	1	886578	0.0000011
all	3764	1	886578	0.0000011
all	3767	1	886578	0.0000011
all	3769	3	886578	0.0000034
all	3770	1	886578	0.0000011
all	3771	1	886578	0.0000011
all	3772	1	886578	0.0000011
all	3773	1	886578	0.0000011
all	3780	1	886578	0.0000011
all	3781	1	886578	0.0000011
all	3783	1	886578	0.0000011
all	3787	3	886578	0.0000034
all	3789	1	886578	0.0000011
all	3791	3	886578	0.0000034
all	3794	3	886578	0.0000034
all	3798	3	886578	0.0000034
all	3799	1	886578	0.0000011
all	3800	2	886578	0.0000023
all	3803	1	886578	0.0000011
all	3804	1	886578	0.0000011
all	3805	1	886578	0.0000011
all	3807	2	886578	0.0000023
all	3808	1	886578	0.0000011
all	3809	4	886578	0.0000045
all	3810	2	886578	0.0000023
all	3811	4	886578	0.0000045
all	3812	1	886578	0.0000011
all	3814	2	886578	0.0000023
all	3816	3	886578	0.0000034
all	3819	2	886578	0.0000023
all	3821	2	886578	0.0000023
all	3823	2	886578	0.0000023
all	3825	1	886578	0.0000011
all	3827	1	886578	0.0000011
all	3829	1	886578	0.0000011
all	3830	1	886578	0.0000011
all	3834	1	886578	0.0000011
all	3835	1	886578	0.0000011
all	3836	2	886578	0.0000023
all	3837	1	886578	0.0000011
all	3838	1	886578	0.0000011
all	3839	3	886578	0.0000034
all	3840	1	886578	0.0000011
all	3845	1	886578	0.0000011
all	3852	1	886578	0.0000011
all	3857	1	886578	0.0000011
all	3861	1	886578	0.0000011
all	3863	3	886578	0.0000034
all	3865	1	886578	0.0000011
all	3870	1	886578	0.0000011
all	3872	1	886578	0.0000011
all	3873	1	886578	0.0000011
all	3874	1	886578	0.0000011
all	3876	1	886578	0.0000011
all	3877	1	886578	0.0000011
all	3878	1	886578	0.0000011
all	3879	1	886578	0.0000011
all	3881	2	886578	0.0000023
all	3884	1	886578	0.0000011
all	3889	1	886578	0.0000011
all	3891	1	886578	0.0000011
all	3892	1	886578	0.0000011
all	3895	1	886578	0.0000011
all	3896	2	886578	0.0000023
all	3897	1	886578	0.0000011
all	3899	2	886578	0.0000023
all	3903	1	886578	0.0000011
all	3904	2	886578	0.0000023
all	3909	1	886578	0.0000011
all	3910	1	886578	0.0000011
all	3914	1	886578	0.0000011
all	3916	1	886578	0.0000011
all	3921	2	886578	0.0000023
all	3922	1	886578	0.0000011
all	3925	1	886578	0.0000011
all	3926	3	886578	0.0000034
all	3928	1	886578	0.0000011
all	3933	1	886578	0.0000011
all	3935	1	886578	0.0000011
all	3937	1	886578	0.0000011
all	3938	1	886578	0.0000011
all	3941	1	886578	0.0000011
all	3942	1	886578	0.0000011
all	3944	1	886578	0.0000011
all	3945	1	886578	0.0000011
all	3946	1	886578	0.0000011
all	3951	1	886578	0.0000011
all	3952	1	886578	0.0000011
all	3953	1	886578	0.0000011
all	3954	1	886578	0.0000011
all	3955	1	886578	0.0000011
all	3957	2	886578	0.0000023
all	3962	1	886578	0.0000011
all	3964	2	886578	0.0000023
all	3972	1	886578	0.0000011
all	3975	1	886578	0.0000011
all	3976	3	886578	0.0000034
all	3977	2	886578	0.0000023
all	3979	2	886578	0.0000023
all	3980	2	886578	0.0000023
all	3983	2	886578	0.0000023
all	3984	2	886578	0.0000023
all	3987	1	886578	0.0000011
all	3989	2	886578	0.0000023
all	3990	3	886578	0.0000034
all	3994	1	886578	0.0000011
all	3996	1	886578	0.0000011
all	3997	1	886578	0.0000011
all	3999	1	886578	0.0000011
all	4000	1	886578	0.0000011
all	4002	2	886578	0.0000023
all	4003	1	886578	0.0000011
all	4004	2	886578	0.0000023
all	4006	2	886578	0.0000023
all	4011	2	886578	0.0000023
all	4012	1	886578	0.0000011
all	4014	2	886578	0.0000023
all	4016	1	886578	0.0000011
all	4017	3	886578	0.0000034
all	4018	1	886578	0.0000011
all	4021	1	886578	0.0000011
all	4023	1	886578	0.0000011
all	4025	1	886578	0.0000011
all	4027	2	886578	0.0000023
all	4029	3	886578	0.0000034
all	4031	1	886578	0.0000011
all	4032	2	886578	0.0000023
all	4033	1	886578	0.0000011
all	4034	1	886578	0.0000011
all	4035	1	886578	0.0000011
all	4037	3	886578	0.0000034
all	4041	1	886578	0.0000011
all	4043	1	886578	0.0000011
all	4045	1	886578	0.0000011
all	4046	2	886578	0.0000023
all	4048	1	886578	0.0000011
all	4049	1	886578	0.0000011
all	4051	1	886578	0.0000011
all	4052	1	886578	0.0000011
all	4053	1	886578	0.0000011
all	4055	1	886578	0.0000011
all	4059	1	886578	0.0000011
all	4060	1	886578	0.0000011
all	4061	1	886578	0.0000011
all	4063	1	886578	0.0000011
all	4066	1	886578	0.0000011
all	4069	1	886578	0.0000011
all	4070	1	886578	0.0000011
all	4073	1	886578	0.0000011
all	4078	2	886578	0.0000023
all	4079	1	886578	0.0000011
all	4080	1	886578	0.0000011
all	4082	2	886578	0.0000023
all	4085	1	886578	0.0000011
all	4088	1	886578	0.0000011
all	4090	2	886578	0.0000023
all	4091	2	886578	0.0000023
all	4092	1	886578	0.0000011
all	4093	1	886578	0.0000011
all	4095	2	886578	0.0000023
all	4097	1	886578	0.0000011
all	4098	1	886578	0.0000011
all	4100	2	886578	0.0000023
all	4101	1	886578	0.0000011
all	4102	1	886578	0.0000011
all	4103	1	886578	0.0000011
all	4104	1	886578	0.0000011
all	4106	1	886578	0.0000011
all	4109	1	886578	0.0000011
all	4110	1	886578	0.0000011
all	4111	1	886578	0.0000011
all	4114	2	886578	0.0000023
all	4117	1	886578	0.0000011
all	4120	1	886578	0.0000011
all	4121	1	886578	0.0000011
all	4124	1	886578	0.0000011
all	4125	1	886578	0.0000011
all	4126	1	886578	0.0000011
all	4127	1	886578	0.0000011
all	4129	1	886578	0.0000011
all	4131	2	886578	0.0000023
all	4132	1	886578	0.0000011
all	4133	2	886578	0.0000023
all	4134	1	886578	0.0000011
all	4137	1	886578	0.0000011
all	4139	2	886578	0.0000023
all	4141	3	886578	0.0000034
all	4142	2	886578	0.0000023
all	4143	1	886578	0.0000011
all	4144	2	886578	0.0000023
all	4145	2	886578	0.0000023
all	4147	2	886578	0.0000023
all	4148	2	886578	0.0000023
all	4149	1	886578	0.0000011
all	4152	1	886578	0.0000011
all	4153	3	886578	0.0000034
all	4154	1	886578	0.0000011
all	4156	5	886578	0.0000056
all	4157	1	886578	0.0000011
all	4158	1	886578	0.0000011
all	4162	2	886578	0.0000023
all	4167	2	886578	0.0000023
all	4170	1	886578	0.0000011
all	4172	1	886578	0.0000011
all	4173	1	886578	0.0000011
all	4174	1	886578	0.0000011
all	4175	1	886578	0.0000011
all	4176	2	886578	0.0000023
all	4177	2	886578	0.0000023
all	4182	1	886578	0.0000011
all	4184	1	886578	0.0000011
all	4187	1	886578	0.0000011
all	4189	1	886578	0.0000011
all	4192	2	886578	0.0000023
all	4199	1	886578	0.0000011
all	4206	1	886578	0.0000011
all	4208	1	886578	0.0000011
all	4215	1	886578	0.0000011
all	4217	2	886578	0.0000023
all	4219	1	886578	0.0000011
all	4221	1	886578	0.0000011
all	4223	2	886578	0.0000023
all	4235	1	886578	0.0000011
all	4239	1	886578	0.0000011
all	4240	1	886578	0.0000011
all	4242	1	886578	0.0000011
all	4243	2	886578	0.0000023
all	4249	1	886578	0.0000011
all	4250	1	886578	0.0000011
all	4253	1	886578	0.0000011
all	4255	1	886578	0.0000011
all	4257	2	886578	0.0000023
all	4261	2	886578	0.0000023
all	4262	1	886578	0.0000011
all	4271	1	886578	0.0000011
all	4272	1	886578	0.0000011
all	4274	2	886578	0.0000023
all	4275	2	886578	0.0000023
all	4276	2	886578	0.0000023
all	4282	1	886578	0.0000011
all	4287	2	886578	0.0000023
all	4288	2	886578	0.0000023
all	4289	1	886578	0.0000011
all	4294	1	886578	0.0000011
all	4298	2	886578	0.0000023
all	4300	2	886578	0.0000023
all	4303	1	886578	0.0000011
all	4304	1	886578	0.0000011
all	4309	3	886578	0.0000034
all	4311	1	886578	0.0000011
all	4317	2	886578	0.0000023
all	4318	1	886578	0.0000011
all	4319	1	886578	0.0000011
all	4322	1	886578	0.0000011
all	4325	2	886578	0.0000023
all	4327	3	886578	0.0000034
all	4328	1	886578	0.0000011
all	4329	2	886578	0.0000023
all	4331	1	886578	0.0000011
all	4333	2	886578	0.0000023
all	4334	1	886578	0.0000011
all	4336	1	886578	0.0000011
all	4337	1	886578	0.0000011
all	4338	1	886578	0.0000011
all	4340	1	886578	0.0000011
all	4345	1	886578	0.0000011
all	4350	2	886578	0.0000023
all	4353	1	886578	0.0000011
all	4354	2	886578	0.0000023
all	4355	1	886578	0.0000011
all	4359	1	886578	0.0000011
all	4360	1	886578	0.0000011
all	4361	1	886578	0.0000011
all	4365	1	886578	0.0000011
all	4366	1	886578	0.0000011
all	4369	1	886578	0.0000011
all	4370	1	886578	0.0000011
all	4371	1	886578	0.0000011
all	4374	1	886578	0.0000011
all	4375	2	886578	0.0000023
all	4377	1	886578	0.0000011
all	4378	1	886578	0.0000011
all	4379	1	886578	0.0000011
all	4382	1	886578	0.0000011
all	4383	2	886578	0.0000023
all	4385	2	886578	0.0000023
all	4386	2	886578	0.0000023
all	4388	2	886578	0.0000023
all	4389	1	886578	0.0000011
all	4390	2	886578	0.0000023
all	4391	1	886578	0.0000011
all	4393	1	886578	0.0000011
all	4394	1	886578	0.0000011
all	4396	2	886578	0.0000023
all	4400	2	886578	0.0000023
all	4402	2	886578	0.0000023
all	4403	1	886578	0.0000011
all	4404	2	886578	0.0000023
all	4405	3	886578	0.0000034
all	4406	2	886578	0.0000023
all	4407	1	886578	0.0000011
all	4409	2	886578	0.0000023
all	4410	1	886578	0.0000011
all	4412	1	886578	0.0000011
all	4414	2	886578	0.0000023
all	4415	2	886578	0.0000023
all	4417	1	886578	0.0000011
all	4420	2	886578	0.0000023
all	4422	3	886578	0.0000034
all	4423	1	886578	0.0000011
all	4424	1	886578	0.0000011
all	4425	1	886578	0.0000011
all	4428	1	886578	0.0000011
all	4429	1	886578	0.0000011
all	4431	1	886578	0.0000011
all	4433	3	886578	0.0000034
all	4437	1	886578	0.0000011
all	4438	2	886578	0.0000023
all	4439	2	886578	0.0000023
all	4441	1	886578	0.0000011
all	4442	1	886578	0.0000011
all	4444	1	886578	0.0000011
all	4445	1	886578	0.0000011
all	4448	1	886578	0.0000011
all	4451	1	886578	0.0000011
all	4456	1	886578	0.0000011
all	4457	1	886578	0.0000011
all	4458	2	886578	0.0000023
all	4461	1	886578	0.0000011
all	4465	1	886578	0.0000011
all	4466	1	886578	0.0000011
all	4467	1	886578	0.0000011
all	4468	1	886578	0.0000011
all	4470	1	886578	0.0000011
all	4473	1	886578	0.0000011
all	4475	1	886578	0.0000011
all	4479	2	886578	0.0000023
all	4489	1	886578	0.0000011
all	4515	1	886578	0.0000011
all	4520	2	886578	0.0000023
all	4524	1	886578	0.0000011
all	4531	1	886578	0.0000011
all	4540	1	886578	0.0000011
all	4552	1	886578	0.0000011
all	4557	1	886578	0.0000011
all	4561	1	886578	0.0000011
all	4564	1	886578	0.0000011
all	4579	1	886578	0.0000011
all	4581	1	886578	0.0000011
all	4591	1	886578	0.0000011
all	4603	1	886578	0.0000011
all	4614	1	886578	0.0000011
all	4615	1	886578	0.0000011
all	4630	2	886578	0.0000023
all	4633	1	886578	0.0000011
all	4634	1	886578	0.0000011
all	4645	2	886578	0.0000023
all	4650	1	886578	0.0000011
all	4652	1	886578	0.0000011
all	4663	1	886578	0.0000011
all	4672	1	886578	0.0000011
all	4684	1	886578	0.0000011
all	4685	1	886578	0.0000011
all	4689	2	886578	0.0000023
all	4692	1	886578	0.0000011
all	4699	1	886578	0.0000011
all	4703	2	886578	0.0000023
all	4707	1	886578	0.0000011
all	4723	1	886578	0.0000011
all	4729	1	886578	0.0000011
all	4731	1	886578	0.0000011
all	4734	1	886578	0.0000011
all	4757	1	886578	0.0000011
all	4759	1	886578	0.0000011
all	4761	1	886578	0.0000011
all	4767	1	886578	0.0000011
all	4769	1	886578	0.0000011
all	4775	1	886578	0.0000011
all	4778	1	886578	0.0000011
all	4782	1	886578	0.0000011
all	4787	1	886578	0.0000011
all	4788	1	886578	0.0000011
all	4792	1	886578	0.0000011
all	4797	1	886578	0.0000011
all	4800	1	886578	0.0000011
all	4812	1	886578	0.0000011
all	4814	1	886578	0.0000011
all	4823	1	886578	0.0000011
all	4827	1	886578	0.0000011
all	4830	1	886578	0.0000011
all	4838	1	886578	0.0000011
all	4850	1	886578	0.0000011
all	4861	2	886578	0.0000023
all	4867	1	886578	0.0000011
all	4873	1	886578	0.0000011
all	4888	2	886578	0.0000023
all	4889	1	886578	0.0000011
all	4901	2	886578	0.0000023
all	4903	1	886578	0.0000011
all	4909	1	886578	0.0000011
all	4911	1	886578	0.0000011
all	4914	1	886578	0.0000011
all	4915	1	886578	0.0000011
all	4922	1	886578	0.0000011
all	4926	1	886578	0.0000011
all	4930	1	886578	0.0000011
all	4935	2	886578	0.0000023
all	4944	1	886578	0.0000011
all	4946	1	886578	0.0000011
all	4949	1	886578	0.0000011
all	4952	1	886578	0.0000011
all	4953	1	886578	0.0000011
all	4978	1	886578	0.0000011
all	4986	1	886578	0.0000011
all	4993	2	886578	0.0000023
all	4994	2	886578	0.0000023
all	4995	1	886578	0.0000011
all	4999	1	886578	0.0000011
all	5012	1	886578	0.0000011
all	5023	1	886578	0.0000011
all	5032	1	886578	0.0000011
all	5033	1	886578	0.0000011
all	5034	1	886578	0.0000011
all	5036	1	886578	0.0000011
all	5037	1	886578	0.0000011
all	5046	1	886578	0.0000011
all	5047	2	886578	0.0000023
all	5049	1	886578	0.0000011
all	5052	1	886578	0.0000011
all	5053	2	886578	0.0000023
all	5057	1	886578	0.0000011
all	5058	1	886578	0.0000011
all	5059	1	886578	0.0000011
all	5063	1	886578	0.0000011
all	5069	1	886578	0.0000011
all	5072	1	886578	0.0000011
all	5074	1	886578	0.0000011
all	5080	3	886578	0.0000034
all	5081	2	886578	0.0000023
all	5082	1	886578	0.0000011
all	5084	1	886578	0.0000011
all	5088	1	886578	0.0000011
all	5092	2	886578	0.0000023
all	5094	1	886578	0.0000011
all	5099	2	886578	0.0000023
all	5101	1	886578	0.0000011
all	5102	1	886578	0.0000011
all	5103	1	886578	0.0000011
all	5107	1	886578	0.0000011
all	5126	1	886578	0.0000011
all	5127	1	886578	0.0000011
all	5131	1	886578	0.0000011
all	5135	2	886578	0.0000023
all	5140	1	886578	0.0000011
all	5154	1	886578	0.0000011
all	5165	1	886578	0.0000011
all	5166	1	886578	0.0000011
all	5169	1	886578	0.0000011
all	5188	1	886578	0.0000011
all	5194	1	886578	0.0000011
all	5197	1	886578	0.0000011
all	5202	1	886578	0.0000011
all	5206	1	886578	0.0000011
all	5212	1	886578	0.0000011
all	5225	1	886578	0.0000011
all	5227	1	886578	0.0000011
all	5237	1	886578	0.0000011
all	5240	1	886578	0.0000011
all	5242	2	886578	0.0000023
all	5244	2	886578	0.0000023
all	5254	1	886578	0.0000011
all	5258	1	886578	0.0000011
all	5262	1	886578	0.0000011
all	5267	1	886578	0.0000011
all	5283	2	886578	0.0000023
all	5294	1	886578	0.0000011
all	5306	2	886578	0.0000023
all	5318	1	886578	0.0000011
all	5327	2	886578	0.0000023
all	5331	1	886578	0.0000011
all	5335	1	886578	0.0000011
all	5336	1	886578	0.0000011
all	5340	1	886578	0.0000011
all	5351	2	886578	0.0000023
all	5353	1	886578	0.0000011
all	5354	1	886578	0.0000011
all	5362	1	886578	0.0000011
all	5378	1	886578	0.0000011
all	5380	1	886578	0.0000011
all	5384	1	886578	0.0000011
all	5388	2	886578	0.0000023
all	5389	1	886578	0.0000011
all	5391	1	886578	0.0000011
all	5399	2	886578	0.0000023
all	5400	1	886578	0.0000011
all	5431	2	886578	0.0000023
all	5433	1	886578	0.0000011
all	5435	1	886578	0.0000011
all	5437	1	886578	0.0000011
all	5451	2	886578	0.0000023
all	5455	1	886578	0.0000011
all	5472	2	886578	0.0000023
all	5476	1	886578	0.0000011
all	5488	2	886578	0.0000023
all	5489	1	886578	0.0000011
all	5491	1	886578	0.0000011
all	5503	1	886578	0.0000011
all	5508	1	886578	0.0000011
all	5517	1	886578	0.0000011
all	5530	2	886578	0.0000023
all	5537	1	886578	0.0000011
all	5545	2	886578	0.0000023
all	5547	1	886578	0.0000011
all	5548	1	886578	0.0000011
all	5564	1	886578	0.0000011
all	5568	1	886578	0.0000011
all	5571	1	886578	0.0000011
all	5572	2	886578	0.0000023
all	5574	1	886578	0.0000011
all	5589	1	886578	0.0000011
all	5592	2	886578	0.0000023
all	5597	1	886578	0.0000011
all	5607	2	886578	0.0000023
all	5608	1	886578	0.0000011
all	5629	1	886578	0.0000011
all	5639	1	886578	0.0000011
all	5646	2	886578	0.0000023
all	5650	1	886578	0.0000011
all	5659	1	886578	0.0000011
all	5663	1	886578	0.0000011
all	5667	1	886578	0.0000011
all	5673	1	886578	0.0000011
all	5680	1	886578	0.0000011
all	5685	1	886578	0.0000011
all	5689	2	886578	0.0000023
all	5700	1	886578	0.0000011
all	5702	1	886578	0.0000011
all	5703	1	886578	0.0000011
all	5708	1	886578	0.0000011
all	5710	1	886578	0.0000011
all	5714	1	886578	0.0000011
all	5715	1	886578	0.0000011
all	5718	1	886578	0.0000011
all	5728	1	886578	0.0000011
all	5733	1	886578	0.0000011
all	5738	1	886578	0.0000011
all	5739	1	886578	0.0000011
all	5740	1	886578	0.0000011
all	5745	1	886578	0.0000011
all	5751	1	886578	0.0000011
all	5752	1	886578	0.0000011
all	5756	1	886578	0.0000011
all	5763	1	886578	0.0000011
all	5770	2	886578	0.0000023
all	5774	2	886578	0.0000023
all	5776	1	886578	0.0000011
all	5777	1	886578	0.0000011
all	5781	1	886578	0.0000011
all	5782	1	886578	0.0000011
all	5785	2	886578	0.0000023
all	5787	1	886578	0.0000011
all	5788	1	886578	0.0000011
all	5789	1	886578	0.0000011
all	5790	1	886578	0.0000011
all	5792	2	886578	0.0000023
all	5794	1	886578	0.0000011
all	5795	1	886578	0.0000011
all	5796	2	886578	0.0000023
all	5797	1	886578	0.0000011
all	5798	1	886578	0.0000011
all	5799	1	886578	0.0000011
all	5800	1	886578	0.0000011
all	5803	1	886578	0.0000011
all	5805	1	886578	0.0000011
all	5810	1	886578	0.0000011
all	5821	1	886578	0.0000011
all	5827	1	886578	0.0000011
all	5828	1	886578	0.0000011
all	5830	1	886578	0.0000011
all	5839	1	886578	0.0000011
all	5841	1	886578	0.0000011
all	5851	1	886578	0.0000011
all	5858	1	886578	0.0000011
all	5880	1	886578	0.0000011
all	5883	1	886578	0.0000011
all	5888	2	886578	0.0000023
all	5897	1	886578	0.0000011
all	5908	1	886578	0.0000011
all	5911	1	886578	0.0000011
all	5914	1	886578	0.0000011
all	5916	1	886578	0.0000011
all	5924	1	886578	0.0000011
all	5926	1	886578	0.0000011
all	5934	1	886578	0.0000011
all	5935	1	886578	0.0000011
all	5941	1	886578	0.0000011
all	5947	1	886578	0.0000011
all	5952	2	886578	0.0000023
all	5956	1	886578	0.0000011
all	5971	1	886578	0.0000011
all	5972	1	886578	0.0000011
all	5988	1	886578	0.0000011
all	5995	1	886578	0.0000011
all	5997	1	886578	0.0000011
all	5998	1	886578	0.0000011
all	6005	1	886578	0.0000011
all	6007	1	886578	0.0000011
all	6030	1	886578	0.0000011
all	6032	1	886578	0.0000011
all	6040	1	886578	0.0000011
all	6045	1	886578	0.0000011
all	6050	1	886578	0.0000011
all	6055	1	886578	0.0000011
all	6056	1	886578	0.0000011
all	6060	1	886578	0.0000011
all	6062	1	886578	0.0000011
all	6063	1	886578	0.0000011
all	6067	1	886578	0.0000011
all	6070	1	886578	0.0000011
all	6071	1	886578	0.0000011
all	6083	1	886578	0.0000011
all	6085	1	886578	0.0000011
all	6086	1	886578	0.0000011
all	6091	1	886578	0.0000011
all	6093	1	886578	0.0000011
all	6102	1	886578	0.0000011
all	6114	1	886578	0.0000011
all	6125	1	886578	0.0000011
all	6128	1	886578	0.0000011
all	6131	1	886578	0.0000011
all	6135	1	886578	0.0000011
all	6136	1	886578	0.0000011
all	6138	1	886578	0.0000011
all	6139	2	886578	0.0000023
all	6140	1	886578	0.0000011
all	6144	1	886578	0.0000011
all	6147	1	886578	0.0000011
all	6148	1	886578	0.0000011
all	6152	1	886578	0.0000011
all	6158	2	886578	0.0000023
all	6159	1	886578	0.0000011
all	6161	1	886578	0.0000011
all	6163	1	886578	0.0000011
all	6168	1	886578	0.0000011
all	6174	1	886578	0.0000011
all	6182	2	886578	0.0000023
all	6184	1	886578	0.0000011
all	6186	1	886578	0.0000011
all	6187	1	886578	0.0000011
all	6191	1	886578	0.0000011
all	6192	1	886578	0.0000011
all	6193	1	886578	0.0000011
all	6196	1	886578	0.0000011
all	6197	1	886578	0.0000011
all	6204	1	886578	0.0000011
all	6205	1	886578	0.0000011
all	6212	1	886578	0.0000011
all	6213	1	886578	0.0000011
all	6222	1	886578	0.0000011
all	6225	2	886578	0.0000023
all	6226	1	886578	0.0000011
all	6229	1	886578	0.0000011
all	6231	1	886578	0.0000011
all	6233	2	886578	0.0000023
all	6243	1	886578	0.0000011
all	6245	2	886578	0.0000023
all	6246	1	886578	0.0000011
all	6257	2	886578	0.0000023
all	6259	1	886578	0.0000011
all	6266	1	886578	0.0000011
all	6273	1	886578	0.0000011
all	6293	1	886578	0.0000011
all	6297	1	886578	0.0000011
all	6300	1	886578	0.0000011
all	6303	3	886578	0.0000034
all	6306	1	886578	0.0000011
all	6310	1	886578	0.0000011
all	6317	1	886578	0.0000011
all	6319	1	886578	0.0000011
all	6325	1	886578	0.0000011
all	6332	1	886578	0.0000011
all	6343	1	886578	0.0000011
all	6348	1	886578	0.0000011
all	6374	1	886578	0.0000011
all	6393	1	886578	0.0000011
all	6401	1	886578	0.0000011
all	6417	1	886578	0.0000011
all	6418	1	886578	0.0000011
all	6426	1	886578	0.0000011
all	6432	1	886578	0.0000011
all	6436	1	886578	0.0000011
all	6444	1	886578	0.0000011
all	6473	1	886578	0.0000011
all	6480	1	886578	0.0000011
all	6482	1	886578	0.0000011
all	6485	1	886578	0.0000011
all	6488	1	886578	0.0000011
all	6498	1	886578	0.0000011
all	6529	1	886578	0.0000011
all	6558	1	886578	0.0000011
all	6566	1	886578	0.0000011
all	6586	1	886578	0.0000011
all	6594	1	886578	0.0000011
all	6622	2	886578	0.0000023
all	6638	1	886578	0.0000011
all	6678	1	886578	0.0000011
all	6696	1	886578	0.0000011
all	6720	1	886578	0.0000011
all	6726	1	886578	0.0000011
all	6744	1	886578	0.0000011
all	6749	1	886578	0.0000011
all	6753	1	886578	0.0000011
all	6761	1	886578	0.0000011
all	6783	1	886578	0.0000011
all	6791	1	886578	0.0000011
all	6797	1	886578	0.0000011
all	6807	1	886578	0.0000011
all	6813	1	886578	0.0000011
all	6816	1	886578	0.0000011
all	6850	2	886578	0.0000023
all	6872	1	886578	0.0000011
all	6883	1	886578	0.0000011
all	6895	1	886578	0.0000011
all	6896	1	886578	0.0000011
all	6905	1	886578	0.0000011
all	6924	1	886578	0.0000011
all	6928	1	886578	0.0000011
all	6960	1	886578	0.0000011
all	6973	2	886578	0.0000023
all	6980	1	886578	0.0000011
all	6993	1	886578	0.0000011
all	6997	2	886578	0.0000023
all	7005	1	886578	0.0000011
all	7013	2	886578	0.0000023
all	7015	1	886578	0.0000011
all	7023	1	886578	0.0000011
all	7035	1	886578	0.0000011
all	7039	1	886578	0.0000011
all	7040	1	886578	0.0000011
all	7042	2	886578	0.0000023
all	7044	1	886578	0.0000011
all	7045	1	886578	0.0000011
all	7046	1	886578	0.0000011
all	7054	1	886578	0.0000011
all	7056	1	886578	0.0000011
all	7059	1	886578	0.0000011
all	7073	2	886578	0.0000023
all	7079	1	886578	0.0000011
all	7081	1	886578	0.0000011
all	7082	1	886578	0.0000011
all	7084	1	886578	0.0000011
all	7086	1	886578	0.0000011
all	7087	1	886578	0.0000011
all	7091	1	886578	0.0000011
all	7093	2	886578	0.0000023
all	7094	1	886578	0.0000011
all	7096	3	886578	0.0000034
all	7098	1	886578	0.0000011
all	7102	2	886578	0.0000023
all	7104	1	886578	0.0000011
all	7106	1	886578	0.0000011
all	7121	1	886578	0.0000011
all	7127	1	886578	0.0000011
all	7148	1	886578	0.0000011
all	7150	1	886578	0.0000011
all	7159	1	886578	0.0000011
all	7175	1	886578	0.0000011
all	7184	1	886578	0.0000011
all	7187	1	886578	0.0000011
all	7198	1	886578	0.0000011
all	7211	1	886578	0.0000011
all	7220	1	886578	0.0000011
all	7222	1	886578	0.0000011
all	7234	1	886578	0.0000011
all	7260	1	886578	0.0000011
all	7277	1	886578	0.0000011
all	7289	1	886578	0.0000011
all	7293	1	886578	0.0000011
all	7305	1	886578	0.0000011
all	7311	1	886578	0.0000011
all	7326	1	886578	0.0000011
all	7336	1	886578	0.0000011
all	7356	1	886578	0.0000011
all	7372	1	886578	0.0000011
all	7375	1	886578	0.0000011
all	7378	1	886578	0.0000011
all	7386	1	886578	0.0000011
all	7391	1	886578	0.0000011
all	7405	1	886578	0.0000011
all	7409	1	886578	0.0000011
all	7410	1	886578	0.0000011
all	7416	1	886578	0.0000011
all	7429	2	886578	0.0000023
all	7432	1	886578	0.0000011
all	7436	1	886578	0.0000011
all	7447	1	886578	0.0000011
all	7448	2	886578	0.0000023
all	7452	1	886578	0.0000011
all	7453	1	886578	0.0000011
all	7454	1	886578	0.0000011
all	7455	1	886578	0.0000011
all	7465	1	886578	0.0000011
all	7475	1	886578	0.0000011
all	7478	1	886578	0.0000011
all	7479	2	886578	0.0000023
all	7480	2	886578	0.0000023
all	7481	1	886578	0.0000011
all	7512	1	886578	0.0000011
all	7607	1	886578	0.0000011
all	7638	1	886578	0.0000011
all	7700	1	886578	0.0000011
all	7779	1	886578	0.0000011
all	7878	1	886578	0.0000011
all	7938	1	886578	0.0000011
all	8012	1	886578	0.0000011
all	8045	1	886578	0.0000011
all	8099	1	886578	0.0000011
all	8175	1	886578	0.0000011
all	8241	1	886578	0.0000011
all	8264	1	886578	0.0000011
all	8321	1	886578	0.0000011
all	8329	1	886578	0.0000011
all	8386	1	886578	0.0000011
all	8448	1	886578	0.0000011
all	8469	1	886578	0.0000011
all	8532	1	886578	0.0000011
all	8543	1	886578	0.0000011
all	8557	1	886578	0.0000011
all	8664	1	886578	0.0000011
all	8672	1	886578	0.0000011
all	8763	1	886578	0.0000011
all	8764	1	886578	0.0000011
all	8778	1	886578	0.0000011
all	8840	1	886578	0.0000011
all	8881	1	886578	0.0000011
all	8886	1	886578	0.0000011
all	8940	1	886578	0.0000011
all	8955	1	886578	0.0000011
all	8992	1	886578	0.0000011
all	8995	1	886578	0.0000011
all	9051	1	886578	0.0000011
all	9056	1	886578	0.0000011
all	9074	1	886578	0.0000011
all	9087	1	886578	0.0000011
all	9104	1	886578	0.0000011
all	9109	1	886578	0.0000011
all	9149	1	886578	0.0000011
all	9177	1	886578	0.0000011
all	9204	1	886578	0.0000011
all	9270	1	886578	0.0000011
all	9273	1	886578	0.0000011
all	9276	1	886578	0.0000011
all	9279	1	886578	0.0000011
all	9301	1	886578	0.0000011
all	9360	1	886578	0.0000011
all	9364	1	886578	0.0000011
all	9395	1	886578	0.0000011
all	9440	1	886578	0.0000011
all	9482	1	886578	0.0000011
all	9515	1	886578	0.0000011
all	9533	1	886578	0.0000011
all	9540	1	886578	0.0000011
all	9574	1	886578	0.0000011
all	9601	1	886578	0.0000011
all	9623	1	886578	0.0000011
all	9668	1	886578	0.0000011
all	9672	1	886578	0.0000011
all	9702	1	886578	0.0000011
all	9734	1	886578	0.0000011
all	9736	1	886578	0.0000011
all	9754	1	886578	0.0000011
all	9770	1	886578	0.0000011
all	9787	1	886578	0.0000011
all	9804	1	886578	0.0000011
all	9848	1	886578	0.0000011
all	9880	1	886578	0.0000011
all	9883	1	886578	0.0000011
all	9932	1	886578	0.0000011
all	9975	1	886578	0.0000011
all	10004	1	886578	0.0000011
all	10026	1	886578	0.0000011
all	10045	1	886578	0.0000011
all	10059	1	886578	0.0000011
all	10096	1	886578	0.0000011
all	10104	1	886578	0.0000011
all	10150	1	886578	0.0000011
all	10180	2	886578	0.0000023
all	10190	1	886578	0.0000011
all	10215	1	886578	0.0000011
all	10258	1	886578	0.0000011
all	10275	1	886578	0.0000011
all	10282	1	886578	0.0000011
all	10309	1	886578	0.0000011
all	10349	1	886578	0.0000011
all	10350	1	886578	0.0000011
all	10377	1	886578	0.0000011
all	10403	1	886578	0.0000011
all	10422	1	886578	0.0000011
all	10483	1	886578	0.0000011
all	10504	1	886578	0.0000011
all	10509	1	886578	0.0000011
all	10511	1	886578	0.0000011
all	10531	1	886578	0.0000011
all	10556	2	886578	0.0000023
all	10571	1	886578	0.0000011
all	10600	2	886578	0.0000023
all	10624	1	886578	0.0000011
all	10628	1	886578	0.0000011
all	10641	1	886578	0.0000011
all	10647	1	886578	0.0000011
all	10654	1	886578	0.0000011
all	10675	1	886578	0.0000011
all	10696	1	886578	0.0000011
all	10720	1	886578	0.0000011
all	10748	1	886578	0.0000011
all	10765	1	886578	0.0000011
all	10794	1	886578	0.0000011
all	10801	1	886578	0.0000011
all	10802	1	886578	0.0000011
all	10807	1	886578	0.0000011
all	10869	1	886578	0.0000011
all	10874	1	886578	0.0000011
all	10890	1	886578	0.0000011
all	10898	1	886578	0.0000011
all	10915	1	886578	0.0000011
all	10960	1	886578	0.0000011
all	10988	1	886578	0.0000011
all	11004	1	886578	0.0000011
all	11047	1	886578	0.0000011
all	11095	1	886578	0.0000011
all	11118	1	886578	0.0000011
all	11136	1	886578	0.0000011
all	11157	1	886578	0.0000011
all	11160	1	886578	0.0000011
all	11216	1	886578	0.0000011
all	11233	1	886578	0.0000011
all	11239	1	886578	0.0000011
all	11257	1	886578	0.0000011
all	11266	1	886578	0.0000011
all	11274	1	886578	0.0000011
all	11305	1	886578	0.0000011
all	11327	1	886578	0.0000011
all	11330	1	886578	0.0000011
all	11331	1	886578	0.0000011
all	11360	1	886578	0.0000011
all	11362	1	886578	0.0000011
all	11371	1	886578	0.0000011
all	11381	1	886578	0.0000011
all	11396	2	886578	0.0000023
all	11402	1	886578	0.0000011
all	11407	1	886578	0.0000011
all	11413	1	886578	0.0000011
all	11424	1	886578	0.0000011
