all	0	5199	886578	0.0058641
all	1	1623	886578	0.0018306
all	2	1186	886578	0.0013377
all	3	1329	886578	0.0014990
all	4	1060	886578	0.0011956
all	5	1257	886578	0.0014178
all	6	1393	886578	0.0015712
all	7	1937	886578	0.0021848
all	8	1592	886578	0.0017957
all	9	1841	886578	0.0020765
all	10	2102	886578	0.0023709
all	11	2768	886578	0.0031221
all	12	2428	886578	0.0027386
all	13	2456	886578	0.0027702
all	14	2994	886578	0.0033770
all	15	2757	886578	0.0031097
all	16	2533	886578	0.0028571
all	17	2921	886578	0.0032947
all	18	3203	886578	0.0036128
all	19	3296	886578	0.0037177
all	20	3446	886578	0.0038869
all	21	3506	886578	0.0039545
all	22	3533	886578	0.0039850
all	23	3825	886578	0.0043143
all	24	3993	886578	0.0045038
all	25	4278	886578	0.0048253
all	26	4217	886578	0.0047565
all	27	4243	886578	0.0047858
all	28	4497	886578	0.0050723
all	29	4449	886578	0.0050182
all	30	4466	886578	0.0050373
all	31	4683	886578	0.0052821
all	32	5117	886578	0.0057716
all	33	5086	886578	0.0057367
all	34	4982	886578	0.0056194
all	35	5246	886578	0.0059171
all	36	5189	886578	0.0058528
all	37	5429	886578	0.0061235
all	38	5436	886578	0.0061314
all	39	5480	886578	0.0061811
all	40	5525	886578	0.0062318
all	41	5341	886578	0.0060243
all	42	5599	886578	0.0063153
all	43	5605	886578	0.0063221
all	44	5561	886578	0.0062724
all	45	6080	886578	0.0068578
all	46	5692	886578	0.0064202
all	47	6481	886578	0.0073101
all	48	5818	886578	0.0065623
all	49	6051	886578	0.0068251
all	50	5819	886578	0.0065634
all	51	5863	886578	0.0066131
all	52	5821	886578	0.0065657
all	53	5852	886578	0.0066007
all	54	5847	886578	0.0065950
all	55	5716	886578	0.0064473
all	56	6056	886578	0.0068308
all	57	6042	886578	0.0068150
all	58	5976	886578	0.0067405
all	59	5713	886578	0.0064439
all	60	5934	886578	0.0066932
all	61	6172	886578	0.0069616
all	62	5838	886578	0.0065849
all	63	5846	886578	0.0065939
all	64	6049	886578	0.0068229
all	65	5780	886578	0.0065194
all	66	5968	886578	0.0067315
all	67	5762	886578	0.0064991
all	68	5708	886578	0.0064382
all	69	5661	886578	0.0063852
all	70	5545	886578	0.0062544
all	71	5935	886578	0.0066943
all	72	5757	886578	0.0064935
all	73	5693	886578	0.0064213
all	74	5533	886578	0.0062408
all	75	5770	886578	0.0065082
all	76	5603	886578	0.0063198
all	77	5413	886578	0.0061055
all	78	5584	886578	0.0062984
all	79	5731	886578	0.0064642
all	80	5352	886578	0.0060367
all	81	5500	886578	0.0062036
all	82	5668	886578	0.0063931
all	83	5490	886578	0.0061923
all	84	5596	886578	0.0063119
all	85	5153	886578	0.0058122
all	86	5318	886578	0.0059983
all	87	5194	886578	0.0058585
all	88	5614	886578	0.0063322
all	89	5590	886578	0.0063051
all	90	5334	886578	0.0060164
all	91	5174	886578	0.0058359
all	92	4988	886578	0.0056261
all	93	5027	886578	0.0056701
all	94	4928	886578	0.0055585
all	95	4980	886578	0.0056171
all	96	4942	886578	0.0055742
all	97	4941	886578	0.0055731
all	98	4788	886578	0.0054005
all	99	4516	886578	0.0050937
all	100	4731	886578	0.0053362
all	101	5013	886578	0.0056543
all	102	4843	886578	0.0054626
all	103	4639	886578	0.0052325
all	104	4721	886578	0.0053250
all	105	4297	886578	0.0048467
all	106	4491	886578	0.0050655
all	107	4577	886578	0.0051625
all	108	4565	886578	0.0051490
all	109	4550	886578	0.0051321
all	110	4335	886578	0.0048896
all	111	4012	886578	0.0045253
all	112	4111	886578	0.0046369
all	113	4100	886578	0.0046245
all	114	4217	886578	0.0047565
all	115	4025	886578	0.0045399
all	116	4133	886578	0.0046617
all	117	4035	886578	0.0045512
all	118	3939	886578	0.0044429
all	119	3930	886578	0.0044328
all	120	3775	886578	0.0042579
all	121	3759	886578	0.0042399
all	122	3864	886578	0.0043583
all	123	3755	886578	0.0042354
all	124	3690	886578	0.0041621
all	125	3948	886578	0.0044531
all	126	3646	886578	0.0041124
all	127	3591	886578	0.0040504
all	128	3480	886578	0.0039252
all	129	3760	886578	0.0042410
all	130	3543	886578	0.0039963
all	131	3429	886578	0.0038677
all	132	3337	886578	0.0037639
all	133	3251	886578	0.0036669
all	134	3065	886578	0.0034571
all	135	3141	886578	0.0035428
all	136	3214	886578	0.0036252
all	137	3196	886578	0.0036049
all	138	3159	886578	0.0035631
all	139	3101	886578	0.0034977
all	140	3084	886578	0.0034785
all	141	2856	886578	0.0032214
all	142	2828	886578	0.0031898
all	143	2962	886578	0.0033409
all	144	2784	886578	0.0031402
all	145	2734	886578	0.0030838
all	146	2705	886578	0.0030511
all	147	2605	886578	0.0029383
all	148	2758	886578	0.0031108
all	149	2598	886578	0.0029304
all	150	2508	886578	0.0028289
all	151	2342	886578	0.0026416
all	152	2318	886578	0.0026145
all	153	2323	886578	0.0026202
all	154	2250	886578	0.0025378
all	155	2303	886578	0.0025976
all	156	2352	886578	0.0026529
all	157	2355	886578	0.0026563
all	158	2159	886578	0.0024352
all	159	2252	886578	0.0025401
all	160	2314	886578	0.0026100
all	161	2456	886578	0.0027702
all	162	2080	886578	0.0023461
all	163	2258	886578	0.0025469
all	164	2100	886578	0.0023687
all	165	2274	886578	0.0025649
all	166	2139	886578	0.0024126
all	167	2075	886578	0.0023405
all	168	2170	886578	0.0024476
all	169	2233	886578	0.0025187
all	170	1973	886578	0.0022254
all	171	2018	886578	0.0022762
all	172	1844	886578	0.0020799
all	173	1949	886578	0.0021983
all	174	1899	886578	0.0021419
all	175	1868	886578	0.0021070
all	176	1895	886578	0.0021374
all	177	1879	886578	0.0021194
all	178	1826	886578	0.0020596
all	179	1791	886578	0.0020201
all	180	1831	886578	0.0020652
all	181	1846	886578	0.0020822
all	182	1761	886578	0.0019863
all	183	1773	886578	0.0019998
all	184	1720	886578	0.0019400
all	185	1675	886578	0.0018893
all	186	1600	886578	0.0018047
all	187	1629	886578	0.0018374
all	188	1581	886578	0.0017833
all	189	1434	886578	0.0016175
all	190	1642	886578	0.0018521
all	191	1485	886578	0.0016750
all	192	1555	886578	0.0017539
all	193	1458	886578	0.0016445
all	194	1468	886578	0.0016558
all	195	1504	886578	0.0016964
all	196	1439	886578	0.0016231
all	197	1430	886578	0.0016129
all	198	1412	886578	0.0015926
all	199	1386	886578	0.0015633
all	200	1490	886578	0.0016806
all	201	1446	886578	0.0016310
all	202	1451	886578	0.0016366
all	203	1296	886578	0.0014618
all	204	1253	886578	0.0014133
all	205	1256	886578	0.0014167
all	206	1242	886578	0.0014009
all	207	1248	886578	0.0014077
all	208	1303	886578	0.0014697
all	209	1362	886578	0.0015362
all	210	1218	886578	0.0013738
all	211	1173	886578	0.0013231
all	212	1247	886578	0.0014065
all	213	1225	886578	0.0013817
all	214	1163	886578	0.0013118
all	215	1026	886578	0.0011573
all	216	1174	886578	0.0013242
all	217	1048	886578	0.0011821
all	218	1086	886578	0.0012249
all	219	1043	886578	0.0011764
all	220	1076	886578	0.0012137
all	221	1119	886578	0.0012622
all	222	1166	886578	0.0013152
all	223	1130	886578	0.0012746
all	224	1035	886578	0.0011674
all	225	1048	886578	0.0011821
all	226	976	886578	0.0011009
all	227	909	886578	0.0010253
all	228	965	886578	0.0010885
all	229	953	886578	0.0010749
all	230	969	886578	0.0010930
all	231	906	886578	0.0010219
all	232	992	886578	0.0011189
all	233	843	886578	0.0009508
all	234	860	886578	0.0009700
all	235	823	886578	0.0009283
all	236	851	886578	0.0009599
all	237	807	886578	0.0009102
all	238	794	886578	0.0008956
all	239	849	886578	0.0009576
all	240	793	886578	0.0008945
all	241	740	886578	0.0008347
all	242	798	886578	0.0009001
all	243	795	886578	0.0008967
all	244	810	886578	0.0009136
all	245	737	886578	0.0008313
all	246	778	886578	0.0008775
all	247	824	886578	0.0009294
all	248	687	886578	0.0007749
all	249	708	886578	0.0007986
all	250	731	886578	0.0008245
all	251	650	886578	0.0007332
all	252	766	886578	0.0008640
all	253	711	886578	0.0008020
all	254	657	886578	0.0007411
all	255	620	886578	0.0006993
all	256	650	886578	0.0007332
all	257	583	886578	0.0006576
all	258	625	886578	0.0007050
all	259	630	886578	0.0007106
all	260	563	886578	0.0006350
all	261	557	886578	0.0006283
all	262	548	886578	0.0006181
all	263	581	886578	0.0006553
all	264	516	886578	0.0005820
all	265	592	886578	0.0006677
all	266	578	886578	0.0006519
all	267	521	886578	0.0005877
all	268	542	886578	0.0006113
all	269	617	886578	0.0006959
all	270	544	886578	0.0006136
all	271	528	886578	0.0005955
all	272	561	886578	0.0006328
all	273	474	886578	0.0005346
all	274	482	886578	0.0005437
all	275	531	886578	0.0005989
all	276	535	886578	0.0006034
all	277	496	886578	0.0005595
all	278	502	886578	0.0005662
all	279	510	886578	0.0005752
all	280	491	886578	0.0005538
all	281	484	886578	0.0005459
all	282	471	886578	0.0005313
all	283	437	886578	0.0004929
all	284	516	886578	0.0005820
all	285	438	886578	0.0004940
all	286	448	886578	0.0005053
all	287	426	886578	0.0004805
all	288	447	886578	0.0005042
all	289	392	886578	0.0004421
all	290	428	886578	0.0004828
all	291	380	886578	0.0004286
all	292	440	886578	0.0004963
all	293	409	886578	0.0004613
all	294	401	886578	0.0004523
all	295	405	886578	0.0004568
all	296	418	886578	0.0004715
all	297	359	886578	0.0004049
all	298	336	886578	0.0003790
all	299	392	886578	0.0004421
all	300	342	886578	0.0003858
all	301	439	886578	0.0004952
all	302	368	886578	0.0004151
all	303	394	886578	0.0004444
all	304	386	886578	0.0004354
all	305	370	886578	0.0004173
all	306	353	886578	0.0003982
all	307	360	886578	0.0004061
all	308	320	886578	0.0003609
all	309	334	886578	0.0003767
all	310	314	886578	0.0003542
all	311	356	886578	0.0004015
all	312	259	886578	0.0002921
all	313	312	886578	0.0003519
all	314	285	886578	0.0003215
all	315	339	886578	0.0003824
all	316	326	886578	0.0003677
all	317	296	886578	0.0003339
all	318	332	886578	0.0003745
all	319	274	886578	0.0003091
all	320	289	886578	0.0003260
all	321	279	886578	0.0003147
all	322	271	886578	0.0003057
all	323	318	886578	0.0003587
all	324	288	886578	0.0003248
all	325	312	886578	0.0003519
all	326	259	886578	0.0002921
all	327	263	886578	0.0002966
all	328	295	886578	0.0003327
all	329	290	886578	0.0003271
all	330	271	886578	0.0003057
all	331	259	886578	0.0002921
all	332	265	886578	0.0002989
all	333	282	886578	0.0003181
all	334	246	886578	0.0002775
all	335	252	886578	0.0002842
all	336	232	886578	0.0002617
all	337	217	886578	0.0002448
all	338	214	886578	0.0002414
all	339	244	886578	0.0002752
all	340	226	886578	0.0002549
all	341	254	886578	0.0002865
all	342	234	886578	0.0002639
all	343	225	886578	0.0002538
all	344	193	886578	0.0002177
all	345	243	886578	0.0002741
all	346	226	886578	0.0002549
all	347	237	886578	0.0002673
all	348	205	886578	0.0002312
all	349	186	886578	0.0002098
all	350	221	886578	0.0002493
all	351	194	886578	0.0002188
all	352	213	886578	0.0002402
all	353	183	886578	0.0002064
all	354	193	886578	0.0002177
all	355	179	886578	0.0002019
all	356	195	886578	0.0002199
all	357	159	886578	0.0001793
all	358	177	886578	0.0001996
all	359	209	886578	0.0002357
all	360	187	886578	0.0002109
all	361	193	886578	0.0002177
all	362	179	886578	0.0002019
all	363	203	886578	0.0002290
all	364	180	886578	0.0002030
all	365	191	886578	0.0002154
all	366	194	886578	0.0002188
all	367	217	886578	0.0002448
all	368	238	886578	0.0002684
all	369	274	886578	0.0003091
all	370	221	886578	0.0002493
all	371	240	886578	0.0002707
all	372	187	886578	0.0002109
all	373	220	886578	0.0002481
all	374	208	886578	0.0002346
all	375	174	886578	0.0001963
all	376	212	886578	0.0002391
all	377	183	886578	0.0002064
all	378	204	886578	0.0002301
all	379	149	886578	0.0001681
all	380	171	886578	0.0001929
all	381	213	886578	0.0002402
all	382	184	886578	0.0002075
all	383	171	886578	0.0001929
all	384	132	886578	0.0001489
all	385	157	886578	0.0001771
all	386	181	886578	0.0002042
all	387	180	886578	0.0002030
all	388	179	886578	0.0002019
all	389	149	886578	0.0001681
all	390	173	886578	0.0001951
all	391	173	886578	0.0001951
all	392	168	886578	0.0001895
all	393	130	886578	0.0001466
all	394	176	886578	0.0001985
all	395	164	886578	0.0001850
all	396	176	886578	0.0001985
all	397	129	886578	0.0001455
all	398	186	886578	0.0002098
all	399	156	886578	0.0001760
all	400	170	886578	0.0001917
all	401	143	886578	0.0001613
all	402	155	886578	0.0001748
all	403	168	886578	0.0001895
all	404	146	886578	0.0001647
all	405	142	886578	0.0001602
all	406	168	886578	0.0001895
all	407	155	886578	0.0001748
all	408	162	886578	0.0001827
all	409	113	886578	0.0001275
all	410	112	886578	0.0001263
all	411	115	886578	0.0001297
all	412	133	886578	0.0001500
all	413	132	886578	0.0001489
all	414	128	886578	0.0001444
all	415	161	886578	0.0001816
all	416	132	886578	0.0001489
all	417	139	886578	0.0001568
all	418	135	886578	0.0001523
all	419	115	886578	0.0001297
all	420	125	886578	0.0001410
all	421	143	886578	0.0001613
all	422	152	886578	0.0001714
all	423	116	886578	0.0001308
all	424	107	886578	0.0001207
all	425	101	886578	0.0001139
all	426	119	886578	0.0001342
all	427	131	886578	0.0001478
all	428	123	886578	0.0001387
all	429	110	886578	0.0001241
all	430	94	886578	0.0001060
all	431	104	886578	0.0001173
all	432	107	886578	0.0001207
all	433	127	886578	0.0001432
all	434	97	886578	0.0001094
all	435	112	886578	0.0001263
all	436	138	886578	0.0001557
all	437	119	886578	0.0001342
all	438	108	886578	0.0001218
all	439	118	886578	0.0001331
all	440	91	886578	0.0001026
all	441	91	886578	0.0001026
all	442	103	886578	0.0001162
all	443	81	886578	0.0000914
all	444	97	886578	0.0001094
all	445	108	886578	0.0001218
all	446	86	886578	0.0000970
all	447	117	886578	0.0001320
all	448	117	886578	0.0001320
all	449	112	886578	0.0001263
all	450	100	886578	0.0001128
all	451	103	886578	0.0001162
all	452	90	886578	0.0001015
all	453	82	886578	0.0000925
all	454	90	886578	0.0001015
all	455	86	886578	0.0000970
all	456	83	886578	0.0000936
all	457	94	886578	0.0001060
all	458	105	886578	0.0001184
all	459	75	886578	0.0000846
all	460	85	886578	0.0000959
all	461	67	886578	0.0000756
all	462	92	886578	0.0001038
all	463	86	886578	0.0000970
all	464	94	886578	0.0001060
all	465	85	886578	0.0000959
all	466	75	886578	0.0000846
all	467	73	886578	0.0000823
all	468	85	886578	0.0000959
all	469	106	886578	0.0001196
all	470	71	886578	0.0000801
all	471	77	886578	0.0000869
all	472	105	886578	0.0001184
all	473	86	886578	0.0000970
all	474	83	886578	0.0000936
all	475	79	886578	0.0000891
all	476	81	886578	0.0000914
all	477	66	886578	0.0000744
all	478	94	886578	0.0001060
all	479	90	886578	0.0001015
all	480	96	886578	0.0001083
all	481	85	886578	0.0000959
all	482	72	886578	0.0000812
all	483	84	886578	0.0000947
all	484	81	886578	0.0000914
all	485	80	886578	0.0000902
all	486	80	886578	0.0000902
all	487	87	886578	0.0000981
all	488	63	886578	0.0000711
all	489	62	886578	0.0000699
all	490	65	886578	0.0000733
all	491	57	886578	0.0000643
all	492	63	886578	0.0000711
all	493	53	886578	0.0000598
all	494	51	886578	0.0000575
all	495	83	886578	0.0000936
all	496	69	886578	0.0000778
all	497	68	886578	0.0000767
all	498	50	886578	0.0000564
all	499	60	886578	0.0000677
all	500	56	886578	0.0000632
all	501	81	886578	0.0000914
all	502	59	886578	0.0000665
all	503	60	886578	0.0000677
all	504	48	886578	0.0000541
all	505	60	886578	0.0000677
all	506	61	886578	0.0000688
all	507	47	886578	0.0000530
all	508	51	886578	0.0000575
all	509	48	886578	0.0000541
all	510	50	886578	0.0000564
all	511	41	886578	0.0000462
all	512	61	886578	0.0000688
all	513	54	886578	0.0000609
all	514	60	886578	0.0000677
all	515	48	886578	0.0000541
all	516	57	886578	0.0000643
all	517	36	886578	0.0000406
all	518	42	886578	0.0000474
all	519	47	886578	0.0000530
all	520	39	886578	0.0000440
all	521	57	886578	0.0000643
all	522	48	886578	0.0000541
all	523	43	886578	0.0000485
all	524	44	886578	0.0000496
all	525	57	886578	0.0000643
all	526	47	886578	0.0000530
all	527	52	886578	0.0000587
all	528	51	886578	0.0000575
all	529	53	886578	0.0000598
all	530	32	886578	0.0000361
all	531	44	886578	0.0000496
all	532	45	886578	0.0000508
all	533	37	886578	0.0000417
all	534	37	886578	0.0000417
all	535	44	886578	0.0000496
all	536	67	886578	0.0000756
all	537	45	886578	0.0000508
all	538	53	886578	0.0000598
all	539	60	886578	0.0000677
all	540	46	886578	0.0000519
all	541	46	886578	0.0000519
all	542	50	886578	0.0000564
all	543	50	886578	0.0000564
all	544	55	886578	0.0000620
all	545	63	886578	0.0000711
all	546	45	886578	0.0000508
all	547	59	886578	0.0000665
all	548	53	886578	0.0000598
all	549	44	886578	0.0000496
all	550	44	886578	0.0000496
all	551	49	886578	0.0000553
all	552	45	886578	0.0000508
all	553	45	886578	0.0000508
all	554	41	886578	0.0000462
all	555	44	886578	0.0000496
all	556	36	886578	0.0000406
all	557	48	886578	0.0000541
all	558	46	886578	0.0000519
all	559	37	886578	0.0000417
all	560	41	886578	0.0000462
all	561	40	886578	0.0000451
all	562	49	886578	0.0000553
all	563	42	886578	0.0000474
all	564	33	886578	0.0000372
all	565	50	886578	0.0000564
all	566	42	886578	0.0000474
all	567	42	886578	0.0000474
all	568	41	886578	0.0000462
all	569	35	886578	0.0000395
all	570	33	886578	0.0000372
all	571	39	886578	0.0000440
all	572	39	886578	0.0000440
all	573	38	886578	0.0000429
all	574	43	886578	0.0000485
all	575	44	886578	0.0000496
all	576	31	886578	0.0000350
all	577	31	886578	0.0000350
all	578	34	886578	0.0000383
all	579	30	886578	0.0000338
all	580	36	886578	0.0000406
all	581	44	886578	0.0000496
all	582	33	886578	0.0000372
all	583	28	886578	0.0000316
all	584	30	886578	0.0000338
all	585	30	886578	0.0000338
all	586	25	886578	0.0000282
all	587	41	886578	0.0000462
all	588	29	886578	0.0000327
all	589	37	886578	0.0000417
all	590	38	886578	0.0000429
all	591	29	886578	0.0000327
all	592	38	886578	0.0000429
all	593	33	886578	0.0000372
all	594	34	886578	0.0000383
all	595	30	886578	0.0000338
all	596	52	886578	0.0000587
all	597	37	886578	0.0000417
all	598	25	886578	0.0000282
all	599	29	886578	0.0000327
all	600	40	886578	0.0000451
all	601	33	886578	0.0000372
all	602	44	886578	0.0000496
all	603	33	886578	0.0000372
all	604	31	886578	0.0000350
all	605	47	886578	0.0000530
all	606	34	886578	0.0000383
all	607	36	886578	0.0000406
all	608	37	886578	0.0000417
all	609	41	886578	0.0000462
all	610	32	886578	0.0000361
all	611	41	886578	0.0000462
all	612	51	886578	0.0000575
all	613	41	886578	0.0000462
all	614	39	886578	0.0000440
all	615	28	886578	0.0000316
all	616	48	886578	0.0000541
all	617	23	886578	0.0000259
all	618	32	886578	0.0000361
all	619	33	886578	0.0000372
all	620	42	886578	0.0000474
all	621	27	886578	0.0000305
all	622	31	886578	0.0000350
all	623	31	886578	0.0000350
all	624	35	886578	0.0000395
all	625	28	886578	0.0000316
all	626	30	886578	0.0000338
all	627	35	886578	0.0000395
all	628	24	886578	0.0000271
all	629	36	886578	0.0000406
all	630	28	886578	0.0000316
all	631	48	886578	0.0000541
all	632	32	886578	0.0000361
all	633	37	886578	0.0000417
all	634	31	886578	0.0000350
all	635	37	886578	0.0000417
all	636	39	886578	0.0000440
all	637	32	886578	0.0000361
all	638	21	886578	0.0000237
all	639	34	886578	0.0000383
all	640	39	886578	0.0000440
all	641	35	886578	0.0000395
all	642	44	886578	0.0000496
all	643	33	886578	0.0000372
all	644	39	886578	0.0000440
all	645	30	886578	0.0000338
all	646	37	886578	0.0000417
all	647	28	886578	0.0000316
all	648	33	886578	0.0000372
all	649	28	886578	0.0000316
all	650	30	886578	0.0000338
all	651	28	886578	0.0000316
all	652	21	886578	0.0000237
all	653	46	886578	0.0000519
all	654	32	886578	0.0000361
all	655	33	886578	0.0000372
all	656	25	886578	0.0000282
all	657	41	886578	0.0000462
all	658	24	886578	0.0000271
all	659	26	886578	0.0000293
all	660	30	886578	0.0000338
all	661	29	886578	0.0000327
all	662	28	886578	0.0000316
all	663	35	886578	0.0000395
all	664	40	886578	0.0000451
all	665	22	886578	0.0000248
all	666	23	886578	0.0000259
all	667	19	886578	0.0000214
all	668	25	886578	0.0000282
all	669	36	886578	0.0000406
all	670	24	886578	0.0000271
all	671	31	886578	0.0000350
all	672	33	886578	0.0000372
all	673	35	886578	0.0000395
all	674	21	886578	0.0000237
all	675	20	886578	0.0000226
all	676	21	886578	0.0000237
all	677	15	886578	0.0000169
all	678	32	886578	0.0000361
all	679	22	886578	0.0000248
all	680	20	886578	0.0000226
all	681	28	886578	0.0000316
all	682	21	886578	0.0000237
all	683	16	886578	0.0000180
all	684	28	886578	0.0000316
all	685	22	886578	0.0000248
all	686	18	886578	0.0000203
all	687	24	886578	0.0000271
all	688	16	886578	0.0000180
all	689	31	886578	0.0000350
all	690	20	886578	0.0000226
all	691	20	886578	0.0000226
all	692	23	886578	0.0000259
all	693	20	886578	0.0000226
all	694	26	886578	0.0000293
all	695	26	886578	0.0000293
all	696	24	886578	0.0000271
all	697	22	886578	0.0000248
all	698	20	886578	0.0000226
all	699	16	886578	0.0000180
all	700	23	886578	0.0000259
all	701	15	886578	0.0000169
all	702	20	886578	0.0000226
all	703	21	886578	0.0000237
all	704	14	886578	0.0000158
all	705	20	886578	0.0000226
all	706	21	886578	0.0000237
all	707	22	886578	0.0000248
all	708	28	886578	0.0000316
all	709	20	886578	0.0000226
all	710	20	886578	0.0000226
all	711	19	886578	0.0000214
all	712	20	886578	0.0000226
all	713	14	886578	0.0000158
all	714	18	886578	0.0000203
all	715	19	886578	0.0000214
all	716	28	886578	0.0000316
all	717	23	886578	0.0000259
all	718	20	886578	0.0000226
all	719	27	886578	0.0000305
all	720	20	886578	0.0000226
all	721	28	886578	0.0000316
all	722	21	886578	0.0000237
all	723	23	886578	0.0000259
all	724	27	886578	0.0000305
all	725	15	886578	0.0000169
all	726	20	886578	0.0000226
all	727	18	886578	0.0000203
all	728	19	886578	0.0000214
all	729	25	886578	0.0000282
all	730	23	886578	0.0000259
all	731	20	886578	0.0000226
all	732	17	886578	0.0000192
all	733	16	886578	0.0000180
all	734	18	886578	0.0000203
all	735	12	886578	0.0000135
all	736	16	886578	0.0000180
all	737	15	886578	0.0000169
all	738	12	886578	0.0000135
all	739	15	886578	0.0000169
all	740	12	886578	0.0000135
all	741	14	886578	0.0000158
all	742	13	886578	0.0000147
all	743	17	886578	0.0000192
all	744	13	886578	0.0000147
all	745	18	886578	0.0000203
all	746	23	886578	0.0000259
all	747	18	886578	0.0000203
all	748	22	886578	0.0000248
all	749	20	886578	0.0000226
all	750	24	886578	0.0000271
all	751	13	886578	0.0000147
all	752	15	886578	0.0000169
all	753	13	886578	0.0000147
all	754	13	886578	0.0000147
all	755	11	886578	0.0000124
all	756	11	886578	0.0000124
all	757	20	886578	0.0000226
all	758	16	886578	0.0000180
all	759	11	886578	0.0000124
all	760	28	886578	0.0000316
all	761	16	886578	0.0000180
all	762	23	886578	0.0000259
all	763	14	886578	0.0000158
all	764	14	886578	0.0000158
all	765	18	886578	0.0000203
all	766	23	886578	0.0000259
all	767	15	886578	0.0000169
all	768	18	886578	0.0000203
all	769	19	886578	0.0000214
all	770	17	886578	0.0000192
all	771	16	886578	0.0000180
all	772	17	886578	0.0000192
all	773	8	886578	0.0000090
all	774	13	886578	0.0000147
all	775	12	886578	0.0000135
all	776	11	886578	0.0000124
all	777	13	886578	0.0000147
all	778	16	886578	0.0000180
all	779	15	886578	0.0000169
all	780	12	886578	0.0000135
all	781	17	886578	0.0000192
all	782	12	886578	0.0000135
all	783	28	886578	0.0000316
all	784	22	886578	0.0000248
all	785	9	886578	0.0000102
all	786	17	886578	0.0000192
all	787	22	886578	0.0000248
all	788	18	886578	0.0000203
all	789	11	886578	0.0000124
all	790	20	886578	0.0000226
all	791	18	886578	0.0000203
all	792	13	886578	0.0000147
all	793	24	886578	0.0000271
all	794	23	886578	0.0000259
all	795	15	886578	0.0000169
all	796	19	886578	0.0000214
all	797	12	886578	0.0000135
all	798	19	886578	0.0000214
all	799	21	886578	0.0000237
all	800	10	886578	0.0000113
all	801	12	886578	0.0000135
all	802	15	886578	0.0000169
all	803	20	886578	0.0000226
all	804	18	886578	0.0000203
all	805	9	886578	0.0000102
all	806	17	886578	0.0000192
all	807	16	886578	0.0000180
all	808	21	886578	0.0000237
all	809	20	886578	0.0000226
all	810	17	886578	0.0000192
all	811	18	886578	0.0000203
all	812	29	886578	0.0000327
all	813	24	886578	0.0000271
all	814	16	886578	0.0000180
all	815	18	886578	0.0000203
all	816	27	886578	0.0000305
all	817	17	886578	0.0000192
all	818	17	886578	0.0000192
all	819	22	886578	0.0000248
all	820	20	886578	0.0000226
all	821	27	886578	0.0000305
all	822	30	886578	0.0000338
all	823	24	886578	0.0000271
all	824	16	886578	0.0000180
all	825	32	886578	0.0000361
all	826	28	886578	0.0000316
all	827	23	886578	0.0000259
all	828	17	886578	0.0000192
all	829	21	886578	0.0000237
all	830	11	886578	0.0000124
all	831	30	886578	0.0000338
all	832	15	886578	0.0000169
all	833	16	886578	0.0000180
all	834	24	886578	0.0000271
all	835	18	886578	0.0000203
all	836	21	886578	0.0000237
all	837	19	886578	0.0000214
all	838	20	886578	0.0000226
all	839	19	886578	0.0000214
all	840	19	886578	0.0000214
all	841	20	886578	0.0000226
all	842	16	886578	0.0000180
all	843	20	886578	0.0000226
all	844	13	886578	0.0000147
all	845	16	886578	0.0000180
all	846	13	886578	0.0000147
all	847	12	886578	0.0000135
all	848	17	886578	0.0000192
all	849	10	886578	0.0000113
all	850	24	886578	0.0000271
all	851	15	886578	0.0000169
all	852	25	886578	0.0000282
all	853	21	886578	0.0000237
all	854	11	886578	0.0000124
all	855	9	886578	0.0000102
all	856	8	886578	0.0000090
all	857	15	886578	0.0000169
all	858	19	886578	0.0000214
all	859	18	886578	0.0000203
all	860	21	886578	0.0000237
all	861	21	886578	0.0000237
all	862	19	886578	0.0000214
all	863	14	886578	0.0000158
all	864	19	886578	0.0000214
all	865	9	886578	0.0000102
all	866	9	886578	0.0000102
all	867	10	886578	0.0000113
all	868	16	886578	0.0000180
all	869	23	886578	0.0000259
all	870	19	886578	0.0000214
all	871	15	886578	0.0000169
all	872	14	886578	0.0000158
all	873	22	886578	0.0000248
all	874	9	886578	0.0000102
all	875	9	886578	0.0000102
all	876	21	886578	0.0000237
all	877	13	886578	0.0000147
all	878	18	886578	0.0000203
all	879	11	886578	0.0000124
all	880	15	886578	0.0000169
all	881	17	886578	0.0000192
all	882	21	886578	0.0000237
all	883	12	886578	0.0000135
all	884	11	886578	0.0000124
all	885	12	886578	0.0000135
all	886	8	886578	0.0000090
all	887	7	886578	0.0000079
all	888	13	886578	0.0000147
all	889	18	886578	0.0000203
all	890	5	886578	0.0000056
all	891	16	886578	0.0000180
all	892	25	886578	0.0000282
all	893	10	886578	0.0000113
all	894	14	886578	0.0000158
all	895	9	886578	0.0000102
all	896	13	886578	0.0000147
all	897	10	886578	0.0000113
all	898	10	886578	0.0000113
all	899	14	886578	0.0000158
all	900	19	886578	0.0000214
all	901	13	886578	0.0000147
all	902	13	886578	0.0000147
all	903	11	886578	0.0000124
all	904	6	886578	0.0000068
all	905	12	886578	0.0000135
all	906	8	886578	0.0000090
all	907	6	886578	0.0000068
all	908	6	886578	0.0000068
all	909	15	886578	0.0000169
all	910	7	886578	0.0000079
all	911	17	886578	0.0000192
all	912	12	886578	0.0000135
all	913	11	886578	0.0000124
all	914	9	886578	0.0000102
all	915	13	886578	0.0000147
all	916	11	886578	0.0000124
all	917	12	886578	0.0000135
all	918	10	886578	0.0000113
all	919	17	886578	0.0000192
all	920	14	886578	0.0000158
all	921	12	886578	0.0000135
all	922	13	886578	0.0000147
all	923	10	886578	0.0000113
all	924	11	886578	0.0000124
all	925	10	886578	0.0000113
all	926	7	886578	0.0000079
all	927	15	886578	0.0000169
all	928	11	886578	0.0000124
all	929	10	886578	0.0000113
all	930	8	886578	0.0000090
all	931	13	886578	0.0000147
all	932	14	886578	0.0000158
all	933	11	886578	0.0000124
all	934	11	886578	0.0000124
all	935	11	886578	0.0000124
all	936	13	886578	0.0000147
all	937	12	886578	0.0000135
all	938	8	886578	0.0000090
all	939	17	886578	0.0000192
all	940	4	886578	0.0000045
all	941	7	886578	0.0000079
all	942	3	886578	0.0000034
all	943	8	886578	0.0000090
all	944	10	886578	0.0000113
all	945	11	886578	0.0000124
all	946	10	886578	0.0000113
all	947	15	886578	0.0000169
all	948	12	886578	0.0000135
all	949	6	886578	0.0000068
all	950	11	886578	0.0000124
all	951	13	886578	0.0000147
all	952	10	886578	0.0000113
all	953	10	886578	0.0000113
all	954	6	886578	0.0000068
all	955	9	886578	0.0000102
all	956	6	886578	0.0000068
all	957	10	886578	0.0000113
all	958	7	886578	0.0000079
all	959	11	886578	0.0000124
all	960	10	886578	0.0000113
all	961	12	886578	0.0000135
all	962	15	886578	0.0000169
all	963	12	886578	0.0000135
all	964	14	886578	0.0000158
all	965	10	886578	0.0000113
all	966	14	886578	0.0000158
all	967	12	886578	0.0000135
all	968	12	886578	0.0000135
all	969	10	886578	0.0000113
all	970	10	886578	0.0000113
all	971	8	886578	0.0000090
all	972	9	886578	0.0000102
all	973	11	886578	0.0000124
all	974	13	886578	0.0000147
all	975	13	886578	0.0000147
all	976	8	886578	0.0000090
all	977	15	886578	0.0000169
all	978	12	886578	0.0000135
all	979	11	886578	0.0000124
all	980	14	886578	0.0000158
all	981	14	886578	0.0000158
all	982	11	886578	0.0000124
all	983	14	886578	0.0000158
all	984	12	886578	0.0000135
all	985	13	886578	0.0000147
all	986	15	886578	0.0000169
all	987	15	886578	0.0000169
all	988	13	886578	0.0000147
all	989	8	886578	0.0000090
all	990	8	886578	0.0000090
all	991	12	886578	0.0000135
all	992	8	886578	0.0000090
all	993	4	886578	0.0000045
all	994	10	886578	0.0000113
all	995	11	886578	0.0000124
all	996	16	886578	0.0000180
all	997	10	886578	0.0000113
all	998	16	886578	0.0000180
all	999	10	886578	0.0000113
all	1000	9	886578	0.0000102
all	1001	14	886578	0.0000158
all	1002	12	886578	0.0000135
all	1003	18	886578	0.0000203
all	1004	12	886578	0.0000135
all	1005	7	886578	0.0000079
all	1006	15	886578	0.0000169
all	1007	20	886578	0.0000226
all	1008	9	886578	0.0000102
all	1009	17	886578	0.0000192
all	1010	7	886578	0.0000079
all	1011	15	886578	0.0000169
all	1012	12	886578	0.0000135
all	1013	3	886578	0.0000034
all	1014	11	886578	0.0000124
all	1015	16	886578	0.0000180
all	1016	14	886578	0.0000158
all	1017	15	886578	0.0000169
all	1018	6	886578	0.0000068
all	1019	16	886578	0.0000180
all	1020	12	886578	0.0000135
all	1021	13	886578	0.0000147
all	1022	12	886578	0.0000135
all	1023	10	886578	0.0000113
all	1024	6	886578	0.0000068
all	1025	9	886578	0.0000102
all	1026	18	886578	0.0000203
all	1027	11	886578	0.0000124
all	1028	7	886578	0.0000079
all	1029	11	886578	0.0000124
all	1030	11	886578	0.0000124
all	1031	12	886578	0.0000135
all	1032	18	886578	0.0000203
all	1033	16	886578	0.0000180
all	1034	19	886578	0.0000214
all	1035	11	886578	0.0000124
all	1036	18	886578	0.0000203
all	1037	11	886578	0.0000124
all	1038	13	886578	0.0000147
all	1039	14	886578	0.0000158
all	1040	13	886578	0.0000147
all	1041	20	886578	0.0000226
all	1042	9	886578	0.0000102
all	1043	12	886578	0.0000135
all	1044	10	886578	0.0000113
all	1045	11	886578	0.0000124
all	1046	15	886578	0.0000169
all	1047	18	886578	0.0000203
all	1048	16	886578	0.0000180
all	1049	8	886578	0.0000090
all	1050	15	886578	0.0000169
all	1051	12	886578	0.0000135
all	1052	11	886578	0.0000124
all	1053	18	886578	0.0000203
all	1054	12	886578	0.0000135
all	1055	12	886578	0.0000135
all	1056	10	886578	0.0000113
all	1057	13	886578	0.0000147
all	1058	14	886578	0.0000158
all	1059	9	886578	0.0000102
all	1060	8	886578	0.0000090
all	1061	8	886578	0.0000090
all	1062	9	886578	0.0000102
all	1063	8	886578	0.0000090
all	1064	6	886578	0.0000068
all	1065	7	886578	0.0000079
all	1066	2	886578	0.0000023
all	1067	10	886578	0.0000113
all	1068	12	886578	0.0000135
all	1069	14	886578	0.0000158
all	1070	9	886578	0.0000102
all	1071	6	886578	0.0000068
all	1072	14	886578	0.0000158
all	1073	11	886578	0.0000124
all	1074	9	886578	0.0000102
all	1075	7	886578	0.0000079
all	1076	10	886578	0.0000113
all	1077	4	886578	0.0000045
all	1078	13	886578	0.0000147
all	1079	9	886578	0.0000102
all	1080	14	886578	0.0000158
all	1081	8	886578	0.0000090
all	1082	13	886578	0.0000147
all	1083	16	886578	0.0000180
all	1084	11	886578	0.0000124
all	1085	10	886578	0.0000113
all	1086	14	886578	0.0000158
all	1087	14	886578	0.0000158
all	1088	17	886578	0.0000192
all	1089	9	886578	0.0000102
all	1090	11	886578	0.0000124
all	1091	10	886578	0.0000113
all	1092	16	886578	0.0000180
all	1093	13	886578	0.0000147
all	1094	17	886578	0.0000192
all	1095	20	886578	0.0000226
all	1096	18	886578	0.0000203
all	1097	10	886578	0.0000113
all	1098	22	886578	0.0000248
all	1099	9	886578	0.0000102
all	1100	13	886578	0.0000147
all	1101	18	886578	0.0000203
all	1102	10	886578	0.0000113
all	1103	21	886578	0.0000237
all	1104	19	886578	0.0000214
all	1105	16	886578	0.0000180
all	1106	19	886578	0.0000214
all	1107	17	886578	0.0000192
all	1108	12	886578	0.0000135
all	1109	12	886578	0.0000135
all	1110	10	886578	0.0000113
all	1111	12	886578	0.0000135
all	1112	15	886578	0.0000169
all	1113	18	886578	0.0000203
all	1114	19	886578	0.0000214
all	1115	13	886578	0.0000147
all	1116	9	886578	0.0000102
all	1117	16	886578	0.0000180
all	1118	11	886578	0.0000124
all	1119	17	886578	0.0000192
all	1120	12	886578	0.0000135
all	1121	17	886578	0.0000192
all	1122	12	886578	0.0000135
all	1123	17	886578	0.0000192
all	1124	11	886578	0.0000124
all	1125	12	886578	0.0000135
all	1126	8	886578	0.0000090
all	1127	10	886578	0.0000113
all	1128	7	886578	0.0000079
all	1129	10	886578	0.0000113
all	1130	4	886578	0.0000045
all	1131	10	886578	0.0000113
all	1132	13	886578	0.0000147
all	1133	11	886578	0.0000124
all	1134	13	886578	0.0000147
all	1135	13	886578	0.0000147
all	1136	11	886578	0.0000124
all	1137	4	886578	0.0000045
all	1138	15	886578	0.0000169
all	1139	19	886578	0.0000214
all	1140	7	886578	0.0000079
all	1141	14	886578	0.0000158
all	1142	10	886578	0.0000113
all	1143	13	886578	0.0000147
all	1144	11	886578	0.0000124
all	1145	12	886578	0.0000135
all	1146	7	886578	0.0000079
all	1147	11	886578	0.0000124
all	1148	11	886578	0.0000124
all	1149	8	886578	0.0000090
all	1150	13	886578	0.0000147
all	1151	29	886578	0.0000327
all	1152	9	886578	0.0000102
all	1153	21	886578	0.0000237
all	1154	16	886578	0.0000180
all	1155	12	886578	0.0000135
all	1156	14	886578	0.0000158
all	1157	11	886578	0.0000124
all	1158	15	886578	0.0000169
all	1159	16	886578	0.0000180
all	1160	6	886578	0.0000068
all	1161	5	886578	0.0000056
all	1162	7	886578	0.0000079
all	1163	10	886578	0.0000113
all	1164	8	886578	0.0000090
all	1165	4	886578	0.0000045
all	1166	11	886578	0.0000124
all	1167	10	886578	0.0000113
all	1168	11	886578	0.0000124
all	1169	7	886578	0.0000079
all	1170	14	886578	0.0000158
all	1171	10	886578	0.0000113
all	1172	9	886578	0.0000102
all	1173	16	886578	0.0000180
all	1174	10	886578	0.0000113
all	1175	7	886578	0.0000079
all	1176	6	886578	0.0000068
all	1177	11	886578	0.0000124
all	1178	11	886578	0.0000124
all	1179	8	886578	0.0000090
all	1180	7	886578	0.0000079
all	1181	15	886578	0.0000169
all	1182	13	886578	0.0000147
all	1183	12	886578	0.0000135
all	1184	8	886578	0.0000090
all	1185	9	886578	0.0000102
all	1186	10	886578	0.0000113
all	1187	15	886578	0.0000169
all	1188	7	886578	0.0000079
all	1189	9	886578	0.0000102
all	1190	13	886578	0.0000147
all	1191	9	886578	0.0000102
all	1192	7	886578	0.0000079
all	1193	8	886578	0.0000090
all	1194	7	886578	0.0000079
all	1195	8	886578	0.0000090
all	1196	7	886578	0.0000079
all	1197	7	886578	0.0000079
all	1198	9	886578	0.0000102
all	1199	8	886578	0.0000090
all	1200	10	886578	0.0000113
all	1201	6	886578	0.0000068
all	1202	4	886578	0.0000045
all	1203	3	886578	0.0000034
all	1204	11	886578	0.0000124
all	1205	6	886578	0.0000068
all	1206	10	886578	0.0000113
all	1207	10	886578	0.0000113
all	1208	9	886578	0.0000102
all	1209	11	886578	0.0000124
all	1210	5	886578	0.0000056
all	1211	4	886578	0.0000045
all	1212	8	886578	0.0000090
all	1213	7	886578	0.0000079
all	1214	5	886578	0.0000056
all	1215	8	886578	0.0000090
all	1216	12	886578	0.0000135
all	1217	4	886578	0.0000045
all	1218	11	886578	0.0000124
all	1219	13	886578	0.0000147
all	1220	17	886578	0.0000192
all	1221	8	886578	0.0000090
all	1222	16	886578	0.0000180
all	1223	8	886578	0.0000090
all	1224	14	886578	0.0000158
all	1225	10	886578	0.0000113
all	1226	19	886578	0.0000214
all	1227	14	886578	0.0000158
all	1228	13	886578	0.0000147
all	1229	9	886578	0.0000102
all	1230	22	886578	0.0000248
all	1231	12	886578	0.0000135
all	1232	6	886578	0.0000068
all	1233	8	886578	0.0000090
all	1234	10	886578	0.0000113
all	1235	6	886578	0.0000068
all	1236	17	886578	0.0000192
all	1237	12	886578	0.0000135
all	1238	12	886578	0.0000135
all	1239	8	886578	0.0000090
all	1240	12	886578	0.0000135
all	1241	7	886578	0.0000079
all	1242	11	886578	0.0000124
all	1243	7	886578	0.0000079
all	1244	4	886578	0.0000045
all	1245	6	886578	0.0000068
all	1246	14	886578	0.0000158
all	1247	8	886578	0.0000090
all	1248	8	886578	0.0000090
all	1249	9	886578	0.0000102
all	1250	13	886578	0.0000147
all	1251	5	886578	0.0000056
all	1252	4	886578	0.0000045
all	1253	7	886578	0.0000079
all	1254	2	886578	0.0000023
all	1255	8	886578	0.0000090
all	1256	11	886578	0.0000124
all	1257	6	886578	0.0000068
all	1258	8	886578	0.0000090
all	1259	14	886578	0.0000158
all	1260	10	886578	0.0000113
all	1261	11	886578	0.0000124
all	1262	3	886578	0.0000034
all	1263	5	886578	0.0000056
all	1264	4	886578	0.0000045
all	1265	3	886578	0.0000034
all	1266	7	886578	0.0000079
all	1267	7	886578	0.0000079
all	1268	9	886578	0.0000102
all	1269	9	886578	0.0000102
all	1270	6	886578	0.0000068
all	1271	14	886578	0.0000158
all	1272	12	886578	0.0000135
all	1273	5	886578	0.0000056
all	1274	15	886578	0.0000169
all	1275	6	886578	0.0000068
all	1276	7	886578	0.0000079
all	1277	5	886578	0.0000056
all	1278	8	886578	0.0000090
all	1279	8	886578	0.0000090
all	1280	6	886578	0.0000068
all	1281	3	886578	0.0000034
all	1282	5	886578	0.0000056
all	1283	5	886578	0.0000056
all	1284	7	886578	0.0000079
all	1285	12	886578	0.0000135
all	1286	8	886578	0.0000090
all	1287	7	886578	0.0000079
all	1288	14	886578	0.0000158
all	1289	6	886578	0.0000068
all	1290	9	886578	0.0000102
all	1291	5	886578	0.0000056
all	1292	8	886578	0.0000090
all	1293	13	886578	0.0000147
all	1294	12	886578	0.0000135
all	1295	15	886578	0.0000169
all	1296	7	886578	0.0000079
all	1297	6	886578	0.0000068
all	1298	12	886578	0.0000135
all	1299	9	886578	0.0000102
all	1300	9	886578	0.0000102
all	1301	10	886578	0.0000113
all	1302	14	886578	0.0000158
all	1303	11	886578	0.0000124
all	1304	9	886578	0.0000102
all	1305	8	886578	0.0000090
all	1306	9	886578	0.0000102
all	1307	12	886578	0.0000135
all	1308	12	886578	0.0000135
all	1309	14	886578	0.0000158
all	1310	18	886578	0.0000203
all	1311	7	886578	0.0000079
all	1312	13	886578	0.0000147
all	1313	10	886578	0.0000113
all	1314	10	886578	0.0000113
all	1315	6	886578	0.0000068
all	1316	7	886578	0.0000079
all	1317	6	886578	0.0000068
all	1318	13	886578	0.0000147
all	1319	5	886578	0.0000056
all	1320	14	886578	0.0000158
all	1321	12	886578	0.0000135
all	1322	11	886578	0.0000124
all	1323	7	886578	0.0000079
all	1324	17	886578	0.0000192
all	1325	13	886578	0.0000147
all	1326	14	886578	0.0000158
all	1327	11	886578	0.0000124
all	1328	9	886578	0.0000102
all	1329	5	886578	0.0000056
all	1330	8	886578	0.0000090
all	1331	15	886578	0.0000169
all	1332	14	886578	0.0000158
all	1333	10	886578	0.0000113
all	1334	11	886578	0.0000124
all	1335	7	886578	0.0000079
all	1336	18	886578	0.0000203
all	1337	8	886578	0.0000090
all	1338	16	886578	0.0000180
all	1339	7	886578	0.0000079
all	1340	5	886578	0.0000056
all	1341	5	886578	0.0000056
all	1342	4	886578	0.0000045
all	1343	8	886578	0.0000090
all	1344	7	886578	0.0000079
all	1345	6	886578	0.0000068
all	1346	9	886578	0.0000102
all	1347	6	886578	0.0000068
all	1348	4	886578	0.0000045
all	1349	12	886578	0.0000135
all	1350	6	886578	0.0000068
all	1351	12	886578	0.0000135
all	1352	4	886578	0.0000045
all	1353	2	886578	0.0000023
all	1354	13	886578	0.0000147
all	1355	8	886578	0.0000090
all	1356	3	886578	0.0000034
all	1357	9	886578	0.0000102
all	1358	11	886578	0.0000124
all	1359	4	886578	0.0000045
all	1360	4	886578	0.0000045
all	1361	5	886578	0.0000056
all	1362	9	886578	0.0000102
all	1363	6	886578	0.0000068
all	1364	13	886578	0.0000147
all	1365	3	886578	0.0000034
all	1366	3	886578	0.0000034
all	1367	7	886578	0.0000079
all	1368	6	886578	0.0000068
all	1369	6	886578	0.0000068
all	1370	4	886578	0.0000045
all	1371	8	886578	0.0000090
all	1372	2	886578	0.0000023
all	1373	7	886578	0.0000079
all	1374	6	886578	0.0000068
all	1375	3	886578	0.0000034
all	1376	5	886578	0.0000056
all	1377	6	886578	0.0000068
all	1378	4	886578	0.0000045
all	1379	6	886578	0.0000068
all	1380	6	886578	0.0000068
all	1381	5	886578	0.0000056
all	1382	10	886578	0.0000113
all	1383	1	886578	0.0000011
all	1384	9	886578	0.0000102
all	1385	7	886578	0.0000079
all	1386	5	886578	0.0000056
all	1387	7	886578	0.0000079
all	1388	6	886578	0.0000068
all	1389	7	886578	0.0000079
all	1390	5	886578	0.0000056
all	1391	2	886578	0.0000023
all	1392	8	886578	0.0000090
all	1393	7	886578	0.0000079
all	1394	6	886578	0.0000068
all	1395	8	886578	0.0000090
all	1396	4	886578	0.0000045
all	1397	7	886578	0.0000079
all	1398	6	886578	0.0000068
all	1399	7	886578	0.0000079
all	1400	7	886578	0.0000079
all	1401	7	886578	0.0000079
all	1402	7	886578	0.0000079
all	1403	10	886578	0.0000113
all	1404	5	886578	0.0000056
all	1405	10	886578	0.0000113
all	1406	8	886578	0.0000090
all	1407	6	886578	0.0000068
all	1408	7	886578	0.0000079
all	1409	5	886578	0.0000056
all	1410	7	886578	0.0000079
all	1411	7	886578	0.0000079
all	1412	5	886578	0.0000056
all	1413	3	886578	0.0000034
all	1414	8	886578	0.0000090
all	1415	3	886578	0.0000034
all	1416	6	886578	0.0000068
all	1417	7	886578	0.0000079
all	1418	4	886578	0.0000045
all	1419	3	886578	0.0000034
all	1420	9	886578	0.0000102
all	1421	5	886578	0.0000056
all	1422	8	886578	0.0000090
all	1423	6	886578	0.0000068
all	1424	4	886578	0.0000045
all	1425	6	886578	0.0000068
all	1426	5	886578	0.0000056
all	1427	4	886578	0.0000045
all	1428	6	886578	0.0000068
all	1429	6	886578	0.0000068
all	1430	4	886578	0.0000045
all	1431	4	886578	0.0000045
all	1432	8	886578	0.0000090
all	1433	6	886578	0.0000068
all	1434	8	886578	0.0000090
all	1435	9	886578	0.0000102
all	1436	5	886578	0.0000056
all	1437	6	886578	0.0000068
all	1438	6	886578	0.0000068
all	1439	9	886578	0.0000102
all	1440	6	886578	0.0000068
all	1441	3	886578	0.0000034
all	1442	5	886578	0.0000056
all	1443	2	886578	0.0000023
all	1444	5	886578	0.0000056
all	1445	5	886578	0.0000056
all	1446	6	886578	0.0000068
all	1447	3	886578	0.0000034
all	1448	7	886578	0.0000079
all	1449	4	886578	0.0000045
all	1450	3	886578	0.0000034
all	1451	4	886578	0.0000045
all	1452	6	886578	0.0000068
all	1453	9	886578	0.0000102
all	1454	6	886578	0.0000068
all	1455	6	886578	0.0000068
all	1456	6	886578	0.0000068
all	1457	9	886578	0.0000102
all	1458	7	886578	0.0000079
all	1459	9	886578	0.0000102
all	1460	7	886578	0.0000079
all	1461	7	886578	0.0000079
all	1462	4	886578	0.0000045
all	1463	14	886578	0.0000158
all	1464	7	886578	0.0000079
all	1465	3	886578	0.0000034
all	1466	8	886578	0.0000090
all	1467	11	886578	0.0000124
all	1468	6	886578	0.0000068
all	1469	6	886578	0.0000068
all	1470	7	886578	0.0000079
all	1471	7	886578	0.0000079
all	1472	8	886578	0.0000090
all	1473	5	886578	0.0000056
all	1474	3	886578	0.0000034
all	1475	1	886578	0.0000011
all	1476	4	886578	0.0000045
all	1477	5	886578	0.0000056
all	1478	6	886578	0.0000068
all	1479	8	886578	0.0000090
all	1480	10	886578	0.0000113
all	1481	7	886578	0.0000079
all	1482	7	886578	0.0000079
all	1483	5	886578	0.0000056
all	1484	5	886578	0.0000056
all	1485	2	886578	0.0000023
all	1486	5	886578	0.0000056
all	1487	6	886578	0.0000068
all	1488	3	886578	0.0000034
all	1489	6	886578	0.0000068
all	1490	5	886578	0.0000056
all	1491	1	886578	0.0000011
all	1492	3	886578	0.0000034
all	1493	6	886578	0.0000068
all	1494	5	886578	0.0000056
all	1495	2	886578	0.0000023
all	1496	3	886578	0.0000034
all	1497	2	886578	0.0000023
all	1498	3	886578	0.0000034
all	1499	10	886578	0.0000113
all	1500	6	886578	0.0000068
all	1501	4	886578	0.0000045
all	1502	4	886578	0.0000045
all	1503	1	886578	0.0000011
all	1504	6	886578	0.0000068
all	1505	7	886578	0.0000079
all	1506	9	886578	0.0000102
all	1507	5	886578	0.0000056
all	1508	8	886578	0.0000090
all	1509	5	886578	0.0000056
all	1510	3	886578	0.0000034
all	1511	8	886578	0.0000090
all	1512	9	886578	0.0000102
all	1513	5	886578	0.0000056
all	1514	9	886578	0.0000102
all	1515	5	886578	0.0000056
all	1516	3	886578	0.0000034
all	1517	5	886578	0.0000056
all	1518	1	886578	0.0000011
all	1519	4	886578	0.0000045
all	1520	5	886578	0.0000056
all	1521	4	886578	0.0000045
all	1522	5	886578	0.0000056
all	1523	5	886578	0.0000056
all	1524	4	886578	0.0000045
all	1525	4	886578	0.0000045
all	1526	5	886578	0.0000056
all	1527	4	886578	0.0000045
all	1528	7	886578	0.0000079
all	1529	7	886578	0.0000079
all	1530	7	886578	0.0000079
all	1531	4	886578	0.0000045
all	1532	5	886578	0.0000056
all	1533	4	886578	0.0000045
all	1534	4	886578	0.0000045
all	1535	4	886578	0.0000045
all	1536	5	886578	0.0000056
all	1537	6	886578	0.0000068
all	1538	5	886578	0.0000056
all	1539	7	886578	0.0000079
all	1540	3	886578	0.0000034
all	1541	6	886578	0.0000068
all	1542	8	886578	0.0000090
all	1543	7	886578	0.0000079
all	1544	5	886578	0.0000056
all	1545	2	886578	0.0000023
all	1546	3	886578	0.0000034
all	1547	5	886578	0.0000056
all	1548	1	886578	0.0000011
all	1549	5	886578	0.0000056
all	1550	4	886578	0.0000045
all	1551	3	886578	0.0000034
all	1552	3	886578	0.0000034
all	1553	4	886578	0.0000045
all	1554	4	886578	0.0000045
all	1555	5	886578	0.0000056
all	1556	1	886578	0.0000011
all	1557	4	886578	0.0000045
all	1558	3	886578	0.0000034
all	1559	3	886578	0.0000034
all	1560	3	886578	0.0000034
all	1561	4	886578	0.0000045
all	1562	6	886578	0.0000068
all	1563	3	886578	0.0000034
all	1564	3	886578	0.0000034
all	1565	1	886578	0.0000011
all	1566	6	886578	0.0000068
all	1567	7	886578	0.0000079
all	1568	5	886578	0.0000056
all	1569	8	886578	0.0000090
all	1570	3	886578	0.0000034
all	1571	5	886578	0.0000056
all	1572	3	886578	0.0000034
all	1573	6	886578	0.0000068
all	1574	4	886578	0.0000045
all	1575	1	886578	0.0000011
all	1576	3	886578	0.0000034
all	1577	3	886578	0.0000034
all	1578	4	886578	0.0000045
all	1579	3	886578	0.0000034
all	1580	6	886578	0.0000068
all	1581	8	886578	0.0000090
all	1582	4	886578	0.0000045
all	1583	4	886578	0.0000045
all	1584	7	886578	0.0000079
all	1585	6	886578	0.0000068
all	1586	7	886578	0.0000079
all	1587	2	886578	0.0000023
all	1588	2	886578	0.0000023
all	1589	3	886578	0.0000034
all	1590	1	886578	0.0000011
all	1592	4	886578	0.0000045
all	1593	4	886578	0.0000045
all	1594	3	886578	0.0000034
all	1595	5	886578	0.0000056
all	1596	6	886578	0.0000068
all	1597	8	886578	0.0000090
all	1598	2	886578	0.0000023
all	1599	3	886578	0.0000034
all	1600	4	886578	0.0000045
all	1601	3	886578	0.0000034
all	1603	4	886578	0.0000045
all	1604	6	886578	0.0000068
all	1605	6	886578	0.0000068
all	1606	2	886578	0.0000023
all	1607	10	886578	0.0000113
all	1608	2	886578	0.0000023
all	1609	4	886578	0.0000045
all	1610	6	886578	0.0000068
all	1611	3	886578	0.0000034
all	1612	6	886578	0.0000068
all	1613	5	886578	0.0000056
all	1614	9	886578	0.0000102
all	1615	10	886578	0.0000113
all	1616	5	886578	0.0000056
all	1617	7	886578	0.0000079
all	1618	4	886578	0.0000045
all	1619	7	886578	0.0000079
all	1620	2	886578	0.0000023
all	1621	5	886578	0.0000056
all	1622	3	886578	0.0000034
all	1623	1	886578	0.0000011
all	1624	2	886578	0.0000023
all	1625	2	886578	0.0000023
all	1626	1	886578	0.0000011
all	1627	3	886578	0.0000034
all	1628	8	886578	0.0000090
all	1629	5	886578	0.0000056
all	1630	3	886578	0.0000034
all	1631	7	886578	0.0000079
all	1632	2	886578	0.0000023
all	1633	2	886578	0.0000023
all	1634	4	886578	0.0000045
all	1635	4	886578	0.0000045
all	1636	3	886578	0.0000034
all	1637	1	886578	0.0000011
all	1638	4	886578	0.0000045
all	1639	9	886578	0.0000102
all	1640	6	886578	0.0000068
all	1641	8	886578	0.0000090
all	1642	8	886578	0.0000090
all	1643	5	886578	0.0000056
all	1644	7	886578	0.0000079
all	1645	6	886578	0.0000068
all	1646	3	886578	0.0000034
all	1647	2	886578	0.0000023
all	1648	2	886578	0.0000023
all	1649	5	886578	0.0000056
all	1650	8	886578	0.0000090
all	1651	7	886578	0.0000079
all	1652	2	886578	0.0000023
all	1653	4	886578	0.0000045
all	1654	2	886578	0.0000023
all	1655	6	886578	0.0000068
all	1656	8	886578	0.0000090
all	1657	4	886578	0.0000045
all	1658	15	886578	0.0000169
all	1659	6	886578	0.0000068
all	1660	6	886578	0.0000068
all	1661	5	886578	0.0000056
all	1662	3	886578	0.0000034
all	1663	4	886578	0.0000045
all	1664	4	886578	0.0000045
all	1665	3	886578	0.0000034
all	1666	4	886578	0.0000045
all	1667	6	886578	0.0000068
all	1668	3	886578	0.0000034
all	1669	6	886578	0.0000068
all	1670	8	886578	0.0000090
all	1671	4	886578	0.0000045
all	1672	6	886578	0.0000068
all	1673	9	886578	0.0000102
all	1674	3	886578	0.0000034
all	1675	4	886578	0.0000045
all	1676	12	886578	0.0000135
all	1677	5	886578	0.0000056
all	1678	9	886578	0.0000102
all	1679	3	886578	0.0000034
all	1680	10	886578	0.0000113
all	1681	6	886578	0.0000068
all	1682	4	886578	0.0000045
all	1683	7	886578	0.0000079
all	1684	6	886578	0.0000068
all	1685	2	886578	0.0000023
all	1686	6	886578	0.0000068
all	1687	6	886578	0.0000068
all	1688	5	886578	0.0000056
all	1689	3	886578	0.0000034
all	1690	12	886578	0.0000135
all	1691	3	886578	0.0000034
all	1692	4	886578	0.0000045
all	1693	8	886578	0.0000090
all	1694	2	886578	0.0000023
all	1695	3	886578	0.0000034
all	1696	4	886578	0.0000045
all	1697	6	886578	0.0000068
all	1698	4	886578	0.0000045
all	1699	4	886578	0.0000045
all	1700	5	886578	0.0000056
all	1701	2	886578	0.0000023
all	1702	2	886578	0.0000023
all	1703	5	886578	0.0000056
all	1704	1	886578	0.0000011
all	1705	5	886578	0.0000056
all	1706	2	886578	0.0000023
all	1707	2	886578	0.0000023
all	1708	4	886578	0.0000045
all	1709	4	886578	0.0000045
all	1710	4	886578	0.0000045
all	1711	4	886578	0.0000045
all	1712	4	886578	0.0000045
all	1713	5	886578	0.0000056
all	1714	3	886578	0.0000034
all	1715	3	886578	0.0000034
all	1717	6	886578	0.0000068
all	1718	6	886578	0.0000068
all	1719	5	886578	0.0000056
all	1720	3	886578	0.0000034
all	1721	4	886578	0.0000045
all	1722	7	886578	0.0000079
all	1723	3	886578	0.0000034
all	1724	9	886578	0.0000102
all	1725	6	886578	0.0000068
all	1726	5	886578	0.0000056
all	1727	9	886578	0.0000102
all	1728	7	886578	0.0000079
all	1729	4	886578	0.0000045
all	1730	7	886578	0.0000079
all	1731	5	886578	0.0000056
all	1732	2	886578	0.0000023
all	1733	4	886578	0.0000045
all	1734	1	886578	0.0000011
all	1735	4	886578	0.0000045
all	1736	3	886578	0.0000034
all	1737	6	886578	0.0000068
all	1738	5	886578	0.0000056
all	1739	5	886578	0.0000056
all	1740	3	886578	0.0000034
all	1741	2	886578	0.0000023
all	1742	5	886578	0.0000056
all	1743	3	886578	0.0000034
all	1744	3	886578	0.0000034
all	1745	3	886578	0.0000034
all	1746	7	886578	0.0000079
all	1747	7	886578	0.0000079
all	1748	3	886578	0.0000034
all	1749	7	886578	0.0000079
all	1750	8	886578	0.0000090
all	1751	4	886578	0.0000045
all	1752	6	886578	0.0000068
all	1753	7	886578	0.0000079
all	1754	3	886578	0.0000034
all	1755	4	886578	0.0000045
all	1756	3	886578	0.0000034
all	1757	5	886578	0.0000056
all	1758	4	886578	0.0000045
all	1759	6	886578	0.0000068
all	1760	2	886578	0.0000023
all	1761	3	886578	0.0000034
all	1762	6	886578	0.0000068
all	1763	3	886578	0.0000034
all	1764	7	886578	0.0000079
all	1765	8	886578	0.0000090
all	1766	2	886578	0.0000023
all	1767	3	886578	0.0000034
all	1768	2	886578	0.0000023
all	1769	3	886578	0.0000034
all	1770	7	886578	0.0000079
all	1771	4	886578	0.0000045
all	1772	4	886578	0.0000045
all	1774	2	886578	0.0000023
all	1775	2	886578	0.0000023
all	1776	3	886578	0.0000034
all	1777	2	886578	0.0000023
all	1778	4	886578	0.0000045
all	1779	4	886578	0.0000045
all	1780	2	886578	0.0000023
all	1781	5	886578	0.0000056
all	1782	2	886578	0.0000023
all	1783	4	886578	0.0000045
all	1784	2	886578	0.0000023
all	1785	5	886578	0.0000056
all	1786	1	886578	0.0000011
all	1788	1	886578	0.0000011
all	1789	7	886578	0.0000079
all	1790	6	886578	0.0000068
all	1791	5	886578	0.0000056
all	1792	3	886578	0.0000034
all	1793	4	886578	0.0000045
all	1794	5	886578	0.0000056
all	1795	5	886578	0.0000056
all	1796	6	886578	0.0000068
all	1797	5	886578	0.0000056
all	1798	6	886578	0.0000068
all	1799	7	886578	0.0000079
all	1800	5	886578	0.0000056
all	1801	3	886578	0.0000034
all	1802	8	886578	0.0000090
all	1803	4	886578	0.0000045
all	1804	2	886578	0.0000023
all	1805	7	886578	0.0000079
all	1806	7	886578	0.0000079
all	1807	1	886578	0.0000011
all	1808	3	886578	0.0000034
all	1809	8	886578	0.0000090
all	1810	8	886578	0.0000090
all	1811	2	886578	0.0000023
all	1812	4	886578	0.0000045
all	1813	5	886578	0.0000056
all	1814	5	886578	0.0000056
all	1815	2	886578	0.0000023
all	1816	4	886578	0.0000045
all	1817	2	886578	0.0000023
all	1818	2	886578	0.0000023
all	1819	3	886578	0.0000034
all	1820	2	886578	0.0000023
all	1821	2	886578	0.0000023
all	1822	3	886578	0.0000034
all	1823	5	886578	0.0000056
all	1824	1	886578	0.0000011
all	1825	4	886578	0.0000045
all	1826	3	886578	0.0000034
all	1827	2	886578	0.0000023
all	1828	4	886578	0.0000045
all	1829	5	886578	0.0000056
all	1830	2	886578	0.0000023
all	1831	4	886578	0.0000045
all	1832	4	886578	0.0000045
all	1833	2	886578	0.0000023
all	1834	2	886578	0.0000023
all	1835	2	886578	0.0000023
all	1836	3	886578	0.0000034
all	1837	2	886578	0.0000023
all	1838	7	886578	0.0000079
all	1839	6	886578	0.0000068
all	1840	6	886578	0.0000068
all	1841	3	886578	0.0000034
all	1842	3	886578	0.0000034
all	1843	2	886578	0.0000023
all	1844	5	886578	0.0000056
all	1845	2	886578	0.0000023
all	1846	3	886578	0.0000034
all	1847	3	886578	0.0000034
all	1848	2	886578	0.0000023
all	1849	8	886578	0.0000090
all	1850	3	886578	0.0000034
all	1851	3	886578	0.0000034
all	1852	3	886578	0.0000034
all	1853	3	886578	0.0000034
all	1854	1	886578	0.0000011
all	1855	6	886578	0.0000068
all	1856	2	886578	0.0000023
all	1857	6	886578	0.0000068
all	1858	6	886578	0.0000068
all	1859	4	886578	0.0000045
all	1860	1	886578	0.0000011
all	1861	4	886578	0.0000045
all	1862	5	886578	0.0000056
all	1863	2	886578	0.0000023
all	1864	2	886578	0.0000023
all	1865	1	886578	0.0000011
all	1866	4	886578	0.0000045
all	1867	2	886578	0.0000023
all	1868	5	886578	0.0000056
all	1869	5	886578	0.0000056
all	1870	7	886578	0.0000079
all	1871	2	886578	0.0000023
all	1872	5	886578	0.0000056
all	1873	5	886578	0.0000056
all	1874	1	886578	0.0000011
all	1875	7	886578	0.0000079
all	1876	11	886578	0.0000124
all	1877	5	886578	0.0000056
all	1878	5	886578	0.0000056
all	1879	3	886578	0.0000034
all	1880	5	886578	0.0000056
all	1881	5	886578	0.0000056
all	1882	6	886578	0.0000068
all	1883	3	886578	0.0000034
all	1884	2	886578	0.0000023
all	1885	3	886578	0.0000034
all	1886	3	886578	0.0000034
all	1887	4	886578	0.0000045
all	1888	5	886578	0.0000056
all	1889	3	886578	0.0000034
all	1890	6	886578	0.0000068
all	1891	3	886578	0.0000034
all	1892	2	886578	0.0000023
all	1893	3	886578	0.0000034
all	1894	2	886578	0.0000023
all	1895	3	886578	0.0000034
all	1896	3	886578	0.0000034
all	1897	5	886578	0.0000056
all	1899	5	886578	0.0000056
all	1900	6	886578	0.0000068
all	1901	3	886578	0.0000034
all	1902	3	886578	0.0000034
all	1903	3	886578	0.0000034
all	1904	5	886578	0.0000056
all	1905	4	886578	0.0000045
all	1906	4	886578	0.0000045
all	1907	8	886578	0.0000090
all	1908	7	886578	0.0000079
all	1909	5	886578	0.0000056
all	1910	3	886578	0.0000034
all	1911	4	886578	0.0000045
all	1912	4	886578	0.0000045
all	1913	4	886578	0.0000045
all	1914	3	886578	0.0000034
all	1915	3	886578	0.0000034
all	1917	2	886578	0.0000023
all	1918	5	886578	0.0000056
all	1919	7	886578	0.0000079
all	1920	4	886578	0.0000045
all	1921	7	886578	0.0000079
all	1922	1	886578	0.0000011
all	1923	7	886578	0.0000079
all	1925	2	886578	0.0000023
all	1926	2	886578	0.0000023
all	1927	1	886578	0.0000011
all	1928	2	886578	0.0000023
all	1929	4	886578	0.0000045
all	1931	5	886578	0.0000056
all	1932	8	886578	0.0000090
all	1933	2	886578	0.0000023
all	1934	2	886578	0.0000023
all	1935	5	886578	0.0000056
all	1936	2	886578	0.0000023
all	1937	3	886578	0.0000034
all	1938	3	886578	0.0000034
all	1939	1	886578	0.0000011
all	1940	6	886578	0.0000068
all	1941	1	886578	0.0000011
all	1942	3	886578	0.0000034
all	1944	1	886578	0.0000011
all	1945	5	886578	0.0000056
all	1946	1	886578	0.0000011
all	1947	1	886578	0.0000011
all	1948	3	886578	0.0000034
all	1949	2	886578	0.0000023
all	1950	2	886578	0.0000023
all	1951	3	886578	0.0000034
all	1953	2	886578	0.0000023
all	1954	3	886578	0.0000034
all	1955	3	886578	0.0000034
all	1956	2	886578	0.0000023
all	1957	2	886578	0.0000023
all	1958	1	886578	0.0000011
all	1959	3	886578	0.0000034
all	1960	2	886578	0.0000023
all	1961	1	886578	0.0000011
all	1962	3	886578	0.0000034
all	1963	4	886578	0.0000045
all	1965	4	886578	0.0000045
all	1966	1	886578	0.0000011
all	1967	2	886578	0.0000023
all	1968	3	886578	0.0000034
all	1969	2	886578	0.0000023
all	1970	4	886578	0.0000045
all	1971	3	886578	0.0000034
all	1972	6	886578	0.0000068
all	1973	2	886578	0.0000023
all	1974	2	886578	0.0000023
all	1975	3	886578	0.0000034
all	1976	6	886578	0.0000068
all	1977	1	886578	0.0000011
all	1978	4	886578	0.0000045
all	1980	4	886578	0.0000045
all	1981	3	886578	0.0000034
all	1982	4	886578	0.0000045
all	1983	4	886578	0.0000045
all	1984	3	886578	0.0000034
all	1985	2	886578	0.0000023
all	1986	1	886578	0.0000011
all	1987	5	886578	0.0000056
all	1988	1	886578	0.0000011
all	1989	1	886578	0.0000011
all	1990	2	886578	0.0000023
all	1991	2	886578	0.0000023
all	1992	3	886578	0.0000034
all	1993	3	886578	0.0000034
all	1994	1	886578	0.0000011
all	1995	2	886578	0.0000023
all	1996	3	886578	0.0000034
all	1997	9	886578	0.0000102
all	1998	4	886578	0.0000045
all	1999	4	886578	0.0000045
all	2000	4	886578	0.0000045
all	2001	3	886578	0.0000034
all	2002	5	886578	0.0000056
all	2003	2	886578	0.0000023
all	2004	4	886578	0.0000045
all	2005	1	886578	0.0000011
all	2006	5	886578	0.0000056
all	2007	3	886578	0.0000034
all	2008	4	886578	0.0000045
all	2009	4	886578	0.0000045
all	2010	6	886578	0.0000068
all	2011	4	886578	0.0000045
all	2012	3	886578	0.0000034
all	2013	4	886578	0.0000045
all	2014	5	886578	0.0000056
all	2015	4	886578	0.0000045
all	2016	1	886578	0.0000011
all	2017	3	886578	0.0000034
all	2018	3	886578	0.0000034
all	2019	4	886578	0.0000045
all	2020	6	886578	0.0000068
all	2021	7	886578	0.0000079
all	2022	1	886578	0.0000011
all	2023	2	886578	0.0000023
all	2024	3	886578	0.0000034
all	2025	5	886578	0.0000056
all	2026	3	886578	0.0000034
all	2027	2	886578	0.0000023
all	2028	1	886578	0.0000011
all	2029	3	886578	0.0000034
all	2030	5	886578	0.0000056
all	2031	4	886578	0.0000045
all	2032	8	886578	0.0000090
all	2033	4	886578	0.0000045
all	2034	2	886578	0.0000023
all	2035	5	886578	0.0000056
all	2036	6	886578	0.0000068
all	2037	1	886578	0.0000011
all	2038	3	886578	0.0000034
all	2039	5	886578	0.0000056
all	2040	4	886578	0.0000045
all	2041	5	886578	0.0000056
all	2042	3	886578	0.0000034
all	2043	6	886578	0.0000068
all	2044	5	886578	0.0000056
all	2045	1	886578	0.0000011
all	2046	6	886578	0.0000068
all	2047	6	886578	0.0000068
all	2048	6	886578	0.0000068
all	2049	5	886578	0.0000056
all	2050	3	886578	0.0000034
all	2051	2	886578	0.0000023
all	2052	3	886578	0.0000034
all	2053	1	886578	0.0000011
all	2054	3	886578	0.0000034
all	2055	1	886578	0.0000011
all	2056	4	886578	0.0000045
all	2057	2	886578	0.0000023
all	2058	3	886578	0.0000034
all	2059	1	886578	0.0000011
all	2060	1	886578	0.0000011
all	2061	2	886578	0.0000023
all	2062	1	886578	0.0000011
all	2063	3	886578	0.0000034
all	2064	4	886578	0.0000045
all	2065	2	886578	0.0000023
all	2066	5	886578	0.0000056
all	2068	3	886578	0.0000034
all	2069	2	886578	0.0000023
all	2070	2	886578	0.0000023
all	2071	2	886578	0.0000023
all	2072	2	886578	0.0000023
all	2073	3	886578	0.0000034
all	2074	5	886578	0.0000056
all	2075	3	886578	0.0000034
all	2076	1	886578	0.0000011
all	2077	3	886578	0.0000034
all	2078	4	886578	0.0000045
all	2079	1	886578	0.0000011
all	2080	1	886578	0.0000011
all	2081	3	886578	0.0000034
all	2083	2	886578	0.0000023
all	2084	2	886578	0.0000023
all	2085	3	886578	0.0000034
all	2086	4	886578	0.0000045
all	2087	2	886578	0.0000023
all	2088	3	886578	0.0000034
all	2089	2	886578	0.0000023
all	2090	1	886578	0.0000011
all	2091	3	886578	0.0000034
all	2093	3	886578	0.0000034
all	2094	1	886578	0.0000011
all	2095	1	886578	0.0000011
all	2096	4	886578	0.0000045
all	2097	2	886578	0.0000023
all	2098	3	886578	0.0000034
all	2100	3	886578	0.0000034
all	2101	5	886578	0.0000056
all	2102	1	886578	0.0000011
all	2103	2	886578	0.0000023
all	2104	3	886578	0.0000034
all	2105	3	886578	0.0000034
all	2106	3	886578	0.0000034
all	2107	5	886578	0.0000056
all	2108	4	886578	0.0000045
all	2109	5	886578	0.0000056
all	2110	3	886578	0.0000034
all	2111	1	886578	0.0000011
all	2113	4	886578	0.0000045
all	2114	6	886578	0.0000068
all	2115	1	886578	0.0000011
all	2116	3	886578	0.0000034
all	2118	2	886578	0.0000023
all	2119	3	886578	0.0000034
all	2120	5	886578	0.0000056
all	2121	2	886578	0.0000023
all	2122	1	886578	0.0000011
all	2123	1	886578	0.0000011
all	2124	5	886578	0.0000056
all	2125	1	886578	0.0000011
all	2126	2	886578	0.0000023
all	2127	3	886578	0.0000034
all	2128	6	886578	0.0000068
all	2130	5	886578	0.0000056
all	2131	2	886578	0.0000023
all	2132	3	886578	0.0000034
all	2133	1	886578	0.0000011
all	2134	1	886578	0.0000011
all	2135	2	886578	0.0000023
all	2136	2	886578	0.0000023
all	2137	3	886578	0.0000034
all	2138	3	886578	0.0000034
all	2139	3	886578	0.0000034
all	2140	2	886578	0.0000023
all	2141	1	886578	0.0000011
all	2143	5	886578	0.0000056
all	2144	2	886578	0.0000023
all	2145	1	886578	0.0000011
all	2146	1	886578	0.0000011
all	2147	4	886578	0.0000045
all	2148	2	886578	0.0000023
all	2149	6	886578	0.0000068
all	2150	3	886578	0.0000034
all	2151	1	886578	0.0000011
all	2152	4	886578	0.0000045
all	2153	4	886578	0.0000045
all	2155	1	886578	0.0000011
all	2156	3	886578	0.0000034
all	2157	7	886578	0.0000079
all	2158	2	886578	0.0000023
all	2159	3	886578	0.0000034
all	2162	3	886578	0.0000034
all	2163	1	886578	0.0000011
all	2164	3	886578	0.0000034
all	2165	6	886578	0.0000068
all	2166	2	886578	0.0000023
all	2167	4	886578	0.0000045
all	2168	3	886578	0.0000034
all	2169	2	886578	0.0000023
all	2170	1	886578	0.0000011
all	2171	1	886578	0.0000011
all	2172	3	886578	0.0000034
all	2173	1	886578	0.0000011
all	2174	4	886578	0.0000045
all	2175	5	886578	0.0000056
all	2176	6	886578	0.0000068
all	2177	2	886578	0.0000023
all	2179	4	886578	0.0000045
all	2180	4	886578	0.0000045
all	2181	5	886578	0.0000056
all	2182	4	886578	0.0000045
all	2183	9	886578	0.0000102
all	2184	4	886578	0.0000045
all	2185	1	886578	0.0000011
all	2186	5	886578	0.0000056
all	2187	2	886578	0.0000023
all	2189	3	886578	0.0000034
all	2190	4	886578	0.0000045
all	2191	2	886578	0.0000023
all	2192	1	886578	0.0000011
all	2193	2	886578	0.0000023
all	2194	1	886578	0.0000011
all	2195	2	886578	0.0000023
all	2197	1	886578	0.0000011
all	2198	2	886578	0.0000023
all	2200	2	886578	0.0000023
all	2201	1	886578	0.0000011
all	2202	2	886578	0.0000023
all	2203	2	886578	0.0000023
all	2204	3	886578	0.0000034
all	2205	1	886578	0.0000011
all	2206	2	886578	0.0000023
all	2207	2	886578	0.0000023
all	2208	2	886578	0.0000023
all	2209	3	886578	0.0000034
all	2210	5	886578	0.0000056
all	2211	1	886578	0.0000011
all	2212	3	886578	0.0000034
all	2214	2	886578	0.0000023
all	2215	4	886578	0.0000045
all	2216	3	886578	0.0000034
all	2217	2	886578	0.0000023
all	2218	1	886578	0.0000011
all	2219	1	886578	0.0000011
all	2220	3	886578	0.0000034
all	2221	1	886578	0.0000011
all	2222	2	886578	0.0000023
all	2223	4	886578	0.0000045
all	2225	7	886578	0.0000079
all	2227	4	886578	0.0000045
all	2228	1	886578	0.0000011
all	2229	3	886578	0.0000034
all	2230	4	886578	0.0000045
all	2231	2	886578	0.0000023
all	2233	4	886578	0.0000045
all	2234	3	886578	0.0000034
all	2235	3	886578	0.0000034
all	2236	5	886578	0.0000056
all	2238	5	886578	0.0000056
all	2239	4	886578	0.0000045
all	2240	2	886578	0.0000023
all	2241	6	886578	0.0000068
all	2242	2	886578	0.0000023
all	2243	3	886578	0.0000034
all	2244	1	886578	0.0000011
all	2245	1	886578	0.0000011
all	2246	5	886578	0.0000056
all	2247	1	886578	0.0000011
all	2248	1	886578	0.0000011
all	2249	1	886578	0.0000011
all	2250	4	886578	0.0000045
all	2251	6	886578	0.0000068
all	2252	3	886578	0.0000034
all	2253	2	886578	0.0000023
all	2254	1	886578	0.0000011
all	2255	3	886578	0.0000034
all	2256	3	886578	0.0000034
all	2259	2	886578	0.0000023
all	2261	1	886578	0.0000011
all	2262	3	886578	0.0000034
all	2263	2	886578	0.0000023
all	2264	1	886578	0.0000011
all	2266	4	886578	0.0000045
all	2267	1	886578	0.0000011
all	2268	1	886578	0.0000011
all	2270	5	886578	0.0000056
all	2271	1	886578	0.0000011
all	2272	2	886578	0.0000023
all	2274	2	886578	0.0000023
all	2276	1	886578	0.0000011
all	2277	2	886578	0.0000023
all	2278	3	886578	0.0000034
all	2279	2	886578	0.0000023
all	2280	7	886578	0.0000079
all	2281	4	886578	0.0000045
all	2282	2	886578	0.0000023
all	2283	4	886578	0.0000045
all	2284	2	886578	0.0000023
all	2285	2	886578	0.0000023
all	2286	3	886578	0.0000034
all	2287	2	886578	0.0000023
all	2288	2	886578	0.0000023
all	2289	2	886578	0.0000023
all	2290	1	886578	0.0000011
all	2291	1	886578	0.0000011
all	2292	4	886578	0.0000045
all	2293	2	886578	0.0000023
all	2294	2	886578	0.0000023
all	2295	1	886578	0.0000011
all	2296	2	886578	0.0000023
all	2297	1	886578	0.0000011
all	2298	1	886578	0.0000011
all	2299	1	886578	0.0000011
all	2301	3	886578	0.0000034
all	2302	1	886578	0.0000011
all	2303	1	886578	0.0000011
all	2304	3	886578	0.0000034
all	2305	4	886578	0.0000045
all	2306	4	886578	0.0000045
all	2307	3	886578	0.0000034
all	2308	3	886578	0.0000034
all	2310	1	886578	0.0000011
all	2312	2	886578	0.0000023
all	2313	1	886578	0.0000011
all	2314	1	886578	0.0000011
all	2315	2	886578	0.0000023
all	2316	2	886578	0.0000023
all	2319	1	886578	0.0000011
all	2320	4	886578	0.0000045
all	2321	3	886578	0.0000034
all	2322	1	886578	0.0000011
all	2323	1	886578	0.0000011
all	2324	1	886578	0.0000011
all	2325	1	886578	0.0000011
all	2327	1	886578	0.0000011
all	2328	1	886578	0.0000011
all	2329	1	886578	0.0000011
all	2331	3	886578	0.0000034
all	2332	2	886578	0.0000023
all	2336	1	886578	0.0000011
all	2339	2	886578	0.0000023
all	2340	1	886578	0.0000011
all	2341	4	886578	0.0000045
all	2342	1	886578	0.0000011
all	2343	3	886578	0.0000034
all	2345	1	886578	0.0000011
all	2347	2	886578	0.0000023
all	2348	2	886578	0.0000023
all	2349	2	886578	0.0000023
all	2350	1	886578	0.0000011
all	2351	1	886578	0.0000011
all	2352	1	886578	0.0000011
all	2353	1	886578	0.0000011
all	2355	2	886578	0.0000023
all	2356	1	886578	0.0000011
all	2357	2	886578	0.0000023
all	2358	1	886578	0.0000011
all	2359	5	886578	0.0000056
all	2362	1	886578	0.0000011
all	2363	3	886578	0.0000034
all	2364	1	886578	0.0000011
all	2365	2	886578	0.0000023
all	2366	1	886578	0.0000011
all	2367	2	886578	0.0000023
all	2368	1	886578	0.0000011
all	2370	1	886578	0.0000011
all	2371	1	886578	0.0000011
all	2373	3	886578	0.0000034
all	2375	1	886578	0.0000011
all	2376	2	886578	0.0000023
all	2380	3	886578	0.0000034
all	2381	1	886578	0.0000011
all	2382	1	886578	0.0000011
all	2383	1	886578	0.0000011
all	2384	1	886578	0.0000011
all	2385	2	886578	0.0000023
all	2388	2	886578	0.0000023
all	2389	1	886578	0.0000011
all	2390	1	886578	0.0000011
all	2391	1	886578	0.0000011
all	2393	4	886578	0.0000045
all	2394	1	886578	0.0000011
all	2395	1	886578	0.0000011
all	2397	2	886578	0.0000023
all	2398	3	886578	0.0000034
all	2399	1	886578	0.0000011
all	2404	2	886578	0.0000023
all	2405	3	886578	0.0000034
all	2406	3	886578	0.0000034
all	2407	2	886578	0.0000023
all	2408	2	886578	0.0000023
all	2409	1	886578	0.0000011
all	2411	1	886578	0.0000011
all	2412	2	886578	0.0000023
all	2413	1	886578	0.0000011
all	2418	1	886578	0.0000011
all	2419	1	886578	0.0000011
all	2420	1	886578	0.0000011
all	2422	2	886578	0.0000023
all	2424	4	886578	0.0000045
all	2425	1	886578	0.0000011
all	2426	3	886578	0.0000034
all	2427	2	886578	0.0000023
all	2428	1	886578	0.0000011
all	2430	2	886578	0.0000023
all	2431	3	886578	0.0000034
all	2433	1	886578	0.0000011
all	2436	4	886578	0.0000045
all	2438	1	886578	0.0000011
all	2439	1	886578	0.0000011
all	2440	1	886578	0.0000011
all	2441	1	886578	0.0000011
all	2442	2	886578	0.0000023
all	2445	2	886578	0.0000023
all	2446	1	886578	0.0000011
all	2449	1	886578	0.0000011
all	2450	1	886578	0.0000011
all	2451	2	886578	0.0000023
all	2453	1	886578	0.0000011
all	2454	2	886578	0.0000023
all	2455	1	886578	0.0000011
all	2456	4	886578	0.0000045
all	2459	1	886578	0.0000011
all	2460	4	886578	0.0000045
all	2462	3	886578	0.0000034
all	2463	2	886578	0.0000023
all	2464	1	886578	0.0000011
all	2465	1	886578	0.0000011
all	2467	1	886578	0.0000011
all	2468	2	886578	0.0000023
all	2469	2	886578	0.0000023
all	2470	4	886578	0.0000045
all	2471	8	886578	0.0000090
all	2472	5	886578	0.0000056
all	2473	2	886578	0.0000023
all	2475	8	886578	0.0000090
all	2476	1	886578	0.0000011
all	2477	1	886578	0.0000011
all	2478	1	886578	0.0000011
all	2479	1	886578	0.0000011
all	2480	2	886578	0.0000023
all	2481	5	886578	0.0000056
all	2482	2	886578	0.0000023
all	2483	9	886578	0.0000102
all	2484	2	886578	0.0000023
all	2486	2	886578	0.0000023
all	2487	2	886578	0.0000023
all	2488	9	886578	0.0000102
all	2489	14	886578	0.0000158
all	2490	11	886578	0.0000124
all	2491	3	886578	0.0000034
all	2492	3	886578	0.0000034
all	2493	1	886578	0.0000011
all	2494	1	886578	0.0000011
all	2498	2	886578	0.0000023
all	2500	2	886578	0.0000023
all	2501	1	886578	0.0000011
all	2502	2	886578	0.0000023
all	2503	2	886578	0.0000023
all	2505	2	886578	0.0000023
all	2506	1	886578	0.0000011
all	2509	2	886578	0.0000023
all	2510	4	886578	0.0000045
all	2511	1	886578	0.0000011
all	2512	2	886578	0.0000023
all	2513	1	886578	0.0000011
all	2514	3	886578	0.0000034
all	2515	2	886578	0.0000023
all	2516	1	886578	0.0000011
all	2517	1	886578	0.0000011
all	2518	1	886578	0.0000011
all	2520	3	886578	0.0000034
all	2523	1	886578	0.0000011
all	2524	1	886578	0.0000011
all	2525	1	886578	0.0000011
all	2526	1	886578	0.0000011
all	2528	1	886578	0.0000011
all	2529	1	886578	0.0000011
all	2530	2	886578	0.0000023
all	2533	1	886578	0.0000011
all	2534	1	886578	0.0000011
all	2535	2	886578	0.0000023
all	2536	1	886578	0.0000011
all	2537	1	886578	0.0000011
all	2538	1	886578	0.0000011
all	2540	2	886578	0.0000023
all	2542	1	886578	0.0000011
all	2543	1	886578	0.0000011
all	2545	2	886578	0.0000023
all	2546	2	886578	0.0000023
all	2547	2	886578	0.0000023
all	2551	1	886578	0.0000011
all	2552	3	886578	0.0000034
all	2554	1	886578	0.0000011
all	2557	1	886578	0.0000011
all	2558	1	886578	0.0000011
all	2559	1	886578	0.0000011
all	2560	1	886578	0.0000011
all	2563	1	886578	0.0000011
all	2564	1	886578	0.0000011
all	2565	1	886578	0.0000011
all	2566	1	886578	0.0000011
all	2567	2	886578	0.0000023
all	2569	1	886578	0.0000011
all	2570	3	886578	0.0000034
all	2571	3	886578	0.0000034
all	2575	1	886578	0.0000011
all	2577	1	886578	0.0000011
all	2582	1	886578	0.0000011
all	2585	2	886578	0.0000023
all	2587	3	886578	0.0000034
all	2588	2	886578	0.0000023
all	2589	1	886578	0.0000011
all	2590	1	886578	0.0000011
all	2591	2	886578	0.0000023
all	2592	1	886578	0.0000011
all	2593	1	886578	0.0000011
all	2594	1	886578	0.0000011
all	2596	1	886578	0.0000011
all	2597	1	886578	0.0000011
all	2599	1	886578	0.0000011
all	2600	1	886578	0.0000011
all	2601	3	886578	0.0000034
all	2603	2	886578	0.0000023
all	2605	1	886578	0.0000011
all	2606	1	886578	0.0000011
all	2607	1	886578	0.0000011
all	2608	1	886578	0.0000011
all	2609	1	886578	0.0000011
all	2612	1	886578	0.0000011
all	2613	1	886578	0.0000011
all	2614	3	886578	0.0000034
all	2615	1	886578	0.0000011
all	2616	1	886578	0.0000011
all	2617	1	886578	0.0000011
all	2620	1	886578	0.0000011
all	2624	1	886578	0.0000011
all	2625	1	886578	0.0000011
all	2626	2	886578	0.0000023
all	2627	2	886578	0.0000023
all	2629	1	886578	0.0000011
all	2631	3	886578	0.0000034
all	2632	2	886578	0.0000023
all	2633	1	886578	0.0000011
all	2635	1	886578	0.0000011
all	2638	1	886578	0.0000011
all	2640	2	886578	0.0000023
all	2642	3	886578	0.0000034
all	2644	1	886578	0.0000011
all	2645	1	886578	0.0000011
all	2650	1	886578	0.0000011
all	2651	1	886578	0.0000011
all	2652	2	886578	0.0000023
all	2655	1	886578	0.0000011
all	2659	1	886578	0.0000011
all	2660	1	886578	0.0000011
all	2661	2	886578	0.0000023
all	2667	2	886578	0.0000023
all	2668	1	886578	0.0000011
all	2669	1	886578	0.0000011
all	2670	1	886578	0.0000011
all	2671	1	886578	0.0000011
all	2672	1	886578	0.0000011
all	2674	4	886578	0.0000045
all	2676	1	886578	0.0000011
all	2677	1	886578	0.0000011
all	2680	3	886578	0.0000034
all	2681	1	886578	0.0000011
all	2683	2	886578	0.0000023
all	2684	1	886578	0.0000011
all	2686	1	886578	0.0000011
all	2687	1	886578	0.0000011
all	2688	2	886578	0.0000023
all	2689	1	886578	0.0000011
all	2692	2	886578	0.0000023
all	2693	1	886578	0.0000011
all	2694	2	886578	0.0000023
all	2697	1	886578	0.0000011
all	2698	1	886578	0.0000011
all	2701	1	886578	0.0000011
all	2702	2	886578	0.0000023
all	2704	1	886578	0.0000011
all	2707	2	886578	0.0000023
all	2709	1	886578	0.0000011
all	2710	4	886578	0.0000045
all	2711	1	886578	0.0000011
all	2713	1	886578	0.0000011
all	2714	2	886578	0.0000023
all	2715	1	886578	0.0000011
all	2716	1	886578	0.0000011
all	2717	1	886578	0.0000011
all	2719	1	886578	0.0000011
all	2722	2	886578	0.0000023
all	2723	1	886578	0.0000011
all	2724	1	886578	0.0000011
all	2727	1	886578	0.0000011
all	2728	2	886578	0.0000023
all	2730	3	886578	0.0000034
all	2732	1	886578	0.0000011
all	2733	1	886578	0.0000011
all	2734	1	886578	0.0000011
all	2735	2	886578	0.0000023
all	2736	1	886578	0.0000011
all	2737	1	886578	0.0000011
all	2739	2	886578	0.0000023
all	2741	1	886578	0.0000011
all	2742	1	886578	0.0000011
all	2743	1	886578	0.0000011
all	2747	3	886578	0.0000034
all	2748	1	886578	0.0000011
all	2750	1	886578	0.0000011
all	2751	2	886578	0.0000023
all	2752	1	886578	0.0000011
all	2753	1	886578	0.0000011
all	2754	3	886578	0.0000034
all	2755	1	886578	0.0000011
all	2756	2	886578	0.0000023
all	2757	2	886578	0.0000023
all	2759	2	886578	0.0000023
all	2760	1	886578	0.0000011
all	2762	3	886578	0.0000034
all	2763	1	886578	0.0000011
all	2766	1	886578	0.0000011
all	2768	2	886578	0.0000023
all	2769	1	886578	0.0000011
all	2770	2	886578	0.0000023
all	2772	2	886578	0.0000023
all	2773	1	886578	0.0000011
all	2777	1	886578	0.0000011
all	2778	1	886578	0.0000011
all	2779	1	886578	0.0000011
all	2781	1	886578	0.0000011
all	2782	1	886578	0.0000011
all	2784	1	886578	0.0000011
all	2785	1	886578	0.0000011
all	2788	1	886578	0.0000011
all	2790	1	886578	0.0000011
all	2792	3	886578	0.0000034
all	2794	2	886578	0.0000023
all	2795	3	886578	0.0000034
all	2798	1	886578	0.0000011
all	2801	1	886578	0.0000011
all	2802	2	886578	0.0000023
all	2803	2	886578	0.0000023
all	2807	1	886578	0.0000011
all	2808	2	886578	0.0000023
all	2809	1	886578	0.0000011
all	2810	1	886578	0.0000011
all	2811	1	886578	0.0000011
all	2812	1	886578	0.0000011
all	2813	1	886578	0.0000011
all	2818	1	886578	0.0000011
all	2821	1	886578	0.0000011
all	2822	1	886578	0.0000011
all	2823	1	886578	0.0000011
all	2824	1	886578	0.0000011
all	2828	1	886578	0.0000011
all	2829	1	886578	0.0000011
all	2831	3	886578	0.0000034
all	2832	2	886578	0.0000023
all	2833	3	886578	0.0000034
all	2834	2	886578	0.0000023
all	2836	1	886578	0.0000011
all	2837	1	886578	0.0000011
all	2838	1	886578	0.0000011
all	2840	1	886578	0.0000011
all	2843	1	886578	0.0000011
all	2848	2	886578	0.0000023
all	2850	2	886578	0.0000023
all	2851	1	886578	0.0000011
all	2852	1	886578	0.0000011
all	2854	1	886578	0.0000011
all	2859	3	886578	0.0000034
all	2861	1	886578	0.0000011
all	2863	2	886578	0.0000023
all	2864	1	886578	0.0000011
all	2865	1	886578	0.0000011
all	2869	2	886578	0.0000023
all	2871	2	886578	0.0000023
all	2873	3	886578	0.0000034
all	2875	2	886578	0.0000023
all	2876	1	886578	0.0000011
all	2877	3	886578	0.0000034
all	2878	2	886578	0.0000023
all	2879	1	886578	0.0000011
all	2880	2	886578	0.0000023
all	2881	2	886578	0.0000023
all	2887	1	886578	0.0000011
all	2888	1	886578	0.0000011
all	2889	1	886578	0.0000011
all	2890	2	886578	0.0000023
all	2891	4	886578	0.0000045
all	2892	6	886578	0.0000068
all	2893	3	886578	0.0000034
all	2894	1	886578	0.0000011
all	2895	1	886578	0.0000011
all	2896	1	886578	0.0000011
all	2897	2	886578	0.0000023
all	2898	1	886578	0.0000011
all	2904	1	886578	0.0000011
all	2905	1	886578	0.0000011
all	2907	1	886578	0.0000011
all	2909	1	886578	0.0000011
all	2910	1	886578	0.0000011
all	2912	1	886578	0.0000011
all	2915	2	886578	0.0000023
all	2918	1	886578	0.0000011
all	2919	1	886578	0.0000011
all	2922	1	886578	0.0000011
all	2927	2	886578	0.0000023
all	2930	1	886578	0.0000011
all	2932	1	886578	0.0000011
all	2933	1	886578	0.0000011
all	2934	1	886578	0.0000011
all	2936	1	886578	0.0000011
all	2937	1	886578	0.0000011
all	2939	2	886578	0.0000023
all	2940	1	886578	0.0000011
all	2941	1	886578	0.0000011
all	2942	1	886578	0.0000011
all	2944	1	886578	0.0000011
all	2945	1	886578	0.0000011
all	2947	1	886578	0.0000011
all	2952	1	886578	0.0000011
all	2953	1	886578	0.0000011
all	2954	2	886578	0.0000023
all	2956	1	886578	0.0000011
all	2959	1	886578	0.0000011
all	2960	1	886578	0.0000011
all	2963	1	886578	0.0000011
all	2966	1	886578	0.0000011
all	2975	1	886578	0.0000011
all	2976	1	886578	0.0000011
all	2978	1	886578	0.0000011
all	2982	2	886578	0.0000023
all	2985	1	886578	0.0000011
all	2988	1	886578	0.0000011
all	2989	1	886578	0.0000011
all	2993	1	886578	0.0000011
all	2995	1	886578	0.0000011
all	2996	1	886578	0.0000011
all	3002	1	886578	0.0000011
all	3007	1	886578	0.0000011
all	3011	2	886578	0.0000023
all	3013	1	886578	0.0000011
all	3014	1	886578	0.0000011
all	3015	1	886578	0.0000011
all	3017	1	886578	0.0000011
all	3020	1	886578	0.0000011
all	3024	1	886578	0.0000011
all	3029	1	886578	0.0000011
all	3030	1	886578	0.0000011
all	3032	1	886578	0.0000011
all	3033	1	886578	0.0000011
all	3035	1	886578	0.0000011
all	3036	2	886578	0.0000023
all	3040	1	886578	0.0000011
all	3043	1	886578	0.0000011
all	3045	1	886578	0.0000011
all	3047	1	886578	0.0000011
all	3048	1	886578	0.0000011
all	3049	1	886578	0.0000011
all	3052	1	886578	0.0000011
all	3057	1	886578	0.0000011
all	3060	1	886578	0.0000011
all	3063	2	886578	0.0000023
all	3065	1	886578	0.0000011
all	3067	1	886578	0.0000011
all	3069	1	886578	0.0000011
all	3070	1	886578	0.0000011
all	3071	1	886578	0.0000011
all	3072	1	886578	0.0000011
all	3080	2	886578	0.0000023
all	3084	3	886578	0.0000034
all	3086	1	886578	0.0000011
all	3088	1	886578	0.0000011
all	3089	1	886578	0.0000011
all	3091	1	886578	0.0000011
all	3093	1	886578	0.0000011
all	3097	1	886578	0.0000011
all	3098	1	886578	0.0000011
all	3101	2	886578	0.0000023
all	3102	1	886578	0.0000011
all	3104	2	886578	0.0000023
all	3105	1	886578	0.0000011
all	3109	2	886578	0.0000023
all	3111	1	886578	0.0000011
all	3112	1	886578	0.0000011
all	3114	1	886578	0.0000011
all	3116	1	886578	0.0000011
all	3117	1	886578	0.0000011
all	3118	1	886578	0.0000011
all	3121	1	886578	0.0000011
all	3125	1	886578	0.0000011
all	3126	1	886578	0.0000011
all	3134	2	886578	0.0000023
all	3138	1	886578	0.0000011
all	3139	1	886578	0.0000011
all	3143	1	886578	0.0000011
all	3144	1	886578	0.0000011
all	3147	1	886578	0.0000011
all	3148	3	886578	0.0000034
all	3150	1	886578	0.0000011
all	3152	1	886578	0.0000011
all	3154	1	886578	0.0000011
all	3155	1	886578	0.0000011
all	3159	1	886578	0.0000011
all	3162	1	886578	0.0000011
all	3163	2	886578	0.0000023
all	3164	1	886578	0.0000011
all	3166	2	886578	0.0000023
all	3169	1	886578	0.0000011
all	3170	1	886578	0.0000011
all	3173	1	886578	0.0000011
all	3175	1	886578	0.0000011
all	3179	1	886578	0.0000011
all	3180	1	886578	0.0000011
all	3182	1	886578	0.0000011
all	3185	1	886578	0.0000011
all	3187	2	886578	0.0000023
all	3189	1	886578	0.0000011
all	3191	1	886578	0.0000011
all	3193	1	886578	0.0000011
all	3194	1	886578	0.0000011
all	3197	1	886578	0.0000011
all	3198	1	886578	0.0000011
all	3202	1	886578	0.0000011
all	3203	1	886578	0.0000011
all	3204	1	886578	0.0000011
all	3206	1	886578	0.0000011
all	3207	1	886578	0.0000011
all	3210	2	886578	0.0000023
all	3211	1	886578	0.0000011
all	3212	1	886578	0.0000011
all	3213	1	886578	0.0000011
all	3215	2	886578	0.0000023
all	3217	1	886578	0.0000011
all	3218	3	886578	0.0000034
all	3222	1	886578	0.0000011
all	3223	1	886578	0.0000011
all	3224	1	886578	0.0000011
all	3227	2	886578	0.0000023
all	3228	1	886578	0.0000011
all	3230	1	886578	0.0000011
all	3231	1	886578	0.0000011
all	3233	1	886578	0.0000011
all	3236	1	886578	0.0000011
all	3238	1	886578	0.0000011
all	3239	1	886578	0.0000011
all	3240	1	886578	0.0000011
all	3241	1	886578	0.0000011
all	3242	1	886578	0.0000011
all	3244	1	886578	0.0000011
all	3245	1	886578	0.0000011
all	3249	1	886578	0.0000011
all	3251	3	886578	0.0000034
all	3252	1	886578	0.0000011
all	3255	1	886578	0.0000011
all	3260	1	886578	0.0000011
all	3263	3	886578	0.0000034
all	3264	1	886578	0.0000011
all	3265	3	886578	0.0000034
all	3266	3	886578	0.0000034
all	3267	2	886578	0.0000023
all	3268	1	886578	0.0000011
all	3269	1	886578	0.0000011
all	3271	2	886578	0.0000023
all	3278	1	886578	0.0000011
all	3279	1	886578	0.0000011
all	3282	2	886578	0.0000023
all	3283	1	886578	0.0000011
all	3284	1	886578	0.0000011
all	3286	1	886578	0.0000011
all	3287	1	886578	0.0000011
all	3288	2	886578	0.0000023
all	3289	1	886578	0.0000011
all	3290	1	886578	0.0000011
all	3292	1	886578	0.0000011
all	3294	1	886578	0.0000011
all	3295	1	886578	0.0000011
all	3297	1	886578	0.0000011
all	3299	2	886578	0.0000023
all	3308	2	886578	0.0000023
all	3312	2	886578	0.0000023
all	3315	1	886578	0.0000011
all	3317	2	886578	0.0000023
all	3323	2	886578	0.0000023
all	3327	1	886578	0.0000011
all	3329	1	886578	0.0000011
all	3332	1	886578	0.0000011
all	3336	2	886578	0.0000023
all	3339	1	886578	0.0000011
all	3341	1	886578	0.0000011
all	3343	2	886578	0.0000023
all	3344	1	886578	0.0000011
all	3346	1	886578	0.0000011
all	3347	1	886578	0.0000011
all	3350	1	886578	0.0000011
all	3352	1	886578	0.0000011
all	3355	1	886578	0.0000011
all	3356	1	886578	0.0000011
all	3357	1	886578	0.0000011
all	3359	1	886578	0.0000011
all	3360	2	886578	0.0000023
all	3362	2	886578	0.0000023
all	3365	1	886578	0.0000011
all	3367	1	886578	0.0000011
all	3369	1	886578	0.0000011
all	3371	1	886578	0.0000011
all	3373	1	886578	0.0000011
all	3374	1	886578	0.0000011
all	3377	1	886578	0.0000011
all	3379	1	886578	0.0000011
all	3382	1	886578	0.0000011
all	3384	3	886578	0.0000034
all	3387	2	886578	0.0000023
all	3390	2	886578	0.0000023
all	3391	5	886578	0.0000056
all	3392	1	886578	0.0000011
all	3393	1	886578	0.0000011
all	3394	1	886578	0.0000011
all	3395	2	886578	0.0000023
all	3396	2	886578	0.0000023
all	3397	1	886578	0.0000011
all	3398	2	886578	0.0000023
all	3399	6	886578	0.0000068
all	3400	1	886578	0.0000011
all	3401	3	886578	0.0000034
all	3403	1	886578	0.0000011
all	3404	2	886578	0.0000023
all	3406	1	886578	0.0000011
all	3407	1	886578	0.0000011
all	3409	3	886578	0.0000034
all	3410	1	886578	0.0000011
all	3413	1	886578	0.0000011
all	3414	3	886578	0.0000034
all	3416	1	886578	0.0000011
all	3419	1	886578	0.0000011
all	3422	1	886578	0.0000011
all	3427	2	886578	0.0000023
all	3428	1	886578	0.0000011
all	3430	1	886578	0.0000011
all	3433	3	886578	0.0000034
all	3435	1	886578	0.0000011
all	3436	1	886578	0.0000011
all	3438	3	886578	0.0000034
all	3441	1	886578	0.0000011
all	3443	1	886578	0.0000011
all	3446	1	886578	0.0000011
all	3448	2	886578	0.0000023
all	3449	2	886578	0.0000023
all	3450	1	886578	0.0000011
all	3451	2	886578	0.0000023
all	3452	2	886578	0.0000023
all	3454	2	886578	0.0000023
all	3456	1	886578	0.0000011
all	3458	1	886578	0.0000011
all	3460	1	886578	0.0000011
all	3461	1	886578	0.0000011
all	3463	1	886578	0.0000011
all	3468	1	886578	0.0000011
all	3470	2	886578	0.0000023
all	3473	1	886578	0.0000011
all	3474	1	886578	0.0000011
all	3475	1	886578	0.0000011
all	3477	2	886578	0.0000023
all	3478	1	886578	0.0000011
all	3479	1	886578	0.0000011
all	3481	2	886578	0.0000023
all	3485	1	886578	0.0000011
all	3486	1	886578	0.0000011
all	3487	1	886578	0.0000011
all	3488	1	886578	0.0000011
all	3490	1	886578	0.0000011
all	3491	2	886578	0.0000023
all	3493	1	886578	0.0000011
all	3494	1	886578	0.0000011
all	3496	1	886578	0.0000011
all	3497	2	886578	0.0000023
all	3498	1	886578	0.0000011
all	3499	2	886578	0.0000023
all	3500	1	886578	0.0000011
all	3501	1	886578	0.0000011
all	3503	1	886578	0.0000011
all	3505	1	886578	0.0000011
all	3507	4	886578	0.0000045
all	3509	1	886578	0.0000011
all	3511	1	886578	0.0000011
all	3514	2	886578	0.0000023
all	3516	1	886578	0.0000011
all	3517	1	886578	0.0000011
all	3519	1	886578	0.0000011
all	3520	1	886578	0.0000011
all	3521	1	886578	0.0000011
all	3527	1	886578	0.0000011
all	3530	2	886578	0.0000023
all	3535	1	886578	0.0000011
all	3539	1	886578	0.0000011
all	3546	2	886578	0.0000023
all	3548	1	886578	0.0000011
all	3551	1	886578	0.0000011
all	3552	2	886578	0.0000023
all	3553	1	886578	0.0000011
all	3565	2	886578	0.0000023
all	3571	1	886578	0.0000011
all	3572	1	886578	0.0000011
all	3575	1	886578	0.0000011
all	3577	1	886578	0.0000011
all	3581	1	886578	0.0000011
all	3582	1	886578	0.0000011
all	3585	1	886578	0.0000011
all	3587	1	886578	0.0000011
all	3588	2	886578	0.0000023
all	3596	1	886578	0.0000011
all	3600	2	886578	0.0000023
all	3601	1	886578	0.0000011
all	3603	1	886578	0.0000011
all	3606	1	886578	0.0000011
all	3608	1	886578	0.0000011
all	3610	1	886578	0.0000011
all	3613	2	886578	0.0000023
all	3617	1	886578	0.0000011
all	3622	1	886578	0.0000011
all	3627	2	886578	0.0000023
all	3629	1	886578	0.0000011
all	3632	1	886578	0.0000011
all	3633	2	886578	0.0000023
all	3634	1	886578	0.0000011
all	3636	2	886578	0.0000023
all	3637	1	886578	0.0000011
all	3640	1	886578	0.0000011
all	3642	3	886578	0.0000034
all	3649	1	886578	0.0000011
all	3650	1	886578	0.0000011
all	3653	2	886578	0.0000023
all	3656	1	886578	0.0000011
all	3657	1	886578	0.0000011
all	3658	1	886578	0.0000011
all	3670	2	886578	0.0000023
all	3671	1	886578	0.0000011
all	3676	2	886578	0.0000023
all	3678	1	886578	0.0000011
all	3679	1	886578	0.0000011
all	3680	1	886578	0.0000011
all	3681	2	886578	0.0000023
all	3695	1	886578	0.0000011
all	3697	1	886578	0.0000011
all	3706	2	886578	0.0000023
all	3707	1	886578	0.0000011
all	3709	1	886578	0.0000011
all	3713	1	886578	0.0000011
all	3714	1	886578	0.0000011
all	3729	1	886578	0.0000011
all	3730	1	886578	0.0000011
all	3738	1	886578	0.0000011
all	3739	1	886578	0.0000011
all	3742	2	886578	0.0000023
all	3747	1	886578	0.0000011
all	3751	1	886578	0.0000011
all	3756	2	886578	0.0000023
all	3757	1	886578	0.0000011
all	3760	1	886578	0.0000011
all	3768	1	886578	0.0000011
all	3770	1	886578	0.0000011
all	3779	1	886578	0.0000011
all	3782	2	886578	0.0000023
all	3786	1	886578	0.0000011
all	3794	1	886578	0.0000011
all	3795	1	886578	0.0000011
all	3800	1	886578	0.0000011
all	3801	1	886578	0.0000011
all	3807	1	886578	0.0000011
all	3810	1	886578	0.0000011
all	3814	1	886578	0.0000011
all	3819	3	886578	0.0000034
all	3834	1	886578	0.0000011
all	3836	1	886578	0.0000011
all	3843	2	886578	0.0000023
all	3850	1	886578	0.0000011
all	3853	2	886578	0.0000023
all	3859	1	886578	0.0000011
all	3865	1	886578	0.0000011
all	3867	1	886578	0.0000011
all	3872	1	886578	0.0000011
all	3878	1	886578	0.0000011
all	3881	1	886578	0.0000011
all	3883	1	886578	0.0000011
all	3887	1	886578	0.0000011
all	3888	1	886578	0.0000011
all	3890	1	886578	0.0000011
all	3891	1	886578	0.0000011
all	3893	1	886578	0.0000011
all	3894	1	886578	0.0000011
all	3901	1	886578	0.0000011
all	3902	2	886578	0.0000023
all	3905	1	886578	0.0000011
all	3907	2	886578	0.0000023
all	3908	1	886578	0.0000011
all	3916	1	886578	0.0000011
all	3917	1	886578	0.0000011
all	3920	1	886578	0.0000011
all	3921	1	886578	0.0000011
all	3923	1	886578	0.0000011
all	3928	1	886578	0.0000011
all	3930	1	886578	0.0000011
all	3939	1	886578	0.0000011
all	3943	1	886578	0.0000011
all	3950	2	886578	0.0000023
all	3951	1	886578	0.0000011
all	3952	1	886578	0.0000011
all	3953	3	886578	0.0000034
all	3955	1	886578	0.0000011
all	3960	3	886578	0.0000034
all	3961	1	886578	0.0000011
all	3963	1	886578	0.0000011
all	3970	1	886578	0.0000011
all	3976	1	886578	0.0000011
all	3987	1	886578	0.0000011
all	3988	3	886578	0.0000034
all	3992	1	886578	0.0000011
all	3994	1	886578	0.0000011
all	3995	1	886578	0.0000011
all	3997	1	886578	0.0000011
all	4001	1	886578	0.0000011
all	4002	1	886578	0.0000011
all	4007	2	886578	0.0000023
all	4009	2	886578	0.0000023
all	4011	1	886578	0.0000011
all	4012	1	886578	0.0000011
all	4017	1	886578	0.0000011
all	4018	2	886578	0.0000023
all	4019	1	886578	0.0000011
all	4021	2	886578	0.0000023
all	4022	1	886578	0.0000011
all	4027	2	886578	0.0000023
all	4036	1	886578	0.0000011
all	4040	1	886578	0.0000011
all	4050	3	886578	0.0000034
all	4052	1	886578	0.0000011
all	4055	1	886578	0.0000011
all	4060	1	886578	0.0000011
all	4064	1	886578	0.0000011
all	4065	1	886578	0.0000011
all	4066	1	886578	0.0000011
all	4068	2	886578	0.0000023
all	4075	1	886578	0.0000011
all	4077	1	886578	0.0000011
all	4081	1	886578	0.0000011
all	4084	2	886578	0.0000023
all	4085	1	886578	0.0000011
all	4087	1	886578	0.0000011
all	4089	1	886578	0.0000011
all	4092	1	886578	0.0000011
all	4094	2	886578	0.0000023
all	4097	1	886578	0.0000011
all	4098	2	886578	0.0000023
all	4101	1	886578	0.0000011
all	4102	1	886578	0.0000011
all	4104	1	886578	0.0000011
all	4106	3	886578	0.0000034
all	4109	1	886578	0.0000011
all	4112	3	886578	0.0000034
all	4116	1	886578	0.0000011
all	4117	1	886578	0.0000011
all	4120	1	886578	0.0000011
all	4127	1	886578	0.0000011
all	4129	2	886578	0.0000023
all	4133	1	886578	0.0000011
all	4135	1	886578	0.0000011
all	4137	1	886578	0.0000011
all	4138	1	886578	0.0000011
all	4139	2	886578	0.0000023
all	4142	1	886578	0.0000011
all	4145	2	886578	0.0000023
all	4146	1	886578	0.0000011
all	4147	1	886578	0.0000011
all	4150	2	886578	0.0000023
all	4153	2	886578	0.0000023
all	4154	1	886578	0.0000011
all	4155	3	886578	0.0000034
all	4156	1	886578	0.0000011
all	4159	1	886578	0.0000011
all	4160	1	886578	0.0000011
all	4162	2	886578	0.0000023
all	4164	1	886578	0.0000011
all	4166	1	886578	0.0000011
all	4168	1	886578	0.0000011
all	4169	1	886578	0.0000011
all	4170	1	886578	0.0000011
all	4176	1	886578	0.0000011
all	4177	1	886578	0.0000011
all	4178	1	886578	0.0000011
all	4180	1	886578	0.0000011
all	4183	1	886578	0.0000011
all	4184	1	886578	0.0000011
all	4185	1	886578	0.0000011
all	4186	2	886578	0.0000023
all	4187	2	886578	0.0000023
all	4188	1	886578	0.0000011
all	4190	1	886578	0.0000011
all	4191	2	886578	0.0000023
all	4192	1	886578	0.0000011
all	4193	1	886578	0.0000011
all	4194	1	886578	0.0000011
all	4195	2	886578	0.0000023
all	4198	2	886578	0.0000023
all	4199	2	886578	0.0000023
all	4201	1	886578	0.0000011
all	4202	2	886578	0.0000023
all	4207	3	886578	0.0000034
all	4208	2	886578	0.0000023
all	4209	1	886578	0.0000011
all	4210	1	886578	0.0000011
all	4211	4	886578	0.0000045
all	4213	2	886578	0.0000023
all	4214	2	886578	0.0000023
all	4215	1	886578	0.0000011
all	4220	2	886578	0.0000023
all	4224	2	886578	0.0000023
all	4225	1	886578	0.0000011
all	4226	1	886578	0.0000011
all	4228	1	886578	0.0000011
all	4229	1	886578	0.0000011
all	4230	1	886578	0.0000011
all	4233	1	886578	0.0000011
all	4238	1	886578	0.0000011
all	4245	1	886578	0.0000011
all	4247	1	886578	0.0000011
all	4248	2	886578	0.0000023
all	4249	2	886578	0.0000023
all	4250	1	886578	0.0000011
all	4252	1	886578	0.0000011
all	4254	1	886578	0.0000011
all	4259	1	886578	0.0000011
all	4261	1	886578	0.0000011
all	4262	1	886578	0.0000011
all	4263	1	886578	0.0000011
all	4264	1	886578	0.0000011
all	4265	1	886578	0.0000011
all	4267	1	886578	0.0000011
all	4271	1	886578	0.0000011
all	4276	1	886578	0.0000011
all	4277	1	886578	0.0000011
all	4278	1	886578	0.0000011
all	4286	2	886578	0.0000023
all	4287	1	886578	0.0000011
all	4290	1	886578	0.0000011
all	4292	1	886578	0.0000011
all	4293	1	886578	0.0000011
all	4294	1	886578	0.0000011
all	4295	1	886578	0.0000011
all	4298	1	886578	0.0000011
all	4299	1	886578	0.0000011
all	4304	1	886578	0.0000011
all	4306	1	886578	0.0000011
all	4307	1	886578	0.0000011
all	4311	1	886578	0.0000011
all	4313	4	886578	0.0000045
all	4314	1	886578	0.0000011
all	4317	2	886578	0.0000023
all	4319	1	886578	0.0000011
all	4321	1	886578	0.0000011
all	4322	1	886578	0.0000011
all	4324	1	886578	0.0000011
all	4325	3	886578	0.0000034
all	4326	1	886578	0.0000011
all	4327	1	886578	0.0000011
all	4328	1	886578	0.0000011
all	4329	2	886578	0.0000023
all	4331	2	886578	0.0000023
all	4332	2	886578	0.0000023
all	4333	1	886578	0.0000011
all	4336	1	886578	0.0000011
all	4337	1	886578	0.0000011
all	4338	1	886578	0.0000011
all	4343	2	886578	0.0000023
all	4349	2	886578	0.0000023
all	4354	1	886578	0.0000011
all	4355	1	886578	0.0000011
all	4359	1	886578	0.0000011
all	4362	1	886578	0.0000011
all	4363	1	886578	0.0000011
all	4364	1	886578	0.0000011
all	4368	1	886578	0.0000011
all	4369	1	886578	0.0000011
all	4370	2	886578	0.0000023
all	4375	1	886578	0.0000011
all	4380	1	886578	0.0000011
all	4383	1	886578	0.0000011
all	4384	1	886578	0.0000011
all	4391	1	886578	0.0000011
all	4394	1	886578	0.0000011
all	4396	1	886578	0.0000011
all	4398	1	886578	0.0000011
all	4406	1	886578	0.0000011
all	4407	1	886578	0.0000011
all	4408	1	886578	0.0000011
all	4418	1	886578	0.0000011
all	4419	1	886578	0.0000011
all	4425	2	886578	0.0000023
all	4426	2	886578	0.0000023
all	4432	1	886578	0.0000011
all	4434	2	886578	0.0000023
all	4439	1	886578	0.0000011
all	4442	1	886578	0.0000011
all	4444	1	886578	0.0000011
all	4452	1	886578	0.0000011
all	4453	3	886578	0.0000034
all	4455	1	886578	0.0000011
all	4465	1	886578	0.0000011
all	4466	2	886578	0.0000023
all	4467	1	886578	0.0000011
all	4469	1	886578	0.0000011
all	4470	2	886578	0.0000023
all	4471	1	886578	0.0000011
all	4477	1	886578	0.0000011
all	4479	2	886578	0.0000023
all	4482	1	886578	0.0000011
all	4484	1	886578	0.0000011
all	4486	1	886578	0.0000011
all	4487	1	886578	0.0000011
all	4488	1	886578	0.0000011
all	4494	1	886578	0.0000011
all	4495	1	886578	0.0000011
all	4496	2	886578	0.0000023
all	4497	1	886578	0.0000011
all	4501	1	886578	0.0000011
all	4504	1	886578	0.0000011
all	4509	3	886578	0.0000034
all	4510	1	886578	0.0000011
all	4517	1	886578	0.0000011
all	4526	1	886578	0.0000011
all	4527	1	886578	0.0000011
all	4528	1	886578	0.0000011
all	4531	2	886578	0.0000023
all	4536	2	886578	0.0000023
all	4537	1	886578	0.0000011
all	4540	1	886578	0.0000011
all	4541	1	886578	0.0000011
all	4542	1	886578	0.0000011
all	4544	1	886578	0.0000011
all	4547	1	886578	0.0000011
all	4551	1	886578	0.0000011
all	4552	1	886578	0.0000011
all	4554	1	886578	0.0000011
all	4559	1	886578	0.0000011
all	4560	1	886578	0.0000011
all	4561	2	886578	0.0000023
all	4566	1	886578	0.0000011
all	4571	1	886578	0.0000011
all	4576	1	886578	0.0000011
all	4577	1	886578	0.0000011
all	4583	2	886578	0.0000023
all	4588	1	886578	0.0000011
all	4590	1	886578	0.0000011
all	4591	2	886578	0.0000023
all	4596	2	886578	0.0000023
all	4599	1	886578	0.0000011
all	4600	1	886578	0.0000011
all	4601	2	886578	0.0000023
all	4604	2	886578	0.0000023
all	4612	2	886578	0.0000023
all	4613	1	886578	0.0000011
all	4614	1	886578	0.0000011
all	4615	1	886578	0.0000011
all	4619	1	886578	0.0000011
all	4620	1	886578	0.0000011
all	4622	1	886578	0.0000011
all	4623	1	886578	0.0000011
all	4630	1	886578	0.0000011
all	4631	1	886578	0.0000011
all	4633	1	886578	0.0000011
all	4639	1	886578	0.0000011
all	4641	2	886578	0.0000023
all	4643	1	886578	0.0000011
all	4648	1	886578	0.0000011
all	4654	2	886578	0.0000023
all	4656	1	886578	0.0000011
all	4657	1	886578	0.0000011
all	4659	1	886578	0.0000011
all	4661	2	886578	0.0000023
all	4662	1	886578	0.0000011
all	4663	1	886578	0.0000011
all	4665	1	886578	0.0000011
all	4669	1	886578	0.0000011
all	4670	1	886578	0.0000011
all	4673	1	886578	0.0000011
all	4675	2	886578	0.0000023
all	4677	1	886578	0.0000011
all	4678	2	886578	0.0000023
all	4680	1	886578	0.0000011
all	4682	2	886578	0.0000023
all	4687	1	886578	0.0000011
all	4689	1	886578	0.0000011
all	4692	1	886578	0.0000011
all	4700	1	886578	0.0000011
all	4707	1	886578	0.0000011
all	4709	1	886578	0.0000011
all	4715	1	886578	0.0000011
all	4716	1	886578	0.0000011
all	4717	1	886578	0.0000011
all	4726	1	886578	0.0000011
all	4728	2	886578	0.0000023
all	4732	2	886578	0.0000023
all	4735	1	886578	0.0000011
all	4736	2	886578	0.0000023
all	4742	1	886578	0.0000011
all	4743	1	886578	0.0000011
all	4749	1	886578	0.0000011
all	4757	1	886578	0.0000011
all	4764	3	886578	0.0000034
all	4768	2	886578	0.0000023
all	4770	2	886578	0.0000023
all	4772	2	886578	0.0000023
all	4773	3	886578	0.0000034
all	4778	1	886578	0.0000011
all	4779	1	886578	0.0000011
all	4782	1	886578	0.0000011
all	4786	1	886578	0.0000011
all	4788	1	886578	0.0000011
all	4789	1	886578	0.0000011
all	4794	1	886578	0.0000011
all	4796	3	886578	0.0000034
all	4797	1	886578	0.0000011
all	4803	1	886578	0.0000011
all	4806	3	886578	0.0000034
all	4809	3	886578	0.0000034
all	4810	1	886578	0.0000011
all	4811	2	886578	0.0000023
all	4814	1	886578	0.0000011
all	4817	1	886578	0.0000011
all	4818	1	886578	0.0000011
all	4819	2	886578	0.0000023
all	4821	1	886578	0.0000011
all	4831	1	886578	0.0000011
all	4832	1	886578	0.0000011
all	4834	1	886578	0.0000011
all	4835	1	886578	0.0000011
all	4837	1	886578	0.0000011
all	4841	1	886578	0.0000011
all	4843	1	886578	0.0000011
all	4844	2	886578	0.0000023
all	4846	1	886578	0.0000011
all	4847	1	886578	0.0000011
all	4851	1	886578	0.0000011
all	4852	2	886578	0.0000023
all	4853	2	886578	0.0000023
all	4859	2	886578	0.0000023
all	4863	1	886578	0.0000011
all	4866	1	886578	0.0000011
all	4869	1	886578	0.0000011
all	4871	1	886578	0.0000011
all	4873	1	886578	0.0000011
all	4878	1	886578	0.0000011
all	4880	1	886578	0.0000011
all	4886	1	886578	0.0000011
all	4892	1	886578	0.0000011
all	4895	2	886578	0.0000023
all	4905	1	886578	0.0000011
all	4914	1	886578	0.0000011
all	4916	1	886578	0.0000011
all	4917	1	886578	0.0000011
all	4919	1	886578	0.0000011
all	4921	1	886578	0.0000011
all	4925	1	886578	0.0000011
all	4933	1	886578	0.0000011
all	4937	1	886578	0.0000011
all	4938	1	886578	0.0000011
all	4940	1	886578	0.0000011
all	4941	1	886578	0.0000011
all	4942	1	886578	0.0000011
all	4943	1	886578	0.0000011
all	4944	1	886578	0.0000011
all	4948	2	886578	0.0000023
all	4950	1	886578	0.0000011
all	4952	2	886578	0.0000023
all	4953	1	886578	0.0000011
all	4955	1	886578	0.0000011
all	4958	1	886578	0.0000011
all	4959	2	886578	0.0000023
all	4962	2	886578	0.0000023
all	4970	2	886578	0.0000023
all	4977	1	886578	0.0000011
all	4978	1	886578	0.0000011
all	4979	1	886578	0.0000011
all	4988	1	886578	0.0000011
all	4995	1	886578	0.0000011
all	4996	1	886578	0.0000011
all	5004	1	886578	0.0000011
all	5005	1	886578	0.0000011
all	5008	1	886578	0.0000011
all	5012	2	886578	0.0000023
all	5013	1	886578	0.0000011
all	5015	1	886578	0.0000011
all	5022	1	886578	0.0000011
all	5023	2	886578	0.0000023
all	5030	1	886578	0.0000011
all	5042	1	886578	0.0000011
all	5044	1	886578	0.0000011
all	5047	1	886578	0.0000011
all	5048	1	886578	0.0000011
all	5052	1	886578	0.0000011
all	5063	1	886578	0.0000011
all	5067	1	886578	0.0000011
all	5071	2	886578	0.0000023
all	5074	1	886578	0.0000011
all	5077	1	886578	0.0000011
all	5080	1	886578	0.0000011
all	5082	1	886578	0.0000011
all	5084	1	886578	0.0000011
all	5085	1	886578	0.0000011
all	5092	1	886578	0.0000011
all	5099	1	886578	0.0000011
all	5101	1	886578	0.0000011
all	5103	1	886578	0.0000011
all	5104	1	886578	0.0000011
all	5107	2	886578	0.0000023
all	5108	1	886578	0.0000011
all	5111	1	886578	0.0000011
all	5119	1	886578	0.0000011
all	5130	2	886578	0.0000023
all	5133	1	886578	0.0000011
all	5134	1	886578	0.0000011
all	5135	1	886578	0.0000011
all	5139	1	886578	0.0000011
all	5142	4	886578	0.0000045
all	5144	1	886578	0.0000011
all	5145	1	886578	0.0000011
all	5146	2	886578	0.0000023
all	5155	1	886578	0.0000011
all	5156	1	886578	0.0000011
all	5157	1	886578	0.0000011
all	5160	1	886578	0.0000011
all	5161	1	886578	0.0000011
all	5162	1	886578	0.0000011
all	5166	2	886578	0.0000023
all	5167	1	886578	0.0000011
all	5172	1	886578	0.0000011
all	5178	1	886578	0.0000011
all	5179	1	886578	0.0000011
all	5181	2	886578	0.0000023
all	5192	1	886578	0.0000011
all	5200	1	886578	0.0000011
all	5203	1	886578	0.0000011
all	5206	1	886578	0.0000011
all	5214	1	886578	0.0000011
all	5218	1	886578	0.0000011
all	5219	1	886578	0.0000011
all	5221	1	886578	0.0000011
all	5225	1	886578	0.0000011
all	5227	1	886578	0.0000011
all	5242	1	886578	0.0000011
all	5245	1	886578	0.0000011
all	5250	1	886578	0.0000011
all	5251	1	886578	0.0000011
all	5255	1	886578	0.0000011
all	5257	1	886578	0.0000011
all	5260	1	886578	0.0000011
all	5261	1	886578	0.0000011
all	5263	1	886578	0.0000011
all	5269	1	886578	0.0000011
all	5291	1	886578	0.0000011
all	5296	1	886578	0.0000011
all	5303	1	886578	0.0000011
all	5318	1	886578	0.0000011
all	5321	1	886578	0.0000011
all	5325	1	886578	0.0000011
all	5329	1	886578	0.0000011
all	5338	1	886578	0.0000011
all	5339	1	886578	0.0000011
all	5355	2	886578	0.0000023
all	5360	1	886578	0.0000011
all	5361	1	886578	0.0000011
all	5369	2	886578	0.0000023
all	5371	1	886578	0.0000011
all	5375	1	886578	0.0000011
all	5378	1	886578	0.0000011
all	5380	1	886578	0.0000011
all	5381	3	886578	0.0000034
all	5384	2	886578	0.0000023
all	5392	2	886578	0.0000023
all	5394	1	886578	0.0000011
all	5406	1	886578	0.0000011
all	5417	1	886578	0.0000011
all	5422	1	886578	0.0000011
all	5425	1	886578	0.0000011
all	5436	1	886578	0.0000011
all	5451	1	886578	0.0000011
all	5463	1	886578	0.0000011
all	5464	1	886578	0.0000011
all	5469	3	886578	0.0000034
all	5472	1	886578	0.0000011
all	5476	1	886578	0.0000011
all	5497	1	886578	0.0000011
all	5500	1	886578	0.0000011
all	5505	1	886578	0.0000011
all	5511	1	886578	0.0000011
all	5513	2	886578	0.0000023
all	5514	1	886578	0.0000011
all	5516	1	886578	0.0000011
all	5545	1	886578	0.0000011
all	5546	1	886578	0.0000011
all	5552	1	886578	0.0000011
all	5559	1	886578	0.0000011
all	5560	1	886578	0.0000011
all	5562	1	886578	0.0000011
all	5569	1	886578	0.0000011
all	5571	1	886578	0.0000011
all	5575	1	886578	0.0000011
all	5580	1	886578	0.0000011
all	5593	1	886578	0.0000011
all	5614	1	886578	0.0000011
all	5618	1	886578	0.0000011
all	5621	1	886578	0.0000011
all	5623	2	886578	0.0000023
all	5635	1	886578	0.0000011
all	5638	1	886578	0.0000011
all	5639	1	886578	0.0000011
all	5644	1	886578	0.0000011
all	5645	1	886578	0.0000011
all	5646	1	886578	0.0000011
all	5650	1	886578	0.0000011
all	5651	1	886578	0.0000011
all	5656	1	886578	0.0000011
all	5662	1	886578	0.0000011
all	5665	1	886578	0.0000011
all	5666	1	886578	0.0000011
all	5670	2	886578	0.0000023
all	5673	1	886578	0.0000011
all	5676	1	886578	0.0000011
all	5682	1	886578	0.0000011
all	5690	1	886578	0.0000011
all	5697	1	886578	0.0000011
all	5706	1	886578	0.0000011
all	5707	1	886578	0.0000011
all	5715	1	886578	0.0000011
all	5717	1	886578	0.0000011
all	5720	1	886578	0.0000011
all	5727	1	886578	0.0000011
all	5731	1	886578	0.0000011
all	5733	1	886578	0.0000011
all	5734	2	886578	0.0000023
all	5739	1	886578	0.0000011
all	5741	1	886578	0.0000011
all	5744	1	886578	0.0000011
all	5752	1	886578	0.0000011
all	5754	1	886578	0.0000011
all	5755	1	886578	0.0000011
all	5757	1	886578	0.0000011
all	5763	1	886578	0.0000011
all	5765	1	886578	0.0000011
all	5768	1	886578	0.0000011
all	5774	1	886578	0.0000011
all	5777	1	886578	0.0000011
all	5780	1	886578	0.0000011
all	5781	1	886578	0.0000011
all	5784	1	886578	0.0000011
all	5786	1	886578	0.0000011
all	5790	3	886578	0.0000034
all	5791	1	886578	0.0000011
all	5793	2	886578	0.0000023
all	5794	1	886578	0.0000011
all	5795	2	886578	0.0000023
all	5799	1	886578	0.0000011
all	5804	1	886578	0.0000011
all	5815	1	886578	0.0000011
all	5825	1	886578	0.0000011
all	5835	1	886578	0.0000011
all	5858	1	886578	0.0000011
all	5864	1	886578	0.0000011
all	5866	1	886578	0.0000011
all	5868	1	886578	0.0000011
all	5873	1	886578	0.0000011
all	5876	2	886578	0.0000023
all	5880	1	886578	0.0000011
all	5883	1	886578	0.0000011
all	5886	1	886578	0.0000011
all	5889	1	886578	0.0000011
all	5894	2	886578	0.0000023
all	5900	1	886578	0.0000011
all	5901	1	886578	0.0000011
all	5921	1	886578	0.0000011
all	5924	1	886578	0.0000011
all	5933	2	886578	0.0000023
all	5958	1	886578	0.0000011
all	5969	1	886578	0.0000011
all	5976	1	886578	0.0000011
all	5982	1	886578	0.0000011
all	5984	1	886578	0.0000011
all	5991	1	886578	0.0000011
all	5992	1	886578	0.0000011
all	5997	1	886578	0.0000011
all	6004	1	886578	0.0000011
all	6007	1	886578	0.0000011
all	6013	1	886578	0.0000011
all	6036	1	886578	0.0000011
all	6049	1	886578	0.0000011
all	6057	1	886578	0.0000011
all	6058	1	886578	0.0000011
all	6065	1	886578	0.0000011
all	6085	1	886578	0.0000011
all	6086	1	886578	0.0000011
all	6088	1	886578	0.0000011
all	6109	1	886578	0.0000011
all	6111	1	886578	0.0000011
all	6124	1	886578	0.0000011
all	6131	1	886578	0.0000011
all	6149	1	886578	0.0000011
all	6153	1	886578	0.0000011
all	6154	1	886578	0.0000011
all	6155	1	886578	0.0000011
all	6156	1	886578	0.0000011
all	6157	1	886578	0.0000011
all	6160	3	886578	0.0000034
all	6161	2	886578	0.0000023
all	6167	2	886578	0.0000023
all	6175	1	886578	0.0000011
all	6177	1	886578	0.0000011
all	6180	1	886578	0.0000011
all	6183	1	886578	0.0000011
all	6185	1	886578	0.0000011
all	6187	1	886578	0.0000011
all	6190	1	886578	0.0000011
all	6198	1	886578	0.0000011
all	6200	1	886578	0.0000011
all	6204	1	886578	0.0000011
all	6209	1	886578	0.0000011
all	6221	1	886578	0.0000011
all	6245	1	886578	0.0000011
all	6248	1	886578	0.0000011
all	6260	1	886578	0.0000011
all	6263	1	886578	0.0000011
all	6276	1	886578	0.0000011
all	6290	1	886578	0.0000011
all	6316	1	886578	0.0000011
all	6335	1	886578	0.0000011
all	6349	1	886578	0.0000011
all	6350	1	886578	0.0000011
all	6400	1	886578	0.0000011
all	6426	1	886578	0.0000011
all	6438	1	886578	0.0000011
all	6442	1	886578	0.0000011
all	6451	1	886578	0.0000011
all	6467	1	886578	0.0000011
all	6471	1	886578	0.0000011
all	6487	1	886578	0.0000011
all	6489	1	886578	0.0000011
all	6508	1	886578	0.0000011
all	6528	1	886578	0.0000011
all	6535	1	886578	0.0000011
all	6539	1	886578	0.0000011
all	6552	1	886578	0.0000011
all	6564	1	886578	0.0000011
all	6573	2	886578	0.0000023
all	6580	1	886578	0.0000011
all	6587	1	886578	0.0000011
all	6599	1	886578	0.0000011
all	6600	2	886578	0.0000023
all	6609	2	886578	0.0000023
all	6616	1	886578	0.0000011
all	6633	1	886578	0.0000011
all	6653	1	886578	0.0000011
all	6658	2	886578	0.0000023
all	6678	1	886578	0.0000011
all	6682	1	886578	0.0000011
all	6684	1	886578	0.0000011
all	6690	1	886578	0.0000011
all	6692	1	886578	0.0000011
all	6696	1	886578	0.0000011
all	6702	1	886578	0.0000011
all	6704	2	886578	0.0000023
all	6712	1	886578	0.0000011
all	6714	2	886578	0.0000023
all	6717	1	886578	0.0000011
all	6718	1	886578	0.0000011
all	6719	1	886578	0.0000011
all	6721	1	886578	0.0000011
all	6724	1	886578	0.0000011
all	6725	1	886578	0.0000011
all	6726	1	886578	0.0000011
all	6729	1	886578	0.0000011
all	6731	1	886578	0.0000011
all	6732	1	886578	0.0000011
all	6734	1	886578	0.0000011
all	6737	1	886578	0.0000011
all	6742	1	886578	0.0000011
all	6744	1	886578	0.0000011
all	6749	1	886578	0.0000011
all	6752	2	886578	0.0000023
all	6756	1	886578	0.0000011
all	6772	1	886578	0.0000011
all	6779	2	886578	0.0000023
all	6788	1	886578	0.0000011
all	6802	1	886578	0.0000011
all	6812	1	886578	0.0000011
all	6822	1	886578	0.0000011
all	6831	1	886578	0.0000011
all	6841	1	886578	0.0000011
all	6852	1	886578	0.0000011
all	6857	1	886578	0.0000011
all	6865	1	886578	0.0000011
all	6877	1	886578	0.0000011
all	6880	1	886578	0.0000011
all	6882	1	886578	0.0000011
all	6885	1	886578	0.0000011
all	6891	1	886578	0.0000011
all	6894	1	886578	0.0000011
all	6898	1	886578	0.0000011
all	6907	1	886578	0.0000011
all	6914	1	886578	0.0000011
all	6926	1	886578	0.0000011
all	6930	1	886578	0.0000011
all	6943	1	886578	0.0000011
all	6946	1	886578	0.0000011
all	6947	1	886578	0.0000011
all	6958	2	886578	0.0000023
all	6972	1	886578	0.0000011
all	6974	1	886578	0.0000011
all	6975	1	886578	0.0000011
all	6994	1	886578	0.0000011
all	7003	1	886578	0.0000011
all	7004	2	886578	0.0000023
all	7006	1	886578	0.0000011
all	7014	1	886578	0.0000011
all	7025	2	886578	0.0000023
all	7027	1	886578	0.0000011
all	7033	1	886578	0.0000011
all	7036	1	886578	0.0000011
all	7047	1	886578	0.0000011
all	7049	1	886578	0.0000011
all	7061	1	886578	0.0000011
all	7062	1	886578	0.0000011
all	7063	1	886578	0.0000011
all	7069	1	886578	0.0000011
all	7070	1	886578	0.0000011
all	7071	1	886578	0.0000011
all	7094	1	886578	0.0000011
all	7096	1	886578	0.0000011
all	7106	1	886578	0.0000011
all	7116	1	886578	0.0000011
all	7154	1	886578	0.0000011
all	7164	1	886578	0.0000011
all	7182	1	886578	0.0000011
all	7192	1	886578	0.0000011
all	7209	1	886578	0.0000011
all	7221	1	886578	0.0000011
all	7236	1	886578	0.0000011
all	7261	1	886578	0.0000011
all	7306	1	886578	0.0000011
all	7313	1	886578	0.0000011
all	7345	2	886578	0.0000023
all	7368	1	886578	0.0000011
all	7385	1	886578	0.0000011
all	7389	1	886578	0.0000011
all	7413	1	886578	0.0000011
all	7422	1	886578	0.0000011
all	7437	1	886578	0.0000011
all	7440	1	886578	0.0000011
all	7443	1	886578	0.0000011
all	7445	1	886578	0.0000011
all	7446	1	886578	0.0000011
all	7452	1	886578	0.0000011
all	7465	1	886578	0.0000011
all	7466	1	886578	0.0000011
all	7468	1	886578	0.0000011
all	7469	2	886578	0.0000023
all	7470	1	886578	0.0000011
all	7475	1	886578	0.0000011
all	7479	1	886578	0.0000011
all	7495	1	886578	0.0000011
all	7508	1	886578	0.0000011
all	7522	1	886578	0.0000011
all	7528	1	886578	0.0000011
all	7535	1	886578	0.0000011
all	7538	1	886578	0.0000011
all	7544	1	886578	0.0000011
all	7549	1	886578	0.0000011
all	7550	1	886578	0.0000011
all	7551	1	886578	0.0000011
all	7560	1	886578	0.0000011
all	7568	2	886578	0.0000023
all	7587	1	886578	0.0000011
all	7591	1	886578	0.0000011
all	7601	1	886578	0.0000011
all	7607	1	886578	0.0000011
all	7617	1	886578	0.0000011
all	7679	1	886578	0.0000011
all	7681	1	886578	0.0000011
all	7740	1	886578	0.0000011
all	7747	1	886578	0.0000011
all	7814	1	886578	0.0000011
all	7832	1	886578	0.0000011
all	7888	1	886578	0.0000011
all	7890	1	886578	0.0000011
all	7893	1	886578	0.0000011
all	7900	1	886578	0.0000011
all	7907	1	886578	0.0000011
all	7908	1	886578	0.0000011
all	7915	1	886578	0.0000011
all	7922	1	886578	0.0000011
all	7925	1	886578	0.0000011
all	7927	1	886578	0.0000011
all	7931	1	886578	0.0000011
all	7932	1	886578	0.0000011
all	7956	1	886578	0.0000011
all	7962	1	886578	0.0000011
all	7972	1	886578	0.0000011
all	7980	1	886578	0.0000011
all	7993	1	886578	0.0000011
all	8001	1	886578	0.0000011
all	8017	1	886578	0.0000011
all	8020	1	886578	0.0000011
all	8021	1	886578	0.0000011
all	8023	1	886578	0.0000011
all	8037	1	886578	0.0000011
all	8038	1	886578	0.0000011
all	8040	1	886578	0.0000011
all	8046	1	886578	0.0000011
all	8048	1	886578	0.0000011
all	8051	1	886578	0.0000011
all	8052	1	886578	0.0000011
all	8053	1	886578	0.0000011
all	8058	1	886578	0.0000011
all	8062	1	886578	0.0000011
all	8063	1	886578	0.0000011
all	8072	1	886578	0.0000011
all	8079	1	886578	0.0000011
all	8080	1	886578	0.0000011
all	8082	1	886578	0.0000011
all	8085	1	886578	0.0000011
all	8089	1	886578	0.0000011
all	8095	1	886578	0.0000011
all	8097	1	886578	0.0000011
all	8099	2	886578	0.0000023
all	8101	2	886578	0.0000023
all	8113	1	886578	0.0000011
all	8115	1	886578	0.0000011
all	8143	1	886578	0.0000011
all	8145	1	886578	0.0000011
all	8160	1	886578	0.0000011
all	8177	1	886578	0.0000011
all	8274	1	886578	0.0000011
all	8332	1	886578	0.0000011
all	8413	1	886578	0.0000011
all	8508	1	886578	0.0000011
all	8596	1	886578	0.0000011
all	8663	1	886578	0.0000011
all	8709	1	886578	0.0000011
all	8783	1	886578	0.0000011
all	8844	1	886578	0.0000011
all	8958	1	886578	0.0000011
all	9052	1	886578	0.0000011
all	9182	1	886578	0.0000011
all	9234	1	886578	0.0000011
all	9257	1	886578	0.0000011
all	9362	1	886578	0.0000011
all	9522	1	886578	0.0000011
all	9594	1	886578	0.0000011
all	9661	1	886578	0.0000011
all	9721	1	886578	0.0000011
all	9796	1	886578	0.0000011
all	9901	1	886578	0.0000011
all	9962	1	886578	0.0000011
all	10059	1	886578	0.0000011
all	10212	1	886578	0.0000011
all	10274	1	886578	0.0000011
all	10459	1	886578	0.0000011
all	10630	1	886578	0.0000011
all	10707	1	886578	0.0000011
all	10724	1	886578	0.0000011
all	10778	1	886578	0.0000011
all	10789	1	886578	0.0000011
all	10831	1	886578	0.0000011
all	10902	1	886578	0.0000011
all	10957	1	886578	0.0000011
all	11024	1	886578	0.0000011
all	11032	1	886578	0.0000011
all	11111	1	886578	0.0000011
all	11177	1	886578	0.0000011
all	11218	1	886578	0.0000011
all	11237	1	886578	0.0000011
all	11269	1	886578	0.0000011
all	11276	1	886578	0.0000011
all	11288	1	886578	0.0000011
all	11295	1	886578	0.0000011
all	11304	1	886578	0.0000011
all	11325	1	886578	0.0000011
all	11344	1	886578	0.0000011
all	11378	1	886578	0.0000011
all	11390	1	886578	0.0000011
all	11400	1	886578	0.0000011
all	11435	1	886578	0.0000011
all	11464	1	886578	0.0000011
all	11520	1	886578	0.0000011
all	11529	1	886578	0.0000011
all	11633	1	886578	0.0000011
all	11670	1	886578	0.0000011
all	11700	1	886578	0.0000011
all	11743	1	886578	0.0000011
all	11746	1	886578	0.0000011
all	11774	1	886578	0.0000011
all	11804	1	886578	0.0000011
all	11823	1	886578	0.0000011
all	11857	1	886578	0.0000011
all	11861	1	886578	0.0000011
all	11862	1	886578	0.0000011
all	11908	1	886578	0.0000011
all	11913	1	886578	0.0000011
all	11972	1	886578	0.0000011
all	11975	1	886578	0.0000011
all	12000	1	886578	0.0000011
all	12005	1	886578	0.0000011
all	12037	1	886578	0.0000011
all	12052	1	886578	0.0000011
all	12062	1	886578	0.0000011
all	12074	1	886578	0.0000011
all	12090	1	886578	0.0000011
all	12116	2	886578	0.0000023
all	12123	1	886578	0.0000011
all	12124	1	886578	0.0000011
all	12152	1	886578	0.0000011
all	12160	1	886578	0.0000011
all	12194	1	886578	0.0000011
all	12235	1	886578	0.0000011
all	12268	1	886578	0.0000011
all	12270	1	886578	0.0000011
all	12272	1	886578	0.0000011
all	12282	1	886578	0.0000011
all	12292	1	886578	0.0000011
all	12328	1	886578	0.0000011
all	12333	1	886578	0.0000011
all	12335	1	886578	0.0000011
all	12336	1	886578	0.0000011
all	12343	1	886578	0.0000011
all	12349	1	886578	0.0000011
all	12356	1	886578	0.0000011
all	12357	1	886578	0.0000011
all	12369	1	886578	0.0000011
all	12374	1	886578	0.0000011
all	12387	1	886578	0.0000011
all	12388	2	886578	0.0000023
all	12392	1	886578	0.0000011
