all	0	73082	886578	0.0824316
all	1	6647	886578	0.0074974
all	2	76752	886578	0.0865711
all	3	12572	886578	0.0141804
all	4	77227	886578	0.0871068
all	5	15216	886578	0.0171626
all	6	72832	886578	0.0821496
all	7	16205	886578	0.0182781
all	8	62891	886578	0.0709368
all	9	16963	886578	0.0191331
all	10	56430	886578	0.0636492
all	11	15978	886578	0.0180221
all	12	45598	886578	0.0514315
all	13	14602	886578	0.0164701
all	14	37982	886578	0.0428411
all	15	13564	886578	0.0152993
all	16	29610	886578	0.0333981
all	17	11689	886578	0.0131844
all	18	24122	886578	0.0272080
all	19	10595	886578	0.0119504
all	20	19963	886578	0.0225169
all	21	9279	886578	0.0104661
all	22	16955	886578	0.0191241
all	23	8374	886578	0.0094453
all	24	13154	886578	0.0148368
all	25	6460	886578	0.0072864
all	26	9906	886578	0.0111733
all	27	5561	886578	0.0062724
all	28	8258	886578	0.0093145
all	29	4750	886578	0.0053577
all	30	6638	886578	0.0074872
all	31	3632	886578	0.0040967
all	32	5202	886578	0.0058675
all	33	3575	886578	0.0040324
all	34	4039	886578	0.0045557
all	35	2851	886578	0.0032157
all	36	3782	886578	0.0042658
all	37	2100	886578	0.0023687
all	38	2796	886578	0.0031537
all	39	2154	886578	0.0024296
all	40	2278	886578	0.0025694
all	41	1705	886578	0.0019231
all	42	1797	886578	0.0020269
all	43	1385	886578	0.0015622
all	44	1551	886578	0.0017494
all	45	1179	886578	0.0013298
all	46	1311	886578	0.0014787
all	47	966	886578	0.0010896
all	48	1068	886578	0.0012046
all	49	1035	886578	0.0011674
all	50	867	886578	0.0009779
all	51	885	886578	0.0009982
all	52	859	886578	0.0009689
all	53	835	886578	0.0009418
all	54	694	886578	0.0007828
all	55	490	886578	0.0005527
all	56	613	886578	0.0006914
all	57	590	886578	0.0006655
all	58	517	886578	0.0005831
all	59	385	886578	0.0004343
all	60	637	886578	0.0007185
all	61	458	886578	0.0005166
all	62	514	886578	0.0005798
all	63	476	886578	0.0005369
all	64	467	886578	0.0005267
all	65	416	886578	0.0004692
all	66	331	886578	0.0003733
all	67	272	886578	0.0003068
all	68	373	886578	0.0004207
all	69	341	886578	0.0003846
all	70	326	886578	0.0003677
all	71	300	886578	0.0003384
all	72	401	886578	0.0004523
all	73	191	886578	0.0002154
all	74	319	886578	0.0003598
all	75	239	886578	0.0002696
all	76	323	886578	0.0003643
all	77	252	886578	0.0002842
all	78	266	886578	0.0003000
all	79	345	886578	0.0003891
all	80	370	886578	0.0004173
all	81	239	886578	0.0002696
all	82	277	886578	0.0003124
all	83	165	886578	0.0001861
all	84	197	886578	0.0002222
all	85	179	886578	0.0002019
all	86	205	886578	0.0002312
all	87	201	886578	0.0002267
all	88	282	886578	0.0003181
all	89	172	886578	0.0001940
all	90	178	886578	0.0002008
all	91	246	886578	0.0002775
all	92	212	886578	0.0002391
all	93	214	886578	0.0002414
all	94	194	886578	0.0002188
all	95	126	886578	0.0001421
all	96	205	886578	0.0002312
all	97	144	886578	0.0001624
all	98	175	886578	0.0001974
all	99	168	886578	0.0001895
all	100	182	886578	0.0002053
all	101	165	886578	0.0001861
all	102	170	886578	0.0001917
all	103	160	886578	0.0001805
all	104	167	886578	0.0001884
all	105	155	886578	0.0001748
all	106	134	886578	0.0001511
all	107	199	886578	0.0002245
all	108	120	886578	0.0001354
all	109	145	886578	0.0001636
all	110	151	886578	0.0001703
all	111	178	886578	0.0002008
all	112	131	886578	0.0001478
all	113	109	886578	0.0001229
all	114	111	886578	0.0001252
all	115	118	886578	0.0001331
all	116	134	886578	0.0001511
all	117	113	886578	0.0001275
all	118	147	886578	0.0001658
all	119	107	886578	0.0001207
all	120	69	886578	0.0000778
all	121	147	886578	0.0001658
all	122	188	886578	0.0002121
all	123	109	886578	0.0001229
all	124	125	886578	0.0001410
all	125	73	886578	0.0000823
all	126	131	886578	0.0001478
all	127	99	886578	0.0001117
all	128	141	886578	0.0001590
all	129	125	886578	0.0001410
all	130	98	886578	0.0001105
all	131	87	886578	0.0000981
all	132	75	886578	0.0000846
all	133	53	886578	0.0000598
all	134	63	886578	0.0000711
all	135	56	886578	0.0000632
all	136	99	886578	0.0001117
all	137	89	886578	0.0001004
all	138	73	886578	0.0000823
all	139	55	886578	0.0000620
all	140	79	886578	0.0000891
all	141	81	886578	0.0000914
all	142	59	886578	0.0000665
all	143	58	886578	0.0000654
all	144	84	886578	0.0000947
all	145	41	886578	0.0000462
all	146	48	886578	0.0000541
all	147	50	886578	0.0000564
all	148	102	886578	0.0001150
all	149	34	886578	0.0000383
all	150	39	886578	0.0000440
all	151	43	886578	0.0000485
all	152	51	886578	0.0000575
all	153	70	886578	0.0000790
all	154	30	886578	0.0000338
all	155	54	886578	0.0000609
all	156	27	886578	0.0000305
all	157	46	886578	0.0000519
all	158	51	886578	0.0000575
all	159	56	886578	0.0000632
all	160	25	886578	0.0000282
all	161	39	886578	0.0000440
all	162	28	886578	0.0000316
all	163	44	886578	0.0000496
all	164	17	886578	0.0000192
all	165	19	886578	0.0000214
all	166	42	886578	0.0000474
all	167	37	886578	0.0000417
all	168	26	886578	0.0000293
all	169	30	886578	0.0000338
all	170	29	886578	0.0000327
all	171	43	886578	0.0000485
all	172	31	886578	0.0000350
all	173	36	886578	0.0000406
all	174	25	886578	0.0000282
all	175	38	886578	0.0000429
all	176	36	886578	0.0000406
all	177	39	886578	0.0000440
all	178	45	886578	0.0000508
all	179	26	886578	0.0000293
all	180	44	886578	0.0000496
all	181	21	886578	0.0000237
all	182	39	886578	0.0000440
all	183	48	886578	0.0000541
all	184	33	886578	0.0000372
all	185	33	886578	0.0000372
all	186	38	886578	0.0000429
all	187	42	886578	0.0000474
all	188	38	886578	0.0000429
all	189	36	886578	0.0000406
all	190	51	886578	0.0000575
all	191	36	886578	0.0000406
all	192	48	886578	0.0000541
all	193	24	886578	0.0000271
all	194	56	886578	0.0000632
all	195	26	886578	0.0000293
all	196	63	886578	0.0000711
all	197	28	886578	0.0000316
all	198	43	886578	0.0000485
all	199	11	886578	0.0000124
all	200	34	886578	0.0000383
all	201	13	886578	0.0000147
all	202	45	886578	0.0000508
all	203	16	886578	0.0000180
all	204	50	886578	0.0000564
all	205	35	886578	0.0000395
all	206	24	886578	0.0000271
all	207	25	886578	0.0000282
all	208	28	886578	0.0000316
all	209	35	886578	0.0000395
all	210	30	886578	0.0000338
all	211	14	886578	0.0000158
all	212	31	886578	0.0000350
all	213	28	886578	0.0000316
all	214	23	886578	0.0000259
all	215	25	886578	0.0000282
all	216	24	886578	0.0000271
all	217	47	886578	0.0000530
all	218	17	886578	0.0000192
all	219	35	886578	0.0000395
all	220	19	886578	0.0000214
all	221	45	886578	0.0000508
all	222	35	886578	0.0000395
all	223	32	886578	0.0000361
all	224	26	886578	0.0000293
all	225	24	886578	0.0000271
all	226	30	886578	0.0000338
all	227	20	886578	0.0000226
all	228	35	886578	0.0000395
all	229	14	886578	0.0000158
all	230	35	886578	0.0000395
all	231	29	886578	0.0000327
all	232	30	886578	0.0000338
all	233	33	886578	0.0000372
all	234	19	886578	0.0000214
all	235	33	886578	0.0000372
all	236	35	886578	0.0000395
all	237	25	886578	0.0000282
all	238	24	886578	0.0000271
all	239	20	886578	0.0000226
all	240	24	886578	0.0000271
all	241	28	886578	0.0000316
all	242	26	886578	0.0000293
all	243	25	886578	0.0000282
all	244	18	886578	0.0000203
all	245	31	886578	0.0000350
all	246	31	886578	0.0000350
all	247	36	886578	0.0000406
all	248	27	886578	0.0000305
all	249	21	886578	0.0000237
all	250	23	886578	0.0000259
all	251	24	886578	0.0000271
all	252	22	886578	0.0000248
all	253	39	886578	0.0000440
all	254	33	886578	0.0000372
all	255	39	886578	0.0000440
all	256	12	886578	0.0000135
all	257	33	886578	0.0000372
all	258	20	886578	0.0000226
all	259	30	886578	0.0000338
all	260	39	886578	0.0000440
all	261	35	886578	0.0000395
all	262	17	886578	0.0000192
all	263	27	886578	0.0000305
all	264	16	886578	0.0000180
all	265	22	886578	0.0000248
all	266	16	886578	0.0000180
all	267	21	886578	0.0000237
all	268	15	886578	0.0000169
all	269	25	886578	0.0000282
all	270	33	886578	0.0000372
all	271	20	886578	0.0000226
all	272	33	886578	0.0000372
all	273	23	886578	0.0000259
all	274	31	886578	0.0000350
all	275	58	886578	0.0000654
all	276	29	886578	0.0000327
all	277	26	886578	0.0000293
all	278	28	886578	0.0000316
all	279	17	886578	0.0000192
all	280	28	886578	0.0000316
all	281	33	886578	0.0000372
all	282	18	886578	0.0000203
all	283	11	886578	0.0000124
all	284	31	886578	0.0000350
all	285	24	886578	0.0000271
all	286	19	886578	0.0000214
all	287	34	886578	0.0000383
all	288	16	886578	0.0000180
all	289	44	886578	0.0000496
all	290	19	886578	0.0000214
all	291	33	886578	0.0000372
all	292	31	886578	0.0000350
all	293	18	886578	0.0000203
all	294	16	886578	0.0000180
all	295	26	886578	0.0000293
all	296	20	886578	0.0000226
all	297	26	886578	0.0000293
all	298	19	886578	0.0000214
all	299	18	886578	0.0000203
all	300	23	886578	0.0000259
all	301	19	886578	0.0000214
all	302	14	886578	0.0000158
all	303	27	886578	0.0000305
all	304	12	886578	0.0000135
all	305	16	886578	0.0000180
all	306	23	886578	0.0000259
all	307	31	886578	0.0000350
all	308	22	886578	0.0000248
all	309	22	886578	0.0000248
all	310	25	886578	0.0000282
all	311	33	886578	0.0000372
all	312	48	886578	0.0000541
all	313	49	886578	0.0000553
all	314	37	886578	0.0000417
all	315	31	886578	0.0000350
all	316	24	886578	0.0000271
all	317	24	886578	0.0000271
all	318	29	886578	0.0000327
all	319	32	886578	0.0000361
all	320	35	886578	0.0000395
all	321	31	886578	0.0000350
all	322	17	886578	0.0000192
all	323	22	886578	0.0000248
all	324	19	886578	0.0000214
all	325	17	886578	0.0000192
all	326	20	886578	0.0000226
all	327	19	886578	0.0000214
all	328	31	886578	0.0000350
all	329	19	886578	0.0000214
all	330	19	886578	0.0000214
all	331	45	886578	0.0000508
all	332	21	886578	0.0000237
all	333	33	886578	0.0000372
all	334	37	886578	0.0000417
all	335	11	886578	0.0000124
all	336	20	886578	0.0000226
all	337	11	886578	0.0000124
all	338	28	886578	0.0000316
all	339	24	886578	0.0000271
all	340	32	886578	0.0000361
all	341	32	886578	0.0000361
all	342	17	886578	0.0000192
all	343	22	886578	0.0000248
all	344	7	886578	0.0000079
all	345	12	886578	0.0000135
all	346	11	886578	0.0000124
all	347	14	886578	0.0000158
all	348	7	886578	0.0000079
all	349	20	886578	0.0000226
all	350	10	886578	0.0000113
all	351	14	886578	0.0000158
all	352	16	886578	0.0000180
all	353	21	886578	0.0000237
all	354	16	886578	0.0000180
all	355	10	886578	0.0000113
all	356	15	886578	0.0000169
all	357	19	886578	0.0000214
all	358	14	886578	0.0000158
all	359	13	886578	0.0000147
all	360	20	886578	0.0000226
all	361	14	886578	0.0000158
all	362	18	886578	0.0000203
all	363	18	886578	0.0000203
all	364	13	886578	0.0000147
all	365	21	886578	0.0000237
all	366	19	886578	0.0000214
all	367	26	886578	0.0000293
all	368	15	886578	0.0000169
all	369	23	886578	0.0000259
all	370	17	886578	0.0000192
all	371	34	886578	0.0000383
all	372	17	886578	0.0000192
all	373	18	886578	0.0000203
all	374	9	886578	0.0000102
all	375	13	886578	0.0000147
all	376	15	886578	0.0000169
all	377	14	886578	0.0000158
all	378	17	886578	0.0000192
all	379	17	886578	0.0000192
all	380	10	886578	0.0000113
all	381	41	886578	0.0000462
all	382	15	886578	0.0000169
all	383	27	886578	0.0000305
all	384	23	886578	0.0000259
all	385	19	886578	0.0000214
all	386	18	886578	0.0000203
all	387	20	886578	0.0000226
all	388	18	886578	0.0000203
all	389	14	886578	0.0000158
all	390	24	886578	0.0000271
all	391	13	886578	0.0000147
all	392	28	886578	0.0000316
all	393	25	886578	0.0000282
all	394	21	886578	0.0000237
all	395	16	886578	0.0000180
all	396	27	886578	0.0000305
all	397	9	886578	0.0000102
all	398	19	886578	0.0000214
all	399	23	886578	0.0000259
all	400	15	886578	0.0000169
all	401	12	886578	0.0000135
all	402	11	886578	0.0000124
all	403	24	886578	0.0000271
all	404	18	886578	0.0000203
all	405	17	886578	0.0000192
all	406	10	886578	0.0000113
all	407	13	886578	0.0000147
all	408	20	886578	0.0000226
all	409	9	886578	0.0000102
all	410	12	886578	0.0000135
all	411	14	886578	0.0000158
all	412	14	886578	0.0000158
all	413	20	886578	0.0000226
all	414	9	886578	0.0000102
all	415	13	886578	0.0000147
all	416	12	886578	0.0000135
all	417	16	886578	0.0000180
all	418	16	886578	0.0000180
all	419	12	886578	0.0000135
all	420	21	886578	0.0000237
all	421	20	886578	0.0000226
all	422	16	886578	0.0000180
all	423	19	886578	0.0000214
all	424	16	886578	0.0000180
all	425	22	886578	0.0000248
all	426	26	886578	0.0000293
all	427	36	886578	0.0000406
all	428	21	886578	0.0000237
all	429	34	886578	0.0000383
all	430	15	886578	0.0000169
all	431	18	886578	0.0000203
all	432	19	886578	0.0000214
all	433	15	886578	0.0000169
all	434	17	886578	0.0000192
all	435	13	886578	0.0000147
all	436	9	886578	0.0000102
all	437	22	886578	0.0000248
all	438	17	886578	0.0000192
all	439	26	886578	0.0000293
all	440	15	886578	0.0000169
all	441	11	886578	0.0000124
all	442	20	886578	0.0000226
all	443	10	886578	0.0000113
all	444	19	886578	0.0000214
all	445	21	886578	0.0000237
all	446	20	886578	0.0000226
all	447	25	886578	0.0000282
all	448	12	886578	0.0000135
all	449	22	886578	0.0000248
all	450	20	886578	0.0000226
all	451	11	886578	0.0000124
all	452	21	886578	0.0000237
all	453	23	886578	0.0000259
all	454	37	886578	0.0000417
all	455	8	886578	0.0000090
all	456	17	886578	0.0000192
all	457	20	886578	0.0000226
all	458	19	886578	0.0000214
all	459	15	886578	0.0000169
all	460	28	886578	0.0000316
all	461	17	886578	0.0000192
all	462	8	886578	0.0000090
all	463	17	886578	0.0000192
all	464	9	886578	0.0000102
all	465	20	886578	0.0000226
all	466	17	886578	0.0000192
all	467	7	886578	0.0000079
all	468	7	886578	0.0000079
all	469	18	886578	0.0000203
all	470	13	886578	0.0000147
all	471	11	886578	0.0000124
all	472	13	886578	0.0000147
all	473	10	886578	0.0000113
all	474	8	886578	0.0000090
all	475	11	886578	0.0000124
all	476	9	886578	0.0000102
all	477	14	886578	0.0000158
all	478	10	886578	0.0000113
all	479	9	886578	0.0000102
all	480	13	886578	0.0000147
all	481	11	886578	0.0000124
all	482	6	886578	0.0000068
all	483	13	886578	0.0000147
all	484	11	886578	0.0000124
all	485	10	886578	0.0000113
all	486	8	886578	0.0000090
all	487	8	886578	0.0000090
all	488	12	886578	0.0000135
all	489	12	886578	0.0000135
all	490	9	886578	0.0000102
all	491	12	886578	0.0000135
all	492	11	886578	0.0000124
all	493	15	886578	0.0000169
all	494	18	886578	0.0000203
all	495	11	886578	0.0000124
all	496	12	886578	0.0000135
all	497	13	886578	0.0000147
all	498	8	886578	0.0000090
all	499	12	886578	0.0000135
all	500	8	886578	0.0000090
all	501	15	886578	0.0000169
all	502	21	886578	0.0000237
all	503	13	886578	0.0000147
all	504	21	886578	0.0000237
all	505	13	886578	0.0000147
all	506	9	886578	0.0000102
all	507	13	886578	0.0000147
all	508	8	886578	0.0000090
all	509	6	886578	0.0000068
all	510	12	886578	0.0000135
all	511	14	886578	0.0000158
all	512	7	886578	0.0000079
all	513	17	886578	0.0000192
all	514	14	886578	0.0000158
all	515	8	886578	0.0000090
all	516	4	886578	0.0000045
all	517	11	886578	0.0000124
all	518	15	886578	0.0000169
all	519	7	886578	0.0000079
all	520	10	886578	0.0000113
all	521	20	886578	0.0000226
all	522	16	886578	0.0000180
all	523	25	886578	0.0000282
all	524	19	886578	0.0000214
all	525	19	886578	0.0000214
all	526	18	886578	0.0000203
all	527	10	886578	0.0000113
all	528	6	886578	0.0000068
all	529	7	886578	0.0000079
all	530	17	886578	0.0000192
all	531	19	886578	0.0000214
all	532	16	886578	0.0000180
all	533	12	886578	0.0000135
all	534	5	886578	0.0000056
all	535	8	886578	0.0000090
all	536	9	886578	0.0000102
all	537	13	886578	0.0000147
all	538	7	886578	0.0000079
all	539	14	886578	0.0000158
all	540	7	886578	0.0000079
all	541	18	886578	0.0000203
all	542	17	886578	0.0000192
all	543	16	886578	0.0000180
all	544	11	886578	0.0000124
all	545	7	886578	0.0000079
all	546	3	886578	0.0000034
all	547	23	886578	0.0000259
all	548	6	886578	0.0000068
all	549	18	886578	0.0000203
all	550	20	886578	0.0000226
all	551	19	886578	0.0000214
all	552	13	886578	0.0000147
all	553	16	886578	0.0000180
all	554	15	886578	0.0000169
all	555	15	886578	0.0000169
all	556	12	886578	0.0000135
all	557	10	886578	0.0000113
all	558	10	886578	0.0000113
all	559	6	886578	0.0000068
all	560	13	886578	0.0000147
all	561	14	886578	0.0000158
all	562	13	886578	0.0000147
all	563	7	886578	0.0000079
all	564	15	886578	0.0000169
all	565	6	886578	0.0000068
all	566	11	886578	0.0000124
all	567	9	886578	0.0000102
all	568	15	886578	0.0000169
all	569	5	886578	0.0000056
all	570	10	886578	0.0000113
all	571	7	886578	0.0000079
all	572	13	886578	0.0000147
all	573	12	886578	0.0000135
all	574	19	886578	0.0000214
all	575	28	886578	0.0000316
all	576	15	886578	0.0000169
all	577	8	886578	0.0000090
all	578	12	886578	0.0000135
all	579	8	886578	0.0000090
all	580	9	886578	0.0000102
all	581	11	886578	0.0000124
all	582	7	886578	0.0000079
all	583	5	886578	0.0000056
all	584	5	886578	0.0000056
all	585	13	886578	0.0000147
all	586	13	886578	0.0000147
all	587	16	886578	0.0000180
all	588	11	886578	0.0000124
all	589	6	886578	0.0000068
all	590	10	886578	0.0000113
all	591	20	886578	0.0000226
all	592	22	886578	0.0000248
all	593	22	886578	0.0000248
all	594	18	886578	0.0000203
all	595	14	886578	0.0000158
all	596	18	886578	0.0000203
all	597	7	886578	0.0000079
all	598	13	886578	0.0000147
all	599	9	886578	0.0000102
all	600	12	886578	0.0000135
all	601	8	886578	0.0000090
all	602	4	886578	0.0000045
all	603	8	886578	0.0000090
all	604	5	886578	0.0000056
all	605	5	886578	0.0000056
all	606	8	886578	0.0000090
all	607	6	886578	0.0000068
all	608	5	886578	0.0000056
all	609	6	886578	0.0000068
all	610	5	886578	0.0000056
all	611	7	886578	0.0000079
all	612	10	886578	0.0000113
all	613	5	886578	0.0000056
all	614	8	886578	0.0000090
all	615	6	886578	0.0000068
all	616	9	886578	0.0000102
all	617	4	886578	0.0000045
all	618	6	886578	0.0000068
all	619	14	886578	0.0000158
all	620	15	886578	0.0000169
all	621	3	886578	0.0000034
all	622	12	886578	0.0000135
all	623	8	886578	0.0000090
all	624	12	886578	0.0000135
all	625	5	886578	0.0000056
all	626	6	886578	0.0000068
all	627	8	886578	0.0000090
all	628	5	886578	0.0000056
all	629	6	886578	0.0000068
all	630	5	886578	0.0000056
all	631	9	886578	0.0000102
all	632	5	886578	0.0000056
all	633	7	886578	0.0000079
all	634	8	886578	0.0000090
all	635	6	886578	0.0000068
all	636	3	886578	0.0000034
all	637	4	886578	0.0000045
all	638	12	886578	0.0000135
all	639	17	886578	0.0000192
all	640	8	886578	0.0000090
all	641	5	886578	0.0000056
all	642	10	886578	0.0000113
all	643	6	886578	0.0000068
all	644	11	886578	0.0000124
all	645	5	886578	0.0000056
all	646	13	886578	0.0000147
all	647	7	886578	0.0000079
all	648	2	886578	0.0000023
all	649	6	886578	0.0000068
all	650	10	886578	0.0000113
all	651	7	886578	0.0000079
all	652	3	886578	0.0000034
all	653	8	886578	0.0000090
all	654	6	886578	0.0000068
all	655	5	886578	0.0000056
all	656	4	886578	0.0000045
all	657	1	886578	0.0000011
all	658	11	886578	0.0000124
all	659	7	886578	0.0000079
all	660	7	886578	0.0000079
all	661	8	886578	0.0000090
all	662	3	886578	0.0000034
all	663	2	886578	0.0000023
all	664	9	886578	0.0000102
all	665	9	886578	0.0000102
all	666	7	886578	0.0000079
all	667	7	886578	0.0000079
all	668	5	886578	0.0000056
all	669	11	886578	0.0000124
all	670	11	886578	0.0000124
all	671	3	886578	0.0000034
all	672	9	886578	0.0000102
all	673	7	886578	0.0000079
all	674	4	886578	0.0000045
all	675	11	886578	0.0000124
all	676	3	886578	0.0000034
all	677	12	886578	0.0000135
all	678	6	886578	0.0000068
all	679	9	886578	0.0000102
all	680	10	886578	0.0000113
all	681	15	886578	0.0000169
all	682	10	886578	0.0000113
all	683	9	886578	0.0000102
all	684	10	886578	0.0000113
all	685	7	886578	0.0000079
all	686	17	886578	0.0000192
all	687	14	886578	0.0000158
all	688	14	886578	0.0000158
all	689	4	886578	0.0000045
all	690	7	886578	0.0000079
all	691	4	886578	0.0000045
all	692	9	886578	0.0000102
all	693	8	886578	0.0000090
all	694	10	886578	0.0000113
all	695	6	886578	0.0000068
all	696	7	886578	0.0000079
all	697	12	886578	0.0000135
all	698	7	886578	0.0000079
all	699	14	886578	0.0000158
all	700	11	886578	0.0000124
all	701	6	886578	0.0000068
all	702	17	886578	0.0000192
all	703	10	886578	0.0000113
all	704	9	886578	0.0000102
all	705	3	886578	0.0000034
all	706	9	886578	0.0000102
all	707	6	886578	0.0000068
all	708	17	886578	0.0000192
all	709	9	886578	0.0000102
all	710	7	886578	0.0000079
all	711	12	886578	0.0000135
all	712	11	886578	0.0000124
all	713	4	886578	0.0000045
all	714	6	886578	0.0000068
all	715	18	886578	0.0000203
all	716	10	886578	0.0000113
all	717	11	886578	0.0000124
all	718	6	886578	0.0000068
all	719	8	886578	0.0000090
all	720	13	886578	0.0000147
all	721	15	886578	0.0000169
all	722	10	886578	0.0000113
all	723	6	886578	0.0000068
all	724	9	886578	0.0000102
all	725	10	886578	0.0000113
all	726	8	886578	0.0000090
all	727	6	886578	0.0000068
all	728	5	886578	0.0000056
all	729	8	886578	0.0000090
all	730	8	886578	0.0000090
all	731	10	886578	0.0000113
all	732	8	886578	0.0000090
all	733	9	886578	0.0000102
all	734	13	886578	0.0000147
all	735	8	886578	0.0000090
all	736	9	886578	0.0000102
all	737	6	886578	0.0000068
all	738	12	886578	0.0000135
all	739	5	886578	0.0000056
all	740	7	886578	0.0000079
all	741	2	886578	0.0000023
all	742	9	886578	0.0000102
all	743	6	886578	0.0000068
all	744	13	886578	0.0000147
all	745	9	886578	0.0000102
all	746	13	886578	0.0000147
all	747	5	886578	0.0000056
all	748	14	886578	0.0000158
all	749	7	886578	0.0000079
all	750	11	886578	0.0000124
all	751	2	886578	0.0000023
all	752	14	886578	0.0000158
all	753	4	886578	0.0000045
all	754	7	886578	0.0000079
all	755	3	886578	0.0000034
all	756	12	886578	0.0000135
all	757	11	886578	0.0000124
all	758	17	886578	0.0000192
all	759	8	886578	0.0000090
all	760	6	886578	0.0000068
all	761	10	886578	0.0000113
all	762	8	886578	0.0000090
all	763	8	886578	0.0000090
all	764	4	886578	0.0000045
all	765	4	886578	0.0000045
all	766	10	886578	0.0000113
all	767	6	886578	0.0000068
all	768	6	886578	0.0000068
all	769	7	886578	0.0000079
all	770	12	886578	0.0000135
all	771	7	886578	0.0000079
all	772	7	886578	0.0000079
all	773	9	886578	0.0000102
all	774	13	886578	0.0000147
all	775	10	886578	0.0000113
all	776	3	886578	0.0000034
all	777	8	886578	0.0000090
all	778	12	886578	0.0000135
all	779	7	886578	0.0000079
all	780	8	886578	0.0000090
all	781	8	886578	0.0000090
all	782	11	886578	0.0000124
all	783	9	886578	0.0000102
all	784	9	886578	0.0000102
all	785	8	886578	0.0000090
all	786	5	886578	0.0000056
all	787	6	886578	0.0000068
all	788	7	886578	0.0000079
all	789	10	886578	0.0000113
all	790	5	886578	0.0000056
all	791	4	886578	0.0000045
all	792	11	886578	0.0000124
all	793	6	886578	0.0000068
all	794	7	886578	0.0000079
all	795	7	886578	0.0000079
all	796	10	886578	0.0000113
all	797	10	886578	0.0000113
all	798	10	886578	0.0000113
all	799	13	886578	0.0000147
all	800	10	886578	0.0000113
all	801	8	886578	0.0000090
all	802	18	886578	0.0000203
all	803	3	886578	0.0000034
all	804	4	886578	0.0000045
all	805	7	886578	0.0000079
all	806	4	886578	0.0000045
all	807	6	886578	0.0000068
all	808	19	886578	0.0000214
all	809	7	886578	0.0000079
all	810	13	886578	0.0000147
all	811	7	886578	0.0000079
all	812	9	886578	0.0000102
all	813	7	886578	0.0000079
all	814	6	886578	0.0000068
all	815	9	886578	0.0000102
all	816	10	886578	0.0000113
all	817	7	886578	0.0000079
all	818	13	886578	0.0000147
all	819	7	886578	0.0000079
all	820	11	886578	0.0000124
all	821	17	886578	0.0000192
all	822	9	886578	0.0000102
all	823	11	886578	0.0000124
all	824	3	886578	0.0000034
all	825	9	886578	0.0000102
all	826	4	886578	0.0000045
all	827	11	886578	0.0000124
all	828	6	886578	0.0000068
all	829	14	886578	0.0000158
all	830	7	886578	0.0000079
all	831	5	886578	0.0000056
all	832	6	886578	0.0000068
all	833	1	886578	0.0000011
all	834	5	886578	0.0000056
all	835	5	886578	0.0000056
all	836	6	886578	0.0000068
all	837	7	886578	0.0000079
all	838	4	886578	0.0000045
all	839	6	886578	0.0000068
all	840	5	886578	0.0000056
all	841	7	886578	0.0000079
all	842	7	886578	0.0000079
all	843	3	886578	0.0000034
all	844	3	886578	0.0000034
all	845	9	886578	0.0000102
all	846	2	886578	0.0000023
all	847	2	886578	0.0000023
all	848	7	886578	0.0000079
all	849	5	886578	0.0000056
all	850	4	886578	0.0000045
all	851	11	886578	0.0000124
all	852	5	886578	0.0000056
all	853	10	886578	0.0000113
all	854	5	886578	0.0000056
all	855	5	886578	0.0000056
all	856	1	886578	0.0000011
all	857	5	886578	0.0000056
all	858	3	886578	0.0000034
all	859	11	886578	0.0000124
all	860	6	886578	0.0000068
all	861	7	886578	0.0000079
all	862	3	886578	0.0000034
all	863	4	886578	0.0000045
all	864	7	886578	0.0000079
all	865	4	886578	0.0000045
all	866	4	886578	0.0000045
all	867	4	886578	0.0000045
all	868	6	886578	0.0000068
all	869	5	886578	0.0000056
all	870	6	886578	0.0000068
all	871	8	886578	0.0000090
all	872	8	886578	0.0000090
all	873	10	886578	0.0000113
all	874	3	886578	0.0000034
all	875	7	886578	0.0000079
all	876	4	886578	0.0000045
all	877	11	886578	0.0000124
all	878	11	886578	0.0000124
all	879	13	886578	0.0000147
all	880	8	886578	0.0000090
all	881	6	886578	0.0000068
all	882	7	886578	0.0000079
all	883	2	886578	0.0000023
all	884	3	886578	0.0000034
all	885	13	886578	0.0000147
all	886	5	886578	0.0000056
all	887	3	886578	0.0000034
all	888	11	886578	0.0000124
all	889	2	886578	0.0000023
all	890	2	886578	0.0000023
all	891	4	886578	0.0000045
all	892	3	886578	0.0000034
all	893	6	886578	0.0000068
all	894	6	886578	0.0000068
all	895	5	886578	0.0000056
all	896	1	886578	0.0000011
all	897	3	886578	0.0000034
all	898	7	886578	0.0000079
all	899	6	886578	0.0000068
all	900	5	886578	0.0000056
all	901	7	886578	0.0000079
all	902	4	886578	0.0000045
all	903	13	886578	0.0000147
all	904	5	886578	0.0000056
all	905	4	886578	0.0000045
all	906	2	886578	0.0000023
all	907	3	886578	0.0000034
all	908	5	886578	0.0000056
all	909	11	886578	0.0000124
all	910	2	886578	0.0000023
all	911	3	886578	0.0000034
all	912	5	886578	0.0000056
all	913	5	886578	0.0000056
all	914	8	886578	0.0000090
all	915	9	886578	0.0000102
all	916	4	886578	0.0000045
all	917	4	886578	0.0000045
all	918	4	886578	0.0000045
all	919	6	886578	0.0000068
all	920	11	886578	0.0000124
all	921	4	886578	0.0000045
all	922	4	886578	0.0000045
all	923	8	886578	0.0000090
all	924	5	886578	0.0000056
all	925	8	886578	0.0000090
all	926	5	886578	0.0000056
all	927	8	886578	0.0000090
all	928	6	886578	0.0000068
all	929	6	886578	0.0000068
all	930	5	886578	0.0000056
all	931	4	886578	0.0000045
all	932	10	886578	0.0000113
all	933	3	886578	0.0000034
all	934	3	886578	0.0000034
all	935	4	886578	0.0000045
all	936	9	886578	0.0000102
all	937	10	886578	0.0000113
all	938	4	886578	0.0000045
all	939	3	886578	0.0000034
all	940	9	886578	0.0000102
all	941	4	886578	0.0000045
all	942	4	886578	0.0000045
all	943	9	886578	0.0000102
all	944	4	886578	0.0000045
all	945	8	886578	0.0000090
all	946	5	886578	0.0000056
all	947	9	886578	0.0000102
all	948	3	886578	0.0000034
all	949	4	886578	0.0000045
all	950	9	886578	0.0000102
all	951	6	886578	0.0000068
all	952	13	886578	0.0000147
all	953	8	886578	0.0000090
all	954	4	886578	0.0000045
all	955	8	886578	0.0000090
all	956	7	886578	0.0000079
all	957	4	886578	0.0000045
all	958	4	886578	0.0000045
all	959	3	886578	0.0000034
all	960	7	886578	0.0000079
all	961	4	886578	0.0000045
all	962	3	886578	0.0000034
all	963	9	886578	0.0000102
all	964	2	886578	0.0000023
all	965	9	886578	0.0000102
all	966	6	886578	0.0000068
all	967	4	886578	0.0000045
all	968	10	886578	0.0000113
all	969	1	886578	0.0000011
all	970	3	886578	0.0000034
all	971	5	886578	0.0000056
all	972	10	886578	0.0000113
all	973	7	886578	0.0000079
all	974	15	886578	0.0000169
all	975	10	886578	0.0000113
all	976	4	886578	0.0000045
all	977	6	886578	0.0000068
all	978	4	886578	0.0000045
all	979	6	886578	0.0000068
all	980	4	886578	0.0000045
all	981	11	886578	0.0000124
all	982	11	886578	0.0000124
all	983	7	886578	0.0000079
all	984	11	886578	0.0000124
all	985	9	886578	0.0000102
all	986	13	886578	0.0000147
all	987	4	886578	0.0000045
all	988	13	886578	0.0000147
all	989	12	886578	0.0000135
all	990	10	886578	0.0000113
all	991	11	886578	0.0000124
all	992	4	886578	0.0000045
all	993	6	886578	0.0000068
all	994	12	886578	0.0000135
all	995	10	886578	0.0000113
all	996	5	886578	0.0000056
all	997	3	886578	0.0000034
all	998	9	886578	0.0000102
all	999	5	886578	0.0000056
all	1000	5	886578	0.0000056
all	1001	8	886578	0.0000090
all	1002	11	886578	0.0000124
all	1003	3	886578	0.0000034
all	1004	7	886578	0.0000079
all	1005	5	886578	0.0000056
all	1006	8	886578	0.0000090
all	1007	4	886578	0.0000045
all	1008	2	886578	0.0000023
all	1009	10	886578	0.0000113
all	1010	16	886578	0.0000180
all	1011	6	886578	0.0000068
all	1012	5	886578	0.0000056
all	1013	2	886578	0.0000023
all	1014	12	886578	0.0000135
all	1015	1	886578	0.0000011
all	1016	4	886578	0.0000045
all	1017	7	886578	0.0000079
all	1018	5	886578	0.0000056
all	1019	6	886578	0.0000068
all	1020	3	886578	0.0000034
all	1021	11	886578	0.0000124
all	1022	5	886578	0.0000056
all	1023	5	886578	0.0000056
all	1024	5	886578	0.0000056
all	1025	4	886578	0.0000045
all	1026	9	886578	0.0000102
all	1027	6	886578	0.0000068
all	1028	5	886578	0.0000056
all	1029	9	886578	0.0000102
all	1030	7	886578	0.0000079
all	1031	8	886578	0.0000090
all	1032	6	886578	0.0000068
all	1033	8	886578	0.0000090
all	1034	7	886578	0.0000079
all	1035	12	886578	0.0000135
all	1036	12	886578	0.0000135
all	1037	6	886578	0.0000068
all	1038	14	886578	0.0000158
all	1039	10	886578	0.0000113
all	1041	5	886578	0.0000056
all	1042	3	886578	0.0000034
all	1043	13	886578	0.0000147
all	1044	4	886578	0.0000045
all	1045	10	886578	0.0000113
all	1046	6	886578	0.0000068
all	1047	8	886578	0.0000090
all	1048	6	886578	0.0000068
all	1049	2	886578	0.0000023
all	1050	9	886578	0.0000102
all	1051	2	886578	0.0000023
all	1052	6	886578	0.0000068
all	1053	12	886578	0.0000135
all	1054	6	886578	0.0000068
all	1055	6	886578	0.0000068
all	1056	4	886578	0.0000045
all	1057	7	886578	0.0000079
all	1058	7	886578	0.0000079
all	1059	11	886578	0.0000124
all	1060	13	886578	0.0000147
all	1061	11	886578	0.0000124
all	1062	6	886578	0.0000068
all	1063	14	886578	0.0000158
all	1064	4	886578	0.0000045
all	1065	2	886578	0.0000023
all	1066	2	886578	0.0000023
all	1067	3	886578	0.0000034
all	1068	2	886578	0.0000023
all	1069	3	886578	0.0000034
all	1070	9	886578	0.0000102
all	1071	3	886578	0.0000034
all	1072	3	886578	0.0000034
all	1073	3	886578	0.0000034
all	1074	4	886578	0.0000045
all	1075	5	886578	0.0000056
all	1076	7	886578	0.0000079
all	1077	4	886578	0.0000045
all	1078	3	886578	0.0000034
all	1079	1	886578	0.0000011
all	1080	4	886578	0.0000045
all	1081	4	886578	0.0000045
all	1082	3	886578	0.0000034
all	1083	1	886578	0.0000011
all	1084	6	886578	0.0000068
all	1085	3	886578	0.0000034
all	1086	3	886578	0.0000034
all	1087	2	886578	0.0000023
all	1088	3	886578	0.0000034
all	1089	5	886578	0.0000056
all	1090	1	886578	0.0000011
all	1091	8	886578	0.0000090
all	1092	4	886578	0.0000045
all	1093	4	886578	0.0000045
all	1094	4	886578	0.0000045
all	1095	1	886578	0.0000011
all	1096	3	886578	0.0000034
all	1097	4	886578	0.0000045
all	1098	5	886578	0.0000056
all	1099	7	886578	0.0000079
all	1100	1	886578	0.0000011
all	1101	3	886578	0.0000034
all	1102	5	886578	0.0000056
all	1103	2	886578	0.0000023
all	1104	4	886578	0.0000045
all	1105	7	886578	0.0000079
all	1106	4	886578	0.0000045
all	1107	4	886578	0.0000045
all	1108	3	886578	0.0000034
all	1109	3	886578	0.0000034
all	1110	4	886578	0.0000045
all	1111	2	886578	0.0000023
all	1112	5	886578	0.0000056
all	1113	6	886578	0.0000068
all	1114	4	886578	0.0000045
all	1115	5	886578	0.0000056
all	1116	4	886578	0.0000045
all	1117	4	886578	0.0000045
all	1118	4	886578	0.0000045
all	1119	6	886578	0.0000068
all	1120	5	886578	0.0000056
all	1121	2	886578	0.0000023
all	1122	3	886578	0.0000034
all	1123	1	886578	0.0000011
all	1124	4	886578	0.0000045
all	1125	7	886578	0.0000079
all	1126	4	886578	0.0000045
all	1127	3	886578	0.0000034
all	1128	7	886578	0.0000079
all	1129	2	886578	0.0000023
all	1130	2	886578	0.0000023
all	1131	6	886578	0.0000068
all	1132	4	886578	0.0000045
all	1133	4	886578	0.0000045
all	1134	6	886578	0.0000068
all	1135	4	886578	0.0000045
all	1136	6	886578	0.0000068
all	1137	7	886578	0.0000079
all	1138	5	886578	0.0000056
all	1139	6	886578	0.0000068
all	1140	3	886578	0.0000034
all	1141	9	886578	0.0000102
all	1142	2	886578	0.0000023
all	1143	9	886578	0.0000102
all	1144	4	886578	0.0000045
all	1145	6	886578	0.0000068
all	1146	3	886578	0.0000034
all	1147	3	886578	0.0000034
all	1148	6	886578	0.0000068
all	1149	5	886578	0.0000056
all	1150	3	886578	0.0000034
all	1151	9	886578	0.0000102
all	1152	6	886578	0.0000068
all	1153	7	886578	0.0000079
all	1154	6	886578	0.0000068
all	1155	8	886578	0.0000090
all	1156	6	886578	0.0000068
all	1157	5	886578	0.0000056
all	1158	5	886578	0.0000056
all	1159	7	886578	0.0000079
all	1160	11	886578	0.0000124
all	1161	5	886578	0.0000056
all	1162	6	886578	0.0000068
all	1163	9	886578	0.0000102
all	1164	9	886578	0.0000102
all	1165	6	886578	0.0000068
all	1166	9	886578	0.0000102
all	1167	3	886578	0.0000034
all	1168	7	886578	0.0000079
all	1169	7	886578	0.0000079
all	1170	12	886578	0.0000135
all	1171	6	886578	0.0000068
all	1172	12	886578	0.0000135
all	1173	12	886578	0.0000135
all	1174	11	886578	0.0000124
all	1175	9	886578	0.0000102
all	1176	5	886578	0.0000056
all	1177	5	886578	0.0000056
all	1178	3	886578	0.0000034
all	1179	12	886578	0.0000135
all	1180	5	886578	0.0000056
all	1181	12	886578	0.0000135
all	1182	5	886578	0.0000056
all	1183	8	886578	0.0000090
all	1184	4	886578	0.0000045
all	1185	6	886578	0.0000068
all	1186	1	886578	0.0000011
all	1187	4	886578	0.0000045
all	1188	8	886578	0.0000090
all	1189	4	886578	0.0000045
all	1190	7	886578	0.0000079
all	1191	6	886578	0.0000068
all	1192	5	886578	0.0000056
all	1193	4	886578	0.0000045
all	1194	1	886578	0.0000011
all	1195	2	886578	0.0000023
all	1196	1	886578	0.0000011
all	1197	3	886578	0.0000034
all	1198	5	886578	0.0000056
all	1199	5	886578	0.0000056
all	1200	4	886578	0.0000045
all	1201	1	886578	0.0000011
all	1202	4	886578	0.0000045
all	1203	6	886578	0.0000068
all	1204	4	886578	0.0000045
all	1205	4	886578	0.0000045
all	1206	5	886578	0.0000056
all	1207	2	886578	0.0000023
all	1208	4	886578	0.0000045
all	1209	1	886578	0.0000011
all	1210	2	886578	0.0000023
all	1211	1	886578	0.0000011
all	1212	5	886578	0.0000056
all	1213	5	886578	0.0000056
all	1214	2	886578	0.0000023
all	1215	2	886578	0.0000023
all	1216	7	886578	0.0000079
all	1217	3	886578	0.0000034
all	1218	5	886578	0.0000056
all	1219	3	886578	0.0000034
all	1220	5	886578	0.0000056
all	1221	9	886578	0.0000102
all	1222	2	886578	0.0000023
all	1223	4	886578	0.0000045
all	1224	5	886578	0.0000056
all	1225	3	886578	0.0000034
all	1226	3	886578	0.0000034
all	1227	7	886578	0.0000079
all	1228	1	886578	0.0000011
all	1229	6	886578	0.0000068
all	1230	9	886578	0.0000102
all	1231	8	886578	0.0000090
all	1232	4	886578	0.0000045
all	1233	3	886578	0.0000034
all	1234	3	886578	0.0000034
all	1235	6	886578	0.0000068
all	1236	1	886578	0.0000011
all	1237	11	886578	0.0000124
all	1238	6	886578	0.0000068
all	1239	8	886578	0.0000090
all	1240	8	886578	0.0000090
all	1241	13	886578	0.0000147
all	1242	5	886578	0.0000056
all	1243	4	886578	0.0000045
all	1244	6	886578	0.0000068
all	1245	8	886578	0.0000090
all	1246	5	886578	0.0000056
all	1247	6	886578	0.0000068
all	1248	5	886578	0.0000056
all	1249	1	886578	0.0000011
all	1250	2	886578	0.0000023
all	1251	5	886578	0.0000056
all	1252	3	886578	0.0000034
all	1253	6	886578	0.0000068
all	1254	2	886578	0.0000023
all	1255	4	886578	0.0000045
all	1256	4	886578	0.0000045
all	1257	3	886578	0.0000034
all	1258	3	886578	0.0000034
all	1259	6	886578	0.0000068
all	1260	4	886578	0.0000045
all	1261	5	886578	0.0000056
all	1262	2	886578	0.0000023
all	1263	9	886578	0.0000102
all	1264	6	886578	0.0000068
all	1265	3	886578	0.0000034
all	1266	7	886578	0.0000079
all	1267	5	886578	0.0000056
all	1268	4	886578	0.0000045
all	1269	6	886578	0.0000068
all	1270	3	886578	0.0000034
all	1271	5	886578	0.0000056
all	1272	7	886578	0.0000079
all	1273	4	886578	0.0000045
all	1274	7	886578	0.0000079
all	1275	4	886578	0.0000045
all	1276	7	886578	0.0000079
all	1277	6	886578	0.0000068
all	1278	7	886578	0.0000079
all	1279	4	886578	0.0000045
all	1280	4	886578	0.0000045
all	1281	2	886578	0.0000023
all	1282	5	886578	0.0000056
all	1283	2	886578	0.0000023
all	1284	6	886578	0.0000068
all	1285	5	886578	0.0000056
all	1286	2	886578	0.0000023
all	1287	9	886578	0.0000102
all	1288	4	886578	0.0000045
all	1289	2	886578	0.0000023
all	1290	3	886578	0.0000034
all	1291	5	886578	0.0000056
all	1292	2	886578	0.0000023
all	1293	6	886578	0.0000068
all	1294	7	886578	0.0000079
all	1295	16	886578	0.0000180
all	1296	2	886578	0.0000023
all	1297	3	886578	0.0000034
all	1298	2	886578	0.0000023
all	1299	7	886578	0.0000079
all	1300	2	886578	0.0000023
all	1301	5	886578	0.0000056
all	1302	2	886578	0.0000023
all	1303	4	886578	0.0000045
all	1304	5	886578	0.0000056
all	1305	4	886578	0.0000045
all	1306	5	886578	0.0000056
all	1307	2	886578	0.0000023
all	1308	2	886578	0.0000023
all	1309	5	886578	0.0000056
all	1310	3	886578	0.0000034
all	1311	2	886578	0.0000023
all	1312	7	886578	0.0000079
all	1313	2	886578	0.0000023
all	1314	4	886578	0.0000045
all	1315	2	886578	0.0000023
all	1316	3	886578	0.0000034
all	1317	2	886578	0.0000023
all	1318	5	886578	0.0000056
all	1319	1	886578	0.0000011
all	1320	4	886578	0.0000045
all	1321	2	886578	0.0000023
all	1322	4	886578	0.0000045
all	1323	2	886578	0.0000023
all	1324	1	886578	0.0000011
all	1325	6	886578	0.0000068
all	1326	4	886578	0.0000045
all	1327	2	886578	0.0000023
all	1328	1	886578	0.0000011
all	1329	7	886578	0.0000079
all	1330	2	886578	0.0000023
all	1331	3	886578	0.0000034
all	1332	5	886578	0.0000056
all	1333	2	886578	0.0000023
all	1335	9	886578	0.0000102
all	1336	5	886578	0.0000056
all	1337	2	886578	0.0000023
all	1338	4	886578	0.0000045
all	1339	1	886578	0.0000011
all	1340	1	886578	0.0000011
all	1341	4	886578	0.0000045
all	1342	2	886578	0.0000023
all	1343	3	886578	0.0000034
all	1344	5	886578	0.0000056
all	1345	2	886578	0.0000023
all	1346	6	886578	0.0000068
all	1347	4	886578	0.0000045
all	1348	4	886578	0.0000045
all	1349	4	886578	0.0000045
all	1350	2	886578	0.0000023
all	1351	2	886578	0.0000023
all	1352	6	886578	0.0000068
all	1353	4	886578	0.0000045
all	1354	2	886578	0.0000023
all	1355	9	886578	0.0000102
all	1356	1	886578	0.0000011
all	1357	4	886578	0.0000045
all	1358	2	886578	0.0000023
all	1359	6	886578	0.0000068
all	1360	3	886578	0.0000034
all	1361	5	886578	0.0000056
all	1362	10	886578	0.0000113
all	1363	2	886578	0.0000023
all	1364	4	886578	0.0000045
all	1365	1	886578	0.0000011
all	1366	8	886578	0.0000090
all	1367	1	886578	0.0000011
all	1368	3	886578	0.0000034
all	1369	1	886578	0.0000011
all	1370	3	886578	0.0000034
all	1371	2	886578	0.0000023
all	1372	3	886578	0.0000034
all	1373	2	886578	0.0000023
all	1374	5	886578	0.0000056
all	1375	6	886578	0.0000068
all	1376	7	886578	0.0000079
all	1377	4	886578	0.0000045
all	1378	6	886578	0.0000068
all	1379	6	886578	0.0000068
all	1380	5	886578	0.0000056
all	1381	3	886578	0.0000034
all	1382	6	886578	0.0000068
all	1383	5	886578	0.0000056
all	1384	3	886578	0.0000034
all	1385	2	886578	0.0000023
all	1386	5	886578	0.0000056
all	1387	1	886578	0.0000011
all	1388	4	886578	0.0000045
all	1389	4	886578	0.0000045
all	1390	8	886578	0.0000090
all	1391	4	886578	0.0000045
all	1392	2	886578	0.0000023
all	1393	4	886578	0.0000045
all	1394	2	886578	0.0000023
all	1395	7	886578	0.0000079
all	1396	6	886578	0.0000068
all	1397	3	886578	0.0000034
all	1398	4	886578	0.0000045
all	1399	6	886578	0.0000068
all	1400	5	886578	0.0000056
all	1401	4	886578	0.0000045
all	1402	7	886578	0.0000079
all	1403	3	886578	0.0000034
all	1404	1	886578	0.0000011
all	1405	4	886578	0.0000045
all	1406	3	886578	0.0000034
all	1407	8	886578	0.0000090
all	1408	3	886578	0.0000034
all	1409	9	886578	0.0000102
all	1410	4	886578	0.0000045
all	1411	2	886578	0.0000023
all	1412	7	886578	0.0000079
all	1413	3	886578	0.0000034
all	1414	4	886578	0.0000045
all	1415	4	886578	0.0000045
all	1416	6	886578	0.0000068
all	1417	2	886578	0.0000023
all	1418	4	886578	0.0000045
all	1419	4	886578	0.0000045
all	1420	3	886578	0.0000034
all	1421	2	886578	0.0000023
all	1422	4	886578	0.0000045
all	1423	3	886578	0.0000034
all	1424	5	886578	0.0000056
all	1425	6	886578	0.0000068
all	1426	4	886578	0.0000045
all	1427	7	886578	0.0000079
all	1428	3	886578	0.0000034
all	1429	5	886578	0.0000056
all	1430	4	886578	0.0000045
all	1431	10	886578	0.0000113
all	1432	3	886578	0.0000034
all	1433	8	886578	0.0000090
all	1434	5	886578	0.0000056
all	1435	6	886578	0.0000068
all	1436	2	886578	0.0000023
all	1437	7	886578	0.0000079
all	1439	5	886578	0.0000056
all	1440	3	886578	0.0000034
all	1441	10	886578	0.0000113
all	1442	5	886578	0.0000056
all	1443	5	886578	0.0000056
all	1444	3	886578	0.0000034
all	1445	3	886578	0.0000034
all	1446	6	886578	0.0000068
all	1447	6	886578	0.0000068
all	1448	5	886578	0.0000056
all	1449	2	886578	0.0000023
all	1450	3	886578	0.0000034
all	1451	6	886578	0.0000068
all	1452	2	886578	0.0000023
all	1453	4	886578	0.0000045
all	1454	5	886578	0.0000056
all	1455	6	886578	0.0000068
all	1456	4	886578	0.0000045
all	1457	8	886578	0.0000090
all	1458	2	886578	0.0000023
all	1459	3	886578	0.0000034
all	1460	5	886578	0.0000056
all	1461	4	886578	0.0000045
all	1462	7	886578	0.0000079
all	1463	2	886578	0.0000023
all	1464	5	886578	0.0000056
all	1465	2	886578	0.0000023
all	1466	3	886578	0.0000034
all	1467	6	886578	0.0000068
all	1468	3	886578	0.0000034
all	1469	2	886578	0.0000023
all	1470	3	886578	0.0000034
all	1471	2	886578	0.0000023
all	1472	5	886578	0.0000056
all	1473	3	886578	0.0000034
all	1474	4	886578	0.0000045
all	1475	4	886578	0.0000045
all	1476	6	886578	0.0000068
all	1477	2	886578	0.0000023
all	1478	6	886578	0.0000068
all	1479	7	886578	0.0000079
all	1480	6	886578	0.0000068
all	1481	6	886578	0.0000068
all	1482	11	886578	0.0000124
all	1483	3	886578	0.0000034
all	1484	7	886578	0.0000079
all	1485	6	886578	0.0000068
all	1486	1	886578	0.0000011
all	1487	2	886578	0.0000023
all	1488	2	886578	0.0000023
all	1489	3	886578	0.0000034
all	1490	5	886578	0.0000056
all	1491	4	886578	0.0000045
all	1492	2	886578	0.0000023
all	1493	4	886578	0.0000045
all	1494	4	886578	0.0000045
all	1495	2	886578	0.0000023
all	1496	4	886578	0.0000045
all	1497	1	886578	0.0000011
all	1498	6	886578	0.0000068
all	1499	2	886578	0.0000023
all	1500	3	886578	0.0000034
all	1501	3	886578	0.0000034
all	1502	1	886578	0.0000011
all	1503	2	886578	0.0000023
all	1504	3	886578	0.0000034
all	1505	5	886578	0.0000056
all	1506	3	886578	0.0000034
all	1507	1	886578	0.0000011
all	1508	4	886578	0.0000045
all	1509	5	886578	0.0000056
all	1510	3	886578	0.0000034
all	1511	3	886578	0.0000034
all	1512	3	886578	0.0000034
all	1513	4	886578	0.0000045
all	1514	2	886578	0.0000023
all	1515	2	886578	0.0000023
all	1516	2	886578	0.0000023
all	1517	1	886578	0.0000011
all	1518	4	886578	0.0000045
all	1519	3	886578	0.0000034
all	1521	2	886578	0.0000023
all	1522	2	886578	0.0000023
all	1523	4	886578	0.0000045
all	1524	5	886578	0.0000056
all	1525	1	886578	0.0000011
all	1526	6	886578	0.0000068
all	1527	3	886578	0.0000034
all	1528	2	886578	0.0000023
all	1529	5	886578	0.0000056
all	1530	5	886578	0.0000056
all	1531	4	886578	0.0000045
all	1532	6	886578	0.0000068
all	1533	2	886578	0.0000023
all	1534	3	886578	0.0000034
all	1535	4	886578	0.0000045
all	1536	3	886578	0.0000034
all	1537	1	886578	0.0000011
all	1538	4	886578	0.0000045
all	1539	3	886578	0.0000034
all	1540	5	886578	0.0000056
all	1542	1	886578	0.0000011
all	1543	5	886578	0.0000056
all	1544	4	886578	0.0000045
all	1545	2	886578	0.0000023
all	1546	2	886578	0.0000023
all	1547	4	886578	0.0000045
all	1548	5	886578	0.0000056
all	1549	8	886578	0.0000090
all	1550	1	886578	0.0000011
all	1551	4	886578	0.0000045
all	1552	3	886578	0.0000034
all	1553	2	886578	0.0000023
all	1554	6	886578	0.0000068
all	1555	11	886578	0.0000124
all	1556	3	886578	0.0000034
all	1557	6	886578	0.0000068
all	1558	6	886578	0.0000068
all	1559	4	886578	0.0000045
all	1560	2	886578	0.0000023
all	1561	8	886578	0.0000090
all	1562	5	886578	0.0000056
all	1563	2	886578	0.0000023
all	1565	1	886578	0.0000011
all	1566	6	886578	0.0000068
all	1567	5	886578	0.0000056
all	1568	4	886578	0.0000045
all	1569	3	886578	0.0000034
all	1570	3	886578	0.0000034
all	1571	3	886578	0.0000034
all	1572	3	886578	0.0000034
all	1573	4	886578	0.0000045
all	1575	7	886578	0.0000079
all	1577	2	886578	0.0000023
all	1578	6	886578	0.0000068
all	1579	5	886578	0.0000056
all	1580	4	886578	0.0000045
all	1581	3	886578	0.0000034
all	1582	3	886578	0.0000034
all	1583	5	886578	0.0000056
all	1584	1	886578	0.0000011
all	1585	6	886578	0.0000068
all	1586	12	886578	0.0000135
all	1587	5	886578	0.0000056
all	1588	5	886578	0.0000056
all	1589	4	886578	0.0000045
all	1590	8	886578	0.0000090
all	1591	4	886578	0.0000045
all	1592	5	886578	0.0000056
all	1593	2	886578	0.0000023
all	1594	2	886578	0.0000023
all	1595	2	886578	0.0000023
all	1597	3	886578	0.0000034
all	1598	1	886578	0.0000011
all	1599	5	886578	0.0000056
all	1601	1	886578	0.0000011
all	1602	1	886578	0.0000011
all	1603	4	886578	0.0000045
all	1604	2	886578	0.0000023
all	1605	4	886578	0.0000045
all	1606	3	886578	0.0000034
all	1607	1	886578	0.0000011
all	1609	3	886578	0.0000034
all	1611	4	886578	0.0000045
all	1612	1	886578	0.0000011
all	1613	1	886578	0.0000011
all	1614	2	886578	0.0000023
all	1615	2	886578	0.0000023
all	1616	1	886578	0.0000011
all	1617	7	886578	0.0000079
all	1618	5	886578	0.0000056
all	1619	6	886578	0.0000068
all	1620	6	886578	0.0000068
all	1621	2	886578	0.0000023
all	1622	4	886578	0.0000045
all	1623	4	886578	0.0000045
all	1624	2	886578	0.0000023
all	1625	4	886578	0.0000045
all	1626	2	886578	0.0000023
all	1627	4	886578	0.0000045
all	1628	5	886578	0.0000056
all	1629	4	886578	0.0000045
all	1630	2	886578	0.0000023
all	1631	2	886578	0.0000023
all	1633	2	886578	0.0000023
all	1635	3	886578	0.0000034
all	1637	2	886578	0.0000023
all	1638	2	886578	0.0000023
all	1639	2	886578	0.0000023
all	1640	3	886578	0.0000034
all	1641	2	886578	0.0000023
all	1642	3	886578	0.0000034
all	1643	4	886578	0.0000045
all	1644	6	886578	0.0000068
all	1645	3	886578	0.0000034
all	1646	1	886578	0.0000011
all	1647	6	886578	0.0000068
all	1648	3	886578	0.0000034
all	1649	4	886578	0.0000045
all	1650	4	886578	0.0000045
all	1652	5	886578	0.0000056
all	1653	2	886578	0.0000023
all	1654	5	886578	0.0000056
all	1655	2	886578	0.0000023
all	1656	5	886578	0.0000056
all	1657	3	886578	0.0000034
all	1658	3	886578	0.0000034
all	1659	9	886578	0.0000102
all	1660	5	886578	0.0000056
all	1661	3	886578	0.0000034
all	1662	3	886578	0.0000034
all	1663	10	886578	0.0000113
all	1664	2	886578	0.0000023
all	1665	4	886578	0.0000045
all	1666	2	886578	0.0000023
all	1667	6	886578	0.0000068
all	1668	2	886578	0.0000023
all	1669	1	886578	0.0000011
all	1670	2	886578	0.0000023
all	1671	1	886578	0.0000011
all	1672	2	886578	0.0000023
all	1674	4	886578	0.0000045
all	1675	5	886578	0.0000056
all	1676	2	886578	0.0000023
all	1677	5	886578	0.0000056
all	1678	3	886578	0.0000034
all	1679	2	886578	0.0000023
all	1680	4	886578	0.0000045
all	1681	3	886578	0.0000034
all	1682	3	886578	0.0000034
all	1683	2	886578	0.0000023
all	1684	6	886578	0.0000068
all	1686	5	886578	0.0000056
all	1687	5	886578	0.0000056
all	1688	2	886578	0.0000023
all	1689	7	886578	0.0000079
all	1690	5	886578	0.0000056
all	1691	4	886578	0.0000045
all	1692	4	886578	0.0000045
all	1693	1	886578	0.0000011
all	1694	1	886578	0.0000011
all	1696	2	886578	0.0000023
all	1697	4	886578	0.0000045
all	1698	2	886578	0.0000023
all	1699	2	886578	0.0000023
all	1700	2	886578	0.0000023
all	1701	2	886578	0.0000023
all	1702	3	886578	0.0000034
all	1703	2	886578	0.0000023
all	1704	7	886578	0.0000079
all	1705	1	886578	0.0000011
all	1706	1	886578	0.0000011
all	1707	1	886578	0.0000011
all	1708	3	886578	0.0000034
all	1709	2	886578	0.0000023
all	1710	2	886578	0.0000023
all	1711	1	886578	0.0000011
all	1712	4	886578	0.0000045
all	1713	5	886578	0.0000056
all	1714	3	886578	0.0000034
all	1715	6	886578	0.0000068
all	1716	4	886578	0.0000045
all	1718	11	886578	0.0000124
all	1719	2	886578	0.0000023
all	1720	3	886578	0.0000034
all	1721	3	886578	0.0000034
all	1722	3	886578	0.0000034
all	1723	7	886578	0.0000079
all	1724	7	886578	0.0000079
all	1725	4	886578	0.0000045
all	1726	3	886578	0.0000034
all	1727	3	886578	0.0000034
all	1728	2	886578	0.0000023
all	1729	1	886578	0.0000011
all	1730	3	886578	0.0000034
all	1731	2	886578	0.0000023
all	1732	3	886578	0.0000034
all	1733	2	886578	0.0000023
all	1734	1	886578	0.0000011
all	1735	1	886578	0.0000011
all	1736	1	886578	0.0000011
all	1737	2	886578	0.0000023
all	1738	10	886578	0.0000113
all	1739	7	886578	0.0000079
all	1740	7	886578	0.0000079
all	1741	2	886578	0.0000023
all	1742	1	886578	0.0000011
all	1743	2	886578	0.0000023
all	1744	1	886578	0.0000011
all	1745	2	886578	0.0000023
all	1746	5	886578	0.0000056
all	1747	1	886578	0.0000011
all	1748	4	886578	0.0000045
all	1749	2	886578	0.0000023
all	1750	2	886578	0.0000023
all	1751	2	886578	0.0000023
all	1752	4	886578	0.0000045
all	1753	1	886578	0.0000011
all	1754	1	886578	0.0000011
all	1755	2	886578	0.0000023
all	1756	3	886578	0.0000034
all	1757	1	886578	0.0000011
all	1758	3	886578	0.0000034
all	1759	3	886578	0.0000034
all	1760	2	886578	0.0000023
all	1763	2	886578	0.0000023
all	1764	5	886578	0.0000056
all	1766	2	886578	0.0000023
all	1767	1	886578	0.0000011
all	1768	1	886578	0.0000011
all	1770	3	886578	0.0000034
all	1771	3	886578	0.0000034
all	1772	2	886578	0.0000023
all	1773	1	886578	0.0000011
all	1774	2	886578	0.0000023
all	1775	1	886578	0.0000011
all	1776	2	886578	0.0000023
all	1777	1	886578	0.0000011
all	1778	1	886578	0.0000011
all	1779	1	886578	0.0000011
all	1780	1	886578	0.0000011
all	1781	2	886578	0.0000023
all	1782	3	886578	0.0000034
all	1783	3	886578	0.0000034
all	1784	1	886578	0.0000011
all	1785	1	886578	0.0000011
all	1786	3	886578	0.0000034
all	1787	1	886578	0.0000011
all	1789	2	886578	0.0000023
all	1790	2	886578	0.0000023
all	1791	1	886578	0.0000011
all	1792	1	886578	0.0000011
all	1793	1	886578	0.0000011
all	1794	2	886578	0.0000023
all	1795	1	886578	0.0000011
all	1796	1	886578	0.0000011
all	1797	3	886578	0.0000034
all	1798	1	886578	0.0000011
all	1799	1	886578	0.0000011
all	1800	3	886578	0.0000034
all	1801	1	886578	0.0000011
all	1802	4	886578	0.0000045
all	1803	2	886578	0.0000023
all	1804	1	886578	0.0000011
all	1805	3	886578	0.0000034
all	1806	1	886578	0.0000011
all	1807	3	886578	0.0000034
all	1808	1	886578	0.0000011
all	1809	6	886578	0.0000068
all	1810	4	886578	0.0000045
all	1811	2	886578	0.0000023
all	1812	1	886578	0.0000011
all	1813	5	886578	0.0000056
all	1814	1	886578	0.0000011
all	1815	2	886578	0.0000023
all	1816	1	886578	0.0000011
all	1817	3	886578	0.0000034
all	1818	2	886578	0.0000023
all	1819	3	886578	0.0000034
all	1820	2	886578	0.0000023
all	1821	2	886578	0.0000023
all	1823	1	886578	0.0000011
all	1824	2	886578	0.0000023
all	1825	4	886578	0.0000045
all	1826	4	886578	0.0000045
all	1827	2	886578	0.0000023
all	1828	2	886578	0.0000023
all	1829	2	886578	0.0000023
all	1830	1	886578	0.0000011
all	1831	2	886578	0.0000023
all	1833	5	886578	0.0000056
all	1834	2	886578	0.0000023
all	1835	3	886578	0.0000034
all	1836	1	886578	0.0000011
all	1837	3	886578	0.0000034
all	1838	1	886578	0.0000011
all	1839	3	886578	0.0000034
all	1840	4	886578	0.0000045
all	1841	2	886578	0.0000023
all	1842	2	886578	0.0000023
all	1844	2	886578	0.0000023
all	1845	2	886578	0.0000023
all	1846	1	886578	0.0000011
all	1847	3	886578	0.0000034
all	1849	2	886578	0.0000023
all	1850	4	886578	0.0000045
all	1852	2	886578	0.0000023
all	1853	1	886578	0.0000011
all	1854	5	886578	0.0000056
all	1855	2	886578	0.0000023
all	1857	2	886578	0.0000023
all	1858	2	886578	0.0000023
all	1859	2	886578	0.0000023
all	1860	2	886578	0.0000023
all	1861	1	886578	0.0000011
all	1862	1	886578	0.0000011
all	1863	2	886578	0.0000023
all	1864	1	886578	0.0000011
all	1865	4	886578	0.0000045
all	1866	3	886578	0.0000034
all	1867	3	886578	0.0000034
all	1868	2	886578	0.0000023
all	1869	1	886578	0.0000011
all	1870	1	886578	0.0000011
all	1872	3	886578	0.0000034
all	1873	4	886578	0.0000045
all	1874	3	886578	0.0000034
all	1876	2	886578	0.0000023
all	1877	1	886578	0.0000011
all	1880	1	886578	0.0000011
all	1881	1	886578	0.0000011
all	1882	1	886578	0.0000011
all	1883	1	886578	0.0000011
all	1884	2	886578	0.0000023
all	1885	3	886578	0.0000034
all	1887	2	886578	0.0000023
all	1890	2	886578	0.0000023
all	1891	3	886578	0.0000034
all	1892	2	886578	0.0000023
all	1893	3	886578	0.0000034
all	1895	1	886578	0.0000011
all	1896	1	886578	0.0000011
all	1898	1	886578	0.0000011
all	1899	1	886578	0.0000011
all	1900	1	886578	0.0000011
all	1901	2	886578	0.0000023
all	1903	4	886578	0.0000045
all	1904	1	886578	0.0000011
all	1905	3	886578	0.0000034
all	1906	2	886578	0.0000023
all	1907	1	886578	0.0000011
all	1908	3	886578	0.0000034
all	1910	1	886578	0.0000011
all	1912	3	886578	0.0000034
all	1913	1	886578	0.0000011
all	1914	1	886578	0.0000011
all	1916	1	886578	0.0000011
all	1917	1	886578	0.0000011
all	1918	1	886578	0.0000011
all	1919	1	886578	0.0000011
all	1920	1	886578	0.0000011
all	1921	3	886578	0.0000034
all	1923	1	886578	0.0000011
all	1924	2	886578	0.0000023
all	1925	3	886578	0.0000034
all	1926	2	886578	0.0000023
all	1927	2	886578	0.0000023
all	1928	1	886578	0.0000011
all	1929	1	886578	0.0000011
all	1930	1	886578	0.0000011
all	1932	2	886578	0.0000023
all	1933	2	886578	0.0000023
all	1934	1	886578	0.0000011
all	1936	3	886578	0.0000034
all	1937	3	886578	0.0000034
all	1938	3	886578	0.0000034
all	1940	2	886578	0.0000023
all	1941	1	886578	0.0000011
all	1942	3	886578	0.0000034
all	1945	1	886578	0.0000011
all	1946	3	886578	0.0000034
all	1948	2	886578	0.0000023
all	1949	1	886578	0.0000011
all	1951	2	886578	0.0000023
all	1952	3	886578	0.0000034
all	1953	3	886578	0.0000034
all	1954	3	886578	0.0000034
all	1955	1	886578	0.0000011
all	1957	4	886578	0.0000045
all	1958	1	886578	0.0000011
all	1959	2	886578	0.0000023
all	1960	1	886578	0.0000011
all	1961	2	886578	0.0000023
all	1962	1	886578	0.0000011
all	1963	4	886578	0.0000045
all	1964	2	886578	0.0000023
all	1966	2	886578	0.0000023
all	1967	3	886578	0.0000034
all	1969	3	886578	0.0000034
all	1970	5	886578	0.0000056
all	1971	1	886578	0.0000011
all	1972	4	886578	0.0000045
all	1973	1	886578	0.0000011
all	1974	1	886578	0.0000011
all	1975	1	886578	0.0000011
all	1976	1	886578	0.0000011
all	1978	1	886578	0.0000011
all	1979	2	886578	0.0000023
all	1980	2	886578	0.0000023
all	1982	4	886578	0.0000045
all	1983	2	886578	0.0000023
all	1984	3	886578	0.0000034
all	1986	2	886578	0.0000023
all	1987	5	886578	0.0000056
all	1988	1	886578	0.0000011
all	1989	1	886578	0.0000011
all	1990	1	886578	0.0000011
all	1991	2	886578	0.0000023
all	1992	1	886578	0.0000011
all	1993	3	886578	0.0000034
all	1994	3	886578	0.0000034
all	1996	1	886578	0.0000011
all	1997	2	886578	0.0000023
all	1998	1	886578	0.0000011
all	1999	1	886578	0.0000011
all	2000	2	886578	0.0000023
all	2001	1	886578	0.0000011
all	2002	2	886578	0.0000023
all	2003	1	886578	0.0000011
all	2004	1	886578	0.0000011
all	2005	1	886578	0.0000011
all	2006	1	886578	0.0000011
all	2007	3	886578	0.0000034
all	2008	4	886578	0.0000045
all	2009	2	886578	0.0000023
all	2010	2	886578	0.0000023
all	2011	3	886578	0.0000034
all	2012	3	886578	0.0000034
all	2014	3	886578	0.0000034
all	2018	4	886578	0.0000045
all	2020	3	886578	0.0000034
all	2021	3	886578	0.0000034
all	2022	2	886578	0.0000023
all	2023	3	886578	0.0000034
all	2024	3	886578	0.0000034
all	2025	1	886578	0.0000011
all	2027	1	886578	0.0000011
all	2028	1	886578	0.0000011
all	2029	2	886578	0.0000023
all	2030	4	886578	0.0000045
all	2031	2	886578	0.0000023
all	2032	2	886578	0.0000023
all	2033	2	886578	0.0000023
all	2034	1	886578	0.0000011
all	2035	1	886578	0.0000011
all	2036	1	886578	0.0000011
all	2037	3	886578	0.0000034
all	2038	1	886578	0.0000011
all	2039	1	886578	0.0000011
all	2040	1	886578	0.0000011
all	2041	3	886578	0.0000034
all	2043	1	886578	0.0000011
all	2045	3	886578	0.0000034
all	2047	4	886578	0.0000045
all	2048	5	886578	0.0000056
all	2049	3	886578	0.0000034
all	2050	2	886578	0.0000023
all	2051	3	886578	0.0000034
all	2052	1	886578	0.0000011
all	2053	4	886578	0.0000045
all	2054	1	886578	0.0000011
all	2055	3	886578	0.0000034
all	2056	1	886578	0.0000011
all	2057	2	886578	0.0000023
all	2058	2	886578	0.0000023
all	2059	1	886578	0.0000011
all	2060	3	886578	0.0000034
all	2061	6	886578	0.0000068
all	2062	1	886578	0.0000011
all	2063	1	886578	0.0000011
all	2064	3	886578	0.0000034
all	2065	2	886578	0.0000023
all	2066	4	886578	0.0000045
all	2067	8	886578	0.0000090
all	2068	1	886578	0.0000011
all	2069	1	886578	0.0000011
all	2070	4	886578	0.0000045
all	2071	1	886578	0.0000011
all	2073	1	886578	0.0000011
all	2075	3	886578	0.0000034
all	2076	2	886578	0.0000023
all	2077	3	886578	0.0000034
all	2078	1	886578	0.0000011
all	2079	2	886578	0.0000023
all	2080	1	886578	0.0000011
all	2081	2	886578	0.0000023
all	2082	1	886578	0.0000011
all	2083	1	886578	0.0000011
all	2084	2	886578	0.0000023
all	2085	2	886578	0.0000023
all	2086	3	886578	0.0000034
all	2087	2	886578	0.0000023
all	2088	2	886578	0.0000023
all	2089	2	886578	0.0000023
all	2091	1	886578	0.0000011
all	2092	1	886578	0.0000011
all	2093	1	886578	0.0000011
all	2095	5	886578	0.0000056
all	2096	1	886578	0.0000011
all	2097	2	886578	0.0000023
all	2100	2	886578	0.0000023
all	2102	3	886578	0.0000034
all	2105	2	886578	0.0000023
all	2106	3	886578	0.0000034
all	2107	2	886578	0.0000023
all	2108	2	886578	0.0000023
all	2110	1	886578	0.0000011
all	2111	3	886578	0.0000034
all	2113	1	886578	0.0000011
all	2114	3	886578	0.0000034
all	2115	4	886578	0.0000045
all	2116	1	886578	0.0000011
all	2117	2	886578	0.0000023
all	2118	5	886578	0.0000056
all	2119	1	886578	0.0000011
all	2120	4	886578	0.0000045
all	2121	1	886578	0.0000011
all	2122	1	886578	0.0000011
all	2123	2	886578	0.0000023
all	2124	2	886578	0.0000023
all	2125	1	886578	0.0000011
all	2126	5	886578	0.0000056
all	2127	2	886578	0.0000023
all	2128	3	886578	0.0000034
all	2129	1	886578	0.0000011
all	2130	3	886578	0.0000034
all	2131	1	886578	0.0000011
all	2132	2	886578	0.0000023
all	2133	3	886578	0.0000034
all	2134	2	886578	0.0000023
all	2135	2	886578	0.0000023
all	2136	3	886578	0.0000034
all	2137	3	886578	0.0000034
all	2139	2	886578	0.0000023
all	2140	4	886578	0.0000045
all	2142	1	886578	0.0000011
all	2144	3	886578	0.0000034
all	2145	1	886578	0.0000011
all	2146	2	886578	0.0000023
all	2147	3	886578	0.0000034
all	2148	3	886578	0.0000034
all	2149	2	886578	0.0000023
all	2150	1	886578	0.0000011
all	2151	6	886578	0.0000068
all	2152	4	886578	0.0000045
all	2153	1	886578	0.0000011
all	2154	3	886578	0.0000034
all	2155	4	886578	0.0000045
all	2156	4	886578	0.0000045
all	2157	5	886578	0.0000056
all	2158	4	886578	0.0000045
all	2159	1	886578	0.0000011
all	2160	1	886578	0.0000011
all	2161	2	886578	0.0000023
all	2163	1	886578	0.0000011
all	2164	1	886578	0.0000011
all	2165	3	886578	0.0000034
all	2166	4	886578	0.0000045
all	2167	1	886578	0.0000011
all	2168	1	886578	0.0000011
all	2169	1	886578	0.0000011
all	2170	3	886578	0.0000034
all	2171	4	886578	0.0000045
all	2172	2	886578	0.0000023
all	2173	3	886578	0.0000034
all	2174	4	886578	0.0000045
all	2175	2	886578	0.0000023
all	2176	2	886578	0.0000023
all	2177	1	886578	0.0000011
all	2178	4	886578	0.0000045
all	2179	5	886578	0.0000056
all	2180	3	886578	0.0000034
all	2181	2	886578	0.0000023
all	2182	2	886578	0.0000023
all	2183	3	886578	0.0000034
all	2184	2	886578	0.0000023
all	2185	2	886578	0.0000023
all	2186	1	886578	0.0000011
all	2187	1	886578	0.0000011
all	2188	1	886578	0.0000011
all	2189	3	886578	0.0000034
all	2190	3	886578	0.0000034
all	2191	3	886578	0.0000034
all	2193	2	886578	0.0000023
all	2195	5	886578	0.0000056
all	2196	2	886578	0.0000023
all	2197	3	886578	0.0000034
all	2198	4	886578	0.0000045
all	2199	2	886578	0.0000023
all	2200	4	886578	0.0000045
all	2201	3	886578	0.0000034
all	2202	2	886578	0.0000023
all	2203	4	886578	0.0000045
all	2204	4	886578	0.0000045
all	2205	1	886578	0.0000011
all	2206	2	886578	0.0000023
all	2207	3	886578	0.0000034
all	2208	1	886578	0.0000011
all	2209	5	886578	0.0000056
all	2210	5	886578	0.0000056
all	2211	6	886578	0.0000068
all	2212	2	886578	0.0000023
all	2213	5	886578	0.0000056
all	2214	11	886578	0.0000124
all	2215	1	886578	0.0000011
all	2216	3	886578	0.0000034
all	2217	5	886578	0.0000056
all	2218	4	886578	0.0000045
all	2220	3	886578	0.0000034
all	2221	3	886578	0.0000034
all	2222	2	886578	0.0000023
all	2223	4	886578	0.0000045
all	2224	2	886578	0.0000023
all	2225	5	886578	0.0000056
all	2226	5	886578	0.0000056
all	2227	4	886578	0.0000045
all	2228	1	886578	0.0000011
all	2229	2	886578	0.0000023
all	2230	4	886578	0.0000045
all	2231	5	886578	0.0000056
all	2232	3	886578	0.0000034
all	2233	2	886578	0.0000023
all	2234	2	886578	0.0000023
all	2235	2	886578	0.0000023
all	2236	2	886578	0.0000023
all	2237	5	886578	0.0000056
all	2238	3	886578	0.0000034
all	2239	2	886578	0.0000023
all	2240	1	886578	0.0000011
all	2241	2	886578	0.0000023
all	2242	3	886578	0.0000034
all	2247	1	886578	0.0000011
all	2248	2	886578	0.0000023
all	2249	1	886578	0.0000011
all	2250	1	886578	0.0000011
all	2251	1	886578	0.0000011
all	2252	1	886578	0.0000011
all	2254	1	886578	0.0000011
all	2255	1	886578	0.0000011
all	2256	2	886578	0.0000023
all	2257	3	886578	0.0000034
all	2259	1	886578	0.0000011
all	2260	1	886578	0.0000011
all	2261	2	886578	0.0000023
all	2263	1	886578	0.0000011
all	2264	2	886578	0.0000023
all	2265	1	886578	0.0000011
all	2266	2	886578	0.0000023
all	2267	1	886578	0.0000011
all	2268	1	886578	0.0000011
all	2269	1	886578	0.0000011
all	2270	1	886578	0.0000011
all	2271	2	886578	0.0000023
all	2272	1	886578	0.0000011
all	2273	2	886578	0.0000023
all	2274	2	886578	0.0000023
all	2275	2	886578	0.0000023
all	2276	3	886578	0.0000034
all	2277	1	886578	0.0000011
all	2278	2	886578	0.0000023
all	2279	5	886578	0.0000056
all	2280	1	886578	0.0000011
all	2282	2	886578	0.0000023
all	2283	2	886578	0.0000023
all	2284	3	886578	0.0000034
all	2285	1	886578	0.0000011
all	2286	2	886578	0.0000023
all	2287	2	886578	0.0000023
all	2288	2	886578	0.0000023
all	2289	2	886578	0.0000023
all	2290	2	886578	0.0000023
all	2291	3	886578	0.0000034
all	2292	3	886578	0.0000034
all	2293	3	886578	0.0000034
all	2295	1	886578	0.0000011
all	2297	1	886578	0.0000011
all	2299	1	886578	0.0000011
all	2304	5	886578	0.0000056
all	2305	1	886578	0.0000011
all	2306	4	886578	0.0000045
all	2307	5	886578	0.0000056
all	2308	3	886578	0.0000034
all	2309	3	886578	0.0000034
all	2310	1	886578	0.0000011
all	2311	3	886578	0.0000034
all	2312	2	886578	0.0000023
all	2313	1	886578	0.0000011
all	2314	2	886578	0.0000023
all	2315	5	886578	0.0000056
all	2316	2	886578	0.0000023
all	2317	3	886578	0.0000034
all	2318	3	886578	0.0000034
all	2319	3	886578	0.0000034
all	2320	2	886578	0.0000023
all	2321	5	886578	0.0000056
all	2324	2	886578	0.0000023
all	2325	2	886578	0.0000023
all	2326	1	886578	0.0000011
all	2327	1	886578	0.0000011
all	2328	2	886578	0.0000023
all	2330	1	886578	0.0000011
all	2332	2	886578	0.0000023
all	2333	1	886578	0.0000011
all	2334	1	886578	0.0000011
all	2335	3	886578	0.0000034
all	2336	2	886578	0.0000023
all	2338	1	886578	0.0000011
all	2339	2	886578	0.0000023
all	2340	1	886578	0.0000011
all	2342	1	886578	0.0000011
all	2343	4	886578	0.0000045
all	2344	1	886578	0.0000011
all	2345	2	886578	0.0000023
all	2346	3	886578	0.0000034
all	2347	1	886578	0.0000011
all	2348	1	886578	0.0000011
all	2349	1	886578	0.0000011
all	2350	5	886578	0.0000056
all	2351	1	886578	0.0000011
all	2353	2	886578	0.0000023
all	2354	1	886578	0.0000011
all	2355	3	886578	0.0000034
all	2356	1	886578	0.0000011
all	2357	1	886578	0.0000011
all	2358	1	886578	0.0000011
all	2359	1	886578	0.0000011
all	2360	4	886578	0.0000045
all	2361	2	886578	0.0000023
all	2362	1	886578	0.0000011
all	2363	2	886578	0.0000023
all	2364	1	886578	0.0000011
all	2365	5	886578	0.0000056
all	2366	2	886578	0.0000023
all	2367	3	886578	0.0000034
all	2369	4	886578	0.0000045
all	2371	2	886578	0.0000023
all	2373	3	886578	0.0000034
all	2374	2	886578	0.0000023
all	2375	4	886578	0.0000045
all	2377	1	886578	0.0000011
all	2378	2	886578	0.0000023
all	2380	2	886578	0.0000023
all	2381	1	886578	0.0000011
all	2382	2	886578	0.0000023
all	2384	2	886578	0.0000023
all	2386	3	886578	0.0000034
all	2387	3	886578	0.0000034
all	2388	4	886578	0.0000045
all	2389	1	886578	0.0000011
all	2390	1	886578	0.0000011
all	2391	1	886578	0.0000011
all	2393	2	886578	0.0000023
all	2394	1	886578	0.0000011
all	2396	2	886578	0.0000023
all	2397	1	886578	0.0000011
all	2398	1	886578	0.0000011
all	2400	1	886578	0.0000011
all	2402	1	886578	0.0000011
all	2403	4	886578	0.0000045
all	2405	2	886578	0.0000023
all	2406	2	886578	0.0000023
all	2407	1	886578	0.0000011
all	2408	2	886578	0.0000023
all	2409	1	886578	0.0000011
all	2410	3	886578	0.0000034
all	2411	3	886578	0.0000034
all	2412	2	886578	0.0000023
all	2414	2	886578	0.0000023
all	2415	1	886578	0.0000011
all	2416	3	886578	0.0000034
all	2418	1	886578	0.0000011
all	2419	1	886578	0.0000011
all	2420	2	886578	0.0000023
all	2421	3	886578	0.0000034
all	2422	2	886578	0.0000023
all	2423	1	886578	0.0000011
all	2424	1	886578	0.0000011
all	2430	1	886578	0.0000011
all	2431	1	886578	0.0000011
all	2432	1	886578	0.0000011
all	2433	1	886578	0.0000011
all	2434	1	886578	0.0000011
all	2438	2	886578	0.0000023
all	2439	1	886578	0.0000011
all	2440	4	886578	0.0000045
all	2441	2	886578	0.0000023
all	2443	1	886578	0.0000011
all	2444	2	886578	0.0000023
all	2445	1	886578	0.0000011
all	2447	1	886578	0.0000011
all	2450	2	886578	0.0000023
all	2451	1	886578	0.0000011
all	2453	1	886578	0.0000011
all	2455	1	886578	0.0000011
all	2459	1	886578	0.0000011
all	2461	1	886578	0.0000011
all	2462	2	886578	0.0000023
all	2463	1	886578	0.0000011
all	2465	1	886578	0.0000011
all	2467	2	886578	0.0000023
all	2469	1	886578	0.0000011
all	2470	1	886578	0.0000011
all	2473	2	886578	0.0000023
all	2476	4	886578	0.0000045
all	2479	2	886578	0.0000023
all	2482	1	886578	0.0000011
all	2485	3	886578	0.0000034
all	2486	1	886578	0.0000011
all	2487	3	886578	0.0000034
all	2488	1	886578	0.0000011
all	2490	1	886578	0.0000011
all	2493	1	886578	0.0000011
all	2495	3	886578	0.0000034
all	2496	1	886578	0.0000011
all	2497	2	886578	0.0000023
all	2499	2	886578	0.0000023
all	2502	1	886578	0.0000011
all	2503	2	886578	0.0000023
all	2504	3	886578	0.0000034
all	2505	2	886578	0.0000023
all	2507	2	886578	0.0000023
all	2509	2	886578	0.0000023
all	2510	3	886578	0.0000034
all	2511	3	886578	0.0000034
all	2512	4	886578	0.0000045
all	2513	1	886578	0.0000011
all	2514	1	886578	0.0000011
all	2516	2	886578	0.0000023
all	2517	2	886578	0.0000023
all	2520	3	886578	0.0000034
all	2524	1	886578	0.0000011
all	2526	1	886578	0.0000011
all	2527	1	886578	0.0000011
all	2528	1	886578	0.0000011
all	2529	1	886578	0.0000011
all	2532	1	886578	0.0000011
all	2534	3	886578	0.0000034
all	2535	1	886578	0.0000011
all	2537	1	886578	0.0000011
all	2538	1	886578	0.0000011
all	2539	1	886578	0.0000011
all	2540	1	886578	0.0000011
all	2541	2	886578	0.0000023
all	2545	2	886578	0.0000023
all	2547	1	886578	0.0000011
all	2548	2	886578	0.0000023
all	2550	1	886578	0.0000011
all	2552	2	886578	0.0000023
all	2553	1	886578	0.0000011
all	2558	1	886578	0.0000011
all	2560	1	886578	0.0000011
all	2561	1	886578	0.0000011
all	2563	1	886578	0.0000011
all	2564	1	886578	0.0000011
all	2565	1	886578	0.0000011
all	2566	2	886578	0.0000023
all	2567	1	886578	0.0000011
all	2569	1	886578	0.0000011
all	2570	1	886578	0.0000011
all	2571	1	886578	0.0000011
all	2572	1	886578	0.0000011
all	2573	1	886578	0.0000011
all	2574	1	886578	0.0000011
all	2575	2	886578	0.0000023
all	2576	1	886578	0.0000011
all	2577	1	886578	0.0000011
all	2578	1	886578	0.0000011
all	2579	1	886578	0.0000011
all	2582	1	886578	0.0000011
all	2583	2	886578	0.0000023
all	2584	3	886578	0.0000034
all	2586	1	886578	0.0000011
all	2589	1	886578	0.0000011
all	2590	3	886578	0.0000034
all	2591	3	886578	0.0000034
all	2593	2	886578	0.0000023
all	2594	1	886578	0.0000011
all	2595	2	886578	0.0000023
all	2596	1	886578	0.0000011
all	2597	1	886578	0.0000011
all	2599	1	886578	0.0000011
all	2603	2	886578	0.0000023
all	2605	2	886578	0.0000023
all	2607	1	886578	0.0000011
all	2608	2	886578	0.0000023
all	2609	2	886578	0.0000023
all	2610	1	886578	0.0000011
all	2612	2	886578	0.0000023
all	2613	1	886578	0.0000011
all	2614	2	886578	0.0000023
all	2617	1	886578	0.0000011
all	2618	3	886578	0.0000034
all	2619	1	886578	0.0000011
all	2621	1	886578	0.0000011
all	2622	1	886578	0.0000011
all	2623	1	886578	0.0000011
all	2625	3	886578	0.0000034
all	2626	1	886578	0.0000011
all	2627	1	886578	0.0000011
all	2629	1	886578	0.0000011
all	2630	1	886578	0.0000011
all	2631	2	886578	0.0000023
all	2632	2	886578	0.0000023
all	2634	2	886578	0.0000023
all	2635	4	886578	0.0000045
all	2636	1	886578	0.0000011
all	2637	2	886578	0.0000023
all	2638	2	886578	0.0000023
all	2640	1	886578	0.0000011
all	2642	2	886578	0.0000023
all	2644	2	886578	0.0000023
all	2645	1	886578	0.0000011
all	2646	4	886578	0.0000045
all	2647	1	886578	0.0000011
all	2648	2	886578	0.0000023
all	2649	3	886578	0.0000034
all	2650	1	886578	0.0000011
all	2652	1	886578	0.0000011
all	2653	1	886578	0.0000011
all	2654	4	886578	0.0000045
all	2656	3	886578	0.0000034
all	2657	1	886578	0.0000011
all	2660	1	886578	0.0000011
all	2662	1	886578	0.0000011
all	2663	2	886578	0.0000023
all	2665	1	886578	0.0000011
all	2666	2	886578	0.0000023
all	2668	2	886578	0.0000023
all	2669	4	886578	0.0000045
all	2671	1	886578	0.0000011
all	2672	1	886578	0.0000011
all	2673	1	886578	0.0000011
all	2675	1	886578	0.0000011
all	2676	1	886578	0.0000011
all	2679	2	886578	0.0000023
all	2680	1	886578	0.0000011
all	2681	1	886578	0.0000011
all	2682	3	886578	0.0000034
all	2683	1	886578	0.0000011
all	2684	4	886578	0.0000045
all	2685	1	886578	0.0000011
all	2687	3	886578	0.0000034
all	2688	3	886578	0.0000034
all	2690	3	886578	0.0000034
all	2692	1	886578	0.0000011
all	2693	1	886578	0.0000011
all	2694	1	886578	0.0000011
all	2695	1	886578	0.0000011
all	2696	3	886578	0.0000034
all	2698	1	886578	0.0000011
all	2700	1	886578	0.0000011
all	2701	2	886578	0.0000023
all	2703	2	886578	0.0000023
all	2704	1	886578	0.0000011
all	2705	3	886578	0.0000034
all	2706	2	886578	0.0000023
all	2707	1	886578	0.0000011
all	2708	2	886578	0.0000023
all	2710	1	886578	0.0000011
all	2712	1	886578	0.0000011
all	2713	1	886578	0.0000011
all	2714	4	886578	0.0000045
all	2716	1	886578	0.0000011
all	2717	1	886578	0.0000011
all	2718	2	886578	0.0000023
all	2719	1	886578	0.0000011
all	2720	1	886578	0.0000011
all	2721	1	886578	0.0000011
all	2724	1	886578	0.0000011
all	2725	4	886578	0.0000045
all	2726	3	886578	0.0000034
all	2727	3	886578	0.0000034
all	2728	1	886578	0.0000011
all	2729	1	886578	0.0000011
all	2730	1	886578	0.0000011
all	2731	5	886578	0.0000056
all	2732	1	886578	0.0000011
all	2734	2	886578	0.0000023
all	2735	2	886578	0.0000023
all	2736	3	886578	0.0000034
all	2737	3	886578	0.0000034
all	2738	4	886578	0.0000045
all	2739	1	886578	0.0000011
all	2741	1	886578	0.0000011
all	2742	1	886578	0.0000011
all	2743	2	886578	0.0000023
all	2744	2	886578	0.0000023
all	2745	4	886578	0.0000045
all	2746	2	886578	0.0000023
all	2747	1	886578	0.0000011
all	2748	1	886578	0.0000011
all	2749	5	886578	0.0000056
all	2750	2	886578	0.0000023
all	2751	2	886578	0.0000023
all	2752	2	886578	0.0000023
all	2753	2	886578	0.0000023
all	2754	2	886578	0.0000023
all	2756	2	886578	0.0000023
all	2757	1	886578	0.0000011
all	2759	1	886578	0.0000011
all	2761	3	886578	0.0000034
all	2762	1	886578	0.0000011
all	2765	3	886578	0.0000034
all	2766	1	886578	0.0000011
all	2767	2	886578	0.0000023
all	2770	1	886578	0.0000011
all	2771	3	886578	0.0000034
all	2772	6	886578	0.0000068
all	2773	1	886578	0.0000011
all	2774	2	886578	0.0000023
all	2775	1	886578	0.0000011
all	2776	2	886578	0.0000023
all	2780	1	886578	0.0000011
all	2783	1	886578	0.0000011
all	2784	2	886578	0.0000023
all	2786	1	886578	0.0000011
all	2788	1	886578	0.0000011
all	2790	1	886578	0.0000011
all	2791	1	886578	0.0000011
all	2793	1	886578	0.0000011
all	2796	1	886578	0.0000011
all	2797	1	886578	0.0000011
all	2799	1	886578	0.0000011
all	2806	2	886578	0.0000023
all	2807	1	886578	0.0000011
all	2808	2	886578	0.0000023
all	2811	1	886578	0.0000011
all	2817	1	886578	0.0000011
all	2818	1	886578	0.0000011
all	2820	1	886578	0.0000011
all	2823	1	886578	0.0000011
all	2825	1	886578	0.0000011
all	2833	1	886578	0.0000011
all	2834	1	886578	0.0000011
all	2836	3	886578	0.0000034
all	2838	2	886578	0.0000023
all	2840	1	886578	0.0000011
all	2845	1	886578	0.0000011
all	2846	1	886578	0.0000011
all	2847	1	886578	0.0000011
all	2848	1	886578	0.0000011
all	2854	3	886578	0.0000034
all	2855	1	886578	0.0000011
all	2856	1	886578	0.0000011
all	2858	1	886578	0.0000011
all	2859	1	886578	0.0000011
all	2866	2	886578	0.0000023
all	2868	3	886578	0.0000034
all	2870	1	886578	0.0000011
all	2872	1	886578	0.0000011
all	2875	1	886578	0.0000011
all	2877	2	886578	0.0000023
all	2879	1	886578	0.0000011
all	2880	1	886578	0.0000011
all	2881	1	886578	0.0000011
all	2883	1	886578	0.0000011
all	2884	1	886578	0.0000011
all	2886	1	886578	0.0000011
all	2887	1	886578	0.0000011
all	2888	1	886578	0.0000011
all	2891	1	886578	0.0000011
all	2892	1	886578	0.0000011
all	2894	1	886578	0.0000011
all	2895	1	886578	0.0000011
all	2897	1	886578	0.0000011
all	2899	2	886578	0.0000023
all	2901	1	886578	0.0000011
all	2903	3	886578	0.0000034
all	2904	3	886578	0.0000034
all	2906	3	886578	0.0000034
all	2907	1	886578	0.0000011
all	2908	1	886578	0.0000011
all	2911	1	886578	0.0000011
all	2912	1	886578	0.0000011
all	2914	2	886578	0.0000023
all	2915	1	886578	0.0000011
all	2916	1	886578	0.0000011
all	2921	2	886578	0.0000023
all	2922	3	886578	0.0000034
all	2923	1	886578	0.0000011
all	2924	1	886578	0.0000011
all	2926	1	886578	0.0000011
all	2927	1	886578	0.0000011
all	2931	2	886578	0.0000023
all	2932	1	886578	0.0000011
all	2933	1	886578	0.0000011
all	2935	2	886578	0.0000023
all	2936	1	886578	0.0000011
all	2937	1	886578	0.0000011
all	2938	1	886578	0.0000011
all	2939	2	886578	0.0000023
all	2940	2	886578	0.0000023
all	2941	1	886578	0.0000011
all	2942	1	886578	0.0000011
all	2943	2	886578	0.0000023
all	2944	1	886578	0.0000011
all	2947	2	886578	0.0000023
all	2948	2	886578	0.0000023
all	2949	1	886578	0.0000011
all	2950	2	886578	0.0000023
all	2951	2	886578	0.0000023
all	2952	2	886578	0.0000023
all	2956	1	886578	0.0000011
all	2957	1	886578	0.0000011
all	2961	1	886578	0.0000011
all	2965	2	886578	0.0000023
all	2973	2	886578	0.0000023
all	2974	2	886578	0.0000023
all	2975	1	886578	0.0000011
all	2976	1	886578	0.0000011
all	2978	1	886578	0.0000011
all	2981	1	886578	0.0000011
all	2984	1	886578	0.0000011
all	2985	1	886578	0.0000011
all	2988	1	886578	0.0000011
all	2990	2	886578	0.0000023
all	2991	2	886578	0.0000023
all	2994	1	886578	0.0000011
all	2996	1	886578	0.0000011
all	3001	1	886578	0.0000011
all	3003	1	886578	0.0000011
all	3005	1	886578	0.0000011
all	3008	2	886578	0.0000023
all	3015	3	886578	0.0000034
all	3016	2	886578	0.0000023
all	3017	1	886578	0.0000011
all	3018	1	886578	0.0000011
all	3021	1	886578	0.0000011
all	3028	1	886578	0.0000011
all	3031	2	886578	0.0000023
all	3032	1	886578	0.0000011
all	3035	1	886578	0.0000011
all	3036	1	886578	0.0000011
all	3037	2	886578	0.0000023
all	3047	1	886578	0.0000011
all	3051	1	886578	0.0000011
all	3053	1	886578	0.0000011
all	3056	1	886578	0.0000011
all	3059	3	886578	0.0000034
all	3060	1	886578	0.0000011
all	3061	1	886578	0.0000011
all	3062	1	886578	0.0000011
all	3065	5	886578	0.0000056
all	3066	11	886578	0.0000124
all	3067	2	886578	0.0000023
all	3068	4	886578	0.0000045
all	3069	1	886578	0.0000011
all	3070	1	886578	0.0000011
all	3073	3	886578	0.0000034
all	3074	1	886578	0.0000011
all	3076	2	886578	0.0000023
all	3077	1	886578	0.0000011
all	3079	1	886578	0.0000011
all	3080	4	886578	0.0000045
all	3082	1	886578	0.0000011
all	3083	5	886578	0.0000056
all	3090	2	886578	0.0000023
all	3091	1	886578	0.0000011
all	3101	1	886578	0.0000011
all	3102	1	886578	0.0000011
all	3107	1	886578	0.0000011
all	3110	2	886578	0.0000023
all	3112	1	886578	0.0000011
all	3115	1	886578	0.0000011
all	3116	1	886578	0.0000011
all	3118	1	886578	0.0000011
all	3120	1	886578	0.0000011
all	3124	2	886578	0.0000023
all	3125	1	886578	0.0000011
all	3128	2	886578	0.0000023
all	3140	1	886578	0.0000011
all	3141	1	886578	0.0000011
all	3145	1	886578	0.0000011
all	3153	1	886578	0.0000011
all	3154	1	886578	0.0000011
all	3155	1	886578	0.0000011
all	3156	2	886578	0.0000023
all	3157	1	886578	0.0000011
all	3159	1	886578	0.0000011
all	3164	1	886578	0.0000011
all	3168	2	886578	0.0000023
all	3173	1	886578	0.0000011
all	3177	1	886578	0.0000011
all	3178	1	886578	0.0000011
all	3180	1	886578	0.0000011
all	3181	1	886578	0.0000011
all	3186	3	886578	0.0000034
all	3188	2	886578	0.0000023
all	3189	1	886578	0.0000011
all	3191	2	886578	0.0000023
all	3195	1	886578	0.0000011
all	3196	1	886578	0.0000011
all	3201	2	886578	0.0000023
all	3206	1	886578	0.0000011
all	3208	1	886578	0.0000011
all	3209	1	886578	0.0000011
all	3210	1	886578	0.0000011
all	3211	1	886578	0.0000011
all	3216	1	886578	0.0000011
all	3217	1	886578	0.0000011
all	3218	2	886578	0.0000023
all	3221	1	886578	0.0000011
all	3222	1	886578	0.0000011
all	3225	1	886578	0.0000011
all	3226	1	886578	0.0000011
all	3228	1	886578	0.0000011
all	3230	1	886578	0.0000011
all	3236	1	886578	0.0000011
all	3242	1	886578	0.0000011
all	3243	1	886578	0.0000011
all	3245	1	886578	0.0000011
all	3255	1	886578	0.0000011
all	3258	1	886578	0.0000011
all	3259	1	886578	0.0000011
all	3260	2	886578	0.0000023
all	3263	1	886578	0.0000011
all	3266	1	886578	0.0000011
all	3268	2	886578	0.0000023
all	3269	1	886578	0.0000011
all	3272	2	886578	0.0000023
all	3273	2	886578	0.0000023
all	3274	1	886578	0.0000011
all	3276	1	886578	0.0000011
all	3277	1	886578	0.0000011
all	3278	1	886578	0.0000011
all	3279	1	886578	0.0000011
all	3280	1	886578	0.0000011
all	3282	1	886578	0.0000011
all	3283	1	886578	0.0000011
all	3286	1	886578	0.0000011
all	3288	1	886578	0.0000011
all	3289	1	886578	0.0000011
all	3290	1	886578	0.0000011
all	3291	1	886578	0.0000011
all	3295	1	886578	0.0000011
all	3298	1	886578	0.0000011
all	3300	1	886578	0.0000011
all	3301	2	886578	0.0000023
all	3306	1	886578	0.0000011
all	3307	2	886578	0.0000023
all	3308	2	886578	0.0000023
all	3311	1	886578	0.0000011
all	3313	1	886578	0.0000011
all	3314	1	886578	0.0000011
all	3316	1	886578	0.0000011
all	3317	1	886578	0.0000011
all	3318	3	886578	0.0000034
all	3319	3	886578	0.0000034
all	3320	1	886578	0.0000011
all	3327	2	886578	0.0000023
all	3329	2	886578	0.0000023
all	3330	1	886578	0.0000011
all	3332	1	886578	0.0000011
all	3338	1	886578	0.0000011
all	3341	1	886578	0.0000011
all	3342	1	886578	0.0000011
all	3344	1	886578	0.0000011
all	3346	1	886578	0.0000011
all	3349	2	886578	0.0000023
all	3352	1	886578	0.0000011
all	3354	1	886578	0.0000011
all	3355	1	886578	0.0000011
all	3356	1	886578	0.0000011
all	3358	1	886578	0.0000011
all	3361	1	886578	0.0000011
all	3364	2	886578	0.0000023
all	3366	1	886578	0.0000011
all	3368	1	886578	0.0000011
all	3371	1	886578	0.0000011
all	3373	1	886578	0.0000011
all	3376	2	886578	0.0000023
all	3378	2	886578	0.0000023
all	3379	2	886578	0.0000023
all	3380	3	886578	0.0000034
all	3381	1	886578	0.0000011
all	3382	1	886578	0.0000011
all	3386	1	886578	0.0000011
all	3388	2	886578	0.0000023
all	3396	1	886578	0.0000011
all	3397	2	886578	0.0000023
all	3403	1	886578	0.0000011
all	3404	1	886578	0.0000011
all	3413	1	886578	0.0000011
all	3422	1	886578	0.0000011
all	3429	1	886578	0.0000011
all	3434	1	886578	0.0000011
all	3436	1	886578	0.0000011
all	3437	1	886578	0.0000011
all	3443	1	886578	0.0000011
all	3453	1	886578	0.0000011
all	3456	1	886578	0.0000011
all	3461	1	886578	0.0000011
all	3464	2	886578	0.0000023
all	3468	1	886578	0.0000011
all	3480	1	886578	0.0000011
all	3490	1	886578	0.0000011
all	3495	1	886578	0.0000011
all	3509	1	886578	0.0000011
all	3512	1	886578	0.0000011
all	3515	1	886578	0.0000011
all	3518	1	886578	0.0000011
all	3520	1	886578	0.0000011
all	3521	1	886578	0.0000011
all	3526	1	886578	0.0000011
all	3538	1	886578	0.0000011
all	3544	1	886578	0.0000011
all	3545	1	886578	0.0000011
all	3546	1	886578	0.0000011
all	3547	1	886578	0.0000011
all	3556	1	886578	0.0000011
all	3561	1	886578	0.0000011
all	3565	1	886578	0.0000011
all	3572	2	886578	0.0000023
all	3575	1	886578	0.0000011
all	3579	1	886578	0.0000011
all	3580	2	886578	0.0000023
all	3592	1	886578	0.0000011
all	3597	2	886578	0.0000023
all	3606	1	886578	0.0000011
all	3609	2	886578	0.0000023
all	3612	1	886578	0.0000011
all	3614	2	886578	0.0000023
all	3616	1	886578	0.0000011
all	3617	1	886578	0.0000011
all	3621	1	886578	0.0000011
all	3627	1	886578	0.0000011
all	3628	2	886578	0.0000023
all	3629	1	886578	0.0000011
all	3636	1	886578	0.0000011
all	3640	1	886578	0.0000011
all	3642	1	886578	0.0000011
all	3643	3	886578	0.0000034
all	3656	1	886578	0.0000011
all	3659	1	886578	0.0000011
all	3661	2	886578	0.0000023
all	3664	1	886578	0.0000011
all	3669	1	886578	0.0000011
all	3672	1	886578	0.0000011
all	3673	1	886578	0.0000011
all	3674	1	886578	0.0000011
all	3675	1	886578	0.0000011
all	3679	2	886578	0.0000023
all	3682	2	886578	0.0000023
all	3683	1	886578	0.0000011
all	3687	1	886578	0.0000011
all	3688	1	886578	0.0000011
all	3694	1	886578	0.0000011
all	3696	1	886578	0.0000011
all	3699	1	886578	0.0000011
all	3700	1	886578	0.0000011
all	3703	1	886578	0.0000011
all	3706	1	886578	0.0000011
all	3707	1	886578	0.0000011
all	3709	1	886578	0.0000011
all	3712	1	886578	0.0000011
all	3713	1	886578	0.0000011
all	3715	1	886578	0.0000011
all	3716	1	886578	0.0000011
all	3718	1	886578	0.0000011
all	3722	1	886578	0.0000011
all	3724	1	886578	0.0000011
all	3725	1	886578	0.0000011
all	3729	2	886578	0.0000023
all	3731	1	886578	0.0000011
all	3732	1	886578	0.0000011
all	3741	1	886578	0.0000011
all	3742	1	886578	0.0000011
all	3747	2	886578	0.0000023
all	3748	1	886578	0.0000011
all	3749	1	886578	0.0000011
all	3751	1	886578	0.0000011
all	3753	1	886578	0.0000011
all	3756	1	886578	0.0000011
all	3758	1	886578	0.0000011
all	3760	1	886578	0.0000011
all	3762	4	886578	0.0000045
all	3763	2	886578	0.0000023
all	3765	1	886578	0.0000011
all	3768	1	886578	0.0000011
all	3769	1	886578	0.0000011
all	3770	2	886578	0.0000023
all	3773	1	886578	0.0000011
all	3775	1	886578	0.0000011
all	3776	1	886578	0.0000011
all	3778	1	886578	0.0000011
all	3785	1	886578	0.0000011
all	3786	1	886578	0.0000011
all	3788	1	886578	0.0000011
all	3792	1	886578	0.0000011
all	3797	2	886578	0.0000023
all	3798	1	886578	0.0000011
all	3804	1	886578	0.0000011
all	3810	3	886578	0.0000034
all	3811	1	886578	0.0000011
all	3815	1	886578	0.0000011
all	3816	2	886578	0.0000023
all	3817	1	886578	0.0000011
all	3818	1	886578	0.0000011
all	3824	1	886578	0.0000011
all	3831	1	886578	0.0000011
all	3832	1	886578	0.0000011
all	3833	1	886578	0.0000011
all	3835	1	886578	0.0000011
all	3836	1	886578	0.0000011
all	3837	1	886578	0.0000011
all	3838	2	886578	0.0000023
all	3842	1	886578	0.0000011
all	3847	1	886578	0.0000011
all	3848	1	886578	0.0000011
all	3850	2	886578	0.0000023
all	3851	1	886578	0.0000011
all	3854	1	886578	0.0000011
all	3856	2	886578	0.0000023
all	3857	1	886578	0.0000011
all	3860	1	886578	0.0000011
all	3865	1	886578	0.0000011
all	3866	2	886578	0.0000023
all	3867	1	886578	0.0000011
all	3868	1	886578	0.0000011
all	3870	1	886578	0.0000011
all	3871	2	886578	0.0000023
all	3873	1	886578	0.0000011
all	3874	1	886578	0.0000011
all	3878	1	886578	0.0000011
all	3879	2	886578	0.0000023
all	3880	1	886578	0.0000011
all	3881	1	886578	0.0000011
all	3882	1	886578	0.0000011
all	3883	1	886578	0.0000011
all	3888	2	886578	0.0000023
all	3889	1	886578	0.0000011
all	3894	2	886578	0.0000023
all	3895	2	886578	0.0000023
all	3897	1	886578	0.0000011
all	3899	1	886578	0.0000011
all	3900	1	886578	0.0000011
all	3901	1	886578	0.0000011
all	3902	1	886578	0.0000011
all	3903	1	886578	0.0000011
all	3907	1	886578	0.0000011
all	3909	2	886578	0.0000023
all	3910	2	886578	0.0000023
all	3911	1	886578	0.0000011
all	3912	1	886578	0.0000011
all	3913	1	886578	0.0000011
all	3916	1	886578	0.0000011
all	3919	2	886578	0.0000023
all	3920	1	886578	0.0000011
all	3921	2	886578	0.0000023
all	3923	1	886578	0.0000011
all	3928	2	886578	0.0000023
all	3929	1	886578	0.0000011
all	3930	1	886578	0.0000011
all	3931	2	886578	0.0000023
all	3934	4	886578	0.0000045
all	3935	1	886578	0.0000011
all	3937	2	886578	0.0000023
all	3940	2	886578	0.0000023
all	3942	2	886578	0.0000023
all	3943	2	886578	0.0000023
all	3947	4	886578	0.0000045
all	3948	1	886578	0.0000011
all	3950	2	886578	0.0000023
all	3952	2	886578	0.0000023
all	3954	4	886578	0.0000045
all	3956	1	886578	0.0000011
all	3957	2	886578	0.0000023
all	3959	1	886578	0.0000011
all	3961	3	886578	0.0000034
all	3963	2	886578	0.0000023
all	3964	1	886578	0.0000011
all	3971	1	886578	0.0000011
all	3975	1	886578	0.0000011
all	3977	1	886578	0.0000011
all	3979	1	886578	0.0000011
all	3981	1	886578	0.0000011
all	3987	1	886578	0.0000011
all	3988	1	886578	0.0000011
all	3993	1	886578	0.0000011
all	3997	1	886578	0.0000011
all	4005	2	886578	0.0000023
all	4006	1	886578	0.0000011
all	4007	1	886578	0.0000011
all	4010	1	886578	0.0000011
all	4014	1	886578	0.0000011
all	4016	1	886578	0.0000011
all	4018	1	886578	0.0000011
all	4020	1	886578	0.0000011
all	4021	1	886578	0.0000011
all	4030	1	886578	0.0000011
all	4032	1	886578	0.0000011
all	4033	1	886578	0.0000011
all	4036	2	886578	0.0000023
all	4038	1	886578	0.0000011
all	4041	1	886578	0.0000011
all	4042	1	886578	0.0000011
all	4043	1	886578	0.0000011
all	4050	2	886578	0.0000023
all	4053	1	886578	0.0000011
all	4057	1	886578	0.0000011
all	4058	1	886578	0.0000011
all	4060	1	886578	0.0000011
all	4067	1	886578	0.0000011
all	4068	1	886578	0.0000011
all	4069	1	886578	0.0000011
all	4072	1	886578	0.0000011
all	4075	2	886578	0.0000023
all	4076	1	886578	0.0000011
all	4086	1	886578	0.0000011
all	4087	3	886578	0.0000034
all	4089	1	886578	0.0000011
all	4097	2	886578	0.0000023
all	4098	1	886578	0.0000011
all	4100	1	886578	0.0000011
all	4112	1	886578	0.0000011
all	4123	1	886578	0.0000011
all	4124	1	886578	0.0000011
all	4125	1	886578	0.0000011
all	4126	1	886578	0.0000011
all	4128	1	886578	0.0000011
all	4129	1	886578	0.0000011
all	4130	1	886578	0.0000011
all	4138	2	886578	0.0000023
all	4140	1	886578	0.0000011
all	4147	1	886578	0.0000011
all	4157	1	886578	0.0000011
all	4158	1	886578	0.0000011
all	4167	2	886578	0.0000023
all	4173	1	886578	0.0000011
all	4174	1	886578	0.0000011
all	4180	1	886578	0.0000011
all	4181	1	886578	0.0000011
all	4189	1	886578	0.0000011
all	4191	1	886578	0.0000011
all	4207	1	886578	0.0000011
all	4208	1	886578	0.0000011
all	4209	1	886578	0.0000011
all	4214	1	886578	0.0000011
all	4222	1	886578	0.0000011
all	4232	1	886578	0.0000011
all	4237	1	886578	0.0000011
all	4241	1	886578	0.0000011
all	4243	2	886578	0.0000023
all	4246	1	886578	0.0000011
all	4248	1	886578	0.0000011
all	4252	1	886578	0.0000011
all	4253	1	886578	0.0000011
all	4259	1	886578	0.0000011
all	4261	1	886578	0.0000011
all	4266	1	886578	0.0000011
all	4268	1	886578	0.0000011
all	4270	1	886578	0.0000011
all	4271	1	886578	0.0000011
all	4273	1	886578	0.0000011
all	4275	1	886578	0.0000011
all	4283	1	886578	0.0000011
all	4284	1	886578	0.0000011
all	4290	1	886578	0.0000011
all	4293	1	886578	0.0000011
all	4309	1	886578	0.0000011
all	4311	1	886578	0.0000011
all	4313	1	886578	0.0000011
all	4315	1	886578	0.0000011
all	4317	1	886578	0.0000011
all	4319	1	886578	0.0000011
all	4320	1	886578	0.0000011
all	4328	1	886578	0.0000011
all	4333	1	886578	0.0000011
all	4335	1	886578	0.0000011
all	4337	3	886578	0.0000034
all	4339	1	886578	0.0000011
all	4342	1	886578	0.0000011
all	4346	1	886578	0.0000011
all	4347	1	886578	0.0000011
all	4351	1	886578	0.0000011
all	4357	1	886578	0.0000011
all	4358	2	886578	0.0000023
all	4360	1	886578	0.0000011
all	4361	1	886578	0.0000011
all	4362	1	886578	0.0000011
all	4364	2	886578	0.0000023
all	4373	1	886578	0.0000011
all	4380	1	886578	0.0000011
all	4381	1	886578	0.0000011
all	4386	1	886578	0.0000011
all	4388	1	886578	0.0000011
all	4391	1	886578	0.0000011
all	4392	1	886578	0.0000011
all	4395	1	886578	0.0000011
all	4396	1	886578	0.0000011
all	4397	1	886578	0.0000011
all	4400	2	886578	0.0000023
all	4401	1	886578	0.0000011
all	4405	1	886578	0.0000011
all	4406	1	886578	0.0000011
all	4408	2	886578	0.0000023
all	4412	1	886578	0.0000011
all	4413	1	886578	0.0000011
all	4415	2	886578	0.0000023
all	4417	1	886578	0.0000011
all	4418	1	886578	0.0000011
all	4421	1	886578	0.0000011
all	4423	1	886578	0.0000011
all	4424	1	886578	0.0000011
all	4426	1	886578	0.0000011
all	4428	1	886578	0.0000011
all	4431	1	886578	0.0000011
all	4432	1	886578	0.0000011
all	4435	1	886578	0.0000011
all	4437	1	886578	0.0000011
all	4441	1	886578	0.0000011
all	4450	3	886578	0.0000034
all	4451	1	886578	0.0000011
all	4452	1	886578	0.0000011
all	4455	2	886578	0.0000023
all	4461	2	886578	0.0000023
all	4462	4	886578	0.0000045
all	4463	2	886578	0.0000023
all	4464	1	886578	0.0000011
all	4465	1	886578	0.0000011
all	4466	1	886578	0.0000011
all	4467	1	886578	0.0000011
all	4469	2	886578	0.0000023
all	4470	1	886578	0.0000011
all	4471	1	886578	0.0000011
all	4472	1	886578	0.0000011
all	4477	1	886578	0.0000011
all	4480	1	886578	0.0000011
all	4482	1	886578	0.0000011
all	4491	1	886578	0.0000011
all	4493	1	886578	0.0000011
all	4497	1	886578	0.0000011
all	4503	1	886578	0.0000011
all	4504	1	886578	0.0000011
all	4505	1	886578	0.0000011
all	4509	1	886578	0.0000011
all	4512	1	886578	0.0000011
all	4513	1	886578	0.0000011
all	4516	1	886578	0.0000011
all	4519	1	886578	0.0000011
all	4521	2	886578	0.0000023
all	4547	1	886578	0.0000011
all	4548	1	886578	0.0000011
all	4552	1	886578	0.0000011
all	4554	1	886578	0.0000011
all	4557	1	886578	0.0000011
all	4561	1	886578	0.0000011
all	4562	1	886578	0.0000011
all	4582	1	886578	0.0000011
all	4585	1	886578	0.0000011
all	4587	1	886578	0.0000011
all	4600	1	886578	0.0000011
all	4604	1	886578	0.0000011
all	4614	1	886578	0.0000011
all	4617	1	886578	0.0000011
all	4619	1	886578	0.0000011
all	4624	1	886578	0.0000011
all	4630	1	886578	0.0000011
all	4640	1	886578	0.0000011
all	4641	1	886578	0.0000011
all	4643	2	886578	0.0000023
all	4648	1	886578	0.0000011
all	4654	1	886578	0.0000011
all	4661	1	886578	0.0000011
all	4665	1	886578	0.0000011
all	4677	1	886578	0.0000011
all	4681	1	886578	0.0000011
all	4692	1	886578	0.0000011
all	4693	1	886578	0.0000011
all	4708	3	886578	0.0000034
all	4713	1	886578	0.0000011
all	4722	2	886578	0.0000023
all	4726	1	886578	0.0000011
all	4732	1	886578	0.0000011
all	4742	3	886578	0.0000034
all	4744	1	886578	0.0000011
all	4747	1	886578	0.0000011
all	4753	1	886578	0.0000011
all	4754	1	886578	0.0000011
all	4757	1	886578	0.0000011
all	4762	1	886578	0.0000011
all	4764	1	886578	0.0000011
all	4766	1	886578	0.0000011
all	4771	1	886578	0.0000011
all	4773	1	886578	0.0000011
all	4776	1	886578	0.0000011
all	4782	1	886578	0.0000011
all	4786	1	886578	0.0000011
all	4787	1	886578	0.0000011
all	4792	1	886578	0.0000011
all	4796	1	886578	0.0000011
all	4797	2	886578	0.0000023
all	4802	2	886578	0.0000023
all	4803	2	886578	0.0000023
all	4806	1	886578	0.0000011
all	4810	1	886578	0.0000011
all	4814	1	886578	0.0000011
all	4815	1	886578	0.0000011
all	4816	1	886578	0.0000011
all	4819	1	886578	0.0000011
all	4822	1	886578	0.0000011
all	4827	1	886578	0.0000011
all	4830	1	886578	0.0000011
all	4831	2	886578	0.0000023
all	4834	1	886578	0.0000011
all	4838	1	886578	0.0000011
all	4841	1	886578	0.0000011
all	4842	1	886578	0.0000011
all	4843	1	886578	0.0000011
all	4846	1	886578	0.0000011
all	4848	1	886578	0.0000011
all	4858	2	886578	0.0000023
all	4860	1	886578	0.0000011
all	4861	1	886578	0.0000011
all	4866	1	886578	0.0000011
all	4877	1	886578	0.0000011
all	4883	1	886578	0.0000011
all	4890	1	886578	0.0000011
all	4904	1	886578	0.0000011
all	4906	1	886578	0.0000011
all	4928	2	886578	0.0000023
all	4951	1	886578	0.0000011
all	4960	1	886578	0.0000011
all	4969	1	886578	0.0000011
all	4985	1	886578	0.0000011
all	4988	1	886578	0.0000011
all	4990	1	886578	0.0000011
all	5004	1	886578	0.0000011
all	5031	1	886578	0.0000011
all	5032	1	886578	0.0000011
all	5037	1	886578	0.0000011
all	5038	1	886578	0.0000011
all	5039	1	886578	0.0000011
all	5043	1	886578	0.0000011
all	5056	1	886578	0.0000011
all	5059	1	886578	0.0000011
all	5070	1	886578	0.0000011
all	5075	1	886578	0.0000011
all	5076	1	886578	0.0000011
all	5077	1	886578	0.0000011
all	5103	1	886578	0.0000011
all	5105	1	886578	0.0000011
all	5111	1	886578	0.0000011
all	5130	1	886578	0.0000011
all	5133	1	886578	0.0000011
all	5145	1	886578	0.0000011
all	5146	1	886578	0.0000011
all	5150	1	886578	0.0000011
all	5159	1	886578	0.0000011
all	5165	1	886578	0.0000011
all	5170	1	886578	0.0000011
all	5174	1	886578	0.0000011
all	5183	1	886578	0.0000011
all	5185	1	886578	0.0000011
all	5194	1	886578	0.0000011
all	5201	1	886578	0.0000011
all	5209	1	886578	0.0000011
all	5230	1	886578	0.0000011
all	5235	1	886578	0.0000011
all	5247	1	886578	0.0000011
all	5248	1	886578	0.0000011
all	5264	1	886578	0.0000011
all	5272	2	886578	0.0000023
all	5276	1	886578	0.0000011
all	5287	1	886578	0.0000011
all	5289	1	886578	0.0000011
all	5297	1	886578	0.0000011
all	5298	1	886578	0.0000011
all	5302	2	886578	0.0000023
all	5304	1	886578	0.0000011
all	5314	1	886578	0.0000011
all	5338	1	886578	0.0000011
all	5344	1	886578	0.0000011
all	5355	1	886578	0.0000011
all	5373	1	886578	0.0000011
all	5384	1	886578	0.0000011
all	5399	1	886578	0.0000011
all	5400	1	886578	0.0000011
all	5406	1	886578	0.0000011
all	5407	1	886578	0.0000011
all	5408	1	886578	0.0000011
all	5409	1	886578	0.0000011
all	5428	2	886578	0.0000023
all	5435	1	886578	0.0000011
all	5441	1	886578	0.0000011
all	5443	1	886578	0.0000011
all	5450	1	886578	0.0000011
all	5451	1	886578	0.0000011
all	5452	1	886578	0.0000011
all	5458	1	886578	0.0000011
all	5468	2	886578	0.0000023
all	5473	1	886578	0.0000011
all	5474	1	886578	0.0000011
all	5478	1	886578	0.0000011
all	5481	1	886578	0.0000011
all	5484	1	886578	0.0000011
all	5487	1	886578	0.0000011
all	5488	1	886578	0.0000011
all	5492	2	886578	0.0000023
all	5495	2	886578	0.0000023
all	5497	1	886578	0.0000011
all	5501	2	886578	0.0000023
all	5510	1	886578	0.0000011
all	5513	1	886578	0.0000011
all	5517	1	886578	0.0000011
all	5518	1	886578	0.0000011
all	5523	1	886578	0.0000011
all	5525	1	886578	0.0000011
all	5528	1	886578	0.0000011
all	5529	1	886578	0.0000011
all	5531	1	886578	0.0000011
all	5536	1	886578	0.0000011
all	5540	1	886578	0.0000011
all	5542	1	886578	0.0000011
all	5548	2	886578	0.0000023
all	5550	1	886578	0.0000011
all	5563	1	886578	0.0000011
all	5580	1	886578	0.0000011
all	5582	1	886578	0.0000011
all	5584	1	886578	0.0000011
all	5600	1	886578	0.0000011
all	5601	1	886578	0.0000011
all	5603	1	886578	0.0000011
all	5624	1	886578	0.0000011
all	5639	1	886578	0.0000011
all	5642	1	886578	0.0000011
all	5648	1	886578	0.0000011
all	5649	1	886578	0.0000011
all	5665	2	886578	0.0000023
all	5674	1	886578	0.0000011
all	5695	1	886578	0.0000011
all	5704	1	886578	0.0000011
all	5716	1	886578	0.0000011
all	5717	1	886578	0.0000011
all	5722	1	886578	0.0000011
all	5732	1	886578	0.0000011
all	5746	1	886578	0.0000011
all	5747	1	886578	0.0000011
all	5753	1	886578	0.0000011
all	5757	1	886578	0.0000011
all	5765	1	886578	0.0000011
all	5778	1	886578	0.0000011
all	5787	1	886578	0.0000011
all	5791	1	886578	0.0000011
all	5795	1	886578	0.0000011
all	5798	1	886578	0.0000011
all	5801	1	886578	0.0000011
all	5803	1	886578	0.0000011
all	5816	1	886578	0.0000011
all	5821	1	886578	0.0000011
all	5822	1	886578	0.0000011
all	5824	1	886578	0.0000011
all	5825	1	886578	0.0000011
all	5826	2	886578	0.0000023
all	5828	1	886578	0.0000011
all	5829	1	886578	0.0000011
all	5833	2	886578	0.0000023
all	5835	1	886578	0.0000011
all	5836	1	886578	0.0000011
all	5839	1	886578	0.0000011
all	5843	1	886578	0.0000011
all	5844	1	886578	0.0000011
all	5847	1	886578	0.0000011
all	5853	1	886578	0.0000011
all	5875	1	886578	0.0000011
all	5884	1	886578	0.0000011
all	5899	1	886578	0.0000011
all	5900	1	886578	0.0000011
all	5906	1	886578	0.0000011
all	5932	1	886578	0.0000011
all	5944	1	886578	0.0000011
all	5949	1	886578	0.0000011
all	5957	1	886578	0.0000011
all	5960	1	886578	0.0000011
all	5981	1	886578	0.0000011
all	6005	1	886578	0.0000011
all	6054	1	886578	0.0000011
all	6060	1	886578	0.0000011
all	6065	1	886578	0.0000011
all	6067	1	886578	0.0000011
all	6082	1	886578	0.0000011
all	6112	1	886578	0.0000011
all	6140	1	886578	0.0000011
all	6144	1	886578	0.0000011
all	6153	1	886578	0.0000011
all	6162	1	886578	0.0000011
all	6168	1	886578	0.0000011
all	6194	1	886578	0.0000011
all	6217	1	886578	0.0000011
all	6218	1	886578	0.0000011
all	6223	1	886578	0.0000011
all	6235	1	886578	0.0000011
all	6247	1	886578	0.0000011
all	6273	1	886578	0.0000011
all	6287	1	886578	0.0000011
all	6311	1	886578	0.0000011
all	6317	1	886578	0.0000011
all	6337	1	886578	0.0000011
all	6349	1	886578	0.0000011
all	6379	1	886578	0.0000011
all	6381	1	886578	0.0000011
all	6431	1	886578	0.0000011
all	6441	1	886578	0.0000011
all	6445	1	886578	0.0000011
all	6446	1	886578	0.0000011
all	6458	1	886578	0.0000011
all	6484	1	886578	0.0000011
all	6485	1	886578	0.0000011
all	6488	1	886578	0.0000011
all	6492	1	886578	0.0000011
all	6522	1	886578	0.0000011
all	6540	1	886578	0.0000011
all	6554	1	886578	0.0000011
all	6561	1	886578	0.0000011
all	6581	1	886578	0.0000011
all	6583	1	886578	0.0000011
all	6601	1	886578	0.0000011
all	6634	1	886578	0.0000011
all	6640	1	886578	0.0000011
all	6654	1	886578	0.0000011
all	6677	1	886578	0.0000011
all	6686	1	886578	0.0000011
all	6695	1	886578	0.0000011
all	6717	2	886578	0.0000023
all	6737	1	886578	0.0000011
all	6752	1	886578	0.0000011
all	6777	1	886578	0.0000011
all	6781	1	886578	0.0000011
all	6799	1	886578	0.0000011
all	6806	1	886578	0.0000011
all	6819	1	886578	0.0000011
all	6822	1	886578	0.0000011
all	6836	1	886578	0.0000011
all	6850	1	886578	0.0000011
all	6857	1	886578	0.0000011
all	6875	1	886578	0.0000011
all	6882	1	886578	0.0000011
all	6891	1	886578	0.0000011
all	6893	1	886578	0.0000011
all	6894	1	886578	0.0000011
all	6895	1	886578	0.0000011
all	6904	1	886578	0.0000011
all	6920	1	886578	0.0000011
all	6927	1	886578	0.0000011
all	6931	1	886578	0.0000011
all	6933	1	886578	0.0000011
all	6952	2	886578	0.0000023
all	6953	1	886578	0.0000011
all	6967	1	886578	0.0000011
all	6987	1	886578	0.0000011
all	7001	1	886578	0.0000011
all	7003	1	886578	0.0000011
all	7008	1	886578	0.0000011
all	7024	1	886578	0.0000011
all	7034	2	886578	0.0000023
all	7045	1	886578	0.0000011
all	7046	1	886578	0.0000011
all	7047	1	886578	0.0000011
all	7049	1	886578	0.0000011
all	7052	1	886578	0.0000011
all	7059	1	886578	0.0000011
all	7070	1	886578	0.0000011
all	7081	1	886578	0.0000011
all	7095	1	886578	0.0000011
all	7108	1	886578	0.0000011
all	7115	1	886578	0.0000011
all	7122	1	886578	0.0000011
all	7126	1	886578	0.0000011
all	7143	1	886578	0.0000011
all	7168	1	886578	0.0000011
all	7172	1	886578	0.0000011
all	7183	1	886578	0.0000011
all	7187	1	886578	0.0000011
all	7208	1	886578	0.0000011
all	7214	2	886578	0.0000023
all	7217	1	886578	0.0000011
all	7219	1	886578	0.0000011
all	7237	1	886578	0.0000011
all	7247	1	886578	0.0000011
all	7251	1	886578	0.0000011
all	7262	1	886578	0.0000011
all	7265	1	886578	0.0000011
all	7273	1	886578	0.0000011
all	7277	1	886578	0.0000011
all	7279	1	886578	0.0000011
all	7295	1	886578	0.0000011
all	7299	1	886578	0.0000011
all	7301	1	886578	0.0000011
all	7304	1	886578	0.0000011
all	7317	1	886578	0.0000011
all	7323	1	886578	0.0000011
all	7329	1	886578	0.0000011
all	7333	1	886578	0.0000011
all	7349	1	886578	0.0000011
all	7358	1	886578	0.0000011
all	7361	1	886578	0.0000011
all	7372	1	886578	0.0000011
all	7385	1	886578	0.0000011
all	7389	1	886578	0.0000011
all	7390	1	886578	0.0000011
all	7400	1	886578	0.0000011
all	7406	1	886578	0.0000011
all	7407	1	886578	0.0000011
all	7409	1	886578	0.0000011
all	7425	1	886578	0.0000011
all	7430	1	886578	0.0000011
all	7437	1	886578	0.0000011
all	7438	1	886578	0.0000011
all	7439	1	886578	0.0000011
all	7441	1	886578	0.0000011
all	7445	1	886578	0.0000011
all	7448	1	886578	0.0000011
all	7450	1	886578	0.0000011
all	7457	1	886578	0.0000011
all	7467	1	886578	0.0000011
all	7471	1	886578	0.0000011
all	7472	1	886578	0.0000011
all	7474	1	886578	0.0000011
all	7477	1	886578	0.0000011
all	7483	1	886578	0.0000011
all	7484	2	886578	0.0000023
all	7485	1	886578	0.0000011
all	7486	2	886578	0.0000023
all	7487	1	886578	0.0000011
all	7492	1	886578	0.0000011
all	7493	1	886578	0.0000011
all	7496	2	886578	0.0000023
all	7501	1	886578	0.0000011
all	7502	1	886578	0.0000011
all	7519	1	886578	0.0000011
all	7535	1	886578	0.0000011
all	7552	1	886578	0.0000011
all	7557	1	886578	0.0000011
all	7564	1	886578	0.0000011
all	7590	1	886578	0.0000011
all	7615	1	886578	0.0000011
all	7630	1	886578	0.0000011
all	7647	1	886578	0.0000011
all	7660	1	886578	0.0000011
all	7675	1	886578	0.0000011
all	7681	1	886578	0.0000011
all	7691	1	886578	0.0000011
all	7712	1	886578	0.0000011
all	7749	1	886578	0.0000011
all	7750	1	886578	0.0000011
all	7781	1	886578	0.0000011
all	7793	1	886578	0.0000011
all	7797	1	886578	0.0000011
all	7802	1	886578	0.0000011
all	7804	1	886578	0.0000011
all	7836	1	886578	0.0000011
all	7839	1	886578	0.0000011
all	7863	1	886578	0.0000011
all	7864	1	886578	0.0000011
all	7892	1	886578	0.0000011
all	7917	1	886578	0.0000011
all	7925	1	886578	0.0000011
all	7926	1	886578	0.0000011
all	7958	1	886578	0.0000011
all	7966	1	886578	0.0000011
all	7988	1	886578	0.0000011
all	7997	1	886578	0.0000011
all	8003	1	886578	0.0000011
all	8033	1	886578	0.0000011
all	8057	1	886578	0.0000011
all	8091	1	886578	0.0000011
all	8118	2	886578	0.0000023
all	8135	1	886578	0.0000011
all	8138	1	886578	0.0000011
all	8150	1	886578	0.0000011
all	8158	1	886578	0.0000011
all	8184	1	886578	0.0000011
all	8199	1	886578	0.0000011
all	8201	1	886578	0.0000011
all	8225	1	886578	0.0000011
all	8239	1	886578	0.0000011
all	8247	1	886578	0.0000011
all	8254	1	886578	0.0000011
all	8266	1	886578	0.0000011
all	8281	1	886578	0.0000011
all	8300	1	886578	0.0000011
all	8304	1	886578	0.0000011
all	8308	1	886578	0.0000011
all	8310	1	886578	0.0000011
all	8312	1	886578	0.0000011
all	8314	1	886578	0.0000011
all	8316	1	886578	0.0000011
all	8319	1	886578	0.0000011
all	8320	2	886578	0.0000023
all	8326	1	886578	0.0000011
all	8329	1	886578	0.0000011
all	8333	1	886578	0.0000011
all	8334	1	886578	0.0000011
all	8338	1	886578	0.0000011
all	8340	2	886578	0.0000023
all	8341	1	886578	0.0000011
all	8345	1	886578	0.0000011
all	8352	1	886578	0.0000011
all	8659	1	886578	0.0000011
all	8828	1	886578	0.0000011
all	8892	1	886578	0.0000011
all	8982	1	886578	0.0000011
all	9176	1	886578	0.0000011
all	9340	1	886578	0.0000011
all	9618	1	886578	0.0000011
all	9685	1	886578	0.0000011
all	9701	1	886578	0.0000011
all	9730	1	886578	0.0000011
all	9778	1	886578	0.0000011
all	9786	1	886578	0.0000011
all	9865	1	886578	0.0000011
all	9973	1	886578	0.0000011
all	10100	1	886578	0.0000011
all	10150	1	886578	0.0000011
all	10227	1	886578	0.0000011
all	10262	1	886578	0.0000011
all	10343	1	886578	0.0000011
all	10413	1	886578	0.0000011
all	10447	1	886578	0.0000011
all	10517	1	886578	0.0000011
all	10572	1	886578	0.0000011
all	10636	1	886578	0.0000011
all	10681	1	886578	0.0000011
all	10718	1	886578	0.0000011
all	10748	1	886578	0.0000011
all	10775	1	886578	0.0000011
all	10883	1	886578	0.0000011
all	10919	1	886578	0.0000011
all	11000	1	886578	0.0000011
all	11001	1	886578	0.0000011
all	11098	1	886578	0.0000011
all	11147	1	886578	0.0000011
all	11155	1	886578	0.0000011
all	11198	1	886578	0.0000011
all	11265	1	886578	0.0000011
all	11275	1	886578	0.0000011
all	11338	1	886578	0.0000011
all	11345	1	886578	0.0000011
all	11371	1	886578	0.0000011
all	11410	1	886578	0.0000011
all	11439	1	886578	0.0000011
all	11481	1	886578	0.0000011
all	11503	1	886578	0.0000011
all	11533	1	886578	0.0000011
all	11537	1	886578	0.0000011
all	11602	1	886578	0.0000011
all	11615	1	886578	0.0000011
all	11648	1	886578	0.0000011
all	11671	1	886578	0.0000011
all	11690	1	886578	0.0000011
all	11717	1	886578	0.0000011
all	11743	1	886578	0.0000011
all	11756	1	886578	0.0000011
all	11776	1	886578	0.0000011
all	11806	1	886578	0.0000011
all	11881	1	886578	0.0000011
all	11905	1	886578	0.0000011
all	11927	1	886578	0.0000011
all	11930	1	886578	0.0000011
all	11940	1	886578	0.0000011
all	11956	1	886578	0.0000011
all	12001	1	886578	0.0000011
all	12011	1	886578	0.0000011
all	12057	1	886578	0.0000011
all	12100	1	886578	0.0000011
all	12115	1	886578	0.0000011
all	12127	1	886578	0.0000011
all	12161	1	886578	0.0000011
all	12195	1	886578	0.0000011
all	12201	1	886578	0.0000011
all	12212	2	886578	0.0000023
all	12225	1	886578	0.0000011
all	12242	1	886578	0.0000011
all	12253	1	886578	0.0000011
all	12280	1	886578	0.0000011
all	12305	1	886578	0.0000011
all	12306	1	886578	0.0000011
all	12331	1	886578	0.0000011
all	12339	1	886578	0.0000011
all	12365	1	886578	0.0000011
all	12366	1	886578	0.0000011
all	12374	1	886578	0.0000011
all	12388	1	886578	0.0000011
all	12389	1	886578	0.0000011
all	12395	1	886578	0.0000011
all	12401	2	886578	0.0000023
all	12417	2	886578	0.0000023
all	12429	1	886578	0.0000011
