Sample	1	2	3	4	5	6	7	8	9	10	11	12	13	14	15	16	17	18	19	20	21	22	23	24	25	26	27	28	29	30	31	32	33	34	35	36	37	38	39	40	41	42	43	44	45	46	47	48	49	50	51	52	53	54	55	56	57	58	59	60	61	62	63	64	65	66	67	68	69	70	71	72	73	74	75	76	77	78	79	80	81	82	83	84	85	86	87	88	89	90	91	92	93	94	95	96	97	98	99	100	101	102	103	104	105	106	107	108	109	110	111	112	113	114	115	116	117	118	119	120	121	122	123	124	125	126	127	128	129	130	131	132	133	134	135	136	137	138	139	140	141	142	143	144	145	146	147	148	149	150
Tzo-AMvi_001_Ex1_L4_fastp	36.6123	36.6086	36.6627	36.6604	36.6855	36.6836	36.6729	36.6606	36.6517	36.6659	36.6583	36.6432	36.6297	36.6306	36.6307	36.6169	36.6249	36.6132	36.6046	36.589	36.5955	36.5854	36.5714	36.5692	36.5455	36.5259	36.5196	36.5104	36.4975	36.4951	36.4832	36.4808	36.483	36.4615	36.4561	36.4289	36.4249	36.433	36.4127	36.4152	36.3931	36.3979	36.3673	36.3689	36.365	36.3468	36.344	36.3478	36.3312	36.3305	36.3199	36.3168	36.3056	36.2791	36.2806	36.2749	36.2565	36.2505	36.2529	36.2336	36.2082	36.1976	36.1803	36.1855	36.1747	36.1647	36.1521	36.1437	36.1342	36.0899	36.0842	36.1235	36.0791	36.0772	36.0912	36.0734	36.0431	36.062	36.0211	36.0074	36.0034	36.013	35.9877	36.005	35.999	35.9398	35.9414	35.9509	35.9381	35.9255	35.8943	35.9227	35.9214	35.8759	35.828	35.8549	35.8775	35.8043	35.8053	35.7964	35.8089	35.8716	35.8049	35.7464	35.7329	35.7591	35.7763	35.6947	35.6722	35.7045	35.688	35.6518	35.6521	35.6638	35.6149	35.6159	35.6143	35.596	35.592	35.5429	35.5051	35.5788	35.5308	35.5536	35.5867	35.4991	35.4862	35.5137	35.5159	35.477	35.4057	35.4547	35.3766	35.3866	35.3729	35.3211	35.2464	35.2001	35.1903	35.1507	35.0918	35.1509	35.2339	35.2698	35.0435	35.0737	35.2547	35.2344	35.4197	36.2193
Tzo-AMvi_002_Ex1_L4_fastp	36.6058	36.5959	36.6566	36.6536	36.6757	36.6725	36.6581	36.6429	36.6334	36.6469	36.6385	36.6239	36.6131	36.617	36.6154	36.6007	36.6065	36.5928	36.5826	36.5682	36.5735	36.5629	36.5474	36.5462	36.522	36.5011	36.4952	36.4872	36.4725	36.473	36.4602	36.4608	36.463	36.4375	36.4302	36.4089	36.3989	36.4077	36.3904	36.3951	36.3775	36.3826	36.3502	36.3511	36.3426	36.3192	36.3121	36.3206	36.3036	36.3096	36.299	36.2952	36.2862	36.2659	36.2648	36.2539	36.2304	36.2252	36.2261	36.2122	36.19	36.1814	36.1671	36.1718	36.1558	36.1452	36.1271	36.1183	36.1073	36.0604	36.0652	36.113	36.0678	36.0672	36.0856	36.0577	36.0322	36.0439	36.0048	35.9857	35.9885	35.9982	35.9824	36.0041	35.9987	35.9357	35.9373	35.9407	35.9207	35.9103	35.8809	35.9144	35.9132	35.8725	35.8315	35.8578	35.8774	35.792	35.8008	35.7881	35.7959	35.8617	35.7987	35.7421	35.7354	35.7563	35.7782	35.6954	35.6709	35.6989	35.6875	35.6436	35.6414	35.6599	35.6171	35.6216	35.6192	35.6085	35.6018	35.5473	35.5037	35.5772	35.5232	35.5502	35.5969	35.5002	35.4813	35.5144	35.4977	35.4793	35.4129	35.4513	35.3723	35.3761	35.3755	35.3268	35.2376	35.1965	35.1813	35.1587	35.0901	35.1478	35.2308	35.2592	35.0329	35.0687	35.2594	35.2345	35.43	36.2201
Tzo-AMvi_003_Ex1_L4_fastp	36.6318	36.6235	36.6779	36.6747	36.698	36.6959	36.6839	36.6729	36.6639	36.6779	36.6686	36.6535	36.6423	36.6418	36.6426	36.6295	36.6348	36.6226	36.6165	36.6007	36.6078	36.5956	36.5819	36.5792	36.5554	36.5386	36.5324	36.5219	36.5076	36.5062	36.4951	36.4928	36.4945	36.4746	36.4689	36.4438	36.4371	36.4467	36.4276	36.4297	36.406	36.4117	36.3789	36.378	36.3765	36.3559	36.3565	36.3594	36.343	36.3422	36.3311	36.3261	36.316	36.2909	36.2922	36.2848	36.267	36.2648	36.2676	36.247	36.2222	36.2096	36.1945	36.1963	36.1831	36.1717	36.1632	36.1498	36.142	36.0949	36.0935	36.1294	36.0873	36.081	36.0986	36.0816	36.0488	36.0677	36.0295	36.0127	36.0062	36.0137	35.9879	36.0092	36.0009	35.9397	35.9417	35.9531	35.9326	35.9238	35.8897	35.9216	35.9158	35.8677	35.8208	35.8453	35.8663	35.791	35.798	35.7858	35.801	35.8569	35.7929	35.7267	35.7193	35.7412	35.7642	35.6802	35.6608	35.685	35.6679	35.633	35.6331	35.6468	35.5913	35.5927	35.5936	35.5752	35.575	35.5175	35.4774	35.5535	35.5116	35.5333	35.5638	35.4723	35.4423	35.4801	35.488	35.4512	35.3817	35.4237	35.3482	35.3546	35.3439	35.2858	35.2073	35.1577	35.1479	35.1128	35.049	35.0942	35.2023	35.2187	34.9966	35.03	35.2196	35.2101	35.3912	36.2078
Tzo-AMvi_004_Ex1_L4_fastp	36.6109	36.6033	36.6637	36.6629	36.6864	36.6818	36.6676	36.6537	36.6438	36.6584	36.6487	36.6349	36.6266	36.6288	36.6298	36.6149	36.6185	36.6057	36.5946	36.5823	36.5904	36.5778	36.5634	36.5599	36.5349	36.5168	36.5108	36.5029	36.4886	36.4887	36.4783	36.474	36.4746	36.4555	36.4458	36.4202	36.4145	36.4214	36.4051	36.4109	36.3908	36.3979	36.3639	36.3608	36.3557	36.335	36.333	36.3365	36.3179	36.3231	36.3138	36.3119	36.304	36.2751	36.2748	36.2648	36.2396	36.238	36.2403	36.2235	36.2007	36.1935	36.1828	36.1828	36.1713	36.1554	36.1402	36.1249	36.1166	36.0714	36.0762	36.1209	36.0757	36.0734	36.0932	36.0678	36.0338	36.047	36.0062	35.9854	35.9834	36.0019	35.9795	35.9983	35.9922	35.9312	35.927	35.9356	35.9093	35.9031	35.869	35.9055	35.9079	35.8627	35.8174	35.8426	35.8648	35.7815	35.7823	35.7741	35.7901	35.8534	35.783	35.7277	35.7218	35.7488	35.7676	35.676	35.6561	35.6843	35.6615	35.6255	35.6324	35.6413	35.5917	35.6008	35.607	35.5934	35.5816	35.5285	35.4858	35.5527	35.5172	35.544	35.5733	35.4914	35.4767	35.5048	35.5047	35.4786	35.407	35.4453	35.3604	35.3756	35.3659	35.3268	35.2448	35.1977	35.1982	35.1624	35.0991	35.1465	35.2441	35.2685	35.0395	35.0744	35.2739	35.2509	35.4301	36.2196
Tzo-AMvi_005_Ex1_L4_fastp	36.6588	36.6402	36.6889	36.6833	36.707	36.7058	36.6916	36.6819	36.6725	36.6871	36.6774	36.6622	36.6521	36.6521	36.6507	36.6391	36.6456	36.6359	36.6263	36.6129	36.619	36.61	36.5961	36.5912	36.5703	36.5534	36.5483	36.5397	36.5279	36.5273	36.5145	36.5115	36.515	36.4971	36.491	36.4638	36.4597	36.4698	36.4476	36.4519	36.4322	36.4362	36.4041	36.4042	36.4006	36.3866	36.3824	36.3882	36.3697	36.3705	36.3592	36.3575	36.3455	36.3203	36.3245	36.3178	36.2984	36.296	36.2974	36.2812	36.2556	36.2443	36.2305	36.2336	36.2223	36.2083	36.1972	36.191	36.1834	36.1405	36.1365	36.1757	36.1281	36.1244	36.1394	36.1254	36.0938	36.1134	36.0748	36.0577	36.0537	36.062	36.0355	36.0553	36.0516	35.9894	35.99	36.0056	35.9861	35.9781	35.9436	35.9754	35.9677	35.9189	35.8746	35.9051	35.9296	35.8521	35.8596	35.8503	35.8631	35.9237	35.8582	35.7995	35.789	35.807	35.8307	35.7533	35.7268	35.7605	35.7429	35.7047	35.7081	35.7246	35.6695	35.6694	35.6774	35.662	35.6575	35.6095	35.5742	35.6387	35.5947	35.6213	35.6458	35.564	35.5463	35.5769	35.576	35.5502	35.4776	35.5264	35.4419	35.4568	35.449	35.3984	35.3199	35.2784	35.2749	35.2351	35.1748	35.2399	35.3155	35.3525	35.1263	35.1531	35.3328	35.3181	35.4848	36.2444
Tzo-AMvi_006_Ex1_L4_fastp	36.626	36.6164	36.6726	36.6712	36.693	36.6907	36.6752	36.6633	36.6518	36.6658	36.6588	36.6427	36.635	36.635	36.6373	36.622	36.6275	36.6196	36.6069	36.5935	36.6002	36.5909	36.5766	36.576	36.5521	36.5341	36.5306	36.5203	36.5107	36.5091	36.4959	36.496	36.4962	36.4765	36.4677	36.4428	36.4374	36.4452	36.4304	36.435	36.4163	36.4241	36.3897	36.3902	36.3849	36.368	36.365	36.3656	36.3518	36.3588	36.3464	36.3459	36.3378	36.3121	36.3125	36.3063	36.282	36.28	36.2812	36.2659	36.2456	36.2383	36.2213	36.2324	36.2136	36.207	36.1826	36.1752	36.1673	36.1241	36.1223	36.1679	36.1242	36.1302	36.137	36.124	36.0887	36.1033	36.0627	36.0465	36.0454	36.061	36.0427	36.062	36.0532	35.9974	35.9881	35.9964	35.9787	35.9726	35.9336	35.9707	35.9714	35.9248	35.8907	35.9143	35.93	35.8559	35.854	35.8384	35.8603	35.9212	35.8566	35.8054	35.794	35.8176	35.8476	35.7636	35.7353	35.7618	35.7504	35.7151	35.7161	35.7354	35.6908	35.7013	35.6998	35.6871	35.6776	35.63	35.5831	35.6531	35.6085	35.6365	35.6756	35.5889	35.5789	35.6011	35.6039	35.5866	35.5095	35.5566	35.4756	35.4911	35.472	35.437	35.3588	35.3331	35.3139	35.2888	35.2238	35.2916	35.3739	35.4019	35.1823	35.2134	35.4091	35.3896	35.5293	36.2576
Tzo-AMvi_007_Ex1_L4_fastp	36.654	36.6329	36.6836	36.6799	36.7026	36.7	36.6872	36.678	36.6659	36.6824	36.6746	36.6591	36.6454	36.646	36.6453	36.6336	36.6405	36.6307	36.6206	36.6069	36.6128	36.6051	36.5909	36.5885	36.563	36.55	36.5411	36.5329	36.5187	36.5185	36.5078	36.5041	36.508	36.4893	36.4849	36.4576	36.4515	36.4631	36.4434	36.4451	36.4239	36.4279	36.3989	36.3988	36.3944	36.3854	36.3793	36.3818	36.364	36.3681	36.3522	36.3516	36.341	36.3183	36.3194	36.3129	36.2946	36.2877	36.2891	36.2774	36.2486	36.2356	36.2255	36.2295	36.2187	36.2084	36.1918	36.1853	36.1786	36.134	36.1352	36.177	36.1254	36.1228	36.136	36.1222	36.0897	36.11	36.0668	36.0538	36.0503	36.0615	36.038	36.0589	36.0488	35.9862	35.9916	35.9976	35.9794	35.9746	35.9413	35.9701	35.9655	35.9194	35.868	35.8976	35.923	35.8459	35.8512	35.8452	35.8549	35.9127	35.8497	35.7902	35.7808	35.8038	35.8188	35.7423	35.7193	35.7532	35.7364	35.6991	35.6996	35.7061	35.6611	35.6616	35.6606	35.6523	35.6457	35.5963	35.5523	35.6271	35.5869	35.5968	35.6332	35.5414	35.5343	35.5612	35.5595	35.5272	35.4616	35.5153	35.4294	35.4472	35.4379	35.3778	35.299	35.2642	35.2508	35.2192	35.1478	35.2161	35.2973	35.3326	35.101	35.1278	35.3115	35.3016	35.4449	36.2357
Tzo-AMvi_008_Ex1_L4_fastp	36.6161	36.6071	36.6655	36.6659	36.6884	36.6816	36.6694	36.6555	36.6451	36.6579	36.6504	36.6369	36.6282	36.6305	36.6298	36.6179	36.6197	36.6064	36.5944	36.5819	36.5881	36.5808	36.5644	36.5622	36.5363	36.519	36.5117	36.5056	36.4909	36.4933	36.4782	36.4765	36.4804	36.4575	36.4482	36.4192	36.4148	36.4235	36.4099	36.4106	36.3924	36.3998	36.3681	36.3616	36.3579	36.3407	36.3321	36.3367	36.3267	36.3251	36.317	36.3185	36.3093	36.2825	36.282	36.2766	36.2527	36.2464	36.2524	36.2386	36.2139	36.2064	36.1919	36.1962	36.1834	36.166	36.1531	36.1395	36.1344	36.0861	36.0918	36.1289	36.091	36.0895	36.1015	36.0799	36.0431	36.0549	36.0231	36.0001	36.0009	36.0183	35.9971	36.0138	36.0124	35.9498	35.9442	35.9523	35.9339	35.9252	35.8863	35.9145	35.9219	35.8738	35.8358	35.8604	35.8807	35.7993	35.8003	35.7882	35.8035	35.8634	35.8091	35.744	35.7403	35.763	35.7839	35.7044	35.6784	35.7082	35.6885	35.6522	35.6538	35.6773	35.6195	35.6203	35.6248	35.6105	35.6026	35.5474	35.5024	35.5831	35.5349	35.5574	35.5927	35.5178	35.5068	35.5319	35.5327	35.4939	35.4289	35.4821	35.4041	35.4079	35.4008	35.3528	35.2791	35.2334	35.2178	35.1882	35.1266	35.1863	35.279	35.302	35.0774	35.1186	35.2998	35.2874	35.4482	36.2308
Tzo-AMvi_009_Ex1_L4_fastp	36.6491	36.6309	36.681	36.6777	36.7003	36.6994	36.686	36.6747	36.6643	36.6788	36.6694	36.6538	36.6424	36.6428	36.642	36.6333	36.6355	36.6273	36.6173	36.6012	36.6079	36.5993	36.5835	36.5805	36.557	36.5424	36.5357	36.5283	36.5158	36.5146	36.5002	36.4987	36.4998	36.481	36.4762	36.4483	36.4429	36.4508	36.4306	36.4324	36.4094	36.4188	36.3883	36.3891	36.3845	36.3702	36.3675	36.3686	36.353	36.3526	36.3387	36.3365	36.3265	36.3012	36.3021	36.2973	36.2768	36.2747	36.2783	36.2581	36.2336	36.2219	36.2038	36.2061	36.1966	36.1878	36.1763	36.1648	36.1588	36.113	36.1121	36.1501	36.1049	36.0986	36.1166	36.0985	36.0666	36.088	36.047	36.0289	36.024	36.0306	36.0109	36.0254	36.0191	35.9559	35.9577	35.9703	35.95	35.9387	35.9054	35.9335	35.9304	35.8792	35.8362	35.8659	35.8825	35.8079	35.8087	35.8014	35.815	35.8771	35.8097	35.7473	35.7381	35.7589	35.7795	35.686	35.6659	35.6984	35.6813	35.6455	35.6462	35.6521	35.5993	35.6066	35.6068	35.5957	35.5911	35.5319	35.4979	35.5689	35.521	35.5427	35.5707	35.4852	35.4724	35.4962	35.4981	35.4609	35.3955	35.4354	35.352	35.3778	35.3627	35.3069	35.2285	35.1787	35.1672	35.1283	35.0653	35.1351	35.2276	35.2408	35.0193	35.0469	35.2413	35.2301	35.3966	36.2116
Tzo-AMvi_010_Ex1_L4_fastp	36.6229	36.6157	36.6692	36.6679	36.6896	36.6865	36.6709	36.6577	36.6469	36.6608	36.6549	36.6405	36.6308	36.6319	36.6315	36.6194	36.6238	36.6119	36.5986	36.5863	36.5919	36.5844	36.5678	36.5671	36.5412	36.5224	36.5196	36.5125	36.5008	36.5004	36.4876	36.4818	36.4848	36.4693	36.4603	36.4347	36.4286	36.4358	36.4195	36.4218	36.405	36.4141	36.3795	36.3804	36.3747	36.3574	36.3518	36.3616	36.3388	36.3468	36.3384	36.3342	36.3245	36.2978	36.2999	36.2912	36.2655	36.2658	36.2665	36.2524	36.2253	36.2225	36.2106	36.2152	36.2043	36.1887	36.1707	36.162	36.1491	36.1134	36.1147	36.1556	36.1136	36.1115	36.1228	36.1048	36.0688	36.0882	36.0488	36.0302	36.0284	36.0433	36.0216	36.0428	36.0394	35.979	35.9727	35.9841	35.9618	35.9494	35.9174	35.9531	35.9517	35.9013	35.8645	35.8904	35.9039	35.8298	35.8342	35.8249	35.8337	35.8905	35.8326	35.7757	35.7686	35.7895	35.8084	35.7298	35.7042	35.7282	35.718	35.6842	35.6809	35.694	35.6445	35.6408	35.6494	35.6376	35.6308	35.5803	35.5447	35.6111	35.5676	35.5861	35.6209	35.5387	35.527	35.5523	35.5537	35.5245	35.4618	35.4968	35.4206	35.4327	35.4311	35.3774	35.3018	35.2621	35.2565	35.216	35.1585	35.2136	35.3017	35.3202	35.106	35.1365	35.33	35.3097	35.4657	36.2405
Tzo-AMvi_011_Ex1_L4_fastp	36.6467	36.6281	36.6773	36.6727	36.6967	36.6933	36.6812	36.6703	36.6613	36.6754	36.6651	36.6519	36.6374	36.6389	36.6383	36.6266	36.6319	36.6226	36.6119	36.5964	36.6031	36.5919	36.5775	36.5767	36.552	36.5343	36.5275	36.5198	36.5063	36.5044	36.4918	36.4885	36.4902	36.4712	36.4673	36.4389	36.4338	36.4391	36.4188	36.4219	36.3988	36.4042	36.3729	36.375	36.3684	36.3511	36.3448	36.35	36.3306	36.3323	36.3156	36.3145	36.3037	36.2774	36.2766	36.2715	36.2546	36.2466	36.2501	36.2292	36.202	36.1879	36.1752	36.1781	36.1684	36.1514	36.143	36.1312	36.1238	36.073	36.0694	36.107	36.059	36.0536	36.0647	36.0465	36.0112	36.0282	35.9852	35.9641	35.9542	35.9569	35.9262	35.94	35.9282	35.863	35.8559	35.8635	35.8396	35.8284	35.7885	35.8059	35.8025	35.748	35.6981	35.7178	35.7259	35.643	35.651	35.6316	35.6396	35.6933	35.6285	35.5547	35.5377	35.5541	35.5778	35.4929	35.4636	35.4918	35.4724	35.4276	35.4233	35.4261	35.3743	35.3781	35.3766	35.3576	35.3528	35.2883	35.256	35.3183	35.2882	35.2942	35.3321	35.2402	35.2237	35.2382	35.2409	35.209	35.1343	35.1729	35.0897	35.1001	35.1085	35.0462	34.9768	34.9192	34.9166	34.8689	34.8029	34.8702	34.9535	34.9813	34.7546	34.782	34.9851	34.9672	35.1782	36.1608
Tzo-AMvi_012_Ex1_L4_fastp	36.6207	36.6086	36.6634	36.6607	36.6828	36.6797	36.663	36.6508	36.6395	36.652	36.6447	36.6318	36.622	36.6229	36.6248	36.6104	36.6148	36.6005	36.591	36.5785	36.5831	36.5731	36.5589	36.5566	36.5353	36.5145	36.5071	36.4994	36.4854	36.4848	36.4735	36.4702	36.4737	36.4521	36.4454	36.4176	36.4112	36.4203	36.4027	36.4088	36.3886	36.3938	36.3611	36.3599	36.3522	36.3319	36.3267	36.3293	36.3133	36.3167	36.3066	36.3073	36.2937	36.2682	36.2662	36.2566	36.2338	36.2291	36.2324	36.2175	36.1918	36.1835	36.1706	36.173	36.1602	36.1453	36.1262	36.1147	36.105	36.058	36.0609	36.0995	36.0557	36.0532	36.0657	36.0381	36.0028	36.0155	35.9721	35.9516	35.9448	35.9518	35.9286	35.9453	35.9339	35.8707	35.8648	35.8681	35.8452	35.8298	35.7901	35.817	35.8117	35.7593	35.714	35.7376	35.7493	35.6641	35.6646	35.6481	35.6605	35.7151	35.6474	35.581	35.5718	35.5921	35.6111	35.5243	35.4954	35.519	35.4985	35.4548	35.4545	35.4658	35.4161	35.4194	35.4221	35.4054	35.4005	35.3453	35.3058	35.3724	35.3218	35.3424	35.375	35.2838	35.271	35.3041	35.3097	35.276	35.2019	35.247	35.1618	35.166	35.1697	35.112	35.0303	34.9889	34.9811	34.9554	34.8846	34.9407	35.0367	35.0513	34.8404	34.8654	35.0555	35.0484	35.2431	36.1738
Tzo-AMvi_013_Ex1_L4_fastp	36.6077	36.6023	36.6595	36.6558	36.6789	36.6776	36.6643	36.6532	36.6468	36.661	36.6505	36.635	36.6205	36.623	36.6225	36.6089	36.6165	36.6052	36.5944	36.5816	36.5873	36.578	36.5631	36.5594	36.5346	36.5189	36.5119	36.5049	36.491	36.4896	36.4771	36.4767	36.4785	36.4592	36.4539	36.425	36.4196	36.4282	36.4123	36.4153	36.394	36.4003	36.3682	36.37	36.3633	36.3496	36.3434	36.3493	36.3331	36.3351	36.3204	36.3217	36.309	36.2846	36.2857	36.28	36.2595	36.2541	36.2558	36.2432	36.2139	36.2055	36.1925	36.1943	36.1834	36.1724	36.1606	36.1485	36.1431	36.0981	36.0996	36.1381	36.0912	36.0917	36.1077	36.0884	36.0557	36.0716	36.0346	36.0187	36.0153	36.027	36.0032	36.0219	36.0129	35.9569	35.958	35.9686	35.9498	35.9409	35.9101	35.9396	35.9338	35.8909	35.8461	35.8731	35.8976	35.8218	35.8276	35.8187	35.8309	35.8871	35.8256	35.7656	35.7642	35.7807	35.7996	35.7197	35.7014	35.7323	35.7138	35.6736	35.6793	35.6937	35.639	35.6448	35.651	35.6337	35.6275	35.5768	35.5367	35.6135	35.5711	35.5904	35.6245	35.5329	35.5295	35.5572	35.5526	35.5179	35.4565	35.495	35.4187	35.4311	35.4139	35.3687	35.2868	35.2509	35.2419	35.212	35.1452	35.1982	35.2883	35.3175	35.082	35.1223	35.3086	35.2889	35.4508	36.2325
Tzo-AMvi_014_Ex1_L4_fastp	36.5176	36.5538	36.6141	36.6302	36.6585	36.6612	36.6524	36.6419	36.6362	36.6452	36.6406	36.627	36.6128	36.6133	36.6127	36.6011	36.6067	36.5948	36.586	36.574	36.579	36.5704	36.5545	36.5505	36.5286	36.5065	36.5066	36.4977	36.4794	36.4837	36.4643	36.4616	36.4666	36.446	36.4464	36.4178	36.4072	36.4208	36.401	36.4034	36.3876	36.3969	36.3623	36.363	36.3575	36.3403	36.3335	36.3409	36.3221	36.3313	36.3175	36.3199	36.3067	36.2833	36.2824	36.279	36.2577	36.2574	36.2606	36.2482	36.2224	36.2054	36.1978	36.1947	36.1831	36.1763	36.1582	36.1557	36.1393	36.1079	36.109	36.1322	36.0893	36.0871	36.1049	36.0853	36.0595	36.0859	36.0421	36.0273	36.0144	36.0259	36.0038	36.0297	36.0221	35.9726	35.9691	35.9796	35.9676	35.9469	35.916	35.9493	35.9433	35.9033	35.8625	35.8843	35.9141	35.8431	35.8496	35.8423	35.8494	35.9034	35.8483	35.7885	35.7776	35.7994	35.8151	35.7406	35.7232	35.7665	35.7402	35.7039	35.7099	35.7106	35.6758	35.6818	35.6865	35.6829	35.6774	35.6299	35.5989	35.6641	35.6116	35.6424	35.6721	35.5844	35.5769	35.611	35.6224	35.5919	35.5392	35.584	35.5144	35.5063	35.5125	35.4725	35.3923	35.3641	35.3439	35.3227	35.2659	35.3313	35.405	35.4244	35.2243	35.2502	35.446	35.4178	35.5685	36.2807
Tzo-AMvi_015_Ex1_L4_fastp	36.5804	36.5961	36.656	36.6569	36.6824	36.6829	36.6709	36.6623	36.6548	36.6695	36.6589	36.6423	36.6305	36.6324	36.632	36.621	36.6266	36.6168	36.6055	36.5924	36.5989	36.5887	36.5737	36.5693	36.5467	36.5309	36.5255	36.5181	36.504	36.5022	36.4892	36.4865	36.4895	36.4681	36.4631	36.4347	36.4318	36.4413	36.4228	36.4256	36.4045	36.4093	36.3787	36.3784	36.3733	36.356	36.3515	36.3565	36.3396	36.3417	36.332	36.3287	36.3162	36.2928	36.2943	36.2881	36.2679	36.2646	36.2694	36.2544	36.2241	36.2133	36.1996	36.202	36.1919	36.1794	36.1645	36.1586	36.1515	36.1048	36.1058	36.1453	36.1002	36.094	36.1125	36.092	36.0634	36.0799	36.0396	36.0237	36.0166	36.0315	36.0104	36.0236	36.0149	35.9583	35.9537	35.9647	35.9499	35.9409	35.9062	35.9371	35.9334	35.8874	35.8448	35.873	35.895	35.8165	35.8181	35.8124	35.8259	35.8827	35.8206	35.7583	35.7563	35.7764	35.7992	35.7127	35.6966	35.7219	35.7038	35.6679	35.6743	35.6905	35.6343	35.6393	35.6404	35.6267	35.6155	35.5703	35.5304	35.6065	35.5648	35.5829	35.6169	35.5307	35.514	35.5498	35.5489	35.517	35.4467	35.4921	35.418	35.4239	35.4188	35.3694	35.2868	35.2542	35.2417	35.2066	35.1461	35.2036	35.2977	35.3163	35.0843	35.1263	35.3137	35.2964	35.4529	36.2299
Tzo-AMvi_016_Ex1_L4_fastp	36.6055	36.6021	36.6599	36.659	36.6819	36.6808	36.6702	36.661	36.653	36.6659	36.6523	36.6378	36.6257	36.6272	36.6281	36.6152	36.6225	36.6105	36.6009	36.5858	36.592	36.5803	36.567	36.5628	36.5401	36.5225	36.5166	36.5092	36.4957	36.4955	36.4801	36.4809	36.4795	36.461	36.4547	36.4272	36.4226	36.4303	36.4104	36.4195	36.3933	36.401	36.367	36.3652	36.361	36.3466	36.3439	36.3481	36.3285	36.3332	36.3171	36.3169	36.3044	36.2797	36.2822	36.2775	36.2523	36.252	36.2523	36.2401	36.2082	36.1973	36.182	36.1889	36.173	36.1669	36.1508	36.1435	36.131	36.0919	36.0849	36.1287	36.0796	36.0792	36.0942	36.0774	36.0424	36.0686	36.0233	36.0095	36.0021	36.0141	35.9921	36.0098	36.0	35.9416	35.9433	35.9532	35.9324	35.9256	35.8921	35.9207	35.9217	35.8736	35.8311	35.8549	35.8793	35.8037	35.8072	35.7999	35.8113	35.8714	35.8089	35.7464	35.7409	35.7573	35.7807	35.7018	35.6837	35.7066	35.6934	35.66	35.6577	35.6742	35.6202	35.6257	35.6275	35.6125	35.6047	35.5551	35.5223	35.5951	35.5455	35.5677	35.6021	35.525	35.5018	35.5351	35.5417	35.5128	35.4393	35.4839	35.4048	35.4077	35.4129	35.354	35.2797	35.2417	35.2327	35.1984	35.1453	35.1972	35.2891	35.3043	35.0948	35.1257	35.3162	35.3057	35.4693	36.2415
Tzo-AMvi_017_Ex1_L4_fastp	36.6427	36.6281	36.6807	36.6768	36.6989	36.6952	36.6834	36.6741	36.6652	36.6777	36.6651	36.6525	36.6385	36.6399	36.6401	36.6281	36.6329	36.6219	36.6109	36.5959	36.6033	36.5906	36.5788	36.5775	36.5525	36.5338	36.5291	36.5211	36.5081	36.5074	36.4937	36.4922	36.4934	36.4752	36.4672	36.4415	36.4349	36.4424	36.4234	36.426	36.4024	36.4077	36.3767	36.3768	36.3746	36.3547	36.3517	36.3554	36.3393	36.3389	36.3266	36.3255	36.3109	36.289	36.2855	36.2821	36.2622	36.2561	36.2587	36.2431	36.2136	36.2028	36.1884	36.1933	36.1792	36.1701	36.1556	36.1445	36.1366	36.0916	36.0913	36.1261	36.0841	36.0771	36.0992	36.0752	36.0439	36.0632	36.0249	36.0073	35.9995	36.0125	35.9908	36.0078	35.9987	35.938	35.9369	35.948	35.9281	35.9227	35.886	35.9183	35.9153	35.8689	35.8226	35.8513	35.872	35.7973	35.8021	35.793	35.8023	35.8649	35.7996	35.7405	35.7292	35.749	35.7708	35.6825	35.6647	35.6957	35.6809	35.6412	35.6415	35.6548	35.5968	35.6035	35.5982	35.5963	35.5862	35.5335	35.5011	35.5731	35.5239	35.5394	35.5709	35.4831	35.4751	35.5016	35.4998	35.4716	35.3973	35.4428	35.3671	35.369	35.3661	35.3129	35.2329	35.2036	35.1888	35.1426	35.0917	35.1335	35.2304	35.2661	35.0197	35.0644	35.2534	35.2417	35.422	36.22
Tzo-AMvi_018_Ex1_L4_fastp	36.641	36.6199	36.6726	36.6723	36.6923	36.691	36.6784	36.6693	36.6606	36.6729	36.6604	36.6458	36.6338	36.6326	36.6353	36.6234	36.6278	36.616	36.6064	36.5904	36.5981	36.5873	36.5728	36.5722	36.5474	36.5321	36.5226	36.5161	36.5058	36.5015	36.4848	36.4815	36.4834	36.4672	36.4586	36.434	36.4282	36.4379	36.417	36.4223	36.3973	36.4051	36.3743	36.3715	36.3676	36.3509	36.3466	36.3537	36.3351	36.3383	36.3185	36.3224	36.3099	36.2859	36.2819	36.2792	36.2587	36.2578	36.2557	36.2424	36.2136	36.2025	36.1823	36.194	36.1766	36.168	36.1528	36.1484	36.1386	36.094	36.0884	36.1303	36.0808	36.0785	36.0905	36.0755	36.0416	36.0659	36.0244	36.0077	36.0053	36.0088	35.9904	36.0073	35.9968	35.9436	35.9377	35.95	35.9311	35.9231	35.8881	35.9199	35.9116	35.8694	35.8242	35.8503	35.8671	35.7999	35.7997	35.7916	35.798	35.8586	35.7922	35.7363	35.7314	35.7446	35.7676	35.6902	35.6645	35.7015	35.6797	35.6436	35.6353	35.6547	35.6032	35.6122	35.6121	35.5986	35.5885	35.5379	35.4965	35.571	35.5289	35.555	35.5795	35.4888	35.4804	35.5065	35.5059	35.4802	35.4089	35.4563	35.3824	35.3786	35.3714	35.3178	35.248	35.1994	35.1971	35.1539	35.0867	35.1522	35.2433	35.2627	35.0488	35.084	35.2614	35.2612	35.4403	36.2361
Tzo-AMvi_019_Ex1_L4_fastp	36.6237	36.6149	36.6673	36.667	36.6899	36.6893	36.6771	36.666	36.6573	36.6706	36.6611	36.6468	36.6306	36.6333	36.6337	36.6231	36.6284	36.6178	36.6082	36.5953	36.6027	36.5913	36.5776	36.5762	36.5532	36.5362	36.5288	36.5229	36.5085	36.5071	36.4984	36.4975	36.4942	36.477	36.4723	36.4454	36.444	36.4485	36.4352	36.4388	36.4188	36.421	36.391	36.3942	36.3884	36.37	36.3681	36.3685	36.3536	36.3582	36.3434	36.3401	36.3307	36.306	36.3073	36.3071	36.2873	36.2824	36.2834	36.2683	36.2463	36.2328	36.2192	36.222	36.2102	36.2019	36.1896	36.1839	36.1754	36.1268	36.1252	36.1674	36.1214	36.1186	36.1358	36.1189	36.0894	36.1066	36.0677	36.0519	36.0496	36.0632	36.0371	36.0586	36.0455	35.9929	35.9932	36.0067	35.987	35.9743	35.9451	35.9778	35.9758	35.928	35.882	35.909	35.9364	35.8567	35.8656	35.8577	35.8739	35.9273	35.8626	35.806	35.7995	35.8217	35.8438	35.763	35.7437	35.7693	35.7605	35.7273	35.7248	35.738	35.6889	35.6967	35.7048	35.6892	35.6759	35.6372	35.6036	35.6618	35.6286	35.6465	35.6775	35.6036	35.5901	35.6194	35.6199	35.5923	35.537	35.573	35.4951	35.5013	35.4921	35.4535	35.3778	35.3443	35.3328	35.2986	35.2494	35.2949	35.379	35.423	35.1876	35.23	35.4153	35.3852	35.5399	36.2637
Tzo-AMvi_020_Ex1_L4_fastp	36.6299	36.6147	36.6687	36.6662	36.6864	36.6852	36.6731	36.663	36.6537	36.6672	36.6556	36.6408	36.6292	36.6289	36.6291	36.6162	36.624	36.6101	36.6029	36.588	36.5943	36.5819	36.5679	36.5651	36.5406	36.5216	36.5171	36.5093	36.4969	36.4974	36.4853	36.4804	36.4822	36.4624	36.4587	36.4308	36.4264	36.4392	36.4189	36.4237	36.4019	36.4076	36.378	36.375	36.3724	36.3573	36.3548	36.3582	36.3422	36.3404	36.3269	36.3256	36.3193	36.2969	36.2944	36.2901	36.2683	36.2677	36.27	36.2528	36.2288	36.2158	36.2044	36.2038	36.1946	36.1846	36.1703	36.1652	36.1578	36.1075	36.1105	36.1491	36.1037	36.1021	36.1165	36.0981	36.0686	36.0854	36.0524	36.0315	36.0318	36.035	36.0131	36.0337	36.0322	35.9659	35.9681	35.9787	35.9653	35.9523	35.9199	35.9477	35.9446	35.8991	35.8569	35.8766	35.9018	35.8269	35.8357	35.8241	35.8397	35.8981	35.8403	35.7742	35.7674	35.7882	35.8053	35.7245	35.7041	35.738	35.7235	35.6889	35.6887	35.7005	35.6494	35.652	35.6598	35.644	35.647	35.5903	35.5589	35.6255	35.585	35.6115	35.6371	35.5534	35.5406	35.5641	35.5736	35.5446	35.4702	35.5188	35.4487	35.4543	35.4491	35.3919	35.3234	35.2865	35.2682	35.2333	35.1721	35.2191	35.3239	35.346	35.1299	35.1589	35.3423	35.3287	35.4931	36.2416
Tzo-AMvi_021_Ex1_L4_fastp	36.6362	36.6204	36.6755	36.6729	36.693	36.6918	36.68	36.6703	36.6606	36.6752	36.6638	36.6495	36.6367	36.6371	36.6367	36.6253	36.6318	36.6202	36.6087	36.5952	36.6005	36.5931	36.5801	36.58	36.5552	36.5358	36.5326	36.5222	36.5114	36.509	36.4975	36.4923	36.4979	36.4785	36.4712	36.4451	36.4431	36.4506	36.4328	36.4373	36.4156	36.4238	36.394	36.3926	36.387	36.3711	36.3688	36.3735	36.3579	36.3551	36.3481	36.3449	36.3342	36.3112	36.3113	36.3065	36.2878	36.2859	36.288	36.2712	36.2482	36.2381	36.2214	36.2269	36.2137	36.2039	36.1909	36.1807	36.1785	36.1366	36.1358	36.1684	36.1306	36.1263	36.1453	36.1261	36.0984	36.1135	36.0777	36.061	36.0534	36.0651	36.0402	36.0581	36.0483	35.9926	35.9957	35.9974	35.9893	35.9817	35.9497	35.9799	35.9766	35.9297	35.8885	35.9097	35.9323	35.8578	35.8729	35.8568	35.8691	35.9283	35.8674	35.81	35.8004	35.82	35.8463	35.7552	35.7472	35.7715	35.765	35.7281	35.7249	35.7403	35.6899	35.6898	35.6946	35.6855	35.6854	35.6363	35.5969	35.6668	35.6257	35.6527	35.6812	35.5986	35.5872	35.6167	35.618	35.5848	35.515	35.5617	35.4825	35.5008	35.4983	35.4532	35.3759	35.3453	35.3346	35.3025	35.2309	35.2956	35.3833	35.3941	35.1911	35.2332	35.4093	35.3792	35.5366	36.267
Tzo-AMvi_022_Ex1_L4_fastp	36.6196	36.6122	36.6661	36.664	36.6876	36.6841	36.6743	36.6647	36.6561	36.6707	36.6584	36.6448	36.6341	36.6312	36.6322	36.6193	36.6251	36.6139	36.6065	36.5895	36.595	36.5851	36.5739	36.5707	36.5469	36.5267	36.5228	36.5156	36.5026	36.502	36.4872	36.489	36.4892	36.4705	36.4647	36.4372	36.4298	36.4436	36.4231	36.4292	36.4067	36.4115	36.3805	36.3822	36.3763	36.3614	36.3617	36.3632	36.3455	36.3483	36.3344	36.3309	36.3214	36.3007	36.3009	36.2943	36.2686	36.2705	36.2798	36.2601	36.2329	36.2206	36.2072	36.2077	36.2009	36.189	36.174	36.17	36.1602	36.118	36.1194	36.1589	36.1143	36.1117	36.1262	36.1072	36.0778	36.0937	36.0595	36.0398	36.0399	36.0445	36.0228	36.0445	36.0363	35.9775	35.9734	35.9865	35.9679	35.9614	35.9261	35.9616	35.9503	35.9084	35.8641	35.8892	35.9106	35.8386	35.8416	35.8353	35.8454	35.9055	35.8448	35.7793	35.7754	35.7953	35.8169	35.7341	35.7222	35.7471	35.7305	35.6963	35.6975	35.7129	35.6574	35.6607	35.6626	35.6461	35.6476	35.5907	35.5554	35.6247	35.5911	35.6103	35.6424	35.5631	35.555	35.5769	35.5873	35.5559	35.4806	35.5265	35.4578	35.4578	35.4625	35.414	35.3384	35.2993	35.2869	35.2549	35.1982	35.2515	35.3462	35.3693	35.1541	35.1826	35.3611	35.356	35.5092	36.2526
Tzo-AMvi_023_Ex1_L4_fastp	36.6298	36.6166	36.6714	36.6672	36.6892	36.6869	36.674	36.6629	36.6544	36.6698	36.6581	36.6455	36.6295	36.6339	36.632	36.6188	36.6267	36.6146	36.6039	36.5905	36.5983	36.586	36.5737	36.5703	36.5462	36.5269	36.5214	36.515	36.5016	36.5008	36.487	36.4874	36.4864	36.4675	36.4626	36.4358	36.4309	36.4374	36.4186	36.4238	36.3989	36.407	36.3741	36.3743	36.3685	36.3505	36.3482	36.3508	36.334	36.3358	36.322	36.3235	36.3108	36.2848	36.2871	36.279	36.2588	36.2523	36.2571	36.2422	36.2137	36.202	36.1871	36.1912	36.18	36.1676	36.1512	36.1407	36.133	36.0869	36.0833	36.1226	36.0758	36.0695	36.0894	36.0624	36.0269	36.0468	36.0011	35.979	35.9774	35.9803	35.9565	35.9699	35.9617	35.8989	35.8891	35.8963	35.874	35.8667	35.8201	35.8477	35.8389	35.7857	35.7401	35.7644	35.7749	35.6953	35.6957	35.6816	35.6858	35.744	35.6728	35.6083	35.5933	35.6103	35.6315	35.5409	35.5174	35.543	35.5222	35.4866	35.4864	35.4924	35.4303	35.4399	35.4352	35.4221	35.4194	35.363	35.3239	35.3889	35.3486	35.3653	35.3974	35.3086	35.2845	35.3211	35.3199	35.2803	35.2103	35.2599	35.1833	35.1848	35.1852	35.1278	35.0436	35.0172	35.0062	34.9638	34.8949	34.962	35.0516	35.0724	34.8467	34.8966	35.0733	35.0563	35.2401	36.1763
Tzo-AMvi_024_Ex1_L4_fastp	36.6177	36.6117	36.6651	36.66	36.6811	36.6807	36.6671	36.6583	36.6498	36.6631	36.6506	36.6374	36.6244	36.6211	36.6261	36.611	36.6174	36.6057	36.5964	36.58	36.5871	36.5753	36.5617	36.5573	36.5343	36.5161	36.51	36.5024	36.4879	36.4862	36.4725	36.4709	36.4727	36.453	36.4469	36.4185	36.4144	36.4212	36.4046	36.4082	36.387	36.3911	36.3576	36.3576	36.3537	36.3381	36.3328	36.3358	36.3189	36.3187	36.3063	36.3054	36.2954	36.2685	36.2686	36.2625	36.2412	36.2391	36.2409	36.2239	36.1959	36.1835	36.17	36.173	36.1619	36.1462	36.1359	36.1265	36.1213	36.072	36.0737	36.1107	36.0643	36.0534	36.0746	36.0499	36.0125	36.0308	35.9904	35.9672	35.9627	35.967	35.9473	35.9579	35.9478	35.883	35.879	35.8906	35.8614	35.8533	35.8117	35.8363	35.8266	35.7765	35.7226	35.7447	35.759	35.6847	35.6871	35.6704	35.6786	35.736	35.6658	35.6017	35.5852	35.5996	35.6155	35.5343	35.504	35.529	35.5184	35.4707	35.4676	35.4879	35.4328	35.4315	35.432	35.4143	35.4115	35.3609	35.3184	35.3828	35.3421	35.3567	35.392	35.302	35.2893	35.3128	35.3178	35.2803	35.2096	35.2524	35.1807	35.1861	35.1809	35.132	35.0473	35.0099	35.0043	34.9746	34.9085	34.9693	35.0576	35.079	34.8583	34.8833	35.0733	35.0687	35.258	36.1807
Tzo-AMvi_025_Ex1_L4_fastp	36.6263	36.6146	36.6666	36.6633	36.6869	36.6863	36.6722	36.6604	36.6524	36.6686	36.6567	36.6437	36.6318	36.6301	36.633	36.6189	36.6247	36.614	36.6048	36.5889	36.5968	36.5842	36.5708	36.5692	36.5445	36.5259	36.5211	36.5125	36.4965	36.4954	36.4814	36.4811	36.4811	36.4629	36.4592	36.4302	36.4247	36.4349	36.4167	36.4176	36.3946	36.4007	36.3698	36.3676	36.3666	36.3475	36.3463	36.3508	36.3323	36.3336	36.3214	36.3192	36.3083	36.2798	36.2824	36.2766	36.2588	36.2558	36.2577	36.2415	36.2122	36.2003	36.1874	36.1911	36.1801	36.169	36.1568	36.1455	36.1391	36.0954	36.0941	36.1302	36.0858	36.0829	36.0987	36.0812	36.0512	36.069	36.029	36.0145	36.0106	36.0203	35.9948	36.013	36.007	35.9478	35.9476	35.9587	35.944	35.9372	35.9019	35.9322	35.9266	35.8813	35.8367	35.8636	35.8866	35.8128	35.8198	35.8118	35.8236	35.8824	35.8209	35.757	35.7465	35.7678	35.79	35.6997	35.6863	35.7155	35.7031	35.6651	35.6572	35.6743	35.6241	35.6237	35.6187	35.6119	35.6049	35.5528	35.5162	35.5872	35.5423	35.5596	35.59	35.5034	35.494	35.5163	35.5112	35.4757	35.4145	35.4593	35.3817	35.3855	35.3781	35.3188	35.2389	35.204	35.1792	35.1465	35.0814	35.1466	35.2289	35.2551	35.0249	35.0694	35.2529	35.2395	35.4087	36.2172
Tzo-AMvi_026_Ex1_L4_fastp	36.6016	36.5962	36.6533	36.6525	36.6744	36.6722	36.655	36.6427	36.6326	36.6471	36.6337	36.6192	36.6106	36.6166	36.6181	36.601	36.6058	36.5931	36.5814	36.5671	36.5738	36.5647	36.5497	36.5466	36.5237	36.502	36.4983	36.4899	36.4779	36.4768	36.4657	36.4638	36.4639	36.4424	36.436	36.4084	36.4032	36.4116	36.3963	36.4017	36.3833	36.3891	36.3557	36.3559	36.3511	36.3319	36.3247	36.3331	36.3156	36.3202	36.3096	36.3114	36.2995	36.2767	36.2764	36.2679	36.2414	36.2367	36.2416	36.2288	36.203	36.1956	36.1812	36.1885	36.1754	36.1639	36.1466	36.1378	36.1273	36.085	36.087	36.133	36.0865	36.0903	36.1057	36.0885	36.0522	36.0651	36.0274	36.0115	36.0113	36.0196	36.0039	36.0274	36.0198	35.9685	35.9592	35.9677	35.9468	35.9377	35.9075	35.9443	35.9442	35.9028	35.8608	35.8856	35.9111	35.8358	35.8334	35.8324	35.839	35.898	35.8427	35.7884	35.7814	35.801	35.8265	35.7438	35.7246	35.7494	35.732	35.6962	35.6975	35.7116	35.6706	35.6738	35.6854	35.67	35.6625	35.6086	35.5669	35.6357	35.5982	35.6143	35.6551	35.5754	35.562	35.5919	35.5918	35.5597	35.4991	35.5399	35.4599	35.4708	35.4661	35.4141	35.3354	35.2992	35.2887	35.2498	35.2009	35.2433	35.3401	35.3684	35.1447	35.1788	35.3714	35.3426	35.5151	36.2449
Tzo-AMvi_027_Ex1_L4_fastp	36.6231	36.6221	36.6738	36.6715	36.6937	36.6939	36.6821	36.6711	36.6635	36.6768	36.6679	36.6547	36.641	36.6418	36.6438	36.6301	36.6353	36.6252	36.617	36.6013	36.6101	36.5982	36.5858	36.5812	36.5604	36.5421	36.5384	36.531	36.5169	36.5136	36.5025	36.5014	36.5018	36.4853	36.48	36.4523	36.4483	36.4543	36.4367	36.4391	36.4178	36.4261	36.3936	36.3925	36.389	36.3716	36.372	36.3728	36.3566	36.3585	36.3462	36.3429	36.3309	36.3076	36.3065	36.3	36.2838	36.2828	36.2813	36.2695	36.2415	36.2318	36.2158	36.2189	36.2042	36.1959	36.1856	36.1732	36.1685	36.1269	36.125	36.1606	36.1148	36.1143	36.1279	36.1104	36.0788	36.0981	36.0616	36.0471	36.044	36.0518	36.0268	36.0485	36.0384	35.9829	35.9825	35.9921	35.9759	35.9656	35.9331	35.9643	35.9621	35.9139	35.8729	35.8933	35.9167	35.8438	35.8465	35.8419	35.8513	35.9097	35.8438	35.7877	35.7815	35.799	35.8247	35.7384	35.7175	35.7485	35.7335	35.6934	35.6903	35.7107	35.6571	35.661	35.6704	35.6524	35.6447	35.5926	35.5624	35.6221	35.5843	35.6081	35.645	35.5567	35.5412	35.5752	35.5708	35.5434	35.4713	35.5147	35.438	35.4486	35.4453	35.3937	35.3157	35.2801	35.266	35.2318	35.1744	35.2305	35.315	35.3528	35.1213	35.1653	35.3434	35.3197	35.4853	36.2426
Tzo-AMvi_028_Ex1_L4_fastp	36.6095	36.6049	36.6644	36.6622	36.6848	36.6831	36.668	36.6535	36.6433	36.6578	36.6468	36.6322	36.6226	36.6269	36.6273	36.6124	36.6165	36.6037	36.5929	36.5785	36.5864	36.5751	36.561	36.5554	36.5332	36.5135	36.5072	36.4985	36.4859	36.4835	36.4725	36.4699	36.4711	36.4489	36.4441	36.415	36.4078	36.4181	36.3976	36.405	36.3847	36.3887	36.3575	36.3557	36.3503	36.3274	36.3221	36.3278	36.3115	36.3152	36.3052	36.306	36.2936	36.2694	36.2706	36.2605	36.2354	36.2304	36.2314	36.2195	36.1944	36.1868	36.1721	36.1757	36.1625	36.1494	36.1306	36.1204	36.111	36.0649	36.0685	36.1112	36.0688	36.0649	36.0809	36.0583	36.0202	36.0379	35.994	35.978	35.9772	35.9906	35.9712	35.9913	35.9818	35.9217	35.9174	35.9266	35.9048	35.8944	35.8582	35.8934	35.8927	35.8495	35.8041	35.8339	35.8535	35.7753	35.7788	35.7613	35.7749	35.8364	35.7749	35.7205	35.7113	35.7312	35.7563	35.6678	35.642	35.6675	35.6443	35.6132	35.6123	35.6302	35.5798	35.5867	35.5897	35.565	35.5649	35.5086	35.4677	35.5412	35.501	35.5234	35.5497	35.4699	35.4582	35.4833	35.4911	35.4547	35.3777	35.4184	35.3318	35.3457	35.3429	35.2895	35.204	35.1711	35.1583	35.1195	35.0545	35.1093	35.214	35.2316	35.0064	35.0412	35.2293	35.2249	35.4074	36.2103
Tzo-AMvi_029_Ex1_L4_fastp	36.6649	36.6403	36.69	36.6876	36.7077	36.7072	36.6911	36.6825	36.6735	36.6891	36.6784	36.6648	36.6532	36.6522	36.6564	36.6428	36.6479	36.637	36.6291	36.6135	36.6213	36.6114	36.5969	36.5952	36.5749	36.5591	36.5528	36.5446	36.5319	36.5294	36.5178	36.5191	36.5197	36.5012	36.4958	36.4706	36.4661	36.4749	36.4557	36.4589	36.4362	36.4444	36.4136	36.4122	36.4083	36.3921	36.392	36.3961	36.3793	36.38	36.3695	36.3672	36.3578	36.3314	36.3337	36.3301	36.3131	36.3104	36.3107	36.2944	36.2689	36.2602	36.242	36.2476	36.2387	36.226	36.2143	36.2082	36.2017	36.16	36.1557	36.196	36.1524	36.1472	36.164	36.1469	36.1141	36.137	36.0969	36.088	36.0777	36.0897	36.0634	36.0845	36.0766	36.0223	36.0214	36.0375	36.0192	36.0174	35.9795	36.0134	36.0073	35.9625	35.9229	35.9492	35.9703	35.9029	35.9053	35.9001	35.9093	35.9661	35.9088	35.8501	35.8449	35.8548	35.8815	35.8099	35.79	35.8149	35.8027	35.7709	35.7693	35.7852	35.7383	35.742	35.7448	35.7343	35.7271	35.6783	35.6395	35.7151	35.669	35.6838	35.7275	35.6402	35.6238	35.6512	35.6589	35.6318	35.5608	35.6023	35.5186	35.5418	35.5358	35.4834	35.4089	35.3616	35.3573	35.3304	35.2591	35.3177	35.4103	35.4416	35.2259	35.2378	35.4298	35.4087	35.5524	36.2796
Tzo-AMvi_030_Ex1_L4_fastp	36.6389	36.6197	36.6758	36.6728	36.6943	36.6899	36.6738	36.6615	36.6527	36.6665	36.6537	36.6378	36.6305	36.6352	36.6354	36.6205	36.6245	36.6109	36.6005	36.5868	36.5941	36.5834	36.5697	36.5676	36.5432	36.5249	36.5193	36.5114	36.4972	36.4961	36.4823	36.4801	36.4835	36.4603	36.4549	36.425	36.4194	36.4288	36.4114	36.4147	36.3941	36.4042	36.3702	36.3683	36.3621	36.3418	36.3373	36.3408	36.3226	36.33	36.3169	36.3202	36.3068	36.2801	36.2793	36.2696	36.2467	36.243	36.2469	36.2317	36.2088	36.2006	36.1863	36.1888	36.1735	36.1632	36.1455	36.1365	36.125	36.0787	36.0815	36.1258	36.0785	36.0789	36.0937	36.0713	36.0359	36.0522	36.0095	35.9931	35.9895	36.0052	35.9801	36.0014	35.9973	35.9382	35.9312	35.9384	35.918	35.9102	35.8721	35.9085	35.9088	35.8622	35.8217	35.849	35.8632	35.7844	35.7851	35.7766	35.7873	35.8495	35.7877	35.7357	35.7195	35.7463	35.7705	35.6808	35.6553	35.6805	35.6586	35.6221	35.6248	35.6399	35.5934	35.6034	35.6041	35.5922	35.5789	35.5297	35.4819	35.559	35.517	35.5343	35.5687	35.4803	35.467	35.4992	35.4968	35.4615	35.3935	35.4451	35.354	35.3701	35.3647	35.307	35.2249	35.1885	35.1749	35.1451	35.0816	35.1344	35.2291	35.2519	35.0205	35.0539	35.2549	35.2324	35.4073	36.2158
Tzo-AMvi_031_Ex1_L4_fastp	36.6523	36.6324	36.6798	36.6767	36.6973	36.6961	36.6847	36.6717	36.6641	36.6785	36.6664	36.654	36.6432	36.6412	36.6441	36.6304	36.6365	36.6273	36.6188	36.602	36.61	36.5979	36.5855	36.5831	36.56	36.5413	36.537	36.5271	36.5131	36.5129	36.5005	36.4957	36.4994	36.4806	36.4742	36.4486	36.4435	36.4522	36.4341	36.4402	36.4151	36.4228	36.3885	36.3875	36.3838	36.3685	36.3655	36.3679	36.35	36.3528	36.3387	36.3352	36.3252	36.3011	36.3043	36.2985	36.281	36.2772	36.2805	36.2644	36.2356	36.2251	36.2102	36.2144	36.2012	36.1924	36.1816	36.1708	36.1633	36.121	36.1192	36.1577	36.1131	36.1105	36.1251	36.1055	36.0751	36.0931	36.0535	36.0374	36.0375	36.0414	36.0233	36.0398	36.0286	35.9738	35.9737	35.9811	35.9658	35.9621	35.9237	35.9543	35.9478	35.9048	35.8615	35.8822	35.9075	35.8321	35.8361	35.8303	35.8401	35.8995	35.8349	35.7742	35.7645	35.7844	35.8084	35.7219	35.698	35.7351	35.7229	35.6799	35.6774	35.6911	35.6432	35.6436	35.6489	35.6314	35.625	35.5727	35.5376	35.609	35.5671	35.5828	35.6206	35.5301	35.5159	35.5412	35.543	35.5144	35.4417	35.4882	35.4083	35.4129	35.4106	35.3547	35.2786	35.2382	35.2205	35.1866	35.1165	35.1756	35.2689	35.2878	35.0651	35.0961	35.2854	35.2712	35.4458	36.2312
Tzo-AMvi_032_Ex1_L4_fastp	36.6213	36.6114	36.6655	36.6634	36.6856	36.6832	36.6673	36.6559	36.6444	36.6578	36.6454	36.6316	36.6238	36.6272	36.6265	36.6118	36.6139	36.6008	36.5903	36.5752	36.5808	36.5733	36.5578	36.5527	36.5292	36.5052	36.5029	36.4959	36.4822	36.4791	36.4687	36.4637	36.4674	36.4451	36.4402	36.4094	36.4017	36.4157	36.3929	36.4002	36.3803	36.3858	36.3557	36.3543	36.3443	36.3255	36.3205	36.3246	36.3094	36.3157	36.3045	36.3011	36.2897	36.2636	36.2635	36.2572	36.2334	36.2287	36.2335	36.2185	36.1923	36.1868	36.1702	36.1757	36.1657	36.1452	36.137	36.1262	36.1181	36.0693	36.0681	36.117	36.0724	36.0735	36.0917	36.0679	36.0299	36.0498	36.0087	35.9912	35.9874	36.0004	35.9837	36.0008	35.9966	35.9306	35.9312	35.9438	35.925	35.9124	35.8771	35.9115	35.9147	35.8648	35.8239	35.8499	35.8753	35.7981	35.7962	35.7844	35.8	35.8584	35.7956	35.7423	35.7358	35.7605	35.7831	35.6994	35.6768	35.699	35.6849	35.6395	35.6471	35.6568	35.6111	35.6149	35.6215	35.6105	35.6044	35.5519	35.5071	35.5794	35.5335	35.5642	35.5895	35.5092	35.4893	35.5227	35.5226	35.488	35.4329	35.4695	35.3804	35.3998	35.3963	35.3411	35.2597	35.2099	35.2171	35.1714	35.111	35.1717	35.2517	35.2737	35.0654	35.0948	35.2802	35.2768	35.4512	36.2353
Tzo-AMvi_033_Ex1_L4_fastp	36.6353	36.6234	36.675	36.6749	36.6985	36.6958	36.6839	36.6728	36.6661	36.6809	36.6695	36.6567	36.6459	36.6445	36.6469	36.633	36.6403	36.6288	36.6202	36.6043	36.6129	36.6027	36.5888	36.5876	36.5658	36.5488	36.5448	36.5343	36.523	36.5224	36.5086	36.5114	36.5091	36.4921	36.4904	36.4617	36.4574	36.4653	36.45	36.4491	36.429	36.4349	36.4076	36.4065	36.4029	36.3903	36.387	36.3891	36.3728	36.3746	36.3648	36.3609	36.3514	36.328	36.3284	36.3278	36.3059	36.3087	36.3105	36.2962	36.2665	36.2565	36.2451	36.2454	36.2332	36.2246	36.2144	36.2101	36.202	36.1584	36.1553	36.1898	36.1467	36.1489	36.1616	36.1442	36.1109	36.1315	36.0953	36.0798	36.0732	36.0844	36.0594	36.0799	36.072	36.0131	36.0173	36.023	36.0048	35.9998	35.9646	35.9948	35.9897	35.9487	35.8979	35.9246	35.9475	35.88	35.8818	35.8715	35.885	35.9415	35.885	35.8231	35.8116	35.8356	35.8527	35.7779	35.755	35.7878	35.7747	35.7345	35.7415	35.749	35.7079	35.7051	35.7065	35.6923	35.6828	35.6345	35.6057	35.6773	35.6308	35.6482	35.6848	35.6007	35.5846	35.6191	35.6237	35.5943	35.5196	35.57	35.4869	35.5075	35.5032	35.4573	35.3756	35.3373	35.3287	35.3017	35.2346	35.2923	35.3843	35.4132	35.1986	35.2298	35.4074	35.3845	35.5288	36.2667
Tzo-AMvi_034_Ex1_L4_fastp	36.6276	36.6133	36.6712	36.6673	36.6897	36.6852	36.6699	36.6553	36.6453	36.6616	36.6479	36.6329	36.6258	36.6289	36.6283	36.6141	36.6184	36.6056	36.5937	36.5796	36.5874	36.5765	36.5639	36.5614	36.5366	36.5168	36.5106	36.5026	36.4879	36.4899	36.4777	36.4766	36.4787	36.4601	36.4511	36.4237	36.4179	36.4267	36.4075	36.4157	36.3938	36.402	36.369	36.3666	36.3616	36.3413	36.3394	36.3404	36.326	36.3322	36.3225	36.3208	36.3125	36.2845	36.2837	36.2727	36.2531	36.2496	36.2513	36.2393	36.2111	36.2043	36.1891	36.1969	36.1831	36.1695	36.1548	36.1422	36.1347	36.0873	36.0936	36.1351	36.0944	36.0931	36.1079	36.0864	36.0503	36.0657	36.0223	36.0058	36.0032	36.0162	35.9959	36.0183	36.0126	35.948	35.9468	35.9574	35.9358	35.925	35.8902	35.9196	35.9239	35.8789	35.8351	35.8632	35.8845	35.8043	35.8061	35.797	35.805	35.8669	35.805	35.747	35.7365	35.7616	35.7876	35.6986	35.6743	35.7031	35.6859	35.6414	35.6443	35.666	35.6145	35.6192	35.625	35.6079	35.5995	35.5487	35.507	35.5798	35.5356	35.5581	35.5914	35.5124	35.492	35.52	35.5245	35.4925	35.4306	35.4624	35.3759	35.397	35.3921	35.3338	35.2544	35.2141	35.1988	35.1785	35.1089	35.1685	35.2569	35.2726	35.0545	35.0918	35.2792	35.2633	35.4282	36.2269
Tzo-AMvi_035_Ex1_L4_fastp	36.6299	36.6247	36.6734	36.6714	36.695	36.6911	36.6802	36.6656	36.6587	36.6726	36.6636	36.6498	36.6399	36.6401	36.6392	36.6275	36.6319	36.6208	36.6127	36.597	36.6037	36.5892	36.5793	36.5745	36.5529	36.5337	36.5284	36.5208	36.5055	36.5013	36.4895	36.488	36.4885	36.4672	36.4638	36.4361	36.4324	36.4388	36.4203	36.4243	36.3996	36.4047	36.376	36.3751	36.3689	36.3525	36.3476	36.3534	36.3338	36.3305	36.3182	36.3134	36.3018	36.2767	36.2788	36.2713	36.2526	36.2502	36.2523	36.2364	36.2023	36.1932	36.1803	36.1794	36.169	36.1582	36.1478	36.1346	36.1285	36.0826	36.0798	36.1154	36.0655	36.0628	36.0797	36.0542	36.0224	36.0388	35.9965	35.9799	35.9674	35.9735	35.9466	35.9585	35.9473	35.8853	35.8755	35.8861	35.8669	35.8538	35.8136	35.8381	35.8267	35.7718	35.7274	35.7491	35.7679	35.6857	35.6818	35.6705	35.6767	35.7295	35.6659	35.6005	35.5835	35.5928	35.6158	35.5335	35.5105	35.5262	35.5073	35.4712	35.4723	35.4858	35.4242	35.4236	35.4277	35.4173	35.4072	35.3546	35.3261	35.3955	35.3445	35.3611	35.3926	35.298	35.2862	35.3195	35.3087	35.2758	35.2192	35.2657	35.1723	35.1881	35.1865	35.1292	35.055	35.0174	35.0044	34.9732	34.8985	34.9666	35.047	35.0872	34.8614	34.8871	35.0801	35.0697	35.2564	36.1863
Tzo-AMvi_036_Ex1_L4_fastp	36.5982	36.5996	36.6553	36.6574	36.681	36.6776	36.6652	36.6531	36.6424	36.6533	36.6406	36.6284	36.6201	36.624	36.6236	36.6097	36.6137	36.6004	36.5887	36.5775	36.5866	36.5726	36.5617	36.5599	36.5364	36.5139	36.5064	36.4994	36.4878	36.4857	36.4743	36.4721	36.4749	36.4558	36.4451	36.4181	36.4153	36.4225	36.4034	36.4097	36.3896	36.3942	36.3625	36.3651	36.354	36.3373	36.3352	36.3338	36.3167	36.3238	36.3141	36.3166	36.3018	36.2785	36.2792	36.2692	36.244	36.2407	36.2422	36.2243	36.2015	36.1958	36.182	36.1861	36.1735	36.1571	36.1423	36.1307	36.1242	36.0747	36.0749	36.1178	36.0732	36.0721	36.0828	36.0619	36.0263	36.0375	35.9915	35.9769	35.9676	35.975	35.9544	35.9656	35.9608	35.8973	35.8931	35.8935	35.8689	35.8499	35.8114	35.8415	35.8327	35.7845	35.7401	35.7587	35.7787	35.692	35.7048	35.6873	35.6944	35.7463	35.6815	35.6257	35.6097	35.6233	35.645	35.5561	35.5386	35.5586	35.5501	35.5033	35.5063	35.5139	35.4691	35.4826	35.4805	35.4672	35.4661	35.4099	35.3754	35.4408	35.4018	35.4118	35.4565	35.3742	35.3589	35.4013	35.3968	35.3608	35.2878	35.3242	35.2518	35.2656	35.267	35.2307	35.1627	35.1142	35.1192	35.0761	35.0293	35.0773	35.1586	35.2025	34.9802	35.0225	35.2056	35.1942	35.366	36.2242
Tzo-AMvi_037_Ex1_L4_fastp	36.6094	36.6066	36.6598	36.6557	36.6806	36.6779	36.6652	36.6532	36.6463	36.6615	36.65	36.6355	36.6228	36.6257	36.6245	36.6102	36.6168	36.6054	36.5938	36.5829	36.5869	36.5758	36.5601	36.5568	36.5349	36.5157	36.5098	36.503	36.4867	36.486	36.4726	36.4696	36.4727	36.4524	36.447	36.4222	36.4143	36.4229	36.4017	36.4061	36.3827	36.3871	36.3563	36.3541	36.3524	36.3336	36.3286	36.3358	36.3166	36.3176	36.3046	36.3048	36.291	36.266	36.2684	36.2633	36.2418	36.239	36.2424	36.2259	36.1962	36.1825	36.1677	36.1729	36.1602	36.1497	36.1405	36.133	36.1243	36.0752	36.0769	36.1132	36.0643	36.0622	36.0817	36.064	36.0308	36.0492	36.0121	35.9934	35.9914	35.9986	35.9769	35.9908	35.9899	35.9279	35.9263	35.9405	35.9222	35.9148	35.8781	35.9106	35.9049	35.8564	35.8151	35.8423	35.8613	35.7844	35.7935	35.7862	35.797	35.8544	35.7901	35.7324	35.7191	35.7435	35.7621	35.6769	35.6587	35.6887	35.6741	35.64	35.6371	35.6431	35.5926	35.5973	35.5984	35.5845	35.5804	35.5301	35.4906	35.5596	35.5159	35.5342	35.5659	35.4824	35.4611	35.4958	35.4981	35.4587	35.3888	35.4375	35.3557	35.3657	35.3616	35.3049	35.229	35.1778	35.1686	35.1412	35.0713	35.1238	35.2199	35.2495	35.0159	35.0526	35.2422	35.2184	35.3899	36.2147
Tzo-AMvi_038_Ex1_L4_fastp	36.6008	36.6022	36.6581	36.6559	36.6797	36.6785	36.6651	36.653	36.6422	36.6593	36.6464	36.6349	36.6205	36.6221	36.6201	36.6036	36.6106	36.6005	36.5925	36.5755	36.5852	36.5728	36.5585	36.5543	36.5302	36.509	36.5042	36.4968	36.4806	36.4823	36.4664	36.4678	36.4666	36.4463	36.439	36.4118	36.4062	36.4136	36.3969	36.3981	36.3803	36.3859	36.3537	36.3534	36.345	36.3278	36.3242	36.3261	36.3098	36.3148	36.3	36.2999	36.2912	36.2678	36.265	36.2574	36.2358	36.2302	36.2343	36.215	36.1919	36.1819	36.1689	36.1703	36.1594	36.1473	36.1336	36.1219	36.1135	36.0659	36.071	36.1111	36.0673	36.0598	36.0795	36.0617	36.0255	36.0389	36.0023	35.9818	35.9804	35.9939	35.9742	35.9877	35.9863	35.9251	35.9227	35.9342	35.917	35.9042	35.8696	35.9009	35.8972	35.8549	35.8138	35.8391	35.8621	35.782	35.7858	35.7745	35.7918	35.85	35.7868	35.7332	35.7258	35.7494	35.7687	35.6789	35.6594	35.6864	35.6742	35.6284	35.6338	35.6464	35.5971	35.6038	35.609	35.5946	35.5869	35.5346	35.5032	35.5703	35.5272	35.5481	35.5809	35.4995	35.4773	35.5112	35.5132	35.4808	35.4144	35.4564	35.3758	35.3883	35.3855	35.3385	35.2511	35.2122	35.1997	35.1684	35.104	35.1692	35.2571	35.2809	35.0564	35.0886	35.2883	35.2655	35.439	36.2252
Tzo-AMvi_039_Ex1_L4_fastp	36.6171	36.6152	36.6676	36.6666	36.6896	36.6875	36.6759	36.6655	36.6593	36.6725	36.6601	36.6469	36.6345	36.6369	36.6366	36.6225	36.6287	36.619	36.6087	36.5939	36.6009	36.5891	36.5742	36.5719	36.5497	36.5315	36.5271	36.5186	36.5042	36.5032	36.4895	36.4892	36.4909	36.4697	36.4666	36.4399	36.4348	36.4407	36.4193	36.4251	36.402	36.4069	36.3744	36.3766	36.3718	36.3543	36.3519	36.3565	36.3403	36.3417	36.3276	36.3273	36.3165	36.2893	36.2939	36.2842	36.2643	36.2635	36.2637	36.2515	36.2216	36.2115	36.1962	36.1986	36.1874	36.1753	36.1633	36.1512	36.1454	36.1026	36.1002	36.1373	36.0933	36.0876	36.1036	36.0878	36.0528	36.0733	36.0357	36.0172	36.0128	36.0218	36.0014	36.0144	36.0134	35.9489	35.9503	35.961	35.9437	35.9371	35.9025	35.9312	35.9227	35.879	35.835	35.8606	35.8843	35.8098	35.8137	35.8043	35.812	35.8737	35.8117	35.7521	35.7452	35.7626	35.7862	35.7084	35.6857	35.7113	35.7011	35.6578	35.6608	35.6736	35.6255	35.6265	35.6258	35.6183	35.6089	35.5596	35.518	35.5951	35.5509	35.5724	35.6009	35.5208	35.4944	35.5288	35.5333	35.5008	35.426	35.4742	35.3982	35.4081	35.3991	35.3484	35.2603	35.22	35.2164	35.1837	35.1164	35.1789	35.2696	35.2926	35.0669	35.1065	35.2885	35.2716	35.4447	36.2317
Tzo-AMvi_040_Ex1_L4_fastp	36.6269	36.618	36.6729	36.6701	36.6926	36.6891	36.6753	36.6658	36.6548	36.6705	36.658	36.6448	36.6334	36.6347	36.633	36.6193	36.626	36.6144	36.6047	36.5909	36.5976	36.5855	36.5699	36.5677	36.5435	36.525	36.5189	36.5099	36.4987	36.4977	36.4846	36.4831	36.4841	36.4615	36.454	36.4283	36.423	36.431	36.4117	36.4179	36.3968	36.4037	36.3706	36.3696	36.3637	36.3451	36.3417	36.3471	36.3303	36.3318	36.3178	36.3203	36.3105	36.284	36.2859	36.2768	36.2533	36.2501	36.2542	36.239	36.209	36.2022	36.1874	36.1917	36.1805	36.1667	36.151	36.1418	36.1312	36.0885	36.0887	36.1298	36.084	36.08	36.0988	36.078	36.0448	36.0593	36.022	36.0007	36.0	36.0115	35.991	36.0106	36.003	35.9453	35.9429	35.9528	35.9306	35.9255	35.8866	35.9217	35.9176	35.8699	35.8244	35.8513	35.8717	35.7933	35.7978	35.7905	35.8045	35.8647	35.7969	35.737	35.7286	35.7533	35.775	35.6879	35.6654	35.6968	35.6732	35.635	35.6407	35.654	35.604	35.6083	35.6106	35.5943	35.5939	35.5319	35.4949	35.5674	35.5183	35.5442	35.58	35.4988	35.4731	35.5125	35.5137	35.4761	35.4029	35.4481	35.3625	35.3717	35.3801	35.3221	35.2409	35.2022	35.1889	35.1587	35.0824	35.1483	35.2297	35.2546	35.0339	35.0664	35.2651	35.2448	35.4204	36.2171
Tzo-AMvi_041_Ex1_L4_fastp	36.6498	36.6317	36.6817	36.6783	36.6994	36.6966	36.6858	36.6741	36.6676	36.682	36.6699	36.6552	36.6448	36.647	36.6463	36.6342	36.6399	36.6288	36.6209	36.6054	36.614	36.6025	36.5882	36.5882	36.5654	36.5482	36.5412	36.5363	36.5214	36.5201	36.5067	36.5048	36.5071	36.4882	36.4836	36.4592	36.4539	36.462	36.4442	36.4498	36.4266	36.4357	36.4027	36.4014	36.3991	36.3844	36.3818	36.3863	36.3696	36.3678	36.3604	36.3554	36.3451	36.3229	36.3237	36.3214	36.3031	36.2991	36.2995	36.2843	36.2567	36.248	36.2353	36.2389	36.2279	36.2172	36.2052	36.1973	36.1925	36.1459	36.1468	36.184	36.1383	36.1361	36.1498	36.1362	36.1014	36.1175	36.0863	36.0686	36.0643	36.075	36.0531	36.0702	36.0635	36.0089	36.0057	36.0161	36.0008	35.9905	35.961	35.9905	35.988	35.9438	35.9003	35.9256	35.9475	35.8709	35.8798	35.8725	35.8807	35.9399	35.8823	35.8224	35.8105	35.836	35.8555	35.7785	35.7549	35.7871	35.7735	35.7381	35.7333	35.7537	35.6979	35.7064	35.7103	35.6932	35.6899	35.6396	35.6022	35.6684	35.6318	35.6566	35.6864	35.6068	35.5908	35.621	35.622	35.5905	35.5207	35.5741	35.496	35.5029	35.4979	35.4455	35.3581	35.3297	35.3243	35.2838	35.2191	35.2759	35.3696	35.4037	35.1762	35.2014	35.3941	35.3752	35.5263	36.2601
Tzo-AMvi_042_Ex1_L4_fastp	36.6425	36.6308	36.6809	36.6784	36.6974	36.6972	36.6841	36.6752	36.6627	36.6802	36.6676	36.6547	36.6443	36.6431	36.6418	36.6294	36.6342	36.6224	36.6148	36.6033	36.6088	36.5989	36.5866	36.5815	36.5598	36.5429	36.535	36.5269	36.5153	36.516	36.5039	36.503	36.5051	36.4828	36.4758	36.4512	36.4459	36.4534	36.4388	36.4441	36.4227	36.4302	36.3975	36.3989	36.3946	36.3738	36.3737	36.3774	36.3611	36.3639	36.3541	36.3515	36.3422	36.3179	36.3175	36.3117	36.2923	36.2887	36.2888	36.2767	36.2512	36.2426	36.2263	36.2318	36.2205	36.2115	36.1938	36.189	36.178	36.1357	36.137	36.1757	36.1316	36.1291	36.1466	36.125	36.0926	36.1129	36.0718	36.0591	36.0567	36.0645	36.0486	36.0657	36.0601	36.0073	36.0035	36.0135	35.993	35.9863	35.9501	35.9882	35.986	35.938	35.8983	35.9261	35.9437	35.8709	35.8754	35.8661	35.8758	35.941	35.8761	35.8229	35.8122	35.8309	35.8564	35.7714	35.7538	35.7842	35.7751	35.7317	35.7332	35.7454	35.705	35.7149	35.7134	35.6983	35.6932	35.6459	35.6071	35.672	35.6374	35.6603	35.689	35.6186	35.5994	35.6265	35.6305	35.5927	35.5377	35.5857	35.5039	35.5057	35.5131	35.4599	35.3797	35.3518	35.3364	35.3099	35.2404	35.3034	35.3927	35.4194	35.2024	35.2289	35.4221	35.3961	35.5528	36.2688
Tzo-AMvi_043_Ex1_L4_fastp	36.642	36.6254	36.6757	36.6718	36.6942	36.6899	36.6783	36.667	36.6601	36.675	36.6619	36.6462	36.6365	36.6368	36.6369	36.6246	36.6294	36.6186	36.6105	36.5932	36.6015	36.5897	36.5772	36.5753	36.5497	36.5314	36.5285	36.5188	36.5044	36.5024	36.4887	36.489	36.4897	36.4715	36.4644	36.4382	36.4328	36.4414	36.4228	36.4243	36.4022	36.4083	36.3772	36.3745	36.3735	36.3559	36.3561	36.3599	36.3414	36.3422	36.3273	36.326	36.3148	36.2897	36.2918	36.2861	36.2642	36.2648	36.2663	36.25	36.2189	36.2097	36.1945	36.1995	36.1866	36.1753	36.1626	36.1541	36.1512	36.1057	36.0997	36.1414	36.0961	36.0907	36.1079	36.0898	36.056	36.0768	36.0392	36.0221	36.0192	36.0301	36.0035	36.0218	36.0151	35.9548	35.957	35.9677	35.9496	35.941	35.9078	35.9366	35.9346	35.8841	35.8403	35.8653	35.8893	35.8138	35.8193	35.8098	35.8176	35.8794	35.8163	35.7528	35.7456	35.7644	35.7905	35.705	35.6808	35.7087	35.7016	35.6552	35.6593	35.6706	35.6199	35.6225	35.6273	35.6131	35.6044	35.5541	35.5156	35.5856	35.5441	35.5611	35.5979	35.5087	35.4881	35.5171	35.5221	35.4837	35.422	35.4669	35.3885	35.3953	35.3841	35.3245	35.2484	35.2114	35.1961	35.1662	35.0943	35.1605	35.2516	35.2753	35.0562	35.084	35.2709	35.2567	35.4251	36.2244
Tzo-AMvi_044_Ex1_L4_fastp	36.636	36.6238	36.6762	36.6715	36.6937	36.6913	36.6788	36.6671	36.6567	36.6721	36.6615	36.6488	36.6354	36.6352	36.6358	36.6228	36.6264	36.6152	36.607	36.5945	36.6008	36.5885	36.5744	36.5722	36.5471	36.5271	36.522	36.5162	36.5007	36.5048	36.4895	36.4889	36.4893	36.4705	36.4614	36.4348	36.4287	36.4378	36.4194	36.4247	36.4034	36.4117	36.3802	36.3787	36.3728	36.3544	36.3517	36.3549	36.3401	36.3442	36.3328	36.3314	36.3236	36.2962	36.2953	36.2869	36.2646	36.2631	36.2663	36.2497	36.2252	36.2152	36.2009	36.2043	36.1926	36.1813	36.166	36.1552	36.1453	36.1034	36.1031	36.145	36.1005	36.0984	36.114	36.0934	36.0582	36.0796	36.0388	36.0177	36.0158	36.0261	36.0035	36.0264	36.0245	35.9628	35.9564	35.9653	35.947	35.9346	35.9045	35.9343	35.9352	35.8865	35.847	35.8718	35.891	35.8137	35.8182	35.811	35.8192	35.8786	35.8137	35.7611	35.7487	35.7726	35.7909	35.706	35.6867	35.7154	35.7035	35.6596	35.6635	35.6783	35.629	35.6336	35.6387	35.624	35.6168	35.5581	35.5196	35.5949	35.5493	35.5708	35.5965	35.5125	35.5013	35.5273	35.5325	35.4994	35.4303	35.4813	35.3979	35.4102	35.4019	35.3484	35.2766	35.2342	35.2158	35.1857	35.1221	35.1812	35.2768	35.2961	35.0696	35.1004	35.2921	35.2787	35.4461	36.229
Tzo-AMvi_045_Ex1_L4_fastp	36.6399	36.6243	36.6754	36.6721	36.6946	36.6903	36.679	36.6667	36.6568	36.6746	36.6596	36.6457	36.6357	36.6348	36.6364	36.6213	36.6303	36.6166	36.6066	36.5924	36.5988	36.5889	36.5754	36.5733	36.5476	36.5292	36.5235	36.5147	36.4995	36.4996	36.4838	36.4836	36.4861	36.4678	36.4601	36.4359	36.4292	36.4395	36.418	36.4194	36.3984	36.4058	36.3735	36.3732	36.3694	36.3533	36.349	36.3533	36.3343	36.335	36.3271	36.3218	36.3075	36.2873	36.2885	36.2804	36.2617	36.2598	36.2595	36.241	36.2141	36.204	36.1887	36.1901	36.1806	36.1682	36.1589	36.1428	36.1402	36.0955	36.0906	36.1284	36.0871	36.0814	36.0958	36.0781	36.0488	36.0663	36.0244	36.011	36.0056	36.0126	35.9899	36.0032	36.0007	35.9391	35.9368	35.9483	35.9314	35.9242	35.8839	35.9136	35.9095	35.8663	35.8197	35.8423	35.8671	35.7907	35.7932	35.7848	35.7981	35.8543	35.7901	35.7292	35.7193	35.738	35.7584	35.6733	35.6547	35.6797	35.6661	35.6246	35.6293	35.6397	35.5891	35.5881	35.5937	35.5734	35.565	35.5155	35.486	35.5495	35.5053	35.5317	35.5616	35.4749	35.4565	35.4883	35.4863	35.4547	35.3859	35.4308	35.3533	35.3638	35.3465	35.2875	35.205	35.1728	35.1519	35.1119	35.0497	35.1139	35.2119	35.2446	35.0122	35.0459	35.2298	35.2193	35.3985	36.2147
Tzo-AMvi_046_Ex1_L4_fastp	36.6322	36.6205	36.6717	36.669	36.6913	36.6903	36.6769	36.6668	36.6566	36.6694	36.6593	36.6461	36.6354	36.6323	36.6327	36.6188	36.6273	36.6142	36.6043	36.5912	36.5973	36.5865	36.572	36.571	36.5425	36.5263	36.5194	36.5143	36.5004	36.4994	36.486	36.4872	36.4885	36.467	36.4622	36.4319	36.4275	36.4377	36.4192	36.4236	36.4046	36.411	36.3762	36.379	36.3757	36.356	36.3519	36.3575	36.3373	36.3397	36.3285	36.3287	36.3185	36.2914	36.2961	36.2853	36.2672	36.2638	36.2632	36.2495	36.2207	36.2164	36.2017	36.2061	36.1905	36.1811	36.1646	36.1558	36.149	36.1041	36.108	36.1496	36.1061	36.1038	36.1169	36.0995	36.0677	36.0812	36.0412	36.0252	36.0211	36.0346	36.0094	36.0316	36.023	35.9624	35.9662	35.972	35.9486	35.9436	35.9086	35.9394	35.94	35.8931	35.8493	35.8824	35.8974	35.8234	35.8267	35.8177	35.8215	35.8871	35.8221	35.7702	35.7665	35.7806	35.8011	35.7216	35.7006	35.7221	35.7113	35.6719	35.671	35.6868	35.6428	35.6384	35.6442	35.6266	35.6168	35.5742	35.5332	35.6024	35.5605	35.5761	35.6114	35.5314	35.5151	35.5515	35.552	35.5187	35.4558	35.4883	35.4212	35.43	35.4285	35.3797	35.3022	35.2715	35.2499	35.225	35.1666	35.2121	35.3044	35.3307	35.1073	35.1446	35.3294	35.3163	35.4843	36.2526
Tzo-AMvi_047_Ex1_L4_fastp	36.6322	36.6214	36.6704	36.6675	36.6888	36.685	36.6732	36.6612	36.6547	36.6706	36.6574	36.6444	36.6303	36.6325	36.6325	36.6204	36.6264	36.6146	36.6052	36.59	36.5982	36.586	36.5736	36.5698	36.5472	36.5264	36.5208	36.5131	36.4981	36.4972	36.4832	36.4828	36.4816	36.4639	36.4586	36.4324	36.4283	36.4374	36.4171	36.4216	36.3976	36.4022	36.3699	36.3689	36.3667	36.3468	36.3471	36.3474	36.3313	36.3331	36.3185	36.3153	36.3052	36.2795	36.282	36.2748	36.2563	36.2499	36.251	36.2338	36.2058	36.1947	36.1793	36.1805	36.1705	36.1574	36.1465	36.1348	36.1246	36.0791	36.0799	36.1142	36.0674	36.0649	36.0783	36.0542	36.0225	36.0359	35.9961	35.9757	35.9661	35.9723	35.9446	35.9588	35.9456	35.8817	35.8787	35.8905	35.8644	35.8483	35.815	35.8361	35.8257	35.7724	35.7275	35.7491	35.7619	35.6796	35.6862	35.6646	35.6761	35.733	35.6652	35.596	35.5817	35.5985	35.6167	35.5308	35.5116	35.5347	35.5175	35.4764	35.4783	35.4836	35.4312	35.4264	35.4381	35.4256	35.4122	35.3631	35.325	35.3869	35.3457	35.3641	35.3869	35.3068	35.2901	35.3137	35.3181	35.2859	35.21	35.2605	35.1811	35.1869	35.1833	35.1382	35.0496	35.0082	34.9907	34.9692	34.8954	34.9604	35.0543	35.0748	34.8483	34.8809	35.0863	35.0577	35.2592	36.1808
Tzo-AMvi_048_Ex1_L4_fastp	36.6255	36.6161	36.6673	36.6634	36.6846	36.686	36.6724	36.6611	36.6504	36.6641	36.6537	36.6419	36.6265	36.6259	36.6257	36.6127	36.6201	36.6103	36.6015	36.5871	36.5929	36.5855	36.5693	36.5668	36.5428	36.5253	36.52	36.5108	36.4996	36.5005	36.4869	36.4865	36.4862	36.4656	36.4565	36.4309	36.4236	36.435	36.4153	36.4231	36.4002	36.4091	36.3767	36.378	36.37	36.3512	36.3497	36.3537	36.3362	36.3429	36.3255	36.3255	36.3138	36.2885	36.2883	36.2836	36.2598	36.259	36.2605	36.2452	36.2113	36.2088	36.1922	36.1987	36.1857	36.174	36.1576	36.1481	36.1398	36.0943	36.0945	36.1324	36.0861	36.0849	36.1009	36.0796	36.0389	36.0604	36.0155	35.9934	35.9897	35.9904	35.9666	35.9874	35.9786	35.9156	35.9077	35.9145	35.8918	35.8785	35.8413	35.8675	35.8617	35.813	35.7705	35.7892	35.8037	35.7265	35.7248	35.7157	35.712	35.7673	35.7073	35.6472	35.6362	35.6526	35.6663	35.5867	35.5672	35.5886	35.5773	35.5333	35.5245	35.5434	35.4872	35.5	35.496	35.4791	35.4717	35.4234	35.3887	35.4513	35.4219	35.4343	35.4747	35.3869	35.3755	35.3931	35.3991	35.3742	35.3046	35.3467	35.2603	35.2656	35.2779	35.2195	35.1531	35.1069	35.0938	35.0718	35.0147	35.0733	35.1548	35.174	34.9519	34.9782	35.1712	35.151	35.3484	36.2099
Tzo-CMvi_006-Ex1_L4_fastp	36.545	36.5686	36.6328	36.6421	36.6801	36.6821	36.6665	36.6553	36.6495	36.6628	36.6585	36.6462	36.6355	36.6395	36.6355	36.622	36.632	36.6211	36.6113	36.5997	36.607	36.5956	36.5842	36.5843	36.5604	36.5443	36.541	36.5347	36.5235	36.5252	36.5129	36.5125	36.5136	36.4945	36.4894	36.4629	36.4593	36.4663	36.4476	36.4579	36.4347	36.4427	36.4131	36.4131	36.4072	36.3963	36.3904	36.3941	36.378	36.3813	36.373	36.3733	36.361	36.3385	36.3439	36.3321	36.3153	36.3127	36.3169	36.3037	36.2749	36.2688	36.2554	36.2593	36.2509	36.2417	36.2276	36.2168	36.2123	36.1654	36.1726	36.2034	36.1679	36.1661	36.1841	36.1636	36.1296	36.1459	36.1097	36.0926	36.0948	36.0979	36.0835	36.0978	36.0933	36.0364	36.0339	36.0416	36.0292	36.0182	35.9819	36.0124	36.0102	35.9701	35.9273	35.9537	35.9743	35.9022	35.9087	35.8977	35.9114	35.9656	35.9068	35.8466	35.8409	35.8619	35.8818	35.807	35.7836	35.8132	35.7993	35.7642	35.7662	35.7757	35.7311	35.7435	35.7393	35.7306	35.7252	35.6715	35.6441	35.7119	35.6703	35.6964	35.7213	35.6433	35.6304	35.6604	35.6675	35.6304	35.5723	35.6151	35.5456	35.5552	35.5513	35.5074	35.4397	35.4084	35.4041	35.3709	35.3162	35.367	35.456	35.4763	35.274	35.3116	35.4812	35.4658	35.6027	36.2868
Tzo-CMvi_007-Ex1_L4_fastp	36.5351	36.5716	36.6296	36.6412	36.678	36.6827	36.6686	36.6575	36.6506	36.6679	36.6642	36.6528	36.6399	36.6407	36.6419	36.628	36.638	36.625	36.6176	36.6015	36.6115	36.6012	36.5885	36.5892	36.5681	36.5522	36.5502	36.5453	36.5338	36.5327	36.521	36.5195	36.5227	36.5058	36.5022	36.4733	36.4696	36.479	36.4643	36.4693	36.4468	36.4531	36.425	36.423	36.4191	36.4082	36.4066	36.4115	36.3921	36.399	36.3853	36.3859	36.3732	36.3539	36.3537	36.3496	36.3339	36.3284	36.3327	36.3171	36.2909	36.2832	36.2701	36.2754	36.2653	36.2556	36.2421	36.233	36.2301	36.1837	36.1886	36.2233	36.1829	36.1804	36.1976	36.1728	36.1526	36.1669	36.1311	36.116	36.1154	36.1225	36.1022	36.1212	36.1157	36.0576	36.0585	36.066	36.0525	36.0445	36.0132	36.0407	36.033	35.9926	35.9534	35.9778	35.9964	35.9269	35.9409	35.9338	35.9409	35.9916	35.9314	35.8763	35.8717	35.8959	35.9145	35.8376	35.819	35.8485	35.8345	35.7988	35.8012	35.8123	35.7618	35.7757	35.7751	35.766	35.7577	35.7131	35.683	35.745	35.7073	35.7281	35.7625	35.6858	35.6732	35.697	35.6971	35.6733	35.6119	35.6547	35.5885	35.5977	35.6003	35.5497	35.4765	35.4462	35.4441	35.4127	35.359	35.4099	35.5053	35.5174	35.3139	35.351	35.5206	35.5036	35.6376	36.2974
Tzo-CMvi_011-Ex1_L4_fastp	36.5307	36.5627	36.6293	36.6449	36.6795	36.6799	36.6682	36.6611	36.6534	36.6727	36.6643	36.6506	36.6411	36.6418	36.6442	36.6332	36.6388	36.6278	36.6193	36.6044	36.6133	36.6045	36.5912	36.5915	36.5699	36.5567	36.552	36.5463	36.5323	36.5342	36.5212	36.5237	36.526	36.506	36.5028	36.4771	36.4734	36.4804	36.4623	36.4711	36.448	36.455	36.4251	36.4236	36.4189	36.405	36.4093	36.411	36.3941	36.3935	36.3846	36.3815	36.369	36.3484	36.3522	36.3449	36.3255	36.3252	36.3251	36.3095	36.2841	36.2754	36.2614	36.2602	36.2508	36.2453	36.2317	36.2234	36.2158	36.1738	36.1753	36.2082	36.1691	36.1684	36.1859	36.161	36.1327	36.1495	36.1133	36.101	36.1003	36.1076	36.0874	36.1035	36.0915	36.0394	36.0322	36.0486	36.0292	36.0258	35.9905	36.0197	36.0137	35.9678	35.933	35.953	35.973	35.8991	35.9039	35.9017	35.913	35.964	35.9031	35.8492	35.8465	35.8633	35.8836	35.8059	35.7853	35.8162	35.8044	35.7704	35.7704	35.7816	35.7316	35.7406	35.7459	35.7274	35.7243	35.6789	35.6472	35.7133	35.673	35.6913	35.7227	35.6484	35.6301	35.6625	35.6624	35.6315	35.5772	35.6255	35.5563	35.5628	35.5574	35.5114	35.4395	35.4093	35.4123	35.3635	35.3177	35.3778	35.4626	35.4891	35.2743	35.3203	35.4943	35.4675	35.6061	36.29
Tzo-CMvi_012-Ex1_L4_fastp	36.5897	36.5931	36.6454	36.652	36.6866	36.6877	36.6728	36.6644	36.653	36.6731	36.6648	36.6498	36.6409	36.6403	36.6425	36.6305	36.6372	36.6266	36.6188	36.6042	36.6126	36.6027	36.5889	36.5904	36.5693	36.5526	36.5501	36.5403	36.5278	36.5284	36.5168	36.5169	36.5206	36.5	36.498	36.4706	36.4659	36.4761	36.4587	36.463	36.4413	36.4482	36.421	36.4215	36.4152	36.4032	36.4004	36.4046	36.3886	36.3898	36.3795	36.3819	36.3694	36.3456	36.3443	36.3405	36.3251	36.3212	36.323	36.3109	36.2833	36.2728	36.2623	36.2644	36.2569	36.2467	36.2358	36.2261	36.2209	36.1803	36.179	36.2152	36.1733	36.1689	36.1849	36.1622	36.1378	36.156	36.1159	36.1049	36.0984	36.1074	36.0898	36.1043	36.0994	36.043	36.043	36.0561	36.037	36.0275	35.9993	36.0278	36.0183	35.9765	35.9374	35.9607	35.9799	35.9099	35.9192	35.9104	35.9243	35.9773	35.9212	35.859	35.8557	35.8778	35.8945	35.8207	35.8019	35.8294	35.816	35.7828	35.7818	35.7942	35.7492	35.7575	35.762	35.7479	35.7424	35.6958	35.661	35.7326	35.6929	35.7141	35.7412	35.6661	35.6524	35.6818	35.685	35.6546	35.5933	35.641	35.5683	35.5797	35.5726	35.5301	35.4573	35.4204	35.4167	35.3869	35.3266	35.3859	35.4724	35.503	35.2937	35.3243	35.494	35.4755	35.6159	36.2943
Tzo-CMvi_013-Ex1_L4_fastp	36.5166	36.5619	36.6315	36.6394	36.6804	36.68	36.6666	36.6572	36.6498	36.6675	36.6589	36.6487	36.6379	36.6382	36.6399	36.6277	36.633	36.6227	36.617	36.6027	36.61	36.6	36.5904	36.5878	36.5621	36.5508	36.5471	36.5372	36.5249	36.5267	36.5157	36.5163	36.5153	36.4973	36.4957	36.466	36.4636	36.4708	36.455	36.4601	36.4395	36.4473	36.4166	36.4166	36.4112	36.3985	36.3964	36.3993	36.3803	36.3835	36.3728	36.3731	36.3654	36.3411	36.3436	36.3353	36.3189	36.3141	36.3159	36.3034	36.2778	36.2674	36.2545	36.259	36.2491	36.2361	36.2251	36.2126	36.2046	36.1649	36.1658	36.2017	36.161	36.1578	36.1786	36.1571	36.127	36.1439	36.1052	36.0865	36.0875	36.0931	36.0744	36.0899	36.0834	36.0261	36.0263	36.0336	36.0143	36.0094	35.9732	36.0024	35.9955	35.9557	35.9168	35.9399	35.9541	35.8876	35.8895	35.8832	35.8975	35.946	35.8845	35.8281	35.8232	35.8486	35.8637	35.7855	35.7644	35.791	35.7798	35.7428	35.7401	35.7495	35.7035	35.7108	35.7161	35.7001	35.6923	35.6452	35.6104	35.6789	35.6334	35.6581	35.689	35.6141	35.5984	35.624	35.6231	35.598	35.5375	35.582	35.5102	35.5173	35.5184	35.4714	35.3967	35.3654	35.361	35.3298	35.2704	35.3297	35.4183	35.4431	35.2359	35.2734	35.4432	35.4253	35.5708	36.2775
Tzo-CMvi_015-Ex1_L4_fastp	36.4593	36.5247	36.6092	36.6237	36.6673	36.6668	36.6553	36.6508	36.6414	36.6561	36.6505	36.6388	36.6318	36.6362	36.6346	36.6218	36.629	36.6199	36.6105	36.5954	36.6048	36.5923	36.5826	36.5817	36.5597	36.544	36.5414	36.5317	36.52	36.5211	36.5114	36.5122	36.5126	36.4921	36.4892	36.4598	36.4558	36.4651	36.4506	36.4535	36.4348	36.4406	36.4149	36.413	36.4083	36.3905	36.3859	36.3898	36.3722	36.3759	36.3703	36.3697	36.3561	36.3362	36.3364	36.3263	36.3076	36.3051	36.3057	36.2905	36.2639	36.2547	36.2465	36.2501	36.2385	36.2291	36.2134	36.2039	36.1944	36.1479	36.1543	36.1923	36.1517	36.1527	36.1713	36.1485	36.1201	36.1361	36.0889	36.0782	36.0743	36.0809	36.0641	36.0815	36.0744	36.0202	36.0192	36.0254	36.0063	35.9961	35.9593	35.9935	35.9859	35.9463	35.9072	35.9346	35.9502	35.8773	35.8832	35.8743	35.8852	35.9363	35.8748	35.8212	35.8158	35.8383	35.8555	35.7771	35.7552	35.7841	35.7695	35.7326	35.731	35.7447	35.6951	35.7039	35.7043	35.6922	35.6834	35.636	35.606	35.6683	35.6331	35.6523	35.6805	35.6026	35.5958	35.625	35.628	35.5949	35.5325	35.575	35.5061	35.5161	35.509	35.4679	35.3964	35.3589	35.3579	35.3259	35.2599	35.3253	35.4196	35.4334	35.227	35.2661	35.4365	35.422	35.5717	36.2696
Tzo-CMvi_016-Ex1_L4_fastp	36.5705	36.5795	36.6379	36.6428	36.6777	36.6779	36.6633	36.6538	36.6451	36.6607	36.6537	36.6425	36.6313	36.6337	36.6304	36.6182	36.6257	36.6163	36.607	36.5943	36.6018	36.5925	36.5801	36.58	36.5602	36.5411	36.5392	36.5304	36.518	36.5175	36.5068	36.5056	36.5091	36.49	36.4851	36.4576	36.4571	36.4663	36.4466	36.4552	36.4312	36.4376	36.4072	36.4111	36.407	36.3913	36.3898	36.3947	36.3795	36.3812	36.3702	36.37	36.358	36.3355	36.337	36.332	36.3157	36.3136	36.3168	36.3023	36.2765	36.2656	36.2527	36.2536	36.2419	36.2351	36.2218	36.2149	36.2084	36.1701	36.1713	36.2051	36.1631	36.1595	36.1752	36.1542	36.1236	36.1416	36.109	36.092	36.0908	36.0975	36.0787	36.0938	36.0869	36.0291	36.0291	36.0411	36.0269	36.0184	35.9857	36.0147	36.0091	35.9683	35.9265	35.9493	35.9676	35.9007	35.9057	35.9	35.9121	35.9668	35.9085	35.8521	35.8433	35.8646	35.8836	35.8116	35.7859	35.8158	35.8059	35.7727	35.7714	35.7852	35.7384	35.7472	35.7454	35.7349	35.7283	35.6864	35.653	35.7196	35.684	35.6997	35.7323	35.6565	35.6447	35.6733	35.6695	35.6443	35.5852	35.6305	35.5597	35.572	35.5723	35.5228	35.4511	35.4167	35.4189	35.3806	35.3283	35.385	35.4708	35.499	35.2926	35.3243	35.4926	35.472	35.6129	36.2899
Tzo-CMvi_018-Ex1_L4_fastp	36.4636	36.521	36.6084	36.6219	36.6673	36.6692	36.6598	36.6569	36.6466	36.663	36.6592	36.6469	36.6333	36.6373	36.6413	36.6267	36.6363	36.6235	36.6171	36.6016	36.6113	36.6013	36.5888	36.5894	36.5643	36.5512	36.5476	36.5368	36.5221	36.5241	36.5177	36.5221	36.5193	36.5002	36.5032	36.4711	36.4691	36.4749	36.4587	36.4629	36.4434	36.4494	36.4184	36.422	36.4182	36.4037	36.3981	36.4073	36.3888	36.3902	36.3759	36.3804	36.3667	36.3438	36.347	36.3368	36.3238	36.3198	36.3207	36.3072	36.2757	36.2655	36.2517	36.2556	36.2464	36.237	36.2304	36.2157	36.2039	36.1706	36.1667	36.1998	36.1621	36.1609	36.1702	36.1586	36.1292	36.1447	36.1017	36.0898	36.0935	36.0977	36.0812	36.0953	36.0825	36.0286	36.0281	36.0333	36.017	36.0157	35.9771	36.0105	36.0042	35.9557	35.9199	35.9395	35.962	35.887	35.8926	35.8855	35.8972	35.9479	35.8882	35.8376	35.8256	35.8509	35.8706	35.7927	35.7733	35.7984	35.7874	35.7514	35.7531	35.753	35.7109	35.7215	35.7211	35.7163	35.7007	35.6532	35.6274	35.6911	35.6474	35.6706	35.6993	35.6206	35.6057	35.6367	35.6388	35.6119	35.5532	35.5931	35.5159	35.5316	35.523	35.4809	35.4122	35.3729	35.3698	35.3402	35.2796	35.3442	35.44	35.4596	35.2397	35.2795	35.4612	35.4316	35.5721	36.2794
Tzo-CMvi_020-Ex1_L4_fastp	36.5225	36.5551	36.6253	36.6343	36.6708	36.6702	36.658	36.6497	36.6424	36.6584	36.6528	36.6419	36.63	36.6335	36.6312	36.6192	36.6275	36.6148	36.6065	36.5933	36.5994	36.5917	36.5786	36.5782	36.5564	36.5414	36.5388	36.5328	36.5154	36.5188	36.5077	36.5063	36.508	36.4916	36.4874	36.4613	36.457	36.4672	36.4494	36.4541	36.4307	36.4391	36.4112	36.4132	36.4054	36.3931	36.3895	36.3984	36.3794	36.3797	36.3699	36.3695	36.3603	36.3359	36.3361	36.3281	36.3127	36.3148	36.3146	36.302	36.2738	36.2669	36.2515	36.2536	36.2428	36.2345	36.2222	36.2132	36.2063	36.1662	36.1695	36.2043	36.1628	36.1596	36.1758	36.1568	36.1238	36.1469	36.1041	36.0933	36.0899	36.1	36.0787	36.0939	36.0876	36.0315	36.0272	36.0412	36.0231	36.0153	35.9797	36.0151	36.0089	35.9609	35.9232	35.9477	35.9661	35.892	35.8993	35.8998	35.9076	35.9635	35.904	35.846	35.8426	35.8566	35.8839	35.8042	35.7829	35.8117	35.7996	35.7673	35.7647	35.7799	35.7345	35.741	35.7424	35.7307	35.7268	35.6757	35.6444	35.7097	35.6737	35.6934	35.722	35.647	35.6415	35.6677	35.6655	35.638	35.5811	35.6255	35.5575	35.5677	35.5616	35.5181	35.4383	35.4105	35.4015	35.3767	35.3157	35.3791	35.4593	35.4878	35.2836	35.3181	35.4897	35.469	35.6066	36.2862
Tzo-CMvi_027-Ex1_L4_fastp	36.5077	36.5496	36.6207	36.6356	36.6744	36.6775	36.6641	36.6571	36.6478	36.6691	36.6615	36.6493	36.6338	36.6373	36.639	36.6255	36.6356	36.6239	36.6171	36.6022	36.6106	36.5985	36.5875	36.5844	36.5669	36.5517	36.5515	36.5408	36.5274	36.5294	36.518	36.5217	36.52	36.5011	36.4991	36.4728	36.4673	36.4796	36.462	36.4673	36.444	36.4517	36.4248	36.4199	36.4172	36.4052	36.4007	36.4091	36.3876	36.392	36.384	36.3829	36.3655	36.3462	36.352	36.3427	36.328	36.3276	36.3284	36.3132	36.2875	36.2747	36.2609	36.2685	36.2502	36.2478	36.2372	36.2278	36.2192	36.1787	36.1771	36.2095	36.1727	36.1668	36.1864	36.1637	36.1432	36.1561	36.1197	36.1062	36.1001	36.1079	36.09	36.1047	36.0973	36.0459	36.0423	36.0531	36.0351	36.036	35.9987	36.0279	36.0181	35.977	35.9376	35.9639	35.9828	35.9138	35.9218	35.9117	35.9233	35.9784	35.9182	35.8666	35.8531	35.8763	35.8917	35.8173	35.8001	35.829	35.8139	35.7789	35.7794	35.7836	35.7455	35.7428	35.7497	35.7396	35.7462	35.6868	35.6578	35.7231	35.6865	35.7126	35.737	35.6527	35.6446	35.6804	35.6812	35.6563	35.5857	35.634	35.5549	35.5689	35.5771	35.5283	35.4651	35.4246	35.4231	35.3915	35.333	35.3885	35.4769	35.4959	35.2904	35.3271	35.5032	35.4828	35.6287	36.293
Tzo-CMvi_029-Ex1_L4_fastp	36.5143	36.5547	36.6258	36.6391	36.6801	36.6811	36.6687	36.6606	36.6541	36.6699	36.6677	36.6539	36.6427	36.6446	36.6455	36.6326	36.6416	36.6308	36.624	36.6107	36.6168	36.6068	36.5953	36.5959	36.5735	36.5602	36.5574	36.5517	36.5375	36.5379	36.5271	36.5291	36.5288	36.509	36.5083	36.4838	36.4766	36.4892	36.4706	36.4772	36.457	36.4623	36.4353	36.4341	36.4304	36.4143	36.4151	36.421	36.4004	36.404	36.3954	36.3935	36.3788	36.3579	36.361	36.3585	36.3387	36.3347	36.3369	36.328	36.2963	36.2855	36.275	36.2788	36.2673	36.2643	36.2518	36.2425	36.233	36.1974	36.1973	36.2302	36.1884	36.1858	36.2005	36.1852	36.1538	36.1724	36.1374	36.1208	36.1187	36.1306	36.1097	36.1202	36.1158	36.0633	36.0599	36.0662	36.0483	36.049	36.0135	36.0452	36.034	35.9974	35.9568	35.9781	36.0001	35.9277	35.9359	35.9297	35.9445	35.9947	35.9372	35.8857	35.876	35.8989	35.9165	35.8429	35.8235	35.8513	35.8382	35.7995	35.8029	35.8129	35.7668	35.7751	35.7777	35.7681	35.7652	35.7215	35.6889	35.752	35.7143	35.7401	35.7627	35.6863	35.6791	35.7051	35.7126	35.6837	35.6256	35.6653	35.5974	35.6073	35.6027	35.5567	35.4883	35.4543	35.4511	35.421	35.3646	35.4229	35.5108	35.5333	35.3241	35.3624	35.5333	35.5109	35.6415	36.2989
Tzo-CMvi_030-Ex1_L4_fastp	36.4556	36.5133	36.6004	36.6146	36.6612	36.6651	36.6507	36.6461	36.641	36.6561	36.6492	36.638	36.6225	36.626	36.6261	36.6155	36.6227	36.6135	36.6065	36.5924	36.599	36.5905	36.5758	36.5713	36.5511	36.5361	36.5351	36.5306	36.5146	36.5165	36.507	36.5049	36.5028	36.4839	36.4803	36.4532	36.4526	36.46	36.4471	36.4493	36.4285	36.437	36.4044	36.4053	36.3991	36.3824	36.3836	36.3873	36.3716	36.3729	36.3674	36.3661	36.3504	36.3264	36.3285	36.3228	36.3046	36.3016	36.3072	36.2929	36.264	36.2565	36.247	36.2468	36.2315	36.2238	36.2143	36.2009	36.1995	36.1556	36.1615	36.1882	36.1501	36.1485	36.1658	36.1469	36.1126	36.1321	36.0911	36.0818	36.0797	36.0887	36.0673	36.0812	36.0837	36.0209	36.0181	36.0227	36.0096	36.0044	35.9642	35.9965	35.9893	35.9453	35.9098	35.9321	35.9509	35.8787	35.882	35.8782	35.8909	35.9466	35.8829	35.8242	35.8203	35.844	35.8612	35.7853	35.7603	35.7873	35.7781	35.7403	35.747	35.7576	35.7088	35.7135	35.7117	35.7071	35.6972	35.6373	35.6156	35.6805	35.6494	35.6628	35.6911	35.6082	35.5963	35.6239	35.6299	35.5968	35.5429	35.5903	35.5147	35.5245	35.5232	35.471	35.4008	35.3655	35.3616	35.3313	35.271	35.3286	35.4268	35.4446	35.235	35.2675	35.4495	35.4298	35.566	36.2757
Tzo-CMvi_031-Ex1_L4_fastp	36.4901	36.5313	36.6086	36.6246	36.6712	36.6749	36.6563	36.6541	36.6457	36.6653	36.6589	36.6454	36.6305	36.6374	36.6349	36.6234	36.6294	36.6201	36.6123	36.5982	36.606	36.5968	36.5854	36.5876	36.5617	36.5482	36.5457	36.5426	36.5271	36.5261	36.5125	36.5152	36.5192	36.5022	36.5008	36.4665	36.4707	36.4726	36.4599	36.472	36.4478	36.4492	36.4176	36.4219	36.4147	36.4008	36.403	36.4072	36.3843	36.3884	36.3817	36.3789	36.3697	36.3488	36.3543	36.3488	36.3226	36.3214	36.332	36.3116	36.2799	36.2707	36.2603	36.2638	36.2534	36.2459	36.2348	36.2268	36.2257	36.1804	36.1895	36.2158	36.1723	36.1692	36.1931	36.1655	36.1473	36.1616	36.1182	36.1136	36.1031	36.1108	36.0965	36.1045	36.095	36.0475	36.044	36.057	36.041	36.0328	36.0056	36.0368	36.0241	35.9765	35.9475	35.9656	35.9776	35.9119	35.9217	35.9128	35.9249	35.9713	35.9202	35.8672	35.867	35.8779	35.9024	35.8241	35.7985	35.8347	35.8168	35.7901	35.7903	35.8054	35.7591	35.7653	35.7637	35.7616	35.7497	35.7035	35.6745	35.7396	35.6938	35.7139	35.7488	35.6659	35.656	35.6844	35.6886	35.6586	35.6011	35.6481	35.5832	35.5972	35.5906	35.5452	35.4698	35.4315	35.4253	35.4023	35.3417	35.398	35.4898	35.5196	35.3061	35.342	35.5191	35.4989	35.6321	36.2883
Tzo-CMvi_033-Ex1_L4_fastp	36.4448	36.5138	36.5842	36.606	36.6526	36.6592	36.6469	36.6371	36.634	36.6506	36.6437	36.6358	36.6264	36.6262	36.6257	36.6132	36.6212	36.6094	36.601	36.588	36.5945	36.5858	36.5746	36.5749	36.5522	36.5372	36.5342	36.5258	36.5122	36.5156	36.5023	36.5046	36.5032	36.4855	36.4835	36.4569	36.4547	36.4665	36.4454	36.4489	36.4326	36.4362	36.4096	36.4118	36.4028	36.3883	36.3866	36.3975	36.3729	36.3786	36.3741	36.3692	36.3564	36.329	36.3337	36.3239	36.3102	36.3081	36.3091	36.2969	36.2704	36.2603	36.2504	36.2539	36.2406	36.2275	36.2182	36.2066	36.2031	36.1591	36.1638	36.2003	36.1543	36.1527	36.1692	36.1507	36.1215	36.1371	36.1013	36.0848	36.0799	36.0928	36.0746	36.0858	36.0832	36.0272	36.0225	36.0338	36.0174	36.0139	35.9823	36.0143	36.0057	35.9549	35.923	35.9453	35.9622	35.8926	35.898	35.8925	35.9112	35.9642	35.9062	35.8506	35.8322	35.8617	35.8807	35.7935	35.785	35.8081	35.8002	35.7646	35.7632	35.7766	35.7315	35.73	35.7412	35.7273	35.7298	35.6762	35.6483	35.7142	35.6771	35.7009	35.7239	35.6518	35.637	35.6619	35.6757	35.6426	35.5903	35.6252	35.5573	35.5683	35.5632	35.5179	35.4441	35.4132	35.4124	35.3707	35.3198	35.3748	35.4681	35.4894	35.2808	35.3155	35.4977	35.4763	35.615	36.2867
Tzo-CMvi_035-Ex1_L4_fastp	36.5601	36.5731	36.6338	36.6394	36.6763	36.6768	36.661	36.651	36.644	36.6606	36.6536	36.6438	36.6321	36.6341	36.631	36.6208	36.6304	36.6189	36.6105	36.5954	36.6051	36.5956	36.5832	36.5827	36.5603	36.5452	36.5439	36.5356	36.5238	36.5251	36.5123	36.5142	36.5145	36.4975	36.4934	36.4662	36.4647	36.4736	36.4564	36.4632	36.4435	36.4492	36.4214	36.42	36.4162	36.404	36.4006	36.4066	36.3893	36.3912	36.3833	36.385	36.3704	36.3484	36.3488	36.3458	36.3269	36.3244	36.328	36.315	36.2898	36.2803	36.271	36.2731	36.2602	36.2521	36.2392	36.2304	36.2261	36.1867	36.1886	36.2209	36.1818	36.1809	36.1984	36.1769	36.1469	36.1665	36.1296	36.114	36.1171	36.1228	36.1036	36.1178	36.1131	36.0599	36.057	36.0667	36.0534	36.0495	36.0121	36.042	36.0393	35.9968	35.9601	35.9781	36.0005	35.9327	35.9417	35.9322	35.9419	35.9958	35.9381	35.8903	35.8815	35.9044	35.9219	35.8474	35.8274	35.8532	35.8421	35.8056	35.8085	35.8204	35.7766	35.783	35.7901	35.7755	35.7704	35.7244	35.6934	35.7574	35.7259	35.7446	35.7718	35.6986	35.6925	35.7194	35.7144	35.6922	35.6357	35.6797	35.6066	35.6224	35.6178	35.5717	35.5029	35.4704	35.465	35.4327	35.3763	35.4328	35.5189	35.547	35.3446	35.3757	35.5459	35.5221	35.6525	36.3038
Tzo-CMvi_038-Ex1_L4_fastp	36.5699	36.5869	36.6471	36.6527	36.6886	36.6907	36.6749	36.6622	36.6559	36.6728	36.6637	36.6544	36.6411	36.6443	36.6421	36.6301	36.6382	36.6282	36.6195	36.6039	36.6114	36.6015	36.591	36.59	36.5685	36.553	36.5496	36.5429	36.528	36.5289	36.5195	36.52	36.5186	36.5042	36.5016	36.4707	36.4691	36.4771	36.4599	36.4656	36.4457	36.4515	36.4249	36.4226	36.4187	36.4033	36.4015	36.4079	36.3892	36.3932	36.3827	36.383	36.3712	36.3508	36.3494	36.3428	36.3257	36.3249	36.3259	36.3128	36.2857	36.2768	36.2642	36.2683	36.2597	36.251	36.2373	36.2255	36.2201	36.178	36.1816	36.216	36.1732	36.1718	36.1917	36.1672	36.1399	36.1584	36.1183	36.1054	36.0992	36.1095	36.0931	36.1079	36.1019	36.048	36.0404	36.0518	36.0368	36.0298	35.9938	36.021	36.0184	35.9756	35.9379	35.9644	35.9805	35.9088	35.9124	35.9073	35.9197	35.9712	35.9109	35.8606	35.8514	35.8697	35.8916	35.8164	35.7915	35.8223	35.8013	35.7697	35.7693	35.7822	35.7375	35.7435	35.748	35.7361	35.7321	35.6825	35.6523	35.7146	35.6788	35.6978	35.7335	35.6544	35.6466	35.6731	35.6759	35.6494	35.5873	35.6305	35.5576	35.5719	35.5648	35.5228	35.458	35.4148	35.4132	35.3849	35.3268	35.3834	35.4709	35.4951	35.2856	35.3215	35.4988	35.4741	35.6119	36.2872
Tzo-CMvi_040-Ex1_L4_fastp	36.4773	36.5309	36.6114	36.6213	36.6655	36.6699	36.6545	36.6481	36.642	36.6593	36.6547	36.6414	36.6274	36.6293	36.6302	36.6186	36.6266	36.6182	36.6114	36.5976	36.6058	36.5944	36.5845	36.5809	36.5583	36.5445	36.5423	36.5356	36.5244	36.5282	36.5161	36.5169	36.5157	36.4979	36.4958	36.4675	36.4647	36.4759	36.4595	36.4648	36.4455	36.4491	36.4209	36.4243	36.4175	36.4003	36.4026	36.4086	36.3901	36.3946	36.3839	36.3855	36.3774	36.3518	36.3514	36.3469	36.3299	36.3264	36.3317	36.3211	36.2966	36.284	36.2732	36.2716	36.2658	36.2527	36.2434	36.2312	36.2255	36.1881	36.1932	36.228	36.1876	36.1807	36.1985	36.1794	36.1465	36.166	36.1319	36.1159	36.1157	36.1246	36.1041	36.1226	36.1161	36.0582	36.0607	36.0657	36.0509	36.05	36.0128	36.0428	36.036	35.9963	35.9581	35.9797	35.9957	35.9311	35.9386	35.9335	35.9414	35.9986	35.9417	35.8884	35.8773	35.8982	35.9193	35.8436	35.8261	35.8492	35.8375	35.8059	35.8062	35.8207	35.7748	35.7825	35.7847	35.7671	35.7653	35.7194	35.688	35.7569	35.716	35.7402	35.7688	35.6893	35.6813	35.7107	35.7119	35.6877	35.628	35.6711	35.6021	35.6141	35.6117	35.5657	35.4986	35.4591	35.4519	35.4243	35.3679	35.425	35.5075	35.5347	35.3291	35.362	35.5346	35.5135	35.6437	36.2967
Tzo-CMvi_041-Ex1_L4_fastp	36.5216	36.5569	36.6221	36.6295	36.669	36.6712	36.6557	36.6477	36.6416	36.657	36.65	36.6367	36.6273	36.6306	36.6287	36.6167	36.6251	36.613	36.6038	36.5899	36.5997	36.59	36.5783	36.5752	36.5532	36.5373	36.5328	36.5253	36.5122	36.5134	36.5017	36.5047	36.5026	36.4858	36.4821	36.4565	36.4526	36.4608	36.4431	36.4486	36.4255	36.4331	36.401	36.403	36.4018	36.3844	36.3835	36.3877	36.3712	36.3737	36.3651	36.3605	36.3494	36.3279	36.3274	36.323	36.3017	36.3046	36.3069	36.2914	36.264	36.2562	36.2424	36.2439	36.2349	36.2227	36.2086	36.2023	36.1963	36.156	36.156	36.1907	36.146	36.1453	36.1621	36.1388	36.1106	36.1292	36.091	36.0759	36.0731	36.0824	36.0597	36.0763	36.071	36.0134	36.0127	36.0197	36.0054	35.9986	35.9677	35.9983	35.9892	35.9429	35.9041	35.9268	35.9442	35.8744	35.8825	35.874	35.8884	35.9435	35.8789	35.8237	35.8169	35.8387	35.8568	35.7813	35.7617	35.7873	35.7773	35.7419	35.7435	35.7564	35.7083	35.7113	35.7155	35.704	35.6975	35.6545	35.6157	35.6853	35.6477	35.6698	35.6945	35.6206	35.61	35.6359	35.6369	35.6118	35.5472	35.5969	35.522	35.5311	35.5298	35.4838	35.4086	35.379	35.3709	35.3385	35.2852	35.3394	35.4287	35.4548	35.2424	35.2864	35.4553	35.435	35.5803	36.2759
Tzo-CMvi_042-Ex1_L4_fastp	36.513	36.5565	36.6271	36.6366	36.6773	36.6786	36.6652	36.6565	36.6475	36.6594	36.6532	36.6422	36.6305	36.6343	36.6362	36.6189	36.6278	36.6187	36.6082	36.5964	36.6013	36.5929	36.5806	36.5758	36.5576	36.5431	36.5428	36.5282	36.5207	36.524	36.5092	36.5134	36.5132	36.4943	36.4888	36.4596	36.4606	36.4676	36.4498	36.4551	36.4357	36.4416	36.4184	36.4181	36.4066	36.3919	36.3883	36.3954	36.3776	36.383	36.371	36.3687	36.3572	36.3417	36.3425	36.3296	36.3131	36.3135	36.312	36.298	36.2723	36.2645	36.2571	36.2606	36.2498	36.2383	36.226	36.2176	36.2106	36.1648	36.1692	36.207	36.1686	36.1657	36.1881	36.1642	36.1337	36.1464	36.1124	36.0921	36.095	36.1034	36.0832	36.1052	36.099	36.0493	36.0446	36.0495	36.0312	36.0233	35.9878	36.0205	36.0077	35.9717	35.9413	35.9642	35.9718	35.8987	35.9096	35.9007	35.9124	35.9637	35.9059	35.8547	35.8519	35.8736	35.8951	35.8242	35.7963	35.8256	35.8112	35.7683	35.7693	35.7868	35.7399	35.748	35.7587	35.7468	35.734	35.6838	35.6616	35.7216	35.6857	35.6985	35.7332	35.6625	35.6483	35.6725	35.6758	35.6486	35.5872	35.6319	35.5607	35.5708	35.5665	35.5147	35.4518	35.4189	35.4137	35.3925	35.3317	35.3865	35.4711	35.4912	35.2876	35.3256	35.507	35.4823	35.6197	36.2907
Tzo-CMvi_044-Ex1_L4_fastp	36.4975	36.549	36.6244	36.6369	36.6794	36.68	36.6681	36.6598	36.6519	36.6725	36.6655	36.6541	36.6424	36.6465	36.6435	36.6327	36.6415	36.6323	36.6214	36.6098	36.6172	36.6058	36.5983	36.5955	36.5737	36.5606	36.5566	36.5487	36.5351	36.5399	36.5243	36.5257	36.5261	36.5076	36.5063	36.4762	36.4747	36.4865	36.4666	36.4648	36.4497	36.4574	36.4279	36.4264	36.4226	36.4077	36.408	36.4095	36.3956	36.3946	36.3865	36.386	36.3715	36.3508	36.3513	36.3455	36.3326	36.3279	36.3286	36.3161	36.2913	36.2868	36.2703	36.2716	36.2598	36.2485	36.242	36.2322	36.219	36.1776	36.1823	36.2083	36.1723	36.1722	36.1874	36.1686	36.1377	36.1599	36.12	36.11	36.1032	36.1139	36.0872	36.1075	36.0987	36.0449	36.043	36.054	36.039	36.0294	35.998	36.0267	36.0217	35.9776	35.9373	35.958	35.9791	35.9133	35.9114	35.9131	35.9168	35.9717	35.908	35.8523	35.8481	35.8687	35.8881	35.8104	35.7942	35.8212	35.8123	35.7718	35.7702	35.7827	35.7381	35.7501	35.75	35.7391	35.7352	35.6875	35.6527	35.7126	35.6714	35.6974	35.7249	35.6515	35.6384	35.6704	35.6638	35.6393	35.5834	35.6248	35.5611	35.5645	35.5631	35.5186	35.4402	35.4084	35.4066	35.3743	35.3177	35.3791	35.4633	35.4855	35.2755	35.3163	35.4938	35.4608	35.6065	36.2887
Tzo-CMvi_045-Ex1_L4_fastp	36.4481	36.5197	36.5919	36.6099	36.6575	36.6668	36.6547	36.6459	36.6409	36.6565	36.6499	36.6396	36.6315	36.6329	36.6345	36.6208	36.6287	36.6219	36.6109	36.5944	36.6045	36.5948	36.5816	36.578	36.5621	36.5468	36.5441	36.5332	36.5232	36.5247	36.5138	36.5146	36.5151	36.4971	36.4931	36.4668	36.4669	36.4674	36.4564	36.4607	36.4391	36.4462	36.4125	36.4162	36.4135	36.3968	36.3971	36.4023	36.381	36.3833	36.3773	36.375	36.3616	36.3404	36.342	36.338	36.3208	36.3147	36.3179	36.302	36.2764	36.268	36.2589	36.26	36.2498	36.2434	36.2296	36.2224	36.2127	36.1748	36.1737	36.2056	36.1682	36.1621	36.1807	36.1645	36.1343	36.1494	36.1112	36.0882	36.0939	36.0997	36.0805	36.0988	36.0898	36.0359	36.0327	36.0427	36.0285	36.0209	35.9838	36.0145	36.0145	35.9619	35.9326	35.9547	35.9697	35.9011	35.908	35.9068	35.9136	35.9676	35.9094	35.8499	35.8425	35.8688	35.8859	35.8092	35.7904	35.8171	35.8031	35.7692	35.7698	35.7795	35.7345	35.7476	35.7458	35.738	35.7408	35.6819	35.6482	35.7202	35.6753	35.7017	35.7299	35.6616	35.6394	35.672	35.6765	35.6416	35.5883	35.6325	35.553	35.5702	35.5685	35.5244	35.4469	35.4229	35.4133	35.3792	35.3171	35.3782	35.467	35.4951	35.2807	35.313	35.4933	35.4812	35.6096	36.2862
Tzo-CMvi_046-Ex1_L4_fastp	36.5715	36.5878	36.6471	36.6549	36.692	36.6949	36.6781	36.6701	36.6598	36.6749	36.6713	36.658	36.649	36.6492	36.6507	36.6381	36.6444	36.6352	36.6277	36.6109	36.6187	36.6098	36.5979	36.5962	36.5751	36.559	36.5558	36.5491	36.536	36.5389	36.5269	36.527	36.5276	36.5084	36.5037	36.481	36.4764	36.4817	36.4662	36.4747	36.4518	36.4568	36.4315	36.4283	36.4275	36.4117	36.4098	36.4136	36.3975	36.3996	36.3878	36.3887	36.3783	36.355	36.3536	36.3499	36.3324	36.3306	36.3335	36.318	36.2891	36.2842	36.2737	36.277	36.2653	36.2547	36.2451	36.2349	36.2254	36.1895	36.1876	36.2223	36.1816	36.1778	36.1952	36.1767	36.1467	36.1626	36.1295	36.1125	36.1113	36.1162	36.1018	36.11	36.1087	36.0532	36.0526	36.0601	36.0473	36.0425	36.0084	36.0357	36.0291	35.9861	35.9484	35.9713	35.9887	35.9167	35.925	35.9161	35.9296	35.9802	35.9239	35.8641	35.8607	35.8806	35.903	35.8205	35.8037	35.8319	35.8206	35.7863	35.7903	35.8011	35.7493	35.7552	35.7603	35.7466	35.743	35.693	35.6623	35.7273	35.6901	35.7111	35.7411	35.6642	35.6509	35.6854	35.6808	35.6544	35.5917	35.6366	35.5744	35.5849	35.5811	35.5338	35.4654	35.4305	35.4225	35.3905	35.3337	35.3884	35.4807	35.5022	35.3025	35.3366	35.506	35.4839	35.6214	36.2964
Tzo-CMvi_047-Ex1_L4_fastp	36.5863	36.5875	36.6453	36.6516	36.6841	36.6853	36.6676	36.6592	36.6487	36.661	36.6549	36.6472	36.6342	36.636	36.6367	36.6231	36.6299	36.6198	36.6106	36.5972	36.606	36.5954	36.5813	36.5808	36.5592	36.5435	36.5414	36.5307	36.5193	36.5218	36.5095	36.5117	36.5125	36.4927	36.4866	36.4614	36.4556	36.4658	36.4473	36.4556	36.4344	36.4424	36.4129	36.4136	36.409	36.3922	36.3881	36.3914	36.376	36.3809	36.3736	36.3726	36.3636	36.342	36.346	36.3343	36.3101	36.3108	36.3105	36.3005	36.2747	36.2668	36.2567	36.2612	36.2485	36.2374	36.2233	36.2108	36.2049	36.1637	36.1687	36.2043	36.1644	36.1663	36.1837	36.1582	36.1339	36.15	36.107	36.0906	36.0887	36.0964	36.0797	36.1011	36.0905	36.0398	36.0359	36.0459	36.0275	36.0202	35.9833	36.0137	36.0086	35.9683	35.9352	35.9571	35.9776	35.9068	35.9147	35.9027	35.9106	35.9662	35.9103	35.8553	35.8526	35.8719	35.8941	35.8189	35.7957	35.8206	35.8077	35.7757	35.7693	35.784	35.7427	35.7511	35.753	35.7415	35.7365	35.6889	35.6534	35.7209	35.6811	35.7058	35.7357	35.6583	35.6497	35.6735	35.6773	35.6519	35.5938	35.6326	35.5643	35.5705	35.5743	35.5285	35.4562	35.4217	35.4219	35.3904	35.33	35.3878	35.4754	35.4954	35.2944	35.3276	35.5023	35.4763	35.6183	36.2945
Tzo-CMvi_048-Ex1_L4_fastp	36.5259	36.5595	36.6273	36.6346	36.6748	36.6733	36.66	36.6473	36.6437	36.6601	36.6536	36.6431	36.6298	36.6328	36.6338	36.62	36.6282	36.6174	36.6068	36.5933	36.6012	36.5909	36.5815	36.579	36.5585	36.5415	36.5384	36.5317	36.5168	36.5204	36.5069	36.5091	36.5096	36.4898	36.4854	36.4597	36.4576	36.465	36.4479	36.4534	36.4336	36.438	36.4103	36.4074	36.403	36.3898	36.3878	36.3957	36.376	36.3821	36.37	36.3681	36.359	36.3339	36.3357	36.3281	36.3113	36.3072	36.3103	36.2979	36.2721	36.2621	36.2518	36.2523	36.2441	36.2308	36.2215	36.2086	36.1998	36.1615	36.1659	36.1993	36.1581	36.1575	36.1733	36.152	36.1238	36.1396	36.1038	36.0896	36.0848	36.0925	36.0767	36.0899	36.084	36.0277	36.025	36.036	36.0151	36.0111	35.973	36.0071	35.9981	35.9535	35.9187	35.9389	35.9573	35.8864	35.8895	35.8825	35.8922	35.9519	35.8867	35.8289	35.8259	35.8476	35.8666	35.7888	35.772	35.7984	35.7825	35.7463	35.7469	35.76	35.7099	35.7182	35.72	35.7058	35.7007	35.6538	35.6188	35.683	35.6443	35.67	35.6967	35.6166	35.6067	35.6387	35.6371	35.6099	35.5541	35.5899	35.5253	35.535	35.533	35.4855	35.4145	35.3801	35.3721	35.3417	35.2857	35.3418	35.4295	35.4575	35.2508	35.2837	35.4585	35.4412	35.5813	36.2801
Tzo-CMvi_049-Ex1_L4_fastp	36.5077	36.5524	36.6267	36.6382	36.6777	36.6786	36.6617	36.6563	36.6516	36.6676	36.6597	36.6493	36.6358	36.6395	36.6392	36.6303	36.6358	36.6255	36.6169	36.6047	36.6117	36.6031	36.5897	36.5889	36.5664	36.5517	36.5478	36.5421	36.5294	36.5311	36.5175	36.522	36.5206	36.5013	36.4986	36.4719	36.4674	36.4813	36.4595	36.4668	36.4446	36.45	36.4219	36.4232	36.4175	36.4017	36.4001	36.4031	36.393	36.3908	36.3832	36.3808	36.3706	36.348	36.3503	36.3425	36.3246	36.3205	36.3259	36.3106	36.2806	36.2696	36.2646	36.2667	36.2568	36.2459	36.2326	36.2217	36.215	36.1724	36.1751	36.2072	36.1717	36.1712	36.1837	36.1654	36.1362	36.1528	36.1075	36.0967	36.0943	36.0987	36.0826	36.0995	36.0897	36.0374	36.0376	36.0453	36.0292	36.0211	35.985	36.0158	36.0108	35.9698	35.9303	35.9518	35.9694	35.903	35.9083	35.8964	35.9086	35.9624	35.905	35.8465	35.8356	35.8619	35.8825	35.8049	35.7857	35.8095	35.7967	35.7584	35.765	35.7745	35.7272	35.7385	35.7384	35.7289	35.7217	35.672	35.6426	35.7046	35.6641	35.6894	35.7188	35.6428	35.6358	35.6567	35.6682	35.6311	35.5703	35.6141	35.5455	35.5606	35.5604	35.5076	35.4351	35.4032	35.4001	35.3651	35.3097	35.3634	35.4531	35.4779	35.2786	35.3057	35.4831	35.4624	35.6161	36.282
Tzo-CMvi_050-Ex1_L4_fastp	36.5044	36.551	36.6208	36.6313	36.6728	36.6749	36.662	36.6542	36.6487	36.6633	36.6519	36.6447	36.6355	36.6332	36.634	36.6245	36.632	36.6204	36.6149	36.5941	36.603	36.5959	36.5861	36.5817	36.5605	36.547	36.5444	36.5358	36.5211	36.5224	36.5112	36.5109	36.5138	36.4958	36.4895	36.4605	36.4583	36.4674	36.447	36.4525	36.4325	36.439	36.408	36.413	36.4065	36.391	36.3919	36.3956	36.3754	36.3753	36.3689	36.3723	36.3561	36.3389	36.3409	36.3304	36.3158	36.3121	36.3123	36.2991	36.2738	36.2622	36.2491	36.2549	36.2473	36.2327	36.2238	36.2147	36.2106	36.1636	36.1655	36.2002	36.1616	36.1622	36.176	36.1559	36.1215	36.1451	36.1058	36.0898	36.0857	36.0965	36.0732	36.0925	36.0856	36.0331	36.0269	36.036	36.0223	36.0123	35.9783	36.0119	36.0045	35.9611	35.9216	35.9481	35.967	35.8916	35.9025	35.9016	35.906	35.9626	35.8985	35.8457	35.8387	35.8586	35.8802	35.8063	35.7806	35.809	35.7934	35.7609	35.7615	35.7802	35.7271	35.7387	35.7391	35.731	35.7204	35.6756	35.6437	35.709	35.6635	35.6937	35.7209	35.6486	35.6313	35.6605	35.6604	35.6402	35.5724	35.6165	35.5416	35.5579	35.5556	35.5086	35.4359	35.4045	35.398	35.3704	35.3084	35.3642	35.4526	35.4755	35.2643	35.3008	35.4815	35.463	35.6016	36.2829
Tzo-CMvi_051-Ex1_L4_fastp	36.5425	36.5712	36.634	36.642	36.6799	36.6803	36.6643	36.6594	36.651	36.6674	36.6615	36.6476	36.6335	36.6343	36.6334	36.6217	36.631	36.6223	36.6143	36.6008	36.6075	36.597	36.5844	36.5805	36.5592	36.5449	36.5435	36.5351	36.522	36.5246	36.513	36.515	36.5141	36.4951	36.488	36.4622	36.4605	36.4688	36.4552	36.4581	36.4386	36.4436	36.4137	36.4141	36.4113	36.3952	36.3909	36.3984	36.382	36.3816	36.3769	36.3717	36.3605	36.3367	36.3373	36.333	36.3142	36.3126	36.3165	36.3042	36.2759	36.2687	36.2557	36.2556	36.2459	36.2334	36.2236	36.2126	36.209	36.1659	36.1711	36.2029	36.1617	36.1597	36.1759	36.1546	36.1254	36.1413	36.1067	36.0903	36.091	36.0972	36.079	36.0937	36.0852	36.0326	36.0289	36.0356	36.0218	36.0154	35.9835	36.0123	36.0054	35.964	35.9265	35.9494	35.9657	35.8911	35.9001	35.8939	35.9068	35.958	35.9008	35.8441	35.8374	35.858	35.8774	35.8003	35.7794	35.8071	35.792	35.7597	35.7626	35.773	35.7265	35.7336	35.7317	35.7234	35.7222	35.6712	35.6384	35.708	35.6711	35.692	35.7198	35.6438	35.6311	35.6575	35.6609	35.6318	35.5769	35.6229	35.5485	35.5585	35.5615	35.5088	35.4405	35.4042	35.3991	35.3639	35.3096	35.3672	35.4581	35.4792	35.2744	35.3085	35.484	35.4618	35.6048	36.286
Tzo-CMvi_052-Ex1_L4_fastp	36.5748	36.5832	36.6352	36.6452	36.6826	36.6876	36.6726	36.6642	36.6555	36.6704	36.6638	36.6515	36.6408	36.6432	36.6429	36.6315	36.6375	36.6268	36.6193	36.6051	36.6122	36.6034	36.5911	36.5908	36.5713	36.5534	36.5502	36.543	36.5306	36.532	36.5217	36.5233	36.5215	36.5044	36.5004	36.4741	36.4719	36.478	36.4602	36.4673	36.4456	36.4528	36.4249	36.4233	36.4208	36.4066	36.4042	36.4086	36.3913	36.3944	36.3826	36.3834	36.3719	36.3489	36.3535	36.3457	36.3287	36.3268	36.3298	36.3159	36.2906	36.2822	36.2691	36.2708	36.2626	36.2494	36.2411	36.2284	36.2231	36.1814	36.1853	36.221	36.1792	36.1766	36.1927	36.1745	36.1433	36.1621	36.1242	36.1128	36.1048	36.1148	36.0954	36.1105	36.1044	36.0514	36.0466	36.0582	36.04	36.0343	36.0038	36.0295	36.0238	35.9816	35.9432	35.9662	35.9863	35.919	35.9216	35.9173	35.9249	35.981	35.9189	35.8668	35.8622	35.8795	35.8986	35.8237	35.8052	35.8329	35.8186	35.7856	35.7854	35.7961	35.7515	35.7548	35.7584	35.7482	35.7451	35.6957	35.6671	35.732	35.6926	35.716	35.7398	35.6641	35.6532	35.6784	35.6841	35.6562	35.5996	35.6405	35.5711	35.5855	35.5782	35.5342	35.4631	35.429	35.4224	35.392	35.3386	35.3953	35.4798	35.5074	35.2979	35.3397	35.5058	35.4821	35.618	36.2947
Tzo-CMvi_053-Ex1_L4_fastp	36.4274	36.4945	36.584	36.602	36.6519	36.6527	36.641	36.6375	36.6312	36.6488	36.647	36.6321	36.6172	36.6184	36.619	36.6079	36.62	36.6081	36.6018	36.5883	36.5933	36.5822	36.5722	36.5682	36.5498	36.5326	36.5331	36.5215	36.5113	36.5164	36.5056	36.5041	36.5057	36.4813	36.4793	36.4561	36.4511	36.4584	36.4447	36.449	36.4263	36.4293	36.4025	36.3931	36.3902	36.3785	36.3777	36.3867	36.3756	36.3727	36.3635	36.3647	36.3504	36.3293	36.3253	36.3199	36.3039	36.2995	36.3011	36.2889	36.266	36.2604	36.2432	36.25	36.2397	36.2242	36.2149	36.2063	36.2006	36.152	36.1612	36.1951	36.1489	36.1463	36.1649	36.1407	36.1109	36.1363	36.0957	36.0858	36.077	36.0861	36.0706	36.0787	36.0675	36.0207	36.0163	36.0222	36.0019	35.9941	35.9727	36.0009	35.9901	35.9491	35.9149	35.9308	35.9554	35.8792	35.8932	35.8821	35.8914	35.9454	35.891	35.836	35.82	35.8538	35.8689	35.7931	35.7655	35.7985	35.7828	35.7551	35.7457	35.7721	35.7256	35.7238	35.7204	35.7113	35.7091	35.6681	35.6106	35.6903	35.648	35.6794	35.702	35.6368	35.6244	35.6465	35.6479	35.6233	35.5616	35.6082	35.5356	35.5401	35.5344	35.4964	35.4236	35.3955	35.3899	35.3504	35.2898	35.3585	35.446	35.465	35.2538	35.2938	35.4651	35.4399	35.5952	36.2798
Tzo-CMvi_054-Ex1_L4_fastp	36.5478	36.5681	36.6233	36.637	36.6739	36.6797	36.6639	36.6529	36.646	36.6577	36.6529	36.6401	36.6329	36.6383	36.6335	36.6205	36.6266	36.6172	36.6107	36.5951	36.6025	36.5899	36.5803	36.5799	36.5575	36.5422	36.5383	36.5297	36.5181	36.5209	36.5086	36.5093	36.5113	36.4937	36.4889	36.4639	36.4559	36.4663	36.4464	36.4546	36.4341	36.4424	36.4133	36.4164	36.4126	36.3979	36.39	36.3941	36.3774	36.3855	36.3724	36.3743	36.3642	36.3422	36.3426	36.3353	36.3165	36.3181	36.316	36.3043	36.2799	36.2675	36.26	36.2637	36.2549	36.2434	36.2302	36.2187	36.2089	36.1702	36.1729	36.212	36.1711	36.1692	36.1878	36.1664	36.1363	36.1512	36.1093	36.0948	36.0966	36.101	36.0857	36.1045	36.1008	36.0465	36.0449	36.0511	36.035	36.0269	35.996	36.0241	36.0191	35.9806	35.9452	35.9677	35.9845	35.9162	35.9207	35.9106	35.9204	35.97	35.9161	35.8617	35.8569	35.8807	35.8991	35.8275	35.809	35.8336	35.8193	35.7852	35.7862	35.7982	35.7524	35.7631	35.765	35.7532	35.7534	35.7018	35.6636	35.735	35.6956	35.7191	35.7443	35.6707	35.6666	35.6867	35.6947	35.6619	35.606	35.6484	35.5788	35.588	35.5847	35.5423	35.4728	35.4374	35.4352	35.4079	35.3559	35.4024	35.4932	35.5155	35.3055	35.3479	35.5195	35.4973	35.6327	36.299
Tzo-CMvi_057-Ex1_L4_fastp	36.5473	36.5621	36.6279	36.6351	36.6747	36.6751	36.6609	36.6554	36.6463	36.6604	36.6558	36.6433	36.6292	36.6304	36.6295	36.6191	36.6283	36.6187	36.6126	36.5985	36.6041	36.5931	36.5807	36.5784	36.5579	36.5417	36.5412	36.5341	36.5215	36.5241	36.5111	36.5121	36.5129	36.4948	36.4896	36.4651	36.462	36.4685	36.4557	36.4606	36.4404	36.4475	36.4149	36.418	36.4138	36.3979	36.3953	36.4019	36.385	36.3899	36.3813	36.378	36.3661	36.3432	36.3461	36.34	36.3234	36.3208	36.325	36.3118	36.2854	36.2776	36.2617	36.2627	36.253	36.2475	36.2342	36.2243	36.2178	36.1789	36.1811	36.2157	36.1744	36.1762	36.1893	36.1659	36.138	36.1583	36.1207	36.105	36.1069	36.1114	36.0953	36.1084	36.1004	36.0455	36.0397	36.0513	36.0389	36.0312	35.9998	36.0321	36.0276	35.985	35.9447	35.9675	35.9886	35.9177	35.923	35.9171	35.9299	35.9834	35.9238	35.8724	35.8655	35.8877	35.9024	35.8275	35.808	35.8306	35.8263	35.7907	35.7942	35.803	35.76	35.769	35.7685	35.7582	35.7479	35.7025	35.6746	35.7412	35.7071	35.7248	35.7549	35.6782	35.667	35.6952	35.6974	35.6695	35.6115	35.6535	35.5845	35.5947	35.5939	35.5485	35.4729	35.4428	35.4347	35.4053	35.3475	35.4065	35.4892	35.5169	35.3154	35.3434	35.5147	35.4933	35.6304	36.2939
Tzo-CMvi_058-Ex1_L4_fastp	36.4771	36.524	36.5915	36.6099	36.6543	36.658	36.6464	36.6349	36.6334	36.6492	36.643	36.6356	36.6233	36.6255	36.6273	36.6138	36.6201	36.612	36.6042	36.5889	36.5966	36.5874	36.5787	36.5757	36.5533	36.5394	36.535	36.5298	36.5195	36.5162	36.5089	36.5076	36.5122	36.4939	36.4879	36.4602	36.46	36.4685	36.45	36.4569	36.4368	36.4395	36.4111	36.4114	36.4089	36.3925	36.3896	36.4007	36.3821	36.3808	36.3736	36.3727	36.3661	36.3412	36.3394	36.3365	36.3174	36.319	36.3141	36.3062	36.2734	36.2692	36.2589	36.2565	36.2558	36.2443	36.2225	36.2203	36.2136	36.1707	36.1778	36.2089	36.1722	36.171	36.1868	36.1659	36.1357	36.1598	36.1176	36.105	36.1037	36.1133	36.0925	36.1091	36.1088	36.043	36.0393	36.0552	36.0378	36.0374	36.0056	36.0315	36.0238	35.9847	35.9457	35.9753	35.9908	35.9153	35.9219	35.9188	35.9358	35.9796	35.9217	35.8674	35.8641	35.8828	35.9002	35.8242	35.8042	35.8345	35.8199	35.7914	35.7849	35.8019	35.7541	35.7616	35.7649	35.7552	35.7464	35.7	35.6711	35.7327	35.6958	35.7213	35.7499	35.6756	35.6598	35.6897	35.6899	35.6659	35.6054	35.6463	35.5798	35.5943	35.5847	35.5419	35.464	35.4339	35.4291	35.3985	35.3381	35.4046	35.492	35.5139	35.3036	35.3421	35.5092	35.4822	35.6284	36.2915
Tzo-CMvi_061-Ex1_L4_fastp	36.5209	36.5549	36.6258	36.6371	36.6754	36.6747	36.6614	36.6529	36.6435	36.6572	36.652	36.6411	36.6349	36.6364	36.6351	36.6225	36.631	36.6191	36.6124	36.5967	36.6057	36.5953	36.5839	36.5808	36.5622	36.5445	36.5448	36.5355	36.5211	36.5248	36.5109	36.515	36.5138	36.4941	36.4922	36.4654	36.4613	36.469	36.4549	36.4588	36.4367	36.445	36.4162	36.4194	36.4105	36.3959	36.3901	36.3964	36.3814	36.3859	36.376	36.3764	36.3638	36.3417	36.3435	36.3381	36.315	36.3114	36.3137	36.3035	36.2733	36.2674	36.2565	36.2616	36.2476	36.2394	36.2233	36.2148	36.2061	36.1638	36.1671	36.2048	36.1641	36.1654	36.1821	36.1623	36.1285	36.1468	36.108	36.0972	36.0863	36.0949	36.0786	36.1002	36.0956	36.0338	36.031	36.0421	36.0219	36.0137	35.9812	36.0144	36.0122	35.9686	35.932	35.9547	35.9734	35.9016	35.9084	35.8958	35.9054	35.9607	35.9039	35.8507	35.8444	35.8689	35.8839	35.8104	35.7875	35.8138	35.7947	35.7567	35.759	35.777	35.7314	35.7339	35.7378	35.7267	35.7209	35.673	35.6426	35.7031	35.6669	35.6883	35.7202	35.644	35.6353	35.6677	35.6667	35.6381	35.5835	35.6236	35.5495	35.5674	35.5514	35.5103	35.4405	35.4096	35.4005	35.3697	35.3111	35.3718	35.4609	35.4845	35.2724	35.3093	35.477	35.4696	35.6103	36.2851
Tzo-CMvi_063-Ex1_L4_fastp	36.5442	36.5673	36.6322	36.6373	36.6751	36.6741	36.6595	36.6476	36.6424	36.6605	36.6538	36.6424	36.6308	36.632	36.63	36.6182	36.6262	36.6157	36.6081	36.5939	36.6025	36.5935	36.5796	36.5787	36.5589	36.5415	36.5382	36.5308	36.5177	36.5207	36.5092	36.5087	36.5125	36.4931	36.4877	36.4623	36.4589	36.4697	36.4498	36.4578	36.4362	36.4418	36.4129	36.4134	36.4075	36.3934	36.3936	36.3967	36.3816	36.383	36.375	36.375	36.3641	36.3412	36.3449	36.338	36.3198	36.3187	36.3207	36.3058	36.2806	36.2733	36.2612	36.2631	36.2526	36.2435	36.2313	36.222	36.2163	36.1747	36.1774	36.2115	36.1678	36.1698	36.1861	36.1653	36.1373	36.1538	36.1167	36.1048	36.1013	36.1098	36.0928	36.1073	36.1027	36.0475	36.0443	36.0528	36.0355	36.0307	35.9969	36.03	36.0239	35.9822	35.9441	35.968	35.9861	35.9158	35.9238	35.9148	35.927	35.9799	35.9263	35.8719	35.8621	35.8835	35.9026	35.8267	35.8081	35.8331	35.8226	35.7869	35.7892	35.8026	35.7592	35.765	35.7691	35.7524	35.7512	35.701	35.67	35.7413	35.7043	35.7237	35.7535	35.6753	35.6666	35.6934	35.6973	35.6675	35.6076	35.6549	35.5842	35.5951	35.5947	35.551	35.4768	35.4435	35.4395	35.4088	35.3539	35.411	35.4999	35.5203	35.3141	35.3521	35.5256	35.5041	35.6368	36.2945
Tzo-CMvi_064-Ex1_L4_fastp	36.4845	36.5349	36.6174	36.624	36.6688	36.6648	36.6505	36.6434	36.6418	36.6579	36.6516	36.6425	36.6312	36.6337	36.6327	36.618	36.6274	36.6182	36.6108	36.5969	36.6056	36.5947	36.5845	36.5822	36.5607	36.5447	36.5434	36.5362	36.5248	36.5274	36.5173	36.5149	36.515	36.5001	36.4968	36.4677	36.463	36.4732	36.4593	36.4659	36.444	36.4484	36.4205	36.4226	36.4153	36.4022	36.3988	36.4082	36.3915	36.3898	36.3871	36.3857	36.3735	36.3502	36.3523	36.3425	36.3266	36.324	36.3296	36.3144	36.2908	36.2786	36.2707	36.2712	36.2594	36.2499	36.2402	36.2312	36.2212	36.1805	36.1865	36.2203	36.177	36.1781	36.1925	36.1733	36.1427	36.1621	36.1236	36.1068	36.1095	36.1177	36.0931	36.1117	36.1032	36.049	36.0476	36.0592	36.0432	36.039	36.0011	36.0359	36.0336	35.993	35.9506	35.9762	35.9932	35.9235	35.9273	35.925	35.9353	35.9843	35.9291	35.872	35.8677	35.8897	35.9098	35.8335	35.8103	35.8395	35.8236	35.7925	35.7904	35.8074	35.7586	35.7679	35.77	35.7584	35.7521	35.7021	35.6752	35.7434	35.6993	35.7279	35.7549	35.6763	35.6727	35.6963	35.6968	35.6677	35.6109	35.6558	35.588	35.5949	35.5931	35.5486	35.4747	35.4415	35.4346	35.4053	35.345	35.3991	35.4976	35.5214	35.3063	35.3482	35.5168	35.4952	35.6248	36.2894
Tzo-CMvi_065-Ex1_L4_fastp	36.5833	36.5883	36.6462	36.6522	36.686	36.687	36.674	36.6652	36.6561	36.6725	36.6651	36.6525	36.6411	36.6444	36.6436	36.6334	36.6404	36.629	36.6193	36.6059	36.6141	36.6045	36.5928	36.5902	36.5709	36.5533	36.5524	36.5445	36.5322	36.5321	36.5194	36.5238	36.5251	36.5062	36.5026	36.4751	36.4731	36.481	36.464	36.4702	36.4507	36.4545	36.4276	36.4288	36.4235	36.4113	36.4095	36.4124	36.3959	36.4002	36.3905	36.3894	36.376	36.3562	36.3564	36.352	36.3357	36.3326	36.3327	36.3216	36.2937	36.285	36.2754	36.2755	36.2667	36.2578	36.248	36.2393	36.2336	36.1904	36.192	36.2237	36.186	36.1856	36.2013	36.1807	36.1506	36.1697	36.1305	36.119	36.1195	36.1238	36.1027	36.122	36.1175	36.0613	36.0619	36.0715	36.0542	36.0468	36.0148	36.0446	36.0379	35.9966	35.958	35.9813	36.0007	35.933	35.9383	35.9294	35.9417	35.9939	35.9366	35.8854	35.8783	35.8986	35.9145	35.8427	35.8262	35.8497	35.8404	35.8025	35.804	35.8162	35.7719	35.7776	35.7818	35.7691	35.7636	35.7172	35.6836	35.7506	35.7156	35.7348	35.7666	35.6873	35.68	35.7078	35.7046	35.6744	35.6187	35.6672	35.5964	35.6072	35.6025	35.5578	35.4834	35.4538	35.4478	35.4172	35.3604	35.4143	35.5032	35.5268	35.3235	35.3539	35.5277	35.503	35.6405	36.2987
Tzo-CMvi_066-Ex1_L4_fastp	36.4998	36.5519	36.6256	36.6354	36.6744	36.6745	36.6615	36.6544	36.646	36.6602	36.6519	36.6432	36.6331	36.6371	36.6374	36.6211	36.6315	36.6202	36.6122	36.5985	36.6067	36.5954	36.5855	36.5828	36.5593	36.5439	36.5415	36.53	36.5201	36.5214	36.5071	36.5103	36.5086	36.4927	36.4877	36.4595	36.4579	36.4644	36.4487	36.454	36.4347	36.4411	36.4114	36.4146	36.4068	36.3924	36.3871	36.3884	36.3734	36.376	36.3674	36.3656	36.3573	36.3312	36.3326	36.3284	36.308	36.3052	36.3067	36.294	36.2701	36.256	36.2442	36.252	36.2388	36.2309	36.2181	36.2034	36.199	36.153	36.1527	36.193	36.1535	36.1513	36.1735	36.1506	36.1176	36.1357	36.0955	36.0728	36.0714	36.077	36.0594	36.0807	36.0783	36.0193	36.0214	36.0262	36.0047	35.9981	35.9624	35.9916	35.9851	35.9474	35.9084	35.9329	35.9493	35.8808	35.883	35.8757	35.8877	35.9368	35.8781	35.8219	35.8161	35.8368	35.8608	35.7787	35.7604	35.7882	35.7729	35.7356	35.7355	35.7481	35.7063	35.708	35.715	35.7036	35.6994	35.6504	35.62	35.6803	35.6463	35.6677	35.698	35.6166	35.6054	35.636	35.6371	35.6101	35.5513	35.5974	35.5207	35.5338	35.5304	35.491	35.4151	35.3817	35.3789	35.3495	35.2916	35.3516	35.4402	35.4559	35.2566	35.2882	35.4599	35.4435	35.5905	36.2818
Tzo-CMvi_067-Ex1_L4_fastp	36.5658	36.5813	36.6443	36.6495	36.6838	36.6827	36.6678	36.6577	36.6511	36.6678	36.6626	36.6505	36.6365	36.6404	36.638	36.6262	36.6321	36.624	36.6139	36.601	36.6091	36.6	36.5897	36.5871	36.5643	36.5489	36.5458	36.5394	36.5246	36.5261	36.5148	36.5138	36.5161	36.4969	36.4945	36.4669	36.4637	36.4718	36.4578	36.4628	36.44	36.4468	36.4186	36.417	36.4138	36.399	36.3976	36.4046	36.3878	36.3886	36.3799	36.379	36.3672	36.3478	36.3465	36.3389	36.3233	36.321	36.3243	36.311	36.2826	36.2777	36.2638	36.2652	36.2522	36.2404	36.2346	36.2254	36.2177	36.1761	36.1809	36.2117	36.174	36.1721	36.1873	36.166	36.1364	36.1547	36.1173	36.1051	36.1028	36.1082	36.0887	36.1067	36.0978	36.0448	36.0398	36.0509	36.037	36.0321	35.9991	36.0273	36.0226	35.9801	35.9407	35.9644	35.9835	35.9101	35.9191	35.9128	35.9228	35.9784	35.9187	35.8655	35.8546	35.8776	35.8979	35.8202	35.8013	35.8268	35.816	35.7782	35.7833	35.7947	35.7465	35.7533	35.7595	35.7432	35.7393	35.6983	35.6624	35.7264	35.6871	35.7075	35.7413	35.6661	35.6491	35.6791	35.6833	35.6548	35.5942	35.643	35.5701	35.5815	35.579	35.5259	35.459	35.4279	35.4205	35.3918	35.3305	35.3862	35.477	35.5044	35.298	35.3355	35.5063	35.4817	35.623	36.2939
Tzo-CMvi_068-Ex1_L4_fastp	36.5618	36.5793	36.6432	36.6501	36.6856	36.6861	36.6707	36.6609	36.651	36.6651	36.6587	36.6486	36.6395	36.6411	36.6419	36.63	36.6346	36.6234	36.616	36.6007	36.6086	36.5991	36.5871	36.5862	36.5635	36.5474	36.5432	36.5357	36.5241	36.5252	36.5146	36.5143	36.5153	36.4965	36.4928	36.4649	36.4599	36.468	36.4495	36.4568	36.4365	36.4438	36.4163	36.4149	36.4099	36.3941	36.3906	36.3942	36.3772	36.3789	36.3723	36.3751	36.3616	36.3406	36.3397	36.331	36.3115	36.3078	36.3091	36.2981	36.2678	36.2654	36.2519	36.2562	36.2441	36.2343	36.22	36.2084	36.2006	36.1592	36.1608	36.1977	36.1582	36.1569	36.1738	36.155	36.1198	36.1377	36.0965	36.0785	36.0778	36.0878	36.071	36.0906	36.083	36.0276	36.0246	36.032	36.0142	36.0032	35.9721	36.0007	35.9963	35.957	35.9196	35.9452	35.9611	35.8875	35.8925	35.8846	35.8948	35.9485	35.8891	35.8311	35.828	35.8509	35.8698	35.7942	35.7711	35.7987	35.7827	35.7445	35.7455	35.7608	35.7159	35.7224	35.7281	35.7158	35.708	35.6616	35.6273	35.695	35.6555	35.6758	35.7063	35.6313	35.6207	35.6521	35.6538	35.6231	35.5652	35.606	35.5347	35.5476	35.5448	35.4989	35.4284	35.3923	35.387	35.356	35.2977	35.355	35.4432	35.466	35.2598	35.2972	35.4718	35.4555	35.5961	36.2835
Tzo-CMvi_069-Ex1_L4_fastp	36.5599	36.5798	36.632	36.6432	36.6799	36.6851	36.6697	36.6608	36.6527	36.6706	36.6635	36.6511	36.641	36.6419	36.6421	36.6306	36.6376	36.6271	36.619	36.607	36.6151	36.604	36.5942	36.593	36.5718	36.5565	36.5538	36.5452	36.5319	36.5359	36.5243	36.5251	36.5262	36.5083	36.5059	36.4795	36.4761	36.4864	36.468	36.4705	36.4532	36.4589	36.4295	36.43	36.4263	36.4103	36.409	36.4174	36.3998	36.4011	36.391	36.3907	36.3809	36.3559	36.3605	36.3541	36.3358	36.3348	36.3391	36.3249	36.2978	36.2902	36.2786	36.2812	36.2714	36.2608	36.2497	36.2428	36.2345	36.1944	36.1982	36.2288	36.1887	36.1849	36.207	36.182	36.1548	36.1747	36.1387	36.1207	36.1207	36.1279	36.1074	36.1223	36.1159	36.0628	36.065	36.0711	36.054	36.0513	36.0169	36.0466	36.0395	35.9977	35.9576	35.9814	36.0016	35.9319	35.9384	35.9305	35.9451	35.9976	35.9381	35.8844	35.8777	35.898	35.9168	35.8409	35.8184	35.8466	35.8378	35.8025	35.8029	35.8135	35.7699	35.7744	35.7803	35.7646	35.7632	35.7151	35.6813	35.7522	35.7116	35.7311	35.7617	35.6879	35.6729	35.7022	35.7055	35.6782	35.6234	35.665	35.5933	35.6052	35.6005	35.5566	35.4837	35.4493	35.4462	35.4152	35.3584	35.4134	35.5008	35.5234	35.3223	35.3565	35.5229	35.5019	35.635	36.2988
Tzo-CMvi_070-Ex1_L4_fastp	36.5769	36.5909	36.6475	36.6563	36.692	36.6923	36.6778	36.668	36.6598	36.6774	36.6696	36.6587	36.6459	36.6476	36.6492	36.6369	36.6429	36.6332	36.6239	36.6108	36.6187	36.6088	36.5983	36.5954	36.5771	36.558	36.5575	36.5479	36.537	36.5417	36.5278	36.528	36.5297	36.5129	36.5075	36.4828	36.4782	36.4845	36.4719	36.473	36.4546	36.461	36.4331	36.4328	36.4287	36.415	36.4091	36.4151	36.4024	36.4028	36.3941	36.3905	36.3779	36.3581	36.3586	36.3536	36.3335	36.3337	36.3351	36.3252	36.3003	36.2879	36.2741	36.2761	36.2696	36.2595	36.2466	36.2389	36.233	36.1893	36.1939	36.2258	36.1855	36.184	36.1999	36.1767	36.151	36.1672	36.1329	36.1157	36.1155	36.1192	36.0979	36.1162	36.1069	36.0574	36.0531	36.065	36.0449	36.0403	36.0053	36.0366	36.0332	35.9862	35.9465	35.9656	35.9875	35.9204	35.9259	35.9205	35.9322	35.9855	35.9247	35.8665	35.8644	35.8797	35.8983	35.8233	35.8045	35.8337	35.8205	35.7804	35.783	35.7977	35.7473	35.754	35.7555	35.748	35.7396	35.6951	35.6682	35.7278	35.6903	35.7116	35.7429	35.6618	35.6558	35.6816	35.6817	35.6575	35.5942	35.6389	35.5693	35.5786	35.5776	35.5332	35.4676	35.4257	35.4243	35.3894	35.3295	35.3884	35.4779	35.5014	35.2989	35.3385	35.5096	35.485	35.6261	36.2945
Tzo-CMvi_075-Ex1_L4_fastp	36.4787	36.5363	36.6141	36.6262	36.6684	36.6678	36.6549	36.6509	36.6443	36.6561	36.6524	36.6383	36.6315	36.6327	36.6299	36.6171	36.6258	36.6144	36.6077	36.5949	36.6001	36.5916	36.5806	36.5767	36.5581	36.5396	36.5384	36.5329	36.5174	36.5179	36.505	36.5092	36.5075	36.4914	36.4896	36.4613	36.4605	36.4651	36.4475	36.4537	36.4326	36.437	36.4092	36.4107	36.4065	36.3903	36.3866	36.3903	36.375	36.3773	36.3687	36.3672	36.3529	36.3266	36.335	36.3264	36.3095	36.3056	36.3101	36.2972	36.2722	36.2609	36.2458	36.2514	36.2374	36.2273	36.2176	36.2076	36.2	36.1594	36.1659	36.2012	36.156	36.1561	36.1708	36.1515	36.1191	36.1377	36.1029	36.0819	36.088	36.0911	36.0694	36.0886	36.0825	36.0244	36.0233	36.0344	36.022	36.019	35.9863	36.0106	36.0039	35.9651	35.9235	35.9452	35.9602	35.8937	35.8981	35.8945	35.909	35.964	35.9025	35.8462	35.8405	35.8595	35.8768	35.8001	35.7809	35.815	35.7975	35.7658	35.7627	35.7763	35.7283	35.7316	35.738	35.7319	35.7257	35.6777	35.6451	35.7102	35.6715	35.6908	35.7184	35.6408	35.6333	35.6602	35.6643	35.6328	35.5824	35.6268	35.55	35.5666	35.5616	35.5105	35.4413	35.4102	35.397	35.3689	35.3171	35.3704	35.4607	35.4797	35.2704	35.3159	35.4879	35.4635	35.6025	36.2836
Tzo-CMvi_076-Ex1_L4_fastp	36.5081	36.5439	36.6145	36.6288	36.6686	36.6702	36.6546	36.6471	36.6422	36.6574	36.6524	36.64	36.6302	36.6308	36.6343	36.6194	36.6282	36.616	36.6106	36.5965	36.604	36.5962	36.5851	36.5813	36.561	36.5453	36.5409	36.5345	36.5238	36.5244	36.5128	36.5139	36.5139	36.4961	36.4933	36.4665	36.4632	36.4701	36.4552	36.4602	36.4394	36.4468	36.4186	36.4142	36.4128	36.3971	36.3969	36.3986	36.3807	36.3859	36.3776	36.3752	36.3627	36.3457	36.3449	36.3385	36.3167	36.3173	36.3201	36.31	36.2821	36.27	36.2565	36.2616	36.2522	36.2395	36.2264	36.2188	36.212	36.1698	36.1736	36.2033	36.1634	36.1616	36.1786	36.1559	36.1279	36.1465	36.106	36.0971	36.0937	36.1023	36.078	36.1014	36.0896	36.0323	36.0349	36.0416	36.0294	36.0188	35.9885	36.022	36.012	35.9673	35.927	35.9471	35.9677	35.8984	35.9026	35.8978	35.9079	35.9604	35.9054	35.8475	35.8392	35.8627	35.8755	35.8012	35.7789	35.8094	35.7957	35.7614	35.759	35.7729	35.7294	35.7332	35.7345	35.7286	35.7227	35.6647	35.6344	35.7095	35.6687	35.6891	35.7197	35.6411	35.6311	35.6629	35.6627	35.6287	35.5738	35.6199	35.5498	35.5623	35.5628	35.5117	35.4354	35.405	35.4028	35.3716	35.3109	35.3744	35.4676	35.485	35.2806	35.3136	35.4916	35.4645	35.6049	36.2839
Tzo-CMvi_077-Ex1_L4_fastp	36.5715	36.5845	36.6445	36.6506	36.6853	36.6858	36.6717	36.6601	36.652	36.6663	36.6588	36.6479	36.6372	36.6407	36.6387	36.6251	36.635	36.6218	36.6158	36.5992	36.6075	36.5983	36.586	36.5842	36.5635	36.5472	36.5462	36.5361	36.5236	36.5233	36.5125	36.5118	36.5143	36.4954	36.4892	36.4644	36.4624	36.4706	36.4554	36.4611	36.4384	36.4425	36.4128	36.4126	36.4108	36.3977	36.3945	36.3983	36.3842	36.3836	36.3733	36.372	36.3604	36.3385	36.3413	36.3327	36.3156	36.3156	36.3164	36.3015	36.281	36.266	36.2526	36.2563	36.2435	36.2383	36.2241	36.216	36.2082	36.1686	36.172	36.2042	36.1603	36.1614	36.1731	36.1532	36.1209	36.1402	36.1041	36.0916	36.0895	36.0967	36.0777	36.0917	36.0853	36.0306	36.0259	36.033	36.0198	36.0123	35.977	36.0064	36.0027	35.9613	35.9248	35.9426	35.9612	35.8933	35.8987	35.8917	35.9014	35.9556	35.8963	35.8404	35.832	35.8553	35.8723	35.7994	35.7744	35.8012	35.7876	35.7523	35.7508	35.7632	35.722	35.7242	35.7313	35.7188	35.714	35.6658	35.6306	35.6995	35.656	35.6809	35.7117	35.6341	35.6273	35.6504	35.6525	35.6257	35.5655	35.6116	35.5385	35.5478	35.5513	35.5019	35.4315	35.3911	35.3893	35.3591	35.3001	35.3616	35.447	35.4752	35.2657	35.3026	35.4716	35.4612	35.6017	36.2825
Tzo-CMvi_078-Ex1_L4_fastp	36.4654	36.5211	36.5989	36.615	36.6615	36.662	36.6512	36.6455	36.638	36.6559	36.6502	36.6369	36.6221	36.623	36.625	36.6131	36.62	36.6146	36.6052	36.5941	36.6017	36.5921	36.5739	36.5709	36.5503	36.5374	36.5367	36.5277	36.5139	36.5163	36.5062	36.506	36.5138	36.4899	36.4862	36.4568	36.4577	36.4665	36.4507	36.4528	36.4269	36.4358	36.4051	36.4076	36.4082	36.387	36.3859	36.3942	36.3808	36.3754	36.3774	36.3683	36.3588	36.3324	36.3392	36.3329	36.313	36.3104	36.3117	36.3046	36.2763	36.2712	36.2608	36.2604	36.2421	36.237	36.2264	36.2148	36.2106	36.1663	36.178	36.2054	36.1711	36.1737	36.1844	36.1598	36.1364	36.1499	36.116	36.0994	36.0983	36.1023	36.0841	36.1055	36.0947	36.0336	36.0366	36.0552	36.0319	36.0251	35.9842	36.0229	36.0197	35.9707	35.9331	35.958	35.9797	35.9058	35.9208	35.9082	35.9252	35.9789	35.9282	35.8675	35.8672	35.8775	35.9006	35.8231	35.7936	35.8352	35.8143	35.7849	35.7784	35.7937	35.7454	35.7466	35.7503	35.743	35.7386	35.6915	35.6686	35.7306	35.6911	35.7124	35.7498	35.666	35.6669	35.6802	35.6862	35.658	35.5948	35.6347	35.571	35.5808	35.5911	35.5343	35.4641	35.4353	35.4276	35.3923	35.3365	35.3921	35.4853	35.4998	35.2963	35.3371	35.5112	35.4797	35.6242	36.284
Tzo-CMvi_079-Ex1_L4_fastp	36.5379	36.5644	36.6353	36.6449	36.6839	36.6846	36.6718	36.662	36.6546	36.6727	36.6665	36.655	36.6417	36.6439	36.6464	36.6335	36.6416	36.6319	36.6223	36.611	36.6182	36.6071	36.5958	36.5935	36.5763	36.5606	36.5574	36.5465	36.5353	36.5375	36.5274	36.5262	36.5282	36.5106	36.5094	36.484	36.478	36.4868	36.4685	36.4798	36.4562	36.461	36.4314	36.4318	36.4277	36.4148	36.4136	36.4177	36.4003	36.4014	36.3912	36.393	36.3801	36.3599	36.3635	36.3563	36.3402	36.3351	36.34	36.3276	36.2981	36.2892	36.2765	36.2797	36.2708	36.2576	36.2485	36.2392	36.2376	36.1931	36.1951	36.2313	36.1884	36.1832	36.2031	36.1829	36.1546	36.1707	36.1343	36.1206	36.1186	36.1262	36.1046	36.1207	36.1173	36.0609	36.0561	36.0686	36.0558	36.0476	36.0126	36.0446	36.0375	35.9918	35.9555	35.9768	35.9981	35.9309	35.9364	35.9317	35.941	35.9944	35.9362	35.8795	35.8732	35.8934	35.9115	35.8353	35.8169	35.8434	35.8295	35.7943	35.7936	35.8074	35.7625	35.7691	35.7737	35.7616	35.7524	35.7014	35.6738	35.7445	35.7059	35.7242	35.7519	35.6797	35.6675	35.6947	35.6962	35.6681	35.6104	35.6544	35.5826	35.594	35.5921	35.5405	35.4757	35.4452	35.4425	35.3991	35.3544	35.4066	35.4931	35.5177	35.3131	35.3479	35.5231	35.4983	35.632	36.2968
Tzo-CMvi_081-Ex1_L4_fastp	36.4914	36.5396	36.6097	36.6221	36.6692	36.6769	36.6558	36.6497	36.6411	36.6637	36.6495	36.6402	36.6255	36.626	36.6295	36.6169	36.6239	36.6143	36.6118	36.5935	36.6049	36.5973	36.5803	36.5748	36.5591	36.538	36.5333	36.5281	36.5205	36.5271	36.5106	36.5043	36.5078	36.4909	36.4787	36.4487	36.4633	36.4729	36.4512	36.4528	36.4348	36.4337	36.405	36.4091	36.4062	36.3922	36.3904	36.3926	36.3738	36.3895	36.3684	36.3712	36.3662	36.3395	36.3484	36.3345	36.322	36.3116	36.3251	36.3145	36.2878	36.2681	36.2483	36.2622	36.2529	36.2311	36.209	36.2127	36.206	36.1645	36.1773	36.2108	36.1654	36.1708	36.1786	36.1673	36.1262	36.1495	36.112	36.0976	36.1002	36.1072	36.0812	36.0916	36.0918	36.0334	36.0296	36.035	36.0331	36.0198	35.9885	36.0201	36.0116	35.9617	35.9253	35.9539	35.9558	35.9023	35.895	35.8902	35.9115	35.9807	35.901	35.8443	35.8349	35.8577	35.876	35.795	35.7904	35.8061	35.7909	35.777	35.7732	35.7702	35.7163	35.7207	35.7421	35.7222	35.7116	35.6736	35.6408	35.7183	35.6676	35.7084	35.7213	35.6439	35.6407	35.6624	35.6473	35.6164	35.5889	35.6135	35.5483	35.5447	35.553	35.5208	35.4516	35.3997	35.3991	35.3824	35.3063	35.3795	35.4591	35.4995	35.2981	35.3222	35.4908	35.4902	35.625	36.2873
Tzo-CMvi_082-Ex1_L4_fastp	36.5735	36.5904	36.6486	36.6568	36.6945	36.6953	36.6818	36.6706	36.664	36.6814	36.6739	36.6618	36.6496	36.6532	36.6514	36.6379	36.6471	36.638	36.6288	36.6157	36.6221	36.6126	36.6025	36.6005	36.5785	36.5635	36.5615	36.5527	36.5398	36.5415	36.5297	36.5296	36.5299	36.5147	36.5107	36.4824	36.4821	36.4888	36.473	36.477	36.4552	36.4633	36.436	36.4382	36.4317	36.4164	36.4156	36.4195	36.3993	36.405	36.3965	36.3928	36.3821	36.3603	36.3646	36.3585	36.3418	36.3411	36.342	36.3252	36.2988	36.2939	36.2809	36.2848	36.2706	36.2604	36.2489	36.2428	36.2359	36.1936	36.1957	36.2296	36.1888	36.1851	36.1982	36.1802	36.1524	36.1687	36.1329	36.1182	36.1157	36.1238	36.1045	36.1189	36.1083	36.0581	36.056	36.066	36.0505	36.0437	36.0079	36.0365	36.0324	35.991	35.9548	35.9781	35.9931	35.923	35.9267	35.9186	35.9305	35.9822	35.9274	35.8745	35.8648	35.8871	35.9061	35.8305	35.8136	35.8358	35.8251	35.7885	35.7897	35.8005	35.7568	35.7603	35.7668	35.7542	35.7482	35.7023	35.6711	35.7398	35.6946	35.7253	35.7476	35.6768	35.664	35.6908	35.6894	35.6626	35.6045	35.648	35.5814	35.5888	35.5846	35.5457	35.4714	35.438	35.4247	35.4014	35.3482	35.4004	35.4882	35.5191	35.3073	35.3408	35.5149	35.4976	35.6283	36.298
Tzo-CMvi_083-Ex1_L4_fastp	36.5958	36.5971	36.6508	36.6573	36.6923	36.6924	36.6776	36.6654	36.6564	36.6754	36.6692	36.6565	36.6446	36.6457	36.6464	36.6349	36.6427	36.6324	36.623	36.609	36.6176	36.6071	36.5965	36.5938	36.5731	36.5579	36.5563	36.547	36.5358	36.5371	36.5264	36.5266	36.5276	36.5106	36.5059	36.482	36.4766	36.4843	36.4687	36.4738	36.455	36.4596	36.4319	36.4324	36.4283	36.4169	36.4132	36.4176	36.4015	36.405	36.3947	36.3915	36.3829	36.3587	36.3601	36.3585	36.3395	36.3354	36.3397	36.3253	36.2997	36.29	36.2799	36.2813	36.272	36.2638	36.2499	36.241	36.2365	36.1985	36.1979	36.2319	36.1912	36.1889	36.2053	36.187	36.1593	36.1754	36.1401	36.1245	36.1236	36.1306	36.1095	36.1279	36.121	36.0671	36.0663	36.0776	36.0626	36.0558	36.0212	36.0515	36.0456	36.0065	35.9662	35.9886	36.0084	35.9375	35.9484	35.938	35.9488	36.0028	35.948	35.8943	35.887	35.9065	35.9263	35.8509	35.8334	35.8605	35.8482	35.8142	35.8142	35.8278	35.7791	35.7882	35.7909	35.7757	35.7733	35.7309	35.6967	35.7623	35.7264	35.746	35.7759	35.7028	35.6913	35.7187	35.7173	35.6955	35.6337	35.6781	35.6129	35.6163	35.6188	35.5704	35.5014	35.4686	35.464	35.4314	35.3817	35.4342	35.5169	35.5445	35.3386	35.3718	35.5442	35.5176	35.6546	36.3059
Tzo-CMvi_087-Ex1_L4_fastp	36.4738	36.5376	36.6106	36.6238	36.6646	36.6629	36.6536	36.645	36.6395	36.6579	36.6502	36.6363	36.6297	36.6314	36.6283	36.6165	36.6232	36.612	36.603	36.5933	36.5972	36.5884	36.5758	36.5732	36.5534	36.5397	36.5352	36.5281	36.5127	36.5167	36.503	36.5037	36.5029	36.4859	36.4804	36.4544	36.4489	36.4612	36.441	36.446	36.4238	36.4292	36.4	36.4	36.3934	36.3814	36.3796	36.3844	36.3637	36.369	36.3584	36.3553	36.3457	36.3197	36.3236	36.3165	36.2986	36.2994	36.3013	36.2828	36.2556	36.2443	36.2322	36.2383	36.2259	36.2229	36.206	36.1927	36.1864	36.148	36.1453	36.1833	36.1403	36.1377	36.1561	36.1291	36.0969	36.1148	36.0771	36.0651	36.0649	36.0718	36.0503	36.0693	36.0564	36.0053	36.0022	36.0118	35.9943	35.9954	35.9558	35.9864	35.9739	35.9336	35.8921	35.918	35.9328	35.8605	35.8635	35.8562	35.8788	35.9289	35.8703	35.8118	35.8015	35.8162	35.8393	35.7643	35.7389	35.7749	35.7557	35.7214	35.7242	35.7362	35.6876	35.692	35.6905	35.6805	35.6727	35.6233	35.6009	35.6559	35.6188	35.6403	35.6673	35.5919	35.5768	35.6008	35.6021	35.5798	35.5219	35.5694	35.4927	35.5043	35.4999	35.4554	35.3804	35.3471	35.3485	35.3091	35.2553	35.3116	35.4038	35.421	35.216	35.257	35.4303	35.4083	35.561	36.2709
Tzo-CMvi_088-Ex1_L4_fastp	36.5581	36.5753	36.6366	36.6458	36.6846	36.6845	36.6719	36.6613	36.6544	36.6735	36.6638	36.6551	36.6434	36.6443	36.6436	36.6336	36.6388	36.6293	36.6216	36.6075	36.6159	36.6065	36.5958	36.593	36.5728	36.5595	36.5554	36.5503	36.5366	36.5357	36.5261	36.5272	36.5263	36.5125	36.5069	36.4791	36.4765	36.4851	36.4659	36.4705	36.4524	36.4563	36.4312	36.4274	36.4224	36.4103	36.4081	36.4128	36.3973	36.3965	36.3873	36.3886	36.3787	36.3555	36.356	36.3496	36.3339	36.3294	36.3343	36.3227	36.2912	36.2824	36.277	36.2804	36.2677	36.256	36.2478	36.2351	36.2328	36.1884	36.193	36.2269	36.1794	36.1809	36.2006	36.1786	36.1504	36.1665	36.1275	36.1177	36.1158	36.1199	36.1032	36.1156	36.1096	36.0568	36.0536	36.0671	36.0493	36.0431	36.0083	36.0373	36.0282	35.9888	35.953	35.9774	35.9931	35.9273	35.9301	35.9246	35.9364	35.988	35.9304	35.8766	35.8691	35.8882	35.9079	35.8314	35.8101	35.8366	35.825	35.7898	35.7937	35.8041	35.7573	35.7626	35.7676	35.758	35.7496	35.7024	35.6714	35.736	35.7002	35.7234	35.7546	35.6701	35.6618	35.6905	35.688	35.6645	35.604	35.648	35.5765	35.5889	35.5902	35.5448	35.4725	35.4375	35.4282	35.3968	35.3389	35.4004	35.485	35.5089	35.3069	35.3406	35.5084	35.4842	35.626	36.2927
Tzo-CMvi_089-Ex1_L4_fastp	36.505	36.5516	36.6175	36.6298	36.6657	36.6668	36.6593	36.6502	36.6412	36.6576	36.6509	36.6403	36.6329	36.6334	36.6278	36.617	36.626	36.6173	36.6095	36.5964	36.5978	36.5903	36.5807	36.575	36.5584	36.5429	36.5379	36.5323	36.5147	36.5176	36.5083	36.5066	36.5081	36.4897	36.4848	36.4569	36.4603	36.467	36.4477	36.4532	36.4297	36.4326	36.4059	36.4058	36.4072	36.3925	36.3921	36.3932	36.3758	36.3774	36.3673	36.3598	36.3496	36.3285	36.3322	36.3268	36.3129	36.3065	36.3116	36.2987	36.269	36.2619	36.2497	36.2505	36.2401	36.2288	36.2159	36.2109	36.2014	36.161	36.1618	36.1958	36.1564	36.1514	36.1675	36.1458	36.1162	36.1333	36.0925	36.0865	36.0778	36.0875	36.067	36.0858	36.0787	36.0252	36.0163	36.0306	36.0146	36.0099	35.9756	36.0027	35.9935	35.9552	35.9128	35.9372	35.9568	35.8847	35.8895	35.8826	35.892	35.9413	35.8936	35.8316	35.8222	35.8427	35.863	35.7857	35.7695	35.7885	35.7851	35.7484	35.7459	35.764	35.7112	35.7155	35.7193	35.7115	35.707	35.6542	35.6246	35.6891	35.6514	35.6739	35.6991	35.6241	35.6068	35.6372	35.6388	35.6139	35.5547	35.6031	35.5233	35.5406	35.5369	35.4855	35.4129	35.375	35.3773	35.3459	35.2942	35.3432	35.4395	35.4566	35.25	35.287	35.4654	35.4445	35.5884	36.2789
Tzo-CMvi_090-Ex1_L4_fastp	36.5715	36.58	36.6411	36.6485	36.6847	36.6856	36.6664	36.6573	36.6488	36.6618	36.6551	36.6453	36.6324	36.637	36.6366	36.6217	36.6299	36.6188	36.6095	36.5945	36.601	36.5938	36.5803	36.5794	36.5576	36.5413	36.5376	36.5275	36.5149	36.5177	36.5057	36.5078	36.5088	36.4891	36.4847	36.4551	36.4548	36.461	36.4432	36.4506	36.4309	36.439	36.4099	36.4094	36.4053	36.3902	36.387	36.3884	36.372	36.3739	36.3667	36.3645	36.3567	36.332	36.3332	36.3272	36.3073	36.3041	36.3039	36.2923	36.265	36.2597	36.2464	36.2526	36.2425	36.23	36.2181	36.2076	36.1953	36.1531	36.1578	36.1935	36.1555	36.1543	36.1714	36.1496	36.1183	36.1332	36.0953	36.0784	36.0782	36.0864	36.0657	36.0884	36.0832	36.0298	36.0244	36.0315	36.0133	36.0075	35.9689	36.0029	35.9976	35.9573	35.9176	35.9465	35.9635	35.8937	35.8964	35.8881	35.9016	35.9528	35.8903	35.8426	35.8339	35.8563	35.8743	35.8005	35.7798	35.8055	35.7914	35.7597	35.7595	35.7732	35.7258	35.7354	35.7415	35.7306	35.7226	35.6774	35.6442	35.7102	35.6672	35.6915	35.721	35.6504	35.6362	35.6635	35.6633	35.6351	35.5792	35.6212	35.5501	35.5625	35.5587	35.5126	35.4385	35.4045	35.4045	35.3719	35.3122	35.3711	35.4547	35.4799	35.2716	35.3059	35.4847	35.4596	35.6055	36.288
Tzo-CMvi_091-Ex1_L4_fastp	36.5187	36.5585	36.6312	36.6427	36.6827	36.683	36.6707	36.6637	36.6577	36.6727	36.6675	36.6539	36.6422	36.6439	36.6434	36.6353	36.6413	36.6315	36.6239	36.6089	36.6176	36.6083	36.5965	36.5939	36.5733	36.5586	36.5551	36.5486	36.5339	36.5362	36.5252	36.5253	36.5255	36.508	36.5051	36.478	36.477	36.4831	36.4655	36.4691	36.4487	36.4549	36.4267	36.424	36.4202	36.4074	36.4062	36.41	36.3936	36.3968	36.3877	36.3873	36.3746	36.3499	36.3533	36.3479	36.3304	36.3252	36.326	36.3186	36.2914	36.2767	36.2688	36.2684	36.257	36.2484	36.2384	36.2274	36.2211	36.182	36.1825	36.2145	36.1734	36.1714	36.1887	36.1676	36.135	36.1558	36.118	36.1022	36.1016	36.1096	36.0854	36.1037	36.0997	36.0413	36.0378	36.0526	36.0356	36.0249	35.9936	36.02	36.016	35.9704	35.9316	35.9548	35.9711	35.9008	35.9086	35.9026	35.9133	35.9626	35.904	35.8515	35.8426	35.8641	35.8828	35.8049	35.7811	35.8151	35.8005	35.763	35.7581	35.771	35.7263	35.7325	35.7349	35.722	35.7133	35.665	35.6322	35.7004	35.6576	35.6804	35.7041	35.6302	35.6154	35.6458	35.6418	35.6146	35.5542	35.6009	35.5369	35.5416	35.5417	35.4971	35.4182	35.3891	35.3786	35.3541	35.2912	35.3532	35.4413	35.466	35.2639	35.2881	35.4632	35.4512	35.5914	36.2842
Tzo-CMvi_094-Ex1_L4_fastp	36.5142	36.5583	36.6207	36.6364	36.676	36.6834	36.6709	36.6585	36.6509	36.6706	36.6654	36.655	36.6389	36.6442	36.6432	36.6321	36.6417	36.629	36.623	36.6084	36.6154	36.6057	36.5977	36.5948	36.5713	36.557	36.5558	36.5474	36.5351	36.5359	36.5278	36.5265	36.526	36.5089	36.505	36.4789	36.4762	36.4861	36.4689	36.4759	36.4523	36.4596	36.4296	36.4282	36.4244	36.414	36.4119	36.4138	36.4017	36.4009	36.3912	36.3921	36.3828	36.3579	36.3597	36.3552	36.3386	36.3384	36.341	36.3254	36.2992	36.2869	36.2744	36.2823	36.2704	36.2641	36.25	36.2416	36.2337	36.1935	36.1896	36.2269	36.1848	36.1839	36.2016	36.1827	36.1532	36.1731	36.1339	36.1188	36.1191	36.1255	36.1076	36.1245	36.1134	36.0637	36.0611	36.073	36.0554	36.0531	36.0139	36.0442	36.0387	36.0006	35.9579	35.9801	36.0033	35.9344	35.9395	35.9293	35.9449	35.9921	35.9346	35.8761	35.8749	35.8974	35.9094	35.8392	35.8174	35.8452	35.8324	35.7984	35.8053	35.8103	35.7619	35.7718	35.775	35.7645	35.7603	35.711	35.6798	35.7481	35.7106	35.7317	35.7614	35.682	35.6698	35.7032	35.7001	35.6738	35.6168	35.6618	35.5906	35.5989	35.598	35.5502	35.4787	35.4432	35.4453	35.4057	35.3551	35.4058	35.4991	35.5201	35.3156	35.349	35.5181	35.4957	35.6399	36.2964
