Sample	1	2	3	4	5	6	7	8	9	10	11	12	13	14	15	16	17	18	19	20	21	22	23	24	25	26	27	28	29	30	31	32	33	34	35	36	37	38	39	40	41	42	43	44	45	46	47	48	49	50	51	52	53	54	55	56	57	58	59	60	61	62	63	64	65	66	67	68	69	70	71	72	73	74	75	76	77	78	79	80	81	82	83	84	85	86	87	88	89	90	91	92	93	94	95	96	97	98	99	100	101	102	103	104	105	106	107	108	109	110	111	112	113	114	115	116	117	118	119	120	121	122	123	124	125	126	127	128	129	130	131	132	133	134	135	136	137	138	139	140	141	142	143	144	145	146	147	148	149	150
Tzo-AMvi_001_Ex1_L4_fastp	52.5116	34.8761	38.512299999999996	35.321799999999996	36.284499999999994	34.958299999999994	34.3897	35.364000000000004	36.1085	34.6937	39.6137	39.0583	38.242399999999996	37.5215	37.5494	37.0601	37.404399999999995	37.3114	37.5011	37.543	37.8846	37.4847	37.5197	37.2852	37.1306	36.99	37.047000000000004	37.1841	37.288700000000006	37.3243	37.4887	37.4031	37.2444	37.256699999999995	37.0421	37.1477	37.2415	36.8889	37.1475	37.1053	37.475	37.230000000000004	37.3188	37.351800000000004	37.1221	37.0846	37.1598	37.227199999999996	37.2533	37.113600000000005	37.2587	37.2406	37.3803	37.171	37.37	37.2066	37.3473	37.2891	37.484	37.330999999999996	37.5038	37.31	37.504799999999996	37.269200000000005	37.5307	37.2303	37.456	37.427	37.614399999999996	37.506299999999996	37.6451	37.603500000000004	37.8778	37.7647	37.9338	37.8118	37.9339	37.8008	38.0257	37.934200000000004	38.176	38.000699999999995	38.2279	38.1836	38.3496	38.3841	38.5175	38.6245	38.839	38.704699999999995	39.0413	39.011	39.295	39.3382	39.4796	39.6675	39.8083	39.9486	40.0739	40.191300000000005	40.4398	40.494	40.8818	40.9415	41.1892	41.342099999999995	41.7036	41.701100000000004	41.9072	42.1517	42.3627	42.5043	42.6943	42.9062	43.0968	43.4538	43.6336	43.7861	44.059599999999996	44.1376	44.4295	44.5904	44.892900000000004	45.0529	45.2465	45.387100000000004	45.7106	45.833	46.0302	46.1619	46.474	46.6914	46.937200000000004	47.0598	47.398	47.6891	47.999	48.028999999999996	48.3597	48.465	48.717	48.817899999999995	49.0087	49.2292	49.7951	49.8299	49.9357	50.1469	50.2556	50.5479
Tzo-AMvi_002_Ex1_L4_fastp	51.5652	36.3689	38.931	36.3408	36.560700000000004	35.9557	35.3029	36.8335	37.5386	35.833999999999996	40.4125	39.880700000000004	39.0388	38.586999999999996	38.4208	38.0719	38.404500000000006	38.3307	38.7667	38.527499999999996	38.983200000000004	38.5291	38.5184	38.154900000000005	38.2091	38.0391	38.2126	38.2043	38.3789	38.41	38.6301	38.5927	38.333	38.3813	38.2206	38.1866	38.2814	37.9936	38.3299	38.155699999999996	38.534400000000005	38.34	38.1569	38.3994	38.2613	38.1307	38.2439	38.358799999999995	38.372	38.415	38.4999	38.3639	38.4403	38.201	38.3654	38.2405	38.545	38.3664	38.569900000000004	38.2389	38.7022	38.3484	38.522800000000004	38.3545	38.517	38.249300000000005	38.6131	38.379000000000005	38.7277	38.7261	38.7678	38.798700000000004	38.865100000000005	38.7163	38.9125	38.9093	39.0665	38.933499999999995	39.1936	39.2003	39.256600000000006	39.2033	39.4586	39.3635	39.546	39.6476	39.5968	39.9918	40.1733	40.0619	40.2695	40.4013	40.6175	40.8741	40.9758	40.9205	41.1879	41.3147	41.5901	41.6625	41.8789	41.910799999999995	42.4275	42.5448	42.893	43.0304	43.3611	43.4869	43.616	43.9865	44.0381	44.1597	44.4884	44.7835	44.8518	45.1224	45.394800000000004	45.471000000000004	45.591300000000004	45.8722	46.145199999999996	46.1642	46.4775	46.585100000000004	47.0262	47.1363	47.3028	47.4402	47.6843	47.9407	48.1057	48.2969	48.5699	48.836	49.1448	49.241099999999996	49.6295	49.6321	49.9702	50.11409999999999	50.4754	50.6101	50.6336	50.9904	51.6053	51.6493	51.517199999999995	51.956100000000006	52.007099999999994	52.259699999999995
Tzo-AMvi_003_Ex1_L4_fastp	49.7723	33.4307	36.8621	34.0667	34.6557	33.5583	32.839600000000004	33.9814	34.8005	33.616099999999996	38.0216	37.831399999999995	36.7778	36.2299	36.1216	35.7959	36.0248	36.0516	36.2354	36.3553	36.5269	36.2451	35.9611	36.0068	35.803000000000004	35.606100000000005	35.6819	35.8389	35.8776	36.1623	36.168499999999995	36.153400000000005	35.9491	36.0295	35.6442	35.8733	35.8489	35.6074	35.8639	35.8269	36.0515	36.0041	35.8452	35.969899999999996	35.861900000000006	35.7988	35.8237	35.812	35.857	35.8701	35.905100000000004	36.0019	36.0769	35.877199999999995	35.9749	35.7553	35.9838	35.8529	36.0229	36.0766	36.0174	35.999700000000004	36.0937	35.952400000000004	36.0998	35.9172	36.1837	36.0505	36.3836	36.2029	36.3354	36.333	36.4632	36.336200000000005	36.6776	36.5377	36.6409	36.6502	36.7373	36.7174	36.9406	36.8077	37.1233	37.0376	37.2543	37.2282	37.369400000000006	37.661	37.8123	37.7494	37.9826	38.1862	38.3478	38.420700000000004	38.548700000000004	38.826	38.9919	39.1941	39.333200000000005	39.4285	39.6812	39.7616	40.1707	40.381099999999996	40.685700000000004	40.7767	41.0937	41.3158	41.5118	41.6677	42.0036	42.0676	42.463699999999996	42.5693	42.862899999999996	43.2236	43.2942	43.581900000000005	43.7609	44.0137	44.2318	44.352999999999994	44.6447	44.9763	45.0127	45.252199999999995	45.497	45.7471	45.9069	46.009499999999996	46.2632	46.5298	46.691	46.8816	47.185300000000005	47.3864	47.546699999999994	47.7861	48.098400000000005	48.2507	48.4098	48.524699999999996	48.762499999999996	48.9473	49.2449	49.5707	49.5687	49.883	50.0821	50.2229
Tzo-AMvi_004_Ex1_L4_fastp	53.276900000000005	34.5417	38.194	35.0004	35.8576	34.5598	34.029399999999995	35.6241	36.0362	34.2304	39.9783	39.1185	37.933	37.247400000000006	37.183	36.6616	37.0047	36.9828	37.2422	37.3332	37.5384	37.1235	37.1788	36.93	36.8497	36.648599999999995	36.6423	36.8399	37.0267	36.8604	37.0907	37.161100000000005	36.8857	36.8543	36.7198	36.7869	36.7917	36.479	36.9001	36.6562	37.0603	36.7896	36.8475	36.7967	36.7642	36.7266	36.7941	36.8347	36.806	36.6106	36.9497	36.8476	36.903000000000006	36.8029	36.9331	36.6997	36.991	36.8798	37.005300000000005	36.9099	37.0347	37.0544	37.0843	36.9103	37.0287	36.7603	37.1651	36.9504	37.2269	37.016799999999996	37.320100000000004	37.228	37.3961	37.2782	37.4695	37.311699999999995	37.498599999999996	37.5178	37.5238	37.602999999999994	37.687	37.669999999999995	37.884299999999996	37.8849	38.0721	37.9783	38.2078	38.3876	38.4052	38.412600000000005	38.6471	38.750299999999996	38.9048	39.0257	39.1315	39.4484	39.4903	39.6092	39.7798	39.8117	40.111000000000004	40.198	40.6246	40.6602	40.9906	41.1165	41.2951	41.5933	41.6948	41.7905	42.2721	42.2051	42.4987	42.6928	42.8506	43.074200000000005	43.2603	43.5499	43.7684	43.7404	44.1057	44.1249	44.4566	44.615500000000004	44.8729	44.9896	45.2351	45.3384	45.6053	45.697700000000005	46.0304	46.1783	46.3452	46.4322	46.771	46.9745	47.0936	47.3667	47.5521	47.617399999999996	47.8038	47.877199999999995	48.1302	48.288199999999996	48.6386	48.8462	48.8694	49.161899999999996	49.388	49.5533
Tzo-AMvi_005_Ex1_L4_fastp	53.0995	35.3384	38.3788	35.3924	36.326	34.9947	34.3928	35.7108	36.423	34.8181	39.9104	39.2464	38.3158	37.6863	37.6554	37.258599999999994	37.4892	37.429899999999996	37.7872	37.6567	37.9697	37.6181	37.4726	37.2515	37.229099999999995	37.0966	37.1934	37.2067	37.3755	37.357	37.5762	37.5328	37.4836	37.3505	37.2083	37.214000000000006	37.2149	37.0438	37.162	37.263400000000004	37.5078	37.3917	37.3376	37.2539	37.1653	37.1368	37.1709	37.189299999999996	37.251200000000004	37.180600000000005	37.4253	37.329499999999996	37.3868	37.2203	37.2828	37.296099999999996	37.4345	37.2571	37.499	37.3788	37.6081	37.4013	37.564	37.3091	37.5451	37.2542	37.4853	37.4099	37.6178	37.5385	37.7081	37.649100000000004	37.8269	37.7878	37.885600000000004	37.8581	37.9565	37.9301	38.006	37.987	38.176300000000005	37.9072	38.362899999999996	38.2335	38.4088	38.4749	38.5971	38.7067	38.7932	38.8969	39.0912	39.2137	39.3451	39.4056	39.5122	39.6018	39.8006	39.9065	40.0401	40.2067	40.4767	40.47	40.9144	40.9126	41.1637	41.316900000000004	41.4133	41.739599999999996	41.8689	41.9995	42.405300000000004	42.2463	42.6797	42.7679	43.014799999999994	43.2893	43.5176	43.663000000000004	43.8281	43.9301	44.2845	44.2776	44.589800000000004	44.7621	44.9571	45.1603	45.3896	45.5974	45.7486	45.811600000000006	46.0189	46.1526	46.4975	46.4964	46.901199999999996	47.0291	47.3863	47.4274	47.727599999999995	47.7506	47.9858	48.0675	48.2815	48.5378	48.811	49.0553	48.9919	49.3262	49.5537	49.6462
Tzo-AMvi_006_Ex1_L4_fastp	55.5146	36.8412	40.9497	37.5428	38.340999999999994	37.1271	36.7749	38.1425	38.9805	37.4185	42.795899999999996	41.8157	40.7635	39.9648	40.0479	39.6776	39.9795	40.1494	40.544200000000004	40.4486	40.9266	40.089200000000005	40.202799999999996	39.752700000000004	39.7297	39.8224	39.7125	40.1011	40.410000000000004	40.3388	40.4901	40.6408	39.9312	40.2017	39.6783	40.0518	40.036699999999996	39.8665	40.3538	40.104	40.4183	40.2403	39.771499999999996	40.037099999999995	39.759	39.9713	40.1019	40.2414	40.4196	40.1509	40.2	40.138	39.9618	39.8773	40.0405	39.6965	40.3925	40.1767	40.669	40.3593	40.495999999999995	40.1569	40.314699999999995	39.6657	40.216499999999996	39.5746	40.2158	39.8662	40.408300000000004	40.291199999999996	40.3021	40.0623	40.5728	40.2605	40.6059	40.2153	40.5586	40.3965	40.6719	40.518	40.6423	40.278000000000006	40.7923	40.4356	40.7184	40.6088	41.1403	41.037600000000005	41.3105	40.907	41.307100000000005	41.3954	41.2543	41.5614	41.4403	41.74	41.8253	41.9938	41.7715	41.9121	42.1783	42.1205	42.24	42.5838	42.6847	42.5852	43.193599999999996	43.296600000000005	43.3873	43.479099999999995	43.5672	43.5414	43.4401	43.8631	44.080999999999996	44.207	44.3919	44.556200000000004	44.9516	44.6669	45.1591	44.852799999999995	45.151799999999994	45.2892	45.3552	45.637499999999996	45.9272	46.0238	46.184599999999996	46.1951	46.3621	46.347100000000005	46.748400000000004	46.5694	47.2171	47.1488	47.442499999999995	47.4234	47.8787	47.8432	47.8502	47.977599999999995	48.042	48.2104	48.7998	48.638999999999996	48.9424	49.0557	49.268	49.356100000000005
Tzo-AMvi_007_Ex1_L4_fastp	52.6976	34.2641	38.3022	35.0354	35.6428	34.4429	33.6559	35.3533	35.7412	34.2283	39.5831	38.8565	37.594899999999996	37.0813	36.8468	36.5537	36.8707	36.8895	37.0215	37.0803	37.3835	37.1222	36.8703	36.7506	36.6458	36.370599999999996	36.5884	36.4632	36.751400000000004	36.8583	36.9505	36.9193	36.8945	36.6785	36.459	36.5041	36.5633	36.3889	36.6254	36.5455	36.8535	36.7864	36.7477	36.733900000000006	36.760799999999996	36.5012	36.592	36.6122	36.6314	36.3985	36.8853	36.6879	36.728699999999996	36.5787	36.856	36.587399999999995	36.7935	36.6785	36.7994	36.6839	36.9336	36.6944	36.8536	36.6257	36.7834	36.5954	36.8803	36.601299999999995	36.8547	36.8075	37.0572	36.888799999999996	37.2605	37.0531	37.1393	37.1004	37.155	37.106899999999996	37.226	37.268	37.4496	37.2674	37.5158	37.493700000000004	37.446200000000005	37.516	37.9014	37.6956	37.931799999999996	37.9082	38.243500000000004	38.3144	38.5134	38.5395	38.7868	38.772800000000004	38.8764	38.966899999999995	39.339400000000005	39.278200000000005	39.3561	39.6974	39.856	40.0994	40.2546	40.4036	40.6553	40.8584	41.1767	41.1555	41.4649	41.5396	41.740300000000005	42.007	42.2522	42.452400000000004	42.623	42.708	43.1408	43.1638	43.412	43.508	43.6738	43.933699999999995	44.2134	44.3419	44.5638	44.8386	44.9052	45.0781	45.224199999999996	45.4312	45.7085	45.846199999999996	46.0524	46.3108	46.5245	46.6628	46.8552	47.0346	47.2954	47.3248	47.4399	47.7143	48.1132	48.1754	48.2729	48.5255	48.648599999999995	48.9098
Tzo-AMvi_008_Ex1_L4_fastp	53.7714	35.7592	39.1553	36.2881	36.8417	35.6711	35.3433	36.9369	37.5106	35.5946	41.0946	40.3712	39.265699999999995	38.6967	38.4714	38.304	38.47	38.489000000000004	38.6245	38.9432	38.9773	38.567299999999996	38.6297	38.5218	38.1948	38.0925	38.2216	38.238	38.4142	38.5192	38.6786	38.8465	38.5466	38.440999999999995	38.1443	38.3154	38.3006	38.297599999999996	38.4122	38.4139	38.709199999999996	38.434400000000004	38.304899999999996	38.6219	38.115700000000004	38.0044	38.6667	38.3773	38.5866	38.2293	38.418600000000005	38.4544	38.447900000000004	38.2853	38.459199999999996	38.460899999999995	38.379000000000005	38.4024	38.7328	38.4589	38.6906	38.4855	38.3709	38.29	38.7714	38.0643	38.5111	38.398700000000005	38.7194	38.4303	38.6945	38.4951	38.8485	38.574999999999996	38.8295	38.791799999999995	38.7342	38.8676	38.949099999999994	38.9332	38.9443	38.9795	39.0204	38.9915	39.0981	39.2816	39.3407	39.3548	39.6301	39.4859	39.5662	39.7936	39.8156	39.9643	40.0109	40.1823	40.1714	40.3926	40.4849	40.6525	40.8812	40.779199999999996	41.1755	41.3223	41.4549	41.5584	41.8946	42.0103	41.9229	42.3339	42.6213	42.6017	42.7709	43.0537	43.1162	43.538	43.4409	43.9929	44.095600000000005	44.0156	44.362899999999996	44.2785	44.7216	44.9351	44.9021	45.2499	45.3771	45.692	45.672200000000004	45.786300000000004	46.108399999999996	46.1203	46.3198	46.6975	46.7471	46.9814	47.125699999999995	47.3198	47.701	47.708099999999995	48.013	47.955799999999996	48.044799999999995	48.193799999999996	48.6364	49.0086	48.8118	49.1397	49.2618	49.3606
Tzo-AMvi_009_Ex1_L4_fastp	51.4463	34.6283	38.2199	34.6319	35.328900000000004	34.380300000000005	33.6413	34.7313	35.442	34.064	38.8971	38.4448	37.486399999999996	36.9983	36.794700000000006	36.4645	36.805	36.6203	36.8285	36.9137	37.1643	36.783100000000005	36.7601	36.623099999999994	36.5107	36.336600000000004	36.3388	36.4029	36.6438	36.486200000000004	36.7918	36.6304	36.5803	36.5617	36.492200000000004	36.4424	36.387	36.385400000000004	36.4375	36.457699999999996	36.6324	36.477900000000005	36.4775	36.4773	36.534	36.4324	36.4738	36.3792	36.4945	36.3896	36.403	36.484100000000005	36.5817	36.3666	36.5963	36.4813	36.5491	36.4307	36.6167	36.5891	36.8093	36.6171	36.662	36.5843	36.7438	36.6309	36.561	36.6151	36.766799999999996	36.7639	36.9751	36.8401	36.9901	37.1039	37.0783	37.0573	37.3085	37.0829	37.376599999999996	37.2014	37.3953	37.402	37.5909	37.6118	37.8636	37.622299999999996	37.9953	37.9719	38.1423	38.047799999999995	38.2872	38.5176	38.75	38.798700000000004	38.9861	39.002700000000004	39.3448	39.461200000000005	39.610800000000005	39.594	39.9845	39.896100000000004	40.2174	40.5323	40.863	40.8916	41.1758	41.3729	41.599799999999995	41.7027	42.003299999999996	42.1838	42.5562	42.7183	42.8639	43.1607	43.3757	43.5332	43.7304	44.0527	44.0826	44.2932	44.613	44.731700000000004	45.0884	45.1886	45.6205	45.583	45.8317	45.9333	46.178599999999996	46.305	46.572599999999994	46.8765	47.110600000000005	47.2985	47.543800000000005	47.5452	47.8399	48.1552	48.283100000000005	48.4484	48.3958	48.830400000000004	49.173899999999996	49.28	49.4773	49.5503	49.7718	49.925799999999995
Tzo-AMvi_010_Ex1_L4_fastp	53.612899999999996	35.599399999999996	39.187	36.0573	37.0546	35.7483	35.113299999999995	36.5105	37.1769	35.6243	41.0528	40.0471	39.3854	38.5902	38.618900000000004	38.2102	38.5609	38.4122	38.6811	38.667	39.0053	38.5778	38.5917	38.2413	38.382	38.130199999999995	37.865500000000004	38.303599999999996	38.4855	38.3203	38.5992	38.5465	38.4403	38.344	38.17	38.3491	38.3821	37.995000000000005	38.3536	38.2372	38.5648	38.395	38.483000000000004	38.4311	38.2124	38.1522	38.4533	38.3213	38.3806	38.2134	38.4235	38.3592	38.4221	38.368	38.4187	38.2369	38.5359	38.2819	38.504599999999996	38.319199999999995	38.6589	38.4104	38.643100000000004	38.4003	38.526500000000006	38.2757	38.474399999999996	38.327299999999994	38.6424	38.5307	38.568799999999996	38.6544	38.7824	38.555	38.757000000000005	38.7224	38.6921	38.905499999999996	38.855000000000004	38.8477	39.0576	38.826100000000004	38.972899999999996	39.083600000000004	39.082699999999996	39.1998	39.3459	39.5209	39.6302	39.345400000000005	39.7824	39.834199999999996	39.9551	40.1875	40.0747	40.3307	40.4277	40.4738	40.6135	40.7076	40.9461	41.1343	41.236200000000004	41.4853	41.7772	41.7323	42.0291	42.2859	42.4439	42.5516	42.7191	42.8044	43.019600000000004	43.2605	43.562200000000004	43.6916	43.7652	43.9097	44.2307	44.4151	44.5539	44.4617	44.9033	45.0169	45.2411	45.2986	45.594	45.6961	45.9962	46.1191	46.1291	46.374700000000004	46.4773	46.759299999999996	47.1503	47.1581	47.5648	47.347899999999996	47.825	47.8122	47.844300000000004	48.0846	48.1609	48.5327	48.881099999999996	48.8662	48.9915	49.0948	49.4247	49.5784
Tzo-AMvi_011_Ex1_L4_fastp	51.504099999999994	34.5366	37.9501	34.888799999999996	35.6516	34.4858	33.847	34.8768	35.756	34.305400000000006	39.0472	38.672000000000004	37.4771	37.1173	36.8765	36.5636	36.7953	36.8688	37.0603	36.974000000000004	37.3654	36.8529	36.9762	36.5765	36.444900000000004	36.3765	36.27	36.4621	36.7001	36.5246	36.809799999999996	36.7048	36.7313	36.5448	36.5015	36.5762	36.5428	36.2853	36.6174	36.457899999999995	36.7192	36.4957	36.5539	36.6085	36.485	36.4058	36.4321	36.4955	36.588300000000004	36.349	36.6618	36.5977	36.5905	36.5721	36.7132	36.5416	36.763600000000004	36.4962	36.8065	36.6384	36.8351	36.7227	36.6997	36.637100000000004	36.831599999999995	36.572700000000005	36.8089	36.7965	36.9828	36.857	37.025200000000005	37.0319	37.190200000000004	37.0913	37.2473	37.1884	37.270199999999996	37.319	37.4362	37.4774	37.5009	37.446600000000004	37.689699999999995	37.6896	37.798	37.9896	38.0899	38.103300000000004	38.4332	38.3892	38.6147	38.644099999999995	38.7842	39.0231	39.2008	39.2132	39.3182	39.677099999999996	39.8872	39.987899999999996	40.1182	40.1673	40.5912	40.7376	41.0794	41.133900000000004	41.3792	41.6539	41.7778	42.018699999999995	42.2431	42.2253	42.6455	42.8452	43.0339	43.2775	43.3522	43.6338	43.8579	44.138	44.405	44.3369	44.711800000000004	44.7668	45.191700000000004	45.2536	45.486599999999996	45.772600000000004	45.8967	46.1352	46.2906	46.4498	46.943	46.9637	47.4988	47.5001	47.796699999999994	48.038799999999995	48.2724	48.6722	48.838100000000004	48.9137	49.1223	49.457499999999996	50.0088	50.07	50.039	50.37970000000001	50.610299999999995	50.810900000000004
Tzo-AMvi_012_Ex1_L4_fastp	53.7478	35.7342	38.6476	35.6145	36.5167	35.280899999999995	34.787600000000005	36.0173	36.732	35.0896	40.1033	39.5184	38.582300000000004	37.992399999999996	37.9398	37.4054	37.857400000000005	37.5582	37.9807	37.7883	38.2979	37.7036	37.7812	37.6573	37.4411	37.3046	37.3114	37.485800000000005	37.6637	37.5517	37.7823	37.796600000000005	37.5755	37.5284	37.3996	37.3539	37.5025	37.2413	37.4746	37.4759	37.7577	37.4834	37.635600000000004	37.4617	37.4697	37.438	37.5221	37.461800000000004	37.622	37.4679	37.5852	37.5071	37.600699999999996	37.4826	37.585	37.466699999999996	37.6709	37.5548	37.7732	37.5783	37.8522	37.546600000000005	37.851	37.5338	37.806	37.371500000000005	37.8012	37.5894	37.8339	37.7067	37.9428	37.7418	38.1006	37.905699999999996	38.1541	37.9703	38.1911	38.0443	38.2348	37.9907	38.440000000000005	38.0996	38.5062	38.318200000000004	38.6126	38.6192	38.755	38.8562	39.0047	38.9308	39.1744	39.2712	39.309	39.5154	39.5866	39.7647	39.879599999999996	39.9789	40.2094	40.2306	40.4225	40.543800000000005	40.840199999999996	41.0636	41.2367	41.286699999999996	41.6725	41.7974	42.0103	42.0961	42.294599999999996	42.491800000000005	42.6087	42.7522	43.0436	43.1694	43.4275	43.5589	43.7932	43.9423	44.0781	44.1633	44.4668	44.6526	44.8574	44.9315	45.3554	45.3183	45.5785	45.650800000000004	45.9651	46.1888	46.3693	46.4787	46.9255	47.0551	47.3053	47.444900000000004	47.896899999999995	47.9024	48.1441	48.2575	48.301300000000005	48.696	49.3065	49.2656	49.364000000000004	49.5037	49.716300000000004	49.8944
Tzo-AMvi_013_Ex1_L4_fastp	52.5992	35.816199999999995	39.4604	36.3082	37.127500000000005	35.986200000000004	35.414899999999996	36.4076	37.199799999999996	35.7269	40.6111	39.913900000000005	39.0873	38.5703	38.576899999999995	38.2089	38.4266	38.4456	38.6932	38.5768	38.9012	38.473	38.5187	38.3695	38.237	38.228	38.1276	38.2849	38.4401	38.452799999999996	38.4937	38.629799999999996	38.4501	38.3813	38.1633	38.3186	38.2689	38.121300000000005	38.4689	38.103500000000004	38.5253	38.2615	38.2782	38.4079	38.2783	38.154700000000005	38.3896	38.316	38.502900000000004	38.2398	38.5473	38.298100000000005	38.4433	38.284400000000005	38.337900000000005	38.2548	38.3771	38.3227	38.5057	38.417	38.5064	38.3742	38.5677	38.2654	38.5567	38.1723	38.4559	38.4302	38.672200000000004	38.458999999999996	38.6876	38.649699999999996	38.7492	38.6899	38.8284	38.669799999999995	38.8764	38.8928	38.8571	38.770700000000005	39.0515	38.8232	39.1582	39.035799999999995	39.1885	39.124199999999995	39.4073	39.3811	39.5939	39.486399999999996	39.6295	39.7635	39.8883	40.011799999999994	39.9829	40.2453	40.3491	40.4515	40.6545	40.6553	40.8794	40.8352	41.091699999999996	41.2762	41.6479	41.618100000000005	42.0552	42.0447	42.139500000000005	42.3912	42.5901	42.6862	42.886	43.0901	43.383	43.6028	43.8285	43.877	44.1451	44.187	44.4749	44.586	44.7494	44.866099999999996	45.1901	45.3108	45.5477	45.6619	45.893299999999996	46.0073	46.3264	46.461400000000005	46.6903	46.821200000000005	47.2118	47.3057	47.6305	47.7572	47.9135	48.1192	48.295700000000004	48.4402	48.6058	48.8534	49.289500000000004	49.3805	49.4895	49.6029	49.8078	49.967800000000004
Tzo-AMvi_014_Ex1_L4_fastp	56.00619999999999	40.8943	43.257	41.0385	42.0647	40.8804	40.570299999999996	42.2292	42.6515	40.4108	45.3951	44.949099999999994	44.181599999999996	43.6764	43.2531	43.4184	43.8555	43.3535	44.138	43.7475	44.0936	43.7379	43.7676	43.399100000000004	43.1524	43.2929	42.916399999999996	43.6117	43.658500000000004	43.6521	43.7496	43.9715	43.6946	43.4516	43.7697	43.505300000000005	43.4826	43.3673	43.577	43.5699	43.9301	43.900099999999995	43.4923	43.830799999999996	43.3315	43.4952	43.844	43.8077	43.9596	43.7813	43.6614	43.816500000000005	43.9745	43.1714	43.7855	43.516	43.6062	43.6926	44.0972	43.6461	43.9116	43.677899999999994	43.7073	43.2729	44.0618	43.153000000000006	43.6023	43.7352	43.6401	43.7214	43.8424	43.4642	43.9852	43.582100000000004	43.858599999999996	43.5232	43.983	43.9628	44.0796	44.067099999999996	43.967800000000004	43.6809	44.0539	43.9156	43.7934	44.2417	43.922	44.1478	44.453900000000004	43.742399999999996	44.1673	44.6551	43.9612	44.5539	44.5803	44.872	44.5472	44.687599999999996	44.8954	44.3573	44.8701	45.048700000000004	44.9841	45.2713	45.1686	44.9828	45.4434	45.5868	45.872099999999996	45.6558	45.8499	45.9679	46.131499999999996	46.2128	46.2246	46.5573	46.6252	46.698299999999996	47.2226	46.846700000000006	46.9935	47.2084	47.251599999999996	47.3831	47.6661	47.4503	47.6689	47.951899999999995	47.910000000000004	47.713100000000004	48.4254	48.1646	48.6963	48.918499999999995	48.5704	48.9375	48.991099999999996	49.1817	49.2769	49.4082	49.6464	49.5039	49.782900000000005	49.6389	50.048899999999996	50.18169999999999	50.0125	50.4517	49.9833	50.674
Tzo-AMvi_015_Ex1_L4_fastp	53.15299999999999	36.439	39.7712	36.5736	36.955799999999996	36.1963	35.4512	36.721	37.5786	35.744	40.5565	40.0426	38.9192	38.4764	38.3529	38.1632	38.2534	38.2934	38.4913	38.3236	38.8076	38.4067	38.3546	38.101600000000005	37.9649	37.8587	37.8919	38.0648	38.196600000000004	38.1185	38.3351	38.3142	38.1192	38.1039	37.812400000000004	38.0296	37.9319	37.933299999999996	37.8541	37.961600000000004	38.329299999999996	38.0448	38.0574	38.0588	38.0389	37.9743	37.9636	38.0727	38.0851	37.9295	38.2257	37.9896	38.1854	37.9551	37.9812	37.9707	38.127	38.045	38.2604	38.0988	38.305	38.1511	38.3285	38.0805	38.2394	37.9916	38.2054	38.2019	38.3294	38.208999999999996	38.3376	38.283699999999996	38.587500000000006	38.2796	38.6604	38.4303	38.6622	38.5869	38.724	38.6235	38.7505	38.5398	38.884600000000006	38.4833	38.9552	38.8967	39.0278	39.0349	39.1679	39.1487	39.2824	39.4538	39.575700000000005	39.6734	39.6347	40.001799999999996	40.051199999999994	39.9972	40.1957	40.163399999999996	40.5355	40.4409	40.921800000000005	40.8716	41.2704	41.174	41.2709	41.5509	41.7929	41.810900000000004	42.044399999999996	42.0833	42.463899999999995	42.546099999999996	42.7222	42.9199	43.0292	43.1888	43.5052	43.7186	43.7717	43.931599999999996	44.1503	44.229400000000005	44.5361	44.5869	44.824799999999996	45.0105	45.0839	45.3229	45.4461	45.5584	45.8509	45.9229	46.3829	46.3917	46.6154	46.8737	46.681200000000004	47.0441	47.239399999999996	47.321000000000005	47.4859	47.6999	48.071999999999996	48.1032	48.2143	48.436299999999996	48.673100000000005	48.8401
Tzo-AMvi_016_Ex1_L4_fastp	54.508900000000004	36.7326	40.549800000000005	37.3154	38.0768	36.862	36.620000000000005	38.1695	38.805299999999995	36.6881	42.1482	41.3137	40.2707	39.629599999999996	39.6942	39.3816	39.6875	39.6011	40.0715	39.854299999999995	40.2079	39.6854	39.8278	39.4878	39.3692	39.2247	39.4663	39.5943	39.8453	39.6337	39.9144	39.94	39.5561	39.6594	39.345	39.6372	39.691500000000005	39.380500000000005	39.5974	39.564	39.8582	39.5927	39.6113	39.506	39.5782	39.5614	39.547900000000006	39.4972	39.795700000000004	39.3982	39.7134	39.8097	39.6469	39.2934	39.6312	39.466499999999996	39.750600000000006	39.6648	39.9577	39.562799999999996	39.8307	39.555299999999995	39.908100000000005	39.4246	39.7286	39.3713	39.724900000000005	39.5225	39.8964	39.710699999999996	39.8729	39.7856	39.945	39.8162	39.8705	39.7113	40.0811	39.7835	39.9906	39.8763	40.1346	39.95	40.2473	39.925	40.1785	40.0211	40.359	40.3124	40.5045	40.3908	40.544599999999996	40.6854	40.629	40.79	40.7721	41.1173	41.0674	41.0359	41.223	41.279199999999996	41.4186	41.3031	41.7644	41.9494	42.037400000000005	41.9917	42.518899999999995	42.3829	42.7493	42.7206	42.8083	42.8537	43.2139	43.0964	43.3666	43.6597	43.7523	44.0452	44.0665	44.4208	44.4572	44.3838	44.6048	44.7907	45.1546	45.0295	45.381899999999995	45.4701	45.5852	45.7091	45.9118	46.1465	46.267599999999995	46.393	46.6467	46.7588	46.899499999999996	47.0236	47.266200000000005	47.5154	47.5402	47.4964	47.8585	48.031600000000005	48.254599999999996	48.5116	48.398799999999994	48.7936	48.8543	49.0294
Tzo-AMvi_017_Ex1_L4_fastp	52.8035	35.6888	39.1233	36.2427	36.721599999999995	35.6549	35.0865	36.6666	37.3216	35.4426	40.5306	39.864	38.6868	38.1732	38.1203	37.6697	38.1853	37.8626	38.239000000000004	38.4052	38.5784	38.2402	38.0208	37.9271	37.7662	37.7076	37.6806	37.7279	37.9547	37.9193	37.972	38.1045	37.8041	37.872299999999996	37.7187	37.6978	38.0482	37.521300000000004	37.776700000000005	37.8877	38.0259	37.7879	37.886399999999995	37.832	37.6751	37.622299999999996	37.638	37.7302	37.9	37.6863	37.885600000000004	37.864599999999996	37.714999999999996	37.7798	37.933299999999996	37.7677	37.8069	37.6667	38.05	37.845	38.0623	37.8712	37.9043	37.9303	38.0105	37.7342	38.1315	37.8686	38.1344	37.8696	38.2708	38.1067	38.2026	38.1126	38.372299999999996	38.2046	38.418600000000005	38.318000000000005	38.3141	38.3718	38.4278	38.366499999999995	38.607200000000006	38.449600000000004	38.7544	38.7338	38.9227	39.0858	39.2652	39.145	39.2748	39.3574	39.420899999999996	39.609100000000005	39.7241	39.841300000000004	39.9715	39.9535	40.1558	40.3842	40.4439	40.542	40.837	41.1436	41.2852	41.3376	41.6546	41.7605	41.8521	42.093799999999995	42.2186	42.311	42.4799	42.783	43.020599999999995	43.227199999999996	43.439299999999996	43.595299999999995	43.663999999999994	43.919599999999996	44.1906	44.3636	44.4406	44.5529	44.8511	45.041799999999995	45.2614	45.300200000000004	45.6164	45.638400000000004	45.8364	46.2204	46.341100000000004	46.418	46.7453	46.9009	47.2696	47.2766	47.4914	47.7603	47.8076	47.849799999999995	48.159800000000004	48.1899	48.687200000000004	48.9494	49.1492	49.1817	49.3431	49.6475
Tzo-AMvi_018_Ex1_L4_fastp	53.8682	36.511900000000004	40.2539	37.2176	37.907999999999994	36.903999999999996	36.561	37.9423	38.9513	36.8816	42.2045	41.0773	40.2902	39.5663	39.719	39.376	39.6786	39.6672	40.025	39.913900000000005	40.3192	39.892	39.7813	39.6505	39.5267	39.2945	39.5034	39.5657	39.8768	39.6741	40.057900000000004	39.881299999999996	39.645599999999995	39.690999999999995	39.4928	39.6271	39.6354	39.515299999999996	39.763799999999996	39.656400000000005	40.0701	39.8279	39.657199999999996	39.5266	39.5426	39.5516	39.617000000000004	39.8029	39.846199999999996	39.606700000000004	39.7814	39.6928	39.757799999999996	39.5281	39.6329	39.6368	39.9243	39.7788	40.1379	39.6932	39.9814	39.8278	40.0057	39.3827	39.7816	39.4241	39.8371	39.796	40.042899999999996	39.791199999999996	40.0752	39.7104	40.1838	39.826299999999996	40.135	39.8164	39.927	40.0273	40.096199999999996	40.091	40.0929	39.990500000000004	40.2315	39.9859	40.269	40.216499999999996	40.4037	40.5668	40.7093	40.5675	40.7594	40.7747	40.7756	40.929300000000005	41.0341	41.0067	41.241499999999995	41.2294	41.4469	41.4116	41.6759	41.6804	41.952	42.0488	42.268299999999996	42.324400000000004	42.6556	42.7364	42.9651	42.9289	43.028800000000004	43.214000000000006	43.4074	43.6446	43.8009	44.1372	44.1862	44.3104	44.5095	44.681599999999996	44.757000000000005	44.6957	45.050200000000004	45.235	45.401799999999994	45.598499999999994	45.7575	45.838	46.1986	46.087	46.2895	46.5073	46.67	47.043800000000005	47.1849	47.2054	47.5394	47.525	47.899	47.9146	48.1543	48.3673	48.193200000000004	48.6033	48.977	49.1704	49.1382	49.521300000000004	49.6442	49.722100000000005
Tzo-AMvi_019_Ex1_L4_fastp	54.6632	37.7362	41.3396	38.2616	38.6983	37.8978	37.330799999999996	38.8477	39.5382	37.638	42.7798	41.9969	41.0692	40.4204	40.3554	40.0464	40.4376	40.448699999999995	40.779700000000005	40.8215	41.2843	40.5513	40.508300000000006	40.403299999999994	40.318	40.1774	40.12	40.6082	40.5766	40.5944	40.7156	40.7293	40.4092	40.5329	40.0998	40.4962	40.5542	40.2113	40.630300000000005	40.429700000000004	40.8874	40.559400000000004	40.3615	40.517900000000004	40.220800000000004	40.413399999999996	40.5671	40.591300000000004	40.7659	40.333200000000005	40.5631	40.7097	40.395900000000005	40.4198	40.565400000000004	40.5047	40.75	40.6434	40.762	40.5887	40.9219	40.521	40.5826	40.253299999999996	40.52	40.151900000000005	40.6765	40.3122	40.7725	40.6006	40.7902	40.5938	40.6831	40.6188	40.897800000000004	40.7661	40.9238	40.7623	40.886	40.6993	40.7992	40.5467	41.0069	40.6823	41.0531	40.8698	41.38	41.2434	41.5329	41.120000000000005	41.4268	41.4574	41.4865	41.75	41.5188	41.816900000000004	41.8739	41.8739	42.056	42.025400000000005	42.2318	42.0011	42.5158	42.5539	42.697	42.9159	43.1291	43.2004	43.2171	43.526399999999995	43.5167	43.6057	43.7286	43.8814	43.9264	44.4079	44.446000000000005	44.5942	44.7617	44.9266	45.0032	44.893499999999996	45.2147	45.1613	45.5961	45.5944	45.9188	46.012	46.168	46.082699999999996	46.3035	46.2454	46.755	46.886	47.164	47.271	47.4259	47.353699999999996	47.7922	47.971799999999995	47.8918	48.1336	48.108000000000004	48.3805	48.8116	48.808099999999996	48.8942	49.0647	49.146	49.3363
Tzo-AMvi_020_Ex1_L4_fastp	53.6486	35.9732	39.8931	36.6272	37.3659	36.1093	35.6518	37.1169	37.7071	36.004599999999996	41.2378	40.4827	39.4243	38.8397	38.8787	38.4628	38.6149	38.817299999999996	39.0988	39.135	39.4258	38.8147	38.907799999999995	38.6138	38.5905	38.4581	38.5287	38.6177	38.8532	38.813900000000004	38.9621	39.0329	38.750099999999996	38.905	38.3009	38.7298	38.6408	38.4405	38.9127	38.717800000000004	38.9863	38.7451	38.6032	38.7072	38.5336	38.600899999999996	38.8161	38.805800000000005	38.7968	38.5955	38.8743	38.825500000000005	38.8144	38.7076	38.8422	38.657399999999996	38.8415	38.6505	39.009	38.7413	39.0323	38.8323	38.8117	38.6679	38.751799999999996	38.4373	38.9	38.6491	38.8045	38.9154	39.098	38.790200000000006	39.1945	38.9175	39.0876	38.8549	39.102399999999996	39.03	39.2488	39.1547	39.2905	38.8523	39.2445	39.1167	39.3558	39.1008	39.4714	39.5362	39.7491	39.5567	39.636700000000005	39.7893	39.922999999999995	40.0998	39.949200000000005	40.2478	40.3053	40.4039	40.468900000000005	40.5598	40.7335	40.8719	41.0678	41.148	41.4157	41.5182	41.8116	41.998400000000004	42.126400000000004	42.215799999999994	42.2934	42.3707	42.579299999999996	42.667100000000005	42.9553	43.069	43.425399999999996	43.5181	43.7292	43.751400000000004	44.0313	44.0594	44.2879	44.3316	44.6656	44.7807	45.0285	45.1349	45.525999999999996	45.298899999999996	45.685500000000005	46.0167	45.9347	46.267599999999995	46.3883	46.4704	46.9265	46.8538	47.1624	47.2707	47.2887	47.7326	47.6434	47.9972	48.349399999999996	48.2991	48.4369	48.5882	48.753099999999996	48.9664
Tzo-AMvi_021_Ex1_L4_fastp	52.6544	37.2552	40.7213	37.7587	38.2054	37.3367	36.667	38.177299999999995	38.7603	37.1172	41.7842	41.417300000000004	40.293	39.9461	39.8628	39.527499999999996	39.8557	39.8345	40.0393	39.9171	40.2018	39.7677	39.7526	39.6945	39.5864	39.5817	39.4241	39.749	40.0063	39.786500000000004	39.923500000000004	40.1005	39.873	39.829100000000004	39.6078	39.834399999999995	39.7712	39.3705	39.8069	39.7964	39.9723	39.797900000000006	39.7097	39.6818	39.7434	39.873	39.827	39.6884	39.817	39.569500000000005	39.758500000000005	39.8553	39.7714	39.7992	39.882600000000004	39.5873	39.8643	39.724399999999996	39.9243	39.8512	39.8521	39.8403	40.014	39.6553	39.7396	39.670100000000005	39.8279	39.6085	39.8692	39.785	39.9452	39.970099999999995	40.0669	39.7098	40.2084	39.959	39.9909	40.076499999999996	39.9735	39.976800000000004	40.2501	40.006	40.3919	40.2764	40.242	40.318	40.4599	40.6357	40.408899999999996	40.4953	40.6088	40.804	40.801700000000004	40.847699999999996	40.882200000000005	41.1544	41.3035	41.3063	41.4114	41.3889	41.7801	41.5549	41.9476	42.1567	42.2391	42.2849	42.4632	42.8144	42.9556	42.7587	43.1993	43.1158	43.3079	43.7444	43.6398	44.1248	44.1089	44.305499999999995	44.561	44.6419	44.915699999999994	45.0464	45.2004	45.3816	45.605000000000004	45.5586	45.901399999999995	46.0014	46.394999999999996	46.449	46.453100000000006	46.9474	47.072599999999994	47.0872	47.2997	47.5421	47.6062	47.8233	48.0733	48.114200000000004	48.3506	48.208600000000004	48.6315	48.784499999999994	49.2027	49.1153	49.2044	49.337599999999995	49.5518	49.5703
Tzo-AMvi_022_Ex1_L4_fastp	54.9191	35.9064	41.0874	37.3658	37.7989	36.776199999999996	36.4745	37.3066	38.3304	36.7053	41.8401	40.972500000000004	40.1833	39.6292	39.5382	39.1417	39.545	39.2374	39.7975	39.687400000000004	40.1071	39.4395	39.5723	39.3846	39.218399999999995	39.1674	39.3292	39.1385	39.585100000000004	39.2735	39.691500000000005	39.6415	39.4096	39.5362	39.3964	39.312799999999996	39.522600000000004	39.2257	39.427800000000005	39.509699999999995	39.6605	39.5179	39.5329	39.5404	39.333	39.3718	39.555299999999995	39.3212	39.6271	39.385	39.587	39.528200000000005	39.4669	39.2771	39.5108	39.2301	39.5032	39.4541	39.876	39.305299999999995	39.8637	39.400400000000005	39.6644	39.318999999999996	39.6571	39.2485	39.6686	39.3734	39.7235	39.4996	39.699600000000004	39.5279	39.8458	39.5266	39.9873	39.6341	39.8005	39.6742	39.9296	39.7739	39.8499	39.6862	39.8849	39.7265	40.0036	40.0256	39.9909	40.3204	40.3208	39.995000000000005	40.373	40.330799999999996	40.3987	40.382200000000005	40.5798	40.528	40.8326	40.774899999999995	40.7864	40.922799999999995	41.016000000000005	41.1006	41.296	41.32	41.4405	41.5206	41.9146	41.8546	42.0171	42.115700000000004	42.214200000000005	42.2493	42.5531	42.5927	42.9283	43.0181	43.133700000000005	43.3291	43.5641	43.5433	43.655300000000004	43.6586	43.9807	43.978699999999996	44.56	44.323499999999996	44.6759	44.8976	44.9546	44.9836	45.1992	45.1914	45.4867	45.5541	45.967999999999996	45.766600000000004	46.1805	46.2031	46.226299999999995	46.622	46.7119	46.7573	46.9893	46.998400000000004	47.4044	47.3647	47.5226	47.6987	47.8209	47.843999999999994
Tzo-AMvi_023_Ex1_L4_fastp	53.183800000000005	35.524699999999996	39.3037	36.0824	36.818200000000004	35.5814	35.178799999999995	36.4114	37.1153	35.2601	40.295199999999994	39.5539	38.614599999999996	38.149699999999996	38.0522	37.7826	38.0238	37.8803	38.0725	38.0772	38.4585	37.980199999999996	38.0911	37.8009	37.6925	37.5892	37.6427	37.7831	37.886399999999995	37.927699999999994	37.925599999999996	38.0784	37.8589	37.8134	37.6734	37.649	37.6811	37.449799999999996	37.8042	37.5741	37.839800000000004	37.7382	37.770700000000005	37.8172	37.662099999999995	37.6419	37.5987	37.8077	37.7239	37.5666	37.8061	37.826100000000004	37.670500000000004	37.7258	37.7992	37.6451	37.9024	37.6529	37.9803	37.7833	38.0321	37.8075	37.9227	37.7423	37.8613	37.6293	37.8733	37.7975	38.027699999999996	37.9672	38.033899999999996	37.9026	38.2291	38.017	38.1191	38.2076	38.289699999999996	38.1796	38.184000000000005	38.0974	38.4723	38.228899999999996	38.527	38.3634	38.5216	38.587700000000005	38.7922	38.7782	39.0679	38.8883	39.0246	39.0351	39.3149	39.3814	39.4989	39.5884	39.5976	39.8052	39.8354	40.1476	40.091300000000004	40.267399999999995	40.5733	40.7775	40.8728	41.0605	41.245	41.397800000000004	41.4213	41.6494	41.8566	41.951899999999995	42.3731	42.3497	42.5769	42.763600000000004	42.963699999999996	43.1042	43.266	43.486000000000004	43.708999999999996	43.6122	44.0086	44.0518	44.3857	44.5197	44.7629	44.9575	45.002199999999995	45.3442	45.3968	45.5543	45.8744	45.9583	46.434	46.4238	46.6436	47.0327	47.1497	47.3528	47.6486	47.6283	47.8286	48.051700000000004	48.6092	48.6779	48.7016	49.0224	49.1051	49.358999999999995
Tzo-AMvi_024_Ex1_L4_fastp	53.292300000000004	35.4385	39.5726	36.247	37.122	35.7728	35.4216	36.4864	37.1242	35.6749	40.5454	40.033	38.9634	38.303799999999995	38.3776	38.0372	38.3608	38.2745	38.4482	38.3751	38.9112	38.357400000000005	38.4226	38.1036	38.1653	37.8674	37.749700000000004	38.067299999999996	38.1813	38.0608	38.5075	38.304500000000004	38.1658	38.1701	37.920700000000004	38.0155	38.2023	37.833800000000004	38.18	38.0934	38.3382	38.1749	38.1838	38.077600000000004	38.0568	37.9744	38.1718	38.1185	38.1602	38.0203	38.1704	38.2108	38.2049	38.016299999999994	38.3511	38.0283	38.161899999999996	38.1659	38.2831	38.1657	38.4003	38.0801	38.405699999999996	38.089	38.190000000000005	37.9681	38.3304	38.018	38.2915	38.2029	38.3796	38.3702	38.6198	38.3477	38.508700000000005	38.3009	38.426	38.5162	38.4915	38.4685	38.589	38.5244	38.7931	38.5798	38.838499999999996	38.7446	39.013799999999996	39.0196	39.1507	39.0868	39.1751	39.3422	39.541199999999996	39.4867	39.6466	39.6768	39.834	40.022200000000005	40.0942	40.0436	40.2623	40.429500000000004	40.6634	40.7696	41.019800000000004	41.0197	41.273199999999996	41.5416	41.566199999999995	41.7464	41.9196	41.984100000000005	42.1663	42.3313	42.6245	42.7405	42.9915	43.0411	43.372	43.4527	43.622699999999995	43.6908	43.9113	44.1716	44.3284	44.4358	44.7693	44.8161	45.0171	45.1587	45.4183	45.5629	45.646100000000004	45.9455	46.231100000000005	46.2885	46.5945	46.8315	47.034	47.1672	47.4331	47.396300000000004	47.5479	47.850500000000004	48.341699999999996	48.336800000000004	48.428399999999996	48.5027	48.7254	48.9295
Tzo-AMvi_025_Ex1_L4_fastp	51.759299999999996	35.5766	38.6421	35.5439	35.9842	35.025800000000004	34.322900000000004	35.7838	36.3046	34.72	39.5623	39.0636	37.9319	37.4147	37.3438	37.0334	37.1325	37.189499999999995	37.356899999999996	37.3273	37.6449	37.2658	37.1985	37.1056	36.981	36.782399999999996	36.8392	36.9401	37.1365	37.0114	37.3108	37.2429	37.1221	37.0392	36.9137	36.8329	36.9333	36.7208	36.9266	36.9511	37.184	36.9876	37.147999999999996	37.0429	36.8724	36.9345	36.9903	36.886799999999994	37.034800000000004	36.843199999999996	36.9948	37.033100000000005	37.115500000000004	36.9539	37.1198	36.9199	37.1099	36.980000000000004	37.2425	37.0504	37.2601	37.0451	37.404900000000005	37.1029	37.2667	37.0158	37.254799999999996	37.061699999999995	37.3281	37.373	37.4709	37.4715	37.606899999999996	37.5458	37.7083	37.6164	37.6594	37.6451	37.7739	37.7063	37.9961	37.955299999999994	38.1044	38.0788	38.359500000000004	38.1917	38.547599999999996	38.51	38.6809	38.7277	38.9493	39.1015	39.3359	39.4079	39.532000000000004	39.710499999999996	39.8114	39.9523	40.1075	40.2705	40.6168	40.6518	40.9343	41.2438	41.435100000000006	41.574299999999994	41.8853	42.1296	42.233399999999996	42.3814	42.7002	42.8284	43.1564	43.324600000000004	43.5799	43.7628	43.9562	44.167699999999996	44.442	44.5854	44.7388	44.9517	45.274	45.4853	45.6282	45.7984	46.0722	46.242	46.494099999999996	46.6518	46.9533	47.0304	47.358200000000004	47.4839	47.9086	48.0267	48.224000000000004	48.5663	48.649300000000004	48.9792	49.2566	49.260799999999996	49.5537	49.7767	50.3301	50.271	50.4246	50.6402	50.8294	50.9673
Tzo-AMvi_026_Ex1_L4_fastp	52.47389999999999	36.9175	39.3703	36.7271	37.6027	36.465399999999995	35.9469	37.046	37.793	36.4527	40.937200000000004	40.409800000000004	39.576299999999996	39.1116	38.9891	38.5778	38.966	38.8977	39.0932	39.0373	39.468199999999996	38.9237	39.0375	38.6262	38.7309	38.7111	38.4972	38.6331	38.884600000000006	38.6939	39.037	38.994	38.7497	38.7074	38.5232	38.650600000000004	38.719	38.4869	38.7988	38.6293	39.0072	38.7552	38.772099999999995	38.6191	38.663799999999995	38.6204	38.8078	38.7183	38.797599999999996	38.6847	38.8114	38.8422	38.8611	38.7011	38.8566	38.6666	38.9725	38.860299999999995	39.0664	38.614399999999996	39.1034	38.7553	39.0619	38.7187	38.9972	38.6725	39.0471	38.8981	39.2071	39.022600000000004	39.204899999999995	39.157599999999995	39.4166	39.2068	39.487	39.2733	39.4263	39.387699999999995	39.4838	39.4395	39.6213	39.4486	39.8381	39.7646	39.990500000000004	39.9245	40.0552	40.2149	40.3425	40.2751	40.4833	40.6241	40.7919	40.9322	41.0476	41.200900000000004	41.4006	41.3581	41.6991	41.6711	42.0951	41.9993	42.5442	42.5587	42.7736	42.984899999999996	43.2373	43.386	43.662099999999995	43.6718	44.0567	44.1452	44.197900000000004	44.6732	44.775999999999996	44.962	45.1813	45.4032	45.5737	45.757799999999996	45.9498	46.1284	46.3744	46.5169	46.734500000000004	46.9771	47.184799999999996	47.2759	47.4818	47.7491	47.8992	48.199799999999996	48.4405	48.587	48.883900000000004	49.0691	49.2173	49.4891	49.733	50.0178	50.10829999999999	50.2698	50.5912	50.674	51.296600000000005	51.286100000000005	51.3468	51.5918	51.8665	52.0098
Tzo-AMvi_027_Ex1_L4_fastp	54.7256	35.2477	40.3204	36.0849	36.5919	35.6333	35.2574	36.4021	37.1841	35.706900000000005	40.7154	40.0211	38.9973	38.4708	38.587199999999996	38.0454	38.3307	38.243300000000005	38.520199999999996	38.3508	38.8144	38.4778	38.4508	38.0237	38.0702	37.9903	37.97	38.1798	38.286	38.1671	38.3222	38.432100000000005	38.1251	38.2473	37.9158	38.072	38.0966	37.9228	38.1244	38.0075	38.398700000000005	38.2005	38.2756	38.2473	38.0482	38.0525	38.1311	38.0318	38.2007	37.9394	38.2023	38.2263	38.1804	38.1385	38.1991	38.041799999999995	38.2192	38.191900000000004	38.3686	38.138	38.373200000000004	38.1733	38.498	38.205600000000004	38.432300000000005	38.1199	38.3717	38.155499999999996	38.5019	38.2338	38.4944	38.4367	38.5888	38.521699999999996	38.650400000000005	38.5855	38.7611	38.6522	38.7763	38.6871	38.8878	38.7125	38.9906	38.9337	39.132099999999994	39.0594	39.2602	39.286100000000005	39.4659	39.4442	39.5126	39.7483	39.989599999999996	40.0858	40.0848	40.1244	40.3256	40.3347	40.5237	40.631099999999996	40.8112	40.8612	41.2239	41.2203	41.5424	41.6357	41.7997	41.9991	42.2094	42.2447	42.4686	42.5828	42.777100000000004	42.9201	43.2174	43.3875	43.5242	43.8092	43.9041	44.0124	44.3234	44.2133	44.576	44.6744	44.99	44.9778	45.2269	45.4242	45.5614	45.7359	45.872	46.0173	46.388200000000005	46.3163	46.7375	46.8003	46.9073	47.2375	47.3009	47.6408	47.7099	47.7493	48.0656	48.1523	48.507099999999994	48.7111	48.7434	48.9854	49.167	49.5013
Tzo-AMvi_028_Ex1_L4_fastp	52.617999999999995	35.6138	38.3866	35.5695	36.5831	35.307300000000005	34.8309	35.8	36.472300000000004	35.2389	39.7507	39.1275	38.3502	37.688100000000006	37.7083	37.329299999999996	37.6256	37.3889	37.7455	37.687799999999996	38.074200000000005	37.6641	37.674099999999996	37.379400000000004	37.2749	37.2274	37.1238	37.2898	37.3132	37.3421	37.5504	37.5446	37.350100000000005	37.3849	37.1633	37.2491	37.1875	37.1184	37.2542	37.2061	37.499300000000005	37.338	37.392900000000004	37.5217	37.1992	37.2707	37.407000000000004	37.2334	37.3637	37.2812	37.3274	37.3555	37.4233	37.2479	37.4163	37.3329	37.458999999999996	37.3729	37.6166	37.3491	37.6676	37.502	37.594100000000005	37.4363	37.6509	37.3529	37.5841	37.6022	37.6849	37.6452	37.8197	37.7814	37.9946	37.8307	38.005100000000006	37.9425	38.046400000000006	37.9792	38.115	38.1175	38.2893	38.150800000000004	38.5424	38.3504	38.5982	38.6106	38.670100000000005	38.8359	38.960499999999996	38.9502	39.212599999999995	39.3037	39.3615	39.6406	39.5992	39.824	39.8446	40.0595	40.2893	40.3491	40.6393	40.6335	41.047200000000004	41.2543	41.4215	41.4981	41.7921	41.9298	42.133199999999995	42.2577	42.492799999999995	42.6434	42.7926	43.235299999999995	43.296600000000005	43.4838	43.7587	43.7701	44.172200000000004	44.2284	44.5381	44.653	44.7359	44.953700000000005	45.3026	45.2602	45.5951	45.7947	46.0295	46.0995	46.2503	46.4593	46.8206	46.867	47.1432	47.359899999999996	47.6302	47.6867	47.8884	48.1229	48.1941	48.503800000000005	48.5192	48.9645	49.1691	49.3341	49.4728	49.5907	49.8741	50.1216
Tzo-AMvi_029_Ex1_L4_fastp	52.243399999999994	34.9047	38.0354	35.2616	36.0064	34.9495	34.3621	36.034	36.4874	34.679700000000004	39.934799999999996	39.1618	37.9432	37.3498	37.3953	37.0246	37.223600000000005	37.3678	37.4358	37.5708	37.7701	37.4131	37.310700000000004	37.0971	37.064099999999996	36.851	36.8384	37.1257	37.1567	37.256499999999996	37.2994	37.3625	37.2525	37.0985	37.101299999999995	36.9636	37.1051	36.8056	37.1053	37.0569	37.262299999999996	37.145	37.151	37.071799999999996	37.1014	37.095099999999995	37.0522	37.1089	37.2206	37.038900000000005	37.1656	37.1224	37.1792	36.9579	37.0709	37.0512	37.2149	37.0961	37.2098	37.2917	37.594300000000004	37.2902	37.4099	37.102000000000004	37.441	37.183899999999994	37.4521	37.320100000000004	37.5647	37.4212	37.668099999999995	37.547399999999996	37.879400000000004	37.6786	37.8697	37.7278	38.0186	37.9374	38.0729	38.1101	38.2676	38.1291	38.4135	38.3476	38.7064	38.5641	38.8351	38.9049	39.0609	39.082	39.3825	39.4586	39.693	39.8081	39.9808	40.3202	40.3022	40.4856	40.7958	40.8515	41.179	41.2486	41.646499999999996	41.8125	42.131	42.2962	42.5241	42.7635	43.0379	43.214000000000006	43.4628	43.5661	43.7772	44.0747	44.4092	44.6538	44.8108	44.9025	45.1573	45.2851	45.6397	45.7032	46.0288	46.2485	46.4923	46.6082	46.902100000000004	47.0206	47.254400000000004	47.3454	47.576299999999996	47.7282	48.0544	48.226200000000006	48.619299999999996	48.598200000000006	48.9357	49.0397	49.255300000000005	49.504599999999996	49.6744	49.777300000000004	50.0287	50.239900000000006	50.6324	50.731300000000005	50.890100000000004	51.154999999999994	51.2887	51.582499999999996
Tzo-AMvi_030_Ex1_L4_fastp	52.0595	34.663199999999996	37.9328	35.0766	35.9142	34.7574	34.2639	35.5821	35.979	34.517399999999995	39.4048	38.73	37.7498	37.189499999999995	37.0986	36.7479	37.0608	37.068400000000004	37.317699999999995	37.1932	37.5832	37.0246	37.1105	36.8555	36.7753	36.6488	36.702600000000004	36.8471	37.0124	36.8878	37.1246	37.1099	37.0182	36.870599999999996	36.7796	36.8281	36.8979	36.5674	36.8721	36.7626	37.0828	36.7744	36.8831	36.8104	36.817499999999995	36.849	36.7169	36.7079	36.9056	36.6156	37.0227	36.8704	36.955	36.7448	36.8994	36.6442	36.9982	36.7726	37.0591	36.8754	37.1745	36.8644	37.0488	36.9141	37.1201	36.6908	37.011500000000005	36.932500000000005	37.223099999999995	37.1022	37.138	37.203599999999994	37.3161	37.194	37.3881	37.2828	37.447399999999995	37.4182	37.4887	37.4722	37.6595	37.5772	37.622299999999996	37.7321	37.9555	37.744	38.0638	38.1848	38.3263	38.302	38.433299999999996	38.5463	38.6133	38.798500000000004	39.0479	39.1206	39.2203	39.3024	39.626	39.6202	39.8959	39.9275	40.2357	40.4017	40.773199999999996	40.6492	41.1095	41.1826	41.452	41.5512	41.8682	42.0178	42.080600000000004	42.3608	42.6108	42.748599999999996	43.0328	43.236200000000004	43.3473	43.5589	43.699	43.8278	44.162099999999995	44.3144	44.5822	44.6532	44.9575	45.0863	45.3033	45.5032	45.6952	45.704499999999996	46.1188	46.259699999999995	46.5247	46.6518	46.901399999999995	47.0816	47.2252	47.3857	47.5844	47.6498	47.889199999999995	48.1216	48.2981	48.5887	48.5953	48.92	49.0811	49.351800000000004
Tzo-AMvi_031_Ex1_L4_fastp	51.499700000000004	35.1474	38.0841	35.3096	36.0228	34.8802	34.4248	35.822700000000005	36.3613	34.6565	39.4226	38.8088	37.7564	37.2225	37.174099999999996	36.7434	37.262499999999996	37.066500000000005	37.3754	37.3468	37.5471	37.107099999999996	37.1473	37.0297	36.8684	36.7313	36.8031	36.977	37.0929	36.9311	37.014599999999994	37.1375	37.1506	36.9423	36.8688	36.912099999999995	36.9427	36.7536	37.0863	37.0096	37.2302	36.9737	36.9969	37.0732	36.9067	36.8894	37.0077	36.9076	37.015100000000004	36.9106	37.1101	37.0838	37.0585	36.9854	36.946600000000004	36.9312	37.1392	36.973299999999995	37.283899999999996	37.0553	37.2129	37.1674	37.203	37.089299999999994	37.227	37.060700000000004	37.188500000000005	37.146	37.4268	37.3523	37.4211	37.3754	37.652	37.4002	37.757400000000004	37.5692	37.657000000000004	37.595	37.7697	37.7205	37.932100000000005	37.8425	38.1627	37.9108	38.212	38.202999999999996	38.3874	38.5415	38.5809	38.5783	38.867200000000004	38.8284	39.130900000000004	39.3282	39.394400000000005	39.6428	39.6881	39.7316	39.9613	40.0229	40.391	40.6094	40.760999999999996	40.8845	41.2532	41.42	41.6716	41.763099999999994	42.033100000000005	42.222500000000004	42.4589	42.6521	42.843599999999995	43.1253	43.3446	43.4951	43.7726	43.9322	44.1649	44.379200000000004	44.5993	44.676	44.9598	45.1393	45.386700000000005	45.589	45.848299999999995	45.9563	46.2229	46.2442	46.4934	46.7219	47.0177	47.171800000000005	47.4741	47.6499	47.8147	47.942	48.3626	48.4191	48.6503	48.8904	48.8933	49.2425	49.6486	49.633	49.881	49.9955	50.2147	50.3695
Tzo-AMvi_032_Ex1_L4_fastp	51.5115	38.4747	39.591100000000004	37.8413	38.3556	37.5875	36.7605	38.0223	38.5735	37.3537	41.3236	41.0467	40.2167	39.669	39.431	39.500600000000006	39.5576	39.513799999999996	39.798899999999996	39.8519	39.9156	39.608	39.6875	39.4094	39.1293	39.3393	39.2066	39.3951	39.394800000000004	39.547	39.5569	39.665499999999994	39.4527	39.4719	39.321400000000004	39.3903	39.2832	39.260400000000004	39.2698	39.3232	39.5614	39.347	39.5165	39.5364	39.1922	39.2409	39.4642	39.296	39.4668	39.5005	39.574	39.4919	39.5369	39.5218	39.3787	39.5327	39.4999	39.3835	39.7025	39.5634	39.7633	39.743	39.6626	39.5655	39.778200000000005	39.4834	39.7617	39.8436	39.7963	39.928999999999995	40.0237	39.9648	40.1058	40.1559	40.0965	40.129599999999996	40.3682	40.1837	40.2196	40.3501	40.4045	40.4854	40.6369	40.6671	40.7522	40.8165	40.9912	41.0543	41.400999999999996	41.132400000000004	41.348800000000004	41.6627	41.7087	41.9	42.1353	42.1364	42.4415	42.5657	42.7288	42.8574	43.064	43.048500000000004	43.4834	43.7832	43.7301	43.9529	44.3219	44.3078	44.664	44.8157	44.8767	45.144400000000005	45.4251	45.4604	45.8378	46.1638	46.097500000000004	46.247899999999994	46.6412	46.717	46.8422	46.970800000000004	47.1766	47.4592	47.605199999999996	47.8252	48.0125	48.228300000000004	48.232	48.418499999999995	48.7249	48.909200000000006	49.1199	49.1666	49.3848	49.7309	49.9023	50.0806	50.3896	50.5594	50.684799999999996	50.8996	51.0067	51.0553	51.8969	51.83839999999999	51.8738	52.0339	52.296299999999995	52.354299999999995
Tzo-AMvi_033_Ex1_L4_fastp	53.715900000000005	36.912099999999995	39.8795	37.2977	37.9155	36.9317	36.290800000000004	37.9863	38.4464	36.7248	41.6723	40.976600000000005	40.1702	39.5285	39.411	39.1567	39.422000000000004	39.4775	39.673199999999994	39.7576	39.8318	39.5752	39.4444	39.189	39.2484	39.0196	39.1021	39.2611	39.448	39.2607	39.447900000000004	39.4486	39.4124	39.2731	39.2762	39.1571	39.3066	38.9506	39.3892	39.1947	39.5345	39.3273	39.259699999999995	39.3075	39.341100000000004	39.1631	39.4384	39.3695	39.34	39.2833	39.2862	39.373999999999995	39.514700000000005	39.3537	39.3363	39.2436	39.5098	39.3827	39.5857	39.4033	39.508900000000004	39.340399999999995	39.4424	39.3222	39.3335	39.123799999999996	39.379999999999995	39.244800000000005	39.5245	39.5298	39.5586	39.4656	39.599000000000004	39.7163	39.763799999999996	39.5017	39.7948	39.6746	39.8028	39.8386	39.5861	39.7132	39.9424	39.8124	39.9671	39.955600000000004	40.059400000000004	40.2849	40.198	40.2387	40.3318	40.476099999999995	40.626	40.653	40.8086	40.651399999999995	40.6258	40.9813	40.8897	41.0468	41.2647	41.3785	41.4904	41.6273	41.7532	41.9315	41.9902	42.3433	42.323100000000004	42.5216	42.6293	42.6811	42.9947	43.0079	43.0949	43.5047	43.5766	43.7716	43.829499999999996	44.0885	44.0749	44.255	44.4686	44.5129	44.8033	44.8691	44.9512	45.228	45.2042	45.453700000000005	45.5231	45.5664	45.9904	45.967200000000005	46.4897	46.4604	46.650999999999996	46.672000000000004	46.8982	47.1763	47.218199999999996	47.3309	47.3851	47.504000000000005	48.176	47.9269	48.0881	48.1452	48.5255	48.6151
Tzo-AMvi_034_Ex1_L4_fastp	53.69500000000001	34.5905	38.0848	35.100300000000004	36.187999999999995	34.773399999999995	34.2875	35.479699999999994	36.1913	34.5943	39.9349	39.286100000000005	38.3214	37.5317	37.615700000000004	37.092999999999996	37.5767	37.311	37.7398	37.5318	37.9706	37.5207	37.41	37.105700000000006	37.121300000000005	37.0363	36.936400000000006	37.0664	37.3354	37.235800000000005	37.4013	37.4879	37.2258	37.2936	37.0458	37.0792	37.0929	36.957499999999996	37.1159	37.020199999999996	37.433699999999995	37.2712	37.2633	37.2062	37.115500000000004	36.981	37.2055	37.0841	37.2868	37.0299	37.2442	37.1965	37.2408	37.107299999999995	37.2175	37.0985	37.413999999999994	37.2511	37.2828	37.204100000000004	37.5066	37.413000000000004	37.4448	37.19	37.404900000000005	37.2691	37.343399999999995	37.188500000000005	37.5574	37.4691	37.675399999999996	37.6307	37.8453	37.7478	37.8368	37.7826	37.8807	37.7626	37.9998	37.8942	38.1697	38.1019	38.267	38.2998	38.482	38.3944	38.642199999999995	38.744099999999996	38.973400000000005	38.8018	39.043499999999995	39.2025	39.3635	39.580799999999996	39.7466	39.824	39.8925	40.0781	40.1768	40.3369	40.5063	40.7292	41.017700000000005	41.229	41.4547	41.599799999999995	41.9117	42.0151	42.3488	42.464600000000004	42.7669	42.8335	43.184	43.3294	43.566	43.796	44.0358	44.167	44.4224	44.5451	44.852199999999996	44.811099999999996	45.3069	45.3463	45.6219	45.728	45.879799999999996	46.1979	46.4727	46.4157	46.7735	46.8476	47.1427	47.3557	47.5869	47.8114	47.9788	48.0327	48.3335	48.4667	48.7282	48.8207	48.952600000000004	49.302099999999996	49.6973	49.7106	49.66	50.0302	50.1466	50.29
Tzo-AMvi_035_Ex1_L4_fastp	52.8879	35.7253	39.515899999999995	36.4616	37.1201	35.9686	35.442	36.7781	37.445499999999996	35.8756	40.6641	40.1842	39.096199999999996	38.6412	38.5656	38.284800000000004	38.4837	38.3392	38.8066	38.5935	39.0977	38.6538	38.5427	38.3705	38.4428	38.123000000000005	38.1938	38.3854	38.5021	38.4375	38.5878	38.5182	38.2733	38.5349	38.123400000000004	38.3477	38.231300000000005	38.1179	38.3735	38.3297	38.5287	38.2135	38.3061	38.3429	38.244499999999995	38.2956	38.3636	38.206	38.538	38.2956	38.376599999999996	38.5509	38.4397	38.3225	38.3109	38.2834	38.4865	38.3649	38.5515	38.3685	38.533699999999996	38.4761	38.4105	38.4144	38.5109	38.2907	38.4812	38.5312	38.6975	38.5522	38.6723	38.6178	38.7968	38.6134	38.9418	38.7205	38.7181	38.748	38.9836	38.8786	38.9725	38.905899999999995	39.0845	38.96	39.1194	39.1668	39.2707	39.4191	39.5984	39.4533	39.761	39.8204	39.860099999999996	40.0519	39.994099999999996	40.2404	40.186	40.3438	40.5559	40.6087	40.7658	40.8458	41.1213	41.3934	41.5306	41.5614	41.8672	42.0001	42.272	42.2209	42.5593	42.553000000000004	42.7801	43.160900000000005	43.1062	43.3392	43.6299	43.7993	43.8692	44.112899999999996	44.2873	44.4213	44.5695	44.7896	44.969	45.0888	45.4901	45.4343	45.665800000000004	45.7522	46.001	46.2155	46.4677	46.6739	46.9584	47.157700000000006	47.4357	47.471999999999994	47.8495	48.010799999999996	48.1026	48.3051	48.4818	48.8112	49.134100000000004	49.3154	49.292	49.580400000000004	49.8604	49.9478
Tzo-AMvi_036_Ex1_L4_fastp	53.54409999999999	38.608	40.7236	38.6538	39.2695	38.412	37.9458	39.3514	39.9251	38.427499999999995	42.9697	42.4484	41.4118	40.9289	40.7909	40.867	41.016000000000005	40.8021	41.124500000000005	41.0648	41.3472	41.0182	40.9304	40.586	40.617799999999995	40.5511	40.4784	40.5827	41.0675	40.7707	41.0642	41.1894	40.766799999999996	40.8227	40.738	40.8134	40.7457	40.735	40.9238	40.8387	41.2132	40.9282	40.9775	40.7025	40.6779	40.7968	41.010000000000005	40.8692	40.7671	40.8862	40.8691	41.0216	40.8818	40.7369	40.916000000000004	40.945	40.9795	40.799600000000005	41.218700000000005	40.8246	41.1115	41.0397	40.956199999999995	40.753099999999996	41.116200000000006	40.782000000000004	40.9514	40.7624	40.976099999999995	41.0983	41.094500000000004	41.1545	41.1095	41.1659	41.2837	41.160000000000004	41.301300000000005	41.2243	41.4127	41.409400000000005	41.3121	41.2735	41.639900000000004	41.2746	41.5619	41.6208	41.7369	41.8522	42.0029	42.0176	42.082300000000004	42.3611	42.304700000000004	42.2261	42.5987	42.5913	42.472500000000004	42.9822	42.938700000000004	43.1775	43.1937	43.1022	43.7147	43.6875	43.9111	43.9293	44.210899999999995	44.2117	44.4493	44.615300000000005	44.705600000000004	44.7843	45.0878	45.0571	45.4898	45.6474	45.5604	45.9035	46.006	46.0581	46.367799999999995	46.3375	46.5019	46.5346	47.0086	46.915	47.2764	47.4914	47.3886	47.6744	47.8276	47.936299999999996	48.1438	48.3737	48.5599	48.761500000000005	49.018299999999996	49.111	49.4417	49.6605	49.7967	49.837399999999995	49.9295	50.146100000000004	50.7331	50.970099999999995	50.814800000000005	51.0548	51.123	51.3796
Tzo-AMvi_037_Ex1_L4_fastp	53.3143	34.867599999999996	38.266099999999994	35.1513	35.8815	34.8221	33.9877	35.4095	36.0877	34.7494	39.745000000000005	39.299099999999996	38.2196	37.696000000000005	37.4585	37.091499999999996	37.332100000000004	37.303	37.4696	37.5652	37.9092	37.4415	37.4221	37.1031	37.071	36.9215	36.9331	37.0246	37.187799999999996	37.2587	37.4408	37.5004	37.2674	37.2144	37.0551	37.1017	37.0928	36.8709	37.1734	37.0434	37.3231	37.175799999999995	37.133300000000006	37.1291	37.131	37.0165	37.134499999999996	37.006099999999996	37.1813	37.0223	37.2734	37.1094	37.2071	37.1515	37.2672	37.0664	37.3238	37.0287	37.5021	37.2077	37.437599999999996	37.2888	37.3835	37.1766	37.3712	37.0844	37.472899999999996	37.3271	37.568	37.3317	37.7002	37.5117	37.833099999999995	37.583	37.899699999999996	37.7148	37.8951	37.804500000000004	37.9846	37.8936	38.1187	37.916	38.2351	38.1951	38.4023	38.3155	38.5322	38.658500000000004	38.842	38.8075	38.9995	39.1603	39.3611	39.4805	39.6482	39.7232	39.791399999999996	39.947700000000005	40.212900000000005	40.2471	40.5646	40.6094	40.9809	41.1012	41.3835	41.4713	41.6413	41.947	42.1018	42.3356	42.3672	42.6925	42.916	43.016799999999996	43.3413	43.5655	43.827	43.9113	44.215700000000005	44.3537	44.6181	44.6824	44.9733	45.1199	45.4335	45.5715	45.6368	45.8653	46.202	46.3236	46.6481	46.7355	47.1475	47.2008	47.501599999999996	47.8132	47.9957	48.269099999999995	48.351499999999994	48.7166	48.9174	48.905	49.1986	49.3933	49.9879	50.1153	49.9906	50.3717	50.4264	50.76819999999999
Tzo-AMvi_038_Ex1_L4_fastp	53.316399999999994	35.0351	38.4233	35.432	36.3458	35.187400000000004	34.5405	36.0442	36.718	34.9624	40.3073	39.6253	38.733200000000004	37.9152	37.9958	37.4628	37.7699	37.7155	38.0333	37.8695	38.2754	37.835	37.8322	37.4957	37.385400000000004	37.1769	37.281	37.3771	37.579	37.5441	37.7331	37.7742	37.5153	37.576	37.2369	37.3031	37.4014	37.2023	37.4454	37.5325	37.729800000000004	37.431599999999996	37.3996	37.5154	37.3568	37.3699	37.432300000000005	37.471900000000005	37.5174	37.411699999999996	37.6233	37.500099999999996	37.6267	37.5102	37.4433	37.376799999999996	37.5633	37.514900000000004	37.668099999999995	37.5836	37.752599999999994	37.5964	37.6755	37.4912	37.8176	37.4931	37.5367	37.7191	37.7958	37.6987	37.8004	37.8868	37.9791	37.865	38.1898	37.9108	38.2151	37.8652	38.1852	38.1644	38.3821	38.0057	38.353500000000004	38.1484	38.523	38.4364	38.7085	38.7463	38.8812	38.8208	39.1027	39.3244	39.3702	39.4762	39.5452	39.6016	39.949600000000004	39.8872	40.2411	40.226299999999995	40.3307	40.4335	40.8778	40.9923	41.2523	41.2666	41.627700000000004	41.6867	42.041000000000004	42.071	42.3105	42.448	42.524699999999996	42.8471	43.016799999999996	43.3017	43.405100000000004	43.5647	43.9079	43.9034	44.1598	44.228899999999996	44.4062	44.6265	45.0513	44.9683	45.4714	45.4915	45.6251	45.707	45.9553	46.261799999999994	46.4258	46.692699999999995	46.998400000000004	47.1098	47.3159	47.4653	47.7066	47.9422	48.152899999999995	48.045	48.3688	48.591499999999996	49.169000000000004	49.2505	49.2211	49.3862	49.5484	49.730999999999995
Tzo-AMvi_039_Ex1_L4_fastp	53.734300000000005	36.2453	39.379799999999996	36.3958	37.0577	35.8692	35.3411	36.7672	37.2337	35.518899999999995	40.6801	40.0435	38.900600000000004	38.3402	38.3147	37.872099999999996	38.2543	38.1768	38.2768	38.380199999999995	38.6331	38.366	38.2331	38.121100000000006	37.8489	37.7693	37.9363	37.8803	38.048	38.047399999999996	38.1305	38.3424	38.0801	38.0419	37.9568	37.8215	38.0021	37.7499	37.9692	37.9721	38.056200000000004	38.042500000000004	37.995200000000004	38.129200000000004	37.8952	37.8832	37.9399	38.0784	38.0421	37.946200000000005	38.0303	38.1274	38.0655	37.9989	38.060100000000006	37.8876	38.115	37.9638	38.1592	37.960300000000004	38.3437	37.9842	38.304100000000005	38.0167	38.323	37.958999999999996	38.2881	38.091	38.415	38.2329	38.4135	38.400800000000004	38.6254	38.345600000000005	38.699099999999994	38.5498	38.725500000000004	38.5256	38.7674	38.5867	38.874399999999994	38.5664	38.9484	38.7609	39.0459	38.9809	39.1132	39.3161	39.4503	39.3282	39.4738	39.650800000000004	39.894800000000004	40.0462	40.0297	40.1287	40.2591	40.2723	40.511599999999994	40.5346	40.7507	40.9114	41.3121	41.2666	41.6069	41.511199999999995	41.7802	41.9828	42.3483	42.3937	42.4345	42.7604	42.8564	43.1385	43.2158	43.5446	43.7325	43.8016	44.006499999999996	44.0857	44.4757	44.5468	44.623400000000004	44.8193	45.1666	45.0693	45.6209	45.5652	45.9138	45.8382	46.085100000000004	46.244099999999996	46.333999999999996	46.720099999999995	46.9056	46.9811	47.4475	47.3791	47.6153	47.699999999999996	47.8989	48.1811	48.075	48.4801	48.7736	48.902699999999996	49.0534	49.134100000000004	49.4886	49.403000000000006
Tzo-AMvi_040_Ex1_L4_fastp	52.9265	34.9585	38.229	35.123	36.1042	34.8665	34.4263	35.6619	36.199799999999996	34.7855	39.8231	39.1074	38.1231	37.4396	37.4675	36.978100000000005	37.274499999999996	37.2605	37.5806	37.5575	37.7752	37.4219	37.3397	37.0318	37.068	36.8585	36.9251	37.0471	37.2124	37.2312	37.303	37.337399999999995	37.2208	37.3041	36.904399999999995	36.9956	37.1085	36.8971	37.155300000000004	37.0492	37.3384	37.1937	37.0984	37.1195	37.0268	37.0291	37.1035	37.0557	37.256699999999995	37.1033	37.3377	37.162299999999995	37.162800000000004	37.0696	37.1592	37.0368	37.2759	37.202200000000005	37.5106	37.1173	37.4496	37.2749	37.4484	37.2509	37.391999999999996	37.1158	37.3977	37.302400000000006	37.5634	37.3682	37.596000000000004	37.6324	37.8594	37.494	37.920300000000005	37.6443	37.9217	37.8035	37.999100000000006	37.9711	38.1017	37.9547	38.2738	38.0839	38.3424	38.2667	38.5674	38.6907	38.885	38.765	39.035	39.098	39.3484	39.4525	39.583600000000004	39.7084	39.753899999999994	39.969100000000005	40.165099999999995	40.184599999999996	40.5071	40.595	40.8283	41.0334	41.2451	41.4218	41.7551	41.839999999999996	42.0755	42.3226	42.4461	42.601099999999995	42.8002	43.107800000000005	43.296800000000005	43.5366	43.749500000000005	43.9161	44.0997	44.3395	44.3866	44.5573	44.9211	44.905699999999996	45.292300000000004	45.2729	45.7011	45.8643	46.0617	46.2395	46.4156	46.505	46.8166	46.9285	47.4118	47.4864	47.6057	47.7625	48.065400000000004	48.1656	48.3578	48.4688	48.6425	48.9621	49.2359	49.4203	49.5163	49.7653	49.960100000000004	50.2518
Tzo-AMvi_041_Ex1_L4_fastp	53.9157	36.031	39.6674	36.5758	37.3697	36.221599999999995	35.7357	37.0659	37.7336	36.1579	41.1115	40.4735	39.5189	38.9007	38.731	38.633	38.7052	38.808	39.0366	38.9548	39.3895	38.9279	38.9364	38.582499999999996	38.5446	38.4697	38.4486	38.7451	38.7528	38.7639	38.911699999999996	38.9725	38.704899999999995	38.7826	38.442	38.644	38.752700000000004	38.5368	38.737100000000005	38.723200000000006	38.8073	38.7144	38.6723	38.6605	38.5469	38.5874	38.6425	38.699	38.742900000000006	38.6382	38.65	38.6935	38.7124	38.5185	38.8239	38.5232	38.8463	38.7414	38.901	38.609	38.8808	38.6924	38.9348	38.6254	38.864900000000006	38.429	38.761	38.8063	38.9399	38.9916	38.9248	38.8648	39.3094	38.9351	39.184400000000004	39.009100000000004	39.220699999999994	39.115100000000005	39.3019	39.2409	39.3605	39.059	39.5288	39.1428	39.4121	39.4645	39.5613	39.7271	39.8021	39.7669	39.8536	39.9893	40.190599999999996	40.2958	40.3298	40.4531	40.5607	40.6135	40.813700000000004	40.7774	40.9809	40.9334	41.274100000000004	41.397	41.727799999999995	41.6764	42.0788	42.132999999999996	42.3212	42.418	42.5863	42.559799999999996	42.7637	42.9255	43.175000000000004	43.4684	43.6381	43.7755	43.9774	44.0713	44.3246	44.277899999999995	44.5582	44.729400000000005	44.9469	45.1126	45.4013	45.3817	45.663399999999996	45.6843	45.797900000000006	46.1218	46.202799999999996	46.4108	46.7353	46.8513	47.1434	47.1741	47.4157	47.6064	47.6438	47.7442	47.9968	48.1429	48.5053	48.6443	48.7646	48.9597	49.067499999999995	49.3527
Tzo-AMvi_042_Ex1_L4_fastp	54.7644	38.2885	41.1953	38.1552	39.068000000000005	38.0081	37.3503	38.9558	39.5535	37.724999999999994	42.7552	42.0353	41.0475	40.5973	40.5698	40.1193	40.6335	40.2634	40.8236	40.6959	41.158699999999996	40.5126	40.625099999999996	40.3456	40.203	40.2308	40.1842	40.3238	40.5582	40.5495	40.8163	40.807	40.4428	40.5099	40.163900000000005	40.4457	40.4208	40.3502	40.4368	40.3771	40.7007	40.598099999999995	40.3799	40.631499999999996	40.316	40.3167	40.3506	40.525	40.5991	40.3917	40.6215	40.5067	40.5974	40.5066	40.4685	40.3831	40.577400000000004	40.6697	40.781800000000004	40.5915	40.9392	40.5199	40.7461	40.3997	40.7218	40.3287	40.7796	40.4067	40.7665	40.6613	40.846700000000006	40.7759	40.9715	40.948499999999996	41.0313	40.7272	41.0612	40.9906	41.1431	41.0076	41.106300000000005	40.8844	41.2132	40.960499999999996	41.3082	41.2277	41.4385	41.4981	41.6533	41.58	41.606	41.7044	41.779500000000006	41.9292	41.9426	42.182199999999995	42.0805	42.3363	42.2364	42.4379	42.4123	42.498999999999995	42.7226	43.0219	43.0838	43.1858	43.3349	43.534	43.609700000000004	43.6959	43.927899999999994	43.8765	44.1496	44.3675	44.250499999999995	44.7654	44.6974	45.1178	45.2741	45.3698	45.4532	45.293299999999995	45.597	46.029599999999995	46.126400000000004	46.2877	46.400400000000005	46.5048	46.8367	46.6472	47.0664	47.0856	47.2599	47.5276	47.7838	47.9474	48.120400000000004	48.1403	48.5363	48.5274	48.9269	48.7219	48.8533	48.9902	49.4561	49.8126	49.6152	49.9411	49.9855	50.1115
Tzo-AMvi_043_Ex1_L4_fastp	54.0454	35.058299999999996	38.5529	35.4315	36.149100000000004	35.0028	34.4435	35.8054	36.445	34.7128	40.2939	39.3782	38.2585	37.6374	37.536199999999994	37.0732	37.3466	37.3001	37.6409	37.5368	38.021	37.5026	37.397200000000005	37.127900000000004	37.0532	36.9889	36.9828	37.0156	37.2545	37.1857	37.3566	37.4229	37.091499999999996	37.1502	36.954100000000004	36.997600000000006	37.1562	36.8933	37.0685	37.1112	37.3369	37.1274	37.2068	37.2596	36.9951	37.042500000000004	36.9888	37.0613	37.1128	37.054500000000004	37.156	37.332	37.2081	37.1942	37.292199999999994	37.022	37.387	37.19	37.394	37.1087	37.5212	37.2166	37.427899999999994	37.154199999999996	37.3936	37.0637	37.358999999999995	37.3436	37.4605	37.4596	37.535000000000004	37.4134	37.8015	37.564	37.8025	37.7743	37.7931	37.850699999999996	37.864	37.825399999999995	38.0203	37.8832	38.195299999999996	38.0444	38.3365	38.272099999999995	38.481300000000005	38.5043	38.7063	38.6332	38.7836	39.009899999999995	39.0517	39.4189	39.4163	39.4437	39.651199999999996	39.7872	39.9553	40.0054	40.3295	40.3013	40.6604	40.887499999999996	41.0873	41.1331	41.4921	41.5618	41.9	41.9473	42.164699999999996	42.2547	42.483900000000006	42.7312	42.9709	43.169200000000004	43.3836	43.558099999999996	43.8128	43.8053	44.1529	44.2703	44.535599999999995	44.702999999999996	44.9169	45.0009	45.358900000000006	45.3979	45.7387	45.7143	46.0788	46.3025	46.3684	46.643699999999995	46.9576	47.074	47.3413	47.4079	47.7616	47.9137	48.0542	48.2744	48.2986	48.660599999999995	49.0177	49.0981	49.2678	49.3822	49.7339	49.7624
Tzo-AMvi_044_Ex1_L4_fastp	51.241899999999994	35.3875	38.4965	35.432900000000004	36.1333	34.923	34.3833	35.3641	36.051899999999996	34.938599999999994	38.982	38.6464	37.8879	37.3088	37.2939	37.0451	37.2303	37.160700000000006	37.3324	37.1948	37.7011	37.1299	37.258599999999994	36.942099999999996	36.9285	36.863	36.838300000000004	36.989	37.0356	37.058099999999996	37.161300000000004	37.2598	37.1128	37.015	36.9132	36.8913	37.0302	36.7313	37.0019	36.944700000000005	37.160399999999996	36.9838	37.1318	37.0162	37.011500000000005	36.924800000000005	36.9073	36.9261	37.0281	36.869800000000005	37.0566	36.9871	36.992599999999996	36.856100000000005	37.0325	36.833	37.0919	36.9012	37.087599999999995	36.878899999999994	37.2186	37.1362	37.0981	36.9434	37.2115	36.936400000000006	37.1417	37.0977	37.174800000000005	37.1445	37.316	37.217800000000004	37.5298	37.2506	37.4754	37.357099999999996	37.592	37.4629	37.6419	37.5081	37.622	37.589600000000004	37.898700000000005	37.6174	38.0099	37.8051	38.1138	38.1712	38.4041	38.3315	38.5163	38.5383	38.8142	38.8794	38.903	38.9939	39.1965	39.1937	39.5593	39.619	39.8506	39.916000000000004	40.245799999999996	40.3311	40.6516	40.7138	40.8054	41.1122	41.2875	41.398	41.5941	41.8171	42.140100000000004	42.2722	42.491	42.661	42.8018	42.9474	43.1592	43.4311	43.626599999999996	43.6718	43.9484	44.1347	44.3938	44.455299999999994	44.784400000000005	45.0218	45.1522	45.1025	45.4894	45.6491	45.7858	46.0595	46.2281	46.4548	46.7094	46.7731	47.0046	47.2699	47.5129	47.4871	47.7522	47.9559	48.2128	48.415200000000006	48.484	48.7741	48.8387	49.060700000000004
Tzo-AMvi_045_Ex1_L4_fastp	52.8964	34.9456	38.6428	35.458800000000004	35.9279	34.9454	34.3014	35.5536	36.2716	34.6352	39.7992	39.0497	38.1935	37.446400000000004	37.3667	36.9898	37.2678	37.2014	37.394800000000004	37.4812	37.71	37.419000000000004	37.308400000000006	37.1392	36.9471	36.7986	36.7763	36.964200000000005	37.020599999999995	37.1418	37.2813	37.3475	37.0741	37.076100000000004	37.0222	36.9206	36.944	36.889	36.951299999999996	37.076100000000004	37.1737	37.0383	37.1319	37.0913	36.9705	36.994899999999994	37.014599999999994	36.9116	37.1483	36.9643	37.002	37.1557	37.0593	36.9492	37.0956	36.8452	37.0787	37.028499999999994	37.282399999999996	37.146499999999996	37.276199999999996	37.195	37.4291	37.2122	37.170500000000004	37.0882	37.3625	37.3762	37.417699999999996	37.3224	37.535000000000004	37.4357	37.7397	37.3624	37.7403	37.5205	37.6682	37.6917	37.9372	37.7182	38.0215	37.763000000000005	37.961600000000004	37.9294	38.164	38.1791	38.3976	38.6087	38.6171	38.7172	38.8218	38.9689	39.1034	39.155499999999996	39.284400000000005	39.492	39.4859	39.717	39.885	40.043299999999995	40.077	40.3956	40.6062	40.7846	41.1168	41.2468	41.4354	41.661500000000004	41.7472	42.0807	42.2278	42.5153	42.6811	42.8832	43.1812	43.315	43.4853	43.7456	43.945299999999996	44.2247	44.3782	44.507400000000004	44.808	45.0065	45.0926	45.1821	45.5741	45.5591	45.9291	46.1186	46.1109	46.494600000000005	46.6937	46.9536	47.2056	47.4282	47.5697	47.6579	47.9188	48.287200000000006	48.3257	48.6017	48.6149	48.8254	49.3196	49.3041	49.4488	49.557	49.7395	49.9472
Tzo-AMvi_046_Ex1_L4_fastp	53.4606	37.1633	39.6856	37.201299999999996	37.9778	36.903999999999996	36.441	37.894299999999994	38.4575	36.6382	41.578700000000005	40.7903	39.8076	39.324999999999996	39.1854	39.054	39.4399	39.0888	39.359899999999996	39.3834	39.567600000000006	39.2205	39.3311	38.9944	38.8425	38.9034	38.818599999999996	38.8965	39.1735	38.9906	39.250800000000005	39.2077	39.0471	38.9652	38.8251	38.9397	38.800000000000004	38.7405	38.9758	38.876	39.1619	38.8243	38.9838	38.9588	38.9026	38.7446	39.0183	38.9058	39.021699999999996	38.8513	39.0	39.006299999999996	39.0805	38.8076	39.0015	38.9383	38.9973	38.9814	39.2816	39.0162	39.243	39.0479	39.3024	39.0715	39.2256	38.9574	39.1037	39.1779	39.3417	39.210699999999996	39.36	39.2502	39.658300000000004	39.446999999999996	39.6742	39.4109	39.7508	39.5933	39.7102	39.701	39.867399999999996	39.7322	40.0746	39.663399999999996	40.129599999999996	40.0486	40.213	40.4649	40.558	40.5871	40.7971	40.7858	40.898	41.112500000000004	41.206900000000005	41.3176	41.526999999999994	41.5462	41.8584	42.024899999999995	42.2109	42.0647	42.4492	42.5878	42.9374	43.094100000000005	43.2913	43.383	43.5968	43.8838	44.1149	44.2943	44.4917	44.656400000000005	44.8815	45.1269	45.2915	45.4309	45.623999999999995	45.813500000000005	46.0304	46.089999999999996	46.3373	46.566	46.8024	46.8296	47.1283	47.1858	47.3617	47.5203	47.6612	47.672599999999996	48.0946	48.2167	48.5974	48.7259	48.814800000000005	48.8937	49.1228	49.33	49.5145	49.6116	49.7155	49.8286	50.4142	50.296	50.423399999999994	50.5652	50.7136	50.8888
Tzo-AMvi_047_Ex1_L4_fastp	54.4507	35.335899999999995	39.016	35.7671	36.6291	35.332	34.8378	36.1835	36.7732	35.1294	40.5492	39.798899999999996	38.6522	38.0839	37.9377	37.4711	37.9017	37.7209	38.0318	37.9614	38.439299999999996	37.8872	37.913999999999994	37.588899999999995	37.5973	37.3645	37.3939	37.4898	37.8193	37.5498	37.879000000000005	37.849199999999996	37.6629	37.6866	37.383300000000006	37.369400000000006	37.6535	37.317099999999996	37.5837	37.5414	37.8016	37.6719	37.7804	37.6459	37.4794	37.508399999999995	37.5193	37.5758	37.6723	37.5697	37.7096	37.7192	37.7633	37.521	37.6556	37.473600000000005	37.7544	37.6276	37.8084	37.5739	37.9193	37.682900000000004	37.9201	37.7326	37.866	37.5405	37.819900000000004	37.676700000000004	37.8546	37.8589	37.9468	37.9624	38.2282	38.0041	38.2941	38.0384	38.1376	38.1746	38.2525	38.2419	38.4757	38.245200000000004	38.568200000000004	38.3836	38.7042	38.628	38.833800000000004	38.8912	39.1171	39.0103	39.155699999999996	39.3138	39.5594	39.5835	39.7097	39.8297	39.9921	40.0368	40.1805	40.2679	40.514	40.4725	40.8998	40.996500000000005	41.422399999999996	41.2796	41.6855	41.8272	42.0533	42.010799999999996	42.243900000000004	42.3342	42.5417	42.769	42.9631	43.195499999999996	43.3981	43.3906	43.728	43.846000000000004	44.1653	44.0885	44.4554	44.5986	44.7824	44.9637	45.3258	45.26	45.6491	45.692	46.001999999999995	46.1354	46.3679	46.5792	46.9577	47.127599999999994	47.3508	47.4049	47.8854	47.9061	48.1944	48.249399999999994	48.4105	48.6026	49.2522	49.2872	49.411899999999996	49.5826	49.741600000000005	49.9309
Tzo-AMvi_048_Ex1_L4_fastp	53.8612	37.4648	40.964	37.269600000000004	37.7003	37.1351	36.507600000000004	37.8623	38.5145	37.1605	41.7981	41.070299999999996	40.2137	39.7447	39.5311	39.289	39.6535	39.618199999999995	39.8737	39.8851	40.265499999999996	39.7668	39.8527	39.4228	39.4175	39.3707	39.4617	39.557500000000005	39.867599999999996	39.781499999999994	39.7464	40.0017	39.663199999999996	39.703300000000006	39.391	39.6513	39.6811	39.3914	39.7698	39.6215	39.9997	39.6905	39.563700000000004	39.8004	39.3761	39.6566	39.7968	39.8279	39.81	39.766200000000005	39.7835	39.7336	39.7134	39.673700000000004	39.6755	39.613	39.976	39.9229	40.1038	39.759	40.0668	39.8242	40.163900000000005	39.5093	39.8579	39.466499999999996	39.9726	39.7827	40.0355	40.0113	39.9981	40.0019	40.2491	39.9523	40.2393	40.0343	40.3788	40.2084	40.3127	40.200599999999994	40.2625	40.0781	40.38	40.220099999999995	40.5213	40.539500000000004	40.5993	40.8023	40.983599999999996	40.8381	40.9748	41.1361	41.015299999999996	41.4516	41.309400000000004	41.437000000000005	41.6532	41.6956	41.8671	41.6819	41.943799999999996	41.9601	42.3041	42.3124	42.8421	42.6686	42.989	43.2273	43.228100000000005	43.247099999999996	43.641999999999996	43.5058	43.638	44.0172	44.2417	44.411699999999996	44.5658	44.5552	44.885000000000005	45.0638	45.1668	45.1155	45.3179	45.411	45.656600000000005	45.9438	46.201	46.2012	46.4224	46.5453	46.8081	46.882400000000004	47.2034	47.180699999999995	47.6875	47.7718	48.111	48.215599999999995	48.3029	48.6865	48.861399999999996	48.9116	48.931000000000004	49.153400000000005	49.7737	49.764199999999995	50.0659	50.1057	50.2459	50.4089
Tzo-CMvi_006-Ex1_L4_fastp	55.3704	38.7965	38.6222	36.8092	38.7003	37.9525	36.5235	38.8764	39.7718	36.7983	43.3127	43.0837	42.7434	41.7451	41.4624	40.659600000000005	41.2913	40.978300000000004	41.152	41.2458	41.4282	40.962700000000005	40.915800000000004	40.6541	40.5192	40.3707	40.4553	40.236	40.6188	40.4798	40.8088	40.8936	40.856700000000004	40.8454	40.6578	40.544799999999995	40.6267	40.5103	40.4772	40.498	40.8534	40.4846	40.6754	40.5182	40.582499999999996	40.4959	40.4743	40.4931	40.7591	40.5481	40.6492	40.4319	40.7577	40.5317	40.7224	40.5483	40.7555	40.4503	40.8919	40.3788	40.7135	40.5087	40.7897	40.6456	40.7603	40.422799999999995	40.6352	40.490700000000004	40.8247	40.504200000000004	40.8529	40.5785	40.7877	40.7628	40.6518	40.5727	40.8538	40.588499999999996	40.7977	40.6087	40.8773	40.6015	40.8252	40.5975	40.7416	40.579	40.6938	40.5833	40.769800000000004	40.5484	40.7378	40.8375	40.7111	40.8258	40.8127	40.748400000000004	40.7274	40.8918	40.7468	40.7767	41.009499999999996	40.9415	40.9976	40.9185	41.0105	40.9384	41.1213	41.0261	41.1635	41.042	41.3067	41.1196	41.2652	41.143299999999996	41.2916	41.437000000000005	41.2151	41.4092	41.3964	41.3009	41.5918	41.3835	41.657	41.591699999999996	41.654799999999994	41.6705	41.8078	41.801700000000004	41.8615	41.759800000000006	42.032199999999996	42.0397	42.2288	42.3215	42.2644	42.4035	42.4061	42.3805	42.6691	42.493900000000004	42.8188	42.4893	42.888799999999996	42.723299999999995	43.0664	43.1189	42.9485	43.1103	43.2528	43.076
Tzo-CMvi_007-Ex1_L4_fastp	55.713	39.379799999999996	38.5071	36.8465	38.5912	38.221	36.5255	38.6262	39.4913	37.073	43.3062	43.123400000000004	42.7092	41.8516	41.8507	40.9332	41.4179	41.3675	41.572199999999995	41.6261	41.787	41.3381	41.115899999999996	40.956399999999995	41.0183	40.7639	40.7937	40.469899999999996	41.084700000000005	40.8716	41.1036	41.226600000000005	41.1623	41.0948	41.199000000000005	40.86	40.98	40.774100000000004	40.8737	40.7571	41.188	40.8739	41.1831	41.1411	41.2373	40.8795	41.2021	40.9404	41.0843	41.099599999999995	41.2154	41.0875	41.119	40.8867	41.2308	40.9866	41.3809	40.718199999999996	41.1537	40.813100000000006	41.3322	41.1212	41.188399999999994	40.8988	41.2561	40.9579	41.0733	41.0672	41.1518	40.979	41.261700000000005	40.9524	41.2263	41.285	41.2427	41.1224	41.281400000000005	40.8609	41.1144	41.1079	41.2051	40.9596	41.2502	41.0437	41.2341	41.2068	41.2518	41.0493	41.3759	40.8578	41.1703	41.267900000000004	41.1751	41.146300000000004	41.2445	41.1304	41.2939	41.2665	41.280699999999996	41.1573	41.4664	41.255199999999995	41.2776	41.5658	41.3908	41.369	41.5971	41.539500000000004	41.4951	41.4931	41.612300000000005	41.6198	41.6012	41.4811	41.7061	41.7819	41.6782	41.7532	41.8105	41.6427	41.993399999999994	41.8516	42.0578	41.917300000000004	42.2508	42.0689	42.3161	42.241099999999996	42.366	42.200700000000005	42.4743	42.3129	42.5959	42.6549	42.701499999999996	42.675000000000004	42.9431	42.8014	43.092200000000005	42.9879	43.1336	43.0354	43.2817	43.132999999999996	43.3808	43.2686	43.4101	43.4819	43.7069	43.4705
Tzo-CMvi_011-Ex1_L4_fastp	56.9733	38.6037	38.6762	37.2717	39.042300000000004	37.9902	37.0616	39.2385	40.258300000000006	36.8913	43.2429	43.039699999999996	42.4071	41.5483	41.4138	40.8074	41.3042	41.070499999999996	41.1612	41.2771	41.3517	40.8262	40.7915	40.6201	40.496700000000004	40.5443	40.340900000000005	40.2923	40.637699999999995	40.447	40.7767	40.700199999999995	40.781600000000005	40.5742	40.4972	40.5388	40.4339	40.5562	40.4583	40.2766	40.7973	40.555600000000005	40.5953	40.6308	40.5465	40.4515	40.4037	40.4491	40.6731	40.4734	40.804899999999996	40.3851	40.7993	40.4169	40.531	40.6504	40.6409	40.4608	40.7645	40.549099999999996	40.641	40.452799999999996	40.6653	40.5391	40.7028	40.476	40.7036	40.5805	40.6678	40.4263	40.6893	40.5451	40.8549	40.671099999999996	40.7625	40.5047	40.6959	40.4404	40.7282	40.6207	40.7454	40.6458	40.9464	40.7027	40.6854	40.6563	40.8118	40.6682	40.894200000000005	40.564299999999996	40.800799999999995	40.844500000000004	40.766999999999996	40.8837	40.7258	40.8371	40.6914	40.766000000000005	40.9101	40.8945	41.0217	40.7961	40.899	41.0747	40.8962	41.1398	41.1139	41.0918	41.085100000000004	41.0953	41.1935	41.1566	41.247299999999996	41.166199999999996	41.200900000000004	41.510000000000005	41.3555	41.293800000000005	41.505700000000004	41.2902	41.6107	41.303200000000004	41.5219	41.6761	41.8536	41.7219	41.8999	41.7085	41.922399999999996	41.8344	42.1569	41.9513	42.338300000000004	42.1915	42.411500000000004	42.3418	42.552800000000005	42.4587	42.6025	42.5712	42.6471	42.503099999999996	42.660599999999995	42.6319	43.1559	43.0803	43.0593	43.1081	43.152	43.1658
Tzo-CMvi_012-Ex1_L4_fastp	54.0666	40.1276	37.953199999999995	37.3258	38.6961	38.0077	36.2996	38.4805	39.183800000000005	36.8667	42.3406	42.1686	41.6652	40.9844	40.791	40.2067	40.6777	40.4466	40.7192	40.6671	40.992200000000004	40.3973	40.4035	40.1124	40.1153	40.117599999999996	39.9312	39.8739	40.2753	40.0494	40.2981	40.3083	40.3247	40.138200000000005	40.2798	40.0545	40.0485	39.9597	40.067099999999996	39.9358	40.3641	40.0389	40.3115	40.2206	40.1526	40.0541	40.0778	40.1119	40.2561	40.1283	40.3839	40.164	40.411	39.9933	40.3141	40.1214	40.2729	39.984199999999994	40.429500000000004	40.0079	40.396300000000004	40.035399999999996	40.206199999999995	40.0762	40.3844	39.9438	40.1706	40.1901	40.239799999999995	40.0944	40.314499999999995	40.0704	40.3275	40.3298	40.307900000000004	40.1624	40.360099999999996	40.0472	40.344	40.1334	40.3382	40.0547	40.2913	40.1702	40.2748	40.2489	40.2248	40.2099	40.312	40.191500000000005	40.2443	40.312	40.440799999999996	40.3233	40.5747	40.2437	40.4623	40.503299999999996	40.6304	40.4438	40.7548	40.4525	40.6274	40.712399999999995	40.8244	40.837	40.9028	40.829100000000004	40.901399999999995	40.8232	41.0217	40.9921	41.1955	41.0701	41.2295	41.354600000000005	41.4953	41.3269	41.4833	41.1986	41.658	41.5587	41.7205	41.692499999999995	41.8508	41.889700000000005	41.9561	42.0676	42.154799999999994	42.1288	42.3317	42.3307	42.581	42.6025	42.809000000000005	42.870599999999996	43.053399999999996	42.924	43.1713	43.1238	43.2826	43.4648	43.3493	43.5965	43.835800000000006	43.7843	43.8009	43.8112	44.0616	43.9093
Tzo-CMvi_013-Ex1_L4_fastp	57.159499999999994	36.9491	38.6774	36.739	38.5036	37.5411	36.4628	38.6631	39.455600000000004	36.1999	43.103	42.906800000000004	42.294	41.5127	41.265	40.536899999999996	41.1068	40.7723	40.978300000000004	40.9447	41.1169	40.585300000000004	40.5862	40.262	40.1759	39.8713	39.989200000000004	39.9479	40.2423	40.111799999999995	40.4846	40.4375	40.4426	40.2357	40.360099999999996	40.1625	40.2767	40.104099999999995	40.130700000000004	40.090900000000005	40.4723	40.0119	40.456199999999995	40.2015	40.2015	40.0894	40.2586	40.0677	40.3427	40.1047	40.2288	40.1014	40.5651	40.1472	40.367999999999995	40.3361	40.3408	40.0868	40.303	40.1468	40.3918	40.2435	40.4126	40.216	40.4268	40.1263	40.3504	40.185500000000005	40.3115	40.209	40.4895	40.1451	40.4601	40.3223	40.3648	40.279399999999995	40.360099999999996	40.156	40.4181	40.2393	40.5084	40.2068	40.373999999999995	40.285700000000006	40.3496	40.3095	40.4065	40.2772	40.4885	40.26	40.4281	40.4488	40.4799	40.4935	40.5229	40.3408	40.5036	40.3754	40.4124	40.4191	40.5948	40.361799999999995	40.564299999999996	40.5942	40.7001	40.644999999999996	40.7142	40.650999999999996	40.7305	40.6349	40.9034	40.6206	40.844	40.8007	40.8904	41.0018	40.9935	40.818799999999996	41.0002	40.8789	41.193400000000004	41.0323	41.0785	41.1298	41.2802	41.2314	41.409400000000005	41.3005	41.587	41.2572	41.550399999999996	41.4827	41.6804	41.6432	41.7609	41.8311	41.985099999999996	41.937000000000005	41.971399999999996	41.9649	42.0061	42.0078	42.2165	42.146	42.414	42.381	42.398599999999995	42.4964	42.586400000000005	42.4355
Tzo-CMvi_015-Ex1_L4_fastp	57.1573	36.9688	39.739000000000004	37.3731	38.9707	37.814	36.7119	39.5253	40.0042	36.1798	44.0017	43.4411	42.4536	41.766799999999996	41.4035	40.760200000000005	41.3159	40.9959	41.1564	41.1294	41.330099999999995	40.6219	40.669	40.4613	40.2999	40.1806	40.1907	40.1928	40.4174	40.304	40.6497	40.5976	40.572900000000004	40.4676	40.3792	40.3185	40.5281	40.3356	40.3451	40.2429	40.6428	40.373799999999996	40.6119	40.598299999999995	40.4442	40.204699999999995	40.4307	40.3046	40.464099999999995	40.340399999999995	40.5233	40.422000000000004	40.686699999999995	40.4105	40.6016	40.4053	40.5884	40.2298	40.6038	40.2327	40.7145	40.436899999999994	40.6619	40.3442	40.6802	40.3101	40.6407	40.469300000000004	40.5864	40.381699999999995	40.531299999999995	40.4732	40.6864	40.5749	40.475	40.448499999999996	40.6209	40.393699999999995	40.6252	40.543600000000005	40.7082	40.4195	40.5892	40.3712	40.447	40.5622	40.4347	40.4746	40.7483	40.509699999999995	40.5616	40.823	40.537800000000004	40.473	40.7654	40.4419	40.6472	40.5651	40.6437	40.5	40.7478	40.6372	40.6348	40.7844	40.779700000000005	40.7466	40.8002	40.7495	40.7768	40.705200000000005	40.8405	40.7277	40.909099999999995	40.8516	40.9555	41.002	41.0441	40.842	40.971999999999994	40.8146	41.1843	40.8947	41.1045	41.118500000000004	41.3279	41.1133	41.2547	41.2887	41.2881	41.2603	41.323	41.3446	41.4513	41.523199999999996	41.4337	41.5406	41.6772	41.639700000000005	41.7635	41.6644	41.7661	41.666799999999995	41.8384	41.8816	42.0082	42.0483	41.9465	41.9861	42.1859	42.0396
Tzo-CMvi_016-Ex1_L4_fastp	55.784	38.7648	38.6484	37.1988	38.8364	38.035799999999995	36.5089	38.9394	39.5938	36.3609	42.9756	42.8247	42.1531	41.361799999999995	41.0142	40.2972	40.881	40.6241	40.8631	40.9275	41.1545	40.5484	40.559200000000004	40.2317	40.253499999999995	40.0624	39.9651	39.9661	40.2588	40.0557	40.3981	40.3727	40.4321	40.161	40.360600000000005	40.1223	40.219300000000004	40.0908	40.2027	39.98	40.4688	40.0954	40.3153	40.247899999999994	40.1688	39.9835	40.245599999999996	40.0289	40.3324	40.0718	40.304899999999996	40.1652	40.381099999999996	40.0437	40.323	40.1781	40.346	39.994099999999996	40.4282	39.9598	40.4187	40.165299999999995	40.3734	40.0696	40.429500000000004	39.9715	40.3354	40.1302	40.226800000000004	40.1301	40.2713	40.173700000000004	40.3965	40.139	40.313	40.1782	40.4183	40.0734	40.3859	40.1537	40.386300000000006	40.1938	40.397	40.0916	40.306	40.2409	40.3812	40.2817	40.3586	40.1353	40.263	40.3904	40.354600000000005	40.4341	40.455000000000005	40.3273	40.476600000000005	40.3575	40.5082	40.3046	40.585100000000004	40.4715	40.6635	40.626	40.7793	40.582	40.8392	40.686299999999996	40.8129	40.6824	40.915600000000005	40.8005	41.025800000000004	40.922599999999996	41.0807	41.0399	41.2368	41.0528	41.2255	41.0737	41.4124	41.1683	41.443200000000004	41.4142	41.5695	41.5615	41.7569	41.6455	41.862700000000004	41.7159	41.9174	41.8872	42.1712	42.0874	42.3099	42.285000000000004	42.5164	42.432700000000004	42.7337	42.631099999999996	42.7512	42.7775	42.8819	42.8725	43.1498	43.07	43.2879	43.1696	43.3743	43.2816
Tzo-CMvi_018-Ex1_L4_fastp	57.2583	36.4168	39.453700000000005	37.0138	38.7205	37.704	36.7296	39.3852	39.8829	36.187799999999996	44.2464	43.484899999999996	42.218	41.711999999999996	41.4033	40.8515	41.3054	41.083999999999996	41.2519	41.201100000000004	41.2581	40.651199999999996	40.734300000000005	40.2428	40.4788	39.9705	40.0653	40.2864	40.401399999999995	40.382400000000004	40.7077	40.5978	40.5497	40.638999999999996	40.6083	40.2327	40.4989	40.212399999999995	40.5855	40.395399999999995	40.7418	40.4071	40.361799999999995	40.708	40.3999	40.317	40.360800000000005	40.219500000000004	40.7192	40.2945	40.5836	40.610800000000005	40.869299999999996	40.522999999999996	40.7506	40.344	40.5069	40.4214	40.589	40.3885	40.930299999999995	40.4739	40.525299999999994	40.2333	40.6075	40.253	40.5872	40.35	40.598600000000005	40.460499999999996	40.659800000000004	40.631499999999996	40.883900000000004	40.620400000000004	40.7284	40.4373	40.7529	40.420899999999996	40.4279	40.6755	40.759699999999995	40.4025	40.7164	40.5073	40.537099999999995	40.4308	40.7414	40.571	40.698499999999996	40.4118	40.5943	40.788000000000004	40.9428	40.631699999999995	40.591300000000004	40.8983	40.3415	40.6098	40.6733	40.459	40.8108	40.6663	40.822	40.7315	40.6955	40.8035	41.0053	40.725	40.852	40.7742	41.172	40.779700000000005	41.1762	40.9671	41.2678	41.2648	41.1151	40.9932	40.9863	40.8992	41.2287	41.0464	41.3981	40.9937	41.4254	41.3769	41.4707	41.203	41.3857	41.1644	41.6869	41.301500000000004	41.7375	41.414899999999996	41.722300000000004	41.8591	41.9172	41.5876	41.9615	41.6612	41.9892	41.736200000000004	41.9954	41.9227	42.2515	42.2275	42.1543	42.296299999999995	42.160599999999995	42.07
Tzo-CMvi_020-Ex1_L4_fastp	58.7592	36.5105	39.2411	37.2276	38.9151	37.8563	37.0593	39.6171	40.1953	36.7554	44.1092	43.4561	42.5792	41.845	41.4338	40.8119	41.428799999999995	41.1228	41.3588	41.1276	41.4054	40.8965	40.9521	40.5467	40.562599999999996	40.3782	40.3461	40.4447	40.793099999999995	40.4667	40.974	40.839	40.724900000000005	40.7017	40.6582	40.6209	40.712199999999996	40.4333	40.5317	40.4966	40.9713	40.6086	40.747	40.6672	40.6902	40.5063	40.641	40.5934	40.7575	40.5764	40.7634	40.662	40.9255	40.5673	40.8162	40.6019	40.791	40.482800000000005	40.7773	40.4236	40.977999999999994	40.671400000000006	40.7211	40.5349	40.8792	40.64	40.881	40.699000000000005	40.7905	40.6146	40.842800000000004	40.665800000000004	40.990300000000005	40.812799999999996	40.8091	40.716	40.8159	40.6977	40.860600000000005	40.636100000000006	40.963899999999995	40.6309	40.925200000000004	40.680899999999994	40.834199999999996	40.7109	40.799099999999996	40.796	40.9728	40.6221	40.913199999999996	40.8001	40.9474	40.9198	40.9069	40.8096	40.891	40.8864	40.7631	40.9359	41.056799999999996	40.9131	41.2175	41.225699999999996	41.2498	41.0362	41.2159	41.074	41.1878	41.187200000000004	41.2191	41.3095	41.354400000000005	41.314299999999996	41.4873	41.3511	41.5675	41.3818	41.5588	41.4673	41.733399999999996	41.5146	41.6762	41.7938	41.8745	41.854	42.0294	41.8079	42.0155	41.8991	42.1338	41.999399999999994	42.2724	42.241299999999995	42.5296	42.4625	42.5531	42.5073	42.695499999999996	42.6432	42.7671	42.6438	42.8472	42.727900000000005	43.249300000000005	43.094	43.1979	43.1187	43.335	43.3419
Tzo-CMvi_027-Ex1_L4_fastp	57.9781	37.5297	38.996700000000004	37.4905	39.2021	38.4303	37.344899999999996	39.285	39.9196	37.2425	43.7707	43.2496	42.4541	41.970800000000004	41.7236	41.099799999999995	41.6248	41.4503	41.7301	41.5726	41.6811	41.2666	41.1097	40.6551	40.9801	40.7239	40.8164	40.8355	40.9266	40.9263	41.2118	41.1107	41.094500000000004	41.0773	41.0426	40.836600000000004	41.103899999999996	40.8198	40.7975	40.7761	41.2657	40.7731	40.9384	41.1705	40.9801	40.759299999999996	40.7795	40.6431	41.037400000000005	41.023399999999995	40.9609	40.813300000000005	41.1351	40.9381	41.0254	40.7713	41.0746	40.713100000000004	41.2753	40.978500000000004	41.0123	41.0134	41.185100000000006	40.835100000000004	41.120400000000004	40.6314	40.935500000000005	40.907700000000006	41.0814	40.842299999999994	41.1912	41.024699999999996	41.164699999999996	41.0969	41.1485	41.153600000000004	41.0602	41.007	41.2779	41.030100000000004	41.3919	40.9292	41.1338	40.9122	41.176899999999996	41.1482	41.1954	41.2077	41.3749	41.0599	41.0286	41.4493	41.2609	41.2628	41.5004	41.1281	41.3568	41.2262	41.274	41.2551	41.5111	41.2307	41.477000000000004	41.4124	41.5199	41.387299999999996	41.5123	41.667100000000005	41.436299999999996	41.4388	41.4176	41.5415	41.6876	41.6833	41.7657	41.7385	41.613099999999996	41.938199999999995	41.9657	41.7051	41.9933	41.8001	41.9296	41.7186	42.1953	42.132	42.2118	42.1314	42.3857	42.1359	42.253600000000006	42.4306	42.4494	42.5764	42.7544	42.8197	42.7028	42.8059	42.8855	43.0507	42.961	42.951899999999995	42.9968	42.9275	43.398199999999996	43.283	43.4319	43.4406	43.387100000000004	43.419999999999995
Tzo-CMvi_029-Ex1_L4_fastp	57.2856	37.1269	38.7693	36.9273	38.6384	37.6949	36.9415	39.5724	40.141799999999996	36.6072	43.8151	43.33	42.3877	41.600300000000004	41.3002	40.746	41.2092	40.975899999999996	41.2791	41.1533	41.436	40.7907	40.7879	40.3899	40.3867	40.2339	40.1488	40.1286	40.571	40.389199999999995	40.6705	40.6547	40.5606	40.4861	40.5289	40.324	40.4174	40.2696	40.3507	40.2548	40.7353	40.4067	40.5736	40.5183	40.5032	40.259699999999995	40.3838	40.3851	40.4592	40.6026	40.563300000000005	40.5193	40.6422	40.3679	40.3513	40.4733	40.696	40.2287	40.587	40.3905	40.7012	40.4384	40.7639	40.327	40.675200000000004	40.3467	40.491899999999994	40.4059	40.585300000000004	40.3575	40.6887	40.368500000000004	40.7532	40.5922	40.5245	40.5218	40.620400000000004	40.4265	40.5653	40.4729	40.6168	40.4804	40.6783	40.443400000000004	40.611000000000004	40.5469	40.6132	40.369899999999994	40.6518	40.4789	40.676	40.645399999999995	40.8003	40.5256	40.699999999999996	40.624900000000004	40.7557	40.591699999999996	40.6414	40.7164	40.7136	40.6646	40.9103	40.7729	40.9542	40.786899999999996	40.9276	40.916000000000004	40.9291	40.8677	41.0326	40.9983	40.9791	41.1415	41.0493	41.0632	41.2583	41.0346	41.2231	41.1652	41.4467	41.118500000000004	41.3511	41.3478	41.3944	41.4769	41.519099999999995	41.4934	41.747	41.6325	41.7683	41.625299999999996	41.9186	41.7987	41.9765	42.0709	42.1484	42.0636	42.3365	42.122	42.2806	42.0661	42.3026	42.2935	42.620400000000004	42.530699999999996	42.5098	42.6091	42.754799999999996	42.6471
Tzo-CMvi_030-Ex1_L4_fastp	57.202200000000005	37.1934	39.2444	37.2379	38.9782	37.8638	37.0769	39.4437	40.3299	36.5079	44.001000000000005	43.4626	42.4698	41.9135	41.4118	40.8236	41.4912	41.2078	41.2416	41.2902	41.336	40.881699999999995	40.7267	40.6507	40.519800000000004	40.3726	40.3569	40.1439	40.7391	40.4426	40.8144	40.7693	40.7647	40.447	40.7576	40.3997	40.555600000000005	40.271	40.5384	40.3712	40.7975	40.4045	40.6052	40.563500000000005	40.5954	40.3768	40.6343	40.277	40.6339	40.6673	40.5903	40.5978	40.888999999999996	40.519800000000004	40.6438	40.685500000000005	40.693200000000004	40.4311	40.6772	40.346	40.7362	40.597699999999996	40.7035	40.5334	40.865	40.3779	40.6524	40.529199999999996	40.6548	40.4981	40.7296	40.6112	40.765299999999996	40.7221	40.7352	40.5518	40.795700000000004	40.482099999999996	40.6672	40.6687	40.692099999999996	40.6094	40.907	40.596199999999996	40.7997	40.680699999999995	40.8907	40.5779	40.994	40.6355	40.7127	40.860600000000005	40.7782	40.741	40.8575	40.7589	40.678799999999995	40.754200000000004	40.7346	40.698499999999996	41.0289	40.6952	40.8512	40.9359	40.9458	40.847899999999996	41.010999999999996	40.930499999999995	40.958	40.916999999999994	41.204499999999996	40.8587	41.231	40.9491	41.2061	41.186	41.193400000000004	41.0618	41.4638	40.9877	41.4784	41.1837	41.3745	41.315200000000004	41.457300000000004	41.272999999999996	41.6833	41.4678	41.600500000000004	41.5115	41.607	41.429899999999996	41.7714	41.711	41.8737	41.753	42.0591	41.9394	41.958800000000004	41.997	41.900999999999996	42.0238	42.0562	42.1231	42.2462	42.282199999999996	42.2821	42.3578	42.3099	42.2858
Tzo-CMvi_031-Ex1_L4_fastp	57.4287	38.1461	39.1285	37.523	39.1999	38.135999999999996	37.7131	39.705	40.2415	37.033300000000004	43.7638	43.4912	42.551	41.7829	41.532599999999995	41.104600000000005	41.4658	41.029199999999996	41.547200000000004	41.1293	41.5616	41.443999999999996	40.9049	40.5584	40.8267	40.7038	40.6215	40.6889	40.9104	40.655	40.726600000000005	41.025600000000004	40.5975	41.2865	40.7169	40.5278	40.834199999999996	40.5598	40.678599999999996	40.816900000000004	40.853	40.8936	41.300799999999995	40.5128	40.8889	40.496900000000004	40.8925	40.7032	40.887499999999996	40.5854	40.8011	40.862700000000004	41.0213	40.6424	40.971999999999994	40.8912	40.8502	40.7115	40.8296	40.5377	41.246	40.853899999999996	40.9076	40.645399999999995	40.9576	40.5405	40.6619	40.8276	41.0166	40.6017	41.2237	40.6773	41.1192	40.7275	40.792	40.828399999999995	40.5345	40.6213	40.8237	40.6747	40.7164	40.7515	41.0364	40.8234	40.98	40.8593	40.699999999999996	40.868300000000005	41.0685	40.8056	40.987899999999996	41.2894	41.0	40.725	41.1665	40.5768	40.806	40.8866	40.821000000000005	41.070299999999996	41.1387	40.794000000000004	41.1702	41.1503	41.3735	41.1098	41.1395	41.1431	41.0819	40.843	41.4063	41.129599999999996	41.3673	41.2401	41.2186	41.1604	41.5971	41.4477	41.1928	41.1575	41.4587	41.0012	41.795300000000005	41.4731	41.9433	41.8529	41.600500000000004	41.7937	41.9399	41.5308	42.140899999999995	41.727199999999996	42.1462	42.0995	42.146899999999995	42.1018	42.1549	42.2589	42.2346	42.2173	42.2375	42.1347	42.6632	42.351499999999994	42.6764	42.6079	42.727900000000005	42.6392	42.6988	42.518
Tzo-CMvi_033-Ex1_L4_fastp	56.7203	41.133199999999995	39.2713	37.7498	39.8903	39.1411	37.8049	39.989599999999996	40.6283	37.7921	43.994299999999996	43.4639	43.1972	42.4283	42.0087	41.5408	41.9683	41.7194	41.9804	42.1345	42.0481	41.6739	41.732200000000006	41.4668	41.5002	41.2725	41.1773	40.903	41.6358	41.2721	41.5485	41.4864	41.409	41.5605	41.4202	41.1481	41.5874	41.0057	41.3807	41.045300000000005	41.5827	41.0892	41.4512	41.6535	41.4248	41.1196	41.4238	41.2795	41.2557	41.3335	41.6427	41.3472	41.5064	41.3851	41.618300000000005	41.3159	41.5125	41.349799999999995	41.6562	41.167500000000004	41.5489	41.2917	41.5911	41.2068	41.702099999999994	41.4454	41.5051	41.5491	41.3437	41.2332	41.5497	41.4705	41.6696	41.336800000000004	41.423	41.2322	41.56	41.188399999999994	41.5524	41.4807	41.696	41.355199999999996	41.5707	41.3213	41.707	41.5481	41.674499999999995	41.4563	41.7303	41.3869	41.406	41.5143	41.6912	41.6093	41.5505	41.457	41.5622	41.5118	41.699999999999996	41.513600000000004	41.766999999999996	41.6544	41.6869	41.4865	41.9297	41.7905	41.8514	41.881800000000005	41.7985	41.442	41.9594	41.757	42.106500000000004	41.7418	41.727399999999996	42.0193	41.8073	41.934	42.0835	41.4943	41.9247	41.997	42.0972	42.113499999999995	42.2111	42.3116	42.0991	42.1368	42.4059	42.206900000000005	42.5112	42.3499	42.4548	42.5758	42.5153	42.4335	42.803200000000004	42.5149	42.769400000000005	42.7033	42.9473	42.6239	42.849599999999995	42.7245	42.9921	42.9476	43.1017	42.9886	43.1188	42.9315
Tzo-CMvi_035-Ex1_L4_fastp	55.9994	38.4489	38.6822	37.0833	38.8602	38.022800000000004	36.689	39.045	40.0283	36.7252	43.1703	43.142399999999995	42.4949	41.765	41.3636	40.834900000000005	41.2965	40.997299999999996	41.2084	41.2656	41.386	40.8491	40.824	40.428999999999995	40.5194	40.403299999999994	40.2823	40.300799999999995	40.491899999999994	40.4356	40.9161	40.6449	40.7919	40.6113	40.6549	40.4466	40.625299999999996	40.4547	40.5346	40.3171	40.726600000000005	40.4311	40.5401	40.6679	40.5778	40.2915	40.6852	40.421099999999996	40.6688	40.5014	40.6576	40.5795	40.8064	40.4526	40.6885	40.5768	40.7745	40.376200000000004	40.7656	40.4644	40.8355	40.5944	40.7833	40.5867	40.657700000000006	40.440599999999996	40.510200000000005	40.523199999999996	40.6429	40.6302	40.6263	40.5718	40.7442	40.7446	40.772000000000006	40.6741	40.7406	40.5022	40.7517	40.658	40.752300000000005	40.6717	40.8773	40.4976	40.6746	40.6567	40.7316	40.544200000000004	40.854099999999995	40.5173	40.7563	40.8346	40.8529	40.794799999999995	40.8932	40.7274	40.7192	40.7227	40.7787	40.737	40.989799999999995	40.8396	40.9448	41.0465	41.0524	40.991699999999994	41.0614	41.0091	41.0653	40.9864	41.2483	41.1076	41.3253	41.2013	41.3461	41.46	41.2446	41.3495	41.5381	41.2808	41.5167	41.434	41.5838	41.5666	41.8028	41.7978	41.8645	41.937999999999995	41.9122	41.8566	41.978500000000004	42.0601	42.1926	42.2998	42.3191	42.4446	42.5617	42.5016	42.6721	42.5639	42.7236	42.7444	42.760799999999996	42.896499999999996	43.0826	43.1058	43.0713	43.1593	43.3127	43.187
Tzo-CMvi_038-Ex1_L4_fastp	54.383199999999995	38.181599999999996	37.932500000000005	36.2915	38.081700000000005	37.275000000000006	35.5813	37.8992	38.827099999999994	36.2415	42.4215	42.470400000000005	41.7643	40.924	40.663	40.0869	40.4016	40.3398	40.5711	40.6167	40.7144	40.3422	40.4523	39.9736	40.077600000000004	39.7845	39.672200000000004	39.6945	39.9579	39.739999999999995	40.2426	40.0721	40.1476	40.0658	40.1019	39.8578	39.8934	39.718900000000005	39.9305	39.7408	40.2285	39.8204	40.018100000000004	39.851	40.031800000000004	39.8478	39.9463	39.7926	40.0327	39.955	40.015499999999996	40.031800000000004	40.266999999999996	39.913399999999996	40.1529	39.7867	40.2035	39.8321	40.1065	39.8323	40.2828	39.9131	40.0811	39.8451	40.1061	39.7096	39.9784	39.9389	39.9709	39.7973	40.0737	39.8985	40.282000000000004	39.9446	40.1475	39.8614	40.1246	39.8513	40.217000000000006	39.8307	40.1181	39.7413	40.131499999999996	39.8169	40.138	39.8521	40.049800000000005	39.923500000000004	40.0819	40.138400000000004	40.018100000000004	40.1079	40.175	40.1158	40.2278	40.138600000000004	40.009499999999996	40.1912	40.0814	40.2037	40.2168	40.1018	40.308699999999995	40.2565	40.5135	40.3057	40.4567	40.4411	40.545500000000004	40.461999999999996	40.5285	40.522999999999996	40.6835	40.624300000000005	40.7329	40.8039	40.808699999999995	40.7568	41.0092	40.7851	41.051500000000004	40.9267	41.1367	41.0983	41.2353	41.1883	41.4604	41.340700000000005	41.5557	41.3435	41.6997	41.4746	41.8086	41.7981	41.984100000000005	41.9394	42.0079	42.0251	42.249700000000004	42.1969	42.3115	42.2326	42.4384	42.4071	42.609399999999994	42.782	42.7457	42.837199999999996	42.9757	42.8781
Tzo-CMvi_040-Ex1_L4_fastp	59.06249999999999	35.9826	38.7969	36.4848	38.7648	37.5794	36.6047	38.6606	39.4944	36.5716	43.5796	43.2038	42.404199999999996	41.8346	41.397099999999995	40.8242	41.198	41.019800000000004	41.249900000000004	41.166000000000004	41.233399999999996	40.8455	40.822399999999995	40.629	40.6609	40.333999999999996	40.2627	40.305800000000005	40.5356	40.3171	40.6074	40.624300000000005	40.5382	40.5264	40.4516	40.3675	40.4986	40.2934	40.4503	40.308	40.6942	40.2959	40.7031	40.4917	40.442099999999996	40.334599999999995	40.4373	40.4179	40.6182	40.4119	40.496900000000004	40.4402	40.6721	40.4045	40.572	40.4876	40.4779	40.4011	40.6755	40.332	40.7202	40.5435	40.5801	40.324	40.6719	40.2337	40.5329	40.3868	40.5974	40.3179	40.6545	40.4809	40.7726	40.5947	40.6437	40.476099999999995	40.592800000000004	40.3183	40.814499999999995	40.4865	40.7042	40.367399999999996	40.6631	40.4169	40.7147	40.5582	40.611599999999996	40.451	40.6729	40.4666	40.583000000000006	40.7485	40.746500000000005	40.6389	40.6956	40.5939	40.6494	40.6489	40.717	40.537800000000004	40.9117	40.5548	40.822599999999994	40.8847	40.800399999999996	40.854	40.893299999999996	40.9772	40.943200000000004	40.758	40.9315	40.816900000000004	41.036	41.0209	41.093	41.1685	41.188599999999994	41.042	41.160999999999994	41.0467	41.3118	41.0356	41.3771	41.207	41.519099999999995	41.2877	41.4749	41.316399999999994	41.4865	41.5097	41.550399999999996	41.5949	41.7618	41.605399999999996	41.8468	41.8232	41.9945	41.8986	42.0618	41.9341	42.1693	41.9947	42.2101	42.1702	42.4381	42.3901	42.451699999999995	42.437799999999996	42.581599999999995	42.402
Tzo-CMvi_041-Ex1_L4_fastp	57.3152	37.8762	38.3683	36.812	38.8372	37.7708	36.6633	38.780300000000004	39.7764	36.572500000000005	43.032	42.8077	42.123	41.3842	41.2102	40.4909	41.003499999999995	40.7479	40.9246	40.8538	41.0797	40.5538	40.617399999999996	40.3256	40.3506	40.1049	40.0262	40.02	40.3629	40.0919	40.4851	40.3986	40.381499999999996	40.2359	40.321600000000004	40.109899999999996	40.2712	40.067099999999996	40.199200000000005	39.9933	40.4981	40.0941	40.427099999999996	40.2487	40.2815	40.0264	40.206399999999995	40.010200000000005	40.342	40.1153	40.3416	40.1137	40.4198	40.184599999999996	40.3365	40.1625	40.5167	40.008700000000005	40.4849	39.9918	40.5096	40.1904	40.3787	40.1646	40.4717	39.9517	40.3117	40.1792	40.453	40.1568	40.440599999999996	40.1616	40.4978	40.3514	40.3739	40.144600000000004	40.4197	39.9916	40.4927	40.2414	40.502500000000005	40.1467	40.4818	40.1729	40.3876	40.2615	40.4201	40.334199999999996	40.4637	40.2554	40.3754	40.4507	40.4814	40.4391	40.4949	40.4125	40.4704	40.4644	40.414	40.334399999999995	40.725699999999996	40.5003	40.659800000000004	40.590199999999996	40.8364	40.6943	40.793	40.6882	40.8057	40.734300000000005	40.7401	40.744	40.9685	40.8365	41.0647	41.0463	41.118	40.9506	41.1736	40.9549	41.3442	41.0667	41.3553	41.175200000000004	41.513	41.3294	41.6015	41.4273	41.634	41.5156	41.783500000000004	41.6944	41.8953	41.9091	42.0394	42.0407	42.259600000000006	42.126599999999996	42.299	42.2726	42.4132	42.2924	42.4332	42.4845	42.7774	42.8207	42.8176	42.9014	42.979	42.891400000000004
Tzo-CMvi_042-Ex1_L4_fastp	55.307700000000004	38.4978	39.0186	37.3202	38.7889	38.1399	36.6134	38.9421	39.6262	37.0364	43.4467	43.4987	43.1188	41.952	41.8495	41.1078	41.5163	41.463899999999995	41.5138	41.533300000000004	41.7683	41.2215	41.232600000000005	40.949799999999996	40.974500000000006	40.6578	40.7102	40.6314	40.956900000000005	40.9121	41.1439	41.4165	41.402	41.1603	41.2802	40.897800000000004	40.9475	40.7688	41.0012	40.8512	41.1899	40.897299999999994	41.1475	41.155	41.186099999999996	40.680699999999995	41.0138	40.7425	41.3387	40.9729	41.2441	40.9487	41.2596	41.1049	41.2349	40.928399999999996	41.261700000000005	40.9744	41.3535	40.8023	41.114200000000004	41.2175	41.1625	41.0077	41.328900000000004	40.911500000000004	41.2919	41.1128	41.2372	41.1509	41.1736	41.0522	41.2656	41.2493	41.3031	41.004000000000005	41.3459	40.9568	41.2976	41.147	41.2643	41.0039	41.473	40.9857	41.3142	41.1553	41.2172	41.139700000000005	41.3606	40.9289	41.3555	41.3124	41.3413	41.288599999999995	41.3802	41.2713	41.3313	41.054899999999996	41.2905	41.179	41.4414	41.085899999999995	41.4746	41.5087	41.4739	41.4794	41.4937	41.49	41.5127	41.4206	41.4959	41.414899999999996	41.6562	41.6374	41.726400000000005	41.7046	41.9632	41.6466	41.8949	41.536899999999996	41.9016	41.903400000000005	42.1992	42.0114	42.0433	41.995599999999996	42.3254	42.1238	42.253600000000006	42.2704	42.4751	42.260999999999996	42.4901	42.6499	42.7121	42.5286	43.0253	42.7885	42.9476	43.1908	42.8622	43.0195	43.1884	43.0553	43.430800000000005	43.0678	43.5266	43.448	43.5257	43.4593
Tzo-CMvi_044-Ex1_L4_fastp	58.381499999999996	36.2842	38.712	36.7682	38.4491	37.5849	36.9427	38.883	39.7636	36.587399999999995	43.668800000000005	43.1118	42.7594	41.7452	41.465	40.9727	41.406	40.9869	41.3018	41.1347	41.3857	40.8389	40.9002	40.5187	40.4242	40.224900000000005	40.4311	40.213300000000004	40.625499999999995	40.4202	40.6822	40.7763	40.7055	40.4839	40.5583	40.3431	40.5252	40.4366	40.512	40.4069	40.8449	40.4411	40.840900000000005	40.6171	40.7725	40.4022	40.6337	40.3774	40.8711	40.3854	40.8096	40.5435	40.7856	40.5355	40.6557	40.5608	40.661199999999994	40.292899999999996	40.7368	40.3041	40.7787	40.6652	40.8756	40.6107	40.6511	40.3238	40.660000000000004	40.4859	40.8442	40.6321	40.8283	40.5622	40.6633	40.7532	40.6742	40.6563	40.6986	40.476800000000004	40.8362	40.515499999999996	40.9306	40.456900000000005	40.794200000000004	40.3715	40.681	40.7014	40.713	40.5225	41.0638	40.4995	40.5237	40.7559	40.717	40.7212	40.8473	40.712199999999996	40.557700000000004	40.6306	40.8305	40.5176	40.7641	40.7313	40.9671	40.8995	40.888999999999996	40.7437	41.0354	40.875099999999996	40.9683	40.8468	40.9985	40.7677	41.120400000000004	40.8373	41.1086	41.0646	41.1638	41.1249	41.2163	41.124100000000006	41.2582	40.9978	41.1867	41.4183	41.4191	41.3123	41.5527	41.4649	41.7162	41.1581	41.8194	41.5368	41.6708	41.816199999999995	41.9591	41.7947	42.087	41.9719	42.1377	42.0546	42.0162	42.182900000000004	42.1175	42.2777	42.3929	42.3211	42.485299999999995	42.3473	42.6067	42.3602
Tzo-CMvi_045-Ex1_L4_fastp	55.0466	41.1059	38.2791	37.453900000000004	39.068599999999996	38.5803	37.5206	39.4737	40.0956	37.9313	43.5488	43.1441	42.5414	41.985299999999995	41.7534	41.025099999999995	41.6552	41.2636	41.4536	41.4871	41.7567	41.3662	41.350300000000004	41.029700000000005	41.003099999999996	40.9063	40.8555	40.818	41.0005	40.8359	41.126200000000004	41.076800000000006	41.1773	41.047200000000004	41.2836	40.813300000000005	41.0127	40.9388	40.8943	40.854800000000004	41.231	40.781800000000004	41.105000000000004	41.1364	41.1238	40.7977	41.0671	40.9121	41.1347	40.9352	40.955200000000005	40.99	41.1972	40.881	41.082800000000006	41.0835	41.1403	40.897299999999994	41.029900000000005	40.9653	40.9986	40.9414	41.103699999999996	41.0495	41.108200000000004	40.9376	41.1537	40.9239	41.3769	40.9004	41.265800000000006	41.0167	41.08	41.1916	41.0442	40.9889	41.0183	40.986	41.152899999999995	41.0459	41.0908	40.9736	41.3329	41.0717	41.1974	41.2725	41.225699999999996	41.064099999999996	41.31	41.0776	41.029700000000005	41.3923	41.1817	41.1917	41.2939	41.070499999999996	41.3084	41.2785	41.2365	41.0425	41.4277	41.141	41.1068	41.3507	41.3707	41.268899999999995	41.458600000000004	41.430299999999995	41.4491	41.274100000000004	41.3363	41.516799999999996	41.4542	41.5781	41.5934	41.5039	41.781400000000005	41.3471	41.7323	41.450199999999995	41.614200000000004	41.6503	41.6194	41.6258	41.891	41.7188	41.7354	41.7039	41.7757	41.5817	41.909	42.012100000000004	42.0552	42.003299999999996	42.2415	42.117399999999996	42.2008	42.092400000000005	42.289300000000004	42.3399	42.3238	42.1425	42.3679	42.4344	42.5947	42.540800000000004	42.6164	42.497800000000005	42.586200000000005	42.713499999999996
Tzo-CMvi_046-Ex1_L4_fastp	54.3312	38.6676	37.787	36.614200000000004	38.419799999999995	37.5527	36.1507	38.3485	39.063199999999995	36.4302	42.5493	42.2674	41.7738	40.9477	40.6494	39.9869	40.6743	40.4024	40.6288	40.719899999999996	40.6554	40.2304	40.3048	40.0462	39.9651	39.8538	39.7365	39.7522	40.0768	40.0052	40.143499999999996	40.1723	40.202	40.026	40.039	39.9789	39.9931	39.875	39.8925	39.8737	40.1061	39.9735	40.0485	40.1105	40.1278	39.898	39.9995	39.9469	40.0272	39.9422	40.092	40.0524	40.2358	39.9525	40.0464	40.0047	40.1167	39.788000000000004	40.1543	39.7659	40.157	39.949200000000005	40.1991	40.051199999999994	40.1406	39.9388	40.1097	39.9887	40.064699999999995	39.9635	40.0721	39.9281	40.2449	40.2453	40.2603	39.9732	40.1974	39.8654	40.1758	39.9745	40.1974	39.9741	40.2226	39.9165	40.1047	40.1633	40.1	40.0552	40.1088	39.9207	40.0759	40.2725	40.1661	40.0818	40.361000000000004	40.082699999999996	40.1999	40.1621	40.257799999999996	40.149699999999996	40.4109	40.1575	40.318599999999996	40.4341	40.4264	40.4321	40.6356	40.3096	40.6194	40.4152	40.713300000000004	40.5127	40.682	40.6969	40.7633	40.73	40.834399999999995	40.734700000000004	40.8759	40.7704	41.0627	40.941300000000005	41.0802	40.9937	41.2515	41.219899999999996	41.326299999999996	41.29	41.5088	41.367399999999996	41.510200000000005	41.5808	41.7771	41.734100000000005	41.7041	41.9161	41.9754	41.979499999999994	42.2326	42.0449	42.2878	42.117	42.3057	42.266	42.4645	42.6164	42.6763	42.6884	42.8071	42.7641
Tzo-CMvi_047-Ex1_L4_fastp	55.127700000000004	39.4178	38.512299999999996	37.2971	38.7256	37.980399999999996	36.4094	38.9525	39.6254	36.5182	42.8243	42.6211	42.0306	41.1663	41.0488	40.1301	40.8867	40.5728	40.7712	40.8854	41.0992	40.5696	40.4938	40.2092	40.1083	39.9574	39.9582	39.932	40.193200000000004	40.0487	40.4401	40.4293	40.3564	40.2864	40.3025	40.206599999999995	40.1825	40.0715	40.2145	39.9418	40.4679	40.0848	40.2391	40.1708	40.1325	39.9495	40.1403	40.043800000000005	40.2324	40.1266	40.2196	40.1938	40.3162	40.043099999999995	40.2994	40.1079	40.3261	39.9181	40.3969	39.8909	40.3722	40.245799999999996	40.3881	40.0216	40.4005	39.9499	40.244600000000005	40.0901	40.2496	39.9991	40.3646	40.120400000000004	40.3649	40.2001	40.354099999999995	40.051500000000004	40.388200000000005	39.9661	40.2677	40.0893	40.4281	40.062999999999995	40.3547	40.1198	40.2487	40.239399999999996	40.377	40.2641	40.4576	40.167199999999994	40.3799	40.4181	40.4859	40.3981	40.4142	40.3467	40.4717	40.464	40.5115	40.4381	40.6314	40.4185	40.7304	40.734500000000004	40.8729	40.739399999999996	40.942	40.8165	41.0116	40.856700000000004	40.9833	40.9763	41.0726	41.0992	41.226600000000005	41.2054	41.342800000000004	41.231899999999996	41.4779	41.275600000000004	41.5728	41.3802	41.6022	41.6867	41.8118	41.7535	42.0065	41.928599999999996	42.0665	42.0605	42.2656	42.2378	42.409200000000006	42.399300000000004	42.5794	42.695899999999995	42.857800000000005	42.790800000000004	42.9908	43.0295	43.167100000000005	43.1239	43.1658	43.3772	43.6309	43.697900000000004	43.713800000000006	43.7322	43.86	43.7483
Tzo-CMvi_048-Ex1_L4_fastp	56.4218	37.8739	38.691700000000004	36.8557	38.8451	37.8448	36.6103	38.8225	39.8224	36.431400000000004	43.1259	42.8857	42.2297	41.5736	41.2699	40.794200000000004	41.1636	40.8861	41.168	41.0913	41.1404	40.6998	40.6331	40.3525	40.205600000000004	40.095	40.0622	40.116600000000005	40.321	40.2442	40.5547	40.6196	40.5658	40.4474	40.4183	40.1931	40.402100000000004	40.1832	40.3187	40.1976	40.5952	40.2272	40.4882	40.3778	40.355000000000004	40.2115	40.2958	40.2609	40.4585	40.2783	40.4467	40.3271	40.522999999999996	40.291	40.5375	40.3238	40.4867	40.1774	40.4916	40.0986	40.5744	40.3038	40.5501	40.300000000000004	40.6169	40.185500000000005	40.428799999999995	40.3366	40.4795	40.3613	40.565	40.3708	40.519	40.4294	40.4854	40.2731	40.4676	40.2452	40.562599999999996	40.3973	40.5351	40.3025	40.5591	40.3244	40.519800000000004	40.4651	40.5602	40.321600000000004	40.5454	40.429500000000004	40.4661	40.5289	40.5546	40.474900000000005	40.6553	40.5262	40.6645	40.5098	40.633399999999995	40.434599999999996	40.740300000000005	40.6423	40.645399999999995	40.759	40.8484	40.6618	40.8594	40.7237	40.8574	40.7985	40.9048	40.911500000000004	41.0552	40.955999999999996	41.097699999999996	41.1247	41.1505	41.1016	41.2224	40.9925	41.3385	41.1494	41.3516	41.2389	41.5344	41.4065	41.556	41.4977	41.6586	41.458099999999995	41.7521	41.612	41.8889	41.8346	42.0242	41.9652	42.215599999999995	42.045300000000005	42.268299999999996	42.234500000000004	42.2233	42.1213	42.3173	42.3868	42.653400000000005	42.640899999999995	42.6979	42.7504	42.8425	42.6981
Tzo-CMvi_049-Ex1_L4_fastp	57.57640000000001	36.1531	38.742	36.661500000000004	38.3648	37.284800000000004	36.5088	38.9488	39.713300000000004	36.2475	43.5942	43.0639	42.335499999999996	41.537800000000004	41.172399999999996	40.5535	41.0544	40.7928	40.996500000000005	40.8827	41.145700000000005	40.5826	40.636100000000006	40.1499	40.2301	40.0996	40.1761	39.961400000000005	40.3999	40.224	40.4537	40.4714	40.3494	40.3692	40.3725	40.1496	40.2707	40.1345	40.2502	40.063700000000004	40.7031	40.1952	40.3076	40.355000000000004	40.345	40.237	40.300399999999996	40.1312	40.5191	40.1188	40.5213	40.1485	40.5066	40.2702	40.344	40.4488	40.3623	40.172999999999995	40.4198	40.1727	40.6265	40.3021	40.558	40.2983	40.544000000000004	40.230700000000006	40.5134	40.3787	40.301700000000004	40.2065	40.431400000000004	40.313	40.516200000000005	40.2636	40.4524	40.4778	40.4976	40.3235	40.3911	40.3538	40.4404	40.2836	40.6151	40.1938	40.585100000000004	40.3582	40.4548	40.422000000000004	40.5779	40.3771	40.502	40.6286	40.3992	40.613899999999994	40.5901	40.5099	40.610800000000005	40.4729	40.4475	40.4953	40.705200000000005	40.598099999999995	40.6849	40.7762	40.8804	40.7233	40.8708	40.704	40.8506	40.6956	40.8581	40.8672	40.8495	40.9315	41.147600000000004	41.1032	41.1584	40.9325	41.1533	41.009299999999996	41.1385	41.159	41.2688	41.0936	41.5043	41.346500000000006	41.5066	41.4673	41.556599999999996	41.4066	41.5758	41.488	41.8212	41.8468	41.8857	41.7157	42.080600000000004	41.8859	41.9839	42.1981	42.0406	42.0174	42.160399999999996	42.0415	42.5964	42.292	42.5224	42.5611	42.701	42.6324
Tzo-CMvi_050-Ex1_L4_fastp	57.15670000000001	37.808	39.0683	37.2519	38.9653	37.971700000000006	37.1972	39.5817	40.1878	36.7611	43.8243	43.4941	42.8369	41.842600000000004	41.836	41.021	41.3698	41.2496	41.454299999999996	41.3991	41.6551	40.9257	40.8767	40.734500000000004	40.7385	40.5696	40.475699999999996	40.2988	40.6721	40.7956	40.9102	40.9521	40.8052	40.7872	40.6569	40.537600000000005	40.6383	40.7372	40.6199	40.4591	40.8917	40.4911	40.9794	40.7817	40.832	40.624700000000004	40.6792	40.6258	40.9756	40.6208	40.9733	40.5787	41.0661	40.533500000000004	40.9596	40.7275	40.948499999999996	40.590199999999996	41.1168	40.502700000000004	40.8993	40.6554	40.969899999999996	40.7695	40.8794	40.482800000000005	40.7789	40.6466	40.8881	40.6585	40.9152	40.788000000000004	40.9195	40.873599999999996	40.9198	40.6702	41.0088	40.72	40.8172	40.813700000000004	40.9462	40.7641	40.8773	40.6914	40.7638	40.7311	40.7713	40.7724	40.987899999999996	40.6371	40.984300000000005	40.786699999999996	40.888799999999996	40.8196	41.0213	40.7478	40.9141	40.9362	40.972500000000004	40.7894	41.030499999999996	40.8879	41.2526	41.0061	41.2508	41.1386	41.1074	41.1738	41.165099999999995	41.2104	41.137299999999996	41.2016	41.4644	41.1593	41.3379	41.411	41.4531	41.264	41.5711	41.2175	41.6231	41.4923	41.7114	41.563	41.8824	41.669200000000004	41.8812	41.6554	41.8331	41.7929	41.981	41.778	42.0024	41.9124	42.182900000000004	42.2523	42.3534	42.1261	42.3423	42.4226	42.5178	42.4993	42.5104	42.3495	42.7258	42.871700000000004	42.7261	42.8557	43.003	42.7319
Tzo-CMvi_051-Ex1_L4_fastp	56.7751	37.2977	38.5696	36.9238	38.541799999999995	37.6145	36.3356	38.6445	39.5126	36.3166	43.0515	42.884499999999996	42.3612	41.471799999999995	41.141299999999994	40.609899999999996	41.0157	40.855000000000004	41.0296	40.8634	41.1053	40.6016	40.5264	40.259299999999996	40.351	40.1021	40.0601	39.9512	40.3725	40.1419	40.5265	40.5148	40.3723	40.3124	40.3494	40.117000000000004	40.2434	40.1308	40.2539	40.1064	40.4596	40.1876	40.322599999999994	40.321	40.195	40.2033	40.314499999999995	40.0592	40.297	40.158500000000004	40.3526	40.2163	40.3987	40.2454	40.3295	40.212900000000005	40.4102	40.1065	40.4001	40.0527	40.5666	40.192299999999996	40.3948	40.1404	40.4798	40.044200000000004	40.5061	40.2434	40.3417	40.1156	40.3559	40.2149	40.477000000000004	40.3382	40.3756	40.3556	40.4046	40.2157	40.4045	40.2431	40.5767	40.2138	40.453	40.2554	40.3078	40.3181	40.2793	40.348600000000005	40.4273	40.2547	40.408699999999996	40.446	40.3301	40.3038	40.5218	40.4232	40.441700000000004	40.522200000000005	40.3299	40.422200000000004	40.653099999999995	40.437400000000004	40.6044	40.7135	40.653299999999994	40.6731	40.7609	40.536899999999996	40.8019	40.677400000000006	40.7452	40.700900000000004	40.9438	40.9056	40.887	40.9614	41.096	40.862700000000004	41.0943	40.8849	41.235	41.029199999999996	41.1926	41.151199999999996	41.3805	41.2905	41.4935	41.4515	41.6858	41.3665	41.694700000000005	41.6025	41.712500000000006	41.8112	41.9114	41.8584	42.100500000000004	41.9666	42.2415	42.0788	42.2507	42.1782	42.3549	42.2776	42.522	42.599599999999995	42.680800000000005	42.6719	42.7734	42.6785
Tzo-CMvi_052-Ex1_L4_fastp	54.120900000000006	41.403600000000004	37.384699999999995	37.4018	39.129000000000005	38.346999999999994	37.282700000000006	38.925599999999996	39.4989	37.5961	42.2151	41.643	41.2943	40.8536	40.7118	40.3557	40.7659	40.647	40.8922	40.7918	40.8916	40.569300000000005	40.564299999999996	40.2044	40.3166	40.2906	40.1936	40.0519	40.352900000000005	40.2159	40.4192	40.4991	40.377	40.1336	40.3534	40.1663	40.217999999999996	40.2246	40.183400000000006	40.1895	40.4449	40.0651	40.3524	40.294000000000004	40.3169	40.1146	40.3283	40.213100000000004	40.3211	40.2554	40.3415	40.2278	40.5021	40.216499999999996	40.401199999999996	40.3345	40.4519	40.2067	40.5474	40.1643	40.4734	40.322	40.5122	40.1635	40.4632	40.158300000000004	40.407	40.2872	40.4169	40.1866	40.5767	40.304	40.409800000000004	40.3955	40.3696	40.287	40.477999999999994	40.3444	40.464299999999994	40.4255	40.497699999999995	40.359899999999996	40.5195	40.2735	40.4804	40.4065	40.393299999999996	40.3922	40.5393	40.2933	40.4531	40.5884	40.4978	40.5192	40.620400000000004	40.4532	40.5433	40.4915	40.6274	40.531	40.6837	40.5877	40.641	40.780699999999996	40.794599999999996	40.752	40.7812	40.8718	40.9108	40.8578	40.961999999999996	40.869299999999996	41.0366	41.0079	41.0792	41.2366	41.1335	41.1389	41.3436	41.171	41.369299999999996	41.2331	41.396100000000004	41.3983	41.5976	41.5012	41.693599999999996	41.734300000000005	41.8564	41.7959	41.8964	41.923500000000004	42.0336	42.2061	42.1319	42.3121	42.3728	42.3933	42.5622	42.587	42.756	42.6641	42.7709	42.825	43.1379	43.0885	43.0555	43.1263	43.2703	43.181000000000004
Tzo-CMvi_053-Ex1_L4_fastp	58.282199999999996	37.256099999999996	39.4517	37.379400000000004	39.2241	38.2575	37.5512	39.840900000000005	40.6252	36.8735	44.772400000000005	43.5659	42.9151	42.025800000000004	41.8915	41.3022	41.9328	41.379	41.6105	41.7692	41.587	41.2267	41.073100000000004	41.07	41.0091	40.8646	40.8638	40.5653	40.9852	40.870400000000004	41.123	41.259	41.098099999999995	41.268100000000004	41.2875	40.9818	41.0699	40.7373	40.9902	40.9049	41.295300000000005	40.7017	41.240700000000004	41.2291	40.8064	40.699000000000005	40.999	40.753099999999996	41.3098	40.9366	41.1883	41.066	41.2361	40.782000000000004	41.2626	40.8001	41.0697	41.3237	41.3156	40.5689	41.3	41.0586	41.393299999999996	40.804	41.1491	40.910000000000004	41.344500000000004	40.8536	41.1231	41.0933	41.1483	41.1847	41.0491	41.2928	41.440599999999996	41.1955	41.0157	40.8495	41.667300000000004	41.0771	41.3388	40.9664	41.194399999999995	41.1198	41.213100000000004	40.9617	41.042	41.247699999999995	41.2943	41.0781	41.084199999999996	41.2881	41.340700000000005	41.3276	41.2644	41.1887	41.1475	41.5284	41.066900000000004	41.4255	41.1688	41.0749	41.349599999999995	41.4289	41.5637	41.1215	41.313100000000006	41.1288	41.633700000000005	41.098	41.2582	41.4405	41.5084	41.4478	41.571999999999996	41.3994	41.6981	41.449000000000005	41.936099999999996	41.3954	41.516999999999996	41.3846	41.754000000000005	41.7721	41.6907	41.8399	41.6297	41.8711	41.716300000000004	41.646499999999996	41.7697	41.914	41.8037	41.8844	42.064800000000005	41.9775	42.173300000000005	42.077799999999996	42.4825	42.038799999999995	42.2594	42.1201	42.1583	42.1809	42.5347	42.4962	42.2612	42.4017	42.7444	42.4455
Tzo-CMvi_054-Ex1_L4_fastp	55.0222	42.9069	38.6565	38.0779	39.495200000000004	39.1125	37.3068	39.7896	40.3679	38.1676	43.5586	43.1989	42.8516	41.9662	41.7713	41.173300000000005	41.8244	41.5283	41.9624	41.943599999999996	42.101699999999994	41.580600000000004	41.6643	41.2733	41.456900000000005	41.2846	41.266000000000005	41.0903	41.3574	41.3432	41.5471	41.632000000000005	41.5595	41.4731	41.5776	41.3597	41.4564	41.4024	41.354	41.265	41.7536	41.3121	41.5226	41.5576	41.3997	41.3559	41.5092	41.2649	41.582	41.4711	41.6597	41.4153	41.643299999999996	41.409800000000004	41.5628	41.4611	41.653800000000004	41.2588	41.621900000000004	41.4443	41.5764	41.4433	41.7312	41.4328	41.686299999999996	41.346500000000006	41.6713	41.5487	41.509	41.456900000000005	41.658899999999996	41.471799999999995	41.637	41.6161	41.6797	41.448499999999996	41.646699999999996	41.4531	41.6631	41.5182	41.722300000000004	41.5079	41.637800000000006	41.3714	41.6834	41.6023	41.598800000000004	41.516999999999996	41.6717	41.464099999999995	41.4974	41.6779	41.475899999999996	41.600500000000004	41.8487	41.442299999999996	41.6535	41.4952	41.653600000000004	41.5071	41.8182	41.678599999999996	41.714600000000004	41.8205	41.7141	41.8284	41.838300000000004	41.7377	41.736200000000004	41.9051	41.8506	41.797200000000004	42.072199999999995	41.9493	42.0274	42.1935	42.044599999999996	41.985	42.2457	41.9318	42.398599999999995	42.039100000000005	42.263099999999994	42.2322	42.4571	42.1864	42.4827	42.4434	42.6941	42.422	42.6457	42.633700000000005	42.714400000000005	42.8684	42.873099999999994	43.010999999999996	43.045	43.0957	43.1074	43.132799999999996	43.3009	43.1372	43.4589	43.2888	43.7056	43.7081	43.600100000000005	43.599700000000006	43.8729	43.7646
Tzo-CMvi_057-Ex1_L4_fastp	55.734700000000004	37.8979	38.448100000000004	36.7936	38.4259	37.6004	36.3884	38.8039	39.7039	36.3133	43.005300000000005	42.8949	42.1362	41.3935	40.9551	40.3415	40.9099	40.6124	40.8925	40.7813	40.997499999999995	40.523399999999995	40.430899999999994	40.260400000000004	40.0725	40.0151	40.0142	39.8713	40.2769	40.096399999999996	40.3759	40.4251	40.3967	40.2359	40.163199999999996	40.0051	40.1757	39.988	40.1399	39.9181	40.341100000000004	40.0782	40.3159	40.137499999999996	40.1212	40.0198	40.0729	39.9104	40.1916	40.0208	40.272200000000005	40.097	40.4164	39.939099999999996	40.272200000000005	40.1385	40.2262	39.8931	40.3793	39.9535	40.3503	40.0747	40.272200000000005	40.1021	40.3305	39.9654	40.1624	40.0782	40.2688	40.071400000000004	40.3309	40.145199999999996	40.353699999999996	40.1567	40.3597	40.2034	40.1252	40.1582	40.3326	40.1873	40.3513	40.1462	40.2946	40.076499999999996	40.2177	40.2092	40.210499999999996	40.1201	40.3879	40.1499	40.3227	40.305099999999996	40.3926	40.2049	40.3806	40.2503	40.3372	40.2901	40.3245	40.292899999999996	40.4993	40.3679	40.4587	40.625	40.5839	40.5813	40.6072	40.5167	40.6817	40.6608	40.6349	40.6457	40.7858	40.6662	40.8829	40.8598	40.9675	40.8509	40.9398	40.8482	41.1098	40.8927	41.2064	41.0874	41.2988	41.1552	41.3847	41.4204	41.4477	41.3395	41.6844	41.4696	41.763	41.6806	41.8647	41.8709	41.9358	41.9669	42.0774	42.168099999999995	42.268699999999995	42.1155	42.2976	42.3242	42.6348	42.5974	42.5794	42.6635	42.8057	42.546099999999996
Tzo-CMvi_058-Ex1_L4_fastp	55.0872	40.9514	38.4098	37.3868	39.1569	38.6317	37.1096	39.4424	40.0074	37.6258	43.2176	43.1453	42.5167	41.916399999999996	41.396899999999995	40.8734	41.444399999999995	41.0137	41.3887	41.4008	41.6442	41.239399999999996	40.998000000000005	40.958099999999995	40.7552	40.6924	40.5565	40.5959	40.724700000000006	40.7711	40.8983	41.1201	40.9142	40.8792	40.959	40.802699999999994	40.6246	40.6868	40.9138	40.672399999999996	40.956399999999995	40.664	40.896	41.0324	40.8051	40.6719	41.0203	40.7444	40.731	40.815400000000004	40.8658	40.5862	41.0554	40.854099999999995	40.792899999999996	40.9215	40.868500000000004	40.5501	41.0864	40.569300000000005	41.0451	40.6768	41.1077	40.7012	40.9832	40.572399999999995	40.9242	40.8579	40.9928	40.7493	40.9673	40.780699999999996	41.010600000000004	40.9435	40.794399999999996	40.9754	41.0503	40.652899999999995	40.997499999999995	41.010999999999996	41.111599999999996	40.8499	41.120200000000004	40.7673	41.110400000000006	40.819100000000006	40.849999999999994	40.8729	41.2012	40.678399999999996	40.9267	40.902300000000004	40.9968	40.8843	41.0764	40.9876	41.1704	41.057	40.816599999999994	40.9886	41.1702	41.0477	41.179	41.1663	41.2857	41.1876	41.146	41.063300000000005	41.1804	41.114200000000004	41.2968	41.2725	41.4812	41.4232	41.3617	41.4255	41.562	41.402699999999996	41.5487	41.3713	41.6586	41.364000000000004	41.6423	41.6804	41.6521	41.5695	41.813	41.6118	41.8785	41.7579	41.888	41.7465	42.010999999999996	42.1237	42.064	42.0978	42.2451	42.1543	42.1751	42.2224	42.4293	42.126999999999995	42.369099999999996	42.4282	42.6626	42.594300000000004	42.572500000000005	42.5809	42.6961	42.6329
Tzo-CMvi_061-Ex1_L4_fastp	57.29840000000001	37.1814	38.8333	37.039899999999996	38.4939	37.7478	36.578	38.9838	39.7867	36.353	43.2501	42.954	42.3456	41.3854	41.1674	40.5656	41.1893	40.681400000000004	41.0648	40.8108	41.1586	40.5184	40.541700000000006	40.1006	40.1815	40.0147	39.955	39.8693	40.3255	40.14	40.4196	40.5288	40.2946	40.3005	40.232099999999996	39.9833	40.1554	39.9996	40.1807	39.9733	40.4807	40.0337	40.245	40.2933	40.212199999999996	40.009	40.2466	40.1079	40.3382	40.0265	40.3532	40.153	40.4056	40.1282	40.283	40.2443	40.3467	39.9217	40.4472	40.0727	40.4304	40.1818	40.252500000000005	40.2632	40.2935	40.0805	40.2705	40.151199999999996	40.3511	40.158100000000005	40.4167	40.043800000000005	40.4716	40.2421	40.455799999999996	40.1064	40.321200000000005	40.187200000000004	40.3377	40.1967	40.433099999999996	40.172999999999995	40.451	40.2084	40.353899999999996	40.374900000000004	40.360800000000005	40.19	40.4634	40.2586	40.3701	40.4373	40.3174	40.4755	40.4327	40.26	40.5413	40.2858	40.3595	40.4155	40.5449	40.3624	40.612500000000004	40.5332	40.746900000000004	40.681400000000004	40.7459	40.691500000000005	40.799	40.6963	40.6937	40.6146	40.983999999999995	40.8074	40.949400000000004	40.923	40.9536	40.894999999999996	41.0343	40.7909	41.219	40.893299999999996	41.139199999999995	41.181400000000004	41.3431	41.4354	41.369	41.2028	41.5105	41.3814	41.6021	41.579100000000004	41.8177	41.836400000000005	41.787800000000004	41.931400000000004	42.149300000000004	42.0553	42.0561	42.072700000000005	42.168099999999995	42.2134	42.3329	42.341899999999995	42.511500000000005	42.5114	42.6916	42.6008	42.7243	42.601099999999995
Tzo-CMvi_063-Ex1_L4_fastp	56.56830000000001	37.6913	38.8202	36.701699999999995	38.9455	37.9103	36.627700000000004	38.839600000000004	39.8252	36.7296	43.2697	43.2601	42.7033	41.8095	41.5456	40.869499999999995	41.354400000000005	41.0015	41.2601	41.2798	41.4386	40.9596	40.9281	40.599000000000004	40.6353	40.4604	40.422599999999996	40.3591	40.655	40.5024	40.8123	40.914699999999996	40.854800000000004	40.6696	40.7589	40.4857	40.537	40.4932	40.4704	40.4006	40.8179	40.5366	40.7395	40.7109	40.6424	40.4613	40.6762	40.5288	40.8046	40.5764	40.6575	40.5766	40.7589	40.5848	40.775	40.6155	40.8109	40.5105	40.7769	40.4405	40.8666	40.6474	40.8507	40.5646	40.8335	40.5193	40.752300000000005	40.665800000000004	40.746500000000005	40.592099999999995	40.8028	40.6095	40.8378	40.7822	40.739599999999996	40.6746	40.793800000000005	40.5659	40.8602	40.5795	40.7429	40.7115	40.8701	40.6089	40.8577	40.7171	40.8287	40.7097	40.8346	40.6489	40.754400000000004	40.8533	40.8285	40.7829	40.9362	40.8949	40.8103	40.9227	40.8108	40.7402	41.0831	40.9043	41.051500000000004	41.1564	41.0721	41.0715	41.1075	41.0857	41.2203	41.246500000000005	41.300799999999995	41.2145	41.328900000000004	41.3313	41.4327	41.409600000000005	41.4927	41.3785	41.542	41.3987	41.6224	41.4691	41.6427	41.6764	41.859	41.7746	41.924099999999996	41.9499	42.0222	41.856100000000005	42.0771	42.0369	42.249700000000004	42.2741	42.399	42.4107	42.5981	42.5007	42.6585	42.6849	42.804199999999994	42.6943	42.7854	42.8131	43.1047	43.053799999999995	43.079699999999995	43.1759	43.2641	43.1422
Tzo-CMvi_064-Ex1_L4_fastp	58.4887	35.388799999999996	38.565	36.367399999999996	38.293	37.1185	36.332300000000004	38.6359	39.5461	36.1841	43.5373	43.077799999999996	42.2132	41.3953	41.138000000000005	40.274	41.0068	40.7787	40.9688	40.9517	41.010400000000004	40.619699999999995	40.4127	40.029900000000005	40.1492	39.908	39.7877	40.0535	40.134	40.1211	40.3643	40.4756	40.3717	40.1989	40.3009	39.9246	40.128	39.9526	40.078	40.090900000000005	40.2974	40.043	40.3655	40.0837	40.2575	40.1468	40.1135	40.0307	40.3669	40.1184	40.4411	40.1261	40.4827	40.2451	40.4143	40.0638	40.4866	40.0223	40.3969	40.0486	40.4227	40.1408	40.483999999999995	40.0941	40.334399999999995	39.936899999999994	40.2304	40.0497	40.3241	40.0585	40.3583	40.348	40.4045	40.2482	40.4103	40.141799999999996	40.336800000000004	40.1107	40.4006	40.1233	40.4005	40.070699999999995	40.4683	40.3061	40.352900000000005	40.1332	40.3041	40.3117	40.33	40.2686	40.316	40.3966	40.3854	40.4395	40.4988	40.3246	40.5483	40.2603	40.415099999999995	40.2897	40.7246	40.427400000000006	40.6179	40.6822	40.6734	40.550999999999995	40.6418	40.6679	40.7086	40.502300000000005	40.6552	40.6779	40.7339	40.696799999999996	40.9463	40.7647	40.8571	40.6434	40.887299999999996	40.714099999999995	41.108200000000004	40.7425	41.0982	41.1009	41.126000000000005	41.0403	41.2762	41.248000000000005	41.234	41.1055	41.2873	41.3191	41.5449	41.4664	41.5157	41.5579	41.720800000000004	41.7654	41.7641	41.815999999999995	41.791	41.6628	41.9912	41.8334	42.093599999999995	42.0061	42.1523	42.0584	42.2325	42.0104
Tzo-CMvi_065-Ex1_L4_fastp	55.04710000000001	38.4355	38.487500000000004	37.1055	38.3678	37.7288	36.3062	38.6803	39.5199	36.134899999999995	42.7644	42.6263	42.058	41.1356	40.9044	40.2153	40.7502	40.545700000000004	40.8861	40.7585	40.984300000000005	40.4709	40.4027	40.0465	40.1332	39.8526	39.853699999999996	39.765299999999996	40.071400000000004	39.9058	40.2082	40.2679	40.259499999999996	40.143299999999996	40.2219	39.9747	40.1549	39.989599999999996	40.0633	39.9384	40.300000000000004	39.8356	40.2356	39.991	39.996700000000004	39.9794	40.0993	39.9047	40.214299999999994	40.0289	40.1171	40.0723	40.293099999999995	40.0054	40.1928	40.0057	40.2874	39.8571	40.2591	39.95	40.2795	40.029900000000005	40.2787	40.0471	40.1661	39.9366	40.1995	40.1158	40.2167	40.0045	40.2452	40.0494	40.3104	40.1648	40.210499999999996	40.1205	40.1757	40.0218	40.211200000000005	40.103699999999996	40.2287	40.104099999999995	40.262100000000004	40.0768	40.198699999999995	40.1613	40.233999999999995	40.206599999999995	40.3035	40.0757	40.314699999999995	40.3557	40.2318	40.3595	40.2101	40.3053	40.3161	40.3081	40.2175	40.2951	40.4666	40.211999999999996	40.474199999999996	40.5365	40.6347	40.5768	40.7348	40.5479	40.775299999999994	40.6288	40.731899999999996	40.7341	40.7899	40.7539	40.9528	41.0216	41.0048	40.9486	41.0486	40.9334	41.198800000000006	41.0317	41.3054	41.1625	41.4191	41.3464	41.6079	41.510200000000005	41.578900000000004	41.560900000000004	41.7526	41.7295	41.9129	41.9486	42.100500000000004	42.1862	42.2879	42.3588	42.4435	42.5489	42.4929	42.403400000000005	42.6173	42.675999999999995	42.93	42.918099999999995	42.9786	43.044	43.152499999999996	43.0478
Tzo-CMvi_066-Ex1_L4_fastp	58.3167	36.798500000000004	39.4268	37.251400000000004	38.7873	38.0158	36.8842	39.374199999999995	40.0197	36.5418	43.9761	43.479099999999995	42.5227	41.7743	41.4553	40.8096	41.3861	41.017399999999995	41.3257	41.3701	41.3086	40.8958	40.822900000000004	40.4755	40.5663	40.388600000000004	40.331	40.287099999999995	40.6617	40.5195	40.8095	40.901199999999996	40.7086	40.604600000000005	40.7316	40.476299999999995	40.5939	40.4016	40.556599999999996	40.2099	40.826499999999996	40.4769	40.6402	40.6624	40.5578	40.3064	40.5355	40.525099999999995	40.754200000000004	40.490500000000004	40.7886	40.5704	40.8636	40.477999999999994	40.719300000000004	40.5809	40.7276	40.5456	40.841100000000004	40.346399999999996	40.8501	40.590399999999995	40.7474	40.496300000000005	40.8179	40.4806	40.6291	40.6436	40.7313	40.4893	40.7387	40.641	40.8913	40.63	40.745599999999996	40.4604	40.7408	40.5401	40.848099999999995	40.6408	40.815200000000004	40.5606	40.7592	40.6681	40.6845	40.7089	40.7561	40.6149	40.8547	40.561	40.8185	40.8045	40.7511	40.8055	40.6755	40.8129	40.7599	40.774100000000004	40.776	40.7144	40.9869	40.931200000000004	40.9267	41.030499999999996	41.0545	41.0487	40.9338	41.0219	40.9737	40.970600000000005	41.161500000000004	41.0969	41.1571	41.2164	41.2497	41.321999999999996	41.2618	41.164699999999996	41.4745	41.1683	41.5753	41.2992	41.4606	41.5349	41.7132	41.5595	41.79	41.4728	41.8732	41.5352	41.856100000000005	41.77	41.945100000000004	41.9444	42.1453	42.1254	42.3139	42.200500000000005	42.3671	42.2264	42.402499999999996	42.247	42.482	42.4269	42.689	42.7446	42.7946	42.711	42.8236	42.7403
Tzo-CMvi_067-Ex1_L4_fastp	55.5474	38.2662	38.6363	36.8615	38.595600000000005	37.9635	36.3428	38.7963	39.588	36.6501	43.2194	43.0887	42.5732	41.6198	41.265800000000006	40.610600000000005	41.114	40.8621	40.9499	41.155	41.208299999999994	40.703	40.6038	40.3176	40.258	40.26	40.1209	40.1854	40.4906	40.4006	40.5586	40.616600000000005	40.6161	40.5113	40.4179	40.2886	40.482099999999996	40.2744	40.348299999999995	40.1945	40.6451	40.1656	40.428	40.4809	40.3513	40.3221	40.4307	40.3794	40.4407	40.4338	40.4634	40.3971	40.5816	40.283	40.46	40.4765	40.5247	40.2298	40.5766	40.1439	40.6379	40.286699999999996	40.5296	40.3414	40.559400000000004	40.2145	40.5144	40.4273	40.5246	40.322	40.5426	40.4051	40.591300000000004	40.4525	40.6792	40.4004	40.527499999999996	40.2513	40.542899999999996	40.4294	40.6124	40.2984	40.495799999999996	40.3538	40.4912	40.5008	40.4482	40.4778	40.536699999999996	40.3752	40.469	40.6584	40.4541	40.5858	40.6016	40.4841	40.4387	40.5408	40.538000000000004	40.549800000000005	40.6817	40.6474	40.634100000000004	40.772000000000006	40.778999999999996	40.8321	40.989	40.7947	40.8984	40.7222	40.8926	40.884	40.9769	41.0257	41.071600000000004	41.133199999999995	41.0938	41.0815	41.241	41.1772	41.3644	41.193999999999996	41.395700000000005	41.3652	41.6579	41.5103	41.627700000000004	41.6585	41.7919	41.6242	41.83	41.865	41.945100000000004	41.9081	42.166199999999996	42.1167	42.281600000000005	42.2348	42.5249	42.426700000000004	42.5338	42.4632	42.6584	42.4764	42.730000000000004	42.844300000000004	42.8327	42.945899999999995	43.033	43.0298
Tzo-CMvi_068-Ex1_L4_fastp	55.273	38.6042	38.407799999999995	36.9547	38.588499999999996	37.743700000000004	36.4759	38.8279	39.5202	36.4542	42.7178	42.5786	41.9672	41.1821	40.9751	40.3222	40.7383	40.5847	40.706399999999995	40.780499999999996	40.9084	40.3082	40.4797	40.0326	40.120400000000004	39.909	39.8637	39.7358	40.079	39.9666	40.212199999999996	40.2605	40.1573	40.1876	40.0261	39.9228	40.0319	39.8317	40.0561	39.8731	40.2264	39.866	40.144600000000004	40.151900000000005	40.082	39.8403	39.983999999999995	39.939	40.1333	39.948299999999996	40.1228	39.9882	40.266999999999996	39.879599999999996	40.1766	39.9805	40.1871	39.786	40.1724	39.888200000000005	40.2136	40.0499	40.0809	39.9597	40.1258	39.8088	40.179500000000004	40.0221	40.181400000000004	39.9133	40.212199999999996	39.985	40.2382	40.1321	40.1885	40.041399999999996	40.171099999999996	39.8281	40.211000000000006	40.1151	40.2764	39.9541	40.3102	39.9728	40.1004	40.146300000000004	40.2343	39.9835	40.2519	40.0399	40.150999999999996	40.3156	40.181	40.2577	40.3041	40.1947	40.293	40.2899	40.2954	40.169700000000006	40.449	40.2496	40.461000000000006	40.5186	40.4606	40.4396	40.5619	40.5428	40.632000000000005	40.5159	40.6997	40.625	40.762	40.672799999999995	40.8478	40.9619	40.9603	40.753	41.0734	40.706199999999995	41.2376	40.8438	41.1205	41.179500000000004	41.2829	41.2736	41.478	41.388200000000005	41.6633	41.396699999999996	41.674	41.5381	41.7097	41.745	41.9282	41.9404	42.1702	42.0505	42.235299999999995	42.1824	42.2705	42.2468	42.4406	42.342600000000004	42.5261	42.5477	42.6505	42.6451	42.9865	42.7699
Tzo-CMvi_069-Ex1_L4_fastp	53.3676	41.186499999999995	36.9962	36.5965	38.4759	37.743	36.1011	37.7958	38.8748	37.0542	41.9525	41.8096	41.4134	40.8418	40.6135	40.0152	40.6144	40.1696	40.503	40.562799999999996	40.8842	40.4484	40.5933	40.2506	40.1626	40.1431	40.0479	39.9657	40.353899999999996	40.0291	40.3389	40.3171	40.3725	40.1599	40.3716	40.103	40.219	40.0458	40.117799999999995	40.0137	40.4522	40.0956	40.3559	40.239200000000004	40.2049	40.144999999999996	40.2786	40.106199999999994	40.2986	40.1563	40.3623	40.1501	40.3834	40.2024	40.342299999999994	40.181	40.3436	40.0678	40.4326	40.0569	40.407700000000006	40.2613	40.3913	40.0847	40.4616	40.044000000000004	40.3315	40.183	40.2886	40.2186	40.4414	40.1487	40.4594	40.3021	40.3888	40.1873	40.4198	40.0935	40.397499999999994	40.2476	40.4934	40.2021	40.5149	40.1783	40.3183	40.353899999999996	40.413700000000006	40.1813	40.5666	40.3158	40.293600000000005	40.4892	40.3435	40.450199999999995	40.4779	40.4105	40.4082	40.4852	40.3988	40.4116	40.624900000000004	40.551500000000004	40.6706	40.621	40.6976	40.6165	40.8399	40.6732	40.738	40.6844	40.8499	40.818799999999996	40.9868	40.8502	41.0069	41.0733	41.0084	40.9396	41.2019	40.9721	41.2663	41.0142	41.2616	41.2729	41.4375	41.3966	41.524899999999995	41.5257	41.5899	41.5772	41.758	41.646699999999996	41.933	41.9987	41.9572	42.1046	42.0954	42.1755	42.2898	42.3138	42.4069	42.344300000000004	42.5349	42.5454	42.6668	42.827	42.8135	42.8532	42.9729	42.8632
Tzo-CMvi_070-Ex1_L4_fastp	55.3318	38.6402	38.1442	36.8326	38.5113	37.702799999999996	36.3303	38.393	39.4337	36.4564	42.409400000000005	42.5047	41.9591	41.1648	40.9661	40.1754	40.705000000000005	40.5064	40.5894	40.840700000000005	40.8866	40.4238	40.2744	40.1941	40.122600000000006	39.9103	39.7985	39.915299999999995	39.935500000000005	39.9702	40.2495	40.1674	40.286699999999996	40.1228	40.2173	40.1301	40.0523	40.0588	39.9609	40.0629	40.2684	39.9706	40.1754	40.0728	40.186899999999994	39.9922	40.1082	40.0389	40.206599999999995	39.9667	40.1949	40.0679	40.291	40.091100000000004	40.2063	39.9801	40.274300000000004	39.825700000000005	40.3217	39.8998	40.381299999999996	40.0615	40.190799999999996	39.957300000000004	40.1588	39.975300000000004	40.261	40.0402	40.1895	40.1078	40.3415	40.1467	40.2862	40.2615	40.345	40.1443	40.1895	40.117399999999996	40.090900000000005	40.1232	40.3307	40.026	40.2825	40.036500000000004	40.2167	40.1378	40.2265	40.132600000000004	40.3476	40.0439	40.1175	40.3723	40.232800000000005	40.3622	40.2594	40.1292	40.2618	40.2012	40.201100000000004	40.1959	40.414699999999996	40.2552	40.5041	40.564699999999995	40.503299999999996	40.4844	40.4939	40.436499999999995	40.483999999999995	40.4839	40.657399999999996	40.4805	40.7158	40.772000000000006	40.677099999999996	40.692499999999995	40.9259	40.794200000000004	40.7627	40.8201	41.0856	40.805	41.1595	41.1285	41.2796	41.291	41.4504	41.411500000000004	41.5932	41.4736	41.6439	41.5522	41.8348	41.8151	41.868	42.0011	42.1689	42.0192	42.092400000000005	42.1787	42.1888	42.1867	42.5524	42.3493	42.546	42.6381	42.8176	42.6108	42.9489	42.8308
Tzo-CMvi_075-Ex1_L4_fastp	58.8924	36.3643	39.6104	37.2614	38.973200000000006	38.020399999999995	36.9889	39.4825	39.928399999999996	36.3664	44.1532	43.379200000000004	42.605900000000005	41.8882	41.6866	40.849999999999994	41.6293	41.207300000000004	41.3684	41.353	41.5442	40.807300000000005	40.8644	40.6376	40.558	40.2576	40.341100000000004	40.3874	40.7178	40.4715	40.8136	40.719100000000005	40.9829	40.743	40.7449	40.6075	40.6144	40.393299999999996	40.6832	40.305	40.8442	40.399499999999996	40.7409	40.7566	40.6595	40.5822	40.632000000000005	40.4983	40.754200000000004	40.512100000000004	40.7952	40.6453	40.937400000000004	40.521	40.8425	40.5761	40.7967	40.605599999999995	40.783199999999994	40.5684	40.9041	40.6524	40.6999	40.5319	40.8838	40.456900000000005	40.7293	40.664899999999996	40.928	40.4876	40.9109	40.7034	40.875699999999995	40.6609	40.8412	40.596	40.8315	40.4841	40.6689	40.5687	40.945100000000004	40.5536	40.867599999999996	40.6063	40.8446	40.9	40.7443	40.5105	41.1856	40.6544	40.9141	40.842299999999994	40.9489	40.8438	40.8001	40.699000000000005	40.796	40.657199999999996	40.7171	40.7856	41.0787	40.8162	41.176899999999996	40.9572	41.1101	41.0588	41.0711	40.9727	41.0478	40.956399999999995	41.2012	41.062	41.2921	41.179	41.194399999999995	41.2318	41.1273	41.2676	41.321799999999996	41.1659	41.2628	41.3458	41.5142	41.6511	41.7728	41.678399999999996	41.726	41.700199999999995	41.6676	41.5637	41.8638	41.7123	41.9667	41.844	42.1823	41.958600000000004	42.3073	42.2983	42.2785	42.145700000000005	42.363800000000005	42.202600000000004	42.4439	42.3325	42.5903	42.559000000000005	42.5499	42.6009	42.7227	42.5492
Tzo-CMvi_076-Ex1_L4_fastp	56.4162	38.5312	38.6526	37.0585	38.7868	37.9886	36.9312	39.212599999999995	40.158	36.7073	43.2583	42.9208	42.4205	41.5707	41.369099999999996	40.7785	41.2599	40.9242	41.165600000000005	41.084700000000005	41.3493	40.848	40.692099999999996	40.5374	40.5151	40.2393	40.3093	40.1053	40.4062	40.394600000000004	40.6843	40.6214	40.698	40.4783	40.5355	40.4426	40.539199999999994	40.3022	40.4315	40.2445	40.639199999999995	40.3761	40.7111	40.4575	40.4381	40.3199	40.4704	40.3664	40.5439	40.2837	40.4608	40.2816	40.5861	40.5218	40.6044	40.300200000000004	40.638999999999996	40.3028	40.5922	40.2254	40.7995	40.5098	40.4866	40.5	40.5975	40.3732	40.5615	40.488800000000005	40.409099999999995	40.387499999999996	40.6503	40.4811	40.651199999999996	40.461200000000005	40.638200000000005	40.3878	40.7427	40.3338	40.4993	40.5171	40.7503	40.4101	40.694	40.5158	40.587	40.6381	40.6206	40.4378	40.8562	40.4995	40.685	40.617399999999996	40.5779	40.5405	40.7178	40.5835	40.6302	40.6319	40.572	40.610600000000005	40.7502	40.4966	40.766400000000004	40.753099999999996	40.8384	40.8799	40.897299999999994	40.836099999999995	40.894200000000005	40.8855	41.0004	40.8945	41.0262	40.8564	40.991	40.9846	41.1958	40.8582	41.125699999999995	40.9202	41.294	41.0728	41.2996	41.153	41.343	41.3348	41.5053	41.3776	41.577	41.4289	41.4789	41.5952	41.6775	41.580600000000004	41.7901	41.7243	41.9345	41.856	41.9693	41.9396	42.077	41.986200000000004	42.0622	41.9929	42.209	42.3327	42.3588	42.336600000000004	42.4316	42.375800000000005
Tzo-CMvi_077-Ex1_L4_fastp	55.6068	38.6452	38.536500000000004	36.951	38.5395	37.8707	36.3367	38.8887	39.7238	36.5013	42.849399999999996	42.7858	42.140899999999995	41.379599999999996	41.0735	40.191	40.8595	40.598600000000005	40.8221	40.8774	41.0799	40.4448	40.3945	40.1229	40.1082	39.9437	39.8984	39.9204	40.1706	40.0617	40.245	40.4671	40.2924	40.2151	40.206599999999995	40.002700000000004	40.322	40.0837	40.2121	39.9476	40.3568	40.085	40.2571	40.1792	40.2669	39.9458	40.131699999999995	39.8993	40.4116	40.037800000000004	40.2761	40.0117	40.286899999999996	40.036100000000005	40.1863	40.0544	40.3575	39.9196	40.2287	39.9801	40.3281	40.094	40.3492	40.0309	40.3044	39.9668	40.2449	40.0281	40.1807	40.1425	40.2434	40.1602	40.286300000000004	40.365	40.3211	40.008700000000005	40.3217	40.1006	40.17	40.226099999999995	40.3171	39.995999999999995	40.3121	39.9966	40.245799999999996	40.2949	40.2577	40.2232	40.3881	40.1163	40.266600000000004	40.339999999999996	40.3172	40.2805	40.371	40.1383	40.3007	40.3122	40.3695	40.3103	40.5304	40.3649	40.421099999999996	40.569300000000005	40.569300000000005	40.447100000000006	40.677099999999996	40.6071	40.6171	40.6019	40.659600000000005	40.5362	40.8037	40.8458	40.8862	40.7877	40.9782	40.842600000000004	41.1678	40.9695	41.119499999999995	40.9934	41.1222	41.1783	41.309200000000004	41.2865	41.4823	41.297	41.5766	41.4157	41.7567	41.5294	41.789300000000004	41.8106	41.8821	41.9234	42.1816	42.1306	42.215599999999995	42.1702	42.3456	42.177	42.344500000000004	42.3685	42.6758	42.6207	42.7568	42.762899999999995	42.8361	42.7543
Tzo-CMvi_078-Ex1_L4_fastp	58.4488	37.0424	39.3403	37.368	39.2129	38.0351	37.3978	39.8852	40.2277	36.8139	44.2913	43.681	42.614999999999995	41.8027	41.7388	41.1607	41.5816	41.3019	41.4436	41.2881	41.7074	41.1015	40.876400000000004	40.821400000000004	40.799099999999996	40.4392	40.5082	40.655	40.8648	40.3394	41.2117	40.9148	41.2356	40.7382	40.747499999999995	40.6225	40.9003	40.5819	41.0156	40.6074	41.0056	40.6085	40.8615	40.83	40.842299999999994	40.686299999999996	40.9497	40.9878	40.8405	40.9287	40.9941	40.7889	40.807500000000005	40.605599999999995	40.6516	41.079100000000004	41.0679	41.0353	41.2171	40.7504	41.003699999999995	40.840199999999996	41.0817	40.8551	41.0356	40.6595	40.7729	40.6682	40.8684	40.7982	40.8858	40.671600000000005	40.9473	40.5019	41.025600000000004	40.8536	40.9599	40.9188	40.8281	40.813300000000005	40.8574	40.7824	40.7646	40.7329	40.7026	40.9238	41.1775	40.722	41.3257	40.8124	40.9601	40.876000000000005	41.0559	40.9901	40.8577	40.903800000000004	41.1557	40.612300000000005	41.1249	40.957100000000004	41.2519	40.6547	41.3329	41.1959	41.2204	41.3036	41.1754	41.301700000000004	41.1422	41.2498	41.0922	41.2697	41.6697	41.3999	41.359	41.6369	41.5552	41.261199999999995	41.4407	41.5005	41.7847	41.5029	41.5415	41.655300000000004	41.6294	42.0215	41.6556	41.5204	41.902899999999995	41.8607	42.004000000000005	42.2074	41.835499999999996	42.0721	42.1793	42.1375	42.2796	42.1229	42.403800000000004	42.482	42.1641	42.349399999999996	42.5338	42.718	42.8084	42.693999999999996	42.916199999999996	42.5909	43.0589	42.662099999999995
Tzo-CMvi_079-Ex1_L4_fastp	58.297399999999996	36.0591	38.9671	36.6255	38.6089	37.5043	36.9094	39.2505	39.9719	36.593399999999995	44.0177	43.521300000000004	42.390499999999996	41.6806	41.428599999999996	40.6686	41.252100000000006	40.8998	41.309200000000004	41.1038	41.229	40.7728	40.67	40.4402	40.433099999999996	40.2982	40.1485	40.2065	40.5317	40.473	40.6871	40.7402	40.5209	40.5681	40.5006	40.4645	40.3088	40.2962	40.3998	40.3624	40.7281	40.4327	40.549099999999996	40.6383	40.6292	40.3019	40.5629	40.4674	40.6367	40.4951	40.4918	40.671400000000006	40.7509	40.5425	40.7246	40.6113	40.734500000000004	40.335	40.7118	40.2288	40.8129	40.413199999999996	40.7538	40.4597	40.643499999999996	40.468399999999995	40.6133	40.4013	40.7181	40.3994	40.8372	40.5597	40.808	40.5838	40.6539	40.6156	40.597899999999996	40.5425	40.7001	40.5492	40.9102	40.481	40.771	40.408899999999996	40.7615	40.5402	40.7686	40.5293	40.786899999999996	40.578399999999995	40.5994	40.765299999999996	40.631299999999996	40.8318	40.8125	40.746	40.6543	40.6727	40.6161	40.766400000000004	40.899	40.8167	40.930299999999995	40.9576	41.0721	41.0082	41.0401	41.0211	41.0872	40.997	41.138999999999996	40.945	41.2707	41.0622	41.2438	41.3269	41.2764	41.211999999999996	41.2314	41.1653	41.5212	41.3255	41.6627	41.4397	41.7025	41.487899999999996	41.9024	41.6697	41.8044	41.6523	41.8588	41.802099999999996	42.1018	41.993700000000004	42.2251	42.1902	42.4119	42.2417	42.4553	42.3995	42.4641	42.4994	42.5467	42.7123	42.817	42.8378	42.8111	42.8889	42.9106	42.9567
Tzo-CMvi_081-Ex1_L4_fastp	57.3215	37.7529	39.0372	37.3899	39.204	38.4717	37.5315	39.8461	40.4356	36.9549	43.6797	43.5546	42.6718	42.2001	41.9414	41.2256	41.7514	41.104400000000005	41.543	41.4878	42.1149	41.1168	41.3715	40.9612	41.0217	40.8106	40.9039	40.8173	41.1736	40.9082	41.403099999999995	41.1043	41.155	41.0187	41.0048	40.611599999999996	41.029199999999996	41.062	40.8217	40.7331	40.9195	41.2687	40.922399999999996	41.312	40.954499999999996	41.0854	41.0655	40.5996	41.054899999999996	40.997	41.4842	40.6622	41.3776	41.0046	41.1924	40.9892	41.2541	40.7248	41.2321	40.9229	40.9533	41.0684	40.939	40.8531	41.1687	40.9642	41.157	40.6415	41.3555	40.9561	41.151700000000005	40.9849	41.3237	41.294799999999995	40.8733	41.1345	41.340500000000006	40.917500000000004	41.315200000000004	41.0272	41.4447	41.1214	41.2576	40.8074	41.0449	41.1169	41.038000000000004	40.8399	41.3722	40.929	41.218700000000005	41.2255	41.0871	41.1402	41.280499999999996	40.5552	41.0272	41.2202	41.1101	41.4114	41.2524	41.3949	41.2546	41.7873	41.2777	41.2694	41.1516	41.2796	41.7186	41.1205	41.3849	41.4246	41.5675	41.4899	41.5439	41.5959	41.5854	41.5408	41.8324	41.4873	41.9471	41.6736	41.7529	41.7822	41.7485	41.9033	42.1184	41.971599999999995	41.7477	41.8838	42.0065	42.0089	42.165	42.1225	42.3536	42.1225	42.678	42.275	42.371700000000004	42.54	42.5747	42.668499999999995	42.7052	42.6053	42.8721	42.6858	42.9485	42.9362	42.843900000000005	43.0398
Tzo-CMvi_082-Ex1_L4_fastp	54.839499999999994	39.2729	38.027699999999996	36.8946	38.562000000000005	37.7735	36.4017	38.567299999999996	39.5613	36.6809	42.7335	42.4566	42.039	41.2764	41.047200000000004	40.4109	40.8808	40.7028	40.6831	40.940599999999996	40.926899999999996	40.5914	40.4989	40.1151	40.0495	40.0065	39.9639	39.8513	40.403099999999995	40.0469	40.3652	40.4063	40.5516	40.135799999999996	40.1939	40.083600000000004	40.116600000000005	40.1179	39.9641	40.0004	40.2438	39.994	40.1566	40.1816	40.2473	39.8943	40.1253	39.839200000000005	40.303	40.031800000000004	40.2138	40.047399999999996	40.511	40.0249	40.287099999999995	40.1381	40.3064	40.0497	40.3553	40.0602	40.2783	40.182	40.234500000000004	40.1121	40.303	39.983999999999995	40.326299999999996	40.0946	40.1744	40.0072	40.268	40.1318	40.2776	40.186	40.2273	40.0702	40.2924	40.0704	40.226600000000005	40.1595	40.252300000000005	40.2403	40.3192	40.111799999999995	40.0702	40.2399	40.2024	40.0467	40.3623	40.2235	40.2496	40.4171	40.306599999999996	40.3397	40.4344	40.312	40.3843	40.247899999999994	40.3185	40.2689	40.5194	40.2686	40.5266	40.7196	40.5216	40.4926	40.8064	40.4744	40.5567	40.624900000000004	40.737	40.741	40.9107	40.8908	40.7802	40.9944	41.1273	40.8855	41.0964	40.862700000000004	41.190599999999996	41.0595	41.301100000000005	41.2528	41.3731	41.3905	41.4443	41.523900000000005	41.6407	41.4867	41.7634	41.5663	41.957899999999995	41.9587	42.0697	42.0636	42.2854	42.2326	42.2466	42.3557	42.328500000000005	42.4219	42.4958	42.519	42.735800000000005	42.906800000000004	42.7622	42.8497	42.9766	42.876799999999996
Tzo-CMvi_083-Ex1_L4_fastp	55.0704	38.832100000000004	38.2681	36.9955	38.6538	37.8628	36.3112	38.6708	39.5198	36.5223	42.7911	42.6632	42.0865	41.2636	41.0041	40.3055	40.862300000000005	40.537600000000005	40.8514	40.9037	40.9962	40.5738	40.5182	40.2417	40.191	40.0384	39.9602	39.923500000000004	40.2475	40.1133	40.3694	40.4075	40.4155	40.1663	40.2648	40.048899999999996	40.1823	40.042699999999996	40.2024	39.976299999999995	40.3989	40.1688	40.2907	40.2227	40.2188	39.980900000000005	40.2389	40.0436	40.224399999999996	40.117599999999996	40.2903	40.167	40.4717	40.1493	40.262100000000004	40.2141	40.3379	39.9952	40.3199	40.0752	40.349000000000004	40.124900000000004	40.3705	40.1042	40.3533	40.0403	40.2613	40.2134	40.2972	40.171600000000005	40.3392	40.1896	40.387699999999995	40.2947	40.2834	40.2091	40.3904	40.1306	40.3651	40.217000000000006	40.4047	40.1197	40.348099999999995	40.2601	40.3869	40.2565	40.3932	40.1603	40.490300000000005	40.2763	40.3165	40.4107	40.3566	40.3931	40.4906	40.4128	40.443200000000004	40.4182	40.4964	40.3412	40.6706	40.4921	40.6168	40.7087	40.8237	40.8026	40.903600000000004	40.8056	40.914	40.8717	40.9869	40.9271	41.0537	40.9694	41.246	41.2177	41.3018	41.105799999999995	41.3998	41.219899999999996	41.4651	41.3483	41.5468	41.5176	41.7089	41.7692	41.853	41.841499999999996	41.9943	41.9583	42.0709	42.1424	42.2365	42.34	42.4641	42.5582	42.7275	42.6932	42.8868	42.877900000000004	43.0131	42.9532	43.1894	43.132999999999996	43.399300000000004	43.4449	43.4416	43.572100000000006	43.6452	43.6577
Tzo-CMvi_087-Ex1_L4_fastp	58.1041	37.4734	39.7375	37.7794	39.2507	38.495000000000005	37.448	39.994099999999996	40.5605	36.728699999999996	44.259100000000004	43.8082	42.9246	42.092200000000005	41.9592	41.1956	41.6087	41.479	41.6376	41.5897	41.7864	41.0564	40.997	40.860800000000005	40.6741	40.6035	40.5711	40.468900000000005	40.7915	40.8211	41.0707	41.249900000000004	41.0872	40.8585	40.9078	40.7553	40.8386	40.8048	40.7711	40.657900000000005	41.118500000000004	40.8074	41.0223	41.0072	40.9225	40.8562	40.9105	40.7161	41.1945	40.7629	41.011900000000004	41.0189	41.1398	40.7391	40.971999999999994	40.8527	41.0795	40.761900000000004	41.151700000000005	40.6049	41.1953	40.8091	41.0968	40.8705	41.0296	40.6701	41.0073	40.7978	41.030100000000004	40.7442	41.1076	41.0159	41.129599999999996	41.0105	40.938900000000004	40.9004	41.124	40.854800000000004	41.091100000000004	40.9817	41.2925	40.8209	41.2021	40.9825	41.0876	40.8944	41.051700000000004	41.016999999999996	41.1583	40.9294	41.057300000000005	41.1136	41.1464	41.1263	41.246300000000005	40.9936	41.083	40.9662	41.0598	41.0693	41.1916	41.0215	41.199999999999996	41.323100000000004	41.211999999999996	41.1418	41.4496	41.1045	41.3492	41.218900000000005	41.3836	41.313	41.3792	41.2346	41.558099999999996	41.4983	41.4844	41.3433	41.6301	41.4127	41.7583	41.5599	41.814299999999996	41.7286	41.9467	41.768	41.9478	41.9247	41.8846	41.6689	42.1323	42.0373	42.262499999999996	42.1095	42.2215	42.2879	42.369800000000005	42.428	42.5006	42.4073	42.506699999999995	42.4198	42.5666	42.5155	42.6915	42.741	42.7125	42.783300000000004	42.8641	42.6789
Tzo-CMvi_088-Ex1_L4_fastp	56.1781	37.8594	38.5238	36.784800000000004	38.521300000000004	37.5741	36.5709	38.6202	39.657399999999996	36.3005	42.837199999999996	42.6582	42.0489	41.3536	40.7884	40.2522	40.8088	40.479	40.684799999999996	40.7928	40.832499999999996	40.4371	40.305800000000005	40.013	40.0612	39.7821	39.9161	39.7883	40.2461	39.9794	40.3073	40.2894	40.1841	40.145599999999995	40.1733	39.939099999999996	40.0894	39.8376	40.0919	39.9322	40.2877	39.8625	40.1459	40.1218	40.0284	39.9273	39.9621	40.0128	40.145599999999995	40.016400000000004	40.223	40.124700000000004	40.3772	40.019	40.2101	40.037299999999995	40.123	39.7899	40.1841	39.759899999999995	40.2684	40.0146	40.1755	39.9565	40.2546	39.8629	40.136500000000005	39.9677	40.2472	39.9319	40.2969	40.068799999999996	40.2557	40.1877	40.2219	40.1674	40.3039	39.9105	40.2847	40.062999999999995	40.2886	39.943200000000004	40.2904	39.9922	40.2829	40.1587	40.3134	40.0476	40.2748	40.1282	40.0606	40.2774	40.2708	40.2226	40.4391	40.2632	40.3306	40.222	40.382	40.1543	40.5875	40.1227	40.4189	40.4953	40.4781	40.529700000000005	40.557500000000005	40.5254	40.6422	40.6087	40.4986	40.6644	40.802	40.686	40.7428	40.840700000000005	40.8988	40.6457	40.9887	40.708800000000004	41.0528	40.9197	41.1291	41.091	41.167500000000004	41.1991	41.4324	41.3354	41.4001	41.3694	41.5464	41.469899999999996	41.8074	41.608200000000004	41.9201	41.909800000000004	42.0347	42.0392	42.086400000000005	42.0978	42.2299	42.038	42.4052	42.194199999999995	42.4802	42.5861	42.6315	42.6842	42.7512	42.6927
Tzo-CMvi_089-Ex1_L4_fastp	57.5902	38.116699999999994	39.1051	37.5415	38.9193	38.2867	37.3282	39.706599999999995	40.5124	37.055	43.669999999999995	43.519200000000005	42.6569	41.8557	41.7635	40.9781	41.707699999999996	41.2388	41.422399999999996	41.5106	41.5605	40.920899999999996	41.0346	40.8206	40.767399999999995	40.7886	40.4792	40.5286	40.915	40.478500000000004	40.9792	40.9877	40.8458	40.7274	40.8509	40.5799	40.6972	40.5233	40.655	40.5742	41.0356	40.7638	40.8424	40.787099999999995	40.9276	40.563	40.6712	40.5956	40.753699999999995	40.8306	40.903600000000004	40.8159	40.9388	40.799400000000006	40.8533	40.7506	40.7846	40.5646	40.9897	40.604	40.7897	40.7885	40.8646	40.7738	40.9037	40.7583	40.8422	40.9177	40.7774	40.801	41.0227	40.6234	41.0796	40.8072	41.023199999999996	40.6891	40.860400000000006	40.619	40.8896	40.9056	41.0936	40.7385	41.0991	40.6541	40.9849	40.814499999999995	40.795700000000004	40.7283	40.9726	40.884	41.0074	41.078199999999995	40.7061	40.9121	40.998400000000004	40.8542	40.9368	40.9684	40.9661	41.0559	41.2573	40.9356	41.0224	41.165600000000005	41.286699999999996	41.2332	41.3782	41.2627	41.1777	41.2153	41.3244	41.181400000000004	41.4152	41.172599999999996	41.5133	41.4221	41.5758	41.369499999999995	41.7464	41.5808	41.5942	41.623599999999996	41.8929	41.6605	41.9802	41.9885	41.954	41.8555	42.1637	41.7648	42.2251	42.067	42.5966	42.507099999999994	42.3807	42.5043	42.4625	42.7355	42.5948	42.6626	42.6582	42.668	42.8742	42.7526	43.0068	42.958400000000005	43.2392	43.3212	43.3229	43.2045
Tzo-CMvi_090-Ex1_L4_fastp	55.7097	38.7905	38.0917	37.1072	38.8882	37.6005	36.5043	38.5178	39.522	36.5594	42.462	42.2051	41.5586	41.004000000000005	40.7817	40.141	40.846900000000005	40.4551	40.781800000000004	40.704299999999996	40.8999	40.360099999999996	40.3412	40.0729	40.145199999999996	39.863	40.0304	39.7703	40.184599999999996	39.9339	40.3827	40.2789	40.2747	40.0798	40.1829	40.0289	40.1018	39.912	40.0944	39.9592	40.387	39.9137	40.2678	40.159099999999995	40.0845	39.9577	40.1284	39.9499	40.2612	40.0119	40.2777	40.070899999999995	40.3194	40.078399999999995	40.171800000000005	40.2048	40.275499999999994	39.919700000000006	40.281	39.9722	40.4096	40.1351	40.2299	40.0725	40.4054	40.056999999999995	40.2959	40.124700000000004	40.2082	40.0927	40.2639	40.203	40.4171	40.2646	40.2691	40.2219	40.3174	40.130700000000004	40.2829	40.1553	40.4146	40.168	40.374500000000005	40.1469	40.3651	40.3117	40.2497	40.1547	40.4397	40.1708	40.359899999999996	40.4659	40.464	40.503	40.5761	40.4454	40.56	40.550999999999995	40.5209	40.4883	40.7773	40.610099999999996	40.900999999999996	40.949799999999996	41.0285	40.892	41.119099999999996	41.037099999999995	41.2214	41.0574	41.2746	41.175	41.4177	41.3875	41.4882	41.6045	41.6572	41.5745	41.8653	41.665400000000005	41.9598	41.8744	42.0909	42.0769	42.2575	42.3603	42.5338	42.5522	42.7131	42.6508	42.7953	42.931599999999996	43.0078	43.0364	43.2306	43.3382	43.418800000000005	43.425399999999996	43.6307	43.6051	43.7577	43.7361	43.8126	43.8908	44.2037	44.2125	44.3168	44.374	44.4809	44.4882
Tzo-CMvi_091-Ex1_L4_fastp	57.266600000000004	37.236999999999995	39.2502	37.1965	38.8342	37.7992	36.9392	39.3815	39.9992	36.3397	43.9554	43.3388	42.457699999999996	41.7872	41.199999999999996	40.7726	41.3255	40.9538	41.1731	41.0271	41.2486	40.604099999999995	40.6417	40.3887	40.2966	40.1594	40.1207	40.0874	40.3818	40.3189	40.7766	40.7038	40.649499999999996	40.5187	40.4959	40.3626	40.5066	40.2908	40.4178	40.347899999999996	40.6405	40.3295	40.509	40.4677	40.459	40.1464	40.497499999999995	40.271	40.526	40.402	40.4478	40.5149	40.7889	40.3376	40.5865	40.381699999999995	40.6034	40.158899999999996	40.606500000000004	40.2167	40.7683	40.4576	40.5353	40.278000000000006	40.5871	40.2102	40.5811	40.3503	40.6171	40.2962	40.651900000000005	40.4282	40.6648	40.402100000000004	40.5454	40.4381	40.5109	40.4285	40.5597	40.324	40.6184	40.4385	40.7513	40.3609	40.5702	40.470800000000004	40.509499999999996	40.4995	40.6683	40.3555	40.598800000000004	40.662	40.578399999999995	40.7076	40.7366	40.5066	40.5638	40.4895	40.6687	40.6128	40.7574	40.5696	40.8036	40.739	40.7509	40.9457	40.8262	40.8583	40.9199	40.8107	40.8759	40.9384	40.996700000000004	40.892	41.0069	41.021	41.0274	41.0576	41.1956	41.1011	41.3058	41.1047	41.3483	41.1758	41.588300000000004	41.254200000000004	41.6781	41.436499999999995	41.5879	41.491699999999994	41.7023	41.6179	41.768499999999996	41.7686	41.8253	41.937200000000004	42.1389	42.0496	42.2454	42.013099999999994	42.2573	42.1983	42.2976	42.2579	42.524	42.4901	42.648	42.6203	42.5927	42.6672
Tzo-CMvi_094-Ex1_L4_fastp	54.6851	40.4625	38.0599	37.0467	38.8056	38.2697	36.7446	38.925399999999996	39.490700000000004	37.378499999999995	42.8742	42.6652	42.1492	41.5216	41.2738	40.5355	41.159600000000005	40.943000000000005	41.296	41.0916	41.328900000000004	40.8575	40.9102	40.6954	40.5255	40.4771	40.3629	40.3322	40.5346	40.4136	40.6585	40.7562	40.7586	40.4817	40.7085	40.4409	40.498400000000004	40.5572	40.531299999999995	40.4401	40.856500000000004	40.515499999999996	40.7308	40.5861	40.535	40.3508	40.6642	40.314499999999995	40.6706	40.5389	40.687400000000004	40.484500000000004	40.8062	40.4456	40.637699999999995	40.5997	40.6721	40.3653	40.7956	40.3833	40.806799999999996	40.6294	40.7645	40.502700000000004	40.7641	40.353899999999996	40.5026	40.6415	40.6453	40.5145	40.7685	40.7566	40.764	40.691500000000005	40.8012	40.710800000000006	40.7579	40.495	40.726600000000005	40.5564	40.7817	40.5894	40.8324	40.5473	40.7501	40.6681	40.7096	40.4841	40.8955	40.637	40.6285	40.7154	40.8138	40.7354	40.888600000000004	40.6849	40.827999999999996	40.733999999999995	40.861599999999996	40.7993	40.9207	40.8877	40.839	41.0259	40.9183	40.9086	41.0553	40.8168	40.963	41.1068	40.992200000000004	41.1398	41.1057	41.0684	41.1888	41.2852	41.1845	41.239399999999996	41.3401	41.1444	41.2915	41.2761	41.4236	41.4141	41.5931	41.4111	41.558499999999995	41.6403	41.7196	41.6366	41.8316	41.6939	41.927	41.9514	42.0447	41.9352	42.1964	42.0547	42.194500000000005	42.0719	42.384	42.17	42.399100000000004	42.4211	42.5911	42.5279	42.597699999999996	42.6404	42.6652	42.850100000000005
