Sample	1	2	3	4	5	6	7	8	9	10	11	12	13	14	15	16	17	18	19	20	21	22	23	24	25	26	27	28	29	30	31
Sgr-AJol_001-Ex1-cssl	38.02052722884211	20.6746204407477	13.439241595043608	9.062489941108637	6.224976573334411	4.253827780975364	2.8694091978390066	1.8948419018018106	1.2576681109452668	0.8237767769094899	0.528228259795475	0.3384739567283657	0.21843128789599395	0.13548412220177117	0.0867962743329506	0.05514804774785502	0.0356774104817756	0.024040046936615985	0.014788680559322755	0.00943144163524541	0.007000425652890984	0.004006674489435997	0.003061279385187054	0.0020933748736940887	0.001868280801253864	0.0008778668825168759	0.0008778668825168759	0.0005852445883445839	0.00047269755212447163	0.0006527728100766513	0.0106244402191786
Sgr-AJol_002-Ex1-cssl	40.89025391253146	21.270794698701874	13.092239899260615	8.513326047755204	5.617428745605852	3.7412057045116716	2.4580425902310314	1.618414378723125	1.022834367234739	0.6627822694842547	0.41653399554225023	0.25900870269241044	0.16380550386492987	0.09732327006187408	0.06320212359135266	0.03736125533817936	0.02420081314732175	0.01336044891108341	0.010720360204102858	0.006080204294864307	0.0036001209640643926	0.002400080642709595	0.0016000537618063968	0.001080036289219318	0.0008000268809031984	0.0006000201606773987	0.0006000201606773987	0.0004000134404515992	0.000520017472587079	0.00016000537618063968	0.009320313162522261
Sgr-AJol_003-Ex1-cssl	37.34692567045619	20.7424286447866	13.62974275310949	9.249765976389735	6.366904515611924	4.328922859841633	2.917045756304756	1.933161119083208	1.2699900244588316	0.815442739609553	0.5207329977635036	0.32694428214145005	0.20290170203035215	0.1302097406804349	0.07852003405289898	0.047345143339858654	0.030729837888448994	0.019328008382252057	0.01155018044772738	0.006824143310400397	0.004450528245913302	0.003030597805550487	0.0018225972816597333	0.0013987374487156093	0.0007841406909466295	0.0008477196658882481	0.0004450528245913302	0.0005510177828273613	0.0005510177828273613	0.0003814738496497116	0.01032098693218942
Sgr-AJol_004-Ex1-cssl	40.97143063376169	21.65162844737475	13.299896636760595	8.518646293505421	5.5596465968028905	3.633472294235757	2.3490198425587994	1.501423346104107	0.9519012357634566	0.5933242725175955	0.37204937853160536	0.22896380986454282	0.13620365270579227	0.08605757451243194	0.051289328076177206	0.032392080013145134	0.01943524800788708	0.011230748848848244	0.007106082604959867	0.004685082853112341	0.003340082990974827	0.002174416443788981	0.0013898331908754312	0.0010087498966031357	0.0008069999172825085	0.0007173332598066742	0.00062766660233084	0.00044833328737917144	0.000515583280486047	0.0004259166230102128	0.008742499103893842
Sgr-AJol_005-Ex1-cssl	37.783789417183556	20.262547357837935	13.112961300421366	8.94901360826877	6.20682279824369	4.325621663154138	3.0069587583221056	2.0622882435401935	1.388856722871673	0.9527422929844327	0.6244899794152626	0.42903033762511256	0.28636080644216455	0.19368861872461818	0.12873975360982182	0.08678013021106508	0.05800100539617105	0.039711786430966206	0.026939985477610864	0.019310963041473273	0.012056580099967441	0.010183382626808657	0.007118150398003375	0.004427557663829851	0.003167406636432124	0.002281895103666154	0.00200943001666124	0.0011239184838952698	0.0006471045816366706	0.0005789883098854421	0.011750056877086912
Sgr-AJol_006-Ex1-cssl	35.748248622826196	19.08386582648348	12.827101178266268	9.067147895712155	6.56321085463833	4.805488034979055	3.4816303039374628	2.498413588536517	1.7878699079354305	1.2594736697860822	0.8852703013233096	0.6201024157726193	0.4247998802549221	0.2910564340843402	0.2010789706139676	0.13454455760729098	0.09297109041807476	0.06628143044771588	0.04612715325050965	0.031454164830786294	0.019353165760497195	0.015600591135912773	0.010793922515658565	0.007547313008995638	0.005396961257829283	0.004216375982679128	0.0027406443887414327	0.00198169671185919	0.0016443866332448598	0.0012649127948037382	0.013323748105266044
Sgr-AJol_007-Ex1-cssl	37.7709767296631	20.454101581780293	13.233198766942166	8.94474172030946	6.152987741407762	4.256321486813333	2.9481490616143167	2.002549583073004	1.361539323689223	0.9363961943964452	0.6203560243391936	0.4197973272812375	0.2851499391155674	0.1915680300385475	0.12939270777932652	0.09024078281980728	0.05804447525030351	0.04088323583825669	0.02836919931124201	0.019378532291833405	0.012817775277670373	0.009051414769539742	0.00686449576481873	0.005011689385818984	0.002976639756425821	0.0021261712545898722	0.0017313108787374671	0.0011845811275572144	0.001002337877163797	0.0007897207517048097	0.012301419401555689
Sgr-AJol_008-Ex1-cssl	37.64033828563188	20.539337084551125	13.382157753956466	9.102479454308229	6.259726387946827	4.337861986132363	2.9472223035962566	1.988430865747115	1.3220901959812243	0.865228825036562	0.5721020265139138	0.3734392147230416	0.2403062868577429	0.14994355145831031	0.09806948240856125	0.05931040388311885	0.038218254173924604	0.025734225393055365	0.014917738362699344	0.010591143550556936	0.006670167002052879	0.004822350467700393	0.0023886408858702878	0.001983022622231937	0.0018478165343524867	0.0013069921828346856	0.000721099135357068	0.0006760304393972513	0.0005858930474776178	0.0004506869595981675	0.011041830510155103
Sgr-AJol_009-Ex1-cssl	37.76533434507988	19.95197648575054	12.94590231577269	8.921626303835458	6.307275200719245	4.41652463585613	3.0934052185158474	2.148435914148188	1.4900133086990766	0.9968606823531669	0.6738497718772352	0.4386777515901423	0.29215657761968417	0.1909573184189295	0.12526268626089035	0.08097417019929094	0.05307240508048331	0.03196154575778758	0.020225089001463737	0.014541396106891811	0.011072129015399855	0.006348020635495917	0.0036168954783639524	0.002066797416207973	0.0016977264490279779	0.0011810270949759844	0.0012548412884119836	0.0008857703212319884	0.0006643277409239913	0.0005905135474879922	0.011588828369451848
Sgr-AJol_010-Ex1-cssl	37.33744867797603	20.15848084195561	13.27271824437516	9.170615184785422	6.41392666079507	4.476926977024982	3.072082125692243	2.072847872504463	1.3861324036348146	0.9210392203495255	0.6081545501825509	0.387943538586583	0.2525657745150052	0.1623487780719384	0.10302300115254041	0.06596399160553323	0.044585804151758994	0.027911863325954633	0.017301173709533678	0.012126502418766807	0.008467643930345789	0.00548828773263153	0.0035020502674886905	0.002352123313984941	0.0012544657674586352	0.0014112739883909648	0.0010453881395488627	0.0008363105116390902	0.0005226940697744313	0.00036588584884210195	0.010610689616420955
Sgr-AJol_011-Ex1-cssl	42.03675984762588	20.82378276084279	12.66140807387045	8.286566117151876	5.507451485810773	3.6847536156224256	2.493922980920607	1.6422226391392656	1.0509368397869372	0.6712251107322603	0.42488151852063333	0.2689794686482915	0.17282797549615395	0.10298304144608582	0.06260553212663039	0.036604863246678034	0.02324765688089858	0.017435742660673936	0.008768853034023149	0.004078536294894488	0.003976572887522126	0.001427487703213071	0.0018353413327025195	0.0011215974810959842	0.000509817036861811	0.0012235608884683465	0.00020392681474472443	0.00020392681474472443	0.000509817036861811	0.0	0.007545292145554804
Sgr-AJol_012-Ex1-cssl	38.0205107401874	20.293314468333516	13.097834152905442	8.912821933530559	6.188445517418793	4.336839189068854	3.015365740236868	2.0843186338046285	1.391623544311312	0.9302060968249414	0.6122549941129328	0.39750071733172393	0.25754682444666516	0.16365057534951372	0.10443360476506149	0.06475773976194481	0.04200100921152876	0.026318653593089866	0.01706754791281204	0.011279422968467087	0.007865913385904678	0.00460081726345368	0.0034629807359328776	0.002275673055041605	0.001385192294373151	0.0009399519140389238	0.0004452403803342271	0.0004452403803342271	0.0002473557668523484	0.0004452403803342271	0.009795288367352996
Sgr-AJol_013-Ex1-cssl	41.91050637066836	21.81397429186236	13.101244384923753	8.309451699253724	5.377790837072368	3.4707916872602813	2.250310143749083	1.4356902518570787	0.8978902918352213	0.5513695645252961	0.34171917494716986	0.21165973486036616	0.12429235817284232	0.07549397274701508	0.046371513851173794	0.027922070805152487	0.015526758999126849	0.010151107984303099	0.006106322026547366	0.003783832024997299	0.0027400162939635615	0.0018005821360331977	0.0011481973041371114	0.0008872433713786771	0.0004958124722410255	0.0004697170789651819	0.00039143089913765166	0.00044362168568933853	0.00033924011258596473	0.0003131447193101213	0.008924624500338457
Sgr-AJol_014-Ex1-cssl	41.35194931030627	21.558907375631104	13.131480230371375	8.405085828905474	5.523299654062868	3.6236543133236836	2.361674482878926	1.5216702241416318	0.9557551791288739	0.6015100975684511	0.3727613306653692	0.23142875032616614	0.13994386165633207	0.08144713257609995	0.05084659458160952	0.029918360395887154	0.01705443996508225	0.010890478091988239	0.0072115917566633525	0.004434154390921386	0.0026312564517555477	0.0016079900538506125	0.0013887186828709834	0.001242537768884564	0.0006090871416100805	0.0007309045699320965	0.0004385427419592579	0.000341088799301645	0.0004385427419592579	0.00026799834230843537	0.00937994198079524
Sgr-AJol_015-Ex1-cssl	39.625968450999096	20.965472190232617	13.263036599789421	8.81074859732252	5.898041559962644	3.991367202266194	2.647522043523745	1.7379540823882405	1.1315754416312376	0.7255648071821416	0.45314411416445594	0.2888193570506479	0.1707489760133191	0.10988795486005686	0.06515510431240909	0.04060782578059332	0.023735798249772278	0.014809515147293815	0.00943345827875565	0.004767446657005543	0.0037869079828696515	0.00277255763031528	0.0018258306345978676	0.00138627881515764	0.0005747985331141435	0.00040574014102174834	0.0005747985331141435	0.0002704934273478322	0.0003381167841847903	0.0002704934273478322	0.00943345827875565
Sgr-AJol_016-Ex1-cssl	40.484113540630176	21.51745153473662	13.421190218042858	8.707076181604357	5.723175786085729	3.7455301830529564	2.413747059581207	1.5377403260320093	0.9591136521214693	0.5886215400645916	0.36112684377079807	0.2195460232106501	0.12445051190241652	0.07515824548912803	0.04449158267000389	0.02607584503183011	0.01749757408071497	0.009181635574588065	0.005325348633261078	0.00301682311736465	0.0019412600929129052	0.0013641287139387985	0.0010493297799529218	0.0009706300464564526	0.000629597867971753	0.000550898134475284	0.0002360992004894074	0.0003934986674823457	0.00034103217848469963	0.0003934986674823457	0.008499571217618667
Sgr-AJol_017-Ex1-cssl	40.08999104515154	21.13459078415286	13.19511065834242	8.644327816358663	5.78034487790791	3.8940846181360746	2.581416434625825	1.6975838155049126	1.0936567349171584	0.698853516101501	0.4442691630815994	0.2763202379295113	0.17307478460886472	0.1081192213287292	0.06554377666042133	0.040222591147164546	0.02604944969837258	0.015965791750615452	0.010083657947757129	0.006666418309906102	0.004621676559388684	0.002885046579497178	0.0015965791750615452	0.0015125486921635691	0.001120406438639681	0.0007842845070477766	0.0006722438631838085	0.0004201524144898803	0.00044816257545587235	0.00028010160965992025	0.009383403923607328
Sgr-AJol_018-Ex1-cssl	36.19141424669943	19.547706211503364	13.130962432830067	9.18486485027273	6.578566511542805	4.690009733359929	3.317965922742018	2.344404967762932	1.626438445121997	1.1121001111312745	0.7630714224653146	0.5101765352538097	0.34246729426091704	0.22289994135988087	0.14341333485307725	0.09253440795226005	0.06287690524146682	0.04169297473375736	0.02767033754812314	0.01840939801643423	0.01289782671619832	0.0082486101091966	0.00584901444106668	0.00333693772599317	0.00292450722053334	0.00209964620961368	0.0016497220218393202	0.00116230415175043	0.0010123294224923102	0.0007498736462906	0.01042324368343934
Sgr-AJol_020-Ex1-cssl	38.142753820461664	20.65273923342909	13.434850005485375	9.07966592038487	6.212288051229333	4.232880552925736	2.835481433023579	1.9088086985847734	1.234209232494545	0.8039628782368788	0.5213137268446095	0.3298843195494679	0.21738335452990343	0.13545827255403095	0.08614069375764397	0.055006115176608736	0.03621362892051896	0.023719165085388995	0.013916597930185405	0.011326282257048707	0.006602765441328842	0.004469564298745677	0.002336363156162513	0.002082410639188327	0.0014729245984502802	0.0017268771154244664	0.0007110670475277215	0.0009142290611070705	0.000406324027158698	0.0005586955373432096	0.01071679621631066
Sgr-AJol_021-Ex1-cssl	37.230535527686555	20.17197099073071	13.23884865696555	9.078266991622916	6.39029528839867	4.445473366854357	3.111292229644911	2.137692017799653	1.448349240227131	0.9608091558590172	0.6272374437550312	0.40809811268497476	0.2659165399453579	0.1781233829488881	0.10645118494334144	0.06776088336512598	0.043553017077116854	0.02907058178691052	0.017548060278644168	0.010518265046536716	0.007399784454849951	0.005338415928141751	0.003911314640420689	0.002114224129957129	0.0014799568909699902	0.0011628232714764209	0.0006871228422360669	0.0006342672389871387	0.00047570042924035394	0.0006871228422360669	0.008298329710081731
Sgr-AJol_022-Ex1-cssl	38.90465707077635	20.378270084135824	13.167780872726686	9.018576784851003	6.20253192414938	4.226158032150463	2.854705231180946	1.8967790116003118	1.2455681790672068	0.7919873998003158	0.49803653735127307	0.31177718128485943	0.19528255448948137	0.11752165751019877	0.07145199401681249	0.04350208670633451	0.023254909757011867	0.01584561674294815	0.01005022913788841	0.005648668931513924	0.003741326175418313	0.0021274207664143353	0.0016872647457768864	0.0012471087251394377	0.0002934373470916324	0.0005135153574103567	0.0005135153574103567	0.000660234030956173	0.00036679668386454053	0.0001467186735458162	0.009316635770159329
Sgr-AJol_023-Ex1-cssl	38.6009096861268	20.552196200339424	13.194900632697667	8.957606976069977	6.122357018687763	4.219975091668956	2.862720784558138	1.9281697588539128	1.2706071921448636	0.8278165469930302	0.5356268397582133	0.3420823755642106	0.2174864301714375	0.13621404226164172	0.08192386997720899	0.05271575728818418	0.033117005093503966	0.019435881677826918	0.011618096868868603	0.008632137393224805	0.005537597573012139	0.002931669303359367	0.00179157568538628	0.00119438379025752	0.0007057722396976255	0.0007057722396976255	0.0004886115505598946	0.0004886115505598946	0.00027145086142216365	0.0002171606891377309	0.00955507032206016
Sgr-AJol_024-Ex1-cssl	36.84660121073253	20.26980865342674	13.357711695450746	9.23232524952069	6.4623840184452535	4.525364851300432	3.1201373265561867	2.1197135558376448	1.4352306827199486	0.94791824426106	0.6164024589212336	0.39629967421730217	0.24910265236516138	0.15235680061229376	0.09966017123776882	0.057713080946895846	0.03817280767927962	0.022932350045124176	0.014189391590420583	0.008886285642485618	0.0053031059479349656	0.003535403965289977	0.002006580628948365	0.001289944690038235	0.0012421689607775596	0.0009555145852135073	0.0002866543755640522	0.0002866543755640522	0.00023887864630337682	0.0004299815633460783	0.011513950751822764
Sgr-AJol_025-Ex1-cssl	37.792623378591394	20.730643818181242	13.55782090066208	9.218117569290152	6.303109456934819	4.304757427097477	2.86937687251399	1.889920158686947	1.2229123707772587	0.7837450789779866	0.49621241281434014	0.30929189495440884	0.19539593175276174	0.11974861290987672	0.07535590060015158	0.046214076326809045	0.0283161392522645	0.0168051186642942	0.010831044688258977	0.0067026195828687836	0.004176994812512431	0.00279275815952866	0.0018699337242061465	0.0011413881173725827	0.0007285456068335636	0.0006556910461502072	0.0006556910461502072	0.0007771153139558011	0.00033998794985566296	0.00029141824273342537	0.008669692721319405
Sgr-AJol_026-Ex1-cssl	36.743958419263244	20.42029945405992	13.674430290442327	9.44564529419492	6.5687808256804034	4.499550332037763	3.0417809974636705	2.033082517515922	1.3173342176650151	0.8464919009242308	0.5356284925053809	0.3312569298931361	0.2086202129193877	0.12628825967015775	0.0769350190752916	0.047584883440001245	0.02753584712575362	0.01738501774328231	0.010104898027799493	0.00624666423536696	0.004271615984478877	0.002618087216293505	0.0014468376721622001	0.0012401465761390288	0.0009645584481081335	0.0006660046427413303	0.00048227922405406676	0.00032151948270271117	0.00043634786938225083	0.00020669109602317143	0.008405437904942305
Sgr-AJol_027-Ex1-cssl	37.30172537457385	19.950494294024825	13.272748360237946	9.260558114266006	6.469528963279707	4.510391009617292	3.1257878335607177	2.110066261952942	1.4016035941997138	0.9312993874355617	0.6039574043383114	0.38298248987452654	0.24801687222827562	0.15440774755142092	0.09840098400984008	0.06089018706564237	0.03686984760666465	0.025027545560815413	0.01642051159965694	0.009888932636224625	0.006378971978305391	0.004150909995452312	0.0028995327174115414	0.0025332759531069256	0.0012208558810153857	0.0012208558810153857	0.0008545991167107701	0.0005799065434823082	0.0003357353672792311	0.0003357353672792311	0.008423905579006161
Sgr-AJol_028-Ex1-cssl	37.86060067931436	20.80017596086695	13.669605091512826	9.30251180083176	6.335908889571379	4.275514579107891	2.830704563123427	1.830585971986138	1.1742296390673668	0.742106847573899	0.46156785592291777	0.27607915400934335	0.16805479113262645	0.10445142476608658	0.06236170702312933	0.03836473971272564	0.021564328596783037	0.012771353246508405	0.007754035899665816	0.004991977360242372	0.003015458405425595	0.0022299188208189276	0.0016217591424137654	0.0009375795042079581	0.0006588396516055922	0.0005828196918049469	0.0005067997320043017	0.00040543978560344136	0.00040543978560344136	0.0003547598124030112	0.009375795042079582
Sgr-AJol_029-Ex1-cssl	35.51832488342361	19.696264671487228	13.460210318407938	9.546455427412823	6.785325950985629	4.803190161770254	3.3608877993211106	2.308696510663186	1.554931204721123	1.0408055583936653	0.6772112511389475	0.4448225039557922	0.2847930688468143	0.18142262302656081	0.1170632845854291	0.07307841082770963	0.046022320226060676	0.030471809680926894	0.0195954410337524	0.012374491050366575	0.007880123840790338	0.005393240651491485	0.0035954937676609903	0.0026666578776819013	0.002157296260596594	0.0014981224031920793	0.001228460370617505	0.0008988734419152476	0.0006292114093406733	0.0005393240651491485	0.011565504952642853
Sgr-AJol_030-Ex1-cssl	35.89020260421666	19.330260632985098	12.916136565176577	9.097343564578518	6.572715327288925	4.768456506557134	3.445088953936737	2.454791052387564	1.728413040993129	1.203628478397192	0.837333334691208	0.5689579187042211	0.38707062415806476	0.2591588425511373	0.17203421741998576	0.1165820159192119	0.07793351184291497	0.053262628806069294	0.0332254926347612	0.023372415508590635	0.016167193734155833	0.011278845392489816	0.007307062364886179	0.006084975279469675	0.0037426416990880428	0.0029024568278641968	0.0019858915138018184	0.0015785291519963174	0.0011457066425779724	0.0007892645759981587	0.011049704063974222
Sgr-AJol_031-Ex1-cssl	35.65591366957	19.759609782881075	13.530043323761989	9.544608365002828	6.780224615324045	4.764416735964469	3.296394013734	2.2700682975724753	1.5245516392321856	1.0119075170956746	0.658502028922588	0.42424619686747334	0.27961197487296285	0.1756785731196886	0.11191395474175196	0.07241021744878745	0.04602118890022128	0.02859698154204501	0.01936614191870583	0.011358987086933229	0.0070228866298603565	0.005213961285805415	0.003937072807648987	0.002660184329492559	0.0018621290306447915	0.0012768884781564284	0.0005586387091934375	0.0006650460823731398	0.0006384442390782142	0.0003990276494238839	0.010321515198431129
Sgr-AJol_032-Ex1-cssl	39.290440157265024	20.724916713743923	13.023490360197378	8.689842331678564	5.970983897196609	4.0676337430721805	2.7883390667557086	1.8818200496081552	1.2444590942304083	0.8190013651610518	0.5380303256920516	0.3461011933965455	0.2197467894581241	0.1405490303672915	0.08764467325208418	0.054142814454638956	0.035851752210725736	0.02206994489499946	0.01530606250271905	0.009240797071143657	0.006478084544719266	0.004445744295395575	0.003016755057589854	0.0016830317689711816	0.0010479254410575283	0.0010161701246618456	0.0006351063279136535	0.0009209041754747976	0.0006986169607050188	0.0006351063279136535	0.009812392766265946
Sgr-AJol_034-Ex1-cssl	37.8923790731161	20.40491173804064	13.398985387446002	9.16347794784278	6.373460082128952	4.356634312836649	2.9579089115247186	1.9683283558210227	1.2836315396512188	0.815323182763586	0.5193056370326915	0.3249826675910618	0.20328915791157803	0.13022638792597727	0.07652925177323877	0.04703082502266546	0.027431870300250655	0.017532398272092155	0.01003279825075996	0.006599648018772332	0.0039331235667431075	0.002466535118127033	0.001699909338168631	0.001366593781664978	0.0007999573356087676	0.00046664177910511436	0.0007666257799584022	0.00046664177910511436	0.0006332995573569409	0.0004333102234547491	0.00896618846994827
Sgr-AJol_035-Ex1-cssl	35.68675360301633	19.554229190366833	13.293738225892012	9.43306329915782	6.744269835625939	4.8176636185254855	3.3773687926666325	2.3588567461439007	1.6050436994783348	1.073417082084379	0.7174122912317064	0.46800971272105096	0.30640116401376744	0.19885347750463706	0.1295299608945131	0.07840682200131893	0.051933545322148375	0.032450024092707794	0.021914740516303183	0.013473006881363589	0.008813169914876934	0.005875446609917957	0.004052032144771004	0.0026000539595613945	0.001384444316130093	0.0016883467269879187	0.001013008036192751	0.0007766394944144425	0.0005065040180963755	0.000540270952636134	0.00996124568922872
Sgr-AJol_036-Ex1-cssl	39.18762172608529	19.63455855259695	12.689027920862065	8.734763090019024	6.146556326748532	4.325740884173165	3.0317784980035043	2.1142740049480007	1.4136205379634992	0.9573592113277638	0.6289337734898446	0.41217674439590024	0.25896167179263513	0.1691945587029921	0.10461863546468346	0.07228367535700052	0.03938473338697428	0.025849168690734906	0.01776542866381417	0.008835715843378476	0.0049818397840325455	0.00347788815111706	0.0031958972199454066	0.0023499244264304463	0.0009399697705721785	0.0007519758164577428	0.0005639818623433071	0.00028199093117165354	0.0003759879082288714	0.00028199093117165354	0.009493694682779002
Sgr-AJol_037-Ex1-cssl	39.903492208907956	21.0083834971257	13.267877671699638	8.761580527824917	5.876274931639001	3.9361121784879343	2.6116514824835364	1.7134177715220595	1.093355739053901	0.6910298235444445	0.4328457427598801	0.27142159621848305	0.165547737658709	0.10125123412253263	0.06177507202495377	0.035956663946497325	0.02169481696114448	0.013473899638095782	0.008220917323048695	0.005042863022445206	0.0028628753617006637	0.0020749280144436	0.0017597490755407747	0.0009192719051332405	0.0008930069935580052	0.0004990333199294735	0.0003151789389028254	0.0003151789389028254	0.0006040929662304152	0.0005252982315047088	0.008825010289279109
Sgr-AJol_038-Ex1-cssl	38.672885104920205	20.28622809287911	13.186117078112837	9.030767572945967	6.257781859844782	4.283417643458974	2.888398100898894	1.9287095196420938	1.2566455278706816	0.8123179057384933	0.5195907324993966	0.3235105239111439	0.20712461684463607	0.12484545381607805	0.0808020993103791	0.04928021677924242	0.030649072152212763	0.01691909349914045	0.011279395666093633	0.006915343771474072	0.0054047104233365326	0.0027527096566061842	0.0019806081675581085	0.00100708889875836	0.001141367418592808	0.0008392407489653001	0.0008056711190066881	0.00046997481942056803	0.000369265929544732	0.00050354444937918	0.01054086380700417
Sgr-AJol_039-Ex1-cssl	37.94339077214552	20.419910698182445	13.313079732802487	9.10444924646324	6.316190463347993	4.33884123390907	2.9594711673793843	1.987167709757294	1.3044883518269115	0.8496778021437156	0.5460634214833406	0.34246690792878104	0.21518484869426854	0.13387687541401963	0.08172936728532924	0.05035658360709898	0.03120422607619815	0.019384124233695003	0.01209400794580536	0.007395464789159725	0.00467747345639162	0.0030551065368323643	0.002001621524131549	0.0014327396172731089	0.0008849274106686848	0.0005899516071124566	0.0004424637053343424	0.0004424637053343424	0.0004846031058423751	0.0003792546045722935	0.009186389310751109
Sgr-AJol_041-Ex1-cssl	36.49439189877302	20.03251644026348	13.38903557450937	9.349487207859298	6.564159202025617	4.645772150140543	3.198106438218893	2.1786377767544765	1.4621514388162025	0.9580014983268856	0.6239487158623375	0.3996661286130422	0.255586268982068	0.16082007353773844	0.09937882404402626	0.06307380905427898	0.04032162978161795	0.026898362283624314	0.016351509249486456	0.009691702788126678	0.006556151886085696	0.0036797374222299157	0.0031096372582224635	0.0020471778616631218	0.0014770776976556705	0.0011142866841963828	0.0007255820269185749	0.0005701001640074518	0.0006996683831000544	0.0006478410954630134	0.011376089636330513
Sgr-AJol_042-Ex1-cssl	33.5385310934108	18.04466247211681	12.734897606820061	9.43859462226316	7.098576252161474	5.307218514568114	3.950247424742994	2.9032295782021986	2.100349603561773	1.4946299281955078	1.0642446887151193	0.7397148866679052	0.5086465496298048	0.34604386738709336	0.23532957703295576	0.15925085322236787	0.10572552157967284	0.07044037576861467	0.04926409164783969	0.03284272776522646	0.020188923634162154	0.013719114129778144	0.010393268280134956	0.0067816075527880595	0.005196634140067478	0.0029880646305388	0.001922754631824967	0.0018707882904242922	0.0011432595108148453	0.0009353941452121461	0.012419955594761273
Sgr-AJol_043-Ex1-cssl	33.57830290584222	19.208331786945273	13.658632610969349	9.957371778385337	7.2132871739210165	5.170948045484861	3.631353240393783	2.5074058423300563	1.7189758201336904	1.1430683507863573	0.7611701849436713	0.4986640292340051	0.32700952857193394	0.21408521867880512	0.1399671102250217	0.08920217444950213	0.058035672622376806	0.03808997960069981	0.02454687574267321	0.016299472752208295	0.010135624201439779	0.006966885157734837	0.004970145486359121	0.0037981461140298963	0.0020401470555360584	0.0014975547535317874	0.0013456289089705917	0.0011719993723292251	0.0006077033782447834	0.0006077033782447834	0.012110660180735325
Sgr-AJol_044-Ex1-cssl	36.873596051945896	19.971939597385184	13.250805066313115	9.232466331228556	6.520257680607293	4.580526674456274	3.190274769244017	2.149426840294738	1.4659110648551623	0.966257737025033	0.6386785183513549	0.4097709588195033	0.26394594586569314	0.1717771736790454	0.10852991699168729	0.06903749849676415	0.04335257970119383	0.028090096162554357	0.018647547981061455	0.010719370734336283	0.006829515980325056	0.005196370854595151	0.003385064442421984	0.0026130322011678475	0.001900387055394798	0.001158048361881205	0.0009798870754379426	0.0005938709548108744	0.0005641774070703307	0.0006829515980325056	0.012085273930401293
Sgr-AJol_045-Ex1-cssl	35.376835976275444	19.24592793846705	13.133291544172984	9.388462000125749	6.795489057019341	4.90701276728709	3.4979051436867565	2.4660812373656062	1.7129237106488053	1.1670988478766597	0.7901961867708729	0.5285630181173158	0.3392924167916213	0.22467071983416437	0.14495376835976276	0.0933206568646317	0.061654888855440626	0.039020152155730035	0.0258737141735749	0.01627109860400071	0.011927058227288576	0.006439849330389039	0.004382145994051713	0.002591181979091448	0.0017909640149602652	0.001333696606885304	0.0011431685201874035	0.0011431685201874035	0.00038105617339580114	0.0008002179641311824	0.013222649216834298
Sgr-AJol_046-Ex1-cssl	39.64050183743931	20.419206956850513	13.029597015135083	8.723398004554959	5.983205664192479	4.083624245257593	2.7811307692209435	1.867935566361768	1.2231074119632181	0.800087624843048	0.5221086675786804	0.3343730800132332	0.21024853011241784	0.1322355958680927	0.08618784671528185	0.054765526905042	0.03273158313566651	0.021938144013856478	0.01417836381681554	0.009643842055581742	0.005811851834820784	0.0038958567244403055	0.0029378591692500668	0.002235327628777225	0.0015327960883043828	0.001500862836464708	0.0007344647923125167	0.000702531540472842	0.0004789987775951196	0.000351265770236421	0.009611908803742067
Sgr-AJol_047-Ex1-cssl	35.51119052578929	19.478287895784575	13.342770634046246	9.49250790093118	6.807528080750469	4.840817263186507	3.418120508555954	2.360699091768884	1.6174211494309212	1.0869976907112677	0.714732103569316	0.4664529302790864	0.3034213789116154	0.19812204585380744	0.1265207273424019	0.07786747824110846	0.05152175777755746	0.03272327858844865	0.02094289829660714	0.01328425862697022	0.008633375627590709	0.005235724574151785	0.0037596958378217603	0.002952057472660049	0.0018659231195115402	0.0011139839519471882	0.0009747359579537897	0.0006405407723696332	0.0007240895687656724	0.0006126911735709536	0.011557583501452078
Sgr-AJol_048-Ex1-cssl	35.30099327090876	19.633584165921544	13.26100803098402	9.389382408482982	6.757262346800619	4.829723486654665	3.4340047953906736	2.3913935971054943	1.65142929296112	1.1236702453547425	0.7636541782519487	0.4991211406802752	0.3304679088563019	0.21633639714591868	0.1438430483989963	0.09006820116367463	0.06117355668566758	0.036643450590041246	0.024576785650518112	0.017341454642293405	0.01040954074086522	0.006955253678874071	0.005158090815540838	0.0031041904003028574	0.0025206959641557035	0.0015170855339825993	0.0012603479820778518	0.000980270652727218	0.0005601546587012675	0.000490135326363609	0.011366471616146552
Sgr-AJol_049-Ex1-cssl	37.30194444381057	20.483133016751744	13.56145158971574	9.274866905662185	6.415181311797874	4.416723905408889	2.9801037371383976	1.9837845115386457	1.304541295185328	0.8468291258103752	0.5353895162964974	0.3388229280526125	0.21185560776134524	0.12927208293494408	0.07799681897116309	0.04860539040625435	0.029117595379521383	0.018597837174224082	0.011706368675309145	0.007233759980649121	0.004130317212925839	0.002738331853873484	0.001665818544439703	0.0012550687663586805	0.0008899578525088824	0.0007986801240464329	0.0005020275065434721	0.0002510137532717361	0.0003194720496185732	0.0002966526175029608	0.009994911266638217
Sgr-AJol_050-Ex1-cssl	38.23284382099675	20.14234355885491	13.231052789829548	9.071681409205032	6.286736491554475	4.344471738070918	2.966571760106029	1.9790894397545962	1.3173305603105323	0.8710924313193822	0.5576619770596044	0.3601329487862779	0.23199280982396878	0.14211560943363252	0.09229237878246786	0.058072828754625466	0.03603771803090777	0.023907552398516375	0.014843849219056137	0.009769260911993071	0.00651284060799538	0.003853430693063933	0.002659409914931447	0.001628210151998845	0.001302568121599076	0.0010040629270659546	0.0010583365987992493	0.0008955155835993647	0.0004884630455996535	0.0005427367173329483	0.010013492434792897
Sgr-AJol_051-Ex1-cssl	39.21192176091322	20.78430506396912	13.206554649380003	8.852310563601929	5.992630344794582	4.091502257463064	2.7359016692158606	1.8277076212615657	1.192985943542257	0.7777710290092746	0.49375217417712575	0.31050470358488447	0.19524800803962386	0.12173551330826471	0.07472727306192241	0.04509404408909111	0.027479758295923685	0.016988490895604526	0.01154039414035107	0.006718092282660512	0.0046566502671592045	0.0029265114327206064	0.0019141961572512144	0.0011595611337194855	0.0006626063621254203	0.0006626063621254203	0.0005889834330003736	0.00046014330703154194	0.0003681146456252335	0.00040492611018775693	0.008816345762724343
Sgr-AJol_052-Ex1-cssl	40.47288319547612	21.352007152178857	13.257840741740745	8.679038084800181	5.757263364628389	3.8075136139704946	2.482652554274928	1.59600642402299	1.0013523739912664	0.6223839294501379	0.3846090885764533	0.2313452955746781	0.13774216063883646	0.08311074812887413	0.049562721890806995	0.030274085993787798	0.017158602485078427	0.00956542782214142	0.007021221246767724	0.0038458936604486124	0.0024061488542293885	0.00142002227462718	0.0008283463268658551	0.0005719534161692808	0.0006508435425374576	0.0006311210109454133	0.0004930632898011042	0.000591675947761325	0.00027611544228861834	0.0002958379738806625	0.00865819136890739
Sgr-AJol_053-Ex1-cssl	35.68584546283046	19.42928647329863	13.281028660235044	9.439802822814862	6.7938413581342445	4.850750459981084	3.404496544431889	2.3683378251849723	1.6075561955726494	1.0780443933229542	0.7268587267104544	0.4694041126340223	0.3055307811029212	0.19475091128798946	0.1260064855398322	0.08087579499783208	0.050971720180732434	0.0342474045484647	0.021666725326579706	0.012630602552130566	0.009435509416413742	0.005841029638732317	0.0036194414428042136	0.0026708981681382816	0.0019220482144546513	0.001223121591016596	0.001023428270034295	0.0008736582792975687	0.0003993866419646029	0.0004742716373329659	0.010583746012061976
Sgr-AJol_054-Ex1-cssl	36.5533244283149	19.25824544960612	12.844031551199308	8.971827319471318	6.446007822784185	4.667740742091102	3.3673768839557456	2.3937994963454834	1.7002993014260355	1.1811940084642718	0.8200384841615518	0.5689506194715988	0.38922698439854025	0.2644989346358219	0.1815083782217482	0.11901687168691118	0.08258261512294458	0.05499558531034006	0.03699517583926909	0.027204584852170997	0.017719949833419724	0.012824654339870678	0.008515774452319694	0.006323090012500851	0.004640332186593366	0.0031615450062504255	0.002320166093296683	0.0017337504872986206	0.0014277945189518052	0.0011728312119961256	0.0112948744981366
Sgr-AJol_055-Ex1-cssl	40.936426641894116	20.46210167336911	12.852947647626847	8.53487764481549	5.784101465573089	3.9362830181760398	2.6227371624842624	1.747778416105414	1.150021085184144	0.7322899732309835	0.47831281856963	0.2873620295559277	0.18044639473909377	0.11062082116096858	0.06887062864406987	0.03880896212000831	0.026471073572013545	0.01600487709476721	0.010198811895710846	0.005615076212245297	0.0029794281942526067	0.0027502414100793295	0.0014515162997640904	0.0013369229076774518	0.0009167471366931097	0.0003437801762599162	0.00045837356834655486	0.00026738458153549035	0.00030558237889770324	0.000381977973622129	0.006531823348938407
Sgr-AJol_056-Ex1-cssl	37.001966474560724	19.98353134324291	13.210803348002417	9.167552261445746	6.457178086297804	4.552468084526615	3.1460754526751775	2.1585521206588827	1.4697183354451364	0.9711455054929584	0.6541479896998514	0.4236378871071025	0.27774182414358445	0.17805564260119625	0.1166316970266723	0.07496332729312279	0.049729552979004596	0.030995817267735738	0.019698806944879674	0.013993532887356885	0.00962232788806082	0.006698729739180984	0.0042860516551539345	0.003406133765685246	0.0018733735711268852	0.001759835778937377	0.0010218401297055737	0.0008515334414213115	0.0006812267531370492	0.000596073408994918	0.010615783569719017
Sgr-AJol_057-Ex1-cssl	35.02726022472423	19.581526732368165	13.226955494558798	9.389660859293414	6.80340339083641	4.896431689654582	3.4794706597351017	2.4592979793080225	1.691925791927504	1.1579289761865361	0.781067925152793	0.5147086517116819	0.34296410004736444	0.22789707653064137	0.14629330563750806	0.0926060135701935	0.0601699412795243	0.03839371822160845	0.02490341651591844	0.016868583689517627	0.009746800047935083	0.006619606589932491	0.004291331168645891	0.0033554557542071596	0.0021456655843229457	0.0011641377106433003	0.000867396725577361	0.0007076131182341629	0.0005706557405114217	0.0006163081997523354	0.010180498410723762
Sgr-AJol_058-Ex1-cssl	39.39529777851678	20.513352144029074	13.104596178024064	8.816164755904923	6.031276882016896	4.1216462695607765	2.791029911042263	1.8527234505353922	1.2222653936927046	0.7837375144431191	0.5058188166907315	0.31782497230144846	0.2017710106026492	0.12318008215398868	0.07641915840517424	0.04883089207151232	0.03057445014345559	0.01988526946067145	0.012284074308469393	0.0066510457581767995	0.005022218225562073	0.003461258506806293	0.0022057039504157754	0.0014252240910378855	0.0010858850217431509	0.0010858850217431509	0.0006108103247305224	0.0005429425108715754	0.0005429425108715754	0.0006108103247305224	0.008076269849214685
Sgr-AJol_059-Ex1-cssl	37.04296826801152	19.60622015832053	13.092590918790878	9.17748258582946	6.486326130388099	4.608412282948721	3.220941784745738	2.2210404209779386	1.5188479588113095	1.0246916867658304	0.6837403609336012	0.45095135208521864	0.2916332097317582	0.19761000283907332	0.12488922176012794	0.08265941284063723	0.05389363713792908	0.03600409996688373	0.023290152166077913	0.01563928092311512	0.010201161657283722	0.005963179057015118	0.0043129911418662795	0.0034878971842918615	0.002662803226717442	0.0015751793735511632	0.0015001708319534888	0.0009001024991720933	0.0006000683327813955	0.000337538437189535	0.008625982283732559
Sgr-AJol_060-Ex1-cssl	34.09886741821339	19.033655174228173	13.267879927914656	9.57136843766854	7.024210415543074	5.083102037594875	3.6491561542205444	2.588988568948054	1.7978584864708436	1.255705660278081	0.8698254429697059	0.5840820299654043	0.38673524420883704	0.2582510095894555	0.1735375751437103	0.1163494297628287	0.07915575959274411	0.04798016337590929	0.034233961668486336	0.021934728561844755	0.015160284658186553	0.00789255600426198	0.0071033004038357815	0.004899961852645979	0.0035516502019178908	0.0024006524512963524	0.0013483116507280884	0.0014140829507636049	0.0009536838505149893	0.0007234843003906814	0.01167440575630418
Sgr-AJol_061-Ex1-cssl	38.43085823862556	20.693107007623503	13.337278200715913	9.001108277764658	6.168631582112946	4.21512617826378	2.843820400625164	1.8873669602320218	1.238763540580391	0.8053367156590892	0.5100244740987614	0.3239257975752333	0.20027277961901072	0.12480286719329763	0.07993663446204304	0.048205218015837846	0.029785517737308982	0.01757942583605096	0.010326530648346915	0.0074740200409877024	0.004599396948300125	0.0032505353432698	0.0023439234448067946	0.0016584363996274489	0.0008181619571495415	0.0007075995305077116	0.0007739369864928094	0.0006412620745226135	0.00039802473591058775	0.00044224970656731965	0.010636105442944039
Sgr-AJol_062-Ex1-cssl	39.55030849076519	20.828643238097513	13.166893039274651	8.788408660312301	5.963198850744108	4.034159029080582	2.7072039597282465	1.7905343057397736	1.1708708242220018	0.7397139871717764	0.4792991875812385	0.30021920303565003	0.1806997768138686	0.1113142489939364	0.06909343413220957	0.04137108777017007	0.025624582604758736	0.015188871761577198	0.009134566234235239	0.005523226095118982	0.004248635457783832	0.002496073331448001	0.0015135763818354903	0.0014073604953908944	0.0007435112051121706	0.0006904032618898728	0.0005045254606118301	0.00029209368772263844	0.0003983095741672342	0.0003186476593337874	0.009984293325792004
Sgr-AJol_063-Ex1-cssl	38.487822417467406	20.461213339426834	13.16329677381171	8.922402648981869	6.1859787478033805	4.259495025594038	2.9123092128303494	1.9562763132658687	1.2988145708242647	0.8542396926312398	0.55226430366994	0.3521043715231779	0.22000682626358187	0.1354795272167223	0.08575104251818817	0.05328846570603545	0.03301882384457479	0.02095938818166405	0.01268243233922347	0.00847720477411253	0.005451220917736404	0.002536486467844694	0.002135988604500795	0.0013794926404067636	0.0009122451331722145	0.0009344950144690979	0.00046724750723454897	0.00040049786334389907	0.00040049786334389907	0.00020024893167194953	0.009300450382097212
Sgr-AJol_064-Ex1-cssl	37.001857642921344	20.49826669558498	13.676415318298885	9.43647225251638	6.536308638424136	4.463880561199925	2.995455619869755	1.97385456035186	1.2750721547888784	0.8188652021897934	0.5149408738356404	0.31117954429040146	0.19109674766358975	0.11631418622883105	0.06960392673821386	0.0414290775723586	0.025124069319870934	0.015740998533061993	0.00943434439766582	0.005358092334543903	0.003512242343696243	0.002281675683131136	0.0016663923528485822	0.0011280194388513481	0.0008203777737100713	0.0003845520814265959	0.0004870993031403549	0.0003845520814265959	0.0003332784705697165	0.00041018888685503567	0.011921114524224475
Sgr-AJol_066-Ex1-cssl	36.08688764689367	19.745737900034865	13.005672427729763	9.068617917686504	6.478844553132777	4.676835689124652	3.3594336200074535	2.3778617613591764	1.6707177272383318	1.1495134837730097	0.7849180323231495	0.5349945864063993	0.35458861285415544	0.23857293288063292	0.15850054418814838	0.1011115016410508	0.06675940377629093	0.04494237404643315	0.028217163248665345	0.018157284872418113	0.012305229085884134	0.008397965252578972	0.005657576591211096	0.00325310653994638	0.002439829904959785	0.0017503127579059329	0.0013790342941077047	0.0009016762692242684	0.0006718372202063177	0.0005303978054260403	0.011827871061000698
Sgr-AJol_067-Ex1-cssl	36.811897765999035	20.23692028528192	13.437791905545998	9.261702701030687	6.467472923710627	4.50902791969709	3.10230774048516	2.089126753635885	1.4061264324380334	0.9295393042168855	0.6112910334085987	0.3934434267539615	0.2586820622012951	0.16354850652575587	0.10275649812749506	0.06967905688496309	0.04510560169436176	0.028787141973089483	0.019804327877694292	0.013522103947439239	0.008523139173669207	0.005975773982437736	0.004175380539010983	0.003007040112957451	0.002432446460799976	0.0017620871999495889	0.001493943495609434	0.000746971747804717	0.0011683404260535318	0.000900196721713377	0.011281188704025086
Sgr-AJol_068-Ex1-cssl	36.58689356847581	19.943956651454688	13.324651431666473	9.256041174339641	6.557372331762043	4.622840861893496	3.210566383774798	2.186227749962511	1.4827443207669575	0.995946065630956	0.6554270891318812	0.4249932615610989	0.2724151811992599	0.17147448553657638	0.10973343918730749	0.0710453676789619	0.04191740640284386	0.027433359796826873	0.01633851614939223	0.010263529714197467	0.0066505114658974235	0.0044763057943540355	0.002973545991963752	0.0017585487049247997	0.0013109181254893961	0.0012149972870389525	0.0006074986435194762	0.0006714458691531053	0.00031973612816814536	0.0006074986435194762	0.01112681726025146
Sgr-AJol_069-Ex1-cssl	30.75864903107671	17.089872510308375	12.702689717901677	9.786378968665964	7.578727307125324	5.855530502225621	4.422062022056159	3.2843205512492597	2.4384517313533873	1.759596063234279	1.2689525183753825	0.9115014870494913	0.6346119760345763	0.4481641717838704	0.3065572137439908	0.216685517736699	0.15395719110642073	0.10588628393972978	0.0746442657867872	0.053391007564585605	0.03683355224460736	0.026736218836358325	0.019027501933286485	0.015091713373619522	0.010341623732642155	0.007437283209301707	0.0056186774610418	0.0040715054065520295	0.003582924757765786	0.0025786200908162853	0.018050340635713997
Sgr-AJol_070-Ex1-cssl	38.5188528028283	20.08610907211553	13.025998442040926	9.01139819336669	6.239045600263655	4.347211403061989	2.992891811726638	2.0329306108997214	1.337607109686311	0.8737304131587621	0.5604064924948318	0.36968758426461334	0.2213818647571681	0.13833440692692572	0.08829058932798034	0.055474203793031134	0.032582317164514485	0.022423749887647185	0.012780133025736285	0.008192392965215569	0.0053835725199988015	0.0036046529046948497	0.0022470563561734127	0.0014044102226083831	0.0011235281780867063	0.000936273481738922	0.00042132306678251493	0.0003745093926955688	0.0002808820445216766	0.0001872546963477844	0.008707343380171975
Sgr-AJol_071-Ex1-cssl	34.99080672238265	19.458529271928874	13.327910398150966	9.53767140098258	6.854356323306046	4.91444151013785	3.467162958734736	2.411878472022563	1.6687867538263248	1.1350296835577072	0.763399675465379	0.5043049222954163	0.3321360801435021	0.21446773657437856	0.14257644585503093	0.09107726139903312	0.059521388570603115	0.039269530630935134	0.025384946586425927	0.015707812252374054	0.010125928969833987	0.007853906126187027	0.004544045687293922	0.0039269530630935134	0.0028891154678473705	0.0015707812252374054	0.001402483236819112	0.0010378375952461427	0.0007573409478823204	0.000589042959464027	0.010883269917716308
Sgr-AJol_072-Ex1-cssl	33.78188187572982	19.054913650052242	13.276271543587628	9.60611341826387	7.032604019421056	5.137338999271272	3.702336321413207	2.639248619366621	1.845878293545923	1.2832208047621974	0.8737060677629789	0.5885800328366858	0.3974204763953397	0.2610253123436087	0.17333643555141925	0.11416016225185913	0.07195097324775894	0.04921112935371432	0.03263913887108528	0.020237583079448975	0.013938031730423102	0.009591999789283299	0.00634345066156264	0.004894773347849372	0.0031168511901103627	0.001997418720422838	0.001755972501470627	0.001338929032371353	0.0009657848758088448	0.0007243386568566336	0.013257592386103233
Sgr-AJol_073-Ex1-cssl	38.33443190007206	19.96306509728561	13.0543934662503	9.056968532308431	6.326053326927697	4.388181599807831	3.023204419889503	2.0366850828729284	1.3642853711265914	0.8913187605092481	0.5756617823684843	0.3576267115061254	0.23194811434061974	0.14381936103771317	0.09028104732164305	0.05661301945712227	0.03716550564496757	0.022368484266154218	0.012836896468892625	0.008647609896709103	0.0050732644727360075	0.0034590439586836413	0.0017679558011049726	0.001537352870526063	0.0009608455440787894	0.000807110257026183	0.0007302426134998799	0.0004996396829209705	0.0004227720393946673	0.0004227720393946673	0.008762911361998558
Sgr-AJol_074-Ex1-cssl	37.14191571539123	20.008399919713472	13.224791829337764	9.158279315893832	6.481512635265972	4.5571420781447785	3.153868197834352	2.1555307786284694	1.4352492652970776	0.9564074332328205	0.625933243842476	0.39785918068296916	0.2579378661187382	0.16215093634740396	0.10323547736256443	0.06406679096382117	0.04046812149254043	0.02487490036697439	0.014247377635561826	0.008817595279337937	0.005917070516397826	0.0034574255174246124	0.0027148911781119437	0.0018099274520746295	0.0012066183013830863	0.0007657385374161893	0.000626513348795064	0.00044087976396689694	0.0005104923582774595	0.0004640839620704178	0.00939770023192596
Sgr-AJol_075-Ex1-cssl	36.83752128888979	19.81300291468853	13.176653451983809	9.197681102844827	6.518524160732754	4.628035042911023	3.2298176564190393	2.226445948535336	1.5134719546027444	1.009893754901949	0.6623448187216074	0.4323355474175431	0.27435443040987734	0.1754049798447324	0.11108902713195364	0.06817205350458864	0.04389290037097118	0.026159597346907443	0.017519075202296522	0.0105209663579009	0.006093591374711834	0.0042369502527293225	0.0024279153133617464	0.0014519885697555541	0.0009997298349136603	0.0008807143783763197	0.0007616989218389793	0.0005236680087642982	0.0004046525522269577	0.00028563709568961724	0.009092780879452814
Sgr-AJol_076-Ex1-cssl	37.56880041766423	19.405772577954977	13.132820613375745	9.227668157056597	6.553479338289465	4.608024220651947	3.184366963534266	2.186806296917628	1.4646490321341625	0.9560847367771266	0.6219775626516514	0.39769284088332435	0.2563599787940188	0.15718893254351543	0.09872723766272645	0.06265770334704299	0.037643037490528726	0.023965663739950762	0.01589641668946229	0.009965520107353262	0.006213320228876123	0.0037925461137295817	0.002501466585651426	0.0018155805863599062	0.0012103870575732709	0.001008655881311059	0.0008472709403012895	0.0006051935287866354	0.0004034623525244236	0.000443808587776866	0.010611059871392341
Sgr-AJol_077-Ex1-cssl	34.83712062834278	19.136049433838703	13.180601328108907	9.513512784228746	6.918967921245435	5.04389754351225	3.5831282325109064	2.5368416081980136	1.7457050772118325	1.1827351031419733	0.7893462771281837	0.5273205711584396	0.34461089481039137	0.2256498232318908	0.1483575588409741	0.09324887486436881	0.060090259929292754	0.03990449903767369	0.027398667739781155	0.018110104244665953	0.011416111558242148	0.008406409420160126	0.005863730027642557	0.0031653763866035045	0.0024648422682568274	0.001686471025649408	0.0011156654477373006	0.000882154074955075	0.0008562083668681611	0.0004670227455644515	0.011078817353112266
Sgr-AJol_078-Ex1-cssl	34.18641494841721	18.327512624792956	12.645418280125515	9.216305841179642	6.9102873860189025	5.1466638354532535	3.829784332642901	2.8032421939111702	2.0409331120960834	1.4688786495501633	1.0475570800384355	0.7250032995649445	0.5086200221009973	0.35335783696593925	0.24127003298590904	0.16602534163281465	0.11700671260570174	0.07787460289553261	0.05364532525918022	0.03638044300372912	0.025471180309170453	0.01760579671465606	0.012784292220185935	0.00866896767692608	0.005844247872084999	0.0049676106912722486	0.0032873894280478115	0.00216724191923152	0.0016802212632244372	0.0014367109352208956	0.013904439729002226
Sgr-AJol_079-Ex1-cssl	36.603334867052475	19.681599906680752	13.158895462999565	9.243401227407345	6.590438665275519	4.666454970222087	3.2715395731940453	2.249875250309444	1.5297098678625356	1.0231937216883007	0.682345164572384	0.4470769689389472	0.28985995632140704	0.19221173100726466	0.1244775094129312	0.08110998062329482	0.05171441717592623	0.03323202146342728	0.022033711578715434	0.014153419437621917	0.010187351353453137	0.006843411596212793	0.004484508356609141	0.002903265525666034	0.0023329812259816345	0.0017367749126752166	0.001322022694722926	0.0008554264495265992	0.0008554264495265992	0.0005184402724403631	0.011301997939199917
Sgr-AJol_080-Ex1-cssl	34.16696858483809	18.893900884182347	13.16861968543353	9.548671513951385	7.002713115048801	5.114429291686141	3.6919936832265328	2.624281964837365	1.8402719199506608	1.2668117717664564	0.874723779443936	0.5940090215915282	0.39452177544478767	0.26771614344938977	0.17866180647552252	0.11582595131880624	0.07956811412230314	0.05185617448012457	0.035428138404821105	0.022484837254582012	0.016953511976702057	0.010869054171034108	0.00832464454320933	0.005337728893154156	0.0037613011889583684	0.003069885529223374	0.0020465903528155828	0.0014934578250275876	0.0011062650555759908	0.0011339216819653906	0.012445481875229895
Sgr-AJol_081-Ex1-cssl	35.39082799228762	19.498213275170702	13.049856136292902	9.234797549897815	6.6648962082729275	4.829016025859863	3.4827415911254795	2.45938033676967	1.7200813126301402	1.1846293493691067	0.8177339612596337	0.5530029585365067	0.36867562032715223	0.2520808820233826	0.16304832723097656	0.10777735284914647	0.07273819402353007	0.04609754248367108	0.031457750481814616	0.020127096013997234	0.013194662319269778	0.008943048905282849	0.0067439385187378865	0.004125949963327217	0.0030996984496062334	0.0025761007385240995	0.0015917370416896877	0.001047195422164268	0.0007958685208448438	0.000523597711082134	0.010178739503436687
Sgr-AJol_082-Ex1-cssl	37.77431624751279	20.15990702972304	13.160338893279338	9.049975720790348	6.360460436219964	4.416381940297067	3.0523813980543895	2.070867592480286	1.3781231940108205	0.9146987636279392	0.5972014066412976	0.38445929129889367	0.24778643696617741	0.1563354467647376	0.09766243882457569	0.062471224834714616	0.03815004593534134	0.022873239862223355	0.015381729191752035	0.01009360401259581	0.006589171850218471	0.0038611707657331164	0.002686031837031733	0.0020774777489542314	0.0015738467795107813	0.0011751389287013834	0.0006924925829847438	0.0006715079592579333	0.0004616617219898292	0.00041969247453620833	0.009925727022781328
Sgr-AJol_083-Ex1-cssl	35.149485680046496	19.42449799898793	13.200484216819564	9.411981025179319	6.801626653432057	4.9057155684204075	3.4899500228235083	2.4493175406016157	1.7086321981173425	1.1642091106841677	0.7851153997720526	0.5168976933764033	0.34453208268327457	0.22201752730357568	0.1484025867674987	0.09226759904882505	0.06102494920303585	0.0388763001268071	0.02544550093672633	0.015510692310126225	0.010841996051300786	0.006837095469085597	0.005133353232452616	0.003296851860497586	0.002190525732813832	0.0016594891915256303	0.0010399465600227284	0.0010178200374690533	0.0006859221991639272	0.0005531630638418768	0.010753489961086085
Sgr-AJol_084-Ex1-cssl	34.640747772339466	19.28106199339268	13.080580688018397	9.371285073505977	6.840508748113258	4.970887559848583	3.5895085664446955	2.549979475047643	1.8045673464821332	1.2549089108747564	0.8554495599031468	0.5790130300138039	0.38913871547424905	0.2611670650756251	0.1771004132272479	0.11458443263258052	0.07727787317081011	0.04813476719670603	0.03362666073935087	0.022756155317950652	0.013937087690083158	0.009474681768068673	0.006661885618173285	0.004398959392317599	0.0033626660739350866	0.0026859030905016104	0.0018399493612097646	0.001036293318382511	0.0009094002589887343	0.0007613583563626612	0.012647008252913094
Sgr-AJol_085-Ex1-cssl	39.83998355832189	20.3001894787434	12.872700049544083	8.665608351753983	5.96616441806961	4.098693878760663	2.805039193945442	1.8785841344248926	1.2570281409113664	0.8176062540226382	0.5350954448433886	0.33972166403698606	0.22066123636007534	0.1430915637826941	0.09113147995075228	0.05614781532490675	0.035563504371025276	0.0227103900195406	0.014367140352787385	0.009180795965346199	0.006346023877800707	0.004477651365554814	0.0036723183861384796	0.00202943910812916	0.00154623932047936	0.0012241061287128266	0.0008375462985929866	0.0008053329794163334	0.00048319978764979995	0.00038655983011984	0.008923089411932974
Sgr-AJol_086-Ex1-cssl	41.0928841478776	20.55303579435232	12.732155800973324	8.411586394562773	5.7283817676203155	3.88656618139916	2.6181769014849663	1.7678143378100906	1.1446698637873784	0.7500167495656481	0.48314538956458103	0.307100633512531	0.19341579879663845	0.12429541928937579	0.07303113782148934	0.04580740940152362	0.029891532541298668	0.018310837378239752	0.010398372882013635	0.006517930523711171	0.004426129564938748	0.003365071107590418	0.002182748826545136	0.0017583254436058038	0.00090947867772714	0.000788214854030188	0.000515371250712046	0.000545687206636284	0.000272843603318142	0.00024252764739390403	0.007791200672529167
Sgr-AJol_087-Ex1-cssl	39.32762543343078	20.44639982830776	12.926929993138813	8.723656784607531	6.001445943499812	4.164534062591794	2.8517604416305997	1.921609051129386	1.2879736304996525	0.846841632333638	0.5488515371550032	0.35069007490941173	0.22484746596775784	0.1363999475384817	0.08749367264229374	0.053718860457780945	0.032517470010763286	0.021114677193655625	0.013093701257667349	0.008758038589565578	0.005159438575041107	0.0035335650745029435	0.0023629361541154656	0.0013223771137710401	0.0010188807270039163	0.0009755241003228984	0.0004769228934911948	0.00026013976008610625	0.0003902096401291594	0.00017342650672407084	0.008064332562669294
Sgr-AJol_088-Ex1-cssl	37.53932306289431	20.055090370163377	13.388541013908636	9.258864333660227	6.481549085740429	4.478036076628562	3.056050039369024	2.0344514416311537	1.3480542142189675	0.869611578222495	0.5535563176646894	0.35011905255909165	0.21533464195724195	0.1358349516042024	0.08454228716433246	0.051423982065164006	0.03269808869822737	0.02030170487046567	0.01231759325258525	0.007957848092821601	0.004097109909175478	0.00370315703329322	0.0023374537302347275	0.0012343856777644068	0.0012081221527055896	0.0008666963269409665	0.0005515340262351604	0.0005777975512939776	0.0004202164009410746	0.0005777975512939776	0.010768045274115037
Sgr-AJol_089-Ex1-cssl	38.23968987903414	20.24736187288034	13.069540316232	8.969097631945745	6.23550668978281	4.341170201332161	2.988583168318503	2.041963566751242	1.368736822025386	0.893330924932742	0.5824334186965039	0.37997021011044313	0.2354661746326767	0.14883690570042535	0.09405704645680944	0.05877510321515852	0.03474736834405015	0.023268075806096744	0.013955218379472775	0.00962234815681389	0.004811174078406945	0.003207449385604629	0.002166435111329443	0.0015193181300232456	0.0010128787533488304	0.0005064393766744152	0.000562710418527128	0.0005345748976007716	0.0003376262511162768	0.0001688131255581384	0.00905963773828676
Sgr-AJol_090-Ex1-cssl	35.71465965072419	19.070879811715013	12.772818592247562	9.067166015633738	6.614158959421185	4.824847533010278	3.5245043424567433	2.5470376883185453	1.8001172306714812	1.2705657051066934	0.8828767153934611	0.6140963170776452	0.4203301251504535	0.28045872093283397	0.1889561548339754	0.1253070593446716	0.08713997431663915	0.05819026269514208	0.03968839908542179	0.026980952253110865	0.018121535095372968	0.01156646128926892	0.00854620544004009	0.006018139432907813	0.004273102720020045	0.003154489442527887	0.0022819710860840035	0.0016108031195887084	0.0011186132774921584	0.0008948906219937268	0.011633578085918448
Sgr-AJol_091-Ex1-cssl	37.622010555032645	20.257354321997923	13.279833559631838	9.131207227591041	6.351525608530524	4.409212947840566	3.0331890561815915	2.0418536522074633	1.361751721139543	0.9009449906843927	0.5824730006726357	0.37528752050059583	0.24039616085441817	0.14688726692487078	0.09482912660917583	0.060434789041613514	0.03530484286385783	0.022489480818498737	0.014340458416654052	0.009014002433325403	0.00644182497129063	0.0041655617305518915	0.0026404653592569365	0.0019348237546279276	0.0010926063555545945	0.0013429953120358557	0.0007966921342585585	0.00045525264814774767	0.0005235405453699099	0.0005007779129625224	0.009765169302769187
Sgr-AJol_092-Ex1-cssl	37.113748499145785	19.574266375101335	12.971795591934448	9.06175608834773	6.447234319676122	4.583476928850619	3.244911199714485	2.255052620347352	1.567173880782811	1.0537560294786779	0.7162401317685612	0.4714123298776382	0.31853676065683145	0.2104875216006495	0.13450965145841942	0.0894073726128906	0.05592559932987396	0.03912339075927586	0.02431414488409542	0.01778335943603448	0.0115898445979673	0.007941189817125743	0.00579492229898365	0.0043231960008290726	0.002667503915405172	0.0017476749790585613	0.0017170140145136741	0.0015637091917892387	0.0007052021845324019	0.0006132192908977408	0.010424727945261593
Sgr-AJol_093-Ex1-cssl	35.56712895929954	18.806310821627513	12.738033184680933	9.159720396861816	6.720358250802293	4.931257545854291	3.586703258027007	2.5878660435443126	1.8338375040652943	1.284558713243429	0.8866053939585644	0.6126899550478703	0.4120240635715484	0.2813777597593049	0.18904546149813703	0.12303547906614809	0.08509273325878437	0.05568896155679606	0.03875951724353005	0.026804953496004504	0.01796897159565953	0.01258570531183591	0.009355745541541737	0.006274289668732356	0.004714998745142067	0.0030072039240669874	0.003304211719036566	0.0021533065135294475	0.0015964168979614869	0.0009652753336511316	0.011174918285730409
Sgr-AJol_094-Ex1-cssl	37.5421630858514	20.118370938065517	13.208178544318358	9.155273635030063	6.400055100636457	4.479997079002405	3.0716322795958986	2.0813560067473387	1.3859594201238894	0.9168571642548728	0.5946968541810201	0.3801860932715194	0.24421863418052636	0.1544726427207101	0.09580374215474607	0.06182225024277681	0.03514325231921608	0.023608631132979868	0.014397530761237282	0.008526491560329284	0.005414633326632465	0.003111858233696819	0.0022197922067037313	0.0017426406108702187	0.0012862347365946852	0.0007675916976452154	0.0010165403563409609	0.0005601344820654274	0.00047715159583351223	0.00047715159583351223	0.010206895006525567
Sgr-AJol_095-Ex1-cssl	38.221164230886565	19.743870095686855	12.98597765599496	8.992337480431738	6.332968875607089	4.437848081252547	3.098454803159425	2.1146416252290847	1.4048175224742745	0.938163177596316	0.6192366874578293	0.40452580783799374	0.25924746531156684	0.16211317191790126	0.10212239099113944	0.06399907363901762	0.04035014663670839	0.026499268486580012	0.015498731820722427	0.009040926895421415	0.00636873175391755	0.0040082927122558005	0.0024495122130452113	0.0015587804992105892	0.0012470243993684712	0.0009352682995263533	0.000757121956759429	0.0008016585424511602	0.0003562926855338489	0.0003562926855338489	0.008283804938661987
Sgr-AJol_096-Ex1-cssl	35.31241563864834	18.70455688517447	12.888902330697618	9.307612432328895	6.804971676988855	4.992455784850409	3.6300724625505607	2.5913566929566043	1.8482487003451187	1.2644821487179314	0.8716452885900327	0.5907114861375746	0.3986616439108046	0.2593148934120575	0.1689747372406431	0.11683172087636114	0.07790648309636544	0.05169495607328922	0.03343649921533442	0.023355142667997406	0.01517804235737961	0.010921469592948428	0.006664896828517245	0.004592617982675749	0.0037525049370643313	0.0027443692823306306	0.002464331600460158	0.0012881733366041734	0.0009521281183596064	0.001344180872978268	0.012489680611423073
Sgr-AMvi_001-Ex1-cssl	38.8960037710453	18.138287752337735	12.02343698975173	8.527162600771815	6.201424364700971	4.53047220415894	3.279467680608365	2.3838799171960234	1.7042114738596705	1.231907927430095	0.8679367441226499	0.6281289311301493	0.4434811745897427	0.32112807639774305	0.22699392600459456	0.15774214341898643	0.11564444267755576	0.08192368744622427	0.05906456495256377	0.0440144594598432	0.032371925022078224	0.023923988448334123	0.01831569442038636	0.013559293156177502	0.010116226569399443	0.007986494660052194	0.005040365518788495	0.003833517436825052	0.0034430665867780565	0.0031591023321984224	0.01593749378828193
Sgr-AMvi_002-Ex1-cssl	35.62850116565755	18.050605471043056	12.641854863056205	9.328719621622527	6.920698597856532	5.078681884507656	3.68086246079533	2.6306175888499403	1.8860695536957215	1.3018256377572412	0.902991504956141	0.622845839692736	0.4164709927377019	0.2860682957918924	0.1936123643560371	0.13021925263740503	0.09219386813813461	0.061165573688006306	0.03978120859399896	0.029691771631752847	0.019628540999278802	0.013679704141019407	0.009381866058400282	0.006892264730053838	0.004979202656692887	0.0036426798383174274	0.0028040772856112576	0.0015199671267799339	0.0017558240947285442	0.001179284839743052	0.011059071163812623
Sgr-AMvi_003-Ex1-cssl	35.583118633954115	18.049791745598714	12.46540346781882	9.09049834403612	6.751602388949706	5.03155052286356	3.7111209440495987	2.7048461774760137	1.9589872230415872	1.395926689806325	0.9787363686823546	0.6966129285079464	0.4820607909502413	0.3400777587429365	0.232069688553593	0.16197424314209335	0.1070741373552688	0.0745631781582895	0.05315844725841492	0.03677676052018544	0.024534667965422273	0.017719482419471643	0.01257023111808672	0.00843063693462041	0.005830769855979984	0.004593939886529685	0.003003729925807871	0.002196004231472981	0.0018173828122535016	0.0013882785371380916	0.011964436847335553
Sgr-AMvi_004-Ex1-cssl	34.90028205274379	18.465656765329598	12.63827778283691	9.135236504520272	6.695032352528171	4.909109620024683	3.5798907178265775	2.643457839790389	1.9048493378337392	1.3867449277272235	1.0074087894140267	0.7311308589985536	0.5373537880184468	0.3920209847833668	0.27938744530893894	0.2069308125532597	0.15115697398792077	0.11036310002840517	0.07949005930042331	0.05801959932173089	0.04447099871448706	0.03173679486505569	0.024999512595879795	0.018977912325993645	0.013696672745027921	0.011080731644175742	0.008094610198863348	0.0061449937180395545	0.004738308409090741	0.003701803444602141	0.020557348462357225
Sgr-AMvi_005-Ex1-cssl	36.395876480357785	18.342310789889176	12.310821040100583	8.741955573511268	6.409254603926789	4.677383063626241	3.465779871758836	2.5600308250370034	1.8675937181526734	1.3773740298583999	1.0065582279054286	0.7334125525282449	0.5444941820857748	0.39945068940588235	0.29377717169262857	0.21740948440189387	0.15913329504165957	0.12091350802292038	0.08854050973933626	0.06666297648033383	0.05151883516632557	0.03824374926765377	0.027796208740901236	0.020847156555675924	0.01698923448043015	0.013035463409526094	0.009536975067998872	0.007236599172200149	0.0058707509840696575	0.0038339598263312045	0.02635847380602703
Sgr-AMvi_006-Ex1-cssl	35.78632715671985	17.921615068330237	12.167881498228184	8.809337448789114	6.520751282051895	4.865515860927968	3.622432217136794	2.6876727518716605	1.9998119186617604	1.4593293249196049	1.0803908933217485	0.7982210281157672	0.5869525630628831	0.4341663868976701	0.31744109835672907	0.23337879031156178	0.1731496900127613	0.13048441951901427	0.0968642820856354	0.07202605955478324	0.05314613896052278	0.04067916984821644	0.03108367154872539	0.023522131741645157	0.017180967030011415	0.014118064829675118	0.01098337585901844	0.007394037342999342	0.005862586242831193	0.005312221003708265	0.026967896717023494
Sgr-AMvi_009-Ex1-cssl	32.91618577218779	16.331403696904705	11.56126179138116	8.725678856395064	6.74079636125702	5.2666181228302955	4.114686517384904	3.204290790454207	2.488401733946455	1.9325426216397972	1.4964148748614114	1.1599402024755086	0.8899482451516749	0.7000990566895073	0.545464975735655	0.4178386102982606	0.3302552300114506	0.24903328850033624	0.1971762027663171	0.15258933277595013	0.11655064614042422	0.09380282266126247	0.07565568258238063	0.05801972954797434	0.04524005343608571	0.0374018520874607	0.027121312637452516	0.023031816281648156	0.018033542957887276	0.014796025009542158	0.06972023301041458
Sgr-AMvi_011-Ex1-cssl	33.83205545048251	17.135918591171187	11.929964076208206	8.884802267734615	6.756299500542775	5.160070544136496	3.946153152399955	3.003194761985953	2.278333351985354	1.7353949740923433	1.2922558785134648	0.9794285766950243	0.7320040367361421	0.5567628167359973	0.4220732840086133	0.3198053519010907	0.2423884943803656	0.18600453309932727	0.13929767900837958	0.10812686095050258	0.0792930313637019	0.06388865665294537	0.04673976942152623	0.034429435785152424	0.02909715223142901	0.02146079553720782	0.016852649256212274	0.012474910289266507	0.010039175826454578	0.0072084573967001716	0.038181783471105936
Sgr-AMvi_012-Ex1-cssl	49.9324877758197	18.31418004914493	10.114175085010798	6.483903795080543	4.512894338405023	3.154210826776539	2.224676710764725	1.570403832311549	1.0963290228101963	0.7751495445406935	0.5363746928442006	0.38745066891707414	0.2549082876219315	0.18094268907145872	0.12435155997915064	0.08985082776936633	0.06254809004939313	0.05212340837449428	0.03598997244905557	0.020104743230162078	0.019856536523616866	0.013651368859986596	0.007446201196356326	0.00595696095708506	0.006701581076720693	0.0034748938916329517	0.003226687185087741	0.001489240239271265	0.0007446201196356325	0.001489240239271265	0.012906748740350964
Sgr-AMvi_013-Ex1-cssl	40.94490277360626	19.292487758441855	12.372306803446202	8.42221350883091	5.910427133787274	4.137793602061011	2.8683703656446435	1.9734517143915993	1.3515354007009104	0.9017643183758494	0.6062178728540984	0.40310585408478444	0.26791288870665636	0.17694795070832942	0.11784582984180417	0.07802626872433323	0.050894488556983544	0.0333681470750364	0.023010043418016504	0.015555076080092154	0.011970957167628525	0.00853020301166344	0.005770431449066445	0.004229260316707084	0.0031540246429679944	0.0020787889692289053	0.002114630158353542	0.0013978063758608157	0.001075235673739089	0.0010035532954898166	0.010537309602643073
Sgr-AMvi_014-Ex1-cssl	38.71382190409703	18.59127868623962	12.350207933557387	8.665560411277076	6.19006364773496	4.447831567209821	3.2057274550398502	2.28345411223005	1.6040803280796216	1.1278938571584776	0.8058702028388548	0.5669959398584778	0.408176997658119	0.28044895864999997	0.2037280245891495	0.147704319803133	0.10267507933437231	0.07506876046126285	0.05533279582618894	0.04061343102986289	0.03079050799231469	0.023310667514181656	0.016882210235786198	0.012166005596963365	0.009192093117705654	0.007329642878170521	0.0059778644785079245	0.003965216639010282	0.0033944657591527413	0.0025833987193551837	0.017873514395538772
Sgr-AMvi_015-Ex1-cssl	58.31640685542748	16.3348669130183	7.700935646754603	4.673135436295263	3.2800659112970982	2.432926282129718	1.8088898677695389	1.350651363499172	1.0343505534754343	0.7445610943885667	0.5710137124864384	0.43478615536467385	0.3173204773674636	0.23615495680689133	0.17864571862075718	0.1337803554968227	0.10155886743508798	0.0793301193418659	0.055062036561192275	0.04710863128013117	0.03487262315542177	0.02691921787436067	0.01855794565580925	0.018761879124554407	0.012847808530944865	0.010808473843493299	0.00897307262478689	0.004894403249883757	0.004690469781138602	0.004690469781138602	0.022432681561967222
Sgr-AMvi_018-Ex1-cssl	32.47670033373328	16.957715531184565	12.162699234204682	9.202297098116876	7.061803204751664	5.41569863794401	4.125889160166953	3.144837761965566	2.3584290512901527	1.7756523275532434	1.3324090148945607	0.994756758635761	0.740598709482006	0.5633810924921416	0.4091238289278755	0.30884664410190144	0.23004635688714287	0.17307722538852705	0.1282192928521121	0.09901514032717065	0.07534627069171773	0.05626061528876131	0.04372873482695931	0.033565955441858385	0.026037970712153996	0.02083480479603479	0.014790275880713325	0.012022634435969065	0.009963509201079336	0.0076829726506100655	0.03856985117395601
Sgr-AMvi_019-Ex1-cssl	36.24744732836219	16.55554895913247	11.219996922096179	8.296391762976045	6.323766662612748	4.859687356443741	3.7756772973468355	2.905276068951962	2.2326330429690358	1.7182081066453327	1.3313374990705769	1.0295991750756652	0.7977188928537875	0.6037648412314612	0.47079247953972075	0.3559186534228423	0.28058494005868767	0.21522271285520536	0.16530764340351609	0.13400985736163698	0.10530581049449925	0.07931078009875805	0.06011711020567199	0.0454768935304652	0.04005886058767213	0.029914458482017032	0.022306156902775705	0.018502006113155042	0.013660359653637835	0.011124259127224059	0.055333102394482366
Sgr-AMvi_020-Ex1-cssl	34.89361426853694	16.678863310527632	11.492513416982094	8.56349950148745	6.492468943032105	5.006755997312156	3.864664961562378	2.9904283973448242	2.2876995566351495	1.7731359552478856	1.3728704053355802	1.0360813113184586	0.7908276925540096	0.6195221233642684	0.47910573398594136	0.36816344419206604	0.28600792930097463	0.22168242526961324	0.1703756593263086	0.12889359324448788	0.09861087638748617	0.07839544457373336	0.06291042380439872	0.049123499307419306	0.039460522900445466	0.03084874894778677	0.022964730540423185	0.01892164417767262	0.015687175087472173	0.011522796133839096	0.05437951157899504
Sgr-AMvi_022-Ex1-cssl	32.23855909023257	15.937356423968108	11.641287775273986	8.907326353578208	6.994041174681538	5.447140873878085	4.243304845857518	3.3046815928496085	2.5633999401678387	1.9816790138943021	1.5290302958804909	1.1818594063673964	0.919185267151596	0.6981995098939596	0.5397338812804481	0.419123792343574	0.3254431537223618	0.24448058267167028	0.19007413314298544	0.1498292891869546	0.1157070374468691	0.08653761436927594	0.06986226158601022	0.053137131630257156	0.042758591166642525	0.03422180608506022	0.02548591231352849	0.021752624376976466	0.015530477816056425	0.013041619191688406	0.06622852799443292
Sgr-AMvi_023-Ex1-cssl	34.713712770627	17.548320755465184	12.079293214514756	8.850407008782856	6.60977340693631	5.0184668355870485	3.7566780754015734	2.8207151266697754	2.110976041656696	1.5873957864711457	1.184639640317184	0.8869277229523418	0.6776597097541265	0.5020299161369103	0.3821082959233486	0.2866085700885123	0.2211918048545694	0.16884745340901477	0.12965756018985083	0.10072322172099148	0.07703972728428808	0.058935254631750374	0.044632174273325574	0.03634568603507947	0.027840412628826857	0.020948679836622176	0.01843265040454745	0.014248384066423177	0.010529036210312712	0.008587317844255043	0.04632775932537593
Sgr-AMvi_025-Ex1-cssl	58.51456425639407	19.5380338253868	9.200347331859804	5.051853094411115	2.9806895326807705	1.815598358067572	1.132158785917272	0.6971305652036628	0.4229406772971266	0.2627190558888538	0.15294442690243132	0.09361679033785918	0.05427060309441111	0.03391912693400695	0.019118053362803915	0.012210885696242502	0.005427060309441112	0.0030835569940006313	0.001850134196400379	0.001973476476160404	0.0007400536785601516	0.0003700268392800758	0.0003700268392800758	0.0003700268392800758	0.0003700268392800758	0.00012334227976002526	0.0	0.0	0.0	0.0002466845595200505	0.0029602147142406064
Sgr-AMvi_027-Ex1-cssl	38.63216174009816	17.086111404735167	11.397405648617761	8.28579947626332	6.178537167154969	4.67518752605221	3.4996719166648385	2.620777547532195	1.956084699350016	1.4421705754122982	1.0678663813305624	0.793532869163557	0.5728494586126364	0.4385746225047218	0.3209532566010566	0.24356946690945497	0.1867781418716107	0.13437455748638305	0.10520605428432958	0.0780319786516473	0.06028157328424383	0.04492448100008576	0.03535122866710411	0.027323657700385123	0.023334802561642772	0.01899692259826046	0.013262943336318328	0.011467958523884268	0.007927849588250428	0.006432028911222046	0.035052064531698436
Sgr-AMvi_029-Ex1-cssl	35.35833626252794	17.3223274479054	11.933707819597664	8.742744610281923	6.591645486336434	4.964646874324032	3.7448344779724563	2.7895790522027544	2.112568948734588	1.583314180907059	1.1820145197923426	0.8889823977936405	0.6680535276515971	0.5014837497296128	0.37735912827168505	0.2856246394837407	0.2123666089840652	0.16564032194101955	0.12471609344581441	0.0985223339822626	0.07480712380128343	0.05599268151993655	0.0438815884346384	0.035037673949095106	0.02701055411349052	0.0215464795587281	0.017293514312495494	0.012533573076645757	0.010871818444011824	0.00881574915278679	0.04374076177085587
Sgr-AMvi_030-Ex1-cssl	33.36524729137315	16.164001730588637	11.470841173153882	8.726594488065546	6.756964678724516	5.30684908910168	4.108266937026928	3.190181948146973	2.47214200859217	1.917876141366133	1.473074346338633	1.1402929556650008	0.8697076086573805	0.6695178612857	0.522842274788343	0.40124768302253	0.3130059909814531	0.2462760751908929	0.18779394805243665	0.14641030674538885	0.11409440968743775	0.08894106593262956	0.06875568844195414	0.05546758450245336	0.042396527632744783	0.03328055070147201	0.02715500006511412	0.02088475138222809	0.016881438761616237	0.01432510660628578	0.06868333941869006
Sgr-AMvi_031-Ex1-cssl	31.720408058077393	16.12286079593161	11.698638457816688	9.001158865431394	7.01365754224095	5.4971011737738396	4.292900882367123	3.3013255181502936	2.575662939195312	1.9886651765648702	1.529580441942837	1.1736629957253328	0.9070851513923842	0.7024132222610789	0.5399448333500522	0.4212317891585396	0.32468738067039066	0.2473465528602805	0.1959153180284767	0.15845032368979206	0.12048653504778171	0.09346851028430722	0.0748191454988525	0.05860833064076779	0.045695100343558434	0.034777047259651805	0.0287360940304852	0.023748150997228365	0.018122859687499826	0.01670960916141039	0.07213119841981964
Sgr-AMvi_032-Ex1-cssl	36.15485248744742	17.710410714741936	12.159772828715317	8.874573377557292	6.582572012966617	4.918612986755355	3.6414507943330414	2.7025808497432373	1.9776044821092846	1.4442043219051368	1.0352028325776486	0.7672065416192642	0.5511338275716448	0.3961896660810549	0.28621838560507123	0.21242829511828207	0.15389216427387395	0.10677771749666742	0.08126678499130599	0.05864884483191339	0.0433573138603639	0.03325062631405724	0.0246092206053192	0.019048663888392114	0.013525678500633454	0.010482400837990926	0.007777265137864235	0.005372700071084955	0.004245560196032167	0.0030808489918109534	0.019649805155086932
Sgr-AMvi_033-Ex1-cssl	34.63739330377523	17.266147130262226	12.00843551795772	8.896136110459574	6.702853451021866	5.051112808106064	3.8262470463389597	2.8598697419734505	2.1601992562683003	1.6182973115160835	1.213528022512311	0.9138277827401216	0.6814041280168734	0.5100482963697038	0.38443334399120815	0.2934314897609417	0.22606492265442268	0.16922625628449686	0.12690469520377637	0.10137978487089673	0.07522500013497309	0.05842834938713221	0.04496103476966693	0.03518298451288813	0.027504515599589444	0.02036593903175707	0.016496710555915152	0.012807446195228672	0.01097781102448172	0.008428319393113013	0.042681489311031384
Sgr-AMvi_034-Ex1-cssl	35.20774225604012	16.979138383812845	11.698438731506448	8.620723769908839	6.496830305075579	4.952325413951055	3.7867603816165394	2.897684864060925	2.215983352918351	1.6760854295164718	1.2866751895386326	0.9630552187567673	0.7396870867497188	0.5701548517163181	0.43728269149805044	0.3313147391088799	0.2524433637569816	0.19508985840527027	0.14999301974587478	0.11709788514788794	0.09055093441968805	0.07068194334671857	0.05463285512180269	0.0426235202685694	0.034296681686121606	0.027371390191808585	0.01838500003847384	0.015911681647647766	0.012449035900491257	0.009920754878757931	0.04866940966836648
Sgr-AMvi_035-Ex1-cssl	35.63748854010838	18.03264048697783	12.319576066915584	8.916063327798465	6.605702175727826	4.881398118527985	3.6172392282241175	2.6595826627996577	1.955342783604084	1.4246952928731813	1.034086306855881	0.7591533558714465	0.5563938949165474	0.40507501838935617	0.2922713002534689	0.21829608417037435	0.16377428707136218	0.12178623643189306	0.09026908648050049	0.06757778299436948	0.05397344569140715	0.04055189219097983	0.03060323093871755	0.022273511937479583	0.01796503659201167	0.01357822533117161	0.01148926758791444	0.009217526042122266	0.006658552806632232	0.005144058442770783	0.03013321544648469
Sgr-AMvi_036-Ex1-cssl	35.20203207619364	17.521309601191216	11.974313229240138	8.729906279244517	6.511679367142877	4.9086994804560184	3.6969680206158007	2.7926295748221706	2.0944491312505473	1.581727910160842	1.1908482811714864	0.8968241894514593	0.6851342193701855	0.5186680865384172	0.3936456129189889	0.29628297859589436	0.22441349615758732	0.17421088783474167	0.12811115567418552	0.1041853946828569	0.07841564440510601	0.059192056094154094	0.04550043564246892	0.03849327635406438	0.030287524029485386	0.02263496849083307	0.017425698756690224	0.013368922326561283	0.012354728219029047	0.008897248306987337	0.047390524661051724
Sgr-AMvi_037-Ex1-cssl	38.739296425723346	18.307378679673818	11.999304606523616	8.47924421012388	6.1762242119616335	4.52708280145829	3.309966042297334	2.3863552193072994	1.7349201811993806	1.2380905594735778	0.8834704308868737	0.6325229827289409	0.4494858491754674	0.3201049911790407	0.22666467449501884	0.16392144904524666	0.11642495464797487	0.08127347621140879	0.06019786133416278	0.04243121980720903	0.029526223741069273	0.02186467775308492	0.016315783981056382	0.011912304061052086	0.008679691634228121	0.006923390394457622	0.005548893772028536	0.003792592532258036	0.0028508078094825503	0.002265374062892384	0.015959433004871064
Sgr-AMvi_038-Ex1-cssl	39.48674587749704	18.182318486311754	11.783552732640072	8.288631976864561	6.050745690490025	4.4182278413379015	3.242140696066842	2.3724779097958284	1.706759635870618	1.2368644265897266	0.8859323969624716	0.6440254596699326	0.4575260307092241	0.33212446652908295	0.2389682555584497	0.17597360529497016	0.1273784955285286	0.09240818289286501	0.06967347238640993	0.04990415890253595	0.03820286254316189	0.027677038877423576	0.019769313483873983	0.015815450787099186	0.010659400108196918	0.00919005924115223	0.006411669238013185	0.005957509333653917	0.0037935709658244673	0.0025379524067135517	0.017605375116044535
Sgr-AMvi_039-Ex1-cssl	37.46963387928457	18.054014427523626	12.189515946292833	8.77987409193791	6.46864283855499	4.7935645343661974	3.5086604190531787	2.5503123474211993	1.833240081825704	1.3064236939967218	0.9202683933254532	0.6467844761464734	0.45136960004651644	0.30925487247440664	0.21801755940615083	0.15146363062940063	0.10278092812375211	0.07128538581184249	0.04782761990894511	0.03235062490861305	0.023999318214142897	0.01770020975176097	0.01222768113285903	0.008037776409012229	0.006441622228499162	0.0045319377625281715	0.0033633248803668185	0.002679258803004076	0.001482143167619276	0.0013681321547254859	0.012883244456998323
Sgr-AMvi_041-Ex1-cssl	33.5399069906307	16.369322839689822	11.507018981346066	8.685125672204173	6.697297635208664	5.24434769355121	4.078563081974987	3.1748338214900023	2.458729000185868	1.882788457939949	1.4528663114193536	1.1158364518700663	0.8542828822074369	0.6615151833833407	0.5022623024784448	0.39483926163699085	0.30437225157062814	0.2337256079343352	0.1789687095373387	0.14083332096302728	0.10600132679372748	0.08634822083986084	0.06721780387412897	0.05065901673002006	0.03982890089586802	0.032030381192897535	0.026510785478194562	0.020301240299153724	0.016600602263159688	0.01262816595333558	0.06443709845725208
Sgr-AMvi_042-Ex1-cssl	36.439593614987565	17.396592341862938	11.836587096600166	8.678025527123538	6.534011015585962	4.920478451290765	3.6884292547854343	2.7425192911630942	2.043462503715617	1.5220075361927137	1.1057248945138665	0.8061520202140248	0.5947390869023065	0.44290956114723834	0.32136581942141335	0.23574304728935558	0.1741031976072628	0.12960926798405376	0.09446280256740122	0.06850355911376425	0.051010447527208465	0.03936617782989805	0.03020566290747266	0.02149916767508001	0.017172627099473845	0.012311945712064452	0.01012196838367121	0.007691627689966512	0.005742013726884722	0.005261286996261816	0.02459718438353874
Sgr-AMvi_043-Ex1-cssl	35.245913796490605	18.129303963061215	12.498585132112883	9.143624377620759	6.810308825002634	5.065656375101968	3.7120148629432115	2.702989632108329	1.943475540024173	1.3869478274784908	0.9880786809658312	0.6918346185321023	0.49142427431913954	0.343081068352105	0.24139272439154175	0.17121527719050822	0.12175019482893434	0.08706478989049247	0.0583380929272218	0.041789017502728905	0.031380793965311994	0.022846050664630125	0.015742438100343082	0.011839354273811739	0.008534743300681867	0.005464317357143879	0.004995947297960118	0.0037469604734700892	0.002940323149320278	0.0017954185602044176	0.015924582012247876
Sgr-AMvi_044-Ex1-cssl	33.71235271903063	16.854935155114923	11.935950175297135	8.959542023158576	6.861377925363621	5.239468553052179	4.020674787667853	3.0457776869604354	2.3079736119944476	1.7447196521501684	1.2982538322760493	0.9916303748460275	0.7288628062298347	0.5547494111749309	0.4131831537302904	0.3152889029660878	0.23812736274175617	0.1808940487237086	0.13577397024281407	0.10214652509887687	0.07624212955737501	0.060956927219221746	0.04810816314850344	0.03610985394471997	0.026869776741806267	0.022157797073653757	0.01671028887193598	0.013676233670979239	0.009837694136435485	0.007447226402348359	0.040201231412676786
Sgr-AMvi_045-Ex1-cssl	33.10219024004798	17.347206037817116	12.37960806881071	9.303042452408656	7.089788125205622	5.382737613606801	4.032838706531311	3.010589878262627	2.229648967148716	1.6435461054565905	1.2003833212451365	0.8755355563994369	0.6392364996318377	0.46423530258040163	0.3365203954395981	0.2522965183565907	0.18206214561485307	0.13360638609840447	0.09894154174487954	0.07023437274173765	0.05368527454622925	0.039629573812177445	0.030428275215474775	0.021822744153810407	0.016240181695858908	0.012908296592496551	0.009355756846527414	0.007546388777151829	0.005119187708477265	0.004501354709178285	0.024514730793613104
Sgr-AMvi_046-Ex1-cssl	37.05350173252963	18.92546833285385	12.655051337666048	8.976923824663485	6.51463543236654	4.693343728183824	3.3571259547568713	2.3769383565073694	1.6660808107983383	1.1651985904111433	0.809070227099336	0.5554993701231181	0.38128907274071555	0.2621377716988413	0.18125529602249685	0.1266872403537522	0.08657738746903391	0.058986521714796854	0.04197542743749589	0.029161875903944513	0.02003037940876997	0.014752767187096508	0.010947976980773782	0.007020451606505161	0.005473988490386891	0.003559319870430938	0.002479250392507067	0.0023074211573828147	0.001669198284064164	0.0015955571832966273	0.013255398138156595
Sgr-AMvi_047-Ex1-cssl	39.03408228299859	17.579004534183117	11.785930361050287	8.502367549056116	6.269265368675238	4.586300165490508	3.4016570199774465	2.488060286583335	1.8081594147180051	1.2861203239112258	0.9159382239265588	0.6538423481977698	0.4716592783828306	0.3320762298679022	0.2432506535402204	0.17330806537743693	0.12168197573460487	0.0886745124223626	0.06337130828139882	0.047056406506926655	0.03421597455479579	0.02564309792793194	0.017561178993355454	0.014048943194684362	0.010989899111970833	0.008459578697874455	0.006382449999735639	0.005136172780852348	0.004003193490958448	0.002794682248404954	0.01895852011755793
Sgr-AMvi_048-Ex1-cssl	39.64461897910839	19.052170629398464	12.262357862518337	8.434315474896705	5.967954220614446	4.280504532739478	3.0391273173692777	2.157876240421383	1.5146666554934687	1.074669609407693	0.7374834431536491	0.5280383547954755	0.3721198681632467	0.26129571038232763	0.17974882301706724	0.13460211980007658	0.0947976018825442	0.06881991650478624	0.04745117530695306	0.03294347601332613	0.02712992142273917	0.018173904891294387	0.013879206905455365	0.011103365524364294	0.008118026680549366	0.007227662463972983	0.004189949254477092	0.0030377132094958916	0.0030900875751768554	0.0019902258958766185	0.01649792518950355
Sgr-AMvi_049-Ex1-cssl	57.14090681142632	20.304243979124116	9.600825086746301	5.118538634038073	3.0378439607407937	1.847118346690529	1.147065224296804	0.6965386637757992	0.4361983830786928	0.2595292517852774	0.1615299249392742	0.09380901080155339	0.060962339872479225	0.037307329944133626	0.0198702083398103	0.012435776648044542	0.0060827168387174385	0.0031089441620111356	0.0027034297060966393	0.0024330867354869757	0.0008110289118289919	0.0006758574265241598	0.00027034297060966395	0.0006758574265241598	0.0005406859412193279	0.00027034297060966395	0.00040551445591449593	0.0008110289118289919	0.0	0.0	0.006488231294631935
Sgr-AMvi_050-Ex1-cssl	72.08597161232537	17.439697961113115	5.705524525109781	2.278975456230485	1.0788435941134762	0.5719208329705051	0.3290333014044559	0.20245810889820492	0.11848930797268215	0.07090698744821924	0.040740418226827724	0.027678604749524178	0.01492778683120405	0.011817831241369873	0.0068419022976351895	0.0031099555898341773	0.0009329866769502531	0.0012439822359336709	0.0003109955589834177	0.0009329866769502531	0.0003109955589834177	0.0003109955589834177	0.0003109955589834177	0.0	0.0	0.0003109955589834177	0.0	0.0003109955589834177	0.0	0.0006219911179668354	0.007463893415602025
Sgr-AMvi_051-Ex1-cssl	36.826557060590616	19.556783270303644	12.948100820651224	9.082844407812686	6.504664093836518	4.652288357349685	3.297477934443957	2.3131612501413716	1.5861792232862302	1.0941603159282562	0.7348833318098791	0.48575983441343656	0.3254098220966965	0.20372972579373255	0.13413627117278604	0.08812278937754758	0.05636264201046381	0.03640797381104727	0.02234055244065113	0.013571653216373363	0.009326638397553384	0.0059802033578996786	0.0035323480974122448	0.0033464350396537057	0.0017351885390796994	0.0013943479331890443	0.001208434875430505	0.0006816812117813104	0.00024788407701138563	0.0002788695866378088	0.009326638397553384
Sgr-AMvi_052-Ex1-cssl	81.0278386459559	14.083397199943871	3.4671473753521656	0.9024082209820705	0.2990036808756382	0.09714921039280663	0.04209799117021621	0.01727097073649896	0.011873792381343033	0.003238307013093555	0.001079435671031185	0.001079435671031185	0.001079435671031185	0.0	0.00431774268412474	0.0	0.001079435671031185	0.0	0.001079435671031185	0.0	0.0	0.0	0.001079435671031185	0.0	0.001079435671031185	0.0	0.0	0.0	0.001079435671031185	0.0	0.035621377144029104
Sgr-AMvi_053-Ex1-cssl	39.00042741530805	20.621965488500333	13.201066282297749	8.970233968724905	6.150969671804797	4.171475851035095	2.78396137775282	1.8505070755220292	1.20569529373675	0.7699877628741333	0.4791807283864127	0.2978493266532162	0.18550799925126107	0.11368271638585907	0.07112410226017946	0.04277201691857342	0.02676680745153775	0.01652347339263492	0.01143229247645405	0.006371597673543724	0.004146111404794002	0.0023474307218318982	0.0021035418156675452	0.0010975000777395888	0.0007316667184930592	0.0008840972848457799	0.0006402083786814268	0.00042680558578761784	0.00030486113270544133	0.000457291699058162	0.00935923677405705
Sgr-AMvi_054-Ex1-cssl	37.043719771351356	19.792563830847588	13.158542226650072	9.231353293196138	6.556745927286051	4.594789444690852	3.1812904573367864	2.172292232168103	1.458247319804901	0.9785619242805241	0.6349105300539885	0.4231575176152995	0.2685132285224849	0.17492741174576348	0.11252137801630131	0.0692135422487222	0.04827987270656083	0.029623117276643438	0.018935561239579925	0.012430092347454305	0.008457109559763303	0.005436713288419267	0.004089151875050388	0.002602187556850247	0.0018587053977501765	0.0013707952308407553	0.0010455217862344742	0.0007667159765719478	0.0006040792542688074	0.0005808454367969302	0.012569495252285567
Sgr-AMvi_055-Ex1-cssl	64.76697001930425	18.35756214789426	7.4908403262025764	3.7249340109522118	2.1908363865579323	1.3505101839814049	0.8107788677461293	0.5101839814048773	0.295473348303983	0.19422448095181816	0.12173501950124099	0.07721703502344088	0.04333609108458417	0.024031832328723947	0.013788756254185871	0.009455147145727455	0.0063034314304849706	0.0027577512508371745	0.0027577512508371745	0.00039396446440531066	0.0007879289288106213	0.00039396446440531066	0.0	0.0	0.0007879289288106213	0.00039396446440531066	0.0	0.0	0.00039396446440531066	0.00039396446440531066	0.0027577512508371745
Sgr-AMvi_056-Ex1-cssl	76.1380645736597	15.523665755832837	4.654806718514131	1.6821763195943924	0.8484130472168613	0.4286651507334442	0.2732501480901152	0.1630583634290664	0.10700705100032484	0.05668825916088638	0.033758176803673906	0.028662602946515583	0.014649774839330186	0.01019114771431665	0.004458627125013535	0.004458627125013535	0.0006369467321447906	0.0025477869285791626	0.0012738934642895813	0.0025477869285791626	0.0012738934642895813	0.0012738934642895813	0.0	0.0006369467321447906	0.0	0.0006369467321447906	0.0	0.0	0.0006369467321447906	0.0006369467321447906	0.01592366830361977
Sgr-AMvi_057-Ex1-cssl	79.19376605948777	15.305787896578805	3.8466523830945536	1.0827049324071885	0.35378527368798274	0.11513270760104612	0.056422651407135184	0.02211157960549892	0.009149619147103003	0.006862214360327251	0.0022874047867757507	0.003049873049034334	0.001524936524517167	0.0	0.0	0.0007624682622585835	0.0	0.0	0.0	0.0	0.0	0.0	0.0	0.0	0.0	0.0	0.0	0.0	0.0	0.0	0.0
Sgr-AMvi_058-Ex1-cssl	41.180499717085084	20.95122582927461	12.938145864975134	8.526929258636576	5.703239849581313	3.801212337797703	2.516273247980565	1.6251138202357716	1.0476425110571452	0.6598640744982208	0.406910163007724	0.24925390779049314	0.1526928356196649	0.092545214496434	0.05410127361346874	0.03185612941710503	0.02134270426953354	0.011867085037816744	0.007354885403665892	0.005685371539030076	0.003113417747564089	0.0019402458426848671	0.0013085378939037477	0.0009024399268301708	0.0004963419597565938	0.0005414639560981024	0.00036097597073206833	0.0002707319780490512	0.0002256099817075427	0.00036097597073206833	0.006723177454884772
Sgr-AMvi_059-Ex1-cssl	69.33922393886319	17.73412107111425	6.495786822819996	2.8154654536899066	1.4743941651635166	0.8456853057276553	0.4988715482010126	0.3132651905297188	0.18517066199600904	0.1172021366515916	0.07973230857710506	0.03703413239920181	0.02788452321822254	0.013070870258541815	0.009585304856263997	0.00304986972699309	0.004792652428131998	0.0008713913505694543	0.0008713913505694543	0.0021784783764236355	0.00043569567528472717	0.0008713913505694543	0.0	0.0	0.0	0.0	0.0	0.0	0.0	0.0	0.00043569567528472717
Sgr-AMvi_060-Ex1-cssl	74.33656713600845	17.238873579706315	4.90543958325469	1.8166547129213697	0.7889471896115661	0.4199539466233815	0.19723679740289152	0.11418972481220037	0.07738477218678042	0.048129553433241476	0.02170548488165792	0.0075497338718810165	0.012268317541806652	0.002831150201955381	0.0037748669359405082	0.002831150201955381	0.0	0.0018874334679702541	0.0009437167339851271	0.0	0.0	0.0	0.0009437167339851271	0.0009437167339851271	0.0	0.0	0.0	0.0	0.0	0.0	0.0009437167339851271
Sgr-AMvi_061-Ex1-cssl	45.18581379859404	21.278351158580865	12.187151595561572	7.538031357778337	4.88853150061108	3.2020400547899555	2.0917104135530966	1.342399567279548	0.8729343931738501	0.5488885482373375	0.3436354223684065	0.2080679389368147	0.1262481698960307	0.07067463081254144	0.044352324826384994	0.025865849812986102	0.01430229342600408	0.009205199492268584	0.0060480442945070444	0.002510508952436886	0.0019779767504048197	0.0009889883752024098	0.000874874331909824	0.0004944941876012049	0.000456456173170343	0.00030430411544689535	0.00015215205772344767	0.00034234212987775724	0.0002282280865851715	0.0002282280865851715	0.007189184727432902
Sgr-AMvi_062-Ex1-cssl	45.07181272336389	20.59523505824565	11.939859598182707	7.604750562975572	5.03799940165727	3.368808718178255	2.2539895313213867	1.4784167573070865	0.9603168897310008	0.6323415841239729	0.3904998017120023	0.2575656727529099	0.15788826761226463	0.09494632309115913	0.05941682456266481	0.03552949852849433	0.020733271334513012	0.011827705123715476	0.007838753591795746	0.004591932577442479	0.00278298944087423	0.0022263915526993835	0.0011131957763496918	0.0011131957763496918	0.0006493642028706536	0.0004174484161311345	0.0003246821014353268	0.00023191578673951917	0.00023191578673951917	0.00013914947204371147	0.0064008757140107285
Sgr-AMvi_063-Ex1-cssl	57.34228539464622	19.522951916890037	9.16363001451773	5.024460273476528	3.147502077425738	1.9810719840143303	1.3206607668853487	0.8683154583108347	0.5732725032899311	0.3828283383504108	0.24896775382585837	0.15649401669053956	0.09926376678511496	0.06305027531953555	0.03653682621080779	0.02376510377428648	0.014388396162663243	0.0129333898091355	0.006305027531953556	0.0022633432165987126	0.002101675843984519	0.0008083368630709687	0.00048500211784258124	0.00016166737261419375	0.000646669490456775	0.0	0.0	0.00016166737261419375	0.00048500211784258124	0.0003233347452283875	0.00388001694274065
Sgr-AMvi_064-Ex1-cssl	80.39607501632818	14.198519578266414	3.7127173203122568	1.0457811090722482	0.3537772525114297	0.14073336858146984	0.07231051534849003	0.03343389419338787	0.020215843000653128	0.010885453923428608	0.005442726961714304	0.0015550648462040867	0.00233259726930613	0.00233259726930613	0.0007775324231020434	0.0015550648462040867	0.0	0.0	0.0	0.0	0.0007775324231020434	0.0007775324231020434	0.0	0.0	0.0	0.0	0.0	0.0	0.0	0.0	0.0
Sgr-AMvi_065-Ex1-cssl	71.90816256432772	17.451143786457354	5.80987966273308	2.307285646443196	1.117353476161035	0.573461286882969	0.34079131684034775	0.2087757497558309	0.11140680208716015	0.06869588332452234	0.04032149673395877	0.026880997822639176	0.013739176664904467	0.008362977100376633	0.005077521810942955	0.0026880997822639175	0.0017920665215092786	0.0014933887679243986	0.00029867775358487973	0.00029867775358487973	0.0	0.0005973555071697595	0.0	0.0	0.0	0.0	0.0	0.0	0.00029867775358487973	0.00029867775358487973	0.0008960332607546393
Sgr-AMvi_066-Ex1-cssl	36.002885013752376	19.209321271237066	13.02431744073999	9.35491733817515	6.786334942753994	4.864301417016701	3.455277988130455	2.3900117552227553	1.638504709640886	1.1175942851818434	0.7433743553971669	0.48847260875091403	0.31550190665112315	0.2119146699556815	0.13423586056293552	0.0875309826450715	0.054581969268190325	0.03687594092320905	0.024235416750414015	0.015614765154629161	0.011339293743242605	0.006877932270491417	0.005135212945197983	0.0030671860125164423	0.002486279570751965	0.001882136871316908	0.0012082853988701137	0.0006970877301173733	0.0007435602454585315	0.0007203239877879524	0.010038063313690174
Sgr-AMvi_067-Ex1-cssl	41.73174942676168	20.316564281365874	12.446189389475421	8.234176397882193	5.593807615469676	3.888905166361193	2.6570260624034883	1.7839567062643311	1.2037190768719908	0.7684594674662161	0.5054697732765141	0.31871290770998756	0.20287156314736862	0.1273983498983743	0.08339491643688302	0.04839835098353914	0.03212087867965826	0.0179594777752819	0.010580356997522569	0.0073248625367463936	0.004937499932177199	0.0034725274248279202	0.002007554917478641	0.001519230748362215	0.000651098892155235	0.0007596153741811075	0.0002712912050646812	0.0002712912050646812	0.0002712912050646812	0.00021703296405174501	0.006836538367629968
Sgr-AMvi_068-Ex1-cssl	41.20750467748487	19.9868052843686	12.392054522823354	8.289930351348511	5.748536113215261	4.036464255337613	2.788507632703866	1.8860497248399932	1.2824071678044757	0.8452145892569712	0.5568546390874108	0.3609727077448903	0.22913010543748796	0.14715976427253674	0.08965506064916537	0.052852050330207685	0.03549608523660833	0.02091080131758959	0.01223281877078991	0.008887090559975575	0.005070869319515475	0.0029275121844625426	0.0019865261251710113	0.0012546480790553754	0.0009932630625855057	0.0007318780461156357	0.0004704930296457658	0.0004182160263517918	0.0004182160263517918	0.0002091080131758959	0.00789382749739007
Sgr-AMvi_069-Ex1-cssl	71.19267803501256	17.303905108495403	6.004682863080707	2.4339997640417828	1.2764432021345145	0.6733884507527974	0.43425387289112344	0.2663605260053182	0.15155777799961884	0.10754249516739421	0.05944332011362295	0.03902385900588988	0.022234524317309348	0.013612974071822052	0.0086215502454873	0.004537658023940684	0.003176360616758479	0.001361297407182205	0.0	0.0004537658023940684	0.0009075316047881368	0.0	0.0	0.0004537658023940684	0.0004537658023940684	0.0004537658023940684	0.0	0.0	0.0	0.0	0.0004537658023940684
Sgr-AMvi_070-Ex1-cssl	72.40734471473941	17.36631684157921	5.502087665844497	2.187212845190308	1.0615659911979496	0.5988941013364285	0.342973674453096	0.2172300946301043	0.11808611823120697	0.07415647015202076	0.04876593961083974	0.029420773484225626	0.019345166126614112	0.014508874594960586	0.005642340120262449	0.0020151214715223033	0.0028211700601312247	0.0	0.0	0.00040302429430446067	0.0	0.0	0.00040302429430446067	0.0	0.0	0.00040302429430446067	0.0	0.0	0.0	0.0	0.00040302429430446067
Sgr-AMvi_071-Ex1-cssl	74.26489844457706	16.990301682501386	5.037200496292829	1.8052866348684353	0.8281564610371489	0.4404813525267573	0.25673279611208666	0.13824073636804662	0.0815706208382884	0.059675348929063614	0.03606280079166434	0.024041867194442894	0.015026166996526808	0.00815706208382884	0.004722509627479854	0.0021465952852181155	0.0017172762281744925	0.0012879571711308692	0.00042931905704362314	0.0008586381140872463	0.00042931905704362314	0.00042931905704362314	0.00042931905704362314	0.0	0.0	0.0	0.0	0.0	0.0	0.00042931905704362314	0.0012879571711308692
Sgr-AMvi_072-Ex1-cssl	73.6082333902996	17.44831445380439	5.264590674672192	1.7702394095673084	0.8280274043042302	0.4000241980611304	0.26920343007516523	0.1421636091408176	0.1051103280349662	0.05595801636393884	0.036297091695527896	0.03100376582326341	0.021929492899381436	0.009074272923881974	0.0037809470516174896	0.0022685682309704935	0.0022685682309704935	0.0007561894103234978	0.0	0.0	0.0	0.0	0.0007561894103234978	0.0	0.0	0.0	0.0	0.0	0.0	0.0	0.0
Sgr-AMvi_073-Ex1-cssl	77.64139961654341	16.316591344837033	4.238136811832375	1.1854628868803068	0.37404135853190906	0.12539372774582305	0.0603430566967954	0.02995754587784169	0.016262667762256915	0.004279649411120241	0.003423719528896193	0.0025677896466721447	0.0008559298822240482	0.0008559298822240482	0.0	0.0	0.0004279649411120241	0.0	0.0	0.0	0.0	0.0	0.0	0.0	0.0	0.0	0.0	0.0	0.0	0.0	0.0
Sgr-AMvi_074-Ex1-cssl	48.04398639689554	21.132143980237245	11.651986163477156	7.063045655986695	4.443443050778224	2.837265244327447	1.8166433788607237	1.1607377317568948	0.7192528018310375	0.4442081443563002	0.27413691933125633	0.16916348688156285	0.0958312125760636	0.060688778735585605	0.03235438097121497	0.02152636168826327	0.009790604261830583	0.0071322282702077095	0.0035012756962837844	0.002074830042242243	0.0016857994093218223	0.0005835459493806308	0.0005187075105605607	0.00019451531646021028	0.0003241921941003505	0.00025935375528028036	0.0003241921941003505	0.000713222827020771	0.0003241921941003505	0.00019451531646021028	0.0059651363714464485
Sgr-AMvi_075-Ex1-cssl	76.2898320153479	16.453137429226523	4.716204201955922	1.4355902859014553	0.5722708343081746	0.23583360628889619	0.12353188900846941	0.059894249216227595	0.041645220158158254	0.024799962566094236	0.01778110523606757	0.007954704974030228	0.008422628796032006	0.0037433905760142247	0.0018716952880071123	0.0023396191100088907	0.0018716952880071123	0.0018716952880071123	0.0004679238220017781	0.0004679238220017781	0.0	0.0	0.0	0.0	0.0	0.0	0.0004679238220017781	0.0	0.0	0.0	0.0
Sgr-AMvi_076-Ex1-cssl	64.11554041512441	18.204548680489587	7.7516459759572856	4.0415124417220785	2.3131012043193904	1.3937567558714665	0.8532870385535065	0.5159029119853253	0.33847598458296485	0.19544258464629258	0.11409916254490265	0.07424634500529552	0.029480166399161453	0.025112734340026425	0.012556367170013212	0.009826722133053818	0.00436743205913503	0.003821503051743151	0.0	0.0	0.0010918580147837576	0.0	0.0	0.0	0.0	0.0	0.0	0.0	0.0	0.0005459290073918788	0.0016377870221756363
Sgr-AMvi_077-Ex1-cssl	39.84704771156666	20.480644834737415	13.08244043832268	8.845163321541579	6.0047402300088875	4.111016484001259	2.722103087000495	1.8009437738509075	1.1592852877340047	0.7366674065536651	0.4660359362186449	0.29045982274288806	0.1754832406307552	0.10313529437441316	0.0625498611086603	0.041560598138270954	0.022800283447922943	0.012723579765236021	0.009240848077671417	0.0051080064750947535	0.003482731687564605	0.0020896390125387625	0.0008822920275163665	0.000696546337512921	0.0008822920275163665	0.000696546337512921	0.0005108006475094753	0.0005108006475094753	0.00037149138000689113	0.0004179278025077526	0.010308885795191229
Sgr-AMvi_078-Ex1-cssl	81.03241915846385	13.753379145256813	3.4983181658721807	1.0101322767700531	0.36216182752429893	0.16663571266431415	0.07480550568521843	0.04075610309746384	0.022183701685961326	0.018572401411502508	0.006706700509709239	0.007738500588126045	0.001547700117625209	0.0010318000784168059	0.001547700117625209	0.0	0.0	0.0005159000392084029	0.0	0.0005159000392084029	0.0	0.0	0.0	0.0	0.0	0.0	0.0005159000392084029	0.0005159000392084029	0.0	0.0	0.0
Sgr-AMvi_079-Ex1-cssl	32.82506628094431	19.087033736525438	13.554871751238043	9.954836630710368	7.3054997117039155	5.313156529838419	3.793107505926589	2.6497216155080663	1.8319699991038836	1.235396241922505	0.8342483075616849	0.5615437463284113	0.3669099457170607	0.23495904566302214	0.15229455622769325	0.10058682056940513	0.06365595641433895	0.04104937964294734	0.02785655255814122	0.01649669115750199	0.011608782666390288	0.0073318627366675505	0.00556678467043277	0.00377907739822062	0.002624987893374802	0.0016519320363479358	0.0011088310928910803	0.001040943474958973	0.0008599098271400214	0.0006788761793210695	0.013487006762511914
Sgr-AMvi_080-Ex1-cssl	32.005237196360945	18.44488171931283	13.353082859979681	10.018934146116191	7.524194432899234	5.535062805948092	4.028484921954374	2.8832360649302666	2.0156134547889537	1.3912340098827005	0.9384091853699086	0.6352030802623072	0.4158801491641267	0.2744513138450171	0.18245041331855547	0.11451406206705458	0.07774978064099011	0.04913930451648656	0.033769742310889445	0.02208021612635079	0.014070725962870602	0.008911459776484715	0.007035362981435301	0.004257296573381361	0.002345120993811767	0.0020564907176503187	0.001190599889165974	0.001226678673686155	0.00104628475108525	0.0005051029832825344	0.013746016902188973
Sgr-AMvi_081-Ex1-cssl	30.636175713537277	18.212882394478484	13.504589872668049	10.207825562060089	7.72411220701123	5.715131773763696	4.169352634336348	3.0085590305460013	2.0970479032368283	1.4698412336848818	1.0218446049064942	0.6949158333523154	0.474134985535637	0.32812464408555614	0.2221190861256008	0.1512494020637343	0.10492357805061388	0.0701863283296508	0.05068221680599531	0.03522129336461584	0.02499943053688982	0.01691305437233776	0.011332315892576479	0.009510033940001366	0.006349513678503907	0.005068221680599531	0.0031320471059884743	0.0025625839958087517	0.001964647730120043	0.001509077241976265	0.017738775882098358
Sgr-AMvi_082-Ex1-cssl	54.89621499252622	20.56611438239737	10.120960903637503	5.695456176815104	3.3900210212460515	2.1068573434351	1.3089965411570756	0.7747887029536231	0.4689354888327096	0.2756820073120807	0.16544864387327304	0.08893604098551387	0.059356426467050284	0.030171206808832868	0.019522545582185975	0.008676686925415988	0.007690699774800535	0.0031551588819694505	0.003352356312092541	0.0011831845807385437	0.0005915922903692719	0.0003943948602461813	0.00019719743012309066	0.0003943948602461813	0.00019719743012309066	0.00019719743012309066	0.00019719743012309066	0.00019719743012309066	0.0007887897204923626	0.0003943948602461813	0.004929935753077265
Sgr-AMvi_083-Ex1-cssl	78.23718806941007	15.83017130467153	4.11379384661603	1.125268581952599	0.4101385197134255	0.1417198388181741	0.07641115733514456	0.025470385778381524	0.017633344000417973	0.009143215407624136	0.003918520888981772	0.004571607703812068	0.001959260444490886	0.0013061736296605907	0.0	0.0	0.0006530868148302953	0.0	0.0	0.0	0.0	0.0006530868148302953	0.0	0.0	0.0	0.0	0.0	0.0	0.0	0.0	0.0
Sgr-AMvi_084-Ex1-cssl	39.523415491320876	19.082532982511598	12.514666641873612	8.939817956990247	6.277973539611555	4.488224848220013	3.0973344366243016	2.110508846472103	1.384754130368084	0.9182108091523564	0.6071199457032085	0.3819370194408546	0.24061660328941864	0.15303513485872608	0.09557722881820802	0.06136281227628141	0.04090854151752094	0.024731072826501294	0.018594791598873155	0.008739552051470383	0.0070660208075717995	0.005392489563673215	0.0027892187398309734	0.002045427075876047	0.001673531243898584	0.0003718958319774631	0.0007437916639549262	0.0003718958319774631	0.0	0.00018594791598873156	0.009297395799436578
Sgr-AMvi_085-Ex1-cssl	40.21810201811775	21.235586879425984	13.249098419284651	8.705580999958807	5.75820784852695	3.8454711250753655	2.5366343233557154	1.6579348465159474	1.0690144589953976	0.673554755814868	0.41695533477386526	0.24169478450067594	0.15383981635091057	0.09234882841318048	0.05519958356894892	0.029584580067482803	0.02029726885642491	0.012957297092846896	0.0053177346450412125	0.0044189625923581905	0.0025465208159352283	0.0011983627369106958	0.0012732604079676141	0.000449386026341511	0.000898772052683022	0.0005991813684553479	0.00029959068422767395	0.0002246930131707555	0.0003744883552845924	0.0003744883552845924	0.009961390250570159
Sgr-AMvi_086-Ex1-cssl	76.90857681432611	17.060873988300944	4.34151668835929	1.1190401388327873	0.37401074158849845	0.10322696467842557	0.04039316009155783	0.026928773394371885	0.017952515596247925	0.005984171865415975	0.0014960429663539937	0.0	0.0	0.0	0.0	0.0	0.0	0.0	0.0	0.0	0.0	0.0	0.0	0.0	0.0	0.0	0.0	0.0	0.0	0.0	0.0
Sgr-AMvi_087-Ex1-cssl	74.15033090015604	17.78790107071758	5.188586186487795	1.6033861219219112	0.6008214215255484	0.24212206539089262	0.1667952006026149	0.08967483903366394	0.05559840020087164	0.026902451710099178	0.034076438832792294	0.025108954929425904	0.010760980684039672	0.010760980684039672	0.0035869935613465575	0.0	0.0017934967806732787	0.0	0.0	0.0	0.0	0.0	0.0	0.0	0.0	0.0	0.0	0.0017934967806732787	0.0	0.0	0.0
Sgr-AMvi_088-Ex1-cssl	66.44949245222652	18.402606090573283	7.166749076524825	3.4990256246182483	1.8324074343387335	1.0849015444576946	0.6457054768622205	0.3722986533259649	0.2559553241616009	0.11343474593525495	0.06980599749861842	0.04653733166574561	0.02908583229109101	0.008725749687327302	0.008725749687327302	0.005817166458218202	0.0	0.002908583229109101	0.0	0.0	0.0	0.0	0.0	0.0	0.0	0.0	0.0	0.0	0.0	0.0	0.005817166458218202
Sgr-AMvi_089-Ex1-cssl	52.026078192406786	21.536015653662712	10.878705199192016	6.105434503000426	3.703828653118714	2.260334917535729	1.3751776429261218	0.8653371736536037	0.5052017222402618	0.2998317399940118	0.19862271383569557	0.10626947746623203	0.056508372938393225	0.034158046328431724	0.017711579577705337	0.011386015442810574	0.0050604513079158114	0.004217042756596509	0.0025302256539579057	0.0012651128269789529	0.0012651128269789529	0.00042170427565965093	0.0	0.00042170427565965093	0.00042170427565965093	0.0	0.0	0.0	0.0	0.00042170427565965093	0.0033736342052772075
Sgr-AMvi_090-Ex1-cssl	71.31169847263327	16.671769228152534	5.718270571827057	2.6550328264788927	1.4338197775283192	0.8368200836820083	0.4694356566996632	0.3656835731537232	0.19729904412014834	0.15137599074735517	0.06803415314487873	0.032316222743817395	0.03401707657243937	0.018709392114841652	0.0068034153144878725	0.01020512297173181	0.005102561485865905	0.0017008538286219681	0.0017008538286219681	0.0	0.0	0.0	0.0	0.0	0.0	0.0	0.0	0.0	0.0	0.0	0.01020512297173181
Sgr-AMvi_091-Ex1-cssl	51.443030421261604	21.17783413469814	10.893014929483723	6.213350469917263	3.8649116968660704	2.4608976050858935	1.4860631376014137	0.916309973262339	0.5944252550405654	0.36204858680559543	0.2163111208014413	0.14860631376014136	0.08721297178201347	0.05622941601735079	0.02467209070149065	0.02122947339430591	0.011475391023949141	0.005163925960777114	0.0040163868583822	0.000573769551197457	0.001147539102394914	0.002295078204789828	0.000573769551197457	0.0	0.0	0.000573769551197457	0.0	0.000573769551197457	0.0	0.000573769551197457	0.006885234614369484
Sgr-AMvi_092-Ex1-cssl	77.1092446811624	16.87103099119136	4.275555295425946	1.1618038687776184	0.3511749729302625	0.15510227971086593	0.05267624593953937	0.014632290538760936	0.0058529162155043744	0.0	0.0	0.0	0.0	0.0029264581077521872	0.0	0.0	0.0	0.0	0.0	0.0	0.0	0.0	0.0	0.0	0.0	0.0	0.0	0.0	0.0	0.0	0.0
Sgr-AMvi_093-Ex1-cssl	75.40993886189058	16.74870669383916	4.737419658253645	1.5300203793698073	0.6458692585044677	0.3354757799028061	0.20692898573444113	0.12541150650572191	0.06897632857814705	0.08465276689136228	0.040758739614359614	0.02508230130114438	0.009405862987929142	0.01567643831321524	0.0031352876626430477	0.009405862987929142	0.0031352876626430477	0.0	0.0	0.0	0.0	0.0	0.0	0.0	0.0	0.0	0.0	0.0	0.0	0.0	0.0
Sgr-AMvi_094-Ex1-cssl	55.56787376701875	20.950999673483025	10.03622060398047	5.389048772523976	3.2590950164397503	1.9158193677720152	1.173183084902007	0.6742955206427069	0.42675009301937084	0.24602674401828492	0.13895954986217945	0.08276825647528722	0.06530339501719909	0.02581762128586941	0.01974288686566484	0.007593418025255708	0.005315392617678996	0.0030373672101022837	0.0015186836050511418	0.0030373672101022837	0.0007593418025255709	0.0007593418025255709	0.0	0.0	0.0	0.0	0.0007593418025255709	0.0	0.0	0.0	0.005315392617678996
Sgr-AMvi_095-Ex1-cssl	76.93511319739866	16.76201652730918	4.31519241112904	1.2248789790230306	0.3838443107916483	0.17358564373380275	0.0831255195344971	0.06356657376167424	0.026893550437631412	0.009779472886411423	0.017114077551219988	0.0024448682216028556	0.0024448682216028556	0.0	0.0	0.0	0.0	0.0	0.0	0.0	0.0	0.0	0.0	0.0	0.0	0.0	0.0	0.0	0.0	0.0	0.0
Sgr-AMvi_096-Ex1-cssl	54.554765515747185	18.92812826219692	9.592089972622166	5.749345098579898	3.797443422426188	2.481731697228733	1.713576648086506	1.201473281991688	0.7720943058044947	0.44907525949853266	0.3289279312993638	0.13393472651710622	0.10832955821236533	0.07484587658308876	0.029544424967008723	0.029544424967008723	0.021665911642473064	0.013787398317937405	0.005908884993401745	0.00393925666226783	0.00393925666226783	0.001969628331133915	0.0	0.0	0.0	0.0	0.0	0.0	0.0	0.0	0.00393925666226783
Sgr-APal_002-Ex1-cssl	49.45046848194255	20.0687326793648	11.002067478995293	6.8082743148726514	4.382835525447587	2.8999692077596446	1.9126380152201645	1.2336691153829233	0.8210530946201557	0.5158799982404434	0.3244182466018563	0.2090573175559759	0.13636563585976333	0.07720054546254344	0.05487617120485638	0.033321602956055074	0.023424097127523864	0.01154709013328641	0.007368143227906568	0.007258170940922887	0.003959002331412484	0.0025293626006246427	0.0021994457396736023	0.0017595565917388816	0.000989750582853121	0.0004398891479347204	0.0004398891479347204	0.0001099722869836801	0.0001099722869836801	0.0001099722869836801	0.006928254079971848
Sgr-APal_003-Ex1-cssl	62.851769120597126	18.128391317316865	8.001630337019808	4.270526648951552	2.5666423026916503	1.5526910807358376	1.0055262960154654	0.6252661251943995	0.3800324701199755	0.2445505529711526	0.14959936061643134	0.085387762908922	0.060112985087881085	0.028007186234126416	0.019582260293779446	0.01343434136433706	0.002960109114175963	0.003870911918537797	0.002049306309814128	0.0011385035054522932	0.00022770070109045864	0.0009108028043618346	0.0009108028043618346	0.0004554014021809173	0.0	0.00022770070109045864	0.0	0.00022770070109045864	0.00022770070109045864	0.0	0.0036432112174473383
Sgr-APal_004-Ex1-cssl	53.932307060955885	18.22191226690247	9.642921700726468	6.0518640474085075	4.041130690950662	2.745628734323779	1.8473147067013858	1.2290596954403998	0.8236886202971336	0.533248000625339	0.3384402679186473	0.22485331405204967	0.1339837509587716	0.08232000742589977	0.05080878796613399	0.03480890521718314	0.021251752658911813	0.014534244634543137	0.007938873119708437	0.005374006419494941	0.003664095286019278	0.0021984571716115666	0.0008549555667378315	0.0014656381144077112	0.0010992285858057833	0.0009770920762718074	0.0004885460381359037	0.0003664095286019278	0.0004885460381359037	0.00012213650953397592	0.0048854603813590376
Sgr-APal_007-Ex1-cssl	43.305929803977044	20.253359978113558	12.19077681789231	7.947119254539749	5.39018255216879	3.646806827018841	2.4476481050778984	1.6676922944358317	1.0991330872305394	0.722008440066837	0.4657331419466439	0.29756369722893805	0.1963173620231459	0.12393700323772856	0.08207415683703577	0.047966348877637704	0.034825867074332766	0.021182743890573535	0.015653688705576374	0.011273528104474729	0.00725239706084043	0.004236548778114707	0.0022977891677910273	0.002585012813764906	0.0019387596103236796	0.0011488945838955137	0.0007180591149346962	0.0008616709379216354	0.0010052827609085746	0.0005026413804542873	0.010268245343566153
Sgr-APal_008-Ex1-cssl	38.25793454513414	19.95015689863367	12.973324228473246	8.890655569951559	6.207558769402063	4.3822479258741565	3.0413503495425207	2.087442702461316	1.4166935340140618	0.9498024499015755	0.6307985910162265	0.40701528134618425	0.27384668990942534	0.17321929562826538	0.11965147877212551	0.07529532388003211	0.04966287319746799	0.03504436616756814	0.02172750702389225	0.013517112664633428	0.009011408443088951	0.006908746473034862	0.0052065915448958385	0.0028035492934054516	0.0012015211257451934	0.0014017746467027258	0.0019024084490965561	0.0007008873233513629	0.0005006338023938306	0.0009011408443088951	0.012515845059845767
Sgr-APal_009-Ex1-cssl	66.20915926179084	18.158683421841317	7.252326620747674	3.5156422524843576	1.9054629580945373	1.1630474788369527	0.7037173352962827	0.41137809558862193	0.26142278773857724	0.17035595982964405	0.09674535990325464	0.05405121194594879	0.03449182396550817	0.02124191597875808	0.013460223986539776	0.010936431989063567	0.0054682159945317835	0.0031547399968452597	0.001682527998317472	0.00105157999894842	0.000841263999158736	0.00105157999894842	0.000420631999579368	0.000210315999789684	0.0	0.000210315999789684	0.000210315999789684	0.0	0.000210315999789684	0.000210315999789684	0.0031547399968452597
Sgr-APal_010-Ex1-cssl	42.48867436053483	20.70620741134806	12.487100678076096	8.098420607719957	5.4126320744337875	3.625040212461058	2.4491234031649123	1.6252101144610276	1.0718866502985123	0.7051211526597322	0.4555601822129318	0.2986097281428737	0.1905966206213678	0.1268972970262972	0.08216572129665864	0.05300385343306488	0.036180770157410024	0.022867138028663303	0.018299280980306688	0.01013841442440127	0.0071581662282173796	0.004929943277799519	0.004289329179554383	0.002924542622423443	0.0020054006553760755	0.0016154616390529498	0.0016154616390529498	0.0010862586883287073	0.0008355836064066981	0.0005292029507242421	0.009274978031114349
Sgr-APal_011-Ex1-cssl	69.40216744364574	16.82161710439052	6.387180938545368	3.0116340367848373	1.7257923850382741	1.0042828997393334	0.6325961951913943	0.38237573395977525	0.24609060895886425	0.15523385895825692	0.09158554746050526	0.05465980949234398	0.03060949331571263	0.022349788770202873	0.013118354278162554	0.005344514705918078	0.0038869197861222385	0.0017005274064284793	0.002915189839591679	0.0007287974598979198	0.0004858649732652798	0.0004858649732652798	0.0004858649732652798	0.0004858649732652798	0.0002429324866326399	0.0002429324866326399	0.0	0.0	0.0	0.0	0.0017005274064284793
Sgr-APal_013-Ex1-cssl	51.237873475517844	20.136093065255807	10.621234430286133	6.4285819552760515	4.093376080685851	2.6868935063055917	1.7556246575232348	1.1276780175803625	0.7205242222344289	0.444265214006948	0.29233615710589883	0.16867608698273448	0.11173618470500442	0.06444257175432508	0.039656967233430825	0.022641984670438545	0.015809196397110935	0.008708455642476362	0.006162907070060195	0.003617358497644028	0.0025455485724161678	0.00160771488784179	0.0012057861658813427	0.000803857443920895	0.0005359049626139301	0.00026795248130696505	0.00026795248130696505	0.00026795248130696505	0.00026795248130696505	0.00026795248130696505	0.0060289308294067135
Sgr-APal_014-Ex1-cssl	45.38024006959668	20.017995783531912	11.575075474535296	7.433427472304696	5.010267215469068	3.4218775397888845	2.3328160661679878	1.59325998245472	1.072806824760883	0.725614830571159	0.4727241513033854	0.3261279173898565	0.21167570818826412	0.13959516792513366	0.09557977045026596	0.06313135156492089	0.04005827322055732	0.025569110566313183	0.018324529239191114	0.010897311408023951	0.008644794524801125	0.004931185609217542	0.0035918512462201854	0.0026786687259947144	0.0012784555283156592	0.000974061354907169	0.0012784555283156592	0.000974061354907169	0.0004870306774535845	0.0004261518427718864	0.007670733169893956
Sgr-APal_015-Ex1-cssl	65.40390919179673	17.817806259582138	7.333102399784462	3.759405731000905	2.164360538588354	1.3461501452956912	0.843869676500587	0.535958278005504	0.321703263219342	0.18218091077625748	0.12284381835793418	0.06895932362129464	0.04105485313267774	0.02373483696732932	0.012508900563862748	0.008980749122773255	0.0054525976816837615	0.0028866693608914037	0.0009622231202971345	0.0009622231202971345	0.0006414820801980897	0.0006414820801980897	0.00032074104009904484	0.0	0.0	0.0	0.0	0.00032074104009904484	0.0	0.0	0.0012829641603961793
Sgr-APal_016-Ex1-cssl	49.05721091398546	21.05176412417739	11.285607211110195	6.7327501971910575	4.3260382452546615	2.730850884318504	1.7709915276518762	1.164310184476649	0.6926213264581347	0.45756173747885837	0.29039081109292897	0.16324672623602496	0.10242162391250603	0.06317962241346158	0.04355862166393935	0.024330040929407562	0.01020292038975156	0.005886300224856669	0.007848400299808891	0.0035317801349140014	0.002746940104933112	0.0007848400299808892	0.0015696800599617783	0.0003924200149904446	0.0003924200149904446	0.0003924200149904446	0.0	0.0	0.0007848400299808892	0.0003924200149904446	0.008240820314799335
Sgr-APal_017-Ex1-cssl	53.50046195545085	19.210997604837615	9.9503233688156	5.9911900059988525	3.8335734334017872	2.5228022086287147	1.6928149507174541	1.1141664878687434	0.7448210634170691	0.49457694951768344	0.32271200690087004	0.21236814565389686	0.12993865406761626	0.09414258003213984	0.06206842195142243	0.03929905375760256	0.027476497195426858	0.015325536284301833	0.011275215980593492	0.00853851307268245	0.003612447838442575	0.003831384071075458	0.0026272347915946	0.0018609579773795086	0.0007662768142150917	0.0009852130468479751	0.0009852130468479751	0.00021893623263288334	0.00065680869789865	0.00065680869789865	0.004926065234239875
Sgr-APal_018-Ex1-cssl	50.36988929783377	19.67288994459061	10.777785651686008	6.578530722744043	4.267159912198946	2.8146032492130826	1.8742493000942777	1.235565705920292	0.8366575678175231	0.5399208642321938	0.346342325436202	0.2230010414489506	0.14621548574488716	0.10091559598956937	0.06422717042536148	0.044851375995364165	0.03265180172462511	0.0202728219499046	0.013276007294627792	0.010315816478933757	0.00699681465527681	0.004216029343564231	0.004126326591573503	0.0024219743037496647	0.0024219743037496647	0.0013455412798609248	0.000807324767916555	0.001166135775879468	0.00026910825597218496	0.00026910825597218496	0.006638003647313896
Sgr-APal_019-Ex1-cssl	79.57088564402453	14.716316229159068	3.973455388344374	1.1274988527927143	0.3726952899787031	0.13795902999211662	0.04882984856863829	0.02353245714151243	0.012354539999294027	0.006765581428184824	0.004118179999764675	0.002353245714151243	0.0011766228570756214	0.00029415571426890535	0.00029415571426890535	0.0	0.0	0.0	0.00029415571426890535	0.0	0.0005883114285378107	0.0	0.0	0.0	0.0	0.0	0.0	0.0	0.0	0.0	0.0005883114285378107
Sgr-APal_020-Ex1-cssl	45.4142532701889	19.029007705263403	11.413922681329945	7.627702172692579	5.267512895899721	3.6643036409765872	2.53042297768623	1.73182592638236	1.1765735736264424	0.7652936470210814	0.5024852848834821	0.32741011993137836	0.2047596971101839	0.12607368023645907	0.07819698010011561	0.05017517297230682	0.03139616086571246	0.01985489300853467	0.010416483277876563	0.008020203087191344	0.004548041994565824	0.002836413286933524	0.0021517618038806047	0.001124784579301225	0.0007824588377747653	0.00034232574152645985	0.0005379404509701512	0.0006846514830529197	9.780735472184567e-05	0.0001467110320827685	0.007139936894694734
Sgr-APal_021-Ex1-cssl	75.98828879856067	15.817201972412873	4.731541947091357	1.7008729259678816	0.7558972479509563	0.4048110881588592	0.22281268741254084	0.15117944959019125	0.08496035183580997	0.05664023455720663	0.028736589591523955	0.020407143333111215	0.014576530952222297	0.007912973945492103	0.004164723129206371	0.004997667755047644	0.001249416938761911	0.001249416938761911	0.0008329446258412742	0.0	0.0004164723129206371	0.0004164723129206371	0.0	0.0	0.0	0.0	0.0	0.0	0.0	0.0	0.0008329446258412742
Sgr-APal_022-Ex1-cssl	34.45314489356504	18.81803784873574	13.063880780482165	9.546158912099328	7.0134847060994625	5.123166599146113	3.690582407351305	2.619757900201849	1.8476672935583809	1.2657826820272957	0.8617879997164534	0.5781422699657882	0.38203565164463044	0.2501626631532217	0.1651184461005791	0.10920113086037818	0.07201532419568368	0.04542291825815187	0.0283348718515324	0.019226527301074745	0.012811084617708919	0.007940100358116346	0.006019427702911146	0.0034057288319102536	0.0022176838905462117	0.0015246576747505204	0.0015048569257277865	0.000534620223613819	0.0008118307099320952	0.00047521797654561683	0.009642964774071474
Sgr-APal_023-Ex1-cssl	43.58380905903309	20.20671562946756	12.039926997757176	7.83508713328492	5.265633352143708	3.5852140219016033	2.459010673530825	1.6571118336486748	1.1248542118414178	0.7451885836997325	0.5034140132485208	0.3283053961274199	0.21423357647254765	0.1426828184671669	0.09662608867176578	0.06117636331409341	0.043637588432410356	0.030099701189519722	0.01832964801958388	0.013537887242890631	0.010467438589863891	0.006559594849648039	0.005536111965305791	0.003907843740215852	0.0033030583994681614	0.002279575515125914	0.0011630487322070988	0.001209570681495383	0.0008373950871891113	0.0008839170364773952	0.009257867908368508
Sgr-APal_024-Ex1-cssl	38.947811145022534	20.302675620758958	13.036929635481375	8.807439976314267	6.124348250364094	4.200159196160845	2.914415000225974	1.9589613326729367	1.2981035734280764	0.8537193886350913	0.5615215684972381	0.36432493356834594	0.23012423019063877	0.14314741693622102	0.09509341936935815	0.05497155959664157	0.0351412151112759	0.020752686089336163	0.015126402305116138	0.008116606114940366	0.006456391227793472	0.0031359614534996866	0.003043727293102637	0.0012912782455586946	0.0010145757643675458	0.0013835124059557442	0.00036893664158819847	0.00046117080198524807	0.00027670248119114887	0.00036893664158819847	0.009315650200102011
Sgr-APal_025-Ex1-cssl	79.91025593552969	14.32033850949449	3.7813018611962956	1.1549583090683246	0.43693846842631456	0.18379692123325714	0.09055196302517614	0.05318665486237111	0.02995957140981664	0.014474849108113658	0.008415609946577708	0.005722614763672841	0.0033662439786310834	0.0033662439786310834	0.0013464975914524334	0.0006732487957262167	0.00033662439786310834	0.00033662439786310834	0.0	0.0	0.0	0.0	0.0	0.0	0.0	0.0	0.0	0.0	0.0	0.0	0.0006732487957262167
Sgr-APal_026-Ex1-cssl	51.68651364973328	19.82405398891299	10.671086113084078	6.458961216798162	4.079029598773134	2.6314049445756202	1.709229433683775	1.105928073082969	0.679767168546851	0.42840048886926585	0.27077641056486584	0.16242318758971666	0.1055804042769662	0.06569447377233452	0.03924604926658946	0.02516866202966063	0.014717268474971045	0.010024806062661437	0.007891868602520705	0.005438990523358864	0.0023462312061548044	0.002666171825175914	0.0020262905871336946	0.0008531749840562925	0.0012797624760844386	0.0004265874920281462	0.0010664687300703656	0.00031994061902110966	0.00031994061902110966	0.0004265874920281462	0.006932046745457377
Sgr-APal_027-Ex1-cssl	81.74872518398602	13.505943363850342	3.3881853761010565	0.9019908275644515	0.27385578546345757	0.11162223154333334	0.03778516533609731	0.016639338863602488	0.004853140501884058	0.005893099180859214	0.002426570250942029	0.00034665289299171847	0.00034665289299171847	0.00034665289299171847	0.00034665289299171847	0.00034665289299171847	0.0	0.0	0.0	0.0	0.0	0.00034665289299171847	0.0	0.0	0.0	0.0	0.0	0.0	0.0	0.0	0.0
Sgr-APal_028-Ex1-cssl	51.26363406072449	19.005030217493577	10.547533745883545	6.576701769623276	4.350450548257518	2.869178156551949	1.9035211522455038	1.2571924872435132	0.8126515398255709	0.5231426193319582	0.3332247674881482	0.21148626642058407	0.13071327760286613	0.07664748670068397	0.04885463033329714	0.02981941881084211	0.019976115514059277	0.011507979589621105	0.007092968552093511	0.005645423949625448	0.0029674664350595303	0.001664676292838273	0.001664676292838273	0.0006513950711106286	0.0008685267614808381	0.0005790178409872254	0.0002895089204936127	0.0005790178409872254	0.0003618861506170159	0.0002895089204936127	0.006079687330365867
Sgr-APal_029-Ex1-cssl	45.19784793249017	19.901597863267888	11.856903697960817	7.694621109175253	5.197592342524633	3.4956187620074033	2.3323436321890005	1.5333693999173592	0.9902407231492092	0.6424679767072344	0.41797479030973245	0.2653023842283952	0.17201204680704235	0.0999356765253396	0.06815732414345413	0.04259832758965883	0.02777410958845756	0.017635707622118753	0.01277949827689765	0.007071322379883366	0.005367389276297012	0.0043450294141452	0.002726292965738165	0.0021299163794829415	0.0008519665517931767	0.0009371632069724942	0.0007667698966138589	0.00034078662071727065	0.0005963765862552236	0.00042598327589658835	0.007667698966138589
Sgr-APal_030-Ex1-cssl	34.51467822277668	19.364432168089206	13.287772964250163	9.52888537875615	6.916572328053787	4.966950172132385	3.531231489534392	2.4920970773362554	1.7242206218628284	1.18554429565095	0.8061083597105689	0.5446474992467714	0.36627749284518196	0.2436429894397687	0.16407745035010612	0.11144367796930925	0.07502908726452638	0.050761802802352124	0.03372278043504846	0.02430827649673874	0.017080014401868144	0.011546089735662866	0.008362375051154643	0.0053562925164258495	0.0041811875255773215	0.002869442419513848	0.00211792178583165	0.0016670094056223308	0.0011204489447625501	0.0007105285991177147	0.012584554611296447
Sgr-APal_031-Ex1-cssl	79.04732643156206	14.128668735809361	3.9431749536525924	1.4190638865165497	0.6389693169746078	0.3343262440894036	0.19372174891161706	0.1109213239735872	0.07915512321119836	0.03957756160559918	0.03176620076238882	0.011977419959589225	0.007811360843210365	0.005207573895473576	0.0020830295581894306	0.0020830295581894306	0.0015622721686420731	0.0	0.0	0.0005207573895473576	0.0	0.0005207573895473576	0.0005207573895473576	0.0	0.0	0.0	0.0005207573895473576	0.0	0.0	0.0	0.0005207573895473576
Sgr-APal_032-Ex1-cssl	46.02685946222479	21.059819659828225	12.151889605311492	7.474809394276082	4.859854366634589	3.1553895839014507	1.9809923892931756	1.244261545083916	0.791495480227262	0.48972655994699327	0.2934302719976922	0.18345026221668315	0.11899476468109178	0.06377939091808518	0.036284388472832906	0.021410042887696438	0.013071394605119928	0.0069864350475641	0.004507377450041355	0.003380533087531016	0.0022536887250206774	0.0015775821075144744	0.0013522132350124066	0.0013522132350124066	0.0004507377450041355	0.0006761066175062033	0.000901475490008271	0.00022536887250206776	0.0004507377450041355	0.0004507377450041355	0.009916230390090982
Sgr-APal_033-Ex1-cssl	71.44511796759272	16.745678669630912	5.904960645561168	2.5598931722621203	1.3171592053969066	0.7607647372741217	0.46904651936372405	0.302726452548526	0.18737929829683464	0.11582577314900125	0.0734680007370731	0.04187915351461822	0.023691635416841165	0.019384065341051863	0.010529615740818295	0.008854449600233566	0.005025498421754186	0.0026324039352045737	0.0011965472432748062	0.0011965472432748062	0.0007179283459648838	0.0	0.0007179283459648838	0.0	0.0	0.00023930944865496121	0.0	0.0	0.00023930944865496121	0.0	0.0016751661405847286
Sgr-APal_034-Ex1-cssl	63.93285591425615	18.147894406950133	7.716447219092876	3.937145605877294	2.354540930113427	1.4549551144160708	0.9245743105778381	0.5886872918926911	0.35317072764414714	0.23634951407789329	0.1311895981225311	0.0912080063137597	0.04997698976096423	0.029361481484566482	0.01957432098971099	0.01082834778154225	0.00437298660408437	0.003956511689409668	0.0033317993173976146	0.0018741371160361582	0.0012494247440241056	0.0006247123720120528	0.0012494247440241056	0.0006247123720120528	0.0	0.0002082374573373509	0.0004164749146747018	0.0	0.0002082374573373509	0.0002082374573373509	0.0029153244027229127
Sgr-APal_035-Ex1-cssl	79.39426882298334	14.959446914545365	3.9664459862217227	1.1243709385840621	0.3383495382811355	0.12764450090389406	0.05008061757951825	0.021681242976498757	0.007634240484682661	0.004580544290809596	0.002137587335711145	0.0012214784775492257	0.0006107392387746128	0.0006107392387746128	0.0	0.0006107392387746128	0.0	0.0	0.0	0.0	0.0003053696193873064	0.0	0.0	0.0	0.0	0.0	0.0	0.0	0.0	0.0	0.0
Sgr-APal_037-Ex1-cssl	35.95031418096886	19.349350341595333	12.983003870536066	9.163443801334166	6.6234529084778515	4.762412742566759	3.4114035997998906	2.4083012853773034	1.672876200152715	1.158411639796979	0.8002437864653597	0.5430405469242481	0.367886786432834	0.2515306351613188	0.16944243526261255	0.1166078367900726	0.08024895957078713	0.05180849597380612	0.03763666523657665	0.026349537750504533	0.01785031139306773	0.012390671682823587	0.008944516121038276	0.00605981286988091	0.004530339334032373	0.0032138304677323676	0.0024006926385470697	0.0014326714133264772	0.0015294735358485363	0.00104546292323824	0.01283596144642506
Sgr-APal_038-Ex1-cssl	34.334297958706735	18.48067819234328	12.702147616105067	9.290047655791911	6.883509116920385	5.10568595601603	3.78747222184208	2.728117759388254	1.9676462754898483	1.4052300310441639	0.9882550105954395	0.6937512698210513	0.4824319928584737	0.34393859803334326	0.23294176350642204	0.16367401206606333	0.11474445147415038	0.0801526838095579	0.05850914323791999	0.03951841016825326	0.029012450299335638	0.021327730154736577	0.015243116122437594	0.0104849058411242	0.008147908756054348	0.005747749587604231	0.0042739676420646844	0.0032633743079804245	0.0024212131962435403	0.0019790786125816764	0.015348386261404702
Sgr-APal_039-Ex1-cssl	39.93247567094135	19.331819381148353	12.24191446286536	8.392508979219485	5.941422719358055	4.258751154043554	3.0035807147164433	2.1351613815503665	1.4714897000209983	1.029424307461643	0.6993840612058315	0.4788252023659951	0.3261497914865877	0.22764148162483347	0.15626659989715233	0.11157624767632614	0.07287121048507487	0.049777869995964896	0.034365683794809435	0.026834162382594305	0.02005080534907604	0.013417081191297153	0.008379441041404914	0.007332010911229299	0.004688496773167034	0.0030924127652803843	0.002942779889541011	0.0018953497593653971	0.0017457168836260235	0.0008479196291897829	0.013367203566050695
Sgr-APal_044-Ex1-cssl	39.58316943683186	18.29569910434379	11.74023419328256	8.239764147096976	6.025499960664839	4.476736395871928	3.263381408443014	2.4017438228531174	1.7468403448705694	1.2534445207199305	0.9021222666104839	0.6250518631395062	0.44112855628466296	0.3044433643739836	0.21449337211528688	0.14616873742038222	0.10184034666669539	0.06753433923576274	0.04817210048678608	0.03290502911699929	0.023134103440335747	0.016380669516759472	0.011746664324518307	0.007795187028808784	0.005711680818343764	0.003987399816579609	0.002873801669606925	0.002119428731335107	0.002047583689594934	0.000898063021752164	0.012932107513231162
Sgr-APal_045-Ex1-cssl	36.55770057570831	18.741493483531386	12.437544679086498	8.848239930192504	6.463553313439214	4.778468051114147	3.4812163396348335	2.570557976600243	1.847933377599019	1.3081909326576455	0.9212477835357089	0.6439830467511785	0.4422752562448961	0.3007649822810057	0.20711380097231868	0.1434818777809154	0.09454158303250476	0.06674832922476538	0.042135081573517925	0.030369058794497826	0.020383839463113198	0.012783624749097514	0.008331616130008828	0.0055332107122959395	0.005151609973516908	0.0030528059102322425	0.0023532045558040202	0.0015900030782459596	0.0010494020316423333	0.0009540018469475758	0.011257221793981394
Sgr-APal_047-Ex1-cssl	37.34303220415495	18.441062737458353	12.03840785952018	8.50799680934601	6.266848615331348	4.645553586399234	3.443471591557665	2.5470054167317593	1.862421841564648	1.3702017333403684	0.9753013998942656	0.7148278850467924	0.5109460606355305	0.3667941617791241	0.26164604225443916	0.19294973064631435	0.13477167960067857	0.09707837207674261	0.07007575561632007	0.051936066908552174	0.037969196325574994	0.02776131066492995	0.02082960452374868	0.015346314591172455	0.011035552065562214	0.00806974744794237	0.006173011936673864	0.005552262132985989	0.0042073042249955945	0.0032416934192589005	0.017484452803875134
Sgr-CJol_001-Ex1-cssl	45.3401444208233	8.55500114201381	5.121492699896341	3.5441959344308374	2.5150657975648754	1.878173480682397	1.461777676265439	1.1560693641618496	0.9961874308203174	0.8753975086529509	0.8077551522392254	0.7234218247623733	0.6737881476536008	0.6118558602877875	0.5762777377584904	0.5595867666953633	0.4998506597325931	0.4884305216367693	0.4607586485584272	0.4616371207196444	0.4660294815257304	0.4225451095454785	0.4106857353690462	0.41683504049756664	0.3900416395804417	0.40497566632113424	0.3983871251120052	0.37247219635609746	0.39048087566105033	0.36412671082453396	18.656552523850518
Sgr-CJol_002-Ex1-cssl	45.05560119991593	8.685060282400595	5.332269713586946	3.558190190496207	2.5359688174713875	1.8848997840915604	1.4559489462521735	1.2290540153237672	1.0174446376368536	0.9028029883256588	0.7566348854538855	0.7599786002254619	0.6357834801383342	0.6290960505951813	0.5655654699352275	0.5636547757800409	0.4986911745036972	0.4910483978829509	0.46907541509830525	0.4638210061715421	0.46286565909394883	0.4279954907617937	0.43468292030494676	0.4279954907617937	0.41987504060225084	0.4294285113781837	0.4107992433651146	0.3931253224296387	0.37879511626573936	0.35252307163192387	18.37132430211896
Sgr-CJol_003-Ex1-cssl	51.6520779118366	6.003530418008771	3.1664573893104766	2.19650233844698	1.6548076164825634	1.3236034527730767	1.1373769358155448	0.9657088436364518	0.8753252898036433	0.7297410420192535	0.6812129594244569	0.6466367005756644	0.5920426076565183	0.5010524527912746	0.49741284659666496	0.4834610228506609	0.4349329402558643	0.4185547123801205	0.396717075212462	0.39307746901785223	0.3942906710827222	0.34636918952036055	0.3809454483691531	0.3500087957149703	0.3457625884879256	0.3433361843581858	0.3572880081041898	0.3754860390772385	0.3415163812608809	0.3554682050068849	21.659296464122583
Sgr-CJol_004-Ex1-cssl	47.05709163711545	8.652072074429803	5.121628871645228	3.5644652647832404	2.6098847175514583	1.9830936522683555	1.4564059617120948	1.2817157587574095	1.0278588346135225	0.8799937190039387	0.7635335837008153	0.714463301971971	0.6804412399733057	0.616977008937334	0.596694625822745	0.5201449863257481	0.5286505018254145	0.5050967665955692	0.49593698067285175	0.476308867981314	0.4521008623284176	0.4704204341738527	0.4206958820219573	0.4154617186375473	0.4076104735609322	0.39125371298465084	0.38209392706193324	0.4004134989073683	0.39321652425380454	0.4023763101765222	16.33189830020544
Sgr-CJol_006-Ex1-cssl	44.18802275534853	8.712261293089202	5.202964804746205	3.5289674327843827	2.5544688451581936	1.8722804919309788	1.5182034919860572	1.1881250442596252	1.0272167187290995	0.8962082287494786	0.7825101698782762	0.7482827265502671	0.6853357043378366	0.6806146776719044	0.601144062128711	0.5653429432453911	0.6007506432398833	0.4992485699223391	0.4972814754782007	0.49570779992288994	0.4925604488122684	0.4732829232597115	0.47210266659322847	0.4662013832608131	0.4378752232652194	0.43472787215459785	0.4327607777104594	0.430793683266321	0.43394103437694254	0.4304002643774933	18.65041584376549
Sgr-CJol_007-Ex1-cssl	47.23585611812831	7.853400249138924	4.641662546575445	3.282722961383467	2.394716708051717	1.8359494761729829	1.4495355575381097	1.2147594096899021	1.0214143467560841	0.8733672699953321	0.7866381989078766	0.7018425784497593	0.6446676812679017	0.5916358925774831	0.5352896170939132	0.5242413277834093	0.5082213082831787	0.4659616016705013	0.46209470041182504	0.44524605921330657	0.42729258908373774	0.4007766947385284	0.4018815236695788	0.3980146224109024	0.36846044850530457	0.37481321485884433	0.3648697544793908	0.3286866069874906	0.3267531563581524	0.3502307711429732	18.788997008675672
Sgr-CJol_008-Ex1-cssl	45.79050915797219	8.16649326319406	5.023190688719699	3.4168587069610963	2.5436830897581753	1.896418164905082	1.4611268308651697	1.2387814435596005	1.0443102593273241	0.9195245827782802	0.8135377873716895	0.7522793643385225	0.6855109244187743	0.6462925689319319	0.5992953660757984	0.5788758917314093	0.5655870274755371	0.5215068923828878	0.514052163653984	0.4845573673787553	0.4771026386498514	0.4586278761477851	0.4589519947881723	0.42880896123216944	0.42848484259178227	0.4216783511436526	0.4194095206609428	0.4093618428089417	0.3931559107895854	0.4138995037743616	18.028127015612792
Sgr-CJol_009-Ex1-cssl	46.14083631276232	7.578423752526038	4.564277941862273	3.1820301570029534	2.3740090160111924	1.8517021607337167	1.4792476294108503	1.2069019120161666	1.0449246074926162	0.9662676822633297	0.8555883724545312	0.744909062645733	0.699518109746619	0.6516399813461837	0.6261464324576402	0.5966112233794497	0.5692522928649153	0.5406497745997202	0.5468677133530234	0.5257267215917922	0.4787812840043526	0.4666563034354112	0.4731851391263796	0.4716306544380538	0.4526659412404788	0.43867557904554644	0.4629255401834292	0.4591947769314472	0.43152494947924763	0.4309031556039173	18.688325819990673
Sgr-CJol_010-Ex1-cssl	51.77581746510954	7.107687927386615	4.038113190875219	2.732328959447054	2.0877820813022496	1.5963948573700721	1.283693896685959	1.0681904088675511	0.905212828102833	0.7996701176678497	0.7196540162683043	0.6445468781448046	0.6023297939708113	0.5414586493478442	0.5463676126238899	0.47813302308685424	0.4540791030342302	0.4791148157420634	0.412843811515446	0.435915938912861	0.3843718245143808	0.3730812089794756	0.3784810685831259	0.36473597141019787	0.38388092818677627	0.37062672734145274	0.34902728892685153	0.3455910146336195	0.3662086603930116	0.35246356322008354	17.62219636834897
Sgr-CJol_012-Ex1-cssl	45.34775044214704	8.749958061934136	5.303847278339348	3.6272832281286997	2.6571958531640476	1.962701482450717	1.5337349801812683	1.2126092187058153	1.0261645601775298	0.8732703543407097	0.7745361649915404	0.7524887246514347	0.6734055147358381	0.6235591278799469	0.5890500908258683	0.5334521977942974	0.520511308899018	0.5267421072560043	0.46922704549920674	0.47449925949357985	0.4668305845926735	0.43471800844512826	0.45580686442262064	0.4179427820993956	0.38678879031446356	0.38487162158923705	0.39062312776491676	0.39589534175928986	0.3858302059518503	0.40500189320411617	17.643703778260264
Sgr-CJol_017-Ex1-cssl	48.476643672123046	7.519447512958571	4.489343458142463	3.130528153509822	2.218213841530772	1.673219982850654	1.3688577145020122	1.0946226757614852	0.9277641733165445	0.8045515291500259	0.7222810175278677	0.6759314335153842	0.6303543425697754	0.5913434426926019	0.5171841082726283	0.4947818093332612	0.46774455199264586	0.4449560065198415	0.43877606198484365	0.4248711867810987	0.42680241944828545	0.4020826413082943	0.38817776610454924	0.37156916516674265	0.3514843454279998	0.35071185236112506	0.3796803423689272	0.363457987964558	0.35418807116206136	0.34260067515894044	19.157828058493177
Sgr-CJol_020-Ex1-cssl	43.93389064028119	6.7804198189507465	4.0550875799785215	2.7581097754339026	2.143064619713956	1.7254841348729004	1.3990411904374869	1.2050408120301555	1.0640707568413115	0.9329606109945984	0.8527489160761825	0.8021169491841592	0.7544163066911477	0.6899271699128864	0.6472897241090773	0.6392952030208631	0.5958583051082325	0.5995890816160657	0.56068241232009	0.548157662615221	0.5257730035682213	0.5390972053819115	0.5015229562673048	0.5273719077858641	0.5215092589878403	0.5068526369927809	0.4826025896918645	0.48979765867125724	0.48899820656243587	0.5087180252466976	22.220504880655124
Sgr-CJol_021-Ex1-cssl	48.279412914830935	7.902969316196981	4.543262337391486	3.0853254777236114	2.266743137203785	1.7564326494434161	1.3758179306029876	1.1431476315858078	0.9678302354075966	0.8655074428426184	0.7742641883260774	0.6569514325190959	0.6295784561641335	0.6119815427930864	0.578742928647775	0.5272556635991553	0.499882687244193	0.5168278630829792	0.47381318595375266	0.48228577387314575	0.4301467712922652	0.4418780468729633	0.42949503376000414	0.41711202064704506	0.3858286190985166	0.41711202064704506	0.3923459944211267	0.3936494694856487	0.3884355692275607	0.3793112437759065	17.986652415339293
Sgr-CJol_023-Ex1-cssl	44.53822972504467	8.004640371229698	4.785449502626877	3.3738699095927673	2.3639224471291036	1.88788436408246	1.486785609515428	1.2163639757847293	1.044883590687255	0.9123396538389738	0.8400672053764302	0.7659279409019388	0.719524228604955	0.6869882923967251	0.6429847721151025	0.626183428007574	0.5749793316798677	0.5848467877430195	0.5443102114835854	0.5379096994426221	0.49470624316611994	0.4845720991012614	0.479771715070539	0.47070432301250764	0.4693708830039736	0.4789716510654186	0.4925727391524655	0.4480358428674294	0.4536362909032723	0.44830253086913624	19.141264634504093
Sgr-CJol_024-Ex1-cssl	46.33410069258672	7.560533846433253	4.491751297066201	3.145354858660279	2.3693239548616054	1.8274276121710704	1.4637091430282385	1.250681051789387	1.0695580894227135	0.9816962729900995	0.8565299981838619	0.8108811214898223	0.7259643938761786	0.6606815917223371	0.6179778038472676	0.6086516892538618	0.5909811563400399	0.5438597352365152	0.5384604057350697	0.49919255481546565	0.5134271507738221	0.5055735805899013	0.4849579588571092	0.4952657697235053	0.4550162225309112	0.4515802855754458	0.47465014799071314	0.4594338557593666	0.46630572967029726	0.43341890452512893	18.313053124493813
Sgr-CJol_025-Ex1-cssl	44.87680744964164	6.331435771863661	3.693989168707215	2.566399756921482	1.9955673917317556	1.580233784339309	1.3179413394341275	1.1050242184846915	0.9709735652111745	0.8762444368978892	0.8179324027239093	0.7426406191352839	0.6677956710575703	0.6870095980267744	0.6208779424118394	0.5578741353732865	0.5672576811024326	0.5527355269978016	0.5328513467622299	0.5310640047185831	0.5134140020375699	0.5044772918193355	0.5042538740638796	0.49688108813383614	0.4986684301774831	0.5002323544656742	0.5064880516184382	0.4919658975138072	0.5076051403957176	0.5163184328584962	23.367039625373106
Sgr-CJol_028-Ex1-cssl	51.23387013100484	6.117199914811356	3.3092511590570273	2.279342299984164	1.770940843039924	1.4148959988641514	1.18281155289068	1.0386461558624531	0.8917503535874794	0.7934557647045974	0.6995298242165102	0.6897003653282221	0.5968665869388334	0.5815763175570519	0.5471732114480431	0.49147294441441	0.46362281089759344	0.4385030826275236	0.4718140266378336	0.4324961910846808	0.4232128132457419	0.4193902459002965	0.40355389546916554	0.4155676785548511	0.39754700392632275	0.3762498430016983	0.426489299541838	0.3636899788666634	0.38880970713673324	0.37188119460690355	20.568688804792405
Sgr-CJol_032-Ex1-cssl	44.34228222636044	8.173408510931788	5.05207255672805	3.5071384233395406	2.5721601489757915	2.0337609490309676	1.558297123939582	1.2910373129181323	1.0996448030898682	0.9724808607490173	0.8677322573970618	0.7789330298641286	0.7194461687012897	0.6629767570177253	0.6483205738326782	0.606938409545486	0.5681426305262431	0.5457272915373474	0.5121042830540037	0.505207255672805	0.4750327608800607	0.5185702462238775	0.4638250913856128	0.47460169666873575	0.47417063245741087	0.4474446513552659	0.4474446513552659	0.4228739913097455	0.43580591764949306	0.430633147113594	18.391785640388992
Sgr-CJol_034-Ex1-cssl	44.68819525809297	7.569937204618158	4.511788944326693	3.197166967259515	2.349890075170153	1.8859677992654125	1.4989270810020932	1.2630165479654032	1.127420650070431	0.9654954516133278	0.9025684232698358	0.8246336936059294	0.7822435197008991	0.7027290320032649	0.6574426350364003	0.6442779847553349	0.6053106199233818	0.599518173799713	0.542646884585511	0.5508089677597715	0.5236897881807769	0.5265860112426113	0.5192138070852148	0.500520003686102	0.5178973420571082	0.5049959847816643	0.4897249904556285	0.4881452324219007	0.49894024565237427	0.46128934584852754	19.09901133476389
Sgr-CJol_035-Ex1-cssl	45.467298933615204	8.25276455167554	4.799216454456415	3.342675109822442	2.380375157985926	1.743582781392733	1.4280957968470696	1.172085866764933	0.9878362958724863	0.8937720412589741	0.7906569305314468	0.751221057463239	0.6655611692413119	0.6561870682660822	0.6041446456104964	0.595740279218911	0.5233334303067917	0.540788652812392	0.5010295348829692	0.490685699324095	0.49812033113203585	0.4809883534876504	0.46127041695354654	0.4625633963984057	0.4386432766685091	0.4357340729175758	0.42603672708113116	0.41439991207739774	0.41924858499562	0.4234507681914127	18.952492702747257
Sgr-CJol_036-Ex1-cssl	52.05516393054833	6.014098500260207	3.207172257179354	2.2349434640677486	1.732980082320102	1.3757865354591474	1.1354496853858163	0.998722619103941	0.8629417608932204	0.7721057860623551	0.6789042910536027	0.6514642569901121	0.590906940436202	0.5213606472063207	0.49392061314283014	0.5000709656053366	0.4451908974783555	0.44708331362066517	0.4380943369446942	0.41018119884562615	0.39551497374272604	0.3907839333869518	0.3912570374225292	0.37706391635520653	0.3666556275725032	0.36523631546577096	0.3803756446042485	0.3704404598571226	0.36523631546577096	0.39173014145810664	20.6391635520651
Sgr-CJol_037-Ex1-cssl	47.764912598375034	6.887844920377841	4.086901995499981	2.933730354334537	2.1896512988689594	1.7225480432296854	1.40902216812364	1.1749675576166667	1.0130071322945065	0.9046981936215089	0.7782818782044189	0.7420671247162339	0.6964633610644455	0.6300696463361064	0.6102856606342276	0.5345029357422851	0.5603227136921948	0.533161648576056	0.5083478360008182	0.4939289989638556	0.48185741446779407	0.4617381069743579	0.4677738992223888	0.430553180359532	0.416804986905684	0.458049567267228	0.4399421905231355	0.38997924358110264	0.4285412496101884	0.4030567934518361	19.446987301363755
Sgr-CJol_041-Ex1-cssl	47.8894911038957	8.008063959001928	4.635206340633184	3.1451952244280177	2.2756818881219893	1.7336883819955156	1.408680688576686	1.134543764562543	0.9765931657319424	0.8519283789809518	0.7530129940273949	0.6801610279663626	0.6644601732118296	0.5941203439115225	0.5463897454577428	0.5247225658964875	0.5131039333781331	0.4779340187279796	0.4974030786236002	0.4616051297832654	0.43930991603182873	0.4449622237434606	0.4367977792711035	0.39566153981422747	0.41575863390002954	0.4050820526669472	0.4094782919982164	0.3802747021547853	0.41199042875894165	0.3959755569093181	18.092722967838366
Sgr-CJol_042-Ex1-cssl	50.60731313790541	5.768568372582078	2.9649571255053386	2.120610576312975	1.622976378238248	1.350591903700078	1.0795670854408006	0.9327242073203894	0.8366418302786388	0.7328547343231631	0.6653251391381592	0.6045938253476187	0.5379706676818766	0.5257337611718425	0.5066985732673447	0.4450608219575425	0.4446076031979116	0.43055782164935374	0.4364496655245554	0.38840847700368014	0.3584960388680408	0.38840847700368014	0.3797973205706931	0.3720926016569678	0.3616685701854571	0.35487028879099364	0.362121788945088	0.3408205072424358	0.35305741375247	0.35124453871394645	23.37521074672323
Sgr-CJol_044-Ex1-cssl	52.97793185664271	6.513562213528642	3.519529724507903	2.4849784525579452	1.8443788239001897	1.464129846461629	1.1955575957302493	1.0557904040231028	0.8893030139013545	0.787903286584405	0.7337777564625197	0.6399144953650733	0.600861897682194	0.5597539001212686	0.5439958343895805	0.5138499695115685	0.49946217036524454	0.4645203724384579	0.4480771734140877	0.4467069068287235	0.42135697499948616	0.38778544365806367	0.41930157512143984	0.43848530731653845	0.39600704317024876	0.41930157512143984	0.3898408435361099	0.3720273779263756	0.39532190987756666	0.3624355118288263	17.814150743027053
Sgr-CJol_046-Ex1-cssl	57.63984108568013	6.876911718173188	3.649404071300496	2.5085258235769783	1.7069226171641527	1.3113947192630875	1.0793516858277958	0.912351017825124	0.7945715993390289	0.6978870020743241	0.6170235207256619	0.501002004008016	0.451780754491439	0.4781492810181767	0.4148648173540063	0.4500228527229898	0.4166227191224554	0.35861196076363255	0.38146468375347187	0.3392750413106916	0.3515803536898358	0.32345392539464896	0.3216960236261998	0.29884330063636044	0.3498224519213866	0.30763280947860633	0.2689589705727244	0.32345392539464896	0.3392750413106916	0.304117005941708	15.225187216538341
Sgr-CJol_048-Ex1-cssl	50.18704973290278	6.368403570008876	3.6342646794561126	2.4999863864823215	1.9412876209561045	1.4838734269580323	1.221949346823422	1.0825469257954379	0.9104720623390201	0.8571070730392449	0.7100810821112932	0.6447361972544258	0.5701341203761687	0.5608769283547792	0.5532533584548113	0.4906311771336466	0.4710277116765864	0.43998889136957436	0.42092996661965465	0.4078609896482812	0.39152476843406425	0.3822675764126747	0.3664758959055984	0.38499027994837753	0.3697431401484418	0.3599414074199117	0.3539514596413655	0.33870431984142974	0.35885232600563055	0.3523178375199438	20.884769740961985
Sgr-CJol_049-Ex1-cssl	55.37648431601345	5.7423296039536	2.784679799574439	1.9019836639439907	1.4578900404969457	1.1881391996705333	0.9643764156771227	0.8380808566133571	0.6898208524950237	0.6136316837119912	0.599217516644931	0.5024366806232411	0.4399752899993136	0.4152652893129247	0.4152652893129247	0.3857505662708491	0.33976250943784747	0.3171116754753243	0.3136797309355481	0.3116205642116823	0.32809389800260824	0.30612945294804034	0.2875969524332487	0.2821058411696067	0.29926556386848785	0.2807330633536962	0.2779875077218752	0.2869105635252934	0.27386917427414376	0.29171528588098017	21.488091152446977
Sgr-CJol_051-Ex1-cssl	55.96634546058695	5.623091728682219	2.8526109226785703	1.9203400562998816	1.540409898246428	1.2206666959242145	0.994965611932064	0.8796072801138536	0.7510830517294346	0.6344708250001567	0.5868228183795916	0.5510868134141678	0.4965423847827314	0.44826743070663244	0.4194278477520799	0.40751584609693864	0.3949768969862636	0.35234447000996844	0.3410594158103609	0.3241318345109496	0.33667078362162467	0.33541688871055714	0.29153056682319456	0.3134737277668759	0.3159815175890109	0.2959191990119308	0.2858880397233908	0.2965461464674646	0.2978000413785321	0.28651498717892454	20.23849081208504
Sgr-CJol_053-Ex1-cssl	49.13636482826565	7.411042393230269	4.510906414237712	3.2031855794840287	2.396676568534536	1.7954471386348907	1.4822833982011814	1.1676212666649186	1.0110393964480637	0.8870475327117507	0.7866553288406573	0.6791457672324341	0.6679078339632819	0.5727599989511262	0.5308050480796245	0.5139481481758962	0.49184687941323	0.4637520462403494	0.424793877573955	0.44352376635587537	0.3985720332792664	0.40194341326001204	0.37871835117043073	0.38059134004862283	0.37497237341404666	0.36148685349106396	0.36410903792053284	0.3584900712859567	0.34238236693350516	0.3311444336643529	17.73083651429278
Sgr-CJol_054-Ex1-cssl	52.39197368143571	6.167886290305574	3.4184609544697273	2.299183871443936	1.781458908876189	1.4182078913515679	1.1957232333031063	1.0254328433750186	0.8783399059448743	0.7676247917501423	0.6748349817583669	0.63634829920496	0.596279972163057	0.5367046964297012	0.49189143592230966	0.47607499103734785	0.46553069444737344	0.4486598199034142	0.4059554187140176	0.38644847002256477	0.3579788692296337	0.3690503806491069	0.37643138826208905	0.34690735781016047	0.35270672093464644	0.30842067525675365	0.34005356502667705	0.34374406883316816	0.3221282608237204	0.33530863156118856	20.084248929753894
Sgr-CJol_056-Ex1-cssl	46.98104391645524	7.756666943227818	4.65670755404951	3.1663340654925918	2.373331353737724	1.7715925118884905	1.3956149046082367	1.1654869150185805	1.0178905953197122	0.9043549647821207	0.7912560097465972	0.6781570547110737	0.6620000611345703	0.5951887093182185	0.589511927791339	0.5371108675432199	0.5170237944481076	0.515277092439837	0.45457919765243254	0.4541425221503649	0.4694261647227329	0.4379855285738614	0.43754885307179375	0.4362388265655909	0.45894595267310906	0.39693803137950157	0.4013047864001782	0.3916979253546897	0.36724409723890084	0.37685095828438925	18.842547914219466
Sgr-CJol_057-Ex1-cssl	49.92095429721184	7.413049726933027	4.244035642425985	3.018467950560506	2.201422822650187	1.7311008910606496	1.3200632365622305	1.1224489795918366	0.9542972118424834	0.8414774360448405	0.7498562805403851	0.6550014371945961	0.6144006898534062	0.5630209830411037	0.564098878988215	0.48613107214716866	0.5152342627191722	0.45271629778672035	0.4728370221327968	0.4494826099453866	0.4185829261281977	0.4117562517964932	0.397025007185973	0.3797786720321932	0.40277378557056626	0.370077608508192	0.3754670882437482	0.3510347801092268	0.3639695314745616	0.3488789882150043	17.890557631503306
Sgr-CJol_058-Ex1-cssl	51.34666602101593	6.525107742966442	3.532516585153261	2.467677110067309	1.845915452036221	1.4962955789065904	1.176698464965377	1.1098736138685779	0.9098832986296064	0.8144884024986683	0.7094087453392087	0.6459735606023922	0.6367730376252966	0.5699481865284974	0.5622003777056801	0.5539683308314367	0.49489128855745484	0.48714347973463756	0.4580891966490727	0.4808483850660985	0.454215292237664	0.4237082949978209	0.44985714977482927	0.4387196745920295	0.41983439058641225	0.4353300082320469	0.43968815069488165	0.4159604861750037	0.4149920100721515	0.39998063047794297	18.883347053411455
Sgr-CJol_059-Ex1-cssl	44.74380082821933	8.287182557501373	4.874163405820344	3.4151574115651346	2.401265849851391	1.8552968261095786	1.4600751241972616	1.245536382491928	1.0299285108445415	0.9223027633445235	0.7997091966557615	0.7672789217468158	0.7045566318130305	0.6592967975994469	0.6211644963328843	0.5994255208444701	0.5680643758775775	0.5498891668626738	0.5313575812004191	0.5138951254802175	0.5021346961176328	0.4950071631706117	0.47576282421365496	0.476475577508357	0.47897021403981443	0.4661406547351765	0.46435877149842125	0.44190704271530495	0.4465399391308686	0.45972587508285756	18.743629767428597
Sgr-CJol_061-Ex1-cssl	48.5765097353791	6.203533374438833	3.493118225873025	2.4184302115234684	1.8650346763961008	1.521073363126328	1.2637393435689426	1.0986379131994517	0.9931564437967215	0.8234688625836336	0.7607914677211417	0.6746737463247097	0.6812981864321275	0.6119963514622178	0.5890655972442329	0.554414679759278	0.5630774091305167	0.5396370825965767	0.5243499131179201	0.48307455552554746	0.5111010329030844	0.4998904419520696	0.4647299521511595	0.48307455552554746	0.4682969583628461	0.4744118261543087	0.4270216007704734	0.42141630529496593	0.437722619405533	0.42905989003429423	21.14419367824585
Sgr-CJol_064-Ex1-cssl	49.574524052214514	7.868674579949364	4.798605859336468	3.3876960510308094	2.498602571268865	1.843948311577286	1.4723966724755861	1.1883076316049057	0.9857626672804394	0.8489790550093711	0.7355407227172591	0.664189655739322	0.6046756321309966	0.551080130207477	0.5112945122151711	0.48137309703087494	0.43731299115509814	0.43270969651136026	0.39818498668332625	0.40969322329267094	0.3942393055601223	0.37286686614276787	0.34261664419820476	0.34031499687633576	0.34031499687633576	0.31894255745898137	0.3281491467464571	0.3176273304179134	0.32420346562325325	0.3018446059250978	16.925327984743365
Sgr-CJol_066-Ex1-cssl	51.78783212659306	7.2397863905907025	4.238115519444354	2.9715296661533923	2.212757592635062	1.6623529797202112	1.3904268911968025	1.1525734691871703	0.9501032008649215	0.8321593552403106	0.7246994070045539	0.6336205484388822	0.5746486256265767	0.581856305081414	0.49339842086295577	0.492087933689349	0.44491039543950467	0.42001113914097565	0.3938013956688399	0.3911804213216263	0.4049405366444976	0.3387609343773548	0.355797267634243	0.36234970350227697	0.31975887036005635	0.319103626773253	0.34400288307178195	0.312551190905219	0.3217246011204665	0.3027225371031681	17.03043606460702
Sgr-CJol_068-Ex1-cssl	48.287875232404915	7.925684579144028	4.731583602592105	3.2599866423581654	2.3651148937706457	1.7870358670734128	1.4210545316702468	1.1308868391126194	0.97700319500352	0.8790772396613658	0.7500135381505082	0.7044350981064641	0.6254625534756945	0.5866531886857164	0.5406234769580678	0.5167060777270348	0.5009115688008808	0.4684200075813643	0.42961064279138617	0.4602971172764851	0.4327695445766169	0.4183288507012762	0.3889961912669904	0.4056932435603531	0.3935089081030343	0.36598133540316613	0.3750067690752541	0.3741042257080453	0.3732016823408365	0.37771439917688043	17.74625895774292
Sgr-CJol_070-Ex1-cssl	45.78291464770304	7.144870724273838	4.290220149035418	3.0525134435053642	2.2754229850698637	1.7836912062720403	1.4757272258242957	1.2214840778898883	1.0579280779111637	0.9459653527224761	0.8337366828183757	0.8007595381072183	0.7528894893329575	0.682414139748629	0.6459797137371083	0.6239063023578658	0.5648665755362775	0.5659303543979277	0.5364104909871336	0.5340169885484205	0.5457185560265732	0.5140711348924786	0.5044971251376265	0.4861469397741598	0.4765729300193076	0.45662707636336564	0.4624778601024419	0.4701902568494062	0.4614140812407917	0.4555632975017153	19.595072576312837
Sgr-CJol_072-Ex1-cssl	45.49824216401282	6.9980971513861085	4.068134713193319	2.900606223517511	2.2003013433120886	1.6683525858227168	1.3967191777430377	1.1219025656624246	0.9878543082897706	0.8849307122595798	0.7965083789003091	0.7176356575438397	0.6843888602007541	0.6048087601774106	0.5850021575049339	0.5676713801665169	0.5613049721646495	0.5167401161515771	0.5259360388209413	0.49021341614379593	0.44600224946416067	0.45944244413476976	0.43291574412698863	0.4495391427985315	0.4304399187929291	0.4378673947951077	0.43716001612823363	0.4336231227938627	0.40957224812014115	0.42902516145918074	21.859061874411992
Sgr-CJol_073-Ex1-cssl	59.2942958551762	6.005613555697463	3.023597724876368	2.155575686472519	1.5719441020538485	1.2667627010410325	1.0016781264386594	0.8583690987124464	0.8138170693675096	0.641549222567088	0.5873442535307484	0.5190311418685121	0.5049229992426155	0.47596418016840664	0.458143368430432	0.4091361361510017	0.4210166773096514	0.3772071817871304	0.35938637004915575	0.3356252877318562	0.3423080921335967	0.3356252877318562	0.32745741568528447	0.31409180688180344	0.27993525105068534	0.31112167159214105	0.3103791377697254	0.2814203186955166	0.29255832603175075	0.2606293716678795	15.863492582087114
Sgr-CJol_075-Ex1-cssl	50.85182797679344	6.507894904616518	3.543321031119171	2.533169933483038	1.8467488860711072	1.5081428379153767	1.2425000177095213	1.0661131850928334	0.9301040611474354	0.7877195095170968	0.7515920859691004	0.6063740109232327	0.5964566789688809	0.544036495781592	0.5178264041879476	0.49515821686371464	0.48099059978606895	0.4646978401467765	0.4243201314754865	0.43140394001430926	0.3782753759731382	0.41440279952113457	0.4009435632973712	0.4094441335439586	0.3889010887813724	0.35844071206443434	0.3740250908498445	0.37898375682702046	0.33435576303243675	0.34356471413290646	20.08826425439373
Sgr-CJol_076-Ex1-cssl	45.64372975644424	5.986578497004056	3.218546670968954	2.253391114687274	1.7771442341860302	1.4512051169990727	1.1505895903705006	1.0513374531819908	0.9753666815068353	0.8238335831655305	0.7552148216524868	0.73438412619317	0.6714835948062133	0.6547373494369586	0.6020479432751571	0.5820341378338528	0.5317954017260886	0.5489500921043495	0.5309785117080762	0.49503535091552947	0.5411896369332315	0.5015704710596288	0.5158660463748463	0.4770637705192562	0.4901340108074549	0.48237355563633694	0.5011620260506227	0.4905424558164611	0.4954437959245357	0.49748602096956673	24.56878418174169
Sgr-CJol_078-Ex1-cssl	49.588341005295746	8.104219280805765	4.812738442800595	3.2908837981288768	2.410249980596204	1.8144041840554532	1.5021523287540375	1.1749744765452885	0.9678016394715003	0.7952571152227257	0.7558524833873654	0.6859988178610449	0.590472437654111	0.537335888664004	0.5116631739833903	0.5140513334885637	0.48957269856053687	0.426286471673443	0.4095693551372296	0.4030019164980029	0.39762855761136284	0.39165815884842947	0.3827025607040294	0.32478969270357566	0.323595612950989	0.3026992172807222	0.31344593505400226	0.3224015331984023	0.29851993814666883	0.31344593505400226	16.844286029863934
Sgr-CJol_079-Ex1-cssl	54.179949718788066	5.550371925459399	2.713630355337843	1.8375968690874218	1.4151310162506803	1.1857553844957625	0.9946090246999973	0.7801363294715289	0.727652074747946	0.634346733017132	0.5552963740507477	0.5546484202887282	0.5086437031853407	0.42376176036078067	0.3984915636420185	0.39460384106990126	0.3712775056371977	0.3570225228727678	0.34082367882227926	0.31360962081745847	0.3162014358655366	0.2909312391467745	0.3097218982453412	0.28704351657465726	0.267604903714071	0.27214058004820774	0.27797216390638363	0.28574760905061813	0.26890081123811005	0.2546458284736801	22.93173159163362
Sgr-CJol_080-Ex1-cssl	56.62150566506921	5.573424083402894	2.802472666989662	1.8766818630226545	1.485001138267382	1.1826306234786619	0.9380490680800639	0.9088627249537397	0.7319934856082142	0.6619462621050358	0.5942339460519633	0.5387798941119472	0.49908646746014607	0.4459673229702358	0.40685762318096114	0.39168072475527255	0.3747526457420044	0.3747526457420044	0.34323139516557416	0.31171014458914387	0.3093752371390379	0.29828442675103467	0.3093752371390379	0.30645660282640547	0.29361461185082277	0.2959495193009287	0.2860261626379784	0.3093752371390379	0.281940074600293	0.2755190791125017	19.97046342075616
Sgr-CJol_081-Ex1-cssl	47.105504398867104	6.991667464802222	3.9774515303679174	2.8561850944764458	2.148808953712699	1.7075540109732237	1.3566024053525252	1.1458946187420471	1.0371201444853393	0.8948239769042373	0.7983635940728173	0.7764718759834169	0.6923255845772847	0.5992857826973333	0.6040745960293896	0.5732893674661704	0.5082983293882632	0.5076142131979695	0.5000889351047382	0.4781972170153379	0.4939318893920943	0.4515166855938813	0.4768289846347504	0.4200473408403683	0.41115383036654946	0.4173108760791933	0.4173108760791933	0.4193632246500746	0.42141557322095585	0.4091014817956682	20.40239714313079
Sgr-CJol_082-Ex1-cssl	53.96218428107803	6.291801890785946	3.28770989135036	2.288697615352053	1.6748977000141103	1.4124453224213347	1.113306053337096	0.9115281501340482	0.8409764357273882	0.7168054183716664	0.7168054183716664	0.650486806829406	0.5404261323550162	0.5234937208974177	0.482573726541555	0.46281924650769013	0.46564131508395656	0.39085649781289683	0.3950896006772965	0.40637787498236205	0.3654578806264992	0.3584027091858332	0.36969098349089885	0.349936503457034	0.3372371948638352	0.3372371948638352	0.32594892055876956	0.31466064625370394	0.3344151262875688	0.31183857767743756	19.06025116410329
Sgr-CJol_084-Ex1-cssl	48.449658646516866	8.197123351229536	4.754424338834759	3.1331609995360243	2.294027971100948	1.7133956386292832	1.2818983230595877	1.0731092993968316	0.9431961291177835	0.7980380459998675	0.6999403459932392	0.6508914959899251	0.5706899980115332	0.5474912176045602	0.5276065486842977	0.46861536422085237	0.48319745476237824	0.4692781865181944	0.4261947371909591	0.39636773381056545	0.3897395108371446	0.40299595678398625	0.42022933651488037	0.3811228209716975	0.3698548419168821	0.3910651554318288	0.35328428448333	0.361238152051435	0.34930735069927754	0.33870219394180423	18.36415457015974
Sgr-CJol_085-Ex1-cssl	49.43756429268032	6.86612427023633	3.9263623368468865	2.6992906095948057	2.079408974924185	1.620509532016085	1.3132406182784926	1.1034961858576142	0.9371701868996567	0.8476614163760973	0.7628284771485445	0.6966988631050192	0.6138698515757551	0.6312372249609235	0.5343807195436389	0.5056577558681683	0.4996459727733023	0.5083296594658865	0.4709230090978318	0.4642432501035363	0.4455399249195089	0.4088012504508838	0.42082481664061555	0.4001175637582996	0.4134770817468905	0.4221607684394747	0.3934378047640041	0.37005864828396995	0.37473447957997674	0.3880939975685677	19.44411045649473
Sgr-CJol_086-Ex1-cssl	46.85680029973773	8.096515548894716	4.674409891345073	3.3046084675908585	2.3475458973398275	1.7618583739228175	1.4078681153990258	1.1521918321468716	1.0056200824278756	0.8704383664293743	0.7649306856500562	0.7277632071937056	0.6414387411015361	0.5871862120644437	0.5739977519670288	0.5473210940427126	0.535031847133758	0.4954664668415137	0.47748220307231176	0.4867740726863994	0.4609966279505433	0.4343199700262271	0.42412888722367925	0.4238291494941926	0.4181341326339453	0.4157362307980517	0.4181341326339453	0.39145747470962905	0.40194829524166353	0.396553016110903	18.499512926189585
Sgr-CJol_087-Ex1-cssl	45.00731621171603	7.870814201860169	4.760583278671982	3.2906133844627212	2.481625376322384	1.8811914492826747	1.5031871772877878	1.2332441932825404	1.097011285466808	0.938493364952823	0.8443076509073784	0.756429015927477	0.7139613502194864	0.6714936845114957	0.6466858401870259	0.6096843096691726	0.6037977025413324	0.5146576517483223	0.5197033150007568	0.5108734043089964	0.48606555998452666	0.4801789528566864	0.46630337891249135	0.5062482129942648	0.45116638915518775	0.44948450140437624	0.43644987133558705	0.4402341187749129	0.4246766570799065	0.44065459071261587	18.96286391846208
Sgr-CJol_088-Ex1-cssl	45.6434415024501	7.675390499424653	4.566717641650868	3.287435818088408	2.3779980351096466	1.7867282772959021	1.5061154958944607	1.2044717779854166	1.0443362185775276	0.912442202479848	0.793767632186947	0.7219620061109893	0.6835054364970872	0.6210135108744964	0.6080945070198263	0.5858618027117891	0.5068455698332247	0.5185628058874604	0.4834110977247531	0.4936261240284458	0.4683890002193226	0.45997662561628155	0.43534038570737554	0.42001784625183647	0.4206187301520537	0.44435364421063384	0.4052961906965146	0.42031828820194506	0.40109000339499407	0.3884714414904324	19.714399882226754
Sgr-CJol_089-Ex1-cssl	46.234169623353836	8.466015985050317	5.076242545149981	3.383460228874944	2.4326906484509485	1.8682895827809274	1.466348480830987	1.1915133608589334	1.0429424613947147	0.877115451794425	0.7845216900886796	0.7449589009962246	0.6936114513230386	0.6128023501980243	0.5829198180111701	0.5648219464050472	0.571135157430439	0.5084239279115477	0.5029524783562082	0.4684402580840667	0.4486588635378393	0.4309818726667424	0.4196180928210373	0.44024124883731697	0.4314027534017686	0.41288400106061945	0.4015202212149144	0.3973114138646532	0.4069916707702539	0.4208807350261156	17.716132779454284
Sgr-CJol_090-Ex1-cssl	46.526499672458435	8.418858075719292	5.075854467562987	3.475060049287207	2.4768381320772375	1.8056378742032424	1.4281852117582223	1.1921473209179483	1.037734868099531	0.912437221199738	0.8193738237098501	0.7008349710411662	0.6540433186719489	0.6150502750309345	0.572417880650092	0.5443428892285617	0.5079493818302815	0.5126285470672032	0.4772748541660167	0.4793544831602042	0.43984153227064293	0.43984153227064293	0.4206049640744091	0.4008484886296285	0.40656746836364394	0.39097025090723814	0.38421145667612894	0.3925299726528787	0.380572105936301	0.37693275519647296	17.734556155181917
Sgr-CJol_091-Ex1-cssl	44.83012878242075	7.441575108069164	4.525396253602305	3.178753152017291	2.3040683537463975	1.8473072766570606	1.47975954610951	1.25686689481268	1.0837873739193082	0.9540480907780979	0.8333145713256483	0.7930700648414986	0.7153953530259366	0.6850009005763689	0.6326548991354467	0.6391277917867435	0.5994461455331412	0.5828417687319885	0.555824477665706	0.5400643912103746	0.535842939481268	0.5026341858789626	0.5327472082132565	0.48687409942363113	0.45844965778097985	0.4747726044668588	0.5034784762247838	0.46576684077809805	0.47758690561959655	0.4756168948126801	19.607798991354468
Sgr-CJol_092-Ex1-cssl	47.520120324239116	7.67211644841026	4.71354298482208	3.28505419652477	2.4773488173660274	1.8569269594267246	1.476213546600334	1.2043270447528074	1.0253592011164703	0.8959238717794826	0.7943279847859256	0.7259948081247786	0.6431995834930184	0.6027058491753017	0.5614890124590544	0.5264185461303176	0.5166566637501537	0.49424048939570336	0.4537467550779866	0.4454310774948841	0.44109246310370015	0.43494609271618956	0.3966216655940648	0.3890290904094929	0.37312083764181847	0.38469047601830897	0.36878222325063453	0.3828827200219823	0.3669744672543079	0.3723977352432878	18.198318063821016
Sgr-CJol_093-Ex1-cssl	47.84112512520697	7.91389848525113	4.742124736809829	3.2482266603978003	2.3639076841309103	1.8103395408736893	1.4113125779349538	1.1889041067887733	1.0098325803879882	0.8736891596312271	0.7800650054171181	0.7191479793127415	0.6692696089453996	0.6018111572190764	0.5887283059751834	0.5212698542488603	0.5159549459310289	0.5020544164843926	0.4877450479363847	0.45749095443488214	0.47588871399660665	0.42846337823749464	0.4174247225004599	0.40761258406754025	0.3896236636071874	0.4035241930538237	0.39452973282364723	0.3704082258427196	0.3769496514646661	0.3667286739303747	17.72194852715714
Sgr-CJol_094-Ex1-cssl	50.356295485592405	6.479624851210685	3.6608162841416556	2.5987202121795536	1.9676138587759733	1.5937432595444851	1.265408182014268	1.1204134944917996	0.9374725388849389	0.8683703875312557	0.772905565718942	0.7085966271759189	0.641092213425789	0.6335029598089106	0.5951572573236298	0.5480239980188053	0.517267549150403	0.49130431309266076	0.48810883788555404	0.48291619067400554	0.4501625698011616	0.4661399458366952	0.44496992258961315	0.4501625698011616	0.4493637009993849	0.43658180017095793	0.4521597418056033	0.394641188077682	0.392244581672352	0.4202049897345359	18.916014922869216
Sgr-CJol_096-Ex1-cssl	51.07373260698878	6.074096858532794	3.2871678228280494	2.3506366307541624	1.7386940367975006	1.4197715738095045	1.2109340219036595	1.0377121765243926	0.9021296573607143	0.7803077520823046	0.7086716150913462	0.6536291595502708	0.6196323487749006	0.5512340032863583	0.5338308739608713	0.5180466403865923	0.4832403817356182	0.46826559603694323	0.4484341230846439	0.4387207485773954	0.44317271189321766	0.41443731230927383	0.42576958256773056	0.39298694360576647	0.39096332391675637	0.3917727717923604	0.4018908702374111	0.4217223431897103	0.4071522814288374	0.39784363085939084	20.61339960013275
Sgr-CMas_001-Ex1-cssl	50.48585312117155	6.711374144522317	3.7908609927728905	2.64057090048564	2.0105588765968565	1.5737524328145693	1.3023276942667201	1.0825758661955536	0.9173361195063817	0.8147000912793446	0.735629181566399	0.6819688514559978	0.6046014442862395	0.5622977977970873	0.52695012002595	0.48748564444211	0.48038771717882944	0.4583841426626597	0.44149107577605184	0.42019729398621014	0.401600724556415	0.40358814419013356	0.3945027972931344	0.3845656991245417	0.38442374057927603	0.37619014495387054	0.364691502787356	0.3510634824418573	0.3756223107728081	0.3565998657072162	19.477848078804026
Sgr-CMas_002-Ex1-cssl	53.8926030601306	7.172790176396063	3.99688139557548	2.759185264594094	1.9413312542637169	1.5472176201149985	1.1944254945911705	1.0377156222590391	0.8576162167430075	0.7352109930805965	0.6743982068024559	0.6065685605691453	0.5823993762791151	0.5114511256212845	0.4779261280576942	0.46116362927589905	0.454536594873794	0.3984017152324335	0.3913848552772634	0.3859272975343534	0.3769613098138583	0.35708020660754314	0.36721567098723323	0.343046486697203	0.3329110223175129	0.3251145112562128	0.32394503459701784	0.3227755579378228	0.33914823116655296	0.31614852353571776	16.51651885781113
Sgr-CMas_003-Ex1-cssl	51.09310795171	7.138913368938534	4.039562119748145	2.7431222858113635	2.0423439971968866	1.5141058175215807	1.2364489652902388	1.0851445620666589	0.8653550079103003	0.8037714613350889	0.7034327518289252	0.6243297480383517	0.5898217262505177	0.5388560325331012	0.5250528238179676	0.5107187224599441	0.4570985655280789	0.4491351758847326	0.3992312674530957	0.38648984402374154	0.38595895138085173	0.38383538080929275	0.3721557426657181	0.3668468162368206	0.333400579734766	0.36419235302237185	0.3578216413076948	0.3408330767352226	0.333400579734766	0.33446236502054555	18.681050318004694
Sgr-CMas_004-Ex1-cssl	51.7825960419092	6.424621653084984	3.4851571594877764	2.4034730306558014	1.7888325295193748	1.4479045401629802	1.220619213925384	1.0054603913742446	0.8162869338655137	0.7611979599756084	0.6742336049670159	0.6246881756194911	0.5647486002550031	0.5200537723820611	0.4777842452464105	0.4521453517379012	0.45561006707688895	0.43378236044126617	0.4022534508564777	0.39740284938189474	0.37800044348356343	0.39081989023781805	0.3488968346360663	0.3610233383225234	0.3530544930428516	0.36587393979710625	0.3513221353733577	0.35062919230556017	0.34231387549198955	0.33815621708520427	20.281057708298686
Sgr-CMas_005-Ex1-cssl	50.46761343955664	6.838973899223701	3.7628109782187904	2.6248497320646305	1.8969416654781066	1.541901831740663	1.209784225432466	0.9739399743271053	0.9179078628333911	0.7900527720613705	0.7034576906619939	0.6189001405896616	0.5837527251981499	0.5379082703396565	0.5277206137044357	0.48544183866826957	0.4599726970802176	0.45640701725789035	0.44010676664153714	0.3881497178019112	0.41973145337109563	0.40444996841826447	0.40394058558650336	0.3922247804559995	0.40444996841826447	0.40648749974530857	0.38203712382077876	0.3759245298396463	0.345361559933984	0.3703213186902749	19.8684773528393
Sgr-CMas_006-Ex1-cssl	52.4061322074082	7.265236173452852	4.065051479108672	2.722465669494799	2.040961298543312	1.5317199216824946	1.2560103357796455	1.0371297788551614	0.8910614153092076	0.7849509627636667	0.6490940653622629	0.6237873883953347	0.5598547307946741	0.5447595199722958	0.5114612608052851	0.4683955122826179	0.41867011192654846	0.42976953164888543	0.4128984136709333	0.38226401523728337	0.3973592260596616	0.37116459551494646	0.3423061042368705	0.35740131505924866	0.3689447115704791	0.3578452918481422	0.3400862202924031	0.33919826671461617	0.3405301970812966	0.3463018953369118	17.437188383791298
Sgr-CMas_007-Ex1-cssl	54.20233636525771	7.084893882646693	3.968253968253968	2.647732001664586	1.9365673860055883	1.4817787289697402	1.184531240711016	1.0730634326139945	0.874650734201296	0.717852684144819	0.6576600677724274	0.61976101301944	0.561054634088342	0.5677427025741633	0.5008620177159503	0.43918316390226503	0.435467570299031	0.40351346531121807	0.37750431008857976	0.3819630224124606	0.3641281731169372	0.3589263420724095	0.38419237857440103	0.34257773021817967	0.3239997622020094	0.3180548124368349	0.3143392188336009	0.32177040604006896	0.30244931930325186	0.2950181320967838	16.558171333452233
Sgr-CMas_008-Ex1-cssl	53.35923427400841	7.157842687104863	4.11824956733656	2.80648465369265	2.017094620845548	1.5445201850739942	1.276798643732561	1.0334475329354007	0.8738035531381345	0.766785575530675	0.7014445661003779	0.5901882527460883	0.5566347614170168	0.49305972521456576	0.48352346978419813	0.4768127715183838	0.4439656694804507	0.4255995479108537	0.38992688870836717	0.391692861936213	0.3659096528096634	0.3750927135944619	0.35707978667043405	0.3553138134425882	0.32564546321477766	0.33235616148059194	0.34295200084766714	0.33624130258185286	0.3168155970755483	0.31858157030339423	16.666902129763713
Sgr-CMas_009-Ex1-cssl	50.403916351107014	6.616518268345104	3.652986729437451	2.478422542899055	1.8415037696585133	1.5024050762460341	1.210725616620612	0.9947804728277556	0.8890253471156142	0.7972571896428206	0.7112885068058541	0.636236482106915	0.6184969126326203	0.5509500904035752	0.5311636475284004	0.486132432709037	0.4755569201378228	0.4329137242861529	0.4233616484153788	0.4329137242861529	0.3899293828676696	0.40869238904240435	0.3916351107017364	0.37560126906150854	0.38208303483096234	0.3667314843243612	0.3677549210248013	0.3629788830894143	0.3582028451540272	0.3677549210248013	20.542080305666428
Sgr-CMas_010-Ex1-cssl	54.234846583119314	7.294108560063337	4.082491745032537	2.803792457566571	2.0140189622878326	1.5505821924421186	1.2335142024060093	1.028057234441076	0.896750149651457	0.7955664549018092	0.6808658543649951	0.6264120339081237	0.581999343464576	0.525228339158476	0.4966497383513237	0.442582115202657	0.42945140672369514	0.4062795682314094	0.3943074516770618	0.351825747774538	0.3406260258365999	0.35954969393863323	0.33908123660378087	0.3271091200494332	0.3441018016104428	0.29042037576998087	0.30973024118021897	0.30857164925560465	0.2915789676945952	0.2892617838453666	15.930638963446425
Sgr-CMas_011-Ex1-cssl	48.08430822466024	7.731487844513254	4.47210342067605	3.1328574085003518	2.281932912385095	1.7831011650187163	1.3800742184026065	1.1338922620443208	0.9818981477738522	0.8278828351753188	0.747034902052729	0.6904413488669162	0.6467834649807177	0.5909983911261308	0.5081292596754764	0.5117674166659929	0.4555781031457931	0.4527484254865024	0.447897549499147	0.3917082359789472	0.41434565725327227	0.4131329382564335	0.3767513683512681	0.36058178172675015	0.3626029800548149	0.3719004923639127	0.3516885090832653	0.33794436045242504	0.32096629449668124	0.34805035209274876	19.089409729240273
Sgr-CMas_012-Ex1-cssl	50.57836342109114	7.184145059798587	4.0551956258564035	2.7740824009897698	2.0151259162686745	1.6050499541034202	1.2757918822919023	1.0915403956418204	0.9365562931527625	0.8081789035373624	0.7303542683819128	0.6362330215913475	0.5773656693583792	0.5707139911399646	0.5268129148984289	0.49654777900464286	0.4666152270217776	0.43402200375154654	0.4290332450877356	0.41672764038366883	0.41373438518538225	0.3811411619151512	0.37681757107318176	0.3598557916162248	0.35287152948688955	0.3548670329524139	0.3605209594380662	0.3472176030012372	0.34655243517939577	0.33590975002993256	18.762056166770876
Sgr-CMas_013-Ex1-cssl	52.54066241493069	7.3733660783004975	4.151989448370789	2.8020579509272596	2.077112481517084	1.6226642863758154	1.217078054591268	1.0321690560060295	0.8945252245893839	0.7651847333510046	0.6719318359643212	0.6323312904987434	0.5927307450331655	0.5301363344585424	0.5010746438346102	0.4576417875175248	0.42921881536884393	0.4407157479233666	0.4106959795865575	0.3803568520121229	0.3704567156457284	0.36438889013084147	0.3557661907149495	0.35033708367531385	0.32638514085339176	0.335646558744535	0.3279819370415199	0.3196785968632536	0.3314948886554018	0.31488820829886915	17.079332028218584
Sgr-CMas_014-Ex1-cssl	52.68961608594943	7.523450462438191	4.157836807780132	2.7844857325908037	2.125326499433246	1.5795180129121285	1.3018908218750513	1.0501371708310745	0.8682010086573686	0.7322622509158412	0.6788724064856341	0.6057693887273504	0.5655216598491942	0.503096610976952	0.4747589243178421	0.47681237987285	0.46408095543180067	0.42342253544264286	0.3942634665615298	0.3831748065644867	0.3679792354574278	0.36222955990340544	0.38728171767450265	0.3655150887914182	0.33758809324330985	0.31130386213920785	0.3170535376932302	0.32321390435825403	0.314178699916219	0.3088397154731983	16.82231859773627
Sgr-CMas_015-Ex1-cssl	48.362538927102186	8.446975830581742	4.947702156919344	3.381935008460118	2.4385321402337854	1.8281364038515244	1.4369292940671223	1.2045987369666078	0.9969092995585719	0.9065585273528163	0.8103408218869466	0.7019198952400397	0.6566271704719595	0.6183747656160162	0.5728473635175315	0.5580626917020443	0.5165248042204371	0.5019748097353544	0.4468256370902827	0.44893773306392376	0.42453129070184953	0.4228885493890176	0.4217151627369947	0.40904258689514855	0.39331920575804297	0.38064662991619674	0.3745450193256782	0.37571840597770095	0.36938211805677784	0.3541280915804814	16.290830922023762
Sgr-CMas_016-Ex1-cssl	45.97481103202757	7.595485560843756	4.39247525857107	3.0097951462932864	2.2382023383598013	1.7148479001163854	1.3522525286589804	1.1476270288225285	0.978246813344524	0.8745394658437695	0.7561254529272603	0.7198659157815198	0.6486146574741556	0.6100730515570048	0.5940985701571331	0.5479500683352815	0.5355254716909369	0.48886984347543855	0.4949553601991992	0.44398915763770386	0.4716275460914501	0.4462712264091141	0.4150829531998408	0.4333395033711227	0.4160972059871342	0.40113697737455595	0.42497191787595184	0.39986916139043915	0.3935300814698552	0.41888640115219117	20.660836403561042
Sgr-CMas_017-Ex1-cssl	54.09297633530734	6.5866336882534515	3.6185764988588263	2.4958358050385923	1.8359323942529082	1.4293997191472534	1.1542444625423542	0.9826494669495303	0.8321686993300421	0.7356465143090788	0.6538707742218737	0.6273942026362621	0.5493050737824966	0.5305368711395315	0.48227577862904986	0.46819962664682596	0.4420582015369818	0.42194941299094774	0.41926824118480976	0.41625192290290475	0.40117033149337916	0.38474815418078473	0.37804522466544	0.36698539096512134	0.35156865307982854	0.3431899911856477	0.33883308700067366	0.3539146784101992	0.3431899911856477	0.34050881937950983	17.6226719887927
Sgr-CMas_018-Ex1-cssl	45.68962174699241	7.738835878871621	4.502307022583795	3.1307829777334426	2.2368778176870556	1.7476268862421085	1.459998096574186	1.1339483043648375	0.9911913683164199	0.9213990884705269	0.7726498859706943	0.7349338559529642	0.6633791447978316	0.6418774828251069	0.5636255326948632	0.5516409997920332	0.5297868515574605	0.5100476208939757	0.49771060172929765	0.4980630879911455	0.4874885001357072	0.46422440685374283	0.4363779921677553	0.44413268992841	0.4437802036665621	0.4374354509532991	0.4236884867412293	0.41381887140948687	0.40923655000546355	0.41840119281351007	20.105111403283058
Sgr-CMas_019-Ex1-cssl	52.811332763309316	7.05597593041421	3.9900610097139806	2.7319365601836076	2.0302284167689923	1.5422792817697317	1.2414094593986462	1.0141498820307426	0.8977878353444895	0.7569961876964815	0.6891719008158201	0.603989739567596	0.5908106127329652	0.5403442002198664	0.49952105124430246	0.4564478074433137	0.4403757015474224	0.40148120527936537	0.4159461005856675	0.3834804466759671	0.3921593838597484	0.36130094053963707	0.34297873981832094	0.3561578666529518	0.3609794984217192	0.3442645082899922	0.33140682357327916	0.3204777915640731	0.3294781708657722	0.31887058097448395	17.448199602697542
Sgr-CMas_020-Ex1-cssl	53.29165734317893	6.348362795554562	3.468337435667935	2.376090848064444	1.774259715074215	1.3588983366897889	1.1113597374505855	0.948198702170508	0.8684828820765272	0.7705862609084807	0.666163198329231	0.5957708659655404	0.5552136943387783	0.5016036398896099	0.47922726933691356	0.47736257179085556	0.4223539941821437	0.40090997240247633	0.37760125307675096	0.3748042067576639	0.35289401059148207	0.37760125307675096	0.35336018497799654	0.3417058253151339	0.3365779070634743	0.33284851197135823	0.3426381740881629	0.33937495338256135	0.32585589617364064	0.3239911986275826	19.40590736182591
Sgr-CMas_021-Ex1-cssl	52.76080736215296	6.918589878144436	3.8771722438878884	2.563606836284897	1.8427477711369136	1.5129754631726637	1.2528033408089088	0.9865550117657458	0.8534308472441641	0.7363257730592043	0.6683827347349116	0.6087254327916303	0.5877349006264017	0.5197918623021089	0.49051559375586906	0.4540583536794193	0.4358297336411945	0.4225725554315764	0.3855629329297259	0.42478208513317944	0.3734105195709093	0.3546295171072837	0.3546295171072837	0.35683904680888673	0.3369532794944596	0.3452390158754709	0.31872465945623474	0.34358186859926865	0.33308660251665434	0.30491509882121587	18.275020161958526
Sgr-CMas_022-Ex1-cssl	50.34853118998507	7.369241529743699	4.270396187495554	2.940583730469213	2.181876378120777	1.6715271356426489	1.3787135168456743	1.0701922848946108	0.9356402778765679	0.8040519714536358	0.7403324086587477	0.6517177608649264	0.6108186926523934	0.5485809801550608	0.51360931313275	0.4890105981933281	0.4724138748607061	0.42825473599355096	0.41521445337506224	0.41136164260141783	0.3965431396258624	0.37372264504350716	0.3639424330796405	0.356829551651374	0.33697275766412976	0.34052919837826306	0.31504137326030773	0.3248215852241743	0.31948692415297436	0.33311994689048535	18.28692178201389
Sgr-CMas_023-Ex1-cssl	50.98938297162162	6.578242003513162	3.5556424667648914	2.5077630066183634	1.8550298551242586	1.4983192795660134	1.2140971480011733	1.010792349266181	0.8735700390088976	0.7747834618457918	0.7036436400662174	0.637898307141966	0.584290574142192	0.5397860410857758	0.5057333301865482	0.4683090637527436	0.4393136861553815	0.4379650639415507	0.40087795306120383	0.4153756418598849	0.37457981989150335	0.37424266433804565	0.36783670882234937	0.34491013118722585	0.34558444229414126	0.3267037313005101	0.3432243534199374	0.33445830903003715	0.3226578646590177	0.3196234646778985	20.555362627655523
Sgr-CMas_024-Ex1-cssl	49.653672959983844	6.484441316894764	3.5746630608683576	2.5270040423228997	1.8794750344749243	1.515318857546774	1.2130124299062472	1.0527079776709782	0.8633720104639678	0.7851131440184034	0.6948629996497284	0.6478445677933209	0.6065062149531236	0.5699012612931016	0.5657989820036163	0.47649551747097635	0.5011091932078877	0.4370505243028492	0.44146836353767943	0.4282148458331887	0.4058100897136925	0.39571217146265186	0.38971653250109656	0.35689829818521474	0.3717296156164306	0.379618614250056	0.37425409517919067	0.3610005774747	0.36415617692815017	0.37015181588970547	21.31291870860248
Sgr-CMas_026-Ex1-cssl	50.783724518801264	7.0460403424707305	4.080411375226013	2.7587445019598458	2.101330643265355	1.6178878121967797	1.3020043001192578	1.0951198348343856	0.9151645458159327	0.8224084942315993	0.7446130961286104	0.6501472555749807	0.6018457171923556	0.5591009929599439	0.5184935049391529	0.48387027831089946	0.45736854928680426	0.4501019461672943	0.43086682026270906	0.41419637781206853	0.3842750708493804	0.3928240156958627	0.3671771811564158	0.3629027087331746	0.34922439697880286	0.3629027087331746	0.3308441655588659	0.35050673870577526	0.33127161280119	0.32400500968168	18.610625483549693
Sgr-CMas_028-Ex1-cssl	48.252163229027786	6.46145400360756	3.658013750555512	2.488693697226361	1.922202180221159	1.4963532271978668	1.251927953363135	1.0477609599247117	0.9282932057616397	0.7858207199435339	0.7264789689697541	0.6715813138838783	0.6156379891773195	0.5918490053067733	0.5628316733328105	0.5058426790055682	0.48885054766946384	0.47473400779023867	0.445455258411105	0.45382061537657176	0.43839698847149244	0.4318615533422215	0.42166627454055894	0.4122552479544088	0.41879068308367967	0.4091182390923587	0.3989229602906962	0.38768201186835016	0.4002300473165504	0.4091182390923587	22.042192769194575
Sgr-CMas_030-Ex1-cssl	48.907920225239	6.766581182504765	3.878157620246414	2.7017700711322337	2.0137140646281178	1.5640726014111421	1.2579504191860966	1.0462006603455443	0.9220264190501586	0.7921009497368813	0.7228247940668241	0.664005416611115	0.620348367566211	0.5790440936195353	0.5319885916549681	0.5157805854227283	0.4872858647886293	0.4695093418242372	0.45800688578845417	0.4203624842168004	0.4284664873329203	0.44127604064549697	0.39971034724346255	0.39683473323451673	0.4038930585292018	0.4036316390738432	0.3923906024934188	0.3902992468505491	0.39448195813628845	0.38873073011839687	20.640634517302047
Sgr-CMas_031-Ex1-cssl	53.743636701556206	7.064337876981519	3.789647372405384	2.6047026078757574	1.8934637648968047	1.4823142234169382	1.1745187011844915	0.9705305053014266	0.8368049102225285	0.7429703401163186	0.6822271884533615	0.5834062402255656	0.5149568678292483	0.4968245837507536	0.4827720635899203	0.43789466049564596	0.4310950539662105	0.4002701710327696	0.39573710001314594	0.35720599634634476	0.34949977561298456	0.33952701936981244	0.34904646851102217	0.315501742965807	0.3177682784756189	0.31686166427169415	0.315501742965807	0.3068889080285221	0.2837702458284414	0.3050756796206726	17.71524154468928
Sgr-CMas_032-Ex1-cssl	48.80115959337182	8.104633076341502	4.764541869121974	3.2652088279342575	2.312204142368017	1.7981402202649537	1.4097631212709298	1.1403310234567248	0.9710631371623671	0.8550074882379286	0.7449713231788654	0.6431216561767128	0.5947250058990942	0.5566818678699214	0.5046735272730775	0.5087667763015328	0.4565176563500739	0.43484751443472236	0.4119734757462956	0.41486282800167584	0.41943763573936116	0.3782643661001931	0.3797090422278832	0.36502150159636715	0.36815163320636235	0.36357682546867703	0.3594835764402217	0.3580389003125316	0.3551495480571514	0.35563110676638143	17.604341733322418
Sgr-CMas_033-Ex1-cssl	57.76119315826048	6.957948646076044	3.7490583556700123	2.55893671566137	1.7997815969119906	1.3688150756527275	1.127053368604848	0.9139059698790607	0.7830977032637831	0.6534573676004274	0.6038203021437373	0.5571030640668524	0.515057549797656	0.5098018605140064	0.4525732438698224	0.38892100699006676	0.3772416974708455	0.3789935938987287	0.3457075617689482	0.3778256629468066	0.32877256296607743	0.3597227331920137	0.3112535986872456	0.2808873939372704	0.31008566773532353	0.3159253224949341	0.3007422201199465	0.27037601536997136	0.2878949796488032	0.2452654999036457	14.808780504896552
Sgr-CMas_034-Ex1-cssl	52.02137721595316	7.272192356040547	4.0957598126819015	2.797614271577202	2.0849593584890065	1.5969694538257484	1.2855020557820847	1.071049093194644	0.9161663979926035	0.7800057868259747	0.7092508978090298	0.649194342526606	0.5828160445828744	0.5453718765120514	0.4916370638909353	0.48191130595046183	0.45832634294481367	0.44009054680642584	0.41018384113946976	0.399485507404949	0.38222228706060846	0.35620588456984187	0.36471592276775616	0.35644902851835375	0.35328815718769985	0.3408878158135961	0.3360249368433594	0.3401583839680606	0.3250834591603267	0.3117105419921756	17.44339001018773
Sgr-CMas_035-Ex1-cssl	51.45083591404739	7.655228467352485	4.350431305544679	2.9301486728603803	2.1885641737562143	1.6489872922080235	1.2847209862480569	1.0705513829067739	0.9349897364705324	0.778960357859016	0.7240831049253076	0.6048363174693577	0.5959373034801078	0.5484758955374411	0.5155495437772162	0.4728342766288162	0.45711268524780785	0.4443574318632162	0.43664495307253287	0.3927431507255663	0.391259981727358	0.3704956157524413	0.35447739057179134	0.3535874891728663	0.3639696721603246	0.34261203858612466	0.3482480807793163	0.323627475409058	0.33727263019257464	0.32718708100475796	17.001269592662467
Sgr-CMas_036-Ex1-cssl	49.21550968648658	7.523029889383837	4.316009256379916	2.9877268156356895	2.110147690145509	1.6659060711675073	1.326667016675215	1.0738531498750066	0.9163493031464423	0.8133660187469964	0.7507683360728233	0.6590930201564539	0.6397079313283228	0.5924567773097535	0.5371285029461296	0.5338976548081078	0.48058866053074756	0.4478763231332766	0.44101077083998014	0.43576064261569464	0.41072156954602546	0.4171832658220691	0.41395241768404734	0.4095100014942673	0.399413601062949	0.36306655951020345	0.37841308816580715	0.37518224002778533	0.37195139188976345	0.3501431669581161	18.643609180454984
Sgr-CMas_038-Ex1-cssl	47.03506565947831	6.761271780132925	3.8701748083159218	2.708441662806198	2.0750096905637543	1.6166696604993713	1.3317198150756808	1.1326141832036531	0.958845830221323	0.8646819131536403	0.7727870061357813	0.6822156883136529	0.6551766518865874	0.6079056091819274	0.567063428285101	0.5509912737655167	0.5434279069327711	0.4986149584487534	0.4734667637298744	0.4687396594594084	0.45985270343093226	0.4466168114736275	0.4469949798152647	0.4485076531818139	0.43073374112486174	0.4439696330821665	0.43451542454123454	0.43413725619959725	0.4241157951462094	0.4114471557013604	21.44422489671277
Sgr-CMas_040-Ex1-cssl	49.880973691311745	6.789709500997897	3.7447199608856305	2.5857163086081	1.9396879934381903	1.5130100698127373	1.233278206296238	1.0371720097144705	0.8830122339274407	0.7852263102913004	0.6973258488806717	0.6545779041217034	0.6030131957561978	0.5714865864964586	0.5271355938090289	0.5033570495368528	0.48171590250262497	0.456067135647244	0.4400366563626308	0.42560922500647896	0.41892985863789023	0.4138535401977627	0.4106474443408401	0.4090443964123788	0.40183068073430284	0.379655184390588	0.39648718763943175	0.3930139171277656	0.3673651502723846	0.3644262290702055	20.291915027772806
Sgr-CMas_042-Ex1-cssl	52.83243358431595	7.155224463702231	3.964963062935076	2.7045745134252024	1.9560662025855946	1.5014561727518112	1.227091916465407	1.0126615996590425	0.8515058957238244	0.7906840460292655	0.7027809347918739	0.6366316238102003	0.5824691007245347	0.5580515698252593	0.5109923284557466	0.47281218923142493	0.4253089927546526	0.42664085807643126	0.43551996022162237	0.4066628782497514	0.40355519249893446	0.3689266941326893	0.37514206563432306	0.3609355022020173	0.38268930245773547	0.3680387839181702	0.362267367523796	0.35516408580764314	0.35915968177297913	0.3422893876971161	17.16730004261969
Sgr-CMas_043-Ex1-cssl	52.011966838610455	7.398728102425362	4.23133268597152	2.863172783861607	2.0944774050146218	1.5915558574082702	1.2803170201898304	1.0389595810483894	0.9121066014066087	0.7900246409106473	0.7294046329402387	0.6320197127285178	0.5893611886011934	0.5427735898831942	0.5037634921614962	0.4925375647595687	0.44651126241166594	0.4456693178565214	0.4263045930881965	0.3959945891029923	0.38504930988611297	0.38532995807116116	0.35417800953081235	0.3432327303139331	0.3583877323065352	0.35052958312518595	0.3454779157943186	0.35361671316071597	0.3359358775026802	0.34098754483354754	17.0302931650941
Sgr-CMas_044-Ex1-cssl	55.11424255548396	7.165643782944427	3.8984017661909642	2.55738536131915	1.8776342336822758	1.4751708620744293	1.1286932088267294	1.0304541181193025	0.8477082827173145	0.7072158196626068	0.6623216115436213	0.5820402040837884	0.550878341977669	0.5149629754824807	0.4605617585853571	0.46795609874613114	0.42464639209016874	0.4045760402252105	0.4003507029904824	0.3876746912862983	0.3512311576367689	0.34013964739560776	0.32851997000010563	0.33063263861746967	0.32112562983933157	0.3248227999197186	0.2989426093570093	0.3264073013827416	0.29788627504832726	0.30316794659173735	16.118605216178818
Sgr-CMas_045-Ex1-cssl	52.53989754566687	7.150621247846954	3.9281593337681233	2.6984843670741427	1.9624073981170256	1.5055993132549597	1.214903259251827	1.000574145610016	0.8564803201837267	0.7695223442978423	0.6959425185482477	0.6505125503770967	0.5719159183263934	0.5370769856798051	0.515337491708334	0.4791050017558822	0.4503977212550935	0.43757699404114897	0.4208543063707866	0.38796635395240725	0.3985573894769701	0.3734733579714265	0.3804411445007442	0.37235851212673565	0.3729159350490811	0.3731946465102538	0.3564719588398914	0.37180108920439026	0.36204618806334554	0.3525699983834735	17.512834662787004
Sgr-CMas_046-Ex1-cssl	85.80619602250218	6.235639014341177	2.392837334601062	1.3628080183820617	0.8747325885429046	0.6005863243800016	0.4326123128119801	0.32802472070358923	0.28840820854132004	0.2234371285951985	0.17748197448696615	0.17906663497345696	0.1283574994057523	0.09507962918944615	0.11251089454084463	0.09032564772997385	0.08398700578401078	0.055463117027176934	0.052293796054195395	0.03961651216226923	0.049124475081213856	0.03644719118928769	0.041201172648760005	0.03486253070279693	0.03961651216226923	0.020600586324380003	0.02218524681087077	0.011092623405435384	0.011092623405435384	0.007923302432453847	0.16638935108153077
Sgr-CMas_047-Ex1-cssl	50.797476751420454	6.8307767106298645	3.8207191505667417	2.6103921253548577	1.9429096467699205	1.5766183359909025	1.268422722422055	1.0440744448976733	0.9029554640857345	0.783673873005278	0.7560681161749133	0.6404947610865955	0.6133010304775797	0.5541752677140372	0.5249214059982777	0.5024659769347721	0.46270544657462	0.4342756373015579	0.41964870644367813	0.40852399846726245	0.39204294961331343	0.3924549758346621	0.3650552321149718	0.3570207207986716	0.359492878126764	0.35866882568406655	0.34568999971158165	0.3325051606284224	0.350428301257092	0.33559535728853784	19.516446026625133
Sgr-CMas_048-Ex1-cssl	49.90591062643118	7.705806334595415	4.462330242365158	3.0815970254154665	2.190581993787834	1.67229691432199	1.2963928628108916	1.1195501847779263	0.9005373296755617	0.8003264787902148	0.7472736753803252	0.6402611830321717	0.5849411658013467	0.5532001723082504	0.5119368807672251	0.5114834380030381	0.4484548937810325	0.46795293264107735	0.4203414424014329	0.43621193914798106	0.41444668646700067	0.3917745482576462	0.3722765093976013	0.3704627383408529	0.3704627383408529	0.36320765411385947	0.3550456843584919	0.35776634094361437	0.34915092842405965	0.3341873172058857	17.86383113791462
Sgr-CMas_049-Ex1-cssl	53.035051840578326	7.596071530486065	4.270664891087225	2.9049747931132885	2.111433463331114	1.6025397127366119	1.2900694378388662	1.0567868353467136	0.8896128602682394	0.7823646913345382	0.6920003804813089	0.6282697612479787	0.5873680205459907	0.5262532103110434	0.4958147056025873	0.47179682298107106	0.44920574526776375	0.44159611909064966	0.4152002282887853	0.39260915057547796	0.3709692761343099	0.3605060401407781	0.3421953771520974	0.35360981641776845	0.3207933035289641	0.34433558451441076	0.3317321411585656	0.3150860838961286	0.31556168553219827	0.32554931988966046	15.979977171121467
Sgr-CMas_050-Ex1-cssl	46.64708669668372	7.3581443699236635	4.3103070381433675	2.9992005193493108	2.225186354138617	1.67598698286857	1.3513936638549162	1.1340935705473834	0.9683526732503793	0.8545884553324107	0.7445815877309987	0.7001196089850771	0.6337397533925742	0.6191278354948535	0.554626655060629	0.5264465276864533	0.5180968603163272	0.4982664003122776	0.4694600478853424	0.47655726514994956	0.455265613356128	0.4366876034575973	0.42645926092919273	0.4318865447197747	0.41852707692757285	0.4032889339770927	0.41247356808423147	0.39159939965891605	0.37573503165567645	0.3893032411321314	20.593410859994865
Sgr-CMas_052-Ex1-cssl	49.55010577300443	6.859929739922848	3.713541816232566	2.6213517885688575	1.9125290756109465	1.5444773090581894	1.2396021786367248	1.0290133915324164	0.8892590146359206	0.8074165541931099	0.7006863280016081	0.6949429974442178	0.6140577587609721	0.5872555494931511	0.534608352717074	0.485790042979257	0.485790042979257	0.4714317165857814	0.44750117259665545	0.43170701356383234	0.42213479596818193	0.4245278503670945	0.4015545281375336	0.39389675406101327	0.42883534828513725	0.39628980845992595	0.4187845198097043	0.38719620174405806	0.411126745733184	0.3843245364653629	20.310331294450986
Sgr-CMas_054-Ex1-cssl	49.573519395561746	6.922291036383507	3.8359495034292688	2.680848367731614	1.947079974023094	1.5617822691777674	1.268354109578192	1.098474648757385	0.9008759285951881	0.8232620024392949	0.7210967322953131	0.6977333565647126	0.6090317266722634	0.5714127318518049	0.5385456100612991	0.5258739486480921	0.4898389115042846	0.48746297498930824	0.48191912312103025	0.4617236627437315	0.4478640330730363	0.44034023410894463	0.43202445630652747	0.4110370170909033	0.4292525303723885	0.39955332393518445	0.4181648266358323	0.43519237165982927	0.41262097476755416	0.39598941916271996	19.580884798758177
Sgr-CMas_055-Ex1-cssl	83.5911092901772	6.855816176721636	3.0216122093618765	1.423742702038308	1.0550035849636383	0.8296630134180067	0.522380415855782	0.43702413875516405	0.33801085731844716	0.25948308238587864	0.21851206937758202	0.20144081395745841	0.1741268052852607	0.1638840520331865	0.09559903035269214	0.10925603468879101	0.08194202601659326	0.06487077059646966	0.06487077059646966	0.06487077059646966	0.054628017344395506	0.03072825975622247	0.04779951517634607	0.04097101300829663	0.03414251084024719	0.010242753252074157	0.010242753252074157	0.003414251084024719	0.013657004336098877	0.017071255420123596	0.1638840520331865
Sgr-CMas_056-Ex1-cssl	61.93055276710384	6.918576691241357	3.547533115133745	2.3125732454932137	1.6341623983901166	1.2513014936244322	0.9865671850852332	0.8273530771277962	0.7143624198676795	0.630786685778585	0.5654201898429803	0.5042558257889502	0.4785761309571056	0.4309519696325936	0.4052722748007489	0.3618502453578115	0.33196841864439225	0.35017765679788215	0.3226303477964487	0.30815633798213626	0.33150151510199505	0.2880794856590577	0.2778076077263198	0.28901329274385207	0.2619328872848158	0.2717378616751565	0.2539955270640638	0.2488595880976949	0.25913146603043274	0.25352862352166666	12.451383668647894
Sgr-CMas_057-Ex1-cssl	54.643090493302836	6.641518294674944	3.5741996079712512	2.3608502123489057	1.7518784710878799	1.3920083306109114	1.1500530872263965	0.9361728193400849	0.8371447239464227	0.7340329957530218	0.6069299248611565	0.6069299248611565	0.5609890558640968	0.505860013067625	0.496671839268213	0.45991914407056517	0.4206141783730807	0.3889660241751062	0.39304965697484484	0.38590329957530217	0.36854786017641294	0.3629328650767723	0.3797778503756942	0.345577425677883	0.35935968637700094	0.33587879777850377	0.3465983338778177	0.36395377327670697	0.348640150277687	0.356296961777197	17.585654197974517
Sgr-CMas_058-Ex1-cssl	48.776549900920635	7.263342029396255	4.145304009868444	2.860408443931302	2.120275145599041	1.6331252627984287	1.3369325586635785	1.0535167947070945	0.929464320975322	0.8274811075516362	0.7152763419852578	0.6506947170836983	0.6197977526523766	0.5782146200718761	0.541742263562722	0.5110776071346435	0.470656014570358	0.4629898504633383	0.44463751820713976	0.4162959418114913	0.41559901780176234	0.39562052952286264	0.3781974292796361	0.3740158852212618	0.3930651414871894	0.37378357721801875	0.36472356509154097	0.3493912368775017	0.3684404931434293	0.3368466047023786	19.892534317699777
Sgr-CMas_059-Ex1-cssl	48.757376529763555	6.56610162778724	3.634302348607866	2.547625648540536	1.9678997188007448	1.5124361360845975	1.245593884906333	1.0752901104994257	0.9356806210146937	0.8020119608697375	0.7416135292486832	0.7069586914333241	0.5866568973028635	0.5698245475068319	0.5559626123806883	0.4930888352013941	0.48516772941502634	0.4767515545170106	0.4460572695948355	0.41734326111925224	0.42674957424056403	0.3836785615271892	0.4341756109152837	0.38862925264366904	0.35991524416808585	0.39357994376014893	0.37278704107093347	0.37031169551269355	0.3708067646243416	0.3762525248524694	21.599370272089985
Sgr-CMas_061-Ex1-cssl	49.95989415745461	6.630217985242279	3.667302828307042	2.545568534892083	1.9392173675201068	1.5037386021039432	1.2548057863050073	1.0568888315216556	0.9112170356096856	0.7772235693277892	0.7255930593843062	0.6466106721493351	0.6235613373531373	0.5537986840366453	0.5239882110335629	0.5052414187326554	0.45330358432522305	0.43394214309641693	0.42410776025003916	0.42257113793029266	0.4084342125886247	0.39552658510275396	0.40751223919677676	0.3973705318864497	0.3737065481623533	0.34727664426271326	0.370325979058911	0.35311580907775003	0.3466619953348146	0.3466619953348146	20.694614753418218
Sgr-CMas_062-Ex1-cssl	52.34244448817299	7.664052324328377	4.308511136723546	2.8948297241665806	2.12270854611956	1.6644958567202965	1.319040345830327	1.0725987562352222	0.9011203878097309	0.8092904418769541	0.7121506011113298	0.6362503396770959	0.5744056822121647	0.5309894832847635	0.49569429998407033	0.4685201323100853	0.42291750609857043	0.43447433602888585	0.3960556851794588	0.40823720861952106	0.37981365392604255	0.3782519201516756	0.3788766136614224	0.35794938108490526	0.3560753005556649	0.34389377711560265	0.3392085757925018	0.3264023588426928	0.3282764393719331	0.32484062506832584	16.307624071939706
Sgr-CMas_063-Ex1-cssl	48.74009575523398	7.398697312646759	4.198664305971876	2.885572674778416	2.1325182119710187	1.6420820754023138	1.290848002468325	1.1042885357413856	0.9421253069710456	0.8705510500248447	0.7478523238313575	0.6875792653503461	0.6378898689240362	0.580845724290222	0.52487788427214	0.5300800232481797	0.5117828447807299	0.47877616989827126	0.4671162032278376	0.4502540975813641	0.4276517006509849	0.4276517006509849	0.40522868782322774	0.41491542936481884	0.41617111808317325	0.4107895950045115	0.3991296283340778	0.39464502576852634	0.38603458884266756	0.39428625756328217	19.100998631299294
Sgr-CMas_065-Ex1-cssl	52.069066883846006	7.123546448587772	3.9405519760588694	2.7497602513625914	1.997021815921237	1.536318906649832	1.2664510936875029	1.0192329007416547	0.8385178474186662	0.8043024639895138	0.7180411452033406	0.6462370306830065	0.6226235970488027	0.5884082136196502	0.5262422352765422	0.49058113142080584	0.46118481608026635	0.4476914254321499	0.441426636916953	0.4134760420029975	0.41443985562072005	0.3956454900751293	0.39516358326626794	0.38889879475107103	0.3850435402801806	0.3715501496320642	0.3696225223966189	0.3802244721915676	0.37395968367637067	0.337816673011773	17.486952373150082
Sgr-CMas_067-Ex1-cssl	48.65934599494518	7.544944964906729	4.278821351622007	2.9379505876334693	2.1528497297016096	1.6898526472768576	1.320495424218909	1.1093722227761618	0.9593750406423001	0.7950717688829545	0.7213737314183404	0.639872372339826	0.6294679435212922	0.5726771028867955	0.5297588340103437	0.49030870807340327	0.47253447550840805	0.44955802853414606	0.4460898855946348	0.43351786743890647	0.39580181297172157	0.3936342236345271	0.38756497349038244	0.39276718789964926	0.37499295533465415	0.38019516974392104	0.3654555622509982	0.3429126331441751	0.36112038357660914	0.3429126331441751	19.42940378287691
Sgr-CMas_069-Ex1-cssl	55.54963168758499	7.4102697044696395	4.112577404302359	2.715631511499369	1.918354969038279	1.5294992320710603	1.1504260293671678	0.9508623303953122	0.8408088199328919	0.7302661827573051	0.6490711483716971	0.6099410113183922	0.5375502577697778	0.4749420384844898	0.4680942645001614	0.4240728603151933	0.41282294591236807	0.39374700409888186	0.39227962395938293	0.35559512047190944	0.3766275691380609	0.35559512047190944	0.3350517985189243	0.3477690930612484	0.33162791152676013	0.31793236355810334	0.3013020553104487	0.3003238018841161	0.30668244915527815	0.31450847656593917	15.086135214188587
Sgr-CMas_071-Ex1-cssl	51.59201321414692	7.478138359891178	4.235328410415857	2.781286436066848	2.1633307423241352	1.5832685581033814	1.2825495530509134	1.044014768752429	0.891469102215313	0.783132530120482	0.6976292265837544	0.6393315196268946	0.5650019432568986	0.5203070345899727	0.49795958025650994	0.4464632724446172	0.4372328021764477	0.389623008161679	0.4265448892343568	0.4260590750097163	0.386708122813836	0.3638748542557326	0.37553439564710456	0.35658764088612516	0.3624174115818111	0.3454139137193937	0.35172949863972014	0.33715507190050525	0.3196657598134473	0.30897784687135643	17.611251457442673
Sgr-CMas_074-Ex1-cssl	52.13930257319509	7.6450992309203825	4.301910589353525	2.8588010035049556	2.0883504773046115	1.575173762640918	1.3229266152728336	1.1058661170847175	0.9016007640529536	0.7667947704413868	0.6836263269250982	0.6443269525163023	0.6077693949267249	0.5547609364218377	0.5191173177719997	0.4482870499421933	0.46565188979724265	0.4322931184967532	0.4510288667614117	0.4030470724250913	0.3961925303770455	0.3980204082565244	0.3797416294617357	0.3523234612695526	0.37288708741368987	0.335415590884373	0.3482107360407251	0.33587256035424273	0.32947498777606665	0.3331307435350244	16.502995434874997
Sgr-CMas_077-Ex1-cssl	50.79129763814246	7.621877833093	4.394823214996749	3.017841596497819	2.1733408620026413	1.6858520256544656	1.2984704953399486	1.060012642765391	0.8631724342722423	0.7896104363553742	0.6951271362786627	0.6103171264479003	0.5581263511674311	0.5135842239884101	0.4901883592075101	0.4418219079777649	0.4584689656103284	0.416401401052364	0.3993044229432448	0.3912058543652409	0.37500871720923323	0.3655603872015621	0.3545373355259458	0.34261444289721793	0.35813669933839193	0.34058980075271694	0.3441891645651631	0.3333910731278247	0.3396899597996054	0.3212432202608189	17.85419427116257
Sgr-CMas_083-Ex1-cssl	49.2509165876	7.435780300101909	4.338709866348058	2.986377106980122	2.1637909828864603	1.6703564442257908	1.3338838715723138	1.1016621569385388	0.9581708074170386	0.8132152604514414	0.7414695856906912	0.6796804535498002	0.6375115671598084	0.5739653980860011	0.5361891040283	0.500755525881154	0.491677501727753	0.4603436764240784	0.4445303440278315	0.4357451593632498	0.42608145623221005	0.40001874172728447	0.40148293917138134	0.39562614939499363	0.38684096473041196	0.37776294057701093	0.371027632334165	0.3634138056248609	0.3651708425577772	0.3616567686919446	18.596186058497615
Sgr-CMas_090-Ex1-cssl	51.708020899372585	6.725837833111077	3.705047766871434	2.5341582318606126	1.9089259558839604	1.4782589685853573	1.158209999344162	1.0279168397350416	0.8333515510569923	0.79575016942483	0.6916905318846599	0.6619592068731828	0.557025118597381	0.5635834991146186	0.5063069759307436	0.4695800450342129	0.4577749601031852	0.4424720722296308	0.42542028288481293	0.408805718907811	0.3904422534595457	0.38650722514920316	0.392191154930809	0.35371532256301513	0.38344664757449226	0.3690182104365695	0.34846861814922503	0.3668320835974903	0.3388496600572765	0.3392868854250924	19.271145311850994
Sgr-CMas_091-Ex1-cssl	46.96477082698728	5.896045343495316	3.4052691454112556	2.4037056837891098	1.8103362530383373	1.3833371668707768	1.132965728175257	0.9524527386998713	0.8226046089480981	0.7297449350681644	0.6553406357041172	0.6203725576740167	0.5746032288746185	0.5387415221837487	0.5140307470424776	0.49347728784478523	0.46896077980368145	0.4588588905949857	0.4405200763391997	0.432865952592611	0.4224143826036143	0.4179850927198016	0.4052411709488316	0.4020940439261225	0.3988303566433132	0.3926915162780289	0.38620299513244355	0.38239535996916596	0.38266733390940005	0.3808023697477947	25.329671268983784
Sgr-CMas_092-Ex1-cssl	53.50914379246594	7.582930017310206	4.175645600028262	2.8037823388796648	2.054262196629809	1.575582011516586	1.2558731055922563	1.0068181015296571	0.8590336901355378	0.7901461358203508	0.6876979781208418	0.6040908609177942	0.5499228694904676	0.49928757315622757	0.46631575228742006	0.44865227682198744	0.4457083642444154	0.39154037281708887	0.38624133017745904	0.39271793784811765	0.37093298477408415	0.3562134218862237	0.35562463937070926	0.3438489890604209	0.33796116390527664	0.3314845562346181	0.31028838567609895	0.34620411912247856	0.32265281850190175	0.3202976884398441	16.119098927238255
Sgr-CMvi_001-Ex1-cssl	58.31560378786524	6.280132777906901	3.0608048915666957	2.1037074118439323	1.503584645915649	1.1907103141258293	1.002985715051937	0.8700886179297851	0.7133534764807895	0.6025065703609677	0.5715171127360711	0.49106371313297453	0.4678216199143022	0.4278928956668395	0.4100143624217069	0.36353017598436227	0.3575706649026514	0.34565164273922966	0.3325407183594658	0.31227838068164887	0.2955917496528585	0.30035935851822715	0.3081067229244513	0.3027431629509115	0.28665248303029217	0.2800970208404102	0.3116824295734778	0.27115775421784394	0.2908241407874898	0.2640063409197909	17.365419340997263
Sgr-CMvi_003-Ex1-cssl	57.68104140065701	5.843845244636652	2.7798092241280483	1.913293038222377	1.422715215818664	1.1594397688236013	0.9645526886906197	0.817893242992169	0.7162989638964766	0.6115422169690118	0.5538271790391632	0.5008558428569734	0.46804523910233353	0.41705044531500157	0.40795835029865557	0.3704040447963568	0.368427502401499	0.34194183431040415	0.3541963971585227	0.3348262816889159	0.33956998343657474	0.30952653903473576	0.2885751896492428	0.28106432854878305	0.302015677934276	0.2620895215581479	0.2893658066071859	0.27315815896935175	0.25932236220534693	0.26643791482683515	19.10091039542707
Sgr-CMvi_004-Ex1-cssl	57.60676193737524	6.502184099090445	3.2590266351510495	2.279314117715842	1.6846378070475825	1.2252670614471015	1.025649591995256	0.8277025616183215	0.7558736813971553	0.658152995514871	0.5763014808442399	0.5353757235089243	0.49027386848633164	0.4777455754245003	0.4176097687277101	0.3725079137051174	0.34995698619382104	0.35329786434364274	0.35246264480618733	0.31905386330797053	0.31571298515814883	0.2814689841224766	0.29316205764685244	0.26309415429845734	0.2906563990344862	0.28063376458502115	0.30819600932105007	0.30067903348395125	0.298173374871585	0.2689406910606453	17.03012636871602
Sgr-CMvi_005-Ex1-cssl	67.33588165461266	5.532074327908328	2.6096437682599287	1.642656877520607	1.2439905364104034	0.9804581926564566	0.806173224103527	0.6651455321585236	0.5796869606217006	0.5258017529531619	0.4466578541899959	0.424766988574652	0.37467058457030755	0.33678254792836637	0.3393084170378291	0.3271000496754258	0.29510570762223104	0.27658266748617083	0.26690016923323034	0.26690016923323034	0.2551127800557375	0.2382736526593192	0.22859115440637864	0.21975061252325906	0.21890865615343813	0.2273282198516473	0.21133104882504988	0.20922615790049762	0.20249050694193027	0.2033324633117512	12.509366764614258
Sgr-CMvi_007-Ex1-cssl	55.79541401808379	6.771281319711051	3.505569891119643	2.425157866028909	1.7307571275725346	1.3950951391948307	1.1265655484926678	0.9335599051754884	0.799994405633527	0.7258690498667841	0.6685267935189264	0.5734225634785771	0.553842280823211	0.5314648149313641	0.4937028412388724	0.4720246711561457	0.4426542471730967	0.38950776567996026	0.3999972028167635	0.404892273480605	0.36293452493339207	0.36713029978811335	0.36083663750603145	0.3699274830245943	0.3104873392493759	0.33216550933210254	0.3461514255145069	0.3440535380871463	0.3251725512409004	0.30419367696729394	16.437647289179797
Sgr-CMvi_008-Ex1-cssl	54.25848289793268	6.763873636283477	3.6993691433335205	2.521823472356935	1.7242346754735434	1.4589061410329376	1.1294498641293456	1.0108135405728211	0.8392718294843328	0.7070083606544236	0.6573093602456093	0.588372037097899	0.5603161497703425	0.5234426978541254	0.49618840730735625	0.41442553566704876	0.427251084159646	0.4128223421054741	0.3823616644355556	0.3679329223813837	0.3679329223813837	0.32705148656122995	0.35029779320406246	0.34388501895776385	0.33747224471146525	0.3078131638223341	0.3150275348494201	0.3214403090957187	0.32945627690359197	0.29819400245288613	17.757773484781687
Sgr-CMvi_009-Ex1-cssl	61.32040876197927	6.292171914727166	2.986260512419323	1.9826911793467632	1.4430129082730294	1.122750831214551	0.9577302953256406	0.7933209466066888	0.6747506356346568	0.5561803246626247	0.536622335223939	0.4712253080383337	0.4577791902992372	0.4058282808527283	0.3581556815959319	0.36060043027576766	0.3550997457461373	0.3159837668687659	0.28725796988069624	0.315372579698807	0.2732006649716409	0.2945922159202034	0.2664776061020927	0.2524203011930373	0.238362996283982	0.2756454136514766	0.2408077449638177	0.24203011930373558	0.2591433600625856	0.2628104830823391	15.40130549579503
Sgr-CMvi_010-Ex1-cssl	63.696706084907795	5.830048479905758	2.691691963813753	1.8161086191533387	1.3373506713183212	1.0307643514113543	0.8793590382553275	0.7370153897270928	0.6127950704544425	0.553139111654811	0.5036775255614456	0.46478788153383777	0.41494872608098105	0.38625345475963935	0.3828553305242173	0.3096068747828976	0.29676951656019207	0.28657514385392596	0.2771359098666425	0.27260507755274643	0.2635434129249543	0.23409300288462992	0.22767432377327712	0.22805189313276847	0.23484814160361261	0.23145001736819054	0.20653043964176218	0.21370425747209762	0.20199960732786615	0.2008668992493921	14.977043782942925
Sgr-CMvi_012-Ex1-cssl	59.18704137868039	5.668483390676856	2.7878086654690497	1.9169990561154582	1.4584538562250706	1.1652406905581099	0.9533233870231099	0.815089973510337	0.7386657735286059	0.6238772341138142	0.5842949791431964	0.5380141887160126	0.4707243552659623	0.4396675090582468	0.41470024053831867	0.3620253935389581	0.37603142222086894	0.3711597600706391	0.33523125171269375	0.33979843497853424	0.31330877203665924	0.3120908564991018	0.3026520110830314	0.2938221234357397	0.3014340955454739	0.3111774198459337	0.28194744694455437	0.2831653624821119	0.28499223578844807	0.2996072222391377	17.469171512955576
Sgr-CMvi_013-Ex1-cssl	80.80160656012049	6.031294452347083	2.3880846791063512	1.477700610827546	0.8886285666471425	0.6844615513346164	0.5857250439293783	0.4317630323822274	0.3915990293699272	0.3213120240984018	0.2861685214626391	0.25604551920341395	0.19412601455945108	0.177391013304326	0.13555351016651326	0.15228851142163835	0.13555351016651326	0.09371600702870053	0.12049200903690067	0.088695506652163	0.09706300727972554	0.0702870052715254	0.08702200652665049	0.07865450589908794	0.06359300476947535	0.07865450589908794	0.09036900677767551	0.046858003514350266	0.06359300476947535	0.05187850389088779	3.6298217722366326
Sgr-CMvi_015-Ex1-cssl	60.19536779231284	6.351786464247383	3.019179019738991	1.9443450668076967	1.4115945185023877	1.1798285865389102	0.9729502714305713	0.801847905551494	0.6571886325810015	0.6019692326836629	0.5016410272363857	0.5179735257975704	0.4386442470718163	0.4199785344304624	0.3888690133615393	0.33287187543747765	0.3678700866400162	0.3118729487159545	0.29942914028838524	0.2916517600211545	0.2885408079142622	0.29865140226166215	0.27843021356686215	0.2908740219944314	0.30798425858233913	0.23876557420398511	0.26365319105912366	0.26754188119273903	0.26054223895223133	0.23798783617726202	16.260168924699403
Sgr-CMvi_016-Ex1-cssl	58.14545454545454	7.185227272727272	3.6795454545454547	2.4329545454545456	1.6772727272727272	1.334090909090909	1.065909090909091	0.9806818181818182	0.7534090909090909	0.7159090909090909	0.6136363636363636	0.5875	0.5227272727272727	0.5011363636363637	0.4488636363636364	0.42727272727272725	0.37613636363636366	0.38636363636363635	0.36363636363636365	0.3340909090909091	0.3227272727272727	0.3034090909090909	0.30568181818181817	0.3215909090909091	0.3204545454545455	0.27840909090909094	0.2863636363636364	0.32840909090909093	0.27840909090909094	0.2590909090909091	14.463636363636365
Sgr-CMvi_017-Ex1-cssl	57.44636435233947	5.98698131648116	3.105221706662112	2.0778179471851366	1.5751468397430424	1.2439864499416438	1.0053422148841888	0.8518602863730821	0.738468691584351	0.6457153159308073	0.6051505403892321	0.5363564766052739	0.4979266892500973	0.473730156470912	0.4357748109349351	0.40896884815015133	0.389753954472563	0.36389687532617876	0.35915245713418165	0.34847751620218814	0.33827701708939434	0.3276020761574008	0.3143177052198089	0.3143177052198089	0.3072010779318132	0.3242809834230029	0.2984239042766186	0.2998472297342177	0.2984239042766186	0.3050660897454145	17.77614886086519
Sgr-CMvi_018-Ex1-cssl	57.92581075077743	6.259884495779653	3.1123944913371835	1.9977787649933365	1.5086628165259885	1.2087960906263884	0.9995557529986673	0.8685028876055088	0.7578853842736561	0.6534873389604621	0.5957352287872056	0.5211017325633052	0.5313194135939583	0.44557974233673925	0.40737450022212346	0.3740559751221679	0.37583296312749886	0.3802754331408263	0.33762772101288313	0.34073745002221234	0.3243003109729009	0.31896934695690804	0.28787205686361617	0.32296756996890275	0.31008440693025324	0.29764549089293646	0.30075521990226567	0.2820968458462905	0.2825410928476233	0.28787205686361617	17.38249666814749
Sgr-CMvi_019-Ex1-cssl	62.47943637794149	6.326443029826192	3.1659037264859453	2.0009298333452543	1.5512123596309277	1.1265288605965238	0.9495028967884986	0.7885702024175666	0.6884343036978757	0.6249552964737859	0.5489593019097346	0.4872684357342107	0.43183606322866747	0.42200128746155496	0.38623846649023674	0.34421715184893786	0.3504756455189185	0.3308060939846935	0.33617051713039126	0.2887847793433946	0.3057721193047708	0.29772548458622417	0.2869966382948287	0.2548100994206423	0.26017452256634	0.23782275945926618	0.24408125312924683	0.26643301623632076	0.23156426578928546	0.2369286889349832	13.749016522423288
Sgr-CMvi_020-Ex1-cssl	70.95134065460388	6.783114707524712	2.9164258353987673	1.8427265691585764	1.288243188965193	1.0061032357925879	0.7386580718477228	0.6661637783242063	0.47807047620913623	0.4721925605180403	0.4516198555992045	0.34777667838984294	0.3624714676175828	0.3458173731594777	0.23511662764383748	0.24295384856529875	0.24001489071975077	0.23217766979828952	0.2262997541071936	0.20866600703390575	0.2106253122642711	0.20964565964908843	0.19201191257580064	0.18417469165433936	0.1792764285784261	0.17241886027214748	0.18025608119360875	0.18417469165433936	0.15870372365959032	0.15772407104440767	8.135035316476777
Sgr-CMvi_023-Ex1-cssl	83.92758396845623	6.390498401173274	2.4715697352919963	1.3006996369581418	0.9256365253768664	0.6227009352535282	0.4976798980597697	0.36304185800495276	0.3510206044286298	0.26446757867910464	0.2308080686654004	0.1995528093669608	0.18993580650590244	0.163489048637992	0.11299978361743564	0.08895727646478975	0.09136152718005433	0.09136152718005433	0.06491476931214386	0.0769360228884668	0.06251051859687928	0.06731902002740846	0.04808501430529175	0.0384680114442334	0.03365951001370423	0.04808501430529175	0.02885100858317505	0.03125525929843964	0.03125525929843964	0.03125525929843964	1.1540403433270021
Sgr-CMvi_024-Ex1-cssl	55.73217148143179	6.480337257172717	3.4509543615346048	2.3804311751039804	1.8345773340018217	1.328267885010557	1.1107737284006411	0.9646007075621589	0.8346691334835078	0.7082683087004724	0.6489517205341317	0.5945781813816527	0.5423230918065433	0.5310246940605735	0.466058907021248	0.41804071660087705	0.4286329644877236	0.4017992698410457	0.3954439211089377	0.3770840247717371	0.3855578230812143	0.32835968449224295	0.37849632448998327	0.34883803040681294	0.3205920360418888	0.34177653181558193	0.31211823773241154	0.34248268167470497	0.2951706411134571	0.30999978815504226	17.007619356979937
Sgr-CMvi_025-Ex1-cssl	54.19419138034576	6.061612767208004	3.106832091793057	1.969640826444169	1.603567458441409	1.2873260672348363	1.0771373445945083	0.9640570895570065	0.7845341987912551	0.7142583340786833	0.6350382684026935	0.5794564481300231	0.5181247843808696	0.4951254104749371	0.45615424913432917	0.44721004817091087	0.4350714897205576	0.40312791485120686	0.3769341834583392	0.37118433998185607	0.38076741244266127	0.32071349168828184	0.34754609457853647	0.32710220666215195	0.3411573796046663	0.31432477671441167	0.35010158056808455	0.3328520501386351	0.35265706655763257	0.3398796366098923	20.112313609240637
Sgr-CMvi_027-Ex1-cssl	56.7697672440677	6.228560088452925	3.267088141071074	2.2215292149802965	1.6874096334306694	1.334164942023644	1.0251467127831486	0.9111785218155529	0.7722620701386329	0.6809741161795141	0.6203044821818388	0.5431916763530178	0.493862160859581	0.4785530008788592	0.4348935446375415	0.44509965129135604	0.4110792957786409	0.37932696396677346	0.3611827743599921	0.3458736143792703	0.32149235959515776	0.31752331811867435	0.32829643069770076	0.3146882884926147	0.33623451365066764	0.2954100870354095	0.27896691520426387	0.2823689507555354	0.28633799223201883	0.26819380262523745	17.559039491962693
Sgr-CMvi_028-Ex1-cssl	58.44572932719889	6.1017244676423275	3.148306467034883	2.1108698831231654	1.5838554731880716	1.2469487159296715	1.012126393466596	0.8341113873359056	0.7297771578343476	0.6476596510568411	0.5554180681012858	0.5430441972170039	0.5109846226531829	0.46008301742466	0.4226801804335354	0.39287040057594746	0.3714973508667334	0.35603001226138115	0.3667165371159882	0.3495618524809611	0.33071982181625925	0.3101904451218826	0.2975353498993217	0.28572392769159816	0.2921920874720182	0.28909861975094775	0.2770059732049451	0.2761623001901076	0.2770059732049451	0.2685692430565711	16.905801095650023
Sgr-CMvi_030-Ex1-cssl	82.86435221439137	6.60401983816236	2.446706691029322	1.5679109022883493	0.9762464108587837	0.6856347341860263	0.5098755764378318	0.39502305751326894	0.3532585051770643	0.3114939528408597	0.2210040894457496	0.20708257200034805	0.1339946054119899	0.12355346732793875	0.14443574349604107	0.1096319498825372	0.11833289828591317	0.09223005307578526	0.07482815626903333	0.06090663882363178	0.055686069781606194	0.06090663882363178	0.06264682850430697	0.06438701818498216	0.04002436265552945	0.055686069781606194	0.06960758722700774	0.048725311058905416	0.027843034890803097	0.024362655529452708	1.4896023666579656
Sgr-CMvi_032-Ex1-cssl	76.28964386066333	6.270418520858821	2.6512146919240127	1.5864266412121373	1.0815934176738684	0.8180852637098184	0.6554093115177263	0.5303773813204985	0.46181148411556716	0.4006399483739127	0.31123539613611	0.3287129777765827	0.24939164571597586	0.26014708057165137	0.2164531264704696	0.18351460722496338	0.18217017786800394	0.16738145494145013	0.17544803108320675	0.14654279990857882	0.14318172651618022	0.15393716137185573	0.12234307148330892	0.14116508248074106	0.13040964762506554	0.13309850633898443	0.12704857423266697	0.10889877791371452	0.12503193019722778	0.11293206598459284	5.735335636788965
Sgr-CMvi_033-Ex1-cssl	55.58993130573644	6.010672306848519	3.029880641065655	2.0829482474932806	1.5678170253899086	1.226921363703854	1.0708669052431268	0.8557238654234833	0.7436070700245142	0.6984573334989833	0.6060367318863196	0.5578568117013573	0.5105859466142243	0.49816219361055475	0.4390736122516386	0.4363464469581501	0.4021053716065731	0.3808940859905519	0.3824091778202677	0.35665261671509907	0.3615009105701897	0.3384715147585095	0.3515013044940654	0.34634999227303165	0.31695721077654515	0.32665379848672627	0.3272598352186126	0.33301718417153264	0.33635038619690744	0.31695721077654515	19.198031592694832
Sgr-CMvi_034-Ex1-cssl	75.17656922792708	6.4673364691838735	2.7000525799712944	1.5717148176043427	1.1624436896929045	0.8412795407068454	0.6252753343091418	0.5243786326365303	0.47606190225809664	0.40074464607995	0.3524279157015163	0.2827949807443619	0.2614787761656411	0.25437337463940085	0.2202674473134477	0.2202674473134477	0.2032144836504711	0.17337179724026205	0.1605820744930296	0.1378447896090608	0.13358154869331665	0.12079182594608423	0.12221290625133226	0.12221290625133226	0.08242265770438688	0.11937074564083616	0.11652858503034007	0.09237021984112322	0.08384373800963493	0.09805454106211542	6.696130398328809
Sgr-CMvi_036-Ex1-cssl	57.454225188893524	6.050773343222238	2.9802685455584914	1.9447148441724995	1.5006412336408164	1.172144192586412	0.9573695514454796	0.846737434138352	0.7225080733633091	0.6403065560345493	0.5692300560886293	0.5077334322223767	0.47899380398337427	0.4502541757443719	0.4128617562076052	0.4156430105533151	0.38906658013875367	0.3838130997079683	0.3603269518997512	0.3482748497350083	0.33684080409153416	0.32602481496932895	0.2929587910814444	0.294812960645251	0.30562894976745625	0.3272609280118667	0.29975741281540197	0.29852129977286423	0.3142817410652204	0.30779214759189727	18.31023347085091
Sgr-CMvi_038-Ex1-cssl	69.366452836313	6.821501482006645	3.1536418071085066	1.9996412433480537	1.384629840011617	1.1061663435009523	0.826848664485654	0.6944503762673933	0.6543037985495981	0.5663230005723022	0.45613345747452405	0.3920697696269785	0.3724235720203979	0.33740208933040633	0.33911045433967424	0.2733384014828608	0.256254751390182	0.23319182376506567	0.24087946630677112	0.2212332687001905	0.21781653868165474	0.1836492384962971	0.18706596851483287	0.21525399116775293	0.20927471363531536	0.18023250847776134	0.18194087348702925	0.18023250847776134	0.16314885838508256	0.15289866832947527	8.432489685746257
Sgr-CMvi_042-Ex1-cssl	69.97160912171444	6.987819397380712	3.22557010715267	1.98919314955582	1.4305339316787251	1.0403883139481638	0.8608846964007693	0.633757670116311	0.5293525048081327	0.4798974265042586	0.4689074091033978	0.3993039655646121	0.36816558292883966	0.26742375675428154	0.2637604176206612	0.29123546112281345	0.28390878285557286	0.22529535671764814	0.21613700888359738	0.22346368715083798	0.20881033061635682	0.15569191317886252	0.1703452697133437	0.1703452697133437	0.1776719479805843	0.16485026101291328	0.1923253045150655	0.14836523491162196	0.19598864364868576	0.14470189577800166	8.114296180968953
Sgr-CMvi_043-Ex1-cssl	58.439567363225876	6.13812174034793	3.0214568238300257	2.058875004375372	1.5086282333998389	1.1831005635479015	0.9688823550001749	0.8302705729987049	0.7182610521894361	0.6069515908852252	0.550246770975533	0.509643319682173	0.4480380832370751	0.4634393923483496	0.39413350134761455	0.3675312401554132	0.3787321922363401	0.34862963351884907	0.32132731282158983	0.319227134306416	0.30592600371031536	0.3017256466799678	0.28632433756869335	0.30802618222548916	0.26462249291189754	0.2968252301445623	0.2744233259827085	0.26252231439672374	0.30382582519514156	0.2723231474675347	17.54839161328713
Sgr-CMvi_044-Ex1-cssl	60.808599293456936	6.180742172167034	3.147438026510462	2.0218001751260606	1.4927986956127903	1.1570397656934086	0.9480962589450165	0.7995410489447146	0.660044083456626	0.6401159455297564	0.5543645641474683	0.4861257888221263	0.4770675443099127	0.39795887556991455	0.39675110963495275	0.34844047223648056	0.33273951508197713	0.2971104200006039	0.3067725474802983	0.31945408979739726	0.29409100516319936	0.28442887768350494	0.28201334581358134	0.2645007397566352	0.25785802711434525	0.2645007397566352	0.27718228207373413	0.2687279205290015	0.2397415380899182	0.27114345239892507	15.52281167909659
Sgr-CMvi_046-Ex1-cssl	57.75554255512295	6.168929414375341	3.329567690786952	2.275019668757943	1.6350285449153739	1.3157894736842104	1.077242742732646	0.9516652881725202	0.7650642512759477	0.7292570252768755	0.6697464243206713	0.5547598394222428	0.5184482862964233	0.4987795283532711	0.4770934619031288	0.4427992172842993	0.4332170018760969	0.40447035565148975	0.39993141151076234	0.3686631296524177	0.3580722599907204	0.3510116802162555	0.3631155312581953	0.34949869883601303	0.32730830525912324	0.3434467733150431	0.3242823424986383	0.3368905206673256	0.33285590365334566	0.30562223880898104	15.836880434124792
Sgr-CMvi_047-Ex1-cssl	56.66122915219973	6.123572652452429	3.0829474341643004	2.04214963985027	1.5223670856429072	1.2252897839101617	1.0091588562318434	0.8546622235188251	0.7445422831808226	0.6635959091263955	0.5875802786691923	0.5189607636078251	0.5107428576124518	0.4404797613520099	0.4458214002490026	0.39815754547583726	0.37843457108694134	0.36199875909619467	0.36692950269341873	0.3550135390001274	0.3377559364098434	0.3352905646112314	0.32132012441909674	0.3192656479202534	0.3139240090232608	0.3139240090232608	0.30940416072580545	0.31803296202094744	0.31762206672117876	0.2974881970325141	18.522338322971923
Sgr-CMvi_049-Ex1-cssl	57.13987746056577	6.195802372572024	3.0645287446226046	2.0737843827401905	1.5492113153435014	1.1930647894668232	1.024116803545822	0.8734193716594969	0.7785164906791814	0.6695346108721157	0.6398122800156434	0.5715030634858559	0.5313518446095685	0.49902229174814233	0.48025029331247554	0.44009907443618823	0.4192412983965585	0.39942641115891014	0.3822187459262156	0.36396819189153956	0.3582323034806414	0.3796115239212619	0.36240385868856734	0.3217311954112893	0.3159953070003911	0.33476730543605787	0.31338808499543735	0.318081084604354	0.3170381958023726	0.30400208577760396	17.385999217833398
Sgr-CMvi_051-Ex1-cssl	73.44377952755904	5.793385826771654	2.4730708661417324	1.5615748031496064	1.1483464566929134	0.8856692913385826	0.6891338582677166	0.5688188976377953	0.5222047244094488	0.4031496062992126	0.3609448818897638	0.3174803149606299	0.29228346456692916	0.2689763779527559	0.26330708661417324	0.24188976377952756	0.20031496062992127	0.19653543307086613	0.1921259842519685	0.1820472440944882	0.1631496062992126	0.1820472440944882	0.17070866141732283	0.16125984251968503	0.1568503937007874	0.14803149606299212	0.1505511811023622	0.13984251968503936	0.127244094488189	0.13921259842519684	8.456062992125984
Sgr-CMvi_052-Ex1-cssl	75.44169373205935	6.51186609705807	2.79638289557026	1.6158376345969838	1.1158578494130966	0.838241041467326	0.6805654757893886	0.5323234909639772	0.47033138821880516	0.3908197781760845	0.31669878576337884	0.26414026387073297	0.2722261903157554	0.22640594046062826	0.20619112434807219	0.18058569060550111	0.17789038179049363	0.16037087449294501	0.14958963923291513	0.14150371278789267	0.13746074956538146	0.17249976416047869	0.10376938937778796	0.13072247752786276	0.14015605838038894	0.09703111734026927	0.10107408056278049	0.12398420549034406	0.12128889667533659	0.09972642615527674	6.282764847782435
Sgr-CMvi_053-Ex1-cssl	54.503097843980406	6.052684964398905	3.0891972875989797	2.139391339339459	1.5826773486579335	1.2694010169841001	1.0133258838749155	0.8972606612059475	0.7682253993275534	0.7136847216263764	0.6192362309731188	0.5593745115449977	0.5015081827644807	0.4862101877995164	0.4449721144156997	0.45461650254578595	0.4120481687302332	0.3957524784414669	0.401073520168411	0.37247292088608647	0.38311500433997464	0.35285157951798013	0.35418183994971614	0.34586771225136603	0.3508561888703761	0.3318999777181378	0.3395489752006199	0.3628285327560003	0.33622332412127987	0.3392164100926859	19.82719916991749
Sgr-CMvi_054-Ex1-cssl	58.16726044681957	5.770800860981222	2.7861278111779115	1.945557782231129	1.510428263935278	1.1671491130408966	0.957006605804201	0.8540228605358866	0.73805017442292	0.6151191271431753	0.587749573220515	0.5167742893193795	0.4912602983745269	0.4504379128627625	0.396626586506346	0.39291546055073107	0.36276256216135977	0.35070140280561124	0.3312179915386328	0.3163734877161731	0.3312179915386328	0.31405403399391374	0.29874563942700216	0.30152898389371335	0.28668448007125363	0.29781785793809845	0.2862205893268017	0.2894678245379648	0.2792622281600237	0.28343724486009053	18.323220515104282
Sgr-CMvi_055-Ex1-cssl	60.88338099777566	6.092637245555991	3.1150114955419728	1.9962989962429203	1.5168507822576123	1.1645077478083703	0.9701115908708573	0.7486121235910952	0.7598272864913362	0.5785154862707714	0.5439354006616947	0.5093553150526178	0.468233051085067	0.3990728798669134	0.3943998953251463	0.34860464681582837	0.3271089179236995	0.3551468251743023	0.32991270864875977	0.2915942354062693	0.31495915811510494	0.27664068487261445	0.275706087964261	0.295332623039683	0.2551449559804856	0.25888334361389936	0.28318286323108843	0.2598179405222527	0.2411260023551842	0.2579487467055459	15.488139965232994
Sgr-CMvi_057-Ex1-cssl	49.65828740047882	6.642865096598186	3.599465508601971	2.517259618061355	1.8804632258782916	1.526223484215801	1.2659373086131063	0.9945158955514727	0.9068259005623296	0.8539335226323701	0.7453649574077168	0.6876009130894717	0.6423640109125327	0.5825121095707365	0.5511942542174711	0.51500473247592	0.5024775903346139	0.47533544902845054	0.4690718779577974	0.459328545181226	0.4287066421691442	0.4307944991926953	0.3897333110628584	0.388341406380491	0.40295640554534823	0.40295640554534823	0.38068593062747064	0.3904292634040421	0.41548354768665446	0.36815878848616446	20.52572239853015
Sgr-CMvi_058-Ex1-cssl	54.794633984763166	5.546642100033123	2.890547366677708	1.9944000496853262	1.5135910069559455	1.2247950480291487	1.037698741305068	0.8707870983769459	0.7838377774097384	0.6629885723749586	0.6329703544219941	0.5612889201722424	0.5229898145081153	0.47330448824113946	0.46165948989731703	0.455448824113945	0.40550472010599536	0.3876490559788009	0.35737206028486257	0.3804032792315336	0.34883239483272604	0.35840717124875787	0.33382328585624377	0.3268362868499503	0.3126035110963895	0.3281301755548195	0.31286228883736333	0.30949817820470354	0.31208595561444186	0.3027699569393839	20.795638042398146
Sgr-CMvi_060-Ex1-cssl	65.71515528107841	6.463598665939613	2.9318893693647996	1.9123223049317117	1.4418504381348518	1.108335341187212	0.8978277134560027	0.7697477712821943	0.687320085724793	0.6137692278428041	0.5288053058067135	0.4476457384886567	0.42228337370176394	0.37663111708535707	0.4121384277870069	0.3373194516656733	0.32463826927222694	0.3030802592033681	0.28025413089516465	0.26630483026237367	0.24347870195417018	0.2675729485017183	0.25869612082630583	0.26250047554433975	0.2498192931508934	0.23079751956072386	0.2358699925181024	0.23460187427875775	0.2295294013213792	0.19782644533776328	11.348390123895152
Sgr-CMvi_061-Ex1-cssl	68.21515146895153	6.686893018859295	3.026329831836685	1.986553033190529	1.395008461526734	1.0321538015886325	0.8690216645576374	0.711987925172661	0.6342333551859248	0.515314601088564	0.47567501638944365	0.4558552240398835	0.40401884404872623	0.35675626229208274	0.33541187053101795	0.29424768642039306	0.3247396746504856	0.2515589028982635	0.3033952828894208	0.19819792349560153	0.21496851702215242	0.22411611349118019	0.19057492643807838	0.2027717217301154	0.20887011937613392	0.2027717217301154	0.20887011937613392	0.20124712231861078	0.18905032702657376	0.17075513408851822	9.513500327788874
Sgr-CMvi_063-Ex1-cssl	57.108240754050556	6.26527301476477	3.17199553702829	2.1253876008789043	1.5545105447974208	1.2451143465374321	1.0774106550027038	0.8795887494780651	0.7515863400209458	0.6591781834609934	0.6167388819297561	0.5209082010527685	0.4914744919262652	0.49900404542374277	0.4380831125805149	0.39769732563949867	0.3963283159126846	0.3805847040543223	0.3566270338350754	0.2963906058552546	0.32582431498175796	0.30255114962591806	0.3313003538890144	0.314187732303838	0.30528916907954634	0.29707511071866166	0.28543852804074177	0.27380194536282176	0.27859347940667123	0.2450527410997255	17.80876303126134
Sgr-CMvi_064-Ex1-cssl	53.555539432634404	6.2918087499093085	3.3876514546905607	2.3489806283102372	1.7691358920409201	1.4034680403395488	1.1533047957628964	0.975404483784372	0.8564173256910687	0.77980120438221	0.6863527533918595	0.6045128056301241	0.601320467242255	0.5241239207719655	0.5099035043169121	0.4872669230211129	0.44779801204382214	0.45070013785097585	0.41210186461583104	0.42748313139374594	0.41210186461583104	0.3967205978379163	0.38946528332003194	0.3656678517013713	0.361604875571356	0.33925850685627224	0.3674091271856635	0.377856780091417	0.35783211202205617	0.3604440252484945	18.598563447725457
Sgr-CMvi_065-Ex1-cssl	70.78016037299784	6.463152394541691	2.888924616652264	1.7926405273417874	1.2188749773910248	1.001828814887759	0.7636809421411203	0.6370706806808819	0.4953877690468056	0.44012138507606663	0.4270584215920738	0.3406418939287365	0.30949175023613823	0.2873851966478426	0.27532707650877225	0.2562350529552443	0.24618661950601903	0.21001225908880805	0.2160413191583432	0.18087180208605477	0.17986695874113226	0.16077493518760425	0.18087180208605477	0.17283305532667456	0.2150364758134207	0.14168291163407623	0.14570228501376634	0.14067806828915372	0.1436925983239213	0.14871681504853393	9.139050222070379
Sgr-CMvi_066-Ex1-cssl	59.9340565837056	6.8682195277600515	3.442086790044671	2.1311954903212085	1.6140182939800043	1.2603701340140394	1.051637949372474	0.8415762603701341	0.7312273984258668	0.622208040842374	0.5889704318230163	0.5796639012975963	0.4786215698787492	0.4267708998085514	0.41613486492235696	0.3470006381620932	0.32838757711125294	0.35364815996596466	0.30711550733886406	0.354977664326739	0.28850244628802385	0.28584343756647523	0.26855988087640925	0.3017974898957668	0.2592533503509892	0.3097745160604127	0.29116145500957247	0.2393107849393746	0.2738778983195065	0.2432992980216975	14.560731759200172
Sgr-CMvi_067-Ex1-cssl	72.41541693834674	7.132507425921901	3.236615228573499	1.8709700789683401	1.3837571542418314	1.0921538795913932	0.8693762225603129	0.6828225748025791	0.5433601391001956	0.5017025284358473	0.43831051220749107	0.37491849597913496	0.3767296964428023	0.3024704774324422	0.2825472723321017	0.24632326305875535	0.22640005795841484	0.20828805332174163	0.17930884590306456	0.21191045424907629	0.23726726074041873	0.16119684126639136	0.18293124683039919	0.15938564080272405	0.2010432514670724	0.1720640440483953	0.16119684126639136	0.12859523292037964	0.15757444033905674	0.13402883431138157	5.728827066579729
Sgr-CMvi_070-Ex1-cssl	56.143621455311546	6.258051804361994	3.2192061110353296	2.2401067006168627	1.6399157307628185	1.2738901771775868	1.0617014504615103	0.9055911729489685	0.7752466693948075	0.6858242774216038	0.6297458282180693	0.5744251958956638	0.5213780142166446	0.5206201973355158	0.46302611436972374	0.41376801709634886	0.4205883690265084	0.3819397080889374	0.3508692159626548	0.3637521029418451	0.3425332302702375	0.34177541338910866	0.3736037223965201	0.3251034420042741	0.3152518225495991	0.3197987238363722	0.31070492126282606	0.32358780824201644	0.3228299913608876	0.3152518225495991	17.86629078949363
Sgr-CMvi_071-Ex1-cssl	59.05738456198102	5.806710791636277	2.887754345867477	1.922829406419052	1.4087748105447497	1.129125990179139	0.9302126033082025	0.7820026287769167	0.6934666703069117	0.6119511843147044	0.528875593327431	0.4848026272168117	0.4664713935247842	0.42395853240923115	0.4173280861801999	0.3935364850054409	0.34283307266579044	0.34946351889482163	0.30422047403790275	0.306560631530502	0.3186514452422648	0.3085107627743347	0.29056955533107376	0.30500052653543586	0.2780887153705444	0.28666929284340836	0.27769868912177786	0.2815989516094433	0.27457847913164557	0.259757481678517	17.870612692234186
Sgr-CMvi_072-Ex1-cssl	54.48290159097024	6.122169929912622	3.1898798943175857	2.0730690684862623	1.6094955384907177	1.306915670196765	1.0537365967263153	0.8605442026844039	0.7582139848357203	0.6797020073483683	0.624126113171928	0.5487016853610448	0.49312579118460464	0.46313245147033527	0.4578395091678172	0.41417273517204267	0.40005822236532773	0.3678594900250091	0.3921188089115505	0.3440412496636776	0.3422769355628383	0.3550682127939237	0.331691050957802	0.32860350128133314	0.3016977112435327	0.30831388912168034	0.29419937631496534	0.286701041386398	0.29816908304185397	0.27082221447884364	20.24065244335449
Sgr-CMvi_074-Ex1-cssl	58.460530843777406	6.948036810496987	3.651077339786641	2.4521829868010614	1.7850204811118635	1.380948680661168	1.0723443935037686	0.8825194542810518	0.7781712420767515	0.690474340330584	0.6094379627676698	0.6271993605896784	0.5839059533985325	0.48954852746911187	0.47622747910260543	0.4740073043748543	0.36188848062342505	0.3840902279009358	0.40296171308681994	0.3785397910815581	0.3563380438040474	0.3319161217987856	0.37298935426218044	0.31637489870452806	0.32192533552390573	0.3008336756102705	0.31526481134065254	0.3241455102516568	0.31415472397677696	0.3074941997935237	13.849449951711199
Sgr-CMvi_076-Ex1-cssl	58.802029385180745	5.968741134634796	2.9121281494725313	1.8994148034280511	1.4547445785199211	1.1433434714625956	0.9506970238762841	0.8345813568379592	0.6947147579054317	0.6241217103309956	0.5317569751868737	0.5113047838335324	0.4941513330210525	0.4235582854466165	0.4116828194995151	0.3852928951726231	0.32129732867991	0.3569237265212142	0.3483470011149743	0.3252558173289438	0.2922684119203288	0.2995256411102241	0.2823721902977443	0.2935879081366734	0.2718162205669875	0.28896967137946733	0.29490740435301804	0.2698369762424706	0.24344705191557864	0.28567093083860584	17.78351025578434
Sgr-CMvi_077-Ex1-cssl	58.306916968440056	6.279751990629802	3.090446051514598	2.0234040038254477	1.521045335854977	1.2153318790900591	0.9907480039973781	0.7957146387853128	0.7247934150718346	0.6323809114451812	0.5636088157230204	0.49053846401822465	0.47818097806814885	0.4486304681875329	0.40457334436552367	0.3793210904675428	0.38952944842630105	0.3315029926607279	0.3202200707063109	0.33795037663468047	0.301952482780112	0.33418940264987484	0.29604238080398876	0.2740138188929842	0.2912068428235244	0.301952482780112	0.29550509880615944	0.32505560868677535	0.2858340228452305	0.29228140681918313	17.277377204199396
Sgr-CMvi_083-Ex1-cssl	72.14837463791439	6.911812037335049	3.1203733504988738	1.9085934985516577	1.3018989378822015	0.9913099452848406	0.8126810428065657	0.6710653363373028	0.5986482137109752	0.5326681686514323	0.41358223366591573	0.4216285806243965	0.3669134213067268	0.2944962986803991	0.2639201802381719	0.25587383327969104	0.28323141293852594	0.2944962986803991	0.21242355970389443	0.20115867396202125	0.23656260057933698	0.17862890247827487	0.1496620534277438	0.1866752494367557	0.1866752494367557	0.15288059221113615	0.15127132281943997	0.16253620856131315	0.16575474734470552	0.18023817186997101	6.243965239781139
Sgr-CMvi_084-Ex1-cssl	80.58573561502239	7.658206041116343	3.2893074537728264	1.8950269897783392	1.2357872975766624	0.7763868152061559	0.5558745836683129	0.49385551854829446	0.3744113931319628	0.33765935454232227	0.27334328701045135	0.21591822671413805	0.20673021706672795	0.15849316641782474	0.17227518088893992	0.10795911335706902	0.11485012059262661	0.0918800964741013	0.07350407717928104	0.0780980820029861	0.07350407717928104	0.04823705064890318	0.06431606753187091	0.041346043413345586	0.02986103135408292	0.041346043413345586	0.016079016882967728	0.04823705064890318	0.032158033765935456	0.03445503617778799	0.8751579189158148
Sgr-CMvi_085-Ex1-cssl	60.694809129468794	5.952123917843139	2.848605993912759	1.8045814499334862	1.3651021388921778	1.0892957883813092	0.9249263471677612	0.7633428286866464	0.6261361341143203	0.5683282374163353	0.5160921861832162	0.43530042694265875	0.4394793110413082	0.39002918254062224	0.37609956887845714	0.348240341554127	0.3343107278919619	0.30923742330006476	0.28346763802505937	0.3001831744196575	0.2751098698277603	0.2653591402642448	0.27789579256019337	0.24167879703856412	0.23053510610883207	0.268841543679786	0.24167879703856412	0.24585768113721368	0.26048377548248697	0.24725064250343018	17.075616907765063
Sgr-CMvi_086-Ex1-cssl	58.909368475405785	6.543115641065936	3.3215095525671825	2.122667983746043	1.5243697101677032	1.2976225220573379	1.0068922165098895	0.9372965449116585	0.7722874525739174	0.6286060660485373	0.5881956760882743	0.5219675369867319	0.4422692678984352	0.41981905125384456	0.4186965404216151	0.4097164537637788	0.37379610713243383	0.37828615046135194	0.35359091215230226	0.31093550052758007	0.32440563051433446	0.3210380980176459	0.31991558718541635	0.2963428597085962	0.3131805221920391	0.27052511056731693	0.30195541386974384	0.28062770805738274	0.3008329030375143	0.2997103922052848	15.690456412904386
Sgr-CMvi_087-Ex1-cssl	68.16149465055624	6.209080747325278	2.8996114334380154	1.8563368286581148	1.2588492042369723	1.004684090062277	0.8370149571512217	0.6799914834726141	0.5761963059562464	0.5030073987331666	0.4258263692979188	0.3792516101559589	0.37792090275190293	0.334007558418055	0.2767871400436472	0.2794485548517592	0.2727950178314792	0.24751157715441527	0.23021238090168736	0.2142438920530154	0.20492894022462343	0.18363762175972748	0.23819662532602331	0.18629903656783947	0.1397242774258796	0.1650077181029435	0.1729919625272795	0.15436205887049556	0.1729919625272795	0.1357321552137116	11.221855538404215
Sgr-CMvi_088-Ex1-cssl	69.8012863588365	6.8100220792934625	3.1851780743016223	1.923778439089949	1.4034750887971585	1.0041278679082268	0.8946913698761639	0.6431794182586157	0.560622060094077	0.5087837189209945	0.42046654507055775	0.3955073437649995	0.31678986272439286	0.28223096860900454	0.29183066141883457	0.24191225880771816	0.25535182874148027	0.22079293462609195	0.22271287318805796	0.20351348756839782	0.22655275031199001	0.1804742248248056	0.1919938561966017	0.17279447057694156	0.1689545934530095	0.1804742248248056	0.1804742248248056	0.15167514639531535	0.1574349620812134	0.17279447057694156	8.630123836037248
Sgr-CMvi_089-Ex1-cssl	58.21749643959174	6.130577972940897	2.9599602421077615	2.0705999287918346	1.4860995727510087	1.2112805601708996	0.9928346783764539	0.8333580583906954	0.7180156657963447	0.6538541419416093	0.576341087111322	0.5173718253026347	0.5043911701875148	0.44950154284357935	0.4109304533586518	0.37792250178020415	0.38682352243057205	0.35826608117730835	0.3263707571801566	0.31895323997151676	0.3215493709945407	0.3026347021125089	0.3067143365772608	0.3100522193211488	0.29818419178732497	0.29187930215998104	0.29187930215998104	0.28705791597436503	0.29929681936862096	0.28446178495134106	17.50534061239022
Sgr-CMvi_092-Ex1-cssl	85.460785745582	6.566744559661165	2.344092303198481	1.4367606250912808	0.8726449539944501	0.6590477581422521	0.4491017964071856	0.3815539652402512	0.25741200525777713	0.2263765152621586	0.1570030670366584	0.18073608879801373	0.1478749817438294	0.1131882576310793	0.0821527676354608	0.11136264057251351	0.052942894698408065	0.05476851175697386	0.05659412881553965	0.040163575288447495	0.041989192347013295	0.03468672411275011	0.025558638819921136	0.04381480940557909	0.016430553527092155	0.01825617058565795	0.01825617058565795	0.012779319409960568	0.009128085292828976	0.00730246823426318	0.12049072586534249
