Sample	1	2	3	4	5	6	7	8	9	10	11	12	13	14	15	16	17	18	19	20	21	22	23	24	25	26	27	28	29	30	31	32	33	34	35	36	37	38	39	40	41	42	43	44	45	46	47	48	49	50	51	52	53	54	55	56	57	58	59	60	61	62	63	64	65	66	67	68	69	70	71	72	73	74	75	76	77	78	79	80	81	82	83	84	85	86	87	88	89	90	91	92	93	94	95	96	97	98	99	100	101	102	103	104	105	106	107	108	109	110	111	112	113	114	115	116	117	118	119	120	121	122	123	124	125	126	127	128	129	130	131	132	133	134	135	136	137	138	139	140	141	142	143	144	145	146	147	148	149	150
Leq-ABas_001_Ex1_L3_clmp.r1r2_fastp	60.758	44.6045	47.351	46.333200000000005	47.376000000000005	45.8547	45.745999999999995	46.928	47.3314	45.7687	50.634	49.7729	49.0597	48.5569	48.3183	48.0479	48.6173	47.9867	48.3671	48.3073	48.3116	47.9354	48.3564	47.634100000000004	48.011199999999995	47.8088	47.7579	47.717999999999996	48.121	47.571799999999996	48.0754	47.929899999999996	47.826299999999996	47.7571	48.1224	47.4532	47.9927	47.846	47.7988	47.7306	48.2592	47.4772	48.069	48.0141	47.642	47.6025	48.097899999999996	47.453	47.9457	47.9684	47.8624	47.6633	48.1521	47.5391	47.930499999999995	47.7693	47.7686	47.7707	48.1619	47.55	48.1149	47.870200000000004	47.6355	47.8414	47.9685	47.4884	47.938399999999994	47.9181	47.7306	47.8328	48.1528	47.4837	47.9319	47.9671	47.6506	47.8184	48.1946	47.5017	48.0579	47.9983	47.8352	47.822199999999995	48.143299999999996	47.6244	47.950900000000004	47.9966	47.8264	48.0069	48.2732	47.6965	48.2736	48.1514	47.8972	48.054	48.3311	47.862	48.4242	48.457699999999996	48.1821	48.4664	48.725699999999996	48.2109	48.6512	48.789	48.4265	48.6941	49.094500000000004	48.6999	49.0767	49.2083	49.032399999999996	49.126999999999995	49.5509	48.9737	49.4859	49.6565	49.4334	49.647200000000005	49.9824	49.4955	50.0719	50.169799999999995	49.8174	50.1085	50.4934	49.9819	50.574200000000005	50.6915	50.3464	50.6606	51.056999999999995	50.4418	50.9199	51.1452	50.9147	51.102000000000004	51.64149999999999	51.2741	51.521499999999996	51.8115	51.3848	51.761100000000006	52.1246	51.52569999999999	52.1637	52.4967	52.060300000000005	52.4652	53.0178	52.4452
Leq-ABas_002_Ex1_L3_clmp.r1r2_fastp	62.503	44.5516	47.3566	45.7718	46.8576	45.7459	45.4242	46.8037	47.484500000000004	45.4604	50.9942	50.3193	49.1203	48.727	48.5417	47.9542	48.5353	48.0972	48.5572	48.2983	48.8714	47.8743	48.4394	47.769600000000004	48.1088	47.7245	47.9615	47.6751	48.2674	47.705999999999996	48.2535	47.8373	48.0359	47.6687	48.0531	47.3848	48.012100000000004	47.7229	48.0231	47.874	48.5979	47.5226	48.177	48.0075	47.7574	47.4167	48.0635	47.5824	48.166599999999995	48.1298	48.3655	47.604800000000004	48.2964	47.5904	48.0213	47.582	47.9817	47.7466	48.2911	47.7674	48.5111	47.8791	47.7064	47.959	47.7481	47.646300000000004	47.9619	47.8528	47.917100000000005	47.8905	48.2742	47.4731	47.928	47.833	47.7569	47.725899999999996	48.2226	47.4014	48.1241	47.9198	47.9012	47.639399999999995	47.936499999999995	47.517199999999995	47.7233	47.7117	47.8001	47.8475	48.2059	47.550399999999996	48.1992	47.6398	47.474	47.5111	47.784	47.4996	48.155300000000004	47.8618	47.7241	47.8917	48.1159	47.488200000000006	47.7638	47.7854	47.6066	47.8076	48.0438	47.9045	48.1057	48.0879	48.2134	47.8487	48.1438	47.6707	48.1429	48.0991	48.1901	48.1271	48.275400000000005	47.923	48.4188	48.1229	47.9844	48.0764	48.2777	47.9924	48.236000000000004	48.2746	48.167100000000005	48.1764	48.438900000000004	47.8042	48.1255	48.174499999999995	48.1866	48.2122	48.5428	48.5135	48.3039	48.4521	48.0983	48.1637	48.3058	47.937000000000005	48.4462	48.6394	48.314800000000005	48.4534	48.7844	48.348400000000005
Leq-ABas_003_Ex1_L3_clmp.r1r2_fastp	57.10659999999999	40.016400000000004	45.0604	42.6769	43.1974	41.9244	41.856300000000005	42.6617	43.540600000000005	41.7553	46.6584	45.845200000000006	44.771899999999995	44.1262	44.4007	43.8327	44.304	44.0374	44.3429	43.993700000000004	44.5641	43.9152	44.189299999999996	43.7775	44.0546	43.5666	43.9596	43.6735	43.9764	43.7184	44.1139	43.703599999999994	44.0227	43.6861	43.9537	43.548700000000004	44.027100000000004	43.578	43.9828	43.6867	44.0548	43.6238	44.0336	43.7491	43.828	43.5191	43.924099999999996	43.5569	43.9434	43.6755	44.0594	43.5926	43.9757	43.532900000000005	43.966899999999995	43.4685	43.8959	43.6492	43.898399999999995	43.629	44.074799999999996	43.532	43.6597	43.7074	43.6601	43.522800000000004	43.8331	43.5757	43.8092	43.6327	43.829	43.4675	43.7615	43.5293	43.668800000000005	43.5586	43.8162	43.425200000000004	43.8972	43.5156	43.7866	43.5522	43.6475	43.5039	43.6218	43.443799999999996	43.7144	43.672	43.8274	43.519600000000004	43.899100000000004	43.5332	43.5938	43.586200000000005	43.628299999999996	43.449	43.9228	43.6539	43.764900000000004	43.785000000000004	43.8703	43.5904	43.8072	43.6928	43.714	43.782	43.906800000000004	43.8728	44.0272	43.8689	44.039899999999996	43.8841	44.022299999999994	43.8014	44.146	43.9312	44.2147	44.1663	44.1494	44.0775	44.432700000000004	44.1098	44.215700000000005	44.2606	44.3369	44.2535	44.5456	44.425	44.4408	44.4822	44.5754	44.3148	44.6025	44.4387	44.689099999999996	44.6239	44.8694	45.057199999999995	44.924	44.8817	44.8883	45.055	44.949099999999994	44.9293	45.3303	45.2683	45.312400000000004	45.4837	45.6404	45.433299999999996
Leq-ABas_004_Ex1_L3_clmp.r1r2_fastp	59.03040000000001	44.486599999999996	46.3025	45.272800000000004	46.1913	44.8624	44.5261	46.0739	46.1548	44.391799999999996	49.177	48.4802	47.5586	47.1395	46.8823	46.686	47.2051	46.6425	46.9264	47.0143	46.9198	46.6151	46.9657	46.3063	46.6302	46.5453	46.3491	46.3452	46.8039	46.2266	46.6467	46.6333	46.4592	46.368900000000004	46.726800000000004	46.137	46.4936	46.5077	46.3418	46.3264	46.8334	46.139	46.5336	46.606500000000004	46.3021	46.2497	46.638000000000005	46.1059	46.476	46.5261	46.389399999999995	46.3034	46.7236	46.1671	46.4764	46.5008	46.3367	46.3194	46.7008	46.197	46.5256	46.5201	46.2401	46.347699999999996	46.6265	46.1222	46.4567	46.5764	46.314699999999995	46.3363	46.7264	46.1343	46.4806	46.6033	46.2727	46.383799999999994	46.748	46.1712	46.5223	46.601	46.395399999999995	46.3913	46.7075	46.268100000000004	46.5182	46.6289	46.3955	46.5126	46.866400000000006	46.3816	46.7145	46.7723	46.4799	46.562	46.924	46.5076	46.8538	47.0026	46.7627	46.922399999999996	47.2571	46.7737	47.0377	47.2836	46.9539	47.1767	47.5134	47.0924	47.3947	47.656	47.3908	47.503299999999996	47.864000000000004	47.374100000000006	47.741299999999995	48.0421	47.733399999999996	47.8651	48.2359	47.8037	48.2015	48.4342	48.0126	48.2506	48.679	48.1858	48.5491	48.849	48.456700000000005	48.6968	49.1524	48.564	48.8971	49.302600000000005	48.9662	49.138	49.6865	49.2172	49.455	49.906299999999995	49.402499999999996	49.6639	50.1802	49.5886	50.0779	50.509	49.8682	50.23609999999999	50.8575	50.3227
Leq-ABas_005_Ex1_L3_clmp.r1r2_fastp	60.9246	44.0473	46.1275	46.215	46.652300000000004	45.4791	45.0545	46.5125	46.5296	45.1454	50.135	49.5866	48.6513	47.9609	47.760799999999996	47.7363	48.0022	47.4799	47.8574	47.7296	47.5282	47.4919	47.6144	47.064299999999996	47.4056	47.2181	47.0898	47.2771	47.5105	47.0677	47.5407	47.3829	47.1657	47.2973	47.4875	47.0171	47.4628	47.2676	47.0423	47.2794	47.4814	46.8904	47.4807	47.3384	47.1254	47.2675	47.3936	46.8997	47.423	47.3331	47.1273	47.259	47.431400000000004	46.9108	47.4181	47.2788	47.1013	47.2917	47.4519	46.9775	47.4577	47.2762	47.043	47.3607	47.4144	46.963300000000004	47.4331	47.3258	47.105599999999995	47.3703	47.482400000000005	47.0138	47.4816	47.3738	47.1411	47.4084	47.52	47.0718	47.5201	47.484700000000004	47.2117	47.448499999999996	47.5442	47.1912	47.5972	47.504999999999995	47.2779	47.5783	47.7035	47.269800000000004	47.8005	47.6681	47.440599999999996	47.751900000000006	47.871900000000004	47.4864	48.013099999999994	47.9316	47.733599999999996	48.0825	48.187999999999995	47.7212	48.2042	48.2342	47.991	48.376200000000004	48.4676	48.1089	48.5831	48.574400000000004	48.3336	48.6386	48.8046	48.3767	48.879	48.9331	48.6406	48.9946	49.0655	48.6967	49.236999999999995	49.211	48.857800000000005	49.2675	49.4326	49.0621	49.4617	49.465399999999995	49.1989	49.5364	49.6832	49.2408	49.767	49.7244	49.4627	49.8557	50.0403	49.594899999999996	50.0205	50.09479999999999	49.7919	50.1193	50.257600000000004	49.886599999999994	50.3923	50.40559999999999	49.9439	50.456500000000005	50.583800000000004	50.194399999999995
Leq-ABas_006_Ex1_L3_clmp.r1r2_fastp	65.5368	45.665499999999994	48.0503	47.2007	48.9549	47.3412	46.8665	48.4067	49.280499999999996	46.083600000000004	52.709700000000005	51.5181	51.1524	50.2641	50.245799999999996	49.6502	50.544599999999996	49.4945	50.2767	49.8262	50.14920000000001	49.4368	50.0772	49.122	49.7568	49.3921	49.4917	49.2395	49.9996	49.1065	49.836000000000006	49.513600000000004	49.6029	49.262499999999996	49.9646	49.0974	49.781	49.4178	49.5332	49.2458	50.0134	49.0593	49.8317	49.5174	49.518299999999996	49.2431	49.899300000000004	49.072900000000004	49.741600000000005	49.5386	49.6376	49.296299999999995	49.9415	49.143100000000004	49.745400000000004	49.4788	49.524	49.2973	49.913999999999994	49.184400000000004	49.849900000000005	49.568200000000004	49.4707	49.416	49.8337	49.2228	49.6795	49.541000000000004	49.5373	49.3703	49.907000000000004	49.172	49.675000000000004	49.5642	49.4514	49.459399999999995	49.9029	49.1517	49.7402	49.589800000000004	49.5749	49.3455	49.837199999999996	49.2601	49.755500000000005	49.572500000000005	49.4874	49.4533	49.9242	49.2387	49.7907	49.6255	49.5142	49.3876	49.9054	49.3404	49.7921	49.627700000000004	49.555	49.5613	49.9545	49.3341	49.712	49.7319	49.5351	49.5659	49.942	49.3815	49.8067	49.7531	49.696	49.557	49.9822	49.3523	49.8301	49.8033	49.6557	49.5509	49.976	49.3846	49.8433	49.7703	49.5471	49.591	49.9544	49.4813	49.8714	49.74	49.6128	49.485	49.9844	49.335	49.7655	49.7371	49.5475	49.6067	49.9835	49.4564	49.775999999999996	49.7463	49.6218	49.647200000000005	49.9477	49.458800000000004	49.8861	49.8594	49.5317	49.688900000000004	49.9621	49.5257
Leq-ABas_007_Ex1_L3_clmp.r1r2_fastp	64.018	45.698699999999995	47.5701	46.800599999999996	48.655300000000004	47.043800000000005	46.6137	48.3392	48.7827	46.0011	52.11559999999999	51.288500000000006	50.759299999999996	50.1383	49.832300000000004	49.4618	49.9927	49.1859	49.8842	49.5808	49.657000000000004	49.278800000000004	49.5637	48.795	49.2335	48.9983	49.0836	49.0015	49.6084	48.841499999999996	49.2168	49.3703	49.1522	49.0058	49.5554	48.9855	49.4699	49.2621	49.1379	48.9285	49.5786	48.762	49.4255	49.2978	48.9381	49.0648	49.385200000000005	48.6568	49.2744	49.1515	49.095499999999994	49.0604	49.4477	49.009	49.2195	49.1056	48.897400000000005	49.1466	49.397400000000005	48.8354	49.268	49.2316	49.106100000000005	49.1381	49.2743	48.9193	49.2487	48.9724	49.0772	49.0334	49.430600000000005	49.1364	49.1321	49.264599999999994	48.8857	49.024	49.275200000000005	48.9803	49.3536	49.0685	49.252	48.9489	49.4964	48.9409	49.492799999999995	49.0882	49.0535	49.254799999999996	49.5119	49.0791	49.1051	49.303799999999995	48.9686	49.0645	49.497099999999996	49.0808	49.3085	49.4912	49.1927	49.2342	49.621700000000004	48.978500000000004	49.4689	49.5533	49.1659	49.2675	49.7383	49.2177	49.296099999999996	49.4581	49.4743	49.4067	49.4384	49.0612	49.5494	49.8454	49.3005	49.3464	49.7281	49.3287	49.608799999999995	49.521	49.3517	49.531	49.516799999999996	49.3003	49.6165	49.5786	49.4196	49.4066	49.912600000000005	49.1793	49.4908	49.5694	49.399300000000004	49.459399999999995	49.798700000000004	49.4085	49.7674	49.5604	49.6656	49.5085	49.8867	49.4324	49.9607	50.166599999999995	49.7066	49.6868	50.0658	49.5121
Leq-ABas_008_Ex1_L3_clmp.r1r2_fastp	60.8224	44.327	44.874199999999995	44.9915	45.4885	44.581199999999995	43.7534	45.5329	45.8842	43.6918	49.2076	48.659	47.7126	47.1376	46.7985	46.8857	46.9669	46.4794	46.9876	46.7545	46.8447	46.5474	46.767199999999995	46.1856	46.5268	46.4458	46.1507	46.2471	46.6736	46.0401	46.759699999999995	46.354	46.2173	46.2926	46.4931	46.1886	46.5024	46.2737	46.2454	46.2134	46.691	45.9239	46.4747	46.3892	46.1562	46.345	46.4179	45.9498	46.5006	46.3312	46.3679	46.235	46.492	46.0605	46.4364	46.3682	46.1472	46.2393	46.5634	45.9697	46.637699999999995	46.2961	46.1443	46.3514	46.394999999999996	46.2049	46.3828	46.314899999999994	46.2176	46.242	46.6143	45.9534	46.3831	46.409	46.1289	46.4243	46.4051	45.9619	46.5051	46.339000000000006	46.294000000000004	46.2588	46.4538	46.144	46.435500000000005	46.4857	46.1551	46.2944	46.549	46.038000000000004	46.586	46.362500000000004	46.1625	46.3888	46.4796	46.2749	46.5171	46.4715	46.334199999999996	46.4047	46.7348	46.2113	46.517599999999995	46.5792	46.3165	46.6078	46.657700000000006	46.2273	46.647	46.5572	46.5598	46.4601	46.7277	46.3801	46.6626	46.7658	46.3781	46.5332	46.792699999999996	46.3247	46.8149	46.5944	46.3579	46.6476	46.6929	46.5009	46.6346	46.6042	46.503299999999996	46.5132	46.8292	46.199600000000004	46.5933	46.6698	46.3793	46.6931	46.6408	46.293	46.7154	46.672599999999996	46.5798	46.5912	46.7969	46.502500000000005	46.7362	46.9003	46.3784	46.6284	46.8218	46.3695
Leq-ABas_009_Ex1_L3_clmp.r1r2_fastp	62.5701	40.6684	45.467200000000005	43.0312	45.0874	43.3202	43.0406	44.075199999999995	45.1411	42.2332	48.4453	47.4957	46.9495	46.054	46.374700000000004	45.6431	46.2825	45.603100000000005	46.163	45.6727	46.1563	45.4429	45.7548	45.245999999999995	45.4898	45.059900000000006	45.306400000000004	45.1226	45.5185	45.1356	45.541199999999996	45.2644	45.502199999999995	45.092	45.56	45.0345	45.4868	45.055800000000005	45.3744	45.050200000000004	45.4858	45.0246	45.5729	45.189099999999996	45.3245	45.0368	45.4198	44.9598	45.3998	45.1202	45.3835	45.0291	45.4228	45.0709	45.391	45.0526	45.2739	45.0371	45.3177	45.0135	45.4426	45.1109	45.2319	45.175599999999996	45.2352	45.0445	45.2596	45.0627	45.231300000000005	45.086999999999996	45.2799	45.0299	45.2502	45.0704	45.0869	45.156	45.2692	45.014900000000004	45.359300000000005	45.063199999999995	45.2634	45.0292	45.2402	45.0694	45.35	45.0203	45.131	45.185900000000004	45.3102	44.9837	45.3744	45.1528	45.213	45.0892	45.3493	45.1846	45.4133	45.1927	45.3176	45.2947	45.4316	45.179	45.4741	45.3892	45.319700000000005	45.3917	45.4939	45.3341	45.5327	45.4283	45.6259	45.4776	45.628	45.4216	45.724900000000005	45.6167	45.6763	45.5818	45.774100000000004	45.556999999999995	45.8343	45.696799999999996	45.6727	45.783	45.8652	45.722	46.0631	45.7483	45.9096	45.7222	46.0449	45.7281	46.0047	45.8788	45.9314	45.9123	46.179500000000004	46.0283	46.1536	46.0195	46.171299999999995	46.1362	46.2913	46.0803	46.4059	46.2408	46.2148	46.2834	46.4117	46.1556
Leq-ABas_010_Ex1_L3_clmp.r1r2_fastp	58.7688	40.4385	44.1669	43.0452	43.6819	42.324400000000004	42.0054	42.9948	43.5033	41.9535	47.0082	46.3278	45.457300000000004	44.657799999999995	44.8853	44.539699999999996	44.8733	44.437599999999996	44.7739	44.4509	44.7038	44.339099999999995	44.485	43.9955	44.3813	43.9398	44.1101	44.0654	44.3486	43.9832	44.4434	44.1176	44.1866	44.0294	44.289899999999996	43.9358	44.3354	44.040600000000005	44.0927	44.0274	44.263999999999996	43.771	44.3145	44.0106	44.047799999999995	43.951499999999996	44.142700000000005	43.7774	44.2467	43.9707	44.047599999999996	43.9567	44.179899999999996	43.7716	44.1882	43.900099999999995	44.060300000000005	44.0011	44.1792	43.8306	44.2723	43.8825	43.9537	43.985400000000006	44.0386	43.788700000000006	44.1421	43.9621	43.9681	44.0643	44.176500000000004	43.7948	44.1854	43.948100000000004	43.9783	44.0606	44.1641	43.8151	44.3022	44.0276	44.079499999999996	44.0719	44.0966	43.9141	44.2142	44.0969	44.0317	44.1785	44.3086	43.9867	44.4286	44.1811	44.1853	44.2341	44.4014	44.1219	44.6214	44.3833	44.3736	44.5505	44.6753	44.3837	44.7678	44.607200000000006	44.5803	44.7812	44.8896	44.6903	45.0786	44.9305	44.9484	45.001999999999995	45.1376	44.895	45.3175	45.2173	45.2175	45.338	45.4516	45.2239	45.671299999999995	45.4971	45.4844	45.642300000000006	45.8168	45.5586	45.9356	45.8052	45.7431	45.953	46.1284	45.7573	46.2039	46.0597	46.1026	46.2699	46.4129	46.1826	46.5474	46.4678	46.3949	46.6642	46.6756	46.425	46.9732	46.9546	46.6767	47.0017	47.1117	46.8323
Leq-ABas_011_Ex1_L3_clmp.r1r2_fastp	63.204499999999996	42.5651	45.343	44.205600000000004	45.9822	44.2631	43.829499999999996	45.129200000000004	46.0636	43.396699999999996	49.5505	48.6352	48.1747	47.227000000000004	47.4009	46.848299999999995	47.4632	46.6226	47.2725	46.876	47.1154	46.5997	46.9576	46.2478	46.718900000000005	46.3258	46.4242	46.3141	46.7984	46.1698	46.8108	46.4746	46.570499999999996	46.319300000000005	46.8633	46.1399	46.7202	46.3282	46.3832	46.251999999999995	46.760200000000005	46.0449	46.7283	46.3993	46.4936	46.2601	46.6391	46.0233	46.657399999999996	46.3552	46.4851	46.235	46.683099999999996	46.1337	46.6766	46.3718	46.4258	46.2964	46.6294	46.130900000000004	46.727000000000004	46.3855	46.376400000000004	46.414699999999996	46.5951	46.1852	46.5728	46.366800000000005	46.4125	46.329	46.6416	46.165299999999995	46.6194	46.413199999999996	46.3591	46.4606	46.6488	46.149699999999996	46.705200000000005	46.4342	46.5064	46.358700000000006	46.6378	46.2684	46.742	46.4171	46.3883	46.4748	46.7183	46.2437	46.7702	46.5402	46.4799	46.4778	46.8076	46.4508	46.815	46.597699999999996	46.6145	46.674	46.8821	46.4794	46.9053	46.7862	46.6724	46.8014	46.936099999999996	46.548899999999996	46.9351	46.85	46.8999	46.8465	47.043	46.685300000000005	47.0992	46.9638	46.8667	46.8958	47.1158	46.7153	47.1381	46.9964	46.898	46.9864	47.234500000000004	46.863	47.2822	47.0069	46.9998	46.9341	47.245799999999996	46.765299999999996	47.1798	47.0931	47.0148	47.0651	47.3036	46.9493	47.2926	47.1558	47.1776	47.173500000000004	47.344	46.9983	47.4139	47.2769	47.0679	47.2556	47.3917	47.0217
Leq-ABas_012_Ex1_L3_clmp.r1r2_fastp	63.1247	42.5556	45.1519	43.7469	45.6603	44.2467	43.5421	44.9243	46.0336	42.958800000000004	49.4396	48.556	47.9919	47.146	47.1883	46.6799	47.2896	46.5478	47.0528	46.7138	47.0505	46.4442	46.690599999999996	46.1933	46.4484	46.1596	46.271699999999996	46.1253	46.5779	46.076899999999995	46.5499	46.3381	46.4309	46.159299999999995	46.6134	46.1186	46.498	46.206399999999995	46.314499999999995	46.1763	46.591100000000004	46.0609	46.5486	46.304899999999996	46.348	46.1548	46.4769	46.0271	46.4616	46.3072	46.408500000000004	46.139599999999994	46.525499999999994	46.1484	46.4694	46.2916	46.3167	46.1816	46.4794	46.1457	46.576	46.311	46.292899999999996	46.3048	46.4122	46.2139	46.3975	46.2843	46.3204	46.2395	46.4739	46.1781	46.3922	46.2923	46.2532	46.315400000000004	46.4484	46.1258	46.4733	46.332699999999996	46.389599999999994	46.214	46.427099999999996	46.195	46.5186	46.328399999999995	46.2746	46.314899999999994	46.5329	46.1696	46.5267	46.3597	46.3013	46.2615	46.5466	46.3192	46.4954	46.3762	46.3971	46.411	46.5839	46.2742	46.4991	46.495999999999995	46.3775	46.4817	46.5488	46.2934	46.5233	46.503699999999995	46.5678	46.4567	46.601	46.357	46.5903	46.5856	46.5064	46.4193	46.6409	46.3867	46.619899999999994	46.5785	46.4195	46.5308	46.658300000000004	46.4448	46.672799999999995	46.4716	46.5065	46.3934	46.6702	46.3374	46.5259	46.5486	46.4662	46.531	46.6571	46.4572	46.6035	46.5507	46.5907	46.5398	46.6884	46.4694	46.748	46.693400000000004	46.512100000000004	46.580799999999996	46.7169	46.4647
Leq-ABas_013_Ex1-1_L3_clmp.r1r2_fastp	65.1502	49.8229	50.6465	50.428	52.19049999999999	50.4694	50.2744	51.9074	51.9458	49.6949	55.3648	54.36450000000001	53.819700000000005	53.3421	52.7552	52.566500000000005	53.3508	52.3104	53.0981	52.9647	52.783199999999994	52.370799999999996	53.1107	52.018	52.611399999999996	52.505599999999994	52.304700000000004	52.180499999999995	53.0343	52.0241	52.715999999999994	52.607099999999996	52.2858	52.2409	53.042500000000004	51.8641	52.6825	52.627199999999995	52.3815	52.3143	53.1452	51.97429999999999	52.7567	52.7542	52.2264	52.2562	52.9949	51.9886	52.7204	52.8161	52.49589999999999	52.281800000000004	53.1303	52.0053	52.62050000000001	52.6187	52.3608	52.441700000000004	53.1533	52.072700000000005	52.900800000000004	52.628699999999995	52.300599999999996	52.514700000000005	52.91630000000001	52.154999999999994	52.7157	52.7324	52.4433	52.559400000000004	53.162600000000005	52.152	52.6523	52.789500000000004	52.3261	52.502300000000005	53.1183	52.0875	52.896	52.85530000000001	52.4613	52.4419	53.006299999999996	52.2009	52.6971	52.8965	52.368	52.737199999999994	53.1929	52.2921	52.9135	53.0119	52.41440000000001	52.66030000000001	53.2499	52.329899999999995	53.1034	53.1456	52.7327	52.9478	53.4829	52.566199999999995	53.054100000000005	53.3205	52.7479	53.063300000000005	53.58540000000001	52.921099999999996	53.36	53.583099999999995	53.144499999999994	53.2662	53.8901	52.9751	53.56530000000001	53.7165	53.380399999999995	53.5039	54.07189999999999	53.2983	53.7461	53.9661	53.42	53.7925	54.1907	53.4349	53.910599999999995	54.1809	53.637100000000004	53.9803	54.3228	53.5323	54.15689999999999	54.394299999999994	53.839000000000006	54.1216	54.650299999999994	53.9973	54.2729	54.596000000000004	53.9613	54.349000000000004	54.705499999999994	53.9262	54.567299999999996	54.9521	54.207499999999996	54.564800000000005	55.193099999999994	54.564299999999996
Leq-ABas_013_Ex1-2_L3_clmp.r1r2_fastp	65.68260000000001	43.1587	46.5665	44.2536	47.0194	44.8751	44.6878	46.2427	47.564499999999995	43.4483	50.8414	49.5968	49.2732	48.161	48.4991	47.4877	48.5174	47.423300000000005	48.324	47.755399999999995	48.233	47.3536	47.9817	47.0576	47.519600000000004	47.1073	47.3251	46.982600000000005	47.6652	46.9962	47.5439	47.3255	47.5754	46.9816	47.808499999999995	46.8854	47.559400000000004	47.0801	47.3778	46.895900000000005	47.6541	46.8929	47.6458	47.1986	47.3958	46.8845	47.6237	46.8314	47.475699999999996	47.1698	47.4082	46.909	47.6134	47.0002	47.4415	47.1169	47.297200000000004	46.964099999999995	47.4886	46.903299999999994	47.5039	47.2496	47.2501	47.1318	47.416399999999996	47.0551	47.2728	47.1237	47.2794	47.0212	47.4306	47.0268	47.2926	47.1306	47.0922	47.127	47.402300000000004	46.9698	47.4113	47.102	47.2854	46.956399999999995	47.3617	47.002	47.402	47.073	47.072	47.144999999999996	47.4073	46.896	47.369699999999995	47.224199999999996	47.1544	46.945100000000004	47.4325	47.0984	47.294599999999996	47.1344	47.247	47.099000000000004	47.4004	46.9318	47.2694	47.261900000000004	47.0968	47.1231	47.3521	47.0032	47.232800000000005	47.1594	47.2853	47.0697	47.3395	46.9846	47.3275	47.2675	47.239399999999996	47.042	47.422	46.959	47.2488	47.2961	47.0621	47.1758	47.3823	47.0363	47.454499999999996	47.111999999999995	47.2466	46.8893	47.4013	46.9206	47.1959	47.1621	47.1016	47.0182	47.4276	47.1376	47.293400000000005	47.1553	47.3292	47.1407	47.4431	47.0875	47.3974	47.2761	47.2444	47.2264	47.4972	47.0931
Leq-ABas_014_Ex1_L3_clmp.r1r2_fastp	64.5408	45.0828	47.2385	46.8523	48.239	46.849000000000004	46.2174	47.868	48.402699999999996	45.8673	51.91909999999999	51.1061	50.5556	49.7537	49.562400000000004	49.314099999999996	49.869400000000006	49.038	49.6798	49.3892	49.4277	49.114000000000004	49.3816	48.7545	49.1694	48.9808	48.8793	48.9151	49.342200000000005	48.694700000000005	49.3255	49.0979	49.0062	48.9641	49.357099999999996	48.7107	49.2804	49.0491	48.932700000000004	48.9494	49.3587	48.6634	49.3194	49.128899999999994	48.9699	48.9807	49.2951	48.6705	49.2763	49.1365	48.9994	48.973299999999995	49.329299999999996	48.7682	49.2427	49.086999999999996	48.9899	49.004999999999995	49.2814	48.8114	49.336600000000004	49.1443	48.9159	49.0844	49.236999999999995	48.8429	49.2191	49.1199	48.972100000000005	49.0721	49.3448	48.7924	49.2257	49.1205	48.928	49.1389	49.3062	48.780699999999996	49.2876	49.186099999999996	49.0351	49.0722	49.3347	48.8858	49.3118	49.1974	48.9422	49.1541	49.3705	48.869800000000005	49.3586	49.27	49.0149	49.1425	49.397000000000006	49.0022	49.357	49.2836	49.1218	49.3101	49.504599999999996	49.033500000000004	49.418800000000005	49.414	49.1596	49.3673	49.494899999999994	49.058600000000006	49.4396	49.4549	49.303799999999995	49.3632	49.5419	49.1314	49.5419	49.5625	49.3018	49.4226	49.6378	49.1634	49.552800000000005	49.5375	49.2271	49.509100000000004	49.6269	49.276399999999995	49.608799999999995	49.509	49.2939	49.406	49.6573	49.178399999999996	49.519400000000005	49.578	49.2823	49.4843	49.6572	49.2857	49.5766	49.5393	49.4288	49.5162	49.7324	49.3065	49.7307	49.72	49.3521	49.6397	49.8206	49.422700000000006
Leq-ABas_015_Ex1_L3_clmp.r1r2_fastp	65.1002	44.5695	47.009	46.3814	48.2864	46.6905	45.9855	47.4835	48.1642	45.4957	51.9467	50.8608	50.585800000000006	49.6106	49.4298	49.1326	49.8108	48.8014	49.543	49.137100000000004	49.3066	48.7763	49.2652	48.3999	48.952400000000004	48.666399999999996	48.601499999999994	48.564800000000005	49.1141	48.3116	49.0	48.7722	48.7038	48.606899999999996	49.135400000000004	48.3406	48.9367	48.680099999999996	48.6225	48.5625	49.0655	48.2803	49.0037	48.727399999999996	48.6562	48.578700000000005	48.9688	48.2556	48.9266	48.7315	48.6599	48.5848	49.032399999999996	48.3513	48.9129	48.725	48.587	48.627700000000004	49.0246	48.3722	49.0045	48.7301	48.5582	48.672900000000006	48.9561	48.4292	48.9037	48.7519	48.6364	48.692	48.9989	48.4375	48.8534	48.7585	48.5723	48.7869	49.0781	48.3796	49.0347	48.8202	48.7423	48.6802	49.0179	48.4891	48.9979	48.8386	48.653999999999996	48.836800000000004	49.114000000000004	48.5627	49.0885	48.929	48.7524	48.8644	49.182900000000004	48.6622	49.1492	49.0666	48.9124	49.1064	49.3344	48.7825	49.2502	49.251	48.964	49.2348	49.4628	48.9609	49.425200000000004	49.3586	49.1986	49.337900000000005	49.5749	49.0632	49.5589	49.5971	49.323499999999996	49.454100000000004	49.7121	49.1851	49.717299999999994	49.6666	49.3737	49.6216	49.8217	49.363099999999996	49.8168	49.736200000000004	49.5083	49.6582	49.9683	49.3641	49.8368	49.886	49.5474	49.7893	50.035700000000006	49.5731	49.9373	49.899	49.7509	49.8427	50.149100000000004	49.6963	50.166	50.1465	49.7753	50.102999999999994	50.281299999999995	49.8951
Leq-ABas_016_Ex1_L3_clmp.r1r2_fastp	63.7238	49.5859	49.713	50.066	51.2397	49.7249	49.230000000000004	51.2825	50.8428	49.0249	54.2197	53.542199999999994	52.703900000000004	52.3665	51.71249999999999	51.7348	52.4195	51.4574	51.9021	52.1572	51.606700000000004	51.6053	52.099399999999996	51.0915	51.5715	51.76389999999999	51.1797	51.3925	51.9803	51.119899999999994	51.657399999999996	51.816399999999994	51.2288	51.3923	51.9606	51.0807	51.5549	51.775800000000004	51.1697	51.3747	51.9554	51.0341	51.594899999999996	51.8161	51.196200000000005	51.357200000000006	51.931400000000004	51.0428	51.5639	51.8096	51.2508	51.3725	51.9736	51.0919	51.563700000000004	51.81869999999999	51.279300000000006	51.4525	51.9611	51.1902	51.6628	51.8599	51.2498	51.505199999999995	51.964600000000004	51.180499999999995	51.631400000000006	51.9154	51.336400000000005	51.541599999999995	52.072799999999994	51.2185	51.6437	51.9689	51.373999999999995	51.6401	52.076	51.281299999999995	51.749199999999995	52.0495	51.4961	51.652100000000004	52.16420000000001	51.3862	51.8138	52.134100000000004	51.5308	51.7759	52.3138	51.524	51.9827	52.267799999999994	51.674600000000005	51.945600000000006	52.442699999999995	51.7041	52.16499999999999	52.5103	51.914300000000004	52.2697	52.7975	52.017	52.5099	52.863400000000006	52.2486	52.5923	53.1169	52.380300000000005	52.8633	53.2913	52.6319	52.9747	53.512800000000006	52.680899999999994	53.2204	53.623	52.9404	53.3089	53.843300000000006	53.0728	53.635600000000004	53.9806	53.3012	53.6764	54.254000000000005	53.426300000000005	53.949999999999996	54.378400000000006	53.665600000000005	54.043600000000005	54.637299999999996	53.814099999999996	54.236700000000006	54.7373	53.998900000000006	54.379900000000006	54.98030000000001	54.1629	54.6014	55.124700000000004	54.344	54.762299999999996	55.3326	54.486599999999996	55.035000000000004	55.591	54.7024	55.1855	55.732000000000006	55.0956
Leq-ABas_017_Ex1_L3_clmp.r1r2_fastp	65.7486	50.4952	50.8541	51.3158	52.624	51.1976	50.5463	52.751999999999995	52.3959	50.153400000000005	55.8586	55.0782	54.4013	53.905	53.2274	53.287600000000005	53.918600000000005	52.9204	53.4349	53.603	53.068099999999994	53.0751	53.5058	52.579600000000006	53.0319	53.203599999999994	52.6239	52.9074	53.5122	52.608200000000004	53.1486	53.319399999999995	52.7421	52.9127	53.493900000000004	52.6168	53.121399999999994	53.2523	52.678999999999995	52.8642	53.416799999999995	52.522400000000005	53.1249	53.2814	52.7728	52.9435	53.413	52.5339	53.112300000000005	53.314499999999995	52.745	52.933600000000006	53.447599999999994	52.601600000000005	53.1251	53.331399999999995	52.7081	52.986999999999995	53.41439999999999	52.628600000000006	53.1773	53.3435	52.71209999999999	53.01519999999999	53.4372	52.682700000000004	53.1197	53.345600000000005	52.782799999999995	53.02590000000001	53.4323	52.6752	53.1409	53.38119999999999	52.766999999999996	53.097300000000004	53.4513	52.734700000000004	53.2283	53.436099999999996	52.843300000000006	53.09700000000001	53.5126	52.7945	53.2594	53.4736	52.8729	53.196600000000004	53.614399999999996	52.830200000000005	53.351400000000005	53.5685	52.9568	53.2522	53.6889	52.9964	53.4477	53.723600000000005	53.1215	53.443	53.8608	53.1404	53.5752	53.8953	53.2844	53.6196	53.9972	53.30970000000001	53.762699999999995	54.0288	53.528	53.784699999999994	54.224000000000004	53.505	53.9681	54.2764	53.6497	53.928200000000004	54.4223	53.6615	54.1343	54.4151	53.7975	54.13719999999999	54.561400000000006	53.84910000000001	54.2716	54.562	54.0219	54.2894	54.739599999999996	53.97579999999999	54.4229	54.7225	54.1251	54.4446	54.922000000000004	54.1697	54.63479999999999	54.9867	54.32940000000001	54.669599999999996	55.10850000000001	54.419799999999995	54.878499999999995	55.201100000000004	54.482699999999994	54.9354	55.3458	54.8481
Leq-ABas_018_Ex1_L3_clmp.r1r2_fastp	62.7845	45.2329	46.890100000000004	46.4125	47.3871	46.2498	45.6212	47.415099999999995	47.6015	44.9325	51.000299999999996	50.1393	49.4156	48.6782	48.514	48.3624	48.812	48.0575	48.6064	48.3335	48.385600000000004	48.1103	48.3468	47.7663	48.1901	47.9337	47.8373	47.8451	48.3051	47.6681	48.254200000000004	47.9745	47.9271	47.8805	48.239399999999996	47.679700000000004	48.1792	47.9313	47.782599999999995	47.8214	48.2123	47.585300000000004	48.1688	47.9976	47.8798	47.8594	48.1163	47.571000000000005	48.1394	47.959	47.8721	47.8644	48.176	47.610400000000006	48.1144	47.970400000000005	47.854200000000006	47.8866	48.1696	47.671400000000006	48.193200000000004	47.984700000000004	47.7916	47.9399	48.1146	47.712900000000005	48.0871	47.970400000000005	47.832	47.9139	48.1687	47.6635	48.0972	47.9844	47.8411	47.9752	48.146499999999996	47.687000000000005	48.144999999999996	48.044	47.9264	47.9549	48.1771	47.7794	48.1944	48.0737	47.8721	48.0352	48.2592	47.7606	48.2527	48.1354	47.9667	48.0983	48.3538	47.942099999999996	48.3166	48.2309	48.0903	48.1931	48.4446	47.9937	48.356700000000004	48.3473	48.1458	48.3639	48.5006	48.092	48.4587	48.4669	48.3154	48.4122	48.585	48.179	48.5703	48.576	48.3238	48.485	48.6759	48.2769	48.710300000000004	48.6074	48.3735	48.584500000000006	48.763400000000004	48.408699999999996	48.7484	48.6249	48.4919	48.5986	48.8325	48.3804	48.7544	48.7496	48.516	48.707899999999995	48.8555	48.480000000000004	48.8716	48.8338	48.6894	48.8551	49.0003	48.6327	49.0282	49.0174	48.6477	48.928700000000006	49.1096	48.7209
Leq-ABas_019_Ex1_L3_clmp.r1r2_fastp	63.3051	46.693200000000004	47.9599	47.7038	48.875299999999996	47.5794	47.076	48.8453	48.9604	46.5129	52.2644	51.5864	50.8505	50.155300000000004	49.9633	49.7602	50.2405	49.5442	49.9846	49.870799999999996	49.7682	49.5782	49.8467	49.206	49.604	49.4328	49.254799999999996	49.3842	49.763000000000005	49.1509	49.6309	49.5452	49.318200000000004	49.363600000000005	49.7657	49.1401	49.6513	49.4564	49.275600000000004	49.2974	49.6985	49.0493	49.6184	49.5131	49.3594	49.3245	49.6479	49.0569	49.5712	49.4953	49.3241	49.3712	49.6471	49.1104	49.565599999999996	49.5008	49.2647	49.3971	49.664199999999994	49.1257	49.5975	49.5051	49.247600000000006	49.445899999999995	49.605	49.163000000000004	49.546099999999996	49.5035	49.2736	49.3765	49.659	49.1918	49.5253	49.4941	49.242399999999996	49.4297	49.6552	49.1632	49.642399999999995	49.5721	49.336600000000004	49.4359	49.6571	49.199	49.6261	49.5334	49.2998	49.497	49.7205	49.2172	49.661100000000005	49.5931	49.3489	49.5148	49.7879	49.372	49.7622	49.7195	49.5199	49.667899999999996	49.851800000000004	49.4337	49.808099999999996	49.8486	49.5676	49.8086	49.9546	49.5089	49.906099999999995	49.913000000000004	49.7183	49.8389	50.03680000000001	49.5877	50.017599999999995	50.0236	49.7413	49.9231	50.1634	49.637	50.0562	50.11	49.7593	50.0193	50.212900000000005	49.8005	50.165499999999994	50.111700000000006	49.853500000000004	49.9793	50.287000000000006	49.7626	50.1773	50.1927	49.9002	50.1143	50.2988	49.9243	50.2335	50.2147	50.0258	50.208200000000005	50.379	49.9307	50.352799999999995	50.411899999999996	49.9805	50.273500000000006	50.4654	50.146
Leq-ABas_020_Ex1_L3_clmp.r1r2_fastp	62.0125	48.084199999999996	48.527	49.1922	49.790600000000005	48.539500000000004	48.098800000000004	49.8807	49.5428	47.8652	52.681	52.2432	51.3858	50.8343	50.4031	50.582800000000006	50.835300000000004	50.2742	50.64999999999999	50.5667	50.209199999999996	50.37199999999999	50.537	49.9014	50.3275	50.231700000000004	49.918	50.2238	50.508399999999995	49.9079	50.4055	50.325399999999995	49.9488	50.2162	50.415200000000006	49.9041	50.3618	50.305200000000006	49.895	50.1633	50.393299999999996	49.8108	50.3414	50.29860000000001	49.9449	50.1846	50.3517	49.8425	50.3315	50.313300000000005	49.9633	50.1896	50.3972	49.851	50.2807	50.300900000000006	49.966899999999995	50.2146	50.40860000000001	49.884	50.368199999999995	50.289899999999996	49.9288	50.261599999999994	50.363400000000006	49.9028	50.3497	50.2925	50.014	50.2213	50.3986	49.9375	50.313300000000005	50.32450000000001	49.9708	50.27589999999999	50.452	49.9818	50.4101	50.393299999999996	50.023399999999995	50.31139999999999	50.4251	49.9528	50.42529999999999	50.441100000000006	50.0677	50.37160000000001	50.544599999999996	50.0109	50.5451	50.5035	50.1008	50.469699999999996	50.626599999999996	50.21020000000001	50.6096	50.62649999999999	50.35269999999999	50.6444	50.833600000000004	50.2868	50.7445	50.803	50.488	50.772099999999995	50.9097	50.465199999999996	50.92680000000001	50.9946	50.6642	50.9144	51.080999999999996	50.578500000000005	51.07190000000001	51.0893	50.75110000000001	51.098	51.206799999999994	50.740700000000004	51.208299999999994	51.222699999999996	50.8377	51.1868	51.30200000000001	50.92250000000001	51.2838	51.382000000000005	50.943400000000004	51.2949	51.4474	51.0535	51.38700000000001	51.4943	51.0808	51.4115	51.5193	51.09	51.4949	51.5535	51.1803	51.50599999999999	51.6779	51.2541	51.6756	51.802499999999995	51.259600000000006	51.724599999999995	51.897000000000006	51.5203
Leq-ABas_021_Ex1_L3_clmp.r1r2_fastp	63.8127	43.8022	46.7575	45.9675	47.517199999999995	45.998099999999994	45.4238	46.827999999999996	47.3921	44.8801	50.82790000000001	50.0672	49.4282	48.5873	48.5853	48.2711	48.7716	48.0293	48.5944	48.2407	48.409600000000005	48.0349	48.2769	47.6641	48.0814	47.7501	47.7446	47.8177	48.161100000000005	47.6522	48.1798	47.9067	47.8861	47.793400000000005	48.1387	47.6016	48.097899999999996	47.8192	47.7455	47.7562	48.0887	47.5334	48.0784	47.8706	47.806599999999996	47.7395	48.010000000000005	47.510799999999996	48.021	47.8456	47.8248	47.725899999999996	48.0657	47.6008	48.0122	47.855799999999995	47.7352	47.741099999999996	47.972	47.612	48.057100000000005	47.862100000000005	47.7488	47.8731	47.9592	47.641	47.9393	47.8068	47.7369	47.8082	48.038799999999995	47.6072	47.9765	47.821999999999996	47.7103	47.9116	47.942299999999996	47.6216	48.025800000000004	47.8922	47.8062	47.8441	48.0246	47.674699999999994	48.0639	47.8775	47.7138	47.9137	48.0437	47.6496	48.0987	47.9666	47.7856	47.8944	48.1283	47.800799999999995	48.08	47.9837	47.8792	48.024	48.1653	47.8249	48.1344	48.0895	47.8881	48.0901	48.166599999999995	47.8045	48.144	48.0898	48.065400000000004	48.1163	48.2211	47.8947	48.2451	48.1835	48.0088	48.0803	48.254999999999995	47.9114	48.2371	48.1956	47.9411	48.2184	48.257600000000004	47.9453	48.2975	48.0862	48.0569	48.0158	48.3117	47.884	48.1958	48.1678	47.9872	48.147400000000005	48.2727	47.9525	48.2267	48.1766	48.1396	48.1965	48.3209	48.0062	48.367	48.2999	47.9745	48.2147	48.4074	47.9849
Leq-ABas_022_Ex1_L3_clmp.r1r2_fastp	64.7212	46.590399999999995	48.3643	48.2815	49.5562	48.052	47.4871	49.1391	49.6439	47.0062	53.0841	52.0889	51.628600000000006	50.822199999999995	50.5432	50.3756	50.9707	50.0301	50.751999999999995	50.466699999999996	50.4208	50.1233	50.4659	49.7333	50.231700000000004	50.0405	49.885600000000004	49.9185	50.464200000000005	49.6778	50.3444	50.1839	50.0275	50.0147	50.507000000000005	49.6959	50.341	50.106700000000004	49.947	49.939	50.45420000000001	49.6924	50.3452	50.234100000000005	49.9901	50.0192	50.43260000000001	49.6924	50.314400000000006	50.2374	50.0042	50.0343	50.4659	49.7641	50.3136	50.2189	49.9521	50.069399999999995	50.436899999999994	49.7775	50.353899999999996	50.2491	49.9643	50.130399999999995	50.410999999999994	49.858200000000004	50.3136	50.2636	50.0248	50.112100000000005	50.5197	49.8386	50.3766	50.2996	50.004000000000005	50.213499999999996	50.497499999999995	49.8857	50.421400000000006	50.343199999999996	50.0995	50.15579999999999	50.5282	49.9503	50.476200000000006	50.383100000000006	50.125699999999995	50.3274	50.6169	50.029199999999996	50.556599999999996	50.5173	50.242200000000004	50.4043	50.729800000000004	50.1807	50.5999	50.6158	50.3728	50.596399999999996	50.875099999999996	50.304700000000004	50.7791	50.8113	50.48350000000001	50.7239	50.947900000000004	50.443599999999996	50.87819999999999	50.900800000000004	50.6872	50.8641	51.1566	50.5757	51.078900000000004	51.111399999999996	50.8135	50.9356	51.2815	50.691399999999994	51.192099999999996	51.195299999999996	50.8531	51.1244	51.3752	50.841800000000006	51.3458	51.28359999999999	51.039100000000005	51.1263	51.526799999999994	50.9174	51.403200000000005	51.4468	51.0988	51.2761	51.6562	51.0845	51.520500000000006	51.54919999999999	51.3186	51.4764	51.8191	51.2628	51.72130000000001	51.7733	51.3545	51.6162	51.966	51.5193
Leq-ABas_023_Ex1_L3_clmp.r1r2_fastp	64.0213	44.216899999999995	46.7424	45.8722	47.449000000000005	46.1759	45.608599999999996	47.3455	47.8039	44.880900000000004	51.441199999999995	50.505199999999995	49.8944	49.0703	48.9566	48.6562	49.1559	48.404199999999996	48.943799999999996	48.626799999999996	48.680299999999995	48.3062	48.552099999999996	47.9865	48.3593	48.105599999999995	48.043200000000006	48.0623	48.4531	47.929300000000005	48.4583	48.2556	48.2129	48.1424	48.5223	47.9261	48.4073	48.1509	48.091499999999996	48.049	48.4356	47.8457	48.4636	48.2294	48.1603	48.121199999999995	48.3894	47.8626	48.3791	48.221599999999995	48.1764	48.092800000000004	48.460300000000004	47.9401	48.4043	48.2337	48.125299999999996	48.1314	48.3921	47.9499	48.4527	48.245	48.1071	48.229	48.3389	48.02	48.3175	48.2209	48.1108	48.1631	48.3827	48.0124	48.3242	48.2317	48.058299999999996	48.2432	48.3727	47.9661	48.4007	48.247	48.1871	48.1897	48.3466	48.0356	48.429100000000005	48.2183	48.078500000000005	48.2829	48.3982	47.9816	48.4259	48.3104	48.1209	48.2188	48.465599999999995	48.147400000000005	48.4107	48.314800000000005	48.1827	48.3121	48.4477	48.0764	48.4366	48.4251	48.17	48.3403	48.4302	48.1227	48.4052	48.3809	48.2861	48.3314	48.4689	48.1324	48.470800000000004	48.4202	48.254200000000004	48.275600000000004	48.526	48.0969	48.4718	48.3947	48.1817	48.341	48.4816	48.1612	48.483399999999996	48.2939	48.2573	48.227	48.4882	48.0347	48.377900000000004	48.3233	48.1707	48.302499999999995	48.4755	48.1526	48.4244	48.3591	48.301100000000005	48.3564	48.5401	48.1497	48.485299999999995	48.4581	48.2032	48.3951	48.5094	48.173100000000005
Leq-ABas_025_Ex1_L3_clmp.r1r2_fastp	64.8031	44.6063	46.8533	45.696	47.659400000000005	45.9284	45.4439	47.0041	47.8715	44.5883	51.1285	50.147	49.7907	48.7852	48.8636	48.351699999999994	49.0293	48.1112	48.889500000000005	48.3925	48.674499999999995	48.145700000000005	48.5529	47.8147	48.2729	47.9435	47.944199999999995	47.862500000000004	48.362500000000004	47.705999999999996	48.306900000000006	48.0681	48.1348	47.8875	48.4217	47.7157	48.2979	47.9163	47.9815	47.7976	48.2976	47.6729	48.3476	47.9974	48.032799999999995	47.8692	48.2441	47.6304	48.2165	47.943999999999996	48.0345	47.8275	48.2724	47.7191	48.235099999999996	47.984	47.9505	47.8768	48.1907	47.7128	48.2427	48.0102	47.906	47.971799999999995	48.1516	47.7956	48.135	47.9626	47.9677	47.8805	48.1656	47.7783	48.1233	47.96	47.8437	47.995900000000006	48.1543	47.7583	48.200900000000004	47.972300000000004	47.9808	47.8956	48.1709	47.794	48.2563	47.9407	47.8703	48.0084	48.1769	47.720600000000005	48.207	48.0719	47.9566	47.9047	48.2517	47.8995	48.1835	48.0373	48.0087	48.0694	48.240300000000005	47.833	48.2291	48.1634	48.0171	48.1051	48.2466	47.872	48.207	48.0843	48.1015	48.1153	48.2777	47.9271	48.2592	48.2247	48.1018	48.095	48.3392	47.9184	48.2843	48.248999999999995	48.0089	48.1899	48.3649	48.0051	48.3984	48.1423	48.1502	48.046	48.3879	47.9172	48.2853	48.1943	48.065000000000005	48.1312	48.4273	48.033500000000004	48.365700000000004	48.2209	48.2298	48.2711	48.4271	48.0687	48.4908	48.381800000000005	48.1802	48.3551	48.5114	48.1482
Leq-ABas_026_Ex1_L3_clmp.r1r2_fastp	62.852799999999995	47.2964	48.2172	48.571799999999996	49.3361	47.9865	47.444399999999995	49.2314	49.0231	47.2683	52.3853	51.932	51.071999999999996	50.4362	50.0845	50.08519999999999	50.4734	49.7973	50.2762	50.1759	49.9284	49.957	50.18470000000001	49.472699999999996	49.9373	49.8361	49.5383	49.7399	50.06699999999999	49.3746	49.965399999999995	49.8613	49.574400000000004	49.695699999999995	50.0265	49.4255	49.897000000000006	49.8022	49.4921	49.6832	50.058800000000005	49.316900000000004	49.892900000000004	49.8531	49.5522	49.6774	49.9714	49.3181	49.8666	49.8618	49.542500000000004	49.6734	49.9994	49.3649	49.877	49.825599999999994	49.5559	49.7259	50.019000000000005	49.4237	49.96	49.8531	49.5352	49.7513	50.0052	49.4147	49.917699999999996	49.9067	49.5836	49.7852	50.0541	49.4214	49.934	49.910199999999996	49.6118	49.8412	50.0927	49.467800000000004	50.0135	50.0251	49.701299999999996	49.8566	50.1033	49.5593	50.055400000000006	50.04880000000001	49.7044	49.9709	50.241499999999995	49.6728	50.1752	50.1517	49.8382	50.0927	50.351	49.8079	50.348400000000005	50.3981	50.04729999999999	50.375400000000006	50.6375	50.0754	50.5298	50.6154	50.293600000000005	50.626400000000004	50.8405	50.3174	50.844699999999996	50.8876	50.58970000000001	50.843799999999995	51.0945	50.5619	51.0428	51.174299999999995	50.8065	51.110699999999994	51.3282	50.856	51.3289	51.3895	51.0043	51.359500000000004	51.5895	51.0937	51.519800000000004	51.628099999999996	51.2401	51.6015	51.85419999999999	51.275499999999994	51.781299999999995	51.882600000000004	51.441199999999995	51.8012	52.0649	51.4968	51.9857	52.1297	51.692899999999995	52.0614	52.273199999999996	51.7815	52.2407	52.4454	51.88270000000001	52.303200000000004	52.5613	52.161500000000004
Leq-ABas_027_Ex1_L3_clmp.r1r2_fastp	66.70859999999999	53.6818	52.3691	53.4353	55.1432	53.438900000000004	52.7653	55.1049	54.594500000000004	52.5883	57.804199999999994	57.004	56.423500000000004	56.189699999999995	55.1294	55.332300000000004	56.232400000000005	54.9813	55.52589999999999	55.960699999999996	55.1096	55.1991	55.8767	54.62200000000001	55.19199999999999	55.584900000000005	54.693599999999996	54.98030000000001	55.787	54.6002	55.1665	55.5958	54.7457	55.000899999999994	55.7806	54.593	55.1567	55.582600000000006	54.680499999999995	54.9444	55.74829999999999	54.541	55.201299999999996	55.6351	54.748799999999996	54.9994	55.744800000000005	54.5804	55.183899999999994	55.6117	54.763799999999996	55.016200000000005	55.7765	54.6581	55.2115	55.64	54.786199999999994	55.0782	55.772600000000004	54.683099999999996	55.2778	55.68920000000001	54.771499999999996	55.137100000000004	55.7899	54.7495	55.2149	55.694900000000004	54.813100000000006	55.1053	55.85099999999999	54.722300000000004	55.232800000000005	55.7121	54.848600000000005	55.213100000000004	55.8945	54.758700000000005	55.322	55.7807	54.931799999999996	55.23479999999999	55.8677	54.875099999999996	55.397600000000004	55.819399999999995	54.98499999999999	55.3032	55.9753	54.9609	55.50770000000001	55.9323	55.0506	55.385600000000004	56.1265	55.108999999999995	55.6245	56.13120000000001	55.250699999999995	55.6697	56.325599999999994	55.2563	55.776199999999996	56.371700000000004	55.461800000000004	55.886100000000006	56.540800000000004	55.5304	56.0525	56.6228	55.757	56.0694	56.7862	55.736399999999996	56.2413	56.8408	55.9331	56.3257	57.030800000000006	56.0161	56.55369999999999	57.139799999999994	56.181099999999994	56.5991	57.2963	56.2068	56.7291	57.3116	56.4139	56.8028	57.545500000000004	56.411699999999996	56.9605	57.565200000000004	56.638999999999996	57.0325	57.743100000000005	56.66909999999999	57.193400000000004	57.81190000000001	56.8731	57.302699999999994	58.0434	56.9033	57.525400000000005	58.142	57.056	57.6075	58.2711	57.491899999999994
Leq-ABas_028_Ex1_L3_clmp.r1r2_fastp	61.7103	48.5092	48.626599999999996	48.9607	49.954100000000004	48.6396	48.17	49.9473	49.733	47.9582	52.75	52.200599999999994	51.4803	51.061800000000005	50.5417	50.524100000000004	51.1173	50.306799999999996	50.72	50.862899999999996	50.4498	50.39019999999999	50.828700000000005	49.9469	50.417100000000005	50.4668	50.07509999999999	50.220200000000006	50.7737	50.0212	50.49209999999999	50.54110000000001	50.09400000000001	50.2185	50.7448	49.924	50.5107	50.53959999999999	50.12259999999999	50.167300000000004	50.7623	49.8892	50.4301	50.58709999999999	50.135600000000004	50.2026	50.754900000000006	49.9429	50.430600000000005	50.609899999999996	50.186299999999996	50.2302	50.791	49.9938	50.480999999999995	50.5856	50.1918	50.2998	50.801399999999994	50.072700000000005	50.5442	50.6127	50.1974	50.33800000000001	50.784099999999995	50.098	50.5328	50.674600000000005	50.275400000000005	50.381600000000006	50.902899999999995	50.133399999999995	50.568900000000006	50.7603	50.2602	50.4668	50.9034	50.1409	50.649	50.838899999999995	50.4041	50.4928	50.937	50.236999999999995	50.6893	50.8741	50.44840000000001	50.605599999999995	51.121399999999994	50.3578	50.872499999999995	50.990899999999996	50.5702	50.7444	51.21639999999999	50.554500000000004	51.0846	51.2522	50.808600000000006	51.078100000000006	51.4795	50.808	51.2618	51.5173	51.0328	51.303200000000004	51.7638	51.1111	51.5458	51.821	51.330200000000005	51.5216	51.99700000000001	51.259699999999995	51.8018	52.0574	51.5043	51.7543	52.267399999999995	51.509499999999996	52.020999999999994	52.310100000000006	51.7493	51.9934	52.455	51.77270000000001	52.1701	52.4853	51.950799999999994	52.18899999999999	52.641000000000005	51.9358	52.3506	52.615	52.130900000000004	52.431799999999996	52.815400000000004	52.1813	52.5447	52.86189999999999	52.3444	52.578100000000006	53.038	52.33219999999999	52.81400000000001	53.1606	52.481199999999994	52.8542	53.32750000000001	52.722199999999994
Leq-ABas_029_Ex1_L3_clmp.r1r2_fastp	63.8258	46.913700000000006	47.5537	48.2053	49.2964	47.9398	47.341699999999996	48.9717	49.032	47.4398	52.5336	52.091100000000004	51.42679999999999	50.7787	50.3344	50.4202	50.7869	49.9735	50.515600000000006	50.46000000000001	50.109899999999996	50.1796	50.4391	49.6495	50.1993	50.0717	49.7653	49.9749	50.368	49.6118	50.296600000000005	50.11	49.804700000000004	49.993700000000004	50.3338	49.654199999999996	50.2216	50.125699999999995	49.7263	49.9621	50.3171	49.5278	50.1446	50.145700000000005	49.795899999999996	50.0193	50.270199999999996	49.554500000000004	50.18939999999999	50.1841	49.8123	49.9662	50.3215	49.5775	50.243	50.1426	49.7995	50.0393	50.2962	49.6841	50.2868	50.1642	49.748599999999996	50.0609	50.2799	49.674800000000005	50.226099999999995	50.1725	49.8141	50.079499999999996	50.3614	49.6627	50.222	50.194399999999995	49.837399999999995	50.1466	50.3492	49.685	50.2939	50.271100000000004	49.8804	50.1124	50.349999999999994	49.762	50.326800000000006	50.31099999999999	49.9245	50.1879	50.45269999999999	49.8502	50.397400000000005	50.363800000000005	49.9521	50.2664	50.5266	49.9843	50.4831	50.4814	50.076100000000004	50.452200000000005	50.700500000000005	50.0725	50.5702	50.6672	50.2047	50.624	50.79559999999999	50.1978	50.7297	50.800599999999996	50.42959999999999	50.7027	50.9336	50.305699999999995	50.8512	50.9731	50.4819	50.81679999999999	51.0181	50.4899	51.005900000000004	51.0139	50.531400000000005	50.944500000000005	51.1758	50.5779	51.055499999999995	51.0923	50.699600000000004	50.988299999999995	51.252900000000004	50.584399999999995	51.1031	51.1677	50.7502	51.1455	51.254599999999996	50.7377	51.156400000000005	51.2864	50.8574	51.195	51.42139999999999	50.80519999999999	51.361900000000006	51.4818	50.83879999999999	51.333600000000004	51.4944	51.1235
Leq-ABas_030_Ex1_L3_clmp.r1r2_fastp	61.2429	45.0452	46.5451	46.2017	47.0265	45.7789	45.3657	46.9938	47.1244	45.016400000000004	50.342600000000004	49.6673	48.878899999999994	48.2035	48.127900000000004	47.928399999999996	48.3196	47.6636	48.1119	47.9478	47.9066	47.7591	48.0234	47.3828	47.7365	47.4897	47.4118	47.4983	47.877900000000004	47.2963	47.8064	47.593	47.4788	47.4674	47.781	47.3167	47.764	47.5756	47.3908	47.4219	47.7693	47.193200000000004	47.7364	47.5819	47.4174	47.4688	47.7027	47.1822	47.6859	47.5867	47.4657	47.4624	47.775400000000005	47.2567	47.6961	47.5727	47.382600000000004	47.505900000000004	47.7312	47.2493	47.715999999999994	47.625499999999995	47.3773	47.5681	47.7215	47.2964	47.686099999999996	47.6436	47.4572	47.566199999999995	47.775	47.3413	47.719	47.644	47.4419	47.6167	47.836800000000004	47.3316	47.7733	47.7304	47.5445	47.6269	47.8628	47.430499999999995	47.856700000000004	47.7708	47.5679	47.760999999999996	47.9422	47.5118	47.965999999999994	47.861399999999996	47.7328	47.8469	48.103699999999996	47.7111	48.0788	48.065000000000005	47.8578	48.0899	48.281400000000005	47.896499999999996	48.2915	48.344500000000004	48.0593	48.3579	48.4752	48.0769	48.4786	48.4765	48.341899999999995	48.519800000000004	48.6858	48.3067	48.672	48.7099	48.4623	48.6512	48.8735	48.4821	48.897800000000004	48.8858	48.6145	48.8576	49.0147	48.6473	49.0648	49.0082	48.794	48.9397	49.1928	48.731	49.1189	49.1508	48.8881	49.1386	49.296099999999996	48.9747	49.274699999999996	49.3126	49.038900000000005	49.309999999999995	49.483	49.0618	49.4966	49.556400000000004	49.1496	49.4688	49.621500000000005	49.2686
Leq-ABas_031_Ex1_L3_clmp.r1r2_fastp	65.2636	44.4672	46.7306	44.9343	47.693999999999996	45.6618	45.259100000000004	46.9877	48.0737	44.2389	51.341300000000004	50.2468	49.872499999999995	48.972100000000005	49.1308	48.1952	49.272	48.117	48.9506	48.5223	48.756899999999995	48.0385	48.7224	47.755700000000004	48.1717	47.956700000000005	47.9977	47.7171	48.4227	47.667	48.2113	48.1001	48.187799999999996	47.697	48.5682	47.6069	48.253299999999996	47.9232	48.0082	47.624	48.3934	47.589999999999996	48.2977	47.9731	48.099	47.67	48.3868	47.596	48.1509	47.956500000000005	48.0435	47.6524	48.400999999999996	47.6981	48.167300000000004	47.9886	47.9948	47.7061	48.3117	47.6211	48.1886	48.0547	47.976200000000006	47.8715	48.2468	47.7644	48.0087	47.957499999999996	47.9638	47.7517	48.2344	47.7414	48.059200000000004	47.9832	47.8756	47.8652	48.2405	47.6914	48.1573	47.9717	48.0282	47.7472	48.2247	47.763099999999994	48.182199999999995	47.9691	47.8468	47.876200000000004	48.287400000000005	47.644	48.1531	48.0623	47.9475	47.7452	48.308099999999996	47.8592	48.0972	47.9823	47.9835	47.876000000000005	48.2802	47.7111	48.0953	48.1071	47.8848	47.881099999999996	48.2241	47.7335	48.0241	47.9813	48.0587	47.8225	48.2226	47.7196	48.1336	48.125299999999996	48.0175	47.8086	48.2921	47.7046	48.0414	48.146	47.8252	47.9515	48.2907	47.7727	48.1846	47.9871	47.9686	47.684599999999996	48.2498	47.6678	47.991299999999995	48.0232	47.8713	47.8112	48.2395	47.854600000000005	48.0475	48.0032	48.0531	47.9261	48.3087	47.812599999999996	48.207899999999995	48.1367	47.9503	48.0291	48.3581	47.868500000000004
Leq-ABas_032_Ex1_L3_clmp.r1r2_fastp	64.6597	46.4791	47.9696	47.4943	49.4141	47.7041	47.2728	48.888	49.3502	46.8681	52.849199999999996	51.925399999999996	51.4651	50.737500000000004	50.4727	50.1075	50.886399999999995	49.8522	50.46040000000001	50.3143	50.142900000000004	49.9043	50.326800000000006	49.4643	49.9151	49.8404	49.5582	49.6442	50.2571	49.431999999999995	50.0465	49.9742	49.744899999999994	49.6592	50.2638	49.4487	50.036199999999994	49.857099999999996	49.6153	49.5815	50.151900000000005	49.336600000000004	50.0355	49.9215	49.6773	49.6236	50.1533	49.3287	49.9665	49.8943	49.6586	49.6408	50.1258	49.4304	49.951299999999996	49.9056	49.6634	49.6755	50.111399999999996	49.3956	49.9708	49.9379	49.634	49.7504	50.0976	49.506699999999995	49.8855	49.9195	49.6649	49.7455	50.108	49.4879	49.9138	49.9375	49.6033	49.823499999999996	50.1036	49.5024	50.01330000000001	49.9793	49.722300000000004	49.769000000000005	50.1715	49.5527	50.05969999999999	50.015600000000006	49.662800000000004	49.8601	50.2028	49.5888	50.06660000000001	50.092999999999996	49.7789	49.8742	50.2988	49.745400000000004	50.1354	50.171600000000005	49.8844	50.0485	50.3768	49.7813	50.1767	50.3559	49.9412	50.1918	50.4903	49.9024	50.329	50.417199999999994	50.135200000000005	50.253099999999996	50.5679	49.9983	50.4266	50.5799	50.2256	50.3352	50.7153	50.0811	50.5076	50.683299999999996	50.212599999999995	50.5303	50.7873	50.2321	50.678	50.67230000000001	50.417500000000004	50.418099999999995	50.907500000000006	50.2698	50.6829	50.8177	50.4107	50.6054	51.0163	50.449999999999996	50.8123	50.9219	50.595	50.7949	51.1365	50.5421	51.02680000000001	51.1077	50.64300000000001	50.9385	51.2684	50.8121
Leq-ABas_033_Ex1_L3_clmp.r1r2_fastp	61.4256	44.168400000000005	44.784600000000005	44.8761	45.9263	45.0768	44.1038	45.8527	45.9499	44.190000000000005	49.553999999999995	49.257600000000004	48.1626	47.6045	47.4403	47.438399999999994	47.4953	47.0435	47.3038	47.2844	47.0711	46.9881	47.0123	46.631299999999996	46.9514	46.8588	46.5329	46.7462	46.927099999999996	46.5034	47.0354	46.8358	46.5334	46.6889	46.916799999999995	46.6053	46.856500000000004	46.7483	46.3911	46.729	46.986	46.301199999999994	46.7654	46.7558	46.537099999999995	46.7029	46.7236	46.369	46.815	46.8038	46.6468	46.6163	46.8339	46.3962	46.806599999999996	46.8021	46.5133	46.6823	46.7793	46.526	46.9103	46.7699	46.4215	46.7349	46.807700000000004	46.5484	46.693400000000004	46.7471	46.4461	46.7039	46.874	46.4148	46.7513	46.7065	46.517599999999995	46.7654	46.7724	46.3496	46.8022	46.8615	46.6265	46.6172	46.8019	46.4781	46.8821	46.8129	46.5293	46.680899999999994	46.8708	46.502300000000005	46.9048	46.786100000000005	46.478199999999994	46.7506	46.921400000000006	46.588	46.8879	46.8158	46.5135	46.8294	46.948299999999996	46.5616	46.7891	46.8908	46.6266	46.9028	46.8784	46.5197	46.8795	46.9442	46.753699999999995	46.8531	46.8928	46.605799999999995	46.886	46.9989	46.6126	46.8053	46.8934	46.646	46.9746	46.9125	46.524100000000004	46.825	46.9155	46.6474	46.8227	46.808899999999994	46.6208	46.7882	46.9546	46.489200000000004	46.7412	46.820699999999995	46.557700000000004	46.9154	46.8105	46.5068	46.814099999999996	46.8394	46.675	46.8019	46.868700000000004	46.5807	46.9078	47.0351	46.509699999999995	46.7586	46.890100000000004	46.573
Leq-ABas_034_Ex1_L3_clmp.r1r2_fastp	65.43679999999999	43.038	46.2884	44.053799999999995	46.800399999999996	44.832100000000004	44.556000000000004	46.217200000000005	47.4479	43.5295	50.9	49.6163	49.2934	48.2236	48.5885	47.549400000000006	48.6135	47.547	48.4381	47.8725	48.275600000000004	47.4553	48.0007	47.1595	47.5684	47.2543	47.3769	47.1369	47.7674	47.1299	47.6365	47.4512	47.6235	47.0658	47.9221	47.0148	47.6674	47.257	47.4338	47.0807	47.685	47.0213	47.7731	47.3195	47.5312	47.0043	47.7842	46.9424	47.5975	47.3384	47.5069	47.0283	47.738	47.1894	47.6034	47.313	47.4657	47.0934	47.6139	47.0231	47.6403	47.4118	47.4496	47.2993	47.605199999999996	47.2258	47.3948	47.2808	47.4202	47.180299999999995	47.5982	47.2192	47.4889	47.2921	47.2287	47.3464	47.5068	47.1962	47.6446	47.3047	47.5047	47.1429	47.5678	47.2119	47.610200000000006	47.2848	47.1883	47.3733	47.6076	47.0648	47.5993	47.4064	47.389700000000005	47.1163	47.6835	47.2952	47.532999999999994	47.3189	47.4391	47.2923	47.5749	47.1505	47.4739	47.451100000000004	47.2703	47.300599999999996	47.568	47.165099999999995	47.4219	47.3135	47.471000000000004	47.2752	47.524	47.1637	47.525600000000004	47.4643	47.4592	47.2132	47.604	47.1051	47.3878	47.5097	47.1929	47.468900000000005	47.5474	47.193200000000004	47.6308	47.2505	47.3371	47.0283	47.5725	47.1171	47.334900000000005	47.3924	47.218900000000005	47.1963	47.6004	47.3045	47.4206	47.3163	47.482600000000005	47.3581	47.6285	47.2314	47.6157	47.470099999999995	47.356500000000004	47.395700000000005	47.666	47.2468
Leq-ABas_035_Ex1_L3_clmp.r1r2_fastp	63.8498	45.204699999999995	47.1277	46.5139	47.9996	46.6464	46.1761	47.8213	48.3041	45.5554	51.64149999999999	50.8213	50.249	49.479800000000004	49.366	49.05	49.5975	48.729	49.355	49.033300000000004	49.1021	48.776799999999994	49.0511	48.3677	48.7976	48.5544	48.4514	48.5223	48.9597	48.3586	48.892799999999994	48.705	48.5914	48.573699999999995	49.008	48.3645	48.9031	48.6301	48.531	48.4924	48.9054	48.2716	48.9114	48.7001	48.5522	48.5695	48.8211	48.2777	48.8101	48.6755	48.5724	48.5685	48.9048	48.3392	48.809200000000004	48.668299999999995	48.4959	48.5903	48.8409	48.3362	48.8586	48.6961	48.470400000000005	48.6634	48.7899	48.4198	48.7721	48.6902	48.5524	48.6098	48.861900000000006	48.3749	48.8	48.6757	48.4643	48.6522	48.8663	48.375800000000005	48.8553	48.705	48.571	48.6293	48.8472	48.430499999999995	48.8644	48.6952	48.512	48.6873	48.9011	48.4212	48.8714	48.7921	48.558299999999996	48.7115	48.9621	48.584500000000006	48.8925	48.8153	48.652499999999996	48.8104	48.9866	48.5723	48.9221	48.8926	48.6574	48.8404	49.0028	48.5939	48.9508	48.896499999999996	48.782199999999996	48.8546	49.0508	48.647	49.0165	48.9786	48.7761	48.8518	49.067699999999995	48.6418	49.0423	48.997800000000005	48.7338	48.9137	49.106100000000005	48.6925	49.0808	48.943799999999996	48.7855	48.8206	49.0974	48.6215	49.04	48.96	48.751	48.8815	49.1083	48.6944	49.0298	48.938500000000005	48.838300000000004	48.982	49.153000000000006	48.771100000000004	49.1173	49.120999999999995	48.7896	49.018699999999995	49.185	48.8353
Leq-ABas_036_Ex1_L3_clmp.r1r2_fastp	63.694399999999995	47.665600000000005	48.9358	49.013	50.144	48.8351	48.5738	50.0602	50.196200000000005	48.3455	53.5015	52.8369	52.2709	51.5729	51.354	51.25920000000001	51.6858	50.8804	51.3784	51.2167	51.0977	51.0119	51.275400000000005	50.583999999999996	51.0197	50.8416	50.6585	50.8602	51.295100000000005	50.6149	51.1969	51.0165	50.7571	50.8467	51.248400000000004	50.624199999999995	51.2335	51.04	50.7456	50.9043	51.215900000000005	50.50940000000001	51.2147	51.0444	50.7838	50.925399999999996	51.17699999999999	50.559	51.150600000000004	51.0428	50.822199999999995	50.9586	51.229	50.59630000000001	51.14379999999999	51.0207	50.82600000000001	51.01520000000001	51.203900000000004	50.6431	51.2177	51.0259	50.7861	51.034	51.1739	50.646899999999995	51.135299999999994	51.090599999999995	50.8263	51.0466	51.2567	50.6565	51.165099999999995	51.0834	50.758	51.0562	51.265899999999995	50.68279999999999	51.227000000000004	51.151199999999996	50.8957	51.040600000000005	51.239999999999995	50.733	51.2388	51.144999999999996	50.86000000000001	51.135	51.337900000000005	50.7795	51.316300000000005	51.2521	50.895500000000006	51.1715	51.3823	50.89939999999999	51.3746	51.3528	51.0452	51.3603	51.526799999999994	50.986200000000004	51.485099999999996	51.487	51.1327	51.4663	51.596399999999996	51.1576	51.5821	51.565799999999996	51.33	51.5119	51.7451	51.2528	51.7132	51.6899	51.388	51.6503	51.793800000000005	51.3171	51.8215	51.7778	51.381699999999995	51.7507	51.8746	51.4127	51.882099999999994	51.8484	51.497499999999995	51.7028	51.9358	51.380199999999995	51.857699999999994	51.8833	51.5543	51.83990000000001	51.999300000000005	51.572300000000006	51.9145	51.9022	51.63870000000001	51.931799999999996	52.07659999999999	51.6486	52.070499999999996	52.105999999999995	51.645799999999994	51.999399999999994	52.178999999999995	51.8722
Leq-ABas_039_Ex1_L3_clmp.r1r2_fastp	67.6255	55.882600000000004	53.6528	54.9354	56.9416	55.2396	54.5641	57.36599999999999	56.079299999999996	54.206500000000005	59.6455	58.8468	58.0928	58.251799999999996	56.81270000000001	57.1632	58.1156	56.705000000000005	57.1894	57.9724	56.606	56.9469	57.7639	56.334300000000006	56.7761	57.5728	56.262	56.7279	57.642	56.2841	56.8253	57.5655	56.2893	56.7202	57.6363	56.3259	56.8001	57.5585	56.2779	56.6621	57.5859	56.2466	56.7986	57.5614	56.30460000000001	56.7568	57.5929	56.244400000000006	56.81040000000001	57.567	56.3513	56.75320000000001	57.6385	56.31549999999999	56.838699999999996	57.5948	56.4153	56.7859	57.658500000000004	56.3736	56.8748	57.599500000000006	56.4072	56.8297	57.6656	56.3797	56.885	57.6296	56.4123	56.8707	57.7313	56.4206	56.891400000000004	57.6723	56.467299999999994	56.8995	57.729200000000006	56.4597	56.9908	57.740100000000005	56.5198	56.9442	57.7568	56.50920000000001	57.0621	57.794599999999996	56.5508	56.997600000000006	57.860299999999995	56.5479	57.090399999999995	57.8645	56.6507	57.08	57.926100000000005	56.7059	57.1972	57.9769	56.776	57.2592	58.0743	56.8332	57.2923	58.13	56.8946	57.391999999999996	58.2108	56.9956	57.4836	58.2886	57.1356	57.5539	58.38250000000001	57.1318	57.6535	58.52460000000001	57.2553	57.6877	58.5932	57.311800000000005	57.8244	58.6395	57.4269	57.870900000000006	58.7067	57.483700000000006	57.9604	58.808400000000006	57.57679999999999	58.05010000000001	58.9313	57.657599999999995	58.1181	58.9565	57.730199999999996	58.1904	59.022200000000005	57.7708	58.256099999999996	59.1441	57.90070000000001	58.3254	59.253	58.0056	58.50919999999999	59.4109	58.0813	58.5715	59.4731	58.5368
Leq-ABas_040_Ex1_L3_clmp.r1r2_fastp	62.734100000000005	43.2123	46.1679	45.1294	46.4205	45.0071	44.6131	46.081	46.5761	44.2108	50.172200000000004	49.3951	48.7004	47.8135	47.8922	47.5194	47.9775	47.2933	47.8639	47.518	47.666799999999995	47.3009	47.632600000000004	46.9914	47.4457	47.0325	47.1135	47.1013	47.4756	46.909600000000005	47.5272	47.2091	47.241	47.1522	47.5066	46.9296	47.4327	47.0891	47.1741	47.0952	47.4607	46.8398	47.4801	47.2066	47.152100000000004	47.0952	47.3798	46.883	47.4128	47.1408	47.204499999999996	47.1053	47.4196	46.896	47.4008	47.1691	47.1613	47.1468	47.3895	46.9561	47.4721	47.185500000000005	47.097699999999996	47.234300000000005	47.335899999999995	46.9997	47.3732	47.2174	47.1293	47.204299999999996	47.3918	46.9852	47.377	47.2021	47.1437	47.2585	47.396100000000004	46.9877	47.464	47.2356	47.273900000000005	47.2195	47.4039	47.1057	47.4925	47.2305	47.1881	47.312799999999996	47.5082	47.0748	47.5483	47.3718	47.2673	47.3684	47.569	47.2587	47.6138	47.4621	47.409099999999995	47.5912	47.7203	47.3348	47.7543	47.6683	47.5193	47.7191	47.841699999999996	47.4821	47.8548	47.7514	47.7586	47.8215	47.976200000000006	47.5997	48.0491	47.950900000000004	47.8239	47.9091	48.0808	47.739399999999996	48.2099	48.0327	47.8622	48.0999	48.2516	47.9325	48.2981	48.1167	48.035	48.085699999999996	48.3465	47.8761	48.3182	48.2191	48.1276	48.2639	48.444199999999995	48.1189	48.444199999999995	48.3212	48.260999999999996	48.3682	48.5262	48.1749	48.5881	48.5373	48.2988	48.5541	48.679899999999996	48.3672
Leq-ABas_041_Ex1_L3_clmp.r1r2_fastp	63.485899999999994	45.5636	47.6098	46.7015	48.3748	46.833000000000006	46.4252	47.9866	48.4481	45.750299999999996	51.875099999999996	50.9915	50.4031	49.784800000000004	49.575599999999994	49.1051	49.7044	49.0095	49.5363	49.319	49.405300000000004	48.993900000000004	49.3488	48.577799999999996	49.0622	48.816500000000005	48.8517	48.7858	49.3459	48.5995	49.1479	49.030699999999996	48.9418	48.7563	49.341	48.5988	49.2388	48.7931	48.930800000000005	48.7185	49.174099999999996	48.629099999999994	49.099599999999995	48.897	48.8386	48.7208	49.143100000000004	48.5246	49.082300000000004	48.9105	49.009	48.7684	49.263	48.5863	49.186	48.9345	48.7611	48.8301	49.195899999999995	48.6657	49.1869	49.1448	48.8006	49.044900000000005	49.1567	48.6867	49.1204	48.9391	48.9066	48.7926	49.1427	48.7014	49.1182	48.9969	48.9019	48.942600000000006	49.2737	48.6987	49.1292	49.025999999999996	48.9708	48.7946	49.3252	48.772	49.1937	49.001	48.9804	48.9495	49.3215	48.786	49.242799999999995	49.1265	48.910599999999995	48.966300000000004	49.231700000000004	48.8806	49.3718	49.3084	49.0145	49.0822	49.492999999999995	48.9675	49.386799999999994	49.3632	49.119299999999996	49.3126	49.5018	49.0927	49.3821	49.5576	49.4033	49.191	49.852999999999994	49.156800000000004	49.5686	49.4867	49.5417	49.303399999999996	49.817499999999995	49.3736	49.715199999999996	49.736200000000004	49.404900000000005	49.601600000000005	49.893	49.337199999999996	49.749500000000005	49.646	49.5248	49.5393	49.971900000000005	49.4408	49.8861	49.8446	49.626599999999996	49.7352	50.0306	49.5253	49.9203	49.9184	49.8951	49.891799999999996	50.047799999999995	49.6264	49.8804	50.079499999999996	49.6133	49.8601	50.1306	49.8213
Leq-ABas_042_Ex1_L3_clmp.r1r2_fastp	59.9082	44.710899999999995	46.0158	45.9249	46.8046	45.5468	45.1637	46.704499999999996	46.572	45.0292	49.803999999999995	49.2269	48.3985	47.9593	47.627399999999994	47.5762	48.032399999999996	47.3117	47.694900000000004	47.7254	47.4733	47.4547	47.7231	46.9996	47.362300000000005	47.2899	47.029700000000005	47.2029	47.6228	46.9396	47.4467	47.365899999999996	47.0578	47.1619	47.5106	46.9337	47.3965	47.317	46.9824	47.088499999999996	47.482600000000005	46.820499999999996	47.353699999999996	47.38	47.0418	47.110600000000005	47.413	46.799800000000005	47.3054	47.3292	47.0677	47.1043	47.4745	46.8334	47.3014	47.2832	47.0648	47.1539	47.4772	46.874900000000004	47.3679	47.3062	47.003699999999995	47.1912	47.4638	46.8898	47.3436	47.3506	47.0347	47.2072	47.5334	46.9007	47.3456	47.3964	47.0479	47.2493	47.551500000000004	46.948499999999996	47.448	47.5053	47.1576	47.3336	47.6042	47.0781	47.4692	47.5482	47.2224	47.4187	47.761399999999995	47.188	47.674299999999995	47.6857	47.3394	47.5884	47.8991	47.3719	47.849399999999996	47.9298	47.6113	47.8913	48.206199999999995	47.653600000000004	48.0768	48.2583	47.9024	48.1736	48.465	47.9638	48.4026	48.5442	48.243399999999994	48.457899999999995	48.7811	48.2333	48.7381	48.8815	48.4818	48.770799999999994	49.1331	48.5487	49.0479	49.202400000000004	48.7679	49.0976	49.4611	48.863099999999996	49.3515	49.499500000000005	49.106300000000005	49.3941	49.7684	49.1475	49.6373	49.8204	49.4015	49.736999999999995	50.107	49.466300000000004	49.8795	50.129999999999995	49.7043	50.052600000000005	50.415299999999995	49.7761	50.3537	50.5625	49.966	50.3786	50.77159999999999	50.243300000000005
Leq-ABas_043_Ex1_L3_clmp.r1r2_fastp	65.3896	48.201100000000004	49.181599999999996	48.573499999999996	50.571299999999994	48.944700000000005	48.5186	50.340399999999995	50.7627	47.6639	53.9411	52.9688	52.5415	51.85340000000001	51.6177	51.1413	52.0161	50.983000000000004	51.6657	51.4224	51.381299999999996	50.9924	51.605999999999995	50.628499999999995	51.1236	50.9456	50.7861	50.733700000000006	51.408500000000004	50.6015	51.1659	51.09780000000001	50.93339999999999	50.75920000000001	51.479200000000006	50.535399999999996	51.1726	51.0221	50.870599999999996	50.7274	51.410599999999995	50.526199999999996	51.261100000000006	51.067499999999995	50.883	50.761	51.3722	50.5352	51.1567	51.065099999999994	50.960899999999995	50.7906	51.4074	50.633700000000005	51.117900000000006	51.079699999999995	50.9007	50.788999999999994	51.34649999999999	50.6383	51.164	51.1263	50.862399999999994	50.9347	51.33069999999999	50.647	51.0857	51.046400000000006	50.8709	50.836999999999996	51.3556	50.6522	51.1277	51.092800000000004	50.8314	50.8921	51.33410000000001	50.666900000000005	51.1915	51.0942	50.92529999999999	50.880199999999995	51.3026	50.646	51.1644	51.063199999999995	50.8632	50.9418	51.369	50.6743	51.227900000000005	51.160000000000004	50.899899999999995	50.9395	51.37779999999999	50.779300000000006	51.2196	51.146499999999996	50.958800000000004	51.0278	51.4104	50.7699	51.1696	51.31289999999999	50.929100000000005	51.0477	51.3811	50.8018	51.207800000000006	51.2382	51.0517	51.0693	51.4392	50.824999999999996	51.2594	51.343700000000005	51.0524	51.0547	51.515	50.846599999999995	51.27	51.369200000000006	50.9555	51.1397	51.5093	50.891600000000004	51.329100000000004	51.29280000000001	51.098299999999995	51.0399	51.46849999999999	50.854	51.240300000000005	51.3698	51.0159	51.086200000000005	51.49550000000001	50.9512	51.2668	51.3079	51.0812	51.1586	51.4293	50.9224	51.3738	51.407199999999996	51.0283	51.2344	51.54260000000001	51.141099999999994
Leq-ABas_044_Ex1_L3_clmp.r1r2_fastp	63.3732	43.5525	46.3828	45.5427	47.1588	45.7389	45.2106	46.8266	47.4198	44.5112	50.838899999999995	50.06660000000001	49.4138	48.5373	48.516999999999996	48.1704	48.7117	47.923700000000004	48.402899999999995	48.179100000000005	48.2469	47.8954	48.1333	47.6089	47.909400000000005	47.646699999999996	47.6439	47.671400000000006	48.058099999999996	47.510000000000005	48.0151	47.8706	47.8156	47.6624	48.0668	47.5333	48.025800000000004	47.7214	47.693200000000004	47.6192	47.987	47.4369	48.0105	47.7992	47.765800000000006	47.618300000000005	47.957300000000004	47.463100000000004	47.931000000000004	47.7387	47.7524	47.671400000000006	47.999199999999995	47.5062	47.9378	47.7798	47.6879	47.672599999999996	47.9318	47.5047	47.957899999999995	47.7799	47.678399999999996	47.7709	47.9209	47.5516	47.8725	47.7857	47.6913	47.6873	47.9366	47.5823	47.8983	47.7877	47.6447	47.7997	47.9347	47.5754	47.9685	47.8183	47.7782	47.7317	47.9326	47.6406	48.0142	47.781600000000005	47.6719	47.829	48.025099999999995	47.590900000000005	48.0359	47.9401	47.8091	47.8374	48.0582	47.761900000000004	48.0113	47.9133	47.854400000000005	47.949000000000005	48.1024	47.7346	48.08	48.0595	47.8673	47.976400000000005	48.1357	47.7864	48.0913	48.0487	47.9474	48.027300000000004	48.1847	47.8557	48.1694	48.1488	47.989399999999996	48.0381	48.2099	47.8569	48.1931	48.143299999999996	47.9594	48.1027	48.2662	47.932	48.2774	48.1257	48.024	48.027	48.2726	47.8645	48.2059	48.1718	47.9873	48.0824	48.2722	47.9703	48.246	48.1715	48.149300000000004	48.224000000000004	48.3634	48.0312	48.3606	48.274699999999996	48.0695	48.2902	48.4134	48.1188
Leq-ABas_045_Ex1_L3_clmp.r1r2_fastp	62.2781	43.8542	46.201	45.636900000000004	46.8445	45.4182	45.048700000000004	46.549800000000005	47.0006	44.6589	50.3636	49.741099999999996	48.9014	48.1519	48.0557	47.742200000000004	48.259299999999996	47.6573	47.9308	47.9406	47.8378	47.4892	47.8337	47.223	47.516000000000005	47.2829	47.232800000000005	47.3487	47.6323	47.160999999999994	47.6757	47.5055	47.449400000000004	47.222500000000004	47.6347	47.156	47.5456	47.381499999999996	47.4052	47.1417	47.7555	47.0421	47.5809	47.4242	47.4438	47.3511	47.564299999999996	46.9945	47.5639	47.371	47.5148	47.1926	47.712700000000005	47.069100000000006	47.549	47.3705	47.2761	47.2773	47.586800000000004	47.1004	47.5072	47.4508	47.2643	47.2963	47.6141	47.220099999999995	47.428	47.4642	47.295300000000005	47.3153	47.5028	47.0286	47.4754	47.3626	47.238400000000006	47.4619	47.656	47.1522	47.661	47.4649	47.3908	47.3639	47.5222	47.1931	47.56	47.4553	47.3468	47.4111	47.5975	47.194199999999995	47.7027	47.5473	47.5349	47.5132	47.6011	47.3226	47.6686	47.6477	47.558299999999996	47.6051	47.7145	47.4045	47.678399999999996	47.7861	47.5381	47.7265	47.8547	47.4591	47.9114	47.8709	47.6956	47.6576	47.8652	47.5521	48.0821	47.9179	47.5953	47.8997	48.036899999999996	47.6124	48.1445	48.0818	47.7735	48.0045	48.2796	47.7709	48.2791	48.0972	48.0013	47.8917	48.226	47.883199999999995	48.2389	48.1013	47.9771	48.0899	48.4457	48.0484	48.2911	48.2193	48.037400000000005	48.161500000000004	48.5676	47.923300000000005	48.608000000000004	48.5209	48.3131	48.5571	48.6785	48.1024
Leq-ABas_046_Ex1_L3_clmp.r1r2_fastp	64.6933	45.347300000000004	47.4814	46.6826	48.319	46.7691	46.3977	48.0734	48.6168	45.697500000000005	52.1073	51.078500000000005	50.6255	49.6417	49.6898	49.310900000000004	49.9406	48.9694	49.6828	49.276599999999995	49.3741	49.0817	49.3964	48.6446	49.0978	48.7952	48.7296	48.7819	49.2883	48.6221	49.241099999999996	48.9698	48.9392	48.8153	49.3425	48.6275	49.24	48.9118	48.816500000000005	48.728300000000004	49.1926	48.5286	49.284	48.9328	48.912	48.8155	49.2121	48.4968	49.155300000000004	48.9167	48.8831	48.8234	49.1941	48.6028	49.175999999999995	48.9333	48.818	48.8471	49.1427	48.5639	49.1759	48.9688	48.8456	48.9141	49.132	48.6727	49.0761	48.9064	48.8247	48.8391	49.1592	48.6252	49.0844	48.9082	48.77	48.9443	49.1161	48.6614	49.1759	48.926700000000004	48.8838	48.8825	49.1367	48.7064	49.214	48.917300000000004	48.804700000000004	48.9732	49.1886	48.6297	49.2178	49.0242	48.870799999999996	48.939899999999994	49.2573	48.822500000000005	49.201899999999995	49.02	48.9369	49.0666	49.2595	48.7823	49.245	49.1477	48.931200000000004	49.106100000000005	49.2584	48.8157	49.2307	49.111	49.0655	49.127500000000005	49.329699999999995	48.8859	49.256699999999995	49.2183	49.0396	49.0974	49.3568	48.8627	49.2999	49.2172	48.9759	49.1725	49.3738	48.9065	49.4143	49.133300000000006	49.0572	49.0321	49.3504	48.8435	49.299	49.186800000000005	49.0233	49.1533	49.364599999999996	48.9701	49.3496	49.1961	49.1779	49.2141	49.421	48.9669	49.4508	49.333	49.079	49.3157	49.4811	49.127700000000004
Leq-ABas_047_Ex1_L3_clmp.r1r2_fastp	62.941199999999995	44.1136	46.441700000000004	45.8556	47.2005	45.7341	45.24	46.9192	47.3595	44.9647	50.929899999999996	50.0323	49.2964	48.721199999999996	48.443000000000005	48.3146	48.6988	47.984500000000004	48.359	48.288	48.2604	48.0277	48.243399999999994	47.4489	48.0624	47.8177	47.7887	47.5723	48.172399999999996	47.4893	48.080099999999995	47.7038	47.6547	47.7012	48.166399999999996	47.519800000000004	47.9878	47.8262	47.6451	47.664899999999996	48.308800000000005	47.5159	48.1002	47.9628	47.700700000000005	47.7149	48.1192	47.2474	47.9839	47.9518	47.747	47.8391	48.0689	47.6448	47.985299999999995	47.9354	47.5416	47.8098	48.2237	47.5034	48.1687	48.0495	47.7635	47.9349	47.9497	47.5018	48.0443	47.9503	47.7263	47.8989	48.0615	47.673700000000004	47.9645	47.928399999999996	47.8114	47.9152	48.0776	47.5899	48.1426	47.9602	47.737	47.9611	48.0559	47.6946	48.1485	48.0092	47.789	47.8515	48.2328	47.8411	48.2509	48.0546	47.8805	48.147600000000004	48.2388	47.946	48.3101	48.206900000000005	47.9621	48.2486	48.4381	47.8437	48.3425	48.3254	47.9925	48.4261	48.513600000000004	48.0839	48.429	48.343599999999995	48.551899999999996	48.540499999999994	48.794399999999996	48.3301	48.6439	48.6633	48.5856	48.6511	48.9428	48.3948	48.7799	48.8784	48.4367	48.786	49.0938	48.5144	48.8612	48.8601	48.7938	48.8314	48.9461	48.4268	48.850100000000005	48.870999999999995	48.6819	49.0446	49.1397	48.8584	49.0721	49.2237	48.9622	48.9715	49.239	48.8049	49.2373	49.2924	48.8868	49.149300000000004	49.300399999999996	49.039899999999996
Leq-ABas_048_Ex1_L3_clmp.r1r2_fastp	64.4695	45.8151	47.7341	47.3682	49.0103	47.5088	47.2173	48.7419	49.0484	46.8656	52.604600000000005	51.8319	51.321799999999996	50.574200000000005	50.4371	50.2387	50.738099999999996	49.8591	50.40480000000001	50.17509999999999	50.1418	50.02910000000001	50.2489	49.528800000000004	50.0243	49.7504	49.578100000000006	49.8057	50.18860000000001	49.5559	50.1504	49.9346	49.7718	49.792500000000004	50.2043	49.5922	50.166599999999995	49.8902	49.662800000000004	49.7867	50.0839	49.481700000000004	50.1409	49.930400000000006	49.742599999999996	49.839299999999994	50.09	49.49	50.0861	49.904700000000005	49.771100000000004	49.8344	50.0976	49.5375	50.0606	49.9048	49.7314	49.8808	50.1003	49.558099999999996	50.1089	49.9058	49.7012	49.929	50.0207	49.6074	50.0019	49.911699999999996	49.7373	49.8886	50.0615	49.5693	50.064299999999996	49.8889	49.6477	49.9148	50.0544	49.5839	50.0916	49.928	49.7647	49.9056	50.047399999999996	49.6232	50.1028	49.9426	49.663000000000004	49.9702	50.1249	49.5955	50.1332	50.011799999999994	49.705	49.9268	50.127900000000004	49.679899999999996	50.11560000000001	49.9715	49.787	50.0466	50.18	49.7123	50.1317	50.0957	49.778099999999995	50.03530000000001	50.1348	49.727199999999996	50.1437	50.0514	49.879	50.074600000000004	50.198299999999996	49.7177	50.1814	50.0749	49.8178	49.9961	50.14189999999999	49.7067	50.1072	50.053599999999996	49.7494	50.0285	50.1212	49.709399999999995	50.121	49.9444	49.808099999999996	49.8943	50.0873	49.622699999999995	49.994699999999995	49.994	49.689499999999995	49.9419	50.0614	49.6469	49.9675	49.9305	49.768699999999995	49.9523	50.045899999999996	49.636	50.0482	50.001799999999996	49.6306	49.9715	50.04690000000001	49.7217
Leq-ABas_052_Ex1_L3_clmp.r1r2_fastp	61.4804	43.8572	45.685900000000004	45.3794	46.4575	45.0482	44.6392	46.1682	46.4069	44.4209	49.8287	49.16	48.4119	47.6566	47.5454	47.4308	47.7875	47.1002	47.544399999999996	47.4354	47.3146	47.2291	47.340199999999996	46.802899999999994	47.1885	46.9475	46.81	46.9823	47.3042	46.7289	47.247299999999996	47.0871	46.9671	46.9342	47.2828	46.764	47.237899999999996	46.996	46.828199999999995	46.8763	47.184599999999996	46.6107	47.180299999999995	47.04	46.898	46.9015	47.1449	46.629799999999996	47.1084	46.956399999999995	46.8529	46.8789	47.2012	46.687400000000004	47.0971	47.003299999999996	46.8295	46.972500000000004	47.1451	46.7155	47.1669	47.0366	46.826299999999996	47.0435	47.163199999999996	46.766200000000005	47.1143	47.071400000000004	46.8918	47.0075	47.171	46.7736	47.1278	47.0163	46.852	47.1006	47.2132	46.7796	47.232800000000005	47.1502	46.9688	47.0764	47.237899999999996	46.8628	47.2898	47.1408	46.9062	47.2023	47.3594	46.903099999999995	47.3855	47.3125	47.076499999999996	47.2701	47.4895	47.1231	47.479	47.4366	47.2599	47.502	47.6632	47.2565	47.6837	47.7325	47.4074	47.7249	47.8288	47.4564	47.840700000000005	47.8266	47.6365	47.8375	47.9965	47.565000000000005	48.0478	48.0518	47.7986	48.031400000000005	48.181000000000004	47.7571	48.2243	48.1954	47.8778	48.2185	48.329	47.9816	48.3952	48.2665	48.083999999999996	48.2152	48.4816	48.001599999999996	48.4652	48.4541	48.2056	48.456500000000005	48.6454	48.2357	48.6246	48.5781	48.470600000000005	48.6806	48.872	48.3824	48.8778	48.824	48.485499999999995	48.8301	48.9657	48.6029
Leq-ABas_053_Ex1_L3_clmp.r1r2_fastp	65.7781	45.138600000000004	47.766799999999996	45.4918	48.612100000000005	46.455	46.2988	47.7851	48.8723	44.9955	52.2058	50.9181	50.7028	49.666900000000005	50.0031	48.9658	50.212999999999994	48.878899999999994	49.8506	49.3396	49.6651	48.806	49.6481	48.5246	49.0957	48.7445	48.8765	48.4813	49.4107	48.4471	49.2052	48.9638	49.1647	48.5061	49.5692	48.459799999999994	49.1832	48.7456	48.9753	48.4182	49.4454	48.4383	49.2801	48.865199999999994	49.0321	48.4871	49.3516	48.3848	49.1585	48.8209	49.0469	48.483900000000006	49.413000000000004	48.5837	49.14	48.9055	48.9574	48.5533	49.2902	48.486200000000004	49.214999999999996	48.9998	48.9773	48.7375	49.261700000000005	48.626799999999996	49.016999999999996	48.8655	48.9884	48.571799999999996	49.275200000000005	48.6209	49.0632	48.906	48.8536	48.7718	49.2607	48.5904	49.1933	48.9089	49.0709	48.606	49.2881	48.6689	49.2415	48.8572	48.8589	48.733	49.317899999999995	48.5423	49.1578	49.0353	48.976	48.640899999999995	49.363	48.797000000000004	49.087199999999996	48.9	48.9904	48.7769	49.2874	48.6132	49.0732	49.0726	48.8878	48.8016	49.2443	48.6373	49.0083	48.9433	49.0703	48.7786	49.2781	48.6995	49.1085	49.0805	48.9964	48.7002	49.336400000000005	48.6269	49.0731	49.064600000000006	48.8937	48.8055	49.298500000000004	48.7354	49.2494	48.8929	49.0249	48.6159	49.344100000000005	48.6022	49.0349	48.9912	48.9161	48.7201	49.338	48.7695	49.099900000000005	49.002	49.0837	48.8892	49.3611	48.7942	49.201	49.1406	48.991099999999996	48.9556	49.4002	48.8395
Leq-ABas_054_Ex1_L3_clmp.r1r2_fastp	64.0069	45.6115	47.419200000000004	46.5722	48.3465	46.6978	46.3431	47.8733	48.5853	45.602399999999996	51.932599999999994	50.934900000000006	50.507000000000005	49.5686	49.6545	49.159000000000006	49.7947	48.8672	49.4643	49.1247	49.4579	48.8454	49.2688	48.5439	49.0005	48.837399999999995	48.7316	48.495	49.199799999999996	48.3686	48.9969	48.9296	48.8647	48.657000000000004	49.2107	48.6511	48.8465	48.6888	48.7003	48.5286	49.1796	48.3798	49.0218	49.0358	48.899100000000004	48.6182	49.0969	48.4431	48.9761	48.8049	49.0026	48.592600000000004	49.0867	48.6588	49.067899999999995	48.9673	48.8003	48.620200000000004	49.1642	48.5055	49.0414	48.8787	48.7456	48.766799999999996	48.9352	48.722500000000004	49.0027	48.8211	48.7504	48.7175	49.1578	48.6431	48.9809	48.8224	48.7203	48.8871	48.9979	48.736000000000004	48.9931	48.8408	48.7074	48.838300000000004	49.1509	48.6203	49.1817	48.844100000000005	48.6599	48.9618	49.1796	48.591699999999996	49.1591	48.8846	48.8686	48.8003	49.195899999999995	48.7744	49.095299999999995	48.9674	49.0003	48.9657	49.1021	48.6498	49.1549	49.1561	49.0608	49.2172	49.2741	49.011700000000005	49.1477	49.073499999999996	48.9547	49.1577	49.3403	48.790499999999994	49.3718	49.294700000000006	48.9819	49.2468	49.3543	48.9546	49.378699999999995	49.5511	48.991299999999995	49.2133	49.5974	48.974000000000004	49.4473	49.331399999999995	49.1453	49.236999999999995	49.6048	49.1492	49.3001	49.3605	48.9228	49.453599999999994	49.6235	49.209	49.5267	49.5141	49.210300000000004	49.3804	49.7005	49.236000000000004	49.547799999999995	49.4557	49.303200000000004	49.4307	49.5455	49.3643
Leq-ABas_055_Ex1_L3_clmp.r1r2_fastp	63.1926	45.109700000000004	46.8309	46.19	47.8087	46.234700000000004	45.7356	47.6057	48.0695	45.2048	51.45420000000001	50.5221	49.8459	49.311899999999994	48.9533	48.5255	49.255300000000005	48.5402	48.8862	49.004	48.8506	48.6105	48.7457	48.2082	48.369299999999996	48.4521	48.239	48.289300000000004	48.6877	48.3326	48.559400000000004	48.6489	48.3407	48.1877	48.897600000000004	48.0931	48.5554	48.501	48.1773	48.2753	48.7795	48.0014	48.6195	48.5154	48.369800000000005	48.4207	48.4462	47.9796	48.349399999999996	48.4274	48.3329	48.2521	48.7423	48.0165	48.676	48.512699999999995	47.9848	48.3128	48.5884	47.904	48.7462	48.2928	48.1601	48.4142	48.5368	48.1049	48.403800000000004	48.3737	48.220800000000004	48.334500000000006	48.485499999999995	48.108000000000004	48.3958	48.5791	48.2423	48.3133	48.5135	48.1021	48.503299999999996	48.5065	48.261199999999995	48.3835	48.6565	48.1663	48.4641	48.4465	47.9289	48.396	48.8294	48.1206	48.6077	48.4177	48.2602	48.4454	48.743199999999995	48.3281	48.4538	48.7763	48.3598	48.6475	48.813	48.361900000000006	48.7777	48.743199999999995	48.3833	48.5428	48.7665	48.225	48.6873	48.695100000000004	48.4302	48.7631	48.8267	48.3783	48.7483	48.8671	48.5149	48.7406	49.0084	48.4375	48.8144	48.9071	48.5817	48.8863	48.9349	48.4453	49.0416	48.9711	48.7847	48.8123	49.1373	48.5893	48.5784	48.8309	48.5696	48.9095	49.146699999999996	48.687000000000005	49.1269	48.9641	48.9341	48.659	49.1655	48.656	49.199	49.1028	48.7945	48.9987	49.200500000000005	48.859700000000004
Leq-ABas_056_Ex1_L3_clmp.r1r2_fastp	64.9898	45.1836	48.1751	47.200199999999995	48.7505	47.1556	46.9376	48.3789	48.8982	46.001	52.4983	51.393100000000004	50.874900000000004	49.783699999999996	49.9214	49.485299999999995	50.1726	49.2603	49.9898	49.4814	49.650800000000004	49.262	49.6302	48.8525	49.403000000000006	49.012699999999995	49.0974	49.0703	49.5226	48.8535	49.547000000000004	49.1874	49.2616	49.0645	49.5903	48.83	49.540800000000004	49.0705	49.1365	49.016999999999996	49.4525	48.7716	49.5489	49.1502	49.1757	49.021100000000004	49.4609	48.7741	49.4337	49.101299999999995	49.1823	49.0434	49.4581	48.857	49.417100000000005	49.1164	49.1172	49.0775	49.377700000000004	48.8189	49.4595	49.1516	49.0974	49.169200000000004	49.3896	48.911	49.3551	49.1282	49.1185	49.0948	49.3672	48.9012	49.347	49.0963	49.0469	49.1802	49.388	48.8723	49.4372	49.1564	49.1492	49.133500000000005	49.3806	48.932199999999995	49.4629	49.1111	49.0373	49.235299999999995	49.412299999999995	48.8685	49.4606	49.2164	49.1316	49.1418	49.4565	49.038199999999996	49.4365	49.261500000000005	49.193999999999996	49.2826	49.4836	48.9818	49.4845	49.355	49.1882	49.332	49.526399999999995	49.0897	49.4824	49.3351	49.331	49.3821	49.5591	49.0956	49.600899999999996	49.4715	49.3524	49.4091	49.6081	49.1422	49.6145	49.4612	49.2522	49.4888	49.6086	49.2202	49.675399999999996	49.4414	49.377900000000004	49.3635	49.6514	49.1916	49.6066	49.5089	49.3676	49.4593	49.7091	49.3178	49.666900000000005	49.519999999999996	49.4889	49.589299999999994	49.7397	49.3191	49.8146	49.6653	49.4516	49.6665	49.8685	49.531
Leq-ABas_058_Ex1_L3_clmp.r1r2_fastp	63.669200000000004	42.7201	45.7846	44.6308	46.3728	44.762800000000006	44.3825	45.9188	46.7099	43.8811	50.3165	49.3447	48.8481	47.8233	47.946	47.4397	48.107299999999995	47.194599999999994	47.8245	47.4752	47.7049	47.186499999999995	47.4722	46.8748	47.2642	46.8865	46.9694	46.9815	47.365899999999996	46.8407	47.4107	47.117	47.2134	46.9746	47.4541	46.8635	47.4024	46.9765	47.0798	46.9713	47.3876	46.7549	47.4445	47.1043	47.1302	46.9852	47.3044	46.7842	47.342099999999995	47.063700000000004	47.15	47.0116	47.4271	46.865	47.354600000000005	47.0983	47.0843	47.0221	47.2941	46.8814	47.424699999999994	47.1294	47.049800000000005	47.1501	47.287400000000005	46.9318	47.2754	47.1169	47.0952	47.056599999999996	47.3197	46.9131	47.3104	47.098099999999995	46.9954	47.1554	47.3629	46.867399999999996	47.3845	47.1417	47.1833	47.0701	47.322199999999995	46.973	47.3973	47.1154	47.0932	47.2175	47.3806	46.9607	47.4602	47.2528	47.1892	47.1993	47.4714	47.13	47.4609	47.2731	47.2315	47.3655	47.519	47.1007	47.5302	47.4445	47.271800000000006	47.4013	47.5721	47.2116	47.5343	47.4	47.4172	47.4227	47.6231	47.2304	47.659400000000005	47.530899999999995	47.4549	47.43	47.665	47.248200000000004	47.7006	47.5809	47.402	47.5396	47.7277	47.3836	47.764	47.5225	47.5122	47.4393	47.7113	47.3124	47.7121	47.5484	47.4789	47.5688	47.781800000000004	47.4747	47.706700000000005	47.5938	47.6427	47.6368	47.830099999999995	47.523700000000005	47.8932	47.8002	47.5633	47.767199999999995	47.8729	47.4893
Leq-CMig_004-Ex1_L3_clmp.r1r2_fastp	64.01989999999999	40.9161	44.847500000000004	42.0141	44.7137	42.742200000000004	42.2551	44.0311	45.1484	41.3238	48.5971	47.8578	47.0285	46.0576	46.4154	45.4409	46.2224	45.4974	46.147	45.652	46.0389	45.3232	45.7885	45.0866	45.2898	44.9598	45.144	44.8776	45.3399	44.9751	45.2853	45.2222	45.4185	44.9293	45.5192	44.9812	45.3112	44.946000000000005	45.167	44.8181	45.3838	44.8835	45.4013	44.960499999999996	45.2767	44.82	45.248	44.8565	45.2438	44.9438	45.2121	44.7945	45.364900000000006	44.9544	45.2656	44.9957	45.1549	44.8469	45.184400000000004	44.847	45.2179	45.1073	45.1549	44.993	45.1237	44.974599999999995	45.077	44.9225	45.0866	44.9186	45.1412	44.952799999999996	45.1141	44.9538	45.0596	45.0146	45.1347	44.893	45.265699999999995	44.9241	45.1604	44.8531	45.1211	44.9861	45.3246	44.929	44.9936	45.0313	45.1988	44.8635	45.289	45.0722	45.123799999999996	44.8688	45.239200000000004	45.098	45.1043	44.939	45.1213	44.9968	45.2455	44.9274	45.1931	45.0674	45.0835	44.9304	45.1078	44.9172	45.054300000000005	44.947199999999995	45.2273	45.001000000000005	45.2061	44.974799999999995	45.1837	45.0842	45.1533	44.8976	45.1424	44.9125	45.2205	44.9991	45.0675	45.057	45.2525	44.9836	45.2745	44.926	45.1268	44.7474	45.233000000000004	44.806400000000004	45.0943	44.9749	45.1041	44.9116	45.2415	44.9626	45.1757	44.927099999999996	45.2954	45.0605	45.3087	45.0169	45.3739	45.0846	45.1464	45.0999	45.266	44.9231
Leq-CMig_005-Ex1_L3_clmp.r1r2_fastp	65.0521	41.3793	45.1323	42.219699999999996	45.2257	43.146	42.867	44.7772	45.9638	42.1255	49.4951	48.6111	47.8722	46.9265	47.5147	46.2139	47.2499	46.4076	47.1553	46.611599999999996	47.0354	46.1812	46.6782	45.961200000000005	46.171299999999995	45.8818	45.9696	45.859100000000005	46.3312	45.9172	46.2351	46.1505	46.331	45.7563	46.525	45.7948	46.3175	45.873999999999995	46.199600000000004	45.651399999999995	46.313700000000004	45.858	46.4067	45.9838	46.2209	45.7748	46.2048	45.8343	46.1586	46.0527	46.2042	45.7608	46.348299999999995	46.0715	46.1997	46.006	46.009899999999995	45.8166	46.1491	45.925	46.2673	46.2103	46.102	46.0506	46.1453	46.0737	46.0685	45.9801	46.1334	45.8096	46.170899999999996	46.1119	46.096	46.0149	45.9707	46.0588	46.0989	45.996900000000004	46.3883	45.9402	46.1613	45.8714	46.2178	46.0727	46.3776	45.9007	45.9437	46.1725	46.1911	45.9045	46.232800000000005	46.1487	46.1276	45.8602	46.3101	46.185900000000004	46.106	45.934000000000005	46.1095	46.0449	46.1618	45.9398	46.1394	46.1753	45.9891	46.0026	46.1276	45.934799999999996	46.0386	46.0034	46.221000000000004	46.0265	46.2031	45.9604	46.1851	46.1717	46.105000000000004	45.8547	46.2454	45.9109	46.197300000000006	46.1667	46.0274	46.1035	46.2333	46.0467	46.367799999999995	45.962599999999995	46.1665	45.7318	46.2179	45.874700000000004	46.0986	46.0055	46.0402	45.9105	46.3472	46.0731	46.2338	45.984199999999994	46.213100000000004	46.048899999999996	46.366	46.0781	46.4215	46.2436	46.2376	46.1279	46.4024	46.0682
Leq-CMig_006-Ex1_L3_clmp.r1r2_fastp	65.152	40.0797	45.4596	42.3968	45.0272	42.5637	42.487	43.754799999999996	45.0689	41.2623	48.4406	47.3464	46.67	45.4589	46.178000000000004	44.9959	46.0199	45.1817	46.0957	45.3421	45.9795	45.0457	45.4928	44.7821	45.1488	44.6644	45.0384	44.731500000000004	45.345600000000005	44.7434	45.378	44.9378	45.3046	44.6449	45.3654	44.6551	45.1961	44.6451	45.1074	44.596999999999994	45.2204	44.731700000000004	45.3638	44.7741	45.109	44.6353	45.1528	44.5626	45.2483	44.8152	45.1199	44.615300000000005	45.2458	44.832300000000004	45.1905	44.792300000000004	44.9805	44.6774	45.1368	44.746399999999994	45.2614	44.905499999999996	45.0796	44.8784	45.0239	44.7618	45.000800000000005	44.7281	45.082100000000004	44.6863	45.0932	44.8717	45.0269	44.717800000000004	44.8837	44.838699999999996	44.9278	44.8283	45.2692	44.7776	45.1563	44.738499999999995	45.0895	44.8434	45.1865	44.7355	44.8885	44.8888	45.096399999999996	44.6204	45.1493	44.8534	45.0775	44.7239	45.1361	44.8958	45.0403	44.7322	45.0965	44.8627	45.164500000000004	44.7901	45.0816	44.9415	44.9305	44.9244	45.008900000000004	44.7823	44.994099999999996	44.8108	45.189099999999996	44.900600000000004	45.1416	44.7768	45.1008	44.9148	45.0464	44.8204	45.0005	44.7468	45.1211	45.0328	44.9375	45.057900000000004	45.1109	44.811099999999996	45.2207	44.750499999999995	44.9923	44.5857	45.1484	44.847	45.1085	44.9103	44.9432	44.777899999999995	45.1318	44.8169	45.022800000000004	44.7543	45.2149	44.9311	45.1657	44.977000000000004	45.213300000000004	44.98	45.0172	44.9399	45.0939	44.8116
Leq-CMig_007-Ex1_L3_clmp.r1r2_fastp	64.2857	41.421400000000006	44.6882	42.3091	44.8334	42.7139	42.302499999999995	43.9691	45.1404	41.5032	48.5784	47.6856	47.049400000000006	46.1286	46.5757	45.524300000000004	46.480199999999996	45.632600000000004	46.3801	45.864399999999996	46.2049	45.4738	45.9431	45.2418	45.5055	45.2173	45.2768	45.1631	45.5839	45.1122	45.4876	45.3614	45.6233	45.0302	45.7818	45.0581	45.5922	45.15	45.443099999999994	45.0165	45.5107	45.1016	45.6426	45.203199999999995	45.475	45.0318	45.5581	44.9576	45.503	45.1745	45.4174	45.0034	45.5179	45.1964	45.4511	45.217	45.331900000000005	45.0472	45.3952	45.047399999999996	45.443	45.325500000000005	45.4048	45.2596	45.3772	45.2363	45.2538	45.1295	45.3298	45.0994	45.3774	45.2686	45.3434	45.1854	45.1855	45.3129	45.3231	45.1723	45.4648	45.128800000000005	45.4409	45.1185	45.4109	45.213	45.5307	45.158	45.109	45.307700000000004	45.4093	45.0399	45.481899999999996	45.291199999999996	45.3227	45.0608	45.510400000000004	45.3467	45.3566	45.1886	45.4268	45.2716	45.4088	45.1279	45.365	45.3264	45.2684	45.2455	45.345800000000004	45.1392	45.352599999999995	45.256800000000005	45.4272	45.2658	45.4149	45.1872	45.4572	45.3977	45.4723	45.183299999999996	45.4318	45.1363	45.3773	45.400400000000005	45.209500000000006	45.4384	45.5057	45.2709	45.6455	45.1994	45.453500000000005	45.0318	45.5372	45.1383	45.3965	45.3949	45.297599999999996	45.2004	45.595	45.326699999999995	45.5673	45.3205	45.5747	45.392700000000005	45.6513	45.4063	45.7485	45.481300000000005	45.5443	45.4756	45.6879	45.2307
Leq-CMig_008-Ex1_L3_clmp.r1r2_fastp	63.814800000000005	40.8982	45.7039	42.7099	44.8215	42.8934	42.79	44.3402	45.077099999999994	41.446600000000004	48.6974	47.612500000000004	46.5875	45.5134	46.2327	45.2828	46.0555	45.3506	46.041199999999996	45.5056	45.977000000000004	45.183499999999995	45.6169	44.9325	45.2793	44.874	45.057399999999994	44.9067	45.2906	44.994299999999996	45.3123	45.0837	45.3637	44.8864	45.4119	44.8349	45.3525	44.8888	45.2581	44.7797	45.2509	44.899499999999996	45.4234	44.9013	45.1849	44.7722	45.2461	44.7323	45.162	44.8686	45.1236	44.7344	45.237899999999996	44.891799999999996	45.2014	44.8279	45.097300000000004	44.794200000000004	45.1421	44.8206	45.2437	44.9974	45.026500000000006	44.9819	45.0158	44.996399999999994	45.0514	44.8253	45.1015	44.8275	45.0942	44.9356	45.1256	44.8348	45.0059	44.9075	45.139	44.840999999999994	45.232499999999995	44.8531	45.128800000000005	44.8223	45.0915	44.9046	45.2768	44.8168	44.9152	44.9697	45.1049	44.7842	45.1739	44.8973	45.0452	44.7757	45.1236	44.9123	45.108599999999996	44.8142	45.0974	44.9325	45.0845	44.807399999999994	45.082699999999996	45.0185	44.944	44.9514	44.976	44.8527	44.9842	44.8806	45.1142	44.8577	45.099000000000004	44.818200000000004	45.0927	44.9346	45.052	44.8544	45.03	44.771899999999995	45.1239	44.9299	44.895	44.9664	45.023	44.864	45.2305	44.717400000000005	45.048	44.638099999999994	45.0647	44.7525	45.054300000000005	44.9292	44.86	44.7832	45.1211	44.892700000000005	45.0721	44.8082	45.170700000000004	44.8493	45.1201	44.9218	45.2181	44.9172	45.061299999999996	44.9112	45.1255	44.7335
Leq-CMig_009-Ex1_L3_clmp.r1r2_fastp	63.8858	41.8754	44.5727	42.1815	44.8086	42.747600000000006	42.4135	44.1909	45.4593	41.5474	48.75	47.8538	47.2642	46.3054	46.7362	45.6389	46.6387	45.7932	46.5522	46.107	46.415	45.6578	46.0762	45.399499999999996	45.6337	45.3234	45.3825	45.2723	45.6347	45.3888	45.5843	45.5949	45.7081	45.0446	45.8667	45.158300000000004	45.610099999999996	45.2962	45.5669	45.1262	45.617000000000004	45.2408	45.7563	45.3903	45.5369	45.0822	45.6702	45.104	45.585	45.3223	45.5111	45.1168	45.6222	45.3557	45.5858	45.2468	45.4551	45.0974	45.4533	45.1691	45.6039	45.4233	45.4646	45.333	45.4564	45.3733	45.3998	45.2094	45.4436	45.1483	45.4367	45.353500000000004	45.4422	45.2773	45.183499999999995	45.4407	45.4111	45.2765	45.614	45.2397	45.520300000000006	45.151599999999995	45.5004	45.3757	45.6534	45.186	45.2882	45.471000000000004	45.4901	45.196999999999996	45.580999999999996	45.388600000000004	45.453700000000005	45.130199999999995	45.5938	45.3956	45.4781	45.2581	45.4729	45.3264	45.4826	45.248	45.4874	45.507	45.347500000000004	45.339400000000005	45.487	45.238299999999995	45.419399999999996	45.366800000000005	45.6034	45.3241	45.4683	45.344899999999996	45.4657	45.4914	45.549499999999995	45.232299999999995	45.6134	45.3107	45.4974	45.513999999999996	45.2907	45.5202	45.6181	45.4084	45.767	45.2535	45.5508	45.028	45.6259	45.2596	45.510099999999994	45.476499999999994	45.3981	45.2951	45.6333	45.4655	45.5419	45.427499999999995	45.716499999999996	45.4758	45.777499999999996	45.4531	45.8626	45.57	45.6083	45.500299999999996	45.6991	45.318799999999996
Leq-CMig_012-Ex1_L3_clmp.r1r2_fastp	65.1418	40.2177	44.8552	41.8992	44.714	42.4609	42.1229	43.8445	45.024	41.2532	48.5633	47.6954	46.9086	45.8637	46.4058	45.3401	46.151599999999995	45.3643	46.1379	45.580799999999996	46.0287	45.2887	45.6401	44.9503	45.292500000000004	44.8587	44.987100000000005	44.8543	45.265499999999996	44.9116	45.286	45.155499999999996	45.3941	44.7541	45.4938	44.7732	45.3074	44.823800000000006	45.1795	44.6837	45.3251	44.8177	45.4337	44.927099999999996	45.1956	44.7064	45.2248	44.681	45.1776	44.9434	45.122800000000005	44.736399999999996	45.2654	44.946999999999996	45.2352	44.879599999999996	45.033699999999996	44.757999999999996	45.115899999999996	44.8253	45.222	45.0515	45.1089	45.0173	45.099000000000004	44.9334	45.0394	44.8011	45.1006	44.7687	45.0741	44.9443	45.1462	44.873000000000005	44.974599999999995	44.9939	45.0661	44.936	45.1884	44.9069	45.1071	44.8618	45.1451	45.035	45.3161	44.8439	44.9613	45.030300000000004	45.1598	44.7986	45.1993	45.0369	45.0715	44.8381	45.2718	45.095400000000005	45.0658	44.9052	45.1074	45.0005	45.1256	44.8441	45.1239	45.0904	44.9838	44.9645	45.0454	44.838899999999995	45.013999999999996	44.9602	45.1732	44.9538	45.128299999999996	44.901799999999994	45.156	45.0401	45.081900000000005	44.7722	45.1493	44.811499999999995	45.1569	45.022600000000004	44.9646	45.0432	45.144400000000005	44.899	45.3658	44.8444	45.123799999999996	44.6481	45.2008	44.832	45.0667	44.92	44.9663	44.8719	45.263799999999996	45.0448	45.2156	44.9843	45.242399999999996	45.0573	45.314	45.0395	45.3075	45.164500000000004	45.1957	45.1278	45.280300000000004	44.9122
Leq-CMig_014-Ex1_L3_clmp.r1r2_fastp	63.9663	41.8781	44.6256	42.1672	44.8215	42.8185	42.422399999999996	44.2245	45.4865	41.498200000000004	48.8175	47.9946	47.2958	46.3557	46.7742	45.684200000000004	46.5826	45.798100000000005	46.396100000000004	46.016	46.3683	45.5807	45.9928	45.2975	45.5304	45.2131	45.3184	45.1181	45.6646	45.236900000000006	45.5348	45.501000000000005	45.6374	45.1057	45.868199999999995	45.137899999999995	45.5588	45.2212	45.508900000000004	44.9932	45.6531	45.231100000000005	45.6758	45.3196	45.481100000000005	45.0729	45.539	45.0256	45.5121	45.271899999999995	45.485	45.0336	45.6584	45.2714	45.5778	45.2887	45.3866	45.125	45.462599999999995	45.146300000000004	45.524300000000004	45.3926	45.3827	45.3263	45.419	45.3185	45.3724	45.2201	45.4256	45.090599999999995	45.434999999999995	45.2966	45.4728	45.2962	45.328	45.3434	45.5069	45.2487	45.536300000000004	45.326	45.440599999999996	45.184400000000004	45.501599999999996	45.325500000000005	45.5878	45.2239	45.294200000000004	45.339200000000005	45.4914	45.1976	45.5333	45.4351	45.4026	45.1965	45.5696	45.491	45.4416	45.2965	45.4439	45.2984	45.4833	45.2194	45.4242	45.5103	45.3194	45.3283	45.4502	45.2433	45.4051	45.3328	45.5444	45.29	45.5035	45.368199999999995	45.4872	45.4492	45.5045	45.210499999999996	45.5762	45.2571	45.474399999999996	45.5126	45.4313	45.4444	45.583400000000005	45.4152	45.663199999999996	45.2883	45.518	45.0862	45.6106	45.2336	45.435700000000004	45.4079	45.4246	45.2704	45.713100000000004	45.4362	45.6044	45.4102	45.5831	45.3945	45.7173	45.4295	45.7375	45.5196	45.547900000000006	45.5065	45.6751	45.3673
Leq-CMig_015-Ex1_L3_clmp.r1r2_fastp	65.9647	41.071200000000005	44.894800000000004	42.2051	45.0766	42.774699999999996	42.0812	43.8078	45.284400000000005	41.5893	48.7167	48.0865	47.519099999999995	46.5062	47.1564	45.8915	47.0036	46.062599999999996	46.8818	46.2547	46.703	45.9121	46.4013	45.7097	45.9812	45.659	45.681	45.6006	46.085100000000004	45.5897	45.9521	45.894200000000005	46.0561	45.4956	46.2675	45.529399999999995	45.9818	45.5443	45.819900000000004	45.4355	45.9506	45.5324	46.1188	45.7094	45.893299999999996	45.393499999999996	45.994099999999996	45.444	45.900400000000005	45.631899999999995	45.8818	45.5381	46.025	45.6965	45.8811	45.6745	45.7937	45.5013	45.839999999999996	45.5527	45.969	45.8836	45.8156	45.777499999999996	45.8389	45.7092	45.775	45.5251	45.7858	45.5198	45.8795	45.7459	45.817099999999996	45.6582	45.6313	45.8459	45.7904	45.703700000000005	45.9663	45.6593	45.8458	45.5941	45.8762	45.7173	46.064699999999995	45.5782	45.567099999999996	45.8223	45.908	45.5931	45.8732	45.799800000000005	45.786300000000004	45.5017	45.9466	45.8196	45.831	45.697700000000005	45.886900000000004	45.726099999999995	45.9169	45.6193	45.8556	45.8117	45.676899999999996	45.6419	45.7829	45.6115	45.7413	45.7203	45.9598	45.72	45.923700000000004	45.5883	45.8771	45.8703	45.8647	45.5788	45.9376	45.6218	45.8194	45.9432	45.5751	45.8932	45.9129	45.6608	46.0547	45.609	45.803700000000006	45.393899999999995	45.9423	45.501799999999996	45.8078	45.7692	45.624199999999995	45.6832	46.0115	45.6707	45.9187	45.6999	45.9328	45.8339	46.042	45.780300000000004	46.0702	45.8597	45.8735	45.8438	46.0805	45.631899999999995
Leq-CMig_016-Ex1_L3_clmp.r1r2_fastp	63.797000000000004	41.7008	44.553399999999996	42.1028	44.6521	42.6718	42.324400000000004	44.1683	45.372299999999996	41.6558	48.7012	47.921	47.2372	46.182	46.7252	45.463	46.417	45.6847	46.361799999999995	45.9052	46.359	45.4953	45.886300000000006	45.1697	45.3429	45.0459	45.2266	45.0479	45.549299999999995	45.1815	45.421099999999996	45.3744	45.5531	45.0449	45.8606	45.0695	45.529799999999994	45.1054	45.4548	44.9921	45.5494	45.1353	45.6969	45.2061	45.4403	45.000299999999996	45.4561	44.9435	45.406600000000005	45.189099999999996	45.3917	45.001200000000004	45.5351	45.2848	45.4151	45.223200000000006	45.2576	45.0668	45.3674	44.9867	45.4226	45.2945	45.3658	45.2457	45.3702	45.3448	45.2731	45.1659	45.3617	45.0116	45.4105	45.2324	45.305800000000005	45.148700000000005	45.2531	45.25	45.433099999999996	45.1967	45.6414	45.2904	45.4454	45.0587	45.4264	45.2903	45.5843	45.2216	45.2652	45.2893	45.516	45.104499999999994	45.5538	45.4198	45.309	45.1241	45.559	45.468399999999995	45.3403	45.2764	45.3388	45.3517	45.4445	45.291199999999996	45.4529	45.5046	45.2836	45.3165	45.456	45.2382	45.385799999999996	45.300000000000004	45.4886	45.259899999999995	45.520500000000006	45.3511	45.4501	45.576899999999995	45.4443	45.2773	45.502900000000004	45.2191	45.4516	45.4861	45.3943	45.4411	45.5521	45.463300000000004	45.609899999999996	45.214	45.3901	45.075900000000004	45.4356	45.1724	45.3733	45.3233	45.328	45.1744	45.6664	45.4267	45.5194	45.2807	45.5115	45.2544	45.6241	45.3787	45.5305	45.502700000000004	45.5315	45.448	45.6596	45.1457
Leq-CMig_017-Ex1_L3_clmp.r1r2_fastp	65.2209	42.3076	45.7906	43.1454	45.7472	43.5351	43.499500000000005	45.2547	46.3568	42.4259	49.6823	48.8942	47.991299999999995	47.027	47.6633	46.4939	47.4152	46.4999	47.371	46.7723	47.1785	46.381099999999996	46.7244	46.0601	46.2619	45.9446	46.075300000000006	46.0387	46.376400000000004	46.0297	46.274	46.3055	46.5192	45.9186	46.683	45.905499999999996	46.434	46.0142	46.3191	45.7558	46.3982	46.1064	46.659	46.0617	46.281099999999995	45.794200000000004	46.373599999999996	45.8041	46.2192	46.0756	46.2939	45.7204	46.5038	46.2561	46.3013	46.109899999999996	46.116800000000005	45.9582	46.2522	45.9919	46.4583	46.3688	46.295500000000004	46.2708	46.2128	46.235	46.141799999999996	46.0395	46.3237	45.8391	46.2317	46.2317	46.1675	46.1081	46.085300000000004	46.272000000000006	46.2721	46.124900000000004	46.4696	46.0862	46.3313	45.9462	46.397800000000004	46.2294	46.5838	46.0403	46.0741	46.3052	46.334900000000005	45.9472	46.273199999999996	46.2222	46.2426	45.9215	46.476800000000004	46.5364	46.190599999999996	46.0978	46.2729	46.2075	46.230399999999996	46.0482	46.292899999999996	46.396	46.0465	46.1802	46.2987	46.1082	46.1357	46.1356	46.442499999999995	46.1096	46.1714	46.0901	46.3225	46.3878	46.2548	46.036300000000004	46.364	46.031800000000004	46.277	46.2967	46.004400000000004	46.2426	46.3714	46.2872	46.6611	46.0994	46.2968	45.963100000000004	46.4058	45.9404	46.2401	46.177	46.1537	45.894600000000004	46.4801	46.2365	46.4825	46.1419	46.4279	46.281299999999995	46.5171	46.1158	46.659299999999995	46.3851	46.439	46.3449	46.6006	46.1615
Leq-CMig_020-Ex1_L3_clmp.r1r2_fastp	63.925	41.8698	44.8713	42.5942	45.368199999999995	43.296099999999996	42.775600000000004	44.8311	45.6696	41.9871	49.1008	48.2518	47.5563	46.6617	47.0022	45.9675	46.8888	46.0922	46.6924	46.4053	46.5246	45.9524	46.3383	45.7348	45.8693	45.6614	45.6664	45.5315	45.9651	45.532000000000004	45.9242	45.8888	45.9606	45.4801	46.211999999999996	45.5683	45.9364	45.643299999999996	45.8178	45.4555	45.9758	45.4346	46.076299999999996	45.6013	45.8823	45.4305	45.9838	45.400400000000005	45.911	45.6258	45.813199999999995	45.3717	46.0291	45.656200000000005	45.8758	45.7121	45.685500000000005	45.5254	45.8595	45.516	45.8654	45.7898	45.7192	45.745799999999996	45.788000000000004	45.6549	45.671800000000005	45.6002	45.7951	45.5554	45.739999999999995	45.646	45.8383	45.5249	45.6808	45.7051	45.7983	45.5461	45.9642	45.555299999999995	45.8242	45.5578	45.7874	45.742	45.940799999999996	45.6061	45.531	45.7723	45.876099999999994	45.4926	45.8572	45.8081	45.726	45.5146	45.8833	45.8566	45.7802	45.6799	45.8061	45.7686	45.8305	45.639	45.8651	45.8273	45.7245	45.684999999999995	45.8372	45.609300000000005	45.8592	45.655699999999996	45.8593	45.7207	45.9261	45.6541	45.844699999999996	45.812799999999996	45.878	45.664300000000004	45.961800000000004	45.6488	45.834399999999995	45.8681	45.641	45.785399999999996	45.9845	45.6648	46.0019	45.6869	45.8123	45.5327	45.882	45.5556	45.8022	45.8026	45.6914	45.6387	46.0203	45.6598	45.970499999999994	45.637899999999995	45.9291	45.8236	46.0309	45.7234	46.0119	45.8731	45.8538	45.797900000000006	46.1292	45.6967
Leq-CMig_021-Ex1_L3_clmp.r1r2_fastp	65.4798	41.9948	45.249	42.7958	45.4	43.1433	42.863299999999995	44.7672	45.995599999999996	42.1386	49.286	48.4313	47.713	46.7372	47.3783	46.1147	47.1233	46.186899999999994	47.1111	46.514	46.9672	46.1824	46.516000000000005	45.9366	46.110299999999995	45.697900000000004	45.9416	45.819500000000005	46.1321	45.8121	45.9916	46.0721	46.3144	45.6049	46.464	45.6766	46.2678	45.738099999999996	46.0725	45.6191	46.208	45.8152	46.4272	45.8634	46.1428	45.562000000000005	46.2727	45.5567	46.070299999999996	45.9047	46.0849	45.549499999999995	46.2802	45.9653	46.144	45.888600000000004	46.0007	45.6329	45.9876	45.7339	46.1425	46.0621	46.0531	46.0376	46.031800000000004	46.032000000000004	45.9555	45.8292	46.0439	45.6841	45.9787	46.0161	45.9116	45.825900000000004	45.7546	46.072	46.017799999999994	45.907399999999996	46.2412	45.8222	46.0899	45.8014	46.0666	46.049	46.3795	45.7727	45.852900000000005	46.0687	46.0771	45.795700000000004	46.0552	46.0103	46.037099999999995	45.711200000000005	46.2498	46.1702	46.0476	45.870400000000004	46.1017	45.9986	45.9899	45.883	46.1035	46.0588	45.9121	46.0057	46.0446	45.9435	45.8905	45.9777	46.069700000000005	45.9724	46.0156	45.872600000000006	46.1706	46.1563	46.1136	45.8857	46.1567	45.8943	46.0687	46.1751	45.9995	46.2264	46.2748	46.086	46.4533	45.8143	46.1279	45.651399999999995	46.2845	45.7348	46.1034	46.0859	46.0218	45.866299999999995	46.3572	46.1049	46.242	45.9103	46.278200000000005	46.1329	46.3278	46.050799999999995	46.3936	46.194	46.2631	46.179199999999994	46.433600000000006	45.9949
Leq-CMig_022-Ex1_L3_clmp.r1r2_fastp	64.15809999999999	42.016799999999996	44.5704	42.2711	44.9704	42.8447	42.6962	44.5839	45.839800000000004	41.6773	48.883500000000005	48.0383	47.3831	46.2461	46.9279	45.7228	46.6486	45.787800000000004	46.6103	46.0519	46.4656	45.6532	46.1154	45.360299999999995	45.6167	45.2946	45.3876	45.272600000000004	45.6879	45.2735	45.591100000000004	45.5873	45.7746	45.128099999999996	46.0401	45.2077	45.659499999999994	45.2343	45.595200000000006	45.1119	45.7272	45.2744	45.8223	45.3878	45.6304	45.0822	45.773599999999995	45.061099999999996	45.5711	45.3038	45.5532	45.0436	45.664300000000004	45.3962	45.5937	45.364900000000006	45.417699999999996	45.157599999999995	45.529399999999995	45.210699999999996	45.6028	45.5661	45.4938	45.4596	45.487	45.4002	45.406600000000005	45.2756	45.5666	45.0979	45.480599999999995	45.392900000000004	45.4629	45.2859	45.336999999999996	45.421800000000005	45.5056	45.3673	45.6586	45.386700000000005	45.5178	45.1913	45.5561	45.427	45.8042	45.1869	45.2621	45.4361	45.5349	45.159	45.5015	45.4604	45.520300000000006	45.075900000000004	45.650600000000004	45.592	45.4463	45.285199999999996	45.5272	45.4403	45.4661	45.2433	45.516400000000004	45.5557	45.344699999999996	45.3372	45.473	45.3556	45.325500000000005	45.3226	45.5402	45.3145	45.4525	45.3057	45.5409	45.5603	45.4754	45.2342	45.6135	45.2455	45.4373	45.5842	45.3056	45.577	45.6592	45.361000000000004	45.8375	45.2488	45.5167	45.0895	45.5922	45.1579	45.449	45.3194	45.373799999999996	45.189	45.6602	45.433	45.5726	45.313700000000004	45.5816	45.453700000000005	45.6885	45.3528	45.7677	45.5574	45.601	45.5115	45.7785	45.3282
Leq-CMig_025-Ex1_L3_clmp.r1r2_fastp	63.038000000000004	41.3513	44.1855	41.6977	44.4574	42.471399999999996	42.1165	43.879400000000004	45.0942	41.2734	48.3743	47.6766	47.0399	46.084	46.4948	45.397999999999996	46.3859	45.467200000000005	46.215	45.705600000000004	46.075	45.2772	45.744299999999996	45.034600000000005	45.2676	44.9657	45.0194	44.855000000000004	45.3724	44.9581	45.2175	45.214	45.4233	44.795	45.553	44.878800000000005	45.2671	44.953900000000004	45.2112	44.714	45.3036	44.9361	45.384600000000006	45.0234	45.164300000000004	44.81	45.2088	44.818599999999996	45.2353	44.9624	45.1631	44.7735	45.326899999999995	45.0223	45.2052	45.008199999999995	45.0739	44.8278	45.1642	44.8977	45.2335	45.132	45.039699999999996	44.9841	45.0768	45.015699999999995	45.0214	44.9673	45.1528	44.8228	45.1613	45.012299999999996	45.0751	44.9947	44.9793	45.0113	45.18	44.9444	45.2682	45.000099999999996	45.1338	44.8652	45.2121	45.0282	45.3498	44.9197	45.0073	44.9921	45.2121	44.8901	45.197700000000005	45.1034	45.0882	44.8513	45.2766	45.1927	45.1067	45.0173	45.1344	45.0267	45.1675	44.9752	45.114900000000006	45.204299999999996	45.047	44.9949	45.1005	44.9576	45.0703	44.996199999999995	45.1867	45.021499999999996	45.185900000000004	45.0185	45.162600000000005	45.1313	45.116	44.8998	45.228699999999996	44.9501	45.2002	45.1002	45.0597	44.9855	45.2637	45.0581	45.3773	44.9778	45.1781	44.7748	45.2572	44.8391	45.167	45.0058	45.055299999999995	44.92	45.3501	45.041799999999995	45.2996	45.057199999999995	45.2588	45.059900000000006	45.3722	45.1157	45.3553	45.1785	45.2362	45.1565	45.3296	45.0058
Leq-CMig_026-Ex1_L3_clmp.r1r2_fastp	64.0146	41.441	44.8671	42.1582	45.0428	42.7245	42.5118	44.1006	45.5559	41.6454	48.8846	47.9767	47.3418	46.3623	46.983799999999995	45.780300000000004	46.8251	45.8914	46.7273	46.1335	46.5617	45.7161	46.2574	45.4444	45.7603	45.4355	45.536300000000004	45.4187	45.901599999999995	45.4416	45.772400000000005	45.664	45.8945	45.223200000000006	46.1237	45.3177	45.8983	45.3631	45.751	45.2299	45.9178	45.4328	46.0173	45.469300000000004	45.736399999999996	45.2157	45.8909	45.2146	45.7622	45.4754	45.7305	45.2559	45.8839	45.5403	45.8025	45.4827	45.6068	45.3678	45.7768	45.4319	45.7874	45.6381	45.6354	45.6136	45.646	45.5982	45.5454	45.495799999999996	45.6951	45.3085	45.671299999999995	45.5823	45.5884	45.4443	45.4979	45.609	45.6726	45.5705	45.8994	45.5598	45.690599999999996	45.432	45.7145	45.5939	45.8556	45.4179	45.4799	45.618900000000004	45.712399999999995	45.3638	45.7568	45.574999999999996	45.6672	45.3239	45.8563	45.7236	45.641	45.5174	45.6535	45.6184	45.6877	45.4601	45.7185	45.7394	45.5459	45.5531	45.6821	45.421800000000005	45.571600000000004	45.514700000000005	45.744600000000005	45.5245	45.65	45.4583	45.6965	45.693400000000004	45.7019	45.3988	45.787499999999994	45.462399999999995	45.6596	45.725300000000004	45.500800000000005	45.6802	45.812000000000005	45.535	45.8783	45.3773	45.706599999999995	45.1987	45.8242	45.3499	45.5903	45.5058	45.5395	45.4093	45.804	45.571600000000004	45.744	45.5204	45.7955	45.556000000000004	45.8484	45.551199999999994	45.9246	45.6599	45.8153	45.5591	45.9351	45.4486
Leq-CMig_028-Ex1_L3_clmp.r1r2_fastp	64.8591	40.3122	44.1048	41.2525	44.2083	41.9807	41.5882	43.2288	44.6586	40.8459	48.2232	47.341899999999995	46.8189	45.6984	46.2327	45.0107	45.9592	45.1071	45.873599999999996	45.3081	45.8104	44.95	45.4428	44.6881	44.9645	44.5715	44.751400000000004	44.514700000000005	45.007799999999996	44.5801	44.931	44.852	45.089600000000004	44.4788	45.3109	44.5107	45.0229	44.4834	44.9118	44.3567	44.9682	44.557	45.1156	44.683299999999996	44.911699999999996	44.3748	44.9329	44.425399999999996	44.912600000000005	44.6085	44.8452	44.3972	45.0176	44.675599999999996	44.8893	44.6852	44.7714	44.4302	44.7806	44.514199999999995	44.914500000000004	44.685399999999994	44.8268	44.635999999999996	44.8553	44.6127	44.7336	44.5933	44.8019	44.453700000000005	44.7549	44.6655	44.7386	44.6092	44.596000000000004	44.623000000000005	44.7859	44.5884	44.9003	44.5619	44.8566	44.4847	44.8244	44.6945	45.0539	44.435	44.649699999999996	44.6486	44.8198	44.555	44.8645	44.7221	44.7675	44.5322	44.911699999999996	44.7946	44.78	44.5944	44.8243	44.6054	44.7855	44.577	44.8384	44.7752	44.6976	44.7124	44.833800000000004	44.621	44.7122	44.5799	44.862	44.7046	44.858399999999996	44.6651	44.8066	44.8435	44.8472	44.5899	44.8924	44.5749	44.7799	44.7718	44.6648	44.7401	44.9107	44.7061	44.9909	44.609300000000005	44.865899999999996	44.4314	44.9094	44.4773	44.729	44.7405	44.7158	44.567499999999995	45.050200000000004	44.7785	44.8921	44.6865	44.9438	44.809	44.9861	44.696999999999996	45.170300000000005	44.915	44.91	44.9062	45.0494	44.629799999999996
Leq-CMig_029-Ex1_L3_clmp.r1r2_fastp	64.3027	40.0503	44.0758	41.4983	43.9542	41.6386	41.4101	42.9927	44.2932	40.466800000000006	47.6449	46.8202	46.1234	45.0429	45.5886	44.4027	45.3312	44.463	45.253	44.677299999999995	45.237899999999996	44.3534	44.8536	44.0645	44.4839	43.931799999999996	44.212	43.9063	44.4072	43.9502	44.4477	44.1911	44.5121	43.8883	44.595600000000005	43.966899999999995	44.4083	43.8939	44.2718	43.809599999999996	44.3583	43.934400000000004	44.4911	43.9845	44.297799999999995	43.8403	44.331900000000005	43.854	44.310300000000005	44.0032	44.1968	43.8425	44.398700000000005	43.9758	44.2698	43.9487	44.1142	43.8902	44.1965	43.8916	44.3345	44.0359	44.177699999999994	44.0106	44.1817	43.996	44.142900000000004	43.8637	44.161699999999996	43.85	44.2239	43.9785	44.1796	43.933299999999996	44.0426	44.0996	44.168	43.9173	44.3202	43.9209	44.1913	43.8858	44.2411	44.0591	44.3729	43.8874	44.0704	44.011	44.224999999999994	43.8529	44.257000000000005	44.0791	44.0996	43.920500000000004	44.3138	44.0724	44.1725	43.984	44.232	44.0062	44.2475	43.9518	44.2543	44.1457	44.1325	44.0143	44.2055	43.9723	44.158500000000004	43.980599999999995	44.2094	44.0058	44.296400000000006	44.0219	44.259	44.1685	44.224599999999995	43.9502	44.2417	43.9208	44.202200000000005	44.101600000000005	44.120799999999996	44.1226	44.2796	44.0444	44.4106	43.9551	44.3107	43.8394	44.2838	43.9191	44.2436	44.096000000000004	44.1445	44.022	44.4039	44.101	44.3778	44.0657	44.3324	44.2245	44.4726	44.2136	44.5235	44.2616	44.339800000000004	44.2147	44.4644	44.025999999999996
Leq-CMig_030-Ex1_L3_clmp.r1r2_fastp	64.7475	40.8497	44.7021	42.0935	44.8474	42.0132	42.321	43.9561	45.2461	41.213699999999996	48.5536	47.6189	47.111	45.552	46.4989	45.1904	46.1062	45.1413	46.1316	45.642300000000006	46.0504	45.0413	45.4325	45.0037	44.9775	44.6702	44.8021	44.6817	45.0822	44.8579	44.9576	44.957	45.395799999999994	44.642900000000004	45.4894	44.6572	45.163399999999996	44.6338	45.2282	44.455600000000004	45.309	44.755	45.5242	44.7341	45.3048	44.4984	45.1563	44.5235	45.067800000000005	44.7794	45.1185	44.5659	45.2197	44.9836	45.0108	44.7071	44.8367	44.6537	45.027499999999996	44.806400000000004	45.0594	45.210699999999996	45.1344	44.9536	44.9996	45.2493	44.8949	44.7947	44.9701	44.6731	44.9063	44.987899999999996	44.9896	44.865300000000005	44.874900000000004	45.0922	45.0764	44.7963	45.155	44.8551	45.0043	44.697900000000004	45.2205	45.040200000000006	45.5358	44.6425	44.9033	45.022400000000005	45.035199999999996	44.6417	45.0141	44.9474	45.015	44.5466	45.2415	45.238099999999996	44.942	44.696799999999996	45.142500000000005	45.0663	45.0373	44.8529	45.1736	45.162600000000005	44.8974	44.914300000000004	44.8951	44.9522	44.699	44.8266	45.1452	44.8284	44.9347	44.878	45.1413	45.0384	44.9694	44.6654	45.176899999999996	44.716	45.096399999999996	44.9081	45.0295	44.879400000000004	45.2745	44.8817	45.5541	44.718799999999995	45.109	44.6356	45.0785	44.71	44.9506	44.7738	44.9103	44.706	45.2871	44.9041	45.2156	44.7984	45.1332	44.8897	45.190799999999996	44.92	45.3061	45.0774	45.1181	45.0944	45.1931	44.683299999999996
Leq-CMig_032-Ex1_L3_clmp.r1r2_fastp	64.9375	41.828700000000005	45.1685	42.5231	45.458999999999996	43.2811	43.058099999999996	44.8896	46.154	42.1443	49.366	48.5535	47.8499	46.8838	47.4462	46.2022	47.2312	46.3122	47.150999999999996	46.563300000000005	46.9962	46.169900000000005	46.679700000000004	45.9786	46.225100000000005	45.918	45.9959	45.8827	46.282000000000004	45.893499999999996	46.167	46.144400000000005	46.3609	45.7695	46.5334	45.842	46.278200000000005	45.9033	46.1631	45.705600000000004	46.279199999999996	45.9063	46.4479	45.9669	46.199200000000005	45.725300000000004	46.293099999999995	45.785399999999996	46.243	45.973000000000006	46.151399999999995	45.760400000000004	46.3088	46.016600000000004	46.304	45.9344	46.083800000000004	45.7891	46.1511	45.8779	46.2228	46.1811	46.1283	46.0343	46.1193	46.0652	46.0504	45.9583	46.1295	45.8545	46.1953	46.0932	46.1603	46.0312	45.980399999999996	46.0869	46.1182	46.0401	46.3194	45.9901	46.1541	45.907599999999995	46.1963	46.0794	46.407199999999996	45.9462	45.927800000000005	46.163900000000005	46.2413	45.9203	46.2615	46.1052	46.1088	45.9241	46.3198	46.2211	46.1568	46.062	46.184	46.0823	46.171	45.982	46.2027	46.1881	46.047	46.0444	46.1379	45.9808	46.1413	46.0032	46.2495	46.0789	46.2042	45.988600000000005	46.2612	46.2042	46.2221	45.9234	46.2922	45.9901	46.1866	46.224900000000005	46.0088	46.1741	46.2993	46.051500000000004	46.4433	46.0012	46.250099999999996	45.8095	46.3174	45.934999999999995	46.155499999999996	46.072	46.0815	45.988600000000005	46.3326	46.0986	46.314699999999995	46.1082	46.3563	46.195	46.439099999999996	46.1235	46.4299	46.2689	46.2579	46.2685	46.4165	46.0922
Leq-CMig_033-Ex1_L3_clmp.r1r2_fastp	64.4465	41.3341	44.5847	42.073899999999995	44.7975	42.7312	42.577999999999996	44.3932	45.5486	41.5205	49.008	48.0127	47.3927	46.3646	46.8786	45.704699999999995	46.5441	45.8407	46.499	45.9548	46.3705	45.5667	46.0072	45.2433	45.6312	45.213300000000004	45.3025	45.1455	45.6142	45.2416	45.5127	45.4982	45.7213	45.1631	45.8916	45.149499999999996	45.6704	45.251200000000004	45.536300000000004	45.0681	45.649499999999996	45.2839	45.8422	45.3355	45.5662	45.0922	45.623999999999995	45.0805	45.6003	45.2966	45.6157	45.0735	45.6608	45.3375	45.6175	45.3295	45.4414	45.1123	45.516400000000004	45.2316	45.534	45.437	45.467600000000004	45.4413	45.4788	45.4262	45.378099999999996	45.2987	45.481100000000005	45.141999999999996	45.4596	45.4188	45.4567	45.3548	45.376	45.414	45.4945	45.2864	45.6199	45.314	45.4738	45.2611	45.5248	45.3998	45.698699999999995	45.2982	45.3351	45.408100000000005	45.576	45.213	45.5705	45.448100000000004	45.4643	45.242	45.6538	45.4584	45.4992	45.3503	45.4576	45.3411	45.5614	45.2558	45.522600000000004	45.5199	45.364599999999996	45.4031	45.429	45.3235	45.3978	45.3472	45.5852	45.3323	45.515	45.3792	45.499	45.516	45.5186	45.331700000000005	45.5831	45.354499999999994	45.5782	45.4426	45.4091	45.3923	45.6533	45.3523	45.7665	45.3009	45.57	45.0884	45.580999999999996	45.184000000000005	45.5146	45.3363	45.4098	45.2972	45.7071	45.3623	45.5877	45.311	45.6592	45.4079	45.6015	45.4447	45.665499999999994	45.5135	45.5389	45.5271	45.647	45.2749
Leq-CMig_036-Ex1_L3_clmp.r1r2_fastp	65.5698	41.1314	44.923	42.262	45.0945	42.8459	42.555	44.2214	45.441500000000005	41.5983	49.0153	48.012899999999995	47.458099999999995	46.46	47.0346	45.8519	46.8517	45.9235	46.782000000000004	46.118900000000004	46.612500000000004	45.8368	46.320499999999996	45.5448	45.8693	45.5126	45.6383	45.4906	45.9382	45.4984	45.8842	45.7273	46.0064	45.3853	46.1553	45.4404	45.97	45.4403	45.7686	45.3437	45.8688	45.4367	46.0401	45.602399999999996	45.764500000000005	45.398500000000006	45.914	45.378099999999996	45.848499999999994	45.5922	45.7459	45.4173	45.905499999999996	45.5631	45.8725	45.5932	45.6849	45.454299999999996	45.7593	45.434799999999996	45.8428	45.7593	45.689099999999996	45.6477	45.779599999999995	45.6243	45.713300000000004	45.547399999999996	45.7326	45.4466	45.813900000000004	45.6063	45.746900000000004	45.580999999999996	45.5957	45.651399999999995	45.7416	45.583400000000005	45.9516	45.5961	45.7669	45.5165	45.8115	45.616	45.9508	45.5743	45.5723	45.6923	45.8594	45.485	45.8716	45.7209	45.7208	45.481700000000004	45.885799999999996	45.7266	45.7493	45.6477	45.8098	45.6723	45.8335	45.5627	45.851	45.7258	45.665800000000004	45.6128	45.8052	45.5785	45.805	45.6661	45.8507	45.6945	45.893699999999995	45.5753	45.874700000000004	45.846399999999996	45.817	45.5436	45.878600000000006	45.5575	45.846	45.7771	45.717200000000005	45.7732	45.9664	45.6607	46.0771	45.6141	45.9052	45.4868	45.9711	45.5567	45.830799999999996	45.730900000000005	45.763999999999996	45.6687	46.0625	45.769	46.0062	45.7292	46.042699999999996	45.812000000000005	46.0802	45.7708	46.1008	45.9837	46.0072	45.844	46.1046	45.780100000000004
Leq-CMig_037-Ex1_L3_clmp.r1r2_fastp	65.18350000000001	40.3819	44.122	41.424699999999994	44.384299999999996	42.1358	41.7775	43.4576	44.798	41.0196	48.3147	47.5224	47.0662	45.9985	46.4645	45.327600000000004	46.238	45.3417	46.1175	45.5731	45.9404	45.1909	45.684999999999995	44.956	45.3096	44.9478	45.0156	44.78	45.3044	44.8588	45.21	45.141999999999996	45.35	44.7641	45.497	44.8165	45.211	44.900099999999995	45.1077	44.6693	45.189800000000005	44.7877	45.3234	44.914100000000005	45.1736	44.709199999999996	45.2353	44.7406	45.2057	44.8882	45.0818	44.7396	45.2752	44.8872	45.1642	44.9239	45.0227	44.7531	45.136900000000004	44.7885	45.1809	45.0342	45.061099999999996	44.8953	45.0703	44.9347	45.0431	44.8279	45.0317	44.7802	45.0824	44.8923	45.049	44.912800000000004	44.9341	44.979	45.0644	44.8942	45.1774	44.8854	45.1201	44.7693	45.112	44.9621	45.1767	44.852	44.8746	44.9036	45.143899999999995	44.7905	45.0977	44.9963	45.0038	44.7986	45.155	44.9862	45.0777	44.865300000000005	45.0593	44.912400000000005	45.132	44.8696	45.1204	45.0133	44.9819	44.913599999999995	45.1226	44.8779	45.035199999999996	44.9337	45.148500000000006	44.901	45.1539	44.9053	45.1345	45.066	45.1286	44.895	45.206	44.8436	45.096000000000004	45.0186	44.9826	45.0342	45.1501	44.9661	45.270700000000005	44.9369	45.1509	44.764700000000005	45.2281	44.8136	45.1375	45.0026	45.0169	44.8751	45.2753	45.0043	45.209700000000005	45.0292	45.183800000000005	45.061800000000005	45.2739	45.0362	45.3176	45.2168	45.1997	45.0886	45.3312	44.9193
Leq-CMig_038-Ex1_L3_clmp.r1r2_fastp	65.679	40.3856	44.7057	41.821000000000005	44.823299999999996	42.5392	42.1387	43.870599999999996	45.2617	41.2865	48.8549	48.0015	47.3949	46.3615	46.8758	45.6803	46.6509	45.7704	46.5826	45.9816	46.461400000000005	45.6239	46.1661	45.4232	45.718199999999996	45.3694	45.4867	45.2665	45.7532	45.2997	45.7289	45.548	45.8435	45.2576	45.954499999999996	45.2565	45.7235	45.2596	45.6039	45.110499999999995	45.6966	45.279399999999995	45.886300000000006	45.410000000000004	45.6675	45.1863	45.7138	45.1873	45.6153	45.3757	45.6017	45.2012	45.7731	45.454699999999995	45.6567	45.4119	45.496900000000004	45.2137	45.619	45.272	45.6843	45.5187	45.543499999999995	45.413	45.6051	45.4696	45.495999999999995	45.381899999999995	45.563900000000004	45.259	45.5826	45.4376	45.5544	45.420500000000004	45.413	45.4544	45.6005	45.3391	45.7439	45.380900000000004	45.6429	45.354299999999995	45.635	45.506	45.8006	45.366	45.446799999999996	45.4257	45.6696	45.29	45.7003	45.515699999999995	45.5093	45.3366	45.742399999999996	45.5556	45.563199999999995	45.3853	45.6027	45.4226	45.6285	45.4001	45.5823	45.5736	45.5051	45.4467	45.6153	45.3907	45.5641	45.4526	45.6374	45.47	45.689600000000006	45.3959	45.683800000000005	45.599000000000004	45.637100000000004	45.333400000000005	45.6924	45.3594	45.627	45.5519	45.5162	45.5252	45.697900000000004	45.509899999999995	45.836	45.4181	45.6224	45.2299	45.7218	45.3331	45.6034	45.5395	45.5009	45.4373	45.774300000000004	45.5206	45.731100000000005	45.4465	45.778400000000005	45.529799999999994	45.8029	45.508700000000005	45.9216	45.686	45.7355	45.6791	45.794000000000004	45.506099999999996
Leq-CMig_040-Ex1_L3_clmp.r1r2_fastp	65.71719999999999	40.0126	44.8521	42.0542	44.556200000000004	42.3882	42.2408	44.004	45.2797	41.1006	48.965199999999996	47.915400000000005	47.2116	46.0495	46.6914	45.4054	46.4187	45.4569	46.291	45.735	46.2629	45.3307	45.877	45.077099999999994	45.4794	45.028400000000005	45.2437	45.0152	45.4713	45.0194	45.5112	45.2607	45.5861	44.9366	45.7077	44.9503	45.5212	45.0013	45.4575	44.8386	45.5194	45.028	45.6682	45.1746	45.454899999999995	44.8836	45.461600000000004	44.8841	45.4302	45.1036	45.372299999999996	44.9289	45.5325	45.0559	45.4443	45.076100000000004	45.3078	44.9634	45.3226	45.0329	45.4619	45.2191	45.246399999999994	45.1468	45.3218	45.1318	45.2886	45.020700000000005	45.3141	44.9091	45.3645	45.1447	45.289	45.0675	45.161	45.1757	45.3534	45.0593	45.488099999999996	45.0787	45.3579	45.0211	45.3169	45.147999999999996	45.4745	45.0121	45.1537	45.1542	45.3451	44.9747	45.3878	45.1994	45.247	45.0249	45.3902	45.2278	45.3469	45.0665	45.3381	45.161699999999996	45.3725	45.0137	45.33	45.1926	45.1824	45.1002	45.284600000000005	45.038	45.353	45.108399999999996	45.454699999999995	45.1545	45.328	45.1405	45.4138	45.1736	45.3184	45.015	45.3632	45.008199999999995	45.3859	45.2152	45.1967	45.1942	45.4399	45.1546	45.5565	45.0603	45.3088	44.9035	45.4281	45.0069	45.3155	45.1488	45.2492	45.103300000000004	45.4668	45.1776	45.3984	45.1726	45.4604	45.2531	45.534400000000005	45.237300000000005	45.575900000000004	45.3558	45.407199999999996	45.311099999999996	45.4677	45.1419
Leq-CMig_041-Ex1_L3_clmp.r1r2_fastp	63.722500000000004	41.584900000000005	44.577600000000004	42.0203	44.6246	42.713499999999996	42.4203	44.291399999999996	45.4347	41.3945	48.8934	47.992000000000004	47.2841	46.2686	46.765699999999995	45.6289	46.606700000000004	45.7465	46.4069	45.967	46.2731	45.5377	45.9437	45.2969	45.4621	45.1314	45.2741	45.1267	45.5754	45.190999999999995	45.4939	45.4613	45.6315	45.0178	45.7573	45.0636	45.557900000000004	45.1883	45.4625	44.9061	45.5374	45.0841	45.628600000000006	45.1904	45.4726	44.9663	45.588	44.9889	45.4385	45.1461	45.439	44.9848	45.5333	45.243100000000005	45.495799999999996	45.2092	45.3623	44.994099999999996	45.443	45.0479	45.3965	45.3206	45.3383	45.1899	45.4022	45.2496	45.3052	45.1096	45.429700000000004	44.961400000000005	45.3959	45.301	45.359	45.1875	45.2336	45.2473	45.360499999999995	45.2904	45.4893	45.212	45.4037	45.0525	45.4131	45.284	45.5645	45.1259	45.2079	45.325900000000004	45.4644	45.0475	45.4471	45.277499999999996	45.3443	45.0462	45.499	45.3909	45.3569	45.1982	45.3874	45.2219	45.4182	45.1925	45.378299999999996	45.3893	45.216699999999996	45.300000000000004	45.4088	45.2607	45.2938	45.256800000000005	45.4621	45.2034	45.4495	45.256099999999996	45.4757	45.4346	45.3835	45.1198	45.5115	45.1454	45.3815	45.4012	45.2185	45.358	45.4756	45.3018	45.6059	45.1414	45.4629	44.9533	45.4793	45.1025	45.359899999999996	45.3313	45.275	45.2517	45.5744	45.3555	45.5255	45.332699999999996	45.5248	45.3156	45.6385	45.3208	45.6894	45.4906	45.5466	45.4312	45.615	45.3754
Leq-CMig_042-Ex1_L3_clmp.r1r2_fastp	65.8119	41.1444	45.1822	42.638	45.2809	42.9206	42.7769	44.3413	45.6471	41.9107	49.1715	48.1419	47.7128	46.487	47.1685	45.9592	47.039500000000004	46.0531	46.875299999999996	46.3204	46.8321	45.9476	46.5919	45.696	46.1337	45.7457	45.8899	45.6783	46.1893	45.6429	46.174	45.925700000000006	46.2427	45.6354	46.3087	45.6162	46.1359	45.6992	46.1021	45.5661	46.2504	45.7053	46.2567	45.8727	46.0798	45.5804	46.204299999999996	45.6352	46.1756	45.7973	46.010600000000004	45.6436	46.224900000000005	45.772800000000004	46.129799999999996	45.758900000000004	45.9875	45.6078	46.109899999999996	45.6999	46.2118	45.8544	45.9992	45.8226	45.9935	45.8122	46.0148	45.774100000000004	46.0407	45.7519	46.144800000000004	45.7926	46.0721	45.7971	45.8907	45.85	45.989799999999995	45.7754	46.1543	45.8084	46.139599999999994	45.723200000000006	46.0987	45.9156	46.2322	45.7626	45.8896	45.9379	46.1564	45.658	46.1243	45.9818	46.1071	45.804	46.096599999999995	45.9629	45.9458	45.815	46.0955	45.9126	46.162	45.8371	46.0754	46.0374	45.9647	45.8635	46.0923	45.8278	46.0764	45.8911	46.1042	45.860800000000005	46.1554	45.7764	46.1098	46.022800000000004	46.0662	45.7509	46.117599999999996	45.7196	46.027499999999996	46.036300000000004	45.9067	46.0441	46.1368	45.8395	46.2382	45.8136	46.006099999999996	45.6543	46.1	45.660000000000004	45.9642	45.955	45.8629	45.838	46.0538	45.7835	46.0307	45.792699999999996	46.1271	45.8229	46.2571	45.8839	46.1445	45.9239	46.0175	45.8279	46.104299999999995	45.733200000000004
Leq-CMig_045-Ex1_L3_clmp.r1r2_fastp	64.9761	41.1077	44.6324	41.956199999999995	44.8485	42.5692	42.382	44.1579	45.352199999999996	41.5151	48.864000000000004	47.9962	47.3647	46.3191	46.8235	45.6607	46.6054	45.7893	46.5053	45.9706	46.415299999999995	45.6123	46.1412	45.3494	45.6407	45.291599999999995	45.4007	45.291	45.7394	45.225300000000004	45.6883	45.5194	45.7884	45.1882	45.8881	45.2815	45.6193	45.256	45.5411	45.0969	45.7583	45.2711	45.7692	45.452799999999996	45.534	45.1375	45.646300000000004	45.2069	45.5837	45.398300000000006	45.500600000000006	45.1964	45.7778	45.2855	45.5666	45.312799999999996	45.472699999999996	45.257999999999996	45.576100000000004	45.209500000000006	45.7019	45.4712	45.5253	45.3775	45.5824	45.3043	45.495200000000004	45.3626	45.510600000000004	45.1772	45.4991	45.3891	45.467600000000004	45.3423	45.340799999999994	45.447199999999995	45.576699999999995	45.3244	45.6486	45.3461	45.5148	45.2667	45.6361	45.3855	45.6826	45.380700000000004	45.34	45.399899999999995	45.561299999999996	45.2395	45.670100000000005	45.4629	45.5648	45.2027	45.7027	45.4714	45.4887	45.3597	45.5406	45.3959	45.5974	45.3253	45.5214	45.5313	45.4731	45.3724	45.514900000000004	45.3498	45.5092	45.380199999999995	45.6455	45.374700000000004	45.6224	45.3816	45.5875	45.602399999999996	45.5658	45.3011	45.683800000000005	45.327400000000004	45.5718	45.5842	45.4104	45.5255	45.6814	45.4056	45.754099999999994	45.3576	45.5826	45.2403	45.6748	45.1939	45.5597	45.4931	45.4206	45.3758	45.771699999999996	45.4063	45.6903	45.4054	45.6246	45.51	45.7547	45.562599999999996	45.780100000000004	45.6747	45.6678	45.594	45.8219	45.4565
Leq-CMig_046-Ex1_L3_clmp.r1r2_fastp	64.6016	41.059	44.407999999999994	41.9811	44.501400000000004	42.348	42.0321	43.8023	45.1338	41.1351	48.5794	47.7031	47.0602	46.0242	46.508500000000005	45.331900000000005	46.3672	45.4483	46.2324	45.7266	46.1058	45.312000000000005	45.7795	45.0709	45.280300000000004	44.992399999999996	45.096000000000004	44.866499999999995	45.3517	44.9019	45.3437	45.1797	45.4286	44.8527	45.5531	44.8854	45.2964	44.9313	45.231100000000005	44.752700000000004	45.3346	44.884	45.4328	45.0208	45.2633	44.8021	45.3421	44.7812	45.2395	44.9434	45.148700000000005	44.803399999999996	45.3766	44.9786	45.2905	44.9418	45.0816	44.7965	45.173	44.8341	45.206	45.0778	45.097300000000004	44.999	45.1528	44.9849	45.0569	44.880700000000004	45.0621	44.8568	45.1526	44.9963	45.089800000000004	44.9375	44.9371	45.059900000000006	45.1048	44.9365	45.2628	44.9843	45.1896	44.8745	45.205	45.0409	45.3263	44.8887	44.9142	44.9826	45.2086	44.7448	45.2051	45.0849	45.041	44.8347	45.2686	45.0774	45.1155	44.9139	45.1166	44.9467	45.162400000000005	44.8782	45.154300000000006	45.0922	45.0273	44.9717	45.1868	44.9577	45.0305	45.0675	45.1726	44.9757	45.1984	44.9226	45.2197	45.1166	45.1672	44.927099999999996	45.218799999999995	44.862	45.1006	45.097	44.999	45.0737	45.238	45.013999999999996	45.3242	44.8928	45.1419	44.6988	45.2492	44.811	45.1225	45.0538	45.003	44.8964	45.3312	45.047599999999996	45.197199999999995	44.9162	45.2453	45.122	45.239000000000004	45.034800000000004	45.398300000000006	45.1992	45.237100000000005	45.1257	45.371	44.879000000000005
Leq-CMig_047-Ex1_L3_clmp.r1r2_fastp	64.26389999999999	40.9694	44.188100000000006	41.6906	44.338699999999996	42.0512	41.836	43.6223	44.962999999999994	40.9414	48.341	47.5118	46.928599999999996	45.8514	46.4446	45.2038	46.138600000000004	45.2573	46.0258	45.476	45.9621	45.0084	45.599000000000004	44.785599999999995	45.0434	44.7384	44.8581	44.599	45.1407	44.7221	44.9948	44.951299999999996	45.2521	44.5737	45.3834	44.6602	45.078	44.6553	45.0137	44.5401	45.102	44.6586	45.1928	44.766600000000004	45.007999999999996	44.5724	45.0548	44.5378	45.006299999999996	44.715700000000005	44.914300000000004	44.5231	45.1204	44.7303	44.9937	44.7442	44.878099999999996	44.5556	44.949	44.6579	45.0026	44.9014	44.8928	44.764700000000005	44.8942	44.796	44.8356	44.6834	44.9459	44.5769	44.9123	44.6966	44.8712	44.7347	44.7783	44.783899999999996	44.9786	44.6721	45.0466	44.7927	44.931599999999996	44.621	44.987500000000004	44.8376	45.1454	44.7419	44.7629	44.7801	45.0023	44.5496	44.9728	44.8737	44.9058	44.551	45.063700000000004	44.9357	44.9168	44.7616	44.95	44.770199999999996	44.9756	44.7183	44.9576	44.9586	44.751200000000004	44.7682	44.9486	44.702	44.852199999999996	44.7455	45.054	44.7347	45.022400000000005	44.6548	45.0405	44.8166	44.9634	44.6383	45.0347	44.6659	44.9512	44.9311	44.8369	44.8637	45.043	44.7881	45.2215	44.7062	44.9852	44.5289	45.0806	44.6103	44.996	44.7982	44.8519	44.6843	45.101400000000005	44.8556	45.0766	44.8109	45.0902	44.9627	45.1738	44.8978	45.2445	45.0198	45.0202	44.980199999999996	45.1155	44.792300000000004
Leq-CMig_049-Ex1_L3_clmp.r1r2_fastp	65.4494	41.2284	45.0768	42.309400000000004	45.2168	43.0592	42.7945	44.670100000000005	45.893499999999996	41.943200000000004	49.4103	48.576	47.862	46.894999999999996	47.4478	46.183600000000006	47.151199999999996	46.3345	47.138600000000004	46.5602	47.0224	46.213	46.6703	45.9997	46.2187	45.9235	45.9283	45.9335	46.2809	45.9469	46.1775	46.2281	46.3966	45.7432	46.577600000000004	45.8675	46.3553	45.919399999999996	46.1677	45.703700000000005	46.2475	45.9275	46.4902	46.0439	46.2188	45.7543	46.3447	45.7816	46.2675	46.0327	46.1738	45.8011	46.347300000000004	46.0702	46.2691	46.0052	46.1148	45.8184	46.2044	45.8703	46.304899999999996	46.190599999999996	46.151199999999996	46.1483	46.1537	46.2008	46.104800000000004	45.9316	46.192699999999995	45.853899999999996	46.1624	46.175	46.1775	46.0499	45.9752	46.1818	46.1544	46.0782	46.434	46.0379	46.2345	45.9649	46.2022	46.199600000000004	46.4342	45.935900000000004	45.9536	46.1627	46.2711	45.944	46.2683	46.1959	46.1254	45.900600000000004	46.382400000000004	46.262100000000004	46.164899999999996	46.0679	46.2658	46.1499	46.2753	46.008900000000004	46.3098	46.2984	46.0341	46.1025	46.2267	46.0133	46.155	46.0859	46.305800000000005	46.0935	46.2158	46.0456	46.320499999999996	46.2378	46.2235	45.9597	46.3647	46.0014	46.1796	46.2266	46.077600000000004	46.2046	46.3108	46.150400000000005	46.4621	45.9797	46.254	45.791	46.3309	45.9933	46.1613	46.1265	46.0488	46.0366	46.375499999999995	46.198699999999995	46.3533	46.1049	46.3912	46.1125	46.484500000000004	46.1428	46.4718	46.352900000000005	46.2513	46.2247	46.4621	46.0511
Leq-CMig_050-Ex1_L3_clmp.r1r2_fastp	64.5641	40.0646	43.6776	41.0259	43.937	41.6303	41.4032	43.1165	44.4328	40.5966	47.971599999999995	47.2019	46.639	45.5451	46.0168	44.8419	45.8168	44.8996	45.7331	45.1278	45.5396	44.7656	45.2357	44.531	44.756299999999996	44.4383	44.5652	44.3419	44.8091	44.3978	44.7333	44.6601	44.933800000000005	44.3193	45.0211	44.378499999999995	44.8019	44.3399	44.656400000000005	44.208	44.7241	44.425	44.8921	44.5204	44.6971	44.278	44.6598	44.3278	44.7134	44.4691	44.6609	44.328	44.7718	44.435	44.7064	44.4928	44.5524	44.3423	44.607200000000006	44.399300000000004	44.7663	44.603	44.561	44.5619	44.5568	44.500299999999996	44.573800000000006	44.3846	44.6207	44.2695	44.5784	44.4955	44.5871	44.4406	44.4774	44.5368	44.6413	44.3877	44.7618	44.428200000000004	44.6702	44.3344	44.658	44.5276	44.8035	44.4127	44.4863	44.474999999999994	44.6799	44.3376	44.6669	44.6212	44.548700000000004	44.305099999999996	44.7223	44.6463	44.6179	44.4106	44.6323	44.4521	44.6741	44.423	44.635799999999996	44.6049	44.4911	44.5117	44.603500000000004	44.439299999999996	44.549	44.5033	44.7577	44.529	44.6999	44.445299999999996	44.7103	44.621100000000006	44.6463	44.3795	44.722699999999996	44.4293	44.7044	44.602000000000004	44.574999999999996	44.554300000000005	44.7862	44.563900000000004	44.8852	44.5011	44.6743	44.3166	44.8303	44.3547	44.663199999999996	44.5239	44.5953	44.4498	44.757200000000005	44.5892	44.750499999999995	44.512800000000006	44.817299999999996	44.5524	44.8442	44.6779	44.885000000000005	44.7804	44.710899999999995	44.698100000000004	44.9302	44.488
Leq-CMig_051-Ex1_L3_clmp.r1r2_fastp	64.2845	41.090900000000005	43.9698	41.509	44.3765	42.1564	41.7641	43.4422	44.6819	41.0451	48.0218	47.309	46.765699999999995	45.7181	46.2153	45.0621	45.934000000000005	45.1764	45.9368	45.3587	45.827600000000004	45.015100000000004	45.4637	44.7873	45.0608	44.6925	44.7755	44.6061	45.0501	44.6948	45.0098	44.8915	45.2359	44.5847	45.2895	44.5658	45.0367	44.602799999999995	44.929	44.46	45.0193	44.641999999999996	45.1551	44.7331	44.9689	44.4979	44.973	44.5274	44.9521	44.6334	44.8917	44.5662	45.0218	44.6995	44.9858	44.6688	44.8032	44.5192	44.8424	44.5915	44.9572	44.789	44.7886	44.6746	44.833600000000004	44.7523	44.7742	44.657799999999995	44.866299999999995	44.506499999999996	44.8143	44.6975	44.8513	44.675599999999996	44.7008	44.7829	44.7966	44.642700000000005	44.9848	44.6587	44.920500000000004	44.5848	44.939099999999996	44.7309	45.03	44.561299999999996	44.7048	44.7241	44.92	44.5491	44.935399999999994	44.7407	44.8538	44.5722	44.9764	44.796	44.8313	44.6471	44.8148	44.7355	44.9502	44.6882	44.9033	44.8272	44.7703	44.705600000000004	44.8791	44.696999999999996	44.762	44.7378	44.903999999999996	44.7162	44.8834	44.6461	44.8882	44.8673	44.8998	44.5933	44.918200000000006	44.7054	44.8778	44.8361	44.774	44.8599	44.9819	44.788	45.0565	44.6916	44.8673	44.5295	44.9657	44.5718	44.9024	44.8208	44.7323	44.7052	45.028400000000005	44.7749	44.9677	44.7679	44.9951	44.8303	45.1072	44.8103	45.1409	44.9493	44.9277	44.898900000000005	45.1027	44.656600000000005
Leq-CMig_054-Ex1_L3_clmp.r1r2_fastp	63.1502	41.2711	44.5985	41.9078	44.633	42.6089	42.390499999999996	44.0905	45.156600000000005	41.4932	48.644	47.7844	47.07	46.023399999999995	46.495599999999996	45.4428	46.3871	45.5453	46.1616	45.8465	46.1526	45.3057	45.7867	45.0185	45.3497	44.987100000000005	45.141999999999996	44.9411	45.4641	44.9955	45.3711	45.2764	45.4168	44.9082	45.7087	44.9159	45.4011	45.006099999999996	45.299299999999995	44.8324	45.420899999999996	45.041199999999996	45.5511	45.103100000000005	45.331900000000005	44.8978	45.366800000000005	44.884800000000006	45.3639	45.049	45.2155	44.872499999999995	45.442	45.0083	45.3087	45.0685	45.2094	44.9349	45.2896	44.9722	45.4097	45.1598	45.1772	45.1109	45.201	45.111000000000004	45.2132	45.01	45.2412	44.8828	45.2437	45.058	45.2247	45.056200000000004	45.1407	45.1758	45.3068	44.9983	45.3459	45.028600000000004	45.2279	45.001000000000005	45.3023	45.1424	45.4255	44.9606	45.0724	45.1218	45.2825	44.920700000000004	45.277899999999995	45.1828	45.2496	45.0066	45.4152	45.155699999999996	45.2412	45.0656	45.2515	45.1183	45.2474	45.0658	45.2676	45.242399999999996	45.225300000000004	45.1227	45.2697	45.124700000000004	45.2257	45.1156	45.401	45.1455	45.330999999999996	45.157199999999996	45.292300000000004	45.2145	45.2915	45.0479	45.3429	45.0871	45.3571	45.2936	45.2308	45.236399999999996	45.3966	45.1198	45.5033	45.0842	45.347	44.9659	45.413	45.0333	45.326899999999995	45.2331	45.1721	45.0566	45.4666	45.194	45.460699999999996	45.1409	45.4175	45.2831	45.542300000000004	45.219	45.5943	45.4013	45.379799999999996	45.2494	45.4705	45.1869
Leq-CMig_055-Ex1_L3_clmp.r1r2_fastp	63.7625	41.6064	44.243	41.7815	44.5787	42.564	42.2772	44.0691	45.1969	41.348600000000005	48.594500000000004	47.7329	47.0975	46.1744	46.5864	45.5708	46.535199999999996	45.5883	46.3718	45.8386	46.098	45.4508	45.893499999999996	45.1303	45.4562	45.143	45.1507	44.999	45.4798	45.0994	45.466699999999996	45.334	45.5125	44.9751	45.6455	45.0135	45.3902	45.028800000000004	45.3241	44.8493	45.4374	45.0325	45.528400000000005	45.0735	45.3298	44.9084	45.4263	44.926500000000004	45.393299999999996	45.1088	45.2148	44.9735	45.421099999999996	45.0922	45.3411	45.1196	45.2358	44.9343	45.2862	44.9776	45.364599999999996	45.2136	45.2783	45.1476	45.287	45.1511	45.2327	45.0537	45.3127	44.8994	45.3448	45.1442	45.2565	45.0866	45.0922	45.149499999999996	45.265699999999995	45.063199999999995	45.4234	45.1081	45.2681	45.022800000000004	45.3429	45.1088	45.4698	45.0793	45.120599999999996	45.1587	45.3403	44.981	45.3782	45.2376	45.2262	44.9833	45.3671	45.242	45.2745	45.1226	45.257999999999996	45.088499999999996	45.2299	45.057	45.249	45.2579	45.157599999999995	45.1706	45.2615	45.0942	45.203199999999995	45.179399999999994	45.3578	45.1316	45.293299999999995	45.128099999999996	45.305499999999995	45.2817	45.298100000000005	45.0195	45.3841	45.1194	45.3312	45.2835	45.1976	45.2326	45.3313	45.2735	45.4829	45.0919	45.3525	44.9038	45.401599999999995	45.0605	45.2524	45.2368	45.2143	45.148700000000005	45.493	45.2177	45.433299999999996	45.2312	45.4411	45.251200000000004	45.501000000000005	45.269999999999996	45.541199999999996	45.3756	45.4168	45.3465	45.5882	45.2157
Leq-CMig_058-Ex1_L3_clmp.r1r2_fastp	63.91139999999999	40.611999999999995	43.7731	41.268100000000004	43.9546	41.7871	41.5026	43.2873	44.615100000000005	40.7039	48.0459	47.157199999999996	46.5623	45.528400000000005	46.0464	44.805499999999995	45.7453	44.8498	45.6628	45.0924	45.537	44.705099999999995	45.1392	44.5304	44.699299999999994	44.4504	44.5019	44.2526	44.7714	44.3961	44.7466	44.661699999999996	44.9309	44.2293	45.031	44.309	44.842999999999996	44.282700000000006	44.7324	44.1576	44.8089	44.3028	44.8819	44.4403	44.7416	44.2066	44.7908	44.234	44.6966	44.3763	44.6188	44.291799999999995	44.8911	44.4278	44.7608	44.4857	44.602599999999995	44.259100000000004	44.582300000000004	44.3461	44.7042	44.526700000000005	44.554899999999996	44.4912	44.6048	44.520900000000005	44.5252	44.4012	44.6222	44.2207	44.608	44.432700000000004	44.6751	44.431599999999996	44.4934	44.4764	44.6602	44.3719	44.7205	44.4976	44.7204	44.2806	44.7372	44.480399999999996	44.813399999999994	44.3808	44.5077	44.542500000000004	44.7497	44.2708	44.7409	44.563399999999994	44.635000000000005	44.3202	44.8921	44.5637	44.5967	44.4575	44.6751	44.4547	44.6865	44.4137	44.6355	44.670300000000005	44.5443	44.4288	44.7088	44.4162	44.5401	44.532500000000006	44.6772	44.4853	44.664300000000004	44.5443	44.7151	44.6184	44.732	44.3596	44.7941	44.367000000000004	44.7357	44.6713	44.5582	44.594699999999996	44.799299999999995	44.5405	44.9156	44.512800000000006	44.7397	44.3582	44.732699999999994	44.4396	44.7104	44.5649	44.6078	44.541799999999995	44.8808	44.616099999999996	44.8751	44.654500000000006	44.813900000000004	44.6219	44.8902	44.5638	45.021899999999995	44.7799	44.7924	44.7329	44.9388	44.512800000000006
Leq-CMig_059-Ex1_L3_clmp.r1r2_fastp	64.619	41.393299999999996	44.464	41.989599999999996	44.699	42.532199999999996	42.1865	43.8444	45.361000000000004	41.3848	48.5549	47.7825	47.192	46.2243	46.7244	45.5681	46.509	45.6292	46.348099999999995	45.8671	46.280100000000004	45.5234	46.015299999999996	45.2453	45.5484	45.2361	45.318999999999996	45.141	45.6014	45.1534	45.576100000000004	45.396300000000004	45.6734	45.047399999999996	45.8652	45.115899999999996	45.5623	45.1502	45.498	45.0631	45.6297	45.1534	45.7625	45.2414	45.5263	45.0584	45.595	45.041799999999995	45.5287	45.212599999999995	45.4493	45.0789	45.5818	45.2119	45.5134	45.2057	45.3351	45.0664	45.4413	45.1462	45.5454	45.4295	45.398500000000006	45.284400000000005	45.3862	45.2947	45.3519	45.205400000000004	45.4128	45.0971	45.4	45.3254	45.4332	45.3174	45.260099999999994	45.3285	45.4565	45.2337	45.536300000000004	45.247	45.4317	45.1755	45.516600000000004	45.249	45.6133	45.2164	45.2611	45.3136	45.5274	45.198100000000004	45.4849	45.345400000000005	45.4402	45.1224	45.608399999999996	45.393	45.4277	45.2642	45.4775	45.3035	45.4035	45.252700000000004	45.3868	45.427099999999996	45.3551	45.3581	45.53	45.210699999999996	45.3905	45.284600000000005	45.543099999999995	45.283	45.5068	45.2481	45.4304	45.475	45.5179	45.22	45.4805	45.186	45.4544	45.3757	45.4056	45.420899999999996	45.646	45.2871	45.6401	45.2758	45.4384	45.1556	45.5895	45.1964	45.3717	45.405499999999996	45.3705	45.1602	45.6197	45.3148	45.5877	45.3341	45.602599999999995	45.3697	45.6614	45.4048	45.6897	45.4649	45.5033	45.4208	45.6374	45.2319
Leq-CMig_062-Ex1_L3_clmp.r1r2_fastp	64.9333	41.5442	44.7507	42.1293	45.0199	42.8544	42.5224	44.524	45.6416	41.714800000000004	49.1247	48.2342	47.5625	46.6502	47.1644	45.9536	47.0085	46.1165	46.8858	46.3329	46.7166	45.913	46.4138	45.7057	45.9118	45.7406	45.6569	45.5598	46.0119	45.671	45.8994	45.8854	46.1068	45.4009	46.287800000000004	45.5199	46.0128	45.637899999999995	45.819900000000004	45.4225	46.0019	45.5589	46.1496	45.7095	45.957	45.399699999999996	46.0588	45.4492	45.8818	45.7156	45.818799999999996	45.4518	46.0833	45.6991	45.9078	45.7257	45.766	45.448	45.8576	45.5487	45.9816	45.8623	45.834599999999995	45.7778	45.8102	45.7632	45.6967	45.5687	45.860299999999995	45.5331	45.8384	45.7468	45.7564	45.649499999999996	45.6241	45.830799999999996	45.7588	45.7449	46.0459	45.6569	45.8872	45.5427	45.8706	45.7031	46.0416	45.5915	45.5658	45.848299999999995	45.9294	45.5556	46.015	45.823	45.8083	45.5374	45.9961	45.922000000000004	45.8003	45.6885	45.8924	45.7204	45.8906	45.6558	45.8719	45.8549	45.7046	45.7685	45.7954	45.7534	45.726299999999995	45.7102	45.8657	45.7437	45.8762	45.6162	45.9562	45.9208	45.9558	45.6201	45.9845	45.630700000000004	45.8441	45.9474	45.6447	45.9604	45.9708	45.7806	46.122	45.6262	45.886500000000005	45.3562	46.0345	45.5417	45.8148	45.871	45.7086	45.6602	46.070299999999996	45.8468	45.9639	45.8052	46.0531	45.8733	46.1374	45.848	46.1229	45.8415	46.0008	45.889	46.1325	45.6631
Leq-CMig_063-Ex1_L3_clmp.r1r2_fastp	64.47619999999999	42.1992	45.4235	42.7326	45.6389	43.5637	43.250899999999994	45.158	46.2221	42.422399999999996	49.751	48.7926	48.181200000000004	47.2087	47.7134	46.5752	47.5285	46.6177	47.4184	46.9181	47.330299999999994	46.413	46.9784	46.213	46.5462	46.2308	46.2972	46.1077	46.6673	46.167	46.6132	46.4551	46.6563	46.0861	46.9291	46.1093	46.589000000000006	46.2081	46.5208	46.0645	46.6775	46.202799999999996	46.7	46.341100000000004	46.5051	46.0585	46.6397	46.0631	46.5545	46.2205	46.4535	46.1131	46.6704	46.2434	46.5557	46.2951	46.3593	46.1128	46.5076	46.1015	46.5272	46.440799999999996	46.453100000000006	46.3113	46.477000000000004	46.3144	46.393	46.2092	46.4694	46.1567	46.5253	46.2928	46.443400000000004	46.3125	46.3092	46.3725	46.4878	46.3014	46.6097	46.3282	46.488	46.179500000000004	46.5188	46.3259	46.658500000000004	46.2705	46.2705	46.341	46.6232	46.145	46.5402	46.425	46.4126	46.1342	46.6308	46.367799999999995	46.4919	46.2844	46.549099999999996	46.3238	46.5182	46.2838	46.508500000000005	46.5186	46.4293	46.3852	46.5179	46.2832	46.4144	46.267399999999995	46.5914	46.348299999999995	46.5669	46.272200000000005	46.5209	46.4851	46.5252	46.1875	46.633	46.271499999999996	46.5564	46.535199999999996	46.3184	46.4975	46.637699999999995	46.334900000000005	46.6941	46.399499999999996	46.531299999999995	46.130900000000004	46.6092	46.2352	46.5165	46.3892	46.3765	46.251599999999996	46.6805	46.3791	46.5495	46.3696	46.631	46.3973	46.6897	46.381499999999996	46.6909	46.564499999999995	46.5919	46.475100000000005	46.6977	46.386
Leq-CMig_064-Ex1_L3_clmp.r1r2_fastp	65.0679	40.9595	44.549699999999994	41.9864	44.7358	42.5072	42.1934	44.102799999999995	45.3401	41.3943	48.8118	47.8645	47.3132	46.2021	46.6813	45.5105	46.5541	45.5994	46.4233	45.8509	46.2836	45.4557	45.974900000000005	45.198899999999995	45.5113	45.1347	45.241	45.0604	45.5464	45.1598	45.4913	45.3707	45.6654	45.019999999999996	45.6579	44.9645	45.5126	45.0663	45.3273	45.0167	45.5232	45.073299999999996	45.631699999999995	45.2328	45.4246	44.979400000000005	45.5177	44.9228	45.420500000000004	45.1924	45.2755	44.9183	45.5476	45.1933	45.4533	45.1823	45.271699999999996	45.0211	45.347500000000004	45.0498	45.4385	45.2662	45.408	45.1784	45.3433	45.169	45.267	45.056200000000004	45.3047	44.994099999999996	45.3003	45.195299999999996	45.3384	45.1929	45.0938	45.1731	45.2815	45.1783	45.4003	45.1472	45.4127	44.996199999999995	45.3757	45.197900000000004	45.5025	45.0526	45.1128	45.2117	45.366800000000005	45.0567	45.401399999999995	45.2827	45.265899999999995	45.0382	45.4351	45.3127	45.312000000000005	45.1479	45.3568	45.2238	45.3793	45.1591	45.3181	45.347300000000004	45.1545	45.2108	45.3148	45.1001	45.305800000000005	45.2201	45.339800000000004	45.2091	45.3897	45.1241	45.447700000000005	45.291399999999996	45.383	45.130700000000004	45.397999999999996	45.1027	45.333400000000005	45.2978	45.212599999999995	45.3347	45.4466	45.1208	45.562599999999996	45.1077	45.281	44.9191	45.441500000000005	44.9788	45.333800000000004	45.149499999999996	45.2382	45.163599999999995	45.481500000000004	45.2026	45.394	45.2156	45.39	45.286300000000004	45.4841	45.244	45.6052	45.347100000000005	45.4256	45.3342	45.5721	45.1445
Leq-CMig_065-Ex1_L3_clmp.r1r2_fastp	63.4459	40.839999999999996	43.831199999999995	41.2434	44.1862	42.1698	41.8394	43.6176	44.9034	40.829	48.2847	47.4136	46.8754	45.856	46.3098	45.1325	46.165800000000004	45.254	45.9581	45.4505	45.8525	45.0139	45.5733	44.7986	45.1048	44.7123	44.9264	44.6509	45.1355	44.6669	45.066	44.953199999999995	45.143299999999996	44.5721	45.3251	44.6182	45.0754	44.6793	44.9502	44.484899999999996	45.0989	44.6417	45.1589	44.783699999999996	44.9719	44.5326	45.0518	44.5548	45.0295	44.7266	44.8952	44.5616	45.092	44.7458	44.996700000000004	44.7476	44.8479	44.6126	44.9033	44.5996	44.9731	44.8251	44.874900000000004	44.689499999999995	44.9118	44.7544	44.8735	44.7161	44.9197	44.541399999999996	44.961	44.7311	44.900600000000004	44.7396	44.7348	44.7488	44.9356	44.6847	45.0196	44.6957	44.924	44.614	44.9828	44.7329	45.0506	44.6834	44.7034	44.7474	44.9619	44.5987	44.932100000000005	44.8652	44.833800000000004	44.6252	45.0231	44.865899999999996	44.8558	44.770199999999996	44.8503	44.7743	44.9181	44.6731	44.8641	44.8498	44.7869	44.681	44.8877	44.6512	44.8538	44.772	44.9719	44.7536	44.9137	44.7575	44.9552	44.8448	44.9096	44.6276	44.9887	44.6291	44.8805	44.8771	44.804500000000004	44.7695	44.959500000000006	44.7634	45.0835	44.671	44.8673	44.5335	45.004	44.5721	44.8947	44.798100000000005	44.8047	44.7019	45.0471	44.8078	44.9858	44.744299999999996	45.0401	44.844	45.0655	44.8567	45.068000000000005	44.9862	44.895	44.8979	45.083	44.6713
Leq-CMig_066-Ex1_L3_clmp.r1r2_fastp	64.8924	41.1847	44.7941	41.9765	44.9484	42.726	42.533300000000004	44.3572	45.5472	41.6209	49.109700000000004	48.2431	47.6115	46.568799999999996	47.1239	45.9105	46.8997	45.9638	46.8069	46.2103	46.64	45.8273	46.3722	45.5382	45.8713	45.485	45.6185	45.4447	45.9159	45.502900000000004	45.8405	45.7688	46.0192	45.3753	46.1648	45.4526	45.8909	45.4713	45.8546	45.2781	45.866600000000005	45.4854	45.995799999999996	45.6214	45.8408	45.3596	45.896100000000004	45.3525	45.882600000000004	45.556799999999996	45.779599999999995	45.334799999999994	45.9463	45.579	45.895799999999994	45.6042	45.6596	45.4363	45.8067	45.4768	45.932	45.7492	45.7546	45.6546	45.799299999999995	45.623000000000005	45.6824	45.5351	45.7915	45.4285	45.7845	45.6385	45.6856	45.6354	45.585300000000004	45.6374	45.807700000000004	45.543299999999995	45.9025	45.6173	45.8136	45.4525	45.829	45.6775	45.9743	45.4822	45.5994	45.6411	45.840599999999995	45.4699	45.9001	45.7038	45.7146	45.4743	45.9488	45.769999999999996	45.7689	45.6343	45.806599999999996	45.6193	45.7901	45.5306	45.7374	45.7569	45.6225	45.6327	45.7821	45.5065	45.716	45.635999999999996	45.8977	45.6241	45.821400000000004	45.585	45.813700000000004	45.7247	45.7608	45.5148	45.9053	45.524	45.8283	45.7436	45.696	45.646300000000004	45.9073	45.641	46.041	45.5492	45.8554	45.3579	45.9078	45.514900000000004	45.7772	45.6513	45.7338	45.564	46.030100000000004	45.7021	45.9252	45.7011	45.9113	45.6664	45.990199999999994	45.696999999999996	46.085300000000004	45.896100000000004	45.900400000000005	45.8328	46.0409	45.629
Leq-CMig_068-Ex1_L3_clmp.r1r2_fastp	64.4772	40.5267	44.2946	41.774899999999995	44.386199999999995	42.2333	41.7588	43.5865	44.787	40.9183	48.3522	47.6093	46.925	45.9241	46.4539	45.3057	46.272600000000004	45.3489	46.113	45.6096	45.9903	45.1692	45.6823	44.973800000000004	45.213300000000004	44.8991	44.9631	44.817800000000005	45.285399999999996	44.7835	45.2051	45.0707	45.3423	44.7412	45.4826	44.7723	45.2593	44.813199999999995	45.1503	44.5916	45.222	44.7754	45.3727	44.921299999999995	45.144099999999995	44.778099999999995	45.1723	44.7369	45.1589	44.8885	45.1067	44.6683	45.2602	44.9274	45.132	44.963300000000004	44.9723	44.7573	45.0813	44.8021	45.1156	45.054	44.955099999999995	44.9758	45.0289	44.9504	45.0299	44.8623	45.0573	44.7206	45.0539	44.886900000000004	45.0272	44.9244	44.9235	44.9311	45.0796	44.8746	45.1644	44.9499	45.071600000000004	44.812400000000004	45.095	44.9682	45.2727	44.8247	44.9034	44.9325	45.1295	44.7706	45.1268	44.9925	44.984	44.827600000000004	45.1836	45.0911	45.0263	44.8928	45.036	44.9471	45.1055	44.8638	45.077099999999994	45.0922	44.9628	44.9131	45.067	44.8431	45.0392	44.921	45.1788	44.9421	45.1106	44.9193	45.0766	45.0477	45.08	44.8737	45.1402	44.8715	45.143699999999995	45.041599999999995	45.0007	44.8977	45.1488	44.9756	45.318799999999996	44.9164	45.1015	44.7346	45.1493	44.872	45.109100000000005	44.954699999999995	45.018299999999996	44.8772	45.2533	44.9717	45.1561	44.9721	45.2021	45.0368	45.204899999999995	45.0961	45.3278	45.2179	45.1188	45.152300000000004	45.3011	44.971
Leq-CMig_069-Ex1_L3_clmp.r1r2_fastp	65.00160000000001	39.2048	43.6238	40.725899999999996	43.674400000000006	41.3934	41.1209	42.8604	44.203900000000004	40.4787	47.9671	47.127	46.5032	45.509699999999995	45.933	44.7555	45.6956	44.8028	45.6106	45.1154	45.4942	44.631	45.1648	44.392700000000005	44.711099999999995	44.291000000000004	44.4688	44.294	44.7545	44.292500000000004	44.7896	44.5661	44.8365	44.2275	44.9289	44.2581	44.6796	44.2766	44.6434	44.0805	44.730599999999995	44.2624	44.89	44.3681	44.6466	44.1411	44.6353	44.1625	44.6303	44.3364	44.6319	44.2398	44.7407	44.3534	44.6241	44.3453	44.4934	44.196999999999996	44.571600000000004	44.254599999999996	44.7258	44.4999	44.5232	44.4003	44.545	44.4007	44.4839	44.3168	44.573800000000006	44.2262	44.5794	44.3301	44.538	44.393899999999995	44.37	44.3775	44.607400000000005	44.2931	44.687599999999996	44.3559	44.630700000000004	44.2335	44.5905	44.4438	44.7809	44.3092	44.443	44.3928	44.6145	44.205	44.641999999999996	44.5018	44.4962	44.291000000000004	44.6788	44.5894	44.451	44.330000000000005	44.5391	44.4347	44.5844	44.338699999999996	44.5654	44.547799999999995	44.4297	44.3801	44.5321	44.3278	44.4433	44.361200000000004	44.663599999999995	44.4708	44.6184	44.365	44.6456	44.4968	44.5381	44.2806	44.6804	44.355	44.6207	44.513000000000005	44.4719	44.4449	44.5922	44.4266	44.770900000000005	44.3545	44.5424	44.232	44.682500000000005	44.2526	44.5868	44.3834	44.4981	44.3075	44.7907	44.4761	44.683299999999996	44.412600000000005	44.7249	44.442	44.8143	44.5318	44.8434	44.6476	44.642900000000004	44.561499999999995	44.7474	44.364399999999996
Leq-CMig_070-Ex1_L3_clmp.r1r2_fastp	64.89160000000001	42.16	45.4233	42.875099999999996	45.638600000000004	43.4908	43.2248	45.1262	46.3293	42.2736	49.7281	48.8294	48.129	47.1931	47.560599999999994	46.4765	47.423500000000004	46.5812	47.2787	46.818599999999996	47.213100000000004	46.3638	46.9299	46.0872	46.347899999999996	46.037	46.1796	45.9542	46.6035	46.0141	46.4664	46.3619	46.5919	45.981300000000005	46.7353	46.037499999999994	46.4488	46.1334	46.4575	45.8227	46.5728	46.0308	46.5443	46.260600000000004	46.2902	46.0251	46.368500000000004	45.9835	46.4221	46.173700000000004	46.3389	45.9432	46.5418	46.1312	46.415099999999995	46.2365	46.172200000000004	45.994099999999996	46.306000000000004	46.092	46.4157	46.3196	46.2121	46.1667	46.3628	46.2687	46.305099999999996	46.2163	46.3789	46.0268	46.4082	46.2435	46.3377	46.2239	46.2397	46.2348	46.4124	46.1548	46.5322	46.1963	46.298	46.066	46.4675	46.2733	46.5651	46.1809	46.248400000000004	46.27	46.452799999999996	46.0646	46.446	46.3573	46.3121	46.2013	46.4901	46.3769	46.3233	46.2696	46.358700000000006	46.2453	46.4619	46.150200000000005	46.3478	46.4454	46.2607	46.2747	46.4542	46.164899999999996	46.278200000000005	46.281800000000004	46.475100000000005	46.3213	46.503	46.220800000000004	46.4537	46.3943	46.421600000000005	46.205600000000004	46.5479	46.189099999999996	46.4644	46.4476	46.361200000000004	46.2891	46.5745	46.389399999999995	46.598800000000004	46.2706	46.5385	46.022999999999996	46.5711	46.0726	46.448	46.3251	46.3635	46.2554	46.6734	46.4217	46.6367	46.3153	46.563700000000004	46.3536	46.690799999999996	46.4185	46.666000000000004	46.5206	46.5527	46.4921	46.7769	46.293299999999995
Leq-CMig_073-Ex1_L3_clmp.r1r2_fastp	66.32430000000001	40.7786	44.8095	42.1322	44.9932	42.6155	42.3632	44.0569	45.5878	41.546499999999995	49.1548	48.1669	47.6421	46.549600000000005	47.2175	45.8924	46.9368	45.939099999999996	46.8806	46.2213	46.7231	45.872	46.3675	45.5703	45.902300000000004	45.5582	45.6573	45.5775	46.0213	45.5557	45.9781	45.784200000000006	46.1077	45.3717	46.245599999999996	45.435199999999995	46.0269	45.4829	45.8435	45.3368	45.9018	45.5033	46.1508	45.609100000000005	45.923199999999994	45.3311	46.008700000000005	45.3836	45.909	45.596599999999995	45.8787	45.366	46.0332	45.6752	45.9091	45.6256	45.717200000000005	45.414500000000004	45.8084	45.4713	45.9756	45.7399	45.8284	45.674	45.827	45.6856	45.7183	45.5013	45.7616	45.4557	45.7607	45.712	45.762	45.5643	45.5917	45.7259	45.7417	45.5936	45.9775	45.5811	45.8842	45.4524	45.8389	45.667699999999996	45.9748	45.5317	45.5206	45.766600000000004	45.8729	45.4766	45.9513	45.7514	45.7267	45.524	45.9127	45.7817	45.819900000000004	45.6011	45.7961	45.6757	45.847	45.5499	45.8167	45.7709	45.6128	45.671099999999996	45.7838	45.5244	45.7038	45.6048	45.868900000000004	45.6582	45.832	45.585300000000004	45.8938	45.7706	45.8718	45.535	45.8755	45.5218	45.7992	45.811800000000005	45.5775	45.8302	45.8568	45.6757	46.0221	45.528	45.8045	45.3185	45.9365	45.448	45.7946	45.6579	45.710499999999996	45.564	45.9671	45.7016	45.896300000000004	45.6143	46.000099999999996	45.731300000000005	46.0355	45.7489	46.0625	45.830799999999996	45.8595	45.8033	46.0179	45.6415
Leq-CMig_074-Ex1_L3_clmp.r1r2_fastp	64.3741	40.9282	44.1925	41.6298	44.449600000000004	42.2994	41.9838	43.7854	45.0274	41.2794	48.4955	47.679700000000004	47.0801	46.1861	46.6477	45.4088	46.468399999999995	45.5992	46.3354	45.7708	46.1964	45.429199999999994	45.8681	45.1467	45.4036	45.1224	45.12	45.0231	45.4798	45.0459	45.3165	45.3177	45.527	44.955099999999995	45.6625	44.9634	45.4102	45.0899	45.3073	44.8141	45.3991	45.045	45.5364	45.185700000000004	45.3407	44.8998	45.4214	44.9371	45.325900000000004	45.1188	45.2967	44.917	45.488	45.094	45.3785	45.0993	45.2216	44.974199999999996	45.2975	44.9963	45.3702	45.2125	45.2729	45.111200000000004	45.3037	45.156800000000004	45.216499999999996	45.0498	45.2695	44.982699999999994	45.3229	45.2158	45.2693	45.086	45.0734	45.1591	45.2838	45.091300000000004	45.3539	45.1049	45.366	44.9762	45.384	45.1341	45.4936	45.0756	45.0569	45.2502	45.383	45.0321	45.352599999999995	45.297599999999996	45.221000000000004	44.978899999999996	45.4262	45.2402	45.245400000000004	45.1563	45.2252	45.1759	45.2835	45.0763	45.3343	45.279799999999994	45.144400000000005	45.1812	45.292	45.0907	45.210899999999995	45.2025	45.363	45.1961	45.3678	45.1182	45.346	45.305800000000005	45.2969	45.0783	45.385799999999996	45.0739	45.334	45.2862	45.1491	45.2797	45.386500000000005	45.1691	45.5068	45.1373	45.3029	44.958	45.4461	45.0318	45.2635	45.2688	45.1787	45.0985	45.4287	45.2296	45.4115	45.224	45.4332	45.314	45.481	45.2704	45.5378	45.3996	45.392900000000004	45.3116	45.5079	45.1728
Leq-CMig_075-Ex1_L3_clmp.r1r2_fastp	63.402499999999996	42.714400000000005	44.5908	42.2731	45.1325	43.225	42.753099999999996	44.717	45.8232	41.891600000000004	49.007	48.257	47.706700000000005	46.7283	47.1775	46.0501	47.0281	46.2121	46.8526	46.4016	46.7075	45.9962	46.4474	45.772600000000004	45.9774	45.726299999999995	45.6897	45.5872	46.0752	45.6308	45.9045	45.9102	46.0007	45.641799999999996	46.2471	45.5076	45.9841	45.6349	45.954699999999995	45.4439	46.0285	45.6315	46.0759	45.7327	45.8792	45.5546	46.0028	45.617000000000004	45.919399999999996	45.7145	45.8628	45.5385	46.0952	45.6992	45.9565	45.7902	45.8023	45.543800000000005	45.892300000000006	45.5623	45.9909	45.8279	45.8203	45.7566	45.9086	45.6762	45.839999999999996	45.671099999999996	45.8837	45.5255	45.9124	45.733200000000004	45.880500000000005	45.7556	45.6688	45.772	45.9206	45.6374	46.0379	45.645	45.9551	45.5737	45.9664	45.7015	46.0231	45.6672	45.7023	45.7397	45.9911	45.5673	45.9442	45.8502	45.8598	45.6083	46.0194	45.8449	45.8712	45.7086	45.8359	45.7046	45.9179	45.710699999999996	45.9395	45.8701	45.812000000000005	45.7326	45.9495	45.7022	45.8782	45.8092	45.933600000000006	45.7472	45.980199999999996	45.833200000000005	46.0068	45.9675	45.963	45.7132	46.0607	45.6988	45.9349	45.92	45.8168	45.9587	46.1055	45.8625	46.143	45.764700000000005	46.021699999999996	45.6105	46.122	45.693	45.9469	45.9181	45.9061	45.8369	46.1229	45.9163	46.1081	45.8576	46.1478	45.9231	46.241	45.9044	46.262100000000004	46.1107	46.0274	45.9914	46.2457	45.919
Leq-CMig_076-Ex1_L3_clmp.r1r2_fastp	63.749100000000006	42.0366	44.4311	41.9533	44.667899999999996	42.824200000000005	42.382	44.2621	45.4237	41.6346	48.7614	48.028	47.3156	46.434599999999996	46.8828	45.6594	46.6503	45.839200000000005	46.588	46.0822	46.4301	45.5903	46.0715	45.460899999999995	45.616	45.4388	45.3376	45.273799999999994	45.7144	45.2966	45.610800000000005	45.567099999999996	45.7078	45.1258	45.933600000000006	45.1484	45.5798	45.307199999999995	45.4719	45.041599999999995	45.5691	45.2477	45.679199999999994	45.413399999999996	45.5609	45.0625	45.616800000000005	45.0609	45.5855	45.3193	45.4739	45.034400000000005	45.7007	45.2928	45.5536	45.264700000000005	45.4656	45.0508	45.4583	45.1675	45.561800000000005	45.4092	45.401	45.3184	45.4234	45.3597	45.3345	45.199099999999994	45.339600000000004	45.103500000000004	45.4857	45.348	45.4515	45.3686	45.248	45.3883	45.408500000000004	45.222899999999996	45.6795	45.2261	45.4981	45.175599999999996	45.5218	45.3416	45.635799999999996	45.255	45.2608	45.3105	45.5907	45.144099999999995	45.5532	45.3923	45.4019	45.1939	45.5537	45.4329	45.455400000000004	45.325199999999995	45.457	45.379000000000005	45.4826	45.1965	45.439800000000005	45.5519	45.3412	45.373599999999996	45.379799999999996	45.3102	45.3444	45.4162	45.5914	45.3312	45.5702	45.2702	45.5617	45.4647	45.5379	45.1629	45.5917	45.211	45.4826	45.5239	45.291399999999996	45.467200000000005	45.6202	45.359899999999996	45.639	45.2382	45.5532	44.988299999999995	45.5605	45.2211	45.4938	45.4249	45.3744	45.2747	45.743	45.4131	45.651199999999996	45.3611	45.5795	45.473200000000006	45.7727	45.3961	45.8812	45.530300000000004	45.5946	45.5206	45.6652	45.345
Leq-CMig_077-Ex1_L3_clmp.r1r2_fastp	64.4734	42.2618	45.0232	42.5269	45.353	43.377900000000004	43.0236	44.9928	46.2382	42.126200000000004	49.4426	48.5595	47.944900000000004	46.9298	47.4993	46.2399	47.2609	46.381099999999996	47.173700000000004	46.5906	47.001799999999996	46.2372	46.705999999999996	45.9683	46.2505	46.0033	46.017	45.9272	46.3696	45.9258	46.2519	46.1629	46.374900000000004	45.7235	46.5795	45.820899999999995	46.3005	45.9387	46.158300000000004	45.754099999999994	46.2897	45.9059	46.4294	46.0172	46.2372	45.7351	46.3835	45.7566	46.250099999999996	46.000099999999996	46.2179	45.7032	46.359899999999996	46.0724	46.2808	45.989999999999995	46.1285	45.780100000000004	46.2246	45.8382	46.291700000000006	46.1378	46.1726	46.045199999999994	46.1801	46.0718	46.0843	45.9351	46.1712	45.8254	46.2004	46.1162	46.1355	46.0158	45.9625	46.1158	46.1273	46.0456	46.3505	46.0214	46.2283	45.8994	46.242	46.0319	46.3326	45.9302	45.887899999999995	46.1559	46.2283	45.9123	46.3092	46.1136	46.1455	45.881	46.3506	46.1811	46.1845	46.0325	46.201100000000004	46.0771	46.2005	45.9866	46.2039	46.1728	46.0247	46.0325	46.191900000000004	45.9939	46.1197	46.0785	46.2343	46.0346	46.1935	46.0295	46.2171	46.266400000000004	46.202799999999996	45.9299	46.2909	45.989200000000004	46.109899999999996	46.2973	45.9527	46.2562	46.3155	46.1113	46.401399999999995	45.9609	46.2466	45.7692	46.3412	45.9437	46.1407	46.1672	46.0441	45.991	46.3656	46.0845	46.298	46.1034	46.3445	46.1681	46.4501	46.159	46.5129	46.2616	46.3185	46.189099999999996	46.451100000000004	46.070499999999996
Leq-CMig_079-Ex1_L3_clmp.r1r2_fastp	65.2274	42.0262	45.321	42.6188	45.5285	43.5122	43.1349	44.954	46.2256	42.2248	49.6555	48.7549	48.050399999999996	47.214800000000004	47.6946	46.4877	47.518	46.6221	47.351	46.8632	47.2762	46.509499999999996	46.899499999999996	46.2336	46.4992	46.1998	46.1794	46.149499999999996	46.5439	46.1887	46.4394	46.4779	46.5676	46.0119	46.838800000000006	46.0812	46.4606	46.148	46.4057	45.9315	46.4909	46.1392	46.6301	46.2781	46.4259	45.9933	46.5321	45.9929	46.4647	46.231	46.4119	45.9899	46.5915	46.1936	46.5064	46.2349	46.3495	45.9971	46.3856	46.051500000000004	46.501799999999996	46.360299999999995	46.3766	46.3096	46.3254	46.2918	46.2508	46.204	46.3576	46.0388	46.427	46.2891	46.2781	46.2375	46.1748	46.2634	46.307900000000004	46.2521	46.5082	46.2387	46.4737	46.1656	46.3983	46.286100000000005	46.519800000000004	46.1849	46.1802	46.3521	46.4746	46.1232	46.4189	46.3179	46.3453	46.090599999999995	46.5543	46.4446	46.333	46.2378	46.3677	46.3065	46.420899999999996	46.2199	46.3889	46.3734	46.2524	46.2361	46.3855	46.12	46.3534	46.2151	46.5099	46.262	46.4533	46.1967	46.4698	46.5203	46.4069	46.157199999999996	46.5221	46.1617	46.4382	46.4255	46.2599	46.421600000000005	46.489000000000004	46.2835	46.6676	46.146300000000004	46.450599999999994	46.0216	46.536699999999996	46.1201	46.3178	46.3243	46.2943	46.212399999999995	46.5994	46.3262	46.4882	46.2461	46.5614	46.3692	46.6501	46.3054	46.671600000000005	46.4868	46.538000000000004	46.4639	46.5914	46.3063
Leq-CMig_081-Ex1_L3_clmp.r1r2_fastp	64.60329999999999	41.732200000000006	45.1983	42.2729	45.3138	43.280499999999996	43.094300000000004	44.661	46.007999999999996	42.060199999999995	49.319	48.465	47.8895	46.9457	47.4951	46.2851	47.3097	46.363	47.210800000000006	46.6068	47.0321	46.1493	46.6754	45.966499999999996	46.237899999999996	45.9011	46.1115	45.880900000000004	46.360600000000005	45.895	46.278000000000006	46.1416	46.4311	45.793499999999995	46.631299999999996	45.8258	46.3306	45.9245	46.211	45.6795	46.360099999999996	45.9099	46.4909	45.9986	46.219	45.7405	46.285399999999996	45.7613	46.283	46.0112	46.226099999999995	45.784000000000006	46.428000000000004	46.0673	46.287099999999995	46.017599999999995	46.1738	45.8215	46.2192	45.8931	46.2981	46.152300000000004	46.1231	46.049299999999995	46.1638	46.0679	46.1153	45.9185	46.184799999999996	45.8407	46.177600000000005	46.0723	46.1886	45.9776	46.036100000000005	46.0559	46.184799999999996	45.9911	46.4011	45.9929	46.271499999999996	45.909499999999994	46.2749	46.0801	46.4148	45.9692	45.9756	46.1162	46.2896	45.92	46.339200000000005	46.1587	46.173500000000004	45.8864	46.3784	46.232600000000005	46.1963	46.0262	46.2214	46.098099999999995	46.2536	46.0108	46.1901	46.2014	46.075300000000006	46.0415	46.164	45.9935	46.1337	46.0734	46.3219	46.0861	46.2176	46.0223	46.2776	46.2041	46.1966	45.8892	46.3435	45.9529	46.1998	46.1728	46.0552	46.1707	46.3261	46.0658	46.4206	45.952799999999996	46.2178	45.7822	46.3259	45.9078	46.2176	46.0862	46.1173	45.9719	46.3789	46.0843	46.3204	45.9957	46.3484	46.0257	46.461999999999996	46.083	46.455400000000004	46.2351	46.2553	46.1779	46.4135	46.0196
Leq-CMig_084-Ex1_L3_clmp.r1r2_fastp	63.09780000000001	41.6878	44.09	41.749	44.5282	42.2964	41.9883	43.8268	45.059900000000006	41.0974	48.3392	47.5373	46.848299999999995	45.9333	46.3754	45.2917	46.2269	45.3202	46.0319	45.6267	45.8907	45.1669	45.6592	44.9101	45.1821	44.866099999999996	44.9369	44.833099999999995	45.2344	44.8249	45.171499999999995	45.0989	45.256600000000006	44.7428	45.4812	44.7208	45.2067	44.8005	45.0378	44.5924	45.2143	44.7458	45.2509	44.8291	45.081700000000005	44.5589	45.1894	44.5923	45.118399999999994	44.8355	45.0513	44.6012	45.274300000000004	44.818599999999996	45.1646	44.8239	44.9862	44.6866	45.0437	44.6799	45.0994	44.9965	44.9822	44.9048	44.962	44.9105	44.8705	44.807900000000004	44.9589	44.6687	44.9759	44.9202	44.966899999999995	44.8098	44.8289	44.886700000000005	45.0576	44.8209	45.1325	44.821600000000004	45.0851	44.684400000000004	45.0629	44.9255	45.2001	44.7612	44.7966	44.878800000000005	45.1193	44.6818	45.074799999999996	44.934000000000005	44.9389	44.6878	45.2016	45.0623	44.9725	44.839400000000005	44.9299	44.8793	45.0301	44.8013	45.0407	44.995200000000004	44.8583	44.926899999999996	45.0362	44.821600000000004	44.9232	44.862	45.1166	44.8855	45.0626	44.8266	45.074999999999996	45.022099999999995	45.0235	44.784400000000005	45.1533	44.7867	44.9914	45.049099999999996	44.9425	44.9579	45.1548	44.9024	45.2881	44.844699999999996	45.101400000000005	44.6398	45.192	44.752900000000004	45.0204	45.0266	44.9495	44.765	45.1721	44.945299999999996	45.1659	44.900800000000004	45.2476	44.9829	45.3012	45.0529	45.289	45.1654	45.0741	45.0025	45.2879	44.885000000000005
Leq-CMig_085-Ex1_L3_clmp.r1r2_fastp	64.9354	40.3129	44.3601	41.6093	44.3664	42.1667	42.0026	43.7144	45.0252	41.1901	48.4726	47.6027	46.9657	45.8442	46.5201	45.223	46.2364	45.3503	46.1835	45.6162	46.013	45.2696	45.7389	44.9239	45.2878	44.9364	44.9991	44.9152	45.4181	44.8872	45.3415	45.1417	45.4445	44.7674	45.5607	44.7953	45.3307	44.839	45.2505	44.6843	45.3432	44.8964	45.5151	45.010099999999994	45.2554	44.738	45.4029	44.7476	45.2757	45.0112	45.2354	44.7735	45.4103	45.014900000000004	45.288000000000004	45.0043	45.0936	44.8356	45.1821	44.9242	45.2688	45.1269	45.1333	45.027499999999996	45.1619	45.0631	45.0897	44.9208	45.1674	44.7936	45.1861	44.9733	45.1521	44.9123	45.042	45.077600000000004	45.223	44.9906	45.347	44.9624	45.2258	44.8991	45.2614	45.029	45.364399999999996	44.8866	44.9977	45.129599999999996	45.2081	44.891	45.2528	45.0916	45.150600000000004	44.8552	45.388600000000004	45.2372	45.1222	44.9916	45.244099999999996	45.0547	45.1828	45.0095	45.231700000000004	45.2382	45.077600000000004	45.0444	45.1939	44.959500000000006	45.0542	45.074	45.2349	45.0586	45.207300000000004	45.0179	45.273799999999994	45.1679	45.2034	44.8686	45.3092	44.9219	45.1886	45.2069	45.0663	45.1457	45.2778	45.123799999999996	45.4965	44.9995	45.234	44.8419	45.3163	44.971	45.1827	45.1073	45.155899999999995	44.9277	45.4128	45.2048	45.2979	45.0327	45.2827	45.2074	45.4192	45.1764	45.4698	45.3538	45.2936	45.279799999999994	45.4814	45.0946
Leq-CMig_086-Ex1_L3_clmp.r1r2_fastp	65.2098	41.5709	44.919599999999996	42.2529	45.0601	42.9762	42.6832	44.6393	45.8845	41.88	49.3344	48.3236	47.768100000000004	46.7185	47.3011	46.0587	47.1445	46.2817	47.1505	46.549800000000005	46.8975	46.1654	46.5408	45.8945	46.07	45.931	45.8461	45.846900000000005	46.211600000000004	45.868900000000004	46.1208	46.083200000000005	46.2068	45.5666	46.4387	45.6195	46.2176	45.8489	45.9414	45.636900000000004	46.0681	45.7581	46.3474	45.923199999999994	46.1609	45.529799999999994	46.344	45.5366	46.184799999999996	45.8279	45.9993	45.5938	46.244800000000005	45.9034	46.196799999999996	45.8405	46.0329	45.597300000000004	46.0204	45.6607	46.096599999999995	45.9824	46.1016	45.9025	46.0454	45.9725	45.8223	45.69	45.9799	45.6875	46.1027	45.9862	46.0119	45.7811	45.710699999999996	45.9748	45.8239	46.0015	46.2444	45.7764	46.1155	45.7689	46.0235	45.8968	46.2616	45.786100000000005	45.5614	46.1047	46.0996	45.7937	46.1808	45.9795	45.9987	45.6673	46.2147	46.031	46.0455	45.8211	46.0854	45.9041	46.0197	45.8043	46.0134	45.9903	45.823	45.9144	46.0231	45.8026	45.9279	45.8185	46.07	45.921800000000005	45.9287	45.763999999999996	46.0766	46.116099999999996	46.0821	45.7119	46.0548	45.7077	45.867000000000004	46.1107	45.6937	46.2265	46.0861	45.894600000000004	46.2413	45.7171	45.954899999999995	45.6136	46.0992	45.7358	45.8795	46.0659	45.8254	45.7984	46.103699999999996	46.055099999999996	46.0295	45.9166	46.2138	46.0633	46.2787	45.9202	46.3358	46.0182	46.134100000000004	46.0146	46.265	45.8026
Leq-CMig_087-Ex1_L3_clmp.r1r2_fastp	63.925200000000004	40.6655	43.8963	41.2699	44.2345	42.188700000000004	41.8334	43.6296	44.8307	40.8382	48.3381	47.4926	46.9006	46.0015	46.3427	45.2969	46.183	45.3695	45.9734	45.4976	45.8851	45.0369	45.604	44.839600000000004	45.1992	44.784800000000004	44.9266	44.7151	45.204	44.6851	45.1699	45.0208	45.2387	44.7081	45.3414	44.7365	45.123400000000004	44.7257	45.0382	44.5729	45.1646	44.759100000000004	45.2104	44.8861	45.061	44.6597	45.1344	44.6357	45.1179	44.7456	44.9791	44.6839	45.1685	44.7655	45.1001	44.818200000000004	44.942	44.6906	45.0478	44.7149	45.0447	44.9081	44.9243	44.7874	45.0117	44.7484	44.9584	44.798300000000005	44.9463	44.6554	45.007999999999996	44.8435	44.9381	44.820100000000004	44.894099999999995	44.804899999999996	45.0227	44.668400000000005	45.0721	44.8153	44.9898	44.7103	45.0399	44.833600000000004	45.090799999999994	44.7829	44.8618	44.8116	45.075900000000004	44.638	45.0741	44.9399	44.912600000000005	44.7665	45.0791	44.9104	44.9559	44.7924	44.96	44.7671	45.0743	44.7676	45.0006	44.961800000000004	44.9096	44.7541	44.9953	44.758199999999995	44.9619	44.830799999999996	45.041	44.8311	45.0019	44.8805	45.0163	44.9583	45.0103	44.7462	45.0754	44.7722	45.03	44.8861	44.9014	44.894099999999995	45.0324	44.8501	45.1248	44.8337	45.034	44.6591	45.088699999999996	44.7551	45.0041	44.8289	44.9228	44.8421	45.1584	44.9218	45.0634	44.9373	45.0866	44.9019	45.164	44.9907	45.1916	45.0936	44.9375	44.9992	45.1271	44.8518
Leq-CMig_089-Ex1_L3_clmp.r1r2_fastp	64.5931	41.5259	44.506	41.9872	44.780300000000004	42.6774	42.2444	44.1534	45.3568	41.4695	48.7249	47.8908	47.315400000000004	46.3499	46.7754	45.6909	46.5952	45.7603	46.4599	46.0256	46.3581	45.6176	46.083800000000004	45.3969	45.565099999999994	45.3563	45.3934	45.246199999999995	45.703700000000005	45.2886	45.5321	45.5634	45.707300000000004	45.144600000000004	45.9101	45.1901	45.6411	45.2948	45.4766	45.0513	45.6322	45.2419	45.7201	45.311299999999996	45.607	45.0942	45.6973	45.1295	45.5856	45.307700000000004	45.5136	45.1253	45.6877	45.326899999999995	45.571400000000004	45.3414	45.453900000000004	45.151799999999994	45.523799999999994	45.2277	45.6064	45.4281	45.4643	45.3885	45.509899999999995	45.408100000000005	45.4148	45.285399999999996	45.510600000000004	45.136900000000004	45.5565	45.3943	45.500800000000005	45.301	45.3676	45.353	45.4858	45.2905	45.6626	45.286500000000004	45.573	45.221000000000004	45.541	45.4164	45.7	45.305299999999995	45.2778	45.3992	45.5766	45.2421	45.604	45.4503	45.4465	45.2799	45.6048	45.4581	45.4898	45.3337	45.4963	45.3492	45.5381	45.3688	45.5208	45.4903	45.4022	45.3461	45.5117	45.3004	45.4849	45.3212	45.5878	45.354	45.5775	45.3815	45.5636	45.5687	45.5574	45.2963	45.6262	45.2815	45.5259	45.5287	45.3494	45.5547	45.629999999999995	45.457300000000004	45.7498	45.3515	45.6072	45.1575	45.6748	45.3099	45.4838	45.4343	45.4532	45.3351	45.6628	45.4745	45.623999999999995	45.417	45.7008	45.500299999999996	45.7695	45.5204	45.7973	45.628099999999996	45.6928	45.597300000000004	45.7934	45.4779
Leq-CMig_091-Ex1_L3_clmp.r1r2_fastp	64.70270000000001	41.619	45.293299999999995	42.5586	45.3428	43.2803	43.1923	44.9469	46.091	42.0792	49.6112	48.7226	47.957699999999996	47.0113	47.6091	46.273399999999995	47.367799999999995	46.4976	47.223	46.702799999999996	47.0665	46.2245	46.7452	45.9944	46.253	45.9514	46.0563	45.9291	46.3871	45.967999999999996	46.2508	46.257799999999996	46.4031	45.8343	46.6366	45.9077	46.3575	45.969100000000005	46.296	45.7557	46.3434	45.9889	46.4658	46.130900000000004	46.2848	45.8376	46.373999999999995	45.834	46.3319	46.0987	46.2536	45.8304	46.4031	46.065	46.3277	46.0918	46.0996	45.8505	46.224199999999996	45.9111	46.4056	46.1727	46.2413	46.065400000000004	46.233000000000004	46.130900000000004	46.1953	45.9825	46.2728	45.8931	46.281499999999994	46.1197	46.2246	46.0445	46.042300000000004	46.1093	46.184599999999996	46.0783	46.3979	46.0137	46.2445	45.974900000000005	46.2267	46.143	46.440799999999996	46.018	46.046	46.2132	46.2697	45.9126	46.3026	46.1573	46.1928	45.9048	46.4129	46.2837	46.189	46.041199999999996	46.2155	46.1147	46.1997	45.9971	46.280100000000004	46.233999999999995	46.0673	46.0053	46.2793	45.9748	46.1299	46.075500000000005	46.3174	46.0867	46.299600000000005	46.016400000000004	46.3115	46.2272	46.2065	45.989200000000004	46.3247	45.982	46.2231	46.206199999999995	46.1322	46.184999999999995	46.311	46.0868	46.4627	45.984199999999994	46.2422	45.8264	46.300799999999995	45.8816	46.1748	46.1004	46.1316	45.9999	46.4097	46.111000000000004	46.373599999999996	46.0711	46.3885	46.1383	46.4031	46.2002	46.490700000000004	46.2572	46.3243	46.2004	46.3777	46.1142
Leq-CMig_092-Ex1_L3_clmp.r1r2_fastp	64.1736	41.9075	44.8772	42.381	45.1673	43.068400000000004	42.7904	44.7075	45.833	41.8452	49.2391	48.2124	47.645199999999996	46.7316	47.2098	45.9762	47.1066	46.190999999999995	46.9803	46.4598	46.7877	45.9903	46.4715	45.7366	46.0175	45.759699999999995	45.768	45.665099999999995	46.08	45.6683	45.9638	45.9107	46.1121	45.4912	46.3285	45.551199999999994	46.1068	45.6682	45.8907	45.493	45.9986	45.616	46.1842	45.7745	46.0034	45.4287	46.1342	45.3764	46.0227	45.7009	45.8444	45.447900000000004	46.096399999999996	45.7316	45.9833	45.7305	45.8634	45.5269	45.925	45.5456	46.005	45.8866	45.948499999999996	45.759499999999996	45.9104	45.7629	45.7916	45.637699999999995	45.9073	45.5786	45.9853	45.8022	45.8847	45.745599999999996	45.7464	45.829	45.7551	45.7522	46.084599999999995	45.7027	45.921800000000005	45.6507	45.9165	45.739200000000004	46.0476	45.7001	45.6068	45.8512	45.9697	45.6465	46.0432	45.8421	45.877	45.5625	46.0124	45.834	45.9233	45.7627	45.9443	45.772200000000005	45.8837	45.6818	45.9045	45.9001	45.7761	45.7363	45.968900000000005	45.6834	45.8367	45.79	45.9501	45.7891	45.9585	45.6954	45.9708	45.9441	45.994800000000005	45.6195	45.9871	45.6944	45.767	45.9838	45.6721	45.976099999999995	46.0262	45.8258	46.122	45.704299999999996	45.963300000000004	45.4662	46.0533	45.7083	45.893499999999996	45.8871	45.8359	45.7513	46.1098	45.9224	46.0102	45.8783	46.1123	45.896100000000004	46.2294	45.853300000000004	46.2814	46.000600000000006	46.0399	45.9405	46.232800000000005	45.7562
Leq-CMig_093-Ex1_L3_clmp.r1r2_fastp	65.3772	41.2956	45.8339	42.879400000000004	45.4841	43.391600000000004	43.1207	44.9876	45.8737	41.9542	49.6362	48.6393	47.7663	46.7791	47.3941	46.224	47.2701	46.321400000000004	47.1132	46.4852	47.0182	46.2039	46.6858	45.9321	46.2591	45.917	46.0432	45.954299999999996	46.348800000000004	45.9411	46.278200000000005	46.1599	46.425	45.8744	46.5096	45.923700000000004	46.3663	45.953300000000006	46.2665	45.736399999999996	46.3574	45.957100000000004	46.4274	46.055600000000005	46.3536	45.8393	46.3192	45.8417	46.292	45.994800000000005	46.2908	45.8752	46.4236	46.0441	46.2463	46.0657	46.1544	45.949400000000004	46.2764	45.9079	46.3557	46.138400000000004	46.175	46.0602	46.2796	46.0304	46.1683	45.9833	46.2508	45.8856	46.2939	46.0531	46.2169	46.129599999999996	46.0702	46.0941	46.2738	46.0263	46.333400000000005	46.006	46.2986	45.9383	46.2418	46.0865	46.3725	45.9634	46.0307	46.1146	46.3034	45.9687	46.309400000000004	46.1761	46.123	45.9318	46.340599999999995	46.173199999999994	46.216499999999996	46.1193	46.1225	46.1275	46.2487	46.0358	46.2068	46.237	46.0657	46.1301	46.212199999999996	46.0072	46.1594	46.0408	46.286699999999996	46.0625	46.2796	45.9548	46.2883	46.1853	46.1618	45.971000000000004	46.3465	45.866800000000005	46.281499999999994	46.1719	46.0775	46.1012	46.3448	46.055800000000005	46.433400000000006	45.9887	46.2233	45.8244	46.3303	45.9047	46.2204	46.0283	46.137499999999996	45.967999999999996	46.3731	46.0526	46.288000000000004	46.061099999999996	46.246500000000005	46.1073	46.451100000000004	46.0211	46.422799999999995	46.2084	46.2352	46.178999999999995	46.3887	46.0591
Leq-CMig_095-Ex1_L3_clmp.r1r2_fastp	64.2792	40.6698	45.0982	42.1865	44.7173	42.7269	42.4474	44.1178	45.3541	41.5264	48.9066	47.919200000000004	47.1819	46.1085	46.7645	45.5393	46.551700000000004	45.7466	46.4332	45.863	46.3853	45.457	45.9938	45.196799999999996	45.5957	45.177099999999996	45.4032	45.1941	45.713300000000004	45.2913	45.6723	45.3966	45.711	45.121	45.807900000000004	45.1138	45.6698	45.1861	45.5648	45.0993	45.6612	45.2135	45.7778	45.245000000000005	45.4984	45.0367	45.6257	45.0496	45.569500000000005	45.2827	45.4986	45.0833	45.6455	45.2965	45.5733	45.2394	45.3934	45.1668	45.4623	45.204299999999996	45.5783	45.319900000000004	45.4423	45.250099999999996	45.4694	45.222899999999996	45.3393	45.197199999999995	45.5047	45.143699999999995	45.441900000000004	45.2994	45.4294	45.1799	45.277499999999996	45.3249	45.3887	45.2637	45.617200000000004	45.2572	45.4909	45.1929	45.4956	45.3332	45.6289	45.155899999999995	45.2709	45.3461	45.482299999999995	45.217800000000004	45.5738	45.4463	45.4587	45.2196	45.5537	45.3779	45.439800000000005	45.2613	45.4491	45.2972	45.517	45.248	45.5388	45.358599999999996	45.3573	45.2834	45.4432	45.189299999999996	45.4701	45.2785	45.5677	45.3823	45.5335	45.1892	45.543	45.3792	45.4956	45.151	45.5465	45.2215	45.515	45.409	45.3874	45.434200000000004	45.4845	45.2903	45.669399999999996	45.1869	45.4469	45.0742	45.5424	45.231500000000004	45.4728	45.279199999999996	45.3805	45.2463	45.5487	45.3556	45.5856	45.283699999999996	45.5556	45.3342	45.616	45.3407	45.685500000000005	45.4335	45.480900000000005	45.3575	45.5991	45.2203
Leq-CMig_096-Ex1_L3_clmp.r1r2_fastp	64.9409	41.138999999999996	45.3988	42.4328	45.2219	43.0259	42.8034	44.4749	45.6351	41.768499999999996	49.3007	48.248200000000004	47.476800000000004	46.505	47.123599999999996	45.988299999999995	46.9409	46.1376	46.8904	46.2575	46.7806	45.995000000000005	46.4519	45.7173	45.9964	45.7154	45.8228	45.710699999999996	46.164699999999996	45.7177	46.0652	45.8839	46.144	45.657399999999996	46.2752	45.596399999999996	46.0828	45.690799999999996	45.9858	45.5367	46.0955	45.690799999999996	46.2223	45.818	46.056200000000004	45.552	46.0822	45.5532	46.090199999999996	45.7682	45.9972	45.5731	46.1573	45.7895	46.109	45.699	45.878099999999996	45.611200000000004	46.0192	45.612399999999994	46.0864	45.8604	45.927299999999995	45.7971	45.996500000000005	45.819900000000004	45.8397	45.7171	45.942699999999995	45.6229	46.038000000000004	45.8635	45.949	45.757799999999996	45.828	45.8011	45.9392	45.799800000000005	46.1121	45.8059	45.988	45.7135	46.043800000000005	45.8352	46.157199999999996	45.7123	45.7889	45.8734	46.062999999999995	45.7276	46.0606	45.9217	45.907199999999996	45.6895	46.08	45.9709	45.9933	45.825700000000005	45.9974	45.9242	46.0251	45.7956	46.0109	45.9568	45.8955	45.9061	45.954	45.7683	45.9713	45.8359	46.1434	45.8803	46.1032	45.7235	46.0441	45.9588	46.0112	45.6939	46.1038	45.7322	46.0898	45.927	45.834599999999995	45.9636	46.0641	45.893299999999996	46.171099999999996	45.7691	46.0466	45.5407	46.0858	45.707300000000004	45.9514	45.861000000000004	45.9333	45.786500000000004	46.112199999999994	45.8776	46.153	45.8008	46.1286	45.8583	46.1941	45.8518	46.2954	46.0689	46.0863	45.9054	46.1128	45.7699
