Sample	1	2	3	4	5	6	7	8	9	10	11	12	13	14	15	16	17	18	19	20	21	22	23	24	25	26	27	28	29	30	31	32	33	34	35	36	37	38	39	40	41	42	43	44	45	46	47	48	49	50	51	52	53	54	55	56	57	58	59	60	61	62	63	64	65	66	67	68	69	70	71	72	73	74	75	76	77	78	79	80	81	82	83	84	85	86	87	88	89	90	91	92	93	94	95	96	97	98	99	100	101	102	103	104	105	106	107	108	109	110	111	112	113	114	115	116	117	118	119	120	121	122	123	124	125	126	127	128	129	130	131	132	133	134	135	136	137	138	139	140	141	142	143	144	145	146	147	148	149	150
Ssp-AAtu_005-Ex1-cssl.clmp.r1r2_fastp	36.5496	36.3232	36.3183	36.3405	36.3661	36.3598	36.3543	36.3504	36.3444	36.3414	36.3698	36.3791	36.3696	36.3536	36.3085	36.3156	36.3039	36.3077	36.3094	36.2956	36.2903	36.2843	36.2608	36.2225	36.2122	36.2119	36.2004	36.1824	36.1468	36.1337	36.1308	36.1274	36.1085	36.105	36.0971	36.0887	36.0942	36.0407	36.0418	36.0294	36.0512	36.0379	36.0262	35.9941	35.9913	35.9837	35.9537	35.9357	35.8933	35.9036	35.9455	35.9271	35.9103	35.8796	35.8759	35.8595	35.8258	35.815	35.8559	35.8215	35.8323	35.8223	35.8197	35.7979	35.7891	35.7757	35.7836	35.7443	35.7331	35.7486	35.7645	35.7136	35.6969	35.6359	35.6372	35.6916	35.688	35.6471	35.6594	35.6395	35.6243	35.6002	35.5454	35.5641	35.6358	35.6049	35.5824	35.5457	35.515	35.4582	35.5171	35.4719	35.4856	35.4673	35.4565	35.4707	35.4752	35.489	35.4123	35.2966	35.3709	35.3966	35.3466	35.3783	35.423	35.3606	35.3314	35.2697	35.2925	35.3969	35.3572	35.3468	35.3322	35.3384	35.2562	35.2557	35.3154	35.2582	35.2681	35.2766	35.2603	35.2825	35.196	35.1405	35.0291	35.0694	35.1354	35.1008	35.1169	35.0858	35.0707	35.0453	34.9884	35.0172	35.1682	35.037	35.0123	35.0805	34.9853	34.9528	34.9092	34.9405	35.0072	34.9564	34.9265	34.8823	34.855	34.8554	34.8868	35.8811
Ssp-AAtu_006-Ex1-cssl.clmp.r1r2_fastp	36.4935	36.3045	36.2991	36.3292	36.3502	36.3656	36.3377	36.3552	36.3398	36.3304	36.3569	36.3448	36.333	36.3203	36.2775	36.2848	36.2792	36.2735	36.281	36.2715	36.2653	36.2585	36.2278	36.1805	36.1919	36.197	36.1791	36.1564	36.125	36.1043	36.1127	36.1102	36.0702	36.0778	36.0773	36.071	36.0659	36.0227	36.0128	35.986	36.0194	36.0165	36.0277	35.964	35.9595	35.9532	35.924	35.9136	35.8634	35.874	35.8956	35.8938	35.8755	35.8702	35.8784	35.8535	35.8059	35.8015	35.8183	35.7939	35.8274	35.8051	35.8059	35.8104	35.7777	35.755	35.7731	35.7336	35.7186	35.7292	35.7593	35.6909	35.6691	35.6417	35.6155	35.6669	35.6628	35.6438	35.6558	35.622	35.6357	35.5906	35.5316	35.5497	35.6079	35.5974	35.6116	35.5477	35.5299	35.446	35.5172	35.4715	35.4757	35.4681	35.487	35.4884	35.4651	35.4573	35.4065	35.3115	35.3094	35.3572	35.3444	35.364	35.3902	35.3388	35.3407	35.2397	35.2771	35.3231	35.3133	35.3021	35.297	35.2915	35.221	35.2524	35.2852	35.2005	35.196	35.1978	35.174	35.2825	35.1736	35.1048	35.0236	35.0462	35.089	35.0422	35.0697	35.0253	35.0135	35.0113	34.9709	34.9712	35.1174	35.0428	35.0429	35.0074	34.9962	34.9827	34.91	34.9133	35.0039	34.9641	34.9822	34.8572	34.9126	34.8992	34.9247	35.8789
Ssp-AAtu_007-Ex1-cssl.clmp.r1r2_fastp	36.4786	36.2721	36.2387	36.2563	36.2825	36.2906	36.2783	36.271	36.2755	36.2647	36.3007	36.3011	36.2925	36.2688	36.2276	36.2394	36.2147	36.234	36.2265	36.2249	36.2138	36.2068	36.1944	36.1362	36.1395	36.1453	36.1406	36.1089	36.0932	36.0705	36.0513	36.0701	36.0306	36.0479	36.0545	36.0306	36.0226	36.0093	35.9824	35.9712	35.9849	35.99	35.9769	35.952	35.9536	35.9172	35.9009	35.8692	35.8656	35.872	35.9172	35.881	35.8841	35.8601	35.8632	35.837	35.8118	35.8052	35.8268	35.7865	35.8076	35.7996	35.8251	35.7924	35.7643	35.7691	35.7607	35.7509	35.763	35.7447	35.7576	35.707	35.6877	35.6755	35.651	35.6897	35.7083	35.6584	35.6672	35.646	35.6362	35.6442	35.602	35.6059	35.6646	35.6492	35.6419	35.5869	35.5929	35.525	35.5772	35.5532	35.5356	35.5328	35.5731	35.5543	35.5266	35.545	35.5122	35.4058	35.4397	35.5041	35.4574	35.5004	35.5048	35.5091	35.4576	35.3935	35.3867	35.5068	35.4599	35.454	35.4397	35.4118	35.3847	35.3401	35.4161	35.348	35.3613	35.3602	35.3963	35.412	35.3146	35.2856	35.208	35.212	35.2596	35.2214	35.2557	35.2162	35.2049	35.1854	35.1688	35.158	35.3369	35.2063	35.1748	35.2375	35.1649	35.137	35.0787	35.1183	35.1613	35.115	35.1229	35.0313	35.0558	35.0348	35.0427	35.931
Ssp-AAtu_008-Ex1-cssl.clmp.r1r2_fastp	36.6029	36.4363	36.4437	36.4385	36.4683	36.4541	36.4287	36.4379	36.4311	36.4215	36.4643	36.4565	36.4655	36.429	36.4115	36.4106	36.3872	36.4022	36.4171	36.395	36.3943	36.3768	36.3576	36.319	36.3108	36.314	36.2953	36.2731	36.2352	36.2411	36.2212	36.22	36.2092	36.1854	36.1948	36.1801	36.1799	36.1381	36.1464	36.1004	36.129	36.1451	36.1168	36.0805	36.0834	36.072	36.0211	36.0096	35.9658	35.9885	36.0305	36.0158	35.9878	35.9587	35.9628	35.9269	35.9074	35.9058	35.927	35.8938	35.9189	35.8978	35.8988	35.8846	35.8596	35.8504	35.8678	35.8282	35.8112	35.8295	35.8289	35.7849	35.7746	35.7017	35.7059	35.7634	35.7479	35.729	35.709	35.6915	35.6927	35.6582	35.6293	35.6383	35.6887	35.6588	35.6592	35.6112	35.5742	35.5123	35.5766	35.5485	35.5318	35.5295	35.531	35.5476	35.5359	35.5136	35.4573	35.3262	35.3948	35.4746	35.4141	35.4215	35.4619	35.4223	35.3833	35.3116	35.3028	35.4112	35.3899	35.3763	35.3743	35.3422	35.2769	35.2681	35.3308	35.2581	35.2868	35.2708	35.2602	35.3047	35.1897	35.1859	35.0514	35.0478	35.0926	35.1027	35.086	35.0679	35.0336	35.0317	34.9592	34.9697	35.1478	34.9764	34.9644	35.033	34.9468	34.906	34.7757	34.9311	34.9188	34.8799	34.8354	34.7731	34.8406	34.7414	34.7441	35.8441
Ssp-AAtu_009-Ex1-cssl.clmp.r1r2_fastp	36.59	36.3673	36.3646	36.383	36.4046	36.4012	36.3762	36.3776	36.3714	36.3678	36.4129	36.4079	36.4127	36.385	36.3493	36.3414	36.344	36.3431	36.355	36.3379	36.3308	36.3139	36.2936	36.2552	36.2489	36.2505	36.2319	36.2169	36.1875	36.1683	36.1479	36.1582	36.1306	36.1171	36.1274	36.1187	36.1105	36.0649	36.0634	36.0256	36.0672	36.0671	36.0396	35.9962	36.0013	35.9886	35.9541	35.9316	35.8992	35.9342	35.9528	35.9414	35.9177	35.9093	35.8925	35.85	35.8305	35.8155	35.8468	35.8169	35.8306	35.8231	35.8365	35.7989	35.7627	35.7618	35.7759	35.7352	35.7201	35.7321	35.7207	35.6843	35.6632	35.593	35.6144	35.6516	35.6517	35.6003	35.61	35.5831	35.5699	35.5389	35.5093	35.4945	35.5496	35.5458	35.5414	35.4932	35.4524	35.3971	35.4189	35.4108	35.388	35.3915	35.3963	35.3903	35.3591	35.3776	35.3383	35.2008	35.255	35.2857	35.2459	35.2746	35.2936	35.2547	35.2318	35.1556	35.1421	35.227	35.1938	35.1808	35.1644	35.1717	35.0868	35.1004	35.1654	35.0825	35.0712	35.0458	35.0518	35.0887	35.0381	34.9608	34.7915	34.8431	34.8971	34.8691	34.9158	34.8493	34.8252	34.8333	34.7847	34.7918	34.9469	34.7841	34.7684	34.8002	34.757	34.7141	34.6884	34.696	34.7104	34.6734	34.6389	34.6061	34.5909	34.5483	34.6056	35.7876
Ssp-AAtu_011-Ex1-cssl.clmp.r1r2_fastp	36.4053	36.2172	36.2233	36.2582	36.2828	36.2885	36.2685	36.2749	36.2638	36.26	36.311	36.303	36.288	36.2458	36.2225	36.232	36.2319	36.2268	36.244	36.2192	36.214	36.1952	36.1828	36.1546	36.1185	36.1367	36.1197	36.1047	36.081	36.0631	36.0472	36.0516	36.0223	36.0462	36.0448	36.0297	36.0271	35.9831	35.9577	35.9575	35.9813	35.9792	35.9464	35.9251	35.9206	35.8976	35.8638	35.8523	35.803	35.8467	35.8688	35.8463	35.8211	35.813	35.805	35.8005	35.7541	35.7813	35.7972	35.7467	35.75	35.7505	35.7673	35.7538	35.7299	35.7081	35.7185	35.699	35.6633	35.675	35.6914	35.6151	35.6157	35.5916	35.5476	35.6259	35.6544	35.563	35.6018	35.5766	35.5629	35.529	35.5239	35.4836	35.5573	35.5654	35.5259	35.482	35.4873	35.4025	35.4664	35.4688	35.428	35.4231	35.4396	35.4163	35.4342	35.4443	35.3901	35.3364	35.3244	35.3614	35.3063	35.3494	35.38	35.3635	35.3549	35.2515	35.237	35.3679	35.29	35.299	35.322	35.2745	35.2476	35.2084	35.2951	35.246	35.2468	35.2603	35.2344	35.259	35.1889	35.1395	35.0689	35.0634	35.1302	35.1104	35.1467	35.0699	35.06	35.0592	35.0524	35.0899	35.1934	35.0887	35.0814	35.0882	35.0668	35.0386	34.9428	34.9814	35.0431	35.0126	35.0066	34.9563	34.898	34.9385	34.9528	35.9004
Ssp-AAtu_012-Ex1-cssl.clmp.r1r2_fastp	36.4808	36.301	36.3014	36.3286	36.3422	36.346	36.3296	36.3343	36.3146	36.3096	36.3425	36.3384	36.3397	36.3073	36.2767	36.2783	36.2743	36.2782	36.2724	36.2662	36.2561	36.2438	36.2391	36.1991	36.2037	36.203	36.1646	36.1669	36.1316	36.1146	36.1184	36.1049	36.0883	36.0796	36.1034	36.0876	36.0681	36.0406	36.0295	36.018	36.0388	36.0219	36.0292	36.0093	35.9812	35.9951	35.9523	35.9276	35.9056	35.9381	35.9496	35.9307	35.9384	35.9083	35.9269	35.9003	35.8697	35.8585	35.8895	35.8687	35.885	35.8608	35.861	35.8639	35.8221	35.7923	35.8002	35.8121	35.7675	35.7935	35.8021	35.7304	35.7275	35.7267	35.6716	35.7546	35.7414	35.7051	35.7282	35.7136	35.6993	35.6775	35.6442	35.6234	35.6832	35.6917	35.6762	35.6187	35.6238	35.5289	35.583	35.5737	35.5498	35.5389	35.5766	35.5668	35.5499	35.5971	35.5348	35.4553	35.4582	35.5088	35.471	35.5079	35.5375	35.5229	35.4776	35.4336	35.4125	35.5091	35.493	35.4464	35.4322	35.4617	35.4045	35.3933	35.4375	35.388	35.3911	35.3955	35.4022	35.4373	35.3349	35.3404	35.2029	35.2116	35.2582	35.2916	35.2762	35.2801	35.2343	35.2206	35.1683	35.183	35.317	35.2352	35.2072	35.2431	35.1774	35.176	35.1398	35.1408	35.1866	35.1376	35.1099	35.12	35.0584	35.081	35.0626	35.9433
Ssp-AAtu_013-Ex1-cssl.clmp.r1r2_fastp	36.5326	36.3414	36.3433	36.3768	36.3987	36.3942	36.3817	36.3734	36.3787	36.3589	36.4093	36.4041	36.4085	36.3698	36.3433	36.3298	36.3288	36.337	36.3442	36.3276	36.3174	36.299	36.285	36.2293	36.2248	36.2248	36.2137	36.186	36.1429	36.1485	36.1061	36.0867	36.0972	36.0668	36.0774	36.0655	36.051	35.99	36.0006	35.9563	35.9881	35.9706	35.9454	35.9094	35.911	35.9016	35.8458	35.8299	35.7735	35.7917	35.8309	35.8166	35.7688	35.7556	35.745	35.7046	35.6851	35.6556	35.6603	35.6605	35.6608	35.6247	35.6398	35.6022	35.5641	35.5798	35.5608	35.5183	35.4966	35.5155	35.4759	35.4534	35.4195	35.3306	35.3573	35.4098	35.3732	35.3567	35.3347	35.3027	35.3015	35.257	35.2033	35.2137	35.2571	35.2603	35.246	35.1962	35.1008	35.0748	35.1041	35.0936	35.0607	35.0656	35.0499	35.0946	35.045	35.0404	34.9787	34.8294	34.8779	34.96	34.8712	34.9022	34.942	34.9098	34.8528	34.7697	34.7544	34.8657	34.8393	34.8082	34.7847	34.8041	34.71	34.719	34.7766	34.6978	34.7013	34.7534	34.7072	34.7307	34.6451	34.5571	34.4359	34.5015	34.5023	34.4996	34.5502	34.4767	34.446	34.4808	34.4086	34.3937	34.6225	34.445	34.4262	34.4791	34.427	34.3818	34.3172	34.3388	34.3708	34.3301	34.2738	34.2647	34.2649	34.254	34.325	35.6601
Ssp-AAtu_014-Ex1-cssl.clmp.r1r2_fastp	36.4745	36.2456	36.2072	36.2458	36.2752	36.2823	36.2604	36.2704	36.2597	36.2351	36.2821	36.2656	36.2626	36.2552	36.2066	36.2172	36.2052	36.1987	36.2383	36.1938	36.1919	36.1786	36.175	36.1325	36.1123	36.1308	36.1005	36.0834	36.0636	36.0463	36.0391	36.0304	36.0136	36.0214	36.0229	36.0176	35.9826	35.9664	35.975	35.9467	35.9755	35.969	35.9558	35.9195	35.9092	35.8902	35.8845	35.8693	35.8234	35.849	35.874	35.8783	35.8466	35.8075	35.8258	35.7951	35.7967	35.7728	35.8178	35.7755	35.7953	35.7763	35.8032	35.7645	35.7381	35.7282	35.7349	35.7298	35.7273	35.7058	35.7199	35.664	35.6584	35.6208	35.5903	35.6532	35.6818	35.624	35.6343	35.6018	35.5814	35.5882	35.5574	35.5468	35.5928	35.6155	35.5793	35.5615	35.5477	35.4619	35.5185	35.5212	35.5169	35.4936	35.4837	35.4926	35.4658	35.5188	35.4278	35.3538	35.3803	35.4198	35.4002	35.4423	35.4495	35.3908	35.3796	35.3517	35.2912	35.4134	35.3817	35.3838	35.3936	35.3538	35.3002	35.2969	35.3577	35.2513	35.3096	35.2797	35.2673	35.3028	35.2423	35.2003	35.1615	35.1181	35.1979	35.1681	35.2013	35.1472	35.1547	35.1202	35.1377	35.0891	35.2387	35.1277	35.1253	35.1693	35.0572	35.0771	35.0506	35.0372	35.1025	35.0115	35.0303	34.9643	34.9559	34.9586	34.9871	35.9135
Ssp-AAtu_015-Ex1-cssl.clmp.r1r2_fastp	36.4729	36.2722	36.2961	36.32	36.3305	36.3501	36.3145	36.3195	36.3017	36.3253	36.3496	36.3475	36.3447	36.317	36.2926	36.2861	36.2845	36.2725	36.2867	36.2691	36.2525	36.2622	36.2121	36.1803	36.1793	36.215	36.1507	36.1408	36.1142	36.112	36.0839	36.0922	36.0542	36.0224	36.0518	36.017	36.0339	36.0061	35.9844	35.967	36.0	35.9834	35.9777	35.9252	35.9213	35.9039	35.8609	35.8411	35.8091	35.8351	35.8579	35.8603	35.8434	35.7754	35.7895	35.7464	35.7148	35.715	35.7464	35.723	35.7203	35.7105	35.6948	35.6684	35.6459	35.6326	35.6439	35.621	35.59	35.6	35.6073	35.5535	35.5649	35.4978	35.4969	35.5159	35.5334	35.5077	35.4716	35.4595	35.4526	35.4175	35.364	35.3677	35.4568	35.4289	35.4069	35.3258	35.3079	35.2674	35.3046	35.2789	35.2877	35.2766	35.2625	35.2786	35.2774	35.284	35.1945	35.1171	35.1369	35.2282	35.1353	35.1685	35.1971	35.1781	35.104	35.0876	35.0395	35.1351	35.0829	35.0601	35.0794	35.0723	34.9809	35.0274	35.0765	34.9948	35.0371	35.0093	35.0054	35.0303	34.9656	34.9077	34.8266	34.819	34.8637	34.8692	34.9192	34.8477	34.8499	34.8073	34.7531	34.7976	34.9665	34.8434	34.8351	34.8596	34.8265	34.7517	34.7597	34.7401	34.8448	34.7998	34.8019	34.7041	34.6561	34.7184	34.7511	35.8127
Ssp-AAtu_016-Ex1-cssl.clmp.r1r2_fastp	36.4509	36.2672	36.2621	36.2916	36.2958	36.3073	36.3176	36.2871	36.2819	36.3013	36.3231	36.3183	36.3194	36.2858	36.2547	36.237	36.2339	36.2624	36.2492	36.2365	36.2274	36.2078	36.2162	36.1747	36.1795	36.17	36.1556	36.1298	36.1484	36.0884	36.0784	36.0782	36.0656	36.0453	36.0845	36.063	36.033	36.01	36.0064	35.9834	36.0059	35.9772	36.0088	35.9733	35.9566	35.9521	35.9232	35.8932	35.8794	35.8981	35.9115	35.9012	35.913	35.8618	35.8583	35.851	35.8275	35.849	35.8738	35.8128	35.8521	35.8538	35.852	35.8007	35.7779	35.7815	35.7853	35.7611	35.7541	35.7507	35.7759	35.7166	35.7042	35.6675	35.6426	35.7216	35.6988	35.6938	35.661	35.6604	35.6623	35.6525	35.6383	35.583	35.64	35.6751	35.6109	35.5826	35.5918	35.5104	35.5777	35.6082	35.515	35.5204	35.5297	35.5212	35.5242	35.5695	35.503	35.4303	35.4598	35.4743	35.4787	35.5302	35.4743	35.4608	35.4432	35.3515	35.3488	35.4907	35.4153	35.423	35.4365	35.3903	35.3515	35.3489	35.4308	35.3768	35.3365	35.3525	35.3485	35.394	35.2784	35.2551	35.1704	35.1586	35.2367	35.1809	35.227	35.197	35.1881	35.1168	35.1063	35.0963	35.2657	35.1491	35.1402	35.1683	35.1289	35.1284	35.0218	35.0705	35.1348	35.05	35.0504	35.0734	34.9793	34.9551	34.9893	35.9281
Ssp-AAtu_017-Ex1-cssl.clmp.r1r2_fastp	36.3873	36.1714	36.1896	36.2331	36.2379	36.2477	36.2257	36.2319	36.2317	36.2115	36.2729	36.2617	36.2729	36.2341	36.2164	36.2053	36.1968	36.1804	36.2163	36.1856	36.1709	36.1502	36.1479	36.0859	36.0979	36.0934	36.0729	36.052	36.0315	36.0051	35.9773	35.9861	35.9504	35.9627	35.974	35.9599	35.9503	35.9087	35.9135	35.886	35.9059	35.9027	35.8926	35.8674	35.8453	35.8369	35.8186	35.7766	35.7295	35.7778	35.7693	35.7923	35.7548	35.7425	35.7396	35.706	35.6749	35.669	35.7044	35.6665	35.6643	35.6701	35.6786	35.6508	35.6277	35.6075	35.6085	35.6063	35.5743	35.572	35.585	35.5503	35.5455	35.4823	35.4709	35.4923	35.5316	35.4852	35.4895	35.486	35.4625	35.4331	35.3878	35.3904	35.4482	35.4794	35.4294	35.4039	35.3754	35.2737	35.3558	35.3239	35.3266	35.3305	35.3332	35.3427	35.3179	35.3371	35.2796	35.1488	35.2263	35.2778	35.2154	35.2866	35.2795	35.254	35.2233	35.1618	35.1561	35.2629	35.2595	35.2152	35.2265	35.1965	35.1623	35.129	35.2192	35.1277	35.1728	35.1511	35.1518	35.1682	35.1162	35.0401	34.9677	34.9723	35.0181	35.0017	35.0218	34.987	35.0088	34.9522	34.9332	34.9286	35.1223	34.9973	34.9939	34.9824	34.9437	34.9246	34.9062	34.9362	34.9929	34.9268	34.907	34.8428	34.8721	34.8612	34.8379	35.8561
Ssp-AAtu_018-Ex1-cssl.clmp.r1r2_fastp	36.435	36.2258	36.2222	36.2461	36.2722	36.2607	36.2562	36.2841	36.2668	36.27	36.2907	36.2779	36.2881	36.2485	36.2039	36.234	36.2104	36.2228	36.2355	36.2269	36.1934	36.196	36.184	36.1296	36.1376	36.1425	36.105	36.101	36.0652	36.0402	36.0091	36.0198	36.0027	36.0173	36.0326	36.0112	36.0027	35.9669	35.9705	35.9315	35.9922	35.9479	35.9454	35.8971	35.916	35.9187	35.8916	35.851	35.8367	35.8711	35.8807	35.8829	35.8529	35.8308	35.8031	35.8006	35.7807	35.7909	35.8017	35.7804	35.7886	35.7716	35.7769	35.7548	35.737	35.7284	35.7594	35.7108	35.7007	35.7176	35.7246	35.6672	35.6672	35.6039	35.6086	35.661	35.6923	35.5963	35.6137	35.618	35.6101	35.5924	35.5626	35.5377	35.6247	35.5831	35.5783	35.5674	35.5384	35.4959	35.529	35.4968	35.4717	35.4661	35.4913	35.5028	35.4505	35.4788	35.4496	35.351	35.4329	35.4433	35.3729	35.4381	35.4596	35.4224	35.3797	35.3421	35.3001	35.4315	35.4199	35.4003	35.3755	35.3483	35.322	35.2952	35.4122	35.3114	35.3387	35.3113	35.2759	35.3415	35.2941	35.2162	35.1245	35.1108	35.1916	35.1532	35.2009	35.1605	35.1313	35.1002	35.1134	35.0943	35.2689	35.1401	35.1481	35.1267	35.1093	35.1065	35.0177	35.0666	35.1068	35.0829	35.0423	35.0165	35.0284	34.9413	34.9706	35.9143
Ssp-AAtu_019-Ex1-cssl.clmp.r1r2_fastp	36.5888	36.3886	36.3811	36.4018	36.424	36.4234	36.3956	36.4009	36.4073	36.3854	36.4292	36.4269	36.4279	36.4051	36.3695	36.3699	36.3638	36.3721	36.3741	36.3629	36.3546	36.3385	36.3207	36.2763	36.2739	36.2635	36.2573	36.2452	36.206	36.2094	36.1815	36.1974	36.1713	36.1573	36.1511	36.1501	36.1302	36.1039	36.0959	36.0641	36.0909	36.0861	36.0805	36.0537	36.0297	36.0345	35.9915	35.9792	35.9421	35.9539	35.9868	35.9745	35.9605	35.9308	35.9219	35.8947	35.873	35.8793	35.8792	35.8459	35.8828	35.8675	35.8736	35.8504	35.8069	35.8058	35.817	35.7785	35.7486	35.7848	35.7582	35.7398	35.7039	35.6515	35.6397	35.7011	35.6891	35.6652	35.6604	35.6228	35.6274	35.6027	35.5631	35.5482	35.6117	35.6168	35.603	35.5294	35.5001	35.4343	35.4672	35.4813	35.4551	35.4444	35.4657	35.4772	35.4593	35.4645	35.4133	35.254	35.324	35.3797	35.3239	35.3437	35.3646	35.3357	35.2966	35.2386	35.2511	35.3171	35.288	35.2431	35.2481	35.2627	35.2172	35.1655	35.2308	35.1809	35.1814	35.1752	35.1719	35.2284	35.124	35.0529	34.9602	35.0021	35.0121	35.0213	35.0438	34.9848	34.9246	34.922	34.8972	34.8746	35.0565	34.9353	34.9052	34.9129	34.8891	34.84	34.7969	34.8345	34.8495	34.8285	34.7474	34.7418	34.7175	34.688	34.7032	35.8201
Ssp-AAtu_020-Ex1-cssl.clmp.r1r2_fastp	36.5508	36.3509	36.3436	36.345	36.3755	36.3769	36.3501	36.363	36.3378	36.3413	36.381	36.3742	36.3885	36.3506	36.3117	36.3107	36.3212	36.3193	36.3396	36.3129	36.3103	36.2896	36.2679	36.2151	36.216	36.2289	36.1976	36.1777	36.1643	36.1586	36.1402	36.1242	36.1082	36.0875	36.1004	36.0962	36.0962	36.0492	36.0597	36.013	36.0371	36.0596	36.0228	35.9917	35.9915	35.9763	35.9405	35.9544	35.8697	35.9168	35.9418	35.922	35.9085	35.8718	35.9035	35.8755	35.8392	35.8242	35.8464	35.8324	35.8495	35.8228	35.8319	35.808	35.8061	35.7953	35.7866	35.7376	35.7395	35.7411	35.7444	35.698	35.686	35.6251	35.6172	35.6856	35.6902	35.6384	35.6378	35.5928	35.5867	35.5814	35.5406	35.5546	35.5875	35.6	35.5801	35.525	35.4939	35.4242	35.4617	35.4837	35.4576	35.4451	35.4388	35.4671	35.4432	35.447	35.4146	35.2961	35.3411	35.4121	35.3461	35.3768	35.4145	35.3862	35.3073	35.2212	35.2599	35.3494	35.3155	35.2966	35.2428	35.2738	35.1975	35.2196	35.2907	35.1981	35.2439	35.2007	35.2506	35.2298	35.1846	35.0743	34.985	35.0464	35.1089	35.0875	35.0808	34.9978	35.0269	35.0174	34.9473	34.9666	35.1418	35.0069	34.9589	35.0543	34.9961	34.9567	34.8582	34.9222	34.9113	34.9273	34.8968	34.8481	34.8899	34.8807	34.8603	35.8781
Ssp-AAtu_021-Ex1-cssl.clmp.r1r2_fastp	36.3906	36.2021	36.2111	36.2631	36.2558	36.291	36.2709	36.2578	36.2519	36.2554	36.2949	36.2745	36.2767	36.2543	36.2428	36.2356	36.2139	36.2066	36.2407	36.1909	36.1763	36.2083	36.1946	36.1517	36.131	36.112	36.1367	36.1298	36.0695	36.0776	36.06	36.0445	36.0557	36.0281	36.0344	36.0291	36.035	35.9942	35.9671	36.0019	35.9847	35.9492	35.9723	35.924	35.9017	35.9166	35.9247	35.9051	35.8515	35.8577	35.8615	35.8507	35.8611	35.8542	35.8654	35.8132	35.7966	35.8033	35.8417	35.7629	35.85	35.8351	35.7675	35.7944	35.78	35.7527	35.7981	35.7538	35.7174	35.7683	35.7946	35.7122	35.7087	35.6772	35.6274	35.7241	35.7227	35.6773	35.6732	35.6639	35.6201	35.6145	35.6091	35.6054	35.6874	35.6482	35.6288	35.6087	35.5872	35.499	35.5637	35.5831	35.51	35.5505	35.5638	35.5366	35.5256	35.5533	35.5083	35.3967	35.4115	35.4785	35.4126	35.5337	35.4836	35.4353	35.42	35.3505	35.3917	35.4833	35.4587	35.431	35.4566	35.421	35.3806	35.356	35.4172	35.3385	35.3933	35.3886	35.36	35.4279	35.2769	35.2828	35.2084	35.2106	35.1921	35.2142	35.1907	35.2085	35.2167	35.1097	35.1356	35.1904	35.2806	35.1884	35.1502	35.1366	35.1998	35.1227	35.0749	35.1289	35.1934	35.1378	35.1074	35.0995	35.0414	35.0015	35.066	35.943
Ssp-AAtu_022-Ex1-cssl.clmp.r1r2_fastp	36.3551	36.1614	36.1572	36.2091	36.2387	36.2463	36.2367	36.2378	36.2286	36.2117	36.2566	36.2386	36.2555	36.2167	36.1756	36.1919	36.1898	36.1818	36.1883	36.1804	36.1593	36.1606	36.148	36.1071	36.1161	36.1076	36.0917	36.0836	36.0683	36.0466	36.0201	36.0425	36.0042	35.9938	36.0153	36.0103	35.9854	35.9694	35.9627	35.9517	35.9847	35.9531	35.9565	35.9217	35.9135	35.901	35.8963	35.8547	35.8409	35.8522	35.8753	35.8682	35.855	35.828	35.8345	35.8316	35.7959	35.7901	35.8141	35.7977	35.8017	35.8016	35.7918	35.7965	35.772	35.7462	35.7741	35.7392	35.7192	35.7347	35.7567	35.6821	35.6889	35.6697	35.6191	35.6974	35.7289	35.6692	35.6706	35.6635	35.6325	35.6039	35.5988	35.5571	35.6401	35.643	35.6341	35.5902	35.609	35.4979	35.559	35.5486	35.5204	35.5384	35.5494	35.5289	35.5001	35.5404	35.4705	35.3968	35.4661	35.4809	35.4443	35.4908	35.4974	35.465	35.456	35.399	35.3521	35.4955	35.4333	35.4473	35.4663	35.4104	35.3321	35.361	35.4157	35.3221	35.4166	35.3519	35.3498	35.402	35.3158	35.2825	35.2278	35.2014	35.2569	35.2575	35.2817	35.2167	35.2165	35.2078	35.1864	35.212	35.3381	35.1943	35.1996	35.2247	35.1867	35.2033	35.1113	35.1693	35.2089	35.1424	35.1379	35.1078	35.0578	35.0799	35.0911	35.9327
Ssp-AAtu_023-Ex1-cssl.clmp.r1r2_fastp	36.5737	36.3912	36.3875	36.3979	36.4223	36.429	36.4031	36.415	36.4045	36.4055	36.4402	36.4414	36.4321	36.3979	36.3733	36.3797	36.3637	36.3804	36.388	36.3746	36.3764	36.3643	36.3299	36.2996	36.2741	36.2752	36.2647	36.2467	36.2025	36.2062	36.1881	36.1691	36.1601	36.142	36.1431	36.1311	36.1133	36.091	36.0924	36.0482	36.0715	36.0758	36.0459	36.0251	36.0072	36.0055	35.9685	35.9258	35.9111	35.9203	35.9444	35.9244	35.9281	35.895	35.8825	35.8568	35.8282	35.8159	35.8205	35.799	35.8183	35.793	35.8352	35.7773	35.7481	35.7553	35.7612	35.7139	35.6927	35.7337	35.7209	35.6634	35.656	35.5656	35.5875	35.645	35.6227	35.5706	35.5651	35.5636	35.5302	35.507	35.4456	35.4584	35.5145	35.4979	35.4748	35.4422	35.3981	35.3354	35.3838	35.3539	35.3624	35.3409	35.32	35.3356	35.3153	35.352	35.2668	35.1365	35.1656	35.2413	35.1872	35.2139	35.2139	35.1853	35.1344	35.0476	35.0342	35.1824	35.1374	35.1336	35.122	35.1005	35.054	34.9957	35.1273	35.067	35.0276	35.0397	35.0134	35.0495	34.9664	34.9309	34.7858	34.8053	34.834	34.8053	34.8414	34.7517	34.7541	34.7634	34.7265	34.7435	34.9146	34.7893	34.718	34.7661	34.7126	34.6272	34.7091	34.6357	34.7123	34.6697	34.5968	34.4893	34.5348	34.5452	34.5208	35.7362
Ssp-AAtu_024-Ex1-cssl.clmp.r1r2_fastp	36.5326	36.3438	36.344	36.3662	36.3955	36.3868	36.3741	36.371	36.3856	36.3636	36.3956	36.3897	36.396	36.3602	36.3327	36.3427	36.3314	36.3371	36.3401	36.3172	36.3198	36.2958	36.2892	36.2416	36.2346	36.2323	36.2151	36.1881	36.1663	36.1615	36.1283	36.1198	36.11	36.0872	36.0993	36.0845	36.0751	36.0245	36.028	35.9736	36.0131	36.0087	35.9907	35.951	35.9515	35.9273	35.8896	35.8791	35.8095	35.8498	35.8676	35.8569	35.8218	35.7998	35.8067	35.7765	35.7438	35.7351	35.7389	35.7185	35.7262	35.7091	35.7154	35.6804	35.6585	35.656	35.6487	35.6099	35.5908	35.6023	35.601	35.5613	35.5335	35.4458	35.4631	35.5012	35.5058	35.4616	35.4559	35.4195	35.4281	35.3998	35.3138	35.3335	35.4005	35.4015	35.3792	35.3247	35.2868	35.2221	35.2832	35.2529	35.2478	35.2097	35.2053	35.2446	35.2279	35.2235	35.1518	35.0059	35.0681	35.1152	35.0571	35.0956	35.141	35.0961	35.0434	34.9438	34.9754	35.0579	35.0418	35.0167	34.9949	35.0147	34.9324	34.8963	34.9983	34.9273	34.9443	34.9144	34.8998	34.9302	34.8975	34.8077	34.6729	34.7241	34.7496	34.7193	34.7554	34.7045	34.6603	34.6605	34.6248	34.5835	34.7962	34.6841	34.6394	34.6925	34.5778	34.5215	34.5598	34.5588	34.5489	34.5006	34.4437	34.3837	34.4226	34.4815	34.5314	35.6824
Ssp-AAtu_025-Ex1-cssl.clmp.r1r2_fastp	36.511	36.2507	36.2421	36.2796	36.3154	36.3093	36.3152	36.3018	36.2889	36.2761	36.3104	36.3002	36.3002	36.2855	36.2362	36.2445	36.2523	36.2509	36.2731	36.2369	36.2311	36.2292	36.2117	36.1576	36.1481	36.1511	36.1461	36.119	36.105	36.099	36.0614	36.0525	36.0442	36.0306	36.0263	36.0377	36.0159	35.9613	35.9624	35.9375	35.9802	35.972	35.9948	35.9304	35.9172	35.9077	35.875	35.8663	35.8197	35.8527	35.8558	35.8703	35.8492	35.8386	35.8208	35.8076	35.7746	35.7407	35.7952	35.7569	35.771	35.7874	35.7798	35.7585	35.7462	35.726	35.7404	35.7086	35.6918	35.6909	35.7279	35.6574	35.6489	35.6079	35.5954	35.6407	35.6633	35.5931	35.6197	35.615	35.5482	35.5689	35.5304	35.5117	35.5754	35.5932	35.5709	35.5131	35.4862	35.4434	35.4716	35.478	35.4745	35.4463	35.4404	35.4653	35.4727	35.4752	35.3801	35.2831	35.3513	35.3919	35.3671	35.3845	35.4057	35.3623	35.3616	35.2657	35.2651	35.3353	35.3524	35.3291	35.3398	35.308	35.27	35.2528	35.2969	35.2768	35.263	35.2921	35.2445	35.3066	35.2233	35.1757	35.1252	35.094	35.1748	35.1558	35.1753	35.0914	35.1039	35.1043	35.0584	35.0752	35.215	35.1064	35.109	35.0956	35.0645	35.0428	34.9898	35.011	35.0726	35.0325	35.0415	34.9438	34.9322	34.9851	34.9623	35.8877
Ssp-AAtu_026-Ex1-cssl.clmp.r1r2_fastp	36.5062	36.3107	36.3245	36.3386	36.3735	36.3602	36.3595	36.3481	36.3429	36.3397	36.3635	36.3737	36.3634	36.3405	36.3105	36.3095	36.2983	36.3014	36.3023	36.2742	36.2744	36.2563	36.2344	36.2021	36.1908	36.1857	36.1726	36.1408	36.111	36.1054	36.0807	36.1006	36.0521	36.0394	36.0495	36.0516	36.0312	36.0009	35.9874	35.942	35.9807	35.9783	35.9517	35.9228	35.9118	35.9243	35.8734	35.8435	35.8026	35.8387	35.8728	35.8314	35.8081	35.7916	35.8124	35.766	35.7373	35.7315	35.7676	35.7298	35.7409	35.7357	35.7453	35.7085	35.6797	35.6606	35.6714	35.6408	35.6288	35.6517	35.6477	35.5752	35.5883	35.5393	35.5149	35.583	35.5754	35.5271	35.5258	35.522	35.4911	35.4774	35.4435	35.4489	35.5069	35.4985	35.4616	35.4096	35.4045	35.3361	35.3874	35.3775	35.3741	35.3448	35.3405	35.3511	35.3131	35.3647	35.2751	35.1549	35.2129	35.2666	35.2271	35.265	35.2711	35.2412	35.2286	35.1384	35.1098	35.2214	35.2009	35.1527	35.1861	35.1494	35.1095	35.1264	35.1666	35.0857	35.1081	35.0826	35.0941	35.1299	35.0694	34.9996	34.9108	34.9059	34.9577	34.9761	34.9867	34.9129	34.9028	34.8444	34.8917	34.8853	35.0311	34.8489	34.8857	34.9146	34.8648	34.8485	34.8179	34.7598	34.8439	34.8034	34.7957	34.7383	34.7257	34.7121	34.7889	35.8344
Ssp-AAtu_027-Ex1-cssl.clmp.r1r2_fastp	36.5334	36.2909	36.299	36.3264	36.348	36.355	36.3384	36.3437	36.338	36.3264	36.3603	36.3516	36.3667	36.3337	36.2941	36.2872	36.2903	36.3024	36.299	36.2816	36.281	36.2623	36.2478	36.2029	36.1977	36.2052	36.1877	36.164	36.1239	36.112	36.081	36.0863	36.0596	36.0567	36.0552	36.0514	36.0104	35.9846	35.9928	35.9554	35.9829	35.9878	35.9661	35.9335	35.9277	35.9141	35.8683	35.8506	35.7915	35.8289	35.8524	35.8263	35.8033	35.7801	35.761	35.7547	35.7365	35.7142	35.7394	35.6986	35.7038	35.7003	35.6948	35.688	35.6648	35.6531	35.659	35.621	35.6033	35.6163	35.5928	35.553	35.5243	35.4657	35.479	35.5325	35.5349	35.4892	35.495	35.4609	35.4545	35.4157	35.3838	35.3605	35.4495	35.4211	35.4148	35.3787	35.3323	35.2884	35.3289	35.3055	35.2894	35.2878	35.3045	35.2994	35.287	35.2936	35.2328	35.0878	35.1502	35.2247	35.1626	35.1762	35.1944	35.1764	35.1369	35.0643	35.0776	35.17	35.1402	35.0977	35.0987	35.0857	35.0287	35.0156	35.0981	35.0267	35.006	35.0281	35.0187	35.0486	34.9731	34.955	34.8321	34.8414	34.882	34.844	34.8719	34.8664	34.8029	34.8167	34.7432	34.7429	34.9607	34.7816	34.7458	34.822	34.7423	34.7311	34.6778	34.7524	34.7447	34.6737	34.6485	34.6337	34.6101	34.5951	34.6342	35.7847
Ssp-AAtu_029-Ex1-cssl.clmp.r1r2_fastp	36.3896	36.1811	36.1831	36.2245	36.2383	36.2489	36.2449	36.2603	36.2362	36.2424	36.2614	36.2683	36.2516	36.2432	36.1987	36.1856	36.2013	36.1875	36.203	36.1996	36.1804	36.1638	36.1377	36.0875	36.1072	36.1095	36.0783	36.0624	36.0308	36.0157	36.0174	36.0078	35.9827	35.9828	35.9974	35.9462	35.9381	35.9368	35.941	35.8892	35.942	35.9131	35.9196	35.8936	35.8816	35.8707	35.8465	35.8202	35.7784	35.7957	35.8173	35.804	35.805	35.7638	35.7679	35.7704	35.7227	35.7069	35.7418	35.7202	35.7409	35.7249	35.7197	35.6891	35.7093	35.6867	35.6717	35.6569	35.6236	35.6428	35.6475	35.6042	35.5801	35.5577	35.5168	35.5875	35.6006	35.5327	35.5655	35.5627	35.527	35.4662	35.4662	35.4663	35.5234	35.5352	35.5081	35.4794	35.4691	35.3875	35.4535	35.4424	35.4076	35.4123	35.4194	35.4265	35.4147	35.4311	35.3408	35.2776	35.3147	35.3596	35.3224	35.3405	35.3696	35.3317	35.2941	35.2635	35.236	35.3116	35.3035	35.2912	35.3121	35.2883	35.2201	35.2361	35.2783	35.2195	35.2195	35.2416	35.2219	35.2798	35.1907	35.1512	35.1026	35.0169	35.1074	35.086	35.1094	35.0798	35.0696	35.0689	35.0078	35.0321	35.1622	35.0497	35.0733	35.0763	35.0246	35.0404	34.9343	34.9617	35.0249	34.9537	34.9701	34.9158	34.9055	34.9271	34.9435	35.862
Ssp-AAtu_030-Ex1-cssl.clmp.r1r2_fastp	36.4943	36.3128	36.2884	36.3019	36.3312	36.3457	36.3256	36.3521	36.3374	36.3271	36.3586	36.3411	36.3322	36.3259	36.2843	36.2798	36.2839	36.2929	36.3027	36.2992	36.2688	36.2723	36.2411	36.2164	36.219	36.22	36.2064	36.1947	36.1693	36.1562	36.1353	36.1535	36.132	36.1097	36.1287	36.1227	36.1127	36.0997	36.0885	36.0636	36.1034	36.0798	36.0787	36.0448	36.0325	36.0315	36.0232	36.0167	35.9848	36.0037	36.0247	36.0014	35.9955	35.9741	35.977	35.9699	35.9308	35.9515	35.9678	35.9314	35.95	35.9419	35.9434	35.9192	35.9172	35.9047	35.9052	35.8792	35.8656	35.8851	35.902	35.8311	35.8352	35.8025	35.7823	35.8437	35.8383	35.8037	35.796	35.8136	35.7766	35.7752	35.7625	35.7202	35.79	35.7853	35.7802	35.7526	35.7199	35.6544	35.6818	35.6892	35.6721	35.6626	35.6979	35.6673	35.6637	35.705	35.6217	35.5437	35.5848	35.6121	35.5654	35.6206	35.6058	35.6017	35.5563	35.4885	35.5061	35.6046	35.5513	35.5412	35.5641	35.5245	35.4782	35.4665	35.5308	35.4792	35.4708	35.4779	35.4816	35.4991	35.4041	35.3815	35.3279	35.2942	35.3458	35.3294	35.3264	35.3489	35.3012	35.2775	35.2134	35.2645	35.4139	35.2852	35.2812	35.2927	35.3131	35.2181	35.1706	35.2536	35.2367	35.2165	35.207	35.1492	35.1147	35.1244	35.1641	35.9764
Ssp-AAtu_031-Ex1-cssl.clmp.r1r2_fastp	36.5243	36.3302	36.3201	36.3352	36.3437	36.3624	36.3255	36.3307	36.3484	36.3312	36.3695	36.3774	36.3627	36.3292	36.2995	36.2926	36.2915	36.2918	36.3175	36.2982	36.2679	36.278	36.239	36.1898	36.2079	36.1874	36.1895	36.1556	36.1297	36.1277	36.0804	36.109	36.104	36.0756	36.0788	36.0711	36.0413	36.0096	36.0048	35.9744	35.9936	35.9949	35.9839	35.9535	35.9376	35.9424	35.8906	35.8754	35.8365	35.8717	35.9006	35.8567	35.8635	35.8239	35.8425	35.8013	35.7821	35.7944	35.8032	35.7335	35.7761	35.754	35.7449	35.7247	35.7081	35.7021	35.7131	35.6985	35.6649	35.6657	35.6707	35.6195	35.6294	35.5308	35.5345	35.6041	35.6268	35.5469	35.5525	35.5147	35.5323	35.488	35.434	35.4396	35.5276	35.4996	35.4797	35.4616	35.4008	35.3622	35.4056	35.3676	35.3752	35.371	35.3524	35.3714	35.346	35.345	35.3166	35.1573	35.2417	35.2851	35.2329	35.2464	35.2562	35.2531	35.2105	35.1253	35.1309	35.2007	35.2163	35.1656	35.1854	35.1511	35.0684	35.1243	35.1691	35.0543	35.0812	35.1014	35.0527	35.1369	35.0175	34.9481	34.8424	34.9127	34.9223	34.9267	34.9268	34.8765	34.8484	34.8753	34.8323	34.8648	35.007	34.8883	34.8622	34.8984	34.8732	34.806	34.7793	34.7896	34.7999	34.7676	34.7488	34.639	34.66	34.6407	34.7036	35.8289
Ssp-AAtu_033-Ex1-cssl.clmp.r1r2_fastp	36.5617	36.3564	36.3272	36.3309	36.3712	36.3659	36.3678	36.3931	36.3846	36.3746	36.39	36.3864	36.3859	36.3465	36.3087	36.3368	36.3274	36.3341	36.347	36.3261	36.3144	36.3112	36.2902	36.244	36.2463	36.2419	36.2359	36.2128	36.1904	36.1825	36.1596	36.1617	36.1468	36.15	36.1464	36.1179	36.1271	36.0992	36.1002	36.0668	36.1006	36.0955	36.1023	36.0679	36.0644	36.0533	36.017	35.9887	35.961	35.982	35.9987	36.0052	35.9973	35.9801	35.9476	35.9597	35.9278	35.8989	35.9268	35.8845	35.9054	35.9027	35.9117	35.9035	35.8688	35.8582	35.8719	35.846	35.8059	35.8561	35.8442	35.7893	35.7677	35.7453	35.7287	35.7877	35.7952	35.7576	35.7407	35.7255	35.7037	35.6812	35.6652	35.64	35.7009	35.6924	35.6806	35.6441	35.645	35.5668	35.6062	35.5975	35.5551	35.5454	35.5753	35.5766	35.5287	35.5621	35.5046	35.4148	35.4547	35.4595	35.4253	35.4416	35.4832	35.4572	35.4169	35.3647	35.3569	35.4428	35.4299	35.3873	35.4308	35.388	35.3481	35.3419	35.3789	35.3166	35.3678	35.3198	35.2996	35.3479	35.257	35.2123	35.1276	35.1221	35.1997	35.1578	35.1927	35.1406	35.1311	35.0933	35.0271	35.0643	35.2554	35.1102	35.1206	35.1135	35.0648	35.0198	34.9927	34.98	35.0631	35.0578	35.0268	34.9661	34.9087	34.9691	34.9744	35.901
Ssp-AAtu_034-Ex1-cssl.clmp.r1r2_fastp	36.5352	36.3073	36.3146	36.3248	36.3474	36.3611	36.3268	36.3421	36.3327	36.3332	36.3614	36.3495	36.3497	36.3291	36.2894	36.3017	36.295	36.3	36.2998	36.2866	36.2668	36.2626	36.2332	36.1877	36.1847	36.1977	36.1737	36.1478	36.1209	36.1193	36.0818	36.0823	36.0741	36.0498	36.068	36.05	36.0521	36.0123	36.0092	35.9831	36.0083	35.9905	36.0102	35.9569	35.9398	35.9452	35.896	35.8761	35.836	35.8762	35.8873	35.8752	35.8422	35.8221	35.807	35.8231	35.789	35.7641	35.8213	35.7738	35.7912	35.7541	35.8069	35.7516	35.7272	35.7123	35.7254	35.6973	35.6666	35.7018	35.7079	35.6591	35.6263	35.5749	35.5439	35.6272	35.6274	35.5978	35.5712	35.5387	35.5586	35.5284	35.4806	35.4856	35.5475	35.5579	35.5335	35.4775	35.4348	35.3956	35.4466	35.4401	35.407	35.4097	35.404	35.4155	35.4142	35.3868	35.3259	35.2377	35.259	35.3327	35.311	35.296	35.3243	35.2838	35.2555	35.1955	35.1708	35.2865	35.2657	35.2612	35.2448	35.1835	35.1496	35.1475	35.2275	35.1399	35.1843	35.1539	35.1222	35.1811	35.1006	35.0425	34.9795	34.9645	35.0703	34.9968	35.0468	34.963	34.9358	34.9449	34.8724	34.884	35.0491	34.9198	34.9704	34.9554	34.9232	34.9047	34.8506	34.8541	34.9527	34.9022	34.8266	34.782	34.7511	34.8083	34.8095	35.8456
Ssp-AAtu_035-Ex1-cssl.clmp.r1r2_fastp	36.5919	36.376	36.3858	36.3981	36.4278	36.4127	36.3917	36.4056	36.3983	36.3903	36.4272	36.4234	36.4249	36.4016	36.3682	36.3655	36.3621	36.3576	36.3696	36.3594	36.3496	36.3495	36.331	36.2896	36.2833	36.2752	36.261	36.2581	36.221	36.216	36.1842	36.1896	36.1706	36.1599	36.1666	36.1625	36.1556	36.1176	36.1136	36.071	36.1035	36.1071	36.0914	36.066	36.0526	36.0456	36.0123	35.9983	35.9546	35.9792	36.0029	35.9802	35.9706	35.9486	35.9395	35.9157	35.8979	35.897	35.8971	35.8915	35.8968	35.8861	35.8955	35.858	35.8559	35.8348	35.8438	35.834	35.7946	35.8121	35.8156	35.7455	35.7331	35.6941	35.6895	35.747	35.7422	35.714	35.6994	35.6874	35.6778	35.6433	35.6181	35.6038	35.6594	35.6546	35.6441	35.6062	35.5671	35.5131	35.561	35.5187	35.5211	35.5173	35.5088	35.5432	35.5251	35.5172	35.4703	35.3526	35.3999	35.4376	35.4221	35.4165	35.4641	35.4203	35.3803	35.3267	35.3104	35.3718	35.376	35.352	35.3401	35.3549	35.2865	35.2605	35.3451	35.2603	35.2771	35.2559	35.2567	35.2701	35.2032	35.1598	35.0093	35.0741	35.108	35.0557	35.0953	35.0498	35.0407	35.0051	34.9923	35.0019	35.1444	35.0113	34.9874	34.9927	34.944	34.8973	34.8849	34.8985	34.9186	34.8402	34.8873	34.7629	34.7947	34.7522	34.7968	35.8433
Ssp-AAtu_036-Ex1-cssl.clmp.r1r2_fastp	36.5816	36.384	36.395	36.4096	36.4284	36.4319	36.4062	36.4011	36.4087	36.4015	36.4232	36.4349	36.4222	36.4033	36.3515	36.381	36.3673	36.378	36.3811	36.3666	36.3644	36.3399	36.3258	36.2805	36.283	36.2744	36.258	36.2474	36.2117	36.2084	36.193	36.1873	36.1683	36.1575	36.1542	36.1466	36.13	36.0896	36.085	36.0659	36.1049	36.0932	36.0761	36.0469	36.0328	36.0322	35.9907	35.9837	35.9494	35.9546	35.9834	35.9765	35.9606	35.9275	35.936	35.9175	35.8927	35.8751	35.905	35.867	35.8895	35.8671	35.8775	35.8649	35.838	35.8266	35.8352	35.8098	35.79	35.7947	35.8041	35.7448	35.7435	35.6836	35.6695	35.7291	35.7257	35.6851	35.6874	35.6703	35.6575	35.6297	35.5894	35.5916	35.6332	35.6368	35.6223	35.5909	35.55	35.4864	35.5379	35.5149	35.4901	35.4965	35.5009	35.4953	35.5012	35.4958	35.4378	35.3071	35.3723	35.4211	35.3713	35.3915	35.4141	35.3834	35.3411	35.2741	35.2693	35.3692	35.3373	35.3365	35.2992	35.2769	35.2187	35.2106	35.2576	35.207	35.1988	35.1904	35.1742	35.2336	35.1575	35.0834	35.0026	34.9889	35.0311	35.0091	35.0092	34.9922	34.9462	34.9865	34.9061	34.9062	35.0857	34.9263	34.915	34.9438	34.9224	34.8357	34.8722	34.8412	34.8823	34.8529	34.7922	34.7639	34.7831	34.7592	34.7408	35.8324
Ssp-AAtu_037-Ex1-cssl.clmp.r1r2_fastp	36.5617	36.3693	36.3671	36.3887	36.4148	36.4182	36.4017	36.4017	36.3962	36.3844	36.4259	36.4184	36.4236	36.3846	36.3534	36.3601	36.3467	36.3593	36.3657	36.3414	36.3346	36.3194	36.2981	36.2532	36.2571	36.2322	36.2281	36.1907	36.1627	36.1617	36.1223	36.1155	36.0971	36.0779	36.083	36.077	36.0695	36.0332	36.0181	35.9793	36.0116	36.0078	35.9699	35.9448	35.941	35.9265	35.8885	35.8607	35.8143	35.8337	35.8575	35.8513	35.8209	35.8012	35.8148	35.771	35.7346	35.7194	35.7305	35.7026	35.716	35.6953	35.7239	35.6674	35.637	35.6411	35.6491	35.6051	35.5988	35.5928	35.5814	35.5389	35.5289	35.4437	35.4631	35.5097	35.508	35.467	35.4639	35.404	35.4175	35.3906	35.3238	35.3402	35.4026	35.3565	35.3557	35.3035	35.2759	35.2028	35.2647	35.2274	35.2274	35.1725	35.1796	35.2117	35.1737	35.1768	35.0992	34.9789	35.0436	35.0936	35.044	35.0424	35.1	35.0371	35.003	34.9142	34.9	35.0266	34.9827	34.9559	34.9537	34.9351	34.8806	34.8557	34.9539	34.8694	34.8585	34.8753	34.8705	34.8779	34.8103	34.7452	34.574	34.633	34.7317	34.6801	34.6813	34.6005	34.5892	34.5617	34.5668	34.5368	34.7275	34.5894	34.5562	34.5677	34.4921	34.5138	34.4856	34.4817	34.5075	34.4527	34.4117	34.3605	34.3785	34.3547	34.3899	35.691
Ssp-AAtu_038-Ex1-cssl.clmp.r1r2_fastp	36.5338	36.3439	36.3292	36.3545	36.376	36.3788	36.3661	36.3777	36.3638	36.3532	36.3725	36.3889	36.378	36.3417	36.3065	36.3193	36.3138	36.3349	36.3177	36.3201	36.3029	36.3032	36.278	36.2355	36.2348	36.2333	36.2074	36.2064	36.1497	36.1707	36.1543	36.1383	36.1153	36.1014	36.1042	36.1173	36.0883	36.0619	36.0669	36.0263	36.0793	36.0603	36.0475	36.0164	35.9867	36.0009	35.9472	35.9324	35.9246	35.9494	35.9495	35.9434	35.9217	35.9253	35.8946	35.8875	35.8671	35.8568	35.8771	35.8489	35.8533	35.8515	35.8566	35.8387	35.8152	35.7886	35.8334	35.7934	35.7591	35.7841	35.7734	35.748	35.7238	35.6775	35.6642	35.7249	35.731	35.711	35.6891	35.6673	35.6615	35.6256	35.6158	35.6049	35.6525	35.6694	35.6318	35.572	35.5889	35.5235	35.5709	35.5486	35.529	35.5129	35.5254	35.5519	35.5339	35.5504	35.4751	35.3572	35.4073	35.4628	35.3863	35.4201	35.4514	35.4094	35.3746	35.3027	35.3278	35.4072	35.3869	35.3434	35.3718	35.3359	35.2568	35.2681	35.3318	35.2986	35.2899	35.3169	35.259	35.2694	35.2286	35.2053	35.023	35.0775	35.1534	35.1204	35.1008	35.1117	35.053	35.0379	35.0168	35.0081	35.1711	35.0513	35.0344	35.0614	35.017	34.9576	34.9213	34.963	35.0215	34.9643	34.9528	34.9136	34.8378	34.8765	34.8498	35.8617
Ssp-AAtu_039-Ex1-cssl.clmp.r1r2_fastp	36.5146	36.2924	36.2842	36.3089	36.3363	36.3475	36.3226	36.3273	36.3242	36.3185	36.3508	36.3403	36.3358	36.3201	36.2783	36.2815	36.2809	36.2918	36.2996	36.2811	36.2604	36.2483	36.2462	36.2041	36.2002	36.1739	36.1668	36.1408	36.1274	36.1217	36.1163	36.1064	36.055	36.0718	36.0849	36.08	36.0522	36.0237	36.0315	36.001	36.0424	36.0364	36.024	35.973	35.9862	35.9615	35.9382	35.926	35.8836	35.9007	35.9365	35.9356	35.8885	35.8937	35.8767	35.8625	35.8273	35.8422	35.8693	35.8169	35.8495	35.8251	35.8365	35.8202	35.7868	35.7802	35.8106	35.7727	35.7694	35.7644	35.7487	35.7258	35.6889	35.6655	35.6517	35.72	35.7157	35.6552	35.651	35.6637	35.6282	35.6108	35.5881	35.5771	35.6699	35.6381	35.6157	35.595	35.5697	35.4999	35.5416	35.5409	35.5043	35.5029	35.5101	35.5297	35.5052	35.5436	35.4601	35.3423	35.4185	35.4358	35.4296	35.4483	35.4633	35.4418	35.393	35.3407	35.3524	35.465	35.4105	35.3453	35.3916	35.3489	35.3181	35.3247	35.3327	35.3051	35.3398	35.3008	35.3144	35.3117	35.2694	35.1943	35.1506	35.1674	35.1583	35.2084	35.1805	35.1375	35.1362	35.1422	35.0859	35.1455	35.2735	35.1167	35.1602	35.1371	35.1157	35.0613	35.0444	35.028	35.0212	35.0783	35.0654	34.9961	34.955	34.978	34.9837	35.92
Ssp-AAtu_040-Ex1-cssl.clmp.r1r2_fastp	36.6443	36.4604	36.4705	36.4784	36.4907	36.4913	36.4685	36.4872	36.4747	36.4691	36.4897	36.5013	36.498	36.4819	36.4397	36.462	36.4428	36.4387	36.4455	36.4464	36.4361	36.436	36.4121	36.3689	36.366	36.3651	36.3506	36.3351	36.3183	36.3011	36.2764	36.2945	36.2725	36.2662	36.2714	36.2616	36.2543	36.2272	36.2294	36.1996	36.218	36.2236	36.222	36.182	36.1984	36.1861	36.1594	36.1555	36.104	36.1253	36.1469	36.1337	36.126	36.1045	36.1033	36.0877	36.0514	36.0576	36.0855	36.0541	36.0672	36.055	36.0576	36.0332	36.0201	36.0049	36.0188	36.004	35.9708	35.9906	35.9766	35.9624	35.9361	35.8637	35.875	35.9189	35.9288	35.8846	35.881	35.8771	35.8696	35.8446	35.7888	35.7749	35.8521	35.8453	35.8308	35.7704	35.7625	35.7089	35.7525	35.7368	35.727	35.7113	35.7107	35.7146	35.6976	35.7082	35.6639	35.5463	35.5943	35.6711	35.63	35.6375	35.6274	35.6093	35.5485	35.5001	35.5081	35.5859	35.5808	35.538	35.536	35.5219	35.4552	35.4713	35.5193	35.4855	35.4533	35.4703	35.4418	35.4759	35.4115	35.3888	35.2532	35.2703	35.3154	35.2758	35.312	35.2934	35.2536	35.2321	35.1588	35.2015	35.3716	35.1852	35.2479	35.2244	35.168	35.1904	35.0983	35.1317	35.1345	35.1522	35.1069	35.061	35.0627	35.0288	35.0253	35.9146
Ssp-AAtu_041-Ex1-cssl.clmp.r1r2_fastp	36.4806	36.2783	36.2797	36.3058	36.3417	36.342	36.3289	36.3378	36.3408	36.3164	36.3391	36.3596	36.3387	36.3087	36.2811	36.2851	36.2891	36.2807	36.2835	36.273	36.2555	36.2516	36.2362	36.1988	36.19	36.2112	36.17	36.155	36.1515	36.1207	36.0926	36.1086	36.0908	36.0748	36.0883	36.0809	36.0754	36.0392	36.0404	36.0023	36.0455	36.0236	36.0219	35.9959	35.9817	35.9587	35.9418	35.9238	35.8938	35.9018	35.9278	35.909	35.9061	35.8782	35.8945	35.8717	35.8448	35.8363	35.8663	35.8118	35.8323	35.8401	35.8425	35.8244	35.809	35.7718	35.8009	35.7638	35.7396	35.7371	35.7733	35.7185	35.6932	35.6567	35.6298	35.6865	35.7027	35.6464	35.6659	35.6463	35.6027	35.6017	35.5837	35.5562	35.6261	35.6072	35.5886	35.5517	35.5366	35.4603	35.5064	35.4801	35.5019	35.4632	35.4662	35.4758	35.4644	35.4873	35.4136	35.3369	35.3587	35.3868	35.3764	35.3968	35.409	35.363	35.3417	35.2896	35.2647	35.3826	35.3416	35.3247	35.3264	35.3192	35.2399	35.2613	35.2942	35.2664	35.2841	35.2372	35.2373	35.2593	35.1735	35.1368	35.0559	35.0407	35.1074	35.0772	35.1056	35.0736	35.0636	35.0322	35.0093	35.0174	35.1807	35.0027	35.0282	35.0739	35.0003	35.0078	34.9338	34.9227	35.0164	34.9592	34.9165	34.9122	34.9052	34.8374	34.892	35.8966
Ssp-AAtu_043-Ex1-cssl.clmp.r1r2_fastp	36.427	36.2537	36.2385	36.2668	36.3	36.3177	36.2597	36.2807	36.2748	36.2586	36.3282	36.3143	36.2876	36.2698	36.2272	36.2266	36.2514	36.251	36.2465	36.2355	36.2109	36.191	36.1997	36.1588	36.1382	36.1542	36.1283	36.1246	36.1094	36.0729	36.0881	36.0725	36.0583	36.0326	36.0652	36.018	36.0554	36.0094	35.9871	35.9501	35.9647	36.0172	35.9733	35.9554	35.962	35.9585	35.8862	35.8622	35.8651	35.8855	35.8985	35.8967	35.8684	35.8477	35.8642	35.8432	35.8185	35.7964	35.8216	35.8132	35.8198	35.8116	35.8288	35.7849	35.7672	35.7361	35.7859	35.7871	35.7409	35.7444	35.745	35.695	35.6979	35.6536	35.6125	35.6884	35.7008	35.6471	35.6582	35.6537	35.5814	35.6041	35.5605	35.5666	35.6364	35.641	35.5986	35.5746	35.5289	35.4855	35.5152	35.5258	35.5348	35.4947	35.5236	35.5334	35.5218	35.5365	35.4738	35.3679	35.3805	35.4939	35.4001	35.448	35.4794	35.434	35.413	35.3377	35.3609	35.4869	35.3739	35.3853	35.423	35.3658	35.3536	35.3162	35.4217	35.319	35.3262	35.3684	35.3348	35.3744	35.3043	35.2729	35.151	35.1724	35.2356	35.2181	35.1898	35.1969	35.1758	35.1155	35.1111	35.1037	35.27	35.1397	35.0753	35.1223	35.1359	35.1263	35.0346	35.0882	35.0945	35.0235	35.1156	35.0469	35.0256	35.0939	34.9867	35.9106
Ssp-AAtu_045-Ex1-cssl.clmp.r1r2_fastp	36.5423	36.3265	36.328	36.3579	36.3809	36.374	36.3678	36.3656	36.3754	36.3542	36.3998	36.3905	36.3905	36.3601	36.35	36.3345	36.3251	36.3357	36.3531	36.3183	36.3232	36.3081	36.2786	36.243	36.228	36.2267	36.222	36.1878	36.1583	36.1538	36.1121	36.1118	36.1268	36.0836	36.0838	36.0781	36.0638	36.009	36.0159	35.9748	36.0087	36.0094	35.9933	35.9428	35.9252	35.9267	35.8794	35.8481	35.8046	35.8348	35.8743	35.8307	35.803	35.7919	35.7749	35.7386	35.7108	35.691	35.7151	35.671	35.6916	35.6599	35.7027	35.6361	35.6256	35.6121	35.6125	35.5679	35.581	35.5649	35.539	35.5102	35.4769	35.3897	35.4162	35.468	35.466	35.4247	35.4075	35.3826	35.3769	35.3353	35.2734	35.2834	35.3422	35.3305	35.3336	35.2695	35.2044	35.1475	35.2152	35.1859	35.1825	35.1498	35.1634	35.1905	35.1289	35.1585	35.0753	34.9422	35.0106	35.0529	35.0145	35.0381	35.0449	35.0242	34.9574	34.8811	34.8898	35.0027	34.9639	34.9409	34.9238	34.9481	34.8328	34.8664	34.9377	34.8576	34.827	34.8832	34.8373	34.8401	34.7742	34.7448	34.579	34.6384	34.651	34.6389	34.7109	34.6255	34.5834	34.5759	34.5808	34.5492	34.7302	34.6022	34.5139	34.5777	34.5099	34.5007	34.4415	34.471	34.4525	34.4569	34.4159	34.3817	34.3397	34.4043	34.434	35.6727
Ssp-AAtu_046-Ex1-cssl.clmp.r1r2_fastp	36.641	36.219	36.2641	36.2901	36.3466	36.3608	36.3233	36.3599	36.3518	36.3359	36.3264	36.3081	36.2943	36.2367	36.2834	36.254	36.2237	36.2542	36.2332	36.2032	36.1911	36.1542	36.1556	36.1428	36.1032	36.0371	36.03	36.015	36.0455	36.0035	35.9867	36.0056	35.9934	35.992	35.9234	35.938	35.9466	35.972	35.8658	35.9058	35.9072	35.8669	35.8631	35.8982	35.8287	35.8166	35.8091	35.8029	35.763	35.7774	35.7386	35.726	35.7312	35.7111	35.7101	35.6974	35.6418	35.6722	35.6818	35.6874	35.6401	35.6659	35.5936	35.6001	35.5767	35.634	35.555	35.6662	35.6035	35.5687	35.5894	35.5087	35.5081	35.5165	35.4554	35.5043	35.52	35.4935	35.5554	35.4807	35.4644	35.4803	35.4631	35.4898	35.4589	35.4567	35.4594	35.4481	35.4108	35.3874	35.3687	35.3768	35.4238	35.3754	35.4289	35.3815	35.3828	35.3602	35.3364	35.4165	35.3533	35.3892	35.2956	35.3999	35.3275	35.3399	35.3258	35.3796	35.3018	35.3164	35.2709	35.2908	35.3011	35.2939	35.3136	35.3339	35.2196	35.3318	35.2645	35.274	35.2443	35.2409	35.2323	35.2641	35.2361	35.2467	35.1749	35.2084	35.2508	35.2649	35.1609	35.2304	35.2366	35.151	35.1612	35.1988	35.1126	35.2045	35.1913	35.2015	35.1487	35.0863	35.0064	34.9591	34.9421	35.0119	35.0986	35.1029	35.2883	36.2858
Ssp-AAtu_047-Ex1-cssl.clmp.r1r2_fastp	36.5144	36.3336	36.3325	36.3385	36.3697	36.367	36.3402	36.3585	36.366	36.3471	36.3765	36.3863	36.3852	36.3452	36.3227	36.3087	36.2978	36.3126	36.3176	36.3165	36.2902	36.3123	36.2724	36.2257	36.2274	36.2182	36.2097	36.1785	36.1506	36.1601	36.1281	36.1434	36.0977	36.0892	36.1065	36.0867	36.0753	36.0249	36.0299	36.0163	36.0488	36.0462	36.0239	35.9951	35.9831	35.99	35.9371	35.9155	35.8652	35.9212	35.9402	35.9145	35.8989	35.8543	35.8765	35.8394	35.8194	35.8295	35.8465	35.7963	35.8211	35.8368	35.8184	35.7754	35.7822	35.7657	35.7705	35.7332	35.7161	35.748	35.7542	35.7085	35.6718	35.6078	35.6068	35.6525	35.6658	35.6382	35.6243	35.5974	35.5808	35.5767	35.5266	35.5198	35.5704	35.5685	35.5271	35.5112	35.472	35.4243	35.4644	35.4684	35.4366	35.4246	35.39	35.4275	35.3982	35.4266	35.3467	35.2579	35.3005	35.3503	35.2858	35.3157	35.3034	35.3	35.2716	35.1884	35.2001	35.3	35.2535	35.2461	35.2464	35.2407	35.1751	35.155	35.231	35.1733	35.1971	35.151	35.1748	35.1653	35.124	35.0599	34.9787	34.9666	34.9848	35.0208	34.9911	34.9953	34.9571	34.9724	34.9307	34.9173	35.1007	35.0134	34.958	34.9947	34.9217	34.8907	34.8533	34.883	34.9425	34.9057	34.8622	34.8119	34.7782	34.802	34.79	35.872
Ssp-AAtu_048-Ex1-cssl.clmp.r1r2_fastp	36.5687	36.4071	36.3852	36.4057	36.4188	36.4233	36.4009	36.4113	36.404	36.3912	36.4331	36.4193	36.4303	36.4047	36.3636	36.3707	36.3585	36.3708	36.3823	36.3588	36.3547	36.3475	36.3247	36.2749	36.2841	36.2815	36.249	36.2404	36.2278	36.2061	36.189	36.1684	36.1567	36.1453	36.1643	36.1495	36.1437	36.113	36.111	36.0586	36.085	36.1016	36.0757	36.0478	36.0498	36.0376	35.989	35.9769	35.9395	35.9669	35.9827	35.9926	35.9467	35.9409	35.9448	35.8988	35.8848	35.8915	35.8878	35.8728	35.8728	35.8806	35.896	35.8576	35.8349	35.8194	35.8419	35.8203	35.7833	35.789	35.8003	35.7453	35.7347	35.681	35.6726	35.7308	35.7251	35.688	35.6985	35.6688	35.6561	35.6357	35.5902	35.5742	35.6464	35.6438	35.6155	35.5873	35.5576	35.4657	35.5637	35.5215	35.5062	35.4825	35.4747	35.5166	35.4988	35.5077	35.445	35.3306	35.3684	35.444	35.3769	35.4133	35.4222	35.3902	35.3379	35.2738	35.2595	35.3751	35.3245	35.3469	35.2985	35.3128	35.224	35.2541	35.2881	35.2182	35.2224	35.2434	35.2026	35.2412	35.1566	35.1433	34.9993	35.0383	35.0345	35.0738	35.0863	35.0164	35.0134	35.0284	34.9457	34.9783	35.1188	35.0063	34.9676	34.9896	34.9007	34.8996	34.8623	34.8617	34.9119	34.8542	34.8378	34.7949	34.7488	34.7765	34.7953	35.8324
Ssp-AAtu_049-Ex1-cssl.clmp.r1r2_fastp	36.4633	36.2343	36.2151	36.2456	36.2648	36.2602	36.2599	36.267	36.245	36.2542	36.2712	36.2939	36.2784	36.2425	36.2175	36.2071	36.2124	36.2189	36.2287	36.2067	36.1903	36.1734	36.1481	36.1017	36.0888	36.106	36.055	36.0725	36.0312	36.0282	35.9873	35.9969	35.9959	35.9872	35.9894	35.9592	35.9458	35.9381	35.9054	35.8875	35.9163	35.9264	35.9031	35.869	35.8521	35.8605	35.8435	35.7894	35.7718	35.7801	35.8078	35.8028	35.7847	35.7589	35.7369	35.7467	35.734	35.6965	35.7309	35.6874	35.6858	35.7089	35.6912	35.681	35.6556	35.6515	35.6501	35.6374	35.6172	35.5945	35.6363	35.5622	35.5899	35.5386	35.5105	35.5669	35.5574	35.5354	35.521	35.5122	35.4855	35.4417	35.4375	35.4122	35.4862	35.5233	35.4621	35.4431	35.418	35.3515	35.3611	35.3722	35.3871	35.3649	35.3386	35.3649	35.3414	35.3592	35.2584	35.2039	35.2298	35.2568	35.2052	35.2669	35.271	35.2985	35.2339	35.136	35.144	35.2837	35.222	35.1915	35.2201	35.1846	35.1325	35.1749	35.2133	35.1293	35.1455	35.1601	35.078	35.1484	35.0827	35.0264	34.9348	34.9118	35.0135	34.974	34.9644	34.9372	34.9803	34.9044	34.9349	34.8731	35.0452	34.9578	34.9092	34.9328	34.9098	34.8528	34.8186	34.8089	34.8943	34.894	34.7966	34.7969	34.7549	34.7315	34.7957	35.8337
Ssp-AAtu_050-Ex1-cssl.clmp.r1r2_fastp	36.5502	36.3712	36.3736	36.3924	36.4058	36.4104	36.3913	36.3886	36.3804	36.376	36.4047	36.4067	36.4129	36.3743	36.3406	36.3502	36.3479	36.3507	36.3601	36.3361	36.326	36.3286	36.2926	36.2587	36.2469	36.2528	36.222	36.2115	36.1769	36.1778	36.1483	36.1482	36.1183	36.1194	36.1191	36.1112	36.0976	36.0525	36.061	36.0079	36.041	36.0474	36.0259	36.0055	35.9861	35.9999	35.9436	35.9246	35.8794	35.9042	35.9321	35.9166	35.893	35.8806	35.8646	35.8323	35.8095	35.7991	35.812	35.7833	35.81	35.7891	35.7853	35.7644	35.7505	35.7334	35.7468	35.7115	35.7043	35.7135	35.6841	35.6496	35.6479	35.562	35.5795	35.6283	35.6046	35.5771	35.5742	35.5415	35.537	35.5212	35.4725	35.4712	35.5363	35.5274	35.5092	35.4685	35.4301	35.3631	35.4081	35.4094	35.3869	35.3623	35.3672	35.3897	35.3686	35.39	35.3195	35.1729	35.232	35.3249	35.2677	35.2676	35.2976	35.2649	35.2147	35.116	35.1544	35.2401	35.2083	35.2083	35.1931	35.1975	35.1108	35.108	35.1944	35.1249	35.1025	35.1052	35.0828	35.1107	35.037	34.9905	34.854	34.8827	34.9269	34.9315	34.9512	34.9084	34.84	34.8643	34.8177	34.8365	35.005	34.8859	34.8287	34.8498	34.8306	34.779	34.6983	34.772	34.756	34.7124	34.7088	34.6304	34.6119	34.627	34.5868	35.7735
Ssp-AAtu_051-Ex1-cssl.clmp.r1r2_fastp	36.5468	36.3241	36.3075	36.3508	36.3591	36.3651	36.3454	36.3592	36.3475	36.3325	36.3752	36.3618	36.3616	36.3393	36.3026	36.3124	36.2887	36.3065	36.3214	36.2911	36.2902	36.2737	36.255	36.2079	36.2104	36.2016	36.1816	36.181	36.1359	36.1383	36.1183	36.1111	36.1159	36.0845	36.0997	36.0831	36.0823	36.0483	36.0292	36.01	36.0416	36.0486	36.0483	36.0047	36.001	35.9957	35.9541	35.9417	35.908	35.9293	35.9325	35.9272	35.8991	35.9016	35.8764	35.8597	35.8632	35.8408	35.8481	35.8237	35.8583	35.817	35.8222	35.8003	35.7984	35.771	35.7858	35.7618	35.7449	35.738	35.7383	35.7053	35.6777	35.6353	35.6362	35.6905	35.6789	35.632	35.6455	35.6239	35.6212	35.6097	35.5499	35.5414	35.6025	35.5924	35.5848	35.5445	35.5225	35.4826	35.4931	35.4931	35.4617	35.4453	35.4541	35.4639	35.452	35.4581	35.3839	35.2863	35.3481	35.3635	35.3734	35.361	35.3912	35.3442	35.3095	35.2524	35.1905	35.3329	35.3113	35.2579	35.2816	35.2963	35.1992	35.1941	35.2841	35.1827	35.2264	35.2389	35.2205	35.1747	35.1948	35.1168	34.9963	35.0162	35.0458	35.0109	35.0716	35.0131	34.953	34.9642	34.972	34.9495	35.0657	35.0118	34.9225	34.9571	34.962	34.8811	34.8164	34.8126	34.9218	34.8666	34.8553	34.7928	34.8139	34.7649	34.767	35.841
Ssp-AAtu_052-Ex1-cssl.clmp.r1r2_fastp	36.4872	36.2956	36.2678	36.2944	36.315	36.3185	36.2947	36.3135	36.2994	36.2748	36.3161	36.3083	36.317	36.2818	36.2642	36.2564	36.2529	36.2554	36.2676	36.2291	36.2177	36.2328	36.2053	36.1627	36.1618	36.165	36.1423	36.1284	36.1187	36.0889	36.0842	36.0711	36.0407	36.0384	36.056	36.0439	36.0335	36.013	35.9965	35.9599	35.9937	36.0033	35.9712	35.9778	35.9465	35.943	35.916	35.8873	35.879	35.8773	35.9069	35.9073	35.8758	35.8395	35.8704	35.8406	35.8148	35.8154	35.8365	35.7851	35.808	35.8015	35.821	35.7805	35.7735	35.7614	35.7485	35.7717	35.7161	35.725	35.7424	35.7102	35.7129	35.659	35.6195	35.6872	35.7016	35.6844	35.6565	35.6579	35.6245	35.6163	35.5636	35.5564	35.613	35.6532	35.5948	35.57	35.5414	35.4785	35.5355	35.5254	35.4796	35.5212	35.4938	35.4981	35.4927	35.5404	35.4475	35.3762	35.4151	35.466	35.4134	35.4643	35.4619	35.4535	35.3688	35.3533	35.3164	35.4376	35.4317	35.4266	35.4491	35.3654	35.326	35.334	35.4312	35.3324	35.3058	35.3121	35.3011	35.3805	35.287	35.2685	35.1875	35.121	35.2116	35.2174	35.2323	35.1698	35.1988	35.1474	35.1306	35.1297	35.3032	35.1913	35.1477	35.2137	35.1416	35.1011	35.0722	35.0799	35.1575	35.1273	35.0975	35.0739	35.1042	35.0472	35.0436	35.938
Ssp-CGub_004-Ex1-cssl.clmp.r1r2_fastp	36.4523	36.2802	36.2821	36.2865	36.3127	36.301	36.2852	36.2792	36.2935	36.2637	36.3136	36.3086	36.3127	36.272	36.2484	36.265	36.2738	36.2723	36.2742	36.2667	36.2536	36.2573	36.2367	36.2002	36.1818	36.2002	36.179	36.1889	36.1497	36.1538	36.1171	36.1315	36.1191	36.1035	36.119	36.1073	36.1021	36.0483	36.0499	36.0141	36.0351	36.0706	36.0677	36.0138	36.0309	36.0265	35.9921	35.9815	35.9349	35.9698	36.01	35.9969	35.9552	35.9392	35.9497	35.916	35.8914	35.9076	35.9121	35.9077	35.9172	35.9082	35.9051	35.8945	35.8741	35.8622	35.8844	35.8563	35.8466	35.8695	35.8477	35.8141	35.8069	35.744	35.7598	35.8242	35.8247	35.7802	35.7708	35.753	35.7341	35.7312	35.6818	35.6971	35.7745	35.7506	35.7453	35.7395	35.6915	35.615	35.6728	35.6863	35.6802	35.6272	35.6773	35.6469	35.6736	35.6536	35.6001	35.5022	35.5755	35.634	35.5746	35.6103	35.6399	35.6113	35.551	35.4662	35.4862	35.5815	35.5284	35.5281	35.5507	35.5537	35.4932	35.467	35.574	35.4834	35.4666	35.4657	35.4511	35.5125	35.4346	35.4024	35.2519	35.2688	35.3497	35.3045	35.3451	35.2691	35.2571	35.2637	35.1972	35.1746	35.4063	35.2634	35.2266	35.2621	35.21	35.1745	35.123	35.1249	35.2037	35.1393	35.1723	35.0544	35.0866	35.0672	35.0354	35.9297
Ssp-CGub_006-Ex1-cssl.clmp.r1r2_fastp	36.3549	36.1411	36.1143	36.1382	36.1627	36.1635	36.1308	36.15	36.1469	36.1294	36.175	36.1779	36.177	36.1436	36.0981	36.1071	36.0935	36.1078	36.122	36.1003	36.0934	36.0967	36.0748	36.0242	36.0266	36.031	36.0164	36.0035	35.971	35.9698	35.9444	35.9556	35.9328	35.9256	35.9445	35.9358	35.93	35.8865	35.8863	35.848	35.8928	35.8915	35.8855	35.842	35.8414	35.8421	35.7997	35.7886	35.7351	35.7801	35.8101	35.7966	35.7787	35.7584	35.7632	35.734	35.7056	35.7092	35.7291	35.6947	35.7178	35.7096	35.7205	35.6946	35.6796	35.6676	35.6836	35.6507	35.6371	35.6589	35.6597	35.6096	35.5985	35.5387	35.5423	35.6107	35.6147	35.5761	35.5781	35.5616	35.5534	35.5296	35.4913	35.4953	35.5739	35.5692	35.5561	35.5143	35.4878	35.4235	35.4888	35.4692	35.4614	35.4525	35.4619	35.4797	35.4674	35.4825	35.4195	35.2943	35.3605	35.4194	35.3705	35.4043	35.4305	35.4051	35.3565	35.2807	35.2941	35.4076	35.3782	35.3621	35.3607	35.3499	35.2922	35.2817	35.3595	35.2949	35.2915	35.2985	35.2917	35.3161	35.249	35.1919	35.0784	35.1001	35.1584	35.1384	35.1581	35.1125	35.0876	35.087	35.0516	35.0513	35.2314	35.0938	35.0748	35.1031	35.0605	35.0157	34.9827	35.0086	35.0481	35.016	35.0004	34.9298	34.9264	34.9263	34.8949	35.8796
Ssp-CGub_008-Ex1-cssl.clmp.r1r2_fastp	36.421	36.2455	36.2811	36.2682	36.2488	36.2518	36.2424	36.2717	36.2557	36.2708	36.2622	36.2808	36.2701	36.2668	36.2166	36.2478	36.2454	36.2799	36.2273	36.1971	36.2156	36.201	36.195	36.1825	36.1366	36.1263	36.1255	36.1858	36.1548	36.101	36.0954	36.0651	36.0622	36.0867	36.0639	36.1184	36.1202	36.0609	36.0876	35.9734	36.0907	36.0492	36.091	36.0189	36.0394	36.0241	35.9901	36.0162	35.9116	35.9367	36.0054	35.9746	36.0336	35.9296	35.9276	35.9503	35.8898	35.8865	35.8842	35.9049	35.9347	35.8748	35.8772	35.8931	35.8905	35.8877	35.8447	35.8417	35.8214	35.8121	35.8926	35.7538	35.8077	35.7402	35.7318	35.7992	35.8004	35.7884	35.7923	35.7826	35.766	35.7324	35.6992	35.7054	35.7229	35.717	35.7033	35.7034	35.6675	35.6264	35.702	35.7148	35.6374	35.7086	35.6266	35.731	35.6621	35.6981	35.6512	35.4894	35.5931	35.6107	35.5365	35.6224	35.6281	35.6689	35.5384	35.4421	35.523	35.5664	35.5293	35.5982	35.5337	35.4766	35.4307	35.4964	35.498	35.5264	35.5091	35.5766	35.4627	35.5095	35.4395	35.3738	35.261	35.2548	35.3134	35.3017	35.309	35.2793	35.2286	35.2317	35.2348	35.1449	35.4012	35.196	35.2645	35.2075	35.161	35.1276	35.1211	35.1668	35.1821	35.1613	35.2051	35.1252	35.016	35.0379	34.9996	35.8976
Ssp-CGub_009-Ex1-cssl.clmp.r1r2_fastp	36.329	36.1117	36.0858	36.1133	36.1395	36.1327	36.0986	36.1178	36.1098	36.0967	36.1445	36.1499	36.1509	36.111	36.066	36.0763	36.0664	36.0778	36.0935	36.0692	36.0603	36.0628	36.0418	35.9917	35.9943	35.9967	35.9787	35.9634	35.9317	35.9318	35.9089	35.9157	35.8925	35.8859	35.8989	35.893	35.8825	35.8396	35.8381	35.8018	35.8534	35.8488	35.839	35.7985	35.7977	35.7906	35.7463	35.7336	35.6845	35.7253	35.7585	35.7509	35.7279	35.704	35.7087	35.6789	35.6474	35.6464	35.6693	35.6368	35.6617	35.6486	35.664	35.6381	35.6153	35.6068	35.6225	35.586	35.5699	35.588	35.5958	35.5425	35.538	35.4744	35.4712	35.5468	35.5431	35.5036	35.5046	35.4873	35.478	35.4634	35.421	35.4243	35.5044	35.5015	35.4849	35.4435	35.4135	35.3428	35.4125	35.394	35.3848	35.3792	35.3906	35.4072	35.3953	35.4074	35.3399	35.2192	35.2787	35.3407	35.2885	35.3262	35.3604	35.3317	35.2839	35.2059	35.2196	35.3309	35.299	35.2873	35.2838	35.2744	35.2137	35.2092	35.2852	35.2139	35.2191	35.225	35.2119	35.2375	35.174	35.1129	34.9971	35.0182	35.0794	35.0599	35.081	35.0308	35.0098	35.0055	34.9688	34.975	35.1615	35.0159	35.0008	35.0321	34.9853	34.9395	34.9033	34.929	34.9662	34.9332	34.9182	34.855	34.8476	34.8504	34.8267	35.8517
Ssp-CGub_011-Ex1-cssl.clmp.r1r2_fastp	36.3366	36.1322	36.1032	36.151	36.1853	36.1693	36.1506	36.1583	36.1439	36.1468	36.1975	36.1945	36.1699	36.1964	36.1042	36.139	36.1426	36.15	36.1531	36.1322	36.1366	36.1542	36.0979	36.0646	36.0792	36.0752	36.0426	36.0169	35.9928	35.9929	36.0086	35.9997	35.9508	35.9753	35.975	36.0119	35.9627	35.9281	35.928	35.9087	35.9557	35.9449	35.9467	35.886	35.8631	35.8787	35.8209	35.8385	35.779	35.8368	35.8515	35.8353	35.8186	35.8336	35.8043	35.7655	35.7369	35.7409	35.7714	35.7621	35.7475	35.742	35.7768	35.7547	35.7196	35.6873	35.7289	35.7033	35.6889	35.7018	35.6865	35.6499	35.6441	35.5686	35.5641	35.6411	35.6406	35.5917	35.5963	35.5971	35.5977	35.6089	35.5267	35.5751	35.5754	35.6307	35.5785	35.5993	35.5162	35.4569	35.5124	35.4832	35.4924	35.4875	35.5131	35.5068	35.5202	35.518	35.4759	35.2599	35.3894	35.4794	35.4062	35.4496	35.4764	35.4503	35.3616	35.277	35.2864	35.4228	35.3911	35.4116	35.3522	35.4409	35.2925	35.3129	35.367	35.276	35.316	35.2832	35.2943	35.307	35.2773	35.2209	35.0044	35.0809	35.1924	35.1299	35.1752	35.0994	35.0832	35.108	34.9867	35.0097	35.2434	35.0695	35.0805	35.0952	34.9908	34.9732	34.9151	34.9594	35.0548	35.035	35.0008	34.8875	34.8723	34.8969	34.839	35.8454
Ssp-CGub_013-Ex1-cssl.clmp.r1r2_fastp	36.4089	36.1671	36.1326	36.1609	36.1896	36.1881	36.1583	36.1746	36.1677	36.1558	36.2024	36.2068	36.2071	36.1708	36.1302	36.1403	36.1296	36.1403	36.1547	36.1327	36.1255	36.1262	36.1051	36.059	36.0595	36.0618	36.0445	36.0304	36.0016	35.9994	35.9765	35.9873	35.9632	35.9575	35.9683	35.9638	35.9557	35.9154	35.9156	35.8812	35.9278	35.9267	35.9173	35.8782	35.8755	35.8708	35.8293	35.815	35.7707	35.8074	35.8374	35.8289	35.8088	35.791	35.792	35.7624	35.7348	35.7318	35.7569	35.7239	35.75	35.7388	35.7503	35.7275	35.7048	35.6953	35.7143	35.6796	35.6636	35.6816	35.6892	35.6396	35.6351	35.5736	35.5743	35.6418	35.6418	35.6003	35.606	35.5864	35.5796	35.5624	35.5279	35.5294	35.6024	35.601	35.5842	35.5462	35.5186	35.4507	35.5169	35.501	35.4907	35.4851	35.495	35.5098	35.4979	35.5098	35.4449	35.3321	35.3884	35.4467	35.4015	35.4344	35.4631	35.4375	35.3948	35.319	35.3299	35.4361	35.404	35.3925	35.3893	35.3812	35.3239	35.3191	35.3912	35.3236	35.3281	35.3333	35.321	35.3456	35.2829	35.2279	35.1211	35.1387	35.1958	35.1775	35.1976	35.1503	35.1307	35.1276	35.0908	35.0962	35.2686	35.1337	35.1178	35.1497	35.1034	35.0605	35.0267	35.051	35.0891	35.0582	35.043	34.9821	34.976	34.9809	34.9514	35.9059
Ssp-CGub_014-Ex1-cssl.clmp.r1r2_fastp	36.3377	36.047	36.0107	36.0419	36.0692	36.0655	36.0338	36.057	36.051	36.0376	36.0896	36.0874	36.0862	36.0479	36.0071	36.0069	35.9975	36.0167	36.0301	36.0045	35.9961	36.006	35.9821	35.9343	35.9253	35.9354	35.9154	35.9012	35.8704	35.8639	35.8377	35.8529	35.8296	35.8243	35.8343	35.8328	35.8241	35.7806	35.7757	35.7349	35.7868	35.7861	35.7771	35.7374	35.7383	35.7333	35.69	35.6764	35.6247	35.6631	35.6923	35.6777	35.6598	35.6382	35.6433	35.6158	35.5918	35.5877	35.612	35.5736	35.6049	35.5898	35.6041	35.5756	35.5508	35.5413	35.5631	35.5227	35.5164	35.533	35.5389	35.4833	35.4716	35.4125	35.4093	35.482	35.4849	35.4455	35.453	35.4306	35.4201	35.405	35.3688	35.3647	35.4465	35.4422	35.4244	35.3889	35.3572	35.2849	35.3598	35.3384	35.3232	35.3236	35.3302	35.3486	35.3341	35.3519	35.2808	35.1671	35.2264	35.2869	35.2362	35.2685	35.2989	35.2753	35.2275	35.1498	35.164	35.2741	35.2504	35.2407	35.2312	35.2216	35.1634	35.1529	35.2332	35.158	35.1654	35.1678	35.1596	35.1804	35.1251	35.0576	34.9552	34.9697	35.0308	35.0102	35.0284	34.9821	34.9581	34.9528	34.9225	34.9271	35.1087	34.9655	34.9544	34.9811	34.9345	34.8797	34.8549	34.875	34.9141	34.8764	34.8716	34.7988	34.7889	34.797	34.7831	35.8386
Ssp-CGub_015-Ex1-cssl.clmp.r1r2_fastp	36.3204	36.0919	36.0532	36.0813	36.1139	36.1191	36.0825	36.1092	36.0974	36.0832	36.1403	36.136	36.132	36.0998	36.0575	36.055	36.0492	36.0721	36.0901	36.0679	36.0529	36.0603	36.0409	35.9878	35.9894	35.9985	35.982	35.9679	35.9243	35.9389	35.9084	35.9184	35.8951	35.8876	35.9049	35.8993	35.8976	35.8505	35.8526	35.801	35.855	35.8579	35.8409	35.8001	35.8136	35.8018	35.7567	35.7407	35.7018	35.7366	35.7764	35.7654	35.7338	35.7191	35.7218	35.6963	35.6662	35.6565	35.6907	35.6631	35.6901	35.6664	35.6782	35.6528	35.628	35.625	35.6457	35.6056	35.5895	35.6134	35.6156	35.5647	35.5512	35.4818	35.4924	35.5712	35.5705	35.5316	35.5354	35.5214	35.5106	35.4929	35.4491	35.4551	35.5341	35.5335	35.5126	35.4748	35.446	35.3831	35.4364	35.4371	35.4264	35.4081	35.4286	35.4394	35.4322	35.4459	35.3798	35.2503	35.3277	35.3792	35.321	35.3792	35.3925	35.3622	35.3196	35.2455	35.2497	35.3706	35.3402	35.3341	35.3291	35.3199	35.2489	35.2519	35.3344	35.2565	35.2591	35.2644	35.2551	35.2814	35.2113	35.1513	35.0318	35.0482	35.1171	35.1031	35.1189	35.0595	35.0348	35.0496	35.014	35.013	35.2079	35.0568	35.0347	35.065	35.0293	34.9856	34.9429	34.9714	35.0201	34.9849	34.9847	34.9047	34.8911	34.8988	34.8477	35.8648
Ssp-CGub_016-Ex1-cssl.clmp.r1r2_fastp	36.4376	36.2441	36.2216	36.2399	36.2671	36.2585	36.2233	36.2393	36.2367	36.2225	36.2681	36.2696	36.2718	36.2346	36.1952	36.2056	36.1923	36.2031	36.2154	36.1944	36.1868	36.1894	36.1686	36.1237	36.1222	36.1259	36.1097	36.0987	36.0668	36.0674	36.0459	36.0561	36.0311	36.0273	36.0407	36.033	36.0203	35.9841	35.9838	35.9463	35.9878	35.9869	35.976	35.9399	35.9356	35.9319	35.8894	35.8794	35.831	35.8725	35.9008	35.8903	35.871	35.8538	35.8553	35.8271	35.7984	35.7953	35.8194	35.7859	35.8114	35.7998	35.8139	35.7868	35.7674	35.7552	35.7706	35.7418	35.7239	35.7405	35.7444	35.6948	35.6928	35.6283	35.6265	35.6977	35.698	35.6529	35.6549	35.6376	35.6255	35.6163	35.5724	35.5721	35.6479	35.6457	35.6288	35.5874	35.557	35.4936	35.5571	35.5377	35.5308	35.5195	35.5318	35.5451	35.531	35.5464	35.4765	35.3558	35.4203	35.4737	35.4264	35.4569	35.4844	35.4552	35.4159	35.3336	35.3444	35.455	35.4232	35.4079	35.4048	35.3937	35.3338	35.3246	35.3994	35.3237	35.3352	35.333	35.3264	35.349	35.2803	35.2257	35.118	35.1286	35.1875	35.1655	35.1883	35.1407	35.1201	35.1094	35.0635	35.072	35.2528	35.1054	35.0918	35.1171	35.0755	35.0209	34.9866	35.0111	35.0468	35.0189	35.0014	34.9412	34.9322	34.9252	34.8913	35.8742
Ssp-CGub_021-Ex1-cssl.clmp.r1r2_fastp	36.5349	36.4185	36.4211	36.435	36.4365	36.4375	36.4153	36.4297	36.4269	36.4123	36.4491	36.4512	36.4524	36.4222	36.3896	36.3979	36.3918	36.3985	36.4105	36.3939	36.3875	36.3937	36.3715	36.3348	36.3375	36.3336	36.33	36.3167	36.2986	36.2965	36.2738	36.2755	36.2593	36.253	36.2603	36.263	36.2496	36.2171	36.2155	36.1971	36.2241	36.2283	36.2191	36.1857	36.1826	36.1834	36.1551	36.1412	36.0999	36.1316	36.1614	36.1478	36.1328	36.1176	36.1161	36.1022	36.0673	36.0682	36.093	36.064	36.0822	36.0713	36.0898	36.0705	36.0539	36.045	36.0559	36.0362	36.0163	36.0315	36.0393	35.9897	35.9933	35.9226	35.9427	35.9951	36.0022	35.9607	35.9617	35.9523	35.9353	35.9228	35.8865	35.8887	35.9567	35.955	35.9449	35.9148	35.8761	35.8155	35.8774	35.8728	35.859	35.8456	35.8581	35.8754	35.8711	35.8684	35.8108	35.7046	35.7663	35.8118	35.7742	35.7929	35.8227	35.796	35.7617	35.6888	35.6965	35.7841	35.7554	35.7448	35.737	35.724	35.6864	35.6783	35.7481	35.6851	35.6801	35.6744	35.6609	35.6818	35.6342	35.5767	35.4799	35.5084	35.5415	35.5236	35.5374	35.502	35.4734	35.4869	35.4442	35.4422	35.5881	35.4645	35.465	35.4808	35.433	35.3912	35.3649	35.396	35.433	35.3839	35.3768	35.3171	35.3111	35.3094	35.2468	36.0
Ssp-CGub_022-Ex1-cssl.clmp.r1r2_fastp	36.1922	35.8485	35.805	35.8301	35.8671	35.8591	35.8278	35.8519	35.8421	35.8287	35.8815	35.8823	35.8809	35.8371	35.7901	35.7981	35.7823	35.7937	35.8175	35.792	35.779	35.7886	35.759	35.7111	35.7034	35.7088	35.6925	35.6725	35.6354	35.6358	35.6052	35.6213	35.5881	35.5823	35.6037	35.5959	35.5898	35.5361	35.5374	35.4894	35.5447	35.541	35.5319	35.4924	35.4925	35.4836	35.4357	35.4213	35.3746	35.4156	35.439	35.4303	35.411	35.388	35.3903	35.3558	35.3328	35.3323	35.3514	35.3173	35.3436	35.3355	35.3465	35.3175	35.2926	35.2848	35.3054	35.2629	35.2469	35.2654	35.2752	35.2156	35.2071	35.1471	35.1341	35.2168	35.2264	35.1756	35.1766	35.159	35.1534	35.1267	35.0903	35.0923	35.1821	35.183	35.1625	35.1149	35.0856	35.0069	35.0841	35.06	35.0502	35.0478	35.0535	35.0742	35.0531	35.0748	35.0019	34.8903	34.9406	35.005	34.9569	34.9909	35.0289	35.0006	34.9459	34.8655	34.8802	35.0075	34.9726	34.9618	34.9498	34.9416	34.8757	34.8694	34.9581	34.8734	34.8817	34.8956	34.8765	34.9196	34.8437	34.7777	34.6581	34.6674	34.739	34.7228	34.737	34.688	34.6672	34.66	34.6334	34.6344	34.8385	34.6814	34.6704	34.7037	34.6486	34.6062	34.5568	34.5867	34.6377	34.6042	34.581	34.5183	34.5095	34.5214	34.5303	35.7493
Ssp-CGub_024-Ex1-cssl.clmp.r1r2_fastp	36.4737	36.3265	36.304	36.3211	36.3444	36.3341	36.3094	36.3294	36.3244	36.3116	36.3518	36.3568	36.3512	36.3198	36.2834	36.2913	36.2804	36.2931	36.3069	36.2875	36.2837	36.2816	36.2604	36.2136	36.2219	36.227	36.2078	36.1953	36.174	36.1694	36.1483	36.1576	36.1344	36.1304	36.1432	36.1381	36.1286	36.0918	36.0914	36.056	36.0975	36.0972	36.0864	36.0525	36.0496	36.0485	36.009	35.9973	35.954	35.9898	36.0189	36.0106	35.9925	35.9767	35.9807	35.9526	35.9252	35.9212	35.9478	35.9137	35.9385	35.9237	35.9404	35.916	35.894	35.8871	35.9044	35.8752	35.8572	35.8731	35.8801	35.8344	35.8259	35.7603	35.7701	35.833	35.8356	35.7964	35.7992	35.7845	35.7758	35.7593	35.7204	35.7203	35.7893	35.783	35.7736	35.7345	35.7071	35.6476	35.7071	35.6889	35.6771	35.6726	35.6812	35.6951	35.6801	35.6962	35.6377	35.5195	35.5821	35.6309	35.5863	35.6151	35.6403	35.6199	35.575	35.4998	35.5082	35.6127	35.5873	35.5739	35.5668	35.5522	35.5032	35.4961	35.5616	35.5005	35.5063	35.5047	35.495	35.5206	35.4585	35.4039	35.2953	35.3158	35.3684	35.3455	35.3683	35.3203	35.299	35.2931	35.2574	35.2633	35.4305	35.2943	35.2846	35.3063	35.2617	35.2209	35.186	35.2114	35.2449	35.2206	35.2058	35.1367	35.132	35.1272	35.0714	35.9417
Ssp-CGub_027-Ex1-cssl.clmp.r1r2_fastp	36.5024	36.2987	36.2715	36.2908	36.3176	36.311	36.2818	36.3033	36.2995	36.293	36.3316	36.3343	36.331	36.2946	36.2607	36.2727	36.2672	36.2771	36.2868	36.2723	36.2635	36.2687	36.2512	36.2033	36.202	36.2095	36.1901	36.1812	36.1556	36.1535	36.1328	36.1404	36.1226	36.1179	36.1284	36.1202	36.109	36.0748	36.0808	36.0458	36.0839	36.0868	36.0798	36.0452	36.0466	36.0388	36.0081	35.9965	35.9454	35.9799	36.0118	36.0002	35.9837	35.9632	35.9683	35.9424	35.9209	35.9144	35.9404	35.9084	35.9299	35.921	35.9307	35.9076	35.889	35.8796	35.8953	35.8686	35.8568	35.8713	35.8782	35.8297	35.829	35.7652	35.7657	35.8303	35.8346	35.7941	35.7986	35.7853	35.7766	35.7583	35.7273	35.7249	35.791	35.7902	35.7753	35.7408	35.7134	35.658	35.7144	35.7013	35.6869	35.6808	35.6912	35.7087	35.6922	35.706	35.645	35.5345	35.5923	35.6444	35.6028	35.6288	35.6522	35.6269	35.5899	35.5159	35.5363	35.6259	35.6041	35.5912	35.5821	35.5799	35.5265	35.5092	35.5897	35.5212	35.5249	35.527	35.5128	35.5376	35.4802	35.4261	35.3178	35.3367	35.3888	35.3729	35.389	35.3448	35.3288	35.3267	35.2875	35.28	35.4468	35.3218	35.2974	35.3283	35.2884	35.2472	35.2089	35.2333	35.2701	35.2411	35.2276	35.1625	35.1591	35.1538	35.1152	35.9642
Ssp-CGub_030-Ex1-cssl.clmp.r1r2_fastp	36.4611	36.281	36.262	36.2799	36.2982	36.2903	36.2608	36.285	36.2839	36.2672	36.3157	36.3177	36.3174	36.2856	36.2442	36.2531	36.2431	36.2508	36.2675	36.2469	36.2446	36.2462	36.2201	36.1697	36.1761	36.1826	36.1685	36.1525	36.1315	36.1198	36.1098	36.1092	36.0975	36.0828	36.1019	36.0954	36.0816	36.0459	36.0465	36.0043	36.0537	36.0551	36.0495	35.9988	36.0062	36.0015	35.9653	35.9446	35.9034	35.9433	35.9689	35.9585	35.9395	35.9195	35.9255	35.8995	35.8648	35.8705	35.8959	35.8551	35.8821	35.8664	35.8833	35.851	35.833	35.8223	35.8517	35.8189	35.8107	35.8222	35.8217	35.7671	35.7592	35.7006	35.7026	35.7692	35.7752	35.7329	35.7335	35.7212	35.7179	35.6984	35.6504	35.6473	35.7279	35.7188	35.7061	35.666	35.6329	35.5836	35.641	35.624	35.6095	35.6131	35.6126	35.6345	35.6249	35.6296	35.5659	35.4424	35.5116	35.56	35.5123	35.5539	35.5779	35.5515	35.5049	35.4178	35.4382	35.5493	35.5169	35.4968	35.4967	35.4898	35.4314	35.4199	35.4848	35.4254	35.4298	35.4281	35.4177	35.451	35.375	35.3204	35.1953	35.2237	35.2755	35.258	35.2856	35.2288	35.2134	35.2101	35.1666	35.1712	35.3376	35.2144	35.1873	35.2146	35.1744	35.1137	35.0879	35.1078	35.1431	35.1175	35.1095	35.0273	35.0337	35.0278	34.9733	35.8971
Ssp-CGub_031-Ex1-cssl.clmp.r1r2_fastp	36.2909	35.9855	35.9538	35.984	36.0069	36.0014	35.9657	35.9821	35.9777	35.9636	36.0206	36.0188	36.0203	35.9823	35.9322	35.9425	35.9329	35.9459	35.9611	35.9343	35.9216	35.9248	35.8996	35.8462	35.8481	35.851	35.8318	35.816	35.7818	35.7804	35.7481	35.7615	35.7386	35.732	35.7438	35.7454	35.7302	35.6813	35.6782	35.6483	35.7002	35.6982	35.6887	35.6425	35.6358	35.6367	35.5805	35.5718	35.5207	35.5588	35.5981	35.5835	35.5576	35.5356	35.5433	35.5135	35.4805	35.4827	35.5038	35.4635	35.4933	35.4834	35.4939	35.468	35.4407	35.4258	35.4546	35.4157	35.3912	35.4186	35.4175	35.3617	35.3648	35.2955	35.2871	35.3697	35.3694	35.3232	35.3295	35.3096	35.2975	35.2769	35.2418	35.2429	35.3266	35.3248	35.3049	35.2665	35.2386	35.1614	35.2308	35.2098	35.2042	35.199	35.2021	35.2317	35.2221	35.2346	35.1599	35.0423	35.0925	35.1583	35.1106	35.1447	35.1862	35.1551	35.1089	35.0224	35.0408	35.1579	35.1247	35.1122	35.1089	35.102	35.0309	35.0324	35.1073	35.0407	35.0479	35.0456	35.0394	35.0705	34.9959	34.9376	34.8211	34.8327	34.9022	34.8858	34.8999	34.8538	34.8283	34.8246	34.7931	34.7943	34.9918	34.8417	34.8209	34.8569	34.8069	34.7665	34.7181	34.7506	34.7883	34.7547	34.75	34.6742	34.6659	34.668	34.669	35.7947
Ssp-CGub_032-Ex1-cssl.clmp.r1r2_fastp	36.29	36.1038	36.0723	36.1029	36.1272	36.1233	36.0964	36.1137	36.1112	36.0949	36.1437	36.1472	36.1445	36.1063	36.0582	36.0693	36.0597	36.0689	36.0885	36.0639	36.0551	36.057	36.0379	35.9862	35.987	35.9885	35.9698	35.957	35.9248	35.923	35.898	35.9054	35.8848	35.8798	35.8926	35.8914	35.876	35.8334	35.8325	35.7866	35.8365	35.8383	35.8326	35.7901	35.7877	35.7826	35.7409	35.7231	35.6743	35.7206	35.7475	35.7386	35.713	35.6943	35.6965	35.6728	35.6428	35.6422	35.6668	35.627	35.6556	35.6404	35.6561	35.6255	35.6075	35.5932	35.6197	35.5831	35.5685	35.5833	35.5925	35.5352	35.529	35.4583	35.4632	35.5349	35.5456	35.4962	35.5018	35.4868	35.4751	35.4606	35.4125	35.4222	35.4956	35.5005	35.4861	35.4409	35.4147	35.3399	35.4112	35.3974	35.3825	35.3738	35.3833	35.4029	35.3909	35.4057	35.3418	35.213	35.2782	35.3442	35.2914	35.3247	35.3588	35.3296	35.2869	35.1995	35.213	35.3352	35.3024	35.2948	35.287	35.2739	35.2142	35.2033	35.2866	35.2182	35.2228	35.2303	35.2201	35.2481	35.1778	35.1197	35.001	35.0214	35.0816	35.066	35.0829	35.0394	35.0128	35.0149	34.9703	34.9837	35.1673	35.0211	35.006	35.0348	34.9846	34.9388	34.9095	34.9312	34.9678	34.946	34.9251	34.8608	34.8556	34.851	34.8263	35.8446
Ssp-CGub_033-Ex1-cssl.clmp.r1r2_fastp	36.3255	36.0657	36.0276	36.0696	36.0943	36.0975	36.0627	36.082	36.0745	36.06	36.1105	36.1052	36.1091	36.072	36.0273	36.0441	36.0295	36.053	36.0564	36.039	36.0265	36.0339	36.006	35.9591	35.9618	35.9615	35.9462	35.9283	35.9012	35.8973	35.875	35.8829	35.8627	35.852	35.8674	35.8628	35.8594	35.817	35.8036	35.7795	35.8304	35.8153	35.8143	35.7786	35.7693	35.7614	35.7228	35.7066	35.663	35.6993	35.7281	35.7235	35.7036	35.6797	35.696	35.6629	35.6293	35.6217	35.6546	35.6169	35.6464	35.6332	35.6397	35.6271	35.6001	35.5976	35.6097	35.5718	35.5579	35.5795	35.5891	35.5246	35.5256	35.4706	35.4528	35.5235	35.5357	35.4947	35.5012	35.4816	35.4642	35.4434	35.4147	35.4083	35.4808	35.4891	35.4642	35.4256	35.4043	35.3277	35.3991	35.3796	35.3735	35.3517	35.37	35.3942	35.3726	35.3952	35.3242	35.1906	35.2618	35.3225	35.2705	35.3084	35.3355	35.3098	35.273	35.1768	35.1919	35.3124	35.273	35.2638	35.2611	35.244	35.1918	35.1881	35.2572	35.1808	35.187	35.1935	35.1832	35.2023	35.1328	35.0719	34.97	34.974	35.0451	35.0204	35.0421	34.9839	34.9528	34.9589	34.9262	34.9204	35.1188	34.9816	34.9489	34.9845	34.9355	34.8963	34.8437	34.8707	34.9116	34.8863	34.8725	34.8025	34.7874	34.7951	34.7823	35.8318
Ssp-CGub_035-Ex1-cssl.clmp.r1r2_fastp	36.3546	36.1762	36.1504	36.1722	36.1968	36.1894	36.1609	36.18	36.1778	36.1639	36.2079	36.2103	36.211	36.1725	36.1316	36.1416	36.1347	36.1442	36.1628	36.1413	36.1312	36.1325	36.1124	36.0616	36.0691	36.0706	36.0543	36.0385	36.0128	36.0107	35.9892	35.9931	35.9748	35.9683	35.9828	35.9744	35.9655	35.9224	35.9224	35.8863	35.9344	35.9362	35.924	35.8838	35.8835	35.8826	35.8356	35.8235	35.7724	35.8183	35.8477	35.8382	35.8191	35.7978	35.8004	35.7739	35.7457	35.7442	35.7691	35.7311	35.7604	35.7433	35.7584	35.7341	35.7139	35.705	35.7251	35.6878	35.6746	35.6926	35.7016	35.6443	35.6374	35.5724	35.5783	35.6467	35.6507	35.6055	35.6107	35.5942	35.5877	35.5663	35.5268	35.5272	35.609	35.5989	35.5869	35.5447	35.5156	35.4462	35.5185	35.5038	35.4879	35.4828	35.4921	35.5092	35.494	35.5083	35.4423	35.32	35.3851	35.4472	35.3918	35.4229	35.4513	35.4286	35.3835	35.3003	35.3154	35.4236	35.3936	35.3812	35.379	35.3688	35.3113	35.3019	35.3779	35.3085	35.3133	35.3161	35.3027	35.3255	35.2631	35.2052	35.0883	35.1146	35.1683	35.1458	35.1661	35.1165	35.0951	35.094	35.0501	35.062	35.2429	35.0957	35.0787	35.1107	35.0606	35.0164	34.983	35.0114	35.0471	35.0173	35.0047	34.9367	34.9268	34.9338	34.8913	35.8681
Ssp-CGub_036-Ex1-cssl.clmp.r1r2_fastp	36.4458	36.2081	36.1846	36.2034	36.2287	36.2214	36.1939	36.2158	36.208	36.2005	36.2506	36.2495	36.2504	36.2114	36.1758	36.182	36.1769	36.184	36.1996	36.1803	36.1711	36.1756	36.1535	36.1045	36.1118	36.112	36.1005	36.0871	36.0552	36.0515	36.0312	36.0443	36.0191	36.0156	36.0315	36.0286	36.0148	35.9747	35.9781	35.9399	35.9859	35.9861	35.9789	35.9416	35.9428	35.9369	35.8982	35.8843	35.8396	35.8746	35.9034	35.8962	35.8722	35.8578	35.8639	35.8368	35.8049	35.8045	35.8342	35.7937	35.8178	35.8012	35.8163	35.7952	35.7766	35.7638	35.7892	35.7612	35.7392	35.7557	35.7643	35.7104	35.714	35.6389	35.6416	35.7096	35.72	35.6816	35.6812	35.6694	35.6549	35.638	35.5958	35.5953	35.6712	35.673	35.6559	35.6138	35.589	35.5246	35.5889	35.5728	35.5605	35.559	35.5618	35.5764	35.5651	35.5842	35.5196	35.3967	35.4626	35.5151	35.4624	35.5006	35.5317	35.4963	35.4596	35.3842	35.3922	35.5039	35.4715	35.4578	35.4552	35.4438	35.3859	35.3777	35.4468	35.3841	35.3898	35.3899	35.3829	35.4034	35.3491	35.289	35.1675	35.1993	35.2428	35.2266	35.2477	35.195	35.1781	35.1774	35.1358	35.1393	35.311	35.1715	35.1601	35.1789	35.1353	35.0971	35.0543	35.0859	35.1197	35.094	35.079	35.0112	35.0086	35.0055	34.9637	35.9038
Ssp-CGub_038-Ex1-cssl.clmp.r1r2_fastp	36.2307	35.885	35.8314	35.8751	35.911	35.9103	35.8764	35.8937	35.8898	35.8724	35.9335	35.9361	35.932	35.8899	35.8407	35.8536	35.844	35.8588	35.8789	35.849	35.8388	35.8402	35.8177	35.7648	35.7645	35.7677	35.751	35.7332	35.6969	35.6919	35.6666	35.6819	35.6544	35.6483	35.6654	35.6606	35.6478	35.5964	35.5979	35.5605	35.6179	35.6136	35.6025	35.5543	35.5596	35.5522	35.4993	35.4883	35.4367	35.475	35.5101	35.5004	35.4711	35.4514	35.457	35.417	35.3935	35.3912	35.4196	35.3802	35.4102	35.3931	35.4106	35.3838	35.3564	35.3455	35.3676	35.3264	35.3077	35.3335	35.3376	35.2805	35.2708	35.2055	35.1972	35.2813	35.2847	35.2361	35.2407	35.2243	35.211	35.1918	35.148	35.1535	35.2403	35.2396	35.2202	35.1758	35.1469	35.0649	35.1441	35.1229	35.1064	35.1092	35.1164	35.1403	35.1232	35.1385	35.0646	34.9391	34.9951	35.0696	35.0144	35.0541	35.0907	35.0569	35.0073	34.9244	34.9352	35.0637	35.0326	35.0187	35.0158	35.0035	34.9372	34.9285	35.0165	34.9378	34.9443	34.95	34.94	34.9728	34.903	34.8334	34.7144	34.7252	34.7959	34.7756	34.8008	34.7485	34.7254	34.7192	34.6877	34.69	34.896	34.7342	34.7206	34.755	34.7075	34.6559	34.6132	34.6442	34.6934	34.6557	34.641	34.5765	34.5675	34.5708	34.5667	35.756
Ssp-CGub_039-Ex1-cssl.clmp.r1r2_fastp	36.3034	35.9381	35.891	35.9324	35.9672	35.9721	35.9447	35.9575	35.953	35.9374	35.9866	35.9891	35.9908	35.9496	35.9061	35.9139	35.9054	35.9125	35.9298	35.9051	35.8985	35.8958	35.8711	35.8293	35.822	35.8266	35.8065	35.7884	35.7558	35.7482	35.7244	35.7376	35.7076	35.7004	35.7177	35.7077	35.6997	35.6534	35.6515	35.6168	35.667	35.6604	35.6518	35.6086	35.6078	35.605	35.5604	35.5429	35.4994	35.535	35.563	35.5522	35.533	35.5066	35.5114	35.4815	35.4537	35.4566	35.48	35.4388	35.4686	35.4505	35.4642	35.439	35.4134	35.4035	35.4254	35.3913	35.3711	35.3894	35.3996	35.3381	35.3356	35.2761	35.2644	35.3465	35.3555	35.3044	35.313	35.29	35.2836	35.2559	35.2274	35.223	35.3043	35.3014	35.2863	35.2452	35.2189	35.1432	35.2118	35.1946	35.1804	35.1781	35.1805	35.2014	35.1888	35.2044	35.1322	35.0276	35.0752	35.1399	35.0889	35.1217	35.1537	35.1296	35.0773	35.0098	35.0113	35.1325	35.0939	35.0845	35.0845	35.0738	35.0136	35.0049	35.0859	35.0143	35.0152	35.024	35.0088	35.0406	34.9749	34.9143	34.8061	34.8217	34.8792	34.8594	34.8828	34.833	34.8152	34.808	34.7741	34.7786	34.9635	34.8123	34.8018	34.8293	34.7833	34.74	34.6941	34.7218	34.766	34.7301	34.7115	34.6542	34.6387	34.6546	34.6659	35.8079
Ssp-CGub_040-Ex1-cssl.clmp.r1r2_fastp	36.3913	36.2023	36.1944	36.2168	36.2306	36.2456	36.1933	36.2388	36.2229	36.2062	36.2447	36.2655	36.2315	36.2296	36.1951	36.1813	36.164	36.2093	36.1946	36.2029	36.1789	36.1966	36.1874	36.1214	36.1141	36.1157	36.1218	36.0964	36.0766	36.0639	36.0494	36.0774	36.0171	36.0296	36.0212	36.0215	35.9907	35.9849	36.01	35.9544	36.0108	35.9988	35.9784	35.9505	35.953	35.9449	35.8841	35.879	35.8105	35.8963	35.9058	35.9101	35.8855	35.8784	35.8613	35.8511	35.8127	35.8279	35.8388	35.7908	35.809	35.8307	35.8129	35.8029	35.7956	35.8064	35.8342	35.788	35.7376	35.777	35.803	35.7054	35.7461	35.6393	35.6389	35.7418	35.7412	35.669	35.7013	35.6524	35.663	35.6574	35.6171	35.5935	35.6409	35.7015	35.6528	35.6058	35.6158	35.5247	35.5732	35.5848	35.5845	35.5383	35.593	35.5682	35.603	35.6026	35.4767	35.3834	35.4954	35.5052	35.4477	35.4769	35.5311	35.5054	35.485	35.3548	35.3585	35.5079	35.468	35.4752	35.4979	35.4441	35.3509	35.3712	35.4452	35.3681	35.3923	35.3666	35.3349	35.3862	35.3364	35.2572	35.1158	35.1307	35.2127	35.202	35.2258	35.1511	35.2131	35.1362	35.0826	35.1012	35.2772	35.1519	35.1202	35.1425	35.0782	35.0673	35.0287	35.0264	35.0983	35.0595	35.0191	34.9467	34.9297	34.9967	34.9153	35.8753
Ssp-CGub_041-Ex1-cssl.clmp.r1r2_fastp	36.2334	35.9232	35.8921	35.9197	35.9483	35.9404	35.907	35.9233	35.9199	35.908	35.9613	35.9634	35.9627	35.9183	35.8726	35.8851	35.8774	35.8891	35.9096	35.8835	35.8699	35.8733	35.8498	35.7949	35.7985	35.8038	35.7863	35.77	35.7305	35.7316	35.7025	35.7125	35.6874	35.6832	35.7013	35.6959	35.6828	35.6346	35.637	35.597	35.6525	35.647	35.6325	35.5875	35.5875	35.586	35.5354	35.5221	35.4704	35.5134	35.5506	35.5382	35.5122	35.4891	35.4978	35.4593	35.4318	35.4304	35.4601	35.4216	35.45	35.4359	35.4522	35.4224	35.3984	35.3869	35.4128	35.3707	35.3551	35.377	35.384	35.323	35.3169	35.2438	35.2439	35.3284	35.3334	35.2833	35.2886	35.2699	35.2601	35.2359	35.1954	35.1972	35.2861	35.285	35.2651	35.2229	35.1922	35.1148	35.1924	35.1741	35.1624	35.1542	35.1637	35.1868	35.1726	35.1917	35.1134	34.9797	35.0486	35.1174	35.0621	35.1013	35.1381	35.1077	35.0564	34.9687	34.9847	35.1114	35.081	35.0656	35.0591	35.0509	34.984	34.9784	35.064	34.9863	34.996	34.9977	34.9906	35.0162	34.9454	34.8817	34.7557	34.7753	34.8461	34.8245	34.8499	34.7965	34.772	34.7705	34.7306	34.7385	34.9406	34.7811	34.7682	34.8029	34.7524	34.7026	34.6605	34.6945	34.7383	34.7042	34.6898	34.6208	34.615	34.6195	34.6011	35.7606
Ssp-CGub_042-Ex1-cssl.clmp.r1r2_fastp	36.4091	36.2192	36.2032	36.2167	36.2371	36.2311	36.1955	36.2252	36.2162	36.2059	36.2513	36.2538	36.2545	36.2107	36.173	36.1842	36.1763	36.1878	36.1983	36.1834	36.1702	36.179	36.1563	36.1054	36.1112	36.1135	36.1029	36.0898	36.0633	36.0596	36.0367	36.0414	36.0235	36.0181	36.0343	36.0252	36.0126	35.9745	35.9782	35.9447	35.9823	35.9815	35.9761	35.9367	35.944	35.9439	35.8945	35.8807	35.8378	35.8718	35.9036	35.895	35.8693	35.859	35.8601	35.832	35.7942	35.8069	35.8234	35.7904	35.8149	35.8051	35.8177	35.7912	35.7702	35.7603	35.7749	35.7475	35.7349	35.754	35.7622	35.709	35.7014	35.6308	35.642	35.7019	35.71	35.6693	35.6703	35.644	35.6448	35.6342	35.5888	35.5863	35.6679	35.6627	35.6484	35.6167	35.5804	35.5178	35.5811	35.5685	35.5595	35.546	35.5615	35.5731	35.5665	35.5706	35.5075	35.389	35.4523	35.5056	35.4549	35.4962	35.5178	35.494	35.4565	35.3689	35.3891	35.4926	35.4647	35.4516	35.4526	35.4376	35.3777	35.3701	35.4491	35.3712	35.3878	35.3845	35.377	35.3964	35.3338	35.2813	35.1632	35.1926	35.2386	35.2159	35.2452	35.1862	35.1626	35.156	35.1233	35.1192	35.2974	35.1627	35.1449	35.1732	35.1252	35.0842	35.0454	35.0837	35.1119	35.0925	35.0674	34.9977	35.004	34.9899	34.9458	35.8873
Ssp-CGub_043-Ex1-cssl.clmp.r1r2_fastp	36.2844	35.9691	35.9381	35.9841	36.0132	36.0058	35.9721	35.9964	35.995	35.9802	36.0345	36.037	36.0329	35.9901	35.9466	35.9613	35.9498	35.9647	35.9826	35.9562	35.9459	35.9495	35.9258	35.8751	35.8781	35.88	35.8629	35.85	35.8136	35.8101	35.7834	35.7967	35.7716	35.7686	35.7819	35.7776	35.7647	35.7195	35.7243	35.6874	35.7401	35.7382	35.7265	35.6834	35.6844	35.6815	35.632	35.6174	35.566	35.6087	35.6405	35.6311	35.608	35.5836	35.5907	35.5584	35.5315	35.5281	35.5562	35.5182	35.5503	35.5314	35.5518	35.523	35.498	35.486	35.5081	35.4711	35.4533	35.4754	35.4816	35.426	35.4164	35.3499	35.3487	35.4271	35.4315	35.3872	35.3902	35.3724	35.3602	35.3434	35.3049	35.3054	35.3891	35.3879	35.3715	35.3287	35.3007	35.227	35.2981	35.2809	35.2697	35.2653	35.2761	35.2947	35.2804	35.2986	35.224	35.0985	35.1647	35.2343	35.1793	35.2143	35.2482	35.2265	35.1707	35.0882	35.1071	35.2255	35.1972	35.1849	35.1769	35.1701	35.1048	35.0936	35.1771	35.1058	35.1121	35.1221	35.1074	35.1361	35.069	35.0089	34.8874	34.9048	34.9727	34.9514	34.976	34.9218	34.9006	34.9015	34.8611	34.8675	35.0622	34.912	34.8962	34.9274	34.8787	34.8363	34.7938	34.8279	34.867	34.838	34.8238	34.752	34.7483	34.7496	34.7268	35.8114
Ssp-CGub_049-Ex1-cssl.clmp.r1r2_fastp	36.4544	36.2946	36.27	36.2866	36.3225	36.3055	36.2756	36.2898	36.2976	36.2846	36.3261	36.3314	36.3417	36.2947	36.2525	36.2941	36.2669	36.2885	36.2994	36.2723	36.263	36.2668	36.2678	36.195	36.2026	36.2137	36.1911	36.1743	36.1652	36.1624	36.1463	36.1421	36.1455	36.0942	36.1343	36.1225	36.1334	36.0869	36.0568	36.0422	36.104	36.0951	36.0938	36.0467	36.0317	36.0332	35.9904	35.9889	35.9275	35.968	35.9943	35.9964	35.9862	35.9572	35.9353	35.9749	35.9046	35.8955	35.9371	35.8805	35.8899	35.9006	35.92	35.8685	35.8457	35.8583	35.8894	35.8478	35.8428	35.8391	35.8468	35.8304	35.7949	35.7389	35.7292	35.7848	35.8045	35.7789	35.771	35.769	35.7395	35.7219	35.6546	35.7045	35.735	35.756	35.7417	35.6983	35.6721	35.595	35.6933	35.6429	35.6606	35.6339	35.6308	35.66	35.633	35.6782	35.5847	35.4611	35.5807	35.6015	35.5382	35.5894	35.5854	35.5542	35.55	35.4233	35.4594	35.5646	35.5216	35.4978	35.4982	35.4793	35.4319	35.4246	35.5179	35.4686	35.4563	35.4564	35.4307	35.4712	35.3758	35.3182	35.2013	35.2188	35.2804	35.2487	35.2653	35.2167	35.2223	35.2241	35.1711	35.152	35.3197	35.1948	35.1539	35.2085	35.1599	35.0684	35.0661	35.1064	35.1622	35.0927	35.0531	34.9898	35.0043	35.0057	35.0053	35.8659
Ssp-CGub_050-Ex1-cssl.clmp.r1r2_fastp	36.5759	36.4228	36.4055	36.4153	36.4375	36.4293	36.4049	36.4256	36.421	36.4064	36.4499	36.4472	36.4487	36.4161	36.3923	36.3926	36.3825	36.3963	36.4067	36.39	36.3852	36.383	36.3695	36.3255	36.3278	36.3348	36.3209	36.3066	36.2854	36.2851	36.2664	36.27	36.2495	36.2477	36.2565	36.2548	36.2437	36.2127	36.2125	36.1815	36.2189	36.2208	36.2091	36.1824	36.1785	36.1805	36.1413	36.1261	36.0859	36.1253	36.1459	36.1408	36.1174	36.1063	36.1046	36.0858	36.0595	36.0556	36.076	36.0499	36.0639	36.0637	36.0705	36.0462	36.0297	36.0243	36.0374	36.0202	36.004	36.0118	36.0185	35.9737	35.969	35.908	35.918	35.9741	35.9734	35.9362	35.9419	35.9267	35.9171	35.9119	35.8662	35.8702	35.9304	35.9278	35.9193	35.8854	35.8574	35.8083	35.8616	35.8487	35.8374	35.8266	35.8376	35.8522	35.8402	35.8472	35.7956	35.6838	35.7498	35.79	35.7482	35.7771	35.8034	35.7747	35.7358	35.6674	35.6809	35.7703	35.7494	35.7322	35.7284	35.7276	35.6664	35.6614	35.7284	35.6699	35.675	35.6726	35.6699	35.6845	35.6261	35.5721	35.4677	35.4946	35.5412	35.5254	35.5382	35.5028	35.4747	35.4767	35.4373	35.4398	35.5922	35.4666	35.4582	35.4845	35.4347	35.395	35.3624	35.3879	35.4224	35.4009	35.3801	35.3239	35.3246	35.3049	35.2521	36.0233
Ssp-CGub_051-Ex1-cssl.clmp.r1r2_fastp	36.4779	36.3556	36.3329	36.3544	36.3788	36.3735	36.3494	36.3658	36.3607	36.3474	36.3825	36.3897	36.3891	36.3568	36.3219	36.333	36.3212	36.3307	36.3431	36.3292	36.3211	36.3228	36.3064	36.26	36.2684	36.2703	36.2597	36.2442	36.2178	36.2178	36.1971	36.2043	36.1921	36.1814	36.1918	36.1857	36.1828	36.1431	36.1462	36.1135	36.1549	36.1543	36.1421	36.1158	36.1103	36.1128	36.0722	36.0645	36.0155	36.0563	36.0738	36.0755	36.0524	36.0407	36.04	36.0164	35.9897	35.9864	36.0128	35.9786	36.0069	35.9923	36.0062	35.9828	35.9622	35.9609	35.9717	35.9467	35.9315	35.9459	35.9517	35.9098	35.9002	35.8415	35.8512	35.9052	35.9055	35.8701	35.8782	35.8689	35.8526	35.8412	35.8059	35.8193	35.8717	35.8704	35.8594	35.8286	35.7978	35.7456	35.8009	35.7957	35.7776	35.7742	35.7864	35.795	35.7862	35.7979	35.7445	35.6337	35.6894	35.7419	35.7064	35.7262	35.7509	35.7321	35.6983	35.6173	35.6374	35.7296	35.7009	35.6929	35.6952	35.6844	35.6326	35.6262	35.692	35.6318	35.6299	35.6348	35.6304	35.6467	35.5955	35.5475	35.4344	35.4642	35.5139	35.4924	35.5159	35.4736	35.4498	35.4415	35.4064	35.411	35.5774	35.448	35.4333	35.4652	35.4177	35.3734	35.3379	35.3744	35.4055	35.3812	35.3597	35.3031	35.2978	35.2988	35.237	36.0148
Ssp-CGub_052-Ex1-cssl.clmp.r1r2_fastp	36.2371	35.9242	35.8896	35.9181	35.9482	35.9409	35.9042	35.9212	35.916	35.909	35.9578	35.956	35.9569	35.9117	35.8638	35.8675	35.8621	35.8764	35.8948	35.8732	35.8613	35.8628	35.8435	35.7904	35.7914	35.7974	35.7821	35.7592	35.7163	35.7201	35.6947	35.7077	35.6815	35.6735	35.6892	35.6823	35.6676	35.6182	35.6257	35.5757	35.6355	35.638	35.6251	35.5788	35.5773	35.5745	35.524	35.5093	35.464	35.5084	35.5372	35.5311	35.514	35.484	35.4934	35.4512	35.4244	35.4244	35.4526	35.4151	35.4368	35.4222	35.4393	35.4153	35.3908	35.3757	35.4047	35.3559	35.345	35.3588	35.3781	35.3051	35.2994	35.2423	35.2358	35.3135	35.3215	35.2708	35.2777	35.257	35.2547	35.2293	35.1823	35.1852	35.2805	35.2745	35.2551	35.208	35.1714	35.1042	35.1724	35.1539	35.1482	35.1349	35.1533	35.1718	35.1582	35.166	35.0958	34.969	35.0358	35.104	35.0493	35.0842	35.1249	35.0922	35.0388	34.964	34.9677	35.0968	35.0701	35.0489	35.0465	35.0379	34.9709	34.9542	35.0461	34.9683	34.9662	34.9805	34.9582	34.9925	34.928	34.8558	34.732	34.7538	34.8214	34.8017	34.8248	34.7682	34.7491	34.7421	34.7096	34.7075	34.9073	34.7594	34.7379	34.7681	34.7271	34.6768	34.6389	34.6627	34.7134	34.6677	34.6619	34.5866	34.5809	34.5876	34.5816	35.7611
Ssp-CGub_053-Ex1-cssl.clmp.r1r2_fastp	36.4269	36.1834	36.1433	36.1718	36.201	36.2022	36.1736	36.1933	36.1896	36.1756	36.2229	36.2243	36.2196	36.186	36.1477	36.1541	36.1467	36.1559	36.1727	36.1519	36.1418	36.1419	36.1211	36.0784	36.0757	36.0816	36.0644	36.0508	36.0175	36.0181	35.9956	36.0077	35.9825	35.9764	35.9903	35.9797	35.9693	35.9341	35.9351	35.9027	35.95	35.9404	35.9352	35.8946	35.8945	35.8918	35.8499	35.8378	35.7958	35.8283	35.8571	35.8451	35.8278	35.8056	35.8132	35.782	35.7518	35.7558	35.7804	35.7424	35.7688	35.7536	35.7682	35.747	35.7239	35.7113	35.7303	35.7008	35.6831	35.6978	35.7094	35.6603	35.6525	35.5997	35.595	35.661	35.6631	35.6218	35.6226	35.6099	35.6074	35.5823	35.5453	35.5481	35.622	35.621	35.6067	35.5711	35.543	35.4773	35.5387	35.5267	35.5143	35.5105	35.5159	35.5306	35.5197	35.5317	35.4716	35.3604	35.4217	35.4782	35.4271	35.4602	35.4921	35.4628	35.424	35.3476	35.3591	35.4681	35.4371	35.4296	35.4233	35.411	35.3602	35.3509	35.422	35.3597	35.363	35.3685	35.3554	35.3824	35.3213	35.2662	35.161	35.1809	35.2338	35.215	35.234	35.1884	35.1713	35.1736	35.1321	35.1393	35.3093	35.1711	35.1606	35.1902	35.1399	35.1021	35.0673	35.0922	35.1287	35.0989	35.0895	35.0247	35.0212	35.0227	34.9867	35.9312
Ssp-CGub_054-Ex1-cssl.clmp.r1r2_fastp	36.5176	36.4253	36.4157	36.4405	36.4612	36.4569	36.4356	36.4529	36.4404	36.4271	36.4692	36.4676	36.4655	36.4444	36.4128	36.4211	36.4115	36.4127	36.4235	36.4096	36.3972	36.3974	36.3833	36.3533	36.3501	36.3537	36.3382	36.3307	36.313	36.3041	36.293	36.2958	36.2736	36.2753	36.2825	36.2727	36.2682	36.2464	36.2364	36.2161	36.2491	36.2419	36.2365	36.2113	36.2048	36.2025	36.1782	36.1645	36.1376	36.162	36.1786	36.1761	36.167	36.1474	36.1524	36.1373	36.1044	36.1073	36.1281	36.1033	36.1165	36.1151	36.1117	36.1051	36.0913	36.0758	36.0942	36.0716	36.0544	36.0602	36.0794	36.0358	36.0328	35.9942	35.9809	36.0355	36.0498	36.0066	36.0177	36.0096	35.9902	35.9807	35.9592	35.9413	36.0074	36.0068	35.9927	35.9602	35.9472	35.8839	35.9379	35.9294	35.9101	35.9096	35.9188	35.9259	35.9201	35.9329	35.8883	35.7975	35.8393	35.8837	35.8495	35.8778	35.8904	35.8668	35.8477	35.7888	35.7891	35.8768	35.8448	35.8431	35.8407	35.8336	35.784	35.7833	35.8366	35.782	35.7986	35.7851	35.7763	35.8074	35.7467	35.7222	35.6392	35.6407	35.6918	35.6801	35.6761	35.6637	35.6439	35.6262	35.6081	35.6111	35.739	35.6322	35.6257	35.6512	35.602	35.5914	35.538	35.5727	35.6058	35.5718	35.5644	35.5268	35.5006	35.5114	35.4663	36.112
Ssp-CGub_055-Ex1-cssl.clmp.r1r2_fastp	36.4932	36.3285	36.3079	36.3194	36.3493	36.338	36.3103	36.335	36.3288	36.316	36.3572	36.364	36.3608	36.3256	36.287	36.3031	36.2917	36.3055	36.324	36.304	36.2898	36.2975	36.278	36.2312	36.234	36.242	36.2288	36.2162	36.1886	36.185	36.1723	36.1828	36.1557	36.1508	36.1708	36.163	36.1541	36.1197	36.1201	36.0863	36.124	36.1303	36.1139	36.0926	36.0868	36.0827	36.0522	36.0386	35.9911	36.0293	36.0558	36.0448	36.0327	36.0179	36.0085	35.9941	35.9632	35.9599	35.9827	35.9568	35.9735	35.9679	35.9863	35.9582	35.9361	35.9382	35.9471	35.9205	35.905	35.9209	35.9283	35.8818	35.8689	35.809	35.8198	35.8755	35.8736	35.8454	35.8422	35.8379	35.8251	35.8051	35.7791	35.7637	35.836	35.8409	35.8217	35.7864	35.7633	35.6988	35.7533	35.7404	35.7314	35.7213	35.733	35.7517	35.7265	35.7454	35.6893	35.5674	35.6436	35.683	35.6449	35.6671	35.6896	35.6612	35.6295	35.5486	35.555	35.6621	35.6361	35.6169	35.6223	35.6012	35.5552	35.5428	35.5967	35.5378	35.5474	35.5552	35.5383	35.5577	35.4945	35.455	35.3336	35.3592	35.4127	35.3821	35.3907	35.3609	35.3228	35.3405	35.2873	35.2914	35.4638	35.3181	35.3202	35.3303	35.2909	35.2477	35.2239	35.2404	35.2755	35.2555	35.2304	35.1722	35.1593	35.1564	35.0939	35.9407
Ssp-CGub_056-Ex1-cssl.clmp.r1r2_fastp	36.3964	36.1086	36.1318	36.1277	36.1647	36.1475	36.1442	36.143	36.1745	36.1349	36.2142	36.2068	36.2092	36.1432	36.1334	36.1638	36.1419	36.1563	36.1537	36.1608	36.1578	36.1598	36.1118	36.0786	36.0928	36.0821	36.0914	36.072	36.018	35.9898	36.0057	36.0484	35.9899	35.9556	36.0073	35.997	35.9854	35.9695	35.9378	35.9267	35.9447	35.9464	35.9563	35.9174	35.8993	35.93	35.8631	35.8872	35.8283	35.8469	35.9075	35.8775	35.849	35.8569	35.8362	35.7997	35.7717	35.7909	35.8696	35.7943	35.7998	35.7578	35.8132	35.8124	35.7717	35.7658	35.784	35.7698	35.739	35.7559	35.7497	35.7345	35.7124	35.6566	35.6851	35.6957	35.6877	35.6895	35.6744	35.6728	35.6191	35.5945	35.5837	35.6302	35.6649	35.6689	35.65	35.6005	35.6032	35.5298	35.5859	35.5812	35.5821	35.5286	35.5279	35.5691	35.5607	35.5911	35.5214	35.3492	35.4635	35.508	35.451	35.4803	35.5048	35.5006	35.4244	35.374	35.3587	35.4823	35.4553	35.4657	35.3818	35.421	35.369	35.3568	35.4552	35.3191	35.4461	35.3707	35.3583	35.4287	35.3486	35.2197	35.1021	35.1529	35.2346	35.2049	35.2369	35.1191	35.1472	35.1049	35.0807	35.0982	35.304	35.1623	35.1006	35.193	35.0824	35.0267	34.9611	35.0333	35.0855	35.0232	35.0339	34.9669	34.9768	34.8885	34.9086	35.894
Ssp-CGub_057-Ex1-cssl.clmp.r1r2_fastp	36.4175	36.2673	36.2577	36.2578	36.2674	36.2803	36.2097	36.2252	36.2676	36.2531	36.2838	36.3004	36.2798	36.2591	36.2234	36.2638	36.212	36.2375	36.2382	36.2338	36.2276	36.2588	36.2056	36.132	36.1636	36.1743	36.1848	36.1472	36.1321	36.111	36.0858	36.0664	36.08	36.0989	36.0739	36.0722	36.0773	36.0198	36.0021	35.9731	36.0182	36.0329	36.0745	36.0365	35.9967	35.9791	35.9731	35.9124	35.8941	35.9338	35.9722	35.8958	35.9532	35.8933	35.9106	35.867	35.8539	35.8165	35.8314	35.8062	35.8969	35.8907	35.8663	35.8339	35.8385	35.852	35.8319	35.8089	35.7796	35.8144	35.8016	35.7434	35.7432	35.6869	35.6822	35.7807	35.7868	35.7578	35.7386	35.6812	35.6926	35.6883	35.6346	35.6328	35.7139	35.7523	35.6793	35.6252	35.6393	35.5505	35.6353	35.5977	35.6193	35.6149	35.5961	35.6082	35.6068	35.6302	35.5882	35.4109	35.4634	35.5592	35.5013	35.5087	35.5623	35.5325	35.5081	35.4472	35.4173	35.568	35.4912	35.5561	35.4999	35.4595	35.4549	35.4007	35.5366	35.3933	35.4428	35.436	35.3718	35.4443	35.3818	35.3495	35.1971	35.3391	35.2472	35.3092	35.3172	35.2493	35.2359	35.2745	35.2128	35.1963	35.2872	35.1942	35.2542	35.2561	35.2279	35.1434	35.1171	35.0764	35.1587	35.0868	35.1647	35.0409	35.0228	35.0273	35.0449	35.9144
Ssp-CGub_058-Ex1-cssl.clmp.r1r2_fastp	36.3683	36.2126	36.1937	36.2123	36.2368	36.2318	36.1997	36.2154	36.2135	36.2051	36.2494	36.246	36.2483	36.2121	36.1788	36.1834	36.1744	36.1848	36.1956	36.1817	36.1692	36.1723	36.1516	36.1036	36.1076	36.1058	36.0957	36.0865	36.0564	36.052	36.0289	36.0411	36.0204	36.0141	36.0252	36.0173	36.0094	35.9718	35.969	35.939	35.9793	35.9774	35.968	35.9371	35.9407	35.9295	35.884	35.8799	35.8329	35.8761	35.8956	35.8954	35.8745	35.851	35.8636	35.8255	35.8029	35.8018	35.8173	35.7919	35.8217	35.7967	35.8116	35.7895	35.7803	35.7616	35.7859	35.7565	35.7434	35.7528	35.7591	35.7205	35.7096	35.6451	35.6459	35.7087	35.7121	35.6775	35.6837	35.6621	35.6574	35.6375	35.6026	35.6041	35.6775	35.675	35.6508	35.6235	35.5873	35.5306	35.5951	35.5762	35.5624	35.5613	35.5706	35.5845	35.5706	35.5889	35.5269	35.4007	35.4617	35.5198	35.4754	35.5054	35.5261	35.4987	35.466	35.3867	35.3989	35.5071	35.4747	35.4666	35.4593	35.4533	35.3979	35.38	35.4586	35.3869	35.3896	35.3848	35.3902	35.4115	35.3488	35.2857	35.18	35.2017	35.2537	35.2344	35.2526	35.2096	35.1867	35.1868	35.1437	35.1548	35.3251	35.1803	35.1691	35.1964	35.1556	35.1097	35.0734	35.1028	35.1289	35.0981	35.0811	35.03	35.0194	35.0146	34.9804	35.9174
Ssp-CGub_059-Ex1-cssl.clmp.r1r2_fastp	36.5424	36.4044	36.4335	36.4284	36.4571	36.4609	36.4363	36.4299	36.4443	36.4312	36.4795	36.4736	36.5008	36.462	36.4198	36.4321	36.4166	36.4298	36.4189	36.4268	36.4173	36.3934	36.3772	36.3646	36.3542	36.3434	36.3555	36.3546	36.3174	36.3156	36.3007	36.2926	36.2919	36.2847	36.2834	36.2756	36.2823	36.2363	36.2555	36.1966	36.2441	36.2421	36.2475	36.2116	36.1945	36.231	36.1714	36.1808	36.1438	36.2087	36.2078	36.1779	36.1453	36.1514	36.15	36.1205	36.111	36.0968	36.1483	36.0831	36.0852	36.072	36.1122	36.0864	36.0642	36.051	36.0694	36.061	36.0682	36.0749	36.0439	36.0227	36.029	35.9051	35.9327	36.0082	36.0163	35.9902	35.9719	35.9833	35.9644	35.9729	35.8928	35.9246	35.9782	35.9895	35.9626	35.9391	35.8982	35.8686	35.8905	35.8592	35.8779	35.8564	35.8696	35.8485	35.8474	35.8682	35.8094	35.7067	35.7487	35.8384	35.7761	35.8037	35.8345	35.7725	35.7533	35.6756	35.686	35.8202	35.7653	35.7603	35.733	35.7537	35.6891	35.6774	35.763	35.6678	35.6923	35.6976	35.6775	35.7204	35.6472	35.5954	35.4735	35.4686	35.5401	35.5321	35.5272	35.5294	35.4419	35.5142	35.4178	35.3943	35.5805	35.4448	35.3967	35.4749	35.3962	35.3783	35.2836	35.3531	35.388	35.3304	35.3923	35.3685	35.2865	35.2808	35.2438	36.0067
Ssp-CGub_061-Ex1-cssl.clmp.r1r2_fastp	36.5393	36.3666	36.3494	36.3609	36.3862	36.3765	36.3466	36.3641	36.3628	36.3579	36.3938	36.3969	36.3934	36.3621	36.3288	36.3386	36.3291	36.3364	36.3532	36.3335	36.3284	36.3292	36.3097	36.2642	36.2718	36.2728	36.2562	36.2495	36.2246	36.2219	36.2064	36.2117	36.1915	36.1796	36.1994	36.1896	36.1834	36.1456	36.1521	36.1147	36.1555	36.1575	36.1512	36.1182	36.1149	36.1174	36.0799	36.0706	36.0239	36.0572	36.0861	36.0742	36.0596	36.045	36.0457	36.02	35.9924	35.9963	36.0226	35.9846	36.0131	35.9972	36.0079	35.9918	35.9661	35.9612	35.978	35.9501	35.9355	35.9482	35.9564	35.9136	35.9063	35.8457	35.8512	35.9103	35.9124	35.8794	35.8794	35.8577	35.8563	35.843	35.8051	35.8059	35.871	35.8656	35.8536	35.8191	35.7904	35.7366	35.7912	35.7822	35.7615	35.7627	35.7694	35.7837	35.7767	35.7875	35.7243	35.6159	35.6747	35.7199	35.6828	35.7062	35.7346	35.6997	35.6664	35.5838	35.6052	35.7049	35.6723	35.6612	35.6536	35.6503	35.5894	35.5841	35.654	35.595	35.589	35.6023	35.5803	35.6068	35.5448	35.5045	35.3759	35.4044	35.4553	35.4386	35.4505	35.4089	35.3819	35.3761	35.3447	35.3553	35.516	35.383	35.3711	35.3948	35.3378	35.3069	35.2631	35.2956	35.3268	35.3023	35.2832	35.227	35.2201	35.2162	35.1473	35.9753
Ssp-CGub_065-Ex1-cssl.clmp.r1r2_fastp	36.48	36.2758	36.2469	36.2671	36.2937	36.2894	36.2588	36.2866	36.2811	36.2718	36.3112	36.3142	36.3078	36.2737	36.2391	36.2542	36.2429	36.2509	36.2686	36.2493	36.2409	36.2458	36.2233	36.1782	36.1812	36.1877	36.1714	36.1632	36.1275	36.1267	36.1082	36.1159	36.0946	36.0894	36.0968	36.0924	36.0876	36.0499	36.0487	36.0159	36.0561	36.0554	36.0458	36.0039	36.0063	36.0053	35.9679	35.957	35.911	35.947	35.9749	35.9665	35.9474	35.9302	35.9338	35.907	35.88	35.8798	35.902	35.8679	35.8881	35.8763	35.8882	35.8639	35.8455	35.837	35.8585	35.8315	35.8125	35.8278	35.8297	35.7867	35.7741	35.7111	35.7161	35.7787	35.7846	35.7487	35.7516	35.7365	35.7289	35.708	35.6727	35.6662	35.7349	35.7369	35.7261	35.6923	35.6623	35.5942	35.6629	35.6429	35.6306	35.625	35.6336	35.6513	35.6363	35.6471	35.5888	35.4748	35.5374	35.5926	35.5383	35.5742	35.5947	35.5663	35.5269	35.4518	35.4628	35.5676	35.5406	35.5294	35.5279	35.5109	35.4601	35.4445	35.5185	35.4554	35.4575	35.4633	35.4529	35.4782	35.4192	35.3665	35.253	35.2677	35.3224	35.3015	35.3218	35.2688	35.2519	35.2521	35.2164	35.2169	35.3801	35.2412	35.2331	35.2552	35.2163	35.1725	35.1327	35.1628	35.2075	35.1724	35.151	35.0838	35.0843	35.0784	35.0368	35.9308
Ssp-CGub_066-Ex1-cssl.clmp.r1r2_fastp	36.319	36.0439	36.021	36.0574	36.087	36.0785	36.0455	36.0783	36.0769	36.06	36.1133	36.1129	36.1134	36.0682	36.0257	36.0318	36.0224	36.0379	36.0549	36.0269	36.0233	36.0247	36.0026	35.9552	35.952	35.961	35.9422	35.9281	35.8904	35.8924	35.8593	35.8705	35.8542	35.8435	35.8636	35.8581	35.8514	35.7983	35.8065	35.764	35.8158	35.8167	35.8003	35.7596	35.7605	35.7622	35.7181	35.7029	35.6517	35.6871	35.7213	35.7054	35.6901	35.6722	35.6744	35.6414	35.6114	35.6152	35.6473	35.6082	35.6344	35.6203	35.6293	35.607	35.5827	35.5767	35.5982	35.5696	35.5444	35.5593	35.5687	35.5129	35.5041	35.4441	35.4409	35.5157	35.522	35.4791	35.4819	35.4618	35.4568	35.4366	35.391	35.403	35.4787	35.479	35.4609	35.4248	35.3867	35.3209	35.3952	35.377	35.3655	35.3593	35.3659	35.3904	35.3761	35.3893	35.3184	35.1972	35.2601	35.3249	35.2728	35.3065	35.3396	35.3108	35.2663	35.1826	35.1945	35.3201	35.2821	35.2731	35.2692	35.2634	35.2026	35.1856	35.2703	35.1936	35.2029	35.2158	35.2055	35.2305	35.1672	35.0996	34.9763	34.9998	35.0617	35.0454	35.0674	35.0141	34.9988	34.989	34.9528	34.9572	35.1475	35.0056	34.9839	35.0138	34.9632	34.917	34.8885	34.9216	34.9572	34.9215	34.9122	34.8354	34.8313	34.836	34.8014	35.8415
Ssp-CGub_067-Ex1-cssl.clmp.r1r2_fastp	36.4969	36.316	36.2811	36.3019	36.3291	36.3312	36.3039	36.3232	36.3186	36.3044	36.3475	36.3494	36.3465	36.3189	36.2806	36.2926	36.2803	36.2886	36.3007	36.2827	36.2775	36.2783	36.2583	36.2163	36.2206	36.2221	36.2077	36.1948	36.1685	36.1668	36.1468	36.1549	36.135	36.1294	36.1421	36.1387	36.1308	36.0949	36.0966	36.0617	36.1036	36.1013	36.0921	36.0623	36.0604	36.0556	36.0216	36.0106	35.9653	36.0022	36.0242	36.0173	35.9983	35.9812	35.9835	35.963	35.9356	35.936	35.957	35.9251	35.9471	35.9357	35.9457	35.9229	35.9056	35.8993	35.9182	35.8895	35.8763	35.8911	35.8953	35.853	35.8429	35.7848	35.7878	35.849	35.8518	35.8162	35.8206	35.8058	35.7978	35.7837	35.7453	35.7462	35.8133	35.8106	35.7995	35.7647	35.7415	35.6834	35.7424	35.7272	35.716	35.711	35.7172	35.7309	35.7204	35.7338	35.6795	35.5721	35.6291	35.6787	35.6352	35.6646	35.6882	35.6643	35.627	35.5541	35.5715	35.6669	35.6399	35.6257	35.6262	35.6178	35.565	35.5557	35.6237	35.5639	35.568	35.5703	35.5644	35.586	35.5337	35.4812	35.375	35.3989	35.4464	35.4287	35.4505	35.4075	35.385	35.3907	35.3521	35.3565	35.515	35.3901	35.3755	35.4008	35.3561	35.32	35.2922	35.3186	35.3528	35.3226	35.3109	35.2509	35.2477	35.2416	35.1965	36.0048
Ssp-CGub_070-Ex1-cssl.clmp.r1r2_fastp	36.3219	36.0708	36.0332	36.0709	36.0859	36.0931	36.0554	36.0886	36.0752	36.0679	36.1131	36.1148	36.114	36.0732	36.0297	36.0416	36.0304	36.0439	36.0577	36.0334	36.0239	36.0266	36.0085	35.9615	35.9526	35.9589	35.9452	35.9331	35.8961	35.8948	35.8655	35.8816	35.8601	35.8503	35.8665	35.8649	35.8419	35.8118	35.8121	35.7682	35.8284	35.818	35.8076	35.7644	35.7633	35.7536	35.7187	35.702	35.6628	35.7005	35.7315	35.7123	35.6978	35.6774	35.6835	35.6518	35.6289	35.6261	35.6424	35.6187	35.6332	35.6237	35.6343	35.6139	35.5914	35.585	35.608	35.5702	35.5523	35.5706	35.5733	35.5245	35.514	35.4584	35.4524	35.5258	35.5358	35.4866	35.4997	35.4716	35.4709	35.451	35.404	35.4107	35.4885	35.4837	35.468	35.4311	35.3992	35.3333	35.4024	35.3908	35.373	35.3737	35.3708	35.3976	35.3799	35.3924	35.3233	35.2087	35.2729	35.3291	35.2864	35.3152	35.3511	35.3209	35.2812	35.2069	35.2001	35.3286	35.2899	35.2785	35.2774	35.2559	35.1987	35.1922	35.2762	35.2125	35.2081	35.2176	35.202	35.2228	35.1619	35.1054	34.9829	35.0061	35.0727	35.0446	35.0747	35.0192	34.9945	34.9944	34.9607	34.9642	35.1409	34.9997	34.9858	35.0206	34.9778	34.9336	34.8922	34.9134	34.9498	34.9135	34.9126	34.8501	34.825	34.839	34.8133	35.8544
Ssp-CGub_073-Ex1-cssl.clmp.r1r2_fastp	36.5815	36.4637	36.4507	36.4646	36.4834	36.4775	36.4579	36.4744	36.4668	36.4524	36.4878	36.4882	36.4867	36.4564	36.4304	36.4415	36.4293	36.4406	36.448	36.4348	36.4294	36.4253	36.4116	36.3665	36.3745	36.3752	36.3658	36.3557	36.3332	36.3292	36.312	36.3155	36.2958	36.2915	36.304	36.2955	36.2933	36.2644	36.2604	36.2361	36.2652	36.2636	36.26	36.2285	36.2313	36.223	36.1929	36.1838	36.1419	36.1793	36.2006	36.1904	36.1714	36.1548	36.159	36.144	36.1124	36.1198	36.1368	36.1105	36.1262	36.1159	36.1218	36.1097	36.0922	36.0798	36.0967	36.0756	36.0671	36.0739	36.0806	36.034	36.0374	35.975	35.9904	36.0317	36.0374	36.0077	36.0129	36.0008	35.9967	35.9752	35.9379	35.9434	36.0023	35.9896	35.9838	35.9554	35.9333	35.8773	35.9308	35.9133	35.9099	35.9007	35.9051	35.9221	35.9029	35.9224	35.868	35.766	35.8295	35.8625	35.8336	35.8501	35.8691	35.8459	35.8169	35.7514	35.7671	35.8514	35.8192	35.8095	35.8035	35.801	35.7486	35.7378	35.8049	35.749	35.7607	35.753	35.7419	35.7631	35.7134	35.67	35.5635	35.5875	35.6355	35.6102	35.6292	35.5851	35.5738	35.5739	35.5279	35.5309	35.6812	35.5576	35.5402	35.5651	35.5223	35.4869	35.4676	35.4841	35.513	35.4864	35.4753	35.4142	35.4077	35.406	35.3494	36.0641
Ssp-CGub_076-Ex1-cssl.clmp.r1r2_fastp	36.4245	36.3059	36.2744	36.2805	36.3321	36.2882	36.2801	36.3064	36.3093	36.3133	36.3614	36.3552	36.3518	36.3272	36.2696	36.2704	36.2742	36.3064	36.3057	36.2951	36.276	36.2937	36.2443	36.1908	36.2147	36.2205	36.2156	36.1911	36.1482	36.1842	36.1297	36.1469	36.144	36.1084	36.1355	36.1361	36.1362	36.0824	36.0492	36.0384	36.0776	36.07	36.1027	36.0617	36.03	36.0768	35.9951	35.9662	35.9327	35.9834	36.0194	35.9977	35.958	35.9657	35.9681	35.9284	35.9053	35.9191	35.9214	35.8791	35.9489	35.9093	35.9318	35.9324	35.9008	35.8222	35.885	35.8672	35.8873	35.8368	35.8818	35.8168	35.8097	35.7549	35.773	35.8105	35.8266	35.791	35.7736	35.7609	35.7793	35.7347	35.6894	35.6904	35.7797	35.8074	35.7452	35.7136	35.6866	35.6424	35.7164	35.72	35.669	35.6222	35.6869	35.7041	35.7065	35.7457	35.6433	35.5114	35.6262	35.6444	35.5411	35.5873	35.6199	35.6525	35.6223	35.4728	35.5393	35.5719	35.5965	35.5896	35.5924	35.5308	35.4871	35.4626	35.6002	35.4958	35.5248	35.4939	35.5164	35.5083	35.4738	35.3909	35.3014	35.2708	35.3635	35.3193	35.3463	35.3032	35.262	35.2513	35.2354	35.234	35.4197	35.3105	35.2877	35.3504	35.2815	35.2551	35.1595	35.2146	35.2004	35.1748	35.1485	35.1413	35.1467	35.0615	35.0941	35.9174
Ssp-CGub_077-Ex1-cssl.clmp.r1r2_fastp	36.5596	36.3897	36.3606	36.3767	36.4011	36.402	36.376	36.3934	36.3903	36.3771	36.4169	36.4186	36.418	36.3896	36.3595	36.366	36.3576	36.3654	36.38	36.3586	36.3544	36.355	36.3393	36.2986	36.302	36.304	36.2907	36.2799	36.2557	36.2542	36.2338	36.2417	36.224	36.2175	36.2305	36.2241	36.2183	36.1877	36.1888	36.1568	36.1898	36.1899	36.184	36.1506	36.1515	36.1522	36.1156	36.1057	36.0642	36.095	36.1202	36.1119	36.0947	36.0823	36.0864	36.0646	36.0373	36.0368	36.0589	36.0298	36.0494	36.038	36.0489	36.0271	36.0132	36.0088	36.0233	35.996	35.9826	35.9969	36.0	35.9574	35.9494	35.8977	35.9032	35.9541	35.9597	35.9272	35.9332	35.9192	35.91	35.8966	35.8641	35.8605	35.9222	35.9205	35.9115	35.8805	35.8603	35.8012	35.8573	35.8419	35.8304	35.8249	35.8338	35.8451	35.8367	35.8496	35.7953	35.6962	35.7509	35.7949	35.754	35.7804	35.8019	35.7815	35.7447	35.6825	35.6935	35.7842	35.7603	35.7456	35.7431	35.7381	35.6907	35.6808	35.7458	35.6882	35.6893	35.6977	35.6855	35.7099	35.6541	35.6116	35.5096	35.5285	35.5774	35.5619	35.5756	35.5379	35.5172	35.5175	35.4868	35.4882	35.6385	35.5142	35.504	35.5246	35.4888	35.452	35.4235	35.4456	35.4788	35.45	35.4421	35.3839	35.3794	35.3756	35.3201	36.0584
Ssp-CGub_078-Ex1-cssl.clmp.r1r2_fastp	36.5669	36.4928	36.4998	36.5235	36.5403	36.5314	36.5212	36.5277	36.5238	36.5179	36.5471	36.5421	36.5392	36.5256	36.4965	36.499	36.4917	36.4888	36.5043	36.4903	36.483	36.4752	36.4627	36.4354	36.4307	36.4317	36.4172	36.4123	36.3914	36.3833	36.3823	36.3763	36.3575	36.358	36.3597	36.35	36.3467	36.3256	36.3188	36.2961	36.3296	36.3198	36.3224	36.2899	36.296	36.2918	36.2618	36.2571	36.2138	36.2515	36.2528	36.2511	36.2462	36.2275	36.2394	36.2095	36.1942	36.1868	36.2078	36.1852	36.2003	36.1877	36.1883	36.1845	36.1674	36.149	36.1733	36.1537	36.1328	36.1453	36.1576	36.1083	36.1138	36.0811	36.0585	36.101	36.1166	36.0792	36.0861	36.0796	36.0693	36.0555	36.0369	36.0251	36.0797	36.0745	36.0643	36.0495	36.0275	35.968	36.0056	36.0144	35.9942	35.993	35.9919	35.9958	35.9874	36.0156	35.9649	35.8721	35.9186	35.9569	35.917	35.9445	35.9627	35.9331	35.9171	35.8489	35.8475	35.9481	35.9015	35.8999	35.9048	35.9044	35.8472	35.8456	35.9053	35.8369	35.8518	35.8406	35.8279	35.8568	35.8119	35.7748	35.6842	35.7028	35.7318	35.7157	35.7426	35.7025	35.6837	35.666	35.6608	35.645	35.7771	35.6682	35.6829	35.6912	35.6575	35.6099	35.5785	35.6104	35.6556	35.5931	35.6046	35.5723	35.5535	35.5496	35.516	36.1424
Ssp-CGub_080-Ex1-cssl.clmp.r1r2_fastp	36.3695	36.0873	36.0592	36.0781	36.1053	36.1011	36.0731	36.096	36.0927	36.0783	36.1279	36.1294	36.1275	36.0861	36.0481	36.0538	36.0423	36.052	36.0711	36.0447	36.0369	36.0399	36.0168	35.9681	35.9687	35.9732	35.9562	35.9416	35.9057	35.9075	35.8764	35.8946	35.8701	35.8647	35.8784	35.8704	35.864	35.8142	35.8208	35.7799	35.8296	35.8301	35.8175	35.7729	35.7737	35.7694	35.725	35.7121	35.6664	35.7033	35.7347	35.7256	35.7004	35.6783	35.6827	35.6501	35.6281	35.6257	35.6496	35.6138	35.6413	35.6259	35.6408	35.6112	35.5886	35.5792	35.6019	35.563	35.5469	35.5657	35.5768	35.518	35.5146	35.4492	35.4439	35.5165	35.5218	35.4778	35.4839	35.4655	35.4582	35.4362	35.3979	35.4024	35.4847	35.4784	35.4614	35.42	35.3936	35.3179	35.3907	35.3742	35.3625	35.3597	35.3693	35.3876	35.375	35.3897	35.3171	35.1972	35.2571	35.3243	35.2731	35.3051	35.341	35.3106	35.2654	35.1881	35.1996	35.3143	35.2853	35.2739	35.2664	35.2635	35.199	35.1917	35.2681	35.2	35.2072	35.2156	35.1971	35.2287	35.1645	35.1058	34.9901	35.0104	35.067	35.0505	35.0736	35.0246	35.0038	34.9972	34.9607	34.9647	35.1586	35.0106	34.9948	35.0248	34.9766	34.9348	34.8936	34.9211	34.9612	34.9283	34.9162	34.8568	34.847	34.8539	34.8272	35.8644
Ssp-CGub_082-Ex1-cssl.clmp.r1r2_fastp	36.5697	36.4283	36.4039	36.4153	36.44	36.4385	36.4045	36.4283	36.4266	36.4127	36.4467	36.4492	36.4537	36.4261	36.3901	36.402	36.3885	36.3966	36.4088	36.3933	36.3845	36.3818	36.3634	36.3322	36.3319	36.3413	36.322	36.309	36.2834	36.287	36.2719	36.2724	36.2541	36.2492	36.2577	36.2619	36.2508	36.2109	36.2157	36.1874	36.2227	36.2249	36.2156	36.1805	36.1748	36.1754	36.143	36.1329	36.0831	36.1256	36.147	36.1416	36.1218	36.1062	36.1093	36.0889	36.0585	36.0634	36.0866	36.0561	36.0765	36.0642	36.0706	36.0491	36.0417	36.027	36.0449	36.0132	36.0053	36.0153	36.0249	35.9799	35.9671	35.9118	35.9214	35.9774	35.9832	35.9454	35.9515	35.9352	35.927	35.9095	35.873	35.8774	35.9318	35.9368	35.9307	35.8936	35.8631	35.8084	35.8671	35.8585	35.8408	35.8259	35.832	35.8473	35.8385	35.8526	35.8026	35.6861	35.7467	35.7957	35.7491	35.7798	35.8001	35.7762	35.7412	35.6639	35.6771	35.7706	35.7427	35.7335	35.7307	35.7188	35.6675	35.6585	35.7273	35.6615	35.6696	35.6735	35.6556	35.6836	35.6303	35.5712	35.464	35.4897	35.5351	35.5114	35.5384	35.4786	35.4643	35.4618	35.4364	35.4313	35.5897	35.458	35.4437	35.474	35.4245	35.3812	35.3518	35.3721	35.4049	35.378	35.3578	35.2977	35.3089	35.277	35.2357	36.0181
Ssp-CGub_085-Ex1-cssl.clmp.r1r2_fastp	36.5589	36.4353	36.4232	36.4346	36.4547	36.4544	36.4302	36.4443	36.4416	36.4312	36.4693	36.4679	36.4647	36.4375	36.4048	36.4154	36.4031	36.4116	36.4225	36.4032	36.4028	36.4015	36.3809	36.343	36.3443	36.3465	36.3336	36.3212	36.3004	36.2974	36.2792	36.2862	36.2676	36.2636	36.275	36.2688	36.2602	36.2286	36.2275	36.1963	36.2281	36.2262	36.2197	36.1949	36.1902	36.1911	36.158	36.1477	36.1058	36.1362	36.1574	36.1489	36.1317	36.1167	36.1225	36.1047	36.0787	36.079	36.0969	36.0653	36.0901	36.0727	36.0861	36.0635	36.049	36.0395	36.0542	36.0321	36.0186	36.0312	36.0328	35.9901	35.988	35.9289	35.9339	35.9884	35.9881	35.9598	35.9628	35.9503	35.9409	35.9244	35.8935	35.8868	35.9465	35.9442	35.933	35.8974	35.8807	35.8247	35.877	35.8634	35.85	35.8406	35.8493	35.8636	35.8517	35.8623	35.8109	35.7024	35.7611	35.807	35.7673	35.789	35.8073	35.7882	35.7552	35.6842	35.6948	35.783	35.7536	35.75	35.7466	35.7318	35.6831	35.6757	35.7364	35.6757	35.6826	35.6856	35.6729	35.7017	35.6437	35.5963	35.4954	35.5157	35.5564	35.5481	35.5628	35.5191	35.5009	35.4899	35.4625	35.4689	35.6174	35.4908	35.4798	35.5021	35.4587	35.4178	35.395	35.4195	35.4483	35.4277	35.4021	35.3406	35.3446	35.3301	35.2828	36.0352
Ssp-CGub_089-Ex1-cssl.clmp.r1r2_fastp	36.4674	36.2941	36.2689	36.2965	36.3196	36.3105	36.2777	36.3094	36.302	36.29	36.3269	36.3339	36.3307	36.2976	36.2645	36.2706	36.2634	36.272	36.2837	36.2694	36.2584	36.2629	36.2425	36.1954	36.2001	36.2082	36.188	36.1753	36.1487	36.1456	36.1305	36.1409	36.1171	36.1101	36.1211	36.1186	36.1048	36.0741	36.0704	36.0399	36.0734	36.0776	36.0662	36.0296	36.0304	36.0344	35.9924	35.9832	35.9351	35.9765	36.0035	35.99	35.9676	35.9528	35.9607	35.9331	35.9097	35.905	35.9258	35.8994	35.9247	35.9066	35.9226	35.9008	35.8722	35.8763	35.8853	35.8577	35.8501	35.8589	35.8668	35.8145	35.8129	35.7538	35.751	35.8123	35.8185	35.7827	35.7865	35.7713	35.7611	35.7442	35.7093	35.7072	35.7736	35.7679	35.7664	35.7255	35.6998	35.6368	35.6929	35.6839	35.6685	35.666	35.669	35.6846	35.6683	35.6899	35.6274	35.5144	35.5644	35.6294	35.5822	35.6073	35.6292	35.606	35.5623	35.4873	35.508	35.6091	35.5781	35.5652	35.5584	35.5494	35.499	35.492	35.5523	35.4915	35.5002	35.4932	35.4902	35.5118	35.4488	35.395	35.2898	35.3063	35.3564	35.3334	35.357	35.3153	35.294	35.2858	35.2557	35.2542	35.4112	35.2786	35.2689	35.2882	35.2448	35.2018	35.1704	35.1989	35.2353	35.198	35.1869	35.1338	35.1217	35.1095	35.0516	35.9371
Ssp-CGub_090-Ex1-cssl.clmp.r1r2_fastp	36.3695	36.0777	36.0425	36.0661	36.0905	36.088	36.0663	36.0806	36.0765	36.0622	36.107	36.1062	36.1064	36.0692	36.0296	36.0372	36.027	36.0313	36.053	36.0246	36.0164	36.0189	35.9943	35.9505	35.9472	35.9523	35.9328	35.9176	35.887	35.8801	35.8564	35.8684	35.8429	35.8366	35.852	35.8451	35.84	35.7942	35.7905	35.7549	35.8018	35.7965	35.7907	35.7474	35.7503	35.7438	35.696	35.6899	35.6396	35.6727	35.7095	35.6932	35.6749	35.65	35.655	35.6243	35.6009	35.6034	35.6198	35.5857	35.6159	35.5965	35.608	35.5821	35.5638	35.5538	35.5723	35.5389	35.521	35.5351	35.5413	35.4922	35.4863	35.4228	35.4174	35.4887	35.5	35.4511	35.4638	35.4382	35.4326	35.4081	35.3748	35.3721	35.45	35.4506	35.4366	35.4016	35.3729	35.3005	35.3685	35.3507	35.3382	35.3282	35.3395	35.358	35.3469	35.3653	35.2967	35.1834	35.2379	35.2989	35.2545	35.2801	35.3146	35.2877	35.2418	35.1684	35.1836	35.2959	35.261	35.2528	35.2473	35.2377	35.1764	35.1722	35.2503	35.1819	35.1881	35.1937	35.1835	35.2101	35.1462	35.0865	34.9778	34.9972	35.0549	35.0332	35.0584	35.0117	34.9896	34.9859	34.9541	34.9602	35.136	34.9949	34.9804	35.009	34.9685	34.9198	34.8886	34.9139	34.9532	34.9201	34.9032	34.8421	34.8348	34.8387	34.8329	35.8693
Ssp-CGub_091-Ex1-cssl.clmp.r1r2_fastp	36.4373	36.2555	36.2478	36.2849	36.3075	36.3008	36.2899	36.27	36.2759	36.2565	36.3043	36.3154	36.2911	36.2523	36.2463	36.282	36.2496	36.2575	36.2874	36.2577	36.2385	36.231	36.237	36.1814	36.1746	36.2114	36.1611	36.1757	36.1318	36.0855	36.1112	36.0869	36.0807	36.0624	36.0849	36.0958	36.0866	36.0372	36.0424	35.9799	36.0168	36.0689	36.03	36.0072	36.0084	35.9802	35.9287	35.9036	35.8709	35.9402	35.9594	35.9441	35.9277	35.9172	35.9087	35.9033	35.8517	35.8494	35.8774	35.8539	35.8612	35.8451	35.8556	35.8621	35.7988	35.7869	35.8017	35.768	35.8027	35.7754	35.7998	35.7263	35.7037	35.6541	35.6723	35.7564	35.7596	35.7131	35.7008	35.7056	35.7157	35.6658	35.608	35.6216	35.7135	35.7001	35.6772	35.6435	35.6078	35.5569	35.6174	35.5986	35.6172	35.6377	35.5928	35.5855	35.5707	35.6243	35.5424	35.3925	35.5252	35.5399	35.5033	35.5269	35.5703	35.5354	35.488	35.3958	35.4096	35.5487	35.5062	35.524	35.4898	35.479	35.4116	35.4104	35.4944	35.4439	35.4142	35.4322	35.4236	35.4341	35.3591	35.3289	35.1923	35.226	35.2946	35.2616	35.2644	35.2126	35.2203	35.219	35.2064	35.2012	35.3653	35.2206	35.1874	35.3047	35.204	35.1673	35.0723	35.157	35.1795	35.1661	35.0865	35.0443	35.0468	35.0561	35.0355	35.8545
Ssp-CGub_092-Ex1-cssl.clmp.r1r2_fastp	36.3626	36.1355	36.1042	36.1339	36.1541	36.1472	36.1194	36.1409	36.1441	36.1257	36.1735	36.1766	36.1725	36.1346	36.094	36.1014	36.0923	36.104	36.1178	36.0942	36.0852	36.0878	36.0667	36.0228	36.0216	36.0229	36.004	35.9923	35.9582	35.9562	35.9325	35.9425	35.9208	35.9145	35.9324	35.9241	35.9151	35.8725	35.8736	35.8299	35.879	35.8765	35.8681	35.8274	35.826	35.8241	35.7778	35.7684	35.7183	35.7542	35.7793	35.7731	35.7486	35.7258	35.732	35.7061	35.6811	35.6773	35.6993	35.6646	35.6859	35.6715	35.6859	35.6568	35.637	35.6292	35.6472	35.6113	35.5919	35.6156	35.6186	35.5654	35.558	35.4916	35.495	35.5682	35.5721	35.5239	35.5299	35.5149	35.5031	35.4844	35.4437	35.4414	35.5199	35.5203	35.5042	35.4629	35.4376	35.3647	35.437	35.4193	35.4041	35.3996	35.4073	35.4276	35.416	35.4318	35.3573	35.2416	35.3	35.3653	35.3131	35.344	35.3748	35.35	35.3043	35.2246	35.2371	35.3534	35.3229	35.3114	35.3029	35.2985	35.2339	35.2282	35.2997	35.2367	35.2387	35.2409	35.2375	35.2607	35.2016	35.1393	35.0247	35.0449	35.1021	35.0849	35.1041	35.0534	35.0394	35.0338	34.9953	35.0004	35.1823	35.0403	35.0254	35.056	35.0092	34.9616	34.922	34.9478	34.9855	34.9643	34.9469	34.8845	34.8734	34.8762	34.8529	35.8697
Ssp-CGub_094-Ex1-cssl.clmp.r1r2_fastp	36.4786	36.3049	36.2896	36.301	36.3211	36.3163	36.2867	36.3041	36.3064	36.2947	36.3358	36.3353	36.3351	36.303	36.2659	36.2775	36.265	36.2777	36.2931	36.2689	36.2663	36.2672	36.2444	36.2035	36.2062	36.2093	36.2	36.1835	36.1581	36.1539	36.1367	36.1438	36.1208	36.1205	36.1392	36.1281	36.1247	36.0866	36.0914	36.0495	36.0877	36.09	36.0831	36.0548	36.0471	36.0473	36.0123	35.9995	35.9543	35.9963	36.0228	36.0091	35.9876	35.9729	35.9816	35.9531	35.9253	35.9184	35.9509	35.9183	35.9363	35.9226	35.9354	35.9165	35.8907	35.8918	35.9108	35.8769	35.8666	35.8782	35.8862	35.8409	35.8297	35.7713	35.777	35.841	35.841	35.8132	35.804	35.793	35.7869	35.7707	35.7308	35.7288	35.8024	35.8002	35.7827	35.7537	35.7278	35.6608	35.7237	35.7088	35.7008	35.6897	35.7025	35.7247	35.7001	35.7178	35.6585	35.5412	35.6053	35.6631	35.615	35.6456	35.6722	35.6463	35.6034	35.5319	35.5454	35.6403	35.6164	35.6055	35.6045	35.592	35.5352	35.5283	35.5971	35.533	35.5402	35.5503	35.5324	35.555	35.5007	35.4478	35.3412	35.3576	35.4109	35.3929	35.4104	35.3661	35.3542	35.3451	35.3029	35.3086	35.4761	35.3476	35.3252	35.3581	35.3043	35.2606	35.2378	35.259	35.3006	35.2761	35.253	35.1859	35.192	35.1768	35.1302	35.9672
Ssp-CGub_095-Ex1-cssl.clmp.r1r2_fastp	36.506	36.3649	36.344	36.3562	36.3759	36.3784	36.3511	36.3656	36.3647	36.3502	36.3896	36.3924	36.3915	36.3604	36.3273	36.3356	36.3278	36.3357	36.3465	36.3315	36.3249	36.3236	36.3076	36.2627	36.27	36.2711	36.2582	36.2464	36.2221	36.2216	36.2026	36.208	36.1878	36.1846	36.1962	36.1922	36.1865	36.1544	36.1531	36.1146	36.1564	36.1524	36.149	36.117	36.1147	36.1142	36.0809	36.0654	36.0226	36.0593	36.0816	36.0748	36.0539	36.0431	36.0441	36.0281	35.9969	35.9993	36.021	35.9877	36.0092	35.9967	36.0047	35.9871	35.9677	35.9608	35.9795	35.949	35.936	35.9514	35.9552	35.9123	35.9059	35.8391	35.8499	35.9096	35.9099	35.8784	35.8792	35.8647	35.859	35.8447	35.8015	35.8088	35.8699	35.8707	35.8564	35.8219	35.798	35.7375	35.7932	35.7816	35.7696	35.7658	35.7697	35.7858	35.7747	35.7899	35.7336	35.6172	35.6776	35.7315	35.6851	35.7182	35.7416	35.7099	35.6741	35.6003	35.6202	35.7136	35.6863	35.6713	35.6717	35.6636	35.6076	35.6047	35.6716	35.6078	35.6138	35.6195	35.6027	35.6251	35.5709	35.5173	35.4126	35.4388	35.4864	35.4651	35.4804	35.4422	35.4212	35.4191	35.3876	35.3915	35.5494	35.4147	35.4009	35.4273	35.3873	35.3405	35.3188	35.3378	35.3771	35.3408	35.3255	35.2676	35.2616	35.2561	35.2059	36.0011
Ssp-CGub_096-Ex1-cssl.clmp.r1r2_fastp	36.4396	36.2001	36.1634	36.1913	36.2159	36.215	36.187	36.2128	36.2127	36.1926	36.2413	36.2418	36.2434	36.2074	36.17	36.1805	36.1698	36.1814	36.1958	36.1714	36.161	36.166	36.1447	36.1019	36.1015	36.1072	36.0922	36.0799	36.0474	36.0457	36.0213	36.0341	36.0148	36.0065	36.0186	36.0183	36.0115	35.9701	35.9725	35.9335	35.9746	35.9743	35.9645	35.9303	35.929	35.926	35.8859	35.874	35.8307	35.861	35.8893	35.8829	35.8612	35.8417	35.8446	35.8179	35.7937	35.7982	35.8177	35.7846	35.8074	35.7964	35.8113	35.7794	35.7657	35.7573	35.7726	35.7465	35.7287	35.7474	35.7505	35.7	35.6973	35.6337	35.6347	35.699	35.7094	35.6679	35.6738	35.6512	35.6452	35.6316	35.5898	35.5935	35.66	35.6593	35.6472	35.613	35.5881	35.5273	35.587	35.5715	35.5603	35.5559	35.5637	35.5779	35.5669	35.5819	35.5218	35.4093	35.4676	35.5261	35.4777	35.5095	35.5351	35.512	35.468	35.3939	35.4044	35.5117	35.4896	35.474	35.4697	35.4606	35.407	35.3955	35.469	35.4079	35.41	35.414	35.4065	35.4336	35.3691	35.3167	35.2109	35.2272	35.2797	35.2618	35.2822	35.2393	35.2175	35.2118	35.1738	35.1866	35.3563	35.2228	35.2023	35.2367	35.1907	35.1519	35.1147	35.1384	35.1777	35.146	35.1327	35.0729	35.064	35.0607	35.027	35.9382
