filename	numreads	meanreadlength	meandepth_wcvg	numpos	numpos_wcvg	meandepth	pctpos_wcvg
/home/e1garcia/shotgun_PIRE/pire_cssl_data_processing/spratelloides_gracilis/raw_fq_capture/concatenated_files/mkBAMcontaminated/Sgr-AJol_011-Ex1-cssl.clmp.fp2_repr.ssl.SgC0072C_contam_R1R2_noIsolate-RG.bam	382787	83.2289	1.63787	919991268	12490089	0.0222362	1.35763
/home/e1garcia/shotgun_PIRE/pire_cssl_data_processing/spratelloides_gracilis/raw_fq_capture/concatenated_files/mkBAMcontaminated/Sgr-AJol_009-Ex1-cssl.clmp.fp2_repr.ssl.SgC0072C_contam_R1R2_noIsolate-RG.bam	575933	86.0764	1.75116	919991268	18170932	0.0345875	1.97512
/home/e1garcia/shotgun_PIRE/pire_cssl_data_processing/spratelloides_gracilis/raw_fq_capture/concatenated_files/mkBAMcontaminated/Sgr-AJol_021-Ex1-cssl.clmp.fp2_repr.ssl.SgC0072C_contam_R1R2_noIsolate-RG.bam	826793	86.6846	1.82707	919991268	25185866	0.0500182	2.73762
/home/e1garcia/shotgun_PIRE/pire_cssl_data_processing/spratelloides_gracilis/raw_fq_capture/concatenated_files/mkBAMcontaminated/Sgr-AJol_020-Ex1-cssl.clmp.fp2_repr.ssl.SgC0072C_contam_R1R2_noIsolate-RG.bam	850680	86.2008	1.8571	919991268	25418477	0.0513099	2.7629
/home/e1garcia/shotgun_PIRE/pire_cssl_data_processing/spratelloides_gracilis/raw_fq_capture/concatenated_files/mkBAMcontaminated/Sgr-AJol_012-Ex1-cssl.clmp.fp2_repr.ssl.SgC0072C_contam_R1R2_noIsolate-RG.bam	891528	85.642	1.88969	919991268	25942231	0.0532861	2.81983
/home/e1garcia/shotgun_PIRE/pire_cssl_data_processing/spratelloides_gracilis/raw_fq_capture/concatenated_files/mkBAMcontaminated/Sgr-AJol_010-Ex1-cssl.clmp.fp2_repr.ssl.SgC0072C_contam_R1R2_noIsolate-RG.bam	858218	90.0274	1.93248	919991268	25528014	0.0536227	2.77481
/home/e1garcia/shotgun_PIRE/pire_cssl_data_processing/spratelloides_gracilis/raw_fq_capture/concatenated_files/mkBAMcontaminated/Sgr-AJol_008-Ex1-cssl.clmp.fp2_repr.ssl.SgC0072C_contam_R1R2_noIsolate-RG.bam	983432	85.2509	1.8544	919991268	29040421	0.0585359	3.1566
/home/e1garcia/shotgun_PIRE/pire_cssl_data_processing/spratelloides_gracilis/raw_fq_capture/concatenated_files/mkBAMcontaminated/Sgr-AJol_006-Ex1-cssl.clmp.fp2_repr.ssl.SgC0072C_contam_R1R2_noIsolate-RG.bam	1097095	86.5004	1.94774	919991268	31280794	0.0662255	3.40012
/home/e1garcia/shotgun_PIRE/pire_cssl_data_processing/spratelloides_gracilis/raw_fq_capture/concatenated_files/mkBAMcontaminated/Sgr-AJol_022-Ex1-cssl.clmp.fp2_repr.ssl.SgC0072C_contam_R1R2_noIsolate-RG.bam	547295	91.0778	1.86389	919991268	17027357	0.0344972	1.85082
/home/e1garcia/shotgun_PIRE/pire_cssl_data_processing/spratelloides_gracilis/raw_fq_capture/concatenated_files/mkBAMcontaminated/Sgr-AJol_002-Ex1-cssl.clmp.fp2_repr.ssl.SgC0072C_contam_R1R2_noIsolate-RG.bam	1151719	82.4105	1.83934	919991268	32785511	0.0655481	3.56368
/home/e1garcia/shotgun_PIRE/pire_cssl_data_processing/spratelloides_gracilis/raw_fq_capture/concatenated_files/mkBAMcontaminated/Sgr-AJol_018-Ex1-cssl.clmp.fp2_repr.ssl.SgC0072C_contam_R1R2_noIsolate-RG.bam	1235864	86.1361	2.00882	919991268	34026497	0.0742976	3.69857
/home/e1garcia/shotgun_PIRE/pire_cssl_data_processing/spratelloides_gracilis/raw_fq_capture/concatenated_files/mkBAMcontaminated/Sgr-AJol_005-Ex1-cssl.clmp.fp2_repr.ssl.SgC0072C_contam_R1R2_noIsolate-RG.bam	1371450	84.0615	1.9701	919991268	37513313	0.0803323	4.07757
/home/e1garcia/shotgun_PIRE/pire_cssl_data_processing/spratelloides_gracilis/raw_fq_capture/concatenated_files/mkBAMcontaminated/Sgr-AJol_015-Ex1-cssl.clmp.fp2_repr.ssl.SgC0072C_contam_R1R2_noIsolate-RG.bam	1384627	85.4894	2.00922	919991268	37648038	0.0822216	4.09222
/home/e1garcia/shotgun_PIRE/pire_cssl_data_processing/spratelloides_gracilis/raw_fq_capture/concatenated_files/mkBAMcontaminated/Sgr-AJol_023-Ex1-cssl.clmp.fp2_repr.ssl.SgC0072C_contam_R1R2_noIsolate-RG.bam	793305	86.8311	1.84516	919991268	23969786	0.0480745	2.60544
/home/e1garcia/shotgun_PIRE/pire_cssl_data_processing/spratelloides_gracilis/raw_fq_capture/concatenated_files/mkBAMcontaminated/Sgr-AJol_007-Ex1-cssl.clmp.fp2_repr.ssl.SgC0072C_contam_R1R2_noIsolate-RG.bam	1618070	83.6529	2.05446	919991268	42186596	0.0942081	4.58554
/home/e1garcia/shotgun_PIRE/pire_cssl_data_processing/spratelloides_gracilis/raw_fq_capture/concatenated_files/mkBAMcontaminated/Sgr-AJol_017-Ex1-cssl.clmp.fp2_repr.ssl.SgC0072C_contam_R1R2_noIsolate-RG.bam	1701239	83.1905	1.98341	919991268	45746371	0.0986246	4.97248
/home/e1garcia/shotgun_PIRE/pire_cssl_data_processing/spratelloides_gracilis/raw_fq_capture/concatenated_files/mkBAMcontaminated/Sgr-AJol_013-Ex1-cssl.clmp.fp2_repr.ssl.SgC0072C_contam_R1R2_noIsolate-RG.bam	1872835	80.5933	2.00223	919991268	48434460	0.105411	5.26467
/home/e1garcia/shotgun_PIRE/pire_cssl_data_processing/spratelloides_gracilis/raw_fq_capture/concatenated_files/mkBAMcontaminated/Sgr-AJol_024-Ex1-cssl.clmp.fp2_repr.ssl.SgC0072C_contam_R1R2_noIsolate-RG.bam	877359	86.4124	1.95382	919991268	24822417	0.0527163	2.69811
/home/e1garcia/shotgun_PIRE/pire_cssl_data_processing/spratelloides_gracilis/raw_fq_capture/concatenated_files/mkBAMcontaminated/Sgr-AJol_016-Ex1-cssl.clmp.fp2_repr.ssl.SgC0072C_contam_R1R2_noIsolate-RG.bam	1911405	86.0257	2.08951	919991268	50360382	0.11438	5.47401
/home/e1garcia/shotgun_PIRE/pire_cssl_data_processing/spratelloides_gracilis/raw_fq_capture/concatenated_files/mkBAMcontaminated/Sgr-AJol_014-Ex1-cssl.clmp.fp2_repr.ssl.SgC0072C_contam_R1R2_noIsolate-RG.bam	2151913	83.0143	2.0908	919991268	54259689	0.123312	5.89785
/home/e1garcia/shotgun_PIRE/pire_cssl_data_processing/spratelloides_gracilis/raw_fq_capture/concatenated_files/mkBAMcontaminated/Sgr-AJol_004-Ex1-cssl.clmp.fp2_repr.ssl.SgC0072C_contam_R1R2_noIsolate-RG.bam	2297818	82.392	2.09936	919991268	57836265	0.131979	6.28661
/home/e1garcia/shotgun_PIRE/pire_cssl_data_processing/spratelloides_gracilis/raw_fq_capture/concatenated_files/mkBAMcontaminated/Sgr-AJol_001-Ex1-cssl.clmp.fp2_repr.ssl.SgC0072C_contam_R1R2_noIsolate-RG.bam	2414159	85.8776	2.2045	919991268	60427492	0.144797	6.56827
/home/e1garcia/shotgun_PIRE/pire_cssl_data_processing/spratelloides_gracilis/raw_fq_capture/concatenated_files/mkBAMcontaminated/Sgr-AJol_003-Ex1-cssl.clmp.fp2_repr.ssl.SgC0072C_contam_R1R2_noIsolate-RG.bam	2652564	86.3425	2.2726	919991268	64615648	0.159616	7.02351
/home/e1garcia/shotgun_PIRE/pire_cssl_data_processing/spratelloides_gracilis/raw_fq_capture/concatenated_files/mkBAMcontaminated/Sgr-AJol_027-Ex1-cssl.clmp.fp2_repr.ssl.SgC0072C_contam_R1R2_noIsolate-RG.bam	1570860	90.6532	2.15325	919991268	42296319	0.098995	4.59747
/home/e1garcia/shotgun_PIRE/pire_cssl_data_processing/spratelloides_gracilis/raw_fq_capture/concatenated_files/mkBAMcontaminated/Sgr-AJol_032-Ex1-cssl.clmp.fp2_repr.ssl.SgC0072C_contam_R1R2_noIsolate-RG.bam	1496059	85.6295	2.05609	919991268	40070947	0.0895546	4.35558
/home/e1garcia/shotgun_PIRE/pire_cssl_data_processing/spratelloides_gracilis/raw_fq_capture/concatenated_files/mkBAMcontaminated/Sgr-AJol_035-Ex1-cssl.clmp.fp2_repr.ssl.SgC0072C_contam_R1R2_noIsolate-RG.bam	1438155	92.9382	2.18072	919991268	39338583	0.093247	4.27597
/home/e1garcia/shotgun_PIRE/pire_cssl_data_processing/spratelloides_gracilis/raw_fq_capture/concatenated_files/mkBAMcontaminated/Sgr-AJol_025-Ex1-cssl.clmp.fp2_repr.ssl.SgC0072C_contam_R1R2_noIsolate-RG.bam	2128705	87.0407	2.14317	919991268	55480286	0.129244	6.03052
/home/e1garcia/shotgun_PIRE/pire_cssl_data_processing/spratelloides_gracilis/raw_fq_capture/concatenated_files/mkBAMcontaminated/Sgr-AJol_029-Ex1-cssl.clmp.fp2_repr.ssl.SgC0072C_contam_R1R2_noIsolate-RG.bam	1639191	92.1593	2.17839	919991268	44457696	0.105269	4.8324
/home/e1garcia/shotgun_PIRE/pire_cssl_data_processing/spratelloides_gracilis/raw_fq_capture/concatenated_files/mkBAMcontaminated/Sgr-AJol_034-Ex1-cssl.clmp.fp2_repr.ssl.SgC0072C_contam_R1R2_noIsolate-RG.bam	1479066	91.0651	2.11067	919991268	40810992	0.0936297	4.43602
/home/e1garcia/shotgun_PIRE/pire_cssl_data_processing/spratelloides_gracilis/raw_fq_capture/concatenated_files/mkBAMcontaminated/Sgr-AJol_028-Ex1-cssl.clmp.fp2_repr.ssl.SgC0072C_contam_R1R2_noIsolate-RG.bam	2039307	89.6707	2.16393	919991268	54058796	0.127153	5.87601
/home/e1garcia/shotgun_PIRE/pire_cssl_data_processing/spratelloides_gracilis/raw_fq_capture/concatenated_files/mkBAMcontaminated/Sgr-AJol_036-Ex1-cssl.clmp.fp2_repr.ssl.SgC0072C_contam_R1R2_noIsolate-RG.bam	1281650	90.1155	1.54293	919991268	45070367	0.0755881	4.899
/home/e1garcia/shotgun_PIRE/pire_cssl_data_processing/spratelloides_gracilis/raw_fq_capture/concatenated_files/mkBAMcontaminated/Sgr-AJol_031-Ex1-cssl.clmp.fp2_repr.ssl.SgC0072C_contam_R1R2_noIsolate-RG.bam	1992332	92.7284	2.27408	919991268	51801378	0.128045	5.63064
/home/e1garcia/shotgun_PIRE/pire_cssl_data_processing/spratelloides_gracilis/raw_fq_capture/concatenated_files/mkBAMcontaminated/Sgr-AJol_026-Ex1-cssl.clmp.fp2_repr.ssl.SgC0072C_contam_R1R2_noIsolate-RG.bam	2439536	89.3527	2.2878	919991268	60398382	0.150196	6.5651
/home/e1garcia/shotgun_PIRE/pire_cssl_data_processing/spratelloides_gracilis/raw_fq_capture/concatenated_files/mkBAMcontaminated/Sgr-AJol_030-Ex1-cssl.clmp.fp2_repr.ssl.SgC0072C_contam_R1R2_noIsolate-RG.bam	1986524	87.2378	2.22801	919991268	49911595	0.120875	5.42522
/home/e1garcia/shotgun_PIRE/pire_cssl_data_processing/spratelloides_gracilis/raw_fq_capture/concatenated_files/mkBAMcontaminated/Sgr-AJol_037-Ex1-cssl.clmp.fp2_repr.ssl.SgC0072C_contam_R1R2_noIsolate-RG.bam	1965614	84.9996	2.10172	919991268	50818671	0.116095	5.52382
/home/e1garcia/shotgun_PIRE/pire_cssl_data_processing/spratelloides_gracilis/raw_fq_capture/concatenated_files/mkBAMcontaminated/Sgr-AJol_045-Ex1-cssl.clmp.fp2_repr.ssl.SgC0072C_contam_R1R2_noIsolate-RG.bam	1251957	91.5373	2.07254	919991268	35345009	0.0796246	3.84189
/home/e1garcia/shotgun_PIRE/pire_cssl_data_processing/spratelloides_gracilis/raw_fq_capture/concatenated_files/mkBAMcontaminated/Sgr-AJol_044-Ex1-cssl.clmp.fp2_repr.ssl.SgC0072C_contam_R1R2_noIsolate-RG.bam	1691084	90.5184	2.18213	919991268	44851527	0.106383	4.87521
/home/e1garcia/shotgun_PIRE/pire_cssl_data_processing/spratelloides_gracilis/raw_fq_capture/concatenated_files/mkBAMcontaminated/Sgr-AJol_042-Ex1-cssl.clmp.fp2_repr.ssl.SgC0072C_contam_R1R2_noIsolate-RG.bam	2090178	95.6447	2.42179	919991268	52612390	0.138497	5.71879
/home/e1garcia/shotgun_PIRE/pire_cssl_data_processing/spratelloides_gracilis/raw_fq_capture/concatenated_files/mkBAMcontaminated/Sgr-AJol_041-Ex1-cssl.clmp.fp2_repr.ssl.SgC0072C_contam_R1R2_noIsolate-RG.bam	2034160	89.3683	2.1845	919991268	53097016	0.126078	5.77147
/home/e1garcia/shotgun_PIRE/pire_cssl_data_processing/spratelloides_gracilis/raw_fq_capture/concatenated_files/mkBAMcontaminated/Sgr-AJol_039-Ex1-cssl.clmp.fp2_repr.ssl.SgC0072C_contam_R1R2_noIsolate-RG.bam	2743490	89.0685	2.38463	919991268	65428342	0.169591	7.11184
/home/e1garcia/shotgun_PIRE/pire_cssl_data_processing/spratelloides_gracilis/raw_fq_capture/concatenated_files/mkBAMcontaminated/Sgr-AJol_055-Ex1-cssl.clmp.fp2_repr.ssl.SgC0072C_contam_R1R2_noIsolate-RG.bam	1170897	89.7488	1.96373	919991268	34065904	0.072714	3.70285
/home/e1garcia/shotgun_PIRE/pire_cssl_data_processing/spratelloides_gracilis/raw_fq_capture/concatenated_files/mkBAMcontaminated/Sgr-AJol_043-Ex1-cssl.clmp.fp2_repr.ssl.SgC0072C_contam_R1R2_noIsolate-RG.bam	2738686	96.6314	2.53118	919991268	66431812	0.182774	7.22092
/home/e1garcia/shotgun_PIRE/pire_cssl_data_processing/spratelloides_gracilis/raw_fq_capture/concatenated_files/mkBAMcontaminated/Sgr-AJol_048-Ex1-cssl.clmp.fp2_repr.ssl.SgC0072C_contam_R1R2_noIsolate-RG.bam	2280117	90.2538	2.36363	919991268	55668016	0.143022	6.05093
/home/e1garcia/shotgun_PIRE/pire_cssl_data_processing/spratelloides_gracilis/raw_fq_capture/concatenated_files/mkBAMcontaminated/Sgr-AJol_059-Ex1-cssl.clmp.fp2_repr.ssl.SgC0072C_contam_R1R2_noIsolate-RG.bam	1211381	92.0166	2.0914	919991268	34245226	0.0778491	3.72234
/home/e1garcia/shotgun_PIRE/pire_cssl_data_processing/spratelloides_gracilis/raw_fq_capture/concatenated_files/mkBAMcontaminated/Sgr-AJol_056-Ex1-cssl.clmp.fp2_repr.ssl.SgC0072C_contam_R1R2_noIsolate-RG.bam	1692954	89.332	2.09274	919991268	46342786	0.105418	5.03731
/home/e1garcia/shotgun_PIRE/pire_cssl_data_processing/spratelloides_gracilis/raw_fq_capture/concatenated_files/mkBAMcontaminated/Sgr-AJol_054-Ex1-cssl.clmp.fp2_repr.ssl.SgC0072C_contam_R1R2_noIsolate-RG.bam	1856533	87.7914	2.18576	919991268	47805631	0.113579	5.19631
/home/e1garcia/shotgun_PIRE/pire_cssl_data_processing/spratelloides_gracilis/raw_fq_capture/concatenated_files/mkBAMcontaminated/Sgr-AJol_058-Ex1-cssl.clmp.fp2_repr.ssl.SgC0072C_contam_R1R2_noIsolate-RG.bam	1390625	89.3167	2.07794	919991268	38209700	0.0863024	4.15327
/home/e1garcia/shotgun_PIRE/pire_cssl_data_processing/spratelloides_gracilis/raw_fq_capture/concatenated_files/mkBAMcontaminated/Sgr-AJol_049-Ex1-cssl.clmp.fp2_repr.ssl.SgC0072C_contam_R1R2_noIsolate-RG.bam	2329331	89.9151	2.20701	919991268	60848409	0.145972	6.61402
/home/e1garcia/shotgun_PIRE/pire_cssl_data_processing/spratelloides_gracilis/raw_fq_capture/concatenated_files/mkBAMcontaminated/Sgr-AJol_053-Ex1-cssl.clmp.fp2_repr.ssl.SgC0072C_contam_R1R2_noIsolate-RG.bam	2090333	93.2752	2.28103	919991268	54639444	0.135473	5.93913
/home/e1garcia/shotgun_PIRE/pire_cssl_data_processing/spratelloides_gracilis/raw_fq_capture/concatenated_files/mkBAMcontaminated/Sgr-AJol_060-Ex1-cssl.clmp.fp2_repr.ssl.SgC0072C_contam_R1R2_noIsolate-RG.bam	1423868	92.6844	2.20153	919991268	38386343	0.0918581	4.17247
/home/e1garcia/shotgun_PIRE/pire_cssl_data_processing/spratelloides_gracilis/raw_fq_capture/concatenated_files/mkBAMcontaminated/Sgr-AJol_057-Ex1-cssl.clmp.fp2_repr.ssl.SgC0072C_contam_R1R2_noIsolate-RG.bam	2347551	90.0619	2.2551	919991268	60085481	0.147283	6.53109
/home/e1garcia/shotgun_PIRE/pire_cssl_data_processing/spratelloides_gracilis/raw_fq_capture/concatenated_files/mkBAMcontaminated/Sgr-AJol_051-Ex1-cssl.clmp.fp2_repr.ssl.SgC0072C_contam_R1R2_noIsolate-RG.bam	3194879	86.2024	2.33794	919991268	75519051	0.191914	8.20867
/home/e1garcia/shotgun_PIRE/pire_cssl_data_processing/spratelloides_gracilis/raw_fq_capture/concatenated_files/mkBAMcontaminated/Sgr-AJol_052-Ex1-cssl.clmp.fp2_repr.ssl.SgC0072C_contam_R1R2_noIsolate-RG.bam	2864091	85.312	2.20894	919991268	70865463	0.170151	7.70284
/home/e1garcia/shotgun_PIRE/pire_cssl_data_processing/spratelloides_gracilis/raw_fq_capture/concatenated_files/mkBAMcontaminated/Sgr-AJol_070-Ex1-cssl.clmp.fp2_repr.ssl.SgC0072C_contam_R1R2_noIsolate-RG.bam	954625	93.15	2.00243	919991268	28366084	0.0617409	3.0833
/home/e1garcia/shotgun_PIRE/pire_cssl_data_processing/spratelloides_gracilis/raw_fq_capture/concatenated_files/mkBAMcontaminated/Sgr-AJol_061-Ex1-cssl.clmp.fp2_repr.ssl.SgC0072C_contam_R1R2_noIsolate-RG.bam	2443585	87.0761	2.22529	919991268	61187787	0.148002	6.65091
/home/e1garcia/shotgun_PIRE/pire_cssl_data_processing/spratelloides_gracilis/raw_fq_capture/concatenated_files/mkBAMcontaminated/Sgr-AJol_073-Ex1-cssl.clmp.fp2_repr.ssl.SgC0072C_contam_R1R2_noIsolate-RG.bam	1208423	88.6822	1.95658	919991268	35083844	0.0746141	3.8135
/home/e1garcia/shotgun_PIRE/pire_cssl_data_processing/spratelloides_gracilis/raw_fq_capture/concatenated_files/mkBAMcontaminated/Sgr-AJol_068-Ex1-cssl.clmp.fp2_repr.ssl.SgC0072C_contam_R1R2_noIsolate-RG.bam	1480061	90.9213	2.07833	919991268	41484087	0.0937157	4.50918
/home/e1garcia/shotgun_PIRE/pire_cssl_data_processing/spratelloides_gracilis/raw_fq_capture/concatenated_files/mkBAMcontaminated/Sgr-AJol_064-Ex1-cssl.clmp.fp2_repr.ssl.SgC0072C_contam_R1R2_noIsolate-RG.bam	2018043	91.5605	2.20605	919991268	53462030	0.128197	5.81115
/home/e1garcia/shotgun_PIRE/pire_cssl_data_processing/spratelloides_gracilis/raw_fq_capture/concatenated_files/mkBAMcontaminated/Sgr-AJol_063-Ex1-cssl.clmp.fp2_repr.ssl.SgC0072C_contam_R1R2_noIsolate-RG.bam	2419556	88.1339	2.23295	919991268	61028843	0.148126	6.63363
/home/e1garcia/shotgun_PIRE/pire_cssl_data_processing/spratelloides_gracilis/raw_fq_capture/concatenated_files/mkBAMcontaminated/Sgr-AJol_038-Ex1-cssl.clmp.fp2_repr.ssl.SgC0072C_contam_R1R2_noIsolate-RG.bam	4865257	89.8341	1.69726	919991268	154443314	0.284927	16.7875
/home/e1garcia/shotgun_PIRE/pire_cssl_data_processing/spratelloides_gracilis/raw_fq_capture/concatenated_files/mkBAMcontaminated/Sgr-AJol_071-Ex1-cssl.clmp.fp2_repr.ssl.SgC0072C_contam_R1R2_noIsolate-RG.bam	1816843	93.0291	2.25886	919991268	48044510	0.117964	5.22228
/home/e1garcia/shotgun_PIRE/pire_cssl_data_processing/spratelloides_gracilis/raw_fq_capture/concatenated_files/mkBAMcontaminated/Sgr-AJol_069-Ex1-cssl.clmp.fp2_repr.ssl.SgC0072C_contam_R1R2_noIsolate-RG.bam	1891229	106.201	2.80073	919991268	45715064	0.13917	4.96908
/home/e1garcia/shotgun_PIRE/pire_cssl_data_processing/spratelloides_gracilis/raw_fq_capture/concatenated_files/mkBAMcontaminated/Sgr-AJol_076-Ex1-cssl.clmp.fp2_repr.ssl.SgC0072C_contam_R1R2_noIsolate-RG.bam	1085428	94.7388	2.06296	919991268	31793677	0.0712932	3.45587
/home/e1garcia/shotgun_PIRE/pire_cssl_data_processing/spratelloides_gracilis/raw_fq_capture/concatenated_files/mkBAMcontaminated/Sgr-AJol_072-Ex1-cssl.clmp.fp2_repr.ssl.SgC0072C_contam_R1R2_noIsolate-RG.bam	2338757	92.4014	2.39367	919991268	57850963	0.150519	6.28821
/home/e1garcia/shotgun_PIRE/pire_cssl_data_processing/spratelloides_gracilis/raw_fq_capture/concatenated_files/mkBAMcontaminated/Sgr-AJol_046-Ex1-cssl.clmp.fp2_repr.ssl.SgC0072C_contam_R1R2_noIsolate-RG.bam	4865289	89.7404	1.76464	919991268	148960642	0.285722	16.1915
/home/e1garcia/shotgun_PIRE/pire_cssl_data_processing/spratelloides_gracilis/raw_fq_capture/concatenated_files/mkBAMcontaminated/Sgr-AJol_075-Ex1-cssl.clmp.fp2_repr.ssl.SgC0072C_contam_R1R2_noIsolate-RG.bam	2223348	90.4683	2.26601	919991268	56766440	0.13982	6.17032
/home/e1garcia/shotgun_PIRE/pire_cssl_data_processing/spratelloides_gracilis/raw_fq_capture/concatenated_files/mkBAMcontaminated/Sgr-AJol_074-Ex1-cssl.clmp.fp2_repr.ssl.SgC0072C_contam_R1R2_noIsolate-RG.bam	2341176	90.7337	2.2979	919991268	58587550	0.146337	6.36827
/home/e1garcia/shotgun_PIRE/pire_cssl_data_processing/spratelloides_gracilis/raw_fq_capture/concatenated_files/mkBAMcontaminated/Sgr-AJol_067-Ex1-cssl.clmp.fp2_repr.ssl.SgC0072C_contam_R1R2_noIsolate-RG.bam	3084098	88.9166	2.39666	919991268	73047299	0.190295	7.94
/home/e1garcia/shotgun_PIRE/pire_cssl_data_processing/spratelloides_gracilis/raw_fq_capture/concatenated_files/mkBAMcontaminated/Sgr-AJol_066-Ex1-cssl.clmp.fp2_repr.ssl.SgC0072C_contam_R1R2_noIsolate-RG.bam	3378589	85.3034	2.36194	919991268	78293360	0.201006	8.51023
/home/e1garcia/shotgun_PIRE/pire_cssl_data_processing/spratelloides_gracilis/raw_fq_capture/concatenated_files/mkBAMcontaminated/Sgr-AJol_077-Ex1-cssl.clmp.fp2_repr.ssl.SgC0072C_contam_R1R2_noIsolate-RG.bam	1933576	92.957	2.26411	919991268	50788768	0.124992	5.52057
/home/e1garcia/shotgun_PIRE/pire_cssl_data_processing/spratelloides_gracilis/raw_fq_capture/concatenated_files/mkBAMcontaminated/Sgr-AJol_078-Ex1-cssl.clmp.fp2_repr.ssl.SgC0072C_contam_R1R2_noIsolate-RG.bam	2084577	91.6104	2.36494	919991268	51689143	0.132873	5.61844
/home/e1garcia/shotgun_PIRE/pire_cssl_data_processing/spratelloides_gracilis/raw_fq_capture/concatenated_files/mkBAMcontaminated/Sgr-AJol_079-Ex1-cssl.clmp.fp2_repr.ssl.SgC0072C_contam_R1R2_noIsolate-RG.bam	1971780	91.3654	2.3387	919991268	48988157	0.124532	5.32485
/home/e1garcia/shotgun_PIRE/pire_cssl_data_processing/spratelloides_gracilis/raw_fq_capture/concatenated_files/mkBAMcontaminated/Sgr-AJol_080-Ex1-cssl.clmp.fp2_repr.ssl.SgC0072C_contam_R1R2_noIsolate-RG.bam	1839759	94.3617	2.33768	919991268	47562327	0.120855	5.16987
/home/e1garcia/shotgun_PIRE/pire_cssl_data_processing/spratelloides_gracilis/raw_fq_capture/concatenated_files/mkBAMcontaminated/Sgr-AJol_085-Ex1-cssl.clmp.fp2_repr.ssl.SgC0072C_contam_R1R2_noIsolate-RG.bam	1443489	87.684	2.03793	919991268	39676112	0.087889	4.31266
/home/e1garcia/shotgun_PIRE/pire_cssl_data_processing/spratelloides_gracilis/raw_fq_capture/concatenated_files/mkBAMcontaminated/Sgr-AJol_086-Ex1-cssl.clmp.fp2_repr.ssl.SgC0072C_contam_R1R2_noIsolate-RG.bam	1594191	87.7195	2.05858	919991268	43042813	0.096313	4.67861
/home/e1garcia/shotgun_PIRE/pire_cssl_data_processing/spratelloides_gracilis/raw_fq_capture/concatenated_files/mkBAMcontaminated/Sgr-AJol_062-Ex1-cssl.clmp.fp2_repr.ssl.SgC0072C_contam_R1R2_noIsolate-RG.bam	4634658	87.1053	1.69012	919991268	144659946	0.265755	15.7241
/home/e1garcia/shotgun_PIRE/pire_cssl_data_processing/spratelloides_gracilis/raw_fq_capture/concatenated_files/mkBAMcontaminated/Sgr-AJol_081-Ex1-cssl.clmp.fp2_repr.ssl.SgC0072C_contam_R1R2_noIsolate-RG.bam	2630552	88.6576	2.37009	919991268	63229506	0.162892	6.87284
/home/e1garcia/shotgun_PIRE/pire_cssl_data_processing/spratelloides_gracilis/raw_fq_capture/concatenated_files/mkBAMcontaminated/Sgr-AJol_093-Ex1-cssl.clmp.fp2_repr.ssl.SgC0072C_contam_R1R2_noIsolate-RG.bam	1180053	93.7097	2.06531	919991268	34270298	0.0769342	3.72507
/home/e1garcia/shotgun_PIRE/pire_cssl_data_processing/spratelloides_gracilis/raw_fq_capture/concatenated_files/mkBAMcontaminated/Sgr-AJol_050-Ex1-cssl.clmp.fp2_repr.ssl.SgC0072C_contam_R1R2_noIsolate-RG.bam	6277271	90.7187	1.78119	919991268	192279071	0.37227	20.9001
/home/e1garcia/shotgun_PIRE/pire_cssl_data_processing/spratelloides_gracilis/raw_fq_capture/concatenated_files/mkBAMcontaminated/Sgr-AJol_083-Ex1-cssl.clmp.fp2_repr.ssl.SgC0072C_contam_R1R2_noIsolate-RG.bam	2512589	92.2794	2.40932	919991268	61834873	0.161936	6.72125
/home/e1garcia/shotgun_PIRE/pire_cssl_data_processing/spratelloides_gracilis/raw_fq_capture/concatenated_files/mkBAMcontaminated/Sgr-AJol_084-Ex1-cssl.clmp.fp2_repr.ssl.SgC0072C_contam_R1R2_noIsolate-RG.bam	2625026	90.006	2.42865	919991268	62479510	0.164937	6.79132
/home/e1garcia/shotgun_PIRE/pire_cssl_data_processing/spratelloides_gracilis/raw_fq_capture/concatenated_files/mkBAMcontaminated/Sgr-AJol_095-Ex1-cssl.clmp.fp2_repr.ssl.SgC0072C_contam_R1R2_noIsolate-RG.bam	1006422	89.9956	2.00995	919991268	28692332	0.0626855	3.11876
/home/e1garcia/shotgun_PIRE/pire_cssl_data_processing/spratelloides_gracilis/raw_fq_capture/concatenated_files/mkBAMcontaminated/Sgr-AJol_082-Ex1-cssl.clmp.fp2_repr.ssl.SgC0072C_contam_R1R2_noIsolate-RG.bam	2657212	90.4571	2.39206	919991268	64297722	0.16718	6.98895
/home/e1garcia/shotgun_PIRE/pire_cssl_data_processing/spratelloides_gracilis/raw_fq_capture/concatenated_files/mkBAMcontaminated/Sgr-AJol_047-Ex1-cssl.clmp.fp2_repr.ssl.SgC0072C_contam_R1R2_noIsolate-RG.bam	6489349	93.3046	1.88161	919991268	193939124	0.396654	21.0805
/home/e1garcia/shotgun_PIRE/pire_cssl_data_processing/spratelloides_gracilis/raw_fq_capture/concatenated_files/mkBAMcontaminated/Sgr-AJol_092-Ex1-cssl.clmp.fp2_repr.ssl.SgC0072C_contam_R1R2_noIsolate-RG.bam	1526357	91.2807	2.2688	919991268	39227291	0.0967388	4.26388
/home/e1garcia/shotgun_PIRE/pire_cssl_data_processing/spratelloides_gracilis/raw_fq_capture/concatenated_files/mkBAMcontaminated/Sgr-AMvi_001-Ex1-cssl.clmp.fp2_repr.ssl.SgC0072C_contam_R1R2_noIsolate-RG.bam	798455	92.3209	1.95154	919991268	24173349	0.0512779	2.62756
/home/e1garcia/shotgun_PIRE/pire_cssl_data_processing/spratelloides_gracilis/raw_fq_capture/concatenated_files/mkBAMcontaminated/Sgr-AJol_089-Ex1-cssl.clmp.fp2_repr.ssl.SgC0072C_contam_R1R2_noIsolate-RG.bam	1751144	87.4269	2.03602	919991268	48023149	0.106279	5.21996
/home/e1garcia/shotgun_PIRE/pire_cssl_data_processing/spratelloides_gracilis/raw_fq_capture/concatenated_files/mkBAMcontaminated/Sgr-AMvi_012-Ex1-cssl.clmp.fp2_repr.ssl.SgC0072C_contam_R1R2_noIsolate-RG.bam	78504	96.7152	1.65604	919991268	2922470	0.00526062	0.317663
/home/e1garcia/shotgun_PIRE/pire_cssl_data_processing/spratelloides_gracilis/raw_fq_capture/concatenated_files/mkBAMcontaminated/Sgr-AMvi_015-Ex1-cssl.clmp.fp2_repr.ssl.SgC0072C_contam_R1R2_noIsolate-RG.bam	65456	99.9636	1.40539	919991268	2970401	0.00453762	0.322873
/home/e1garcia/shotgun_PIRE/pire_cssl_data_processing/spratelloides_gracilis/raw_fq_capture/concatenated_files/mkBAMcontaminated/Sgr-AJol_087-Ex1-cssl.clmp.fp2_repr.ssl.SgC0072C_contam_R1R2_noIsolate-RG.bam	2588100	87.2025	2.21083	919991268	65324581	0.156981	7.10057
/home/e1garcia/shotgun_PIRE/pire_cssl_data_processing/spratelloides_gracilis/raw_fq_capture/concatenated_files/mkBAMcontaminated/Sgr-AMvi_019-Ex1-cssl.clmp.fp2_repr.ssl.SgC0072C_contam_R1R2_noIsolate-RG.bam	338311	93.6851	1.86133	919991268	10941023	0.0221359	1.18925
/home/e1garcia/shotgun_PIRE/pire_cssl_data_processing/spratelloides_gracilis/raw_fq_capture/concatenated_files/mkBAMcontaminated/Sgr-AMvi_014-Ex1-cssl.clmp.fp2_repr.ssl.SgC0072C_contam_R1R2_noIsolate-RG.bam	513936	92.5576	1.77432	919991268	17114836	0.0330081	1.86033
/home/e1garcia/shotgun_PIRE/pire_cssl_data_processing/spratelloides_gracilis/raw_fq_capture/concatenated_files/mkBAMcontaminated/Sgr-AMvi_025-Ex1-cssl.clmp.fp2_repr.ssl.SgC0072C_contam_R1R2_noIsolate-RG.bam	149911	80.24	1.66301	919991268	4626255	0.00836259	0.502859
/home/e1garcia/shotgun_PIRE/pire_cssl_data_processing/spratelloides_gracilis/raw_fq_capture/concatenated_files/mkBAMcontaminated/Sgr-AMvi_002-Ex1-cssl.clmp.fp2_repr.ssl.SgC0072C_contam_R1R2_noIsolate-RG.bam	1522990	103.92	2.88323	919991268	34788550	0.109026	3.7814
/home/e1garcia/shotgun_PIRE/pire_cssl_data_processing/spratelloides_gracilis/raw_fq_capture/concatenated_files/mkBAMcontaminated/Sgr-AJol_091-Ex1-cssl.clmp.fp2_repr.ssl.SgC0072C_contam_R1R2_noIsolate-RG.bam	2360155	90.1951	2.3261	919991268	58245743	0.147268	6.33112
/home/e1garcia/shotgun_PIRE/pire_cssl_data_processing/spratelloides_gracilis/raw_fq_capture/concatenated_files/mkBAMcontaminated/Sgr-AMvi_003-Ex1-cssl.clmp.fp2_repr.ssl.SgC0072C_contam_R1R2_noIsolate-RG.bam	1503228	97.0925	2.22689	919991268	42027509	0.10173	4.56825
/home/e1garcia/shotgun_PIRE/pire_cssl_data_processing/spratelloides_gracilis/raw_fq_capture/concatenated_files/mkBAMcontaminated/Sgr-AMvi_020-Ex1-cssl.clmp.fp2_repr.ssl.SgC0072C_contam_R1R2_noIsolate-RG.bam	654053	93.1154	2.09855	919991268	18538266	0.0422868	2.01505
/home/e1garcia/shotgun_PIRE/pire_cssl_data_processing/spratelloides_gracilis/raw_fq_capture/concatenated_files/mkBAMcontaminated/Sgr-AMvi_011-Ex1-cssl.clmp.fp2_repr.ssl.SgC0072C_contam_R1R2_noIsolate-RG.bam	868779	93.6007	2.00504	919991268	26043175	0.0567588	2.83081
/home/e1garcia/shotgun_PIRE/pire_cssl_data_processing/spratelloides_gracilis/raw_fq_capture/concatenated_files/mkBAMcontaminated/Sgr-AMvi_018-Ex1-cssl.clmp.fp2_repr.ssl.SgC0072C_contam_R1R2_noIsolate-RG.bam	915007	90.5412	2.10552	919991268	24989187	0.057191	2.71624
/home/e1garcia/shotgun_PIRE/pire_cssl_data_processing/spratelloides_gracilis/raw_fq_capture/concatenated_files/mkBAMcontaminated/Sgr-AMvi_009-Ex1-cssl.clmp.fp2_repr.ssl.SgC0072C_contam_R1R2_noIsolate-RG.bam	936746	93.7867	2.16846	919991268	25958180	0.0611846	2.82157
/home/e1garcia/shotgun_PIRE/pire_cssl_data_processing/spratelloides_gracilis/raw_fq_capture/concatenated_files/mkBAMcontaminated/Sgr-AMvi_013-Ex1-cssl.clmp.fp2_repr.ssl.SgC0072C_contam_R1R2_noIsolate-RG.bam	930954	92.6417	2.21754	919991268	24707470	0.0595547	2.68562
/home/e1garcia/shotgun_PIRE/pire_cssl_data_processing/spratelloides_gracilis/raw_fq_capture/concatenated_files/mkBAMcontaminated/Sgr-AMvi_004-Ex1-cssl.clmp.fp2_repr.ssl.SgC0072C_contam_R1R2_noIsolate-RG.bam	1293547	90.5232	2.10984	919991268	35575707	0.0815867	3.86696
/home/e1garcia/shotgun_PIRE/pire_cssl_data_processing/spratelloides_gracilis/raw_fq_capture/concatenated_files/mkBAMcontaminated/Sgr-AMvi_005-Ex1-cssl.clmp.fp2_repr.ssl.SgC0072C_contam_R1R2_noIsolate-RG.bam	1328357	90.0084	2.18534	919991268	35053034	0.0832647	3.81015
/home/e1garcia/shotgun_PIRE/pire_cssl_data_processing/spratelloides_gracilis/raw_fq_capture/concatenated_files/mkBAMcontaminated/Sgr-AMvi_027-Ex1-cssl.clmp.fp2_repr.ssl.SgC0072C_contam_R1R2_noIsolate-RG.bam	418687	97.7566	1.84126	919991268	14220751	0.0284612	1.54575
/home/e1garcia/shotgun_PIRE/pire_cssl_data_processing/spratelloides_gracilis/raw_fq_capture/concatenated_files/mkBAMcontaminated/Sgr-AJol_094-Ex1-cssl.clmp.fp2_repr.ssl.SgC0072C_contam_R1R2_noIsolate-RG.bam	2715805	92.436	2.49363	919991268	64071424	0.173665	6.96435
/home/e1garcia/shotgun_PIRE/pire_cssl_data_processing/spratelloides_gracilis/raw_fq_capture/concatenated_files/mkBAMcontaminated/Sgr-AMvi_006-Ex1-cssl.clmp.fp2_repr.ssl.SgC0072C_contam_R1R2_noIsolate-RG.bam	1260890	88.9019	2.08086	919991268	34161929	0.0772683	3.71329
/home/e1garcia/shotgun_PIRE/pire_cssl_data_processing/spratelloides_gracilis/raw_fq_capture/concatenated_files/mkBAMcontaminated/Sgr-AMvi_023-Ex1-cssl.clmp.fp2_repr.ssl.SgC0072C_contam_R1R2_noIsolate-RG.bam	995466	91.4425	2.08178	919991268	27936981	0.0632165	3.03666
/home/e1garcia/shotgun_PIRE/pire_cssl_data_processing/spratelloides_gracilis/raw_fq_capture/concatenated_files/mkBAMcontaminated/Sgr-AMvi_022-Ex1-cssl.clmp.fp2_repr.ssl.SgC0072C_contam_R1R2_noIsolate-RG.bam	1214608	97.3521	2.30705	919991268	32526056	0.0815652	3.53547
/home/e1garcia/shotgun_PIRE/pire_cssl_data_processing/spratelloides_gracilis/raw_fq_capture/concatenated_files/mkBAMcontaminated/Sgr-AMvi_032-Ex1-cssl.clmp.fp2_repr.ssl.SgC0072C_contam_R1R2_noIsolate-RG.bam	766858	94.3915	2.26479	919991268	20322009	0.0500277	2.20893
/home/e1garcia/shotgun_PIRE/pire_cssl_data_processing/spratelloides_gracilis/raw_fq_capture/concatenated_files/mkBAMcontaminated/Sgr-AMvi_029-Ex1-cssl.clmp.fp2_repr.ssl.SgC0072C_contam_R1R2_noIsolate-RG.bam	953051	94.5063	2.08058	919991268	27910244	0.0631196	3.03375
/home/e1garcia/shotgun_PIRE/pire_cssl_data_processing/spratelloides_gracilis/raw_fq_capture/concatenated_files/mkBAMcontaminated/Sgr-AMvi_036-Ex1-cssl.clmp.fp2_repr.ssl.SgC0072C_contam_R1R2_noIsolate-RG.bam	657021	94.182	2.15605	919991268	18437298	0.0432088	2.00407
/home/e1garcia/shotgun_PIRE/pire_cssl_data_processing/spratelloides_gracilis/raw_fq_capture/concatenated_files/mkBAMcontaminated/Sgr-AMvi_030-Ex1-cssl.clmp.fp2_repr.ssl.SgC0072C_contam_R1R2_noIsolate-RG.bam	1178523	94.7409	2.28846	919991268	31161537	0.0775137	3.38716
/home/e1garcia/shotgun_PIRE/pire_cssl_data_processing/spratelloides_gracilis/raw_fq_capture/concatenated_files/mkBAMcontaminated/Sgr-AMvi_034-Ex1-cssl.clmp.fp2_repr.ssl.SgC0072C_contam_R1R2_noIsolate-RG.bam	1053034	93.5259	2.35816	919991268	26301850	0.067418	2.85892
/home/e1garcia/shotgun_PIRE/pire_cssl_data_processing/spratelloides_gracilis/raw_fq_capture/concatenated_files/mkBAMcontaminated/Sgr-AJol_096-Ex1-cssl.clmp.fp2_repr.ssl.SgC0072C_contam_R1R2_noIsolate-RG.bam	2475422	94.1405	1.61276	919991268	87122816	0.152728	9.46996
/home/e1garcia/shotgun_PIRE/pire_cssl_data_processing/spratelloides_gracilis/raw_fq_capture/concatenated_files/mkBAMcontaminated/Sgr-AMvi_049-Ex1-cssl.clmp.fp2_repr.ssl.SgC0072C_contam_R1R2_noIsolate-RG.bam	185152	74.9598	1.34056	919991268	6689013	0.00974686	0.727074
/home/e1garcia/shotgun_PIRE/pire_cssl_data_processing/spratelloides_gracilis/raw_fq_capture/concatenated_files/mkBAMcontaminated/Sgr-AMvi_031-Ex1-cssl.clmp.fp2_repr.ssl.SgC0072C_contam_R1R2_noIsolate-RG.bam	1259295	99.784	2.38292	919991268	33870760	0.0877305	3.68164
/home/e1garcia/shotgun_PIRE/pire_cssl_data_processing/spratelloides_gracilis/raw_fq_capture/concatenated_files/mkBAMcontaminated/Sgr-AMvi_038-Ex1-cssl.clmp.fp2_repr.ssl.SgC0072C_contam_R1R2_noIsolate-RG.bam	1004061	90.0543	1.94811	919991268	29742593	0.0629809	3.23292
/home/e1garcia/shotgun_PIRE/pire_cssl_data_processing/spratelloides_gracilis/raw_fq_capture/concatenated_files/mkBAMcontaminated/Sgr-AMvi_033-Ex1-cssl.clmp.fp2_repr.ssl.SgC0072C_contam_R1R2_noIsolate-RG.bam	1133696	95.936	2.4341	919991268	28422611	0.0752001	3.08944
/home/e1garcia/shotgun_PIRE/pire_cssl_data_processing/spratelloides_gracilis/raw_fq_capture/concatenated_files/mkBAMcontaminated/Sgr-AMvi_050-Ex1-cssl.clmp.fp2_repr.ssl.SgC0072C_contam_R1R2_noIsolate-RG.bam	39000	85.9869	1.20158	919991268	1759748	0.00229837	0.191279
/home/e1garcia/shotgun_PIRE/pire_cssl_data_processing/spratelloides_gracilis/raw_fq_capture/concatenated_files/mkBAMcontaminated/Sgr-AMvi_052-Ex1-cssl.clmp.fp2_repr.ssl.SgC0072C_contam_R1R2_noIsolate-RG.bam	13705	98.8176	1.11979	919991268	758656	0.000923417	0.0824634
/home/e1garcia/shotgun_PIRE/pire_cssl_data_processing/spratelloides_gracilis/raw_fq_capture/concatenated_files/mkBAMcontaminated/Sgr-AMvi_037-Ex1-cssl.clmp.fp2_repr.ssl.SgC0072C_contam_R1R2_noIsolate-RG.bam	1044239	88.6284	1.95777	919991268	30251920	0.064377	3.28828
/home/e1garcia/shotgun_PIRE/pire_cssl_data_processing/spratelloides_gracilis/raw_fq_capture/concatenated_files/mkBAMcontaminated/Sgr-AMvi_056-Ex1-cssl.clmp.fp2_repr.ssl.SgC0072C_contam_R1R2_noIsolate-RG.bam	24581	93.3188	1.16961	919991268	1235923	0.00157126	0.134341
/home/e1garcia/shotgun_PIRE/pire_cssl_data_processing/spratelloides_gracilis/raw_fq_capture/concatenated_files/mkBAMcontaminated/Sgr-AMvi_055-Ex1-cssl.clmp.fp2_repr.ssl.SgC0072C_contam_R1R2_noIsolate-RG.bam	53409	82.1806	1.21673	919991268	2299496	0.00304119	0.249948
/home/e1garcia/shotgun_PIRE/pire_cssl_data_processing/spratelloides_gracilis/raw_fq_capture/concatenated_files/mkBAMcontaminated/Sgr-AMvi_057-Ex1-cssl.clmp.fp2_repr.ssl.SgC0072C_contam_R1R2_noIsolate-RG.bam	16652	94.5066	1.14291	919991268	854846	0.00106198	0.0929189
/home/e1garcia/shotgun_PIRE/pire_cssl_data_processing/spratelloides_gracilis/raw_fq_capture/concatenated_files/mkBAMcontaminated/Sgr-AMvi_035-Ex1-cssl.clmp.fp2_repr.ssl.SgC0072C_contam_R1R2_noIsolate-RG.bam	1128134	94.5735	2.08349	919991268	32880123	0.0744631	3.57396
/home/e1garcia/shotgun_PIRE/pire_cssl_data_processing/spratelloides_gracilis/raw_fq_capture/concatenated_files/mkBAMcontaminated/Sgr-AMvi_060-Ex1-cssl.clmp.fp2_repr.ssl.SgC0072C_contam_R1R2_noIsolate-RG.bam	11809	85.6418	1.124	919991268	565968	0.000691472	0.0615188
/home/e1garcia/shotgun_PIRE/pire_cssl_data_processing/spratelloides_gracilis/raw_fq_capture/concatenated_files/mkBAMcontaminated/Sgr-AMvi_059-Ex1-cssl.clmp.fp2_repr.ssl.SgC0072C_contam_R1R2_noIsolate-RG.bam	38763	80.4023	1.18628	919991268	1661985	0.00214304	0.180652
/home/e1garcia/shotgun_PIRE/pire_cssl_data_processing/spratelloides_gracilis/raw_fq_capture/concatenated_files/mkBAMcontaminated/Sgr-AMvi_042-Ex1-cssl.clmp.fp2_repr.ssl.SgC0072C_contam_R1R2_noIsolate-RG.bam	1142593	92.8753	2.1572	919991268	31156060	0.0730549	3.38656
/home/e1garcia/shotgun_PIRE/pire_cssl_data_processing/spratelloides_gracilis/raw_fq_capture/concatenated_files/mkBAMcontaminated/Sgr-AMvi_048-Ex1-cssl.clmp.fp2_repr.ssl.SgC0072C_contam_R1R2_noIsolate-RG.bam	581478	91.1677	2.0777	919991268	16357413	0.0369414	1.778
/home/e1garcia/shotgun_PIRE/pire_cssl_data_processing/spratelloides_gracilis/raw_fq_capture/concatenated_files/mkBAMcontaminated/Sgr-AMvi_039-Ex1-cssl.clmp.fp2_repr.ssl.SgC0072C_contam_R1R2_noIsolate-RG.bam	1432313	97.05	2.64714	919991268	33608846	0.0967045	3.65317
/home/e1garcia/shotgun_PIRE/pire_cssl_data_processing/spratelloides_gracilis/raw_fq_capture/concatenated_files/mkBAMcontaminated/Sgr-AMvi_064-Ex1-cssl.clmp.fp2_repr.ssl.SgC0072C_contam_R1R2_noIsolate-RG.bam	22709	98.5775	1.15806	919991268	1212424	0.00152617	0.131786
/home/e1garcia/shotgun_PIRE/pire_cssl_data_processing/spratelloides_gracilis/raw_fq_capture/concatenated_files/mkBAMcontaminated/Sgr-AMvi_063-Ex1-cssl.clmp.fp2_repr.ssl.SgC0072C_contam_R1R2_noIsolate-RG.bam	137645	81.2654	1.33695	919991268	5374262	0.00780999	0.584164
/home/e1garcia/shotgun_PIRE/pire_cssl_data_processing/spratelloides_gracilis/raw_fq_capture/concatenated_files/mkBAMcontaminated/Sgr-AMvi_065-Ex1-cssl.clmp.fp2_repr.ssl.SgC0072C_contam_R1R2_noIsolate-RG.bam	60306	84.7101	1.23051	919991268	2606071	0.00348568	0.283271
/home/e1garcia/shotgun_PIRE/pire_cssl_data_processing/spratelloides_gracilis/raw_fq_capture/concatenated_files/mkBAMcontaminated/Sgr-AMvi_041-Ex1-cssl.clmp.fp2_repr.ssl.SgC0072C_contam_R1R2_noIsolate-RG.bam	1405242	92.5579	2.21695	919991268	37829576	0.0911599	4.11195
/home/e1garcia/shotgun_PIRE/pire_cssl_data_processing/spratelloides_gracilis/raw_fq_capture/concatenated_files/mkBAMcontaminated/Sgr-AMvi_047-Ex1-cssl.clmp.fp2_repr.ssl.SgC0072C_contam_R1R2_noIsolate-RG.bam	822880	95.5189	2.22505	919991268	22572554	0.054593	2.45356
/home/e1garcia/shotgun_PIRE/pire_cssl_data_processing/spratelloides_gracilis/raw_fq_capture/concatenated_files/mkBAMcontaminated/Sgr-AMvi_069-Ex1-cssl.clmp.fp2_repr.ssl.SgC0072C_contam_R1R2_noIsolate-RG.bam	40251	86.2988	1.19352	919991268	1834944	0.0023805	0.199452
/home/e1garcia/shotgun_PIRE/pire_cssl_data_processing/spratelloides_gracilis/raw_fq_capture/concatenated_files/mkBAMcontaminated/Sgr-AMvi_071-Ex1-cssl.clmp.fp2_repr.ssl.SgC0072C_contam_R1R2_noIsolate-RG.bam	32936	90.3111	1.19061	919991268	1564353	0.00202451	0.17004
/home/e1garcia/shotgun_PIRE/pire_cssl_data_processing/spratelloides_gracilis/raw_fq_capture/concatenated_files/mkBAMcontaminated/Sgr-AMvi_070-Ex1-cssl.clmp.fp2_repr.ssl.SgC0072C_contam_R1R2_noIsolate-RG.bam	40332	87.2809	1.20754	919991268	1825728	0.00239637	0.198451
/home/e1garcia/shotgun_PIRE/pire_cssl_data_processing/spratelloides_gracilis/raw_fq_capture/concatenated_files/mkBAMcontaminated/Sgr-AMvi_072-Ex1-cssl.clmp.fp2_repr.ssl.SgC0072C_contam_R1R2_noIsolate-RG.bam	16991	90.8148	1.14413	919991268	842721	0.00104803	0.091601
/home/e1garcia/shotgun_PIRE/pire_cssl_data_processing/spratelloides_gracilis/raw_fq_capture/concatenated_files/mkBAMcontaminated/Sgr-AMvi_073-Ex1-cssl.clmp.fp2_repr.ssl.SgC0072C_contam_R1R2_noIsolate-RG.bam	27378	95.6426	1.19447	919991268	1368664	0.001777	0.148769
/home/e1garcia/shotgun_PIRE/pire_cssl_data_processing/spratelloides_gracilis/raw_fq_capture/concatenated_files/mkBAMcontaminated/Sgr-AMvi_043-Ex1-cssl.clmp.fp2_repr.ssl.SgC0072C_contam_R1R2_noIsolate-RG.bam	1499405	95.9483	2.49724	919991268	36824975	0.0999583	4.00275
/home/e1garcia/shotgun_PIRE/pire_cssl_data_processing/spratelloides_gracilis/raw_fq_capture/concatenated_files/mkBAMcontaminated/Sgr-AMvi_044-Ex1-cssl.clmp.fp2_repr.ssl.SgC0072C_contam_R1R2_noIsolate-RG.bam	1548761	97.0378	2.52145	919991268	38057292	0.104305	4.1367
/home/e1garcia/shotgun_PIRE/pire_cssl_data_processing/spratelloides_gracilis/raw_fq_capture/concatenated_files/mkBAMcontaminated/Sgr-AMvi_075-Ex1-cssl.clmp.fp2_repr.ssl.SgC0072C_contam_R1R2_noIsolate-RG.bam	27842	97.2095	1.20387	919991268	1405884	0.00183969	0.152815
/home/e1garcia/shotgun_PIRE/pire_cssl_data_processing/spratelloides_gracilis/raw_fq_capture/concatenated_files/mkBAMcontaminated/Sgr-AMvi_076-Ex1-cssl.clmp.fp2_repr.ssl.SgC0072C_contam_R1R2_noIsolate-RG.bam	44189	80.999	1.19824	919991268	1915537	0.00249489	0.208213
/home/e1garcia/shotgun_PIRE/pire_cssl_data_processing/spratelloides_gracilis/raw_fq_capture/concatenated_files/mkBAMcontaminated/Sgr-AMvi_078-Ex1-cssl.clmp.fp2_repr.ssl.SgC0072C_contam_R1R2_noIsolate-RG.bam	30429	98.8909	1.19953	919991268	1562207	0.00203688	0.169807
/home/e1garcia/shotgun_PIRE/pire_cssl_data_processing/spratelloides_gracilis/raw_fq_capture/concatenated_files/mkBAMcontaminated/Sgr-AMvi_083-Ex1-cssl.clmp.fp2_repr.ssl.SgC0072C_contam_R1R2_noIsolate-RG.bam	15889	94.7248	1.15729	919991268	810789	0.00101992	0.0881301
/home/e1garcia/shotgun_PIRE/pire_cssl_data_processing/spratelloides_gracilis/raw_fq_capture/concatenated_files/mkBAMcontaminated/Sgr-AMvi_062-Ex1-cssl.clmp.fp2_repr.ssl.SgC0072C_contam_R1R2_noIsolate-RG.bam	696390	79.9428	1.6796	919991268	21383161	0.0390386	2.32428
/home/e1garcia/shotgun_PIRE/pire_cssl_data_processing/spratelloides_gracilis/raw_fq_capture/concatenated_files/mkBAMcontaminated/Sgr-AMvi_082-Ex1-cssl.clmp.fp2_repr.ssl.SgC0072C_contam_R1R2_noIsolate-RG.bam	150739	76.1677	1.33706	919991268	5447295	0.00791677	0.592103
/home/e1garcia/shotgun_PIRE/pire_cssl_data_processing/spratelloides_gracilis/raw_fq_capture/concatenated_files/mkBAMcontaminated/Sgr-AMvi_045-Ex1-cssl.clmp.fp2_repr.ssl.SgC0072C_contam_R1R2_noIsolate-RG.bam	1809300	97.5757	2.53175	919991268	44464364	0.122363	4.83313
/home/e1garcia/shotgun_PIRE/pire_cssl_data_processing/spratelloides_gracilis/raw_fq_capture/concatenated_files/mkBAMcontaminated/Sgr-AMvi_046-Ex1-cssl.clmp.fp2_repr.ssl.SgC0072C_contam_R1R2_noIsolate-RG.bam	1753622	92.4016	2.49749	919991268	40769402	0.110676	4.4315
/home/e1garcia/shotgun_PIRE/pire_cssl_data_processing/spratelloides_gracilis/raw_fq_capture/concatenated_files/mkBAMcontaminated/Sgr-AMvi_058-Ex1-cssl.clmp.fp2_repr.ssl.SgC0072C_contam_R1R2_noIsolate-RG.bam	949181	84.0054	1.8456	919991268	27415461	0.0549983	2.97997
/home/e1garcia/shotgun_PIRE/pire_cssl_data_processing/spratelloides_gracilis/raw_fq_capture/concatenated_files/mkBAMcontaminated/Sgr-AMvi_067-Ex1-cssl.clmp.fp2_repr.ssl.SgC0072C_contam_R1R2_noIsolate-RG.bam	706440	82.5971	1.68343	919991268	22423657	0.0410315	2.43738
/home/e1garcia/shotgun_PIRE/pire_cssl_data_processing/spratelloides_gracilis/raw_fq_capture/concatenated_files/mkBAMcontaminated/Sgr-AMvi_086-Ex1-cssl.clmp.fp2_repr.ssl.SgC0072C_contam_R1R2_noIsolate-RG.bam	3744	90.2642	1.06731	919991268	199616	0.000231581	0.0216976
/home/e1garcia/shotgun_PIRE/pire_cssl_data_processing/spratelloides_gracilis/raw_fq_capture/concatenated_files/mkBAMcontaminated/Sgr-AMvi_087-Ex1-cssl.clmp.fp2_repr.ssl.SgC0072C_contam_R1R2_noIsolate-RG.bam	4246	92.3026	1.08253	919991268	225777	0.000265666	0.0245412
/home/e1garcia/shotgun_PIRE/pire_cssl_data_processing/spratelloides_gracilis/raw_fq_capture/concatenated_files/mkBAMcontaminated/Sgr-AMvi_074-Ex1-cssl.clmp.fp2_repr.ssl.SgC0072C_contam_R1R2_noIsolate-RG.bam	487853	77.4191	1.51065	919991268	16127843	0.0264823	1.75304
/home/e1garcia/shotgun_PIRE/pire_cssl_data_processing/spratelloides_gracilis/raw_fq_capture/concatenated_files/mkBAMcontaminated/Sgr-AMvi_088-Ex1-cssl.clmp.fp2_repr.ssl.SgC0072C_contam_R1R2_noIsolate-RG.bam	4964	80.256	1.08012	919991268	235378	0.000276347	0.0255848
/home/e1garcia/shotgun_PIRE/pire_cssl_data_processing/spratelloides_gracilis/raw_fq_capture/concatenated_files/mkBAMcontaminated/Sgr-AMvi_092-Ex1-cssl.clmp.fp2_repr.ssl.SgC0072C_contam_R1R2_noIsolate-RG.bam	2839	94.571	1.07041	919991268	156107	0.000181631	0.0169683
/home/e1garcia/shotgun_PIRE/pire_cssl_data_processing/spratelloides_gracilis/raw_fq_capture/concatenated_files/mkBAMcontaminated/Sgr-AMvi_090-Ex1-cssl.clmp.fp2_repr.ssl.SgC0072C_contam_R1R2_noIsolate-RG.bam	8602	86.7404	1.10916	919991268	418320	0.000504335	0.04547
/home/e1garcia/shotgun_PIRE/pire_cssl_data_processing/spratelloides_gracilis/raw_fq_capture/concatenated_files/mkBAMcontaminated/Sgr-AMvi_061-Ex1-cssl.clmp.fp2_repr.ssl.SgC0072C_contam_R1R2_noIsolate-RG.bam	1056008	77.7297	1.67521	919991268	31801504	0.0579073	3.45672
/home/e1garcia/shotgun_PIRE/pire_cssl_data_processing/spratelloides_gracilis/raw_fq_capture/concatenated_files/mkBAMcontaminated/Sgr-AMvi_089-Ex1-cssl.clmp.fp2_repr.ssl.SgC0072C_contam_R1R2_noIsolate-RG.bam	68177	74.5571	1.22192	919991268	2675049	0.00355296	0.290769
/home/e1garcia/shotgun_PIRE/pire_cssl_data_processing/spratelloides_gracilis/raw_fq_capture/concatenated_files/mkBAMcontaminated/Sgr-AMvi_084-Ex1-cssl.clmp.fp2_repr.ssl.SgC0072C_contam_R1R2_noIsolate-RG.bam	181647	93.1115	1.51627	919991268	7143407	0.0117733	0.776465
/home/e1garcia/shotgun_PIRE/pire_cssl_data_processing/spratelloides_gracilis/raw_fq_capture/concatenated_files/mkBAMcontaminated/Sgr-AMvi_068-Ex1-cssl.clmp.fp2_repr.ssl.SgC0072C_contam_R1R2_noIsolate-RG.bam	791249	84.4144	1.84109	919991268	23540400	0.0471091	2.55876
/home/e1garcia/shotgun_PIRE/pire_cssl_data_processing/spratelloides_gracilis/raw_fq_capture/concatenated_files/mkBAMcontaminated/Sgr-AMvi_093-Ex1-cssl.clmp.fp2_repr.ssl.SgC0072C_contam_R1R2_noIsolate-RG.bam	2802	92.7566	1.08112	919991268	150853	0.000177274	0.0163972
/home/e1garcia/shotgun_PIRE/pire_cssl_data_processing/spratelloides_gracilis/raw_fq_capture/concatenated_files/mkBAMcontaminated/Sgr-AMvi_091-Ex1-cssl.clmp.fp2_repr.ssl.SgC0072C_contam_R1R2_noIsolate-RG.bam	49908	75.1427	1.214	919991268	2002575	0.00264255	0.217673
/home/e1garcia/shotgun_PIRE/pire_cssl_data_processing/spratelloides_gracilis/raw_fq_capture/concatenated_files/mkBAMcontaminated/Sgr-AMvi_094-Ex1-cssl.clmp.fp2_repr.ssl.SgC0072C_contam_R1R2_noIsolate-RG.bam	36131	73.8224	1.18613	919991268	1419755	0.00183047	0.154323
/home/e1garcia/shotgun_PIRE/pire_cssl_data_processing/spratelloides_gracilis/raw_fq_capture/concatenated_files/mkBAMcontaminated/Sgr-AMvi_095-Ex1-cssl.clmp.fp2_repr.ssl.SgC0072C_contam_R1R2_noIsolate-RG.bam	2329	89.3139	1.04928	919991268	123016	0.000140304	0.0133714
/home/e1garcia/shotgun_PIRE/pire_cssl_data_processing/spratelloides_gracilis/raw_fq_capture/concatenated_files/mkBAMcontaminated/Sgr-AMvi_096-Ex1-cssl.clmp.fp2_repr.ssl.SgC0072C_contam_R1R2_noIsolate-RG.bam	10340	89.6369	1.16005	919991268	510376	0.000643551	0.0554762
/home/e1garcia/shotgun_PIRE/pire_cssl_data_processing/spratelloides_gracilis/raw_fq_capture/concatenated_files/mkBAMcontaminated/Sgr-AMvi_051-Ex1-cssl.clmp.fp2_repr.ssl.SgC0072C_contam_R1R2_noIsolate-RG.bam	1414189	87.915	2.01946	919991268	39607998	0.086943	4.30526
/home/e1garcia/shotgun_PIRE/pire_cssl_data_processing/spratelloides_gracilis/raw_fq_capture/concatenated_files/mkBAMcontaminated/Sgr-APal_003-Ex1-cssl.clmp.fp2_repr.ssl.SgC0072C_contam_R1R2_noIsolate-RG.bam	121773	84.493	1.29386	919991268	5120407	0.00720125	0.556571
/home/e1garcia/shotgun_PIRE/pire_cssl_data_processing/spratelloides_gracilis/raw_fq_capture/concatenated_files/mkBAMcontaminated/Sgr-APal_009-Ex1-cssl.clmp.fp2_repr.ssl.SgC0072C_contam_R1R2_noIsolate-RG.bam	132391	83.6585	1.27338	919991268	5485472	0.00759256	0.596253
/home/e1garcia/shotgun_PIRE/pire_cssl_data_processing/spratelloides_gracilis/raw_fq_capture/concatenated_files/mkBAMcontaminated/Sgr-AMvi_085-Ex1-cssl.clmp.fp2_repr.ssl.SgC0072C_contam_R1R2_noIsolate-RG.bam	484295	82.0665	1.541	919991268	16621612	0.0278415	1.80671
/home/e1garcia/shotgun_PIRE/pire_cssl_data_processing/spratelloides_gracilis/raw_fq_capture/concatenated_files/mkBAMcontaminated/Sgr-AMvi_077-Ex1-cssl.clmp.fp2_repr.ssl.SgC0072C_contam_R1R2_noIsolate-RG.bam	871077	88.5639	1.82207	919991268	27121095	0.0537141	2.94797
/home/e1garcia/shotgun_PIRE/pire_cssl_data_processing/spratelloides_gracilis/raw_fq_capture/concatenated_files/mkBAMcontaminated/Sgr-APal_011-Ex1-cssl.clmp.fp2_repr.ssl.SgC0072C_contam_R1R2_noIsolate-RG.bam	104443	90.2046	1.27795	919991268	4618924	0.0064161	0.502062
/home/e1garcia/shotgun_PIRE/pire_cssl_data_processing/spratelloides_gracilis/raw_fq_capture/concatenated_files/mkBAMcontaminated/Sgr-AMvi_053-Ex1-cssl.clmp.fp2_repr.ssl.SgC0072C_contam_R1R2_noIsolate-RG.bam	1485546	88.2165	2.00844	919991268	41846659	0.0913558	4.54859
/home/e1garcia/shotgun_PIRE/pire_cssl_data_processing/spratelloides_gracilis/raw_fq_capture/concatenated_files/mkBAMcontaminated/Sgr-APal_002-Ex1-cssl.clmp.fp2_repr.ssl.SgC0072C_contam_R1R2_noIsolate-RG.bam	304025	83.3284	1.67808	919991268	9638177	0.0175802	1.04764
/home/e1garcia/shotgun_PIRE/pire_cssl_data_processing/spratelloides_gracilis/raw_fq_capture/concatenated_files/mkBAMcontaminated/Sgr-APal_004-Ex1-cssl.clmp.fp2_repr.ssl.SgC0072C_contam_R1R2_noIsolate-RG.bam	270425	88.996	1.46229	919991268	10585664	0.0168255	1.15063
/home/e1garcia/shotgun_PIRE/pire_cssl_data_processing/spratelloides_gracilis/raw_fq_capture/concatenated_files/mkBAMcontaminated/Sgr-APal_015-Ex1-cssl.clmp.fp2_repr.ssl.SgC0072C_contam_R1R2_noIsolate-RG.bam	84734	86.3385	1.25582	919991268	3645933	0.00497683	0.396301
/home/e1garcia/shotgun_PIRE/pire_cssl_data_processing/spratelloides_gracilis/raw_fq_capture/concatenated_files/mkBAMcontaminated/Sgr-APal_016-Ex1-cssl.clmp.fp2_repr.ssl.SgC0072C_contam_R1R2_noIsolate-RG.bam	78273	78.834	1.43438	919991268	2713432	0.00423058	0.294941
/home/e1garcia/shotgun_PIRE/pire_cssl_data_processing/spratelloides_gracilis/raw_fq_capture/concatenated_files/mkBAMcontaminated/Sgr-APal_013-Ex1-cssl.clmp.fp2_repr.ssl.SgC0072C_contam_R1R2_noIsolate-RG.bam	250960	82.3521	1.56526	919991268	8348870	0.0142046	0.907494
/home/e1garcia/shotgun_PIRE/pire_cssl_data_processing/spratelloides_gracilis/raw_fq_capture/concatenated_files/mkBAMcontaminated/Sgr-APal_008-Ex1-cssl.clmp.fp2_repr.ssl.SgC0072C_contam_R1R2_noIsolate-RG.bam	372470	91.1442	1.9874	919991268	10871357	0.0234847	1.18168
/home/e1garcia/shotgun_PIRE/pire_cssl_data_processing/spratelloides_gracilis/raw_fq_capture/concatenated_files/mkBAMcontaminated/Sgr-APal_019-Ex1-cssl.clmp.fp2_repr.ssl.SgC0072C_contam_R1R2_noIsolate-RG.bam	64039	97.9681	1.234	919991268	3194451	0.00428477	0.347226
/home/e1garcia/shotgun_PIRE/pire_cssl_data_processing/spratelloides_gracilis/raw_fq_capture/concatenated_files/mkBAMcontaminated/Sgr-APal_021-Ex1-cssl.clmp.fp2_repr.ssl.SgC0072C_contam_R1R2_noIsolate-RG.bam	50565	92.6046	1.21772	919991268	2424172	0.00320869	0.263499
/home/e1garcia/shotgun_PIRE/pire_cssl_data_processing/spratelloides_gracilis/raw_fq_capture/concatenated_files/mkBAMcontaminated/Sgr-APal_007-Ex1-cssl.clmp.fp2_repr.ssl.SgC0072C_contam_R1R2_noIsolate-RG.bam	508101	85.7633	1.95276	919991268	14228448	0.0302011	1.54659
/home/e1garcia/shotgun_PIRE/pire_cssl_data_processing/spratelloides_gracilis/raw_fq_capture/concatenated_files/mkBAMcontaminated/Sgr-APal_025-Ex1-cssl.clmp.fp2_repr.ssl.SgC0072C_contam_R1R2_noIsolate-RG.bam	64180	98.1141	1.21599	919991268	3241007	0.00428377	0.352287
/home/e1garcia/shotgun_PIRE/pire_cssl_data_processing/spratelloides_gracilis/raw_fq_capture/concatenated_files/mkBAMcontaminated/Sgr-APal_017-Ex1-cssl.clmp.fp2_repr.ssl.SgC0072C_contam_R1R2_noIsolate-RG.bam	274170	83.9306	1.53684	919991268	9567113	0.0159818	1.03991
/home/e1garcia/shotgun_PIRE/pire_cssl_data_processing/spratelloides_gracilis/raw_fq_capture/concatenated_files/mkBAMcontaminated/Sgr-APal_027-Ex1-cssl.clmp.fp2_repr.ssl.SgC0072C_contam_R1R2_noIsolate-RG.bam	62923	100.001	1.20419	919991268	3270627	0.00428097	0.355506
/home/e1garcia/shotgun_PIRE/pire_cssl_data_processing/spratelloides_gracilis/raw_fq_capture/concatenated_files/mkBAMcontaminated/Sgr-AMvi_054-Ex1-cssl.clmp.fp2_repr.ssl.SgC0072C_contam_R1R2_noIsolate-RG.bam	2059705	91.8725	2.27105	919991268	52708980	0.130115	5.72929
/home/e1garcia/shotgun_PIRE/pire_cssl_data_processing/spratelloides_gracilis/raw_fq_capture/concatenated_files/mkBAMcontaminated/Sgr-APal_018-Ex1-cssl.clmp.fp2_repr.ssl.SgC0072C_contam_R1R2_noIsolate-RG.bam	343114	82.4276	1.64745	919991268	10941625	0.0195934	1.18932
/home/e1garcia/shotgun_PIRE/pire_cssl_data_processing/spratelloides_gracilis/raw_fq_capture/concatenated_files/mkBAMcontaminated/Sgr-APal_014-Ex1-cssl.clmp.fp2_repr.ssl.SgC0072C_contam_R1R2_noIsolate-RG.bam	635539	83.6667	1.8265	919991268	18535123	0.0367986	2.01471
/home/e1garcia/shotgun_PIRE/pire_cssl_data_processing/spratelloides_gracilis/raw_fq_capture/concatenated_files/mkBAMcontaminated/Sgr-APal_031-Ex1-cssl.clmp.fp2_repr.ssl.SgC0072C_contam_R1R2_noIsolate-RG.bam	45983	96.9967	1.20472	919991268	2308489	0.00302294	0.250925
/home/e1garcia/shotgun_PIRE/pire_cssl_data_processing/spratelloides_gracilis/raw_fq_capture/concatenated_files/mkBAMcontaminated/Sgr-AMvi_080-Ex1-cssl.clmp.fp2_repr.ssl.SgC0072C_contam_R1R2_noIsolate-RG.bam	1351743	97.7339	2.18999	919991268	38508195	0.0916667	4.18571
/home/e1garcia/shotgun_PIRE/pire_cssl_data_processing/spratelloides_gracilis/raw_fq_capture/concatenated_files/mkBAMcontaminated/Sgr-APal_026-Ex1-cssl.clmp.fp2_repr.ssl.SgC0072C_contam_R1R2_noIsolate-RG.bam	301280	83.5172	1.54694	919991268	10369472	0.017436	1.12713
/home/e1garcia/shotgun_PIRE/pire_cssl_data_processing/spratelloides_gracilis/raw_fq_capture/concatenated_files/mkBAMcontaminated/Sgr-APal_032-Ex1-cssl.clmp.fp2_repr.ssl.SgC0072C_contam_R1R2_noIsolate-RG.bam	143682	81.1886	1.54444	919991268	4847863	0.00813837	0.526947
/home/e1garcia/shotgun_PIRE/pire_cssl_data_processing/spratelloides_gracilis/raw_fq_capture/concatenated_files/mkBAMcontaminated/Sgr-APal_033-Ex1-cssl.clmp.fp2_repr.ssl.SgC0072C_contam_R1R2_noIsolate-RG.bam	81555	88.9145	1.28167	919991268	3569720	0.00497309	0.388017
/home/e1garcia/shotgun_PIRE/pire_cssl_data_processing/spratelloides_gracilis/raw_fq_capture/concatenated_files/mkBAMcontaminated/Sgr-APal_024-Ex1-cssl.clmp.fp2_repr.ssl.SgC0072C_contam_R1R2_noIsolate-RG.bam	420029	87.2051	1.63137	919991268	14423066	0.0255756	1.56774
/home/e1garcia/shotgun_PIRE/pire_cssl_data_processing/spratelloides_gracilis/raw_fq_capture/concatenated_files/mkBAMcontaminated/Sgr-APal_034-Ex1-cssl.clmp.fp2_repr.ssl.SgC0072C_contam_R1R2_noIsolate-RG.bam	114113	84.1829	1.34192	919991268	4529389	0.00660667	0.49233
/home/e1garcia/shotgun_PIRE/pire_cssl_data_processing/spratelloides_gracilis/raw_fq_capture/concatenated_files/mkBAMcontaminated/Sgr-APal_035-Ex1-cssl.clmp.fp2_repr.ssl.SgC0072C_contam_R1R2_noIsolate-RG.bam	53896	98.3001	1.23157	919991268	2705019	0.00362114	0.294027
/home/e1garcia/shotgun_PIRE/pire_cssl_data_processing/spratelloides_gracilis/raw_fq_capture/concatenated_files/mkBAMcontaminated/Sgr-APal_029-Ex1-cssl.clmp.fp2_repr.ssl.SgC0072C_contam_R1R2_noIsolate-RG.bam	410701	88.6529	1.88547	919991268	12350876	0.0253124	1.3425
/home/e1garcia/shotgun_PIRE/pire_cssl_data_processing/spratelloides_gracilis/raw_fq_capture/concatenated_files/mkBAMcontaminated/Sgr-APal_028-Ex1-cssl.clmp.fp2_repr.ssl.SgC0072C_contam_R1R2_noIsolate-RG.bam	497926	87.2728	1.60264	919991268	17379566	0.0302755	1.8891
/home/e1garcia/shotgun_PIRE/pire_cssl_data_processing/spratelloides_gracilis/raw_fq_capture/concatenated_files/mkBAMcontaminated/Sgr-APal_023-Ex1-cssl.clmp.fp2_repr.ssl.SgC0072C_contam_R1R2_noIsolate-RG.bam	793671	85.2451	2.14109	919991268	20234862	0.0470925	2.19946
/home/e1garcia/shotgun_PIRE/pire_cssl_data_processing/spratelloides_gracilis/raw_fq_capture/concatenated_files/mkBAMcontaminated/Sgr-APal_020-Ex1-cssl.clmp.fp2_repr.ssl.SgC0072C_contam_R1R2_noIsolate-RG.bam	782973	89.9013	1.73108	919991268	26083421	0.0490793	2.83518
/home/e1garcia/shotgun_PIRE/pire_cssl_data_processing/spratelloides_gracilis/raw_fq_capture/concatenated_files/mkBAMcontaminated/Sgr-CJol_002-Ex1-cssl.clmp.fp2_repr.ssl.SgC0072C_contam_R1R2_noIsolate-RG.bam	177737	119.321	4.26281	919991268	3453411	0.0160015	0.375374
/home/e1garcia/shotgun_PIRE/pire_cssl_data_processing/spratelloides_gracilis/raw_fq_capture/concatenated_files/mkBAMcontaminated/Sgr-CJol_001-Ex1-cssl.clmp.fp2_repr.ssl.SgC0072C_contam_R1R2_noIsolate-RG.bam	202826	117.665	4.15416	919991268	3959757	0.01788	0.430412
/home/e1garcia/shotgun_PIRE/pire_cssl_data_processing/spratelloides_gracilis/raw_fq_capture/concatenated_files/mkBAMcontaminated/Sgr-AMvi_066-Ex1-cssl.clmp.fp2_repr.ssl.SgC0072C_contam_R1R2_noIsolate-RG.bam	2412420	92.6061	2.3936	919991268	59098922	0.153761	6.42386
/home/e1garcia/shotgun_PIRE/pire_cssl_data_processing/spratelloides_gracilis/raw_fq_capture/concatenated_files/mkBAMcontaminated/Sgr-AMvi_081-Ex1-cssl.clmp.fp2_repr.ssl.SgC0072C_contam_R1R2_noIsolate-RG.bam	1858166	97.9732	2.40924	919991268	48193454	0.126207	5.23847
/home/e1garcia/shotgun_PIRE/pire_cssl_data_processing/spratelloides_gracilis/raw_fq_capture/concatenated_files/mkBAMcontaminated/Sgr-CJol_004-Ex1-cssl.clmp.fp2_repr.ssl.SgC0072C_contam_R1R2_noIsolate-RG.bam	136485	116.013	3.96571	919991268	2719188	0.0117213	0.295567
/home/e1garcia/shotgun_PIRE/pire_cssl_data_processing/spratelloides_gracilis/raw_fq_capture/concatenated_files/mkBAMcontaminated/Sgr-CJol_003-Ex1-cssl.clmp.fp2_repr.ssl.SgC0072C_contam_R1R2_noIsolate-RG.bam	200896	131.277	5.20247	919991268	3536160	0.0199967	0.384369
/home/e1garcia/shotgun_PIRE/pire_cssl_data_processing/spratelloides_gracilis/raw_fq_capture/concatenated_files/mkBAMcontaminated/Sgr-CJol_006-Ex1-cssl.clmp.fp2_repr.ssl.SgC0072C_contam_R1R2_noIsolate-RG.bam	226835	119.313	4.31079	919991268	4334000	0.0203078	0.471091
/home/e1garcia/shotgun_PIRE/pire_cssl_data_processing/spratelloides_gracilis/raw_fq_capture/concatenated_files/mkBAMcontaminated/Sgr-CJol_008-Ex1-cssl.clmp.fp2_repr.ssl.SgC0072C_contam_R1R2_noIsolate-RG.bam	321540	118.773	4.7624	919991268	5507997	0.0285125	0.598701
/home/e1garcia/shotgun_PIRE/pire_cssl_data_processing/spratelloides_gracilis/raw_fq_capture/concatenated_files/mkBAMcontaminated/Sgr-CJol_012-Ex1-cssl.clmp.fp2_repr.ssl.SgC0072C_contam_R1R2_noIsolate-RG.bam	200234	117.887	4.312	919991268	3759373	0.0176202	0.408631
/home/e1garcia/shotgun_PIRE/pire_cssl_data_processing/spratelloides_gracilis/raw_fq_capture/concatenated_files/mkBAMcontaminated/Sgr-APal_010-Ex1-cssl.clmp.fp2_repr.ssl.SgC0072C_contam_R1R2_noIsolate-RG.bam	1691073	84.411	2.17488	919991268	41543179	0.098209	4.51561
/home/e1garcia/shotgun_PIRE/pire_cssl_data_processing/spratelloides_gracilis/raw_fq_capture/concatenated_files/mkBAMcontaminated/Sgr-CJol_010-Ex1-cssl.clmp.fp2_repr.ssl.SgC0072C_contam_R1R2_noIsolate-RG.bam	232709	125.604	5.1688	919991268	4043617	0.0227183	0.439528
/home/e1garcia/shotgun_PIRE/pire_cssl_data_processing/spratelloides_gracilis/raw_fq_capture/concatenated_files/mkBAMcontaminated/Sgr-APal_039-Ex1-cssl.clmp.fp2_repr.ssl.SgC0072C_contam_R1R2_noIsolate-RG.bam	755853	89.8669	2.23708	919991268	19332431	0.0470094	2.10137
/home/e1garcia/shotgun_PIRE/pire_cssl_data_processing/spratelloides_gracilis/raw_fq_capture/concatenated_files/mkBAMcontaminated/Sgr-AMvi_079-Ex1-cssl.clmp.fp2_repr.ssl.SgC0072C_contam_R1R2_noIsolate-RG.bam	2362870	94.7676	2.36949	919991268	60643750	0.156191	6.59177
/home/e1garcia/shotgun_PIRE/pire_cssl_data_processing/spratelloides_gracilis/raw_fq_capture/concatenated_files/mkBAMcontaminated/Sgr-CJol_007-Ex1-cssl.clmp.fp2_repr.ssl.SgC0072C_contam_R1R2_noIsolate-RG.bam	409743	121.079	5.52309	919991268	6274437	0.0376681	0.68201
/home/e1garcia/shotgun_PIRE/pire_cssl_data_processing/spratelloides_gracilis/raw_fq_capture/concatenated_files/mkBAMcontaminated/Sgr-CJol_009-Ex1-cssl.clmp.fp2_repr.ssl.SgC0072C_contam_R1R2_noIsolate-RG.bam	333747	117.478	4.76309	919991268	5538321	0.0286737	0.601997
/home/e1garcia/shotgun_PIRE/pire_cssl_data_processing/spratelloides_gracilis/raw_fq_capture/concatenated_files/mkBAMcontaminated/Sgr-CJol_017-Ex1-cssl.clmp.fp2_repr.ssl.SgC0072C_contam_R1R2_noIsolate-RG.bam	283469	123.683	5.14134	919991268	4845500	0.0270789	0.52669
/home/e1garcia/shotgun_PIRE/pire_cssl_data_processing/spratelloides_gracilis/raw_fq_capture/concatenated_files/mkBAMcontaminated/Sgr-AJol_088-Ex1-cssl.clmp.fp2_repr.ssl.SgC0072C_contam_R1R2_noIsolate-RG.bam	6708955	93.4452	1.83467	919991268	205202896	0.409221	22.3049
/home/e1garcia/shotgun_PIRE/pire_cssl_data_processing/spratelloides_gracilis/raw_fq_capture/concatenated_files/mkBAMcontaminated/Sgr-CJol_021-Ex1-cssl.clmp.fp2_repr.ssl.SgC0072C_contam_R1R2_noIsolate-RG.bam	149015	121.76	4.37322	919991268	2912857	0.0138464	0.316618
/home/e1garcia/shotgun_PIRE/pire_cssl_data_processing/spratelloides_gracilis/raw_fq_capture/concatenated_files/mkBAMcontaminated/Sgr-CJol_020-Ex1-cssl.clmp.fp2_repr.ssl.SgC0072C_contam_R1R2_noIsolate-RG.bam	359433	120.569	4.73466	919991268	6233964	0.0320826	0.677611
/home/e1garcia/shotgun_PIRE/pire_cssl_data_processing/spratelloides_gracilis/raw_fq_capture/concatenated_files/mkBAMcontaminated/Sgr-CJol_028-Ex1-cssl.clmp.fp2_repr.ssl.SgC0072C_contam_R1R2_noIsolate-RG.bam	222359	125.757	5.05383	919991268	3817062	0.0209684	0.414902
/home/e1garcia/shotgun_PIRE/pire_cssl_data_processing/spratelloides_gracilis/raw_fq_capture/concatenated_files/mkBAMcontaminated/Sgr-CJol_024-Ex1-cssl.clmp.fp2_repr.ssl.SgC0072C_contam_R1R2_noIsolate-RG.bam	194125	117.863	4.04535	919991268	3844702	0.0169058	0.417906
/home/e1garcia/shotgun_PIRE/pire_cssl_data_processing/spratelloides_gracilis/raw_fq_capture/concatenated_files/mkBAMcontaminated/Sgr-CJol_032-Ex1-cssl.clmp.fp2_repr.ssl.SgC0072C_contam_R1R2_noIsolate-RG.bam	218609	116.178	4.15343	919991268	4124490	0.0186206	0.448318
/home/e1garcia/shotgun_PIRE/pire_cssl_data_processing/spratelloides_gracilis/raw_fq_capture/concatenated_files/mkBAMcontaminated/Sgr-CJol_044-Ex1-cssl.clmp.fp2_repr.ssl.SgC0072C_contam_R1R2_noIsolate-RG.bam	61148	109.754	2.94205	919991268	1508195	0.00482307	0.163936
/home/e1garcia/shotgun_PIRE/pire_cssl_data_processing/spratelloides_gracilis/raw_fq_capture/concatenated_files/mkBAMcontaminated/Sgr-CJol_036-Ex1-cssl.clmp.fp2_repr.ssl.SgC0072C_contam_R1R2_noIsolate-RG.bam	259775	127.686	5.39822	919991268	4350645	0.0255282	0.472901
/home/e1garcia/shotgun_PIRE/pire_cssl_data_processing/spratelloides_gracilis/raw_fq_capture/concatenated_files/mkBAMcontaminated/Sgr-CJol_023-Ex1-cssl.clmp.fp2_repr.ssl.SgC0072C_contam_R1R2_noIsolate-RG.bam	346577	116.842	4.37935	919991268	6284725	0.0299166	0.683129
/home/e1garcia/shotgun_PIRE/pire_cssl_data_processing/spratelloides_gracilis/raw_fq_capture/concatenated_files/mkBAMcontaminated/Sgr-CJol_035-Ex1-cssl.clmp.fp2_repr.ssl.SgC0072C_contam_R1R2_noIsolate-RG.bam	300245	120.084	4.50348	919991268	5555523	0.027195	0.603867
/home/e1garcia/shotgun_PIRE/pire_cssl_data_processing/spratelloides_gracilis/raw_fq_capture/concatenated_files/mkBAMcontaminated/Sgr-CJol_042-Ex1-cssl.clmp.fp2_repr.ssl.SgC0072C_contam_R1R2_noIsolate-RG.bam	204699	128.609	4.74223	919991268	3885360	0.0200277	0.422326
/home/e1garcia/shotgun_PIRE/pire_cssl_data_processing/spratelloides_gracilis/raw_fq_capture/concatenated_files/mkBAMcontaminated/Sgr-CJol_034-Ex1-cssl.clmp.fp2_repr.ssl.SgC0072C_contam_R1R2_noIsolate-RG.bam	327924	117.339	4.4801	919991268	5841347	0.0284457	0.634935
/home/e1garcia/shotgun_PIRE/pire_cssl_data_processing/spratelloides_gracilis/raw_fq_capture/concatenated_files/mkBAMcontaminated/Sgr-CJol_046-Ex1-cssl.clmp.fp2_repr.ssl.SgC0072C_contam_R1R2_noIsolate-RG.bam	33866	122.223	3.17277	919991268	913288	0.00314965	0.0992714
/home/e1garcia/shotgun_PIRE/pire_cssl_data_processing/spratelloides_gracilis/raw_fq_capture/concatenated_files/mkBAMcontaminated/Sgr-CJol_037-Ex1-cssl.clmp.fp2_repr.ssl.SgC0072C_contam_R1R2_noIsolate-RG.bam	303924	120.535	4.96399	919991268	5033365	0.0271585	0.54711
/home/e1garcia/shotgun_PIRE/pire_cssl_data_processing/spratelloides_gracilis/raw_fq_capture/concatenated_files/mkBAMcontaminated/Sgr-CJol_041-Ex1-cssl.clmp.fp2_repr.ssl.SgC0072C_contam_R1R2_noIsolate-RG.bam	310061	121.797	4.67243	919991268	5666593	0.0287794	0.61594
/home/e1garcia/shotgun_PIRE/pire_cssl_data_processing/spratelloides_gracilis/raw_fq_capture/concatenated_files/mkBAMcontaminated/Sgr-APal_044-Ex1-cssl.clmp.fp2_repr.ssl.SgC0072C_contam_R1R2_noIsolate-RG.bam	1211431	90.2241	2.08616	919991268	33575173	0.0761346	3.64951
/home/e1garcia/shotgun_PIRE/pire_cssl_data_processing/spratelloides_gracilis/raw_fq_capture/concatenated_files/mkBAMcontaminated/Sgr-CJol_025-Ex1-cssl.clmp.fp2_repr.ssl.SgC0072C_contam_R1R2_noIsolate-RG.bam	495143	123.832	5.18662	919991268	8136024	0.0458683	0.884359
/home/e1garcia/shotgun_PIRE/pire_cssl_data_processing/spratelloides_gracilis/raw_fq_capture/concatenated_files/mkBAMcontaminated/Sgr-CJol_048-Ex1-cssl.clmp.fp2_repr.ssl.SgC0072C_contam_R1R2_noIsolate-RG.bam	198535	126.058	5.23801	919991268	3288408	0.0187227	0.357439
/home/e1garcia/shotgun_PIRE/pire_cssl_data_processing/spratelloides_gracilis/raw_fq_capture/concatenated_files/mkBAMcontaminated/Sgr-APal_047-Ex1-cssl.clmp.fp2_repr.ssl.SgC0072C_contam_R1R2_noIsolate-RG.bam	1276930	91.2592	2.46976	919991268	30242985	0.0811887	3.28731
/home/e1garcia/shotgun_PIRE/pire_cssl_data_processing/spratelloides_gracilis/raw_fq_capture/concatenated_files/mkBAMcontaminated/Sgr-CJol_051-Ex1-cssl.clmp.fp2_repr.ssl.SgC0072C_contam_R1R2_noIsolate-RG.bam	192595	132.264	5.50454	919991268	3211231	0.0192136	0.34905
/home/e1garcia/shotgun_PIRE/pire_cssl_data_processing/spratelloides_gracilis/raw_fq_capture/concatenated_files/mkBAMcontaminated/Sgr-CJol_049-Ex1-cssl.clmp.fp2_repr.ssl.SgC0072C_contam_R1R2_noIsolate-RG.bam	189680	136.933	5.58131	919991268	3379610	0.0205031	0.367352
/home/e1garcia/shotgun_PIRE/pire_cssl_data_processing/spratelloides_gracilis/raw_fq_capture/concatenated_files/mkBAMcontaminated/Sgr-CJol_054-Ex1-cssl.clmp.fp2_repr.ssl.SgC0072C_contam_R1R2_noIsolate-RG.bam	219682	124.283	5.10991	919991268	3671472	0.0203925	0.399077
/home/e1garcia/shotgun_PIRE/pire_cssl_data_processing/spratelloides_gracilis/raw_fq_capture/concatenated_files/mkBAMcontaminated/Sgr-CJol_053-Ex1-cssl.clmp.fp2_repr.ssl.SgC0072C_contam_R1R2_noIsolate-RG.bam	272375	118.062	4.72294	919991268	4632467	0.0237816	0.503534
/home/e1garcia/shotgun_PIRE/pire_cssl_data_processing/spratelloides_gracilis/raw_fq_capture/concatenated_files/mkBAMcontaminated/Sgr-CJol_058-Ex1-cssl.clmp.fp2_repr.ssl.SgC0072C_contam_R1R2_noIsolate-RG.bam	197423	124.38	4.89831	919991268	3512278	0.0187004	0.381773
/home/e1garcia/shotgun_PIRE/pire_cssl_data_processing/spratelloides_gracilis/raw_fq_capture/concatenated_files/mkBAMcontaminated/Sgr-CJol_056-Ex1-cssl.clmp.fp2_repr.ssl.SgC0072C_contam_R1R2_noIsolate-RG.bam	208135	117.565	4.04336	919991268	4125242	0.0181304	0.4484
/home/e1garcia/shotgun_PIRE/pire_cssl_data_processing/spratelloides_gracilis/raw_fq_capture/concatenated_files/mkBAMcontaminated/Sgr-CJol_061-Ex1-cssl.clmp.fp2_repr.ssl.SgC0072C_contam_R1R2_noIsolate-RG.bam	205983	123.241	4.86027	919991268	3587688	0.0189536	0.38997
/home/e1garcia/shotgun_PIRE/pire_cssl_data_processing/spratelloides_gracilis/raw_fq_capture/concatenated_files/mkBAMcontaminated/Sgr-CJol_066-Ex1-cssl.clmp.fp2_repr.ssl.SgC0072C_contam_R1R2_noIsolate-RG.bam	160988	123.189	4.60961	919991268	3012108	0.0150921	0.327406
/home/e1garcia/shotgun_PIRE/pire_cssl_data_processing/spratelloides_gracilis/raw_fq_capture/concatenated_files/mkBAMcontaminated/Sgr-CJol_059-Ex1-cssl.clmp.fp2_repr.ssl.SgC0072C_contam_R1R2_noIsolate-RG.bam	254005	117.63	4.18287	919991268	4858307	0.022089	0.528082
/home/e1garcia/shotgun_PIRE/pire_cssl_data_processing/spratelloides_gracilis/raw_fq_capture/concatenated_files/mkBAMcontaminated/Sgr-CJol_057-Ex1-cssl.clmp.fp2_repr.ssl.SgC0072C_contam_R1R2_noIsolate-RG.bam	307314	122.314	5.2183	919991268	4985568	0.0282787	0.541915
/home/e1garcia/shotgun_PIRE/pire_cssl_data_processing/spratelloides_gracilis/raw_fq_capture/concatenated_files/mkBAMcontaminated/Sgr-APal_045-Ex1-cssl.clmp.fp2_repr.ssl.SgC0072C_contam_R1R2_noIsolate-RG.bam	1376847	90.8223	1.98459	919991268	40620511	0.0876259	4.41531
/home/e1garcia/shotgun_PIRE/pire_cssl_data_processing/spratelloides_gracilis/raw_fq_capture/concatenated_files/mkBAMcontaminated/Sgr-CJol_064-Ex1-cssl.clmp.fp2_repr.ssl.SgC0072C_contam_R1R2_noIsolate-RG.bam	342508	121.611	5.43756	919991268	5347947	0.0316088	0.581304
/home/e1garcia/shotgun_PIRE/pire_cssl_data_processing/spratelloides_gracilis/raw_fq_capture/concatenated_files/mkBAMcontaminated/Sgr-CJol_068-Ex1-cssl.clmp.fp2_repr.ssl.SgC0072C_contam_R1R2_noIsolate-RG.bam	243825	122.215	4.88967	919991268	4263755	0.0226615	0.463456
/home/e1garcia/shotgun_PIRE/pire_cssl_data_processing/spratelloides_gracilis/raw_fq_capture/concatenated_files/mkBAMcontaminated/Sgr-CJol_073-Ex1-cssl.clmp.fp2_repr.ssl.SgC0072C_contam_R1R2_noIsolate-RG.bam	160166	131.13	5.26253	919991268	2947698	0.0168614	0.320405
/home/e1garcia/shotgun_PIRE/pire_cssl_data_processing/spratelloides_gracilis/raw_fq_capture/concatenated_files/mkBAMcontaminated/Sgr-CJol_075-Ex1-cssl.clmp.fp2_repr.ssl.SgC0072C_contam_R1R2_noIsolate-RG.bam	175113	129.129	5.26942	919991268	3129206	0.0179231	0.340134
/home/e1garcia/shotgun_PIRE/pire_cssl_data_processing/spratelloides_gracilis/raw_fq_capture/concatenated_files/mkBAMcontaminated/Sgr-CJol_078-Ex1-cssl.clmp.fp2_repr.ssl.SgC0072C_contam_R1R2_noIsolate-RG.bam	158828	121.336	4.73867	919991268	2843796	0.0146478	0.309111
/home/e1garcia/shotgun_PIRE/pire_cssl_data_processing/spratelloides_gracilis/raw_fq_capture/concatenated_files/mkBAMcontaminated/Sgr-CJol_082-Ex1-cssl.clmp.fp2_repr.ssl.SgC0072C_contam_R1R2_noIsolate-RG.bam	78856	131.006	4.06594	919991268	1745496	0.00771429	0.18973
/home/e1garcia/shotgun_PIRE/pire_cssl_data_processing/spratelloides_gracilis/raw_fq_capture/concatenated_files/mkBAMcontaminated/Sgr-CJol_070-Ex1-cssl.clmp.fp2_repr.ssl.SgC0072C_contam_R1R2_noIsolate-RG.bam	389037	117.472	4.75423	919991268	6505982	0.0336209	0.707179
/home/e1garcia/shotgun_PIRE/pire_cssl_data_processing/spratelloides_gracilis/raw_fq_capture/concatenated_files/mkBAMcontaminated/Sgr-CJol_072-Ex1-cssl.clmp.fp2_repr.ssl.SgC0072C_contam_R1R2_noIsolate-RG.bam	307204	121.69	4.83363	919991268	5321653	0.0279599	0.578446
/home/e1garcia/shotgun_PIRE/pire_cssl_data_processing/spratelloides_gracilis/raw_fq_capture/concatenated_files/mkBAMcontaminated/Sgr-CJol_081-Ex1-cssl.clmp.fp2_repr.ssl.SgC0072C_contam_R1R2_noIsolate-RG.bam	144575	120.721	4.10419	919991268	2909112	0.0129779	0.316211
/home/e1garcia/shotgun_PIRE/pire_cssl_data_processing/spratelloides_gracilis/raw_fq_capture/concatenated_files/mkBAMcontaminated/Sgr-CJol_079-Ex1-cssl.clmp.fp2_repr.ssl.SgC0072C_contam_R1R2_noIsolate-RG.bam	202574	136.471	5.79789	919991268	3408658	0.0214818	0.37051
/home/e1garcia/shotgun_PIRE/pire_cssl_data_processing/spratelloides_gracilis/raw_fq_capture/concatenated_files/mkBAMcontaminated/Sgr-CJol_080-Ex1-cssl.clmp.fp2_repr.ssl.SgC0072C_contam_R1R2_noIsolate-RG.bam	228158	132.647	5.79128	919991268	3758349	0.0236585	0.40852
/home/e1garcia/shotgun_PIRE/pire_cssl_data_processing/spratelloides_gracilis/raw_fq_capture/concatenated_files/mkBAMcontaminated/Sgr-CJol_076-Ex1-cssl.clmp.fp2_repr.ssl.SgC0072C_contam_R1R2_noIsolate-RG.bam	264265	126.635	4.65417	919991268	4986741	0.0252276	0.542042
/home/e1garcia/shotgun_PIRE/pire_cssl_data_processing/spratelloides_gracilis/raw_fq_capture/concatenated_files/mkBAMcontaminated/Sgr-CJol_084-Ex1-cssl.clmp.fp2_repr.ssl.SgC0072C_contam_R1R2_noIsolate-RG.bam	164242	124.619	4.83151	919991268	3045429	0.0159937	0.331028
/home/e1garcia/shotgun_PIRE/pire_cssl_data_processing/spratelloides_gracilis/raw_fq_capture/concatenated_files/mkBAMcontaminated/Sgr-CJol_085-Ex1-cssl.clmp.fp2_repr.ssl.SgC0072C_contam_R1R2_noIsolate-RG.bam	158086	123.603	4.46203	919991268	3047645	0.0147813	0.331269
/home/e1garcia/shotgun_PIRE/pire_cssl_data_processing/spratelloides_gracilis/raw_fq_capture/concatenated_files/mkBAMcontaminated/Sgr-CJol_087-Ex1-cssl.clmp.fp2_repr.ssl.SgC0072C_contam_R1R2_noIsolate-RG.bam	213432	116.404	4.12512	919991268	4081147	0.0182993	0.443607
/home/e1garcia/shotgun_PIRE/pire_cssl_data_processing/spratelloides_gracilis/raw_fq_capture/concatenated_files/mkBAMcontaminated/Sgr-CJol_090-Ex1-cssl.clmp.fp2_repr.ssl.SgC0072C_contam_R1R2_noIsolate-RG.bam	192026	121.145	4.57592	919991268	3576141	0.0177873	0.388715
/home/e1garcia/shotgun_PIRE/pire_cssl_data_processing/spratelloides_gracilis/raw_fq_capture/concatenated_files/mkBAMcontaminated/Sgr-CJol_089-Ex1-cssl.clmp.fp2_repr.ssl.SgC0072C_contam_R1R2_noIsolate-RG.bam	243596	119.317	4.64943	919991268	4315633	0.0218102	0.469095
/home/e1garcia/shotgun_PIRE/pire_cssl_data_processing/spratelloides_gracilis/raw_fq_capture/concatenated_files/mkBAMcontaminated/Sgr-AJol_090-Ex1-cssl.clmp.fp2_repr.ssl.SgC0072C_contam_R1R2_noIsolate-RG.bam	8589808	88.7226	1.94874	919991268	235518746	0.49888	25.6001
/home/e1garcia/shotgun_PIRE/pire_cssl_data_processing/spratelloides_gracilis/raw_fq_capture/concatenated_files/mkBAMcontaminated/Sgr-CJol_088-Ex1-cssl.clmp.fp2_repr.ssl.SgC0072C_contam_R1R2_noIsolate-RG.bam	360692	119.686	4.96483	919991268	5971295	0.0322247	0.64906
/home/e1garcia/shotgun_PIRE/pire_cssl_data_processing/spratelloides_gracilis/raw_fq_capture/concatenated_files/mkBAMcontaminated/Sgr-CJol_086-Ex1-cssl.clmp.fp2_repr.ssl.SgC0072C_contam_R1R2_noIsolate-RG.bam	375026	123.507	5.32403	919991268	6163538	0.0356687	0.669956
/home/e1garcia/shotgun_PIRE/pire_cssl_data_processing/spratelloides_gracilis/raw_fq_capture/concatenated_files/mkBAMcontaminated/Sgr-CJol_093-Ex1-cssl.clmp.fp2_repr.ssl.SgC0072C_contam_R1R2_noIsolate-RG.bam	246065	119.708	4.68193	919991268	4331079	0.0220413	0.470774
/home/e1garcia/shotgun_PIRE/pire_cssl_data_processing/spratelloides_gracilis/raw_fq_capture/concatenated_files/mkBAMcontaminated/Sgr-CJol_094-Ex1-cssl.clmp.fp2_repr.ssl.SgC0072C_contam_R1R2_noIsolate-RG.bam	254252	118.878	4.57406	919991268	4480508	0.0222764	0.487016
/home/e1garcia/shotgun_PIRE/pire_cssl_data_processing/spratelloides_gracilis/raw_fq_capture/concatenated_files/mkBAMcontaminated/Sgr-CJol_092-Ex1-cssl.clmp.fp2_repr.ssl.SgC0072C_contam_R1R2_noIsolate-RG.bam	297684	118.083	4.97172	919991268	4803197	0.0259569	0.522092
/home/e1garcia/shotgun_PIRE/pire_cssl_data_processing/spratelloides_gracilis/raw_fq_capture/concatenated_files/mkBAMcontaminated/Sgr-CMas_003-Ex1-cssl.clmp.fp2_repr.ssl.SgC0072C_contam_R1R2_noIsolate-RG.bam	208424	127.682	5.12459	919991268	3787478	0.0210972	0.411686
/home/e1garcia/shotgun_PIRE/pire_cssl_data_processing/spratelloides_gracilis/raw_fq_capture/concatenated_files/mkBAMcontaminated/Sgr-CJol_096-Ex1-cssl.clmp.fp2_repr.ssl.SgC0072C_contam_R1R2_noIsolate-RG.bam	285379	124.578	5.12946	919991268	4796863	0.0267452	0.521403
/home/e1garcia/shotgun_PIRE/pire_cssl_data_processing/spratelloides_gracilis/raw_fq_capture/concatenated_files/mkBAMcontaminated/Sgr-CJol_091-Ex1-cssl.clmp.fp2_repr.ssl.SgC0072C_contam_R1R2_noIsolate-RG.bam	370252	118.243	4.8721	919991268	6101748	0.0323137	0.66324
/home/e1garcia/shotgun_PIRE/pire_cssl_data_processing/spratelloides_gracilis/raw_fq_capture/concatenated_files/mkBAMcontaminated/Sgr-CMas_005-Ex1-cssl.clmp.fp2_repr.ssl.SgC0072C_contam_R1R2_noIsolate-RG.bam	218354	127.363	4.84657	919991268	4142669	0.0218238	0.450294
/home/e1garcia/shotgun_PIRE/pire_cssl_data_processing/spratelloides_gracilis/raw_fq_capture/concatenated_files/mkBAMcontaminated/Sgr-CMas_002-Ex1-cssl.clmp.fp2_repr.ssl.SgC0072C_contam_R1R2_noIsolate-RG.bam	285918	126.38	4.85914	919991268	5335793	0.0281822	0.579983
/home/e1garcia/shotgun_PIRE/pire_cssl_data_processing/spratelloides_gracilis/raw_fq_capture/concatenated_files/mkBAMcontaminated/Sgr-CMas_007-Ex1-cssl.clmp.fp2_repr.ssl.SgC0072C_contam_R1R2_noIsolate-RG.bam	142775	127.763	4.4743	919991268	2988672	0.0145352	0.324859
/home/e1garcia/shotgun_PIRE/pire_cssl_data_processing/spratelloides_gracilis/raw_fq_capture/concatenated_files/mkBAMcontaminated/Sgr-CMas_004-Ex1-cssl.clmp.fp2_repr.ssl.SgC0072C_contam_R1R2_noIsolate-RG.bam	349884	128.632	5.65059	919991268	5712558	0.0350866	0.620936
/home/e1garcia/shotgun_PIRE/pire_cssl_data_processing/spratelloides_gracilis/raw_fq_capture/concatenated_files/mkBAMcontaminated/Sgr-CMas_006-Ex1-cssl.clmp.fp2_repr.ssl.SgC0072C_contam_R1R2_noIsolate-RG.bam	251942	127.093	4.95149	919991268	4680414	0.0251905	0.508745
/home/e1garcia/shotgun_PIRE/pire_cssl_data_processing/spratelloides_gracilis/raw_fq_capture/concatenated_files/mkBAMcontaminated/Sgr-CMas_008-Ex1-cssl.clmp.fp2_repr.ssl.SgC0072C_contam_R1R2_noIsolate-RG.bam	268571	122.633	4.19572	919991268	5446171	0.0248379	0.591981
/home/e1garcia/shotgun_PIRE/pire_cssl_data_processing/spratelloides_gracilis/raw_fq_capture/concatenated_files/mkBAMcontaminated/Sgr-CMas_010-Ex1-cssl.clmp.fp2_repr.ssl.SgC0072C_contam_R1R2_noIsolate-RG.bam	231928	121.339	3.71627	919991268	5196837	0.0209924	0.564879
/home/e1garcia/shotgun_PIRE/pire_cssl_data_processing/spratelloides_gracilis/raw_fq_capture/concatenated_files/mkBAMcontaminated/Sgr-CMas_009-Ex1-cssl.clmp.fp2_repr.ssl.SgC0072C_contam_R1R2_noIsolate-RG.bam	363126	129.36	5.82585	919991268	5883704	0.0372586	0.639539
/home/e1garcia/shotgun_PIRE/pire_cssl_data_processing/spratelloides_gracilis/raw_fq_capture/concatenated_files/mkBAMcontaminated/Sgr-CMas_011-Ex1-cssl.clmp.fp2_repr.ssl.SgC0072C_contam_R1R2_noIsolate-RG.bam	260585	124.317	5.02707	919991268	4588698	0.0250738	0.498776
/home/e1garcia/shotgun_PIRE/pire_cssl_data_processing/spratelloides_gracilis/raw_fq_capture/concatenated_files/mkBAMcontaminated/Sgr-APal_022-Ex1-cssl.clmp.fp2_repr.ssl.SgC0072C_contam_R1R2_noIsolate-RG.bam	2912150	94.8947	2.36191	919991268	75256967	0.193209	8.18018
/home/e1garcia/shotgun_PIRE/pire_cssl_data_processing/spratelloides_gracilis/raw_fq_capture/concatenated_files/mkBAMcontaminated/Sgr-CMas_012-Ex1-cssl.clmp.fp2_repr.ssl.SgC0072C_contam_R1R2_noIsolate-RG.bam	342088	128.02	5.60675	919991268	5698751	0.0347302	0.619435
/home/e1garcia/shotgun_PIRE/pire_cssl_data_processing/spratelloides_gracilis/raw_fq_capture/concatenated_files/mkBAMcontaminated/Sgr-CMas_014-Ex1-cssl.clmp.fp2_repr.ssl.SgC0072C_contam_R1R2_noIsolate-RG.bam	284449	126.633	5.18737	919991268	5031985	0.0283728	0.54696
/home/e1garcia/shotgun_PIRE/pire_cssl_data_processing/spratelloides_gracilis/raw_fq_capture/concatenated_files/mkBAMcontaminated/Sgr-CMas_020-Ex1-cssl.clmp.fp2_repr.ssl.SgC0072C_contam_R1R2_noIsolate-RG.bam	250080	128.977	5.0318	919991268	4643952	0.0253996	0.504782
/home/e1garcia/shotgun_PIRE/pire_cssl_data_processing/spratelloides_gracilis/raw_fq_capture/concatenated_files/mkBAMcontaminated/Sgr-CMas_013-Ex1-cssl.clmp.fp2_repr.ssl.SgC0072C_contam_R1R2_noIsolate-RG.bam	393819	128.843	5.97	919991268	6295148	0.0408504	0.684262
/home/e1garcia/shotgun_PIRE/pire_cssl_data_processing/spratelloides_gracilis/raw_fq_capture/concatenated_files/mkBAMcontaminated/Sgr-CMas_021-Ex1-cssl.clmp.fp2_repr.ssl.SgC0072C_contam_R1R2_noIsolate-RG.bam	200107	127.915	4.73924	919991268	3905499	0.0201188	0.424515
/home/e1garcia/shotgun_PIRE/pire_cssl_data_processing/spratelloides_gracilis/raw_fq_capture/concatenated_files/mkBAMcontaminated/Sgr-CMas_018-Ex1-cssl.clmp.fp2_repr.ssl.SgC0072C_contam_R1R2_noIsolate-RG.bam	291555	122.996	4.88714	919991268	5221394	0.0277369	0.567548
/home/e1garcia/shotgun_PIRE/pire_cssl_data_processing/spratelloides_gracilis/raw_fq_capture/concatenated_files/mkBAMcontaminated/Sgr-CMas_017-Ex1-cssl.clmp.fp2_repr.ssl.SgC0072C_contam_R1R2_noIsolate-RG.bam	301576	126.311	4.48148	919991268	6108020	0.0297535	0.663922
/home/e1garcia/shotgun_PIRE/pire_cssl_data_processing/spratelloides_gracilis/raw_fq_capture/concatenated_files/mkBAMcontaminated/Sgr-CMas_019-Ex1-cssl.clmp.fp2_repr.ssl.SgC0072C_contam_R1R2_noIsolate-RG.bam	298476	121.881	4.11724	919991268	6107314	0.0273321	0.663845
/home/e1garcia/shotgun_PIRE/pire_cssl_data_processing/spratelloides_gracilis/raw_fq_capture/concatenated_files/mkBAMcontaminated/Sgr-APal_038-Ex1-cssl.clmp.fp2_repr.ssl.SgC0072C_contam_R1R2_noIsolate-RG.bam	2711713	91.9851	2.44879	919991268	65500256	0.174346	7.11966
/home/e1garcia/shotgun_PIRE/pire_cssl_data_processing/spratelloides_gracilis/raw_fq_capture/concatenated_files/mkBAMcontaminated/Sgr-CMas_001-Ex1-cssl.clmp.fp2_repr.ssl.SgC0072C_contam_R1R2_noIsolate-RG.bam	888793	126.296	6.37435	919991268	12484291	0.0865	1.357
/home/e1garcia/shotgun_PIRE/pire_cssl_data_processing/spratelloides_gracilis/raw_fq_capture/concatenated_files/mkBAMcontaminated/Sgr-CMas_016-Ex1-cssl.clmp.fp2_repr.ssl.SgC0072C_contam_R1R2_noIsolate-RG.bam	447017	127.056	5.79356	919991268	7142337	0.0449782	0.776348
/home/e1garcia/shotgun_PIRE/pire_cssl_data_processing/spratelloides_gracilis/raw_fq_capture/concatenated_files/mkBAMcontaminated/Sgr-CMas_015-Ex1-cssl.clmp.fp2_repr.ssl.SgC0072C_contam_R1R2_noIsolate-RG.bam	484746	125.226	5.75087	919991268	7723376	0.0482789	0.839505
/home/e1garcia/shotgun_PIRE/pire_cssl_data_processing/spratelloides_gracilis/raw_fq_capture/concatenated_files/mkBAMcontaminated/Sgr-CMas_022-Ex1-cssl.clmp.fp2_repr.ssl.SgC0072C_contam_R1R2_noIsolate-RG.bam	389769	126.647	5.66171	919991268	6363113	0.0391592	0.691649
/home/e1garcia/shotgun_PIRE/pire_cssl_data_processing/spratelloides_gracilis/raw_fq_capture/concatenated_files/mkBAMcontaminated/Sgr-CMas_023-Ex1-cssl.clmp.fp2_repr.ssl.SgC0072C_contam_R1R2_noIsolate-RG.bam	353328	127.146	5.38394	919991268	5926973	0.0346856	0.644242
/home/e1garcia/shotgun_PIRE/pire_cssl_data_processing/spratelloides_gracilis/raw_fq_capture/concatenated_files/mkBAMcontaminated/Sgr-APal_037-Ex1-cssl.clmp.fp2_repr.ssl.SgC0072C_contam_R1R2_noIsolate-RG.bam	3022414	89.6592	2.47423	919991268	70372638	0.189261	7.64927
/home/e1garcia/shotgun_PIRE/pire_cssl_data_processing/spratelloides_gracilis/raw_fq_capture/concatenated_files/mkBAMcontaminated/Sgr-CMas_026-Ex1-cssl.clmp.fp2_repr.ssl.SgC0072C_contam_R1R2_noIsolate-RG.bam	251628	125.076	4.85181	919991268	4594443	0.02423	0.499401
/home/e1garcia/shotgun_PIRE/pire_cssl_data_processing/spratelloides_gracilis/raw_fq_capture/concatenated_files/mkBAMcontaminated/Sgr-CMas_033-Ex1-cssl.clmp.fp2_repr.ssl.SgC0072C_contam_R1R2_noIsolate-RG.bam	160910	125.844	3.71679	919991268	3908679	0.0157912	0.42486
/home/e1garcia/shotgun_PIRE/pire_cssl_data_processing/spratelloides_gracilis/raw_fq_capture/concatenated_files/mkBAMcontaminated/Sgr-CMas_031-Ex1-cssl.clmp.fp2_repr.ssl.SgC0072C_contam_R1R2_noIsolate-RG.bam	247602	129.358	5.24534	919991268	4561874	0.0260096	0.495861
/home/e1garcia/shotgun_PIRE/pire_cssl_data_processing/spratelloides_gracilis/raw_fq_capture/concatenated_files/mkBAMcontaminated/Sgr-CMas_024-Ex1-cssl.clmp.fp2_repr.ssl.SgC0072C_contam_R1R2_noIsolate-RG.bam	401973	128.396	5.99413	919991268	6159835	0.0401339	0.669554
/home/e1garcia/shotgun_PIRE/pire_cssl_data_processing/spratelloides_gracilis/raw_fq_capture/concatenated_files/mkBAMcontaminated/Sgr-CMas_046-Ex1-cssl.clmp.fp2_repr.ssl.SgC0072C_contam_R1R2_noIsolate-RG.bam	26055	122.915	1.18416	919991268	1809406	0.00232896	0.196676
/home/e1garcia/shotgun_PIRE/pire_cssl_data_processing/spratelloides_gracilis/raw_fq_capture/concatenated_files/mkBAMcontaminated/Sgr-CMas_036-Ex1-cssl.clmp.fp2_repr.ssl.SgC0072C_contam_R1R2_noIsolate-RG.bam	262726	125.678	5.16232	919991268	4628218	0.0259702	0.503072
/home/e1garcia/shotgun_PIRE/pire_cssl_data_processing/spratelloides_gracilis/raw_fq_capture/concatenated_files/mkBAMcontaminated/Sgr-CMas_044-Ex1-cssl.clmp.fp2_repr.ssl.SgC0072C_contam_R1R2_noIsolate-RG.bam	200259	127.472	4.52991	919991268	4093474	0.0201557	0.444947
/home/e1garcia/shotgun_PIRE/pire_cssl_data_processing/spratelloides_gracilis/raw_fq_capture/concatenated_files/mkBAMcontaminated/Sgr-CMas_028-Ex1-cssl.clmp.fp2_repr.ssl.SgC0072C_contam_R1R2_noIsolate-RG.bam	470284	128.092	5.87101	919991268	7350211	0.0469061	0.798944
/home/e1garcia/shotgun_PIRE/pire_cssl_data_processing/spratelloides_gracilis/raw_fq_capture/concatenated_files/mkBAMcontaminated/Sgr-CMas_042-Ex1-cssl.clmp.fp2_repr.ssl.SgC0072C_contam_R1R2_noIsolate-RG.bam	240755	127.123	4.70554	919991268	4724785	0.0241662	0.513568
/home/e1garcia/shotgun_PIRE/pire_cssl_data_processing/spratelloides_gracilis/raw_fq_capture/concatenated_files/mkBAMcontaminated/Sgr-CMas_030-Ex1-cssl.clmp.fp2_repr.ssl.SgC0072C_contam_R1R2_noIsolate-RG.bam	462546	126.642	5.62566	919991268	7446108	0.0455322	0.809367
/home/e1garcia/shotgun_PIRE/pire_cssl_data_processing/spratelloides_gracilis/raw_fq_capture/concatenated_files/mkBAMcontaminated/Sgr-CMas_055-Ex1-cssl.clmp.fp2_repr.ssl.SgC0072C_contam_R1R2_noIsolate-RG.bam	12969	124.261	1.13263	919991268	961985	0.00118433	0.104565
/home/e1garcia/shotgun_PIRE/pire_cssl_data_processing/spratelloides_gracilis/raw_fq_capture/concatenated_files/mkBAMcontaminated/Sgr-CMas_032-Ex1-cssl.clmp.fp2_repr.ssl.SgC0072C_contam_R1R2_noIsolate-RG.bam	431305	123.121	4.90347	919991268	7723262	0.0411643	0.839493
/home/e1garcia/shotgun_PIRE/pire_cssl_data_processing/spratelloides_gracilis/raw_fq_capture/concatenated_files/mkBAMcontaminated/Sgr-CMas_035-Ex1-cssl.clmp.fp2_repr.ssl.SgC0072C_contam_R1R2_noIsolate-RG.bam	381201	126.06	5.3309	919991268	6588996	0.03818	0.716202
/home/e1garcia/shotgun_PIRE/pire_cssl_data_processing/spratelloides_gracilis/raw_fq_capture/concatenated_files/mkBAMcontaminated/Sgr-CMas_048-Ex1-cssl.clmp.fp2_repr.ssl.SgC0072C_contam_R1R2_noIsolate-RG.bam	233547	125.439	4.91234	919991268	4346668	0.0232093	0.472468
/home/e1garcia/shotgun_PIRE/pire_cssl_data_processing/spratelloides_gracilis/raw_fq_capture/concatenated_files/mkBAMcontaminated/Sgr-CMas_034-Ex1-cssl.clmp.fp2_repr.ssl.SgC0072C_contam_R1R2_noIsolate-RG.bam	491046	126.531	5.66886	919991268	7968880	0.0491031	0.866191
/home/e1garcia/shotgun_PIRE/pire_cssl_data_processing/spratelloides_gracilis/raw_fq_capture/concatenated_files/mkBAMcontaminated/Sgr-CMas_043-Ex1-cssl.clmp.fp2_repr.ssl.SgC0072C_contam_R1R2_noIsolate-RG.bam	385742	125.938	5.08603	919991268	6918164	0.038246	0.751981
/home/e1garcia/shotgun_PIRE/pire_cssl_data_processing/spratelloides_gracilis/raw_fq_capture/concatenated_files/mkBAMcontaminated/Sgr-CMas_052-Ex1-cssl.clmp.fp2_repr.ssl.SgC0072C_contam_R1R2_noIsolate-RG.bam	232828	128.2	5.09462	919991268	4202401	0.0232716	0.456787
/home/e1garcia/shotgun_PIRE/pire_cssl_data_processing/spratelloides_gracilis/raw_fq_capture/concatenated_files/mkBAMcontaminated/Sgr-CMas_040-Ex1-cssl.clmp.fp2_repr.ssl.SgC0072C_contam_R1R2_noIsolate-RG.bam	469692	128.751	6.01265	919991268	7288493	0.0476343	0.792235
/home/e1garcia/shotgun_PIRE/pire_cssl_data_processing/spratelloides_gracilis/raw_fq_capture/concatenated_files/mkBAMcontaminated/Sgr-CMas_045-Ex1-cssl.clmp.fp2_repr.ssl.SgC0072C_contam_R1R2_noIsolate-RG.bam	409393	125.789	4.88403	919991268	7607479	0.0403864	0.826908
/home/e1garcia/shotgun_PIRE/pire_cssl_data_processing/spratelloides_gracilis/raw_fq_capture/concatenated_files/mkBAMcontaminated/Sgr-CMas_054-Ex1-cssl.clmp.fp2_repr.ssl.SgC0072C_contam_R1R2_noIsolate-RG.bam	278863	127.878	5.30322	919991268	4923246	0.0283797	0.535141
/home/e1garcia/shotgun_PIRE/pire_cssl_data_processing/spratelloides_gracilis/raw_fq_capture/concatenated_files/mkBAMcontaminated/Sgr-CMas_038-Ex1-cssl.clmp.fp2_repr.ssl.SgC0072C_contam_R1R2_noIsolate-RG.bam	579998	123.016	5.1598	919991268	9525353	0.0534232	1.03537
/home/e1garcia/shotgun_PIRE/pire_cssl_data_processing/spratelloides_gracilis/raw_fq_capture/concatenated_files/mkBAMcontaminated/Sgr-CMas_056-Ex1-cssl.clmp.fp2_repr.ssl.SgC0072C_contam_R1R2_noIsolate-RG.bam	202863	126.772	3.59534	919991268	5165892	0.0201884	0.561515
/home/e1garcia/shotgun_PIRE/pire_cssl_data_processing/spratelloides_gracilis/raw_fq_capture/concatenated_files/mkBAMcontaminated/Sgr-CMas_057-Ex1-cssl.clmp.fp2_repr.ssl.SgC0072C_contam_R1R2_noIsolate-RG.bam	208251	127.875	4.6215	919991268	4170855	0.0209519	0.453358
/home/e1garcia/shotgun_PIRE/pire_cssl_data_processing/spratelloides_gracilis/raw_fq_capture/concatenated_files/mkBAMcontaminated/Sgr-CMas_059-Ex1-cssl.clmp.fp2_repr.ssl.SgC0072C_contam_R1R2_noIsolate-RG.bam	223118	127.688	5.06248	919991268	4032225	0.0221883	0.438289
/home/e1garcia/shotgun_PIRE/pire_cssl_data_processing/spratelloides_gracilis/raw_fq_capture/concatenated_files/mkBAMcontaminated/Sgr-CMas_065-Ex1-cssl.clmp.fp2_repr.ssl.SgC0072C_contam_R1R2_noIsolate-RG.bam	210350	125.178	4.51164	919991268	4211645	0.0206539	0.457792
/home/e1garcia/shotgun_PIRE/pire_cssl_data_processing/spratelloides_gracilis/raw_fq_capture/concatenated_files/mkBAMcontaminated/Sgr-CMas_049-Ex1-cssl.clmp.fp2_repr.ssl.SgC0072C_contam_R1R2_noIsolate-RG.bam	549872	127.734	6.10671	919991268	8462251	0.0561707	0.919819
/home/e1garcia/shotgun_PIRE/pire_cssl_data_processing/spratelloides_gracilis/raw_fq_capture/concatenated_files/mkBAMcontaminated/Sgr-CMas_069-Ex1-cssl.clmp.fp2_repr.ssl.SgC0072C_contam_R1R2_noIsolate-RG.bam	205413	126.761	4.32056	919991268	4423893	0.020776	0.480862
/home/e1garcia/shotgun_PIRE/pire_cssl_data_processing/spratelloides_gracilis/raw_fq_capture/concatenated_files/mkBAMcontaminated/Sgr-CMas_050-Ex1-cssl.clmp.fp2_repr.ssl.SgC0072C_contam_R1R2_noIsolate-RG.bam	538320	125.017	5.6396	919991268	8600376	0.0527208	0.934832
/home/e1garcia/shotgun_PIRE/pire_cssl_data_processing/spratelloides_gracilis/raw_fq_capture/concatenated_files/mkBAMcontaminated/Sgr-CMas_067-Ex1-cssl.clmp.fp2_repr.ssl.SgC0072C_contam_R1R2_noIsolate-RG.bam	246822	124.731	4.9826	919991268	4401806	0.0238398	0.478462
/home/e1garcia/shotgun_PIRE/pire_cssl_data_processing/spratelloides_gracilis/raw_fq_capture/concatenated_files/mkBAMcontaminated/Sgr-CMas_047-Ex1-cssl.clmp.fp2_repr.ssl.SgC0072C_contam_R1R2_noIsolate-RG.bam	635429	128.392	6.54909	919991268	9071367	0.0645758	0.986028
/home/e1garcia/shotgun_PIRE/pire_cssl_data_processing/spratelloides_gracilis/raw_fq_capture/concatenated_files/mkBAMcontaminated/Sgr-CMas_071-Ex1-cssl.clmp.fp2_repr.ssl.SgC0072C_contam_R1R2_noIsolate-RG.bam	225445	127.055	4.93247	919991268	4257407	0.0228258	0.462766
/home/e1garcia/shotgun_PIRE/pire_cssl_data_processing/spratelloides_gracilis/raw_fq_capture/concatenated_files/mkBAMcontaminated/Sgr-CMas_074-Ex1-cssl.clmp.fp2_repr.ssl.SgC0072C_contam_R1R2_noIsolate-RG.bam	240848	127.669	5.28684	919991268	4261373	0.0244885	0.463197
/home/e1garcia/shotgun_PIRE/pire_cssl_data_processing/spratelloides_gracilis/raw_fq_capture/concatenated_files/mkBAMcontaminated/Sgr-CMas_062-Ex1-cssl.clmp.fp2_repr.ssl.SgC0072C_contam_R1R2_noIsolate-RG.bam	380618	126.762	5.47039	919991268	6388535	0.0379871	0.694413
/home/e1garcia/shotgun_PIRE/pire_cssl_data_processing/spratelloides_gracilis/raw_fq_capture/concatenated_files/mkBAMcontaminated/Sgr-CMas_061-Ex1-cssl.clmp.fp2_repr.ssl.SgC0072C_contam_R1R2_noIsolate-RG.bam	417566	128.759	6.14473	919991268	6331655	0.0422899	0.68823
/home/e1garcia/shotgun_PIRE/pire_cssl_data_processing/spratelloides_gracilis/raw_fq_capture/concatenated_files/mkBAMcontaminated/Sgr-CMas_092-Ex1-cssl.clmp.fp2_repr.ssl.SgC0072C_contam_R1R2_noIsolate-RG.bam	155374	124.519	3.93274	919991268	3503969	0.0149786	0.38087
/home/e1garcia/shotgun_PIRE/pire_cssl_data_processing/spratelloides_gracilis/raw_fq_capture/concatenated_files/mkBAMcontaminated/Sgr-CMas_058-Ex1-cssl.clmp.fp2_repr.ssl.SgC0072C_contam_R1R2_noIsolate-RG.bam	518967	127.44	6.15239	919991268	7904861	0.0528633	0.859232
/home/e1garcia/shotgun_PIRE/pire_cssl_data_processing/spratelloides_gracilis/raw_fq_capture/concatenated_files/mkBAMcontaminated/Sgr-CMas_090-Ex1-cssl.clmp.fp2_repr.ssl.SgC0072C_contam_R1R2_noIsolate-RG.bam	265755	128.382	5.43572	919991268	4542576	0.0268396	0.493763
/home/e1garcia/shotgun_PIRE/pire_cssl_data_processing/spratelloides_gracilis/raw_fq_capture/concatenated_files/mkBAMcontaminated/Sgr-CMas_083-Ex1-cssl.clmp.fp2_repr.ssl.SgC0072C_contam_R1R2_noIsolate-RG.bam	370383	125.091	5.17045	919991268	6451006	0.0362553	0.701203
/home/e1garcia/shotgun_PIRE/pire_cssl_data_processing/spratelloides_gracilis/raw_fq_capture/concatenated_files/mkBAMcontaminated/Sgr-CMvi_013-Ex1-cssl.clmp.fp2_repr.ssl.SgC0072C_contam_R1R2_noIsolate-RG.bam	85998	130.189	3.23557	919991268	2585783	0.00909409	0.281066
/home/e1garcia/shotgun_PIRE/pire_cssl_data_processing/spratelloides_gracilis/raw_fq_capture/concatenated_files/mkBAMcontaminated/Sgr-CMas_077-Ex1-cssl.clmp.fp2_repr.ssl.SgC0072C_contam_R1R2_noIsolate-RG.bam	500500	125.736	5.21687	919991268	8707361	0.0493757	0.946461
/home/e1garcia/shotgun_PIRE/pire_cssl_data_processing/spratelloides_gracilis/raw_fq_capture/concatenated_files/mkBAMcontaminated/Sgr-CMas_063-Ex1-cssl.clmp.fp2_repr.ssl.SgC0072C_contam_R1R2_noIsolate-RG.bam	687036	126.632	6.17492	919991268	10290915	0.0690719	1.11859
/home/e1garcia/shotgun_PIRE/pire_cssl_data_processing/spratelloides_gracilis/raw_fq_capture/concatenated_files/mkBAMcontaminated/Sgr-CMvi_016-Ex1-cssl.clmp.fp2_repr.ssl.SgC0072C_contam_R1R2_noIsolate-RG.bam	222841	123.832	4.12976	919991268	4670342	0.0209648	0.507651
/home/e1garcia/shotgun_PIRE/pire_cssl_data_processing/spratelloides_gracilis/raw_fq_capture/concatenated_files/mkBAMcontaminated/Sgr-CMvi_004-Ex1-cssl.clmp.fp2_repr.ssl.SgC0072C_contam_R1R2_noIsolate-RG.bam	357225	126.279	4.84521	919991268	6604959	0.0347856	0.717937
/home/e1garcia/shotgun_PIRE/pire_cssl_data_processing/spratelloides_gracilis/raw_fq_capture/concatenated_files/mkBAMcontaminated/Sgr-CMvi_023-Ex1-cssl.clmp.fp2_repr.ssl.SgC0072C_contam_R1R2_noIsolate-RG.bam	28945	124.84	1.49331	919991268	1678296	0.00272417	0.182425
/home/e1garcia/shotgun_PIRE/pire_cssl_data_processing/spratelloides_gracilis/raw_fq_capture/concatenated_files/mkBAMcontaminated/Sgr-CMvi_007-Ex1-cssl.clmp.fp2_repr.ssl.SgC0072C_contam_R1R2_noIsolate-RG.bam	459383	127.702	5.23607	919991268	8090373	0.0460458	0.879397
/home/e1garcia/shotgun_PIRE/pire_cssl_data_processing/spratelloides_gracilis/raw_fq_capture/concatenated_files/mkBAMcontaminated/Sgr-CMvi_008-Ex1-cssl.clmp.fp2_repr.ssl.SgC0072C_contam_R1R2_noIsolate-RG.bam	442742	129.437	5.63909	919991268	7501070	0.0459778	0.815341
/home/e1garcia/shotgun_PIRE/pire_cssl_data_processing/spratelloides_gracilis/raw_fq_capture/concatenated_files/mkBAMcontaminated/Sgr-CMvi_020-Ex1-cssl.clmp.fp2_repr.ssl.SgC0072C_contam_R1R2_noIsolate-RG.bam	198261	127.205	3.64973	919991268	4993334	0.0198092	0.542759
/home/e1garcia/shotgun_PIRE/pire_cssl_data_processing/spratelloides_gracilis/raw_fq_capture/concatenated_files/mkBAMcontaminated/Sgr-CMvi_001-Ex1-cssl.clmp.fp2_repr.ssl.SgC0072C_contam_R1R2_noIsolate-RG.bam	626362	132.054	6.22906	919991268	10121241	0.0685287	1.10015
/home/e1garcia/shotgun_PIRE/pire_cssl_data_processing/spratelloides_gracilis/raw_fq_capture/concatenated_files/mkBAMcontaminated/Sgr-CMvi_019-Ex1-cssl.clmp.fp2_repr.ssl.SgC0072C_contam_R1R2_noIsolate-RG.bam	273049	123.285	4.18259	919991268	5497663	0.0249942	0.597578
/home/e1garcia/shotgun_PIRE/pire_cssl_data_processing/spratelloides_gracilis/raw_fq_capture/concatenated_files/mkBAMcontaminated/Sgr-CMvi_015-Ex1-cssl.clmp.fp2_repr.ssl.SgC0072C_contam_R1R2_noIsolate-RG.bam	445201	131.418	5.77827	919991268	7497880	0.0470926	0.814995
/home/e1garcia/shotgun_PIRE/pire_cssl_data_processing/spratelloides_gracilis/raw_fq_capture/concatenated_files/mkBAMcontaminated/Sgr-CMvi_030-Ex1-cssl.clmp.fp2_repr.ssl.SgC0072C_contam_R1R2_noIsolate-RG.bam	40106	121.891	1.66122	919991268	2012668	0.00363426	0.21877
/home/e1garcia/shotgun_PIRE/pire_cssl_data_processing/spratelloides_gracilis/raw_fq_capture/concatenated_files/mkBAMcontaminated/Sgr-CMvi_009-Ex1-cssl.clmp.fp2_repr.ssl.SgC0072C_contam_R1R2_noIsolate-RG.bam	699177	133.909	7.14476	919991268	10234845	0.079485	1.11249
/home/e1garcia/shotgun_PIRE/pire_cssl_data_processing/spratelloides_gracilis/raw_fq_capture/concatenated_files/mkBAMcontaminated/Sgr-CMvi_034-Ex1-cssl.clmp.fp2_repr.ssl.SgC0072C_contam_R1R2_noIsolate-RG.bam	110685	129.55	3.35745	919991268	3127070	0.011412	0.339902
/home/e1garcia/shotgun_PIRE/pire_cssl_data_processing/spratelloides_gracilis/raw_fq_capture/concatenated_files/mkBAMcontaminated/Sgr-CMvi_005-Ex1-cssl.clmp.fp2_repr.ssl.SgC0072C_contam_R1R2_noIsolate-RG.bam	764810	132.139	6.26295	919991268	12230264	0.083259	1.32939
/home/e1garcia/shotgun_PIRE/pire_cssl_data_processing/spratelloides_gracilis/raw_fq_capture/concatenated_files/mkBAMcontaminated/Sgr-CMvi_042-Ex1-cssl.clmp.fp2_repr.ssl.SgC0072C_contam_R1R2_noIsolate-RG.bam	104964	128.511	3.71736	919991268	2690755	0.0108724	0.292476
/home/e1garcia/shotgun_PIRE/pire_cssl_data_processing/spratelloides_gracilis/raw_fq_capture/concatenated_files/mkBAMcontaminated/Sgr-CMvi_032-Ex1-cssl.clmp.fp2_repr.ssl.SgC0072C_contam_R1R2_noIsolate-RG.bam	192647	125.235	2.82436	919991268	6033391	0.0185224	0.65581
/home/e1garcia/shotgun_PIRE/pire_cssl_data_processing/spratelloides_gracilis/raw_fq_capture/concatenated_files/mkBAMcontaminated/Sgr-CMvi_038-Ex1-cssl.clmp.fp2_repr.ssl.SgC0072C_contam_R1R2_noIsolate-RG.bam	199535	124.279	3.32315	919991268	5249732	0.0189628	0.570628
/home/e1garcia/shotgun_PIRE/pire_cssl_data_processing/spratelloides_gracilis/raw_fq_capture/concatenated_files/mkBAMcontaminated/Sgr-CMvi_003-Ex1-cssl.clmp.fp2_repr.ssl.SgC0072C_contam_R1R2_noIsolate-RG.bam	1103585	131.476	7.16372	919991268	14998197	0.116787	1.63025
/home/e1garcia/shotgun_PIRE/pire_cssl_data_processing/spratelloides_gracilis/raw_fq_capture/concatenated_files/mkBAMcontaminated/Sgr-CMvi_024-Ex1-cssl.clmp.fp2_repr.ssl.SgC0072C_contam_R1R2_noIsolate-RG.bam	513716	129.055	5.8877	919991268	8325177	0.0532789	0.904919
/home/e1garcia/shotgun_PIRE/pire_cssl_data_processing/spratelloides_gracilis/raw_fq_capture/concatenated_files/mkBAMcontaminated/Sgr-CMvi_025-Ex1-cssl.clmp.fp2_repr.ssl.SgC0072C_contam_R1R2_noIsolate-RG.bam	657180	131.468	6.60158	919991268	9832794	0.0705572	1.06879
/home/e1garcia/shotgun_PIRE/pire_cssl_data_processing/spratelloides_gracilis/raw_fq_capture/concatenated_files/mkBAMcontaminated/Sgr-CMvi_027-Ex1-cssl.clmp.fp2_repr.ssl.SgC0072C_contam_R1R2_noIsolate-RG.bam	604720	125.959	5.9911	919991268	9071101	0.0590722	0.985999
/home/e1garcia/shotgun_PIRE/pire_cssl_data_processing/spratelloides_gracilis/raw_fq_capture/concatenated_files/mkBAMcontaminated/Sgr-CMvi_010-Ex1-cssl.clmp.fp2_repr.ssl.SgC0072C_contam_R1R2_noIsolate-RG.bam	1200458	132.252	8.1151	919991268	14805405	0.130596	1.6093
/home/e1garcia/shotgun_PIRE/pire_cssl_data_processing/spratelloides_gracilis/raw_fq_capture/concatenated_files/mkBAMcontaminated/Sgr-CMvi_018-Ex1-cssl.clmp.fp2_repr.ssl.SgC0072C_contam_R1R2_noIsolate-RG.bam	981236	133.538	7.46661	919991268	13581594	0.110228	1.47627
/home/e1garcia/shotgun_PIRE/pire_cssl_data_processing/spratelloides_gracilis/raw_fq_capture/concatenated_files/mkBAMcontaminated/Sgr-CMvi_052-Ex1-cssl.clmp.fp2_repr.ssl.SgC0072C_contam_R1R2_noIsolate-RG.bam	130913	131.64	3.75239	919991268	3433753	0.0140053	0.373238
/home/e1garcia/shotgun_PIRE/pire_cssl_data_processing/spratelloides_gracilis/raw_fq_capture/concatenated_files/mkBAMcontaminated/Sgr-APal_030-Ex1-cssl.clmp.fp2_repr.ssl.SgC0072C_contam_R1R2_noIsolate-RG.bam	5388012	93.8285	3.12517	919991268	103679548	0.352195	11.2696
/home/e1garcia/shotgun_PIRE/pire_cssl_data_processing/spratelloides_gracilis/raw_fq_capture/concatenated_files/mkBAMcontaminated/Sgr-CMvi_043-Ex1-cssl.clmp.fp2_repr.ssl.SgC0072C_contam_R1R2_noIsolate-RG.bam	564922	131.047	6.33782	919991268	8609260	0.0593092	0.935798
/home/e1garcia/shotgun_PIRE/pire_cssl_data_processing/spratelloides_gracilis/raw_fq_capture/concatenated_files/mkBAMcontaminated/Sgr-CMvi_051-Ex1-cssl.clmp.fp2_repr.ssl.SgC0072C_contam_R1R2_noIsolate-RG.bam	330664	127.801	4.32908	919991268	7091663	0.0333703	0.77084
/home/e1garcia/shotgun_PIRE/pire_cssl_data_processing/spratelloides_gracilis/raw_fq_capture/concatenated_files/mkBAMcontaminated/Sgr-CMvi_012-Ex1-cssl.clmp.fp2_repr.ssl.SgC0072C_contam_R1R2_noIsolate-RG.bam	1357537	131.803	7.10633	919991268	18879685	0.145833	2.05216
/home/e1garcia/shotgun_PIRE/pire_cssl_data_processing/spratelloides_gracilis/raw_fq_capture/concatenated_files/mkBAMcontaminated/Sgr-CMvi_061-Ex1-cssl.clmp.fp2_repr.ssl.SgC0072C_contam_R1R2_noIsolate-RG.bam	128218	127.289	3.82774	919991268	3033812	0.0126226	0.329765
/home/e1garcia/shotgun_PIRE/pire_cssl_data_processing/spratelloides_gracilis/raw_fq_capture/concatenated_files/mkBAMcontaminated/Sgr-CMvi_060-Ex1-cssl.clmp.fp2_repr.ssl.SgC0072C_contam_R1R2_noIsolate-RG.bam	198442	130.414	4.63452	919991268	4101719	0.0206627	0.445843
/home/e1garcia/shotgun_PIRE/pire_cssl_data_processing/spratelloides_gracilis/raw_fq_capture/concatenated_files/mkBAMcontaminated/Sgr-CMvi_044-Ex1-cssl.clmp.fp2_repr.ssl.SgC0072C_contam_R1R2_noIsolate-RG.bam	713356	132.661	7.34027	919991268	9971989	0.0795628	1.08392
/home/e1garcia/shotgun_PIRE/pire_cssl_data_processing/spratelloides_gracilis/raw_fq_capture/concatenated_files/mkBAMcontaminated/Sgr-CMvi_046-Ex1-cssl.clmp.fp2_repr.ssl.SgC0072C_contam_R1R2_noIsolate-RG.bam	616608	126	5.30359	919991268	10280589	0.0592658	1.11747
/home/e1garcia/shotgun_PIRE/pire_cssl_data_processing/spratelloides_gracilis/raw_fq_capture/concatenated_files/mkBAMcontaminated/Sgr-CMvi_055-Ex1-cssl.clmp.fp2_repr.ssl.SgC0072C_contam_R1R2_noIsolate-RG.bam	384383	132.975	6.27973	919991268	6269576	0.0427952	0.681482
/home/e1garcia/shotgun_PIRE/pire_cssl_data_processing/spratelloides_gracilis/raw_fq_capture/concatenated_files/mkBAMcontaminated/Sgr-CMvi_057-Ex1-cssl.clmp.fp2_repr.ssl.SgC0072C_contam_R1R2_noIsolate-RG.bam	453024	124.543	4.99375	919991268	7866341	0.0426988	0.855045
/home/e1garcia/shotgun_PIRE/pire_cssl_data_processing/spratelloides_gracilis/raw_fq_capture/concatenated_files/mkBAMcontaminated/Sgr-CMvi_049-Ex1-cssl.clmp.fp2_repr.ssl.SgC0072C_contam_R1R2_noIsolate-RG.bam	680046	130.1	5.69062	919991268	11443123	0.0707816	1.24383
/home/e1garcia/shotgun_PIRE/pire_cssl_data_processing/spratelloides_gracilis/raw_fq_capture/concatenated_files/mkBAMcontaminated/Sgr-CMvi_067-Ex1-cssl.clmp.fp2_repr.ssl.SgC0072C_contam_R1R2_noIsolate-RG.bam	71328	125.666	2.48394	919991268	2512230	0.00678292	0.273071
/home/e1garcia/shotgun_PIRE/pire_cssl_data_processing/spratelloides_gracilis/raw_fq_capture/concatenated_files/mkBAMcontaminated/Sgr-CMvi_066-Ex1-cssl.clmp.fp2_repr.ssl.SgC0072C_contam_R1R2_noIsolate-RG.bam	199746	127.95	4.5826	919991268	4007456	0.0199617	0.435597
/home/e1garcia/shotgun_PIRE/pire_cssl_data_processing/spratelloides_gracilis/raw_fq_capture/concatenated_files/mkBAMcontaminated/Sgr-CMvi_065-Ex1-cssl.clmp.fp2_repr.ssl.SgC0072C_contam_R1R2_noIsolate-RG.bam	257359	130.012	4.923	919991268	5024786	0.0268883	0.546178
/home/e1garcia/shotgun_PIRE/pire_cssl_data_processing/spratelloides_gracilis/raw_fq_capture/concatenated_files/mkBAMcontaminated/Sgr-CMvi_036-Ex1-cssl.clmp.fp2_repr.ssl.SgC0072C_contam_R1R2_noIsolate-RG.bam	1285400	130.663	6.85842	919991268	18307627	0.136481	1.98998
/home/e1garcia/shotgun_PIRE/pire_cssl_data_processing/spratelloides_gracilis/raw_fq_capture/concatenated_files/mkBAMcontaminated/Sgr-CMvi_028-Ex1-cssl.clmp.fp2_repr.ssl.SgC0072C_contam_R1R2_noIsolate-RG.bam	1433750	130.151	7.10991	919991268	19485592	0.150589	2.11802
/home/e1garcia/shotgun_PIRE/pire_cssl_data_processing/spratelloides_gracilis/raw_fq_capture/concatenated_files/mkBAMcontaminated/Sgr-CMvi_047-Ex1-cssl.clmp.fp2_repr.ssl.SgC0072C_contam_R1R2_noIsolate-RG.bam	964762	133.043	6.82548	919991268	14501282	0.107586	1.57624
/home/e1garcia/shotgun_PIRE/pire_cssl_data_processing/spratelloides_gracilis/raw_fq_capture/concatenated_files/mkBAMcontaminated/Sgr-CMvi_084-Ex1-cssl.clmp.fp2_repr.ssl.SgC0072C_contam_R1R2_noIsolate-RG.bam	26574	124.094	1.44322	919991268	1579027	0.00247707	0.171635
/home/e1garcia/shotgun_PIRE/pire_cssl_data_processing/spratelloides_gracilis/raw_fq_capture/concatenated_files/mkBAMcontaminated/Sgr-CMvi_074-Ex1-cssl.clmp.fp2_repr.ssl.SgC0072C_contam_R1R2_noIsolate-RG.bam	194874	123.357	3.69785	919991268	4526856	0.0181954	0.492054
/home/e1garcia/shotgun_PIRE/pire_cssl_data_processing/spratelloides_gracilis/raw_fq_capture/concatenated_files/mkBAMcontaminated/Sgr-CMvi_063-Ex1-cssl.clmp.fp2_repr.ssl.SgC0072C_contam_R1R2_noIsolate-RG.bam	545490	130.924	6.15415	919991268	8683922	0.0580899	0.943914
/home/e1garcia/shotgun_PIRE/pire_cssl_data_processing/spratelloides_gracilis/raw_fq_capture/concatenated_files/mkBAMcontaminated/Sgr-CMvi_017-Ex1-cssl.clmp.fp2_repr.ssl.SgC0072C_contam_R1R2_noIsolate-RG.bam	1991393	130.104	8.26991	919991268	23138032	0.20799	2.51503
/home/e1garcia/shotgun_PIRE/pire_cssl_data_processing/spratelloides_gracilis/raw_fq_capture/concatenated_files/mkBAMcontaminated/Sgr-CMvi_083-Ex1-cssl.clmp.fp2_repr.ssl.SgC0072C_contam_R1R2_noIsolate-RG.bam	83707	122.63	2.47827	919991268	2841818	0.00765528	0.308896
/home/e1garcia/shotgun_PIRE/pire_cssl_data_processing/spratelloides_gracilis/raw_fq_capture/concatenated_files/mkBAMcontaminated/Sgr-CMvi_054-Ex1-cssl.clmp.fp2_repr.ssl.SgC0072C_contam_R1R2_noIsolate-RG.bam	965219	131.99	7.21065	919991268	13254963	0.103889	1.44077
/home/e1garcia/shotgun_PIRE/pire_cssl_data_processing/spratelloides_gracilis/raw_fq_capture/concatenated_files/mkBAMcontaminated/Sgr-CMvi_033-Ex1-cssl.clmp.fp2_repr.ssl.SgC0072C_contam_R1R2_noIsolate-RG.bam	1532945	131.473	7.88675	919991268	19219432	0.164761	2.08909
/home/e1garcia/shotgun_PIRE/pire_cssl_data_processing/spratelloides_gracilis/raw_fq_capture/concatenated_files/mkBAMcontaminated/Sgr-CMvi_070-Ex1-cssl.clmp.fp2_repr.ssl.SgC0072C_contam_R1R2_noIsolate-RG.bam	403276	125.743	5.21299	919991268	6841944	0.0387688	0.743697
/home/e1garcia/shotgun_PIRE/pire_cssl_data_processing/spratelloides_gracilis/raw_fq_capture/concatenated_files/mkBAMcontaminated/Sgr-CMvi_088-Ex1-cssl.clmp.fp2_repr.ssl.SgC0072C_contam_R1R2_noIsolate-RG.bam	87490	127.666	3.28633	919991268	2409930	0.00860859	0.261951
/home/e1garcia/shotgun_PIRE/pire_cssl_data_processing/spratelloides_gracilis/raw_fq_capture/concatenated_files/mkBAMcontaminated/Sgr-CMvi_092-Ex1-cssl.clmp.fp2_repr.ssl.SgC0072C_contam_R1R2_noIsolate-RG.bam	31176	122.763	1.19251	919991268	2149824	0.00278664	0.233679
/home/e1garcia/shotgun_PIRE/pire_cssl_data_processing/spratelloides_gracilis/raw_fq_capture/concatenated_files/mkBAMcontaminated/Sgr-CMvi_053-Ex1-cssl.clmp.fp2_repr.ssl.SgC0072C_contam_R1R2_noIsolate-RG.bam	1198405	131.321	6.71375	919991268	17430808	0.127203	1.89467
/home/e1garcia/shotgun_PIRE/pire_cssl_data_processing/spratelloides_gracilis/raw_fq_capture/concatenated_files/mkBAMcontaminated/Sgr-CMvi_087-Ex1-cssl.clmp.fp2_repr.ssl.SgC0072C_contam_R1R2_noIsolate-RG.bam	210406	130.812	5.14701	919991268	3987430	0.0223082	0.43342
/home/e1garcia/shotgun_PIRE/pire_cssl_data_processing/spratelloides_gracilis/raw_fq_capture/concatenated_files/mkBAMcontaminated/Sgr-CMvi_086-Ex1-cssl.clmp.fp2_repr.ssl.SgC0072C_contam_R1R2_noIsolate-RG.bam	205060	123.808	3.96793	919991268	4450915	0.0191968	0.4838
/home/e1garcia/shotgun_PIRE/pire_cssl_data_processing/spratelloides_gracilis/raw_fq_capture/concatenated_files/mkBAMcontaminated/Sgr-CMvi_085-Ex1-cssl.clmp.fp2_repr.ssl.SgC0072C_contam_R1R2_noIsolate-RG.bam	464920	131.19	5.67007	919991268	7952140	0.0490105	0.864371
/home/e1garcia/shotgun_PIRE/pire_cssl_data_processing/spratelloides_gracilis/raw_fq_capture/concatenated_files/mkBAMcontaminated/Sgr-CMvi_077-Ex1-cssl.clmp.fp2_repr.ssl.SgC0072C_contam_R1R2_noIsolate-RG.bam	666571	130.796	6.12079	919991268	10773126	0.0716746	1.171
/home/e1garcia/shotgun_PIRE/pire_cssl_data_processing/spratelloides_gracilis/raw_fq_capture/concatenated_files/mkBAMcontaminated/Sgr-CMvi_076-Ex1-cssl.clmp.fp2_repr.ssl.SgC0072C_contam_R1R2_noIsolate-RG.bam	710158	135.457	7.53375	919991268	10088706	0.0826158	1.09661
/home/e1garcia/shotgun_PIRE/pire_cssl_data_processing/spratelloides_gracilis/raw_fq_capture/concatenated_files/mkBAMcontaminated/Sgr-CMvi_072-Ex1-cssl.clmp.fp2_repr.ssl.SgC0072C_contam_R1R2_noIsolate-RG.bam	882593	129.853	6.90445	919991268	12338622	0.0926002	1.34117
/home/e1garcia/shotgun_PIRE/pire_cssl_data_processing/spratelloides_gracilis/raw_fq_capture/concatenated_files/mkBAMcontaminated/Sgr-CMvi_064-Ex1-cssl.clmp.fp2_repr.ssl.SgC0072C_contam_R1R2_noIsolate-RG.bam	1136728	123.344	5.55803	919991268	17335428	0.10473	1.8843
/home/e1garcia/shotgun_PIRE/pire_cssl_data_processing/spratelloides_gracilis/raw_fq_capture/concatenated_files/mkBAMcontaminated/Sgr-CMvi_071-Ex1-cssl.clmp.fp2_repr.ssl.SgC0072C_contam_R1R2_noIsolate-RG.bam	963912	130.19	6.51134	919991268	14317641	0.101335	1.55628
/home/e1garcia/shotgun_PIRE/pire_cssl_data_processing/spratelloides_gracilis/raw_fq_capture/concatenated_files/mkBAMcontaminated/Sgr-CMvi_058-Ex1-cssl.clmp.fp2_repr.ssl.SgC0072C_contam_R1R2_noIsolate-RG.bam	2027605	133.427	8.76057	919991268	23154459	0.220487	2.51681
/home/e1garcia/shotgun_PIRE/pire_cssl_data_processing/spratelloides_gracilis/raw_fq_capture/concatenated_files/mkBAMcontaminated/Sgr-CMvi_089-Ex1-cssl.clmp.fp2_repr.ssl.SgC0072C_contam_R1R2_noIsolate-RG.bam	1176646	130.584	7.26736	919991268	15766740	0.124547	1.71379
/home/e1garcia/shotgun_PIRE/pire_cssl_data_processing/spratelloides_gracilis/raw_fq_capture/concatenated_files/mkBAMcontaminated/Sgr-CMas_091-Ex1-cssl.clmp.fp2_repr.ssl.SgC0072C_contam_R1R2_noIsolate-RG.bam	3421563	123.835	6.52324	919991268	45352916	0.321577	4.92971
