Sample	1	2	3	4	5	6	7	8	9	10	11	12	13	14	15	16	17	18	19	20	21	22	23	24	25	26	27	28	29	30	31	32	33	34	35	36	37	38	39	40	41	42	43	44	45	46	47	48	49	50	51	52	53	54	55	56	57	58	59	60	61	62	63	64	65	66	67	68	69	70	71	72	73	74	75	76	77	78	79	80	81	82	83	84	85	86	87	88	89	90	91	92	93	94	95	96	97	98	99	100	101	102	103	104	105	106	107	108	109	110	111	112	113	114	115	116	117	118	119	120	121	122	123	124	125	126	127	128	129	130	131	132	133	134	135	136	137	138	139	140	141	142	143	144	145	146	147	148	149	150
Sgr-AJol_001-Ex1-cssl.clmp.r1r2_fastp	36.6631	36.3953	36.5024	36.4871	36.5339	36.5193	36.5274	36.5179	36.5332	36.5165	36.529	36.5169	36.5187	36.5061	36.5068	36.4947	36.5035	36.4922	36.4919	36.4739	36.4816	36.4567	36.4441	36.4256	36.4196	36.3935	36.3837	36.3694	36.3581	36.3393	36.3229	36.3152	36.3035	36.2847	36.2673	36.2552	36.2319	36.2278	36.218	36.2096	36.1843	36.1776	36.1637	36.1596	36.1442	36.1368	36.1166	36.1133	36.0925	36.094	36.072	36.081	36.0507	36.0606	36.0263	36.0367	36.0049	36.0191	35.9855	35.9893	35.9634	35.9823	35.9445	35.949	35.914	35.9289	35.8917	35.8971	35.8539	35.8721	35.8294	35.8305	35.7868	35.797	35.7476	35.7628	35.7118	35.7256	35.6682	35.6698	35.6257	35.6404	35.5794	35.5763	35.5207	35.5273	35.4656	35.487	35.4252	35.4524	35.3856	35.3914	35.3397	35.3626	35.2929	35.2923	35.2289	35.2394	35.183	35.186	35.1463	35.1421	35.0772	35.0981	35.0261	35.0372	34.9704	34.9729	34.9402	34.931	34.8608	34.8568	34.8203	34.8259	34.7947	34.7779	34.6944	34.6716	34.6457	34.6026	34.5758	34.5593	34.5244	34.5012	34.498	34.494	34.4263	34.3987	34.3402	34.2807	34.2755	34.2475	34.2006	34.1491	34.1056	34.0413	33.9893	33.9815	33.954	33.8677	33.8016	33.6353	33.588	33.423	33.3639	33.2109	33.1826	33.1231	33.5188	35.4269
Sgr-AJol_002-Ex1-cssl.clmp.r1r2_fastp	36.6631	36.4003	36.5147	36.4958	36.5418	36.5294	36.535	36.5267	36.5393	36.523	36.5341	36.524	36.525	36.5123	36.5137	36.5014	36.5057	36.4965	36.4919	36.4755	36.4809	36.4604	36.445	36.4208	36.4108	36.3927	36.3781	36.3685	36.348	36.3354	36.3115	36.3037	36.2898	36.2726	36.2487	36.2368	36.2129	36.2077	36.1931	36.1893	36.1546	36.1534	36.1292	36.127	36.0991	36.0995	36.0682	36.0689	36.0373	36.041	36.0067	36.0229	35.979	35.9913	35.952	35.9581	35.9199	35.9329	35.8892	35.8962	35.8591	35.8842	35.8254	35.8383	35.7852	35.8087	35.7595	35.7644	35.7091	35.7327	35.6743	35.6824	35.6226	35.6373	35.5703	35.5955	35.5331	35.5612	35.4865	35.4878	35.4334	35.4544	35.3861	35.3936	35.321	35.3324	35.2514	35.2885	35.2142	35.235	35.1601	35.1721	35.0978	35.1375	35.05	35.059	34.9679	34.9974	34.9275	34.9525	34.8804	34.8907	34.816	34.8333	34.7519	34.7612	34.6918	34.6997	34.6287	34.6437	34.5619	34.5621	34.5111	34.5096	34.4865	34.4656	34.3591	34.3373	34.2927	34.2649	34.24	34.1958	34.1885	34.162	34.1477	34.1068	34.0525	34.0229	33.9605	33.8769	33.874	33.848	33.8008	33.7332	33.6781	33.5855	33.569	33.4824	33.5149	33.3651	33.3298	33.1397	33.1011	32.9064	32.8392	32.7315	32.6436	32.5867	33.0293	35.2615
Sgr-AJol_003-Ex1-cssl.clmp.r1r2_fastp	36.6681	36.4079	36.5057	36.4912	36.5374	36.5231	36.5278	36.519	36.5352	36.5192	36.5305	36.5152	36.5203	36.5074	36.5077	36.4961	36.5027	36.4915	36.4907	36.474	36.4795	36.4575	36.4446	36.419	36.4129	36.3917	36.3781	36.3635	36.3507	36.3347	36.3164	36.3077	36.2961	36.2791	36.2598	36.2502	36.226	36.2238	36.2098	36.2058	36.1781	36.1733	36.1573	36.1559	36.1323	36.1337	36.1084	36.1105	36.0833	36.0918	36.0676	36.0804	36.0482	36.0607	36.0241	36.0378	36.0031	36.0183	35.9811	35.9913	35.9617	35.9852	35.9428	35.953	35.9139	35.9336	35.8923	35.8985	35.8526	35.8788	35.8312	35.8348	35.786	35.8032	35.7482	35.7645	35.7168	35.7363	35.6763	35.6769	35.6302	35.6477	35.5873	35.5886	35.5294	35.5302	35.4737	35.4905	35.4279	35.4546	35.3938	35.3928	35.3471	35.3653	35.2971	35.2911	35.2223	35.2378	35.1768	35.2023	35.139	35.1378	35.078	35.0833	35.0185	35.0158	34.9603	34.9542	34.9171	34.9138	34.8546	34.8399	34.7939	34.7763	34.7535	34.7354	34.6649	34.6216	34.5907	34.5397	34.5268	34.4713	34.4411	34.4209	34.4036	34.3902	34.3256	34.2969	34.2175	34.1477	34.1369	34.089	34.0402	33.9653	33.9331	33.8244	33.7936	33.7384	33.7331	33.625	33.5514	33.3724	33.3015	33.0951	33.041	32.8532	32.8602	32.7296	33.2447	35.3437
Sgr-AJol_004-Ex1-cssl.clmp.r1r2_fastp	36.6959	36.4449	36.5336	36.5216	36.5603	36.5518	36.5522	36.548	36.5585	36.5442	36.5555	36.544	36.5446	36.5337	36.5328	36.5233	36.5287	36.5212	36.5175	36.5021	36.5066	36.4863	36.474	36.454	36.446	36.426	36.412	36.4018	36.3903	36.3746	36.3582	36.3498	36.3394	36.3246	36.306	36.296	36.2739	36.2742	36.2606	36.2572	36.231	36.2287	36.2089	36.2091	36.1905	36.1919	36.1669	36.1679	36.1414	36.1488	36.1262	36.134	36.1066	36.1167	36.0802	36.0928	36.0613	36.0762	36.0413	36.0483	36.0213	36.0382	35.9969	36.0082	35.9684	35.9843	35.9478	35.9525	35.9071	35.9277	35.8888	35.8864	35.8389	35.8532	35.8018	35.8152	35.7724	35.7833	35.7266	35.7264	35.6808	35.6914	35.6295	35.631	35.5742	35.5695	35.5084	35.5276	35.4686	35.4866	35.4209	35.4324	35.3778	35.3959	35.3248	35.3172	35.2531	35.2648	35.2093	35.2355	35.1692	35.1564	35.107	35.1118	35.0545	35.056	34.9852	34.988	34.9459	34.9446	34.8793	34.8636	34.8192	34.8175	34.7961	34.7656	34.6931	34.6479	34.644	34.5856	34.5517	34.5299	34.5042	34.4584	34.461	34.4625	34.3913	34.3331	34.2929	34.2022	34.2115	34.149	34.1409	34.0448	34.0226	33.9065	33.8905	33.8466	33.8707	33.7194	33.6767	33.4866	33.4273	33.224	33.1801	33.0163	32.9943	32.906	33.4048	35.3828
Sgr-AJol_005-Ex1-cssl.clmp.r1r2_fastp	36.6792	36.4045	36.5129	36.497	36.5412	36.5287	36.5334	36.528	36.5383	36.5253	36.535	36.5229	36.5237	36.5124	36.5098	36.4985	36.505	36.4959	36.4936	36.4776	36.4796	36.4614	36.4426	36.4238	36.4139	36.3935	36.3785	36.368	36.3533	36.3409	36.3201	36.3144	36.3007	36.2856	36.2593	36.2559	36.2294	36.2281	36.2183	36.2123	36.1862	36.1805	36.1624	36.1612	36.1442	36.1461	36.1171	36.1168	36.092	36.0978	36.0715	36.0823	36.052	36.0663	36.0282	36.0378	36.007	36.02	35.9863	35.9928	35.9639	35.9828	35.941	35.9514	35.9171	35.93	35.8964	35.8988	35.8593	35.8778	35.8407	35.8297	35.7939	35.8022	35.7587	35.7685	35.7274	35.7381	35.6898	35.6862	35.6425	35.6572	35.6036	35.6011	35.5443	35.5512	35.4892	35.5066	35.453	35.4793	35.413	35.4122	35.3687	35.3844	35.3148	35.322	35.2537	35.2797	35.2154	35.2304	35.1697	35.1781	35.1154	35.1323	35.0605	35.0682	35.0097	35.0252	34.9785	34.9798	34.8974	34.9086	34.8522	34.8619	34.8186	34.8147	34.7207	34.6986	34.663	34.637	34.592	34.5618	34.5463	34.5072	34.4976	34.4919	34.4422	34.413	34.3328	34.304	34.2762	34.2372	34.1826	34.1046	34.0754	33.991	33.9194	33.8853	33.8944	33.8367	33.6785	33.5726	33.4359	33.308	33.1715	33.0755	33.022	32.951	33.3593	35.398
Sgr-AJol_006-Ex1-cssl.clmp.r1r2_fastp	36.6334	36.3492	36.4803	36.4583	36.514	36.4968	36.5116	36.4955	36.5208	36.4925	36.5178	36.4934	36.5063	36.4867	36.495	36.4739	36.4885	36.47	36.473	36.4483	36.4619	36.4305	36.4213	36.3898	36.3877	36.3584	36.3417	36.3266	36.3085	36.2849	36.2646	36.25	36.239	36.2099	36.1846	36.174	36.1436	36.1355	36.1159	36.1016	36.066	36.0562	36.0328	36.029	36.0004	35.9983	35.9614	35.9573	35.9245	35.936	35.896	35.9075	35.863	35.8762	35.8292	35.8392	35.7963	35.8153	35.7695	35.7751	35.7311	35.7615	35.7003	35.7116	35.656	35.6829	35.6313	35.6398	35.5813	35.6083	35.5465	35.5531	35.4867	35.5118	35.44	35.4671	35.3972	35.426	35.3395	35.3558	35.2777	35.3155	35.2232	35.2344	35.154	35.1748	35.0796	35.122	35.0291	35.0845	34.9858	35.0186	34.9204	34.9849	34.8608	34.8834	34.792	34.8482	34.7427	34.7923	34.6996	34.7119	34.6227	34.6635	34.5648	34.6025	34.502	34.5449	34.4617	34.4937	34.3814	34.4152	34.3366	34.3641	34.2955	34.3197	34.2167	34.195	34.1362	34.1057	34.0811	34.0636	34.0003	34.0012	33.9675	33.9792	33.9197	33.8916	33.8137	33.7292	33.7256	33.7116	33.6324	33.6203	33.5211	33.4571	33.4084	33.4164	33.3651	33.29	33.1543	32.9961	32.9174	32.779	32.633	32.5431	32.4491	32.4546	32.8985	35.2399
Sgr-AJol_007-Ex1-cssl.clmp.r1r2_fastp	36.682	36.3989	36.5089	36.4906	36.5335	36.5223	36.5247	36.5183	36.5292	36.5163	36.5247	36.5136	36.511	36.5024	36.499	36.4928	36.4934	36.4893	36.4809	36.4696	36.4697	36.4545	36.434	36.4195	36.4095	36.3907	36.3774	36.3682	36.3527	36.3402	36.3197	36.3182	36.3029	36.2905	36.2714	36.2668	36.2391	36.242	36.2303	36.2314	36.2044	36.2013	36.1867	36.1909	36.173	36.1722	36.1488	36.1517	36.1259	36.1355	36.1117	36.1228	36.094	36.107	36.0758	36.0828	36.0552	36.0712	36.0389	36.0459	36.0195	36.0347	36.0015	36.0077	35.9704	35.9881	35.9539	35.9534	35.9132	35.9353	35.896	35.8945	35.8568	35.865	35.8156	35.8356	35.7841	35.8004	35.7578	35.7527	35.7148	35.7239	35.6753	35.6657	35.6225	35.6215	35.5725	35.5835	35.5343	35.561	35.5097	35.5074	35.4618	35.4808	35.4231	35.4126	35.3531	35.3696	35.3214	35.3447	35.3012	35.2781	35.2384	35.2467	35.1809	35.1947	35.1289	35.1396	35.1009	35.0921	35.036	35.044	34.9864	34.9961	34.9768	34.9601	34.8873	34.8711	34.8485	34.813	34.748	34.7617	34.7357	34.7209	34.6892	34.7009	34.6248	34.5996	34.5339	34.4749	34.4793	34.4452	34.3836	34.3528	34.2717	34.2248	34.151	34.1656	34.1212	34.0707	33.937	33.8285	33.7051	33.5672	33.4638	33.3833	33.2782	33.2857	33.6045	35.479
Sgr-AJol_008-Ex1-cssl.clmp.r1r2_fastp	36.6809	36.4188	36.5191	36.5022	36.5459	36.5349	36.5398	36.5315	36.5445	36.5306	36.5402	36.5292	36.5314	36.5191	36.5192	36.5083	36.5151	36.5058	36.5013	36.4891	36.4928	36.4733	36.4583	36.4392	36.4318	36.4158	36.3972	36.3925	36.3745	36.3614	36.3451	36.3405	36.3257	36.3125	36.2905	36.2844	36.2584	36.2602	36.2467	36.2447	36.2153	36.2156	36.2008	36.1977	36.1809	36.1814	36.1558	36.1596	36.1354	36.1398	36.1205	36.1305	36.1	36.1126	36.0793	36.0912	36.0565	36.0746	36.0451	36.0471	36.0222	36.0423	36.0017	36.0135	35.9734	35.9969	35.9618	35.968	35.9247	35.9427	35.905	35.908	35.8589	35.874	35.8301	35.8439	35.8026	35.8137	35.7621	35.764	35.7198	35.7336	35.6727	35.6755	35.632	35.6306	35.5738	35.5895	35.5336	35.5517	35.5024	35.5035	35.4537	35.4868	35.407	35.4172	35.3589	35.3645	35.3071	35.3262	35.2847	35.2664	35.2217	35.2333	35.1823	35.1928	35.1336	35.1288	35.0954	35.091	35.0275	35.0129	34.9781	34.9602	34.9659	34.9451	34.8738	34.8529	34.8119	34.7552	34.7313	34.7263	34.7153	34.689	34.6511	34.6415	34.6054	34.5514	34.5084	34.4574	34.4124	34.3887	34.3607	34.3051	34.2867	34.1698	34.1404	34.1079	34.1114	33.9873	33.9498	33.7766	33.7128	33.5589	33.4925	33.3566	33.3368	33.2265	33.613	35.4655
Sgr-AJol_009-Ex1-cssl.clmp.r1r2_fastp	36.6512	36.3819	36.5059	36.488	36.5378	36.5221	36.5333	36.5209	36.5419	36.5167	36.5333	36.5163	36.5254	36.5079	36.515	36.4977	36.5076	36.4965	36.497	36.4722	36.4815	36.4585	36.4415	36.4222	36.4161	36.3915	36.377	36.3643	36.3487	36.3274	36.3079	36.2974	36.2874	36.2655	36.2445	36.2387	36.2052	36.203	36.1859	36.1707	36.1495	36.1414	36.1192	36.1144	36.086	36.0936	36.0599	36.0574	36.0348	36.0373	36.0071	36.0141	35.9781	35.9911	35.9507	35.9639	35.9259	35.9388	35.8977	35.9033	35.8744	35.8934	35.8464	35.8588	35.8123	35.8301	35.7833	35.7975	35.7475	35.769	35.7248	35.7154	35.6688	35.6929	35.6238	35.6497	35.5932	35.615	35.5478	35.5587	35.4937	35.5212	35.4504	35.4621	35.4064	35.4114	35.3471	35.3636	35.3144	35.3325	35.2713	35.2796	35.2339	35.2654	35.1804	35.1898	35.118	35.1421	35.0734	35.1073	35.0206	35.0517	34.9714	34.9975	34.9201	34.9652	34.8913	34.89	34.8543	34.8635	34.7928	34.8163	34.7372	34.7586	34.7256	34.7265	34.6238	34.6256	34.5484	34.5457	34.4738	34.491	34.4457	34.4453	34.4163	34.457	34.3467	34.3454	34.2746	34.2307	34.2082	34.2065	34.107	34.0895	33.9807	33.9454	33.9161	33.8867	33.881	33.8002	33.6947	33.5646	33.4199	33.3527	33.2049	33.1092	33.042	33.014	33.4528	35.3853
Sgr-AJol_010-Ex1-cssl.clmp.r1r2_fastp	36.6682	36.3741	36.4947	36.4776	36.5258	36.5095	36.5197	36.5086	36.5264	36.5091	36.5181	36.5069	36.5072	36.4973	36.4926	36.4881	36.4915	36.4836	36.4808	36.4625	36.4708	36.4484	36.4323	36.4157	36.406	36.386	36.3749	36.3607	36.3477	36.3329	36.3119	36.3094	36.296	36.2831	36.2618	36.2569	36.2285	36.2323	36.2205	36.2167	36.1922	36.1905	36.1705	36.1721	36.1518	36.1564	36.1286	36.1302	36.1055	36.1148	36.0913	36.1004	36.0726	36.087	36.054	36.0631	36.0348	36.0487	36.0173	36.0222	35.9947	36.0172	35.9786	35.9822	35.9495	35.9689	35.9365	35.9381	35.9018	35.9198	35.8874	35.8837	35.846	35.8647	35.8197	35.8305	35.7943	35.7995	35.7607	35.7522	35.7262	35.7344	35.6855	35.6756	35.6386	35.6359	35.5899	35.6055	35.5609	35.5823	35.54	35.5344	35.5006	35.5117	35.4678	35.4564	35.4093	35.4151	35.3899	35.395	35.3611	35.3519	35.3043	35.315	35.2639	35.2738	35.2156	35.2269	35.2034	35.1949	35.1483	35.1386	35.1098	35.114	35.1071	35.0773	35.0252	34.9943	34.9747	34.9166	34.9078	34.8906	34.8712	34.8551	34.8527	34.8608	34.7948	34.7602	34.7141	34.6719	34.664	34.6399	34.6221	34.5552	34.5298	34.45	34.4098	34.3897	34.407	34.2679	34.2366	34.1039	34.0181	33.908	33.8457	33.7234	33.6762	33.5797	33.9565	35.5601
Sgr-AJol_011-Ex1-cssl.clmp.r1r2_fastp	36.6534	36.3958	36.5152	36.4934	36.5565	36.5393	36.5512	36.533	36.5614	36.5361	36.5543	36.531	36.5474	36.5257	36.5365	36.5191	36.5316	36.5152	36.5206	36.4974	36.5068	36.4802	36.4717	36.4424	36.4446	36.4148	36.4032	36.386	36.3703	36.3471	36.3369	36.3143	36.3124	36.2861	36.2707	36.2509	36.2235	36.2165	36.1956	36.1898	36.1588	36.1444	36.1295	36.1159	36.0955	36.0889	36.0606	36.0536	36.0278	36.0282	36.0041	36.0096	35.9714	35.984	35.943	35.9541	35.9104	35.9248	35.8761	35.8871	35.8498	35.8703	35.8214	35.8312	35.7776	35.8084	35.7561	35.7618	35.7051	35.7214	35.6726	35.6724	35.6163	35.633	35.553	35.5877	35.5163	35.5457	35.4676	35.4634	35.4098	35.4261	35.3529	35.3556	35.2841	35.2904	35.2181	35.2501	35.1676	35.1966	35.1109	35.1399	35.0597	35.0957	35.0058	35.0154	34.9237	34.9578	34.8671	34.9151	34.823	34.8493	34.7415	34.801	34.6918	34.7327	34.6101	34.6443	34.5905	34.593	34.4992	34.4834	34.4249	34.4714	34.3773	34.396	34.2845	34.2942	34.221	34.1674	34.1199	34.0898	34.05	34.0467	34.0221	34.0268	33.9511	33.8906	33.8418	33.7604	33.726	33.7049	33.6786	33.5562	33.5277	33.4611	33.3904	33.3808	33.3833	33.2268	33.1366	32.966	32.9656	32.7471	32.6451	32.4402	32.4482	32.398	32.9298	35.2139
Sgr-AJol_012-Ex1-cssl.clmp.r1r2_fastp	36.6373	36.3774	36.5135	36.4873	36.5479	36.5282	36.5439	36.5238	36.5507	36.5254	36.5481	36.5259	36.5387	36.5166	36.5241	36.5075	36.5245	36.5037	36.5087	36.4828	36.4957	36.466	36.4584	36.4255	36.4254	36.3896	36.3853	36.3641	36.3535	36.3246	36.3094	36.2886	36.2739	36.2495	36.2301	36.2082	36.1853	36.1731	36.1551	36.1403	36.1064	36.0925	36.0717	36.0632	36.0363	36.0297	35.9977	35.988	35.9628	35.9649	35.9327	35.9428	35.8992	35.9112	35.8653	35.8733	35.8265	35.8464	35.7973	35.8016	35.7661	35.7863	35.7294	35.7421	35.6909	35.717	35.6566	35.6749	35.6114	35.6382	35.5738	35.5813	35.524	35.5438	35.4665	35.4892	35.4239	35.4569	35.377	35.3909	35.3218	35.353	35.2593	35.2828	35.2018	35.218	35.1321	35.1756	35.082	35.1428	35.0436	35.0644	34.9846	35.0517	34.9378	34.9574	34.8666	34.916	34.8074	34.8598	34.7689	34.7992	34.6907	34.7476	34.6389	34.6922	34.5818	34.6198	34.5519	34.577	34.4622	34.4989	34.4092	34.4321	34.367	34.3944	34.2836	34.2869	34.2112	34.2094	34.1465	34.1468	34.0683	34.1044	34.0356	34.0835	33.9707	33.9629	33.8717	33.8565	33.7736	33.7691	33.7046	33.6809	33.5842	33.512	33.4726	33.4485	33.4332	33.3299	33.2374	33.0992	33.0135	32.8192	32.7293	32.6171	32.5416	32.4984	32.9987	35.2735
Sgr-AJol_013-Ex1-cssl.clmp.r1r2_fastp	36.7089	36.4665	36.5535	36.5412	36.5785	36.5705	36.572	36.5659	36.575	36.5653	36.5685	36.5608	36.5611	36.5488	36.5501	36.5439	36.5473	36.5388	36.5346	36.5206	36.5236	36.5067	36.4929	36.4766	36.4694	36.4517	36.4393	36.4294	36.4167	36.4048	36.3897	36.3845	36.3706	36.3611	36.3421	36.3354	36.3145	36.314	36.3041	36.3027	36.276	36.2768	36.2594	36.2612	36.2437	36.2432	36.2212	36.223	36.2002	36.2065	36.1838	36.193	36.1655	36.1785	36.1462	36.1538	36.1277	36.1369	36.1089	36.111	36.0855	36.1069	36.065	36.0719	36.0395	36.0579	36.0212	36.0235	35.9795	35.9957	35.9602	35.9575	35.9134	35.9249	35.8761	35.8878	35.8443	35.8559	35.7964	35.8026	35.7506	35.7708	35.7056	35.7093	35.6515	35.6519	35.5983	35.6056	35.5463	35.5783	35.5048	35.5231	35.458	35.473	35.4065	35.4035	35.3304	35.3555	35.2839	35.3042	35.2483	35.2462	35.1824	35.1991	35.136	35.1502	35.0645	35.0776	35.0311	35.0305	34.9503	34.9567	34.8931	34.8847	34.8585	34.8363	34.7671	34.7513	34.7089	34.6721	34.6223	34.6085	34.5733	34.5673	34.547	34.5328	34.46	34.4377	34.3689	34.3019	34.2822	34.2377	34.2102	34.1182	34.112	34.0165	34.0166	33.9529	33.9509	33.8163	33.766	33.593	33.5459	33.3304	33.29	33.1498	33.126	33.0084	33.4174	35.4134
Sgr-AJol_014-Ex1-cssl.clmp.r1r2_fastp	36.6984	36.442	36.5374	36.5223	36.5603	36.553	36.5495	36.5465	36.556	36.5415	36.5468	36.5386	36.5381	36.5271	36.5269	36.5161	36.5218	36.5125	36.5073	36.4924	36.496	36.4758	36.459	36.442	36.4326	36.4156	36.3987	36.3885	36.3749	36.3637	36.345	36.3398	36.3235	36.3111	36.2917	36.2828	36.2562	36.2564	36.2411	36.2419	36.2123	36.2091	36.1872	36.1891	36.1593	36.1621	36.1305	36.1318	36.1004	36.1087	36.0769	36.0866	36.0511	36.0654	36.0225	36.0346	35.9922	36.0067	35.9635	35.9706	35.9351	35.9565	35.9079	35.9186	35.8716	35.8918	35.8402	35.8507	35.7919	35.8178	35.7639	35.7705	35.7127	35.738	35.6757	35.6918	35.6411	35.6619	35.5946	35.6098	35.5485	35.5726	35.506	35.5166	35.4502	35.4635	35.3895	35.4202	35.3516	35.3843	35.3099	35.3325	35.2673	35.3051	35.2228	35.2317	35.1584	35.1935	35.1217	35.1511	35.0736	35.0837	35.0215	35.0486	34.9656	34.9923	34.9163	34.9216	34.8779	34.8988	34.8166	34.8214	34.777	34.7772	34.7416	34.7409	34.6642	34.6365	34.6077	34.557	34.5335	34.5363	34.5087	34.4725	34.4809	34.4689	34.4255	34.3843	34.3065	34.2655	34.2312	34.2188	34.1824	34.1247	34.0646	33.9763	33.9549	33.9123	33.9065	33.8162	33.7288	33.5823	33.5206	33.3909	33.2945	33.1395	33.1041	33.0197	33.4303	35.3987
Sgr-AJol_015-Ex1-cssl.clmp.r1r2_fastp	36.6896	36.4301	36.5328	36.519	36.5645	36.555	36.5577	36.5512	36.5602	36.5433	36.5529	36.5434	36.5465	36.5332	36.5332	36.5219	36.5296	36.5208	36.5192	36.5	36.5062	36.4856	36.4701	36.4529	36.4443	36.4235	36.4078	36.3965	36.3833	36.3736	36.3555	36.3469	36.3312	36.322	36.2961	36.293	36.2661	36.2674	36.2529	36.2498	36.2252	36.224	36.2024	36.2043	36.1841	36.1864	36.1578	36.162	36.135	36.1462	36.1176	36.1289	36.0972	36.1138	36.0751	36.0875	36.0539	36.0726	36.03	36.0422	36.0127	36.033	35.9919	36.0054	35.9667	35.9864	35.9454	35.9524	35.9045	35.9319	35.8843	35.8906	35.84	35.8613	35.8023	35.8256	35.7784	35.7977	35.7356	35.7405	35.6881	35.7112	35.6496	35.6572	35.5983	35.6002	35.5439	35.5673	35.503	35.5301	35.4672	35.4695	35.4182	35.4578	35.3719	35.3811	35.3172	35.3479	35.2692	35.2971	35.2229	35.2369	35.1726	35.1915	35.1084	35.1252	35.0601	35.0715	35.0219	35.0375	34.952	34.9638	34.9121	34.9158	34.877	34.8809	34.7909	34.7767	34.7273	34.6828	34.6439	34.6363	34.5916	34.5892	34.5791	34.5686	34.5032	34.4682	34.4062	34.3522	34.3026	34.3028	34.2479	34.196	34.1499	34.0777	34.0272	34.0283	33.9901	33.8961	33.7892	33.6521	33.5542	33.4285	33.3285	33.2657	33.1466	33.1051	33.4972	35.4374
Sgr-AJol_016-Ex1-cssl.clmp.r1r2_fastp	36.691	36.4413	36.5365	36.5247	36.5649	36.5578	36.5579	36.5511	36.5615	36.5469	36.5575	36.5458	36.5487	36.5346	36.5384	36.529	36.5321	36.5213	36.5203	36.5063	36.5115	36.4892	36.4738	36.4555	36.4488	36.4283	36.4134	36.4027	36.3905	36.3744	36.3561	36.3512	36.3395	36.3249	36.3027	36.295	36.2703	36.2697	36.2575	36.254	36.2263	36.2252	36.2067	36.2052	36.1846	36.1866	36.1576	36.1607	36.1348	36.141	36.1153	36.1303	36.0949	36.1108	36.0757	36.0857	36.0526	36.0706	36.0316	36.0395	36.0114	36.0364	35.9886	36.0045	35.9647	35.9816	35.9429	35.9533	35.9071	35.9262	35.8861	35.8884	35.8428	35.8598	35.8127	35.8293	35.7801	35.7973	35.7368	35.7396	35.6963	35.7134	35.6556	35.6637	35.6084	35.6074	35.5527	35.5659	35.5135	35.5352	35.4779	35.4806	35.4369	35.4543	35.3895	35.3783	35.3196	35.3355	35.282	35.3058	35.2537	35.2432	35.1888	35.2037	35.1373	35.1513	35.0888	35.0887	35.0502	35.0503	34.989	34.9773	34.934	34.931	34.9133	34.9026	34.831	34.7935	34.7582	34.7197	34.7016	34.6631	34.6457	34.6245	34.6217	34.5906	34.5442	34.4937	34.4394	34.3781	34.3646	34.3368	34.3059	34.2123	34.189	34.0843	34.0687	34.0429	34.0248	33.899	33.8285	33.669	33.615	33.4378	33.3574	33.2544	33.1616	33.104	33.5022	35.4349
Sgr-AJol_017-Ex1-cssl.clmp.r1r2_fastp	36.6597	36.4029	36.5201	36.5004	36.5565	36.5397	36.5503	36.5366	36.5579	36.5338	36.5514	36.5299	36.5439	36.5203	36.5315	36.5124	36.5258	36.5069	36.5122	36.4859	36.4952	36.4668	36.4575	36.4249	36.4251	36.3935	36.3827	36.363	36.3518	36.3264	36.3095	36.2916	36.2829	36.2549	36.2357	36.2134	36.1911	36.1775	36.1643	36.1533	36.1195	36.1103	36.0861	36.0829	36.057	36.0514	36.0204	36.0151	35.9818	35.9848	35.9586	35.9618	35.9201	35.9338	35.887	35.8959	35.8546	35.8661	35.8223	35.8247	35.7875	35.8067	35.7563	35.7644	35.7127	35.7311	35.6789	35.6863	35.6224	35.6496	35.5884	35.5941	35.5261	35.5477	35.4768	35.4971	35.4288	35.4508	35.3716	35.3822	35.3082	35.3263	35.2486	35.2539	35.1758	35.1892	35.1071	35.1397	35.0487	35.0934	34.9965	35.0181	34.9331	34.9829	34.8688	34.8859	34.7888	34.8331	34.7304	34.7886	34.6891	34.7101	34.5978	34.6456	34.5366	34.581	34.4765	34.5145	34.432	34.4653	34.3439	34.3768	34.2875	34.3192	34.2461	34.2601	34.1499	34.1413	34.0727	34.045	33.9982	33.9975	33.939	33.9173	33.8727	33.9005	33.8037	33.7951	33.7015	33.6594	33.6285	33.5932	33.5288	33.4871	33.4248	33.3263	33.2872	33.2862	33.2406	33.1552	33.0472	32.8958	32.8056	32.6208	32.5169	32.4149	32.3624	32.3028	32.7688	35.2152
Sgr-AJol_018-Ex1-cssl.clmp.r1r2_fastp	36.6418	36.365	36.4852	36.4704	36.5211	36.5065	36.5192	36.5066	36.5261	36.5012	36.5179	36.4968	36.5104	36.4888	36.4963	36.481	36.4898	36.4741	36.4766	36.4512	36.4615	36.4332	36.4204	36.3934	36.3931	36.3622	36.3493	36.3293	36.3175	36.2917	36.2723	36.2563	36.2438	36.218	36.2001	36.1803	36.1568	36.1419	36.13	36.1168	36.0855	36.0669	36.0506	36.0417	36.0219	36.0158	35.9863	35.9766	35.9561	35.951	35.9265	35.9335	35.8976	35.8998	35.8679	35.8697	35.8335	35.8409	35.8088	35.805	35.7735	35.7868	35.7426	35.7454	35.7032	35.7162	35.6761	35.6751	35.6241	35.6453	35.5929	35.5921	35.5405	35.5513	35.4931	35.5072	35.4525	35.4625	35.3983	35.4037	35.3426	35.3583	35.2904	35.2952	35.2229	35.2359	35.1578	35.1834	35.1002	35.1331	35.0587	35.0678	34.9973	35.0403	34.9475	34.9516	34.8654	34.9005	34.8127	34.8459	34.759	34.7801	34.6993	34.7238	34.6358	34.6695	34.5873	34.5866	34.5322	34.556	34.4631	34.4705	34.4006	34.4238	34.3852	34.3809	34.284	34.281	34.2281	34.1902	34.1376	34.147	34.0957	34.1094	34.0573	34.0723	34.0012	33.9861	33.884	33.8452	33.8384	33.7989	33.7442	33.7134	33.6403	33.5814	33.5087	33.5394	33.4817	33.4201	33.2954	33.1454	33.05	32.9245	32.7649	32.6649	32.5951	32.5795	33.0308	35.2878
Sgr-AJol_020-Ex1-cssl.clmp.r1r2_fastp	36.658	36.3829	36.5029	36.4782	36.5406	36.5199	36.5365	36.5192	36.5438	36.5163	36.5375	36.5139	36.5306	36.5074	36.5202	36.4987	36.5158	36.4937	36.5013	36.4747	36.4893	36.4557	36.4532	36.419	36.4221	36.387	36.3818	36.3569	36.3486	36.3212	36.3085	36.2922	36.2789	36.2503	36.2396	36.2135	36.1947	36.175	36.1726	36.15	36.1309	36.1066	36.0927	36.0771	36.0615	36.0458	36.0235	36.0102	35.9925	35.9863	35.9624	35.9617	35.9366	35.9305	35.8988	35.8942	35.8702	35.8654	35.8356	35.8255	35.8027	35.806	35.7728	35.7645	35.7311	35.7328	35.6958	35.6911	35.6426	35.6579	35.6088	35.6057	35.5515	35.5522	35.5083	35.5057	35.4686	35.4603	35.4093	35.3955	35.3403	35.3455	35.285	35.2751	35.2205	35.2086	35.1437	35.1495	35.0916	35.0975	35.042	35.0403	34.9784	34.9987	34.9129	34.9147	34.8327	34.8438	34.7892	34.8013	34.7329	34.7152	34.6583	34.6535	34.5897	34.5792	34.5279	34.5251	34.4674	34.4725	34.385	34.3838	34.3287	34.3034	34.2925	34.2765	34.2023	34.1526	34.1173	34.0756	34.0529	34.0029	33.9942	33.9615	33.9594	33.9517	33.8845	33.8302	33.7752	33.6973	33.6877	33.6338	33.5899	33.5293	33.4973	33.3755	33.367	33.3229	33.3371	33.2228	33.1196	32.9372	32.8646	32.6991	32.6287	32.47	32.4452	32.3714	32.8927	35.2469
Sgr-AJol_021-Ex1-cssl.clmp.r1r2_fastp	36.681	36.4283	36.5237	36.5076	36.556	36.5434	36.5501	36.5413	36.5578	36.5394	36.5501	36.5332	36.544	36.5244	36.533	36.5158	36.526	36.5106	36.5145	36.4894	36.4989	36.4748	36.467	36.4405	36.4363	36.4061	36.396	36.384	36.3677	36.3555	36.3379	36.3246	36.3115	36.2928	36.2744	36.2596	36.2353	36.2275	36.2154	36.2073	36.181	36.1769	36.1576	36.1549	36.1266	36.1261	36.1	36.0968	36.0653	36.0741	36.0483	36.0563	36.0155	36.0334	35.9899	36.0005	35.9628	35.9793	35.9338	35.9432	35.9014	35.9264	35.875	35.8874	35.841	35.864	35.8203	35.8225	35.7734	35.7952	35.7439	35.747	35.6977	35.7125	35.6508	35.6802	35.6204	35.6336	35.5632	35.5799	35.5145	35.5393	35.4731	35.4781	35.4088	35.4246	35.3529	35.383	35.3017	35.3409	35.2621	35.2735	35.2055	35.2532	35.1659	35.1749	35.0921	35.1331	35.0504	35.0859	35.0112	35.0261	34.9435	34.9781	34.8969	34.9287	34.844	34.8625	34.8039	34.8115	34.7495	34.7538	34.6791	34.719	34.6635	34.6607	34.5757	34.566	34.5216	34.4964	34.449	34.4443	34.4077	34.3829	34.3846	34.3847	34.3051	34.2609	34.1917	34.1591	34.1375	34.1052	34.0507	34.0191	33.968	33.8928	33.8457	33.8416	33.8044	33.7057	33.6262	33.5322	33.4242	33.2632	33.1709	33.0237	32.9674	32.9581	33.3668	35.3746
Sgr-AJol_022-Ex1-cssl.clmp.r1r2_fastp	36.6204	36.3429	36.4878	36.4644	36.5297	36.5095	36.5243	36.5081	36.5335	36.5072	36.5261	36.5028	36.5215	36.499	36.509	36.4906	36.503	36.4843	36.4938	36.4624	36.4773	36.4437	36.435	36.4044	36.4068	36.37	36.361	36.3419	36.3295	36.2992	36.2851	36.2663	36.2528	36.2269	36.1998	36.1843	36.1536	36.1465	36.1285	36.1169	36.079	36.0736	36.0498	36.0452	36.0126	36.0145	35.9772	35.9775	35.9428	35.9465	35.9211	35.9244	35.8862	35.9034	35.8543	35.8721	35.8264	35.8404	35.7916	35.8087	35.7665	35.7908	35.7386	35.7511	35.7	35.7308	35.6784	35.691	35.6298	35.6579	35.6034	35.6087	35.5484	35.5684	35.5053	35.5308	35.4684	35.4998	35.4275	35.4421	35.3786	35.4059	35.3276	35.3323	35.2738	35.283	35.2133	35.2501	35.1706	35.2038	35.1294	35.1498	35.0828	35.1254	35.0391	35.0392	34.9735	35.0032	34.9285	34.9821	34.9029	34.9183	34.8377	34.8753	34.7794	34.8183	34.7242	34.7619	34.6879	34.7132	34.6153	34.6554	34.5712	34.6013	34.5628	34.5633	34.4675	34.4707	34.3947	34.3702	34.3327	34.323	34.2743	34.2734	34.2423	34.2642	34.1749	34.1494	34.0872	34.0354	34.0081	33.9726	33.9181	33.8785	33.796	33.7241	33.6828	33.6779	33.6483	33.5768	33.442	33.3183	33.2257	33.0385	32.9498	32.8103	32.7684	32.704	33.1607	35.324
Sgr-AJol_023-Ex1-cssl.clmp.r1r2_fastp	36.6781	36.4222	36.5353	36.5134	36.5643	36.5507	36.5585	36.5497	36.5635	36.5471	36.5577	36.5425	36.5493	36.5367	36.5433	36.5266	36.5347	36.5235	36.5234	36.5028	36.5141	36.4884	36.4786	36.4537	36.4524	36.4239	36.4147	36.397	36.3886	36.3719	36.3513	36.3417	36.3343	36.3136	36.2949	36.2848	36.2562	36.2543	36.2359	36.23	36.2035	36.1979	36.1748	36.174	36.1479	36.1486	36.1213	36.1218	36.0905	36.0956	36.0718	36.0775	36.0465	36.0578	36.0171	36.0325	35.9919	36.0047	35.9652	35.9741	35.9396	35.9685	35.9163	35.9271	35.8825	35.9004	35.8524	35.8637	35.8189	35.8398	35.7842	35.7927	35.7408	35.7608	35.6949	35.7212	35.6661	35.6876	35.621	35.6235	35.5772	35.5994	35.5314	35.5335	35.4797	35.485	35.4201	35.448	35.3796	35.4102	35.3443	35.3592	35.3001	35.3251	35.2515	35.2585	35.2009	35.2091	35.1501	35.1907	35.1131	35.1246	35.043	35.0767	35.007	35.021	34.9492	34.9644	34.9157	34.9241	34.8479	34.867	34.8087	34.8156	34.7693	34.7665	34.6806	34.6632	34.6048	34.5788	34.5629	34.5443	34.4959	34.488	34.4691	34.4718	34.4191	34.3755	34.3114	34.2299	34.1993	34.206	34.1532	34.0682	34.0334	33.9699	33.8993	33.8708	33.8353	33.7612	33.6716	33.5079	33.4336	33.2767	33.2071	32.9971	32.9493	32.9766	33.3664	35.4095
Sgr-AJol_024-Ex1-cssl.clmp.r1r2_fastp	36.6664	36.426	36.5422	36.5254	36.5741	36.5624	36.5672	36.5599	36.5678	36.5565	36.5621	36.5517	36.5523	36.5387	36.5434	36.5316	36.5366	36.5272	36.5247	36.5069	36.5124	36.489	36.4744	36.455	36.448	36.426	36.4122	36.3976	36.3853	36.366	36.35	36.3354	36.3237	36.3088	36.2885	36.2696	36.2473	36.2437	36.2279	36.2178	36.1934	36.184	36.1681	36.1618	36.1432	36.1389	36.1145	36.1127	36.0869	36.0921	36.0675	36.075	36.0426	36.0531	36.0158	36.0215	35.9931	36.0086	35.9686	35.9727	35.9525	35.9686	35.927	35.9318	35.8963	35.9138	35.8823	35.882	35.8449	35.8573	35.82	35.8083	35.779	35.7911	35.7397	35.7558	35.7154	35.7289	35.6753	35.6693	35.6402	35.6502	35.5946	35.5831	35.5529	35.5521	35.493	35.5127	35.4623	35.4844	35.4206	35.4191	35.3893	35.4081	35.3403	35.3358	35.2873	35.3016	35.2381	35.2592	35.2099	35.2031	35.1566	35.1647	35.1058	35.1303	35.0349	35.06	35.0108	35.0303	34.9392	34.9421	34.8859	34.8898	34.859	34.8444	34.7623	34.7437	34.6804	34.653	34.5953	34.5904	34.5479	34.5364	34.5066	34.492	34.444	34.3915	34.3147	34.2467	34.2425	34.1776	34.1432	34.0886	34.0262	33.9316	33.8838	33.8252	33.8067	33.725	33.592	33.4591	33.3555	33.2061	33.0932	32.9317	32.8598	32.8428	33.233	35.3577
Sgr-AJol_025-Ex1-cssl.clmp.r1r2_fastp	36.6971	36.4577	36.5529	36.5433	36.5798	36.5718	36.571	36.572	36.5762	36.568	36.5753	36.5655	36.5649	36.555	36.553	36.5473	36.5522	36.5452	36.5406	36.528	36.5292	36.5135	36.4974	36.481	36.4738	36.4563	36.4428	36.4364	36.4201	36.4098	36.3914	36.3863	36.3725	36.361	36.3444	36.3392	36.3121	36.3166	36.3019	36.3007	36.2743	36.2744	36.258	36.2593	36.2408	36.242	36.2197	36.2208	36.1983	36.2054	36.1841	36.195	36.1661	36.1788	36.1482	36.1552	36.1302	36.1424	36.1144	36.1172	36.098	36.1141	36.0723	36.0838	36.0549	36.0661	36.0394	36.0405	36.0069	36.0197	35.9864	35.9785	35.9436	35.9544	35.9172	35.9233	35.8897	35.897	35.8542	35.8562	35.8187	35.8276	35.7816	35.7752	35.7301	35.7306	35.6836	35.6975	35.6537	35.6695	35.6214	35.6113	35.5821	35.5914	35.5377	35.5319	35.4899	35.4893	35.4563	35.4617	35.4222	35.4084	35.3713	35.3648	35.3139	35.3193	35.2774	35.2683	35.2367	35.224	35.1686	35.1695	35.1339	35.1195	35.1063	35.0824	35.0288	34.9921	34.9642	34.9327	34.9039	34.8765	34.8592	34.8314	34.8236	34.8131	34.7697	34.7242	34.6622	34.6043	34.5983	34.5487	34.5129	34.4502	34.4265	34.3473	34.3022	34.2761	34.2673	34.1733	34.0983	33.9564	33.8952	33.7451	33.6425	33.5402	33.5168	33.4318	33.8051	35.5344
Sgr-AJol_026-Ex1-cssl.clmp.r1r2_fastp	36.68	36.4159	36.5237	36.5076	36.5501	36.5404	36.5426	36.54	36.5465	36.5343	36.5448	36.5329	36.5309	36.5194	36.5181	36.5093	36.515	36.507	36.5027	36.4883	36.4906	36.4718	36.4549	36.4354	36.4284	36.4069	36.3928	36.3839	36.3677	36.3551	36.3325	36.3276	36.3136	36.3012	36.2786	36.2712	36.2429	36.2448	36.2278	36.2282	36.197	36.1952	36.1749	36.1765	36.1533	36.1548	36.1236	36.1271	36.0972	36.1048	36.0752	36.0867	36.051	36.0664	36.0293	36.0416	36.0025	36.0239	35.9831	35.9887	35.9592	35.9805	35.9325	35.9432	35.9033	35.9219	35.8818	35.8868	35.8377	35.8622	35.815	35.819	35.7705	35.7918	35.7329	35.7552	35.7104	35.7292	35.6732	35.6777	35.6316	35.6545	35.591	35.5982	35.5488	35.5547	35.4996	35.5247	35.467	35.4956	35.4393	35.444	35.4009	35.4233	35.3642	35.3561	35.3073	35.3253	35.2706	35.2894	35.2378	35.2405	35.1788	35.1996	35.1396	35.1572	35.0901	35.0946	35.0564	35.0695	34.996	35.0037	34.9688	34.9547	34.9285	34.9258	34.8606	34.8289	34.797	34.7746	34.7435	34.7223	34.6997	34.6659	34.6707	34.6709	34.6069	34.5659	34.4989	34.4565	34.4406	34.4146	34.3665	34.3073	34.2693	34.1749	34.1425	34.1028	34.0606	34.0071	33.9152	33.7883	33.6936	33.5544	33.4625	33.3328	33.2654	33.2333	33.6081	35.4766
Sgr-AJol_027-Ex1-cssl.clmp.r1r2_fastp	36.6149	36.356	36.4984	36.4779	36.5389	36.521	36.5368	36.5232	36.543	36.5209	36.5421	36.5217	36.5326	36.5118	36.5185	36.5021	36.5156	36.4989	36.5034	36.48	36.4889	36.4612	36.4459	36.4182	36.4136	36.3869	36.3707	36.3514	36.3368	36.3151	36.2941	36.2796	36.2595	36.235	36.2111	36.1949	36.1639	36.1568	36.1357	36.1259	36.089	36.0804	36.0531	36.0502	36.0174	36.0196	35.9824	35.9833	35.9487	35.9543	35.9223	35.9323	35.8913	35.9049	35.86	35.8723	35.8302	35.8483	35.7955	35.8098	35.769	35.7936	35.7401	35.7487	35.7034	35.7278	35.6795	35.6861	35.6291	35.6596	35.6022	35.6104	35.5573	35.5765	35.5082	35.534	35.4786	35.5005	35.428	35.4381	35.3854	35.4079	35.3367	35.34	35.2831	35.2836	35.2199	35.2421	35.1801	35.214	35.1359	35.1535	35.0946	35.1325	35.0453	35.057	34.98	35.0072	34.9433	34.9784	34.9072	34.9123	34.8458	34.8679	34.7906	34.8126	34.7366	34.7573	34.7037	34.7139	34.6342	34.6375	34.5926	34.6016	34.5624	34.5584	34.4757	34.4513	34.4043	34.3776	34.3315	34.3217	34.2786	34.2525	34.2409	34.255	34.1675	34.1442	34.0791	34.0182	34.0026	33.9532	33.907	33.8541	33.8027	33.7185	33.6758	33.6676	33.6438	33.5294	33.4234	33.291	33.1973	33.0297	32.9267	32.7874	32.7485	32.6836	33.1687	35.3339
Sgr-AJol_028-Ex1-cssl.clmp.r1r2_fastp	36.6871	36.4362	36.5436	36.5287	36.5717	36.5625	36.5648	36.5619	36.5702	36.5582	36.5682	36.5565	36.5577	36.5445	36.545	36.5368	36.5419	36.5343	36.531	36.5166	36.5186	36.5025	36.4865	36.4678	36.4578	36.4404	36.4269	36.4162	36.4028	36.3908	36.3702	36.3656	36.351	36.3416	36.3176	36.311	36.2847	36.2837	36.2677	36.2677	36.2395	36.2392	36.2186	36.2233	36.1994	36.2029	36.1777	36.1787	36.1526	36.1615	36.1342	36.1486	36.1138	36.1314	36.0936	36.1104	36.0734	36.0927	36.0567	36.0671	36.0402	36.062	36.024	36.033	35.9963	36.0169	35.9824	35.9879	35.9499	35.9703	35.9327	35.9305	35.8937	35.9062	35.8661	35.8793	35.8434	35.8604	35.8116	35.8114	35.7799	35.7922	35.7397	35.7427	35.6983	35.7	35.6486	35.6654	35.6218	35.645	35.5962	35.6069	35.5584	35.585	35.519	35.5152	35.4696	35.4777	35.4298	35.457	35.4135	35.4119	35.3584	35.3744	35.3138	35.3279	35.2701	35.2772	35.2487	35.2478	35.1891	35.1902	35.1586	35.1536	35.1231	35.1133	35.0566	35.0384	35.0003	34.9765	34.9536	34.9288	34.8864	34.8958	34.875	34.8767	34.8399	34.7899	34.7207	34.6823	34.6648	34.6385	34.5931	34.5367	34.493	34.4271	34.3929	34.3627	34.3524	34.2728	34.1638	34.0542	33.9887	33.8685	33.7579	33.65	33.6004	33.5384	33.9045	35.5806
Sgr-AJol_029-Ex1-cssl.clmp.r1r2_fastp	36.6132	36.3618	36.4949	36.4834	36.5374	36.5227	36.5348	36.5252	36.5411	36.5224	36.5397	36.5232	36.5295	36.5095	36.515	36.5018	36.5123	36.4993	36.4992	36.4778	36.4863	36.4582	36.4438	36.4178	36.4123	36.3839	36.3703	36.3526	36.3359	36.3154	36.2914	36.2768	36.2605	36.2367	36.2127	36.1985	36.1658	36.1567	36.1383	36.1253	36.0875	36.0796	36.0529	36.0462	36.016	36.0128	35.9774	35.9754	35.942	35.9438	35.9112	35.9186	35.8806	35.8914	35.8467	35.8558	35.8145	35.8295	35.7866	35.7896	35.7489	35.7756	35.7224	35.7292	35.6812	35.7059	35.658	35.6632	35.6144	35.6393	35.5923	35.5876	35.5379	35.5528	35.4947	35.5176	35.4625	35.4866	35.4234	35.4255	35.3754	35.3878	35.3271	35.3313	35.2762	35.2841	35.2184	35.2457	35.1806	35.2193	35.1458	35.1622	35.104	35.1448	35.0717	35.0702	35.0057	35.0377	34.9694	35.0091	34.9435	34.9571	34.8959	34.9221	34.849	34.8799	34.7998	34.8268	34.7846	34.7983	34.7235	34.7442	34.697	34.706	34.6786	34.6661	34.5939	34.5805	34.5409	34.5248	34.4961	34.4818	34.4534	34.4531	34.4438	34.4481	34.3854	34.3644	34.3161	34.2417	34.2445	34.2211	34.1799	34.1314	34.079	34.0186	33.9936	33.9733	33.9493	33.8769	33.7809	33.6662	33.58	33.4603	33.3547	33.2929	33.215	33.1972	33.5602	35.4824
Sgr-AJol_030-Ex1-cssl.clmp.r1r2_fastp	36.6321	36.3629	36.4947	36.4796	36.5325	36.5179	36.529	36.5197	36.5355	36.5172	36.5335	36.5153	36.5241	36.5048	36.51	36.4958	36.5065	36.4936	36.4951	36.4728	36.4817	36.4524	36.4389	36.4157	36.4103	36.3812	36.3673	36.351	36.3346	36.3158	36.2917	36.2789	36.2615	36.2403	36.2165	36.2024	36.1699	36.1643	36.1424	36.13	36.0958	36.0868	36.0626	36.0572	36.0272	36.0264	35.9898	35.9859	35.9565	35.9583	35.9284	35.9354	35.8955	35.9049	35.8576	35.8672	35.8281	35.8441	35.7951	35.7985	35.7655	35.7857	35.7284	35.738	35.687	35.7064	35.661	35.6639	35.6095	35.6302	35.5765	35.5769	35.5214	35.5352	35.4712	35.4894	35.4369	35.4557	35.3843	35.3827	35.3335	35.347	35.2751	35.2823	35.2177	35.2271	35.1552	35.1765	35.1148	35.1478	35.0717	35.0788	35.0156	35.0577	34.9708	34.9744	34.9102	34.9348	34.859	34.8882	34.8335	34.8357	34.7548	34.781	34.6999	34.7285	34.652	34.6613	34.6214	34.6312	34.5528	34.5719	34.5069	34.5148	34.4826	34.4801	34.3901	34.3906	34.3308	34.3068	34.2709	34.2605	34.214	34.216	34.1824	34.1937	34.1087	34.0772	34.0244	33.9733	33.9511	33.9131	33.8516	33.8128	33.764	33.6956	33.6557	33.6603	33.5948	33.5376	33.4082	33.304	33.1876	33.0539	32.9516	32.8523	32.7513	32.7561	33.182	35.3403
Sgr-AJol_031-Ex1-cssl.clmp.r1r2_fastp	36.5921	36.2997	36.464	36.4396	36.5085	36.4854	36.5061	36.4889	36.515	36.4859	36.5101	36.489	36.5015	36.4759	36.4859	36.4681	36.4836	36.4648	36.4699	36.4438	36.4544	36.4258	36.4102	36.381	36.3791	36.3481	36.3352	36.3143	36.3012	36.2731	36.2523	36.2343	36.2197	36.1926	36.1678	36.1483	36.1207	36.1099	36.0916	36.0736	36.0407	36.0242	36.0034	35.9935	35.9686	35.9635	35.9283	35.9216	35.8944	35.8931	35.8672	35.8695	35.8327	35.8415	35.7982	35.8058	35.7675	35.7844	35.7421	35.742	35.7088	35.7293	35.6798	35.6862	35.6407	35.6581	35.6186	35.6184	35.5696	35.5959	35.5409	35.5388	35.4904	35.5063	35.4492	35.4635	35.4204	35.4352	35.3745	35.3725	35.3259	35.3482	35.2793	35.2797	35.2284	35.2324	35.1661	35.189	35.1293	35.1629	35.0955	35.1015	35.0538	35.0913	35.0106	35.0142	34.95	34.9776	34.9129	34.9429	34.8776	34.8884	34.8189	34.8474	34.7771	34.8077	34.7305	34.7417	34.6998	34.7096	34.632	34.6484	34.5985	34.6117	34.5776	34.5719	34.4976	34.4813	34.4326	34.4067	34.3696	34.3649	34.3343	34.3195	34.3056	34.3179	34.2455	34.2153	34.1571	34.1048	34.0816	34.0695	34.0065	33.9688	33.9192	33.8546	33.8119	33.8053	33.7661	33.6792	33.5672	33.4381	33.3465	33.2106	33.096	33.0071	32.9215	32.9041	33.3191	35.391
Sgr-AJol_032-Ex1-cssl.clmp.r1r2_fastp	36.6527	36.3971	36.5208	36.5024	36.5545	36.5399	36.5514	36.5411	36.5558	36.5392	36.5551	36.5389	36.5439	36.528	36.5323	36.5183	36.5286	36.5149	36.5165	36.4952	36.5059	36.4821	36.4666	36.4444	36.4383	36.4148	36.402	36.3857	36.3717	36.3567	36.3343	36.3242	36.3091	36.2889	36.2672	36.2519	36.2265	36.223	36.2038	36.1943	36.1664	36.1555	36.1355	36.1304	36.1056	36.1053	36.0742	36.0694	36.043	36.0448	36.0193	36.0252	35.9937	35.9989	35.9631	35.9696	35.9343	35.9475	35.9045	35.9091	35.8809	35.895	35.8513	35.8572	35.818	35.8358	35.7978	35.7905	35.7522	35.7661	35.7244	35.7157	35.6734	35.6795	35.6397	35.6453	35.6072	35.613	35.5612	35.5488	35.5139	35.5252	35.464	35.4642	35.4182	35.4151	35.3576	35.3739	35.328	35.3501	35.2944	35.2993	35.2557	35.2834	35.2154	35.2117	35.1588	35.1752	35.1251	35.1365	35.0907	35.0896	35.034	35.0564	34.9915	35.016	34.9422	34.9571	34.9194	34.9157	34.8575	34.8649	34.8158	34.8227	34.8064	34.8065	34.727	34.7192	34.6669	34.6481	34.6225	34.6065	34.5758	34.5554	34.5662	34.5545	34.5127	34.4586	34.4109	34.3638	34.3565	34.3042	34.2869	34.1947	34.207	34.1064	34.0892	34.0561	34.0537	33.9598	33.8732	33.7444	33.6896	33.5434	33.468	33.3323	33.3117	33.2952	33.6792	35.5135
Sgr-AJol_034-Ex1-cssl.clmp.r1r2_fastp	36.6602	36.4013	36.5274	36.5101	36.5643	36.5483	36.5595	36.5508	36.5652	36.5491	36.5626	36.5457	36.5518	36.5348	36.5407	36.5275	36.5372	36.5252	36.5249	36.5065	36.5125	36.4896	36.4727	36.4521	36.4456	36.4231	36.4054	36.393	36.3825	36.3612	36.3394	36.3304	36.3167	36.296	36.2767	36.2662	36.2329	36.2324	36.2131	36.2066	36.1753	36.1715	36.1455	36.1479	36.1227	36.1245	36.0938	36.0939	36.0668	36.0748	36.0421	36.0573	36.0219	36.0364	35.9928	36.0061	35.9667	35.9874	35.9446	35.9555	35.9233	35.9473	35.8983	35.9065	35.8697	35.89	35.8471	35.8528	35.8111	35.8336	35.7861	35.7871	35.7435	35.7592	35.709	35.7209	35.6766	35.7013	35.6401	35.643	35.5979	35.6192	35.5598	35.5601	35.512	35.5186	35.4571	35.48	35.4317	35.4582	35.3938	35.4057	35.3591	35.3859	35.3226	35.3144	35.2601	35.2898	35.2305	35.2582	35.1964	35.2057	35.1425	35.1633	35.104	35.1219	35.0604	35.0674	35.0328	35.0365	34.975	34.9828	34.9261	34.9346	34.9147	34.8999	34.8126	34.8151	34.7842	34.7445	34.717	34.7107	34.6729	34.6598	34.6383	34.6584	34.5774	34.5589	34.4782	34.4529	34.435	34.4072	34.3548	34.3108	34.2631	34.206	34.143	34.1243	34.081	34.0167	33.955	33.8122	33.7399	33.5764	33.4999	33.3828	33.3097	33.2629	33.6405	35.4803
Sgr-AJol_035-Ex1-cssl.clmp.r1r2_fastp	36.6328	36.3862	36.5148	36.4962	36.5549	36.5389	36.5514	36.5403	36.5565	36.5371	36.5545	36.5349	36.5463	36.5267	36.5316	36.518	36.5294	36.5133	36.5161	36.4963	36.5034	36.4771	36.464	36.4363	36.4348	36.4048	36.3934	36.376	36.3619	36.3409	36.3193	36.3038	36.293	36.2686	36.2432	36.2305	36.2019	36.1936	36.1769	36.1626	36.1291	36.1186	36.0943	36.0891	36.0595	36.0585	36.0263	36.0221	35.9946	35.9958	35.9679	35.9727	35.9359	35.9475	35.9053	35.9145	35.8737	35.891	35.8444	35.8507	35.8187	35.8368	35.7861	35.795	35.751	35.7719	35.7286	35.7344	35.6834	35.707	35.6601	35.6611	35.6149	35.6226	35.5746	35.5941	35.5405	35.5594	35.5046	35.503	35.4612	35.4772	35.4166	35.4161	35.3746	35.376	35.3216	35.3365	35.2863	35.3168	35.2509	35.261	35.2182	35.2447	35.1764	35.1742	35.1237	35.1393	35.0929	35.1175	35.0662	35.0668	35.0105	35.0307	34.967	34.9791	34.9217	34.931	34.9025	34.9028	34.834	34.8411	34.7978	34.7999	34.7829	34.7737	34.7052	34.6886	34.6425	34.6161	34.6007	34.5727	34.5445	34.5235	34.5258	34.5337	34.4704	34.4166	34.3561	34.3111	34.3028	34.2783	34.2433	34.1871	34.1426	34.0655	34.0419	34.0043	34.0081	33.8952	33.8272	33.6812	33.6523	33.4705	33.4035	33.2837	33.2531	33.1932	33.6259	35.4843
Sgr-AJol_036-Ex1-cssl.clmp.r1r2_fastp	36.5762	36.365	36.5179	36.4952	36.5668	36.5436	36.5601	36.5435	36.5662	36.5475	36.5632	36.5421	36.5561	36.5344	36.5426	36.5261	36.5384	36.5182	36.522	36.4977	36.5071	36.4797	36.4627	36.425	36.4267	36.3966	36.3803	36.36	36.3502	36.3147	36.2951	36.2737	36.261	36.2242	36.2009	36.1796	36.1502	36.1298	36.1112	36.09	36.0585	36.0327	36.013	35.9957	35.9706	35.9537	35.9222	35.9034	35.8817	35.8675	35.8465	35.8374	35.8001	35.8054	35.7683	35.7605	35.7214	35.7278	35.682	35.6783	35.6552	35.6647	35.6122	35.6096	35.5598	35.5818	35.5317	35.5377	35.4751	35.5041	35.4323	35.4399	35.3832	35.4073	35.3334	35.3473	35.295	35.3282	35.2374	35.2415	35.1954	35.2195	35.1366	35.1502	35.085	35.09	35.0182	35.0489	34.9758	35.016	34.9457	34.9476	34.8854	34.9318	34.8378	34.8426	34.7797	34.8177	34.7404	34.7747	34.7108	34.7332	34.6365	34.6674	34.5998	34.6248	34.4992	34.5724	34.4869	34.5175	34.4102	34.4208	34.3598	34.3805	34.3312	34.3366	34.2485	34.2299	34.137	34.1594	34.0807	34.0932	34.0077	34.032	33.9852	34.0447	33.8963	33.8949	33.7985	33.7644	33.712	33.6967	33.5971	33.6078	33.5272	33.4355	33.3708	33.3882	33.3467	33.2679	33.1034	32.9994	32.8402	32.6945	32.6204	32.4395	32.392	32.4115	32.8491	35.2162
Sgr-AJol_037-Ex1-cssl.clmp.r1r2_fastp	36.697	36.431	36.5297	36.5137	36.5521	36.5416	36.545	36.5424	36.5506	36.5376	36.5466	36.5335	36.5363	36.5255	36.523	36.5161	36.5184	36.5125	36.5088	36.4965	36.4946	36.4823	36.4658	36.4479	36.4407	36.4238	36.4112	36.4021	36.3892	36.3773	36.3598	36.3566	36.3449	36.3301	36.313	36.3079	36.2865	36.2884	36.2765	36.2744	36.2497	36.2494	36.232	36.2345	36.2151	36.2188	36.1941	36.1992	36.1766	36.1852	36.1578	36.1689	36.1392	36.1546	36.1216	36.1294	36.0981	36.1155	36.0827	36.0891	36.0638	36.0828	36.0422	36.0523	36.0162	36.0356	36.0003	36.0035	35.9626	35.9854	35.9461	35.945	35.9026	35.9144	35.8649	35.8816	35.8399	35.8533	35.8037	35.8001	35.7566	35.7771	35.7179	35.7184	35.6689	35.6722	35.6151	35.6312	35.5836	35.6032	35.5473	35.5494	35.5036	35.5314	35.4558	35.4527	35.3967	35.4104	35.3563	35.3763	35.3254	35.3195	35.2623	35.2793	35.2094	35.2269	35.1585	35.1629	35.1203	35.1245	35.0515	35.0588	35.0063	35.0129	34.9846	34.9683	34.8782	34.8636	34.8305	34.7947	34.7637	34.7453	34.7037	34.6813	34.6592	34.6728	34.602	34.5727	34.4839	34.4491	34.4195	34.3867	34.3162	34.2826	34.1995	34.1607	34.1129	34.085	34.0509	33.9693	33.855	33.7176	33.6792	33.5126	33.4129	33.2888	33.2438	33.1707	33.5539	35.443
Sgr-AJol_038-Ex1-cssl.clmp.r1r2_fastp	36.6303	36.3455	36.4769	36.4553	36.5144	36.4941	36.5042	36.4952	36.5123	36.4909	36.5046	36.4895	36.4987	36.4786	36.48	36.4642	36.4768	36.4612	36.4613	36.4353	36.4459	36.4204	36.4071	36.3777	36.3702	36.345	36.3275	36.3132	36.298	36.273	36.2525	36.2383	36.2226	36.2032	36.1765	36.1644	36.1337	36.1322	36.1106	36.0975	36.0661	36.0551	36.0328	36.0278	36.0003	35.9984	35.9625	35.9577	35.9254	35.9343	35.8995	35.9058	35.8635	35.8785	35.8319	35.8419	35.7976	35.8189	35.773	35.7754	35.7346	35.7581	35.7042	35.7114	35.6599	35.6891	35.633	35.6425	35.5848	35.6099	35.5543	35.5567	35.4952	35.5204	35.4566	35.4775	35.4149	35.443	35.3772	35.3804	35.3258	35.3467	35.2795	35.2892	35.2264	35.2347	35.1702	35.1982	35.1316	35.1634	35.0965	35.1042	35.0579	35.0857	35.014	35.0113	34.9453	34.9635	34.9045	34.9307	34.8824	34.8688	34.8192	34.8296	34.7698	34.7836	34.7254	34.7206	34.6909	34.6931	34.6284	34.6222	34.597	34.5758	34.5732	34.551	34.4958	34.4501	34.4335	34.37	34.3795	34.345	34.32	34.2857	34.298	34.2899	34.2236	34.1792	34.1575	34.0588	34.0755	34.0343	33.9966	33.9076	33.8954	33.7852	33.7692	33.7333	33.7418	33.6124	33.5527	33.3697	33.3153	33.1593	33.0685	32.9278	32.9006	32.8319	33.2819	35.3567
Sgr-AJol_039-Ex1-cssl.clmp.r1r2_fastp	36.6837	36.3998	36.5099	36.4932	36.5356	36.5228	36.5287	36.5241	36.5337	36.5203	36.5284	36.5154	36.5189	36.5066	36.5032	36.4947	36.4997	36.4918	36.4882	36.4736	36.4768	36.4572	36.4407	36.4242	36.4125	36.396	36.3791	36.3712	36.3556	36.3427	36.3243	36.3182	36.3088	36.2963	36.2748	36.2697	36.2446	36.2486	36.2321	36.2324	36.2043	36.204	36.1856	36.1893	36.167	36.1731	36.1461	36.149	36.1239	36.1311	36.1073	36.1186	36.0881	36.1026	36.0686	36.0837	36.0529	36.0705	36.0382	36.0431	36.0172	36.0407	36.0028	36.0122	35.9737	35.9977	35.9619	35.9704	35.9319	35.9562	35.9155	35.9149	35.8754	35.8957	35.8462	35.8671	35.8273	35.844	35.7943	35.8004	35.763	35.7795	35.7327	35.7322	35.6893	35.6918	35.64	35.661	35.6183	35.6365	35.5864	35.5904	35.5527	35.574	35.5185	35.5132	35.4643	35.484	35.4349	35.4522	35.4155	35.4026	35.3659	35.3743	35.3212	35.3292	35.2729	35.2756	35.2531	35.2473	35.1933	35.1935	35.1559	35.166	35.1394	35.127	35.0674	35.0498	35.0126	34.9759	34.9516	34.9489	34.9086	34.8947	34.8898	34.898	34.8311	34.8112	34.7411	34.6992	34.6779	34.6493	34.608	34.5635	34.5141	34.4484	34.4216	34.3946	34.3588	34.2924	34.1874	34.091	34.0113	33.903	33.7965	33.7067	33.6422	33.5989	33.9106	35.5492
Sgr-AJol_041-Ex1-cssl.clmp.r1r2_fastp	36.6713	36.3913	36.4986	36.4859	36.5274	36.5169	36.5209	36.517	36.5278	36.5135	36.5227	36.5074	36.5119	36.5001	36.4976	36.4863	36.494	36.4843	36.4777	36.4642	36.4672	36.4466	36.43	36.4108	36.4016	36.3799	36.3654	36.3575	36.3377	36.3216	36.3028	36.2935	36.2813	36.2655	36.2444	36.2377	36.213	36.2106	36.1952	36.1915	36.1589	36.1596	36.136	36.1378	36.1137	36.1147	36.0861	36.0861	36.0579	36.0674	36.0359	36.0474	36.0129	36.0274	35.9879	35.9976	35.9615	35.9821	35.9421	35.9497	35.9199	35.9401	35.8953	35.9092	35.8677	35.8862	35.8451	35.8534	35.8098	35.8317	35.7892	35.7866	35.7426	35.7567	35.7075	35.7246	35.6798	35.6996	35.6436	35.6454	35.6047	35.6174	35.5618	35.5641	35.5065	35.5071	35.4527	35.4717	35.4301	35.447	35.3881	35.3927	35.3467	35.3715	35.3026	35.3017	35.2456	35.2556	35.2116	35.2282	35.1816	35.1782	35.1149	35.1293	35.0632	35.0763	35.0182	35.0288	34.9873	34.9857	34.9338	34.9289	34.8843	34.8956	34.8764	34.8582	34.7922	34.7518	34.7265	34.6848	34.6676	34.6325	34.6179	34.5838	34.5773	34.5637	34.5245	34.4544	34.4153	34.3606	34.3496	34.2955	34.2538	34.1978	34.1478	34.0563	34.0231	34.0017	33.9774	33.8886	33.7793	33.6573	33.5671	33.4053	33.3191	33.2037	33.1566	33.1171	33.4986	35.4217
Sgr-AJol_042-Ex1-cssl.clmp.r1r2_fastp	36.6232	36.309	36.4483	36.4245	36.4848	36.4671	36.482	36.4678	36.4921	36.4638	36.4846	36.4617	36.4784	36.453	36.4601	36.4412	36.4538	36.4377	36.44	36.4161	36.4274	36.3976	36.3852	36.3539	36.3511	36.3192	36.308	36.2886	36.2711	36.2452	36.2268	36.2096	36.1989	36.1744	36.1518	36.1385	36.1079	36.1012	36.0821	36.0712	36.0347	36.0264	35.9993	35.9971	35.9687	35.9673	35.9349	35.9301	35.8967	35.9043	35.8697	35.8798	35.8356	35.8541	35.8074	35.816	35.7732	35.7916	35.7452	35.7537	35.7154	35.7387	35.6838	35.6958	35.6456	35.6752	35.6237	35.6324	35.5757	35.6081	35.5559	35.5631	35.5035	35.5288	35.4653	35.4926	35.4377	35.4651	35.3962	35.4067	35.3529	35.377	35.3119	35.3225	35.2599	35.2691	35.2018	35.2335	35.1733	35.2129	35.1426	35.1615	35.1007	35.1398	35.0564	35.0636	35.0004	35.0277	34.9602	35.0001	34.9414	34.9478	34.8785	34.9106	34.8377	34.8641	34.7958	34.8062	34.7645	34.7841	34.7042	34.7231	34.6665	34.6818	34.6599	34.6559	34.5742	34.5621	34.5165	34.4956	34.4687	34.4536	34.4165	34.4077	34.3902	34.4018	34.3312	34.309	34.2257	34.1954	34.1699	34.1486	34.099	34.057	33.9956	33.9338	33.8683	33.8581	33.8295	33.7547	33.6378	33.5183	33.4205	33.2785	33.1822	33.0679	32.983	32.9632	33.3649	35.3852
Sgr-AJol_043-Ex1-cssl.clmp.r1r2_fastp	36.6158	36.2996	36.4387	36.4194	36.4796	36.46	36.474	36.4607	36.4825	36.4585	36.476	36.4536	36.4702	36.4481	36.4525	36.4347	36.4472	36.4322	36.4331	36.4095	36.4182	36.392	36.3774	36.3512	36.3462	36.3151	36.3023	36.2851	36.27	36.2472	36.2276	36.2163	36.1994	36.1807	36.157	36.1442	36.1124	36.1096	36.0917	36.0836	36.0453	36.0416	36.0155	36.016	35.9858	35.9919	35.9545	35.9578	35.9224	35.9333	35.9002	35.9136	35.8741	35.8923	35.8476	35.8623	35.8216	35.8386	35.797	35.8057	35.7684	35.7946	35.7422	35.7537	35.7074	35.7347	35.6879	35.6971	35.6512	35.6736	35.6285	35.6301	35.5795	35.5987	35.5471	35.5656	35.5189	35.5435	35.4804	35.4855	35.4431	35.4651	35.4035	35.4097	35.359	35.3656	35.3049	35.3315	35.2809	35.3097	35.254	35.2602	35.2196	35.2539	35.191	35.183	35.1346	35.1532	35.1076	35.1356	35.087	35.0849	35.0383	35.0511	35.0051	35.0152	34.9644	34.9671	34.9531	34.9467	34.9019	34.8962	34.8763	34.8748	34.8747	34.8512	34.801	34.7804	34.7513	34.7086	34.7038	34.6787	34.6727	34.6513	34.6653	34.6554	34.6058	34.5771	34.5219	34.4779	34.4714	34.4458	34.4124	34.3719	34.3315	34.2594	34.2252	34.2153	34.1981	34.1108	34.0366	33.924	33.8548	33.7268	33.6516	33.5515	33.5066	33.4363	33.8292	35.5413
Sgr-AJol_044-Ex1-cssl.clmp.r1r2_fastp	36.6325	36.342	36.4713	36.4519	36.5105	36.4925	36.5027	36.4908	36.5123	36.4904	36.506	36.4855	36.4989	36.4786	36.4833	36.4661	36.4795	36.4628	36.4661	36.4419	36.4549	36.4264	36.4152	36.3876	36.3858	36.3545	36.3423	36.3246	36.3128	36.2913	36.2752	36.2614	36.2465	36.2267	36.2058	36.1925	36.1671	36.1586	36.1422	36.1321	36.1001	36.0903	36.068	36.0668	36.0406	36.04	36.0083	36.007	35.9769	35.9839	35.9536	35.9628	35.9261	35.9391	35.8993	35.9074	35.8746	35.8859	35.8457	35.8529	35.821	35.8395	35.7927	35.7976	35.7571	35.7754	35.7369	35.7396	35.6957	35.7138	35.6689	35.6682	35.6192	35.6354	35.5823	35.5951	35.5555	35.5691	35.512	35.5115	35.4702	35.4805	35.4286	35.4246	35.3756	35.3774	35.3198	35.3369	35.2916	35.3133	35.2614	35.2576	35.2152	35.2412	35.1766	35.1653	35.1134	35.1182	35.0807	35.0958	35.0594	35.0475	35.0009	35.0056	34.9553	34.961	34.9066	34.9078	34.872	34.8795	34.8095	34.8054	34.7823	34.7829	34.7593	34.7463	34.6742	34.6491	34.6214	34.5798	34.5608	34.538	34.5075	34.4831	34.4967	34.4759	34.4186	34.3967	34.345	34.2673	34.2588	34.2256	34.1796	34.1323	34.0765	34.0175	33.9796	33.9349	33.9488	33.855	33.7644	33.6164	33.5746	33.4112	33.3451	33.2146	33.1715	33.1107	33.5654	35.4612
Sgr-AJol_045-Ex1-cssl.clmp.r1r2_fastp	36.6311	36.3458	36.4799	36.4523	36.5129	36.495	36.5098	36.4942	36.5186	36.4922	36.5109	36.4901	36.5067	36.4837	36.4883	36.4693	36.4854	36.4685	36.4716	36.4476	36.4587	36.4298	36.4181	36.3907	36.3866	36.3547	36.3423	36.3253	36.3139	36.2888	36.2739	36.258	36.242	36.2213	36.1998	36.1833	36.1564	36.1498	36.1299	36.1227	36.0835	36.0738	36.0501	36.0494	36.0197	36.0199	35.9856	35.9808	35.9537	35.9532	35.9198	35.9302	35.8873	35.9032	35.8553	35.869	35.8232	35.8418	35.7924	35.8017	35.7642	35.7911	35.7315	35.7479	35.6943	35.7198	35.6639	35.6824	35.6218	35.6546	35.5938	35.6045	35.5468	35.571	35.5044	35.5336	35.4711	35.5016	35.4316	35.4468	35.3871	35.4195	35.3445	35.3558	35.2903	35.307	35.2383	35.2694	35.1999	35.248	35.1714	35.1883	35.1321	35.1783	35.0917	35.0941	35.0303	35.0723	34.9959	35.0432	34.9831	34.9874	34.9217	34.9522	34.8755	34.913	34.8382	34.863	34.807	34.8267	34.746	34.7676	34.7151	34.7328	34.6918	34.6989	34.6159	34.6132	34.5617	34.5483	34.4955	34.5061	34.4492	34.4619	34.4414	34.4467	34.3799	34.3555	34.2742	34.239	34.223	34.1932	34.1481	34.1161	34.0664	33.9934	33.9551	33.9332	33.902	33.8218	33.7479	33.6103	33.5554	33.4024	33.3294	33.2137	33.1728	33.1195	33.5169	35.4539
Sgr-AJol_046-Ex1-cssl.clmp.r1r2_fastp	36.6155	36.3128	36.4729	36.4408	36.5174	36.4869	36.5117	36.4896	36.522	36.4891	36.5161	36.4887	36.5088	36.4791	36.4923	36.4691	36.4871	36.4609	36.4725	36.4409	36.4585	36.4228	36.4163	36.3794	36.3798	36.344	36.3377	36.3122	36.3037	36.2716	36.2537	36.2318	36.2219	36.1922	36.1718	36.1503	36.1227	36.1135	36.0979	36.0787	36.0505	36.0349	36.0124	36.0039	35.9806	35.9748	35.9408	35.9345	35.9062	35.9069	35.8753	35.8784	35.8422	35.8465	35.8073	35.8136	35.7729	35.7833	35.7341	35.7391	35.7061	35.7252	35.6701	35.6713	35.6284	35.6453	35.5996	35.6027	35.5414	35.5721	35.5159	35.5125	35.4603	35.4736	35.4081	35.4217	35.3726	35.3885	35.3192	35.3198	35.2675	35.29	35.2135	35.2144	35.1546	35.1603	35.0856	35.1093	35.0469	35.0787	35.0066	35.0203	34.9578	34.9936	34.9084	34.9084	34.8383	34.8673	34.7936	34.8276	34.7635	34.7682	34.6966	34.7183	34.6458	34.6787	34.5935	34.6043	34.5588	34.581	34.4851	34.4933	34.4469	34.4511	34.4121	34.4032	34.3274	34.306	34.2597	34.2279	34.2028	34.189	34.1486	34.1312	34.1146	34.1152	34.0629	34.0264	33.955	33.8789	33.8745	33.8523	33.7799	33.7413	33.7013	33.5966	33.5842	33.5494	33.5142	33.4326	33.3348	33.1799	33.1038	32.9501	32.8511	32.7048	32.6796	32.6082	33.1007	35.2995
Sgr-AJol_047-Ex1-cssl.clmp.r1r2_fastp	36.6287	36.341	36.4755	36.4557	36.5109	36.4935	36.5056	36.4958	36.5136	36.4919	36.5079	36.4895	36.4985	36.4824	36.4828	36.4689	36.4792	36.4648	36.4625	36.4421	36.4526	36.4251	36.4119	36.3858	36.3833	36.3522	36.3385	36.3244	36.3126	36.2904	36.2722	36.2612	36.2481	36.2261	36.2061	36.1933	36.1666	36.1615	36.1501	36.1381	36.1113	36.1004	36.0834	36.0796	36.0592	36.055	36.0244	36.0202	36.0007	35.9975	35.9731	35.9798	35.9453	35.9553	35.916	35.9227	35.8946	35.904	35.866	35.8709	35.8435	35.8647	35.8183	35.8225	35.7865	35.8047	35.7703	35.765	35.7298	35.7458	35.7033	35.7005	35.6597	35.672	35.6261	35.6382	35.5978	35.6074	35.5572	35.5562	35.5191	35.5387	35.4822	35.4773	35.44	35.4379	35.3903	35.4015	35.3596	35.3793	35.3334	35.3325	35.3018	35.3255	35.2684	35.2527	35.2156	35.2303	35.1878	35.2038	35.165	35.1564	35.1151	35.1184	35.0719	35.087	35.0277	35.0286	35.0159	35.0034	34.953	34.9478	34.9286	34.9264	34.9033	34.8901	34.8317	34.8152	34.7863	34.7517	34.7412	34.7152	34.689	34.6611	34.6782	34.6749	34.6236	34.5868	34.5439	34.4872	34.4779	34.4426	34.4181	34.3559	34.3066	34.2219	34.2146	34.2144	34.1636	34.0891	34.0319	33.8924	33.829	33.6964	33.6364	33.5271	33.4595	33.4206	33.8035	35.5139
Sgr-AJol_048-Ex1-cssl.clmp.r1r2_fastp	36.6635	36.3907	36.5048	36.4848	36.5365	36.5204	36.5299	36.5195	36.5375	36.5164	36.5321	36.5136	36.5251	36.5054	36.5085	36.4941	36.5041	36.4894	36.4924	36.4696	36.4809	36.4528	36.44	36.4154	36.4112	36.3829	36.3724	36.356	36.344	36.3233	36.3067	36.2921	36.2792	36.2592	36.2393	36.2239	36.1973	36.1949	36.1784	36.1689	36.1368	36.1281	36.1045	36.1028	36.0765	36.0765	36.0414	36.0407	36.0112	36.0168	35.9841	35.9966	35.9556	35.9678	35.9247	35.9357	35.8935	35.9144	35.8651	35.8735	35.8369	35.8583	35.8039	35.8174	35.7664	35.7914	35.742	35.7522	35.699	35.7241	35.6705	35.6768	35.6177	35.6364	35.5755	35.598	35.5471	35.5612	35.4996	35.5057	35.4534	35.4763	35.4108	35.4132	35.3552	35.361	35.2957	35.3243	35.2623	35.2934	35.2255	35.2381	35.1875	35.2198	35.1458	35.1497	35.0868	35.1092	35.0526	35.0814	35.0239	35.0231	34.9708	34.9796	34.9198	34.9347	34.8746	34.8845	34.8489	34.8543	34.7782	34.7912	34.7487	34.7517	34.7224	34.7132	34.6422	34.629	34.5981	34.5719	34.5413	34.5183	34.5066	34.4785	34.4744	34.4775	34.4118	34.3877	34.3162	34.2799	34.2617	34.2424	34.1846	34.1386	34.1092	34.0366	33.9943	33.9862	33.9655	33.8947	33.7935	33.6747	33.6026	33.4679	33.3869	33.2713	33.2369	33.2022	33.5845	35.4618
Sgr-AJol_049-Ex1-cssl.clmp.r1r2_fastp	36.7193	36.4626	36.5464	36.5369	36.5701	36.5654	36.5636	36.5633	36.5675	36.5551	36.5633	36.5536	36.5575	36.5444	36.5468	36.5382	36.5425	36.5355	36.5315	36.5189	36.523	36.504	36.4901	36.4755	36.4706	36.4537	36.4401	36.4316	36.42	36.412	36.3965	36.3901	36.3824	36.3709	36.3538	36.3531	36.3308	36.332	36.3228	36.3195	36.2974	36.2985	36.2841	36.2845	36.2678	36.2695	36.2515	36.2496	36.2311	36.2329	36.213	36.2224	36.1967	36.2063	36.1772	36.1871	36.1592	36.1718	36.1431	36.146	36.1226	36.1388	36.1012	36.108	36.0751	36.0889	36.0615	36.0593	36.0204	36.0376	36.0038	35.9986	35.9633	35.974	35.9323	35.9415	35.9023	35.9202	35.8698	35.8659	35.8322	35.8433	35.7919	35.7932	35.7519	35.751	35.7017	35.7129	35.6704	35.6889	35.6355	35.6398	35.6011	35.6189	35.5658	35.5567	35.5025	35.5199	35.4728	35.4928	35.4428	35.4421	35.3884	35.4057	35.3486	35.3601	35.3061	35.3183	35.2787	35.2883	35.2305	35.2361	35.1985	35.2042	35.1789	35.1631	35.1007	35.0855	35.0547	35.0361	35.0023	34.9908	34.9666	34.9594	34.9497	34.9485	34.8953	34.8823	34.8084	34.775	34.7538	34.7419	34.7009	34.6668	34.6167	34.5708	34.5223	34.516	34.486	34.4262	34.3415	34.2376	34.1486	34.0316	33.976	33.873	33.8174	33.7782	34.0762	35.6121
Sgr-AJol_050-Ex1-cssl.clmp.r1r2_fastp	36.641	36.365	36.5019	36.4802	36.5388	36.5218	36.5329	36.5228	36.5396	36.5144	36.535	36.5126	36.5251	36.5015	36.5137	36.4945	36.5078	36.4892	36.4944	36.4675	36.4786	36.4483	36.4368	36.4046	36.4059	36.3762	36.3637	36.3423	36.3302	36.305	36.2872	36.2682	36.2547	36.229	36.2089	36.1919	36.1629	36.155	36.1396	36.124	36.0938	36.0831	36.0591	36.0498	36.0253	36.0181	35.9844	35.9761	35.9447	35.9508	35.9154	35.9224	35.8784	35.8895	35.8396	35.8518	35.8054	35.8232	35.7686	35.7778	35.7368	35.7605	35.6946	35.7074	35.6529	35.6794	35.6242	35.6314	35.5712	35.5978	35.5323	35.5399	35.4759	35.5047	35.4223	35.453	35.388	35.4199	35.3348	35.3509	35.2837	35.3212	35.2301	35.2509	35.1814	35.1987	35.1149	35.1562	35.0763	35.1276	35.0347	35.0659	34.9888	35.0385	34.9435	34.9606	34.8759	34.9208	34.838	34.8877	34.8063	34.8328	34.7453	34.7884	34.7089	34.7438	34.6428	34.6939	34.6253	34.6602	34.5647	34.6008	34.5357	34.5527	34.5097	34.5312	34.437	34.4356	34.374	34.3662	34.3306	34.3422	34.2877	34.2945	34.2765	34.3082	34.2269	34.2165	34.1338	34.0907	34.0963	34.0848	34.01	33.9953	33.9254	33.8672	33.8434	33.8311	33.8075	33.7197	33.6332	33.5207	33.461	33.3046	33.2278	33.1152	33.0669	33.028	33.4466	35.406
Sgr-AJol_051-Ex1-cssl.clmp.r1r2_fastp	36.671	36.414	36.5332	36.515	36.5634	36.5505	36.5567	36.5527	36.5613	36.5431	36.5564	36.5427	36.5483	36.533	36.5364	36.5251	36.5311	36.5208	36.5169	36.5015	36.5055	36.4841	36.4675	36.4479	36.4396	36.419	36.4041	36.3931	36.3776	36.3618	36.3416	36.3324	36.32	36.303	36.2842	36.2759	36.2477	36.2432	36.2321	36.2253	36.1984	36.1936	36.1741	36.1714	36.1523	36.154	36.1263	36.1273	36.1027	36.1091	36.0827	36.0946	36.0613	36.0743	36.0385	36.0491	36.0197	36.0334	35.998	36.0064	35.9795	35.9997	35.9581	35.9639	35.9278	35.9479	35.9097	35.9147	35.8747	35.8931	35.855	35.8558	35.8141	35.8258	35.7785	35.7937	35.7524	35.7719	35.7114	35.716	35.6747	35.6862	35.631	35.632	35.5841	35.5841	35.5288	35.5525	35.498	35.5223	35.4608	35.4752	35.4207	35.4476	35.3753	35.3821	35.3167	35.3325	35.2777	35.2969	35.2427	35.2473	35.188	35.2041	35.1376	35.1571	35.0797	35.0918	35.0505	35.0559	34.9912	34.9939	34.9466	34.9475	34.9177	34.9114	34.8327	34.8109	34.769	34.7427	34.7056	34.6918	34.658	34.6462	34.6285	34.6275	34.5736	34.5373	34.4684	34.4217	34.4075	34.3692	34.3199	34.2666	34.2268	34.1383	34.1068	34.0755	34.0548	33.9766	33.8883	33.747	33.704	33.5471	33.4666	33.3295	33.2854	33.2542	33.6135	35.4618
Sgr-AJol_052-Ex1-cssl.clmp.r1r2_fastp	36.7046	36.4557	36.5566	36.5438	36.5811	36.5733	36.5756	36.5722	36.5787	36.5648	36.5748	36.5636	36.5651	36.5525	36.5527	36.5445	36.5478	36.5426	36.537	36.5246	36.5254	36.5078	36.4921	36.4743	36.4681	36.4497	36.4362	36.4272	36.4112	36.4025	36.3828	36.3795	36.3666	36.3543	36.3344	36.3305	36.3062	36.3059	36.2941	36.2898	36.2643	36.2611	36.2482	36.2471	36.2294	36.2304	36.2081	36.2091	36.1866	36.1889	36.17	36.1765	36.1506	36.163	36.1294	36.141	36.1133	36.1278	36.0959	36.1002	36.0786	36.0956	36.0621	36.0664	36.0394	36.0516	36.0232	36.0249	35.9863	36.0061	35.9736	35.9679	35.9359	35.9443	35.9026	35.9158	35.8803	35.8946	35.848	35.8439	35.8123	35.8211	35.772	35.7711	35.7341	35.7317	35.6855	35.6941	35.6516	35.6724	35.6189	35.6241	35.5827	35.6041	35.5424	35.5357	35.485	35.5006	35.4505	35.4664	35.426	35.4085	35.3573	35.3812	35.3214	35.3246	35.2699	35.2723	35.2341	35.2383	35.1711	35.1772	35.1373	35.1312	35.1069	35.1045	35.0243	35.0129	34.9587	34.9504	34.9043	34.8964	34.8444	34.8406	34.8257	34.8273	34.759	34.7252	34.6645	34.6086	34.5854	34.5784	34.5219	34.4707	34.4263	34.3379	34.3039	34.2904	34.2407	34.1881	34.0702	33.9649	33.8646	33.7573	33.6443	33.5549	33.473	33.4297	33.7562	35.5436
Sgr-AJol_053-Ex1-cssl.clmp.r1r2_fastp	36.6347	36.3654	36.4971	36.4798	36.5351	36.5199	36.5315	36.5229	36.5373	36.5154	36.5348	36.5138	36.5266	36.504	36.5141	36.4968	36.5087	36.4927	36.4945	36.4707	36.4822	36.4514	36.4396	36.412	36.4095	36.3784	36.3681	36.3478	36.3365	36.3111	36.2913	36.2729	36.262	36.2379	36.2161	36.1996	36.1735	36.1582	36.1462	36.1308	36.0998	36.0824	36.0626	36.0515	36.031	36.0218	35.9927	35.984	35.9575	35.9563	35.9308	35.9349	35.8962	35.9071	35.8599	35.87	35.8305	35.8431	35.8007	35.8039	35.7689	35.7904	35.7385	35.7437	35.7048	35.7242	35.6763	35.684	35.6306	35.6582	35.6045	35.6038	35.5553	35.573	35.513	35.5355	35.4886	35.511	35.445	35.4513	35.3993	35.4207	35.354	35.3568	35.2978	35.3072	35.2415	35.2672	35.206	35.2434	35.1693	35.1837	35.1238	35.1722	35.0832	35.0901	35.0174	35.0516	34.9822	35.013	34.9419	34.9631	34.8848	34.9221	34.8357	34.8736	34.7874	34.8121	34.7593	34.7763	34.6965	34.7145	34.6611	34.6724	34.6309	34.628	34.5503	34.5306	34.4759	34.4678	34.4201	34.4195	34.378	34.3594	34.3416	34.3576	34.2918	34.2574	34.1825	34.122	34.1145	34.0861	34.0384	33.9961	33.9412	33.8657	33.8239	33.7929	33.7696	33.6768	33.583	33.4426	33.3698	33.2064	33.1313	32.9894	32.9415	32.8791	33.3116	35.3885
Sgr-AJol_054-Ex1-cssl.clmp.r1r2_fastp	36.6339	36.3551	36.4868	36.4668	36.5258	36.5079	36.5133	36.5074	36.5297	36.5051	36.5215	36.5009	36.5161	36.492	36.5045	36.4854	36.5001	36.4823	36.4876	36.4615	36.4714	36.4408	36.4307	36.4016	36.4001	36.3663	36.3585	36.336	36.3249	36.2974	36.2798	36.2616	36.25	36.2231	36.2034	36.1819	36.1588	36.1441	36.1272	36.1125	36.0814	36.0631	36.0419	36.0318	36.0084	36.0003	35.9703	35.9586	35.933	35.9274	35.9049	35.9045	35.8711	35.8708	35.8358	35.836	35.8025	35.8053	35.7647	35.7605	35.7314	35.7435	35.695	35.6959	35.6521	35.6623	35.6234	35.6158	35.5691	35.5832	35.5357	35.5271	35.4762	35.4886	35.427	35.4393	35.3842	35.3959	35.3338	35.3317	35.2781	35.2929	35.2209	35.2198	35.1648	35.1632	35.0919	35.1151	35.0472	35.075	35.0022	35.0124	34.9499	34.985	34.8983	34.9056	34.8326	34.8591	34.7825	34.8208	34.7459	34.7543	34.6852	34.7102	34.6236	34.6557	34.5714	34.5937	34.5542	34.5575	34.475	34.4902	34.4396	34.4511	34.4224	34.406	34.3273	34.3181	34.2816	34.2554	34.2278	34.2076	34.173	34.167	34.1602	34.1691	34.1014	34.0791	34.0076	33.9753	33.9568	33.9458	33.8929	33.861	33.8201	33.7542	33.7126	33.7048	33.6851	33.6129	33.5174	33.3827	33.3227	33.1889	33.0889	32.9927	32.9347	32.912	33.3286	35.3969
Sgr-AJol_055-Ex1-cssl.clmp.r1r2_fastp	36.63	36.3419	36.494	36.4672	36.5377	36.5112	36.5335	36.5168	36.5403	36.5085	36.5356	36.5099	36.5302	36.5004	36.5165	36.4936	36.5118	36.4889	36.4993	36.4693	36.4825	36.451	36.4434	36.4102	36.4121	36.3777	36.371	36.3468	36.3383	36.309	36.2912	36.2735	36.2649	36.2317	36.2149	36.193	36.1693	36.1537	36.1406	36.1243	36.0894	36.0742	36.05	36.0439	36.0166	36.0104	35.9801	35.9706	35.9447	35.9463	35.9114	35.919	35.8805	35.8894	35.8443	35.8521	35.8133	35.8294	35.7848	35.7864	35.7488	35.7679	35.7172	35.7244	35.6747	35.7022	35.6533	35.6587	35.6002	35.6292	35.571	35.5699	35.5132	35.5373	35.4669	35.491	35.4364	35.4621	35.3894	35.3957	35.3404	35.3583	35.2893	35.2933	35.2295	35.24	35.1668	35.2028	35.1382	35.1654	35.0886	35.1113	35.0458	35.0849	35.0064	35.0156	34.943	34.9725	34.8993	34.9393	34.8634	34.8896	34.8002	34.8436	34.757	34.781	34.7073	34.7297	34.6762	34.702	34.6085	34.631	34.5848	34.5874	34.5491	34.5592	34.4657	34.4727	34.4186	34.3993	34.347	34.3503	34.3117	34.3061	34.2957	34.31	34.2257	34.2059	34.127	34.102	34.0818	34.0503	34.0144	33.9657	33.9072	33.8465	33.8268	33.8092	33.759	33.6934	33.5975	33.4532	33.4152	33.225	33.1291	33.0258	32.9452	32.9413	33.341	35.3962
Sgr-AJol_056-Ex1-cssl.clmp.r1r2_fastp	36.6214	36.3593	36.5055	36.4812	36.545	36.5235	36.5433	36.5284	36.5514	36.5235	36.5482	36.523	36.5394	36.5151	36.5283	36.5073	36.5242	36.5048	36.5126	36.4831	36.4987	36.4648	36.4573	36.4261	36.4287	36.3929	36.387	36.3626	36.3536	36.3254	36.3092	36.2843	36.2769	36.244	36.2275	36.2031	36.1812	36.1644	36.1526	36.1284	36.1015	36.0792	36.0607	36.0482	36.0276	36.0152	35.9878	35.9719	35.9559	35.9429	35.9228	35.9171	35.8887	35.8893	35.8557	35.8527	35.8217	35.8263	35.7924	35.7825	35.759	35.7668	35.7243	35.7214	35.6863	35.6963	35.6569	35.6551	35.6062	35.6247	35.5758	35.5679	35.5247	35.5302	35.4795	35.4861	35.4405	35.4499	35.3936	35.3829	35.3428	35.3476	35.2905	35.2805	35.2293	35.2266	35.1682	35.1823	35.1263	35.1521	35.0821	35.0905	35.0378	35.0693	34.9878	34.9868	34.9219	34.9496	34.8762	34.9068	34.836	34.8464	34.7727	34.7995	34.7247	34.7463	34.6686	34.684	34.632	34.6394	34.563	34.5656	34.5152	34.5243	34.4821	34.4727	34.4005	34.3788	34.3297	34.2903	34.2647	34.2334	34.1974	34.1831	34.1626	34.1741	34.1069	34.0614	34.0125	33.9336	33.9277	33.8816	33.8541	33.7724	33.7254	33.6474	33.6275	33.5822	33.5757	33.4664	33.3802	33.2231	33.1508	32.9677	32.9284	32.7552	32.7304	32.6739	33.1536	35.3304
Sgr-AJol_057-Ex1-cssl.clmp.r1r2_fastp	36.6795	36.4218	36.5313	36.5172	36.5604	36.5506	36.5547	36.551	36.5587	36.5416	36.5537	36.5396	36.5451	36.5286	36.5329	36.5211	36.5283	36.5188	36.5152	36.5008	36.5036	36.4827	36.4666	36.4506	36.4429	36.4223	36.4069	36.3975	36.3832	36.3677	36.3513	36.3422	36.3312	36.3168	36.2959	36.2899	36.2654	36.2625	36.252	36.2421	36.2173	36.212	36.1938	36.1916	36.1721	36.1725	36.1456	36.1455	36.1233	36.1256	36.1033	36.1108	36.0815	36.0907	36.056	36.0661	36.0343	36.0489	36.0146	36.0214	35.9936	36.0136	35.9689	35.9806	35.941	35.9625	35.9225	35.9301	35.89	35.9132	35.8681	35.8732	35.8283	35.8439	35.794	35.8118	35.7685	35.7871	35.7322	35.7363	35.6939	35.7157	35.6566	35.6626	35.6087	35.6196	35.5669	35.5867	35.5331	35.5655	35.5018	35.5158	35.4643	35.4962	35.4272	35.4298	35.3703	35.3959	35.3394	35.3683	35.3116	35.3163	35.2577	35.2837	35.2186	35.2399	35.1729	35.1943	35.1432	35.1543	35.0865	35.1044	35.053	35.0602	35.0309	35.0313	34.9583	34.9509	34.9046	34.884	34.8647	34.8492	34.8069	34.8109	34.7836	34.7904	34.7297	34.7167	34.6366	34.5966	34.5689	34.559	34.5113	34.4639	34.4117	34.3631	34.3089	34.3061	34.2669	34.2156	34.1029	33.9952	33.8934	33.7754	33.6879	33.604	33.5345	33.4916	33.8263	35.5381
Sgr-AJol_058-Ex1-cssl.clmp.r1r2_fastp	36.6276	36.3601	36.5071	36.4815	36.5466	36.5273	36.5469	36.5303	36.5514	36.5255	36.5488	36.5228	36.5387	36.5136	36.5291	36.5072	36.5228	36.5067	36.5092	36.484	36.4953	36.4665	36.4553	36.4246	36.4256	36.392	36.3843	36.3643	36.3525	36.3234	36.3105	36.2893	36.2784	36.2462	36.2284	36.2086	36.1868	36.1748	36.1603	36.1428	36.1134	36.0985	36.0795	36.0664	36.045	36.0415	36.0167	36.0065	35.9817	35.9797	35.9558	35.9561	35.9263	35.9349	35.8945	35.9009	35.8671	35.8761	35.8368	35.8376	35.8101	35.8187	35.7797	35.7775	35.7418	35.7574	35.7151	35.7161	35.6678	35.6876	35.6391	35.6328	35.5894	35.5957	35.5422	35.5566	35.5063	35.5259	35.4635	35.4624	35.4185	35.4322	35.3638	35.3629	35.3158	35.3104	35.2445	35.2711	35.2047	35.2391	35.1697	35.1808	35.12	35.1577	35.073	35.0745	35.0103	35.0321	34.9672	35.0005	34.9374	34.9344	34.8695	34.893	34.8215	34.845	34.7556	34.7859	34.7252	34.7456	34.6538	34.6681	34.6119	34.6289	34.5867	34.589	34.4954	34.478	34.4376	34.4067	34.3694	34.3592	34.3083	34.2965	34.2897	34.2814	34.2232	34.1702	34.1109	34.0628	34.0555	34.0147	33.9639	33.899	33.8587	33.7847	33.7226	33.7154	33.6894	33.6226	33.5161	33.3443	33.2693	33.1008	33.0052	32.8836	32.8167	32.7666	33.2125	35.339
Sgr-AJol_059-Ex1-cssl.clmp.r1r2_fastp	36.5728	36.3282	36.4953	36.4657	36.5418	36.5142	36.5415	36.5211	36.548	36.5147	36.5446	36.5179	36.5355	36.5092	36.5268	36.5	36.5214	36.4987	36.5085	36.4747	36.4905	36.4546	36.4454	36.4125	36.4155	36.3746	36.3685	36.3394	36.3304	36.2939	36.2791	36.2511	36.2377	36.1997	36.1796	36.152	36.1283	36.101	36.0855	36.0568	36.0265	35.9994	35.9787	35.9588	35.9366	35.9223	35.896	35.8731	35.8557	35.8438	35.8256	35.8157	35.7836	35.7845	35.7413	35.7441	35.7116	35.7118	35.6725	35.6643	35.6426	35.6492	35.6045	35.5966	35.565	35.5731	35.5404	35.5243	35.485	35.4987	35.4483	35.433	35.3945	35.4006	35.3464	35.3565	35.3124	35.3243	35.2603	35.2522	35.2093	35.2204	35.1581	35.1504	35.1022	35.1031	35.0414	35.0599	35.0001	35.0245	34.9616	34.971	34.9151	34.9594	34.8767	34.8805	34.8118	34.8375	34.7685	34.8091	34.7396	34.7477	34.675	34.7045	34.6321	34.6594	34.5806	34.5983	34.5508	34.5689	34.4805	34.4839	34.4318	34.4398	34.4086	34.4042	34.3258	34.306	34.252	34.2412	34.1952	34.1919	34.15	34.1284	34.1199	34.1192	34.051	34.041	33.9503	33.8922	33.8843	33.8447	33.7913	33.7416	33.6967	33.6103	33.5803	33.5521	33.5402	33.4333	33.3687	33.199	33.142	32.9694	32.8894	32.7346	32.7072	32.656	33.1742	35.3283
Sgr-AJol_060-Ex1-cssl.clmp.r1r2_fastp	36.6057	36.3631	36.5073	36.4869	36.5453	36.5257	36.5423	36.5296	36.5485	36.5235	36.5421	36.5216	36.5349	36.5137	36.5248	36.5049	36.5208	36.504	36.5085	36.4809	36.4933	36.4622	36.449	36.4199	36.4213	36.385	36.3782	36.3559	36.3453	36.3145	36.299	36.2767	36.2663	36.2362	36.2154	36.1915	36.1677	36.1515	36.1383	36.1159	36.0838	36.062	36.0435	36.0282	36.0032	35.9936	35.9653	35.9524	35.9296	35.9201	35.9012	35.8957	35.8658	35.8652	35.8301	35.8292	35.7966	35.8033	35.7663	35.7599	35.7343	35.7478	35.7022	35.6968	35.6607	35.6752	35.6395	35.6326	35.588	35.6018	35.5554	35.5519	35.5026	35.5128	35.4589	35.4744	35.4305	35.4405	35.3817	35.3782	35.3352	35.3462	35.2867	35.2824	35.2306	35.2313	35.1713	35.1927	35.137	35.1561	35.0961	35.1035	35.0514	35.0821	35.0029	35.0083	34.9435	34.9636	34.8952	34.9239	34.8656	34.8683	34.7986	34.8229	34.7485	34.7723	34.6923	34.7109	34.6661	34.6716	34.5873	34.5966	34.5464	34.5594	34.5138	34.5151	34.4391	34.4177	34.3644	34.3327	34.2916	34.2778	34.238	34.2381	34.2012	34.2152	34.1358	34.1058	34.0332	33.9706	33.9511	33.9266	33.8679	33.8245	33.7557	33.682	33.659	33.6334	33.6047	33.5093	33.3951	33.2498	33.1612	33.0353	32.8984	32.7882	32.7418	32.6884	33.2121	35.3448
Sgr-AJol_061-Ex1-cssl.clmp.r1r2_fastp	36.681	36.4197	36.5349	36.5174	36.5658	36.5535	36.5554	36.5518	36.5593	36.5424	36.5483	36.5397	36.5423	36.5317	36.5327	36.5235	36.5275	36.5198	36.5157	36.5018	36.5043	36.4849	36.4688	36.452	36.443	36.4264	36.4098	36.4025	36.3884	36.3755	36.3561	36.3524	36.338	36.323	36.303	36.2934	36.2697	36.2695	36.2591	36.2563	36.228	36.226	36.2078	36.2086	36.1887	36.1891	36.1611	36.1636	36.1411	36.1442	36.1228	36.133	36.1039	36.1191	36.0809	36.0926	36.0609	36.0735	36.0388	36.0452	36.0211	36.041	36.0026	36.0142	35.9777	35.9945	35.9593	35.9609	35.9199	35.9397	35.9003	35.904	35.865	35.8778	35.8344	35.8479	35.8092	35.8209	35.7693	35.7682	35.7267	35.7458	35.6953	35.6944	35.654	35.6493	35.6039	35.6183	35.5684	35.5878	35.5351	35.5338	35.5	35.5212	35.4577	35.4534	35.3983	35.4171	35.3664	35.3846	35.3332	35.3306	35.2806	35.292	35.24	35.2568	35.1821	35.2028	35.1694	35.1692	35.0971	35.1081	35.0668	35.0619	35.0398	35.0326	34.9611	34.948	34.9117	34.8655	34.8468	34.8263	34.794	34.7752	34.7703	34.7736	34.7104	34.6898	34.6272	34.5878	34.5519	34.5237	34.4619	34.4376	34.3775	34.3023	34.2735	34.2655	34.2395	34.133	34.0491	33.9351	33.8503	33.7294	33.6313	33.5142	33.4705	33.4263	33.7645	35.5179
Sgr-AJol_062-Ex1-cssl.clmp.r1r2_fastp	36.6661	36.4012	36.5268	36.5113	36.5583	36.5456	36.5488	36.5434	36.5528	36.5322	36.5433	36.5329	36.5321	36.5204	36.5241	36.5121	36.5152	36.5078	36.5024	36.4851	36.4893	36.4683	36.4484	36.4292	36.4214	36.4012	36.3819	36.3733	36.3581	36.3443	36.3217	36.313	36.2942	36.2798	36.2557	36.2445	36.219	36.2156	36.2013	36.1953	36.1654	36.1612	36.1396	36.1367	36.1077	36.1088	36.0745	36.0744	36.0452	36.0493	36.0229	36.0317	35.9927	36.0104	35.9651	35.9763	35.9343	35.9491	35.9121	35.9132	35.8806	35.9043	35.8578	35.8674	35.8238	35.8413	35.7931	35.7963	35.7475	35.7683	35.7193	35.723	35.6775	35.6917	35.6356	35.6565	35.6075	35.6279	35.564	35.5705	35.5194	35.5422	35.4855	35.4885	35.4361	35.4437	35.3818	35.4034	35.3474	35.3788	35.3171	35.3255	35.2751	35.3157	35.2309	35.24	35.1839	35.2169	35.1485	35.1699	35.1117	35.1253	35.0537	35.0849	35.0154	35.0359	34.9796	34.9864	34.9461	34.957	34.8804	34.8917	34.8442	34.8626	34.8329	34.8256	34.7555	34.7347	34.6906	34.6728	34.6387	34.6297	34.6033	34.5826	34.5738	34.5796	34.5175	34.4838	34.4122	34.3805	34.3429	34.3267	34.2619	34.2518	34.1773	34.1078	34.0749	34.0559	34.0443	33.934	33.8425	33.7263	33.6269	33.5091	33.4096	33.3154	33.2619	33.2006	33.5477	35.44
Sgr-AJol_063-Ex1-cssl.clmp.r1r2_fastp	36.6712	36.3976	36.5267	36.5113	36.5585	36.5449	36.5508	36.5446	36.5546	36.5335	36.5437	36.5315	36.5348	36.5248	36.5267	36.5153	36.5201	36.5136	36.5061	36.4929	36.495	36.4741	36.4563	36.4385	36.4302	36.4097	36.3932	36.3832	36.3661	36.3548	36.3322	36.3283	36.3102	36.2974	36.2734	36.2651	36.2399	36.2392	36.2262	36.2208	36.1925	36.1921	36.1743	36.1727	36.15	36.1511	36.1235	36.1243	36.0992	36.106	36.0813	36.0963	36.0631	36.0778	36.0435	36.0503	36.0164	36.0319	36.0001	36.0074	35.9822	36.0045	35.968	35.9755	35.9405	35.9593	35.9211	35.9246	35.886	35.9088	35.8709	35.8732	35.8329	35.8521	35.8068	35.8216	35.7782	35.7968	35.7411	35.7438	35.7089	35.7243	35.6745	35.675	35.6333	35.6375	35.5807	35.5971	35.5523	35.5736	35.5257	35.5273	35.4896	35.5141	35.447	35.4509	35.3932	35.4164	35.363	35.3845	35.3349	35.338	35.2843	35.3022	35.2427	35.2616	35.2047	35.2119	35.1787	35.1823	35.1125	35.1226	35.0837	35.0841	35.0636	35.0556	34.9789	34.9675	34.9274	34.9043	34.8691	34.8615	34.8239	34.8114	34.8105	34.8065	34.7517	34.7298	34.6605	34.6126	34.5865	34.5629	34.5165	34.46	34.4175	34.3444	34.2963	34.2966	34.2617	34.1916	34.0917	33.9588	33.892	33.7435	33.6737	33.5921	33.4967	33.4387	33.7808	35.521
Sgr-AJol_064-Ex1-cssl.clmp.r1r2_fastp	36.6766	36.4077	36.5306	36.5146	36.5603	36.5475	36.5523	36.5466	36.5555	36.5387	36.5461	36.5366	36.5404	36.526	36.5313	36.5189	36.5237	36.5165	36.5109	36.4952	36.5	36.478	36.4623	36.4447	36.4374	36.4163	36.4011	36.3915	36.3766	36.3616	36.3422	36.3381	36.3221	36.3069	36.2861	36.2789	36.2531	36.2548	36.2392	36.2349	36.2101	36.209	36.1883	36.1874	36.1666	36.1675	36.1388	36.1396	36.1155	36.1209	36.1006	36.1123	36.0844	36.0968	36.0617	36.0688	36.0401	36.055	36.0227	36.0272	36.0061	36.0266	35.9917	36.0045	35.9699	35.9827	35.9524	35.9549	35.9183	35.9361	35.9065	35.9057	35.8719	35.8864	35.8443	35.8579	35.8255	35.8405	35.7931	35.793	35.7628	35.7785	35.7301	35.7336	35.6967	35.6966	35.654	35.6676	35.6218	35.6411	35.5934	35.596	35.5644	35.5899	35.5336	35.5358	35.4908	35.4963	35.4481	35.4661	35.4303	35.4209	35.378	35.3824	35.3415	35.3563	35.3017	35.3084	35.2723	35.2756	35.2145	35.2244	35.1829	35.1742	35.1701	35.1512	35.0938	35.0669	35.0385	34.9978	34.9784	34.9603	34.9296	34.9218	34.912	34.9034	34.85	34.8065	34.7387	34.6905	34.6856	34.6547	34.5972	34.5633	34.5217	34.4235	34.3896	34.3615	34.3509	34.2638	34.1766	34.048	33.9703	33.8369	33.7616	33.633	33.5757	33.5043	33.8137	35.5601
Sgr-AJol_066-Ex1-cssl.clmp.r1r2_fastp	36.6817	36.4091	36.5243	36.5117	36.5561	36.5446	36.5465	36.5414	36.5494	36.5296	36.5391	36.5285	36.5297	36.518	36.5225	36.5104	36.514	36.5041	36.5001	36.4857	36.487	36.4662	36.448	36.4265	36.4196	36.3991	36.3816	36.3714	36.3547	36.342	36.3198	36.3134	36.2965	36.2813	36.2568	36.2495	36.2218	36.222	36.2066	36.2031	36.172	36.1709	36.1496	36.1499	36.1246	36.125	36.0937	36.0959	36.0677	36.0731	36.0469	36.0639	36.0252	36.0415	35.9997	36.0108	35.9745	35.9904	35.9506	35.9564	35.9282	35.9499	35.906	35.92	35.8756	35.8964	35.853	35.8609	35.8077	35.8324	35.7874	35.793	35.7429	35.7623	35.7087	35.7308	35.679	35.7028	35.6334	35.6396	35.5889	35.6109	35.549	35.5581	35.498	35.5115	35.4478	35.4688	35.4	35.4323	35.3626	35.3795	35.3233	35.3585	35.2845	35.2923	35.2222	35.2476	35.176	35.2151	35.1414	35.1499	35.0851	35.1131	35.0378	35.0586	34.992	35.0073	34.9553	34.9648	34.8863	34.9049	34.8462	34.8667	34.8234	34.8262	34.7388	34.7346	34.6766	34.6542	34.6212	34.6153	34.5668	34.5732	34.5384	34.5538	34.4794	34.4574	34.3846	34.3448	34.3092	34.3025	34.2342	34.2041	34.1284	34.0701	34.0116	34.0028	33.9661	33.9138	33.7817	33.6729	33.5792	33.4546	33.3259	33.2407	33.1535	33.1358	33.4774	35.45
Sgr-AJol_067-Ex1-cssl.clmp.r1r2_fastp	36.6068	36.3061	36.4744	36.4479	36.5194	36.4937	36.5129	36.4945	36.5176	36.4839	36.5049	36.4831	36.4989	36.476	36.4885	36.468	36.4803	36.4643	36.4658	36.44	36.4503	36.419	36.4034	36.3749	36.3706	36.3402	36.328	36.3068	36.2934	36.2662	36.2453	36.227	36.2103	36.1828	36.1585	36.1395	36.1104	36.0984	36.0814	36.0658	36.0307	36.0184	35.995	35.9839	35.9593	35.9508	35.9165	35.9095	35.8829	35.8814	35.8574	35.8636	35.8273	35.8366	35.7933	35.7982	35.7603	35.7714	35.7288	35.7294	35.7006	35.7167	35.6706	35.6756	35.6317	35.6488	35.6077	35.6003	35.555	35.5716	35.5239	35.521	35.4756	35.4867	35.4335	35.4474	35.402	35.412	35.3533	35.3437	35.3043	35.3151	35.2547	35.2537	35.2081	35.204	35.1499	35.1658	35.1086	35.1301	35.0669	35.0702	35.0297	35.0562	34.9852	34.9812	34.932	34.9469	34.8913	34.9183	34.86	34.8581	34.8001	34.8224	34.7598	34.7788	34.7098	34.7286	34.6882	34.698	34.6191	34.6368	34.5836	34.5931	34.5737	34.5703	34.493	34.4783	34.4323	34.4032	34.3815	34.3749	34.3342	34.3283	34.3166	34.3263	34.2627	34.2401	34.1714	34.1239	34.1049	34.0828	34.0324	33.9952	33.9414	33.8873	33.8334	33.8342	33.8033	33.7285	33.6302	33.4969	33.4181	33.2826	33.1766	33.0683	33.0076	32.9938	33.4107	35.4256
Sgr-AJol_068-Ex1-cssl.clmp.r1r2_fastp	36.5845	36.3204	36.4865	36.4646	36.5353	36.5116	36.529	36.5109	36.5328	36.5003	36.5228	36.5007	36.5191	36.4933	36.5081	36.4871	36.5033	36.483	36.489	36.4606	36.4731	36.442	36.4291	36.3997	36.3966	36.3644	36.3535	36.3325	36.3199	36.2886	36.2735	36.2547	36.2359	36.209	36.1856	36.1624	36.1355	36.118	36.1073	36.0834	36.0552	36.0346	36.017	36.0031	35.9794	35.9686	35.9419	35.9243	35.9047	35.8974	35.8813	35.8808	35.8474	35.8489	35.8153	35.8097	35.7854	35.7834	35.7523	35.7428	35.7275	35.7362	35.7021	35.6958	35.666	35.6747	35.6415	35.6256	35.5993	35.6054	35.5704	35.5567	35.5263	35.5311	35.4861	35.4882	35.4613	35.463	35.4164	35.3983	35.3764	35.3833	35.3284	35.322	35.2899	35.2775	35.2346	35.2453	35.1974	35.213	35.1633	35.1537	35.1291	35.1569	35.0914	35.0808	35.0409	35.0525	35.0043	35.0204	34.9762	34.9689	34.9171	34.9223	34.8739	34.887	34.8265	34.8366	34.8021	34.7975	34.7321	34.7324	34.6943	34.6935	34.6773	34.6611	34.5959	34.5669	34.5246	34.5024	34.476	34.4587	34.4213	34.4083	34.412	34.4022	34.3398	34.3166	34.2425	34.1785	34.1669	34.1495	34.0741	34.0333	33.9849	33.9102	33.8511	33.8468	33.8376	33.7138	33.633	33.5054	33.4239	33.2648	33.178	33.0458	33.0169	32.951	33.3819	35.4122
Sgr-AJol_069-Ex1-cssl.clmp.r1r2_fastp	36.5348	36.2288	36.4224	36.3984	36.479	36.454	36.4757	36.4564	36.4833	36.4467	36.4696	36.4465	36.4666	36.4434	36.4544	36.4325	36.4503	36.4288	36.4337	36.3996	36.4162	36.3773	36.3642	36.3299	36.3318	36.2903	36.2804	36.2543	36.2417	36.2086	36.1859	36.1637	36.1483	36.1119	36.0875	36.0617	36.0267	36.0118	35.9917	35.9695	35.9305	35.9081	35.8797	35.8648	35.8344	35.8251	35.7837	35.767	35.7435	35.7374	35.7106	35.7107	35.6719	35.6745	35.6285	35.6311	35.589	35.5969	35.5506	35.5487	35.5211	35.536	35.49	35.4891	35.4459	35.4627	35.4164	35.4127	35.3649	35.387	35.3402	35.3368	35.2986	35.3121	35.2591	35.2799	35.2368	35.2565	35.1931	35.1928	35.1553	35.1808	35.1189	35.1209	35.0837	35.0847	35.0344	35.0558	35.0097	35.0398	34.9845	34.9868	34.9613	34.993	34.9278	34.9236	34.8874	34.9053	34.8533	34.8845	34.8429	34.843	34.7987	34.8112	34.7712	34.7906	34.7381	34.7478	34.7326	34.7362	34.6765	34.6812	34.6558	34.6674	34.6602	34.6482	34.5917	34.5823	34.5536	34.5261	34.5134	34.5099	34.4807	34.4719	34.4886	34.4909	34.4435	34.4124	34.3607	34.3256	34.3159	34.2977	34.2748	34.2268	34.1938	34.1237	34.1081	34.1024	34.0882	34.0171	33.9457	33.8324	33.7866	33.641	33.5828	33.4834	33.4401	33.3885	33.766	35.5085
Sgr-AJol_070-Ex1-cssl.clmp.r1r2_fastp	36.5358	36.2475	36.4544	36.4221	36.5144	36.4793	36.507	36.4837	36.5141	36.4754	36.5019	36.4764	36.4958	36.4703	36.4856	36.4653	36.4795	36.4567	36.4657	36.4353	36.4479	36.4096	36.3994	36.3635	36.3652	36.3231	36.3146	36.285	36.2713	36.2414	36.22	36.1906	36.1751	36.1364	36.1152	36.088	36.0581	36.0418	36.0221	35.9994	35.9693	35.9467	35.9222	35.9018	35.8844	35.8678	35.8371	35.8234	35.801	35.7945	35.7755	35.7746	35.7437	35.7487	35.7086	35.7048	35.6759	35.6783	35.6482	35.643	35.6247	35.634	35.598	35.5941	35.5595	35.5727	35.53	35.5245	35.4906	35.5015	35.4662	35.4511	35.4213	35.4244	35.3842	35.394	35.353	35.3613	35.315	35.3013	35.2694	35.2822	35.2283	35.224	35.1892	35.1805	35.1278	35.1493	35.1051	35.1284	35.0855	35.0804	35.0385	35.0748	35.0084	35.004	34.9601	34.9685	34.9162	34.9548	34.9017	34.9122	34.8521	34.8682	34.8201	34.8295	34.7768	34.7827	34.7508	34.7584	34.6909	34.6846	34.6521	34.6616	34.6462	34.6444	34.5715	34.5541	34.5208	34.4833	34.4699	34.4452	34.4201	34.3876	34.3897	34.3857	34.3461	34.2914	34.2489	34.1875	34.1799	34.1449	34.1026	34.0528	34.0217	33.9366	33.8818	33.8874	33.8386	33.7731	33.6736	33.5308	33.4539	33.2928	33.208	33.0994	33.0331	32.9673	33.4008	35.4126
Sgr-AJol_071-Ex1-cssl.clmp.r1r2_fastp	36.6296	36.3624	36.5013	36.4839	36.5409	36.5229	36.5322	36.5246	36.5401	36.5133	36.5285	36.5142	36.5239	36.5055	36.5144	36.4988	36.5082	36.4933	36.4953	36.4732	36.4794	36.4521	36.4399	36.411	36.4093	36.382	36.3694	36.3506	36.3391	36.3165	36.2967	36.2821	36.2707	36.2465	36.2264	36.2061	36.1791	36.1699	36.1585	36.1437	36.1161	36.1035	36.084	36.0767	36.0514	36.0442	36.0164	36.0056	35.9865	35.9856	35.964	35.9712	35.939	35.9479	35.9111	35.9127	35.8816	35.8896	35.8545	35.8494	35.8329	35.8422	35.807	35.8082	35.7789	35.7861	35.752	35.7463	35.7113	35.7234	35.6849	35.6785	35.6461	35.6511	35.6052	35.611	35.5853	35.591	35.5436	35.5325	35.5065	35.5102	35.4662	35.4582	35.4239	35.4128	35.3715	35.3784	35.3395	35.3517	35.317	35.3023	35.2867	35.2914	35.2481	35.2335	35.1982	35.2004	35.1641	35.1748	35.1451	35.1266	35.087	35.0885	35.0586	35.0496	35.011	35.0073	34.9837	34.9769	34.923	34.9041	34.8943	34.8837	34.8688	34.8516	34.799	34.7702	34.7494	34.6928	34.6815	34.6568	34.6463	34.6183	34.6235	34.5958	34.565	34.526	34.4598	34.407	34.4085	34.3613	34.3291	34.2735	34.2396	34.1502	34.1264	34.0933	34.0983	33.9995	33.9093	33.7764	33.7406	33.5698	33.5122	33.3742	33.3495	33.2744	33.6883	35.5039
Sgr-AJol_072-Ex1-cssl.clmp.r1r2_fastp	36.6177	36.3522	36.5001	36.4828	36.5415	36.5247	36.5352	36.5253	36.5407	36.5151	36.5289	36.512	36.5228	36.5055	36.5124	36.4986	36.5079	36.4934	36.4926	36.4702	36.478	36.4512	36.4353	36.4098	36.4053	36.3736	36.3628	36.3443	36.3318	36.3081	36.2886	36.2715	36.2581	36.2307	36.2087	36.189	36.1608	36.1507	36.137	36.1194	36.0869	36.0729	36.0517	36.038	36.0146	36.006	35.9744	35.9642	35.9385	35.937	35.9154	35.9192	35.8883	35.8924	35.8513	35.8549	35.8217	35.828	35.7903	35.7883	35.7665	35.779	35.7383	35.7424	35.7045	35.7169	35.6814	35.6796	35.636	35.6537	35.6157	35.6115	35.57	35.5806	35.5368	35.5487	35.5079	35.5194	35.4643	35.4677	35.4225	35.4431	35.3876	35.3906	35.3479	35.3477	35.2956	35.3155	35.269	35.29	35.2405	35.2491	35.2124	35.2381	35.1774	35.1759	35.1347	35.1457	35.0983	35.1208	35.0728	35.0724	35.0187	35.0441	34.9908	35.0023	34.9468	34.9604	34.9245	34.9278	34.8648	34.8749	34.8436	34.8484	34.8225	34.8215	34.7596	34.7332	34.7073	34.6687	34.6582	34.6366	34.6147	34.5975	34.6047	34.6044	34.5458	34.5148	34.457	34.4094	34.4013	34.3715	34.334	34.2921	34.2356	34.1856	34.1424	34.1378	34.115	34.0272	33.9561	33.8228	33.7637	33.6277	33.5619	33.4549	33.3944	33.3459	33.7319	35.5141
Sgr-AJol_073-Ex1-cssl.clmp.r1r2_fastp	36.6601	36.4071	36.5223	36.507	36.5586	36.5435	36.5481	36.5449	36.5604	36.5411	36.5526	36.5388	36.5439	36.5295	36.5359	36.5207	36.5307	36.5173	36.5198	36.4981	36.5078	36.484	36.4707	36.4499	36.446	36.4207	36.4101	36.3974	36.3823	36.3663	36.3458	36.3341	36.325	36.3018	36.284	36.2694	36.2493	36.2372	36.2295	36.2145	36.189	36.1804	36.1627	36.1546	36.1353	36.1299	36.1033	36.1001	36.0791	36.0765	36.0548	36.0569	36.0291	36.0368	36.0056	36.0051	35.978	35.9878	35.9503	35.951	35.9315	35.9409	35.901	35.9062	35.873	35.8851	35.8536	35.8508	35.8142	35.8195	35.7851	35.7777	35.7369	35.7455	35.6997	35.7087	35.6716	35.6779	35.627	35.6252	35.5879	35.5907	35.5406	35.5314	35.4916	35.4816	35.4278	35.4461	35.3991	35.414	35.3595	35.3571	35.3179	35.334	35.2698	35.2595	35.2181	35.2167	35.1733	35.1872	35.1417	35.1294	35.0767	35.0833	35.0197	35.0201	34.965	34.9759	34.9345	34.9381	34.8722	34.8772	34.824	34.8153	34.8042	34.7664	34.7	34.6673	34.6249	34.604	34.5789	34.5478	34.5107	34.4999	34.4906	34.4816	34.4189	34.3725	34.3171	34.238	34.2465	34.2013	34.1492	34.0859	34.0498	33.9776	33.9166	33.8869	33.8748	33.7667	33.6869	33.5446	33.4824	33.3234	33.2315	33.1373	33.0693	32.9878	33.4025	35.4273
Sgr-AJol_074-Ex1-cssl.clmp.r1r2_fastp	36.6618	36.392	36.5072	36.4941	36.5387	36.5277	36.5304	36.5305	36.5366	36.5218	36.5312	36.5196	36.5173	36.5053	36.5088	36.4998	36.5022	36.4934	36.4889	36.4744	36.4781	36.4561	36.44	36.4191	36.4115	36.3899	36.3736	36.3624	36.3445	36.3326	36.3083	36.2995	36.2865	36.2703	36.2459	36.2379	36.2092	36.2075	36.1937	36.1843	36.155	36.1512	36.1305	36.1255	36.1047	36.1032	36.0729	36.0718	36.0434	36.0466	36.0152	36.0283	35.9934	36.005	35.968	35.9735	35.9392	35.9541	35.9158	35.9171	35.888	35.9102	35.8621	35.8708	35.8291	35.8474	35.8053	35.8133	35.7642	35.7875	35.7387	35.7379	35.6946	35.7112	35.6582	35.6783	35.6304	35.6533	35.5978	35.6016	35.5605	35.5789	35.5224	35.526	35.4801	35.4868	35.4321	35.4523	35.4097	35.4381	35.3759	35.3859	35.3468	35.3693	35.3059	35.3128	35.2563	35.2801	35.2282	35.2517	35.207	35.2075	35.1608	35.1701	35.1272	35.1336	35.0853	35.0851	35.0715	35.0627	35.0126	35.015	34.9903	34.9893	34.9752	34.9602	34.9166	34.885	34.8549	34.8234	34.8113	34.7913	34.7776	34.7599	34.7721	34.759	34.7121	34.686	34.6353	34.5709	34.583	34.5549	34.5202	34.4632	34.4279	34.3531	34.3355	34.3117	34.2925	34.2159	34.1416	34.0193	33.9427	33.8125	33.739	33.6478	33.6058	33.5714	33.8827	35.5523
Sgr-AJol_075-Ex1-cssl.clmp.r1r2_fastp	36.6598	36.3947	36.5153	36.4982	36.5492	36.5357	36.5408	36.5372	36.5481	36.5319	36.5447	36.5308	36.5302	36.5163	36.5218	36.5114	36.517	36.5068	36.5052	36.4903	36.491	36.4732	36.4565	36.4349	36.4266	36.4051	36.3901	36.3766	36.3645	36.3481	36.3259	36.3205	36.3051	36.2893	36.2668	36.2578	36.2309	36.2292	36.2134	36.2075	36.1762	36.1732	36.1509	36.1513	36.1292	36.1297	36.0995	36.0989	36.0741	36.0799	36.0526	36.0627	36.0274	36.0417	36.004	36.0184	35.9825	36.0016	35.963	35.9728	35.9409	35.9584	35.9188	35.9296	35.892	35.911	35.8717	35.8813	35.8376	35.8581	35.8158	35.8174	35.776	35.7876	35.7394	35.7599	35.7151	35.7344	35.6852	35.6856	35.6478	35.6623	35.6102	35.6087	35.56	35.5671	35.517	35.5354	35.4883	35.5102	35.4567	35.463	35.4242	35.4475	35.385	35.3811	35.3361	35.3526	35.3066	35.326	35.2831	35.2768	35.2337	35.2524	35.1905	35.2001	35.1487	35.1511	35.1282	35.131	35.0703	35.0733	35.0418	35.033	35.0255	35.0067	34.9531	34.9259	34.8912	34.8646	34.8447	34.8335	34.7984	34.7879	34.7831	34.7768	34.7318	34.7062	34.65	34.5855	34.5803	34.5465	34.5193	34.4602	34.4152	34.3532	34.3163	34.2998	34.2915	34.1952	34.1234	33.9805	33.9486	33.7884	33.7556	33.6052	33.5895	33.4931	33.8842	35.5463
Sgr-AJol_076-Ex1-cssl.clmp.r1r2_fastp	36.5816	36.319	36.4776	36.4516	36.5224	36.4976	36.5194	36.5029	36.5292	36.5024	36.5259	36.4997	36.5167	36.4887	36.5061	36.4813	36.499	36.4764	36.4843	36.456	36.4723	36.437	36.4273	36.394	36.3929	36.3565	36.3493	36.321	36.3139	36.2791	36.2631	36.2361	36.2264	36.1931	36.1734	36.1462	36.1185	36.1002	36.0865	36.0584	36.0279	36.0061	35.9847	35.9714	35.9451	35.9284	35.9038	35.8844	35.8653	35.8534	35.8332	35.8263	35.7942	35.7909	35.7574	35.7502	35.7267	35.722	35.6981	35.6782	35.6616	35.6638	35.6235	35.6143	35.5864	35.5924	35.5636	35.548	35.5178	35.5214	35.4846	35.4724	35.437	35.4376	35.3943	35.3983	35.3647	35.3699	35.3226	35.3034	35.2741	35.2779	35.229	35.2114	35.18	35.1659	35.123	35.1281	35.0939	35.1042	35.0572	35.0501	35.0165	35.0421	34.9805	34.9694	34.9299	34.9328	34.8878	34.9034	34.8624	34.8525	34.8034	34.8172	34.7563	34.7735	34.7208	34.7173	34.6962	34.6962	34.6301	34.6306	34.5939	34.5947	34.583	34.555	34.4943	34.4769	34.4389	34.3936	34.3835	34.3677	34.3345	34.3005	34.3107	34.3014	34.2582	34.212	34.1583	34.0985	34.0825	34.0519	34.0103	33.9588	33.913	33.8268	33.8125	33.7667	33.759	33.6548	33.589	33.4342	33.3688	33.1887	33.1322	32.9922	32.9392	32.8785	33.3572	35.396
Sgr-AJol_077-Ex1-cssl.clmp.r1r2_fastp	36.611	36.3448	36.4894	36.4683	36.5296	36.5121	36.5254	36.517	36.534	36.5107	36.5297	36.5089	36.5188	36.4999	36.509	36.4885	36.5034	36.4849	36.4928	36.4632	36.474	36.4457	36.4305	36.4025	36.4012	36.3692	36.3575	36.336	36.3214	36.2942	36.2753	36.2563	36.2414	36.2154	36.1948	36.1714	36.1462	36.132	36.1127	36.0958	36.0616	36.0461	36.0218	36.0094	35.9849	35.9753	35.9456	35.932	35.9075	35.8997	35.8729	35.8728	35.8387	35.8438	35.805	35.8047	35.7707	35.7757	35.7373	35.7291	35.7039	35.7131	35.6697	35.668	35.6289	35.643	35.6044	35.6001	35.5538	35.572	35.5265	35.5165	35.4725	35.4802	35.4292	35.4437	35.4	35.4138	35.3537	35.3476	35.3067	35.3204	35.259	35.2545	35.2046	35.2008	35.1498	35.1595	35.1143	35.1363	35.0799	35.0795	35.0414	35.0689	34.9905	34.989	34.9336	34.9512	34.8983	34.9261	34.8713	34.872	34.8077	34.8262	34.7638	34.783	34.7102	34.7277	34.6911	34.7013	34.6296	34.6363	34.6019	34.5935	34.5748	34.5523	34.489	34.465	34.4297	34.3969	34.3736	34.3544	34.3311	34.3067	34.301	34.2932	34.2372	34.2056	34.1538	34.0784	34.0709	34.0417	34.0102	33.9591	33.9141	33.8181	33.801	33.7653	33.7452	33.6501	33.5837	33.4279	33.3607	33.2132	33.1274	32.9974	32.9664	32.8938	33.3403	35.3962
Sgr-AJol_078-Ex1-cssl.clmp.r1r2_fastp	36.5957	36.3096	36.463	36.4432	36.5077	36.486	36.5032	36.4934	36.5131	36.4878	36.5062	36.4848	36.4983	36.4736	36.4857	36.4655	36.4798	36.463	36.4665	36.4393	36.4521	36.4201	36.4073	36.3745	36.373	36.3381	36.3287	36.3019	36.2898	36.2623	36.2416	36.2226	36.2067	36.1773	36.1516	36.1301	36.099	36.0869	36.0645	36.0472	36.0093	35.9935	35.9666	35.9537	35.9242	35.9152	35.8809	35.8685	35.8416	35.8352	35.8087	35.8076	35.7692	35.7709	35.7279	35.7301	35.6941	35.6982	35.6547	35.6502	35.6201	35.6334	35.582	35.583	35.5341	35.5522	35.5053	35.5076	35.4542	35.4777	35.4219	35.4156	35.3656	35.3769	35.3189	35.3313	35.2863	35.2989	35.2346	35.2333	35.1822	35.2041	35.1349	35.1291	35.0694	35.081	35.0163	35.0386	34.9805	35.0102	34.9463	34.9495	34.906	34.9405	34.8539	34.8558	34.7965	34.8191	34.754	34.7903	34.7324	34.7361	34.6788	34.7033	34.6401	34.6492	34.5871	34.5992	34.5629	34.5777	34.4953	34.5103	34.4734	34.4839	34.4599	34.4476	34.3751	34.3595	34.3226	34.2965	34.2784	34.2691	34.2296	34.2221	34.2187	34.2336	34.1606	34.1344	34.0741	34.0166	34.021	33.9819	33.9426	33.9039	33.8593	33.8	33.7446	33.7425	33.7144	33.6367	33.542	33.4062	33.344	33.1873	33.1069	33.0012	32.9371	32.9079	33.3311	35.3833
Sgr-AJol_079-Ex1-cssl.clmp.r1r2_fastp	36.6046	36.3184	36.4744	36.4469	36.517	36.4916	36.5106	36.4952	36.5195	36.4923	36.5154	36.4902	36.5055	36.4786	36.4946	36.4705	36.487	36.4683	36.4751	36.4449	36.4607	36.4267	36.4192	36.3847	36.3872	36.3506	36.3422	36.3163	36.3085	36.2797	36.2593	36.2397	36.2255	36.1968	36.1784	36.155	36.1266	36.1109	36.0933	36.0753	36.0426	36.0235	36.0003	35.9889	35.9651	35.9551	35.9234	35.9099	35.882	35.8778	35.8503	35.8545	35.8148	35.8195	35.7788	35.7821	35.7448	35.7527	35.7093	35.7052	35.6763	35.6872	35.6379	35.6372	35.5935	35.6114	35.5673	35.5653	35.5148	35.5303	35.4805	35.4718	35.4261	35.4305	35.3802	35.392	35.3448	35.3547	35.2934	35.2915	35.2473	35.2584	35.1963	35.1907	35.1375	35.1384	35.0778	35.0999	35.0453	35.0701	35.0106	35.0113	34.966	34.9957	34.9208	34.9195	34.866	34.8858	34.8299	34.8616	34.8038	34.8059	34.75	34.7684	34.6978	34.7255	34.6538	34.6766	34.6344	34.6393	34.5673	34.5852	34.5437	34.5598	34.5343	34.512	34.4458	34.4385	34.4019	34.3668	34.3433	34.325	34.2912	34.2907	34.2778	34.2944	34.2307	34.2039	34.1394	34.0883	34.0792	34.0558	34.0249	33.9651	33.923	33.8536	33.8292	33.7979	33.7705	33.7104	33.625	33.4856	33.3894	33.2552	33.166	33.0519	33.001	32.9576	33.3773	35.378
Sgr-AJol_080-Ex1-cssl.clmp.r1r2_fastp	36.6304	36.3468	36.4825	36.4626	36.5221	36.5031	36.516	36.5087	36.5261	36.5048	36.5232	36.5023	36.5122	36.4911	36.5019	36.484	36.4972	36.4797	36.4814	36.4588	36.4699	36.4406	36.4289	36.4026	36.3994	36.3688	36.356	36.3374	36.3281	36.3008	36.283	36.269	36.2574	36.2329	36.2135	36.1946	36.1668	36.1568	36.143	36.1263	36.0968	36.0847	36.064	36.0528	36.0308	36.0252	35.9941	35.9855	35.9615	35.9604	35.9345	35.9389	35.9069	35.9084	35.872	35.8746	35.847	35.8522	35.8143	35.8138	35.7844	35.7955	35.7586	35.756	35.72	35.7328	35.6997	35.6897	35.6559	35.6672	35.6294	35.6179	35.5819	35.5852	35.5423	35.5485	35.5153	35.5241	35.4779	35.4667	35.429	35.4376	35.3902	35.3812	35.3417	35.3323	35.2856	35.2978	35.2594	35.2731	35.2321	35.2314	35.1984	35.2096	35.1543	35.1387	35.1035	35.1105	35.0711	35.0855	35.0534	35.0405	35.0049	35.0109	34.9597	34.9627	34.9149	34.9153	34.9004	34.8946	34.8493	34.8389	34.8191	34.8127	34.8084	34.7795	34.7284	34.6967	34.6776	34.6408	34.6305	34.6118	34.6053	34.5754	34.5911	34.5746	34.5371	34.4965	34.4504	34.3932	34.3963	34.358	34.3231	34.2792	34.2522	34.1596	34.1493	34.1189	34.1073	34.0257	33.952	33.8068	33.7685	33.6316	33.5649	33.4392	33.4216	33.3546	33.7459	35.5192
Sgr-AJol_081-Ex1-cssl.clmp.r1r2_fastp	36.6622	36.4088	36.5158	36.4981	36.5493	36.5346	36.5416	36.5359	36.5492	36.5295	36.5432	36.5278	36.5336	36.513	36.5246	36.5083	36.5179	36.5035	36.5051	36.4848	36.4925	36.4675	36.4542	36.4295	36.4264	36.3969	36.386	36.372	36.3548	36.336	36.3164	36.3044	36.2922	36.2713	36.2495	36.2373	36.2062	36.2033	36.1831	36.176	36.1404	36.1346	36.1089	36.1085	36.0751	36.0802	36.0388	36.0433	36.0065	36.0146	35.9786	35.9926	35.9463	35.9634	35.9152	35.9297	35.8835	35.9052	35.8511	35.8636	35.8194	35.8468	35.7855	35.8025	35.7485	35.775	35.7207	35.7334	35.6695	35.7013	35.6423	35.652	35.5825	35.6106	35.5474	35.572	35.5068	35.5384	35.4655	35.4779	35.4158	35.4424	35.3692	35.3791	35.3105	35.3284	35.2548	35.2835	35.2204	35.2563	35.189	35.2016	35.141	35.1839	35.1009	35.1084	35.0369	35.0756	35.0092	35.0357	34.979	34.98	34.9194	34.9474	34.8715	34.8994	34.8289	34.8429	34.7936	34.8166	34.7397	34.755	34.7022	34.7121	34.6843	34.678	34.6001	34.59	34.5493	34.5253	34.5001	34.4803	34.449	34.4397	34.4359	34.4307	34.3647	34.3474	34.2822	34.2367	34.2247	34.1876	34.1425	34.0961	34.0697	33.9997	33.9512	33.938	33.91	33.8291	33.7533	33.602	33.5714	33.3939	33.3337	33.2062	33.1704	33.1067	33.5361	35.4573
Sgr-AJol_082-Ex1-cssl.clmp.r1r2_fastp	36.6362	36.3636	36.4973	36.4766	36.5359	36.518	36.5317	36.5214	36.5391	36.5167	36.5339	36.5148	36.5257	36.5028	36.5157	36.4975	36.5092	36.4934	36.4956	36.4728	36.4826	36.4536	36.4436	36.4156	36.4129	36.3819	36.3717	36.3511	36.3386	36.3144	36.296	36.2799	36.2673	36.2441	36.2222	36.2074	36.1792	36.1712	36.1525	36.1413	36.1072	36.0985	36.0745	36.0699	36.0449	36.0427	36.0101	36.0066	35.9774	35.9847	35.9533	35.9631	35.9246	35.9359	35.8921	35.9023	35.8653	35.8821	35.8376	35.8422	35.8088	35.8296	35.7773	35.7869	35.744	35.7671	35.721	35.7291	35.6766	35.7038	35.6507	35.6504	35.6005	35.6197	35.5628	35.5794	35.5323	35.5527	35.4904	35.4903	35.4478	35.4623	35.4012	35.4024	35.3481	35.3584	35.2944	35.3202	35.2607	35.2951	35.2308	35.2403	35.1889	35.2218	35.1523	35.1492	35.0905	35.1147	35.0573	35.0855	35.0354	35.0351	34.9739	34.9927	34.9397	34.955	34.8976	34.9017	34.875	34.8728	34.8105	34.8096	34.7792	34.7701	34.7583	34.7517	34.6844	34.6548	34.6306	34.5907	34.5736	34.5557	34.5299	34.5197	34.5136	34.5092	34.4704	34.4297	34.3788	34.3183	34.3103	34.2936	34.2478	34.1938	34.1635	34.0859	34.0539	34.0125	34.0201	33.9221	33.8316	33.7076	33.6705	33.4933	33.4245	33.2934	33.2482	33.2133	33.6245	35.4675
Sgr-AJol_083-Ex1-cssl.clmp.r1r2_fastp	36.645	36.388	36.5102	36.4927	36.546	36.5291	36.5409	36.5331	36.5482	36.5287	36.5422	36.5262	36.5341	36.5149	36.5236	36.5074	36.5195	36.5039	36.5047	36.484	36.4912	36.4658	36.4559	36.4291	36.4256	36.3974	36.3849	36.3686	36.3547	36.3342	36.315	36.3034	36.2894	36.266	36.2477	36.2305	36.2067	36.1971	36.1804	36.169	36.1376	36.127	36.1075	36.1019	36.0766	36.072	36.0421	36.0373	36.0129	36.0138	35.9877	35.9933	35.961	35.97	35.9311	35.9361	35.9076	35.9154	35.8788	35.8778	35.8508	35.8648	35.8224	35.8266	35.7894	35.8044	35.7704	35.7689	35.7306	35.7466	35.7059	35.7036	35.6612	35.672	35.6219	35.6344	35.5947	35.6086	35.5582	35.5568	35.5192	35.5315	35.4784	35.4734	35.4337	35.4341	35.3865	35.4032	35.3591	35.3787	35.3283	35.3316	35.2941	35.3167	35.257	35.2534	35.2041	35.2239	35.1699	35.1969	35.1547	35.148	35.0992	35.1184	35.0637	35.0809	35.0238	35.0317	35.003	35.0072	34.9493	34.9506	34.9131	34.9224	34.9051	34.891	34.8256	34.814	34.7788	34.7545	34.7359	34.7157	34.6945	34.6858	34.6806	34.6808	34.6287	34.6076	34.5462	34.5004	34.4889	34.4657	34.4266	34.3746	34.34	34.2575	34.2309	34.2225	34.2085	34.1391	34.0528	33.916	33.8736	33.7498	33.6724	33.5381	33.5234	33.4516	33.831	35.5321
Sgr-AJol_084-Ex1-cssl.clmp.r1r2_fastp	36.6627	36.4092	36.5231	36.5048	36.555	36.5402	36.5477	36.5424	36.5547	36.5382	36.5496	36.5357	36.5393	36.5211	36.5283	36.5136	36.5239	36.5101	36.51	36.4916	36.4988	36.4738	36.4593	36.4377	36.4325	36.406	36.393	36.3798	36.3638	36.3465	36.3274	36.3156	36.3009	36.2828	36.2607	36.2465	36.2182	36.2144	36.1976	36.1874	36.1567	36.148	36.1235	36.12	36.097	36.0939	36.0625	36.0603	36.0305	36.0326	36.0057	36.0129	35.9744	35.9885	35.9438	35.9546	35.9173	35.9304	35.8869	35.8927	35.8607	35.88	35.8292	35.8388	35.794	35.8151	35.7705	35.7794	35.7302	35.7542	35.701	35.7022	35.6543	35.6713	35.6153	35.6333	35.587	35.6074	35.5464	35.5486	35.5016	35.5232	35.4605	35.4617	35.4109	35.422	35.3617	35.3856	35.3298	35.3665	35.3027	35.3093	35.2627	35.2963	35.2272	35.227	35.1735	35.193	35.1426	35.1728	35.1206	35.1269	35.074	35.0891	35.0307	35.0463	34.9912	34.9968	34.9616	34.9754	34.9094	34.9229	34.8805	34.8842	34.8674	34.859	34.7885	34.7745	34.748	34.7185	34.704	34.6869	34.6608	34.6405	34.6471	34.6463	34.5896	34.5646	34.5061	34.4729	34.4587	34.4268	34.3865	34.3519	34.3019	34.2374	34.2039	34.1939	34.166	34.0969	34.0236	33.9071	33.8393	33.7127	33.6351	33.5145	33.4671	33.4422	33.8151	35.5428
Sgr-AJol_085-Ex1-cssl.clmp.r1r2_fastp	36.6003	36.334	36.4784	36.4586	36.5198	36.5	36.5154	36.5045	36.5273	36.4988	36.5182	36.4975	36.5083	36.484	36.4956	36.4778	36.4933	36.4732	36.479	36.4532	36.4651	36.4349	36.4205	36.3912	36.3874	36.3566	36.3441	36.3261	36.3138	36.2856	36.2643	36.2471	36.2304	36.2053	36.1813	36.1616	36.1332	36.1235	36.1042	36.0907	36.0539	36.0423	36.0146	36.0095	35.9787	35.9792	35.9423	35.9381	35.9061	35.9094	35.8765	35.8847	35.8429	35.8602	35.8084	35.8163	35.7777	35.7957	35.7451	35.7542	35.7152	35.738	35.6834	35.6915	35.6438	35.666	35.6185	35.6217	35.5698	35.5994	35.5398	35.5395	35.4864	35.5054	35.4368	35.4595	35.4052	35.4317	35.3564	35.366	35.3045	35.3353	35.2568	35.2623	35.2045	35.2053	35.1426	35.1693	35.1013	35.1416	35.0653	35.0799	35.026	35.0634	34.9803	34.9763	34.9164	34.9477	34.8734	34.9078	34.8395	34.858	34.7793	34.8138	34.7399	34.7649	34.6817	34.7115	34.6561	34.6784	34.5984	34.6038	34.5568	34.5673	34.535	34.535	34.4517	34.4473	34.4033	34.3663	34.359	34.3433	34.3084	34.2763	34.279	34.2851	34.2206	34.1912	34.1351	34.0825	34.065	34.0615	34.0256	33.9622	33.9328	33.8587	33.8106	33.8096	33.78	33.6973	33.6211	33.4981	33.4281	33.2533	33.2192	33.0859	33.0587	32.997	33.4141	35.391
Sgr-AJol_086-Ex1-cssl.clmp.r1r2_fastp	36.596	36.3142	36.4706	36.4455	36.5091	36.4877	36.503	36.4929	36.5152	36.4853	36.5054	36.481	36.4904	36.4673	36.4762	36.4566	36.4719	36.4547	36.4565	36.4295	36.4366	36.4029	36.3875	36.3568	36.3501	36.3178	36.3014	36.2809	36.262	36.2352	36.2063	36.1857	36.1666	36.1366	36.1092	36.0928	36.0532	36.0474	36.0196	36.007	35.9607	35.9482	35.9172	35.9093	35.8738	35.8721	35.8286	35.8233	35.7819	35.7885	35.7452	35.7563	35.7037	35.7184	35.665	35.6745	35.6227	35.6408	35.5847	35.5972	35.5458	35.5752	35.5091	35.521	35.4616	35.4868	35.4259	35.4375	35.3718	35.4019	35.3327	35.3362	35.2728	35.2952	35.2218	35.2508	35.1806	35.215	35.1357	35.1471	35.0856	35.1148	35.0326	35.0436	34.9701	34.9824	34.9051	34.9458	34.8771	34.9188	34.8385	34.8525	34.7928	34.8347	34.7463	34.7549	34.6873	34.7158	34.6487	34.6868	34.6279	34.6317	34.5596	34.5928	34.5214	34.5353	34.4702	34.4917	34.4437	34.4557	34.3766	34.3976	34.3522	34.3574	34.3401	34.3282	34.2611	34.2364	34.2015	34.1732	34.1526	34.1345	34.116	34.0918	34.0916	34.0984	34.0477	33.9936	33.9563	33.8875	33.8747	33.8415	33.8212	33.7507	33.7272	33.6363	33.612	33.5814	33.5866	33.4934	33.4048	33.2554	33.1969	33.0505	32.9825	32.8506	32.7902	32.7587	33.216	35.3224
Sgr-AJol_087-Ex1-cssl.clmp.r1r2_fastp	36.6689	36.3975	36.5125	36.4975	36.5432	36.533	36.5368	36.5356	36.5436	36.5259	36.5376	36.5227	36.5215	36.5056	36.5102	36.5002	36.5055	36.4965	36.4925	36.4765	36.4812	36.4582	36.4384	36.4203	36.4084	36.3894	36.3737	36.3627	36.3452	36.3344	36.3074	36.3036	36.2856	36.2723	36.2489	36.2424	36.2162	36.2165	36.2002	36.2	36.1677	36.1662	36.1449	36.1446	36.1229	36.1249	36.0967	36.0997	36.0707	36.0791	36.0532	36.0645	36.0302	36.0442	36.0055	36.0175	35.9831	36.0021	35.9652	35.9706	35.9402	35.9665	35.9205	35.9323	35.8897	35.9131	35.8752	35.8794	35.8406	35.8644	35.8215	35.8207	35.7787	35.792	35.7385	35.7605	35.7167	35.7381	35.6808	35.6847	35.6441	35.6599	35.6046	35.6064	35.5528	35.5639	35.5024	35.5258	35.4719	35.4965	35.4378	35.4477	35.4021	35.4306	35.3667	35.3593	35.3059	35.3258	35.2707	35.2966	35.2424	35.2453	35.1954	35.2077	35.1439	35.1576	35.0989	35.1088	35.0717	35.0783	35.0158	35.0141	34.9748	34.9886	34.9607	34.9337	34.8792	34.8543	34.8229	34.7831	34.7683	34.7493	34.7117	34.6926	34.6804	34.6993	34.622	34.6075	34.5328	34.4832	34.4661	34.4406	34.3917	34.3485	34.2745	34.2255	34.1742	34.1661	34.1336	34.07	33.978	33.8422	33.7603	33.64	33.5319	33.4243	33.3528	33.3012	33.6823	35.4735
Sgr-AJol_088-Ex1-cssl.clmp.r1r2_fastp	36.6088	36.3295	36.4738	36.4541	36.5149	36.4943	36.5092	36.5001	36.5198	36.4913	36.512	36.4908	36.4973	36.4729	36.486	36.4656	36.48	36.4625	36.4662	36.4402	36.4512	36.4164	36.403	36.3727	36.3698	36.3401	36.327	36.3054	36.2911	36.2657	36.2425	36.2266	36.2123	36.1838	36.162	36.143	36.1123	36.1051	36.0877	36.0757	36.0409	36.0284	36.0032	35.9987	35.9714	35.966	35.9325	35.9286	35.8987	35.9003	35.8735	35.8776	35.8379	35.8458	35.8029	35.8091	35.7739	35.7857	35.7424	35.7448	35.7149	35.7337	35.6827	35.6867	35.6472	35.6634	35.6225	35.6249	35.5768	35.5998	35.5508	35.5477	35.5018	35.5129	35.4622	35.4729	35.4295	35.4425	35.3825	35.3896	35.343	35.3611	35.3001	35.2968	35.2525	35.2514	35.1941	35.2094	35.1602	35.186	35.1257	35.1269	35.0819	35.106	35.0473	35.0316	34.984	34.9964	34.948	34.966	34.9214	34.9158	34.861	34.8757	34.8196	34.8327	34.7749	34.7772	34.7475	34.746	34.6894	34.6809	34.6575	34.6389	34.6314	34.6024	34.549	34.5219	34.486	34.4463	34.4381	34.4122	34.3795	34.3657	34.3642	34.3491	34.3014	34.2565	34.208	34.142	34.1375	34.1044	34.0702	34.0089	33.966	33.8761	33.8596	33.8233	33.8069	33.7212	33.6243	33.4752	33.4077	33.2536	33.1749	33.0496	33.0145	32.9471	33.3716	35.4084
Sgr-AJol_089-Ex1-cssl.clmp.r1r2_fastp	36.6691	36.4015	36.5157	36.5001	36.5439	36.5349	36.5392	36.5383	36.5457	36.5291	36.5413	36.5267	36.5233	36.5087	36.5119	36.5017	36.5093	36.5	36.4957	36.479	36.4804	36.4597	36.4411	36.4197	36.4084	36.3907	36.3721	36.3633	36.3451	36.3322	36.3086	36.3011	36.2808	36.2679	36.2429	36.2378	36.2082	36.2085	36.1899	36.1882	36.1547	36.1523	36.1272	36.1326	36.1034	36.1078	36.0742	36.0813	36.049	36.0578	36.0246	36.0405	35.9981	36.0165	35.978	35.9859	35.9503	35.9714	35.9268	35.9381	35.9044	35.9326	35.8836	35.8964	35.8488	35.8766	35.8332	35.8414	35.7908	35.8229	35.7731	35.7766	35.7241	35.7476	35.6925	35.7149	35.6629	35.6835	35.6239	35.6296	35.5799	35.6063	35.5393	35.5498	35.4895	35.4989	35.4312	35.4563	35.3967	35.4249	35.3667	35.3741	35.3215	35.3523	35.2718	35.2729	35.2135	35.2297	35.1666	35.2006	35.1435	35.1507	35.0763	35.1054	35.0361	35.0499	34.9942	34.9888	34.9447	34.9459	34.8858	34.8769	34.8353	34.8372	34.8075	34.7994	34.7275	34.7023	34.6583	34.6411	34.5944	34.5816	34.5528	34.5363	34.5286	34.5297	34.4541	34.4403	34.3616	34.3103	34.2895	34.2488	34.1914	34.1579	34.1016	34.0259	33.9714	33.9585	33.9117	33.8507	33.7525	33.6047	33.5379	33.3706	33.2984	33.1827	33.1133	33.065	33.4393	35.4061
Sgr-AJol_090-Ex1-cssl.clmp.r1r2_fastp	36.6032	36.3205	36.4597	36.4477	36.4997	36.4882	36.4947	36.4925	36.5065	36.483	36.4989	36.4789	36.4823	36.4619	36.4689	36.4555	36.4658	36.4514	36.4514	36.427	36.436	36.4046	36.3885	36.3584	36.355	36.3223	36.308	36.2891	36.2735	36.2483	36.2243	36.2093	36.1926	36.1651	36.1393	36.1229	36.094	36.0855	36.0654	36.0544	36.0189	36.0032	35.9776	35.9702	35.9438	35.9361	35.901	35.8947	35.8658	35.8658	35.8331	35.8392	35.7984	35.8064	35.7604	35.7651	35.7273	35.7394	35.6934	35.6933	35.6602	35.6795	35.6279	35.6292	35.5869	35.6043	35.5558	35.5573	35.5082	35.5312	35.4741	35.4668	35.4178	35.4301	35.3675	35.3798	35.3349	35.3497	35.2775	35.2812	35.2301	35.2498	35.1792	35.1732	35.127	35.1208	35.0529	35.0763	35.0204	35.0475	34.9781	34.9803	34.9326	34.9608	34.8797	34.8719	34.8093	34.8296	34.7677	34.7908	34.7352	34.7351	34.6678	34.6856	34.6278	34.6425	34.5608	34.5664	34.5406	34.5443	34.4661	34.4609	34.4364	34.4418	34.4129	34.3881	34.3301	34.3073	34.259	34.2182	34.2068	34.1841	34.1541	34.1289	34.1265	34.1376	34.0795	34.0253	33.9787	33.9318	33.9025	33.877	33.8466	33.7923	33.7485	33.6555	33.6342	33.6021	33.5823	33.4826	33.412	33.2841	33.1999	33.046	32.9507	32.8455	32.7875	32.7454	33.2003	35.3277
Sgr-AJol_091-Ex1-cssl.clmp.r1r2_fastp	36.6425	36.3583	36.4804	36.4664	36.5161	36.5046	36.5127	36.5082	36.5205	36.5007	36.5138	36.4957	36.4989	36.4812	36.4878	36.4755	36.4852	36.4734	36.4742	36.453	36.4603	36.4341	36.4173	36.3944	36.3885	36.3628	36.351	36.3358	36.3201	36.3041	36.2823	36.2735	36.2529	36.2367	36.2122	36.2027	36.1712	36.1733	36.153	36.1464	36.1104	36.1087	36.0816	36.0813	36.0522	36.0574	36.0222	36.0254	35.99	36.0023	35.9649	35.9797	35.9379	35.9534	35.9098	35.9199	35.8807	35.9	35.8554	35.8644	35.8274	35.8514	35.7978	35.8128	35.7634	35.7879	35.7428	35.7499	35.6938	35.7243	35.6705	35.6753	35.6262	35.6419	35.583	35.6056	35.5544	35.5776	35.5135	35.522	35.4751	35.4914	35.4335	35.4374	35.3819	35.3871	35.3272	35.3483	35.2966	35.3274	35.2708	35.2743	35.2275	35.2512	35.1877	35.1849	35.1338	35.1454	35.094	35.1152	35.0716	35.0705	35.0129	35.0291	34.971	34.9828	34.9328	34.9354	34.905	34.9011	34.8448	34.8447	34.8196	34.815	34.7984	34.7908	34.7139	34.6941	34.664	34.6411	34.6172	34.5987	34.5757	34.5612	34.5592	34.5552	34.5057	34.4738	34.4241	34.3707	34.3531	34.331	34.2881	34.2406	34.1876	34.1282	34.0971	34.0723	34.0559	33.9552	33.8799	33.7516	33.699	33.5513	33.4625	33.3646	33.3038	33.2562	33.6364	35.4649
Sgr-AJol_092-Ex1-cssl.clmp.r1r2_fastp	36.5592	36.2779	36.4418	36.4187	36.489	36.4659	36.4868	36.4729	36.5007	36.4669	36.4934	36.4656	36.4809	36.452	36.4657	36.4436	36.4638	36.4423	36.4509	36.4188	36.4331	36.3965	36.385	36.3488	36.3486	36.3099	36.3008	36.2751	36.2623	36.2304	36.2052	36.1851	36.1673	36.136	36.1079	36.0869	36.0554	36.0408	36.0182	35.999	35.957	35.939	35.9087	35.8991	35.866	35.8607	35.8225	35.8136	35.7811	35.7818	35.7476	35.754	35.7054	35.7143	35.6635	35.6725	35.6324	35.6414	35.5955	35.5977	35.5608	35.5775	35.5256	35.5258	35.4756	35.4972	35.4488	35.4474	35.3947	35.4177	35.3638	35.3605	35.3082	35.3163	35.2591	35.277	35.2282	35.2454	35.1814	35.1741	35.1291	35.1476	35.0776	35.0764	35.0238	35.0259	34.9703	34.9872	34.9364	34.9588	34.9005	34.8999	34.8628	34.8904	34.8211	34.8138	34.7619	34.7794	34.7284	34.7498	34.7036	34.7012	34.6517	34.6557	34.6162	34.6115	34.5583	34.5601	34.5341	34.5403	34.4732	34.477	34.4428	34.4371	34.4275	34.4111	34.3496	34.3217	34.296	34.252	34.2437	34.2096	34.1964	34.168	34.1781	34.172	34.1286	34.0704	34.0293	33.9735	33.9835	33.9248	33.9072	33.8336	33.8226	33.7108	33.7152	33.678	33.6651	33.5696	33.4942	33.3624	33.3223	33.1382	33.0753	32.9654	32.9273	32.8577	33.3339	35.387
Sgr-AJol_093-Ex1-cssl.clmp.r1r2_fastp	36.5568	36.2947	36.465	36.4362	36.5139	36.4876	36.5109	36.4925	36.5235	36.4875	36.5179	36.4874	36.5062	36.4742	36.493	36.4688	36.4876	36.4634	36.4742	36.4366	36.4546	36.4135	36.4057	36.364	36.3681	36.3251	36.3172	36.2859	36.2729	36.2373	36.2145	36.186	36.1718	36.13	36.1068	36.0782	36.0472	36.0277	36.0026	35.9816	35.938	35.916	35.8827	35.8692	35.8353	35.8259	35.7875	35.7688	35.736	35.7344	35.6949	35.6999	35.6484	35.6596	35.6008	35.6068	35.5606	35.5714	35.5162	35.5236	35.476	35.4974	35.4329	35.4413	35.38	35.4093	35.3502	35.3612	35.2926	35.327	35.2602	35.267	35.1981	35.224	35.1465	35.1804	35.1063	35.1435	35.0585	35.0796	35.0139	35.0482	34.9626	34.9803	34.9034	34.9191	34.8422	34.8808	34.8076	34.8564	34.7657	34.7959	34.7306	34.7835	34.6834	34.7085	34.6181	34.6596	34.5844	34.635	34.5557	34.5818	34.4949	34.5431	34.4514	34.4891	34.3988	34.4449	34.3804	34.4101	34.3165	34.3376	34.2767	34.3149	34.2639	34.2739	34.1981	34.1751	34.1258	34.1139	34.0779	34.0825	34.034	34.0439	34.0313	34.0321	33.975	33.9567	33.8857	33.8358	33.8113	33.814	33.7686	33.7224	33.6818	33.6121	33.578	33.5586	33.5551	33.4698	33.3934	33.2503	33.1827	33.0293	32.9776	32.8298	32.8092	32.7625	33.2186	35.3198
Sgr-AJol_094-Ex1-cssl.clmp.r1r2_fastp	36.6313	36.3483	36.4802	36.465	36.5167	36.5031	36.513	36.5062	36.5214	36.4995	36.5149	36.4957	36.5	36.4806	36.4891	36.4759	36.4872	36.4717	36.4755	36.452	36.46	36.4296	36.4171	36.3899	36.3833	36.3548	36.3443	36.3277	36.3136	36.2956	36.2698	36.2575	36.2421	36.2232	36.1992	36.1855	36.1559	36.1567	36.1375	36.1313	36.0962	36.0897	36.0605	36.0643	36.0333	36.0384	35.9991	36.0081	35.9716	35.9838	35.9507	35.964	35.9225	35.9406	35.8952	35.9096	35.8646	35.8888	35.8408	35.8535	35.8145	35.8427	35.7894	35.8003	35.7555	35.7827	35.7347	35.7443	35.6929	35.7233	35.67	35.6739	35.6205	35.6483	35.5839	35.6084	35.5585	35.5838	35.52	35.532	35.4811	35.5065	35.4428	35.4514	35.3919	35.4002	35.3386	35.3657	35.3144	35.3396	35.2845	35.2928	35.2465	35.2857	35.2098	35.212	35.1609	35.1764	35.1276	35.1493	35.1019	35.1038	35.0541	35.0665	35.0198	35.0282	34.9733	34.9802	34.9454	34.9551	34.8994	34.8989	34.8763	34.8724	34.856	34.8459	34.7704	34.7619	34.7381	34.6987	34.6822	34.6738	34.6497	34.6247	34.6302	34.6201	34.582	34.5384	34.5054	34.4456	34.4354	34.406	34.368	34.3285	34.2889	34.2105	34.182	34.1686	34.1653	34.0717	33.9982	33.8633	33.8076	33.6521	33.5974	33.4546	33.4367	33.3554	33.7565	35.5003
Sgr-AJol_095-Ex1-cssl.clmp.r1r2_fastp	36.5235	36.26	36.4588	36.438	36.5246	36.4854	36.5155	36.4999	36.5317	36.4953	36.5196	36.4957	36.5072	36.4818	36.494	36.4773	36.4874	36.4747	36.474	36.4516	36.4595	36.4269	36.409	36.3798	36.3725	36.3397	36.3241	36.3014	36.28	36.2552	36.2234	36.2029	36.1847	36.1491	36.1188	36.1	36.0702	36.0472	36.0312	36.0043	35.9731	35.9511	35.9328	35.9181	35.9011	35.8864	35.866	35.8518	35.8435	35.8297	35.8173	35.8135	35.7918	35.7939	35.7617	35.7612	35.7428	35.7449	35.7156	35.7169	35.7026	35.7087	35.6801	35.6718	35.6483	35.657	35.6361	35.6222	35.6013	35.6027	35.5776	35.5632	35.5365	35.5322	35.5033	35.5073	35.4776	35.4796	35.4451	35.4219	35.4048	35.4071	35.3569	35.3555	35.3173	35.304	35.2694	35.2736	35.2338	35.2553	35.2094	35.1998	35.1818	35.1929	35.119	35.1181	35.077	35.0802	35.0323	35.0558	35.011	35.0148	34.9557	34.9604	34.9136	34.932	34.8496	34.8795	34.8289	34.8333	34.7615	34.7739	34.7048	34.7417	34.6868	34.697	34.5963	34.6061	34.5241	34.538	34.466	34.485	34.4113	34.4333	34.3757	34.4179	34.312	34.3371	34.2235	34.2052	34.1407	34.1676	34.0801	34.049	33.971	33.9371	33.8319	33.8706	33.7605	33.7703	33.611	33.5232	33.3799	33.2999	33.1413	33.1001	32.9653	32.9783	33.3218	35.3711
Sgr-AJol_096-Ex1-cssl.clmp.r1r2_fastp	36.6259	36.3822	36.5047	36.4899	36.5431	36.5265	36.5399	36.5295	36.5491	36.5225	36.5456	36.5232	36.5305	36.5039	36.5208	36.4973	36.5146	36.4944	36.4997	36.4713	36.4826	36.4482	36.4395	36.4036	36.4033	36.3687	36.3585	36.3326	36.3238	36.2974	36.2733	36.2526	36.2352	36.2084	36.1861	36.1676	36.1386	36.1267	36.1089	36.1	36.0585	36.0461	36.0151	36.0083	35.9743	35.9778	35.9348	35.9294	35.8908	35.9	35.8598	35.8748	35.8138	35.8318	35.7721	35.7953	35.7352	35.7608	35.6958	35.7173	35.6671	35.697	35.626	35.6438	35.5776	35.6238	35.5483	35.5753	35.4916	35.543	35.4611	35.484	35.4068	35.4441	35.3587	35.3957	35.3109	35.3662	35.2655	35.2937	35.2119	35.2668	35.1658	35.198	35.1033	35.1384	35.0458	35.1033	35.0046	35.0712	34.9749	35.0085	34.925	34.9885	34.8829	34.9064	34.8113	34.8666	34.7775	34.8387	34.738	34.7855	34.6813	34.7401	34.644	34.7022	34.5855	34.6358	34.5654	34.6028	34.4993	34.5277	34.4566	34.5026	34.4378	34.4436	34.3467	34.3584	34.2878	34.3019	34.2429	34.2511	34.2018	34.2002	34.1886	34.2096	34.1339	34.1194	34.0385	34.0074	33.9855	33.9567	33.9237	33.9032	33.8274	33.761	33.7424	33.7412	33.7171	33.6129	33.5545	33.4154	33.3274	33.2207	33.0876	33.0203	32.9758	32.912	33.3476	35.3635
Sgr-AMvi_001-Ex1-cssl.clmp.r1r2_fastp	36.2926	36.1545	36.3559	36.352	36.4613	36.4101	36.4689	36.4204	36.4924	36.4318	36.4862	36.4358	36.4836	36.4225	36.4687	36.4175	36.4623	36.4106	36.4407	36.3781	36.4223	36.3494	36.3589	36.2881	36.3121	36.231	36.2406	36.1751	36.1757	36.0961	36.0813	36.0114	36.0121	35.9244	35.9041	35.8406	35.819	35.7513	35.7467	35.6844	35.6518	35.5938	35.5767	35.5293	35.5092	35.4703	35.4283	35.3953	35.3785	35.3461	35.3243	35.3099	35.26	35.2519	35.1966	35.1919	35.1521	35.1496	35.0825	35.0935	35.0485	35.0592	34.9874	35.0011	34.9292	34.9652	34.8855	34.906	34.832	34.8722	34.7639	34.8084	34.7171	34.7487	34.6526	34.7188	34.6175	34.6799	34.5507	34.597	34.5132	34.5709	34.4181	34.5002	34.3773	34.4205	34.2932	34.3944	34.2561	34.371	34.2034	34.2863	34.1868	34.2876	34.0819	34.2172	34.0588	34.1505	33.9976	34.1478	33.9722	34.0866	33.8956	34.0303	33.8921	33.9925	33.7825	33.9611	33.8207	33.8897	33.7334	33.8503	33.7063	33.825	33.6759	33.7735	33.6533	33.6939	33.5247	33.6481	33.5532	33.5718	33.4969	33.5707	33.5049	33.6028	33.4493	33.4866	33.4245	33.3817	33.3057	33.3986	33.3317	33.2806	33.2478	33.201	33.1599	33.1977	33.1406	33.0931	33.0626	32.8889	32.8063	32.7369	32.6584	32.5065	32.5133	32.4799	32.9643	35.2245
Sgr-AMvi_002-Ex1-cssl.clmp.r1r2_fastp	36.2772	36.1148	36.3246	36.3219	36.4135	36.3855	36.4231	36.3996	36.4441	36.4038	36.4383	36.4059	36.4342	36.396	36.4197	36.3878	36.4155	36.3821	36.3976	36.3547	36.3784	36.3257	36.3172	36.2625	36.2706	36.2079	36.2012	36.1511	36.1375	36.0751	36.0494	35.9968	35.9795	35.9025	35.876	35.8097	35.7807	35.7183	35.7072	35.6307	35.6035	35.5278	35.5207	35.4561	35.4528	35.388	35.3777	35.3051	35.3187	35.2564	35.269	35.2113	35.2165	35.1616	35.1589	35.1088	35.1174	35.0679	35.0683	35.0093	35.0295	34.9879	34.9842	34.9258	34.9293	34.8982	34.8998	34.8424	34.8455	34.8091	34.8007	34.7445	34.7451	34.6984	34.6916	34.6609	34.6664	34.6308	34.6075	34.556	34.565	34.5233	34.5004	34.4539	34.4511	34.3934	34.3872	34.3631	34.362	34.3448	34.3243	34.2859	34.3007	34.2909	34.2416	34.2123	34.2016	34.1791	34.1707	34.1705	34.1632	34.1191	34.0996	34.088	34.0805	34.0535	34.0208	34.015	34.0291	33.9889	33.9658	33.9366	33.9496	33.9248	33.9374	33.9036	33.8832	33.8157	33.8164	33.7681	33.7945	33.7377	33.7544	33.7152	33.7614	33.7251	33.7041	33.6403	33.6352	33.5437	33.5625	33.5246	33.516	33.4396	33.4309	33.3326	33.3406	33.301	33.3086	33.2031	33.1568	32.9736	32.9326	32.7647	32.7062	32.571	32.5525	32.5038	33.0174	35.2424
Sgr-AMvi_003-Ex1-cssl.clmp.r1r2_fastp	36.2947	36.1568	36.361	36.3561	36.4511	36.4174	36.4591	36.4267	36.4772	36.4326	36.473	36.4354	36.4668	36.4249	36.4526	36.4157	36.4464	36.4107	36.4267	36.3799	36.4057	36.3523	36.3435	36.2895	36.2937	36.2358	36.2276	36.1802	36.1616	36.1019	36.0711	36.025	35.9987	35.9328	35.897	35.8456	35.804	35.7561	35.7276	35.6761	35.6245	35.5761	35.5405	35.5052	35.4699	35.4327	35.3902	35.3506	35.319	35.2966	35.2651	35.2534	35.2062	35.1982	35.1413	35.1405	35.0922	35.0966	35.0367	35.0397	34.9939	35.0161	34.9396	34.9546	34.8874	34.9247	34.8509	34.8649	34.7895	34.829	34.7427	34.7592	34.6808	34.7122	34.6236	34.6752	34.5961	34.6444	34.5326	34.5643	34.4867	34.536	34.4215	34.4626	34.3666	34.3998	34.2957	34.3687	34.2678	34.3425	34.2219	34.2836	34.1927	34.2794	34.1333	34.1947	34.0838	34.1558	34.035	34.1371	34.0241	34.0803	33.9541	34.0385	33.9249	33.9954	33.8631	33.9572	33.8613	33.917	33.7874	33.859	33.7641	33.8261	33.7463	33.8012	33.6764	33.6977	33.6074	33.6402	33.5761	33.592	33.5168	33.5608	33.5216	33.5622	33.4578	33.4612	33.3782	33.355	33.299	33.321	33.251	33.2251	33.1443	33.0944	33.0431	33.0639	33.0167	32.951	32.8412	32.7069	32.6102	32.4788	32.3764	32.2521	32.2037	32.1775	32.6876	35.1413
Sgr-AMvi_004-Ex1-cssl.clmp.r1r2_fastp	36.5525	36.2865	36.4349	36.4168	36.5001	36.4626	36.5029	36.4683	36.5219	36.47	36.5166	36.4727	36.5117	36.4622	36.5002	36.4542	36.4963	36.4501	36.4806	36.425	36.4651	36.4036	36.4144	36.3536	36.3771	36.3128	36.3265	36.2733	36.2822	36.2202	36.2193	36.1707	36.1735	36.1123	36.1054	36.0581	36.0415	36.0019	35.9934	35.9527	35.9253	35.8838	35.8655	35.8378	35.8118	35.7869	35.7522	35.7267	35.6974	35.6813	35.6488	35.6434	35.5939	35.5921	35.5387	35.5355	35.4898	35.4931	35.435	35.4308	35.3832	35.3989	35.3294	35.3365	35.2732	35.2961	35.2297	35.2343	35.1601	35.1904	35.1148	35.1222	35.0474	35.0709	34.9844	35.0214	34.9425	34.9761	34.8784	34.897	34.8151	34.8539	34.7511	34.7734	34.6813	34.7054	34.6025	34.6565	34.5558	34.6161	34.5082	34.5425	34.454	34.5272	34.3944	34.431	34.3274	34.3906	34.2796	34.3617	34.2479	34.2888	34.1783	34.2463	34.1319	34.196	34.0794	34.1417	34.0603	34.1079	33.9929	34.0407	33.9605	34.002	33.9422	33.9733	33.8711	33.8776	33.8096	33.8123	33.7707	33.7759	33.7332	33.7467	33.7272	33.7538	33.685	33.6775	33.6084	33.5688	33.5595	33.5414	33.512	33.4637	33.4273	33.3618	33.3404	33.3303	33.33	33.2469	33.1713	33.0215	32.9664	32.8231	32.7462	32.6273	32.6108	32.567	33.0752	35.3039
Sgr-AMvi_005-Ex1-cssl.clmp.r1r2_fastp	36.5	36.2276	36.4132	36.3882	36.4824	36.4438	36.4828	36.4502	36.502	36.455	36.4942	36.4563	36.4897	36.4478	36.4785	36.4403	36.4737	36.4376	36.459	36.411	36.4429	36.3882	36.39	36.3362	36.3482	36.2928	36.2919	36.2482	36.2445	36.1892	36.1737	36.1312	36.1209	36.0661	36.0428	36.0026	35.968	35.9398	35.9159	35.8791	35.8372	35.8058	35.7698	35.7518	35.711	35.7009	35.647	35.6329	35.5908	35.5926	35.5432	35.5508	35.4902	35.5007	35.4319	35.4453	35.3813	35.403	35.3292	35.34	35.2798	35.3135	35.2281	35.2488	35.1703	35.2121	35.1268	35.1528	35.0625	35.1167	35.0202	35.0432	34.9526	34.9988	34.8968	34.9479	34.8568	34.9089	34.799	34.8323	34.7398	34.7936	34.6789	34.7151	34.6184	34.6561	34.5475	34.6126	34.5103	34.5846	34.4684	34.5176	34.4201	34.5078	34.3705	34.4172	34.3109	34.387	34.2739	34.3586	34.2519	34.3018	34.1894	34.2689	34.1495	34.2298	34.1051	34.1679	34.0941	34.152	34.0339	34.0865	34.0095	34.0657	34.0014	34.0377	33.9337	33.9542	33.8913	33.8855	33.8464	33.8669	33.825	33.8352	33.8285	33.8542	33.7873	33.7771	33.7184	33.687	33.6813	33.6666	33.6449	33.6	33.5803	33.5104	33.4871	33.4929	33.4945	33.423	33.3495	33.2199	33.1691	33.0227	32.9668	32.87	32.8472	32.8275	33.2892	35.3658
Sgr-AMvi_006-Ex1-cssl.clmp.r1r2_fastp	36.5464	36.2089	36.4139	36.3748	36.484	36.4335	36.4824	36.4435	36.4984	36.4491	36.491	36.449	36.4833	36.441	36.4676	36.4315	36.4634	36.4264	36.4467	36.4044	36.4288	36.3826	36.3815	36.3308	36.3427	36.2885	36.2875	36.2488	36.2434	36.1958	36.1838	36.1461	36.1339	36.0891	36.0699	36.0348	36.0044	35.9803	35.9629	35.9322	35.8974	35.868	35.8422	35.8239	35.7875	35.776	35.7308	35.7122	35.677	35.6736	35.6307	35.6339	35.5777	35.5843	35.5234	35.5335	35.474	35.4905	35.4253	35.4278	35.3767	35.4062	35.3238	35.3396	35.2742	35.3009	35.2325	35.2482	35.1697	35.2028	35.1286	35.1356	35.0633	35.0922	35.006	35.0491	34.9718	35.0103	34.9186	34.9426	34.8604	34.9117	34.8117	34.839	34.7542	34.7941	34.6924	34.7565	34.6617	34.7295	34.6307	34.6841	34.5936	34.673	34.5588	34.6049	34.5057	34.5865	34.4774	34.5686	34.4676	34.5263	34.4202	34.5073	34.3906	34.4824	34.3631	34.4424	34.3583	34.4379	34.3105	34.3944	34.3084	34.3784	34.3174	34.3761	34.259	34.3094	34.2339	34.2698	34.2141	34.2635	34.1998	34.2495	34.2149	34.2746	34.2	34.2305	34.1426	34.1528	34.1209	34.1472	34.1041	34.109	34.0529	34.0371	33.9992	34.0327	34.0043	33.9822	33.8828	33.8354	33.7628	33.6804	33.6019	33.5689	33.4914	33.5356	33.8728	35.5999
Sgr-AMvi_009-Ex1-cssl.clmp.r1r2_fastp	36.4745	36.1382	36.3904	36.3411	36.4693	36.4067	36.4692	36.4209	36.4885	36.4298	36.4841	36.4322	36.4781	36.4248	36.4634	36.4202	36.4603	36.416	36.4443	36.3907	36.4246	36.3669	36.3725	36.3138	36.3324	36.2699	36.2739	36.2218	36.2253	36.1638	36.1554	36.1052	36.1002	36.042	36.0245	35.975	35.9498	35.9116	35.895	35.85	35.8193	35.775	35.75	35.7183	35.6878	35.6659	35.6248	35.5905	35.5681	35.5524	35.5111	35.5032	35.4554	35.4519	35.3968	35.3949	35.3402	35.3501	35.2885	35.281	35.2382	35.2555	35.1799	35.189	35.1292	35.1514	35.0875	35.0908	35.0175	35.0595	34.9778	34.986	34.9187	34.9466	34.8578	34.9034	34.8339	34.8696	34.7734	34.7957	34.7226	34.7681	34.6608	34.6888	34.6039	34.6439	34.5347	34.6085	34.5051	34.59	34.4699	34.5341	34.4276	34.5332	34.3863	34.4524	34.3366	34.4358	34.2979	34.4155	34.2915	34.3672	34.2361	34.3424	34.2054	34.3166	34.1686	34.27	34.1729	34.2657	34.1164	34.2145	34.1085	34.1977	34.1121	34.1868	34.0507	34.1262	34.0138	34.0734	33.9998	34.0641	33.9808	34.0463	34.0038	34.0819	33.9854	34.026	33.9198	33.9461	33.8939	33.934	33.875	33.8916	33.816	33.8118	33.7583	33.8038	33.7648	33.755	33.6352	33.5845	33.4842	33.4241	33.3215	33.2867	33.2045	33.2553	33.6066	35.497
Sgr-AMvi_011-Ex1-cssl.clmp.r1r2_fastp	36.4941	36.1368	36.4067	36.349	36.4804	36.4117	36.4821	36.428	36.5011	36.435	36.4941	36.4389	36.4888	36.4309	36.4724	36.4243	36.4677	36.4193	36.451	36.3937	36.4306	36.3713	36.3796	36.3172	36.3374	36.2737	36.2806	36.229	36.2318	36.1686	36.1625	36.1129	36.113	36.0505	36.0387	35.987	35.9661	35.9235	35.9142	35.8693	35.8404	35.7957	35.7759	35.7426	35.7168	35.6888	35.6527	35.6143	35.5922	35.5692	35.5399	35.5255	35.482	35.4698	35.4225	35.4136	35.364	35.3647	35.3108	35.2997	35.2609	35.2695	35.2014	35.1994	35.1445	35.1561	35.0983	35.0959	35.0245	35.0544	34.9851	34.9788	34.9177	34.9331	34.8541	34.8846	34.8136	34.8442	34.7486	34.7665	34.6858	34.7291	34.6269	34.6539	34.5552	34.5945	34.4841	34.5577	34.4416	34.5262	34.3978	34.4664	34.3543	34.4578	34.3101	34.3758	34.2437	34.3546	34.208	34.3237	34.1896	34.272	34.1255	34.2472	34.0984	34.2143	34.0577	34.174	34.0557	34.1629	33.999	34.1163	33.9866	34.0939	33.996	34.0841	33.9248	34.0058	33.8936	33.9583	33.8662	33.9443	33.8358	33.9263	33.8519	33.9558	33.8323	33.8893	33.7641	33.8034	33.7358	33.7962	33.7069	33.7401	33.6285	33.644	33.5607	33.6406	33.5664	33.5747	33.4214	33.3857	33.2624	33.2075	33.0648	33.0531	32.9432	33.0213	33.3791	35.4429
Sgr-AMvi_012-Ex1-cssl.clmp.r1r2_fastp	36.4119	36.0433	36.369	36.2993	36.4564	36.382	36.4557	36.4013	36.4827	36.4169	36.4731	36.421	36.4666	36.415	36.4546	36.4136	36.4459	36.4124	36.4361	36.3754	36.4121	36.3523	36.3514	36.2965	36.3048	36.2457	36.2388	36.192	36.1811	36.1166	36.0886	36.0359	36.0234	35.9558	35.9242	35.8718	35.8406	35.7948	35.7767	35.721	35.6754	35.6241	35.5956	35.5425	35.5199	35.4801	35.4554	35.3979	35.3795	35.3437	35.3237	35.2802	35.2548	35.2251	35.1814	35.1521	35.1134	35.0993	35.0601	35.0279	35.0124	34.9948	34.9421	34.9151	34.89	34.8803	34.839	34.8079	34.777	34.7781	34.7372	34.7031	34.6556	34.6615	34.6057	34.6125	34.5613	34.5847	34.5026	34.5017	34.4455	34.4834	34.3785	34.3881	34.3185	34.339	34.254	34.2968	34.2008	34.2706	34.1773	34.2129	34.1246	34.1998	34.0762	34.1272	34.0223	34.1045	33.9871	34.0819	33.9676	34.0386	33.9049	34.0092	33.857	33.9699	33.8261	33.9345	33.8321	33.9355	33.7767	33.8741	33.7506	33.8308	33.7676	33.8362	33.7046	33.7541	33.6813	33.7115	33.641	33.6932	33.6165	33.6789	33.6179	33.7187	33.6153	33.6438	33.5634	33.5671	33.5013	33.5646	33.4852	33.5236	33.4214	33.4212	33.3337	33.4025	33.3513	33.3368	33.2054	33.1357	33.03	32.9427	32.835	32.81	32.7182	32.7615	33.0843	35.2627
Sgr-AMvi_013-Ex1-cssl.clmp.r1r2_fastp	36.3097	36.1171	36.3445	36.3275	36.4361	36.3939	36.449	36.4127	36.4716	36.4215	36.4674	36.422	36.4599	36.4141	36.4491	36.4037	36.4391	36.3981	36.4188	36.3668	36.3957	36.3365	36.3326	36.2718	36.2843	36.2167	36.2133	36.1636	36.1493	36.0829	36.0577	36.0041	35.9881	35.9174	35.887	35.8348	35.7988	35.7493	35.7256	35.6764	35.6295	35.5831	35.5463	35.5173	35.4778	35.4566	35.4056	35.3861	35.3485	35.3377	35.2958	35.2994	35.2345	35.247	35.1649	35.1849	35.1215	35.1445	35.0586	35.0854	35.0163	35.0576	34.9573	34.9952	34.8997	34.962	34.8557	34.9021	34.8014	34.8714	34.7496	34.8137	34.6967	34.7606	34.6318	34.7265	34.6	34.6954	34.5382	34.6165	34.5013	34.5892	34.422	34.5248	34.3786	34.449	34.3053	34.4256	34.2723	34.4033	34.2228	34.3288	34.2056	34.3323	34.1258	34.2567	34.0905	34.2	34.0384	34.1912	34.0195	34.1328	33.9435	34.0831	33.9395	34.0493	33.8493	34.0152	33.8751	33.955	33.7931	33.9071	33.7759	33.8802	33.7401	33.838	33.7124	33.7525	33.6096	33.703	33.6149	33.6462	33.5603	33.6295	33.5714	33.6564	33.5149	33.565	33.4789	33.461	33.384	33.4639	33.3854	33.3647	33.2998	33.2785	33.2192	33.2523	33.1919	33.164	33.1059	32.9502	32.8634	32.7801	32.7033	32.5737	32.5535	32.5322	32.9956	35.2293
Sgr-AMvi_014-Ex1-cssl.clmp.r1r2_fastp	36.4425	36.2244	36.3925	36.3866	36.4775	36.4382	36.4888	36.4526	36.5128	36.4572	36.5088	36.4604	36.5062	36.4526	36.4947	36.4414	36.4832	36.4346	36.4632	36.403	36.441	36.375	36.3832	36.3154	36.3345	36.2663	36.2681	36.214	36.2091	36.1427	36.1253	36.0757	36.0615	35.9976	35.9706	35.9275	35.8876	35.852	35.8231	35.7884	35.7362	35.7045	35.6576	35.639	35.5841	35.5771	35.5092	35.504	35.4479	35.4531	35.3918	35.4067	35.3204	35.3511	35.2562	35.2846	35.1994	35.2356	35.131	35.1704	35.0778	35.138	35.0151	35.0682	34.9533	35.0316	34.9019	34.9651	34.8334	34.9259	34.7825	34.8545	34.7159	34.8005	34.6494	34.7542	34.6103	34.7192	34.544	34.631	34.4894	34.5947	34.4151	34.5176	34.3511	34.4395	34.2734	34.4051	34.2273	34.373	34.1833	34.297	34.1414	34.2854	34.0702	34.199	34.017	34.1443	33.9642	34.1275	33.9335	34.0559	33.8672	34.0089	33.8458	33.9594	33.7729	33.9181	33.7796	33.8692	33.7079	33.8162	33.68	33.7809	33.6655	33.7471	33.6139	33.6583	33.5336	33.5981	33.5192	33.5457	33.4781	33.5295	33.4839	33.5566	33.447	33.4651	33.3912	33.3505	33.3216	33.3574	33.3039	33.2609	33.2211	33.1654	33.1367	33.1498	33.1221	33.0734	33.0077	32.8525	32.797	32.6724	32.6236	32.4736	32.4765	32.414	32.9274	35.2141
Sgr-AMvi_015-Ex1-cssl.clmp.r1r2_fastp	36.522	36.1948	36.4093	36.373	36.4913	36.4333	36.4965	36.4477	36.5251	36.4616	36.5246	36.4635	36.5218	36.4562	36.5122	36.4456	36.4968	36.4399	36.4798	36.4092	36.4523	36.3798	36.3948	36.3211	36.3412	36.2658	36.2698	36.2094	36.2049	36.1292	36.1114	36.0612	36.0369	35.9811	35.9487	35.9124	35.8577	35.8352	35.7855	35.7641	35.6929	35.6835	35.6079	35.6144	35.5278	35.55	35.4488	35.4635	35.378	35.4187	35.3038	35.3542	35.2199	35.2931	35.1451	35.2212	35.0772	35.161	35.0044	35.0881	34.9475	35.0523	34.8837	34.9818	34.808	34.9466	34.7548	34.8887	34.679	34.8442	34.6461	34.7741	34.5636	34.7265	34.5146	34.6846	34.4722	34.6471	34.4089	34.5692	34.3569	34.533	34.293	34.4509	34.224	34.3996	34.1626	34.3631	34.1123	34.3308	34.0741	34.2659	34.0336	34.2591	33.9714	34.1806	33.9173	34.1276	33.8853	34.117	33.853	34.0554	33.811	34.0299	33.7754	33.9746	33.7359	33.9402	33.7416	33.9138	33.7071	33.8491	33.675	33.8306	33.6743	33.8179	33.634	33.7296	33.5946	33.6955	33.5688	33.6683	33.554	33.6769	33.5758	33.7024	33.566	33.6276	33.5223	33.528	33.4902	33.5436	33.4713	33.4832	33.4389	33.4168	33.365	33.3898	33.3671	33.3578	33.2765	33.1743	33.1138	33.0292	32.9423	32.8593	32.8425	32.8134	33.1991	35.3052
Sgr-AMvi_018-Ex1-cssl.clmp.r1r2_fastp	36.5609	36.219	36.391	36.364	36.4645	36.4239	36.4665	36.4383	36.4834	36.4396	36.4808	36.4409	36.4708	36.4346	36.4581	36.4249	36.4523	36.4178	36.4368	36.3988	36.4192	36.3762	36.3744	36.3247	36.3372	36.2874	36.2869	36.2501	36.245	36.2014	36.1889	36.1572	36.1452	36.1058	36.087	36.055	36.0234	36.0097	35.9914	35.966	35.9346	35.91	35.8809	35.8667	35.8316	35.8227	35.7795	35.7639	35.7286	35.7303	35.6854	35.6945	35.6353	35.6457	35.5854	35.6003	35.5347	35.5583	35.492	35.5042	35.4481	35.4768	35.3964	35.4185	35.351	35.3828	35.31	35.3334	35.2473	35.2985	35.2205	35.238	35.1584	35.2045	35.1085	35.1637	35.0811	35.1298	35.0326	35.0702	34.9837	35.0446	34.9465	34.9803	34.8915	34.9317	34.8375	34.9021	34.8127	34.8823	34.7876	34.8403	34.7482	34.8367	34.7259	34.7663	34.6741	34.7517	34.6488	34.7401	34.6434	34.695	34.5975	34.6821	34.5747	34.6546	34.5629	34.6245	34.5576	34.6215	34.5152	34.5829	34.5122	34.5694	34.5233	34.5762	34.4736	34.5096	34.4584	34.4831	34.4356	34.4848	34.4271	34.4778	34.4619	34.5143	34.4484	34.4693	34.3884	34.4009	34.3784	34.401	34.355	34.3621	34.3128	34.2976	34.2709	34.2924	34.2764	34.2608	34.175	34.1144	34.0566	33.978	33.9208	33.8844	33.8333	33.8504	34.1587	35.683
Sgr-AMvi_019-Ex1-cssl.clmp.r1r2_fastp	36.4521	36.135	36.405	36.3482	36.4835	36.4182	36.4876	36.4387	36.5097	36.446	36.5069	36.456	36.4993	36.4499	36.4893	36.4414	36.4839	36.4408	36.4667	36.4133	36.4495	36.3917	36.3918	36.3331	36.3526	36.289	36.2902	36.2379	36.2365	36.1742	36.1608	36.1067	36.101	36.0385	36.0168	35.962	35.9345	35.8916	35.8709	35.8227	35.7837	35.7336	35.7072	35.6692	35.634	35.601	35.5639	35.5224	35.5013	35.4764	35.4431	35.4235	35.3808	35.3621	35.3083	35.2972	35.2539	35.2506	35.1937	35.1745	35.1431	35.1427	35.0795	35.0734	35.0226	35.0355	34.981	34.9763	34.9057	34.9336	34.8645	34.8631	34.7981	34.818	34.7346	34.7702	34.7004	34.7342	34.6348	34.6561	34.5798	34.6252	34.517	34.5505	34.4555	34.494	34.3864	34.4566	34.3514	34.4311	34.305	34.3694	34.2646	34.367	34.2155	34.2761	34.1621	34.255	34.115	34.2385	34.1033	34.1874	34.0364	34.157	34.0133	34.1245	33.9617	34.0712	33.9597	34.0612	33.889	33.9974	33.8726	33.9799	33.865	33.9664	33.8085	33.8898	33.7665	33.8368	33.7437	33.826	33.7057	33.8038	33.7307	33.8351	33.7006	33.7728	33.6386	33.6831	33.6044	33.6727	33.5755	33.6169	33.5132	33.5357	33.445	33.5354	33.456	33.4753	33.3093	33.2796	33.1397	33.0966	32.945	32.9353	32.8323	32.9028	33.2632	35.3722
Sgr-AMvi_020-Ex1-cssl.clmp.r1r2_fastp	36.5027	36.1233	36.4163	36.3464	36.4868	36.4115	36.4857	36.4331	36.506	36.4414	36.5025	36.4478	36.4934	36.4431	36.4831	36.4347	36.4736	36.4323	36.4572	36.405	36.4371	36.3854	36.3856	36.3273	36.3422	36.2829	36.2849	36.2368	36.2319	36.1755	36.1607	36.1152	36.1064	36.0496	36.0252	35.9833	35.9501	35.9202	35.8965	35.859	35.8159	35.7795	35.7474	35.7211	35.685	35.6644	35.6177	35.5919	35.5552	35.5485	35.5076	35.4974	35.4443	35.4454	35.3843	35.3801	35.3283	35.3359	35.2754	35.2713	35.2231	35.2419	35.1658	35.1743	35.1118	35.1355	35.0681	35.0701	35.0	35.039	34.9648	34.975	34.8988	34.9274	34.8408	34.8804	34.8098	34.8493	34.745	34.7703	34.6841	34.7402	34.6296	34.6649	34.567	34.6056	34.4935	34.5692	34.4573	34.5435	34.4137	34.4838	34.3755	34.4772	34.3246	34.395	34.269	34.3705	34.2253	34.3476	34.209	34.2954	34.1442	34.2688	34.1116	34.2364	34.0667	34.1911	34.0569	34.177	34.0008	34.1275	33.9901	34.1054	33.9825	34.0972	33.915	34.0202	33.8756	33.9683	33.8477	33.9544	33.8209	33.931	33.8392	33.9626	33.811	33.9063	33.7515	33.8231	33.7201	33.8204	33.6999	33.7655	33.6318	33.6799	33.5652	33.6769	33.578	33.6013	33.4366	33.4258	33.2857	33.2494	33.0986	33.1083	32.9769	33.0638	33.4124	35.4438
Sgr-AMvi_022-Ex1-cssl.clmp.r1r2_fastp	36.4076	36.0394	36.3296	36.2821	36.412	36.3542	36.4165	36.3745	36.4369	36.377	36.4302	36.383	36.4213	36.3736	36.4055	36.3638	36.3982	36.3584	36.3801	36.3301	36.3591	36.3042	36.302	36.2443	36.2581	36.1984	36.1997	36.1515	36.1498	36.0912	36.0738	36.0313	36.0261	35.9667	35.9477	35.9021	35.8753	35.8434	35.8268	35.7875	35.7518	35.7112	35.6891	35.6587	35.6312	35.6063	35.5675	35.5368	35.5133	35.497	35.4633	35.4529	35.4082	35.3992	35.3513	35.3458	35.3013	35.304	35.251	35.2418	35.2071	35.218	35.155	35.1546	35.0992	35.1178	35.0586	35.0565	34.9958	35.0275	34.9631	34.9573	34.9009	34.9188	34.8453	34.8772	34.8172	34.8457	34.7627	34.7756	34.7157	34.7542	34.6629	34.678	34.6111	34.6306	34.543	34.6002	34.5257	34.5845	34.4878	34.5291	34.4593	34.5316	34.4215	34.4531	34.3753	34.4435	34.3439	34.4274	34.3419	34.3873	34.2903	34.3638	34.2642	34.341	34.234	34.303	34.2443	34.3038	34.19	34.2622	34.1957	34.2555	34.2062	34.2532	34.1496	34.2004	34.1159	34.1536	34.1077	34.1579	34.0849	34.1435	34.112	34.1825	34.0962	34.1288	34.0322	34.0665	34.009	34.0497	33.9885	34.0125	33.9279	33.9386	33.8778	33.9338	33.8921	33.8786	33.7702	33.7184	33.6209	33.561	33.4779	33.4424	33.3644	33.3977	33.7436	35.519
Sgr-AMvi_023-Ex1-cssl.clmp.r1r2_fastp	36.4517	36.0655	36.3734	36.308	36.4538	36.3824	36.458	36.4053	36.4796	36.4133	36.4756	36.4198	36.4679	36.4145	36.4551	36.4057	36.4475	36.4018	36.43	36.3737	36.4094	36.3518	36.3561	36.2949	36.3118	36.2488	36.2509	36.1988	36.1975	36.1363	36.1231	36.0736	36.0701	36.0045	35.9877	35.9369	35.9083	35.8712	35.8535	35.8047	35.77	35.7236	35.6985	35.6646	35.6325	35.6068	35.5656	35.5299	35.5075	35.4882	35.4504	35.4395	35.3873	35.3805	35.3241	35.3179	35.2674	35.2719	35.2127	35.2043	35.1592	35.1716	35.0987	35.1033	35.043	35.0614	34.9959	34.9994	34.9253	34.9653	34.889	34.8893	34.8214	34.8473	34.7636	34.8033	34.7314	34.7663	34.6684	34.6903	34.6101	34.6605	34.5529	34.5827	34.4906	34.5302	34.4193	34.49	34.3835	34.4664	34.3403	34.3993	34.2992	34.4037	34.2545	34.3126	34.1969	34.2877	34.1536	34.2637	34.1402	34.2146	34.0804	34.191	34.0467	34.1582	34.0049	34.1173	34.0087	34.1025	33.9469	34.0533	33.9419	34.0357	33.9359	34.0276	33.878	33.9523	33.8355	33.9016	33.8129	33.892	33.7842	33.8772	33.8099	33.909	33.7843	33.8465	33.7202	33.7651	33.6984	33.7546	33.6694	33.7033	33.6134	33.6234	33.5461	33.6233	33.5511	33.5634	33.4265	33.3875	33.2654	33.2065	33.0807	33.0745	32.96	33.0391	33.3971	35.4455
Sgr-AMvi_025-Ex1-cssl.clmp.r1r2_fastp	36.4645	36.1437	36.4063	36.3605	36.4933	36.4283	36.4977	36.4311	36.5108	36.4345	36.5108	36.4494	36.5151	36.453	36.5112	36.4523	36.5017	36.4431	36.4829	36.4118	36.4576	36.3849	36.3984	36.3256	36.353	36.272	36.2837	36.2161	36.2198	36.1419	36.1289	36.0682	36.0497	35.9789	35.9559	35.893	35.8657	35.8153	35.7855	35.7418	35.6886	35.6544	35.6062	35.5789	35.5208	35.5132	35.4472	35.4228	35.3614	35.3692	35.3012	35.316	35.2147	35.244	35.1435	35.1669	35.0635	35.102	34.9911	35.0205	34.9172	34.9764	34.8494	34.9009	34.7693	34.8476	34.7061	34.7813	34.6116	34.7158	34.5651	34.6402	34.476	34.5776	34.4067	34.5231	34.349	34.4621	34.2781	34.3745	34.1948	34.3164	34.1203	34.2312	34.0337	34.1638	33.9607	34.1058	33.8939	34.0567	33.8345	33.9773	33.7642	33.947	33.7	33.8539	33.6215	33.8098	33.5804	33.7677	33.5347	33.6904	33.4564	33.6394	33.4059	33.5886	33.3533	33.5275	33.3367	33.5027	33.2711	33.4163	33.2375	33.3521	33.2118	33.3237	33.145	33.2236	33.0976	33.171	33.0595	33.1492	33.0379	33.1076	33.044	33.1244	33.0366	33.0595	32.9616	32.9449	32.9316	32.9516	32.9119	32.8724	32.8366	32.7703	32.7631	32.746	32.7742	32.6993	32.6319	32.4694	32.4742	32.2855	32.255	32.099	32.1006	32.0764	32.5639	35.0134
Sgr-AMvi_027-Ex1-cssl.clmp.r1r2_fastp	36.4752	36.2568	36.4159	36.4154	36.5027	36.4606	36.506	36.4564	36.5196	36.4556	36.5178	36.4627	36.5199	36.4601	36.5104	36.4519	36.502	36.4427	36.4793	36.4119	36.456	36.38	36.3996	36.326	36.353	36.276	36.288	36.2223	36.2288	36.1564	36.1462	36.0877	36.0794	36.0125	35.9889	35.9366	35.9064	35.8638	35.8403	35.798	35.7546	35.7177	35.674	35.6501	35.5982	35.5854	35.5178	35.5072	35.4511	35.4522	35.3883	35.4078	35.3182	35.3479	35.2457	35.2778	35.1863	35.2207	35.1093	35.1476	35.0526	35.1126	34.99	35.0469	34.9244	35.0045	34.866	34.9379	34.7912	34.8882	34.7371	34.8167	34.6676	34.7636	34.6073	34.7181	34.5635	34.6707	34.4889	34.5884	34.4346	34.5425	34.3534	34.4666	34.2971	34.3966	34.2138	34.3546	34.1696	34.3147	34.1115	34.2382	34.0694	34.2234	33.9951	34.1409	33.9477	34.0884	33.8873	34.0648	33.8673	33.9909	33.7839	33.9491	33.7689	33.9003	33.7022	33.8518	33.7114	33.8143	33.6276	33.7513	33.6168	33.7102	33.593	33.6905	33.5586	33.5974	33.4824	33.5483	33.4789	33.5084	33.4274	33.4937	33.4444	33.5138	33.4022	33.4377	33.3704	33.3402	33.305	33.3405	33.2961	33.2641	33.2123	33.1686	33.1429	33.1568	33.1251	33.1015	33.0309	32.8901	32.8191	32.7016	32.6429	32.5261	32.501	32.4908	32.964	35.2434
Sgr-AMvi_029-Ex1-cssl.clmp.r1r2_fastp	36.4965	36.1486	36.3604	36.3338	36.444	36.3972	36.443	36.4002	36.4548	36.3944	36.448	36.4008	36.4461	36.3977	36.4376	36.3929	36.4342	36.388	36.4142	36.3591	36.3925	36.3329	36.3403	36.2792	36.3004	36.2382	36.2444	36.1943	36.1939	36.1321	36.1241	36.0725	36.0666	36.0104	35.9922	35.9456	35.9181	35.8864	35.8716	35.8349	35.7939	35.7644	35.7334	35.7103	35.6701	35.6605	35.6054	35.5889	35.5454	35.5512	35.4967	35.5101	35.4388	35.4583	35.3825	35.4	35.3244	35.353	35.2674	35.2897	35.223	35.2676	35.1683	35.2078	35.1155	35.1709	35.0735	35.1092	35.0013	35.0738	34.9675	35.0057	34.8989	34.9682	34.8507	34.9271	34.8153	34.891	34.7579	34.818	34.6997	34.7881	34.6563	34.7136	34.6002	34.667	34.5421	34.6317	34.5089	34.5984	34.4746	34.5419	34.4225	34.5436	34.3925	34.4662	34.3408	34.448	34.3179	34.432	34.2956	34.3694	34.245	34.3509	34.2203	34.3196	34.1993	34.2894	34.1994	34.2848	34.1537	34.2293	34.1381	34.2127	34.1633	34.2157	34.1101	34.155	34.0868	34.1105	34.066	34.1056	34.055	34.0973	34.0847	34.1406	34.0825	34.09	34.0186	34.0138	34.0042	34.014	33.9895	33.9732	33.9568	33.9109	33.904	33.9121	33.9133	33.867	33.8039	33.7246	33.6906	33.5699	33.5245	33.4446	33.4326	33.4264	33.8105	35.5497
Sgr-AMvi_030-Ex1-cssl.clmp.r1r2_fastp	36.4608	36.1127	36.3604	36.3295	36.4556	36.395	36.4538	36.3995	36.4629	36.395	36.4575	36.4045	36.4548	36.4061	36.4456	36.3995	36.4414	36.3935	36.4216	36.3653	36.3983	36.3401	36.3431	36.2816	36.3057	36.2409	36.2454	36.1933	36.1954	36.1316	36.1223	36.0693	36.061	36.0023	35.9827	35.931	35.9066	35.8707	35.856	35.8153	35.7838	35.744	35.7159	35.6896	35.6532	35.6317	35.5858	35.5607	35.5295	35.5245	35.4772	35.4829	35.426	35.4297	35.3618	35.3709	35.3012	35.3239	35.2479	35.2615	35.204	35.2442	35.1509	35.1805	35.0981	35.1416	35.0527	35.0837	34.9821	35.0498	34.9504	34.98	34.8928	34.9471	34.8381	34.9115	34.8118	34.8753	34.7498	34.8033	34.7019	34.7818	34.6529	34.7121	34.6075	34.6764	34.5377	34.6449	34.5126	34.619	34.4773	34.5719	34.448	34.5747	34.4148	34.5054	34.3807	34.5012	34.3456	34.485	34.3444	34.4364	34.2926	34.4229	34.2726	34.4043	34.2496	34.3699	34.2598	34.3724	34.2113	34.3266	34.2144	34.3144	34.2299	34.3201	34.1858	34.2703	34.1707	34.2258	34.156	34.2329	34.1405	34.2228	34.1895	34.2672	34.1806	34.23	34.1268	34.1597	34.1257	34.1614	34.1142	34.1401	34.0771	34.067	34.0319	34.08	34.054	34.0553	33.9631	33.9113	33.8582	33.7731	33.7138	33.6903	33.6358	33.6628	33.9921	35.63
Sgr-AMvi_031-Ex1-cssl.clmp.r1r2_fastp	36.4768	36.1437	36.3929	36.3563	36.4716	36.4164	36.4683	36.422	36.4775	36.4198	36.474	36.4284	36.4701	36.4273	36.4603	36.4221	36.4561	36.4162	36.4372	36.3855	36.416	36.3635	36.3642	36.3121	36.3272	36.2684	36.2687	36.2224	36.2206	36.166	36.1513	36.106	36.0961	36.0432	36.02	35.9712	35.9449	35.908	35.8939	35.8493	35.8189	35.776	35.7517	35.7163	35.6913	35.6603	35.6236	35.588	35.57	35.5493	35.523	35.5088	35.4705	35.462	35.4126	35.4053	35.3612	35.3607	35.306	35.2995	35.2708	35.2836	35.2194	35.227	35.177	35.194	35.1386	35.1374	35.0737	35.1086	35.0415	35.0483	34.9879	35.017	34.9366	34.9815	34.9097	34.9497	34.8519	34.8766	34.804	34.8552	34.7528	34.7858	34.7058	34.7451	34.6382	34.7111	34.6074	34.6861	34.5681	34.6291	34.5375	34.6371	34.4934	34.5617	34.4456	34.5441	34.4077	34.521	34.3971	34.4699	34.3386	34.4453	34.3131	34.4238	34.2738	34.3847	34.2799	34.3746	34.2274	34.321	34.21	34.301	34.2047	34.2931	34.1528	34.2364	34.1224	34.1878	34.1095	34.1832	34.082	34.169	34.098	34.195	34.0732	34.139	34.019	34.0603	33.986	34.0581	33.9648	34.0078	33.9043	33.9332	33.8465	33.9232	33.8651	33.8688	33.7255	33.7124	33.5902	33.5451	33.421	33.4208	33.3043	33.3725	33.6777	35.5193
Sgr-AMvi_032-Ex1-cssl.clmp.r1r2_fastp	36.3411	36.0931	36.3875	36.3508	36.4772	36.4201	36.4736	36.4232	36.4826	36.421	36.4735	36.4271	36.4739	36.4317	36.4657	36.4276	36.4628	36.4233	36.4403	36.3855	36.4173	36.3635	36.3567	36.3016	36.3197	36.2568	36.257	36.204	36.1995	36.1347	36.1143	36.0582	36.0463	35.9752	35.9484	35.8826	35.8626	35.8018	35.7876	35.7203	35.6907	35.6276	35.6069	35.5483	35.5361	35.4836	35.4584	35.395	35.3969	35.3542	35.3461	35.3051	35.2891	35.2535	35.2225	35.1821	35.1685	35.1391	35.1134	35.0686	35.0732	35.0507	35.0154	34.9829	34.9638	34.9488	34.9224	34.8788	34.8594	34.8545	34.8125	34.7778	34.7617	34.7434	34.6962	34.7021	34.6703	34.6682	34.6014	34.5806	34.5558	34.5661	34.4878	34.4781	34.4462	34.4324	34.3621	34.3929	34.3394	34.3744	34.2832	34.3015	34.2665	34.3243	34.2067	34.231	34.1693	34.2116	34.1109	34.1924	34.1055	34.1466	34.0297	34.1027	34.0164	34.0909	33.9548	34.0283	33.9703	34.0265	33.89	33.9565	33.874	33.9378	33.8719	33.907	33.809	33.8521	33.744	33.7684	33.7252	33.7648	33.6681	33.7298	33.6881	33.761	33.6533	33.6662	33.5828	33.5933	33.5289	33.5678	33.5041	33.5005	33.4279	33.4037	33.3502	33.3982	33.3396	33.3106	33.1963	33.1214	33.0067	32.9156	32.805	32.7424	32.6546	32.7092	33.1061	35.3089
Sgr-AMvi_033-Ex1-cssl.clmp.r1r2_fastp	36.3957	36.0736	36.357	36.3202	36.4478	36.39	36.4468	36.394	36.455	36.3883	36.4454	36.3966	36.448	36.3995	36.4382	36.3947	36.4345	36.391	36.414	36.3576	36.3918	36.3321	36.3342	36.2748	36.2954	36.2297	36.2358	36.1809	36.1819	36.1188	36.1046	36.052	36.0445	35.9763	35.9579	35.8949	35.8754	35.8267	35.8152	35.7571	35.7287	35.6748	35.6535	35.6067	35.5874	35.5468	35.5145	35.4692	35.4568	35.4314	35.4074	35.3898	35.356	35.3356	35.2914	35.2742	35.2373	35.2244	35.1802	35.1596	35.1364	35.1396	35.0866	35.0731	35.0313	35.0397	34.9876	34.9685	34.9191	34.9372	34.884	34.8643	34.8254	34.8338	34.7667	34.7845	34.7382	34.7521	34.669	34.6661	34.614	34.6411	34.561	34.563	34.5119	34.5168	34.4409	34.4792	34.4037	34.4617	34.3641	34.394	34.3295	34.4036	34.2907	34.3185	34.2402	34.3082	34.1932	34.2787	34.1853	34.2237	34.1227	34.194	34.0917	34.1699	34.0546	34.1188	34.0495	34.1147	33.9842	34.0438	33.9632	34.0294	33.9658	34.0056	33.906	33.946	33.8536	33.8735	33.827	33.8731	33.7926	33.832	33.8034	33.8635	33.769	33.7817	33.6968	33.6992	33.6611	33.6772	33.6212	33.6289	33.5529	33.5117	33.4792	33.511	33.4735	33.4322	33.333	33.2356	33.1494	33.0433	32.9439	32.8809	32.8137	32.8416	33.2849	35.3858
Sgr-AMvi_034-Ex1-cssl.clmp.r1r2_fastp	36.3571	35.9537	36.327	36.2612	36.4259	36.3409	36.4194	36.3499	36.4301	36.3471	36.4215	36.3613	36.4196	36.3637	36.4098	36.3595	36.4035	36.3521	36.3805	36.3158	36.356	36.2886	36.2918	36.2295	36.2496	36.1823	36.1879	36.1276	36.132	36.0586	36.0475	35.9852	35.9856	35.9061	35.8931	35.8301	35.8134	35.7591	35.755	35.6937	35.6723	35.6092	35.5956	35.5452	35.5304	35.4798	35.4545	35.399	35.3943	35.3585	35.3444	35.3127	35.2873	35.2566	35.222	35.1923	35.1647	35.1428	35.1098	35.0778	35.0623	35.0524	35.0099	34.9895	34.9527	34.949	34.9053	34.8806	34.8346	34.8412	34.7914	34.7693	34.7347	34.7305	34.6774	34.6908	34.6442	34.6543	34.5756	34.5716	34.527	34.5466	34.467	34.4759	34.4132	34.424	34.3387	34.3908	34.3068	34.3605	34.2601	34.3017	34.227	34.3049	34.1824	34.2312	34.1397	34.2116	34.0893	34.1871	34.0828	34.137	34.015	34.1108	33.9922	34.0932	33.9534	34.0569	33.9588	34.0495	33.898	33.9943	33.8882	33.9832	33.8931	33.9773	33.838	33.9146	33.8012	33.8659	33.7866	33.8577	33.7553	33.8423	33.7789	33.8813	33.7586	33.8166	33.6946	33.7416	33.6719	33.7319	33.6531	33.6874	33.5946	33.6071	33.5232	33.5958	33.5314	33.5374	33.3933	33.3564	33.2164	33.181	33.042	33.0359	32.9222	32.9862	33.3534	35.3835
Sgr-AMvi_035-Ex1-cssl.clmp.r1r2_fastp	36.5048	36.1539	36.3569	36.332	36.443	36.3944	36.4463	36.3928	36.4596	36.3903	36.454	36.397	36.4531	36.3935	36.447	36.3895	36.4416	36.3833	36.4189	36.3505	36.3962	36.3258	36.3419	36.2728	36.2996	36.2314	36.2403	36.182	36.1863	36.1215	36.1107	36.0613	36.0537	35.9975	35.9767	35.9326	35.9	35.869	35.8451	35.8153	35.7628	35.7398	35.6948	35.6861	35.6243	35.6238	35.5506	35.5518	35.4849	35.5011	35.4265	35.4569	35.3548	35.3974	35.2933	35.3276	35.2235	35.2719	35.1577	35.1996	35.0962	35.1693	35.036	35.0995	34.9685	35.0585	34.9154	34.9887	34.8348	34.9408	34.7916	34.8669	34.7169	34.8175	34.662	34.7746	34.618	34.7278	34.5487	34.6444	34.4848	34.6056	34.4267	34.5243	34.3629	34.4732	34.2981	34.4312	34.248	34.3932	34.2057	34.3223	34.1519	34.3184	34.1156	34.2427	34.0574	34.2139	34.0335	34.1968	34.0065	34.1325	33.9529	34.1093	33.9326	34.0712	33.9138	34.0444	33.9158	34.038	33.8608	33.9735	33.8501	33.9539	33.8753	33.9589	33.8303	33.8907	33.8167	33.8569	33.7986	33.8489	33.7908	33.8363	33.8202	33.88	33.8228	33.8399	33.7713	33.754	33.7621	33.7754	33.7543	33.7265	33.7211	33.6669	33.6609	33.6657	33.6746	33.6326	33.5783	33.4754	33.4547	33.3266	33.2874	33.21	33.2058	33.1872	33.6003	35.4951
Sgr-AMvi_036-Ex1-cssl.clmp.r1r2_fastp	36.3724	35.9521	36.3324	36.2555	36.4237	36.3349	36.4106	36.3429	36.4267	36.3518	36.4141	36.3611	36.4065	36.3587	36.3981	36.3564	36.3921	36.3474	36.3666	36.3127	36.3466	36.287	36.2823	36.2299	36.2421	36.1833	36.1848	36.1327	36.1287	36.0635	36.0485	35.9878	35.983	35.9189	35.8943	35.8355	35.8148	35.7608	35.7636	35.6967	35.6697	35.6087	35.6067	35.5469	35.5396	35.4838	35.4691	35.4095	35.4113	35.3673	35.3679	35.3228	35.3076	35.2694	35.2526	35.2079	35.196	35.1656	35.1432	35.1027	35.1014	35.0757	35.0465	35.0175	35.0004	34.9822	34.9548	34.9137	34.8885	34.8872	34.8626	34.8191	34.8007	34.78	34.7563	34.7411	34.713	34.7117	34.6538	34.6398	34.6012	34.6213	34.5514	34.5432	34.4989	34.5015	34.4381	34.4725	34.4024	34.452	34.3741	34.3897	34.3233	34.4023	34.284	34.3361	34.2404	34.3227	34.2187	34.3229	34.1928	34.276	34.1458	34.2516	34.1224	34.234	34.0883	34.2269	34.1126	34.2141	34.0457	34.164	34.0309	34.1486	34.066	34.1508	34.0169	34.1156	33.9822	34.0848	33.9649	34.0745	33.9493	34.0801	33.9877	34.1154	33.9755	34.0678	33.9085	33.9956	33.8833	33.9857	33.87	33.9563	33.8313	33.8811	33.749	33.8684	33.7671	33.8146	33.6437	33.6467	33.4939	33.485	33.3353	33.3502	33.2363	33.3134	33.5849	35.4706
Sgr-AMvi_037-Ex1-cssl.clmp.r1r2_fastp	36.4507	36.235	36.4054	36.3916	36.493	36.4443	36.5009	36.4501	36.5213	36.4522	36.5176	36.4571	36.5162	36.4525	36.503	36.4415	36.4981	36.4364	36.479	36.4068	36.4569	36.3771	36.4013	36.3198	36.354	36.2721	36.2894	36.2227	36.2291	36.1533	36.1468	36.0857	36.0802	36.0081	35.9876	35.9376	35.904	35.8641	35.8369	35.8023	35.7473	35.7186	35.6653	35.6558	35.5902	35.593	35.5122	35.5157	35.4478	35.4691	35.3871	35.4228	35.3127	35.3623	35.2396	35.2941	35.1757	35.2419	35.1036	35.1753	35.0469	35.1399	34.9833	35.0708	34.915	35.031	34.8615	34.9686	34.7895	34.9253	34.7381	34.8586	34.6693	34.8058	34.6072	34.7589	34.565	34.7197	34.4953	34.6398	34.4377	34.5982	34.3713	34.5239	34.3116	34.4599	34.2316	34.4222	34.19	34.388	34.1376	34.3225	34.0961	34.3094	34.034	34.2282	33.9783	34.1836	33.9266	34.1648	33.904	34.0921	33.8377	34.0577	33.8125	34.0108	33.7506	33.9687	33.7547	33.9301	33.6908	33.8741	33.6728	33.834	33.6606	33.8135	33.6123	33.7151	33.5534	33.6609	33.5367	33.6333	33.5096	33.612	33.5282	33.6351	33.5044	33.5587	33.4584	33.4522	33.4137	33.4582	33.4067	33.3855	33.347	33.2911	33.2937	33.2924	33.2866	33.2352	33.1873	33.0291	33.0124	32.8651	32.8501	32.7022	32.7118	32.6585	33.1472	35.2826
Sgr-AMvi_038-Ex1-cssl.clmp.r1r2_fastp	36.492	36.2465	36.4205	36.4016	36.5017	36.4498	36.5105	36.4567	36.53	36.4591	36.5256	36.4616	36.5239	36.4564	36.511	36.4457	36.5042	36.4403	36.4835	36.4074	36.458	36.3789	36.4007	36.3184	36.3495	36.2686	36.2823	36.2135	36.2198	36.1434	36.1345	36.071	36.0632	35.9929	35.9698	35.9186	35.8829	35.8421	35.8129	35.7742	35.7227	35.6921	35.6386	35.623	35.5593	35.5569	35.4796	35.4783	35.4119	35.4257	35.3502	35.379	35.2748	35.317	35.2083	35.2452	35.1425	35.1945	35.0715	35.1235	35.0128	35.0871	34.9465	35.0183	34.8787	34.9782	34.8229	34.9133	34.748	34.8636	34.6943	34.7934	34.6221	34.737	34.5616	34.6902	34.514	34.648	34.4392	34.5604	34.3829	34.5161	34.3062	34.4436	34.2431	34.3687	34.1596	34.3292	34.105	34.2914	34.0543	34.2158	34.0074	34.2074	33.9328	34.1214	33.8794	34.0659	33.8295	34.0448	33.7982	33.9773	33.7318	33.9313	33.7046	33.8799	33.6376	33.8375	33.6487	33.7851	33.5807	33.7367	33.558	33.6926	33.5452	33.6661	33.5085	33.5742	33.4409	33.525	33.4323	33.4799	33.4046	33.4723	33.4125	33.4986	33.3845	33.4164	33.3587	33.3126	33.2963	33.33	33.2992	33.2472	33.2298	33.1635	33.1544	33.1614	33.1455	33.0961	33.0497	32.8993	32.8517	32.7318	32.689	32.5594	32.5563	32.5199	32.9734	35.2321
Sgr-AMvi_039-Ex1-cssl.clmp.r1r2_fastp	36.503	36.1634	36.3423	36.3202	36.412	36.3822	36.4177	36.3891	36.4341	36.3907	36.4213	36.3854	36.4148	36.3761	36.4061	36.3662	36.4044	36.3649	36.3859	36.3356	36.3642	36.3071	36.3108	36.2538	36.2656	36.2056	36.2037	36.1618	36.1486	36.0971	36.0791	36.0355	36.0228	35.9726	35.9437	35.9109	35.8679	35.8451	35.817	35.7921	35.7359	35.7157	35.6698	35.6615	35.6078	35.6086	35.5405	35.541	35.4837	35.4971	35.4353	35.4567	35.3729	35.4072	35.3213	35.3517	35.271	35.3063	35.2121	35.2487	35.1674	35.2173	35.1134	35.1557	35.0568	35.1322	35.0181	35.0674	34.953	35.0309	34.9157	34.9658	34.8488	34.9142	34.8004	34.8718	34.762	34.8373	34.7009	34.7665	34.6548	34.7359	34.5984	34.6593	34.5442	34.6055	34.4904	34.5699	34.4534	34.5434	34.414	34.4791	34.3683	34.4719	34.3217	34.3967	34.2749	34.368	34.2528	34.3479	34.2255	34.2866	34.1628	34.2582	34.1451	34.2221	34.1122	34.1917	34.1134	34.1791	34.0562	34.1122	34.04	34.0929	34.0509	34.0895	34.008	34.0171	33.9692	33.9761	33.9484	33.9574	33.9285	33.9511	33.9465	33.9783	33.929	33.9179	33.8651	33.823	33.8309	33.8258	33.8102	33.7774	33.7609	33.7021	33.6885	33.6865	33.6819	33.6213	33.5631	33.4436	33.4098	33.2795	33.2319	33.1189	33.114	33.0771	33.4924	35.4216
Sgr-AMvi_041-Ex1-cssl.clmp.r1r2_fastp	36.562	36.2254	36.4017	36.3779	36.4768	36.4359	36.479	36.4468	36.4951	36.4434	36.4883	36.4458	36.4851	36.4423	36.4734	36.434	36.4694	36.429	36.4554	36.4051	36.4349	36.3826	36.3881	36.3314	36.3477	36.2901	36.2922	36.2482	36.2451	36.1921	36.1808	36.1399	36.132	36.0832	36.0625	36.0229	35.9875	35.9672	35.9438	35.9175	35.8739	35.8518	35.8125	35.8025	35.7522	35.7508	35.6948	35.6877	35.6373	35.6474	35.5884	35.605	35.53	35.5559	35.4768	35.498	35.4187	35.458	35.3665	35.3922	35.3187	35.3687	35.2674	35.3066	35.2125	35.2693	35.1745	35.2158	35.1047	35.1793	35.0736	35.1086	35.0074	35.0741	34.9568	35.031	34.9208	34.9942	34.8669	34.9312	34.8104	34.8986	34.7654	34.8291	34.7086	34.7845	34.6514	34.7489	34.6219	34.7255	34.5888	34.6797	34.5495	34.6766	34.5241	34.6058	34.4754	34.59	34.4453	34.5769	34.4393	34.5311	34.3927	34.5171	34.3732	34.4916	34.3521	34.4574	34.3568	34.4586	34.3169	34.4164	34.3185	34.4063	34.3316	34.4097	34.2823	34.3458	34.2683	34.3084	34.2561	34.3095	34.2481	34.3044	34.2798	34.3393	34.2757	34.3007	34.2239	34.232	34.2186	34.2354	34.2006	34.2015	34.154	34.1334	34.1157	34.1328	34.1255	34.0995	34.0189	33.9564	33.9078	33.8273	33.7701	33.7325	33.6897	33.7036	34.0425	35.6506
Sgr-AMvi_042-Ex1-cssl.clmp.r1r2_fastp	36.4531	36.1367	36.3779	36.3408	36.4611	36.4078	36.4632	36.421	36.4786	36.4227	36.4685	36.4213	36.4627	36.4191	36.4472	36.4087	36.4456	36.4046	36.428	36.3781	36.4064	36.3519	36.3502	36.2946	36.3085	36.2459	36.2495	36.1998	36.1988	36.1393	36.1221	36.0709	36.0665	36.0031	35.9843	35.9301	35.9083	35.8692	35.8576	35.8086	35.7824	35.7346	35.717	35.6806	35.6583	35.6321	35.6005	35.5638	35.5474	35.528	35.501	35.488	35.4488	35.439	35.3909	35.3863	35.3448	35.3433	35.2931	35.2855	35.25	35.2612	35.1958	35.1984	35.1428	35.1633	35.1005	35.1037	35.0373	35.0699	35.0016	35.0061	34.943	34.9703	34.8824	34.9234	34.8559	34.8927	34.7991	34.8227	34.7485	34.7992	34.7001	34.725	34.6468	34.6803	34.5774	34.6479	34.5571	34.6338	34.5235	34.5744	34.4911	34.5836	34.4529	34.5104	34.4066	34.4946	34.3721	34.4763	34.3688	34.4352	34.3122	34.4087	34.2866	34.3905	34.2544	34.3551	34.2639	34.3531	34.2132	34.3028	34.2142	34.2937	34.2181	34.2834	34.1635	34.2352	34.1385	34.1874	34.1286	34.1902	34.1062	34.1741	34.1392	34.2076	34.121	34.1586	34.0582	34.0896	34.0489	34.0811	34.0275	34.042	33.9874	33.9694	33.9248	33.9704	33.9384	33.922	33.8292	33.7755	33.7047	33.6095	33.5434	33.5095	33.4438	33.4714	33.7928	35.5403
Sgr-AMvi_043-Ex1-cssl.clmp.r1r2_fastp	36.5292	36.198	36.4243	36.3804	36.4852	36.4378	36.4838	36.4513	36.4988	36.4511	36.4906	36.4509	36.4843	36.4471	36.4713	36.4377	36.4668	36.436	36.4515	36.4091	36.4332	36.3894	36.3841	36.3377	36.3467	36.2931	36.2923	36.2539	36.2458	36.2007	36.1813	36.1443	36.1337	36.0853	36.0641	36.0262	35.9953	35.9663	35.9439	35.9088	35.8716	35.8382	35.8092	35.784	35.7544	35.7325	35.6938	35.6672	35.6428	35.6311	35.6016	35.5931	35.5501	35.5478	35.4975	35.4959	35.4507	35.4549	35.4053	35.3993	35.3656	35.3786	35.3197	35.3215	35.2707	35.2952	35.2383	35.2434	35.1806	35.2146	35.1497	35.1544	35.0944	35.118	35.0452	35.0785	35.0147	35.0484	34.9598	34.9798	34.9103	34.9546	34.8572	34.8881	34.8056	34.8415	34.7479	34.8083	34.7119	34.7862	34.6762	34.731	34.6414	34.729	34.6024	34.6561	34.5492	34.626	34.5169	34.6113	34.4983	34.5628	34.4376	34.5325	34.4145	34.5046	34.3715	34.4639	34.3648	34.4409	34.3089	34.3926	34.2937	34.3726	34.2897	34.3621	34.227	34.2831	34.183	34.2421	34.1504	34.2149	34.1221	34.1945	34.1353	34.2166	34.1042	34.1555	34.046	34.0636	34.0028	34.0457	33.9709	33.9894	33.9014	33.9049	33.8162	33.885	33.8168	33.8204	33.6623	33.633	33.4998	33.4487	33.2993	33.2799	33.1751	33.2205	33.5292	35.4525
Sgr-AMvi_044-Ex1-cssl.clmp.r1r2_fastp	36.4867	36.1721	36.4079	36.3677	36.4769	36.429	36.4777	36.4402	36.4933	36.4406	36.4827	36.4421	36.4791	36.4378	36.466	36.429	36.4637	36.4257	36.4476	36.3982	36.4272	36.3751	36.373	36.3213	36.3327	36.2763	36.2764	36.2312	36.2272	36.1722	36.1571	36.1135	36.1039	36.0491	36.0266	35.9809	35.9507	35.9145	35.8975	35.855	35.8159	35.7764	35.7458	35.7168	35.6837	35.6623	35.6189	35.5885	35.5656	35.5521	35.5148	35.5041	35.459	35.4533	35.3999	35.3962	35.3495	35.3524	35.2969	35.289	35.2506	35.2672	35.198	35.1976	35.1468	35.1665	35.1051	35.1058	35.0423	35.0738	35.0052	35.0063	34.9481	34.9674	34.8889	34.923	34.857	34.8914	34.8012	34.8183	34.7484	34.7925	34.6928	34.717	34.6371	34.6679	34.5672	34.6298	34.5362	34.6109	34.5002	34.5489	34.4702	34.5551	34.4197	34.47	34.3714	34.4513	34.3323	34.4291	34.3191	34.3835	34.2605	34.3538	34.2351	34.3258	34.1928	34.2777	34.1919	34.27	34.1379	34.2149	34.1273	34.2052	34.1229	34.1872	34.0644	34.1174	34.0234	34.0637	33.9969	34.0527	33.9679	34.0294	33.9811	34.0611	33.9559	33.9892	33.8793	33.903	33.8578	33.8891	33.8171	33.8373	33.7521	33.7423	33.6754	33.7313	33.6848	33.6596	33.5291	33.4736	33.3676	33.2957	33.1674	33.1481	33.0562	33.0977	33.4573	35.447
Sgr-AMvi_045-Ex1-cssl.clmp.r1r2_fastp	36.5236	36.19	36.4027	36.3663	36.4677	36.4243	36.4682	36.4359	36.4816	36.4334	36.4723	36.4341	36.4654	36.4266	36.4537	36.4169	36.4498	36.4156	36.434	36.3885	36.4127	36.3644	36.364	36.3111	36.3225	36.2702	36.2664	36.2266	36.2211	36.1742	36.1564	36.1205	36.109	36.062	36.0394	36.0019	35.9691	35.9448	35.9226	35.8941	35.8541	35.8276	35.7941	35.7789	35.7403	35.7318	35.6868	35.6732	35.6342	35.6352	35.5951	35.6026	35.5444	35.5568	35.4945	35.5085	35.4481	35.4695	35.4043	35.4165	35.3577	35.395	35.3141	35.3371	35.2697	35.308	35.2305	35.2536	35.1734	35.2232	35.1427	35.1631	35.0846	35.1297	35.0371	35.0904	35.0092	35.06	34.9545	34.9909	34.9073	34.9646	34.8618	34.9009	34.8071	34.855	34.7486	34.8204	34.7161	34.7955	34.6835	34.7459	34.6519	34.7441	34.6157	34.6673	34.5598	34.6436	34.5313	34.6221	34.5153	34.5787	34.4627	34.5509	34.4363	34.5212	34.4031	34.4786	34.3977	34.4691	34.3467	34.4161	34.3278	34.396	34.3351	34.3818	34.2754	34.3134	34.2349	34.2614	34.2088	34.2476	34.1854	34.2233	34.1965	34.2502	34.166	34.181	34.0928	34.097	34.0696	34.0789	34.025	34.0156	33.9663	33.9228	33.8826	33.9078	33.8895	33.8343	33.746	33.6526	33.5781	33.4707	33.3815	33.3124	33.2529	33.2607	33.6418	35.5052
Sgr-AMvi_046-Ex1-cssl.clmp.r1r2_fastp	36.3976	36.0402	36.3665	36.3018	36.4417	36.3727	36.4409	36.3895	36.4551	36.392	36.4446	36.3919	36.4343	36.3879	36.418	36.3796	36.4142	36.3756	36.3956	36.3444	36.3733	36.3181	36.3131	36.2584	36.2719	36.2087	36.2119	36.1611	36.1593	36.0954	36.0828	36.0299	36.0241	35.9541	35.94	35.8863	35.8704	35.8207	35.8159	35.7581	35.7367	35.679	35.6691	35.6239	35.6155	35.5703	35.551	35.5031	35.502	35.4674	35.4574	35.4289	35.4096	35.3776	35.3551	35.3279	35.3102	35.2934	35.2635	35.2372	35.2237	35.2139	35.1751	35.1517	35.1255	35.1187	35.0865	35.0596	35.0275	35.0328	34.9905	34.967	34.9338	34.9291	34.8783	34.8877	34.8484	34.8601	34.7929	34.7872	34.7471	34.7636	34.6868	34.6969	34.6367	34.647	34.5675	34.6153	34.5393	34.5905	34.4952	34.5389	34.4678	34.5393	34.4125	34.4608	34.3698	34.4423	34.3243	34.4212	34.3166	34.3739	34.2557	34.3467	34.2269	34.3235	34.1836	34.2818	34.1824	34.2709	34.1231	34.2219	34.1104	34.2075	34.1076	34.1888	34.0481	34.1194	34.0027	34.0818	33.974	34.0589	33.9478	34.0278	33.9663	34.062	33.9308	33.9915	33.853	33.9013	33.812	33.9005	33.78	33.8275	33.7123	33.7348	33.6247	33.7225	33.6076	33.6428	33.4648	33.4454	33.29	33.2556	33.0912	33.0939	32.9518	33.0246	33.3347	35.3761
Sgr-AMvi_047-Ex1-cssl.clmp.r1r2_fastp	36.3715	35.805	36.3375	36.1952	36.437	36.3069	36.4335	36.349	36.4572	36.3619	36.4416	36.3737	36.4312	36.3694	36.4126	36.3643	36.4096	36.3637	36.3854	36.3285	36.359	36.3002	36.2896	36.2285	36.2387	36.1711	36.1667	36.1106	36.0978	36.0259	36.0025	35.9301	35.9187	35.8353	35.8116	35.739	35.7107	35.6404	35.6362	35.5553	35.5232	35.4447	35.4359	35.3669	35.3527	35.2933	35.2799	35.2121	35.2115	35.1642	35.161	35.1181	35.0922	35.0585	35.0276	34.9957	34.9711	34.9498	34.9208	34.8912	34.8812	34.8632	34.8262	34.8051	34.7698	34.7741	34.7472	34.7145	34.6728	34.6852	34.6532	34.6256	34.582	34.5839	34.5412	34.5549	34.5062	34.5276	34.4598	34.4583	34.3967	34.4321	34.3567	34.366	34.2884	34.313	34.2456	34.2922	34.2008	34.2685	34.1799	34.2157	34.1359	34.2205	34.1102	34.1538	34.0426	34.1168	34.031	34.1172	34.0007	34.0697	33.9554	34.0449	33.9082	34.0092	33.8856	33.9936	33.887	33.9845	33.8458	33.9429	33.8115	33.9283	33.837	33.9212	33.7707	33.8597	33.7454	33.8289	33.7021	33.8087	33.7059	33.8005	33.6919	33.8381	33.7032	33.7823	33.6202	33.696	33.5863	33.6938	33.5534	33.6274	33.4976	33.545	33.4156	33.5432	33.4235	33.4632	33.2715	33.2754	33.1012	33.0996	32.9006	32.9294	32.7952	32.8884	33.1913	35.3368
Sgr-AMvi_048-Ex1-cssl.clmp.r1r2_fastp	36.4003	35.9623	36.3542	36.2591	36.4343	36.3448	36.4293	36.3706	36.4527	36.3803	36.4384	36.3832	36.4267	36.3775	36.4146	36.3711	36.411	36.3676	36.3899	36.3362	36.3699	36.309	36.3046	36.2431	36.2568	36.1935	36.195	36.1399	36.1352	36.0625	36.0507	35.9808	35.9841	35.9024	35.8892	35.8202	35.8055	35.7371	35.7438	35.6613	35.6422	35.5628	35.573	35.4935	35.4974	35.4289	35.4289	35.3519	35.3682	35.3057	35.3217	35.2577	35.2561	35.203	35.198	35.1417	35.1446	35.0956	35.0965	35.0334	35.0493	35.0014	34.9964	34.9371	34.9414	34.906	34.9003	34.8382	34.8358	34.8172	34.8079	34.7482	34.7436	34.6955	34.692	34.6644	34.6554	34.6325	34.5946	34.553	34.535	34.5362	34.484	34.4563	34.4209	34.4065	34.3613	34.3763	34.3233	34.3533	34.2991	34.298	34.2482	34.302	34.2092	34.2402	34.1501	34.2138	34.126	34.2047	34.0999	34.162	34.0476	34.135	34.0136	34.1018	33.976	34.0846	33.9862	34.0763	33.9258	34.0215	33.9038	34.0042	33.9215	33.9989	33.8667	33.9514	33.83	33.9113	33.7998	33.9033	33.7844	33.8875	33.8025	33.9216	33.7899	33.8678	33.7207	33.772	33.6775	33.7758	33.6439	33.7274	33.6098	33.6432	33.5356	33.6341	33.5281	33.5585	33.396	33.3929	33.2327	33.2122	33.0383	33.0643	32.9229	33.0042	33.2798	35.3546
Sgr-AMvi_049-Ex1-cssl.clmp.r1r2_fastp	36.4993	36.1558	36.3946	36.3577	36.4767	36.437	36.4954	36.4603	36.5242	36.4756	36.5232	36.4827	36.5199	36.4703	36.5093	36.4661	36.5093	36.4623	36.4906	36.4427	36.4711	36.4143	36.4168	36.3585	36.3642	36.3066	36.304	36.2551	36.2401	36.1828	36.1583	36.1108	36.0905	36.0289	35.999	35.9584	35.9139	35.8834	35.8422	35.8069	35.7543	35.7241	35.6689	35.6575	35.5872	35.5878	35.5097	35.5152	35.4495	35.4585	35.3815	35.3987	35.2982	35.34	35.2284	35.2595	35.1485	35.1938	35.076	35.1114	35.003	35.0612	34.9357	34.9845	34.8582	34.936	34.792	34.8694	34.6996	34.8015	34.649	34.7259	34.5655	34.661	34.4862	34.5912	34.4163	34.5295	34.3454	34.4484	34.2634	34.4021	34.1889	34.3023	34.1023	34.2212	34.0221	34.1704	33.9485	34.1126	33.904	34.0525	33.8256	34.0074	33.776	33.9311	33.6944	33.8607	33.6499	33.8319	33.5989	33.7639	33.528	33.7261	33.4911	33.6286	33.4465	33.6061	33.4226	33.5837	33.3576	33.498	33.315	33.4431	33.3077	33.4219	33.2353	33.3249	33.1942	33.2737	33.1687	33.2511	33.1626	33.2405	33.1718	33.26	33.1697	33.1945	33.1235	33.0848	33.0907	33.0859	33.065	33.0193	33.0322	32.9193	32.9475	32.9219	32.9481	32.8718	32.8243	32.6874	32.6421	32.4919	32.4281	32.329	32.3379	32.2854	32.7222	35.0819
Sgr-AMvi_050-Ex1-cssl.clmp.r1r2_fastp	36.5056	36.1207	36.3815	36.3368	36.4635	36.4169	36.4846	36.4457	36.5247	36.4635	36.5189	36.4674	36.5162	36.4586	36.5049	36.4525	36.5012	36.452	36.4837	36.4256	36.4625	36.3939	36.4011	36.3299	36.3332	36.2704	36.268	36.2101	36.1931	36.1325	36.0981	36.0444	36.0143	35.9498	35.8968	35.8554	35.8037	35.7673	35.7209	35.6855	35.6189	35.5805	35.525	35.4908	35.4189	35.4161	35.3287	35.3314	35.2535	35.2755	35.184	35.2089	35.0882	35.1276	34.9973	35.0367	34.9123	34.9697	34.828	34.8962	34.7622	34.8363	34.689	34.7485	34.6036	34.6975	34.5316	34.6271	34.4464	34.5788	34.3918	34.5043	34.3056	34.4128	34.2292	34.3548	34.1767	34.3099	34.094	34.2178	34.0232	34.1696	33.9488	34.0737	33.876	34.0146	33.7849	33.9475	33.7211	33.9084	33.664	33.8193	33.596	33.8056	33.545	33.7068	33.4619	33.6553	33.4065	33.6173	33.3536	33.5494	33.2989	33.5031	33.2529	33.4196	33.2056	33.3785	33.2018	33.3519	33.1455	33.2858	33.1216	33.2144	33.1098	33.2053	33.0403	33.0934	32.9796	33.0496	32.9514	33.035	32.9703	33.0194	32.966	33.0897	32.9702	32.9868	32.9055	32.8936	32.8846	32.9094	32.878	32.8532	32.8372	32.7482	32.7587	32.7473	32.7312	32.691	32.627	32.5013	32.4178	32.2911	32.2221	32.1411	32.0915	32.0977	32.5441	35.0019
Sgr-AMvi_051-Ex1-cssl.clmp.r1r2_fastp	36.5971	36.3263	36.4701	36.4559	36.5155	36.5022	36.5213	36.5139	36.5394	36.5154	36.5344	36.5154	36.5277	36.5011	36.5143	36.496	36.512	36.4955	36.499	36.4713	36.4842	36.4529	36.4387	36.4073	36.3999	36.3647	36.3513	36.3265	36.3052	36.2813	36.2504	36.2318	36.2071	36.1754	36.1435	36.1254	36.0826	36.0717	36.0427	36.0301	35.981	35.9716	35.9301	35.9313	35.8865	35.8889	35.8421	35.8401	35.7966	35.8074	35.7629	35.7802	35.721	35.7439	35.6834	35.7017	35.641	35.6727	35.6053	35.6233	35.5649	35.6012	35.5292	35.5524	35.4794	35.5256	35.4504	35.48	35.3931	35.4417	35.3618	35.3868	35.2985	35.3444	35.2504	35.3008	35.212	35.2578	35.1565	35.192	35.0943	35.149	35.0387	35.078	34.969	35.0125	34.9055	34.9628	34.8543	34.9233	34.8014	34.8624	34.7419	34.8252	34.688	34.737	34.6181	34.6802	34.5648	34.6411	34.5126	34.5639	34.4468	34.5153	34.3779	34.4424	34.3201	34.377	34.2729	34.3192	34.2066	34.2431	34.1456	34.1814	34.1111	34.1308	34.0219	34.0188	33.9443	33.9293	33.8653	33.8873	33.822	33.8188	33.7944	33.805	33.7229	33.7079	33.6142	33.5708	33.5394	33.5171	33.4651	33.4143	33.3706	33.2752	33.2381	33.2218	33.2073	33.1163	33.0308	32.8499	32.7827	32.6151	32.5244	32.3931	32.3426	32.3045	32.7626	35.1113
Sgr-AMvi_052-Ex1-cssl.clmp.r1r2_fastp	36.5721	36.3314	36.4974	36.4395	36.5635	36.4846	36.5601	36.4885	36.5921	36.5019	36.5915	36.5236	36.589	36.5157	36.578	36.5056	36.5677	36.5062	36.5479	36.477	36.5266	36.4497	36.4878	36.4119	36.4475	36.3652	36.3667	36.3317	36.3304	36.2508	36.2462	36.1907	36.1814	36.1222	36.138	36.069	36.0608	36.0176	35.996	35.95	35.9051	35.9026	35.8553	35.8352	35.7734	35.7932	35.7286	35.7479	35.6725	35.711	35.6046	35.6718	35.5427	35.6127	35.5135	35.5775	35.4536	35.5569	35.4049	35.4675	35.3269	35.4858	35.2908	35.4076	35.2532	35.3851	35.2086	35.3512	35.1444	35.2822	35.0901	35.2252	35.0346	35.1816	34.9828	35.1249	34.9066	35.1183	34.8535	35.0537	34.7705	35.0125	34.7313	34.9307	34.6341	34.8924	34.602	34.8481	34.5313	34.8211	34.4902	34.7225	34.3595	34.7446	34.3399	34.6685	34.2227	34.6447	34.2249	34.5619	34.1067	34.5018	34.0624	34.4872	33.9915	34.4083	33.919	34.393	33.9214	34.3175	33.8598	34.2578	33.852	34.2726	33.8674	34.2334	33.7642	34.1798	33.8158	34.0294	33.719	33.989	33.673	34.0109	33.7531	34.0374	33.7053	33.935	33.6605	33.761	33.5495	33.782	33.4973	33.6865	33.4062	33.6393	33.4116	33.5688	33.3976	33.5621	33.2409	33.2556	33.0716	33.0319	32.7995	32.8479	32.7399	32.8332	33.1055	35.3264
Sgr-AMvi_053-Ex1-cssl.clmp.r1r2_fastp	36.6268	36.3601	36.5064	36.4847	36.5464	36.5275	36.5482	36.5388	36.557	36.5367	36.5525	36.5371	36.5441	36.5226	36.5321	36.5177	36.5285	36.5137	36.5156	36.4958	36.5011	36.4751	36.4584	36.4335	36.4249	36.3952	36.3804	36.3614	36.3432	36.3211	36.2941	36.2774	36.256	36.233	36.206	36.1884	36.154	36.1481	36.1218	36.1134	36.0711	36.0643	36.036	36.0358	35.9991	35.9996	35.9595	35.96	35.9251	35.9404	35.8992	35.9133	35.8664	35.8877	35.8342	35.8516	35.8027	35.8317	35.776	35.7913	35.7489	35.7754	35.7197	35.7347	35.6813	35.7139	35.6526	35.6789	35.6076	35.6509	35.5847	35.6011	35.5341	35.5673	35.4888	35.5302	35.4628	35.4962	35.4128	35.4419	35.3699	35.4067	35.3188	35.3472	35.2748	35.2932	35.2045	35.251	35.1667	35.2248	35.1284	35.164	35.0883	35.1428	35.0354	35.0669	34.9631	35.0182	34.9312	34.986	34.8931	34.9191	34.822	34.8733	34.764	34.8099	34.7129	34.7566	34.6683	34.7135	34.591	34.6341	34.5543	34.5828	34.5112	34.5327	34.4305	34.4342	34.3535	34.3483	34.2903	34.3031	34.2342	34.2431	34.1961	34.2162	34.1301	34.132	34.0286	33.9892	33.947	33.9267	33.8628	33.8232	33.7578	33.6705	33.632	33.6331	33.5792	33.5207	33.4117	33.2626	33.1685	33.0275	32.9068	32.8231	32.71	32.6809	33.079	35.2447
Sgr-AMvi_054-Ex1-cssl.clmp.r1r2_fastp	36.5435	36.2593	36.4501	36.4175	36.5019	36.4696	36.4994	36.4818	36.5136	36.4836	36.508	36.4848	36.496	36.4682	36.4804	36.4613	36.4774	36.4579	36.4616	36.4349	36.4457	36.4108	36.396	36.3636	36.3572	36.3205	36.3071	36.2813	36.2643	36.2306	36.2042	36.1787	36.1589	36.122	36.0964	36.0694	36.0394	36.0192	35.9981	35.9748	35.9393	35.9179	35.8925	35.8796	35.8515	35.8422	35.8043	35.7926	35.7664	35.7608	35.732	35.737	35.6949	35.7002	35.6568	35.6609	35.6212	35.6328	35.5899	35.5877	35.5512	35.5684	35.5148	35.5196	35.4708	35.4929	35.4432	35.4492	35.3968	35.417	35.3653	35.3661	35.3121	35.3293	35.269	35.2892	35.237	35.2678	35.1968	35.2089	35.1505	35.1816	35.1105	35.1222	35.0614	35.0728	35.0096	35.0449	34.9817	35.0219	34.9496	34.9804	34.9176	34.9625	34.8827	34.8975	34.8262	34.8711	34.794	34.843	34.7725	34.7996	34.7204	34.7695	34.6905	34.7333	34.6527	34.694	34.6283	34.6743	34.5861	34.6236	34.562	34.5934	34.5585	34.5775	34.4982	34.4998	34.4512	34.4428	34.4017	34.4277	34.3922	34.388	34.374	34.4111	34.3393	34.3283	34.2576	34.2413	34.227	34.224	34.1818	34.1543	34.1037	34.0524	34.0113	34.034	33.9877	33.9442	33.8494	33.755	33.68	33.5737	33.4707	33.3942	33.3331	33.3026	33.656	35.4588
Sgr-AMvi_055-Ex1-cssl.clmp.r1r2_fastp	36.5755	36.2148	36.4586	36.404	36.5251	36.4735	36.5384	36.4954	36.5652	36.5147	36.5632	36.523	36.5628	36.5128	36.5473	36.5095	36.5422	36.5094	36.5294	36.4911	36.5106	36.4542	36.4627	36.3953	36.4149	36.35	36.3549	36.3007	36.2847	36.2254	36.2035	36.151	36.1295	36.0733	36.0451	35.9939	35.9504	35.9101	35.8768	35.8348	35.7894	35.7524	35.6954	35.6776	35.6169	35.6033	35.5439	35.5263	35.4715	35.4685	35.409	35.4054	35.3057	35.3417	35.2423	35.256	35.1548	35.2031	35.0966	35.1243	35.0301	35.0864	34.9526	35.0064	34.8832	34.9466	34.8163	34.8857	34.7316	34.8279	34.6806	34.7725	34.6038	34.6938	34.5292	34.6431	34.4617	34.5726	34.3669	34.5005	34.2823	34.4442	34.2196	34.3657	34.1414	34.2695	34.0361	34.2276	33.9737	34.1679	33.9204	34.1131	33.8351	34.0813	33.748	33.986	33.6732	33.9225	33.6496	33.9075	33.6014	33.8196	33.5577	33.7878	33.4575	33.7121	33.435	33.6487	33.4075	33.6236	33.3043	33.5408	33.2832	33.4638	33.2861	33.4976	33.2175	33.3743	33.1555	33.3196	33.1083	33.3023	33.0912	33.2329	33.0944	33.3036	33.1021	33.2227	33.0408	33.1053	33.0034	33.1298	32.9877	33.0833	32.9495	32.9347	32.8461	32.9379	32.8613	32.8914	32.7535	32.7042	32.4848	32.4862	32.3098	32.3249	32.1968	32.2539	32.5443	35.0351
Sgr-AMvi_056-Ex1-cssl.clmp.r1r2_fastp	36.5457	36.1484	36.4211	36.355	36.4874	36.4405	36.5106	36.4587	36.5457	36.4732	36.5514	36.4905	36.5451	36.479	36.526	36.476	36.5235	36.4828	36.5196	36.4536	36.4906	36.4258	36.4318	36.3653	36.366	36.3013	36.3053	36.24	36.2382	36.172	36.1441	36.0816	36.0537	35.9957	35.952	35.9071	35.8548	35.8206	35.7701	35.7404	35.6754	35.6478	35.5881	35.5681	35.4939	35.4914	35.4099	35.4019	35.3449	35.3448	35.2615	35.2733	35.1754	35.2009	35.0929	35.1281	35.0125	35.0783	34.9426	34.9821	34.8684	34.9378	34.7991	34.8776	34.7239	34.8198	34.663	34.749	34.5808	34.7196	34.5558	34.6425	34.4624	34.5864	34.4044	34.5363	34.3303	34.4704	34.258	34.4025	34.1968	34.3515	34.1353	34.2791	34.0442	34.2089	33.962	34.1794	33.9041	34.1301	33.8391	34.0758	33.7791	34.0285	33.7243	33.941	33.6452	33.899	33.6051	33.8736	33.5615	33.8054	33.4914	33.7874	33.4455	33.7257	33.4025	33.6581	33.4097	33.5947	33.3202	33.5773	33.3064	33.5188	33.2838	33.4681	33.2008	33.3826	33.2025	33.3221	33.1189	33.3208	33.1187	33.2969	33.1881	33.2901	33.1291	33.2121	33.0823	33.153	33.0718	33.1178	33.0128	33.0344	32.9461	32.939	32.8462	32.9799	32.8326	32.8891	32.7535	32.6366	32.5317	32.429	32.335	32.2922	32.162	32.2246	32.564	35.0646
Sgr-AMvi_057-Ex1-cssl.clmp.r1r2_fastp	36.4323	35.931	36.2957	36.2453	36.3805	36.3523	36.4032	36.4009	36.4387	36.4121	36.4294	36.4167	36.4293	36.403	36.4221	36.3958	36.4149	36.4061	36.4102	36.3854	36.3916	36.3428	36.3142	36.2665	36.2306	36.1926	36.1602	36.1216	36.0682	36.0289	35.9797	35.936	35.8851	35.8282	35.7716	35.7219	35.6555	35.6116	35.56	35.5195	35.4455	35.4079	35.3426	35.3163	35.2355	35.2185	35.1649	35.1304	35.0707	35.083	35.0099	35.0136	34.9145	34.9291	34.8349	34.7975	34.7455	34.7504	34.6852	34.6628	34.6169	34.6026	34.5436	34.5334	34.4651	34.4536	34.3858	34.4064	34.3036	34.3777	34.3016	34.3045	34.2088	34.2152	34.146	34.213	34.0901	34.1387	34.0388	34.0905	33.9728	33.9918	33.905	33.9372	33.8343	33.8581	33.7905	33.8405	33.705	33.7769	33.6687	33.6875	33.6281	33.6777	33.6029	33.5871	33.5169	33.5612	33.5259	33.5145	33.4973	33.4419	33.396	33.3832	33.3845	33.357	33.3298	33.3166	33.285	33.2809	33.2597	33.1617	33.241	33.1415	33.1896	33.1344	33.1642	33.0483	33.1087	32.9873	33.1372	33.0282	33.0328	32.9814	33.0973	33.0172	33.1328	32.945	33.0634	32.8927	33.0537	32.9414	32.9827	32.8803	32.8465	32.7736	32.9495	32.7761	32.8234	32.68	32.7624	32.5172	32.5581	32.3383	32.3722	32.1697	32.3556	32.1674	32.692	34.977
Sgr-AMvi_058-Ex1-cssl.clmp.r1r2_fastp	36.4941	36.1533	36.4291	36.3724	36.4863	36.4373	36.4911	36.4608	36.5094	36.4682	36.5058	36.47	36.495	36.4562	36.4789	36.4511	36.4741	36.4524	36.4569	36.4253	36.4406	36.4017	36.3875	36.3455	36.343	36.3026	36.2929	36.2528	36.2422	36.2004	36.1744	36.1395	36.1198	36.0762	36.0483	36.009	35.983	35.9551	35.9351	35.9009	35.8657	35.8323	35.8141	35.7875	35.7611	35.7399	35.711	35.6863	35.6671	35.6517	35.6317	35.6187	35.588	35.58	35.5478	35.5349	35.5083	35.5002	35.4669	35.4564	35.4261	35.4335	35.3857	35.3775	35.341	35.348	35.303	35.299	35.2478	35.262	35.216	35.1989	35.1452	35.1464	35.0905	35.1074	35.0519	35.0622	34.9988	34.9927	34.9379	34.9467	34.8707	34.8735	34.8078	34.8078	34.7284	34.7607	34.6778	34.7197	34.6227	34.6458	34.5598	34.6081	34.504	34.5146	34.4083	34.4657	34.351	34.4172	34.3113	34.3401	34.2239	34.2827	34.1483	34.2206	34.087	34.1404	34.0219	34.08	33.9449	33.9991	33.8809	33.9344	33.8142	33.9041	33.7324	33.7726	33.6739	33.6998	33.5859	33.6385	33.5302	33.5857	33.4866	33.5639	33.4487	33.4558	33.3465	33.3475	33.2634	33.3012	33.1741	33.1754	33.0695	33.0756	32.9514	33.0154	32.919	32.9253	32.7317	32.6787	32.5172	32.4487	32.2552	32.2213	32.0542	32.1357	32.4794	35.0284
Sgr-AMvi_059-Ex1-cssl.clmp.r1r2_fastp	36.5253	36.0796	36.3982	36.3156	36.4757	36.4082	36.4919	36.4412	36.5271	36.4614	36.5321	36.4684	36.52	36.4615	36.5022	36.4579	36.4973	36.4545	36.4862	36.4264	36.4722	36.3995	36.4094	36.3276	36.3488	36.2769	36.2705	36.2116	36.1986	36.1285	36.1079	36.0453	36.0263	35.9459	35.9275	35.8776	35.8257	35.7811	35.7428	35.7062	35.6497	35.6118	35.5474	35.5227	35.4808	35.458	35.3872	35.3608	35.3022	35.2901	35.2335	35.2387	35.1422	35.1612	35.0417	35.0789	34.9606	35.015	34.8851	34.9308	34.805	34.8802	34.7405	34.8002	34.6426	34.7252	34.5871	34.6645	34.4815	34.6139	34.4507	34.5335	34.3533	34.4646	34.2767	34.4145	34.2274	34.3614	34.1345	34.2601	34.0512	34.2042	33.9708	34.1217	33.8791	34.0496	33.8155	33.9956	33.7227	33.9696	33.6586	33.8771	33.589	33.8484	33.5629	33.7679	33.4529	33.7128	33.3875	33.6664	33.3283	33.6208	33.2902	33.5879	33.2429	33.4894	33.2091	33.4386	33.1639	33.3922	33.0744	33.3486	33.0929	33.2801	33.0701	33.2564	33.031	33.1351	32.9992	33.0923	32.9443	33.1168	32.8868	33.0768	32.9529	33.1125	32.9442	32.9993	32.8917	32.9322	32.8469	32.9444	32.79	32.8289	32.762	32.7396	32.6685	32.7242	32.6957	32.6729	32.5478	32.4136	32.3281	32.2552	32.1071	32.0898	31.9685	32.0742	32.4257	35.0116
Sgr-AMvi_060-Ex1-cssl.clmp.r1r2_fastp	36.5279	36.372	36.5356	36.4726	36.6073	36.5296	36.6136	36.5422	36.6297	36.5517	36.629	36.5655	36.6231	36.5532	36.6117	36.5538	36.612	36.5451	36.5815	36.536	36.5652	36.4895	36.5129	36.4358	36.4577	36.3919	36.3912	36.3325	36.3298	36.246	36.2262	36.175	36.1538	36.0802	36.0564	35.9982	35.9785	35.9118	35.8958	35.828	35.7935	35.7288	35.7004	35.6797	35.6272	35.6341	35.5582	35.569	35.5021	35.5214	35.4403	35.4783	35.3697	35.4294	35.313	35.3762	35.2674	35.3417	35.2129	35.3023	35.1406	35.2891	35.0983	35.2281	35.0638	35.2281	35.034	35.1623	34.9387	35.132	34.8953	35.0649	34.7989	35.0059	34.7646	34.9614	34.6769	34.9194	34.5896	34.8757	34.5301	34.8372	34.463	34.7554	34.3897	34.6928	34.3036	34.6563	34.2031	34.6078	34.1222	34.5097	34.0703	34.5493	34.0342	34.4797	33.9278	34.4526	33.8682	34.3992	33.8259	34.3854	33.7678	34.305	33.6998	34.2491	33.652	34.2136	33.6264	34.1686	33.5587	34.086	33.5295	34.0836	33.5426	33.9986	33.4413	33.9017	33.452	33.8546	33.3685	33.8219	33.441	33.8185	33.4111	33.785	33.4131	33.7132	33.3189	33.5472	33.2402	33.531	33.2169	33.4495	33.132	33.4149	33.0553	33.3095	33.0575	33.325	32.8552	32.9768	32.637	32.8081	32.2797	32.5301	32.1017	32.4811	32.4893	35.248
Sgr-AMvi_061-Ex1-cssl.clmp.r1r2_fastp	36.5668	36.3357	36.4962	36.4771	36.5571	36.5311	36.5625	36.5393	36.5764	36.541	36.5777	36.5432	36.5726	36.5357	36.5649	36.5314	36.5602	36.5276	36.5453	36.5058	36.5286	36.4809	36.4823	36.4337	36.439	36.3914	36.3867	36.3489	36.3381	36.2915	36.2734	36.2394	36.2192	36.1735	36.1509	36.119	36.0848	36.0583	36.0322	36.0085	35.9614	35.9417	35.904	35.8942	35.8456	35.8419	35.7935	35.7926	35.7399	35.7569	35.695	35.7185	35.6364	35.6701	35.5836	35.6152	35.5306	35.5666	35.4702	35.512	35.4196	35.4792	35.3626	35.4141	35.2983	35.3678	35.2476	35.3079	35.1714	35.2543	35.1197	35.1817	35.0395	35.1206	34.9658	35.0565	34.9027	34.9951	34.8167	34.8989	34.7384	34.8435	34.6557	34.7473	34.5611	34.6594	34.4653	34.5905	34.3874	34.5293	34.3202	34.4376	34.2288	34.3791	34.1469	34.2802	34.0512	34.2021	33.9752	34.14	33.9119	34.0498	33.8208	33.9954	33.7513	33.901	33.6755	33.8252	33.6091	33.765	33.5354	33.6664	33.4778	33.5944	33.4424	33.5497	33.3561	33.4187	33.295	33.3333	33.2184	33.2825	33.1719	33.2453	33.1662	33.2668	33.1388	33.1525	33.0695	33.0353	33.0133	33.0137	32.9742	32.95	32.9023	32.8433	32.8261	32.8216	32.8367	32.748	32.6933	32.5064	32.4917	32.3004	32.2761	32.133	32.1663	32.0869	32.5965	35.0323
Sgr-AMvi_062-Ex1-cssl.clmp.r1r2_fastp	36.4932	36.272	36.4496	36.4356	36.523	36.4966	36.5334	36.5074	36.5504	36.5108	36.5522	36.5122	36.549	36.5089	36.5414	36.5047	36.535	36.498	36.5188	36.4707	36.4981	36.4428	36.4438	36.3903	36.396	36.3384	36.3366	36.2904	36.2776	36.2216	36.1954	36.1489	36.1266	36.0663	36.0363	35.9905	35.9512	35.9111	35.8825	35.841	35.7862	35.7515	35.7062	35.6858	35.6315	35.6168	35.5664	35.5465	35.5015	35.5022	35.4523	35.4536	35.3815	35.3971	35.3164	35.3359	35.2569	35.279	35.1956	35.2162	35.1426	35.1786	35.0803	35.1061	35.0119	35.063	34.9587	35.0031	34.885	34.947	34.8285	34.8758	34.7522	34.8107	34.6801	34.75	34.62	34.6949	34.55	34.6086	34.466	34.5445	34.392	34.4581	34.3066	34.3747	34.224	34.3203	34.1535	34.262	34.0988	34.1859	34.017	34.1441	33.9533	34.0425	33.863	33.9708	33.8102	33.9293	33.7553	33.8581	33.6785	33.7915	33.6199	33.7189	33.5539	33.6465	33.5137	33.595	33.4453	33.5014	33.3973	33.4398	33.3549	33.4079	33.276	33.2963	33.2343	33.216	33.1804	33.1698	33.1326	33.1362	33.1348	33.1571	33.0898	33.0532	33.0134	32.9513	32.9733	32.9238	32.9392	32.8449	32.872	32.7437	32.7753	32.7255	32.7891	32.6447	32.6165	32.4132	32.414	32.1944	32.1909	32.0302	32.0493	31.9638	32.4861	34.9818
Sgr-AMvi_063-Ex1-cssl.clmp.r1r2_fastp	36.5229	36.2792	36.4593	36.4463	36.5317	36.509	36.5433	36.524	36.5698	36.5255	36.5721	36.5306	36.5732	36.5315	36.5661	36.5264	36.564	36.5266	36.5496	36.4969	36.5312	36.4732	36.4751	36.4172	36.4235	36.3667	36.368	36.3114	36.296	36.242	36.2147	36.1611	36.1337	36.075	36.0381	35.9942	35.9481	35.91	35.8689	35.8285	35.7638	35.7351	35.6723	35.6512	35.5827	35.5778	35.507	35.5032	35.4306	35.4481	35.3605	35.383	35.2763	35.3144	35.2067	35.2392	35.1201	35.1844	35.0503	35.1029	34.9912	35.0605	34.9121	34.9786	34.8336	34.9229	34.774	34.8576	34.6851	34.7942	34.6308	34.7159	34.5455	34.6447	34.4661	34.5727	34.412	34.515	34.3315	34.4367	34.2468	34.3724	34.1697	34.2881	34.0828	34.2138	34.0023	34.1382	33.9312	34.0925	33.8751	34.0074	33.8085	33.9853	33.7467	33.8791	33.6653	33.8164	33.5946	33.7706	33.5501	33.6957	33.5003	33.6488	33.4388	33.5742	33.3812	33.5077	33.3498	33.4696	33.2886	33.3846	33.2496	33.3437	33.2155	33.2997	33.1589	33.1931	33.1282	33.1339	33.0852	33.1142	33.0609	33.0746	33.0637	33.1101	33.0333	33.0174	32.9653	32.9309	32.9506	32.9148	32.9207	32.8501	32.8552	32.7669	32.7836	32.7283	32.79	32.7192	32.6716	32.4844	32.4717	32.2801	32.2363	32.1196	32.1371	32.0797	32.5487	35.0115
Sgr-AMvi_064-Ex1-cssl.clmp.r1r2_fastp	36.4629	36.0306	36.3111	36.3088	36.3902	36.3906	36.424	36.4221	36.4458	36.426	36.4454	36.4292	36.4518	36.4419	36.451	36.441	36.4506	36.4266	36.4334	36.403	36.4117	36.3594	36.3383	36.3164	36.2769	36.2352	36.2141	36.1804	36.147	36.0918	36.037	36.013	35.9727	35.9231	35.8558	35.8267	35.7591	35.737	35.6762	35.6421	35.5894	35.544	35.4833	35.4537	35.405	35.396	35.3306	35.3005	35.2405	35.2601	35.1735	35.1899	35.0942	35.1355	35.0304	35.0316	34.954	34.9428	34.9117	34.8717	34.8386	34.7878	34.7415	34.7431	34.6699	34.7072	34.656	34.629	34.5791	34.5829	34.5399	34.5429	34.4612	34.4737	34.3974	34.4349	34.3131	34.3899	34.2743	34.2897	34.2134	34.2222	34.15	34.1836	34.1025	34.136	34.036	34.0299	34.018	34.0019	33.9595	33.9135	33.9159	33.8709	33.9009	33.792	33.8166	33.7715	33.7315	33.7561	33.735	33.6733	33.6892	33.6106	33.6182	33.6125	33.6017	33.5213	33.5508	33.5188	33.5007	33.4125	33.49	33.3567	33.4565	33.3096	33.4056	33.2289	33.3528	33.2233	33.2717	33.1962	33.3073	33.2317	33.2754	33.1939	33.3262	33.2062	33.2787	33.038	33.2103	33.0916	33.2405	33.0758	33.2267	32.9856	33.1203	32.8933	33.1511	32.9721	33.0247	32.79	32.963	32.6205	32.7851	32.5257	32.6107	32.4948	32.9794	35.1061
Sgr-AMvi_065-Ex1-cssl.clmp.r1r2_fastp	36.5654	36.2635	36.48	36.4362	36.5454	36.4993	36.5585	36.5185	36.5804	36.5279	36.5795	36.5254	36.5872	36.5311	36.5778	36.5303	36.5741	36.5282	36.5634	36.5	36.5385	36.4748	36.4858	36.4149	36.4399	36.3723	36.3802	36.3101	36.3105	36.2413	36.2204	36.1675	36.1489	36.0827	36.0481	36.0034	35.9525	35.9128	35.8821	35.8452	35.7991	35.7554	35.6967	35.6788	35.6049	35.6107	35.5407	35.5308	35.4525	35.4603	35.378	35.394	35.2897	35.325	35.1997	35.2354	35.1235	35.1598	35.0185	35.0833	34.9494	35.0211	34.8738	34.9489	34.7968	34.8802	34.7324	34.8256	34.6359	34.7552	34.597	34.6837	34.5076	34.6144	34.4302	34.558	34.3748	34.5142	34.2784	34.4251	34.2033	34.3691	34.1362	34.2704	34.0586	34.1999	33.9754	34.1521	33.9022	34.0966	33.8478	34.0415	33.7814	34.0136	33.7352	33.9145	33.647	33.8584	33.6124	33.8136	33.5626	33.7715	33.4769	33.7071	33.431	33.6409	33.3808	33.5906	33.3548	33.529	33.2795	33.4653	33.2727	33.4169	33.247	33.381	33.1697	33.2825	33.1505	33.2477	33.0991	33.2186	33.0755	33.1736	33.0772	33.2083	33.0934	33.1457	33.0136	33.0155	33.0079	33.0219	32.9876	32.9778	32.9072	32.8843	32.8547	32.8691	32.8944	32.8219	32.7374	32.582	32.5694	32.3984	32.3778	32.2592	32.259	32.2256	32.658	35.0707
Sgr-AMvi_066-Ex1-cssl.clmp.r1r2_fastp	36.5465	36.2773	36.4577	36.433	36.5091	36.4827	36.5056	36.4918	36.5178	36.4886	36.5094	36.486	36.5	36.4749	36.4858	36.4687	36.4812	36.4645	36.4658	36.4412	36.4498	36.4166	36.4003	36.3688	36.3621	36.3275	36.316	36.2918	36.2756	36.2448	36.2185	36.1899	36.1744	36.1374	36.1136	36.0852	36.0616	36.0398	36.0267	36.0011	35.9678	35.9461	35.9245	35.9085	35.8875	35.8758	35.849	35.8296	35.8128	35.8066	35.7823	35.7814	35.7488	35.748	35.7112	35.7143	35.6838	35.6939	35.6529	35.6504	35.6247	35.6381	35.5867	35.5898	35.5485	35.5644	35.5253	35.5232	35.4837	35.4972	35.4549	35.4455	35.4043	35.4141	35.3574	35.3794	35.3416	35.3567	35.2967	35.3006	35.2563	35.2788	35.2145	35.2181	35.1704	35.1734	35.1188	35.1447	35.0928	35.1291	35.0618	35.0774	35.0288	35.06	34.9862	34.9965	34.9308	34.968	34.9026	34.9418	34.8801	34.8945	34.8274	34.8545	34.7866	34.823	34.7472	34.7764	34.7267	34.7501	34.6615	34.6917	34.6482	34.6578	34.623	34.6391	34.5559	34.5519	34.5113	34.5035	34.4612	34.4608	34.4295	34.4307	34.4137	34.4433	34.3628	34.3538	34.2807	34.2501	34.2205	34.2214	34.1547	34.1449	34.0933	34.0412	33.9989	33.9959	33.9622	33.9111	33.8108	33.7057	33.6161	33.507	33.3975	33.322	33.2422	33.2349	33.5617	35.4444
Sgr-AMvi_067-Ex1-cssl.clmp.r1r2_fastp	36.6386	36.3961	36.5375	36.5198	36.5824	36.5614	36.581	36.5715	36.5928	36.5691	36.5876	36.569	36.5838	36.5593	36.5769	36.5569	36.5692	36.5532	36.5594	36.5335	36.543	36.5105	36.5005	36.4714	36.4665	36.4366	36.4242	36.398	36.3855	36.3564	36.3373	36.3129	36.2948	36.2625	36.237	36.2165	36.183	36.1653	36.1477	36.1252	36.0926	36.07	36.0449	36.0327	36.0059	35.9953	35.9632	35.9522	35.9245	35.9259	35.8944	35.897	35.8564	35.8623	35.8127	35.819	35.7737	35.7861	35.7401	35.7491	35.7046	35.7282	35.6709	35.6814	35.627	35.657	35.5996	35.612	35.544	35.576	35.511	35.5268	35.4538	35.4822	35.4024	35.439	35.3671	35.3912	35.2995	35.3219	35.2439	35.2808	35.1775	35.2063	35.0997	35.1493	35.0326	35.0861	34.9693	35.0431	34.9094	34.973	34.8319	34.9157	34.765	34.8314	34.6866	34.7708	34.6138	34.7065	34.554	34.6327	34.4775	34.5746	34.3846	34.4985	34.3156	34.4006	34.2427	34.3424	34.1551	34.2474	34.0719	34.17	34.0326	34.1046	33.9294	33.9742	33.8448	33.8967	33.7768	33.8283	33.7033	33.7928	33.6719	33.759	33.6259	33.6606	33.5168	33.5083	33.4179	33.4689	33.3723	33.3869	33.2588	33.2493	33.146	33.2147	33.1275	33.1325	32.9296	32.861	32.7335	32.642	32.4861	32.4547	32.3222	32.3924	32.695	35.1351
Sgr-AMvi_068-Ex1-cssl.clmp.r1r2_fastp	36.5364	36.287	36.4909	36.4583	36.545	36.5154	36.5496	36.5311	36.561	36.528	36.5589	36.5319	36.5534	36.5244	36.5447	36.5174	36.54	36.515	36.5253	36.495	36.5105	36.4686	36.4574	36.4202	36.42	36.3771	36.365	36.3319	36.3167	36.276	36.2457	36.2124	36.1901	36.1449	36.1199	36.078	36.0442	36.0092	35.989	35.9454	35.9078	35.8743	35.8446	35.8169	35.7867	35.7604	35.7274	35.7028	35.6764	35.6647	35.6406	35.6293	35.5908	35.587	35.5441	35.5408	35.5	35.4995	35.4548	35.4471	35.4191	35.4207	35.374	35.3666	35.3258	35.3335	35.2909	35.2895	35.2342	35.2523	35.1943	35.1955	35.1371	35.146	35.0808	35.1029	35.036	35.0574	34.9776	34.9901	34.9128	34.9478	34.8595	34.8661	34.7898	34.8048	34.7144	34.7577	34.6541	34.7174	34.6109	34.6447	34.5427	34.6124	34.4802	34.5227	34.4005	34.4678	34.3407	34.4256	34.2924	34.3496	34.2103	34.2877	34.1343	34.223	34.0699	34.1485	34.0172	34.0914	33.9425	34.0042	33.8756	33.9401	33.8281	33.8865	33.7174	33.7615	33.6527	33.6789	33.5872	33.6323	33.5214	33.5658	33.4858	33.5599	33.4175	33.4357	33.3225	33.3151	33.2584	33.249	33.161	33.1569	33.0594	33.0377	32.9622	32.9988	32.9433	32.8752	32.7701	32.6275	32.5265	32.4042	32.2596	32.1999	32.109	32.1046	32.5305	35.0665
Sgr-AMvi_069-Ex1-cssl.clmp.r1r2_fastp	36.5771	36.2745	36.4808	36.4472	36.5504	36.5017	36.5598	36.522	36.5866	36.5235	36.5796	36.5238	36.5817	36.5276	36.5752	36.5247	36.5702	36.5291	36.559	36.5002	36.5366	36.4765	36.4903	36.4204	36.435	36.3749	36.3747	36.3158	36.309	36.2418	36.2256	36.1757	36.1575	36.1016	36.0708	36.0147	35.9753	35.9551	35.9144	35.8786	35.8253	35.7973	35.7358	35.7246	35.6725	35.6553	35.6005	35.5847	35.5183	35.5359	35.445	35.4595	35.3713	35.3955	35.2803	35.327	35.201	35.2664	35.14	35.1885	35.0593	35.1363	34.9929	35.052	34.9028	35.0097	34.8438	34.9416	34.7669	34.8856	34.7243	34.8025	34.6212	34.7459	34.5642	34.6811	34.5374	34.652	34.4237	34.5755	34.3603	34.5367	34.3026	34.4346	34.2237	34.3812	34.123	34.3265	34.067	34.2719	34.012	34.2117	33.9572	34.188	33.8924	34.0872	33.8049	34.0398	33.7573	33.9831	33.7019	33.9193	33.6428	33.8789	33.5889	33.8161	33.5532	33.7642	33.502	33.7436	33.4378	33.6606	33.392	33.607	33.4446	33.5668	33.3711	33.4538	33.3105	33.4112	33.2532	33.3801	33.2373	33.3806	33.2513	33.3648	33.2285	33.3016	33.2049	33.2147	33.1205	33.1803	33.1233	33.1508	33.0104	33.0048	32.9948	33.035	32.9701	32.9971	32.8582	32.7643	32.6949	32.5601	32.432	32.3922	32.2991	32.3305	32.6718	35.1085
Sgr-AMvi_070-Ex1-cssl.clmp.r1r2_fastp	36.5007	36.1419	36.4178	36.3727	36.5024	36.4528	36.5142	36.4735	36.5435	36.4799	36.5401	36.4884	36.5442	36.4932	36.539	36.4883	36.5309	36.4941	36.5179	36.4614	36.5009	36.4305	36.4401	36.3673	36.3857	36.3196	36.3263	36.2582	36.2571	36.1837	36.164	36.0944	36.0832	36.0102	35.9907	35.9373	35.8956	35.8563	35.818	35.7848	35.7252	35.6841	35.6351	35.6159	35.5504	35.5402	35.478	35.457	35.4001	35.4121	35.3387	35.331	35.2439	35.2739	35.1668	35.1909	35.0828	35.1262	35.0098	35.052	34.9511	35.0001	34.8705	34.9211	34.7914	34.8707	34.7472	34.8096	34.6567	34.7633	34.5939	34.6998	34.5199	34.6115	34.4619	34.5696	34.377	34.5247	34.3122	34.4301	34.2496	34.3813	34.1905	34.3171	34.1129	34.2364	34.0166	34.1747	33.9317	34.1378	33.8893	34.0548	33.8566	34.0441	33.7868	33.9586	33.6937	33.9245	33.6426	33.872	33.6144	33.8321	33.5429	33.7798	33.5107	33.7239	33.4624	33.6472	33.4445	33.6102	33.3647	33.5456	33.3479	33.5129	33.3334	33.4915	33.2704	33.4039	33.2475	33.3393	33.2165	33.2935	33.1929	33.311	33.2007	33.316	33.2153	33.2989	33.1492	33.1794	33.0947	33.2146	33.1176	33.1242	33.0076	33.0785	32.9511	33.0581	32.9737	33.0343	32.8353	32.8081	32.7079	32.6132	32.4871	32.4705	32.3641	32.4116	32.7438	35.1212
Sgr-AMvi_071-Ex1-cssl.clmp.r1r2_fastp	36.5538	36.1976	36.443	36.3914	36.5182	36.4577	36.531	36.4829	36.5566	36.4903	36.5559	36.4974	36.5624	36.4957	36.5583	36.4907	36.5449	36.4929	36.5327	36.4619	36.5034	36.4317	36.449	36.3782	36.4	36.3127	36.3253	36.2564	36.2543	36.1797	36.1659	36.1	36.0838	36.0076	35.9862	35.9239	35.8961	35.8349	35.8143	35.7568	35.7075	35.6608	35.618	35.5766	35.5319	35.5076	35.4471	35.4148	35.3725	35.3641	35.2912	35.2946	35.2006	35.2183	35.11	35.1355	35.0378	35.0572	34.9628	34.973	34.8821	34.924	34.7985	34.8583	34.7196	34.7904	34.6551	34.7221	34.5671	34.6711	34.5158	34.5989	34.4264	34.5367	34.3577	34.4852	34.3005	34.4352	34.2266	34.3507	34.1523	34.3056	34.0765	34.206	33.9976	34.14	33.9102	34.1059	33.8561	34.0574	33.7979	33.984	33.7232	33.9368	33.6556	33.8797	33.571	33.8015	33.5061	33.7635	33.468	33.705	33.4323	33.6643	33.3819	33.6105	33.3283	33.5528	33.3264	33.5157	33.2479	33.4479	33.1872	33.3833	33.1952	33.345	33.1256	33.2625	33.1005	33.2173	33.0771	33.1773	33.0479	33.1715	33.0541	33.2011	33.0779	33.0983	33.0318	33.0429	32.9694	33.0513	32.9598	32.9592	32.8922	32.8805	32.8151	32.8412	32.8278	32.8028	32.6754	32.5864	32.4829	32.3985	32.2779	32.2181	32.1532	32.2082	32.5693	35.0825
Sgr-AMvi_072-Ex1-cssl.clmp.r1r2_fastp	36.5401	36.2011	36.4509	36.4113	36.5351	36.4819	36.543	36.5113	36.5627	36.5026	36.5683	36.5196	36.5651	36.5231	36.5681	36.5168	36.5482	36.5145	36.5434	36.484	36.5132	36.4516	36.4533	36.3922	36.3914	36.3365	36.3294	36.2704	36.2571	36.1896	36.1582	36.0932	36.0725	35.9992	35.9625	35.9053	35.8775	35.8074	35.7794	35.7335	35.6692	35.6219	35.5625	35.5306	35.4682	35.4554	35.388	35.3652	35.31	35.3098	35.2418	35.2358	35.1365	35.1455	35.0488	35.0606	34.9878	34.9938	34.9049	34.8893	34.8331	34.8479	34.7323	34.7881	34.6503	34.7287	34.5893	34.6427	34.5061	34.5918	34.4463	34.5294	34.359	34.4676	34.2883	34.4059	34.2313	34.3505	34.1394	34.2775	34.0663	34.1989	33.9968	34.1461	33.903	34.0628	33.836	34.0209	33.7753	33.9937	33.7044	33.8813	33.6845	33.8872	33.5982	33.7723	33.5238	33.7475	33.4824	33.6971	33.3976	33.6142	33.3488	33.5714	33.3224	33.5094	33.2949	33.4453	33.2705	33.4386	33.2174	33.3554	33.1832	33.3066	33.1393	33.2956	33.1007	33.1968	33.0619	33.1335	33.0395	33.1045	33.0108	33.1187	33.0465	33.151	33.032	33.1113	32.9293	32.9616	32.9309	32.9929	32.8792	32.9132	32.8749	32.8342	32.7659	32.7795	32.8189	32.7817	32.6455	32.4838	32.3914	32.3053	32.269	32.1274	32.1508	32.1625	32.5532	35.0293
Sgr-AMvi_073-Ex1-cssl.clmp.r1r2_fastp	36.4896	36.1484	36.4122	36.3651	36.5014	36.4376	36.5072	36.4589	36.5337	36.4678	36.5364	36.482	36.5442	36.4762	36.5267	36.4687	36.5187	36.465	36.4994	36.4388	36.477	36.4087	36.4189	36.3434	36.3615	36.2859	36.2898	36.2256	36.21	36.1468	36.1168	36.067	36.033	35.9654	35.927	35.8777	35.8303	35.7913	35.7423	35.7114	35.6403	35.6099	35.5423	35.5318	35.4491	35.4481	35.3653	35.3574	35.2717	35.3114	35.1998	35.2385	35.0994	35.1663	35.0055	35.0715	34.9291	35.0051	34.8401	34.9224	34.7716	34.8787	34.6968	34.7909	34.6104	34.7516	34.561	34.6878	34.4724	34.6411	34.428	34.5743	34.3596	34.5266	34.2893	34.4629	34.2548	34.4163	34.1889	34.3418	34.1221	34.2892	34.0695	34.2289	33.9891	34.1661	33.9126	34.1315	33.86	34.077	33.8128	34.0299	33.7782	33.9837	33.7065	33.9068	33.6299	33.8608	33.5914	33.8343	33.5552	33.7787	33.5052	33.7424	33.4573	33.6852	33.4183	33.6319	33.3949	33.6121	33.3533	33.528	33.3234	33.4898	33.296	33.4482	33.2327	33.3416	33.2123	33.2766	33.1803	33.2706	33.1615	33.2478	33.1686	33.3044	33.1618	33.2117	33.0758	33.0762	33.0677	33.095	33.0572	33.0356	33.0075	32.9111	32.8901	32.9145	32.9148	32.8611	32.8018	32.66	32.6465	32.4592	32.4571	32.3669	32.315	32.2983	32.7315	35.0993
Sgr-AMvi_074-Ex1-cssl.clmp.r1r2_fastp	36.541	36.2785	36.4539	36.4446	36.5225	36.4967	36.5262	36.5051	36.539	36.5044	36.5386	36.5107	36.5419	36.5066	36.5321	36.4956	36.5226	36.4896	36.5022	36.4608	36.4803	36.4304	36.4273	36.3748	36.3759	36.3283	36.3122	36.2763	36.2507	36.2076	36.1722	36.1415	36.1048	36.0642	36.0167	35.993	35.9366	35.9194	35.867	35.8547	35.7786	35.7715	35.7023	35.7084	35.6291	35.6438	35.553	35.5682	35.4843	35.5176	35.4285	35.4656	35.36	35.4138	35.2966	35.3403	35.2267	35.2818	35.1626	35.2149	35.102	35.1726	35.0385	35.1036	34.9606	35.0473	34.9055	34.9814	34.816	34.9251	34.7587	34.8399	34.6736	34.7759	34.6014	34.7096	34.54	34.6444	34.4531	34.5483	34.372	34.4799	34.2944	34.3934	34.1998	34.3017	34.1112	34.2422	34.0443	34.179	33.9766	34.0819	33.896	34.047	33.8384	33.9451	33.7532	33.8694	33.6884	33.8204	33.6293	33.732	33.5505	33.6694	33.4949	33.5981	33.4458	33.5252	33.4132	33.4991	33.341	33.3971	33.2945	33.3259	33.2722	33.314	33.1919	33.1876	33.1446	33.1264	33.0793	33.0727	33.0555	33.0369	33.0326	33.0335	33.0236	32.9486	32.9435	32.8404	32.9055	32.8365	32.854	32.7509	32.7838	32.624	32.6943	32.6103	32.6929	32.564	32.526	32.3046	32.3229	32.1122	32.0688	31.9159	31.9282	31.8668	32.3783	34.9357
Sgr-AMvi_075-Ex1-cssl.clmp.r1r2_fastp	36.5435	36.2071	36.4371	36.4022	36.5149	36.4645	36.5203	36.4799	36.5456	36.4853	36.5402	36.4982	36.5444	36.4876	36.5388	36.4822	36.5285	36.4774	36.502	36.4439	36.4824	36.4173	36.4193	36.3517	36.3567	36.2888	36.2881	36.2257	36.2089	36.1363	36.1052	36.0525	36.019	35.9564	35.9129	35.8645	35.8052	35.7672	35.7291	35.6867	35.6199	35.5908	35.5152	35.5113	35.4354	35.4318	35.3336	35.334	35.2547	35.2845	35.1821	35.2169	35.0888	35.1477	35.0092	35.0642	34.9352	34.9904	34.8493	34.9082	34.7769	34.8513	34.7027	34.7946	34.6252	34.7464	34.5656	34.67	34.4708	34.625	34.444	34.5434	34.3499	34.4879	34.2929	34.449	34.2283	34.4018	34.1736	34.3235	34.1058	34.2704	34.0628	34.1929	33.9738	34.1319	33.8836	34.0841	33.8453	34.0389	33.8058	33.9636	33.7315	33.9394	33.6803	33.8557	33.5906	33.8134	33.5717	33.7719	33.5162	33.7026	33.471	33.6598	33.4224	33.6039	33.3752	33.5519	33.3497	33.5267	33.3166	33.4462	33.2508	33.4073	33.2542	33.3821	33.2012	33.2969	33.1635	33.2389	33.1321	33.2141	33.1295	33.1895	33.0832	33.2288	33.0855	33.1317	33.0562	33.045	33.0287	33.0498	33.0168	32.9896	32.9183	32.8795	32.8686	32.8859	32.8615	32.8848	32.6929	32.6664	32.5607	32.4518	32.3891	32.3041	32.2208	32.2662	32.6102	35.0783
Sgr-AMvi_076-Ex1-cssl.clmp.r1r2_fastp	36.6034	36.3923	36.5372	36.4897	36.597	36.5391	36.5993	36.5416	36.6106	36.5541	36.6085	36.5541	36.6061	36.5483	36.5936	36.5558	36.5893	36.5391	36.5757	36.5194	36.5628	36.4976	36.5222	36.4481	36.4691	36.4067	36.4161	36.3784	36.3872	36.327	36.3292	36.2842	36.2706	36.2143	36.2157	36.1679	36.1402	36.1081	36.0931	36.0516	36.0274	35.9929	35.9795	35.9566	35.9323	35.91	35.8618	35.8575	35.8108	35.8291	35.7893	35.7964	35.7407	35.7489	35.6814	35.7224	35.624	35.6956	35.5861	35.6427	35.5492	35.6225	35.4873	35.5648	35.4537	35.5505	35.414	35.4999	35.352	35.4471	35.3116	35.3954	35.2345	35.3612	35.1907	35.3109	35.1649	35.2748	35.0864	35.2081	34.9996	35.1861	34.9518	35.1122	34.8487	35.0481	34.8038	34.9934	34.7434	34.9479	34.6987	34.8853	34.6147	34.8633	34.5656	34.813	34.4679	34.7785	34.4316	34.7179	34.3764	34.6574	34.288	34.6144	34.2554	34.5136	34.1932	34.4645	34.19	34.4546	34.0871	34.3923	34.0954	34.3305	34.0902	34.3289	33.9474	34.1815	33.9004	34.143	33.8498	34.1105	33.8057	34.0373	33.8207	34.0023	33.8235	33.9062	33.6747	33.8534	33.6303	33.8432	33.5517	33.6976	33.4954	33.6151	33.3964	33.5913	33.3809	33.5293	33.2543	33.3281	33.0722	32.9763	32.7783	32.8837	32.7486	32.8025	33.0846	35.3577
Sgr-AMvi_077-Ex1-cssl.clmp.r1r2_fastp	36.6052	36.3334	36.504	36.4805	36.5518	36.5246	36.5464	36.5301	36.5549	36.5252	36.5502	36.5282	36.544	36.5172	36.5332	36.5106	36.5228	36.5055	36.5084	36.4839	36.4934	36.4603	36.4481	36.4142	36.411	36.3754	36.362	36.339	36.3198	36.2881	36.2572	36.2406	36.2182	36.1893	36.159	36.1397	36.0997	36.0908	36.0629	36.049	36.0054	35.9925	35.9592	35.9566	35.9176	35.9177	35.8767	35.8718	35.8346	35.8459	35.8047	35.8183	35.7718	35.7905	35.7342	35.7466	35.6956	35.7265	35.6603	35.6788	35.6334	35.6686	35.6045	35.6236	35.5587	35.5961	35.5352	35.5554	35.4825	35.5276	35.4636	35.4817	35.4073	35.4414	35.3687	35.4055	35.3308	35.3787	35.2909	35.3218	35.2406	35.2842	35.2016	35.2222	35.141	35.1691	35.0868	35.128	35.0456	35.098	34.9988	35.0431	34.9457	35.0184	34.8947	34.9308	34.823	34.886	34.7882	34.8461	34.7438	34.7784	34.6736	34.7427	34.6169	34.6694	34.5694	34.6019	34.5206	34.5551	34.4499	34.4794	34.3873	34.4139	34.3595	34.3647	34.2456	34.2427	34.1774	34.1531	34.0972	34.1041	34.052	34.0278	34.0081	33.985	33.9293	33.8719	33.8059	33.7289	33.7096	33.689	33.6264	33.5741	33.5105	33.4144	33.3503	33.3551	33.3126	33.2236	33.1126	32.9745	32.8933	32.7309	32.6082	32.4924	32.4139	32.3464	32.8201	35.1475
Sgr-AMvi_078-Ex1-cssl.clmp.r1r2_fastp	36.5315	36.1932	36.4306	36.3883	36.5119	36.4538	36.5156	36.4715	36.5431	36.4769	36.5389	36.4873	36.5447	36.482	36.5332	36.4804	36.5271	36.4754	36.5022	36.4487	36.4786	36.4174	36.4255	36.3553	36.3763	36.3128	36.2988	36.2409	36.2301	36.1769	36.144	36.0947	36.0721	35.9903	35.9822	35.9332	35.8855	35.8506	35.805	35.7741	35.7159	35.6897	35.6279	35.6178	35.5385	35.5463	35.4571	35.4636	35.3778	35.4128	35.3061	35.3422	35.2103	35.2761	35.1281	35.189	35.0571	35.1104	34.9815	35.0387	34.8973	34.9944	34.8305	34.9225	34.768	34.884	34.703	34.8209	34.6163	34.7805	34.5915	34.6916	34.5017	34.6596	34.4503	34.6033	34.4106	34.5547	34.328	34.4902	34.2684	34.4362	34.2001	34.3841	34.1389	34.3222	34.0849	34.279	34.018	34.2307	33.9801	34.1722	33.9146	34.1629	33.8749	34.0688	33.8094	34.0299	33.7722	33.9994	33.7311	33.939	33.6986	33.9334	33.6251	33.8552	33.6115	33.7857	33.6085	33.7661	33.5449	33.6847	33.5328	33.6695	33.4983	33.6154	33.4262	33.5177	33.3853	33.4692	33.3565	33.424	33.338	33.4228	33.3157	33.4501	33.3062	33.3491	33.241	33.2565	33.2054	33.2576	33.2006	33.2024	33.1629	33.132	33.0392	33.1272	33.0538	33.0048	32.9287	32.8659	32.6899	32.5951	32.5858	32.4966	32.4449	32.4401	32.7569	35.1328
Sgr-AMvi_079-Ex1-cssl.clmp.r1r2_fastp	36.621	36.3813	36.5108	36.5025	36.552	36.5367	36.547	36.5437	36.554	36.5389	36.5477	36.5354	36.5391	36.5264	36.5304	36.519	36.5245	36.5168	36.511	36.4937	36.494	36.4747	36.4568	36.4368	36.4275	36.4035	36.3852	36.3739	36.3552	36.3379	36.3107	36.3	36.2819	36.2628	36.2382	36.2219	36.1912	36.1849	36.1677	36.1531	36.1232	36.1134	36.0931	36.0848	36.0637	36.0584	36.0328	36.0254	36.0058	36.0044	35.9837	35.9886	35.9635	35.969	35.938	35.9414	35.9147	35.9244	35.8957	35.896	35.8792	35.8932	35.8635	35.8667	35.8405	35.8562	35.8261	35.8271	35.7957	35.8112	35.7793	35.7758	35.7468	35.7582	35.7211	35.7365	35.706	35.7172	35.6743	35.671	35.6478	35.6598	35.6174	35.6168	35.5845	35.5871	35.5447	35.5572	35.5194	35.5422	35.4903	35.4987	35.4673	35.4938	35.438	35.4337	35.3931	35.4116	35.3715	35.3874	35.3494	35.3409	35.3032	35.3179	35.2731	35.2823	35.2328	35.2402	35.2099	35.2143	35.1584	35.1645	35.1327	35.139	35.1161	35.1142	35.0516	35.0346	34.9972	34.9909	34.9529	34.9408	34.9151	34.9155	34.9008	34.9145	34.8467	34.8341	34.7674	34.7238	34.7017	34.6907	34.6383	34.6132	34.566	34.4969	34.4511	34.4546	34.4074	34.3698	34.2589	34.1684	34.0825	33.9904	33.8647	33.7885	33.7057	33.6869	33.969	35.5769
Sgr-AMvi_080-Ex1-cssl.clmp.r1r2_fastp	36.6472	36.38	36.511	36.4987	36.5485	36.5338	36.5401	36.5362	36.5506	36.5336	36.5438	36.5314	36.532	36.52	36.5225	36.5133	36.5159	36.5074	36.5048	36.4876	36.4898	36.4689	36.4509	36.4324	36.424	36.4028	36.3829	36.371	36.3539	36.3381	36.3141	36.3084	36.2866	36.2728	36.2491	36.2382	36.206	36.2058	36.1924	36.1822	36.1534	36.146	36.1264	36.1219	36.1054	36.0996	36.0724	36.0691	36.0506	36.0556	36.0279	36.0409	36.0136	36.0225	35.9914	35.9988	35.9705	35.9828	35.9512	35.9559	35.9393	35.9565	35.9228	35.9281	35.8999	35.9176	35.8918	35.8968	35.8568	35.8788	35.8474	35.8517	35.8167	35.8331	35.7939	35.8154	35.7885	35.8002	35.7553	35.7588	35.724	35.7474	35.6987	35.7058	35.6684	35.6776	35.6326	35.6517	35.6079	35.6321	35.5889	35.5989	35.5654	35.5874	35.5385	35.5382	35.4933	35.5122	35.4648	35.4946	35.4529	35.4488	35.4141	35.4251	35.3781	35.3923	35.3446	35.3542	35.3283	35.3413	35.2776	35.2875	35.2603	35.2617	35.252	35.2431	35.1819	35.1798	35.1334	35.1205	35.0936	35.0802	35.0556	35.0509	35.0367	35.0581	34.9894	34.9755	34.9037	34.8717	34.8506	34.8435	34.7946	34.7697	34.7007	34.6547	34.6277	34.615	34.5548	34.5233	34.424	34.3278	34.2477	34.1302	34.0392	33.9506	33.8867	33.8471	34.0958	35.6321
Sgr-AMvi_081-Ex1-cssl.clmp.r1r2_fastp	36.6138	36.3259	36.4812	36.4638	36.5209	36.5041	36.5159	36.5121	36.5243	36.5059	36.5184	36.504	36.509	36.4907	36.4962	36.4857	36.491	36.4811	36.4769	36.4605	36.4626	36.4394	36.4235	36.401	36.3939	36.3667	36.3533	36.3408	36.3232	36.3034	36.2824	36.2693	36.2559	36.2357	36.2094	36.1972	36.1682	36.163	36.1515	36.1385	36.11	36.1018	36.0853	36.0764	36.0576	36.0563	36.0272	36.0229	36.003	36.0057	35.9825	35.9875	35.9602	35.9709	35.9406	35.9483	35.9201	35.9335	35.9026	35.9022	35.8856	35.9035	35.8668	35.873	35.8444	35.8567	35.8322	35.8302	35.7998	35.8145	35.7876	35.7821	35.7548	35.7652	35.7308	35.7466	35.719	35.7307	35.684	35.6841	35.6624	35.6694	35.634	35.6273	35.5946	35.5911	35.5547	35.5718	35.5357	35.5526	35.5118	35.51	35.4841	35.504	35.4574	35.4469	35.4118	35.4195	35.3814	35.399	35.3645	35.3604	35.3155	35.3232	35.2837	35.2935	35.2494	35.2527	35.2278	35.2291	35.1708	35.1809	35.1478	35.153	35.1358	35.1265	35.068	35.0548	35.0232	34.9962	34.979	34.9554	34.923	34.9272	34.9206	34.9225	34.8598	34.8347	34.7698	34.7219	34.7037	34.6869	34.6263	34.6076	34.5481	34.494	34.4442	34.4219	34.3942	34.3382	34.2261	34.1504	34.0277	33.9411	33.8212	33.7319	33.6467	33.5977	33.9038	35.5767
Sgr-AMvi_082-Ex1-cssl.clmp.r1r2_fastp	36.5419	36.1961	36.4595	36.4114	36.5219	36.4715	36.5262	36.4885	36.5387	36.4905	36.5363	36.5004	36.5355	36.4915	36.5245	36.4821	36.5116	36.4784	36.4913	36.4503	36.4696	36.424	36.4209	36.3673	36.37	36.3179	36.3143	36.2673	36.2578	36.2018	36.1745	36.1405	36.1096	36.0565	36.0276	35.9923	35.9518	35.927	35.8847	35.8544	35.8152	35.7942	35.7451	35.726	35.6835	35.6764	35.6137	35.5962	35.5522	35.5559	35.4928	35.5115	35.4319	35.4512	35.3777	35.3787	35.3032	35.3262	35.2323	35.2592	35.1817	35.2235	35.1223	35.1452	35.0419	35.0939	34.9868	35.0272	34.8992	34.9777	34.8639	34.8911	34.772	34.8416	34.7131	34.7728	34.6291	34.7259	34.5606	34.6311	34.4762	34.5586	34.3924	34.4747	34.2915	34.3932	34.1997	34.3182	34.1278	34.2668	34.0646	34.1792	33.9837	34.1516	33.9248	34.0671	33.8227	34.0048	33.765	33.9306	33.7187	33.8458	33.6358	33.7798	33.5807	33.7184	33.5383	33.6567	33.4889	33.6105	33.4136	33.5321	33.393	33.5027	33.3692	33.4827	33.2893	33.3536	33.2803	33.2917	33.2207	33.2822	33.1824	33.229	33.2311	33.2574	33.21	33.1944	33.1164	33.0436	33.0783	33.0613	33.0523	32.9659	32.9565	32.9069	32.9059	32.9089	32.8962	32.8245	32.7275	32.596	32.5008	32.3764	32.2674	32.1809	32.1618	32.2029	32.5786	35.0384
Sgr-AMvi_083-Ex1-cssl.clmp.r1r2_fastp	36.5302	36.1369	36.4226	36.3547	36.4966	36.4243	36.5064	36.4461	36.525	36.4545	36.524	36.4691	36.5344	36.4685	36.5206	36.4559	36.5093	36.4507	36.4987	36.4217	36.4613	36.3903	36.405	36.3226	36.3436	36.2593	36.269	36.1968	36.1864	36.1208	36.0866	36.004	36.0049	35.9228	35.9032	35.8305	35.8	35.7415	35.7031	35.6468	35.6048	35.5612	35.5025	35.4632	35.4138	35.3935	35.3316	35.3067	35.2352	35.2315	35.1538	35.149	35.048	35.0738	34.9647	34.9999	34.8801	34.9252	34.7983	34.8385	34.7212	34.7891	34.648	34.707	34.5617	34.6553	34.5216	34.5995	34.4267	34.557	34.3895	34.4786	34.2857	34.4176	34.2416	34.368	34.1794	34.3191	34.1171	34.2208	34.0297	34.1926	33.9953	34.1121	33.8794	34.0495	33.8122	34.0021	33.7492	33.9505	33.7228	33.8794	33.6776	33.8694	33.6005	33.7815	33.5158	33.7434	33.5213	33.7099	33.4664	33.6397	33.3694	33.5952	33.3332	33.5514	33.2962	33.4915	33.2743	33.4545	33.2556	33.3782	33.2102	33.3319	33.223	33.2903	33.1642	33.2179	33.0779	33.1519	33.04	33.0978	33.0281	33.0791	33.0713	33.1323	33.0334	33.0501	33.0113	32.947	32.95	32.931	32.9044	32.8552	32.8731	32.7436	32.7311	32.7585	32.7266	32.7636	32.6124	32.4762	32.4122	32.2349	32.1999	32.099	32.0278	32.082	32.5187	35.0443
Sgr-AMvi_084-Ex1-cssl.clmp.r1r2_fastp	36.593	36.2941	36.4946	36.4783	36.5568	36.527	36.5551	36.5446	36.5657	36.5334	36.5679	36.5432	36.5547	36.5367	36.5469	36.5267	36.5403	36.5214	36.5204	36.4943	36.4998	36.4676	36.4578	36.4232	36.414	36.38	36.3621	36.3337	36.3161	36.2788	36.25	36.2088	36.202	36.1578	36.1353	36.0987	36.0702	36.0497	36.0213	35.9968	35.9623	35.9324	35.916	35.894	35.8555	35.8509	35.8213	35.8031	35.7869	35.7751	35.7427	35.7438	35.7082	35.7073	35.6672	35.6758	35.6432	35.6353	35.6099	35.6083	35.5723	35.5985	35.5542	35.5566	35.5038	35.534	35.4774	35.5	35.4318	35.4806	35.4353	35.4544	35.381	35.4082	35.34	35.374	35.319	35.3503	35.27	35.2958	35.2258	35.2734	35.1931	35.2244	35.1268	35.1763	35.09	35.1343	35.0529	35.0996	35.005	35.0469	34.9603	35.0204	34.9099	34.9459	34.8553	34.9121	34.8028	34.8881	34.7707	34.8175	34.7216	34.7809	34.639	34.7108	34.5967	34.6405	34.5734	34.6022	34.499	34.5066	34.4432	34.4568	34.4262	34.4193	34.3123	34.305	34.2066	34.2121	34.1592	34.1309	34.1026	34.1028	34.0679	34.101	34.0206	33.9625	33.9023	33.8184	33.8506	33.7827	33.7169	33.6695	33.6822	33.4867	33.517	33.4699	33.4491	33.3754	33.2579	33.0469	33.0243	32.8203	32.7631	32.6419	32.6091	32.4876	32.8389	35.1868
Sgr-AMvi_085-Ex1-cssl.clmp.r1r2_fastp	36.4794	36.229	36.443	36.4144	36.5091	36.479	36.5184	36.4944	36.5332	36.4873	36.5247	36.4896	36.5154	36.4803	36.504	36.4752	36.4998	36.4746	36.4852	36.4508	36.4659	36.4169	36.4109	36.3651	36.367	36.3264	36.3178	36.2855	36.2644	36.2201	36.1946	36.1587	36.1334	36.0803	36.0551	36.0136	35.9792	35.949	35.9339	35.8934	35.851	35.8169	35.7949	35.7638	35.7334	35.7143	35.6932	35.664	35.6429	35.6361	35.6083	35.6002	35.5657	35.5598	35.5127	35.5073	35.4776	35.4762	35.4399	35.4269	35.3994	35.409	35.3582	35.3538	35.3107	35.3144	35.2716	35.2771	35.2166	35.24	35.1828	35.1784	35.1115	35.1134	35.05	35.0642	34.9967	35.0094	34.9294	34.9337	34.8603	34.8725	34.7987	34.7907	34.7153	34.7115	34.6382	34.6494	34.5748	34.5952	34.5062	34.5085	34.4265	34.463	34.369	34.3562	34.2561	34.2862	34.1998	34.2258	34.1247	34.1466	34.0354	34.0919	33.9616	33.9979	33.8898	33.9008	33.8398	33.8594	33.7526	33.7616	33.6827	33.6963	33.6291	33.6334	33.5464	33.4965	33.4742	33.4185	33.3919	33.3704	33.3374	33.3116	33.3116	33.2914	33.2495	33.1898	33.1725	33.0346	33.0846	33.0166	33.0281	32.9161	32.9213	32.7818	32.7923	32.7503	32.7696	32.6613	32.6168	32.3966	32.3784	32.1557	32.1408	31.9306	31.9784	31.8832	32.4432	34.9684
Sgr-AMvi_086-Ex1-cssl.clmp.r1r2_fastp	36.522	36.1396	36.4091	36.3467	36.4995	36.4165	36.4932	36.4414	36.5345	36.4387	36.5354	36.4613	36.5344	36.4534	36.5035	36.4373	36.5158	36.4447	36.4887	36.4051	36.4559	36.3794	36.3936	36.3022	36.3465	36.2486	36.2651	36.1725	36.1984	36.1014	36.0887	35.9981	36.0077	35.9094	35.8945	35.8283	35.8047	35.7466	35.7218	35.6454	35.6122	35.5549	35.5098	35.4619	35.4139	35.3954	35.3243	35.3086	35.2532	35.2162	35.188	35.1741	35.0851	35.0974	35.0121	35.0192	34.913	34.9317	34.8417	34.8719	34.7851	34.8078	34.713	34.755	34.6354	34.6838	34.5577	34.6324	34.4838	34.5458	34.4239	34.4887	34.3456	34.4307	34.3076	34.3966	34.2528	34.3413	34.1607	34.2745	34.1122	34.2355	34.0385	34.1269	33.9649	34.0903	33.855	34.0228	33.8374	34.0006	33.7552	33.8962	33.7073	33.8817	33.6211	33.8068	33.5414	33.7522	33.5097	33.7286	33.4972	33.6602	33.4191	33.6015	33.3822	33.5569	33.3377	33.5069	33.3614	33.497	33.2627	33.3964	33.2748	33.3691	33.3048	33.3708	33.185	33.2839	33.1912	33.2499	33.1412	33.1747	33.1375	33.1329	33.1383	33.2202	33.1232	33.1703	33.0909	33.0748	33.1081	33.0512	33.0321	32.9938	32.9787	32.908	32.8879	32.8598	32.8937	32.8246	32.7729	32.6078	32.6095	32.5096	32.3691	32.2636	32.2815	32.2356	32.6184	35.0947
Sgr-AMvi_087-Ex1-cssl.clmp.r1r2_fastp	36.5288	36.1846	36.42	36.373	36.5016	36.4338	36.5097	36.4543	36.5365	36.4568	36.5347	36.4697	36.533	36.4638	36.5329	36.4503	36.5179	36.4538	36.4965	36.4207	36.4694	36.3919	36.4046	36.3273	36.3528	36.2764	36.2741	36.2075	36.2045	36.1191	36.1235	36.0454	36.0155	35.9431	35.9097	35.8446	35.7996	35.7422	35.7284	35.6703	35.6071	35.5614	35.5286	35.492	35.421	35.371	35.3335	35.3164	35.262	35.2454	35.212	35.1908	35.0872	35.0921	34.998	35.0057	34.9245	34.964	34.8695	34.8862	34.7778	34.8406	34.6961	34.772	34.6287	34.7177	34.57	34.6321	34.4945	34.5767	34.4234	34.5208	34.3873	34.4456	34.3283	34.4284	34.2805	34.3715	34.1914	34.267	34.1196	34.2407	34.0728	34.149	33.9915	34.106	33.9199	34.0655	33.8549	33.9877	33.82	33.948	33.713	33.9225	33.7153	33.7942	33.609	33.7748	33.5775	33.7336	33.5041	33.6726	33.4925	33.6684	33.4151	33.6088	33.4142	33.5523	33.3143	33.5364	33.3201	33.4361	33.2461	33.3835	33.2425	33.3805	33.1843	33.3069	33.1784	33.2088	33.1473	33.2059	33.1342	33.2199	33.0456	33.1944	33.1339	33.1647	33.0627	33.0701	33.0249	33.0678	32.9961	32.927	32.8962	32.874	32.83	32.9083	32.8761	32.8388	32.7756	32.6802	32.5603	32.4096	32.3715	32.2782	32.2948	32.3391	32.6505	35.1017
Sgr-AMvi_088-Ex1-cssl.clmp.r1r2_fastp	36.5008	36.1821	36.4241	36.372	36.5042	36.4369	36.4883	36.4448	36.5263	36.4617	36.5311	36.4667	36.5229	36.473	36.5009	36.4582	36.5077	36.4531	36.4869	36.4257	36.4659	36.3922	36.4144	36.33	36.3629	36.2816	36.2998	36.2227	36.2321	36.1516	36.1316	36.0682	36.0456	35.9681	35.9456	35.8943	35.8538	35.8018	35.7607	35.7261	35.6444	35.6548	35.5866	35.5428	35.5051	35.4596	35.4016	35.3976	35.3386	35.322	35.2818	35.2697	35.19	35.2243	35.1408	35.1202	35.065	35.1117	34.9891	34.9789	34.9231	34.9369	34.8089	34.872	34.7562	34.8051	34.6969	34.7403	34.6034	34.7048	34.5502	34.6085	34.4822	34.5527	34.4267	34.5216	34.3584	34.4304	34.2588	34.2727	34.1907	34.2841	34.1179	34.1922	34.0356	34.0724	33.8973	34.0681	33.8332	34.0142	33.7913	33.9262	33.7487	33.9544	33.705	33.8581	33.5728	33.7816	33.6133	33.7318	33.5352	33.715	33.5319	33.6575	33.4186	33.611	33.3699	33.5353	33.3708	33.5042	33.2863	33.4162	33.2593	33.3976	33.2577	33.3383	33.1441	33.3329	33.1815	33.2665	33.0916	33.1622	33.1008	33.18	33.1583	33.1905	33.0776	33.1444	33.0796	32.9504	32.9321	32.9771	33.0109	32.9553	32.9916	32.8014	32.8268	32.9106	32.8097	32.8427	32.74	32.6545	32.6279	32.3456	32.2405	32.1317	32.1663	32.2456	32.5088	34.9985
Sgr-AMvi_089-Ex1-cssl.clmp.r1r2_fastp	36.5929	36.3329	36.5129	36.4694	36.5602	36.5125	36.564	36.5321	36.5801	36.5279	36.5746	36.5378	36.5633	36.5282	36.5487	36.5089	36.5442	36.5165	36.5355	36.4916	36.514	36.4705	36.4706	36.4175	36.4339	36.3894	36.378	36.3404	36.3297	36.2767	36.2601	36.2237	36.2039	36.1673	36.1318	36.0993	36.0672	36.0355	36.0234	35.9766	35.9443	35.9073	35.8873	35.8627	35.834	35.8095	35.7743	35.7546	35.7248	35.7103	35.672	35.6627	35.6099	35.6179	35.5479	35.5499	35.4968	35.4906	35.4302	35.4358	35.3923	35.4017	35.3228	35.3441	35.2611	35.29	35.1981	35.2086	35.1266	35.1504	35.0619	35.0601	34.9691	35.0021	34.9062	34.9346	34.8265	34.8591	34.7323	34.7815	34.6373	34.7099	34.5816	34.6104	34.4651	34.5224	34.3476	34.4454	34.2873	34.3735	34.2326	34.2979	34.1508	34.2702	34.0724	34.1675	33.9537	34.0705	33.8792	34.0228	33.8563	33.9376	33.7514	33.8966	33.6732	33.7932	33.6396	33.7524	33.6063	33.6877	33.5655	33.6243	33.4533	33.5781	33.4339	33.5844	33.3708	33.4389	33.3026	33.3667	33.3114	33.3219	33.1962	33.3112	33.2312	33.3272	33.1845	33.2543	33.1498	33.0716	33.0906	33.1191	32.9985	33.0406	33.0014	32.9065	32.8748	32.904	32.8075	32.8161	32.7364	32.6243	32.4967	32.3673	32.304	32.1767	32.0576	32.0955	32.5454	35.0403
Sgr-AMvi_090-Ex1-cssl.clmp.r1r2_fastp	36.4913	36.207	36.4341	36.3882	36.5184	36.4631	36.5127	36.4887	36.5447	36.4779	36.5554	36.4979	36.5453	36.4752	36.5283	36.482	36.5439	36.4853	36.5074	36.4452	36.4846	36.4361	36.4344	36.3664	36.3932	36.3153	36.3262	36.2546	36.2528	36.1673	36.1515	36.0813	36.0798	35.988	35.9631	35.8974	35.894	35.8373	35.8121	35.7466	35.7085	35.6525	35.6299	35.5769	35.5489	35.4936	35.4582	35.4243	35.3908	35.3766	35.3248	35.3436	35.2518	35.278	35.1886	35.182	35.09	35.1329	35.0232	35.0455	34.9324	34.9884	34.8869	34.921	34.8172	34.8887	34.7435	34.8065	34.6692	34.7477	34.6264	34.6966	34.5277	34.6357	34.4562	34.5802	34.4112	34.5637	34.3284	34.4668	34.2647	34.413	34.2168	34.3507	34.1161	34.2538	34.0758	34.2066	33.97	34.1574	33.9469	34.1276	33.9027	34.1327	33.8591	34.0257	33.7888	33.9892	33.7774	34.01	33.7194	33.8764	33.6873	33.8632	33.5897	33.8122	33.5661	33.7603	33.5659	33.749	33.5083	33.6208	33.3986	33.6014	33.488	33.5164	33.427	33.4262	33.3408	33.3777	33.2589	33.3509	33.2994	33.3579	33.3167	33.3695	33.2132	33.3178	33.2228	33.1528	33.1597	33.1593	33.1864	33.1571	33.2025	33.0769	33.0768	33.0863	33.0451	33.0049	32.9221	32.8128	32.7067	32.6251	32.5316	32.4297	32.3724	32.3151	32.7804	35.1076
Sgr-AMvi_091-Ex1-cssl.clmp.r1r2_fastp	36.6118	36.3266	36.5262	36.4751	36.5748	36.5282	36.5729	36.538	36.5915	36.5412	36.5926	36.5505	36.5767	36.5388	36.5608	36.5349	36.563	36.5243	36.5522	36.5078	36.5288	36.4855	36.4839	36.4353	36.4445	36.3944	36.406	36.3553	36.3497	36.3012	36.285	36.24	36.2273	36.175	36.1602	36.1072	36.0959	36.066	36.0402	36.007	35.9847	35.9261	35.9174	35.8866	35.8729	35.846	35.8096	35.7921	35.7462	35.741	35.7095	35.7004	35.6594	35.6588	35.5955	35.5755	35.552	35.5557	35.4929	35.484	35.4302	35.457	35.3758	35.3774	35.3069	35.3401	35.2897	35.2906	35.2042	35.2364	35.139	35.1393	35.0619	35.0634	34.9678	35.0186	34.9079	34.9645	34.8322	34.8791	34.7333	34.7939	34.6248	34.6914	34.543	34.5917	34.4378	34.524	34.3814	34.4915	34.3165	34.3783	34.2156	34.2881	34.1652	34.2168	34.0429	34.1524	33.9989	34.1167	33.9423	34.0297	33.8825	33.995	33.8005	33.9414	33.7074	33.8428	33.6643	33.8076	33.6079	33.7328	33.5461	33.6401	33.5029	33.6357	33.4266	33.5339	33.3846	33.4554	33.3839	33.4187	33.3564	33.4756	33.296	33.45	33.2849	33.3096	33.1764	33.175	33.1378	33.2056	33.0774	33.1044	33.0447	33.0169	32.9254	33.0079	32.9229	32.9577	32.7975	32.6576	32.4975	32.5252	32.2954	32.3486	32.2001	32.311	32.5615	35.0874
Sgr-AMvi_092-Ex1-cssl.clmp.r1r2_fastp	36.5404	36.172	36.4469	36.3957	36.5241	36.4577	36.5283	36.4673	36.5548	36.4741	36.5528	36.479	36.5594	36.4803	36.5345	36.4637	36.5434	36.4689	36.5165	36.4416	36.4927	36.4149	36.4469	36.3365	36.3694	36.287	36.3069	36.226	36.2446	36.1343	36.1442	36.0654	36.0341	35.9714	35.9477	35.8743	35.8357	35.7598	35.7471	35.6799	35.6627	35.5729	35.5601	35.4998	35.4759	35.4175	35.4008	35.3289	35.2968	35.3095	35.2056	35.2135	35.147	35.1507	35.0573	35.0864	35.0006	35.0163	34.9181	34.9233	34.8356	34.8918	34.7595	34.8074	34.7147	34.7716	34.6065	34.7149	34.5741	34.6422	34.5072	34.576	34.4419	34.4977	34.4046	34.4629	34.2987	34.4283	34.2436	34.3491	34.1689	34.3052	34.1068	34.2585	34.0418	34.1659	33.934	34.1036	33.898	34.1086	33.8802	34.0248	33.8515	34.0748	33.7739	33.9114	33.6564	33.8852	33.583	33.7749	33.5054	33.7552	33.5173	33.7738	33.4757	33.6954	33.4215	33.6497	33.4348	33.6687	33.3524	33.5266	33.393	33.5387	33.3139	33.5187	33.221	33.3505	33.1966	33.3493	33.229	33.2565	33.1226	33.2525	33.2145	33.3924	33.2001	33.3314	33.1059	33.1459	33.0447	33.2069	33.0131	33.0831	32.9462	32.9828	32.8436	33.0438	32.854	32.972	32.7599	32.7249	32.6332	32.4805	32.3653	32.4541	32.2216	32.3255	32.5668	35.1364
Sgr-AMvi_093-Ex1-cssl.clmp.r1r2_fastp	36.5374	36.2077	36.4342	36.3814	36.5204	36.462	36.5375	36.4642	36.5502	36.4797	36.5574	36.4688	36.5437	36.468	36.5371	36.4675	36.54	36.4711	36.5221	36.419	36.4947	36.4098	36.433	36.3295	36.3864	36.3056	36.2945	36.2222	36.2245	36.1375	36.1622	36.0414	36.0519	35.9629	35.9434	35.8793	35.8452	35.7784	35.7897	35.7141	35.6745	35.5955	35.5924	35.526	35.4915	35.4432	35.4102	35.363	35.3573	35.3375	35.2805	35.2326	35.1839	35.182	35.0762	35.1068	35.0485	35.0256	34.9487	34.9647	34.868	34.9275	34.8307	34.8114	34.7201	34.7797	34.6871	34.7023	34.6167	34.7068	34.5425	34.615	34.483	34.5522	34.4593	34.5202	34.3498	34.446	34.254	34.3182	34.1683	34.3362	34.1581	34.3103	34.0335	34.1597	34.0282	34.1326	33.8834	34.1254	33.9036	34.0724	33.8202	34.0339	33.7776	33.9608	33.6525	33.8961	33.5975	33.8899	33.6085	33.8269	33.536	33.7741	33.4724	33.6891	33.4626	33.6656	33.4291	33.613	33.3728	33.5206	33.3799	33.5334	33.3735	33.5461	33.313	33.3586	33.261	33.2778	33.1988	33.2609	33.1561	33.2933	33.1562	33.3099	33.1574	33.1774	33.1055	33.057	33.0789	33.1282	33.0025	33.019	32.9925	32.9379	32.8279	32.8986	32.914	32.8701	32.7494	32.6091	32.6121	32.4687	32.4273	32.2818	32.251	32.3065	32.5136	35.0556
Sgr-AMvi_094-Ex1-cssl.clmp.r1r2_fastp	36.5206	36.3558	36.5218	36.483	36.5841	36.5393	36.5802	36.536	36.596	36.5313	36.6004	36.5413	36.5834	36.5138	36.57	36.5211	36.5703	36.5095	36.5511	36.4874	36.5276	36.455	36.4787	36.4204	36.4354	36.3705	36.3885	36.3214	36.3414	36.2512	36.2616	36.2069	36.2005	36.1282	36.1331	36.0664	36.074	36.0272	36.0232	35.9709	35.9529	35.8839	35.9029	35.8631	35.838	35.8069	35.8026	35.7671	35.7706	35.7263	35.7272	35.7123	35.6759	35.654	35.6252	35.6317	35.5814	35.599	35.5304	35.5363	35.5109	35.5247	35.4743	35.4717	35.4001	35.416	35.3724	35.3799	35.3073	35.342	35.2313	35.2869	35.1672	35.2045	35.1137	35.1886	35.0731	35.1561	34.9894	35.0721	34.9391	35.0465	34.7992	34.9523	34.7534	34.8778	34.628	34.817	34.5834	34.7751	34.5545	34.6467	34.4278	34.6731	34.38	34.5405	34.2683	34.5358	34.1959	34.5385	34.1766	34.4026	34.045	34.3404	33.9514	34.3015	33.9299	34.2916	33.9568	34.215	33.9182	34.1789	33.8427	34.1487	33.7996	34.0615	33.6091	33.9852	33.6919	33.9014	33.5489	33.8561	33.5709	33.9136	33.6115	33.851	33.5568	33.8361	33.525	33.6902	33.3875	33.638	33.459	33.4965	33.345	33.4365	33.1992	33.3509	33.1647	33.3075	33.0474	33.0983	32.8408	32.903	32.5264	32.6315	32.4756	32.5204	32.764	35.2607
Sgr-AMvi_095-Ex1-cssl.clmp.r1r2_fastp	36.5608	36.3467	36.513	36.4513	36.6096	36.5108	36.5857	36.5204	36.639	36.5224	36.6309	36.5219	36.6154	36.5204	36.61	36.5029	36.6026	36.503	36.5973	36.4723	36.5708	36.446	36.5223	36.3903	36.462	36.3452	36.4094	36.2842	36.3369	36.2426	36.2415	36.1287	36.1744	36.0657	36.0853	35.989	36.0122	35.9228	35.9464	35.8474	35.8333	35.732	35.7463	35.6489	35.6773	35.619	35.6368	35.5469	35.5706	35.5394	35.4932	35.4786	35.4131	35.3879	35.321	35.3596	35.2769	35.3373	35.2552	35.2932	35.1809	35.2468	35.0679	35.1721	35.0324	35.148	34.9225	35.1186	34.9084	35.0657	34.8808	34.9675	34.8008	34.914	34.7508	34.9338	34.6844	34.8895	34.6426	34.8342	34.5383	34.7843	34.4872	34.7203	34.4011	34.6451	34.2727	34.5512	34.2522	34.5712	34.1949	34.5127	34.1054	34.4729	34.1106	34.3839	33.9295	34.3683	33.9082	34.31	33.9354	34.253	33.8596	34.2593	33.7544	34.1721	33.7193	34.1099	33.7205	34.0847	33.58	33.9894	33.5775	34.0369	33.6085	33.9722	33.5646	33.9084	33.5461	33.8487	33.5061	33.7765	33.491	33.7251	33.4716	33.82	33.5226	33.6273	33.3974	33.5726	33.4053	33.6007	33.2979	33.4153	33.1722	33.346	33.1525	33.3732	33.1594	33.2287	32.9373	32.9846	32.7942	32.7381	32.4294	32.6067	32.3113	32.362	32.9039	35.236
Sgr-AMvi_096-Ex1-cssl.clmp.r1r2_fastp	36.4712	36.1315	36.4162	36.3828	36.5108	36.4507	36.5054	36.4856	36.549	36.4714	36.5458	36.4899	36.525	36.4898	36.5186	36.4833	36.5233	36.4695	36.4945	36.433	36.4691	36.4172	36.4027	36.3374	36.3443	36.2649	36.274	36.2174	36.1991	36.1376	36.1082	36.0118	36.0176	35.9307	35.9306	35.8377	35.8372	35.757	35.7416	35.6785	35.6224	35.5621	35.5368	35.453	35.4591	35.4129	35.4171	35.3199	35.3198	35.2932	35.2892	35.2243	35.2243	35.1939	35.167	35.0997	35.088	35.0576	35.0198	34.9919	34.9822	34.9563	34.9612	34.8916	34.8757	34.8527	34.8282	34.8111	34.7364	34.7517	34.749	34.6951	34.6475	34.6589	34.6463	34.6198	34.5472	34.5905	34.4853	34.5338	34.419	34.4961	34.3434	34.4192	34.2657	34.3153	34.1654	34.2305	34.1388	34.214	34.1071	34.1094	33.9674	34.0991	33.9646	34.0424	33.838	33.9664	33.7694	33.981	33.7668	33.83	33.6798	33.7469	33.5862	33.7322	33.5848	33.6269	33.5489	33.5366	33.5141	33.5789	33.4274	33.5005	33.3532	33.4764	33.3106	33.3941	33.2223	33.2601	33.2825	33.1302	33.1441	33.1659	33.2775	33.2941	33.2223	33.1731	33.0727	33.0469	33.0445	32.9564	32.9639	32.8778	32.9552	32.7619	32.9152	32.806	32.7901	32.6653	32.5488	32.4474	32.4377	32.2217	32.1731	32.0709	32.0487	31.9573	32.3304	34.9934
Sgr-APal_002-Ex1-cssl.clmp.r1r2_fastp	36.5868	36.2548	36.455	36.4151	36.5136	36.4716	36.507	36.4808	36.524	36.4848	36.519	36.4895	36.5167	36.4803	36.5054	36.4748	36.4985	36.474	36.4885	36.452	36.4646	36.4247	36.4225	36.3841	36.3856	36.3458	36.3377	36.3058	36.2932	36.2572	36.2349	36.2055	36.1897	36.1606	36.1326	36.1104	36.075	36.0623	36.0366	36.0152	35.9727	35.9604	35.9211	35.9178	35.8709	35.874	35.8184	35.8184	35.7684	35.7817	35.7312	35.7453	35.6849	35.7041	35.634	35.6497	35.5769	35.609	35.5328	35.5473	35.4809	35.5198	35.431	35.4635	35.3736	35.4208	35.3269	35.3617	35.2619	35.3164	35.2229	35.2527	35.145	35.202	35.0837	35.1506	35.0435	35.1063	34.9753	35.0189	34.8985	34.9673	34.834	34.8886	34.7761	34.8235	34.6887	34.783	34.6403	34.7369	34.5853	34.657	34.5312	34.6268	34.4747	34.5458	34.3893	34.4784	34.3414	34.4592	34.2956	34.3799	34.2255	34.3388	34.1635	34.2855	34.1186	34.2024	34.0846	34.1794	34.0104	34.1094	33.9683	34.0585	33.9313	34.0272	33.8474	33.9333	33.8141	33.861	33.7636	33.8163	33.7054	33.8076	33.7307	33.8176	33.6815	33.7341	33.6172	33.6041	33.5837	33.6159	33.522	33.5054	33.4461	33.437	33.3574	33.3923	33.3396	33.3328	33.2273	33.1517	33.0723	32.9321	32.8222	32.762	32.6967	32.7171	33.0967	35.2446
Sgr-APal_003-Ex1-cssl.clmp.r1r2_fastp	36.5626	36.1721	36.4268	36.3729	36.4991	36.4326	36.4971	36.4342	36.5089	36.4459	36.5153	36.4569	36.5168	36.457	36.5106	36.4627	36.503	36.4539	36.4863	36.4292	36.4683	36.4069	36.4222	36.3596	36.375	36.3132	36.3238	36.2684	36.2746	36.2015	36.1985	36.1369	36.1338	36.0755	36.0603	36.0173	35.9932	35.9546	35.9438	35.8966	35.8586	35.8236	35.7992	35.7729	35.7358	35.7045	35.6629	35.6396	35.6044	35.5942	35.5446	35.538	35.4702	35.48	35.3934	35.4063	35.3346	35.3486	35.258	35.2749	35.1907	35.2293	35.1196	35.1547	35.0534	35.1087	34.9997	35.037	34.9063	34.9717	34.8666	34.9039	34.7756	34.8486	34.7014	34.7998	34.6457	34.7356	34.5589	34.6402	34.4923	34.5844	34.411	34.4963	34.344	34.4448	34.2626	34.3684	34.1943	34.3205	34.1178	34.2502	34.0505	34.2217	33.9813	34.1296	33.9231	34.0878	33.8672	34.0379	33.8096	33.9555	33.7395	33.9096	33.6727	33.87	33.6418	33.7998	33.6137	33.7668	33.5591	33.7073	33.4853	33.6547	33.4845	33.634	33.4197	33.5245	33.3701	33.4766	33.3405	33.458	33.3257	33.4122	33.3203	33.4454	33.2993	33.3576	33.2351	33.2935	33.2366	33.2818	33.2125	33.2498	33.1601	33.1435	33.1097	33.1634	33.1202	33.1001	33.0073	32.9364	32.8639	32.7348	32.6586	32.6189	32.5184	32.5629	32.898	35.1535
Sgr-APal_004-Ex1-cssl.clmp.r1r2_fastp	36.5961	36.212	36.4497	36.3923	36.5038	36.4577	36.5091	36.4675	36.5294	36.4702	36.5185	36.4787	36.5192	36.4764	36.508	36.4685	36.5028	36.4642	36.4904	36.4405	36.4727	36.4168	36.4262	36.3706	36.384	36.3278	36.333	36.2846	36.2809	36.2325	36.22	36.1808	36.1679	36.1146	36.1007	36.0631	36.0374	36.0087	35.992	35.9522	35.9263	35.8908	35.8631	35.8382	35.8075	35.7833	35.7492	35.7326	35.6911	35.6901	35.6345	35.6443	35.5827	35.5954	35.5225	35.5288	35.4692	35.4834	35.4083	35.4237	35.3594	35.3823	35.2989	35.3166	35.2402	35.2791	35.1959	35.2273	35.1185	35.1816	35.0808	35.116	35.0049	35.0641	34.946	35.0022	34.8944	34.9592	34.8274	34.8884	34.7503	34.834	34.7046	34.7634	34.6171	34.6937	34.5402	34.6384	34.4881	34.5966	34.4194	34.5263	34.3541	34.4959	34.2945	34.4028	34.2151	34.3616	34.1703	34.3207	34.1163	34.2506	34.0435	34.1902	34.0029	34.1349	33.9373	34.0846	33.9023	34.0562	33.8545	33.9738	33.8093	33.9321	33.7911	33.897	33.7163	33.7903	33.6804	33.7352	33.6433	33.7138	33.5872	33.681	33.5979	33.7014	33.5831	33.62	33.5146	33.5222	33.4571	33.5196	33.4439	33.4537	33.3896	33.3444	33.3049	33.329	33.2816	33.3127	33.1765	33.1072	32.9849	32.9489	32.8545	32.8113	32.7047	32.72	33.003	35.223
Sgr-APal_007-Ex1-cssl.clmp.r1r2_fastp	36.573	36.2916	36.4751	36.4443	36.5256	36.499	36.5243	36.5075	36.5343	36.5031	36.5276	36.5028	36.5244	36.4962	36.5144	36.4897	36.5094	36.4911	36.4906	36.4665	36.4777	36.4449	36.431	36.399	36.3944	36.3615	36.3474	36.3227	36.3063	36.2757	36.2466	36.2264	36.2095	36.18	36.1412	36.1248	36.0869	36.0723	36.0438	36.0251	35.9768	35.9672	35.9297	35.9205	35.8814	35.8796	35.829	35.8261	35.7869	35.7924	35.7458	35.756	35.7043	35.7211	35.6597	35.674	35.6167	35.6406	35.5691	35.5845	35.536	35.5629	35.4885	35.5062	35.4438	35.476	35.404	35.4283	35.3504	35.3841	35.3059	35.3224	35.2437	35.2852	35.1849	35.2276	35.1539	35.1888	35.0916	35.1151	35.0355	35.0887	34.9765	35.0074	34.9245	34.9497	34.8454	34.8992	34.7987	34.8751	34.755	34.7963	34.7022	34.7803	34.653	34.6871	34.5832	34.6588	34.5402	34.6144	34.4956	34.5498	34.4421	34.499	34.3981	34.4439	34.3368	34.3768	34.31	34.3351	34.2455	34.2819	34.2038	34.229	34.1826	34.1962	34.0969	34.0912	34.0493	34.0235	33.9693	33.9853	33.9175	33.9491	33.9189	33.935	33.8737	33.8534	33.7819	33.745	33.7361	33.7069	33.6695	33.6375	33.5909	33.5038	33.4888	33.4815	33.4718	33.3681	33.3234	33.1587	33.1073	32.9443	32.918	32.7603	32.7192	32.6598	33.1115	35.2891
Sgr-APal_008-Ex1-cssl.clmp.r1r2_fastp	36.5679	36.2814	36.4502	36.4276	36.4953	36.4717	36.4941	36.4843	36.5096	36.4744	36.4974	36.4713	36.4927	36.4639	36.4694	36.4514	36.4745	36.4524	36.4568	36.4297	36.4439	36.4094	36.3928	36.3589	36.3599	36.3253	36.3141	36.2944	36.2738	36.253	36.2223	36.2076	36.1873	36.1602	36.1306	36.1084	36.0819	36.0681	36.0494	36.0282	35.9954	35.9755	35.9426	35.9341	35.9093	35.9007	35.8722	35.861	35.8355	35.8353	35.7988	35.8074	35.7634	35.7716	35.7248	35.734	35.6976	35.7126	35.6649	35.6671	35.6311	35.6525	35.5878	35.6058	35.5534	35.5776	35.5417	35.5345	35.4852	35.5125	35.4544	35.4534	35.4126	35.414	35.3572	35.3843	35.3229	35.3497	35.2812	35.3024	35.2459	35.2714	35.2006	35.1965	35.1598	35.1525	35.0974	35.1192	35.0666	35.0937	35.0287	35.0517	34.9989	35.0489	34.9585	34.9708	34.9137	34.9352	34.8751	34.9088	34.8677	34.8617	34.8057	34.8475	34.7495	34.8018	34.7297	34.7448	34.7091	34.7256	34.6677	34.6586	34.6382	34.6586	34.6217	34.6275	34.5546	34.537	34.5194	34.4999	34.4639	34.488	34.4426	34.458	34.4352	34.4467	34.4022	34.394	34.316	34.2929	34.2939	34.2766	34.2236	34.2024	34.1461	34.1031	34.0635	34.0509	34.0613	33.9851	33.9076	33.8006	33.6946	33.6347	33.5277	33.4278	33.3698	33.3514	33.6874	35.4863
Sgr-APal_009-Ex1-cssl.clmp.r1r2_fastp	36.5701	36.2319	36.4477	36.4005	36.5085	36.4575	36.5128	36.468	36.5282	36.4744	36.5305	36.4825	36.5278	36.4723	36.5175	36.4713	36.5124	36.4641	36.4986	36.4426	36.4715	36.4148	36.4248	36.3583	36.3728	36.3109	36.3182	36.2533	36.2553	36.1861	36.1746	36.1233	36.1114	36.0461	36.029	35.9825	35.95	35.9164	35.8844	35.8539	35.7943	35.7697	35.7189	35.7057	35.6483	35.6359	35.5717	35.5579	35.4986	35.5009	35.431	35.431	35.3473	35.3674	35.2763	35.2803	35.1987	35.2245	35.1321	35.1452	35.0522	35.0937	34.9945	35.0144	34.9129	34.9712	34.8547	34.9013	34.7573	34.838	34.715	34.7689	34.6317	34.7067	34.5644	34.6366	34.5027	34.5948	34.4271	34.5019	34.349	34.4391	34.2892	34.3851	34.2003	34.3175	34.1258	34.2516	34.0637	34.2225	34.0171	34.1393	33.9471	34.102	33.8804	34.0046	33.8185	33.9709	33.7492	33.9382	33.7156	33.8545	33.671	33.8306	33.6128	33.751	33.5657	33.7161	33.5738	33.6828	33.4904	33.6132	33.4772	33.5875	33.4736	33.547	33.3974	33.4409	33.3414	33.395	33.3127	33.3799	33.3	33.3743	33.3053	33.394	33.2804	33.3282	33.2529	33.2008	33.1873	33.24	33.1761	33.1502	33.1175	33.0725	33.0271	33.0384	33.0416	33.0078	32.905	32.7994	32.7188	32.6086	32.5462	32.5051	32.3963	32.4215	32.7971	35.1445
Sgr-APal_010-Ex1-cssl.clmp.r1r2_fastp	36.5732	36.2789	36.4529	36.4232	36.5016	36.4763	36.4992	36.4792	36.5109	36.4758	36.5021	36.477	36.4932	36.4676	36.4807	36.4562	36.4714	36.4513	36.4556	36.4289	36.4405	36.4049	36.3902	36.3546	36.351	36.3132	36.2979	36.2772	36.2559	36.2279	36.2011	36.1767	36.1555	36.1228	36.0918	36.0716	36.0313	36.0208	35.9917	35.9776	35.9309	35.9164	35.876	35.8729	35.8317	35.8312	35.7818	35.7766	35.7301	35.7415	35.6929	35.7079	35.6469	35.6639	35.6012	35.6173	35.5584	35.5849	35.5165	35.5308	35.4735	35.5065	35.4283	35.4503	35.3795	35.4156	35.3424	35.3622	35.2793	35.3275	35.2437	35.2611	35.1774	35.2166	35.1242	35.1687	35.0836	35.129	35.0249	35.0536	34.9674	35.0232	34.9117	34.9504	34.852	34.8883	34.7845	34.8403	34.7435	34.8028	34.7036	34.7431	34.6543	34.7283	34.6015	34.6409	34.5381	34.5935	34.4888	34.5638	34.4619	34.5053	34.4013	34.4621	34.3491	34.413	34.3035	34.3597	34.2795	34.3238	34.2208	34.2663	34.1764	34.2107	34.1801	34.1937	34.0962	34.1045	34.043	34.038	33.9961	34.0117	33.9672	33.9709	33.9462	33.976	33.9222	33.8889	33.8287	33.7958	33.7803	33.7768	33.7373	33.7006	33.6636	33.5997	33.5682	33.5631	33.5342	33.4701	33.3992	33.2683	33.1955	33.0816	32.9867	32.9192	32.8403	32.8569	33.2453	35.3443
Sgr-APal_011-Ex1-cssl.clmp.r1r2_fastp	36.5439	36.1246	36.416	36.3458	36.4876	36.4184	36.4938	36.4225	36.5053	36.4276	36.507	36.4478	36.5088	36.4516	36.4986	36.4448	36.491	36.44	36.4741	36.4087	36.4539	36.3786	36.3891	36.3187	36.3399	36.2644	36.2715	36.2023	36.2036	36.1277	36.117	36.0522	36.035	35.9635	35.9446	35.8823	35.8475	35.797	35.781	35.7232	35.6773	35.6402	35.5923	35.556	35.5042	35.4811	35.4251	35.3928	35.3318	35.3455	35.2685	35.269	35.1778	35.1984	35.1109	35.1062	35.0143	35.0486	34.9461	34.9477	34.8683	34.904	34.7916	34.8302	34.7227	34.7763	34.6626	34.6991	34.5655	34.6533	34.5314	34.5864	34.4356	34.5092	34.3815	34.4794	34.3298	34.4245	34.2594	34.3307	34.1654	34.2873	34.1102	34.2136	34.0381	34.1515	33.9518	34.0799	33.8901	34.0403	33.846	33.9711	33.7608	33.9517	33.7244	33.8811	33.6436	33.8219	33.5931	33.7827	33.5408	33.7217	33.4752	33.6906	33.4491	33.6404	33.3968	33.5829	33.3827	33.5585	33.3236	33.4748	33.2836	33.4635	33.2892	33.4328	33.232	33.3557	33.1959	33.3011	33.1871	33.2857	33.1549	33.2301	33.176	33.2626	33.1876	33.2136	33.1222	33.0873	33.0979	33.1455	33.1039	33.0724	32.9997	32.9751	32.9409	32.9881	32.9623	32.9297	32.8132	32.7365	32.6601	32.531	32.4354	32.4209	32.2573	32.3478	32.6915	35.1185
Sgr-APal_013-Ex1-cssl.clmp.r1r2_fastp	36.5594	36.2437	36.4529	36.4121	36.5126	36.4741	36.5177	36.4906	36.5331	36.4964	36.5316	36.5011	36.5221	36.4928	36.5093	36.4826	36.5102	36.4819	36.4914	36.4608	36.4758	36.4325	36.419	36.3799	36.3757	36.331	36.3202	36.2861	36.2676	36.2296	36.1961	36.164	36.1351	36.0898	36.0533	36.0257	35.9829	35.9634	35.927	35.9017	35.8465	35.8268	35.7708	35.7687	35.7159	35.7127	35.6509	35.6487	35.5898	35.6008	35.5343	35.5478	35.4738	35.501	35.4129	35.4335	35.3533	35.3868	35.2992	35.3178	35.2405	35.2798	35.1845	35.2217	35.118	35.1671	35.0681	35.11	34.9884	35.063	34.948	34.9939	34.8543	34.929	34.7968	34.8649	34.7468	34.8225	34.6674	34.7454	34.5972	34.693	34.5258	34.6112	34.4667	34.5396	34.3753	34.4755	34.3139	34.4352	34.2542	34.3513	34.1796	34.3322	34.1211	34.2225	34.0436	34.1716	33.9789	34.1199	33.9378	34.0538	33.8743	33.996	33.7827	33.9366	33.7422	33.8754	33.6873	33.8284	33.6391	33.7467	33.5827	33.6909	33.5814	33.6532	33.5105	33.5795	33.4304	33.4682	33.3652	33.4245	33.3204	33.3982	33.3416	33.4053	33.3006	33.2962	33.1946	33.1994	33.1626	33.1964	33.1632	33.1068	33.0797	32.9893	32.9743	32.9694	32.9334	32.9103	32.7664	32.6597	32.5756	32.4454	32.3703	32.2639	32.2333	32.2643	32.6509	35.1085
Sgr-APal_014-Ex1-cssl.clmp.r1r2_fastp	36.5388	36.234	36.4302	36.3967	36.4875	36.4559	36.4868	36.4693	36.4991	36.4673	36.4927	36.4629	36.4835	36.453	36.4748	36.4483	36.47	36.4488	36.457	36.4228	36.4386	36.3947	36.3863	36.346	36.3451	36.3049	36.2946	36.2619	36.2454	36.2061	36.1779	36.1444	36.1195	36.0804	36.048	36.0224	35.9851	35.9609	35.9356	35.9088	35.8582	35.8352	35.7996	35.7885	35.7415	35.7354	35.6868	35.6796	35.6333	35.6322	35.5849	35.5932	35.5301	35.5478	35.4792	35.4945	35.432	35.4526	35.3781	35.3909	35.3297	35.3682	35.2742	35.3014	35.2272	35.2679	35.1779	35.2069	35.116	35.1724	35.072	35.0971	35.0012	35.047	34.9458	35.0068	34.9058	34.9588	34.8439	34.8914	34.7831	34.8492	34.7239	34.7719	34.6641	34.7062	34.5957	34.6666	34.556	34.6393	34.5154	34.5766	34.4528	34.5635	34.407	34.4736	34.3259	34.4328	34.3003	34.4037	34.2603	34.3477	34.1905	34.3056	34.157	34.2626	34.1181	34.197	34.0956	34.1885	34.0324	34.1111	33.9964	34.0725	33.9874	34.0498	33.9184	33.9534	33.8678	33.8902	33.8274	33.8819	33.7984	33.8429	33.8116	33.8716	33.7767	33.7863	33.7011	33.7011	33.6721	33.6805	33.6141	33.6222	33.5696	33.5026	33.504	33.4799	33.4877	33.4316	33.351	33.2441	33.1963	33.053	33.0017	32.9194	32.8393	32.8588	33.2165	35.3194
Sgr-APal_015-Ex1-cssl.clmp.r1r2_fastp	36.5422	36.204	36.4324	36.3961	36.5019	36.4604	36.5061	36.4724	36.5222	36.4764	36.5153	36.4834	36.5195	36.4769	36.507	36.4734	36.4982	36.462	36.4802	36.4306	36.4607	36.4041	36.4052	36.3419	36.3501	36.2868	36.2802	36.2365	36.2098	36.1568	36.1283	36.083	36.0401	35.9986	35.9572	35.915	35.8722	35.8381	35.7931	35.7723	35.6993	35.6785	35.6136	35.6099	35.5349	35.5345	35.4512	35.4557	35.3729	35.4006	35.3131	35.3331	35.2315	35.2795	35.1568	35.1899	35.0844	35.1272	35.0152	35.0431	34.9527	35.0201	34.8813	34.9415	34.8007	34.8867	34.7515	34.8235	34.6755	34.7822	34.619	34.7028	34.5266	34.6301	34.4713	34.5901	34.4218	34.5434	34.3586	34.4449	34.2705	34.4182	34.2233	34.33	34.1213	34.2386	34.039	34.2048	34.0068	34.1499	33.9425	34.0706	33.875	34.0487	33.8282	33.945	33.7581	33.8935	33.701	33.8587	33.6604	33.7643	33.5986	33.7487	33.5377	33.6608	33.5189	33.6047	33.4546	33.5848	33.3727	33.5132	33.3867	33.4438	33.3569	33.4015	33.2796	33.2818	33.2079	33.2712	33.2058	33.2393	33.1337	33.1899	33.1619	33.2241	33.1917	33.1659	33.104	33.0208	33.0602	33.0302	33.0311	33.0002	32.9585	32.8213	32.847	32.86	32.8397	32.864	32.7204	32.6007	32.561	32.3872	32.3068	32.2203	32.181	32.149	32.6358	35.0526
Sgr-APal_016-Ex1-cssl.clmp.r1r2_fastp	36.5836	36.2856	36.4806	36.4493	36.5257	36.4906	36.5234	36.5019	36.5441	36.5016	36.5345	36.4948	36.5313	36.4867	36.5125	36.4745	36.4987	36.4758	36.493	36.4515	36.4686	36.43	36.4114	36.3691	36.3814	36.335	36.3208	36.2908	36.2724	36.2266	36.1999	36.1628	36.146	36.1051	36.077	36.0408	36.0141	35.9804	35.9568	35.9413	35.8945	35.843	35.8179	35.8061	35.7599	35.7457	35.701	35.6928	35.6477	35.6493	35.5908	35.6046	35.5521	35.56	35.4764	35.5002	35.4329	35.4634	35.3802	35.4	35.328	35.3625	35.273	35.2863	35.2025	35.239	35.1593	35.1856	35.0789	35.1335	35.0359	35.0522	34.946	35.0003	34.8761	34.9527	34.8441	34.8878	34.7575	34.7972	34.7097	34.7464	34.6211	34.6645	34.5502	34.5871	34.4283	34.5359	34.4301	34.4849	34.3548	34.3765	34.2806	34.3478	34.1882	34.2525	34.0961	34.2201	34.0466	34.1383	33.9795	34.0725	33.8871	34.014	33.8078	33.9146	33.7694	33.8847	33.719	33.8424	33.6725	33.7607	33.6248	33.7111	33.5919	33.6397	33.5187	33.5435	33.4771	33.521	33.3691	33.4144	33.3409	33.3205	33.3349	33.3953	33.2491	33.3354	33.1636	33.1993	33.155	33.1868	33.0462	33.1088	32.969	32.9427	32.9523	32.9876	32.9673	32.9673	32.72	32.6228	32.5497	32.5746	32.3473	32.3395	32.2865	32.2796	32.6697	35.0788
Sgr-APal_017-Ex1-cssl.clmp.r1r2_fastp	36.5768	36.2483	36.4476	36.4122	36.5118	36.4641	36.5095	36.4773	36.5278	36.4814	36.5229	36.4862	36.5194	36.4751	36.5089	36.4721	36.5046	36.4687	36.4901	36.4463	36.4763	36.4276	36.4242	36.3772	36.3795	36.3314	36.3297	36.283	36.2737	36.2334	36.2115	36.1736	36.1571	36.1096	36.0898	36.0583	36.0175	35.998	35.9779	35.9466	35.9057	35.8788	35.8462	35.8289	35.783	35.7791	35.7307	35.7164	35.6706	35.6772	35.6211	35.634	35.5662	35.5855	35.5011	35.522	35.4481	35.4738	35.3885	35.4022	35.3327	35.3679	35.2785	35.3041	35.2109	35.2638	35.1663	35.2009	35.094	35.153	35.0536	35.0831	34.9734	35.0258	34.911	34.9732	34.8608	34.9292	34.7873	34.845	34.7156	34.7817	34.6466	34.7187	34.5643	34.6341	34.4885	34.5804	34.4292	34.5384	34.3748	34.463	34.3071	34.4272	34.2581	34.3428	34.1662	34.2831	34.1027	34.2569	34.0685	34.1837	33.9902	34.1257	33.9332	34.0661	33.8804	34.0097	33.8624	33.9767	33.7904	33.8908	33.7658	33.8445	33.7177	33.8134	33.6385	33.7021	33.5802	33.6573	33.556	33.6069	33.5049	33.5751	33.5231	33.5991	33.4873	33.532	33.4226	33.4223	33.3777	33.4023	33.3378	33.3378	33.2581	33.1986	33.1573	33.2164	33.1688	33.1704	33.0274	32.9676	32.8342	32.7484	32.6574	32.5826	32.5424	32.5677	32.9564	35.1952
Sgr-APal_018-Ex1-cssl.clmp.r1r2_fastp	36.5415	36.2035	36.4406	36.392	36.5028	36.4536	36.5078	36.4687	36.5234	36.4732	36.5191	36.4777	36.5155	36.4711	36.5029	36.4665	36.4982	36.4621	36.4815	36.4382	36.4612	36.4107	36.4105	36.3604	36.3641	36.3139	36.3095	36.2714	36.2567	36.2103	36.1856	36.1508	36.1273	36.0877	36.0503	36.0229	35.9794	35.9646	35.9292	35.9069	35.8551	35.8338	35.7851	35.7794	35.7235	35.7246	35.6645	35.6643	35.6062	35.625	35.5551	35.5782	35.4939	35.5235	35.4313	35.4553	35.3789	35.4139	35.3193	35.3373	35.2702	35.3095	35.1981	35.2492	35.1389	35.1961	35.0928	35.1374	35.0152	35.0928	34.9749	35.0175	34.8934	34.9679	34.8387	34.9106	34.7808	34.8645	34.7156	34.7794	34.6459	34.7289	34.5676	34.6426	34.4982	34.5774	34.4147	34.5267	34.3628	34.4804	34.297	34.3999	34.2301	34.3739	34.1775	34.2808	34.0941	34.2241	34.0493	34.201	34.0022	34.1138	33.9266	34.0706	33.8833	34.0049	33.8245	33.9605	33.7887	33.9174	33.7072	33.8542	33.6772	33.8087	33.663	33.7707	33.5687	33.6675	33.5135	33.5805	33.4739	33.5558	33.434	33.5452	33.4324	33.5723	33.4255	33.4783	33.3456	33.3694	33.2926	33.3709	33.2347	33.3154	33.2145	33.1846	33.1153	33.1677	33.0854	33.1031	32.9691	32.8935	32.7857	32.7277	32.5961	32.5773	32.5025	32.5244	32.9047	35.1882
Sgr-APal_019-Ex1-cssl.clmp.r1r2_fastp	36.527	36.0772	36.3949	36.3209	36.4787	36.3996	36.4834	36.4034	36.4986	36.4194	36.5022	36.4322	36.5078	36.4412	36.4976	36.4339	36.4907	36.4351	36.4747	36.3981	36.4496	36.3727	36.3889	36.3186	36.3286	36.2618	36.2714	36.1993	36.2032	36.1203	36.1127	36.0438	36.0402	35.968	35.9465	35.8873	35.851	35.8038	35.7814	35.7297	35.6808	35.6429	35.5997	35.564	35.5059	35.4823	35.4258	35.3947	35.3391	35.3477	35.2713	35.274	35.1784	35.2085	35.0999	35.1215	35.017	35.0521	34.9362	34.9731	34.8771	34.9179	34.8	34.8452	34.7247	34.7995	34.6498	34.7269	34.5693	34.6703	34.5263	34.6077	34.4409	34.5596	34.3839	34.5144	34.34	34.4737	34.2618	34.3845	34.1856	34.3358	34.125	34.2651	34.0451	34.2018	33.9804	34.1679	33.9154	34.1156	33.8737	34.0436	33.7997	34.0332	33.7508	33.9351	33.6754	33.9012	33.6403	33.8601	33.5859	33.7962	33.5199	33.768	33.4942	33.693	33.4664	33.6642	33.4256	33.6344	33.3843	33.5685	33.3373	33.543	33.3371	33.5345	33.2767	33.4494	33.2307	33.3987	33.2299	33.3338	33.1736	33.3456	33.2153	33.3937	33.2177	33.3318	33.1625	33.2433	33.1238	33.2267	33.1121	33.1872	33.046	33.1053	32.988	33.0928	32.9776	33.0448	32.8819	32.8585	32.7123	32.6739	32.5139	32.5036	32.3721	32.4546	32.7999	35.1295
Sgr-APal_020-Ex1-cssl.clmp.r1r2_fastp	36.6047	36.2453	36.4553	36.4111	36.5089	36.4648	36.507	36.4765	36.521	36.4741	36.5126	36.4777	36.5068	36.4713	36.499	36.4628	36.4906	36.4616	36.4749	36.435	36.4567	36.4141	36.4093	36.3629	36.3663	36.3223	36.3106	36.2784	36.2647	36.2228	36.2024	36.1697	36.1556	36.1198	36.0909	36.0654	36.0293	36.016	35.9842	35.9692	35.9231	35.9106	35.8754	35.8659	35.8193	35.8213	35.7675	35.7643	35.7189	35.7325	35.6802	35.6942	35.6242	35.6499	35.5785	35.5938	35.5288	35.5534	35.4836	35.5015	35.4377	35.4773	35.3919	35.4206	35.3398	35.3842	35.303	35.331	35.2356	35.2898	35.2067	35.2396	35.139	35.1928	35.0877	35.1454	35.0428	35.1106	34.9899	35.036	34.9315	34.9963	34.8777	34.9322	34.8075	34.8717	34.7399	34.8307	34.6931	34.7832	34.6469	34.7168	34.5884	34.6999	34.5445	34.6203	34.4677	34.5679	34.4261	34.5407	34.3855	34.4634	34.3174	34.4297	34.2612	34.3752	34.2143	34.3221	34.1851	34.2824	34.1179	34.2152	34.0812	34.1779	34.0613	34.138	33.9827	34.0373	33.9304	33.9812	33.8703	33.9426	33.8448	33.9018	33.8425	33.9128	33.7933	33.8357	33.7229	33.7214	33.6663	33.7035	33.6233	33.6267	33.5455	33.5124	33.4405	33.4945	33.4319	33.4134	33.2983	33.2043	33.085	33.0	32.8661	32.8457	32.7397	32.7564	33.0988	35.2642
Sgr-APal_021-Ex1-cssl.clmp.r1r2_fastp	36.5397	36.1291	36.3965	36.3477	36.4786	36.427	36.4909	36.4599	36.5227	36.4753	36.5238	36.4765	36.5198	36.4699	36.4994	36.4683	36.4935	36.4641	36.4933	36.4455	36.4671	36.4117	36.4126	36.3503	36.3555	36.2998	36.2929	36.2398	36.2261	36.1617	36.1296	36.0869	36.0596	36.0069	35.9676	35.9264	35.8826	35.8416	35.8018	35.7701	35.7112	35.692	35.6183	35.6131	35.5389	35.5457	35.464	35.4698	35.3972	35.4187	35.3256	35.3549	35.2349	35.2918	35.1592	35.2103	35.0868	35.152	35.0033	35.0778	34.9516	35.0067	34.8806	34.933	34.8023	34.8971	34.744	34.8233	34.6647	34.7842	34.6175	34.7045	34.5377	34.6506	34.4708	34.6195	34.4232	34.5603	34.3518	34.4613	34.2693	34.4053	34.1976	34.3338	34.1432	34.2701	34.0535	34.2065	34.0043	34.1752	33.9388	34.1062	33.8701	34.0548	33.8109	33.9679	33.7238	33.9409	33.6654	33.9007	33.6261	33.8232	33.5614	33.7858	33.4941	33.7258	33.4525	33.651	33.42	33.6497	33.3569	33.5697	33.3385	33.5004	33.3128	33.5146	33.255	33.3795	33.2292	33.3444	33.1818	33.312	33.1724	33.2775	33.1839	33.3189	33.167	33.2778	33.0926	33.1271	33.0707	33.1531	33.0774	33.0806	32.9831	32.9671	32.8811	32.985	32.8789	32.9347	32.78	32.7578	32.5934	32.5175	32.3919	32.381	32.2541	32.3177	32.6317	35.0705
Sgr-APal_022-Ex1-cssl.clmp.r1r2_fastp	36.6191	36.3345	36.485	36.4638	36.5312	36.5107	36.5297	36.5171	36.5412	36.5112	36.5356	36.5113	36.5253	36.5006	36.5179	36.4974	36.5122	36.4941	36.5006	36.4751	36.486	36.454	36.4427	36.4119	36.4112	36.3803	36.3696	36.3473	36.3342	36.309	36.2895	36.2707	36.2565	36.2317	36.2073	36.1944	36.1631	36.1552	36.138	36.1257	36.0932	36.0811	36.0541	36.0495	36.0205	36.0192	35.9832	35.9787	35.9479	35.9536	35.9192	35.9292	35.8835	35.8964	35.8489	35.859	35.8135	35.8343	35.7835	35.7939	35.7551	35.7766	35.7161	35.7327	35.6793	35.708	35.6513	35.6674	35.6029	35.6381	35.5744	35.5835	35.5242	35.5474	35.477	35.5125	35.444	35.4771	35.4009	35.4178	35.3566	35.3896	35.3041	35.3207	35.2527	35.2724	35.1952	35.2346	35.1543	35.208	35.1218	35.1432	35.0744	35.1285	35.0267	35.0468	34.9728	35.0134	34.9325	34.9859	34.899	34.9299	34.8371	34.8847	34.7941	34.8461	34.7439	34.7893	34.7173	34.7587	34.6542	34.6862	34.6178	34.6541	34.602	34.6227	34.5241	34.5306	34.4677	34.464	34.411	34.4294	34.3684	34.3838	34.3485	34.3827	34.3048	34.295	34.2105	34.1977	34.1444	34.1591	34.0822	34.0645	34.0071	33.9631	33.8996	33.9037	33.8757	33.8206	33.7094	33.604	33.5071	33.4135	33.3086	33.2116	33.1434	33.14	33.4831	35.4157
Sgr-APal_023-Ex1-cssl.clmp.r1r2_fastp	36.4984	36.1749	36.416	36.3787	36.484	36.4431	36.4824	36.4553	36.4945	36.4534	36.4876	36.4556	36.4843	36.4495	36.4709	36.4435	36.4658	36.4379	36.4475	36.4128	36.4274	36.3867	36.373	36.3295	36.3294	36.2855	36.2747	36.2401	36.2213	36.1762	36.147	36.1087	36.0873	36.0454	36.0078	35.9749	35.9405	35.9098	35.883	35.8515	35.801	35.777	35.7382	35.7191	35.6794	35.6671	35.6182	35.6017	35.564	35.5605	35.5182	35.5226	35.4645	35.4763	35.4118	35.412	35.3597	35.3698	35.3071	35.3048	35.2665	35.2804	35.2121	35.2212	35.1566	35.1886	35.1221	35.1224	35.0541	35.091	35.0122	35.0177	34.9417	34.9712	34.8842	34.9241	34.8436	34.8798	34.7903	34.7951	34.7207	34.7693	34.6644	34.678	34.6011	34.6261	34.5323	34.5814	34.4902	34.5495	34.4458	34.4774	34.3925	34.4694	34.3376	34.3715	34.2758	34.3483	34.2304	34.3115	34.2002	34.2423	34.1258	34.1986	34.0841	34.1505	34.0343	34.0944	34.0286	34.0655	33.949	33.9848	33.9243	33.9503	33.9148	33.9179	33.8485	33.8365	33.7969	33.7689	33.7312	33.7405	33.7086	33.712	33.7096	33.7334	33.6772	33.6589	33.605	33.5523	33.5483	33.5152	33.5152	33.4526	33.446	33.353	33.3702	33.3329	33.3534	33.2456	33.211	33.0831	33.0412	32.8941	32.8374	32.6981	32.7188	32.6683	33.1222	35.2984
Sgr-APal_024-Ex1-cssl.clmp.r1r2_fastp	36.599	36.3053	36.4697	36.4469	36.5195	36.496	36.5167	36.5062	36.5339	36.4926	36.5247	36.4905	36.5077	36.4782	36.4929	36.4707	36.4921	36.4692	36.4826	36.4477	36.4628	36.4266	36.413	36.3796	36.3754	36.3391	36.3346	36.3081	36.2933	36.2593	36.243	36.2135	36.1984	36.1639	36.1433	36.1241	36.0955	36.0819	36.062	36.0438	36.0089	35.9877	35.965	35.952	35.9242	35.9209	35.8868	35.8783	35.849	35.8482	35.8125	35.8213	35.7794	35.791	35.7374	35.7492	35.7017	35.7177	35.6694	35.6779	35.6424	35.6648	35.6077	35.6154	35.5568	35.5936	35.5313	35.5395	35.4809	35.5146	35.4579	35.464	35.3878	35.412	35.3459	35.373	35.3137	35.3385	35.2677	35.2761	35.2156	35.2395	35.1573	35.1654	35.0972	35.1161	35.0406	35.073	34.9848	35.0226	34.9498	34.9653	34.8862	34.9352	34.8403	34.8646	34.7732	34.8077	34.7186	34.773	34.6806	34.7087	34.6171	34.6588	34.567	34.6011	34.518	34.5495	34.4684	34.5128	34.3958	34.4284	34.3721	34.3772	34.3394	34.3448	34.2541	34.2367	34.1911	34.1564	34.1213	34.1139	34.0752	34.0619	34.085	34.0719	33.9966	33.9766	33.8914	33.8481	33.8499	33.8201	33.7897	33.7249	33.7159	33.6338	33.5897	33.6169	33.5514	33.493	33.4053	33.3119	33.2267	33.0675	32.9869	32.8356	32.7904	32.7814	33.1994	35.3136
Sgr-APal_025-Ex1-cssl.clmp.r1r2_fastp	36.525	36.161	36.4025	36.3523	36.4731	36.412	36.4812	36.4284	36.5115	36.4406	36.5078	36.445	36.5033	36.4442	36.4953	36.4396	36.4926	36.439	36.4752	36.4098	36.4548	36.3808	36.401	36.3312	36.3475	36.2793	36.2854	36.2265	36.2222	36.1479	36.1376	36.0776	36.064	36.0089	35.9832	35.9326	35.9066	35.8546	35.8305	35.7941	35.7415	35.7058	35.6611	35.6372	35.5856	35.5669	35.5146	35.4945	35.4274	35.4418	35.3743	35.3764	35.2825	35.3074	35.2182	35.2376	35.1373	35.1775	35.077	35.0991	35.0111	35.0494	34.9408	34.972	34.8773	34.9336	34.8191	34.8749	34.7429	34.8262	34.7004	34.7592	34.6291	34.6987	34.564	34.6531	34.5276	34.6267	34.4699	34.5285	34.3938	34.5022	34.3324	34.4223	34.2514	34.3597	34.1851	34.3172	34.147	34.292	34.0712	34.2141	34.0279	34.185	33.9695	34.1098	33.9096	34.0624	33.8581	34.0342	33.8311	33.966	33.7678	33.934	33.7108	33.8603	33.6857	33.8235	33.6628	33.7923	33.5862	33.7269	33.579	33.6766	33.5601	33.6615	33.4938	33.5769	33.4492	33.5362	33.4082	33.4865	33.3562	33.467	33.3974	33.4798	33.3959	33.4214	33.3051	33.302	33.2951	33.349	33.2923	33.219	33.1988	33.1604	33.1297	33.1453	33.1289	33.0861	32.982	32.9102	32.824	32.7044	32.6323	32.524	32.5182	32.4976	32.883	35.1748
Sgr-APal_026-Ex1-cssl.clmp.r1r2_fastp	36.5598	36.2287	36.4498	36.4068	36.5114	36.4648	36.5107	36.4759	36.531	36.4852	36.5285	36.4916	36.5242	36.4806	36.5126	36.4772	36.5042	36.4697	36.491	36.4476	36.4743	36.4286	36.4262	36.3782	36.3792	36.3343	36.3281	36.292	36.2781	36.2356	36.2123	36.1828	36.1589	36.1178	36.09	36.059	36.0224	36.0004	35.9655	35.9468	35.9002	35.8789	35.8423	35.8287	35.7793	35.7776	35.7217	35.7189	35.6657	35.6787	35.6196	35.6333	35.5628	35.5891	35.5054	35.5193	35.4538	35.4717	35.3947	35.4188	35.3393	35.3783	35.2855	35.3169	35.2307	35.2761	35.1861	35.22	35.1182	35.1791	35.0805	35.1123	35.0016	35.0526	34.943	34.9994	34.8851	34.9527	34.8259	34.8805	34.7553	34.8276	34.6975	34.7473	34.614	34.6827	34.5359	34.6255	34.4761	34.5907	34.4268	34.5093	34.3711	34.4872	34.3067	34.3938	34.2126	34.3384	34.1513	34.2847	34.1202	34.2069	34.0499	34.1786	33.9983	34.1067	33.9173	34.043	33.8933	34.0231	33.8183	33.9243	33.7932	33.8879	33.7821	33.8636	33.6992	33.762	33.6428	33.677	33.5942	33.6602	33.5612	33.6258	33.5443	33.6416	33.5071	33.5747	33.4348	33.4366	33.3907	33.3874	33.3772	33.3714	33.2885	33.2478	33.197	33.2386	33.1936	33.1784	33.0714	32.9357	32.8515	32.746	32.6758	32.5759	32.5269	32.5365	32.9453	35.214
Sgr-APal_027-Ex1-cssl.clmp.r1r2_fastp	36.5169	36.0721	36.3875	36.3174	36.4636	36.3828	36.4646	36.3977	36.4864	36.4047	36.4895	36.4228	36.4947	36.43	36.4874	36.423	36.4832	36.4233	36.4621	36.3891	36.4413	36.3622	36.3824	36.308	36.3308	36.2594	36.2668	36.1899	36.1957	36.1138	36.1043	36.0407	36.0284	35.9538	35.9444	35.8788	35.846	35.794	35.773	35.7242	35.6886	35.6426	35.5998	35.5683	35.5182	35.4876	35.431	35.4058	35.3454	35.3509	35.2804	35.2845	35.185	35.2101	35.1009	35.135	35.0309	35.0613	34.9429	34.9796	34.8827	34.9297	34.8127	34.8614	34.739	34.8118	34.6762	34.7378	34.5881	34.7033	34.5462	34.6248	34.479	34.5872	34.4211	34.5388	34.3707	34.4771	34.3149	34.4209	34.2407	34.3607	34.1724	34.2993	34.1171	34.2414	34.0457	34.2102	33.9731	34.176	33.9475	34.0903	33.8932	34.0756	33.8388	33.9956	33.7442	33.9465	33.6992	33.9264	33.6666	33.8517	33.6016	33.8252	33.558	33.7688	33.5254	33.7195	33.5239	33.7037	33.4571	33.6304	33.43	33.5832	33.4257	33.5856	33.3671	33.5007	33.3319	33.4317	33.2941	33.427	33.3062	33.3885	33.3039	33.4719	33.2849	33.3953	33.249	33.3001	33.2379	33.3026	33.1955	33.2303	33.1486	33.1138	33.0491	33.127	33.0754	33.1154	32.9715	32.878	32.8087	32.6956	32.6127	32.5618	32.4879	32.5377	32.8397	35.1559
Sgr-APal_028-Ex1-cssl.clmp.r1r2_fastp	36.5926	36.2358	36.4483	36.4004	36.5023	36.4588	36.5043	36.4713	36.5185	36.4708	36.5122	36.4729	36.5095	36.4696	36.4998	36.4604	36.4971	36.4574	36.4792	36.4336	36.4607	36.4135	36.4145	36.3629	36.3712	36.32	36.3195	36.2802	36.2736	36.2236	36.2035	36.1707	36.1591	36.1137	36.0931	36.0587	36.0267	36.0038	35.9768	35.9537	35.9185	35.8943	35.8593	35.8465	35.7975	35.7941	35.7435	35.7334	35.6922	35.6964	35.6458	35.6604	35.592	35.6034	35.5348	35.5467	35.4833	35.5063	35.4311	35.4392	35.384	35.4142	35.3317	35.3584	35.2806	35.3231	35.234	35.2564	35.164	35.2275	35.1406	35.162	35.0673	35.1103	35.0128	35.0617	34.968	35.0215	34.8989	34.9458	34.839	34.9048	34.7782	34.8263	34.7097	34.7675	34.6247	34.7146	34.5839	34.6809	34.522	34.6075	34.461	34.5866	34.4022	34.487	34.3277	34.4639	34.2733	34.408	34.2378	34.3377	34.1631	34.3001	34.1123	34.2372	34.0695	34.1886	34.0346	34.1392	33.968	34.0675	33.9134	34.0171	33.9166	33.9957	33.8477	33.8897	33.776	33.8203	33.7371	33.7926	33.6943	33.7838	33.7142	33.7948	33.6604	33.7171	33.589	33.5718	33.5472	33.5864	33.485	33.4923	33.4429	33.4044	33.3378	33.3701	33.3371	33.3087	33.2288	33.097	33.0442	32.9594	32.8123	32.7555	32.6933	32.6819	33.0445	35.2301
Sgr-APal_029-Ex1-cssl.clmp.r1r2_fastp	36.5432	36.2087	36.4169	36.3826	36.4787	36.448	36.4825	36.4627	36.5058	36.4707	36.4986	36.4689	36.4865	36.4546	36.4753	36.4533	36.4739	36.4509	36.4648	36.4288	36.4454	36.4057	36.3958	36.3527	36.3556	36.3151	36.3012	36.2676	36.2546	36.2152	36.1954	36.1579	36.1429	36.1035	36.0718	36.046	36.0083	35.988	35.966	35.9381	35.8927	35.871	35.835	35.8211	35.7864	35.7766	35.7331	35.7209	35.6846	35.6859	35.6462	35.6507	35.5877	35.6062	35.5504	35.5558	35.504	35.5238	35.456	35.4643	35.4211	35.4426	35.3743	35.3862	35.3291	35.3617	35.2896	35.3047	35.2346	35.2725	35.194	35.209	35.1334	35.1591	35.0812	35.1224	35.0414	35.0877	34.9899	35.002	34.9304	34.9783	34.8699	34.9035	34.8221	34.8594	34.7489	34.8053	34.7049	34.772	34.6631	34.6889	34.604	34.6915	34.5591	34.6068	34.5027	34.5823	34.4439	34.5418	34.4224	34.487	34.3587	34.4325	34.3259	34.4035	34.2819	34.3324	34.2514	34.3215	34.1851	34.2466	34.1579	34.1922	34.1516	34.1854	34.0755	34.089	34.0308	34.029	33.979	34.0015	33.9327	33.9805	33.96	34.0004	33.9333	33.9031	33.8381	33.7986	33.8039	33.7993	33.7427	33.7365	33.6822	33.6341	33.62	33.61	33.5919	33.5168	33.4529	33.3599	33.3088	33.1672	33.0856	33.0065	32.9682	32.936	33.3123	35.3487
Sgr-APal_030-Ex1-cssl.clmp.r1r2_fastp	36.6229	36.3473	36.4864	36.4678	36.5273	36.5106	36.5249	36.5176	36.5323	36.5114	36.527	36.5081	36.5164	36.4973	36.5073	36.4907	36.503	36.489	36.49	36.4695	36.478	36.4499	36.4366	36.41	36.406	36.377	36.3654	36.3473	36.3325	36.3111	36.2907	36.2759	36.26	36.2383	36.2153	36.1994	36.1748	36.164	36.1484	36.1347	36.1035	36.0924	36.0695	36.0632	36.0394	36.0364	36.0074	36.002	35.977	35.9796	35.9512	35.9574	35.9226	35.9309	35.8918	35.8986	35.8674	35.8791	35.8414	35.8434	35.8162	35.8344	35.7896	35.7939	35.7572	35.7732	35.7392	35.7384	35.6974	35.7168	35.6758	35.6702	35.6305	35.6407	35.5937	35.6101	35.5698	35.5858	35.5302	35.5295	35.4921	35.5074	35.4497	35.4505	35.4083	35.4066	35.3543	35.3736	35.3271	35.3545	35.3016	35.3052	35.2653	35.2938	35.227	35.2243	35.1774	35.195	35.1442	35.1683	35.1258	35.1252	35.0711	35.0868	35.0308	35.0507	34.9931	35.0038	34.9725	34.9803	34.9185	34.9263	34.8861	34.8923	34.8728	34.8586	34.7945	34.7787	34.7476	34.7149	34.6941	34.6798	34.6524	34.6341	34.6305	34.6341	34.584	34.5447	34.4905	34.4471	34.4287	34.3991	34.3607	34.3074	34.2698	34.1897	34.1615	34.1364	34.1248	34.0304	33.9539	33.8264	33.7549	33.6088	33.5288	33.4126	33.3565	33.3034	33.6629	35.5041
Sgr-APal_031-Ex1-cssl.clmp.r1r2_fastp	36.5329	36.1794	36.4048	36.3675	36.4865	36.4405	36.4963	36.4513	36.5094	36.466	36.5185	36.4758	36.5084	36.4662	36.5126	36.4611	36.5046	36.4561	36.4803	36.4185	36.4582	36.3985	36.3976	36.3384	36.3507	36.2852	36.2735	36.22	36.2209	36.1469	36.1209	36.078	36.0482	36.0081	35.9519	35.9127	35.861	35.8401	35.7918	35.7725	35.6994	35.68	35.617	35.6074	35.5263	35.5339	35.4515	35.464	35.3692	35.4164	35.3196	35.3466	35.2341	35.2858	35.1749	35.2074	35.0836	35.133	35.0365	35.0622	34.9515	35.0076	34.8946	34.9572	34.824	34.9085	34.7869	34.8452	34.6793	34.8016	34.6751	34.7306	34.5891	34.6959	34.5172	34.6275	34.4876	34.6108	34.4225	34.5341	34.3598	34.4721	34.3195	34.3984	34.2319	34.3617	34.1748	34.3119	34.1049	34.2548	34.0708	34.2021	33.9885	34.1664	33.9471	34.096	33.8582	34.0362	33.8186	34.0096	33.7828	33.9498	33.7105	33.8718	33.6723	33.8002	33.6408	33.7532	33.616	33.7341	33.5386	33.6458	33.5016	33.5778	33.5303	33.6023	33.4368	33.5063	33.404	33.4345	33.3383	33.4043	33.3213	33.3432	33.3318	33.3561	33.3378	33.3219	33.2414	33.1827	33.1957	33.1965	33.1996	33.114	33.0897	33.0471	32.9769	32.9805	33.0597	32.9846	32.8653	32.7204	32.7095	32.548	32.4589	32.4057	32.3718	32.3631	32.7669	35.0944
Sgr-APal_032-Ex1-cssl.clmp.r1r2_fastp	36.5826	36.2848	36.4622	36.4259	36.5131	36.4774	36.5104	36.494	36.5236	36.4878	36.5167	36.4828	36.5018	36.4704	36.4842	36.4635	36.4864	36.468	36.4705	36.4406	36.4625	36.4208	36.4024	36.3656	36.367	36.3304	36.3189	36.2957	36.2806	36.2441	36.2219	36.1911	36.1725	36.137	36.1114	36.0835	36.0676	36.0396	36.0239	36.0038	35.9617	35.9444	35.9181	35.8892	35.8707	35.8537	35.8277	35.8093	35.7804	35.7736	35.7426	35.7423	35.6895	35.7096	35.6512	35.6604	35.6199	35.6147	35.5727	35.5663	35.5346	35.5434	35.4741	35.4943	35.4376	35.4667	35.4001	35.3995	35.3394	35.3843	35.3097	35.3023	35.2385	35.2485	35.181	35.2027	35.1441	35.1659	35.0886	35.0757	35.0026	35.0362	34.9471	34.9614	34.8794	34.9157	34.8144	34.8497	34.7619	34.8138	34.7143	34.7259	34.6556	34.7187	34.5941	34.6206	34.5	34.5729	34.476	34.5155	34.4416	34.4403	34.3397	34.3996	34.2768	34.3577	34.2431	34.2555	34.1913	34.2505	34.1058	34.1488	34.0648	34.0953	34.0101	34.043	33.9486	33.9392	33.8802	33.864	33.8311	33.8037	33.767	33.7859	33.7952	33.7755	33.7348	33.6934	33.6408	33.5718	33.6222	33.5432	33.518	33.4457	33.4251	33.3383	33.2566	33.2814	33.3016	33.2318	33.1608	32.9996	32.9729	32.7795	32.7537	32.5824	32.6365	32.5483	32.873	35.2153
Sgr-APal_033-Ex1-cssl.clmp.r1r2_fastp	36.5363	36.1595	36.4119	36.3546	36.4763	36.423	36.4856	36.4338	36.5085	36.4483	36.5053	36.4533	36.504	36.4443	36.493	36.44	36.4926	36.439	36.4713	36.4116	36.4496	36.3819	36.3985	36.3233	36.3443	36.2725	36.2865	36.2187	36.2158	36.149	36.1311	36.0731	36.0669	35.9961	35.9767	35.9232	35.8894	35.851	35.8266	35.7724	35.73	35.6867	35.6541	35.621	35.5732	35.5471	35.4935	35.4666	35.4194	35.4088	35.3502	35.3433	35.2736	35.2837	35.1859	35.2001	35.1233	35.1432	35.0514	35.0465	34.9745	35.0148	34.9088	34.9394	34.8305	34.8841	34.7771	34.8161	34.6896	34.7712	34.647	34.6979	34.5637	34.6372	34.4977	34.59	34.4603	34.5392	34.3766	34.4685	34.306	34.412	34.2334	34.3234	34.1599	34.2831	34.0821	34.2085	34.0343	34.1832	33.9849	34.1	33.9067	34.0854	33.8588	34.003	33.7834	33.9806	33.7541	33.923	33.7049	33.8567	33.6452	33.8194	33.5852	33.7769	33.5619	33.7216	33.5503	33.6941	33.4789	33.6363	33.4567	33.5805	33.4386	33.5783	33.3715	33.4842	33.3487	33.4109	33.3205	33.3657	33.3025	33.3573	33.2955	33.4165	33.2855	33.3085	33.224	33.2017	33.1978	33.201	33.148	33.1453	33.1102	33.0159	33.0102	33.0331	32.97	32.9915	32.87	32.7751	32.6878	32.5847	32.4946	32.4573	32.3933	32.4199	32.7227	35.1265
Sgr-APal_034-Ex1-cssl.clmp.r1r2_fastp	36.5421	36.1208	36.4017	36.3353	36.4814	36.4157	36.489	36.4348	36.5129	36.4458	36.512	36.4544	36.5092	36.4545	36.4986	36.4403	36.4874	36.4364	36.4707	36.4147	36.4488	36.3863	36.3939	36.329	36.3427	36.2735	36.274	36.2191	36.2108	36.1472	36.1293	36.0804	36.0632	36.0018	35.9672	35.9361	35.886	35.862	35.8236	35.7913	35.7326	35.7025	35.6431	35.6342	35.5712	35.5624	35.4931	35.4932	35.4189	35.4382	35.356	35.3738	35.2747	35.3157	35.196	35.2379	35.1238	35.1633	35.0512	35.0927	34.9846	35.0413	34.9064	34.9745	34.8345	34.9214	34.7762	34.8599	34.6942	34.8055	34.6548	34.7332	34.5714	34.6861	34.5178	34.6225	34.4496	34.573	34.373	34.4845	34.3058	34.444	34.237	34.3535	34.154	34.2971	34.0667	34.2588	34.0258	34.1995	33.9734	34.1323	33.902	34.1074	33.8615	34.0382	33.7818	33.9632	33.7413	33.941	33.6884	33.8708	33.6284	33.8218	33.5845	33.7838	33.5355	33.7411	33.519	33.6927	33.4525	33.6334	33.4275	33.614	33.4223	33.5853	33.3634	33.4656	33.3186	33.425	33.2769	33.3867	33.2856	33.3754	33.2712	33.3986	33.2589	33.3202	33.1971	33.225	33.1686	33.2186	33.1375	33.1797	33.0796	33.0473	32.9726	33.0624	33.0153	33.0027	32.8657	32.7732	32.7321	32.6166	32.4639	32.4172	32.372	32.4423	32.7115	35.1168
Sgr-APal_035-Ex1-cssl.clmp.r1r2_fastp	36.5225	36.0591	36.3869	36.3109	36.4714	36.3788	36.4713	36.3906	36.4892	36.4031	36.4938	36.4183	36.5016	36.4218	36.4879	36.4224	36.4807	36.4179	36.4586	36.3773	36.4325	36.3546	36.373	36.2923	36.3249	36.2341	36.2534	36.1706	36.1755	36.0854	36.0786	36.0072	35.9976	35.9211	35.8985	35.8285	35.8102	35.7491	35.727	35.6674	35.6192	35.5808	35.5268	35.4934	35.4456	35.4074	35.3643	35.327	35.2685	35.2625	35.1939	35.1795	35.1013	35.1171	35.0097	35.0261	34.9333	34.9563	34.8458	34.8689	34.769	34.8101	34.6868	34.7397	34.6199	34.7096	34.5553	34.6103	34.4695	34.5647	34.423	34.496	34.3454	34.4373	34.2748	34.3892	34.2341	34.3494	34.1683	34.2625	34.0761	34.2235	34.0218	34.1491	33.9586	34.0973	33.8787	34.036	33.8096	33.9955	33.7638	33.9408	33.6948	33.9197	33.6478	33.8286	33.5664	33.7988	33.5354	33.7624	33.4942	33.6891	33.4315	33.6709	33.3912	33.6094	33.3542	33.5672	33.339	33.5611	33.2898	33.4751	33.2731	33.447	33.2507	33.4523	33.2024	33.3633	33.1882	33.2929	33.1335	33.2973	33.1518	33.2825	33.1552	33.3139	33.1303	33.2484	33.0748	33.1452	33.0722	33.1578	33.044	33.1285	32.9872	32.9883	32.9012	33.0043	32.9103	32.9659	32.8068	32.7693	32.6313	32.6109	32.4134	32.4409	32.3216	32.3958	32.68	35.0902
Sgr-APal_037-Ex1-cssl.clmp.r1r2_fastp	36.5961	36.2872	36.4665	36.4466	36.523	36.4977	36.5188	36.5095	36.5347	36.5127	36.5273	36.5087	36.5137	36.4934	36.5002	36.4879	36.4957	36.4866	36.4838	36.465	36.4686	36.4456	36.4258	36.4008	36.3908	36.3676	36.3491	36.3355	36.3146	36.2952	36.2687	36.2548	36.2369	36.2149	36.1861	36.17	36.1397	36.136	36.1144	36.1031	36.0647	36.0568	36.0346	36.0268	36.0005	35.9982	35.9643	35.96	35.9294	35.9323	35.9054	35.9106	35.8699	35.8848	35.844	35.8486	35.8176	35.8295	35.791	35.7958	35.7656	35.7815	35.738	35.7458	35.7037	35.7282	35.6868	35.6855	35.6422	35.6699	35.6211	35.6202	35.5769	35.588	35.5383	35.5589	35.5139	35.5361	35.4799	35.4807	35.4378	35.4571	35.3959	35.4016	35.3511	35.3548	35.3046	35.3251	35.2709	35.3029	35.2437	35.2478	35.2079	35.2398	35.1644	35.1789	35.113	35.1353	35.0848	35.117	35.0545	35.0707	35.0105	35.0312	34.964	34.9958	34.9192	34.9461	34.9057	34.9137	34.8466	34.8717	34.8116	34.8388	34.808	34.8022	34.7256	34.7265	34.6816	34.6642	34.63	34.6358	34.5998	34.597	34.568	34.6021	34.5225	34.5157	34.4463	34.4189	34.3821	34.3844	34.3172	34.2898	34.2246	34.1793	34.1251	34.1399	34.0846	34.039	33.932	33.8337	33.7455	33.6439	33.5274	33.4604	33.3789	33.3488	33.6639	35.4922
Sgr-APal_038-Ex1-cssl.clmp.r1r2_fastp	36.5555	36.2595	36.4491	36.4327	36.5118	36.4874	36.509	36.4989	36.5248	36.498	36.5159	36.4927	36.5053	36.4824	36.4935	36.4788	36.4887	36.4774	36.4751	36.4529	36.4583	36.4311	36.4125	36.3856	36.3787	36.3503	36.3335	36.3147	36.294	36.2708	36.2431	36.2223	36.2037	36.1747	36.1477	36.127	36.0972	36.0814	36.0633	36.0433	36.0094	35.991	35.9678	35.9549	35.9322	35.9214	35.8927	35.8806	35.8589	35.8533	35.8299	35.828	35.7943	35.7997	35.7606	35.762	35.7342	35.7411	35.7068	35.7032	35.6789	35.693	35.6519	35.6494	35.6179	35.6313	35.5976	35.59	35.5557	35.5737	35.5344	35.5238	35.487	35.4914	35.4514	35.4633	35.4216	35.4426	35.3858	35.3837	35.3434	35.3642	35.3014	35.3009	35.2564	35.2556	35.2057	35.2232	35.1751	35.2087	35.1534	35.1519	35.1153	35.148	35.0755	35.0758	35.0216	35.0419	34.9955	35.0229	34.961	34.9782	34.9189	34.9313	34.8726	34.8981	34.8335	34.8537	34.8154	34.8252	34.7536	34.7714	34.7225	34.745	34.7151	34.7098	34.6388	34.631	34.589	34.5783	34.5305	34.542	34.5102	34.5143	34.4876	34.5052	34.4489	34.4266	34.3552	34.3316	34.2968	34.3106	34.237	34.2326	34.1706	34.1245	34.0749	34.091	34.0396	34.004	33.8856	33.8064	33.6995	33.6302	33.5119	33.4454	33.377	33.364	33.6641	35.4971
Sgr-APal_039-Ex1-cssl.clmp.r1r2_fastp	36.4722	36.1996	36.4294	36.3988	36.4949	36.4597	36.4925	36.4688	36.5021	36.4668	36.4951	36.4686	36.4903	36.4645	36.4774	36.4517	36.4692	36.4489	36.4545	36.4168	36.4335	36.3941	36.3789	36.3386	36.3351	36.295	36.2775	36.2473	36.2302	36.1896	36.154	36.1287	36.0982	36.0591	36.019	35.9857	35.9508	35.9208	35.8898	35.8596	35.8095	35.7789	35.7419	35.7216	35.6807	35.6683	35.6153	35.5929	35.5633	35.5552	35.5177	35.514	35.4603	35.4676	35.4072	35.4065	35.3611	35.3646	35.3114	35.3072	35.2663	35.2842	35.2251	35.223	35.1688	35.1897	35.1356	35.1299	35.0696	35.1001	35.0361	35.0333	34.9724	34.9938	34.9221	34.9497	34.8918	34.917	34.8321	34.8301	34.776	34.8095	34.7304	34.7412	34.6727	34.687	34.6065	34.6484	34.5739	34.6251	34.5372	34.5621	34.4975	34.5678	34.4525	34.4767	34.3949	34.4477	34.3548	34.426	34.3362	34.3587	34.2844	34.3398	34.2335	34.2861	34.1982	34.2388	34.1842	34.209	34.1222	34.1434	34.0861	34.1072	34.0759	34.089	33.9963	33.9932	33.931	33.9119	33.8846	33.8812	33.843	33.8368	33.8318	33.8386	33.7841	33.7488	33.6986	33.642	33.6362	33.5975	33.5841	33.5151	33.4759	33.3898	33.3771	33.3608	33.3453	33.2555	33.1702	33.0274	32.9521	32.8126	32.7382	32.6181	32.5479	32.5463	33.0026	35.2719
Sgr-APal_044-Ex1-cssl.clmp.r1r2_fastp	36.5665	36.198	36.4103	36.3697	36.4646	36.428	36.4637	36.4345	36.4759	36.4351	36.4671	36.4323	36.4584	36.4248	36.4475	36.4153	36.4413	36.4119	36.4246	36.3887	36.4071	36.3639	36.3574	36.3118	36.3137	36.2707	36.2595	36.2269	36.2127	36.1705	36.1492	36.1156	36.1003	36.0636	36.0333	36.0042	35.9712	35.9517	35.9284	35.9045	35.8603	35.8392	35.8051	35.7919	35.7518	35.7465	35.6944	35.6893	35.6458	35.6548	35.6002	35.6125	35.5518	35.5722	35.506	35.5135	35.4573	35.475	35.4072	35.4199	35.3628	35.3951	35.3141	35.3368	35.2628	35.3052	35.2226	35.2483	35.1549	35.2127	35.1258	35.1472	35.0549	35.1046	35.0028	35.0584	34.9638	35.0178	34.9037	34.9431	34.8454	34.9128	34.7879	34.8336	34.7236	34.7826	34.6596	34.7354	34.6173	34.7025	34.568	34.6364	34.509	34.6219	34.4559	34.5357	34.3942	34.5009	34.3515	34.4629	34.3162	34.3992	34.249	34.3623	34.1999	34.3116	34.1537	34.2627	34.1365	34.2415	34.0736	34.1665	34.0395	34.1287	34.0398	34.1064	33.9564	34.0231	33.9121	33.9702	33.8801	33.9339	33.8397	33.9096	33.8427	33.9398	33.8066	33.861	33.7407	33.7439	33.6846	33.7327	33.656	33.6537	33.583	33.5562	33.4892	33.546	33.477	33.4745	33.3175	33.2783	33.1372	33.0724	32.935	32.9021	32.7964	32.8239	33.1545	35.3014
Sgr-APal_045-Ex1-cssl.clmp.r1r2_fastp	36.6128	36.2901	36.4421	36.4228	36.4957	36.4766	36.5027	36.4892	36.5194	36.4908	36.5122	36.4871	36.5024	36.4719	36.4917	36.4683	36.4864	36.4663	36.4739	36.4471	36.4593	36.4236	36.4105	36.3752	36.3696	36.3371	36.3207	36.299	36.2782	36.2528	36.2248	36.205	36.1825	36.1595	36.1247	36.1127	36.0692	36.0672	36.0312	36.0261	35.9738	35.9721	35.9274	35.9309	35.8815	35.8914	35.8312	35.8417	35.7818	35.8037	35.7435	35.7698	35.6939	35.7274	35.654	35.681	35.6082	35.6447	35.5595	35.5919	35.5167	35.5641	35.4718	35.5046	35.4193	35.4734	35.382	35.4225	35.3184	35.3857	35.2843	35.3218	35.216	35.2697	35.163	35.225	35.1219	35.1827	35.0688	35.119	35.0073	35.0756	34.9523	35.0037	34.8859	34.9484	34.8266	34.9034	34.7827	34.8683	34.7385	34.8026	34.6833	34.7826	34.6349	34.7013	34.5722	34.6688	34.5393	34.6381	34.508	34.5733	34.4452	34.5288	34.4018	34.4839	34.3665	34.4422	34.3447	34.4142	34.2733	34.355	34.2473	34.317	34.2399	34.2909	34.1779	34.2038	34.1285	34.1538	34.0852	34.1196	34.0561	34.0929	34.0513	34.1131	34.0189	34.0372	33.9398	33.926	33.8805	33.9073	33.8316	33.8315	33.7643	33.7403	33.6795	33.7101	33.6501	33.6294	33.5004	33.423	33.3265	33.2412	33.111	33.0643	32.9922	32.9909	33.3466	35.3633
Sgr-APal_047-Ex1-cssl.clmp.r1r2_fastp	36.506	36.1634	36.3799	36.3519	36.4455	36.4165	36.4463	36.4245	36.4587	36.4229	36.4475	36.4208	36.4415	36.4125	36.4288	36.4035	36.4246	36.3997	36.4053	36.3723	36.3835	36.3463	36.3294	36.2912	36.2883	36.2483	36.229	36.2049	36.1815	36.1433	36.1088	36.0816	36.0564	36.0209	35.9802	35.9546	35.9102	35.8939	35.8604	35.8383	35.782	35.7672	35.7229	35.7116	35.6648	35.662	35.6025	35.5967	35.5487	35.5536	35.5062	35.516	35.451	35.4683	35.3987	35.4152	35.3523	35.3722	35.2979	35.3114	35.2584	35.2915	35.2097	35.2303	35.1582	35.2009	35.1257	35.1406	35.0542	35.1093	35.0241	35.0427	34.959	34.9998	34.9086	34.9553	34.8784	34.9267	34.8262	34.8546	34.77	34.8232	34.7173	34.7481	34.6618	34.7018	34.6075	34.6646	34.5759	34.6385	34.5418	34.5733	34.4858	34.5725	34.4512	34.4977	34.3988	34.466	34.3765	34.4472	34.3494	34.3883	34.2868	34.3558	34.2574	34.3327	34.2286	34.28	34.2285	34.2666	34.1637	34.2069	34.1442	34.1819	34.1584	34.1802	34.0995	34.0963	34.0569	34.0518	34.0243	34.0233	33.9869	34.0117	34.0093	34.0416	33.9835	33.9713	33.9092	33.8845	33.8642	33.8701	33.8438	33.8131	33.7854	33.7309	33.707	33.7096	33.6805	33.6337	33.5447	33.4548	33.3835	33.281	33.2145	33.1153	33.0834	33.0725	33.4537	35.4148
Sgr-CJol_001-Ex1-cssl.clmp.r1r2_fastp	36.401	35.7854	36.0155	36.0008	36.1212	36.0899	36.1195	36.0952	36.1432	36.0934	36.1257	36.0999	36.1127	36.0714	36.0788	36.05	36.074	36.0428	36.0543	36.0078	36.0317	35.9696	35.959	35.9131	35.9028	35.8336	35.8217	35.7665	35.7719	35.7175	35.7278	35.6756	35.6774	35.6316	35.6258	35.574	35.5389	35.535	35.5407	35.5046	35.4919	35.447	35.4438	35.4011	35.3942	35.3585	35.3431	35.3039	35.2976	35.2576	35.2817	35.2375	35.2169	35.1935	35.1775	35.1336	35.1252	35.1258	35.0914	35.0306	35.0421	35.042	35.0278	34.9806	34.942	34.9625	34.9452	34.8748	34.8871	34.8582	34.8508	34.814	34.8041	34.7931	34.7791	34.7458	34.751	34.7188	34.6967	34.6785	34.6645	34.6365	34.6132	34.5949	34.5906	34.5876	34.5456	34.5386	34.5023	34.5245	34.4931	34.4922	34.4684	34.4654	34.4541	34.3974	34.4207	34.3899	34.3715	34.3937	34.3689	34.3474	34.3318	34.3182	34.3174	34.3134	34.3108	34.2591	34.2679	34.2801	34.2347	34.2233	34.2152	34.2248	34.2597	34.2518	34.1961	34.1821	34.1855	34.1453	34.1717	34.133	34.1817	34.1594	34.2134	34.1878	34.1499	34.1016	34.0971	34.0494	34.0695	34.0602	34.0596	33.9915	34.0128	33.9013	33.9219	33.9451	33.9474	33.8786	33.8179	33.7062	33.7021	33.6252	33.5802	33.5046	33.4503	33.4684	33.879	35.5051
Sgr-CJol_002-Ex1-cssl.clmp.r1r2_fastp	36.3944	35.7132	35.9778	35.9503	36.082	36.0448	36.0797	36.064	36.1003	36.0489	36.0911	36.0688	36.0818	36.0301	36.0467	36.0114	36.0312	36.0004	36.0177	35.9631	35.9731	35.9188	35.9165	35.857	35.855	35.7729	35.7673	35.7169	35.7059	35.6556	35.6471	35.614	35.6177	35.5391	35.5436	35.4783	35.4384	35.4225	35.4402	35.368	35.3937	35.3127	35.3319	35.2749	35.3081	35.2185	35.2244	35.1751	35.2024	35.1298	35.1511	35.0973	35.1099	35.0562	35.0545	35.003	35.0124	34.9523	34.9741	34.9105	34.9148	34.8993	34.8974	34.836	34.824	34.7967	34.7993	34.768	34.75	34.7127	34.7301	34.6813	34.6894	34.6539	34.6381	34.6135	34.6114	34.6147	34.5623	34.5269	34.5442	34.5483	34.5145	34.483	34.4998	34.4297	34.4172	34.4038	34.385	34.4256	34.3752	34.3617	34.3415	34.3636	34.3355	34.3062	34.2792	34.2917	34.2587	34.2787	34.2781	34.2455	34.2499	34.2191	34.2202	34.2044	34.1989	34.1828	34.1948	34.2181	34.1856	34.1365	34.1822	34.1491	34.1866	34.1525	34.1369	34.0824	34.1323	34.0788	34.0736	34.0478	34.0596	34.0686	34.0939	34.1315	34.118	34.0658	34.0181	33.9753	33.9916	33.971	33.9817	33.9084	33.9394	33.8459	33.8437	33.8663	33.858	33.8052	33.7487	33.6537	33.6167	33.4905	33.5076	33.4538	33.4549	33.3969	33.7463	35.4616
Sgr-CJol_003-Ex1-cssl.clmp.r1r2_fastp	36.3083	35.6078	35.8905	35.8889	35.9899	35.9721	35.9795	35.9652	35.9945	35.9746	35.9984	35.9827	35.9766	35.9489	35.9476	35.9435	35.9606	35.928	35.9317	35.8838	35.905	35.8618	35.8359	35.8049	35.7975	35.7395	35.7201	35.6886	35.6794	35.6442	35.6203	35.5974	35.5923	35.5424	35.5508	35.5062	35.447	35.4795	35.4669	35.4557	35.4088	35.4057	35.3811	35.3734	35.3619	35.3418	35.322	35.2757	35.2594	35.2541	35.2255	35.2201	35.1937	35.1636	35.1657	35.1395	35.1115	35.107	35.0824	35.0839	35.028	35.054	35.0262	35.0215	34.9953	34.9785	34.9824	34.9667	34.9362	34.9197	34.908	34.8913	34.8618	34.8817	34.8564	34.8849	34.8713	34.8728	34.8102	34.8093	34.7881	34.803	34.7712	34.7432	34.7157	34.7018	34.6434	34.6908	34.6854	34.6855	34.6584	34.6598	34.6417	34.6544	34.6314	34.6165	34.5583	34.5637	34.5835	34.5799	34.599	34.5262	34.5209	34.5111	34.5226	34.5243	34.4905	34.5015	34.5002	34.5181	34.4723	34.4525	34.4489	34.4377	34.4945	34.4876	34.417	34.38	34.3943	34.372	34.4033	34.4141	34.391	34.4103	34.4458	34.415	34.3922	34.3681	34.3399	34.3366	34.2887	34.2992	34.2846	34.282	34.2463	34.2133	34.2069	34.1815	34.1691	34.138	34.0758	33.9852	33.9256	33.9111	33.892	33.8278	33.7745	33.7602	34.0436	35.5647
Sgr-CJol_004-Ex1-cssl.clmp.r1r2_fastp	36.3844	35.7629	35.987	35.9811	36.0995	36.0819	36.1028	36.0711	36.1152	36.0687	36.0991	36.0706	36.0884	36.0463	36.0553	36.0289	36.0507	36.0331	36.0249	35.9847	35.9957	35.9508	35.9271	35.876	35.8613	35.8071	35.7938	35.7617	35.7611	35.7149	35.6708	35.6447	35.6387	35.5939	35.559	35.5267	35.4883	35.4903	35.475	35.4512	35.424	35.4148	35.3786	35.3582	35.323	35.3196	35.2809	35.251	35.2519	35.224	35.2194	35.2059	35.1471	35.1715	35.148	35.1089	35.0827	35.0907	35.0602	35.0371	35.0454	35.0236	35.0001	34.9548	34.9707	34.936	34.9095	34.8807	34.8532	34.8598	34.8369	34.7922	34.8105	34.7671	34.7696	34.7472	34.7206	34.7424	34.6799	34.7153	34.6427	34.6828	34.5965	34.6393	34.5902	34.624	34.5471	34.5806	34.5341	34.5527	34.4952	34.4951	34.4907	34.5027	34.4717	34.4655	34.4391	34.4929	34.4166	34.4664	34.3775	34.4173	34.3765	34.4017	34.375	34.3704	34.3426	34.3717	34.3487	34.3432	34.34	34.3499	34.3135	34.3135	34.3308	34.302	34.2741	34.2697	34.2482	34.2423	34.2238	34.2837	34.2047	34.2748	34.2637	34.3046	34.2572	34.2631	34.1705	34.1575	34.1462	34.1606	34.0813	34.0672	34.0187	34.029	33.9667	33.9843	34.02	33.9437	33.8619	33.7783	33.7577	33.7131	33.6338	33.6475	33.5584	33.5957	33.8918	35.4868
Sgr-CJol_006-Ex1-cssl.clmp.r1r2_fastp	36.3889	35.7123	35.9468	35.9354	36.057	36.0281	36.0647	36.0435	36.073	36.0197	36.0612	36.0416	36.0488	36.0181	36.0168	35.9851	36.0102	35.9857	35.9945	35.9513	35.9616	35.9216	35.8964	35.8596	35.8461	35.7878	35.7776	35.733	35.7158	35.6982	35.6691	35.6346	35.6247	35.593	35.5689	35.5528	35.4937	35.4952	35.4947	35.4614	35.4295	35.4345	35.3933	35.3945	35.3685	35.3436	35.304	35.2815	35.2489	35.2533	35.2304	35.2212	35.1861	35.1873	35.146	35.1395	35.1125	35.1158	35.0694	35.0663	35.0469	35.0666	34.9971	34.999	34.9616	34.9758	34.925	34.9106	34.8838	34.8831	34.851	34.8423	34.8044	34.8207	34.7568	34.7604	34.7452	34.7535	34.7095	34.7112	34.6811	34.6877	34.6367	34.6371	34.5959	34.5727	34.5733	34.5884	34.5299	34.5746	34.525	34.5207	34.4895	34.524	34.4742	34.4733	34.4318	34.4394	34.4283	34.4492	34.4473	34.3785	34.3953	34.3952	34.3886	34.3701	34.3405	34.3375	34.3468	34.3406	34.3099	34.3021	34.3211	34.3142	34.3614	34.293	34.277	34.2351	34.2662	34.2107	34.2079	34.2289	34.2398	34.1982	34.2745	34.2789	34.2187	34.1886	34.1407	34.1441	34.1141	34.1597	34.0945	34.0696	34.0669	34.0338	33.9815	34.0586	34.012	33.9842	33.9113	33.8263	33.7762	33.6809	33.6602	33.623	33.5868	33.5917	33.9338	35.5152
Sgr-CJol_007-Ex1-cssl.clmp.r1r2_fastp	36.3737	35.7024	35.9323	35.9323	36.0387	36.0327	36.0381	36.036	36.0546	36.0165	36.0375	36.0246	36.0231	35.9944	36.0097	35.9858	35.9971	35.9777	35.972	35.9357	35.9407	35.9094	35.8631	35.8323	35.8259	35.766	35.753	35.7197	35.6923	35.6675	35.6289	35.6264	35.5985	35.5708	35.5515	35.5159	35.4808	35.475	35.4681	35.4594	35.4209	35.4085	35.3928	35.3707	35.3476	35.3459	35.3126	35.2836	35.2735	35.2548	35.2324	35.2348	35.2079	35.2016	35.1656	35.1425	35.1362	35.1213	35.1076	35.0904	35.0455	35.072	35.0259	35.0071	34.985	34.9793	34.9544	34.9546	34.8993	34.9348	34.8782	34.8929	34.8463	34.8376	34.8117	34.8087	34.8004	34.8163	34.7629	34.7531	34.7449	34.7546	34.701	34.6988	34.688	34.6689	34.6544	34.6462	34.6288	34.6629	34.6062	34.6294	34.5985	34.6147	34.5864	34.575	34.5137	34.5261	34.5163	34.5487	34.5338	34.4925	34.5029	34.4944	34.4878	34.4928	34.4623	34.4634	34.4616	34.4698	34.4485	34.4159	34.4455	34.4667	34.4812	34.4599	34.4149	34.393	34.3766	34.3803	34.3743	34.376	34.3973	34.3841	34.4073	34.4213	34.3751	34.3879	34.3152	34.3046	34.3183	34.3257	34.2878	34.2406	34.2504	34.1741	34.1978	34.1773	34.1751	34.1335	34.0764	33.9916	33.9673	33.9161	33.8596	33.8087	33.8036	33.7682	34.0639	35.5816
Sgr-CJol_008-Ex1-cssl.clmp.r1r2_fastp	36.3881	35.6976	35.9276	35.9208	36.0337	36.0291	36.0464	36.0388	36.0605	36.0317	36.0535	36.0267	36.0345	35.9999	36.0048	35.9854	36.0002	35.9785	35.9773	35.9504	35.9535	35.9139	35.8899	35.8425	35.8373	35.7881	35.7631	35.7333	35.7127	35.6918	35.6492	35.6332	35.6377	35.6059	35.579	35.5488	35.481	35.5052	35.4902	35.4712	35.4377	35.4313	35.4033	35.4007	35.37	35.3606	35.3394	35.2972	35.2842	35.2912	35.2424	35.2463	35.2144	35.208	35.1824	35.1685	35.1313	35.1333	35.1247	35.0831	35.0705	35.0862	35.05	35.0176	35.0083	35.0132	34.987	34.9628	34.9121	34.9303	34.9184	34.9045	34.8508	34.8571	34.8333	34.8507	34.8183	34.8106	34.7871	34.7827	34.7297	34.7576	34.7358	34.6956	34.6775	34.6731	34.6476	34.654	34.6404	34.6564	34.6047	34.5846	34.5773	34.6067	34.5717	34.5632	34.5397	34.5152	34.5292	34.562	34.5154	34.5068	34.4556	34.4767	34.446	34.462	34.449	34.4306	34.4521	34.4305	34.4411	34.4114	34.4122	34.4137	34.4273	34.4317	34.3928	34.3484	34.3725	34.3358	34.344	34.3591	34.3454	34.3251	34.3854	34.3963	34.3341	34.3205	34.3113	34.2416	34.2528	34.2495	34.2229	34.1994	34.1723	34.1425	34.1383	34.0975	34.1158	34.0794	34.0191	33.9353	33.9252	33.8709	33.8302	33.7572	33.7551	33.6921	34.0664	35.5644
Sgr-CJol_009-Ex1-cssl.clmp.r1r2_fastp	36.4012	35.7376	35.9894	35.9701	36.094	36.0572	36.0878	36.059	36.0971	36.0437	36.0809	36.0397	36.0587	36.0328	36.0474	36.0092	36.0343	35.9985	36.0176	35.9637	35.9782	35.9264	35.9062	35.8511	35.8581	35.7963	35.7903	35.7418	35.725	35.6857	35.682	35.6199	35.6244	35.5706	35.5572	35.516	35.4807	35.4674	35.4738	35.4327	35.419	35.3856	35.3889	35.3426	35.3341	35.282	35.2838	35.2368	35.246	35.2189	35.2103	35.1906	35.1736	35.1519	35.1419	35.0983	35.0796	35.0732	35.0509	35.0482	35.0096	35.0388	34.985	34.9735	34.9585	34.9562	34.9303	34.911	34.874	34.879	34.8562	34.831	34.8057	34.8097	34.7908	34.7749	34.7728	34.7578	34.7266	34.6877	34.6893	34.6792	34.679	34.6453	34.6362	34.6171	34.5902	34.5834	34.5425	34.5593	34.5535	34.519	34.524	34.5567	34.5041	34.4939	34.4442	34.4756	34.454	34.4555	34.4235	34.4212	34.4038	34.4075	34.3945	34.3941	34.3801	34.3634	34.3776	34.3712	34.3415	34.3336	34.3353	34.3504	34.3568	34.3593	34.2946	34.2955	34.2795	34.277	34.271	34.2451	34.2542	34.276	34.307	34.2907	34.2659	34.247	34.2032	34.2225	34.1994	34.1879	34.1638	34.1649	34.1229	34.0917	34.0765	34.0867	34.0684	34.0227	33.9457	33.8852	33.8707	33.774	33.7117	33.6746	33.6261	33.6201	33.9321	35.5126
Sgr-CJol_010-Ex1-cssl.clmp.r1r2_fastp	36.3798	35.7547	35.9858	35.9746	36.0925	36.0675	36.0844	36.0858	36.1157	36.0799	36.1198	36.0791	36.081	36.0534	36.0627	36.0284	36.0568	36.0147	36.0337	35.9778	35.9939	35.9377	35.9295	35.8688	35.8883	35.8136	35.8158	35.7599	35.7586	35.6999	35.6741	35.6492	35.6602	35.5936	35.6073	35.5564	35.5046	35.5011	35.5107	35.4643	35.471	35.4242	35.4304	35.3751	35.3801	35.3459	35.3347	35.3048	35.2843	35.2455	35.2559	35.2217	35.2052	35.1766	35.1794	35.1185	35.1241	35.0905	35.0939	35.0673	35.0552	35.0548	34.9971	34.9856	35.01	34.9748	34.9669	34.9117	34.9114	34.9088	34.8666	34.8322	34.8195	34.8009	34.7927	34.7701	34.7712	34.7476	34.7327	34.7027	34.6968	34.675	34.6825	34.6296	34.6312	34.5933	34.5917	34.5861	34.5779	34.5492	34.5344	34.4936	34.5186	34.5028	34.4771	34.4231	34.4327	34.4203	34.4133	34.412	34.4071	34.3594	34.3511	34.3378	34.3546	34.3179	34.3226	34.2985	34.3074	34.283	34.2901	34.2502	34.2913	34.2792	34.2954	34.2783	34.2303	34.2119	34.217	34.1588	34.1761	34.157	34.1749	34.1818	34.2173	34.2058	34.1588	34.1348	34.1175	34.047	34.0524	34.0567	34.0569	34.0164	33.9923	33.9448	33.9264	33.918	33.9131	33.8942	33.8429	33.7106	33.7272	33.663	33.5723	33.529	33.5151	33.5262	33.82	35.5091
Sgr-CJol_012-Ex1-cssl.clmp.r1r2_fastp	36.3998	35.7498	35.9858	35.97	36.0926	36.0609	36.0903	36.0584	36.0936	36.0394	36.0753	36.0501	36.0689	36.0395	36.0502	36.019	36.0403	35.9966	36.0027	35.9721	35.9667	35.9309	35.9198	35.8813	35.8682	35.8098	35.7996	35.757	35.7355	35.6864	35.6728	35.6483	35.6355	35.5919	35.572	35.5382	35.4861	35.4859	35.4997	35.471	35.4464	35.4407	35.4156	35.3865	35.3718	35.3386	35.316	35.2947	35.2692	35.2494	35.2267	35.222	35.1805	35.1907	35.1379	35.1144	35.106	35.0653	35.0834	35.0475	35.0376	35.0465	35.0136	34.985	34.9407	34.9722	34.9041	34.8931	34.857	34.8716	34.8269	34.8227	34.7872	34.7858	34.7669	34.7836	34.7413	34.7546	34.7025	34.6803	34.6722	34.6583	34.6246	34.6404	34.6023	34.5938	34.5402	34.5713	34.5261	34.5383	34.5155	34.4899	34.5137	34.5136	34.4651	34.4758	34.4126	34.4421	34.4134	34.4139	34.3819	34.3801	34.3409	34.3567	34.3311	34.3408	34.3235	34.2959	34.303	34.3252	34.2691	34.2836	34.2514	34.2948	34.339	34.3236	34.249	34.2264	34.2488	34.2212	34.2345	34.2324	34.1827	34.2179	34.2184	34.2777	34.2337	34.211	34.1588	34.1118	34.1488	34.1248	34.1053	34.0818	34.0687	33.9944	33.9919	33.9796	33.9721	33.9338	33.8633	33.7043	33.7727	33.6293	33.6145	33.5241	33.5863	33.4919	33.9274	35.4751
Sgr-CJol_017-Ex1-cssl.clmp.r1r2_fastp	36.3537	35.6579	35.8922	35.8877	36.0149	36.0033	36.0249	36.0181	36.0466	36.0063	36.0347	36.0082	36.0138	35.988	35.9858	35.9665	35.9734	35.9519	35.9543	35.915	35.9209	35.8831	35.8665	35.8008	35.8009	35.7347	35.721	35.6797	35.6581	35.6424	35.6001	35.5748	35.5736	35.5466	35.5118	35.4765	35.425	35.4329	35.4384	35.404	35.3802	35.359	35.3463	35.3257	35.2989	35.2776	35.2628	35.2247	35.2195	35.2016	35.1641	35.1617	35.1347	35.1411	35.1041	35.0868	35.0643	35.0502	35.0192	35.012	34.9878	34.9966	34.969	34.944	34.933	34.9125	34.898	34.8645	34.8278	34.8211	34.8148	34.7653	34.7561	34.7672	34.7424	34.7098	34.7002	34.7019	34.6567	34.6571	34.6326	34.6264	34.5993	34.5864	34.5834	34.5316	34.5412	34.5213	34.5142	34.5068	34.4937	34.4642	34.4772	34.4719	34.4424	34.4082	34.4082	34.3847	34.3772	34.4048	34.3688	34.3656	34.3254	34.3567	34.2973	34.3226	34.3018	34.3079	34.29	34.2766	34.2358	34.2646	34.2592	34.2543	34.2782	34.2785	34.2406	34.2311	34.1995	34.1918	34.2175	34.1846	34.1988	34.1851	34.2558	34.2205	34.1986	34.1556	34.1189	34.0914	34.0872	34.0748	34.0686	34.0121	34.0369	33.9659	33.9704	33.9305	33.9887	33.9336	33.8534	33.7548	33.7646	33.6884	33.6497	33.5732	33.6214	33.5276	33.9244	35.5262
Sgr-CJol_020-Ex1-cssl.clmp.r1r2_fastp	36.412	35.7714	35.9964	35.9695	36.0898	36.0662	36.0859	36.0722	36.11	36.0559	36.0926	36.0656	36.0772	36.0323	36.0492	36.0173	36.036	36.0066	36.0254	35.9668	35.9905	35.9291	35.9138	35.8664	35.8677	35.8093	35.8012	35.7555	35.756	35.686	35.6753	35.6422	35.6386	35.593	35.587	35.534	35.5141	35.4912	35.5013	35.4585	35.4433	35.4045	35.4287	35.3679	35.3723	35.3259	35.3257	35.2735	35.2978	35.2576	35.2501	35.2261	35.216	35.1779	35.1844	35.1296	35.1347	35.1014	35.1127	35.0646	35.0847	35.0532	35.0384	34.9917	34.9857	34.9676	34.9681	34.9328	34.9201	34.9065	34.9014	34.8643	34.8457	34.825	34.8152	34.8025	34.8011	34.7715	34.7487	34.7305	34.7297	34.7183	34.7092	34.6683	34.6456	34.6226	34.6297	34.6143	34.6042	34.6017	34.5824	34.5419	34.5391	34.5392	34.5184	34.4782	34.4676	34.4906	34.4855	34.4469	34.4535	34.4145	34.3954	34.3953	34.3926	34.3706	34.3773	34.347	34.3674	34.3484	34.3254	34.3109	34.3076	34.3184	34.3362	34.3022	34.294	34.2391	34.2401	34.2176	34.2404	34.2007	34.2079	34.192	34.251	34.2469	34.1952	34.1909	34.1382	34.1114	34.1055	34.1104	34.0982	34.0307	34.0123	33.9642	33.9417	33.9792	33.9452	33.9112	33.8251	33.7636	33.6932	33.6282	33.5567	33.5166	33.459	33.4413	33.8245	35.4917
Sgr-CJol_021-Ex1-cssl.clmp.r1r2_fastp	36.3719	35.6953	35.9414	35.9408	36.0611	36.0353	36.0516	36.0408	36.0832	36.0179	36.0629	36.0403	36.0549	36.0083	36.0176	35.9931	36.0146	35.9713	35.9865	35.9378	35.951	35.8938	35.8805	35.8205	35.8268	35.7711	35.7386	35.6987	35.6854	35.6544	35.6195	35.5717	35.5702	35.5093	35.5233	35.4667	35.4197	35.4174	35.4205	35.3804	35.3722	35.3177	35.326	35.257	35.2734	35.2209	35.2068	35.2005	35.19	35.1386	35.1216	35.1311	35.0929	35.0819	35.0493	35.0387	35.0086	35.0044	34.9902	34.9471	34.9268	34.9425	34.9132	34.8648	34.8438	34.8453	34.8381	34.7997	34.7643	34.7309	34.7146	34.7127	34.7061	34.6719	34.6603	34.6803	34.6699	34.6625	34.5986	34.5839	34.5579	34.5858	34.5373	34.5391	34.5184	34.5179	34.4772	34.4854	34.4599	34.4932	34.4436	34.4562	34.4076	34.4689	34.4271	34.4011	34.3634	34.3621	34.3893	34.3804	34.3943	34.3617	34.3252	34.3053	34.2981	34.3164	34.3294	34.3016	34.3158	34.2733	34.2827	34.2633	34.3068	34.2594	34.2842	34.2518	34.266	34.2103	34.2101	34.2142	34.1914	34.2141	34.205	34.2379	34.2696	34.2769	34.2085	34.2245	34.1226	34.1801	34.1317	34.1845	34.1201	34.0865	34.0628	34.053	33.9999	34.0195	34.0046	33.9864	33.9428	33.8051	33.8036	33.737	33.6812	33.667	33.6332	33.6073	33.9239	35.5202
Sgr-CJol_023-Ex1-cssl.clmp.r1r2_fastp	36.4154	35.7879	36.0229	35.994	36.1145	36.0966	36.1338	36.1126	36.1441	36.1095	36.1415	36.1057	36.1146	36.0763	36.09	36.0596	36.0776	36.0503	36.0731	36.0309	36.0413	35.9986	35.9707	35.9206	35.9287	35.8648	35.8607	35.8177	35.8018	35.7576	35.7477	35.7144	35.7203	35.6674	35.6668	35.6215	35.6055	35.567	35.5842	35.5425	35.5311	35.4711	35.4977	35.4477	35.4509	35.4052	35.4133	35.3499	35.3497	35.3199	35.3135	35.3015	35.2805	35.2747	35.2358	35.1946	35.1817	35.1806	35.1656	35.1141	35.1239	35.1036	35.0664	35.0341	35.0219	35.0223	34.9944	34.9589	34.9406	34.9123	34.9207	34.8788	34.8675	34.8375	34.833	34.8106	34.7908	34.7895	34.765	34.7326	34.6945	34.7069	34.6784	34.6454	34.6176	34.6112	34.5941	34.5924	34.5793	34.583	34.5709	34.5112	34.5207	34.5278	34.5006	34.4697	34.4441	34.4356	34.4403	34.4404	34.414	34.3954	34.3648	34.3873	34.3529	34.342	34.323	34.3359	34.3314	34.3147	34.2916	34.3097	34.2676	34.2888	34.3024	34.2796	34.2203	34.1918	34.2067	34.1775	34.1679	34.1855	34.162	34.1655	34.1889	34.2013	34.1773	34.1553	34.1003	34.0537	34.0572	34.0605	34.0264	33.9844	33.9786	33.9442	33.8845	33.9228	33.9054	33.856	33.7907	33.7209	33.6547	33.5961	33.488	33.4873	33.4183	33.4717	33.7965	35.5024
Sgr-CJol_024-Ex1-cssl.clmp.r1r2_fastp	36.4021	35.7768	36.0094	35.9899	36.1069	36.0655	36.1	36.0798	36.117	36.0653	36.1077	36.0675	36.0843	36.0514	36.0729	36.0291	36.0512	36.0367	36.0308	35.9912	35.9968	35.96	35.9428	35.8815	35.8821	35.8441	35.8268	35.7796	35.7797	35.7401	35.7089	35.6854	35.6855	35.6447	35.6293	35.6023	35.565	35.5532	35.538	35.528	35.5025	35.487	35.4582	35.4489	35.4139	35.4167	35.3664	35.3651	35.344	35.3147	35.2912	35.3066	35.2503	35.2553	35.2184	35.2339	35.1834	35.1944	35.1748	35.1545	35.1085	35.1233	35.0724	35.0887	35.0238	35.0428	35.0059	35.0004	34.9436	34.9778	34.9368	34.9214	34.8802	34.8966	34.8563	34.8708	34.8592	34.847	34.7911	34.7814	34.747	34.7518	34.7188	34.7214	34.6366	34.6635	34.6387	34.6262	34.6086	34.6356	34.6039	34.6068	34.5617	34.576	34.5002	34.5195	34.4479	34.4977	34.4467	34.4782	34.4392	34.4624	34.4203	34.4296	34.3632	34.3985	34.3506	34.3588	34.3364	34.3584	34.2914	34.3226	34.3195	34.3167	34.3255	34.3052	34.2909	34.2333	34.2644	34.2263	34.2306	34.2163	34.227	34.1918	34.2415	34.2255	34.1832	34.2074	34.1583	34.1455	34.1294	34.1273	34.0797	34.0883	34.031	33.9883	33.9962	34.0205	33.9811	33.9358	33.8386	33.7723	33.6826	33.6603	33.5729	33.5433	33.5188	33.4821	33.8508	35.491
Sgr-CJol_025-Ex1-cssl.clmp.r1r2_fastp	36.3964	35.753	35.9893	35.9705	36.0889	36.0719	36.0916	36.0708	36.1057	36.0632	36.1026	36.0747	36.0811	36.0495	36.0629	36.04	36.0456	36.0267	36.0378	35.9946	36.0121	35.9494	35.9395	35.8942	35.8934	35.8325	35.822	35.7846	35.7705	35.7302	35.7015	35.6806	35.6675	35.618	35.614	35.5748	35.5389	35.5245	35.5334	35.5015	35.4701	35.4386	35.4338	35.4045	35.4049	35.3675	35.3659	35.3315	35.3163	35.2881	35.2693	35.2617	35.2357	35.225	35.2142	35.1751	35.1601	35.1471	35.1497	35.1148	35.1024	35.0897	35.0671	35.0498	35.0381	35.0184	35.0141	34.9938	34.9567	34.9517	34.946	34.9249	34.8811	34.8787	34.8649	34.8541	34.8433	34.8343	34.7876	34.7819	34.7691	34.7697	34.7436	34.7148	34.7059	34.6778	34.6748	34.6528	34.6512	34.6451	34.612	34.6029	34.6062	34.5944	34.5677	34.5317	34.5355	34.5074	34.5114	34.513	34.5177	34.4795	34.4477	34.4494	34.4428	34.4473	34.417	34.4025	34.4211	34.4144	34.3918	34.3778	34.3814	34.3723	34.3983	34.3661	34.3337	34.2971	34.3192	34.2819	34.3025	34.2698	34.2924	34.2672	34.3102	34.3222	34.2873	34.2475	34.25	34.1924	34.2032	34.1826	34.1623	34.1303	34.1184	34.0902	34.083	34.0708	34.0627	34.015	33.9844	33.8433	33.8472	33.7355	33.7095	33.6308	33.6466	33.6051	34.0018	35.5316
Sgr-CJol_028-Ex1-cssl.clmp.r1r2_fastp	36.3868	35.7386	35.9627	35.9698	36.072	36.0566	36.0729	36.0563	36.0943	36.0373	36.079	36.0534	36.067	36.0334	36.0458	36.0262	36.0323	36.0126	36.0111	35.9688	35.9774	35.933	35.917	35.8788	35.8742	35.8091	35.8047	35.7735	35.7539	35.719	35.6973	35.6727	35.6572	35.6312	35.6001	35.5828	35.5191	35.5331	35.5256	35.5158	35.479	35.4737	35.4334	35.4424	35.4004	35.4048	35.3676	35.376	35.3349	35.3409	35.2952	35.3202	35.2563	35.2708	35.2469	35.2215	35.1712	35.2061	35.1611	35.1558	35.0965	35.1295	35.098	35.0991	35.0646	35.0704	35.0263	35.0133	34.965	35.006	34.9621	34.9346	34.8962	34.916	34.8714	34.8908	34.8459	34.872	34.819	34.8099	34.7836	34.8018	34.7573	34.7587	34.7043	34.7371	34.69	34.6875	34.6758	34.6657	34.627	34.6146	34.6071	34.6261	34.5912	34.5958	34.5551	34.5508	34.5364	34.5493	34.5203	34.4994	34.4618	34.4898	34.4704	34.4891	34.4536	34.4408	34.4181	34.3955	34.3842	34.3743	34.3764	34.4025	34.4194	34.3914	34.3645	34.3249	34.3242	34.2909	34.2704	34.2756	34.2648	34.268	34.3067	34.3196	34.2701	34.2638	34.2246	34.1975	34.1869	34.1905	34.1413	34.1137	34.1022	34.0769	34.0763	34.0431	34.0762	34.0008	33.9601	33.8532	33.8235	33.6835	33.689	33.6268	33.5748	33.5704	33.9059	35.5171
Sgr-CJol_032-Ex1-cssl.clmp.r1r2_fastp	36.3878	35.6979	35.9334	35.9094	36.0312	36.0012	36.0291	36.021	36.0466	36.0095	36.035	36.0141	36.0137	35.9709	35.9849	35.9586	35.9846	35.9505	35.9554	35.9184	35.9358	35.8753	35.8621	35.8186	35.8129	35.7428	35.743	35.697	35.6596	35.6216	35.62	35.5736	35.5796	35.5408	35.5297	35.4885	35.452	35.4448	35.4419	35.4004	35.3988	35.3401	35.3528	35.3153	35.3236	35.2887	35.2732	35.2376	35.2286	35.1914	35.1984	35.1549	35.1421	35.1379	35.1164	35.1066	35.0687	35.0708	35.0663	35.0423	34.9938	34.9961	34.974	34.9392	34.9331	34.9195	34.8777	34.8622	34.8401	34.8774	34.8146	34.7922	34.7807	34.7614	34.7318	34.7476	34.7222	34.7013	34.6745	34.6721	34.648	34.6387	34.6162	34.5841	34.5708	34.5441	34.507	34.5217	34.4667	34.5294	34.4904	34.4518	34.4574	34.4851	34.4598	34.4184	34.4073	34.4011	34.403	34.3707	34.3897	34.3619	34.3202	34.3428	34.3198	34.3137	34.3141	34.2976	34.2767	34.2795	34.2626	34.2392	34.2378	34.2555	34.2597	34.2637	34.2156	34.2034	34.1934	34.2064	34.1777	34.1943	34.1982	34.156	34.2475	34.2182	34.1935	34.1579	34.1308	34.103	34.0812	34.0986	34.0825	34.0431	33.9858	33.9816	33.9317	33.9974	33.9081	33.8988	33.8007	33.7414	33.7049	33.6293	33.5845	33.5338	33.4616	33.4672	33.8363	35.5141
Sgr-CJol_034-Ex1-cssl.clmp.r1r2_fastp	36.412	35.8466	36.0304	36.0337	36.1438	36.1259	36.1419	36.1287	36.1738	36.1231	36.1481	36.1277	36.1218	36.0972	36.109	36.0796	36.0977	36.065	36.0719	36.0205	36.0364	35.9781	35.9684	35.9009	35.9024	35.8363	35.8338	35.7801	35.7736	35.7171	35.7041	35.6615	35.6521	35.6124	35.6118	35.5514	35.5044	35.4842	35.4901	35.4572	35.4364	35.3984	35.3771	35.3651	35.3371	35.3224	35.3032	35.2645	35.2434	35.2132	35.2168	35.1902	35.1708	35.137	35.1348	35.1095	35.0912	35.054	35.0456	35.0188	35.0006	35.0027	34.9633	34.938	34.9112	34.9044	34.8882	34.8646	34.833	34.8236	34.8104	34.7944	34.7486	34.7402	34.7349	34.7074	34.7019	34.6975	34.658	34.6311	34.6274	34.6215	34.6103	34.5716	34.5426	34.5324	34.5034	34.5003	34.475	34.4857	34.4485	34.4431	34.4454	34.4391	34.406	34.3819	34.3551	34.3516	34.3523	34.3624	34.3461	34.3087	34.2982	34.2856	34.2946	34.265	34.2476	34.2241	34.2413	34.2406	34.2177	34.2284	34.2216	34.2129	34.2485	34.1969	34.1628	34.1146	34.1601	34.128	34.1224	34.0995	34.1412	34.1053	34.143	34.1793	34.1041	34.0873	34.0522	34.0461	34.0198	34.0012	33.973	33.9515	33.9408	33.8845	33.8788	33.9071	33.8622	33.825	33.789	33.6723	33.6715	33.583	33.5513	33.4841	33.4547	33.4315	33.7701	35.4764
Sgr-CJol_035-Ex1-cssl.clmp.r1r2_fastp	36.4002	35.7789	35.99	35.9741	36.0828	36.0763	36.1	36.0892	36.1189	36.0742	36.0965	36.0855	36.0944	36.0525	36.0613	36.0361	36.0519	36.0271	36.0312	35.9924	36.0034	35.9678	35.9373	35.8883	35.8885	35.8301	35.8119	35.7635	35.7665	35.7151	35.6876	35.6679	35.6498	35.6259	35.6028	35.5672	35.5152	35.5204	35.5239	35.4884	35.4726	35.4479	35.4346	35.403	35.3752	35.3537	35.3344	35.3034	35.2877	35.2717	35.2519	35.2547	35.1985	35.1931	35.1847	35.1536	35.1149	35.1227	35.0919	35.0722	35.0377	35.037	34.9999	34.992	34.9802	34.9556	34.9378	34.912	34.8896	34.8868	34.8544	34.8444	34.8049	34.8079	34.7886	34.7627	34.771	34.7523	34.7311	34.7194	34.7064	34.6821	34.6455	34.648	34.6265	34.6018	34.5857	34.5862	34.5698	34.5585	34.5365	34.5036	34.5244	34.5106	34.5088	34.4598	34.4445	34.4287	34.4563	34.4241	34.4553	34.3803	34.3835	34.3705	34.3688	34.3549	34.3612	34.3467	34.3405	34.338	34.3225	34.3058	34.3326	34.2939	34.3504	34.3169	34.2921	34.2288	34.2623	34.2179	34.2667	34.2111	34.2562	34.217	34.284	34.2731	34.2321	34.2085	34.1535	34.1304	34.1614	34.1202	34.1247	34.0653	34.1005	34.0187	34.0004	33.9813	33.9801	33.9139	33.8984	33.7938	33.7805	33.6946	33.6686	33.5978	33.5691	33.5207	33.8957	35.5293
Sgr-CJol_036-Ex1-cssl.clmp.r1r2_fastp	36.3386	35.7263	35.9533	35.9561	36.0505	36.0304	36.0483	36.0529	36.0776	36.0356	36.0663	36.0546	36.0532	36.0119	36.0145	35.9926	36.0005	35.9838	35.9761	35.94	35.9473	35.8979	35.8745	35.8342	35.8213	35.7596	35.7358	35.688	35.6859	35.6504	35.6198	35.597	35.5748	35.5342	35.5121	35.4961	35.419	35.4363	35.4232	35.4054	35.3861	35.3456	35.344	35.3106	35.2985	35.2743	35.2562	35.2337	35.2062	35.1904	35.1608	35.1492	35.1209	35.1217	35.0922	35.0755	35.0649	35.0455	35.0356	35.015	35.002	35.0015	34.9741	34.9423	34.9175	34.9249	34.9014	34.9093	34.8629	34.8454	34.8408	34.8063	34.8064	34.8018	34.7783	34.7759	34.7575	34.7747	34.7314	34.7221	34.6939	34.6729	34.6514	34.6604	34.6265	34.6151	34.5855	34.6044	34.5838	34.5709	34.5509	34.5641	34.534	34.5436	34.5192	34.5022	34.4457	34.4758	34.4922	34.4854	34.4851	34.4506	34.4163	34.3919	34.4177	34.4045	34.4045	34.3912	34.3781	34.3809	34.3736	34.3504	34.367	34.3612	34.4091	34.36	34.3509	34.3009	34.3296	34.2752	34.2913	34.2873	34.3104	34.3025	34.3499	34.3438	34.2569	34.2716	34.2213	34.1828	34.2114	34.2057	34.1913	34.1592	34.139	34.0908	34.0993	34.0816	34.0543	34.0163	33.9544	33.8658	33.8497	33.7859	33.7376	33.7259	33.669	33.6666	33.989	35.5389
Sgr-CJol_037-Ex1-cssl.clmp.r1r2_fastp	36.3787	35.7912	36.0417	36.0153	36.1402	36.1121	36.1342	36.1107	36.158	36.0989	36.1408	36.1018	36.1168	36.0726	36.0971	36.0638	36.0773	36.0454	36.0556	36.0051	36.0165	35.9677	35.9613	35.8918	35.906	35.8268	35.8214	35.744	35.7604	35.6892	35.692	35.6317	35.6416	35.5887	35.5875	35.5387	35.5104	35.4628	35.4896	35.4352	35.436	35.3776	35.4005	35.3315	35.35	35.2855	35.3083	35.2448	35.2711	35.2105	35.2211	35.1816	35.1841	35.1509	35.1487	35.0913	35.1072	35.0648	35.0679	35.0237	35.0257	34.9911	34.9873	34.9675	34.9665	34.9215	34.9156	34.8965	34.8907	34.8469	34.8521	34.806	34.8114	34.7647	34.787	34.7503	34.7603	34.736	34.7225	34.6869	34.6938	34.6641	34.6779	34.6246	34.6458	34.5857	34.5901	34.5618	34.5742	34.5678	34.5489	34.5142	34.5235	34.5206	34.5011	34.4749	34.4533	34.4421	34.4454	34.4393	34.433	34.416	34.4136	34.3917	34.3884	34.3637	34.3634	34.3488	34.3672	34.3184	34.3236	34.3099	34.311	34.3118	34.3468	34.3059	34.2916	34.2272	34.2689	34.236	34.2536	34.2115	34.2541	34.2228	34.2782	34.2315	34.2445	34.2098	34.1549	34.1088	34.147	34.1157	34.0677	34.0663	34.0368	33.9779	33.957	33.9398	33.9575	33.8715	33.843	33.7357	33.7041	33.6019	33.5461	33.5002	33.4533	33.456	33.8346	35.4785
Sgr-CJol_041-Ex1-cssl.clmp.r1r2_fastp	36.3945	35.7671	36.0267	35.9966	36.1249	36.0955	36.1298	36.1072	36.1532	36.0982	36.1501	36.1091	36.122	36.0855	36.0963	36.0688	36.0978	36.0613	36.0718	36.0215	36.0382	35.9886	35.9704	35.9166	35.9172	35.8563	35.8463	35.798	35.7784	35.7408	35.7105	35.6945	35.6735	35.6221	35.6141	35.5841	35.5283	35.5194	35.5316	35.4785	35.4633	35.4293	35.416	35.3704	35.3683	35.3402	35.3281	35.274	35.2714	35.235	35.2296	35.2011	35.1913	35.1682	35.151	35.1005	35.1032	35.0743	35.0593	35.0196	35.0207	35.0013	34.9862	34.9505	34.93	34.9228	34.8955	34.875	34.8386	34.8355	34.8157	34.7716	34.7618	34.7585	34.7319	34.7345	34.7139	34.7106	34.6768	34.6619	34.64	34.625	34.5981	34.5788	34.5709	34.5171	34.5032	34.5096	34.5003	34.5103	34.4967	34.4673	34.4662	34.4543	34.4359	34.4041	34.3881	34.3762	34.371	34.37	34.3626	34.3321	34.3218	34.328	34.3018	34.2897	34.262	34.2738	34.2696	34.2518	34.2401	34.2239	34.2267	34.2149	34.2387	34.2368	34.1875	34.1566	34.1645	34.1244	34.1449	34.1184	34.1271	34.1177	34.1701	34.1522	34.1207	34.0842	34.0347	34.0191	34.0377	34.0115	33.9903	33.9631	33.9503	33.8887	33.899	33.8607	33.8827	33.8073	33.7713	33.6633	33.6467	33.555	33.5401	33.4976	33.4337	33.4316	33.815	35.475
Sgr-CJol_042-Ex1-cssl.clmp.r1r2_fastp	36.3366	35.6754	35.9267	35.9168	36.0349	36.0203	36.0314	36.0282	36.0595	36.0231	36.0437	36.0239	36.0326	35.9928	36.0089	35.9822	36.0044	35.9726	35.9849	35.933	35.9446	35.8797	35.8628	35.8305	35.8345	35.7504	35.74	35.7002	35.6869	35.6442	35.629	35.5855	35.5738	35.5411	35.528	35.4805	35.4482	35.4178	35.445	35.3965	35.3863	35.3359	35.3547	35.2869	35.3046	35.2459	35.2784	35.1911	35.2333	35.1853	35.207	35.1552	35.1482	35.089	35.1321	35.0696	35.0779	35.0334	35.0552	34.9585	35.0112	34.971	34.9962	34.9257	34.9408	34.9051	34.9221	34.842	34.8764	34.8375	34.8647	34.7936	34.7842	34.7735	34.7536	34.7478	34.7702	34.7276	34.7494	34.6752	34.6827	34.6694	34.6719	34.6121	34.6162	34.5614	34.5772	34.5422	34.5686	34.5429	34.5432	34.5028	34.5205	34.5107	34.4876	34.458	34.4515	34.4563	34.4526	34.4389	34.468	34.3996	34.423	34.3977	34.386	34.3854	34.3797	34.3736	34.3628	34.344	34.3422	34.3449	34.348	34.3638	34.3606	34.3697	34.3199	34.2793	34.2593	34.2558	34.2761	34.2581	34.2559	34.2651	34.2853	34.2849	34.2655	34.2715	34.2028	34.1966	34.233	34.2005	34.1573	34.154	34.1266	34.0661	34.0589	34.0838	34.0529	34.0217	33.9762	33.8879	33.8501	33.7954	33.7571	33.6923	33.7041	33.6329	34.037	35.5412
Sgr-CJol_044-Ex1-cssl.clmp.r1r2_fastp	36.4211	35.8186	35.905	35.9603	36.0698	36.0485	36.082	36.0762	36.1034	36.0699	36.0957	36.0445	36.0844	36.0295	36.0235	36.0088	36.0381	35.9885	36.0054	35.9505	35.9574	35.9113	35.9025	35.8163	35.8531	35.7591	35.7347	35.6912	35.6934	35.6279	35.6216	35.5845	35.5523	35.5128	35.4899	35.4472	35.4133	35.4225	35.3645	35.3942	35.326	35.3047	35.2885	35.2862	35.2168	35.2308	35.1783	35.1808	35.1421	35.1525	35.0692	35.1027	35.0296	35.0633	34.9878	35.0457	34.9447	35.0059	34.8819	34.9348	34.88	34.9617	34.8098	34.9126	34.7899	34.8419	34.7746	34.83	34.7143	34.7859	34.7086	34.7291	34.6252	34.6828	34.577	34.6809	34.5942	34.6342	34.5396	34.6007	34.5071	34.5682	34.4851	34.4981	34.4591	34.4743	34.3556	34.4739	34.3466	34.4075	34.3444	34.4119	34.2545	34.3943	34.3	34.3016	34.2261	34.3142	34.2062	34.3516	34.1958	34.2252	34.2003	34.2295	34.1245	34.2317	34.1402	34.1644	34.1142	34.1758	34.0662	34.1698	34.1166	34.0936	34.1424	34.142	34.0594	34.0603	34.067	34.0375	34.0375	34.0811	34.0397	34.0372	34.0757	34.0987	34.0515	34.0684	33.9565	33.9893	33.9452	33.966	33.9217	33.8728	33.8571	33.8253	33.8234	33.7751	33.8716	33.7974	33.7524	33.7103	33.6897	33.5784	33.6177	33.558	33.477	33.464	33.9616	35.613
Sgr-CJol_046-Ex1-cssl.clmp.r1r2_fastp	36.3544	35.6771	35.8325	35.9123	35.997	35.9937	36.0078	36.0238	36.0261	36.0099	36.0236	36.0086	35.9924	35.9852	35.9695	35.9635	35.9798	35.9465	35.9629	35.9263	35.9062	35.8828	35.8758	35.8247	35.8256	35.7567	35.7383	35.6788	35.6909	35.6459	35.6001	35.6198	35.5696	35.5695	35.5417	35.5043	35.4243	35.4749	35.4009	35.4678	35.4182	35.4291	35.3605	35.3727	35.3311	35.3094	35.2903	35.2919	35.2489	35.2439	35.1878	35.2376	35.1672	35.1974	35.1315	35.1219	35.0834	35.16	35.0446	35.0849	35.0185	35.0513	34.9756	34.9505	34.9497	34.9448	34.9416	34.92	34.8813	34.9167	34.9016	34.8758	34.8242	34.8547	34.8281	34.8404	34.7771	34.8435	34.7571	34.7728	34.6999	34.7409	34.6545	34.7098	34.6345	34.7057	34.6211	34.6798	34.6304	34.6687	34.5601	34.6007	34.6115	34.5591	34.5664	34.5052	34.5045	34.485	34.4786	34.4925	34.4765	34.4085	34.4307	34.4796	34.4353	34.3871	34.3778	34.4402	34.3569	34.3815	34.3715	34.3703	34.3377	34.3429	34.4438	34.3612	34.3532	34.2705	34.3742	34.2114	34.3049	34.2492	34.2683	34.3185	34.287	34.301	34.2992	34.2551	34.2393	34.1859	34.2429	34.1942	34.1564	34.1833	34.1839	33.9536	34.1077	33.9904	34.0968	34.0177	33.97	33.8418	33.8275	33.6825	33.7617	33.6839	33.7148	33.6123	33.9637	35.5602
Sgr-CJol_048-Ex1-cssl.clmp.r1r2_fastp	36.3217	35.64	35.9056	35.893	36.0072	35.9854	35.9846	35.9706	35.9971	35.9559	35.9984	35.9787	35.9806	35.9452	35.959	35.9356	35.9416	35.9201	35.9235	35.8789	35.8717	35.8482	35.8133	35.7572	35.7668	35.7039	35.6902	35.651	35.6365	35.6024	35.5888	35.5581	35.5404	35.5199	35.4854	35.4713	35.4018	35.3979	35.39	35.3807	35.3464	35.3344	35.3268	35.3084	35.271	35.2772	35.2433	35.2072	35.2175	35.1629	35.1516	35.1542	35.1441	35.1048	35.1054	35.0869	35.0357	35.0494	35.0458	34.9963	34.9888	34.9859	34.967	34.9416	34.9393	34.9044	34.9052	34.8564	34.8349	34.8488	34.8251	34.7753	34.7983	34.7861	34.7927	34.7454	34.747	34.7148	34.7044	34.6715	34.6472	34.6451	34.6388	34.5983	34.6006	34.5676	34.5546	34.5573	34.5168	34.5433	34.5281	34.4868	34.5217	34.5179	34.4752	34.4819	34.4481	34.45	34.4228	34.4527	34.4548	34.3651	34.3975	34.3698	34.3973	34.351	34.3664	34.3726	34.349	34.3509	34.2886	34.3206	34.3168	34.3104	34.3373	34.3346	34.3065	34.2491	34.3173	34.2361	34.2904	34.2435	34.2676	34.2538	34.32	34.2687	34.2595	34.2265	34.2124	34.1827	34.1704	34.2088	34.1289	34.1358	34.1022	34.0828	34.0327	34.0585	34.0215	34.0094	33.914	33.8747	33.8468	33.7838	33.7283	33.672	33.5935	33.6536	33.9351	35.5156
Sgr-CJol_049-Ex1-cssl.clmp.r1r2_fastp	36.3039	35.6333	35.9196	35.9202	36.0353	36.0233	36.0238	36.0162	36.0376	36.0094	36.0444	36.0344	36.0222	36.0155	36.0141	35.9981	35.9962	35.9869	35.9825	35.9467	35.9426	35.9184	35.881	35.8507	35.8334	35.7928	35.7804	35.7606	35.7414	35.6972	35.6606	35.6488	35.6463	35.5983	35.5837	35.5766	35.4665	35.5216	35.5048	35.4921	35.4604	35.4542	35.4305	35.4104	35.3835	35.3756	35.3349	35.3243	35.2934	35.2938	35.2775	35.2728	35.2598	35.2425	35.1822	35.1957	35.1534	35.1628	35.1196	35.1363	35.1073	35.1328	35.0772	35.0914	35.0463	35.0522	35.0131	34.9984	34.9707	34.976	34.9527	34.9252	34.9234	34.9309	34.8878	34.9042	34.8736	34.8755	34.8421	34.8244	34.7912	34.7969	34.8029	34.7849	34.7518	34.7535	34.7309	34.7073	34.686	34.7119	34.6679	34.6757	34.6461	34.6657	34.6465	34.6291	34.5995	34.5855	34.5637	34.5772	34.5666	34.5408	34.515	34.5337	34.5222	34.5082	34.5068	34.4629	34.4888	34.4669	34.4756	34.4396	34.4582	34.4624	34.4924	34.4602	34.4214	34.3819	34.4305	34.3871	34.4048	34.3723	34.4078	34.3583	34.4727	34.432	34.4001	34.3738	34.328	34.3145	34.3404	34.2814	34.2774	34.225	34.2512	34.1372	34.1966	34.1674	34.1731	34.1401	34.0744	33.9673	33.9532	33.8861	33.8668	33.8034	33.8202	33.7798	34.1	35.5692
Sgr-CJol_051-Ex1-cssl.clmp.r1r2_fastp	36.3024	35.7406	36.0659	36.0405	36.1823	36.1326	36.1597	36.1299	36.1787	36.1136	36.1702	36.1247	36.1466	36.1151	36.1336	36.098	36.1223	36.0843	36.0975	36.0357	36.0636	35.9973	35.9815	35.9304	35.9284	35.8611	35.854	35.8086	35.8026	35.7342	35.7153	35.6719	35.6841	35.6358	35.6277	35.5559	35.5162	35.51	35.5227	35.4757	35.4592	35.4157	35.4097	35.3764	35.3597	35.3086	35.3047	35.2543	35.2521	35.2014	35.2018	35.1769	35.163	35.1286	35.1091	35.0633	35.0658	35.0249	35.0247	34.9892	35.0091	34.9767	34.9597	34.9252	34.9352	34.8894	34.887	34.8449	34.8281	34.8276	34.8008	34.7676	34.7553	34.7454	34.735	34.725	34.7097	34.7243	34.6789	34.6376	34.6298	34.638	34.616	34.58	34.5906	34.5572	34.5594	34.5293	34.5083	34.5344	34.4978	34.4788	34.4801	34.4869	34.4919	34.4215	34.4138	34.4078	34.4173	34.4032	34.3943	34.3325	34.3528	34.315	34.3377	34.3089	34.3083	34.2816	34.2851	34.2787	34.2402	34.2397	34.2503	34.263	34.2745	34.2463	34.167	34.1896	34.1703	34.1478	34.1469	34.1361	34.16	34.1401	34.1718	34.1825	34.1675	34.1172	34.0852	34.0552	34.053	34.0249	33.9868	33.9813	33.9771	33.8867	33.8857	33.8835	33.8675	33.8439	33.7368	33.6735	33.6001	33.5158	33.4451	33.458	33.3551	33.3579	33.6923	35.4234
Sgr-CJol_053-Ex1-cssl.clmp.r1r2_fastp	36.4212	35.7653	36.0081	35.9792	36.0961	36.0745	36.1133	36.0965	36.1216	36.082	36.122	36.0879	36.0962	36.0539	36.0653	36.0439	36.0565	36.0297	36.0447	36.0091	36.0228	35.9714	35.955	35.8968	35.9029	35.8312	35.8334	35.7827	35.7771	35.7279	35.7237	35.6817	35.6735	35.6277	35.6233	35.5876	35.5479	35.5562	35.5398	35.5186	35.4857	35.4544	35.4597	35.4078	35.419	35.3835	35.3759	35.3405	35.3331	35.2886	35.2879	35.27	35.2439	35.2383	35.2047	35.1788	35.1631	35.1497	35.1303	35.0835	35.0937	35.0697	35.0458	35.016	34.9857	34.9812	34.9652	34.9331	34.9288	34.8973	34.893	34.8414	34.8252	34.8058	34.8037	34.7826	34.7897	34.7638	34.7345	34.7164	34.705	34.6912	34.659	34.6387	34.6086	34.6026	34.56	34.565	34.5359	34.5596	34.499	34.5034	34.4962	34.5007	34.4809	34.4419	34.4196	34.439	34.3935	34.4026	34.4104	34.3846	34.3483	34.3722	34.3555	34.3496	34.3305	34.3291	34.3154	34.3213	34.278	34.2732	34.2773	34.2882	34.2837	34.2756	34.2377	34.206	34.2022	34.1778	34.1937	34.1668	34.2054	34.1414	34.2142	34.198	34.1605	34.1543	34.1075	34.0332	34.0805	34.0426	34.0458	33.9953	33.975	33.9459	33.9091	33.9326	33.9564	33.901	33.8081	33.7198	33.6665	33.6142	33.5778	33.4839	33.4714	33.4361	33.8298	35.4857
Sgr-CJol_054-Ex1-cssl.clmp.r1r2_fastp	36.3743	35.7234	35.9771	35.9406	36.0752	36.0395	36.0483	36.0504	36.087	36.0398	36.0651	36.0419	36.0437	36.0067	36.0157	36.0035	36.014	35.9918	35.9902	35.9479	35.9707	35.9247	35.9046	35.8357	35.8515	35.7918	35.7858	35.7252	35.717	35.6699	35.6577	35.6315	35.6395	35.5724	35.5709	35.5115	35.4674	35.4616	35.4836	35.4262	35.3954	35.3867	35.3717	35.3428	35.3446	35.3169	35.2848	35.2698	35.2505	35.2471	35.2207	35.2055	35.1802	35.1806	35.1507	35.1263	35.103	35.1149	35.0878	35.0577	35.0449	35.0371	35.0111	34.9886	34.9844	34.9673	34.9146	34.9013	34.8941	34.8672	34.861	34.8231	34.7971	34.8136	34.7803	34.7856	34.7784	34.7679	34.7066	34.7211	34.684	34.7042	34.687	34.6527	34.6201	34.6228	34.5842	34.5903	34.5425	34.5517	34.5414	34.555	34.5181	34.5503	34.487	34.4896	34.4556	34.449	34.4408	34.4534	34.4223	34.4152	34.393	34.4126	34.3822	34.3855	34.3523	34.3398	34.337	34.3426	34.2905	34.3296	34.2898	34.3235	34.3219	34.3478	34.2951	34.2497	34.239	34.2124	34.2552	34.2133	34.2334	34.2082	34.2794	34.241	34.2474	34.1937	34.1718	34.1411	34.1367	34.1158	34.1276	34.0843	34.0805	34.0097	34.0498	34.0374	34.0164	33.9927	33.9048	33.7937	33.7798	33.7089	33.7136	33.6085	33.5715	33.5723	33.9122	35.5011
Sgr-CJol_056-Ex1-cssl.clmp.r1r2_fastp	36.3952	35.7497	35.9665	35.9683	36.0902	36.0676	36.0822	36.069	36.0956	36.0613	36.0898	36.0727	36.065	36.0325	36.035	36.0171	36.0321	36.0224	36.0187	35.9796	35.9887	35.9514	35.915	35.8684	35.8778	35.7876	35.7888	35.7388	35.7398	35.6852	35.658	35.6361	35.6511	35.5938	35.5974	35.5583	35.5038	35.5067	35.4991	35.4798	35.4573	35.4152	35.4201	35.3972	35.3719	35.3534	35.3153	35.2876	35.2975	35.2547	35.2456	35.2491	35.1905	35.1741	35.1785	35.149	35.1412	35.1264	35.0988	35.089	35.0604	35.0613	34.991	35.0008	34.9711	34.9836	34.9339	34.9219	34.9084	34.9134	34.8896	34.8462	34.8102	34.8051	34.7704	34.7868	34.7451	34.7639	34.7008	34.7448	34.6879	34.7356	34.6658	34.6466	34.6044	34.6058	34.5755	34.5859	34.5538	34.5708	34.5514	34.5289	34.5283	34.5326	34.4829	34.4753	34.4463	34.4628	34.4563	34.4735	34.4241	34.3972	34.3632	34.4026	34.3792	34.3927	34.3632	34.3698	34.3453	34.3454	34.3101	34.3242	34.3431	34.3342	34.3545	34.3364	34.2749	34.2453	34.263	34.2265	34.274	34.2234	34.2275	34.2577	34.2726	34.2796	34.3043	34.2421	34.2028	34.1726	34.1965	34.1646	34.1344	34.0878	34.1077	34.0814	34.0675	34.0295	34.0728	33.997	33.9338	33.8678	33.859	33.7709	33.7108	33.6767	33.6544	33.5914	33.9405	35.5311
Sgr-CJol_057-Ex1-cssl.clmp.r1r2_fastp	36.3879	35.7418	35.9798	35.967	36.0791	36.0583	36.088	36.0715	36.1008	36.0648	36.1001	36.0667	36.0738	36.0462	36.0413	36.0302	36.0416	36.0193	36.024	35.9828	35.9883	35.9368	35.9259	35.8829	35.8763	35.8249	35.8059	35.7729	35.7558	35.7068	35.6943	35.6612	35.6645	35.625	35.6091	35.575	35.5171	35.5325	35.5301	35.5063	35.4589	35.4487	35.437	35.4248	35.3976	35.388	35.3592	35.3359	35.3072	35.3149	35.2657	35.2661	35.2402	35.2375	35.2042	35.1818	35.1488	35.1634	35.1363	35.1209	35.093	35.1006	35.0716	35.0394	35.0232	35.0149	34.9847	34.9696	34.9264	34.9404	34.9075	34.8857	34.8567	34.8627	34.8337	34.8319	34.804	34.8206	34.7792	34.7762	34.7393	34.7383	34.7262	34.7055	34.6613	34.6739	34.6277	34.6559	34.6047	34.6294	34.5704	34.6007	34.575	34.5682	34.5441	34.5267	34.5075	34.516	34.4672	34.4939	34.4721	34.4564	34.4017	34.4134	34.3851	34.4189	34.4089	34.3903	34.392	34.3757	34.358	34.3605	34.3614	34.3548	34.3988	34.3534	34.3246	34.2982	34.2859	34.2734	34.2852	34.2554	34.2597	34.2737	34.2789	34.2852	34.2311	34.2331	34.2063	34.1341	34.1632	34.1621	34.1443	34.0987	34.0908	34.037	34.0351	34.0406	34.0159	33.9661	33.8913	33.8438	33.7955	33.7068	33.6797	33.6032	33.6016	33.5926	33.9472	35.5017
Sgr-CJol_058-Ex1-cssl.clmp.r1r2_fastp	36.2078	35.6123	35.9411	35.9892	36.1003	36.0944	36.1114	36.0743	36.1084	36.0468	36.0765	36.0513	36.0666	36.0356	36.0447	36.0205	36.0425	35.993	35.9875	35.9296	35.9405	35.8718	35.851	35.791	35.7772	35.6865	35.6905	35.6238	35.6078	35.5283	35.5046	35.4631	35.4425	35.3755	35.3832	35.3201	35.2806	35.2656	35.2566	35.2105	35.1912	35.1523	35.155	35.1094	35.095	35.0574	35.0455	35.0081	34.9958	34.9575	34.9525	34.9163	34.9149	34.8952	34.8599	34.8226	34.8225	34.8053	34.8014	34.7567	34.7544	34.7552	34.7206	34.6864	34.6966	34.6757	34.6546	34.6126	34.5984	34.5909	34.5918	34.5515	34.542	34.5412	34.5231	34.5114	34.5163	34.5061	34.4725	34.4563	34.4459	34.4347	34.4216	34.3825	34.3986	34.3659	34.3601	34.3476	34.3243	34.3218	34.3047	34.28	34.314	34.2988	34.2893	34.2714	34.2452	34.2501	34.2247	34.2492	34.2164	34.2041	34.1985	34.1914	34.1628	34.1691	34.1947	34.1758	34.166	34.1655	34.1424	34.112	34.1209	34.0999	34.1525	34.1397	34.0789	34.0549	34.0636	34.0481	34.0271	34.0364	34.0125	34.0321	34.0493	34.0781	34.0249	34.0048	33.9689	33.9517	33.9592	33.9183	33.8963	33.8807	33.8451	33.8239	33.7857	33.8287	33.7513	33.7461	33.6562	33.5764	33.541	33.4871	33.4059	33.327	33.3518	33.326	33.681	35.4206
Sgr-CJol_059-Ex1-cssl.clmp.r1r2_fastp	36.3967	35.7392	35.9902	35.9809	36.0975	36.0704	36.0866	36.0659	36.0883	36.0356	36.0846	36.054	36.079	36.0431	36.0584	36.0173	36.0418	36.0096	36.0173	35.9709	35.989	35.9466	35.9253	35.8796	35.8841	35.8111	35.8093	35.7619	35.7549	35.7067	35.6836	35.649	35.6577	35.6051	35.5917	35.5658	35.5092	35.508	35.5218	35.4876	35.476	35.4336	35.4159	35.3826	35.3742	35.3406	35.3297	35.303	35.2888	35.257	35.2468	35.2447	35.2141	35.1965	35.1703	35.1442	35.1229	35.0959	35.0912	35.046	35.0428	35.0493	35.0073	35.0049	34.9676	34.9824	34.9563	34.9182	34.8865	34.8805	34.8634	34.844	34.821	34.8036	34.7886	34.8005	34.7659	34.7363	34.6958	34.6961	34.6746	34.6709	34.6526	34.6319	34.6097	34.6198	34.5816	34.5801	34.547	34.546	34.5206	34.5277	34.5117	34.5252	34.4941	34.4761	34.442	34.4339	34.4185	34.443	34.4057	34.3838	34.3593	34.376	34.3423	34.3889	34.3366	34.3344	34.3558	34.309	34.2946	34.2565	34.2683	34.3153	34.2951	34.2741	34.2529	34.2135	34.2198	34.1611	34.1881	34.1481	34.1744	34.1762	34.1789	34.2238	34.1778	34.1414	34.1104	34.0643	34.068	34.0555	34.02	33.9975	33.9742	33.9182	33.9155	33.9195	33.8821	33.8385	33.7965	33.6895	33.6614	33.5755	33.55	33.4864	33.4561	33.4011	33.7902	35.479
Sgr-CJol_061-Ex1-cssl.clmp.r1r2_fastp	36.4024	35.8427	36.006	36.0291	36.1292	36.1157	36.1179	36.118	36.1319	36.0889	36.1217	36.0918	36.1167	36.0791	36.091	36.0628	36.0747	36.0433	36.0527	36.0033	36.0259	35.9754	35.948	35.8904	35.9027	35.8415	35.8182	35.7977	35.786	35.7391	35.7255	35.6977	35.6795	35.6353	35.62	35.5913	35.5255	35.5519	35.5418	35.5136	35.4976	35.4714	35.4524	35.4353	35.3899	35.3833	35.3426	35.3285	35.2898	35.2946	35.274	35.2759	35.225	35.2443	35.204	35.1978	35.146	35.1559	35.1043	35.1401	35.0818	35.1094	35.0643	35.0646	35.0082	35.0379	34.9781	34.9642	34.9072	34.9476	34.8985	34.887	34.8763	34.8695	34.8244	34.8666	34.7895	34.8204	34.7416	34.7843	34.7112	34.741	34.6836	34.7217	34.6315	34.657	34.6152	34.6412	34.5792	34.6294	34.5688	34.589	34.5522	34.563	34.5327	34.5148	34.4654	34.5006	34.4684	34.4805	34.4159	34.4249	34.37	34.4177	34.3385	34.3766	34.3522	34.3467	34.3355	34.3508	34.3303	34.3102	34.3111	34.3037	34.3299	34.2964	34.2434	34.2216	34.2287	34.2194	34.2054	34.2244	34.2038	34.1906	34.2086	34.2484	34.1881	34.1964	34.1088	34.1039	34.0916	34.093	34.0232	34.048	33.9657	33.9574	33.9196	33.9329	33.9077	33.8463	33.7196	33.7051	33.6267	33.5815	33.5167	33.5094	33.4273	33.4736	33.8177	35.4862
Sgr-CJol_064-Ex1-cssl.clmp.r1r2_fastp	36.3679	35.6807	35.9396	35.9348	36.0521	36.0279	36.0545	36.0397	36.0769	36.0287	36.0667	36.0307	36.0404	36.0117	36.0046	35.9801	36.0067	35.9825	35.9808	35.9399	35.9538	35.9163	35.8943	35.8386	35.838	35.7656	35.7611	35.7244	35.7107	35.6587	35.6524	35.6124	35.6118	35.5525	35.5444	35.5134	35.4593	35.455	35.4592	35.4184	35.4009	35.3605	35.3503	35.3208	35.3198	35.289	35.2728	35.2222	35.232	35.1901	35.1809	35.1591	35.1352	35.1177	35.0948	35.0864	35.0509	35.0483	35.0417	35.0125	34.9771	34.9689	34.9458	34.9423	34.9055	34.9076	34.8619	34.8612	34.835	34.8316	34.8052	34.785	34.7396	34.735	34.7014	34.7277	34.6906	34.7162	34.6705	34.6616	34.6456	34.6361	34.6015	34.5907	34.5586	34.5618	34.518	34.5351	34.4835	34.524	34.4767	34.4875	34.4526	34.4862	34.4491	34.4441	34.4038	34.4241	34.3904	34.4239	34.4166	34.3883	34.3401	34.3459	34.3292	34.3555	34.3046	34.2923	34.2939	34.3023	34.2614	34.3019	34.2677	34.2902	34.3019	34.2679	34.2312	34.2498	34.2207	34.1835	34.1817	34.2043	34.2222	34.2182	34.2362	34.2465	34.2042	34.2191	34.1328	34.098	34.1064	34.0925	34.0679	34.028	34.0169	34.0031	33.9305	33.9849	33.9335	33.9584	33.863	33.7888	33.7458	33.6995	33.6379	33.6161	33.5583	33.5675	33.8703	35.481
Sgr-CJol_066-Ex1-cssl.clmp.r1r2_fastp	36.3642	35.6792	35.9587	35.9417	36.0587	36.0338	36.0551	36.0489	36.0761	36.0319	36.0624	36.0377	36.0441	36.0148	36.0125	36.0009	36.0086	35.9812	35.9873	35.9554	35.9611	35.9164	35.8962	35.8549	35.8404	35.7856	35.7458	35.734	35.7192	35.6754	35.6546	35.6312	35.6294	35.5743	35.5682	35.5474	35.4871	35.4861	35.4896	35.4617	35.461	35.4127	35.4015	35.3828	35.3742	35.3287	35.3475	35.2988	35.2671	35.2622	35.2366	35.2366	35.2229	35.1582	35.172	35.139	35.1329	35.1102	35.1045	35.0546	35.0717	35.0695	35.024	34.9857	35.0132	34.9709	34.9789	34.9244	34.9102	34.9112	34.9043	34.8384	34.8372	34.7926	34.8227	34.8	34.7944	34.7736	34.7457	34.7093	34.7463	34.6983	34.6708	34.6533	34.6778	34.6253	34.636	34.6126	34.5828	34.5407	34.5764	34.547	34.5685	34.4976	34.5432	34.4746	34.4816	34.4541	34.4883	34.471	34.4925	34.4408	34.4057	34.4323	34.4161	34.3981	34.4016	34.3819	34.3922	34.3688	34.3658	34.3204	34.3278	34.3686	34.3834	34.3161	34.3122	34.2637	34.311	34.2329	34.2971	34.2068	34.2567	34.2531	34.3253	34.3044	34.3044	34.2607	34.2304	34.2065	34.2485	34.1991	34.2007	34.127	34.1736	34.1085	34.1401	34.1123	34.1148	34.0485	33.9458	33.9124	33.882	33.7823	33.7514	33.6721	33.6538	33.6626	33.9825	35.5609
Sgr-CJol_068-Ex1-cssl.clmp.r1r2_fastp	36.3847	35.6947	35.9289	35.9225	36.0434	36.0154	36.0407	36.0303	36.0621	36.0235	36.0511	36.0243	36.0347	35.9946	35.9928	35.9875	35.9975	35.9686	35.9817	35.9417	35.9453	35.9012	35.8705	35.829	35.8336	35.7814	35.7486	35.7198	35.7033	35.6817	35.6501	35.6368	35.6223	35.5829	35.5492	35.5381	35.4746	35.4917	35.4669	35.4502	35.4194	35.4032	35.3964	35.387	35.3582	35.3437	35.3218	35.2779	35.2748	35.2682	35.2417	35.247	35.2217	35.208	35.1727	35.1532	35.1139	35.1174	35.0894	35.0834	35.0655	35.0492	35.0323	35.0146	34.9819	34.9929	34.9639	34.9321	34.9152	34.9116	34.8996	34.8526	34.8333	34.8393	34.824	34.8044	34.792	34.8021	34.7488	34.741	34.7252	34.7324	34.7036	34.6827	34.6835	34.6385	34.615	34.6225	34.6195	34.5989	34.601	34.5342	34.5905	34.5937	34.558	34.5162	34.5131	34.4936	34.5029	34.5073	34.4872	34.4507	34.4236	34.4349	34.4316	34.4145	34.4158	34.3842	34.4015	34.4055	34.3939	34.3671	34.4161	34.3887	34.3926	34.3753	34.3391	34.3339	34.3267	34.2728	34.3092	34.2734	34.2789	34.2734	34.309	34.3053	34.2884	34.2669	34.2003	34.1698	34.2208	34.183	34.1651	34.1434	34.1381	34.082	34.0626	34.0477	34.062	34.0081	33.9557	33.8975	33.8474	33.7833	33.7042	33.7026	33.666	33.6268	33.956	35.5432
Sgr-CJol_070-Ex1-cssl.clmp.r1r2_fastp	36.4137	35.8369	36.0308	36.0248	36.1279	36.1239	36.1377	36.1185	36.1545	36.107	36.1427	36.1163	36.1162	36.0911	36.0976	36.0619	36.0867	36.0602	36.0625	36.023	36.0415	35.992	35.9671	35.9298	35.9203	35.8542	35.8428	35.8139	35.8021	35.756	35.7405	35.7128	35.6972	35.6635	35.655	35.6103	35.5716	35.5555	35.5721	35.5308	35.5062	35.4769	35.4838	35.4448	35.4383	35.3991	35.3998	35.3599	35.3628	35.3356	35.327	35.3002	35.2689	35.2626	35.2491	35.2202	35.2093	35.1821	35.1842	35.1413	35.1386	35.1333	35.1012	35.0866	35.0807	35.0655	35.0271	35.0261	34.9854	34.9881	34.9534	34.9373	34.901	34.8911	34.8881	34.899	34.8726	34.8734	34.8144	34.8129	34.7945	34.788	34.7719	34.7489	34.6893	34.7007	34.6614	34.6712	34.6529	34.6772	34.6456	34.6139	34.6072	34.6301	34.5619	34.546	34.5144	34.5455	34.51	34.5261	34.4821	34.5041	34.4523	34.4601	34.4261	34.4533	34.419	34.4197	34.3995	34.422	34.3586	34.4066	34.3533	34.3902	34.3914	34.3716	34.3177	34.3149	34.3023	34.2832	34.2645	34.2862	34.2551	34.2485	34.2734	34.2963	34.224	34.2433	34.1589	34.152	34.1463	34.1582	34.0948	34.1064	34.0669	34.0393	34.0026	34.0102	34.0088	33.9764	33.8962	33.8063	33.7487	33.7056	33.6449	33.6056	33.5581	33.5164	33.8592	35.522
Sgr-CJol_072-Ex1-cssl.clmp.r1r2_fastp	36.3409	35.6325	35.8664	35.8681	35.9653	35.9424	35.9639	35.9755	35.9885	35.9451	35.9687	35.9646	35.9488	35.9115	35.9246	35.898	35.9115	35.8978	35.8804	35.8406	35.8414	35.8106	35.7613	35.7289	35.71	35.6655	35.62	35.607	35.5695	35.5463	35.5068	35.4863	35.467	35.4441	35.4194	35.3835	35.336	35.3435	35.3193	35.2905	35.2766	35.2785	35.2559	35.2391	35.1949	35.1986	35.1444	35.1318	35.1016	35.1172	35.0675	35.0868	35.0431	35.0756	35.04	35.0182	34.9849	34.987	34.9756	34.9484	34.9333	34.9461	34.8947	34.9026	34.862	34.8721	34.8513	34.8448	34.7956	34.8153	34.7938	34.7878	34.7162	34.7412	34.7162	34.7245	34.6889	34.7155	34.6663	34.6716	34.6492	34.6442	34.6378	34.6144	34.5731	34.5922	34.5639	34.5724	34.5328	34.5469	34.5066	34.5584	34.4958	34.5228	34.4769	34.4975	34.4322	34.4994	34.4585	34.4672	34.4337	34.4073	34.3917	34.4041	34.3995	34.4119	34.374	34.384	34.3668	34.3944	34.3542	34.3577	34.3398	34.3544	34.3716	34.3795	34.3465	34.3216	34.3319	34.3001	34.3153	34.2756	34.3198	34.3089	34.3592	34.3725	34.354	34.3321	34.2829	34.2489	34.2836	34.2368	34.2372	34.2037	34.1816	34.1483	34.1739	34.1374	34.1477	34.0871	34.0339	33.9871	33.9628	33.8706	33.8161	33.7591	33.7879	33.7087	34.0563	35.5856
Sgr-CJol_073-Ex1-cssl.clmp.r1r2_fastp	36.3553	35.7529	35.981	36.0094	36.113	36.1116	36.1185	36.1315	36.1583	36.1269	36.1586	36.1319	36.1342	36.0996	36.1131	36.0897	36.0949	36.0843	36.0934	36.0516	36.0488	36.0084	35.9947	35.959	35.9425	35.9074	35.883	35.8524	35.8326	35.8015	35.7745	35.7568	35.7363	35.7171	35.7175	35.7019	35.6264	35.6509	35.6495	35.627	35.6016	35.5775	35.5492	35.5531	35.5155	35.5191	35.4637	35.4921	35.4635	35.4486	35.438	35.4373	35.3754	35.3991	35.3758	35.3464	35.3007	35.3402	35.2855	35.2784	35.2558	35.2806	35.2292	35.2356	35.1839	35.1948	35.1559	35.1636	35.1101	35.1576	35.0983	35.0852	35.0312	35.0466	35.0027	35.0384	34.9761	35.0009	34.9625	34.9569	34.9307	34.9561	34.8892	34.8982	34.8662	34.8606	34.8105	34.8628	34.7844	34.8331	34.792	34.7617	34.7573	34.7876	34.7538	34.7252	34.6859	34.7082	34.6598	34.6868	34.6411	34.6491	34.602	34.6275	34.5657	34.6207	34.5498	34.5596	34.5354	34.5471	34.5276	34.5121	34.5277	34.4772	34.5441	34.4902	34.4627	34.4344	34.4651	34.3719	34.4085	34.3879	34.4097	34.4094	34.4485	34.4031	34.437	34.3775	34.3564	34.2795	34.3216	34.2831	34.2964	34.2586	34.2379	34.1486	34.2128	34.1433	34.1988	34.1303	34.0694	34.0025	33.9805	33.8758	33.8778	33.784	33.7966	33.7785	34.1157	35.5886
Sgr-CJol_075-Ex1-cssl.clmp.r1r2_fastp	36.3115	35.6458	35.8712	35.9024	36.0049	35.9968	36.0061	36.0034	36.0242	35.9808	36.023	35.9951	35.9969	35.9881	35.9824	35.978	35.9703	35.9451	35.9433	35.9059	35.9218	35.8841	35.846	35.8034	35.7861	35.7502	35.7328	35.7044	35.6705	35.6324	35.5962	35.5859	35.5606	35.5328	35.5044	35.496	35.4156	35.4519	35.4486	35.4273	35.3844	35.3882	35.3445	35.3159	35.297	35.3065	35.2896	35.2682	35.2283	35.2364	35.2019	35.2187	35.1916	35.1658	35.1245	35.1419	35.098	35.105	35.0809	35.0771	35.0485	35.056	35.0252	35.041	35.0094	35.0154	34.9518	34.9403	34.917	34.9069	34.9183	34.904	34.889	34.8743	34.8553	34.8831	34.8282	34.8483	34.8113	34.7805	34.7597	34.7508	34.7676	34.7376	34.6861	34.6931	34.6833	34.6787	34.6426	34.6681	34.6449	34.6054	34.6508	34.6419	34.6018	34.595	34.5759	34.5854	34.5629	34.5679	34.5489	34.5316	34.5017	34.5426	34.5113	34.5154	34.4834	34.4875	34.4954	34.4992	34.4263	34.447	34.4461	34.4231	34.4375	34.4337	34.4143	34.4095	34.3996	34.3914	34.3871	34.3828	34.3495	34.4022	34.3956	34.4158	34.3692	34.3592	34.3234	34.2409	34.283	34.284	34.2627	34.2481	34.1682	34.1976	34.1907	34.1745	34.1725	34.0968	34.0414	33.9732	33.9262	33.8383	33.8552	33.7641	33.7328	33.7634	34.0441	35.5492
Sgr-CJol_076-Ex1-cssl.clmp.r1r2_fastp	36.3415	35.6878	35.9076	35.8992	36.0024	35.9937	36.0039	35.993	36.0155	35.9935	36.0248	35.9826	36.0023	35.974	35.9774	35.9454	35.9586	35.9448	35.9416	35.9048	35.9102	35.8684	35.8405	35.8075	35.7919	35.734	35.7299	35.6846	35.6827	35.6429	35.6131	35.5843	35.5956	35.5576	35.5406	35.5094	35.4533	35.4669	35.4549	35.4297	35.4093	35.388	35.3835	35.3486	35.35	35.3183	35.2985	35.2633	35.2592	35.2456	35.2299	35.2164	35.2014	35.1703	35.1583	35.1688	35.131	35.139	35.106	35.0901	35.0617	35.0765	35.0572	35.0283	35.0062	35.0084	34.9878	34.9731	34.9321	34.9595	34.9275	34.9055	34.868	34.869	34.8259	34.8801	34.832	34.8605	34.7876	34.8124	34.7754	34.7829	34.7427	34.7135	34.7037	34.7282	34.6803	34.6975	34.6845	34.6743	34.6457	34.6328	34.6084	34.6297	34.6219	34.5541	34.5464	34.5627	34.5467	34.5508	34.5332	34.5206	34.5304	34.4944	34.4867	34.4475	34.4631	34.4332	34.4494	34.4381	34.4284	34.4022	34.4165	34.4125	34.4614	34.398	34.3805	34.3473	34.3716	34.3129	34.3574	34.317	34.3468	34.3046	34.3647	34.3818	34.3115	34.3066	34.2766	34.2379	34.2291	34.2621	34.201	34.1981	34.1775	34.1467	34.0952	34.1269	34.1206	34.0931	34.0114	33.9232	33.9132	33.8372	33.8366	33.7441	33.7042	33.7113	34.0188	35.548
Sgr-CJol_078-Ex1-cssl.clmp.r1r2_fastp	36.4008	35.7288	35.9983	35.9646	36.0862	36.0669	36.088	36.0697	36.1176	36.0507	36.0938	36.0595	36.0806	36.0406	36.0543	36.0255	36.0482	36.0066	36.0303	35.9725	35.9815	35.9383	35.9276	35.8542	35.8688	35.8058	35.7819	35.7557	35.7468	35.6851	35.6687	35.6493	35.6325	35.5655	35.5794	35.5076	35.4885	35.4685	35.5008	35.4562	35.4246	35.3888	35.3799	35.3416	35.3557	35.2973	35.2754	35.2429	35.243	35.2171	35.1924	35.1889	35.1664	35.1619	35.1207	35.0876	35.0708	35.0494	35.0353	35.0176	34.9888	34.973	34.9591	34.9292	34.9051	34.9023	34.8681	34.8442	34.8247	34.8323	34.7906	34.7773	34.7519	34.7354	34.6911	34.7205	34.6616	34.6679	34.6443	34.6237	34.5621	34.6105	34.5588	34.5558	34.5362	34.5304	34.4793	34.5016	34.4516	34.4585	34.4488	34.4326	34.4095	34.4413	34.389	34.3612	34.3767	34.3661	34.3643	34.368	34.3552	34.2944	34.3135	34.2921	34.2777	34.2845	34.2528	34.2654	34.2281	34.2341	34.2237	34.2254	34.1791	34.2158	34.2367	34.2192	34.1447	34.1849	34.1052	34.0609	34.1319	34.0904	34.1169	34.1364	34.1486	34.157	34.1393	34.147	34.0704	34.0572	34.0356	34.0654	34.0658	33.9945	33.9568	33.951	33.9221	33.9671	33.9309	33.9136	33.826	33.7706	33.6936	33.6625	33.5662	33.5256	33.4983	33.5242	33.8038	35.4968
Sgr-CJol_079-Ex1-cssl.clmp.r1r2_fastp	36.2484	35.5619	35.8547	35.8577	35.9707	35.9465	35.9608	35.9483	35.9636	35.9299	35.9702	35.9503	35.949	35.9282	35.9336	35.912	35.9201	35.8909	35.8798	35.8536	35.8558	35.8141	35.7691	35.7534	35.7241	35.6909	35.6467	35.6236	35.5999	35.5731	35.545	35.5266	35.514	35.4744	35.4491	35.4329	35.3383	35.3714	35.3806	35.3561	35.3216	35.2825	35.2722	35.271	35.2329	35.229	35.1964	35.1825	35.1701	35.1563	35.1354	35.1305	35.0955	35.0898	35.0679	35.0502	35.0053	35.0166	34.9852	34.9664	34.9613	34.9688	34.9271	34.9142	34.9044	34.908	34.8824	34.8585	34.8236	34.8255	34.8356	34.7997	34.7776	34.7263	34.7768	34.7573	34.7351	34.7016	34.6978	34.6661	34.672	34.6809	34.6459	34.6229	34.6076	34.5948	34.5944	34.5764	34.5519	34.5679	34.5096	34.4926	34.5193	34.5549	34.5294	34.4923	34.505	34.4866	34.4896	34.488	34.468	34.4306	34.4224	34.406	34.4255	34.4478	34.4037	34.3802	34.4106	34.406	34.3912	34.3689	34.3761	34.375	34.4332	34.3649	34.3662	34.3164	34.3332	34.3064	34.3288	34.3116	34.3238	34.3697	34.3768	34.3901	34.3409	34.3138	34.2776	34.261	34.2808	34.2756	34.2532	34.2562	34.2155	34.1458	34.1545	34.1254	34.1544	34.0873	34.0286	33.9871	33.9334	33.8795	33.8204	33.8109	33.7688	33.78	34.0499	35.5589
Sgr-CJol_080-Ex1-cssl.clmp.r1r2_fastp	36.3626	35.7772	35.982	35.9866	36.0986	36.0813	36.0987	36.0971	36.1322	36.0838	36.1136	36.0925	36.0904	36.0673	36.0636	36.0394	36.0613	36.0338	36.0339	35.9997	36.0106	35.9622	35.9409	35.9094	35.8985	35.8361	35.8294	35.8	35.7785	35.75	35.7196	35.7152	35.6886	35.6587	35.6419	35.6036	35.5398	35.5547	35.5461	35.5426	35.4871	35.4987	35.4649	35.4452	35.4446	35.4234	35.4035	35.3799	35.3601	35.3582	35.3224	35.315	35.2771	35.3047	35.2597	35.2484	35.2106	35.2126	35.1774	35.1768	35.1482	35.16	35.1018	35.1188	35.0624	35.0869	35.0593	35.0575	35.0149	35.0328	34.9907	34.9882	34.9603	34.9741	34.954	34.9352	34.9202	34.9212	34.8937	34.8884	34.8557	34.8553	34.8423	34.8094	34.8059	34.7959	34.7614	34.7656	34.7435	34.7537	34.7171	34.7053	34.6819	34.6778	34.6591	34.6423	34.6077	34.626	34.6087	34.5987	34.5939	34.5649	34.5353	34.5459	34.5132	34.5249	34.5074	34.4896	34.5161	34.4713	34.4804	34.4634	34.4561	34.4508	34.4979	34.4694	34.402	34.3647	34.3971	34.3469	34.3581	34.322	34.3601	34.3437	34.3997	34.3875	34.3459	34.3415	34.2927	34.2597	34.2925	34.2535	34.2266	34.1991	34.1917	34.144	34.131	34.1296	34.1155	34.0696	34.0157	33.9287	33.8908	33.8128	33.7769	33.7537	33.7086	33.6855	33.9994	35.5338
Sgr-CJol_081-Ex1-cssl.clmp.r1r2_fastp	36.3976	35.7533	35.9717	35.9515	36.074	36.0525	36.0582	36.0572	36.0941	36.0421	36.0788	36.0462	36.0608	36.0277	36.0346	36.0098	36.0172	35.9854	35.9957	35.9552	35.9636	35.9156	35.917	35.8472	35.8563	35.7907	35.7919	35.7435	35.7461	35.6903	35.675	35.6388	35.6514	35.5875	35.5905	35.5597	35.5046	35.5063	35.5266	35.4682	35.4698	35.4403	35.4204	35.3883	35.3972	35.383	35.3658	35.3345	35.31	35.2751	35.2911	35.2728	35.245	35.2477	35.2264	35.2041	35.1775	35.1804	35.1567	35.1243	35.131	35.1106	35.0946	35.0805	35.0654	35.033	35.0261	35.0046	34.9473	34.9684	34.9508	34.8983	34.9003	34.8973	34.8479	34.8818	34.8405	34.846	34.8087	34.7953	34.7986	34.7868	34.749	34.7482	34.7201	34.7113	34.6693	34.6945	34.6865	34.6794	34.6381	34.6363	34.611	34.6484	34.5681	34.555	34.533	34.4982	34.5222	34.5443	34.5353	34.4625	34.456	34.4733	34.4497	34.4525	34.4311	34.4541	34.4299	34.4502	34.4259	34.4109	34.4112	34.4249	34.4468	34.3967	34.3651	34.3352	34.3205	34.3441	34.2734	34.3236	34.2793	34.3345	34.3101	34.3856	34.2957	34.316	34.2355	34.2449	34.232	34.2638	34.215	34.1187	34.1352	34.0983	34.0984	34.041	34.124	33.9932	34.0104	33.8364	33.8437	33.7639	33.7242	33.6089	33.672	33.6004	33.9628	35.5151
Sgr-CJol_082-Ex1-cssl.clmp.r1r2_fastp	36.3396	35.684	35.98	35.951	36.0687	36.0406	36.067	36.0371	36.0707	36.0272	36.0561	36.0523	36.0442	36.0404	36.0408	36.0151	36.0198	35.9872	36.0043	35.9705	35.9724	35.9283	35.9128	35.862	35.8506	35.8207	35.7671	35.7395	35.7371	35.6696	35.6932	35.651	35.6292	35.5643	35.576	35.5322	35.4918	35.4695	35.507	35.4769	35.4684	35.4123	35.4202	35.3557	35.3659	35.3366	35.3194	35.2665	35.2653	35.2546	35.2529	35.2214	35.2277	35.1616	35.1732	35.1024	35.131	35.1276	35.089	35.0687	35.045	35.0823	35.0778	34.9786	35.002	34.9951	34.9908	34.9484	34.932	34.9376	34.9255	34.9241	34.8801	34.8778	34.8999	34.8811	34.8784	34.8795	34.8517	34.8656	34.7869	34.7986	34.8053	34.7771	34.754	34.7463	34.6963	34.72	34.7213	34.711	34.699	34.6086	34.7096	34.6596	34.6407	34.5887	34.6019	34.6048	34.5586	34.578	34.5449	34.5175	34.5394	34.5362	34.5034	34.4876	34.4926	34.4307	34.4951	34.4523	34.4352	34.4293	34.4001	34.4159	34.4955	34.4317	34.414	34.3651	34.3293	34.3598	34.3819	34.3451	34.3447	34.3459	34.4042	34.3769	34.3416	34.301	34.2671	34.2311	34.3041	34.262	34.2407	34.1516	34.205	34.1207	34.1479	34.0954	34.1342	34.0558	34.0384	33.9038	33.8663	33.8172	33.8339	33.7399	33.6717	33.6519	34.0073	35.53
Sgr-CJol_084-Ex1-cssl.clmp.r1r2_fastp	36.3451	35.6468	35.9128	35.8872	36.0241	36.0037	36.0249	36.0203	36.0483	35.998	36.028	36.0089	36.0136	35.9913	35.994	35.9785	35.9925	35.9567	35.9668	35.9288	35.9375	35.8871	35.8622	35.8111	35.8031	35.7545	35.7341	35.7043	35.6893	35.6509	35.6198	35.5881	35.5887	35.5469	35.5215	35.5158	35.4396	35.4749	35.4381	35.4084	35.3733	35.3827	35.3541	35.3325	35.2939	35.3053	35.2722	35.2348	35.2217	35.2095	35.1842	35.1824	35.1259	35.1245	35.097	35.1018	35.0711	35.0807	35.0403	35.0362	35.0097	35.0055	34.9684	34.968	34.9603	34.9451	34.9127	34.9242	34.874	34.8804	34.8445	34.8315	34.8044	34.8146	34.7993	34.7842	34.7575	34.7709	34.7018	34.7372	34.6856	34.7335	34.6546	34.6596	34.6244	34.6108	34.5809	34.6121	34.5642	34.5733	34.5472	34.555	34.5094	34.546	34.4944	34.4832	34.4624	34.4714	34.4656	34.4648	34.4571	34.4473	34.4424	34.4258	34.4373	34.4282	34.4008	34.405	34.4005	34.407	34.3574	34.3552	34.372	34.3654	34.4013	34.3586	34.3583	34.3193	34.3359	34.2841	34.3257	34.2919	34.2905	34.2914	34.3357	34.379	34.2928	34.3071	34.2573	34.235	34.2245	34.2598	34.2163	34.2009	34.1652	34.1294	34.1106	34.1348	34.1481	34.0538	34.036	33.9048	33.9074	33.8716	33.8119	33.7595	33.7226	33.6928	34.0031	35.5467
Sgr-CJol_085-Ex1-cssl.clmp.r1r2_fastp	36.379	35.6929	35.9673	35.9367	36.0618	36.0268	36.0568	36.0381	36.0837	36.0211	36.0672	36.0344	36.0439	36.0101	36.0179	35.9908	36.0208	35.9858	35.9914	35.9633	35.9691	35.9181	35.8889	35.8564	35.8481	35.7908	35.7853	35.7504	35.7304	35.6784	35.6656	35.6397	35.632	35.5728	35.5856	35.5454	35.5051	35.4863	35.5029	35.4467	35.454	35.403	35.4174	35.3909	35.3719	35.3394	35.3371	35.296	35.288	35.2514	35.2551	35.2121	35.2369	35.182	35.1928	35.1338	35.1609	35.1047	35.121	35.0783	35.0999	35.0461	35.0684	35.0251	35.0364	34.9824	35.0038	34.9437	34.9704	34.9121	34.9501	34.8469	34.8832	34.8322	34.8522	34.8294	34.837	34.799	34.8054	34.7743	34.7691	34.7551	34.7338	34.713	34.6879	34.6851	34.6505	34.6415	34.6542	34.6217	34.6217	34.5752	34.6271	34.5811	34.6085	34.4989	34.5265	34.5036	34.5156	34.4644	34.5013	34.4285	34.4739	34.4342	34.4489	34.4285	34.4282	34.4071	34.4364	34.382	34.388	34.3544	34.391	34.3781	34.4243	34.3403	34.3471	34.3076	34.3439	34.2912	34.3705	34.272	34.276	34.3121	34.3792	34.3665	34.2967	34.2946	34.2745	34.2522	34.2201	34.271	34.2183	34.1842	34.1666	34.109	34.0994	34.137	34.121	34.086	33.9981	33.9559	33.8658	33.7729	33.8019	33.7064	33.6954	33.6859	34.0347	35.5234
Sgr-CJol_086-Ex1-cssl.clmp.r1r2_fastp	36.3606	35.7039	35.909	35.9242	36.0398	36.0307	36.0442	36.0423	36.0692	36.0189	36.0546	36.0334	36.0235	36.0099	36.0144	35.989	35.9996	35.9849	35.9901	35.9481	35.9528	35.9151	35.8919	35.8528	35.8389	35.7831	35.7677	35.747	35.7187	35.6864	35.6601	35.6406	35.6135	35.5971	35.5886	35.5608	35.4865	35.5194	35.4931	35.4806	35.4517	35.4358	35.4104	35.4169	35.3803	35.3812	35.3446	35.3357	35.3053	35.2957	35.2712	35.261	35.2386	35.2469	35.2162	35.2044	35.1667	35.1838	35.1401	35.1417	35.1042	35.1199	35.0616	35.09	35.0517	35.0574	35.0281	35.0174	34.9796	34.9916	34.9631	34.9634	34.9135	34.9149	34.897	34.8975	34.8942	34.8891	34.8499	34.8413	34.8015	34.8178	34.7831	34.7763	34.7518	34.7376	34.7189	34.7173	34.703	34.7089	34.7	34.7043	34.659	34.6694	34.6588	34.6455	34.6062	34.6155	34.612	34.6093	34.6103	34.5763	34.5897	34.5541	34.5534	34.5485	34.5466	34.54	34.5475	34.5482	34.5403	34.5203	34.5174	34.5133	34.5431	34.5364	34.4978	34.4485	34.4713	34.4472	34.4694	34.4417	34.4618	34.4451	34.4707	34.5065	34.4772	34.4497	34.4011	34.3645	34.3916	34.3824	34.3556	34.3228	34.3131	34.2706	34.2715	34.2551	34.2345	34.2035	34.1641	34.0864	34.048	34.0269	33.9428	33.9425	33.8741	33.8713	34.161	35.5942
Sgr-CJol_087-Ex1-cssl.clmp.r1r2_fastp	36.4057	35.7669	36.0299	35.9902	36.1334	36.0915	36.1187	36.0812	36.1282	36.0666	36.1107	36.0804	36.1042	36.0632	36.0841	36.0486	36.0761	36.0305	36.0451	35.9863	36.0133	35.9673	35.9528	35.8927	35.9019	35.8248	35.8262	35.7803	35.7755	35.7287	35.7099	35.6773	35.6729	35.6044	35.6012	35.5658	35.5219	35.518	35.5119	35.4795	35.4621	35.4084	35.42	35.3582	35.3674	35.3134	35.2797	35.2566	35.2577	35.2236	35.2162	35.1952	35.1823	35.1615	35.1307	35.1133	35.0815	35.0665	35.0505	35.0153	34.9992	34.9988	34.9746	34.9517	34.9237	34.8929	34.8712	34.8385	34.8098	34.8173	34.8021	34.7358	34.7451	34.7433	34.7192	34.714	34.6885	34.6598	34.641	34.5966	34.5892	34.5916	34.5721	34.5441	34.5181	34.4971	34.4792	34.4734	34.4481	34.4737	34.4365	34.421	34.3959	34.4061	34.385	34.3513	34.3247	34.3428	34.313	34.3338	34.3103	34.2902	34.2676	34.2666	34.2602	34.2547	34.2192	34.2072	34.2379	34.2096	34.1952	34.1916	34.1964	34.1784	34.2055	34.1727	34.139	34.1065	34.1361	34.0619	34.1044	34.0646	34.1169	34.0383	34.1074	34.1279	34.1025	34.0558	34.0624	33.9811	33.9781	33.9948	33.9673	33.9463	33.9199	33.8509	33.8305	33.8394	33.8311	33.7891	33.7031	33.5877	33.5641	33.5005	33.451	33.4425	33.3909	33.3033	33.7492	35.4664
Sgr-CJol_088-Ex1-cssl.clmp.r1r2_fastp	36.3666	35.7052	35.9201	35.913	36.0346	36.0182	36.0351	36.0309	36.0469	36.0135	36.0497	36.0152	36.019	35.9841	35.9913	35.9705	35.9809	35.9667	35.9573	35.9402	35.9398	35.895	35.8607	35.8334	35.8091	35.7593	35.7333	35.7125	35.6868	35.671	35.6454	35.6106	35.5946	35.5637	35.5575	35.5271	35.4805	35.4875	35.47	35.451	35.4159	35.4116	35.3749	35.3709	35.3243	35.3503	35.3164	35.2933	35.2726	35.2485	35.223	35.2149	35.197	35.2012	35.1777	35.1646	35.1417	35.1108	35.1181	35.0905	35.0665	35.0706	35.0392	35.0064	35.0043	34.9938	34.9816	34.9515	34.9273	34.9287	34.8901	34.8945	34.8526	34.8543	34.8362	34.8279	34.806	34.8047	34.7974	34.772	34.7507	34.7663	34.7461	34.7068	34.6976	34.6823	34.673	34.6497	34.6492	34.6544	34.6544	34.6171	34.6164	34.6249	34.6061	34.5503	34.5673	34.5607	34.5564	34.5349	34.556	34.5143	34.5179	34.4695	34.4878	34.4776	34.4774	34.4358	34.4403	34.4601	34.4348	34.4075	34.4237	34.4043	34.4223	34.4467	34.3896	34.3629	34.3469	34.323	34.3471	34.3208	34.3209	34.3146	34.3807	34.3411	34.3147	34.2924	34.2819	34.2448	34.2867	34.2287	34.2304	34.1681	34.1868	34.1036	34.1275	34.1349	34.1298	34.0371	33.9909	33.9046	33.889	33.8465	33.8117	33.714	33.7488	33.6926	34.0468	35.5519
Sgr-CJol_089-Ex1-cssl.clmp.r1r2_fastp	36.3762	35.6861	35.9537	35.9377	36.0673	36.0291	36.0634	36.0366	36.0652	36.0178	36.0519	36.0289	36.0351	36.0075	36.0234	35.9814	36.0159	35.9885	35.992	35.9498	35.9493	35.9058	35.8847	35.8526	35.8482	35.7873	35.7756	35.7339	35.7272	35.6765	35.6695	35.6355	35.6265	35.5864	35.5731	35.5549	35.4856	35.496	35.489	35.4737	35.4247	35.4299	35.3937	35.3806	35.347	35.3555	35.3162	35.3069	35.2654	35.272	35.2418	35.2418	35.2149	35.205	35.1733	35.1593	35.1038	35.1137	35.0794	35.0718	35.0273	35.0629	35.013	35.0346	35.0036	35.0147	34.9458	34.9561	34.8893	34.9018	34.8942	34.8775	34.8315	34.8393	34.8189	34.8239	34.7936	34.7664	34.755	34.7192	34.7225	34.7161	34.7118	34.6855	34.6645	34.6286	34.5924	34.5884	34.5882	34.5879	34.5782	34.5431	34.5852	34.5477	34.5352	34.4898	34.4656	34.4755	34.4589	34.4675	34.4516	34.4275	34.4269	34.4421	34.381	34.3982	34.3637	34.3636	34.36	34.3439	34.3583	34.3157	34.3327	34.3287	34.3565	34.3431	34.2964	34.2513	34.3047	34.2746	34.277	34.2494	34.2594	34.2806	34.3048	34.2983	34.2761	34.2585	34.1968	34.2086	34.2054	34.2041	34.1339	34.1327	34.1076	34.0587	34.021	34.0394	34.0867	34.0583	33.9677	33.8632	33.8482	33.7777	33.7445	33.6866	33.6547	33.6564	33.9877	35.5425
Sgr-CJol_090-Ex1-cssl.clmp.r1r2_fastp	36.3885	35.6928	35.9476	35.9408	36.0725	36.0469	36.0524	36.0519	36.0799	36.035	36.0677	36.0409	36.0659	36.0202	36.0272	36.0049	36.0234	35.9953	36.0079	35.9575	35.9745	35.9194	35.8915	35.8359	35.8519	35.8025	35.7818	35.737	35.7441	35.7001	35.6758	35.6398	35.6319	35.5858	35.5833	35.5561	35.4846	35.4931	35.496	35.4656	35.4395	35.3934	35.3972	35.3844	35.3783	35.3445	35.3154	35.2851	35.278	35.2337	35.2334	35.2263	35.2037	35.1594	35.1551	35.1319	35.1138	35.1014	35.083	35.0515	35.0456	35.0327	35.0071	34.9888	34.973	34.9668	34.9492	34.9163	34.899	34.8975	34.8743	34.8497	34.8175	34.8213	34.7895	34.7893	34.7842	34.7843	34.7177	34.7211	34.672	34.715	34.6675	34.6676	34.6225	34.6276	34.5795	34.6161	34.5815	34.5826	34.5713	34.5583	34.5572	34.5716	34.5403	34.5136	34.4883	34.4889	34.4898	34.4993	34.4792	34.4349	34.4156	34.4093	34.4068	34.3983	34.4093	34.4142	34.3832	34.3529	34.3504	34.362	34.3544	34.3573	34.4084	34.3524	34.3468	34.3083	34.29	34.2366	34.2546	34.2609	34.2895	34.2769	34.3282	34.3188	34.3228	34.2331	34.2133	34.1988	34.2382	34.207	34.1638	34.1757	34.0988	34.0709	34.0917	34.0836	34.0897	34.0541	33.9942	33.9086	33.8371	33.762	33.7325	33.6886	33.6769	33.6524	33.9602	35.5342
Sgr-CJol_091-Ex1-cssl.clmp.r1r2_fastp	36.3894	35.732	35.956	35.9454	36.058	36.0322	36.0467	36.0361	36.0522	36.0104	36.0378	36.0118	36.034	35.9934	36.0119	35.9845	35.9943	35.967	35.9576	35.9223	35.9389	35.8937	35.8727	35.8321	35.8283	35.769	35.7498	35.7248	35.6998	35.6606	35.6316	35.6098	35.5851	35.5554	35.5396	35.5057	35.4669	35.4455	35.46	35.4397	35.4086	35.3777	35.3577	35.3485	35.3235	35.3137	35.2887	35.2607	35.2437	35.2341	35.21	35.2212	35.1738	35.1777	35.1441	35.1292	35.0893	35.0936	35.0478	35.0486	35.0198	35.0545	34.9874	35.0154	34.9506	34.959	34.9279	34.9261	34.8833	34.8905	34.8723	34.8541	34.8206	34.8243	34.7754	34.792	34.7522	34.7654	34.7072	34.7058	34.6892	34.6908	34.6311	34.6467	34.6136	34.6158	34.5692	34.5942	34.5372	34.5694	34.5082	34.5158	34.4851	34.5391	34.4785	34.4731	34.4173	34.472	34.4172	34.4415	34.3991	34.3993	34.3694	34.4014	34.3609	34.3939	34.3359	34.3447	34.3262	34.3525	34.2836	34.294	34.2766	34.2957	34.3251	34.3388	34.2581	34.2314	34.2515	34.2018	34.2009	34.211	34.2154	34.2289	34.2578	34.2652	34.212	34.2062	34.1435	34.1275	34.129	34.1113	34.0694	34.0815	34.0642	34.0121	33.996	33.9992	33.9805	33.9134	33.8367	33.7674	33.6897	33.6598	33.6105	33.55	33.5417	33.5128	33.8829	35.5002
Sgr-CJol_092-Ex1-cssl.clmp.r1r2_fastp	36.3854	35.6769	35.9521	35.9211	36.0494	36.0163	36.0408	36.0089	36.0516	35.9937	36.0256	35.9943	36.0159	35.986	35.9995	35.9805	35.986	35.9637	35.9635	35.9228	35.9257	35.8718	35.8535	35.824	35.8171	35.755	35.7339	35.6957	35.6849	35.6554	35.6275	35.5888	35.5905	35.5428	35.532	35.4807	35.4496	35.4496	35.4583	35.3962	35.3925	35.362	35.3614	35.3259	35.288	35.2621	35.2635	35.2264	35.2113	35.1778	35.1804	35.1682	35.1527	35.1182	35.1123	35.0816	35.0671	35.0209	35.0253	34.9999	34.9863	34.998	34.9704	34.9235	34.9291	34.8813	34.8776	34.8586	34.8192	34.8084	34.8333	34.769	34.7649	34.7644	34.7538	34.729	34.7279	34.6967	34.6751	34.6534	34.6542	34.6324	34.6354	34.6059	34.5886	34.5613	34.5608	34.549	34.5198	34.5366	34.4995	34.4754	34.4749	34.4924	34.4634	34.4395	34.4191	34.3982	34.4179	34.4103	34.3871	34.3518	34.3557	34.3464	34.3429	34.3361	34.3511	34.3119	34.3454	34.302	34.2986	34.2928	34.2975	34.3047	34.3434	34.3059	34.2588	34.2393	34.2563	34.2165	34.2339	34.2155	34.1911	34.2243	34.2319	34.2666	34.2295	34.2131	34.174	34.166	34.1538	34.1338	34.1229	34.0958	34.068	34.0077	34.0141	34.0236	34.0314	33.9771	33.9101	33.8154	33.7514	33.7048	33.6833	33.5949	33.566	33.563	33.9091	35.5052
Sgr-CJol_093-Ex1-cssl.clmp.r1r2_fastp	36.3867	35.7568	35.9856	35.9822	36.0914	36.0745	36.0983	36.0807	36.1148	36.0779	36.0969	36.0771	36.0922	36.0622	36.0598	36.032	36.0497	36.0332	36.0325	36.0043	36.0074	35.9638	35.9427	35.8937	35.879	35.8249	35.8164	35.774	35.7612	35.7324	35.716	35.6864	35.6806	35.6557	35.6227	35.604	35.5529	35.558	35.5518	35.5336	35.4793	35.481	35.4516	35.4638	35.4262	35.4258	35.3832	35.36	35.3399	35.3494	35.3068	35.3236	35.2791	35.2541	35.2334	35.2266	35.2099	35.2152	35.1666	35.1673	35.1242	35.14	35.0927	35.087	35.0573	35.0547	35.0265	35.0237	34.9952	34.9962	34.9687	34.9286	34.8982	34.9188	34.8935	34.8914	34.8584	34.8724	34.8251	34.8292	34.793	34.8017	34.7747	34.7638	34.7236	34.7491	34.6901	34.7184	34.6537	34.7278	34.6631	34.6519	34.6383	34.6455	34.6163	34.5734	34.5553	34.5854	34.5683	34.5837	34.5527	34.5229	34.5053	34.5048	34.4826	34.4679	34.471	34.4779	34.4707	34.4537	34.4329	34.427	34.438	34.4484	34.45	34.4369	34.4026	34.3895	34.3906	34.3819	34.3658	34.3559	34.3622	34.3321	34.3796	34.4003	34.3568	34.3448	34.2844	34.2545	34.2588	34.2552	34.2283	34.2232	34.1493	34.1365	34.1676	34.1105	34.114	34.083	34.008	33.9251	33.8701	33.805	33.7472	33.7312	33.7438	33.6708	34.016	35.5293
Sgr-CJol_094-Ex1-cssl.clmp.r1r2_fastp	36.4157	35.8259	36.0135	36.0051	36.105	36.1031	36.1226	36.1168	36.1453	36.0971	36.1388	36.115	36.1157	36.0907	36.0908	36.0691	36.0847	36.0536	36.0684	36.0239	36.0461	35.9859	35.9743	35.9347	35.9296	35.878	35.8761	35.8338	35.8247	35.7821	35.7714	35.7488	35.7355	35.7047	35.6745	35.661	35.6041	35.6136	35.6209	35.6054	35.5645	35.5466	35.5385	35.5304	35.5004	35.4947	35.4618	35.455	35.4232	35.4276	35.3872	35.409	35.3522	35.3622	35.3162	35.3202	35.2983	35.2947	35.2575	35.2666	35.2266	35.2439	35.1852	35.1949	35.153	35.1911	35.125	35.1337	35.076	35.0936	35.0493	35.0489	34.9999	35.0185	34.9504	34.9864	34.9374	34.9824	34.8924	34.908	34.8701	34.8793	34.8571	34.8548	34.8017	34.7891	34.7561	34.7756	34.7214	34.7529	34.6889	34.7228	34.657	34.6973	34.645	34.6345	34.6036	34.6093	34.5917	34.5868	34.5805	34.5399	34.5378	34.4989	34.4796	34.5021	34.4488	34.461	34.4536	34.4594	34.4445	34.4157	34.4166	34.3903	34.4136	34.3927	34.345	34.3016	34.2933	34.307	34.2936	34.2788	34.2912	34.2763	34.3233	34.327	34.2837	34.2687	34.2035	34.165	34.1488	34.1854	34.1361	34.1453	34.0767	34.0284	34.0143	34.0343	33.9545	34.0051	33.8978	33.859	33.7602	33.7127	33.674	33.5876	33.585	33.5367	33.9319	35.5261
Sgr-CJol_096-Ex1-cssl.clmp.r1r2_fastp	36.381	35.7413	35.9446	35.9528	36.0628	36.0505	36.0613	36.0738	36.0846	36.0523	36.0843	36.0683	36.0608	36.0259	36.0338	36.011	36.032	36.0123	35.9992	35.9753	35.9758	35.9381	35.9159	35.8658	35.8603	35.8117	35.7998	35.7711	35.739	35.7262	35.6897	35.6748	35.6587	35.6209	35.6031	35.5771	35.5273	35.5446	35.5395	35.5112	35.4931	35.4615	35.4575	35.4362	35.4197	35.4286	35.3784	35.3732	35.3438	35.3463	35.3115	35.3012	35.2731	35.2857	35.2673	35.2566	35.2151	35.2077	35.1795	35.1607	35.143	35.1618	35.1129	35.1038	35.0788	35.0784	35.0368	35.0167	34.9969	34.9896	34.9763	34.9566	34.936	34.9129	34.9012	34.9025	34.8819	34.8756	34.835	34.8298	34.8154	34.7999	34.7817	34.7436	34.7141	34.7156	34.6766	34.6808	34.6291	34.6642	34.6325	34.6307	34.6144	34.6129	34.5728	34.5897	34.5395	34.5512	34.5294	34.5282	34.5164	34.5062	34.462	34.4779	34.442	34.4573	34.4222	34.434	34.423	34.4227	34.383	34.3838	34.379	34.3983	34.4174	34.3927	34.3523	34.3344	34.3301	34.3081	34.3162	34.2866	34.3048	34.2915	34.3358	34.3215	34.3129	34.2761	34.2347	34.1959	34.21	34.1972	34.1995	34.1236	34.1246	34.0607	34.0726	34.0644	34.0574	34.0142	33.9055	33.8313	33.8299	33.7559	33.6921	33.6468	33.6667	33.5939	33.9651	35.5389
Sgr-CMas_001-Ex1-cssl.clmp.r1r2_fastp	36.3859	35.8307	36.0042	36.0216	36.1161	36.1179	36.1251	36.1282	36.145	36.1239	36.1391	36.1204	36.1241	36.1009	36.0987	36.0904	36.0913	36.0827	36.0735	36.0477	36.051	36.0104	35.9823	35.9493	35.9336	35.8852	35.8778	35.8514	35.8306	35.8009	35.7815	35.761	35.7389	35.7195	35.6917	35.6723	35.6094	35.6405	35.6295	35.6165	35.566	35.5736	35.5394	35.5421	35.5093	35.5142	35.4704	35.4718	35.4368	35.4523	35.4056	35.4229	35.3642	35.3888	35.3353	35.342	35.2942	35.31	35.2785	35.2894	35.2341	35.2631	35.1959	35.2186	35.1691	35.1949	35.1552	35.1705	35.1055	35.1333	35.0887	35.0847	35.0468	35.0616	35.0201	35.0509	35.0104	35.0244	34.9758	34.9734	34.9389	34.965	34.9231	34.91	34.8804	34.8774	34.8399	34.8639	34.8199	34.8485	34.8091	34.8161	34.7927	34.8137	34.7805	34.7542	34.7198	34.7437	34.7144	34.7386	34.7181	34.7021	34.6867	34.6899	34.6533	34.6685	34.6448	34.6406	34.6244	34.635	34.5995	34.6166	34.6016	34.5946	34.6275	34.6096	34.5705	34.5362	34.5526	34.5121	34.5127	34.5057	34.5201	34.5253	34.5542	34.5578	34.5159	34.5071	34.4531	34.4349	34.4536	34.4428	34.4123	34.3852	34.3815	34.3158	34.3095	34.3361	34.3098	34.2734	34.1954	34.141	34.0751	34.0146	34.007	33.9431	33.9171	33.9079	34.1872	35.6043
Sgr-CMas_002-Ex1-cssl.clmp.r1r2_fastp	36.3222	35.6478	35.8978	35.9092	36.024	36.0094	36.0498	36.0315	36.0672	36.0194	36.071	36.0363	36.0449	36.0054	36.0105	35.9931	36.011	35.9964	36.0007	35.9513	35.9565	35.9191	35.9043	35.845	35.8411	35.7857	35.764	35.7245	35.7116	35.6898	35.67	35.6411	35.625	35.5928	35.5533	35.5416	35.4662	35.5096	35.4649	35.4705	35.4262	35.4279	35.4068	35.3903	35.3536	35.3729	35.3117	35.3078	35.2652	35.2822	35.2158	35.2477	35.2169	35.2288	35.1718	35.1775	35.1387	35.1367	35.1016	35.1114	35.0452	35.0983	35.03	35.0331	34.9992	35.0093	34.9655	34.9642	34.92	34.9444	34.909	34.9005	34.8616	34.8496	34.808	34.8344	34.7979	34.811	34.7539	34.7596	34.7373	34.7423	34.7027	34.6945	34.6728	34.6548	34.6417	34.6433	34.6034	34.6224	34.5862	34.5812	34.5556	34.574	34.5612	34.5085	34.4747	34.4791	34.4912	34.4985	34.4923	34.4419	34.417	34.4304	34.4231	34.4023	34.4095	34.3897	34.3908	34.369	34.3839	34.3665	34.3671	34.3496	34.3815	34.3392	34.3312	34.2817	34.2675	34.2662	34.2856	34.249	34.2488	34.2616	34.2854	34.3046	34.2591	34.2501	34.188	34.1682	34.1615	34.1948	34.1721	34.134	34.1157	34.0869	34.0507	34.0898	34.0585	34.034	33.9855	33.9027	33.8783	33.83	33.7614	33.7235	33.695	33.7001	34.0107	35.537
Sgr-CMas_003-Ex1-cssl.clmp.r1r2_fastp	36.3243	35.7242	35.9632	35.9719	36.1007	36.0908	36.1069	36.1184	36.134	36.1096	36.1288	36.111	36.1194	36.0853	36.0975	36.0818	36.0924	36.0673	36.0733	36.0321	36.0445	36.0061	35.9817	35.9338	35.9235	35.8808	35.858	35.8319	35.8127	35.7851	35.7402	35.726	35.7221	35.6868	35.6487	35.6362	35.5698	35.5917	35.5741	35.5625	35.5175	35.5227	35.5	35.4678	35.4484	35.4382	35.4173	35.3797	35.367	35.3667	35.3359	35.3266	35.2768	35.2752	35.2561	35.251	35.2029	35.2347	35.1765	35.1798	35.1555	35.1561	35.1132	35.1162	35.0909	35.0878	35.0563	35.0529	35.0189	35.0166	35.0137	34.9853	34.9413	34.9507	34.9194	34.9329	34.8911	34.9264	34.8508	34.8806	34.8309	34.8315	34.8057	34.8205	34.7515	34.7601	34.7177	34.7384	34.7049	34.7004	34.6803	34.6725	34.6574	34.6769	34.6234	34.6309	34.6013	34.5853	34.565	34.5645	34.5696	34.5422	34.5409	34.5247	34.5125	34.4931	34.4931	34.5003	34.4661	34.4683	34.4405	34.457	34.4291	34.4299	34.4695	34.4435	34.4058	34.397	34.3557	34.3578	34.3585	34.3705	34.3549	34.3638	34.3865	34.3807	34.3535	34.366	34.3173	34.2648	34.2557	34.2455	34.2477	34.2415	34.1785	34.1271	34.1752	34.129	34.159	34.0813	34.0407	33.9617	33.8997	33.8673	33.8342	33.7489	33.7459	33.7055	34.0295	35.557
Sgr-CMas_004-Ex1-cssl.clmp.r1r2_fastp	36.3068	35.6498	35.9183	35.9101	36.0494	36.0289	36.058	36.0416	36.082	36.0334	36.0727	36.0373	36.0623	36.021	36.0316	35.9994	36.0226	35.9908	35.9937	35.9415	35.9594	35.929	35.8991	35.8412	35.8325	35.7743	35.776	35.7339	35.7109	35.6667	35.6464	35.6144	35.5987	35.5627	35.5548	35.508	35.4631	35.4756	35.479	35.4527	35.4208	35.3971	35.3808	35.3704	35.3308	35.327	35.3035	35.2699	35.2504	35.2409	35.2062	35.208	35.1766	35.1728	35.1464	35.1354	35.0949	35.111	35.08	35.0479	35.0259	35.0282	34.9894	34.9877	34.9748	34.9759	34.9391	34.9269	34.8878	34.8813	34.8724	34.8418	34.8173	34.8128	34.7733	34.7754	34.7765	34.7641	34.6964	34.7211	34.6867	34.6863	34.6498	34.6336	34.6294	34.5859	34.5697	34.5889	34.5489	34.5624	34.5342	34.5366	34.5049	34.5423	34.4853	34.4706	34.4387	34.4491	34.4242	34.4348	34.4115	34.378	34.3799	34.383	34.3672	34.3774	34.3531	34.3406	34.3497	34.3419	34.2975	34.3113	34.2956	34.3011	34.3195	34.3086	34.2425	34.2508	34.2424	34.2266	34.2089	34.2262	34.2178	34.2234	34.2452	34.2698	34.2307	34.2226	34.15	34.1301	34.1243	34.144	34.0957	34.0521	34.0188	33.9848	33.9812	33.9882	33.9733	33.9408	33.8515	33.8	33.7708	33.6803	33.6561	33.6111	33.5592	33.5585	33.8888	35.4996
Sgr-CMas_005-Ex1-cssl.clmp.r1r2_fastp	36.358	35.7041	35.951	35.9536	36.0694	36.051	36.0779	36.0705	36.0988	36.0539	36.0859	36.0624	36.0742	36.0424	36.0528	36.0271	36.0432	36.0232	36.0202	35.9781	35.9892	35.9447	35.9217	35.8788	35.8806	35.8167	35.7928	35.7701	35.743	35.7092	35.6795	35.6528	35.6481	35.6151	35.5811	35.5598	35.4873	35.4906	35.4856	35.4604	35.4107	35.4073	35.3952	35.3846	35.3465	35.3385	35.3002	35.3	35.2662	35.2618	35.2136	35.2185	35.187	35.1885	35.1591	35.1603	35.1089	35.1151	35.0852	35.0701	35.0307	35.0836	35.0107	35.0154	34.9733	34.9914	34.9441	34.9494	34.8922	34.9379	34.8539	34.8677	34.8181	34.8532	34.7941	34.8153	34.7638	34.8094	34.7459	34.7381	34.7066	34.7421	34.6893	34.6774	34.6431	34.6487	34.609	34.6338	34.5865	34.6281	34.6006	34.5857	34.5713	34.5917	34.531	34.5291	34.4911	34.5295	34.4839	34.4801	34.4594	34.4355	34.4181	34.4413	34.4184	34.4419	34.3846	34.3861	34.4033	34.3871	34.3373	34.3587	34.3327	34.3538	34.3682	34.3599	34.3224	34.2898	34.3167	34.2486	34.264	34.2497	34.2427	34.2575	34.2941	34.3356	34.2854	34.2222	34.2111	34.1607	34.19	34.1872	34.1609	34.1409	34.1021	34.0777	34.042	34.0452	34.0617	33.9902	33.938	33.8427	33.8242	33.7256	33.7147	33.6489	33.6457	33.6044	33.9451	35.5196
Sgr-CMas_006-Ex1-cssl.clmp.r1r2_fastp	36.2974	35.6206	35.8934	35.8991	36.0261	36.0093	36.0367	36.0279	36.0603	36.0157	36.0525	36.0326	36.0467	36.0177	36.0166	35.9939	36.012	35.9874	35.9958	35.9561	35.9657	35.9192	35.8938	35.8522	35.8469	35.7943	35.7775	35.7552	35.7402	35.7029	35.6799	35.6599	35.6254	35.6029	35.575	35.5463	35.4919	35.5073	35.5008	35.4748	35.443	35.4482	35.4306	35.3919	35.3767	35.3461	35.3262	35.3091	35.2845	35.2676	35.229	35.2469	35.2143	35.2076	35.164	35.1728	35.1301	35.1553	35.1136	35.0982	35.0756	35.0734	35.0439	35.0477	35.0168	35.008	34.9877	34.966	34.9217	34.9352	34.9157	34.8859	34.8626	34.8556	34.8514	34.8414	34.8316	34.8274	34.7945	34.7743	34.759	34.7688	34.7249	34.7332	34.6752	34.6943	34.6595	34.6603	34.6551	34.6586	34.6434	34.6159	34.6012	34.6102	34.591	34.5521	34.5174	34.5209	34.5386	34.545	34.5339	34.4829	34.4962	34.4881	34.4646	34.4666	34.4478	34.4225	34.4242	34.4113	34.3858	34.3872	34.4224	34.4119	34.4319	34.3803	34.3531	34.3343	34.363	34.3234	34.3221	34.3218	34.3157	34.2989	34.3772	34.3812	34.3534	34.3037	34.2817	34.2593	34.235	34.2456	34.2003	34.1976	34.1766	34.1297	34.1179	34.1001	34.1007	34.0572	34.017	33.9172	33.8863	33.8187	33.8085	33.7482	33.7237	33.705	34.0212	35.5399
Sgr-CMas_007-Ex1-cssl.clmp.r1r2_fastp	36.2965	35.6225	35.8876	35.8973	36.0277	36.0184	36.0397	36.0288	36.0755	36.0274	36.072	36.0392	36.0445	36.0017	36.0295	35.9892	36.0075	35.9822	35.9782	35.9482	35.9499	35.9192	35.8812	35.8513	35.8375	35.7762	35.7479	35.7186	35.7128	35.684	35.6559	35.6263	35.6031	35.5782	35.5716	35.5215	35.4776	35.4873	35.4867	35.4324	35.4091	35.3954	35.3869	35.3808	35.3488	35.3365	35.2887	35.2871	35.25	35.2758	35.2485	35.2361	35.1979	35.2031	35.1749	35.1789	35.1036	35.1356	35.0966	35.0898	35.036	35.073	35.0063	35.0266	34.9858	34.998	34.9293	34.9364	34.8765	34.9346	34.893	34.8742	34.8423	34.8464	34.8089	34.8184	34.7892	34.792	34.7479	34.7241	34.7026	34.7205	34.7033	34.6732	34.6886	34.6515	34.6114	34.6264	34.6016	34.6352	34.593	34.5765	34.5632	34.6156	34.5316	34.5446	34.5011	34.5201	34.4849	34.5217	34.478	34.5089	34.4538	34.4826	34.4363	34.4541	34.4488	34.4524	34.4095	34.4173	34.391	34.3688	34.3795	34.4223	34.4199	34.4159	34.3468	34.348	34.3397	34.3221	34.3435	34.3194	34.3288	34.3157	34.3659	34.3651	34.3107	34.2794	34.248	34.2707	34.2526	34.2403	34.1957	34.1906	34.1972	34.1362	34.1431	34.1437	34.1469	34.0717	34.0421	33.951	33.9433	33.8339	33.8754	33.7682	33.769	33.7235	34.1169	35.5371
Sgr-CMas_008-Ex1-cssl.clmp.r1r2_fastp	36.3515	35.7537	36.0007	36.0001	36.1355	36.1194	36.1373	36.1374	36.1592	36.1271	36.1519	36.1307	36.1348	36.1108	36.1133	36.0866	36.1139	36.0905	36.0917	36.0682	36.0706	36.0329	35.9998	35.9587	35.9475	35.902	35.8886	35.8545	35.8425	35.8201	35.7808	35.7727	35.7555	35.7225	35.7051	35.6747	35.6199	35.6525	35.6376	35.6079	35.5688	35.5473	35.5492	35.5473	35.5068	35.4905	35.4457	35.4437	35.4156	35.4313	35.3591	35.3812	35.3323	35.3367	35.3039	35.2936	35.2513	35.2601	35.2166	35.2199	35.1884	35.2082	35.1498	35.1496	35.1084	35.1175	35.0635	35.0845	35.0397	35.0504	35.0087	34.9835	34.95	34.9748	34.918	34.9348	34.8916	34.9202	34.8694	34.8635	34.823	34.861	34.7813	34.7864	34.7591	34.7461	34.6828	34.7268	34.6708	34.7026	34.6535	34.6746	34.6487	34.6736	34.6283	34.5988	34.5533	34.5862	34.5527	34.5733	34.5336	34.5285	34.5044	34.5248	34.4858	34.4897	34.4435	34.4274	34.4365	34.4521	34.4171	34.4232	34.4048	34.4014	34.4261	34.4119	34.3484	34.344	34.3266	34.3007	34.3512	34.3229	34.3028	34.2892	34.3192	34.3431	34.2864	34.2819	34.2608	34.2155	34.2209	34.1933	34.1732	34.1566	34.1426	34.0941	34.0892	34.0889	34.0734	34.0018	33.9488	33.8583	33.8318	33.7632	33.7523	33.6956	33.6419	33.6356	33.9803	35.5273
Sgr-CMas_009-Ex1-cssl.clmp.r1r2_fastp	36.315	35.6357	35.9162	35.9157	36.0474	36.0231	36.0401	36.0327	36.0616	36.0142	36.0545	36.0393	36.0409	36.0112	36.0166	35.9982	36.0064	35.9845	35.9866	35.9428	35.9621	35.923	35.8866	35.8411	35.8267	35.7738	35.7578	35.7317	35.7191	35.6739	35.6475	35.6219	35.6089	35.5642	35.5554	35.5177	35.4494	35.4676	35.4855	35.4501	35.4092	35.3903	35.3897	35.3568	35.3374	35.3238	35.2938	35.2762	35.2656	35.2482	35.2176	35.2266	35.1924	35.1917	35.1674	35.1525	35.1122	35.1065	35.0931	35.087	35.0625	35.0573	35.0261	35.0287	35.0013	34.9839	34.9508	34.9592	34.9019	34.9167	34.8964	34.8856	34.8386	34.8576	34.8277	34.8333	34.8196	34.7847	34.7715	34.7619	34.7345	34.744	34.7135	34.6914	34.6769	34.67	34.6418	34.6414	34.6207	34.6332	34.6059	34.5874	34.5703	34.607	34.5841	34.5601	34.517	34.5342	34.5243	34.5539	34.4845	34.4637	34.4636	34.4783	34.4491	34.4557	34.4412	34.4341	34.4109	34.4172	34.4014	34.3826	34.3729	34.3861	34.4231	34.396	34.3574	34.3476	34.3452	34.3099	34.3384	34.3141	34.3439	34.3251	34.3433	34.3641	34.3433	34.3026	34.2963	34.243	34.266	34.2183	34.2037	34.1993	34.1763	34.1139	34.0968	34.1155	34.1263	34.0506	34.0264	33.9081	33.9127	33.8017	33.7736	33.724	33.7347	33.6947	34.035	35.5319
Sgr-CMas_010-Ex1-cssl.clmp.r1r2_fastp	36.3986	35.7921	36.017	36.0181	36.1262	36.1079	36.1335	36.1156	36.1485	36.1193	36.1483	36.1144	36.1178	36.0841	36.0984	36.0818	36.0942	36.0777	36.0772	36.0412	36.0612	36.0114	36.0011	35.9499	35.954	35.8986	35.8803	35.8458	35.8382	35.7941	35.7683	35.7253	35.7384	35.6995	35.6714	35.6352	35.6025	35.6129	35.6005	35.5843	35.5367	35.5263	35.5043	35.4848	35.4856	35.462	35.4327	35.4138	35.3857	35.3917	35.3528	35.349	35.3091	35.3139	35.2728	35.2778	35.2295	35.2299	35.1949	35.1874	35.1715	35.1666	35.1403	35.1082	35.0808	35.1033	35.0367	35.0495	35.0027	35.024	34.9754	34.9703	34.9494	34.9463	34.9225	34.9237	34.8906	34.8907	34.8516	34.8644	34.8289	34.8202	34.792	34.7646	34.7322	34.741	34.6991	34.727	34.6582	34.7104	34.6393	34.6694	34.6363	34.6476	34.604	34.5957	34.5501	34.5689	34.5607	34.5575	34.5336	34.5204	34.4876	34.477	34.4807	34.4948	34.4618	34.4785	34.4337	34.4699	34.4107	34.4113	34.3943	34.4163	34.4348	34.4201	34.3991	34.3453	34.3248	34.3411	34.3139	34.3108	34.3	34.29	34.3495	34.3411	34.3217	34.2836	34.2537	34.2178	34.2691	34.2498	34.1792	34.1581	34.1544	34.129	34.1077	34.1207	34.1048	34.0709	34.0146	33.886	33.8472	33.7774	33.7678	33.7129	33.6588	33.6618	33.98	35.5361
Sgr-CMas_011-Ex1-cssl.clmp.r1r2_fastp	36.4022	35.8184	36.0383	36.04	36.1455	36.1334	36.1438	36.1562	36.174	36.1397	36.1621	36.1437	36.1484	36.1202	36.1192	36.1015	36.128	36.0993	36.0965	36.073	36.0703	36.0388	35.9989	35.96	35.9538	35.8962	35.8817	35.8565	35.8368	35.8038	35.7728	35.7545	35.7296	35.7085	35.6683	35.635	35.5705	35.6088	35.5747	35.5425	35.5195	35.5028	35.4842	35.4727	35.456	35.4375	35.4159	35.3976	35.3804	35.3573	35.3345	35.3368	35.3013	35.2873	35.2496	35.2351	35.2032	35.2214	35.1781	35.1771	35.1244	35.1576	35.077	35.0969	35.0611	35.0849	35.0443	35.0303	34.9589	34.9896	34.9554	34.9544	34.8737	34.9135	34.8836	34.8739	34.8537	34.8652	34.7903	34.8027	34.7854	34.7869	34.726	34.7277	34.6797	34.6871	34.6563	34.6523	34.6505	34.6381	34.608	34.6262	34.5898	34.6254	34.5631	34.5595	34.5022	34.5312	34.5199	34.5227	34.4792	34.5004	34.4572	34.4577	34.4258	34.4523	34.398	34.398	34.4108	34.3929	34.3648	34.3737	34.3817	34.3668	34.4188	34.3683	34.362	34.3214	34.3292	34.3065	34.2973	34.2758	34.3053	34.3035	34.3232	34.328	34.319	34.2884	34.2545	34.2098	34.2219	34.2382	34.1977	34.1676	34.1702	34.0898	34.1106	34.086	34.085	34.0134	33.9681	33.8801	33.8858	33.7787	33.7378	33.6796	33.6896	33.6288	34.0194	35.5298
Sgr-CMas_012-Ex1-cssl.clmp.r1r2_fastp	36.3161	35.6474	35.9073	35.9145	36.0473	36.0328	36.0625	36.0579	36.0895	36.0355	36.0759	36.0488	36.0629	36.0268	36.0396	36.0117	36.0225	36.0037	36.0104	35.9581	35.9752	35.9241	35.9141	35.8667	35.8529	35.7941	35.7896	35.7459	35.7196	35.6861	35.6698	35.6409	35.6242	35.5985	35.577	35.5475	35.4836	35.5122	35.4876	35.4796	35.4332	35.4209	35.3842	35.3881	35.3567	35.3578	35.3227	35.2931	35.2748	35.2755	35.2335	35.2465	35.1721	35.211	35.1523	35.165	35.1063	35.1219	35.0824	35.1003	35.0525	35.0834	35.0003	35.0173	34.9782	34.992	34.9539	34.957	34.8964	34.9152	34.8846	34.8849	34.8071	34.8463	34.7971	34.8379	34.7824	34.8068	34.7315	34.7619	34.7141	34.7468	34.6877	34.7056	34.6542	34.6625	34.6084	34.6468	34.5962	34.6147	34.576	34.5816	34.5479	34.5917	34.5277	34.5439	34.4943	34.5186	34.477	34.5037	34.4682	34.4375	34.4244	34.4659	34.3984	34.4502	34.386	34.3971	34.3935	34.3866	34.3495	34.3482	34.3641	34.3198	34.3782	34.3827	34.3284	34.2681	34.276	34.2771	34.2761	34.2805	34.2705	34.2839	34.3017	34.3064	34.28	34.2723	34.1992	34.1885	34.2168	34.2113	34.1922	34.1653	34.1271	34.0916	34.0693	34.0788	34.0589	34.0323	33.9546	33.863	33.8498	33.764	33.7445	33.6661	33.6794	33.6457	34.0064	35.5294
Sgr-CMas_013-Ex1-cssl.clmp.r1r2_fastp	36.3688	35.7661	35.9756	35.9889	36.0978	36.0858	36.102	36.1071	36.1263	36.0906	36.1165	36.0884	36.1003	36.0791	36.0769	36.0656	36.0658	36.0531	36.0365	36.0138	36.0071	35.9791	35.9427	35.9094	35.8958	35.847	35.8164	35.7917	35.7732	35.7413	35.7129	35.704	35.687	35.6503	35.6334	35.6123	35.5279	35.5631	35.5581	35.5463	35.4935	35.4886	35.4581	35.4553	35.4519	35.44	35.4074	35.381	35.3696	35.3701	35.3403	35.3372	35.3009	35.2929	35.2578	35.2502	35.2257	35.2391	35.2007	35.1975	35.1687	35.1831	35.1339	35.1235	35.1095	35.095	35.0803	35.0754	35.0462	35.0613	35.0232	34.995	34.9748	34.9631	34.9621	34.951	34.9295	34.9275	34.8985	34.8968	34.8675	34.8792	34.8458	34.8302	34.8172	34.8	34.7694	34.7628	34.7577	34.7591	34.7233	34.7156	34.6847	34.7239	34.6883	34.6802	34.6681	34.651	34.641	34.6675	34.6329	34.5939	34.589	34.5948	34.582	34.554	34.5709	34.5674	34.5582	34.5653	34.5236	34.5354	34.5129	34.5329	34.5406	34.5215	34.4863	34.4623	34.456	34.4381	34.4445	34.4355	34.4467	34.4389	34.4809	34.5109	34.4599	34.4304	34.3942	34.352	34.3667	34.3847	34.3319	34.3337	34.287	34.2785	34.2363	34.2584	34.2433	34.2203	34.1314	34.0874	34.0313	33.9769	33.9615	33.9348	33.8792	33.876	34.1654	35.5921
Sgr-CMas_014-Ex1-cssl.clmp.r1r2_fastp	36.3907	35.7777	36.0085	36.0009	36.1129	36.1045	36.1138	36.122	36.1349	36.1047	36.1372	36.1026	36.1206	36.0937	36.1047	36.0728	36.0897	36.062	36.0615	36.0361	36.0337	35.9988	35.9745	35.9295	35.9108	35.878	35.8542	35.8122	35.8055	35.758	35.7301	35.7254	35.7017	35.6803	35.6508	35.6296	35.5534	35.5876	35.5785	35.56	35.5082	35.508	35.469	35.4792	35.4306	35.4404	35.4132	35.3892	35.3616	35.3667	35.3195	35.3192	35.2897	35.2758	35.2644	35.2449	35.2141	35.2264	35.1728	35.1794	35.1525	35.1687	35.1152	35.1309	35.0988	35.1016	35.0667	35.0726	35.011	35.04	35.0272	34.9863	34.9571	34.9576	34.9178	34.9411	34.9045	34.9137	34.8791	34.8658	34.8328	34.842	34.8165	34.817	34.7643	34.7597	34.7008	34.738	34.7149	34.7585	34.6881	34.6911	34.6693	34.6879	34.6497	34.6468	34.6013	34.5888	34.6061	34.6125	34.5798	34.5667	34.5529	34.5557	34.5506	34.5084	34.5426	34.512	34.5361	34.4984	34.4911	34.4882	34.4878	34.4699	34.4959	34.4937	34.4453	34.4422	34.4404	34.4127	34.4151	34.3887	34.41	34.4199	34.4352	34.4562	34.3951	34.4158	34.3561	34.3124	34.2979	34.3492	34.2951	34.2728	34.2519	34.1934	34.2169	34.2	34.1951	34.1521	34.0993	34.015	33.9712	33.9013	33.8853	33.8228	33.7946	33.7797	34.0899	35.5654
Sgr-CMas_015-Ex1-cssl.clmp.r1r2_fastp	36.4067	35.8248	36.0322	36.0213	36.1377	36.1178	36.1325	36.1311	36.1588	36.1197	36.1581	36.1348	36.1401	36.1077	36.1168	36.0943	36.1076	36.0884	36.0839	36.0541	36.0566	36.0104	35.9904	35.9526	35.941	35.8864	35.8595	35.8318	35.8213	35.7786	35.7529	35.7457	35.7152	35.6871	35.662	35.6365	35.5855	35.5975	35.5906	35.556	35.5239	35.5158	35.4971	35.4851	35.4537	35.4466	35.417	35.4009	35.3771	35.3708	35.3347	35.3292	35.2858	35.3024	35.268	35.2626	35.2272	35.2405	35.1962	35.1914	35.1582	35.1805	35.133	35.1184	35.0807	35.0943	35.06	35.05	35.0033	35.031	34.9871	34.987	34.9215	34.9407	34.9057	34.9191	34.8991	34.8952	34.8414	34.8443	34.8236	34.8382	34.8004	34.7836	34.7528	34.7693	34.7096	34.7373	34.704	34.7267	34.6883	34.6785	34.6661	34.6739	34.6347	34.6263	34.5875	34.5875	34.5775	34.6161	34.5908	34.577	34.5565	34.5464	34.5145	34.5431	34.5192	34.4989	34.5064	34.532	34.4851	34.4818	34.4842	34.4893	34.4936	34.4979	34.4353	34.419	34.4071	34.4053	34.4058	34.3838	34.406	34.3824	34.4182	34.434	34.3888	34.3782	34.3397	34.307	34.3215	34.3072	34.296	34.2539	34.2237	34.1805	34.192	34.1581	34.1736	34.1219	34.0856	34.0028	33.9836	33.8786	33.864	33.8216	33.8192	33.7607	34.107	35.5753
Sgr-CMas_016-Ex1-cssl.clmp.r1r2_fastp	36.3533	35.7527	35.9581	35.9732	36.0829	36.0836	36.0984	36.0969	36.1198	36.0849	36.1075	36.0908	36.0998	36.0664	36.0608	36.052	36.0634	36.0463	36.0335	36.0157	36.0141	35.9736	35.956	35.908	35.8805	35.8361	35.8179	35.7964	35.7759	35.7471	35.7174	35.6955	35.6734	35.6495	35.6122	35.6061	35.5317	35.5663	35.5357	35.5336	35.4831	35.4932	35.4446	35.4439	35.3974	35.4221	35.369	35.3632	35.3312	35.3348	35.3013	35.3208	35.2522	35.2805	35.2219	35.2367	35.1814	35.2102	35.1693	35.1625	35.1147	35.1541	35.0853	35.1018	35.0488	35.0663	35.0384	35.0254	34.9683	34.9999	34.9667	34.9631	34.9111	34.9323	34.8803	34.9043	34.8755	34.8859	34.8306	34.8393	34.7914	34.8172	34.7708	34.7839	34.7305	34.7351	34.6992	34.7212	34.6914	34.7159	34.677	34.6809	34.6545	34.6707	34.6471	34.6187	34.5812	34.6075	34.5782	34.6099	34.5942	34.56	34.5555	34.5482	34.5391	34.5364	34.5173	34.4979	34.5152	34.5053	34.4734	34.481	34.4677	34.4752	34.5137	34.488	34.4393	34.4272	34.4183	34.3909	34.3933	34.3944	34.4013	34.3941	34.4177	34.4359	34.4004	34.38	34.3259	34.3069	34.3302	34.316	34.2996	34.2803	34.2551	34.19	34.2101	34.1924	34.2089	34.1452	34.0902	34.0307	33.9834	33.9122	33.876	33.8389	33.8216	33.7943	34.1129	35.5738
Sgr-CMas_017-Ex1-cssl.clmp.r1r2_fastp	36.3592	35.7848	35.9993	36.0116	36.1206	36.116	36.1226	36.1364	36.1559	36.1254	36.1472	36.1284	36.1288	36.1033	36.1104	36.081	36.1015	36.0813	36.083	36.0585	36.0683	36.0237	35.992	35.9638	35.9369	35.9022	35.8744	35.8526	35.8343	35.8082	35.7681	35.7506	35.7386	35.7144	35.6849	35.6727	35.602	35.6175	35.6022	35.5928	35.555	35.5565	35.5333	35.5102	35.4865	35.4816	35.4452	35.4438	35.415	35.4165	35.3722	35.3828	35.3424	35.3556	35.3256	35.3207	35.2739	35.2923	35.2578	35.2441	35.2085	35.2342	35.1828	35.1766	35.1645	35.1536	35.1292	35.1086	35.073	35.096	35.0566	35.0442	35.0171	35.0187	34.9712	34.9812	34.9709	34.9822	34.9372	34.9358	34.9017	34.9216	34.8921	34.8764	34.8555	34.8498	34.8129	34.8317	34.8095	34.8256	34.7984	34.7865	34.7684	34.7896	34.7612	34.7191	34.7019	34.7111	34.7102	34.7226	34.6831	34.6707	34.6645	34.6516	34.6505	34.6377	34.6214	34.6179	34.6337	34.5971	34.5915	34.5844	34.6044	34.5997	34.6213	34.5751	34.5431	34.5142	34.5193	34.5001	34.5008	34.4956	34.5175	34.4798	34.5252	34.5272	34.5181	34.4693	34.4427	34.3933	34.4512	34.4079	34.4078	34.3737	34.3626	34.314	34.3157	34.3019	34.3229	34.2563	34.208	34.1407	34.1029	34.0331	33.9497	33.9488	33.9205	33.8694	34.218	35.6078
Sgr-CMas_018-Ex1-cssl.clmp.r1r2_fastp	36.4034	35.8308	36.043	36.0402	36.1511	36.1369	36.1488	36.1524	36.179	36.1423	36.1609	36.1298	36.1391	36.114	36.1132	36.1001	36.116	36.0874	36.0844	36.0541	36.0604	36.0241	36.0001	35.9609	35.9462	35.8899	35.8758	35.8378	35.8218	35.7882	35.7457	35.7404	35.7212	35.6939	35.6676	35.6605	35.584	35.5812	35.583	35.5623	35.5214	35.5179	35.5067	35.4833	35.4506	35.4408	35.3981	35.3981	35.3779	35.3758	35.3153	35.3252	35.284	35.3051	35.2654	35.2692	35.1972	35.2132	35.1937	35.178	35.1582	35.1704	35.1135	35.1242	35.0767	35.0852	35.057	35.0574	34.9977	35.0261	34.9747	34.9741	34.9261	34.9404	34.8946	34.9228	34.8787	34.8897	34.8308	34.845	34.8088	34.8348	34.7832	34.774	34.7225	34.7392	34.689	34.7269	34.677	34.734	34.6614	34.682	34.647	34.6743	34.6366	34.6217	34.5667	34.5792	34.5735	34.5783	34.5599	34.55	34.5226	34.523	34.5064	34.4808	34.4863	34.4713	34.4815	34.4625	34.423	34.443	34.4375	34.4495	34.4649	34.4582	34.423	34.4025	34.3926	34.3723	34.393	34.3385	34.3697	34.3604	34.4034	34.4118	34.3944	34.3517	34.311	34.2627	34.2942	34.2798	34.2827	34.2453	34.2238	34.183	34.15	34.1624	34.163	34.0924	34.0614	33.9615	33.9258	33.8513	33.8207	33.7796	33.7696	33.7466	34.0611	35.5587
Sgr-CMas_019-Ex1-cssl.clmp.r1r2_fastp	36.3724	35.7359	35.9587	35.9615	36.0878	36.0685	36.083	36.0863	36.1163	36.0899	36.1147	36.0906	36.088	36.0585	36.0712	36.0591	36.0606	36.043	36.051	36.0114	36.032	35.9784	35.9568	35.9085	35.9082	35.8639	35.8346	35.8132	35.798	35.7674	35.7356	35.7159	35.6839	35.6688	35.6473	35.6176	35.5479	35.5642	35.5555	35.5449	35.5111	35.4867	35.4565	35.4675	35.4207	35.4136	35.393	35.3678	35.3408	35.3364	35.2878	35.3046	35.2466	35.2654	35.2184	35.2477	35.1766	35.1924	35.1557	35.158	35.1224	35.1495	35.0908	35.1018	35.0487	35.0766	35.0325	35.0388	34.9892	35.0011	34.9617	34.9423	34.9118	34.9091	34.8687	34.888	34.8673	34.8849	34.8167	34.8222	34.7831	34.7997	34.7573	34.7576	34.7022	34.6929	34.6673	34.7002	34.652	34.6867	34.6385	34.6416	34.5905	34.6142	34.5704	34.5581	34.5239	34.5345	34.5178	34.5338	34.5124	34.5177	34.4927	34.4914	34.4319	34.4609	34.4094	34.4164	34.3969	34.4004	34.3808	34.3827	34.3768	34.3846	34.3983	34.3788	34.3335	34.3409	34.3184	34.3094	34.2693	34.2937	34.2677	34.3244	34.3187	34.345	34.3102	34.2955	34.2305	34.1985	34.2081	34.2072	34.128	34.168	34.1243	34.0959	34.0563	34.0851	34.0694	34.0167	33.9662	33.8645	33.8214	33.7802	33.7238	33.6915	33.6353	33.6215	33.9533	35.5274
Sgr-CMas_020-Ex1-cssl.clmp.r1r2_fastp	36.354	35.6908	35.966	35.9596	36.0935	36.0592	36.0827	36.0726	36.1036	36.0674	36.1121	36.0744	36.079	36.0467	36.0599	36.0296	36.0465	36.0184	36.0221	35.9828	35.9806	35.9389	35.9096	35.8721	35.8581	35.7926	35.8046	35.7587	35.7373	35.6985	35.6871	35.6514	35.6391	35.5933	35.5675	35.5463	35.4854	35.4851	35.5006	35.4663	35.4335	35.4101	35.3824	35.3753	35.3706	35.3499	35.322	35.2866	35.285	35.2751	35.2334	35.229	35.2025	35.2	35.1632	35.1554	35.1228	35.1012	35.096	35.0508	35.0554	35.0598	35.0308	35.0057	34.9822	34.9676	34.9554	34.9479	34.9032	34.9215	34.8892	34.8759	34.8303	34.8431	34.7832	34.8022	34.8015	34.7885	34.7444	34.7168	34.7031	34.7038	34.6802	34.6623	34.643	34.6496	34.5958	34.6047	34.5698	34.5919	34.5843	34.5378	34.5609	34.5534	34.5211	34.5091	34.4879	34.4519	34.4991	34.4803	34.4524	34.4169	34.4293	34.4224	34.406	34.4227	34.4003	34.3591	34.3798	34.3522	34.345	34.3353	34.3586	34.3436	34.3755	34.3876	34.3327	34.265	34.2914	34.2604	34.2978	34.2674	34.2811	34.2753	34.3069	34.3142	34.2867	34.2443	34.215	34.17	34.193	34.1845	34.1537	34.1355	34.0769	34.0502	34.0631	34.0448	34.027	33.9963	33.9218	33.8467	33.8121	33.7351	33.7378	33.6805	33.6646	33.64	33.9775	35.5259
Sgr-CMas_021-Ex1-cssl.clmp.r1r2_fastp	36.347	35.6884	35.946	35.9581	36.0662	36.0505	36.0766	36.0689	36.0873	36.0515	36.0908	36.0654	36.0619	36.037	36.0422	36.0216	36.0259	36.0018	36.0082	35.9672	35.9741	35.9343	35.9043	35.8724	35.8622	35.8044	35.7789	35.7488	35.7238	35.6824	35.6632	35.6408	35.6226	35.5965	35.5739	35.5286	35.4858	35.5074	35.4609	35.4645	35.4088	35.4221	35.3844	35.3659	35.3454	35.3524	35.2886	35.2877	35.266	35.2758	35.2382	35.2498	35.1733	35.2	35.1605	35.1478	35.083	35.1077	35.065	35.0865	35.0203	35.0665	34.9958	35.0001	34.9633	35.0152	34.9489	34.9468	34.885	34.9025	34.8517	34.8538	34.8059	34.8461	34.7655	34.8074	34.7605	34.8133	34.7164	34.7306	34.6782	34.7249	34.6745	34.6703	34.6295	34.6523	34.571	34.6065	34.5723	34.6045	34.5453	34.568	34.5377	34.5586	34.5199	34.5091	34.4548	34.4741	34.4452	34.4934	34.4436	34.4452	34.4195	34.4268	34.4096	34.4102	34.367	34.3641	34.3747	34.3404	34.3333	34.2998	34.3304	34.3216	34.3796	34.3341	34.2855	34.2574	34.2572	34.26	34.2827	34.2517	34.2818	34.2438	34.2907	34.2884	34.2659	34.2237	34.2201	34.1638	34.1852	34.1605	34.1419	34.1419	34.1053	34.0623	34.0644	34.0694	34.0485	33.9749	33.9332	33.8485	33.8496	33.7617	33.7625	33.6634	33.6527	33.6302	33.9861	35.5313
Sgr-CMas_022-Ex1-cssl.clmp.r1r2_fastp	36.3608	35.758	35.966	35.9804	36.0853	36.0726	36.0824	36.0862	36.107	36.0678	36.1046	36.0808	36.0922	36.0583	36.0628	36.0351	36.053	36.0249	36.0409	35.9955	36.0004	35.9599	35.9262	35.8927	35.8773	35.8271	35.8033	35.7839	35.7504	35.7297	35.6896	35.6716	35.6572	35.6273	35.5946	35.5731	35.5001	35.5202	35.5131	35.4939	35.45	35.4332	35.4188	35.4096	35.3668	35.371	35.3362	35.3261	35.2902	35.2952	35.2611	35.2654	35.2108	35.2146	35.1768	35.1692	35.1187	35.1463	35.095	35.1048	35.0726	35.076	35.0231	35.0506	34.99	35.0215	34.9582	34.9755	34.8966	34.9271	34.883	34.8914	34.8338	34.8571	34.8123	34.8349	34.8049	34.8136	34.7563	34.7667	34.7299	34.7331	34.6878	34.6864	34.6524	34.6444	34.6069	34.6173	34.5904	34.596	34.5687	34.5545	34.5425	34.5631	34.5334	34.5065	34.4718	34.487	34.4653	34.4797	34.4748	34.4463	34.4218	34.4245	34.4024	34.4072	34.4027	34.3767	34.3793	34.3691	34.3432	34.3466	34.3408	34.3498	34.3671	34.3679	34.3027	34.2821	34.3222	34.2598	34.278	34.2624	34.2616	34.2805	34.3134	34.3143	34.2651	34.2617	34.2107	34.1875	34.1984	34.1852	34.1613	34.136	34.1313	34.0735	34.0635	34.0949	34.0925	34.0455	33.9841	33.8813	33.825	33.7903	33.7021	33.6925	33.6793	33.651	34.0263	35.5344
Sgr-CMas_023-Ex1-cssl.clmp.r1r2_fastp	36.3763	35.7201	35.9803	35.9574	36.0782	36.0563	36.0728	36.066	36.0904	36.0465	36.089	36.0573	36.0677	36.0424	36.0457	36.0196	36.0317	36.0122	36.0134	35.9663	35.9761	35.9336	35.9011	35.8562	35.8515	35.7955	35.7899	35.7443	35.729	35.69	35.6745	35.6465	35.6397	35.599	35.5778	35.5367	35.4787	35.4792	35.4841	35.4591	35.4203	35.4133	35.393	35.3684	35.3479	35.3456	35.3051	35.2909	35.2707	35.2688	35.2082	35.2356	35.1905	35.1894	35.1684	35.1545	35.1154	35.1083	35.0988	35.0826	35.0333	35.0562	35.0006	35.0223	34.9744	34.9713	34.9447	34.9445	34.9038	34.897	34.8774	34.851	34.8195	34.8158	34.7987	34.7969	34.7804	34.7936	34.7498	34.7314	34.6971	34.7403	34.697	34.6693	34.6482	34.6387	34.6005	34.6088	34.5956	34.6178	34.5558	34.5735	34.5249	34.5557	34.5353	34.4943	34.4821	34.4896	34.4631	34.4811	34.4587	34.4055	34.4146	34.4134	34.382	34.4071	34.3987	34.3811	34.3763	34.3714	34.3412	34.3254	34.3375	34.336	34.3718	34.3454	34.2965	34.2864	34.2876	34.2626	34.2671	34.2605	34.2734	34.2501	34.3248	34.2851	34.2824	34.2646	34.2034	34.1876	34.217	34.1901	34.1639	34.1246	34.1104	34.0657	34.0614	34.0643	34.0334	33.9949	33.9252	33.8415	33.8272	33.7595	33.7145	33.6633	33.6321	33.6045	33.9245	35.5206
Sgr-CMas_024-Ex1-cssl.clmp.r1r2_fastp	36.3628	35.681	35.9537	35.9402	36.0695	36.0474	36.065	36.0508	36.0689	36.031	36.0751	36.0456	36.0504	36.0227	36.0353	36.0093	36.0274	35.9986	35.9961	35.9544	35.9708	35.9293	35.9041	35.8627	35.8471	35.7904	35.7791	35.7499	35.7323	35.6906	35.6616	35.6373	35.6315	35.5919	35.5709	35.5324	35.4716	35.4961	35.4989	35.4741	35.4429	35.4227	35.3977	35.3859	35.353	35.346	35.321	35.2962	35.2759	35.252	35.2514	35.2403	35.207	35.1988	35.1599	35.1448	35.1229	35.1284	35.0869	35.0847	35.0525	35.0696	35.0359	35.0164	34.9919	34.9936	34.9598	34.951	34.9091	34.9199	34.8896	34.8708	34.8505	34.8515	34.834	34.8286	34.8284	34.8217	34.7825	34.7522	34.7291	34.7325	34.6966	34.6935	34.6784	34.6776	34.6288	34.6185	34.6082	34.6414	34.5848	34.5903	34.5913	34.5954	34.5705	34.5597	34.5156	34.5108	34.5107	34.515	34.5145	34.4614	34.4499	34.4626	34.4603	34.4497	34.455	34.4143	34.4239	34.4149	34.3921	34.3857	34.4041	34.3914	34.4352	34.4009	34.376	34.3622	34.3537	34.317	34.326	34.309	34.332	34.3079	34.3436	34.3489	34.3378	34.2963	34.2793	34.2397	34.2557	34.2415	34.1769	34.1799	34.1537	34.1038	34.0825	34.0689	34.0981	34.0361	33.9887	33.8866	33.9071	33.7817	33.7822	33.7211	33.6916	33.6525	34.0012	35.5151
Sgr-CMas_026-Ex1-cssl.clmp.r1r2_fastp	36.3928	35.7643	36.0117	35.9993	36.1149	36.0836	36.1063	36.1007	36.1296	36.0958	36.1283	36.1064	36.1095	36.0804	36.092	36.055	36.0761	36.0509	36.0651	36.0091	36.0248	35.9847	35.9625	35.9057	35.8977	35.8378	35.8224	35.8072	35.7815	35.7486	35.7199	35.7012	35.6811	35.6439	35.6092	35.5925	35.529	35.5351	35.5353	35.5065	35.472	35.4526	35.4345	35.417	35.3908	35.3792	35.3506	35.324	35.3088	35.2925	35.2645	35.2578	35.2062	35.2147	35.1692	35.1851	35.1228	35.1524	35.1096	35.1056	35.064	35.0862	35.0363	35.0295	34.9892	35.0167	34.968	34.9483	34.9054	34.909	34.9035	34.8588	34.8206	34.8359	34.7885	34.8073	34.7747	34.7956	34.757	34.7536	34.7058	34.7472	34.6878	34.678	34.6036	34.6116	34.5624	34.6039	34.577	34.5726	34.5298	34.5261	34.5192	34.5335	34.4893	34.4947	34.4348	34.4797	34.4084	34.482	34.414	34.3971	34.3721	34.4032	34.3179	34.3799	34.3253	34.3518	34.3131	34.336	34.2654	34.3289	34.2921	34.3094	34.3274	34.3031	34.2518	34.2445	34.2303	34.2109	34.2012	34.1868	34.1917	34.2053	34.2252	34.2561	34.2024	34.1778	34.134	34.0889	34.1414	34.1289	34.084	34.0397	34.0307	33.9543	33.9691	33.9703	33.9573	33.9019	33.8733	33.7538	33.7522	33.6676	33.6506	33.551	33.5663	33.48	33.8739	35.4953
Sgr-CMas_028-Ex1-cssl.clmp.r1r2_fastp	36.3536	35.6891	35.9373	35.9302	36.0506	36.0303	36.0577	36.0446	36.0728	36.0283	36.0645	36.0412	36.0495	36.0153	36.0144	35.9949	36.0091	35.9831	35.9744	35.9331	35.9464	35.9087	35.8825	35.8287	35.8224	35.768	35.7464	35.708	35.6924	35.6494	35.6301	35.6087	35.5953	35.563	35.5417	35.515	35.4436	35.4735	35.4652	35.434	35.4095	35.3935	35.3632	35.3554	35.3273	35.3073	35.2818	35.2606	35.2521	35.2359	35.206	35.2019	35.1797	35.17	35.1344	35.1189	35.1036	35.1019	35.0719	35.0564	35.0315	35.0469	35.0099	35.0004	34.9728	34.9602	34.9548	34.9301	34.9038	34.9088	34.8832	34.8693	34.8304	34.8284	34.8089	34.8014	34.7758	34.796	34.7675	34.7462	34.7249	34.7204	34.7069	34.6866	34.6697	34.6582	34.6256	34.6275	34.6061	34.6188	34.5945	34.5871	34.5729	34.5853	34.5635	34.5042	34.4981	34.5059	34.4911	34.5171	34.4849	34.458	34.4355	34.4402	34.4287	34.421	34.4292	34.4077	34.4136	34.4058	34.3769	34.3907	34.3919	34.3653	34.4048	34.3717	34.3418	34.3085	34.3278	34.2737	34.3153	34.2823	34.3273	34.2747	34.3349	34.3259	34.3313	34.2821	34.2474	34.203	34.2569	34.2185	34.2209	34.1478	34.1318	34.081	34.0789	34.0925	34.0982	34.0591	33.9981	33.8849	33.8594	33.7827	33.7695	33.7062	33.6933	33.6544	33.9899	35.5378
Sgr-CMas_030-Ex1-cssl.clmp.r1r2_fastp	36.3823	35.7716	35.9983	35.9942	36.1028	36.0839	36.107	36.0922	36.1199	36.076	36.1103	36.084	36.0841	36.0604	36.0656	36.0373	36.0579	36.0242	36.0381	35.9884	35.9958	35.9462	35.9225	35.872	35.8673	35.8062	35.7835	35.7548	35.7374	35.6912	35.6674	35.6404	35.6269	35.6	35.579	35.5565	35.4845	35.4964	35.4939	35.458	35.4332	35.4265	35.4005	35.3749	35.3479	35.3524	35.3119	35.2972	35.266	35.2682	35.2265	35.2542	35.1978	35.2027	35.1738	35.1645	35.1292	35.1353	35.0913	35.0966	35.0435	35.0923	35.0253	35.0351	34.9867	35.005	34.9748	34.9562	34.9204	34.9323	34.8965	34.9042	34.8442	34.8619	34.8236	34.8225	34.8025	34.8173	34.7585	34.7856	34.7379	34.75	34.6956	34.6904	34.6743	34.6693	34.6258	34.6357	34.6131	34.6317	34.598	34.5882	34.5682	34.6083	34.5582	34.5445	34.5203	34.529	34.4975	34.5509	34.5073	34.4895	34.459	34.4672	34.4478	34.443	34.4095	34.416	34.4186	34.4083	34.3795	34.3723	34.3683	34.3759	34.4198	34.3813	34.3359	34.3132	34.3098	34.2834	34.3025	34.2764	34.2795	34.2792	34.312	34.3046	34.2824	34.2579	34.201	34.2061	34.2053	34.2036	34.1389	34.1262	34.0878	34.0605	34.018	34.0563	34.0374	33.9821	33.9073	33.8573	33.8204	33.748	33.6929	33.6772	33.6017	33.6124	33.931	35.5341
Sgr-CMas_031-Ex1-cssl.clmp.r1r2_fastp	36.3248	35.6806	35.9269	35.9384	36.0643	36.0625	36.0733	36.068	36.0967	36.0607	36.0852	36.0667	36.0658	36.0475	36.0442	36.024	36.0335	36.017	36.0063	35.9812	35.9821	35.9391	35.9049	35.8816	35.8503	35.8155	35.7865	35.7546	35.7374	35.7086	35.6806	35.6545	35.6327	35.5889	35.573	35.5319	35.4644	35.4855	35.4964	35.469	35.4472	35.4315	35.3928	35.4058	35.3695	35.3737	35.3254	35.2871	35.2717	35.2765	35.2274	35.2356	35.1741	35.2035	35.1597	35.1724	35.1196	35.1172	35.0903	35.0842	35.0271	35.0509	35.0088	35.0106	34.9613	34.9837	34.9578	34.9451	34.8784	34.9102	34.8503	34.8683	34.8084	34.8374	34.7882	34.8114	34.7662	34.7832	34.7278	34.7382	34.6868	34.7474	34.6797	34.6887	34.6243	34.6405	34.6034	34.6359	34.5721	34.6102	34.5612	34.5541	34.5267	34.5886	34.5393	34.5168	34.4664	34.5032	34.4641	34.5167	34.4715	34.4566	34.4253	34.4462	34.4134	34.4259	34.4058	34.4004	34.3926	34.3702	34.3674	34.3713	34.3692	34.385	34.3891	34.3903	34.3105	34.3254	34.3158	34.3011	34.2966	34.3086	34.2867	34.3117	34.3685	34.3591	34.3198	34.314	34.2542	34.2324	34.2128	34.2359	34.1825	34.1565	34.1617	34.1256	34.1113	34.1141	34.1356	34.0451	33.9999	33.9399	33.8741	33.8356	33.7764	33.7376	33.7025	33.7018	34.0177	35.5575
Sgr-CMas_032-Ex1-cssl.clmp.r1r2_fastp	36.3836	35.7637	35.9914	35.9904	36.0993	36.0779	36.0994	36.1015	36.1142	36.0792	36.1077	36.0812	36.0918	36.062	36.0683	36.0442	36.0572	36.0368	36.0311	36.0008	36.002	35.9601	35.9394	35.8828	35.8884	35.8248	35.8042	35.7743	35.7494	35.7224	35.6961	35.6787	35.6581	35.6226	35.6046	35.5806	35.517	35.5237	35.5142	35.5	35.4624	35.4622	35.4342	35.4289	35.4057	35.3913	35.3487	35.3368	35.3043	35.3041	35.2743	35.2835	35.2394	35.2421	35.1963	35.1936	35.1501	35.1633	35.1099	35.1233	35.0743	35.1118	35.0665	35.0526	35.025	35.0371	34.9911	34.9861	34.9357	34.9699	34.9143	34.905	34.8582	34.8952	34.8485	34.845	34.8038	34.8217	34.7808	34.7855	34.7436	34.75	34.7318	34.723	34.699	34.6858	34.6503	34.6368	34.6116	34.6579	34.6168	34.6043	34.578	34.6033	34.5801	34.5345	34.5239	34.5414	34.5223	34.5233	34.4947	34.4756	34.4546	34.4394	34.4697	34.437	34.4286	34.4174	34.4368	34.411	34.4073	34.3705	34.3778	34.3818	34.4075	34.3645	34.3561	34.3115	34.3309	34.2711	34.3124	34.2874	34.302	34.27	34.3246	34.337	34.3356	34.2854	34.2706	34.1984	34.2207	34.2079	34.195	34.1324	34.1607	34.0756	34.1099	34.0779	34.102	34.0361	34.0007	33.8922	33.876	33.7957	33.8036	33.7345	33.7199	33.6598	34.0127	35.5394
Sgr-CMas_033-Ex1-cssl.clmp.r1r2_fastp	36.3594	35.7501	35.985	35.9813	36.1033	36.0716	36.0954	36.1017	36.1179	36.0767	36.1232	36.0925	36.1073	36.0687	36.0713	36.0471	36.065	36.0311	36.0334	36.003	35.9953	35.9633	35.946	35.8891	35.8918	35.8376	35.8149	35.7698	35.7721	35.7253	35.7165	35.6563	35.6815	35.6362	35.6249	35.5947	35.5277	35.5338	35.5302	35.5056	35.4745	35.4591	35.4728	35.4199	35.4196	35.3932	35.3768	35.3498	35.3331	35.3055	35.3048	35.2711	35.2501	35.2552	35.2171	35.2035	35.1932	35.1484	35.1477	35.1141	35.0975	35.1132	35.0668	35.0555	35.0219	35.0389	34.991	34.9746	34.941	34.9586	34.955	34.918	34.8854	34.8754	34.8514	34.85	34.8612	34.8325	34.8211	34.7674	34.7849	34.7623	34.7632	34.7002	34.7168	34.6909	34.6559	34.663	34.6398	34.6443	34.6496	34.6091	34.6007	34.6284	34.5871	34.5922	34.5187	34.5432	34.5165	34.5442	34.5213	34.4934	34.4912	34.4742	34.4536	34.436	34.4096	34.4318	34.3992	34.3998	34.3771	34.357	34.3632	34.3862	34.4125	34.4203	34.3542	34.3146	34.3145	34.2981	34.3234	34.3084	34.3072	34.2632	34.2896	34.3335	34.281	34.2904	34.1983	34.2067	34.1921	34.2199	34.1852	34.1492	34.1151	34.1149	34.051	34.0832	34.077	34.0205	33.9562	33.8742	33.8551	33.7976	33.746	33.6563	33.6714	33.6232	34.0115	35.5566
Sgr-CMas_034-Ex1-cssl.clmp.r1r2_fastp	36.3668	35.7338	35.9448	35.9514	36.064	36.0536	36.0744	36.0677	36.0991	36.0519	36.0944	36.0763	36.0707	36.0415	36.0493	36.0255	36.0483	36.0151	36.0233	35.982	35.9933	35.9315	35.9222	35.8828	35.8707	35.817	35.7975	35.7651	35.7458	35.7102	35.6957	35.6681	35.6541	35.6196	35.5961	35.575	35.4958	35.5166	35.5249	35.4983	35.4658	35.4543	35.4362	35.4211	35.393	35.3816	35.3514	35.3357	35.3059	35.297	35.2659	35.2765	35.2365	35.244	35.1946	35.2024	35.159	35.1723	35.1367	35.1256	35.0788	35.0994	35.0488	35.0636	35.0042	35.0248	34.9965	34.9892	34.9455	34.9517	34.9155	34.9012	34.8489	34.8705	34.8328	34.8388	34.8098	34.8279	34.7759	34.776	34.7557	34.7493	34.7222	34.7178	34.6793	34.688	34.661	34.6473	34.6276	34.6599	34.6044	34.6131	34.5911	34.5951	34.5721	34.554	34.511	34.5091	34.5028	34.519	34.5031	34.481	34.4669	34.4515	34.436	34.4459	34.4185	34.4211	34.4152	34.4088	34.3804	34.3907	34.3816	34.3809	34.4022	34.3634	34.3373	34.3102	34.3345	34.2772	34.2994	34.2842	34.2917	34.2743	34.3207	34.3254	34.2965	34.2871	34.2377	34.2301	34.2233	34.2243	34.1956	34.1517	34.1367	34.0736	34.0834	34.0748	34.0812	34.0197	33.9702	33.871	33.8632	33.7786	33.7407	33.6991	33.6664	33.6475	33.9929	35.5523
Sgr-CMas_035-Ex1-cssl.clmp.r1r2_fastp	36.3762	35.7433	35.9459	35.9556	36.0715	36.0655	36.0834	36.0738	36.0999	36.057	36.1001	36.0807	36.0843	36.0505	36.0541	36.0349	36.0453	36.0229	36.0197	35.9884	35.9931	35.9488	35.9307	35.8876	35.8823	35.8201	35.8109	35.7759	35.7601	35.7239	35.692	35.6774	35.6716	35.6285	35.6111	35.5752	35.5278	35.5416	35.5305	35.5035	35.4813	35.4524	35.4469	35.4243	35.4039	35.3911	35.3711	35.3541	35.3193	35.3043	35.2894	35.2889	35.2492	35.2465	35.2221	35.2087	35.1746	35.1842	35.1581	35.1327	35.1132	35.1305	35.0763	35.0749	35.0199	35.0588	34.9898	34.9977	34.9423	34.9773	34.9138	34.9202	34.8678	34.9058	34.8487	34.8723	34.8149	34.8426	34.7937	34.7962	34.7638	34.7748	34.7355	34.7352	34.6724	34.6874	34.6495	34.6721	34.6237	34.6522	34.6007	34.6136	34.5998	34.6269	34.5672	34.5794	34.5098	34.5478	34.5084	34.5573	34.509	34.5121	34.4687	34.479	34.473	34.4702	34.4192	34.4378	34.4425	34.4376	34.375	34.4112	34.3994	34.3998	34.4414	34.4274	34.3728	34.352	34.3594	34.3455	34.3283	34.304	34.3076	34.3353	34.3791	34.3793	34.3401	34.3272	34.2717	34.2662	34.2526	34.2699	34.2285	34.1808	34.1442	34.1343	34.111	34.1273	34.121	34.1074	34.0173	33.9267	33.9158	33.8338	33.8216	33.7675	33.7657	33.7309	34.0377	35.5635
Sgr-CMas_036-Ex1-cssl.clmp.r1r2_fastp	36.3912	35.7804	36.0293	36.0101	36.1389	36.1178	36.14	36.127	36.1566	36.1017	36.153	36.1173	36.1295	36.0974	36.105	36.0857	36.1059	36.0773	36.0748	36.0313	36.0466	35.9969	35.9633	35.9327	35.9255	35.8755	35.8603	35.8325	35.815	35.7764	35.753	35.7264	35.7069	35.68	35.6458	35.6189	35.5387	35.5598	35.5618	35.5474	35.4991	35.4845	35.4724	35.4551	35.4139	35.4049	35.3723	35.3617	35.3221	35.3304	35.2781	35.314	35.2457	35.2655	35.2047	35.2276	35.1589	35.1659	35.1344	35.1373	35.1097	35.1266	35.083	35.0717	35.0415	35.0511	34.9937	34.9755	34.9293	34.9664	34.9261	34.9087	34.8689	34.8818	34.8419	34.8594	34.8397	34.8446	34.7912	34.77	34.7531	34.7559	34.7229	34.7253	34.699	34.6949	34.6648	34.6886	34.6242	34.6475	34.5997	34.5998	34.5981	34.603	34.5647	34.5617	34.511	34.5327	34.5052	34.5282	34.4782	34.4748	34.4437	34.4413	34.4306	34.4467	34.4274	34.4207	34.4197	34.4057	34.4014	34.3796	34.3658	34.3815	34.412	34.3713	34.327	34.3094	34.2989	34.2945	34.2907	34.2855	34.2895	34.2609	34.3039	34.3127	34.2792	34.251	34.2197	34.1844	34.184	34.1875	34.159	34.1449	34.1058	34.0861	34.0738	34.0776	34.0628	34.0117	33.931	33.8764	33.8455	33.7377	33.7318	33.6445	33.6524	33.5685	33.9418	35.5245
Sgr-CMas_038-Ex1-cssl.clmp.r1r2_fastp	36.3789	35.7925	35.9932	35.9892	36.0986	36.0919	36.1079	36.1038	36.1287	36.0964	36.1204	36.0921	36.0967	36.0746	36.079	36.0578	36.0669	36.0394	36.0384	36.0173	36.0202	35.9818	35.9553	35.9146	35.8968	35.8526	35.8259	35.7953	35.7808	35.7541	35.7153	35.7051	35.6847	35.6532	35.6323	35.6121	35.5378	35.569	35.5516	35.5339	35.4925	35.4905	35.4639	35.4441	35.4328	35.4253	35.3735	35.3748	35.3502	35.3527	35.3138	35.3106	35.2613	35.2734	35.2396	35.2353	35.2032	35.216	35.1794	35.1749	35.1287	35.1451	35.1152	35.0987	35.0571	35.0842	35.0421	35.0457	34.9959	35.0153	34.9744	34.966	34.9239	34.9349	34.899	34.911	34.8835	34.9	34.8467	34.8518	34.8067	34.8256	34.7868	34.7902	34.7426	34.7426	34.7034	34.7221	34.6894	34.7141	34.6781	34.6707	34.6434	34.6654	34.6385	34.6063	34.5919	34.6082	34.5857	34.6173	34.5639	34.5656	34.5223	34.5416	34.5124	34.5126	34.4955	34.4919	34.4629	34.4899	34.4419	34.4566	34.4509	34.466	34.4763	34.4781	34.4211	34.3772	34.4001	34.3469	34.3678	34.3432	34.3354	34.3438	34.3759	34.3727	34.341	34.3294	34.2971	34.2558	34.2742	34.2471	34.2249	34.2	34.1784	34.1268	34.1169	34.1083	34.1278	34.0698	34.0184	33.9256	33.8936	33.8083	33.8024	33.729	33.6995	33.6476	34.0166	35.5438
Sgr-CMas_040-Ex1-cssl.clmp.r1r2_fastp	36.3525	35.6553	35.9011	35.9022	36.0154	36.0065	36.0163	36.024	36.0416	36.0176	36.0419	36.0189	36.0232	35.9947	35.9949	35.9706	35.9931	35.9726	35.9709	35.9329	35.9414	35.8997	35.8683	35.8337	35.8239	35.7647	35.7523	35.7147	35.6953	35.6523	35.6218	35.6215	35.6133	35.5779	35.5511	35.5296	35.4573	35.4882	35.4656	35.4557	35.4275	35.4181	35.3968	35.3992	35.3553	35.3489	35.3158	35.3056	35.2759	35.2697	35.2481	35.2625	35.2071	35.219	35.1749	35.1858	35.1409	35.1383	35.1	35.113	35.0591	35.0791	35.0366	35.0545	35.007	35.0115	34.9805	34.9795	34.9425	34.9621	34.9257	34.8952	34.8624	34.869	34.8415	34.8576	34.8324	34.8367	34.8057	34.804	34.7708	34.7759	34.7702	34.7431	34.7202	34.7038	34.6761	34.6995	34.6672	34.6902	34.6702	34.6543	34.6501	34.6507	34.6142	34.5892	34.5508	34.5643	34.5752	34.5617	34.5561	34.5303	34.5088	34.5129	34.4997	34.4928	34.4709	34.4706	34.4806	34.4789	34.445	34.4436	34.435	34.451	34.4688	34.4557	34.3946	34.4034	34.4069	34.3786	34.3946	34.3721	34.3847	34.3786	34.4377	34.4214	34.4092	34.3651	34.3258	34.2927	34.3084	34.2852	34.2858	34.2607	34.2483	34.1839	34.1858	34.1834	34.1711	34.1314	34.0922	33.997	33.9584	33.8989	33.8792	33.8216	33.7873	33.7577	34.0924	35.5596
Sgr-CMas_042-Ex1-cssl.clmp.r1r2_fastp	36.3822	35.7668	35.9949	35.9945	36.1184	36.0962	36.1154	36.1101	36.1392	36.0914	36.1299	36.099	36.1144	36.0835	36.0924	36.0587	36.0916	36.0573	36.0564	36.0205	36.0361	35.9878	35.9668	35.9181	35.911	35.8579	35.8305	35.8092	35.7935	35.7635	35.7291	35.7211	35.6957	35.6483	35.6364	35.6248	35.5494	35.5626	35.535	35.557	35.5162	35.49	35.4765	35.4654	35.4419	35.4409	35.3941	35.3816	35.3601	35.3671	35.3217	35.3466	35.2847	35.2984	35.2615	35.2564	35.2042	35.2292	35.1825	35.1986	35.1389	35.1654	35.1056	35.102	35.0735	35.0723	35.0349	35.0329	34.9733	35.012	34.9558	34.9739	34.9282	34.9314	34.8938	34.8932	34.8783	34.8914	34.8402	34.8229	34.815	34.8277	34.7826	34.8039	34.7448	34.7394	34.6884	34.715	34.6856	34.7229	34.6766	34.6607	34.6313	34.6636	34.6143	34.5906	34.5429	34.5958	34.5623	34.6081	34.5355	34.5336	34.5194	34.5175	34.5143	34.5145	34.4946	34.4972	34.467	34.4567	34.4353	34.4515	34.419	34.432	34.4371	34.4358	34.3763	34.3574	34.3619	34.3265	34.3357	34.3227	34.3269	34.3516	34.3459	34.3537	34.3556	34.3187	34.2619	34.244	34.2192	34.2403	34.2114	34.1972	34.1688	34.1056	34.0822	34.114	34.1127	34.035	34.0025	33.8943	33.8832	33.8326	33.7712	33.7229	33.7334	33.6664	34.0028	35.5421
Sgr-CMas_043-Ex1-cssl.clmp.r1r2_fastp	36.3745	35.7421	35.9815	35.9657	36.0897	36.0754	36.1074	36.081	36.1252	36.0753	36.1178	36.094	36.0984	36.0658	36.0753	36.0505	36.0721	36.0422	36.0465	36.0046	36.024	35.9644	35.9458	35.8925	35.8954	35.8322	35.8207	35.7774	35.7761	35.7173	35.7153	35.6857	35.6665	35.6248	35.6157	35.5777	35.5159	35.5276	35.5206	35.5002	35.4597	35.4409	35.4438	35.4061	35.3888	35.372	35.3388	35.3158	35.2976	35.2688	35.2601	35.2556	35.225	35.219	35.1855	35.1741	35.1205	35.1363	35.1077	35.0942	35.0571	35.0897	35.0366	35.0205	34.9917	34.9973	34.9714	34.9613	34.9085	34.9089	34.8894	34.8652	34.8218	34.8204	34.8197	34.8034	34.7874	34.7924	34.7553	34.7394	34.717	34.7056	34.6776	34.676	34.6327	34.6361	34.5986	34.606	34.5812	34.5927	34.5707	34.5554	34.5441	34.5592	34.5213	34.4981	34.4776	34.4814	34.4492	34.4813	34.4445	34.4162	34.399	34.3931	34.3805	34.4091	34.3652	34.3459	34.3531	34.3556	34.3242	34.3243	34.3299	34.3299	34.3365	34.3214	34.2835	34.2493	34.2673	34.2079	34.238	34.2208	34.2057	34.2408	34.2504	34.2362	34.2256	34.2076	34.1739	34.1177	34.141	34.1329	34.0818	34.0752	34.0538	34.0341	33.9767	33.9967	33.9909	33.9745	33.8996	33.8101	33.7779	33.6745	33.6679	33.6012	33.5757	33.5824	33.9298	35.5329
Sgr-CMas_044-Ex1-cssl.clmp.r1r2_fastp	36.3545	35.7032	35.9606	35.963	36.0759	36.067	36.0974	36.0878	36.1108	36.0685	36.1202	36.0973	36.0906	36.0619	36.0687	36.0405	36.0553	36.042	36.0317	36.0003	35.9926	35.9588	35.926	35.8972	35.8755	35.8313	35.7945	35.7652	35.7574	35.7193	35.6915	35.673	35.6523	35.6217	35.5874	35.5587	35.4951	35.526	35.5126	35.4893	35.4444	35.4418	35.4178	35.4238	35.3759	35.3728	35.3408	35.3245	35.2905	35.2851	35.2352	35.2473	35.2113	35.2148	35.1821	35.1644	35.1405	35.1529	35.1288	35.1139	35.0875	35.0763	35.0308	35.0196	34.9786	35.0125	34.98	34.942	34.9088	34.9022	34.8667	34.8679	34.8339	34.829	34.8095	34.8038	34.7854	34.8005	34.7486	34.7509	34.7232	34.711	34.6822	34.6556	34.629	34.6195	34.5809	34.605	34.5566	34.5903	34.5751	34.5674	34.56	34.5438	34.5025	34.4934	34.4329	34.4606	34.477	34.499	34.4386	34.4099	34.3926	34.4234	34.393	34.3748	34.3322	34.3475	34.3678	34.336	34.3033	34.325	34.3365	34.3022	34.3559	34.282	34.2599	34.26	34.276	34.2147	34.2306	34.2398	34.2192	34.2401	34.2596	34.2603	34.2489	34.2155	34.1656	34.1608	34.1672	34.1765	34.0983	34.1112	34.0746	34.0296	34.0187	34.0437	34.046	33.9996	33.9249	33.8595	33.7876	33.779	33.7238	33.6641	33.624	33.5746	33.94	35.5181
Sgr-CMas_045-Ex1-cssl.clmp.r1r2_fastp	36.3584	35.7069	35.9514	35.9478	36.0639	36.0431	36.069	36.0606	36.0946	36.0506	36.0761	36.0543	36.0565	36.0288	36.0327	36.0088	36.0186	36.0024	36.0056	35.9737	35.9745	35.9317	35.8933	35.8676	35.8489	35.7971	35.7884	35.7513	35.7332	35.7111	35.6637	35.6494	35.636	35.6019	35.5869	35.5516	35.4962	35.5106	35.503	35.4772	35.4634	35.4318	35.4226	35.3861	35.3873	35.3603	35.3406	35.3067	35.3009	35.2824	35.2696	35.2464	35.2307	35.22	35.2063	35.1728	35.1516	35.1492	35.1381	35.1316	35.0883	35.1007	35.0791	35.0492	35.03	35.0295	35.0117	34.9924	34.9411	34.95	34.931	34.9001	34.8786	34.8865	34.8588	34.856	34.8313	34.8519	34.7942	34.8051	34.7683	34.7565	34.7433	34.7129	34.7047	34.6979	34.6712	34.6609	34.6408	34.6519	34.6154	34.6088	34.6225	34.6083	34.597	34.5644	34.5505	34.5443	34.5349	34.5449	34.515	34.492	34.4878	34.4819	34.4668	34.4761	34.4741	34.438	34.4421	34.438	34.4141	34.411	34.4077	34.4011	34.432	34.4111	34.3787	34.3396	34.3652	34.3406	34.3346	34.3267	34.3277	34.328	34.3683	34.3659	34.3452	34.3251	34.2729	34.2486	34.26	34.27	34.2524	34.2188	34.1552	34.1399	34.1014	34.1477	34.1084	34.1017	34.0129	33.9483	33.904	33.8619	33.7914	33.7702	33.7462	33.7188	34.0461	35.5561
Sgr-CMas_046-Ex1-cssl.clmp.r1r2_fastp	36.4024	35.9663	36.1638	36.1794	36.2934	36.2681	36.3112	36.2952	36.3466	36.2991	36.3282	36.31	36.3487	36.3043	36.3108	36.298	36.3307	36.3029	36.3267	36.3062	36.3122	36.2863	36.2772	36.2391	36.2106	36.2017	36.1949	36.2	36.1754	36.1426	36.1459	36.143	36.1255	36.0891	36.0684	36.0775	36.0577	36.0462	36.032	36.0279	35.9955	35.9635	35.985	35.9864	35.9409	35.9501	35.9415	35.9095	35.9035	35.8897	35.8533	35.8829	35.8586	35.8696	35.8636	35.8297	35.7922	35.8512	35.7832	35.8092	35.7751	35.7994	35.7618	35.7956	35.7468	35.7934	35.7192	35.7733	35.6758	35.7246	35.6778	35.6671	35.6393	35.6734	35.6161	35.6407	35.6257	35.639	35.5973	35.582	35.5867	35.6278	35.5269	35.5463	35.5238	35.5562	35.4908	35.5485	35.5195	35.5402	35.4886	35.507	35.4852	35.4792	35.4329	35.4849	35.4123	35.4775	35.4773	35.4715	35.434	35.4277	35.4025	35.3691	35.3438	35.3862	35.3223	35.3645	35.3305	35.3789	35.299	35.3332	35.2945	35.3895	35.3218	35.3486	35.3244	35.3003	35.2454	35.2714	35.2566	35.249	35.2172	35.2449	35.2656	35.2474	35.2354	35.1777	35.2056	35.1882	35.1896	35.1676	35.1294	35.1818	35.0965	35.0576	35.0094	35.0189	35.0061	34.9778	34.9678	34.8489	34.7635	34.7297	34.7547	34.672	34.6143	34.5926	34.7909	35.8042
Sgr-CMas_047-Ex1-cssl.clmp.r1r2_fastp	36.3655	35.6884	35.9344	35.9328	36.0534	36.0313	36.0554	36.051	36.0828	36.0415	36.081	36.0576	36.0537	36.0262	36.0344	36.0055	36.0275	36.0	36.003	35.9622	35.9805	35.9258	35.9062	35.872	35.8584	35.8125	35.7901	35.7625	35.7426	35.7096	35.6785	35.6556	35.6507	35.6121	35.592	35.5687	35.4998	35.5191	35.5159	35.4939	35.4569	35.4419	35.4221	35.4293	35.3821	35.3755	35.3466	35.3281	35.2991	35.2909	35.2693	35.2676	35.2424	35.2306	35.1915	35.1854	35.1523	35.1583	35.1172	35.1205	35.0733	35.0966	35.05	35.0512	35.0184	35.0316	34.9896	34.989	34.9439	34.9434	34.9183	34.9064	34.8713	34.8751	34.8311	34.8513	34.8138	34.8305	34.7906	34.7861	34.741	34.7613	34.7188	34.715	34.6781	34.6852	34.6467	34.6709	34.6322	34.6426	34.6092	34.5995	34.5846	34.6068	34.5561	34.5513	34.5234	34.5323	34.5123	34.5071	34.5041	34.4756	34.4523	34.4545	34.4273	34.4391	34.4081	34.4163	34.4002	34.3975	34.3765	34.3813	34.3805	34.3738	34.4223	34.4024	34.3688	34.3316	34.3328	34.3341	34.3267	34.3182	34.3217	34.3193	34.351	34.377	34.3266	34.3116	34.2578	34.226	34.2312	34.2441	34.2023	34.1733	34.1496	34.095	34.0939	34.0932	34.1012	34.0452	34.0194	33.9113	33.8906	33.785	33.7772	33.7298	33.7056	33.6791	33.9829	35.5368
Sgr-CMas_048-Ex1-cssl.clmp.r1r2_fastp	36.3851	35.7643	35.9964	35.986	36.1115	36.0905	36.1093	36.099	36.1255	36.0816	36.1262	36.1003	36.1105	36.0718	36.092	36.0555	36.0801	36.0475	36.0569	36.018	36.0352	35.9774	35.9588	35.9025	35.9039	35.8575	35.8373	35.8007	35.7812	35.7474	35.7181	35.6812	35.6921	35.6447	35.6177	35.5962	35.5325	35.5472	35.541	35.4927	35.4794	35.4376	35.4323	35.4269	35.3983	35.3936	35.366	35.3223	35.3341	35.299	35.2906	35.2726	35.2409	35.2234	35.1948	35.1873	35.1366	35.1441	35.116	35.1119	35.0797	35.0693	35.0538	35.0276	34.9889	35.0028	34.962	34.9467	34.8992	34.919	34.916	34.8875	34.8459	34.8442	34.8184	34.8048	34.796	34.7965	34.7503	34.7251	34.7242	34.7125	34.6885	34.6676	34.6531	34.6244	34.6291	34.6366	34.5919	34.6105	34.589	34.5457	34.5435	34.5242	34.511	34.4885	34.4784	34.5162	34.4799	34.4871	34.4648	34.4235	34.4166	34.4215	34.4005	34.393	34.3668	34.3611	34.369	34.3463	34.3414	34.331	34.3383	34.3293	34.3678	34.3429	34.2858	34.2571	34.2461	34.2435	34.235	34.2439	34.2286	34.249	34.2815	34.2728	34.2261	34.2335	34.2039	34.163	34.1769	34.1665	34.1511	34.1023	34.1101	34.031	34.0527	34.036	34.0484	34.0235	33.9647	33.8264	33.8294	33.7558	33.7145	33.6775	33.6467	33.6146	33.9542	35.5297
Sgr-CMas_049-Ex1-cssl.clmp.r1r2_fastp	36.3732	35.7545	35.9569	35.9723	36.0762	36.0725	36.0832	36.0806	36.1005	36.0677	36.1016	36.0887	36.0784	36.0486	36.058	36.045	36.0554	36.0327	36.0308	36.0036	36.0042	35.9675	35.9358	35.9008	35.8883	35.8341	35.8077	35.7932	35.7716	35.7357	35.7135	35.6869	35.6891	35.6578	35.6378	35.6077	35.5414	35.5646	35.5572	35.549	35.5021	35.5023	35.4761	35.4684	35.4492	35.439	35.395	35.3938	35.371	35.365	35.3186	35.3281	35.2952	35.3134	35.2742	35.2676	35.2248	35.2458	35.2079	35.211	35.1892	35.2151	35.1355	35.1572	35.1207	35.1252	35.081	35.0871	35.0227	35.0587	35.0197	34.9989	34.9517	34.9823	34.9298	34.9625	34.9154	34.9328	34.8923	34.9073	34.8619	34.8891	34.8623	34.8453	34.7964	34.8108	34.7747	34.7796	34.7491	34.778	34.7315	34.7478	34.7207	34.7475	34.7018	34.6791	34.6617	34.6738	34.6399	34.6699	34.6663	34.6372	34.6217	34.6246	34.6127	34.6151	34.5874	34.5708	34.5806	34.5841	34.5796	34.5696	34.5826	34.5683	34.5949	34.5601	34.5309	34.4908	34.5152	34.4802	34.4924	34.4727	34.4915	34.4552	34.5253	34.5222	34.49	34.4601	34.4395	34.4013	34.4307	34.4234	34.372	34.3463	34.336	34.2711	34.3038	34.2988	34.3011	34.2762	34.2064	34.0943	34.0911	34.0144	33.9905	33.9252	33.9326	33.8853	34.208	35.6063
Sgr-CMas_050-Ex1-cssl.clmp.r1r2_fastp	36.3682	35.725	35.9591	35.9601	36.0798	36.066	36.0831	36.0829	36.0995	36.0669	36.0963	36.0743	36.0786	36.0487	36.0566	36.0368	36.0457	36.02	36.0236	35.9857	35.9914	35.9489	35.9217	35.8761	35.8664	35.8156	35.7954	35.7608	35.7412	35.6953	35.6681	35.66	35.6394	35.604	35.5698	35.5506	35.4768	35.501	35.4916	35.4739	35.4366	35.4158	35.396	35.3976	35.3581	35.356	35.3126	35.3101	35.2708	35.2698	35.2307	35.2451	35.1916	35.1994	35.159	35.1539	35.1192	35.141	35.0948	35.093	35.0587	35.0773	35.0096	35.0369	34.9684	34.9941	34.9577	34.9443	34.9032	34.9309	34.8882	34.8894	34.8361	34.848	34.8063	34.8252	34.7849	34.8107	34.7366	34.7527	34.7018	34.7282	34.6864	34.6703	34.6334	34.6439	34.5934	34.6189	34.5684	34.6095	34.5764	34.5758	34.5379	34.5798	34.5358	34.5261	34.4749	34.505	34.4701	34.5088	34.465	34.4566	34.4362	34.44	34.4198	34.4235	34.3905	34.3889	34.3755	34.3838	34.3534	34.3566	34.3509	34.3776	34.382	34.3821	34.3164	34.2873	34.2973	34.2756	34.2937	34.2703	34.2857	34.2935	34.3065	34.3404	34.2909	34.2529	34.2178	34.2133	34.2031	34.204	34.1787	34.1265	34.1006	34.0648	34.0517	34.0898	34.0691	34.0214	33.9424	33.893	33.8278	33.7886	33.7254	33.6753	33.6365	33.6274	33.9608	35.5344
Sgr-CMas_052-Ex1-cssl.clmp.r1r2_fastp	36.3892	35.7702	36.0344	36.0173	36.1385	36.1122	36.1403	36.1141	36.1412	36.0991	36.1447	36.1214	36.1338	36.0924	36.1118	36.0937	36.1049	36.0714	36.0835	36.0353	36.0392	35.9902	35.9801	35.9307	35.9333	35.8798	35.8519	35.822	35.8018	35.769	35.7525	35.704	35.695	35.6668	35.6512	35.6109	35.5533	35.5747	35.5649	35.5385	35.505	35.4837	35.4777	35.4515	35.4365	35.4216	35.3793	35.3633	35.3403	35.3271	35.3004	35.3016	35.2649	35.241	35.2385	35.2099	35.172	35.1907	35.1407	35.1204	35.1031	35.1143	35.0747	35.0558	35.0161	35.0271	34.9881	34.9794	34.9329	34.9414	34.9108	34.9038	34.8439	34.8503	34.839	34.847	34.8258	34.8107	34.7659	34.7562	34.7296	34.7361	34.7129	34.683	34.6684	34.6334	34.6219	34.6045	34.5845	34.6121	34.5667	34.5842	34.5544	34.588	34.5021	34.5157	34.4786	34.4974	34.4704	34.4798	34.4731	34.456	34.4064	34.4437	34.3818	34.4317	34.3943	34.3806	34.3816	34.3559	34.3353	34.3319	34.3149	34.3288	34.3685	34.3478	34.3071	34.2402	34.2718	34.2233	34.2464	34.2009	34.2162	34.2162	34.2726	34.2526	34.2699	34.2214	34.1632	34.1121	34.1702	34.1148	34.0917	34.0723	34.0542	33.9872	33.9842	34.0013	33.9998	33.9369	33.8941	33.8195	33.754	33.6753	33.6425	33.595	33.5576	33.5337	33.8991	35.5046
Sgr-CMas_054-Ex1-cssl.clmp.r1r2_fastp	36.3659	35.7433	36.0262	36.0193	36.1364	36.1135	36.1328	36.1144	36.1511	36.1037	36.155	36.1135	36.1272	36.0897	36.1046	36.0865	36.1012	36.0622	36.0755	36.0406	36.0518	35.991	35.9821	35.927	35.9175	35.8671	35.8471	35.8142	35.7844	35.7603	35.7247	35.7027	35.6966	35.6545	35.6447	35.6074	35.5413	35.554	35.5415	35.5388	35.4881	35.4901	35.4546	35.4528	35.4167	35.403	35.3637	35.343	35.3136	35.313	35.2904	35.3008	35.2508	35.2615	35.2266	35.2031	35.1696	35.1999	35.1382	35.1225	35.0991	35.1314	35.0791	35.07	35.0367	35.0582	35.0088	34.9878	34.938	34.9608	34.9223	34.9297	34.8733	34.8996	34.8514	34.8729	34.8321	34.8568	34.7841	34.7872	34.7277	34.7645	34.7183	34.714	34.6779	34.695	34.6549	34.6519	34.6301	34.6378	34.6075	34.6152	34.5783	34.6203	34.5798	34.5633	34.529	34.5439	34.5245	34.5321	34.5171	34.4854	34.4666	34.4772	34.4719	34.464	34.46	34.426	34.4297	34.4273	34.3933	34.3697	34.3854	34.3971	34.4133	34.3978	34.3722	34.3494	34.3295	34.3138	34.3044	34.3323	34.3015	34.3025	34.3503	34.3388	34.3203	34.3041	34.2438	34.2171	34.2056	34.2094	34.1706	34.1537	34.1259	34.0897	34.0711	34.0852	34.0812	34.0479	33.9916	33.8827	33.8353	33.7858	33.7474	33.7133	33.6413	33.663	34.0101	35.532
Sgr-CMas_055-Ex1-cssl.clmp.r1r2_fastp	36.4238	35.9425	36.161	36.1635	36.2709	36.2514	36.2714	36.2423	36.2827	36.2807	36.2993	36.2661	36.2809	36.2729	36.2399	36.2625	36.266	36.2609	36.261	36.2183	36.2649	36.197	36.1834	36.1551	36.1344	36.1149	36.1153	36.0834	36.1072	36.055	36.0617	35.9959	35.9849	36.0099	35.9062	35.9551	35.9044	35.9321	35.9065	35.9023	35.8983	35.8041	35.8317	35.8218	35.8125	35.8024	35.7725	35.7284	35.7724	35.6982	35.7072	35.7155	35.7172	35.6745	35.6661	35.6466	35.587	35.5847	35.594	35.5684	35.5962	35.6001	35.5548	35.5351	35.5209	35.524	35.4779	35.5074	35.4655	35.4563	35.4936	35.438	35.4068	35.4517	35.3415	35.3733	35.3911	35.413	35.329	35.4044	35.3046	35.3681	35.3027	35.3588	35.2224	35.3169	35.175	35.2126	35.2309	35.2041	35.1799	35.2639	35.1787	35.1823	35.2038	35.1852	35.1207	35.1805	35.1444	35.1485	35.1619	35.1802	35.1286	35.1548	35.0936	35.1961	35.0957	35.1855	35.0696	35.0791	35.0464	35.1001	35.0502	34.9773	35.0815	35.0702	35.0007	34.9794	34.981	34.9706	34.8503	34.9917	34.9678	34.9192	34.9526	34.9947	34.9444	35.0111	34.8566	34.8998	34.8143	34.7384	34.7572	34.8293	34.7327	34.6715	34.6906	34.7041	34.7921	34.7195	34.5178	34.5989	34.4224	34.4469	34.2595	34.367	34.3024	34.294	34.5655	35.7029
Sgr-CMas_056-Ex1-cssl.clmp.r1r2_fastp	36.3675	35.7586	35.9626	35.9709	36.0979	36.076	36.0938	36.0882	36.1163	36.0851	36.1087	36.0942	36.0927	36.0689	36.0756	36.0416	36.0609	36.0455	36.0571	36.0096	36.0199	35.9689	35.9537	35.9146	35.9089	35.8488	35.8325	35.7966	35.8051	35.7494	35.7293	35.717	35.7043	35.6576	35.6493	35.6348	35.5833	35.5847	35.5898	35.5741	35.546	35.5336	35.4809	35.4895	35.4571	35.4502	35.4184	35.3859	35.3603	35.3666	35.3255	35.3404	35.2848	35.2925	35.254	35.2474	35.1997	35.2291	35.1807	35.1832	35.1388	35.1468	35.1165	35.1023	35.0872	35.095	35.0361	35.0489	34.9885	35.0118	34.9835	34.9687	34.9202	34.9429	34.9057	34.9098	34.8479	34.8749	34.8434	34.8253	34.8054	34.8178	34.7445	34.7821	34.7256	34.7323	34.7021	34.7252	34.6708	34.7133	34.6689	34.6553	34.654	34.6527	34.6182	34.6038	34.556	34.5703	34.5748	34.5717	34.5463	34.5455	34.494	34.4968	34.4836	34.5035	34.4893	34.4662	34.4605	34.4841	34.4445	34.4449	34.4405	34.4737	34.4657	34.4603	34.4	34.3819	34.3644	34.3414	34.3838	34.3593	34.3663	34.3358	34.3739	34.4111	34.3618	34.3606	34.3011	34.2704	34.269	34.3066	34.2337	34.2141	34.1752	34.1516	34.1568	34.1891	34.11	34.0854	34.0285	33.9404	33.9043	33.8506	33.8232	33.7518	33.7193	33.7033	34.0594	35.5609
Sgr-CMas_057-Ex1-cssl.clmp.r1r2_fastp	36.3652	35.7522	36.0215	36.0094	36.1364	36.1079	36.1447	36.1154	36.1548	36.0916	36.1397	36.1115	36.119	36.0846	36.1056	36.0755	36.0962	36.0641	36.0749	36.0269	36.0378	35.9949	35.9792	35.9299	35.9281	35.8525	35.8501	35.8068	35.7938	35.7546	35.7403	35.6986	35.6978	35.6505	35.6535	35.5917	35.5565	35.5563	35.5722	35.5054	35.5045	35.4756	35.4673	35.4397	35.4329	35.3969	35.4083	35.3599	35.3743	35.3241	35.3183	35.2997	35.2877	35.269	35.2329	35.2272	35.2046	35.1606	35.1768	35.1447	35.128	35.1029	35.1002	35.0696	35.0549	35.0334	35.0151	34.9905	34.9812	34.9476	34.9469	34.9209	34.9102	34.8924	34.8776	34.8726	34.8651	34.8342	34.8001	34.7816	34.7903	34.7634	34.7481	34.7119	34.7341	34.7028	34.657	34.6691	34.6517	34.6483	34.6368	34.5844	34.6012	34.5985	34.5781	34.5177	34.5366	34.5104	34.5253	34.534	34.4955	34.4592	34.4748	34.4627	34.4397	34.4418	34.4459	34.4004	34.424	34.3829	34.3866	34.373	34.3801	34.3821	34.3991	34.389	34.3328	34.307	34.3069	34.2855	34.3011	34.2952	34.2629	34.2529	34.2854	34.3048	34.2598	34.2778	34.2131	34.1962	34.1991	34.1656	34.1666	34.1116	34.0772	34.0876	34.0424	34.0614	34.0272	34.0247	33.9237	33.8775	33.8175	33.7464	33.7022	33.6532	33.5996	33.623	33.9375	35.531
Sgr-CMas_058-Ex1-cssl.clmp.r1r2_fastp	36.3726	35.7374	35.968	35.968	36.0849	36.0703	36.0886	36.0854	36.1021	36.0709	36.0973	36.0755	36.0853	36.0585	36.0589	36.0396	36.0544	36.0242	36.0317	35.9888	35.9996	35.951	35.9355	35.8896	35.8874	35.8232	35.8098	35.7806	35.7656	35.7258	35.6955	35.681	35.6542	35.6267	35.6122	35.5786	35.5232	35.5295	35.5169	35.4991	35.474	35.4542	35.4394	35.4185	35.3861	35.3798	35.3296	35.3236	35.3137	35.3059	35.2685	35.2779	35.232	35.2468	35.2061	35.1944	35.1607	35.1613	35.1217	35.1078	35.0811	35.0939	35.0377	35.0637	35.0213	35.0159	34.9792	34.9729	34.9264	34.9435	34.9171	34.8973	34.8686	34.8744	34.8356	34.8593	34.8305	34.8252	34.7826	34.7865	34.7423	34.7494	34.7248	34.7157	34.6827	34.6818	34.6486	34.6659	34.6277	34.6467	34.6104	34.6096	34.5741	34.6012	34.5667	34.5594	34.5017	34.5219	34.5176	34.5292	34.5132	34.4687	34.4602	34.4749	34.4508	34.4503	34.4222	34.4182	34.4353	34.4297	34.3962	34.3976	34.3853	34.3964	34.4194	34.4117	34.3486	34.347	34.3452	34.3297	34.3324	34.3168	34.318	34.3192	34.3389	34.3524	34.3088	34.3177	34.2519	34.2363	34.246	34.2428	34.2199	34.1766	34.1582	34.1013	34.109	34.1147	34.1193	34.0469	34.0192	33.9222	33.8839	33.8314	33.7788	33.7221	33.6923	33.7073	34.0149	35.5497
Sgr-CMas_059-Ex1-cssl.clmp.r1r2_fastp	36.3965	35.8323	36.0557	36.0432	36.1536	36.1363	36.1542	36.1574	36.1868	36.1441	36.1698	36.1518	36.1571	36.1294	36.1309	36.1121	36.1297	36.1072	36.105	36.0741	36.0858	36.0459	36.0258	35.9751	35.9667	35.912	35.906	35.8667	35.8539	35.8044	35.7878	35.7558	35.7474	35.7019	35.6923	35.6462	35.6111	35.6153	35.6103	35.5693	35.5657	35.5378	35.5274	35.5042	35.4818	35.4736	35.4417	35.4123	35.3879	35.3891	35.3481	35.3683	35.3162	35.3353	35.2554	35.2773	35.2348	35.2183	35.1919	35.1946	35.1463	35.1724	35.1158	35.1192	35.0806	35.0864	35.039	35.0337	34.9861	34.9919	34.9714	34.9566	34.9425	34.9461	34.877	34.9009	34.8684	34.8844	34.8219	34.8269	34.7984	34.8137	34.7653	34.7424	34.7201	34.7279	34.6804	34.6743	34.668	34.677	34.6224	34.6311	34.6085	34.6283	34.5752	34.5342	34.5232	34.5373	34.519	34.5389	34.5106	34.5046	34.4604	34.4724	34.4574	34.46	34.4336	34.4117	34.4124	34.4307	34.3781	34.379	34.3995	34.3738	34.3888	34.3972	34.3718	34.2845	34.3107	34.2713	34.3072	34.2592	34.2997	34.2656	34.3196	34.316	34.2848	34.2481	34.2291	34.1659	34.216	34.1824	34.1733	34.1255	34.0944	34.0531	34.0442	34.0439	34.0744	33.9765	33.9534	33.8728	33.8413	33.7081	33.685	33.6886	33.6365	33.6346	33.9285	35.5102
Sgr-CMas_061-Ex1-cssl.clmp.r1r2_fastp	36.4056	35.8522	36.0512	36.0595	36.1601	36.1479	36.1539	36.1601	36.1871	36.1528	36.1712	36.1535	36.1575	36.1302	36.1352	36.119	36.1295	36.1156	36.105	36.0805	36.0786	36.0418	36.0159	35.9814	35.9621	35.9131	35.8952	35.873	35.8409	35.8128	35.7805	35.7773	35.7463	35.7342	35.6833	35.6848	35.5948	35.6234	35.6176	35.6042	35.5651	35.5545	35.5094	35.5246	35.4833	35.4843	35.4487	35.4441	35.4121	35.4207	35.3593	35.3937	35.3353	35.341	35.3061	35.3116	35.2721	35.2847	35.2246	35.2488	35.207	35.2242	35.1771	35.1954	35.1483	35.164	35.1153	35.1194	35.0722	35.102	35.0547	35.053	34.9926	35.0102	34.9816	34.9992	34.9679	34.9785	34.9408	34.9306	34.903	34.9166	34.8603	34.8745	34.8242	34.8349	34.7913	34.8046	34.7709	34.8109	34.7721	34.7796	34.7477	34.7726	34.7076	34.7089	34.661	34.6745	34.6687	34.711	34.6596	34.66	34.6246	34.6389	34.6005	34.6356	34.5732	34.5889	34.5726	34.579	34.5534	34.5534	34.541	34.5461	34.5715	34.5658	34.493	34.5034	34.4879	34.4832	34.4757	34.4776	34.4565	34.4738	34.5055	34.5143	34.4806	34.483	34.4116	34.3895	34.3792	34.4159	34.3686	34.3468	34.3005	34.2584	34.2578	34.2586	34.2451	34.2092	34.1368	34.0983	34.0642	33.9998	33.9499	33.8952	33.8821	33.8644	34.1559	35.5935
Sgr-CMas_062-Ex1-cssl.clmp.r1r2_fastp	36.3811	35.7769	36.0133	36.0077	36.1206	36.0997	36.1221	36.1116	36.1446	36.0981	36.1359	36.118	36.1217	36.0868	36.0929	36.0737	36.0839	36.0672	36.0626	36.0264	36.0391	35.9918	35.964	35.9295	35.9231	35.8727	35.8503	35.8166	35.804	35.7759	35.7378	35.7141	35.7065	35.6733	35.6505	35.6233	35.5597	35.5719	35.5747	35.5562	35.5314	35.5012	35.4813	35.4608	35.4323	35.4385	35.404	35.382	35.3492	35.3535	35.3228	35.3208	35.2752	35.2872	35.2525	35.2446	35.2091	35.2157	35.1797	35.1614	35.1452	35.1743	35.1152	35.1077	35.0685	35.0867	35.0557	35.0379	35.0004	35.0116	34.9992	34.9699	34.9226	34.9347	34.9044	34.914	34.9018	34.9109	34.847	34.8691	34.8247	34.8395	34.7938	34.7844	34.7604	34.7549	34.7081	34.7329	34.6866	34.7355	34.6699	34.68	34.6623	34.708	34.6226	34.6264	34.5797	34.6041	34.5921	34.6047	34.5848	34.576	34.5463	34.5336	34.547	34.5447	34.477	34.4993	34.5021	34.5051	34.4656	34.4872	34.4794	34.4932	34.5052	34.4968	34.4345	34.4069	34.4014	34.3943	34.3864	34.392	34.4028	34.4081	34.4335	34.4596	34.4106	34.3905	34.3425	34.2965	34.2986	34.3272	34.3063	34.2618	34.227	34.1979	34.1811	34.1702	34.1947	34.1014	34.0716	33.9887	33.9651	33.9008	33.8508	33.798	33.7926	33.7508	34.1042	35.5677
Sgr-CMas_063-Ex1-cssl.clmp.r1r2_fastp	36.3616	35.703	35.9131	35.9242	36.0307	36.0265	36.0447	36.0404	36.0651	36.0175	36.0542	36.038	36.0455	36.0075	36.0185	35.9879	36.0049	35.9804	35.9844	35.9489	35.956	35.9122	35.8854	35.8461	35.8413	35.7757	35.7611	35.7335	35.7149	35.6798	35.6683	35.6386	35.6227	35.5893	35.5759	35.5478	35.4701	35.4978	35.4961	35.4757	35.4402	35.4261	35.4169	35.4028	35.3678	35.3653	35.3271	35.3135	35.2813	35.2822	35.2402	35.2637	35.2071	35.215	35.1819	35.1768	35.1389	35.1518	35.118	35.1069	35.0708	35.0919	35.0442	35.0488	34.998	35.0187	34.971	34.9765	34.9245	34.9501	34.9068	34.9017	34.8562	34.8796	34.8207	34.8493	34.815	34.8266	34.7681	34.7785	34.7457	34.7697	34.7094	34.7198	34.6794	34.6843	34.6405	34.6691	34.6262	34.6594	34.6212	34.6118	34.5801	34.6166	34.5637	34.5559	34.5163	34.5485	34.5126	34.5446	34.5186	34.4983	34.4819	34.4794	34.4705	34.4607	34.459	34.4429	34.4484	34.4403	34.4235	34.4282	34.422	34.4141	34.4553	34.4283	34.3858	34.3558	34.3728	34.3462	34.36	34.3402	34.3396	34.3427	34.3849	34.389	34.3604	34.3309	34.2913	34.2489	34.2909	34.2729	34.2526	34.2247	34.1886	34.1567	34.1613	34.156	34.1379	34.109	34.022	33.9414	33.9346	33.8623	33.8407	33.7981	33.7603	33.7452	34.0625	35.5578
Sgr-CMas_065-Ex1-cssl.clmp.r1r2_fastp	36.3912	35.5927	35.8983	35.9111	36.0681	36.0303	36.0813	36.0706	36.1283	36.0612	36.1038	36.0672	36.0943	36.0546	36.065	36.0308	36.0553	36.0202	36.0355	35.997	36.0107	35.9609	35.9387	35.8759	35.8907	35.8159	35.8106	35.7716	35.7601	35.7102	35.7185	35.6771	35.6776	35.6187	35.6248	35.5848	35.5439	35.5006	35.5403	35.5021	35.5146	35.4467	35.4648	35.4204	35.4285	35.3629	35.3715	35.3344	35.3419	35.2894	35.3019	35.2703	35.2755	35.2451	35.2487	35.2124	35.189	35.1657	35.1599	35.1127	35.1065	35.1091	35.0728	35.0725	35.0554	35.0426	35.0284	35.0044	34.9926	34.9865	34.9785	34.926	34.9235	34.8948	34.8866	34.8705	34.8596	34.8417	34.8304	34.8014	34.7966	34.8084	34.7951	34.7549	34.7273	34.7028	34.6882	34.7102	34.696	34.6819	34.6663	34.6336	34.645	34.6399	34.639	34.5827	34.5512	34.5567	34.5679	34.5726	34.5672	34.5142	34.5232	34.5169	34.469	34.5074	34.4752	34.4613	34.4853	34.4724	34.4441	34.4315	34.4296	34.4351	34.4635	34.4361	34.389	34.3729	34.382	34.3654	34.3763	34.3746	34.3566	34.3559	34.4026	34.3994	34.3539	34.392	34.2996	34.2923	34.2766	34.2499	34.2811	34.2469	34.1743	34.1607	34.1517	34.186	34.1403	34.0764	34.02	33.9325	33.9154	33.8549	33.8028	33.7682	33.7235	33.7705	34.0266	35.5426
Sgr-CMas_067-Ex1-cssl.clmp.r1r2_fastp	36.3742	35.7466	35.9707	35.9601	36.0864	36.0707	36.0948	36.0903	36.1131	36.0771	36.1119	36.0897	36.0894	36.0543	36.0582	36.0315	36.0625	36.0332	36.0353	36.0034	36.0015	35.9626	35.9425	35.8982	35.8991	35.8473	35.8106	35.7808	35.7767	35.7379	35.7108	35.693	35.6836	35.6438	35.6217	35.6046	35.5196	35.5453	35.536	35.5123	35.4866	35.4673	35.4363	35.4433	35.4108	35.4073	35.3557	35.3514	35.2956	35.3219	35.2655	35.2928	35.2432	35.2566	35.2028	35.2141	35.1753	35.1798	35.1218	35.113	35.0843	35.1232	35.0594	35.067	35.019	35.0367	34.9906	34.9929	34.9243	34.9641	34.9234	34.9252	34.8646	34.8741	34.8284	34.8556	34.8198	34.8398	34.7615	34.7786	34.7478	34.7501	34.7116	34.7003	34.6582	34.6704	34.606	34.6315	34.5914	34.608	34.5736	34.5821	34.5617	34.58	34.5288	34.5253	34.4826	34.489	34.4863	34.5139	34.5083	34.4431	34.4486	34.4429	34.4305	34.3927	34.4022	34.396	34.4009	34.3829	34.362	34.375	34.3765	34.3569	34.366	34.3569	34.3201	34.2782	34.2785	34.2623	34.2431	34.2879	34.2517	34.2935	34.2896	34.3127	34.2637	34.2601	34.173	34.1663	34.1621	34.1915	34.1317	34.1004	34.0686	34.0706	34.0429	34.049	34.021	34.0768	33.9303	33.8566	33.8089	33.7565	33.6842	33.6596	33.6189	33.627	33.9413	35.5315
Sgr-CMas_069-Ex1-cssl.clmp.r1r2_fastp	36.3708	35.7601	35.9953	35.9947	36.109	36.0912	36.1226	36.1157	36.1436	36.1038	36.1442	36.1194	36.1287	36.0959	36.1052	36.0807	36.1054	36.0802	36.0809	36.0344	36.0576	36.0058	35.9818	35.9453	35.9291	35.8768	35.8522	35.826	35.8053	35.7724	35.7319	35.713	35.6932	35.6729	35.6421	35.625	35.5528	35.5856	35.5563	35.5644	35.5234	35.4932	35.467	35.4618	35.434	35.4132	35.4054	35.3852	35.3598	35.3447	35.3063	35.321	35.2672	35.2583	35.2375	35.239	35.1864	35.1948	35.1629	35.1357	35.0942	35.1292	35.0948	35.0762	35.0371	35.0582	34.9963	35.0201	34.947	34.9729	34.9221	34.9263	34.8855	34.9081	34.8575	34.8782	34.8419	34.8584	34.824	34.8183	34.7841	34.7882	34.7536	34.7436	34.715	34.6954	34.6584	34.6861	34.6656	34.6666	34.6435	34.6276	34.6013	34.6258	34.5843	34.5701	34.5507	34.5741	34.5112	34.5569	34.5248	34.5085	34.4793	34.5131	34.4674	34.4766	34.4362	34.4723	34.4584	34.4422	34.4223	34.4402	34.3978	34.4021	34.4355	34.4147	34.3804	34.3383	34.339	34.33	34.3073	34.3101	34.3134	34.3206	34.3342	34.343	34.3206	34.3255	34.2413	34.2322	34.2262	34.2497	34.1858	34.1688	34.1363	34.0974	34.0942	34.1104	34.1086	34.0607	34.0275	33.9237	33.9084	33.8284	33.7828	33.7382	33.7084	33.7094	34.028	35.5736
Sgr-CMas_071-Ex1-cssl.clmp.r1r2_fastp	36.3641	35.7321	35.9667	35.9717	36.0886	36.0716	36.087	36.0825	36.1123	36.077	36.1085	36.0848	36.0906	36.0531	36.0653	36.0507	36.0664	36.0372	36.0415	35.9994	35.9911	35.9787	35.9364	35.8923	35.8703	35.842	35.826	35.7814	35.7692	35.7315	35.6981	35.6743	35.6595	35.6351	35.6237	35.5769	35.5103	35.5366	35.5337	35.4993	35.4855	35.4528	35.4406	35.4189	35.4147	35.4022	35.3527	35.3349	35.3156	35.3193	35.2986	35.2753	35.2301	35.2513	35.2155	35.2077	35.1693	35.171	35.1335	35.123	35.0942	35.1148	35.0599	35.0604	35.0148	35.0458	34.9991	34.9968	34.9533	34.9902	34.9109	34.9135	34.878	34.879	34.8605	34.8537	34.8287	34.8289	34.7857	34.7844	34.7621	34.7773	34.7299	34.7103	34.7045	34.6879	34.6638	34.6613	34.6074	34.6429	34.6086	34.6101	34.5986	34.6091	34.5747	34.5519	34.5241	34.5261	34.5509	34.5589	34.5361	34.5129	34.4839	34.4992	34.4728	34.4783	34.4584	34.4517	34.44	34.4436	34.4114	34.4127	34.4004	34.3937	34.4644	34.4092	34.4063	34.3655	34.3636	34.3492	34.331	34.3344	34.3272	34.3308	34.3588	34.3578	34.3491	34.3089	34.2679	34.2506	34.243	34.2452	34.2061	34.1951	34.1455	34.0881	34.0903	34.103	34.0941	34.0869	33.9974	33.9246	33.8851	33.7991	33.7751	33.7521	33.7036	33.6823	34.0339	35.5616
Sgr-CMas_074-Ex1-cssl.clmp.r1r2_fastp	36.3937	35.8202	36.053	36.0552	36.1662	36.1441	36.1736	36.1587	36.1771	36.1411	36.1787	36.1589	36.1579	36.1266	36.1447	36.1222	36.1359	36.1142	36.1115	36.0826	36.0789	36.0454	36.0075	35.9762	35.9709	35.9206	35.9083	35.8768	35.8484	35.8209	35.7732	35.7729	35.7382	35.7039	35.6823	35.6676	35.5918	35.6073	35.6099	35.577	35.5296	35.536	35.5141	35.4935	35.4605	35.4494	35.427	35.4229	35.3924	35.3785	35.3497	35.3673	35.324	35.3238	35.2831	35.2779	35.2377	35.2356	35.2017	35.2011	35.1617	35.1979	35.1285	35.1383	35.0948	35.1147	35.073	35.0658	35.008	35.0359	34.9798	34.9669	34.9482	34.9505	34.909	34.9398	34.893	34.9072	34.8449	34.8419	34.8187	34.8323	34.7906	34.7918	34.759	34.7526	34.7059	34.7302	34.689	34.7147	34.6704	34.6726	34.6809	34.6779	34.65	34.6061	34.5932	34.6067	34.5819	34.6073	34.5776	34.5507	34.5438	34.5272	34.5372	34.5193	34.5041	34.5122	34.4776	34.498	34.4488	34.4486	34.4452	34.4631	34.4692	34.4791	34.4296	34.4248	34.4076	34.3832	34.3904	34.3688	34.3567	34.3776	34.4102	34.4307	34.3715	34.3734	34.3272	34.279	34.2935	34.286	34.2477	34.2366	34.2216	34.1639	34.1451	34.1735	34.1273	34.1208	34.054	33.9842	33.9358	33.8801	33.823	33.7726	33.7333	33.7279	34.056	35.5563
Sgr-CMas_077-Ex1-cssl.clmp.r1r2_fastp	36.3701	35.7325	35.9387	35.9442	36.0566	36.04	36.0583	36.0528	36.0799	36.0376	36.076	36.0544	36.058	36.0221	36.0276	36.01	36.0223	36.0003	35.9923	35.9661	35.9726	35.9357	35.9058	35.8638	35.8506	35.796	35.7696	35.742	35.7257	35.7047	35.6715	35.6635	35.6334	35.6035	35.5786	35.5625	35.4978	35.517	35.5082	35.4953	35.4557	35.4271	35.4226	35.4164	35.382	35.3903	35.3465	35.3324	35.3015	35.2971	35.272	35.2783	35.2281	35.2499	35.2061	35.2055	35.1534	35.1712	35.1389	35.1361	35.1049	35.1131	35.067	35.0719	35.044	35.0527	35.0022	35.0041	34.9571	34.9828	34.9462	34.9348	34.9068	34.9111	34.8699	34.8935	34.847	34.8954	34.8245	34.8347	34.7978	34.8084	34.7794	34.7674	34.7174	34.7304	34.6965	34.7313	34.6886	34.7152	34.661	34.6754	34.6419	34.6674	34.61	34.6118	34.5884	34.5971	34.5826	34.5879	34.5742	34.5518	34.5353	34.5237	34.4911	34.5204	34.4781	34.4925	34.4905	34.491	34.4626	34.4447	34.4585	34.4644	34.4801	34.4468	34.4173	34.4004	34.3939	34.3803	34.3823	34.3706	34.3977	34.3718	34.4012	34.4367	34.3959	34.3692	34.3141	34.2964	34.3116	34.3251	34.2887	34.2504	34.2412	34.1652	34.1863	34.1798	34.1839	34.1435	34.0703	33.9955	33.9664	33.9	33.8609	33.8255	33.7851	33.7691	34.0936	35.5756
Sgr-CMas_083-Ex1-cssl.clmp.r1r2_fastp	36.3693	35.7447	35.9816	35.975	36.0918	36.0803	36.0996	36.0834	36.1173	36.072	36.1008	36.0869	36.094	36.0529	36.0636	36.0445	36.0646	36.0324	36.0295	35.9926	36.0096	35.9571	35.932	35.8786	35.8847	35.828	35.8124	35.7768	35.7504	35.7128	35.6996	35.6588	35.6435	35.5968	35.5999	35.5709	35.5096	35.4995	35.5226	35.4846	35.4566	35.4337	35.4203	35.3935	35.3847	35.3619	35.3272	35.2904	35.2923	35.2665	35.2501	35.2571	35.2141	35.219	35.1663	35.1553	35.1348	35.1323	35.0971	35.0814	35.0484	35.0755	35.021	35.0156	34.9992	34.9675	34.9492	34.9587	34.9131	34.9174	34.8941	34.8683	34.8386	34.8311	34.8044	34.8074	34.7854	34.7987	34.7478	34.7531	34.7202	34.7423	34.6982	34.6991	34.6438	34.6581	34.6044	34.6196	34.5945	34.6272	34.5825	34.5686	34.5386	34.5663	34.5331	34.5065	34.4627	34.5022	34.4937	34.4852	34.4687	34.4489	34.4208	34.4404	34.4083	34.4329	34.4062	34.402	34.3953	34.3848	34.3694	34.3517	34.3687	34.3703	34.3786	34.3877	34.3304	34.3183	34.3173	34.2895	34.2891	34.2909	34.2987	34.269	34.317	34.3049	34.2696	34.2795	34.2367	34.1729	34.21	34.197	34.1571	34.1407	34.1182	34.0717	34.0571	34.0755	34.0502	34.0212	33.9522	33.858	33.8577	33.7591	33.7395	33.6741	33.6848	33.6095	33.9756	35.5367
Sgr-CMas_090-Ex1-cssl.clmp.r1r2_fastp	36.3276	35.6613	35.9697	35.9612	36.0961	36.0623	36.0929	36.0755	36.1111	36.0557	36.1052	36.0792	36.0957	36.055	36.0798	36.0393	36.0735	36.0382	36.041	35.9996	36.0144	35.964	35.9528	35.8989	35.8943	35.8314	35.8245	35.7883	35.7838	35.7273	35.7233	35.6842	35.6729	35.6377	35.612	35.5829	35.5285	35.5403	35.5589	35.5208	35.4951	35.4699	35.4706	35.4332	35.4328	35.4053	35.384	35.3555	35.335	35.3185	35.2939	35.3008	35.2623	35.2472	35.2419	35.2062	35.1923	35.1849	35.1519	35.1315	35.1211	35.1085	35.0847	35.0674	35.0495	35.0231	35.004	34.9924	34.9557	34.9533	34.941	34.9314	34.9026	34.8847	34.8735	34.8739	34.8388	34.8475	34.8084	34.786	34.7542	34.7568	34.7613	34.7043	34.6918	34.6705	34.6499	34.6654	34.6272	34.615	34.6115	34.5765	34.5761	34.5919	34.5869	34.5455	34.5079	34.5282	34.491	34.5158	34.51	34.4482	34.4364	34.4456	34.4236	34.4343	34.4171	34.3931	34.3844	34.3957	34.367	34.3609	34.3623	34.3388	34.3888	34.359	34.3398	34.2957	34.3222	34.232	34.2684	34.2458	34.2715	34.225	34.2829	34.2957	34.261	34.2309	34.1885	34.1265	34.1861	34.1544	34.1165	34.0778	34.0626	34.0276	33.9915	34.0482	34.0003	33.979	33.9049	33.835	33.7753	33.7102	33.6867	33.6441	33.5781	33.5915	33.9418	35.5138
Sgr-CMas_091-Ex1-cssl.clmp.r1r2_fastp	36.3878	35.7911	35.9686	35.9811	36.0827	36.0801	36.084	36.0898	36.106	36.0818	36.0995	36.0776	36.0795	36.0605	36.0622	36.0503	36.0554	36.0419	36.0348	36.0119	36.0135	35.9789	35.9455	35.9195	35.9022	35.8582	35.8325	35.8112	35.7901	35.7665	35.7331	35.7227	35.7026	35.6788	35.6525	35.6388	35.5637	35.6002	35.5726	35.5698	35.5256	35.5231	35.4968	35.499	35.4634	35.4688	35.4233	35.4305	35.3934	35.4018	35.3568	35.3781	35.3242	35.3455	35.2967	35.3095	35.262	35.286	35.2378	35.2426	35.1958	35.2301	35.1694	35.1869	35.1341	35.1595	35.1206	35.1277	35.067	35.0887	35.054	35.055	35.0028	35.0245	34.9753	34.9988	34.9587	34.9804	34.9206	34.9316	34.8935	34.9071	34.8683	34.8614	34.8282	34.8267	34.7919	34.8107	34.7741	34.8005	34.763	34.757	34.7299	34.7567	34.7153	34.6928	34.6651	34.6757	34.6646	34.6719	34.6534	34.6331	34.6046	34.6209	34.587	34.587	34.5734	34.5532	34.551	34.5552	34.5283	34.5205	34.5225	34.5192	34.5447	34.5217	34.4849	34.4499	34.4615	34.4232	34.4324	34.4242	34.4244	34.4241	34.4529	34.4586	34.4173	34.4092	34.3692	34.3278	34.3392	34.3347	34.3055	34.2746	34.2558	34.2097	34.2033	34.2062	34.2051	34.1515	34.1012	34.0143	33.9907	33.9259	33.884	33.8418	33.8249	33.7964	34.106	35.5731
Sgr-CMas_092-Ex1-cssl.clmp.r1r2_fastp	36.4149	35.8901	36.0841	36.0898	36.1923	36.1857	36.1988	36.2002	36.2226	36.1872	36.2099	36.1913	36.1965	36.1749	36.1608	36.1513	36.1732	36.1377	36.1346	36.1077	36.1222	36.0848	36.0453	36.0131	35.9971	35.9634	35.9498	35.903	35.878	35.8519	35.8182	35.7903	35.7767	35.7557	35.7229	35.677	35.6376	35.6521	35.6341	35.5934	35.5927	35.561	35.5597	35.5305	35.4932	35.485	35.4482	35.4509	35.4164	35.4149	35.3817	35.3785	35.3421	35.3465	35.3075	35.2993	35.2804	35.26	35.2148	35.2143	35.1594	35.1919	35.1386	35.165	35.0957	35.1263	35.0908	35.0909	35.0234	35.0265	34.9933	34.9759	34.9389	34.9491	34.9149	34.9258	34.917	34.9264	34.8624	34.8733	34.8438	34.8057	34.8061	34.7871	34.7474	34.7245	34.7071	34.6728	34.6578	34.7184	34.66	34.6707	34.6155	34.6567	34.5961	34.6175	34.5524	34.6108	34.5597	34.6133	34.5491	34.5417	34.4866	34.5405	34.4368	34.4786	34.469	34.4624	34.4353	34.4797	34.4494	34.4132	34.4421	34.4301	34.4807	34.4387	34.3749	34.3813	34.3809	34.3494	34.3395	34.3622	34.3379	34.3421	34.3655	34.3846	34.3293	34.333	34.2731	34.2364	34.2585	34.2643	34.2056	34.1684	34.1725	34.1355	34.102	34.0926	34.1064	34.0572	33.9939	33.9203	33.8812	33.7718	33.7447	33.6936	33.7076	33.6678	34.049	35.5445
Sgr-CMvi_001-Ex1-cssl.clmp.r1r2_fastp	36.3565	35.7077	35.961	35.9482	36.0748	36.0623	36.0805	36.0711	36.1068	36.0703	36.106	36.0854	36.0861	36.0489	36.0594	36.0261	36.0575	36.0231	36.0284	35.9817	36.0042	35.9565	35.9322	35.8819	35.8795	35.8302	35.8151	35.7809	35.77	35.7288	35.702	35.6776	35.6668	35.6176	35.6144	35.581	35.5327	35.5395	35.5318	35.5166	35.4769	35.4473	35.4562	35.4407	35.4194	35.3896	35.3653	35.3304	35.3347	35.2944	35.2998	35.2834	35.2462	35.2458	35.2168	35.2296	35.1938	35.1916	35.167	35.1659	35.1221	35.1346	35.0775	35.1079	35.0405	35.0537	34.9941	35.003	34.9728	34.9661	34.958	34.9337	34.9204	34.9039	34.8756	34.8693	34.8542	34.8334	34.8003	34.7865	34.7698	34.7807	34.7377	34.7273	34.7127	34.6881	34.6373	34.65	34.6483	34.6311	34.6129	34.5816	34.59	34.594	34.5696	34.5412	34.5063	34.5129	34.5011	34.5287	34.5046	34.4509	34.4454	34.4475	34.4218	34.4007	34.423	34.3479	34.4134	34.361	34.3615	34.3361	34.3587	34.3383	34.3773	34.3476	34.3047	34.2626	34.2927	34.2484	34.2257	34.2301	34.2494	34.2325	34.2637	34.2525	34.236	34.2105	34.2003	34.1245	34.1391	34.1301	34.1117	34.0815	34.0676	33.9824	34.0171	33.9975	34.0357	33.9447	33.8935	33.8149	33.7836	33.7164	33.6664	33.6185	33.6286	33.567	33.9207	35.5265
Sgr-CMvi_003-Ex1-cssl.clmp.r1r2_fastp	36.3567	35.6764	35.921	35.938	36.0447	36.03	36.044	36.0486	36.07	36.0224	36.0729	36.0491	36.0444	36.0078	36.0207	35.9927	36.019	35.9797	35.9866	35.9458	35.9631	35.9171	35.8998	35.8536	35.836	35.7757	35.754	35.7284	35.7267	35.6821	35.6712	35.6482	35.6471	35.6123	35.5949	35.5708	35.5054	35.5114	35.5189	35.4951	35.4551	35.4427	35.4293	35.4247	35.4022	35.3991	35.3468	35.3278	35.3096	35.3053	35.2735	35.2799	35.2318	35.249	35.2205	35.2088	35.1789	35.1913	35.1396	35.1409	35.0948	35.1345	35.0979	35.0685	35.0373	35.0426	35.0116	35.0079	34.9643	34.99	34.9569	34.9235	34.8922	34.9126	34.8857	34.8698	34.8462	34.8552	34.8231	34.7935	34.7798	34.7691	34.7438	34.7324	34.713	34.6952	34.663	34.6624	34.6527	34.6404	34.6286	34.6159	34.566	34.6169	34.5424	34.5331	34.5045	34.5112	34.4869	34.5086	34.4781	34.4412	34.439	34.4628	34.4096	34.4303	34.3998	34.3838	34.3648	34.3959	34.3506	34.3614	34.3266	34.3662	34.3307	34.3646	34.293	34.3206	34.2668	34.2516	34.2629	34.2495	34.2349	34.2594	34.2684	34.2792	34.2652	34.2516	34.189	34.1223	34.145	34.1483	34.1004	34.0912	34.0677	34.0366	33.9821	34.0124	34.0152	33.9841	33.8876	33.7892	33.7662	33.7205	33.6381	33.5936	33.5728	33.5767	33.937	35.515
Sgr-CMvi_004-Ex1-cssl.clmp.r1r2_fastp	36.3706	35.6974	35.9233	35.9246	36.0256	36.018	36.0268	36.0176	36.0604	36.0021	36.0454	36.0259	36.0255	35.9864	36.0019	35.9752	35.9786	35.9619	35.9501	35.9211	35.9399	35.8915	35.855	35.8259	35.8079	35.7587	35.7315	35.6958	35.6847	35.6541	35.6231	35.6	35.5781	35.566	35.5333	35.4921	35.4528	35.4643	35.4695	35.4278	35.409	35.3737	35.3493	35.3617	35.3334	35.3513	35.29	35.2819	35.2592	35.2308	35.1912	35.2004	35.1703	35.1762	35.1382	35.1197	35.0746	35.071	35.0816	35.0609	35.0474	35.01	35.0157	35.0009	34.9455	34.9687	34.9342	34.9258	34.9014	34.9262	34.8954	34.8642	34.8135	34.8503	34.801	34.8174	34.7677	34.7892	34.7213	34.7224	34.6995	34.7245	34.6652	34.6364	34.6214	34.6428	34.559	34.6126	34.5883	34.602	34.5996	34.6029	34.5468	34.5687	34.5073	34.5133	34.4656	34.4475	34.429	34.5126	34.4419	34.3953	34.4228	34.4338	34.3685	34.381	34.3289	34.3608	34.3396	34.3822	34.2805	34.3297	34.3211	34.3365	34.347	34.3123	34.2751	34.2517	34.2323	34.2361	34.2412	34.2539	34.2844	34.2588	34.2507	34.2346	34.1993	34.2171	34.1743	34.1123	34.142	34.1575	34.1802	34.1095	34.0828	34.0444	34.0286	33.9878	34.009	33.9348	33.8897	33.7978	33.7999	33.7092	33.6492	33.6722	33.5805	33.5925	33.9493	35.5433
Sgr-CMvi_005-Ex1-cssl.clmp.r1r2_fastp	36.3491	35.7612	35.9651	36.0046	36.1045	36.1085	36.1127	36.1301	36.1398	36.1187	36.1409	36.128	36.1149	36.0969	36.0948	36.0871	36.0906	36.0924	36.0821	36.0439	36.0592	36.0162	35.9832	35.9553	35.9394	35.9083	35.8835	35.8694	35.8512	35.8232	35.7965	35.7886	35.7816	35.7612	35.7319	35.7188	35.6451	35.6739	35.6701	35.6495	35.6394	35.6198	35.5922	35.5833	35.5448	35.5507	35.5288	35.5374	35.5072	35.5048	35.4683	35.4677	35.4302	35.4577	35.4099	35.4263	35.3936	35.4255	35.3761	35.3663	35.3296	35.3474	35.3099	35.327	35.2679	35.2977	35.2334	35.2662	35.2179	35.2223	35.1997	35.1818	35.1488	35.151	35.1189	35.1325	35.0994	35.1332	35.0818	35.0872	35.0251	35.067	35.0345	35.0145	34.9932	34.9861	34.945	34.9476	34.9452	34.9585	34.9325	34.9034	34.8963	34.9129	34.8695	34.8392	34.8434	34.8471	34.8348	34.8564	34.8527	34.8077	34.7888	34.7712	34.757	34.7978	34.7658	34.7242	34.7377	34.7528	34.7175	34.707	34.6951	34.7034	34.7407	34.6995	34.6696	34.6268	34.6567	34.6004	34.5947	34.6118	34.5955	34.6299	34.6095	34.6558	34.5958	34.6149	34.5562	34.5381	34.5225	34.5044	34.519	34.4767	34.4437	34.4136	34.4018	34.4032	34.4072	34.3269	34.2891	34.2259	34.1655	34.1323	34.0795	34.0425	34.0103	33.9991	34.2682	35.6375
Sgr-CMvi_007-Ex1-cssl.clmp.r1r2_fastp	36.3778	35.7177	35.934	35.9377	36.053	36.0368	36.0542	36.0583	36.0609	36.0359	36.0688	36.0577	36.0614	36.0267	36.0344	36.0015	36.0233	35.9958	35.9972	35.9652	35.9587	35.9293	35.8945	35.8594	35.8587	35.8109	35.7804	35.746	35.7271	35.6977	35.6708	35.6534	35.6506	35.6112	35.5869	35.575	35.5097	35.5281	35.5259	35.5117	35.4709	35.4625	35.4532	35.4006	35.4041	35.3832	35.3483	35.3561	35.3163	35.3171	35.2848	35.2983	35.2669	35.2491	35.2355	35.2248	35.1605	35.2062	35.1955	35.157	35.1145	35.1452	35.1011	35.0987	35.0671	35.0748	35.0336	35.0419	34.9959	35.0107	34.976	34.9426	34.9175	34.8922	34.852	34.888	34.8657	34.8819	34.8157	34.8244	34.7889	34.8042	34.7512	34.7595	34.7123	34.7413	34.642	34.6939	34.6899	34.6679	34.6371	34.649	34.5967	34.6571	34.589	34.6077	34.5445	34.5772	34.5483	34.5874	34.5306	34.5231	34.4787	34.4922	34.4372	34.4471	34.4308	34.4016	34.404	34.4309	34.4088	34.3767	34.3873	34.3334	34.3735	34.3778	34.3459	34.3122	34.3595	34.2941	34.3602	34.2672	34.299	34.2778	34.334	34.3069	34.3086	34.2914	34.2573	34.2219	34.2311	34.2233	34.2155	34.158	34.1484	34.0798	34.0991	34.0867	34.0324	34.0354	33.9365	33.8658	33.8435	33.7329	33.7462	33.7059	33.6604	33.6489	33.9925	35.5596
Sgr-CMvi_008-Ex1-cssl.clmp.r1r2_fastp	36.3339	35.627	35.9073	35.8888	36.0112	35.9968	36.0135	36.0172	36.017	35.9862	36.0458	36.0182	36.0134	35.9762	35.9894	35.978	35.9731	35.9533	35.9455	35.9111	35.9062	35.8846	35.8476	35.794	35.8009	35.7577	35.7165	35.6974	35.6611	35.6556	35.602	35.5774	35.5678	35.555	35.5202	35.521	35.4314	35.4536	35.4279	35.4145	35.3741	35.3735	35.373	35.3498	35.3227	35.3234	35.3	35.2758	35.2425	35.2269	35.2158	35.2163	35.1825	35.1816	35.121	35.1614	35.0852	35.1282	35.0958	35.0679	35.0534	35.0303	35.0296	35.0254	34.9945	34.9833	34.9542	34.958	34.894	34.9131	34.8699	34.8709	34.858	34.837	34.8154	34.8469	34.8216	34.8023	34.7506	34.7653	34.7357	34.7463	34.6741	34.6884	34.6839	34.6385	34.6433	34.6435	34.6059	34.6032	34.6281	34.5817	34.6134	34.5457	34.5677	34.5553	34.5112	34.537	34.4998	34.5148	34.5142	34.4725	34.4579	34.4651	34.4486	34.444	34.4038	34.3791	34.4283	34.3825	34.372	34.361	34.4034	34.3391	34.4316	34.3776	34.3729	34.3099	34.3293	34.2811	34.2877	34.3113	34.326	34.2912	34.3394	34.341	34.3078	34.2721	34.2673	34.2101	34.1833	34.194	34.222	34.1487	34.143	34.0973	34.0835	34.0515	34.0932	34.0275	33.9855	33.8521	33.8852	33.8093	33.8283	33.7742	33.7465	33.6758	34.0681	35.5418
Sgr-CMvi_009-Ex1-cssl.clmp.r1r2_fastp	36.3309	35.6487	35.9165	35.9273	36.0528	36.0302	36.0558	36.0597	36.0703	36.0529	36.0756	36.0618	36.0608	36.0383	36.0242	36.0141	36.0305	36.0041	36.0043	35.9744	35.9765	35.9362	35.9263	35.8767	35.8566	35.8078	35.8035	35.7691	35.7522	35.7246	35.6907	35.6811	35.6743	35.6262	35.6197	35.5938	35.5281	35.5667	35.5584	35.5264	35.4826	35.494	35.4566	35.462	35.4059	35.4246	35.4015	35.3959	35.368	35.3502	35.3154	35.34	35.2915	35.2966	35.2556	35.2641	35.2181	35.2466	35.2129	35.1721	35.1291	35.1981	35.1361	35.1448	35.0795	35.0818	35.0643	35.0705	35.0153	35.0263	35.0185	34.9856	34.945	34.9528	34.9396	34.9523	34.9095	34.9455	34.8943	34.8993	34.8537	34.8614	34.821	34.8089	34.7657	34.7686	34.7585	34.7688	34.7457	34.744	34.6912	34.6935	34.7108	34.6792	34.6852	34.63	34.6128	34.6375	34.6377	34.6148	34.5998	34.5799	34.5649	34.55	34.5436	34.5263	34.4815	34.5034	34.4965	34.491	34.4623	34.4455	34.4539	34.4393	34.4981	34.4474	34.4129	34.3918	34.4308	34.364	34.384	34.3633	34.3897	34.3671	34.4304	34.3931	34.4009	34.3658	34.3344	34.2842	34.3146	34.2725	34.291	34.2368	34.1892	34.1735	34.14	34.1715	34.1634	34.0993	34.0721	33.9848	33.963	33.8598	33.8425	33.7957	33.7859	33.7332	34.0428	35.5699
Sgr-CMvi_010-Ex1-cssl.clmp.r1r2_fastp	36.3566	35.6711	35.9291	35.9336	36.0475	36.0336	36.0599	36.0545	36.0832	36.0402	36.0834	36.0538	36.0556	36.028	36.0289	36.0156	36.0222	35.9959	35.9936	35.9529	35.9571	35.9205	35.8888	35.8627	35.8394	35.7969	35.7729	35.7333	35.7295	35.6917	35.6765	35.658	35.6527	35.5995	35.5829	35.5521	35.4975	35.5229	35.4999	35.4899	35.4599	35.4435	35.4306	35.4226	35.3981	35.394	35.3485	35.3341	35.302	35.3205	35.2716	35.2782	35.245	35.2705	35.2036	35.224	35.1843	35.1847	35.1374	35.1381	35.1215	35.1208	35.0889	35.085	35.0319	35.0388	35.0009	35.0072	34.9565	34.9662	34.9202	34.8907	34.8735	34.9118	34.8348	34.8708	34.8232	34.865	34.7826	34.7928	34.7483	34.7997	34.7165	34.737	34.6896	34.6892	34.6299	34.6632	34.6461	34.6601	34.6043	34.6215	34.5939	34.6129	34.5611	34.5365	34.509	34.5394	34.5113	34.5417	34.4962	34.505	34.4374	34.4577	34.4325	34.4222	34.402	34.395	34.3999	34.3823	34.3586	34.3573	34.3662	34.3793	34.3848	34.392	34.309	34.3151	34.2982	34.2907	34.2944	34.2937	34.2772	34.2751	34.2915	34.3184	34.261	34.2675	34.1985	34.1995	34.196	34.1948	34.1583	34.1249	34.0935	34.0624	34.0625	34.0516	34.0462	33.9807	33.982	33.8637	33.826	33.7916	33.7262	33.7081	33.6911	33.6648	34.0082	35.5455
Sgr-CMvi_012-Ex1-cssl.clmp.r1r2_fastp	36.3467	35.7505	36.004	36.0103	36.135	36.1214	36.1285	36.1318	36.1608	36.1343	36.1426	36.1254	36.1296	36.1023	36.1052	36.0919	36.1027	36.0799	36.0793	36.049	36.0519	36.0101	35.9912	35.9448	35.9389	35.8931	35.871	35.8522	35.8227	35.7931	35.7645	35.7504	35.741	35.7164	35.6991	35.6728	35.6028	35.6433	35.6396	35.6057	35.5714	35.5586	35.553	35.5255	35.513	35.5063	35.4678	35.4495	35.4417	35.4158	35.4119	35.4093	35.3686	35.368	35.3253	35.3317	35.3097	35.3017	35.2711	35.2659	35.244	35.2571	35.2178	35.2124	35.1747	35.1811	35.1621	35.1461	35.1058	35.106	35.0933	35.0563	35.0381	35.051	35.0278	35.0394	35.0138	35.0173	34.9675	34.957	34.9263	34.9393	34.9123	34.8827	34.8621	34.866	34.8182	34.8449	34.8078	34.8343	34.7963	34.7923	34.7773	34.7787	34.7494	34.7322	34.7028	34.7152	34.6957	34.7078	34.689	34.6712	34.6543	34.6484	34.6374	34.6241	34.6131	34.5822	34.5826	34.5768	34.588	34.5581	34.5792	34.5591	34.5861	34.6052	34.5399	34.4989	34.5083	34.4614	34.4972	34.4704	34.4674	34.4643	34.5	34.4957	34.4763	34.4607	34.4409	34.3805	34.3914	34.4057	34.3768	34.3525	34.307	34.2751	34.2813	34.2597	34.2522	34.2335	34.1704	34.1047	34.084	34.0145	33.9904	33.9205	33.9145	33.899	34.1871	35.5936
Sgr-CMvi_013-Ex1-cssl.clmp.r1r2_fastp	36.3779	35.8004	36.0743	36.0589	36.1577	36.1507	36.1553	36.173	36.1853	36.1406	36.1625	36.1382	36.1632	36.1381	36.1556	36.1247	36.0984	36.1132	36.1223	36.0894	36.0837	36.0249	36.0324	35.9638	35.9569	35.8945	35.9336	35.8454	35.8701	35.8328	35.8211	35.7908	35.7522	35.7828	35.7247	35.6625	35.6358	35.5992	35.6628	35.5954	35.5958	35.5887	35.5676	35.571	35.4865	35.5291	35.5296	35.5022	35.4593	35.4656	35.4407	35.4436	35.4083	35.453	35.3151	35.3408	35.3586	35.2919	35.366	35.2496	35.2946	35.2445	35.2977	35.2102	35.2504	35.217	35.2448	35.1857	35.2182	35.1535	35.1572	35.1499	35.1031	35.0475	35.0999	35.1056	35.0302	34.9941	35.0319	34.9683	34.9804	34.9409	34.9891	34.8746	34.9209	34.8355	34.892	34.8582	34.9438	34.8557	34.8694	34.8048	34.8791	34.8292	34.816	34.7775	34.8005	34.6966	34.7473	34.8061	34.6554	34.6548	34.6712	34.7298	34.7438	34.6896	34.6516	34.6876	34.7131	34.6632	34.7019	34.6159	34.6046	34.5387	34.6133	34.5902	34.5801	34.5061	34.5567	34.4974	34.4974	34.5264	34.5645	34.501	34.5934	34.5607	34.5483	34.4542	34.5616	34.4115	34.5097	34.4177	34.4238	34.337	34.4339	34.2454	34.301	34.2861	34.3129	34.2648	34.0746	33.9886	34.0228	33.9931	33.9262	33.8219	33.8551	33.7797	34.1485	35.548
Sgr-CMvi_015-Ex1-cssl.clmp.r1r2_fastp	36.362	35.7019	35.943	35.9577	36.0659	36.0411	36.0509	36.0596	36.0832	36.0449	36.0818	36.0488	36.0622	36.0187	36.0499	36.0295	36.0361	36.0033	36.0121	35.9555	35.9634	35.9225	35.9028	35.8688	35.8598	35.8141	35.7719	35.7715	35.7437	35.7167	35.6794	35.662	35.664	35.638	35.606	35.5881	35.5219	35.5291	35.5436	35.5291	35.4924	35.4877	35.4137	35.4645	35.4103	35.4084	35.3817	35.3874	35.3313	35.3397	35.2963	35.3208	35.2618	35.2703	35.2418	35.2519	35.1871	35.2388	35.1458	35.176	35.1337	35.1893	35.0905	35.1401	35.0695	35.1117	35.0547	35.0574	34.9796	35.0533	35.0147	35.0072	34.9754	34.9687	34.9101	34.9437	34.8911	34.9122	34.8604	34.8802	34.8182	34.8498	34.7827	34.8144	34.7573	34.7849	34.7115	34.7721	34.6926	34.7391	34.672	34.7199	34.6263	34.7266	34.6109	34.6419	34.5409	34.6155	34.5544	34.6094	34.5583	34.5587	34.4918	34.5266	34.4976	34.5321	34.4625	34.4646	34.4553	34.4844	34.419	34.4234	34.4348	34.4322	34.4627	34.4498	34.3565	34.3731	34.3367	34.3477	34.2877	34.3254	34.2983	34.3577	34.375	34.3948	34.3462	34.3528	34.2662	34.2837	34.2234	34.2809	34.1742	34.2366	34.1735	34.1289	34.0659	34.1269	34.0931	34.106	33.9444	33.8963	33.8321	33.8257	33.7663	33.7687	33.7273	33.7032	33.9602	35.5504
Sgr-CMvi_016-Ex1-cssl.clmp.r1r2_fastp	36.36	35.7172	35.9349	35.9556	36.0574	36.0371	36.0523	36.0331	36.0821	36.0271	36.0745	36.0518	36.0557	36.0324	36.0253	36.0199	36.0308	35.9891	35.9936	35.9576	35.9539	35.9148	35.9003	35.8428	35.8556	35.8045	35.7709	35.754	35.7225	35.6977	35.648	35.6604	35.6077	35.5899	35.5721	35.5489	35.4794	35.5119	35.5091	35.4776	35.4444	35.449	35.4305	35.4163	35.4181	35.3886	35.3477	35.3678	35.3258	35.2924	35.2661	35.2802	35.2214	35.2706	35.1936	35.2363	35.1442	35.1987	35.1197	35.1178	35.0774	35.0993	35.0759	35.0652	35.0352	35.0612	34.9872	34.9826	34.9571	34.9851	34.9171	34.9412	34.9153	34.9334	34.893	34.873	34.9142	34.8446	34.8268	34.8473	34.7796	34.8279	34.7831	34.753	34.707	34.7181	34.6836	34.6861	34.6465	34.6784	34.627	34.6244	34.5967	34.5831	34.6175	34.5665	34.4986	34.5328	34.5284	34.5541	34.4963	34.5223	34.469	34.5045	34.4732	34.4821	34.4475	34.4267	34.4032	34.3811	34.3571	34.3873	34.3492	34.3441	34.3905	34.4	34.3047	34.286	34.3011	34.2506	34.3196	34.2514	34.317	34.3101	34.2878	34.2969	34.2456	34.261	34.1858	34.1292	34.1265	34.1455	34.1181	34.0838	34.1006	34.0434	34.0579	34.0475	33.973	33.9685	33.8893	33.854	33.814	33.6957	33.6941	33.639	33.5791	33.5764	33.8831	35.5084
Sgr-CMvi_017-Ex1-cssl.clmp.r1r2_fastp	36.3477	35.6932	35.9224	35.924	36.0404	36.0336	36.0458	36.0425	36.07	36.0253	36.0647	36.0462	36.0447	36.0142	36.0179	35.9948	36.0114	35.9866	35.9858	35.9554	35.9592	35.9159	35.8834	35.8549	35.8409	35.7901	35.7717	35.7347	35.7222	35.6852	35.6502	35.6505	35.6367	35.6111	35.5839	35.5549	35.4881	35.5251	35.5072	35.4906	35.4618	35.4484	35.4312	35.4251	35.3964	35.3933	35.3612	35.3476	35.3212	35.3127	35.29	35.284	35.2328	35.2396	35.2284	35.2155	35.2005	35.1932	35.1657	35.138	35.1179	35.1336	35.0898	35.0995	35.0539	35.0598	35.0318	35.0155	34.9832	34.9811	34.9553	34.9303	34.9141	34.8986	34.8631	34.8884	34.8645	34.8854	34.8232	34.8209	34.7885	34.8167	34.7675	34.7653	34.7192	34.7201	34.6885	34.7064	34.691	34.6925	34.6644	34.636	34.6185	34.6311	34.6165	34.5804	34.5692	34.5872	34.5732	34.5623	34.564	34.5343	34.5186	34.5194	34.4999	34.4925	34.4953	34.4705	34.4808	34.4763	34.4451	34.4419	34.4432	34.4588	34.4692	34.4446	34.4112	34.4022	34.4025	34.3796	34.3596	34.3677	34.3713	34.3752	34.3827	34.4001	34.369	34.3614	34.3197	34.2959	34.2863	34.3107	34.2605	34.2382	34.1992	34.1723	34.1491	34.1767	34.1559	34.1272	34.0543	33.9766	33.937	33.8753	33.8366	33.8024	33.7816	33.758	34.0689	35.5627
Sgr-CMvi_018-Ex1-cssl.clmp.r1r2_fastp	36.3465	35.6739	35.9322	35.9598	36.0598	36.0473	36.0553	36.0667	36.0895	36.0518	36.0766	36.0633	36.0605	36.0345	36.038	36.0127	36.0221	36.0059	36.005	35.9659	35.9659	35.9279	35.9049	35.8647	35.8449	35.8051	35.7879	35.7511	35.7309	35.7009	35.6741	35.6408	35.6185	35.6092	35.5944	35.5691	35.4985	35.5175	35.5092	35.4877	35.4548	35.4595	35.4447	35.406	35.4055	35.4012	35.3577	35.3479	35.3044	35.3249	35.2786	35.2954	35.226	35.2563	35.2042	35.2193	35.1677	35.1927	35.144	35.1423	35.0875	35.1299	35.0722	35.0731	35.0468	35.0377	34.9994	34.9969	34.9637	34.9667	34.9395	34.9096	34.8886	34.9056	34.8657	34.8778	34.8485	34.8631	34.8094	34.8009	34.7822	34.7945	34.7323	34.7374	34.7116	34.7227	34.6795	34.6819	34.6763	34.6864	34.6489	34.6677	34.5942	34.6457	34.5959	34.5897	34.5654	34.5814	34.5644	34.5701	34.557	34.5316	34.5145	34.5012	34.503	34.5006	34.4838	34.489	34.4852	34.4781	34.447	34.431	34.4661	34.4484	34.4969	34.4532	34.4222	34.3864	34.4155	34.3706	34.3718	34.3642	34.3753	34.3689	34.4007	34.4149	34.4064	34.3975	34.3686	34.2958	34.3466	34.2801	34.316	34.2315	34.2309	34.1587	34.1873	34.1712	34.1836	34.1028	34.0767	33.9924	33.9838	33.8846	33.8987	33.8405	33.8308	33.7989	34.1227	35.5861
Sgr-CMvi_019-Ex1-cssl.clmp.r1r2_fastp	36.4085	35.793	36.008	35.9948	36.1231	36.0964	36.1022	36.0947	36.1094	36.069	36.1113	36.0808	36.0836	36.0581	36.0533	36.0327	36.0743	36.0396	36.0666	35.9919	36.0137	35.9652	35.9531	35.9046	35.9042	35.8467	35.8289	35.809	35.7567	35.7627	35.7178	35.6953	35.6844	35.6605	35.6347	35.5908	35.5687	35.602	35.5687	35.5827	35.541	35.5188	35.501	35.5142	35.4482	35.4549	35.4497	35.3988	35.3993	35.3991	35.3651	35.3744	35.3275	35.3176	35.3293	35.3077	35.2798	35.2476	35.2283	35.2625	35.2127	35.2207	35.1775	35.1893	35.1585	35.1862	35.1424	35.0927	35.0879	35.0727	35.0537	35.0151	34.984	35.001	34.9926	35.0046	34.9806	34.9466	34.9431	34.9021	34.8749	34.9029	34.8229	34.8167	34.7955	34.7829	34.7558	34.7003	34.7542	34.7725	34.7101	34.6702	34.6585	34.7249	34.6177	34.6647	34.5767	34.6098	34.5533	34.594	34.5749	34.5526	34.5086	34.543	34.4906	34.5227	34.4933	34.4957	34.5091	34.5048	34.4624	34.4473	34.4579	34.4039	34.4607	34.4149	34.3516	34.3403	34.3673	34.3281	34.3395	34.3507	34.3272	34.2956	34.3197	34.3467	34.2996	34.2988	34.1771	34.2074	34.2199	34.224	34.1643	34.177	34.0726	34.0865	33.9629	34.0082	34.0273	33.9805	33.926	33.7812	33.7853	33.6466	33.658	33.5512	33.538	33.4597	33.8919	35.4903
Sgr-CMvi_020-Ex1-cssl.clmp.r1r2_fastp	36.3901	35.7883	36.0058	36.0203	36.1394	36.122	36.1383	36.1403	36.1607	36.0988	36.1518	36.1084	36.1336	36.0996	36.0967	36.0765	36.0897	36.0597	36.0763	36.0243	36.042	36.0079	35.9626	35.9469	35.9252	35.88	35.8565	35.8522	35.8142	35.8032	35.7621	35.739	35.7213	35.6903	35.6993	35.6665	35.6335	35.6166	35.6104	35.5983	35.5569	35.5441	35.5199	35.5328	35.4894	35.4919	35.4651	35.4528	35.394	35.4334	35.3751	35.3937	35.3752	35.3979	35.3355	35.3345	35.2629	35.3355	35.289	35.28	35.247	35.2743	35.1976	35.2297	35.1737	35.1997	35.1277	35.14	35.0847	35.0992	35.0942	35.1192	35.0209	35.07	35.0068	35.0204	34.9577	34.9819	34.9472	34.938	34.9025	34.9038	34.8496	34.869	34.8303	34.8282	34.781	34.8033	34.7257	34.7359	34.722	34.753	34.7607	34.7658	34.6879	34.6812	34.6533	34.6153	34.6045	34.6345	34.6545	34.649	34.5548	34.5608	34.5521	34.5968	34.5234	34.5442	34.5102	34.551	34.4666	34.4775	34.4861	34.4769	34.4782	34.5082	34.4362	34.4665	34.4185	34.4271	34.3804	34.4244	34.378	34.3813	34.4107	34.4014	34.3473	34.3664	34.3262	34.2768	34.2653	34.3141	34.2268	34.2573	34.2032	34.1773	34.13	34.1825	34.126	34.125	33.983	33.9645	33.8974	33.8764	33.8144	33.738	33.6955	33.7774	34.064	35.573
Sgr-CMvi_023-Ex1-cssl.clmp.r1r2_fastp	36.4122	35.9106	36.1132	36.1459	36.2628	36.2354	36.2477	36.2112	36.2758	36.2513	36.3164	36.2473	36.3115	36.2773	36.2433	36.2451	36.2388	36.2453	36.2174	36.1813	36.1734	36.1613	36.1541	36.1459	36.1317	36.0968	36.0558	36.078	36.0897	36.0622	36.0288	36.0308	36.0239	35.984	35.9492	35.9297	35.9108	35.9417	35.9047	35.9201	35.8718	35.8498	35.8727	35.8613	35.8244	35.8415	35.8121	35.8035	35.7878	35.7724	35.7386	35.7843	35.6709	35.7922	35.7178	35.6781	35.6674	35.6681	35.6204	35.6325	35.5877	35.6595	35.5542	35.6005	35.5228	35.6084	35.5588	35.5286	35.4757	35.5342	35.5165	35.4733	35.4532	35.4962	35.477	35.4903	35.4614	35.45	35.3621	35.416	35.2949	35.3795	35.413	35.3431	35.2551	35.2732	35.2655	35.2691	35.2019	35.3252	35.1797	35.1899	35.2148	35.2288	35.1405	35.1257	35.1205	35.1703	35.1106	35.1783	35.0429	35.086	34.9752	35.026	34.9504	35.1164	34.9473	35.0502	34.9874	35.0358	34.9627	35.0828	34.9667	35.0984	34.9996	35.0408	34.9082	35.0166	34.9082	35.021	34.8989	34.8761	34.8744	34.8706	34.8711	34.9253	34.889	34.9788	34.8047	34.7596	34.806	34.8686	34.7576	34.7646	34.679	34.6629	34.6441	34.6959	34.6963	34.6405	34.4212	34.5308	34.4899	34.3562	34.338	34.345	34.316	34.244	34.4672	35.7154
Sgr-CMvi_024-Ex1-cssl.clmp.r1r2_fastp	36.3557	35.7005	35.9395	35.9554	36.0576	36.0408	36.0604	36.0552	36.0826	36.0428	36.0839	36.0556	36.0621	36.0284	36.0325	36.0032	36.022	35.9884	36.0082	35.9631	35.9744	35.9345	35.9107	35.8603	35.8619	35.7881	35.7947	35.7797	35.7357	35.7107	35.6954	35.6744	35.6672	35.6168	35.607	35.587	35.5379	35.5475	35.5366	35.5122	35.4938	35.4646	35.4603	35.4431	35.4266	35.407	35.3634	35.3625	35.3482	35.3248	35.3119	35.3024	35.2766	35.2582	35.2446	35.2497	35.2092	35.1889	35.1931	35.196	35.1701	35.1753	35.1371	35.1417	35.0693	35.124	35.0844	35.0685	35.0352	35.0401	35.0174	35.0076	34.9612	34.966	34.9412	34.9506	34.9372	34.9229	34.8782	34.8691	34.868	34.848	34.841	34.8123	34.7876	34.7638	34.7378	34.7689	34.7338	34.7403	34.7093	34.7012	34.6956	34.7017	34.6625	34.598	34.5746	34.5838	34.63	34.6204	34.6111	34.5637	34.5608	34.5493	34.556	34.5398	34.4987	34.5074	34.5036	34.4999	34.4647	34.4695	34.4615	34.4777	34.4941	34.4535	34.4169	34.3584	34.4003	34.3498	34.421	34.3151	34.3776	34.3348	34.423	34.422	34.4106	34.3602	34.3542	34.3064	34.3338	34.3093	34.3053	34.2348	34.2453	34.1731	34.1642	34.1722	34.1612	34.1344	34.0361	33.9383	33.9414	33.8743	33.812	33.7676	33.748	33.7345	34.0623	35.5591
Sgr-CMvi_025-Ex1-cssl.clmp.r1r2_fastp	36.3371	35.6457	35.8986	35.9186	36.0293	36.0099	36.018	36.0222	36.0402	35.9925	36.0418	36.0213	36.0123	35.994	36.008	35.997	36.0039	35.9787	35.9844	35.9409	35.942	35.9006	35.8703	35.8378	35.8296	35.7656	35.7733	35.7218	35.7047	35.6772	35.6508	35.634	35.6411	35.5801	35.5643	35.5388	35.4686	35.4988	35.4938	35.4936	35.4268	35.453	35.4186	35.3985	35.3819	35.3687	35.3579	35.3407	35.3124	35.3065	35.2752	35.2753	35.2502	35.2397	35.2079	35.1763	35.1713	35.1651	35.152	35.1072	35.141	35.1007	35.0994	35.0696	35.0496	35.0245	35.0225	34.9742	34.9738	34.9472	34.9512	34.9047	34.9073	34.8915	34.8983	34.867	34.855	34.8579	34.825	34.8151	34.7919	34.8209	34.7724	34.7454	34.7179	34.706	34.6807	34.6864	34.6639	34.6484	34.6509	34.6262	34.6271	34.6137	34.6083	34.5686	34.5677	34.5532	34.5352	34.5408	34.5252	34.5002	34.509	34.4614	34.487	34.4789	34.4708	34.4322	34.4681	34.4509	34.3845	34.3986	34.4073	34.4108	34.4356	34.4163	34.3923	34.3209	34.3251	34.2988	34.335	34.3025	34.3435	34.3257	34.3741	34.3719	34.3908	34.3292	34.2858	34.2562	34.2735	34.2561	34.2539	34.2046	34.1634	34.1399	34.131	34.1094	34.1137	34.0507	34.0501	33.9239	33.9071	33.8027	33.7909	33.7735	33.7416	33.7428	34.0212	35.5767
Sgr-CMvi_027-Ex1-cssl.clmp.r1r2_fastp	36.3654	35.6983	35.9019	35.9121	36.0069	36.0011	36.0142	36.0077	36.0254	36.0029	36.0438	36.0132	36.0087	35.9853	35.9827	35.9664	35.9699	35.9436	35.9515	35.9121	35.9135	35.8714	35.8453	35.8169	35.7921	35.7478	35.7337	35.697	35.6781	35.6375	35.6032	35.5893	35.5606	35.5394	35.5244	35.5041	35.4388	35.4565	35.4387	35.4357	35.39	35.3747	35.367	35.3472	35.3388	35.3252	35.2753	35.2843	35.242	35.2666	35.2183	35.2318	35.1728	35.1595	35.1273	35.1533	35.1087	35.1266	35.0726	35.0761	35.0177	35.0781	35.0027	35.044	34.9417	35.0037	34.9366	34.981	34.9112	34.9655	34.8734	34.889	34.8247	34.8437	34.7644	34.8202	34.761	34.7939	34.6953	34.7519	34.6926	34.768	34.6837	34.6794	34.633	34.6704	34.5888	34.6407	34.5572	34.6019	34.5497	34.5639	34.5111	34.5755	34.4928	34.5383	34.4214	34.5062	34.4423	34.5091	34.4208	34.4481	34.3754	34.4334	34.3662	34.4176	34.3196	34.3668	34.3342	34.3683	34.2898	34.3375	34.2931	34.3274	34.316	34.327	34.2284	34.263	34.2089	34.2075	34.2137	34.2174	34.1969	34.2157	34.2631	34.2508	34.1776	34.2246	34.1236	34.1373	34.1061	34.1161	34.102	34.0744	34.0609	34.0108	33.9803	34.0208	33.9642	33.9232	33.8359	33.7944	33.7045	33.6955	33.6262	33.6087	33.5444	33.5236	33.8754	35.5175
Sgr-CMvi_028-Ex1-cssl.clmp.r1r2_fastp	36.3374	35.6863	35.9289	35.9461	36.0362	36.0413	36.0413	36.0535	36.0746	36.0445	36.0683	36.0532	36.0321	36.0188	36.0193	36.0081	36.0124	36.001	35.9926	35.9608	35.957	35.9368	35.8989	35.8689	35.8495	35.8155	35.7834	35.7596	35.7451	35.7171	35.6772	35.6653	35.6569	35.6187	35.5786	35.5846	35.5013	35.5416	35.5291	35.5095	35.4564	35.4629	35.4205	35.4363	35.4139	35.4089	35.3703	35.371	35.3415	35.3285	35.2985	35.321	35.2854	35.288	35.2377	35.2306	35.2025	35.2157	35.1784	35.1719	35.145	35.1743	35.1124	35.1262	35.0858	35.0954	35.0637	35.0467	35.0176	35.0194	34.9909	34.9713	34.9662	34.9799	34.9384	34.9406	34.9336	34.9321	34.8802	34.8827	34.8794	34.8837	34.8512	34.8248	34.8066	34.791	34.7704	34.7752	34.752	34.7854	34.7498	34.7204	34.717	34.7475	34.6813	34.6758	34.6605	34.6714	34.66	34.6658	34.6543	34.6261	34.6229	34.6112	34.6077	34.5774	34.603	34.5784	34.5994	34.5644	34.5692	34.5494	34.5674	34.5444	34.6026	34.5735	34.5326	34.4966	34.5208	34.4672	34.5046	34.4689	34.5016	34.4885	34.5354	34.5205	34.4995	34.4809	34.443	34.4306	34.435	34.4311	34.409	34.3714	34.3759	34.3051	34.2993	34.2866	34.3082	34.2634	34.1768	34.1301	34.0735	34.025	33.9935	33.9802	33.9494	33.9159	34.2137	35.6078
Sgr-CMvi_030-Ex1-cssl.clmp.r1r2_fastp	36.4097	35.9097	36.1257	36.1329	36.2299	36.2093	36.2158	36.2314	36.2477	36.224	36.2527	36.2232	36.2319	36.2286	36.2423	36.2125	36.2407	36.194	36.1954	36.1776	36.1958	36.1367	36.1257	36.0961	36.0932	36.0839	36.0386	36.0474	36.0178	35.9847	35.9909	35.9664	35.9684	35.9445	35.878	35.8961	35.8614	35.8673	35.8341	35.8287	35.8056	35.798	35.7858	35.7702	35.7413	35.7568	35.7106	35.7265	35.6559	35.6255	35.6138	35.6182	35.5591	35.6445	35.5768	35.6039	35.5333	35.6079	35.4912	35.5162	35.4917	35.5625	35.5404	35.4915	35.5163	35.507	35.4056	35.4625	35.4123	35.4337	35.39	35.3879	35.3254	35.4075	35.3496	35.3853	35.3325	35.346	35.2781	35.3148	35.2657	35.2899	35.2501	35.266	35.2073	35.2256	35.1824	35.1838	35.1489	35.1865	35.1092	35.2089	35.0999	35.2138	35.1132	35.1264	35.046	35.134	35.0512	35.0698	35.1044	35.0567	35.0108	35.0955	35.0043	34.9933	34.9848	34.9603	35.0114	35.0236	35.0324	35.038	34.9792	34.946	35.0432	35.0027	34.9474	34.9845	34.9854	34.9509	34.9456	34.9184	34.9189	34.9397	34.9658	34.998	34.9005	34.9239	34.9299	34.8429	34.7944	34.8175	34.8271	34.7736	34.7358	34.6891	34.6412	34.6826	34.7253	34.639	34.6839	34.4796	34.5403	34.3586	34.4925	34.3422	34.3432	34.2784	34.5203	35.744
Sgr-CMvi_032-Ex1-cssl.clmp.r1r2_fastp	36.3824	35.8581	36.0571	36.0796	36.1764	36.1627	36.1887	36.196	36.2027	36.1863	36.2146	36.1953	36.2073	36.1731	36.1774	36.1647	36.1667	36.1615	36.1598	36.1391	36.1493	36.115	36.0868	36.0488	36.0392	36.0099	35.9908	35.9841	35.9592	35.9214	35.9344	35.9107	35.8927	35.8681	35.8704	35.831	35.7861	35.8197	35.7984	35.7676	35.7515	35.7508	35.7524	35.7139	35.7148	35.7045	35.6687	35.657	35.638	35.6451	35.6038	35.5979	35.5728	35.5644	35.58	35.5373	35.5244	35.5176	35.4993	35.4653	35.4466	35.4739	35.4302	35.4359	35.3839	35.3849	35.3847	35.3796	35.3188	35.3449	35.3281	35.3168	35.2482	35.2968	35.2787	35.2455	35.2382	35.2571	35.2039	35.2034	35.191	35.2051	35.1567	35.1152	35.1045	35.1078	35.0771	35.08	35.0419	35.0863	35.0453	35.0307	35.0206	35.0322	34.9827	34.9359	34.94	34.9206	34.9029	34.9055	34.907	34.8578	34.8624	34.8333	34.8289	34.8388	34.8307	34.7805	34.803	34.7711	34.7796	34.7629	34.7583	34.7504	34.796	34.765	34.7202	34.6631	34.6736	34.6213	34.6778	34.6137	34.6067	34.6282	34.6494	34.6426	34.628	34.6078	34.5669	34.5337	34.4937	34.5171	34.4286	34.486	34.4247	34.4344	34.3796	34.3816	34.3691	34.3556	34.2594	34.1496	34.1114	34.084	34.0554	34.064	33.9772	33.8794	34.2181	35.6383
Sgr-CMvi_033-Ex1-cssl.clmp.r1r2_fastp	36.3415	35.6382	35.8865	35.897	36.0139	36.0087	36.0163	36.0236	36.0371	36.0117	36.0365	36.021	36.0134	35.9855	35.9792	35.9707	35.9826	35.9608	35.965	35.924	35.9282	35.8823	35.8656	35.818	35.8082	35.769	35.7418	35.715	35.7008	35.6665	35.6406	35.632	35.5981	35.5905	35.5611	35.5409	35.4509	35.492	35.4796	35.455	35.4296	35.4224	35.3969	35.4007	35.3574	35.373	35.3314	35.3231	35.2951	35.2963	35.2493	35.2632	35.2339	35.2343	35.2048	35.1915	35.1636	35.166	35.1284	35.1195	35.0965	35.1231	35.073	35.0517	35.035	35.0451	35.0228	35.0112	34.9645	34.9719	34.9657	34.9378	34.8922	34.9091	34.8835	34.8992	34.8559	34.867	34.8109	34.8213	34.8026	34.7975	34.759	34.7503	34.7197	34.7284	34.6856	34.7036	34.6615	34.6837	34.6475	34.6542	34.6185	34.6478	34.6035	34.5911	34.5521	34.5671	34.5479	34.5822	34.5475	34.5272	34.5036	34.5029	34.4895	34.488	34.4657	34.4324	34.4709	34.4668	34.4428	34.426	34.4293	34.4275	34.4772	34.4321	34.4046	34.3487	34.36	34.3263	34.3502	34.3402	34.357	34.3512	34.3908	34.3948	34.3743	34.3314	34.2982	34.2641	34.29	34.2703	34.2413	34.1978	34.176	34.1207	34.1123	34.1335	34.1342	34.0759	34.0215	33.9351	33.9274	33.8207	33.8198	33.7371	33.7719	33.7169	34.0334	35.5578
Sgr-CMvi_034-Ex1-cssl.clmp.r1r2_fastp	36.3655	35.7238	35.9621	35.9662	36.0907	36.0909	36.1189	36.1031	36.1377	36.0779	36.1478	36.0986	36.125	36.0725	36.0942	36.0614	36.0869	36.0703	36.074	36.0313	36.0347	36.0	35.9874	35.9316	35.9506	35.8921	35.8735	35.8491	35.8177	35.7993	35.7357	35.7574	35.7302	35.739	35.6904	35.6622	35.5847	35.6318	35.5766	35.5982	35.5348	35.5691	35.502	35.54	35.4813	35.494	35.4573	35.4468	35.4128	35.4216	35.3651	35.4095	35.4095	35.395	35.3231	35.3228	35.2926	35.2807	35.262	35.2583	35.2419	35.2876	35.2174	35.2157	35.1638	35.1264	35.1507	35.085	35.1099	35.1185	35.0843	35.0691	35.0134	35.0315	34.965	35.0029	35.0047	35.0179	34.9411	34.9313	34.9382	34.939	34.9242	34.8943	34.8965	34.8857	34.8699	34.7977	34.7521	34.8004	34.7462	34.7658	34.7792	34.7847	34.79	34.7326	34.6991	34.7214	34.7197	34.6375	34.6434	34.6257	34.686	34.5776	34.6342	34.5603	34.6242	34.5876	34.6719	34.5754	34.5672	34.5265	34.5908	34.5344	34.6166	34.5943	34.5343	34.5307	34.495	34.4935	34.5011	34.4779	34.4824	34.3983	34.5416	34.5196	34.5128	34.4134	34.4253	34.3589	34.4069	34.3855	34.3872	34.2846	34.3139	34.3	34.2513	34.2257	34.2825	34.1666	34.1468	34.0647	33.9699	34.0193	33.8856	33.8679	33.8492	33.8449	34.0832	35.6101
Sgr-CMvi_036-Ex1-cssl.clmp.r1r2_fastp	36.3417	35.6552	35.8941	35.916	36.032	36.0174	36.0289	36.0288	36.0555	36.0199	36.0588	36.0343	36.0279	35.9989	36.0068	35.9867	36.002	35.9744	35.9793	35.9369	35.9359	35.8983	35.8738	35.8391	35.8268	35.7598	35.7339	35.7221	35.7223	35.663	35.6405	35.6368	35.619	35.5819	35.5514	35.5428	35.4602	35.4831	35.4814	35.4611	35.4281	35.4196	35.402	35.4022	35.3447	35.3408	35.3326	35.3116	35.2883	35.2846	35.2533	35.2525	35.2313	35.2325	35.1802	35.1739	35.1339	35.1402	35.1245	35.1242	35.0814	35.1057	35.0508	35.0438	35.0306	35.0122	34.9893	34.9783	34.9552	34.9661	34.9198	34.9129	34.876	34.8737	34.8732	34.868	34.8328	34.8378	34.779	34.802	34.7485	34.7631	34.7423	34.7167	34.7038	34.7036	34.6525	34.6675	34.6385	34.6502	34.6278	34.6002	34.5949	34.6059	34.5766	34.5475	34.5229	34.5092	34.4831	34.5176	34.5026	34.4468	34.4473	34.4623	34.4361	34.4454	34.4249	34.3935	34.4016	34.4043	34.3712	34.3589	34.3581	34.3567	34.3935	34.3735	34.3449	34.2965	34.3175	34.2906	34.2934	34.2637	34.2768	34.2713	34.3001	34.3183	34.302	34.2674	34.2175	34.1695	34.2046	34.2143	34.1431	34.125	34.1121	34.0663	34.0286	34.0316	34.082	34.0326	33.959	33.8702	33.8419	33.7841	33.7464	33.6715	33.688	33.6146	33.9874	35.5417
Sgr-CMvi_038-Ex1-cssl.clmp.r1r2_fastp	36.39	35.8531	36.0675	36.0726	36.181	36.1729	36.171	36.1895	36.201	36.166	36.1922	36.1709	36.1856	36.1706	36.1652	36.1511	36.1548	36.1446	36.1265	36.1116	36.1263	36.0873	36.0692	36.0381	36.0313	35.9637	35.9435	35.9218	35.9106	35.8977	35.847	35.8517	35.8454	35.7881	35.7956	35.7617	35.7316	35.7431	35.7556	35.723	35.6867	35.6755	35.6695	35.6359	35.637	35.5993	35.6381	35.5743	35.5618	35.5459	35.5427	35.4893	35.4632	35.4524	35.4826	35.4076	35.4181	35.3922	35.4031	35.3503	35.3708	35.3311	35.3156	35.302	35.2832	35.2744	35.2806	35.2481	35.2226	35.2053	35.2033	35.1594	35.1219	35.1503	35.0884	35.101	35.063	35.0811	35.0167	35.02	34.9996	34.9953	34.9806	34.9545	34.9155	34.9381	34.8799	34.8804	34.8674	34.8978	34.8387	34.8231	34.8455	34.8391	34.7845	34.7942	34.7619	34.7825	34.7898	34.7978	34.7461	34.748	34.6896	34.7281	34.6759	34.6979	34.6436	34.6751	34.6603	34.6312	34.6208	34.5899	34.6008	34.5952	34.6815	34.6205	34.5695	34.5434	34.5429	34.5603	34.5319	34.5353	34.4415	34.4992	34.5053	34.5552	34.4355	34.4797	34.3839	34.4066	34.3734	34.3975	34.3697	34.2947	34.2813	34.2443	34.2362	34.247	34.1897	34.1686	34.0864	33.9872	33.9323	33.8892	33.8577	33.8074	33.7736	33.7129	34.0171	35.5823
Sgr-CMvi_042-Ex1-cssl.clmp.r1r2_fastp	36.3708	35.7898	36.0465	36.0426	36.1538	36.1333	36.145	36.1494	36.1681	36.128	36.1813	36.1575	36.1574	36.1207	36.1325	36.1232	36.1481	36.1078	36.106	36.0633	36.0928	36.0164	36.0207	35.9505	35.9616	35.9066	35.8726	35.8823	35.8408	35.7701	35.7972	35.7753	35.7876	35.7061	35.6987	35.6522	35.6094	35.6874	35.6532	35.6345	35.5765	35.5922	35.5356	35.5578	35.5307	35.5157	35.4991	35.4836	35.4747	35.483	35.3992	35.3803	35.374	35.374	35.3701	35.3361	35.33	35.3246	35.2995	35.2673	35.2585	35.2961	35.2223	35.221	35.2056	35.2157	35.1666	35.1916	35.098	35.1789	35.1098	35.0828	35.06	35.065	35.0253	35.0151	34.9943	34.985	34.9598	34.9965	34.9255	34.9892	34.9059	34.8971	34.8572	34.8459	34.7797	34.8398	34.7873	34.7809	34.7505	34.7644	34.7185	34.7502	34.7294	34.7387	34.6458	34.7196	34.6744	34.6258	34.6679	34.6173	34.6009	34.5895	34.5866	34.5699	34.5669	34.5701	34.5646	34.5736	34.519	34.4664	34.4932	34.4319	34.5326	34.4609	34.4607	34.4144	34.4445	34.3613	34.3824	34.4191	34.3978	34.3775	34.3686	34.5068	34.4155	34.3742	34.3141	34.3011	34.3087	34.2188	34.3033	34.2215	34.2108	34.1487	34.1458	34.0738	34.2337	34.0403	34.0441	33.9952	33.9148	33.8042	33.8816	33.7155	33.7553	33.6562	34.1092	35.5245
Sgr-CMvi_043-Ex1-cssl.clmp.r1r2_fastp	36.3571	35.7008	35.9256	35.9349	36.0429	36.0229	36.0353	36.0324	36.0631	36.0094	36.0576	36.0424	36.0327	36.0054	36.0069	35.9874	36.0032	35.9681	35.9648	35.9453	35.9519	35.9056	35.8821	35.8418	35.8266	35.7885	35.7411	35.7368	35.6872	35.6725	35.6176	35.6145	35.6316	35.6037	35.5606	35.5388	35.4768	35.5015	35.4901	35.4713	35.4373	35.4312	35.3903	35.3991	35.3811	35.3769	35.3336	35.3508	35.3034	35.2864	35.2752	35.2893	35.2276	35.2247	35.2099	35.1801	35.1849	35.1677	35.1168	35.1131	35.1113	35.1185	35.0712	35.0872	35.037	35.056	35.0399	35.0405	34.9932	34.9701	34.9536	34.9334	34.9185	34.9082	34.8667	34.8823	34.8585	34.8657	34.8317	34.8408	34.7943	34.8129	34.765	34.7723	34.6875	34.7123	34.6518	34.7076	34.6405	34.6946	34.6187	34.6626	34.6222	34.6451	34.6396	34.5808	34.5439	34.5685	34.5339	34.5599	34.5408	34.4983	34.4824	34.5003	34.4459	34.4461	34.4356	34.4687	34.4403	34.4445	34.4153	34.4171	34.4277	34.4017	34.4433	34.4253	34.344	34.3395	34.3599	34.3266	34.3	34.3003	34.3291	34.3206	34.3542	34.3628	34.3565	34.3307	34.2756	34.2298	34.2281	34.2823	34.1939	34.161	34.1256	34.0839	34.0258	34.0838	34.0523	34.0316	33.9414	33.9148	33.8766	33.7713	33.7864	33.7323	33.6971	33.6915	33.9487	35.5358
Sgr-CMvi_044-Ex1-cssl.clmp.r1r2_fastp	36.3491	35.6955	35.94	35.9546	36.0631	36.0536	36.0698	36.0853	36.0969	36.0599	36.0985	36.0827	36.0831	36.0596	36.0596	36.046	36.047	36.0255	36.0264	36.0012	35.9972	35.9713	35.9263	35.8981	35.8913	35.8491	35.8345	35.8052	35.7799	35.7526	35.7191	35.7104	35.6825	35.6856	35.6325	35.6335	35.5477	35.5791	35.5668	35.5565	35.5296	35.5281	35.4916	35.5042	35.461	35.4573	35.4245	35.4203	35.3935	35.3934	35.3457	35.3622	35.3102	35.3404	35.2832	35.286	35.2335	35.2772	35.2395	35.2474	35.2012	35.218	35.184	35.1753	35.1598	35.1553	35.1137	35.1197	35.0434	35.097	35.0523	35.0222	35.0173	35.0076	34.977	34.9777	34.965	34.9445	34.9161	34.9096	34.8978	34.9118	34.8532	34.8697	34.8168	34.8311	34.7516	34.7957	34.7677	34.8021	34.7814	34.758	34.7142	34.7431	34.699	34.6923	34.6493	34.6604	34.6601	34.6944	34.6368	34.6341	34.5916	34.6314	34.5963	34.6102	34.5622	34.5535	34.5827	34.5622	34.5359	34.5326	34.5476	34.5236	34.5818	34.5276	34.4807	34.4753	34.4843	34.4013	34.444	34.4206	34.449	34.4415	34.4949	34.4375	34.4655	34.399	34.3757	34.3066	34.3722	34.3369	34.3324	34.2561	34.2812	34.1823	34.2172	34.1913	34.1815	34.1533	34.1016	34.0274	33.9919	33.919	33.9741	33.8083	33.8693	33.7786	34.1286	35.5642
Sgr-CMvi_046-Ex1-cssl.clmp.r1r2_fastp	36.3828	35.7517	35.939	35.9484	36.0616	36.054	36.057	36.0581	36.0838	36.049	36.076	36.0633	36.0611	36.0337	36.0308	36.0175	36.0306	36.0137	36.0085	35.9728	35.983	35.9382	35.9171	35.8912	35.8723	35.8345	35.809	35.7682	35.7734	35.7486	35.6931	35.6899	35.6736	35.6481	35.6252	35.6102	35.5406	35.5805	35.5553	35.5423	35.5064	35.4995	35.476	35.4904	35.4492	35.4547	35.4109	35.4152	35.3823	35.4	35.3575	35.3723	35.3022	35.326	35.2737	35.3044	35.2501	35.2646	35.2374	35.2172	35.1647	35.2017	35.1513	35.1519	35.1069	35.1226	35.0888	35.0864	35.036	35.0566	35.0079	35.0212	34.9519	34.9984	34.947	34.9823	34.9251	34.9314	34.8671	34.9047	34.8196	34.872	34.8204	34.8146	34.7739	34.7873	34.7521	34.7672	34.69	34.7337	34.6733	34.6775	34.652	34.6881	34.6474	34.614	34.579	34.5916	34.5779	34.581	34.5549	34.5385	34.5114	34.5331	34.4748	34.5182	34.4481	34.4588	34.4329	34.4636	34.4223	34.4438	34.3966	34.4307	34.4127	34.4312	34.3426	34.3501	34.3733	34.3521	34.301	34.3577	34.321	34.3507	34.3655	34.3478	34.3166	34.3452	34.2669	34.2654	34.2128	34.241	34.1888	34.1701	34.1135	34.0905	34.09	34.0947	34.0857	34.0747	33.9617	33.9063	33.8519	33.8171	33.7385	33.6643	33.6182	33.6192	33.9684	35.5335
Sgr-CMvi_047-Ex1-cssl.clmp.r1r2_fastp	36.3386	35.6531	35.902	35.9293	36.0485	36.0414	36.05	36.0634	36.0899	36.0377	36.0763	36.0451	36.0533	36.0332	36.0247	36.0069	36.0256	35.99	36.0029	35.9589	35.9662	35.935	35.9004	35.8539	35.847	35.7898	35.7757	35.7604	35.7302	35.7148	35.659	35.6498	35.639	35.5986	35.5878	35.5607	35.4816	35.5332	35.4939	35.4852	35.4526	35.4495	35.4373	35.4276	35.38	35.382	35.3491	35.3303	35.3086	35.3036	35.269	35.2919	35.2267	35.2545	35.2025	35.2137	35.1658	35.1919	35.1282	35.1375	35.0996	35.1354	35.0708	35.0752	35.0176	35.0581	35.0106	34.987	34.9735	34.9711	34.9325	34.9292	34.8875	34.9059	34.8593	34.8925	34.8269	34.8673	34.7725	34.8283	34.7841	34.7866	34.7355	34.7468	34.7216	34.6917	34.6628	34.6848	34.6512	34.6615	34.6244	34.6356	34.6141	34.6484	34.6005	34.5695	34.5466	34.559	34.5438	34.5737	34.5493	34.5135	34.5071	34.512	34.4758	34.4851	34.4643	34.4487	34.4624	34.4485	34.4307	34.4183	34.4277	34.4358	34.4597	34.4661	34.3936	34.3645	34.3652	34.337	34.3442	34.3482	34.3191	34.3333	34.3631	34.3895	34.3477	34.3392	34.2806	34.2669	34.2717	34.2838	34.2233	34.2398	34.2111	34.1584	34.136	34.1577	34.1384	34.1073	34.0452	33.97	33.9337	33.8662	33.8548	33.7883	33.7801	33.7587	34.0542	35.5652
Sgr-CMvi_049-Ex1-cssl.clmp.r1r2_fastp	36.3458	35.6519	35.8862	35.9099	36.0069	36.0066	36.0129	36.0202	36.0375	35.9963	36.0386	36.0156	36.0145	35.9847	35.9996	35.9733	35.9816	35.9475	35.957	35.9211	35.9189	35.8718	35.8649	35.8181	35.8085	35.7631	35.7102	35.6748	35.6642	35.6325	35.5939	35.5677	35.5523	35.5337	35.5301	35.4826	35.4237	35.4478	35.4528	35.4357	35.4079	35.3924	35.3706	35.3569	35.3394	35.3434	35.2803	35.2733	35.2507	35.2481	35.2269	35.2068	35.1515	35.1863	35.1627	35.1393	35.0845	35.1165	35.0839	35.0579	35.0456	35.0655	35.0108	35.0047	34.969	34.9694	34.956	34.9801	34.9145	34.9137	34.8875	34.8792	34.8427	34.8509	34.8106	34.8329	34.8001	34.8115	34.7665	34.7423	34.7389	34.7658	34.7307	34.6992	34.7196	34.6933	34.6411	34.6485	34.625	34.6121	34.6179	34.596	34.5557	34.5535	34.5718	34.5151	34.4924	34.4879	34.4618	34.4817	34.5033	34.4289	34.4362	34.4393	34.4559	34.4348	34.413	34.3727	34.3816	34.3872	34.3783	34.3547	34.3723	34.371	34.3979	34.3866	34.3351	34.2983	34.3206	34.2791	34.3362	34.2754	34.3019	34.2939	34.3166	34.3369	34.3345	34.2795	34.2658	34.2177	34.2655	34.2266	34.1813	34.1713	34.1668	34.0675	34.0911	34.1177	34.114	34.0654	33.9872	33.8745	33.9002	33.8093	33.7741	33.7044	33.7603	33.6824	34.0251	35.5903
Sgr-CMvi_051-Ex1-cssl.clmp.r1r2_fastp	36.3514	35.7233	35.9625	35.9975	36.1028	36.0822	36.1088	36.1108	36.127	36.1047	36.1338	36.101	36.0878	36.0722	36.071	36.0635	36.0711	36.0591	36.0648	36.0304	36.0436	36.0133	35.9686	35.9594	35.9351	35.8831	35.8615	35.8634	35.8225	35.7954	35.7798	35.7604	35.7456	35.7154	35.6889	35.6737	35.6208	35.6439	35.6112	35.6314	35.6004	35.5944	35.577	35.5391	35.5609	35.5142	35.4802	35.4641	35.456	35.4684	35.4392	35.4125	35.4008	35.3894	35.3433	35.3265	35.3118	35.3568	35.3262	35.2988	35.2783	35.2841	35.2558	35.2474	35.2238	35.2152	35.1702	35.1716	35.1307	35.1255	35.119	35.0901	35.074	35.0431	35.0352	35.0144	35.0384	35.0007	34.9977	34.9577	34.9617	34.9568	34.9184	34.8824	34.843	34.8507	34.8585	34.8096	34.8092	34.8322	34.8136	34.7727	34.7932	34.7851	34.7687	34.7446	34.6922	34.7395	34.693	34.7569	34.738	34.6951	34.6744	34.6508	34.6562	34.6375	34.6233	34.6507	34.6402	34.6342	34.5834	34.5823	34.6183	34.5668	34.6009	34.6221	34.5364	34.5396	34.501	34.5113	34.4965	34.5103	34.4977	34.5412	34.5521	34.52	34.4987	34.5058	34.4547	34.3927	34.3714	34.4078	34.3672	34.3459	34.3423	34.3286	34.3006	34.2919	34.2862	34.2725	34.2231	34.09	34.1478	34.03	34.0324	33.9219	33.9385	33.8669	34.1938	35.6114
Sgr-CMvi_052-Ex1-cssl.clmp.r1r2_fastp	36.3622	35.7598	36.0335	36.0519	36.1549	36.127	36.1385	36.1562	36.1749	36.1404	36.1694	36.1583	36.1398	36.137	36.1235	36.1205	36.1174	36.0871	36.1214	36.0574	36.079	36.0504	36.0232	35.9819	35.9791	35.9307	35.911	35.8421	35.8802	35.8335	35.805	35.7889	35.7881	35.7843	35.7483	35.745	35.6539	35.6919	35.6946	35.6506	35.6423	35.6141	35.6037	35.5616	35.5687	35.564	35.5169	35.5177	35.5116	35.4915	35.4781	35.4324	35.4609	35.4267	35.3995	35.3729	35.3766	35.4117	35.3555	35.3791	35.3388	35.3708	35.3143	35.3165	35.3167	35.2802	35.2621	35.2373	35.2403	35.22	35.1805	35.1584	35.1625	35.1439	35.1011	35.125	35.1307	35.1045	35.0748	35.0576	35.039	35.045	35.0469	35.0213	34.9997	34.9664	34.9796	34.9277	34.9306	34.9246	34.9249	34.9343	34.9359	34.9042	34.9057	34.8635	34.8126	34.8373	34.7716	34.847	34.8055	34.7616	34.7528	34.7645	34.7347	34.6974	34.6761	34.6421	34.7048	34.6053	34.6192	34.6499	34.6461	34.5939	34.6551	34.6909	34.6187	34.5872	34.5548	34.5478	34.5699	34.5528	34.5993	34.5659	34.5421	34.576	34.5471	34.5213	34.4923	34.3605	34.4671	34.3766	34.3979	34.3792	34.3806	34.3096	34.3064	34.2412	34.2419	34.189	34.2238	34.053	34.1267	33.9067	34.0181	33.7483	33.9431	33.813	34.1052	35.554
Sgr-CMvi_053-Ex1-cssl.clmp.r1r2_fastp	36.3397	35.6252	35.8783	35.8886	36.0057	35.9984	36.0125	36.0096	36.0275	36.0009	36.0283	36.0134	36.0135	35.9767	35.9834	35.9655	35.9807	35.9499	35.9494	35.9249	35.9342	35.8802	35.8628	35.8253	35.8155	35.7619	35.7397	35.7153	35.6958	35.663	35.6345	35.6156	35.597	35.5883	35.5561	35.5244	35.4544	35.4964	35.4727	35.4592	35.4206	35.4256	35.4221	35.3899	35.3754	35.3566	35.3346	35.3162	35.2886	35.307	35.2593	35.2648	35.2195	35.244	35.1885	35.2026	35.1519	35.1786	35.1449	35.146	35.1132	35.1308	35.064	35.0787	35.0233	35.0433	34.9866	35.0109	34.942	34.9811	34.9283	34.9357	34.8901	34.9052	34.8716	34.8893	34.8452	34.8647	34.8032	34.8075	34.7806	34.8031	34.7478	34.7445	34.7068	34.6932	34.6563	34.667	34.6469	34.6435	34.6227	34.6313	34.5974	34.6364	34.569	34.5544	34.5264	34.5347	34.5311	34.5345	34.5124	34.4877	34.4643	34.4715	34.4786	34.4563	34.4312	34.3901	34.4289	34.4065	34.39	34.3904	34.3788	34.3804	34.3963	34.403	34.3494	34.3374	34.3307	34.3083	34.3186	34.2921	34.3121	34.3292	34.3564	34.3627	34.3038	34.2992	34.2691	34.2124	34.2198	34.23	34.1808	34.1689	34.1396	34.1285	34.08	34.1347	34.0954	34.045	34.0025	33.9047	33.8797	33.8256	33.771	33.6969	33.7091	33.685	34.0083	35.5476
Sgr-CMvi_054-Ex1-cssl.clmp.r1r2_fastp	36.3206	35.6258	35.8757	35.9025	36.0102	36.004	36.0184	36.0121	36.0447	36.0074	36.0369	36.0205	36.0228	35.9881	35.9904	35.9673	35.9775	35.9559	35.9458	35.9178	35.9324	35.884	35.8634	35.8281	35.8152	35.7698	35.7328	35.7126	35.6894	35.6581	35.6329	35.6154	35.5987	35.5621	35.5494	35.5274	35.4612	35.4881	35.487	35.4682	35.427	35.4212	35.3981	35.3966	35.3636	35.3568	35.3379	35.3437	35.2957	35.2947	35.2709	35.2665	35.1987	35.2376	35.216	35.1999	35.1747	35.1898	35.1533	35.1481	35.1064	35.1261	35.0863	35.0872	35.0591	35.0939	35.036	35.0393	34.9967	35.0152	34.9486	34.9367	34.9005	34.9122	34.8696	34.8963	34.841	34.8741	34.8232	34.8279	34.7832	34.83	34.7599	34.7761	34.7417	34.7455	34.688	34.7218	34.687	34.7131	34.6769	34.663	34.6418	34.6765	34.6316	34.6019	34.5797	34.5861	34.5757	34.5598	34.5749	34.5461	34.5279	34.5411	34.4984	34.516	34.4926	34.501	34.4751	34.5049	34.4636	34.474	34.4579	34.475	34.4751	34.4833	34.4215	34.4085	34.4144	34.4091	34.3972	34.4242	34.4007	34.3828	34.408	34.4313	34.3839	34.3989	34.3045	34.312	34.3034	34.3049	34.2904	34.2719	34.2346	34.187	34.1688	34.195	34.1821	34.1173	34.1028	34.0105	33.9682	33.9084	33.8792	33.8513	33.814	33.7785	34.1036	35.6002
Sgr-CMvi_055-Ex1-cssl.clmp.r1r2_fastp	36.3357	35.6645	35.9151	35.9464	36.0648	36.0629	36.0765	36.0769	36.0772	36.0636	36.0945	36.0777	36.0901	36.0596	36.0646	36.0461	36.0647	36.0365	36.0346	36.0022	36.0081	35.9473	35.9367	35.9118	35.8865	35.8404	35.8212	35.8141	35.7868	35.7542	35.7325	35.7092	35.7057	35.6554	35.6478	35.6053	35.5547	35.5778	35.5799	35.5633	35.5363	35.5258	35.508	35.4945	35.4626	35.463	35.4066	35.4331	35.3706	35.4088	35.3859	35.3937	35.3198	35.3583	35.307	35.3214	35.2726	35.2609	35.2373	35.2191	35.1861	35.2313	35.1601	35.1692	35.1228	35.1445	35.0966	35.1187	35.063	35.0931	35.0318	35.0308	35.0211	34.9954	34.9617	34.9842	34.969	34.9479	34.8981	34.8851	34.8682	34.8995	34.8614	34.8479	34.8276	34.8264	34.7582	34.7726	34.7169	34.7676	34.7367	34.7475	34.7164	34.7549	34.7003	34.6688	34.6476	34.6835	34.6529	34.6589	34.6677	34.636	34.569	34.6056	34.5525	34.5936	34.5472	34.554	34.5557	34.5654	34.5074	34.5226	34.5428	34.5257	34.5285	34.5746	34.5077	34.4848	34.4511	34.4505	34.4252	34.4271	34.4157	34.4312	34.4321	34.474	34.4179	34.4294	34.3554	34.3318	34.3269	34.3617	34.3014	34.2971	34.2534	34.2184	34.2094	34.2145	34.2163	34.1144	34.1487	34.0372	33.9797	33.9066	33.9143	33.8277	33.8565	33.8019	34.1345	35.6084
Sgr-CMvi_057-Ex1-cssl.clmp.r1r2_fastp	36.4053	35.8058	35.9954	35.9968	36.1045	36.0918	36.12	36.1149	36.135	36.102	36.1195	36.0855	36.0971	36.0751	36.0811	36.0547	36.0726	36.0385	36.0498	36.0112	36.0306	35.9755	35.9594	35.9094	35.9049	35.8573	35.8501	35.8166	35.7997	35.7803	35.7368	35.703	35.702	35.6806	35.6598	35.6196	35.5651	35.5692	35.5654	35.5506	35.5375	35.5258	35.4522	35.4489	35.4587	35.4322	35.4187	35.3965	35.3751	35.3952	35.3282	35.3622	35.309	35.3207	35.2891	35.28	35.2343	35.2541	35.2147	35.2248	35.1624	35.1894	35.1439	35.131	35.0999	35.1289	35.0694	35.0688	35.0466	35.0454	34.9805	34.9269	34.9357	34.9577	34.9073	34.9222	34.8882	34.9073	34.8526	34.8392	34.8065	34.8306	34.8113	34.7814	34.7514	34.7346	34.691	34.7287	34.6698	34.7087	34.6665	34.6552	34.6258	34.6687	34.6368	34.6119	34.5682	34.5862	34.5364	34.558	34.5484	34.5303	34.4914	34.5159	34.4532	34.4829	34.4571	34.4421	34.4786	34.4288	34.4234	34.389	34.4148	34.4156	34.4377	34.4267	34.3668	34.3057	34.3499	34.3268	34.3125	34.2735	34.3416	34.2144	34.3191	34.2917	34.3141	34.2465	34.1962	34.2024	34.2202	34.1324	34.1719	34.0867	34.087	34.0158	34.0348	33.9871	34.0266	33.9984	33.9302	33.8559	33.8403	33.7585	33.6835	33.605	33.5901	33.5386	33.9229	35.5063
Sgr-CMvi_058-Ex1-cssl.clmp.r1r2_fastp	36.3126	35.5813	35.8326	35.8595	35.9658	35.9542	35.9566	35.9706	35.9836	35.949	35.9871	35.9639	35.9492	35.9456	35.9388	35.914	35.9256	35.908	35.9006	35.8805	35.8598	35.8322	35.7874	35.7586	35.7509	35.6987	35.6662	35.6515	35.6275	35.6105	35.5761	35.562	35.5403	35.532	35.4898	35.4827	35.397	35.4388	35.4283	35.4061	35.3725	35.3801	35.3593	35.3483	35.3126	35.3193	35.2928	35.2824	35.2629	35.2495	35.221	35.241	35.1836	35.1895	35.1557	35.1714	35.1175	35.1393	35.1067	35.0886	35.0547	35.0755	35.048	35.0547	35.0092	35.0222	34.9839	34.9725	34.9423	34.9461	34.9374	34.8995	34.8881	34.8909	34.8777	34.8687	34.8511	34.8593	34.828	34.8161	34.796	34.8098	34.7703	34.7652	34.7483	34.7596	34.7266	34.741	34.6809	34.7157	34.689	34.6896	34.6642	34.6761	34.6647	34.6292	34.6149	34.6162	34.6285	34.6212	34.6052	34.5892	34.5641	34.5756	34.554	34.5608	34.5322	34.509	34.5308	34.5553	34.5186	34.51	34.5288	34.511	34.5391	34.5212	34.4959	34.4734	34.4778	34.4398	34.4664	34.4455	34.4649	34.4438	34.4841	34.4867	34.4781	34.4594	34.4258	34.3901	34.404	34.4013	34.365	34.3562	34.3257	34.2849	34.3023	34.2758	34.2815	34.2317	34.1696	34.1101	34.0826	34.0057	33.9792	33.9463	33.9417	33.8795	34.1684	35.5906
Sgr-CMvi_060-Ex1-cssl.clmp.r1r2_fastp	36.3731	35.7695	35.9853	35.9816	36.1064	36.0994	36.1053	36.1189	36.1284	36.1012	36.1098	36.0863	36.104	36.0958	36.0962	36.0894	36.0886	36.0694	36.0512	36.033	36.0164	35.9859	35.9467	35.9426	35.9182	35.8574	35.8564	35.8474	35.8341	35.8016	35.7592	35.7314	35.7178	35.7116	35.6505	35.6686	35.6016	35.6137	35.6045	35.594	35.5842	35.5992	35.5184	35.5435	35.5084	35.5199	35.4696	35.4834	35.4573	35.4564	35.4337	35.4373	35.3618	35.4194	35.3788	35.3778	35.3273	35.3515	35.3078	35.3066	35.2562	35.2914	35.2805	35.2771	35.2362	35.2275	35.2573	35.1481	35.1835	35.172	35.1352	35.0855	35.0784	35.117	35.0815	35.0474	35.0096	35.1069	34.9725	34.9837	34.9682	35.0307	34.9521	34.9966	34.9159	34.9277	34.8562	34.9026	34.8041	34.8564	34.8222	34.8604	34.7807	34.8328	34.7558	34.7753	34.69	34.7686	34.6926	34.7269	34.7033	34.6819	34.6181	34.6767	34.5879	34.6151	34.564	34.654	34.5696	34.6227	34.5389	34.5836	34.5156	34.5191	34.5741	34.5514	34.4905	34.4644	34.51	34.4329	34.4822	34.4437	34.4552	34.4581	34.4731	34.4528	34.452	34.4117	34.3806	34.3587	34.4504	34.3758	34.3822	34.28	34.2684	34.2324	34.2057	34.2766	34.1987	34.1887	34.1341	34.1089	33.9922	33.9766	33.9146	33.8772	33.7902	33.8215	34.0755	35.5869
Sgr-CMvi_061-Ex1-cssl.clmp.r1r2_fastp	36.3913	35.7847	36.02	36.0367	36.1374	36.1406	36.1386	36.1521	36.1681	36.1433	36.1577	36.1464	36.1345	36.1197	36.1275	36.1225	36.1245	36.1008	36.0968	36.065	36.0761	36.0492	36.0209	35.982	35.9628	35.9303	35.8851	35.8279	35.8207	35.8047	35.7967	35.7331	35.7397	35.7448	35.6564	35.6829	35.6489	35.6241	35.6293	35.6163	35.5971	35.5868	35.5603	35.5877	35.5507	35.5499	35.5338	35.5024	35.4838	35.4678	35.421	35.4157	35.4161	35.4207	35.3593	35.3656	35.3525	35.353	35.3536	35.3171	35.3349	35.2765	35.2684	35.269	35.2617	35.2248	35.2664	35.1855	35.1622	35.1615	35.1275	35.1339	35.0431	35.0864	35.0666	35.0707	34.9933	34.9944	35.0064	34.9994	34.9383	35.0005	34.8992	34.902	34.8223	34.8846	34.7653	34.8348	34.8078	34.7901	34.7673	34.8132	34.8065	34.781	34.742	34.7553	34.72	34.696	34.6557	34.706	34.6259	34.6637	34.5286	34.6442	34.5531	34.6796	34.5286	34.5986	34.5366	34.5579	34.5061	34.5233	34.4754	34.5244	34.5119	34.5713	34.4096	34.428	34.3509	34.4025	34.392	34.4205	34.4276	34.4213	34.373	34.455	34.316	34.4739	34.2264	34.3213	34.2428	34.3476	34.196	34.2342	34.0947	34.1576	34.0865	34.193	34.0471	34.13	33.9363	34.0255	33.9198	33.865	33.8447	33.805	33.6477	33.785	33.9915	35.5826
Sgr-CMvi_063-Ex1-cssl.clmp.r1r2_fastp	36.3429	35.6854	35.9294	35.951	36.0532	36.0573	36.0549	36.0598	36.0693	36.0468	36.0773	36.0481	36.0606	36.0351	36.0435	36.0093	36.0122	36.0004	35.9969	35.9619	35.9804	35.9155	35.8934	35.8422	35.8373	35.7688	35.7612	35.7144	35.7317	35.6698	35.6735	35.6346	35.642	35.5761	35.5741	35.5427	35.4772	35.4962	35.4799	35.4979	35.44	35.4198	35.4119	35.383	35.3864	35.3813	35.3249	35.3153	35.2899	35.2968	35.2727	35.2412	35.2037	35.2197	35.1851	35.185	35.1491	35.1374	35.0791	35.0951	35.0655	35.0738	35.0431	35.0558	35.0018	35.0101	34.9909	34.9706	34.929	34.9604	34.934	34.8934	34.8806	34.8559	34.8464	34.8586	34.8352	34.824	34.7883	34.7668	34.7706	34.7628	34.7121	34.7397	34.6967	34.7006	34.6686	34.6702	34.6356	34.6939	34.6401	34.6132	34.6098	34.6212	34.5987	34.5323	34.5451	34.5234	34.5077	34.5343	34.5	34.4729	34.4716	34.5073	34.4293	34.4842	34.4284	34.4111	34.4143	34.405	34.392	34.4087	34.3946	34.3764	34.4194	34.4355	34.3766	34.3107	34.326	34.2978	34.3272	34.2981	34.3058	34.2873	34.318	34.3219	34.3252	34.2905	34.2693	34.208	34.2282	34.2015	34.2452	34.1418	34.1765	34.0649	34.0713	34.0609	34.0871	34.0255	33.9624	33.896	33.8391	33.7743	33.7597	33.713	33.6627	33.5901	33.9698	35.5433
Sgr-CMvi_064-Ex1-cssl.clmp.r1r2_fastp	36.3666	35.6987	35.9152	35.9254	36.0281	36.0148	36.0217	36.0293	36.0479	36.017	36.0397	36.0182	36.0135	35.9937	35.9956	35.975	35.9931	35.9704	35.9647	35.9466	35.9473	35.9136	35.8847	35.8421	35.8393	35.789	35.7737	35.7331	35.723	35.6824	35.6725	35.6519	35.6388	35.6039	35.59	35.5591	35.5157	35.535	35.522	35.5123	35.4623	35.4595	35.4414	35.4309	35.4279	35.3986	35.3904	35.3796	35.3582	35.3453	35.3202	35.3216	35.2893	35.2811	35.2569	35.2531	35.2167	35.2387	35.1851	35.1928	35.1472	35.1776	35.1369	35.1184	35.0934	35.0962	35.0626	35.0567	35.0192	35.0177	35.0095	34.9873	34.9645	34.9736	34.9372	34.9421	34.9208	34.929	34.8687	34.8652	34.8371	34.8471	34.8326	34.8149	34.7969	34.7759	34.7447	34.7447	34.7141	34.7578	34.7198	34.708	34.6992	34.7207	34.6694	34.6461	34.6254	34.6004	34.5972	34.6323	34.6176	34.5835	34.5282	34.5607	34.521	34.5249	34.5026	34.4756	34.4704	34.5157	34.4477	34.4927	34.4407	34.462	34.483	34.4616	34.4269	34.4016	34.3851	34.3853	34.365	34.3829	34.3873	34.3807	34.3856	34.4247	34.3728	34.3625	34.3093	34.3041	34.2948	34.3192	34.2343	34.2556	34.2314	34.1734	34.1481	34.1751	34.1527	34.1353	34.0255	34.0092	33.9381	33.8787	33.8106	33.8051	33.7806	33.7308	34.0269	35.5618
Sgr-CMvi_065-Ex1-cssl.clmp.r1r2_fastp	36.3718	35.7286	35.97	35.975	36.0915	36.0683	36.0929	36.0972	36.1118	36.0782	36.097	36.0827	36.078	36.0457	36.0657	36.0446	36.0601	36.0173	36.0232	36.0041	35.9946	35.9489	35.9212	35.8882	35.8555	35.8398	35.821	35.7758	35.7768	35.7365	35.6905	35.6841	35.6821	35.65	35.606	35.6079	35.5421	35.588	35.5304	35.5488	35.4977	35.508	35.469	35.4937	35.4201	35.4351	35.4065	35.3927	35.3468	35.3885	35.3227	35.3476	35.2896	35.3223	35.2801	35.2882	35.223	35.2698	35.1415	35.2031	35.1215	35.1757	35.1162	35.1359	35.0551	35.1336	35.0527	35.1188	35.0107	35.0883	35.0085	34.9823	34.9287	34.9868	34.9367	34.9395	34.9021	34.9331	34.8865	34.8853	34.8353	34.8238	34.778	34.8055	34.7348	34.7452	34.7371	34.7249	34.6907	34.7732	34.6887	34.7277	34.7133	34.7198	34.6507	34.6524	34.6196	34.6192	34.5955	34.635	34.5873	34.5442	34.5433	34.5202	34.5013	34.5578	34.4703	34.4914	34.4883	34.5724	34.4515	34.531	34.4415	34.4866	34.4956	34.5371	34.4539	34.3781	34.4271	34.3899	34.3872	34.3718	34.4107	34.3726	34.404	34.414	34.3736	34.4062	34.3041	34.3533	34.2929	34.3117	34.3187	34.264	34.2001	34.1954	34.1709	34.1863	34.1333	34.1427	34.0931	33.992	33.9713	33.8758	33.8205	33.7495	33.7135	33.6963	34.1234	35.5852
Sgr-CMvi_066-Ex1-cssl.clmp.r1r2_fastp	36.4048	35.7765	36.0098	36.0184	36.1381	36.1278	36.1391	36.138	36.1686	36.134	36.1732	36.1484	36.1549	36.1174	36.1311	36.1123	36.1041	36.0821	36.0844	36.0679	36.0823	36.0281	36.0159	35.9433	35.928	35.9017	35.9116	35.864	35.8376	35.8079	35.7714	35.7385	35.7348	35.7016	35.7061	35.6452	35.5996	35.5949	35.6248	35.5711	35.5581	35.5079	35.5161	35.4891	35.4756	35.4777	35.446	35.4019	35.3812	35.3919	35.3619	35.3658	35.3503	35.3343	35.3084	35.3121	35.2742	35.2386	35.2318	35.2255	35.2054	35.2232	35.1544	35.1302	35.1334	35.1306	35.0914	35.0845	34.9899	35.0572	34.9797	34.9729	34.9419	34.9688	34.9296	34.958	34.8761	34.913	34.8529	34.8868	34.8583	34.878	34.8024	34.8423	34.7787	34.754	34.6871	34.7221	34.6882	34.6835	34.6678	34.648	34.6465	34.6749	34.6604	34.5947	34.5773	34.5536	34.5667	34.5922	34.5853	34.5479	34.5643	34.5265	34.5178	34.5179	34.5193	34.5205	34.484	34.5246	34.4585	34.5081	34.4895	34.4415	34.5096	34.4923	34.4316	34.3804	34.4081	34.3747	34.3857	34.3338	34.3721	34.3451	34.3842	34.4158	34.32	34.3303	34.2324	34.306	34.2576	34.2153	34.1876	34.2355	34.1561	34.0947	34.0728	34.0934	34.1659	34.0756	34.0336	33.953	33.8867	33.7638	33.7455	33.7022	33.6892	33.6115	33.9644	35.4897
Sgr-CMvi_067-Ex1-cssl.clmp.r1r2_fastp	36.4185	35.8545	36.0312	36.0425	36.1391	36.126	36.1337	36.1567	36.1751	36.1306	36.1846	36.1149	36.1207	36.0991	36.1513	36.0629	36.1331	36.0858	36.1193	36.0796	36.0616	36.033	36.0163	35.9628	35.9742	35.9124	35.9099	35.8762	35.8834	35.8345	35.8058	35.7887	35.7918	35.7663	35.7605	35.7006	35.7042	35.6932	35.6832	35.6666	35.6288	35.622	35.5933	35.5654	35.6153	35.557	35.5564	35.517	35.5419	35.5046	35.4868	35.4442	35.4948	35.4192	35.4325	35.4518	35.4	35.3793	35.4145	35.3547	35.3661	35.3461	35.3216	35.2936	35.324	35.3173	35.2696	35.2192	35.2671	35.1976	35.2231	35.1521	35.214	35.162	35.1644	35.1453	35.1882	35.0747	35.113	35.0645	35.049	35.0708	35.0498	34.9852	35.0246	34.9655	34.9861	34.9441	34.9972	34.9153	34.9614	34.9184	34.9028	34.8757	34.9053	34.7773	34.8625	34.7598	34.8115	34.7234	34.8514	34.7565	34.7856	34.7328	34.7651	34.695	34.671	34.6374	34.6814	34.6628	34.6634	34.6392	34.6499	34.6835	34.7125	34.6762	34.6315	34.6116	34.6732	34.616	34.608	34.5737	34.5954	34.5257	34.6215	34.5559	34.6077	34.5157	34.6122	34.4484	34.5578	34.4529	34.4849	34.4689	34.3858	34.34	34.275	34.2865	34.3933	34.2858	34.2561	34.2356	34.0911	34.1511	33.9994	34.0442	33.8763	33.9459	34.1175	35.6464
Sgr-CMvi_070-Ex1-cssl.clmp.r1r2_fastp	36.411	35.8362	36.029	36.0513	36.1406	36.1278	36.1398	36.1492	36.1703	36.1321	36.1558	36.1321	36.1232	36.0979	36.1028	36.09	36.0952	36.0637	36.0868	36.0525	36.0487	36.009	35.979	35.9545	35.9348	35.8879	35.8673	35.865	35.8213	35.8049	35.7716	35.7517	35.7437	35.7322	35.7091	35.6574	35.6199	35.628	35.6323	35.5903	35.5634	35.5529	35.5314	35.5346	35.5027	35.5283	35.4654	35.4477	35.445	35.4279	35.3875	35.4563	35.3658	35.3723	35.3349	35.3184	35.2864	35.3193	35.2687	35.2747	35.2196	35.2214	35.2048	35.1864	35.1997	35.1639	35.1226	35.1444	35.0687	35.0985	35.0822	35.0448	34.9961	35.0201	35.0135	35.0283	34.9774	34.9462	34.9009	34.9383	34.894	34.8986	34.8466	34.8355	34.7994	34.7961	34.7565	34.7852	34.7415	34.7444	34.7024	34.7169	34.6845	34.729	34.6542	34.661	34.6104	34.6313	34.635	34.6123	34.6193	34.5952	34.5587	34.5468	34.5429	34.5558	34.506	34.5151	34.5121	34.5051	34.4878	34.4629	34.4181	34.4609	34.4527	34.4656	34.4043	34.3634	34.3723	34.3346	34.3486	34.3295	34.3184	34.3346	34.395	34.3684	34.3126	34.316	34.3247	34.2458	34.282	34.221	34.228	34.1844	34.2222	34.109	34.1105	34.1276	34.0829	34.0567	33.9892	33.9171	33.8876	33.7825	33.7638	33.691	33.6631	33.6645	33.9792	35.5494
Sgr-CMvi_071-Ex1-cssl.clmp.r1r2_fastp	36.3313	35.6402	35.869	35.8848	36.0022	35.9914	36.0085	36.0056	36.0349	35.9791	36.026	36.003	36.0007	35.976	35.9702	35.9466	35.9681	35.9443	35.944	35.8939	35.9072	35.8674	35.8439	35.8075	35.8019	35.7323	35.7174	35.6825	35.6716	35.6388	35.6231	35.5891	35.595	35.5432	35.5305	35.5053	35.4416	35.4535	35.4603	35.4396	35.4059	35.4095	35.3839	35.3643	35.344	35.3276	35.3029	35.2894	35.2673	35.2372	35.2266	35.2341	35.1826	35.2079	35.1665	35.1696	35.1344	35.1493	35.0962	35.1024	35.0405	35.0876	35.0294	35.0222	34.9782	35.0161	34.945	34.9781	34.9071	34.9463	34.9022	34.8931	34.8496	34.8629	34.8168	34.8223	34.7973	34.8054	34.7567	34.7546	34.7271	34.7455	34.6963	34.6869	34.6607	34.6623	34.6125	34.6415	34.589	34.6057	34.5829	34.5786	34.5397	34.5853	34.5113	34.5145	34.4652	34.5022	34.4417	34.4751	34.442	34.4365	34.4199	34.4092	34.3812	34.4126	34.3486	34.33	34.3379	34.331	34.3155	34.33	34.3275	34.3185	34.3441	34.3079	34.2616	34.2448	34.2497	34.2312	34.2376	34.2323	34.2289	34.2205	34.2539	34.2628	34.2318	34.2006	34.1627	34.1241	34.1422	34.1402	34.1047	34.093	34.0436	33.9837	34.0096	33.9998	34.018	33.946	33.9016	33.8161	33.7785	33.7003	33.6752	33.6001	33.6065	33.5822	33.9199	35.5454
Sgr-CMvi_072-Ex1-cssl.clmp.r1r2_fastp	36.3411	35.6553	35.8552	35.8916	35.9979	35.9966	35.9986	36.0037	36.0246	35.9863	36.0129	35.9928	35.9809	35.9727	35.9742	35.9536	35.9565	35.9434	35.944	35.9065	35.9038	35.8752	35.8306	35.7892	35.7839	35.7357	35.7067	35.6909	35.661	35.6245	35.6115	35.5999	35.5815	35.5571	35.5336	35.4953	35.4296	35.4693	35.4577	35.4383	35.4016	35.3979	35.3714	35.368	35.3341	35.3382	35.3008	35.2854	35.2523	35.2619	35.2317	35.2486	35.185	35.1965	35.1676	35.1642	35.1248	35.1414	35.0855	35.0894	35.0475	35.0838	35.0119	35.0458	34.9797	35.0247	34.968	34.9761	34.9153	34.9432	34.9004	34.8789	34.8441	34.8686	34.834	34.873	34.8087	34.8301	34.7631	34.7837	34.7296	34.7549	34.7057	34.6997	34.6697	34.6504	34.6381	34.6336	34.6115	34.6228	34.6148	34.6119	34.5552	34.5864	34.5656	34.5153	34.5029	34.4891	34.4832	34.5197	34.49	34.48	34.4364	34.4787	34.4069	34.4484	34.4223	34.4203	34.4166	34.3893	34.3532	34.3732	34.3663	34.3712	34.3929	34.3688	34.326	34.3379	34.3121	34.2789	34.2829	34.2919	34.2839	34.2988	34.3095	34.3277	34.2777	34.2826	34.2177	34.1891	34.2044	34.2282	34.1758	34.1265	34.1114	34.0554	34.088	34.0562	34.0783	34.0048	33.9439	33.8421	33.8685	33.7887	33.7466	33.706	33.6887	33.6474	34.0224	35.5679
Sgr-CMvi_074-Ex1-cssl.clmp.r1r2_fastp	36.4083	35.789	36.0083	36.0078	36.0944	36.1032	36.1227	36.1158	36.1173	36.0779	36.1237	36.0987	36.0968	36.0572	36.072	36.0646	36.0858	36.0429	36.0413	36.004	36.0459	35.9854	35.9625	35.9232	35.9004	35.8837	35.857	35.8089	35.7894	35.7612	35.7433	35.7307	35.7057	35.6866	35.6631	35.6087	35.5739	35.5842	35.5652	35.5878	35.5247	35.5364	35.4991	35.5213	35.4517	35.4673	35.435	35.4347	35.3592	35.3833	35.3594	35.3489	35.3159	35.3098	35.2886	35.2816	35.2409	35.2356	35.1762	35.16	35.1368	35.1854	35.1404	35.1949	35.1165	35.1295	35.0684	35.0883	35.0041	35.0585	34.9525	34.9787	34.9291	34.989	34.8928	34.9342	34.8981	34.9266	34.8048	34.8465	34.7862	34.8262	34.7533	34.7593	34.7313	34.7021	34.6968	34.6994	34.6493	34.6318	34.5893	34.6527	34.5509	34.6545	34.5543	34.5901	34.5208	34.5627	34.4901	34.5259	34.4559	34.4575	34.4576	34.4433	34.386	34.4043	34.3816	34.4378	34.3763	34.3978	34.3593	34.3541	34.2889	34.355	34.3595	34.4177	34.2732	34.2867	34.2653	34.3059	34.2668	34.2808	34.2325	34.253	34.2748	34.2725	34.2405	34.2366	34.1387	34.0574	34.1527	34.1166	34.0727	34.0734	34.0525	34.0021	33.9764	34.0166	34.01	34.0429	33.9066	33.8578	33.7413	33.6929	33.6307	33.6154	33.5706	33.5969	33.913	35.5442
Sgr-CMvi_076-Ex1-cssl.clmp.r1r2_fastp	36.3026	35.634	35.8981	35.9187	36.0187	36.0199	36.0289	36.0397	36.0578	36.0156	36.0449	36.0329	36.0373	36.0107	36.0092	36.0049	36.0105	35.9922	35.9889	35.9517	35.9538	35.9159	35.8856	35.8639	35.8407	35.8065	35.7747	35.7523	35.7283	35.7039	35.6576	35.6769	35.6582	35.609	35.5805	35.561	35.4875	35.5416	35.522	35.5161	35.4943	35.4662	35.4567	35.4611	35.4351	35.4114	35.384	35.3977	35.3336	35.3495	35.3136	35.3315	35.2868	35.3021	35.2437	35.2636	35.2138	35.2293	35.1871	35.1781	35.148	35.18	35.122	35.1321	35.099	35.1065	35.0785	35.0687	35.0309	35.0329	35.0174	34.9867	34.9646	34.9788	34.9503	34.9763	34.9056	34.917	34.8645	34.861	34.8532	34.84	34.8032	34.8016	34.7828	34.7508	34.7208	34.7145	34.7328	34.7104	34.7005	34.6678	34.6568	34.6798	34.6718	34.6291	34.6235	34.6275	34.5839	34.6244	34.6135	34.5542	34.5313	34.5442	34.5538	34.5291	34.5259	34.5304	34.5117	34.5039	34.4839	34.447	34.4711	34.4631	34.5266	34.4673	34.4707	34.4288	34.4352	34.4016	34.3993	34.4074	34.3861	34.3514	34.4468	34.4318	34.4244	34.3777	34.347	34.3041	34.3055	34.3035	34.305	34.2485	34.2488	34.1578	34.1968	34.1514	34.1825	34.1065	34.0716	33.9544	33.9499	33.8823	33.8751	33.8347	33.8155	33.7906	34.132	35.5605
Sgr-CMvi_077-Ex1-cssl.clmp.r1r2_fastp	36.3599	35.7008	35.9311	35.9521	36.0534	36.0485	36.0623	36.0632	36.0905	36.0578	36.0858	36.0651	36.0673	36.0314	36.0425	36.0245	36.0315	36.0086	36.0062	35.9698	35.988	35.9419	35.9261	35.8656	35.8565	35.797	35.7842	35.7454	35.737	35.6923	35.6776	35.6542	35.6483	35.6148	35.6037	35.5682	35.4984	35.5436	35.5082	35.4972	35.4651	35.4534	35.4198	35.3967	35.3921	35.3977	35.3588	35.3294	35.3235	35.3244	35.2882	35.3131	35.2385	35.257	35.2295	35.2161	35.1897	35.1974	35.1681	35.162	35.127	35.1249	35.0897	35.0855	35.0302	35.0483	35.0214	34.9924	34.9576	34.9636	34.9667	34.9258	34.9031	34.9275	34.8798	34.8847	34.8673	34.8826	34.8355	34.8433	34.7922	34.7687	34.7694	34.7466	34.7438	34.7066	34.6732	34.6881	34.6502	34.673	34.6661	34.616	34.6055	34.5811	34.5984	34.5554	34.5239	34.5269	34.5005	34.5383	34.5105	34.5131	34.4758	34.472	34.4679	34.4583	34.4455	34.4376	34.4335	34.4332	34.3732	34.3756	34.3816	34.3784	34.4252	34.3781	34.3375	34.3325	34.3248	34.3266	34.2876	34.2958	34.2906	34.2954	34.3069	34.3198	34.2849	34.2725	34.2383	34.1808	34.2105	34.209	34.1506	34.1364	34.1232	34.0712	34.067	34.0809	34.0891	34.0423	33.9505	33.8835	33.8307	33.7797	33.7337	33.695	33.671	33.668	33.962	35.5446
Sgr-CMvi_083-Ex1-cssl.clmp.r1r2_fastp	36.4163	35.8597	36.0824	36.0598	36.1999	36.158	36.185	36.1539	36.2074	36.1425	36.177	36.1514	36.14	36.135	36.1391	36.1361	36.1474	36.1068	36.1289	36.0672	36.0931	36.0416	36.0297	35.9753	35.9695	35.9263	35.9416	35.9091	35.8376	35.7991	35.8117	35.8047	35.8103	35.7672	35.76	35.7085	35.6747	35.6676	35.6999	35.6388	35.6241	35.6036	35.5914	35.5489	35.5004	35.5422	35.4891	35.4519	35.4537	35.4567	35.42	35.4705	35.3683	35.441	35.3941	35.3993	35.3235	35.3711	35.3074	35.311	35.2701	35.3208	35.2738	35.2842	35.2076	35.2782	35.185	35.1816	35.0932	35.2038	35.1451	35.1389	35.0896	35.1659	35.1093	35.0748	35.0033	35.0568	34.9717	35.0474	34.9706	35.0557	34.9055	34.9932	34.8728	34.9237	34.8209	34.9261	34.8556	34.8986	34.7991	34.8583	34.7555	34.8361	34.7502	34.7633	34.6606	34.7565	34.7265	34.7873	34.6867	34.7123	34.5798	34.695	34.5914	34.5975	34.5951	34.5706	34.5897	34.5749	34.5455	34.5779	34.5704	34.5788	34.5261	34.5752	34.4671	34.5592	34.5082	34.5104	34.3985	34.4504	34.4226	34.4282	34.4463	34.5087	34.3884	34.525	34.3231	34.3483	34.405	34.3513	34.3673	34.2812	34.2613	34.1845	34.1983	34.1741	34.1437	34.1947	33.9915	34.0259	33.9347	33.92	33.8579	33.8191	33.7493	33.8136	34.0108	35.5864
Sgr-CMvi_084-Ex1-cssl.clmp.r1r2_fastp	36.4445	36.0126	36.1611	36.1724	36.2696	36.3019	36.2938	36.3095	36.309	36.2717	36.3313	36.3215	36.3059	36.2981	36.2871	36.2769	36.287	36.3013	36.2841	36.2533	36.2494	36.2424	36.2137	36.1527	36.1473	36.1295	36.1389	36.1141	36.1149	36.0583	36.0623	36.0505	36.0129	36.0147	35.9906	35.9631	35.8987	35.9375	35.8807	35.936	35.9005	35.8795	35.8907	35.9061	35.8552	35.847	35.8293	35.8443	35.7928	35.824	35.7684	35.7975	35.743	35.7758	35.6972	35.6908	35.6576	35.7131	35.6275	35.6921	35.6265	35.6503	35.6198	35.6075	35.5499	35.6562	35.5562	35.5055	35.4697	35.5065	35.4682	35.5164	35.5013	35.4771	35.4702	35.4481	35.4504	35.4527	35.4477	35.4463	35.4007	35.3254	35.3603	35.3698	35.3127	35.3066	35.3051	35.2709	35.2242	35.2997	35.2458	35.2438	35.2178	35.268	35.1648	35.1813	35.1659	35.1579	35.094	35.2356	35.1627	35.1914	35.118	35.1378	35.1773	35.1434	35.1026	35.0825	35.0288	35.0092	35.0535	34.945	34.9923	34.9865	34.9835	35.0257	34.9633	34.9548	35.037	34.8629	34.8917	34.9104	34.9061	34.9242	34.8831	34.9062	34.8752	34.8584	34.8911	34.8368	34.8333	34.8847	34.7587	34.739	34.7789	34.703	34.77	34.6527	34.7083	34.6051	34.6226	34.4923	34.5198	34.3264	34.2677	34.2484	34.2941	34.201	34.5879	35.6838
Sgr-CMvi_085-Ex1-cssl.clmp.r1r2_fastp	36.3363	35.6731	35.8835	35.9124	36.0183	36.0021	36.0363	36.0371	36.0543	36.0189	36.0414	36.011	36.0176	35.9894	35.9906	35.9788	35.9723	35.9675	35.9469	35.9192	35.9351	35.8904	35.871	35.8045	35.7971	35.7549	35.7428	35.6944	35.69	35.643	35.6251	35.6063	35.6174	35.5586	35.5163	35.4996	35.4589	35.4756	35.4661	35.4547	35.4156	35.4074	35.371	35.3659	35.3313	35.3649	35.2809	35.2902	35.2617	35.2233	35.2026	35.2354	35.179	35.194	35.1722	35.1489	35.1121	35.1167	35.0762	35.0505	35.0463	35.0629	35.0034	35.0132	34.9432	34.9856	34.9583	34.9126	34.8946	34.871	34.8579	34.8602	34.8242	34.8194	34.8002	34.8021	34.7717	34.7672	34.7366	34.7351	34.668	34.7274	34.6856	34.6291	34.6421	34.6274	34.6129	34.6055	34.5602	34.6098	34.5482	34.558	34.5258	34.5712	34.5062	34.4879	34.4095	34.4428	34.4172	34.4487	34.4415	34.4025	34.3805	34.3788	34.3672	34.353	34.3172	34.3194	34.3436	34.3565	34.2956	34.3249	34.3215	34.3282	34.3043	34.3092	34.2682	34.2772	34.2466	34.2203	34.2304	34.2035	34.2014	34.1878	34.2663	34.2593	34.211	34.209	34.1436	34.1093	34.1071	34.1093	34.0714	34.0625	33.9882	33.9718	33.9647	33.999	33.9821	33.8939	33.8558	33.7681	33.7391	33.7047	33.6624	33.5976	33.5765	33.5829	33.8926	35.5144
Sgr-CMvi_086-Ex1-cssl.clmp.r1r2_fastp	36.4234	35.868	36.0662	36.067	36.1804	36.1471	36.1704	36.18	36.1925	36.1528	36.179	36.1667	36.1619	36.1365	36.1318	36.1204	36.144	36.1154	36.1174	36.0817	36.0778	36.0538	36.0517	35.9938	35.9905	35.9325	35.8898	35.8714	35.8658	35.84	35.8041	35.76	35.7605	35.7192	35.7419	35.7083	35.6391	35.6555	35.6553	35.6118	35.5934	35.5613	35.5518	35.5333	35.5254	35.4926	35.5078	35.4504	35.441	35.4604	35.3745	35.3786	35.3562	35.3817	35.3562	35.317	35.2772	35.2536	35.2531	35.2033	35.2147	35.2365	35.1832	35.1816	35.154	35.1717	35.1232	35.1393	35.0753	35.0958	35.0423	35.016	34.9932	34.9825	34.9146	34.9322	34.9005	34.927	34.9004	34.8584	34.8193	34.8425	34.784	34.8134	34.7634	34.7225	34.7259	34.7424	34.6738	34.7005	34.6805	34.668	34.6354	34.6742	34.5624	34.5597	34.5442	34.5388	34.4919	34.5745	34.5364	34.526	34.4555	34.4549	34.444	34.4546	34.4307	34.4023	34.3775	34.3846	34.3129	34.3375	34.3376	34.3055	34.3579	34.3432	34.2762	34.1895	34.2539	34.1886	34.1894	34.1279	34.2073	34.1968	34.1749	34.1445	34.1644	34.152	34.0814	34.029	34.0147	34.0698	33.9963	34.0046	33.9951	33.9252	33.9921	33.9103	33.9475	33.8812	33.8175	33.7449	33.6795	33.6069	33.5492	33.5076	33.4931	33.417	33.8381	35.4624
Sgr-CMvi_087-Ex1-cssl.clmp.r1r2_fastp	36.3577	35.7152	35.9397	35.956	36.0682	36.0482	36.0662	36.0669	36.0833	36.0459	36.0864	36.0642	36.0531	36.0362	36.0215	36.0071	36.0149	36.0242	36.0024	35.9817	35.9689	35.9386	35.9389	35.8859	35.8693	35.8051	35.77	35.764	35.7426	35.7086	35.6953	35.6964	35.6672	35.6284	35.6078	35.5911	35.5193	35.5596	35.5205	35.548	35.4967	35.5015	35.478	35.5249	35.4136	35.4241	35.3968	35.3749	35.3637	35.3503	35.273	35.3334	35.2877	35.3007	35.2647	35.2846	35.2344	35.2451	35.2224	35.2261	35.1615	35.1791	35.1745	35.1226	35.0946	35.1489	35.0669	35.0683	35.0432	35.0363	35.0	34.9769	34.9874	34.9939	34.9609	34.986	34.8921	34.9232	34.8771	34.9011	34.8937	34.8828	34.8647	34.785	34.7863	34.7853	34.7784	34.7273	34.7334	34.7377	34.7232	34.7207	34.6637	34.7185	34.6839	34.629	34.629	34.6357	34.5617	34.6419	34.6144	34.6026	34.568	34.5688	34.5282	34.551	34.5426	34.5039	34.4941	34.4592	34.4801	34.4296	34.5161	34.4874	34.5836	34.5166	34.422	34.4338	34.4348	34.4204	34.4348	34.4133	34.4786	34.463	34.4433	34.4998	34.4823	34.4391	34.4077	34.3215	34.363	34.4319	34.3589	34.3342	34.3258	34.2493	34.2636	34.1972	34.16	34.1331	34.066	33.9887	33.9424	33.9134	33.8377	33.7459	33.7737	33.7637	34.0546	35.5589
Sgr-CMvi_088-Ex1-cssl.clmp.r1r2_fastp	36.4131	35.8341	36.0495	36.0477	36.1607	36.1392	36.1602	36.1567	36.1742	36.1431	36.1744	36.1471	36.1389	36.1111	36.1319	36.093	36.1524	36.0864	36.1195	36.0858	36.1115	36.0399	36.0574	36.0047	35.9674	35.9373	35.9809	35.8687	35.8858	35.8681	35.846	35.8481	35.8187	35.7645	35.7965	35.7474	35.6896	35.7336	35.7241	35.6845	35.6727	35.6588	35.6098	35.5818	35.5866	35.5782	35.5719	35.5338	35.5189	35.5203	35.5106	35.5044	35.4677	35.4762	35.4191	35.4155	35.3851	35.4228	35.4106	35.3459	35.3575	35.3151	35.3623	35.2919	35.31	35.2572	35.2199	35.1812	35.1826	35.1972	35.1083	35.1071	35.1434	35.1713	35.1049	35.0585	35.0769	35.0812	35.0536	34.9889	35.0254	35.0056	34.9952	34.918	34.9181	34.8733	34.8525	34.8645	34.8672	34.8182	34.8071	34.78	34.8225	34.7569	34.7725	34.771	34.6949	34.7373	34.7651	34.7178	34.7508	34.6787	34.6969	34.6474	34.6403	34.5932	34.6304	34.6012	34.5942	34.6879	34.5339	34.5459	34.5716	34.5838	34.5986	34.5146	34.5457	34.5057	34.5076	34.497	34.5932	34.5389	34.4823	34.5241	34.5322	34.5424	34.5054	34.3649	34.4705	34.4018	34.4393	34.3427	34.3653	34.2843	34.298	34.2078	34.339	34.2112	34.2755	34.1894	34.163	34.016	34.0108	33.8724	33.8718	33.7871	33.7471	33.7201	34.1319	35.5771
Sgr-CMvi_089-Ex1-cssl.clmp.r1r2_fastp	36.3557	35.696	35.9368	35.9432	36.047	36.0396	36.0496	36.0536	36.0892	36.0387	36.0793	36.0554	36.0554	36.0271	36.0273	36.009	36.0201	35.9957	35.9922	35.9494	35.9678	35.9189	35.8996	35.8591	35.8496	35.7918	35.7805	35.7438	35.7303	35.7006	35.6773	35.6499	35.6511	35.6031	35.6085	35.5611	35.5139	35.5301	35.5143	35.4988	35.4563	35.4462	35.4267	35.4234	35.4065	35.3764	35.3586	35.3201	35.3316	35.3024	35.2772	35.2877	35.235	35.248	35.2037	35.1955	35.1876	35.1895	35.1489	35.1328	35.1118	35.1348	35.0837	35.0742	35.0373	35.0608	35.0467	35.0189	34.9663	34.9822	34.9401	34.9157	34.8896	34.9167	34.869	34.8757	34.8529	34.8678	34.8209	34.8257	34.7922	34.8132	34.7572	34.7519	34.7119	34.7111	34.6828	34.7005	34.6535	34.6876	34.6485	34.6349	34.595	34.6295	34.5845	34.5782	34.5426	34.5471	34.5313	34.555	34.5379	34.5105	34.4726	34.4925	34.459	34.4746	34.4266	34.4557	34.432	34.4306	34.3969	34.4044	34.4073	34.4068	34.4244	34.4001	34.3454	34.3135	34.3294	34.2838	34.3158	34.2978	34.3108	34.3147	34.3407	34.3504	34.3316	34.2964	34.2615	34.2278	34.2195	34.2164	34.1767	34.1539	34.1202	34.0887	34.0904	34.0821	34.0766	34.0352	33.9688	33.8937	33.8491	33.7763	33.7641	33.7018	33.6771	33.6281	33.9742	35.5606
Sgr-CMvi_092-Ex1-cssl.clmp.r1r2_fastp	36.4023	35.9471	36.1521	36.162	36.2631	36.2587	36.2828	36.2676	36.2924	36.2984	36.3061	36.3088	36.3097	36.2795	36.2916	36.2619	36.2596	36.2848	36.2858	36.2594	36.2635	36.2256	36.2089	36.1932	36.1649	36.1671	36.1513	36.1596	36.1199	36.0791	36.1013	36.0587	36.0739	36.0404	36.0449	36.0213	35.9828	36.0034	35.9746	35.9492	35.946	35.9118	35.9205	35.9261	35.9075	35.8873	35.9105	35.8463	35.8458	35.8335	35.8244	35.8268	35.8464	35.8423	35.8227	35.8103	35.7653	35.8047	35.7642	35.7134	35.7722	35.723	35.7127	35.7375	35.7101	35.6995	35.6683	35.6439	35.6723	35.6289	35.657	35.651	35.6599	35.6528	35.6096	35.6095	35.5671	35.5943	35.5776	35.5732	35.579	35.5201	35.5304	35.5173	35.5034	35.4796	35.466	35.4807	35.4564	35.4593	35.4597	35.4581	35.4265	35.4352	35.3764	35.3726	35.3982	35.3567	35.3884	35.3994	35.3774	35.3012	35.3378	35.352	35.3087	35.3354	35.3043	35.2915	35.3218	35.3385	35.3194	35.2178	35.2754	35.2834	35.2545	35.2409	35.2031	35.2397	35.2336	35.1864	35.1704	35.113	35.1584	35.1221	35.1339	35.1918	35.1558	35.1513	35.0404	35.0682	35.0649	35.0704	34.987	34.988	34.9361	34.888	34.8813	34.869	34.9257	34.8445	34.8041	34.7154	34.6926	34.6013	34.5545	34.4447	34.4497	34.4945	34.723	35.7193
