Sample	1	2	3	4	5	6	7	8	9	10	11	12	13	14	15	16	17	18	19	20	21	22	23	24	25	26	27	28	29	30	31	32	33	34	35	36	37	38	39	40	41	42	43	44	45	46	47	48	49	50	51	52	53	54	55	56	57	58	59	60	61	62	63	64	65	66	67	68	69	70	71	72	73	74	75	76	77	78	79	80	81	82	83	84	85	86	87	88	89	90	91	92	93	94	95	96	97	98	99	100	101	102	103	104	105	106	107	108	109	110	111	112	113	114	115	116	117	118	119	120	121	122	123	124	125	126	127	128	129	130	131	132	133	134	135	136	137	138	139	140	141	142	143	144	145	146	147	148	149	150
AeA01001_CKDL210012719-1a-AK9141-7UDI214_HF5TCDSX2_L1_fastp	36.4494	36.4165	36.4553	36.5116	36.529	36.5383	36.5234	36.4587	36.4944	36.5472	36.5246	36.5218	36.5757	36.5252	36.556	36.5218	36.4966	36.4686	36.5142	36.4533	36.4956	36.5163	36.5093	36.4829	36.441	36.4421	36.4224	36.4407	36.4064	36.3836	36.4262	36.4682	36.4274	36.4177	36.3926	36.3501	36.2586	36.3545	36.2861	36.3399	36.2944	36.0582	35.9306	36.1781	32.3625	36.0708	36.2383	32.2541	31.8014	35.1939	33.3857	33.065	35.4539	34.7018	31.9451	32.9661	31.7989	33.5539	31.8568	31.6581	35.0462	32.144	31.2815	32.8837	34.5672	31.2873	32.9307	32.8228	32.5529	32.9013	33.8588	34.7693	35.3721	35.7194	35.894	35.9828	36.0458	36.0881	36.0956	36.1174	36.127	36.1345	36.1158	36.1304	36.1463	36.1317	36.1163	36.0935	36.0644	36.0723	36.0774	36.0368	35.9981	35.9578	35.9469	35.948	35.8989	35.8765	35.8519	35.825	35.7928	35.7474	35.7195	35.6981	35.6639	35.6093	35.5419	35.5058	35.4693	35.4232	35.3653	35.3328	35.2483	35.2015	35.1395	35.0704	35.0039	34.9274	34.8397	34.7588	34.6739	34.6115	34.5182	34.4224	34.3161	34.2101	34.1298	34.0283	33.9121	33.7845	33.7098	33.6192	33.4865	33.3821	33.2834	33.1454	33.0617	32.9746	32.8421	32.7353	32.6314	32.5653	32.5316	32.3658	32.2538	32.265	32.2734	32.1046	32.0999	32.1557
AeA01002_CKDL210012719-1a-AK9141-AK4971_HF5TCDSX2_L1_fastp	36.4286	36.3939	36.4427	36.4915	36.5128	36.5215	36.5062	36.4396	36.4787	36.5257	36.5063	36.5032	36.5538	36.5037	36.5338	36.4996	36.4752	36.4488	36.4894	36.4323	36.4721	36.4896	36.483	36.4552	36.4114	36.4088	36.3899	36.4117	36.3748	36.3544	36.3939	36.4385	36.3926	36.3834	36.3575	36.3139	36.2357	36.3205	36.254	36.3042	36.2614	36.0382	35.9004	36.1635	32.6731	36.082	36.2139	32.4575	31.9936	35.2703	33.3448	32.5988	34.8906	35.0515	32.1244	32.9676	31.9503	33.7299	31.9446	31.801	35.0289	32.2439	31.4192	32.9863	34.5545	31.4165	33.0206	32.9197	32.6564	32.9317	33.865	34.7512	35.338	35.6755	35.8501	35.9366	35.9934	36.039	36.0472	36.068	36.0787	36.0875	36.0719	36.0878	36.1084	36.0936	36.0759	36.0547	36.0266	36.0371	36.0463	36.0074	35.9729	35.9369	35.9263	35.9346	35.8868	35.8631	35.8451	35.8202	35.7916	35.7499	35.7261	35.7102	35.6848	35.632	35.5646	35.5359	35.5025	35.4614	35.4046	35.376	35.2974	35.2516	35.191	35.1287	35.0641	34.9921	34.9027	34.8257	34.7435	34.6822	34.5939	34.4986	34.3947	34.2895	34.2134	34.1111	33.9969	33.8756	33.8012	33.7098	33.5809	33.4796	33.3791	33.2414	33.1615	33.0699	32.9388	32.8312	32.7272	32.6516	32.622	32.4509	32.338	32.3457	32.3508	32.17	32.1653	32.2143
AeA01003_CKDL210012719-1a-AK9141-AK1864_HF5TCDSX2_L1_fastp	36.4675	36.4118	36.4711	36.4965	36.5323	36.5394	36.4816	36.505	36.4977	36.4913	36.5218	36.4979	36.4973	36.4811	36.4904	36.4752	36.4811	36.4591	36.4627	36.4266	36.4704	36.4443	36.4424	36.4256	36.3922	36.3819	36.3675	36.3841	36.3769	36.351	36.3523	36.3695	36.3543	36.3524	36.3366	36.329	36.3066	36.3163	36.3045	36.3056	36.2882	36.2354	36.2048	36.2449	35.3692	36.2139	36.2644	35.3964	35.2563	36.0244	35.6231	35.7818	36.0776	35.8971	35.301	35.5332	35.2687	35.6895	35.272	35.196	35.9392	35.2914	35.0873	35.4288	35.7911	35.0623	35.4448	35.3937	35.3249	35.3193	35.6158	35.8522	35.9801	36.0553	36.0843	36.0869	36.1015	36.1126	36.0966	36.1068	36.1018	36.0955	36.0685	36.0763	36.0883	36.0657	36.045	36.0101	35.9733	35.9802	35.9828	35.9316	35.8822	35.8309	35.8183	35.817	35.7548	35.7256	35.6951	35.6604	35.619	35.5629	35.5258	35.4974	35.4519	35.3826	35.2968	35.2496	35.1995	35.1381	35.0654	35.0168	34.9113	34.8458	34.7647	34.6742	34.5856	34.4841	34.3691	34.2633	34.1499	34.0635	33.9439	33.8168	33.6795	33.5387	33.4345	33.2993	33.1464	32.9876	32.8872	32.7666	32.5974	32.4656	32.3297	32.1568	32.0486	31.9338	31.7648	31.6288	31.4948	31.4082	31.3644	31.1617	31.0218	31.0287	31.039	30.8363	30.8304	30.9015
AeA01004_CKDL210012719-1a-AK9141-AK7558_HF5TCDSX2_L1_fastp	36.3304	36.3029	36.386	36.4314	36.4694	36.4755	36.4445	36.4238	36.4395	36.4627	36.4633	36.4523	36.4821	36.4413	36.4607	36.4399	36.4254	36.3984	36.4316	36.376	36.4157	36.4193	36.4138	36.3834	36.3535	36.3405	36.3233	36.3423	36.3138	36.2896	36.3129	36.3469	36.3084	36.297	36.2802	36.2483	36.2021	36.2502	36.205	36.2346	36.2054	36.05	35.9839	36.1162	33.5355	36.0193	36.1608	33.7271	33.4143	35.4964	34.3442	33.9998	35.4797	35.302	33.4901	34.0858	33.3745	34.4744	33.4009	33.2619	35.377	33.566	33.0144	34.0204	35.0411	33.0175	34.0649	33.974	33.8032	33.9425	34.574	35.1661	35.5422	35.7646	35.8762	35.9217	35.9653	35.9914	35.9849	36.0044	36.0051	36.0142	35.9899	35.996	36.0176	35.9944	35.9705	35.9522	35.9118	35.9079	35.9207	35.8778	35.834	35.7784	35.7704	35.7708	35.716	35.6829	35.659	35.6176	35.5784	35.5258	35.4923	35.4591	35.4231	35.3586	35.2756	35.2279	35.1775	35.1154	35.0468	34.9812	34.8894	34.8207	34.7469	34.6602	34.5667	34.4533	34.3666	34.2599	34.1385	34.0677	33.9476	33.823	33.6949	33.561	33.4642	33.3256	33.1894	33.0465	32.9741	32.8326	32.6901	32.586	32.4598	32.2983	32.2323	32.1009	31.9574	31.8465	31.7311	31.6589	31.6238	31.4541	31.3346	31.348	31.3854	31.1711	31.1884	31.2607
AeA01005_CKDL210012719-1a-AK9141-7UDI308_HF5TCDSX2_L1_fastp	36.2395	36.2296	36.3171	36.3782	36.412	36.427	36.3935	36.3607	36.3857	36.4138	36.4156	36.3997	36.4436	36.3973	36.4144	36.3948	36.3753	36.3472	36.3741	36.3269	36.361	36.3764	36.3718	36.3307	36.2971	36.2791	36.2553	36.2767	36.2478	36.2319	36.254	36.2868	36.2523	36.2371	36.1926	36.1637	36.1155	36.1633	36.1204	36.1662	36.1199	35.9581	35.9073	36.0041	32.9286	35.9062	36.0827	33.16	32.6733	35.3179	33.9061	33.3889	35.0958	35.1408	32.9387	33.5686	32.7858	34.0451	32.7882	32.6559	35.154	33.0073	32.3737	33.564	34.7508	32.3642	33.611	33.5147	33.313	33.4664	34.1947	34.9043	35.3722	35.6363	35.7705	35.8255	35.8697	35.8991	35.8912	35.9154	35.9184	35.9256	35.9126	35.9213	35.9407	35.921	35.8962	35.8651	35.8276	35.8244	35.8431	35.7951	35.7399	35.7039	35.6889	35.6819	35.6315	35.5922	35.5676	35.5253	35.481	35.4225	35.3884	35.358	35.3194	35.2411	35.1609	35.1125	35.0564	34.9835	34.9068	34.8581	34.7543	34.6888	34.5998	34.5149	34.4231	34.3257	34.2158	34.1055	33.9887	33.9074	33.7982	33.6734	33.542	33.4185	33.3109	33.187	33.0331	32.9014	32.8119	32.6943	32.5382	32.4354	32.3018	32.1579	32.0766	31.9749	31.8172	31.6996	31.5837	31.5121	31.4902	31.3073	31.2231	31.2459	31.2594	31.1098	31.0914	31.1683
AeA01006_CKDL210012719-1a-AK9141-AK2587_HF5TCDSX2_L1_fastp	36.4415	36.3853	36.4502	36.4827	36.5162	36.5234	36.4785	36.4795	36.4836	36.4898	36.5056	36.4858	36.4991	36.4724	36.4871	36.4684	36.4679	36.4405	36.4552	36.4152	36.4549	36.4406	36.4385	36.4177	36.3809	36.3702	36.3573	36.3765	36.3589	36.335	36.347	36.3717	36.3473	36.345	36.3247	36.3064	36.2735	36.3024	36.2756	36.2917	36.2715	36.1691	36.1392	36.2057	34.4661	36.1419	36.2347	34.6156	34.3118	35.8117	34.9723	34.7992	35.7089	35.6841	34.4418	34.8201	34.3445	35.0902	34.364	34.2566	35.6677	34.4684	34.0751	34.7638	35.4203	34.0674	34.798	34.7352	34.6098	34.6212	35.0931	35.5063	35.7684	35.9189	35.989	36.0151	36.0412	36.0622	36.0531	36.0718	36.0721	36.0734	36.0511	36.0643	36.0862	36.0697	36.0544	36.0312	36.0043	36.019	36.0344	35.9967	35.9637	35.9297	35.9317	35.9473	35.9041	35.8944	35.882	35.8694	35.85	35.8173	35.8044	35.7996	35.7806	35.7369	35.6798	35.6589	35.6371	35.605	35.557	35.5375	35.4633	35.4271	35.375	35.315	35.2565	35.1879	35.1023	35.0228	34.9437	34.8858	34.7903	34.6917	34.5816	34.4707	34.384	34.2754	34.1424	34.0022	33.919	33.8083	33.6533	33.5294	33.406	33.2407	33.1323	33.0139	32.8487	32.7063	32.5646	32.4684	32.3978	32.1774	32.0194	32.0019	31.9692	31.7365	31.6988	31.7145
AeA01007_CKDL210012719-1a-AK9141-GC12_HF5TCDSX2_L1_fastp	36.4459	36.3884	36.4588	36.4877	36.5188	36.523	36.4709	36.4703	36.4761	36.4756	36.4976	36.4756	36.4879	36.4661	36.4781	36.4601	36.4607	36.434	36.4409	36.4015	36.4464	36.4298	36.4268	36.4047	36.366	36.3537	36.3394	36.3559	36.3454	36.319	36.3316	36.3544	36.3316	36.3278	36.3065	36.2887	36.2566	36.2834	36.2627	36.2781	36.2598	36.1691	36.1439	36.1957	34.6406	36.1368	36.2186	34.7763	34.5095	35.841	35.1102	34.875	35.7207	35.7569	34.6372	34.9561	34.5386	35.196	34.5563	34.4601	35.7209	34.6519	34.3106	34.9161	35.4994	34.2919	34.9307	34.8717	34.7605	34.7725	35.2045	35.5823	35.81	35.9453	36.0046	36.0227	36.0435	36.0591	36.0453	36.0623	36.0629	36.0608	36.0368	36.0504	36.0658	36.0432	36.017	35.9825	35.9427	35.9466	35.9508	35.9002	35.853	35.804	35.7923	35.7876	35.7243	35.6893	35.6556	35.6158	35.5731	35.5152	35.4767	35.4482	35.4023	35.3292	35.2424	35.1909	35.1329	35.0667	34.9885	34.9349	34.8245	34.758	34.6727	34.5774	34.485	34.3772	34.2556	34.1411	34.0201	33.9256	33.7991	33.6662	33.527	33.384	33.2748	33.1361	32.9823	32.8182	32.712	32.5867	32.4185	32.2847	32.1575	31.989	31.8885	31.7756	31.6192	31.485	31.3592	31.2766	31.2361	31.049	30.9215	30.9391	30.9637	30.7745	30.7747	30.8575
AeA01008_CKDL210012719-1a-AK9141-7UDI246_HF5TCDSX2_L1_fastp	36.4351	36.3892	36.4523	36.4847	36.5155	36.5213	36.4848	36.4663	36.4776	36.4945	36.4994	36.481	36.5059	36.4727	36.4885	36.4678	36.4609	36.4314	36.4529	36.4052	36.4466	36.4404	36.4362	36.4093	36.3686	36.3559	36.3374	36.3534	36.334	36.3102	36.327	36.3537	36.3224	36.3163	36.2906	36.264	36.2178	36.2583	36.246	36.2517	36.2234	36.0803	36.0435	36.1292	33.7415	36.0326	36.1588	33.9304	33.5255	35.5789	34.4812	34.089	35.4118	35.4411	33.7283	34.2263	33.6016	34.6096	33.615	33.4947	35.4134	33.7742	33.264	34.1876	35.1028	33.2474	34.2065	34.1311	33.9723	34.0568	34.6595	35.2087	35.5545	35.7596	35.8528	35.8883	35.9204	35.9457	35.9337	35.9536	35.9518	35.956	35.9266	35.937	35.9555	35.9327	35.908	35.872	35.8334	35.8385	35.8424	35.7943	35.7457	35.6975	35.6861	35.6834	35.6197	35.5879	35.5568	35.5191	35.4781	35.4246	35.3877	35.3594	35.3149	35.25	35.1644	35.1134	35.0626	35.0015	34.9246	34.8764	34.7712	34.7068	34.6225	34.5276	34.439	34.3326	34.2166	34.1043	33.9895	33.8934	33.7689	33.6376	33.5024	33.3604	33.2476	33.1092	32.9556	32.7901	32.6844	32.5642	32.3909	32.257	32.1286	31.9609	31.8495	31.7367	31.5763	31.4435	31.3138	31.2252	31.1817	30.9905	30.863	30.8762	30.8913	30.7006	30.7016	30.7754
AeA01009_CKDL210012719-1a-AK3905-7UDI214_HF5TCDSX2_L1_fastp	36.4784	36.4259	36.4817	36.5158	36.5468	36.5526	36.523	36.5327	36.5125	36.5174	36.5363	36.5212	36.5298	36.5046	36.5223	36.5026	36.4975	36.4667	36.4886	36.447	36.4848	36.4869	36.4769	36.4525	36.4159	36.4089	36.3922	36.4126	36.3857	36.3655	36.3752	36.3459	36.3565	36.3395	36.2725	36.3333	36.0057	36.3211	36.0534	36.2266	36.3028	36.2644	36.1174	36.213	34.5663	36.0129	36.2633	36.0254	36.1021	36.2302	36.0956	36.1729	36.2113	36.2112	35.9211	36.0723	35.7113	35.7469	35.7627	35.259	36.0939	35.8312	35.2266	35.4428	35.986	35.3092	35.5502	34.7115	34.5052	35.0174	35.4205	35.7797	35.9314	36.0103	36.0424	36.0487	36.0644	36.0801	36.0657	36.0825	36.079	36.0815	36.0541	36.0701	36.0925	36.0758	36.0616	36.0409	36.0154	36.0358	36.0529	36.0175	35.9858	35.9529	35.9674	35.9905	35.9504	35.9484	35.9464	35.9391	35.9312	35.9061	35.9007	35.9056	35.8962	35.8609	35.809	35.8022	35.7892	35.7699	35.7337	35.7351	35.6714	35.6549	35.6212	35.583	35.5548	35.5183	35.4629	35.4197	35.386	35.379	35.3349	35.2983	35.2513	35.2076	35.1995	35.1662	35.1113	35.0443	35.0519	35.0308	34.953	34.9121	34.875	34.7858	34.7665	34.7254	34.632	34.5655	34.4863	34.4549	34.4406	34.2645	34.1505	34.1925	34.2036	34.0067	34.0101	34.0599
AeA01010_CKDL210012719-1a-AK3905-AK4971_HF5TCDSX2_L1_fastp	36.4008	36.3675	36.4246	36.4833	36.508	36.5197	36.5611	36.5073	36.4727	36.5187	36.4988	36.5213	36.5746	36.5101	36.5582	36.5097	36.4686	36.4245	36.5013	36.4388	36.4646	36.5281	36.5104	36.464	36.4174	36.4147	36.3902	36.4292	36.3493	36.3552	36.3941	36.393	36.353	36.2608	35.9069	36.2739	35.2244	36.2718	35.3853	36.0081	36.263	36.1473	35.7186	36.0551	31.5971	35.581	36.1971	35.6322	35.9022	36.1382	35.886	35.9224	36.0756	36.1068	35.3655	35.7699	34.8119	34.9271	34.9028	33.566	35.9016	35.2107	33.5441	34.1378	35.7197	33.8474	34.4363	32.0598	31.5008	33.2007	34.1699	35.0959	35.5323	35.7536	35.8665	35.9207	35.9674	35.9991	36.0076	36.0352	36.0401	36.0545	36.0414	36.0565	36.0767	36.0674	36.0559	36.0445	36.0202	36.0376	36.0483	36.0208	35.9953	35.9761	35.9757	35.9941	35.9578	35.9549	35.9486	35.9342	35.9287	35.9093	35.8961	35.9018	35.8843	35.8503	35.7978	35.782	35.7765	35.7395	35.7048	35.6991	35.6435	35.6162	35.5857	35.5512	35.5194	35.4807	35.4253	35.3927	35.3549	35.3491	35.3087	35.2842	35.2413	35.207	35.1949	35.1604	35.1182	35.056	35.0648	35.0464	34.972	34.9406	34.9171	34.8443	34.8217	34.788	34.719	34.6576	34.6025	34.5735	34.5754	34.4306	34.3403	34.3829	34.4121	34.2616	34.2791	34.3363
AeA01011_CKDL210012719-1a-AK3905-AK1864_HF5TCDSX2_L1_fastp	36.4383	36.3922	36.4414	36.5062	36.5237	36.5345	36.5812	36.5667	36.4966	36.5127	36.5253	36.5487	36.5959	36.5418	36.5925	36.54	36.5024	36.4532	36.5321	36.471	36.4953	36.5572	36.5322	36.4993	36.4539	36.4516	36.4324	36.4577	36.4004	36.394	36.4392	36.4519	36.4206	36.376	36.2856	36.3362	35.3683	36.3347	35.4838	36.0681	36.3219	36.1715	35.7777	36.0731	31.2833	35.2452	36.2566	35.5793	35.808	36.1811	36.0047	36.1711	36.2205	36.1762	35.4673	35.8538	35.0086	35.1103	34.9613	33.6705	35.9919	35.2619	33.633	34.2041	35.8263	33.911	34.4677	32.1445	31.6143	33.5136	34.416	35.2804	35.6715	35.8754	35.9758	36.0251	36.066	36.0994	36.1069	36.1256	36.133	36.1471	36.1308	36.151	36.1705	36.1592	36.1526	36.1403	36.1227	36.1407	36.1552	36.1318	36.1101	36.0859	36.0947	36.1169	36.0876	36.0867	36.0865	36.0807	36.0728	36.058	36.055	36.0659	36.0573	36.0333	35.9945	35.9928	35.9854	35.9757	35.9451	35.9437	35.8981	35.8895	35.8648	35.8365	35.8157	35.7893	35.751	35.7195	35.6952	35.6944	35.6625	35.6385	35.6034	35.5716	35.5691	35.5466	35.5027	35.4501	35.4582	35.4458	35.3957	35.3609	35.3333	35.2708	35.2576	35.2286	35.1599	35.107	35.051	35.0355	35.0306	34.895	34.8106	34.8459	34.8612	34.7186	34.7216	34.7683
AeA01012_CKDL210012719-1a-AK3905-AK7558_HF5TCDSX2_L1_fastp	36.458	36.4018	36.4681	36.5003	36.5268	36.5426	36.5261	36.5246	36.5118	36.5074	36.5245	36.5136	36.5293	36.5056	36.5201	36.5037	36.4983	36.465	36.49	36.4468	36.4772	36.4831	36.4725	36.4513	36.413	36.405	36.387	36.4054	36.3852	36.3642	36.3739	36.3408	36.3532	36.333	36.249	36.3312	36.017	36.3222	36.0478	36.2299	36.3018	36.2632	36.1257	36.2082	34.4404	35.9481	36.2694	36.0427	36.1042	36.2371	36.1037	36.1578	36.2062	36.2128	35.9298	36.0712	35.7246	35.744	35.7589	35.2646	36.0887	35.8344	35.2458	35.46	35.987	35.3274	35.5597	34.7399	34.5285	35.0376	35.4358	35.7874	35.928	36.0157	36.0431	36.0467	36.0607	36.082	36.0615	36.0777	36.077	36.0801	36.0527	36.0709	36.0919	36.075	36.0624	36.0408	36.0149	36.0358	36.0543	36.018	35.9914	35.9628	35.973	35.9955	35.96	35.955	35.9593	35.9534	35.9459	35.9297	35.9243	35.9354	35.9338	35.903	35.8599	35.8585	35.8624	35.8482	35.8241	35.8369	35.7885	35.7839	35.7634	35.7412	35.7257	35.7001	35.6676	35.6376	35.6256	35.6238	35.5983	35.5777	35.5411	35.5114	35.5137	35.4916	35.4507	35.401	35.4204	35.4115	35.3491	35.328	35.3	35.2307	35.229	35.1975	35.1194	35.0689	35.0132	34.9978	34.9914	34.8375	34.7485	34.8008	34.8029	34.6299	34.6414	34.6791
AeA01013_CKDL210012719-1a-AK3905-7UDI308_HF5TCDSX2_L1_fastp	36.448	36.3924	36.4639	36.4937	36.529	36.5342	36.4919	36.5029	36.4858	36.4772	36.5051	36.4853	36.4885	36.4696	36.4806	36.4633	36.4644	36.4321	36.4441	36.4072	36.4428	36.4331	36.4263	36.3991	36.3617	36.3467	36.3293	36.347	36.3281	36.3069	36.3076	36.2734	36.2754	36.2514	36.0362	36.2612	35.9836	36.2487	36.0451	36.1845	36.2335	36.2069	36.1022	36.1458	34.7284	35.9236	36.1791	35.9976	36.0103	36.1507	36.0223	36.0869	36.1126	36.1303	35.8907	36.004	35.7014	35.7381	35.7501	35.3454	36.003	35.8093	35.3256	35.4988	35.9011	35.3769	35.5763	34.9212	34.7539	35.0737	35.4235	35.7291	35.8517	35.9184	35.938	35.9319	35.9395	35.9525	35.9296	35.9474	35.9441	35.9472	35.9175	35.9346	35.9545	35.9386	35.9134	35.881	35.8488	35.8705	35.8869	35.8521	35.8161	35.7841	35.7935	35.8085	35.7622	35.7538	35.7412	35.7287	35.7143	35.6869	35.6739	35.6804	35.6609	35.6168	35.5483	35.5286	35.5058	35.471	35.4199	35.4082	35.3244	35.3019	35.2527	35.1983	35.1557	35.1031	35.0264	34.9636	34.9151	34.8955	34.8358	34.7895	34.7295	34.6758	34.663	34.6158	34.5472	34.4644	34.467	34.4406	34.3457	34.2976	34.2524	34.1553	34.1275	34.0774	33.97	33.8886	33.798	33.7597	33.7466	33.5479	33.4291	33.4789	33.5002	33.3001	33.3009	33.3746
AeA01014_CKDL210012719-1a-AK3905-AK2587_HF5TCDSX2_L1_fastp	36.4655	36.4058	36.4667	36.501	36.5295	36.5376	36.5189	36.5167	36.4942	36.5034	36.5169	36.5082	36.524	36.4918	36.5158	36.4872	36.4786	36.4468	36.4752	36.433	36.4668	36.4768	36.4665	36.4374	36.3987	36.3907	36.3752	36.3996	36.363	36.349	36.3595	36.2942	36.3068	36.2765	35.9597	36.3081	35.8546	36.3018	35.9633	36.1995	36.2903	36.2422	36.0792	36.168	33.8176	35.8052	36.2476	35.9632	36.0081	36.2108	36.0582	36.1307	36.1757	36.1935	35.8377	36.0197	35.558	35.5818	35.6099	34.9755	36.0624	35.7337	34.9571	35.2375	35.9461	35.0787	35.3773	34.2909	34.0209	34.7097	35.2093	35.67	35.8714	35.9781	36.0239	36.0404	36.0617	36.0776	36.0707	36.0883	36.0888	36.0905	36.0667	36.083	36.1015	36.0872	36.0723	36.049	36.0223	36.0405	36.0582	36.0226	35.9912	35.9587	35.9665	35.9852	35.9457	35.9368	35.9299	35.9187	35.9043	35.8772	35.8678	35.8656	35.8505	35.8062	35.7472	35.7297	35.7127	35.6814	35.6388	35.6264	35.555	35.5321	35.4904	35.4462	35.4105	35.3656	35.3016	35.254	35.2175	35.2086	35.1596	35.1221	35.0735	35.0251	35.0212	34.9862	34.9311	34.866	34.8723	34.8537	34.7759	34.7376	34.6996	34.6159	34.5951	34.5586	34.468	34.3996	34.328	34.2985	34.2908	34.1238	34.0262	34.0717	34.0893	33.9171	33.9283	33.99
AeA01015_CKDL210012719-1a-AK3905-GC12_HF5TCDSX2_L1_fastp	36.4732	36.4102	36.4815	36.5028	36.5349	36.5394	36.4863	36.5066	36.4914	36.478	36.5131	36.488	36.4875	36.47	36.4806	36.4656	36.4716	36.4434	36.4462	36.4141	36.4542	36.4334	36.4275	36.4055	36.369	36.3574	36.3435	36.3605	36.3496	36.3251	36.3278	36.3114	36.3084	36.296	36.1633	36.2944	36.1271	36.2855	36.1672	36.2486	36.2781	36.2643	36.2016	36.2202	35.3552	36.0889	36.2429	36.1205	36.1162	36.2207	36.1117	36.1659	36.1855	36.2088	36.0419	36.1094	35.9176	35.9575	35.9453	35.6936	36.1086	35.9691	35.6713	35.7851	36.0228	35.6909	35.8328	35.4339	35.3272	35.4724	35.7313	35.9369	36.0165	36.0574	36.0714	36.0612	36.0668	36.0729	36.0536	36.0686	36.0665	36.0657	36.0404	36.0554	36.0762	36.0561	36.0355	36.0061	35.9727	35.9903	36.0068	35.9674	35.9343	35.8996	35.9082	35.9278	35.8748	35.8655	35.8527	35.8367	35.8179	35.7831	35.7733	35.7713	35.7525	35.7017	35.6319	35.6082	35.58	35.5393	35.4853	35.4674	35.3845	35.3555	35.3075	35.2544	35.2113	35.1565	35.0817	35.0189	34.9685	34.9528	34.8947	34.8517	34.7979	34.7453	34.7371	34.6953	34.627	34.5522	34.553	34.5296	34.4431	34.3941	34.3546	34.2561	34.2353	34.1867	34.0891	34.0123	33.9261	33.8895	33.8843	33.694	33.584	33.6359	33.6642	33.4751	33.4802	33.558
AeA01016_CKDL210012719-1a-AK3905-7UDI246_HF5TCDSX2_L1_fastp	36.4211	36.3784	36.4408	36.4953	36.5131	36.5254	36.5636	36.5137	36.4777	36.5174	36.5067	36.5279	36.5722	36.5143	36.5555	36.5133	36.4742	36.4322	36.5001	36.4444	36.4693	36.5296	36.5152	36.468	36.4192	36.4166	36.3953	36.4385	36.3545	36.3631	36.3935	36.2616	36.2847	36.2112	35.6891	36.2877	35.3415	36.2902	35.5725	36.0895	36.2803	36.184	35.8569	36.0369	31.0871	35.2288	36.218	35.628	35.7696	36.1577	35.9254	35.986	36.1144	36.1321	35.4378	35.808	34.8785	34.8923	34.9596	33.7158	35.9422	35.2798	33.7038	34.2846	35.7727	33.9776	34.5345	32.2702	31.736	33.3675	34.286	35.1844	35.5999	35.8143	35.9197	35.9689	36.0101	36.0431	36.037	36.0643	36.0722	36.0858	36.0683	36.0863	36.1051	36.0906	36.0806	36.0583	36.0324	36.0504	36.0598	36.0293	36.0034	35.9737	35.9757	35.9956	35.9509	35.9343	35.9256	35.9158	35.894	35.8622	35.849	35.8441	35.8202	35.781	35.7219	35.6966	35.6731	35.6358	35.5891	35.5736	35.5093	35.481	35.4445	35.4004	35.3694	35.3288	35.2704	35.2273	35.1831	35.1714	35.132	35.1007	35.0656	35.0251	35.0267	35.0025	34.9561	34.9012	34.9075	34.8906	34.8277	34.7941	34.7633	34.7052	34.6847	34.6677	34.5948	34.5444	34.4825	34.4552	34.4698	34.3299	34.2392	34.289	34.323	34.1731	34.1889	34.2617
AeA01017_CKDL210012719-1a-AK7761-7UDI214_HF5TCDSX2_L1_fastp	36.5046	36.4516	36.5028	36.5336	36.5631	36.5697	36.5327	36.5471	36.5288	36.5298	36.554	36.5342	36.5365	36.5168	36.5312	36.5131	36.5134	36.4926	36.5004	36.4637	36.5025	36.4934	36.4809	36.4642	36.4233	36.4244	36.4085	36.4266	36.406	36.3821	36.3925	36.3825	36.3819	36.0998	36.3656	36.3729	36.3558	36.3444	36.2214	36.339	36.2359	36.1746	36.2119	36.2619	34.9462	36.2279	36.3061	36.0967	36.1421	36.2686	36.1453	36.2122	36.2435	36.2514	36.0031	36.1229	35.8309	35.8803	35.8618	35.471	36.1433	35.9087	35.4277	35.6212	36.0489	35.4777	35.7023	35.0634	34.8989	35.297	35.6313	35.9112	36.0261	36.0839	36.1069	36.1061	36.1189	36.1323	36.1132	36.1269	36.1259	36.123	36.0974	36.1111	36.1303	36.1148	36.0971	36.0762	36.0482	36.0672	36.0811	36.0446	36.0121	35.9795	35.9879	36.0074	35.9652	35.9596	35.9544	35.944	35.931	35.9022	35.8917	35.8913	35.8748	35.8352	35.7746	35.7603	35.7474	35.7215	35.6782	35.6714	35.6011	35.579	35.5427	35.4997	35.4629	35.4221	35.3649	35.3178	35.2811	35.2711	35.2252	35.1892	35.1391	35.0908	35.0845	35.0476	34.9929	34.9265	34.9302	34.9066	34.8318	34.787	34.7492	34.6577	34.6362	34.5911	34.4978	34.4261	34.3473	34.316	34.3044	34.1288	34.0206	34.0614	34.084	33.8999	33.9047	33.9654
AeA01018_CKDL210012719-1a-AK7761-AK4971_HF5TCDSX2_L1_fastp	36.4791	36.4406	36.4839	36.5189	36.547	36.5589	36.5444	36.545	36.5238	36.5318	36.5422	36.5378	36.5518	36.5213	36.5381	36.5183	36.5102	36.4881	36.5067	36.4629	36.4945	36.5127	36.5004	36.4796	36.4403	36.441	36.4239	36.4469	36.4051	36.3951	36.4106	36.3355	36.3046	34.9338	36.3681	36.3268	36.3682	36.351	36.1218	36.3498	36.1776	36.0866	36.143	36.2499	34.1912	36.2009	36.3125	36.0197	36.106	36.2689	36.1162	36.1497	36.2259	36.2561	35.8834	36.0733	35.6179	35.7129	35.6603	35.0368	36.1381	35.7809	35.0193	35.3265	36.0292	35.1163	35.4491	34.4086	34.136	34.8592	35.3499	35.7896	35.9677	36.0743	36.1097	36.1261	36.1386	36.1636	36.1514	36.1706	36.1681	36.1748	36.1515	36.1631	36.184	36.173	36.1619	36.1401	36.1169	36.1373	36.1529	36.1258	36.0993	36.0726	36.0904	36.1049	36.0715	36.0665	36.067	36.0569	36.0521	36.0277	36.0279	36.0292	36.0207	35.9941	35.9458	35.9351	35.9271	35.9048	35.8757	35.8765	35.8191	35.8059	35.7795	35.7424	35.7193	35.6828	35.6415	35.5998	35.5735	35.5669	35.533	35.5011	35.461	35.4222	35.4209	35.3883	35.3403	35.2817	35.2927	35.2743	35.206	35.1724	35.1392	35.0615	35.0476	35.0074	34.9265	34.8631	34.7902	34.7706	34.7539	34.5953	34.4922	34.5384	34.5445	34.3733	34.3744	34.4223
AeA01019_CKDL210012719-1a-AK7761-AK1864_HF5TCDSX2_L1_fastp	36.4951	36.4419	36.4894	36.5244	36.5554	36.562	36.5384	36.5478	36.5227	36.5262	36.5467	36.5334	36.5444	36.5188	36.5403	36.5169	36.511	36.4823	36.5039	36.4633	36.4994	36.4959	36.4719	36.4632	36.4072	36.4238	36.4099	36.4306	36.4024	36.3852	36.3991	36.4044	36.3933	36.3138	36.3629	36.3841	36.3524	36.3384	36.1639	36.3335	36.2006	36.0965	36.1661	36.2339	34.3654	36.1563	36.3024	36.0112	36.061	36.2509	36.124	36.2186	36.2359	36.2358	35.9306	36.085	35.7431	35.8227	35.7281	35.2129	36.1172	35.8077	35.1655	35.4207	36.0104	35.2428	35.5238	34.66	34.4397	35.0467	35.4661	35.8282	35.9784	36.0579	36.0894	36.0956	36.1134	36.1274	36.1119	36.1284	36.1249	36.124	36.1032	36.1189	36.1354	36.1218	36.1043	36.0847	36.0598	36.0746	36.0933	36.0569	36.0239	35.9937	36.0029	36.02	35.9785	35.972	35.9642	35.9537	35.9409	35.9123	35.9006	35.9018	35.8828	35.8441	35.7843	35.7668	35.7496	35.7184	35.676	35.6647	35.5921	35.5669	35.5277	35.4798	35.4432	35.3956	35.3355	35.2834	35.2397	35.2265	35.176	35.1326	35.0794	35.0249	35.0157	34.9786	34.9157	34.8448	34.8416	34.817	34.7376	34.6882	34.644	34.5511	34.5222	34.4726	34.3808	34.3076	34.2292	34.1929	34.1817	34.0058	33.8964	33.9291	33.949	33.763	33.7665	33.8322
AeA01020_CKDL210012719-1a-AK7761-AK7558_HF5TCDSX2_L1_fastp	36.4536	36.4227	36.4694	36.5175	36.5369	36.5457	36.5625	36.5362	36.5078	36.5382	36.5297	36.5335	36.5702	36.5269	36.5545	36.5195	36.4966	36.4687	36.5104	36.45	36.4866	36.5209	36.4886	36.4653	36.4131	36.4201	36.4005	36.4298	36.3688	36.3562	36.3882	36.3278	36.3459	35.6837	36.3231	36.3551	36.319	36.2967	36.0682	36.2949	36.057	35.8253	35.9816	36.1238	32.343	35.9654	36.2504	35.7562	35.9126	36.1711	35.9728	36.0519	36.1511	36.1429	35.5747	35.8726	35.1409	35.185	35.1881	34.2123	35.9716	35.4094	34.1703	34.6589	35.8169	34.3696	34.8591	33.1847	32.775	34.0437	34.7608	35.424	35.7135	35.8647	35.9385	35.9652	35.9974	36.0239	36.0145	36.0332	36.0403	36.0429	36.0198	36.0342	36.056	36.0409	36.028	36.0079	35.9741	35.9969	36.0069	35.9767	35.9455	35.9104	35.9192	35.9353	35.8892	35.8815	35.8702	35.8584	35.8412	35.8161	35.8023	35.8001	35.7766	35.7418	35.6755	35.6536	35.6369	35.6035	35.5593	35.5453	35.4729	35.4438	35.407	35.3596	35.3115	35.2734	35.2145	35.1573	35.116	35.1048	35.0591	35.0094	34.9602	34.9134	34.9067	34.8724	34.8158	34.7569	34.7546	34.7247	34.6564	34.6051	34.579	34.4897	34.463	34.4227	34.3443	34.275	34.2056	34.1717	34.1681	34.0132	33.907	33.9538	33.9718	33.8173	33.8292	33.8874
AeA01021_CKDL210012719-1a-AK7761-7UDI308_HF5TCDSX2_L1_fastp	36.3555	36.3183	36.3878	36.4547	36.4835	36.4897	36.4978	36.4765	36.441	36.4742	36.4736	36.4721	36.5062	36.4607	36.4959	36.4505	36.4382	36.4121	36.4455	36.3852	36.4184	36.4534	36.431	36.4084	36.3466	36.3507	36.3325	36.3544	36.3065	36.2935	36.3156	36.2024	36.1588	34.3643	36.2463	36.1605	36.2532	36.2434	35.9705	36.2381	36.06	35.8662	36.0184	36.0751	32.9186	35.9541	36.1965	35.7691	35.8425	36.1337	35.9667	36.0252	36.0914	36.1227	35.6397	35.8762	35.2466	35.3078	35.299	34.4921	35.9547	35.4862	34.488	34.8835	35.8146	34.6239	35.0504	33.6846	33.3245	34.31	34.9257	35.4908	35.7401	35.8735	35.9429	35.9535	35.9688	35.9883	35.979	35.9913	36.0147	36.0075	35.996	35.9965	36.0087	36.0009	35.9955	35.9835	35.9365	35.955	35.9794	35.9461	35.9059	35.8713	35.8832	35.8941	35.8495	35.8401	35.8355	35.8166	35.8071	35.7859	35.7424	35.761	35.7316	35.705	35.6252	35.6032	35.5891	35.5407	35.5143	35.4907	35.4134	35.3896	35.3681	35.3082	35.2825	35.2351	35.1491	35.0807	35.0548	35.0467	34.9972	34.9819	34.9133	34.8524	34.8579	34.8189	34.7578	34.7007	34.6851	34.6942	34.619	34.5522	34.5134	34.463	34.4354	34.3892	34.3139	34.2659	34.1806	34.1767	34.1607	34.0095	33.8932	33.9406	33.9709	33.8188	33.8327	33.8995
AeA01022_CKDL210012719-1a-AK7761-AK2587_HF5TCDSX2_L1_fastp	36.4899	36.4242	36.4861	36.5133	36.546	36.5502	36.5105	36.5275	36.5077	36.5045	36.528	36.509	36.5133	36.4902	36.5036	36.4868	36.4874	36.4636	36.4714	36.4331	36.472	36.4609	36.4479	36.4295	36.3905	36.3826	36.3693	36.3889	36.3663	36.3438	36.3494	36.3037	36.2905	35.502	36.3199	36.2782	36.3134	36.3009	36.1902	36.2957	36.2186	36.1296	36.1915	36.2217	34.836	36.1685	36.2655	36.0762	36.0713	36.2262	36.0964	36.1623	36.1835	36.209	35.9678	36.0799	35.7915	35.835	35.8247	35.4387	36.0927	35.8751	35.4043	35.5929	35.9917	35.4487	35.6691	35.0557	34.8909	35.2378	35.5745	35.8535	35.9698	36.0269	36.0495	36.0483	36.0599	36.0725	36.0551	36.0733	36.0689	36.0674	36.0431	36.0568	36.0765	36.0596	36.0448	36.0207	35.9897	36.0101	36.0275	35.9907	35.9601	35.9241	35.9334	35.9514	35.9088	35.8995	35.8939	35.8812	35.8667	35.834	35.8222	35.8211	35.8041	35.7593	35.6962	35.6748	35.6546	35.6203	35.5743	35.5575	35.4817	35.4546	35.4115	35.3635	35.3217	35.2693	35.1991	35.1388	35.0986	35.0799	35.026	34.9775	34.919	34.8637	34.8555	34.8098	34.7379	34.664	34.6664	34.6402	34.5483	34.4971	34.4505	34.3514	34.3187	34.2708	34.1635	34.0831	34.0024	33.9607	33.9449	33.7491	33.6266	33.6757	33.6907	33.4926	33.4911	33.5612
AeA01023_CKDL210012719-1a-AK7761-GC12_HF5TCDSX2_L1_fastp	36.434	36.4172	36.4455	36.5231	36.5273	36.5399	36.6534	36.5462	36.4956	36.5821	36.5263	36.5776	36.6694	36.5793	36.652	36.5807	36.5102	36.4779	36.5786	36.495	36.5191	36.6303	36.5707	36.543	36.4726	36.5047	36.4836	36.5213	36.3876	36.3944	36.4664	36.1404	36.0819	31.2274	36.3529	36.0853	36.3702	36.3374	35.6065	36.3537	35.8956	35.3112	35.7634	35.9921	27.4866	35.6259	36.3067	35.2249	35.4104	36.1609	35.8227	35.8722	36.118	36.1363	34.9432	35.5647	33.9647	34.0149	34.0577	31.9523	35.8553	34.6557	32.0038	33.0815	35.5954	32.4127	33.4456	29.7532	28.858	31.8495	33.3187	34.7286	35.3779	35.7166	35.8914	35.9825	36.0435	36.0918	36.1119	36.1423	36.1618	36.1831	36.1813	36.1982	36.2252	36.2213	36.2166	36.2094	36.1875	36.2022	36.2187	36.1999	36.1851	36.164	36.1685	36.1835	36.1582	36.1452	36.1429	36.1304	36.1177	36.1024	36.0935	36.0896	36.0824	36.0512	36.0117	35.9954	35.9818	35.9562	35.9232	35.9127	35.8632	35.8519	35.8175	35.7907	35.765	35.7304	35.6932	35.6608	35.6279	35.6227	35.5891	35.5589	35.5278	35.4969	35.4946	35.469	35.4332	35.3878	35.3902	35.3747	35.3248	35.2954	35.2727	35.2171	35.2065	35.1811	35.1191	35.0717	35.0252	35.0067	35.0025	34.8912	34.8242	34.8529	34.8802	34.757	34.7695	34.8185
AeA01024_CKDL210012719-1a-AK7761-7UDI246_HF5TCDSX2_L1_fastp	36.4786	36.4326	36.4815	36.5178	36.5439	36.5521	36.5501	36.535	36.5092	36.5283	36.5328	36.5317	36.5556	36.5152	36.5427	36.5116	36.4968	36.4729	36.5039	36.4555	36.4916	36.5084	36.4882	36.4629	36.4162	36.42	36.4024	36.4268	36.3795	36.3677	36.3893	36.2809	36.2525	34.5306	36.333	36.248	36.33	36.3149	36.0612	36.3165	36.1515	35.9512	36.1061	36.1742	33.0536	36.0397	36.2799	35.8708	35.9121	36.2169	36.0386	36.0936	36.1773	36.198	35.7287	35.962	35.3672	35.4149	35.4018	34.6162	36.0472	35.5832	34.5868	34.9917	35.9193	34.7209	35.14	33.7714	33.4314	34.4323	35.041	35.594	35.8389	35.9661	36.0246	36.0413	36.0625	36.0807	36.0687	36.0881	36.0892	36.092	36.0725	36.0856	36.1091	36.089	36.0725	36.051	36.0211	36.0345	36.0514	36.0157	35.9806	35.9457	35.9554	35.9659	35.9193	35.9083	35.8971	35.8757	35.8581	35.8242	35.8064	35.7987	35.7789	35.7273	35.6608	35.6362	35.6074	35.5685	35.5204	35.5034	35.4215	35.4002	35.3558	35.306	35.2671	35.2229	35.1604	35.113	35.0651	35.0554	35.008	34.9714	34.9219	34.8792	34.8804	34.8439	34.7949	34.7256	34.7363	34.7195	34.6404	34.6007	34.5675	34.4795	34.465	34.4311	34.3464	34.2818	34.2133	34.1783	34.1749	34.0185	33.9179	33.9635	33.9953	33.8396	33.8439	33.9249
AeA01025_CKDL210012719-1a-5UDI298-7UDI214_HF5TCDSX2_L1_fastp	36.4752	36.4377	36.4832	36.5189	36.5428	36.5484	36.5381	36.5314	36.5064	36.522	36.5342	36.5243	36.5388	36.5102	36.5325	36.5067	36.4962	36.4722	36.4963	36.4463	36.487	36.5012	36.4791	36.4593	36.417	36.4161	36.3943	36.3895	36.3863	36.3218	36.3786	36.0411	36.3877	36.3499	36.3789	36.3114	36.3514	36.3079	36.0866	36.1204	36.2998	36.263	36.0498	36.2092	33.8801	35.8908	36.2374	34.4835	34.5563	35.929	35.1409	35.34	36.054	35.8	34.4502	35.0295	34.1523	35.0532	34.2395	33.776	35.7753	34.4299	33.5508	34.5621	35.5309	33.5464	34.6638	34.1414	33.8579	34.269	34.9215	35.4827	35.7787	35.9329	36.0064	36.0328	36.0619	36.0827	36.0725	36.0844	36.0847	36.0843	36.0581	36.0665	36.0817	36.0587	36.0392	36.0071	35.9674	35.9754	35.9763	35.9276	35.8757	35.8266	35.8132	35.8129	35.7481	35.7184	35.6885	35.6557	35.6133	35.5554	35.52	35.4948	35.4485	35.38	35.2946	35.2431	35.2004	35.1435	35.0714	35.0363	34.9346	34.8782	34.8086	34.7299	34.657	34.5702	34.4783	34.3917	34.3098	34.2586	34.1694	34.078	33.9796	33.8774	33.8297	33.7376	33.6327	33.5122	33.4727	33.4078	33.2903	33.1937	33.1274	32.9825	32.929	32.8612	32.7294	32.6327	32.5388	32.4935	32.5	32.3021	32.178	32.2366	32.2956	32.0853	32.1049	32.2263
AeA01026_CKDL210012719-1a-5UDI298-AK4971_HF5TCDSX2_L1_fastp	36.4747	36.419	36.4773	36.5029	36.5331	36.5392	36.4957	36.5104	36.4976	36.4902	36.5191	36.4967	36.4925	36.4767	36.4892	36.4724	36.476	36.4529	36.457	36.4209	36.4621	36.4483	36.4372	36.4174	36.3798	36.373	36.3558	36.3636	36.3607	36.3174	36.3378	36.1995	36.3403	36.3242	36.3306	36.2986	36.3119	36.2902	36.1853	36.1992	36.2801	36.2671	36.1641	36.234	35.2265	36.1241	36.2425	35.4771	35.4882	36.1035	35.6696	35.6574	36.053	36.0709	35.4084	35.6508	35.2565	35.7049	35.2876	35.0653	35.9701	35.3576	34.9393	35.4096	35.8219	34.9237	35.4597	35.2099	35.0679	35.1615	35.5183	35.8064	35.9466	36.0219	36.0511	36.0524	36.0645	36.0778	36.0609	36.0745	36.0711	36.0669	36.0397	36.0494	36.0648	36.0433	36.0196	35.9885	35.9514	35.9596	35.9686	35.9205	35.8738	35.8246	35.8212	35.8237	35.7627	35.7408	35.7149	35.6859	35.6495	35.5998	35.5696	35.5476	35.5123	35.4478	35.3621	35.3207	35.2834	35.2295	35.1632	35.1317	35.0333	34.9814	34.9132	34.8352	34.7638	34.6834	34.5864	34.5001	34.4115	34.3593	34.2698	34.1729	34.0712	33.962	33.9071	33.8053	33.6991	33.5674	33.5253	33.4553	33.3181	33.2296	33.1471	32.9959	32.9368	32.8611	32.7235	32.6083	32.5098	32.4539	32.454	32.232	32.0987	32.1523	32.2037	31.9733	31.9888	32.1008
AeA01027_CKDL210012719-1a-5UDI298-AK1864_HF5TCDSX2_L1_fastp	36.4872	36.4383	36.4851	36.5066	36.5402	36.5508	36.5136	36.5442	36.5169	36.5029	36.5328	36.5191	36.5189	36.4995	36.5079	36.4916	36.5008	36.4807	36.4826	36.4492	36.4791	36.4807	36.4701	36.4563	36.4248	36.415	36.3968	36.4081	36.3996	36.3639	36.3794	36.2293	36.3815	36.3668	36.3779	36.3559	36.3644	36.3383	36.2149	36.2467	36.3305	36.3022	36.2009	36.2687	35.1894	36.073	36.2816	35.4901	35.4411	36.142	35.8143	36.0655	36.1966	36.0828	35.487	35.7489	35.3765	35.8002	35.3801	35.16	36.0652	35.4492	35.0683	35.4956	35.9385	35.0287	35.5253	35.2892	35.1496	35.319	35.6634	35.934	36.0478	36.1277	36.1433	36.148	36.1537	36.1766	36.1587	36.1768	36.1697	36.1712	36.1387	36.1505	36.1676	36.155	36.1372	36.1074	36.0804	36.095	36.1047	36.0648	36.0259	35.9863	35.9938	35.9979	35.9501	35.9321	35.9159	35.8916	35.8683	35.8251	35.8042	35.7884	35.7547	35.7038	35.6322	35.596	35.5624	35.51	35.4512	35.4221	35.3321	35.2801	35.2164	35.1359	35.07	34.9857	34.8954	34.8049	34.7189	34.663	34.5706	34.4759	34.3732	34.2661	34.2053	34.103	33.9937	33.863	33.8116	33.7377	33.5969	33.5012	33.4142	33.2638	33.1954	33.1116	32.9689	32.8503	32.7402	32.6765	32.6658	32.4367	32.2899	32.3392	32.3767	32.1409	32.1484	32.2477
AeA01028_CKDL210012719-1a-5UDI298-AK7558_HF5TCDSX2_L1_fastp	36.4939	36.4292	36.4909	36.5099	36.5426	36.5471	36.4921	36.5213	36.5088	36.4935	36.5282	36.4994	36.4917	36.481	36.4868	36.4753	36.4853	36.4638	36.4603	36.4296	36.4695	36.4428	36.4371	36.419	36.3866	36.3776	36.3632	36.3756	36.3739	36.338	36.3415	36.2841	36.3471	36.3436	36.3352	36.3222	36.3201	36.3082	36.2625	36.2701	36.292	36.2886	36.246	36.2612	35.7699	36.1926	36.2658	35.9388	35.9277	36.1991	35.9908	36.0354	36.1738	36.1743	35.8814	35.9889	35.8074	35.996	35.8278	35.7063	36.0945	35.8243	35.6357	35.8311	35.9966	35.614	35.8638	35.7444	35.6722	35.6383	35.8494	36.0002	36.0589	36.0919	36.0999	36.0876	36.0967	36.1016	36.0835	36.0933	36.0871	36.0808	36.0547	36.0646	36.0839	36.0611	36.0402	36.0115	35.9778	35.9902	36.0035	35.957	35.9123	35.8697	35.868	35.8787	35.8228	35.8065	35.7873	35.765	35.7361	35.6906	35.6669	35.6532	35.6221	35.5631	35.4859	35.4501	35.4162	35.369	35.3056	35.2765	35.1791	35.1303	35.0641	34.9859	34.9148	34.833	34.7307	34.6407	34.5496	34.4967	34.3979	34.295	34.1863	34.0697	34.0041	33.8977	33.7759	33.6384	33.5855	33.51	33.3634	33.26	33.1654	33.0032	32.9332	32.8439	32.6887	32.5677	32.4498	32.3809	32.3708	32.1329	31.9749	32.0218	32.0627	31.8049	31.8134	31.9133
AeA01029_CKDL210012719-1a-5UDI298-7UDI308_HF5TCDSX2_L1_fastp	36.3741	36.361	36.4119	36.4705	36.4863	36.493	36.5392	36.4821	36.4533	36.4916	36.4767	36.4858	36.5383	36.4838	36.5301	36.4842	36.4556	36.4237	36.477	36.4146	36.4462	36.5035	36.4662	36.4394	36.3783	36.3767	36.3577	36.3469	36.3287	36.2318	36.3486	35.6178	36.3563	36.2708	36.3552	36.2312	36.3107	36.236	35.784	35.9565	36.2365	36.1827	35.8307	36.062	31.2713	35.2078	36.1318	32.927	32.6946	35.5847	34.0927	33.9923	35.5651	35.4811	32.9058	33.8578	32.3202	33.9355	32.4072	31.6262	35.3164	32.8688	31.2684	33.2065	34.8991	31.2891	33.3336	32.3868	31.871	32.6677	33.7999	34.8169	35.3695	35.6688	35.8192	35.8827	35.9371	35.965	35.9772	36.0037	36.0109	36.0284	36.0083	36.0322	36.0476	36.0281	36.0123	35.9946	35.9626	35.9836	35.9757	35.9484	35.9108	35.8703	35.8733	35.8789	35.8263	35.8017	35.7823	35.7615	35.7298	35.6951	35.6647	35.6426	35.6056	35.5609	35.4919	35.4464	35.4253	35.3819	35.3068	35.2728	35.2003	35.1515	35.0945	35.0192	34.9572	34.887	34.8008	34.7415	34.6544	34.604	34.5222	34.4594	34.3583	34.2788	34.2363	34.1496	34.0532	33.9451	33.9038	33.8426	33.7545	33.6904	33.631	33.5136	33.4596	33.4242	33.2949	33.2193	33.1585	33.0865	33.1015	32.9367	32.829	32.8763	32.9445	32.7543	32.7774	32.8943
AeA01030_CKDL210012719-1a-5UDI298-AK2587_HF5TCDSX2_L1_fastp	36.4776	36.4169	36.4766	36.4988	36.53	36.5357	36.4932	36.5094	36.4947	36.4844	36.5137	36.4935	36.4912	36.4714	36.4838	36.4676	36.4716	36.4502	36.4537	36.4175	36.4571	36.4409	36.4304	36.4132	36.3747	36.3668	36.3516	36.3573	36.354	36.3097	36.3307	36.1648	36.3352	36.3189	36.3263	36.2961	36.3096	36.2877	36.1771	36.2107	36.2759	36.2642	36.1757	36.2218	35.0498	36.0316	36.2373	35.4608	35.3773	36.0959	35.6744	35.7467	36.0717	36.0596	35.4059	35.6478	35.2456	35.6672	35.2782	35.0479	35.9674	35.3513	34.9302	35.4017	35.8182	34.9146	35.4561	35.2046	35.0627	35.1503	35.513	35.8047	35.9449	36.0233	36.0525	36.0567	36.068	36.0812	36.0653	36.078	36.0748	36.0694	36.0433	36.0522	36.071	36.0471	36.027	35.9922	35.9558	35.9678	35.9724	35.9247	35.8763	35.8287	35.8214	35.823	35.7611	35.7362	35.7088	35.6758	35.6373	35.587	35.554	35.5289	35.4875	35.4197	35.3329	35.2836	35.2409	35.1806	35.105	35.0657	34.9607	34.9013	34.8236	34.7382	34.6596	34.567	34.4601	34.3645	34.268	34.2075	34.1056	33.9992	33.895	33.7762	33.7168	33.6141	33.4935	33.3638	33.3187	33.2485	33.1083	33.0195	32.9292	32.7794	32.724	32.651	32.5091	32.4036	32.3029	32.252	32.2645	32.0415	31.9151	31.9742	32.0388	31.8148	31.8427	31.9586
AeA01031_CKDL210012719-1a-5UDI298-GC12_HF5TCDSX2_L1_fastp	36.3755	36.3636	36.4176	36.4738	36.4875	36.4974	36.5618	36.4816	36.4539	36.5061	36.4815	36.5073	36.5612	36.5045	36.557	36.5049	36.4519	36.4245	36.4935	36.4224	36.4568	36.5315	36.4886	36.4634	36.4068	36.4097	36.3792	36.353	36.3356	36.221	36.3737	35.4577	36.387	36.2835	36.3819	36.2242	36.3393	36.24	35.6694	35.8972	36.2506	36.1704	35.7487	36.0308	30.153	34.9747	36.1229	32.2083	31.9345	35.4563	33.6562	33.496	35.4246	35.3403	32.2118	33.3632	31.4629	33.4335	31.5811	30.6293	35.1715	32.1666	30.2181	32.5593	34.6649	30.2315	32.7327	31.5771	30.9341	31.9611	33.3247	34.5589	35.2383	35.5998	35.7913	35.8658	35.9363	35.98	35.9918	36.0207	36.0314	36.0491	36.0322	36.0526	36.0736	36.0588	36.0511	36.0205	35.9887	35.9964	36.0032	35.969	35.9316	35.9054	35.8972	35.8972	35.8493	35.8213	35.797	35.7742	35.7372	35.6959	35.6651	35.6601	35.625	35.5753	35.502	35.4604	35.4292	35.3791	35.308	35.288	35.1957	35.1525	35.0921	35.0189	34.9663	34.9002	34.8119	34.7275	34.6567	34.619	34.5356	34.4667	34.3882	34.2983	34.2457	34.182	34.0894	33.9908	33.9624	33.9205	33.8122	33.7442	33.6831	33.5848	33.539	33.5029	33.4056	33.3377	33.2623	33.2336	33.2533	33.1043	33.019	33.0784	33.1272	32.9741	33.0065	33.1161
AeA01032_CKDL210012719-1a-5UDI298-7UDI246_HF5TCDSX2_L1_fastp	36.429	36.4078	36.4528	36.4981	36.5154	36.5241	36.5534	36.5095	36.4823	36.5169	36.507	36.5175	36.5521	36.5069	36.5408	36.5037	36.4756	36.4469	36.4931	36.435	36.4693	36.5178	36.4824	36.4547	36.4067	36.4083	36.3828	36.367	36.3542	36.2703	36.3657	35.7166	36.375	36.3094	36.3694	36.2584	36.3352	36.2652	35.8564	36.0058	36.2559	36.2021	35.904	36.0961	31.7465	35.3235	36.1543	33.2462	33.0268	35.6606	34.2999	34.2029	35.6426	35.5676	33.2358	34.0911	32.6962	34.1836	32.761	32.0753	35.4085	33.162	31.7194	33.4512	35.0239	31.7164	33.5836	32.7226	32.2455	32.9787	34.0154	34.9375	35.441	35.7159	35.8467	35.9049	35.9491	35.9807	35.9815	36.0063	36.0098	36.0206	35.9986	36.018	36.0367	36.0184	36.0026	35.9772	35.9476	35.9555	35.9697	35.9298	35.8946	35.858	35.8525	35.859	35.8102	35.7906	35.7735	35.749	35.7237	35.6843	35.66	35.6473	35.6245	35.5732	35.5092	35.4674	35.4359	35.3988	35.3394	35.3166	35.2333	35.1864	35.132	35.0648	35.0074	34.941	34.8583	34.776	34.7027	34.651	34.5772	34.4998	34.4098	34.3212	34.2723	34.1872	34.0946	33.9805	33.9377	33.8776	33.7645	33.6819	33.6096	33.4896	33.4322	33.3722	33.2515	33.1563	33.0729	33.0288	33.0165	32.8441	32.7167	32.7748	32.8117	32.6186	32.63	32.7207
AeA01033_CKDL210012719-1a-AK9142-7UDI214_HF5TCDSX2_L1_fastp	36.4896	36.4347	36.4897	36.5169	36.5472	36.5522	36.509	36.5211	36.5096	36.5057	36.5345	36.5109	36.51	36.4634	36.5102	36.494	36.497	36.4655	36.4773	36.443	36.4797	36.4643	36.4584	36.4408	36.4079	36.3985	36.3837	36.3953	36.388	36.3607	36.3667	36.3833	36.3694	36.353	36.3525	36.3499	36.34	36.3336	36.3286	36.3236	36.2015	36.2338	36.2151	36.2424	35.1504	36.2127	36.2693	35.3566	35.2842	36.0715	35.6305	35.6802	36.1219	35.9883	35.2482	35.5325	35.1303	35.6183	35.1643	34.9821	35.9736	35.2202	34.8573	35.3416	35.8177	34.8283	35.3717	35.1751	35.0463	35.2009	35.5642	35.8422	35.9782	36.0478	36.0763	36.0757	36.09	36.1005	36.0813	36.095	36.0879	36.0836	36.0545	36.0617	36.0777	36.0562	36.0313	36.0015	35.9647	35.9724	35.981	35.9329	35.8833	35.8377	35.8285	35.8319	35.7716	35.75	35.7268	35.698	35.6622	35.6159	35.5855	35.5638	35.5311	35.4693	35.3906	35.3555	35.3203	35.2709	35.2081	35.1786	35.0865	35.036	34.9727	34.9007	34.8371	34.7559	34.6641	34.5843	34.4959	34.4409	34.3476	34.2535	34.149	34.0367	33.9769	33.8707	33.7521	33.6229	33.5628	33.4788	33.3359	33.2343	33.1356	32.9799	32.9045	32.8179	32.6678	32.547	32.4362	32.3628	32.3411	32.132	31.9898	32.0093	32.0445	31.8119	31.8063	31.8889
AeA01034_CKDL210012719-1a-AK9142-AK4971_HF5TCDSX2_L1_fastp	36.4684	36.4152	36.4756	36.4995	36.5297	36.5369	36.4983	36.5063	36.4968	36.4908	36.5168	36.4952	36.4954	36.4441	36.4944	36.4763	36.4795	36.447	36.4609	36.4235	36.463	36.4418	36.4403	36.4217	36.3834	36.3751	36.3591	36.3723	36.3622	36.3393	36.3449	36.3615	36.3432	36.3245	36.3264	36.3252	36.3147	36.3077	36.3062	36.3003	36.17	36.2102	36.1848	36.2237	35.1315	36.2036	36.2468	35.3185	35.2396	36.0503	35.5451	35.4434	35.9859	36.0126	35.1911	35.4508	35.0559	35.5977	35.0724	34.9034	35.9361	35.1436	34.7624	35.2831	35.7694	34.7332	35.314	35.1106	34.979	35.126	35.5065	35.7976	35.945	36.0259	36.0537	36.057	36.0698	36.0798	36.0622	36.0787	36.0691	36.0626	36.0385	36.0458	36.0611	36.0377	36.0136	35.981	35.9434	35.9501	35.9554	35.9085	35.854	35.8084	35.7975	35.7985	35.7374	35.712	35.6856	35.652	35.617	35.5618	35.5263	35.5018	35.468	35.4002	35.3227	35.2768	35.234	35.1841	35.1124	35.0773	34.9798	34.9273	34.8551	34.775	34.7024	34.6165	34.5159	34.4265	34.3298	34.2651	34.1649	34.0565	33.942	33.8212	33.7468	33.6372	33.5139	33.3666	33.2994	33.2117	33.0636	32.9578	32.8647	32.7036	32.6224	32.533	32.3918	32.2744	32.1648	32.0853	32.0752	31.8734	31.7415	31.7655	31.8187	31.5973	31.6098	31.7045
AeA01035_CKDL210012719-1a-AK9142-AK1864_HF5TCDSX2_L1_fastp	36.4939	36.435	36.4909	36.5122	36.547	36.5518	36.4993	36.5293	36.5112	36.4984	36.5339	36.5094	36.5033	36.4769	36.501	36.4873	36.495	36.4665	36.4727	36.4423	36.4796	36.4544	36.4519	36.4372	36.4044	36.3952	36.3809	36.3941	36.3882	36.3623	36.3628	36.3753	36.3642	36.3562	36.3497	36.349	36.3395	36.3338	36.3291	36.3231	36.2423	36.2622	36.2496	36.261	35.5727	36.2281	36.2821	35.72	35.6333	36.1567	35.8956	36.0669	36.1794	36.104	35.653	35.8237	35.5952	35.9067	35.5883	35.4753	36.0727	35.5996	35.3852	35.6674	35.9573	35.3475	35.6812	35.5524	35.4691	35.5386	35.7974	35.9808	36.058	36.1011	36.1118	36.103	36.1139	36.1188	36.1009	36.1118	36.1068	36.0991	36.0727	36.0828	36.1006	36.0775	36.0584	36.031	35.997	36.0073	36.0222	35.9776	35.9355	35.8935	35.8906	35.9009	35.8472	35.8324	35.8131	35.7913	35.762	35.7206	35.6974	35.6826	35.6514	35.5976	35.5243	35.4912	35.4559	35.4096	35.3491	35.3173	35.2247	35.1749	35.1053	35.0267	34.9557	34.8704	34.7683	34.6756	34.5793	34.5098	34.4041	34.2949	34.1753	34.0496	33.9663	33.848	33.7141	33.563	33.4849	33.3892	33.2312	33.1047	32.9946	32.8257	32.7292	32.6293	32.4667	32.3237	32.2001	32.1133	32.0837	31.8539	31.6972	31.7187	31.7511	31.5061	31.4963	31.5875
AeA01036_CKDL210012719-1a-AK9142-AK7558_HF5TCDSX2_L1_fastp	36.3817	36.3637	36.4143	36.4704	36.4939	36.5009	36.5389	36.472	36.4676	36.5043	36.4896	36.4961	36.5374	36.3645	36.556	36.5073	36.4611	36.4041	36.4893	36.443	36.4613	36.4873	36.476	36.4607	36.4186	36.411	36.3873	36.3926	36.3594	36.3392	36.387	36.4292	36.384	36.3071	36.3592	36.3554	36.3368	36.3415	36.3165	36.3146	35.828	35.9331	35.9252	36.0614	31.3647	35.8277	36.1806	32.6131	32.4019	35.417	33.8722	33.5977	35.5839	35.2684	32.3277	33.3611	31.8778	33.7252	31.9459	31.3759	35.2962	32.3377	30.9611	32.9168	34.8404	30.9382	32.9914	32.278	31.8241	32.8622	33.9792	34.9344	35.4699	35.7526	35.8906	35.9504	36.0013	36.0423	36.0491	36.0627	36.0807	36.0854	36.0625	36.0725	36.0995	36.0814	36.0812	36.0485	36.0183	36.037	36.041	36.0167	35.9717	35.9399	35.9302	35.9463	35.8936	35.8805	35.8636	35.8323	35.8212	35.7741	35.7384	35.7328	35.7081	35.6572	35.5966	35.5619	35.5294	35.4844	35.4308	35.4098	35.3244	35.276	35.2288	35.1564	35.0989	35.0333	34.944	34.8615	34.8037	34.7322	34.6514	34.5701	34.4763	34.3735	34.3223	34.2173	34.1109	33.9976	33.9287	33.8779	33.7624	33.6647	33.5758	33.4537	33.3868	33.3243	33.2113	33.0894	33.002	32.9536	32.9551	32.7905	32.6712	32.7091	32.7377	32.5558	32.5582	32.6345
AeA01037_CKDL210012719-1a-AK9142-7UDI308_HF5TCDSX2_L1_fastp	36.4003	36.3693	36.4227	36.4737	36.4923	36.502	36.5393	36.4662	36.451	36.4961	36.4768	36.496	36.5341	36.3607	36.5498	36.5034	36.466	36.4102	36.4785	36.4232	36.458	36.4887	36.4741	36.449	36.3972	36.3895	36.379	36.3885	36.3409	36.323	36.3817	36.4096	36.3649	36.2837	36.3231	36.3363	36.3157	36.3235	36.291	36.3079	35.8466	35.9525	35.9575	36.0411	31.3928	35.7875	36.1616	32.6736	32.1194	35.4437	33.8241	33.4273	35.4015	35.3358	32.4073	33.3528	31.9413	33.7551	31.9678	31.4442	35.2812	32.4059	31.0728	33.0184	34.8218	31.0328	33.0576	32.3718	31.911	32.8438	33.9559	34.9128	35.4434	35.7259	35.8651	35.9237	35.9753	35.9958	36.0025	36.0304	36.0308	36.0452	36.0193	36.0391	36.0591	36.0494	36.0293	36.0031	35.9733	35.9892	35.9868	35.9607	35.9255	35.8885	35.8801	35.8803	35.8256	35.8095	35.7881	35.7579	35.7263	35.6828	35.6579	35.6363	35.6104	35.5543	35.4831	35.437	35.4167	35.3514	35.295	35.2554	35.1704	35.1188	35.045	34.9751	34.9172	34.8201	34.7276	34.6494	34.5442	34.4687	34.3895	34.2913	34.1779	34.0669	34.0043	33.8995	33.7765	33.6586	33.5991	33.5101	33.3872	33.2748	33.1941	33.0661	32.9884	32.9215	32.8004	32.6698	32.5879	32.5306	32.5037	32.34	32.2079	32.2691	32.291	32.1367	32.1465	32.2288
AeA01038_CKDL210012719-1a-AK9142-AK2587_HF5TCDSX2_L1_fastp	36.3606	36.3402	36.397	36.4501	36.4679	36.4781	36.5123	36.4548	36.4408	36.4796	36.4612	36.4726	36.5168	36.343	36.5294	36.4782	36.449	36.3844	36.4554	36.4045	36.435	36.4615	36.4468	36.4265	36.382	36.3686	36.3382	36.3547	36.3142	36.2983	36.3419	36.3778	36.3362	36.2506	36.3007	36.3003	36.2883	36.2908	36.2641	36.2686	35.7885	35.9134	35.9189	36.0037	31.4886	35.7739	36.1295	32.7272	32.1505	35.4107	33.8379	33.6871	35.4241	35.2808	32.4285	33.3873	31.9866	33.7501	32.0281	31.4889	35.2429	32.427	31.1	32.9825	34.8031	31.0816	33.0513	32.3839	31.9306	32.8647	33.9554	34.8787	35.411	35.6793	35.8153	35.881	35.9245	35.9648	35.9563	35.9885	35.9899	36.0032	35.9845	35.9986	36.015	36.0047	35.986	35.973	35.939	35.9538	35.9602	35.9272	35.8959	35.8598	35.8643	35.8654	35.8253	35.8049	35.7961	35.7706	35.7416	35.7104	35.6864	35.6708	35.6467	35.5953	35.5304	35.5007	35.468	35.4262	35.3674	35.3533	35.2628	35.2154	35.1571	35.0848	35.0234	34.9363	34.8485	34.7765	34.6862	34.6292	34.5278	34.44	34.3534	34.2422	34.1772	34.0789	33.9601	33.8274	33.7849	33.7023	33.5675	33.468	33.3918	33.2622	33.178	33.0919	32.9733	32.8689	32.764	32.7124	32.6967	32.5165	32.4036	32.4346	32.4691	32.2697	32.2824	32.3688
AeA01039_CKDL210012719-1a-AK9142-GC12_HF5TCDSX2_L1_fastp	36.4702	36.4131	36.4752	36.5011	36.5306	36.5351	36.4979	36.4999	36.4895	36.4829	36.5091	36.4893	36.4953	36.4365	36.4972	36.4765	36.4759	36.4386	36.4555	36.4184	36.4577	36.4421	36.4394	36.4194	36.3822	36.3696	36.3552	36.3681	36.3561	36.3317	36.344	36.3608	36.3401	36.316	36.3215	36.3197	36.3082	36.304	36.299	36.2984	36.1445	36.1809	36.1772	36.1919	34.6467	36.1132	36.2305	35.0669	34.8647	35.9854	35.4163	35.3016	35.9456	35.9487	34.952	35.2665	34.7775	35.3911	34.8017	34.5928	35.8783	34.916	34.4535	35.091	35.6871	34.4196	35.1125	34.8676	34.7038	34.9303	35.3728	35.724	35.9035	35.9986	36.0374	36.0423	36.0566	36.0667	36.0501	36.0664	36.0637	36.0634	36.0403	36.052	36.0685	36.0457	36.0233	35.9909	35.9537	35.9601	35.9695	35.9256	35.8818	35.8396	35.8346	35.8392	35.7776	35.7524	35.7252	35.6931	35.6576	35.61	35.5822	35.5604	35.5245	35.4637	35.3855	35.3388	35.2961	35.2384	35.1652	35.1303	35.0322	34.9709	34.904	34.8206	34.7418	34.6518	34.5471	34.4434	34.3445	34.2714	34.1628	34.0537	33.9373	33.8164	33.7402	33.6233	33.4966	33.3546	33.2761	33.1873	33.0427	32.9279	32.8311	32.676	32.598	32.5085	32.3658	32.2406	32.1269	32.0599	32.0435	31.8394	31.7058	31.742	31.7898	31.5746	31.5827	31.6816
AeA01040_CKDL210012719-1a-AK9142-7UDI246_HF5TCDSX2_L1_fastp	36.3938	36.3991	36.4258	36.5064	36.4936	36.5098	36.6438	36.4825	36.4705	36.5684	36.4981	36.5499	36.6452	36.3183	36.6762	36.5827	36.5094	36.4078	36.565	36.4951	36.5091	36.5975	36.5782	36.5422	36.4868	36.4889	36.4697	36.4607	36.4006	36.3901	36.49	36.5493	36.4683	36.3197	36.422	36.4246	36.411	36.4144	36.3681	36.3958	35.5685	35.7028	35.7372	35.8831	26.8726	35.4028	36.1513	29.3016	28.2138	34.7529	31.7116	30.7856	34.7083	34.5717	28.8678	30.6975	28.0145	31.5373	28.0254	27.1102	34.5229	28.8728	26.3528	30.0865	33.693	26.2935	30.1493	28.8506	27.9845	30.0528	32.1032	33.8949	34.9205	35.4576	35.7321	35.8651	35.9577	36.0258	36.0495	36.0836	36.1022	36.1283	36.1233	36.143	36.1613	36.1506	36.1441	36.1317	36.1066	36.111	36.1154	36.0934	36.0607	36.0361	36.0227	36.0236	35.9879	35.9519	35.939	35.9145	35.8872	35.856	35.8325	35.8099	35.7795	35.7418	35.6917	35.6558	35.6208	35.5853	35.5313	35.5034	35.4441	35.4088	35.3538	35.3035	35.2524	35.1954	35.1282	35.0737	35.0063	34.9678	34.9026	34.832	34.7735	34.695	34.6573	34.5881	34.5171	34.4343	34.3919	34.345	34.2673	34.2063	34.1505	34.0652	34.0297	33.9829	33.9085	33.8407	33.7877	33.7547	33.7639	33.6641	33.5839	33.6211	33.6718	33.5656	33.5771	33.6595
AeA01041_CKDL210012719-1a-AK8410-7UDI214_HF5TCDSX2_L1_fastp	36.4846	36.4296	36.4831	36.5133	36.5405	36.5466	36.5109	36.5213	36.5045	36.5032	36.5289	36.5107	36.5129	36.4929	36.5039	36.489	36.4882	36.4608	36.4741	36.4364	36.4744	36.4647	36.4586	36.4372	36.4023	36.393	36.3758	36.3951	36.3782	36.353	36.3615	36.3661	36.3636	36.3715	36.3512	36.3415	36.3276	36.3082	36.3079	36.2935	36.2798	36.2775	36.1327	36.2248	34.8516	36.1485	36.2208	34.6392	34.5939	35.8421	34.9638	35.09	35.9535	35.5113	34.5782	34.9887	34.4763	35.2416	34.5266	34.3924	35.6479	34.6351	34.2147	34.9036	35.3952	34.2131	34.9808	34.8961	34.7624	34.628	35.0756	35.4679	35.7115	35.8481	35.9117	35.9288	35.9499	35.9637	35.9492	35.9614	35.9542	35.9443	35.9123	35.9206	35.9298	35.904	35.8783	35.8434	35.8019	35.8018	35.8007	35.7447	35.6879	35.628	35.6062	35.6005	35.5265	35.4878	35.4449	35.4048	35.3499	35.2827	35.231	35.1918	35.1372	35.0568	34.962	34.9001	34.8367	34.7647	34.6769	34.6192	34.5046	34.4245	34.3307	34.2295	34.1283	34.0126	33.8876	33.7707	33.6448	33.5396	33.4064	33.2694	33.1195	32.9642	32.8501	32.7024	32.5395	32.3712	32.2591	32.1281	31.9547	31.8111	31.6796	31.4987	31.3856	31.2675	31.1079	30.976	30.847	30.761	30.7292	30.5436	30.4166	30.4292	30.461	30.2827	30.2873	30.3768
AeA01042_CKDL210012719-1a-AK8410-AK4971_HF5TCDSX2_L1_fastp	36.4481	36.404	36.4601	36.4923	36.5195	36.5248	36.5077	36.4988	36.4826	36.4902	36.5058	36.4951	36.5063	36.4784	36.4932	36.4747	36.4643	36.4316	36.4582	36.4153	36.4489	36.453	36.4434	36.4184	36.3795	36.3676	36.35	36.3724	36.3418	36.3245	36.3394	36.343	36.3379	36.3497	36.3299	36.3116	36.3023	36.2736	36.2742	36.2565	36.2412	36.2396	36.0156	36.1744	34.2249	36.0783	36.1649	33.8068	33.7531	35.6177	34.2195	34.1267	35.5171	35.3151	33.7385	34.2676	33.5643	34.7692	33.5998	33.4533	35.3182	33.8052	33.1868	34.2485	34.9606	33.2031	34.3584	34.2534	34.0647	33.8789	34.5115	35.086	35.4593	35.6776	35.7822	35.8218	35.8563	35.8808	35.8683	35.8894	35.8847	35.8822	35.8538	35.8684	35.8825	35.8638	35.839	35.8138	35.7739	35.7837	35.7942	35.7464	35.6992	35.6528	35.6445	35.6512	35.591	35.5688	35.5403	35.5112	35.4714	35.4242	35.3855	35.3636	35.3269	35.2611	35.1804	35.1381	35.0909	35.0353	34.9626	34.9169	34.8163	34.748	34.6685	34.5823	34.4913	34.3824	34.2744	34.1654	34.0447	33.9569	33.8241	33.6921	33.5507	33.4031	33.29	33.1498	32.9882	32.8195	32.7118	32.579	32.4104	32.2618	32.1238	31.9454	31.834	31.7045	31.5424	31.4015	31.2661	31.1727	31.1333	30.933	30.8015	30.7964	30.8147	30.6203	30.6199	30.6848
AeA01043_CKDL210012719-1a-AK8410-AK1864_HF5TCDSX2_L1_fastp	36.3912	36.3707	36.4145	36.4727	36.4943	36.5027	36.5537	36.5312	36.464	36.4792	36.4949	36.5139	36.5668	36.512	36.5708	36.5116	36.4742	36.4157	36.4968	36.4405	36.4675	36.5093	36.4935	36.47	36.4252	36.42	36.3974	36.4147	36.3675	36.365	36.4079	36.4043	36.4039	36.4236	36.402	36.3741	36.3423	36.2946	36.2993	36.2838	36.2717	36.2087	35.7357	36.1042	31.3312	35.6744	36.1481	30.8426	30.5918	34.8886	32.5261	33.7406	35.4748	33.8414	30.8915	32.2249	30.7272	33.26	30.6881	30.4876	34.629	31.1294	29.9958	32.123	34.0035	30.0308	32.2389	32.0554	31.6881	31.9816	33.1981	34.331	35.0796	35.4988	35.713	35.8162	35.8821	35.9289	35.9385	35.9644	35.9733	35.9794	35.9696	35.9886	36.0083	35.9865	35.9779	35.9641	35.9291	35.9425	35.9478	35.9214	35.8898	35.859	35.8399	35.8535	35.805	35.7918	35.776	35.7535	35.7238	35.6866	35.6709	35.6518	35.6238	35.5742	35.5183	35.4935	35.455	35.4089	35.3581	35.3218	35.2544	35.2074	35.1455	35.0841	35.0196	34.9422	34.8617	34.7834	34.6995	34.6225	34.5328	34.4513	34.3463	34.2346	34.1599	34.0566	33.945	33.8149	33.7287	33.6369	33.5074	33.4063	33.305	33.1691	33.0813	32.9898	32.866	32.76	32.6558	32.5719	32.5438	32.3788	32.2754	32.2702	32.2758	32.1119	32.0954	32.1489
AeA01044_CKDL210012719-1a-AK8410-AK7558_HF5TCDSX2_L1_fastp	36.4702	36.4162	36.4721	36.5001	36.5273	36.5343	36.5054	36.5085	36.495	36.4973	36.5138	36.4989	36.5051	36.4845	36.4952	36.4809	36.4747	36.4462	36.4619	36.4249	36.4597	36.4546	36.4475	36.4258	36.3898	36.3777	36.3599	36.3833	36.3594	36.3366	36.3485	36.3557	36.3511	36.361	36.3396	36.3299	36.3185	36.2996	36.2926	36.2766	36.2622	36.2592	36.1087	36.2053	34.5154	36.0833	36.2047	34.4462	34.4049	35.7743	34.7938	34.8218	35.8306	35.4962	34.388	34.8112	34.2594	35.1137	34.3017	34.1596	35.5656	34.436	33.9628	34.7457	35.2849	33.9679	34.8349	34.7435	34.5949	34.4364	34.9323	35.3678	35.6469	35.8029	35.8724	35.8956	35.9217	35.9403	35.922	35.9368	35.9338	35.9274	35.8987	35.9134	35.9282	35.9056	35.8854	35.8594	35.8286	35.8354	35.8449	35.7985	35.7534	35.7084	35.7007	35.7091	35.6517	35.6325	35.6067	35.5839	35.5435	35.4948	35.4645	35.441	35.4036	35.3437	35.2658	35.2221	35.181	35.1215	35.0516	35.0075	34.9067	34.845	34.7585	34.6739	34.5878	34.4774	34.3651	34.2502	34.1328	34.0402	33.9108	33.7706	33.6213	33.4734	33.3557	33.2047	33.0425	32.8694	32.7562	32.6248	32.4366	32.287	32.1469	31.9558	31.8348	31.7053	31.5281	31.3877	31.245	31.1352	31.0903	30.8808	30.7294	30.7233	30.7309	30.5216	30.5078	30.5721
AeA01045_CKDL210012719-1a-AK8410-7UDI308_HF5TCDSX2_L1_fastp	36.4511	36.4034	36.4542	36.4954	36.5167	36.525	36.5304	36.4968	36.4777	36.495	36.5023	36.5054	36.5323	36.496	36.5148	36.4911	36.4686	36.4337	36.4743	36.428	36.4562	36.4839	36.4706	36.4399	36.398	36.39	36.3707	36.4003	36.3569	36.3462	36.3739	36.3777	36.3733	36.3926	36.3685	36.3453	36.3359	36.3036	36.2993	36.2847	36.2647	36.2606	35.9934	36.1577	32.7738	35.8916	36.1649	32.679	32.4261	35.3669	33.4058	33.3036	35.319	34.905	32.6637	33.4209	32.4011	34.07	32.4495	32.2538	35.0183	32.7962	31.918	33.4928	34.5163	31.9652	33.6483	33.5102	33.2419	33.02	33.903	34.7273	35.2866	35.6086	35.7671	35.8392	35.8888	35.9254	35.9233	35.9481	35.9508	35.9548	35.9359	35.9513	35.9663	35.9469	35.9242	35.8958	35.857	35.8558	35.8603	35.8137	35.7661	35.7143	35.6991	35.6899	35.624	35.5875	35.5495	35.5056	35.4581	35.398	35.3534	35.3179	35.2711	35.1964	35.1088	35.0531	34.9945	34.9263	34.8431	34.7897	34.685	34.6121	34.528	34.4405	34.3467	34.2431	34.1313	34.0233	33.9078	33.8225	33.7004	33.5809	33.4561	33.3225	33.2281	33.102	32.9599	32.8176	32.7209	32.6102	32.4673	32.3466	32.2367	32.0946	32.003	31.9049	31.7755	31.6606	31.5557	31.4904	31.468	31.3159	31.2121	31.2403	31.2713	31.1246	31.1375	31.2189
AeA01046_CKDL210012719-1a-AK8410-AK2587_HF5TCDSX2_L1_fastp	36.4205	36.398	36.4381	36.494	36.5035	36.5125	36.5866	36.5081	36.4742	36.529	36.499	36.5305	36.5887	36.5243	36.5643	36.5239	36.4733	36.432	36.5119	36.4494	36.4681	36.544	36.5172	36.4813	36.4322	36.4312	36.4049	36.4399	36.365	36.3671	36.4163	36.4158	36.418	36.4522	36.422	36.386	36.3809	36.3307	36.3133	36.2911	36.2584	36.2375	35.7739	36.0903	30.2137	35.63	36.1095	30.0039	29.5612	34.7194	31.3347	31.3866	34.7343	33.8463	29.9665	31.345	29.5487	32.4637	29.6359	29.3155	34.1634	30.2624	28.7302	31.4657	33.3519	28.8619	31.7678	31.5512	31.0925	30.8695	32.3373	33.7361	34.7131	35.2734	35.5604	35.7069	35.8015	35.8663	35.8842	35.9197	35.9312	35.949	35.9354	35.9541	35.9773	35.9637	35.9508	35.9354	35.9077	35.9157	35.9173	35.8836	35.8483	35.8124	35.8031	35.8021	35.7545	35.7293	35.7092	35.6798	35.647	35.6036	35.5755	35.5524	35.5151	35.4641	35.4008	35.3596	35.3201	35.2733	35.2103	35.1711	35.0928	35.0376	34.969	34.902	34.8296	34.7471	34.658	34.5777	34.4823	34.4132	34.3161	34.2155	34.1101	33.9968	33.9164	33.8083	33.6923	33.571	33.4908	33.3968	33.27	33.1679	33.0708	32.9427	32.8656	32.775	32.6588	32.5623	32.4703	32.402	32.3787	32.2428	32.1446	32.1595	32.1788	32.0419	32.0478	32.1133
AeA01047_CKDL210012719-1a-AK8410-GC12_HF5TCDSX2_L1_fastp	36.463	36.4027	36.4682	36.4907	36.5211	36.5257	36.474	36.4921	36.4797	36.4641	36.4993	36.4749	36.4732	36.4596	36.466	36.4536	36.4604	36.4316	36.4351	36.3998	36.4419	36.4181	36.415	36.3957	36.3586	36.3458	36.3298	36.3497	36.3385	36.3152	36.3171	36.3254	36.3168	36.3214	36.3018	36.2957	36.2851	36.2733	36.2726	36.2622	36.2555	36.2568	36.1784	36.2111	35.3114	36.1447	36.2041	35.2995	35.207	35.9874	35.4375	35.4426	35.9487	35.8684	35.2499	35.4512	35.1579	35.6088	35.1849	35.0909	35.8288	35.2408	34.978	35.3874	35.6486	34.9563	35.4213	35.3577	35.2702	35.1181	35.4272	35.6801	35.8262	35.9069	35.9396	35.9364	35.9459	35.951	35.9272	35.943	35.9321	35.9252	35.8957	35.9063	35.9235	35.8973	35.8708	35.8366	35.7935	35.7975	35.8022	35.7523	35.7032	35.6536	35.6435	35.6442	35.5774	35.5468	35.514	35.4795	35.4341	35.3779	35.3398	35.3155	35.2727	35.2026	35.118	35.067	35.0144	34.9504	34.8731	34.8241	34.7163	34.6504	34.5642	34.4724	34.3813	34.2751	34.1545	34.0408	33.9198	33.8242	33.6939	33.5611	33.4184	33.2732	33.163	33.0191	32.8597	32.6908	32.5802	32.4518	32.278	32.1404	32.0036	31.83	31.7198	31.6023	31.4398	31.302	31.17	31.0761	31.0367	30.8385	30.7062	30.7194	30.7358	30.5472	30.5425	30.6164
AeA01048_CKDL210012719-1a-AK8410-7UDI246_HF5TCDSX2_L1_fastp	36.4524	36.4033	36.4605	36.4914	36.5209	36.5273	36.5118	36.5058	36.4873	36.4936	36.5108	36.5016	36.5144	36.4858	36.4991	36.482	36.4728	36.4423	36.4702	36.4284	36.4601	36.4677	36.4594	36.4326	36.394	36.3865	36.3688	36.3912	36.3651	36.3502	36.367	36.3716	36.3687	36.38	36.3593	36.3433	36.3347	36.3132	36.3067	36.2959	36.2799	36.2794	36.1003	36.2008	33.9101	36.0211	36.2095	33.8465	33.6653	35.6657	34.3333	34.2515	35.6155	35.3539	33.8161	34.3252	33.6418	34.778	33.6706	33.533	35.401	33.881	33.2892	34.3389	35.0516	33.3082	34.4464	34.3439	34.1542	33.9907	34.6166	35.1875	35.5611	35.7798	35.8817	35.9224	35.9526	35.9766	35.9647	35.9839	35.9819	35.9828	35.9586	35.9712	35.9928	35.9737	35.9595	35.9306	35.8992	35.912	35.9265	35.8897	35.8542	35.8185	35.8187	35.8316	35.7908	35.7737	35.7625	35.7449	35.7206	35.6861	35.6694	35.6633	35.6494	35.6029	35.5477	35.524	35.4992	35.4655	35.4155	35.3972	35.3235	35.2859	35.2342	35.1784	35.12	35.0485	34.9688	34.8907	34.8091	34.7491	34.655	34.5595	34.4525	34.3438	34.2586	34.1494	34.025	33.8833	33.7971	33.6925	33.5428	33.4206	33.3028	33.1434	33.0435	32.9288	32.7718	32.634	32.504	32.4076	32.3423	32.1393	31.9947	31.9777	31.955	31.7455	31.7109	31.7344
AeA01049_CKDL210012719-1a-AK8587-7UDI214_HF5TCDSX2_L1_fastp	36.4919	36.4418	36.4944	36.523	36.5532	36.5587	36.5161	36.5245	36.5179	36.5122	36.5415	36.5188	36.5136	36.5021	36.5144	36.5001	36.502	36.4813	36.4861	36.4459	36.49	36.4745	36.4669	36.4499	36.4145	36.4064	36.3912	36.4068	36.3956	36.3642	36.3754	36.3808	36.3782	36.3835	36.3578	36.3319	36.3448	36.3303	36.1479	36.2219	36.3089	36.2573	36.1797	36.2292	35.1278	36.1168	36.2843	36.0955	36.1446	36.2564	36.1527	36.2053	36.2304	36.2431	36.0141	36.1271	35.8691	35.9037	35.9056	35.5576	36.1482	35.9403	35.5285	35.6716	36.0628	35.5664	35.7408	35.1884	35.0521	35.4289	35.7174	35.9517	36.0413	36.0872	36.1034	36.0982	36.1083	36.1205	36.1023	36.1156	36.1106	36.1092	36.0853	36.0975	36.1182	36.1029	36.0891	36.064	36.0391	36.0572	36.0761	36.0418	36.0089	35.9794	35.9918	36.0125	35.9731	35.9708	35.9687	35.9641	35.955	35.9308	35.9306	35.9362	35.9271	35.8943	35.8438	35.8356	35.8291	35.8095	35.7784	35.778	35.7167	35.7032	35.673	35.6364	35.6097	35.5714	35.5192	35.4772	35.4442	35.4372	35.3937	35.3587	35.31	35.2678	35.2599	35.2193	35.1648	35.0972	35.1035	35.078	35.0015	34.9572	34.9163	34.8293	34.8082	34.7622	34.6704	34.596	34.5152	34.4804	34.4614	34.275	34.1629	34.203	34.207	34.0069	34.0075	34.0547
AeA01050_CKDL210012719-1a-AK8587-AK4971_HF5TCDSX2_L1_fastp	36.4801	36.4226	36.4852	36.5065	36.5408	36.5456	36.4867	36.5123	36.5055	36.4933	36.5275	36.4996	36.4868	36.4778	36.4863	36.4737	36.4852	36.4622	36.461	36.4278	36.4701	36.4417	36.4377	36.4197	36.3836	36.3746	36.3622	36.3799	36.3733	36.3456	36.3453	36.3553	36.3487	36.352	36.3308	36.3182	36.3202	36.3153	36.2228	36.2604	36.2978	36.2769	36.2393	36.2547	35.7578	36.2187	36.2792	36.1844	36.1881	36.2573	36.1601	36.198	36.2122	36.2446	36.107	36.16	36.0304	36.079	36.0445	35.8695	36.1575	36.0388	35.8354	35.9137	36.0842	35.8414	35.952	35.689	35.6176	35.7054	35.9002	36.0389	36.0886	36.1117	36.1153	36.1045	36.1125	36.1159	36.097	36.1097	36.1051	36.1029	36.0786	36.0894	36.1103	36.0926	36.0767	36.0528	36.0261	36.0455	36.0654	36.0289	35.9971	35.965	35.9763	35.9969	35.9578	35.9558	35.9535	35.9482	35.9369	35.9125	35.9111	35.9163	35.9091	35.873	35.8215	35.814	35.8067	35.7888	35.7537	35.7533	35.6925	35.6803	35.6512	35.6178	35.5876	35.5525	35.4981	35.4567	35.4226	35.419	35.3772	35.3437	35.2968	35.2537	35.2465	35.2119	35.1561	35.0889	35.0981	35.0756	35.0013	34.9579	34.9218	34.831	34.8122	34.7691	34.6743	34.6004	34.5271	34.4937	34.4769	34.289	34.1785	34.2214	34.2258	34.0252	34.0267	34.0786
AeA01051_CKDL210012719-1a-AK8587-AK1864_HF5TCDSX2_L1_fastp	36.4943	36.4389	36.4913	36.5174	36.5502	36.5561	36.5076	36.5286	36.5157	36.5088	36.538	36.5169	36.5106	36.4978	36.5107	36.495	36.4984	36.4773	36.4814	36.4446	36.4862	36.4634	36.46	36.4441	36.4102	36.4024	36.3891	36.4048	36.3947	36.3655	36.3692	36.3771	36.373	36.3771	36.3545	36.3346	36.3412	36.3305	36.1729	36.2399	36.3097	36.262	36.204	36.2385	35.3316	36.1081	36.2895	36.125	36.1439	36.2632	36.1697	36.2314	36.236	36.2529	36.0636	36.1538	35.9657	36.015	35.9676	35.688	36.1654	35.9853	35.655	35.7733	36.0896	35.681	35.8287	35.388	35.2806	35.5693	35.8194	36.0153	36.0826	36.1212	36.1301	36.1233	36.1313	36.1386	36.12	36.1328	36.1261	36.1214	36.0973	36.1076	36.1254	36.1078	36.0917	36.0669	36.038	36.0561	36.0705	36.0347	36.0002	35.9636	35.9728	35.9895	35.9447	35.9392	35.9333	35.9229	35.9065	35.8758	35.8659	35.8657	35.849	35.8048	35.7449	35.7269	35.7105	35.6787	35.6374	35.625	35.5497	35.5235	35.4823	35.4353	35.3954	35.3461	35.2859	35.2325	35.1914	35.178	35.1281	35.084	35.0304	34.9819	34.9744	34.9318	34.8746	34.8035	34.8081	34.783	34.7047	34.6567	34.6154	34.5234	34.4982	34.4526	34.3581	34.2842	34.2059	34.1699	34.1583	33.9791	33.8675	33.9111	33.9271	33.7375	33.7424	33.8051
AeA01052_CKDL210012719-1a-AK8587-AK7558_HF5TCDSX2_L1_fastp	36.4477	36.423	36.4605	36.5111	36.5297	36.5378	36.5666	36.4829	36.4981	36.5315	36.5205	36.5278	36.5446	36.5256	36.5676	36.5255	36.4927	36.4718	36.5154	36.4449	36.4911	36.5243	36.5007	36.4806	36.4315	36.4383	36.4187	36.4404	36.3922	36.352	36.4161	36.4089	36.4168	36.4374	36.381	36.2916	36.356	36.3181	35.6094	35.9666	36.2854	36.0738	35.8327	36.0276	31.6663	35.4274	36.2555	35.6598	35.9063	36.1946	36.0179	36.0678	36.1864	36.1859	35.501	35.8724	35.0086	34.9976	35.0757	33.9242	36.0287	35.3596	33.9293	34.4196	35.884	34.1723	34.6413	32.6451	32.192	33.9254	34.7015	35.4326	35.7589	35.927	36.006	36.0455	36.0779	36.1034	36.1029	36.1194	36.1234	36.1314	36.1175	36.13	36.148	36.1406	36.124	36.1027	36.0821	36.0916	36.1042	36.0763	36.0447	36.014	36.0169	36.0321	35.9921	35.9857	35.9739	35.9621	35.9421	35.9167	35.9006	35.8913	35.8728	35.8323	35.7769	35.7537	35.7379	35.6976	35.6591	35.6415	35.5747	35.5465	35.5019	35.4587	35.4189	35.3789	35.3247	35.2765	35.2367	35.224	35.183	35.1441	35.0989	35.058	35.0598	35.0168	34.9679	34.91	34.9181	34.9016	34.8344	34.8005	34.7653	34.6873	34.6714	34.6306	34.5592	34.5077	34.4376	34.4164	34.4136	34.2671	34.1802	34.2241	34.2486	34.104	34.1162	34.1802
AeA01053_CKDL210012719-1a-AK8587-7UDI308_HF5TCDSX2_L1_fastp	36.3335	36.3163	36.3874	36.4423	36.471	36.4834	36.474	36.4269	36.4336	36.4522	36.4604	36.4484	36.4655	36.4499	36.4792	36.4441	36.4228	36.4045	36.431	36.3731	36.4097	36.4346	36.4193	36.3958	36.3481	36.3408	36.3239	36.3419	36.3063	36.2716	36.3138	36.3093	36.3085	36.3142	36.26	36.1988	36.2401	36.2219	35.7551	35.9978	36.1988	36.0782	35.9192	36.001	32.9415	35.5459	36.1648	35.7363	35.8371	36.1235	35.9624	36.0012	36.0825	36.1107	35.6096	35.8712	35.2434	35.265	35.3095	34.4901	35.962	35.4964	34.5089	34.8608	35.8506	34.6588	35.0126	33.62	33.2856	34.4092	34.9853	35.519	35.7557	35.8863	35.9305	35.9629	35.9776	36.002	35.9961	36.01	36.0006	36.0157	35.9888	36.0075	36.0325	36.0197	36.0002	35.9669	35.9467	35.9598	35.9708	35.9384	35.9101	35.8737	35.8891	35.9073	35.8657	35.8521	35.839	35.8274	35.819	35.7948	35.7829	35.783	35.7749	35.7288	35.6756	35.6647	35.6273	35.5921	35.5605	35.5495	35.4628	35.4537	35.4078	35.3693	35.3264	35.2781	35.2188	35.1771	35.12	35.1124	35.0531	35.0211	34.9563	34.9433	34.9176	34.8919	34.8343	34.7505	34.7626	34.7448	34.6549	34.6154	34.5723	34.4975	34.4754	34.4293	34.3421	34.2828	34.2161	34.1657	34.171	33.9974	33.9124	33.9467	33.9716	33.8077	33.8181	33.8703
AeA01054_CKDL210012719-1a-AK8587-AK2587_HF5TCDSX2_L1_fastp	36.4805	36.4191	36.4797	36.5043	36.5369	36.5428	36.4976	36.5114	36.5029	36.4949	36.5218	36.5002	36.4923	36.4815	36.4947	36.4781	36.4829	36.46	36.4654	36.4256	36.4687	36.4499	36.4443	36.4261	36.3898	36.3797	36.3652	36.3826	36.3706	36.3403	36.35	36.357	36.3527	36.3576	36.3333	36.3088	36.3197	36.309	36.1421	36.2203	36.2913	36.2434	36.1836	36.2109	35.0721	36.0572	36.2688	36.0987	36.1088	36.242	36.1355	36.1849	36.2033	36.2292	36.0144	36.1167	35.869	35.9002	35.9023	35.5709	36.1356	35.9418	35.5467	35.6864	36.0521	35.5884	35.7538	35.2289	35.0979	35.4268	35.7127	35.9446	36.0348	36.083	36.0988	36.0929	36.1027	36.114	36.0964	36.1121	36.1075	36.107	36.0819	36.0951	36.1162	36.099	36.0829	36.0591	36.0311	36.0507	36.0679	36.0334	36.002	35.9681	35.9794	35.9974	35.9557	35.9516	35.9482	35.9397	35.9279	35.9029	35.8965	35.8996	35.8875	35.8498	35.7949	35.7824	35.77	35.7444	35.7068	35.701	35.6308	35.6124	35.5751	35.5335	35.4996	35.4555	35.3951	35.3473	35.3079	35.2982	35.2503	35.2092	35.1579	35.1083	35.1012	35.0604	35.0036	34.9318	34.9395	34.9164	34.8356	34.7934	34.7537	34.6625	34.642	34.5976	34.5036	34.4312	34.3518	34.3182	34.3059	34.1237	34.0161	34.0627	34.0725	33.8818	33.8896	33.9438
AeA01055_CKDL210012719-1a-AK8587-GC12_HF5TCDSX2_L1_fastp	36.4344	36.406	36.4579	36.5069	36.5204	36.5301	36.5663	36.468	36.4851	36.5196	36.5068	36.5223	36.5429	36.5184	36.5662	36.519	36.4821	36.4576	36.5067	36.4314	36.4793	36.5199	36.4994	36.4723	36.4181	36.4247	36.4036	36.4268	36.3742	36.3354	36.408	36.3933	36.4053	36.4247	36.3582	36.2502	36.3317	36.2932	35.5391	35.9419	36.264	36.0414	35.8004	35.9466	30.9855	35.2186	36.2191	35.5522	35.7145	36.1582	35.9621	35.9844	36.112	36.1443	35.3889	35.7872	34.8042	34.7922	34.8861	33.6033	35.9673	35.2406	33.6556	34.2135	35.809	33.9084	34.4263	32.1898	31.6787	33.6108	34.4769	35.3009	35.6663	35.857	35.9509	35.989	36.0254	36.054	36.0535	36.0767	36.0853	36.0979	36.084	36.0994	36.1216	36.1114	36.0972	36.0778	36.0546	36.0679	36.0821	36.0574	36.0304	36.007	36.0151	36.0283	35.9909	35.9818	35.9737	35.9618	35.9496	35.9275	35.9182	35.9206	35.9089	35.8772	35.8245	35.8053	35.7863	35.7591	35.7198	35.7095	35.6493	35.6281	35.5921	35.5535	35.5222	35.4793	35.4245	35.376	35.3393	35.3259	35.2825	35.2463	35.2031	35.1619	35.1573	35.1223	35.0697	35.0081	35.012	34.9879	34.9242	34.8858	34.8551	34.7798	34.7636	34.729	34.6527	34.5887	34.5241	34.4963	34.4896	34.3443	34.2541	34.2967	34.3162	34.1637	34.1683	34.2266
AeA01056_CKDL210012719-1a-AK8587-7UDI246_HF5TCDSX2_L1_fastp	36.4859	36.4303	36.4869	36.5111	36.541	36.5464	36.5079	36.5101	36.504	36.5009	36.5268	36.507	36.5025	36.4898	36.5039	36.4856	36.4864	36.4661	36.4745	36.4322	36.4769	36.463	36.4541	36.4343	36.3954	36.3878	36.3739	36.3924	36.3796	36.3493	36.3638	36.3687	36.3667	36.3699	36.3417	36.3101	36.3266	36.3125	36.1059	36.2095	36.2979	36.2403	36.1711	36.196	34.7574	35.9928	36.2712	36.0584	36.0816	36.243	36.1343	36.1701	36.2068	36.2341	35.9753	36.0996	35.7969	35.8295	35.8301	35.4378	36.1389	35.8999	35.4182	35.5914	36.0579	35.4735	35.6664	35.007	34.847	35.3075	35.6388	35.9169	36.0293	36.0881	36.1087	36.1071	36.1172	36.1244	36.1074	36.1216	36.1171	36.1163	36.0907	36.1031	36.1212	36.1012	36.0821	36.0535	36.0203	36.0354	36.0471	36.0074	35.972	35.9358	35.9416	35.953	35.9041	35.8923	35.8772	35.8619	35.8382	35.8031	35.7869	35.7829	35.7594	35.7079	35.6402	35.6125	35.5874	35.5455	35.4919	35.4724	35.3925	35.3605	35.3137	35.2611	35.2206	35.1656	35.1	35.0413	34.9965	34.9837	34.929	34.8888	34.8382	34.7869	34.7838	34.7443	34.6858	34.6181	34.6231	34.6053	34.5253	34.4837	34.4485	34.3566	34.34	34.2993	34.2085	34.136	34.0618	34.0291	34.0253	33.8544	33.7525	33.8042	33.8357	33.6625	33.6736	33.7481
AeA01057_CKDL210012719-1a-AK7759-7UDI214_HF5TCDSX2_L1_fastp	36.44	36.4328	36.4502	36.5268	36.5367	36.5495	36.6288	36.5576	36.5035	36.5766	36.5352	36.5674	36.641	36.5643	36.6279	36.5672	36.5102	36.4885	36.5627	36.4804	36.5199	36.6025	36.5621	36.5322	36.4637	36.4875	36.4573	36.47	36.4188	36.402	36.4715	36.4951	36.4512	36.3668	36.3566	35.9498	35.769	35.5054	36.3137	36.3102	35.8676	34.8913	35.7883	36.1076	29.6164	35.8748	36.2435	33.2155	33.6847	35.7963	34.6712	35.1559	36.0051	35.6826	33.2109	34.4389	32.3206	33.7128	32.5078	30.9481	35.4719	33.0315	30.5275	32.6043	35.0944	30.631	32.8956	30.8857	30.1188	31.9006	33.353	34.6652	35.3308	35.6851	35.8571	35.9402	36.004	36.0549	36.0637	36.0892	36.1024	36.1184	36.1064	36.1208	36.1424	36.1327	36.1175	36.1019	36.0746	36.0819	36.0911	36.0585	36.028	35.9937	35.9813	35.9907	35.9422	35.926	35.9039	35.8827	35.8531	35.8159	35.7865	35.7765	35.7481	35.6912	35.6291	35.5924	35.5566	35.5122	35.4621	35.4343	35.3581	35.3147	35.2667	35.2036	35.1517	35.0958	35.0383	34.9776	34.9151	34.8859	34.8276	34.7726	34.7124	34.6454	34.6253	34.5786	34.5103	34.4389	34.4288	34.3994	34.3243	34.2717	34.2438	34.1601	34.1384	34.0954	34.0191	33.958	33.9137	33.8843	33.908	33.7784	33.71	33.7457	33.8039	33.6731	33.6928	33.7872
AeA01058_CKDL210012719-1a-AK7759-AK4971_HF5TCDSX2_L1_fastp	36.4511	36.4205	36.4619	36.514	36.5332	36.5436	36.5888	36.5436	36.5017	36.5484	36.5273	36.5443	36.5967	36.5355	36.5833	36.5334	36.497	36.4724	36.5294	36.4561	36.4951	36.5477	36.5216	36.4903	36.4295	36.4416	36.4167	36.4312	36.3899	36.3725	36.4221	36.4411	36.4051	36.3344	36.3168	35.984	35.7843	35.503	36.2853	36.2802	35.9162	35.2088	35.8638	36.1377	31.4365	36.0	36.2264	34.0559	34.3736	35.8997	34.9195	34.916	35.8199	35.8549	33.9316	34.8007	33.2629	34.4104	33.344	32.1821	35.5899	33.7506	31.8498	33.433	35.2781	31.9151	33.6613	32.1321	31.5331	32.761	33.9069	34.9422	35.4601	35.739	35.8712	35.9324	35.9804	36.02	36.0214	36.0433	36.0518	36.0631	36.0414	36.058	36.074	36.0578	36.0424	36.0219	35.9906	35.9985	36.0083	35.9701	35.9326	35.8946	35.8873	35.8905	35.8384	35.818	35.795	35.7653	35.7385	35.6939	35.6654	35.643	35.6075	35.55	35.4796	35.4403	35.3997	35.3516	35.2833	35.2538	35.1658	35.1148	35.0605	34.9884	34.9336	34.8688	34.7912	34.7224	34.653	34.6189	34.5528	34.4876	34.424	34.3471	34.3246	34.2618	34.1916	34.1111	34.0917	34.0669	33.9787	33.9199	33.8804	33.7828	33.7608	33.7155	33.6247	33.5626	33.4973	33.4649	33.4955	33.3423	33.2523	33.3054	33.3733	33.2061	33.2439	33.3449
AeA01059_CKDL210012719-1a-AK7759-AK1864_HF5TCDSX2_L1_fastp	36.4654	36.414	36.4662	36.5145	36.5427	36.5509	36.5423	36.5481	36.5147	36.5238	36.5382	36.5338	36.5559	36.5214	36.5533	36.5237	36.5124	36.487	36.5149	36.4647	36.5042	36.5121	36.5027	36.4826	36.4382	36.4446	36.4233	36.436	36.4183	36.395	36.4187	36.4294	36.4143	36.3883	36.3756	36.2416	36.1214	36.0021	36.3422	36.3335	36.1661	35.7712	36.1244	36.2316	33.6568	36.1063	36.2985	35.0852	35.1404	36.1133	35.6973	36.0754	36.1864	36.0666	35.1236	35.5904	34.8497	35.4296	34.8169	34.2298	35.9493	34.9836	34.0442	34.815	35.7727	34.0335	34.9146	34.1341	33.8412	34.5062	35.1189	35.6316	35.8788	36.0045	36.0678	36.0875	36.1119	36.1298	36.12	36.1363	36.1376	36.1393	36.1249	36.1353	36.1563	36.1427	36.1311	36.1149	36.096	36.1135	36.1321	36.0978	36.0744	36.0494	36.0593	36.0838	36.054	36.0478	36.0535	36.0512	36.0458	36.029	36.0327	36.0447	36.0405	36.0196	35.979	35.9846	35.9862	35.9737	35.9609	35.9651	35.9223	35.9162	35.901	35.8771	35.8588	35.8357	35.7964	35.7718	35.7474	35.7444	35.7124	35.6891	35.6459	35.6104	35.5988	35.5612	35.5173	35.4624	35.4582	35.4362	35.3725	35.3287	35.2963	35.2155	35.1967	35.1599	35.0779	35.01	34.9442	34.9177	34.9101	34.7485	34.6506	34.6984	34.7015	34.5105	34.5169	34.5509
AeA01060_CKDL210012719-1a-AK7759-AK7558_HF5TCDSX2_L1_fastp	36.5025	36.4464	36.5022	36.5232	36.554	36.562	36.5161	36.5374	36.5222	36.5139	36.5424	36.5175	36.5182	36.5013	36.5114	36.496	36.5014	36.4804	36.4821	36.446	36.4864	36.4689	36.4612	36.4445	36.4066	36.4041	36.3873	36.4018	36.3924	36.3671	36.3693	36.3789	36.3717	36.3613	36.3486	36.2932	36.2583	36.2243	36.3258	36.3173	36.261	36.125	36.2417	36.2657	35.3319	36.2295	36.2847	35.8859	35.9183	36.2174	36.0005	36.0662	36.1921	36.1962	35.8297	35.9876	35.6958	35.8992	35.7215	35.4821	36.0932	35.7502	35.4013	35.6788	35.9873	35.3866	35.7288	35.4458	35.329	35.4364	35.7223	35.9459	36.0366	36.0871	36.1033	36.0979	36.1073	36.1156	36.0994	36.1124	36.1063	36.1021	36.0755	36.0849	36.1036	36.0836	36.066	36.0381	36.0055	36.0214	36.0348	35.9905	35.9509	35.9119	35.9115	35.9248	35.8749	35.8622	35.8476	35.8282	35.8067	35.7658	35.7486	35.7377	35.7086	35.6584	35.5859	35.5595	35.5318	35.4876	35.4319	35.4108	35.3181	35.2812	35.2239	35.1586	35.0994	35.0347	34.9524	34.8807	34.8103	34.7789	34.7007	34.6305	34.5518	34.4653	34.431	34.3581	34.2687	34.1709	34.1497	34.1024	33.9955	33.9226	33.8639	33.7366	33.6973	33.632	33.5129	33.4173	33.3291	33.2788	33.2771	33.0756	32.9449	32.9951	33.0361	32.8135	32.8254	32.9166
AeC01001_CKDL210012719-1a-5UDI301-AK533_HF5TCDSX2_L1_fastp	36.3825	36.3525	36.4157	36.4583	36.5126	36.5232	36.4632	36.4946	36.4864	36.4741	36.5102	36.4898	36.4773	36.4699	36.4717	36.4666	36.4741	36.4472	36.4501	36.4109	36.4547	36.4337	36.4264	36.4143	36.3814	36.3656	36.3498	36.3618	36.3515	36.3255	36.3249	36.3349	36.3185	36.3232	36.2997	36.3073	36.2875	36.2641	36.2652	36.2628	36.2529	36.254	36.1899	36.2079	35.5965	36.1824	36.2126	35.7977	35.8001	36.1244	35.8229	35.9246	36.0978	36.0636	35.7377	35.8693	35.6371	35.8963	35.6775	35.5222	35.9819	35.6922	35.4354	35.7072	35.8588	35.4447	35.7772	35.6364	35.5458	35.4238	35.6663	35.8495	35.9295	35.9794	35.987	35.9785	35.9836	35.9948	35.9718	35.9816	35.9726	35.9699	35.9386	35.9497	35.9636	35.9484	35.9317	35.907	35.878	35.895	35.9118	35.8787	35.8472	35.8184	35.8296	35.8465	35.8091	35.8102	35.8084	35.8048	35.7973	35.7787	35.7793	35.7914	35.7882	35.7634	35.7237	35.7233	35.7287	35.7223	35.704	35.72	35.6763	35.6806	35.6733	35.6553	35.6491	35.6361	35.6063	35.5886	35.5797	35.5919	35.5761	35.5607	35.5385	35.5139	35.5226	35.507	35.4748	35.4341	35.455	35.4442	35.3948	35.3785	35.3583	35.305	35.3119	35.2876	35.2342	35.1921	35.1487	35.1474	35.1519	35.0203	34.9523	35.0122	35.0271	34.8696	34.9019	34.9395
AeC01002_CKDL210012719-1a-AK7758-AK533_HF5TCDSX2_L1_fastp	36.3938	36.3655	36.43	36.4673	36.5196	36.5293	36.4656	36.5067	36.4954	36.4759	36.515	36.4907	36.48	36.4688	36.4734	36.4672	36.4773	36.4525	36.4508	36.4154	36.457	36.4333	36.4294	36.4125	36.3807	36.365	36.3496	36.3598	36.3558	36.3226	36.3203	36.3236	36.3166	36.3115	36.2923	36.2958	36.2789	36.2725	36.2673	36.2533	36.2543	36.2512	36.2105	36.2162	35.8369	36.1264	36.209	35.8855	35.8612	36.1366	35.9189	35.9398	36.092	36.093	35.8324	35.9214	35.7851	35.9561	35.8066	35.7181	36.0209	35.7894	35.6562	35.8067	35.9163	35.6326	35.8378	35.7714	35.7173	35.6137	35.7937	35.9188	35.9644	35.9961	35.9963	35.9787	35.9815	35.991	35.9623	35.9732	35.9594	35.9584	35.9235	35.9348	35.947	35.9293	35.9111	35.8837	35.8527	35.8677	35.8839	35.848	35.8159	35.7821	35.7936	35.8104	35.7713	35.7688	35.7666	35.7603	35.7519	35.733	35.7333	35.7411	35.7357	35.7116	35.6671	35.6681	35.6683	35.6612	35.64	35.6557	35.6097	35.6121	35.5988	35.5827	35.5726	35.5548	35.522	35.5035	35.4889	35.4986	35.4751	35.4562	35.4259	35.4003	35.4015	35.3799	35.3417	35.2948	35.3067	35.2943	35.2361	35.2096	35.1836	35.1188	35.1172	35.0851	35.0176	34.9657	34.9145	34.9047	34.8984	34.7562	34.6807	34.7339	34.7348	34.5723	34.5917	34.6225
AeC01003_CKDL210012719-1a-AK7078-AK533_HF5TCDSX2_L1_fastp	36.4148	36.3779	36.437	36.4723	36.5237	36.5314	36.4696	36.5083	36.4954	36.4757	36.5154	36.4904	36.4804	36.4718	36.4704	36.4669	36.4796	36.4498	36.4537	36.4147	36.4585	36.4346	36.4342	36.4153	36.3865	36.3691	36.3501	36.3637	36.3577	36.3302	36.327	36.3351	36.3222	36.3182	36.3053	36.3049	36.2927	36.2851	36.2825	36.2733	36.2285	36.2543	36.2363	36.2274	35.8099	36.1989	36.227	35.8687	35.8374	36.1468	35.8966	35.9371	36.1082	36.0947	35.8125	35.9173	35.7572	35.9602	35.783	35.6841	36.0321	35.7744	35.6164	35.8033	35.9238	35.6014	35.8463	35.7699	35.7089	35.6022	35.7957	35.9354	35.99	36.0277	36.0334	36.0199	36.0215	36.0327	36.0071	36.0187	36.0066	36.0063	35.972	35.9835	36.0011	35.9828	35.9644	35.9373	35.9082	35.9246	35.9417	35.9073	35.874	35.8405	35.8562	35.8721	35.8316	35.8307	35.8274	35.8233	35.8151	35.7959	35.7953	35.8042	35.7972	35.7707	35.728	35.7298	35.73	35.72	35.7008	35.7132	35.6701	35.668	35.6569	35.6387	35.6271	35.6066	35.5755	35.5501	35.5331	35.5401	35.515	35.4941	35.4603	35.4287	35.4289	35.4014	35.3564	35.3041	35.3086	35.2923	35.2254	35.2013	35.1686	35.0962	35.0847	35.0515	34.9785	34.9224	34.8632	34.8454	34.8359	34.6871	34.6042	34.6509	34.6553	34.4811	34.4933	34.5219
AeC01004_CKDL210012719-1a-AK9143-AK533_HF5TCDSX2_L1_fastp	36.3214	36.3054	36.3838	36.4307	36.4925	36.5044	36.4401	36.4825	36.4752	36.458	36.4984	36.4719	36.458	36.4531	36.4522	36.4486	36.4597	36.4333	36.4328	36.3966	36.4368	36.4119	36.4091	36.3902	36.3619	36.3425	36.324	36.333	36.3279	36.2995	36.2953	36.3028	36.287	36.2811	36.2756	36.2657	36.2516	36.2427	36.2412	36.2258	36.2185	36.2026	36.1703	36.173	35.6932	36.1538	36.1711	35.7553	35.7044	36.0725	35.7947	35.8063	36.0121	36.0027	35.675	35.7886	35.6242	35.8336	35.6434	35.5523	35.9242	35.6281	35.474	35.6608	35.803	35.4583	35.7076	35.6425	35.5794	35.4508	35.6518	35.802	35.8642	35.9041	35.9134	35.8993	35.9017	35.91	35.8829	35.8918	35.8823	35.8785	35.844	35.8542	35.8686	35.8472	35.8304	35.8044	35.7722	35.7904	35.8063	35.7706	35.7359	35.7035	35.7166	35.7336	35.6937	35.6944	35.6932	35.6845	35.6788	35.6588	35.6578	35.672	35.6694	35.6439	35.6014	35.6021	35.6095	35.6006	35.583	35.5993	35.5555	35.5622	35.5505	35.5359	35.5354	35.5165	35.4891	35.4734	35.4631	35.4777	35.4626	35.4511	35.4275	35.4118	35.4183	35.4044	35.3725	35.3297	35.3554	35.348	35.3013	35.2837	35.2702	35.2161	35.2191	35.2035	35.1502	35.1078	35.0685	35.0644	35.072	34.9452	34.8824	34.9467	34.9582	34.8073	34.8386	34.8752
AeC01005_CKDL210012719-1a-5UDI225-AK533_HF5TCDSX2_L1_fastp	36.4146	36.3823	36.4437	36.4769	36.5247	36.5303	36.47	36.5095	36.4968	36.4811	36.5182	36.4932	36.4849	36.4747	36.4776	36.4722	36.4798	36.4597	36.4549	36.4208	36.4601	36.4372	36.4347	36.4168	36.3857	36.3689	36.352	36.3615	36.3585	36.3301	36.3279	36.3347	36.3244	36.3175	36.3063	36.3099	36.2904	36.2771	36.2602	36.2664	36.2629	36.2442	36.2184	36.2182	35.7849	36.2038	36.2285	36.1587	36.1445	36.2122	36.1247	36.1581	36.1597	36.1914	36.0842	36.1234	36.0286	36.0519	36.048	35.8973	36.1023	36.0195	35.8658	35.9102	36.0236	35.8649	35.9505	35.739	35.6767	35.6869	35.8606	35.976	36.0066	36.0298	36.0245	36.0057	36.0074	36.0158	35.9896	36.0011	35.9897	35.983	35.9545	35.9665	35.9814	35.9657	35.9514	35.9244	35.8945	35.916	35.935	35.8988	35.8706	35.8396	35.8548	35.8767	35.8392	35.836	35.8393	35.8373	35.8339	35.8151	35.8185	35.8312	35.8301	35.804	35.7693	35.7697	35.7755	35.7717	35.7548	35.7756	35.7325	35.7376	35.7342	35.723	35.7158	35.7049	35.6816	35.6674	35.6617	35.6802	35.6677	35.6598	35.6426	35.6291	35.6465	35.6361	35.6123	35.5823	35.6133	35.6124	35.5752	35.569	35.5609	35.5182	35.5309	35.5177	35.4756	35.4461	35.4097	35.4213	35.4292	35.3079	35.2539	35.3213	35.3353	35.1922	35.2283	35.2674
AeC01006_CKDL210012719-1a-AK9144-AK533_HF5TCDSX2_L1_fastp	36.4086	36.3759	36.4417	36.4776	36.529	36.5392	36.4779	36.5166	36.5047	36.4884	36.526	36.5009	36.4909	36.4801	36.4852	36.4777	36.4877	36.465	36.4631	36.4272	36.4666	36.4432	36.4392	36.4246	36.3929	36.3784	36.3629	36.371	36.3668	36.3387	36.3345	36.3401	36.3286	36.3226	36.3116	36.3105	36.2988	36.2878	36.2844	36.2371	36.2541	36.2499	36.2338	36.2288	35.8933	36.2169	36.2339	36.1469	36.1413	36.2104	36.1183	36.1551	36.1614	36.1906	36.0797	36.1199	36.0333	36.0743	36.0509	35.9238	36.1034	36.0127	35.8871	35.938	36.0203	35.8733	35.97	35.824	35.7656	35.7298	35.8855	35.9878	36.0108	36.0296	36.0234	36.0072	36.0046	36.0124	35.9837	35.9963	35.984	35.9809	35.9496	35.9609	35.9754	35.9586	35.9422	35.9179	35.8893	35.907	35.9218	35.8897	35.8576	35.8262	35.8428	35.8623	35.8243	35.8247	35.8269	35.8225	35.8159	35.7978	35.8024	35.8125	35.8092	35.7856	35.7452	35.7496	35.7517	35.747	35.728	35.7481	35.704	35.7089	35.7018	35.6862	35.6806	35.6696	35.6432	35.6272	35.6168	35.6307	35.6187	35.6076	35.5885	35.5724	35.588	35.5763	35.5477	35.513	35.5405	35.5404	35.5006	35.4912	35.48	35.4315	35.4431	35.4313	35.383	35.3505	35.3164	35.3191	35.332	35.2072	35.1461	35.2087	35.2274	35.082	35.1176	35.1569
AeC01007_CKDL210012719-1a-AK3911-AK533_HF5TCDSX2_L1_fastp	36.3583	36.332	36.4083	36.4511	36.5106	36.5201	36.4573	36.5028	36.4896	36.4739	36.5118	36.4888	36.4795	36.4704	36.4737	36.4657	36.4755	36.454	36.4522	36.4141	36.4572	36.4376	36.4293	36.4137	36.3858	36.3709	36.3524	36.3617	36.3548	36.3309	36.3269	36.3285	36.3219	36.3114	36.2903	36.3025	36.2815	36.2804	36.2727	36.2677	36.2595	36.2455	36.186	36.2104	35.6501	36.1814	36.2156	35.6668	35.6204	36.0908	35.7672	35.7384	36.0278	36.0272	35.6186	35.7371	35.5717	35.8285	35.5849	35.5063	35.9626	35.5723	35.4279	35.6496	35.8361	35.4065	35.6758	35.6194	35.5627	35.4754	35.6937	35.8551	35.9336	35.9817	35.9935	35.9799	35.9844	35.9968	35.9695	35.9829	35.9717	35.9669	35.9355	35.9462	35.9638	35.9432	35.9272	35.9023	35.8703	35.8866	35.9034	35.8702	35.8372	35.8034	35.8191	35.8317	35.7969	35.7944	35.7953	35.7914	35.7835	35.7616	35.7657	35.7744	35.7708	35.7468	35.7041	35.7089	35.7078	35.7029	35.6848	35.7	35.659	35.6624	35.6473	35.6321	35.626	35.61	35.579	35.5592	35.5492	35.5622	35.5407	35.5243	35.4965	35.4725	35.4803	35.4615	35.424	35.3764	35.3923	35.3797	35.3274	35.3042	35.2809	35.2202	35.2167	35.1922	35.133	35.082	35.038	35.025	35.0226	34.8827	34.8166	34.8694	34.8725	34.7147	34.7377	34.763
AeC01008_CKDL210012719-1a-5UDI245-AK533_HF5TCDSX2_L1_fastp	36.4062	36.373	36.429	36.4704	36.5177	36.5314	36.4697	36.5054	36.4943	36.4761	36.5136	36.4931	36.4755	36.4739	36.4708	36.468	36.4775	36.4415	36.4544	36.4159	36.457	36.4364	36.433	36.4189	36.3875	36.371	36.3521	36.3644	36.3561	36.3308	36.3279	36.3386	36.3229	36.3246	36.308	36.2722	36.293	36.2775	36.2769	36.2707	36.2309	36.2245	36.2222	36.2185	35.7456	36.2113	36.2167	35.6788	35.6234	36.0574	35.6802	35.7042	36.01	35.9098	35.5947	35.7115	35.5695	35.8187	35.5825	35.5279	35.9013	35.5697	35.4554	35.654	35.7693	35.4494	35.7131	35.7088	35.6625	35.458	35.6673	35.8225	35.9083	35.9725	35.9886	35.9857	35.9922	36.0053	35.9804	35.9914	35.9815	35.9795	35.9446	35.9535	35.9699	35.9522	35.9346	35.9074	35.8769	35.8935	35.9086	35.8749	35.8416	35.8066	35.8199	35.8354	35.7924	35.7888	35.7856	35.7798	35.7711	35.7478	35.7494	35.7572	35.7523	35.7237	35.6802	35.6792	35.6769	35.6683	35.6471	35.659	35.6109	35.6102	35.5973	35.5752	35.5617	35.5447	35.5056	35.48	35.458	35.4614	35.4326	35.4059	35.3654	35.3294	35.3214	35.2882	35.2364	35.1773	35.172	35.1374	35.068	35.019	34.9773	34.8964	34.8686	34.817	34.7352	34.6631	34.5891	34.5551	34.5223	34.368	34.2733	34.2949	34.2748	34.097	34.0937	34.0915
AeC01009_CKDL210012719-1a-AK8593-AK533_HF5TCDSX2_L1_fastp	36.3705	36.3433	36.4165	36.4573	36.5113	36.5189	36.4578	36.4991	36.4874	36.4697	36.5115	36.4851	36.4735	36.465	36.4684	36.4635	36.4727	36.4487	36.4469	36.4096	36.452	36.4283	36.4236	36.4069	36.3781	36.3598	36.3412	36.3529	36.3448	36.3181	36.3147	36.3209	36.3088	36.3095	36.292	36.2891	36.2753	36.2672	36.2636	36.2575	36.2217	36.2129	36.1944	36.1963	35.7273	36.1863	36.2019	35.8622	35.8183	36.1186	35.8768	35.9196	36.0847	36.0686	35.7668	35.8709	35.7024	35.9131	35.7233	35.6141	36.0017	35.7076	35.5402	35.7387	35.882	35.5257	35.7783	35.6813	35.611	35.5559	35.7545	35.8969	35.9468	35.9758	35.977	35.9635	35.9656	35.9706	35.9441	35.9554	35.9465	35.9401	35.9095	35.9227	35.9346	35.9171	35.9011	35.8714	35.8451	35.8614	35.8765	35.8425	35.8122	35.7785	35.7886	35.8104	35.7705	35.7725	35.7655	35.7636	35.7589	35.7379	35.7394	35.7517	35.7481	35.7219	35.6817	35.6824	35.6869	35.6793	35.6621	35.6786	35.635	35.6363	35.6295	35.6131	35.6085	35.5922	35.5621	35.5428	35.5308	35.5469	35.5299	35.5124	35.4875	35.4669	35.4748	35.4576	35.4236	35.379	35.3969	35.3878	35.3378	35.3194	35.2985	35.2407	35.2428	35.2219	35.1596	35.1176	35.0687	35.0659	35.0681	34.931	34.8611	34.9241	34.9302	34.7743	34.798	34.8385
AeC01010_CKDL210012719-1a-AK8593-GD06_HF5TCDSX2_L1_fastp	36.3295	36.3011	36.3835	36.4278	36.4843	36.4971	36.4303	36.472	36.4598	36.4417	36.485	36.4577	36.4452	36.4378	36.4426	36.4339	36.4433	36.4188	36.4158	36.3797	36.4222	36.3961	36.3931	36.3762	36.3427	36.3239	36.3073	36.3182	36.3112	36.2826	36.2769	36.2854	36.2739	36.2746	36.2549	36.2529	36.2349	36.2263	36.2258	36.2155	36.1849	36.177	36.1612	36.157	35.7123	36.1433	36.1585	35.8526	35.8008	36.086	35.853	35.8912	36.043	36.0366	35.7548	35.8452	35.6908	35.8914	35.7091	35.6043	35.9597	35.6905	35.5366	35.7183	35.8432	35.5178	35.75	35.6615	35.5968	35.5171	35.7168	35.849	35.9001	35.9261	35.9241	35.9051	35.9068	35.9124	35.8858	35.8964	35.8907	35.8814	35.8541	35.8622	35.8768	35.8581	35.8401	35.8134	35.7855	35.8003	35.8206	35.7822	35.7515	35.719	35.7307	35.7507	35.7109	35.7132	35.7081	35.705	35.6994	35.6774	35.6821	35.6917	35.691	35.667	35.6226	35.6247	35.6261	35.6203	35.6029	35.6199	35.5738	35.5816	35.5705	35.5557	35.5473	35.5303	35.4976	35.4795	35.4678	35.4798	35.4619	35.4495	35.4206	35.3973	35.4035	35.3878	35.3493	35.3046	35.3232	35.3114	35.2561	35.2384	35.2162	35.1571	35.1616	35.1351	35.0755	35.0299	34.9812	34.9782	34.9782	34.8357	34.7689	34.8237	34.8289	34.6725	34.6992	34.7312
AeC01011_CKDL210012719-1a-5UDI294-GD06_HF5TCDSX2_L1_fastp	36.3799	36.3425	36.4141	36.4525	36.503	36.513	36.4472	36.4869	36.4785	36.46	36.4991	36.4714	36.4605	36.4533	36.4573	36.4494	36.4579	36.4363	36.4332	36.3963	36.4402	36.414	36.4101	36.3945	36.361	36.3464	36.33	36.334	36.3333	36.3055	36.299	36.3068	36.2932	36.2884	36.2632	36.2752	36.2631	36.2572	36.2459	36.2387	36.2307	36.198	36.1893	36.1894	35.7471	36.1723	36.198	36.0597	36.0449	36.1649	36.0495	36.0831	36.1158	36.1429	35.9791	36.04	35.916	35.9949	35.9354	35.7895	36.0504	35.9068	35.7396	35.8374	35.9584	35.7314	35.8761	35.7168	35.6485	35.6157	35.8029	35.9248	35.965	35.983	35.9774	35.9609	35.9648	35.973	35.9467	35.9566	35.9456	35.9415	35.9136	35.9277	35.9437	35.9204	35.9037	35.876	35.8487	35.87	35.8865	35.8525	35.8235	35.7938	35.8045	35.8298	35.7882	35.7876	35.7894	35.7881	35.7795	35.7617	35.7643	35.7796	35.7806	35.7527	35.7096	35.7152	35.7205	35.7176	35.6977	35.7113	35.6708	35.6783	35.6739	35.6594	35.6521	35.6414	35.6139	35.5981	35.5926	35.6077	35.5894	35.5847	35.562	35.5421	35.559	35.5492	35.5249	35.4877	35.5159	35.509	35.4727	35.4615	35.4539	35.4028	35.4183	35.4046	35.3607	35.3251	35.2855	35.2976	35.31	35.1822	35.1273	35.1941	35.2134	35.0667	35.1054	35.1459
AeC01012_CKDL210012719-1a-AK9146-GD06_HF5TCDSX2_L1_fastp	36.3523	36.3183	36.3974	36.4368	36.4934	36.5026	36.4362	36.4759	36.4692	36.4502	36.4915	36.466	36.4488	36.4449	36.4461	36.44	36.4514	36.4209	36.4206	36.3846	36.4283	36.403	36.3998	36.3829	36.3522	36.3312	36.3147	36.3253	36.3177	36.2908	36.2851	36.294	36.2807	36.2828	36.2675	36.2497	36.2478	36.2396	36.2241	36.2308	36.2073	36.2067	36.1835	36.18	35.8021	36.1718	36.1748	35.7517	35.7023	36.0355	35.7629	35.7434	35.943	35.9505	35.672	35.7527	35.6521	35.8236	35.6663	35.613	35.8994	35.6369	35.5559	35.6774	35.7847	35.5402	35.7209	35.7181	35.6919	35.5141	35.689	35.816	35.8815	35.9312	35.9427	35.9362	35.9423	35.955	35.927	35.9419	35.9307	35.9266	35.8969	35.9046	35.9243	35.9029	35.8824	35.8582	35.8282	35.8446	35.8642	35.8256	35.7964	35.7637	35.777	35.7963	35.7549	35.7511	35.7506	35.7453	35.7371	35.7153	35.7181	35.7284	35.7233	35.6984	35.6523	35.6523	35.6537	35.6425	35.6237	35.6385	35.5964	35.5948	35.5806	35.5638	35.5511	35.5342	35.4992	35.4755	35.4544	35.459	35.437	35.4133	35.3782	35.3463	35.3466	35.3163	35.2699	35.2145	35.2153	35.1897	35.1243	35.0867	35.0487	34.9777	34.9583	34.9133	34.8356	34.7717	34.7091	34.6792	34.6569	34.5059	34.4247	34.4514	34.4347	34.2633	34.2687	34.2724
AeC01013_CKDL210012719-1a-5UDI301-AK7557_HF5TCDSX2_L1_fastp	36.4024	36.3613	36.4258	36.4598	36.5101	36.521	36.4561	36.4896	36.4837	36.4624	36.501	36.476	36.4664	36.4589	36.4609	36.4539	36.4633	36.4361	36.4378	36.3991	36.4436	36.4193	36.4147	36.4	36.3688	36.3514	36.3348	36.3451	36.3417	36.3151	36.3143	36.3246	36.3123	36.3115	36.2933	36.2977	36.2811	36.2623	36.2634	36.2625	36.2546	36.2584	36.2113	36.2191	35.7785	36.1979	36.2186	35.9376	35.9158	36.1576	35.9354	36.0092	36.1263	36.1201	35.8852	35.9732	35.8054	35.9896	35.835	35.7168	36.0399	35.8403	35.6547	35.845	35.943	35.6554	35.8896	35.7848	35.7235	35.5901	35.7943	35.9379	35.995	36.0339	36.0355	36.0228	36.0243	36.0324	36.0051	36.0169	36.0082	36.009	35.9762	35.9919	36.0088	35.9917	35.9744	35.9469	35.9155	35.9373	35.9507	35.9183	35.8856	35.8562	35.8739	35.8926	35.8513	35.8484	35.8513	35.8434	35.8369	35.8164	35.8176	35.8295	35.8272	35.8072	35.7614	35.7657	35.7657	35.7528	35.7332	35.7507	35.7033	35.7089	35.6966	35.68	35.6725	35.6498	35.6219	35.5998	35.5812	35.5937	35.5664	35.5478	35.5203	35.4894	35.4932	35.4692	35.4279	35.3806	35.3912	35.3721	35.313	35.2856	35.2605	35.1874	35.1899	35.1585	35.0859	35.0368	34.9808	34.9652	34.9636	34.8147	34.7335	34.7879	34.7972	34.6246	34.6413	34.6773
AeC01014_CKDL210012719-1a-AK7758-AK7557_HF5TCDSX2_L1_fastp	36.3948	36.3563	36.428	36.4623	36.5108	36.521	36.456	36.4978	36.4815	36.4628	36.4995	36.4744	36.4636	36.4561	36.4592	36.4522	36.4617	36.4363	36.436	36.3967	36.4397	36.416	36.4117	36.3946	36.3627	36.3441	36.3267	36.3379	36.33	36.3075	36.3046	36.307	36.2977	36.2941	36.2712	36.2766	36.2596	36.2497	36.2454	36.2323	36.2388	36.2386	36.1982	36.2	35.7921	36.0899	36.192	35.8534	35.8196	36.1129	35.8849	35.9066	36.0706	36.0775	35.8057	35.8928	35.7494	35.9325	35.7735	35.6837	36.0045	35.7615	35.6208	35.784	35.902	35.6032	35.8129	35.7462	35.6915	35.5824	35.7686	35.899	35.9553	35.988	35.9874	35.9737	35.9723	35.9792	35.9541	35.9657	35.9508	35.9502	35.9207	35.9321	35.9453	35.9294	35.9102	35.8807	35.8494	35.8652	35.8838	35.8475	35.8159	35.7843	35.7982	35.8171	35.7798	35.7779	35.7732	35.7659	35.7582	35.7354	35.7375	35.7515	35.7474	35.7241	35.6781	35.6824	35.6779	35.6674	35.6509	35.6622	35.6177	35.6186	35.6114	35.5914	35.5762	35.5655	35.5289	35.5055	35.4878	35.4932	35.4697	35.4489	35.4119	35.3832	35.388	35.3624	35.3165	35.2629	35.2715	35.2528	35.1889	35.157	35.1263	35.0605	35.0493	35.0172	34.944	34.8869	34.831	34.8161	34.797	34.6476	34.5703	34.6116	34.614	34.441	34.4575	34.4863
AeC01015_CKDL210012719-1a-AK7078-AK7557_HF5TCDSX2_L1_fastp	36.3899	36.3484	36.42	36.4554	36.5078	36.5181	36.4519	36.4913	36.4828	36.4599	36.499	36.4757	36.4624	36.4545	36.4579	36.4515	36.4599	36.4348	36.4333	36.3972	36.4396	36.4148	36.4134	36.3941	36.3612	36.3468	36.3264	36.3365	36.3368	36.307	36.3037	36.312	36.3006	36.2939	36.2799	36.278	36.2646	36.2552	36.2557	36.2478	36.2102	36.2354	36.2086	36.2056	35.8085	36.1701	36.1969	35.8799	35.8347	36.1235	35.8895	35.9249	36.0854	36.082	35.8212	35.9108	35.7639	35.9514	35.7837	35.6932	36.0082	35.7789	35.6308	35.803	35.9034	35.6157	35.8408	35.7673	35.7072	35.5886	35.7805	35.9144	35.9657	36.0022	36.0041	35.9887	35.9906	35.9968	35.9731	35.9816	35.973	35.9713	35.9428	35.9533	35.9723	35.9588	35.9392	35.9099	35.8826	35.9019	35.9197	35.8842	35.8544	35.8245	35.8408	35.8601	35.8231	35.8202	35.8161	35.8134	35.8058	35.7873	35.7889	35.7987	35.7996	35.776	35.7329	35.7343	35.7347	35.7256	35.7034	35.7215	35.6741	35.6743	35.6647	35.647	35.6388	35.6142	35.5818	35.5577	35.54	35.5465	35.5216	35.5022	35.4645	35.4322	35.4377	35.4076	35.3644	35.3137	35.313	35.2925	35.2301	35.1996	35.1716	35.0985	35.087	35.0535	34.9771	34.9195	34.8597	34.8421	34.8332	34.6774	34.5955	34.6426	34.6471	34.4684	34.4816	34.5131
AeC01016_CKDL210012719-1a-AK9143-AK7557_HF5TCDSX2_L1_fastp	36.3854	36.3484	36.4203	36.4552	36.5054	36.5191	36.45	36.4899	36.4804	36.4588	36.4992	36.4743	36.4591	36.4534	36.4572	36.4489	36.4596	36.435	36.4316	36.3965	36.4393	36.4145	36.4111	36.393	36.3637	36.3456	36.3253	36.3369	36.3341	36.3072	36.3012	36.3139	36.2962	36.2892	36.2861	36.2806	36.2667	36.2571	36.2556	36.2435	36.2385	36.2337	36.2088	36.2036	35.8249	36.1891	36.2022	35.8896	35.8346	36.1258	35.8996	35.9174	36.0724	36.0824	35.8216	35.9076	35.7759	35.9436	35.7961	35.7144	36.009	35.7796	35.6545	35.8053	35.9085	35.6389	35.8329	35.7744	35.7286	35.6008	35.7802	35.9096	35.9614	35.9961	35.9984	35.9841	35.9867	35.9939	35.9668	35.9768	35.9663	35.9623	35.9389	35.9498	35.9688	35.9489	35.9305	35.9039	35.8711	35.8901	35.9052	35.8715	35.842	35.8118	35.8266	35.8445	35.8058	35.8062	35.8047	35.8008	35.7866	35.769	35.7731	35.7855	35.786	35.761	35.7167	35.7144	35.7175	35.7105	35.6898	35.7097	35.6619	35.6652	35.6559	35.6407	35.6309	35.609	35.5758	35.5589	35.5342	35.5465	35.52	35.501	35.4681	35.4427	35.4421	35.4205	35.3763	35.324	35.3286	35.3101	35.2518	35.2202	35.1922	35.1185	35.11	35.0744	35.007	34.9473	34.8909	34.8737	34.8586	34.7087	34.6311	34.6756	34.6729	34.5026	34.5187	34.5435
AeC01017_CKDL210012719-1a-5UDI225-AK7557_HF5TCDSX2_L1_fastp	36.2972	36.2871	36.3771	36.4212	36.4821	36.4922	36.4312	36.4754	36.4644	36.4448	36.4831	36.4579	36.4527	36.4396	36.4446	36.4332	36.4462	36.4198	36.4192	36.3785	36.4212	36.401	36.3951	36.3773	36.3394	36.3173	36.3037	36.308	36.3055	36.278	36.272	36.2807	36.2676	36.2607	36.2481	36.2474	36.2236	36.209	36.1861	36.1954	36.1931	36.1729	36.1403	36.1379	35.5356	36.1083	36.1515	36.0685	36.0517	36.1246	36.0305	36.0649	36.0713	36.0977	35.9763	36.0158	35.8956	35.9201	35.9149	35.728	35.9951	35.8939	35.6922	35.7576	35.9061	35.7068	35.7955	35.5166	35.4385	35.4861	35.6831	35.8297	35.8721	35.8999	35.8957	35.8775	35.8784	35.882	35.8525	35.864	35.8533	35.8505	35.8166	35.8315	35.8463	35.8313	35.8089	35.7839	35.7493	35.7689	35.7823	35.7504	35.7183	35.6888	35.7068	35.7281	35.6862	35.6849	35.6832	35.6819	35.6776	35.6603	35.6639	35.6763	35.6746	35.654	35.6142	35.618	35.6205	35.6179	35.5991	35.6191	35.577	35.5879	35.583	35.5691	35.5658	35.5592	35.5351	35.5207	35.5154	35.5376	35.5207	35.5232	35.5067	35.4978	35.5155	35.5119	35.4896	35.4648	35.4956	35.4977	35.4648	35.4645	35.4577	35.4185	35.4364	35.4316	35.3965	35.3717	35.3424	35.362	35.3748	35.2579	35.2164	35.2927	35.314	35.1805	35.2264	35.2698
AeC01018_CKDL210012719-1a-AK9144-AK7557_HF5TCDSX2_L1_fastp	36.4096	36.3732	36.4406	36.4759	36.5219	36.5318	36.4653	36.5053	36.4957	36.4729	36.5103	36.4864	36.4744	36.4685	36.47	36.4619	36.4751	36.45	36.4443	36.4085	36.4512	36.4256	36.4257	36.406	36.3749	36.3569	36.3408	36.351	36.3498	36.3233	36.318	36.321	36.3103	36.3054	36.2954	36.2927	36.2814	36.2688	36.27	36.2287	36.2464	36.2435	36.2309	36.2203	35.9236	36.2091	36.2202	36.1435	36.1324	36.199	36.1071	36.1492	36.1571	36.1839	36.0814	36.1175	36.0353	36.076	36.0515	35.9371	36.0948	36.0212	35.9036	35.9557	36.0219	35.8942	35.9835	35.8514	35.8004	35.7379	35.8957	35.9956	36.017	36.0359	36.0295	36.0093	36.0081	36.011	35.9851	35.9975	35.9861	35.9842	35.9568	35.9717	35.9907	35.972	35.9557	35.929	35.8975	35.9121	35.9361	35.9015	35.8721	35.8446	35.8632	35.8847	35.8483	35.8478	35.8458	35.8471	35.8395	35.8231	35.83	35.8422	35.845	35.8217	35.7819	35.786	35.79	35.7856	35.7659	35.7834	35.747	35.7491	35.7438	35.7318	35.7249	35.7154	35.687	35.67	35.6612	35.6775	35.6613	35.6548	35.6325	35.6182	35.633	35.6255	35.5944	35.5591	35.5848	35.5816	35.5415	35.5268	35.5167	35.4725	35.4844	35.4723	35.4191	35.3867	35.345	35.3519	35.3527	35.2312	35.1718	35.2335	35.2527	35.1053	35.137	35.1747
AeC01019_CKDL210012719-1a-AK3911-AK7557_HF5TCDSX2_L1_fastp	36.364	36.3295	36.4028	36.4458	36.4996	36.5119	36.4501	36.4886	36.4793	36.4595	36.4975	36.47	36.4632	36.4544	36.4606	36.4483	36.4572	36.4355	36.4338	36.3928	36.4369	36.4143	36.409	36.39	36.358	36.3426	36.3205	36.3333	36.3275	36.2993	36.3004	36.3004	36.288	36.278	36.2352	36.2706	36.2477	36.2437	36.2394	36.2338	36.228	36.2176	36.1635	36.1784	35.6471	36.1471	36.1815	35.6826	35.6235	36.0666	35.7549	35.7311	36.0001	36.0126	35.6289	35.7327	35.5735	35.8163	35.5867	35.5132	35.9339	35.5818	35.4353	35.6501	35.8163	35.4163	35.6724	35.6179	35.5612	35.4605	35.6758	35.8315	35.903	35.9512	35.9593	35.9457	35.9476	35.9566	35.9318	35.9445	35.9325	35.9309	35.9007	35.9137	35.9305	35.9163	35.8959	35.867	35.8376	35.8532	35.866	35.8369	35.8018	35.7787	35.7959	35.8138	35.7734	35.7717	35.7714	35.7629	35.7579	35.7387	35.7412	35.7504	35.7537	35.7273	35.685	35.6865	35.6889	35.6804	35.6571	35.6753	35.6333	35.6376	35.6248	35.6102	35.602	35.5834	35.5525	35.5331	35.5141	35.5261	35.5024	35.4806	35.4544	35.4346	35.4327	35.4085	35.3679	35.3224	35.3277	35.3129	35.2583	35.2254	35.1966	35.1339	35.1264	35.0905	35.0282	34.9759	34.9163	34.9055	34.8911	34.7468	34.67	34.7141	34.7157	34.5497	34.5615	34.5885
AeC01020_CKDL210012719-1a-5UDI245-AK7557_HF5TCDSX2_L1_fastp	36.3812	36.3471	36.4128	36.4532	36.5035	36.5169	36.4538	36.4879	36.4804	36.4606	36.4971	36.4744	36.4609	36.4571	36.4567	36.4508	36.4609	36.4228	36.4352	36.3976	36.4392	36.4166	36.4164	36.3982	36.3685	36.3477	36.328	36.3444	36.3332	36.3101	36.3084	36.3214	36.3041	36.304	36.2879	36.2461	36.2716	36.2562	36.2564	36.2523	36.2147	36.2076	36.2059	36.2027	35.6839	36.1871	36.195	35.6252	35.5599	36.0294	35.6272	35.6455	35.9703	35.883	35.5419	35.6602	35.5099	35.7784	35.5218	35.4724	35.867	35.52	35.3992	35.6165	35.7315	35.39	35.6713	35.6689	35.6232	35.4025	35.6227	35.7904	35.8895	35.9541	35.9764	35.9737	35.9797	35.9865	35.9626	35.9755	35.9664	35.9644	35.9382	35.9504	35.9632	35.9505	35.9271	35.8998	35.8706	35.8906	35.9046	35.8643	35.8357	35.8058	35.8209	35.8363	35.7969	35.7937	35.7918	35.7836	35.7738	35.7522	35.7569	35.769	35.7637	35.7376	35.6935	35.6888	35.6924	35.6793	35.657	35.6719	35.6239	35.6226	35.6087	35.5886	35.5775	35.5546	35.5153	35.4899	35.4692	35.4702	35.4413	35.4113	35.373	35.3386	35.3257	35.2948	35.2418	35.1787	35.1697	35.1382	35.0712	35.02	34.9751	34.896	34.8658	34.8155	34.7302	34.6571	34.5808	34.5492	34.515	34.3614	34.2631	34.288	34.2624	34.0841	34.0842	34.0847
AeC01021_CKDL210012719-1a-AK8593-AK7557_HF5TCDSX2_L1_fastp	36.303	36.2849	36.3745	36.4207	36.4803	36.4931	36.4429	36.4735	36.4658	36.4521	36.4855	36.4647	36.4604	36.4472	36.4589	36.4478	36.4481	36.4248	36.4308	36.3869	36.4305	36.4144	36.4039	36.3879	36.3535	36.3347	36.3128	36.3249	36.3167	36.2731	36.2928	36.3074	36.2888	36.2901	36.2677	36.2634	36.235	36.2355	36.2316	36.2256	36.1618	36.1327	36.1247	36.1336	35.0748	36.1027	36.1527	35.4021	35.2806	35.9799	35.4971	35.5387	35.9597	35.8965	35.2561	35.4703	35.1217	35.5817	35.1385	34.9747	35.8308	35.192	34.8541	35.3199	35.6532	34.8404	35.3769	35.1941	35.0569	35.0776	35.425	35.6867	35.813	35.8799	35.8969	35.8919	35.8976	35.9124	35.8808	35.8953	35.8849	35.8835	35.855	35.8726	35.8851	35.8678	35.8466	35.8236	35.7913	35.8081	35.8255	35.7909	35.7612	35.7311	35.7442	35.7653	35.7252	35.7202	35.722	35.7144	35.7086	35.6888	35.6912	35.7021	35.7014	35.6794	35.6348	35.6403	35.6409	35.6397	35.6137	35.6319	35.5934	35.595	35.5877	35.5738	35.5692	35.5564	35.5285	35.5153	35.5038	35.5121	35.4983	35.488	35.4612	35.4428	35.4542	35.441	35.4106	35.3729	35.3919	35.3838	35.3394	35.3215	35.3071	35.2551	35.26	35.2436	35.1917	35.1528	35.1143	35.1141	35.121	34.992	34.9295	34.9919	35.007	34.8558	34.8861	34.9234
AeC01022_CKDL210012719-1a-5UDI294-AK533_HF5TCDSX2_L1_fastp	36.4121	36.3791	36.4398	36.4779	36.524	36.5326	36.4827	36.5103	36.4991	36.4911	36.5197	36.4975	36.5009	36.4856	36.4893	36.483	36.4873	36.4638	36.4691	36.4297	36.4685	36.454	36.4498	36.4337	36.4021	36.3878	36.3703	36.3686	36.3704	36.3481	36.3504	36.3565	36.3398	36.3287	36.2878	36.3216	36.3184	36.317	36.2871	36.2812	36.2785	36.1932	36.1941	36.2219	35.2394	36.1881	36.2455	35.9575	35.9676	36.1933	36.0307	36.0779	36.1554	36.1716	35.8698	36.0135	35.7431	35.8751	35.789	35.5048	36.0701	35.8025	35.4349	35.6604	35.9689	35.4508	35.7282	35.3685	35.2363	35.3796	35.664	35.8904	35.9761	36.0279	36.0395	36.0321	36.0368	36.0491	36.0291	36.0401	36.0327	36.0315	36.005	36.0145	36.0295	36.0165	36.0007	35.9763	35.9501	35.9723	35.9859	35.9553	35.928	35.8991	35.909	35.9325	35.8966	35.8945	35.896	35.8927	35.8894	35.8721	35.8745	35.8833	35.8834	35.863	35.8213	35.8267	35.8295	35.8231	35.8102	35.8251	35.7841	35.7892	35.7815	35.768	35.7622	35.7498	35.7271	35.7119	35.7051	35.7216	35.7053	35.6953	35.6757	35.6617	35.6759	35.6638	35.637	35.6029	35.6283	35.6303	35.5923	35.5812	35.5693	35.525	35.5373	35.5206	35.4805	35.445	35.4136	35.4171	35.4278	35.3039	35.243	35.3118	35.329	35.1819	35.2154	35.2601
AeC01023_CKDL210012719-1a-AK9146-AK533_HF5TCDSX2_L1_fastp	36.3826	36.3559	36.412	36.4559	36.5124	36.524	36.4637	36.4929	36.4861	36.4691	36.5085	36.4851	36.4704	36.4686	36.4657	36.4649	36.4721	36.441	36.4479	36.4091	36.452	36.4313	36.4309	36.4135	36.3814	36.365	36.3478	36.3616	36.3525	36.3257	36.3228	36.3288	36.3199	36.3221	36.304	36.2825	36.2876	36.2795	36.2528	36.2707	36.2382	36.2358	36.2138	36.2121	35.6932	36.2035	36.2117	35.5748	35.5126	35.994	35.6225	35.5738	35.8947	35.8704	35.488	35.6052	35.4777	35.7051	35.4892	35.4394	35.8446	35.4678	35.3661	35.5438	35.7136	35.3556	35.5975	35.6283	35.5915	35.3944	35.6017	35.7614	35.859	35.9355	35.9642	35.9676	35.9777	35.9913	35.9671	35.9801	35.9734	35.9692	35.9337	35.9494	35.9623	35.9411	35.9257	35.899	35.8684	35.8843	35.8955	35.8612	35.8286	35.7937	35.8048	35.8204	35.7796	35.7753	35.767	35.7621	35.7498	35.7288	35.7237	35.7309	35.7224	35.6968	35.6501	35.644	35.6415	35.6289	35.6014	35.6121	35.5613	35.5603	35.538	35.5154	35.4982	35.4702	35.4311	35.3992	35.3737	35.3647	35.3292	35.2931	35.2509	35.2035	35.1819	35.143	35.081	35.0092	34.9928	34.9489	34.8646	34.8076	34.7521	34.6512	34.6147	34.5486	34.4549	34.3673	34.2756	34.2289	34.1812	34.0131	33.9137	33.9137	33.8856	33.6947	33.6734	33.665
AeC01024_CKDL210012719-1a-AK5577-AK533_HF5TCDSX2_L1_fastp	36.3592	36.3396	36.4135	36.4565	36.5107	36.5181	36.4614	36.4988	36.4889	36.4778	36.5114	36.4886	36.4801	36.4682	36.4728	36.465	36.4727	36.4476	36.4508	36.4126	36.4529	36.4341	36.4271	36.4122	36.3783	36.3629	36.3456	36.3569	36.3457	36.3188	36.3165	36.3264	36.3131	36.3116	36.2947	36.2921	36.277	36.2591	36.2517	36.1772	36.2139	36.1821	36.1847	36.1879	35.523	36.1629	36.2011	36.1029	36.1066	36.1808	36.0852	36.1163	36.1253	36.1488	36.023	36.0732	35.9421	35.9574	35.9598	35.7527	36.0533	35.9398	35.7227	35.78	35.9659	35.7461	35.8328	35.5049	35.4196	35.531	35.7332	35.8848	35.9335	35.9583	35.9561	35.9438	35.9424	35.9523	35.9274	35.9344	35.9247	35.9242	35.89	35.9024	35.918	35.8998	35.8822	35.8562	35.8279	35.8464	35.8621	35.8318	35.7999	35.7692	35.7833	35.8024	35.7666	35.769	35.7662	35.7656	35.7561	35.7407	35.7461	35.7561	35.7567	35.7379	35.693	35.6986	35.7022	35.7007	35.6829	35.6999	35.659	35.6665	35.659	35.6495	35.6428	35.629	35.6092	35.5964	35.5874	35.6094	35.5966	35.5911	35.5748	35.5644	35.5781	35.5745	35.5503	35.5183	35.5509	35.5526	35.5178	35.5085	35.5069	35.4631	35.4801	35.473	35.4317	35.4066	35.3779	35.3907	35.4054	35.2934	35.2435	35.3068	35.3263	35.1974	35.2338	35.2757
AeC01025_CKDL210012719-1a-5UDI301-AK8488_HF5TCDSX2_L1_fastp	36.3697	36.3326	36.4041	36.4494	36.5049	36.5151	36.4569	36.4861	36.4793	36.4649	36.5008	36.4814	36.4731	36.4636	36.4666	36.4581	36.4662	36.438	36.4427	36.4003	36.4442	36.4254	36.4207	36.4063	36.3722	36.3571	36.3416	36.3558	36.3446	36.3174	36.3199	36.3321	36.3178	36.3176	36.2934	36.3051	36.2814	36.2561	36.2586	36.2601	36.251	36.2498	36.1839	36.2038	35.4924	36.1685	36.2093	35.7464	35.7301	36.1112	35.7793	35.8827	36.0851	36.0502	35.6966	35.8409	35.578	35.8779	35.61	35.4479	35.9674	35.644	35.3574	35.6688	35.8392	35.3709	35.7453	35.5892	35.4903	35.361	35.6231	35.8277	35.9211	35.9771	35.9917	35.9864	35.9886	36.0006	35.9779	35.9877	35.9801	35.9788	35.9512	35.9639	35.9803	35.9619	35.9453	35.9178	35.8906	35.9095	35.9259	35.889	35.8578	35.83	35.8459	35.8624	35.8243	35.8235	35.8224	35.8169	35.8111	35.7936	35.7949	35.8046	35.8026	35.7802	35.7377	35.7419	35.7431	35.7355	35.7162	35.732	35.687	35.6948	35.6809	35.6675	35.6594	35.6456	35.6179	35.5997	35.5876	35.5968	35.5823	35.5667	35.5426	35.519	35.5287	35.5111	35.4785	35.4376	35.4538	35.448	35.3995	35.3789	35.3616	35.3071	35.3103	35.2908	35.2331	35.1915	35.1491	35.1463	35.1516	35.02	34.952	35.0136	35.029	34.8734	34.9024	34.9425
AeC01026_CKDL210012719-1a-AK7758-AK8488_HF5TCDSX2_L1_fastp	36.3368	36.3155	36.3945	36.4403	36.4964	36.5096	36.4507	36.4898	36.4754	36.4587	36.4985	36.4766	36.4667	36.4546	36.461	36.4489	36.4569	36.431	36.4334	36.3933	36.4355	36.419	36.4113	36.3934	36.3594	36.3423	36.3242	36.3322	36.3231	36.2962	36.2961	36.2923	36.2852	36.2803	36.2509	36.2565	36.2411	36.2324	36.2235	36.2027	36.2121	36.2095	36.1447	36.1573	35.4419	35.9528	36.1524	35.5418	35.4998	36.0173	35.651	35.6482	35.9633	35.9526	35.49	35.647	35.4121	35.7348	35.4308	35.3175	35.8745	35.4457	35.2235	35.5171	35.7357	35.2109	35.5634	35.4669	35.3869	35.286	35.5396	35.7346	35.8266	35.8853	35.8977	35.8908	35.8979	35.9075	35.8812	35.8921	35.8825	35.8767	35.8466	35.8579	35.8724	35.8541	35.8399	35.8049	35.7771	35.7936	35.8057	35.7737	35.7412	35.7073	35.7217	35.7403	35.7013	35.7023	35.6989	35.6932	35.6838	35.664	35.6652	35.6746	35.6762	35.6469	35.6056	35.6108	35.614	35.6008	35.5856	35.6028	35.5544	35.5602	35.5511	35.5365	35.5267	35.5114	35.4843	35.4656	35.4518	35.4634	35.4454	35.431	35.4067	35.3856	35.3927	35.3824	35.3442	35.3018	35.325	35.3166	35.2618	35.2431	35.2298	35.1798	35.179	35.1571	35.1042	35.0629	35.0183	35.0156	35.0167	34.8882	34.8226	34.8862	34.897	34.7459	34.774	34.8081
AeC01027_CKDL210012719-1a-AK7078-AK8488_HF5TCDSX2_L1_fastp	36.3764	36.3408	36.4119	36.4559	36.5085	36.5197	36.459	36.4956	36.4831	36.4653	36.5026	36.481	36.4713	36.4602	36.463	36.4552	36.4653	36.4357	36.4404	36.4034	36.443	36.4235	36.4218	36.4031	36.3708	36.3517	36.3373	36.3471	36.3408	36.3136	36.3103	36.3176	36.3063	36.3015	36.283	36.2823	36.2696	36.2579	36.2588	36.2512	36.1904	36.2275	36.2025	36.1965	35.6232	36.1421	36.1949	35.7219	35.6706	36.0888	35.7697	35.8036	36.0486	36.0234	35.6559	35.7914	35.5849	35.8602	35.605	35.4944	35.9562	35.6169	35.4175	35.671	35.8297	35.4075	35.7197	35.6288	35.5562	35.4369	35.668	35.8423	35.9178	35.9661	35.975	35.9679	35.9697	35.9797	35.9524	35.9649	35.9554	35.9536	35.9235	35.9383	35.951	35.9333	35.9178	35.8895	35.8622	35.8785	35.8966	35.8617	35.8319	35.8004	35.8117	35.8329	35.7912	35.7928	35.7861	35.7831	35.7751	35.7529	35.7555	35.764	35.7628	35.7369	35.6953	35.6962	35.697	35.6874	35.6704	35.682	35.639	35.6393	35.6297	35.6132	35.6038	35.5851	35.5565	35.5345	35.5189	35.5266	35.5062	35.4893	35.4556	35.4346	35.4372	35.4142	35.378	35.3309	35.343	35.3314	35.2714	35.2506	35.2257	35.1647	35.1598	35.1334	35.0733	35.0244	34.9734	34.9639	34.9614	34.8251	34.7513	34.8037	34.8143	34.6493	34.674	34.705
AeC01028_CKDL210012719-1a-AK9143-AK8488_HF5TCDSX2_L1_fastp	36.3111	36.2966	36.3801	36.4273	36.4869	36.5004	36.4354	36.4757	36.466	36.4492	36.4922	36.4659	36.4532	36.4439	36.4474	36.4419	36.4512	36.4222	36.4257	36.3844	36.4281	36.4002	36.3987	36.3852	36.3482	36.3332	36.3108	36.3178	36.3143	36.2862	36.2789	36.2926	36.2768	36.2674	36.2632	36.2508	36.2341	36.2287	36.2284	36.2117	36.2031	36.1881	36.1558	36.1622	35.6249	36.1343	36.1552	35.7077	35.6401	36.0496	35.7528	35.7564	35.9855	35.9856	35.6315	35.7488	35.5744	35.8107	35.5901	35.4941	35.9029	35.5824	35.4172	35.6228	35.7719	35.4029	35.6664	35.6027	35.5397	35.403	35.6129	35.7709	35.8442	35.8885	35.8973	35.8848	35.8906	35.9004	35.8668	35.876	35.8719	35.8672	35.8374	35.8479	35.8606	35.8429	35.8273	35.7971	35.769	35.7833	35.8004	35.7643	35.7351	35.7062	35.7195	35.739	35.6984	35.6984	35.6945	35.6924	35.6852	35.6658	35.6678	35.6768	35.6781	35.6532	35.6124	35.6149	35.6153	35.6091	35.5901	35.611	35.5641	35.5669	35.5603	35.5495	35.538	35.5243	35.4929	35.4749	35.4641	35.4791	35.4612	35.4484	35.4217	35.4019	35.412	35.3905	35.3579	35.3184	35.3373	35.3272	35.2715	35.2511	35.235	35.181	35.1852	35.1592	35.1084	35.0641	35.0201	35.0228	35.0175	34.8886	34.8228	34.8839	34.896	34.741	34.7667	34.7976
AeC01029_CKDL210012719-1a-5UDI225-AK8488_HF5TCDSX2_L1_fastp	36.3509	36.3239	36.4045	36.4465	36.5024	36.5097	36.4528	36.4907	36.4782	36.4627	36.4977	36.4747	36.4704	36.4593	36.4624	36.4518	36.4639	36.4368	36.4365	36.3989	36.4396	36.4211	36.4156	36.3972	36.3599	36.3435	36.3277	36.3327	36.3315	36.3034	36.3021	36.3073	36.2973	36.2876	36.278	36.2792	36.2557	36.2439	36.2182	36.2312	36.2241	36.2003	36.1699	36.1748	35.5418	36.1419	36.1853	36.1062	36.0905	36.1649	36.0741	36.1067	36.1147	36.1442	36.0191	36.0678	35.943	35.9726	35.9604	35.7645	36.0445	35.9398	35.7361	35.7999	35.9559	35.7523	35.8493	35.5531	35.4724	35.5386	35.7376	35.8853	35.9302	35.9612	35.959	35.9445	35.9419	35.9525	35.9258	35.9368	35.9262	35.9229	35.8947	35.9061	35.922	35.9057	35.8856	35.8612	35.8351	35.8511	35.8675	35.8411	35.8037	35.7746	35.7897	35.8083	35.7735	35.7743	35.7737	35.7717	35.7638	35.7497	35.757	35.7676	35.7703	35.7494	35.7058	35.712	35.7198	35.7129	35.6947	35.7146	35.6749	35.6815	35.6771	35.6658	35.6618	35.6516	35.6259	35.6161	35.608	35.6274	35.6144	35.6104	35.5891	35.5821	35.5989	35.5915	35.5715	35.5407	35.5715	35.5752	35.541	35.5329	35.5309	35.4884	35.5071	35.5007	35.4618	35.4345	35.4058	35.4152	35.423	35.3119	35.2634	35.337	35.3504	35.215	35.2561	35.2963
AeC01030_CKDL210012719-1a-AK9144-AK8488_HF5TCDSX2_L1_fastp	36.3494	36.327	36.4065	36.4484	36.5078	36.5175	36.4569	36.4948	36.4851	36.4661	36.504	36.4806	36.4703	36.4621	36.4648	36.4567	36.4665	36.4417	36.4401	36.4007	36.4444	36.4213	36.4152	36.3985	36.3663	36.35	36.3311	36.3408	36.3353	36.3076	36.3002	36.3025	36.2968	36.2808	36.2727	36.2703	36.2567	36.2439	36.2414	36.1795	36.2094	36.1983	36.1864	36.1797	35.7083	36.1576	36.1836	36.0755	36.0726	36.1562	36.0512	36.0875	36.1039	36.1311	36.003	36.0537	35.9422	35.9925	35.9553	35.7969	36.0318	35.9281	35.7599	35.8291	35.9458	35.7564	35.8702	35.6732	35.6022	35.5828	35.7647	35.8874	35.9262	35.9449	35.9433	35.9237	35.9262	35.9315	35.9036	35.9132	35.9011	35.8985	35.868	35.88	35.8938	35.875	35.8572	35.8287	35.8008	35.8181	35.8329	35.8007	35.7692	35.7415	35.7577	35.7781	35.738	35.7379	35.7359	35.7314	35.725	35.7079	35.7136	35.7225	35.7224	35.7008	35.6609	35.666	35.6667	35.6594	35.6431	35.6616	35.6233	35.6252	35.6189	35.6069	35.6016	35.5905	35.5658	35.5504	35.542	35.5618	35.5523	35.546	35.5265	35.5129	35.5336	35.5257	35.4993	35.4708	35.501	35.5015	35.4654	35.4558	35.4545	35.4099	35.4267	35.4215	35.3807	35.3512	35.3246	35.3367	35.3452	35.2311	35.1759	35.2526	35.2716	35.1368	35.1768	35.2184
AeC01031_CKDL210012719-1a-AK3911-AK8488_HF5TCDSX2_L1_fastp	36.3408	36.3133	36.3945	36.4443	36.4982	36.5105	36.4569	36.4926	36.4769	36.4645	36.4992	36.479	36.474	36.4596	36.4686	36.4581	36.4636	36.4395	36.441	36.401	36.4431	36.4285	36.4209	36.4041	36.3685	36.3517	36.3357	36.3476	36.3362	36.3112	36.3104	36.3059	36.2989	36.278	36.2242	36.2754	36.2495	36.2573	36.2485	36.2374	36.2354	36.2166	36.1282	36.1704	35.2752	36.1115	36.1831	35.3084	35.2263	35.9836	35.4997	35.4171	35.8972	35.8965	35.2663	35.448	35.1928	35.6151	35.1994	35.1171	35.8317	35.2251	35.004	35.3701	35.6689	34.9839	35.4	35.3318	35.2555	35.1745	35.466	35.7053	35.8273	35.9033	35.9307	35.9276	35.9376	35.9489	35.921	35.9379	35.9239	35.922	35.895	35.907	35.9246	35.906	35.8892	35.8626	35.8347	35.8536	35.868	35.8316	35.8043	35.7714	35.786	35.8007	35.7675	35.7644	35.7606	35.7584	35.7476	35.7306	35.7317	35.7405	35.7403	35.7185	35.6729	35.6791	35.6809	35.671	35.6481	35.6626	35.6236	35.627	35.6133	35.598	35.5939	35.5805	35.546	35.5254	35.5122	35.5251	35.5018	35.4865	35.4613	35.4341	35.442	35.4221	35.3854	35.3441	35.3528	35.3424	35.2901	35.2662	35.2434	35.1873	35.182	35.1528	35.0934	35.0421	34.9969	34.9913	34.9805	34.846	34.7833	34.8316	34.8372	34.6809	34.7053	34.7316
AeC01032_CKDL210012719-1a-5UDI245-AK8488_HF5TCDSX2_L1_fastp	36.3559	36.3243	36.4004	36.4444	36.5004	36.5118	36.4515	36.4865	36.4765	36.4591	36.4967	36.4773	36.4636	36.456	36.4568	36.454	36.4578	36.4173	36.4373	36.3953	36.4382	36.4213	36.4164	36.3984	36.3683	36.347	36.3289	36.3446	36.3292	36.3019	36.3032	36.3163	36.2997	36.3018	36.2811	36.2334	36.2645	36.2464	36.2481	36.2389	36.1891	36.1805	36.1835	36.1848	35.5366	36.1637	36.1797	35.4613	35.3869	35.966	35.4748	35.4873	35.9059	35.777	35.3621	35.5144	35.3324	35.6734	35.3399	35.2927	35.7771	35.3447	35.2048	35.4686	35.6161	35.2025	35.5432	35.5475	35.4992	35.2452	35.4978	35.6923	35.8128	35.8976	35.9223	35.925	35.9332	35.9444	35.9225	35.9363	35.9286	35.9229	35.8938	35.9065	35.9207	35.9034	35.8881	35.8607	35.8324	35.847	35.8629	35.8273	35.7989	35.7669	35.7773	35.8002	35.7574	35.7522	35.7517	35.7488	35.7403	35.7186	35.722	35.7328	35.7277	35.7035	35.6606	35.6637	35.6638	35.6539	35.6335	35.6474	35.5999	35.604	35.5877	35.5706	35.5583	35.5428	35.5037	35.4837	35.4666	35.4724	35.4464	35.4276	35.3908	35.3638	35.3615	35.3367	35.2896	35.2385	35.2403	35.217	35.1546	35.1204	35.0859	35.016	35.0062	34.964	34.8936	34.8341	34.7754	34.753	34.7295	34.5854	34.5049	34.5404	34.529	34.3663	34.375	34.3826
AeC01033_CKDL210012719-1a-AK8593-AK8488_HF5TCDSX2_L1_fastp	36.3227	36.3034	36.3856	36.4318	36.4908	36.5041	36.4418	36.479	36.4695	36.451	36.4913	36.4705	36.4586	36.4506	36.4554	36.4457	36.4536	36.4304	36.4284	36.3887	36.436	36.4105	36.4061	36.3893	36.356	36.3371	36.3172	36.326	36.3174	36.2912	36.2878	36.2957	36.2846	36.2837	36.263	36.2611	36.2387	36.2341	36.2312	36.2241	36.1819	36.1688	36.1521	36.1524	35.5148	36.1352	36.1573	35.7108	35.6412	36.0534	35.7481	35.7851	36.0222	35.9933	35.6021	35.7352	35.5168	35.803	35.5301	35.4083	35.9173	35.5325	35.3186	35.5899	35.7826	35.309	35.634	35.5163	35.4243	35.3849	35.6245	35.7931	35.8648	35.9083	35.9097	35.8978	35.9006	35.9095	35.8804	35.8898	35.8796	35.8773	35.8506	35.861	35.8787	35.8524	35.837	35.8118	35.7824	35.7961	35.8152	35.7775	35.7454	35.7155	35.7315	35.7498	35.7107	35.7103	35.7107	35.7017	35.6972	35.6767	35.6781	35.6911	35.6912	35.6667	35.6259	35.6248	35.628	35.6221	35.603	35.62	35.576	35.5827	35.5702	35.5584	35.5529	35.5415	35.5098	35.4889	35.4815	35.4927	35.474	35.4628	35.4426	35.4219	35.4304	35.4153	35.3827	35.3424	35.3618	35.3522	35.3098	35.2894	35.2781	35.2214	35.2265	35.2087	35.1546	35.1145	35.0694	35.0708	35.0728	34.9469	34.8741	34.9395	34.9552	34.8054	34.8323	34.869
AeC01034_CKDL210012719-1a-5UDI294-AK7557_HF5TCDSX2_L1_fastp	36.4117	36.3707	36.4345	36.4689	36.5164	36.5266	36.462	36.4991	36.4882	36.469	36.5065	36.4815	36.474	36.4644	36.467	36.4582	36.4692	36.4459	36.4423	36.4075	36.448	36.4236	36.421	36.4072	36.3735	36.3564	36.3408	36.3432	36.3461	36.3208	36.3171	36.3268	36.3135	36.3077	36.2802	36.2936	36.2844	36.2816	36.2664	36.2599	36.2543	36.2227	36.2119	36.2171	35.7213	36.1961	36.2222	36.0701	36.0547	36.1891	36.0728	36.1136	36.1495	36.1749	36.0037	36.0755	35.9281	36.0106	35.9537	35.7962	36.0856	35.9424	35.7556	35.8659	36.0058	35.7468	35.9026	35.7223	35.6504	35.6388	35.8333	35.9691	36.0116	36.0369	36.0356	36.0202	36.0244	36.0299	36.0051	36.0199	36.0055	36.0113	35.978	35.9938	36.0112	35.9998	35.9764	35.9518	35.9251	35.9382	35.9602	35.9256	35.8958	35.8727	35.8867	35.9099	35.8726	35.8732	35.8679	35.8661	35.8597	35.8403	35.8499	35.8617	35.8619	35.8431	35.8017	35.8024	35.8025	35.7951	35.7758	35.794	35.7488	35.7567	35.749	35.7333	35.7248	35.7117	35.685	35.6617	35.6523	35.6634	35.6423	35.6281	35.6101	35.5907	35.5961	35.5811	35.548	35.5113	35.532	35.5274	35.478	35.4666	35.4514	35.3964	35.4042	35.3862	35.3345	35.295	35.2507	35.246	35.253	35.1191	35.0557	35.1164	35.1318	34.9724	35.0079	35.0445
AeC01035_CKDL210012719-1a-AK9146-AK7557_HF5TCDSX2_L1_fastp	36.3295	36.2986	36.3849	36.4289	36.4872	36.5012	36.4359	36.4743	36.4682	36.4444	36.4873	36.462	36.4461	36.4426	36.4415	36.4358	36.4474	36.4151	36.4176	36.3782	36.4236	36.4017	36.3968	36.3781	36.3453	36.3262	36.3041	36.3198	36.3073	36.2822	36.2782	36.2871	36.2716	36.2751	36.257	36.2338	36.2354	36.2253	36.2074	36.2164	36.1926	36.1851	36.1703	36.1633	35.6772	36.1517	36.157	35.6013	35.5405	35.9699	35.6336	35.5895	35.8603	35.8663	35.517	35.6144	35.4956	35.7031	35.5019	35.4545	35.8166	35.4836	35.3867	35.5478	35.6893	35.3785	35.5919	35.6086	35.5747	35.3758	35.5754	35.7216	35.8131	35.8814	35.8976	35.8962	35.904	35.9142	35.8892	35.9033	35.8906	35.889	35.8559	35.871	35.8908	35.8689	35.851	35.8238	35.7937	35.8099	35.8251	35.7924	35.7601	35.7343	35.745	35.7628	35.7234	35.7197	35.7181	35.7076	35.7026	35.6844	35.6852	35.6953	35.6969	35.6713	35.6262	35.6304	35.6262	35.6187	35.5992	35.6148	35.5695	35.5728	35.5614	35.5424	35.5357	35.5158	35.4839	35.4617	35.4435	35.4522	35.4249	35.4071	35.3729	35.3459	35.3482	35.3205	35.2758	35.2239	35.2267	35.207	35.142	35.1076	35.0738	35.0053	34.9906	34.9531	34.878	34.8175	34.7593	34.7401	34.7163	34.5729	34.4908	34.5257	34.5116	34.3471	34.3494	34.3621
AeC01036_CKDL210012719-1a-AK5577-AK7557_HF5TCDSX2_L1_fastp	36.3174	36.3031	36.3813	36.4304	36.4879	36.5004	36.4505	36.473	36.4673	36.4562	36.4891	36.4679	36.4677	36.4514	36.4602	36.4486	36.4529	36.425	36.43	36.3891	36.4299	36.4176	36.4094	36.3905	36.3553	36.3371	36.3179	36.3297	36.3149	36.2919	36.292	36.3039	36.2882	36.2904	36.2694	36.2639	36.2415	36.2234	36.2175	36.1054	36.1717	36.1139	36.1375	36.1473	35.0412	36.0914	36.1646	36.0427	36.0502	36.1395	36.0385	36.0762	36.0895	36.1107	35.9477	36.0168	35.8187	35.8211	35.8361	35.5269	35.9992	35.8517	35.5077	35.6086	35.9074	35.5663	35.6835	35.1522	35.0204	35.2822	35.5525	35.7761	35.8557	35.9022	35.908	35.8971	35.9022	35.9108	35.8849	35.898	35.8888	35.8845	35.8582	35.8725	35.887	35.872	35.8551	35.8293	35.7963	35.8147	35.8309	35.8001	35.7706	35.7418	35.7574	35.7753	35.7398	35.737	35.7348	35.736	35.7251	35.7082	35.7143	35.7301	35.7247	35.7041	35.6661	35.6672	35.6702	35.6681	35.651	35.6646	35.6249	35.6329	35.6257	35.6155	35.6129	35.6049	35.575	35.5637	35.5534	35.5777	35.5605	35.5552	35.536	35.5259	35.5462	35.5373	35.5152	35.4826	35.5082	35.5163	35.4753	35.4707	35.4658	35.4218	35.442	35.4312	35.391	35.3661	35.3352	35.3441	35.3557	35.2458	35.1931	35.2611	35.2787	35.1417	35.1805	35.2234
AeC01037_CKDL210012719-1a-5UDI301-GC06_HF5TCDSX2_L1_fastp	36.3567	36.3264	36.4063	36.4518	36.5034	36.5152	36.4614	36.488	36.4832	36.4716	36.5054	36.4827	36.477	36.4643	36.4699	36.4635	36.4682	36.4376	36.4479	36.4026	36.4462	36.4299	36.4221	36.4117	36.3756	36.3617	36.346	36.3592	36.3431	36.3204	36.3228	36.3361	36.3193	36.323	36.2946	36.3071	36.2816	36.256	36.2544	36.2603	36.2487	36.2484	36.1656	36.1966	35.3651	36.1575	36.2026	35.6342	35.648	36.0866	35.6975	35.8308	36.0722	36.0081	35.5823	35.7626	35.4488	35.7954	35.52	35.321	35.9248	35.5435	35.2005	35.5731	35.7803	35.2177	35.6622	35.4751	35.3637	35.2316	35.5289	35.7663	35.878	35.9465	35.9643	35.9604	35.9688	35.9812	35.9567	35.9695	35.9655	35.9613	35.9312	35.9443	35.9609	35.9421	35.9286	35.901	35.8734	35.8919	35.9095	35.8757	35.8426	35.8148	35.8251	35.8425	35.8078	35.8057	35.8056	35.8004	35.792	35.7766	35.7816	35.7911	35.7897	35.763	35.7236	35.7265	35.7255	35.7238	35.703	35.7219	35.6769	35.6821	35.6737	35.6577	35.6512	35.6391	35.6108	35.5923	35.5797	35.5953	35.5788	35.5643	35.5407	35.5245	35.5321	35.5163	35.4859	35.4455	35.4665	35.4627	35.4142	35.3954	35.3862	35.3274	35.3393	35.321	35.2662	35.2253	35.1829	35.1892	35.1973	35.0672	35.0029	35.0687	35.0824	34.9287	34.9618	35.0043
AeC01038_CKDL210012719-1a-AK7758-GC06_HF5TCDSX2_L1_fastp	36.362	36.3428	36.42	36.4533	36.5069	36.5176	36.4592	36.498	36.4841	36.4697	36.5081	36.4857	36.4737	36.4601	36.4613	36.4594	36.4618	36.4398	36.4448	36.4039	36.4453	36.4278	36.423	36.4049	36.3761	36.3565	36.3395	36.353	36.3446	36.3175	36.3186	36.3161	36.3103	36.3049	36.2819	36.2884	36.2679	36.2677	36.2568	36.2421	36.255	36.2511	36.195	36.2092	35.6262	36.0531	36.2003	35.6899	35.6647	36.0945	35.7863	35.8082	36.0567	36.0359	35.6501	35.7867	35.5809	35.8505	35.6261	35.5177	35.9701	35.6262	35.4307	35.6782	35.849	35.4088	35.7118	35.6255	35.5556	35.4604	35.6883	35.8616	35.9331	35.9825	35.9908	35.9885	35.9858	36.0058	35.9776	35.991	35.9789	35.9767	35.9463	35.9552	35.971	35.9553	35.9395	35.9161	35.8812	35.9006	35.918	35.8815	35.8575	35.823	35.8427	35.8572	35.8163	35.8178	35.8176	35.8121	35.8079	35.7866	35.7886	35.7966	35.7967	35.7706	35.7259	35.7281	35.7325	35.7265	35.7012	35.7152	35.6768	35.6803	35.6705	35.6514	35.6415	35.623	35.5979	35.5707	35.5595	35.5628	35.5492	35.5324	35.5007	35.4703	35.4825	35.4603	35.4221	35.371	35.3855	35.3741	35.3208	35.2972	35.2668	35.214	35.2057	35.1783	35.1149	35.0685	35.0174	35.0067	35.0081	34.8722	34.7979	34.8562	34.8517	34.6935	34.7163	34.751
AeC01039_CKDL210012719-1a-AK7078-GC06_HF5TCDSX2_L1_fastp	36.3739	36.3518	36.426	36.464	36.5113	36.521	36.4664	36.4988	36.4876	36.473	36.5046	36.4817	36.4743	36.4598	36.4617	36.4549	36.4623	36.4282	36.4397	36.3992	36.4394	36.417	36.4171	36.3954	36.3615	36.3446	36.3252	36.3369	36.3269	36.298	36.2949	36.3027	36.2901	36.2832	36.2647	36.2641	36.2495	36.2399	36.2364	36.2292	36.1422	36.1975	36.1684	36.1611	35.4297	36.0944	36.1606	35.5182	35.4849	36.0188	35.6129	35.6608	35.9895	35.9298	35.4508	35.6311	35.3607	35.7158	35.4098	35.2718	35.8573	35.4154	35.1533	35.4931	35.7162	35.1541	35.5602	35.445	35.3522	35.2387	35.5123	35.7274	35.8312	35.8925	35.9046	35.9025	35.9068	35.9186	35.8975	35.9098	35.9016	35.8997	35.8707	35.883	35.896	35.8797	35.8642	35.8382	35.8083	35.8273	35.8439	35.8112	35.7815	35.7505	35.768	35.7827	35.7471	35.7501	35.7502	35.7471	35.7388	35.72	35.7268	35.7343	35.7355	35.7073	35.665	35.6712	35.6769	35.6689	35.6488	35.6658	35.6202	35.6227	35.6111	35.5974	35.5894	35.572	35.5372	35.5229	35.5085	35.5142	35.4966	35.4764	35.4436	35.4194	35.4203	35.3996	35.3598	35.3147	35.3232	35.3075	35.2522	35.2261	35.2044	35.138	35.1322	35.1	35.0374	34.9886	34.9305	34.9219	34.9193	34.7753	34.7022	34.7481	34.7615	34.5938	34.6116	34.6455
AeC01040_CKDL210012719-1a-AK9143-GC06_HF5TCDSX2_L1_fastp	36.3379	36.3237	36.401	36.4414	36.501	36.5122	36.4448	36.4868	36.4792	36.4596	36.4997	36.4734	36.4602	36.4528	36.4548	36.4526	36.4623	36.4368	36.4356	36.3948	36.4402	36.4105	36.4096	36.3956	36.3639	36.3435	36.3284	36.3325	36.3289	36.3034	36.2992	36.3059	36.2908	36.284	36.2774	36.2722	36.2587	36.2514	36.2426	36.2329	36.2258	36.2195	36.1872	36.1871	35.8137	36.1708	36.184	35.8692	35.8298	36.1084	35.8832	35.9053	36.0545	36.0513	35.7959	35.8845	35.7542	35.9187	35.7812	35.6926	35.9753	35.7522	35.6293	35.768	35.8678	35.6029	35.8003	35.7446	35.6996	35.5671	35.7427	35.8692	35.912	35.9432	35.9434	35.9301	35.9287	35.9438	35.9124	35.9253	35.9121	35.9106	35.8777	35.8904	35.9045	35.8834	35.8688	35.84	35.811	35.8279	35.844	35.8072	35.7764	35.7427	35.7561	35.7796	35.7396	35.7375	35.7362	35.7357	35.7267	35.702	35.7123	35.7245	35.7192	35.6933	35.6493	35.6526	35.6551	35.6509	35.6331	35.6485	35.6033	35.604	35.5973	35.5833	35.5783	35.5613	35.5278	35.5048	35.4931	35.506	35.4875	35.4708	35.4436	35.4172	35.4239	35.4011	35.3676	35.3228	35.3374	35.3187	35.2662	35.2452	35.2212	35.1562	35.1561	35.1336	35.0681	35.0211	34.9671	34.9603	34.9567	34.8177	34.7471	34.7998	34.8077	34.6455	34.6657	34.697
AeC01041_CKDL210012719-1a-5UDI225-GC06_HF5TCDSX2_L1_fastp	36.32	36.3125	36.3928	36.4354	36.4929	36.5083	36.4491	36.4865	36.4795	36.4609	36.497	36.4748	36.4687	36.4552	36.4615	36.4551	36.4589	36.4369	36.439	36.4003	36.4415	36.4218	36.417	36.4022	36.3589	36.3491	36.3323	36.3373	36.3331	36.3076	36.3069	36.3088	36.2975	36.2879	36.2781	36.2801	36.2586	36.2437	36.2144	36.2311	36.2249	36.1971	36.1635	36.1697	35.4986	36.1401	36.1879	36.0954	36.0878	36.1627	36.0686	36.102	36.1104	36.1337	36.0039	36.0544	35.9207	35.9441	35.9561	35.7564	36.0338	35.923	35.7016	35.7668	35.9403	35.715	35.8173	35.4977	35.4092	35.4946	35.7033	35.8589	35.9081	35.9368	35.9384	35.923	35.92	35.9253	35.9048	35.9156	35.9038	35.8997	35.8667	35.8782	35.8898	35.8759	35.8572	35.8315	35.8046	35.823	35.8405	35.8056	35.7755	35.7436	35.76	35.7802	35.7415	35.7378	35.7452	35.7395	35.7322	35.7164	35.7216	35.7356	35.7334	35.7091	35.6673	35.6729	35.6785	35.6726	35.6587	35.6734	35.6336	35.6409	35.6338	35.6234	35.6234	35.6142	35.5905	35.5732	35.5739	35.5913	35.5779	35.5788	35.5599	35.5481	35.5674	35.5624	35.546	35.5071	35.5444	35.5508	35.5166	35.5106	35.504	35.4629	35.4828	35.4834	35.4396	35.4174	35.3853	35.4004	35.4172	35.3054	35.2544	35.3308	35.3505	35.2156	35.2578	35.3003
AeC01042_CKDL210012719-1a-AK9144-GC06_HF5TCDSX2_L1_fastp	36.2812	36.2902	36.3713	36.4231	36.4883	36.5064	36.4487	36.4855	36.4779	36.4619	36.4995	36.4774	36.4726	36.459	36.4645	36.4588	36.4631	36.436	36.4431	36.401	36.446	36.4299	36.421	36.4047	36.3734	36.3569	36.3374	36.3479	36.341	36.3099	36.3111	36.3058	36.3037	36.2785	36.2782	36.2744	36.2629	36.2527	36.2439	36.1317	36.1971	36.1755	36.1648	36.1661	35.3605	36.1315	36.1843	36.0224	36.0429	36.1533	36.0306	36.0766	36.0946	36.1169	35.9396	36.016	35.8406	35.891	35.8802	35.6467	36.0074	35.846	35.5758	35.6924	35.9037	35.5866	35.7529	35.4094	35.2944	35.3727	35.6176	35.8047	35.8679	35.9117	35.909	35.8965	35.8946	35.9037	35.8793	35.8933	35.8801	35.876	35.845	35.8577	35.8705	35.8464	35.8338	35.804	35.7715	35.7933	35.8125	35.7778	35.7442	35.7097	35.7249	35.7461	35.7091	35.7081	35.7074	35.7045	35.7002	35.6805	35.6865	35.701	35.6939	35.6748	35.63	35.6379	35.6449	35.638	35.6203	35.6441	35.6027	35.6118	35.6044	35.5912	35.5869	35.5819	35.5561	35.5467	35.539	35.5666	35.5583	35.5457	35.5355	35.5286	35.5446	35.539	35.5196	35.4902	35.5257	35.5355	35.5014	35.4936	35.4933	35.4528	35.4792	35.4777	35.4358	35.4182	35.3893	35.4102	35.4253	35.3191	35.2721	35.3571	35.3795	35.2481	35.3016	35.3433
AeC01043_CKDL210012719-1a-AK3911-GC06_HF5TCDSX2_L1_fastp	36.2136	36.2359	36.3291	36.3902	36.463	36.484	36.4229	36.4645	36.4578	36.4387	36.4807	36.4556	36.4501	36.4385	36.4416	36.4362	36.4409	36.415	36.4188	36.374	36.4187	36.3995	36.3892	36.3725	36.338	36.3209	36.3027	36.3109	36.295	36.2692	36.2685	36.2611	36.2526	36.2392	36.2011	36.2281	36.2001	36.2014	36.1883	36.1811	36.1707	36.1497	36.0681	36.1059	35.347	36.0558	36.1086	35.3646	35.3156	35.9407	35.5105	35.4652	35.8616	35.8445	35.2999	35.4604	35.2384	35.5797	35.2585	35.1692	35.7562	35.2432	35.0544	35.3534	35.606	35.0327	35.3842	35.3204	35.248	35.1452	35.4043	35.6095	35.7132	35.7774	35.7898	35.7818	35.7876	35.8011	35.7701	35.7799	35.7651	35.7606	35.7315	35.7432	35.7494	35.7376	35.7175	35.6863	35.655	35.6744	35.6883	35.6479	35.6173	35.5813	35.5979	35.6134	35.5732	35.5695	35.5732	35.5611	35.5654	35.5346	35.5405	35.5524	35.5488	35.5229	35.4796	35.4816	35.4842	35.4814	35.4599	35.4771	35.4373	35.4384	35.4339	35.4202	35.4143	35.4047	35.3773	35.3588	35.3474	35.3684	35.353	35.3421	35.3248	35.3116	35.3294	35.3199	35.2862	35.2523	35.2766	35.2758	35.2333	35.2212	35.2084	35.1652	35.1822	35.1703	35.121	35.0904	35.0524	35.0596	35.0734	34.9486	34.8966	34.9684	34.9843	34.834	34.8776	34.9162
AeC01044_CKDL210012719-1a-5UDI245-GC06_HF5TCDSX2_L1_fastp	36.2344	36.247	36.3408	36.3956	36.4667	36.4846	36.4254	36.4617	36.4566	36.439	36.4793	36.4565	36.4428	36.4355	36.435	36.4332	36.4418	36.3942	36.4157	36.3712	36.4159	36.3994	36.3899	36.3757	36.3393	36.319	36.3	36.3121	36.2981	36.2674	36.2671	36.2789	36.2592	36.2597	36.2413	36.1863	36.2207	36.1985	36.1968	36.1923	36.1318	36.1194	36.1193	36.1221	35.4225	36.0998	36.1125	35.3144	35.2482	35.8751	35.3388	35.356	35.8228	35.6432	35.1989	35.3677	35.1676	35.5264	35.1866	35.1301	35.6473	35.1792	35.0253	35.3115	35.4765	35.0216	35.3925	35.4031	35.3462	35.0694	35.3313	35.547	35.6753	35.7634	35.7956	35.7916	35.8022	35.8176	35.7907	35.8046	35.7923	35.7889	35.7539	35.7668	35.7785	35.7605	35.741	35.7121	35.6815	35.7034	35.7211	35.6811	35.6488	35.6164	35.6305	35.6447	35.6047	35.6025	35.6012	35.5946	35.5906	35.5693	35.5735	35.586	35.582	35.5596	35.5106	35.5122	35.5182	35.513	35.4946	35.5166	35.4684	35.4714	35.4637	35.4478	35.4445	35.4284	35.4026	35.3841	35.3771	35.3989	35.3783	35.3662	35.3414	35.3264	35.3351	35.3276	35.2963	35.257	35.2812	35.2758	35.2305	35.2187	35.1993	35.1465	35.1567	35.1386	35.0858	35.0528	35.0044	35.0085	35.0092	34.8819	34.8285	34.8915	34.9014	34.7525	34.7836	34.8161
AeC01045_CKDL210012719-1a-AK8593-GC06_HF5TCDSX2_L1_fastp	36.3003	36.2973	36.3765	36.4245	36.4893	36.5021	36.4417	36.4787	36.4718	36.457	36.4933	36.4695	36.4631	36.4511	36.4549	36.4468	36.4555	36.4315	36.4328	36.3895	36.4342	36.4127	36.4061	36.3883	36.3589	36.3389	36.3226	36.329	36.3211	36.2924	36.2893	36.296	36.2868	36.2842	36.2666	36.2637	36.2438	36.2375	36.2319	36.2242	36.1811	36.1621	36.1468	36.1523	35.4911	36.1327	36.1553	35.6749	35.6266	36.0474	35.7276	35.7773	36.0219	35.977	35.567	35.7084	35.4754	35.7675	35.5181	35.3814	35.9033	35.5072	35.2791	35.5646	35.7673	35.2619	35.6071	35.4791	35.3892	35.3508	35.6037	35.7766	35.8521	35.8946	35.8998	35.8833	35.8905	35.8984	35.8719	35.8829	35.8727	35.8677	35.8346	35.8474	35.8631	35.8436	35.8249	35.7993	35.769	35.7893	35.801	35.7699	35.7377	35.7067	35.721	35.7371	35.7	35.7028	35.6984	35.6982	35.6931	35.672	35.6752	35.6877	35.6851	35.6612	35.6197	35.6242	35.6292	35.6238	35.608	35.6225	35.5838	35.5913	35.5791	35.5699	35.5614	35.5532	35.5259	35.5094	35.4966	35.5172	35.5011	35.493	35.4699	35.4575	35.4654	35.4551	35.4277	35.3908	35.4125	35.4117	35.3697	35.3545	35.3409	35.2959	35.3017	35.2897	35.241	35.2028	35.1621	35.1739	35.1771	35.0517	34.992	35.058	35.0797	34.927	34.9619	35.0033
AeC01046_CKDL210012719-1a-5UDI294-AK8488_HF5TCDSX2_L1_fastp	36.348	36.3209	36.3989	36.446	36.5	36.5129	36.4481	36.489	36.4783	36.4598	36.5004	36.4753	36.4681	36.456	36.4591	36.4523	36.4659	36.4383	36.4361	36.398	36.4413	36.4168	36.4137	36.3985	36.3644	36.3503	36.3282	36.3337	36.3321	36.3019	36.3045	36.306	36.2935	36.2854	36.258	36.275	36.2612	36.256	36.24	36.2326	36.2295	36.1877	36.1807	36.1848	35.6446	36.1599	36.1899	36.0277	36.0085	36.1532	36.0285	36.067	36.1053	36.1293	35.9458	36.0251	35.8707	35.9609	35.8934	35.7241	36.0323	35.8758	35.6736	35.7884	35.944	35.6709	35.8356	35.6433	35.5615	35.5543	35.7535	35.8936	35.9362	35.9634	35.9616	35.9477	35.9493	35.9555	35.928	35.9385	35.9277	35.9277	35.8974	35.9066	35.9234	35.9072	35.8868	35.8604	35.8342	35.8476	35.868	35.8315	35.8003	35.7688	35.7862	35.8061	35.7659	35.7648	35.7646	35.7618	35.7501	35.7377	35.7403	35.7525	35.7506	35.7275	35.6846	35.6902	35.6921	35.689	35.667	35.6852	35.6397	35.6464	35.6394	35.6215	35.6173	35.6081	35.5782	35.5617	35.5522	35.5678	35.5516	35.5447	35.522	35.5067	35.5184	35.5097	35.4818	35.4456	35.472	35.4721	35.4284	35.4211	35.4111	35.3649	35.3734	35.359	35.3206	35.2824	35.2482	35.2516	35.2657	35.1379	35.08	35.1515	35.1721	35.0225	35.0566	35.1043
AeC01047_CKDL210012719-1a-AK9146-AK8488_HF5TCDSX2_L1_fastp	36.3646	36.3344	36.4057	36.4455	36.505	36.5158	36.451	36.4862	36.4788	36.4584	36.5007	36.4763	36.4627	36.4541	36.4581	36.4521	36.4599	36.4302	36.4339	36.398	36.441	36.4146	36.4119	36.3972	36.3655	36.3488	36.3318	36.3411	36.3339	36.3051	36.3006	36.3076	36.3002	36.3011	36.283	36.266	36.2641	36.2549	36.2381	36.2463	36.2203	36.2202	36.2006	36.1949	35.7893	36.1838	36.1901	35.7323	35.6819	36.0343	35.7478	35.7158	35.9399	35.9495	35.6532	35.7315	35.6309	35.8105	35.6352	35.5874	35.8938	35.6058	35.5319	35.6598	35.775	35.5166	35.7017	35.7056	35.6759	35.495	35.6737	35.8039	35.8771	35.9302	35.9429	35.9408	35.9456	35.9558	35.9279	35.9409	35.9318	35.9267	35.9	35.9124	35.927	35.9059	35.8882	35.8609	35.8324	35.8521	35.866	35.8338	35.803	35.77	35.7797	35.8005	35.7578	35.7586	35.7576	35.7472	35.7374	35.7205	35.7231	35.7308	35.7333	35.705	35.6584	35.6604	35.6572	35.6512	35.6273	35.6422	35.5908	35.5922	35.5783	35.5614	35.5459	35.5279	35.4901	35.4624	35.4394	35.4404	35.4171	35.3887	35.3504	35.3149	35.3068	35.2782	35.2246	35.1626	35.1615	35.1284	35.0546	35.0114	34.972	34.8936	34.8687	34.8181	34.7389	34.6702	34.6004	34.567	34.5387	34.3851	34.298	34.3209	34.2974	34.1257	34.1218	34.1215
AeC01048_CKDL210012719-1a-AK5577-AK8488_HF5TCDSX2_L1_fastp	36.3754	36.3444	36.4189	36.4584	36.5103	36.5194	36.4611	36.4968	36.4841	36.4703	36.5054	36.4853	36.4791	36.4629	36.471	36.4617	36.4675	36.4438	36.4462	36.409	36.4483	36.4296	36.4213	36.4045	36.3735	36.3566	36.3375	36.3507	36.3377	36.3148	36.3118	36.322	36.3107	36.3086	36.2926	36.2901	36.2713	36.2546	36.2507	36.1744	36.2153	36.1799	36.1854	36.1912	35.4598	36.1552	36.2025	36.1054	36.1045	36.1822	36.0905	36.1216	36.1326	36.1596	36.0297	36.0801	35.9455	35.9678	35.9613	35.7406	36.0636	35.9525	35.7181	35.7854	35.9824	35.7449	35.8417	35.4893	35.3979	35.5301	35.7402	35.9002	35.948	35.9812	35.9808	35.9693	35.9696	35.9789	35.9505	35.9647	35.9542	35.9558	35.923	35.9386	35.9557	35.9375	35.9206	35.8983	35.8683	35.8891	35.9034	35.8705	35.8412	35.8187	35.8306	35.8514	35.8145	35.8184	35.8197	35.8156	35.8099	35.7932	35.801	35.8121	35.811	35.7936	35.7547	35.7587	35.7636	35.761	35.7422	35.7608	35.7218	35.728	35.7227	35.7126	35.7075	35.7011	35.6718	35.6632	35.6507	35.6681	35.6552	35.6497	35.6345	35.6228	35.6355	35.6298	35.6062	35.5751	35.605	35.6086	35.571	35.5636	35.5573	35.5184	35.5318	35.521	35.4811	35.4564	35.4285	35.4302	35.4401	35.3259	35.2766	35.343	35.3585	35.2293	35.2581	35.2984
AeC01049_CKDL210012719-1a-5UDI301-AK4236_HF5TCDSX2_L1_fastp	36.3718	36.3326	36.4086	36.4468	36.4997	36.5088	36.4443	36.4819	36.4764	36.4567	36.4927	36.4695	36.458	36.449	36.4509	36.4462	36.4557	36.4306	36.4319	36.3917	36.436	36.4091	36.4045	36.3913	36.3579	36.3385	36.3228	36.3363	36.3282	36.304	36.3016	36.311	36.2967	36.2969	36.2758	36.2817	36.2635	36.2465	36.244	36.2448	36.2397	36.2402	36.1916	36.1965	35.7525	36.1751	36.1982	35.9128	35.8922	36.1345	35.9074	35.9825	36.0993	36.0934	35.8536	35.942	35.7736	35.9576	35.8009	35.6789	36.0134	35.8026	35.6166	35.807	35.9085	35.6148	35.8575	35.7515	35.6841	35.5516	35.7546	35.9029	35.9585	35.9924	35.9962	35.9836	35.9835	35.9937	35.9676	35.9789	35.97	35.9679	35.9379	35.9511	35.966	35.9523	35.9315	35.906	35.8776	35.8921	35.9127	35.8802	35.8488	35.8174	35.8344	35.8554	35.8125	35.8129	35.8114	35.8061	35.8	35.7822	35.7842	35.7965	35.7955	35.7711	35.7296	35.7303	35.7339	35.727	35.7069	35.7231	35.6793	35.6825	35.6718	35.6568	35.6507	35.6337	35.6051	35.5824	35.5705	35.5829	35.5648	35.5499	35.5216	35.4997	35.5044	35.4872	35.4535	35.4101	35.423	35.4178	35.3678	35.3434	35.3269	35.2655	35.266	35.2446	35.1848	35.141	35.0976	35.0955	35.0959	34.9592	34.8878	34.9455	34.9653	34.8027	34.8282	34.8672
AeC01050_CKDL210012719-1a-AK7758-AK4236_HF5TCDSX2_L1_fastp	36.3844	36.347	36.4187	36.4569	36.5057	36.5155	36.4512	36.4929	36.4806	36.4597	36.4976	36.4712	36.4583	36.4492	36.4541	36.4435	36.4543	36.4305	36.4293	36.3932	36.4326	36.4101	36.4035	36.3876	36.3557	36.3368	36.3178	36.3319	36.3263	36.2972	36.2941	36.2971	36.2896	36.2841	36.2629	36.2663	36.2477	36.2439	36.2392	36.2219	36.2299	36.2283	36.1828	36.1877	35.7316	36.0626	36.1815	35.8008	35.7625	36.0956	35.8425	35.8602	36.0479	36.0523	35.7484	35.8493	35.6861	35.8919	35.7113	35.6159	35.9764	35.7081	35.5516	35.7403	35.8666	35.5328	35.7691	35.6983	35.6344	35.5253	35.7269	35.8678	35.9274	35.9669	35.969	35.9563	35.9571	35.9653	35.938	35.9493	35.9406	35.936	35.9039	35.9166	35.9333	35.9136	35.8972	35.8702	35.837	35.8548	35.8692	35.8384	35.8057	35.775	35.7858	35.8078	35.7682	35.7687	35.7641	35.7608	35.7491	35.731	35.7323	35.7449	35.741	35.7178	35.6735	35.6738	35.6756	35.6684	35.6432	35.6587	35.6092	35.6115	35.602	35.5837	35.5798	35.5554	35.5262	35.4978	35.4806	35.4921	35.465	35.4451	35.4094	35.3815	35.3837	35.3585	35.315	35.2651	35.275	35.2515	35.1949	35.1683	35.1352	35.0724	35.0614	35.0299	34.9603	34.9027	34.8543	34.8381	34.8249	34.684	34.6039	34.6551	34.6617	34.4894	34.5108	34.5392
AeC01051_CKDL210012719-1a-AK7078-AK4236_HF5TCDSX2_L1_fastp	36.333	36.3031	36.3925	36.4314	36.49	36.4991	36.4373	36.4798	36.4697	36.4489	36.4884	36.4636	36.4491	36.4417	36.4435	36.4389	36.4482	36.4182	36.4195	36.3824	36.4248	36.4001	36.3982	36.3797	36.3477	36.3267	36.3089	36.3175	36.3169	36.2882	36.2873	36.2929	36.2768	36.2707	36.2534	36.2527	36.2378	36.2288	36.2301	36.2208	36.1693	36.2007	36.1764	36.1695	35.6567	36.1201	36.1671	35.749	35.7015	36.0701	35.7782	35.8136	36.0298	36.0113	35.6791	35.7977	35.6128	35.8506	35.6355	35.5278	35.9379	35.641	35.4544	35.683	35.8188	35.4487	35.7275	35.6383	35.572	35.443	35.6626	35.8259	35.8926	35.9398	35.9414	35.9292	35.9337	35.9436	35.9129	35.9287	35.9192	35.9148	35.8844	35.897	35.9155	35.8993	35.878	35.8531	35.8249	35.8406	35.8581	35.825	35.7937	35.7636	35.7806	35.8036	35.7609	35.7603	35.7601	35.7538	35.7477	35.7309	35.7351	35.7461	35.7445	35.7249	35.6804	35.6826	35.6857	35.6786	35.6588	35.676	35.6335	35.6392	35.625	35.6119	35.6071	35.5911	35.5621	35.5416	35.5281	35.5404	35.5224	35.5105	35.4768	35.4595	35.467	35.449	35.4132	35.3722	35.3871	35.3786	35.3321	35.31	35.2881	35.2319	35.2292	35.2094	35.1507	35.1101	35.0602	35.0583	35.0589	34.9263	34.8551	34.9187	34.9241	34.7689	34.7942	34.8306
AeC01052_CKDL210012719-1a-AK9143-AK4236_HF5TCDSX2_L1_fastp	36.3487	36.3202	36.402	36.4392	36.4962	36.5038	36.4363	36.4798	36.4741	36.4522	36.4924	36.465	36.4483	36.4432	36.4463	36.4389	36.4501	36.4263	36.4228	36.3843	36.4288	36.4016	36.3987	36.3802	36.3488	36.328	36.3116	36.32	36.3183	36.2931	36.283	36.2922	36.2779	36.2727	36.2658	36.259	36.2442	36.2355	36.2348	36.226	36.2183	36.2116	36.1828	36.1784	35.8475	36.1668	36.1756	35.903	35.8592	36.1092	35.9054	35.9258	36.0542	36.0626	35.835	35.9102	35.7917	35.9371	35.8096	35.7295	35.9873	35.7857	35.6674	35.7982	35.8841	35.6533	35.8301	35.7773	35.7321	35.5956	35.7679	35.8838	35.9248	35.9544	35.956	35.9372	35.9397	35.944	35.9161	35.9268	35.9172	35.9175	35.8872	35.8969	35.9123	35.8949	35.8766	35.8491	35.8212	35.8379	35.8559	35.8206	35.7869	35.7605	35.7715	35.7928	35.7542	35.7563	35.7508	35.7489	35.7418	35.722	35.725	35.7398	35.7379	35.7114	35.6691	35.6754	35.6789	35.6685	35.6513	35.6698	35.6239	35.6282	35.6223	35.6049	35.5975	35.5802	35.549	35.5304	35.5192	35.5282	35.5118	35.4905	35.4623	35.4402	35.4412	35.4288	35.3901	35.3408	35.3536	35.3411	35.2877	35.2623	35.2358	35.1747	35.175	35.151	35.0809	35.0304	34.9824	34.9741	34.9668	34.8248	34.7543	34.8055	34.8104	34.6518	34.6723	34.6977
AeC01053_CKDL210012719-1a-5UDI225-AK4236_HF5TCDSX2_L1_fastp	36.2777	36.2718	36.3632	36.4102	36.4756	36.4892	36.4201	36.4651	36.4571	36.4387	36.478	36.4524	36.4403	36.4307	36.4316	36.4269	36.4392	36.415	36.4094	36.3751	36.4169	36.3894	36.382	36.3637	36.3285	36.3112	36.2925	36.2985	36.2948	36.2687	36.263	36.271	36.2567	36.2473	36.2345	36.2357	36.2145	36.2013	36.1844	36.1881	36.181	36.1668	36.1387	36.133	35.696	36.1115	36.1406	36.0694	36.0574	36.1143	36.0243	36.0581	36.0615	36.0874	35.9822	36.015	35.9166	35.9447	35.9374	35.7813	35.9883	35.9012	35.7521	35.7999	35.8998	35.7523	35.8357	35.6294	35.5691	35.5514	35.7204	35.8407	35.8724	35.896	35.8896	35.866	35.861	35.8658	35.838	35.8462	35.8367	35.8289	35.803	35.8142	35.8293	35.8108	35.7916	35.7632	35.7325	35.7491	35.7669	35.7297	35.6999	35.6687	35.6866	35.7052	35.6688	35.6637	35.6628	35.6634	35.6558	35.6377	35.6409	35.6503	35.6563	35.6311	35.5929	35.5961	35.6046	35.5958	35.579	35.5971	35.5564	35.5634	35.561	35.5537	35.5524	35.5393	35.5145	35.502	35.4991	35.5163	35.5047	35.5044	35.4863	35.474	35.4947	35.4929	35.4682	35.4488	35.4772	35.4821	35.4493	35.4458	35.4422	35.4048	35.4295	35.4196	35.3809	35.3577	35.3279	35.3465	35.3633	35.2473	35.207	35.2824	35.3066	35.1691	35.2145	35.2581
AeC01054_CKDL210012719-1a-AK9144-AK4236_HF5TCDSX2_L1_fastp	36.2501	36.2625	36.3513	36.4047	36.4713	36.4876	36.4358	36.4716	36.4612	36.4438	36.4835	36.4574	36.4542	36.4408	36.4493	36.4368	36.4422	36.4119	36.4216	36.3761	36.4201	36.4055	36.3976	36.3778	36.3413	36.3208	36.3043	36.3103	36.3018	36.2741	36.2746	36.2646	36.2665	36.2357	36.2348	36.2326	36.2186	36.2025	36.2029	36.0769	36.1463	36.1229	36.1163	36.1132	35.1509	36.0707	36.134	35.9605	35.9783	36.0964	35.9652	36.0162	36.0456	36.0669	35.87	35.9572	35.751	35.801	35.7692	35.4941	35.9453	35.7677	35.4553	35.5943	35.842	35.4828	35.6602	35.2601	35.135	35.2349	35.5039	35.7175	35.7968	35.846	35.8495	35.8401	35.8407	35.8471	35.8211	35.8334	35.8215	35.8186	35.7868	35.7985	35.8196	35.7931	35.7754	35.7487	35.7156	35.7364	35.7556	35.7141	35.6873	35.6558	35.6756	35.6901	35.6507	35.65	35.6501	35.6423	35.6344	35.62	35.6247	35.6351	35.6336	35.6146	35.5707	35.5745	35.5805	35.5766	35.555	35.5781	35.5324	35.5407	35.5342	35.5247	35.5223	35.5118	35.4875	35.4748	35.4678	35.4885	35.4736	35.4697	35.4546	35.4489	35.4658	35.4625	35.441	35.4134	35.4406	35.45	35.414	35.4094	35.4075	35.3718	35.3895	35.3883	35.3494	35.3307	35.2984	35.3207	35.334	35.2236	35.1782	35.2558	35.2769	35.1489	35.1977	35.2441
AeC01055_CKDL210012719-1a-AK3911-AK4236_HF5TCDSX2_L1_fastp	36.1925	36.2189	36.315	36.3757	36.45	36.4695	36.4101	36.4513	36.4429	36.4238	36.4677	36.4437	36.436	36.4213	36.4297	36.4202	36.4268	36.4002	36.4038	36.3586	36.406	36.3869	36.3785	36.3602	36.3243	36.3049	36.2825	36.297	36.2851	36.2606	36.2539	36.2496	36.2404	36.2283	36.1689	36.2172	36.1913	36.1922	36.1853	36.1772	36.1707	36.1567	36.069	36.099	35.2709	36.0518	36.1085	35.3076	35.2346	35.927	35.4651	35.4038	35.838	35.8382	35.2499	35.4148	35.1803	35.5533	35.1852	35.0998	35.7603	35.2022	34.9942	35.3301	35.6013	34.9765	35.362	35.2974	35.2228	35.1072	35.3937	35.6138	35.7339	35.8054	35.8232	35.8205	35.8262	35.8366	35.8091	35.8207	35.811	35.8096	35.7764	35.7898	35.8046	35.7891	35.7683	35.7439	35.7077	35.7278	35.7442	35.7096	35.6771	35.643	35.6633	35.6826	35.638	35.64	35.6376	35.6331	35.6253	35.6053	35.6103	35.623	35.6229	35.5996	35.5545	35.5606	35.5618	35.5499	35.5369	35.5551	35.509	35.5164	35.5112	35.4953	35.494	35.4825	35.4553	35.4342	35.4286	35.4489	35.4302	35.4248	35.3982	35.389	35.3971	35.3893	35.3626	35.3283	35.3525	35.3516	35.3077	35.2967	35.2869	35.2386	35.2536	35.2338	35.1914	35.1572	35.1217	35.1331	35.1328	35.0123	34.9583	35.0285	35.0406	34.8984	34.937	34.977
AeC01056_CKDL210012719-1a-5UDI245-AK4236_HF5TCDSX2_L1_fastp	36.3015	36.2855	36.3687	36.4157	36.4789	36.4918	36.4338	36.4699	36.4651	36.4442	36.4825	36.4573	36.4436	36.4388	36.438	36.4337	36.4442	36.4043	36.4189	36.3795	36.4238	36.4026	36.3943	36.3771	36.3437	36.3242	36.3057	36.323	36.3069	36.2827	36.281	36.2929	36.2782	36.2753	36.2598	36.2132	36.2384	36.2219	36.2192	36.2156	36.17	36.1627	36.1617	36.1603	35.5628	36.1411	36.1548	35.4955	35.4239	35.9634	35.5039	35.5168	35.9029	35.7863	35.3984	35.539	35.3697	35.6749	35.3814	35.3255	35.7806	35.384	35.2451	35.4933	35.624	35.2435	35.559	35.559	35.515	35.2597	35.5027	35.69	35.8032	35.8799	35.9013	35.9019	35.9121	35.9193	35.8959	35.9063	35.898	35.8963	35.8686	35.8781	35.8958	35.8775	35.8605	35.8345	35.8045	35.8198	35.8415	35.8032	35.7727	35.7442	35.7567	35.7726	35.7367	35.7348	35.7285	35.7268	35.7177	35.7007	35.7038	35.7186	35.7137	35.6906	35.6467	35.6485	35.6519	35.6389	35.6195	35.6373	35.5921	35.5986	35.5863	35.57	35.562	35.5468	35.5159	35.4934	35.4782	35.4877	35.468	35.4477	35.4195	35.3952	35.4027	35.3788	35.3395	35.2916	35.2988	35.2885	35.2288	35.2011	35.1727	35.1135	35.1074	35.0709	35.0095	34.9554	34.8987	34.8847	34.8744	34.7366	34.662	34.7056	34.7045	34.5446	34.5594	34.5783
AeC01057_CKDL210012719-1a-AK8593-AK4236_HF5TCDSX2_L1_fastp	36.3335	36.3093	36.3942	36.4356	36.4927	36.5036	36.4387	36.4798	36.4699	36.4513	36.4905	36.4609	36.4502	36.4422	36.4463	36.4396	36.4484	36.4262	36.4231	36.3866	36.4289	36.4016	36.3998	36.3823	36.352	36.3279	36.3105	36.3251	36.3162	36.2899	36.288	36.2933	36.282	36.2796	36.2634	36.2624	36.2427	36.2344	36.2355	36.2273	36.1978	36.1898	36.1718	36.1721	35.6819	36.1568	36.1734	35.8357	35.7766	36.0906	35.8502	35.8879	36.0589	36.0441	35.7403	35.8418	35.6736	35.8847	35.6885	35.5824	35.9694	35.6845	35.5142	35.7195	35.8581	35.498	35.7546	35.6523	35.5894	35.5121	35.7271	35.8689	35.9208	35.957	35.9553	35.9386	35.94	35.9417	35.9196	35.9317	35.9196	35.9208	35.8902	35.9027	35.9174	35.8969	35.8812	35.8522	35.8229	35.8385	35.8589	35.8208	35.7973	35.7635	35.7853	35.8007	35.7622	35.7608	35.7628	35.7547	35.7524	35.7325	35.7363	35.7539	35.7483	35.7271	35.688	35.6893	35.6902	35.6841	35.6632	35.6781	35.6397	35.646	35.6387	35.6222	35.6163	35.6013	35.5734	35.5494	35.5445	35.5562	35.5362	35.519	35.4966	35.4785	35.4803	35.467	35.4288	35.3906	35.4008	35.3935	35.3448	35.3241	35.3039	35.2467	35.2461	35.2264	35.1632	35.1228	35.0717	35.0699	35.0709	34.9359	34.8615	34.9216	34.9322	34.7754	34.7998	34.836
AeC01058_CKDL210012719-1a-5UDI294-GC06_HF5TCDSX2_L1_fastp	36.3541	36.3313	36.4073	36.4499	36.5068	36.5175	36.4551	36.4944	36.4866	36.4697	36.5077	36.4811	36.4736	36.4622	36.4647	36.4587	36.4702	36.4442	36.4431	36.4043	36.4476	36.423	36.4206	36.4024	36.3709	36.3561	36.3384	36.343	36.3398	36.311	36.309	36.3131	36.3012	36.2944	36.2658	36.28	36.2698	36.262	36.2488	36.2414	36.2356	36.1881	36.178	36.1879	35.616	36.1652	36.1929	36.0163	36.0144	36.1572	36.0292	36.0703	36.1086	36.1326	35.9356	36.0214	35.859	35.9433	35.8997	35.7223	36.0335	35.8682	35.65	35.7747	35.9403	35.6436	35.8202	35.6124	35.5286	35.5375	35.7424	35.8903	35.9352	35.9681	35.9668	35.9514	35.9513	35.9611	35.9326	35.9432	35.9337	35.9304	35.9011	35.9132	35.9258	35.909	35.8911	35.8651	35.8374	35.8559	35.8707	35.8377	35.8067	35.7765	35.7893	35.809	35.7713	35.7711	35.7686	35.7694	35.7625	35.7445	35.7472	35.7595	35.7582	35.7353	35.6927	35.6974	35.6995	35.6929	35.6767	35.6964	35.656	35.6585	35.6536	35.638	35.6321	35.6225	35.5959	35.5807	35.5748	35.5922	35.5795	35.5685	35.5523	35.537	35.5524	35.5431	35.5176	35.4852	35.5118	35.5141	35.473	35.4655	35.4592	35.4143	35.43	35.422	35.375	35.3466	35.3143	35.3241	35.3355	35.2136	35.1624	35.2328	35.2541	35.11	35.1533	35.1948
AeC01059_CKDL210012719-1a-AK9146-GC06_HF5TCDSX2_L1_fastp	36.3589	36.3335	36.4098	36.4498	36.5075	36.5189	36.4544	36.4901	36.4854	36.4647	36.5039	36.4779	36.4642	36.4592	36.4594	36.4562	36.4649	36.4379	36.4419	36.4026	36.444	36.4205	36.4153	36.4001	36.3701	36.3516	36.3335	36.3445	36.3357	36.3084	36.3038	36.3111	36.2977	36.3012	36.2827	36.2665	36.2654	36.2565	36.2364	36.2435	36.2189	36.2153	36.1944	36.1911	35.7682	36.1823	36.1868	35.693	35.6406	36.02	35.7143	35.6873	35.9322	35.9166	35.6057	35.6977	35.5901	35.7732	35.6031	35.55	35.867	35.5678	35.4847	35.623	35.7519	35.4687	35.6662	35.6761	35.6455	35.4579	35.6458	35.7821	35.857	35.9166	35.9326	35.9284	35.9352	35.9463	35.9222	35.9349	35.9221	35.9219	35.8906	35.9018	35.9154	35.8979	35.8809	35.8508	35.823	35.84	35.8534	35.8219	35.79	35.7546	35.7666	35.7871	35.7462	35.7431	35.7407	35.7373	35.7274	35.7059	35.7105	35.7195	35.7164	35.6913	35.645	35.6452	35.6472	35.6395	35.619	35.6312	35.5835	35.5838	35.5695	35.5498	35.5392	35.5183	35.4844	35.462	35.4426	35.4482	35.4214	35.397	35.3631	35.3272	35.3215	35.2943	35.249	35.1918	35.1956	35.1669	35.1002	35.064	35.0248	34.9508	34.9313	34.8898	34.8107	34.7475	34.6855	34.6534	34.6321	34.4843	34.3985	34.4308	34.4151	34.2411	34.2477	34.2522
AeC01060_CKDL210012719-1a-AK5577-GC06_HF5TCDSX2_L1_fastp	36.3687	36.3454	36.4209	36.4586	36.514	36.5233	36.4645	36.4962	36.4909	36.4759	36.5102	36.4887	36.4828	36.4684	36.4727	36.4627	36.4727	36.4475	36.4482	36.4103	36.4513	36.4315	36.4215	36.4058	36.3746	36.361	36.3406	36.3544	36.3457	36.3183	36.3166	36.3222	36.3103	36.3084	36.2917	36.2923	36.2746	36.2562	36.2519	36.1803	36.2125	36.185	36.185	36.1879	35.5448	36.1626	36.1975	36.1032	36.1075	36.1786	36.0862	36.1203	36.1263	36.1514	36.024	36.0743	35.9463	35.9617	35.9724	35.7815	36.0577	35.9445	35.7328	35.7922	35.9696	35.7538	35.8401	35.5253	35.4388	35.5475	35.747	35.8924	35.939	35.9647	35.9621	35.9463	35.9511	35.9568	35.9297	35.9446	35.9308	35.9312	35.8978	35.9121	35.9245	35.9082	35.8893	35.8634	35.8364	35.8543	35.8743	35.8396	35.8094	35.7783	35.7891	35.8133	35.7734	35.7758	35.772	35.7748	35.7646	35.7501	35.7525	35.7681	35.7679	35.7436	35.7021	35.7075	35.712	35.7098	35.6908	35.7096	35.6663	35.6759	35.6684	35.655	35.654	35.6424	35.6165	35.6038	35.5982	35.6173	35.6032	35.6001	35.5798	35.5696	35.583	35.5771	35.5559	35.5243	35.5564	35.5588	35.5231	35.5147	35.5067	35.4691	35.4842	35.4776	35.4332	35.41	35.3776	35.3897	35.4001	35.2867	35.2371	35.3046	35.3227	35.188	35.227	35.2663
AeC01061_CKDL210012719-1a-5UDI301-AK10343_HF5TCDSX2_L1_fastp	36.3637	36.3216	36.4023	36.4464	36.4992	36.5099	36.4494	36.4846	36.4753	36.4596	36.4967	36.4737	36.4607	36.4527	36.4565	36.4481	36.4581	36.4322	36.4355	36.3932	36.439	36.416	36.412	36.3944	36.3644	36.345	36.3289	36.3412	36.3335	36.3087	36.3055	36.3154	36.3007	36.2999	36.2817	36.2874	36.2637	36.248	36.2474	36.2471	36.2341	36.2407	36.1921	36.1976	35.6945	36.1735	36.1976	35.8764	35.8562	36.128	35.8776	35.9563	36.0932	36.0797	35.8198	35.9155	35.7298	35.9325	35.762	35.6266	35.9968	35.7652	35.5601	35.7678	35.8841	35.5595	35.8293	35.7076	35.6379	35.5038	35.7194	35.8745	35.9386	35.9761	35.9823	35.9717	35.9741	35.9842	35.9575	35.9719	35.9571	35.9589	35.9277	35.9398	35.9534	35.9367	35.9194	35.8944	35.8689	35.8849	35.9014	35.8672	35.8388	35.8039	35.8197	35.8376	35.8042	35.8002	35.7986	35.7967	35.7897	35.7693	35.7778	35.7865	35.7827	35.7618	35.7214	35.7238	35.7273	35.7168	35.6998	35.7151	35.6731	35.6781	35.6658	35.654	35.645	35.6329	35.605	35.587	35.5742	35.5905	35.5676	35.5548	35.5263	35.5083	35.5162	35.5029	35.4694	35.4324	35.4463	35.4358	35.3844	35.369	35.3501	35.2963	35.3007	35.2815	35.2267	35.1819	35.1375	35.1398	35.1448	35.0106	34.9395	35.0065	35.0186	34.8608	34.889	34.9298
AeC01062_CKDL210012719-1a-AK7758-AK10343_HF5TCDSX2_L1_fastp	36.3508	36.3172	36.4034	36.4432	36.4994	36.5109	36.4478	36.4886	36.4773	36.458	36.4984	36.4734	36.4602	36.4534	36.4549	36.4483	36.4591	36.4332	36.4327	36.3947	36.4373	36.4123	36.4075	36.3904	36.3612	36.3428	36.324	36.3345	36.3291	36.3017	36.295	36.2998	36.2891	36.2846	36.2631	36.2672	36.2544	36.2423	36.2389	36.2225	36.2269	36.2294	36.1845	36.1899	35.7765	36.0788	36.1787	35.8451	35.8063	36.1029	35.8763	35.8926	36.0541	36.062	35.7929	35.8802	35.7382	35.9178	35.761	35.6637	35.9845	35.7454	35.601	35.7673	35.8775	35.5829	35.7977	35.7273	35.6728	35.5586	35.7431	35.8755	35.9234	35.9591	35.9603	35.9452	35.9494	35.9569	35.9257	35.9435	35.9292	35.9273	35.8945	35.9081	35.9217	35.9065	35.8887	35.861	35.8285	35.8475	35.8629	35.8282	35.7956	35.7673	35.7858	35.8018	35.7621	35.7632	35.7612	35.7566	35.7486	35.733	35.7325	35.7508	35.7441	35.7236	35.6797	35.683	35.6895	35.6807	35.6603	35.6785	35.6377	35.641	35.6271	35.6153	35.6113	35.5971	35.5654	35.5452	35.5331	35.5478	35.5225	35.512	35.4859	35.4698	35.4736	35.4588	35.4228	35.3821	35.3964	35.3935	35.3401	35.3157	35.3009	35.2446	35.2439	35.2215	35.1644	35.121	35.0751	35.074	35.0715	34.9331	34.8674	34.9284	34.9376	34.7808	34.8099	34.8445
AeC01063_CKDL210012719-1a-AK7078-AK10343_HF5TCDSX2_L1_fastp	36.3346	36.302	36.3919	36.433	36.4935	36.5061	36.4431	36.4825	36.4722	36.4534	36.4918	36.4692	36.4591	36.4483	36.4515	36.4443	36.4556	36.4239	36.4304	36.3918	36.4303	36.4119	36.4104	36.3909	36.3615	36.3398	36.3199	36.3308	36.3283	36.299	36.2974	36.3053	36.291	36.2854	36.2673	36.2673	36.2533	36.2452	36.2436	36.2324	36.1781	36.2163	36.1904	36.1812	35.6066	36.1265	36.1759	35.7064	35.6591	36.0726	35.754	35.7868	36.0297	36.0061	35.6442	35.7707	35.5673	35.8306	35.5948	35.4744	35.9384	35.6073	35.4	35.6542	35.8141	35.3935	35.7047	35.6143	35.539	35.4158	35.6488	35.817	35.8956	35.946	35.9538	35.9402	35.9441	35.956	35.9299	35.9422	35.9329	35.93	35.901	35.9082	35.9283	35.9173	35.8947	35.8704	35.8371	35.8601	35.8763	35.8417	35.81	35.7807	35.8008	35.8196	35.78	35.7805	35.7815	35.7772	35.7688	35.754	35.7551	35.7649	35.7652	35.7435	35.7019	35.7021	35.7051	35.699	35.6816	35.6962	35.6569	35.6607	35.6502	35.6279	35.6244	35.6065	35.584	35.5612	35.5544	35.5616	35.5453	35.5245	35.5022	35.4789	35.4881	35.4695	35.4394	35.3968	35.4109	35.3984	35.3501	35.3282	35.3088	35.2505	35.2534	35.2277	35.1725	35.1266	35.081	35.0764	35.0801	34.9454	34.875	34.9375	34.947	34.7908	34.8104	34.8495
AeC01064_CKDL210012719-1a-AK9143-AK10343_HF5TCDSX2_L1_fastp	36.2878	36.2767	36.3673	36.4142	36.4792	36.493	36.4246	36.4671	36.4619	36.4397	36.482	36.4565	36.4415	36.434	36.4365	36.4307	36.4443	36.4167	36.4166	36.3764	36.4219	36.3925	36.3885	36.3724	36.3383	36.3181	36.3011	36.3107	36.3038	36.2792	36.271	36.2806	36.2669	36.2578	36.2494	36.2426	36.2285	36.2182	36.2143	36.2066	36.1953	36.1909	36.1651	36.1604	35.8418	36.144	36.1506	35.8964	35.8575	36.0873	35.8978	35.9131	36.0298	36.0407	35.8287	35.8965	35.7843	35.9132	35.8009	35.7195	35.9567	35.7678	35.6599	35.774	35.8523	35.64	35.8042	35.7506	35.7073	35.567	35.7329	35.8413	35.8802	35.9089	35.9052	35.8867	35.8886	35.8952	35.8652	35.8745	35.8611	35.8563	35.8232	35.8388	35.8541	35.8317	35.8136	35.7866	35.7558	35.7718	35.7897	35.7523	35.7226	35.6906	35.7038	35.7262	35.6827	35.6846	35.683	35.6818	35.6745	35.653	35.6562	35.6739	35.6677	35.6421	35.6043	35.606	35.6118	35.6038	35.5857	35.6059	35.5631	35.5655	35.5597	35.5493	35.5435	35.5291	35.5045	35.4865	35.4775	35.4934	35.4762	35.467	35.4425	35.4258	35.4363	35.427	35.3957	35.3596	35.3798	35.3764	35.3303	35.3125	35.2987	35.2447	35.2562	35.2383	35.1882	35.1505	35.1092	35.1109	35.1118	34.988	34.9239	34.9908	35.0077	34.8508	34.8879	34.9213
AeC01065_CKDL210012719-1a-5UDI225-AK10343_HF5TCDSX2_L1_fastp	36.1233	36.1722	36.2767	36.3438	36.4313	36.4535	36.3851	36.4299	36.4271	36.4035	36.4499	36.4262	36.411	36.4031	36.4055	36.4007	36.4173	36.387	36.3842	36.3419	36.3869	36.363	36.3573	36.3336	36.2997	36.2801	36.2601	36.2654	36.2673	36.2331	36.2236	36.2325	36.2214	36.2098	36.1953	36.1961	36.1706	36.1597	36.1389	36.1421	36.1338	36.1237	36.0908	36.0851	35.6697	36.0631	36.0819	36.0083	35.9981	36.0565	35.9606	35.9925	35.9937	36.0279	35.9148	35.9498	35.8566	35.8831	35.8712	35.7252	35.9097	35.8267	35.6884	35.7254	35.82	35.686	35.7665	35.579	35.5191	35.4757	35.6412	35.7542	35.7752	35.7993	35.7862	35.7623	35.7579	35.7634	35.7321	35.7451	35.7266	35.7247	35.6899	35.694	35.7113	35.6955	35.6753	35.6416	35.6068	35.6262	35.6401	35.6007	35.5728	35.5365	35.5528	35.5669	35.528	35.5271	35.5248	35.5228	35.5124	35.4927	35.4989	35.5123	35.503	35.4873	35.4402	35.4437	35.4452	35.4453	35.4219	35.4477	35.4056	35.4128	35.4043	35.3888	35.3943	35.3855	35.3549	35.3419	35.3392	35.3528	35.3539	35.346	35.33	35.3196	35.3443	35.3429	35.3211	35.2926	35.3293	35.3345	35.3003	35.2987	35.3002	35.2564	35.2879	35.2869	35.2483	35.2303	35.2013	35.2244	35.2364	35.127	35.0888	35.1723	35.1966	35.0662	35.118	35.1611
AeC01066_CKDL210012719-1a-AK9144-AK10343_HF5TCDSX2_L1_fastp	36.2246	36.2356	36.3306	36.3937	36.4659	36.4848	36.4254	36.4665	36.4552	36.4381	36.4787	36.4563	36.4484	36.4377	36.4435	36.4343	36.4428	36.4116	36.419	36.3761	36.4197	36.3988	36.3915	36.3734	36.3375	36.3219	36.3007	36.3085	36.3029	36.2716	36.2699	36.2642	36.2606	36.2358	36.233	36.2306	36.2164	36.1997	36.197	36.0967	36.1543	36.1475	36.1283	36.1197	35.3421	36.0801	36.1295	35.9773	35.9922	36.0932	35.9728	36.0199	36.0371	36.0588	35.8919	35.963	35.7942	35.8416	35.817	35.5777	35.9438	35.8003	35.5363	35.6492	35.8436	35.554	35.7056	35.3818	35.2813	35.3304	35.5616	35.7423	35.8014	35.8378	35.8402	35.8244	35.8238	35.8315	35.8069	35.8143	35.8013	35.7974	35.7654	35.7778	35.7954	35.7748	35.7543	35.7287	35.6954	35.7145	35.7306	35.6907	35.6606	35.6264	35.6427	35.6619	35.6236	35.6207	35.6236	35.6148	35.6082	35.5891	35.5919	35.6089	35.6077	35.5797	35.542	35.5463	35.5452	35.544	35.5214	35.5435	35.4992	35.5105	35.5067	35.493	35.4861	35.4772	35.4516	35.4445	35.4344	35.4563	35.4461	35.4442	35.4248	35.4148	35.4385	35.4295	35.4138	35.3847	35.4185	35.4226	35.3849	35.3836	35.3841	35.3437	35.364	35.3617	35.3244	35.3055	35.2774	35.295	35.3077	35.2018	35.1582	35.238	35.2591	35.1288	35.1781	35.2203
AeC01067_CKDL210012719-1a-AK3911-AK10343_HF5TCDSX2_L1_fastp	36.3704	36.3346	36.4099	36.4495	36.5073	36.5167	36.4477	36.4889	36.4799	36.4588	36.5008	36.4733	36.461	36.4543	36.4558	36.4487	36.4607	36.4358	36.432	36.3947	36.439	36.4116	36.4086	36.3895	36.3618	36.3411	36.3235	36.336	36.334	36.3052	36.2963	36.3059	36.2937	36.2872	36.2605	36.2784	36.2603	36.2506	36.2472	36.2405	36.2332	36.2341	36.1944	36.1981	35.8963	36.1787	36.197	35.9267	35.8873	36.1304	35.9386	35.9459	36.0744	36.0935	35.8731	35.9309	35.8329	35.9716	35.8499	35.778	36.0191	35.8204	35.7231	35.8355	35.9204	35.7016	35.8596	35.8145	35.7719	35.6535	35.8181	35.925	35.9603	35.9889	35.9861	35.9703	35.9694	35.9745	35.9485	35.9584	35.9464	35.9456	35.9115	35.923	35.9423	35.9281	35.9026	35.8795	35.8519	35.867	35.8858	35.8502	35.8185	35.7845	35.8037	35.8209	35.783	35.7846	35.7842	35.7773	35.7706	35.7528	35.7566	35.7658	35.7656	35.7419	35.6994	35.7008	35.7043	35.6982	35.6757	35.6948	35.6501	35.6481	35.6383	35.6217	35.6136	35.5937	35.5634	35.5422	35.5263	35.5357	35.51	35.491	35.4596	35.4322	35.4366	35.4063	35.3678	35.3151	35.3232	35.3049	35.2469	35.2181	35.1833	35.1128	35.105	35.0671	35.0055	34.9429	34.8826	34.8734	34.8508	34.7085	34.6302	34.6724	34.6672	34.5013	34.5138	34.5339
AeC01068_CKDL210012719-1a-5UDI245-AK10343_HF5TCDSX2_L1_fastp	36.3415	36.3095	36.3939	36.4354	36.493	36.5064	36.4374	36.4828	36.4728	36.4532	36.4931	36.4685	36.4523	36.4482	36.4475	36.4425	36.4553	36.4239	36.429	36.3891	36.4345	36.4055	36.4043	36.3904	36.3573	36.3385	36.3175	36.3293	36.3244	36.2945	36.2925	36.3001	36.2884	36.2843	36.2704	36.2455	36.2538	36.2392	36.2359	36.2285	36.2074	36.2037	36.1916	36.1856	35.8373	36.1759	36.1791	35.8184	35.7705	36.0711	35.7956	35.8207	36.0153	35.9714	35.7362	35.814	35.7086	35.8822	35.7213	35.661	35.926	35.6984	35.6039	35.7393	35.8087	35.5914	35.7813	35.7666	35.7286	35.5324	35.717	35.8391	35.9004	35.9416	35.9472	35.9363	35.9398	35.9444	35.922	35.9299	35.922	35.9153	35.8854	35.895	35.9143	35.8977	35.8758	35.85	35.8213	35.8386	35.8561	35.8216	35.7879	35.7586	35.7755	35.7919	35.7532	35.7519	35.752	35.7486	35.7383	35.7194	35.723	35.7319	35.7328	35.7074	35.6627	35.6643	35.6649	35.6584	35.6376	35.6519	35.6088	35.6099	35.5986	35.5863	35.578	35.5595	35.5232	35.5009	35.4835	35.497	35.4674	35.4481	35.4163	35.3842	35.3856	35.3615	35.3224	35.2651	35.2752	35.2494	35.1895	35.1522	35.1196	35.0557	35.0365	34.9988	34.9301	34.8722	34.8023	34.785	34.7661	34.6219	34.5382	34.5762	34.5676	34.3953	34.4009	34.415
AeC01069_CKDL210012719-1a-AK8593-AK10343_HF5TCDSX2_L1_fastp	36.331	36.3061	36.3959	36.4375	36.4953	36.5084	36.4463	36.4853	36.472	36.4518	36.4916	36.4701	36.4571	36.4485	36.4528	36.4446	36.4547	36.434	36.4301	36.3903	36.432	36.4095	36.4083	36.3903	36.3581	36.3376	36.3227	36.3324	36.3249	36.2958	36.295	36.3007	36.2888	36.2882	36.272	36.2689	36.2507	36.2438	36.2428	36.2344	36.2073	36.2005	36.1822	36.1746	35.666	36.1608	36.1776	35.8278	35.7652	36.0953	35.8437	35.8824	36.0617	36.0478	35.736	35.8395	35.6627	35.8782	35.6825	35.567	35.9743	35.6735	35.4938	35.7093	35.8612	35.4808	35.7423	35.6431	35.5729	35.5029	35.7193	35.8666	35.9206	35.9563	35.953	35.94	35.9415	35.9492	35.9231	35.9352	35.9174	35.9181	35.8858	35.8981	35.9141	35.8993	35.8818	35.8575	35.8261	35.8431	35.8614	35.8271	35.7964	35.7637	35.7829	35.8022	35.7678	35.7648	35.7685	35.7631	35.7592	35.7403	35.745	35.7572	35.757	35.7358	35.6962	35.6988	35.7079	35.6989	35.6796	35.6989	35.6573	35.6648	35.6606	35.6462	35.6399	35.6269	35.6014	35.5852	35.5799	35.5954	35.5785	35.5664	35.5415	35.5267	35.5363	35.5208	35.4909	35.4521	35.473	35.4713	35.424	35.4101	35.3915	35.3408	35.3404	35.3235	35.2704	35.2337	35.1931	35.1896	35.1917	35.0625	35.0002	35.064	35.0747	34.9158	34.9501	34.9829
AeC01070_CKDL210012719-1a-5UDI294-AK4236_HF5TCDSX2_L1_fastp	36.3384	36.3134	36.3948	36.4357	36.4938	36.5025	36.4448	36.4802	36.4721	36.4541	36.4917	36.4658	36.4569	36.4469	36.4511	36.4419	36.4512	36.4264	36.4269	36.3885	36.4326	36.4087	36.4035	36.3838	36.3528	36.3304	36.3117	36.3186	36.317	36.2899	36.2866	36.2907	36.2767	36.2654	36.2364	36.2541	36.2425	36.2368	36.2201	36.2152	36.2101	36.1621	36.1578	36.161	35.5453	36.1337	36.1668	35.9893	35.9747	36.1294	35.9964	36.0371	36.0822	36.1038	35.9077	35.9874	35.8136	35.9043	35.8407	35.6524	36.0033	35.8332	35.6023	35.737	35.9091	35.5976	35.7819	35.5604	35.4749	35.4837	35.6953	35.8549	35.9039	35.9373	35.9367	35.9232	35.9241	35.9306	35.9062	35.9148	35.9044	35.9038	35.8737	35.8876	35.9054	35.8849	35.8683	35.8431	35.8107	35.828	35.8472	35.8139	35.7826	35.7533	35.7677	35.7882	35.7511	35.7484	35.749	35.7472	35.7383	35.7233	35.7256	35.7418	35.7372	35.7163	35.676	35.6811	35.6869	35.6806	35.6596	35.678	35.6369	35.6446	35.6402	35.6283	35.6242	35.6135	35.5884	35.5705	35.5673	35.5861	35.5696	35.563	35.5447	35.5267	35.5473	35.542	35.5162	35.4796	35.509	35.5096	35.4742	35.4617	35.4576	35.4136	35.4325	35.4181	35.377	35.3469	35.3134	35.3259	35.3378	35.2144	35.1662	35.2421	35.2584	35.1157	35.156	35.2029
AeC01071_CKDL210012719-1a-AK9146-AK4236_HF5TCDSX2_L1_fastp	36.3572	36.3204	36.3989	36.4409	36.4966	36.506	36.4422	36.4794	36.4761	36.4516	36.4912	36.4662	36.45	36.4449	36.4441	36.4433	36.4523	36.4224	36.4257	36.3886	36.4326	36.4087	36.4037	36.3878	36.3566	36.3332	36.3176	36.3312	36.3209	36.2959	36.2958	36.3017	36.2898	36.2893	36.2724	36.2556	36.2558	36.2473	36.2313	36.2387	36.2162	36.2127	36.1959	36.1929	35.7569	36.1813	36.1869	35.6879	35.6326	36.0233	35.7153	35.6849	35.9236	35.9286	35.611	35.7034	35.5945	35.7796	35.6065	35.5538	35.8847	35.5815	35.4935	35.6416	35.7679	35.4859	35.6816	35.692	35.663	35.4709	35.6605	35.8057	35.8828	35.941	35.9628	35.9562	35.9611	35.9743	35.9473	35.9606	35.952	35.9478	35.9186	35.9323	35.9498	35.9334	35.9139	35.8871	35.8543	35.8725	35.8885	35.851	35.8162	35.7907	35.8043	35.8172	35.7781	35.7781	35.7717	35.7634	35.7554	35.7306	35.7329	35.7435	35.7392	35.713	35.6685	35.6685	35.666	35.6526	35.6299	35.641	35.5954	35.5944	35.5824	35.5599	35.5455	35.5224	35.4863	35.458	35.4363	35.4362	35.4046	35.3767	35.3392	35.3004	35.2912	35.2592	35.207	35.1432	35.137	35.1038	35.0325	34.9859	34.9438	34.8652	34.8382	34.7861	34.7019	34.6285	34.5559	34.5215	34.4924	34.3341	34.2426	34.2694	34.2428	34.0733	34.0658	34.0696
AeC01072_CKDL210012719-1a-AK5577-AK4236_HF5TCDSX2_L1_fastp	36.3549	36.3246	36.4033	36.4447	36.4973	36.508	36.4448	36.4844	36.4752	36.4567	36.4951	36.4659	36.4577	36.4453	36.4524	36.442	36.4518	36.4289	36.4289	36.3894	36.4289	36.4049	36.4	36.382	36.3487	36.3262	36.3113	36.3247	36.3129	36.2884	36.2809	36.2917	36.2795	36.2745	36.2577	36.2571	36.2379	36.2252	36.2219	36.1723	36.1931	36.1724	36.1673	36.1644	35.6695	36.1394	36.1635	36.0887	36.0845	36.1447	36.0536	36.0882	36.0929	36.1179	36.0057	36.0459	35.9392	35.9623	35.9519	35.7907	36.0207	35.9279	35.7643	35.8099	35.9382	35.7735	35.8541	35.6167	35.5484	35.5744	35.7528	35.8786	35.9166	35.9338	35.928	35.9092	35.9121	35.9157	35.8871	35.8997	35.888	35.8846	35.8522	35.8655	35.8841	35.8586	35.8425	35.8185	35.7901	35.8056	35.8247	35.7915	35.7618	35.7311	35.7444	35.7659	35.73	35.729	35.7286	35.7239	35.7172	35.6988	35.7029	35.7166	35.7223	35.6986	35.6578	35.6613	35.6637	35.6638	35.6434	35.6598	35.6208	35.6238	35.622	35.6057	35.6053	35.5979	35.57	35.5604	35.5529	35.5728	35.5582	35.5524	35.5354	35.5256	35.5396	35.5363	35.5141	35.4845	35.5096	35.5156	35.4803	35.4737	35.4685	35.429	35.4466	35.4338	35.3927	35.3678	35.3372	35.3528	35.3642	35.2485	35.1981	35.2708	35.2885	35.1577	35.1957	35.2393
AeC01073_CKDL210012719-1a-5UDI301-AK4234_HF5TCDSX2_L1_fastp	36.3616	36.3175	36.398	36.4439	36.4983	36.5084	36.4421	36.4753	36.467	36.4487	36.4911	36.4674	36.4574	36.4514	36.4514	36.4458	36.4517	36.4267	36.4273	36.387	36.4326	36.4099	36.4068	36.3889	36.3521	36.3413	36.3242	36.338	36.3291	36.3013	36.3038	36.3162	36.2996	36.297	36.2739	36.2807	36.2625	36.2433	36.2429	36.2437	36.2397	36.2365	36.1768	36.1943	35.6606	36.1654	36.1911	35.8395	35.8231	36.1139	35.8516	35.9476	36.0926	36.0682	35.7921	35.8924	35.6853	35.9122	35.7161	35.5782	35.9859	35.7345	35.5121	35.7449	35.8718	35.51	35.7999	35.6792	35.5928	35.4569	35.69	35.8559	35.9295	35.9756	35.9814	35.9717	35.9719	35.9811	35.952	35.9618	35.9553	35.9569	35.9239	35.9402	35.9557	35.9391	35.9192	35.8942	35.8616	35.8783	35.8952	35.8601	35.8372	35.8025	35.8243	35.8418	35.7988	35.8006	35.7968	35.7868	35.7817	35.7619	35.7694	35.785	35.7852	35.7639	35.718	35.7228	35.7209	35.7157	35.6909	35.7112	35.6703	35.6767	35.668	35.6493	35.6449	35.6329	35.6002	35.5875	35.57	35.5827	35.5634	35.548	35.5248	35.5083	35.5143	35.4987	35.4651	35.4244	35.4399	35.4349	35.3821	35.3646	35.3481	35.2921	35.2979	35.2788	35.2186	35.1723	35.1272	35.13	35.1323	34.9956	34.9308	34.9865	35.0006	34.8426	34.8741	34.9128
AeC01074_CKDL210012719-1a-AK7758-AK4234_HF5TCDSX2_L1_fastp	36.3673	36.3336	36.4086	36.4507	36.5039	36.5151	36.4478	36.4863	36.473	36.4504	36.4939	36.4703	36.4562	36.4483	36.4541	36.4455	36.4554	36.432	36.4297	36.3885	36.4315	36.4092	36.4025	36.3869	36.356	36.3365	36.3209	36.3295	36.3263	36.2981	36.2963	36.2969	36.287	36.2812	36.2582	36.2614	36.2443	36.2377	36.2324	36.2181	36.2251	36.226	36.1757	36.1855	35.7689	36.0724	36.1733	35.823	35.7888	36.0926	35.8607	35.8871	36.0533	36.0522	35.7737	35.8605	35.7101	35.9004	35.7342	35.6407	35.9732	35.725	35.5774	35.7517	35.8686	35.5599	35.7769	35.7066	35.6514	35.5351	35.729	35.8649	35.9202	35.957	35.9585	35.944	35.9428	35.944	35.9163	35.9297	35.9171	35.9161	35.8815	35.9	35.9146	35.8977	35.8752	35.8464	35.8125	35.8266	35.8474	35.8123	35.7783	35.7478	35.7638	35.7874	35.7427	35.7386	35.7356	35.731	35.7197	35.6997	35.7052	35.7143	35.7178	35.692	35.649	35.6501	35.6553	35.6423	35.618	35.6334	35.5906	35.5936	35.5839	35.5688	35.5598	35.5439	35.5104	35.4929	35.476	35.4869	35.4582	35.4457	35.416	35.3908	35.4003	35.3795	35.338	35.2905	35.3055	35.2911	35.2332	35.2063	35.1872	35.1251	35.122	35.0936	35.0274	34.9782	34.9271	34.9197	34.9154	34.773	34.6979	34.7564	34.7621	34.5957	34.6164	34.6521
AeC01075_CKDL210012719-1a-AK7078-AK4234_HF5TCDSX2_L1_fastp	36.3504	36.3131	36.3982	36.4429	36.4997	36.5094	36.4408	36.481	36.471	36.4474	36.4921	36.4674	36.4546	36.4465	36.4485	36.4445	36.4549	36.425	36.4245	36.3862	36.4296	36.4064	36.4041	36.3878	36.3558	36.3362	36.3159	36.3307	36.3243	36.2967	36.2943	36.3035	36.29	36.2821	36.2666	36.2671	36.2538	36.2411	36.2395	36.2334	36.1908	36.2169	36.1907	36.1857	35.7302	36.1424	36.1759	35.8003	35.7576	36.0933	35.831	35.8756	36.0592	36.0397	35.7465	35.8471	35.6713	35.8966	35.7006	35.5956	35.9682	35.6998	35.5349	35.736	35.858	35.5183	35.7709	35.6903	35.627	35.5024	35.7118	35.8627	35.9253	35.9699	35.9728	35.9582	35.9596	35.9637	35.9349	35.9459	35.9376	35.9377	35.9089	35.9232	35.9418	35.9221	35.9037	35.8719	35.8426	35.8604	35.8752	35.8422	35.8127	35.7856	35.7996	35.8222	35.7805	35.7764	35.7737	35.7647	35.7607	35.7438	35.7466	35.76	35.7583	35.7348	35.6917	35.6956	35.6968	35.6877	35.6644	35.684	35.6377	35.6427	35.6329	35.617	35.6063	35.5971	35.5647	35.5403	35.5265	35.5357	35.5153	35.5004	35.4675	35.4464	35.4585	35.436	35.3982	35.3523	35.3661	35.3538	35.299	35.271	35.2517	35.1931	35.1888	35.1643	35.1028	35.0525	35.0052	34.9947	34.9968	34.8557	34.788	34.8381	34.848	34.6853	34.7112	34.7449
AeC01076_CKDL210012719-1a-AK9143-AK4234_HF5TCDSX2_L1_fastp	36.3249	36.3014	36.3884	36.4326	36.491	36.5012	36.4282	36.4748	36.4636	36.4386	36.4839	36.4578	36.4428	36.4374	36.4418	36.4333	36.4473	36.4203	36.4185	36.3811	36.4225	36.3975	36.3937	36.3769	36.3445	36.3259	36.3077	36.3188	36.314	36.2852	36.2834	36.2932	36.2788	36.2677	36.2619	36.2565	36.242	36.2326	36.2312	36.2189	36.2155	36.2089	36.1779	36.1814	35.8492	36.1641	36.1703	35.9004	35.8566	36.105	35.9077	35.9312	36.0579	36.0613	35.8386	35.9099	35.7905	35.9299	35.8091	35.7266	35.9871	35.7884	35.6747	35.8003	35.8879	35.6541	35.8254	35.7703	35.7266	35.5873	35.7633	35.8807	35.9267	35.9544	35.9505	35.9362	35.9362	35.9435	35.9109	35.9217	35.913	35.9066	35.8803	35.8919	35.909	35.8944	35.8757	35.842	35.81	35.8267	35.8479	35.8102	35.7773	35.749	35.7694	35.7883	35.749	35.7444	35.7436	35.7323	35.729	35.7108	35.7164	35.732	35.7289	35.7063	35.6667	35.6627	35.6695	35.6575	35.6391	35.6595	35.612	35.6192	35.609	35.5942	35.5878	35.5744	35.5414	35.5213	35.5077	35.5173	35.5028	35.4843	35.4581	35.4354	35.4404	35.4246	35.388	35.3415	35.3543	35.3408	35.2901	35.2707	35.2454	35.1918	35.1881	35.1608	35.0969	35.0471	35.0002	34.9932	34.9906	34.8494	34.7766	34.8321	34.8373	34.6799	34.7068	34.7366
AeC01077_CKDL210012719-1a-5UDI225-AK4234_HF5TCDSX2_L1_fastp	36.3368	36.3138	36.3896	36.4369	36.4956	36.5085	36.4352	36.4786	36.4676	36.442	36.4883	36.4632	36.4525	36.4426	36.4479	36.4404	36.4518	36.426	36.4199	36.3837	36.4258	36.4005	36.3983	36.3819	36.3453	36.33	36.3091	36.3173	36.3163	36.2909	36.2858	36.2934	36.2819	36.2739	36.2626	36.2619	36.2394	36.2319	36.2137	36.2208	36.2163	36.2079	36.1771	36.1774	35.8078	36.1563	36.1753	36.1097	36.0939	36.1562	36.0715	36.1045	36.1085	36.1351	36.0353	36.0678	35.9748	36.0065	35.9954	35.8616	36.0428	35.9657	35.8375	35.8764	35.9631	35.8284	35.9077	35.7318	35.6765	35.6432	35.8087	35.9217	35.9442	35.9661	35.9593	35.9379	35.9339	35.9396	35.9073	35.9207	35.9063	35.9046	35.8782	35.8924	35.9076	35.8936	35.8756	35.8433	35.8094	35.827	35.8462	35.812	35.7833	35.7572	35.7733	35.7951	35.7526	35.7537	35.7517	35.7451	35.7402	35.7245	35.7331	35.7481	35.7472	35.7271	35.6855	35.6889	35.6957	35.6872	35.6706	35.6866	35.6489	35.6582	35.656	35.6448	35.6444	35.6343	35.6071	35.5908	35.5823	35.6057	35.5919	35.589	35.5739	35.5628	35.5825	35.5772	35.5518	35.5229	35.5538	35.5595	35.5227	35.5167	35.5117	35.4729	35.49	35.4875	35.4457	35.422	35.3901	35.402	35.4141	35.2976	35.2483	35.3241	35.3407	35.2074	35.2456	35.2894
AeC01078_CKDL210012719-1a-AK9144-AK4234_HF5TCDSX2_L1_fastp	36.3075	36.2941	36.3802	36.4292	36.4914	36.5026	36.4405	36.479	36.4668	36.4447	36.4896	36.4653	36.4555	36.4476	36.4525	36.4436	36.4512	36.4238	36.4255	36.3847	36.4277	36.4035	36.4015	36.3829	36.3475	36.3271	36.3084	36.319	36.3138	36.2863	36.2866	36.2809	36.2766	36.2519	36.2511	36.2477	36.233	36.2207	36.2221	36.1302	36.1781	36.1712	36.1522	36.1582	35.5565	36.1251	36.1561	36.0325	36.04	36.1305	36.0227	36.0672	36.0798	36.1062	35.9619	36.0163	35.8779	35.9233	35.8934	35.7036	36.0007	35.8787	35.6686	35.7591	35.9099	35.6746	35.8042	35.5473	35.4605	35.4713	35.6814	35.8313	35.8811	35.9147	35.9115	35.8957	35.8907	35.8988	35.866	35.8797	35.8655	35.8684	35.8375	35.853	35.8696	35.8487	35.8318	35.8012	35.7673	35.7848	35.8033	35.7662	35.7372	35.707	35.7274	35.7458	35.7073	35.7024	35.7032	35.6956	35.6881	35.6746	35.6774	35.693	35.6942	35.6706	35.6305	35.632	35.6376	35.6269	35.6087	35.6274	35.586	35.5972	35.5901	35.5773	35.5776	35.5669	35.5403	35.5264	35.5182	35.5376	35.5243	35.5189	35.5027	35.495	35.5118	35.5075	35.4841	35.4532	35.4847	35.4876	35.4472	35.4454	35.437	35.4004	35.4213	35.4164	35.3746	35.3493	35.3148	35.331	35.3427	35.226	35.1806	35.2541	35.2756	35.138	35.1856	35.228
AeC01079_CKDL210012719-1a-AK3911-AK4234_HF5TCDSX2_L1_fastp	36.346	36.3116	36.3972	36.4429	36.4995	36.5105	36.4399	36.4827	36.4723	36.448	36.4911	36.4667	36.4557	36.4463	36.4512	36.4443	36.4561	36.4298	36.427	36.3877	36.4312	36.4085	36.4017	36.3868	36.3516	36.336	36.3189	36.3299	36.3234	36.2975	36.2965	36.2957	36.287	36.2729	36.235	36.2672	36.2464	36.2416	36.2379	36.2309	36.2279	36.2203	36.1573	36.181	35.7066	36.1497	36.1784	35.7284	35.678	36.0736	35.7981	35.7862	36.0153	36.0202	35.6829	35.7745	35.6274	35.8461	35.6414	35.5652	35.9526	35.6326	35.4986	35.6883	35.8365	35.4766	35.7058	35.6543	35.6022	35.492	35.6988	35.8491	35.9136	35.9552	35.9587	35.9432	35.9455	35.9531	35.9268	35.9376	35.9246	35.9259	35.8936	35.9103	35.9305	35.9087	35.8887	35.8621	35.8276	35.844	35.861	35.8251	35.7954	35.7676	35.7838	35.8017	35.7621	35.7607	35.7563	35.7484	35.7413	35.7236	35.7268	35.7391	35.7407	35.717	35.6743	35.6724	35.6725	35.6621	35.6438	35.6585	35.6138	35.6186	35.6076	35.593	35.5809	35.5699	35.5329	35.5117	35.4951	35.5068	35.4808	35.4657	35.4353	35.4122	35.416	35.3969	35.3527	35.3054	35.3171	35.2977	35.2403	35.2119	35.1867	35.1219	35.1192	35.0879	35.021	34.969	34.9122	34.9025	34.8913	34.7503	34.6754	34.7285	34.7299	34.5605	34.5806	34.6079
AeC01080_CKDL210012719-1a-5UDI245-AK4234_HF5TCDSX2_L1_fastp	36.3564	36.3185	36.4014	36.4438	36.5013	36.5114	36.442	36.4813	36.473	36.4491	36.4927	36.469	36.4521	36.4475	36.451	36.4454	36.4567	36.4212	36.4302	36.3911	36.4321	36.4062	36.4066	36.3909	36.3577	36.3412	36.3219	36.3369	36.3264	36.3051	36.3005	36.3111	36.297	36.2937	36.2763	36.2472	36.2599	36.2483	36.248	36.2397	36.2153	36.2077	36.1958	36.1964	35.785	36.1795	36.1827	35.74	35.6852	36.055	35.7351	35.7608	36.0058	35.9287	35.6605	35.7564	35.6284	35.8399	35.639	35.5836	35.9054	35.6291	35.5251	35.6899	35.7811	35.5118	35.7366	35.726	35.6808	35.48	35.6792	35.8238	35.8979	35.9515	35.9621	35.9531	35.9554	35.9624	35.9363	35.9485	35.9363	35.9339	35.9064	35.9206	35.9389	35.9196	35.9001	35.871	35.8365	35.8532	35.8695	35.8351	35.8036	35.7723	35.7898	35.8082	35.7665	35.7628	35.7556	35.749	35.741	35.7198	35.7282	35.7407	35.7348	35.7141	35.6673	35.6679	35.6664	35.656	35.6326	35.6493	35.5997	35.6057	35.5951	35.5769	35.565	35.546	35.513	35.4864	35.4694	35.4733	35.4446	35.4256	35.3896	35.3613	35.3597	35.3336	35.2886	35.2328	35.2342	35.2109	35.1441	35.1091	35.0717	34.9974	34.985	34.9406	34.8662	34.8058	34.7364	34.7105	34.6892	34.5374	34.4516	34.4874	34.4719	34.3029	34.3094	34.3172
AeC01081_CKDL210012719-1a-AK8593-AK4234_HF5TCDSX2_L1_fastp	36.3596	36.3193	36.3988	36.4477	36.4999	36.51	36.4482	36.4809	36.471	36.4521	36.4922	36.4695	36.4634	36.4521	36.4584	36.4486	36.4586	36.4322	36.4327	36.3923	36.4357	36.4126	36.4116	36.3945	36.3621	36.3448	36.3266	36.3394	36.3301	36.3011	36.3051	36.315	36.3002	36.3009	36.2824	36.2796	36.2622	36.258	36.2554	36.2483	36.2131	36.1967	36.1733	36.1859	35.5014	36.1608	36.1887	35.7008	35.6232	36.0773	35.7533	35.8066	36.0615	36.0153	35.606	35.7406	35.5028	35.8113	35.522	35.3905	35.9556	35.5498	35.3097	35.6114	35.8232	35.2987	35.6535	35.5219	35.4312	35.3927	35.6578	35.8424	35.9239	35.9724	35.9787	35.9668	35.9688	35.978	35.949	35.9582	35.9523	35.9523	35.9215	35.9359	35.9572	35.9373	35.9194	35.8909	35.8571	35.8708	35.8892	35.8563	35.8269	35.7945	35.8122	35.8288	35.7916	35.7879	35.7852	35.7787	35.77	35.7489	35.7547	35.7666	35.7657	35.7462	35.6998	35.7054	35.7052	35.6969	35.6753	35.6911	35.6456	35.6541	35.6449	35.6302	35.6273	35.6094	35.5805	35.5597	35.5451	35.5566	35.5364	35.5205	35.4962	35.4749	35.4836	35.4664	35.4313	35.3872	35.3986	35.3865	35.3358	35.3133	35.2923	35.235	35.2345	35.2126	35.149	35.1031	35.0543	35.0525	35.0484	34.9106	34.8379	34.8988	34.9092	34.7494	34.7697	34.8064
AeC01082_CKDL210012719-1a-5UDI294-AK10343_HF5TCDSX2_L1_fastp	36.3348	36.3029	36.3927	36.4358	36.4945	36.5061	36.443	36.4846	36.4762	36.4568	36.4956	36.473	36.461	36.4505	36.4543	36.4499	36.4566	36.4349	36.4343	36.3949	36.4383	36.4124	36.4112	36.3912	36.3584	36.3418	36.3246	36.3277	36.3287	36.2981	36.2958	36.3059	36.2902	36.2837	36.2529	36.2687	36.2604	36.2525	36.2362	36.229	36.2234	36.1927	36.1812	36.1817	35.6393	36.1559	36.1845	36.0204	36.0056	36.1441	36.025	36.0645	36.1018	36.124	35.9413	36.0209	35.8672	35.9496	35.8909	35.7158	36.029	35.8761	35.6697	35.7869	35.9401	35.6648	35.8336	35.6381	35.5632	35.5464	35.7477	35.8878	35.9347	35.9597	35.9632	35.9465	35.9482	35.9557	35.924	35.9404	35.9254	35.9229	35.8936	35.9058	35.9256	35.9064	35.8923	35.8626	35.8352	35.8552	35.8696	35.8314	35.8044	35.773	35.7876	35.8086	35.7734	35.7763	35.7754	35.7693	35.7651	35.747	35.7539	35.7639	35.7623	35.7405	35.7021	35.7069	35.7107	35.7058	35.6892	35.7095	35.6641	35.6718	35.6675	35.653	35.6525	35.6395	35.6148	35.5993	35.5939	35.6119	35.6028	35.5928	35.5748	35.56	35.5784	35.571	35.548	35.5109	35.5422	35.5421	35.5078	35.4942	35.4929	35.4542	35.4624	35.46	35.4156	35.3879	35.3564	35.366	35.3788	35.2572	35.2082	35.2804	35.3039	35.1663	35.2002	35.2444
AeC01083_CKDL210012719-1a-AK9146-AK10343_HF5TCDSX2_L1_fastp	36.3441	36.3072	36.3918	36.4353	36.4933	36.5045	36.4471	36.4789	36.473	36.4541	36.4954	36.471	36.4541	36.4482	36.4485	36.4444	36.449	36.421	36.4343	36.3896	36.4319	36.413	36.4084	36.3875	36.3599	36.3407	36.3231	36.3396	36.3298	36.2978	36.301	36.307	36.2943	36.3006	36.2846	36.2578	36.2617	36.2551	36.2301	36.2458	36.2207	36.2199	36.2001	36.1966	35.5973	36.1836	36.1941	35.4873	35.4142	35.9577	35.5514	35.4903	35.8419	35.829	35.4062	35.5329	35.3867	35.6497	35.3996	35.3529	35.81	35.3984	35.2839	35.4921	35.6645	35.272	35.542	35.5663	35.5361	35.3182	35.5406	35.721	35.8355	35.9199	35.9525	35.9579	35.9651	35.9851	35.9614	35.9759	35.9672	35.9647	35.9398	35.9516	35.9707	35.954	35.9371	35.9132	35.8812	35.8944	35.9135	35.8772	35.8476	35.8214	35.8377	35.8536	35.8112	35.8101	35.8078	35.8026	35.8006	35.7791	35.7774	35.7923	35.7894	35.7612	35.7211	35.7186	35.7195	35.711	35.6887	35.7009	35.6615	35.6616	35.6508	35.6269	35.6115	35.6009	35.5681	35.5393	35.5234	35.5246	35.5007	35.4758	35.4422	35.4115	35.4055	35.3794	35.3336	35.2813	35.2816	35.2542	35.1923	35.1524	35.1151	35.0432	35.0257	34.9837	34.9119	34.8411	34.7755	34.75	34.7303	34.5861	34.5011	34.5333	34.5082	34.3439	34.345	34.3483
AeC01084_CKDL210012719-1a-AK5577-AK10343_HF5TCDSX2_L1_fastp	36.3474	36.3108	36.4005	36.4427	36.4986	36.5096	36.4484	36.488	36.4776	36.4594	36.4976	36.4739	36.4663	36.4542	36.46	36.4498	36.457	36.4353	36.4346	36.3967	36.4396	36.4158	36.4108	36.3936	36.3609	36.3407	36.3241	36.3367	36.3274	36.3013	36.2959	36.306	36.2939	36.293	36.2766	36.2745	36.2559	36.2404	36.24	36.1848	36.21	36.1931	36.1831	36.1814	35.6092	36.1563	36.1882	36.1023	36.0959	36.1657	36.0785	36.1125	36.1154	36.1463	36.0283	36.0694	35.9558	35.9749	35.9704	35.7897	36.0527	35.9546	35.7649	35.8197	35.9685	35.7818	35.8637	35.5924	35.5183	35.5759	35.7646	35.9025	35.9449	35.9668	35.9649	35.9493	35.9489	35.9572	35.9292	35.9382	35.9284	35.9277	35.8985	35.9097	35.9252	35.9103	35.8916	35.8668	35.8363	35.8546	35.8716	35.8344	35.8066	35.7769	35.792	35.8156	35.7793	35.7794	35.782	35.7759	35.7737	35.754	35.7624	35.7769	35.7734	35.7532	35.7152	35.717	35.7262	35.7243	35.7046	35.7265	35.6827	35.6877	35.6826	35.6757	35.6706	35.6657	35.6378	35.6247	35.6194	35.6385	35.6269	35.6171	35.606	35.5948	35.6119	35.6073	35.5839	35.5576	35.5841	35.5849	35.5512	35.5481	35.5375	35.5027	35.5194	35.5112	35.4714	35.443	35.4113	35.4225	35.439	35.3235	35.2762	35.345	35.3678	35.2353	35.273	35.3145
AeC01085_CKDL210012719-1a-5UDI301-GD06_HF5TCDSX2_L1_fastp	36.3841	36.3381	36.4068	36.4472	36.5004	36.5104	36.4485	36.4836	36.4788	36.4597	36.4953	36.4745	36.464	36.4554	36.4565	36.4511	36.4608	36.4357	36.4363	36.3964	36.4417	36.4199	36.4169	36.4008	36.3696	36.3514	36.3371	36.3515	36.3428	36.3183	36.3159	36.3278	36.314	36.3153	36.2969	36.3043	36.284	36.265	36.2675	36.2659	36.2588	36.2601	36.2049	36.2184	35.6926	36.1938	36.2226	35.8879	35.8684	36.1528	35.8949	35.9758	36.1196	36.1064	35.8303	35.9377	35.7458	35.9667	35.7775	35.6418	36.0319	35.7901	35.5711	35.7973	35.9217	35.5769	35.8553	35.7376	35.6632	35.5315	35.756	35.9201	35.9864	36.0303	36.037	36.025	36.026	36.0424	36.0166	36.0288	36.0195	36.0183	35.9859	36.0018	36.0176	36.0007	35.9843	35.9587	35.9317	35.9515	35.9696	35.9358	35.9045	35.8756	35.889	35.9079	35.8701	35.8688	35.8668	35.8638	35.8572	35.8392	35.8437	35.8531	35.8499	35.8263	35.7842	35.7875	35.7899	35.7814	35.7652	35.7818	35.7384	35.7399	35.7298	35.7141	35.7069	35.6912	35.6617	35.6421	35.6288	35.6402	35.6182	35.6052	35.5768	35.5546	35.5612	35.5422	35.5091	35.461	35.476	35.4692	35.4169	35.3949	35.3784	35.3177	35.3174	35.2951	35.2317	35.1886	35.1393	35.1384	35.1359	35.0022	34.9292	34.9865	35.0015	34.8359	34.8634	34.9067
AeC01086_CKDL210012719-1a-AK7758-GD06_HF5TCDSX2_L1_fastp	36.35	36.3241	36.3971	36.4393	36.4935	36.5045	36.44	36.4802	36.4677	36.4475	36.4882	36.4628	36.4528	36.4422	36.4488	36.4401	36.4499	36.4227	36.4215	36.3816	36.4254	36.4013	36.3978	36.3796	36.3456	36.3258	36.3071	36.3203	36.3104	36.2826	36.2779	36.2791	36.2715	36.2658	36.2396	36.2486	36.2307	36.222	36.2172	36.2	36.2025	36.2008	36.1523	36.1589	35.6735	36.0287	36.154	35.7481	35.716	36.0594	35.7954	35.8105	36.0082	36.0102	35.6884	35.7946	35.6304	35.8496	35.6533	35.5547	35.9335	35.6448	35.4816	35.677	35.814	35.4652	35.7119	35.6409	35.5743	35.4645	35.6688	35.8159	35.8738	35.9153	35.9172	35.9058	35.9068	35.9136	35.8881	35.8973	35.8883	35.8844	35.8501	35.8588	35.8749	35.858	35.8358	35.806	35.7773	35.796	35.8123	35.7784	35.7441	35.7107	35.724	35.7431	35.701	35.7004	35.6978	35.6935	35.6843	35.6665	35.6671	35.6779	35.6751	35.6504	35.6027	35.605	35.6079	35.5987	35.5795	35.5943	35.5484	35.554	35.5437	35.5239	35.5144	35.4998	35.467	35.4451	35.429	35.4427	35.4216	35.4089	35.3778	35.3508	35.3569	35.3365	35.2972	35.2533	35.2685	35.2587	35.2007	35.1783	35.1577	35.0995	35.0953	35.0735	35.0085	34.9589	34.9139	34.9069	34.9001	34.7681	34.6943	34.7534	34.7597	34.5989	34.624	34.6557
AeC01087_CKDL210012719-1a-AK7078-GD06_HF5TCDSX2_L1_fastp	36.3041	36.2791	36.3686	36.417	36.4782	36.4895	36.4258	36.4685	36.4588	36.4399	36.481	36.4548	36.4436	36.434	36.4373	36.4306	36.4407	36.4097	36.4141	36.3751	36.419	36.3947	36.3911	36.3759	36.341	36.3221	36.3009	36.3145	36.3061	36.279	36.2736	36.2804	36.2674	36.2625	36.2459	36.2496	36.2334	36.2216	36.2199	36.2111	36.1507	36.1874	36.1648	36.1542	35.607	36.1058	36.1511	35.7059	35.6562	36.0534	35.7412	35.7767	36.0064	35.9839	35.6331	35.7611	35.5675	35.8263	35.5879	35.4746	35.9168	35.5939	35.3971	35.6363	35.7852	35.3854	35.6868	35.6005	35.5238	35.396	35.6252	35.792	35.8645	35.9115	35.9182	35.9064	35.9117	35.9201	35.8981	35.9084	35.8954	35.8957	35.8644	35.8784	35.8904	35.8725	35.8547	35.8275	35.7989	35.8208	35.8379	35.8013	35.7676	35.7359	35.7487	35.7695	35.7317	35.7285	35.7325	35.7264	35.7185	35.7038	35.7043	35.7169	35.7181	35.6958	35.6509	35.6481	35.6528	35.6497	35.631	35.6431	35.6051	35.6101	35.6006	35.5822	35.5795	35.5619	35.5345	35.5193	35.5038	35.521	35.5032	35.488	35.4645	35.4435	35.4523	35.4389	35.4051	35.3638	35.3851	35.3808	35.3306	35.309	35.2971	35.2375	35.2414	35.2247	35.1664	35.1285	35.0872	35.0848	35.0954	34.9575	34.8951	34.9567	34.9693	34.8176	34.8545	34.8884
AeC01088_CKDL210012719-1a-AK9143-GD06_HF5TCDSX2_L1_fastp	36.3127	36.2951	36.3761	36.4196	36.4813	36.4938	36.4273	36.4676	36.462	36.4421	36.4829	36.4551	36.4419	36.4353	36.4367	36.4311	36.442	36.415	36.4132	36.3735	36.4193	36.3919	36.3901	36.3719	36.3425	36.3194	36.3036	36.3125	36.307	36.2756	36.273	36.2809	36.2676	36.2576	36.2519	36.2466	36.2288	36.2223	36.2197	36.2063	36.1976	36.1849	36.1557	36.1567	35.715	36.1364	36.1548	35.7912	35.7311	36.064	35.8118	35.8174	36.0006	36.0044	35.7074	35.8091	35.6581	35.8561	35.6809	35.5911	35.9273	35.6615	35.5159	35.6841	35.8087	35.5033	35.725	35.6684	35.6127	35.4744	35.6679	35.8098	35.8646	35.9051	35.9032	35.8902	35.8895	35.9025	35.8747	35.8894	35.8745	35.8728	35.8386	35.85	35.8654	35.8436	35.8292	35.8022	35.7678	35.7878	35.8052	35.7675	35.7375	35.7033	35.7159	35.7383	35.6952	35.6964	35.6932	35.6909	35.6824	35.6618	35.6659	35.6786	35.6748	35.6506	35.6056	35.6089	35.6084	35.6028	35.5843	35.6001	35.5552	35.5579	35.5523	35.5365	35.5304	35.5148	35.4818	35.464	35.4536	35.4691	35.4496	35.4366	35.4062	35.3874	35.398	35.3788	35.3447	35.301	35.3203	35.3093	35.2569	35.2377	35.2207	35.161	35.1607	35.142	35.0842	35.0414	34.9947	34.9964	34.9945	34.8617	34.7917	34.852	34.8654	34.7071	34.7339	34.7688
AeC01089_CKDL210012719-1a-5UDI225-GD06_HF5TCDSX2_L1_fastp	36.3452	36.3186	36.3967	36.4367	36.492	36.5012	36.4367	36.4778	36.469	36.4501	36.4917	36.4656	36.4531	36.4446	36.4484	36.4408	36.4506	36.4268	36.4227	36.3828	36.4282	36.4034	36.399	36.3807	36.3456	36.3273	36.3092	36.3189	36.3179	36.2879	36.28	36.2903	36.28	36.2716	36.2583	36.2612	36.2418	36.2297	36.2119	36.2155	36.2103	36.1953	36.1703	36.1658	35.7557	36.1494	36.1725	36.1068	36.0923	36.1525	36.0643	36.0967	36.0976	36.129	36.0227	36.0605	35.9672	36.0002	35.9871	35.8437	36.0362	35.9527	35.808	35.8544	35.9496	35.8104	35.8931	35.6987	35.6446	35.6245	35.7937	35.9064	35.9335	35.9533	35.9475	35.9252	35.9277	35.9326	35.9061	35.9181	35.9068	35.9023	35.8698	35.881	35.8963	35.8806	35.8586	35.8345	35.8062	35.8223	35.8422	35.8096	35.7752	35.7487	35.7628	35.7827	35.746	35.7458	35.7443	35.7448	35.7394	35.7206	35.7303	35.739	35.741	35.7145	35.6781	35.6814	35.684	35.6812	35.6636	35.6853	35.642	35.6533	35.6449	35.6341	35.6286	35.6174	35.5922	35.5794	35.5756	35.5922	35.5824	35.578	35.5572	35.5502	35.5661	35.5578	35.5349	35.5075	35.5356	35.5395	35.5078	35.4992	35.4931	35.4559	35.4726	35.4634	35.4262	35.3959	35.3647	35.3791	35.3902	35.2761	35.2266	35.2976	35.316	35.1786	35.2139	35.2547
AeC01090_CKDL210012719-1a-AK9144-GD06_HF5TCDSX2_L1_fastp	36.3804	36.3418	36.4174	36.4556	36.5107	36.5192	36.4512	36.4955	36.4858	36.463	36.5018	36.4791	36.4651	36.4583	36.4599	36.4537	36.4663	36.4419	36.4366	36.3991	36.443	36.4161	36.4118	36.3965	36.3654	36.3446	36.3291	36.3387	36.3378	36.308	36.3029	36.3061	36.2961	36.2875	36.2766	36.2767	36.2646	36.2541	36.2513	36.2104	36.2256	36.22	36.2022	36.1967	35.8762	36.1856	36.1994	36.1183	36.108	36.1768	36.0857	36.1211	36.1282	36.1527	36.0487	36.0889	36.0009	36.0493	36.0243	35.8986	36.0671	35.9867	35.8602	35.9151	35.986	35.8523	35.9443	35.8076	35.7535	35.6958	35.8553	35.9574	35.9768	35.9951	35.9866	35.9684	35.9662	35.9723	35.9489	35.9614	35.9494	35.9463	35.9161	35.9265	35.9446	35.9239	35.9069	35.8796	35.8526	35.8725	35.8911	35.8573	35.8276	35.7996	35.8131	35.8315	35.7913	35.7964	35.7959	35.7932	35.7909	35.7707	35.7773	35.7904	35.7897	35.7669	35.7268	35.7305	35.7353	35.7307	35.7114	35.7315	35.6898	35.6983	35.6892	35.6765	35.6721	35.6627	35.6343	35.6194	35.6137	35.6311	35.6151	35.6096	35.5897	35.5751	35.5922	35.5841	35.5585	35.5249	35.5536	35.5553	35.5149	35.5081	35.4997	35.4556	35.4706	35.4615	35.4172	35.3863	35.3525	35.3608	35.3706	35.2511	35.1969	35.2693	35.2839	35.1406	35.1774	35.2193
AeC01091_CKDL210012719-1a-AK3911-GD06_HF5TCDSX2_L1_fastp	36.3794	36.3313	36.4113	36.4479	36.5009	36.5065	36.4434	36.4861	36.4767	36.4554	36.4989	36.4692	36.4556	36.449	36.4525	36.4443	36.4549	36.4326	36.4268	36.3887	36.4374	36.4091	36.4046	36.3895	36.3592	36.3362	36.3224	36.336	36.3314	36.3039	36.2993	36.3009	36.2915	36.285	36.256	36.2768	36.2594	36.2548	36.2534	36.2436	36.237	36.2333	36.1901	36.1979	35.8455	36.1798	36.2015	35.8767	35.8348	36.1236	35.9036	35.8999	36.0632	36.0831	35.8199	35.895	35.7866	35.951	35.8021	35.7292	36.0136	35.7761	35.6693	35.8064	35.9133	35.6498	35.8322	35.7833	35.7444	35.6277	35.8082	35.9275	35.9733	36.004	35.9989	35.9888	35.9884	35.9992	35.9746	35.9838	35.9753	35.9715	35.9397	35.9545	35.9709	35.9525	35.9376	35.9099	35.8795	35.8971	35.9207	35.8847	35.8549	35.8241	35.8356	35.8547	35.8175	35.8161	35.8158	35.8145	35.8073	35.7864	35.7911	35.8047	35.8009	35.7763	35.7338	35.7367	35.7388	35.7312	35.7098	35.726	35.6822	35.6872	35.6724	35.6527	35.6415	35.6238	35.5865	35.5623	35.5511	35.5528	35.5251	35.5075	35.471	35.441	35.4402	35.4132	35.3636	35.313	35.3178	35.2968	35.2282	35.1954	35.1579	35.0855	35.0721	35.0349	34.9586	34.895	34.8327	34.8154	34.7989	34.6428	34.5596	34.6054	34.5963	34.4255	34.4314	34.4482
AeC01092_CKDL210012719-1a-5UDI245-GD06_HF5TCDSX2_L1_fastp	36.3683	36.3317	36.403	36.4432	36.4968	36.5045	36.4411	36.4821	36.4727	36.4511	36.4929	36.4665	36.4509	36.4447	36.4462	36.4414	36.4523	36.4195	36.4265	36.3896	36.4322	36.4061	36.4025	36.3847	36.3535	36.3346	36.3196	36.333	36.3235	36.2975	36.2926	36.3024	36.2897	36.287	36.2704	36.248	36.259	36.2421	36.2428	36.2381	36.2066	36.2029	36.1939	36.1877	35.824	36.1805	36.1866	35.8026	35.7546	36.0744	35.7841	35.8036	36.0117	35.9655	35.7206	35.8052	35.6959	35.8824	35.7071	35.6507	35.9299	35.6866	35.5889	35.7333	35.8103	35.5788	35.7794	35.7681	35.7268	35.5393	35.7228	35.851	35.9123	35.9581	35.9653	35.9537	35.9585	35.9673	35.9412	35.9542	35.9439	35.9426	35.9101	35.9212	35.9372	35.9196	35.8991	35.872	35.8458	35.8627	35.8776	35.8448	35.8097	35.7774	35.7928	35.8117	35.7675	35.7663	35.7647	35.7592	35.7521	35.732	35.7339	35.7447	35.7389	35.7114	35.6681	35.6678	35.6688	35.6622	35.6406	35.6493	35.607	35.6073	35.5924	35.5687	35.5582	35.5394	35.5024	35.4793	35.4558	35.4598	35.4356	35.408	35.3716	35.3349	35.3308	35.3024	35.2517	35.1887	35.1877	35.1632	35.0928	35.054	35.0098	34.933	34.9136	34.8691	34.7892	34.7187	34.6547	34.6172	34.5965	34.4417	34.3523	34.3802	34.3672	34.1899	34.1912	34.1994
AeC01094_CKDL210012719-1a-5UDI294-AK4234_HF5TCDSX2_L1_fastp	36.3475	36.3111	36.3985	36.4421	36.4989	36.5089	36.443	36.4828	36.4716	36.4518	36.4922	36.4658	36.4597	36.4517	36.456	36.4504	36.4582	36.4327	36.4315	36.3914	36.4359	36.4133	36.409	36.3916	36.359	36.3417	36.3221	36.3274	36.331	36.3016	36.3	36.3077	36.2938	36.2831	36.2525	36.2712	36.2607	36.2548	36.2373	36.236	36.2284	36.1881	36.1695	36.1884	35.6018	36.156	36.1878	36.0126	35.9987	36.1511	36.0279	36.0718	36.1086	36.1331	35.9431	36.0202	35.8539	35.9429	35.8766	35.695	36.0382	35.8732	35.6491	35.7813	35.9481	35.6457	35.8228	35.6092	35.5259	35.5305	35.7413	35.8951	35.9439	35.9782	35.9788	35.962	35.9611	35.969	35.9388	35.9473	35.9403	35.9352	35.9098	35.9269	35.9425	35.9231	35.9094	35.8784	35.8452	35.8645	35.8812	35.8489	35.82	35.7921	35.8082	35.8311	35.7925	35.7881	35.7855	35.7812	35.775	35.7555	35.7637	35.7766	35.7812	35.7562	35.718	35.7187	35.721	35.7133	35.6958	35.7151	35.6718	35.6809	35.6749	35.6625	35.6608	35.6489	35.6209	35.6051	35.6005	35.6157	35.6006	35.5898	35.5752	35.5623	35.5798	35.5671	35.5468	35.5122	35.5379	35.538	35.4993	35.4911	35.4874	35.4421	35.4563	35.4459	35.4025	35.3696	35.335	35.3472	35.3605	35.2352	35.1766	35.2572	35.2751	35.1355	35.1705	35.218
AeC01095_CKDL210012719-1a-AK9146-AK4234_HF5TCDSX2_L1_fastp	36.3343	36.3028	36.3895	36.4397	36.4954	36.5055	36.4502	36.4742	36.4701	36.4495	36.4895	36.4692	36.4547	36.4521	36.4525	36.4504	36.4532	36.4139	36.4335	36.3884	36.4325	36.418	36.4141	36.395	36.3616	36.3439	36.3244	36.3388	36.3257	36.301	36.3066	36.3095	36.2988	36.3092	36.2846	36.2418	36.2615	36.2563	36.2161	36.2494	36.2119	36.1993	36.1716	36.1874	35.3268	36.1627	36.1754	35.1122	35.0095	35.8197	35.2354	35.1297	35.6869	35.6221	35.0187	35.2009	34.9966	35.3794	35.0092	34.9688	35.6296	35.0213	34.8798	35.1859	35.4555	34.8792	35.2536	35.3215	35.2852	35.008	35.2927	35.5336	35.711	35.8428	35.9012	35.9206	35.937	35.9549	35.9334	35.9506	35.9443	35.9465	35.9215	35.9349	35.9556	35.9391	35.9231	35.8956	35.8636	35.878	35.8979	35.8655	35.839	35.8083	35.8261	35.8445	35.8079	35.8021	35.8008	35.7951	35.7883	35.7667	35.7712	35.7848	35.7853	35.7642	35.7217	35.7213	35.7231	35.7124	35.691	35.7052	35.6634	35.6668	35.6566	35.6398	35.6341	35.6176	35.5867	35.561	35.5451	35.5493	35.5281	35.508	35.4783	35.4518	35.4509	35.4267	35.3832	35.3337	35.3356	35.3146	35.2528	35.2214	35.1872	35.1196	35.1061	35.0691	34.9983	34.9421	34.8777	34.857	34.8409	34.6941	34.6185	34.6518	34.6336	34.4738	34.48	34.4851
AeC01096_CKDL210012719-1a-AK5577-AK4234_HF5TCDSX2_L1_fastp	36.3556	36.3232	36.4014	36.4507	36.5012	36.5115	36.4535	36.4837	36.4732	36.458	36.4959	36.4744	36.471	36.4569	36.4637	36.4549	36.4594	36.4354	36.4377	36.3988	36.4387	36.4231	36.4143	36.3991	36.3655	36.3498	36.3319	36.3436	36.333	36.309	36.3102	36.3207	36.3053	36.3019	36.2859	36.2833	36.2606	36.2473	36.2441	36.1518	36.2013	36.1768	36.1718	36.19	35.4034	36.1492	36.197	36.0969	36.095	36.1761	36.084	36.1222	36.1315	36.1541	36.0242	36.0741	35.9205	35.9381	35.9386	35.7025	36.0558	35.9436	35.6886	35.7615	35.9746	35.7155	35.8173	35.4314	35.3317	35.4802	35.7063	35.8801	35.9394	35.9759	35.9779	35.965	35.9628	35.9722	35.9426	35.9583	35.9474	35.9465	35.9251	35.9372	35.9537	35.9364	35.9186	35.894	35.8602	35.8763	35.8941	35.8647	35.8349	35.8099	35.8309	35.8466	35.8139	35.8109	35.8104	35.8047	35.8009	35.7818	35.7914	35.8026	35.8073	35.7833	35.7489	35.7474	35.7526	35.748	35.7289	35.748	35.7052	35.7137	35.7108	35.7051	35.7012	35.6905	35.6637	35.646	35.6381	35.6571	35.6421	35.6368	35.6194	35.6097	35.6264	35.6147	35.597	35.5692	35.5908	35.5965	35.5576	35.5521	35.5433	35.5022	35.5229	35.5072	35.4684	35.4427	35.4102	35.4178	35.429	35.3151	35.2625	35.3273	35.3481	35.2134	35.2488	35.2902
