[2021-07-16 15:59:33,004] multiqc                                            [DEBUG  ]  No MultiQC config found: /opt/conda/lib/python3.7/site-packages/multiqc_config.yaml
[2021-07-16 15:59:33,004] multiqc                                            [DEBUG  ]  No MultiQC config found: /home/r3clark/.multiqc_config.yaml
[2021-07-16 15:59:33,005] multiqc                                            [DEBUG  ]  No MultiQC config found: multiqc_config.yaml
[2021-07-16 15:59:33,005] multiqc                                            [DEBUG  ]  Command used: /opt/conda/bin/multiqc . -n ./1st_fastp_report
[2021-07-16 15:59:33,708] multiqc                                            [WARNING]  MultiQC Version v1.11 now available!
[2021-07-16 15:59:33,708] multiqc                                            [INFO   ]  This is MultiQC v1.9
[2021-07-16 15:59:33,708] multiqc                                            [DEBUG  ]  Command     : /opt/conda/bin/multiqc . -n ./1st_fastp_report
[2021-07-16 15:59:33,708] multiqc                                            [DEBUG  ]  Working dir : /home/r3clark/PIRE/pire_cssl_data_processing/atherinomorus_endrachtensis/fq_fp1
[2021-07-16 15:59:33,709] multiqc                                            [INFO   ]  Template    : default
[2021-07-16 15:59:33,709] multiqc                                            [DEBUG  ]  Running Python 3.7.7 (default, Jun 26 2020, 05:10:03)  [GCC 7.3.0]
[2021-07-16 15:59:33,709] multiqc                                            [INFO   ]  Searching   : /home/r3clark/PIRE/pire_cssl_data_processing/atherinomorus_endrachtensis/fq_fp1
[2021-07-16 15:59:33,710] multiqc                                            [DEBUG  ]  Analysing modules: custom_content, conpair, peddy, somalier, methylQA, mosdepth, phantompeakqualtools, qualimap, preseq, quast, qorts, rna_seqc, rockhopper, rsem, rseqc, busco, goleft_indexcov, disambiguate, supernova, deeptools, sargasso, verifybamid, mirtrace, happy, mirtop, homer, macs2, theta2, snpeff, gatk, htseq, bcftools, featureCounts, fgbio, dragen, dedup, damageprofiler, biobambam2, mtnucratio, picard, prokka, samblaster, samtools, sexdeterrmine, bamtools, jellyfish, vcftools, longranger, stacks, varscan2, bbmap, bismark, biscuit, hicexplorer, hicup, hicpro, salmon, kallisto, slamdunk, star, hisat2, tophat, bowtie2, bowtie1, snpsplit, kat, leehom, adapterRemoval, clipandmerge, cutadapt, flexbar, kaiju, kraken, malt, trimmomatic, sickle, skewer, sortmerna, biobloomtools, fastq_screen, afterqc, fastp, fastqc, pycoqc, minionqc, multivcfanalyzer, clusterflow, bcl2fastq, interop, ivar, flash, seqyclean
[2021-07-16 15:59:33,710] multiqc                                            [DEBUG  ]  Using temporary directory for creating report: /tmp/tmp19bxj0es
[2021-07-16 15:59:33,959] multiqc                                            [DEBUG  ]  Ignoring file as matched an ignore pattern: AeC01003_CKDL210012719-1a-AK7078-AK533_HF5TCDSX2_L1_fastp.html
[2021-07-16 15:59:33,960] multiqc                                            [DEBUG  ]  Ignoring file as matched an ignore pattern: AeC01033_CKDL210012719-1a-AK8593-AK8488_HF5TCDSX2_L1_fastp.html
[2021-07-16 15:59:33,960] multiqc                                            [DEBUG  ]  Ignoring file as matched an ignore pattern: AeA01019_CKDL210012719-1a-AK7761-AK1864_HF5TCDSX2_L1_r1.fq.gz
[2021-07-16 15:59:33,960] multiqc                                            [DEBUG  ]  Ignoring file as matched an ignore pattern: AeA01033_CKDL210012719-1a-AK9142-7UDI214_HF5TCDSX2_L1_fastp.html
[2021-07-16 15:59:33,960] multiqc                                            [DEBUG  ]  Ignoring file as matched an ignore pattern: AeC01084_CKDL210012719-1a-AK5577-AK10343_HF5TCDSX2_L1_r2.fq.gz
[2021-07-16 15:59:33,961] multiqc                                            [DEBUG  ]  Ignoring file as matched an ignore pattern: AeA01020_CKDL210012719-1a-AK7761-AK7558_HF5TCDSX2_L1_r1.fq.gz
[2021-07-16 15:59:33,961] multiqc                                            [DEBUG  ]  Ignoring file as matched an ignore pattern: AeC01095_CKDL210012719-1a-AK9146-AK4234_HF5TCDSX2_L1_r1.fq.gz
[2021-07-16 15:59:33,961] multiqc                                            [DEBUG  ]  Ignoring file as matched an ignore pattern: AeA01027_CKDL210012719-1a-5UDI298-AK1864_HF5TCDSX2_L1_fastp.html
[2021-07-16 15:59:33,961] multiqc                                            [DEBUG  ]  Ignoring file as matched an ignore pattern: AeA01022_CKDL210012719-1a-AK7761-AK2587_HF5TCDSX2_L1_fastp.html
[2021-07-16 15:59:33,963] multiqc                                            [DEBUG  ]  Ignoring file as matched an ignore pattern: AeC01062_CKDL210012719-1a-AK7758-AK10343_HF5TCDSX2_L1_fastp.html
[2021-07-16 15:59:33,963] multiqc                                            [DEBUG  ]  Ignoring file as matched an ignore pattern: AeC01022_CKDL210012719-1a-5UDI294-AK533_HF5TCDSX2_L1_r2.fq.gz
[2021-07-16 15:59:33,964] multiqc                                            [DEBUG  ]  Ignoring file as matched an ignore pattern: AeA01021_CKDL210012719-1a-AK7761-7UDI308_HF5TCDSX2_L1_r2.fq.gz
[2021-07-16 15:59:33,964] multiqc                                            [DEBUG  ]  Ignoring file as matched an ignore pattern: AeC01009_CKDL210012719-1a-AK8593-AK533_HF5TCDSX2_L1_r2.fq.gz
[2021-07-16 15:59:33,964] multiqc                                            [DEBUG  ]  Ignoring file as matched an ignore pattern: AeC01042_CKDL210012719-1a-AK9144-GC06_HF5TCDSX2_L1_fastp.html
[2021-07-16 15:59:33,964] multiqc                                            [DEBUG  ]  Ignoring file as matched an ignore pattern: AeC01041_CKDL210012719-1a-5UDI225-GC06_HF5TCDSX2_L1_r1.fq.gz
[2021-07-16 15:59:33,964] multiqc                                            [DEBUG  ]  Ignoring file as matched an ignore pattern: AeC01065_CKDL210012719-1a-5UDI225-AK10343_HF5TCDSX2_L1_r2.fq.gz
[2021-07-16 15:59:33,965] multiqc                                            [DEBUG  ]  Ignoring file as matched an ignore pattern: AeC01016_CKDL210012719-1a-AK9143-AK7557_HF5TCDSX2_L1_fastp.html
[2021-07-16 15:59:33,965] multiqc                                            [DEBUG  ]  Ignoring file as matched an ignore pattern: AeA01030_CKDL210012719-1a-5UDI298-AK2587_HF5TCDSX2_L1_r1.fq.gz
[2021-07-16 15:59:33,965] multiqc                                            [DEBUG  ]  Ignoring file as matched an ignore pattern: AeC01044_CKDL210012719-1a-5UDI245-GC06_HF5TCDSX2_L1_r2.fq.gz
[2021-07-16 15:59:33,965] multiqc                                            [DEBUG  ]  Ignoring file as matched an ignore pattern: AeA01060_CKDL210012719-1a-AK7759-AK7558_HF5TCDSX2_L1_r1.fq.gz
[2021-07-16 15:59:33,968] multiqc                                            [DEBUG  ]  Ignoring file as matched an ignore pattern: AeA01019_CKDL210012719-1a-AK7761-AK1864_HF5TCDSX2_L1_fastp.html
[2021-07-16 15:59:33,969] multiqc                                            [DEBUG  ]  Ignoring file as matched an ignore pattern: AeC01021_CKDL210012719-1a-AK8593-AK7557_HF5TCDSX2_L1_r2.fq.gz
[2021-07-16 15:59:33,969] multiqc                                            [DEBUG  ]  Ignoring file as matched an ignore pattern: AeC01072_CKDL210012719-1a-AK5577-AK4236_HF5TCDSX2_L1_r2.fq.gz
[2021-07-16 15:59:33,969] multiqc                                            [DEBUG  ]  Ignoring file as matched an ignore pattern: AeA01004_CKDL210012719-1a-AK9141-AK7558_HF5TCDSX2_L1_r2.fq.gz
[2021-07-16 15:59:33,970] multiqc                                            [DEBUG  ]  Ignoring file as matched an ignore pattern: AeC01006_CKDL210012719-1a-AK9144-AK533_HF5TCDSX2_L1_r2.fq.gz
[2021-07-16 15:59:33,971] multiqc                                            [DEBUG  ]  Ignoring file as matched an ignore pattern: AeA01049_CKDL210012719-1a-AK8587-7UDI214_HF5TCDSX2_L1_fastp.html
[2021-07-16 15:59:33,971] multiqc                                            [DEBUG  ]  Ignoring file as matched an ignore pattern: AeC01076_CKDL210012719-1a-AK9143-AK4234_HF5TCDSX2_L1_r2.fq.gz
[2021-07-16 15:59:33,971] multiqc                                            [DEBUG  ]  Ignoring file as matched an ignore pattern: AeA01032_CKDL210012719-1a-5UDI298-7UDI246_HF5TCDSX2_L1_fastp.html
[2021-07-16 15:59:33,972] multiqc                                            [DEBUG  ]  Ignoring file as matched an ignore pattern: AeC01031_CKDL210012719-1a-AK3911-AK8488_HF5TCDSX2_L1_fastp.html
[2021-07-16 15:59:33,972] multiqc                                            [DEBUG  ]  Ignoring file as matched an ignore pattern: AeA01029_CKDL210012719-1a-5UDI298-7UDI308_HF5TCDSX2_L1_r1.fq.gz
[2021-07-16 15:59:33,972] multiqc                                            [DEBUG  ]  Ignoring file as matched an ignore pattern: AeA01055_CKDL210012719-1a-AK8587-GC12_HF5TCDSX2_L1_r2.fq.gz
[2021-07-16 15:59:33,972] multiqc                                            [DEBUG  ]  Ignoring file as matched an ignore pattern: AeA01051_CKDL210012719-1a-AK8587-AK1864_HF5TCDSX2_L1_r1.fq.gz
[2021-07-16 15:59:33,973] multiqc                                            [DEBUG  ]  Ignoring file as matched an ignore pattern: AeC01084_CKDL210012719-1a-AK5577-AK10343_HF5TCDSX2_L1_r1.fq.gz
[2021-07-16 15:59:33,974] multiqc                                            [DEBUG  ]  Ignoring file as matched an ignore pattern: AeC01049_CKDL210012719-1a-5UDI301-AK4236_HF5TCDSX2_L1_r2.fq.gz
[2021-07-16 15:59:33,974] multiqc                                            [DEBUG  ]  Ignoring file as matched an ignore pattern: AeA01021_CKDL210012719-1a-AK7761-7UDI308_HF5TCDSX2_L1_fastp.html
[2021-07-16 15:59:33,975] multiqc                                            [DEBUG  ]  Ignoring file as matched an ignore pattern: AeA01005_CKDL210012719-1a-AK9141-7UDI308_HF5TCDSX2_L1_r1.fq.gz
[2021-07-16 15:59:33,975] multiqc                                            [DEBUG  ]  Ignoring file as matched an ignore pattern: AeC01039_CKDL210012719-1a-AK7078-GC06_HF5TCDSX2_L1_fastp.html
[2021-07-16 15:59:33,975] multiqc                                            [DEBUG  ]  Ignoring file as matched an ignore pattern: AeC01045_CKDL210012719-1a-AK8593-GC06_HF5TCDSX2_L1_r1.fq.gz
[2021-07-16 15:59:33,976] multiqc                                            [DEBUG  ]  Ignoring file as matched an ignore pattern: AeA01060_CKDL210012719-1a-AK7759-AK7558_HF5TCDSX2_L1_fastp.html
[2021-07-16 15:59:33,976] multiqc                                            [DEBUG  ]  Ignoring file as matched an ignore pattern: AeA01017_CKDL210012719-1a-AK7761-7UDI214_HF5TCDSX2_L1_r2.fq.gz
[2021-07-16 15:59:33,977] multiqc                                            [DEBUG  ]  Ignoring file as matched an ignore pattern: AeC01094_CKDL210012719-1a-5UDI294-AK4234_HF5TCDSX2_L1_fastp.html
[2021-07-16 15:59:33,977] multiqc                                            [DEBUG  ]  Ignoring file as matched an ignore pattern: AeA01022_CKDL210012719-1a-AK7761-AK2587_HF5TCDSX2_L1_r1.fq.gz
[2021-07-16 15:59:33,978] multiqc                                            [DEBUG  ]  Ignoring file as matched an ignore pattern: AeC01008_CKDL210012719-1a-5UDI245-AK533_HF5TCDSX2_L1_r2.fq.gz
[2021-07-16 15:59:33,978] multiqc                                            [DEBUG  ]  Ignoring file as matched an ignore pattern: AeC01030_CKDL210012719-1a-AK9144-AK8488_HF5TCDSX2_L1_r1.fq.gz
[2021-07-16 15:59:33,978] multiqc                                            [DEBUG  ]  Ignoring file as matched an ignore pattern: AeC01059_CKDL210012719-1a-AK9146-GC06_HF5TCDSX2_L1_r1.fq.gz
[2021-07-16 15:59:33,978] multiqc                                            [DEBUG  ]  Ignoring file as matched an ignore pattern: AeA01043_CKDL210012719-1a-AK8410-AK1864_HF5TCDSX2_L1_r2.fq.gz
[2021-07-16 15:59:33,978] multiqc                                            [DEBUG  ]  Ignoring file as matched an ignore pattern: AeA01016_CKDL210012719-1a-AK3905-7UDI246_HF5TCDSX2_L1_r1.fq.gz
[2021-07-16 15:59:33,979] multiqc                                            [DEBUG  ]  Ignoring file as matched an ignore pattern: AeC01018_CKDL210012719-1a-AK9144-AK7557_HF5TCDSX2_L1_fastp.html
[2021-07-16 15:59:33,979] multiqc                                            [DEBUG  ]  Ignoring file as matched an ignore pattern: AeC01025_CKDL210012719-1a-5UDI301-AK8488_HF5TCDSX2_L1_r2.fq.gz
[2021-07-16 15:59:33,980] multiqc                                            [DEBUG  ]  Ignoring file as matched an ignore pattern: AeC01004_CKDL210012719-1a-AK9143-AK533_HF5TCDSX2_L1_r2.fq.gz
[2021-07-16 15:59:33,980] multiqc                                            [DEBUG  ]  Ignoring file as matched an ignore pattern: AeC01060_CKDL210012719-1a-AK5577-GC06_HF5TCDSX2_L1_fastp.html
[2021-07-16 15:59:33,980] multiqc                                            [DEBUG  ]  Ignoring file as matched an ignore pattern: AeA01014_CKDL210012719-1a-AK3905-AK2587_HF5TCDSX2_L1_r2.fq.gz
[2021-07-16 15:59:33,980] multiqc                                            [DEBUG  ]  Ignoring file as matched an ignore pattern: AeC01066_CKDL210012719-1a-AK9144-AK10343_HF5TCDSX2_L1_r2.fq.gz
[2021-07-16 15:59:33,980] multiqc                                            [DEBUG  ]  Ignoring file as matched an ignore pattern: AeC01051_CKDL210012719-1a-AK7078-AK4236_HF5TCDSX2_L1_r1.fq.gz
[2021-07-16 15:59:33,980] multiqc                                            [DEBUG  ]  Ignoring file as matched an ignore pattern: AeC01074_CKDL210012719-1a-AK7758-AK4234_HF5TCDSX2_L1_r1.fq.gz
[2021-07-16 15:59:33,981] multiqc                                            [DEBUG  ]  Ignoring file as matched an ignore pattern: AeC01055_CKDL210012719-1a-AK3911-AK4236_HF5TCDSX2_L1_fastp.html
[2021-07-16 15:59:33,981] multiqc                                            [DEBUG  ]  Ignoring file as matched an ignore pattern: AeA01038_CKDL210012719-1a-AK9142-AK2587_HF5TCDSX2_L1_fastp.html
[2021-07-16 15:59:33,982] multiqc                                            [DEBUG  ]  Ignoring file as matched an ignore pattern: AeA01055_CKDL210012719-1a-AK8587-GC12_HF5TCDSX2_L1_r1.fq.gz
[2021-07-16 15:59:33,983] multiqc                                            [DEBUG  ]  Ignoring file as matched an ignore pattern: AeC01038_CKDL210012719-1a-AK7758-GC06_HF5TCDSX2_L1_fastp.html
[2021-07-16 15:59:33,983] multiqc                                            [DEBUG  ]  Ignoring file as matched an ignore pattern: AeA01013_CKDL210012719-1a-AK3905-7UDI308_HF5TCDSX2_L1_r2.fq.gz
[2021-07-16 15:59:33,983] multiqc                                            [DEBUG  ]  Ignoring file as matched an ignore pattern: AeC01066_CKDL210012719-1a-AK9144-AK10343_HF5TCDSX2_L1_fastp.html
[2021-07-16 15:59:33,983] multiqc                                            [DEBUG  ]  Ignoring file as matched an ignore pattern: AeA01056_CKDL210012719-1a-AK8587-7UDI246_HF5TCDSX2_L1_fastp.html
[2021-07-16 15:59:33,983] multiqc                                            [DEBUG  ]  Ignoring file as matched an ignore pattern: AeC01014_CKDL210012719-1a-AK7758-AK7557_HF5TCDSX2_L1_r2.fq.gz
[2021-07-16 15:59:33,983] multiqc                                            [DEBUG  ]  Ignoring file as matched an ignore pattern: AeA01028_CKDL210012719-1a-5UDI298-AK7558_HF5TCDSX2_L1_r2.fq.gz
[2021-07-16 15:59:33,984] multiqc                                            [DEBUG  ]  Ignoring file as matched an ignore pattern: AeC01010_CKDL210012719-1a-AK8593-GD06_HF5TCDSX2_L1_r2.fq.gz
[2021-07-16 15:59:33,985] multiqc                                            [DEBUG  ]  Ignoring file as matched an ignore pattern: AeC01008_CKDL210012719-1a-5UDI245-AK533_HF5TCDSX2_L1_fastp.html
[2021-07-16 15:59:33,985] multiqc                                            [DEBUG  ]  Ignoring file as matched an ignore pattern: AeC01045_CKDL210012719-1a-AK8593-GC06_HF5TCDSX2_L1_fastp.html
[2021-07-16 15:59:33,985] multiqc                                            [DEBUG  ]  Ignoring file as matched an ignore pattern: AeC01082_CKDL210012719-1a-5UDI294-AK10343_HF5TCDSX2_L1_fastp.html
[2021-07-16 15:59:33,986] multiqc                                            [DEBUG  ]  Ignoring file as matched an ignore pattern: AeC01047_CKDL210012719-1a-AK9146-AK8488_HF5TCDSX2_L1_r1.fq.gz
[2021-07-16 15:59:33,987] multiqc                                            [DEBUG  ]  Ignoring file as matched an ignore pattern: AeA01015_CKDL210012719-1a-AK3905-GC12_HF5TCDSX2_L1_r2.fq.gz
[2021-07-16 15:59:33,987] multiqc                                            [DEBUG  ]  Ignoring file as matched an ignore pattern: AeA01003_CKDL210012719-1a-AK9141-AK1864_HF5TCDSX2_L1_fastp.html
[2021-07-16 15:59:33,988] multiqc                                            [DEBUG  ]  Ignoring file as matched an ignore pattern: AeA01031_CKDL210012719-1a-5UDI298-GC12_HF5TCDSX2_L1_fastp.html
[2021-07-16 15:59:33,988] multiqc                                            [DEBUG  ]  Ignoring file as matched an ignore pattern: AeA01054_CKDL210012719-1a-AK8587-AK2587_HF5TCDSX2_L1_fastp.html
[2021-07-16 15:59:33,989] multiqc                                            [DEBUG  ]  Ignoring file as matched an ignore pattern: AeA01048_CKDL210012719-1a-AK8410-7UDI246_HF5TCDSX2_L1_fastp.html
[2021-07-16 15:59:33,989] multiqc                                            [DEBUG  ]  Ignoring file as matched an ignore pattern: AeC01024_CKDL210012719-1a-AK5577-AK533_HF5TCDSX2_L1_fastp.html
[2021-07-16 15:59:33,990] multiqc                                            [DEBUG  ]  Ignoring file as matched an ignore pattern: AeC01069_CKDL210012719-1a-AK8593-AK10343_HF5TCDSX2_L1_r2.fq.gz
[2021-07-16 15:59:33,990] multiqc                                            [DEBUG  ]  Ignoring file as matched an ignore pattern: AeC01029_CKDL210012719-1a-5UDI225-AK8488_HF5TCDSX2_L1_r2.fq.gz
[2021-07-16 15:59:33,990] multiqc                                            [DEBUG  ]  Ignoring file as matched an ignore pattern: AeA01035_CKDL210012719-1a-AK9142-AK1864_HF5TCDSX2_L1_r1.fq.gz
[2021-07-16 15:59:33,990] multiqc                                            [DEBUG  ]  Ignoring file as matched an ignore pattern: AeA01040_CKDL210012719-1a-AK9142-7UDI246_HF5TCDSX2_L1_r1.fq.gz
[2021-07-16 15:59:33,990] multiqc                                            [DEBUG  ]  Ignoring file as matched an ignore pattern: AeC01090_CKDL210012719-1a-AK9144-GD06_HF5TCDSX2_L1_r2.fq.gz
[2021-07-16 15:59:33,990] multiqc                                            [DEBUG  ]  Ignoring file as matched an ignore pattern: AeC01079_CKDL210012719-1a-AK3911-AK4234_HF5TCDSX2_L1_r1.fq.gz
[2021-07-16 15:59:33,991] multiqc                                            [DEBUG  ]  Ignoring file as matched an ignore pattern: AeA01054_CKDL210012719-1a-AK8587-AK2587_HF5TCDSX2_L1_r1.fq.gz
[2021-07-16 15:59:33,991] multiqc                                            [DEBUG  ]  Ignoring file as matched an ignore pattern: AeA01019_CKDL210012719-1a-AK7761-AK1864_HF5TCDSX2_L1_r2.fq.gz
[2021-07-16 15:59:33,992] multiqc                                            [DEBUG  ]  Ignoring file as matched an ignore pattern: AeC01085_CKDL210012719-1a-5UDI301-GD06_HF5TCDSX2_L1_r1.fq.gz
[2021-07-16 15:59:33,992] multiqc                                            [DEBUG  ]  Ignoring file as matched an ignore pattern: AeC01053_CKDL210012719-1a-5UDI225-AK4236_HF5TCDSX2_L1_fastp.html
[2021-07-16 15:59:33,993] multiqc                                            [DEBUG  ]  Ignoring file as matched an ignore pattern: AeA01011_CKDL210012719-1a-AK3905-AK1864_HF5TCDSX2_L1_r1.fq.gz
[2021-07-16 15:59:33,993] multiqc                                            [DEBUG  ]  Ignoring file as matched an ignore pattern: AeA01051_CKDL210012719-1a-AK8587-AK1864_HF5TCDSX2_L1_fastp.html
[2021-07-16 15:59:33,993] multiqc                                            [DEBUG  ]  Ignoring file as matched an ignore pattern: AeC01021_CKDL210012719-1a-AK8593-AK7557_HF5TCDSX2_L1_fastp.html
[2021-07-16 15:59:33,993] multiqc                                            [DEBUG  ]  Ignoring file as matched an ignore pattern: AeA01028_CKDL210012719-1a-5UDI298-AK7558_HF5TCDSX2_L1_fastp.html
[2021-07-16 15:59:33,994] multiqc                                            [DEBUG  ]  Ignoring file as matched an ignore pattern: AeC01058_CKDL210012719-1a-5UDI294-GC06_HF5TCDSX2_L1_r1.fq.gz
[2021-07-16 15:59:33,994] multiqc                                            [DEBUG  ]  Ignoring file as matched an ignore pattern: AeA01036_CKDL210012719-1a-AK9142-AK7558_HF5TCDSX2_L1_fastp.html
[2021-07-16 15:59:33,995] multiqc                                            [DEBUG  ]  Ignoring file as matched an ignore pattern: AeC01006_CKDL210012719-1a-AK9144-AK533_HF5TCDSX2_L1_fastp.html
[2021-07-16 15:59:33,995] multiqc                                            [DEBUG  ]  Ignoring file as matched an ignore pattern: AeC01050_CKDL210012719-1a-AK7758-AK4236_HF5TCDSX2_L1_fastp.html
[2021-07-16 15:59:33,995] multiqc                                            [DEBUG  ]  Ignoring file as matched an ignore pattern: AeC01056_CKDL210012719-1a-5UDI245-AK4236_HF5TCDSX2_L1_r1.fq.gz
[2021-07-16 15:59:33,995] multiqc                                            [DEBUG  ]  Ignoring file as matched an ignore pattern: AeA01042_CKDL210012719-1a-AK8410-AK4971_HF5TCDSX2_L1_fastp.html
[2021-07-16 15:59:33,996] multiqc                                            [DEBUG  ]  Ignoring file as matched an ignore pattern: AeC01047_CKDL210012719-1a-AK9146-AK8488_HF5TCDSX2_L1_fastp.html
[2021-07-16 15:59:33,996] multiqc                                            [DEBUG  ]  Ignoring file as matched an ignore pattern: AeA01010_CKDL210012719-1a-AK3905-AK4971_HF5TCDSX2_L1_r1.fq.gz
[2021-07-16 15:59:33,997] multiqc                                            [DEBUG  ]  Ignoring file as matched an ignore pattern: AeA01052_CKDL210012719-1a-AK8587-AK7558_HF5TCDSX2_L1_fastp.html
[2021-07-16 15:59:33,997] multiqc                                            [DEBUG  ]  Ignoring file as matched an ignore pattern: AeC01083_CKDL210012719-1a-AK9146-AK10343_HF5TCDSX2_L1_r2.fq.gz
[2021-07-16 15:59:33,997] multiqc                                            [DEBUG  ]  Ignoring file as matched an ignore pattern: AeC01014_CKDL210012719-1a-AK7758-AK7557_HF5TCDSX2_L1_r1.fq.gz
[2021-07-16 15:59:33,998] multiqc                                            [DEBUG  ]  Ignoring file as matched an ignore pattern: AeC01055_CKDL210012719-1a-AK3911-AK4236_HF5TCDSX2_L1_r2.fq.gz
[2021-07-16 15:59:33,999] multiqc                                            [DEBUG  ]  Ignoring file as matched an ignore pattern: AeA01029_CKDL210012719-1a-5UDI298-7UDI308_HF5TCDSX2_L1_r2.fq.gz
[2021-07-16 15:59:33,999] multiqc                                            [DEBUG  ]  Ignoring file as matched an ignore pattern: AeC01073_CKDL210012719-1a-5UDI301-AK4234_HF5TCDSX2_L1_fastp.html
[2021-07-16 15:59:33,999] multiqc                                            [DEBUG  ]  Ignoring file as matched an ignore pattern: AeC01073_CKDL210012719-1a-5UDI301-AK4234_HF5TCDSX2_L1_r1.fq.gz
[2021-07-16 15:59:34,000] multiqc                                            [DEBUG  ]  Ignoring file as matched an ignore pattern: AeC01027_CKDL210012719-1a-AK7078-AK8488_HF5TCDSX2_L1_r2.fq.gz
[2021-07-16 15:59:34,000] multiqc                                            [DEBUG  ]  Ignoring file as matched an ignore pattern: AeC01061_CKDL210012719-1a-5UDI301-AK10343_HF5TCDSX2_L1_r2.fq.gz
[2021-07-16 15:59:34,002] multiqc                                            [DEBUG  ]  Ignoring file as matched an ignore pattern: AeC01033_CKDL210012719-1a-AK8593-AK8488_HF5TCDSX2_L1_r1.fq.gz
[2021-07-16 15:59:34,002] multiqc                                            [DEBUG  ]  Ignoring file as matched an ignore pattern: AeC01087_CKDL210012719-1a-AK7078-GD06_HF5TCDSX2_L1_r1.fq.gz
[2021-07-16 15:59:34,002] multiqc                                            [DEBUG  ]  Ignoring file as matched an ignore pattern: AeC01033_CKDL210012719-1a-AK8593-AK8488_HF5TCDSX2_L1_r2.fq.gz
[2021-07-16 15:59:34,002] multiqc                                            [DEBUG  ]  Ignoring file as matched an ignore pattern: AeA01010_CKDL210012719-1a-AK3905-AK4971_HF5TCDSX2_L1_r2.fq.gz
[2021-07-16 15:59:34,003] multiqc                                            [DEBUG  ]  Ignoring file as matched an ignore pattern: AeC01019_CKDL210012719-1a-AK3911-AK7557_HF5TCDSX2_L1_fastp.html
[2021-07-16 15:59:34,003] multiqc                                            [DEBUG  ]  Ignoring file as matched an ignore pattern: AeC01007_CKDL210012719-1a-AK3911-AK533_HF5TCDSX2_L1_r2.fq.gz
[2021-07-16 15:59:34,003] multiqc                                            [DEBUG  ]  Ignoring file as matched an ignore pattern: AeA01039_CKDL210012719-1a-AK9142-GC12_HF5TCDSX2_L1_r2.fq.gz
[2021-07-16 15:59:34,004] multiqc                                            [DEBUG  ]  Ignoring file as matched an ignore pattern: AeA01026_CKDL210012719-1a-5UDI298-AK4971_HF5TCDSX2_L1_fastp.html
[2021-07-16 15:59:34,004] multiqc                                            [DEBUG  ]  Ignoring file as matched an ignore pattern: AeA01013_CKDL210012719-1a-AK3905-7UDI308_HF5TCDSX2_L1_fastp.html
[2021-07-16 15:59:34,004] multiqc                                            [DEBUG  ]  Ignoring file as matched an ignore pattern: AeA01052_CKDL210012719-1a-AK8587-AK7558_HF5TCDSX2_L1_r1.fq.gz
[2021-07-16 15:59:34,004] multiqc                                            [DEBUG  ]  Ignoring file as matched an ignore pattern: AeC01061_CKDL210012719-1a-5UDI301-AK10343_HF5TCDSX2_L1_fastp.html
[2021-07-16 15:59:34,004] multiqc                                            [DEBUG  ]  Ignoring file as matched an ignore pattern: AeC01094_CKDL210012719-1a-5UDI294-AK4234_HF5TCDSX2_L1_r2.fq.gz
[2021-07-16 15:59:34,004] multiqc                                            [DEBUG  ]  Ignoring file as matched an ignore pattern: AeC01042_CKDL210012719-1a-AK9144-GC06_HF5TCDSX2_L1_r1.fq.gz
[2021-07-16 15:59:34,004] multiqc                                            [DEBUG  ]  Ignoring file as matched an ignore pattern: AeC01050_CKDL210012719-1a-AK7758-AK4236_HF5TCDSX2_L1_r2.fq.gz
[2021-07-16 15:59:34,005] multiqc                                            [DEBUG  ]  Ignoring file as matched an ignore pattern: AeA01050_CKDL210012719-1a-AK8587-AK4971_HF5TCDSX2_L1_r2.fq.gz
[2021-07-16 15:59:34,005] multiqc                                            [DEBUG  ]  Ignoring file as matched an ignore pattern: AeC01088_CKDL210012719-1a-AK9143-GD06_HF5TCDSX2_L1_fastp.html
[2021-07-16 15:59:34,005] multiqc                                            [DEBUG  ]  Ignoring file as matched an ignore pattern: AeC01092_CKDL210012719-1a-5UDI245-GD06_HF5TCDSX2_L1_r2.fq.gz
[2021-07-16 15:59:34,006] multiqc                                            [DEBUG  ]  Ignoring file as matched an ignore pattern: AeC01070_CKDL210012719-1a-5UDI294-AK4236_HF5TCDSX2_L1_r2.fq.gz
[2021-07-16 15:59:34,006] multiqc                                            [DEBUG  ]  Ignoring file as matched an ignore pattern: AeC01063_CKDL210012719-1a-AK7078-AK10343_HF5TCDSX2_L1_r1.fq.gz
[2021-07-16 15:59:34,007] multiqc                                            [DEBUG  ]  Ignoring file as matched an ignore pattern: AeC01026_CKDL210012719-1a-AK7758-AK8488_HF5TCDSX2_L1_r1.fq.gz
[2021-07-16 15:59:34,007] multiqc                                            [DEBUG  ]  Ignoring file as matched an ignore pattern: AeC01032_CKDL210012719-1a-5UDI245-AK8488_HF5TCDSX2_L1_r2.fq.gz
[2021-07-16 15:59:34,007] multiqc                                            [DEBUG  ]  Ignoring file as matched an ignore pattern: AeA01021_CKDL210012719-1a-AK7761-7UDI308_HF5TCDSX2_L1_r1.fq.gz
[2021-07-16 15:59:34,008] multiqc                                            [DEBUG  ]  Ignoring file as matched an ignore pattern: AeA01037_CKDL210012719-1a-AK9142-7UDI308_HF5TCDSX2_L1_r2.fq.gz
[2021-07-16 15:59:34,008] multiqc                                            [DEBUG  ]  Ignoring file as matched an ignore pattern: AeC01053_CKDL210012719-1a-5UDI225-AK4236_HF5TCDSX2_L1_r1.fq.gz
[2021-07-16 15:59:34,008] multiqc                                            [DEBUG  ]  Ignoring file as matched an ignore pattern: AeA01002_CKDL210012719-1a-AK9141-AK4971_HF5TCDSX2_L1_r1.fq.gz
[2021-07-16 15:59:34,008] multiqc                                            [DEBUG  ]  Ignoring file as matched an ignore pattern: AeC01067_CKDL210012719-1a-AK3911-AK10343_HF5TCDSX2_L1_r2.fq.gz
[2021-07-16 15:59:34,008] multiqc                                            [DEBUG  ]  Ignoring file as matched an ignore pattern: AeC01059_CKDL210012719-1a-AK9146-GC06_HF5TCDSX2_L1_r2.fq.gz
[2021-07-16 15:59:34,008] multiqc                                            [DEBUG  ]  Ignoring file as matched an ignore pattern: AeA01058_CKDL210012719-1a-AK7759-AK4971_HF5TCDSX2_L1_r2.fq.gz
[2021-07-16 15:59:34,009] multiqc                                            [DEBUG  ]  Ignoring file as matched an ignore pattern: AeA01060_CKDL210012719-1a-AK7759-AK7558_HF5TCDSX2_L1_r2.fq.gz
[2021-07-16 15:59:34,009] multiqc                                            [DEBUG  ]  Ignoring file as matched an ignore pattern: AeA01009_CKDL210012719-1a-AK3905-7UDI214_HF5TCDSX2_L1_fastp.html
[2021-07-16 15:59:34,009] multiqc                                            [DEBUG  ]  Ignoring file as matched an ignore pattern: AeA01011_CKDL210012719-1a-AK3905-AK1864_HF5TCDSX2_L1_fastp.html
[2021-07-16 15:59:34,009] multiqc                                            [DEBUG  ]  Ignoring file as matched an ignore pattern: AeC01052_CKDL210012719-1a-AK9143-AK4236_HF5TCDSX2_L1_r1.fq.gz
[2021-07-16 15:59:34,010] multiqc                                            [DEBUG  ]  Ignoring file as matched an ignore pattern: AeC01050_CKDL210012719-1a-AK7758-AK4236_HF5TCDSX2_L1_r1.fq.gz
[2021-07-16 15:59:34,010] multiqc                                            [DEBUG  ]  Ignoring file as matched an ignore pattern: AeC01052_CKDL210012719-1a-AK9143-AK4236_HF5TCDSX2_L1_r2.fq.gz
[2021-07-16 15:59:34,010] multiqc                                            [DEBUG  ]  Ignoring file as matched an ignore pattern: AeC01001_CKDL210012719-1a-5UDI301-AK533_HF5TCDSX2_L1_fastp.html
[2021-07-16 15:59:34,011] multiqc                                            [DEBUG  ]  Ignoring file as matched an ignore pattern: AeC01025_CKDL210012719-1a-5UDI301-AK8488_HF5TCDSX2_L1_fastp.html
[2021-07-16 15:59:34,011] multiqc                                            [DEBUG  ]  Ignoring file as matched an ignore pattern: AeC01078_CKDL210012719-1a-AK9144-AK4234_HF5TCDSX2_L1_r2.fq.gz
[2021-07-16 15:59:34,011] multiqc                                            [DEBUG  ]  Ignoring file as matched an ignore pattern: AeC01078_CKDL210012719-1a-AK9144-AK4234_HF5TCDSX2_L1_fastp.html
[2021-07-16 15:59:34,011] multiqc                                            [DEBUG  ]  Ignoring file as matched an ignore pattern: AeC01040_CKDL210012719-1a-AK9143-GC06_HF5TCDSX2_L1_r1.fq.gz
[2021-07-16 15:59:34,011] multiqc                                            [DEBUG  ]  Ignoring file as matched an ignore pattern: AeC01020_CKDL210012719-1a-5UDI245-AK7557_HF5TCDSX2_L1_fastp.html
[2021-07-16 15:59:34,011] multiqc                                            [DEBUG  ]  Ignoring file as matched an ignore pattern: AeC01027_CKDL210012719-1a-AK7078-AK8488_HF5TCDSX2_L1_r1.fq.gz
[2021-07-16 15:59:34,012] multiqc                                            [DEBUG  ]  Ignoring file as matched an ignore pattern: AeC01038_CKDL210012719-1a-AK7758-GC06_HF5TCDSX2_L1_r1.fq.gz
[2021-07-16 15:59:34,012] multiqc                                            [DEBUG  ]  Ignoring file as matched an ignore pattern: AeC01045_CKDL210012719-1a-AK8593-GC06_HF5TCDSX2_L1_r2.fq.gz
[2021-07-16 15:59:34,012] multiqc                                            [DEBUG  ]  Ignoring file as matched an ignore pattern: AeA01023_CKDL210012719-1a-AK7761-GC12_HF5TCDSX2_L1_r2.fq.gz
[2021-07-16 15:59:34,013] multiqc                                            [DEBUG  ]  Ignoring file as matched an ignore pattern: AeA01030_CKDL210012719-1a-5UDI298-AK2587_HF5TCDSX2_L1_r2.fq.gz
[2021-07-16 15:59:34,013] multiqc                                            [DEBUG  ]  Ignoring file as matched an ignore pattern: AeC01039_CKDL210012719-1a-AK7078-GC06_HF5TCDSX2_L1_r2.fq.gz
[2021-07-16 15:59:34,013] multiqc                                            [DEBUG  ]  Ignoring file as matched an ignore pattern: AeC01067_CKDL210012719-1a-AK3911-AK10343_HF5TCDSX2_L1_r1.fq.gz
[2021-07-16 15:59:34,014] multiqc                                            [DEBUG  ]  Ignoring file as matched an ignore pattern: AeC01034_CKDL210012719-1a-5UDI294-AK7557_HF5TCDSX2_L1_r1.fq.gz
[2021-07-16 15:59:34,014] multiqc                                            [DEBUG  ]  Ignoring file as matched an ignore pattern: AeA01011_CKDL210012719-1a-AK3905-AK1864_HF5TCDSX2_L1_r2.fq.gz
[2021-07-16 15:59:34,014] multiqc                                            [DEBUG  ]  Ignoring file as matched an ignore pattern: AeC01049_CKDL210012719-1a-5UDI301-AK4236_HF5TCDSX2_L1_r1.fq.gz
[2021-07-16 15:59:34,015] multiqc                                            [DEBUG  ]  Ignoring file as matched an ignore pattern: AeC01003_CKDL210012719-1a-AK7078-AK533_HF5TCDSX2_L1_r1.fq.gz
[2021-07-16 15:59:34,015] multiqc                                            [DEBUG  ]  Ignoring file as matched an ignore pattern: AeC01073_CKDL210012719-1a-5UDI301-AK4234_HF5TCDSX2_L1_r2.fq.gz
[2021-07-16 15:59:34,015] multiqc                                            [DEBUG  ]  Ignoring file as matched an ignore pattern: AeA01036_CKDL210012719-1a-AK9142-AK7558_HF5TCDSX2_L1_r2.fq.gz
[2021-07-16 15:59:34,016] multiqc                                            [DEBUG  ]  Ignoring file as matched an ignore pattern: AeC01023_CKDL210012719-1a-AK9146-AK533_HF5TCDSX2_L1_fastp.html
[2021-07-16 15:59:34,016] multiqc                                            [DEBUG  ]  Ignoring file as matched an ignore pattern: AeC01068_CKDL210012719-1a-5UDI245-AK10343_HF5TCDSX2_L1_fastp.html
[2021-07-16 15:59:34,016] multiqc                                            [DEBUG  ]  Ignoring file as matched an ignore pattern: AeC01022_CKDL210012719-1a-5UDI294-AK533_HF5TCDSX2_L1_fastp.html
[2021-07-16 15:59:34,016] multiqc                                            [DEBUG  ]  Ignoring file as matched an ignore pattern: AeA01046_CKDL210012719-1a-AK8410-AK2587_HF5TCDSX2_L1_r1.fq.gz
[2021-07-16 15:59:34,016] multiqc                                            [DEBUG  ]  Ignoring file as matched an ignore pattern: AeA01007_CKDL210012719-1a-AK9141-GC12_HF5TCDSX2_L1_fastp.html
[2021-07-16 15:59:34,016] multiqc                                            [DEBUG  ]  Ignoring file as matched an ignore pattern: AeC01056_CKDL210012719-1a-5UDI245-AK4236_HF5TCDSX2_L1_r2.fq.gz
[2021-07-16 15:59:34,016] multiqc                                            [DEBUG  ]  Ignoring file as matched an ignore pattern: AeC01044_CKDL210012719-1a-5UDI245-GC06_HF5TCDSX2_L1_fastp.html
[2021-07-16 15:59:34,017] multiqc                                            [DEBUG  ]  Ignoring file as matched an ignore pattern: AeC01027_CKDL210012719-1a-AK7078-AK8488_HF5TCDSX2_L1_fastp.html
[2021-07-16 15:59:34,017] multiqc                                            [DEBUG  ]  Ignoring file as matched an ignore pattern: AeC01037_CKDL210012719-1a-5UDI301-GC06_HF5TCDSX2_L1_r2.fq.gz
[2021-07-16 15:59:34,017] multiqc                                            [DEBUG  ]  Ignoring file as matched an ignore pattern: AeC01075_CKDL210012719-1a-AK7078-AK4234_HF5TCDSX2_L1_fastp.html
[2021-07-16 15:59:34,017] multiqc                                            [DEBUG  ]  Ignoring file as matched an ignore pattern: AeC01040_CKDL210012719-1a-AK9143-GC06_HF5TCDSX2_L1_fastp.html
[2021-07-16 15:59:34,017] multiqc                                            [DEBUG  ]  Ignoring file as matched an ignore pattern: AeC01086_CKDL210012719-1a-AK7758-GD06_HF5TCDSX2_L1_r2.fq.gz
[2021-07-16 15:59:34,017] multiqc                                            [DEBUG  ]  Ignoring file as matched an ignore pattern: AeC01017_CKDL210012719-1a-5UDI225-AK7557_HF5TCDSX2_L1_fastp.html
[2021-07-16 15:59:34,017] multiqc                                            [DEBUG  ]  Ignoring file as matched an ignore pattern: AeA01025_CKDL210012719-1a-5UDI298-7UDI214_HF5TCDSX2_L1_r2.fq.gz
[2021-07-16 15:59:34,018] multiqc                                            [DEBUG  ]  Ignoring file as matched an ignore pattern: AeC01034_CKDL210012719-1a-5UDI294-AK7557_HF5TCDSX2_L1_r2.fq.gz
[2021-07-16 15:59:34,018] multiqc                                            [DEBUG  ]  Ignoring file as matched an ignore pattern: AeA01008_CKDL210012719-1a-AK9141-7UDI246_HF5TCDSX2_L1_r1.fq.gz
[2021-07-16 15:59:34,018] multiqc                                            [DEBUG  ]  Ignoring file as matched an ignore pattern: AeC01048_CKDL210012719-1a-AK5577-AK8488_HF5TCDSX2_L1_r1.fq.gz
[2021-07-16 15:59:34,019] multiqc                                            [DEBUG  ]  Ignoring file as matched an ignore pattern: AeC01021_CKDL210012719-1a-AK8593-AK7557_HF5TCDSX2_L1_r1.fq.gz
[2021-07-16 15:59:34,019] multiqc                                            [DEBUG  ]  Ignoring file as matched an ignore pattern: AeA01006_CKDL210012719-1a-AK9141-AK2587_HF5TCDSX2_L1_r2.fq.gz
[2021-07-16 15:59:34,019] multiqc                                            [DEBUG  ]  Ignoring file as matched an ignore pattern: AeC01015_CKDL210012719-1a-AK7078-AK7557_HF5TCDSX2_L1_r1.fq.gz
[2021-07-16 15:59:34,020] multiqc                                            [DEBUG  ]  Ignoring file as matched an ignore pattern: AeA01050_CKDL210012719-1a-AK8587-AK4971_HF5TCDSX2_L1_r1.fq.gz
[2021-07-16 15:59:34,020] multiqc                                            [DEBUG  ]  Ignoring file as matched an ignore pattern: AeC01088_CKDL210012719-1a-AK9143-GD06_HF5TCDSX2_L1_r2.fq.gz
[2021-07-16 15:59:34,020] multiqc                                            [DEBUG  ]  Ignoring file as matched an ignore pattern: AeC01066_CKDL210012719-1a-AK9144-AK10343_HF5TCDSX2_L1_r1.fq.gz
[2021-07-16 15:59:34,020] multiqc                                            [DEBUG  ]  Ignoring file as matched an ignore pattern: AeA01039_CKDL210012719-1a-AK9142-GC12_HF5TCDSX2_L1_r1.fq.gz
[2021-07-16 15:59:34,020] multiqc                                            [DEBUG  ]  Ignoring file as matched an ignore pattern: AeC01065_CKDL210012719-1a-5UDI225-AK10343_HF5TCDSX2_L1_fastp.html
[2021-07-16 15:59:34,020] multiqc                                            [DEBUG  ]  Ignoring file as matched an ignore pattern: AeC01025_CKDL210012719-1a-5UDI301-AK8488_HF5TCDSX2_L1_r1.fq.gz
[2021-07-16 15:59:34,020] multiqc                                            [DEBUG  ]  Ignoring file as matched an ignore pattern: AeC01051_CKDL210012719-1a-AK7078-AK4236_HF5TCDSX2_L1_r2.fq.gz
[2021-07-16 15:59:34,021] multiqc                                            [DEBUG  ]  Ignoring file as matched an ignore pattern: AeC01068_CKDL210012719-1a-5UDI245-AK10343_HF5TCDSX2_L1_r1.fq.gz
[2021-07-16 15:59:34,022] multiqc                                            [DEBUG  ]  Ignoring file as matched an ignore pattern: AeC01089_CKDL210012719-1a-5UDI225-GD06_HF5TCDSX2_L1_r2.fq.gz
[2021-07-16 15:59:34,022] multiqc                                            [DEBUG  ]  Ignoring file as matched an ignore pattern: AeC01035_CKDL210012719-1a-AK9146-AK7557_HF5TCDSX2_L1_r1.fq.gz
[2021-07-16 15:59:34,022] multiqc                                            [DEBUG  ]  Ignoring file as matched an ignore pattern: AeA01052_CKDL210012719-1a-AK8587-AK7558_HF5TCDSX2_L1_r2.fq.gz
[2021-07-16 15:59:34,022] multiqc                                            [DEBUG  ]  Ignoring file as matched an ignore pattern: AeC01070_CKDL210012719-1a-5UDI294-AK4236_HF5TCDSX2_L1_fastp.html
[2021-07-16 15:59:34,023] multiqc                                            [DEBUG  ]  Ignoring file as matched an ignore pattern: AeC01054_CKDL210012719-1a-AK9144-AK4236_HF5TCDSX2_L1_r1.fq.gz
[2021-07-16 15:59:34,024] multiqc                                            [DEBUG  ]  Ignoring file as matched an ignore pattern: AeA01044_CKDL210012719-1a-AK8410-AK7558_HF5TCDSX2_L1_r1.fq.gz
[2021-07-16 15:59:34,024] multiqc                                            [DEBUG  ]  Ignoring file as matched an ignore pattern: AeC01065_CKDL210012719-1a-5UDI225-AK10343_HF5TCDSX2_L1_r1.fq.gz
[2021-07-16 15:59:34,024] multiqc                                            [DEBUG  ]  Ignoring file as matched an ignore pattern: AeA01051_CKDL210012719-1a-AK8587-AK1864_HF5TCDSX2_L1_r2.fq.gz
[2021-07-16 15:59:34,024] multiqc                                            [DEBUG  ]  Ignoring file as matched an ignore pattern: AeC01009_CKDL210012719-1a-AK8593-AK533_HF5TCDSX2_L1_fastp.html
[2021-07-16 15:59:34,025] multiqc                                            [DEBUG  ]  Ignoring file as matched an ignore pattern: AeA01008_CKDL210012719-1a-AK9141-7UDI246_HF5TCDSX2_L1_r2.fq.gz
[2021-07-16 15:59:34,025] multiqc                                            [DEBUG  ]  Ignoring file as matched an ignore pattern: AeC01019_CKDL210012719-1a-AK3911-AK7557_HF5TCDSX2_L1_r1.fq.gz
[2021-07-16 15:59:34,026] multiqc                                            [DEBUG  ]  Ignoring file as matched an ignore pattern: AeA01001_CKDL210012719-1a-AK9141-7UDI214_HF5TCDSX2_L1_r1.fq.gz
[2021-07-16 15:59:34,026] multiqc                                            [DEBUG  ]  Ignoring file as matched an ignore pattern: AeA01040_CKDL210012719-1a-AK9142-7UDI246_HF5TCDSX2_L1_fastp.html
[2021-07-16 15:59:34,026] multiqc                                            [DEBUG  ]  Ignoring file as matched an ignore pattern: AeA01009_CKDL210012719-1a-AK3905-7UDI214_HF5TCDSX2_L1_r1.fq.gz
[2021-07-16 15:59:34,028] multiqc                                            [DEBUG  ]  Ignoring file as matched an ignore pattern: AeC01062_CKDL210012719-1a-AK7758-AK10343_HF5TCDSX2_L1_r2.fq.gz
[2021-07-16 15:59:34,028] multiqc                                            [DEBUG  ]  Ignoring file as matched an ignore pattern: AeC01005_CKDL210012719-1a-5UDI225-AK533_HF5TCDSX2_L1_fastp.html
[2021-07-16 15:59:34,028] multiqc                                            [DEBUG  ]  Ignoring file as matched an ignore pattern: AeA01033_CKDL210012719-1a-AK9142-7UDI214_HF5TCDSX2_L1_r2.fq.gz
[2021-07-16 15:59:34,028] multiqc                                            [DEBUG  ]  Ignoring file as matched an ignore pattern: AeC01064_CKDL210012719-1a-AK9143-AK10343_HF5TCDSX2_L1_r2.fq.gz
[2021-07-16 15:59:34,031] multiqc                                            [DEBUG  ]  Ignoring file as matched an ignore pattern: AeA01055_CKDL210012719-1a-AK8587-GC12_HF5TCDSX2_L1_fastp.html
[2021-07-16 15:59:34,031] multiqc                                            [DEBUG  ]  Ignoring file as matched an ignore pattern: AeC01091_CKDL210012719-1a-AK3911-GD06_HF5TCDSX2_L1_fastp.html
[2021-07-16 15:59:34,031] multiqc                                            [DEBUG  ]  Ignoring file as matched an ignore pattern: AeC01070_CKDL210012719-1a-5UDI294-AK4236_HF5TCDSX2_L1_r1.fq.gz
[2021-07-16 15:59:34,033] multiqc                                            [DEBUG  ]  Ignoring file as matched an ignore pattern: AeA01050_CKDL210012719-1a-AK8587-AK4971_HF5TCDSX2_L1_fastp.html
[2021-07-16 15:59:34,033] multiqc                                            [DEBUG  ]  Ignoring file as matched an ignore pattern: AeA01054_CKDL210012719-1a-AK8587-AK2587_HF5TCDSX2_L1_r2.fq.gz
[2021-07-16 15:59:34,033] multiqc                                            [DEBUG  ]  Ignoring file as matched an ignore pattern: AeC01057_CKDL210012719-1a-AK8593-AK4236_HF5TCDSX2_L1_r1.fq.gz
[2021-07-16 15:59:34,034] multiqc                                            [DEBUG  ]  Ignoring file as matched an ignore pattern: AeA01036_CKDL210012719-1a-AK9142-AK7558_HF5TCDSX2_L1_r1.fq.gz
[2021-07-16 15:59:34,034] multiqc                                            [DEBUG  ]  Ignoring file as matched an ignore pattern: AeA01018_CKDL210012719-1a-AK7761-AK4971_HF5TCDSX2_L1_r2.fq.gz
[2021-07-16 15:59:34,034] multiqc                                            [DEBUG  ]  Ignoring file as matched an ignore pattern: AeA01018_CKDL210012719-1a-AK7761-AK4971_HF5TCDSX2_L1_fastp.html
[2021-07-16 15:59:34,034] multiqc                                            [DEBUG  ]  Ignoring file as matched an ignore pattern: AeA01059_CKDL210012719-1a-AK7759-AK1864_HF5TCDSX2_L1_r2.fq.gz
[2021-07-16 15:59:34,034] multiqc                                            [DEBUG  ]  Ignoring file as matched an ignore pattern: AeA01007_CKDL210012719-1a-AK9141-GC12_HF5TCDSX2_L1_r2.fq.gz
[2021-07-16 15:59:34,034] multiqc                                            [DEBUG  ]  Ignoring file as matched an ignore pattern: AeC01082_CKDL210012719-1a-5UDI294-AK10343_HF5TCDSX2_L1_r1.fq.gz
[2021-07-16 15:59:34,034] multiqc                                            [DEBUG  ]  Ignoring file as matched an ignore pattern: AeC01076_CKDL210012719-1a-AK9143-AK4234_HF5TCDSX2_L1_r1.fq.gz
[2021-07-16 15:59:34,034] multiqc                                            [DEBUG  ]  Ignoring file as matched an ignore pattern: AeC01016_CKDL210012719-1a-AK9143-AK7557_HF5TCDSX2_L1_r1.fq.gz
[2021-07-16 15:59:34,035] multiqc                                            [DEBUG  ]  Ignoring file as matched an ignore pattern: AeA01028_CKDL210012719-1a-5UDI298-AK7558_HF5TCDSX2_L1_r1.fq.gz
[2021-07-16 15:59:34,035] multiqc                                            [DEBUG  ]  Ignoring file as matched an ignore pattern: AeA01053_CKDL210012719-1a-AK8587-7UDI308_HF5TCDSX2_L1_r1.fq.gz
[2021-07-16 15:59:34,038] multiqc                                            [DEBUG  ]  Ignoring file as matched an ignore pattern: AeC01043_CKDL210012719-1a-AK3911-GC06_HF5TCDSX2_L1_r1.fq.gz
[2021-07-16 15:59:34,039] multiqc                                            [DEBUG  ]  Ignoring file as matched an ignore pattern: AeC01046_CKDL210012719-1a-5UDI294-AK8488_HF5TCDSX2_L1_r1.fq.gz
[2021-07-16 15:59:34,039] multiqc                                            [DEBUG  ]  Ignoring file as matched an ignore pattern: AeC01079_CKDL210012719-1a-AK3911-AK4234_HF5TCDSX2_L1_r2.fq.gz
[2021-07-16 15:59:34,039] multiqc                                            [DEBUG  ]  Ignoring file as matched an ignore pattern: AeA01037_CKDL210012719-1a-AK9142-7UDI308_HF5TCDSX2_L1_fastp.html
[2021-07-16 15:59:34,039] multiqc                                            [DEBUG  ]  Ignoring file as matched an ignore pattern: AeA01013_CKDL210012719-1a-AK3905-7UDI308_HF5TCDSX2_L1_r1.fq.gz
[2021-07-16 15:59:34,039] multiqc                                            [DEBUG  ]  Ignoring file as matched an ignore pattern: AeA01053_CKDL210012719-1a-AK8587-7UDI308_HF5TCDSX2_L1_fastp.html
[2021-07-16 15:59:34,039] multiqc                                            [DEBUG  ]  Ignoring file as matched an ignore pattern: AeA01048_CKDL210012719-1a-AK8410-7UDI246_HF5TCDSX2_L1_r1.fq.gz
[2021-07-16 15:59:34,039] multiqc                                            [DEBUG  ]  Ignoring file as matched an ignore pattern: AeA01006_CKDL210012719-1a-AK9141-AK2587_HF5TCDSX2_L1_r1.fq.gz
[2021-07-16 15:59:34,039] multiqc                                            [DEBUG  ]  Ignoring file as matched an ignore pattern: AeC01058_CKDL210012719-1a-5UDI294-GC06_HF5TCDSX2_L1_fastp.html
[2021-07-16 15:59:34,040] multiqc                                            [DEBUG  ]  Ignoring file as matched an ignore pattern: AeC01071_CKDL210012719-1a-AK9146-AK4236_HF5TCDSX2_L1_r1.fq.gz
[2021-07-16 15:59:34,040] multiqc                                            [DEBUG  ]  Ignoring file as matched an ignore pattern: AeC01004_CKDL210012719-1a-AK9143-AK533_HF5TCDSX2_L1_r1.fq.gz
[2021-07-16 15:59:34,040] multiqc                                            [DEBUG  ]  Ignoring file as matched an ignore pattern: AeA01012_CKDL210012719-1a-AK3905-AK7558_HF5TCDSX2_L1_r2.fq.gz
[2021-07-16 15:59:34,040] multiqc                                            [DEBUG  ]  Ignoring file as matched an ignore pattern: AeC01040_CKDL210012719-1a-AK9143-GC06_HF5TCDSX2_L1_r2.fq.gz
[2021-07-16 15:59:34,040] multiqc                                            [DEBUG  ]  Ignoring file as matched an ignore pattern: AeC01013_CKDL210012719-1a-5UDI301-AK7557_HF5TCDSX2_L1_r1.fq.gz
[2021-07-16 15:59:34,040] multiqc                                            [DEBUG  ]  Ignoring file as matched an ignore pattern: AeA01004_CKDL210012719-1a-AK9141-AK7558_HF5TCDSX2_L1_fastp.html
[2021-07-16 15:59:34,041] multiqc                                            [DEBUG  ]  Ignoring file as matched an ignore pattern: AeA01031_CKDL210012719-1a-5UDI298-GC12_HF5TCDSX2_L1_r2.fq.gz
[2021-07-16 15:59:34,042] multiqc                                            [DEBUG  ]  Ignoring file as matched an ignore pattern: AeA01038_CKDL210012719-1a-AK9142-AK2587_HF5TCDSX2_L1_r1.fq.gz
[2021-07-16 15:59:34,043] multiqc                                            [DEBUG  ]  Ignoring file as matched an ignore pattern: AeA01058_CKDL210012719-1a-AK7759-AK4971_HF5TCDSX2_L1_r1.fq.gz
[2021-07-16 15:59:34,044] multiqc                                            [DEBUG  ]  Ignoring file as matched an ignore pattern: AeC01043_CKDL210012719-1a-AK3911-GC06_HF5TCDSX2_L1_r2.fq.gz
[2021-07-16 15:59:34,044] multiqc                                            [DEBUG  ]  Ignoring file as matched an ignore pattern: AeC01023_CKDL210012719-1a-AK9146-AK533_HF5TCDSX2_L1_r2.fq.gz
[2021-07-16 15:59:34,044] multiqc                                            [DEBUG  ]  Ignoring file as matched an ignore pattern: AeA01027_CKDL210012719-1a-5UDI298-AK1864_HF5TCDSX2_L1_r2.fq.gz
[2021-07-16 15:59:34,044] multiqc                                            [DEBUG  ]  Ignoring file as matched an ignore pattern: AeA01023_CKDL210012719-1a-AK7761-GC12_HF5TCDSX2_L1_r1.fq.gz
[2021-07-16 15:59:34,044] multiqc                                            [DEBUG  ]  Ignoring file as matched an ignore pattern: AeC01015_CKDL210012719-1a-AK7078-AK7557_HF5TCDSX2_L1_r2.fq.gz
[2021-07-16 15:59:34,045] multiqc                                            [DEBUG  ]  Ignoring file as matched an ignore pattern: AeC01019_CKDL210012719-1a-AK3911-AK7557_HF5TCDSX2_L1_r2.fq.gz
[2021-07-16 15:59:34,045] multiqc                                            [DEBUG  ]  Ignoring file as matched an ignore pattern: AeC01024_CKDL210012719-1a-AK5577-AK533_HF5TCDSX2_L1_r1.fq.gz
[2021-07-16 15:59:34,045] multiqc                                            [DEBUG  ]  Ignoring file as matched an ignore pattern: AeA01038_CKDL210012719-1a-AK9142-AK2587_HF5TCDSX2_L1_r2.fq.gz
[2021-07-16 15:59:34,045] multiqc                                            [DEBUG  ]  Ignoring file as matched an ignore pattern: AeC01096_CKDL210012719-1a-AK5577-AK4234_HF5TCDSX2_L1_fastp.html
[2021-07-16 15:59:34,045] multiqc                                            [DEBUG  ]  Ignoring file as matched an ignore pattern: AeC01005_CKDL210012719-1a-5UDI225-AK533_HF5TCDSX2_L1_r2.fq.gz
[2021-07-16 15:59:34,045] multiqc                                            [DEBUG  ]  Ignoring file as matched an ignore pattern: AeA01029_CKDL210012719-1a-5UDI298-7UDI308_HF5TCDSX2_L1_fastp.html
[2021-07-16 15:59:34,046] multiqc                                            [DEBUG  ]  Ignoring file as matched an ignore pattern: AeC01002_CKDL210012719-1a-AK7758-AK533_HF5TCDSX2_L1_r2.fq.gz
[2021-07-16 15:59:34,047] multiqc                                            [DEBUG  ]  Ignoring file as matched an ignore pattern: AeC01022_CKDL210012719-1a-5UDI294-AK533_HF5TCDSX2_L1_r1.fq.gz
[2021-07-16 15:59:34,047] multiqc                                            [DEBUG  ]  Ignoring file as matched an ignore pattern: AeA01059_CKDL210012719-1a-AK7759-AK1864_HF5TCDSX2_L1_r1.fq.gz
[2021-07-16 15:59:34,048] multiqc                                            [DEBUG  ]  Ignoring file as matched an ignore pattern: AeA01049_CKDL210012719-1a-AK8587-7UDI214_HF5TCDSX2_L1_r1.fq.gz
[2021-07-16 15:59:34,048] multiqc                                            [DEBUG  ]  Ignoring file as matched an ignore pattern: AeC01032_CKDL210012719-1a-5UDI245-AK8488_HF5TCDSX2_L1_r1.fq.gz
[2021-07-16 15:59:34,049] multiqc                                            [DEBUG  ]  Ignoring file as matched an ignore pattern: AeC01028_CKDL210012719-1a-AK9143-AK8488_HF5TCDSX2_L1_r1.fq.gz
[2021-07-16 15:59:34,052] multiqc                                            [DEBUG  ]  Ignoring file as matched an ignore pattern: AeC01091_CKDL210012719-1a-AK3911-GD06_HF5TCDSX2_L1_r2.fq.gz
[2021-07-16 15:59:34,053] multiqc                                            [DEBUG  ]  Ignoring file as matched an ignore pattern: AeC01030_CKDL210012719-1a-AK9144-AK8488_HF5TCDSX2_L1_fastp.html
[2021-07-16 15:59:34,053] multiqc                                            [DEBUG  ]  Ignoring file as matched an ignore pattern: AeC01007_CKDL210012719-1a-AK3911-AK533_HF5TCDSX2_L1_fastp.html
[2021-07-16 15:59:34,053] multiqc                                            [DEBUG  ]  Ignoring file as matched an ignore pattern: AeC01044_CKDL210012719-1a-5UDI245-GC06_HF5TCDSX2_L1_r1.fq.gz
[2021-07-16 15:59:34,054] multiqc                                            [DEBUG  ]  Ignoring file as matched an ignore pattern: AeA01043_CKDL210012719-1a-AK8410-AK1864_HF5TCDSX2_L1_fastp.html
[2021-07-16 15:59:34,054] multiqc                                            [DEBUG  ]  Ignoring file as matched an ignore pattern: AeA01007_CKDL210012719-1a-AK9141-GC12_HF5TCDSX2_L1_r1.fq.gz
[2021-07-16 15:59:34,055] multiqc                                            [DEBUG  ]  Ignoring file as matched an ignore pattern: AeC01043_CKDL210012719-1a-AK3911-GC06_HF5TCDSX2_L1_fastp.html
[2021-07-16 15:59:34,056] multiqc                                            [DEBUG  ]  Ignoring file as matched an ignore pattern: AeA01034_CKDL210012719-1a-AK9142-AK4971_HF5TCDSX2_L1_r2.fq.gz
[2021-07-16 15:59:34,056] multiqc                                            [DEBUG  ]  Ignoring file as matched an ignore pattern: AeC01091_CKDL210012719-1a-AK3911-GD06_HF5TCDSX2_L1_r1.fq.gz
[2021-07-16 15:59:34,057] multiqc                                            [DEBUG  ]  Ignoring file as matched an ignore pattern: AeC01062_CKDL210012719-1a-AK7758-AK10343_HF5TCDSX2_L1_r1.fq.gz
[2021-07-16 15:59:34,057] multiqc                                            [DEBUG  ]  Ignoring file as matched an ignore pattern: AeC01056_CKDL210012719-1a-5UDI245-AK4236_HF5TCDSX2_L1_fastp.html
[2021-07-16 15:59:34,057] multiqc                                            [DEBUG  ]  Ignoring file as matched an ignore pattern: AeA01006_CKDL210012719-1a-AK9141-AK2587_HF5TCDSX2_L1_fastp.html
[2021-07-16 15:59:34,057] multiqc                                            [DEBUG  ]  Ignoring file as matched an ignore pattern: AeC01089_CKDL210012719-1a-5UDI225-GD06_HF5TCDSX2_L1_r1.fq.gz
[2021-07-16 15:59:34,058] multiqc                                            [DEBUG  ]  Ignoring file as matched an ignore pattern: AeA01041_CKDL210012719-1a-AK8410-7UDI214_HF5TCDSX2_L1_r1.fq.gz
[2021-07-16 15:59:34,058] multiqc                                            [DEBUG  ]  Ignoring file as matched an ignore pattern: AeC01029_CKDL210012719-1a-5UDI225-AK8488_HF5TCDSX2_L1_fastp.html
[2021-07-16 15:59:34,058] multiqc                                            [DEBUG  ]  Ignoring file as matched an ignore pattern: AeA01012_CKDL210012719-1a-AK3905-AK7558_HF5TCDSX2_L1_fastp.html
[2021-07-16 15:59:34,058] multiqc                                            [DEBUG  ]  Ignoring file as matched an ignore pattern: AeC01059_CKDL210012719-1a-AK9146-GC06_HF5TCDSX2_L1_fastp.html
[2021-07-16 15:59:34,058] multiqc                                            [DEBUG  ]  Ignoring file as matched an ignore pattern: AeA01017_CKDL210012719-1a-AK7761-7UDI214_HF5TCDSX2_L1_fastp.html
[2021-07-16 15:59:34,058] multiqc                                            [DEBUG  ]  Ignoring file as matched an ignore pattern: AeA01002_CKDL210012719-1a-AK9141-AK4971_HF5TCDSX2_L1_r2.fq.gz
[2021-07-16 15:59:34,059] multiqc                                            [DEBUG  ]  Ignoring file as matched an ignore pattern: AeC01018_CKDL210012719-1a-AK9144-AK7557_HF5TCDSX2_L1_r2.fq.gz
[2021-07-16 15:59:34,059] multiqc                                            [DEBUG  ]  Ignoring file as matched an ignore pattern: AeC01054_CKDL210012719-1a-AK9144-AK4236_HF5TCDSX2_L1_fastp.html
[2021-07-16 15:59:34,059] multiqc                                            [DEBUG  ]  Ignoring file as matched an ignore pattern: AeC01007_CKDL210012719-1a-AK3911-AK533_HF5TCDSX2_L1_r1.fq.gz
[2021-07-16 15:59:34,059] multiqc                                            [DEBUG  ]  Ignoring file as matched an ignore pattern: AeA01020_CKDL210012719-1a-AK7761-AK7558_HF5TCDSX2_L1_r2.fq.gz
[2021-07-16 15:59:34,059] multiqc                                            [DEBUG  ]  Ignoring file as matched an ignore pattern: AeA01043_CKDL210012719-1a-AK8410-AK1864_HF5TCDSX2_L1_r1.fq.gz
[2021-07-16 15:59:34,059] multiqc                                            [DEBUG  ]  Ignoring file as matched an ignore pattern: AeC01055_CKDL210012719-1a-AK3911-AK4236_HF5TCDSX2_L1_r1.fq.gz
[2021-07-16 15:59:34,060] multiqc                                            [DEBUG  ]  Ignoring file as matched an ignore pattern: AeC01080_CKDL210012719-1a-5UDI245-AK4234_HF5TCDSX2_L1_r1.fq.gz
[2021-07-16 15:59:34,061] multiqc                                            [DEBUG  ]  Ignoring file as matched an ignore pattern: AeC01085_CKDL210012719-1a-5UDI301-GD06_HF5TCDSX2_L1_r2.fq.gz
[2021-07-16 15:59:34,062] multiqc                                            [DEBUG  ]  Ignoring file as matched an ignore pattern: AeC01090_CKDL210012719-1a-AK9144-GD06_HF5TCDSX2_L1_r1.fq.gz
[2021-07-16 15:59:34,063] multiqc                                            [DEBUG  ]  Ignoring file as matched an ignore pattern: AeA01024_CKDL210012719-1a-AK7761-7UDI246_HF5TCDSX2_L1_r2.fq.gz
[2021-07-16 15:59:34,063] multiqc                                            [DEBUG  ]  Ignoring file as matched an ignore pattern: AeC01052_CKDL210012719-1a-AK9143-AK4236_HF5TCDSX2_L1_fastp.html
[2021-07-16 15:59:34,063] multiqc                                            [DEBUG  ]  Ignoring file as matched an ignore pattern: AeC01013_CKDL210012719-1a-5UDI301-AK7557_HF5TCDSX2_L1_r2.fq.gz
[2021-07-16 15:59:34,064] multiqc                                            [DEBUG  ]  Ignoring file as matched an ignore pattern: AeA01026_CKDL210012719-1a-5UDI298-AK4971_HF5TCDSX2_L1_r1.fq.gz
[2021-07-16 15:59:34,064] multiqc                                            [DEBUG  ]  Ignoring file as matched an ignore pattern: AeC01087_CKDL210012719-1a-AK7078-GD06_HF5TCDSX2_L1_r2.fq.gz
[2021-07-16 15:59:34,064] multiqc                                            [DEBUG  ]  Ignoring file as matched an ignore pattern: AeA01045_CKDL210012719-1a-AK8410-7UDI308_HF5TCDSX2_L1_r2.fq.gz
[2021-07-16 15:59:34,066] multiqc                                            [DEBUG  ]  Ignoring file as matched an ignore pattern: AeC01002_CKDL210012719-1a-AK7758-AK533_HF5TCDSX2_L1_fastp.html
[2021-07-16 15:59:34,066] multiqc                                            [DEBUG  ]  Ignoring file as matched an ignore pattern: AeC01077_CKDL210012719-1a-5UDI225-AK4234_HF5TCDSX2_L1_r2.fq.gz
[2021-07-16 15:59:34,066] multiqc                                            [DEBUG  ]  Ignoring file as matched an ignore pattern: AeA01022_CKDL210012719-1a-AK7761-AK2587_HF5TCDSX2_L1_r2.fq.gz
[2021-07-16 15:59:34,066] multiqc                                            [DEBUG  ]  Ignoring file as matched an ignore pattern: AeC01082_CKDL210012719-1a-5UDI294-AK10343_HF5TCDSX2_L1_r2.fq.gz
[2021-07-16 15:59:34,066] multiqc                                            [DEBUG  ]  Ignoring file as matched an ignore pattern: AeA01024_CKDL210012719-1a-AK7761-7UDI246_HF5TCDSX2_L1_r1.fq.gz
[2021-07-16 15:59:34,066] multiqc                                            [DEBUG  ]  Ignoring file as matched an ignore pattern: AeA01003_CKDL210012719-1a-AK9141-AK1864_HF5TCDSX2_L1_r2.fq.gz
[2021-07-16 15:59:34,066] multiqc                                            [DEBUG  ]  Ignoring file as matched an ignore pattern: AeC01020_CKDL210012719-1a-5UDI245-AK7557_HF5TCDSX2_L1_r1.fq.gz
[2021-07-16 15:59:34,067] multiqc                                            [DEBUG  ]  Ignoring file as matched an ignore pattern: AeC01031_CKDL210012719-1a-AK3911-AK8488_HF5TCDSX2_L1_r1.fq.gz
[2021-07-16 15:59:34,067] multiqc                                            [DEBUG  ]  Ignoring file as matched an ignore pattern: AeA01042_CKDL210012719-1a-AK8410-AK4971_HF5TCDSX2_L1_r1.fq.gz
[2021-07-16 15:59:34,067] multiqc                                            [DEBUG  ]  Ignoring file as matched an ignore pattern: AeC01072_CKDL210012719-1a-AK5577-AK4236_HF5TCDSX2_L1_fastp.html
[2021-07-16 15:59:34,067] multiqc                                            [DEBUG  ]  Ignoring file as matched an ignore pattern: AeC01046_CKDL210012719-1a-5UDI294-AK8488_HF5TCDSX2_L1_r2.fq.gz
[2021-07-16 15:59:34,067] multiqc                                            [DEBUG  ]  Ignoring file as matched an ignore pattern: AeA01037_CKDL210012719-1a-AK9142-7UDI308_HF5TCDSX2_L1_r1.fq.gz
[2021-07-16 15:59:34,068] multiqc                                            [DEBUG  ]  Ignoring file as matched an ignore pattern: AeA01041_CKDL210012719-1a-AK8410-7UDI214_HF5TCDSX2_L1_r2.fq.gz
[2021-07-16 15:59:34,069] multiqc                                            [DEBUG  ]  Ignoring file as matched an ignore pattern: AeA01045_CKDL210012719-1a-AK8410-7UDI308_HF5TCDSX2_L1_fastp.html
[2021-07-16 15:59:34,071] multiqc                                            [DEBUG  ]  Ignoring file as matched an ignore pattern: AeA01033_CKDL210012719-1a-AK9142-7UDI214_HF5TCDSX2_L1_r1.fq.gz
[2021-07-16 15:59:34,071] multiqc                                            [DEBUG  ]  Ignoring file as matched an ignore pattern: AeC01041_CKDL210012719-1a-5UDI225-GC06_HF5TCDSX2_L1_r2.fq.gz
[2021-07-16 15:59:34,071] multiqc                                            [DEBUG  ]  Ignoring file as matched an ignore pattern: AeC01002_CKDL210012719-1a-AK7758-AK533_HF5TCDSX2_L1_r1.fq.gz
[2021-07-16 15:59:34,071] multiqc                                            [DEBUG  ]  Ignoring file as matched an ignore pattern: AeA01009_CKDL210012719-1a-AK3905-7UDI214_HF5TCDSX2_L1_r2.fq.gz
[2021-07-16 15:59:34,071] multiqc                                            [DEBUG  ]  Ignoring file as matched an ignore pattern: AeC01064_CKDL210012719-1a-AK9143-AK10343_HF5TCDSX2_L1_fastp.html
[2021-07-16 15:59:34,071] multiqc                                            [DEBUG  ]  Ignoring file as matched an ignore pattern: AeA01005_CKDL210012719-1a-AK9141-7UDI308_HF5TCDSX2_L1_fastp.html
[2021-07-16 15:59:34,072] multiqc                                            [DEBUG  ]  Ignoring file as matched an ignore pattern: AeA01015_CKDL210012719-1a-AK3905-GC12_HF5TCDSX2_L1_r1.fq.gz
[2021-07-16 15:59:34,072] multiqc                                            [DEBUG  ]  Ignoring file as matched an ignore pattern: AeC01011_CKDL210012719-1a-5UDI294-GD06_HF5TCDSX2_L1_r1.fq.gz
[2021-07-16 15:59:34,073] multiqc                                            [DEBUG  ]  Ignoring file as matched an ignore pattern: AeC01071_CKDL210012719-1a-AK9146-AK4236_HF5TCDSX2_L1_fastp.html
[2021-07-16 15:59:34,073] multiqc                                            [DEBUG  ]  Ignoring file as matched an ignore pattern: AeC01039_CKDL210012719-1a-AK7078-GC06_HF5TCDSX2_L1_r1.fq.gz
[2021-07-16 15:59:34,073] multiqc                                            [DEBUG  ]  Ignoring file as matched an ignore pattern: AeA01056_CKDL210012719-1a-AK8587-7UDI246_HF5TCDSX2_L1_r1.fq.gz
[2021-07-16 15:59:34,073] multiqc                                            [DEBUG  ]  Ignoring file as matched an ignore pattern: AeC01006_CKDL210012719-1a-AK9144-AK533_HF5TCDSX2_L1_r1.fq.gz
[2021-07-16 15:59:34,073] multiqc                                            [DEBUG  ]  Ignoring file as matched an ignore pattern: AeC01012_CKDL210012719-1a-AK9146-GD06_HF5TCDSX2_L1_r2.fq.gz
[2021-07-16 15:59:34,074] multiqc                                            [DEBUG  ]  Ignoring file as matched an ignore pattern: AeC01060_CKDL210012719-1a-AK5577-GC06_HF5TCDSX2_L1_r1.fq.gz
[2021-07-16 15:59:34,074] multiqc                                            [DEBUG  ]  Ignoring file as matched an ignore pattern: AeA01045_CKDL210012719-1a-AK8410-7UDI308_HF5TCDSX2_L1_r1.fq.gz
[2021-07-16 15:59:34,074] multiqc                                            [DEBUG  ]  Ignoring file as matched an ignore pattern: AeC01010_CKDL210012719-1a-AK8593-GD06_HF5TCDSX2_L1_r1.fq.gz
[2021-07-16 15:59:34,074] multiqc                                            [DEBUG  ]  Ignoring file as matched an ignore pattern: AeA01025_CKDL210012719-1a-5UDI298-7UDI214_HF5TCDSX2_L1_fastp.html
[2021-07-16 15:59:34,074] multiqc                                            [DEBUG  ]  Ignoring file as matched an ignore pattern: AeC01077_CKDL210012719-1a-5UDI225-AK4234_HF5TCDSX2_L1_fastp.html
[2021-07-16 15:59:34,074] multiqc                                            [DEBUG  ]  Ignoring file as matched an ignore pattern: AeC01047_CKDL210012719-1a-AK9146-AK8488_HF5TCDSX2_L1_r2.fq.gz
[2021-07-16 15:59:34,075] multiqc                                            [DEBUG  ]  Ignoring file as matched an ignore pattern: AeC01038_CKDL210012719-1a-AK7758-GC06_HF5TCDSX2_L1_r2.fq.gz
[2021-07-16 15:59:34,075] multiqc                                            [DEBUG  ]  Ignoring file as matched an ignore pattern: AeC01012_CKDL210012719-1a-AK9146-GD06_HF5TCDSX2_L1_r1.fq.gz
[2021-07-16 15:59:34,075] multiqc                                            [DEBUG  ]  Ignoring file as matched an ignore pattern: AeC01076_CKDL210012719-1a-AK9143-AK4234_HF5TCDSX2_L1_fastp.html
[2021-07-16 15:59:34,076] multiqc                                            [DEBUG  ]  Ignoring file as matched an ignore pattern: AeA01047_CKDL210012719-1a-AK8410-GC12_HF5TCDSX2_L1_r2.fq.gz
[2021-07-16 15:59:34,077] multiqc                                            [DEBUG  ]  Ignoring file as matched an ignore pattern: AeA01023_CKDL210012719-1a-AK7761-GC12_HF5TCDSX2_L1_fastp.html
[2021-07-16 15:59:34,077] multiqc                                            [DEBUG  ]  Ignoring file as matched an ignore pattern: AeC01046_CKDL210012719-1a-5UDI294-AK8488_HF5TCDSX2_L1_fastp.html
[2021-07-16 15:59:34,077] multiqc                                            [DEBUG  ]  Ignoring file as matched an ignore pattern: AeC01053_CKDL210012719-1a-5UDI225-AK4236_HF5TCDSX2_L1_r2.fq.gz
[2021-07-16 15:59:34,077] multiqc                                            [DEBUG  ]  Ignoring file as matched an ignore pattern: AeC01064_CKDL210012719-1a-AK9143-AK10343_HF5TCDSX2_L1_r1.fq.gz
[2021-07-16 15:59:34,077] multiqc                                            [DEBUG  ]  Ignoring file as matched an ignore pattern: AeA01046_CKDL210012719-1a-AK8410-AK2587_HF5TCDSX2_L1_r2.fq.gz
[2021-07-16 15:59:34,077] multiqc                                            [DEBUG  ]  Ignoring file as matched an ignore pattern: AeA01005_CKDL210012719-1a-AK9141-7UDI308_HF5TCDSX2_L1_r2.fq.gz
[2021-07-16 15:59:34,077] multiqc                                            [DEBUG  ]  Ignoring file as matched an ignore pattern: AeC01048_CKDL210012719-1a-AK5577-AK8488_HF5TCDSX2_L1_fastp.html
[2021-07-16 15:59:34,077] multiqc                                            [DEBUG  ]  Ignoring file as matched an ignore pattern: AeC01092_CKDL210012719-1a-5UDI245-GD06_HF5TCDSX2_L1_r1.fq.gz
[2021-07-16 15:59:34,078] multiqc                                            [DEBUG  ]  Ignoring file as matched an ignore pattern: AeC01096_CKDL210012719-1a-AK5577-AK4234_HF5TCDSX2_L1_r1.fq.gz
[2021-07-16 15:59:34,078] multiqc                                            [DEBUG  ]  Ignoring file as matched an ignore pattern: AeC01080_CKDL210012719-1a-5UDI245-AK4234_HF5TCDSX2_L1_r2.fq.gz
[2021-07-16 15:59:34,078] multiqc                                            [DEBUG  ]  Ignoring file as matched an ignore pattern: AeC01035_CKDL210012719-1a-AK9146-AK7557_HF5TCDSX2_L1_fastp.html
[2021-07-16 15:59:34,079] multiqc                                            [DEBUG  ]  Ignoring file as matched an ignore pattern: AeC01011_CKDL210012719-1a-5UDI294-GD06_HF5TCDSX2_L1_fastp.html
[2021-07-16 15:59:34,079] multiqc                                            [DEBUG  ]  Ignoring file as matched an ignore pattern: AeC01010_CKDL210012719-1a-AK8593-GD06_HF5TCDSX2_L1_fastp.html
[2021-07-16 15:59:34,080] multiqc                                            [DEBUG  ]  Ignoring file as matched an ignore pattern: AeA01058_CKDL210012719-1a-AK7759-AK4971_HF5TCDSX2_L1_fastp.html
[2021-07-16 15:59:34,080] multiqc                                            [DEBUG  ]  Ignoring file as matched an ignore pattern: AeC01077_CKDL210012719-1a-5UDI225-AK4234_HF5TCDSX2_L1_r1.fq.gz
[2021-07-16 15:59:34,080] multiqc                                            [DEBUG  ]  Ignoring file as matched an ignore pattern: AeC01057_CKDL210012719-1a-AK8593-AK4236_HF5TCDSX2_L1_fastp.html
[2021-07-16 15:59:34,080] multiqc                                            [DEBUG  ]  Ignoring file as matched an ignore pattern: AeC01051_CKDL210012719-1a-AK7078-AK4236_HF5TCDSX2_L1_fastp.html
[2021-07-16 15:59:34,080] multiqc                                            [DEBUG  ]  Ignoring file as matched an ignore pattern: AeA01049_CKDL210012719-1a-AK8587-7UDI214_HF5TCDSX2_L1_r2.fq.gz
[2021-07-16 15:59:34,080] multiqc                                            [DEBUG  ]  Ignoring file as matched an ignore pattern: AeC01075_CKDL210012719-1a-AK7078-AK4234_HF5TCDSX2_L1_r2.fq.gz
[2021-07-16 15:59:34,080] multiqc                                            [DEBUG  ]  Ignoring file as matched an ignore pattern: AeC01008_CKDL210012719-1a-5UDI245-AK533_HF5TCDSX2_L1_r1.fq.gz
[2021-07-16 15:59:34,080] multiqc                                            [DEBUG  ]  Ignoring file as matched an ignore pattern: AeC01096_CKDL210012719-1a-AK5577-AK4234_HF5TCDSX2_L1_r2.fq.gz
[2021-07-16 15:59:34,080] multiqc                                            [DEBUG  ]  Ignoring file as matched an ignore pattern: AeA01044_CKDL210012719-1a-AK8410-AK7558_HF5TCDSX2_L1_r2.fq.gz
[2021-07-16 15:59:34,080] multiqc                                            [DEBUG  ]  Ignoring file as matched an ignore pattern: AeC01081_CKDL210012719-1a-AK8593-AK4234_HF5TCDSX2_L1_r2.fq.gz
[2021-07-16 15:59:34,081] multiqc                                            [DEBUG  ]  Ignoring file as matched an ignore pattern: AeA01027_CKDL210012719-1a-5UDI298-AK1864_HF5TCDSX2_L1_r1.fq.gz
[2021-07-16 15:59:34,081] multiqc                                            [DEBUG  ]  Ignoring file as matched an ignore pattern: AeA01047_CKDL210012719-1a-AK8410-GC12_HF5TCDSX2_L1_fastp.html
[2021-07-16 15:59:34,081] multiqc                                            [DEBUG  ]  Ignoring file as matched an ignore pattern: AeC01026_CKDL210012719-1a-AK7758-AK8488_HF5TCDSX2_L1_r2.fq.gz
[2021-07-16 15:59:34,081] multiqc                                            [DEBUG  ]  Ignoring file as matched an ignore pattern: AeA01025_CKDL210012719-1a-5UDI298-7UDI214_HF5TCDSX2_L1_r1.fq.gz
[2021-07-16 15:59:34,082] multiqc                                            [DEBUG  ]  Ignoring file as matched an ignore pattern: AeC01024_CKDL210012719-1a-AK5577-AK533_HF5TCDSX2_L1_r2.fq.gz
[2021-07-16 15:59:34,082] multiqc                                            [DEBUG  ]  Ignoring file as matched an ignore pattern: AeC01067_CKDL210012719-1a-AK3911-AK10343_HF5TCDSX2_L1_fastp.html
[2021-07-16 15:59:34,082] multiqc                                            [DEBUG  ]  Ignoring file as matched an ignore pattern: AeC01088_CKDL210012719-1a-AK9143-GD06_HF5TCDSX2_L1_r1.fq.gz
[2021-07-16 15:59:34,083] multiqc                                            [DEBUG  ]  Ignoring file as matched an ignore pattern: AeA01034_CKDL210012719-1a-AK9142-AK4971_HF5TCDSX2_L1_r1.fq.gz
[2021-07-16 15:59:34,083] multiqc                                            [DEBUG  ]  Ignoring file as matched an ignore pattern: AeC01003_CKDL210012719-1a-AK7078-AK533_HF5TCDSX2_L1_r2.fq.gz
[2021-07-16 15:59:34,083] multiqc                                            [DEBUG  ]  Ignoring file as matched an ignore pattern: AeC01017_CKDL210012719-1a-5UDI225-AK7557_HF5TCDSX2_L1_r1.fq.gz
[2021-07-16 15:59:34,083] multiqc                                            [DEBUG  ]  Ignoring file as matched an ignore pattern: AeC01023_CKDL210012719-1a-AK9146-AK533_HF5TCDSX2_L1_r1.fq.gz
[2021-07-16 15:59:34,083] multiqc                                            [DEBUG  ]  Ignoring file as matched an ignore pattern: AeA01053_CKDL210012719-1a-AK8587-7UDI308_HF5TCDSX2_L1_r2.fq.gz
[2021-07-16 15:59:34,083] multiqc                                            [DEBUG  ]  Ignoring file as matched an ignore pattern: AeA01014_CKDL210012719-1a-AK3905-AK2587_HF5TCDSX2_L1_fastp.html
[2021-07-16 15:59:34,083] multiqc                                            [DEBUG  ]  Ignoring file as matched an ignore pattern: AeA01002_CKDL210012719-1a-AK9141-AK4971_HF5TCDSX2_L1_fastp.html
[2021-07-16 15:59:34,083] multiqc                                            [DEBUG  ]  Ignoring file as matched an ignore pattern: AeC01048_CKDL210012719-1a-AK5577-AK8488_HF5TCDSX2_L1_r2.fq.gz
[2021-07-16 15:59:34,083] multiqc                                            [DEBUG  ]  Ignoring file as matched an ignore pattern: AeC01037_CKDL210012719-1a-5UDI301-GC06_HF5TCDSX2_L1_r1.fq.gz
[2021-07-16 15:59:34,083] multiqc                                            [DEBUG  ]  Ignoring file as matched an ignore pattern: AeA01044_CKDL210012719-1a-AK8410-AK7558_HF5TCDSX2_L1_fastp.html
[2021-07-16 15:59:34,083] multiqc                                            [DEBUG  ]  Ignoring file as matched an ignore pattern: AeA01048_CKDL210012719-1a-AK8410-7UDI246_HF5TCDSX2_L1_r2.fq.gz
[2021-07-16 15:59:34,084] multiqc                                            [DEBUG  ]  Ignoring file as matched an ignore pattern: AeA01024_CKDL210012719-1a-AK7761-7UDI246_HF5TCDSX2_L1_fastp.html
[2021-07-16 15:59:34,084] multiqc                                            [DEBUG  ]  Ignoring file as matched an ignore pattern: AeC01086_CKDL210012719-1a-AK7758-GD06_HF5TCDSX2_L1_fastp.html
[2021-07-16 15:59:34,084] multiqc                                            [DEBUG  ]  Ignoring file as matched an ignore pattern: AeC01063_CKDL210012719-1a-AK7078-AK10343_HF5TCDSX2_L1_fastp.html
[2021-07-16 15:59:34,084] multiqc                                            [DEBUG  ]  Ignoring file as matched an ignore pattern: AeC01034_CKDL210012719-1a-5UDI294-AK7557_HF5TCDSX2_L1_fastp.html
[2021-07-16 15:59:34,084] multiqc                                            [DEBUG  ]  Ignoring file as matched an ignore pattern: AeC01028_CKDL210012719-1a-AK9143-AK8488_HF5TCDSX2_L1_r2.fq.gz
[2021-07-16 15:59:34,084] multiqc                                            [DEBUG  ]  Ignoring file as matched an ignore pattern: AeA01032_CKDL210012719-1a-5UDI298-7UDI246_HF5TCDSX2_L1_r1.fq.gz
[2021-07-16 15:59:34,084] multiqc                                            [DEBUG  ]  Ignoring file as matched an ignore pattern: AeC01001_CKDL210012719-1a-5UDI301-AK533_HF5TCDSX2_L1_r1.fq.gz
[2021-07-16 15:59:34,084] multiqc                                            [DEBUG  ]  Ignoring file as matched an ignore pattern: AeA01057_CKDL210012719-1a-AK7759-7UDI214_HF5TCDSX2_L1_r1.fq.gz
[2021-07-16 15:59:34,085] multiqc                                            [DEBUG  ]  Ignoring file as matched an ignore pattern: AeC01012_CKDL210012719-1a-AK9146-GD06_HF5TCDSX2_L1_fastp.html
[2021-07-16 15:59:34,085] multiqc                                            [DEBUG  ]  Ignoring file as matched an ignore pattern: AeC01087_CKDL210012719-1a-AK7078-GD06_HF5TCDSX2_L1_fastp.html
[2021-07-16 15:59:34,085] multiqc                                            [DEBUG  ]  Ignoring file as matched an ignore pattern: AeA01020_CKDL210012719-1a-AK7761-AK7558_HF5TCDSX2_L1_fastp.html
[2021-07-16 15:59:34,085] multiqc                                            [DEBUG  ]  Ignoring file as matched an ignore pattern: AeC01035_CKDL210012719-1a-AK9146-AK7557_HF5TCDSX2_L1_r2.fq.gz
[2021-07-16 15:59:34,085] multiqc                                            [DEBUG  ]  Ignoring file as matched an ignore pattern: AeC01054_CKDL210012719-1a-AK9144-AK4236_HF5TCDSX2_L1_r2.fq.gz
[2021-07-16 15:59:34,085] multiqc                                            [DEBUG  ]  Ignoring file as matched an ignore pattern: AeC01068_CKDL210012719-1a-5UDI245-AK10343_HF5TCDSX2_L1_r2.fq.gz
[2021-07-16 15:59:34,085] multiqc                                            [DEBUG  ]  Ignoring file as matched an ignore pattern: AeC01026_CKDL210012719-1a-AK7758-AK8488_HF5TCDSX2_L1_fastp.html
[2021-07-16 15:59:34,085] multiqc                                            [DEBUG  ]  Ignoring file as matched an ignore pattern: AeA01046_CKDL210012719-1a-AK8410-AK2587_HF5TCDSX2_L1_fastp.html
[2021-07-16 15:59:34,086] multiqc                                            [DEBUG  ]  Ignoring file as matched an ignore pattern: AeC01015_CKDL210012719-1a-AK7078-AK7557_HF5TCDSX2_L1_fastp.html
[2021-07-16 15:59:34,086] multiqc                                            [DEBUG  ]  Ignoring file as matched an ignore pattern: AeC01020_CKDL210012719-1a-5UDI245-AK7557_HF5TCDSX2_L1_r2.fq.gz
[2021-07-16 15:59:34,086] multiqc                                            [DEBUG  ]  Ignoring file as matched an ignore pattern: AeA01039_CKDL210012719-1a-AK9142-GC12_HF5TCDSX2_L1_fastp.html
[2021-07-16 15:59:34,086] multiqc                                            [DEBUG  ]  Ignoring file as matched an ignore pattern: AeC01057_CKDL210012719-1a-AK8593-AK4236_HF5TCDSX2_L1_r2.fq.gz
[2021-07-16 15:59:34,086] multiqc                                            [DEBUG  ]  Ignoring file as matched an ignore pattern: AeC01074_CKDL210012719-1a-AK7758-AK4234_HF5TCDSX2_L1_r2.fq.gz
[2021-07-16 15:59:34,086] multiqc                                            [DEBUG  ]  Ignoring file as matched an ignore pattern: AeA01018_CKDL210012719-1a-AK7761-AK4971_HF5TCDSX2_L1_r1.fq.gz
[2021-07-16 15:59:34,086] multiqc                                            [DEBUG  ]  Ignoring file as matched an ignore pattern: AeC01004_CKDL210012719-1a-AK9143-AK533_HF5TCDSX2_L1_fastp.html
[2021-07-16 15:59:34,086] multiqc                                            [DEBUG  ]  Ignoring file as matched an ignore pattern: AeC01018_CKDL210012719-1a-AK9144-AK7557_HF5TCDSX2_L1_r1.fq.gz
[2021-07-16 15:59:34,086] multiqc                                            [DEBUG  ]  Ignoring file as matched an ignore pattern: AeC01030_CKDL210012719-1a-AK9144-AK8488_HF5TCDSX2_L1_r2.fq.gz
[2021-07-16 15:59:34,087] multiqc                                            [DEBUG  ]  Ignoring file as matched an ignore pattern: AeA01056_CKDL210012719-1a-AK8587-7UDI246_HF5TCDSX2_L1_r2.fq.gz
[2021-07-16 15:59:34,087] multiqc                                            [DEBUG  ]  Ignoring file as matched an ignore pattern: AeC01028_CKDL210012719-1a-AK9143-AK8488_HF5TCDSX2_L1_fastp.html
[2021-07-16 15:59:34,087] multiqc                                            [DEBUG  ]  Ignoring file as matched an ignore pattern: AeC01080_CKDL210012719-1a-5UDI245-AK4234_HF5TCDSX2_L1_fastp.html
[2021-07-16 15:59:34,088] multiqc                                            [DEBUG  ]  Ignoring file as matched an ignore pattern: AeA01008_CKDL210012719-1a-AK9141-7UDI246_HF5TCDSX2_L1_fastp.html
[2021-07-16 15:59:34,088] multiqc                                            [DEBUG  ]  Ignoring file as matched an ignore pattern: AeC01031_CKDL210012719-1a-AK3911-AK8488_HF5TCDSX2_L1_r2.fq.gz
[2021-07-16 15:59:34,088] multiqc                                            [DEBUG  ]  Ignoring file as matched an ignore pattern: AeA01015_CKDL210012719-1a-AK3905-GC12_HF5TCDSX2_L1_fastp.html
[2021-07-16 15:59:34,088] multiqc                                            [DEBUG  ]  Ignoring file as matched an ignore pattern: AeA01012_CKDL210012719-1a-AK3905-AK7558_HF5TCDSX2_L1_r1.fq.gz
[2021-07-16 15:59:34,088] multiqc                                            [DEBUG  ]  Ignoring file as matched an ignore pattern: AeA01034_CKDL210012719-1a-AK9142-AK4971_HF5TCDSX2_L1_fastp.html
[2021-07-16 15:59:34,088] multiqc                                            [DEBUG  ]  Ignoring file as matched an ignore pattern: AeC01063_CKDL210012719-1a-AK7078-AK10343_HF5TCDSX2_L1_r2.fq.gz
[2021-07-16 15:59:34,088] multiqc                                            [DEBUG  ]  Ignoring file as matched an ignore pattern: AeA01041_CKDL210012719-1a-AK8410-7UDI214_HF5TCDSX2_L1_fastp.html
[2021-07-16 15:59:34,088] multiqc                                            [DEBUG  ]  Ignoring file as matched an ignore pattern: AeC01036_CKDL210012719-1a-AK5577-AK7557_HF5TCDSX2_L1_r1.fq.gz
[2021-07-16 15:59:34,088] multiqc                                            [DEBUG  ]  Ignoring file as matched an ignore pattern: AeC01079_CKDL210012719-1a-AK3911-AK4234_HF5TCDSX2_L1_fastp.html
[2021-07-16 15:59:34,089] multiqc                                            [DEBUG  ]  Ignoring file as matched an ignore pattern: AeC01074_CKDL210012719-1a-AK7758-AK4234_HF5TCDSX2_L1_fastp.html
[2021-07-16 15:59:34,089] multiqc                                            [DEBUG  ]  Ignoring file as matched an ignore pattern: AeA01026_CKDL210012719-1a-5UDI298-AK4971_HF5TCDSX2_L1_r2.fq.gz
[2021-07-16 15:59:34,089] multiqc                                            [DEBUG  ]  Ignoring file as matched an ignore pattern: AeC01017_CKDL210012719-1a-5UDI225-AK7557_HF5TCDSX2_L1_r2.fq.gz
[2021-07-16 15:59:34,089] multiqc                                            [DEBUG  ]  Ignoring file as matched an ignore pattern: AeC01083_CKDL210012719-1a-AK9146-AK10343_HF5TCDSX2_L1_fastp.html
[2021-07-16 15:59:34,089] multiqc                                            [DEBUG  ]  Ignoring file as matched an ignore pattern: AeC01069_CKDL210012719-1a-AK8593-AK10343_HF5TCDSX2_L1_r1.fq.gz
[2021-07-16 15:59:34,089] multiqc                                            [DEBUG  ]  Ignoring file as matched an ignore pattern: AeA01016_CKDL210012719-1a-AK3905-7UDI246_HF5TCDSX2_L1_r2.fq.gz
[2021-07-16 15:59:34,090] multiqc                                            [DEBUG  ]  Ignoring file as matched an ignore pattern: AeA01014_CKDL210012719-1a-AK3905-AK2587_HF5TCDSX2_L1_r1.fq.gz
[2021-07-16 15:59:34,090] multiqc                                            [DEBUG  ]  Ignoring file as matched an ignore pattern: AeC01005_CKDL210012719-1a-5UDI225-AK533_HF5TCDSX2_L1_r1.fq.gz
[2021-07-16 15:59:34,090] multiqc                                            [DEBUG  ]  Ignoring file as matched an ignore pattern: AeC01092_CKDL210012719-1a-5UDI245-GD06_HF5TCDSX2_L1_fastp.html
[2021-07-16 15:59:34,090] multiqc                                            [DEBUG  ]  Ignoring file as matched an ignore pattern: AeC01075_CKDL210012719-1a-AK7078-AK4234_HF5TCDSX2_L1_r1.fq.gz
[2021-07-16 15:59:34,091] multiqc                                            [DEBUG  ]  Ignoring file as matched an ignore pattern: AeA01057_CKDL210012719-1a-AK7759-7UDI214_HF5TCDSX2_L1_r2.fq.gz
[2021-07-16 15:59:34,092] multiqc                                            [DEBUG  ]  Ignoring file as matched an ignore pattern: AeC01014_CKDL210012719-1a-AK7758-AK7557_HF5TCDSX2_L1_fastp.html
[2021-07-16 15:59:34,092] multiqc                                            [DEBUG  ]  Ignoring file as matched an ignore pattern: AeC01001_CKDL210012719-1a-5UDI301-AK533_HF5TCDSX2_L1_r2.fq.gz
[2021-07-16 15:59:34,092] multiqc                                            [DEBUG  ]  Ignoring file as matched an ignore pattern: AeC01042_CKDL210012719-1a-AK9144-GC06_HF5TCDSX2_L1_r2.fq.gz
[2021-07-16 15:59:34,092] multiqc                                            [DEBUG  ]  Ignoring file as matched an ignore pattern: AeA01010_CKDL210012719-1a-AK3905-AK4971_HF5TCDSX2_L1_fastp.html
[2021-07-16 15:59:34,093] multiqc                                            [DEBUG  ]  Ignoring file as matched an ignore pattern: AeA01016_CKDL210012719-1a-AK3905-7UDI246_HF5TCDSX2_L1_fastp.html
[2021-07-16 15:59:34,093] multiqc                                            [DEBUG  ]  Ignoring file as matched an ignore pattern: AeC01095_CKDL210012719-1a-AK9146-AK4234_HF5TCDSX2_L1_fastp.html
[2021-07-16 15:59:34,094] multiqc                                            [DEBUG  ]  Ignoring file as matched an ignore pattern: AeC01032_CKDL210012719-1a-5UDI245-AK8488_HF5TCDSX2_L1_fastp.html
[2021-07-16 15:59:34,094] multiqc                                            [DEBUG  ]  Ignoring file as matched an ignore pattern: AeC01029_CKDL210012719-1a-5UDI225-AK8488_HF5TCDSX2_L1_r1.fq.gz
[2021-07-16 15:59:34,094] multiqc                                            [DEBUG  ]  Ignoring file as matched an ignore pattern: AeC01071_CKDL210012719-1a-AK9146-AK4236_HF5TCDSX2_L1_r2.fq.gz
[2021-07-16 15:59:34,094] multiqc                                            [DEBUG  ]  Ignoring file as matched an ignore pattern: AeC01069_CKDL210012719-1a-AK8593-AK10343_HF5TCDSX2_L1_fastp.html
[2021-07-16 15:59:34,094] multiqc                                            [DEBUG  ]  Ignoring file as matched an ignore pattern: AeA01017_CKDL210012719-1a-AK7761-7UDI214_HF5TCDSX2_L1_r1.fq.gz
[2021-07-16 15:59:34,094] multiqc                                            [DEBUG  ]  Ignoring file as matched an ignore pattern: AeC01041_CKDL210012719-1a-5UDI225-GC06_HF5TCDSX2_L1_fastp.html
[2021-07-16 15:59:34,095] multiqc                                            [DEBUG  ]  Ignoring file as matched an ignore pattern: AeC01036_CKDL210012719-1a-AK5577-AK7557_HF5TCDSX2_L1_r2.fq.gz
[2021-07-16 15:59:34,095] multiqc                                            [DEBUG  ]  Ignoring file as matched an ignore pattern: AeA01035_CKDL210012719-1a-AK9142-AK1864_HF5TCDSX2_L1_fastp.html
[2021-07-16 15:59:34,095] multiqc                                            [DEBUG  ]  Ignoring file as matched an ignore pattern: AeC01090_CKDL210012719-1a-AK9144-GD06_HF5TCDSX2_L1_fastp.html
[2021-07-16 15:59:34,095] multiqc                                            [DEBUG  ]  Ignoring file as matched an ignore pattern: AeA01057_CKDL210012719-1a-AK7759-7UDI214_HF5TCDSX2_L1_fastp.html
[2021-07-16 15:59:34,095] multiqc                                            [DEBUG  ]  Ignoring file as matched an ignore pattern: AeA01040_CKDL210012719-1a-AK9142-7UDI246_HF5TCDSX2_L1_r2.fq.gz
[2021-07-16 15:59:34,096] multiqc                                            [DEBUG  ]  Ignoring file as matched an ignore pattern: AeA01030_CKDL210012719-1a-5UDI298-AK2587_HF5TCDSX2_L1_fastp.html
[2021-07-16 15:59:34,096] multiqc                                            [DEBUG  ]  Ignoring file as matched an ignore pattern: AeC01061_CKDL210012719-1a-5UDI301-AK10343_HF5TCDSX2_L1_r1.fq.gz
[2021-07-16 15:59:34,096] multiqc                                            [DEBUG  ]  Ignoring file as matched an ignore pattern: AeC01058_CKDL210012719-1a-5UDI294-GC06_HF5TCDSX2_L1_r2.fq.gz
[2021-07-16 15:59:34,096] multiqc                                            [DEBUG  ]  Ignoring file as matched an ignore pattern: AeA01001_CKDL210012719-1a-AK9141-7UDI214_HF5TCDSX2_L1_fastp.html
[2021-07-16 15:59:34,097] multiqc                                            [DEBUG  ]  Ignoring file as matched an ignore pattern: AeA01032_CKDL210012719-1a-5UDI298-7UDI246_HF5TCDSX2_L1_r2.fq.gz
[2021-07-16 15:59:34,097] multiqc                                            [DEBUG  ]  Ignoring file as matched an ignore pattern: AeA01001_CKDL210012719-1a-AK9141-7UDI214_HF5TCDSX2_L1_r2.fq.gz
[2021-07-16 15:59:34,097] multiqc                                            [DEBUG  ]  Ignoring file as matched an ignore pattern: AeC01036_CKDL210012719-1a-AK5577-AK7557_HF5TCDSX2_L1_fastp.html
[2021-07-16 15:59:34,097] multiqc                                            [DEBUG  ]  Ignoring file as matched an ignore pattern: AeA01042_CKDL210012719-1a-AK8410-AK4971_HF5TCDSX2_L1_r2.fq.gz
[2021-07-16 15:59:34,098] multiqc                                            [DEBUG  ]  Ignoring file as matched an ignore pattern: AeC01084_CKDL210012719-1a-AK5577-AK10343_HF5TCDSX2_L1_fastp.html
[2021-07-16 15:59:34,098] multiqc                                            [DEBUG  ]  Ignoring file as matched an ignore pattern: AeC01083_CKDL210012719-1a-AK9146-AK10343_HF5TCDSX2_L1_r1.fq.gz
[2021-07-16 15:59:34,099] multiqc                                            [DEBUG  ]  Ignoring file as matched an ignore pattern: AeA01059_CKDL210012719-1a-AK7759-AK1864_HF5TCDSX2_L1_fastp.html
[2021-07-16 15:59:34,099] multiqc                                            [DEBUG  ]  Ignoring file as matched an ignore pattern: AeC01081_CKDL210012719-1a-AK8593-AK4234_HF5TCDSX2_L1_fastp.html
[2021-07-16 15:59:34,099] multiqc                                            [DEBUG  ]  Ignoring file as matched an ignore pattern: AeC01016_CKDL210012719-1a-AK9143-AK7557_HF5TCDSX2_L1_r2.fq.gz
[2021-07-16 15:59:34,099] multiqc                                            [DEBUG  ]  Ignoring file as matched an ignore pattern: AeC01060_CKDL210012719-1a-AK5577-GC06_HF5TCDSX2_L1_r2.fq.gz
[2021-07-16 15:59:34,099] multiqc                                            [DEBUG  ]  Ignoring file as matched an ignore pattern: AeA01035_CKDL210012719-1a-AK9142-AK1864_HF5TCDSX2_L1_r2.fq.gz
[2021-07-16 15:59:34,099] multiqc                                            [DEBUG  ]  Ignoring file as matched an ignore pattern: AeC01085_CKDL210012719-1a-5UDI301-GD06_HF5TCDSX2_L1_fastp.html
[2021-07-16 15:59:34,100] multiqc                                            [DEBUG  ]  Ignoring file as matched an ignore pattern: AeA01003_CKDL210012719-1a-AK9141-AK1864_HF5TCDSX2_L1_r1.fq.gz
[2021-07-16 15:59:34,100] multiqc                                            [DEBUG  ]  Ignoring file as matched an ignore pattern: AeC01094_CKDL210012719-1a-5UDI294-AK4234_HF5TCDSX2_L1_r1.fq.gz
[2021-07-16 15:59:34,100] multiqc                                            [DEBUG  ]  Ignoring file as matched an ignore pattern: AeC01013_CKDL210012719-1a-5UDI301-AK7557_HF5TCDSX2_L1_fastp.html
[2021-07-16 15:59:34,100] multiqc                                            [DEBUG  ]  Ignoring file as matched an ignore pattern: AeC01081_CKDL210012719-1a-AK8593-AK4234_HF5TCDSX2_L1_r1.fq.gz
[2021-07-16 15:59:34,100] multiqc                                            [DEBUG  ]  Ignoring file as matched an ignore pattern: AeC01078_CKDL210012719-1a-AK9144-AK4234_HF5TCDSX2_L1_r1.fq.gz
[2021-07-16 15:59:34,101] multiqc                                            [DEBUG  ]  Ignoring file as matched an ignore pattern: AeC01089_CKDL210012719-1a-5UDI225-GD06_HF5TCDSX2_L1_fastp.html
[2021-07-16 15:59:34,101] multiqc                                            [DEBUG  ]  Ignoring file as matched an ignore pattern: AeC01009_CKDL210012719-1a-AK8593-AK533_HF5TCDSX2_L1_r1.fq.gz
[2021-07-16 15:59:34,101] multiqc                                            [DEBUG  ]  Ignoring file as matched an ignore pattern: AeC01049_CKDL210012719-1a-5UDI301-AK4236_HF5TCDSX2_L1_fastp.html
[2021-07-16 15:59:34,102] multiqc                                            [DEBUG  ]  Ignoring file as matched an ignore pattern: AeC01037_CKDL210012719-1a-5UDI301-GC06_HF5TCDSX2_L1_fastp.html
[2021-07-16 15:59:34,102] multiqc                                            [DEBUG  ]  Ignoring file as matched an ignore pattern: AeA01031_CKDL210012719-1a-5UDI298-GC12_HF5TCDSX2_L1_r1.fq.gz
[2021-07-16 15:59:34,102] multiqc                                            [DEBUG  ]  Ignoring file as matched an ignore pattern: AeA01004_CKDL210012719-1a-AK9141-AK7558_HF5TCDSX2_L1_r1.fq.gz
[2021-07-16 15:59:34,102] multiqc                                            [DEBUG  ]  Ignoring file as matched an ignore pattern: AeC01086_CKDL210012719-1a-AK7758-GD06_HF5TCDSX2_L1_r1.fq.gz
[2021-07-16 15:59:34,102] multiqc                                            [DEBUG  ]  Ignoring file as matched an ignore pattern: AeC01095_CKDL210012719-1a-AK9146-AK4234_HF5TCDSX2_L1_r2.fq.gz
[2021-07-16 15:59:34,102] multiqc                                            [DEBUG  ]  Ignoring file as matched an ignore pattern: AeC01072_CKDL210012719-1a-AK5577-AK4236_HF5TCDSX2_L1_r1.fq.gz
[2021-07-16 15:59:34,102] multiqc                                            [DEBUG  ]  Ignoring file as matched an ignore pattern: AeC01011_CKDL210012719-1a-5UDI294-GD06_HF5TCDSX2_L1_r2.fq.gz
[2021-07-16 15:59:34,102] multiqc                                            [DEBUG  ]  Ignoring file as matched an ignore pattern: AeA01047_CKDL210012719-1a-AK8410-GC12_HF5TCDSX2_L1_r1.fq.gz
[2021-07-16 15:59:34,103] multiqc                                            [DEBUG  ]  Ignoring file as matched an ignore pattern: AeC01088_CKDL210012719-1a-AK9143-GD06_HF5TCDSX2_L1_fail.fq.gz
[2021-07-16 15:59:34,103] multiqc                                            [DEBUG  ]  Ignoring file as matched an ignore pattern: AeC01019_CKDL210012719-1a-AK3911-AK7557_HF5TCDSX2_L1_unprd.fq.gz
[2021-07-16 15:59:34,103] multiqc                                            [DEBUG  ]  Ignoring file as matched an ignore pattern: AeC01065_CKDL210012719-1a-5UDI225-AK10343_HF5TCDSX2_L1_unprd.fq.gz
[2021-07-16 15:59:34,104] multiqc                                            [DEBUG  ]  Ignoring file as matched an ignore pattern: AeC01019_CKDL210012719-1a-AK3911-AK7557_HF5TCDSX2_L1_fail.fq.gz
[2021-07-16 15:59:34,104] multiqc                                            [DEBUG  ]  Ignoring file as matched an ignore pattern: AeC01035_CKDL210012719-1a-AK9146-AK7557_HF5TCDSX2_L1_fail.fq.gz
[2021-07-16 15:59:34,104] multiqc                                            [DEBUG  ]  Ignoring file as matched an ignore pattern: AeC01014_CKDL210012719-1a-AK7758-AK7557_HF5TCDSX2_L1_unprd.fq.gz
[2021-07-16 15:59:34,104] multiqc                                            [DEBUG  ]  Ignoring file as matched an ignore pattern: AeC01095_CKDL210012719-1a-AK9146-AK4234_HF5TCDSX2_L1_unprd.fq.gz
[2021-07-16 15:59:34,105] multiqc                                            [DEBUG  ]  Ignoring file as matched an ignore pattern: AeC01017_CKDL210012719-1a-5UDI225-AK7557_HF5TCDSX2_L1_unprd.fq.gz
[2021-07-16 15:59:34,105] multiqc                                            [DEBUG  ]  Ignoring file as matched an ignore pattern: AeA01055_CKDL210012719-1a-AK8587-GC12_HF5TCDSX2_L1_fail.fq.gz
[2021-07-16 15:59:34,105] multiqc                                            [DEBUG  ]  Ignoring file as matched an ignore pattern: AeA01032_CKDL210012719-1a-5UDI298-7UDI246_HF5TCDSX2_L1_fail.fq.gz
[2021-07-16 15:59:34,105] multiqc                                            [DEBUG  ]  Ignoring file as matched an ignore pattern: AeC01079_CKDL210012719-1a-AK3911-AK4234_HF5TCDSX2_L1_unprd.fq.gz
[2021-07-16 15:59:34,106] multiqc                                            [DEBUG  ]  Ignoring file as matched an ignore pattern: AeA01042_CKDL210012719-1a-AK8410-AK4971_HF5TCDSX2_L1_unprd.fq.gz
[2021-07-16 15:59:34,106] multiqc                                            [DEBUG  ]  Ignoring file as matched an ignore pattern: AeA01028_CKDL210012719-1a-5UDI298-AK7558_HF5TCDSX2_L1_unprd.fq.gz
[2021-07-16 15:59:34,106] multiqc                                            [DEBUG  ]  Ignoring file as matched an ignore pattern: AeC01051_CKDL210012719-1a-AK7078-AK4236_HF5TCDSX2_L1_fail.fq.gz
[2021-07-16 15:59:34,107] multiqc                                            [DEBUG  ]  Ignoring file as matched an ignore pattern: AeC01001_CKDL210012719-1a-5UDI301-AK533_HF5TCDSX2_L1_fail.fq.gz
[2021-07-16 15:59:34,107] multiqc                                            [DEBUG  ]  Ignoring file as matched an ignore pattern: AeC01096_CKDL210012719-1a-AK5577-AK4234_HF5TCDSX2_L1_unprd.fq.gz
[2021-07-16 15:59:34,107] multiqc                                            [DEBUG  ]  Ignoring file as matched an ignore pattern: AeA01030_CKDL210012719-1a-5UDI298-AK2587_HF5TCDSX2_L1_fail.fq.gz
[2021-07-16 15:59:34,108] multiqc                                            [DEBUG  ]  Ignoring file as matched an ignore pattern: AeC01085_CKDL210012719-1a-5UDI301-GD06_HF5TCDSX2_L1_fail.fq.gz
[2021-07-16 15:59:34,108] multiqc                                            [DEBUG  ]  Ignoring file as matched an ignore pattern: AeC01044_CKDL210012719-1a-5UDI245-GC06_HF5TCDSX2_L1_unprd.fq.gz
[2021-07-16 15:59:34,108] multiqc                                            [DEBUG  ]  Ignoring file as matched an ignore pattern: AeC01074_CKDL210012719-1a-AK7758-AK4234_HF5TCDSX2_L1_fail.fq.gz
[2021-07-16 15:59:34,108] multiqc                                            [DEBUG  ]  Ignoring file as matched an ignore pattern: AeA01003_CKDL210012719-1a-AK9141-AK1864_HF5TCDSX2_L1_unprd.fq.gz
[2021-07-16 15:59:34,109] multiqc                                            [DEBUG  ]  Ignoring file as matched an ignore pattern: AeA01041_CKDL210012719-1a-AK8410-7UDI214_HF5TCDSX2_L1_fail.fq.gz
[2021-07-16 15:59:34,109] multiqc                                            [DEBUG  ]  Ignoring file as matched an ignore pattern: AeA01048_CKDL210012719-1a-AK8410-7UDI246_HF5TCDSX2_L1_fail.fq.gz
[2021-07-16 15:59:34,109] multiqc                                            [DEBUG  ]  Ignoring file as matched an ignore pattern: AeC01082_CKDL210012719-1a-5UDI294-AK10343_HF5TCDSX2_L1_unprd.fq.gz
[2021-07-16 15:59:34,109] multiqc                                            [DEBUG  ]  Ignoring file as matched an ignore pattern: AeA01021_CKDL210012719-1a-AK7761-7UDI308_HF5TCDSX2_L1_unprd.fq.gz
[2021-07-16 15:59:34,110] multiqc                                            [DEBUG  ]  Ignoring file as matched an ignore pattern: AeA01005_CKDL210012719-1a-AK9141-7UDI308_HF5TCDSX2_L1_unprd.fq.gz
[2021-07-16 15:59:34,110] multiqc                                            [DEBUG  ]  Ignoring file as matched an ignore pattern: AeC01003_CKDL210012719-1a-AK7078-AK533_HF5TCDSX2_L1_unprd.fq.gz
[2021-07-16 15:59:34,110] multiqc                                            [DEBUG  ]  Ignoring file as matched an ignore pattern: AeC01034_CKDL210012719-1a-5UDI294-AK7557_HF5TCDSX2_L1_unprd.fq.gz
[2021-07-16 15:59:34,111] multiqc                                            [DEBUG  ]  Ignoring file as matched an ignore pattern: AeA01013_CKDL210012719-1a-AK3905-7UDI308_HF5TCDSX2_L1_unprd.fq.gz
[2021-07-16 15:59:34,111] multiqc                                            [DEBUG  ]  Ignoring file as matched an ignore pattern: AeA01011_CKDL210012719-1a-AK3905-AK1864_HF5TCDSX2_L1_fail.fq.gz
[2021-07-16 15:59:34,111] multiqc                                            [DEBUG  ]  Ignoring file as matched an ignore pattern: AeC01070_CKDL210012719-1a-5UDI294-AK4236_HF5TCDSX2_L1_fail.fq.gz
[2021-07-16 15:59:34,111] multiqc                                            [DEBUG  ]  Ignoring file as matched an ignore pattern: AeA01034_CKDL210012719-1a-AK9142-AK4971_HF5TCDSX2_L1_fail.fq.gz
[2021-07-16 15:59:34,112] multiqc                                            [DEBUG  ]  Ignoring file as matched an ignore pattern: AeC01037_CKDL210012719-1a-5UDI301-GC06_HF5TCDSX2_L1_fail.fq.gz
[2021-07-16 15:59:34,112] multiqc                                            [DEBUG  ]  Ignoring file as matched an ignore pattern: AeC01066_CKDL210012719-1a-AK9144-AK10343_HF5TCDSX2_L1_fail.fq.gz
[2021-07-16 15:59:34,112] multiqc                                            [DEBUG  ]  Ignoring file as matched an ignore pattern: AeA01023_CKDL210012719-1a-AK7761-GC12_HF5TCDSX2_L1_fail.fq.gz
[2021-07-16 15:59:34,113] multiqc                                            [DEBUG  ]  Ignoring file as matched an ignore pattern: AeC01046_CKDL210012719-1a-5UDI294-AK8488_HF5TCDSX2_L1_unprd.fq.gz
[2021-07-16 15:59:34,113] multiqc                                            [DEBUG  ]  Ignoring file as matched an ignore pattern: AeC01036_CKDL210012719-1a-AK5577-AK7557_HF5TCDSX2_L1_fail.fq.gz
[2021-07-16 15:59:34,113] multiqc                                            [DEBUG  ]  Ignoring file as matched an ignore pattern: AeC01054_CKDL210012719-1a-AK9144-AK4236_HF5TCDSX2_L1_unprd.fq.gz
[2021-07-16 15:59:34,114] multiqc                                            [DEBUG  ]  Ignoring file as matched an ignore pattern: AeC01043_CKDL210012719-1a-AK3911-GC06_HF5TCDSX2_L1_unprd.fq.gz
[2021-07-16 15:59:34,114] multiqc                                            [DEBUG  ]  Ignoring file as matched an ignore pattern: AeC01027_CKDL210012719-1a-AK7078-AK8488_HF5TCDSX2_L1_fail.fq.gz
[2021-07-16 15:59:34,114] multiqc                                            [DEBUG  ]  Ignoring file as matched an ignore pattern: AeA01004_CKDL210012719-1a-AK9141-AK7558_HF5TCDSX2_L1_fail.fq.gz
[2021-07-16 15:59:34,115] multiqc                                            [DEBUG  ]  Ignoring file as matched an ignore pattern: AeA01054_CKDL210012719-1a-AK8587-AK2587_HF5TCDSX2_L1_unprd.fq.gz
[2021-07-16 15:59:34,115] multiqc                                            [DEBUG  ]  Ignoring file as matched an ignore pattern: AeA01036_CKDL210012719-1a-AK9142-AK7558_HF5TCDSX2_L1_fail.fq.gz
[2021-07-16 15:59:34,115] multiqc                                            [DEBUG  ]  Ignoring file as matched an ignore pattern: AeC01031_CKDL210012719-1a-AK3911-AK8488_HF5TCDSX2_L1_fail.fq.gz
[2021-07-16 15:59:34,116] multiqc                                            [DEBUG  ]  Ignoring file as matched an ignore pattern: AeC01036_CKDL210012719-1a-AK5577-AK7557_HF5TCDSX2_L1_unprd.fq.gz
[2021-07-16 15:59:34,116] multiqc                                            [DEBUG  ]  Ignoring file as matched an ignore pattern: AeC01067_CKDL210012719-1a-AK3911-AK10343_HF5TCDSX2_L1_unprd.fq.gz
[2021-07-16 15:59:34,116] multiqc                                            [DEBUG  ]  Ignoring file as matched an ignore pattern: AeA01027_CKDL210012719-1a-5UDI298-AK1864_HF5TCDSX2_L1_fail.fq.gz
[2021-07-16 15:59:34,117] multiqc                                            [DEBUG  ]  Ignoring file as matched an ignore pattern: AeA01044_CKDL210012719-1a-AK8410-AK7558_HF5TCDSX2_L1_fail.fq.gz
[2021-07-16 15:59:34,117] multiqc                                            [DEBUG  ]  Ignoring file as matched an ignore pattern: AeC01075_CKDL210012719-1a-AK7078-AK4234_HF5TCDSX2_L1_fail.fq.gz
[2021-07-16 15:59:34,117] multiqc                                            [DEBUG  ]  Ignoring file as matched an ignore pattern: AeC01038_CKDL210012719-1a-AK7758-GC06_HF5TCDSX2_L1_fail.fq.gz
[2021-07-16 15:59:34,118] multiqc                                            [DEBUG  ]  Ignoring file as matched an ignore pattern: AeA01006_CKDL210012719-1a-AK9141-AK2587_HF5TCDSX2_L1_unprd.fq.gz
[2021-07-16 15:59:34,118] multiqc                                            [DEBUG  ]  Ignoring file as matched an ignore pattern: AeC01063_CKDL210012719-1a-AK7078-AK10343_HF5TCDSX2_L1_unprd.fq.gz
[2021-07-16 15:59:34,118] multiqc                                            [DEBUG  ]  Ignoring file as matched an ignore pattern: AeA01046_CKDL210012719-1a-AK8410-AK2587_HF5TCDSX2_L1_fail.fq.gz
[2021-07-16 15:59:34,118] multiqc                                            [DEBUG  ]  Ignoring file as matched an ignore pattern: AeC01059_CKDL210012719-1a-AK9146-GC06_HF5TCDSX2_L1_fail.fq.gz
[2021-07-16 15:59:34,119] multiqc                                            [DEBUG  ]  Ignoring file as matched an ignore pattern: AeC01027_CKDL210012719-1a-AK7078-AK8488_HF5TCDSX2_L1_unprd.fq.gz
[2021-07-16 15:59:34,119] multiqc                                            [DEBUG  ]  Ignoring file as matched an ignore pattern: AeC01029_CKDL210012719-1a-5UDI225-AK8488_HF5TCDSX2_L1_unprd.fq.gz
[2021-07-16 15:59:34,119] multiqc                                            [DEBUG  ]  Ignoring file as matched an ignore pattern: AeC01023_CKDL210012719-1a-AK9146-AK533_HF5TCDSX2_L1_fail.fq.gz
[2021-07-16 15:59:34,120] multiqc                                            [DEBUG  ]  Ignoring file as matched an ignore pattern: AeC01046_CKDL210012719-1a-5UDI294-AK8488_HF5TCDSX2_L1_fail.fq.gz
[2021-07-16 15:59:34,120] multiqc                                            [DEBUG  ]  Ignoring file as matched an ignore pattern: AeA01040_CKDL210012719-1a-AK9142-7UDI246_HF5TCDSX2_L1_fail.fq.gz
[2021-07-16 15:59:34,120] multiqc                                            [DEBUG  ]  Ignoring file as matched an ignore pattern: AeC01055_CKDL210012719-1a-AK3911-AK4236_HF5TCDSX2_L1_unprd.fq.gz
[2021-07-16 15:59:34,121] multiqc                                            [DEBUG  ]  Ignoring file as matched an ignore pattern: AeA01036_CKDL210012719-1a-AK9142-AK7558_HF5TCDSX2_L1_unprd.fq.gz
[2021-07-16 15:59:34,121] multiqc                                            [DEBUG  ]  Ignoring file as matched an ignore pattern: AeC01056_CKDL210012719-1a-5UDI245-AK4236_HF5TCDSX2_L1_fail.fq.gz
[2021-07-16 15:59:34,121] multiqc                                            [DEBUG  ]  Ignoring file as matched an ignore pattern: AeC01044_CKDL210012719-1a-5UDI245-GC06_HF5TCDSX2_L1_fail.fq.gz
[2021-07-16 15:59:34,122] multiqc                                            [DEBUG  ]  Ignoring file as matched an ignore pattern: AeC01010_CKDL210012719-1a-AK8593-GD06_HF5TCDSX2_L1_fail.fq.gz
[2021-07-16 15:59:34,122] multiqc                                            [DEBUG  ]  Ignoring file as matched an ignore pattern: AeA01043_CKDL210012719-1a-AK8410-AK1864_HF5TCDSX2_L1_fail.fq.gz
[2021-07-16 15:59:34,122] multiqc                                            [DEBUG  ]  Ignoring file as matched an ignore pattern: AeA01031_CKDL210012719-1a-5UDI298-GC12_HF5TCDSX2_L1_unprd.fq.gz
[2021-07-16 15:59:34,123] multiqc                                            [DEBUG  ]  Ignoring file as matched an ignore pattern: AeA01008_CKDL210012719-1a-AK9141-7UDI246_HF5TCDSX2_L1_fail.fq.gz
[2021-07-16 15:59:34,123] multiqc                                            [DEBUG  ]  Ignoring file as matched an ignore pattern: AeC01062_CKDL210012719-1a-AK7758-AK10343_HF5TCDSX2_L1_unprd.fq.gz
[2021-07-16 15:59:34,124] multiqc                                            [DEBUG  ]  Ignoring file as matched an ignore pattern: AeC01085_CKDL210012719-1a-5UDI301-GD06_HF5TCDSX2_L1_unprd.fq.gz
[2021-07-16 15:59:34,124] multiqc                                            [DEBUG  ]  Ignoring file as matched an ignore pattern: AeC01063_CKDL210012719-1a-AK7078-AK10343_HF5TCDSX2_L1_fail.fq.gz
[2021-07-16 15:59:34,124] multiqc                                            [DEBUG  ]  Ignoring file as matched an ignore pattern: AeC01061_CKDL210012719-1a-5UDI301-AK10343_HF5TCDSX2_L1_fail.fq.gz
[2021-07-16 15:59:34,125] multiqc                                            [DEBUG  ]  Ignoring file as matched an ignore pattern: AeC01041_CKDL210012719-1a-5UDI225-GC06_HF5TCDSX2_L1_unprd.fq.gz
[2021-07-16 15:59:34,125] multiqc                                            [DEBUG  ]  Ignoring file as matched an ignore pattern: AeC01080_CKDL210012719-1a-5UDI245-AK4234_HF5TCDSX2_L1_unprd.fq.gz
[2021-07-16 15:59:34,126] multiqc                                            [DEBUG  ]  Ignoring file as matched an ignore pattern: AeA01007_CKDL210012719-1a-AK9141-GC12_HF5TCDSX2_L1_fail.fq.gz
[2021-07-16 15:59:34,126] multiqc                                            [DEBUG  ]  Ignoring file as matched an ignore pattern: AeC01087_CKDL210012719-1a-AK7078-GD06_HF5TCDSX2_L1_unprd.fq.gz
[2021-07-16 15:59:34,126] multiqc                                            [DEBUG  ]  Ignoring file as matched an ignore pattern: AeC01022_CKDL210012719-1a-5UDI294-AK533_HF5TCDSX2_L1_unprd.fq.gz
[2021-07-16 15:59:34,127] multiqc                                            [DEBUG  ]  Ignoring file as matched an ignore pattern: AeC01056_CKDL210012719-1a-5UDI245-AK4236_HF5TCDSX2_L1_unprd.fq.gz
[2021-07-16 15:59:34,127] multiqc                                            [DEBUG  ]  Ignoring file as matched an ignore pattern: AeC01016_CKDL210012719-1a-AK9143-AK7557_HF5TCDSX2_L1_fail.fq.gz
[2021-07-16 15:59:34,128] multiqc                                            [DEBUG  ]  Ignoring file as matched an ignore pattern: AeA01035_CKDL210012719-1a-AK9142-AK1864_HF5TCDSX2_L1_unprd.fq.gz
[2021-07-16 15:59:34,128] multiqc                                            [DEBUG  ]  Ignoring file as matched an ignore pattern: AeA01026_CKDL210012719-1a-5UDI298-AK4971_HF5TCDSX2_L1_unprd.fq.gz
[2021-07-16 15:59:34,128] multiqc                                            [DEBUG  ]  Ignoring file as matched an ignore pattern: AeC01065_CKDL210012719-1a-5UDI225-AK10343_HF5TCDSX2_L1_fail.fq.gz
[2021-07-16 15:59:34,129] multiqc                                            [DEBUG  ]  Ignoring file as matched an ignore pattern: AeC01032_CKDL210012719-1a-5UDI245-AK8488_HF5TCDSX2_L1_fail.fq.gz
[2021-07-16 15:59:34,129] multiqc                                            [DEBUG  ]  Ignoring file as matched an ignore pattern: AeC01018_CKDL210012719-1a-AK9144-AK7557_HF5TCDSX2_L1_fail.fq.gz
[2021-07-16 15:59:34,129] multiqc                                            [DEBUG  ]  Ignoring file as matched an ignore pattern: AeA01033_CKDL210012719-1a-AK9142-7UDI214_HF5TCDSX2_L1_unprd.fq.gz
[2021-07-16 15:59:34,130] multiqc                                            [DEBUG  ]  Ignoring file as matched an ignore pattern: AeC01090_CKDL210012719-1a-AK9144-GD06_HF5TCDSX2_L1_unprd.fq.gz
[2021-07-16 15:59:34,130] multiqc                                            [DEBUG  ]  Ignoring file as matched an ignore pattern: AeC01009_CKDL210012719-1a-AK8593-AK533_HF5TCDSX2_L1_fail.fq.gz
[2021-07-16 15:59:34,130] multiqc                                            [DEBUG  ]  Ignoring file as matched an ignore pattern: AeC01083_CKDL210012719-1a-AK9146-AK10343_HF5TCDSX2_L1_unprd.fq.gz
[2021-07-16 15:59:34,131] multiqc                                            [DEBUG  ]  Ignoring file as matched an ignore pattern: AeC01042_CKDL210012719-1a-AK9144-GC06_HF5TCDSX2_L1_fail.fq.gz
[2021-07-16 15:59:34,131] multiqc                                            [DEBUG  ]  Ignoring file as matched an ignore pattern: AeA01026_CKDL210012719-1a-5UDI298-AK4971_HF5TCDSX2_L1_fail.fq.gz
[2021-07-16 15:59:34,132] multiqc                                            [DEBUG  ]  Ignoring file as matched an ignore pattern: AeA01033_CKDL210012719-1a-AK9142-7UDI214_HF5TCDSX2_L1_fail.fq.gz
[2021-07-16 15:59:34,132] multiqc                                            [DEBUG  ]  Ignoring file as matched an ignore pattern: AeC01039_CKDL210012719-1a-AK7078-GC06_HF5TCDSX2_L1_fail.fq.gz
[2021-07-16 15:59:34,133] multiqc                                            [DEBUG  ]  Ignoring file as matched an ignore pattern: AeA01022_CKDL210012719-1a-AK7761-AK2587_HF5TCDSX2_L1_unprd.fq.gz
[2021-07-16 15:59:34,133] multiqc                                            [DEBUG  ]  Ignoring file as matched an ignore pattern: AeC01083_CKDL210012719-1a-AK9146-AK10343_HF5TCDSX2_L1_fail.fq.gz
[2021-07-16 15:59:34,133] multiqc                                            [DEBUG  ]  Ignoring file as matched an ignore pattern: AeA01049_CKDL210012719-1a-AK8587-7UDI214_HF5TCDSX2_L1_fail.fq.gz
[2021-07-16 15:59:34,134] multiqc                                            [DEBUG  ]  Ignoring file as matched an ignore pattern: AeC01050_CKDL210012719-1a-AK7758-AK4236_HF5TCDSX2_L1_unprd.fq.gz
[2021-07-16 15:59:34,134] multiqc                                            [DEBUG  ]  Ignoring file as matched an ignore pattern: AeA01011_CKDL210012719-1a-AK3905-AK1864_HF5TCDSX2_L1_unprd.fq.gz
[2021-07-16 15:59:34,135] multiqc                                            [DEBUG  ]  Ignoring file as matched an ignore pattern: AeA01051_CKDL210012719-1a-AK8587-AK1864_HF5TCDSX2_L1_fail.fq.gz
[2021-07-16 15:59:34,135] multiqc                                            [DEBUG  ]  Ignoring file as matched an ignore pattern: AeA01018_CKDL210012719-1a-AK7761-AK4971_HF5TCDSX2_L1_unprd.fq.gz
[2021-07-16 15:59:34,136] multiqc                                            [DEBUG  ]  Ignoring file as matched an ignore pattern: AeA01030_CKDL210012719-1a-5UDI298-AK2587_HF5TCDSX2_L1_unprd.fq.gz
[2021-07-16 15:59:34,136] multiqc                                            [DEBUG  ]  Ignoring file as matched an ignore pattern: AeC01073_CKDL210012719-1a-5UDI301-AK4234_HF5TCDSX2_L1_unprd.fq.gz
[2021-07-16 15:59:34,136] multiqc                                            [DEBUG  ]  Ignoring file as matched an ignore pattern: AeC01015_CKDL210012719-1a-AK7078-AK7557_HF5TCDSX2_L1_fail.fq.gz
[2021-07-16 15:59:34,137] multiqc                                            [DEBUG  ]  Ignoring file as matched an ignore pattern: AeA01056_CKDL210012719-1a-AK8587-7UDI246_HF5TCDSX2_L1_fail.fq.gz
[2021-07-16 15:59:34,137] multiqc                                            [DEBUG  ]  Ignoring file as matched an ignore pattern: AeC01084_CKDL210012719-1a-AK5577-AK10343_HF5TCDSX2_L1_unprd.fq.gz
[2021-07-16 15:59:34,138] multiqc                                            [DEBUG  ]  Ignoring file as matched an ignore pattern: AeA01027_CKDL210012719-1a-5UDI298-AK1864_HF5TCDSX2_L1_unprd.fq.gz
[2021-07-16 15:59:34,138] multiqc                                            [DEBUG  ]  Ignoring file as matched an ignore pattern: AeA01012_CKDL210012719-1a-AK3905-AK7558_HF5TCDSX2_L1_fail.fq.gz
[2021-07-16 15:59:34,139] multiqc                                            [DEBUG  ]  Ignoring file as matched an ignore pattern: AeC01011_CKDL210012719-1a-5UDI294-GD06_HF5TCDSX2_L1_fail.fq.gz
[2021-07-16 15:59:34,139] multiqc                                            [DEBUG  ]  Ignoring file as matched an ignore pattern: AeC01058_CKDL210012719-1a-5UDI294-GC06_HF5TCDSX2_L1_unprd.fq.gz
[2021-07-16 15:59:34,139] multiqc                                            [DEBUG  ]  Ignoring file as matched an ignore pattern: AeA01050_CKDL210012719-1a-AK8587-AK4971_HF5TCDSX2_L1_unprd.fq.gz
[2021-07-16 15:59:34,140] multiqc                                            [DEBUG  ]  Ignoring file as matched an ignore pattern: AeA01025_CKDL210012719-1a-5UDI298-7UDI214_HF5TCDSX2_L1_fail.fq.gz
[2021-07-16 15:59:34,140] multiqc                                            [DEBUG  ]  Ignoring file as matched an ignore pattern: AeA01001_CKDL210012719-1a-AK9141-7UDI214_HF5TCDSX2_L1_unprd.fq.gz
[2021-07-16 15:59:34,141] multiqc                                            [DEBUG  ]  Ignoring file as matched an ignore pattern: AeC01057_CKDL210012719-1a-AK8593-AK4236_HF5TCDSX2_L1_unprd.fq.gz
[2021-07-16 15:59:34,141] multiqc                                            [DEBUG  ]  Ignoring file as matched an ignore pattern: AeA01019_CKDL210012719-1a-AK7761-AK1864_HF5TCDSX2_L1_fail.fq.gz
[2021-07-16 15:59:34,142] multiqc                                            [DEBUG  ]  Ignoring file as matched an ignore pattern: AeA01058_CKDL210012719-1a-AK7759-AK4971_HF5TCDSX2_L1_fail.fq.gz
[2021-07-16 15:59:34,142] multiqc                                            [DEBUG  ]  Ignoring file as matched an ignore pattern: AeC01090_CKDL210012719-1a-AK9144-GD06_HF5TCDSX2_L1_fail.fq.gz
[2021-07-16 15:59:34,143] multiqc                                            [DEBUG  ]  Ignoring file as matched an ignore pattern: AeC01026_CKDL210012719-1a-AK7758-AK8488_HF5TCDSX2_L1_fail.fq.gz
[2021-07-16 15:59:34,143] multiqc                                            [DEBUG  ]  Ignoring file as matched an ignore pattern: AeA01024_CKDL210012719-1a-AK7761-7UDI246_HF5TCDSX2_L1_unprd.fq.gz
[2021-07-16 15:59:34,143] multiqc                                            [DEBUG  ]  Ignoring file as matched an ignore pattern: AeC01013_CKDL210012719-1a-5UDI301-AK7557_HF5TCDSX2_L1_unprd.fq.gz
[2021-07-16 15:59:34,144] multiqc                                            [DEBUG  ]  Ignoring file as matched an ignore pattern: AeA01017_CKDL210012719-1a-AK7761-7UDI214_HF5TCDSX2_L1_unprd.fq.gz
[2021-07-16 15:59:34,144] multiqc                                            [DEBUG  ]  Ignoring file as matched an ignore pattern: AeA01007_CKDL210012719-1a-AK9141-GC12_HF5TCDSX2_L1_unprd.fq.gz
[2021-07-16 15:59:34,145] multiqc                                            [DEBUG  ]  Ignoring file as matched an ignore pattern: AeA01019_CKDL210012719-1a-AK7761-AK1864_HF5TCDSX2_L1_unprd.fq.gz
[2021-07-16 15:59:34,145] multiqc                                            [DEBUG  ]  Ignoring file as matched an ignore pattern: AeC01047_CKDL210012719-1a-AK9146-AK8488_HF5TCDSX2_L1_fail.fq.gz
[2021-07-16 15:59:34,146] multiqc                                            [DEBUG  ]  Ignoring file as matched an ignore pattern: AeA01045_CKDL210012719-1a-AK8410-7UDI308_HF5TCDSX2_L1_fail.fq.gz
[2021-07-16 15:59:34,146] multiqc                                            [DEBUG  ]  Ignoring file as matched an ignore pattern: AeC01094_CKDL210012719-1a-5UDI294-AK4234_HF5TCDSX2_L1_unprd.fq.gz
[2021-07-16 15:59:34,146] multiqc                                            [DEBUG  ]  Ignoring file as matched an ignore pattern: AeA01037_CKDL210012719-1a-AK9142-7UDI308_HF5TCDSX2_L1_unprd.fq.gz
[2021-07-16 15:59:34,147] multiqc                                            [DEBUG  ]  Ignoring file as matched an ignore pattern: AeC01034_CKDL210012719-1a-5UDI294-AK7557_HF5TCDSX2_L1_fail.fq.gz
[2021-07-16 15:59:34,147] multiqc                                            [DEBUG  ]  Ignoring file as matched an ignore pattern: AeA01001_CKDL210012719-1a-AK9141-7UDI214_HF5TCDSX2_L1_fail.fq.gz
[2021-07-16 15:59:34,148] multiqc                                            [DEBUG  ]  Ignoring file as matched an ignore pattern: AeC01039_CKDL210012719-1a-AK7078-GC06_HF5TCDSX2_L1_unprd.fq.gz
[2021-07-16 15:59:34,148] multiqc                                            [DEBUG  ]  Ignoring file as matched an ignore pattern: AeA01059_CKDL210012719-1a-AK7759-AK1864_HF5TCDSX2_L1_unprd.fq.gz
[2021-07-16 15:59:34,149] multiqc                                            [DEBUG  ]  Ignoring file as matched an ignore pattern: AeA01009_CKDL210012719-1a-AK3905-7UDI214_HF5TCDSX2_L1_unprd.fq.gz
[2021-07-16 15:59:34,149] multiqc                                            [DEBUG  ]  Ignoring file as matched an ignore pattern: AeC01069_CKDL210012719-1a-AK8593-AK10343_HF5TCDSX2_L1_fail.fq.gz
[2021-07-16 15:59:34,149] multiqc                                            [DEBUG  ]  Ignoring file as matched an ignore pattern: AeC01080_CKDL210012719-1a-5UDI245-AK4234_HF5TCDSX2_L1_fail.fq.gz
[2021-07-16 15:59:34,150] multiqc                                            [DEBUG  ]  Ignoring file as matched an ignore pattern: AeC01094_CKDL210012719-1a-5UDI294-AK4234_HF5TCDSX2_L1_fail.fq.gz
[2021-07-16 15:59:34,150] multiqc                                            [DEBUG  ]  Ignoring file as matched an ignore pattern: AeA01002_CKDL210012719-1a-AK9141-AK4971_HF5TCDSX2_L1_unprd.fq.gz
[2021-07-16 15:59:34,151] multiqc                                            [DEBUG  ]  Ignoring file as matched an ignore pattern: AeC01011_CKDL210012719-1a-5UDI294-GD06_HF5TCDSX2_L1_unprd.fq.gz
[2021-07-16 15:59:34,151] multiqc                                            [DEBUG  ]  Ignoring file as matched an ignore pattern: AeC01030_CKDL210012719-1a-AK9144-AK8488_HF5TCDSX2_L1_fail.fq.gz
[2021-07-16 15:59:34,152] multiqc                                            [DEBUG  ]  Ignoring file as matched an ignore pattern: AeC01043_CKDL210012719-1a-AK3911-GC06_HF5TCDSX2_L1_fail.fq.gz
[2021-07-16 15:59:34,152] multiqc                                            [DEBUG  ]  Ignoring file as matched an ignore pattern: AeC01081_CKDL210012719-1a-AK8593-AK4234_HF5TCDSX2_L1_fail.fq.gz
[2021-07-16 15:59:34,152] multiqc                                            [DEBUG  ]  Ignoring file as matched an ignore pattern: AeA01016_CKDL210012719-1a-AK3905-7UDI246_HF5TCDSX2_L1_fail.fq.gz
[2021-07-16 15:59:34,153] multiqc                                            [DEBUG  ]  Ignoring file as matched an ignore pattern: AeC01086_CKDL210012719-1a-AK7758-GD06_HF5TCDSX2_L1_unprd.fq.gz
[2021-07-16 15:59:34,153] multiqc                                            [DEBUG  ]  Ignoring file as matched an ignore pattern: AeA01013_CKDL210012719-1a-AK3905-7UDI308_HF5TCDSX2_L1_fail.fq.gz
[2021-07-16 15:59:34,154] multiqc                                            [DEBUG  ]  Ignoring file as matched an ignore pattern: AeC01066_CKDL210012719-1a-AK9144-AK10343_HF5TCDSX2_L1_unprd.fq.gz
[2021-07-16 15:59:34,154] multiqc                                            [DEBUG  ]  Ignoring file as matched an ignore pattern: AeC01070_CKDL210012719-1a-5UDI294-AK4236_HF5TCDSX2_L1_unprd.fq.gz
[2021-07-16 15:59:34,155] multiqc                                            [DEBUG  ]  Ignoring file as matched an ignore pattern: AeA01044_CKDL210012719-1a-AK8410-AK7558_HF5TCDSX2_L1_unprd.fq.gz
[2021-07-16 15:59:34,155] multiqc                                            [DEBUG  ]  Ignoring file as matched an ignore pattern: AeC01068_CKDL210012719-1a-5UDI245-AK10343_HF5TCDSX2_L1_unprd.fq.gz
[2021-07-16 15:59:34,155] multiqc                                            [DEBUG  ]  Ignoring file as matched an ignore pattern: AeC01053_CKDL210012719-1a-5UDI225-AK4236_HF5TCDSX2_L1_unprd.fq.gz
[2021-07-16 15:59:34,156] multiqc                                            [DEBUG  ]  Ignoring file as matched an ignore pattern: AeC01005_CKDL210012719-1a-5UDI225-AK533_HF5TCDSX2_L1_unprd.fq.gz
[2021-07-16 15:59:34,156] multiqc                                            [DEBUG  ]  Ignoring file as matched an ignore pattern: AeA01037_CKDL210012719-1a-AK9142-7UDI308_HF5TCDSX2_L1_fail.fq.gz
[2021-07-16 15:59:34,157] multiqc                                            [DEBUG  ]  Ignoring file as matched an ignore pattern: AeA01047_CKDL210012719-1a-AK8410-GC12_HF5TCDSX2_L1_fail.fq.gz
[2021-07-16 15:59:34,157] multiqc                                            [DEBUG  ]  Ignoring file as matched an ignore pattern: AeC01032_CKDL210012719-1a-5UDI245-AK8488_HF5TCDSX2_L1_unprd.fq.gz
[2021-07-16 15:59:34,158] multiqc                                            [DEBUG  ]  Ignoring file as matched an ignore pattern: AeC01031_CKDL210012719-1a-AK3911-AK8488_HF5TCDSX2_L1_unprd.fq.gz
[2021-07-16 15:59:34,158] multiqc                                            [DEBUG  ]  Ignoring file as matched an ignore pattern: AeA01029_CKDL210012719-1a-5UDI298-7UDI308_HF5TCDSX2_L1_unprd.fq.gz
[2021-07-16 15:59:34,158] multiqc                                            [DEBUG  ]  Ignoring file as matched an ignore pattern: AeC01077_CKDL210012719-1a-5UDI225-AK4234_HF5TCDSX2_L1_fail.fq.gz
[2021-07-16 15:59:34,159] multiqc                                            [DEBUG  ]  Ignoring file as matched an ignore pattern: AeC01025_CKDL210012719-1a-5UDI301-AK8488_HF5TCDSX2_L1_unprd.fq.gz
[2021-07-16 15:59:34,159] multiqc                                            [DEBUG  ]  Ignoring file as matched an ignore pattern: AeC01023_CKDL210012719-1a-AK9146-AK533_HF5TCDSX2_L1_unprd.fq.gz
[2021-07-16 15:59:34,160] multiqc                                            [DEBUG  ]  Ignoring file as matched an ignore pattern: AeC01064_CKDL210012719-1a-AK9143-AK10343_HF5TCDSX2_L1_unprd.fq.gz
[2021-07-16 15:59:34,160] multiqc                                            [DEBUG  ]  Ignoring file as matched an ignore pattern: AeC01045_CKDL210012719-1a-AK8593-GC06_HF5TCDSX2_L1_fail.fq.gz
[2021-07-16 15:59:34,161] multiqc                                            [DEBUG  ]  Ignoring file as matched an ignore pattern: AeA01022_CKDL210012719-1a-AK7761-AK2587_HF5TCDSX2_L1_fail.fq.gz
[2021-07-16 15:59:34,161] multiqc                                            [DEBUG  ]  Ignoring file as matched an ignore pattern: AeC01058_CKDL210012719-1a-5UDI294-GC06_HF5TCDSX2_L1_fail.fq.gz
[2021-07-16 15:59:34,161] multiqc                                            [DEBUG  ]  Ignoring file as matched an ignore pattern: AeA01038_CKDL210012719-1a-AK9142-AK2587_HF5TCDSX2_L1_fail.fq.gz
[2021-07-16 15:59:34,162] multiqc                                            [DEBUG  ]  Ignoring file as matched an ignore pattern: AeC01040_CKDL210012719-1a-AK9143-GC06_HF5TCDSX2_L1_fail.fq.gz
[2021-07-16 15:59:34,162] multiqc                                            [DEBUG  ]  Ignoring file as matched an ignore pattern: AeA01059_CKDL210012719-1a-AK7759-AK1864_HF5TCDSX2_L1_fail.fq.gz
[2021-07-16 15:59:34,163] multiqc                                            [DEBUG  ]  Ignoring file as matched an ignore pattern: AeC01071_CKDL210012719-1a-AK9146-AK4236_HF5TCDSX2_L1_unprd.fq.gz
[2021-07-16 15:59:34,163] multiqc                                            [DEBUG  ]  Ignoring file as matched an ignore pattern: AeC01029_CKDL210012719-1a-5UDI225-AK8488_HF5TCDSX2_L1_fail.fq.gz
[2021-07-16 15:59:34,164] multiqc                                            [DEBUG  ]  Ignoring file as matched an ignore pattern: AeC01021_CKDL210012719-1a-AK8593-AK7557_HF5TCDSX2_L1_fail.fq.gz
[2021-07-16 15:59:34,164] multiqc                                            [DEBUG  ]  Ignoring file as matched an ignore pattern: AeC01016_CKDL210012719-1a-AK9143-AK7557_HF5TCDSX2_L1_unprd.fq.gz
[2021-07-16 15:59:34,165] multiqc                                            [DEBUG  ]  Ignoring file as matched an ignore pattern: AeC01012_CKDL210012719-1a-AK9146-GD06_HF5TCDSX2_L1_unprd.fq.gz
[2021-07-16 15:59:34,165] multiqc                                            [DEBUG  ]  Ignoring file as matched an ignore pattern: AeC01017_CKDL210012719-1a-5UDI225-AK7557_HF5TCDSX2_L1_fail.fq.gz
[2021-07-16 15:59:34,165] multiqc                                            [DEBUG  ]  Ignoring file as matched an ignore pattern: AeA01047_CKDL210012719-1a-AK8410-GC12_HF5TCDSX2_L1_unprd.fq.gz
[2021-07-16 15:59:34,166] multiqc                                            [DEBUG  ]  Ignoring file as matched an ignore pattern: AeC01025_CKDL210012719-1a-5UDI301-AK8488_HF5TCDSX2_L1_fail.fq.gz
[2021-07-16 15:59:34,166] multiqc                                            [DEBUG  ]  Ignoring file as matched an ignore pattern: AeC01040_CKDL210012719-1a-AK9143-GC06_HF5TCDSX2_L1_unprd.fq.gz
[2021-07-16 15:59:34,167] multiqc                                            [DEBUG  ]  Ignoring file as matched an ignore pattern: AeC01086_CKDL210012719-1a-AK7758-GD06_HF5TCDSX2_L1_fail.fq.gz
[2021-07-16 15:59:34,167] multiqc                                            [DEBUG  ]  Ignoring file as matched an ignore pattern: AeC01014_CKDL210012719-1a-AK7758-AK7557_HF5TCDSX2_L1_fail.fq.gz
[2021-07-16 15:59:34,168] multiqc                                            [DEBUG  ]  Ignoring file as matched an ignore pattern: AeA01057_CKDL210012719-1a-AK7759-7UDI214_HF5TCDSX2_L1_fail.fq.gz
[2021-07-16 15:59:34,168] multiqc                                            [DEBUG  ]  Ignoring file as matched an ignore pattern: AeC01038_CKDL210012719-1a-AK7758-GC06_HF5TCDSX2_L1_unprd.fq.gz
[2021-07-16 15:59:34,168] multiqc                                            [DEBUG  ]  Ignoring file as matched an ignore pattern: AeA01009_CKDL210012719-1a-AK3905-7UDI214_HF5TCDSX2_L1_fail.fq.gz
[2021-07-16 15:59:34,169] multiqc                                            [DEBUG  ]  Ignoring file as matched an ignore pattern: AeA01052_CKDL210012719-1a-AK8587-AK7558_HF5TCDSX2_L1_unprd.fq.gz
[2021-07-16 15:59:34,169] multiqc                                            [DEBUG  ]  Ignoring file as matched an ignore pattern: AeA01053_CKDL210012719-1a-AK8587-7UDI308_HF5TCDSX2_L1_unprd.fq.gz
[2021-07-16 15:59:34,170] multiqc                                            [DEBUG  ]  Ignoring file as matched an ignore pattern: AeA01053_CKDL210012719-1a-AK8587-7UDI308_HF5TCDSX2_L1_fail.fq.gz
[2021-07-16 15:59:34,170] multiqc                                            [DEBUG  ]  Ignoring file as matched an ignore pattern: AeC01007_CKDL210012719-1a-AK3911-AK533_HF5TCDSX2_L1_unprd.fq.gz
[2021-07-16 15:59:34,171] multiqc                                            [DEBUG  ]  Ignoring file as matched an ignore pattern: AeC01018_CKDL210012719-1a-AK9144-AK7557_HF5TCDSX2_L1_unprd.fq.gz
[2021-07-16 15:59:34,171] multiqc                                            [DEBUG  ]  Ignoring file as matched an ignore pattern: AeC01078_CKDL210012719-1a-AK9144-AK4234_HF5TCDSX2_L1_fail.fq.gz
[2021-07-16 15:59:34,172] multiqc                                            [DEBUG  ]  Ignoring file as matched an ignore pattern: AeA01051_CKDL210012719-1a-AK8587-AK1864_HF5TCDSX2_L1_unprd.fq.gz
[2021-07-16 15:59:34,172] multiqc                                            [DEBUG  ]  Ignoring file as matched an ignore pattern: AeC01082_CKDL210012719-1a-5UDI294-AK10343_HF5TCDSX2_L1_fail.fq.gz
[2021-07-16 15:59:34,172] multiqc                                            [DEBUG  ]  Ignoring file as matched an ignore pattern: AeA01050_CKDL210012719-1a-AK8587-AK4971_HF5TCDSX2_L1_fail.fq.gz
[2021-07-16 15:59:34,173] multiqc                                            [DEBUG  ]  Ignoring file as matched an ignore pattern: AeC01001_CKDL210012719-1a-5UDI301-AK533_HF5TCDSX2_L1_unprd.fq.gz
[2021-07-16 15:59:34,173] multiqc                                            [DEBUG  ]  Ignoring file as matched an ignore pattern: AeC01087_CKDL210012719-1a-AK7078-GD06_HF5TCDSX2_L1_fail.fq.gz
[2021-07-16 15:59:34,174] multiqc                                            [DEBUG  ]  Ignoring file as matched an ignore pattern: AeC01071_CKDL210012719-1a-AK9146-AK4236_HF5TCDSX2_L1_fail.fq.gz
[2021-07-16 15:59:34,174] multiqc                                            [DEBUG  ]  Ignoring file as matched an ignore pattern: AeC01021_CKDL210012719-1a-AK8593-AK7557_HF5TCDSX2_L1_unprd.fq.gz
[2021-07-16 15:59:34,174] multiqc                                            [DEBUG  ]  Ignoring file as matched an ignore pattern: AeA01006_CKDL210012719-1a-AK9141-AK2587_HF5TCDSX2_L1_fail.fq.gz
[2021-07-16 15:59:34,175] multiqc                                            [DEBUG  ]  Ignoring file as matched an ignore pattern: AeC01024_CKDL210012719-1a-AK5577-AK533_HF5TCDSX2_L1_unprd.fq.gz
[2021-07-16 15:59:34,175] multiqc                                            [DEBUG  ]  Ignoring file as matched an ignore pattern: AeA01002_CKDL210012719-1a-AK9141-AK4971_HF5TCDSX2_L1_fail.fq.gz
[2021-07-16 15:59:34,176] multiqc                                            [DEBUG  ]  Ignoring file as matched an ignore pattern: AeC01089_CKDL210012719-1a-5UDI225-GD06_HF5TCDSX2_L1_unprd.fq.gz
[2021-07-16 15:59:34,176] multiqc                                            [DEBUG  ]  Ignoring file as matched an ignore pattern: AeA01029_CKDL210012719-1a-5UDI298-7UDI308_HF5TCDSX2_L1_fail.fq.gz
[2021-07-16 15:59:34,177] multiqc                                            [DEBUG  ]  Ignoring file as matched an ignore pattern: AeC01008_CKDL210012719-1a-5UDI245-AK533_HF5TCDSX2_L1_unprd.fq.gz
[2021-07-16 15:59:34,177] multiqc                                            [DEBUG  ]  Ignoring file as matched an ignore pattern: AeA01028_CKDL210012719-1a-5UDI298-AK7558_HF5TCDSX2_L1_fail.fq.gz
[2021-07-16 15:59:34,178] multiqc                                            [DEBUG  ]  Ignoring file as matched an ignore pattern: AeA01048_CKDL210012719-1a-AK8410-7UDI246_HF5TCDSX2_L1_unprd.fq.gz
[2021-07-16 15:59:34,178] multiqc                                            [DEBUG  ]  Ignoring file as matched an ignore pattern: AeC01030_CKDL210012719-1a-AK9144-AK8488_HF5TCDSX2_L1_unprd.fq.gz
[2021-07-16 15:59:34,179] multiqc                                            [DEBUG  ]  Ignoring file as matched an ignore pattern: AeA01060_CKDL210012719-1a-AK7759-AK7558_HF5TCDSX2_L1_unprd.fq.gz
[2021-07-16 15:59:34,179] multiqc                                            [DEBUG  ]  Ignoring file as matched an ignore pattern: AeC01026_CKDL210012719-1a-AK7758-AK8488_HF5TCDSX2_L1_unprd.fq.gz
[2021-07-16 15:59:34,179] multiqc                                            [DEBUG  ]  Ignoring file as matched an ignore pattern: AeC01052_CKDL210012719-1a-AK9143-AK4236_HF5TCDSX2_L1_fail.fq.gz
[2021-07-16 15:59:34,180] multiqc                                            [DEBUG  ]  Ignoring file as matched an ignore pattern: AeA01039_CKDL210012719-1a-AK9142-GC12_HF5TCDSX2_L1_fail.fq.gz
[2021-07-16 15:59:34,180] multiqc                                            [DEBUG  ]  Ignoring file as matched an ignore pattern: AeA01025_CKDL210012719-1a-5UDI298-7UDI214_HF5TCDSX2_L1_unprd.fq.gz
[2021-07-16 15:59:34,181] multiqc                                            [DEBUG  ]  Ignoring file as matched an ignore pattern: AeA01057_CKDL210012719-1a-AK7759-7UDI214_HF5TCDSX2_L1_unprd.fq.gz
[2021-07-16 15:59:34,181] multiqc                                            [DEBUG  ]  Ignoring file as matched an ignore pattern: AeA01052_CKDL210012719-1a-AK8587-AK7558_HF5TCDSX2_L1_fail.fq.gz
[2021-07-16 15:59:34,182] multiqc                                            [DEBUG  ]  Ignoring file as matched an ignore pattern: AeC01096_CKDL210012719-1a-AK5577-AK4234_HF5TCDSX2_L1_fail.fq.gz
[2021-07-16 15:59:34,182] multiqc                                            [DEBUG  ]  Ignoring file as matched an ignore pattern: AeA01043_CKDL210012719-1a-AK8410-AK1864_HF5TCDSX2_L1_unprd.fq.gz
[2021-07-16 15:59:34,182] multiqc                                            [DEBUG  ]  Ignoring file as matched an ignore pattern: AeC01008_CKDL210012719-1a-5UDI245-AK533_HF5TCDSX2_L1_fail.fq.gz
[2021-07-16 15:59:34,183] multiqc                                            [DEBUG  ]  Ignoring file as matched an ignore pattern: AeA01012_CKDL210012719-1a-AK3905-AK7558_HF5TCDSX2_L1_unprd.fq.gz
[2021-07-16 15:59:34,183] multiqc                                            [DEBUG  ]  Ignoring file as matched an ignore pattern: AeC01092_CKDL210012719-1a-5UDI245-GD06_HF5TCDSX2_L1_unprd.fq.gz
[2021-07-16 15:59:34,184] multiqc                                            [DEBUG  ]  Ignoring file as matched an ignore pattern: AeA01058_CKDL210012719-1a-AK7759-AK4971_HF5TCDSX2_L1_unprd.fq.gz
[2021-07-16 15:59:34,184] multiqc                                            [DEBUG  ]  Ignoring file as matched an ignore pattern: AeC01059_CKDL210012719-1a-AK9146-GC06_HF5TCDSX2_L1_unprd.fq.gz
[2021-07-16 15:59:34,185] multiqc                                            [DEBUG  ]  Ignoring file as matched an ignore pattern: AeC01064_CKDL210012719-1a-AK9143-AK10343_HF5TCDSX2_L1_fail.fq.gz
[2021-07-16 15:59:34,185] multiqc                                            [DEBUG  ]  Ignoring file as matched an ignore pattern: AeA01042_CKDL210012719-1a-AK8410-AK4971_HF5TCDSX2_L1_fail.fq.gz
[2021-07-16 15:59:34,186] multiqc                                            [DEBUG  ]  Ignoring file as matched an ignore pattern: AeA01041_CKDL210012719-1a-AK8410-7UDI214_HF5TCDSX2_L1_unprd.fq.gz
[2021-07-16 15:59:34,186] multiqc                                            [DEBUG  ]  Ignoring file as matched an ignore pattern: AeC01006_CKDL210012719-1a-AK9144-AK533_HF5TCDSX2_L1_fail.fq.gz
[2021-07-16 15:59:34,186] multiqc                                            [DEBUG  ]  Ignoring file as matched an ignore pattern: AeC01060_CKDL210012719-1a-AK5577-GC06_HF5TCDSX2_L1_fail.fq.gz
[2021-07-16 15:59:34,187] multiqc                                            [DEBUG  ]  Ignoring file as matched an ignore pattern: AeC01075_CKDL210012719-1a-AK7078-AK4234_HF5TCDSX2_L1_unprd.fq.gz
[2021-07-16 15:59:34,187] multiqc                                            [DEBUG  ]  Ignoring file as matched an ignore pattern: AeC01006_CKDL210012719-1a-AK9144-AK533_HF5TCDSX2_L1_unprd.fq.gz
[2021-07-16 15:59:34,188] multiqc                                            [DEBUG  ]  Ignoring file as matched an ignore pattern: AeC01022_CKDL210012719-1a-5UDI294-AK533_HF5TCDSX2_L1_fail.fq.gz
[2021-07-16 15:59:34,188] multiqc                                            [DEBUG  ]  Ignoring file as matched an ignore pattern: AeA01020_CKDL210012719-1a-AK7761-AK7558_HF5TCDSX2_L1_unprd.fq.gz
[2021-07-16 15:59:34,189] multiqc                                            [DEBUG  ]  Ignoring file as matched an ignore pattern: AeC01069_CKDL210012719-1a-AK8593-AK10343_HF5TCDSX2_L1_unprd.fq.gz
[2021-07-16 15:59:34,189] multiqc                                            [DEBUG  ]  Ignoring file as matched an ignore pattern: AeA01020_CKDL210012719-1a-AK7761-AK7558_HF5TCDSX2_L1_fail.fq.gz
[2021-07-16 15:59:34,189] multiqc                                            [DEBUG  ]  Ignoring file as matched an ignore pattern: AeC01028_CKDL210012719-1a-AK9143-AK8488_HF5TCDSX2_L1_unprd.fq.gz
[2021-07-16 15:59:34,190] multiqc                                            [DEBUG  ]  Ignoring file as matched an ignore pattern: AeC01095_CKDL210012719-1a-AK9146-AK4234_HF5TCDSX2_L1_fail.fq.gz
[2021-07-16 15:59:34,190] multiqc                                            [DEBUG  ]  Ignoring file as matched an ignore pattern: AeA01045_CKDL210012719-1a-AK8410-7UDI308_HF5TCDSX2_L1_unprd.fq.gz
[2021-07-16 15:59:34,191] multiqc                                            [DEBUG  ]  Ignoring file as matched an ignore pattern: AeC01004_CKDL210012719-1a-AK9143-AK533_HF5TCDSX2_L1_unprd.fq.gz
[2021-07-16 15:59:34,191] multiqc                                            [DEBUG  ]  Ignoring file as matched an ignore pattern: AeC01002_CKDL210012719-1a-AK7758-AK533_HF5TCDSX2_L1_fail.fq.gz
[2021-07-16 15:59:34,192] multiqc                                            [DEBUG  ]  Ignoring file as matched an ignore pattern: AeC01061_CKDL210012719-1a-5UDI301-AK10343_HF5TCDSX2_L1_unprd.fq.gz
[2021-07-16 15:59:34,192] multiqc                                            [DEBUG  ]  Ignoring file as matched an ignore pattern: AeC01073_CKDL210012719-1a-5UDI301-AK4234_HF5TCDSX2_L1_fail.fq.gz
[2021-07-16 15:59:34,193] multiqc                                            [DEBUG  ]  Ignoring file as matched an ignore pattern: AeA01017_CKDL210012719-1a-AK7761-7UDI214_HF5TCDSX2_L1_fail.fq.gz
[2021-07-16 15:59:34,193] multiqc                                            [DEBUG  ]  Ignoring file as matched an ignore pattern: AeC01048_CKDL210012719-1a-AK5577-AK8488_HF5TCDSX2_L1_fail.fq.gz
[2021-07-16 15:59:34,193] multiqc                                            [DEBUG  ]  Ignoring file as matched an ignore pattern: AeA01024_CKDL210012719-1a-AK7761-7UDI246_HF5TCDSX2_L1_fail.fq.gz
[2021-07-16 15:59:34,194] multiqc                                            [DEBUG  ]  Ignoring file as matched an ignore pattern: AeC01015_CKDL210012719-1a-AK7078-AK7557_HF5TCDSX2_L1_unprd.fq.gz
[2021-07-16 15:59:34,194] multiqc                                            [DEBUG  ]  Ignoring file as matched an ignore pattern: AeC01055_CKDL210012719-1a-AK3911-AK4236_HF5TCDSX2_L1_fail.fq.gz
[2021-07-16 15:59:34,195] multiqc                                            [DEBUG  ]  Ignoring file as matched an ignore pattern: AeA01014_CKDL210012719-1a-AK3905-AK2587_HF5TCDSX2_L1_unprd.fq.gz
[2021-07-16 15:59:34,195] multiqc                                            [DEBUG  ]  Ignoring file as matched an ignore pattern: AeA01035_CKDL210012719-1a-AK9142-AK1864_HF5TCDSX2_L1_fail.fq.gz
[2021-07-16 15:59:34,196] multiqc                                            [DEBUG  ]  Ignoring file as matched an ignore pattern: AeC01078_CKDL210012719-1a-AK9144-AK4234_HF5TCDSX2_L1_unprd.fq.gz
[2021-07-16 15:59:34,196] multiqc                                            [DEBUG  ]  Ignoring file as matched an ignore pattern: AeA01016_CKDL210012719-1a-AK3905-7UDI246_HF5TCDSX2_L1_unprd.fq.gz
[2021-07-16 15:59:34,196] multiqc                                            [DEBUG  ]  Ignoring file as matched an ignore pattern: AeC01052_CKDL210012719-1a-AK9143-AK4236_HF5TCDSX2_L1_unprd.fq.gz
[2021-07-16 15:59:34,197] multiqc                                            [DEBUG  ]  Ignoring file as matched an ignore pattern: AeC01013_CKDL210012719-1a-5UDI301-AK7557_HF5TCDSX2_L1_fail.fq.gz
[2021-07-16 15:59:34,197] multiqc                                            [DEBUG  ]  Ignoring file as matched an ignore pattern: AeC01081_CKDL210012719-1a-AK8593-AK4234_HF5TCDSX2_L1_unprd.fq.gz
[2021-07-16 15:59:34,198] multiqc                                            [DEBUG  ]  Ignoring file as matched an ignore pattern: AeC01091_CKDL210012719-1a-AK3911-GD06_HF5TCDSX2_L1_unprd.fq.gz
[2021-07-16 15:59:34,198] multiqc                                            [DEBUG  ]  Ignoring file as matched an ignore pattern: AeC01067_CKDL210012719-1a-AK3911-AK10343_HF5TCDSX2_L1_fail.fq.gz
[2021-07-16 15:59:34,199] multiqc                                            [DEBUG  ]  Ignoring file as matched an ignore pattern: AeC01092_CKDL210012719-1a-5UDI245-GD06_HF5TCDSX2_L1_fail.fq.gz
[2021-07-16 15:59:34,199] multiqc                                            [DEBUG  ]  Ignoring file as matched an ignore pattern: AeC01079_CKDL210012719-1a-AK3911-AK4234_HF5TCDSX2_L1_fail.fq.gz
[2021-07-16 15:59:34,200] multiqc                                            [DEBUG  ]  Ignoring file as matched an ignore pattern: AeC01049_CKDL210012719-1a-5UDI301-AK4236_HF5TCDSX2_L1_fail.fq.gz
[2021-07-16 15:59:34,200] multiqc                                            [DEBUG  ]  Ignoring file as matched an ignore pattern: AeA01054_CKDL210012719-1a-AK8587-AK2587_HF5TCDSX2_L1_fail.fq.gz
[2021-07-16 15:59:34,200] multiqc                                            [DEBUG  ]  Ignoring file as matched an ignore pattern: AeA01056_CKDL210012719-1a-AK8587-7UDI246_HF5TCDSX2_L1_unprd.fq.gz
[2021-07-16 15:59:34,201] multiqc                                            [DEBUG  ]  Ignoring file as matched an ignore pattern: AeC01012_CKDL210012719-1a-AK9146-GD06_HF5TCDSX2_L1_fail.fq.gz
[2021-07-16 15:59:34,201] multiqc                                            [DEBUG  ]  Ignoring file as matched an ignore pattern: AeC01033_CKDL210012719-1a-AK8593-AK8488_HF5TCDSX2_L1_unprd.fq.gz
[2021-07-16 15:59:34,202] multiqc                                            [DEBUG  ]  Ignoring file as matched an ignore pattern: AeC01051_CKDL210012719-1a-AK7078-AK4236_HF5TCDSX2_L1_unprd.fq.gz
[2021-07-16 15:59:34,202] multiqc                                            [DEBUG  ]  Ignoring file as matched an ignore pattern: AeC01057_CKDL210012719-1a-AK8593-AK4236_HF5TCDSX2_L1_fail.fq.gz
[2021-07-16 15:59:34,203] multiqc                                            [DEBUG  ]  Ignoring file as matched an ignore pattern: AeC01024_CKDL210012719-1a-AK5577-AK533_HF5TCDSX2_L1_fail.fq.gz
[2021-07-16 15:59:34,203] multiqc                                            [DEBUG  ]  Ignoring file as matched an ignore pattern: AeC01037_CKDL210012719-1a-5UDI301-GC06_HF5TCDSX2_L1_unprd.fq.gz
[2021-07-16 15:59:34,203] multiqc                                            [DEBUG  ]  Ignoring file as matched an ignore pattern: AeC01060_CKDL210012719-1a-AK5577-GC06_HF5TCDSX2_L1_unprd.fq.gz
[2021-07-16 15:59:34,204] multiqc                                            [DEBUG  ]  Ignoring file as matched an ignore pattern: AeC01050_CKDL210012719-1a-AK7758-AK4236_HF5TCDSX2_L1_fail.fq.gz
[2021-07-16 15:59:34,204] multiqc                                            [DEBUG  ]  Ignoring file as matched an ignore pattern: AeA01015_CKDL210012719-1a-AK3905-GC12_HF5TCDSX2_L1_fail.fq.gz
[2021-07-16 15:59:34,205] multiqc                                            [DEBUG  ]  Ignoring file as matched an ignore pattern: AeA01049_CKDL210012719-1a-AK8587-7UDI214_HF5TCDSX2_L1_unprd.fq.gz
[2021-07-16 15:59:34,205] multiqc                                            [DEBUG  ]  Ignoring file as matched an ignore pattern: AeC01084_CKDL210012719-1a-AK5577-AK10343_HF5TCDSX2_L1_fail.fq.gz
[2021-07-16 15:59:34,206] multiqc                                            [DEBUG  ]  Ignoring file as matched an ignore pattern: AeA01018_CKDL210012719-1a-AK7761-AK4971_HF5TCDSX2_L1_fail.fq.gz
[2021-07-16 15:59:34,206] multiqc                                            [DEBUG  ]  Ignoring file as matched an ignore pattern: AeA01008_CKDL210012719-1a-AK9141-7UDI246_HF5TCDSX2_L1_unprd.fq.gz
[2021-07-16 15:59:34,207] multiqc                                            [DEBUG  ]  Ignoring file as matched an ignore pattern: AeA01055_CKDL210012719-1a-AK8587-GC12_HF5TCDSX2_L1_unprd.fq.gz
[2021-07-16 15:59:34,207] multiqc                                            [DEBUG  ]  Ignoring file as matched an ignore pattern: AeC01041_CKDL210012719-1a-5UDI225-GC06_HF5TCDSX2_L1_fail.fq.gz
[2021-07-16 15:59:34,207] multiqc                                            [DEBUG  ]  Ignoring file as matched an ignore pattern: AeC01049_CKDL210012719-1a-5UDI301-AK4236_HF5TCDSX2_L1_unprd.fq.gz
[2021-07-16 15:59:34,208] multiqc                                            [DEBUG  ]  Ignoring file as matched an ignore pattern: AeA01021_CKDL210012719-1a-AK7761-7UDI308_HF5TCDSX2_L1_fail.fq.gz
[2021-07-16 15:59:34,208] multiqc                                            [DEBUG  ]  Ignoring file as matched an ignore pattern: AeA01031_CKDL210012719-1a-5UDI298-GC12_HF5TCDSX2_L1_fail.fq.gz
[2021-07-16 15:59:34,209] multiqc                                            [DEBUG  ]  Ignoring file as matched an ignore pattern: AeC01076_CKDL210012719-1a-AK9143-AK4234_HF5TCDSX2_L1_unprd.fq.gz
[2021-07-16 15:59:34,209] multiqc                                            [DEBUG  ]  Ignoring file as matched an ignore pattern: AeA01040_CKDL210012719-1a-AK9142-7UDI246_HF5TCDSX2_L1_unprd.fq.gz
[2021-07-16 15:59:34,209] multiqc                                            [DEBUG  ]  Ignoring file as matched an ignore pattern: AeC01007_CKDL210012719-1a-AK3911-AK533_HF5TCDSX2_L1_fail.fq.gz
[2021-07-16 15:59:34,210] multiqc                                            [DEBUG  ]  Ignoring file as matched an ignore pattern: AeC01091_CKDL210012719-1a-AK3911-GD06_HF5TCDSX2_L1_fail.fq.gz
[2021-07-16 15:59:34,210] multiqc                                            [DEBUG  ]  Ignoring file as matched an ignore pattern: AeC01009_CKDL210012719-1a-AK8593-AK533_HF5TCDSX2_L1_unprd.fq.gz
[2021-07-16 15:59:34,211] multiqc                                            [DEBUG  ]  Ignoring file as matched an ignore pattern: AeC01028_CKDL210012719-1a-AK9143-AK8488_HF5TCDSX2_L1_fail.fq.gz
[2021-07-16 15:59:34,211] multiqc                                            [DEBUG  ]  Ignoring file as matched an ignore pattern: AeA01010_CKDL210012719-1a-AK3905-AK4971_HF5TCDSX2_L1_unprd.fq.gz
[2021-07-16 15:59:34,212] multiqc                                            [DEBUG  ]  Ignoring file as matched an ignore pattern: AeA01015_CKDL210012719-1a-AK3905-GC12_HF5TCDSX2_L1_unprd.fq.gz
[2021-07-16 15:59:34,212] multiqc                                            [DEBUG  ]  Ignoring file as matched an ignore pattern: AeC01072_CKDL210012719-1a-AK5577-AK4236_HF5TCDSX2_L1_unprd.fq.gz
[2021-07-16 15:59:34,212] multiqc                                            [DEBUG  ]  Ignoring file as matched an ignore pattern: AeA01038_CKDL210012719-1a-AK9142-AK2587_HF5TCDSX2_L1_unprd.fq.gz
[2021-07-16 15:59:34,213] multiqc                                            [DEBUG  ]  Ignoring file as matched an ignore pattern: AeC01042_CKDL210012719-1a-AK9144-GC06_HF5TCDSX2_L1_unprd.fq.gz
[2021-07-16 15:59:34,213] multiqc                                            [DEBUG  ]  Ignoring file as matched an ignore pattern: AeC01088_CKDL210012719-1a-AK9143-GD06_HF5TCDSX2_L1_unprd.fq.gz
[2021-07-16 15:59:34,214] multiqc                                            [DEBUG  ]  Ignoring file as matched an ignore pattern: AeC01003_CKDL210012719-1a-AK7078-AK533_HF5TCDSX2_L1_fail.fq.gz
[2021-07-16 15:59:34,214] multiqc                                            [DEBUG  ]  Ignoring file as matched an ignore pattern: AeA01034_CKDL210012719-1a-AK9142-AK4971_HF5TCDSX2_L1_unprd.fq.gz
[2021-07-16 15:59:34,215] multiqc                                            [DEBUG  ]  Ignoring file as matched an ignore pattern: AeA01039_CKDL210012719-1a-AK9142-GC12_HF5TCDSX2_L1_unprd.fq.gz
[2021-07-16 15:59:34,215] multiqc                                            [DEBUG  ]  Ignoring file as matched an ignore pattern: AeC01074_CKDL210012719-1a-AK7758-AK4234_HF5TCDSX2_L1_unprd.fq.gz
[2021-07-16 15:59:34,216] multiqc                                            [DEBUG  ]  Ignoring file as matched an ignore pattern: AeC01048_CKDL210012719-1a-AK5577-AK8488_HF5TCDSX2_L1_unprd.fq.gz
[2021-07-16 15:59:34,216] multiqc                                            [DEBUG  ]  Ignoring file as matched an ignore pattern: AeC01068_CKDL210012719-1a-5UDI245-AK10343_HF5TCDSX2_L1_fail.fq.gz
[2021-07-16 15:59:34,216] multiqc                                            [DEBUG  ]  Ignoring file as matched an ignore pattern: AeC01089_CKDL210012719-1a-5UDI225-GD06_HF5TCDSX2_L1_fail.fq.gz
[2021-07-16 15:59:34,217] multiqc                                            [DEBUG  ]  Ignoring file as matched an ignore pattern: AeA01005_CKDL210012719-1a-AK9141-7UDI308_HF5TCDSX2_L1_fail.fq.gz
[2021-07-16 15:59:34,217] multiqc                                            [DEBUG  ]  Ignoring file as matched an ignore pattern: AeC01047_CKDL210012719-1a-AK9146-AK8488_HF5TCDSX2_L1_unprd.fq.gz
[2021-07-16 15:59:34,218] multiqc                                            [DEBUG  ]  Ignoring file as matched an ignore pattern: AeC01004_CKDL210012719-1a-AK9143-AK533_HF5TCDSX2_L1_fail.fq.gz
[2021-07-16 15:59:34,218] multiqc                                            [DEBUG  ]  Ignoring file as matched an ignore pattern: AeC01076_CKDL210012719-1a-AK9143-AK4234_HF5TCDSX2_L1_fail.fq.gz
[2021-07-16 15:59:34,219] multiqc                                            [DEBUG  ]  Ignoring file as matched an ignore pattern: AeC01005_CKDL210012719-1a-5UDI225-AK533_HF5TCDSX2_L1_fail.fq.gz
[2021-07-16 15:59:34,219] multiqc                                            [DEBUG  ]  Ignoring file as matched an ignore pattern: AeC01010_CKDL210012719-1a-AK8593-GD06_HF5TCDSX2_L1_unprd.fq.gz
[2021-07-16 15:59:34,219] multiqc                                            [DEBUG  ]  Ignoring file as matched an ignore pattern: AeC01020_CKDL210012719-1a-5UDI245-AK7557_HF5TCDSX2_L1_fail.fq.gz
[2021-07-16 15:59:34,220] multiqc                                            [DEBUG  ]  Ignoring file as matched an ignore pattern: AeC01035_CKDL210012719-1a-AK9146-AK7557_HF5TCDSX2_L1_unprd.fq.gz
[2021-07-16 15:59:34,220] multiqc                                            [DEBUG  ]  Ignoring file as matched an ignore pattern: AeA01023_CKDL210012719-1a-AK7761-GC12_HF5TCDSX2_L1_unprd.fq.gz
[2021-07-16 15:59:34,221] multiqc                                            [DEBUG  ]  Ignoring file as matched an ignore pattern: AeC01072_CKDL210012719-1a-AK5577-AK4236_HF5TCDSX2_L1_fail.fq.gz
[2021-07-16 15:59:34,221] multiqc                                            [DEBUG  ]  Ignoring file as matched an ignore pattern: AeC01002_CKDL210012719-1a-AK7758-AK533_HF5TCDSX2_L1_unprd.fq.gz
[2021-07-16 15:59:34,222] multiqc                                            [DEBUG  ]  Ignoring file as matched an ignore pattern: AeA01003_CKDL210012719-1a-AK9141-AK1864_HF5TCDSX2_L1_fail.fq.gz
[2021-07-16 15:59:34,222] multiqc                                            [DEBUG  ]  Ignoring file as matched an ignore pattern: AeC01062_CKDL210012719-1a-AK7758-AK10343_HF5TCDSX2_L1_fail.fq.gz
[2021-07-16 15:59:34,223] multiqc                                            [DEBUG  ]  Ignoring file as matched an ignore pattern: AeA01014_CKDL210012719-1a-AK3905-AK2587_HF5TCDSX2_L1_fail.fq.gz
[2021-07-16 15:59:34,223] multiqc                                            [DEBUG  ]  Ignoring file as matched an ignore pattern: AeC01053_CKDL210012719-1a-5UDI225-AK4236_HF5TCDSX2_L1_fail.fq.gz
[2021-07-16 15:59:34,224] multiqc                                            [DEBUG  ]  Ignoring file as matched an ignore pattern: AeC01045_CKDL210012719-1a-AK8593-GC06_HF5TCDSX2_L1_unprd.fq.gz
[2021-07-16 15:59:34,224] multiqc                                            [DEBUG  ]  Ignoring file as matched an ignore pattern: AeA01046_CKDL210012719-1a-AK8410-AK2587_HF5TCDSX2_L1_unprd.fq.gz
[2021-07-16 15:59:34,224] multiqc                                            [DEBUG  ]  Ignoring file as matched an ignore pattern: AeA01004_CKDL210012719-1a-AK9141-AK7558_HF5TCDSX2_L1_unprd.fq.gz
[2021-07-16 15:59:34,225] multiqc                                            [DEBUG  ]  Ignoring file as matched an ignore pattern: AeC01077_CKDL210012719-1a-5UDI225-AK4234_HF5TCDSX2_L1_unprd.fq.gz
[2021-07-16 15:59:34,225] multiqc                                            [DEBUG  ]  Ignoring file as matched an ignore pattern: AeC01054_CKDL210012719-1a-AK9144-AK4236_HF5TCDSX2_L1_fail.fq.gz
[2021-07-16 15:59:34,226] multiqc                                            [DEBUG  ]  Ignoring file as matched an ignore pattern: AeA01032_CKDL210012719-1a-5UDI298-7UDI246_HF5TCDSX2_L1_unprd.fq.gz
[2021-07-16 15:59:34,226] multiqc                                            [DEBUG  ]  Ignoring file as matched an ignore pattern: AeC01020_CKDL210012719-1a-5UDI245-AK7557_HF5TCDSX2_L1_unprd.fq.gz
[2021-07-16 15:59:34,227] multiqc                                            [DEBUG  ]  Ignoring file as matched an ignore pattern: AeA01060_CKDL210012719-1a-AK7759-AK7558_HF5TCDSX2_L1_fail.fq.gz
[2021-07-16 15:59:34,227] multiqc                                            [DEBUG  ]  Ignoring file as matched an ignore pattern: AeC01033_CKDL210012719-1a-AK8593-AK8488_HF5TCDSX2_L1_fail.fq.gz
[2021-07-16 15:59:34,227] multiqc                                            [DEBUG  ]  Ignoring file as matched an ignore pattern: AeA01010_CKDL210012719-1a-AK3905-AK4971_HF5TCDSX2_L1_fail.fq.gz
[2021-07-16 15:59:35,017] multiqc.plots.bargraph                             [DEBUG  ]  Using matplotlib version 3.1.2
[2021-07-16 15:59:35,018] multiqc.plots.linegraph                            [DEBUG  ]  Using matplotlib version 3.1.2
[2021-07-16 15:59:35,019] multiqc                                            [DEBUG  ]  No samples found: custom_content
[2021-07-16 15:59:35,024] multiqc                                            [DEBUG  ]  No samples found: conpair
[2021-07-16 15:59:35,029] multiqc                                            [DEBUG  ]  No samples found: peddy
[2021-07-16 15:59:35,034] multiqc                                            [DEBUG  ]  No samples found: somalier
[2021-07-16 15:59:35,038] multiqc                                            [DEBUG  ]  No samples found: methylQA
[2021-07-16 15:59:35,045] multiqc                                            [DEBUG  ]  No samples found: mosdepth
[2021-07-16 15:59:35,049] multiqc                                            [DEBUG  ]  No samples found: phantompeakqualtools
[2021-07-16 15:59:35,052] multiqc                                            [DEBUG  ]  No samples found: qualimap
[2021-07-16 15:59:35,056] multiqc                                            [DEBUG  ]  No samples found: preseq
[2021-07-16 15:59:35,060] multiqc                                            [DEBUG  ]  No samples found: quast
[2021-07-16 15:59:35,064] multiqc                                            [DEBUG  ]  No samples found: qorts
[2021-07-16 15:59:35,068] multiqc                                            [DEBUG  ]  No samples found: rna_seqc
[2021-07-16 15:59:35,072] multiqc                                            [DEBUG  ]  No samples found: rockhopper
[2021-07-16 15:59:35,075] multiqc                                            [DEBUG  ]  No samples found: rsem
[2021-07-16 15:59:35,080] multiqc                                            [DEBUG  ]  No samples found: rseqc
[2021-07-16 15:59:35,084] multiqc                                            [DEBUG  ]  No samples found: busco
[2021-07-16 15:59:35,088] multiqc                                            [DEBUG  ]  No samples found: goleft_indexcov
[2021-07-16 15:59:35,093] multiqc                                            [DEBUG  ]  No samples found: disambiguate
[2021-07-16 15:59:35,097] multiqc                                            [DEBUG  ]  No samples found: supernova
[2021-07-16 15:59:35,104] multiqc                                            [DEBUG  ]  No samples found: deeptools
[2021-07-16 15:59:35,108] multiqc                                            [DEBUG  ]  No samples found: sargasso
[2021-07-16 15:59:35,112] multiqc                                            [DEBUG  ]  No samples found: verifybamid
[2021-07-16 15:59:35,117] multiqc                                            [DEBUG  ]  No samples found: mirtrace
[2021-07-16 15:59:35,121] multiqc                                            [DEBUG  ]  No samples found: happy
[2021-07-16 15:59:35,126] multiqc                                            [DEBUG  ]  No samples found: mirtop
[2021-07-16 15:59:35,131] multiqc                                            [DEBUG  ]  No samples found: homer
[2021-07-16 15:59:35,134] multiqc                                            [DEBUG  ]  No samples found: macs2
[2021-07-16 15:59:35,138] multiqc                                            [DEBUG  ]  No samples found: theta2
[2021-07-16 15:59:35,142] multiqc                                            [DEBUG  ]  No samples found: snpeff
[2021-07-16 15:59:35,147] multiqc                                            [DEBUG  ]  No samples found: gatk
[2021-07-16 15:59:35,151] multiqc                                            [DEBUG  ]  No samples found: htseq
[2021-07-16 15:59:35,155] multiqc                                            [DEBUG  ]  No samples found: bcftools
[2021-07-16 15:59:35,159] multiqc                                            [DEBUG  ]  No samples found: featureCounts
[2021-07-16 15:59:35,163] multiqc                                            [DEBUG  ]  No samples found: fgbio
[2021-07-16 15:59:35,170] multiqc                                            [DEBUG  ]  No samples found: dragen
[2021-07-16 15:59:35,174] multiqc                                            [DEBUG  ]  No samples found: dedup
[2021-07-16 15:59:35,177] multiqc                                            [DEBUG  ]  No samples found: damageprofiler
[2021-07-16 15:59:35,188] multiqc                                            [DEBUG  ]  No samples found: biobambam2
[2021-07-16 15:59:35,192] multiqc                                            [DEBUG  ]  No samples found: mtnucratio
[2021-07-16 15:59:35,194] multiqc                                            [DEBUG  ]  No samples found: picard
[2021-07-16 15:59:35,198] multiqc                                            [DEBUG  ]  No samples found: prokka
[2021-07-16 15:59:35,202] multiqc                                            [DEBUG  ]  No samples found: samblaster
[2021-07-16 15:59:35,206] multiqc                                            [DEBUG  ]  No samples found: samtools
[2021-07-16 15:59:35,210] multiqc                                            [DEBUG  ]  No samples found: sexdeterrmine
[2021-07-16 15:59:35,215] multiqc                                            [DEBUG  ]  No samples found: bamtools
[2021-07-16 15:59:35,219] multiqc                                            [DEBUG  ]  No samples found: jellyfish
[2021-07-16 15:59:35,224] multiqc                                            [DEBUG  ]  No samples found: vcftools
[2021-07-16 15:59:35,228] multiqc                                            [DEBUG  ]  No samples found: longranger
[2021-07-16 15:59:35,233] multiqc                                            [DEBUG  ]  No samples found: stacks
[2021-07-16 15:59:35,237] multiqc                                            [DEBUG  ]  No samples found: varscan2
[2021-07-16 15:59:35,243] multiqc                                            [DEBUG  ]  No samples found: bbmap
[2021-07-16 15:59:35,247] multiqc                                            [DEBUG  ]  No samples found: bismark
[2021-07-16 15:59:35,252] multiqc                                            [DEBUG  ]  No samples found: biscuit
[2021-07-16 15:59:35,256] multiqc                                            [DEBUG  ]  No samples found: hicexplorer
[2021-07-16 15:59:35,260] multiqc                                            [DEBUG  ]  No samples found: hicup
[2021-07-16 15:59:35,263] multiqc                                            [DEBUG  ]  No samples found: hicpro
[2021-07-16 15:59:35,267] multiqc                                            [DEBUG  ]  No samples found: salmon
[2021-07-16 15:59:35,271] multiqc                                            [DEBUG  ]  No samples found: kallisto
[2021-07-16 15:59:35,275] multiqc                                            [DEBUG  ]  No samples found: slamdunk
[2021-07-16 15:59:35,278] multiqc                                            [DEBUG  ]  No samples found: star
[2021-07-16 15:59:35,282] multiqc                                            [DEBUG  ]  No samples found: hisat2
[2021-07-16 15:59:35,286] multiqc                                            [DEBUG  ]  No samples found: tophat
[2021-07-16 15:59:35,290] multiqc                                            [DEBUG  ]  No samples found: bowtie2
[2021-07-16 15:59:35,293] multiqc                                            [DEBUG  ]  No samples found: bowtie1
[2021-07-16 15:59:35,297] multiqc                                            [DEBUG  ]  No samples found: snpsplit
[2021-07-16 15:59:35,301] multiqc                                            [DEBUG  ]  No samples found: kat
[2021-07-16 15:59:35,304] multiqc                                            [DEBUG  ]  No samples found: leehom
[2021-07-16 15:59:35,308] multiqc                                            [DEBUG  ]  No samples found: adapterRemoval
[2021-07-16 15:59:35,312] multiqc                                            [DEBUG  ]  No samples found: clipandmerge
[2021-07-16 15:59:35,317] multiqc                                            [DEBUG  ]  No samples found: cutadapt
[2021-07-16 15:59:35,321] multiqc                                            [DEBUG  ]  No samples found: flexbar
[2021-07-16 15:59:35,326] multiqc                                            [DEBUG  ]  No samples found: kaiju
[2021-07-16 15:59:35,329] multiqc                                            [DEBUG  ]  No samples found: kraken
[2021-07-16 15:59:35,333] multiqc                                            [DEBUG  ]  No samples found: malt
[2021-07-16 15:59:35,337] multiqc                                            [DEBUG  ]  No samples found: trimmomatic
[2021-07-16 15:59:35,341] multiqc                                            [DEBUG  ]  No samples found: sickle
[2021-07-16 15:59:35,344] multiqc                                            [DEBUG  ]  No samples found: skewer
[2021-07-16 15:59:35,348] multiqc                                            [DEBUG  ]  No samples found: sortmerna
[2021-07-16 15:59:35,352] multiqc                                            [DEBUG  ]  No samples found: biobloomtools
[2021-07-16 15:59:35,356] multiqc                                            [DEBUG  ]  No samples found: fastq_screen
[2021-07-16 15:59:35,360] multiqc                                            [DEBUG  ]  No samples found: afterqc
[2021-07-16 15:59:40,139] multiqc.modules.fastp.fastp                        [INFO   ]  Found 155 reports
[2021-07-16 16:00:05,097] multiqc                                            [DEBUG  ]  No samples found: fastqc
[2021-07-16 16:00:05,101] multiqc                                            [DEBUG  ]  No samples found: pycoqc
[2021-07-16 16:00:05,106] multiqc                                            [DEBUG  ]  No samples found: minionqc
[2021-07-16 16:00:05,110] multiqc                                            [DEBUG  ]  No samples found: multivcfanalyzer
[2021-07-16 16:00:05,115] multiqc                                            [DEBUG  ]  No samples found: clusterflow
[2021-07-16 16:00:05,119] multiqc                                            [DEBUG  ]  No samples found: bcl2fastq
[2021-07-16 16:00:05,124] multiqc                                            [DEBUG  ]  No samples found: interop
[2021-07-16 16:00:05,127] multiqc                                            [DEBUG  ]  No samples found: ivar
[2021-07-16 16:00:05,131] multiqc                                            [DEBUG  ]  No samples found: flash
[2021-07-16 16:00:05,135] multiqc                                            [DEBUG  ]  No samples found: seqyclean
[2021-07-16 16:00:05,390] multiqc                                            [INFO   ]  Compressing plot data
[2021-07-16 16:00:09,280] multiqc                                            [INFO   ]  Report      : 1st_fastp_report.html
[2021-07-16 16:00:09,280] multiqc                                            [INFO   ]  Data        : 1st_fastp_report_data
[2021-07-16 16:00:09,280] multiqc                                            [DEBUG  ]  Moving data file from '/tmp/tmp19bxj0es/multiqc_data' to '/home/r3clark/PIRE/pire_cssl_data_processing/atherinomorus_endrachtensis/fq_fp1/./1st_fastp_report_data'
[2021-07-16 16:00:10,361] multiqc                                            [INFO   ]  MultiQC complete
