Sample	1	2	3	4	5	6	7	8	9	10	11	12	13	14	15	16	17	18	19	20	21	22	23	24	25	26	27	28	29	30	31	32	33	34	35	36	37	38	39	40	41	42	43	44	45	46	47	48	49	50	51	52	53	54	55	56	57	58	59	60	61	62	63	64	65	66	67	68	69	70	71	72	73	74	75	76	77	78	79	80	81	82	83	84	85	86	87	88	89	90	91	92	93	94	95	96	97	98	99	100	101	102	103	104	105	106	107	108	109	110	111	112	113	114	115	116	117	118	119	120	121	122	123	124	125	126	127	128	129	130	131	132	133	134	135	136	137	138	139	140	141	142	143	144	145	146	147	148	149	150
Tbi-ARos_001_Ex1b_L4_fastp	58.8687	40.388400000000004	42.9673	40.773199999999996	42.3234	41.0238	40.2953	41.4399	42.7722	40.6113	46.155499999999996	45.285399999999996	44.9322	43.8061	43.6671	43.1016	43.9696	43.5848	43.7672	43.7755	44.2127	43.3053	43.7855	43.1985	43.3933	43.1831	43.439299999999996	43.0105	44.0098	43.410399999999996	43.6413	43.3051	43.5275	43.2208	43.2958	43.0567	43.51	43.3003	43.207699999999996	43.2014	43.6832	43.0279	43.411100000000005	43.0856	43.1916	43.3806	43.1873	42.9752	43.519400000000005	43.039	43.2735	42.9692	43.6323	43.1969	43.4679	43.2331	43.1543	43.3442	43.4753	43.13	43.2849	43.1983	43.0225	43.3309	43.516	43.3606	42.915	43.1408	43.3651	43.0499	43.416199999999996	43.2852	43.359700000000004	43.7059	43.2662	43.3332	43.478899999999996	43.3861	43.2873	43.3643	43.4896	43.2492	43.4349	43.400499999999994	43.604	43.6089	43.467800000000004	43.4874	43.4788	43.256099999999996	43.6081	43.2746	43.8189	43.585	43.895	43.4203	43.8099	43.782399999999996	43.7851	43.642199999999995	44.0787	44.012	43.6576	44.0697	43.6864	43.7993	44.5919	44.019000000000005	44.1884	44.089600000000004	44.4766	43.955	44.4544	44.1096	44.411	44.1338	44.6534	44.3166	45.1479	44.2456	44.9204	44.7011	44.7411	44.665	44.9619	44.6344	44.6526	45.2173	45.2418	44.905499999999996	45.2187	44.5825	45.338699999999996	45.224199999999996	44.886900000000004	45.7888	45.5932	45.6181	45.434799999999996	45.4947	45.4737	45.3428	45.5025	45.1914	46.281	46.0062	45.776	46.0668	46.4827	45.8636
Tbi-ARos_002_Ex1b_L4_fastp	54.7773	37.3347	40.0237	38.6212	38.4608	37.6586	37.160900000000005	37.8556	38.8519	37.6058	41.5888	41.4514	40.5236	39.8282	39.795700000000004	39.679500000000004	39.804899999999996	39.8229	39.914699999999996	40.049	40.4036	39.7079	39.7881	39.669900000000005	39.6606	39.517799999999994	39.645799999999994	39.480199999999996	39.7669	39.4533	39.9463	39.731	39.7908	39.820499999999996	39.5982	39.7684	39.6748	39.6455	39.655	39.7001	39.7507	39.7385	39.7598	39.777	39.650999999999996	39.5121	39.7224	39.3525	39.7497	39.545700000000004	39.4637	39.5219	39.7363	39.7324	40.0513	39.6945	39.8213	39.522600000000004	39.9997	39.5456	39.710499999999996	39.4899	39.2821	39.6964	39.6416	39.516400000000004	39.5901	39.7693	39.557700000000004	39.6069	39.5484	39.6225	39.725	39.5338	39.5128	39.3575	39.534000000000006	39.533699999999996	39.4789	39.594	39.454	39.5154	39.5492	39.6153	39.471000000000004	39.5744	39.7671	39.488099999999996	39.7648	39.3218	39.515	39.5745	39.5183	39.6419	39.5809	39.5958	39.6155	39.7598	39.3909	39.7274	39.6452	39.689	39.545	39.8349	39.7897	39.5884	39.616099999999996	39.676	39.886500000000005	39.6349	39.712399999999995	39.866600000000005	39.797900000000006	39.5149	39.542	39.9076	39.715	39.7556	40.085100000000004	39.9036	39.7751	39.698699999999995	40.0664	39.8945	39.92	39.7748	39.8746	39.7682	39.6912	39.8715	40.2531	39.8938	40.238800000000005	40.226099999999995	39.7519	40.3818	40.2637	40.347899999999996	40.2368	40.554899999999996	40.7005	40.111200000000004	40.8717	40.022000000000006	40.510000000000005	40.613899999999994	40.4932	40.6849	40.821200000000005	40.5644
Tbi-ARos_003_Ex1b_L4_fastp	51.756	35.961	39.080799999999996	37.0623	37.3608	36.4	36.059000000000005	36.798500000000004	37.2133	36.3351	40.4452	40.178999999999995	39.278800000000004	38.6778	38.8682	38.2597	38.6772	38.750299999999996	38.398700000000005	38.8163	38.9447	38.8425	38.7272	38.5083	38.6132	38.1565	38.226	38.2955	38.6214	38.4555	38.568200000000004	38.4598	38.7515	38.587500000000006	38.5693	38.442	38.4999	38.4012	38.2262	38.3824	38.3759	38.1991	38.5328	38.3914	38.433299999999996	38.327600000000004	37.9614	38.1961	38.3643	38.3666	38.3854	38.4292	38.0554	38.3155	38.455	38.172	38.4571	38.257799999999996	38.1127	38.0945	38.4574	38.3851	38.2794	38.2102	38.3056	38.2926	38.344	38.1444	38.406600000000005	38.1751	38.196000000000005	38.253	38.4014	38.2673	38.2919	38.346799999999995	38.2612	38.1977	37.9698	38.274	38.224799999999995	38.2164	38.1832	38.338699999999996	37.9824	38.0004	38.2596	38.1537	38.225500000000004	38.1935	38.1001	38.409	37.8916	38.3531	38.292300000000004	38.223	38.1433	38.3018	37.9778	38.2348	38.3172	38.0981	38.4187	38.3618	38.277899999999995	38.2418	37.9844	38.667699999999996	38.109700000000004	38.4758	38.1639	38.1348	38.1606	38.2547	38.43	38.3457	38.202999999999996	38.1594	38.1071	38.284600000000005	38.4009	38.3716	38.3755	38.4826	38.432100000000005	38.276700000000005	38.4235	38.516600000000004	38.284	38.671	38.2831	38.2648	38.690799999999996	38.5527	38.3193	38.519999999999996	38.3801	38.1753	38.5572	38.6711	38.489000000000004	38.6341	38.5247	38.7342	38.690000000000005	39.3333	39.2065	39.4316	39.014700000000005	38.758199999999995
Tbi-ARos_004_Ex1b_L4_fastp	60.063599999999994	41.0391	44.2843	42.0744	43.6256	42.4359	41.5803	43.376	43.522	41.7992	47.3023	46.9143	45.9976	45.549099999999996	45.1139	44.9489	45.1966	45.0826	45.2233	45.4985	45.5519	44.874199999999995	45.3076	44.6349	45.0531	44.4641	44.678000000000004	44.5995	44.900800000000004	44.499300000000005	44.633	44.808	45.067099999999996	44.245200000000004	44.8955	44.607200000000006	44.919799999999995	44.483	44.649499999999996	44.7641	44.8819	44.676700000000004	45.2291	44.9337	44.833	44.4451	44.5271	44.628099999999996	44.6747	44.7861	44.483	44.7733	44.7832	44.7011	44.4148	44.900099999999995	44.7184	44.484	44.8368	44.4503	44.4724	44.9571	44.5594	44.959900000000005	44.839800000000004	44.4691	44.563	44.5237	44.5143	44.6449	44.7979	44.7305	44.705099999999995	44.9302	44.5094	44.785399999999996	44.8291	44.8998	44.8133	44.929	44.792	44.5707	44.5617	44.7785	44.5201	44.7704	44.8445	44.7353	44.8234	44.5168	45.0991	44.7634	44.7266	44.9641	44.9673	44.7878	44.7745	45.1192	44.6156	44.8411	45.1191	45.1002	45.0749	45.236900000000006	45.0749	44.9628	44.9015	45.406200000000005	44.9719	45.1921	45.2103	44.9279	45.2588	45.373999999999995	45.5067	45.5231	45.4959	45.5143	45.5185	45.4293	45.5135	45.6276	46.012	45.6554	46.0066	45.340599999999995	46.4087	45.1735	46.0476	46.0822	46.0313	45.758900000000004	46.3313	46.5034	46.1879	45.7152	46.0435	46.3861	46.720299999999995	46.7349	46.6076	46.6815	46.8788	46.3812	47.2042	46.670899999999996	46.9925	47.1111	47.4702	46.827600000000004
Tbi-ARos_005_Ex1b_L4_fastp	55.561499999999995	37.6853	40.983999999999995	39.0195	39.3731	38.752700000000004	38.0128	39.2164	40.0356	38.3915	43.3913	42.8486	41.8293	41.5657	41.3354	41.1363	41.2098	41.3783	41.3398	41.5844	41.5416	41.4266	41.368100000000005	41.2501	41.0879	40.9817	41.1936	41.1149	41.4541	41.3202	41.654	41.334199999999996	41.470800000000004	41.4616	41.2692	41.464600000000004	41.3002	41.3003	41.326	41.275	41.4691	41.3279	41.547200000000004	41.4143	41.4447	41.3999	41.207100000000004	41.3199	41.377900000000004	41.1721	41.2472	41.3809	41.3628	41.3243	41.4117	41.2723	41.4765	41.3028	41.2947	41.2383	41.401700000000005	41.2016	41.2267	41.167500000000004	41.120200000000004	41.199799999999996	41.1639	41.1437	41.138400000000004	41.0588	41.1103	41.2459	41.3021	41.1475	41.1023	41.286	41.1077	40.968900000000005	41.132400000000004	41.0481	41.2221	41.0183	41.0611	41.093	40.944	40.8708	41.173500000000004	41.049600000000005	41.024300000000004	40.9673	40.918	40.9791	40.9196	41.103899999999996	40.958600000000004	41.004400000000004	40.9747	40.958800000000004	40.8089	40.9033	41.036899999999996	40.9683	41.0655	41.1637	41.0077	40.9532	41.0837	40.847899999999996	41.1429	40.8271	40.8955	40.860800000000005	41.1686	40.8506	40.8761	40.8453	41.0273	40.7585	41.0314	41.0176	40.9931	40.7514	41.0733	40.8969	40.8845	41.0677	40.9786	41.1674	41.0005	40.8741	41.118500000000004	41.0483	41.5723	41.257	41.1602	41.4616	41.3666	41.2839	41.4709	41.3201	41.2013	41.275	41.3416	41.3649	41.421	41.655300000000004	42.0252	41.7688	41.5603	41.6407
Tbi-ARos_006_Ex1b_L4_fastp	55.9004	38.9217	42.4397	40.7982	41.4	40.4267	39.274	40.5588	41.2928	39.901399999999995	44.2583	43.661899999999996	43.2846	42.5298	42.6564	42.032599999999995	42.426700000000004	42.3747	42.576	42.4631	42.4821	42.3103	42.4671	42.1802	42.1304	41.9833	41.8358	42.0849	42.247299999999996	42.1452	42.1621	42.263600000000004	42.2183	42.0352	42.3012	42.031400000000005	42.1533	41.8122	42.0818	41.753299999999996	42.2012	41.964	42.3279	42.0297	42.1599	41.9005	41.9889	41.9927	41.992000000000004	41.8797	41.9203	41.955999999999996	42.0449	41.9504	42.0502	41.8602	41.8174	41.6552	41.945100000000004	41.8215	41.9665	41.9086	42.092200000000005	42.0094	41.7855	41.9902	41.6329	41.9123	41.942299999999996	41.9634	41.8293	41.8105	41.9985	41.9607	41.9788	41.8713	41.9471	41.7288	41.9777	41.8685	41.8599	41.701899999999995	41.9491	41.8918	41.9996	41.843	41.6163	41.9634	41.9756	41.929100000000005	42.091499999999996	42.0694	41.89	41.8361	42.126000000000005	41.851	41.9809	42.1265	42.0439	41.9458	42.2089	42.112899999999996	42.0304	42.2198	41.9946	42.2178	42.182199999999995	42.3339	42.2371	42.1834	42.5081	42.4698	42.459	42.5361	42.1729	42.486200000000004	42.65	42.6586	42.7799	42.699999999999996	42.7375	42.800700000000006	42.5426	42.7182	42.9437	42.723299999999995	43.1238	42.9006	42.8147	42.7689	42.74	42.7525	43.4294	43.0451	43.2308	43.267	43.5583	43.5637	43.1546	43.6413	43.3705	43.3788	44.1478	43.3522	43.7715	43.6971	43.846000000000004	43.736599999999996	44.2838	44.074799999999996
Tbi-ARos_007_Ex1b_L4_fastp	64.767	43.1939	46.048	43.653999999999996	46.151199999999996	44.4029	43.9446	45.6459	46.6889	42.9186	49.991400000000006	48.6591	48.3129	47.5235	47.8449	46.9075	47.5975	46.9191	47.6974	47.0899	47.4132	46.955400000000004	47.2943	46.867999999999995	46.6226	46.819	46.5619	46.5792	47.0185	46.7501	46.999	46.8016	46.9007	46.6746	46.9287	46.4161	46.871	46.7853	46.8847	46.549600000000005	46.8568	46.5031	47.0173	46.7079	46.8038	46.6903	47.091699999999996	46.2384	46.924	46.596399999999996	46.7853	46.6217	46.9534	46.7592	46.8037	46.611399999999996	46.740700000000004	46.3895	46.7783	46.5026	46.854600000000005	46.8741	46.814699999999995	46.762100000000004	46.9602	46.594	46.711200000000005	46.7717	46.7943	46.7776	46.9233	46.901700000000005	46.7822	46.7647	46.5819	46.8138	46.7185	46.8898	46.8057	46.6504	46.8605	46.5047	46.9189	46.816	46.8979	46.706399999999995	46.698499999999996	46.755	47.0757	46.944399999999995	46.9774	46.9402	47.0639	46.7318	47.1376	46.779900000000005	47.1331	46.768100000000004	47.1289	46.7709	46.8037	46.902899999999995	46.8271	47.0953	46.9154	46.8921	47.0756	46.663399999999996	46.906	46.9035	47.1997	46.7132	46.935900000000004	47.0743	47.1021	46.8885	47.1516	46.9534	47.1818	46.7906	46.967	47.0411	46.944599999999994	46.9728	47.2323	46.9318	47.4137	47.0974	47.0623	46.839999999999996	47.2032	47.1909	47.0002	47.2212	47.1882	46.9146	47.280499999999996	47.1085	47.2315	47.3526	47.4859	47.2392	47.3655	47.0238	47.1222	47.490700000000004	47.372	47.4831	47.2942	47.8033
Tbi-ARos_008_Ex1b_L4_fastp	50.889300000000006	35.8292	39.0325	36.7929	37.4143	36.3111	35.7846	36.710100000000004	37.1216	36.5216	40.1517	39.5633	38.7444	38.3743	38.2016	38.1121	38.3561	38.2749	38.2243	38.502700000000004	38.567099999999996	38.1494	38.1565	38.0832	38.040099999999995	37.8218	37.7444	37.856899999999996	38.009	37.904900000000005	38.1799	38.1718	37.824200000000005	38.1648	37.9475	37.9869	37.8546	38.0449	37.7791	38.093700000000005	37.9305	37.8885	38.0055	37.8786	37.8283	37.8976	37.7849	37.6441	37.7359	37.711	37.5924	37.8581	37.675399999999996	37.9171	37.8339	37.7494	37.862899999999996	37.7469	37.9679	37.722899999999996	37.727	37.872	37.9596	37.7726	38.0113	37.5448	37.5679	37.8676	37.6402	37.7141	37.683499999999995	37.629400000000004	37.8153	37.5414	37.529	37.8402	37.5214	37.601600000000005	37.748	37.7232	37.7509	37.5189	37.6163	37.5456	37.8359	37.5578	37.810100000000006	37.586000000000006	37.819	37.6324	38.0018	37.5595	37.769000000000005	37.6651	37.9447	37.6918	37.6293	37.879200000000004	37.6629	37.9713	37.6293	37.8472	37.8855	37.7637	37.857600000000005	37.7592	37.5336	37.7399	37.5678	38.0236	37.6905	37.6774	38.2241	38.0729	37.7386	37.711299999999994	37.9286	37.9099	37.9965	37.708999999999996	37.5689	37.9608	37.416199999999996	38.0283	38.0139	38.0102	37.7487	37.847500000000004	38.0739	37.920300000000005	37.711600000000004	37.7283	37.885000000000005	37.8304	38.028	38.3116	37.9692	38.3231	38.0704	38.3356	38.343199999999996	38.7699	38.3114	38.5679	38.1043	38.579	38.621	38.277499999999996	38.535199999999996	38.1997
Tbi-ARos_009_Ex1b_L4_fastp	65.4899	43.2837	46.610600000000005	44.0556	46.7976	44.909	44.611000000000004	46.247899999999994	47.5091	43.3947	50.743300000000005	49.5955	49.1745	48.2213	48.3212	47.5461	48.2665	47.2627	48.4958	48.070800000000006	48.011199999999995	47.5834	47.6871	47.4935	47.336	47.1554	47.1727	47.0238	47.8476	47.5216	47.3748	47.4277	47.587	46.9604	47.522999999999996	47.061	47.2074	47.686	47.0634	47.0862	47.3307	47.2382	47.2991	47.4203	47.2312	47.125299999999996	47.536699999999996	47.0462	47.454499999999996	47.4592	47.193400000000004	46.9256	47.7311	46.8921	47.2549	46.9694	47.0957	47.3617	47.1491	47.2163	47.124	47.3837	47.1146	47.2622	47.2843	47.3732	47.2231	46.934799999999996	47.3581	47.0478	47.251	47.4889	47.1068	47.2883	46.699400000000004	47.591699999999996	47.5127	47.1887	47.741299999999995	47.0295	47.3225	47.2825	47.1721	47.1976	47.85	47.313300000000005	47.3115	47.3534	47.2017	47.0443	47.4765	47.6318	47.152	47.3285	47.5612	47.5681	47.4391	47.5402	47.2101	47.5458	47.3427	47.1655	47.1396	47.4317	47.024100000000004	47.325	47.9067	47.244	47.220099999999995	47.2529	47.3589	47.2987	47.542	47.7759	47.7766	47.6987	47.666799999999995	47.2518	47.6434	47.3798	47.1701	47.8392	47.3545	47.373599999999996	47.502	47.200399999999995	48.2506	47.1556	47.6256	46.967	47.6449	47.5948	47.3863	47.5275	47.7975	47.8448	47.31	47.636	47.4536	47.932	47.5844	47.5845	48.1008	47.618500000000004	47.8767	47.5368	47.8353	47.847699999999996	48.1511	48.2647
Tbi-ARos_010_Ex1b_L4_fastp	62.7482	44.346799999999995	45.8511	44.4717	46.648	44.8704	44.1297	46.3179	46.9349	43.739	49.922	48.855599999999995	48.5748	47.9117	47.971399999999996	46.8262	47.8803	47.5753	47.4013	47.9518	47.3731	46.937	47.6769	46.3712	46.9618	46.3868	46.975	46.6273	47.1765	46.9805	46.6805	46.8487	46.840399999999995	46.888400000000004	47.4082	46.5487	46.5893	46.8593	46.2318	46.8448	46.6757	46.1541	46.8717	47.425200000000004	46.8407	46.2163	46.625299999999996	46.6978	47.3237	47.2773	46.2281	46.4674	46.8078	46.8189	46.8636	47.288000000000004	46.611999999999995	46.4467	46.7765	46.387299999999996	46.628	46.605799999999995	46.6891	46.4939	47.1576	46.6826	46.990300000000005	46.527499999999996	47.1581	46.726	46.5221	47.2138	47.113	46.6522	46.4928	47.0747	46.899499999999996	46.889900000000004	47.4458	46.836299999999994	46.382400000000004	46.842299999999994	47.5405	46.7286	47.286699999999996	47.1566	46.7025	46.3318	46.9739	47.0991	46.7956	47.2264	47.0024	47.3187	47.5482	47.1494	47.293800000000005	47.1475	47.1378	47.0939	47.417500000000004	46.6439	47.1526	46.812	46.8969	47.033199999999994	47.7098	47.017199999999995	47.4899	47.4373	47.6585	47.871900000000004	48.0751	47.2084	47.6561	47.557	47.5324	48.1115	47.4911	47.1792	47.9953	47.7001	47.4808	47.6316	48.2704	47.639900000000004	47.828900000000004	47.3454	47.9591	47.7568	47.896899999999995	47.9495	47.5019	48.175200000000004	47.404	47.4427	47.868100000000005	47.7646	47.826299999999996	48.4165	48.565599999999996	47.1047	47.9989	48.051100000000005	48.2656	48.0079	47.7097	47.8876	47.9717	48.8111
Tbi-ARos_011_Ex1b_L4_fastp	64.46300000000001	43.2309	46.819100000000006	44.1933	46.5822	44.880900000000004	44.4249	46.0109	47.2239	43.4509	50.402499999999996	49.2341	48.7129	47.7397	48.1483	47.2865	47.9636	47.4308	47.873	47.674699999999994	47.7298	47.2759	47.4394	46.8693	47.2054	46.7828	46.7735	46.929700000000004	47.248400000000004	46.989399999999996	47.242	47.192499999999995	47.240300000000005	46.828599999999994	47.5784	46.988400000000006	47.0989	47.0125	46.946	46.8328	47.094	46.7572	47.3724	47.0196	47.018100000000004	46.9599	47.258	46.7001	47.144200000000005	47.0057	47.1569	46.686	47.2848	46.9537	47.2247	46.9455	47.058	46.9008	46.9748	46.864	47.3269	46.9654	47.0783	47.1391	47.1465	47.1271	47.0546	47.0589	47.1081	46.8827	47.0627	47.146100000000004	47.1918	47.044399999999996	46.9313	47.146	47.092	47.143	47.2399	46.9598	47.224199999999996	46.9816	47.1827	47.239799999999995	47.3497	47.0618	46.9402	47.3896	47.3215	46.911	47.2658	47.4532	47.2217	46.9895	47.5043	47.5265	47.4658	47.490500000000004	47.3821	47.5758	47.3188	47.3	47.462700000000005	47.3849	47.3525	47.499	47.6138	47.366	47.5745	47.7103	47.7914	47.7006	47.7328	47.5151	47.7124	47.7006	47.4737	47.7307	47.9763	47.2959	48.0704	47.9103	47.552299999999995	48.0291	48.0267	47.9804	48.292699999999996	47.8795	47.854600000000005	47.6175	48.240899999999996	47.7256	47.924299999999995	48.0863	47.7989	47.977799999999995	48.306900000000006	48.1002	48.3242	48.3404	48.343	48.3177	48.4778	48.001599999999996	48.531800000000004	48.221599999999995	48.609700000000004	48.4349	48.411100000000005	48.6492
Tbi-ARos_012_Ex1b_L4_fastp	60.453500000000005	40.4479	43.7602	41.801899999999996	43.3548	41.8546	41.105799999999995	42.712	43.5517	40.593	47.0401	45.8492	45.144400000000005	44.2173	44.638600000000004	43.9562	44.6148	43.9407	44.5215	44.3272	44.6614	43.9319	44.2267	43.7597	43.7146	43.585499999999996	43.6092	43.5825	43.7957	43.589099999999995	43.9741	43.9596	44.0169	43.6008	44.268800000000006	43.575199999999995	44.0236	43.591499999999996	44.009	43.486000000000004	44.0254	43.515	44.0104	43.8118	43.8097	43.505500000000005	44.0882	43.5448	43.7146	43.6243	43.7459	43.4979	43.9906	43.7532	43.8053	43.508	43.7748	43.579499999999996	43.695499999999996	43.6699	43.7852	43.6536	43.812400000000004	43.862	43.903	43.6246	43.5998	43.582300000000004	43.7467	43.6098	43.6734	43.8145	43.7595	43.7759	43.7303	43.9035	43.9075	43.668099999999995	44.0107	43.7819	43.8621	43.6898	43.9076	43.8656	44.1325	43.778299999999994	43.6588	44.1258	43.8633	43.8125	44.0527	44.2219	43.8747	43.749	44.3855	44.0786	44.2046	44.0935	44.2123	44.1614	44.1474	44.2188	44.0796	44.3035	44.0585	44.336	44.338	44.2804	44.0364	44.4358	44.588100000000004	44.650600000000004	44.4514	44.5941	44.6901	44.6532	44.617200000000004	44.4822	44.824999999999996	44.4953	45.0708	44.763	44.556200000000004	45.1034	45.0143	45.0982	45.302	45.0585	45.2173	44.5531	45.3892	45.0409	45.1205	45.5446	44.9747	45.1176	45.563199999999995	45.4138	45.4998	45.5424	45.609899999999996	46.0784	45.502900000000004	45.6765	45.9173	45.968199999999996	45.657	46.3405	46.0211	46.285900000000005
Tbi-ARos_013_Ex1b_L4_fastp	55.4426	37.818000000000005	41.8944	39.299299999999995	40.1244	39.240700000000004	38.670700000000004	39.772999999999996	40.450900000000004	39.1341	43.8875	43.2285	42.4903	41.9049	41.983399999999996	41.7748	42.0491	42.0813	41.9742	42.198600000000006	42.302299999999995	42.119099999999996	41.9897	41.8944	41.9278	41.7068	41.9671	41.9133	42.024499999999996	41.965	42.236000000000004	42.2803	42.4137	42.0867	42.120999999999995	42.1256	42.222300000000004	42.1155	42.0871	42.1008	42.4291	42.1221	42.4121	42.0551	42.3147	42.1686	42.1077	42.0865	42.3423	42.121199999999995	42.1462	42.2809	42.2699	42.1886	42.4822	42.2512	42.239399999999996	42.2193	42.2776	42.2271	42.216	42.2099	42.0908	42.3524	42.1754	42.2456	42.1109	42.308099999999996	42.3138	42.1068	42.0871	42.0061	42.1113	42.288199999999996	42.0608	42.0113	42.2141	42.107499999999995	42.180099999999996	42.120400000000004	42.039100000000005	41.9805	42.1287	41.943999999999996	42.146499999999996	42.026799999999994	41.8617	41.970600000000005	42.0798	41.781400000000005	42.0415	41.9721	41.802299999999995	41.8801	41.7783	41.9429	41.981	41.8391	41.809400000000004	41.929899999999996	41.8802	41.8809	41.8367	42.010799999999996	41.9486	41.672599999999996	42.0408	41.8703	41.891600000000004	41.7829	41.783300000000004	41.5803	42.027	41.97	41.902	41.8738	41.6132	41.8348	41.706500000000005	41.8925	42.109	41.6164	41.9633	41.8166	42.0218	41.8238	41.909600000000005	42.0881	42.231	41.8223	42.065599999999996	41.9082	42.2966	42.0894	41.9786	42.1363	42.3014	41.9942	42.1826	42.1569	42.3204	42.546	42.342400000000005	42.3954	42.3471	42.4219	42.096000000000004	42.3006	42.3806	42.2477
Tbi-ARos_014_Ex1b_L4_fastp	58.1801	39.712199999999996	41.585100000000004	40.7717	41.260999999999996	40.7323	39.8069	41.1686	42.105599999999995	39.4244	44.873400000000004	44.6374	43.7527	43.406800000000004	43.040299999999995	42.4956	42.7828	42.7521	42.8722	42.7446	43.0709	42.5494	42.9286	42.543	42.642799999999994	42.534499999999994	42.1933	42.241299999999995	42.8396	42.1281	42.4587	42.6187	42.5101	42.5954	42.4739	42.2686	42.626999999999995	42.419200000000004	42.460300000000004	42.620200000000004	42.607099999999996	42.220400000000005	42.411300000000004	42.3062	42.7782	42.322199999999995	42.4222	42.2097	42.7553	42.320600000000006	42.417300000000004	42.3112	42.580400000000004	42.1412	42.4358	42.4489	42.336800000000004	42.2376	42.780499999999996	42.1612	42.3557	42.3605	42.2751	42.2463	42.3734	42.028	42.518699999999995	42.281800000000004	42.1041	42.444700000000005	42.3618	42.3718	42.391400000000004	42.079	42.2854	42.1032	42.4744	42.236000000000004	42.5762	42.180099999999996	42.4272	42.2591	42.5933	42.2697	42.4023	42.2181	42.483599999999996	42.0989	42.756699999999995	42.3106	42.5024	42.363	42.3757	42.4297	42.4686	42.139500000000005	42.688199999999995	42.5179	42.2324	42.4916	42.3365	42.3626	42.673	42.274899999999995	42.6091	42.6086	42.1545	42.5515	42.1583	42.3688	42.8798	42.496	42.7912	42.8071	42.8998	42.761700000000005	43.0253	42.5215	42.6176	42.6757	42.6568	42.8981	42.7866	42.6661	42.8469	42.727900000000005	42.7677	42.9707	42.6937	42.8749	43.2578	42.792	43.2228	42.9269	42.5636	43.3232	43.1213	42.9107	43.1646	43.338300000000004	43.2339	43.1892	42.8068	43.329699999999995	43.2949	43.7423	43.0683	43.2329	43.3923	43.3545
Tbi-ARos_015_Ex1b_L4_fastp	57.0257	37.640299999999996	39.8169	40.183	39.8389	39.2624	37.7737	39.6356	40.5648	37.9517	43.4956	43.5049	42.4765	41.6148	41.053	40.8443	40.8868	41.092600000000004	40.8633	41.1419	41.5013	40.675	41.260799999999996	40.5483	40.773199999999996	40.8356	40.7041	40.2575	41.1544	40.224399999999996	40.9756	40.5238	40.7272	40.9251	40.5732	40.627	41.0574	40.4385	40.5298	40.8096	40.62	40.381	40.9865	40.092	40.8196	40.5182	40.558	40.7365	40.4899	40.6272	40.5308	40.1868	40.588800000000006	40.4178	40.6481	40.6274	40.6237	40.386	40.6899	40.426	40.583000000000006	40.4241	40.578900000000004	40.434799999999996	40.4924	40.4062	40.5269	40.4807	40.4477	40.4249	40.6017	40.3926	40.9856	40.120400000000004	40.5852	40.490700000000004	40.108700000000006	40.8579	40.395399999999995	40.6267	40.972500000000004	40.3044	40.752	40.6878	40.721000000000004	40.5125	40.6294	40.027699999999996	41.139399999999995	40.6487	40.647800000000004	40.792899999999996	40.6208	40.47	40.6216	40.192499999999995	40.568599999999996	40.875699999999995	40.2959	40.8148	40.9058	40.6273	40.7446	40.491899999999994	40.3839	40.8185	40.7772	40.4301	40.8311	40.0366	40.549800000000005	40.787	40.6767	40.8261	40.7928	40.8444	41.0727	40.6995	40.7726	40.4062	40.8061	40.812799999999996	40.4482	40.8773	41.368	40.7119	40.8641	41.0085	41.1019	40.5342	41.207	40.6783	41.279900000000005	40.7885	41.2299	41.158	41.208099999999995	40.4503	41.6564	41.1575	41.1234	41.528999999999996	40.9621	41.0273	41.7794	41.376000000000005	41.3603	41.1754	41.519099999999995	40.8243
Tbi-ARos_016_Ex1b_L4_fastp	52.1509	36.824400000000004	39.650600000000004	37.7224	37.7688	37.006299999999996	36.403	37.4621	37.961099999999995	36.533100000000005	40.7786	40.5058	39.5595	39.2768	39.0024	38.8619	38.831900000000005	38.9853	39.2069	39.1901	38.9909	38.8492	38.8119	38.9743	38.561299999999996	38.6486	38.6291	38.6473	38.7268	38.7718	38.920100000000005	38.726699999999994	38.839400000000005	38.9189	38.8448	38.5963	38.6019	38.571299999999994	38.670700000000004	38.4101	38.6712	38.845600000000005	38.6575	38.7192	38.5911	38.5649	38.3776	38.2698	38.4319	38.6171	38.652300000000004	38.4351	38.5718	38.616299999999995	38.7233	38.4882	38.6148	38.5272	38.4861	38.45	38.412600000000005	38.5598	38.4696	38.4011	38.5055	38.3177	38.6	38.4446	38.323	38.4694	38.5982	38.3563	38.4764	38.5917	38.365700000000004	38.8402	38.6879	38.2635	38.4485	38.0438	38.5269	38.2205	38.7982	38.1263	38.4642	38.263200000000005	38.4291	38.2077	38.366299999999995	38.2389	38.3913	38.4253	38.3578	38.4741	38.2672	38.313399999999994	38.3154	38.381	38.3436	38.2815	38.379999999999995	38.4098	38.6316	38.5133	38.3778	38.4113	38.2061	38.2209	38.3074	38.4569	38.3025	38.4237	38.6478	38.297	38.4329	38.4017	38.3022	38.6174	38.3496	38.3013	38.3525	38.3578	38.5805	38.8179	38.9681	38.6236	38.5583	38.6729	38.5662	38.3964	38.2453	38.3367	38.5101	38.5473	38.589800000000004	39.0268	38.7089	38.5053	38.953500000000005	38.9171	38.8928	38.7	38.852199999999996	38.6041	38.872299999999996	39.11	38.7736	39.1068	38.772099999999995	38.5122
Tbi-ARos_017_Ex1b_L4_fastp	56.057	40.6679	42.7253	41.2469	41.9596	40.841	40.6319	41.465999999999994	42.018699999999995	41.0348	45.075700000000005	44.6924	43.8631	43.5416	43.259100000000004	43.3474	43.5292	43.390299999999996	43.1869	43.410399999999996	43.433899999999994	43.1903	43.6044	43.1179	43.5043	43.094500000000004	42.954100000000004	43.477700000000006	43.2635	43.0627	43.585	43.2468	43.263200000000005	42.99	43.1584	43.1974	43.0893	43.3886	42.9743	43.3273	43.3864	43.1409	43.421	43.3339	43.1592	43.3679	43.2645	43.175999999999995	43.1639	43.4055	42.8857	43.268299999999996	43.2345	42.8996	43.3427	43.3489	43.2252	43.377300000000005	43.3567	43.255900000000004	43.3643	43.4348	43.1661	42.898399999999995	43.5986	43.140499999999996	43.087900000000005	43.1417	43.1985	43.039500000000004	43.3981	43.0462	43.317499999999995	43.4189	43.3459	43.626599999999996	43.438	43.2582	43.195499999999996	43.459399999999995	43.0786	43.2467	43.1794	43.189	43.2525	43.539699999999996	43.0962	43.3612	43.4991	43.453199999999995	43.5799	43.5901	43.5589	42.9741	43.156	43.4861	43.3941	43.5614	43.280499999999996	43.4919	43.6541	43.5587	43.8031	44.0345	43.7577	43.8525	43.8938	43.6735	43.7686	44.3166	43.947	44.096000000000004	44.1847	44.168	44.2033	44.377100000000006	43.797799999999995	44.4619	44.9032	44.0494	44.7094	44.723600000000005	44.0278	44.6389	44.9925	44.723800000000004	44.858	45.732099999999996	44.7785	44.8309	45.429199999999994	45.0691	45.359300000000005	46.2471	45.8395	45.5383	45.85	45.900999999999996	45.6967	45.8656	45.469300000000004	45.8369	46.549800000000005	45.9785	46.5398	46.5338	46.239599999999996	46.6564	47.120200000000004	46.6805
Tbi-ARos_018_Ex1b_L4_fastp	58.3371	42.6833	43.419799999999995	42.6433	43.3138	42.3594	41.8412	43.4144	44.3446	42.2785	47.0074	46.4112	45.5821	45.315	44.7633	44.242599999999996	44.790600000000005	44.4905	45.0823	45.082699999999996	45.242399999999996	44.823800000000006	44.86	44.3457	44.5298	44.314	44.2081	44.0811	44.9534	44.142199999999995	44.575900000000004	44.5401	44.414300000000004	44.3166	44.12	44.2054	44.5499	44.630900000000004	43.9903	44.393100000000004	44.9708	44.2417	44.7282	44.7215	44.2691	44.440000000000005	44.2571	44.0803	44.656600000000005	44.4745	44.4367	44.116	44.3656	44.201	44.6664	44.2674	44.278600000000004	44.1008	44.751200000000004	44.455600000000004	44.1998	44.5724	44.2934	44.2297	44.7378	44.230799999999995	44.420700000000004	45.0606	44.3831	43.9946	44.4687	44.174400000000006	44.8682	44.6085	44.1031	44.376599999999996	44.6353	44.1951	44.1896	44.879999999999995	44.3209	44.7091	44.7004	44.2346	44.81	44.911	44.3641	44.6928	45.088	44.3183	44.7592	44.9414	44.7476	44.9617	45.4736	44.5025	45.1661	45.4462	44.9035	44.9754	45.2146	44.5665	45.2994	45.5824	45.5884	45.1479	45.7248	45.4541	45.521899999999995	46.0343	45.5207	45.387	45.508700000000005	45.269999999999996	45.5646	46.0263	45.2807	45.9997	45.6571	45.731300000000005	45.8414	45.5771	46.0248	46.6325	46.3639	45.9451	46.191900000000004	46.935	46.6148	46.177800000000005	46.5881	46.372099999999996	46.6172	46.868500000000004	46.0817	46.6624	46.7373	46.5074	47.3845	46.6928	47.0	47.0629	47.3213	46.9674	47.2034	47.6514	47.3771	47.5739	47.5351	47.6186
Tbi-ARos_019_Ex1b_L4_fastp	58.14359999999999	40.8844	42.4235	41.4537	41.843599999999995	40.9698	40.4004	41.9778	42.5953	40.3695	45.901399999999995	45.1229	44.4807	43.6338	43.2976	43.0717	43.257	43.2052	43.4953	43.7515	43.4913	43.3596	43.3761	43.0525	43.1757	42.971900000000005	42.9454	42.8939	43.3017	42.546099999999996	43.2125	43.355199999999996	43.1597	43.065	43.2245	43.1747	43.0708	42.7879	43.020199999999996	43.1194	43.257600000000004	42.9016	43.056	43.388	43.0436	42.903200000000005	43.106	42.7092	43.0481	42.9029	42.7924	43.0713	43.343199999999996	42.8197	43.1127	42.9357	43.0611	42.9201	43.1875	42.8214	43.1697	42.9943	42.760799999999996	43.0371	43.0544	42.6902	42.9142	42.9063	43.1321	42.8942	43.019	42.7727	43.2209	43.182900000000004	42.9888	42.836400000000005	43.3529	42.7827	43.1178	43.22	43.0551	43.0523	43.2209	42.979800000000004	42.9775	43.1701	42.9076	43.1323	43.0221	42.85	43.1636	43.264	43.063	43.5717	43.3257	43.0834	43.5038	43.348	43.0755	43.3519	43.4836	43.2765	43.4365	43.4244	43.5036	43.4981	43.5098	43.6309	43.6612	43.8789	43.7662	43.9249	43.942	43.7931	43.849700000000006	43.9182	43.6475	43.742599999999996	43.9351	43.6881	44.059799999999996	43.9561	44.2381	44.265100000000004	44.4487	43.9334	44.125	44.544200000000004	44.182	44.345099999999995	44.412400000000005	44.3344	44.3454	44.356	44.3745	44.5297	44.7636	44.4377	44.7645	44.6647	45.1171	45.1814	44.9897	44.8264	44.937	45.4903	45.0133	45.4523	45.3971	45.2135
Tbi-ARos_020_Ex1b_L4_fastp	57.1213	38.0111	40.9805	39.4017	39.9736	38.9518	38.078	39.584	40.1248	38.9049	43.5226	43.6925	41.769400000000005	41.4414	41.2449	41.6079	41.4756	41.4897	41.611	41.9383	41.9282	41.906	41.779500000000006	41.2977	41.085	41.0904	40.8912	41.245	41.402699999999996	40.7204	41.588300000000004	41.127900000000004	41.1955	41.227000000000004	41.3059	41.1739	41.6357	41.099799999999995	40.9948	41.454800000000006	41.4241	41.808800000000005	41.2361	41.578900000000004	41.512100000000004	41.1569	41.3718	40.9501	41.2216	41.0572	40.9507	41.1622	41.2722	41.456199999999995	41.5383	41.0578	41.3441	41.1623	41.3029	40.800799999999995	41.273900000000005	41.1335	41.152100000000004	41.156	41.647099999999995	41.2823	41.260999999999996	40.9851	41.157700000000006	40.844500000000004	41.185	40.868	41.6747	41.133199999999995	41.266999999999996	41.5359	41.2642	41.1059	41.6285	41.1966	41.1483	41.3538	41.4587	40.9906	41.5572	41.1143	41.449000000000005	41.1481	41.5985	41.402499999999996	41.4587	41.869099999999996	41.3907	41.3649	41.9342	41.6993	41.663	42.0069	41.2101	42.1453	41.8175	41.4248	41.6437	42.077999999999996	42.126400000000004	42.0145	41.8265	42.065000000000005	41.692	42.086600000000004	42.2678	41.5178	42.694900000000004	41.9276	42.741	42.6008	42.403400000000005	42.0888	42.632999999999996	42.445699999999995	42.7114	43.4235	42.904599999999995	43.0825	43.278499999999994	43.623400000000004	43.6413	43.2216	43.0298	43.3806	43.2568	42.982	43.824999999999996	44.0244	43.3985	44.4903	43.772299999999994	43.9016	44.4454	44.317099999999996	44.725	44.6623	44.4167	44.549699999999994	45.162	44.9621	44.9845	45.012299999999996	44.931599999999996	44.9519
Tbi-ARos_021_Ex1b_L4_fastp	59.024	40.1644	42.1838	40.2745	41.8059	40.9709	40.171800000000005	41.9839	42.4766	39.8962	46.0069	44.961800000000004	44.3121	43.6722	43.8395	43.3526	43.6819	43.3132	43.571799999999996	43.471900000000005	43.776700000000005	43.1684	43.351800000000004	43.1422	42.9433	42.8117	43.0043	42.9116	43.0388	42.943599999999996	43.214000000000006	43.0223	43.1965	43.0207	43.262699999999995	42.9533	43.181000000000004	42.8977	43.1523	42.8899	43.3693	42.851800000000004	43.068200000000004	42.9567	43.0852	42.8307	42.9567	42.8917	42.977	42.9555	43.0359	42.9662	42.9766	42.9883	42.9617	43.018499999999996	42.888799999999996	42.9216	43.0129	42.7302	43.0045	43.1193	42.9682	43.041000000000004	43.1243	42.9337	43.0606	42.933	42.9704	42.8804	43.0491	42.866	43.048700000000004	42.9936	43.0562	42.784	43.1768	42.9246	43.1228	43.0398	43.0818	42.7542	43.11	43.0242	43.0533	43.04	42.9288	42.9786	43.1732	43.0569	43.161300000000004	43.214999999999996	43.1197	43.167899999999996	43.339	42.883700000000005	43.2256	43.2472	43.2606	43.0651	43.3791	43.153000000000006	43.0765	43.2244	43.3272	43.1297	43.3547	43.2323	43.316	43.3632	43.1958	43.3523	43.2441	43.2504	43.2655	43.3778	43.2907	43.4118	43.3975	43.2938	43.5683	43.4132	43.3884	43.3913	43.5217	43.6073	43.5631	43.8228	43.674600000000005	43.411100000000005	43.7198	43.546800000000005	43.7881	43.8426	43.777899999999995	43.8791	43.7391	43.7156	44.0352	44.033699999999996	43.727	43.7681	44.0293	43.8942	44.1715	44.0086	43.9384	43.986399999999996	44.3021	43.7655
Tbi-ARos_022_Ex1b_L4_fastp	54.063399999999994	36.4076	39.114	37.6126	38.0619	36.733900000000006	36.43	38.1802	38.5011	36.3729	42.0035	41.2997	39.785900000000005	39.306999999999995	39.2062	39.085	39.197500000000005	39.4688	39.1765	39.482299999999995	39.436	39.2932	39.2731	38.8943	38.9679	38.8503	38.9714	39.254099999999994	39.2442	38.6215	39.3007	39.1918	39.3362	39.0447	38.961800000000004	39.0013	39.0362	39.0064	38.7668	39.1471	39.219500000000004	38.779	39.2948	39.2774	39.212399999999995	38.5496	38.9482	38.901	38.9783	38.7507	38.9584	38.7823	38.8864	38.953199999999995	38.8048	38.8407	38.8486	38.887100000000004	39.0202	38.6633	38.879599999999996	38.9388	38.7361	38.6793	38.8777	38.650400000000005	38.6847	38.7687	38.933800000000005	38.7544	38.9465	38.558	38.827600000000004	38.8478	38.872	38.847	38.8108	38.6119	38.894	38.837500000000006	38.9154	38.3958	38.7197	38.8296	38.8015	38.845800000000004	39.129000000000005	38.9414	38.969300000000004	38.757999999999996	39.0668	38.9749	38.6212	38.9743	38.8397	38.8114	38.8537	38.8733	38.8037	38.6952	38.7335	38.925599999999996	38.7079	39.109500000000004	38.8038	39.057700000000004	38.9237	38.6809	38.9181	39.0515	38.5578	38.8352	38.9223	38.9447	38.9455	39.1856	38.825199999999995	39.1612	39.3036	39.090799999999994	39.3562	39.0642	39.3868	38.6961	39.5753	38.9966	39.0597	38.7334	39.616099999999996	39.473	39.401399999999995	39.1957	39.204499999999996	39.324799999999996	39.367000000000004	38.9151	39.4981	39.4099	39.6876	39.6472	39.894	40.1576	40.0015	40.1277	39.6347	40.2682	39.5343	40.2478	40.2837	39.6745
Tbi-ARos_023_Ex1b_L4_fastp	55.6956	40.173500000000004	42.5415	40.9554	41.4912	40.4179	39.859899999999996	41.165800000000004	41.7753	40.0392	44.5021	43.8759	43.206	42.3592	42.4625	42.3745	42.5844	42.5474	42.4437	42.6932	42.8818	42.2547	42.4191	42.203	42.0315	42.1139	42.1228	42.065200000000004	43.0178	41.8782	42.378	42.1064	42.5784	42.1241	42.1605	42.0555	42.3438	42.2586	42.2205	42.3086	42.5022	41.4962	42.286	42.1126	42.0173	42.2101	42.160599999999995	41.9559	42.3466	41.9151	41.7719	41.9898	42.152899999999995	42.272	42.0083	42.031600000000005	42.0088	42.1024	42.2192	42.117399999999996	42.0752	42.0437	41.5923	42.207499999999996	41.9384	41.9601	41.8331	42.3605	42.1118	41.8047	41.7373	42.253600000000006	42.0875	41.9585	41.711999999999996	42.1759	42.023500000000006	41.881299999999996	41.9205	42.0243	42.0968	42.215799999999994	41.971199999999996	41.8645	41.9793	42.3119	42.5717	42.1852	42.0993	41.9396	41.9816	42.1077	42.2517	42.1644	42.703799999999994	42.222300000000004	42.599199999999996	42.0843	42.3747	42.6576	42.3936	42.528	42.6281	42.479	42.1327	42.4829	42.609399999999994	42.7714	42.492999999999995	42.989	43.0155	42.6215	43.6462	42.4822	42.937999999999995	42.7553	43.193	42.7934	43.095800000000004	43.2502	43.7059	43.505700000000004	43.067	43.989	43.5629	43.4146	43.8084	43.4148	44.2049	43.7462	43.7423	43.7721	44.3354	44.078	44.3816	43.8508	44.4724	44.1113	45.1438	44.808	45.1094	44.8771	45.226	45.027899999999995	45.1337	45.4346	45.6157	45.1235	45.8027	45.278800000000004
Tbi-ARos_024_Ex1b_L4_fastp	54.2181	41.462199999999996	43.0141	41.6155	41.8469	41.389399999999995	40.3452	41.6437	42.429	41.367	44.7575	44.548700000000004	43.887	43.3191	42.8822	42.4958	42.8909	43.2184	42.871700000000004	43.8553	43.6205	42.9097	43.4085	42.853	42.4384	42.707699999999996	42.388799999999996	42.3171	43.1402	42.3959	43.3162	42.9238	43.080600000000004	42.5012	42.9812	42.5013	42.6989	43.0396	42.3923	42.6446	43.0972	42.5149	42.718	43.1153	42.7035	42.755500000000005	42.4081	42.6952	43.019	42.593199999999996	42.564099999999996	42.2493	43.040800000000004	42.371199999999995	42.7299	42.5573	42.5625	42.6224	42.7487	42.6661	42.3015	42.4093	42.3072	42.714600000000004	42.3792	42.1366	42.2407	43.0484	42.5202	42.6612	42.345699999999994	42.830200000000005	42.228	42.8722	42.4811	42.4249	42.7198	42.5884	42.28	42.6983	42.8151	42.1625	42.7798	42.7501	42.593399999999995	42.7705	42.8863	43.0476	42.799	42.844300000000004	42.4259	42.9859	42.4924	42.6298	43.1517	42.547000000000004	43.1812	43.2971	42.8429	42.957	43.038900000000005	42.9981	43.2091	43.693799999999996	43.376999999999995	43.4568	43.6223	43.761100000000006	43.750099999999996	43.5783	43.649	43.753	44.123000000000005	43.3943	42.9197	44.181799999999996	43.2462	44.149899999999995	44.393100000000004	44.5155	44.121500000000005	43.9955	44.2949	44.7984	44.9476	44.3482	44.7908	45.683299999999996	45.0179	44.6543	45.2002	44.1995	44.8153	45.6952	45.2166	45.5046	45.2492	45.2479	45.8275	45.8224	46.3444	45.9389	45.9325	45.6378	46.6775	46.8101	46.055099999999996	46.8974	47.4107	46.1078
Tbi-ARos_025_Ex1b_L4_fastp	59.292100000000005	40.7103	42.3545	42.1762	42.0548	40.9383	40.030100000000004	42.2973	41.9898	40.7553	45.6481	45.0833	44.1517	43.743300000000005	43.1254	42.5546	43.4355	42.8882	43.351600000000005	43.296099999999996	43.5241	43.2484	43.180099999999996	42.673	42.7777	42.8549	42.874	42.876	43.4518	43.1722	43.418600000000005	43.2658	42.8361	43.378699999999995	43.2939	42.6163	43.2794	42.796099999999996	42.8759	42.9555	43.236999999999995	42.6049	43.3115	43.3232	42.6974	43.1034	42.7368	42.741	42.9276	42.864799999999995	42.8388	43.0817	42.9681	42.652499999999996	42.9396	42.9727	42.5734	42.9092	42.8947	42.7186	43.067	43.1729	42.6756	42.851	42.8641	43.150800000000004	42.9019	42.9684	42.8661	42.9007	43.0693	43.236799999999995	42.693999999999996	43.026199999999996	42.8999	43.006299999999996	43.004999999999995	42.5578	43.1274	42.8315	42.9081	42.839	42.7977	43.127500000000005	43.2306	42.832	42.6262	43.3664	43.1387	42.9268	43.1193	42.7744	43.2801	43.7941	43.2252	42.9898	43.526199999999996	43.38	43.0464	43.2371	44.005300000000005	43.0554	43.4973	43.641200000000005	43.7973	43.878	44.0303	43.8188	43.7297	43.664199999999994	43.510799999999996	43.933	43.7671	44.2957	44.0539	44.017	44.0909	44.0952	43.818200000000004	44.1341	44.5566	44.051	44.480599999999995	45.0274	44.791199999999996	44.1001	44.615700000000004	44.574000000000005	44.5633	44.596599999999995	44.9154	44.851	45.0939	44.8425	44.7288	45.3568	45.7939	45.4542	45.7592	45.778600000000004	45.8198	45.5198	45.5958	44.9544	45.5974	45.9757	46.2385	46.021	46.4364	46.1464
Tbi-ARos_026_Ex1b_L4_fastp	54.130599999999994	38.8204	40.5008	39.489200000000004	39.6396	38.9891	38.1616	39.6001	39.6804	38.5308	42.9538	42.5041	41.6953	40.8444	41.0283	40.9656	41.0036	40.4373	40.9872	41.145199999999996	41.1242	40.9804	41.0538	40.3984	40.610600000000005	41.0923	40.2783	40.488800000000005	40.7921	40.5449	40.8949	40.9478	40.3691	41.015	40.7314	40.7048	40.7576	40.592800000000004	40.6381	40.535900000000005	41.1117	40.531	40.543099999999995	40.5744	40.6079	40.6222	40.6282	40.4177	40.7882	40.7292	40.469699999999996	40.7145	40.4455	40.719100000000005	40.6456	40.9392	40.1336	40.4377	40.624	40.4392	40.7126	40.6566	40.4918	40.7177	40.6471	40.4224	40.5196	40.8453	40.4942	40.7569	40.769800000000004	40.6708	40.8069	40.705400000000004	40.2536	40.8799	41.097	40.4307	40.6955	40.9848	40.5406	40.8195	40.781600000000005	40.4687	41.0324	41.0065	40.4154	40.7391	40.8489	40.8206	41.023399999999995	40.9102	40.975	41.0158	40.8705	40.8993	40.86	41.261900000000004	40.785700000000006	40.9117	41.5231	41.1229	41.13	41.8039	41.11	41.4893	41.4387	41.3626	40.968199999999996	41.6852	41.2008	41.8228	41.910199999999996	41.3608	41.9012	42.3035	41.661300000000004	41.6999	42.5515	41.9566	41.8709	42.5263	41.354600000000005	42.2843	42.6659	42.0696	42.2487	43.060700000000004	42.3124	42.6012	42.9888	42.605	42.6144	42.7856	42.8803	43.4359	43.5978	42.9741	43.7326	43.4371	43.0369	43.419200000000004	44.1259	43.6207	44.2042	44.052400000000006	43.964999999999996	44.6261	44.9436	44.4865
Tbi-ARos_028_Ex1b_L4_fastp	59.9506	45.0912	45.5554	45.364599999999996	46.2641	44.9757	44.2668	45.901399999999995	46.1816	44.3078	49.168	48.6793	47.882799999999996	47.4137	46.476299999999995	46.727999999999994	47.3439	46.9063	46.9244	47.5892	47.21	46.7863	46.8845	46.7156	46.6237	46.748	46.5564	46.913700000000006	47.1806	46.6422	46.6609	46.9754	46.6681	46.6764	47.3438	46.1825	46.8589	46.7176	46.5595	46.5826	47.2817	46.381	46.5841	46.8309	46.5546	46.417500000000004	46.803	46.6448	46.6153	46.5966	46.6318	46.6285	47.096900000000005	46.5543	46.8439	47.1653	46.6468	46.603	46.535900000000005	46.4656	46.7615	46.6683	46.679500000000004	46.5968	46.8491	46.6129	46.7969	46.879	46.646100000000004	46.748	47.185300000000005	46.6269	46.731899999999996	47.1363	46.759699999999995	46.745599999999996	47.218199999999996	46.7253	46.8733	47.1619	46.6679	46.537299999999995	47.5421	46.7826	47.1638	47.2204	46.700599999999994	47.179	47.666599999999995	46.2376	47.059400000000004	47.5169	47.2119	47.3675	47.5863	47.5709	47.4597	47.8455	46.942	47.4861	48.1385	47.4159	47.782000000000004	48.2063	47.5828	47.627	48.477199999999996	47.504999999999995	47.7649	49.074600000000004	48.1115	48.6058	48.8017	48.7059	48.6186	48.615	48.2046	48.5471	49.2838	48.6619	49.3969	49.7506	49.091499999999996	49.322	50.0028	49.0292	49.480000000000004	50.151900000000005	49.783100000000005	49.742799999999995	50.2096	50.458999999999996	50.230399999999996	50.6051	50.1153	50.1633	51.1262	50.6884	50.8738	51.427	51.1173	51.2027	51.643899999999995	51.2119	51.742999999999995	51.979299999999995	51.439800000000005	51.409099999999995	52.6173	52.9637
Tbi-ARos_029_Ex1b_L4_fastp	58.7294	40.084399999999995	42.1449	41.4159	41.8253	41.034	40.104600000000005	42.2006	42.369299999999996	40.652899999999995	46.0519	45.0974	43.9615	43.411	42.9542	43.1391	43.0894	43.4112	43.181599999999996	43.6434	43.4981	43.3859	43.3357	42.9993	43.2667	43.0653	42.582	42.9754	43.154199999999996	42.9571	43.1849	42.9754	43.176500000000004	43.0886	43.1851	43.095099999999995	42.8997	43.1258	43.04	42.7827	43.2263	42.796099999999996	43.2983	43.154399999999995	43.1126	42.955	43.0643	43.2816	43.065599999999996	42.8831	42.917	42.897999999999996	43.266	43.052	43.1296	43.2599	42.787	43.172399999999996	43.0165	42.9972	42.9967	43.0976	42.9235	42.9295	42.963699999999996	42.9228	42.9855	42.7371	42.8798	42.8938	42.9193	43.0608	42.9321	43.039300000000004	42.85	43.0404	43.0772	42.5373	43.0792	43.1036	42.6913	42.84	43.1008	43.1399	42.9844	43.3213	43.128899999999994	43.166399999999996	43.2257	43.1814	43.1112	43.4651	43.0923	43.236999999999995	43.3738	43.091499999999996	43.3754	43.0924	43.0708	43.135600000000004	43.2259	43.3213	43.5172	43.9907	43.775	43.556200000000004	43.790600000000005	43.5914	43.4758	44.0094	43.6655	43.7609	43.8703	43.806	44.0391	43.7998	44.1357	44.1119	44.1301	43.9573	44.487500000000004	44.320100000000004	44.2818	44.278	44.4915	44.350699999999996	44.1965	44.587500000000006	44.3971	44.8234	45.0241	44.643899999999995	44.6871	44.98	45.1396	44.792300000000004	45.6605	44.7801	45.403999999999996	45.899499999999996	45.4146	45.6289	45.481899999999996	45.915499999999994	46.0967	46.1976	45.5279	45.5667	46.1599	46.738
Tbi-ARos_030_Ex1b_L4_fastp	56.8748	40.8343	42.2976	41.5156	42.1788	41.0799	40.4208	42.073	42.482	40.5553	45.6206	44.7931	43.7741	43.3345	43.0126	42.8252	43.3666	42.9045	43.1441	43.044900000000005	42.997	43.0154	43.0144	42.7934	42.9373	42.7521	42.5204	42.514	43.108200000000004	42.568400000000004	42.8925	42.965199999999996	42.8575	42.8604	42.8822	42.5051	42.7104	42.809799999999996	42.6809	42.6391	42.8714	42.235299999999995	42.7806	42.8534	42.3054	42.7356	42.8127	42.3177	42.586400000000005	42.8176	42.484899999999996	42.6427	42.4967	42.6173	42.6509	42.5933	42.6622	42.6965	43.18	42.5723	42.6676	42.708400000000005	42.6271	42.8635	43.079699999999995	42.6568	42.5507	43.051	42.5848	42.608200000000004	42.7907	42.7149	42.4944	42.8663	42.5724	42.6517	42.9315	42.6648	42.7994	42.965599999999995	42.564099999999996	42.8009	42.8262	42.6872	42.9989	42.7468	42.9983	42.6644	43.074200000000005	43.013	42.7049	43.4338	43.255300000000005	43.140699999999995	43.2071	42.9671	43.3601	43.2345	43.2423	43.3733	43.802600000000005	43.3427	43.6293	43.675599999999996	43.2529	43.5031	44.099500000000006	43.828	43.7191	44.114	43.6704	43.9465	44.324200000000005	43.904700000000005	44.1402	44.7596	44.0515	44.534099999999995	44.4199	43.981300000000005	44.6849	44.905499999999996	44.6205	45.0267	45.549299999999995	44.8069	45.0617	45.3565	44.989000000000004	45.2829	45.8376	45.0573	45.900999999999996	45.9466	45.568799999999996	45.994	46.0536	45.5728	46.3053	46.7586	46.0159	46.5151	47.1423	46.8018	47.3324	47.5997	46.934599999999996	47.299400000000006	47.678	47.3056
Tbi-ARos_032_Ex1b_L4_fastp	53.473099999999995	40.5138	41.6901	40.5806	40.381699999999995	39.8616	38.9639	40.2162	41.166000000000004	40.0901	43.684	43.4281	42.1848	41.767199999999995	41.795300000000005	41.5103	41.795	41.7191	41.7255	42.5544	42.249199999999995	41.6293	42.0459	41.680099999999996	41.249900000000004	41.5107	41.2643	41.0279	41.5972	41.0036	41.4996	41.49	41.6291	41.205799999999996	41.5423	41.2693	41.3814	41.452	41.678	41.143299999999996	41.5522	41.115	41.463	41.6995	41.536899999999996	41.0471	41.091699999999996	41.6744	41.4455	41.1374	41.041	41.1826	41.444399999999995	41.724	41.0822	40.9116	41.4328	41.3576	41.4983	41.369699999999995	41.326800000000006	41.2392	41.2866	41.4316	41.503	41.5	41.0762	41.9732	41.311	41.4375	40.9762	41.238	41.2827	41.3549	41.289500000000004	41.2346	41.4427	41.5756	41.2639	41.5337	41.826299999999996	41.3127	41.678399999999996	41.1697	41.4494	41.3589	41.733	41.5301	41.3447	41.298899999999996	41.7648	41.363699999999994	41.8718	41.5765	41.7022	41.416399999999996	42.052	41.9928	41.6298	41.6713	41.7145	41.8671	41.61	41.871	42.065799999999996	41.6347	42.7836	42.120200000000004	42.1667	42.666199999999996	42.1366	41.671	42.6124	41.8042	41.924299999999995	42.6844	42.572500000000005	42.2659	42.6364	42.5195	42.8262	42.6118	42.8243	42.2296	43.4204	42.812	42.7583	43.244	43.180099999999996	42.702400000000004	43.584	42.782199999999996	43.3333	43.6226	43.723600000000005	43.4528	44.0224	43.7751	43.723	44.085	44.0037	43.5392	43.9716	44.5475	44.0986	44.262299999999996	44.628299999999996	44.7425	45.2836	44.7621
Tbi-ARos_033_Ex1b_L4_fastp	54.1736	38.1527	40.1142	37.9507	39.053900000000006	38.5945	37.4154	39.0857	39.9466	38.2312	42.4536	41.781600000000005	41.138400000000004	40.1224	40.3497	39.780300000000004	40.3475	40.2886	40.184599999999996	40.7303	40.982	40.6339	40.4326	40.4163	39.9471	39.646100000000004	39.7032	39.7483	40.476800000000004	39.9337	39.81	40.2169	40.0539	39.7866	40.2039	39.7594	40.2231	40.0974	39.9874	39.6872	39.9595	39.7968	39.791	40.2951	39.704499999999996	39.704	39.905	39.6311	39.807500000000005	39.5343	40.0268	39.339800000000004	39.9008	39.7634	39.8004	39.622099999999996	39.6866	39.9561	39.915299999999995	39.4162	39.5888	39.6175	39.5368	40.2357	39.898	39.8938	39.7318	40.0692	39.6407	39.732800000000005	39.9041	39.9679	39.2237	40.65	39.6452	39.791	39.6445	40.0835	39.7708	40.4449	39.5257	39.4718	39.779399999999995	39.210499999999996	40.1971	40.295700000000004	39.8675	39.873599999999996	40.5753	39.6248	39.9857	39.8102	39.927	39.8647	40.5209	39.9029	40.1998	40.4805	40.0944	40.6061	40.5698	40.436	39.7767	41.0893	40.5672	39.9877	39.8977	40.808	40.7598	40.358	40.6679	40.4804	40.8655	40.597699999999996	40.1815	41.1409	40.6525	40.466499999999996	41.207300000000004	40.2297	40.821000000000005	40.9521	40.5698	40.4908	41.1228	40.7868	39.8468	41.896899999999995	41.240500000000004	40.8285	41.5562	41.9864	41.2565	41.3825	41.7784	41.6577	42.2191	42.296099999999996	41.753099999999996	42.3358	42.221199999999996	43.0021	42.3498	42.9595	42.8695	42.8889	42.451100000000004	43.0446	43.2455	44.144299999999994
Tbi-CJos_001_Ex1_L4_fastp	58.78489999999999	39.8628	39.3692	38.2901	39.8792	38.9174	37.823499999999996	40.3253	41.295500000000004	38.0257	44.1877	43.988699999999994	43.089	42.5655	42.2211	41.5833	41.921	41.7655	41.957499999999996	41.964	42.0053	41.6413	41.639900000000004	41.2973	41.2587	41.0827	41.0708	40.925	41.3808	41.066900000000004	41.5145	41.2076	41.333	41.1685	41.3806	41.082800000000006	41.191	41.1578	41.1937	41.0158	41.3953	41.0877	41.260400000000004	41.3778	41.114	40.9855	41.3314	40.9868	41.2501	41.0966	41.2834	41.0678	41.3904	41.1182	41.320299999999996	41.0821	41.2332	40.9846	41.243	41.057	41.256	41.1904	41.2291	41.1229	41.3845	41.0442	41.2467	41.1153	41.2358	41.0467	41.2085	41.0477	41.1365	41.2354	41.1427	41.1741	41.1939	41.0793	41.266799999999996	41.1291	41.3062	40.9795	41.275099999999995	41.036899999999996	41.2609	41.1153	41.2987	41.0561	41.2943	41.0676	41.206700000000005	41.2738	41.2528	41.180099999999996	41.2348	41.1826	41.2722	41.182	41.1776	41.0801	41.4473	41.0955	41.2538	41.1957	41.2852	41.118	41.4196	41.051700000000004	41.266799999999996	41.0938	41.253299999999996	41.0848	41.307500000000005	41.2317	41.308299999999996	41.2847	41.187400000000004	41.0254	41.325	41.0695	41.3948	41.1161	41.2896	41.2169	41.3441	41.1542	41.2526	41.2167	41.220600000000005	41.0736	41.2877	41.064299999999996	41.333	41.315200000000004	41.2526	41.2181	41.3336	41.2076	41.3526	41.2392	41.3277	41.1407	41.4416	41.3014	41.4996	41.423100000000005	41.3364	41.3003	41.4348	41.1811
Tbi-CJos_004_Ex1_L4_fastp	60.232	37.7042	39.5227	37.894800000000004	39.3228	38.4038	37.4134	39.8499	40.7669	37.3799	44.307900000000004	43.8718	42.9745	42.2595	41.9037	41.274499999999996	41.8737	41.4339	41.8404	41.5774	41.769800000000004	41.2652	41.3074	40.9402	41.0337	40.692	40.7526	40.6515	40.9945	40.7968	41.199000000000005	40.949999999999996	41.167500000000004	40.8936	41.0846	40.862300000000005	40.9059	40.698499999999996	40.9336	40.7355	41.1565	40.7441	40.998000000000005	40.9999	40.8181	40.719899999999996	40.823	40.7072	41.004200000000004	40.7538	40.949400000000004	40.8031	41.159099999999995	40.8804	41.0103	40.9039	40.9932	40.6676	41.0213	40.7611	41.0872	40.772999999999996	40.949799999999996	40.8723	40.9162	40.793099999999995	40.8082	40.7649	41.012	40.7142	40.9376	40.8489	40.9321	40.893299999999996	40.9101	40.8494	41.0418	40.6918	40.9872	40.6999	41.052	40.7448	41.079100000000004	40.631299999999996	40.9253	40.8534	40.908899999999996	40.7239	41.0602	40.7057	40.9259	40.9644	40.9979	40.8712	40.9046	40.7339	40.9204	40.8495	40.9468	40.7768	41.009499999999996	40.6965	40.9887	40.8276	40.9861	40.8375	40.942	40.8658	40.9126	40.8207	40.9397	40.778	41.0619	40.8208	41.0529	40.9747	40.8374	40.7439	40.918	40.7213	40.9995	40.8449	40.936699999999995	40.8305	40.9606	40.897	40.9043	40.8686	40.910999999999994	40.7579	40.881299999999996	40.778999999999996	40.9465	40.873	41.0495	40.93	41.0658	40.883900000000004	40.950399999999995	40.8589	41.003699999999995	40.9381	41.274699999999996	40.9955	41.182900000000004	41.0663	40.8575	41.0499	41.118300000000005	40.9554
Tbi-CJos_005_Ex1_L4_fastp	60.408300000000004	37.8212	39.4983	37.8906	39.5047	38.4982	37.4823	39.8295	40.8903	37.672	44.3984	43.8549	42.9446	42.2644	41.9323	41.349000000000004	41.658899999999996	41.5116	41.8122	41.667	41.783	41.346199999999996	41.423300000000005	40.9153	41.1272	40.6761	40.835100000000004	40.7728	41.1575	40.9187	41.2661	41.0144	41.148	40.9071	41.036	40.888000000000005	40.9165	40.862700000000004	40.980199999999996	40.7035	41.2829	40.7973	41.1139	40.944199999999995	40.9892	40.709	40.9071	40.8427	41.117599999999996	40.8337	40.969899999999996	40.7755	41.1537	40.8785	40.9784	40.8512	40.981899999999996	40.7241	41.0294	40.7446	41.076299999999996	40.902	40.9546	40.8301	41.0531	40.6838	40.9519	40.7452	40.9663	40.690799999999996	41.119699999999995	40.814699999999995	41.0555	40.9085	40.8723	40.829100000000004	40.9412	40.779199999999996	40.9342	40.8466	41.096500000000006	40.7745	41.1579	40.8	41.0039	40.8726	40.9379	40.7488	41.120400000000004	40.6972	41.0589	40.9925	40.9716	40.9121	40.960499999999996	40.8259	40.9177	40.8852	40.935100000000006	40.822900000000004	41.061	40.7846	41.018	40.9489	41.0391	40.8346	40.9121	40.739799999999995	41.023399999999995	40.8336	40.9933	40.8652	41.0808	40.8774	40.9899	40.9709	40.942099999999996	40.779199999999996	40.9918	40.6568	41.058699999999995	40.827000000000005	40.9215	40.9369	40.8921	40.9063	40.853	40.8159	40.8225	40.7561	40.9638	40.787099999999995	41.053200000000004	40.8814	40.950900000000004	40.9594	41.0196	40.762	40.9999	40.8842	41.0047	40.9714	41.2293	41.0257	41.166599999999995	41.1537	40.960499999999996	41.124500000000005	40.8359	40.866400000000006
Tbi-CJos_006_Ex1_L4_fastp	60.17829999999999	38.8608	39.8945	38.315	39.7813	39.044200000000004	38.2795	40.6883	41.544399999999996	38.0586	44.886900000000004	44.2991	43.4238	42.6954	42.3689	41.8333	42.091	41.9798	42.180499999999995	42.1011	42.213699999999996	41.58	41.7769	41.3348	41.4065	41.1086	41.1451	41.108	41.549	41.1823	41.7686	41.4534	41.4729	41.258	41.542899999999996	41.1679	41.3471	41.213899999999995	41.347	41.234	41.4721	41.2507	41.491099999999996	41.4817	41.411500000000004	41.173300000000005	41.428399999999996	41.2335	41.409099999999995	41.3255	41.369	41.3232	41.5492	41.0777	41.3411	41.2248	41.52	40.9932	41.551100000000005	41.094500000000004	41.4765	41.2267	41.416599999999995	41.1843	41.4213	41.1783	41.3954	41.2766	41.1781	41.1833	41.3432	41.1509	41.2768	41.327999999999996	41.0773	41.244	41.3302	41.1216	41.5061	41.2051	41.5283	41.0895	41.3794	41.1667	41.4141	41.1939	41.3035	41.0361	41.4198	41.1112	41.3953	41.4563	41.3148	41.394	41.4784	41.099799999999995	41.255900000000004	41.2564	41.1635	41.1824	41.4101	41.198	41.4366	41.3414	41.2132	41.1686	41.2904	41.3061	41.2095	41.2012	41.442499999999995	41.401700000000005	41.4802	41.2644	41.3692	41.2507	41.443799999999996	41.241	41.3063	41.1103	41.4654	41.112500000000004	41.3098	41.2563	41.4642	41.1734	41.2912	41.167300000000004	41.273700000000005	41.051300000000005	41.3587	41.2123	41.3201	41.1111	41.3029	41.3175	41.396699999999996	41.2098	41.374100000000006	41.3472	41.354	41.3396	41.343	41.323100000000004	41.6366	41.2498	41.2215	41.3937	41.3394	41.212199999999996
Tbi-CJos_007_Ex1_L4_fastp	61.2046	38.440000000000005	40.145399999999995	38.579	40.0941	39.0746	38.2376	40.5915	41.4751	37.912099999999995	44.904500000000006	44.4296	43.3396	42.756899999999995	42.5328	41.7618	42.2116	42.1099	42.2226	42.2948	42.4101	41.727799999999995	41.8923	41.4689	41.573100000000004	41.3966	41.4102	41.2247	41.768899999999995	41.299400000000006	41.938199999999995	41.5319	41.6676	41.4687	41.5706	41.3292	41.4829	41.2639	41.4388	41.3188	41.8259	41.3009	41.5536	41.608200000000004	41.4118	41.3292	41.504999999999995	41.2365	41.6545	41.354600000000005	41.4798	41.403	41.7055	41.3722	41.547200000000004	41.4079	41.5458	41.1535	41.700199999999995	41.2887	41.6179	41.356300000000005	41.526	41.382799999999996	41.4991	41.3003	41.489399999999996	41.369699999999995	41.489599999999996	41.2754	41.632200000000005	41.431200000000004	41.5505	41.4445	41.424	41.4032	41.4871	41.3843	41.490700000000004	41.424	41.6694	41.393299999999996	41.5814	41.295300000000005	41.517700000000005	41.347899999999996	41.4608	41.2795	41.6448	41.309000000000005	41.6504	41.4937	41.5765	41.4902	41.580600000000004	41.4856	41.496300000000005	41.3805	41.3981	41.3566	41.5872	41.39	41.4831	41.5185	41.5282	41.437400000000004	41.5684	41.3213	41.5623	41.2723	41.4525	41.362300000000005	41.7397	41.4692	41.5192	41.572199999999995	41.4763	41.3436	41.5392	41.3064	41.606	41.3468	41.4023	41.532599999999995	41.5783	41.4386	41.4219	41.3388	41.427	41.143	41.4942	41.363	41.5783	41.4729	41.5143	41.475	41.5608	41.3561	41.4863	41.3999	41.5021	41.3988	41.6887	41.4957	41.7261	41.6132	41.5554	41.4302	41.4672	41.3284
Tbi-CJos_008_Ex1_L4_fastp	59.6402	39.5533	39.6469	38.4375	39.9725	39.0645	38.107	40.5145	41.489399999999996	38.0386	44.4602	44.1526	43.2236	42.6509	42.2896	41.6304	42.1905	41.8131	42.2277	42.0418	42.2092	41.741499999999995	41.8111	41.4651	41.4341	41.2419	41.224199999999996	41.1111	41.4897	41.2286	41.646300000000004	41.4267	41.5691	41.259499999999996	41.5073	41.1725	41.3	41.1773	41.3525	41.0995	41.6247	41.1147	41.4395	41.435	41.304	41.0767	41.3276	41.1045	41.401900000000005	41.1757	41.3738	41.152	41.5425	41.1495	41.4537	41.2704	41.4452	41.0264	41.5053	41.1599	41.533	41.137499999999996	41.3784	41.0475	41.3381	41.1314	41.3064	41.1822	41.3471	41.1289	41.348600000000005	41.232600000000005	41.398	41.2333	41.188	41.3001	41.3515	41.0878	41.3339	41.1978	41.4958	41.1395	41.4159	41.140100000000004	41.2356	41.2059	41.2261	41.0606	41.3909	41.099999999999994	41.3391	41.322900000000004	41.3977	41.279700000000005	41.3886	41.1232	41.2485	41.251599999999996	41.2433	41.1731	41.4392	41.1318	41.3777	41.315200000000004	41.330600000000004	41.3012	41.2748	41.1941	41.248200000000004	41.1482	41.2975	41.1387	41.408899999999996	41.2982	41.3196	41.3022	41.2452	41.065000000000005	41.266999999999996	41.1009	41.397	41.1908	41.2483	41.281099999999995	41.2843	41.1918	41.2078	41.1601	41.251599999999996	41.062799999999996	41.2427	41.192299999999996	41.3467	41.253299999999996	41.2586	41.221799999999995	41.3953	41.1919	41.2839	41.1383	41.3909	41.2579	41.483799999999995	41.368300000000005	41.536699999999996	41.393299999999996	41.369699999999995	41.3348	41.4003	41.2757
Tbi-CJos_009_Ex1_L4_fastp	59.6143	38.475300000000004	39.3772	37.9762	39.505	38.5355	37.6612	40.0562	41.063100000000006	37.640299999999996	44.5314	44.0373	43.0191	42.4099	42.1275	41.4566	41.9707	41.695100000000004	41.9799	41.953	42.039	41.5409	41.557300000000005	41.1946	41.2664	40.9781	41.0743	40.9394	41.4712	41.0439	41.4347	41.254200000000004	41.292	41.15	41.3054	40.9951	41.1436	41.013	41.1468	40.9256	41.4011	40.996500000000005	41.1629	41.2109	41.125	40.9404	41.1227	41.0516	41.2097	41.0835	41.2378	40.9937	41.416399999999996	41.0412	41.2177	41.1229	41.2502	40.9323	41.2753	40.9748	41.1892	41.0542	41.154	41.0499	41.2159	40.8936	41.1149	41.1181	41.1691	40.957	41.1981	40.9593	41.133199999999995	41.099999999999994	40.9918	41.0879	41.2101	40.9042	41.2167	41.0117	41.254000000000005	40.9954	41.2538	40.9482	41.1802	41.0541	41.0748	40.8774	41.2636	40.9344	41.2109	41.1336	41.1643	41.0385	41.1544	40.9823	41.2095	41.0327	41.0186	41.0727	41.208299999999994	41.090900000000005	41.1271	41.1078	41.1965	40.9998	41.115	40.992200000000004	41.1655	41.0635	41.0622	41.0543	41.2329	41.0636	41.1761	41.1062	41.067	40.894999999999996	41.1777	40.8791	41.2684	40.955200000000005	41.0518	41.0479	41.159600000000005	41.0118	41.043600000000005	41.0275	41.1984	40.7914	41.1071	40.8628	41.173300000000005	41.1008	41.1205	41.0747	41.2755	40.9921	41.0321	41.111799999999995	41.2365	41.0848	41.249900000000004	41.1439	41.267399999999995	41.1936	41.132000000000005	41.1025	41.2046	41.0325
Tbi-CJos_010_Ex1_L4_fastp	59.793099999999995	37.1744	39.029399999999995	37.3573	38.8348	37.9224	36.9693	39.2905	40.3669	36.952200000000005	44.0758	43.5276	42.573	41.9169	41.6206	40.9078	41.4371	41.2055	41.4023	41.3728	41.401199999999996	40.9702	41.0878	40.5536	40.7137	40.4307	40.4864	40.2842	40.7747	40.4954	40.9321	40.6677	40.8595	40.6904	40.6339	40.594	40.6556	40.4439	40.5487	40.4279	40.8316	40.4776	40.8795	40.7219	40.7005	40.427600000000005	40.567	40.418	40.7552	40.4317	40.739399999999996	40.527499999999996	40.886	40.5063	40.685	40.5796	40.7782	40.3716	40.7026	40.4652	40.7142	40.555600000000005	40.6715	40.551700000000004	40.6897	40.5029	40.5574	40.4568	40.6806	40.4913	40.7488	40.5226	40.7471	40.553	40.584900000000005	40.5058	40.6831	40.4883	40.5773	40.479	40.7202	40.4974	40.6695	40.5184	40.6877	40.544200000000004	40.5854	40.434599999999996	40.761399999999995	40.4009	40.6903	40.5915	40.686699999999995	40.6088	40.645199999999996	40.5276	40.6707	40.5852	40.6018	40.4637	40.746	40.5084	40.733999999999995	40.6133	40.7312	40.5875	40.637499999999996	40.569300000000005	40.6982	40.5326	40.6355	40.5728	40.7415	40.7012	40.6576	40.686	40.6098	40.468399999999995	40.596	40.4539	40.7412	40.4618	40.7144	40.5534	40.6002	40.6258	40.6655	40.4868	40.6557	40.3156	40.592800000000004	40.5806	40.700900000000004	40.6733	40.666000000000004	40.524	40.6868	40.5663	40.724	40.539199999999994	40.7719	40.6585	40.8919	40.716	40.8682	40.9033	40.788999999999994	40.7626	40.726800000000004	40.549600000000005
Tbi-CJos_011_Ex1_L4_fastp	61.821099999999994	37.3583	39.8432	37.9546	39.6483	38.5268	37.7237	39.835100000000004	40.9698	37.6363	44.6296	43.9752	43.030699999999996	42.471199999999996	42.1076	41.5283	41.9985	41.7587	41.989900000000006	41.8697	42.0952	41.4793	41.5339	41.2181	41.316900000000004	41.024899999999995	41.180499999999995	40.9542	41.546699999999994	41.0533	41.646699999999996	41.2528	41.5493	41.217	41.307700000000004	41.0785	41.2656	41.112700000000004	41.3325	41.082800000000006	41.516799999999996	41.1076	41.4241	41.3646	41.2844	41.0207	41.307500000000005	41.172599999999996	41.361399999999996	41.1707	41.349000000000004	41.186499999999995	41.452	41.146	41.4402	41.1539	41.3773	40.9657	41.375099999999996	41.0776	41.4683	41.235699999999994	41.348800000000004	41.1091	41.4535	41.0898	41.388200000000005	41.2339	41.342600000000004	41.1864	41.3239	41.1541	41.4276	41.218199999999996	41.1975	41.1898	41.4078	41.0776	41.3663	41.159600000000005	41.5142	41.0368	41.4565	41.099000000000004	41.3858	41.1225	41.267700000000005	41.166799999999995	41.5129	41.0006	41.4219	41.29	41.4161	41.2725	41.395900000000005	41.2354	41.3369	41.1686	41.1734	41.1783	41.463699999999996	41.2008	41.3918	41.3288	41.3377	41.1802	41.3721	41.1389	41.282000000000004	41.1781	41.3598	41.1549	41.463	41.347	41.3566	41.3318	41.1498	41.165600000000005	41.3312	41.0994	41.462900000000005	41.1351	41.2925	41.2974	41.3174	41.3225	41.3483	41.2217	41.289	41.1023	41.2457	41.297200000000004	41.4294	41.2779	41.331	41.3875	41.448299999999996	41.179500000000004	41.368500000000004	41.343	41.4304	41.224	41.567	41.3818	41.5704	41.4324	41.4057	41.3885	41.3995	41.1991
Tbi-CJos_012_Ex1_L4_fastp	60.390100000000004	37.941399999999994	39.547	37.8499	39.412000000000006	38.4353	37.7515	40.2231	41.044000000000004	37.552400000000006	44.5791	43.9458	43.013200000000005	42.2908	41.971399999999996	41.2586	41.8497	41.568	41.8618	41.7956	41.8219	41.3816	41.453	40.9926	41.1363	40.9032	40.8167	40.786699999999996	41.3116	40.849999999999994	41.4006	41.1076	41.2178	40.981899999999996	41.156	40.8508	41.0743	40.8718	41.071000000000005	40.9015	41.272999999999996	40.855599999999995	41.207	40.995599999999996	41.118300000000005	40.8194	40.9587	40.834399999999995	41.2111	40.8327	41.1593	40.931400000000004	41.2503	40.9134	41.1729	41.008	41.140100000000004	40.794999999999995	41.0878	40.8514	41.1368	40.923500000000004	40.9868	40.9664	41.1584	40.861599999999996	41.0098	40.9902	41.097	40.8493	41.1154	40.8944	41.1679	40.8746	40.9539	40.950399999999995	41.0884	40.793400000000005	41.0092	40.9282	41.1854	40.9262	41.112	40.8727	41.074	40.9109	40.9489	40.8837	41.1353	40.804	41.043600000000005	41.1781	41.049600000000005	40.9069	41.0925	40.9266	41.0159	40.909099999999995	40.923	40.8906	41.1963	40.944399999999995	41.0391	40.9497	41.0799	40.880300000000005	41.0565	40.9204	41.039500000000004	40.8331	41.0419	40.8713	41.1659	40.9887	41.0415	40.9678	41.002300000000005	40.827200000000005	41.072199999999995	40.7354	41.1682	40.8542	41.0047	40.8864	41.0913	40.9594	41.0209	40.8939	40.9848	40.7622	41.078199999999995	40.936499999999995	41.0445	40.9618	41.0206	40.9827	41.103899999999996	40.9735	41.076800000000006	40.8858	41.1173	41.0117	41.0864	41.0188	41.292	41.1918	41.1494	41.1073	41.0565	40.9131
Tbi-CJos_013_Ex1_L4_fastp	60.5862	38.9579	39.9498	38.377	39.9247	39.1304	38.1179	40.3312	41.6256	38.205099999999995	44.789699999999996	44.4058	43.531	42.8735	42.6353	41.913	42.3666	42.1957	42.3862	42.377900000000004	42.484300000000005	41.9446	42.0116	41.614200000000004	41.7352	41.4804	41.5406	41.4125	41.8646	41.442499999999995	41.997	41.6844	41.8596	41.625499999999995	41.8195	41.4818	41.5965	41.475	41.605799999999995	41.3536	41.8994	41.493900000000004	41.8447	41.6434	41.6203	41.4009	41.6106	41.5203	41.7426	41.4414	41.6017	41.4717	41.807	41.5206	41.6904	41.506	41.7373	41.3745	41.7453	41.4556	41.794799999999995	41.5062	41.6749	41.4703	41.6439	41.4745	41.5625	41.552499999999995	41.669	41.3784	41.7605	41.5028	41.669	41.5747	41.5691	41.449200000000005	41.743900000000004	41.3372	41.6572	41.552099999999996	41.8442	41.3451	41.6716	41.4206	41.7113	41.498000000000005	41.598800000000004	41.4081	41.8248	41.4899	41.7307	41.6994	41.6566	41.6751	41.7686	41.524	41.6866	41.545700000000004	41.5417	41.5389	41.7501	41.538799999999995	41.7198	41.6552	41.6881	41.587	41.688900000000004	41.5014	41.6911	41.523199999999996	41.5967	41.5589	41.8508	41.5668	41.649	41.6203	41.5631	41.445	41.7084	41.3598	41.8146	41.5948	41.6967	41.6539	41.7643	41.667500000000004	41.7486	41.625299999999996	41.719699999999996	41.335499999999996	41.6473	41.5038	41.7328	41.6603	41.7271	41.7572	41.759800000000006	41.585100000000004	41.7173	41.6316	41.7897	41.6521	41.8399	41.692800000000005	41.9212	41.8014	41.7723	41.8027	41.8791	41.588300000000004
Tbi-CJos_014_Ex1_L4_fastp	59.8287	38.219500000000004	39.4923	37.9852	39.541199999999996	38.5847	37.6471	40.062	40.9438	37.5757	44.3519	43.905	43.0258	42.3793	42.0286	41.4111	41.837999999999994	41.645900000000005	41.8936	41.802299999999995	41.94	41.4547	41.482400000000005	41.1184	41.120000000000005	40.9401	41.0071	40.8303	41.261900000000004	41.0013	41.4165	41.1748	41.3204	41.068	41.1145	41.0111	41.0548	40.9011	41.1289	40.8644	41.287	40.949400000000004	41.207300000000004	41.0762	41.073100000000004	40.8613	41.0133	40.977599999999995	41.2119	40.951100000000004	41.1131	40.9501	41.3005	40.9362	41.1398	41.0432	41.0994	40.8708	41.165600000000005	40.8797	41.2284	40.929300000000005	41.1464	40.9591	41.1023	40.9124	41.0542	41.002	41.1033	40.9259	41.1343	40.9957	41.1515	41.0176	40.9791	41.0322	41.125499999999995	40.8611	41.0661	40.9752	41.239599999999996	40.9045	41.2459	40.9219	41.117599999999996	41.037600000000005	40.991699999999994	40.9189	41.1119	40.836099999999995	41.0537	41.1502	41.0937	41.0596	41.192299999999996	40.960499999999996	41.0875	40.9854	40.991499999999995	41.0058	41.1683	40.9599	41.1592	41.021	41.1083	40.982400000000005	41.1706	40.971999999999994	41.0939	40.916599999999995	41.0944	40.9463	41.181200000000004	41.125	41.0777	41.1014	41.0204	40.8915	41.0563	40.910000000000004	41.214600000000004	40.8609	41.0499	41.0857	41.1496	40.9924	41.1101	40.9394	41.023199999999996	40.808699999999995	41.0709	40.9146	41.1798	41.0867	41.0411	41.082800000000006	41.152300000000004	41.0002	41.0425	40.9714	41.1316	41.0785	41.2327	41.099599999999995	41.2147	41.173300000000005	41.1276	41.0937	41.1404	41.018100000000004
Tbi-CJos_015_Ex1_L4_fastp	61.3006	38.0698	40.028000000000006	38.2989	39.848099999999995	38.8763	38.0524	40.409099999999995	41.3864	37.871500000000005	45.0359	44.331199999999995	43.4628	42.6974	42.484	41.7676	42.229	42.1159	42.3618	42.2781	42.444700000000005	41.8718	41.9228	41.5034	41.5876	41.282000000000004	41.4437	41.1933	41.744	41.4059	41.8744	41.545500000000004	41.797000000000004	41.4761	41.6417	41.4107	41.5371	41.379	41.4865	41.3364	41.8122	41.3183	41.6924	41.4981	41.504999999999995	41.326499999999996	41.3852	41.3242	41.739399999999996	41.4124	41.5676	41.400999999999996	41.686499999999995	41.4495	41.6571	41.4138	41.6697	41.3199	41.5777	41.4095	41.715	41.5107	41.4989	41.4823	41.5815	41.275	41.4546	41.4063	41.619	41.348	41.6816	41.3985	41.6085	41.406	41.5315	41.4424	41.56	41.361599999999996	41.5946	41.3613	41.8512	41.39	41.618	41.3121	41.5678	41.417	41.565999999999995	41.4217	41.6172	41.3037	41.620400000000004	41.5266	41.4349	41.4177	41.5173	41.336800000000004	41.4758	41.3722	41.3868	41.475699999999996	41.6057	41.4037	41.6303	41.449799999999996	41.5199	41.3458	41.511900000000004	41.322199999999995	41.423300000000005	41.3589	41.613699999999994	41.4531	41.6774	41.4242	41.5509	41.3912	41.4525	41.2308	41.5846	41.3305	41.6163	41.306799999999996	41.4556	41.4054	41.5665	41.4445	41.5129	41.3879	41.4555	41.2322	41.4388	41.4621	41.6111	41.4967	41.4536	41.5139	41.6045	41.3885	41.5843	41.3449	41.6381	41.3589	41.6699	41.4349	41.754799999999996	41.6661	41.4789	41.571999999999996	41.632400000000004	41.3466
Tbi-CJos_016_Ex1_L4_fastp	59.998200000000004	39.5781	40.0069	38.695299999999996	40.2322	39.356700000000004	38.304700000000004	40.6219	41.771	38.283699999999996	44.8896	44.4977	43.5257	42.931799999999996	42.662499999999994	42.017700000000005	42.4261	42.1628	42.4741	42.453	42.5278	42.025800000000004	42.0959	41.6695	41.6892	41.496	41.5951	41.406	41.8471	41.5635	41.8998	41.7736	41.747	41.6295	41.6832	41.6015	41.647	41.464600000000004	41.688900000000004	41.3746	41.8666	41.476600000000005	41.65	41.6134	41.7294	41.4462	41.6813	41.5045	41.6902	41.6108	41.7064	41.6111	42.0035	41.2969	41.7091	41.6266	41.77	41.476	41.8532	41.424699999999994	41.7603	41.6376	41.7235	41.5696	41.6494	41.4357	41.5402	41.635600000000004	41.7565	41.4079	41.787400000000005	41.5398	41.666	41.5635	41.6093	41.5914	41.8193	41.4462	41.7089	41.5554	41.7692	41.5488	41.708099999999995	41.496100000000006	41.7992	41.5489	41.6221	41.4874	41.7762	41.454299999999996	41.7961	41.7434	41.75	41.6512	41.7417	41.5621	41.6169	41.7156	41.656	41.4546	41.909	41.6582	41.713499999999996	41.6757	41.7374	41.5238	41.722	41.504200000000004	41.7315	41.5734	41.6229	41.6259	41.786899999999996	41.7251	41.8465	41.7465	41.6913	41.4679	41.702099999999994	41.5622	41.8534	41.5146	41.7365	41.646100000000004	41.7382	41.6333	41.7155	41.6685	41.646100000000004	41.5068	41.7791	41.661500000000004	41.7987	41.7985	41.6764	41.693000000000005	41.7246	41.6089	41.7386	41.728	41.787600000000005	41.6406	41.9444	41.69	41.9583	41.9297	41.730000000000004	41.8209	41.8036	41.6667
Tbi-CJos_017_Ex1_L4_fastp	59.243500000000004	40.2198	39.4341	38.3674	39.7531	39.1691	37.913799999999995	40.2147	41.3429	38.2496	44.184200000000004	44.0391	43.2878	42.5416	42.3007	41.5006	42.058099999999996	41.803200000000004	42.0443	42.0975	42.3553	41.6212	41.8103	41.2979	41.477399999999996	41.2714	41.285500000000006	41.0675	41.472300000000004	41.219699999999996	41.574299999999994	41.3367	41.4891	41.3137	41.4131	41.219899999999996	41.2369	41.207100000000004	41.3121	41.025	41.5474	41.0895	41.3924	41.2829	41.3365	41.0598	41.354600000000005	41.0718	41.5401	41.139399999999995	41.3874	41.094500000000004	41.5872	41.0968	41.3709	41.208099999999995	41.3865	41.0922	41.4327	41.077999999999996	41.401700000000005	41.2485	41.3046	41.2057	41.3864	41.0284	41.2975	41.167	41.322399999999995	41.0797	41.443200000000004	41.113499999999995	41.3022	41.2085	41.3	41.1024	41.4146	41.0275	41.2968	41.049600000000005	41.4578	41.105599999999995	41.3607	41.0771	41.2892	41.189	41.2228	41.0484	41.355199999999996	41.0874	41.2655	41.301300000000005	41.2827	41.1767	41.2903	41.160000000000004	41.3074	41.239	41.1748	41.1864	41.396300000000004	41.0314	41.3442	41.244	41.397600000000004	41.122	41.347699999999996	41.030699999999996	41.265	41.1964	41.201100000000004	41.1436	41.3639	41.2539	41.3034	41.3026	41.0829	41.098600000000005	41.3527	41.0326	41.3497	41.1353	41.274899999999995	41.2076	41.299400000000006	41.120000000000005	41.109	41.1098	41.1705	41.0381	41.2269	41.1727	41.2008	41.2227	41.3241	41.1721	41.3868	41.1582	41.2064	41.3038	41.2458	41.316900000000004	41.4172	41.3072	41.4792	41.4456	41.301100000000005	41.3269	41.242200000000004	41.3566
Tbi-CJos_018_Ex1_L4_fastp	60.7397	38.4245	39.784000000000006	38.398900000000005	39.5866	38.9518	38.0953	40.6965	41.4722	37.9421	44.8265	44.4172	43.3951	42.632999999999996	42.4052	41.5891	42.2384	41.7896	42.0786	41.9933	42.0734	41.671200000000006	41.6358	41.3628	41.334700000000005	41.149	41.178799999999995	40.975899999999996	41.5475	41.0929	41.605799999999995	41.4053	41.555	41.2966	41.4474	41.2498	41.3726	41.0563	41.306799999999996	41.0951	41.4559	41.178	41.389700000000005	41.309000000000005	41.2977	41.1804	41.219899999999996	41.1265	41.4225	41.0167	41.3485	41.1407	41.440599999999996	41.186099999999996	41.4255	41.2481	41.4395	41.1128	41.497099999999996	41.043	41.5319	41.1912	41.396899999999995	41.197	41.4752	41.1215	41.3699	41.2452	41.2448	41.0867	41.4127	41.1249	41.274	41.275600000000004	41.2112	41.2646	41.2638	41.1504	41.416599999999995	41.1553	41.423100000000005	41.1239	41.3758	41.1699	41.2981	41.281800000000004	41.241	41.196	41.4241	41.0236	41.3259	41.294799999999995	41.2642	41.2546	41.3932	41.1697	41.283500000000004	41.1293	41.125299999999996	41.1285	41.3435	41.2575	41.3584	41.272999999999996	41.3893	41.275600000000004	41.3124	41.0884	41.2255	41.1305	41.3037	41.1794	41.2964	41.2721	41.2529	41.2711	41.2827	40.9868	41.2965	40.9135	41.286699999999996	41.042699999999996	41.1507	41.3626	41.3671	41.1762	41.2515	41.1634	41.1303	41.0999	41.2555	41.2089	41.394999999999996	41.3055	41.3655	41.1566	41.335699999999996	41.0591	41.495	41.2265	41.3375	41.374100000000006	41.3757	41.307	41.4555	41.5361	41.332	41.4074	41.2006	41.2106
Tbi-CJos_020_Ex1_L4_fastp	61.0889	38.4312	39.6626	38.0899	39.5728	38.915499999999994	37.9098	40.4225	41.4695	37.8239	44.8316	44.157000000000004	43.133500000000005	42.467	42.24	41.583999999999996	42.0691	41.9223	42.1104	42.0642	42.235099999999996	41.6825	41.8228	41.4042	41.4441	41.1624	41.2513	41.0372	41.5352	41.1813	41.7937	41.347899999999996	41.4854	41.3489	41.5039	41.2498	41.287800000000004	41.1867	41.424499999999995	41.052499999999995	41.6617	41.2317	41.493900000000004	41.4638	41.2525	41.0673	41.4607	41.188599999999994	41.4385	41.3016	41.4728	41.2459	41.6368	41.292699999999996	41.4467	41.104800000000004	41.5056	41.1098	41.4992	41.239399999999996	41.55	41.2515	41.360400000000006	41.2925	41.4181	41.1168	41.3374	41.1918	41.5004	41.2132	41.4675	41.2657	41.4264	41.3189	41.3178	41.104800000000004	41.3802	41.0639	41.5082	41.2573	41.5403	41.1541	41.511900000000004	41.104600000000005	41.412	41.2462	41.2923	41.005900000000004	41.5041	41.1358	41.5034	41.402499999999996	41.372	41.2728	41.445100000000004	41.1926	41.3108	41.259	41.2503	41.1764	41.4071	41.1309	41.349599999999995	41.247299999999996	41.428799999999995	41.2371	41.328700000000005	41.1858	41.39	41.1905	41.325	41.2271	41.4918	41.3504	41.3944	41.321799999999996	41.2331	41.0166	41.217	41.0728	41.4191	41.1882	41.326499999999996	41.3225	41.3009	41.261399999999995	41.274699999999996	41.1993	41.264	40.9422	41.3127	41.0313	41.3149	41.322399999999995	41.3128	41.3529	41.2694	41.154	41.1883	41.1678	41.3387	41.205799999999996	41.368100000000005	41.1717	41.5774	41.4781	41.2842	41.3861	41.3472	41.2328
Tbi-CJos_022_Ex1_L4_fastp	61.1969	37.957499999999996	39.940999999999995	38.2402	39.7185	38.6068	37.8189	40.0877	41.1815	37.7201	44.7982	44.141999999999996	43.344899999999996	42.497600000000006	42.3358	41.552299999999995	42.1638	41.8012	42.0645	42.0634	42.1778	41.6343	41.7138	41.2509	41.371900000000004	41.0146	41.1383	41.1168	41.509299999999996	41.193200000000004	41.6152	41.4472	41.5103	41.2646	41.368100000000005	41.0401	41.22	41.1097	41.2489	41.2184	41.5719	41.1939	41.4795	41.3643	41.276	41.1057	41.281800000000004	41.1522	41.3466	41.161500000000004	41.4128	41.2221	41.536699999999996	41.0987	41.497	41.2217	41.3399	40.9668	41.526	41.1575	41.5171	41.1475	41.299400000000006	41.1537	41.377399999999994	41.1809	41.247	41.251599999999996	41.2921	41.2172	41.4222	41.1856	41.4102	41.3121	41.0974	41.2251	41.514	41.1493	41.386	41.1748	41.4544	41.0846	41.4763	41.0976	41.3473	41.1402	41.276	41.120400000000004	41.435300000000005	41.08	41.344500000000004	41.377	41.357	41.2777	41.3994	41.096700000000006	41.3572	41.2395	41.1936	41.2341	41.3985	41.2395	41.3739	41.2527	41.355199999999996	41.2575	41.2576	41.168	41.3416	41.0873	41.3213	41.1891	41.5623	41.2126	41.3696	41.355	41.274699999999996	41.1327	41.3942	41.033500000000004	41.361599999999996	41.2142	41.2395	41.2603	41.2368	41.3709	41.2371	41.2643	41.2922	41.1467	41.362700000000004	41.165600000000005	41.3586	41.3234	41.3469	41.306	41.457300000000004	41.2036	41.4062	41.2418	41.371900000000004	41.259499999999996	41.509299999999996	41.2366	41.4254	41.4564	41.293800000000005	41.2991	41.3712	41.282799999999995
Tbi-CJos_023_Ex1_L4_fastp	60.181700000000006	37.5358	39.3322	37.5189	39.183299999999996	38.294	37.4647	39.7962	40.7376	37.497	44.2376	43.9781	42.9566	42.4095	41.9717	41.3853	41.8077	41.4993	41.7832	41.779500000000006	41.9892	41.4084	41.3393	41.018100000000004	41.140100000000004	40.8332	41.0196	40.802	41.3012	40.8196	41.3883	41.1607	41.2549	41.0855	41.080600000000004	40.9063	41.091100000000004	40.7755	41.0831	40.8247	41.263	40.8691	41.1849	41.129	41.0101	40.9607	40.9481	40.8503	41.1273	40.969899999999996	41.1097	40.8859	41.2599	40.9198	41.1912	41.024699999999996	41.2282	40.7939	41.2546	40.8471	41.247499999999995	40.9942	41.0542	41.0215	41.2033	40.7919	41.0892	40.9671	41.241	40.8816	41.1964	40.9538	41.166000000000004	40.971999999999994	40.9883	40.9781	41.1614	40.914699999999996	41.0685	41.0356	41.2332	41.0228	41.184599999999996	40.9205	41.0701	40.9287	41.0464	40.9094	41.234700000000004	40.8782	41.0509	41.0491	41.1277	40.9238	41.1349	41.0132	41.0955	40.987	40.9568	41.0133	41.157	40.9786	41.091699999999996	41.036	41.1208	41.023700000000005	41.0135	40.930499999999995	41.1676	40.8849	41.057500000000005	40.8996	41.293600000000005	40.9609	41.0939	41.1019	40.9887	41.010600000000004	41.1563	40.879599999999996	41.1434	40.9739	40.9655	40.9489	41.1419	41.0345	41.030899999999995	40.9871	41.0876	40.8964	40.987899999999996	40.9744	41.1357	41.045500000000004	41.0518	41.0539	41.1318	41.029199999999996	41.1212	41.118900000000004	41.084199999999996	41.0673	41.3019	41.0349	41.2325	41.2518	41.1361	41.214099999999995	41.273199999999996	41.0359
Tbi-CJos_025_Ex1_L4_fastp	59.776399999999995	37.7778	39.2351	37.7058	39.3307	38.1997	37.3452	39.741	40.6527	37.2301	44.175599999999996	43.6133	42.7695	42.1297	41.817	41.1955	41.6423	41.3406	41.6659	41.6129	41.6441	41.1818	41.275099999999995	40.8518	41.0154	40.6873	40.7007	40.576	40.969699999999996	40.6873	41.1748	40.888200000000005	41.0267	40.8088	40.8833	40.7726	40.854600000000005	40.643299999999996	40.7656	40.6242	41.0961	40.6641	41.0377	40.935700000000004	40.7631	40.6742	40.7822	40.7661	40.9652	40.685300000000005	40.8858	40.6659	41.0283	40.7053	40.943200000000004	40.7504	40.8312	40.6494	40.975699999999996	40.6684	40.9913	40.7496	40.8003	40.706900000000005	40.9419	40.5653	40.7776	40.7246	40.860800000000005	40.6234	40.915800000000004	40.745799999999996	40.9429	40.7235	40.7764	40.723	40.8766	40.5787	40.841499999999996	40.6475	40.9491	40.542	40.9833	40.6277	40.8266	40.685900000000004	40.8431	40.6518	40.9364	40.6327	40.8022	40.863	40.822199999999995	40.7049	40.9207	40.7507	40.8155	40.7718	40.7202	40.590900000000005	40.949799999999996	40.690599999999996	40.8299	40.7661	40.8074	40.79	40.8367	40.7359	40.8267	40.6416	40.8204	40.6597	40.9609	40.698299999999996	40.8868	40.800599999999996	40.8046	40.7063	40.7941	40.605599999999995	40.9391	40.618700000000004	40.8183	40.713	40.8308	40.822	40.8844	40.7081	40.8123	40.562799999999996	40.7716	40.7057	40.897800000000004	40.7982	40.822599999999994	40.7618	40.875299999999996	40.7281	40.8024	40.7762	41.015	40.8206	41.0372	40.826299999999996	41.0499	40.9823	40.9328	40.876200000000004	40.8982	40.8744
Tbi-CJos_026_Ex1_L4_fastp	59.170500000000004	39.0937	39.257799999999996	38.039899999999996	39.543499999999995	38.5497	37.514900000000004	39.9362	40.9599	37.7095	44.0189	43.750299999999996	42.9254	42.2699	41.8596	41.2472	41.786699999999996	41.428799999999995	41.7057	41.761700000000005	41.8657	41.362	41.4378	40.9739	41.0984	40.8324	40.8969	40.7939	41.125099999999996	40.8427	41.326	40.955999999999996	41.1221	40.9945	41.063	40.8165	40.9396	40.8848	40.8925	40.685300000000005	41.2016	40.7786	41.055	40.9369	40.9482	40.7162	40.8163	40.8118	41.0328	40.806599999999996	41.0526	40.7633	41.2094	40.7844	40.9968	40.958099999999995	41.0215	40.710499999999996	41.124	40.7388	41.0987	40.8715	40.944	40.7937	40.9248	40.7154	40.8735	40.745799999999996	41.016000000000005	40.723	40.9974	40.808299999999996	40.9441	40.895700000000005	40.8662	40.819	40.943400000000004	40.6926	40.992	40.836299999999994	41.011900000000004	40.6947	41.0163	40.720800000000004	40.9437	40.7935	40.870400000000004	40.6722	41.0245	40.666799999999995	40.9317	40.9995	40.943200000000004	40.878	40.997699999999995	40.7717	40.9195	40.7921	40.7882	40.844500000000004	40.9398	40.7786	40.9516	40.8125	40.957100000000004	40.8177	40.8859	40.7911	40.942	40.7032	40.8514	40.808299999999996	40.9652	40.787800000000004	40.9684	40.9197	40.8359	40.6393	40.9611	40.621	41.0118	40.7377	40.808699999999995	40.8956	40.921400000000006	40.9265	40.8483	40.7847	40.8044	40.6532	40.935300000000005	40.779900000000005	40.9529	40.8512	40.987	40.8536	40.9945	40.8255	40.9467	40.846900000000005	40.9341	40.8187	41.084900000000005	40.8806	41.0528	41.0417	40.958800000000004	40.9299	41.0366	40.8492
Tbi-CJos_027_Ex1_L4_fastp	59.837700000000005	37.9427	39.391799999999996	37.8893	39.304899999999996	38.4478	37.4855	40.0338	40.9171	37.3702	44.3651	43.9134	42.953	42.2757	42.0157	41.3225	41.7059	41.46	41.7624	41.731	41.7817	41.2738	41.3607	41.0103	41.0185	40.7616	40.863	40.7485	41.0621	40.8332	41.239599999999996	41.010600000000004	41.1018	40.9628	41.051500000000004	40.929700000000004	41.0291	40.7444	40.9184	40.7464	41.2029	40.755	41.1359	41.0083	40.9164	40.818799999999996	40.8624	40.7966	41.0985	40.7882	41.1371	40.7884	41.1711	40.8534	41.0186	40.832800000000006	41.0262	40.759	41.0642	40.7651	41.121	40.9478	40.9566	40.8235	41.1093	40.7237	40.8845	40.7485	40.9582	40.8119	41.0818	40.8578	40.9529	40.882400000000004	40.9028	40.8947	41.0283	40.7446	40.9071	40.7906	41.0972	40.785	41.0154	40.807900000000004	41.0364	40.8526	40.8855	40.7296	41.1026	40.7532	40.9859	40.9872	40.970600000000005	40.9106	40.9463	40.881099999999996	40.9957	40.9964	40.8016	40.8383	40.9674	40.8281	40.9638	40.8559	40.967999999999996	40.851	40.9487	40.773900000000005	40.8716	40.7689	40.9178	40.7714	41.1019	40.8418	40.8992	40.8703	40.8414	40.7806	40.8876	40.6664	41.0693	40.771	40.902699999999996	40.869699999999995	40.9219	40.8681	40.8711	40.7766	40.894200000000005	40.6104	40.9542	40.8063	40.994	40.8458	40.938	40.9679	40.916799999999995	40.8438	40.8655	40.9082	40.925	40.938	40.974	40.9804	41.1023	41.099599999999995	40.9189	40.9929	41.0008	40.7195
Tbi-CJos_028_Ex1_L4_fastp	61.0782	37.479600000000005	39.610800000000005	38.132	39.453500000000005	38.4189	37.325399999999995	39.6518	40.6491	37.3077	44.2823	43.8022	42.9319	42.1967	41.8935	41.231	41.6683	41.3515	41.6579	41.544	41.7349	41.1749	41.3249	40.8706	40.9762	40.7684	40.7192	40.5474	41.009	40.6745	41.1687	40.8932	41.0615	40.8178	40.8863	40.7845	40.8302	40.6938	40.849999999999994	40.6286	41.015499999999996	40.7076	40.9563	40.8095	40.8482	40.638999999999996	40.7226	40.6667	40.922599999999996	40.5699	40.8521	40.640100000000004	41.0691	40.6729	40.7573	40.6781	40.8359	40.586	40.8902	40.661500000000004	40.9751	40.6561	40.7298	40.623799999999996	40.8416	40.5966	40.733999999999995	40.6818	40.797	40.5189	40.8432	40.577999999999996	40.7933	40.6071	40.6835	40.625	40.804	40.5996	40.7329	40.623599999999996	40.9116	40.5006	40.7949	40.551500000000004	40.8653	40.637699999999995	40.7806	40.5463	40.9042	40.4198	40.7647	40.6895	40.8103	40.658	40.8223	40.673700000000004	40.8108	40.6222	40.6274	40.5348	40.8945	40.5151	40.8042	40.6588	40.8304	40.685	40.8018	40.6266	40.7769	40.5356	40.731	40.577400000000004	40.827200000000005	40.6071	40.787	40.7628	40.7048	40.5651	40.6739	40.4972	40.7976	40.504200000000004	40.7761	40.6309	40.6506	40.6553	40.7611	40.6582	40.6883	40.4341	40.7457	40.468399999999995	40.7744	40.6471	40.697	40.6604	40.767199999999995	40.4945	40.645399999999995	40.6085	40.759	40.6418	40.8277	40.714600000000004	40.8858	40.861599999999996	40.7055	40.7583	40.7837	40.4644
Tbi-CJos_029_Ex1_L4_fastp	56.789100000000005	39.9894	38.4525	37.490899999999996	39.1948	38.3656	36.9898	39.243	40.4333	37.3895	43.1126	42.942	42.2167	41.633700000000005	41.318599999999996	40.658899999999996	41.2072	40.977799999999995	41.1467	41.2641	41.341499999999996	40.909600000000005	41.0019	40.554899999999996	40.698499999999996	40.3403	40.3829	40.220800000000004	40.7457	40.3742	40.7051	40.603699999999996	40.6021	40.4779	40.6002	40.3943	40.428599999999996	40.3319	40.469699999999996	40.265699999999995	40.7012	40.263	40.5905	40.5079	40.3983	40.333400000000005	40.4127	40.3403	40.5785	40.366	40.4968	40.3281	40.681400000000004	40.2808	40.5855	40.3883	40.5656	40.2202	40.6563	40.294200000000004	40.568799999999996	40.3911	40.436699999999995	40.326699999999995	40.5342	40.2563	40.4812	40.365899999999996	40.4867	40.3132	40.5045	40.361599999999996	40.4478	40.3823	40.3577	40.3495	40.542699999999996	40.1989	40.4544	40.3955	40.5809	40.244600000000005	40.4653	40.2988	40.5047	40.370400000000004	40.4645	40.227000000000004	40.6014	40.230199999999996	40.5076	40.510200000000005	40.5048	40.3767	40.545700000000004	40.3388	40.512	40.4294	40.3458	40.214800000000004	40.5538	40.2476	40.4379	40.4422	40.4623	40.4048	40.5142	40.31	40.4335	40.3971	40.3918	40.268100000000004	40.5721	40.4392	40.3531	40.440799999999996	40.3536	40.2427	40.5608	40.225300000000004	40.5526	40.2108	40.417500000000004	40.3047	40.413399999999996	40.3705	40.4255	40.2502	40.421099999999996	40.1471	40.4837	40.2848	40.4368	40.4333	40.4356	40.400999999999996	40.574	40.3587	40.326	40.3487	40.4647	40.3693	40.6654	40.462199999999996	40.590399999999995	40.5209	40.4854	40.4094	40.5445	40.3447
Tbi-CJos_030_Ex1_L4_fastp	60.4947	38.1961	39.4525	38.1639	39.5634	38.5982	37.6889	40.0733	41.068	37.5552	44.4861	44.0894	43.0541	42.2836	42.08	41.376400000000004	41.8903	41.6043	41.8918	41.700199999999995	41.9563	41.5202	41.377399999999994	41.0321	41.188900000000004	40.8468	40.9788	40.815	41.2931	40.8714	41.4294	41.1247	41.176899999999996	41.0623	41.1265	40.9794	41.0195	40.8949	40.925200000000004	40.8644	41.2505	40.7629	41.1049	41.0083	40.9895	40.8491	41.0411	40.8082	41.2047	40.859	41.033500000000004	40.8721	41.2496	41.002	41.105199999999996	40.9735	41.1215	40.7603	41.1693	40.849000000000004	41.2176	40.9279	41.104400000000005	40.8805	41.057	40.764	40.974500000000006	40.889399999999995	41.1141	40.8062	41.0952	40.8786	41.0689	40.9998	40.962700000000005	40.8336	41.0767	40.788799999999995	41.037099999999995	40.9011	41.158899999999996	40.7896	40.9964	40.8163	40.971000000000004	41.035700000000006	40.8804	40.7289	41.1732	40.7392	41.0831	40.982	41.1718	40.866400000000006	41.1225	40.8197	41.119099999999996	40.9591	40.983599999999996	40.9092	40.936099999999996	40.8502	41.0048	40.9936	41.0554	41.0002	41.016799999999996	40.9867	41.0149	40.894200000000005	40.991	40.910000000000004	41.0864	40.9784	40.932	40.9897	40.9832	40.8124	41.0428	40.7421	41.2215	40.7983	41.0462	40.9993	41.042899999999996	40.964600000000004	41.0308	40.841899999999995	41.0196	40.684	41.0325	40.9013	40.9654	41.0051	41.023900000000005	40.9997	41.0914	40.8427	41.0951	40.928399999999996	41.06	40.943000000000005	41.2868	41.0079	41.2016	41.1674	41.0848	41.0997	41.117599999999996	40.894000000000005
Tbi-CJos_031_Ex1_L4_fastp	60.3698	38.290600000000005	39.6578	38.0644	39.4799	38.581500000000005	37.6439	39.7413	41.071000000000005	37.5553	44.168099999999995	43.8679	42.890699999999995	42.2664	41.89	41.2416	41.7201	41.4742	41.629	41.683	41.7427	41.2152	41.4653	40.927	41.1503	40.8375	40.8915	40.6047	41.221999999999994	40.754400000000004	41.252	40.980199999999996	41.0085	40.903	40.991499999999995	40.7157	40.9772	40.726600000000005	40.858	40.6785	41.1967	40.7284	41.0931	40.9005	40.967	40.7366	40.9467	40.7111	41.0205	40.7949	41.0065	40.7373	41.1482	40.741699999999994	40.963699999999996	40.7817	41.0578	40.6664	41.0303	40.7306	41.1066	40.8726	40.8582	40.8243	40.9841	40.753299999999996	40.908899999999996	40.7768	40.990700000000004	40.7618	41.0144	40.779900000000005	40.8821	40.9527	40.8275	40.8788	40.906	40.698499999999996	40.9786	40.890100000000004	41.0543	40.7195	40.9987	40.7373	40.960800000000006	40.7703	40.8741	40.7364	41.009299999999996	40.6937	40.9338	40.9306	40.9082	40.8086	40.9267	40.8129	40.9159	40.8527	40.8474	40.81	40.9948	40.7136	40.9247	40.860400000000006	40.9685	40.8782	41.0499	40.809	40.9063	40.744	40.9251	40.6588	40.963699999999996	40.898	41.0418	40.8784	40.854	40.8012	40.8639	40.698499999999996	41.0931	40.7987	40.9716	40.8686	41.0296	40.8908	40.9394	40.742200000000004	40.896100000000004	40.6348	40.9497	40.8605	40.9067	40.8699	40.9015	40.780499999999996	41.0554	40.7372	40.8727	40.9456	41.0012	41.08	41.0653	40.977000000000004	41.0707	41.1481	40.9939	40.9343	41.0289	40.696799999999996
Tbi-CJos_032_Ex1_L4_fastp	58.162000000000006	40.6426	39.2846	38.419	39.854099999999995	39.1123	37.7613	40.1053	41.330099999999995	38.1826	44.0441	43.9649	43.1517	42.4606	42.1247	41.496100000000006	42.0116	41.7201	42.1039	42.0067	42.209	41.571200000000005	41.7012	41.3545	41.3831	41.1663	41.2032	41.0133	41.4383	41.0931	41.5937	41.3573	41.4703	41.247699999999995	41.433	41.2204	41.2551	41.2239	41.2975	41.138000000000005	41.5209	41.1267	41.4496	41.3245	41.2446	41.0958	41.2526	41.129599999999996	41.4407	41.1258	41.3319	41.0603	41.4659	41.1372	41.3865	41.1837	41.3147	41.097899999999996	41.442800000000005	41.172399999999996	41.4112	41.1968	41.178599999999996	41.124300000000005	41.2526	41.0612	41.227000000000004	41.1411	41.3038	41.056	41.4859	41.037099999999995	41.2851	41.2825	41.2812	41.1023	41.353	41.0563	41.4269	41.1627	41.4604	40.996700000000004	41.3913	41.0953	41.369499999999995	41.2194	41.1893	41.1066	41.486200000000004	41.1093	41.257	41.2734	41.3381	41.2399	41.3293	41.1796	41.289	41.3111	41.2076	41.1356	41.382799999999996	41.2195	41.388799999999996	41.2335	41.292899999999996	41.1231	41.449799999999996	41.081	41.3881	41.119	41.3194	41.1233	41.545	41.188	41.369699999999995	41.3371	41.2329	41.179500000000004	41.2978	41.0176	41.4814	41.2217	41.3377	41.2066	41.388799999999996	41.2299	41.233799999999995	41.3756	41.2291	41.0619	41.279700000000005	41.1976	41.3167	41.2634	41.295300000000005	41.4565	41.2785	41.24	41.3435	41.279199999999996	41.355799999999995	41.2376	41.5458	41.267700000000005	41.507	41.4139	41.3782	41.3991	41.4197	41.1745
Tbi-CJos_033_Ex1_L4_fastp	60.171	37.0935	39.1651	37.3463	39.1025	37.9498	37.0182	39.3654	40.345	37.1091	44.076100000000004	43.6306	42.6128	42.1148	41.7145	41.051	41.546699999999994	41.3305	41.4176	41.4118	41.589999999999996	41.0176	41.1068	40.6871	40.8976	40.5076	40.586800000000004	40.4465	40.930499999999995	40.531	41.0161	40.7762	40.8146	40.7388	40.7762	40.5673	40.676899999999996	40.535399999999996	40.679500000000004	40.4738	41.004200000000004	40.4966	40.7966	40.7078	40.724700000000006	40.4561	40.7271	40.475	40.8429	40.5965	40.7678	40.569100000000006	40.8234	40.5337	40.8074	40.6805	40.7863	40.4294	40.8521	40.496700000000004	40.930699999999995	40.618700000000004	40.762100000000004	40.5492	40.8227	40.4659	40.6816	40.5804	40.7723	40.4933	40.8295	40.6731	40.7274	40.6597	40.523199999999996	40.6312	40.742200000000004	40.532000000000004	40.6886	40.6378	40.8471	40.4804	40.820499999999996	40.5403	40.6852	40.5463	40.6955	40.5719	40.7486	40.5277	40.7779	40.773700000000005	40.8038	40.5933	40.7488	40.5775	40.739399999999996	40.5586	40.6344	40.5584	40.8387	40.6254	40.7399	40.624300000000005	40.7779	40.6052	40.7111	40.5879	40.7075	40.5794	40.7709	40.507	40.8329	40.6634	40.7517	40.6694	40.6547	40.5718	40.7305	40.5298	40.8889	40.5916	40.6614	40.620400000000004	40.693	40.6667	40.6468	40.6362	40.6948	40.352900000000005	40.73	40.568799999999996	40.7316	40.7091	40.6017	40.7409	40.7351	40.6421	40.7198	40.6566	40.7709	40.7402	40.931	40.7848	40.8945	40.8734	40.7605	40.813500000000005	40.7481	40.639199999999995
Tbi-CJos_034_Ex1_L4_fastp	59.9688	37.2014	38.960899999999995	37.3459	38.966699999999996	37.891799999999996	37.0747	39.5066	40.4026	37.0396	44.0222	43.6066	42.5822	41.989599999999996	41.5606	40.9658	41.409400000000005	41.2085	41.4479	41.3807	41.516999999999996	40.973	41.0687	40.6038	40.764	40.4658	40.557	40.4524	40.8168	40.5071	40.9443	40.7204	40.8243	40.5704	40.708	40.4893	40.6528	40.471000000000004	40.632200000000005	40.5322	40.9173	40.4908	40.8063	40.6673	40.691500000000005	40.5424	40.6278	40.517199999999995	40.726	40.4378	40.6597	40.549	40.8784	40.432	40.7776	40.5713	40.747499999999995	40.3553	40.8089	40.417199999999994	40.7793	40.556	40.5995	40.5462	40.795700000000004	40.4654	40.625099999999996	40.553	40.7441	40.4461	40.7962	40.4581	40.6999	40.5567	40.5477	40.5065	40.713100000000004	40.431200000000004	40.7151	40.5408	40.822	40.4321	40.6547	40.4644	40.5924	40.5852	40.6295	40.455400000000004	40.7648	40.4791	40.6854	40.6339	40.6293	40.5858	40.716	40.4822	40.722500000000004	40.600500000000004	40.5737	40.5482	40.791	40.4738	40.6781	40.661	40.6578	40.584199999999996	40.7068	40.411500000000004	40.612700000000004	40.515499999999996	40.6107	40.5204	40.873799999999996	40.5461	40.619499999999995	40.692099999999996	40.5855	40.529900000000005	40.6054	40.4287	40.773700000000005	40.4901	40.6806	40.6507	40.7684	40.5959	40.6998	40.629	40.6408	40.3974	40.6894	40.5534	40.7837	40.5964	40.6383	40.6727	40.7529	40.5824	40.7524	40.6732	40.787	40.6201	40.853899999999996	40.6988	40.9326	40.8672	40.6816	40.7588	40.7986	40.6552
Tbi-CJos_035_Ex1_L4_fastp	60.723400000000005	37.5351	39.5176	37.8127	39.3222	38.439800000000005	37.569900000000004	39.9451	40.846	37.519999999999996	44.5825	44.0456	42.973099999999995	42.3804	42.0545	41.4317	41.8551	41.5477	41.8604	41.753299999999996	41.970800000000004	41.4893	41.4712	41.058299999999996	41.0892	40.803200000000004	41.0346	40.7382	41.2172	40.8988	41.429100000000005	41.168	41.2175	41.0061	41.1421	40.9704	40.9542	40.9167	41.0814	40.8431	41.3195	40.9059	41.2426	41.0555	41.0491	40.8181	41.143	40.9159	41.254999999999995	41.0833	41.0439	40.9831	41.209	40.930499999999995	41.2036	40.9187	41.0845	40.842099999999995	41.1913	40.9131	41.2641	40.9948	41.0298	40.9739	41.1689	40.8202	40.964800000000004	41.0787	41.077000000000005	41.0873	41.160999999999994	40.9139	41.0745	41.0158	40.8728	41.0639	41.1291	40.9165	41.062	40.8924	41.1845	40.837	41.1746	40.8498	41.0522	40.8825	41.066	40.8986	41.1145	40.766999999999996	41.1821	41.06	41.1121	40.9329	41.117	41.009299999999996	41.105199999999996	41.0704	41.0047	40.9418	41.028	41.030899999999995	41.0697	41.0304	41.043099999999995	40.964099999999995	41.054899999999996	40.9626	41.0878	40.952	41.044399999999996	40.9841	41.0829	41.091699999999996	40.9433	41.031	40.9753	40.9974	40.9535	40.8723	41.1239	40.9991	41.099999999999994	40.8741	41.0683	40.9208	40.9769	40.9369	41.0502	40.7616	41.091499999999996	40.935500000000005	41.126200000000004	41.066399999999994	41.0726	40.9155	41.1706	40.952	41.0601	40.9919	41.0829	41.0327	41.127399999999994	41.010999999999996	41.3448	41.157199999999996	41.185100000000006	41.232	41.1518	41.0133
Tbi-CJos_036_Ex1_L4_fastp	60.1477	37.8015	39.4707	37.8413	39.2336	38.2821	37.507600000000004	39.9637	40.9213	37.5257	44.3724	43.956	42.885	42.213	41.8958	41.1806	41.6979	41.5205	41.7033	41.638999999999996	41.881	41.2954	41.308099999999996	40.9369	40.943000000000005	40.7913	40.832800000000006	40.696799999999996	41.038799999999995	40.7415	41.2539	40.976099999999995	41.0488	40.8653	41.014	40.903600000000004	40.839	40.740700000000004	40.8532	40.7437	41.1558	40.699000000000005	40.9491	40.864200000000004	40.8669	40.637499999999996	40.8329	40.7777	41.0201	40.799099999999996	40.9396	40.8532	41.1543	40.7428	40.944900000000004	40.725899999999996	40.984700000000004	40.7173	41.025800000000004	40.745	41.0178	40.826	40.7772	40.715	40.9784	40.6886	40.8951	40.868700000000004	40.8955	40.6719	41.021	40.6805	40.9567	40.8233	40.764	40.7526	40.9095	40.7177	40.928399999999996	40.7607	40.978500000000004	40.5939	40.9385	40.6924	40.9366	40.726800000000004	40.794799999999995	40.651900000000005	40.8487	40.6246	41.0229	40.8932	40.842099999999995	40.8484	40.8997	40.7654	40.9914	40.7727	40.8369	40.6548	40.9899	40.78	41.0036	40.7511	40.8646	40.8299	40.9109	40.755599999999994	40.8847	40.813	40.9247	40.7081	41.0127	40.7917	40.8626	40.9424	40.8422	40.7029	40.887499999999996	40.632200000000005	41.0161	40.740500000000004	40.8499	40.87	40.792899999999996	40.8885	40.8598	40.7188	40.806799999999996	40.6604	40.836800000000004	40.7265	40.924	40.7746	40.7967	40.821400000000004	40.8903	40.7717	40.8517	40.7817	40.9642	40.7357	41.0521	40.8863	41.0858	41.0221	41.0385	40.9582	40.944599999999994	40.8315
Tbi-CJos_037_Ex1_L4_fastp	60.76820000000001	37.022800000000004	39.146	37.5515	39.1382	37.9619	37.127700000000004	39.4302	40.4168	37.1595	44.0686	43.675000000000004	42.700500000000005	42.0826	41.7829	41.085100000000004	41.4842	41.3029	41.4803	41.4796	41.6186	41.1097	41.1149	40.6816	40.8768	40.5547	40.6193	40.4889	40.923	40.530300000000004	41.0277	40.8063	40.879599999999996	40.7117	40.8313	40.6931	40.7274	40.544200000000004	40.702	40.5644	40.9718	40.5588	40.8533	40.704299999999996	40.7675	40.476	40.684	40.5835	40.818599999999996	40.5642	40.7834	40.6271	40.908699999999996	40.6353	40.8227	40.6161	40.7369	40.488600000000005	40.7885	40.5658	40.901199999999996	40.5816	40.732600000000005	40.571200000000005	40.818599999999996	40.5191	40.685	40.653099999999995	40.7492	40.5502	40.799099999999996	40.489799999999995	40.733000000000004	40.610600000000005	40.7046	40.6713	40.7355	40.4962	40.7273	40.6604	40.816900000000004	40.5079	40.8244	40.5199	40.75	40.6655	40.793800000000005	40.526	40.7237	40.4518	40.7296	40.7413	40.6995	40.6919	40.8108	40.6667	40.754400000000004	40.6741	40.555400000000006	40.5497	40.8327	40.5165	40.761399999999995	40.711999999999996	40.7264	40.7427	40.645900000000005	40.6505	40.7997	40.5925	40.714299999999994	40.6661	40.7956	40.7362	40.7699	40.7573	40.6446	40.604600000000005	40.7796	40.5891	40.8252	40.6033	40.705799999999996	40.5668	40.7725	40.671400000000006	40.6792	40.6902	40.6678	40.5202	40.7786	40.5545	40.8357	40.734700000000004	40.7658	40.7411	40.8389	40.6155	40.7776	40.7844	40.8121	40.7215	40.9936	40.7399	41.002	40.8799	40.7847	40.8836	40.8877	40.6931
Tbi-CJos_038_Ex1_L4_fastp	59.9908	37.7854	39.449	37.9759	39.444	38.2676	37.465399999999995	39.8785	40.9026	37.393100000000004	44.2358	43.897000000000006	42.8872	42.1705	41.932	41.1545	41.6711	41.492000000000004	41.65	41.5947	41.8453	41.2337	41.3608	40.9177	41.0207	40.7691	40.7928	40.657700000000006	41.2401	40.7759	41.2485	40.9082	41.0642	40.8388	40.9995	40.865	40.9005	40.853899999999996	40.8247	40.8101	41.1299	40.788000000000004	41.023199999999996	40.9777	40.826499999999996	40.712900000000005	40.8949	40.7971	40.99	40.7906	41.0682	40.8373	41.0353	40.8435	41.0484	40.848600000000005	41.0053	40.725	41.0173	40.7691	40.996300000000005	40.8778	40.8827	40.7977	40.934599999999996	40.8007	40.889399999999995	40.8974	41.0192	40.798	41.0229	40.792	40.9465	40.7969	40.836600000000004	40.8716	40.9394	40.7101	40.9823	40.8155	40.9807	40.7411	40.8993	40.7221	41.0493	40.7774	40.889399999999995	40.7862	40.9474	40.6831	40.8661	40.9996	40.955799999999996	40.8638	40.8848	40.8302	40.9197	40.9057	40.8125	40.8787	41.0214	40.931200000000004	40.9751	40.898	40.9587	40.895700000000005	40.8939	40.769	41.033500000000004	40.8218	40.947	40.8114	41.066399999999994	40.8864	40.9099	40.8492	40.9472	40.808499999999995	40.8305	40.7897	41.0838	40.760999999999996	40.929700000000004	40.822900000000004	40.925	40.9118	40.9339	40.8482	40.8721	40.697	40.8516	40.8663	40.910999999999994	40.8691	40.898	40.8958	41.0545	40.9139	40.9069	40.8482	41.021800000000006	40.8831	40.937200000000004	41.085	41.178399999999996	41.1186	40.9744	40.9799	40.956399999999995	40.7262
Tbi-CJos_039_Ex1_L4_fastp	59.871399999999994	37.7598	39.062200000000004	37.656800000000004	39.2217	38.2237	37.2357	39.5633	40.5193	37.0906	44.0452	43.6613	42.6211	42.071999999999996	41.8315	41.036	41.5188	41.3114	41.5273	41.403400000000005	41.48	41.0131	41.1261	40.8579	40.8086	40.6244	40.5886	40.4745	40.9139	40.585100000000004	41.0268	40.7855	40.9833	40.6746	40.7503	40.678	40.734700000000004	40.542899999999996	40.6727	40.5719	40.9674	40.5768	40.8596	40.811	40.7692	40.5177	40.6772	40.591899999999995	40.7479	40.529900000000005	40.7999	40.6295	40.9931	40.544799999999995	40.77	40.6573	40.774	40.5418	40.819	40.5391	40.8456	40.6121	40.6986	40.5557	40.8656	40.4776	40.6628	40.6977	40.8101	40.5252	40.7965	40.519800000000004	40.8112	40.6368	40.6566	40.652300000000004	40.81	40.5209	40.7485	40.5666	40.8096	40.4902	40.7695	40.5422	40.7364	40.675	40.6953	40.5211	40.8943	40.4746	40.7828	40.801500000000004	40.7714	40.6345	40.7685	40.7017	40.658699999999996	40.6155	40.5524	40.5557	40.7873	40.584199999999996	40.659600000000005	40.6414	40.7476	40.6586	40.7158	40.6368	40.7265	40.5424	40.699600000000004	40.5843	40.7312	40.7039	40.6013	40.729	40.5897	40.5317	40.6732	40.4835	40.8476	40.4988	40.7299	40.6511	40.699600000000004	40.631499999999996	40.7215	40.6335	40.7025	40.5019	40.6606	40.6226	40.7335	40.7188	40.7628	40.669	40.8398	40.7313	40.7075	40.6431	40.8119	40.6536	40.8767	40.8104	40.8589	40.8707	40.7555	40.836600000000004	40.847	40.6535
Tbi-CJos_040_Ex1_L4_fastp	59.208099999999995	38.4318	39.2409	37.8691	39.3069	38.3974	37.471700000000006	40.050999999999995	41.0254	37.425399999999996	44.270199999999996	43.844300000000004	42.8173	42.1586	41.7982	41.1879	41.709	41.4202	41.569	41.54	41.6841	41.251	41.2865	40.838499999999996	40.956399999999995	40.7389	40.7378	40.5473	41.0658	40.7245	41.159800000000004	40.9057	40.979	40.764	40.888400000000004	40.6898	40.8624	40.6287	40.7814	40.515299999999996	41.0969	40.6475	40.9325	40.8326	40.7543	40.6753	40.775	40.7381	40.884100000000004	40.6129	40.8562	40.6434	40.9619	40.6564	40.8007	40.7508	40.8856	40.586	40.921600000000005	40.625	40.9119	40.657399999999996	40.8039	40.647800000000004	40.9972	40.589	40.7659	40.7712	40.854099999999995	40.6475	40.7902	40.677	40.864200000000004	40.7318	40.7341	40.7357	40.8521	40.5905	40.8791	40.7534	40.869	40.564299999999996	40.8622	40.6638	40.8468	40.71	40.7478	40.6772	40.941	40.512	40.8666	40.8581	40.840700000000005	40.6613	40.9007	40.5872	40.8982	40.7145	40.6013	40.612500000000004	40.8962	40.679300000000005	40.773199999999996	40.853899999999996	40.915800000000004	40.6547	40.8448	40.7299	40.8967	40.6688	40.7669	40.6952	40.9354	40.7479	40.7896	40.8257	40.7162	40.726600000000005	40.809	40.6153	40.9189	40.5588	40.8262	40.8024	40.7858	40.8629	40.769800000000004	40.7284	40.7897	40.5598	40.8044	40.694900000000004	40.8319	40.8178	40.8794	40.745599999999996	40.8312	40.8167	40.882400000000004	40.7863	40.9099	40.855399999999996	41.0326	40.833000000000006	40.9775	40.9486	40.8798	40.9245	40.8647	40.734300000000005
Tbi-CJos_041_Ex1_L4_fastp	59.8285	37.8286	39.2922	37.7947	39.2134	38.2871	37.438500000000005	39.8159	40.7588	37.491600000000005	44.3245	43.7697	42.7445	42.1568	41.9472	41.1484	41.5888	41.3706	41.530699999999996	41.5051	41.5325	41.152699999999996	41.111	40.772000000000006	40.8877	40.4873	40.734700000000004	40.5702	40.9997	40.6359	41.1623	40.955000000000005	40.8785	40.859	40.8974	40.7025	40.8712	40.6061	40.641	40.5965	41.0157	40.5769	40.9402	40.8712	40.8596	40.7252	40.8306	40.5685	40.8717	40.5349	40.835	40.680699999999995	40.995799999999996	40.6686	40.933	40.652	40.889199999999995	40.6004	40.8575	40.6462	40.841899999999995	40.6406	40.8519	40.7462	40.9148	40.525099999999995	40.7866	40.7276	40.8318	40.5773	40.8814	40.5924	40.8521	40.6569	40.6599	40.705200000000005	40.752500000000005	40.5567	40.8021	40.5914	40.9741	40.5336	40.9184	40.726600000000005	40.7953	40.6066	40.6342	40.5874	40.808	40.6203	40.7028	40.7554	40.7224	40.5678	40.709	40.696	40.7633	40.7632	40.681200000000004	40.7837	40.991699999999994	40.6551	40.7172	40.815200000000004	40.733000000000004	40.7574	40.7329	40.6931	40.7591	40.6035	40.8341	40.6959	40.8842	40.834399999999995	40.8179	40.8172	40.8416	40.6982	40.8528	40.5524	40.9241	40.6743	40.7294	40.8641	40.8102	40.719100000000005	40.7886	40.671600000000005	40.719	40.6972	40.799800000000005	40.6936	40.7993	40.7853	40.7232	40.7596	40.8925	40.7624	40.8949	40.7346	40.8906	40.7935	41.101	40.7424	40.9703	40.9055	40.8142	41.0079	40.924	40.8341
Tbi-CJos_042_Ex1_L4_fastp	60.7348	38.205099999999995	39.7879	38.264700000000005	39.666000000000004	38.7241	37.8397	40.381099999999996	41.1234	37.833099999999995	44.6614	44.140299999999996	43.3543	42.5425	42.233599999999996	41.6495	42.0892	41.8447	42.0045	42.0109	42.0579	41.5463	41.765299999999996	41.111	41.4504	40.955200000000005	41.015	40.9256	41.4859	41.0336	41.5667	41.1688	41.4132	41.2335	41.2495	41.0709	41.180299999999995	41.0418	41.1777	41.0556	41.4197	40.9755	41.2923	41.147	41.3857	41.063	41.0383	41.053	41.185500000000005	41.0876	41.125699999999995	40.9672	41.3279	41.0774	41.2783	41.003	41.2053	40.835	41.274899999999995	41.0296	41.3574	41.0627	41.105199999999996	41.0836	41.299400000000006	41.0454	41.249	41.143	41.1347	41.0466	41.0888	41.1199	41.2342	41.0831	41.0505	41.1346	41.273700000000005	40.9137	41.094500000000004	41.1755	41.1699	40.8321	41.3035	40.8869	41.2918	41.137299999999996	41.0913	40.9657	41.327999999999996	40.928399999999996	41.2615	41.2716	41.336800000000004	41.0675	41.247699999999995	41.0608	41.160799999999995	41.0897	41.0514	41.004000000000005	41.316199999999995	41.077200000000005	41.2629	41.1513	41.0576	41.179700000000004	41.2123	41.0775	41.0274	41.173500000000004	41.1444	41.113499999999995	41.1599	41.282000000000004	41.1213	41.296699999999994	41.1464	41.0183	41.119	41.0024	41.2783	41.104800000000004	41.165400000000005	41.035700000000006	41.183	41.1778	41.1937	40.9685	41.1467	40.9749	41.1131	41.002100000000006	41.2574	41.096	41.188599999999994	41.1766	41.1069	41.019299999999994	41.33	41.1271	41.3108	41.1328	41.3939	41.1263	41.4821	41.2646	41.1364	41.3002	41.2997	41.2295
Tbi-CJos_043_Ex1_L4_fastp	59.472899999999996	38.4955	39.0494	37.9938	39.3193	38.3637	37.4509	40.0534	40.8175	37.3168	44.1594	43.7395	42.5884	42.0683	41.7358	41.139399999999995	41.5497	41.3201	41.532000000000004	41.4592	41.5795	41.1088	41.1464	40.7645	40.8301	40.5993	40.6528	40.5051	40.9034	40.6186	40.956399999999995	40.7506	40.8175	40.678599999999996	40.8443	40.589999999999996	40.761900000000004	40.6149	40.6767	40.516600000000004	40.9948	40.5828	40.8109	40.7618	40.6738	40.5202	40.7123	40.543099999999995	40.7904	40.5858	40.7598	40.573	40.978500000000004	40.565400000000004	40.7791	40.7061	40.7481	40.42	40.8305	40.474900000000005	40.870400000000004	40.555600000000005	40.7046	40.6352	40.7568	40.467999999999996	40.7195	40.5889	40.722500000000004	40.5434	40.8268	40.5995	40.698499999999996	40.5942	40.6685	40.569	40.722500000000004	40.5664	40.6757	40.611799999999995	40.839999999999996	40.503499999999995	40.7721	40.5704	40.7175	40.5139	40.7017	40.4479	40.834399999999995	40.4568	40.7959	40.7766	40.774899999999995	40.6989	40.7218	40.5664	40.6851	40.6201	40.6167	40.5623	40.7039	40.501799999999996	40.7227	40.7514	40.7574	40.6755	40.7137	40.5564	40.7181	40.5672	40.7348	40.5393	40.7969	40.647800000000004	40.693	40.6406	40.6604	40.6075	40.6643	40.4779	40.8217	40.5607	40.7408	40.5968	40.7184	40.6446	40.684599999999996	40.6148	40.712199999999996	40.3818	40.639900000000004	40.5263	40.705400000000004	40.6926	40.694	40.6469	40.7719	40.6215	40.661500000000004	40.665800000000004	40.78	40.6879	40.8781	40.6978	40.8293	40.8621	40.6869	40.7983	40.8081	40.528
Tbi-CJos_044_Ex1_L4_fastp	59.967499999999994	38.412800000000004	39.4503	38.1838	39.5576	38.5556	37.4893	39.8788	40.8733	37.6322	44.4013	43.9161	43.0676	42.5301	42.1477	41.4321	41.879	41.6329	41.910199999999996	41.8079	41.9169	41.395900000000005	41.417300000000004	41.125699999999995	41.146100000000004	40.868	40.9159	40.7555	41.1802	40.9531	41.342600000000004	41.2124	41.092800000000004	41.0658	41.118900000000004	40.9794	41.0161	40.781800000000004	41.0726	40.794200000000004	41.251	40.8754	41.2016	41.1276	41.0875	40.902899999999995	41.0139	40.8838	40.988400000000006	40.8794	41.0351	40.8802	41.2485	40.8211	41.1509	40.8459	41.1015	40.7639	41.1922	40.7576	41.1787	41.0418	41.0188	41.0151	41.1634	40.9092	41.0785	40.875299999999996	41.0637	40.881499999999996	41.1644	40.9663	41.1145	41.0077	40.937200000000004	40.9476	41.0964	40.854600000000005	41.0918	40.8343	41.211999999999996	40.8317	41.1211	40.9665	41.0885	40.859899999999996	41.065200000000004	40.8432	41.15	40.9749	41.052	41.0321	41.0674	40.9379	41.132200000000005	40.9339	41.0392	40.890100000000004	40.9649	40.8966	41.1119	41.0296	41.0922	41.068	41.0974	40.9994	41.0254	40.9607	41.118300000000005	40.96	41.0648	41.025600000000004	41.1139	40.9404	40.9097	41.0761	40.9177	40.8307	41.119299999999996	40.861599999999996	41.1297	40.9611	41.012100000000004	41.0165	41.179700000000004	41.0025	41.056599999999996	40.9872	41.0341	41.030899999999995	41.0109	40.932	41.2017	41.0479	41.0227	41.159400000000005	41.143800000000006	41.0632	41.198299999999996	40.990700000000004	41.179100000000005	41.044799999999995	41.2734	41.048899999999996	41.2243	41.2342	41.043800000000005	41.1203	41.0423	41.055
Tbi-CJos_046_Ex1_L4_fastp	60.5393	36.8126	39.3431	37.5237	39.0367	37.8678	37.2207	39.3571	40.3123	37.1522	44.0405	43.6771	42.5783	42.0389	41.6145	41.0225	41.5244	41.2772	41.4745	41.4001	41.6025	41.0477	41.0325	40.6715	40.78	40.529199999999996	40.6015	40.5247	40.9033	40.5658	41.037800000000004	40.7779	40.9033	40.7583	40.7363	40.631499999999996	40.757	40.617	40.7173	40.468900000000005	41.0017	40.4735	40.8163	40.7207	40.871	40.4441	40.7099	40.5557	40.8508	40.5224	40.785900000000005	40.5382	40.910000000000004	40.4993	40.7643	40.6822	40.8646	40.4686	40.8273	40.4884	40.8187	40.6091	40.8492	40.7548	40.7636	40.5468	40.6667	40.6051	40.7763	40.5021	40.7645	40.5542	40.792	40.598	40.654	40.6082	40.7033	40.6113	40.7587	40.584199999999996	40.7747	40.4946	40.7432	40.5968	40.753499999999995	40.664899999999996	40.7068	40.4581	40.8172	40.4501	40.855799999999995	40.6829	40.7126	40.6555	40.8581	40.646100000000004	40.6954	40.6225	40.6007	40.5826	40.8253	40.6153	40.8157	40.740300000000005	40.7865	40.7608	40.7833	40.6544	40.7455	40.6226	40.763	40.542699999999996	40.8818	40.733999999999995	40.717	40.7029	40.5567	40.493	40.8298	40.5602	40.9354	40.6232	40.5677	40.6881	40.8577	40.6281	40.6306	40.619699999999995	40.5879	40.4029	40.661	40.6595	40.7925	40.7497	40.7126	40.635	40.8705	40.6734	40.7341	40.630500000000005	40.8703	40.746700000000004	40.8733	40.768	40.9727	40.915800000000004	40.682	40.8304	40.7072	40.5495
Tbi-CJos_048_Ex1_L4_fastp	61.128800000000005	37.3976	39.7546	37.7801	39.378299999999996	38.3417	37.5289	39.816	40.6907	37.4971	44.3957	43.936	42.9091	42.3126	41.9649	41.2705	41.812	41.4645	41.8409	41.6349	41.8258	41.391600000000004	41.4887	41.0282	41.241	40.7658	40.9936	40.8081	41.278	40.838	41.362700000000004	41.1091	41.2188	40.9773	41.077999999999996	41.016000000000005	41.0381	40.813700000000004	41.0332	40.7402	41.242200000000004	40.7601	41.1614	41.017199999999995	40.9955	40.8398	40.879	40.8397	41.1702	40.7722	41.1076	40.8577	41.0984	40.9582	41.1421	40.965	41.0735	40.7356	41.043400000000005	40.8138	41.1287	40.9762	40.9213	40.9113	41.1281	40.700199999999995	41.0084	40.9341	41.062599999999996	40.822399999999995	41.092600000000004	40.9022	41.0582	40.8045	40.9788	40.8932	41.080299999999994	40.854	41.0688	40.8022	41.1498	40.7587	41.1088	40.7847	41.0516	40.8355	40.9404	40.8314	41.0368	40.775800000000004	41.1234	40.9705	40.9911	40.930299999999995	41.0889	40.836299999999994	41.0735	40.8711	41.0595	40.8653	41.1367	40.8053	41.1089	40.9861	41.0271	40.922799999999995	41.1146	40.9369	40.9658	40.7891	41.0314	40.8071	41.0924	40.9542	41.0028	40.9387	40.9851	40.7654	40.9882	40.782000000000004	41.0671	40.780499999999996	41.0327	40.925200000000004	41.0047	40.978500000000004	40.9647	40.8953	40.9606	40.7822	41.0184	40.7839	41.115	40.941300000000005	41.065400000000004	40.935100000000006	40.990500000000004	40.8489	41.0927	40.8587	41.1181	40.879599999999996	41.1485	40.9508	41.2504	41.1481	41.068599999999996	41.0491	41.1272	40.8819
Tbi-CJos_052_Ex1_L4_fastp	61.6389	36.3073	39.5545	37.445699999999995	39.2723	38.0104	37.0837	39.055800000000005	40.0938	37.007400000000004	44.0845	43.6346	42.6364	42.0211	41.7236	41.0738	41.606700000000004	41.2496	41.558299999999996	41.4691	41.6415	40.986200000000004	41.1702	40.6817	40.8516	40.601	40.6933	40.5952	40.9644	40.6981	41.1223	40.8629	40.9809	40.7314	40.7915	40.6631	40.7686	40.554899999999996	40.7849	40.6143	41.0277	40.6096	40.995	40.8115	40.7245	40.6191	40.6357	40.5676	40.8452	40.639900000000004	40.7952	40.7076	40.9208	40.6989	40.9388	40.6431	40.956900000000005	40.5783	40.908	40.6143	40.9016	40.722	40.8078	40.5627	40.934599999999996	40.5572	40.832800000000006	40.6935	40.7421	40.6852	40.8737	40.5653	40.8235	40.7251	40.7909	40.6458	40.8758	40.551700000000004	40.8392	40.6212	40.9118	40.6261	40.8646	40.5732	40.7981	40.6515	40.7267	40.5873	40.834900000000005	40.5364	40.8748	40.793800000000005	40.783199999999994	40.6851	40.8338	40.6592	40.8452	40.6477	40.6756	40.6873	40.8176	40.608	40.860400000000006	40.7845	40.7979	40.6882	40.8023	40.606700000000004	40.707300000000004	40.5697	40.7617	40.637699999999995	40.8564	40.7949	40.8582	40.734500000000004	40.763	40.6036	40.804	40.5545	40.9165	40.4822	40.6936	40.6024	40.8161	40.6633	40.7999	40.6135	40.7539	40.4395	40.6902	40.5878	40.8198	40.765299999999996	40.8021	40.702	40.760200000000005	40.6953	40.7227	40.7474	40.8292	40.720099999999995	40.8769	40.7539	41.0034	40.913199999999996	40.818599999999996	40.7961	40.7891	40.6888
Tbi-CJos_053_Ex1_L4_fastp	60.300200000000004	37.8607	39.378800000000005	37.763000000000005	39.3907	38.2824	37.4853	39.6402	40.8279	37.4349	44.2543	43.7557	42.8664	42.220600000000005	41.9167	41.1074	41.579100000000004	41.3734	41.7109	41.6475	41.7097	41.1513	41.3061	40.8259	40.9453	40.814299999999996	40.8199	40.6063	41.146	40.7128	41.2968	40.9287	41.1211	40.808	40.935100000000006	40.7629	40.9157	40.748400000000004	40.901199999999996	40.6723	41.1288	40.7194	41.0401	40.9164	40.8332	40.686699999999995	40.8038	40.6974	41.0308	40.7352	40.9947	40.799600000000005	41.1132	40.7377	40.983799999999995	40.7777	40.9607	40.5344	41.035199999999996	40.659800000000004	40.9506	40.794399999999996	40.8176	40.732099999999996	40.9358	40.6748	40.785	40.832499999999996	40.950900000000004	40.7427	40.9577	40.6823	40.875699999999995	40.8199	40.786	40.7164	40.982800000000005	40.5694	40.877599999999994	40.7986	41.0713	40.6239	40.8844	40.6576	40.8754	40.7708	40.855000000000004	40.5728	41.0034	40.5213	40.9978	40.8497	40.9183	40.7574	40.9572	40.7283	40.9097	40.7269	40.7527	40.713300000000004	41.0148	40.6175	40.908699999999996	40.7418	40.9265	40.764	40.896	40.7536	40.9171	40.7082	40.8175	40.7875	41.0142	40.7823	40.923300000000005	40.8846	40.794999999999995	40.7017	40.882200000000005	40.576	41.0221	40.632000000000005	40.8377	40.763	40.9103	40.7845	40.8056	40.7267	40.7882	40.574799999999996	40.8156	40.791	40.9752	40.8425	40.8909	40.8046	40.9477	40.6476	40.8911	40.7837	40.882000000000005	40.841100000000004	41.0936	40.888000000000005	41.1083	41.0221	40.9482	41.018100000000004	40.979	40.806799999999996
Tbi-CJos_055_Ex1_L4_fastp	60.1344	38.092	39.4318	37.9433	39.487100000000005	38.4188	37.4033	39.629999999999995	40.625299999999996	37.3837	44.0856	43.6665	42.6531	42.0406	41.768	41.165	41.6622	41.381299999999996	41.6699	41.545500000000004	41.652699999999996	41.1883	41.23	40.8002	40.9906	40.6122	40.8078	40.5739	41.147600000000004	40.6936	41.1472	40.9222	40.9282	40.8037	40.9616	40.6849	40.907	40.6554	40.919200000000004	40.604800000000004	41.045300000000005	40.681200000000004	40.976099999999995	40.8123	40.852500000000006	40.5679	40.835300000000004	40.6979	40.9626	40.6945	40.923500000000004	40.745	41.011900000000004	40.698499999999996	40.856700000000004	40.7315	40.915	40.5674	40.968199999999996	40.605599999999995	40.907	40.7171	40.7953	40.719699999999996	40.8104	40.7038	40.7423	40.719899999999996	40.8712	40.5827	40.893299999999996	40.681200000000004	40.848600000000005	40.712199999999996	40.753	40.700399999999995	40.813700000000004	40.577600000000004	40.7999	40.7284	40.9316	40.592	40.8713	40.6782	40.839999999999996	40.6817	40.7539	40.6248	40.8677	40.5932	40.8727	40.813	40.8165	40.7291	40.840700000000005	40.671099999999996	40.8828	40.7248	40.6594	40.6684	40.855399999999996	40.678599999999996	40.8334	40.811	40.8341	40.7237	40.7404	40.7084	40.8471	40.6745	40.8766	40.6693	40.9273	40.7426	40.7416	40.7478	40.7192	40.5419	40.7693	40.5663	40.8947	40.6566	40.846700000000006	40.7449	40.7984	40.6862	40.6678	40.609	40.7322	40.4577	40.8012	40.6138	40.818799999999996	40.7721	40.787600000000005	40.7392	40.8011	40.613	40.7933	40.7035	40.8724	40.6216	40.9323	40.848600000000005	40.8982	40.8781	40.7906	40.811	40.7951	40.6648
Tbi-CJos_056_Ex1_L4_fastp	60.658	38.971000000000004	40.4082	38.8212	40.3329	39.484700000000004	38.5405	40.8542	41.8817	38.2219	45.1779	44.6512	43.8311	43.0353	42.7953	42.1078	42.5944	42.3609	42.6439	42.512100000000004	42.7113	42.1761	42.3075	41.8303	41.9856	41.712500000000006	41.729699999999994	41.6494	42.1769	41.6379	42.1885	41.875	42.0542	41.8402	41.872	41.6973	41.884100000000004	41.6179	41.8393	41.5733	42.223	41.8009	42.0315	41.8528	41.8626	41.685	41.8536	41.6267	41.9542	41.7377	41.8553	41.7307	42.0422	41.7183	41.9822	41.707899999999995	41.8688	41.7085	42.0269	41.6218	41.9782	41.7265	41.818	41.759	41.9095	41.693000000000005	41.8065	41.7732	41.9278	41.5858	41.9406	41.7633	41.8647	41.754000000000005	41.8041	41.7577	41.8526	41.6787	41.9059	41.7291	42.0742	41.7024	41.9528	41.700199999999995	41.944900000000004	41.7935	41.7734	41.607	42.037200000000006	41.6218	41.867900000000006	41.8988	41.7838	41.7777	41.875800000000005	41.6718	41.871900000000004	41.7293	41.834500000000006	41.793400000000005	42.0541	41.69	41.9455	41.847	41.855	41.7087	41.9035	41.6995	41.9875	41.681000000000004	41.9528	41.8332	41.986200000000004	41.8847	41.9689	42.073100000000004	41.7904	41.6714	41.9533	41.6751	42.17	41.8042	41.9159	41.889900000000004	42.0099	41.881	41.8923	41.7935	41.841899999999995	41.6175	41.806599999999996	41.7676	41.9465	41.8728	41.875299999999996	41.8707	41.9004	41.8079	41.8973	41.9334	42.1283	41.9196	42.0918	41.8377	42.1248	42.072500000000005	41.924299999999995	42.036	42.0711	41.853
Tbi-CJos_057_Ex1_L4_fastp	59.411	37.4286	39.0788	37.3531	39.009	38.0136	37.1471	39.34	40.3885	37.2007	43.8756	43.3739	42.5079	41.8518	41.575	40.948499999999996	41.4064	41.1635	41.4117	41.3943	41.5466	40.994	41.0961	40.692099999999996	40.8102	40.4292	40.559400000000004	40.3897	40.8851	40.477000000000004	40.9141	40.673700000000004	40.8812	40.5619	40.739799999999995	40.5278	40.7001	40.545700000000004	40.6144	40.3999	40.8594	40.450399999999995	40.7574	40.7041	40.5874	40.3167	40.5901	40.440599999999996	40.799099999999996	40.4901	40.7168	40.5216	40.941100000000006	40.529900000000005	40.7515	40.5304	40.6685	40.424	40.7471	40.4481	40.7742	40.5163	40.6674	40.5459	40.785700000000006	40.4285	40.5873	40.5916	40.7092	40.3934	40.748	40.4446	40.703	40.5743	40.6451	40.5203	40.7183	40.3675	40.6044	40.4173	40.7639	40.3553	40.7284	40.417199999999994	40.6837	40.5015	40.6535	40.402	40.758	40.3729	40.6733	40.651399999999995	40.6738	40.556599999999996	40.714299999999994	40.4983	40.6219	40.5144	40.4914	40.4176	40.7333	40.573	40.6216	40.6233	40.7226	40.464800000000004	40.658899999999996	40.4497	40.67	40.4891	40.6536	40.4746	40.761900000000004	40.5129	40.6695	40.6228	40.5101	40.491899999999994	40.6286	40.382400000000004	40.6976	40.3895	40.6725	40.6194	40.6332	40.496900000000004	40.577400000000004	40.517199999999995	40.5792	40.4118	40.6184	40.4778	40.6237	40.6113	40.6699	40.637699999999995	40.65	40.5177	40.6352	40.6405	40.6364	40.6682	40.779199999999996	40.6371	40.8116	40.7586	40.603899999999996	40.712900000000005	40.660000000000004	40.5942
Tbi-CJos_059_Ex1_L4_fastp	60.4446	36.831399999999995	39.2318	37.4055	38.9981	38.0085	37.0549	39.347100000000005	40.2729	37.0808	44.069900000000004	43.506699999999995	42.6295	41.927	41.719	40.9957	41.4617	41.2193	41.5572	41.4139	41.6387	41.0268	41.137	40.7229	40.8297	40.5481	40.6676	40.5072	40.9182	40.5895	41.0396	40.7834	40.910999999999994	40.7413	40.8777	40.679300000000005	40.7646	40.4981	40.725699999999996	40.5246	41.0476	40.5333	40.8654	40.6588	40.6544	40.6342	40.644999999999996	40.535	40.8514	40.5679	40.775099999999995	40.6165	40.9733	40.6161	40.826499999999996	40.6672	40.8155	40.5616	40.7441	40.617	40.9566	40.5267	40.763	40.6717	40.779900000000005	40.4877	40.6967	40.6592	40.8156	40.5826	40.835300000000004	40.5996	40.8184	40.6362	40.6693	40.629	40.7483	40.530699999999996	40.871	40.5423	40.8869	40.5623	40.8234	40.569100000000006	40.7838	40.6794	40.686299999999996	40.605599999999995	40.7997	40.5387	40.8099	40.691100000000006	40.8217	40.6155	40.7691	40.597	40.7059	40.617	40.616400000000006	40.603899999999996	40.834199999999996	40.617999999999995	40.7457	40.6129	40.718700000000005	40.6876	40.7119	40.584399999999995	40.8012	40.6357	40.8121	40.6491	40.8725	40.6842	40.758100000000006	40.8514	40.7161	40.532000000000004	40.6889	40.489999999999995	40.8666	40.634100000000004	40.7522	40.7274	40.7395	40.603899999999996	40.7281	40.6817	40.696	40.513	40.7047	40.5829	40.8108	40.686499999999995	40.7413	40.7186	40.6832	40.6026	40.8512	40.7538	40.8064	40.6901	40.9941	40.7644	40.9848	40.9059	40.8506	40.981899999999996	40.7774	40.7873
Tbi-CJos_060_Ex1_L4_fastp	61.313300000000005	37.9874	39.9097	38.1633	39.7731	38.6947	37.759	39.881499999999996	41.0136	37.7408	44.5396	44.0328	43.1872	42.4061	42.0958	41.4707	41.9367	41.6821	42.006	41.8786	42.084700000000005	41.5565	41.654799999999994	41.1987	41.2723	41.0466	41.1458	41.0733	41.446600000000004	41.0657	41.6252	41.2538	41.4545	41.1879	41.2635	41.1491	41.227000000000004	41.0456	41.2729	41.016000000000005	41.5324	40.9515	41.4139	41.3193	41.1738	41.0045	41.1857	41.023700000000005	41.3241	41.1016	41.2764	41.1077	41.4452	41.0814	41.321200000000005	41.2233	41.3476	41.0206	41.2222	41.0091	41.2996	41.1132	41.179500000000004	40.9992	41.4013	40.997099999999996	41.216	41.1073	41.2527	41.0125	41.3398	41.0039	41.3064	41.0983	41.1986	41.1023	41.1783	40.9954	41.234	41.181	41.2858	41.0176	41.1954	41.0534	41.2173	41.096700000000006	41.166199999999996	40.9678	41.3274	40.9762	41.3458	41.2244	41.2858	41.121	41.320299999999996	41.0841	41.2038	41.1128	41.130100000000006	41.0691	41.3248	41.1141	41.240300000000005	41.1995	41.2761	41.0694	41.2512	41.025	41.3574	41.099799999999995	41.2467	41.132200000000005	41.315000000000005	41.1914	41.2344	41.1819	41.0638	41.1219	41.2192	41.009299999999996	41.3631	40.9674	41.1996	41.1634	41.1832	41.0898	41.1616	41.0963	41.172	40.9169	41.2061	41.0797	41.2548	41.1038	41.1248	41.185300000000005	41.265800000000006	41.1244	41.180299999999995	41.1929	41.1694	41.1974	41.3356	41.1888	41.3116	41.36	41.2426	41.2713	41.2312	41.177
Tbi-CJos_067_Ex1_L4_fastp	61.4836	38.217	40.0869	38.4956	40.0144	39.061	37.9972	40.1383	41.1926	37.731500000000004	44.6659	44.221500000000006	43.195299999999996	42.7459	42.3748	41.7425	42.1712	41.899	42.121900000000004	42.126799999999996	42.2653	41.6688	41.8546	41.3449	41.536	41.261900000000004	41.3314	41.19	41.6308	41.2601	41.7706	41.4072	41.6939	41.2993	41.544599999999996	41.316399999999994	41.4211	41.2657	41.440599999999996	41.219699999999996	41.6881	41.3337	41.5659	41.3949	41.5013	41.2138	41.4385	41.3698	41.536699999999996	41.2374	41.496100000000006	41.244	41.701	41.3613	41.416599999999995	41.401700000000005	41.55	41.164	41.5838	41.2155	41.7245	41.246	41.4564	41.3562	41.5808	41.2381	41.5075	41.382999999999996	41.4495	41.2987	41.5264	41.2815	41.477799999999995	41.3781	41.2883	41.3132	41.5423	41.2676	41.4964	41.3671	41.5124	41.268100000000004	41.4818	41.2446	41.4538	41.3448	41.4081	41.2159	41.6068	41.2421	41.402	41.4918	41.565400000000004	41.307700000000004	41.4155	41.3924	41.4387	41.239599999999996	41.3739	41.3267	41.5897	41.2596	41.518699999999995	41.39	41.5844	41.3327	41.4119	41.3814	41.4731	41.3569	41.5082	41.3093	41.5818	41.502	41.389399999999995	41.430099999999996	41.4427	41.1993	41.4852	41.2204	41.660599999999995	41.3809	41.4881	41.3847	41.443400000000004	41.4276	41.4591	41.3818	41.4487	41.1895	41.4598	41.424299999999995	41.4736	41.4137	41.4393	41.5124	41.4566	41.3392	41.5346	41.349399999999996	41.4719	41.499399999999994	41.631	41.573	41.604400000000005	41.755900000000004	41.417	41.6109	41.593599999999995	41.465
Tbi-CJos_068_Ex1_L4_fastp	59.5791	38.3618	39.396300000000004	37.8632	39.4235	38.4993	37.580200000000005	39.8784	40.8785	37.3899	44.0803	43.7292	42.7744	42.1447	41.9071	41.099799999999995	41.5887	41.378	41.6438	41.542	41.636	41.1776	41.2393	40.8185	41.017900000000004	40.807700000000004	40.8059	40.5864	41.0339	40.621	41.2485	40.940599999999996	40.9521	40.814499999999995	40.8997	40.698299999999996	40.8086	40.6513	40.7305	40.6103	41.0452	40.6753	40.9383	40.8184	40.8048	40.603899999999996	40.787	40.6447	40.8424	40.694599999999994	40.9143	40.625099999999996	41.0754	40.6323	40.8956	40.7885	40.867	40.5262	40.8109	40.6109	40.8809	40.75	40.7693	40.702	40.8818	40.5746	40.816	40.742	40.836600000000004	40.5676	40.9394	40.681400000000004	40.7997	40.793	40.695100000000004	40.6895	40.867	40.5837	40.86	40.6544	40.9587	40.6876	40.8321	40.6418	40.7798	40.7237	40.741	40.5312	40.9524	40.5154	40.8475	40.7382	40.7292	40.7617	40.8879	40.7406	40.8268	40.6376	40.6916	40.6266	40.9435	40.5664	40.8597	40.775800000000004	40.754000000000005	40.7559	40.867599999999996	40.6875	40.8352	40.528	40.7926	40.7023	40.8759	40.759499999999996	40.7833	40.7709	40.7044	40.5992	40.8589	40.5533	40.881499999999996	40.550999999999995	40.787	40.664899999999996	40.852	40.7183	40.780499999999996	40.6674	40.7444	40.440799999999996	40.800399999999996	40.6138	40.8057	40.7922	40.8019	40.842600000000004	40.8444	40.691	40.768	40.7406	40.783500000000004	40.760600000000004	41.0322	40.7312	40.9488	40.9333	40.6935	40.8071	40.8967	40.7323
Tbi-CJos_070_Ex1_L4_fastp	60.047399999999996	37.546099999999996	39.4253	37.6989	39.3273	38.3924	37.5797	39.7091	40.6136	37.4274	43.9884	43.6564	42.7561	42.083	41.9002	41.1122	41.715	41.3884	41.7169	41.6434	41.7228	41.1075	41.2228	40.9052	41.0869	40.794000000000004	40.751	40.794799999999995	41.0874	40.8242	41.273900000000005	41.0997	41.171	40.8298	41.0103	40.8737	40.9715	40.7299	40.8001	40.8938	41.1101	40.6725	41.032999999999994	40.9045	40.8555	40.7377	40.8939	40.8204	41.1406	40.7783	40.9555	40.7992	41.1431	40.8323	40.934599999999996	40.8883	40.9253	40.688	41.0085	40.7159	41.092800000000004	40.7819	40.986200000000004	40.8395	40.944199999999995	40.6862	40.8789	40.8898	40.9704	40.6891	40.8996	40.785199999999996	40.88	40.7521	40.8082	40.865	40.9422	40.6933	40.963699999999996	40.767399999999995	41.053	40.6993	40.9276	40.7339	40.9316	40.8118	40.944399999999995	40.7478	40.9638	40.7492	40.8347	40.9049	40.9728	40.7716	41.027	40.917500000000004	40.9379	40.857	40.765	40.755	40.9928	40.8341	40.8514	40.8528	40.991699999999994	40.866	41.0272	40.880100000000006	41.0358	40.8241	40.9099	40.7138	41.0253	40.9022	40.9803	40.7438	40.8686	40.8511	41.0402	40.694399999999995	41.066900000000004	40.7233	40.8174	40.7658	41.0007	40.8579	40.9078	40.7425	40.9416	40.6981	41.0815	40.698	40.876400000000004	40.9998	40.9118	41.0283	41.024100000000004	40.8624	40.954499999999996	40.8023	40.9623	40.9093	41.1684	41.03	41.2082	41.205999999999996	40.9635	40.983000000000004	40.9921	40.8984
Tbi-CJos_071_Ex1_L4_fastp	60.202299999999994	37.521100000000004	39.393899999999995	37.6252	39.1828	38.2768	37.341800000000006	39.6806	40.551700000000004	37.2817	44.104	43.6956	42.7759	42.0102	41.8499	41.180299999999995	41.577799999999996	41.4213	41.6145	41.5348	41.7189	41.1683	41.306799999999996	40.8109	41.025800000000004	40.6206	40.7457	40.5242	41.0278	40.6999	41.1638	40.9199	41.0602	40.8435	40.973	40.784	40.8793	40.6881	40.8906	40.6408	41.079	40.7184	41.0062	40.9037	40.7997	40.6467	40.8475	40.802699999999994	40.8587	40.8009	40.8851	40.716499999999996	41.0252	40.7057	40.921600000000005	40.7966	40.9773	40.638200000000005	40.9812	40.6203	40.9524	40.7784	40.8712	40.747	40.9821	40.6903	40.8174	40.7322	40.9059	40.713300000000004	40.896100000000004	40.720600000000005	40.9354	40.8564	40.7796	40.7579	40.8703	40.6193	40.8304	40.795700000000004	41.0066	40.7153	40.8681	40.6755	40.8615	40.7812	40.812799999999996	40.577000000000005	40.955799999999996	40.6526	40.9311	40.8769	40.865899999999996	40.8052	40.9261	40.751799999999996	40.9112	40.8018	40.752	40.732800000000005	40.9465	40.7954	40.907900000000005	40.8611	40.8735	40.8645	40.8621	40.701	40.9045	40.672399999999996	40.9251	40.7541	40.929500000000004	40.869299999999996	40.822599999999994	40.8662	40.8303	40.6241	40.855599999999995	40.6586	40.9242	40.781099999999995	40.8538	40.8418	40.8536	40.821200000000005	40.863699999999994	40.779700000000005	40.867399999999996	40.665099999999995	40.8439	40.7214	40.9148	40.8837	40.9396	40.8457	41.0098	40.7395	40.8792	40.9535	40.9349	40.8661	41.0719	40.9247	41.085899999999995	41.1305	40.882000000000005	41.0734	41.036	40.842600000000004
Tbi-CJos_072_Ex1_L4_fastp	61.7426	37.270399999999995	40.0948	38.202799999999996	39.2962	38.246	37.3729	39.7628	41.1653	37.251	44.0276	43.8054	42.9037	42.3788	41.9068	41.1602	41.7045	41.867	41.6111	41.7712	42.3934	40.9331	41.3856	40.6244	41.3302	40.4638	40.9911	41.169200000000004	41.1396	40.6081	41.606300000000005	40.5054	41.0062	41.0336	40.9521	40.3121	41.110600000000005	40.2636	41.139399999999995	40.669	41.1111	40.9803	41.3636	40.6692	41.091100000000004	41.0698	40.8652	40.3984	41.273900000000005	40.6749	41.5036	40.5128	40.983999999999995	40.313500000000005	40.8997	41.0756	41.5152	40.4527	40.7898	40.7986	40.9257	40.9157	40.7868	41.091699999999996	41.1386	40.8566	41.2034	40.543	41.2389	40.954299999999996	41.136	41.1143	40.990500000000004	41.2664	40.5968	40.9634	40.8512	40.9222	41.0895	40.5075	41.0968	40.2633	40.8375	41.1657	41.1287	40.828199999999995	41.2472	40.724900000000005	41.2119	40.2044	40.899	41.078399999999995	40.7076	40.8726	40.9798	40.901900000000005	41.455999999999996	40.572	40.853899999999996	40.442	41.1731	40.7708	41.2176	40.5465	40.877	40.4155	40.7087	40.9663	40.7437	40.3435	40.9995	40.7151	41.3161	41.0353	40.8717	40.7566	40.5741	40.6371	41.8026	40.6839	41.043400000000005	40.6731	40.9139	41.1633	40.7172	40.7896	40.8629	40.769800000000004	40.4395	40.5658	40.9126	39.9779	40.885	40.9893	40.8048	41.220099999999995	40.705400000000004	41.2161	41.0276	40.657700000000006	40.866400000000006	40.639199999999995	41.0217	41.086	41.362500000000004	40.6291	41.3056	40.8668	41.0407	41.143800000000006
Tbi-CJos_073_Ex1_L4_fastp	61.2128	37.4911	39.6359	37.9053	39.542899999999996	38.4889	37.560300000000005	39.7772	40.827000000000005	37.6201	44.489200000000004	44.1462	43.103	42.5132	42.201899999999995	41.5723	41.995	41.646699999999996	41.9826	41.9622	41.9981	41.4669	41.6406	41.0949	41.2481	40.8731	40.910000000000004	40.9298	41.3107	41.0338	41.3583	41.152899999999995	41.2916	41.2212	41.2537	41.1946	41.1498	40.9777	41.051	40.9656	41.3711	40.97	41.2645	41.204299999999996	41.1073	41.058499999999995	41.070299999999996	40.9541	41.2267	40.978300000000004	41.262	41.0836	41.363299999999995	40.9684	41.2054	41.084199999999996	41.1989	40.912	41.287800000000004	40.9961	41.3932	41.0893	41.165600000000005	41.1318	41.2375	40.8936	41.1585	41.0858	41.152100000000004	40.944599999999994	41.2436	41.0799	41.2388	41.2511	41.051500000000004	41.0264	41.2854	40.8852	41.212900000000005	41.109	41.2964	41.173	41.252100000000006	41.0624	41.1702	40.9911	41.0657	41.0214	41.2167	40.9356	41.2293	41.0948	41.2973	41.1177	41.1201	41.1353	41.1546	41.1407	41.1794	41.0694	41.323	41.1429	41.2068	41.1335	41.2802	41.0867	41.1595	41.0503	41.2744	41.0107	41.105799999999995	41.1103	41.3412	41.093	41.2436	41.247299999999996	41.0993	41.071000000000005	41.1813	40.9753	41.2842	41.0871	41.1966	41.2005	41.1456	41.2132	41.018100000000004	41.1645	41.0899	41.0178	41.1802	41.0756	41.225899999999996	41.2256	41.1256	41.188399999999994	41.2815	41.1885	41.2151	41.1946	41.2802	41.1652	41.48	41.1568	41.4675	41.245	41.4418	41.3451	41.1627	41.3502
Tbi-CJos_080_Ex1_L4_fastp	58.8429	39.0772	38.9861	37.8027	39.333	38.331199999999995	37.1319	39.4544	40.6719	37.377500000000005	43.6209	43.472899999999996	42.547200000000004	41.9297	41.689	41.0205	41.437200000000004	41.1963	41.4885	41.4239	41.504999999999995	41.082	41.1153	40.8173	40.7495	40.6402	40.5028	40.4513	40.9378	40.552899999999994	40.9364	40.8611	40.7956	40.6674	40.7538	40.5687	40.6981	40.536699999999996	40.6212	40.504200000000004	40.9278	40.4857	40.8399	40.6626	40.5757	40.5665	40.569300000000005	40.5067	40.7086	40.510200000000005	40.691	40.5135	40.761900000000004	40.5487	40.700399999999995	40.5208	40.7014	40.3622	40.6844	40.5382	40.730199999999996	40.5625	40.599000000000004	40.4727	40.731	40.4664	40.7121	40.5343	40.596199999999996	40.4143	40.71	40.5366	40.7244	40.488099999999996	40.5199	40.5513	40.765299999999996	40.4303	40.7522	40.463300000000004	40.7389	40.466	40.6073	40.517399999999995	40.6924	40.5899	40.57	40.4439	40.7572	40.3848	40.6659	40.653800000000004	40.6655	40.5185	40.7216	40.595	40.620400000000004	40.5269	40.5206	40.457	40.6862	40.4844	40.656	40.6304	40.6528	40.5804	40.5903	40.4711	40.5882	40.535199999999996	40.6833	40.5373	40.710800000000006	40.6025	40.635	40.6664	40.5925	40.408500000000004	40.659800000000004	40.4358	40.684	40.4737	40.6496	40.5353	40.6975	40.6081	40.5828	40.574	40.5351	40.389399999999995	40.570499999999996	40.543	40.639199999999995	40.6097	40.5701	40.543600000000005	40.7549	40.4935	40.622	40.501599999999996	40.6486	40.5903	40.7149	40.6248	40.7656	40.6666	40.6673	40.7036	40.7017	40.5607
Tbi-CJos_081_Ex1_L4_fastp	59.50260000000001	38.2885	39.1843	37.778	39.3549	38.334	37.4088	39.6883	40.788000000000004	37.3589	44.1466	43.7738	42.7858	42.137	41.8464	41.1344	41.6931	41.4153	41.7008	41.6395	41.7914	41.1493	41.4146	40.8818	41.0896	40.7283	40.8276	40.671800000000005	41.146300000000004	40.7074	41.247499999999995	40.962700000000005	41.0879	40.8737	41.0229	40.7862	40.9124	40.8062	40.8795	40.6989	41.246	40.6894	41.057500000000005	40.945100000000004	40.9028	40.6933	40.927400000000006	40.769	41.0796	40.6963	40.8951	40.7457	41.0745	40.7778	41.0026	40.848099999999995	41.0171	40.665600000000005	41.099599999999995	40.7993	41.0854	40.7609	40.919200000000004	40.7971	41.0892	40.6787	40.9897	40.7893	40.996700000000004	40.753	41.0656	40.726	40.959	40.81	40.869499999999995	40.735	41.0484	40.6513	40.9775	40.7546	41.0644	40.6806	40.9739	40.6349	40.9001	40.773399999999995	40.8909	40.6689	41.0	40.646100000000004	41.0422	40.9529	41.0236	40.8165	40.954299999999996	40.7605	40.9005	40.7636	40.895399999999995	40.7142	41.0079	40.733200000000004	40.9611	40.8391	40.935700000000004	40.815200000000004	40.9246	40.767399999999995	40.9399	40.746900000000004	40.9292	40.7273	41.038999999999994	40.8309	40.8864	40.9195	40.9063	40.710800000000006	40.8829	40.694900000000004	40.989799999999995	40.7298	40.8418	40.846199999999996	40.9243	40.827999999999996	40.8106	40.7702	40.8401	40.6424	40.9364	40.7986	40.9537	40.7916	40.9677	40.8354	40.9271	40.7461	40.9315	40.7567	40.9341	40.8925	41.124100000000006	40.882200000000005	41.1798	41.102	40.8996	41.0015	40.9063	40.737899999999996
Tbi-CJos_085_Ex1_L4_fastp	60.2858	37.3229	39.152	37.6243	39.2395	38.0433	37.1916	39.3509	40.3965	37.1729	43.973600000000005	43.5107	42.5615	41.9222	41.6964	41.0421	41.4206	41.1371	41.6051	41.3724	41.607499999999995	41.0826	41.2611	40.671400000000006	40.8336	40.590900000000005	40.6785	40.4422	40.9574	40.5738	40.996	40.7622	40.9386	40.7897	40.8451	40.6642	40.8181	40.626200000000004	40.7781	40.5026	40.950399999999995	40.5865	40.86	40.7494	40.672000000000004	40.5465	40.7251	40.6316	40.8308	40.616400000000006	40.739799999999995	40.708800000000004	40.9016	40.663199999999996	40.8639	40.5747	40.9064	40.4446	40.9049	40.558899999999994	40.9198	40.6571	40.7689	40.5951	40.8225	40.5749	40.719	40.6838	40.869699999999995	40.536899999999996	40.8195	40.595	40.7774	40.671400000000006	40.6441	40.6827	40.813	40.5677	40.782000000000004	40.596	40.929300000000005	40.6566	40.7968	40.5347	40.8201	40.6288	40.704	40.5331	40.908899999999996	40.4454	40.7922	40.7863	40.7986	40.7094	40.8613	40.604600000000005	40.7714	40.611599999999996	40.6199	40.6601	40.8043	40.6081	40.8072	40.785199999999996	40.778	40.72	40.7671	40.6477	40.7831	40.5689	40.8153	40.606500000000004	40.888000000000005	40.7905	40.6537	40.773700000000005	40.7142	40.6029	40.7966	40.5526	40.8447	40.6643	40.746300000000005	40.6462	40.693200000000004	40.734500000000004	40.7603	40.605799999999995	40.7687	40.5747	40.7351	40.7159	40.8373	40.7694	40.927	40.6895	40.836099999999995	40.6738	40.8981	40.6829	40.8193	40.7975	40.8262	40.7706	41.138200000000005	40.9433	40.8667	40.9752	40.8296	40.7431
Tbi-CJos_086_Ex1_L4_fastp	59.529900000000005	37.743300000000005	39.1254	37.679	39.1558	38.1616	37.105	39.5819	40.460499999999996	37.1226	43.9503	43.5251	42.4848	41.9248	41.5666	41.0163	41.3946	41.2258	41.4009	41.3608	41.5197	41.0079	41.057300000000005	40.5602	40.7781	40.5001	40.5314	40.3696	40.9022	40.5336	40.913	40.7615	40.9296	40.523900000000005	40.7607	40.5569	40.6967	40.5273	40.6939	40.392	40.9194	40.455400000000004	40.779199999999996	40.6374	40.6919	40.43	40.6218	40.4707	40.7229	40.5187	40.724	40.515499999999996	40.8921	40.5048	40.7763	40.488	40.724700000000006	40.4129	40.6624	40.5126	40.6986	40.5488	40.6156	40.544599999999996	40.7018	40.5197	40.6493	40.5815	40.692	40.468900000000005	40.79	40.4803	40.731899999999996	40.6594	40.5224	40.6066	40.7648	40.5213	40.767399999999995	40.5891	40.8535	40.4964	40.7223	40.4568	40.7137	40.5475	40.6413	40.4579	40.7601	40.3559	40.7947	40.6652	40.7385	40.5931	40.814099999999996	40.5732	40.6584	40.5507	40.523399999999995	40.5572	40.7861	40.5328	40.7134	40.617399999999996	40.6359	40.5767	40.697100000000006	40.471000000000004	40.6683	40.4844	40.6957	40.5801	40.7862	40.659	40.6566	40.747	40.602199999999996	40.5305	40.671600000000005	40.3976	40.7993	40.5091	40.6357	40.5676	40.6104	40.6059	40.5938	40.5477	40.625499999999995	40.465	40.5925	40.4875	40.6689	40.6077	40.6221	40.537	40.735	40.509299999999996	40.6892	40.68	40.6966	40.612300000000005	40.7424	40.7536	40.8151	40.7686	40.657199999999996	40.68	40.7485	40.5195
Tbi-CJos_087_Ex1_L4_fastp	59.826800000000006	37.7247	39.1871	37.6041	39.2722	38.2556	37.2917	39.605000000000004	40.5595	37.2218	44.0574	43.5847	42.6424	42.011700000000005	41.7511	41.0043	41.5747	41.293600000000005	41.6094	41.497299999999996	41.701	41.1425	41.1611	40.8374	40.922799999999995	40.588499999999996	40.6636	40.5196	41.0099	40.641	41.0744	40.8725	40.9474	40.7627	40.9654	40.7239	40.7812	40.672799999999995	40.765299999999996	40.6207	41.0348	40.6122	40.888400000000004	40.8163	40.7425	40.56	40.8157	40.670899999999996	40.9256	40.638600000000004	40.787099999999995	40.6729	40.9645	40.6815	40.7973	40.732	40.8551	40.5905	40.9298	40.5982	40.9743	40.6821	40.8139	40.6208	40.8197	40.6222	40.767900000000004	40.6972	40.8863	40.5824	40.813300000000005	40.6281	40.896	40.701	40.692099999999996	40.6892	40.8322	40.6006	40.7634	40.647	40.9713	40.4696	40.776	40.562799999999996	40.7935	40.6329	40.766200000000005	40.550799999999995	40.8622	40.4955	40.874700000000004	40.7945	40.813100000000006	40.7243	40.8519	40.6787	40.778999999999996	40.7253	40.6439	40.6092	40.8461	40.638200000000005	40.785900000000005	40.785900000000005	40.7432	40.693200000000004	40.7354	40.639399999999995	40.7413	40.5752	40.8217	40.686299999999996	40.8412	40.7406	40.7617	40.7651	40.7095	40.5908	40.7569	40.4947	40.9212	40.6564	40.7209	40.780499999999996	40.8287	40.7421	40.718900000000005	40.5922	40.7215	40.4999	40.701100000000004	40.6191	40.8105	40.6259	40.7665	40.7284	40.7984	40.6696	40.854099999999995	40.6009	40.8266	40.687400000000004	40.911500000000004	40.8052	40.9676	40.881499999999996	40.7596	40.8447	40.8761	40.6172
Tbi-CJos_091_Ex1_L4_fastp	61.0048	37.6177	39.454699999999995	38.0257	39.4499	38.384	37.5246	39.8613	40.9375	37.430099999999996	44.5372	44.1029	42.9367	42.4286	42.119	41.272999999999996	41.7902	41.606500000000004	41.7412	41.702099999999994	41.927	41.3535	41.3454	41.0308	41.037099999999995	40.8518	40.8852	40.7115	41.1115	40.9461	41.2572	40.9837	41.0762	40.8779	41.057500000000005	40.8138	40.9319	40.8708	40.8914	40.752500000000005	41.2044	40.75	41.1757	40.9909	40.9092	40.778999999999996	40.8373	40.8071	40.967999999999996	40.8064	40.9908	40.7785	41.1927	40.8185	41.0995	40.798	41.0663	40.7585	40.997699999999995	40.828900000000004	41.1734	40.9007	40.917500000000004	40.9076	41.0156	40.719699999999996	40.9743	40.926	41.062599999999996	40.7308	40.9702	40.805	41.0668	40.8746	40.9039	40.8259	41.0145	40.8309	40.997	40.8955	41.0992	40.6126	41.1424	40.7195	41.0028	40.9005	40.9716	40.690599999999996	41.1327	40.7747	40.9397	40.9198	40.9765	40.8438	41.0922	40.7711	40.915099999999995	40.8881	40.786899999999996	40.851	41.0213	40.8157	40.950399999999995	40.9197	40.975899999999996	40.801700000000004	40.9582	40.727999999999994	40.930299999999995	40.8318	40.9597	40.7941	41.0004	40.8598	40.9712	40.9565	40.9194	40.890100000000004	40.9458	40.7663	41.1115	40.813500000000005	40.9709	40.7836	40.9466	40.8581	40.9379	40.8653	40.863	40.7691	40.9674	40.6895	41.0674	40.8447	41.0092	40.8844	40.9818	40.887	40.9459	40.8514	41.0329	40.739	41.165400000000005	40.9117	41.127900000000004	41.110400000000006	41.0275	40.9468	41.0358	40.8511
Tbi-CJos_092_Ex1_L4_fastp	59.206199999999995	37.8868	38.9433	37.5978	39.0432	38.0113	37.0765	39.4775	40.3932	37.2175	43.8893	43.4655	42.5822	41.8685	41.5008	40.991699999999994	41.3135	41.192499999999995	41.3927	41.3667	41.4989	41.0535	41.0942	40.6729	40.6804	40.5011	40.536	40.3512	40.8571	40.4586	40.9751	40.7677	40.7856	40.5558	40.7512	40.5204	40.625099999999996	40.5096	40.6122	40.4282	40.9391	40.4424	40.7629	40.6359	40.6145	40.4723	40.5876	40.4769	40.788999999999994	40.495	40.6984	40.5184	40.8136	40.508300000000006	40.7001	40.556	40.7468	40.343	40.7075	40.4816	40.8156	40.5298	40.7173	40.509699999999995	40.7368	40.442	40.5936	40.564	40.7305	40.3642	40.7164	40.4783	40.664699999999996	40.5788	40.6715	40.5946	40.7005	40.4721	40.7125	40.414899999999996	40.8483	40.411	40.779399999999995	40.494400000000006	40.626	40.5478	40.605799999999995	40.448699999999995	40.7506	40.3622	40.6783	40.6762	40.679300000000005	40.5588	40.6781	40.494400000000006	40.696	40.5344	40.5471	40.518	40.740700000000004	40.4618	40.6765	40.5571	40.7304	40.5667	40.665099999999995	40.5133	40.632600000000004	40.455799999999996	40.6397	40.452	40.807900000000004	40.5113	40.6513	40.6383	40.5823	40.5483	40.6973	40.4939	40.7074	40.5098	40.590900000000005	40.5759	40.6425	40.556	40.6137	40.5397	40.6344	40.3245	40.6271	40.5082	40.6592	40.6152	40.5801	40.5798	40.7639	40.5629	40.6639	40.6133	40.7303	40.5893	40.7787	40.6015	40.861	40.800599999999996	40.6117	40.7172	40.719	40.5756
Tbi-CJos_093_Ex1_L4_fastp	59.699999999999996	37.324400000000004	38.9198	37.426500000000004	38.9462	37.955600000000004	37.019400000000005	39.3028	40.220099999999995	37.0086	43.8828	43.4499	42.438900000000004	41.9069	41.593599999999995	40.9594	41.353699999999996	41.131499999999996	41.370400000000004	41.3113	41.417	40.9279	40.9578	40.613	40.672799999999995	40.408500000000004	40.483000000000004	40.411	40.7985	40.4341	40.840199999999996	40.6619	40.8178	40.586299999999994	40.6734	40.5206	40.625699999999995	40.5175	40.5461	40.4655	40.8302	40.431400000000004	40.7678	40.6321	40.6685	40.4341	40.6121	40.3938	40.6858	40.4428	40.6602	40.4183	40.7978	40.4978	40.616	40.6406	40.658100000000005	40.3899	40.677	40.4884	40.7221	40.4822	40.6066	40.4932	40.6663	40.4215	40.5526	40.5019	40.6288	40.387499999999996	40.687	40.4589	40.611000000000004	40.5542	40.5834	40.5261	40.6729	40.4705	40.664899999999996	40.5204	40.7091	40.4844	40.636100000000006	40.4234	40.6979	40.4185	40.6725	40.456900000000005	40.6226	40.4248	40.6451	40.5836	40.6501	40.5375	40.714	40.5586	40.6654	40.544799999999995	40.498	40.5112	40.724700000000006	40.4452	40.6605	40.5819	40.611599999999996	40.5286	40.6477	40.5211	40.613	40.5757	40.6059	40.5135	40.705799999999996	40.4947	40.665	40.629799999999996	40.578399999999995	40.4616	40.5325	40.392	40.700900000000004	40.4577	40.5572	40.597899999999996	40.6426	40.5674	40.5608	40.5256	40.562799999999996	40.3629	40.5259	40.5205	40.6205	40.556799999999996	40.6366	40.542699999999996	40.611999999999995	40.530699999999996	40.6648	40.5605	40.706199999999995	40.5604	40.8501	40.6618	40.8553	40.8001	40.6234	40.729	40.740700000000004	40.591899999999995
Tbi-CJos_095_Ex1_L4_fastp	61.1287	38.417	39.6821	38.173899999999996	39.799299999999995	38.6635	37.8591	40.0242	41.1588	37.8587	44.5754	44.113400000000006	43.1292	42.61	42.154399999999995	41.5162	42.0361	41.872	42.1064	42.058	42.0378	41.551100000000005	41.7229	41.2408	41.375499999999995	41.132000000000005	41.1283	41.044799999999995	41.5091	41.1208	41.6066	41.4006	41.4282	41.3799	41.3385	41.2549	41.2707	41.0978	41.285500000000006	41.064499999999995	41.5296	40.996700000000004	41.3944	41.2791	41.3535	41.066599999999994	41.2275	41.1362	41.3992	41.1792	41.237	41.1299	41.5147	41.19	41.3274	41.363	41.3783	41.0526	41.3714	40.9927	41.3651	41.1883	41.2785	41.1354	41.3561	41.0817	41.2651	41.1617	41.3324	41.073	41.316	41.071200000000005	41.2656	41.1593	41.015499999999996	41.2063	41.416399999999996	41.125099999999996	41.3232	41.248200000000004	41.440599999999996	41.0593	41.2776	41.108200000000004	41.3449	41.1785	41.3252	41.1418	41.4518	41.07	41.268899999999995	41.3423	41.280499999999996	41.1948	41.3732	41.1963	41.268	41.2546	41.2776	41.165800000000004	41.3294	41.1787	41.2725	41.3668	41.414899999999996	41.21	41.4083	41.193000000000005	41.3139	41.160999999999994	41.2034	41.2853	41.446	41.3088	41.348600000000005	41.334700000000005	41.2494	41.1592	41.294399999999996	41.146100000000004	41.3492	41.193000000000005	41.2981	41.2961	41.424299999999995	41.268899999999995	41.4142	41.330600000000004	41.3726	41.1739	41.231899999999996	41.2573	41.3729	41.383199999999995	41.1893	41.363499999999995	41.3628	41.2406	41.3807	41.3668	41.253499999999995	41.3132	41.3727	41.3526	41.6906	41.4871	41.3999	41.429300000000005	41.5661	41.4134
