Sample	1	2	3	4	5	6	7	8	9	10	11	12	13	14	15	16	17	18	19	20	21	22	23	24	25	26	27	28	29	30	31	32	33	34	35	36	37	38	39	40	41	42	43	44	45	46	47	48	49	50	51	52	53	54	55	56	57	58	59	60	61	62	63	64	65	66	67	68	69	70	71	72	73	74	75	76	77	78	79	80	81	82	83	84	85	86	87	88	89	90	91	92	93	94	95	96	97	98	99	100	101	102	103	104	105	106	107	108	109	110	111	112	113	114	115	116	117	118	119	120	121	122	123	124	125	126	127	128	129	130	131	132	133	134	135	136	137	138	139	140	141	142	143	144	145	146	147	148	149	150
Tbi-ARos_001_Ex1b_L4_fastp	0.0685997	0.0810596	0.0110133	0.0	0.00713996	0.0	0.0	0.0	2.33332e-05	0.00016333300000000002	0.0	0.0	0.0	0.0	0.0	0.0	0.0	0.0	9.33329e-05	0.0	0.0	0.0	0.0	0.0	0.0	0.0	0.0	0.0	0.000279999	0.0	0.0	4.66664e-05	0.0	2.33332e-05	2.33332e-05	0.000513331	2.33332e-05	0.000139999	9.33329e-05	0.0	0.0	0.0	0.0	0.0	0.0	0.0	0.0	0.0	0.000116666	4.66664e-05	0.0	4.66664e-05	0.0	9.33329e-05	4.66664e-05	9.33329e-05	0.00587997	0.00058333	0.00466664	4.66664e-05	0.0018899899999999998	0.0006533299999999999	0.0	0.000233332	0.00270665	0.0	0.0	2.33332e-05	0.0	0.000863329	0.0	0.0	0.000256665	4.66664e-05	0.00102666	0.0	0.0	2.33332e-05	0.0	0.0	0.0	0.000933329	0.0	0.0	0.0	0.0	0.000606664	0.00263665	0.0	0.000209999	0.000303332	0.0012366599999999999	0.000933329	0.0019366599999999998	0.00482998	0.0013299899999999999	0.000956662	2.33332e-05	0.000256665	2.33332e-05	0.000209999	0.0041766500000000005	9.33329e-05	0.000513331	4.66664e-05	0.000536664	0.00072333	0.0017033200000000001	0.000793329	0.000769996	0.00044333100000000004	0.00107333	0.00044333100000000004	0.0013299899999999999	0.00044333100000000004	0.0035466499999999997	0.00219332	0.00254332	0.00347665	0.00478331	0.00235665	0.00270665	0.0	0.000116666	6.999959999999999e-05	2.33332e-05	9.33329e-05	6.999959999999999e-05	0.000139999	2.33332e-05	0.0	0.000489998	4.66664e-05	9.33329e-05	0.0012366599999999999	0.000139999	0.0013299899999999999	0.00016333300000000002	0.0	0.00016333300000000002	0.0	0.0009099949999999999	0.000419998	0.000559997	0.00629997	0.000256665	0.00431664	0.0	0.00445664	0.0
Tbi-ARos_002_Ex1b_L4_fastp	0.0700169	0.0826633	0.0109201	0.0	0.007172980000000001	0.0	0.0	0.0	4.01473e-05	0.000240884	0.0	0.0	0.0	0.0	0.0	0.0	0.0	0.0	8.02946e-05	0.0	0.0	0.0	0.0	0.0	0.0	0.0	0.0	0.0	0.000334561	1.3382399999999999e-05	2.6764900000000002e-05	5.3529700000000004e-05	0.0	8.02946e-05	0.0	0.00041485500000000005	0.0	4.01473e-05	5.3529700000000004e-05	0.0	0.0	0.0	0.0	0.0	1.3382399999999999e-05	0.0	0.0	0.000173972	0.000120442	5.3529700000000004e-05	1.3382399999999999e-05	4.01473e-05	2.6764900000000002e-05	9.3677e-05	4.01473e-05	0.000173972	0.00607562	0.000682504	0.00480429	1.3382399999999999e-05	0.00194045	0.0005754439999999999	0.0	0.000214119	0.0026631	0.0	0.0	1.3382399999999999e-05	0.0	0.00105721	0.0	0.0	0.000240884	5.3529700000000004e-05	0.00119104	0.0	0.0	0.0	0.0	0.0	0.0	0.00101706	0.0	0.0	1.3382399999999999e-05	0.0	0.000615592	0.0024623699999999997	2.6764900000000002e-05	0.000120442	0.00022750100000000002	0.00127133	0.0009903	0.00208766	0.0050719400000000005	0.00131148	0.000950152	0.0	0.00016058900000000002	1.3382399999999999e-05	0.000214119	0.00416194	8.02946e-05	0.00044162	0.000120442	0.000481767	0.000722651	0.00211442	0.000682504	0.000910005	0.00032117800000000003	0.0012178	0.000401473	0.00139177	0.000401473	0.00378723	0.0024356	0.0025159	0.0035864900000000003	0.00509871	0.0026764899999999997	0.0027434	1.3382399999999999e-05	0.000147207	9.3677e-05	2.6764900000000002e-05	0.000173972	0.00016058900000000002	0.000120442	2.6764900000000002e-05	4.01473e-05	0.000455003	6.69121e-05	5.3529700000000004e-05	0.00120442	4.01473e-05	0.00132486	0.00016058900000000002	1.3382399999999999e-05	0.00016058900000000002	0.0	0.000736034	0.000240884	0.000361326	0.00661092	0.000147207	0.0044162	0.0	0.00475076	0.0
Tbi-ARos_003_Ex1b_L4_fastp	0.0703016	0.0847103	0.0102408	0.0	0.0064473	0.0	0.0	1.62811e-05	8.14053e-05	0.000195373	0.0	0.0	0.0	0.0	0.0	0.0	0.0	0.0	1.62811e-05	0.0	0.0	0.0	0.0	0.0	0.0	0.0	0.0	0.0	0.00029305900000000003	0.0	1.62811e-05	1.62811e-05	0.0	9.76863e-05	0.0	0.0006186799999999999	0.0	0.000195373	4.88432e-05	0.0	0.0	0.0	0.0	0.0	1.62811e-05	0.0	0.0	6.51242e-05	8.14053e-05	6.51242e-05	0.0	6.51242e-05	8.14053e-05	0.000130248	1.62811e-05	0.000179092	0.0057309299999999995	0.0005861180000000001	0.0043796	4.88432e-05	0.00133505	0.000602399	0.0	0.000130248	0.0021491	0.0	0.0	1.62811e-05	0.0	0.000846615	0.0	0.0	0.000227935	6.51242e-05	0.0008954579999999999	0.0	0.0	0.0	0.0	1.62811e-05	0.0	0.00092802	0.0	0.0	3.25621e-05	0.0	0.000569837	0.00205141	1.62811e-05	0.00014653	0.000390745	0.0012373599999999998	0.00104199	0.0018397600000000002	0.004558700000000001	0.0012862	0.000993145	0.0	0.000325621	3.25621e-05	0.00021165399999999998	0.0037283600000000004	9.76863e-05	0.000634961	0.00014653	0.0005861180000000001	0.000846615	0.0019374499999999998	0.000683804	0.000814053	0.000390745	0.00117224	0.000325621	0.0012048	0.00035818300000000004	0.0029468700000000003	0.00203513	0.00211654	0.0028654699999999997	0.0043307599999999995	0.00221422	0.00237703	3.25621e-05	0.000179092	9.76863e-05	1.62811e-05	0.00014653	0.000179092	0.000130248	3.25621e-05	6.51242e-05	0.00040702600000000006	4.88432e-05	6.51242e-05	0.000830334	4.88432e-05	0.000830334	0.00014653	1.62811e-05	0.000179092	0.0	0.0008954579999999999	0.00040702600000000006	0.000488432	0.00556812	0.000227935	0.00384233	0.0	0.004249360000000001	0.0
Tbi-ARos_004_Ex1b_L4_fastp	0.0723804	0.0827657	0.0114935	0.0	0.006522470000000001	0.0	0.0	0.0	9.49874e-05	9.49874e-05	0.0	0.0	0.0	0.0	0.0	0.0	0.0	0.0	9.49874e-05	0.0	0.0	0.0	0.0	0.0	0.0	0.0	0.0	0.0	0.000316625	0.0	0.0	0.0	0.0	3.1662500000000004e-05	0.0	0.000759899	0.0	0.000221637	9.49874e-05	6.33249e-05	0.0	0.0	0.0	0.0	6.33249e-05	0.0	0.0	6.33249e-05	9.49874e-05	0.00012665000000000002	0.0	6.33249e-05	3.1662500000000004e-05	0.000221637	3.1662500000000004e-05	0.000158312	0.00569924	0.0007282370000000001	0.00449607	0.0	0.00132982	0.000601587	0.0	9.49874e-05	0.00212139	0.0	0.0	0.0	0.0	0.0008865489999999999	0.0	0.0	0.000158312	3.1662500000000004e-05	0.000918211	0.0	0.0	0.0	0.0	0.0	0.0	0.000696574	0.0	0.0	0.0	0.0	0.000411612	0.00186809	3.1662500000000004e-05	6.33249e-05	0.000316625	0.0015198	0.00129816	0.00237468	0.00500267	0.00142481	0.0010132000000000001	0.0	0.000221637	6.33249e-05	0.000189975	0.0036411800000000004	3.1662500000000004e-05	0.000411612	6.33249e-05	0.000823224	0.00107652	0.00186809	0.000664912	0.00107652	0.000348287	0.00142481	0.00037995	0.00123484	0.000443274	0.00310292	0.0022797	0.00250133	0.0035462000000000002	0.00493934	0.00243801	0.0019630700000000004	3.1662500000000004e-05	0.000158312	6.33249e-05	0.0	0.000158312	0.000158312	9.49874e-05	0.0	3.1662500000000004e-05	0.000316625	6.33249e-05	0.0	0.0007915620000000001	3.1662500000000004e-05	0.000759899	9.49874e-05	0.0	9.49874e-05	0.0	0.000696574	0.000348287	0.000601587	0.0055409299999999995	0.000189975	0.00386282	0.0	0.00427443	0.0
Tbi-ARos_005_Ex1b_L4_fastp	0.0711106	0.08333700000000001	0.0104744	0.0	0.0065999000000000006	0.0	0.0	0.0	6.27963e-05	0.00015699100000000002	0.0	0.0	0.0	0.0	0.0	0.0	0.0	0.0	8.79149e-05	0.0	0.0	0.0	0.0	0.0	0.0	0.0	6.27963e-06	0.0	0.00034538	6.27963e-06	1.25593e-05	1.88389e-05	6.27963e-06	4.39574e-05	2.5118499999999997e-05	0.000533769	1.25593e-05	0.000144432	7.53556e-05	1.88389e-05	0.0	0.0	0.0	0.0	3.13982e-05	0.0	0.0	7.53556e-05	0.000113033	5.02371e-05	1.88389e-05	6.9076e-05	2.5118499999999997e-05	8.79149e-05	3.13982e-05	0.000150711	0.00573331	0.000621684	0.00449622	3.13982e-05	0.00148827	0.00051493	0.0	0.00016955	0.0020848399999999997	0.0	0.0	1.25593e-05	1.25593e-05	0.000904267	0.0	1.25593e-05	0.00017583	2.5118499999999997e-05	0.000941945	1.25593e-05	0.0	0.0	0.0	1.25593e-05	0.0	0.0008979880000000001	0.0	6.27963e-06	1.25593e-05	0.0	0.000452134	0.00221043	6.27963e-06	0.00010047399999999999	0.00030770200000000003	0.00142548	0.00109266	0.00207856	0.00500487	0.0014192	0.00106126	0.0	0.000207228	5.02371e-05	0.00018838900000000002	0.0038180199999999997	0.000113033	0.000540049	9.419450000000001e-05	0.000577726	0.000841471	0.0020346	0.000709599	0.000847751	0.000401897	0.0012182500000000001	0.000477252	0.00138152	0.00043957400000000003	0.00332821	0.00237998	0.0024051	0.0033596000000000003	0.00481648	0.00258721	0.0024365000000000003	3.13982e-05	0.000113033	0.000119313	1.88389e-05	0.00016955	0.000150711	0.00012559300000000002	1.25593e-05	3.13982e-05	0.000395617	6.27963e-05	5.651670000000001e-05	0.000841471	6.9076e-05	0.0009293859999999999	0.000150711	1.25593e-05	0.00012559300000000002	6.27963e-06	0.000828912	0.000420735	0.00050865	0.0058903	0.000213508	0.0040692	0.0	0.00433295	0.0
Tbi-ARos_006_Ex1b_L4_fastp	0.0709917	0.0823435	0.0107498	0.0	0.00651438	0.0	0.0	1.07498e-05	5.3748999999999996e-05	0.000161247	0.0	0.0	0.0	0.0	0.0	0.0	0.0	0.0	8.599850000000001e-05	0.0	0.0	0.0	0.0	0.0	0.0	0.0	0.0	0.0	0.000333244	0.0	2.14996e-05	2.14996e-05	0.0	4.29992e-05	2.14996e-05	0.000440742	1.07498e-05	0.000182747	8.599850000000001e-05	0.0	0.0	0.0	0.0	0.0	0.0	0.0	0.0	0.00010749799999999999	8.599850000000001e-05	6.44989e-05	2.14996e-05	6.44989e-05	2.14996e-05	4.29992e-05	7.524869999999999e-05	9.67483e-05	0.0057834	0.00058049	0.00434292	3.2249399999999997e-05	0.0016877200000000002	0.000472992	1.07498e-05	0.000161247	0.00230046	0.0	0.0	2.14996e-05	0.0	0.00104273	0.0	0.0	0.000247246	9.67483e-05	0.00103198	3.2249399999999997e-05	0.0	0.0	0.0	0.0	0.0	0.0010212300000000001	0.0	0.0	1.07498e-05	0.0	0.000526741	0.00230046	0.0	0.00017199700000000001	0.000268745	0.00148347	0.000967483	0.00223596	0.00492341	0.0015372200000000002	0.000978233	0.0	0.000225746	3.2249399999999997e-05	0.000150497	0.00400968	0.00010749799999999999	0.000494491	0.000118248	0.00056974	0.000849235	0.0021069599999999997	0.000709487	0.000784736	0.00042999199999999997	0.00135448	0.000440742	0.00131148	0.000472992	0.0036549399999999998	0.00233271	0.00262295	0.00345069	0.00476217	0.0025907	0.00285945	3.2249399999999997e-05	0.000118248	0.000139748	1.07498e-05	0.000150497	0.000139748	0.000139748	1.07498e-05	3.2249399999999997e-05	0.00053749	6.44989e-05	7.524869999999999e-05	0.00103198	0.000118248	0.00108573	0.000118248	1.07498e-05	0.00019349700000000002	0.0	0.000902984	0.000311744	0.00053749	0.00612739	0.00012899800000000001	0.00392368	0.0	0.00431067	0.0
Tbi-ARos_007_Ex1b_L4_fastp	0.0695861	0.0843531	0.0109219	0.0	0.00662796	0.0	0.0	0.0	5.9846199999999996e-05	0.000179538	0.0	0.0	0.0	0.0	0.0	0.0	0.0	0.0	0.000119692	0.0	0.0	0.0	0.0	0.0	0.0	0.0	0.0	0.0	0.000329154	1.49615e-05	1.49615e-05	2.9923099999999998e-05	0.0	4.48846e-05	1.49615e-05	0.000389	0.0	5.9846199999999996e-05	4.48846e-05	1.49615e-05	0.0	0.0	0.0	0.0	5.9846199999999996e-05	0.0	0.0	2.9923099999999998e-05	0.000104731	7.48077e-05	0.0	4.48846e-05	4.48846e-05	7.48077e-05	2.9923099999999998e-05	0.000104731	0.00481762	0.000568538	0.00393488	2.9923099999999998e-05	0.00134654	0.000598462	0.0	0.000179538	0.0019749200000000002	0.0	0.0	0.0	0.0	0.00115204	0.0	0.0	0.000209462	4.48846e-05	0.0009126539999999999	1.49615e-05	0.0	0.0	0.0	0.0	0.0	0.0009276149999999999	0.0	1.49615e-05	1.49615e-05	0.0	0.000463808	0.0021245400000000003	1.49615e-05	0.000179538	0.000284269	0.00142135	0.00110715	0.00227415	0.00462312	0.0014811899999999999	0.00107723	0.0	0.000299231	4.48846e-05	0.000164577	0.00333642	0.000149615	0.0005835	8.97692e-05	0.000643346	0.000822885	0.00204973	0.000658308	0.0008677689999999999	0.000478769	0.0014811899999999999	0.000523654	0.00124181	0.000523654	0.0031568800000000004	0.00227415	0.00222927	0.00329154	0.00451838	0.00255842	0.00225919	1.49615e-05	0.000119692	0.000104731	2.9923099999999998e-05	0.000134654	0.000149615	0.000149615	2.9923099999999998e-05	5.9846199999999996e-05	0.000568538	5.9846199999999996e-05	8.97692e-05	0.0008378460000000001	4.48846e-05	0.0009276149999999999	0.000179538	2.9923099999999998e-05	0.0001945	0.0	0.0009276149999999999	0.000374038	0.000493731	0.00568538	0.000179538	0.00368054	0.0	0.00384512	0.0
Tbi-ARos_008_Ex1b_L4_fastp	0.0707832	0.0832754	0.0111431	0.0	0.006973200000000001	0.0	0.0	0.0	3.50412e-05	0.00022776800000000002	0.0	0.0	0.0	0.0	0.0	0.0	0.0	0.0	0.000105124	0.0	0.0	0.0	0.0	0.0	0.0	0.0	0.0	0.0	0.000332891	1.75206e-05	0.0	3.50412e-05	0.0	7.00824e-05	0.0	0.000560659	1.75206e-05	0.00014016499999999998	3.50412e-05	1.75206e-05	0.0	0.0	0.0	0.0	1.75206e-05	0.0	0.0	7.00824e-05	0.000157685	1.75206e-05	0.0	3.50412e-05	1.75206e-05	8.760300000000001e-05	0.000105124	0.00021024699999999997	0.00562411	0.000665783	0.00411734	3.50412e-05	0.00131404	0.000560659	0.0	0.00021024699999999997	0.00215503	0.0	0.0	0.0	0.0	0.00101619	0.0	0.0	0.000192727	7.00824e-05	0.0008234679999999999	0.0	0.0	0.0	0.0	3.50412e-05	0.0	0.000683303	0.0	0.0	0.0	0.0	0.000402974	0.0018746999999999998	1.75206e-05	0.00012264400000000001	0.00029785	0.0013666099999999999	0.0008585089999999999	0.00210247	0.00474808	0.00141917	0.000840989	0.0	0.000332891	1.75206e-05	0.000157685	0.00374941	3.50412e-05	0.0005781800000000001	5.2561799999999995e-05	0.000455535	0.000735865	0.00211999	0.000508097	0.0008585089999999999	0.00047305599999999996	0.0013841300000000001	0.00042049399999999994	0.0012439600000000001	0.00029785	0.00313619	0.0023127200000000003	0.0024703999999999998	0.0033464299999999996	0.00466048	0.00261057	0.0023828	0.0	0.00014016499999999998	8.760300000000001e-05	0.0	8.760300000000001e-05	8.760300000000001e-05	0.00014016499999999998	3.50412e-05	0.0	0.000402974	5.2561799999999995e-05	7.00824e-05	0.0006132210000000001	7.00824e-05	0.000683303	0.00014016499999999998	0.0	7.00824e-05	0.0	0.00103372	0.000367932	0.000543138	0.005816839999999999	0.00028032999999999997	0.0038545299999999997	0.0	0.0041699	0.0
Tbi-ARos_009_Ex1b_L4_fastp	0.06977040000000001	0.0815153	0.00968257	0.0	0.00636183	0.0	0.0	0.0	3.49551e-05	0.000209731	0.0	0.0	0.0	0.0	0.0	0.0	0.0	0.0	0.00010486499999999999	0.0	0.0	0.0	0.0	0.0	0.0	0.0	0.0	0.0	0.000454416	0.0	3.49551e-05	3.49551e-05	0.0	3.49551e-05	0.0	0.00041946100000000004	0.0	0.00010486499999999999	0.0	0.0	0.0	0.0	0.0	0.0	3.49551e-05	0.0	0.0	0.00010486499999999999	3.49551e-05	6.99102e-05	0.0	6.99102e-05	6.99102e-05	0.0	6.99102e-05	0.00013982	0.00653661	0.000594237	0.00485876	0.0	0.00160794	0.000489372	0.0	0.00013982	0.00227208	0.0	0.0	0.0	0.0	0.00108361	0.0	6.99102e-05	0.000209731	0.0	0.0012234300000000002	0.0	0.0	0.0	0.0	0.0	0.0	0.000978743	0.0	0.0	0.0	0.0	0.000629192	0.00227208	3.49551e-05	6.99102e-05	0.000489372	0.0013981999999999998	0.00104865	0.00227208	0.00573264	0.00153802	0.00125838	0.0	0.00038450600000000006	6.99102e-05	0.00027964099999999996	0.00426452	6.99102e-05	0.0006991020000000001	3.49551e-05	0.000664147	0.000838923	0.00185262	0.000838923	0.000873878	0.000524327	0.00132829	0.000454416	0.00160794	0.000594237	0.0036353300000000004	0.00234199	0.0028313599999999998	0.0036353300000000004	0.0056627299999999995	0.00258668	0.00262163	0.0	0.000209731	0.00013982	3.49551e-05	0.000174776	0.000244686	0.00013982	0.0	3.49551e-05	0.000489372	3.49551e-05	6.99102e-05	0.00104865	0.00010486499999999999	0.00108361	0.000174776	0.0	0.00013982	0.0	0.000873878	0.00041946100000000004	0.000664147	0.00660652	0.00034955100000000003	0.00436939	0.0	0.00482381	0.0
Tbi-ARos_010_Ex1b_L4_fastp	0.06568840000000001	0.0816202	0.0109481	0.0	0.00669956	0.0	0.0	8.170189999999999e-05	0.0	0.000163404	0.0	0.0	0.0	0.0	0.0	0.0	0.0	0.0	0.0	0.0	0.0	0.0	0.0	0.0	0.0	0.0	0.0	0.0	0.000490212	0.0	8.170189999999999e-05	8.170189999999999e-05	0.0	0.000163404	8.170189999999999e-05	0.000735318	0.0	0.000163404	8.170189999999999e-05	8.170189999999999e-05	0.0	0.0	0.0	0.0	8.170189999999999e-05	0.0	0.0	0.0	0.000163404	0.000245106	0.0	0.000163404	0.0	0.000326808	8.170189999999999e-05	0.000163404	0.004902119999999999	0.000817019	0.00392169	0.0	0.0012255299999999998	0.00040851	0.0	0.000245106	0.00163404	0.0	0.0	0.0	0.0	0.0010621299999999999	0.0	0.0	0.000163404	0.0	0.000735318	0.0	0.0	0.0	0.0	0.0	0.0	0.000980423	0.0	0.0	0.0	0.0	0.000653616	0.00187914	0.0	0.000163404	0.000163404	0.00147064	0.00147064	0.00269616	0.00473871	0.0015523400000000001	0.000980423	0.0	0.000163404	0.0	8.170189999999999e-05	0.0031046700000000003	8.170189999999999e-05	0.000571914	8.170189999999999e-05	0.000326808	0.000490212	0.00212425	0.000898721	0.000817019	0.00040851	0.0010621299999999999	0.000245106	0.00163404	0.000326808	0.0031046700000000003	0.0025327600000000002	0.00326808	0.0038399899999999997	0.00514722	0.00269616	0.0024510599999999997	8.170189999999999e-05	0.000163404	0.0	0.0	8.170189999999999e-05	0.000163404	0.000163404	0.0	0.0	0.00040851	8.170189999999999e-05	8.170189999999999e-05	0.000735318	0.0	0.000898721	0.000163404	0.0	0.000163404	0.0	0.000980423	0.00040851	0.00040851	0.00571914	0.000326808	0.00261446	0.0	0.00318638	0.0
Tbi-ARos_011_Ex1b_L4_fastp	0.070087	0.08337610000000001	0.010422	0.0	0.00667009	0.0	0.0	0.0	7.65699e-05	0.000195679	0.0	0.0	0.0	0.0	0.0	0.0	0.0	0.0	8.50777e-05	0.0	0.0	0.0	0.0	0.0	0.0	0.0	0.0	0.0	0.00030628000000000003	8.50777e-06	1.70155e-05	4.25388e-05	0.0	7.65699e-05	5.95544e-05	0.000467927	8.50777e-06	0.000119109	7.65699e-05	8.50777e-06	0.0	0.0	0.0	0.0	8.50777e-06	0.0	0.0	5.104660000000001e-05	0.000161648	8.50777e-05	0.0	5.95544e-05	1.70155e-05	8.50777e-05	7.65699e-05	0.00015314000000000001	0.00571722	0.000672114	0.00451762	2.5523300000000003e-05	0.0014548299999999998	0.000510466	8.50777e-06	0.000161648	0.00226307	0.0	0.0	0.0	0.0	0.00112303	0.0	0.0	0.000187171	5.95544e-05	0.000978393	8.50777e-06	0.0	8.50777e-06	0.0	1.70155e-05	0.0	0.000816746	0.0	8.50777e-06	8.50777e-06	0.0	0.000433896	0.00223754	3.40311e-05	0.000178663	0.000314787	0.0013357199999999999	0.0011570600000000001	0.0022035099999999997	0.00501958	0.00159946	0.00108899	0.0	0.000280756	1.70155e-05	0.000195679	0.00386253	0.000119109	0.000604051	0.000110601	0.000595544	0.0008507769999999999	0.00216097	0.0007401759999999999	0.000901823	0.000374342	0.0013101999999999999	0.000433896	0.0013952699999999999	0.00045091200000000004	0.00342012	0.0024332200000000003	0.0026544199999999998	0.0035222200000000004	0.00490898	0.00256084	0.00239919	2.5523300000000003e-05	0.000119109	0.000127617	1.70155e-05	0.000178663	0.000170155	0.000127617	2.5523300000000003e-05	5.95544e-05	0.000442404	4.25388e-05	7.65699e-05	0.000927347	5.95544e-05	0.00107198	0.000161648	1.70155e-05	0.000195679	0.0	0.00103795	0.000399865	0.000612559	0.00621067	0.000221202	0.0041262700000000005	0.0	0.00428791	0.0
Tbi-ARos_012_Ex1b_L4_fastp	0.070906	0.0837707	0.010707600000000001	0.0	0.00659358	0.0	0.0	0.0	5.55951e-05	0.00020014200000000002	0.0	0.0	0.0	0.0	0.0	0.0	0.0	0.0	8.89522e-05	0.0	0.0	0.0	0.0	0.0	0.0	0.0	0.0	0.0	0.000166785	0.0	0.0	0.0	0.0	3.33571e-05	2.22381e-05	0.00041140400000000003	0.0	8.89522e-05	7.78332e-05	3.33571e-05	0.0	0.0	0.0	0.0	2.22381e-05	0.0	0.0	0.000155666	7.78332e-05	4.44761e-05	0.0	2.22381e-05	1.1119e-05	0.000122309	2.22381e-05	6.67142e-05	0.00552616	0.000544832	0.00445873	1.1119e-05	0.0016122600000000001	0.000644903	1.1119e-05	0.000266857	0.00236835	0.0	0.0	1.1119e-05	0.0	0.00105631	0.0	1.1119e-05	0.000300214	8.89522e-05	0.0011118999999999999	0.0	0.0	0.0	0.0	0.0	0.0	0.00113414	0.0	0.0	0.0	0.0	0.000589308	0.00232388	2.22381e-05	0.000144547	0.000266857	0.00143435	0.00121197	0.002335	0.00539273	0.0016122600000000001	0.00105631	0.0	0.00034469	3.33571e-05	0.0002335	0.00389166	7.78332e-05	0.000722737	0.000144547	0.000633784	0.000900641	0.00209038	0.00068938	0.0008339269999999999	0.00043364200000000003	0.00135652	0.00038916600000000003	0.00150107	0.000489237	0.0035469699999999996	0.00249066	0.0026908	0.0037693500000000003	0.00524818	0.00279088	0.0028131099999999997	2.22381e-05	0.000166785	7.78332e-05	2.22381e-05	0.000166785	0.000177904	0.000155666	2.22381e-05	5.55951e-05	0.000678261	4.44761e-05	0.00010007100000000001	0.00114526	6.67142e-05	0.00120085	0.000166785	2.22381e-05	0.000177904	0.0	0.000900641	0.000355809	0.000555951	0.00640456	0.00028909499999999996	0.004025089999999999	0.0	0.00428082	0.0
Tbi-ARos_013_Ex1b_L4_fastp	0.0702477	0.08504629999999999	0.010853699999999999	0.0	0.007000429999999999	0.0	0.0	0.0	5.1855100000000004e-05	0.00020742	0.0	0.0	0.0	0.0	0.0	0.0	0.0	0.0	0.00011168799999999999	0.0	0.0	0.0	0.0	0.0	0.0	0.0	0.0	0.0	0.000327086	1.59554e-05	1.59554e-05	3.19108e-05	0.0	4.38774e-05	2.7921999999999998e-05	0.000458718	7.9777e-06	0.000107699	6.781050000000001e-05	3.98885e-06	0.0	0.0	0.0	0.0	1.9944299999999998e-05	0.0	0.0	8.37659e-05	9.57324e-05	7.57882e-05	3.98885e-06	2.7921999999999998e-05	1.1966600000000002e-05	7.17993e-05	3.98885e-05	9.972130000000001e-05	0.00567215	0.000678105	0.00458319	1.1966600000000002e-05	0.0015357099999999998	0.000498606	3.98885e-06	0.00017550900000000002	0.00223775	0.0	3.98885e-06	3.98885e-06	1.1966600000000002e-05	0.0011447999999999999	0.0	7.9777e-06	0.000179498	3.98885e-05	0.0008974920000000001	1.1966600000000002e-05	0.0	3.98885e-06	0.0	7.9777e-06	0.0	0.0009493469999999999	0.0	0.0	3.98885e-06	0.0	0.00039489600000000005	0.00213404	1.9944299999999998e-05	0.00017550900000000002	0.000370963	0.00151975	0.00118469	0.00234544	0.005149610000000001	0.0015756	0.0011089	3.98885e-06	0.00029916400000000004	6.781050000000001e-05	0.000251298	0.00396093	0.000119666	0.000662149	0.000159554	0.000698049	0.000965302	0.00209814	0.000769848	0.000893503	0.00043478500000000003	0.00142003	0.000502595	0.00144795	0.000526528	0.00351817	0.00236938	0.00256483	0.0035061999999999997	0.00507382	0.00266455	0.00263663	2.7921999999999998e-05	0.000183487	0.000147588	3.98885e-05	0.000159554	0.000203431	0.000143599	2.7921999999999998e-05	8.77547e-05	0.000442763	7.57882e-05	5.98328e-05	0.00097328	9.57324e-05	0.00106502	0.000171521	1.59554e-05	0.00019146499999999998	0.0	0.000901481	0.000430796	0.0005823720000000001	0.006286429999999999	0.00023534199999999998	0.00421622	0.0	0.0044595400000000006	0.0
Tbi-ARos_014_Ex1b_L4_fastp	0.0708593	0.0834566	0.0108003	0.0	0.00713225	0.0	0.0	0.0	0.0	0.000185253	0.0	0.0	0.0	0.0	0.0	0.0	0.0	0.0	1.85253e-05	0.0	0.0	0.0	0.0	0.0	0.0	0.0	0.0	0.0	0.000259354	3.70506e-05	0.0	1.85253e-05	0.0	1.85253e-05	1.85253e-05	0.000370506	0.0	9.26266e-05	0.000111152	1.85253e-05	0.0	0.0	0.0	0.0	1.85253e-05	0.0	0.0	9.26266e-05	7.410130000000001e-05	0.0	0.0	1.85253e-05	0.0	5.5576e-05	7.410130000000001e-05	0.000111152	0.00565022	0.000611335	0.0042423	1.85253e-05	0.00150055	0.000444608	0.0	0.000203778	0.00218599	0.0	0.0	1.85253e-05	0.0	0.0009262659999999999	0.0	0.0	0.000222304	3.70506e-05	0.00103742	0.0	0.0	0.0	0.0	0.0	0.0	0.0009447910000000001	0.0	0.0	1.85253e-05	0.0	0.000518709	0.00203778	0.0	0.000166728	0.000222304	0.00111152	0.00100037	0.00207484	0.00505741	0.0014264500000000001	0.0009818420000000001	0.0	0.00027788	1.85253e-05	0.000129677	0.00355686	3.70506e-05	0.00042608199999999994	5.5576e-05	0.00046313299999999996	0.000722487	0.00185253	0.000666911	0.000685437	0.00042608199999999994	0.00118562	0.00042608199999999994	0.00120415	0.00046313299999999996	0.0032419300000000005	0.00201926	0.00222304	0.0033345600000000003	0.00489068	0.00246387	0.00218599	3.70506e-05	0.000129677	9.26266e-05	1.85253e-05	9.26266e-05	0.000111152	7.410130000000001e-05	0.0	1.85253e-05	0.00038903200000000004	3.70506e-05	5.5576e-05	0.0009262659999999999	9.26266e-05	0.000907741	0.000166728	0.0	9.26266e-05	0.0	0.000815114	0.00027788	0.0005001840000000001	0.005854	0.000166728	0.00372359	0.0	0.0040941	0.0
Tbi-ARos_015_Ex1b_L4_fastp	0.0699896	0.08524090000000001	0.010834400000000001	0.0	0.0063421	0.0	0.0	0.0	0.0	0.000113252	0.0	0.0	0.0	0.0	0.0	0.0	0.0	0.0	7.55012e-05	0.0	0.0	0.0	0.0	0.0	0.0	0.0	0.0	0.0	0.000264254	0.0	0.0	7.55012e-05	0.0	7.55012e-05	0.0	0.00041525700000000004	0.0	3.77506e-05	3.77506e-05	0.0	0.0	0.0	0.0	0.0	0.0	0.0	0.0	7.55012e-05	7.55012e-05	0.0	0.0	0.0	0.0	7.55012e-05	0.000113252	0.000113252	0.00520958	0.000830513	0.00369956	0.0	0.00124577	0.00064176	0.0	0.00015100200000000002	0.00192528	0.0	0.0	0.0	0.0	0.00101927	0.0	0.0	0.000226504	3.77506e-05	0.000755012	3.77506e-05	0.0	0.0	0.0	0.0	0.0	0.000906015	0.0	0.0	3.77506e-05	0.0	0.000490758	0.00184978	0.0	0.000113252	0.000264254	0.00128352	0.00101927	0.00245379	0.00536059	0.00139677	0.00120802	0.0	0.000226504	0.0	0.000226504	0.0035108099999999996	0.000113252	0.00045300699999999995	7.55012e-05	0.000755012	0.000792763	0.0023405400000000003	0.000830513	0.000792763	0.00041525700000000004	0.00154777	0.00045300699999999995	0.0011702700000000002	0.00045300699999999995	0.0032465500000000004	0.00241604	0.00230279	0.00362406	0.00505858	0.0029068	0.00249154	0.0	3.77506e-05	7.55012e-05	0.0	0.000113252	0.000188753	0.00015100200000000002	0.0	7.55012e-05	0.00041525700000000004	7.55012e-05	0.0	0.00064176	0.000113252	0.000792763	7.55012e-05	3.77506e-05	7.55012e-05	0.0	0.000755012	0.000339755	0.00041525700000000004	0.00551159	0.000226504	0.00369956	0.0	0.00366181	0.0
Tbi-ARos_016_Ex1b_L4_fastp	0.07216310000000001	0.083877	0.010643699999999999	0.0	0.0069415399999999995	0.0	0.0	1.44615e-05	4.33846e-05	0.00020246200000000001	0.0	0.0	0.0	0.0	0.0	0.0	0.0	0.0	0.000115692	0.0	0.0	0.0	0.0	0.0	0.0	0.0	0.0	0.0	0.000303692	1.44615e-05	1.44615e-05	1.44615e-05	0.0	4.33846e-05	4.33846e-05	0.00039046200000000006	0.0	7.23077e-05	0.000130154	0.0	0.0	0.0	0.0	0.0	1.44615e-05	0.0	0.0	0.00010123100000000001	5.7846199999999995e-05	2.8923099999999998e-05	0.0	2.8923099999999998e-05	2.8923099999999998e-05	4.33846e-05	5.7846199999999995e-05	8.67693e-05	0.0060015400000000005	0.000752	0.00501816	1.44615e-05	0.0017787699999999998	0.000535077	0.0	0.000231385	0.00258862	0.0	0.0	0.0	0.0	0.00104123	0.0	0.0	0.00028923100000000004	0.000115692	0.0011569199999999999	0.0	0.0	0.0	0.0	0.0	0.0	0.00122923	0.0	0.0	0.0	0.0	0.0005929230000000001	0.00257415	1.44615e-05	0.000173539	0.00033261600000000004	0.00143169	0.00102677	0.00219815	0.00510493	0.00147508	0.00117139	0.0	0.00033261600000000004	2.8923099999999998e-05	0.00014461499999999998	0.004352920000000001	5.7846199999999995e-05	0.000723077	0.000115692	0.0005929230000000001	0.000867693	0.00212585	0.000780923	0.00101231	0.000491692	0.0012870800000000001	0.000419385	0.0013449199999999999	0.000477231	0.0037889200000000003	0.0022126199999999998	0.002632	0.00339846	0.00490246	0.0026030800000000002	0.00274769	4.33846e-05	0.00014461499999999998	0.000115692	1.44615e-05	0.00010123100000000001	0.000115692	0.00014461499999999998	0.0	7.23077e-05	0.000506154	1.44615e-05	4.33846e-05	0.00114246	7.23077e-05	0.00120031	0.000130154	2.8923099999999998e-05	8.67693e-05	0.0	0.00102677	0.00028923100000000004	0.000477231	0.00653662	0.000159077	0.00445416	0.0	0.00481569	0.0
Tbi-ARos_017_Ex1b_L4_fastp	0.07221970000000001	0.082759	0.010725	0.0	0.00717322	0.0	0.0	0.0	4.64286e-05	0.000139286	0.0	0.0	0.0	0.0	0.0	0.0	0.0	0.0	0.000255357	0.0	0.0	0.0	0.0	0.0	0.0	0.0	0.0	0.0	0.000139286	2.32143e-05	2.32143e-05	6.96429e-05	0.0	6.96429e-05	0.0	0.0004875	0.0	0.000139286	0.00011607100000000001	2.32143e-05	0.0	0.0	0.0	0.0	4.64286e-05	0.0	0.0	0.000139286	9.28572e-05	9.28572e-05	0.0	2.32143e-05	6.96429e-05	0.000139286	6.96429e-05	0.00011607100000000001	0.00608214	0.000626786	0.004875	2.32143e-05	0.00188036	0.000673214	0.0	0.00020892900000000003	0.00278572	0.0	0.0	0.0	0.0	0.0012535699999999999	0.0	2.32143e-05	0.000255357	2.32143e-05	0.00120714	0.0	0.0	0.0	0.0	0.0	0.0	0.00106786	0.0	0.0	4.64286e-05	0.0	0.00046428599999999995	0.00264643	0.0	0.000185714	0.000417857	0.00127679	0.00109107	0.0021125	0.00538572	0.00132321	0.0011839300000000001	0.0	0.00039464299999999997	2.32143e-05	0.000278572	0.00420179	0.00011607100000000001	0.000603572	0.00011607100000000001	0.0006964289999999999	0.0007892859999999999	0.00174107	0.00065	0.000975	0.00046428599999999995	0.0011839300000000001	0.0004875	0.00153214	0.000603572	0.0036446399999999998	0.00195	0.00229821	0.00334286	0.0051303600000000005	0.0024375	0.00255357	4.64286e-05	0.0001625	0.0001625	9.28572e-05	0.000139286	0.00023214299999999998	0.00020892900000000003	0.0	4.64286e-05	0.000533929	0.0001625	0.00020892900000000003	0.000998215	0.00023214299999999998	0.00111429	0.000301786	0.0	0.000255357	2.32143e-05	0.0009517859999999999	0.0004875	0.0006964289999999999	0.00636072	0.000348214	0.00436429	0.0	0.00441072	0.0
Tbi-ARos_018_Ex1b_L4_fastp	0.0691277	0.0823469	0.011139399999999999	0.0	0.006380469999999999	0.0	0.0	0.0	3.52512e-05	0.00017625600000000001	0.0	0.0	0.0	0.0	0.0	0.0	0.0	0.0	7.050249999999999e-05	0.0	0.0	0.0	0.0	0.0	0.0	0.0	0.0	0.0	7.050249999999999e-05	0.0	0.0	3.52512e-05	0.0	0.0	0.0	0.000105754	0.0	3.52512e-05	3.52512e-05	3.52512e-05	0.0	0.0	0.0	0.0	0.0	0.0	0.0	7.050249999999999e-05	0.0	3.52512e-05	0.0	0.0	0.0	0.0	0.0	7.050249999999999e-05	0.0057812	0.000387764	0.00444166	0.0	0.00176256	0.00035251200000000003	0.0	3.52512e-05	0.00218558	0.0	0.0	0.0	0.0	0.000916532	0.0	3.52512e-05	0.000105754	0.0	0.00105754	0.0	0.0	0.0	0.0	0.0	0.0	0.000669773	0.0	0.0	0.0	0.0	0.000387764	0.00236183	0.0	0.000246759	0.000211507	0.00141005	0.0009517829999999999	0.00236183	0.0056402	0.0013748	0.000881281	0.0	0.000211507	0.0	0.00017625600000000001	0.0035603699999999998	7.050249999999999e-05	0.000528769	7.050249999999999e-05	0.00042301499999999995	0.000881281	0.00190357	0.000705025	0.000634522	0.0005640199999999999	0.00109279	0.0004935170000000001	0.0013395500000000001	0.00035251200000000003	0.00363088	0.00253809	0.00229133	0.0034193699999999997	0.00542869	0.00271435	0.00253809	3.52512e-05	0.000105754	0.00017625600000000001	3.52512e-05	7.050249999999999e-05	0.000105754	0.00017625600000000001	0.0	3.52512e-05	0.000317261	3.52512e-05	0.000105754	0.000705025	7.050249999999999e-05	0.000740276	0.00014100499999999998	0.0	0.000211507	0.0	0.0008460299999999999	0.00028200999999999996	0.000387764	0.006415720000000001	0.000211507	0.0041949	0.0	0.00454741	0.0
Tbi-ARos_019_Ex1b_L4_fastp	0.0697446	0.0830462	0.0106014	0.0	0.00671164	0.0	0.0	2.76655e-05	5.53309e-05	0.000193658	0.0	0.0	0.0	0.0	0.0	0.0	0.0	0.0	6.63971e-05	0.0	0.0	0.0	0.0	0.0	0.0	0.0	5.533090000000001e-06	0.0	0.000276655	2.2132400000000002e-05	1.1066200000000001e-05	2.76655e-05	5.533090000000001e-06	3.87316e-05	1.1066200000000001e-05	0.000359651	1.1066200000000001e-05	8.852939999999999e-05	6.63971e-05	5.533090000000001e-06	5.533090000000001e-06	0.0	0.0	0.0	2.2132400000000002e-05	0.0	0.0	8.852939999999999e-05	9.40625e-05	3.87316e-05	5.533090000000001e-06	2.76655e-05	1.1066200000000001e-05	5.53309e-05	6.63971e-05	6.0864000000000005e-05	0.0057378099999999994	0.0005422430000000001	0.00438221	1.65993e-05	0.0014386000000000002	0.000420515	1.1066200000000001e-05	0.000188125	0.0020804400000000002	0.0	0.0	5.533090000000001e-06	5.533090000000001e-06	0.00107895	0.0	0.0	0.000215791	6.0864000000000005e-05	0.00100149	1.1066200000000001e-05	0.0	0.0	5.533090000000001e-06	5.533090000000001e-06	0.0	0.000962758	0.0	0.0	5.533090000000001e-06	0.0	0.00047031300000000004	0.0021302400000000003	1.65993e-05	0.000165993	0.00038178299999999996	0.00140541	0.00113982	0.0021911	0.00503511	0.0014994700000000001	0.00117302	0.0	0.00030432	1.65993e-05	0.000215791	0.00390636	0.00013279400000000002	0.0006750370000000001	0.000110662	0.000652905	0.0009572249999999999	0.00218004	0.0008022979999999999	0.000890828	0.000475846	0.0013556100000000001	0.000475846	0.00138327	0.00047031300000000004	0.00346371	0.00242903	0.0025286199999999997	0.0035079800000000004	0.00506831	0.00269462	0.00262268	1.65993e-05	0.00019919099999999998	8.852939999999999e-05	1.1066200000000001e-05	0.000221324	0.000182592	0.000138327	1.65993e-05	4.4264699999999997e-05	0.000481379	9.95956e-05	6.0864000000000005e-05	0.000929559	5.53309e-05	0.000962758	0.000116195	0.0	0.000215791	0.0	0.0009018940000000001	0.00045371299999999996	0.00060864	0.006047670000000001	0.000271121	0.00408342	0.0	0.00432134	0.0
Tbi-ARos_020_Ex1b_L4_fastp	0.0686721	0.0831243	0.0107664	0.0	0.0071291	0.0	0.0	0.0	0.0	0.000145492	0.0	0.0	0.0	0.0	0.0	0.0	0.0	0.0	0.0	0.0	0.0	0.0	0.0	0.0	0.0	0.0	4.84973e-05	0.0	0.000436475	4.84973e-05	4.84973e-05	9.69945e-05	4.84973e-05	4.84973e-05	0.000145492	0.000484973	9.69945e-05	0.000242486	4.84973e-05	0.0	0.0	0.0	0.0	0.0	0.0	0.0	0.0	0.0	9.69945e-05	0.000145492	0.0	9.69945e-05	0.0	0.000145492	0.000145492	0.000145492	0.00494672	0.0008244530000000001	0.00397678	4.84973e-05	0.0016974	0.000387978	0.0	0.000290984	0.00252186	0.0	0.0	0.0	0.0	0.00116393	0.0	0.0	0.000387978	0.000242486	0.000921448	0.0	0.0	0.0	4.84973e-05	4.84973e-05	0.0	0.00101844	0.0	0.0	0.0	0.0	0.000484973	0.00232787	0.0	0.000145492	0.000242486	0.00140642	0.0008729510000000001	0.00247336	0.0052377	0.00193989	0.00121243	0.0	0.000145492	4.84973e-05	0.000145492	0.00363729	0.000145492	0.000630464	0.000145492	0.000484973	0.0008244530000000001	0.00198839	0.000775956	0.0008729510000000001	0.000581967	0.00121243	0.000678962	0.00121243	0.000484973	0.0035888	0.00213388	0.00271585	0.00329781	0.00504372	0.00281284	0.00252186	0.0	4.84973e-05	0.000193989	4.84973e-05	0.000145492	4.84973e-05	0.0	0.0	4.84973e-05	0.000387978	0.0	9.69945e-05	0.0008729510000000001	0.0	0.00101844	0.000193989	0.0	4.84973e-05	0.0	0.000921448	0.000387978	0.000484973	0.0060136600000000005	0.000242486	0.00397678	0.0	0.00383128	0.0
Tbi-ARos_021_Ex1b_L4_fastp	0.0704157	0.0835557	0.010998800000000001	0.0	0.00725452	0.0	0.0	1.17008e-05	7.02051e-05	0.000175513	0.0	0.0	0.0	0.0	0.0	0.0	0.0	0.0	8.190589999999999e-05	0.0	0.0	0.0	0.0	0.0	0.0	0.0	0.0	0.0	0.000339324	0.0	2.34017e-05	2.34017e-05	0.0	3.51025e-05	3.51025e-05	0.000526538	0.0	0.000187213	0.000105308	2.34017e-05	0.0	0.0	0.0	0.0	4.68034e-05	0.0	0.0	4.68034e-05	0.000163812	8.190589999999999e-05	1.17008e-05	3.51025e-05	5.85042e-05	0.000105308	8.190589999999999e-05	0.000163812	0.00538239	0.000655247	0.0041655	1.17008e-05	0.00149771	0.000526538	0.0	0.000152111	0.00229337	0.0	0.0	1.17008e-05	0.0	0.00101797	0.0	0.0	0.000175513	5.85042e-05	0.00107648	0.0	0.0	1.17008e-05	0.0	1.17008e-05	0.0	0.0009594690000000001	0.0	0.0	0.0	0.0	0.00056164	0.0022582599999999998	0.0	0.00011700799999999999	0.00029252099999999996	0.00122859	0.0009594690000000001	0.00198914	0.00457503	0.00129879	0.000819059	0.0	0.00024571799999999997	1.17008e-05	0.000152111	0.00363896	7.02051e-05	0.0005499400000000001	9.360669999999999e-05	0.000608444	0.000924367	0.00175513	0.0006903500000000001	0.000807358	0.000444632	0.00112328	0.000444632	0.00119349	0.000526538	0.0031124200000000003	0.00210615	0.00208275	0.00299542	0.00450482	0.0023167699999999997	0.00234017	2.34017e-05	0.00019891399999999999	4.68034e-05	0.0	0.000152111	0.000163812	0.00011700799999999999	2.34017e-05	7.02051e-05	0.000397829	5.85042e-05	5.85042e-05	0.000819059	5.85042e-05	0.000877563	0.000152111	1.17008e-05	0.00023401700000000002	0.0	0.000819059	0.000397829	0.0005499400000000001	0.0055813	0.000187213	0.00366236	0.0	0.00394318	1.17008e-05
Tbi-ARos_022_Ex1b_L4_fastp	0.0723813	0.08277910000000001	0.0114531	0.0	0.0069836099999999995	0.0	0.0	0.0	9.31148e-05	0.000248306	0.0	0.0	0.0	0.0	0.0	0.0	0.0	0.0	3.10383e-05	0.0	0.0	0.0	0.0	0.0	0.0	0.0	0.0	0.0	0.00021726799999999998	0.0	0.0	0.0	0.0	9.31148e-05	0.0	0.000279345	0.0	9.31148e-05	0.000155191	0.0	0.0	0.0	0.0	0.0	0.0	0.0	0.0	6.20766e-05	9.31148e-05	0.0	0.0	9.31148e-05	6.20766e-05	6.20766e-05	0.0	9.31148e-05	0.00468678	0.0006518040000000001	0.00369356	0.0	0.00130361	0.0006518040000000001	0.0	0.000124153	0.0020795600000000003	0.0	0.0	0.0	0.0	0.000962187	0.0	0.0	0.000155191	0.000124153	0.0008690719999999999	0.0	0.0	0.0	0.0	0.0	0.0	0.000838034	0.0	0.0	3.10383e-05	0.0	0.000279345	0.00198645	0.0	0.000124153	0.000248306	0.0011484199999999998	0.000838034	0.0018312600000000001	0.00490405	0.00124153	0.0008690719999999999	0.0	0.000248306	3.10383e-05	0.00031038299999999996	0.00304175	0.000124153	0.00046557400000000007	0.000124153	0.000496612	0.000744919	0.0015519099999999999	0.0006518040000000001	0.000682842	0.00043453599999999996	0.00108634	0.00040349799999999996	0.00124153	0.00043453599999999996	0.0028555200000000003	0.00195541	0.00204853	0.0027934500000000003	0.0047799	0.00204853	0.0018312600000000001	3.10383e-05	0.00018622999999999998	0.00018622999999999998	3.10383e-05	0.00018622999999999998	0.00018622999999999998	0.00018622999999999998	3.10383e-05	3.10383e-05	0.00040349799999999996	3.10383e-05	9.31148e-05	0.0007759570000000001	6.20766e-05	0.00090011	0.000155191	0.0	0.000279345	0.0	0.0007759570000000001	0.00031038299999999996	0.000341421	0.00533858	0.00021726799999999998	0.00319694	0.0	0.00329006	0.0
Tbi-ARos_023_Ex1b_L4_fastp	0.0713365	0.0828939	0.011461899999999999	0.0	0.0070954500000000005	0.0	0.0	1.3645100000000001e-05	5.4580400000000003e-05	0.000150096	0.0	0.0	0.0	0.0	0.0	0.0	0.0	0.0	9.55156e-05	0.0	0.0	0.0	0.0	0.0	0.0	0.0	0.0	0.0	0.000231967	0.0	2.7290200000000002e-05	0.0	0.0	2.7290200000000002e-05	2.7290200000000002e-05	0.000532158	2.7290200000000002e-05	0.000150096	0.000109161	0.0	0.0	0.0	0.0	0.0	2.7290200000000002e-05	0.0	0.0	0.000136451	9.55156e-05	8.187050000000001e-05	0.0	2.7290200000000002e-05	0.0	0.000109161	4.09353e-05	0.000109161	0.00511691	0.000736835	0.00399801	1.3645100000000001e-05	0.00148731	0.000504868	0.0	0.00012280600000000002	0.00216957	0.0	0.0	0.0	0.0	0.000968801	0.0	0.0	0.00016374100000000002	1.3645100000000001e-05	0.0010097399999999999	0.0	0.0	0.0	0.0	0.0	0.0	0.0008459959999999999	0.0	0.0	1.3645100000000001e-05	0.0	0.000450288	0.00218321	2.7290200000000002e-05	0.000150096	0.000368417	0.00140544	0.00113254	0.0022105	0.00504868	0.00137815	0.0011598300000000001	0.0	0.000354772	2.7290200000000002e-05	0.000231967	0.00373875	0.00012280600000000002	0.000641319	0.000150096	0.000614029	0.0009824459999999999	0.0020877	0.000682254	0.000818705	0.00047757800000000004	0.00125535	0.000518513	0.00135086	0.000504868	0.00362959	0.00245612	0.00266079	0.0033430499999999998	0.00492588	0.00261986	0.00261986	4.09353e-05	0.000218321	0.000150096	1.3645100000000001e-05	0.00020467600000000002	0.00016374100000000002	0.000150096	4.09353e-05	9.55156e-05	0.00040935300000000005	9.55156e-05	0.000109161	0.000968801	4.09353e-05	0.00102338	0.00020467600000000002	0.0	0.00024561200000000003	0.0	0.0008732859999999999	0.00047757800000000004	0.000641319	0.00574458	0.000231967	0.0036841700000000005	0.0	0.00392979	0.0
Tbi-ARos_024_Ex1b_L4_fastp	0.06650640000000001	0.08233510000000001	0.0112759	0.0	0.00612727	0.0	0.0	0.0	4.2550500000000005e-05	0.000255303	0.0	0.0	0.0	0.0	0.0	0.0	0.0	0.0	0.000127651	0.0	0.0	0.0	0.0	0.0	0.0	0.0	0.0	0.0	0.00017020200000000002	0.0	4.2550500000000005e-05	0.0	0.0	4.2550500000000005e-05	4.2550500000000005e-05	0.00034040400000000004	0.0	8.51009e-05	4.2550500000000005e-05	0.0	0.0	0.0	0.0	0.0	0.0	0.0	0.0	0.00017020200000000002	0.000127651	8.51009e-05	0.0	0.0	0.0	0.0	0.0	4.2550500000000005e-05	0.00629747	0.000680807	0.0048081999999999995	0.0	0.00178712	0.000510605	0.0	0.000212752	0.00259558	0.0	0.0	0.0	0.0	0.00114886	0.0	8.51009e-05	0.000212752	8.51009e-05	0.00119141	0.0	0.0	0.0	0.0	0.0	0.0	0.0011063099999999999	0.0	0.0	4.2550500000000005e-05	0.0	0.0005531560000000001	0.00255303	8.51009e-05	0.000297853	0.000510605	0.00131906	0.0011063099999999999	0.00204242	0.0051486100000000005	0.00140417	0.00102121	0.0	0.0005531560000000001	8.51009e-05	0.00038295399999999997	0.0047231	0.000127651	0.00089356	0.000212752	0.000638257	0.00119141	0.0019573200000000002	0.000680807	0.00102121	0.000595706	0.0011063099999999999	0.000723358	0.0011063099999999999	0.000723358	0.0036167900000000004	0.00242538	0.0025104800000000003	0.0033614900000000004	0.0046805499999999995	0.00255303	0.0027657800000000002	8.51009e-05	0.00038295399999999997	0.00034040400000000004	4.2550500000000005e-05	0.000297853	0.000297853	0.00046805499999999994	8.51009e-05	8.51009e-05	0.000638257	0.00017020200000000002	0.000297853	0.000978661	0.000255303	0.00114886	0.00038295399999999997	8.51009e-05	0.00034040400000000004	0.0	0.0011063099999999999	0.00046805499999999994	0.000595706	0.00646767	0.000510605	0.0046805499999999995	0.0	0.004638	0.0
Tbi-ARos_025_Ex1b_L4_fastp	0.06756079999999999	0.0855539	0.0106797	0.0	0.0069263400000000004	0.0	0.0	0.0	0.0	0.000309557	0.0	0.0	0.0	0.0	0.0	0.0	0.0	0.0	3.86946e-05	0.0	0.0	0.0	0.0	0.0	0.0	0.0	0.0	0.0	0.000309557	0.0	0.0	0.0	0.0	0.0	0.0	0.00027086300000000004	0.0	3.86946e-05	0.0	3.86946e-05	0.0	0.0	0.0	0.0	3.86946e-05	0.0	0.0	7.738930000000001e-05	0.000116084	3.86946e-05	3.86946e-05	0.0	3.86946e-05	3.86946e-05	3.86946e-05	7.738930000000001e-05	0.00549464	0.00042564100000000004	0.0043338	0.0	0.00139301	0.000154779	0.0	7.738930000000001e-05	0.0018960399999999999	0.0	0.0	0.0	0.0	0.00116084	0.0	0.0	0.000116084	0.0	0.0008125879999999999	3.86946e-05	0.0	0.0	0.0	0.0	0.0	0.0007351980000000001	0.0	0.0	3.86946e-05	0.0	0.000386946	0.00197343	7.738930000000001e-05	0.000232168	0.000464336	0.00154779	0.00123823	0.00247646	0.005417249999999999	0.00185734	0.00127692	0.0	0.000232168	0.000154779	0.000193473	0.0037920799999999998	0.000116084	0.000541725	7.738930000000001e-05	0.00050303	0.00108345	0.0022442900000000003	0.0009286709999999999	0.000889977	0.000541725	0.00139301	0.000464336	0.00150909	0.00050303	0.0035599100000000003	0.00270863	0.00301818	0.00390816	0.005417249999999999	0.00297949	0.00263124	0.000116084	0.000232168	0.000232168	0.0	0.000232168	0.000154779	7.738930000000001e-05	0.0	0.000116084	0.000309557	3.86946e-05	3.86946e-05	0.0007351980000000001	3.86946e-05	0.0009673660000000001	0.000154779	3.86946e-05	0.000154779	0.0	0.00112214	0.00034825199999999996	0.0006965039999999999	0.00642331	0.000309557	0.004140329999999999	0.0	0.0043338	0.0
Tbi-ARos_026_Ex1b_L4_fastp	0.0722559	0.08424380000000001	0.011396700000000001	0.0	0.00578047	0.0	0.0	0.0	3.28436e-05	0.000164218	0.0	0.0	0.0	0.0	0.0	0.0	0.0	0.0	0.00013137400000000002	0.0	0.0	0.0	0.0	0.0	0.0	0.0	0.0	0.0	0.000229905	0.0	0.0	0.0	0.0	3.28436e-05	3.28436e-05	0.00042696700000000005	0.0	0.000197061	9.853070000000002e-05	3.28436e-05	0.0	0.0	0.0	0.0	3.28436e-05	0.0	0.0	3.28436e-05	9.853070000000002e-05	6.56872e-05	0.0	3.28436e-05	0.0	9.853070000000002e-05	9.853070000000002e-05	0.00013137400000000002	0.00548488	0.000624028	0.00417113	0.0	0.00144512	0.000525497	0.0	9.853070000000002e-05	0.00213483	0.0	0.0	0.0	0.0	0.00091962	0.0	0.0	0.000164218	6.56872e-05	0.0008867769999999999	0.0	0.0	0.0	0.0	0.0	0.0	0.000952464	0.0	0.0	0.0	0.0	0.0004926539999999999	0.0022662100000000003	0.0	0.000197061	0.000394123	0.0011166799999999999	0.000755402	0.0019706100000000002	0.00440104	0.00118237	0.000985307	0.0	0.000328436	0.0	0.000229905	0.0033828899999999995	0.0	0.000525497	6.56872e-05	0.000229905	0.000656872	0.0015436500000000001	0.00045981	0.000788246	0.000394123	0.0011166799999999999	0.000328436	0.00124806	0.000558341	0.0032186700000000003	0.00193777	0.00213483	0.00285739	0.00417113	0.0019706100000000002	0.00216768	0.0	9.853070000000002e-05	6.56872e-05	0.0	3.28436e-05	6.56872e-05	6.56872e-05	0.0	0.0	0.000295592	9.853070000000002e-05	3.28436e-05	0.000722559	3.28436e-05	0.00082109	9.853070000000002e-05	3.28436e-05	9.853070000000002e-05	0.0	0.0010509900000000001	0.000262749	0.000624028	0.00515644	9.853070000000002e-05	0.00364564	0.0	0.00397407	0.0
Tbi-ARos_028_Ex1b_L4_fastp	0.06988069999999999	0.0829358	0.0113651	0.0	0.00634388	0.0	0.0	2.44937e-05	4.89875e-05	0.000122469	0.0	0.0	0.0	0.0	0.0	0.0	0.0	0.0	9.7975e-05	0.0	0.0	0.0	0.0	0.0	0.0	0.0	0.0	0.0	0.00022044399999999998	0.0	2.44937e-05	0.0	0.0	4.89875e-05	4.89875e-05	0.0003919	0.0	0.000122469	0.000122469	0.0	0.0	0.0	0.0	0.0	4.89875e-05	0.0	0.0	0.000122469	0.000171456	2.44937e-05	0.0	9.7975e-05	0.0	0.000146962	0.000171456	9.7975e-05	0.00580502	0.00058785	0.00477628	0.0	0.00181254	0.000685825	0.0	0.00022044399999999998	0.00249836	0.0	0.0	0.0	0.0	0.0010777200000000001	0.0	0.0	0.000318419	2.44937e-05	0.00132266	0.0	0.0	0.0	0.0	2.44937e-05	0.0	0.00122469	0.0	0.0	0.0	0.0	0.0007103190000000001	0.00254735	0.0	0.00022044399999999998	0.000244937	0.00142064	0.0010777200000000001	0.00240039	0.00484976	0.0015431099999999999	0.00102874	0.0	0.000318419	2.44937e-05	7.34812e-05	0.0040659599999999995	7.34812e-05	0.0003919	2.44937e-05	0.00058785	0.000685825	0.00191051	0.0006613309999999999	0.000808294	0.00041639400000000005	0.00122469	0.00041639400000000005	0.00137165	0.000440887	0.0039924800000000005	0.00220444	0.0027188100000000003	0.00318419	0.00494774	0.00242488	0.00276779	4.89875e-05	0.00019595	7.34812e-05	0.0	9.7975e-05	0.000171456	0.000146962	2.44937e-05	0.0	0.0007348119999999999	4.89875e-05	4.89875e-05	0.00129817	4.89875e-05	0.00132266	0.00022044399999999998	2.44937e-05	0.000146962	0.0	0.0009797500000000002	0.0003919	0.000612344	0.0064173599999999996	0.00019595	0.00416394	0.0	0.0045803300000000005	0.0
Tbi-ARos_029_Ex1b_L4_fastp	0.0693816	0.082495	0.010252299999999999	0.0	0.00619905	0.0	0.0	0.0	6.502500000000001e-05	0.00026010000000000003	0.0	0.0	0.0	0.0	0.0	0.0	0.0	0.0	0.000108375	0.0	0.0	0.0	0.0	0.0	0.0	0.0	0.0	0.0	0.00030345	0.0	2.1675e-05	4.335e-05	0.0	0.00013005000000000002	2.1675e-05	0.000585225	0.0	0.000238425	0.000108375	0.0	0.0	0.0	0.0	0.0	4.335e-05	0.0	0.0	0.00013005000000000002	0.00013005000000000002	0.000108375	2.1675e-05	4.335e-05	0.0	0.000108375	4.335e-05	0.00021675	0.00550545	0.0007586250000000001	0.00420495	4.335e-05	0.0017123199999999998	0.000628575	0.0	0.00019507499999999998	0.0025576500000000003	0.0	0.0	0.0	0.0	0.00110542	0.0	2.1675e-05	0.000238425	0.000151725	0.0009536989999999999	0.0	0.0	2.1675e-05	0.0	2.1675e-05	0.0	0.0009753740000000001	0.0	0.0	2.1675e-05	0.0	0.000411825	0.0025143	2.1675e-05	0.00019507499999999998	0.0003468	0.0013872	0.0012138	0.00203745	0.00457342	0.0015389200000000003	0.00110542	0.0	0.000455175	2.1675e-05	0.000325125	0.0040098700000000004	0.0001734	0.0007802999999999999	0.00013005000000000002	0.00065025	0.0010187199999999999	0.0019290700000000002	0.000932024	0.00106207	0.000671925	0.00127882	0.0006069	0.0015605999999999999	0.00073695	0.0034896700000000003	0.00201577	0.0022542	0.00292612	0.00440002	0.00218917	0.00262267	2.1675e-05	0.000108375	0.0001734	2.1675e-05	0.00021675	0.00019507499999999998	0.000281775	2.1675e-05	2.1675e-05	0.000541875	0.000108375	6.502500000000001e-05	0.0010404000000000001	0.000151725	0.00114877	0.00026010000000000003	2.1675e-05	8.66999e-05	0.0	0.00114877	0.000585225	0.000628575	0.0057222	0.00030345	0.0039882	0.0	0.0041616000000000005	0.0
Tbi-ARos_030_Ex1b_L4_fastp	0.0700761	0.0843787	0.0104137	0.0	0.00714049	0.0	0.0	2.16051e-05	8.64204e-05	0.00015123600000000001	0.0	0.0	0.0	0.0	0.0	0.0	0.0	0.0	0.000118828	0.0	0.0	0.0	0.0	0.0	0.0	0.0	0.0	0.0	0.000313274	0.0	1.08026e-05	4.32102e-05	0.0	3.24077e-05	4.32102e-05	0.000496917	2.16051e-05	7.56179e-05	0.000108026	2.16051e-05	0.0	0.0	0.0	0.0	3.24077e-05	0.0	0.0	8.64204e-05	0.000140433	4.32102e-05	0.0	6.48153e-05	2.16051e-05	0.000129631	6.48153e-05	0.000108026	0.00529325	0.000669758	0.00409417	1.08026e-05	0.0015123600000000001	0.00044290500000000006	0.0	0.000162038	0.00216051	0.0	0.0	1.08026e-05	0.0	0.0011774799999999998	0.0	1.08026e-05	0.00024845900000000003	5.401279999999999e-05	0.0009398220000000001	0.0	0.0	0.0	0.0	0.0	0.0	0.000885809	0.0	0.0	1.08026e-05	0.0	0.00050772	0.00203088	2.16051e-05	0.00018364300000000002	0.000280866	0.00130711	0.00115587	0.00204168	0.00526084	0.0015015500000000002	0.00114507	0.0	0.000291669	3.24077e-05	0.00022685399999999997	0.0035216299999999996	0.000118828	0.000669758	8.64204e-05	0.000572535	0.0007885860000000001	0.00195526	0.000680561	0.0008750070000000001	0.00045370699999999997	0.0011774799999999998	0.000410497	0.00139353	0.000486115	0.0033487900000000004	0.0023657599999999997	0.00245218	0.0033487900000000004	0.00522843	0.00250619	0.00243057	2.16051e-05	0.000129631	9.7223e-05	2.16051e-05	0.00018364300000000002	0.00018364300000000002	0.00018364300000000002	2.16051e-05	5.401279999999999e-05	0.00044290500000000006	7.56179e-05	0.000118828	0.000896612	7.56179e-05	0.0009182169999999999	0.000216051	1.08026e-05	0.00020524800000000002	0.0	0.000950624	0.00044290500000000006	0.0006049429999999999	0.00615745	0.000237656	0.00386731	0.0	0.00418059	0.0
Tbi-ARos_032_Ex1b_L4_fastp	0.0688762	0.0841352	0.010819	0.0	0.00725013	0.0	0.0	0.0	8.43038e-05	0.00022481	0.0	0.0	0.0	0.0	0.0	0.0	0.0	0.0	8.43038e-05	0.0	0.0	0.0	0.0	0.0	0.0	0.0	0.0	0.0	0.000112405	0.0	0.0	5.62025e-05	0.0	5.62025e-05	0.0	0.000365317	0.0	0.000140506	8.43038e-05	0.0	0.0	0.0	0.0	0.0	2.8101299999999998e-05	0.0	0.0	0.000140506	0.000196709	8.43038e-05	0.0	0.0	0.0	8.43038e-05	2.8101299999999998e-05	8.43038e-05	0.00590127	0.000646329	0.0043557000000000005	0.0	0.00182658	0.000562025	0.0	0.000252911	0.00250101	0.0	0.0	0.0	0.0	0.00103975	0.0	0.0	0.000337215	0.000112405	0.00146127	0.0	0.0	0.0	0.0	0.0	0.0	0.00134886	0.0	0.0	0.0	0.0	0.000871139	0.00244481	2.8101299999999998e-05	0.000168608	0.000365317	0.0014893699999999998	0.00112405	0.0021638	0.00458051	0.0015174700000000001	0.00101165	0.0	0.00022481	0.0	0.000196709	0.0041589899999999996	8.43038e-05	0.0007306330000000001	0.000252911	0.000590127	0.0008430380000000001	0.0019670900000000003	0.000814937	0.000899241	0.000337215	0.00129266	0.000562025	0.00137696	0.00042151900000000003	0.00356886	0.0022762	0.0024167100000000003	0.0032035400000000004	0.0044119	0.0024167100000000003	0.00281013	2.8101299999999998e-05	0.000112405	0.000112405	2.8101299999999998e-05	0.000112405	0.000140506	8.43038e-05	0.0	5.62025e-05	0.000590127	2.8101299999999998e-05	8.43038e-05	0.00126456	8.43038e-05	0.00132076	0.000168608	2.8101299999999998e-05	0.000168608	0.0	0.00101165	0.000393418	0.000533924	0.00646329	0.000252911	0.00421519	0.0	0.00444	0.0
Tbi-ARos_033_Ex1b_L4_fastp	0.0718376	0.0827788	0.010869199999999999	0.0	0.006838250000000001	0.0	0.0	0.0	0.000143963	0.0	0.0	0.0	0.0	0.0	0.0	0.0	0.0	0.0	0.000143963	0.0	0.0	0.0	0.0	0.0	0.0	0.0	7.19815e-05	0.0	0.000647834	0.00021594500000000002	7.19815e-05	7.19815e-05	0.0	7.19815e-05	7.19815e-05	0.000431889	0.0	0.00021594500000000002	0.0	0.000143963	0.0	0.0	0.0	0.0	0.0	0.0	0.0	7.19815e-05	0.000359908	0.000143963	0.0	0.00021594500000000002	0.000143963	0.000287926	0.0	0.000143963	0.00619041	0.000647834	0.0052546500000000005	7.19815e-05	0.0019435	0.000575852	0.0	0.000143963	0.00287926	0.0	0.0	0.0	0.0	0.0007917970000000001	0.0	0.0	0.00021594500000000002	0.000143963	0.0010797200000000002	0.0	7.19815e-05	0.0	0.0	0.0	0.0	0.00100774	0.0	0.0	0.0	0.0	0.000431889	0.00316719	0.0	0.000359908	0.000647834	0.00129567	0.00122369	0.00187152	0.0046788	0.0016555800000000002	0.00143963	0.0	0.000503871	7.19815e-05	0.000431889	0.00482276	7.19815e-05	0.00093576	0.000359908	0.000719815	0.0007917970000000001	0.00230341	0.000647834	0.000863779	0.000503871	0.00122369	0.000647834	0.00151161	0.000575852	0.00395898	0.0019435	0.0021594500000000003	0.0030952099999999997	0.0046788	0.00230341	0.00287926	0.0	0.00021594500000000002	0.000431889	7.19815e-05	0.000287926	0.000359908	0.000431889	7.19815e-05	0.000143963	0.000719815	0.000287926	0.000143963	0.0010797200000000002	0.000143963	0.00129567	0.00021594500000000002	0.0	0.000359908	7.19815e-05	0.0011517	0.000575852	0.00100774	0.00604645	0.000431889	0.00460682	0.0	0.00503871	0.0
Tbi-CJos_001_Ex1_L4_fastp	0.07070219999999999	0.08347349999999999	0.0109639	0.0	0.00682724	0.0	0.0	4.5759e-06	5.03349e-05	0.000205915	0.0	0.0	0.0	0.0	0.0	0.0	0.0	0.0	9.609379999999999e-05	0.0	0.0	0.0	0.0	0.0	0.0	0.0	0.0	0.0	0.000237947	9.1518e-06	1.83036e-05	2.7455399999999998e-05	0.0	4.5759e-05	1.83036e-05	0.00039352699999999996	1.83036e-05	0.000123549	0.000105246	9.1518e-06	0.0	0.0	0.0	0.0	1.83036e-05	0.0	0.0	9.609379999999999e-05	6.40626e-05	6.86385e-05	0.0	3.66072e-05	3.66072e-05	8.236619999999999e-05	7.32144e-05	0.000105246	0.005422440000000001	0.000700112	0.00424186	2.7455399999999998e-05	0.00144141	0.000590291	4.5759e-06	0.00020133899999999998	0.00219643	0.0	0.0	0.0	4.5759e-06	0.00102958	0.0	4.5759e-06	0.000247098	5.9486699999999994e-05	0.000979242	0.0	0.0	0.0	0.0	1.83036e-05	0.0	0.000924331	0.0	9.1518e-06	1.3727699999999999e-05	0.0	0.000517076	0.00206831	4.5759e-06	0.000151005	0.000311161	0.00140022	0.00110737	0.00209576	0.0049145099999999995	0.00134989	0.00102043	0.0	0.000265402	2.28795e-05	0.000210491	0.0036607199999999997	6.86385e-05	0.000585715	0.000118973	0.00061317	0.000869421	0.00204085	0.00063605	0.000832813	0.000398103	0.00124007	0.000370648	0.0012766799999999999	0.000379799	0.00326719	0.00223761	0.00248929	0.0032854900000000003	0.00486876	0.0025259	0.00260369	3.66072e-05	0.000146429	0.000114397	3.20313e-05	0.000137277	0.000164732	0.000132701	4.5759e-06	3.66072e-05	0.000407255	7.779029999999999e-05	5.9486699999999994e-05	0.000974666	6.40626e-05	0.000924331	0.000128125	1.83036e-05	0.000128125	4.5759e-06	0.00081451	0.000425558	0.0005216519999999999	0.00579309	0.00025625	0.0037613900000000003	0.0	0.00404967	0.0
Tbi-CJos_004_Ex1_L4_fastp	0.06966900000000001	0.08290800000000001	0.0104679	0.0	0.006464139999999999	0.0	0.0	0.0	4.07511e-05	0.000259788	0.0	0.0	0.0	0.0	0.0	0.0	0.0	0.0	7.64082e-05	0.0	0.0	0.0	0.0	0.0	0.0	0.0	0.0	0.0	0.000229225	5.09388e-06	0.0	1.01878e-05	0.0	5.09388e-05	1.01878e-05	0.000320915	0.0	5.6032699999999996e-05	5.6032699999999996e-05	5.09388e-06	0.0	0.0	0.0	0.0	2.0375499999999998e-05	0.0	0.0	0.000152816	9.16899e-05	5.6032699999999996e-05	5.09388e-06	1.52816e-05	1.52816e-05	5.09388e-05	4.07511e-05	8.15021e-05	0.005318010000000001	0.000545045	0.00407511	1.01878e-05	0.00149251	0.000463543	0.0	0.000168098	0.00212924	0.0	0.0	1.01878e-05	5.09388e-06	0.000988213	0.0	5.09388e-06	0.000224131	3.56572e-05	0.00105953	1.01878e-05	0.0	0.0	0.0	0.0	0.0	0.000972932	0.0	5.09388e-06	1.52816e-05	0.0	0.000519576	0.00221075	2.54694e-05	0.000152816	0.000351478	0.0014211900000000001	0.00114612	0.0023177199999999997	0.00490032	0.00151798	0.0011817800000000001	0.0	0.00032600799999999997	7.64082e-05	0.00025469399999999997	0.00388663	0.000106972	0.000626548	0.00015791	0.000601078	0.0008659599999999999	0.00212415	0.000789552	0.0008659599999999999	0.000473731	0.00129894	0.000514482	0.00134478	0.000514482	0.0035096899999999998	0.0023177199999999997	0.00246035	0.0033466800000000003	0.00486975	0.00264882	0.0025316600000000002	5.09388e-05	0.000168098	0.000173192	3.56572e-05	0.000188474	0.000178286	0.00012734699999999999	1.52816e-05	6.622050000000001e-05	0.000539952	4.58449e-05	0.00011715900000000001	0.00107481	6.622050000000001e-05	0.0011002800000000001	0.000224131	2.0375499999999998e-05	0.000173192	0.0	0.000906711	0.00043297999999999996	0.000601078	0.00604134	0.00028016399999999996	0.00381532	0.0	0.00403435	5.09388e-06
Tbi-CJos_005_Ex1_L4_fastp	0.0701343	0.0827712	0.0107184	0.0	0.006582740000000001	0.0	0.0	1.46827e-05	3.42596e-05	0.000156615	0.0	0.0	0.0	0.0	0.0	0.0	0.0	0.0	8.32019e-05	0.0	0.0	0.0	0.0	0.0	0.0	0.0	4.89423e-06	0.0	0.00023981700000000002	1.9576900000000002e-05	1.9576900000000002e-05	2.44711e-05	0.0	4.40481e-05	1.9576900000000002e-05	0.00045026900000000005	0.0	0.00015172099999999998	6.3625e-05	4.89423e-06	0.0	0.0	0.0	0.0	2.44711e-05	0.0	0.0	0.00010277900000000001	6.85192e-05	3.42596e-05	4.89423e-06	2.93654e-05	2.44711e-05	3.9153800000000004e-05	5.38365e-05	0.000132144	0.005608790000000001	0.0006068839999999999	0.0043216	9.78846e-06	0.00157594	0.000562836	0.0	0.00022024	0.00227092	0.0	0.0	4.89423e-06	0.0	0.00105715	0.0	1.46827e-05	0.000274077	8.80961e-05	0.00121377	9.78846e-06	0.0	0.0	0.0	1.46827e-05	0.0	0.00108652	0.0	4.89423e-06	4.89423e-06	0.0	0.0005677309999999999	0.00224156	2.44711e-05	0.00016151	0.000274077	0.00117951	0.000905433	0.00200174	0.00490402	0.00128718	0.0009201150000000001	4.89423e-06	0.000264288	3.9153800000000004e-05	0.00020066299999999999	0.00375387	0.00010277900000000001	0.000626461	0.00012725	0.000455163	0.000719452	0.0019528	0.000626461	0.0007439230000000001	0.00043558599999999996	0.00120887	0.000420904	0.00120887	0.000430692	0.0032987100000000003	0.00210941	0.00223177	0.0031616699999999997	0.00475719	0.00243243	0.0024373299999999997	4.89423e-05	0.000171298	0.00016151	5.38365e-05	0.000146827	0.000141933	0.000146827	2.44711e-05	3.9153800000000004e-05	0.000538365	7.34134e-05	9.29904e-05	0.00107673	9.29904e-05	0.00108652	0.000171298	3.9153800000000004e-05	0.000137038	4.89423e-06	0.0007977590000000001	0.000376856	0.000523683	0.00586329	0.000230029	0.0039056	0.0	0.0043216	0.0
Tbi-CJos_006_Ex1_L4_fastp	0.068373	0.08090359999999999	0.0112052	0.0	0.0070249	0.0	0.0	2.03916e-05	4.07832e-05	0.000203916	0.0	0.0	0.0	0.0	0.0	0.0	0.0	0.0	7.13705e-05	0.0	0.0	0.0	0.0	0.0	0.0	0.0	1.01958e-05	0.0	0.000265091	2.03916e-05	2.03916e-05	2.03916e-05	0.0	8.15663e-05	1.01958e-05	0.000560768	2.03916e-05	0.000142741	0.000101958	1.01958e-05	0.0	0.0	0.0	0.0	0.0	0.0	0.0	0.000112154	7.13705e-05	4.07832e-05	2.03916e-05	4.07832e-05	2.03916e-05	6.11747e-05	5.09789e-05	0.000152937	0.00504692	0.0007646840000000001	0.0038846	2.03916e-05	0.00125408	0.000560768	1.01958e-05	0.00017332800000000002	0.0019270000000000001	0.0	0.0	0.0	0.0	0.000988992	0.0	0.0	0.00021411199999999997	6.11747e-05	0.0008462500000000001	0.0	0.0	0.0	0.0	0.0	0.0	0.0008972289999999999	0.0	0.0	0.0	0.0	0.00044861500000000003	0.00186583	2.03916e-05	0.00022430700000000003	0.000356853	0.00132545	0.00107056	0.00210033	0.00512848	0.00151917	0.00101958	0.0	0.000418027	6.11747e-05	0.000234503	0.00327285	7.13705e-05	0.000591356	0.00017332800000000002	0.000591356	0.000805467	0.00200857	0.000621943	0.000917621	0.00043841899999999995	0.00132545	0.000407832	0.00132545	0.000509789	0.0030281500000000003	0.00238581	0.00238581	0.0033748100000000002	0.00493476	0.00273247	0.0023552300000000003	5.09789e-05	0.00017332800000000002	0.000142741	3.05874e-05	0.00016313299999999998	0.000183524	0.000142741	1.01958e-05	7.13705e-05	0.000418027	7.13705e-05	9.17621e-05	0.0008462500000000001	0.000101958	0.000836055	0.000203916	2.03916e-05	0.00021411199999999997	0.0	0.000815663	0.00043841899999999995	0.000591356	0.0058116	0.000275286	0.00352774	0.0	0.00376225	2.03916e-05
Tbi-CJos_007_Ex1_L4_fastp	0.0697921	0.0830729	0.0103818	0.0	0.00693029	0.0	0.0	4.5296e-06	3.62368e-05	0.000167595	0.0	0.0	0.0	0.0	0.0	0.0	0.0	0.0	6.34144e-05	0.0	0.0	0.0	0.0	0.0	0.0	0.0	4.5296e-06	0.0	0.000258187	9.0592e-06	2.2648e-05	2.7177600000000002e-05	0.0	5.88848e-05	1.81184e-05	0.00041672300000000003	1.3588800000000001e-05	0.00011324	7.24736e-05	4.5296e-06	0.0	0.0	0.0	0.0	9.0592e-06	0.0	0.0	6.7944e-05	9.0592e-05	5.4355200000000004e-05	4.5296e-06	4.5296e-05	9.0592e-06	9.96512e-05	4.5296e-05	9.0592e-05	0.00563029	0.000670381	0.00442542	3.17072e-05	0.00162613	0.000525434	0.0	0.000172125	0.00230104	0.0	0.0	0.0	0.0	0.00100104	0.0	1.3588800000000001e-05	0.000194773	5.88848e-05	0.00102822	1.3588800000000001e-05	0.0	4.5296e-06	0.0	4.5296e-06	0.0	0.0009693340000000001	0.0	0.0	4.5296e-06	0.0	0.00046654899999999997	0.00226933	1.3588800000000001e-05	0.00014947700000000002	0.000303483	0.0013452899999999999	0.00101916	0.0021243800000000004	0.00480138	0.00142229	0.00104181	4.5296e-06	0.000289894	4.5296e-05	0.000190243	0.00386828	7.24736e-05	0.000575259	7.70032e-05	0.000516374	0.000824387	0.00199755	0.000643203	0.0007700319999999999	0.000371427	0.00117317	0.000430312	0.00137247	0.000425782	0.0034334400000000003	0.00225574	0.00249581	0.0032567799999999995	0.00462472	0.00257734	0.0025456299999999997	3.17072e-05	0.000122299	7.70032e-05	2.2648e-05	0.00011324	0.00011776999999999999	9.51216e-05	2.7177600000000002e-05	4.5296e-05	0.00046201900000000004	3.62368e-05	6.7944e-05	0.00100104	4.5296e-05	0.00110522	0.000176654	9.0592e-06	0.00015400600000000002	0.0	0.0008742129999999999	0.000317072	0.000543552	0.00592019	0.000212891	0.003945280000000001	0.0	0.00422159	0.0
Tbi-CJos_008_Ex1_L4_fastp	0.07039150000000001	0.0830968	0.0106459	0.0	0.006773	0.0	0.0	3.671e-06	3.671e-05	0.00019089200000000001	0.0	0.0	0.0	0.0	0.0	0.0	0.0	0.0	0.00012114299999999999	0.0	0.0	0.0	0.0	0.0	0.0	0.0	0.0	0.0	0.000308364	3.671e-06	1.4684e-05	1.8355e-05	0.0	6.60781e-05	1.4684e-05	0.000414823	0.0	9.91171e-05	8.076209999999999e-05	7.34201e-06	0.0	0.0	0.0	0.0	1.8355e-05	0.0	0.0	9.17751e-05	9.17751e-05	4.0381e-05	1.4684e-05	2.5697e-05	2.2026e-05	5.1394e-05	5.5064999999999995e-05	0.00011012999999999999	0.0056570200000000005	0.0006314129999999999	0.00439052	3.671e-06	0.00168499	0.000524953	0.0	0.00019823399999999999	0.00232007	0.0	0.0	3.671e-06	7.34201e-06	0.00110497	0.0	7.34201e-06	0.00025329899999999996	5.5064999999999995e-05	0.00114535	2.9368e-05	0.0	0.0	0.0	7.34201e-06	0.0	0.0010278800000000001	0.0	3.671e-06	0.0	0.0	0.000594702	0.00227602	1.4684e-05	0.000172537	0.000337732	0.00145372	0.00107193	0.0021108299999999997	0.00518713	0.0015418200000000002	0.00105725	3.671e-06	0.000271654	3.3039e-05	0.00020190500000000003	0.0038618999999999997	6.60781e-05	0.00058736	0.00011012999999999999	0.000609386	0.000899396	0.00209981	0.000704833	0.000928764	0.000499256	0.00125548	0.000407481	0.0014426999999999999	0.000473559	0.00355353	0.0024302	0.0024816	0.0034984699999999996	0.00500358	0.00264679	0.00269819	2.2026e-05	0.00014316899999999998	8.076209999999999e-05	2.5697e-05	0.00012848500000000001	0.000154182	0.000132156	1.8355e-05	4.4052e-05	0.00047723	5.1394e-05	4.4052e-05	0.00111966	6.974909999999999e-05	0.00115269	0.00016519499999999998	1.1013e-05	0.000172537	0.0	0.0008663570000000001	0.000433178	0.0005543210000000001	0.00626273	0.00022393100000000002	0.00401608	0.0	0.0043171	0.0
Tbi-CJos_009_Ex1_L4_fastp	0.0700891	0.084427	0.0107706	0.0	0.00683629	0.0	0.0	2.86757e-06	4.30135e-05	0.000154849	0.0	0.0	0.0	0.0	0.0	0.0	0.0	0.0	0.000103233	0.0	0.0	0.0	0.0	0.0	0.0	0.0	8.60271e-06	0.0	0.000292492	8.60271e-06	8.60271e-06	3.15433e-05	5.73514e-06	6.595409999999999e-05	1.7205400000000003e-05	0.000441606	1.1470300000000001e-05	0.000131908	7.45568e-05	1.43378e-05	0.0	2.86757e-06	0.0	0.0	2.0073e-05	0.0	0.0	9.17622e-05	6.595409999999999e-05	6.595409999999999e-05	1.43378e-05	3.72784e-05	3.72784e-05	7.74244e-05	3.72784e-05	9.462979999999999e-05	0.0057724199999999995	0.000650938	0.00439885	1.7205400000000003e-05	0.0016259100000000002	0.00049609	8.60271e-06	0.000183524	0.00232273	0.0	2.86757e-06	0.0	5.73514e-06	0.00100938	0.0	5.73514e-06	0.00021506799999999998	5.44838e-05	0.00108107	1.7205400000000003e-05	0.0	2.86757e-06	0.0	1.1470300000000001e-05	0.0	0.00103519	0.0	2.86757e-06	1.43378e-05	0.0	0.000524765	0.0022739799999999997	3.15433e-05	0.00015771600000000002	0.00030683	0.00134202	0.00102659	0.0021764899999999997	0.00497237	0.0013592300000000001	0.00100938	0.0	0.00023227300000000002	2.8675699999999997e-05	0.000186392	0.00399452	0.000103233	0.0005505730000000001	0.000129041	0.00051903	0.000722628	0.00199296	0.000665276	0.000868874	0.000404327	0.00121298	0.000404327	0.00131621	0.0004244	0.0034927	0.002317	0.00249765	0.0034898299999999998	0.004814649999999999	0.0025406699999999996	0.00261522	2.2940600000000002e-05	0.00012043799999999999	0.00012330499999999999	2.0073e-05	0.000143378	0.000163451	0.00012043799999999999	2.0073e-05	5.7351399999999994e-05	0.000493222	5.44838e-05	6.0218999999999994e-05	0.00107534	7.16892e-05	0.00114416	0.000154849	2.0073e-05	0.000154849	2.86757e-06	0.0008459329999999999	0.000332638	0.000541971	0.00617388	0.00024087599999999998	0.0040146	0.0	0.0043386300000000004	0.0
Tbi-CJos_010_Ex1_L4_fastp	0.0694236	0.0818801	0.0109135	0.0	0.00636955	0.0	0.0	8.971189999999999e-06	4.4856e-05	0.000188395	0.0	0.0	0.0	0.0	0.0	0.0	0.0	0.0	8.07407e-05	0.0	0.0	0.0	0.0	0.0	0.0	0.0	0.0	0.0	0.000300535	4.4856e-06	2.2428e-05	1.79424e-05	0.0	6.27983e-05	8.971189999999999e-06	0.000403704	4.4856e-06	0.00011214	6.27983e-05	8.971189999999999e-06	0.0	0.0	0.0	0.0	8.971189999999999e-06	0.0	0.0	7.62551e-05	0.000121111	5.3827100000000005e-05	1.34568e-05	3.13992e-05	1.79424e-05	7.62551e-05	5.3827100000000005e-05	0.00011214	0.00540963	0.000596584	0.00408189	2.2428e-05	0.00149819	0.000515843	4.4856e-06	0.000188395	0.0021037399999999998	0.0	0.0	4.4856e-06	8.971189999999999e-06	0.000901605	0.0	4.4856e-06	0.000206337	7.62551e-05	0.0009105760000000001	8.971189999999999e-06	0.0	4.4856e-06	0.0	8.971189999999999e-06	0.0	0.0008477780000000001	0.0	0.0	8.971189999999999e-06	0.0	0.0004889299999999999	0.00213963	1.34568e-05	0.000179424	0.000381276	0.0013187700000000001	0.0010361699999999999	0.00194675	0.00444971	0.0013770800000000001	0.0009240330000000001	4.4856e-06	0.000260165	1.79424e-05	0.000197366	0.00360193	9.41975e-05	0.000605555	0.000130082	0.000511358	0.000829835	0.0018794600000000001	0.000654897	0.0008029220000000001	0.00047995899999999996	0.00120663	0.000412675	0.00117523	0.0004889299999999999	0.00318926	0.00215757	0.0022203699999999997	0.0030008599999999997	0.00436448	0.00229662	0.00238185	3.58848e-05	0.000139053	0.000121111	2.2428e-05	0.000188395	0.000143539	0.00014802499999999998	8.971189999999999e-06	4.93416e-05	0.000372304	5.8312699999999995e-05	5.3827100000000005e-05	0.00082535	5.8312699999999995e-05	0.0009599170000000001	0.000143539	8.971189999999999e-06	0.000170453	0.0	0.000843292	0.000399218	0.0005293	0.00549485	0.000219794	0.0038755499999999997	0.0	0.00408638	0.0
Tbi-CJos_011_Ex1_L4_fastp	0.0695953	0.0838527	0.010801700000000001	0.0	0.00654124	0.0	0.0	0.0	6.455170000000001e-05	0.000159228	0.0	0.0	0.0	0.0	0.0	0.0	0.0	0.0	0.000129103	0.0	0.0	0.0	0.0	0.0	0.0	0.0	0.0	0.0	0.000228083	4.30345e-06	1.2910299999999999e-05	1.2910299999999999e-05	0.0	5.16414e-05	1.72138e-05	0.000344276	0.0	0.00010328300000000001	7.315860000000001e-05	0.0	0.0	0.0	0.0	0.0	2.1517199999999998e-05	0.0	0.0	6.455170000000001e-05	8.176550000000001e-05	6.455170000000001e-05	0.0	2.58207e-05	2.1517199999999998e-05	3.8731e-05	6.0248300000000004e-05	5.594480000000001e-05	0.005280330000000001	0.000593876	0.00410549	1.2910299999999999e-05	0.00142874	0.00045616499999999997	0.0	0.000180745	0.00204414	0.0	0.0	4.30345e-06	0.0	0.000968276	0.0	0.0	0.000210869	3.01241e-05	0.00089942	0.0	0.0	0.0	0.0	8.60689e-06	0.0	0.0008262619999999999	0.0	0.0	8.60689e-06	0.0	0.000460469	0.0020398300000000003	8.60689e-06	0.000142014	0.00033566900000000003	0.00130825	0.00109308	0.00213451	0.00506085	0.00139001	0.0009467579999999999	0.0	0.000301241	1.72138e-05	0.000206565	0.00352022	9.037240000000001e-05	0.000568055	0.00011189	0.0004992	0.000809048	0.00198389	0.000710069	0.000809048	0.000438952	0.00129534	0.000451862	0.0013168499999999998	0.0004992	0.0032490999999999996	0.00233677	0.00235829	0.00338681	0.00488011	0.00254764	0.00231525	2.58207e-05	0.000120497	0.00013770999999999998	2.58207e-05	0.00013340700000000002	0.000159228	0.000146317	3.01241e-05	5.16414e-05	0.000404524	3.8731e-05	6.88551e-05	0.000860689	6.88551e-05	0.00088651	0.000172138	3.44276e-05	0.000167834	0.0	0.0008262619999999999	0.000404524	0.0005422339999999999	0.0058656	0.00023669	0.0037267800000000003	0.0	0.00397208	0.0
Tbi-CJos_012_Ex1_L4_fastp	0.0703382	0.0841911	0.0109039	0.0	0.0066073	0.0	0.0	1.7095200000000002e-05	3.4190400000000004e-05	0.000151008	0.0	0.0	0.0	0.0	0.0	0.0	0.0	0.0	0.00010542	0.0	0.0	0.0	0.0	0.0	0.0	0.0	0.0	0.0	0.000276373	5.6984e-06	1.13968e-05	1.13968e-05	0.0	5.12856e-05	2.56428e-05	0.00042453099999999996	0.0	0.000119666	6.553160000000001e-05	1.9944399999999998e-05	0.0	0.0	0.0	0.0	2.27936e-05	0.0	0.0	0.00011681699999999999	9.687290000000001e-05	6.838080000000001e-05	0.0	3.4190400000000004e-05	2.8491999999999998e-05	7.977759999999999e-05	4.55872e-05	0.00010827	0.00559298	0.000604031	0.00432509	2.27936e-05	0.00151862	0.000555594	0.0	0.000222238	0.00216539	0.0	0.0	5.6984e-06	5.6984e-06	0.00109979	0.0	2.8492e-06	0.000282071	0.000102571	0.0010713	8.547600000000001e-06	0.0	0.0	0.0	1.13968e-05	0.0	0.000945935	0.0	5.6984e-06	8.547600000000001e-06	0.0	0.000592634	0.00226796	1.13968e-05	0.000153857	0.000287769	0.00139326	0.00101716	0.00204288	0.00495476	0.0014417	0.000971578	2.8492e-06	0.000279222	3.70396e-05	0.000173801	0.0037410000000000004	9.972209999999998e-05	0.000615428	0.00010827	0.0005698400000000001	0.000851911	0.00206282	0.000686658	0.000829118	0.00045587199999999996	0.0012394	0.00045017399999999996	0.00140466	0.000444475	0.00345038	0.00237908	0.00247026	0.0033991	0.00488638	0.00257283	0.00258138	2.8491999999999998e-05	0.000173801	0.00011396799999999999	1.9944399999999998e-05	0.000162404	0.000136762	0.000122516	8.547600000000001e-06	4.84364e-05	0.000490063	7.123000000000001e-05	4.55872e-05	0.00102856	8.5476e-05	0.00102001	0.000156706	8.547600000000001e-06	0.000159555	0.0	0.0008946490000000001	0.00039319	0.000541348	0.00602606	0.000222238	0.00394899	0.0	0.00421112	0.0
Tbi-CJos_013_Ex1_L4_fastp	0.07000630000000001	0.0832999	0.0108885	0.0	0.00661708	0.0	0.0	2.37739e-05	5.15102e-05	0.000190191	0.0	0.0	0.0	0.0	0.0	0.0	0.0	0.0	5.54725e-05	0.0	0.0	0.0	0.0	0.0	0.0	0.0	3.96232e-06	0.0	0.000289249	1.5849299999999997e-05	2.77362e-05	3.96232e-05	0.0	8.32087e-05	1.5849299999999997e-05	0.000479441	1.1887e-05	0.00010698300000000002	9.113340000000001e-05	1.1887e-05	0.0	0.0	0.0	0.0	7.92464e-06	0.0	0.0	8.32087e-05	9.113340000000001e-05	5.15102e-05	3.96232e-06	5.15102e-05	3.1698599999999995e-05	7.132179999999999e-05	6.339710000000001e-05	9.9058e-05	0.00557895	0.000641896	0.00439025	1.5849299999999997e-05	0.00156512	0.000447742	3.96232e-06	0.000198116	0.00222286	0.0	0.0	0.0	0.0	0.000943032	0.0	3.96232e-06	0.000174342	5.15102e-05	0.00099058	3.5660899999999996e-05	0.0	3.96232e-06	0.0	0.0	0.0	0.0009509570000000001	0.0	0.0	0.0	0.0	0.000479441	0.00213569	1.5849299999999997e-05	0.000142644	0.000297174	0.0012758700000000001	0.00104209	0.00214362	0.0049568599999999996	0.00141059	0.0009469950000000001	0.0	0.000257551	3.5660899999999996e-05	0.000178304	0.0038157200000000003	6.339710000000001e-05	0.0005349129999999999	7.92464e-05	0.0005468	0.000744916	0.00189003	0.000657745	0.0008241629999999999	0.000400194	0.00122039	0.000372458	0.00126002	0.000416044	0.00330458	0.00221098	0.0023377700000000003	0.0032372200000000003	0.004873659999999999	0.00250022	0.00245268	3.5660899999999996e-05	0.000134719	0.00011490699999999999	1.5849299999999997e-05	0.00012283200000000002	0.00010301999999999999	0.000142644	1.98116e-05	5.15102e-05	0.00042000600000000006	3.96232e-05	5.15102e-05	0.000958882	5.54725e-05	0.00104605	0.000134719	1.1887e-05	0.000158493	0.0	0.000776615	0.000344722	0.0005190640000000001	0.00597122	0.000190191	0.00396232	0.0	0.0042595	0.0
Tbi-CJos_014_Ex1_L4_fastp	0.07006949999999999	0.08236199999999999	0.0105981	0.0	0.006720520000000001	0.0	0.0	2.37306e-06	4.03421e-05	0.000156622	0.0	0.0	0.0	0.0	0.0	0.0	0.0	0.0	7.3565e-05	0.0	0.0	0.0	0.0	0.0	0.0	0.0	0.0	0.0	0.00030375199999999996	1.8984499999999998e-05	1.8984499999999998e-05	3.32229e-05	0.0	6.64458e-05	1.18653e-05	0.00047935900000000006	7.1191900000000005e-06	0.000130519	9.25495e-05	1.42384e-05	0.0	0.0	0.0	0.0	2.84768e-05	0.0	0.0	5.93266e-05	0.00013763799999999999	5.69536e-05	1.42384e-05	6.16997e-05	1.18653e-05	9.729569999999999e-05	6.88189e-05	0.00013763799999999999	0.0056241600000000004	0.000709546	0.0044139	1.6611500000000002e-05	0.00151164	0.000586147	0.0	0.000192218	0.0022425500000000003	0.0	0.0	2.37306e-06	4.74613e-06	0.000946853	0.0	4.74613e-06	0.000234933	7.83111e-05	0.00101093	9.49226e-06	0.0	4.74613e-06	0.0	2.37306e-06	0.0	0.0009539719999999999	0.0	0.0	1.6611500000000002e-05	0.0	0.000519701	0.00218085	4.74613e-06	0.00014713	0.000320364	0.00125535	0.000980076	0.0020337199999999997	0.004905130000000001	0.00138587	0.0009919409999999999	2.37306e-06	0.000256291	4.03421e-05	0.000201711	0.00379928	9.017649999999999e-05	0.000574282	0.00010678800000000001	0.000564789	0.000787858	0.00185336	0.000659712	0.000806842	0.000417659	0.00115806	0.000431898	0.00120789	0.000436644	0.00326059	0.0021238900000000002	0.00232798	0.00320838	0.00472715	0.00238493	0.00241341	2.61037e-05	0.000130519	0.000113907	1.8984499999999998e-05	0.000149503	0.00011153399999999999	0.000121026	1.8984499999999998e-05	4.50882e-05	0.000436644	5.45805e-05	6.64458e-05	0.0009136299999999999	5.45805e-05	0.000946853	0.000149503	1.42384e-05	0.000166115	0.0	0.000806842	0.000367825	0.000536313	0.00577129	0.000204084	0.00396302	0.0	0.00438542	0.0
Tbi-CJos_015_Ex1_L4_fastp	0.07059739999999999	0.08247629999999999	0.0108911	0.0	0.00689338	0.0	0.0	1.03973e-05	3.6390399999999996e-05	0.000202747	0.0	0.0	0.0	0.0	0.0	0.0	0.0	0.0	0.00011436999999999999	0.0	0.0	0.0	0.0	0.0	0.0	0.0	1.55959e-05	0.0	0.000275527	3.6390399999999996e-05	3.6390399999999996e-05	3.11918e-05	5.19863e-06	8.837669999999999e-05	3.11918e-05	0.00040549300000000004	5.19863e-06	0.000129966	9.35754e-05	3.11918e-05	0.0	0.0	0.0	0.0	1.55959e-05	0.0	0.0	0.000129966	0.00010917099999999999	4.67877e-05	2.07945e-05	3.6390399999999996e-05	2.5993199999999997e-05	7.79795e-05	4.1589e-05	0.00010397299999999999	0.00578608	0.000639432	0.00449162	3.6390399999999996e-05	0.0016011800000000002	0.00049387	0.0	0.000187151	0.00230819	0.0	0.0	5.19863e-06	1.03973e-05	0.0009513490000000001	0.0	5.19863e-06	0.00022873999999999998	5.7184899999999995e-05	0.0011229	2.07945e-05	0.0	1.55959e-05	5.19863e-06	5.19863e-06	0.0	0.00103453	0.0	5.19863e-06	1.55959e-05	0.0	0.000556253	0.0022926	5.19863e-06	0.000187151	0.00034311	0.00122688	0.000992938	0.00196508	0.0049439	0.00134645	0.000992938	0.0	0.000306719	2.07945e-05	0.000187151	0.00383659	0.00011956899999999999	0.0005718489999999999	0.00010397299999999999	0.0005406580000000001	0.000784993	0.00187151	0.000670623	0.000779795	0.000483473	0.0011229	0.000436685	0.00127366	0.000509466	0.0033999	0.00221462	0.00229779	0.0032335500000000004	0.00486072	0.0023965699999999998	0.00241216	4.1589e-05	0.000166356	0.00011436999999999999	4.67877e-05	0.00015076	0.000145562	0.000171555	2.5993199999999997e-05	4.67877e-05	0.000426288	7.278079999999999e-05	5.19863e-05	0.00100334	7.278079999999999e-05	0.00109691	0.000187151	1.55959e-05	0.00013516399999999998	5.19863e-06	0.0008577740000000001	0.00040549300000000004	0.00053026	0.00597843	0.000259932	0.0041589	0.0	0.00445003	0.0
Tbi-CJos_016_Ex1_L4_fastp	0.0689877	0.0833759	0.0109602	0.0	0.006504589999999999	0.0	0.0	1.3009199999999999e-05	5.2036799999999996e-05	0.000188633	0.0	0.0	0.0	0.0	0.0	0.0	0.0	0.0	5.2036799999999996e-05	0.0	0.0	0.0	0.0	0.0	0.0	0.0	6.50459e-06	0.0	0.00025367900000000004	1.3009199999999999e-05	4.55322e-05	1.95138e-05	6.50459e-06	7.80551e-05	1.95138e-05	0.00040328499999999997	6.50459e-06	0.00010407400000000001	0.00010407400000000001	6.50459e-06	0.0	0.0	0.0	0.0	0.0	0.0	0.0	0.000110578	0.000117083	5.2036799999999996e-05	6.50459e-06	5.8541299999999995e-05	1.95138e-05	6.50459e-05	5.2036799999999996e-05	0.00010407400000000001	0.0052036800000000005	0.000630946	0.00403285	6.50459e-06	0.00142451	0.000539881	0.0	0.000182129	0.0020749699999999998	0.0	0.0	0.0	0.0	0.000930157	0.0	1.3009199999999999e-05	0.000169119	7.80551e-05	0.0009041390000000001	0.0	0.0	6.50459e-06	6.50459e-06	0.0	0.0	0.000897634	0.0	6.50459e-06	0.0	0.0	0.000455322	0.00201642	6.50459e-06	0.000169119	0.000279698	0.0014375199999999999	0.00110578	0.0021205	0.0049565	0.00145052	0.00106025	6.50459e-06	0.000273193	2.6018399999999998e-05	0.000169119	0.0034539399999999995	7.80551e-05	0.0005789090000000001	8.45597e-05	0.000552891	0.000897634	0.00204895	0.000709001	0.00087812	0.00042930299999999997	0.00126189	0.00048134	0.00133344	0.000494349	0.00324579	0.0022636	0.00238068	0.0033303499999999997	0.0049760099999999995	0.00251077	0.0024132	3.90276e-05	0.00016261500000000001	9.10643e-05	1.3009199999999999e-05	0.000175624	0.00015611	0.000188633	4.55322e-05	4.55322e-05	0.000448817	7.80551e-05	0.00010407400000000001	0.000845597	3.2523e-05	0.000930157	0.00015611	0.0	0.000169119	0.0	0.0009236520000000001	0.00039678000000000006	0.000611432	0.00553541	0.000227661	0.00351248	0.0	0.0038247000000000003	0.0
Tbi-CJos_017_Ex1_L4_fastp	0.0698705	0.0828126	0.0106526	0.0	0.00663529	0.0	0.0	4.75989e-06	6.66385e-05	0.000166596	0.0	0.0	0.0	0.0	0.0	0.0	0.0	0.0	0.000104718	0.0	0.0	0.0	0.0	0.0	0.0	0.0	4.75989e-06	0.0	0.00033319299999999997	4.75989e-06	4.75989e-06	2.37995e-05	4.75989e-06	5.71187e-05	9.51979e-06	0.00045695	9.51979e-06	0.000138037	4.7598899999999996e-05	1.42797e-05	0.0	0.0	0.0	0.0	1.42797e-05	0.0	0.0	7.139840000000001e-05	0.000104718	4.28391e-05	9.51979e-06	2.85594e-05	2.85594e-05	0.000104718	5.71187e-05	9.51979e-05	0.00584515	0.000694945	0.0043695800000000005	1.42797e-05	0.0014708100000000001	0.00044742999999999996	0.0	0.00014755699999999998	0.00213719	0.0	0.0	9.51979e-06	4.75989e-06	0.0009424590000000001	0.0	4.75989e-06	0.000218955	5.2358800000000004e-05	0.000932939	9.51979e-06	0.0	9.51979e-06	4.75989e-06	4.75989e-06	0.0	0.000971019	0.0	0.0	4.75989e-06	0.0	0.000495029	0.00214671	1.42797e-05	0.000166596	0.000304633	0.0013708499999999998	0.00109002	0.00214195	0.0046647	0.00146605	0.0010567	0.0	0.000257034	4.7598899999999996e-05	0.00017611599999999998	0.0037270000000000003	0.000128517	0.000561668	0.00011423700000000001	0.000599747	0.0009091400000000001	0.0020039199999999997	0.000675905	0.0008377409999999999	0.000399831	0.00124233	0.000414111	0.00131849	0.00042839099999999997	0.00335097	0.00227999	0.00241327	0.0032938500000000005	0.0046647	0.00253702	0.0024989400000000003	2.85594e-05	0.00014755699999999998	0.000123757	1.90396e-05	0.00017611599999999998	0.00018087599999999998	0.000204675	3.33193e-05	3.33193e-05	0.00045219	5.71187e-05	0.000118997	0.0008853400000000001	6.66385e-05	0.0009234200000000001	0.000161836	1.90396e-05	0.000185636	0.0	0.000847261	0.000414111	0.000571187	0.005907030000000001	0.000237995	0.00393167	0.0	0.00426963	0.0
Tbi-CJos_018_Ex1_L4_fastp	0.0705005	0.0850781	0.0110351	0.0	0.00628914	0.0	0.0	9.70547e-06	2.91164e-05	0.000155287	0.0	0.0	0.0	0.0	0.0	0.0	0.0	0.0	6.793829999999999e-05	0.0	0.0	0.0	0.0	0.0	0.0	0.0	0.0	0.0	0.00028145899999999996	1.94109e-05	0.0	9.70547e-06	0.0	5.82328e-05	9.70547e-06	0.000446452	0.0	0.000126171	6.793829999999999e-05	1.94109e-05	0.0	0.0	0.0	0.0	0.0	0.0	0.0	7.76437e-05	0.00013587700000000001	5.82328e-05	0.0	5.82328e-05	9.70547e-06	8.73492e-05	5.82328e-05	0.00010676	0.00595916	0.000689088	0.00482362	1.94109e-05	0.00172757	0.000533801	0.0	0.00018440400000000002	0.00245548	0.0	0.0	1.94109e-05	0.0	0.00094143	0.0	0.0	0.000194109	5.82328e-05	0.0010093699999999999	2.91164e-05	0.0	0.0	0.0	0.0	0.0	0.000980252	0.0	0.0	9.70547e-06	0.0	0.000446452	0.00228079	9.70547e-06	0.00017469800000000001	0.000310575	0.00133935	0.00108701	0.0020381500000000003	0.00464892	0.00140729	0.0009220189999999999	0.0	0.000252342	1.94109e-05	0.000155287	0.00399865	7.76437e-05	0.000562917	7.76437e-05	0.0005435059999999999	0.0007376160000000001	0.00186345	0.000582328	0.000757027	0.000339691	0.00104819	0.000329986	0.0012423	0.00032028	0.00338721	0.00220314	0.00237784	0.00326104	0.0045712800000000005	0.0024846	0.0025331299999999998	9.70547e-06	0.000164993	9.70547e-05	9.70547e-06	9.70547e-05	0.00013587700000000001	0.000155287	1.94109e-05	3.88219e-05	0.000494979	6.793829999999999e-05	7.76437e-05	0.0010579	3.88219e-05	0.00109672	0.000203815	9.70547e-06	0.00013587700000000001	0.0	0.000708499	0.00037851299999999997	0.00047556800000000005	0.00582328	0.000194109	0.00437717	0.0	0.00460039	0.0
Tbi-CJos_020_Ex1_L4_fastp	0.0702114	0.082763	0.0106684	0.0	0.00678982	0.0	0.0	1.86919e-05	4.20567e-05	0.000182246	0.0	0.0	0.0	0.0	0.0	0.0	0.0	0.0	0.000112151	0.0	0.0	0.0	0.0	0.0	0.0	0.0	0.0	0.0	0.000294397	9.34594e-06	1.40189e-05	9.34594e-06	0.0	7.00945e-05	1.86919e-05	0.000387856	0.0	7.47675e-05	6.07486e-05	4.67297e-06	0.0	0.0	0.0	0.0	1.86919e-05	0.0	0.0	0.000102805	8.87864e-05	5.1402699999999995e-05	4.67297e-06	2.33648e-05	9.34594e-06	7.00945e-05	3.73838e-05	9.813230000000001e-05	0.00566364	0.000635524	0.0043038	1.86919e-05	0.0015327300000000002	0.000542064	0.0	0.00024766699999999997	0.00216826	0.0	0.0	0.0	4.67297e-06	0.00105142	0.0	9.34594e-06	0.000271032	8.87864e-05	0.0009859959999999998	4.67297e-06	0.0	0.0	0.0	0.0	0.0	0.000953286	0.0	0.0	9.34594e-06	0.0	0.000542064	0.00218695	2.33648e-05	0.000154208	0.000355146	0.0014719899999999998	0.0011589	0.00225704	0.00505615	0.0015514300000000001	0.0010888	0.0	0.000313089	5.60756e-05	0.000224303	0.00362155	0.000102805	0.000658889	0.000144862	0.000626178	0.0009018829999999999	0.00223368	0.000700945	0.000883191	0.000448605	0.00138787	0.00042524	0.0014345999999999999	0.00047197	0.00351407	0.0024019099999999997	0.00250471	0.00345332	0.0049112900000000004	0.00271032	0.00262621	4.20567e-05	0.000154208	0.000149535	3.73838e-05	0.000186919	0.00019626500000000002	0.000149535	3.73838e-05	7.94405e-05	0.000537391	7.47675e-05	7.00945e-05	0.00102338	6.07486e-05	0.00103273	0.000205611	1.40189e-05	0.000205611	0.0	0.0009065560000000001	0.000434586	0.000668235	0.00601878	0.00025234	0.00396735	0.0	0.00429446	0.0
Tbi-CJos_022_Ex1_L4_fastp	0.0706359	0.083581	0.0109295	0.0	0.006711010000000001	0.0	0.0	3.4065999999999995e-05	5.67767e-05	0.000153297	0.0	0.0	0.0	0.0	0.0	0.0	0.0	0.0	5.10991e-05	0.0	0.0	0.0	0.0	0.0	0.0	0.0	1.13553e-05	0.0	0.000295239	1.7032999999999998e-05	2.27107e-05	3.4065999999999995e-05	0.0	4.54214e-05	2.27107e-05	0.00041447	1.13553e-05	8.51651e-05	3.9743700000000004e-05	1.7032999999999998e-05	0.0	0.0	0.0	0.0	2.27107e-05	0.0	0.0	7.948740000000001e-05	8.51651e-05	6.24544e-05	1.7032999999999998e-05	3.9743700000000004e-05	3.9743700000000004e-05	6.81321e-05	3.9743700000000004e-05	0.000102198	0.005666320000000001	0.0005166680000000001	0.0043491	2.27107e-05	0.00155568	0.000482602	0.0	0.00022710700000000002	0.00222565	0.0	0.0	0.0	5.67767e-06	0.0010617200000000002	0.0	5.67767e-06	0.000232785	7.948740000000001e-05	0.0010674	1.7032999999999998e-05	0.0	0.0	0.0	0.0	0.0	0.0009935929999999999	0.0	0.0	1.13553e-05	0.0	0.000499635	0.0022597100000000003	3.4065999999999995e-05	0.00021007399999999998	0.000357693	0.00135696	0.00102198	0.0021234500000000003	0.00499635	0.00143077	0.00102198	0.0	0.00026685099999999997	4.54214e-05	0.00017600799999999999	0.00388921	0.000102198	0.000579123	9.08428e-05	0.000522346	0.000783519	0.0020780300000000002	0.000681321	0.000834618	0.00043718100000000003	0.00116392	0.000425825	0.00138535	0.00046556900000000004	0.0034690600000000004	0.0023392	0.00237894	0.0032873699999999995	0.0047862799999999995	0.0025436	0.00248114	5.67767e-06	0.000164653	9.08428e-05	5.67767e-06	0.000124909	0.000164653	0.000141942	1.7032999999999998e-05	6.24544e-05	0.0005166680000000001	5.67767e-05	4.54214e-05	0.00099927	5.67767e-05	0.00099927	0.000147619	1.7032999999999998e-05	0.00013626399999999998	0.0	0.0009027499999999999	0.000386082	0.0005337009999999999	0.0060013	0.000232785	0.0038835299999999996	0.0	0.00418444	0.0
Tbi-CJos_023_Ex1_L4_fastp	0.0701087	0.0829214	0.0106563	0.0	0.006740240000000001	0.0	0.0	3.9278799999999996e-06	6.28461e-05	0.00019246600000000002	0.0	0.0	0.0	0.0	0.0	0.0	0.0	0.0	7.85576e-05	0.0	0.0	0.0	0.0	0.0	0.0	0.0	0.0	0.0	0.00031423	1.96394e-05	3.9278799999999996e-06	1.57115e-05	0.0	5.49903e-05	2.35673e-05	0.000498841	7.855759999999999e-06	0.00010998100000000002	6.67739e-05	1.57115e-05	0.0	0.0	0.0	0.0	1.17836e-05	0.0	0.0	9.42691e-05	0.00012176400000000001	2.7495099999999997e-05	3.9278799999999996e-06	3.1423e-05	3.1423e-05	7.07018e-05	5.89182e-05	0.000117836	0.00588003	0.000671667	0.00469381	3.53509e-05	0.0015672199999999998	0.000553831	0.0	0.000180682	0.00233316	0.0	0.0	3.9278799999999996e-06	7.855759999999999e-06	0.000993753	0.0	3.9278799999999996e-06	0.000227817	5.89182e-05	0.00106446	3.9278799999999996e-06	0.0	3.9278799999999996e-06	0.0	7.855759999999999e-06	0.0	0.000989825	0.0	0.0	3.9278799999999996e-06	0.0	0.000530264	0.00236458	3.9278799999999996e-06	0.000153187	0.00028673500000000004	0.00137476	0.00111945	0.00202679	0.004721309999999999	0.00146903	0.000993753	0.0	0.000282807	2.35673e-05	0.00017675499999999998	0.00403393	9.42691e-05	0.000600965	0.000113908	0.000604893	0.000836638	0.00197965	0.000671667	0.000856277	0.000459562	0.00120979	0.000396716	0.0013237000000000001	0.00044385	0.00342904	0.0021956799999999998	0.00233709	0.00323264	0.004611329999999999	0.0025295499999999998	0.00258062	2.7495099999999997e-05	0.00013354800000000002	0.00010998100000000002	1.96394e-05	0.00018461	0.000161043	0.00012176400000000001	2.35673e-05	4.71345e-05	0.000439922	5.89182e-05	4.71345e-05	0.000958402	7.07018e-05	0.000985897	0.000168899	3.9278799999999996e-06	0.000157115	0.0	0.0008052150000000001	0.000428139	0.000530264	0.00591931	0.00021210499999999998	0.00425389	0.0	0.00452884	0.0
Tbi-CJos_025_Ex1_L4_fastp	0.0708629	0.08323080000000001	0.010632599999999999	0.0	0.00710522	0.0	0.0	3.15507e-06	3.78608e-05	0.000192459	0.0	0.0	0.0	0.0	0.0	0.0	0.0	0.0	8.20318e-05	0.0	0.0	0.0	0.0	0.0	0.0	0.0	6.31014e-06	0.0	0.000328127	1.5775399999999998e-05	3.15507e-05	2.20855e-05	3.15507e-06	8.51869e-05	1.26203e-05	0.00047641599999999996	9.46521e-06	0.00015459799999999999	7.887680000000001e-05	1.26203e-05	0.0	0.0	0.0	0.0	1.5775399999999998e-05	0.0	0.0	6.94115e-05	0.00011042699999999999	5.6791300000000006e-05	9.46521e-06	3.15507e-05	3.4705799999999996e-05	6.31014e-05	5.99463e-05	0.00011989300000000001	0.00553084	0.000687805	0.00428143	1.89304e-05	0.00144818	0.000507966	3.15507e-06	0.000160909	0.00211705	0.0	0.0	0.0	6.31014e-06	0.0010569499999999999	0.0	0.0	0.000164064	5.04811e-05	0.000962296	9.46521e-06	0.0	3.15507e-06	3.15507e-06	9.46521e-06	0.0	0.000848714	0.0	9.46521e-06	1.89304e-05	0.0	0.000378608	0.00213283	1.89304e-05	0.00014197800000000002	0.00032497200000000003	0.00140716	0.00115791	0.00223379	0.00493138	0.00149235	0.00108534	3.15507e-06	0.000274491	5.36362e-05	0.0002177	0.00368828	0.000135668	0.000571068	0.00011042699999999999	0.000596308	0.000842404	0.00209812	0.000725666	0.000905505	0.00046695	0.00130935	0.00044802	0.00133459	0.00046379500000000003	0.00336331	0.0023315999999999996	0.00243887	0.00328443	0.00479886	0.00259662	0.00235684	3.78608e-05	0.00014197800000000002	0.00011673799999999999	3.4705799999999996e-05	0.00015459799999999999	0.000179839	0.000132513	6.31014e-06	5.04811e-05	0.00040384899999999996	7.887680000000001e-05	6.31014e-05	0.000839249	9.149700000000001e-05	0.000937056	0.000192459	1.26203e-05	0.000170374	0.0	0.00089604	0.00040384899999999996	0.000523742	0.00584635	0.00022401	0.0038681199999999996	0.0	0.00417731	0.0
Tbi-CJos_026_Ex1_L4_fastp	0.0702593	0.0822706	0.010461999999999999	0.0	0.00668258	0.0	0.0	0.0	6.76908e-05	0.000142903	0.0	0.0	0.0	0.0	0.0	0.0	0.0	0.0	0.000109057	0.0	0.0	0.0	0.0	0.0	0.0	0.0	3.7606e-06	0.0	0.000319651	1.12818e-05	1.8803e-05	4.1366600000000005e-05	3.7606e-06	5.6408999999999995e-05	1.50424e-05	0.00045127199999999996	3.7606e-06	0.00011657900000000001	7.89726e-05	1.50424e-05	0.0	0.0	0.0	0.0	7.5212e-06	0.0	0.0	0.000109057	0.00010529699999999999	3.00848e-05	0.0	1.12818e-05	1.50424e-05	7.89726e-05	4.51272e-05	0.00012033899999999999	0.00577252	0.000673147	0.00450144	2.25636e-05	0.0016320999999999998	0.000492638	0.0	0.000180509	0.0024443900000000003	0.0	0.0	3.7606e-06	0.0	0.0009702350000000001	0.0	0.0	0.00023315699999999998	6.01696e-05	0.0010680099999999999	0.0	0.0	7.5212e-06	0.0	1.12818e-05	0.0	0.00101912	0.0	3.7606e-06	0.0	0.0	0.000496399	0.0022902	2.25636e-05	0.000154185	0.000308369	0.00128236	0.0010304	0.0019066200000000001	0.004689469999999999	0.00142527	0.0009551920000000001	0.0	0.00032341199999999997	2.25636e-05	0.000244439	0.00401632	0.000131621	0.000620499	0.00012033899999999999	0.0005415260000000001	0.0007784440000000001	0.00190286	0.000737077	0.0008122890000000001	0.000496399	0.00120715	0.00045127199999999996	0.0013049300000000002	0.000481357	0.00347103	0.00216234	0.00222251	0.0031288200000000005	0.00450896	0.00234285	0.00257601	3.00848e-05	0.000142903	0.0001241	3.00848e-05	0.00020683300000000002	0.000172988	0.000142903	2.63242e-05	6.01696e-05	0.0005114410000000001	7.145139999999999e-05	6.39302e-05	0.0010454499999999999	6.39302e-05	0.0011056199999999999	0.000169227	1.50424e-05	0.000165466	0.0	0.0008837410000000001	0.000455032	0.000575372	0.00593799	0.000263242	0.00417803	0.0	0.00441118	0.0
Tbi-CJos_027_Ex1_L4_fastp	0.0707389	0.0825321	0.0107094	0.0	0.00689261	0.0	0.0	1.1952500000000001e-05	2.7889199999999997e-05	0.00011554100000000001	0.0	0.0	0.0	0.0	0.0	0.0	0.0	0.0	7.96834e-05	0.0	0.0	0.0	0.0	0.0	0.0	0.0	0.0	0.0	0.000314749	1.1952500000000001e-05	4.3825899999999997e-05	1.99208e-05	0.0	7.171510000000001e-05	3.18734e-05	0.000374512	1.1952500000000001e-05	9.56201e-05	5.5778399999999994e-05	3.9841699999999995e-06	0.0	0.0	0.0	0.0	7.968339999999999e-06	0.0	0.0	7.96834e-05	8.36676e-05	5.1794200000000006e-05	7.968339999999999e-06	1.59367e-05	3.58575e-05	6.77309e-05	3.18734e-05	7.56992e-05	0.00542644	0.000645435	0.00411565	2.3905000000000002e-05	0.00149008	0.00043029	0.0	0.000139446	0.00206778	0.0	0.0	3.9841699999999995e-06	0.0	0.000908391	0.0	3.9841699999999995e-06	0.00021116100000000002	3.98417e-05	0.000968153	3.9841699999999995e-06	0.0	7.968339999999999e-06	0.0	1.1952500000000001e-05	0.0	0.000952217	0.0	0.0	0.0	0.0	0.000502005	0.00215145	3.9841699999999995e-06	0.000159367	0.00029084399999999995	0.00129087	0.00101198	0.0018964600000000002	0.00464554	0.00133868	0.000972137	0.0	0.000254987	3.18734e-05	0.00020717699999999999	0.0036773899999999996	4.7810000000000005e-05	0.000537863	0.00011952499999999999	0.000517942	0.0008446440000000001	0.00188451	0.0006095779999999999	0.0008008179999999999	0.00042232200000000004	0.00115939	0.00038248000000000004	0.0012072	0.00043825900000000003	0.00325905	0.0020916899999999998	0.00225504	0.00313554	0.00450211	0.0023666	0.00244628	3.9841699999999995e-06	9.960419999999999e-05	8.76517e-05	7.968339999999999e-06	8.76517e-05	0.000123509	8.76517e-05	1.59367e-05	3.18734e-05	0.000358575	4.3825899999999997e-05	5.1794200000000006e-05	0.0008526119999999999	6.374669999999999e-05	0.00093628	0.000147414	1.59367e-05	0.00011952499999999999	3.9841699999999995e-06	0.0007968340000000001	0.000358575	0.000509974	0.00562166	0.00020717699999999999	0.0037889499999999997	0.0	0.00413158	3.9841699999999995e-06
Tbi-CJos_028_Ex1_L4_fastp	0.0697356	0.0840464	0.0107226	0.0	0.00676296	0.0	0.0	2.10247e-05	4.90577e-05	0.00021024699999999997	0.0	0.0	0.0	0.0	0.0	0.0	0.0	0.0	9.81155e-05	0.0	0.0	0.0	0.0	0.0	0.0	0.0	0.0	0.0	0.000308363	1.40165e-05	1.75206e-05	1.40165e-05	0.0	7.008249999999999e-05	1.05124e-05	0.00045203200000000005	0.0	0.000105124	5.95701e-05	3.50412e-06	0.0	0.0	0.0	0.0	1.05124e-05	0.0	0.0	0.00010862799999999999	9.81155e-05	6.65784e-05	1.05124e-05	4.90577e-05	3.50412e-05	4.5553600000000004e-05	5.2561899999999996e-05	9.46113e-05	0.00562762	0.000641255	0.00439417	7.00825e-06	0.00155583	0.0005045939999999999	3.50412e-06	0.000136661	0.00226366	0.0	0.0	3.50412e-06	3.50412e-06	0.00103021	0.0	3.50412e-06	0.00022076	5.95701e-05	0.00106525	0.0	0.0	3.50412e-06	0.0	7.00825e-06	0.0	0.0009145760000000001	0.0	0.0	1.05124e-05	0.0	0.000497586	0.00221811	3.50412e-06	0.000168198	0.0003399	0.00141567	0.0010897799999999998	0.00214803	0.00499338	0.00142267	0.00106525	0.0	0.000255801	4.20495e-05	0.000224264	0.00391761	9.81155e-05	0.000571172	0.00014016499999999998	0.000564164	0.000826973	0.0020639300000000003	0.0007043290000000001	0.0008479980000000001	0.000445024	0.00131054	0.000448528	0.00143669	0.00045203200000000005	0.0034760900000000003	0.00228469	0.00241785	0.0033779799999999996	0.00483569	0.00255801	0.00264912	2.10247e-05	0.000154181	0.000112132	2.8033e-05	0.000126148	0.000157686	0.000136661	1.05124e-05	2.8033e-05	0.00042750300000000003	5.6066e-05	7.008249999999999e-05	0.00100568	6.65784e-05	0.00107226	0.000154181	7.00825e-06	0.00013315699999999999	0.0	0.0009040640000000001	0.000371437	0.000557156	0.006051620000000001	0.000241785	0.0039947	0.0	0.0042505	3.50412e-06
Tbi-CJos_029_Ex1_L4_fastp	0.0705839	0.0837446	0.0106983	0.0	0.0066095500000000005	0.0	0.0	3.0742099999999996e-06	6.76326e-05	0.000172156	0.0	0.0	0.0	0.0	0.0	0.0	0.0	0.0	9.53005e-05	0.0	0.0	0.0	0.0	0.0	0.0	0.0	3.0742099999999996e-06	0.0	0.000270531	9.222629999999999e-06	9.222629999999999e-06	1.8445299999999998e-05	0.0	4.3039e-05	1.8445299999999998e-05	0.000473429	3.0742099999999996e-06	0.000132191	8.60779e-05	9.222629999999999e-06	0.0	0.0	0.0	0.0	2.76679e-05	0.0	0.0	0.00011682000000000001	0.000113746	4.61132e-05	3.0742099999999996e-06	3.38163e-05	2.76679e-05	9.22263e-05	3.68905e-05	0.000141414	0.00568422	0.000685549	0.00440534	1.8445299999999998e-05	0.00163241	0.000504171	0.0	0.00022134299999999998	0.00233025	0.0	0.0	0.0	1.2296799999999999e-05	0.00105138	0.0	9.222629999999999e-06	0.000212121	6.76326e-05	0.00105445	9.222629999999999e-06	0.0	6.148419999999999e-06	0.0	1.2296799999999999e-05	0.0	0.000983748	0.0	0.0	2.15195e-05	0.0	0.0005349129999999999	0.00225032	2.45937e-05	0.00019674999999999998	0.000338163	0.0014541	0.00111286	0.0021458000000000002	0.0051062600000000005	0.0014633200000000002	0.00111901	0.0	0.00028282700000000003	4.3039e-05	0.000218269	0.00395344	0.000110672	0.000627139	0.000122968	0.00064251	0.000965302	0.00208739	0.000750108	0.0009068920000000001	0.00045190899999999996	0.00131576	0.00047035400000000003	0.00148792	0.0005010959999999999	0.0035999	0.00237022	0.00250548	0.0034584900000000003	0.00498637	0.00259771	0.00258849	2.45937e-05	0.000153711	0.000156785	2.45937e-05	0.000169082	0.000172156	0.00011682000000000001	2.45937e-05	6.14842e-05	0.00045498299999999995	6.45584e-05	5.53358e-05	0.000999119	6.14842e-05	0.00104831	0.000169082	9.222629999999999e-06	0.000205972	6.148419999999999e-06	0.000873076	0.000411944	0.000574878	0.0062222	0.000224417	0.00408255	0.0	0.0042270400000000005	0.0
Tbi-CJos_030_Ex1_L4_fastp	0.0704938	0.0836167	0.0111523	0.0	0.00656146	0.0	0.0	1.72104e-05	3.87234e-05	0.000185012	0.0	0.0	0.0	0.0	0.0	0.0	0.0	0.0	0.00011186800000000001	0.0	0.0	0.0	0.0	0.0	0.0	0.0	4.3026e-06	0.0	0.000326998	4.3026e-06	1.72104e-05	1.72104e-05	0.0	5.5933799999999996e-05	2.1513e-05	0.00043026	1.2907800000000002e-05	9.89598e-05	9.89598e-05	8.6052e-06	0.0	0.0	0.0	0.0	2.1513e-05	0.0	0.0	0.000107565	0.000103262	4.3026e-05	8.6052e-06	1.72104e-05	2.1513e-05	6.4539e-05	6.88416e-05	0.00012047300000000001	0.0057783900000000004	0.000653995	0.00436284	1.2907800000000002e-05	0.00161347	0.000524917	4.3026e-06	0.00022373499999999997	0.00228038	0.0	0.0	4.3026e-06	0.0	0.00107995	0.0	0.0	0.00022803800000000001	5.163120000000001e-05	0.00108856	4.3026e-06	0.0	4.3026e-06	0.0	8.6052e-06	0.0	0.00101111	0.0	0.0	1.2907800000000002e-05	0.0	0.000559338	0.0023190999999999997	2.5815600000000004e-05	0.000189314	0.000361418	0.00143707	0.00109716	0.00219863	0.00484473	0.00155324	0.0011315799999999999	4.3026e-06	0.000352813	3.01182e-05	0.000253853	0.0037733800000000002	0.00012047300000000001	0.000641087	0.000146288	0.000610969	0.0008863359999999999	0.0020996699999999997	0.0008002840000000001	0.0009465719999999999	0.00047758899999999994	0.00133811	0.00045177300000000004	0.0014800899999999999	0.00052922	0.00361849	0.00228038	0.00246969	0.0033130000000000004	0.0047199500000000005	0.0026030700000000003	0.00273215	2.5815600000000004e-05	0.000172104	0.000124775	1.72104e-05	0.00015489399999999998	0.00019792	0.00015919599999999998	2.5815600000000004e-05	5.163120000000001e-05	0.000468983	9.89598e-05	6.02364e-05	0.00095948	7.31442e-05	0.000993901	0.00019361699999999999	1.72104e-05	0.000163499	0.0	0.000963782	0.00041735199999999996	0.000619574	0.00593329	0.00024094600000000002	0.00404014	0.0	0.00427248	0.0
Tbi-CJos_031_Ex1_L4_fastp	0.0706254	0.0820773	0.0109259	0.0	0.00670738	0.0	0.0	5.422300000000001e-06	6.506760000000001e-05	0.000157247	0.0	0.0	0.0	0.0	0.0	0.0	0.0	0.0	9.76014e-05	0.0	0.0	0.0	0.0	0.0	0.0	0.0	0.0	0.0	0.000368716	5.422300000000001e-06	5.422300000000001e-06	1.6266900000000002e-05	0.0	7.04899e-05	2.7111499999999996e-05	0.000558497	5.422300000000001e-06	9.217909999999999e-05	8.675680000000001e-05	5.422300000000001e-06	0.0	0.0	0.0	0.0	1.0844600000000001e-05	0.0	0.0	0.00011386800000000001	0.000119291	3.79561e-05	2.1689200000000002e-05	4.3378400000000005e-05	5.422299999999999e-05	9.217909999999999e-05	5.96453e-05	0.00014098	0.00578559	0.000748277	0.00450593	1.6266900000000002e-05	0.00153451	0.000585608	0.0	0.000206047	0.00224483	0.0	0.0	5.422300000000001e-06	5.422300000000001e-06	0.00102481	0.0	0.0	0.00021689199999999997	6.506760000000001e-05	0.00103024	2.1689200000000002e-05	0.0	5.422300000000001e-06	0.0	0.0	0.0	0.0008675679999999999	0.0	0.0	5.422300000000001e-06	0.0	0.000531385	0.00217434	5.422300000000001e-06	0.000200625	0.00033076	0.0014098	0.00110073	0.00220145	0.00493429	0.0015670400000000002	0.0010898799999999999	0.0	0.000281959	5.422299999999999e-05	0.00022773600000000003	0.00394201	9.217909999999999e-05	0.000488007	0.000162669	0.00066152	0.0008187670000000001	0.00212554	0.0007916549999999999	0.0008025	0.000466318	0.00124713	0.000493429	0.00149655	0.000460895	0.0034539999999999996	0.00236412	0.00258101	0.00347569	0.00493429	0.00266235	0.00259728	4.3378400000000005e-05	0.00014098	0.000151824	2.7111499999999996e-05	0.00018978000000000002	0.00021146999999999998	0.00017893599999999998	1.6266900000000002e-05	3.79561e-05	0.000509696	5.96453e-05	5.96453e-05	0.00106277	0.00010844599999999998	0.00110615	0.000200625	2.7111499999999996e-05	0.000184358	5.422300000000001e-06	0.0009326349999999999	0.00045005100000000003	0.000585608	0.00611635	0.000233159	0.00399081	0.0	0.00432157	1.0844600000000001e-05
Tbi-CJos_032_Ex1_L4_fastp	0.0700123	0.08264729999999999	0.0108176	0.0	0.006997349999999999	0.0	0.0	4.31669e-06	6.47503e-05	0.00014676699999999999	0.0	0.0	0.0	0.0	0.0	0.0	0.0	0.0	0.0001036	0.0	0.0	0.0	0.0	0.0	0.0	0.0	0.0	0.0	0.00019856800000000001	8.633369999999999e-06	2.15834e-05	1.2950099999999998e-05	0.0	5.61169e-05	2.59001e-05	0.000401452	4.31669e-06	9.92838e-05	8.2017e-05	0.0	0.0	0.0	0.0	0.0	1.2950099999999998e-05	0.0	0.0	7.77004e-05	7.338370000000001e-05	3.4533500000000004e-05	1.72667e-05	3.0216800000000002e-05	4.31669e-06	5.61169e-05	3.88502e-05	0.00011223400000000001	0.00557284	0.000587069	0.004390069999999999	4.31669e-06	0.00150652	0.00046620200000000003	4.31669e-06	0.000159717	0.00218856	0.0	0.0	4.31669e-06	0.0	0.0009712550000000001	0.0	4.31669e-06	0.000215834	5.61169e-05	0.0010101	1.72667e-05	0.0	4.31669e-06	0.0	4.31669e-06	0.0	0.000889237	0.0	0.0	4.31669e-06	0.0	0.000444619	0.0021324399999999998	1.72667e-05	0.000129501	0.000302168	0.00131659	0.0010057900000000001	0.0020676899999999996	0.00462317	0.0014115599999999999	0.000923771	4.31669e-06	0.000254685	4.31669e-05	0.000194251	0.0038893300000000003	9.065040000000001e-05	0.0005654859999999999	0.000107917	0.000582753	0.000777004	0.00187776	0.000682037	0.0008244869999999999	0.000392819	0.00119572	0.000366918	0.00127774	0.00041871899999999996	0.0033454300000000004	0.00207201	0.00230943	0.00315981	0.0044418700000000005	0.00231374	0.00242166	1.2950099999999998e-05	0.00011223400000000001	0.000107917	1.72667e-05	0.000151084	0.000164034	0.000133817	8.633369999999999e-06	3.4533500000000004e-05	0.00044893499999999997	4.31669e-05	4.74836e-05	0.0009410379999999999	7.77004e-05	0.000988521	0.00014245099999999998	2.59001e-05	0.000172667	0.0	0.000798587	0.00038418500000000005	0.000535269	0.00574983	0.00022878400000000002	0.004001569999999999	0.0	0.004273519999999999	4.31669e-06
Tbi-CJos_033_Ex1_L4_fastp	0.06930420000000001	0.083767	0.0106999	0.0	0.00690205	0.0	0.0	1.0510700000000001e-05	3.85393e-05	0.000189193	0.0	0.0	0.0	0.0	0.0	0.0	0.0	0.0	0.000108611	0.0	0.0	0.0	0.0	0.0	0.0	0.0	1.0510700000000001e-05	0.0	0.000318825	1.75179e-05	2.1021500000000002e-05	3.85393e-05	3.50358e-06	8.75894e-05	1.75179e-05	0.000437947	7.00715e-06	0.00012262499999999999	8.40858e-05	1.40143e-05	0.0	0.0	0.0	0.0	2.4525e-05	0.0	0.0	6.30644e-05	0.000119122	4.55465e-05	1.0510700000000001e-05	4.55465e-05	3.50358e-05	7.00715e-05	4.55465e-05	0.00011561799999999999	0.00561623	0.000711226	0.00438297	2.1021500000000002e-05	0.0015696	0.0005255360000000001	0.0	0.000192697	0.00223879	0.0	0.0	0.0	3.50358e-06	0.00105808	0.0	1.0510700000000001e-05	0.000206711	8.40858e-05	0.00101253	1.0510700000000001e-05	0.0	3.50358e-06	0.0	7.00715e-06	0.0	0.0009284479999999999	0.0	3.50358e-06	7.00715e-06	0.0	0.00046597599999999994	0.00224579	1.75179e-05	0.00014715	0.00033634299999999996	0.00139793	0.00112815	0.00208112	0.00505216	0.00146449	0.00108261	0.0	0.000287293	3.50358e-05	0.00023474000000000002	0.00381189	0.000101604	0.0006376509999999999	0.00012262499999999999	0.0006166289999999999	0.000851369	0.00203908	0.000728744	0.0009004190000000001	0.00045196099999999996	0.0012928199999999999	0.000427436	0.001468	0.00047298300000000006	0.0034650400000000004	0.00232637	0.0024490000000000002	0.0033634299999999997	0.00477187	0.00261367	0.00252608	2.4525e-05	0.000182186	0.000126129	3.15322e-05	0.00015065399999999998	0.000182186	0.000164668	1.40143e-05	5.9560799999999994e-05	0.000497508	5.9560799999999994e-05	8.05823e-05	0.0009424619999999999	6.65679e-05	0.0010090300000000002	0.00017167499999999999	7.00715e-06	0.000175179	0.0	0.000914433	0.00039940799999999997	0.000613126	0.00595608	0.000287293	0.00390999	0.0	0.00425334	0.0
Tbi-CJos_034_Ex1_L4_fastp	0.0711175	0.0832281	0.0105988	0.0	0.00651142	0.0	0.0	2.2094e-05	5.681320000000001e-05	0.00019253399999999998	0.0	0.0	0.0	0.0	0.0	0.0	0.0	0.0	7.57509e-05	0.0	0.0	0.0	0.0	0.0	0.0	0.0	3.15629e-06	0.0	0.000284066	1.89377e-05	2.2094e-05	2.5250299999999998e-05	0.0	5.99695e-05	2.2094e-05	0.00039769199999999995	9.46886e-06	0.00010100099999999999	6.31257e-05	9.46886e-06	0.0	0.0	0.0	0.0	1.89377e-05	0.0	0.0	0.00011678300000000001	8.8376e-05	5.681320000000001e-05	3.15629e-06	3.78754e-05	2.2094e-05	5.681320000000001e-05	5.681320000000001e-05	0.000113626	0.00578863	0.000558663	0.00446299	2.2094e-05	0.00158761	0.000498693	3.15629e-06	0.000214628	0.00227884	0.0	0.0	0.0	0.0	0.00104789	0.0	3.15629e-06	0.000268284	7.89072e-05	0.00104157	6.31257e-06	0.0	0.0	0.0	3.15629e-06	0.0	0.0009531990000000001	0.0	0.0	9.46886e-06	0.0	0.000520787	0.00231987	1.57814e-05	0.000138877	0.000350348	0.0014266399999999999	0.00106998	0.00221887	0.0048480599999999995	0.00148661	0.00104789	0.0	0.000290378	3.15629e-05	0.00019569	0.00397377	9.153230000000001e-05	0.0006438829999999999	8.8376e-05	0.000561819	0.00085851	0.00197268	0.000735415	0.0008711349999999999	0.000470287	0.00126883	0.000385067	0.00140139	0.000489224	0.0035318899999999998	0.00223149	0.00247453	0.00325729	0.0048070199999999995	0.00249031	0.00260078	1.57814e-05	0.000132564	0.000126251	3.15629e-06	0.000154658	0.000148345	0.000138877	1.26251e-05	6.94383e-05	0.00044503600000000005	5.99695e-05	5.681320000000001e-05	0.00101948	4.4188e-05	0.00107629	0.000126251	1.57814e-05	0.000157814	0.0	0.0009121670000000001	0.000407161	0.000568132	0.0058991	0.00022094	0.0040653	0.0	0.004371460000000001	3.15629e-06
Tbi-CJos_035_Ex1_L4_fastp	0.0701096	0.0838161	0.011456000000000001	0.0	0.0062345099999999995	0.0	0.0	5.22154e-06	3.1329200000000005e-05	0.00013576	0.0	0.0	0.0	0.0	0.0	0.0	0.0	0.0	9.920919999999999e-05	0.0	0.0	0.0	0.0	0.0	0.0	0.0	5.22154e-06	0.0	0.000224526	1.5664600000000002e-05	1.5664600000000002e-05	5.2215399999999995e-05	5.22154e-06	6.265840000000001e-05	1.5664600000000002e-05	0.000501267	2.08861e-05	0.000146203	8.35446e-05	2.6107699999999997e-05	0.0	0.0	0.0	0.0	1.5664600000000002e-05	0.0	0.0	8.35446e-05	0.00015664599999999998	5.2215399999999995e-05	1.04431e-05	9.39876e-05	2.08861e-05	9.920919999999999e-05	4.17723e-05	0.000146203	0.00551394	0.000657913	0.00433387	2.6107699999999997e-05	0.00148814	0.000600477	0.0	0.000193197	0.00228181	0.0	0.0	0.0	5.22154e-06	0.000866775	0.0	0.0	0.000229748	5.2215399999999995e-05	0.0009607620000000001	5.22154e-06	0.0	5.22154e-06	5.22154e-06	5.22154e-06	0.0	0.0009242120000000001	0.0	0.0	1.04431e-05	0.0	0.00042816599999999995	0.00215649	1.04431e-05	0.000161868	0.000308071	0.0011382900000000001	0.000892883	0.00181187	0.004547959999999999	0.0011957299999999999	0.000814559	0.0	0.000281963	2.08861e-05	0.00013576	0.0037020700000000004	5.7436900000000006e-05	0.000496046	8.87661e-05	0.00042816599999999995	0.000762344	0.00170744	0.0005795899999999999	0.000704907	0.00031329199999999995	0.00110697	0.000344621	0.0011487399999999999	0.000417723	0.0030911499999999995	0.0019633	0.00208861	0.00288229	0.00446441	0.0021826000000000003	0.0022765899999999998	3.1329200000000005e-05	0.000114874	7.31015e-05	1.04431e-05	0.000120095	0.00010965199999999999	8.35446e-05	1.04431e-05	3.1329200000000005e-05	0.00046471699999999996	5.2215399999999995e-05	4.17723e-05	0.0009242120000000001	4.69938e-05	0.00104431	0.000114874	5.22154e-06	0.00010443099999999999	0.0	0.000778009	0.000292406	0.0005273750000000001	0.00544606	0.000187975	0.00378561	0.0	0.00421378	0.0
Tbi-CJos_036_Ex1_L4_fastp	0.070476	0.0835336	0.0106198	0.0	0.00698337	0.0	0.0	0.0	3.16604e-05	0.000208054	0.0	0.0	0.0	0.0	0.0	0.0	0.0	0.0	0.00010855000000000001	0.0	0.0	0.0	0.0	0.0	0.0	0.0	4.52291e-06	0.0	0.000266852	4.52291e-06	1.80916e-05	3.16604e-05	0.0	4.5229100000000004e-05	9.04582e-06	0.00034826400000000004	0.0	8.141229999999999e-05	8.141229999999999e-05	9.04582e-06	0.0	0.0	0.0	0.0	0.0	0.0	0.0	0.000104027	5.879780000000001e-05	4.5229100000000004e-05	4.52291e-06	3.6183299999999996e-05	1.35687e-05	5.42749e-05	7.68894e-05	8.141229999999999e-05	0.00591144	0.000574409	0.0046178899999999995	1.80916e-05	0.0016870400000000001	0.000492997	0.0	0.000158302	0.0023609599999999996	0.0	4.52291e-06	0.0	4.52291e-06	0.00101765	0.0	9.04582e-06	0.000199008	5.879780000000001e-05	0.0010538400000000001	2.26145e-05	0.0	0.0	0.0	0.0	0.0	0.000985994	0.0	4.52291e-06	1.80916e-05	0.0	0.00047490499999999997	0.0023247700000000003	9.04582e-06	0.00018996199999999998	0.000339218	0.00149708	0.00107193	0.00226145	0.00502495	0.0015061299999999998	0.0010538400000000001	4.52291e-06	0.000307558	3.6183299999999996e-05	0.00021710000000000002	0.00401634	9.9504e-05	0.000628684	0.000135687	0.0005879780000000001	0.000863875	0.0021755200000000002	0.000737234	0.000836738	0.000520134	0.00127998	0.0005065660000000001	0.00135687	0.000551795	0.0036319000000000004	0.00237453	0.00243785	0.00335148	0.00486665	0.0026775600000000003	0.00270018	4.5229100000000004e-05	0.000153779	0.000131164	4.5229100000000004e-05	0.000158302	0.000158302	0.000158302	2.71374e-05	4.5229100000000004e-05	0.000502043	8.141229999999999e-05	7.68894e-05	0.00106741	0.00012664099999999998	0.0011216800000000001	0.00020353100000000001	2.71374e-05	0.000144733	0.0	0.000954334	0.000416108	0.0005925009999999999	0.006291369999999999	0.000239714	0.00414751	0.0	0.0045002900000000005	0.0
Tbi-CJos_037_Ex1_L4_fastp	0.0693685	0.0828017	0.0106655	0.0	0.00667665	0.0	0.0	2.9568899999999997e-06	3.25257e-05	0.000174456	0.0	0.0	0.0	0.0	0.0	0.0	0.0	0.0	0.000118275	0.0	0.0	0.0	0.0	0.0	0.0	0.0	2.9568899999999997e-06	0.0	0.00027499	1.47844e-05	2.6612000000000002e-05	2.0698199999999998e-05	0.0	6.80084e-05	8.87066e-06	0.00048197200000000005	1.18275e-05	0.000118275	4.43533e-05	1.18275e-05	0.0	0.0	0.0	0.0	1.47844e-05	0.0	0.0	8.57497e-05	0.00010940499999999999	5.9137699999999995e-05	2.9568899999999997e-06	4.43533e-05	2.95689e-05	6.50515e-05	4.1396399999999996e-05	0.00013897400000000001	0.0055057199999999995	0.000629817	0.00426974	3.54826e-05	0.00156124	0.000526326	5.91377e-06	0.000186284	0.00217627	0.0	0.0	2.9568899999999997e-06	8.87066e-06	0.0009876	0.0	2.9568899999999997e-06	0.000221766	7.09653e-05	0.0009521169999999999	1.18275e-05	0.0	2.9568899999999997e-06	0.0	5.91377e-06	0.0	0.000890023	0.0	0.0	2.9568899999999997e-06	0.0	0.000458317	0.00215853	1.77413e-05	0.000150801	0.000331171	0.0013099	0.00104674	0.00204616	0.00489365	0.0014695700000000001	0.00104082	2.9568899999999997e-06	0.000280904	2.0698199999999998e-05	0.000186284	0.0037789	8.87066e-05	0.0005647650000000001	0.000130103	0.000594334	0.00080723	0.0019959	0.000671213	0.0008279280000000001	0.000461274	0.00119754	0.000464231	0.00134538	0.00046718800000000005	0.0033560599999999997	0.00219401	0.00245126	0.00333832	0.0047724099999999995	0.00249265	0.00247787	2.6612000000000002e-05	0.000130103	0.000115319	8.87066e-06	0.000153758	0.000136017	0.00013306	5.91377e-06	4.43533e-05	0.000458317	5.02671e-05	5.32239e-05	0.000904807	5.9137699999999995e-05	0.000990557	0.000150801	1.77413e-05	0.000141931	0.0	0.000875238	0.000363697	0.00054111	0.00580141	0.00021289600000000002	0.00391196	0.0	0.00418695	0.0
Tbi-CJos_038_Ex1_L4_fastp	0.0706922	0.08392480000000001	0.0105179	0.0	0.0065117199999999995	0.0	0.0	9.09458e-06	6.3662e-05	0.000140966	0.0	0.0	0.0	0.0	0.0	0.0	0.0	0.0	0.00011823000000000001	0.0	0.0	0.0	0.0	0.0	0.0	0.0	4.54729e-06	0.0	0.000309216	2.27364e-05	2.27364e-05	5.0020200000000006e-05	4.54729e-06	5.4567499999999996e-05	3.1831e-05	0.000422898	1.36419e-05	0.000122777	7.275660000000001e-05	1.81892e-05	0.0	0.0	0.0	0.0	2.72837e-05	0.0	0.0	8.18512e-05	0.000154608	5.91148e-05	1.36419e-05	5.0020200000000006e-05	2.27364e-05	9.09458e-05	4.09256e-05	0.000127324	0.00576142	0.000582053	0.0044518000000000005	2.72837e-05	0.00147332	0.000468371	4.54729e-06	0.00020462800000000002	0.00216906	0.0	4.54729e-06	0.0	9.09458e-06	0.0010868	0.0	4.54729e-06	0.00021826999999999998	7.73039e-05	0.000995856	1.36419e-05	0.0	9.09458e-06	0.0	4.54729e-06	0.0	0.0009094579999999999	0.0	0.0	1.81892e-05	0.0	0.000541127	0.00215996	2.72837e-05	0.000195533	0.00036833	0.00137328	0.0010868	0.00196898	0.00493381	0.00146423	0.0010458800000000001	4.54729e-06	0.000350141	4.09256e-05	0.000250101	0.0037787999999999997	0.000113682	0.000663904	0.000127324	0.000563864	0.0008094170000000001	0.0020099	0.000782134	0.0008321539999999999	0.000513844	0.00124141	0.000459276	0.001346	0.0005593169999999999	0.00324222	0.00221908	0.00225546	0.00328769	0.00478375	0.00248282	0.00253739	4.09256e-05	0.00017734400000000002	0.00013641899999999998	4.09256e-05	0.00020008099999999998	0.000227364	0.000145513	2.27364e-05	8.18512e-05	0.00041380299999999997	7.73039e-05	4.54729e-05	0.000918552	5.4567499999999996e-05	0.0009458359999999999	0.00019098599999999998	9.09458e-06	0.000172797	0.0	0.000936742	0.00045472899999999996	0.0006457149999999999	0.0057796	0.00021826999999999998	0.00415622	0.0	0.00437449	4.54729e-06
Tbi-CJos_039_Ex1_L4_fastp	0.0708714	0.0835193	0.0106161	0.0	0.00666388	0.0	0.0	1.15226e-05	4.60902e-05	0.000153634	0.0	0.0	0.0	0.0	0.0	0.0	0.0	0.0	4.60902e-05	0.0	0.0	0.0	0.0	0.0	0.0	0.0	7.68171e-06	0.0	0.00028038199999999997	1.15226e-05	2.30451e-05	3.45677e-05	3.840850000000001e-06	5.3771900000000006e-05	1.5363400000000003e-05	0.000453221	1.92043e-05	9.98622e-05	6.91353e-05	1.15226e-05	0.0	0.0	0.0	0.0	1.15226e-05	0.0	0.0	7.68171e-05	9.218050000000001e-05	8.065789999999999e-05	3.840850000000001e-06	3.84085e-05	1.5363400000000003e-05	8.83396e-05	4.22494e-05	9.98622e-05	0.00573823	0.000656786	0.0044285	1.5363400000000003e-05	0.0014979300000000002	0.000506993	3.840850000000001e-06	0.00019204299999999998	0.00222001	0.0	0.0	7.68171e-06	0.0	0.00107928	0.0	0.0	0.000222769	4.60902e-05	0.000998622	1.5363400000000003e-05	0.0	0.0	3.840850000000001e-06	1.15226e-05	0.0	0.0010063	0.0	3.840850000000001e-06	3.840850000000001e-06	0.0	0.000514674	0.00210863	1.92043e-05	0.000157475	0.000345677	0.00138271	0.00104855	0.00213551	0.0049355	0.00152098	0.0010255099999999999	0.0	0.000291905	4.22494e-05	0.00018436100000000002	0.00379092	8.065789999999999e-05	0.000549242	9.60213e-05	0.000595332	0.0008718739999999999	0.00207022	0.0006529449999999999	0.000906441	0.000457061	0.00120987	0.000418653	0.00131741	0.000453221	0.00325704	0.00228531	0.00244278	0.00337995	0.00481643	0.00249655	0.0024159	1.5363400000000003e-05	0.00014211199999999998	7.29762e-05	1.92043e-05	0.000161316	0.00019204299999999998	0.000119066	1.15226e-05	3.45677e-05	0.00042633499999999996	6.52945e-05	6.52945e-05	0.0009256460000000001	6.52945e-05	0.00099094	0.000157475	1.15226e-05	0.000138271	0.0	0.000806579	0.00044938	0.00058381	0.00584962	0.000257337	0.00404442	0.0	0.00437089	0.0
Tbi-CJos_040_Ex1_L4_fastp	0.0700195	0.0834117	0.0107753	0.0	0.0069324	0.0	0.0	0.0	4.90395e-05	0.000200616	0.0	0.0	0.0	0.0	0.0	0.0	0.0	0.0	0.000102537	0.0	0.0	0.0	0.0	0.0	0.0	0.0	1.33744e-05	0.0	0.000316528	2.67488e-05	3.56651e-05	3.56651e-05	4.45814e-06	8.47046e-05	2.67488e-05	0.000401232	4.45814e-06	0.000115912	5.7955800000000005e-05	8.91627e-06	0.0	0.0	0.0	0.0	1.78325e-05	0.0	0.0	9.36208e-05	0.000124828	5.7955800000000005e-05	1.33744e-05	6.687199999999999e-05	3.56651e-05	5.34976e-05	4.90395e-05	0.00014266	0.00580003	0.000610765	0.00455176	3.12069e-05	0.00159601	0.000521602	0.0	0.000227365	0.00225136	0.0	0.0	0.0	4.45814e-06	0.00098079	0.0	0.0	0.00024073900000000001	7.13302e-05	0.0010432	8.91627e-06	0.0	0.0	0.0	8.91627e-06	0.0	0.000971874	0.0	8.91627e-06	1.33744e-05	0.0	0.000459188	0.00220232	3.56651e-05	0.000156035	0.0003834	0.00139094	0.0011635699999999998	0.00213099	0.0048370800000000005	0.0015514300000000001	0.00106995	0.0	0.000303153	6.24139e-05	0.000196158	0.00390087	9.36208e-05	0.000584016	0.00013374399999999999	0.000579558	0.000838129	0.00206857	0.000664262	0.0008916269999999999	0.00043689699999999995	0.00131515	0.00042352300000000003	0.00135527	0.00047702	0.0033970999999999997	0.00230931	0.00240294	0.00331239	0.00480141	0.00260801	0.00251439	3.56651e-05	0.00014266	0.000124828	2.67488e-05	0.000164951	0.000187242	0.00014266	8.91627e-06	4.45814e-05	0.000463646	4.45814e-05	6.687199999999999e-05	0.0008871689999999999	8.47046e-05	0.00103875	0.000178325	1.78325e-05	0.000182784	0.0	0.000833671	0.00042352300000000003	0.0005973899999999999	0.00603186	0.00026303	0.00411486	0.0	0.004391259999999999	0.0
Tbi-CJos_041_Ex1_L4_fastp	0.0698057	0.08494639999999999	0.010474	0.0	0.006913110000000001	0.0	0.0	0.0	6.259359999999999e-05	0.000111277	0.0	0.0	0.0	0.0	0.0	0.0	0.0	0.0	8.34581e-05	0.0	0.0	0.0	0.0	0.0	0.0	0.0	0.0	0.0	0.000257329	0.0	6.95484e-06	4.1729e-05	0.0	6.95484e-05	2.78194e-05	0.000535523	6.95484e-06	0.000146052	8.34581e-05	6.95484e-06	0.0	0.0	0.0	0.0	2.78194e-05	0.0	0.0	4.8683899999999996e-05	0.000118232	4.1729e-05	0.0	4.1729e-05	2.08645e-05	0.000125187	6.95484e-05	0.000118232	0.00577947	0.00067462	0.00455542	2.08645e-05	0.00155093	0.000605071	0.0	0.00020169	0.00238551	0.0	0.0	6.95484e-06	0.0	0.00107105	0.0	6.95484e-06	0.000264284	7.65033e-05	0.00108496	6.95484e-06	6.95484e-06	1.39097e-05	0.0	2.08645e-05	0.0	0.0009875869999999998	0.0	0.0	1.39097e-05	0.0	0.000521613	0.0023368300000000002	4.1729e-05	0.00018778099999999998	0.000319923	0.00135619	0.00111973	0.00216991	0.0050979	0.00148834	0.00104323	0.0	0.00022255499999999999	4.8683899999999996e-05	0.000194736	0.00397817	8.34581e-05	0.000605071	0.000132142	0.000507703	0.0008206709999999999	0.00196822	0.000709394	0.000855445	0.00041729	0.00118928	0.00044510999999999997	0.0012936	0.000410336	0.00340092	0.00227423	0.0024898299999999997	0.0033035499999999997	0.00488925	0.00255243	0.00249679	1.39097e-05	0.000146052	0.000139097	2.78194e-05	0.000132142	0.000132142	0.000132142	3.47742e-05	4.8683899999999996e-05	0.000452065	2.78194e-05	8.34581e-05	0.000904129	5.5638700000000007e-05	0.00102236	0.000208645	2.08645e-05	0.00018778099999999998	0.0	0.000911084	0.000403381	0.000584207	0.0059881199999999996	0.000243419	0.00402685	0.0	0.00434678	0.0
Tbi-CJos_042_Ex1_L4_fastp	0.06967380000000001	0.0820525	0.010643699999999999	0.0	0.006577820000000001	0.0	0.0	0.0	3.1931200000000004e-05	0.00015965600000000002	0.0	0.0	0.0	0.0	0.0	0.0	0.0	0.0	4.25749e-05	0.0	0.0	0.0	0.0	0.0	0.0	0.0	0.0	0.0	0.000276737	2.12874e-05	1.06437e-05	1.06437e-05	0.0	7.45061e-05	1.06437e-05	0.00042574899999999995	1.06437e-05	0.00013836800000000001	1.06437e-05	0.0	0.0	0.0	0.0	0.0	3.1931200000000004e-05	0.0	0.0	9.57935e-05	7.45061e-05	4.25749e-05	1.06437e-05	0.0	5.32186e-05	3.1931200000000004e-05	1.06437e-05	0.000106437	0.00573697	0.00062798	0.00450229	0.0	0.00157527	0.000553474	0.0	0.000191587	0.0021926100000000002	0.0	0.0	0.0	0.0	0.00101115	0.0	0.0	0.000180943	4.25749e-05	0.0010750199999999999	0.0	0.0	0.0	0.0	1.06437e-05	0.0	0.000957935	0.0	0.0	2.12874e-05	0.0	0.00054283	0.00217132	0.0	0.0001703	0.00029802400000000003	0.00134111	0.000989866	0.00201166	0.00463002	0.00154334	0.00112823	0.0	0.000308668	0.0	0.0001703	0.00379981	7.45061e-05	0.000510899	9.57935e-05	0.000521542	0.000787635	0.0019478	0.000734417	0.0008940729999999999	0.000500255	0.0012878899999999999	0.00045768	0.00141562	0.000521542	0.0035549999999999996	0.00218196	0.00237355	0.00320376	0.0045555100000000005	0.00246934	0.00253321	1.06437e-05	0.000106437	7.45061e-05	0.0	0.00014901200000000002	0.000127725	0.00013836800000000001	2.12874e-05	3.1931200000000004e-05	0.000510899	4.25749e-05	5.32186e-05	0.00100051	5.32186e-05	0.0010750199999999999	0.000127725	0.0	9.57935e-05	0.0	0.000862142	0.00036188699999999997	0.000510899	0.00575825	0.000180943	0.00407655	0.0	0.00438521	0.0
Tbi-CJos_043_Ex1_L4_fastp	0.0701925	0.0833939	0.0105006	0.0	0.00648839	0.0	0.0	5.98836e-06	4.19185e-05	0.000179651	0.0	0.0	0.0	0.0	0.0	0.0	0.0	0.0	0.000101802	0.0	0.0	0.0	0.0	0.0	0.0	0.0	0.0	0.0	0.000230552	5.98836e-06	1.79651e-05	1.1976699999999998e-05	0.0	4.79069e-05	1.4970900000000001e-05	0.00039523199999999997	1.1976699999999998e-05	0.00011078499999999999	5.38952e-05	2.99418e-06	0.0	0.0	0.0	0.0	1.4970900000000001e-05	0.0	0.0	9.88079e-05	0.00011377900000000001	5.0901e-05	5.98836e-06	3.8924299999999996e-05	3.5930100000000003e-05	3.2936e-05	5.6889400000000005e-05	9.58137e-05	0.00548534	0.000568894	0.0042337699999999995	2.0959299999999998e-05	0.0014402	0.000506016	2.99418e-06	0.00019162700000000001	0.0020420300000000002	0.0	2.99418e-06	2.99418e-06	2.99418e-06	0.000997062	0.0	2.99418e-06	0.000215581	5.9883600000000004e-05	0.000949155	8.98254e-06	0.0	0.0	0.0	2.99418e-06	0.0	0.0009072360000000001	0.0	0.0	2.99418e-06	0.0	0.000467092	0.0020779600000000002	1.79651e-05	0.000161686	0.000335348	0.00138331	0.0010479600000000001	0.0020809500000000002	0.00501824	0.0014941	0.001027	0.0	0.000260494	4.19185e-05	0.000203604	0.0035989999999999998	0.000101802	0.000589853	0.00011377900000000001	0.000628778	0.000829388	0.0020420300000000002	0.000727585	0.0008413639999999999	0.00045511499999999997	0.00125756	0.00046409800000000003	0.0013384	0.00048206299999999997	0.0033145600000000002	0.00235043	0.00248217	0.00341037	0.00494938	0.00260494	0.00253308	1.79651e-05	0.000152703	0.000131744	3.2936e-05	0.000146715	0.00017665699999999999	0.000116773	1.79651e-05	5.0901e-05	0.00045511499999999997	5.38952e-05	5.9883600000000004e-05	0.000904242	8.68312e-05	0.0009431660000000001	0.000143721	2.69476e-05	0.000143721	5.98836e-06	0.000844358	0.000413197	0.000547935	0.0059165	0.000254505	0.0038235699999999997	0.0	0.0041559200000000004	2.99418e-06
Tbi-CJos_044_Ex1_L4_fastp	0.0706357	0.0836597	0.0107335	0.0	0.006809870000000001	0.0	0.0	5.13565e-06	7.18991e-05	0.00019001899999999998	0.0	0.0	0.0	0.0	0.0	0.0	0.0	0.0	7.18991e-05	0.0	0.0	0.0	0.0	0.0	0.0	0.0	0.0	0.0	0.00029786799999999996	0.0	1.54069e-05	2.56782e-05	0.0	5.64921e-05	2.05426e-05	0.00042625899999999996	5.13565e-06	8.730600000000001e-05	9.24417e-05	5.13565e-06	0.0	0.0	0.0	0.0	5.13565e-06	0.0	0.0	9.24417e-05	9.24417e-05	7.70347e-05	1.02713e-05	3.08139e-05	3.59495e-05	6.16278e-05	4.62208e-05	0.000112984	0.00556191	0.000631685	0.0044372000000000005	1.54069e-05	0.0016742200000000001	0.0005187	0.0	0.00024651100000000004	0.00232645	0.0	1.54069e-05	0.0	2.05426e-05	0.00101172	0.0	1.54069e-05	0.00023624	6.67634e-05	0.00108876	0.0	0.0	0.0	5.13565e-06	0.0	0.0	0.0010168599999999999	0.0	0.0	1.02713e-05	0.0	0.0005803280000000001	0.0022648200000000003	1.02713e-05	0.00014893399999999998	0.00031841000000000004	0.00131986	0.00105794	0.0019258699999999999	0.00497644	0.0014123	0.000944959	5.13565e-06	0.000241375	4.62208e-05	0.000184883	0.0038414600000000005	9.75773e-05	0.0006111420000000001	8.730600000000001e-05	0.0005289720000000001	0.000883331	0.00190019	0.000616278	0.000718991	0.00042625899999999996	0.00121201	0.00033895299999999996	0.00126337	0.00045193699999999997	0.0034511599999999996	0.00218779	0.00234699	0.0031789699999999997	0.00472993	0.00239321	0.0024394300000000002	1.54069e-05	0.000164341	0.000154069	4.10852e-05	0.000169476	0.000164341	0.000102713	1.54069e-05	7.18991e-05	0.0004981580000000001	6.16278e-05	5.13565e-05	0.0010374	7.70347e-05	0.0009963160000000001	0.000154069	1.02713e-05	0.00019001899999999998	0.0	0.000765212	0.00035949500000000004	0.00047761500000000003	0.00593167	0.000225969	0.00409311	0.0	0.00431908	0.0
Tbi-CJos_046_Ex1_L4_fastp	0.06978140000000001	0.0841899	0.010572400000000001	0.0	0.00690772	0.0	0.0	0.0	3.24306e-05	0.000134355	0.0	0.0	0.0	0.0	0.0	0.0	0.0	0.0	9.26589e-05	0.0	0.0	0.0	0.0	0.0	0.0	0.0	0.0	0.0	0.000264078	1.38988e-05	9.26589e-06	1.8531799999999998e-05	0.0	4.63295e-05	1.8531799999999998e-05	0.000393801	1.8531799999999998e-05	0.000101925	7.87601e-05	9.26589e-06	0.0	0.0	0.0	0.0	1.38988e-05	0.0	0.0	0.000106558	8.8026e-05	6.48613e-05	4.632949999999999e-06	6.02283e-05	9.26589e-06	7.87601e-05	7.412719999999999e-05	0.000106558	0.00567536	0.00059765	0.00435497	3.7063599999999995e-05	0.00160763	0.000504991	0.0	0.00020385	0.00232111	0.0	0.0	9.26589e-06	9.26589e-06	0.000986818	0.0	0.0	0.000240913	6.48613e-05	0.00103778	1.8531799999999998e-05	0.0	0.0	0.0	1.38988e-05	0.0	0.0009451209999999999	0.0	4.632949999999999e-06	4.632949999999999e-06	0.0	0.000495725	0.00221918	1.38988e-05	0.00012045700000000002	0.000245546	0.00135282	0.00101925	0.00201996	0.00487386	0.00138525	0.0009358550000000001	0.0	0.000217749	2.3164700000000002e-05	0.000138988	0.0038407100000000002	8.8026e-05	0.000583751	0.000106558	0.0005605870000000001	0.0008061330000000001	0.00198753	0.000648613	0.000741272	0.000416965	0.00119067	0.000379902	0.00134355	0.00041233199999999995	0.00336815	0.00224235	0.00246009	0.00328476	0.00471171	0.00250179	0.0026083499999999997	2.7797699999999996e-05	0.000143621	9.72919e-05	3.7063599999999995e-05	0.000111191	0.000143621	0.000138988	2.3164700000000002e-05	3.7063599999999995e-05	0.00044012999999999995	5.09624e-05	4.63295e-05	0.000991451	7.87601e-05	0.000986818	0.000148254	1.38988e-05	0.000143621	0.0	0.0008015	0.000352104	0.000546688	0.00594407	0.000245546	0.00401677	0.0	0.00434107	0.0
Tbi-CJos_048_Ex1_L4_fastp	0.0702322	0.0835356	0.010314799999999999	0.0	0.00676241	0.0	0.0	3.45903e-06	4.15084e-05	0.000207542	0.0	0.0	0.0	0.0	0.0	0.0	0.0	0.0	7.955769999999999e-05	0.0	0.0	0.0	0.0	0.0	0.0	0.0	3.45903e-06	0.0	0.00032169	1.03771e-05	1.72952e-05	1.72952e-05	3.45903e-06	3.80494e-05	1.03771e-05	0.000456592	3.45903e-06	0.000114148	5.18855e-05	6.91806e-06	0.0	0.0	0.0	0.0	2.07542e-05	0.0	0.0	7.26397e-05	8.30168e-05	6.22626e-05	3.45903e-06	3.80494e-05	2.07542e-05	6.22626e-05	2.07542e-05	0.00011760700000000001	0.00564168	0.000639921	0.00445177	6.91806e-06	0.00138361	0.000494642	3.45903e-06	0.00014182	0.00211693	0.0	0.0	6.91806e-06	1.03771e-05	0.000958152	0.0	3.45903e-06	0.000183329	4.84264e-05	0.000958152	6.91806e-06	0.0	0.0	3.45903e-06	3.45903e-06	0.0	0.0009201029999999999	0.0	3.45903e-06	3.45903e-06	0.0	0.000453133	0.00210655	1.72952e-05	0.000148738	0.000314772	0.0012348699999999999	0.00100658	0.0020097	0.00480114	0.00132827	0.00102387	3.45903e-06	0.00022137800000000002	3.80494e-05	0.00021791899999999998	0.0037738	9.33939e-05	0.000543068	0.00011760700000000001	0.000525773	0.000774823	0.00184366	0.000629544	0.000747151	0.00040124800000000005	0.00112419	0.000373575	0.0012521700000000001	0.000404707	0.0031684699999999996	0.00205121	0.00216881	0.0030231900000000003	0.00459359	0.00230372	0.00235906	1.72952e-05	0.000155656	0.000127984	2.76723e-05	0.000138361	0.000159115	0.00011760700000000001	1.3836100000000001e-05	5.18855e-05	0.00043583799999999997	5.5344500000000005e-05	5.880350000000001e-05	0.0008509219999999999	5.18855e-05	0.0009201029999999999	0.00016603400000000002	1.72952e-05	0.000169493	0.0	0.0007990359999999999	0.000366657	0.000539609	0.0056486	0.000255968	0.0039778899999999996	0.0	0.00432725	0.0
Tbi-CJos_052_Ex1_L4_fastp	0.0695972	0.0826701	0.0104583	0.0	0.00671338	0.0	0.0	6.87142e-06	5.1535699999999995e-05	0.000158043	0.0	0.0	0.0	0.0	0.0	0.0	0.0	0.0	7.90214e-05	0.0	0.0	0.0	0.0	0.0	0.0	0.0	0.0	0.0	0.000333264	1.03071e-05	1.71786e-05	2.4050000000000002e-05	0.0	6.18428e-05	2.4050000000000002e-05	0.00045695	0.0	0.000127121	0.000103071	6.87142e-06	0.0	3.43571e-06	0.0	0.0	2.74857e-05	0.0	0.0	7.55857e-05	0.000106507	5.1535699999999995e-05	6.87142e-06	2.4050000000000002e-05	2.4050000000000002e-05	7.21499e-05	5.49714e-05	0.000123686	0.005483399999999999	0.000683707	0.004140029999999999	1.03071e-05	0.00154263	0.000539407	0.0	0.00020957800000000003	0.00218168	0.0	0.0	3.43571e-06	3.43571e-06	0.00106507	0.0	3.43571e-06	0.000226757	6.18428e-05	0.0009963559999999999	1.37428e-05	0.0	1.37428e-05	0.0	0.0	0.0	0.0009345140000000001	0.0	0.0	1.37428e-05	0.0	0.000463821	0.00216106	1.37428e-05	0.000154607	0.000319521	0.00135711	0.0011131700000000001	0.00208891	0.0048065600000000005	0.00142582	0.000999792	0.0	0.000316085	1.71786e-05	0.000226757	0.0036315500000000003	0.000103071	0.000570328	0.000123686	0.000580635	0.000797085	0.00194805	0.000721499	0.000838314	0.000443207	0.0012506	0.00043290000000000006	0.00132275	0.000481	0.0033429500000000003	0.00220229	0.0023569	0.00325705	0.00478938	0.00248058	0.00242218	3.09214e-05	0.000161478	0.000113378	1.71786e-05	0.000164914	0.000140864	0.00013742799999999999	1.71786e-05	4.8100000000000004e-05	0.00043290000000000006	6.52785e-05	7.90214e-05	0.0009310779999999999	6.871420000000001e-05	0.0009963559999999999	0.000164914	1.03071e-05	0.000219886	3.43571e-06	0.0008898490000000001	0.000371057	0.000549714	0.0057239	0.000237064	0.0037758500000000003	0.0	0.0039545000000000005	3.43571e-06
Tbi-CJos_053_Ex1_L4_fastp	0.0701117	0.0836436	0.0106897	0.0	0.00664231	0.0	0.0	1.3932500000000001e-05	3.83143e-05	0.00016719	0.0	0.0	0.0	0.0	0.0	0.0	0.0	0.0	6.96624e-05	0.0	0.0	0.0	0.0	0.0	0.0	0.0	0.0	0.0	0.0002682	6.96624e-06	1.3932500000000001e-05	1.04494e-05	0.0	5.22468e-05	3.83143e-05	0.000372694	0.0	8.01117e-05	6.269609999999999e-05	0.0	0.0	0.0	0.0	0.0	1.04494e-05	0.0	0.0	8.01117e-05	7.66286e-05	2.08987e-05	0.0	2.7864899999999998e-05	2.43818e-05	5.22468e-05	5.22468e-05	0.00011146000000000001	0.00557647	0.000553816	0.0042285099999999996	2.7864899999999998e-05	0.00146988	0.000578198	0.0	0.000177639	0.00208639	0.0	0.0	6.96624e-06	3.48312e-06	0.00110415	0.0	0.0	0.00020550400000000002	6.96624e-05	0.00100314	3.48312e-06	0.0	0.0	0.0	6.96624e-06	0.0	0.000909094	0.0	3.48312e-06	3.48312e-06	0.0	0.00046673799999999996	0.00209684	1.04494e-05	0.000146291	0.000362244	0.00137583	0.00109022	0.00206897	0.00486592	0.00137583	0.0009926890000000002	3.48312e-06	0.000264717	5.22468e-05	0.000202021	0.00377918	9.056110000000001e-05	0.000602579	0.00012539200000000002	0.0005364	0.000863813	0.001961	0.00064786	0.000832465	0.00043190700000000004	0.00123651	0.000404042	0.0012190900000000001	0.00043887300000000005	0.00331941	0.00225009	0.00225358	0.0032323300000000003	0.00484153	0.0023685200000000003	0.00244515	3.13481e-05	0.000146291	0.00013932499999999998	2.7864899999999998e-05	0.000181122	0.00014977399999999998	0.00012539200000000002	6.96624e-06	5.22468e-05	0.0005155009999999999	5.9213e-05	9.40442e-05	0.000923026	6.269609999999999e-05	0.00100314	0.000160223	1.3932500000000001e-05	0.000170673	6.96624e-06	0.0008916779999999999	0.00038662600000000005	0.000585164	0.00569141	0.000257751	0.0038279499999999997	0.0	0.0041066	0.0
Tbi-CJos_055_Ex1_L4_fastp	0.0704492	0.0826576	0.0106035	0.0	0.00694574	0.0	0.0	9.01654e-06	5.40992e-05	0.000180331	0.0	0.0	0.0	0.0	0.0	0.0	0.0	0.0	7.513780000000001e-05	0.0	0.0	0.0	0.0	0.0	0.0	0.0	0.0	0.0	0.00025246299999999997	2.10386e-05	1.5027599999999998e-05	3.90717e-05	0.0	6.612129999999999e-05	2.40441e-05	0.000360662	3.0055099999999997e-06	9.61764e-05	9.31709e-05	9.01654e-06	0.0	3.0055099999999997e-06	0.0	0.0	1.8033100000000002e-05	0.0	0.0	8.11489e-05	8.41544e-05	5.10937e-05	9.01654e-06	4.50827e-05	3.30606e-05	7.21323e-05	3.90717e-05	0.000111204	0.0056714	0.000595092	0.004385040000000001	1.20221e-05	0.00149675	0.000525965	3.0055099999999997e-06	0.00018634199999999999	0.0022300899999999997	0.0	3.0055099999999997e-06	6.01103e-06	3.0055099999999997e-06	0.00103089	0.0	6.01103e-06	0.00021940199999999997	8.11489e-05	0.0009647700000000001	6.01103e-06	0.0	9.01654e-06	0.0	1.20221e-05	0.0	0.0009136759999999999	0.0	0.0	1.5027599999999998e-05	0.0	0.000450827	0.002182	1.8033100000000002e-05	0.00013825399999999998	0.00030055100000000003	0.00131341	0.00104291	0.00216698	0.004977130000000001	0.00142161	0.00104291	3.0055099999999997e-06	0.00030055100000000003	3.30606e-05	0.000189347	0.0037719200000000002	9.91819e-05	0.000574053	0.00013224300000000001	0.000574053	0.000811489	0.00205577	0.000685257	0.000835533	0.00041175500000000003	0.00125029	0.00042077200000000003	0.00133745	0.000489899	0.0032940400000000002	0.00231425	0.0024494900000000003	0.0033962299999999996	0.004908	0.0025907499999999997	0.00246152	5.40992e-05	0.000156287	0.000150276	4.50827e-05	0.000156287	0.000153281	0.000144265	2.10386e-05	7.513780000000001e-05	0.000432794	7.21323e-05	6.612129999999999e-05	0.00087761	7.513780000000001e-05	0.000925698	0.00018634199999999999	2.10386e-05	0.000165303	0.0	0.00085056	0.0003817	0.00055602	0.00602906	0.00021339099999999998	0.00400334	0.0	0.00424679	0.0
Tbi-CJos_056_Ex1_L4_fastp	0.06951639999999999	0.0836478	0.0110108	0.0	0.0070849	0.0	0.0	9.58714e-06	6.231639999999999e-05	0.000153394	0.0	0.0	0.0	0.0	0.0	0.0	0.0	0.0	0.000110252	0.0	0.0	0.0	0.0	0.0	0.0	0.0	1.4380700000000001e-05	0.0	0.00033075600000000003	3.83486e-05	2.8761400000000002e-05	3.3555e-05	9.58714e-06	0.000100665	2.39679e-05	0.000441008	9.58714e-06	0.000148601	9.58714e-05	3.3555e-05	0.0	0.0	0.0	0.0	4.31421e-05	0.0	0.0	5.7522800000000004e-05	0.000124633	5.2729300000000004e-05	2.8761400000000002e-05	3.3555e-05	2.8761400000000002e-05	7.66971e-05	5.2729300000000004e-05	0.000129426	0.00554616	0.0006663060000000001	0.00431421	2.8761400000000002e-05	0.0015483200000000002	0.0005177059999999999	9.58714e-06	0.000234885	0.00220984	0.0	0.0	4.79357e-06	4.79357e-06	0.00116963	0.0	0.0	0.000230091	8.628430000000001e-05	0.00100665	2.39679e-05	0.0	0.0	4.79357e-06	9.58714e-06	0.0	0.0009491269999999999	0.0	9.58714e-06	0.0	0.0	0.000498531	0.00221463	2.8761400000000002e-05	0.000148601	0.00039786600000000003	0.00150039	0.00111211	0.00225777	0.0050716	0.0015914699999999998	0.0011217	0.0	0.00026844	6.231639999999999e-05	0.000215711	0.0037437800000000004	0.000158188	0.0007238289999999999	0.000119839	0.000565641	0.000910778	0.00214752	0.000704655	0.000901191	0.00046977	0.00133741	0.000493738	0.00152436	0.000503325	0.00347534	0.00243034	0.00263167	0.00363353	0.005057219999999999	0.00258853	0.00263167	3.3555e-05	0.000177362	0.000148601	3.3555e-05	0.00022529800000000002	0.000158188	0.000148601	9.58714e-06	3.83486e-05	0.00042662799999999997	4.31421e-05	8.14907e-05	0.000867636	8.14907e-05	0.00093954	0.00020133	2.39679e-05	0.00020612400000000002	0.0	0.000953921	0.000460183	0.000613577	0.00624602	0.00027802699999999997	0.00404577	0.0	0.00429025	0.0
Tbi-CJos_057_Ex1_L4_fastp	0.0698683	0.0828963	0.010664	0.0	0.00663068	0.0	0.0	7.6922e-06	5.12813e-05	0.000146152	0.0	0.0	0.0	0.0	0.0	0.0	0.0	0.0	8.71783e-05	0.0	0.0	0.0	0.0	0.0	0.0	0.0	1.02563e-05	0.0	0.00027948299999999997	7.6922e-06	7.6922e-06	4.10251e-05	2.56407e-06	9.48705e-05	1.79485e-05	0.00041281499999999997	1.02563e-05	0.00014871600000000002	8.71783e-05	1.53844e-05	0.0	0.0	0.0	0.0	3.8461e-05	0.0	0.0	7.94861e-05	0.000120511	5.38454e-05	1.28203e-05	4.61532e-05	1.28203e-05	7.6922e-05	6.92298e-05	0.000110255	0.00563582	0.000597428	0.00433327	3.07688e-05	0.0015256199999999999	0.0005384540000000001	0.0	0.000210254	0.00222305	0.0	2.56407e-06	0.0	1.02563e-05	0.000966653	0.0	2.56407e-06	0.000212818	6.41017e-05	0.00105127	2.05125e-05	0.0	1.28203e-05	2.56407e-06	5.12813e-06	0.0	0.0009615250000000001	0.0	0.0	7.6922e-06	0.0	0.000497429	0.00219741	2.05125e-05	0.00015897199999999998	0.000348713	0.00130511	0.00106152	0.00205125	0.0049768500000000005	0.00140767	0.000964089	0.0	0.000287176	3.07688e-05	0.000171793	0.0038255900000000002	9.23064e-05	0.000553839	0.000110255	0.00054871	0.000815373	0.00189997	0.000651273	0.0008256299999999999	0.00043076299999999997	0.00123075	0.00036666199999999997	0.00133844	0.000410251	0.0033486699999999998	0.00221792	0.00235638	0.0032999500000000003	0.00482045	0.00245125	0.00246407	2.5640699999999997e-05	0.000146152	8.97424e-05	3.07688e-05	0.000115383	0.00015897199999999998	0.000130767	1.28203e-05	4.8717299999999995e-05	0.00046666000000000003	4.8717299999999995e-05	6.15376e-05	0.000974346	5.8973499999999994e-05	0.00101537	0.0001641	1.79485e-05	0.000176921	0.0	0.0007871690000000001	0.000399995	0.000497429	0.00587428	0.000225638	0.0038743099999999997	0.0	0.0042717399999999996	0.0
Tbi-CJos_059_Ex1_L4_fastp	0.0707993	0.0838348	0.0106822	0.0	0.00656878	0.0	0.0	6.37746e-06	3.82647e-05	0.000184946	0.0	0.0	0.0	0.0	0.0	0.0	0.0	0.0	9.566179999999999e-05	0.0	0.0	0.0	0.0	0.0	0.0	0.0	3.18873e-06	0.0	0.00026785299999999997	9.56618e-06	2.86986e-05	1.59436e-05	0.0	5.420840000000001e-05	3.18873e-05	0.00042091199999999996	6.37746e-06	0.000133927	7.97182e-05	1.27549e-05	0.0	0.0	0.0	0.0	1.59436e-05	0.0	0.0	9.24731e-05	0.00010522799999999999	5.420840000000001e-05	1.59436e-05	3.5076e-05	1.91324e-05	7.0152e-05	5.73971e-05	0.000143493	0.00554201	0.00070152	0.00440682	1.91324e-05	0.00144768	0.000478309	3.18873e-06	0.000178569	0.00218747	0.0	0.0	3.18873e-06	3.18873e-06	0.0010299600000000001	0.0	6.37746e-06	0.00022321100000000001	7.0152e-05	0.0009661849999999999	1.91324e-05	0.0	0.0	0.0	9.56618e-06	0.0	0.0008832779999999999	0.0	0.0	1.27549e-05	0.0	0.00043685599999999995	0.00212369	1.27549e-05	0.00011160500000000001	0.000309307	0.0013297	0.00109373	0.00207905	0.00493296	0.0014444899999999999	0.00104271	3.18873e-06	0.00023596600000000002	2.86986e-05	0.00017538	0.003734	9.566179999999999e-05	0.000609047	0.00010203899999999999	0.0006473119999999999	0.000867334	0.0019164299999999998	0.000736596	0.000854579	0.00038583599999999997	0.00117983	0.00040496799999999996	0.00131376	0.000443233	0.00329396	0.00229907	0.00241706	0.00337686	0.00485962	0.00244894	0.00239473	2.55098e-05	0.000130738	9.566179999999999e-05	1.59436e-05	0.000143493	0.000137115	0.00011798300000000001	9.56618e-06	4.7830899999999996e-05	0.000398591	3.82647e-05	5.420840000000001e-05	0.0009247309999999999	6.05858e-05	0.0009311090000000001	0.000140304	9.56618e-06	0.00017538	0.0	0.000857768	0.000417723	0.000554839	0.00583856	0.00021364500000000002	0.00389663	0.0	0.00422825	0.0
Tbi-CJos_060_Ex1_L4_fastp	0.0697078	0.0830494	0.0106182	0.0	0.00673433	0.0	0.0	4.37863e-06	2.62718e-05	0.000148873	0.0	0.0	0.0	0.0	0.0	0.0	0.0	0.0	0.000109466	0.0	0.0	0.0	0.0	0.0	0.0	0.0	4.37863e-06	0.0	0.00029336799999999996	1.75145e-05	2.62718e-05	3.06504e-05	0.0	4.81649e-05	2.18931e-05	0.0005298140000000001	0.0	0.000166388	7.44367e-05	1.75145e-05	0.0	0.0	0.0	0.0	2.62718e-05	0.0	0.0	7.44367e-05	0.000131359	5.2543499999999996e-05	8.75726e-06	3.5029e-05	1.31359e-05	7.44367e-05	4.37863e-05	0.00016200900000000001	0.00578417	0.000757503	0.00452312	2.62718e-05	0.0015281399999999999	0.000556086	0.0	0.000179524	0.00226375	0.0	0.0	0.0	8.75726e-06	0.00116472	0.0	4.37863e-06	0.000183902	5.6922199999999995e-05	0.00106839	8.75726e-06	0.0	0.0	0.0	4.37863e-06	0.0	0.0009589199999999999	0.0	0.0	8.75726e-06	0.0	0.000459756	0.0022900200000000002	1.31359e-05	0.000122602	0.000324019	0.00142743	0.00111217	0.00212801	0.0048559	0.0015456600000000001	0.00105525	0.0	0.000280232	3.06504e-05	0.000175145	0.0038750900000000003	7.44367e-05	0.00054295	0.000109466	0.000599872	0.000871347	0.00200541	0.00079691	0.0008538329999999999	0.00043786300000000003	0.00128294	0.000499164	0.0014186799999999999	0.000490406	0.00347663	0.0023162900000000004	0.00247393	0.003319	0.00470265	0.00254398	0.0026184199999999998	2.62718e-05	0.00012697999999999998	9.63298e-05	1.31359e-05	0.000122602	0.000148873	0.00011822300000000001	8.75726e-06	3.94077e-05	0.00048164899999999996	5.6922199999999995e-05	3.5029e-05	0.0009589199999999999	6.13008e-05	0.00105525	0.000170767	3.06504e-05	0.000131359	0.0	0.0009457840000000001	0.00035029	0.000569222	0.006064399999999999	0.000201417	0.00410715	0.0	0.0043654900000000005	0.0
Tbi-CJos_067_Ex1_L4_fastp	0.06915629999999999	0.0840975	0.0106198	0.0	0.007010059999999999	0.0	0.0	4.65167e-06	4.65167e-05	0.000190718	0.0	0.0	0.0	0.0	0.0	0.0	0.0	0.0	9.30333e-05	0.0	0.0	0.0	0.0	0.0	0.0	0.0	4.65167e-06	0.0	0.000302358	4.65167e-06	2.32583e-05	4.65167e-05	0.0	9.30333e-05	9.30333e-06	0.00047446999999999995	9.30333e-06	0.000130247	8.373e-05	9.30333e-06	0.0	0.0	0.0	0.0	2.32583e-05	0.0	0.0	7.90783e-05	9.7685e-05	7.90783e-05	4.65167e-06	3.72133e-05	3.72133e-05	6.9775e-05	6.51233e-05	9.7685e-05	0.00532616	0.000627975	0.00410742	1.86067e-05	0.0014141099999999999	0.000562852	0.0	0.000158157	0.00213511	0.0	0.0	0.0	4.65167e-06	0.00116292	0.0	0.0	0.000200022	6.9775e-05	0.000953591	2.32583e-05	0.0	4.65167e-06	0.0	0.0	0.0	0.0009070749999999999	0.0	0.0	4.65167e-06	0.0	0.000437257	0.0021072	2.7910000000000002e-05	0.000200022	0.00042795299999999996	0.00161413	0.0012885099999999999	0.0023677	0.005214519999999999	0.0017583300000000002	0.0012606	4.65167e-06	0.000302358	2.7910000000000002e-05	0.000232583	0.00367482	8.83817e-05	0.000665188	0.000134898	0.000693098	0.0009442879999999999	0.00233979	0.000804738	0.00100011	0.000507032	0.00148853	0.000488425	0.00157226	0.000497728	0.00363295	0.00267006	0.0027444799999999997	0.0037585500000000003	0.00507032	0.00286543	0.00261889	2.32583e-05	0.000162808	0.000134898	1.3955000000000001e-05	0.000158157	0.000162808	0.00013955	2.32583e-05	3.72133e-05	0.000409347	5.5820000000000004e-05	5.5820000000000004e-05	0.000841952	5.5820000000000004e-05	0.0009396359999999999	0.000200022	9.30333e-06	0.000116292	0.0	0.000967546	0.00041399799999999995	0.000576807	0.00618672	0.00020932499999999998	0.0037632	0.0	0.00396322	0.0
Tbi-CJos_068_Ex1_L4_fastp	0.0701394	0.0834149	0.0106026	0.0	0.00679417	0.0	0.0	3.86252e-06	2.70376e-05	0.000146776	0.0	0.0	0.0	0.0	0.0	0.0	0.0	0.0	8.11129e-05	0.0	0.0	0.0	0.0	0.0	0.0	0.0	7.72503e-06	0.0	0.000266514	1.9312600000000002e-05	2.70376e-05	2.31751e-05	3.86252e-06	4.63502e-05	3.4762700000000005e-05	0.000451914	1.15876e-05	0.000146776	5.40752e-05	3.86252e-06	0.0	0.0	0.0	0.0	1.15876e-05	0.0	0.0	8.88379e-05	0.00010428800000000002	4.24877e-05	7.72503e-06	3.09001e-05	2.31751e-05	7.33878e-05	4.24877e-05	0.000112013	0.00579378	0.000606415	0.00450756	1.54501e-05	0.0016531599999999999	0.000560065	3.86252e-06	0.00022016299999999997	0.00236	0.0	0.0	0.0	3.86252e-06	0.0009579040000000001	0.0	7.72503e-06	0.00026265100000000003	7.72503e-05	0.00115876	1.54501e-05	0.0	3.86252e-06	0.0	7.72503e-06	0.0	0.0010930900000000001	0.0	0.0	1.54501e-05	0.0	0.000625728	0.00230979	1.9312600000000002e-05	0.000158363	0.000289689	0.00139437	0.0009656290000000001	0.00207417	0.00466978	0.00137506	0.00102357	3.86252e-06	0.000266514	3.4762700000000005e-05	0.00018153800000000002	0.0039359	8.49754e-05	0.000560065	0.00010428800000000002	0.000498265	0.0007995410000000001	0.00191195	0.000737741	0.0007918160000000001	0.000444189	0.00122056	0.000428739	0.00130167	0.000513715	0.0035342000000000004	0.0022248100000000002	0.00227888	0.00313636	0.00461957	0.00243339	0.0025763	3.4762700000000005e-05	0.00012360099999999998	0.000100425	2.70376e-05	0.000166088	0.000131326	0.00012360099999999998	1.54501e-05	4.63502e-05	0.00055234	5.02127e-05	6.18003e-05	0.0011278500000000001	6.18003e-05	0.00114717	0.000166088	3.86252e-06	0.000154501	0.0	0.0008574790000000001	0.000382389	0.000587103	0.00578605	0.000258789	0.00412903	0.0	0.00443803	0.0
Tbi-CJos_070_Ex1_L4_fastp	0.0690401	0.0846401	0.0109595	0.0	0.00654817	0.0	0.0	0.0	9.1711e-05	0.000137567	0.0	0.0	0.0	0.0	0.0	0.0	0.0	0.0	4.58555e-05	0.0	0.0	0.0	0.0	0.0	0.0	0.0	9.171100000000001e-06	0.0	0.000376015	0.0	1.8342200000000002e-05	2.75133e-05	0.0	0.00011005300000000001	1.8342200000000002e-05	0.000458555	0.0	0.000174251	6.419769999999999e-05	2.75133e-05	0.0	0.0	0.0	0.0	0.0	0.0	0.0	7.336880000000001e-05	0.00011005300000000001	6.419769999999999e-05	9.171100000000001e-06	9.171100000000001e-06	2.75133e-05	6.419769999999999e-05	5.50266e-05	7.336880000000001e-05	0.00521836	0.000623635	0.00402611	9.171100000000001e-06	0.0015224	0.000596122	9.171100000000001e-06	0.00020176399999999997	0.0020910100000000004	0.0	0.0	0.0	0.0	0.000972137	0.0	0.0	0.000265962	0.00011005300000000001	0.00104551	2.75133e-05	0.0	0.0	0.0	0.0	0.0	0.00100882	0.0	9.171100000000001e-06	9.171100000000001e-06	0.0	0.000568608	0.00210935	0.0	0.00011922400000000001	0.000302646	0.00135732	0.00102716	0.00207267	0.00479649	0.00139401	0.0009079390000000001	0.0	0.000220107	2.75133e-05	0.000174251	0.0035858999999999995	5.50266e-05	0.000541095	0.000128395	0.000531924	0.000807057	0.0019993	0.000632806	0.000761202	0.000366844	0.00124727	0.000376015	0.00135732	0.000376015	0.00335662	0.00217355	0.00232029	0.00322823	0.00464975	0.0024853699999999998	0.002412	1.8342200000000002e-05	0.00010088199999999999	8.25399e-05	1.8342200000000002e-05	0.00011922400000000001	0.00011922400000000001	0.00010088199999999999	0.0	5.50266e-05	0.000568608	4.58555e-05	6.419769999999999e-05	0.0009537950000000001	7.336880000000001e-05	0.00101799	0.00011922400000000001	0.0	0.00010088199999999999	0.0	0.000742859	0.000357673	0.000550266	0.005676909999999999	0.00021093499999999999	0.00365927	0.0	0.00395275	0.0
Tbi-CJos_071_Ex1_L4_fastp	0.0705301	0.0834584	0.010549	0.0	0.00651481	0.0	0.0	1.2280499999999999e-05	5.21922e-05	0.000125875	0.0	0.0	0.0	0.0	0.0	0.0	0.0	0.0	8.59636e-05	0.0	0.0	0.0	0.0	0.0	0.0	0.0	3.07013e-06	0.0	0.00028552199999999997	1.2280499999999999e-05	1.84208e-05	3.0701300000000004e-05	3.07013e-06	6.44727e-05	1.53506e-05	0.00039297599999999996	3.07013e-06	0.000101314	4.91221e-05	1.84208e-05	0.0	0.0	0.0	0.0	1.53506e-05	0.0	0.0	6.44727e-05	8.903370000000001e-05	4.6051900000000005e-05	6.14026e-06	5.21922e-05	9.21039e-06	7.98233e-05	5.21922e-05	9.210389999999999e-05	0.00565211	0.000555693	0.00436879	1.84208e-05	0.00157498	0.00043902799999999994	6.14026e-06	0.000199558	0.0022719	0.0	3.07013e-06	0.0	6.14026e-06	0.00101007	0.0	6.14026e-06	0.000217979	7.36831e-05	0.00108376	9.21039e-06	0.0	0.0	0.0	0.0	0.0	0.000979371	0.0	3.07013e-06	1.2280499999999999e-05	0.0	0.000512711	0.00218593	1.53506e-05	0.000141226	0.00032543400000000004	0.00129866	0.00110218	0.00201707	0.00480782	0.00142454	0.0009425299999999999	0.0	0.000282452	3.37714e-05	0.000205699	0.0038745000000000003	0.00011052499999999999	0.000626306	0.000138156	0.000598675	0.000789023	0.0019525999999999999	0.000620166	0.000828935	0.000405257	0.00119121	0.000402187	0.0012434	0.000408327	0.00330653	0.0021583	0.00231488	0.0032144200000000004	0.00473107	0.00242233	0.0025083	3.99117e-05	0.00016271700000000002	0.000122805	3.37714e-05	0.000165787	0.000153506	0.000104384	9.21039e-06	6.44727e-05	0.00043902799999999994	6.140260000000001e-05	5.21922e-05	0.00101621	6.44727e-05	0.00102235	0.000171927	3.07013e-06	0.000165787	3.07013e-06	0.0008013040000000001	0.000356135	0.0005280619999999999	0.00582403	0.00023640000000000003	0.00408327	0.0	0.00430739	0.0
Tbi-CJos_072_Ex1_L4_fastp	0.06948460000000001	0.0847158	0.0110772	0.0	0.00654565	0.0	0.0	0.0	0.000125878	0.000251756	0.0	0.0	0.0	0.0	0.0	0.0	0.0	0.0	0.0	0.0	0.0	0.0	0.0	0.0	0.0	0.0	0.0	0.0	0.000125878	0.0	0.0	0.0	0.0	0.0	0.0	0.000125878	0.0	0.000251756	0.0	0.0	0.0	0.0	0.0	0.0	0.0	0.0	0.0	0.0	0.0	0.0	0.0	0.0	0.0	0.0	0.0	0.0	0.00516099	0.000125878	0.0036504600000000003	0.0	0.00138466	0.000251756	0.0	0.000125878	0.00163641	0.0	0.0	0.0	0.0	0.000377634	0.0	0.0	0.000125878	0.0	0.0008811450000000001	0.0	0.0	0.0	0.0	0.0	0.0	0.0008811450000000001	0.0	0.0	0.0	0.0	0.000377634	0.0017622900000000001	0.0	0.000125878	0.000125878	0.00100702	0.000755267	0.00163641	0.00503511	0.0011329	0.000755267	0.0	0.000251756	0.0	0.000251756	0.00289519	0.0	0.000377634	0.0	0.0006293890000000001	0.0006293890000000001	0.0017622900000000001	0.000503511	0.0006293890000000001	0.000251756	0.000755267	0.000125878	0.00100702	0.000377634	0.00264343	0.00213992	0.0020140500000000003	0.0035245800000000002	0.00528687	0.00251756	0.00188817	0.0	0.000251756	0.0	0.0	0.000251756	0.000125878	0.000251756	0.0	0.0	0.000503511	0.0	0.000251756	0.0008811450000000001	0.000125878	0.00100702	0.000125878	0.0	0.000251756	0.0	0.000755267	0.000503511	0.000251756	0.00541275	0.000251756	0.00314695	0.0	0.0035245800000000002	0.0
Tbi-CJos_073_Ex1_L4_fastp	0.0706128	0.0845189	0.0102574	0.0	0.00659697	0.0	0.0	5.88489e-06	4.70792e-05	0.000158892	0.0	0.0	0.0	0.0	0.0	0.0	0.0	0.0	0.000105928	0.0	0.0	0.0	0.0	0.0	0.0	0.0	1.17698e-05	0.0	0.000311899	1.17698e-05	5.88489e-06	1.17698e-05	0.0	4.11943e-05	1.76547e-05	0.00037663299999999997	5.88489e-06	0.000141237	8.238849999999999e-05	1.17698e-05	0.0	0.0	0.0	0.0	1.17698e-05	0.0	0.0	8.238849999999999e-05	0.000123583	4.70792e-05	5.88489e-06	4.70792e-05	1.76547e-05	8.82734e-05	2.35396e-05	0.000135353	0.00570835	0.0006061440000000001	0.00419004	3.53094e-05	0.0016830800000000002	0.000588489	0.0	0.000223626	0.00242458	0.0	0.0	0.0	5.88489e-06	0.000994547	0.0	5.88489e-06	0.00027070500000000004	8.82734e-05	0.00113578	1.17698e-05	0.0	0.0	0.0	1.76547e-05	0.0	0.00104163	0.0	5.88489e-06	1.17698e-05	0.0	0.0006237990000000001	0.00223037	2.35396e-05	0.000158892	0.000341324	0.00137707	0.00105928	0.0019890899999999998	0.00474322	0.0013241000000000001	0.000929813	0.0	0.000294245	3.53094e-05	0.00019420199999999998	0.0038134099999999997	0.000123583	0.0005943739999999999	0.000153007	0.000535525	0.000788576	0.00194202	0.0006414529999999999	0.0007944610000000001	0.000417827	0.00118286	0.000470792	0.0013299899999999999	0.0005002159999999999	0.00345443	0.0022597999999999997	0.0024363500000000003	0.00330143	0.00474911	0.0024893100000000002	0.00254227	2.94245e-05	0.000170662	0.000153007	4.11943e-05	0.000147122	0.000182432	0.000129468	2.94245e-05	5.88489e-05	0.0006237990000000001	6.473380000000001e-05	8.82734e-05	0.00105928	3.53094e-05	0.00110636	0.000170662	1.76547e-05	0.00017654700000000002	0.0	0.0008533099999999999	0.000364863	0.0005002159999999999	0.0059202	0.000211856	0.0039016800000000003	0.0	0.0042194699999999995	0.0
Tbi-CJos_080_Ex1_L4_fastp	0.0699905	0.0833059	0.0107441	0.0	0.0066365799999999996	0.0	0.0	9.054e-06	5.4324e-05	0.00018108000000000002	0.0	0.0	0.0	0.0	0.0	0.0	0.0	0.0	9.6576e-05	0.0	0.0	0.0	0.0	0.0	0.0	0.0	0.0	0.0	0.000274638	1.8108e-05	1.5090000000000001e-05	2.7162e-05	0.0	8.4504e-05	2.7162e-05	0.000488916	3.018e-06	0.00018108000000000002	7.2432e-05	1.5090000000000001e-05	0.0	0.0	0.0	0.0	1.8108e-05	0.0	0.0	6.337799999999999e-05	0.000123738	7.8468e-05	6.036e-06	4.8288e-05	2.4144e-05	0.000108648	4.8288e-05	0.0001509	0.00564366	0.000651888	0.00444551	3.6216e-05	0.0015452200000000001	0.000549276	9.054e-06	0.000205224	0.00221823	0.0	3.018e-06	0.0	6.036e-06	0.0010895	0.0	6.036e-06	0.000202206	7.2432e-05	0.00101405	3.018e-06	0.0	1.5090000000000001e-05	0.0	6.036e-06	0.0	0.000914454	0.0	3.018e-06	3.018e-06	0.0	0.000491934	0.00220012	1.5090000000000001e-05	0.000153918	0.00031689	0.00138224	0.00109252	0.0020462	0.00485596	0.00150296	0.00105026	0.0	0.000274638	4.2252e-05	0.000223332	0.00382682	8.4504e-05	0.000540222	0.000138828	0.000627744	0.0008540939999999999	0.0019617	0.000757518	0.00086013	0.0004527	0.00130378	0.0005070239999999999	0.00133999	0.00048288000000000004	0.00340129	0.00220314	0.00239629	0.00326849	0.00485294	0.00248985	0.00251701	3.0180000000000002e-05	0.00016599	0.00010562999999999999	3.9234e-05	0.00016599	0.000147882	0.0001509	1.8108e-05	6.0360000000000005e-05	0.00042855599999999997	5.7342e-05	6.9414e-05	0.0009597239999999999	7.8468e-05	0.00102008	0.000187116	2.7162e-05	0.000144864	3.018e-06	0.000872202	0.000380268	0.00055833	0.00589416	0.00024144000000000002	0.00402299	0.0	0.00428556	0.0
Tbi-CJos_081_Ex1_L4_fastp	0.07029490000000001	0.0837903	0.010569499999999999	0.0	0.0066967300000000006	0.0	0.0	2.08102e-06	4.99446e-05	0.000172725	0.0	0.0	0.0	0.0	0.0	0.0	0.0	0.0	9.98891e-05	0.0	0.0	0.0	0.0	0.0	0.0	0.0	4.16205e-06	0.0	0.000301748	1.2486099999999999e-05	1.87292e-05	1.2486099999999999e-05	0.0	4.57825e-05	2.08102e-05	0.000416205	6.243069999999999e-06	0.000137348	7.69979e-05	8.32409e-06	0.0	0.0	0.0	0.0	2.2891300000000002e-05	0.0	0.0	8.32409e-05	0.00012278	3.74584e-05	8.32409e-06	3.53774e-05	1.87292e-05	6.65927e-05	5.41066e-05	0.00012278	0.0056042	0.000620145	0.00440345	2.08102e-05	0.0016127899999999998	0.000561876	0.0	0.00020394	0.00232658	0.0	2.08102e-06	4.16205e-06	4.16205e-06	0.0010134599999999999	0.0	4.16205e-06	0.000255966	9.1565e-05	0.00103635	1.4567200000000002e-05	0.0	0.0	0.0	1.04051e-05	0.0	0.0009676760000000001	0.0	0.0	4.16205e-06	0.0	0.000522337	0.0022475100000000003	1.87292e-05	0.000151915	0.000301748	0.00139429	0.0010946200000000001	0.0021268100000000002	0.0049486700000000005	0.0014255	0.0010217800000000001	0.0	0.00026429000000000003	3.32964e-05	0.000201859	0.003904	9.780809999999999e-05	0.0006139019999999999	0.000133185	0.00058893	0.000819923	0.00201651	0.000699224	0.0008844349999999999	0.00042660999999999996	0.00126526	0.000414124	0.00138388	0.00045990600000000005	0.00344409	0.0022454199999999997	0.0023744499999999997	0.0032734500000000002	0.00480924	0.00255342	0.00259295	2.70533e-05	0.00015815799999999999	0.000126942	3.53774e-05	0.000164401	0.000168563	0.000131104	2.08102e-05	6.03497e-05	0.0004952839999999999	5.20256e-05	6.03497e-05	0.00101762	4.78635e-05	0.0010113799999999999	0.000153996	1.66482e-05	0.000143591	4.16205e-06	0.0008698680000000001	0.000382908	0.000530661	0.00603289	0.000199778	0.00408089	0.0	0.0042973099999999995	0.0
Tbi-CJos_085_Ex1_L4_fastp	0.0691652	0.0835463	0.0108466	0.0	0.006565229999999999	0.0	0.0	7.2504e-06	2.5376400000000003e-05	0.000192135	0.0	0.0	0.0	0.0	0.0	0.0	0.0	0.0	9.42551e-05	0.0	0.0	0.0	0.0	0.0	0.0	0.0	0.0	0.0	0.000326268	3.6252e-06	1.45008e-05	2.17512e-05	0.0	7.2504e-05	2.5376400000000003e-05	0.000449525	3.6252e-06	0.000119632	7.975440000000001e-05	3.6252e-06	0.0	0.0	0.0	0.0	7.2504e-06	0.0	0.0	7.61292e-05	0.000101506	5.0752800000000006e-05	3.6252e-06	2.5376400000000003e-05	3.6252e-05	8.70048e-05	5.80032e-05	0.000141383	0.0057024400000000005	0.0007214140000000001	0.00433936	2.17512e-05	0.0013957	0.0005474049999999999	3.6252e-06	0.00023926300000000003	0.00207724	0.0	0.0	3.6252e-06	3.6252e-06	0.00102231	0.0	7.2504e-06	0.00023926300000000003	5.80032e-05	0.0009606770000000001	7.2504e-06	0.0	3.6252e-06	0.0	1.08756e-05	0.0	0.0008555469999999999	0.0	0.0	7.2504e-06	0.0	0.000489402	0.00214612	1.8126e-05	0.000195761	0.000322643	0.0014537	0.00116731	0.0021316200000000003	0.00483964	0.00150808	0.00116731	0.0	0.000337143	2.90016e-05	0.000242888	0.0037194499999999996	0.00012688199999999998	0.0005691559999999999	0.00011600600000000001	0.0005474049999999999	0.0009244250000000001	0.00208811	0.00073954	0.0008627970000000001	0.00047852600000000006	0.00134857	0.000449525	0.00137032	0.000529279	0.00329893	0.0023128800000000002	0.0024470100000000003	0.0033279299999999998	0.00467651	0.00261739	0.00254489	3.9877200000000005e-05	0.00015588400000000001	0.000141383	2.17512e-05	0.000166759	0.000163134	0.000141383	1.08756e-05	3.6252e-05	0.000496652	7.2504e-05	8.337959999999999e-05	0.0009280509999999999	6.525360000000001e-05	0.000975178	0.000184885	2.5376400000000003e-05	0.000170384	0.0	0.0009063	0.00041327299999999997	0.0006271590000000001	0.00576406	0.000261014	0.00401672	0.0	0.00427773	3.6252e-06
Tbi-CJos_086_Ex1_L4_fastp	0.0703892	0.0840004	0.011012300000000001	0.0	0.00667956	0.0	0.0	1.3624799999999999e-05	3.4062e-05	0.00020437200000000003	0.0	0.0	0.0	0.0	0.0	0.0	0.0	0.0	9.53737e-05	0.0	0.0	0.0	0.0	0.0	0.0	0.0	3.4061999999999997e-06	0.0	0.000255465	1.7031e-05	3.06558e-05	4.42806e-05	3.4061999999999997e-06	5.44993e-05	3.74682e-05	0.000435994	1.02186e-05	0.000139654	7.83427e-05	6.81241e-06	0.0	0.0	0.0	0.0	1.3624799999999999e-05	0.0	0.0	8.17489e-05	8.17489e-05	6.812410000000001e-05	3.4061999999999997e-06	3.74682e-05	3.4062e-05	8.85613e-05	5.79055e-05	0.00011921700000000001	0.00568495	0.00063696	0.00431907	1.02186e-05	0.00146807	0.00047686800000000003	3.4061999999999997e-06	0.000173716	0.00212547	0.0	3.4061999999999997e-06	3.4061999999999997e-06	3.4061999999999997e-06	0.000980987	0.0	1.02186e-05	0.000180529	4.76868e-05	0.0009537370000000001	6.81241e-06	0.0	3.4061999999999997e-06	3.4061999999999997e-06	6.81241e-06	0.0	0.000885613	0.0	3.4061999999999997e-06	1.3624799999999999e-05	0.0	0.000480275	0.0020846	1.7031e-05	0.000163498	0.000320183	0.00133523	0.00103549	0.00207097	0.00493559	0.00139995	0.000987799	0.0	0.000252059	3.4062e-05	0.00017031000000000001	0.00383879	8.85613e-05	0.000616523	9.53737e-05	0.000521149	0.0007766139999999999	0.00200625	0.000660803	0.0008140830000000001	0.00043258799999999997	0.00119898	0.00041215100000000003	0.00131139	0.00044280599999999996	0.0033040200000000004	0.0022004100000000003	0.00225831	0.00324271	0.00469034	0.0024967500000000003	0.00244225	3.4062e-05	0.000143061	0.000122623	3.74682e-05	0.000146467	0.000143061	0.000122623	1.3624799999999999e-05	4.08744e-05	0.000384901	4.42806e-05	8.17489e-05	0.000919675	6.812410000000001e-05	0.0009298939999999999	0.000160092	1.3624799999999999e-05	0.00015327899999999998	0.0	0.0008345199999999999	0.00039512000000000005	0.000524555	0.00583823	0.000228216	0.00385923	0.0	0.00422369	3.4061999999999997e-06
Tbi-CJos_087_Ex1_L4_fastp	0.0703226	0.0830818	0.0108478	0.0	0.006726199999999999	0.0	0.0	1.0663800000000001e-05	5.0653100000000005e-05	0.000141296	0.0	0.0	0.0	0.0	0.0	0.0	0.0	0.0	0.000119968	0.0	0.0	0.0	0.0	0.0	0.0	0.0	2.66596e-06	0.0	0.00026393	1.0663800000000001e-05	1.0663800000000001e-05	1.33298e-05	0.0	5.8651e-05	1.33298e-05	0.00042388699999999996	0.0	0.000119968	9.06425e-05	7.99787e-06	0.0	0.0	0.0	0.0	1.0663800000000001e-05	0.0	0.0	8.797650000000001e-05	7.73127e-05	4.26553e-05	7.99787e-06	2.93255e-05	2.93255e-05	6.931480000000001e-05	4.26553e-05	0.000130632	0.005787789999999999	0.0006531589999999999	0.00450546	1.86617e-05	0.00158091	0.000562517	2.66596e-06	0.000183951	0.00227406	0.0	2.66596e-06	7.99787e-06	7.99787e-06	0.000911757	0.0	2.66596e-06	0.00022394	5.8651e-05	0.00107171	1.33298e-05	0.0	5.33191e-06	0.0	2.66596e-06	0.0	0.0009730739999999999	0.0	0.0	5.33191e-06	0.0	0.000509197	0.00221807	1.86617e-05	0.00013863	0.000338576	0.00120501	0.0009864029999999998	0.00197014	0.0046361	0.00133298	0.000909091	0.0	0.000258598	3.4657400000000005e-05	0.00017595300000000001	0.00391362	6.931480000000001e-05	0.000557185	9.59744e-05	0.00048787000000000006	0.000749133	0.0018555000000000002	0.000597174	0.000757131	0.00034390800000000003	0.00114103	0.000365236	0.00121568	0.000381232	0.00333778	0.0021221	0.0022340700000000003	0.00310317	0.00456412	0.00234071	0.00234604	1.86617e-05	0.000119968	6.39829e-05	1.86617e-05	0.00011197	0.00010663799999999999	0.000109304	5.33191e-06	5.33191e-05	0.00042388699999999996	3.99893e-05	5.33191e-05	0.0010397199999999998	4.79872e-05	0.00101573	0.000154625	1.0663800000000001e-05	0.000149293	0.0	0.0008184479999999999	0.00034390800000000003	0.000511863	0.00583844	0.000189283	0.00398027	0.0	0.004353500000000001	0.0
Tbi-CJos_091_Ex1_L4_fastp	0.0711091	0.0842738	0.010975200000000001	0.0	0.0064081699999999995	0.0	0.0	0.0	5.5290499999999995e-05	0.000182459	0.0	0.0	0.0	0.0	0.0	0.0	0.0	0.0	8.293579999999999e-05	0.0	0.0	0.0	0.0	0.0	0.0	0.0	0.0	0.0	0.00017693	1.65872e-05	1.65872e-05	2.7645299999999998e-05	0.0	3.87034e-05	1.65872e-05	0.000436795	0.0	0.000149284	6.63486e-05	0.0	0.0	0.0	0.0	0.0	1.65872e-05	0.0	0.0	8.84648e-05	6.0819599999999996e-05	3.31743e-05	5.52905e-06	3.87034e-05	3.87034e-05	6.63486e-05	3.31743e-05	0.00012716799999999999	0.00592714	0.000492085	0.00460017	1.65872e-05	0.0016144800000000002	0.0005197310000000001	0.0	0.000154813	0.0021950299999999997	0.0	0.0	5.52905e-06	1.10581e-05	0.00101182	0.0	5.52905e-06	0.00017693	8.293579999999999e-05	0.000967584	5.52905e-06	0.0	0.0	0.0	5.52905e-06	0.0	0.000923351	0.0	0.0	5.52905e-06	0.0	0.000492085	0.0022945599999999997	1.65872e-05	0.000182459	0.000320685	0.00132697	0.00107264	0.00215633	0.00497062	0.00145414	0.00105052	0.0	0.000304098	4.42324e-05	0.000248807	0.00399197	0.00011058099999999999	0.000602666	0.000132697	0.00052526	0.0008404160000000001	0.00199046	0.000707718	0.0008182990000000001	0.000431266	0.00127721	0.000431266	0.00141544	0.000453382	0.00346119	0.00230561	0.00248807	0.00336719	0.00482686	0.00256548	0.00252125	3.31743e-05	0.000132697	0.00010505200000000001	2.21162e-05	0.000149284	0.000171401	0.00011611	1.10581e-05	5.5290499999999995e-05	0.00046444	4.42324e-05	7.18777e-05	0.0009565260000000001	4.42324e-05	0.000923351	0.00018798800000000002	1.10581e-05	0.000160342	0.0	0.0008901769999999999	0.000398092	0.0006247830000000001	0.00596585	0.00029304	0.0041302	0.0	0.00445089	0.0
Tbi-CJos_092_Ex1_L4_fastp	0.0703667	0.0833964	0.0111188	0.0	0.006882790000000001	0.0	0.0	8.39364e-06	4.47661e-05	0.00018466	0.0	0.0	0.0	0.0	0.0	0.0	0.0	0.0	8.95322e-05	0.0	0.0	0.0	0.0	0.0	0.0	0.0	2.7978800000000002e-06	0.0	0.00032175600000000003	1.39894e-05	1.39894e-05	4.19682e-05	0.0	7.27449e-05	2.51809e-05	0.000506416	2.7978800000000002e-06	0.00011751100000000001	7.55428e-05	1.39894e-05	0.0	2.7978800000000002e-06	0.0	0.0	1.39894e-05	0.0	0.0	8.95322e-05	0.00011751100000000001	4.47661e-05	8.39364e-06	2.79788e-05	2.51809e-05	7.55428e-05	7.27449e-05	0.000134298	0.00550063	0.000702268	0.00434231	1.95852e-05	0.00153604	0.000498023	5.5957600000000004e-06	0.000139894	0.00228867	0.0	2.7978800000000002e-06	0.0	5.5957600000000004e-06	0.000987652	0.0	8.39364e-06	0.000170671	5.59576e-05	0.00102402	1.95852e-05	0.0	2.7978800000000002e-06	0.0	0.0	0.0	0.0009484820000000001	0.0	2.7978800000000002e-06	1.67873e-05	0.0	0.000458852	0.00219913	1.1191500000000001e-05	0.00017346900000000002	0.000293778	0.00136257	0.0010743900000000002	0.00217395	0.005030590000000001	0.0014464999999999999	0.0010548	0.0	0.00028258600000000004	4.47661e-05	0.000181862	0.0037799400000000003	9.79258e-05	0.0005959489999999999	0.00013709600000000002	0.0005987470000000001	0.000825375	0.00197251	0.000691077	0.000847758	0.00045605499999999997	0.00124226	0.000447661	0.0013569699999999999	0.000484033	0.00349455	0.00230825	0.00245094	0.00334347	0.0049466499999999995	0.0025460699999999997	0.00262721	2.79788e-05	0.00016507500000000001	0.00012870299999999998	3.35746e-05	0.00013709600000000002	0.000153883	0.00012030899999999999	2.2383000000000002e-05	5.8755500000000004e-05	0.000444863	6.71491e-05	6.9947e-05	0.000982056	8.39364e-05	0.00104361	0.000156681	5.5957600000000004e-06	0.000148288	5.5957600000000004e-06	0.000912109	0.000411289	0.000576363	0.00595109	0.000263001	0.0039282200000000005	0.0	0.00421361	0.0
Tbi-CJos_093_Ex1_L4_fastp	0.0695506	0.0839275	0.010787	0.0	0.00669459	0.0	0.0	7.463309999999999e-06	6.71698e-05	0.00011941299999999999	0.0	0.0	0.0	0.0	0.0	0.0	0.0	0.0	8.95598e-05	0.0	0.0	0.0	0.0	0.0	0.0	0.0	4.97554e-06	0.0	0.000340825	1.2438899999999999e-05	2.23899e-05	2.73655e-05	2.48777e-06	6.21943e-05	1.2438899999999999e-05	0.000490091	4.97554e-06	0.000131852	8.95598e-05	1.74144e-05	0.0	0.0	0.0	0.0	1.49266e-05	0.0	0.0	6.71698e-05	8.95598e-05	6.71698e-05	1.49266e-05	3.98043e-05	2.73655e-05	7.96087e-05	5.7218699999999995e-05	0.00011195000000000001	0.005595	0.000676674	0.00431131	1.49266e-05	0.0014851999999999999	0.000485115	7.463309999999999e-06	0.000159217	0.00220665	0.0	2.48777e-06	7.463309999999999e-06	9.95109e-06	0.00101501	0.0	9.95109e-06	0.000208973	6.21943e-05	0.000922963	1.49266e-05	0.0	4.97554e-06	0.0	2.48777e-06	0.0	0.0009155	0.0	0.0	1.2438899999999999e-05	0.0	0.000465213	0.00214695	1.49266e-05	0.000176632	0.000325898	0.00144042	0.0011020799999999999	0.00206734	0.00483374	0.00143793	0.0010199900000000001	0.0	0.000276143	2.73655e-05	0.00020150900000000003	0.00381127	0.000109462	0.000604528	0.000124389	0.000611992	0.0008657440000000001	0.00203748	0.000711503	0.000895598	0.000485115	0.00121901	0.000405507	0.0013633	0.00048014000000000005	0.00332615	0.00230368	0.00239324	0.0032490300000000004	0.00463472	0.0025226	0.00247782	1.99022e-05	0.000159217	0.00011692500000000001	2.23899e-05	0.000159217	0.00017165599999999998	0.000146779	9.95109e-06	5.9706499999999995e-05	0.000447799	6.468210000000001e-05	9.45353e-05	0.0008732079999999999	7.96087e-05	0.0009553039999999999	0.00019404600000000002	1.49266e-05	0.00016668099999999999	2.48777e-06	0.0008906219999999999	0.00042540899999999997	0.0005920900000000001	0.0058636800000000005	0.00027365500000000004	0.0039057999999999996	0.0	0.00414214	2.48777e-06
Tbi-CJos_095_Ex1_L4_fastp	0.07074369999999999	0.0832054	0.0104086	0.0	0.006667440000000001	0.0	0.0	5.29162e-06	5.82078e-05	0.00014816500000000002	0.0	0.0	0.0	0.0	0.0	0.0	0.0	0.0	5.82078e-05	0.0	0.0	0.0	0.0	0.0	0.0	0.0	0.0	0.0	0.000296331	5.29162e-06	0.0	1.05832e-05	0.0	2.11665e-05	2.6458099999999997e-05	0.00039687200000000005	5.29162e-06	8.995760000000001e-05	5.82078e-05	0.0	0.0	0.0	0.0	0.0	2.11665e-05	0.0	0.0	4.76246e-05	7.40827e-05	4.76246e-05	0.0	2.6458099999999997e-05	3.70413e-05	7.40827e-05	4.2333e-05	9.52492e-05	0.00560912	0.00058737	0.004228	2.6458099999999997e-05	0.00148165	0.000433913	0.0	0.00014816500000000002	0.0021219399999999997	0.0	0.0	0.0	0.0	0.00100012	0.0	0.0	0.000137582	3.17497e-05	0.0009524920000000001	1.05832e-05	0.0	0.0	0.0	0.0	0.0	0.0008043260000000001	0.0	0.0	5.29162e-06	0.0	0.00040216300000000003	0.00206902	1.05832e-05	0.00013229099999999998	0.000296331	0.00129116	0.00100012	0.00197907	0.00465133	0.00126999	0.0009524920000000001	0.0	0.00023283100000000002	4.2333e-05	0.000158749	0.0035930099999999998	7.937430000000001e-05	0.000545037	9.52492e-05	0.000534454	0.000836076	0.00184678	0.0006879109999999999	0.000799035	0.000370413	0.00108478	0.000375705	0.00123824	0.000418038	0.00313793	0.0021484	0.00221719	0.00314322	0.00449788	0.0024659	0.0023336000000000003	3.17497e-05	0.000126999	0.000105832	1.05832e-05	0.000174623	0.00016404	0.00013229099999999998	1.58749e-05	3.17497e-05	0.000375705	4.76246e-05	8.46659e-05	0.0008572429999999999	8.995760000000001e-05	0.000957783	0.000174623	2.11665e-05	0.00019579	0.0	0.0007884509999999999	0.00039687200000000005	0.000513287	0.00556678	0.000201082	0.0039158	0.0	0.00420155	0.0
