Sample	1	2	3	4	5	6	7	8	9	10	11	12	13	14	15	16	17	18	19	20	21	22	23	24	25	26	27	28	29	30	31	32	33	34	35	36	37	38	39	40	41	42	43	44	45	46	47	48	49	50	51	52	53	54	55	56	57	58	59	60	61	62	63	64	65	66	67	68	69	70	71	72	73	74	75	76	77	78	79	80	81	82	83	84	85	86	87	88	89	90	91	92	93	94	95	96	97	98	99	100	101	102	103	104	105	106	107	108	109	110	111	112	113	114	115	116	117	118	119	120	121	122	123	124	125	126	127	128	129	130	131	132	133	134	135
Tzo-AMvi_001_Ex1_L4_clmp.r1r2_fastp	36.4094	37.2406	36.7346	37.3056	36.995400000000004	37.514399999999995	36.7992	37.1807	36.8265	36.743500000000004	36.2722	36.7184	36.5525	36.8671	36.4786	37.0911	36.7498	36.7405	36.3819	36.823	36.4275	36.8178	36.0738	36.686600000000006	36.4827	36.9242	36.271100000000004	36.918099999999995	36.5081	36.5466	36.071799999999996	36.552099999999996	36.4493	36.6041	36.0979	36.6948	36.3369	36.6965	36.059000000000005	36.6954	36.2311	36.492999999999995	35.957699999999996	36.5884	36.2357	36.4969	35.8922	36.44	36.0102	36.4384	35.7503	36.2693	35.993900000000004	36.2539	35.7736	36.2794	35.9342	36.2804	35.9107	36.3868	35.999900000000004	36.2322	35.5879	36.1649	35.747299999999996	36.1672	35.5715	36.0805	35.8984	36.0546	35.6232	36.0441	35.7607	35.938199999999995	35.5216	36.0475	35.684	35.951	35.4542	35.9424	35.753099999999996	35.7716	35.5297	35.8387	35.641099999999994	35.8309	35.3655	35.8308	35.574099999999994	35.8356	35.4592	36.019	35.517199999999995	35.6242	35.3877	35.823	35.4987	35.6342	35.303200000000004	35.533	35.7307	35.6709	35.5163	35.7588	35.3125	35.6304	35.3382	35.7432	35.5692	35.4616	35.379	35.7286	35.314499999999995	35.4856	35.0642	35.3228	35.3286	35.3632	35.2926	35.735299999999995	35.710300000000004	35.9786	35.5512	36.017700000000005	35.8198	35.862100000000005	35.6329	36.0836	35.8356	36.1108	35.917	36.3634	36.3261	36.0966	34.9005
Tzo-AMvi_002_Ex1_L4_clmp.r1r2_fastp	37.9087	38.6567	38.09	38.9559	38.4447	38.9065	38.3204	38.5899	38.0697	38.2199	37.748799999999996	38.3544	37.993700000000004	38.1956	38.2214	38.433	38.1034	38.3754	37.927699999999994	38.238499999999995	37.8419	38.047399999999996	37.697399999999995	38.2173	37.786500000000004	38.3795	37.8144	38.022	37.9458	37.958999999999996	37.5584	38.063	37.9433	38.1659	37.803399999999996	38.2686	37.8142	37.989	37.4423	37.938300000000005	37.579499999999996	38.0903	37.6166	38.0654	37.314	38.0009	37.2538	37.8365	37.372699999999995	37.6318	37.1711	37.751400000000004	37.2	37.7775	37.372499999999995	37.7757	37.3867	37.6392	37.175399999999996	37.6618	37.244699999999995	37.5969	37.013400000000004	37.5555	37.2241	37.4726	37.1463	37.4934	37.0278	37.3016	37.0319	37.1716	37.2111	37.416199999999996	36.7998	37.3126	37.0563	37.3689	37.166	37.4707	36.8112	37.3011	36.7994	37.268	36.9185	37.0029	36.6982	37.330600000000004	36.936600000000006	37.0449	36.9212	37.100300000000004	36.9755	37.0407	36.9646	36.9458	36.8515	36.943799999999996	36.916399999999996	36.8307	37.0567	37.1102	36.6639	37.2029	36.5355	36.8829	36.6965	36.668299999999995	36.6881	36.8389	36.719	37.0768	36.6331	36.9944	36.6135	36.707699999999996	36.6776	36.843900000000005	36.7115	37.0193	36.821	37.5842	37.207499999999996	37.6109	36.824200000000005	37.2477	36.8039	37.324	37.3728	37.452999999999996	37.5438	37.4604	37.7203	37.5002	36.4497
Tzo-AMvi_003_Ex1_L4_clmp.r1r2_fastp	35.017199999999995	35.4665	35.363299999999995	35.6197	35.7804	35.725699999999996	35.5914	35.3047	35.3283	35.2241	34.8943	35.025099999999995	35.1001	35.1897	35.2566	35.482	35.3257	35.212500000000006	35.1029	34.9596	35.1781	34.9417	34.7511	35.1094	35.0136	35.1032	34.9948	35.0786	34.9609	35.0694	34.7409	34.983	34.8153	34.8491	34.846	35.023900000000005	34.907199999999996	35.0034	34.7252	34.964600000000004	34.5661	34.7906	34.4983	34.8324	34.9136	34.6522	34.5342	34.678	34.652300000000004	34.657700000000006	34.29	34.579	34.4319	34.6581	34.3215	34.6645	34.6289	34.6862	34.288000000000004	34.7239	34.5233	34.436299999999996	34.3563	34.5651	34.3814	34.470099999999995	34.1843	34.4827	34.387299999999996	34.4292	34.1899	34.367	34.426	34.4121	34.2128	34.4256	34.305	34.486	34.2059	34.373799999999996	34.3602	34.4613	34.2536	34.3682	34.1635	34.1731	33.9439	34.3334	34.3048	34.3042	34.2049	34.4213	34.3315	34.2076	34.0178	34.2135	34.1458	34.1972	34.0101	34.1706	34.4095	34.0775	34.1628	34.314099999999996	34.3468	34.213	34.114	34.2759	34.4116	34.1507	34.0743	34.3642	34.200399999999995	34.307500000000005	33.8788	34.0897	34.3386	34.2179	34.0296	34.645700000000005	34.5908	34.4172	34.4784	34.736	34.7113	34.6884	34.765299999999996	35.1642	34.731	35.260000000000005	35.0627	35.3063	35.3684	34.6449	33.673500000000004
Tzo-AMvi_004_Ex1_L4_clmp.r1r2_fastp	36.0086	36.7936	36.375099999999996	36.8989	36.8689	37.0632	36.449	36.9362	36.3452	36.4632	35.9345	36.234300000000005	36.2659	36.403400000000005	36.1967	36.47	36.5155	36.3935	36.032799999999995	36.376	35.9713	36.3653	35.647800000000004	36.3686	36.0201	36.438500000000005	35.8611	36.3866	36.106500000000004	36.220200000000006	35.7513	36.1363	35.987	36.152	35.7195	36.3069	35.9817	36.2333	35.7795	36.2701	35.7637	36.1821	35.7776	36.1732	35.83	36.0376	35.8755	36.2199	35.849399999999996	36.035000000000004	35.4439	36.1183	35.6076	36.088	35.6379	36.242000000000004	35.7607	36.1583	35.633900000000004	36.1043	35.7371	35.8999	35.602000000000004	35.8127	35.7808	36.0398	35.4445	36.0085	35.6284	36.045100000000005	35.5759	35.910399999999996	35.6833	35.8466	35.6013	35.9035	35.5965	35.89	35.5146	35.755199999999995	35.813	35.856700000000004	35.4856	35.774499999999996	35.4604	35.835	35.4275	35.8814	35.7254	36.0137	35.6271	35.7794	35.7715	35.6678	35.3844	36.0865	35.4153	35.7854	35.4529	35.766799999999996	35.7324	35.648	35.5412	35.9321	35.530699999999996	35.7746	35.3061	35.6238	35.6172	35.7755	35.457300000000004	35.931400000000004	35.632999999999996	35.8516	35.5861	35.7369	35.7661	35.5871	35.5339	36.0781	35.9177	36.147	35.7998	36.2808	35.8656	35.9886	35.9672	35.977199999999996	35.9497	36.5554	36.1503	36.4809	36.6586	36.3581	35.2713
Tzo-AMvi_005_Ex1_L4_clmp.r1r2_fastp	36.5295	37.416	36.956	37.507600000000004	37.0475	37.7096	36.9607	37.128499999999995	36.6592	36.8898	36.431400000000004	36.8834	36.627700000000004	37.0524	36.7811	37.2217	36.8645	37.003	36.5222	36.9312	36.4539	36.7601	36.294399999999996	36.8006	36.5499	37.0752	36.572500000000005	36.9165	36.5387	36.6394	36.2348	36.6382	36.424299999999995	36.5396	36.3403	36.8731	36.4802	36.6454	36.4155	36.504999999999995	36.359700000000004	36.7173	36.167100000000005	36.714	36.3449	36.6754	36.099399999999996	36.6066	36.181200000000004	36.5462	36.0397	36.4006	36.0916	36.4397	36.0554	36.4351	36.159	36.365700000000004	36.107499999999995	36.4502	35.9887	36.4362	35.985299999999995	36.2979	36.1332	36.3742	35.7277	36.2583	35.9791	36.2018	36.1158	36.2869	35.9807	36.2649	35.9729	36.3776	36.103699999999996	36.1993	35.983900000000006	36.3002	35.996	36.1709	35.8068	36.201299999999996	35.843	36.1712	35.8204	36.267500000000005	35.8682	36.2693	35.7368	36.031400000000005	35.9589	36.0686	35.8257	36.2044	35.625099999999996	36.0262	35.7788	36.1336	35.8989	36.1648	35.851699999999994	36.1095	35.765	36.100100000000005	35.7787	35.9657	35.867599999999996	36.107099999999996	35.877900000000004	36.339	36.026399999999995	36.1068	35.708400000000005	35.8918	35.7059	36.043	35.6857	36.272999999999996	35.9963	36.564600000000006	36.0161	36.4673	36.3506	36.4012	36.0526	36.567499999999995	36.5462	36.7001	36.716300000000004	36.6029	36.525200000000005	36.505700000000004	35.4546
Tzo-AMvi_006_Ex1_L4_clmp.r1r2_fastp	40.041700000000006	41.2561	40.629	41.875299999999996	41.1466	42.005700000000004	40.4154	41.4377	40.223	41.072900000000004	40.2409	40.8381	40.4848	41.5834	40.7276	41.6926	41.0884	41.1078	40.4621	41.0002	40.5004	41.130100000000006	40.3362	41.4832	40.5924	41.4957	40.414	41.067	40.2958	40.9034	40.0399	41.0186	40.6449	41.319	40.3549	41.1496	40.3769	40.8389	39.875699999999995	40.848099999999995	39.9851	41.113699999999994	39.9859	41.5786	40.2679	41.2367	40.069300000000005	40.9415	39.693400000000004	40.7693	39.6087	40.7613	40.0116	40.7449	39.9435	40.7578	39.919700000000006	40.8235	39.7177	40.8041	39.9065	40.6883	39.7658	40.629	39.9641	40.636100000000006	39.5587	40.6746	39.597100000000005	40.1451	39.6214	40.6743	39.821400000000004	40.5365	39.3868	40.535399999999996	39.7201	40.1787	39.4283	40.0634	39.656000000000006	40.116099999999996	39.602399999999996	40.0178	39.399699999999996	40.1075	39.3232	39.6869	39.4635	39.9277	39.2059	40.190599999999996	39.7145	39.9997	39.4392	39.7433	39.1347	39.321400000000004	39.1115	39.819900000000004	39.2072	39.7659	39.2198	40.0125	39.0482	39.9628	38.8926	39.683600000000006	39.047399999999996	39.5872	38.976499999999994	39.5787	39.4258	39.602199999999996	38.865300000000005	39.380700000000004	38.873200000000004	39.5022	38.7625	40.0735	39.274100000000004	39.914100000000005	39.161699999999996	40.2059	39.342	40.0058	38.9033	39.5311	39.0586	40.205999999999996	39.535599999999995	40.0631	39.5529	39.9704	38.689800000000005
Tzo-AMvi_007_Ex1_L4_clmp.r1r2_fastp	35.687400000000004	36.3968	36.3382	36.5274	36.4129	36.9046	36.2503	36.4143	36.1408	36.131600000000006	35.681000000000004	35.958600000000004	35.6301	36.1738	35.9923	36.2308	36.1904	36.3324	35.7519	35.9826	35.7821	35.8296	35.5814	36.0221	35.8541	36.1473	35.8259	36.1145	35.745	36.014	35.478	35.6523	35.648	35.8344	35.4727	35.9963	35.6499	35.8576	35.499700000000004	36.0791	35.3938	35.8984	35.4957	35.8506	35.6836	35.8927	35.5143	35.7889	35.417	35.6778	35.3611	35.786699999999996	35.2402	35.6507	35.3157	35.673100000000005	35.39	35.706199999999995	35.4539	35.6759	35.3098	35.6072	35.2648	35.444900000000004	35.3997	35.5015	35.188399999999994	35.4078	35.1605	35.3823	35.1593	35.6757	35.1325	35.5065	35.1838	35.5467	35.2731	35.5634	35.2821	35.645700000000005	35.3199	35.3644	35.1506	35.5317	35.1507	35.203	35.104	35.4264	35.334900000000005	35.4895	35.1034	35.3936	35.2001	35.4125	35.1437	35.2284	35.178799999999995	35.1907	35.192800000000005	35.300599999999996	35.3548	35.3332	34.9839	35.528	35.1843	35.0819	35.1356	35.0914	35.3302	35.2572	35.1267	35.3536	35.3137	35.182	35.2804	35.1298	35.1518	35.3273	35.1568	35.4828	35.5902	35.572700000000005	35.3058	35.4516	35.8245	35.6173	35.6911	35.5546	35.9172	35.9521	36.1689	35.844300000000004	35.9285	35.9779	34.7954
Tzo-AMvi_008_Ex1_L4_clmp.r1r2_fastp	37.7265	38.4764	38.0049	38.629200000000004	38.786100000000005	38.7628	38.0493	38.367200000000004	38.151	38.0717	37.5284	38.1319	37.9347	38.042300000000004	37.953399999999995	38.4981	38.4401	38.1692	37.8848	38.084	37.8892	37.9761	37.7062	38.0549	38.037	38.3237	37.6913	37.919000000000004	38.0852	37.7742	37.274	38.2371	37.7969	38.1474	37.485099999999996	37.9392	37.8309	38.0066	37.3643	37.959900000000005	37.6573	37.6861	37.1952	37.9236	37.607	37.8944	37.5043	37.716899999999995	37.4247	37.894	37.017	37.805699999999995	37.2915	37.7182	37.0208	37.777899999999995	37.0847	37.8023	36.9695	37.5356	37.344500000000004	37.3953	37.044399999999996	37.4544	37.344300000000004	37.3973	36.9158	37.3951	36.9636	37.2521	37.0836	37.4822	37.3435	37.3058	36.8783	37.1392	37.2047	37.204	36.9478	37.1864	37.1104	37.1042	36.753099999999996	36.9465	37.1132	37.159	36.5886	37.0497	37.0488	37.036	36.689	37.1737	36.8524	36.8565	36.7467	36.9477	36.9136	36.775000000000006	36.6415	37.0104	37.133	36.9776	37.0894	37.2047	36.828	37.1461	36.5416	36.9881	37.058400000000006	37.189299999999996	36.684	37.061899999999994	37.188500000000005	36.9525	36.9357	36.879400000000004	36.8092	36.710100000000004	37.033500000000004	37.2027	37.0986	37.3557	36.848	37.6781	37.3858	37.7086	37.581199999999995	37.5599	37.4032	37.809	37.9638	37.567	37.9266	37.4611	36.7727
Tzo-AMvi_009_Ex1_L4_clmp.r1r2_fastp	35.642	36.371900000000004	36.0829	36.5191	36.3886	36.5788	36.1372	36.3793	36.0763	36.261900000000004	35.5981	36.0346	35.813	36.148799999999994	35.8212	36.1881	35.8508	36.038	35.640100000000004	35.9981	35.7187	35.796	35.587999999999994	35.9587	35.635	36.0428	35.5715	35.866	35.743	35.8603	35.435	35.740300000000005	35.5498	35.733599999999996	35.427	35.6806	35.579100000000004	35.6795	35.2912	35.8819	35.469899999999996	35.5526	35.2059	35.6492	35.4163	35.5476	35.135	35.490899999999996	35.217999999999996	35.5976	35.0991	35.314800000000005	35.1153	35.4067	35.0587	35.485299999999995	35.1355	35.3808	35.1547	35.403600000000004	34.9559	35.4919	34.907700000000006	35.3782	34.9489	35.1565	34.9316	35.3068	35.134100000000004	35.572700000000005	34.952	35.3244	35.0077	35.1792	34.7466	35.1973	35.0014	35.2666	34.8994	35.2028	34.9276	35.2655	34.9505	35.1948	34.8638	35.113	34.5749	35.0023	34.9215	35.1462	34.8458	35.1153	34.975699999999996	35.0039	34.7487	35.0485	34.5424	35.118700000000004	34.8684	34.8962	34.8879	34.9298	34.8095	35.048899999999996	34.720600000000005	34.8375	34.573100000000004	34.9484	34.8046	35.1325	35.0491	35.348400000000005	34.8492	35.0281	34.5996	35.0463	34.4567	34.9331	34.9686	35.161300000000004	35.1794	35.249	35.112300000000005	35.1701	35.3026	35.2105	35.208800000000004	35.2496	35.7767	35.7177	35.490300000000005	35.8682	35.8266	35.464600000000004	34.2724
Tzo-AMvi_010_Ex1_L4_clmp.r1r2_fastp	37.811099999999996	38.650099999999995	38.256099999999996	38.6449	38.432	38.895	38.119	38.5157	38.0048	38.352000000000004	37.614599999999996	37.9893	37.9596	38.2268	37.7997	38.4906	38.265100000000004	38.318200000000004	37.8269	38.049	37.8828	38.2162	37.4658	38.235400000000006	37.8327	38.4812	37.7284	38.3146	37.9156	38.0688	37.4399	38.100899999999996	37.8152	38.0635	37.5697	38.1087	37.689699999999995	38.0906	37.533100000000005	38.1185	37.6002	38.1513	37.4184	37.9938	37.555	38.0589	37.4836	38.0645	37.6039	37.9166	37.2331	37.810100000000006	37.3231	37.8627	37.2873	37.6179	37.4602	37.6179	37.128499999999995	37.614	37.2516	37.6993	37.162	37.4547	37.072300000000006	37.7045	36.9231	37.2934	37.2297	37.2894	37.0175	37.2902	37.2105	37.492399999999996	36.7721	37.2856	36.9507	37.297999999999995	37.0516	36.9963	37.0517	37.153999999999996	36.6528	37.0808	36.708200000000005	37.0169	36.9114	36.9579	36.9546	37.228	36.7516	37.137100000000004	37.0236	37.0435	36.579499999999996	36.9914	36.5356	36.8776	36.5237	37.0133	36.8866	36.9084	36.6384	36.9645	36.709	36.7266	36.278	36.8585	36.619800000000005	36.6923	36.6409	36.6589	36.615199999999994	36.8755	36.1312	36.6585	36.2398	36.613800000000005	36.5985	37.1577	36.5887	37.142599999999995	36.6392	36.8702	36.701699999999995	36.6402	36.7446	36.9352	37.0018	37.5105	36.9767	37.2871	37.4153	37.4961	36.0438
Tzo-AMvi_011_Ex1_L4_clmp.r1r2_fastp	35.8365	36.472500000000004	36.3118	36.7381	36.4628	36.7781	36.2061	36.4178	35.9518	35.9344	35.6403	35.7725	35.8416	35.9556	35.8262	36.2658	35.937999999999995	36.005700000000004	35.6917	35.8292	35.8096	35.7371	35.539500000000004	35.9905	35.6514	35.9786	35.5291	35.8632	35.7547	35.8072	35.4496	35.606300000000005	35.683	35.8543	35.5766	35.834700000000005	35.6101	35.6898	35.6355	35.9474	35.4566	35.7759	35.3108	35.7467	35.4083	35.713499999999996	35.383399999999995	35.5839	35.3975	35.5735	35.2361	35.566900000000004	35.295	35.4596	35.1678	35.542	35.2905	35.585699999999996	35.217999999999996	35.560900000000004	35.314099999999996	35.5216	35.256	35.621399999999994	35.3259	35.4541	35.1749	35.507	35.4222	35.404799999999994	35.2173	35.5429	35.2692	35.6334	35.1639	35.5243	35.181200000000004	35.3295	35.3309	35.4967	35.2354	35.3629	35.402499999999996	35.4369	35.3612	35.3586	34.928799999999995	35.3221	35.1651	35.397099999999995	35.1848	35.426	35.3549	35.5495	35.2089	35.4736	35.0624	35.3115	35.2785	35.2198	35.2318	35.165600000000005	35.0981	35.4675	35.436499999999995	35.6941	35.0597	35.5133	35.1343	35.4805	35.1499	35.134	35.1614	35.492000000000004	34.9335	35.2178	34.8898	35.511199999999995	35.2384	35.768299999999996	35.3398	35.6198	35.2138	35.5887	35.699799999999996	35.9089	35.728	36.0557	35.8502	36.2312	35.9002	35.783300000000004	35.6215	36.0147	34.7039
Tzo-AMvi_012_Ex1_L4_clmp.r1r2_fastp	36.8367	37.8587	37.120799999999996	37.8413	37.5002	38.0679	37.1218	37.6159	37.2337	37.262	36.695	37.2195	37.0415	37.4435	36.924099999999996	37.608999999999995	37.1274	37.3457	36.9187	37.2401	36.8611	37.2155	36.641600000000004	37.1937	36.8945	37.3491	36.7506	37.2859	36.811899999999994	37.1386	36.6223	37.1302	36.8172	37.166	36.6711	37.142399999999995	36.8083	37.067	36.6065	37.044399999999996	36.6695	37.056	36.507400000000004	37.099399999999996	36.6756	37.0486	36.3577	37.0553	36.5365	36.925599999999996	36.255900000000004	36.9392	36.4837	36.8403	36.3957	36.8558	36.3534	36.899100000000004	36.3497	36.9243	36.3809	36.8968	36.1994	36.7545	36.253299999999996	36.9172	36.072700000000005	36.8224	36.3643	36.8311	36.3458	36.7241	36.534299999999995	36.736999999999995	36.3196	36.6919	36.3352	36.6185	36.155100000000004	36.6103	36.338300000000004	36.498000000000005	36.044	36.5536	36.2445	36.471900000000005	36.0634	36.5142	36.338	36.572500000000005	36.0642	36.4801	36.3191	36.5969	36.167	36.5748	36.175000000000004	36.4122	36.0206	36.476	36.2081	36.4942	36.0276	36.4529	36.1257	36.4406	35.841499999999996	36.3741	36.1066	36.3429	36.0423	36.438900000000004	36.084500000000006	36.24	35.7574	36.146899999999995	36.0364	36.173	35.8829	36.4374	36.383700000000005	36.5426	36.307	36.637	36.4073	36.576	36.2556	36.5889	36.6693	37.371300000000005	36.642799999999994	36.773	36.7827	36.593399999999995	35.2862
Tzo-AMvi_013_Ex1_L4_clmp.r1r2_fastp	37.6526	38.4992	38.05	38.6785	38.236399999999996	38.7875	37.9936	38.4464	38.1512	38.2691	37.6845	38.054300000000005	37.7766	38.371100000000006	37.9169	38.4017	38.1464	38.2592	37.829499999999996	38.1541	37.8017	38.035999999999994	37.5942	38.2536	37.5438	38.142199999999995	37.615700000000004	38.0107	37.873400000000004	38.0266	37.44	38.1139	37.7749	38.0815	37.6145	38.1646	37.6073	37.9447	37.5583	37.8889	37.493700000000004	37.8799	37.4216	37.9456	37.556400000000004	37.891000000000005	37.350899999999996	37.7705	37.242799999999995	37.802	37.136599999999994	37.5384	37.4133	37.6798	37.147200000000005	37.6085	37.2419	37.4067	37.255	37.556200000000004	37.123400000000004	37.6036	37.304700000000004	37.428	37.137100000000004	37.4418	36.916	37.467800000000004	37.0282	37.2666	36.9569	37.4697	36.9859	37.3632	36.8478	37.100699999999996	36.8151	37.2661	36.8846	37.0726	36.9097	37.1046	36.8716	37.073499999999996	36.8199	37.1183	36.5456	36.946400000000004	36.734899999999996	37.1183	36.6394	37.1244	36.7474	36.7543	36.6014	36.871900000000004	36.5152	36.8151	36.6351	36.7886	36.7875	36.9475	36.6735	36.952	36.4738	36.712	36.3542	36.417	36.445699999999995	36.566700000000004	36.3622	36.514799999999994	36.2664	36.577799999999996	36.1177	36.5689	36.2763	36.6028	36.3122	36.8606	36.378	37.0774	36.6738	36.7363	36.5615	36.729099999999995	36.4403	37.036	36.8368	37.271	36.7447	37.1841	36.8866	36.8558	35.778
Tzo-AMvi_014_Ex1_L4_clmp.r1r2_fastp	43.1849	44.1322	43.5391	44.0938	43.6528	44.1375	43.480000000000004	44.1747	43.3918	43.4034	43.261	43.0435	43.5522	43.7126	43.5094	43.7376	43.814	43.669799999999995	43.4482	43.8477	43.0938	43.5483	43.269999999999996	43.7093	43.5668	43.8824	43.8722	43.352000000000004	43.553799999999995	43.278	43.254799999999996	43.941900000000004	43.6616	43.8085	43.4132	43.5897	43.6921	43.9504	42.756899999999995	43.8771	42.9992	43.608999999999995	43.256699999999995	43.910700000000006	43.0454	43.5453	43.2321	43.3211	43.0025	43.7177	43.0303	43.2517	43.1526	43.2518	43.1979	43.4471	42.6557	43.6061	42.9218	43.3549	42.951499999999996	43.4041	42.8162	43.5787	43.1804	43.194	42.5671	43.5444	42.772	43.108200000000004	43.1366	43.277	43.0966	43.4084	42.693	43.299	43.2364	42.9647	43.235299999999995	43.4763	43.0848	43.2246	43.1882	43.3546	42.818400000000004	42.9943	43.0499	42.828500000000005	43.1019	42.8008	42.5553	43.2842	43.0911	43.033500000000004	42.8389	42.981700000000004	43.080200000000005	43.5051	43.1043	43.4512	43.2193	43.477700000000006	42.91	43.641799999999996	43.2781	43.2494	43.1453	43.5083	43.2007	43.6204	43.2119	43.5815	43.4838	43.510799999999996	42.9448	43.735099999999996	43.2508	44.3457	44.078	43.7125	44.1604	44.1214	43.899	44.1432	44.2994	44.604	44.4725	44.812400000000004	43.8935	44.681599999999996	44.875	44.596799999999995	45.122800000000005	44.351	44.6192
Tzo-AMvi_015_Ex1_L4_clmp.r1r2_fastp	37.586000000000006	37.8602	37.7051	38.1556	37.9672	38.4018	38.012	37.9303	37.7004	37.6375	37.2268	37.5278	37.4722	37.8343	37.4434	37.8129	37.7335	37.4846	37.480599999999995	37.458000000000006	37.3444	37.369400000000006	37.1481	37.4326	37.3822	37.7419	37.3179	37.411	37.376599999999996	37.4626	37.0662	37.3322	37.242	37.4581	37.100899999999996	37.6394	37.1994	37.3942	36.9422	37.1921	37.1122	37.2924	36.984899999999996	37.295899999999996	37.039100000000005	37.343399999999995	37.033	37.4082	36.8764	37.0629	36.7772	37.069	36.9494	37.042199999999994	36.770599999999995	37.107600000000005	36.8106	37.2076	36.621900000000004	37.2235	36.873400000000004	37.1918	36.734899999999996	37.105	36.8529	37.0299	36.5599	37.0	36.4782	36.967800000000004	36.6101	36.9047	36.6039	36.798199999999994	36.594100000000005	36.7714	36.6276	36.8234	36.4439	36.689	36.8066	36.7682	36.412	36.5815	36.4129	36.8089	36.3324	36.794399999999996	36.5632	36.806	36.4065	36.536699999999996	36.3082	36.547000000000004	36.1441	36.4595	36.0671	36.596000000000004	36.274499999999996	36.4551	36.235099999999996	36.3369	36.2723	36.5261	36.442600000000006	36.361399999999996	36.5466	36.3145	36.2657	36.4843	36.1011	36.4792	36.1357	36.3121	36.221199999999996	36.2876	36.077	36.385600000000004	36.2029	36.753	36.2794	36.6273	36.4531	36.4478	36.3125	36.6254	36.4202	36.775600000000004	36.8456	37.0372	36.6477	36.9243	36.68	36.9502	35.749399999999994
Tzo-AMvi_016_Ex1_L4_clmp.r1r2_fastp	39.1391	39.888	39.486399999999996	40.2236	39.7712	40.1733	39.4184	39.795	39.2411	39.4098	38.8135	39.5062	39.199400000000004	39.7151	38.967800000000004	40.0702	39.3803	39.5381	39.1368	39.4217	39.0357	39.6196	38.8038	39.5752	39.0775	39.6918	38.9855	39.592	38.9519	39.461200000000005	38.831900000000005	39.402100000000004	39.0121	39.452799999999996	38.7602	39.5376	39.1569	39.3774	38.5646	39.440599999999996	38.671299999999995	39.3502	38.8275	39.6419	38.7247	39.2946	38.543699999999994	39.2939	38.4349	39.156800000000004	38.4375	39.109899999999996	38.4369	39.1178	38.5021	39.214	38.6509	39.0985	38.419599999999996	39.049299999999995	38.4439	39.0835	38.174	38.9454	38.304899999999996	38.9754	38.2944	38.8373	38.2672	38.7948	38.0512	38.9707	38.1548	38.8309	38.0192	38.711	38.3304	38.3866	38.1195	38.6405	38.2134	38.534400000000005	37.9349	38.5661	37.9317	38.4511	37.6709	38.506099999999996	38.0246	38.2376	38.0166	38.5756	37.884299999999996	38.358599999999996	37.797799999999995	38.1138	37.633100000000006	38.157999999999994	37.5773	38.0175	37.857400000000005	38.0532	37.884	38.2102	37.8994	38.1673	37.3803	37.9253	37.7616	38.1219	37.4681	38.0888	37.6475	37.7984	37.3481	37.9104	37.5955	37.919799999999995	37.7316	38.124	37.8209	38.0133	37.7151	38.2967	38.0099	38.094	37.7177	38.6994	37.986399999999996	38.5818	38.364399999999996	38.2428	38.690200000000004	38.502900000000004	37.0831
Tzo-AMvi_017_Ex1_L4_clmp.r1r2_fastp	37.0606	38.0373	37.540800000000004	38.0697	38.0473	38.3415	37.7911	37.7742	37.5347	37.2789	37.0983	37.3403	37.1112	37.4927	37.1342	37.6529	37.6724	37.4083	37.1457	37.342	37.2028	37.4125	36.8194	37.1374	37.2686	37.425599999999996	37.052800000000005	37.2571	37.015	37.136	36.6433	36.7931	36.9962	37.1581	36.7933	37.0767	36.9479	36.855199999999996	36.7029	37.210300000000004	36.7765	36.8898	36.4863	37.0363	36.7032	37.0446	36.6513	36.8703	36.631	36.966	36.4277	36.943	36.553999999999995	36.8424	36.3822	37.0101	36.5082	36.6877	36.416900000000005	36.8548	36.4943	36.8733	36.236000000000004	36.6126	36.383900000000004	36.5464	36.152	36.634299999999996	36.0971	36.5414	36.1797	36.5638	36.242799999999995	36.7321	36.0306	36.4678	36.0723	36.208400000000005	35.9592	36.389700000000005	36.1002	36.281600000000005	36.0644	36.3543	36.1581	36.2612	35.971	36.0133	36.4353	36.2883	35.9548	36.3313	36.1387	35.9441	36.1494	36.112	35.8734	36.0889	35.8045	36.037	36.248200000000004	36.088300000000004	36.0227	35.879	36.1221	36.267500000000005	36.0828	36.1126	35.990899999999996	36.1948	35.7676	35.901300000000006	35.9532	35.9323	35.627399999999994	35.6641	36.2208	35.9583	35.6819	36.1213	35.9212	36.5688	35.8283	36.1597	36.4403	36.5575	36.0831	36.600500000000004	36.1857	36.9285	36.670700000000004	37.0233	36.709599999999995	36.7561	35.3502
Tzo-AMvi_018_Ex1_L4_clmp.r1r2_fastp	39.4045	40.5739	39.9395	41.045	40.1997	41.2399	40.0573	40.79	39.9039	40.5402	39.4471	40.4614	39.6677	40.7444	39.6845	41.0707	40.0339	40.5145	39.7366	40.5075	39.7825	40.5975	39.4736	40.746500000000005	39.6274	40.7584	39.7266	40.5818	39.677	40.3862	39.6206	40.434	39.7434	40.6839	39.5539	40.531099999999995	39.6551	40.4673	39.2367	40.332499999999996	39.460899999999995	40.467	39.4366	40.747499999999995	39.375	40.3692	39.3222	40.402	39.2346	40.1511	39.1524	40.1191	39.287	40.2626	39.1739	40.3909	39.0103	40.199	39.0608	40.0961	38.9942	39.949600000000004	38.9169	39.7716	39.0852	39.568799999999996	38.7444	39.737	38.7874	39.7436	38.6976	39.5407	38.9272	39.718399999999995	38.8831	39.4865	38.7632	39.3743	38.5642	39.3665	38.6156	39.2603	38.6201	39.158300000000004	38.6229	39.069900000000004	38.4524	38.9632	38.803	39.014500000000005	38.345600000000005	39.1008	38.561499999999995	39.0026	38.3223	38.8635	38.2669	38.8265	38.317	38.7687	38.5509	38.7742	38.2873	38.760600000000004	38.4171	38.6602	37.9434	38.5398	38.074999999999996	38.6795	38.365100000000005	38.554300000000005	38.1699	38.7211	37.9242	38.2515	37.9427	38.3691	38.297599999999996	38.5931	38.411899999999996	38.856	38.0377	39.0073	38.323800000000006	38.6851	38.607	38.5901	38.205099999999995	38.9507	38.8112	38.8258	38.778	39.0809	37.817299999999996
Tzo-AMvi_019_Ex1_L4_clmp.r1r2_fastp	40.003	40.9728	40.5173	41.1364	41.0331	41.6351	40.633399999999995	40.8634	40.6511	40.8042	40.207100000000004	40.570699999999995	40.6799	41.0083	40.5154	41.1437	40.9114	40.6289	40.3262	40.5416	40.624700000000004	40.672999999999995	40.0729	40.99	40.4104	40.9993	40.3364	40.656	40.4088	40.3865	40.2258	40.7539	40.4769	40.936699999999995	39.971000000000004	40.685500000000005	40.6271	40.475	40.1144	40.597	40.3681	40.795700000000004	40.1562	40.7103	40.2865	40.7478	40.0228	40.428999999999995	40.1562	40.376	39.664899999999996	40.5356	39.6966	40.4231	39.778200000000005	40.5658	39.8311	40.2305	39.5248	40.3157	40.0075	40.137299999999996	39.4453	40.2132	39.6356	40.0199	39.2574	40.0358	39.4692	40.025800000000004	39.326100000000004	40.1618	39.5266	40.2265	39.2296	40.023399999999995	39.5573	39.5656	39.4502	39.7349	39.4843	39.697500000000005	39.1837	39.7576	39.2919	39.547399999999996	38.7948	39.4974	39.3181	39.3131	39.2862	39.798899999999996	39.317099999999996	39.5434	39.1965	39.4933	39.1466	39.171800000000005	39.043	39.1817	39.388400000000004	39.3015	39.0186	39.4916	39.0381	39.321400000000004	38.800000000000004	39.102599999999995	38.879599999999996	39.4176	38.813700000000004	39.4955	39.0077	39.1907	38.4328	38.9829	38.4718	38.9462	38.9161	39.4512	39.1077	39.448100000000004	38.8369	39.7277	39.5922	39.4586	38.8093	39.3165	39.3712	39.637499999999996	39.4723	39.7157	39.6936	39.597	38.590999999999994
Tzo-AMvi_020_Ex1_L4_clmp.r1r2_fastp	38.1745	38.6417	38.432500000000005	38.9193	38.7689	39.210699999999996	38.209199999999996	38.6695	38.3408	38.4647	38.042	38.4009	38.1673	38.6216	38.1296	38.832100000000004	38.529	38.5086	38.2484	38.1478	38.2527	38.4502	37.894299999999994	38.6436	38.319399999999995	38.5844	38.18	38.3736	37.9976	38.3341	37.8661	38.41	38.264900000000004	38.3277	37.7921	38.4638	38.0987	38.2911	37.763600000000004	38.2428	37.829299999999996	38.3786	37.6366	38.449	37.925799999999995	38.3126	37.711600000000004	38.0797	37.7957	37.9672	37.4334	38.0242	37.6428	37.9169	37.7484	38.0287	37.6318	38.087199999999996	37.5845	37.9201	37.6464	37.8477	37.5307	37.823499999999996	37.783899999999996	38.0145	37.2294	37.8063	37.480999999999995	37.8756	37.3	37.7477	37.5325	37.7521	37.2854	37.5292	37.451499999999996	37.6025	37.4064	37.3386	37.3848	37.475	37.0734	37.4781	37.2105	37.467099999999995	37.176700000000004	37.4028	37.417	37.375	37.260799999999996	37.5844	37.5078	37.3899	37.1641	37.231700000000004	36.8738	37.051899999999996	36.6537	37.208999999999996	36.7607	37.211800000000004	36.9574	37.321	36.7935	37.107800000000005	36.6667	37.0437	36.700700000000005	37.147000000000006	36.8774	36.9833	36.9768	37.1673	36.6081	37.0563	36.9616	36.9106	36.8605	37.1942	36.850899999999996	37.4547	36.8548	37.0689	37.179	37.2628	37.5597	37.5597	37.658199999999994	37.6458	37.579	37.4778	37.7036	37.1314	36.3745
Tzo-AMvi_021_Ex1_L4_clmp.r1r2_fastp	39.158300000000004	39.684000000000005	39.7573	39.9009	39.819700000000005	39.879	39.4048	39.629	39.3951	39.4466	39.2737	39.2846	39.5189	39.695	39.2568	39.7078	39.692	39.692499999999995	39.366800000000005	39.329	39.4855	39.483000000000004	38.852399999999996	39.4837	39.2627	39.6577	39.3675	39.4409	39.2618	39.4232	39.4304	39.331700000000005	39.238800000000005	39.47	39.006299999999996	39.1815	39.3542	39.2702	39.1932	39.4758	38.9404	39.387899999999995	39.0299	39.1946	39.164	39.0596	38.899	39.3646	39.0422	38.9968	38.7826	38.9234	38.737700000000004	38.8668	38.6642	38.987100000000005	38.9696	39.0229	38.5532	39.0109	38.8569	38.6543	38.7345	38.6727	38.6825	39.0931	38.4425	38.9473	38.8116	38.7711	38.549099999999996	38.7395	38.912400000000005	38.5235	38.5042	38.5506	38.5118	38.5633	38.3013	38.4855	38.6519	38.632	38.3031	38.5909	38.2337	38.4886	38.0566	38.5842	38.4511	38.6019	38.279999999999994	38.475500000000004	38.5025	38.5679	37.887100000000004	38.4865	38.0796	38.069399999999995	38.0608	37.933299999999996	38.2083	38.3254	38.2179	38.2913	38.388600000000004	38.480199999999996	37.7679	38.2108	38.2012	38.2569	37.6193	38.2192	38.0736	38.284600000000005	37.95	37.92	38.352399999999996	38.5501	38.1428	38.6459	38.559	38.3947	38.3441	38.6187	38.5148	38.746	38.1755	38.866499999999995	38.406	39.2391	38.311299999999996	38.8793	38.640299999999996	38.7959	37.975500000000004
Tzo-AMvi_022_Ex1_L4_clmp.r1r2_fastp	38.7209	39.6123	38.6258	39.8213	39.4499	39.9541	38.812000000000005	39.5459	38.9725	39.2344	38.4911	39.3451	38.5935	39.4397	38.7414	39.6354	39.0891	39.2427	38.9262	39.4671	38.8506	39.4696	38.6378	39.4775	39.0109	39.537	38.752199999999995	39.4217	38.5969	39.1936	38.5132	39.1739	38.7653	39.2667	38.4999	39.4097	38.7059	39.2121	38.4056	39.3568	38.4243	39.1422	38.4812	39.197700000000005	38.3966	39.101200000000006	38.3691	39.2217	38.2778	39.076100000000004	38.0531	39.0763	38.1287	38.8773	38.1853	39.0394	38.2907	38.962599999999995	38.1514	38.9862	38.2969	38.8246	38.074799999999996	38.9585	38.3623	38.9036	38.0521	38.643	37.9716	38.690799999999996	38.0575	38.4743	38.4494	38.625	37.9182	38.7296	38.0347	38.46	37.9163	38.489000000000004	37.811	38.3662	37.8238	38.2026	37.9182	38.212	37.47	38.2102	37.6622	38.008900000000004	37.5542	38.2158	37.6536	38.2019	37.6892	37.9774	37.3651	37.9296	37.4483	38.1755	37.757600000000004	37.9503	37.608599999999996	38.0177	37.3269	37.8542	37.1518	37.7145	37.45	38.0439	37.2618	38.0471	37.5919	37.865500000000004	37.4084	37.721900000000005	37.2083	37.646	37.4859	38.0126	37.3138	38.116699999999994	37.5092	37.980399999999996	37.701299999999996	38.3197	38.0867	38.4706	38.0731	38.3585	37.946600000000004	38.3195	38.2515	38.329	36.8841
Tzo-AMvi_023_Ex1_L4_clmp.r1r2_fastp	37.219	37.7749	37.4427	37.736599999999996	37.6567	38.081199999999995	37.4203	37.825199999999995	37.2046	37.4153	37.0257	37.3145	37.148399999999995	37.4365	37.363099999999996	37.521300000000004	37.6066	37.3146	37.0582	37.3779	37.020199999999996	37.181799999999996	36.911	37.2883	36.9753	37.4709	37.092999999999996	37.2933	37.128299999999996	37.088300000000004	36.8363	36.952200000000005	37.0476	37.1109	36.728100000000005	37.1378	36.9315	37.080400000000004	36.686800000000005	37.0085	36.7463	37.138799999999996	36.605199999999996	37.1663	36.791000000000004	37.0979	36.7427	37.0435	36.5508	36.8639	36.4541	36.9101	36.6123	36.9091	36.4434	36.919999999999995	36.4715	36.8693	36.5081	36.6667	36.6132	36.8142	36.4673	36.581599999999995	36.479099999999995	36.6874	36.3322	36.7014	36.3843	36.6316	36.477900000000005	36.587599999999995	36.582	36.7179	36.349199999999996	36.6107	36.2159	36.5294	36.3076	36.5869	36.3787	36.3172	36.2869	36.435	36.406	36.2487	36.2414	36.4696	36.4977	36.247299999999996	36.420700000000004	36.3568	36.2992	36.2769	36.086600000000004	36.351299999999995	36.1055	36.411500000000004	36.2162	36.2407	36.4379	36.378	36.2183	36.3198	36.0649	36.3266	36.0171	36.2535	36.0269	36.0788	36.2345	36.3201	36.0544	36.0944	36.0513	36.0836	35.923300000000005	35.911500000000004	36.145500000000006	36.257400000000004	35.943000000000005	36.5439	36.2145	36.5462	36.3483	36.5805	36.4875	36.5798	36.6384	36.9907	36.7449	36.621900000000004	36.8607	36.587399999999995	35.5346
Tzo-AMvi_024_Ex1_L4_clmp.r1r2_fastp	37.3697	38.1399	37.7866	38.1602	38.0907	38.724199999999996	37.8226	38.125	37.6212	37.9215	37.2498	37.472100000000005	37.6008	37.7457	37.3592	38.2137	37.685	37.8037	37.3883	37.7529	37.3061	37.8409	37.1874	37.7936	37.4827	37.9115	37.4079	37.7706	37.4074	37.5445	37.1301	37.641999999999996	37.506299999999996	37.6439	37.276900000000005	37.6516	37.4155	37.6315	37.2385	37.9228	37.349700000000006	37.465399999999995	37.1745	37.6008	37.393100000000004	37.594300000000004	37.0286	37.7091	37.221199999999996	37.405	36.9483	37.4361	36.9372	37.4544	37.0689	37.4006	37.1278	37.532399999999996	36.9084	37.4688	36.8594	37.247	36.9977	37.307	37.072500000000005	37.1923	36.8881	37.2765	36.889300000000006	37.1012	36.844500000000004	37.244699999999995	36.9597	37.1126	36.7782	37.013200000000005	36.9899	36.9913	36.6085	37.0961	36.9223	37.0266	36.835499999999996	36.992799999999995	36.5986	36.8728	36.6382	36.985	36.6795	36.9206	36.6813	36.9439	36.907000000000004	36.6386	36.642	36.8055	36.4463	36.6418	36.6634	36.760999999999996	36.603	36.7542	36.5214	36.784099999999995	36.6447	36.887100000000004	36.3773	36.7071	36.6874	36.7847	36.457899999999995	36.871500000000005	36.4792	36.6093	36.6056	36.5434	36.526399999999995	36.6417	36.5652	37.072	36.5705	36.8618	36.905300000000004	36.9279	36.9804	37.1972	36.9197	37.2484	37.1021	37.4779	36.9764	37.3772	37.044399999999996	36.728699999999996	35.8059
Tzo-AMvi_025_Ex1_L4_clmp.r1r2_fastp	36.1489	36.7141	36.6236	36.9921	36.729299999999995	37.156099999999995	36.6181	36.9075	36.466300000000004	36.4964	36.125299999999996	36.4043	36.1807	36.540800000000004	36.2589	36.8568	36.495	36.605	36.1896	36.4687	36.1772	36.3159	35.9153	36.3858	36.0715	36.5956	36.0232	36.497099999999996	36.1747	36.2108	35.9844	36.2801	35.9009	36.1824	35.868100000000005	36.2512	36.0344	36.2118	35.8736	36.314800000000005	35.8356	36.0891	35.7632	36.1834	35.89	36.1809	35.7614	36.2594	35.761900000000004	35.9553	35.5879	35.999199999999995	35.499199999999995	35.904399999999995	35.6873	35.9717	35.7655	35.961999999999996	35.7233	35.9881	35.6927	35.8713	35.6048	35.8332	35.5611	35.881299999999996	35.4795	35.796299999999995	35.5505	35.865700000000004	35.5278	35.8855	35.527300000000004	35.7366	35.3713	35.8147	35.4633	35.8862	35.4401	35.7974	35.545700000000004	35.7039	35.3686	35.560900000000004	35.409600000000005	35.8252	35.314299999999996	35.6941	35.645500000000006	35.857099999999996	35.4077	35.700500000000005	35.5918	35.4986	35.2286	35.5554	35.1641	35.665200000000006	35.354400000000005	35.5993	35.451899999999995	35.5415	35.2331	35.551899999999996	35.3842	35.508	35.3404	35.4854	35.4335	35.5844	35.2997	35.5616	35.4081	35.7959	35.173	35.438399999999994	35.2873	35.329899999999995	35.1024	35.6494	35.4705	35.5724	35.4459	35.7269	35.5749	36.0474	35.4668	35.753800000000005	36.0063	36.2452	35.6443	36.085	35.6941	36.1597	34.7352
Tzo-AMvi_026_Ex1_L4_clmp.r1r2_fastp	38.2517	39.2626	38.738499999999995	39.4327	38.9513	39.696799999999996	38.7449	39.1875	38.4879	38.9375	38.4683	38.6275	38.3971	39.0513	38.3729	39.2827	38.8278	38.9404	38.4039	38.7733	38.3695	38.803399999999996	38.226	38.9323	38.4228	39.0179	38.4161	38.9483	38.306000000000004	38.683299999999996	38.1587	38.7996	38.4349	38.7142	38.149499999999996	38.8102	38.3837	38.7824	37.965199999999996	38.7692	38.1671	38.6573	38.0801	38.7201	37.9459	38.6471	37.8738	38.5848	37.9155	38.4944	37.6312	38.5963	37.904900000000005	38.5237	37.7893	38.369	37.9133	38.5978	37.801899999999996	38.4009	37.7027	38.2481	37.7408	38.3179	37.8274	38.2043	37.5025	38.243100000000005	37.7931	38.2665	37.626	38.0941	37.669599999999996	38.2286	37.6104	38.0663	37.6271	38.0842	37.4876	38.022	37.5873	38.0249	37.502	38.038	37.2746	38.0477	37.129400000000004	38.1101	37.5913	38.0233	37.4137	38.0319	37.4974	37.9082	37.3153	37.957	37.3936	37.6791	37.4449	37.9426	37.455	38.0388	37.5445	37.9142	37.4313	37.8454	37.4511	37.8095	37.481700000000004	37.947399999999995	37.3046	38.018800000000006	37.3264	37.8322	37.1764	37.6421	37.289699999999996	37.6983	37.2825	37.7847	37.4072	37.561499999999995	37.26	37.8442	37.829499999999996	37.6181	37.630599999999994	38.0899	37.7325	38.238	37.7459	38.0658	37.9221	38.487100000000005	36.7136
Tzo-AMvi_027_Ex1_L4_clmp.r1r2_fastp	37.5158	38.2799	37.9346	38.440000000000005	38.0997	38.5332	38.0009	38.2476	37.6804	37.9132	37.365300000000005	37.8367	37.6703	38.0282	37.501200000000004	38.2042	37.7535	37.757400000000004	37.6293	37.8758	37.6351	37.8221	37.3869	37.938	37.4944	38.0743	37.4876	37.8818	37.6443	37.7147	37.3709	37.821	37.486999999999995	37.775	37.1538	37.7929	37.4571	37.6333	37.2098	37.7404	37.2734	37.7946	37.180099999999996	37.6654	37.2777	37.4814	37.1459	37.669000000000004	37.242999999999995	37.405	36.947	37.5119	37.0109	37.339	36.917	37.465900000000005	37.1263	37.4645	36.9261	37.3967	36.9735	37.3279	36.8497	37.3253	36.912299999999995	37.2616	36.7852	37.176500000000004	36.842000000000006	37.2912	36.6958	37.1587	36.8416	37.0858	36.747600000000006	36.991600000000005	36.8609	37.0824	36.9212	37.0162	36.7064	36.9906	36.512699999999995	36.8712	36.743500000000004	36.8755	36.572500000000005	37.0887	36.6443	36.8475	36.633500000000005	36.9356	36.7602	36.733399999999996	36.4496	36.7307	36.4896	36.6103	36.4047	36.7442	36.552299999999995	36.6066	36.6004	36.712	36.2866	36.6751	36.2916	36.5858	36.550399999999996	36.57	36.3608	36.4679	36.2605	36.3803	36.267700000000005	36.3243	36.261700000000005	36.4523	36.1856	36.6235	36.402499999999996	36.545100000000005	36.4632	36.6331	36.5604	36.6842	36.7004	36.9684	36.7288	37.1749	37.0101	37.1177	37.0176	36.823699999999995	36.082300000000004
Tzo-AMvi_028_Ex1_L4_clmp.r1r2_fastp	36.629	37.322300000000006	36.8529	37.369400000000006	37.1694	37.7063	37.0514	37.2436	36.8707	36.8637	36.485800000000005	36.788	36.6218	36.8954	36.6338	37.1536	36.8767	36.9919	36.6025	36.8079	36.5786	36.7827	36.4197	36.8426	36.6019	36.9681	36.6447	36.8983	36.8117	36.7898	36.379	36.8467	36.4749	36.6378	36.3596	36.7904	36.428399999999996	36.672	36.2821	36.609	36.3537	36.609700000000004	36.1811	36.7226	36.3067	36.6978	36.2401	36.5442	36.2232	36.491800000000005	36.0843	36.3407	36.222500000000004	36.373	36.0092	36.5025	36.3026	36.540800000000004	36.138999999999996	36.5289	36.1186	36.399	36.0221	36.248200000000004	36.0567	36.4375	35.864000000000004	36.4397	36.0638	36.32	36.0105	36.2263	36.0987	36.1763	35.917	36.255700000000004	36.092400000000005	36.098400000000005	35.9452	36.0536	36.0	35.8958	35.7648	36.1148	35.9009	36.070600000000006	35.6641	36.085899999999995	36.0894	36.1712	35.748000000000005	36.0854	35.8775	36.0044	35.7298	35.955	35.7947	35.743900000000004	35.8105	35.842	35.856	35.9494	35.661300000000004	35.8996	35.781800000000004	35.9831	35.698	35.6996	35.5873	35.989599999999996	35.613099999999996	35.666799999999995	35.8819	35.7674	35.511900000000004	35.6556	35.6153	35.8584	35.543200000000006	35.9694	35.686099999999996	36.2373	35.8159	35.7122	36.0141	36.1223	36.343599999999995	36.1134	36.3598	36.437799999999996	36.337	36.330400000000004	36.1541	36.0197	35.198499999999996
Tzo-AMvi_029_Ex1_L4_clmp.r1r2_fastp	36.5492	37.2731	37.0736	37.3639	37.283899999999996	37.6569	37.1103	37.2183	36.8418	36.9631	36.4935	36.7055	36.774499999999996	36.9777	36.7948	37.0429	36.9646	37.0977	36.7008	37.0579	36.6269	36.8023	36.389700000000005	36.8248	36.6149	37.1041	36.6285	36.8953	36.725	36.8565	36.6187	36.7085	36.783500000000004	36.8274	36.5517	36.8284	36.4666	36.8286	36.4156	36.5909	36.5112	36.667100000000005	36.2702	36.784	36.431799999999996	36.8291	36.370000000000005	36.6296	36.428700000000006	36.6162	36.3623	36.4981	36.2772	36.6548	36.2114	36.6781	36.3361	36.7121	36.227599999999995	36.679899999999996	36.364999999999995	36.586200000000005	36.2635	36.662800000000004	36.3439	36.567699999999995	36.229499999999994	36.5295	36.3272	36.6072	36.229299999999995	36.4832	36.370000000000005	36.392	36.1854	36.4501	36.219699999999996	36.458800000000004	36.1702	36.3142	36.369	36.3392	36.159	36.4859	36.2942	36.4638	36.0969	36.4521	36.336	36.3822	36.3773	36.532199999999996	36.4686	36.5083	36.4251	36.613099999999996	36.168099999999995	36.3117	36.3838	36.4804	36.580400000000004	36.4974	36.1386	36.5902	36.32	36.7983	36.1541	36.540299999999995	36.7138	36.6044	36.336	36.6409	36.5156	36.565999999999995	36.120799999999996	36.464400000000005	36.3338	36.505700000000004	36.6132	36.9662	36.770599999999995	36.7783	36.6728	36.8406	37.0101	37.1353	36.384	37.4622	36.857099999999996	36.9618	37.135400000000004	37.3126	37.0834	37.0274	35.7672
Tzo-AMvi_030_Ex1_L4_clmp.r1r2_fastp	36.1141	36.8456	36.592200000000005	37.082300000000004	36.6561	37.2119	36.3609	36.926500000000004	36.2403	36.5448	36.0892	36.421	36.1436	36.716300000000004	36.201699999999995	36.8307	36.4212	36.661100000000005	36.0397	36.581599999999995	36.0889	36.454	35.8048	36.514	36.0689	36.705	35.9338	36.5255	35.9266	36.466300000000004	35.9426	36.221599999999995	35.9203	36.3529	35.783500000000004	36.5409	35.9225	36.4342	35.7249	36.3087	35.7652	36.273300000000006	35.6719	36.3817	35.8664	36.3724	35.673300000000005	36.3558	35.7776	36.2672	35.4135	36.0714	35.6506	36.1768	35.7277	36.0849	35.7578	36.153400000000005	35.6055	36.1608	35.6166	36.1899	35.6582	36.0527	35.5006	36.087399999999995	35.5784	35.9726	35.6792	36.1699	35.368	36.1359	35.7024	35.8928	35.5351	35.9675	35.6185	35.7775	35.5045	35.843199999999996	35.485499999999995	35.839999999999996	35.4544	35.865399999999994	35.415600000000005	35.8243	35.325	35.9156	35.6064	35.9413	35.5145	35.8205	35.501599999999996	35.7435	35.402899999999995	35.836600000000004	35.571000000000005	35.5373	35.465799999999994	35.7064	35.428399999999996	35.8123	35.4354	35.634	35.3603	35.613499999999995	35.181200000000004	35.5577	35.3844	35.6659	35.3418	35.7324	35.4597	35.7273	35.432900000000004	35.9018	35.2982	35.645500000000006	35.4527	35.892	35.6405	36.0022	35.464	35.960300000000004	35.7053	35.908	35.7149	36.2118	36.0526	35.9739	36.1747	35.9355	36.176	36.2525	34.9345
Tzo-AMvi_031_Ex1_L4_clmp.r1r2_fastp	36.0067	37.0292	36.552299999999995	37.1965	36.9254	37.282399999999996	36.5054	36.864599999999996	36.464	36.6098	36.018899999999995	36.4254	36.302	36.7481	36.2006	36.693599999999996	36.4227	36.767300000000006	36.2628	36.4977	36.28	36.4859	35.9626	36.6582	36.2461	36.7911	36.1864	36.642	36.3576	36.4762	36.005900000000004	36.5437	36.149300000000004	36.5541	35.9383	36.4866	36.2458	36.5429	36.0191	36.2127	36.0193	36.464400000000005	35.9689	36.4323	35.950700000000005	36.341699999999996	35.8913	36.168	35.8511	36.1406	35.6891	36.0422	35.7241	36.2333	35.7393	36.1563	35.8461	36.194900000000004	35.627199999999995	36.1758	35.827799999999996	36.026599999999995	35.6634	35.985499999999995	35.7054	36.083	35.6591	36.0927	35.5937	35.9732	35.545300000000005	35.9375	35.8325	35.7868	35.594	35.942299999999996	35.485	36.0223	35.6256	35.857299999999995	35.6496	35.7841	35.5495	35.8046	35.356500000000004	35.7646	35.4345	35.7658	35.4623	35.7871	35.565400000000004	35.6828	35.436299999999996	35.7843	35.4517	35.537800000000004	35.4842	35.599799999999995	35.6451	35.4825	35.5449	35.6199	35.518499999999996	35.503	35.4924	35.6385	35.316399999999994	35.5635	35.4875	35.6169	35.4889	35.5475	35.32	35.6321	35.1629	35.159600000000005	35.204800000000006	35.7252	35.2982	35.6903	35.5773	35.656	35.3118	35.7887	35.599	35.868100000000005	36.012899999999995	36.0135	35.8423	36.449799999999996	35.7834	36.207499999999996	35.894999999999996	35.879	34.7721
Tzo-AMvi_032_Ex1_L4_clmp.r1r2_fastp	38.7026	39.1824	38.9578	39.3345	39.2857	39.2125	38.8333	39.2412	38.9212	38.7222	38.6494	38.6937	38.737899999999996	38.7956	38.677099999999996	38.836999999999996	38.98	38.7988	38.580799999999996	38.9221	38.6405	38.5766	38.5351	38.7388	38.7712	38.812400000000004	38.5585	38.839800000000004	38.864599999999996	38.4779	38.3086	38.779799999999994	38.534	38.6827	38.6517	38.786	38.6957	38.7665	38.5367	38.5465	38.5556	38.602399999999996	38.337500000000006	38.7575	38.4767	38.6262	38.440000000000005	38.5231	38.3923	38.567499999999995	38.175399999999996	38.4775	38.3994	38.1947	38.218	38.392700000000005	38.2311	38.5431	38.26	38.400800000000004	38.2605	38.501000000000005	38.0758	38.258900000000004	38.338699999999996	38.2022	38.175	38.4092	38.2288	38.3148	38.0292	38.3954	38.1748	38.539699999999996	37.9092	38.1873	38.2808	38.2124	37.9733	38.3484	38.0916	38.0411	38.134	38.2342	38.1443	38.171699999999994	37.7782	38.3106	38.1899	38.0231	38.0336	38.283	37.9523	38.044200000000004	38.073	38.012499999999996	38.0373	38.193599999999996	37.691	38.3568	38.3627	37.9223	38.1316	38.4167	38.013200000000005	38.1325	37.8894	38.212	38.073499999999996	38.3135	38.0741	38.4888	38.2944	38.169399999999996	37.7548	38.4438	38.0224	38.2187	37.9137	38.4228	38.319900000000004	38.629799999999996	38.0855	39.1623	38.7355	38.7945	39.0036	39.036100000000005	38.7446	39.7385	39.035599999999995	39.6156	39.4054	39.5123	37.9125
Tzo-AMvi_033_Ex1_L4_clmp.r1r2_fastp	38.9565	39.415	39.3375	39.5444	39.7517	39.5866	39.2924	39.4059	39.1347	39.2145	38.7465	39.0269	39.0867	39.307199999999995	39.015699999999995	39.3856	39.0884	39.2308	38.8365	39.1393	38.913599999999995	38.9942	38.6598	39.0007	38.854499999999994	39.2988	38.9139	39.1175	38.952799999999996	39.1615	38.6808	39.035599999999995	38.8648	38.913799999999995	38.7723	39.0044	38.8528	38.9898	38.672000000000004	38.9443	38.544200000000004	38.8779	38.571600000000004	38.899499999999996	38.6719	38.926100000000005	38.4845	38.8213	38.5167	38.6595	38.325700000000005	38.6267	38.4754	38.637100000000004	38.4141	38.7569	38.342999999999996	38.4925	38.3344	38.6885	38.3536	38.3489	38.3	38.2527	38.3056	38.2346	38.2074	38.2675	38.1338	38.3361	38.3022	38.1538	38.2907	38.1134	38.2809	38.226	38.3383	38.285599999999995	38.1037	38.3716	38.0452	37.6888	38.026900000000005	37.941399999999994	37.9171	38.0529	38.2459	38.0331	38.046	37.9683	37.8058	37.9096	38.1932	37.818200000000004	37.7761	37.9631	37.733	37.694	37.6968	37.6593	37.824400000000004	37.9348	37.8067	38.0094	37.9773	37.7479	37.552	37.6998	37.5334	38.0602	37.6611	37.9021	37.8561	37.6301	37.4574	37.4598	37.5307	37.486799999999995	37.4194	38.1332	37.7385	37.810700000000004	37.7166	37.8676	38.0492	37.8919	37.874	38.176700000000004	38.0491	38.6222	37.9863	38.1629	38.0511	38.4561	37.053999999999995
Tzo-AMvi_034_Ex1_L4_clmp.r1r2_fastp	36.2651	37.3344	36.7463	37.363099999999996	36.9763	37.6115	36.8693	37.0302	36.5039	36.7767	36.3112	36.621900000000004	36.3625	36.937999999999995	36.4244	37.0241	36.700700000000005	36.7999	36.4722	36.6919	36.3705	36.6041	36.291000000000004	36.5572	36.3077	36.9066	36.451	36.7609	36.506	36.4818	36.1496	36.5364	36.315	36.5732	36.0302	36.5612	36.2781	36.478100000000005	36.0582	36.4838	36.153600000000004	36.5653	36.0763	36.4261	36.0865	36.6041	36.1621	36.41	36.0573	36.2982	36.036	36.3143	35.8754	36.327799999999996	35.9618	36.4061	36.0512	36.406	35.9283	36.187599999999996	35.922	36.1714	35.7862	36.2037	35.86	36.1608	35.8332	36.2133	35.942800000000005	36.1989	35.8805	36.1125	35.9743	36.215	35.7528	36.0042	35.9211	36.103	35.8439	36.2393	35.961	36.046499999999995	35.8074	35.9033	35.6702	35.863299999999995	35.7136	36.0165	35.8076	36.077799999999996	35.9609	35.9767	35.8039	36.075	35.76	36.0624	35.727199999999996	36.0558	35.7443	35.8961	35.767500000000005	36.1223	35.626200000000004	35.885	35.6402	36.040299999999995	35.4385	35.8775	35.5499	36.1177	35.6713	36.0153	35.9673	36.1238	35.4848	35.8776	35.5927	35.9512	35.6977	36.0122	36.2034	36.202400000000004	35.776	36.2897	36.006899999999995	36.3172	36.2896	36.4616	36.2938	36.817	36.3784	36.5843	36.7181	36.478100000000005	35.1902
Tzo-AMvi_035_Ex1_L4_clmp.r1r2_fastp	37.7431	38.3762	37.9805	38.6319	38.384800000000006	38.7324	38.1982	38.3811	38.068999999999996	38.215900000000005	37.4874	37.949	37.9635	38.2009	37.804	38.2604	38.1618	38.0062	37.9345	37.8418	38.0301	37.7684	37.649100000000004	37.8866	37.8335	37.9491	37.6505	37.8562	37.791799999999995	37.6165	37.552600000000005	37.9596	37.566300000000005	37.861200000000004	37.555899999999994	37.8299	37.7851	37.71	37.4036	37.635400000000004	37.667	37.7088	37.3172	37.763600000000004	37.683699999999995	37.5871	37.3664	37.5154	37.464	37.653	37.114799999999995	37.5396	37.3703	37.5431	37.2601	37.7014	37.3179	37.471700000000006	37.2577	37.6839	37.2585	37.284	37.1181	37.4684	37.270399999999995	37.3435	36.851800000000004	37.304500000000004	37.1209	37.290800000000004	37.0747	37.3873	37.174800000000005	37.290099999999995	37.0255	37.3006	37.137100000000004	37.2341	36.972699999999996	37.147200000000005	37.1046	36.9767	36.8716	37.1373	36.8405	36.8906	36.780699999999996	36.9965	37.0086	37.1394	36.8404	37.0892	36.9718	37.0918	36.8566	37.1579	36.8836	36.8963	36.9423	36.8406	36.8921	37.1545	36.7997	36.9236	37.095099999999995	37.2059	36.844100000000005	36.9554	36.7633	36.9012	36.6357	36.937	36.6835	36.945699999999995	36.300900000000006	36.694500000000005	36.688900000000004	36.8544	36.7168	37.2167	36.8763	37.1919	36.944700000000005	37.173	37.1991	37.1398	37.1249	37.390499999999996	37.5443	37.463800000000006	37.4826	37.391999999999996	37.3938	37.0512	36.6872
Tzo-AMvi_036_Ex1_L4_clmp.r1r2_fastp	40.2975	40.9319	40.582499999999996	40.9188	40.924	41.1049	40.5831	40.8405	40.407700000000006	40.5608	40.0599	40.2234	40.2699	40.6673	40.3523	40.8577	40.8932	40.6316	40.3556	40.6346	40.4681	40.4317	40.2567	40.593	40.5268	40.943200000000004	40.3725	40.7167	40.348600000000005	40.246500000000005	40.116600000000005	40.6805	40.3285	40.3047	40.197500000000005	40.5201	40.4123	40.2949	39.8784	40.6441	40.2742	40.4707	40.0031	40.7356	40.1586	40.4233	39.9192	40.3199	39.908300000000004	40.2473	39.9577	40.1791	39.758700000000005	40.1493	39.9224	40.1701	40.0043	39.9588	39.865	40.2179	39.9654	40.0328	39.643	40.050999999999995	39.9216	39.941500000000005	39.6605	40.1522	39.6151	39.9504	39.7891	40.0099	39.9065	40.084900000000005	39.800999999999995	39.8688	39.9854	39.852900000000005	39.556400000000004	40.003899999999994	39.779599999999995	39.7181	39.650600000000004	39.9101	39.8919	39.9378	39.161	39.9592	39.860099999999996	39.985	39.5907	39.9752	39.5459	39.8069	39.5546	39.929700000000004	39.580799999999996	39.7864	39.394	39.9102	40.0051	39.704	39.833	39.9089	39.6072	39.9572	39.6421	40.0026	39.6341	40.0124	39.510600000000004	40.0021	40.1391	39.831	39.5675	39.8032	39.900200000000005	39.7651	39.8976	40.1025	40.173500000000004	40.2898	39.8078	40.2068	40.3686	40.3141	40.305	40.5963	40.4988	40.619	40.9632	40.9635	41.099599999999995	40.9738	39.988099999999996
Tzo-AMvi_037_Ex1_L4_clmp.r1r2_fastp	36.3675	37.0268	36.6112	37.2749	37.0525	37.4842	36.8006	37.0635	36.6066	36.7398	36.1894	36.5535	36.2863	36.7335	36.4367	37.0226	36.6946	36.846000000000004	36.4705	36.6404	36.3516	36.5578	36.1627	36.7044	36.2642	36.780499999999996	36.2182	36.7095	36.3857	36.6376	36.1244	36.554500000000004	36.087599999999995	36.5794	36.1018	36.6233	36.2033	36.543	36.0882	36.4903	35.969	36.4394	35.7948	36.525800000000004	35.9501	36.344	35.8572	36.3745	35.829899999999995	36.3082	35.593599999999995	36.2322	35.7569	36.1706	35.5739	36.2681	35.7599	36.3015	35.7054	36.258	35.706199999999995	36.2509	35.5901	36.0695	35.6987	36.0872	35.4529	35.9542	35.6122	35.9345	35.485499999999995	35.9607	35.6384	35.9607	35.455	35.8279	35.6437	35.951899999999995	35.639900000000004	35.9688	35.5682	35.77	35.4186	35.8814	35.478300000000004	35.8147	35.3883	35.875	35.6149	35.924	35.4508	35.7056	35.6218	35.713899999999995	35.4935	35.374	35.3257	35.7018	35.340199999999996	35.522	35.552499999999995	35.8489	35.38	35.763600000000004	35.3917	35.702	35.2618	35.7179	35.3531	35.6828	35.435	35.4262	35.2353	35.7464	35.424299999999995	35.6278	35.3601	35.6379	35.6301	35.7181	35.5611	35.814	35.6085	35.7495	35.759600000000006	36.0299	35.647099999999995	35.9437	35.8795	36.4616	36.0079	36.2663	36.0094	36.187000000000005	35.2025
Tzo-AMvi_038_Ex1_L4_clmp.r1r2_fastp	36.9523	37.6233	37.197599999999994	37.7951	37.4031	37.9208	37.187799999999996	37.5129	37.0052	37.053399999999996	36.503600000000006	36.8817	36.7538	37.1775	36.729299999999995	37.365500000000004	37.168099999999995	37.1712	36.8403	36.803599999999996	36.666	36.8402	36.4418	36.9826	36.973	37.1237	36.6106	36.9282	36.7245	36.8162	36.4605	36.7855	36.6888	36.8949	36.493900000000004	36.9518	36.782	36.9619	36.4039	36.8035	36.4867	36.749900000000004	36.3535	36.7969	36.5513	36.7025	36.2714	36.5901	36.270599999999995	36.7856	36.051	36.5354	36.268899999999995	36.5768	36.1895	36.5671	36.4472	36.512699999999995	36.19	36.8022	36.243700000000004	36.6701	36.0217	36.4172	36.239	36.676700000000004	35.8398	36.4861	36.0021	36.423100000000005	35.942800000000005	36.433	36.1846	36.339	35.802299999999995	36.5627	36.3479	36.5236	35.9416	36.416900000000005	36.0143	36.3754	35.8863	36.4142	36.109700000000004	36.2651	35.7578	36.4055	36.0792	36.4832	35.8431	36.389300000000006	36.0657	36.2923	36.093399999999995	36.3731	35.9926	36.269400000000005	35.9738	36.1825	36.2368	36.228500000000004	35.8396	36.3694	35.7848	36.1582	35.7443	36.0474	35.7442	36.4165	35.7995	36.4407	36.217	36.0454	35.8151	36.0301	36.214800000000004	36.0146	36.073100000000004	36.524699999999996	36.3937	36.5877	36.302800000000005	36.4968	36.2811	36.652699999999996	36.1569	37.0969	36.3419	37.1715	37.0208	36.767300000000006	36.8913	36.9683	35.490100000000005
Tzo-AMvi_039_Ex1_L4_clmp.r1r2_fastp	37.3134	38.156400000000005	37.749700000000004	38.1615	37.9957	38.323800000000006	37.8079	37.9428	37.6702	37.616	37.105900000000005	37.7844	37.3812	37.6788	37.399	37.899100000000004	37.8499	37.6669	37.3709	37.7665	37.2252	37.6536	37.0995	37.546800000000005	37.3294	37.5437	37.4682	37.635200000000005	37.4832	37.4846	36.9979	37.4473	37.4095	37.5248	37.1393	37.491	37.3358	37.463800000000006	37.0928	37.4231	37.0916	37.4958	36.789500000000004	37.4115	37.1067	37.5236	36.7308	37.432	36.9371	37.2935	36.6643	37.3457	36.8234	37.356899999999996	36.586999999999996	37.3287	36.8873	37.382	36.647400000000005	37.3718	36.9347	37.326100000000004	36.802099999999996	37.3227	36.747	37.146699999999996	36.5286	37.1757	36.721	36.999900000000004	36.814400000000006	37.0118	36.734	36.9317	36.6167	36.916900000000005	36.7789	37.102000000000004	36.8625	36.9381	36.74	36.870599999999996	36.4529	36.783100000000005	36.4778	36.7515	36.515	37.0991	36.6141	36.8265	36.410599999999995	36.831599999999995	36.6607	36.9173	36.505500000000005	36.7253	36.6843	36.755300000000005	36.4869	36.5956	36.652499999999996	36.696400000000004	36.580200000000005	36.6022	36.520599999999995	36.7355	36.5018	36.5349	36.3333	36.780499999999996	36.2455	36.795	36.525	36.6917	36.351099999999995	36.4497	36.3885	36.4146	36.3044	36.789500000000004	36.5278	37.0562	36.6617	37.0172	36.689899999999994	37.011	36.7881	37.1787	37.1823	37.4083	37.0839	37.1622	37.2622	37.1687	35.667
Tzo-AMvi_040_Ex1_L4_clmp.r1r2_fastp	36.4359	37.2802	36.769800000000004	37.4408	37.1346	37.5432	36.7558	37.0931	36.5184	36.828300000000006	36.2653	36.7621	36.5158	36.8266	36.513	36.967800000000004	36.7011	36.9273	36.4927	36.673	36.4218	36.850500000000004	36.1979	36.890699999999995	36.5193	36.885	36.3821	36.7602	36.3982	36.736000000000004	36.116	36.6814	36.242000000000004	36.809999999999995	36.2271	36.8541	36.350100000000005	36.6363	36.1149	36.559599999999996	36.1137	36.560900000000004	36.0164	36.7245	36.1598	36.5966	35.9604	36.605	36.0901	36.518299999999996	35.8583	36.4049	35.9467	36.3906	35.832300000000004	36.4395	36.0601	36.5458	35.734	36.4786	35.9868	36.3662	35.8351	36.4018	35.9334	36.3326	35.7489	36.3067	35.714400000000005	36.1524	35.6918	36.258	35.8898	36.2728	35.6523	36.231	35.762699999999995	36.223499999999994	35.6705	36.1081	35.8716	35.998599999999996	35.5633	35.970800000000004	35.650999999999996	35.9808	35.5516	36.1199	35.7796	35.979299999999995	35.6085	36.133700000000005	35.7227	36.0358	35.7052	36.144	35.6107	35.8371	35.564800000000005	35.951899999999995	35.8221	36.041000000000004	35.5911	35.995	35.6213	35.829699999999995	35.4655	35.955999999999996	35.2974	35.7263	35.4095	35.927	35.7241	35.6967	35.525400000000005	36.0351	35.5514	36.0109	35.5941	36.2178	36.0636	36.1176	35.797200000000004	36.2277	35.8022	35.903800000000004	35.7331	36.276	36.2688	36.343399999999995	36.405100000000004	36.5363	36.4957	36.2728	35.307300000000005
Tzo-AMvi_041_Ex1_L4_clmp.r1r2_fastp	38.254599999999996	38.8105	38.7128	38.9685	38.840799999999994	39.3306	38.765699999999995	38.9264	38.3773	38.6132	38.1884	38.488099999999996	38.4992	38.6563	38.384	38.8888	38.714	38.6053	38.3668	38.4826	38.4378	38.5866	38.1379	38.5357	38.3976	38.5629	38.3251	38.4555	38.1834	38.2854	38.0317	38.3333	38.271899999999995	38.4151	38.0276	38.4754	38.190400000000004	38.3437	37.8652	38.5323	38.034400000000005	38.2548	38.076	38.3278	38.0186	38.291399999999996	37.9684	38.2659	37.851	38.1141	37.5807	37.983200000000004	37.9422	37.981700000000004	37.8279	38.0257	37.7311	38.264199999999995	37.6394	37.9881	37.739200000000004	37.945	37.7334	37.993500000000004	37.724999999999994	37.972699999999996	37.431	38.0027	37.4165	37.7062	37.5797	37.736	37.695499999999996	37.8203	37.453399999999995	37.641999999999996	37.5017	37.7457	37.392399999999995	37.675	37.5702	37.6985	37.4631	37.594899999999996	37.302400000000006	37.5419	37.0976	37.5305	37.312200000000004	37.466699999999996	37.135200000000005	37.5995	37.4182	37.4413	37.210300000000004	37.3957	36.995400000000004	37.1171	36.8412	37.3608	37.136599999999994	37.341800000000006	37.0369	37.3043	36.9304	37.3174	36.8301	37.0517	37.0149	37.1771	37.0374	37.1772	36.842000000000006	37.044	36.781000000000006	36.8506	37.018699999999995	36.8973	36.9081	36.9783	37.269999999999996	37.3562	37.1377	37.3743	37.2347	37.3392	37.0822	37.4471	37.4275	37.6994	37.6497	37.715900000000005	37.7891	37.4277	36.550399999999996
Tzo-AMvi_042_Ex1_L4_clmp.r1r2_fastp	40.0926	41.1293	40.485	41.2006	41.001599999999996	41.482200000000006	40.482600000000005	41.1093	40.5638	40.5009	40.3257	40.5866	40.4932	40.9088	40.6393	41.078199999999995	40.9409	40.7721	40.5254	40.643	40.495599999999996	40.6279	40.2088	40.759499999999996	40.3732	41.0687	40.4863	40.6636	40.6025	40.6192	40.1427	40.4928	40.435	40.7359	40.2793	40.7891	40.3523	40.705799999999996	40.1822	40.6403	40.225100000000005	40.6347	40.1821	40.7248	40.3381	40.7022	39.848299999999995	40.630300000000005	39.9741	40.4557	39.7744	40.4167	39.9929	40.2875	39.7352	40.348299999999995	39.8546	40.2608	39.8816	40.2349	39.6462	40.175	39.543499999999995	40.2652	39.7911	40.1749	39.4202	40.157	39.5055	39.9721	39.674	40.0086	39.693	39.9719	39.4458	39.7338	39.4287	39.585	39.372099999999996	39.5908	39.5779	39.5912	39.5047	39.454699999999995	39.2755	39.2892	39.1073	39.2029	39.3864	39.306999999999995	39.2593	39.5273	39.407	39.3463	39.0497	39.317800000000005	38.827099999999994	39.1166	38.9851	38.8033	39.306799999999996	39.0707	39.1501	39.4339	38.9973	38.9973	38.8104	38.812400000000004	39.0877	39.2595	38.812400000000004	39.191900000000004	38.9891	39.0782	38.711800000000004	38.7581	38.6587	38.683499999999995	38.5806	39.0388	38.9198	39.2976	38.6543	39.5133	38.9185	39.258900000000004	38.8841	38.9754	38.9091	39.3685	39.5094	39.1064	39.18	38.8442	38.365300000000005
Tzo-AMvi_043_Ex1_L4_clmp.r1r2_fastp	36.3317	37.108999999999995	36.7675	37.225	37.0342	37.527899999999995	36.7677	37.0827	36.5743	36.7325	36.3314	36.6165	36.2553	36.7268	36.449799999999996	36.9139	36.6849	36.5888	36.4195	36.5798	36.221599999999995	36.6164	36.1755	36.487	36.3124	36.796299999999995	36.272999999999996	36.6668	36.4001	36.4176	36.1235	36.3118	36.1922	36.397200000000005	35.9811	36.5015	36.302099999999996	36.578	36.1884	36.4952	36.0561	36.49	35.9871	36.4728	35.8727	36.465599999999995	35.909400000000005	36.3882	35.9443	36.3705	35.7731	36.253800000000005	35.9085	36.167	35.8885	36.2818	35.8512	36.3497	35.8686	36.371900000000004	35.9088	36.1363	35.847899999999996	36.1384	35.8356	36.0364	35.6503	36.1614	35.7416	36.150999999999996	35.7287	35.9954	35.7184	35.9325	35.7407	35.9354	35.801500000000004	35.9325	35.9332	35.883199999999995	35.6298	35.8309	35.616	35.830600000000004	35.5625	35.8935	35.5639	35.9655	35.749399999999994	35.8441	35.565400000000004	35.8675	35.6705	35.8942	35.4595	35.7167	35.4835	35.7447	35.491299999999995	35.7522	35.6871	35.8994	35.568	35.7258	35.343999999999994	35.6454	35.5757	35.6069	35.497299999999996	35.7145	35.4141	35.6946	35.410799999999995	35.6667	35.2194	35.7405	35.4739	35.6472	35.423	35.6712	35.6464	35.7644	35.8247	35.9514	35.6551	36.0907	35.7929	36.062	35.919000000000004	36.2469	36.2326	36.2849	36.1383	36.3396	35.0475
Tzo-AMvi_044_Ex1_L4_clmp.r1r2_fastp	36.3126	36.978699999999996	36.5707	37.0496	36.683	37.2382	36.5852	36.811899999999994	36.5853	36.418299999999995	36.2578	36.4606	36.3421	36.444500000000005	36.3672	36.8056	36.6454	36.4957	36.2769	36.458	36.231	36.4555	36.1392	36.5921	36.4061	36.5582	36.174800000000005	36.587399999999995	36.3338	36.289100000000005	36.0708	36.275600000000004	36.1377	36.2645	36.1184	36.4263	36.1971	36.215599999999995	35.950700000000005	36.270599999999995	35.8389	36.2699	35.7986	36.2164	35.8079	36.138799999999996	35.9485	36.1968	35.8559	36.1593	35.653	35.964200000000005	35.7914	36.065999999999995	35.6637	36.0997	35.6789	36.1584	35.579	36.0846	35.848400000000005	36.0747	35.641400000000004	36.0865	35.7123	35.845	35.5456	36.0123	35.4057	35.899300000000004	35.2726	35.8031	35.7025	36.0056	35.591699999999996	35.775800000000004	35.524899999999995	35.7958	35.515299999999996	35.61	35.5312	35.564800000000005	35.3396	35.7301	35.527	35.6609	35.4282	35.829	35.5213	35.6916	35.5886	35.4642	35.592800000000004	35.5081	35.5955	35.5144	35.5489	35.5259	35.3465	35.5068	35.5147	35.4868	35.3285	35.3586	35.4037	35.534	35.1453	35.6252	35.2378	35.6776	35.4794	35.6418	35.6088	35.7015	35.2933	35.4306	35.3688	35.369	35.4517	35.6524	35.6779	35.7759	35.577999999999996	35.7282	35.7508	35.9628	35.8151	36.201699999999995	35.9551	36.1931	36.181400000000004	36.2788	36.2757	35.8557	34.9163
Tzo-AMvi_045_Ex1_L4_clmp.r1r2_fastp	36.3108	36.8807	36.6571	37.039699999999996	37.1024	37.405	36.897400000000005	36.995	36.5434	36.6209	36.132	36.351099999999995	36.2445	36.491800000000005	36.3716	36.7333	36.564600000000006	36.546800000000005	36.3078	36.5817	36.233399999999996	36.3876	36.163000000000004	36.43	36.4427	36.503600000000006	36.1598	36.6774	36.310900000000004	36.2645	36.1848	36.3608	36.0471	36.332	36.131299999999996	36.27	36.1375	36.2337	35.9265	36.3519	35.8059	36.1772	35.8793	36.2209	36.0886	36.2185	35.7603	36.3177	35.9888	36.054	35.6276	36.0897	36.033	36.0812	35.6487	36.1319	35.868100000000005	36.072199999999995	35.5575	36.1359	35.692800000000005	35.904199999999996	35.537400000000005	35.9775	35.5754	36.0344	35.2851	35.8352	35.6709	35.7317	35.4005	35.8136	35.7935	35.9098	35.5628	35.8595	35.5508	35.7446	35.393	35.708400000000005	35.6252	35.657	35.3581	35.525	35.4315	35.4765	35.450199999999995	35.5548	35.4955	35.726400000000005	35.6015	35.7305	35.5161	35.4727	35.4257	35.4882	35.2381	35.5167	35.3267	35.524499999999996	35.4395	35.464400000000005	35.3427	35.6368	35.4467	35.6243	35.1667	35.7859	35.4179	35.4491	35.1075	35.4405	35.218500000000006	35.5072	35.1672	35.2656	35.2474	35.3886	35.2408	35.3756	35.821999999999996	35.659600000000005	35.6438	35.910599999999995	35.753099999999996	35.82	35.7288	36.091899999999995	35.9544	35.9362	35.7115	36.262499999999996	36.140699999999995	35.9227	34.6406
Tzo-AMvi_046_Ex1_L4_clmp.r1r2_fastp	38.2688	38.917699999999996	38.4048	38.8611	38.8986	39.0272	38.3618	38.826	38.366	38.418400000000005	38.079499999999996	38.390800000000006	38.0362	38.514700000000005	38.222699999999996	38.7237	38.5235	38.51	37.8659	38.3067	38.0983	38.2808	37.8421	38.176100000000005	38.0191	38.5034	38.002399999999994	38.3724	38.0904	38.1814	37.766	38.2265	38.0187	38.2608	37.8499	38.3347	38.0255	38.146	37.758900000000004	38.2559	37.8007	38.1299	37.771100000000004	38.2019	37.8702	38.215700000000005	37.7258	38.127	37.8292	38.1306	37.5235	37.8652	37.7386	37.9002	37.549	38.0737	37.6044	38.0862	37.6729	38.020900000000005	37.5846	38.0292	37.427	37.973099999999995	37.5782	38.0785	37.425599999999996	37.9907	37.424800000000005	37.773	37.4399	37.6854	37.6005	37.9292	37.462	37.8622	37.5102	37.729600000000005	37.419200000000004	37.8466	37.5051	37.8429	37.3881	37.7379	37.6563	37.9355	37.2746	37.7194	37.5588	37.829800000000006	37.6644	37.841	37.6	37.8011	37.555	37.8602	37.858000000000004	37.8736	37.5489	37.735600000000005	37.9627	37.995000000000005	37.9081	38.1723	37.6614	38.187	37.822	38.0996	38.0461	38.2824	37.961299999999994	38.6659	38.2669	38.304	37.782	38.1659	37.7635	38.3244	38.2249	38.4846	38.2882	38.5866	38.0426	38.462	38.1395	38.8004	38.4914	38.9839	38.776500000000006	39.084	38.8126	39.2426	38.9176	39.0389	38.0484
Tzo-AMvi_047_Ex1_L4_clmp.r1r2_fastp	36.8827	37.695	37.225	37.8278	37.5045	38.0073	37.2684	37.6641	37.0334	37.2868	36.7341	37.1959	36.8947	37.4311	36.7996	37.4614	37.2278	37.257	36.949	37.1304	36.7205	37.2721	36.6437	37.1898	36.9015	37.2953	36.8557	37.3017	36.9289	37.0101	36.7192	36.9386	36.7801	37.1449	36.6863	37.1308	36.8978	37.2479	36.581399999999995	37.0345	36.6995	36.9888	36.5543	37.0152	36.7872	36.9684	36.5116	37.0463	36.6665	36.9198	36.3014	36.8952	36.399100000000004	36.7599	36.4998	36.9074	36.540800000000004	36.9732	36.328500000000005	36.924	36.4516	36.7383	36.3975	36.7193	36.471599999999995	36.8257	36.2923	36.7414	36.3319	36.647800000000004	36.292	36.5629	36.2916	36.6753	36.3211	36.540499999999994	36.3765	36.672	36.2218	36.472500000000004	36.3654	36.5712	36.2731	36.425999999999995	36.3011	36.4348	36.0349	36.3741	36.262299999999996	36.8008	36.133500000000005	36.6139	36.2873	36.6324	36.074	36.3668	36.1507	36.1948	36.1385	36.4023	36.228500000000004	36.4608	35.9145	36.363099999999996	36.1363	36.3305	36.0416	36.51	35.8643	36.5311	36.1382	36.626799999999996	36.0186	36.4898	35.986200000000004	36.281200000000005	35.9729	36.1314	36.0428	36.689699999999995	36.2598	36.6134	36.0645	36.8701	36.4638	36.7525	36.1968	36.8013	36.5434	37.0054	36.5813	37.0089	36.6596	36.6173	35.4755
Tzo-AMvi_048_Ex1_L4_clmp.r1r2_fastp	39.4175	40.1129	39.5382	40.3592	40.2313	40.8829	39.849000000000004	40.339000000000006	39.5753	39.892	39.2704	39.975899999999996	39.6329	40.1826	39.5658	40.1626	40.015	40.1819	39.6409	39.9608	39.628099999999996	40.1346	39.294000000000004	40.0947	39.753699999999995	40.2822	39.448699999999995	39.9814	39.636300000000006	39.7295	39.3426	40.0651	39.5359	40.1366	39.596199999999996	39.9367	39.6338	39.9667	39.2083	39.8878	39.3085	40.007799999999996	39.315	39.9841	39.486399999999996	39.9409	39.3045	39.9522	39.1141	39.7055	38.8361	39.7154	39.3016	39.793	39.179700000000004	39.4472	39.1863	39.528200000000005	38.980599999999995	39.533	39.075500000000005	39.7025	38.9322	39.568599999999996	39.1104	39.439600000000006	38.681	39.1784	38.6855	39.2941	38.9839	39.2294	39.0656	39.5098	38.742	39.3033	38.9249	39.0571	38.9699	39.0641	38.709199999999996	39.186	38.6839	39.1486	38.3225	38.859100000000005	38.190400000000004	38.8816	38.4173	38.9784	38.5394	38.9561	38.8863	38.7137	38.3028	38.9244	38.2735	38.459900000000005	38.4649	38.5717	38.5917	38.8162	38.2344	38.971000000000004	38.427299999999995	38.837500000000006	38.0212	38.338499999999996	38.1576	38.4023	38.249300000000005	38.596000000000004	38.2106	38.6727	37.8435	38.4025	37.6173	38.547799999999995	37.9031	38.6601	38.4051	38.607	38.506299999999996	38.6156	38.444	38.6474	38.210699999999996	38.461800000000004	38.4728	39.0125	38.5864	39.1403	38.7586	38.772	37.6329
Tzo-CMvi_006-Ex1_L4_clmp.r1r2_fastp	40.876400000000004	41.8444	41.2699	41.6609	41.4829	41.8846	41.2472	41.2773	40.9597	41.0284	40.6818	40.8504	40.4404	40.977999999999994	40.7084	41.2239	41.1993	41.229	41.0364	40.986200000000004	40.7714	41.0306	40.7831	40.9344	40.7691	41.2922	40.6875	41.0356	40.8118	40.92	40.7041	40.9343	40.661199999999994	41.137299999999996	40.7585	40.9657	40.720099999999995	41.2212	40.6708	41.025099999999995	40.886	41.1254	40.543600000000005	41.268100000000004	40.521	41.1408	40.7114	41.1945	40.7937	41.072399999999995	40.5481	40.901199999999996	40.6682	41.1199	40.6011	41.0144	40.6491	41.072199999999995	40.8245	40.8628	40.6216	41.0999	40.5331	40.9663	40.7237	41.0543	40.581	40.9921	40.644000000000005	40.9071	40.7932	40.7245	40.5736	40.9612	40.4705	40.719	40.8665	40.765499999999996	40.7404	40.807300000000005	40.672599999999996	40.7789	40.722	40.651900000000005	40.5101	40.964800000000004	40.4899	40.729	40.653800000000004	40.7576	40.5823	40.8684	40.592600000000004	40.7601	40.510200000000005	40.8124	40.5331	40.7063	40.5662	40.666999999999994	40.822900000000004	40.611999999999995	40.6096	40.739999999999995	40.4957	40.9331	40.4213	40.7868	40.620400000000004	40.677	40.597100000000005	40.705000000000005	40.5801	40.5839	40.3721	40.6785	40.6565	40.6593	40.7194	40.7828	40.5857	40.8598	40.4853	40.8399	40.537099999999995	40.937400000000004	40.542	40.957300000000004	40.7356	41.0509	41.0855	40.7237	40.802	40.9617	40.5286
Tzo-CMvi_007-Ex1_L4_clmp.r1r2_fastp	41.0743	41.8995	41.6659	42.013	41.917500000000004	42.3133	41.5946	41.6216	41.2468	41.508	40.9771	41.2819	40.7459	41.528999999999996	41.0886	41.4664	41.4184	41.5798	41.3434	41.5127	41.0161	41.4505	40.978500000000004	41.300599999999996	41.052699999999994	41.7031	41.058299999999996	41.6788	41.3769	41.5586	41.060900000000004	41.4727	41.1352	41.4882	41.2917	41.501599999999996	41.2594	41.5301	40.9709	41.4479	41.183	41.6355	40.913	41.453	41.0	41.7012	41.2293	41.5001	41.010400000000004	41.5199	41.0567	41.3182	41.1822	41.4691	40.9556	41.5344	41.0136	41.466300000000004	41.3884	41.3369	41.1745	41.421	40.9513	41.347699999999996	41.0881	41.4801	40.9592	41.4059	40.9858	41.2557	41.1639	41.2606	41.032999999999994	41.4976	40.8465	41.302	41.1549	41.1834	41.056599999999996	41.22	41.0182	41.254200000000004	41.11	41.1092	40.9456	41.2632	40.9133	41.111599999999996	41.1446	41.1997	40.953	41.3079	41.046899999999994	41.153	40.9719	41.1614	40.9589	41.167300000000004	40.7691	41.115899999999996	41.0799	41.0538	40.9925	41.117599999999996	40.7826	41.1904	40.8043	41.204499999999996	40.8283	41.308299999999996	40.8026	41.1516	40.9366	41.1621	40.705000000000005	41.1987	40.762100000000004	40.9885	41.1004	40.9781	40.9851	41.2061	40.8938	41.3132	40.920899999999996	41.244	41.0491	41.2952	40.9797	41.3009	41.1798	41.1117	41.125699999999995	41.317	40.8181
Tzo-CMvi_011-Ex1_L4_clmp.r1r2_fastp	40.9313	41.762899999999995	41.3309	41.7428	41.5966	41.782599999999995	40.9188	41.1879	40.828900000000004	40.9933	40.6613	40.7234	40.4709	41.098099999999995	40.6098	41.2527	40.983000000000004	41.0987	40.708800000000004	40.8333	40.77	40.8922	40.7276	40.8033	40.386300000000006	41.246100000000006	40.6295	40.9782	40.827400000000004	40.812	40.5112	40.7451	40.6663	41.068	40.7377	41.0843	40.5259	41.1327	40.565200000000004	40.8504	40.7637	40.9538	40.411500000000004	41.0882	40.6146	41.063300000000005	40.5099	40.9818	40.5461	40.9784	40.5045	40.899	40.7037	40.9618	40.4669	40.9754	40.637299999999996	40.997499999999995	40.6672	40.869699999999995	40.5572	40.9547	40.4652	40.9092	40.611799999999995	40.9273	40.549400000000006	41.0377	40.6391	40.7937	40.651399999999995	40.841499999999996	40.596900000000005	40.9035	40.446799999999996	40.8076	40.762	40.7028	40.6551	40.8232	40.600500000000004	40.677600000000005	40.5706	40.7767	40.6063	40.8267	40.4472	40.758100000000006	40.7211	40.688	40.6849	40.754000000000005	40.5739	40.685900000000004	40.5771	40.7185	40.4635	40.693200000000004	40.529900000000005	40.5933	40.8396	40.5828	40.4194	40.775	40.3649	40.7864	40.3987	40.608	40.6374	40.766999999999996	40.5879	40.739599999999996	40.4251	40.6148	40.257	40.720800000000004	40.361799999999995	40.6897	40.522000000000006	40.7167	40.5721	40.760200000000005	40.5113	40.7471	40.6074	40.6963	40.483599999999996	40.746700000000004	40.5739	41.0338	40.9895	40.862300000000005	40.8018	40.811	40.588499999999996
Tzo-CMvi_012-Ex1_L4_clmp.r1r2_fastp	40.144999999999996	41.0133	40.4244	40.9435	40.799800000000005	41.219899999999996	40.470800000000004	40.6609	40.1941	40.3932	40.1094	40.1357	39.8893	40.521499999999996	40.069500000000005	40.5034	40.4267	40.4583	40.164	40.4985	40.1139	40.2589	40.0183	40.2824	39.953	40.517199999999995	40.0615	40.4711	40.1747	40.3371	40.017	40.207	40.0592	40.4957	40.1273	40.4827	40.0736	40.61	39.9422	40.3693	40.1967	40.4282	39.8521	40.470299999999995	39.9599	40.441500000000005	40.0043	40.2594	39.9834	40.4596	39.899	40.286100000000005	40.0933	40.3113	39.9772	40.353	39.9203	40.2963	40.209	40.2837	39.968599999999995	40.380500000000005	39.8654	40.3041	39.9746	40.327600000000004	39.9116	40.240700000000004	39.9082	40.1389	40.0389	40.0957	39.9974	40.2303	39.8031	40.089999999999996	40.0071	40.1366	39.929199999999994	40.2172	39.848800000000004	40.084399999999995	39.994800000000005	40.1484	39.870400000000004	40.2013	39.8273	40.0127	39.9272	40.1089	39.933600000000006	40.1132	39.8486	40.041	39.830799999999996	40.055600000000005	39.78	40.0879	39.796	39.9721	40.0826	40.102399999999996	39.8971	40.0544	39.6018	40.031099999999995	39.8218	39.9858	39.8158	39.9925	39.8521	39.9096	39.852	39.9243	39.6986	39.914899999999996	39.7201	39.923199999999994	39.905	40.0574	39.9741	40.1494	39.9344	40.0175	39.9264	39.9995	40.1343	40.0168	40.1193	40.405499999999996	40.231899999999996	40.0789	40.0859	40.1899	39.764300000000006
Tzo-CMvi_013-Ex1_L4_clmp.r1r2_fastp	40.694	41.4997	41.004200000000004	41.4489	41.1676	41.550599999999996	40.6835	40.9258	40.537099999999995	40.5492	40.0469	40.2571	40.0608	40.625499999999995	40.304899999999996	40.855000000000004	40.638000000000005	40.815400000000004	40.4171	40.6354	40.383	40.5615	40.2879	40.4513	40.2135	40.7707	40.197500000000005	40.7401	40.3862	40.4887	40.2248	40.5022	40.225699999999996	40.6594	40.2511	40.5147	40.1936	40.7557	40.185700000000004	40.5555	40.4398	40.618900000000004	40.0987	40.6092	40.192	40.666999999999994	40.2767	40.6536	40.1571	40.654	40.085	40.5865	40.2532	40.5167	40.1167	40.6047	40.0828	40.5824	40.3167	40.4913	40.2579	40.477000000000004	40.0605	40.525800000000004	40.1625	40.591899999999995	40.1222	40.3827	40.1903	40.394999999999996	40.2607	40.3714	40.193400000000004	40.563	40.0874	40.4267	40.2791	40.3869	40.2493	40.3881	40.1822	40.3297	40.1198	40.2843	40.084199999999996	40.355999999999995	39.988	40.2891	40.2611	40.367999999999995	40.2024	40.3348	40.163900000000005	40.3454	40.1227	40.3981	39.933600000000006	40.335300000000004	40.1547	40.2624	40.3109	40.313500000000005	40.071400000000004	40.340199999999996	39.9913	40.4238	40.0341	40.2	40.137299999999996	40.337	40.216499999999996	40.2905	40.1093	40.4104	39.966	40.268100000000004	40.0062	40.3501	40.1654	40.3174	40.2696	40.4114	40.2847	40.3046	40.1743	40.3292	40.2366	40.5533	40.2645	40.6223	40.4941	40.386300000000006	40.4166	40.488099999999996	40.062
Tzo-CMvi_015-Ex1_L4_clmp.r1r2_fastp	40.915400000000005	41.8153	41.2901	41.654799999999994	41.4142	41.8195	40.7872	41.0394	40.8236	40.664699999999996	40.386300000000006	40.5583	40.3861	40.8597	40.5559	41.087	40.8772	40.995599999999996	40.6314	40.6654	40.558699999999995	40.8436	40.4882	40.779700000000005	40.458800000000004	41.0529	40.5227	40.99	40.8105	40.8476	40.409	40.8425	40.6266	40.935500000000005	40.5773	40.8883	40.5678	41.0047	40.5263	40.9171	40.6217	40.894000000000005	40.3041	40.8995	40.448699999999995	41.1095	40.533500000000004	40.996500000000005	40.5024	40.8684	40.4669	40.77	40.6104	40.855999999999995	40.4205	40.799	40.5572	40.8849	40.6091	40.6916	40.5484	40.8778	40.361799999999995	40.7891	40.5785	40.836800000000004	40.3672	40.7251	40.392	40.5521	40.5629	40.541700000000006	40.4345	40.8478	40.4022	40.5764	40.773900000000005	40.5824	40.4335	40.699000000000005	40.3784	40.5671	40.433099999999996	40.582	40.2913	40.7412	40.3331	40.531299999999995	40.613899999999994	40.6279	40.4656	40.5897	40.484700000000004	40.611999999999995	40.353699999999996	40.5425	40.3447	40.613899999999994	40.3579	40.525099999999995	40.5882	40.4947	40.330799999999996	40.531299999999995	40.2437	40.5929	40.302	40.4843	40.4224	40.6093	40.3122	40.5801	40.4053	40.5142	40.266000000000005	40.476	40.3553	40.5887	40.4837	40.4252	40.3754	40.6508	40.4356	40.652899999999995	40.4474	40.6263	40.502	40.7329	40.5959	40.8647	40.753299999999996	40.602	40.610800000000005	40.8653	40.4316
Tzo-CMvi_016-Ex1_L4_clmp.r1r2_fastp	40.244099999999996	41.1417	40.6568	41.1371	41.0269	41.377900000000004	40.5561	40.740500000000004	40.2135	40.4626	40.0545	40.1466	39.9681	40.4099	40.0583	40.6209	40.4138	40.5788	40.1717	40.4335	40.165800000000004	40.355000000000004	40.1268	40.3287	39.9328	40.638000000000005	40.0884	40.5148	40.2825	40.328599999999994	39.9579	40.339000000000006	40.021699999999996	40.4611	40.056999999999995	40.3802	40.0824	40.4869	39.978	40.387299999999996	40.1564	40.4292	39.8775	40.4992	39.8788	40.4855	40.1242	40.4103	39.9858	40.440599999999996	39.8854	40.3316	40.0732	40.313900000000004	39.9541	40.2287	39.9786	40.4515	40.0764	40.298	40.0045	40.3419	39.8698	40.277	39.987	40.3243	39.9088	40.319300000000005	39.8763	40.1829	40.0759	40.205600000000004	39.962900000000005	40.243	39.8585	40.0811	40.0855	40.158899999999996	40.0049	40.214299999999994	39.9223	40.158300000000004	39.9164	40.1266	39.839999999999996	40.1443	39.9208	40.182	39.9829	40.184799999999996	39.9107	40.1702	39.895399999999995	40.0633	39.7884	40.1054	39.7978	40.1252	39.894800000000004	40.014300000000006	40.003499999999995	40.1493	39.8727	40.090399999999995	39.793	40.1547	39.8321	40.0443	39.8626	40.0761	39.905699999999996	40.0898	39.852399999999996	40.0879	39.7464	40.031499999999994	39.7811	40.0557	39.828	40.169	39.8569	40.2671	39.9597	40.1909	40.004	40.1592	40.0071	40.265699999999995	40.0643	40.3295	40.1774	40.258500000000005	40.092299999999994	40.3172	39.854099999999995
Tzo-CMvi_018-Ex1_L4_clmp.r1r2_fastp	41.1653	41.9867	41.546	41.8506	41.537	41.794599999999996	40.8792	41.2036	40.7173	40.9885	40.4248	40.651900000000005	40.6363	40.9101	40.7023	41.2933	41.005399999999995	41.160000000000004	40.8626	41.0321	40.5555	41.1034	40.4495	41.0737	40.7979	41.2779	40.618300000000005	40.9557	41.0069	41.0149	40.5942	40.921099999999996	40.7252	41.2712	40.6061	41.0565	40.9537	41.2998	40.7267	41.221999999999994	40.657199999999996	41.0943	40.590399999999995	41.1485	40.6584	41.3527	40.524	41.063	40.4145	41.044000000000004	40.4036	40.9267	40.6947	41.022999999999996	40.618900000000004	41.1806	40.7147	41.15	40.967999999999996	40.864200000000004	40.677	41.0342	40.572399999999995	40.8249	40.7368	41.177	40.4027	41.013	40.710499999999996	40.7169	40.6699	40.9912	40.6339	41.0107	40.441700000000004	40.7462	40.8547	40.9979	40.7101	40.6854	40.984300000000005	40.4923	40.5807	40.8258	40.3789	40.9749	40.5501	40.7588	40.6833	40.6873	40.617399999999996	40.845	40.4638	40.8649	40.4439	40.9913	40.4912	40.9858	40.7275	40.9714	40.7918	40.8346	40.444	40.820299999999996	40.3242	40.979	40.5003	40.8007	40.489599999999996	40.9378	40.6061	40.867599999999996	40.501799999999996	40.6323	40.2769	40.815400000000004	40.503099999999996	40.8304	40.5685	41.042	40.9275	40.9623	40.4827	40.923300000000005	40.5572	40.954	40.5029	40.8374	40.694900000000004	41.076800000000006	41.0518	40.724900000000005	40.9116	40.8944	40.6385
Tzo-CMvi_020-Ex1_L4_clmp.r1r2_fastp	40.983799999999995	41.8531	41.3275	41.844500000000004	41.4387	41.982	41.0482	41.360200000000006	40.7528	41.072199999999995	40.5697	40.7317	40.625	41.1055	40.730199999999996	41.3754	41.1289	41.0901	40.8501	40.9486	40.9359	41.1173	40.6409	40.8833	40.713	41.411300000000004	40.775099999999995	41.123599999999996	40.8538	41.0009	40.6567	40.983000000000004	40.7464	41.1561	40.8199	41.1107	40.759699999999995	41.2856	40.6634	41.180099999999996	40.780899999999995	41.1456	40.5778	41.0788	40.572	41.3318	40.7666	40.9665	40.708	41.1225	40.6845	41.0826	40.7795	41.098800000000004	40.638000000000005	41.1294	40.7299	41.116	40.8895	40.908899999999996	40.7624	41.009	40.7351	41.0381	40.6135	41.1633	40.6564	40.995	40.6894	40.9514	40.8012	40.8995	40.7894	41.173300000000005	40.4855	40.9644	40.8043	40.9472	40.855000000000004	40.9117	40.7841	40.889199999999995	40.6672	40.6893	40.734700000000004	40.92	40.598299999999995	41.0366	40.8915	40.9758	40.7132	40.9062	40.638400000000004	40.8536	40.649499999999996	40.7594	40.7212	40.870200000000004	40.6569	40.9172	40.7296	40.8572	40.5891	40.8375	40.5785	41.0298	40.6338	40.801500000000004	40.855599999999995	40.8253	40.6957	40.9055	40.5675	40.806	40.482099999999996	40.8439	40.4325	40.8156	40.679700000000004	40.848800000000004	40.7522	40.8732	40.6145	40.9358	40.5852	40.9201	40.708800000000004	40.881499999999996	40.7361	41.2034	40.8929	41.0462	40.8739	41.025099999999995	40.793800000000005
Tzo-CMvi_027-Ex1_L4_clmp.r1r2_fastp	41.285500000000006	42.4069	41.9366	42.439	41.871399999999994	42.318	41.5204	41.7346	41.097899999999996	41.584700000000005	41.1828	41.4484	41.057700000000004	41.5533	41.3257	41.962500000000006	41.4842	41.6624	41.344300000000004	41.597	41.2663	41.4812	41.2107	41.467999999999996	41.1605	41.7467	41.1498	41.53	41.504999999999995	41.536899999999996	41.1141	41.5207	41.1584	41.7825	41.3248	41.5985	41.3057	41.7205	41.2513	41.560399999999994	41.281	41.534	41.207300000000004	41.6751	41.2325	41.6578	41.3178	41.6655	41.2016	41.5821	41.0523	41.452	41.1838	41.6109	41.035700000000006	41.5694	41.2768	41.7131	41.2563	41.4546	41.4426	41.3788	41.1566	41.5123	41.2505	41.6306	41.0537	41.5026	41.213899999999995	41.4937	41.4191	41.4484	41.3463	41.6563	41.1402	41.241699999999994	41.6291	41.3694	41.1473	41.5642	41.208800000000004	41.4368	41.2229	41.515800000000006	41.2145	41.4493	41.172599999999996	41.3756	41.3371	41.465	41.1781	41.4197	41.4086	41.333	41.1641	41.2865	41.2174	41.294799999999995	41.1351	41.3155	41.3381	41.2783	41.361399999999996	41.5411	41.1259	41.4906	41.2072	41.193400000000004	41.1086	41.4945	41.169200000000004	41.307	41.1824	41.3432	40.9315	41.257	41.114200000000004	41.2661	41.370000000000005	41.4606	41.3716	41.4647	41.158899999999996	41.510200000000005	41.517700000000005	41.442800000000005	41.38	41.3842	41.3156	41.708800000000004	41.5974	41.6126	41.5838	41.5293	41.2007
Tzo-CMvi_029-Ex1_L4_clmp.r1r2_fastp	40.888200000000005	41.6568	41.2395	41.786899999999996	41.3996	41.9331	40.958099999999995	41.2363	40.6218	40.8543	40.421600000000005	40.585	40.314499999999995	40.9846	40.5113	41.1628	40.9388	40.8651	40.644999999999996	40.8781	40.4722	40.8242	40.447300000000006	40.8323	40.4979	41.123599999999996	40.5138	40.8976	40.7476	40.8436	40.3855	40.7047	40.6593	40.8724	40.6446	40.929	40.6683	40.9948	40.503099999999996	40.822199999999995	40.5887	40.963300000000004	40.3658	40.83	40.4004	40.993	40.4414	41.0156	40.4341	40.9437	40.4131	40.653099999999995	40.5428	40.841499999999996	40.3369	40.8636	40.4272	41.036699999999996	40.6312	40.708800000000004	40.5655	40.8028	40.4291	40.6889	40.3985	40.7937	40.4644	40.7719	40.5478	40.6564	40.5001	40.6984	40.428999999999995	40.794399999999996	40.3016	40.7177	40.7532	40.853899999999996	40.4462	40.7282	40.5514	40.6676	40.577200000000005	40.5314	40.5623	40.659099999999995	40.3806	40.7643	40.5112	40.7354	40.5409	40.6635	40.457100000000004	40.6347	40.3867	40.6057	40.436	40.6111	40.5233	40.4917	40.5142	40.6462	40.3478	40.618700000000004	40.3255	40.6803	40.2836	40.447300000000006	40.4659	40.5142	40.3924	40.468900000000005	40.3859	40.5634	40.3194	40.569100000000006	40.2146	40.5265	40.3563	40.5735	40.5848	40.714600000000004	40.4608	40.760600000000004	40.5618	40.6688	40.3669	40.612500000000004	40.583000000000006	40.7824	40.7017	40.6492	40.744	40.720299999999995	40.4581
Tzo-CMvi_030-Ex1_L4_clmp.r1r2_fastp	41.079	42.0863	41.511399999999995	41.6896	41.4633	41.931200000000004	41.051300000000005	41.327000000000005	40.9133	41.019	40.7501	40.7864	40.3778	41.1543	40.645199999999996	41.199400000000004	41.034	41.1186	40.6539	41.1259	40.6839	41.005	40.5058	40.8727	40.6684	41.267199999999995	40.6369	41.1221	40.832499999999996	41.011199999999995	40.5276	40.9978	40.4848	41.125299999999996	40.7184	40.9893	40.7863	41.1823	40.7231	40.9	41.043	41.165	40.6622	41.1705	40.5881	41.1352	40.7168	40.9856	40.7381	41.1753	40.549600000000005	40.9196	40.7776	40.8652	40.5327	41.016999999999996	40.7244	41.0635	40.8116	40.9719	40.6667	41.0776	40.5119	40.984700000000004	40.7222	40.8937	40.563700000000004	41.0242	40.5279	40.925	40.6692	40.942299999999996	40.5007	41.0774	40.584199999999996	40.7776	40.722500000000004	40.881099999999996	40.7046	40.915400000000005	40.5864	40.644400000000005	40.5656	40.6628	40.4344	40.964099999999995	40.3966	40.7214	40.6597	40.9124	40.5483	40.7916	40.5949	40.6472	40.5089	40.8433	40.3223	40.840199999999996	40.4179	40.762	40.6895	40.7358	40.3804	40.8516	40.3613	40.8399	40.4143	40.699600000000004	40.5678	40.7361	40.3528	40.7301	40.4672	40.793400000000005	40.4661	40.6547	40.3014	40.6914	40.565200000000004	40.7364	40.6357	40.8164	40.5167	40.6011	40.6825	40.6541	40.7017	40.8395	40.758	40.921	40.8668	40.7633	40.775800000000004	40.747699999999995	40.614
Tzo-CMvi_031-Ex1_L4_clmp.r1r2_fastp	41.365899999999996	42.247299999999996	41.3179	42.0719	41.5666	42.2089	41.435300000000005	41.4099	41.157700000000006	41.207899999999995	41.1305	40.8392	41.010400000000004	41.316399999999994	40.822199999999995	41.233799999999995	41.3372	41.3093	41.1559	41.139199999999995	40.7961	41.2215	40.8635	41.2068	41.0039	41.370400000000004	41.0923	41.7128	40.9311	41.1996	40.6318	41.307500000000005	40.855000000000004	41.3264	40.9532	41.1835	41.059200000000004	41.591899999999995	40.7916	41.2819	40.9598	41.3274	40.7978	41.353699999999996	40.7117	41.7741	40.9396	41.3356	40.761199999999995	41.5111	40.6154	41.0146	41.055	41.1325	40.8335	41.5141	40.8338	41.4045	40.8593	41.010400000000004	41.0003	40.8992	40.629599999999996	41.1355	40.745	41.0949	40.6956	41.2348	41.011900000000004	41.0978	41.0325	41.070299999999996	40.8365	41.2583	40.8041	41.2037	41.173500000000004	40.9886	40.7977	41.2449	40.681200000000004	41.085300000000004	40.907700000000006	40.9279	41.1335	41.029199999999996	40.8324	41.0816	40.9185	41.125	40.781099999999995	40.997099999999996	41.0236	41.0001	40.5569	41.2402	40.6357	41.1001	40.8504	40.9085	40.8575	41.153600000000004	40.922599999999996	40.9953	40.6014	41.0099	40.4589	41.1718	40.8759	41.229	40.9877	40.8435	40.944900000000004	41.0761	40.6725	41.0302	40.7921	41.0693	40.9513	41.183	40.9271	41.1012	40.8542	41.0205	40.755	41.0263	40.844	41.448800000000006	41.0314	41.6709	41.1223	41.2919	40.9901	41.4081	40.6876
Tzo-CMvi_033-Ex1_L4_clmp.r1r2_fastp	41.7892	42.608200000000004	41.9623	42.666900000000005	42.4827	42.6717	41.9264	42.2441	41.8528	42.0871	41.666	41.7294	41.2806	42.1905	41.558299999999996	42.080400000000004	41.958800000000004	42.0055	41.8667	41.824099999999994	41.5009	42.1324	41.3009	41.9962	41.2586	42.205799999999996	41.5901	42.019800000000004	41.8549	41.961	41.4188	41.9316	41.539300000000004	41.9359	41.6299	42.1124	41.606700000000004	42.228	41.659600000000005	42.118100000000005	41.6266	42.072700000000005	41.4223	42.261500000000005	41.4037	42.187799999999996	41.515	42.072700000000005	41.5071	42.183	41.611	41.9807	41.8134	41.9691	41.3603	42.1218	41.530699999999996	42.1165	41.5879	41.7781	41.437200000000004	41.956700000000005	41.4069	41.9392	41.5279	41.991499999999995	41.4037	41.7825	41.3881	41.9002	41.6787	41.8963	41.516999999999996	42.015	41.3729	41.646499999999996	41.6539	41.780899999999995	41.618100000000005	41.7314	41.4566	41.7855	41.564800000000005	41.855199999999996	41.4888	41.9037	41.6385	41.646	41.465	41.7382	41.7288	41.9064	41.6368	41.8381	41.279199999999996	41.8112	41.3364	41.8068	41.3862	41.5236	41.5676	41.667500000000004	41.5597	41.7398	41.085100000000004	41.7938	41.3318	41.6576	41.5058	41.709	41.4585	41.5733	41.563	41.7044	41.3597	41.760799999999996	41.3814	41.7562	41.753099999999996	41.6955	41.4222	41.7911	41.5598	41.8559	41.613	41.950500000000005	41.566900000000004	41.7645	41.6354	41.8958	41.9528	41.9771	41.8217	41.918299999999995	41.4964
Tzo-CMvi_035-Ex1_L4_clmp.r1r2_fastp	41.03	41.7796	41.3288	41.6943	41.5962	41.930499999999995	41.1036	41.2401	40.7639	40.955200000000005	40.6665	40.733000000000004	40.5124	40.957	40.6931	41.3677	41.0439	41.206900000000005	40.8208	41.092800000000004	40.698	41.0266	40.7879	40.9452	40.4716	41.202	40.598099999999995	40.9556	40.9206	40.9714	40.484700000000004	41.0187	40.659600000000005	41.115	40.711999999999996	41.0442	40.7311	41.2408	40.625	40.974199999999996	40.8619	41.0565	40.4717	41.1405	40.6198	41.2084	40.7808	41.0833	40.6557	41.0253	40.502700000000004	40.782000000000004	40.7091	40.9769	40.666999999999994	40.962199999999996	40.6999	41.0061	40.916799999999995	40.9559	40.7294	40.9386	40.535900000000005	40.9279	40.7659	40.984700000000004	40.6907	41.0009	40.565200000000004	40.797	40.7322	40.854600000000005	40.5424	41.0015	40.4817	40.7963	40.822399999999995	40.895700000000005	40.7541	40.8708	40.715	40.768	40.6467	40.6827	40.558899999999994	40.915099999999995	40.544200000000004	40.7582	40.7128	40.837	40.5781	40.7747	40.553	40.7335	40.525	40.7897	40.4586	40.822599999999994	40.541199999999996	40.658899999999996	40.7685	40.598099999999995	40.5266	40.8275	40.4275	40.720299999999995	40.454299999999996	40.618900000000004	40.556	40.7369	40.618300000000005	40.7096	40.6535	40.6852	40.3531	40.6059	40.583999999999996	40.641	40.678599999999996	40.6142	40.7204	40.841699999999996	40.656	40.71	40.6827	40.7978	40.6892	40.792	40.7495	40.9247	40.9566	40.8159	40.7904	40.8497	40.549
Tzo-CMvi_038-Ex1_L4_clmp.r1r2_fastp	40.184799999999996	40.8571	40.503	41.0024	40.7898	41.1275	40.5698	40.7817	40.1785	40.4114	39.8908	39.8994	39.8041	40.3032	39.9298	40.5638	40.2901	40.3923	40.2778	40.3425	40.010600000000004	40.2065	39.8416	40.2271	39.858900000000006	40.5423	40.0105	40.2687	40.0771	40.3181	39.936	40.211000000000006	39.9104	40.352700000000006	40.0127	40.2783	40.103	40.443200000000004	39.9385	40.4006	39.901199999999996	40.366600000000005	39.7631	40.4101	39.806999999999995	40.3794	39.9988	40.238099999999996	39.9347	40.3388	39.8359	40.129799999999996	40.0448	40.1515	39.7121	40.2812	39.9107	40.3374	39.988800000000005	40.186699999999995	39.8254	40.2435	39.8516	40.1849	39.9065	40.2085	39.6696	40.2205	39.7902	40.1607	39.8643	40.0239	39.8424	40.1266	39.9028	39.9307	39.990500000000004	40.0406	39.8835	40.0562	39.8232	39.8611	39.903499999999994	39.894600000000004	39.8107	39.9301	39.6427	39.9258	39.8182	39.9869	39.718599999999995	39.9285	39.798	39.9438	39.707100000000004	39.8455	39.706599999999995	39.948699999999995	39.8057	39.8881	39.8641	39.8874	39.7031	40.049	39.630500000000005	39.9776	39.6351	39.872	39.725500000000004	39.9266	39.6517	39.9327	39.7822	39.9568	39.521699999999996	39.9471	39.590199999999996	39.9066	39.7099	39.9515	39.728	39.9867	39.7971	39.9919	39.927	39.9966	39.879799999999996	40.0323	39.9206	40.1501	40.1508	40.1147	40.0641	40.2139	39.7338
Tzo-CMvi_040-Ex1_L4_clmp.r1r2_fastp	40.8384	41.5171	41.1016	41.665400000000005	41.341899999999995	41.6178	40.937200000000004	41.1763	40.8072	40.9466	40.502	40.632200000000005	40.3646	40.8688	40.4448	40.9937	40.8124	40.8316	40.6498	40.7258	40.568	40.7977	40.4292	40.705799999999996	40.428999999999995	41.0274	40.448	41.0621	40.658699999999996	40.7258	40.4198	40.671099999999996	40.541700000000006	41.0064	40.557	40.7219	40.485	40.9053	40.4125	40.9148	40.6669	40.869699999999995	40.320499999999996	40.9921	40.403299999999994	41.0063	40.6112	40.8611	40.292	40.8636	40.291199999999996	40.802699999999994	40.4741	40.8113	40.3038	40.869699999999995	40.4453	40.9592	40.555400000000006	40.748	40.5082	40.759299999999996	40.2691	40.867	40.5167	40.910999999999994	40.2704	40.6627	40.333200000000005	40.8146	40.536699999999996	40.5433	40.3701	40.7371	40.3121	40.564099999999996	40.6223	40.6756	40.4664	40.5525	40.3367	40.524	40.417500000000004	40.5739	40.249	40.7087	40.2623	40.5891	40.562799999999996	40.446799999999996	40.4794	40.579100000000004	40.4632	40.5925	40.2983	40.5062	40.2556	40.4924	40.4252	40.4722	40.574	40.597899999999996	40.3356	40.6507	40.2235	40.630500000000005	40.1336	40.5709	40.2924	40.6282	40.2935	40.582499999999996	40.2236	40.441700000000004	40.224199999999996	40.415800000000004	40.3206	40.523199999999996	40.279399999999995	40.455400000000004	40.4338	40.593	40.369899999999994	40.574799999999996	40.3403	40.6346	40.359899999999996	40.687	40.5056	40.8112	40.596199999999996	40.6479	40.5892	40.716	40.3781
Tzo-CMvi_041-Ex1_L4_clmp.r1r2_fastp	40.450599999999994	41.3046	40.7735	41.2161	40.9516	41.3726	40.5499	40.769	40.3048	40.595	40.1003	40.1618	40.036	40.578199999999995	40.0917	40.7329	40.4674	40.5612	40.1946	40.4993	40.145599999999995	40.4583	40.043099999999995	40.4351	39.991	40.7368	40.0893	40.5734	40.327	40.3996	40.0187	40.367	39.9594	40.489599999999996	40.054	40.495	40.083999999999996	40.5419	40.065	40.368300000000005	40.1741	40.6293	39.8289	40.6578	39.9005	40.6286	40.0692	40.4758	40.0565	40.5217	39.8417	40.4246	40.1486	40.5165	40.0268	40.5074	40.0409	40.4908	40.1605	40.336	39.9978	40.3517	39.811600000000006	40.4442	40.055600000000005	40.4723	39.9538	40.4034	39.9411	40.2643	40.0839	40.238600000000005	40.0954	40.3652	39.927600000000005	40.263	40.246900000000004	40.252900000000004	40.1261	40.2624	40.0599	40.2637	40.069	40.147	39.8892	40.3455	39.9651	40.1865	40.0799	40.2882	40.043	40.2256	39.9534	40.204	39.9698	40.0756	39.9007	40.1865	39.9388	40.1157	40.0781	40.2032	39.8951	40.1389	39.805	40.349000000000004	39.8643	40.1314	39.9061	40.2271	39.9205	40.2277	39.941500000000005	40.1213	39.799299999999995	40.1369	39.9059	40.139399999999995	40.0295	40.104099999999995	40.0729	40.342800000000004	39.9738	40.2334	40.0858	40.2524	40.0976	40.279399999999995	40.2027	40.4197	40.389399999999995	40.3179	40.3535	40.455400000000004	39.9687
Tzo-CMvi_042-Ex1_L4_clmp.r1r2_fastp	41.4761	42.2008	41.8795	42.2175	42.042	42.444199999999995	41.565200000000004	41.824099999999994	41.3135	41.6223	40.9992	41.2844	40.9433	41.6053	41.272999999999996	41.7822	41.7504	42.0443	41.530899999999995	41.659800000000004	41.2618	41.6815	41.2161	41.679	41.1418	41.7449	41.2222	41.6913	41.389700000000005	41.7241	41.0953	41.4454	41.227799999999995	41.8787	41.2993	41.801	41.253499999999995	41.849199999999996	41.329100000000004	41.6631	41.1765	41.8054	41.0799	41.9032	41.2363	41.8054	41.323100000000004	41.7551	41.288599999999995	41.7444	41.2294	41.6456	41.253	41.6957	41.2425	41.7986	41.204800000000006	41.6487	41.435300000000005	41.6888	41.1905	41.711999999999996	41.0066	41.7693	41.2731	41.821999999999996	41.1078	41.7045	41.0743	41.5202	41.2969	41.4241	41.2007	41.5166	40.9201	41.4786	41.3472	41.4448	41.274100000000004	41.6138	41.2236	41.3962	40.869	41.4095	41.0604	41.562599999999996	40.965	41.3422	41.1817	41.4409	41.1891	41.3886	41.2366	41.159	41.1576	41.139700000000005	40.9028	41.3437	41.1696	41.2682	41.0771	41.456900000000005	40.9899	41.3128	40.9069	41.1836	41.0551	41.4943	41.0118	41.1971	41.1115	41.330600000000004	40.8089	41.0943	41.0392	41.1363	40.9059	41.1012	41.2629	41.275800000000004	40.9655	41.4189	41.0219	41.3752	41.306599999999996	41.2296	41.116200000000006	41.5028	41.344500000000004	41.584500000000006	41.3533	41.4134	41.2505	41.5336	41.0644
Tzo-CMvi_044-Ex1_L4_clmp.r1r2_fastp	41.0139	41.8963	41.2054	41.8024	41.4711	42.0469	40.9823	41.242000000000004	40.7486	40.9428	40.4793	40.8386	40.3196	40.9364	40.639900000000004	41.0762	41.0944	41.202600000000004	40.6295	40.925200000000004	40.5749	41.0405	40.7391	40.9729	40.6943	41.2943	40.6904	41.2592	40.822599999999994	41.1954	40.6028	41.0876	40.6782	41.3063	40.605000000000004	41.15	40.700900000000004	41.2262	40.6549	40.968700000000005	40.794999999999995	41.0903	40.4597	41.186099999999996	40.4922	41.316900000000004	40.761399999999995	41.0465	40.584399999999995	40.9801	40.4426	41.064499999999995	40.581	41.2282	40.496900000000004	41.1299	40.6789	41.0231	40.8509	40.8953	40.7722	41.017199999999995	40.5878	41.053	40.6982	41.202299999999994	40.3956	41.064099999999996	40.3907	40.802699999999994	40.5957	40.9107	40.528	41.0211	40.4656	40.775299999999994	40.6938	40.8281	40.6566	40.7295	40.7164	40.5797	40.532000000000004	40.8424	40.466499999999996	40.7574	40.5421	40.8613	40.7851	40.7717	40.5737	40.873599999999996	40.5881	40.8379	40.492	40.7346	40.4681	40.8947	40.4553	40.708	40.6958	40.699999999999996	40.537800000000004	40.783	40.486	40.7745	40.2312	40.586800000000004	40.611999999999995	40.7747	40.459	40.7423	40.47	40.7762	40.1527	40.8323	40.3165	40.6239	40.6458	40.744	40.6415	40.814699999999995	40.6465	40.8512	40.603	40.8117	40.6717	40.7154	40.800399999999996	40.943000000000005	40.8248	40.8035	40.7964	40.9851	40.4772
Tzo-CMvi_045-Ex1_L4_clmp.r1r2_fastp	41.2172	42.1393	41.477399999999996	42.0842	41.8483	42.2774	41.6247	41.7879	41.314	41.4724	41.2765	41.1427	41.1319	41.5649	41.235	41.543600000000005	41.4566	41.526999999999994	41.279700000000005	41.5578	41.1427	41.458099999999995	41.2022	41.3014	40.9083	41.6626	41.0474	41.5217	41.313	41.4155	40.9861	41.3588	41.1809	41.485	41.1731	41.3848	41.15	41.6414	40.9891	41.5346	41.3299	41.5243	41.1584	41.3981	41.079	41.4387	41.1066	41.5075	41.1893	41.3788	41.064099999999996	41.4863	41.1247	41.6118	41.0534	41.5602	41.0233	41.476	41.2902	41.2618	41.057900000000004	41.3391	41.017399999999995	41.4061	41.1314	41.387800000000006	40.9686	41.3863	41.13	41.36	41.267700000000005	41.3708	41.044599999999996	41.438199999999995	41.0028	41.1138	41.3536	41.3172	41.1181	41.207899999999995	40.9626	41.2234	41.2439	41.1539	40.8781	41.4213	40.9219	41.0649	41.123	41.1882	40.854	41.0959	41.1565	41.1824	40.8649	41.0117	41.0646	41.1593	41.1172	41.2028	41.113499999999995	41.3259	40.737899999999996	41.2757	40.8629	41.1166	40.92	41.073100000000004	41.0328	41.114	41.116	40.901900000000005	40.7975	41.085899999999995	40.680899999999994	41.2097	40.9476	41.1745	41.0491	41.2007	40.9435	41.1377	40.9338	41.1877	41.1632	41.308099999999996	40.956199999999995	41.2861	41.213100000000004	41.4251	41.2949	41.2256	41.2238	41.218900000000005	41.2899
Tzo-CMvi_046-Ex1_L4_clmp.r1r2_fastp	40.1105	41.076299999999996	40.5795	41.024300000000004	41.0328	41.0313	40.409800000000004	40.616600000000005	40.2524	40.361200000000004	39.9687	40.097300000000004	39.8802	40.3964	40.2461	40.4338	40.3619	40.4824	40.192899999999995	40.2382	40.2108	40.2677	39.979	40.158300000000004	39.996700000000004	40.3931	40.0394	40.275	40.2292	40.383	39.929700000000004	40.2986	39.9985	40.388400000000004	40.0415	40.3597	40.111799999999995	40.5133	40.0059	40.3452	40.083800000000004	40.3626	39.752700000000004	40.3716	39.9115	40.3596	40.023399999999995	40.368900000000004	40.0679	40.3662	39.9848	40.2096	39.9715	40.311	39.8636	40.234500000000004	39.9502	40.314499999999995	40.172200000000004	40.2773	39.9486	40.2781	39.8558	40.1129	39.9461	40.2399	39.786899999999996	40.2526	39.7901	40.151399999999995	40.0338	40.0168	39.949600000000004	40.1419	39.7947	40.063500000000005	40.117399999999996	40.0718	39.859899999999996	40.1988	39.8735	40.116600000000005	39.888600000000004	40.0262	39.753899999999994	40.0958	39.7419	39.967999999999996	40.032000000000004	40.0322	39.9875	40.0868	39.751	39.9925	39.8396	39.987899999999996	39.7817	39.9471	39.9312	39.9171	39.9069	39.9848	39.724399999999996	39.967000000000006	39.7289	40.0135	39.8011	39.9458	39.737	40.065	39.8761	40.0545	39.7592	40.036300000000004	39.7157	39.9096	39.7855	40.0032	39.846599999999995	39.8955	39.901399999999995	40.083999999999996	39.8887	40.0978	39.9203	40.1692	39.8928	40.077400000000004	40.0525	40.1688	40.2886	40.184599999999996	40.152100000000004	40.2712	39.8026
Tzo-CMvi_047-Ex1_L4_clmp.r1r2_fastp	40.0972	41.1764	40.5516	41.1032	40.9515	41.3215	40.6168	40.7171	40.3047	40.3679	40.0006	40.1773	39.9387	40.3758	40.0744	40.6385	40.5495	40.5144	40.3039	40.511	40.2748	40.3732	40.1113	40.3922	39.9866	40.629799999999996	40.0613	40.3872	40.1852	40.2709	39.9051	40.2735	40.0778	40.4296	40.1299	40.3528	40.0993	40.474	39.9714	40.332499999999996	40.068599999999996	40.464800000000004	39.7945	40.5088	39.8309	40.452	40.090399999999995	40.4811	39.906000000000006	40.4774	39.875699999999995	40.3113	40.0618	40.313	39.8562	40.3706	39.950599999999994	40.340900000000005	40.0501	40.2316	39.905499999999996	40.348	39.8142	40.2418	39.9722	40.3171	39.8594	40.2234	39.886700000000005	40.1368	40.0633	40.1642	39.9448	40.265499999999996	39.848800000000004	40.1438	40.1453	40.176899999999996	39.9808	40.1501	39.9019	40.1568	40.0271	40.1224	39.8512	40.1995	39.7997	40.1371	40.0495	40.192	39.8868	40.1926	39.9532	40.104600000000005	39.8575	40.0622	39.8504	40.1076	39.8664	40.0755	39.9536	40.0472	39.787499999999994	40.1421	39.759699999999995	40.1592	39.7453	40.0599	39.848099999999995	40.0822	39.8316	40.1471	39.9219	40.059	39.773199999999996	40.0286	39.7547	40.0009	39.8526	39.97	39.9231	40.19	39.817099999999996	40.0443	40.024	40.1706	40.051199999999994	40.117000000000004	40.0184	40.3424	40.286300000000004	40.153299999999994	40.269800000000004	40.266000000000005	39.86
Tzo-CMvi_048-Ex1_L4_clmp.r1r2_fastp	40.8966	41.6258	41.0586	41.5661	41.3733	41.5783	40.8258	41.0351	40.5946	40.6666	40.2944	40.4329	40.2256	40.7156	40.3918	40.8847	40.7965	40.8644	40.5929	40.6991	40.4459	40.6881	40.3733	40.5905	40.3525	40.949400000000004	40.3358	40.771	40.5753	40.610600000000005	40.294999999999995	40.5878	40.3968	40.7414	40.4713	40.7176	40.46	40.7841	40.3843	40.766000000000005	40.5362	40.7596	40.2436	40.7453	40.2313	40.8742	40.4319	40.7554	40.3419	40.849000000000004	40.2021	40.6515	40.4279	40.6847	40.2738	40.7437	40.394600000000004	40.6858	40.5391	40.5758	40.293800000000005	40.6331	40.1959	40.664	40.3737	40.6655	40.1847	40.6469	40.2432	40.5433	40.3581	40.5685	40.2142	40.5982	40.2712	40.4581	40.4419	40.5439	40.346399999999996	40.5993	40.366099999999996	40.5718	40.3241	40.4377	40.150999999999996	40.5751	40.294000000000004	40.4099	40.476800000000004	40.5675	40.3504	40.5105	40.3134	40.422999999999995	40.266999999999996	40.4262	40.2531	40.5076	40.3099	40.4737	40.4289	40.4575	40.2825	40.542	40.1785	40.5397	40.157	40.4361	40.224900000000005	40.5127	40.2504	40.521499999999996	40.2333	40.476600000000005	40.036699999999996	40.5024	40.2034	40.4306	40.3122	40.4259	40.2973	40.6103	40.2918	40.5315	40.4811	40.4153	40.3455	40.5124	40.3967	40.6753	40.6111	40.5778	40.5932	40.6342	40.211999999999996
Tzo-CMvi_049-Ex1_L4_clmp.r1r2_fastp	40.647	41.5056	41.0262	41.4364	41.0526	41.6164	40.6981	41.0665	40.4347	40.6198	40.3365	40.5558	40.1354	40.7904	40.4162	40.829	40.826	40.6976	40.533500000000004	40.6254	40.382400000000004	40.6662	40.2949	40.6256	40.1618	41.0697	40.2795	40.6963	40.5837	40.745	40.319700000000005	40.6274	40.3352	40.7678	40.3431	40.8771	40.321	40.8288	40.3028	40.6856	40.507	40.7453	40.2102	40.7877	40.2915	40.9518	40.4829	40.866	40.2806	40.6999	40.1829	40.7277	40.4974	40.572900000000004	40.1614	40.7671	40.3294	40.751599999999996	40.274100000000004	40.570499999999996	40.4736	40.7636	40.2786	40.585300000000004	40.3671	40.6854	40.1402	40.7598	40.1388	40.6749	40.372400000000006	40.556599999999996	40.3296	40.6515	40.2552	40.530300000000004	40.516600000000004	40.4229	40.445	40.5089	40.4354	40.5873	40.305400000000006	40.3183	40.2556	40.5887	40.2769	40.4236	40.440799999999996	40.5951	40.3864	40.5323	40.319	40.5341	40.179500000000004	40.459	40.256	40.4615	40.293	40.5081	40.407199999999996	40.4874	40.112500000000004	40.482	40.0811	40.4561	40.1719	40.408100000000005	40.1696	40.692499999999995	40.2932	40.476600000000005	40.2879	40.5358	40.036100000000005	40.3151	40.114	40.511399999999995	40.3536	40.4181	40.1603	40.546	40.245	40.355000000000004	40.4995	40.5684	40.2375	40.5454	40.3323	40.821000000000005	40.5017	40.6575	40.5039	40.7834	40.4051
Tzo-CMvi_050-Ex1_L4_clmp.r1r2_fastp	41.112500000000004	41.848600000000005	41.4593	41.9075	41.5554	41.9873	41.0812	41.2982	40.8926	41.158	40.757	40.7455	40.6035	40.9676	40.9319	41.2567	41.1825	41.172399999999996	40.8063	41.0211	40.7677	40.9987	40.7502	40.9771	40.5399	41.160000000000004	40.7274	41.2443	40.9454	41.0481	40.7506	41.089999999999996	40.800799999999995	41.3482	40.7718	41.3467	40.7232	41.274699999999996	40.7243	41.2902	40.8252	41.3161	40.537600000000005	41.2766	40.5557	41.2273	40.6896	41.1423	40.58	41.2378	40.484700000000004	41.067	40.7553	41.1259	40.6804	41.2832	40.740500000000004	41.1431	40.8326	41.0451	40.7464	41.1074	40.665099999999995	41.0347	40.767900000000004	41.1771	40.5668	40.991	40.5845	40.81	40.7263	40.8041	40.8054	41.082	40.5132	40.983599999999996	40.7483	40.9035	40.6184	40.8857	40.6417	40.881099999999996	40.699400000000004	40.945100000000004	40.576	40.9302	40.7327	40.949799999999996	40.7657	40.9246	40.7363	40.7571	40.8018	40.8605	40.6937	40.7686	40.6275	41.037099999999995	40.565	40.8795	40.8174	40.8877	40.5218	40.8831	40.476099999999995	40.9043	40.6696	40.867399999999996	40.655	41.0203	40.601	40.8523	40.5662	40.8583	40.5223	40.8279	40.4976	40.809	40.5685	40.854	40.836800000000004	40.8858	40.6582	40.8691	40.7381	41.1576	40.9236	40.947	40.7728	41.0259	41.264	40.875099999999996	41.111799999999995	41.0649	40.645399999999995
Tzo-CMvi_051-Ex1_L4_clmp.r1r2_fastp	40.7289	41.4871	41.0298	41.4283	41.1184	41.5659	40.7366	40.8648	40.3789	40.7591	40.280100000000004	40.4253	40.0463	40.6918	40.2618	40.8003	40.6299	40.6706	40.3677	40.568599999999996	40.2497	40.5879	40.131299999999996	40.545500000000004	40.1636	40.822399999999995	40.2903	40.6648	40.4676	40.5202	40.2343	40.5966	40.2365	40.647800000000004	40.2584	40.707300000000004	40.2584	40.6826	40.2501	40.5238	40.3229	40.7232	40.0522	40.6768	40.068	40.7886	40.252300000000005	40.577600000000004	40.1455	40.7117	40.0719	40.625699999999995	40.2954	40.475100000000005	40.1421	40.5607	40.154	40.637699999999995	40.3665	40.4937	40.266600000000004	40.4728	40.1035	40.4443	40.205200000000005	40.6554	40.098299999999995	40.5009	40.1371	40.3553	40.2383	40.3153	40.2455	40.4892	40.021	40.347300000000004	40.3322	40.2993	40.0823	40.354299999999995	40.207	40.2829	40.1963	40.1764	40.1129	40.4035	40.0084	40.2774	40.275499999999994	40.205200000000005	40.1802	40.373799999999996	40.025	40.3465	40.0677	40.228	39.9875	40.4221	40.0755	40.1575	40.167	40.289	39.9262	40.2933	39.9206	40.3043	39.990700000000004	40.197500000000005	39.9806	40.2899	40.0662	40.232099999999996	40.0718	40.269	39.8339	40.2235	40.016600000000004	40.116099999999996	40.1687	40.2179	40.0137	40.3921	40.0966	40.3106	40.0972	40.3175	40.145599999999995	40.4285	40.1611	40.457100000000004	40.4325	40.3821	40.3314	40.4602	40.0269
Tzo-CMvi_052-Ex1_L4_clmp.r1r2_fastp	40.4767	41.198	40.7877	41.3076	41.021800000000006	41.1996	40.698	40.8471	40.354600000000005	40.692099999999996	40.422200000000004	40.4462	40.1803	40.697100000000006	40.3711	40.7397	40.6869	40.6833	40.2708	40.5816	40.2633	40.535199999999996	40.3097	40.5365	40.2767	40.761399999999995	40.23	40.584900000000005	40.4524	40.534	40.1525	40.5406	40.2526	40.6215	40.3919	40.619499999999995	40.287299999999995	40.725899999999996	40.3157	40.637	40.5092	40.6015	40.253699999999995	40.777	40.2587	40.699999999999996	40.394000000000005	40.6403	40.2344	40.5982	40.1791	40.554899999999996	40.3692	40.4906	40.1885	40.6794	40.253299999999996	40.5675	40.4092	40.4168	40.342099999999995	40.5713	40.1931	40.5	40.380700000000004	40.5356	40.2438	40.4729	40.199600000000004	40.4576	40.3189	40.367	40.2894	40.522000000000006	40.1702	40.379	40.392	40.403099999999995	40.3279	40.4517	40.2154	40.382600000000004	40.2709	40.334399999999995	40.192699999999995	40.4435	40.1429	40.256	40.3064	40.3397	40.2021	40.3401	40.2013	40.3972	40.1893	40.3651	40.1208	40.3591	40.147800000000004	40.2569	40.3752	40.2607	40.1623	40.3906	40.138400000000004	40.3864	40.1342	40.2167	40.0602	40.3487	40.1517	40.251599999999996	40.1608	40.3221	40.075	40.2209	40.1109	40.239999999999995	40.2769	40.1681	40.209	40.368300000000005	40.1765	40.394400000000005	40.279900000000005	40.476	40.2526	40.3634	40.2839	40.539199999999994	40.550399999999996	40.3982	40.4125	40.546	40.0135
Tzo-CMvi_053-Ex1_L4_clmp.r1r2_fastp	41.5913	42.6077	41.6644	42.333999999999996	42.3776	42.1695	41.4473	41.8391	41.393	41.603699999999996	41.1595	41.2831	41.1379	41.4584	41.2684	41.7857	41.632000000000005	41.623599999999996	41.5692	41.571999999999996	41.2793	41.5904	41.036699999999996	41.5293	41.3388	41.7757	41.0414	41.7748	41.3324	41.4527	40.9769	41.606700000000004	41.0773	41.971599999999995	41.0956	41.8528	41.2974	41.8392	40.9992	41.728300000000004	41.1085	41.5972	41.4016	41.9269	40.966	41.9088	41.314299999999996	41.969699999999996	41.1036	41.606500000000004	41.218700000000005	41.8121	41.1254	41.655300000000004	41.195	41.7651	41.2299	41.6838	41.4169	41.8224	41.3056	41.537	41.0493	41.8797	41.1729	41.5401	40.860400000000006	41.4769	41.24	41.5218	41.0286	41.3595	41.282799999999995	41.6059	41.0067	41.2496	41.2024	41.3711	41.3726	41.3112	41.2692	41.369499999999995	41.3752	41.4093	41.2243	41.2583	41.006	41.4084	41.288799999999995	41.4726	41.004000000000005	41.1663	40.8746	41.4858	40.8632	41.2322	41.1268	41.5186	41.091499999999996	41.2891	41.1292	41.3733	41.0802	41.6257	41.0129	41.070299999999996	41.0094	41.2039	41.3119	41.1333	41.285	40.927400000000006	41.098600000000005	41.0629	40.8758	41.0993	41.0616	41.234300000000005	41.0559	41.1781	41.2565	41.2505	41.2496	41.463699999999996	41.287800000000004	41.3535	41.099799999999995	41.2843	41.2599	41.447	41.4138	41.0896	41.247499999999995	41.4337	41.1094
Tzo-CMvi_054-Ex1_L4_clmp.r1r2_fastp	41.4333	42.3784	41.958600000000004	42.4246	42.3844	42.6999	41.916799999999995	42.2247	41.7224	42.059200000000004	41.7093	41.6912	41.4352	41.9981	41.6686	42.1105	42.0688	42.025400000000005	41.8452	41.998000000000005	41.7317	41.950199999999995	41.7632	41.8531	41.562599999999996	42.2282	41.6084	42.0535	41.8844	41.931000000000004	41.6276	41.8956	41.625099999999996	42.065999999999995	41.8173	42.104	41.6761	42.1563	41.746	42.013400000000004	41.7759	42.2073	41.4914	42.1688	41.6672	42.066199999999995	41.823100000000004	42.0537	41.641099999999994	42.115399999999994	41.5554	41.9927	41.8848	41.9194	41.64	42.0482	41.6924	42.0073	41.9258	41.863299999999995	41.6426	42.0429	41.5764	41.9339	41.7181	41.956500000000005	41.6563	41.9763	41.465	41.882999999999996	41.687999999999995	41.7831	41.6583	41.9261	41.5636	41.5873	41.7861	41.666799999999995	41.593599999999995	42.0157	41.410599999999995	41.7352	41.559400000000004	41.6422	41.4217	41.8053	41.5229	41.6325	41.625299999999996	41.6159	41.5051	41.7044	41.403600000000004	41.454	41.4549	41.5418	41.334700000000005	41.6896	41.3994	41.5097	41.6455	41.609899999999996	41.2925	41.728	41.2087	41.7829	41.2318	41.4887	41.233599999999996	41.6344	41.158	41.536699999999996	41.2991	41.5704	41.132999999999996	41.444900000000004	41.186	41.3859	41.397	41.4144	41.255399999999995	41.5665	41.2736	41.457100000000004	41.2701	41.5141	41.1938	41.5498	41.2007	41.7388	41.6343	41.4362	41.3072	41.6307	41.2721
Tzo-CMvi_057-Ex1_L4_clmp.r1r2_fastp	40.4705	41.2051	40.7971	41.2074	40.9775	41.223	40.5737	40.720099999999995	40.3939	40.4824	40.1621	40.2476	39.9795	40.6146	40.1691	40.6626	40.556799999999996	40.6335	40.2837	40.4293	40.1997	40.4136	40.0871	40.3436	40.0125	40.5822	40.0804	40.5794	40.218199999999996	40.401399999999995	40.035900000000005	40.308	39.9785	40.477000000000004	40.1003	40.490300000000005	40.1354	40.6393	40.0141	40.5226	40.177	40.4602	39.894800000000004	40.5872	39.9972	40.5975	40.1413	40.425	40.068799999999996	40.483599999999996	39.9508	40.3166	40.1265	40.4129	39.9583	40.4385	40.0824	40.415099999999995	40.043299999999995	40.3948	40.0721	40.2225	40.009499999999996	40.3397	40.0957	40.3686	39.9897	40.2876	39.975100000000005	40.1907	40.050000000000004	40.1556	39.9651	40.2913	39.9024	40.1801	40.155	40.2163	39.9713	40.2572	39.9996	40.184	40.0013	40.051199999999994	39.9238	40.2074	39.9152	40.088499999999996	40.150000000000006	40.1701	40.0701	40.1273	39.9654	40.0922	40.044200000000004	40.038000000000004	39.9308	40.2273	39.8924	40.1773	40.111000000000004	40.143	39.8801	40.0956	39.842499999999994	40.1845	39.8792	40.1132	39.9305	40.1939	39.9449	40.118900000000004	39.956599999999995	40.0952	39.752700000000004	40.2304	39.8379	40.164	39.9345	40.1006	39.997	40.1359	39.8959	40.156	40.039	40.2629	39.9774	40.2349	40.1545	40.4161	40.3732	40.2874	40.215	40.3955	39.7665
Tzo-CMvi_058-Ex1_L4_clmp.r1r2_fastp	41.194399999999995	42.0115	41.318599999999996	42.0435	41.866	42.2319	41.4791	41.687200000000004	41.326800000000006	41.3932	41.0972	41.115	40.9523	41.3912	41.1581	41.4068	41.563	41.410599999999995	41.3566	41.4148	41.106700000000004	41.1882	41.161500000000004	41.410799999999995	40.8101	41.5194	40.8726	41.4035	41.3449	41.2042	41.0456	41.4652	41.1503	41.3076	41.1486	41.443999999999996	40.8521	41.5089	41.065200000000004	41.1234	41.293	41.3945	40.8269	41.521	40.753	41.4792	40.9524	41.4696	40.896	41.438900000000004	40.71	41.3594	41.078900000000004	41.5385	40.9266	41.4587	41.019299999999994	41.464	41.2012	41.131499999999996	41.1196	41.3121	40.7711	41.352	41.1164	41.4661	40.9996	41.3185	41.0384	41.353899999999996	40.9467	41.0085	40.922599999999996	41.417300000000004	40.7777	41.1018	41.0925	41.0216	40.8571	41.1811	40.9481	41.1342	41.074	40.887	40.928	41.142	40.8793	41.057100000000005	41.1369	41.1078	41.0345	40.996	40.893	41.0137	40.841	41.0351	40.9559	41.0905	41.052499999999995	40.8639	41.017700000000005	41.153099999999995	40.8649	41.1931	40.6385	41.1526	40.8709	41.0642	40.8756	41.0736	40.964299999999994	41.1023	40.913	41.048899999999996	40.7981	41.029700000000005	40.7454	40.9396	41.0246	40.9117	40.9694	41.2094	40.9333	40.982800000000005	40.9598	41.307100000000005	40.935700000000004	41.1738	41.010400000000004	41.3557	41.2723	41.0372	41.1868	41.0794	41.0317
Tzo-CMvi_061-Ex1_L4_clmp.r1r2_fastp	40.714099999999995	41.568	40.836600000000004	41.461999999999996	41.1073	41.4594	40.615899999999996	40.7365	40.1956	40.569300000000005	40.133799999999994	40.2492	40.0542	40.6652	40.2588	40.7366	40.6154	40.489599999999996	40.4185	40.4806	40.1655	40.515699999999995	40.1988	40.508300000000006	40.0869	40.7847	40.1387	40.5698	40.462900000000005	40.4495	40.0636	40.4563	40.2132	40.5576	40.2137	40.5802	40.2547	40.571600000000004	40.2115	40.5553	40.3672	40.5866	39.9933	40.655	40.077200000000005	40.6799	40.2424	40.4433	40.212599999999995	40.4243	40.1079	40.483599999999996	40.1526	40.4667	40.1157	40.469100000000005	40.0648	40.6505	40.2902	40.5064	40.1254	40.4401	40.0447	40.3691	40.193400000000004	40.5227	40.0612	40.3977	40.1343	40.381	40.2923	40.3554	40.1346	40.4941	40.089999999999996	40.3857	40.306	40.2701	40.3498	40.3783	40.0804	40.3906	40.0948	40.1904	40.1294	40.4345	40.0324	40.3124	40.2409	40.3782	40.2776	40.323	40.1613	40.3638	40.141799999999996	40.1756	40.0056	40.38	40.198499999999996	40.2687	40.253299999999996	40.2093	40.0456	40.3553	39.8842	40.4794	39.8614	40.1969	40.1012	40.4264	40.2413	40.2239	39.9854	40.1719	39.9848	40.237899999999996	40.0725	40.33	40.2906	40.2194	40.3311	40.4649	40.2608	40.3695	40.218399999999995	40.2974	40.260400000000004	40.521	40.3329	40.5175	40.5379	40.4179	40.3936	40.4922	40.1254
Tzo-CMvi_063-Ex1_L4_clmp.r1r2_fastp	40.955200000000005	41.760799999999996	41.2152	41.6386	41.564099999999996	41.8767	41.0802	41.2592	40.829	41.0147	40.677400000000006	40.7575	40.5704	41.0051	40.6607	41.1451	41.115899999999996	41.1415	40.767199999999995	41.019	40.673500000000004	40.8708	40.654	40.818	40.535900000000005	41.180099999999996	40.6696	41.0831	40.9238	40.9478	40.564699999999995	40.894200000000005	40.6492	41.122	40.7381	40.957	40.706399999999995	41.0567	40.646100000000004	40.9962	40.7638	41.022999999999996	40.550000000000004	41.067	40.549099999999996	41.1354	40.680699999999995	41.0353	40.6019	41.0619	40.5801	40.918	40.7365	40.9491	40.5539	40.9729	40.6199	40.956900000000005	40.8309	40.868500000000004	40.6939	40.887	40.556599999999996	40.902899999999995	40.643	40.8931	40.6308	40.8967	40.5619	40.8494	40.673500000000004	40.7757	40.5886	40.8972	40.544799999999995	40.718900000000005	40.7584	40.7763	40.6745	40.8121	40.6499	40.7298	40.6541	40.6578	40.446	40.9007	40.519	40.7342	40.7916	40.739399999999996	40.624	40.6806	40.6226	40.7576	40.6073	40.7441	40.5219	40.7128	40.606500000000004	40.713100000000004	40.6699	40.7575	40.5415	40.755	40.4266	40.7618	40.4983	40.6408	40.5749	40.8244	40.5326	40.688	40.592099999999995	40.7366	40.3947	40.669	40.4253	40.6935	40.5764	40.7495	40.6242	40.9113	40.5502	40.7923	40.7029	40.8448	40.6745	40.8104	40.6638	40.9868	40.831	40.7377	40.854800000000004	40.8966	40.474
Tzo-CMvi_064-Ex1_L4_clmp.r1r2_fastp	40.5456	41.4468	40.9469	41.3825	41.1648	41.402699999999996	40.7374	40.8696	40.2787	40.633	40.1413	40.2098	40.298899999999996	40.586	40.3317	40.7904	40.6706	40.6573	40.3556	40.6936	39.9929	40.4976	40.1239	40.3872	40.2703	40.779700000000005	40.228199999999994	40.707100000000004	40.3376	40.5574	40.1825	40.4416	40.1997	40.7209	40.287800000000004	40.7453	40.3166	40.7689	40.3361	40.7157	40.3233	40.7776	40.0465	40.6539	40.151199999999996	40.7215	40.2181	40.6597	40.2232	40.575	40.0237	40.4565	40.1613	40.5142	40.044200000000004	40.6554	40.3964	40.6023	40.3268	40.5642	40.1674	40.5374	40.1132	40.5421	40.1765	40.5185	40.0418	40.519800000000004	40.3125	40.4373	40.1269	40.3019	40.3377	40.450900000000004	40.1528	40.3202	40.3296	40.2679	40.3569	40.3984	40.309200000000004	40.4715	40.1208	40.333200000000005	40.1016	40.5169	40.0852	40.3538	40.3983	40.3818	40.2109	40.294200000000004	40.285900000000005	40.355999999999995	40.0683	40.2276	40.214	40.2514	40.1151	40.3917	40.2134	40.3123	39.9078	40.2289	39.9988	40.4238	39.918	40.326299999999996	40.1972	40.246500000000005	40.0548	40.2644	40.1347	40.1618	39.8723	40.1083	40.0633	40.278000000000006	40.202799999999996	40.239000000000004	40.1527	40.4071	40.157399999999996	40.3993	40.2654	40.3856	40.1601	40.3702	40.286	40.5558	40.405	40.378	40.3489	40.4679	40.0915
Tzo-CMvi_065-Ex1_L4_clmp.r1r2_fastp	40.2406	41.0767	40.6447	41.1225	40.909800000000004	41.2296	40.4859	40.684799999999996	40.1678	40.3181	39.9563	40.0338	39.815400000000004	40.3249	39.9625	40.4541	40.395399999999995	40.483799999999995	40.129599999999996	40.388200000000005	40.0441	40.3554	40.049800000000005	40.2532	39.9275	40.442299999999996	39.8897	40.4254	40.1064	40.125699999999995	39.8932	40.2169	39.9112	40.3887	40.0268	40.331	40.0267	40.4452	39.9814	40.2677	39.9916	40.4185	39.7233	40.401900000000005	39.8978	40.3446	39.9841	40.299	39.9009	40.2169	39.772800000000004	40.205999999999996	40.0888	40.232800000000005	39.862700000000004	40.2838	39.8821	40.3392	40.061	40.169700000000006	39.9647	40.1789	39.8945	40.2274	39.9652	40.179700000000004	39.955400000000004	40.1171	39.8983	40.1081	40.0096	40.0468	39.9361	40.111000000000004	39.776	40.1008	40.1216	40.0415	39.943200000000004	40.0061	39.8869	40.0398	39.8973	39.8947	39.804	40.084900000000005	39.758300000000006	39.9328	40.0062	40.089000000000006	39.9301	40.1054	39.8224	40.0641	39.8379	39.9342	39.7737	39.9579	39.7813	39.986	40.0015	39.972	39.7951	40.01	39.7257	39.9745	39.7415	39.9987	39.718399999999995	40.0198	39.7889	40.0389	39.781800000000004	39.8577	39.6612	39.9266	39.7499	39.878099999999996	39.8521	39.9603	39.900999999999996	40.0957	39.9192	40.0968	40.0007	40.0194	39.830799999999996	40.0449	40.0055	40.2164	40.191700000000004	40.04	40.0861	40.149699999999996	39.6686
Tzo-CMvi_066-Ex1_L4_clmp.r1r2_fastp	41.0295	41.7834	41.3667	41.8612	41.6628	41.717999999999996	41.0819	41.2495	40.7591	40.9808	40.6543	40.7508	40.518100000000004	41.096	40.6977	41.2664	41.1267	41.0794	40.821200000000005	41.0491	40.746500000000005	40.958	40.5662	40.9352	40.435300000000005	41.292	40.6901	41.0553	40.9751	40.9575	40.461000000000006	40.9193	40.740500000000004	41.1312	40.7514	41.1497	40.7558	41.297	40.6593	41.035	40.6835	41.1396	40.6745	41.081	40.5629	41.254999999999995	40.615899999999996	41.0263	40.6052	41.0673	40.549600000000005	40.9466	40.6432	41.0129	40.5049	40.9661	40.5404	41.1606	40.6486	40.9326	40.589999999999996	41.0416	40.4924	41.0415	40.6321	41.0613	40.496700000000004	40.8636	40.6351	40.760200000000005	40.6528	40.8779	40.5841	40.9994	40.448	40.9256	40.6931	40.814099999999996	40.6545	40.701100000000004	40.6995	40.7692	40.5242	40.7598	40.3872	40.8703	40.5355	40.7505	40.6738	40.8107	40.6605	40.6701	40.5274	40.6518	40.5613	40.6742	40.4538	40.7506	40.515499999999996	40.645399999999995	40.694599999999994	40.5999	40.427600000000005	40.8354	40.3631	40.9262	40.3932	40.679500000000004	40.598099999999995	40.8095	40.562799999999996	40.778	40.3688	40.6965	40.280899999999995	40.6092	40.442499999999995	40.7115	40.5141	40.7077	40.4909	40.7682	40.5627	40.817	40.4923	40.7053	40.538999999999994	40.8744	40.625699999999995	40.995	40.8639	40.8974	40.780899999999995	40.7992	40.488600000000005
Tzo-CMvi_067-Ex1_L4_clmp.r1r2_fastp	40.658300000000004	41.462199999999996	41.1687	41.4137	41.373599999999996	41.6794	40.8937	41.0326	40.5937	40.633	40.4536	40.4968	40.3433	40.8819	40.592299999999994	40.9347	40.8392	40.936499999999995	40.663199999999996	40.6595	40.516400000000004	40.8102	40.4553	40.6905	40.379	40.956900000000005	40.4262	40.7923	40.6163	40.7483	40.4296	40.6721	40.5305	40.8024	40.543800000000005	40.6914	40.517399999999995	40.861399999999996	40.3632	40.7086	40.584399999999995	40.714299999999994	40.3352	40.9513	40.209	40.935300000000005	40.4034	40.814	40.427	40.915600000000005	40.2665	40.719300000000004	40.6141	40.7979	40.3649	40.8113	40.3899	40.7603	40.5204	40.8268	40.3303	40.661199999999994	40.3337	40.6403	40.5001	40.8225	40.2243	40.6299	40.3167	40.5445	40.4497	40.4842	40.3622	40.6206	40.2694	40.455400000000004	40.4784	40.4192	40.3955	40.529900000000005	40.2678	40.3682	40.3331	40.4106	40.2215	40.523900000000005	40.2615	40.4298	40.373	40.442	40.3436	40.490300000000005	40.3321	40.4017	40.2115	40.355000000000004	40.1638	40.3795	40.2553	40.2747	40.432	40.3891	40.2556	40.4063	40.1198	40.4057	40.0665	40.333400000000005	40.1475	40.430899999999994	40.232600000000005	40.3158	40.2661	40.354600000000005	40.0133	40.346900000000005	40.1693	40.2891	40.1528	40.3623	40.206199999999995	40.4316	40.245	40.5841	40.3915	40.488	40.3574	40.58	40.319700000000005	40.5694	40.6585	40.4784	40.5434	40.5617	40.2493
Tzo-CMvi_068-Ex1_L4_clmp.r1r2_fastp	40.3383	41.2365	40.7003	41.1152	40.9059	41.3037	40.3688	40.7645	40.1671	40.427600000000005	39.9373	40.1939	39.7744	40.4214	40.0131	40.5899	40.4107	40.4755	40.1282	40.2784	39.975500000000004	40.2901	39.9447	40.2988	39.945	40.5105	39.909800000000004	40.3148	40.1562	40.2844	39.9207	40.2152	40.024	40.3376	39.9922	40.3187	40.0204	40.4904	39.8592	40.3357	40.0362	40.3437	39.7061	40.3376	39.8777	40.437400000000004	40.0253	40.2171	39.975	40.2549	39.775	40.2646	39.9861	40.2498	39.786100000000005	40.3232	39.8876	40.2778	39.9902	40.1792	39.9619	40.2504	39.6921	40.2175	39.914300000000004	40.3485	39.7693	40.2648	39.8032	40.049099999999996	39.923700000000004	40.1432	39.7946	40.2233	39.7376	40.0674	40.0886	40.059400000000004	39.9184	40.123799999999996	39.785900000000005	40.079100000000004	39.8766	39.9859	39.7236	40.0927	39.7978	39.9756	39.9722	39.989200000000004	39.79	39.9459	39.9464	40.043099999999995	39.7913	40.000099999999996	39.8096	40.0079	39.7882	39.959	40.0444	40.0531	39.6872	40.047	39.6015	40.1594	39.6295	39.8987	39.7687	39.957300000000004	39.76	40.015699999999995	39.8301	40.0024	39.6267	39.8958	39.6619	39.8695	39.7961	39.980399999999996	39.8439	40.134	39.8696	40.1076	39.9706	40.0996	39.9385	40.2526	39.9542	40.2411	40.137699999999995	40.056999999999995	40.0376	40.3259	39.7327
Tzo-CMvi_069-Ex1_L4_clmp.r1r2_fastp	40.0428	40.977799999999995	40.328900000000004	40.8861	40.815	41.2708	40.5344	40.9067	40.389599999999994	40.4915	40.291700000000006	40.3014	40.135	40.600500000000004	40.2001	40.6477	40.550000000000004	40.6103	40.291399999999996	40.6696	40.2238	40.507799999999996	40.1902	40.4061	40.1685	40.740300000000005	40.174	40.6503	40.402100000000004	40.4268	40.2994	40.477999999999994	40.1853	40.6016	40.289500000000004	40.558499999999995	40.260200000000005	40.6626	40.2288	40.5076	40.291700000000006	40.5884	40.0381	40.7329	40.0755	40.634100000000004	40.3791	40.5409	40.1477	40.6841	40.0593	40.4519	40.2375	40.4507	40.193400000000004	40.6554	40.1736	40.557900000000004	40.3241	40.3584	40.1818	40.5657	39.9884	40.4669	40.2057	40.5017	40.1064	40.5263	40.0967	40.3499	40.3475	40.3857	40.1277	40.5596	40.1205	40.2503	40.3722	40.2543	40.1969	40.356500000000004	40.1642	40.2609	40.222	40.2315	40.0704	40.4321	40.1151	40.287	40.2275	40.2645	40.1648	40.3452	40.0674	40.2466	40.0482	40.2603	40.049600000000005	40.3337	40.1154	40.2742	40.2086	40.2382	39.9927	40.4244	39.9474	40.3399	39.974199999999996	40.2312	40.0356	40.3275	40.1193	40.254400000000004	40.083	40.191	39.994099999999996	40.2939	39.9304	40.2306	40.2002	40.092	40.1138	40.2387	40.0745	40.2997	40.1815	40.292899999999996	40.217000000000006	40.3987	40.2646	40.3675	40.4384	40.355799999999995	40.2835	40.3906	39.9955
Tzo-CMvi_070-Ex1_L4_clmp.r1r2_fastp	40.3729	41.292699999999996	40.6773	41.1642	40.983599999999996	41.3266	40.632400000000004	40.7978	40.4073	40.5269	40.109899999999996	40.2461	39.963100000000004	40.4539	40.051700000000004	40.6385	40.4908	40.5887	40.3449	40.4582	40.3309	40.4488	40.230900000000005	40.3134	40.1488	40.701	40.0682	40.4547	40.2786	40.3691	40.164100000000005	40.4713	40.1713	40.633399999999995	40.240700000000004	40.464099999999995	40.1909	40.6045	40.123799999999996	40.467	40.204299999999996	40.5384	39.8992	40.5865	39.876	40.6975	40.2003	40.466800000000006	40.0437	40.4675	39.9869	40.5175	40.0597	40.4604	40.1198	40.5346	40.1837	40.4259	40.3204	40.4521	40.236	40.405499999999996	40.0347	40.342099999999995	40.0887	40.4213	39.982600000000005	40.294000000000004	39.8718	40.3005	40.0751	40.2462	40.135	40.3067	39.8719	40.0867	40.2949	40.1822	40.0859	40.2443	39.954699999999995	40.1013	39.9649	40.055600000000005	39.8714	40.2076	39.93	40.2081	40.132600000000004	40.185700000000004	40.0343	40.172200000000004	39.820299999999996	40.172200000000004	39.7754	40.1868	39.938	40.159099999999995	39.9955	40.1151	39.9067	40.115	39.8842	40.0664	39.7915	40.1201	39.7418	40.1073	40.0038	40.1671	40.0289	40.1211	39.9928	40.2686	39.858399999999996	40.2231	39.9448	40.213	39.9792	40.1892	40.0411	40.2607	39.9712	40.1774	40.1234	40.26	40.0111	40.4595	40.062	40.4424	40.409299999999995	40.380700000000004	40.1004	40.5757	39.9067
Tzo-CMvi_075-Ex1_L4_clmp.r1r2_fastp	41.0326	42.0349	41.409099999999995	41.889700000000005	41.707899999999995	41.8756	41.0476	41.3789	40.8502	40.8836	40.3865	40.8153	40.4563	41.1885	40.6544	41.2523	40.9908	41.300599999999996	40.839	40.9938	40.8146	40.9713	40.603	40.9877	40.4945	41.251	40.640100000000004	41.1126	40.8902	40.9488	40.6738	41.019	40.619	41.266000000000005	40.6805	41.1244	40.711000000000006	41.236	40.642	41.1472	40.7295	41.1094	40.7119	41.0683	40.661199999999994	41.2505	40.6696	40.983399999999996	40.6351	41.1094	40.547	40.9507	40.832499999999996	41.090900000000005	40.5505	41.1816	40.7492	41.0933	40.8831	40.9899	40.7532	41.0545	40.524300000000004	40.9125	40.5781	41.1093	40.5797	40.9672	40.626200000000004	40.941300000000005	40.883399999999995	40.9352	40.4992	41.159800000000004	40.5754	40.8395	40.7185	40.867399999999996	40.7512	40.7613	40.5615	40.6827	40.5542	40.7496	40.603899999999996	40.9669	40.6051	40.820499999999996	40.699999999999996	40.7641	40.8074	40.8237	40.6018	40.6695	40.5337	40.7766	40.566	40.8679	40.6683	40.7632	40.6355	40.6036	40.443200000000004	40.6873	40.2901	40.7158	40.5461	40.7826	40.7773	40.9693	40.58	40.821000000000005	40.5732	40.8009	40.3232	40.7415	40.4874	40.679700000000004	40.553200000000004	40.847	40.483000000000004	40.8897	40.7392	40.8496	40.491899999999994	40.9858	40.7014	40.9385	40.732800000000005	41.1821	40.9345	40.823	40.7893	40.9463	40.613899999999994
Tzo-CMvi_076-Ex1_L4_clmp.r1r2_fastp	40.915600000000005	41.796	41.2251	41.617399999999996	41.3177	41.742200000000004	40.9983	41.0733	40.8493	40.9405	40.4793	40.6098	40.3181	40.8496	40.5991	41.0862	40.9065	41.1559	40.6551	40.8854	40.5964	40.908899999999996	40.5183	40.8275	40.4843	41.0572	40.5308	40.9837	40.6659	40.7815	40.3992	40.807700000000004	40.5249	41.0008	40.5451	40.7827	40.5012	40.89	40.603	40.8962	40.5385	41.0419	40.2737	40.8819	40.3074	41.1155	40.549800000000005	40.7549	40.5049	40.8845	40.4015	40.737	40.5328	40.7001	40.425	40.8847	40.4856	40.8651	40.6293	40.8197	40.4141	40.8727	40.3785	40.663199999999996	40.572399999999995	40.910000000000004	40.357	40.7965	40.4333	40.724700000000006	40.5975	40.624900000000004	40.3989	40.9597	40.4249	40.6876	40.6841	40.4955	40.4582	40.8093	40.4714	40.6556	40.3814	40.517399999999995	40.3778	40.6677	40.3403	40.6064	40.476	40.7044	40.5014	40.724199999999996	40.3581	40.5469	40.394200000000005	40.449	40.3874	40.6014	40.3584	40.523399999999995	40.4378	40.583999999999996	40.192099999999996	40.606500000000004	40.1539	40.7292	40.260400000000004	40.5274	40.3264	40.612700000000004	40.400999999999996	40.6113	40.366	40.6689	40.2753	40.5014	40.3242	40.4947	40.3417	40.531	40.3607	40.5915	40.373799999999996	40.582	40.4489	40.6931	40.4961	40.6486	40.4555	40.6135	40.7824	40.719899999999996	40.6654	40.808699999999995	40.441300000000005
Tzo-CMvi_077-Ex1_L4_clmp.r1r2_fastp	40.26	41.2954	40.802899999999994	41.217	41.0734	41.4703	40.5426	40.766000000000005	40.2994	40.4795	40.0859	40.2057	40.0505	40.5416	40.258300000000006	40.6677	40.666799999999995	40.6162	40.2961	40.441300000000005	40.264	40.5934	40.145399999999995	40.407900000000005	40.1488	40.6713	40.217000000000006	40.5132	40.2969	40.461000000000006	39.982099999999996	40.396	39.9852	40.6961	40.1646	40.612300000000005	40.068	40.5346	40.0585	40.4616	40.177600000000005	40.5167	39.9157	40.5007	40.0131	40.569	40.1165	40.4806	39.9856	40.6215	40.0216	40.415	40.1117	40.3916	39.9995	40.384100000000004	40.1643	40.4694	40.2817	40.3819	40.0014	40.3468	40.028000000000006	40.2757	40.1466	40.4599	39.9103	40.287099999999995	39.8499	40.2889	40.1509	40.187	40.055099999999996	40.5276	39.9289	40.226	40.2187	40.2055	40.0208	40.1733	39.929700000000004	40.1815	40.0546	40.091	39.983999999999995	40.285900000000005	39.915800000000004	40.045700000000004	40.036699999999996	40.2511	39.9465	40.205999999999996	39.9861	40.0998	39.9651	40.0944	39.8108	40.1933	39.9646	40.1901	39.9595	40.1405	39.8941	40.3097	39.8694	40.209	39.9241	40.077400000000004	39.8631	40.1231	39.947500000000005	40.1715	39.8445	40.0951	39.7277	40.155499999999996	39.8067	40.1279	39.9392	40.0129	39.9716	40.324799999999996	40.047399999999996	40.2777	40.1078	40.275	40.145599999999995	40.333200000000005	40.1071	40.4974	40.3386	40.3717	40.2151	40.401900000000005	39.9923
Tzo-CMvi_078-Ex1_L4_clmp.r1r2_fastp	41.2501	42.0796	41.5837	42.0078	41.5817	42.1931	41.2517	41.5601	41.1449	41.2939	40.7489	40.9524	40.877599999999994	41.3601	40.6664	41.6235	41.4174	41.5164	41.1018	41.1563	40.9582	41.322900000000004	40.7861	41.4283	40.8908	41.549	40.8194	41.286	41.0826	41.2759	40.7924	41.3105	41.125499999999995	41.3626	41.1421	41.304	41.0423	41.2546	40.7511	41.1941	41.2887	41.6514	41.1282	41.4566	40.826	41.4277	41.0287	41.499399999999994	40.9968	41.5606	40.7956	41.182900000000004	40.795700000000004	41.241299999999995	40.8955	41.215	40.835	41.1637	40.8082	41.3055	41.035199999999996	41.274	40.7837	41.1823	40.9381	41.192299999999996	40.9781	41.0076	41.0619	40.8239	40.9092	41.1978	41.1073	41.462500000000006	40.8594	41.1601	40.915099999999995	41.0321	40.9287	41.0216	40.698	41.1575	40.7649	40.9885	40.775099999999995	41.089	40.555099999999996	41.2572	40.9795	41.1396	41.0052	41.0687	40.9107	40.7276	40.8634	40.9649	40.6158	41.3115	40.8881	40.9046	41.037099999999995	41.0596	40.6393	40.9668	40.7065	41.022	40.740300000000005	40.866400000000006	40.8064	40.9393	41.2258	40.7697	40.5538	40.8956	40.768	40.8626	40.9702	40.6582	40.801	40.8016	40.6621	40.9062	40.7958	40.8721	41.0858	40.646100000000004	40.8915	41.0739	41.023700000000005	41.326299999999996	41.2003	41.131099999999996	40.8727	41.3056	40.822399999999995
Tzo-CMvi_079-Ex1_L4_clmp.r1r2_fastp	40.8647	41.8183	41.3065	41.803000000000004	41.509299999999996	41.7616	41.0559	41.1838	40.8262	41.025800000000004	40.6097	40.64	40.5795	40.944900000000004	40.8067	41.1576	41.109899999999996	40.9677	40.8612	40.8597	40.7997	40.8723	40.5611	40.875	40.6352	41.2042	40.698	41.0126	41.0003	41.039500000000004	40.5109	40.915	40.7951	41.1661	40.733399999999996	40.9851	40.868500000000004	41.1973	40.708299999999994	41.1248	40.8369	41.1072	40.5333	41.1711	40.4776	41.255900000000004	40.6476	41.1371	40.706900000000005	41.0528	40.5836	40.996	40.6379	41.085	40.611399999999996	41.199200000000005	40.661500000000004	41.1312	40.7452	40.899	40.796	40.9652	40.596199999999996	41.0561	40.6367	41.1895	40.549800000000005	41.0257	40.5187	40.907199999999996	40.6993	40.853699999999996	40.5924	40.9667	40.5805	40.7657	40.687400000000004	40.7858	40.7397	40.8527	40.786899999999996	40.707	40.5281	40.663199999999996	40.5702	40.8444	40.611999999999995	40.6822	40.8104	40.8424	40.7377	40.8074	40.593	40.834399999999995	40.4971	40.7815	40.4728	40.8936	40.5336	40.6995	40.740500000000004	40.774300000000004	40.4979	40.7245	40.415600000000005	40.8991	40.386	40.8236	40.5896	40.8269	40.5087	40.9716	40.491	40.780899999999995	40.3414	40.7579	40.4815	40.753499999999995	40.5227	40.7705	40.677600000000005	40.9272	40.5559	40.858	40.6285	40.8062	40.6545	40.78	40.865899999999996	41.0795	40.9932	40.7323	40.8301	40.799400000000006	40.515499999999996
Tzo-CMvi_081-Ex1_L4_clmp.r1r2_fastp	41.0397	42.0901	41.2697	42.1188	41.7194	42.0781	41.308299999999996	41.7198	41.3391	41.4042	40.7047	41.360200000000006	41.1107	41.366	41.0459	41.6579	41.1684	41.4678	41.1688	41.1306	40.852500000000006	41.3457	41.346500000000006	40.9525	40.881499999999996	41.293800000000005	41.3337	41.1759	41.403	40.8936	40.929700000000004	41.349399999999996	40.976600000000005	41.387	41.2969	41.523900000000005	40.7676	41.6878	40.9806	41.5618	41.2155	41.374300000000005	40.6916	41.430099999999996	40.879599999999996	41.261199999999995	41.218900000000005	41.0678	40.7066	41.1585	41.0026	41.4203	40.9929	41.5155	40.9478	41.2596	41.098099999999995	41.515299999999996	41.308	41.1359	41.1145	41.2754	40.842	41.7359	40.9723	41.4172	40.9401	41.2364	40.5595	41.312599999999996	40.8639	41.0887	40.903099999999995	41.4032	40.9009	41.3658	41.0963	40.9236	41.1358	41.3236	40.8928	41.0627	41.120200000000004	41.0878	41.1637	41.3279	41.0707	41.0612	41.368100000000005	41.0319	41.1633	41.0079	40.852500000000006	41.2227	40.7719	41.0105	40.7892	41.1777	40.9129	41.0973	41.2016	41.0908	40.867799999999995	41.316	40.9047	41.382200000000005	40.818599999999996	41.07	41.1435	40.996	41.03	41.173	40.9895	40.873	40.9085	40.8771	40.9506	41.106700000000004	40.958600000000004	41.0682	41.0738	41.3532	40.8009	41.2553	41.0423	41.2265	41.2729	41.3448	41.175	41.382600000000004	40.846199999999996	41.4839	41.336800000000004	41.132400000000004	40.83
Tzo-CMvi_082-Ex1_L4_clmp.r1r2_fastp	40.4519	41.3116	40.7956	41.1267	41.200199999999995	41.458099999999995	40.7243	41.0049	40.366099999999996	40.5127	40.2128	40.143499999999996	40.0529	40.664699999999996	40.3311	40.7318	40.6508	40.8309	40.3603	40.4921	40.2685	40.435900000000004	40.3386	40.308899999999994	40.1318	40.704499999999996	40.136300000000006	40.4437	40.2624	40.4971	39.9794	40.4205	40.0936	40.5398	40.122	40.590199999999996	40.199400000000004	40.766999999999996	40.0783	40.4833	40.259499999999996	40.5012	40.0247	40.5571	40.068799999999996	40.5569	40.2108	40.4647	40.082499999999996	40.535199999999996	39.9814	40.4478	40.0974	40.4053	39.9778	40.4746	40.211999999999996	40.4469	40.2258	40.3692	40.0316	40.43	40.1203	40.3837	40.1945	40.3398	40.137299999999996	40.388400000000004	40.153299999999994	40.2058	40.158899999999996	40.2372	39.934	40.394600000000004	40.0284	40.2573	40.3014	40.1436	40.1353	40.3009	40.0403	40.2025	40.0935	40.1117	39.963300000000004	40.325	39.8477	40.1743	40.2654	40.1723	40.036	40.3159	40.022200000000005	40.0804	39.9519	40.1295	39.9393	40.2172	40.0332	40.0694	40.1642	40.2087	39.946799999999996	40.2374	39.8443	40.1838	39.8808	40.1749	39.9371	40.2545	39.9184	40.0156	40.021	40.1841	39.766400000000004	40.1654	39.7829	40.102900000000005	40.054899999999996	40.094	40.0115	40.291700000000006	40.0167	40.232600000000005	40.165099999999995	40.2346	40.124500000000005	40.3236	40.1901	40.5218	40.358	40.2992	40.2272	40.4459	39.951
Tzo-CMvi_083-Ex1_L4_clmp.r1r2_fastp	40.278000000000006	41.1081	40.5974	41.1331	41.0221	41.2655	40.6107	40.727000000000004	40.3513	40.3971	40.0925	40.1501	39.9343	40.4482	40.1192	40.6261	40.5091	40.571600000000004	40.2225	40.429700000000004	40.0968	40.395900000000005	40.091	40.3861	39.9594	40.624500000000005	40.113	40.432	40.2911	40.3538	39.9921	40.3899	40.0453	40.366800000000005	40.1715	40.4133	40.139399999999995	40.5874	40.1117	40.4113	40.205	40.4644	39.907199999999996	40.4351	40.0341	40.4794	40.068799999999996	40.4816	40.0146	40.4718	39.982099999999996	40.3022	40.1381	40.3492	40.0529	40.352	40.045700000000004	40.4376	40.2219	40.2689	40.110600000000005	40.388600000000004	39.9223	40.3171	40.0719	40.359	39.8794	40.3151	39.993	40.3432	40.0824	40.1628	39.9069	40.3492	40.0184	40.1612	40.0967	40.1616	40.046	40.2627	40.0473	40.1706	40.014	40.0785	39.8515	40.2152	39.9255	40.1422	40.1529	40.1725	40.0554	40.1626	39.9647	40.1548	39.9781	40.0933	39.8912	40.1689	39.8662	40.1486	40.0816	40.1678	39.806799999999996	40.193	39.8315	40.155499999999996	39.8753	40.055600000000005	39.9889	40.1438	39.9739	40.0687	39.9856	40.075300000000006	39.859	40.1017	39.8516	39.985	39.9803	40.0658	40.0445	40.1942	40.0285	40.1854	40.070299999999996	40.1839	40.0159	40.307500000000005	40.0658	40.3228	40.319300000000005	40.1889	40.212900000000005	40.2401	39.8615
Tzo-CMvi_087-Ex1_L4_clmp.r1r2_fastp	41.2565	42.0439	41.6319	42.018499999999996	41.7724	42.1981	41.1062	41.3493	40.9753	41.0115	40.8125	40.9397	40.4637	41.1221	40.890100000000004	41.5832	41.3594	41.391	40.887299999999996	41.2044	40.886	41.0818	40.992	41.1055	40.7903	41.5976	40.9871	41.3354	41.2894	41.252	40.9052	41.2974	40.7865	41.4215	40.8773	41.373	41.1247	41.4415	40.794799999999995	41.2065	41.0138	41.3507	40.7493	41.4655	40.6342	41.4729	40.8568	41.3122	40.83	41.306	40.646	41.172	40.893	41.1901	40.6917	41.3209	41.0208	41.3272	40.968700000000005	41.0814	40.9606	41.2459	40.7907	41.2538	40.9403	41.4165	40.794599999999996	41.240300000000005	40.9369	41.112	40.875099999999996	41.0041	40.8763	41.2857	40.707	40.9803	40.897299999999994	41.0932	40.877599999999994	41.160999999999994	40.8487	40.9441	40.8915	40.8847	40.725699999999996	40.976	40.7492	40.8241	40.9172	40.9542	40.700900000000004	41.1124	40.7296	40.9839	40.714099999999995	40.9455	40.7367	40.902100000000004	40.6894	40.9155	40.8528	40.846199999999996	40.6332	40.9383	40.62	41.0584	40.683	40.9247	40.742200000000004	40.954800000000006	40.8109	40.929500000000004	40.6676	40.8905	40.426899999999996	40.9979	40.779900000000005	40.9125	40.771	40.7626	40.8401	40.9658	40.8578	41.057100000000005	40.8934	41.0359	40.848600000000005	41.0443	40.8504	41.0978	41.0745	40.8692	40.9236	40.963300000000004	40.6348
Tzo-CMvi_088-Ex1_L4_clmp.r1r2_fastp	40.3132	41.1564	40.590199999999996	41.0045	40.954299999999996	41.199200000000005	40.4709	40.6042	40.1746	40.3597	39.853699999999996	40.193400000000004	39.8908	40.4553	40.0565	40.5713	40.4049	40.4292	40.1731	40.446	40.0744	40.3561	39.9436	40.3948	39.9866	40.5409	39.9705	40.3993	40.1894	40.246700000000004	39.9806	40.1419	40.0374	40.4931	40.0462	40.3737	40.1049	40.5322	39.9638	40.2492	40.1293	40.3524	39.8005	40.3862	39.7552	40.4379	39.9407	40.3104	39.9077	40.3518	39.8388	40.2522	40.0625	40.3434	39.8697	40.3664	39.975100000000005	40.3723	40.0766	40.2711	40.1181	40.33	39.759699999999995	40.3074	39.970099999999995	40.3246	39.8504	40.2362	39.8729	40.2425	39.9683	40.1628	39.942499999999995	40.3393	39.9349	39.9581	40.0896	40.1661	40.0082	40.2661	39.9891	40.0797	39.9548	40.112500000000004	39.8804	40.2397	39.7947	40.0196	39.9776	40.0598	39.9421	40.091100000000004	39.8729	40.1244	39.909499999999994	39.9871	39.8782	40.2361	39.8237	39.9711	40.0411	40.1289	39.8375	40.1336	39.7223	40.1027	39.785399999999996	40.0841	39.881899999999995	40.1476	39.8765	40.1179	39.8765	40.0244	39.762100000000004	40.0769	39.7535	40.2029	39.8967	40.0689	39.9466	40.3684	39.9909	40.129	40.0473	40.1863	39.9215	40.4164	40.0119	40.3184	40.2964	40.274	40.2152	40.3965	39.8143
Tzo-CMvi_089-Ex1_L4_clmp.r1r2_fastp	41.0802	42.001	41.4659	41.8737	41.7048	41.8729	41.0554	41.4945	40.8941	41.1702	40.867399999999996	40.9275	40.6308	41.4159	40.707100000000004	41.3711	41.2078	41.2952	40.8788	41.2193	40.8357	40.949200000000005	40.751599999999996	41.0562	40.7356	41.3234	41.0206	41.0582	41.091499999999996	41.1669	40.6937	40.9638	40.671600000000005	41.195	40.997499999999995	41.180499999999995	40.928399999999996	41.1972	40.7918	41.2385	40.9615	41.120200000000004	40.557500000000005	41.3525	40.6738	41.1613	40.7339	41.1416	40.808499999999995	41.1798	40.6854	41.1506	41.0216	41.050599999999996	40.8371	41.1996	40.7369	41.1472	40.9409	41.1498	40.6427	41.018	40.6301	40.9743	40.916599999999995	41.2277	40.6306	41.138200000000005	40.6796	40.975699999999996	40.834399999999995	40.8709	40.5653	41.1818	40.706900000000005	41.0046	41.0171	40.6522	40.7127	40.9556	40.648	40.8672	40.7296	40.827000000000005	40.8568	41.0966	40.6237	40.8527	40.7638	40.8527	40.8164	40.9919	40.911500000000004	40.871	40.5995	40.882400000000004	40.6066	40.9037	40.583999999999996	40.8639	40.8742	40.8292	40.551700000000004	41.058299999999996	40.5413	40.9715	40.598299999999995	40.9698	40.5604	40.9208	40.787600000000005	40.8232	40.6839	40.9435	40.36	40.8931	40.5695	41.0608	40.8636	40.812	40.7864	40.8684	40.8523	40.816900000000004	40.802	40.881699999999995	40.9634	40.8557	40.8459	41.1041	41.1683	41.0398	41.180699999999995	41.1513	40.7925
Tzo-CMvi_090-Ex1_L4_clmp.r1r2_fastp	40.1479	41.1403	40.572900000000004	41.138000000000005	40.8365	41.1447	40.403	40.6121	40.2147	40.4097	40.0004	40.205999999999996	39.8433	40.4207	39.9455	40.6318	40.328	40.4825	40.118500000000004	40.4099	40.0334	40.306799999999996	39.9515	40.2943	39.9343	40.6218	39.915299999999995	40.476	40.2443	40.2922	39.9032	40.261	39.8988	40.408500000000004	39.997	40.4315	39.9864	40.4885	39.986	40.3391	40.1272	40.3991	39.8242	40.4384	39.9155	40.5021	40.0334	40.3234	39.9321	40.482099999999996	39.8808	40.3844	40.0471	40.312799999999996	39.9243	40.3201	40.0314	40.4048	40.123999999999995	40.165800000000004	40.0486	40.3327	39.879999999999995	40.2744	39.9692	40.3425	39.8812	40.2669	39.893499999999996	40.2206	40.0584	40.168	39.8621	40.2344	39.8345	40.0899	40.1182	40.1432	40.0268	40.2342	39.9635	40.123799999999996	39.9918	40.0266	39.838699999999996	40.196	39.852900000000005	40.1615	40.1115	40.17	39.893499999999996	40.164699999999996	39.9989	40.1352	39.9138	40.1291	39.844	40.2018	39.9784	40.1027	40.1256	40.136	39.882	40.212599999999995	39.8014	40.171800000000005	39.9031	40.063700000000004	39.958	40.1352	40.0133	40.190799999999996	39.9303	40.1274	39.807700000000004	40.0604	39.9765	40.0453	39.9313	40.165299999999995	39.9606	40.2065	39.984199999999994	40.2526	40.056999999999995	40.2754	40.1258	40.248400000000004	40.1391	40.4036	40.401199999999996	40.2502	40.2499	40.2637	39.919399999999996
Tzo-CMvi_091-Ex1_L4_clmp.r1r2_fastp	40.8999	41.875099999999996	41.1557	41.7254	41.2642	41.7945	40.8742	41.1032	40.6884	40.7748	40.2746	40.5124	40.2977	40.7769	40.5434	41.217	40.9886	40.9369	40.6843	40.7603	40.5156	40.923300000000005	40.4402	40.7882	40.4007	41.0254	40.409	40.9574	40.6308	40.8304	40.2953	40.7922	40.4097	40.9394	40.5203	40.8989	40.6203	41.1085	40.4024	40.870400000000004	40.598299999999995	40.9959	40.2656	40.9238	40.3153	41.1196	40.5567	40.8513	40.4381	40.9378	40.2907	40.9064	40.529900000000005	40.968900000000005	40.379	40.928	40.4296	40.964800000000004	40.493	40.7157	40.4901	40.831	40.3269	40.7712	40.373599999999996	40.813500000000005	40.382600000000004	40.909800000000004	40.3814	40.6607	40.5657	40.5434	40.4926	40.8146	40.2174	40.6272	40.713899999999995	40.6205	40.5552	40.695100000000004	40.4534	40.6559	40.4342	40.6482	40.3654	40.663199999999996	40.3165	40.6425	40.5047	40.5274	40.5737	40.529199999999996	40.4181	40.6288	40.4082	40.564099999999996	40.4008	40.6297	40.2731	40.4601	40.4721	40.4799	40.3206	40.577600000000004	40.2833	40.6957	40.2589	40.4996	40.2962	40.6546	40.2489	40.720099999999995	40.367399999999996	40.5562	40.2352	40.490500000000004	40.2825	40.4644	40.267399999999995	40.3412	40.468900000000005	40.7264	40.4402	40.7806	40.4484	40.678	40.4595	40.5942	40.5435	40.7534	40.6796	40.6958	40.6602	40.7898	40.3835
Tzo-CMvi_094-Ex1_L4_clmp.r1r2_fastp	40.6019	41.6438	41.1954	41.745900000000006	41.4497	41.7524	41.1337	41.364200000000004	40.9823	41.050799999999995	40.7642	40.7774	40.5659	40.9695	40.7495	41.093	41.0372	41.1686	40.7574	41.030699999999996	40.719300000000004	40.9887	40.8648	40.9347	40.6789	41.318	40.692699999999995	41.2054	40.870200000000004	40.9929	40.645900000000005	41.0465	40.6547	41.0707	40.809400000000004	41.0244	40.711000000000006	41.1618	40.7304	40.9969	40.7785	41.1449	40.589	41.1165	40.611399999999996	41.2632	40.8684	41.0833	40.6684	41.1066	40.5767	40.9276	40.7474	40.9769	40.5887	41.1088	40.7827	41.071200000000005	40.7401	40.9983	40.827999999999996	41.129	40.6017	41.0283	40.6356	41.1012	40.643299999999996	40.9489	40.6371	40.9715	40.6782	40.9507	40.542899999999996	40.9983	40.6072	40.6876	40.775299999999994	40.8547	40.746500000000005	40.8879	40.564099999999996	40.861799999999995	40.6362	40.846	40.6839	40.832800000000006	40.6115	40.657399999999996	40.7958	40.7519	40.5814	40.814	40.472	40.7322	40.6526	40.708	40.5555	40.797	40.6265	40.6383	40.8179	40.6856	40.5692	40.7844	40.4831	40.6199	40.5421	40.718199999999996	40.5812	40.7781	40.407700000000006	40.5906	40.442499999999995	40.7229	40.372	40.693200000000004	40.3827	40.6196	40.6947	40.603699999999996	40.524	40.867599999999996	40.4568	40.6363	40.5087	40.9222	40.435	40.7669	40.669	40.9816	40.7079	40.7765	40.726800000000004	40.849999999999994	40.678
