Sample	1	2	3	4	5	6	7	8	9	10	11	12	13	14	15	16	17	18	19	20	21	22	23	24	25	26	27	28	29	30	31	32	33	34	35	36	37	38	39	40	41	42	43	44	45	46	47	48	49	50	51	52	53	54	55	56	57	58	59	60	61	62	63	64	65	66	67	68	69	70	71	72	73	74	75	76	77	78	79	80	81	82	83	84	85	86	87	88	89	90	91	92	93	94	95	96	97	98	99	100	101	102	103	104	105	106	107	108	109	110	111	112	113	114	115	116	117	118	119	120	121	122	123	124	125	126	127	128	129	130	131	132	133	134	135	136	137	138	139	140	141	142	143	144	145	146	147	148	149	150
Tzo-AMvi_001_Ex1_L4_clmp.r1r2_fastp	35.7565	35.864	36.0127	36.0479	36.1044	36.1237	36.1074	36.0736	36.0438	36.0846	36.0507	36.009	35.9991	35.9919	35.9823	35.965	35.9734	35.9467	35.9165	35.8558	35.8815	35.8728	35.8096	35.8325	35.7629	35.6642	35.6195	35.5938	35.5638	35.548	35.4886	35.4815	35.498	35.4337	35.3914	35.3225	35.3169	35.3279	35.2608	35.2603	35.191	35.2004	35.1253	35.1158	35.0735	35.0403	35.0284	35.0182	34.957	34.9398	34.9037	34.8767	34.8232	34.7665	34.7368	34.7161	34.6618	34.6504	34.6129	34.5717	34.4908	34.4803	34.3971	34.4065	34.3703	34.3339	34.2872	34.2246	34.1915	34.1247	34.0499	34.0942	34.0101	33.9938	33.9661	33.9174	33.8372	33.8703	33.7663	33.712	33.7086	33.6938	33.6072	33.6423	33.591	33.4685	33.4327	33.4457	33.4069	33.3789	33.2648	33.3078	33.3045	33.2251	33.1079	33.1397	33.1691	33.0267	33.0132	32.9527	32.9317	33.0262	32.9249	32.8305	32.7852	32.8215	32.8303	32.7159	32.6435	32.6739	32.6254	32.5805	32.5607	32.5672	32.4687	32.4624	32.4451	32.3752	32.3597	32.3031	32.2307	32.3383	32.2189	32.2458	32.2919	32.1669	32.1336	32.1583	32.1467	32.1008	31.9679	32.0343	31.9097	31.922	31.8676	31.7753	31.6637	31.5824	31.5798	31.5219	31.4792	31.5342	31.6084	31.6704	31.425	31.4777	31.7556	31.918	32.64	35.3398
Tzo-AMvi_002_Ex1_L4_clmp.r1r2_fastp	35.7963	35.8724	36.0315	36.0649	36.1172	36.1249	36.1075	36.0681	36.039	36.0771	36.0343	36.005	35.9957	35.9925	35.9822	35.9608	35.9693	35.932	35.9072	35.8457	35.8713	35.8566	35.7903	35.8129	35.7526	35.6488	35.6097	35.579	35.5476	35.5339	35.4731	35.4809	35.4955	35.4169	35.3894	35.3287	35.3147	35.324	35.2691	35.2807	35.2107	35.2232	35.1448	35.1304	35.0741	35.0435	35.0109	35.0168	34.9627	34.9577	34.9065	34.8808	34.8302	34.778	34.7731	34.7338	34.6622	34.6469	34.6172	34.582	34.4975	34.4963	34.4124	34.4098	34.371	34.3389	34.2705	34.2225	34.18	34.1049	34.0369	34.1084	34.0059	33.989	33.9663	33.8819	33.835	33.8294	33.7172	33.6767	33.6783	33.6447	33.5867	33.6204	33.5735	33.4403	33.4091	33.405	33.3178	33.3106	33.1887	33.2535	33.2427	33.1599	33.066	33.0844	33.0993	32.9206	32.9313	32.8628	32.8457	32.9325	32.8227	32.7251	32.702	32.7162	32.7332	32.6174	32.5473	32.5342	32.5362	32.4555	32.4253	32.4242	32.3448	32.3798	32.3291	32.3216	32.3202	32.2178	32.1336	32.2251	32.0929	32.1164	32.2113	32.0436	31.9952	32.0384	31.9602	31.9597	31.8379	31.8613	31.7572	31.7412	31.7259	31.6216	31.4646	31.4195	31.381	31.3676	31.3411	31.3481	31.412	31.5017	31.2608	31.27	31.642	31.7921	32.5513	35.328
Tzo-AMvi_003_Ex1_L4_clmp.r1r2_fastp	35.7708	35.8628	36.0197	36.0539	36.1154	36.1291	36.1105	36.0779	36.0487	36.0925	36.0521	36.0084	36.0036	35.9964	35.9847	35.9692	35.9757	35.9478	35.9182	35.8551	35.8869	35.8718	35.8086	35.8223	35.7567	35.6619	35.6196	35.5835	35.5602	35.5358	35.4845	35.4776	35.488	35.4306	35.3951	35.3229	35.313	35.3357	35.2724	35.2738	35.1939	35.2071	35.1222	35.1169	35.0772	35.0355	35.0335	35.0256	34.9636	34.9532	34.9063	34.8832	34.8331	34.7739	34.7644	34.731	34.6784	34.6734	34.6559	34.6017	34.52	34.5107	34.4374	34.4263	34.3876	34.3459	34.3002	34.2325	34.2043	34.1463	34.0595	34.1061	34.0221	33.9915	33.9764	33.9281	33.8409	33.8702	33.7608	33.7223	33.6985	33.6887	33.5885	33.6401	33.58	33.4591	33.4221	33.4435	33.3649	33.3566	33.2428	33.2965	33.2656	33.1845	33.0798	33.0806	33.1075	32.9507	32.9711	32.8999	32.9046	32.9706	32.8628	32.7412	32.7142	32.7276	32.7529	32.6353	32.5873	32.5738	32.5434	32.4942	32.472	32.4684	32.3539	32.3629	32.3392	32.2944	32.2794	32.1866	32.1228	32.2092	32.1189	32.138	32.1754	32.0306	31.982	32.0205	32.0223	31.9652	31.8288	31.8736	31.7504	31.7537	31.7085	31.6007	31.4853	31.3808	31.368	31.3279	31.2594	31.2698	31.4024	31.4219	31.1794	31.2009	31.5711	31.753	32.5183	35.2893
Tzo-AMvi_004_Ex1_L4_clmp.r1r2_fastp	35.7365	35.8292	35.9981	36.034	36.0987	36.1065	36.0825	36.0502	36.0151	36.0618	36.0177	35.9797	35.9767	35.9765	35.9676	35.947	35.9572	35.9241	35.8842	35.8278	35.8545	35.8454	35.7824	35.7902	35.7296	35.6277	35.5892	35.5607	35.5304	35.5103	35.4572	35.4383	35.4448	35.3936	35.3507	35.2775	35.2707	35.2874	35.2267	35.2318	35.1679	35.1778	35.0939	35.0733	35.0365	34.9959	34.9924	34.9782	34.9178	34.9143	34.8746	34.8575	34.8024	34.7391	34.7183	34.6953	34.6295	34.618	34.5975	34.5487	34.4653	34.4607	34.4	34.3874	34.3548	34.3115	34.2552	34.1868	34.1592	34.0938	34.0429	34.0915	34.0045	33.9751	33.9763	33.9092	33.8305	33.8497	33.7446	33.6664	33.6592	33.6737	33.5896	33.6322	33.5694	33.4535	33.4119	33.4309	33.3397	33.3379	33.2188	33.2741	33.2798	33.1931	33.0988	33.1012	33.1243	32.9699	32.9547	32.8996	32.9003	32.9793	32.8639	32.7602	32.7339	32.7636	32.7755	32.6552	32.5871	32.6041	32.547	32.5254	32.5009	32.4931	32.3746	32.4028	32.4113	32.3643	32.3211	32.2708	32.1781	32.2572	32.1555	32.2147	32.2304	32.1188	32.0598	32.1076	32.0719	32.0372	31.8999	31.9385	31.818	31.8213	31.791	31.7406	31.5867	31.5097	31.5215	31.483	31.4118	31.4395	31.5437	31.6125	31.3548	31.3837	31.7143	31.8895	32.594	35.3305
Tzo-AMvi_005_Ex1_L4_clmp.r1r2_fastp	35.83	35.8877	36.0299	36.0616	36.1173	36.1311	36.1088	36.0722	36.0377	36.0875	36.0404	36.0021	35.9966	35.9867	35.9726	35.9593	35.967	35.9393	35.9047	35.8527	35.8769	35.8705	35.8117	35.8212	35.7598	35.6613	35.6274	35.5901	35.567	35.5515	35.4938	35.4824	35.4976	35.4444	35.4065	35.3257	35.3206	35.3462	35.2695	35.2846	35.2162	35.2213	35.1389	35.1344	35.0803	35.064	35.044	35.0459	34.9767	34.9641	34.9122	34.9115	34.8395	34.7915	34.7757	34.7361	34.6815	34.6803	34.6496	34.6126	34.5229	34.5169	34.4482	34.4462	34.4101	34.3634	34.3115	34.2627	34.2264	34.179	34.0906	34.1413	34.0417	34.0154	34.0035	33.9646	33.8831	33.9123	33.8189	33.7613	33.7526	33.7362	33.6325	33.6937	33.6469	33.5158	33.4774	33.504	33.4476	33.4355	33.3011	33.3779	33.3336	33.2575	33.1459	33.1835	33.2151	33.0543	33.0654	33.016	32.9975	33.0787	32.9782	32.8786	32.8412	32.8503	32.8854	32.7758	32.6978	32.7134	32.6606	32.6218	32.6228	32.6146	32.5085	32.5081	32.5083	32.4715	32.4557	32.3926	32.3178	32.3976	32.2791	32.3388	32.3611	32.2276	32.1933	32.2526	32.2041	32.1858	32.0356	32.1046	31.9603	31.9832	31.9577	31.8908	31.7434	31.6565	31.6732	31.6085	31.5547	31.6266	31.6888	31.7782	31.51	31.5379	31.8355	32.0131	32.7059	35.3729
Tzo-AMvi_006_Ex1_L4_clmp.r1r2_fastp	35.6812	35.7768	35.9303	35.9739	36.0307	36.0495	36.0179	35.9834	35.9365	35.9906	35.9482	35.9046	35.9015	35.8939	35.8832	35.8594	35.8744	35.8418	35.7992	35.7468	35.7681	35.7658	35.6979	35.7243	35.6509	35.5518	35.5195	35.4648	35.4512	35.4369	35.3744	35.3705	35.3845	35.325	35.2765	35.2102	35.1972	35.2129	35.1465	35.1585	35.0776	35.1067	35.0087	35.0203	34.9543	34.9304	34.9091	34.9009	34.8347	34.8417	34.7852	34.777	34.7178	34.6585	34.6345	34.6114	34.5379	34.539	34.4985	34.4771	34.3854	34.3907	34.3073	34.338	34.2836	34.2435	34.1577	34.1252	34.0848	34.038	33.9668	34.0244	33.947	33.9495	33.9027	33.8763	33.7588	33.8204	33.6881	33.6538	33.649	33.6439	33.5695	33.632	33.561	33.4644	33.3906	33.4147	33.3464	33.3597	33.2011	33.2975	33.2681	33.2009	33.1167	33.1279	33.1416	32.9966	32.9946	32.931	32.9454	33.0462	32.9388	32.8648	32.8086	32.8427	32.8748	32.7548	32.6698	32.7078	32.6587	32.6193	32.6181	32.6031	32.5139	32.5528	32.5215	32.5093	32.4731	32.4047	32.2984	32.4211	32.3091	32.3493	32.4144	32.2588	32.268	32.2812	32.2605	32.2645	32.1027	32.1619	32.0719	32.0935	31.9745	31.9538	31.8371	31.7769	31.7647	31.7504	31.6613	31.7694	31.8836	31.9306	31.677	31.6916	32.068	32.2138	32.8353	35.4208
Tzo-AMvi_007_Ex1_L4_clmp.r1r2_fastp	35.8466	35.8878	36.0354	36.0676	36.1193	36.1364	36.109	36.0812	36.0419	36.0967	36.0528	36.0099	35.9972	35.9931	35.9812	35.9668	35.9771	35.9495	35.911	35.8611	35.884	35.8818	35.8259	35.8398	35.7684	35.6835	35.6341	35.6022	35.5725	35.5622	35.5145	35.5006	35.5243	35.4604	35.4292	35.3439	35.345	35.3609	35.3084	35.3092	35.231	35.2396	35.1727	35.1689	35.1163	35.1092	35.0945	35.0862	35.0236	35.0242	34.9619	34.9594	34.8994	34.8621	34.8355	34.8005	34.749	34.7392	34.7114	34.6763	34.5774	34.5695	34.5241	34.5305	34.4973	34.4561	34.4043	34.353	34.3314	34.2609	34.2095	34.2644	34.1555	34.1367	34.1285	34.0949	34.0085	34.0356	33.9275	33.885	33.8677	33.868	33.792	33.8349	33.7691	33.6512	33.6208	33.6354	33.5573	33.5637	33.437	33.4985	33.4754	33.3975	33.2932	33.3142	33.3384	33.184	33.201	33.1685	33.1354	33.2071	33.1069	33.031	32.9797	33.0106	32.9958	32.8987	32.8211	32.8634	32.8152	32.7674	32.7601	32.728	32.66	32.6451	32.6094	32.6031	32.5814	32.5055	32.4057	32.5321	32.4388	32.4083	32.4559	32.3084	32.3242	32.3503	32.3062	32.2862	32.1468	32.2201	32.0616	32.1189	32.0782	31.977	31.8255	31.7925	31.7723	31.7307	31.6367	31.69	31.7941	31.8725	31.5723	31.6165	31.9242	32.0958	32.7038	35.3909
Tzo-AMvi_008_Ex1_L4_clmp.r1r2_fastp	35.7601	35.8484	36.0109	36.0489	36.1022	36.1127	36.0885	36.0549	36.0168	36.0619	36.0148	35.9843	35.9846	35.9732	35.9608	35.9458	35.9502	35.9223	35.8766	35.8236	35.8529	35.8423	35.7762	35.7934	35.7288	35.6312	35.5953	35.5583	35.5264	35.5195	35.4561	35.4442	35.4582	35.3971	35.3624	35.2718	35.2687	35.287	35.2343	35.2164	35.1641	35.1773	35.0997	35.0737	35.0278	35.0078	34.9832	34.9788	34.9241	34.9149	34.8694	34.8653	34.8101	34.7497	34.7272	34.7183	34.6498	34.6309	34.6204	34.5812	34.4936	34.4816	34.4276	34.4001	34.3798	34.3266	34.2878	34.2259	34.2013	34.1245	34.0612	34.0993	34.0432	34.0231	33.9927	33.9228	33.8482	33.8665	33.7845	33.7034	33.7217	33.7282	33.657	33.6757	33.642	33.5127	33.4629	33.4681	33.4174	33.4096	33.265	33.3235	33.3456	33.2402	33.1503	33.1622	33.1787	33.0218	33.027	32.9287	32.9592	33.0293	32.9525	32.8323	32.8214	32.8367	32.8476	32.7456	32.6813	32.6908	32.6551	32.5628	32.5877	32.5991	32.478	32.4575	32.4563	32.4445	32.3926	32.3285	32.2321	32.3548	32.2434	32.2469	32.3024	32.1861	32.1924	32.1813	32.1565	32.1261	32.0018	32.065	31.9463	31.9693	31.9378	31.8646	31.7343	31.6371	31.6224	31.6035	31.529	31.599	31.7234	31.755	31.4725	31.5527	31.8548	32.0485	32.6997	35.3666
Tzo-AMvi_009_Ex1_L4_clmp.r1r2_fastp	35.8906	35.9336	36.0666	36.0999	36.153	36.1651	36.1417	36.1118	36.0776	36.1179	36.0837	36.0417	36.0304	36.02	36.0128	36.0063	36.0087	35.9842	35.9535	35.8975	35.9134	35.9103	35.8557	35.8616	35.8005	35.7168	35.672	35.6373	35.6233	35.6085	35.5437	35.537	35.5483	35.4959	35.4658	35.3798	35.3811	35.3918	35.3301	35.3317	35.2585	35.282	35.2035	35.2043	35.1482	35.1217	35.1229	35.1066	35.0449	35.0365	34.9851	34.9646	34.9228	34.8666	34.8379	34.8201	34.7638	34.7579	34.7452	34.6797	34.6076	34.6004	34.5263	34.5197	34.4904	34.457	34.4062	34.3334	34.3206	34.2602	34.204	34.2319	34.1432	34.1212	34.1121	34.0608	33.9843	34.0142	33.9073	33.8558	33.8494	33.8318	33.7589	33.7906	33.728	33.6023	33.5764	33.5893	33.5325	33.5093	33.387	33.4297	33.4226	33.322	33.245	33.2841	33.2864	33.1443	33.1353	33.0726	33.0723	33.1498	33.0459	32.9583	32.9096	32.9201	32.9639	32.8062	32.7535	32.7802	32.7493	32.6948	32.6869	32.6283	32.5564	32.5667	32.5557	32.5154	32.5002	32.4342	32.3617	32.446	32.3527	32.3498	32.3579	32.2388	32.2312	32.2423	32.2213	32.1742	32.0604	32.1159	31.9631	32.0058	31.9655	31.8623	31.739	31.6516	31.6383	31.5873	31.5258	31.5575	31.7129	31.6984	31.4603	31.4886	31.8435	32.031	32.6777	35.3577
Tzo-AMvi_010_Ex1_L4_clmp.r1r2_fastp	35.8062	35.895	36.0363	36.0751	36.1228	36.1391	36.1113	36.0756	36.0415	36.0836	36.0451	36.0132	36.0075	36.0012	35.986	35.9763	35.9789	35.9532	35.9122	35.8668	35.8863	35.8852	35.8179	35.8316	35.766	35.6665	35.6355	35.6103	35.5863	35.5747	35.5096	35.4933	35.5035	35.4636	35.4219	35.3517	35.3424	35.3574	35.2951	35.2947	35.2268	35.2517	35.1608	35.1661	35.1199	35.0942	35.0719	35.0831	34.9997	35.0052	34.9615	34.9423	34.8775	34.827	34.821	34.7932	34.7104	34.7234	34.6903	34.649	34.5589	34.5663	34.5066	34.5128	34.491	34.4236	34.3738	34.3318	34.271	34.2415	34.1869	34.2212	34.1424	34.1094	34.1008	34.0464	33.9432	33.9864	33.9016	33.8347	33.8274	33.8315	33.7479	33.7971	33.7535	33.6339	33.5815	33.6009	33.5354	33.5231	33.4099	33.4648	33.4508	33.3269	33.2652	33.281	33.2825	33.1416	33.1664	33.0915	33.0748	33.1472	33.0578	32.9554	32.9495	32.9462	32.9723	32.8742	32.7943	32.8118	32.7812	32.7536	32.72	32.6834	32.6004	32.5752	32.5982	32.5587	32.5206	32.4787	32.4107	32.4825	32.365	32.4015	32.4352	32.3224	32.3068	32.3277	32.2808	32.2611	32.1738	32.2099	32.0904	32.0999	32.0843	31.9663	31.8336	31.7973	31.805	31.7759	31.6828	31.7347	31.8286	31.8716	31.6264	31.6922	32.0271	32.1489	32.8033	35.4033
Tzo-AMvi_011_Ex1_L4_clmp.r1r2_fastp	35.8759	35.9253	36.0595	36.0858	36.1486	36.1506	36.1355	36.1024	36.0693	36.1105	36.0721	36.0337	36.0202	36.0151	36.0029	35.992	36.0	35.9779	35.9399	35.8856	35.9096	35.9025	35.8378	35.8504	35.7894	35.6931	35.6532	35.6189	35.6056	35.5817	35.5226	35.5125	35.5167	35.4652	35.4367	35.3529	35.3468	35.3531	35.2972	35.2976	35.2279	35.2359	35.1565	35.1583	35.1053	35.069	35.0503	35.0394	34.9785	34.9791	34.9097	34.8979	34.845	34.7873	34.7634	34.747	34.6977	34.6706	34.6551	34.611	34.5155	34.5023	34.4421	34.4465	34.4103	34.3512	34.3248	34.2548	34.2302	34.1655	34.0951	34.1434	34.0417	34.0192	34.0063	33.9592	33.8652	33.9011	33.798	33.7512	33.7309	33.7128	33.6196	33.6612	33.5977	33.4789	33.438	33.4589	33.38	33.3756	33.2538	33.291	33.2774	33.1844	33.0996	33.0978	33.1099	32.9412	32.967	32.8904	32.8748	32.9537	32.8667	32.7361	32.6917	32.721	32.7575	32.6398	32.5489	32.5758	32.5326	32.4729	32.443	32.419	32.3544	32.3284	32.3094	32.2556	32.2455	32.1326	32.0774	32.1563	32.0959	32.088	32.1586	31.9855	31.9991	31.964	31.9512	31.9042	31.7667	31.8164	31.674	31.6869	31.6911	31.5767	31.4591	31.3647	31.3485	31.2644	31.2389	31.2732	31.3512	31.3995	31.1587	31.1827	31.5534	31.7195	32.4326	35.2884
Tzo-AMvi_012_Ex1_L4_clmp.r1r2_fastp	35.803	35.88	36.0194	36.0535	36.1042	36.1208	36.0915	36.0616	36.0141	36.0605	36.0213	35.9868	35.9822	35.9761	35.9706	35.952	35.9581	35.9213	35.8899	35.8454	35.8591	35.8531	35.7909	35.8039	35.752	35.6432	35.6048	35.5685	35.5428	35.5244	35.4729	35.4587	35.4752	35.4194	35.3803	35.3081	35.299	35.3098	35.25	35.2623	35.1913	35.2021	35.1105	35.1097	35.0542	35.0203	34.9965	34.9935	34.9301	34.9247	34.8816	34.8686	34.8049	34.7501	34.725	34.6965	34.6299	34.6218	34.6003	34.5666	34.4714	34.4688	34.3981	34.4	34.366	34.3231	34.2548	34.1983	34.1663	34.1087	34.0462	34.0925	34.0049	33.9795	33.9674	33.8969	33.8171	33.8418	33.739	33.701	33.6816	33.6553	33.5852	33.6258	33.5663	33.4478	33.4037	33.42	33.359	33.3425	33.2152	33.2728	33.2598	33.1703	33.0846	33.1017	33.0998	32.945	32.9471	32.8831	32.8862	32.9629	32.8619	32.7548	32.7272	32.7371	32.7549	32.6327	32.5707	32.5703	32.5269	32.4736	32.4344	32.4433	32.3544	32.3564	32.3384	32.306	32.2727	32.2064	32.1332	32.2138	32.1038	32.1154	32.1603	32.0182	31.9952	32.0428	32.017	31.9787	31.8532	31.8916	31.7788	31.7736	31.7507	31.6524	31.5149	31.4476	31.442	31.4118	31.3429	31.3798	31.5018	31.5089	31.2775	31.3062	31.6264	31.8411	32.5208	35.3187
Tzo-AMvi_013_Ex1_L4_clmp.r1r2_fastp	35.7136	35.8185	35.9747	36.0092	36.0688	36.0801	36.0608	36.0251	35.9993	36.043	35.9983	35.9623	35.9439	35.9366	35.9307	35.9081	35.9248	35.8956	35.8554	35.8063	35.8257	35.8238	35.7592	35.7736	35.7026	35.6062	35.5637	35.5324	35.5084	35.4945	35.4351	35.4312	35.4434	35.3904	35.3528	35.2682	35.2677	35.2833	35.224	35.2276	35.1539	35.1727	35.0947	35.0892	35.028	35.0157	34.9815	34.9963	34.9186	34.918	34.8619	34.8546	34.7949	34.7425	34.7242	34.6955	34.6402	34.6176	34.5917	34.5582	34.4674	34.4695	34.407	34.3949	34.3624	34.3202	34.2697	34.2038	34.1763	34.1223	34.0583	34.1011	34.002	33.9996	33.978	33.9275	33.8487	33.8516	33.7636	33.7271	33.7059	33.6995	33.6245	33.6586	33.5887	33.4885	33.4546	33.467	33.4087	33.3922	33.2831	33.3316	33.314	33.2255	33.1314	33.1511	33.1877	33.035	33.0342	32.9729	32.9727	33.0444	32.9454	32.8328	32.8204	32.8195	32.8345	32.7373	32.6763	32.6937	32.6462	32.6054	32.5912	32.5838	32.4725	32.4926	32.4846	32.4383	32.4213	32.3578	32.2789	32.3776	32.2919	32.3137	32.3637	32.1915	32.2199	32.2585	32.1956	32.1475	32.0364	32.0736	31.9596	31.979	31.9339	31.8604	31.7086	31.6686	31.6655	31.6177	31.5494	31.5806	31.7027	31.7738	31.4753	31.5431	31.8571	32.024	32.6843	35.362
Tzo-AMvi_014_Ex1_L4_clmp.r1r2_fastp	35.3696	35.6474	35.8235	35.9035	35.9715	35.9931	35.9873	35.9586	35.9445	35.9713	35.9359	35.9035	35.8792	35.8779	35.8625	35.8485	35.8527	35.8191	35.7836	35.7393	35.7544	35.7632	35.6805	35.7073	35.6438	35.5315	35.5013	35.4614	35.4075	35.4182	35.3435	35.332	35.3499	35.2966	35.2518	35.1871	35.161	35.1923	35.1214	35.1218	35.0579	35.088	34.995	35.0058	34.9343	34.9184	34.8805	34.8936	34.8093	34.8163	34.7604	34.7591	34.7002	34.6625	34.6179	34.5912	34.5426	34.5418	34.5134	34.4905	34.4119	34.3871	34.3327	34.3108	34.2598	34.2561	34.178	34.1413	34.0631	34.0616	33.9904	34.0039	33.9157	33.8882	33.8848	33.8335	33.7621	33.8265	33.699	33.6802	33.6273	33.6387	33.5517	33.6263	33.541	33.4591	33.4199	33.417	33.3807	33.337	33.2227	33.2761	33.2655	33.2162	33.12	33.0953	33.1475	33.0371	33.0277	33.0047	32.9989	33.0467	32.9746	32.8352	32.8294	32.8387	32.8598	32.734	32.677	32.7617	32.6776	32.6347	32.6215	32.554	32.5369	32.5536	32.5477	32.5264	32.4821	32.425	32.3664	32.4707	32.3164	32.3743	32.4029	32.2636	32.2928	32.3436	32.3296	32.3202	32.2142	32.2713	32.1729	32.158	32.1741	32.0762	31.9231	31.904	31.8591	31.847	31.8111	31.8928	31.9742	32.0169	31.8205	31.8389	32.2458	32.3405	32.9608	35.4399
Tzo-AMvi_015_Ex1_L4_clmp.r1r2_fastp	35.5574	35.7374	35.9222	35.9703	36.0411	36.064	36.05	36.0205	36.0001	36.0429	36.0018	35.9593	35.9517	35.9411	35.9332	35.9195	35.9266	35.9006	35.8673	35.8149	35.8366	35.8263	35.7639	35.7747	35.7124	35.6215	35.5784	35.5468	35.5153	35.4904	35.432	35.4285	35.4464	35.3777	35.348	35.2633	35.2675	35.2876	35.2208	35.2214	35.1469	35.1636	35.086	35.0799	35.0298	34.9927	34.9763	34.978	34.9144	34.906	34.8622	34.8419	34.7842	34.737	34.7156	34.6918	34.635	34.6289	34.6054	34.5814	34.4791	34.4635	34.4039	34.3965	34.3662	34.3336	34.2651	34.2193	34.1894	34.1326	34.0691	34.111	34.0251	33.9867	33.9885	33.9275	33.8542	33.875	33.7673	33.7257	33.7052	33.7055	33.6354	33.6622	33.5947	33.4849	33.4318	33.4599	33.4045	33.3996	33.2728	33.3189	33.3067	33.2246	33.137	33.1479	33.1803	33.0168	33.0088	32.9704	32.9495	33.0318	32.9345	32.8258	32.8171	32.8343	32.8648	32.7305	32.6589	32.7001	32.6537	32.5905	32.5842	32.5966	32.4756	32.4938	32.4763	32.4297	32.3929	32.3494	32.2585	32.3708	32.2585	32.2797	32.3175	32.1691	32.1593	32.196	32.1854	32.1491	31.9851	32.0503	31.941	31.9566	31.9177	31.8503	31.7006	31.6533	31.6405	31.6087	31.53	31.5606	31.6961	31.7343	31.4577	31.5174	31.8457	31.9867	32.6561	35.3469
Tzo-AMvi_016_Ex1_L4_clmp.r1r2_fastp	35.6587	35.7903	35.9499	35.9959	36.053	36.0694	36.0534	36.0253	35.9917	36.0488	35.9924	35.9536	35.9447	35.9339	35.9265	35.9077	35.9227	35.8913	35.8533	35.7971	35.8187	35.8101	35.7472	35.7577	35.6897	35.5899	35.544	35.5055	35.4856	35.4686	35.4033	35.4055	35.4049	35.3494	35.3048	35.2196	35.2114	35.2317	35.1544	35.1769	35.0924	35.1154	35.0182	35.0124	34.9532	34.9342	34.9063	34.9205	34.831	34.8255	34.7635	34.7582	34.6845	34.6411	34.6115	34.6032	34.51	34.5192	34.4827	34.459	34.3452	34.3387	34.2693	34.2855	34.2175	34.203	34.129	34.0919	34.0378	34.005	33.902	33.9748	33.8726	33.8568	33.8334	33.7934	33.6857	33.7436	33.6185	33.585	33.5503	33.5614	33.4725	33.5221	33.4514	33.3337	33.2912	33.3236	33.235	33.2377	33.1069	33.1594	33.1567	33.0723	32.9781	32.9929	33.0148	32.861	32.8675	32.7955	32.7895	32.8774	32.7865	32.6531	32.64	32.6397	32.6727	32.5576	32.5066	32.5035	32.4684	32.4252	32.4108	32.4203	32.3105	32.3031	32.2932	32.255	32.2167	32.16	32.1056	32.2066	32.087	32.1079	32.1416	32.0365	31.9763	32.0375	32.0252	31.9952	31.8485	31.9072	31.7793	31.7555	31.7477	31.6406	31.5462	31.4624	31.4595	31.4049	31.3938	31.3948	31.546	31.5655	31.3157	31.3505	31.7344	31.9066	32.6073	35.3316
Tzo-AMvi_017_Ex1_L4_clmp.r1r2_fastp	35.7955	35.8719	36.0249	36.0557	36.1147	36.1204	36.1021	36.0736	36.0385	36.0848	36.0346	36.0009	35.9797	35.9732	35.9642	35.9494	35.9553	35.9278	35.8898	35.8313	35.8561	35.8413	35.7883	35.8047	35.7339	35.638	35.595	35.5578	35.5366	35.5205	35.4581	35.4474	35.4602	35.3995	35.3546	35.2804	35.2652	35.2702	35.2126	35.2125	35.1353	35.1521	35.0634	35.0622	35.0176	34.9818	34.9588	34.9488	34.8899	34.866	34.8143	34.7932	34.7248	34.6911	34.6413	34.6272	34.574	34.5623	34.5317	34.4815	34.383	34.3735	34.2998	34.301	34.2548	34.2228	34.1631	34.0954	34.0717	34.0007	33.9335	33.9611	33.8877	33.8406	33.8511	33.78	33.7057	33.7228	33.6391	33.5919	33.5628	33.5603	33.4779	33.5266	33.4453	33.3215	33.2777	33.3113	33.2512	33.2423	33.0997	33.1706	33.1408	33.0494	32.9489	32.9807	33.0054	32.8566	32.8631	32.7985	32.7868	32.8789	32.7716	32.6626	32.6379	32.6485	32.6395	32.52	32.4851	32.4949	32.4726	32.4124	32.3833	32.3649	32.2538	32.2788	32.2508	32.2301	32.1754	32.1306	32.0745	32.1671	32.0514	32.0527	32.0829	31.9429	31.9496	31.9766	31.9496	31.9111	31.7685	31.8044	31.7072	31.7002	31.671	31.6052	31.4439	31.3954	31.3859	31.2908	31.2559	31.2771	31.4051	31.4862	31.1684	31.2644	31.5767	31.7613	32.5059	35.2969
Tzo-AMvi_018_Ex1_L4_clmp.r1r2_fastp	35.7997	35.8542	35.9953	36.032	36.0825	36.098	36.0741	36.0534	36.0107	36.059	36.0071	35.9741	35.9569	35.9488	35.9403	35.9256	35.9332	35.8955	35.8661	35.8058	35.8272	35.827	35.7577	35.78	35.7006	35.6196	35.5643	35.5313	35.5172	35.4799	35.408	35.4024	35.4054	35.365	35.3138	35.2454	35.2255	35.2405	35.1673	35.1868	35.0881	35.1097	35.0192	35.0195	34.9563	34.9336	34.8916	34.9002	34.8146	34.8266	34.7272	34.7375	34.6672	34.6245	34.5709	34.5627	34.4794	34.4881	34.4296	34.4213	34.3017	34.3107	34.2087	34.2427	34.1625	34.1438	34.0728	34.0413	33.9805	33.9486	33.8444	33.9043	33.7867	33.7815	33.7213	33.7009	33.5917	33.6501	33.5365	33.4929	33.4719	33.4524	33.377	33.4278	33.3326	33.2412	33.187	33.2026	33.1209	33.1271	32.9753	33.064	33.0072	32.9525	32.8293	32.8575	32.8524	32.744	32.7142	32.6612	32.611	32.7122	32.5895	32.5037	32.47	32.4756	32.4922	32.402	32.3144	32.3564	32.3048	32.2712	32.1848	32.2089	32.1045	32.1145	32.0965	32.0865	32.0275	31.9737	31.8843	31.9815	31.8916	31.9053	31.9338	31.7699	31.7829	31.7752	31.7483	31.7164	31.5915	31.6403	31.5314	31.4992	31.4568	31.3657	31.2614	31.1535	31.1803	31.1196	31.0373	31.0905	31.1928	31.248	31.015	31.0868	31.405	31.6589	32.3899	35.2831
Tzo-AMvi_019_Ex1_L4_clmp.r1r2_fastp	35.7188	35.8079	35.9571	35.9967	36.0539	36.0786	36.0525	36.0203	35.9901	36.0367	35.9814	35.9471	35.9278	35.9262	35.9183	35.897	35.9099	35.8828	35.8417	35.7899	35.8133	35.8082	35.7488	35.7629	35.6966	35.6049	35.5521	35.5298	35.4923	35.4745	35.4256	35.4269	35.4211	35.3737	35.3372	35.2653	35.2673	35.2657	35.219	35.2303	35.154	35.1563	35.088	35.0843	35.0353	35.0053	34.9728	34.9636	34.9127	34.9149	34.8471	34.8296	34.7655	34.7287	34.6991	34.6905	34.6288	34.6226	34.5829	34.5584	34.4737	34.4648	34.3919	34.3959	34.3524	34.3337	34.2747	34.2326	34.19	34.1399	34.0553	34.1295	34.0071	33.9927	33.9948	33.9427	33.8579	33.9031	33.8115	33.7638	33.7454	33.7509	33.6604	33.7339	33.6511	33.5479	33.5091	33.5513	33.4669	33.4575	33.3442	33.4245	33.4025	33.3043	33.2034	33.2181	33.27	33.1077	33.1215	33.0567	33.0734	33.1447	33.0313	32.9271	32.9071	32.9231	32.9429	32.8429	32.7847	32.7928	32.7737	32.725	32.7113	32.691	32.5975	32.5979	32.6288	32.5854	32.5274	32.5118	32.4344	32.502	32.4116	32.4291	32.479	32.3476	32.3537	32.4036	32.3746	32.3528	32.2388	32.2915	32.1626	32.1558	32.1121	32.0649	31.9226	31.8917	31.8776	31.8324	31.831	31.835	31.9216	32.0441	31.7346	31.7995	32.1293	32.2714	32.9092	35.4273
Tzo-AMvi_020_Ex1_L4_clmp.r1r2_fastp	35.753	35.8321	35.9817	36.0136	36.0672	36.0757	36.065	36.0318	35.9979	36.0423	35.9911	35.9587	35.9442	35.9318	35.924	35.908	35.9182	35.8843	35.851	35.8036	35.8278	35.8128	35.7448	35.7645	35.698	35.5962	35.551	35.5174	35.5037	35.4815	35.4232	35.4068	35.4157	35.3529	35.3325	35.2453	35.2456	35.2741	35.2001	35.2136	35.1384	35.1494	35.0679	35.0667	35.0178	34.9875	34.9826	34.9685	34.9196	34.8995	34.8328	34.834	34.7919	34.7423	34.7095	34.683	34.638	34.6232	34.5898	34.5595	34.4827	34.4553	34.3978	34.3877	34.3656	34.3213	34.2686	34.2257	34.2024	34.1326	34.0749	34.1139	34.0351	34.012	33.9956	33.934	33.8552	33.888	33.8082	33.7321	33.7543	33.725	33.6423	33.6945	33.6581	33.5079	33.491	33.4905	33.4559	33.4332	33.3334	33.3674	33.3575	33.2679	33.182	33.1712	33.2137	33.0703	33.0828	33.0208	33.0165	33.097	33.0136	32.8974	32.876	32.8854	32.8781	32.7591	32.7127	32.7423	32.7034	32.6775	32.6596	32.6381	32.5373	32.547	32.5526	32.514	32.5006	32.411	32.3666	32.4461	32.3488	32.3989	32.4058	32.2677	32.2512	32.2692	32.2744	32.2348	32.0881	32.1655	32.0604	32.0628	32.0197	31.9335	31.8258	31.7775	31.7352	31.6849	31.6176	31.6353	31.7857	31.8299	31.5746	31.6296	31.9241	32.1163	32.7803	35.3856
Tzo-AMvi_021_Ex1_L4_clmp.r1r2_fastp	35.7541	35.8288	35.9833	36.0158	36.074	36.0876	36.0709	36.0358	36.0062	36.0523	36.005	35.9648	35.9553	35.941	35.9271	35.9121	35.9234	35.8964	35.8603	35.8069	35.8241	35.8285	35.7636	35.7772	35.7105	35.6145	35.5776	35.5382	35.5157	35.4909	35.4401	35.4228	35.4398	35.3777	35.3404	35.258	35.2606	35.2764	35.2142	35.2125	35.1392	35.1618	35.0851	35.0772	35.0268	35.0012	34.9868	34.9682	34.9215	34.8921	34.8643	34.8469	34.7866	34.7429	34.7095	34.6822	34.6399	34.6271	34.609	34.5628	34.4902	34.4886	34.3996	34.4013	34.3698	34.324	34.2782	34.2122	34.192	34.1456	34.0811	34.0999	34.034	34.0065	34.0207	33.9575	33.8895	33.9037	33.8145	33.7715	33.7386	33.7399	33.6201	33.7053	33.627	33.5208	33.4966	33.4963	33.471	33.4516	33.3353	33.3943	33.3831	33.3125	33.2073	33.2155	33.2271	33.0825	33.1215	33.0405	33.0418	33.125	33.0339	32.9206	32.9007	32.8944	32.9335	32.7831	32.7506	32.7596	32.7662	32.6992	32.6742	32.6734	32.5953	32.5751	32.5765	32.5502	32.5601	32.4683	32.3881	32.4956	32.3889	32.4102	32.4411	32.3092	32.3155	32.3479	32.3153	32.2947	32.1509	32.1932	32.0721	32.0946	32.0891	32.027	31.9019	31.8515	31.8124	31.8008	31.6689	31.7637	31.8684	31.8662	31.6761	31.7194	32.038	32.1763	32.8053	35.4019
Tzo-AMvi_022_Ex1_L4_clmp.r1r2_fastp	35.76	35.8566	36.0064	36.0329	36.0933	36.1047	36.0899	36.0609	36.0226	36.0723	36.0265	35.9914	35.9742	35.9632	35.9557	35.943	35.9484	35.9222	35.8925	35.8325	35.8484	35.8469	35.7917	35.8056	35.7384	35.6272	35.5922	35.5722	35.5493	35.5319	35.4606	35.4659	35.4727	35.4117	35.3751	35.2991	35.2774	35.3059	35.2381	35.2538	35.1837	35.1942	35.1085	35.1191	35.0575	35.0273	35.0314	35.0085	34.9487	34.947	34.8893	34.872	34.82	34.7806	34.7622	34.723	34.6485	34.6582	34.6513	34.5971	34.5084	34.4988	34.4397	34.4257	34.4095	34.3596	34.3096	34.2695	34.2316	34.1901	34.1288	34.1772	34.0804	34.0653	34.0526	34.0021	33.9259	33.9525	33.8788	33.8224	33.8076	33.7971	33.7133	33.7792	33.7241	33.6036	33.5571	33.5839	33.5196	33.5125	33.387	33.4635	33.4263	33.3609	33.2716	33.2855	33.3071	33.1699	33.1727	33.1284	33.1142	33.193	33.1082	32.9877	32.9783	32.9995	33.0076	32.88	32.8442	32.8531	32.8173	32.7773	32.7533	32.7595	32.6394	32.6509	32.6294	32.5968	32.586	32.5121	32.4546	32.5567	32.4727	32.4946	32.5234	32.4167	32.397	32.4211	32.4249	32.381	32.2443	32.3103	32.2048	32.1896	32.1976	32.1268	31.9896	31.9346	31.9377	31.8725	31.8088	31.8495	31.9945	32.0463	31.7914	31.8349	32.128	32.3169	32.9411	35.4364
Tzo-AMvi_023_Ex1_L4_clmp.r1r2_fastp	35.7878	35.8559	36.008	36.0366	36.0915	36.108	36.0863	36.0503	36.0221	36.0648	36.0256	35.9906	35.9691	35.969	35.9537	35.9366	35.953	35.9264	35.8861	35.8358	35.8636	35.8489	35.7853	35.7975	35.7399	35.6314	35.5885	35.5706	35.5395	35.5298	35.4676	35.4583	35.4687	35.409	35.3731	35.3017	35.2878	35.2996	35.2385	35.2566	35.1734	35.1959	35.1019	35.1023	35.0501	35.023	35.0129	35.0063	34.9475	34.9348	34.8721	34.8798	34.8175	34.7698	34.7511	34.7175	34.6602	34.6455	34.624	34.5848	34.4865	34.4783	34.4141	34.428	34.3917	34.3414	34.285	34.2219	34.1997	34.1531	34.0734	34.1304	34.0338	34.0092	34.0096	33.9389	33.8556	33.9039	33.7934	33.7221	33.7328	33.7073	33.6407	33.684	33.6233	33.5075	33.4612	33.4686	33.4062	33.4011	33.2637	33.3176	33.2935	33.2087	33.127	33.1381	33.1564	33.0015	33.0072	32.9448	32.9301	33.0106	32.9166	32.7924	32.7445	32.7612	32.79	32.6677	32.6134	32.6257	32.5774	32.5384	32.517	32.5014	32.4056	32.4161	32.4122	32.3504	32.3268	32.263	32.1877	32.2616	32.1569	32.2045	32.229	32.0971	32.0672	32.104	32.0622	32.0364	31.908	31.9538	31.8533	31.8295	31.823	31.7266	31.5962	31.5471	31.5464	31.4735	31.3896	31.4522	31.562	31.5865	31.299	31.3795	31.699	31.8573	32.5361	35.3241
Tzo-AMvi_024_Ex1_L4_clmp.r1r2_fastp	35.7334	35.8441	35.9907	36.0222	36.068	36.0884	36.0671	36.0367	36.0017	36.0518	36.0001	35.9706	35.9545	35.9391	35.937	35.9179	35.9244	35.8929	35.8615	35.8033	35.8209	35.8117	35.7465	35.7571	35.6898	35.5891	35.5526	35.5165	35.4918	35.4687	35.4098	35.4009	35.4189	35.366	35.3164	35.2388	35.2362	35.2444	35.1895	35.1836	35.1168	35.1255	35.0329	35.035	34.98	34.9551	34.9315	34.9246	34.8684	34.8497	34.8002	34.7919	34.7483	34.6764	34.6504	34.6347	34.5728	34.5656	34.5461	34.5054	34.4151	34.3979	34.3278	34.3289	34.2985	34.2433	34.2134	34.1506	34.1424	34.0674	34.0093	34.0564	33.966	33.9248	33.9443	33.8742	33.7846	33.818	33.731	33.6534	33.6552	33.633	33.565	33.6034	33.5559	33.4349	33.3906	33.4153	33.3406	33.3314	33.2032	33.2496	33.2334	33.1513	33.0563	33.0531	33.0725	32.9367	32.9484	32.8647	32.8595	32.9532	32.8434	32.7399	32.6897	32.6971	32.7207	32.6128	32.5321	32.5506	32.5419	32.4464	32.4379	32.4454	32.3481	32.341	32.3191	32.2846	32.2656	32.1863	32.1162	32.1954	32.1026	32.1223	32.1533	32.008	32.0178	32.0205	32.0004	31.9714	31.8385	31.8901	31.7809	31.771	31.7581	31.695	31.5258	31.4712	31.4843	31.449	31.341	31.4016	31.5089	31.5447	31.2918	31.3317	31.6339	31.8366	32.5164	35.3137
Tzo-AMvi_025_Ex1_L4_clmp.r1r2_fastp	35.8073	35.8775	36.0178	36.0482	36.1136	36.1247	36.1009	36.0716	36.0378	36.0882	36.0354	36.0072	35.9954	35.987	35.9847	35.9653	35.9696	35.9473	35.9118	35.8556	35.8825	35.8681	35.8045	35.823	35.7528	35.6568	35.6177	35.5862	35.5574	35.5348	35.4802	35.4722	35.4824	35.4301	35.3969	35.3208	35.3104	35.3335	35.2707	35.2747	35.1961	35.2159	35.1343	35.1232	35.0786	35.0448	35.0435	35.0283	34.9689	34.956	34.9144	34.9031	34.8393	34.7834	34.7618	34.7304	34.6735	34.6724	34.6408	34.603	34.5098	34.4929	34.4376	34.4301	34.3988	34.3501	34.3035	34.2419	34.2089	34.1564	34.0976	34.1323	34.0326	34.0052	33.9992	33.933	33.8679	33.881	33.7768	33.73	33.7127	33.7001	33.6178	33.6429	33.5889	33.4727	33.4339	33.4551	33.4002	33.3901	33.2619	33.3138	33.2789	33.2061	33.1089	33.1146	33.1304	33.0012	33.0152	32.9458	32.929	33.0112	32.9171	32.7973	32.7553	32.7811	32.8054	32.6568	32.6321	32.6436	32.6231	32.5584	32.5118	32.5025	32.4124	32.4109	32.3817	32.3632	32.3434	32.2775	32.1881	32.284	32.1928	32.2014	32.2212	32.0698	32.075	32.0955	32.0361	32.0038	31.9089	31.9548	31.8237	31.8185	31.793	31.6966	31.5665	31.4952	31.442	31.4061	31.3232	31.3974	31.4979	31.5263	31.2724	31.3245	31.65	31.8241	32.5195	35.306
Tzo-AMvi_026_Ex1_L4_clmp.r1r2_fastp	35.7431	35.8391	35.9873	36.0212	36.0749	36.093	36.0671	36.0352	35.9991	36.0403	35.9941	35.9581	35.9462	35.9534	35.9505	35.9251	35.9272	35.9013	35.8675	35.8093	35.8373	35.8339	35.7677	35.7825	35.7206	35.6114	35.5763	35.5435	35.5259	35.5024	35.4479	35.4411	35.4579	35.3979	35.3598	35.2961	35.2857	35.2987	35.2444	35.2538	35.1874	35.1946	35.1113	35.1169	35.0672	35.0284	35.0062	35.0111	34.9526	34.9429	34.8955	34.8907	34.8235	34.776	34.7525	34.7289	34.6541	34.6328	34.6205	34.5888	34.4954	34.4892	34.4094	34.422	34.3796	34.3477	34.285	34.2265	34.1882	34.1546	34.0806	34.1261	34.0199	34.0161	34.0047	33.9542	33.8676	33.8696	33.785	33.7333	33.7235	33.7083	33.631	33.6843	33.6121	33.531	33.4655	33.4772	33.3961	33.3922	33.2774	33.3433	33.3246	33.2589	33.1497	33.1625	33.2076	33.0635	33.0471	33.0199	32.9915	33.0752	33.0032	32.8964	32.8683	32.8808	32.9058	32.8064	32.7288	32.7483	32.7003	32.6535	32.6275	32.6146	32.5438	32.5571	32.5598	32.512	32.4954	32.415	32.3425	32.4349	32.3543	32.3378	32.4019	32.2785	32.2618	32.2819	32.2628	32.2518	32.0961	32.1688	32.0329	32.0297	32.0244	31.952	31.8018	31.7137	31.7418	31.6713	31.6275	31.6183	31.7805	31.8242	31.5901	31.6067	31.9443	32.0816	32.7896	35.3825
Tzo-AMvi_027_Ex1_L4_clmp.r1r2_fastp	35.7315	35.8369	35.9897	36.0333	36.0959	36.1095	36.0912	36.0577	36.026	36.0705	36.0298	35.9976	35.978	35.9726	35.9701	35.9492	35.9544	35.9317	35.8983	35.8428	35.8672	35.8595	35.7943	35.8108	35.7475	35.6497	35.6142	35.5843	35.5533	35.5273	35.4841	35.4678	35.4792	35.4292	35.3917	35.319	35.3107	35.3231	35.2589	35.263	35.1955	35.2146	35.1297	35.1235	35.0763	35.0383	35.0341	35.0226	34.9583	34.951	34.9055	34.8816	34.8239	34.776	34.7351	34.717	34.6642	34.6539	34.6244	34.5907	34.5065	34.5006	34.4257	34.4172	34.3842	34.3416	34.3005	34.2371	34.2085	34.1561	34.0936	34.1206	34.0322	34.0166	33.9915	33.943	33.8618	33.89	33.8049	33.7481	33.7459	33.7222	33.6374	33.6959	33.6247	33.5174	33.4763	33.4965	33.4383	33.4126	33.2972	33.3541	33.343	33.252	33.1654	33.1736	33.1902	33.0527	33.0514	32.9925	32.9831	33.0609	32.9432	32.8542	32.8274	32.8341	32.8766	32.7248	32.6684	32.6951	32.6606	32.5876	32.559	32.5659	32.4663	32.4732	32.4798	32.4315	32.3984	32.3216	32.2784	32.3457	32.2719	32.2822	32.3453	32.2011	32.1762	32.2257	32.1853	32.1499	31.9939	32.0656	31.9494	31.9573	31.9267	31.8253	31.7141	31.6453	31.6278	31.5848	31.5199	31.5683	31.6768	31.7523	31.4627	31.5291	31.8417	32.0017	32.6876	35.3636
Tzo-AMvi_028_Ex1_L4_clmp.r1r2_fastp	35.7565	35.8564	36.0135	36.0501	36.1032	36.1229	36.1004	36.0649	36.0299	36.0703	36.0293	35.9971	35.9845	35.9855	35.9785	35.9552	35.9599	35.9315	35.9003	35.8443	35.8659	35.8564	35.7948	35.8007	35.7393	35.6396	35.5953	35.5637	35.5394	35.5182	35.4623	35.4527	35.4659	35.4007	35.3701	35.2979	35.2774	35.2933	35.234	35.2448	35.1705	35.1737	35.0961	35.0875	35.0349	35.002	34.9804	34.978	34.9154	34.9136	34.8594	34.8487	34.7833	34.7392	34.7173	34.6845	34.6193	34.609	34.5751	34.5475	34.4543	34.4575	34.3843	34.3756	34.3315	34.3016	34.2394	34.1792	34.1434	34.0818	34.0169	34.0666	33.9733	33.942	33.9358	33.8706	33.777	33.8031	33.6877	33.6492	33.6437	33.635	33.5546	33.5927	33.5222	33.4131	33.3667	33.3764	33.309	33.2887	33.1618	33.2265	33.2134	33.1278	33.0277	33.0485	33.0678	32.9204	32.9246	32.8389	32.8377	32.9201	32.8332	32.7376	32.6805	32.6909	32.7405	32.6118	32.5361	32.5384	32.479	32.4475	32.4196	32.4209	32.3296	32.342	32.3335	32.2714	32.284	32.1789	32.1093	32.2099	32.1188	32.1432	32.1362	32.0116	32.0174	32.0267	32.0203	31.9682	31.8323	31.8653	31.724	31.7442	31.7243	31.6151	31.459	31.4133	31.4146	31.3409	31.2672	31.3188	31.4668	31.4913	31.2356	31.2665	31.6084	31.8274	32.5552	35.3105
Tzo-AMvi_029_Ex1_L4_clmp.r1r2_fastp	35.8467	35.8678	36.013	36.0484	36.0988	36.1187	36.0882	36.0582	36.0225	36.0749	36.0215	35.9949	35.9809	35.9721	35.9686	35.9485	35.9631	35.9325	35.9007	35.8367	35.8694	35.8592	35.8004	35.8094	35.756	35.658	35.6178	35.5821	35.5635	35.5412	35.4869	35.4834	35.4941	35.44	35.4049	35.3319	35.3276	35.3396	35.286	35.2901	35.2144	35.2246	35.1519	35.1441	35.0889	35.069	35.0659	35.0531	34.992	34.9812	34.9389	34.9234	34.868	34.8085	34.7928	34.7733	34.7163	34.7219	34.6834	34.649	34.5583	34.5627	34.4665	34.4785	34.4454	34.3911	34.3428	34.2895	34.2599	34.2146	34.1263	34.1875	34.0841	34.0529	34.0413	33.9994	33.8869	33.928	33.8173	33.7902	33.7542	33.7511	33.6481	33.7118	33.6393	33.5323	33.4907	33.528	33.4528	33.4658	33.3212	33.3854	33.3553	33.2669	33.1928	33.2076	33.2161	33.0872	33.0834	33.0346	32.9985	33.077	32.9905	32.8972	32.8659	32.8436	32.8698	32.7754	32.7261	32.73	32.7122	32.658	32.6174	32.6193	32.5422	32.5273	32.525	32.4996	32.4677	32.3885	32.2941	32.3888	32.2901	32.2887	32.3637	32.196	32.1549	32.2077	32.2148	32.1739	32.0148	32.0578	31.9235	31.9352	31.9109	31.8066	31.6938	31.5909	31.6034	31.5378	31.4825	31.5086	31.6253	31.6841	31.4295	31.4284	31.7441	31.9355	32.6207	35.3657
Tzo-AMvi_030_Ex1_L4_clmp.r1r2_fastp	35.8199	35.8684	36.0153	36.0493	36.1056	36.1166	36.0884	36.0572	36.0214	36.0646	36.0142	35.975	35.9693	35.9693	35.9623	35.9363	35.9468	35.9114	35.8732	35.8231	35.8467	35.8335	35.7745	35.7879	35.7228	35.6318	35.5875	35.552	35.5245	35.5061	35.4394	35.4253	35.4438	35.3782	35.3443	35.2584	35.2554	35.2622	35.2035	35.2104	35.1323	35.1569	35.0734	35.0608	35.0059	34.9699	34.959	34.9535	34.884	34.8823	34.819	34.8144	34.7499	34.7112	34.6778	34.6432	34.5822	34.5789	34.5588	34.5152	34.4355	34.4369	34.3619	34.3528	34.3081	34.2752	34.2252	34.1655	34.1239	34.0734	33.9941	34.0636	33.9557	33.9364	33.9162	33.8633	33.7795	33.8094	33.7043	33.6582	33.6329	33.6331	33.5286	33.5832	33.525	33.4233	33.364	33.378	33.3109	33.3052	33.1682	33.2306	33.2224	33.1349	33.0509	33.0668	33.0591	32.906	32.9111	32.8563	32.8407	32.9377	32.8313	32.7628	32.6877	32.7174	32.7576	32.6173	32.5544	32.5656	32.5059	32.4537	32.4305	32.4117	32.341	32.3641	32.3275	32.2942	32.2675	32.2264	32.1148	32.2287	32.1205	32.1365	32.1741	32.0212	32.0128	32.0366	32.0033	31.9713	31.833	31.8987	31.759	31.7808	31.7437	31.6625	31.5046	31.455	31.4266	31.4089	31.3416	31.3689	31.4887	31.5366	31.2584	31.3115	31.6389	31.7978	32.5201	35.3083
Tzo-AMvi_031_Ex1_L4_clmp.r1r2_fastp	35.8884	35.925	36.0561	36.0848	36.1399	36.151	36.1359	36.0981	36.0692	36.1135	36.0692	36.0358	36.0251	36.013	36.0141	35.9934	36.0013	35.9774	35.9452	35.8913	35.9157	35.9033	35.8436	35.8566	35.7955	35.6984	35.6691	35.6232	35.6005	35.5908	35.5332	35.5165	35.529	35.4771	35.4427	35.3674	35.3659	35.378	35.3195	35.336	35.2562	35.2735	35.1834	35.1747	35.1305	35.1098	35.0938	35.0792	35.0143	35.0112	34.9541	34.9448	34.8868	34.8419	34.8235	34.7998	34.7434	34.7278	34.7113	34.6791	34.5772	34.575	34.5094	34.518	34.4672	34.4303	34.3851	34.3245	34.2928	34.245	34.175	34.2133	34.1315	34.1194	34.0834	34.0237	33.9433	33.9685	33.8748	33.8149	33.8169	33.7902	33.7237	33.7577	33.6888	33.585	33.5358	33.5396	33.4891	33.489	33.3528	33.4026	33.3755	33.307	33.2224	33.2138	33.2482	33.0997	33.0951	33.0469	33.0301	33.1047	33.013	32.8977	32.851	32.8683	32.9065	32.7783	32.7123	32.7427	32.7229	32.6449	32.601	32.5962	32.5058	32.5243	32.5132	32.4551	32.4342	32.3667	32.2747	32.3863	32.2715	32.2948	32.3382	32.1805	32.179	32.1947	32.1849	32.1513	32.0175	32.0423	31.9381	31.9307	31.9041	31.8223	31.6804	31.6014	31.572	31.5515	31.4672	31.4887	31.615	31.6529	31.3809	31.4296	31.7706	31.9459	32.6509	35.353
Tzo-AMvi_032_Ex1_L4_clmp.r1r2_fastp	35.8679	35.9423	36.077	36.1018	36.1542	36.167	36.1511	36.1209	36.0868	36.1218	36.0848	36.0436	36.0417	36.0394	36.0281	36.0096	36.0035	35.9803	35.9478	35.888	35.9198	35.9107	35.8429	35.8527	35.7938	35.6848	35.6535	35.6278	35.6016	35.5747	35.5299	35.5064	35.5239	35.4621	35.4388	35.355	35.3514	35.3724	35.3091	35.313	35.25	35.2533	35.1849	35.1717	35.1123	35.0836	35.0703	35.0594	35.0138	34.9997	34.9448	34.9245	34.868	34.812	34.7984	34.777	34.7074	34.6937	34.669	34.6304	34.5385	34.5469	34.466	34.4605	34.4364	34.366	34.3376	34.2809	34.2482	34.1699	34.0957	34.1465	34.0613	34.0311	34.0383	33.963	33.865	33.8941	33.8042	33.7424	33.7128	33.6924	33.6118	33.6525	33.6082	33.4506	33.4317	33.4529	33.4048	33.3692	33.2335	33.2946	33.3029	33.1863	33.0956	33.1054	33.1281	32.9868	32.9924	32.8985	32.9072	32.9837	32.8791	32.8004	32.7649	32.7937	32.8153	32.6887	32.6202	32.6259	32.5878	32.5189	32.4939	32.4679	32.389	32.3779	32.397	32.3455	32.333	32.2609	32.1836	32.2755	32.1967	32.2049	32.2198	32.0831	32.0463	32.0748	32.0479	32.0053	31.901	31.9107	31.7917	31.797	31.799	31.6481	31.5399	31.4258	31.4339	31.3883	31.3271	31.3403	31.4942	31.4663	31.2685	31.2832	31.6204	31.854	32.5683	35.3181
Tzo-AMvi_033_Ex1_L4_clmp.r1r2_fastp	35.7946	35.8641	36.0127	36.0473	36.1058	36.1178	36.1019	36.0649	36.0374	36.083	36.0334	36.0038	35.9907	35.9855	35.9758	35.9544	35.9716	35.9346	35.9071	35.8595	35.8805	35.8727	35.8117	35.8267	35.7694	35.665	35.6408	35.5998	35.577	35.5677	35.5025	35.5078	35.5111	35.4613	35.429	35.3578	35.3445	35.3569	35.3064	35.3008	35.2216	35.2437	35.1794	35.1738	35.1282	35.1104	35.0942	35.0919	35.0247	35.0183	34.974	34.9671	34.9129	34.8581	34.8381	34.8366	34.7663	34.7756	34.7431	34.7075	34.6232	34.6158	34.5537	34.5436	34.5079	34.4801	34.4418	34.393	34.3501	34.2878	34.2248	34.2844	34.1924	34.1846	34.167	34.1208	34.0302	34.0608	33.9646	33.9174	33.913	33.9149	33.8093	33.8775	33.8264	33.7044	33.676	33.685	33.606	33.6067	33.4841	33.5411	33.5265	33.4637	33.3496	33.3846	33.4077	33.2856	33.2861	33.2148	33.2081	33.281	33.2139	33.0969	33.0468	33.0817	33.1253	32.986	32.9292	32.9644	32.9282	32.8642	32.8776	32.8369	32.777	32.7738	32.7563	32.7232	32.678	32.6107	32.5456	32.6731	32.5497	32.5937	32.6309	32.5006	32.4724	32.5162	32.5023	32.4766	32.3204	32.4091	32.2555	32.3206	32.3048	32.2063	32.0769	32.0302	32.0119	32.0031	31.9101	31.9461	32.0711	32.1426	31.8944	31.9146	32.2218	32.4064	32.9708	35.4619
Tzo-AMvi_034_Ex1_L4_clmp.r1r2_fastp	35.8389	35.9037	36.0515	36.0782	36.1302	36.1423	36.117	36.0841	36.0457	36.0927	36.0415	36.0064	36.0026	36.0011	35.9915	35.9787	35.978	35.9468	35.9114	35.8589	35.8878	35.8766	35.8161	35.8273	35.766	35.6682	35.6277	35.6018	35.5678	35.5546	35.495	35.4936	35.5039	35.4505	35.4144	35.3427	35.3422	35.3497	35.2891	35.3015	35.2266	35.244	35.1585	35.1467	35.1007	35.0715	35.0572	35.0479	34.9901	34.9978	34.9464	34.9293	34.8879	34.8326	34.8034	34.77	34.7219	34.7136	34.6828	34.649	34.548	34.5456	34.4778	34.4923	34.4523	34.4083	34.3522	34.2931	34.2684	34.2019	34.1522	34.1945	34.1239	34.092	34.0717	34.0242	33.934	33.9535	33.8434	33.7941	33.7812	33.7637	33.6937	33.7452	33.6875	33.5573	33.5235	33.5422	33.4622	33.4602	33.3168	33.3802	33.3833	33.3011	33.2021	33.2109	33.2422	33.1004	33.0994	33.0365	33.0199	33.11	33.0205	32.9077	32.8774	32.8984	32.9499	32.7998	32.7229	32.7585	32.7101	32.6368	32.6317	32.6402	32.5613	32.5476	32.5436	32.4923	32.4747	32.405	32.3239	32.4208	32.3277	32.3389	32.3782	32.2839	32.2167	32.2475	32.2413	32.1999	32.0856	32.11	31.9546	32.0015	31.9906	31.8773	31.7459	31.6828	31.6623	31.6591	31.5784	31.6284	31.7217	31.7782	31.5082	31.5618	31.8859	32.0611	32.7029	35.3701
Tzo-AMvi_035_Ex1_L4_clmp.r1r2_fastp	35.8047	35.8947	36.0243	36.0656	36.1199	36.1312	36.11	36.0748	36.0507	36.0859	36.0451	36.0142	36.0074	36.0007	35.9911	35.9755	35.9804	35.9421	35.9192	35.8648	35.8902	35.866	35.8104	35.8202	35.7536	35.6568	35.621	35.5922	35.5679	35.5363	35.4822	35.4753	35.4852	35.4177	35.3908	35.3047	35.3045	35.3121	35.2457	35.2596	35.1765	35.1929	35.1069	35.1115	35.0625	35.0295	35.0094	35.0088	34.9451	34.9183	34.8697	34.839	34.7881	34.7279	34.7072	34.6808	34.6274	34.6209	34.593	34.579	34.4568	34.4535	34.3924	34.378	34.343	34.3068	34.2709	34.1973	34.1578	34.1042	34.0399	34.0844	33.9789	33.9668	33.9814	33.9122	33.8373	33.8606	33.7427	33.7104	33.6782	33.6783	33.5948	33.6193	33.567	33.4535	33.4104	33.43	33.3859	33.3568	33.221	33.2744	33.2614	33.1681	33.0712	33.0863	33.1354	32.9593	32.9662	32.9121	32.8998	32.9647	32.8839	32.7605	32.7116	32.7161	32.7558	32.6329	32.5892	32.5674	32.5284	32.4839	32.4904	32.4526	32.3617	32.3851	32.3353	32.3254	32.3013	32.2284	32.174	32.244	32.1331	32.1458	32.1845	32.0351	32.0373	32.0471	32.0334	32.0051	31.8998	31.9466	31.7935	31.8451	31.8273	31.7158	31.5758	31.5127	31.4926	31.4835	31.3774	31.4796	31.5344	31.5851	31.3384	31.3752	31.7145	31.8882	32.5524	35.3288
Tzo-AMvi_036_Ex1_L4_clmp.r1r2_fastp	35.7171	35.8257	35.9754	36.019	36.0704	36.0901	36.0662	36.0347	36.0029	36.039	35.9893	35.9565	35.9483	35.9528	35.9364	35.9167	35.9227	35.8906	35.8534	35.8108	35.8354	35.8251	35.7673	35.7833	35.7218	35.6114	35.5628	35.5444	35.5168	35.4977	35.4472	35.4289	35.4525	35.3901	35.3443	35.2751	35.2769	35.2769	35.2132	35.2168	35.1571	35.1559	35.0821	35.084	35.0138	35.0007	34.9805	34.9658	34.8942	34.901	34.8657	34.8451	34.7838	34.738	34.7084	34.6791	34.6161	34.6061	34.588	34.5278	34.4548	34.4524	34.3814	34.3867	34.3521	34.2975	34.2449	34.2004	34.1653	34.1006	34.034	34.0807	34.0034	33.9764	33.9704	33.9169	33.8382	33.8521	33.7361	33.7097	33.7007	33.6693	33.603	33.6364	33.6042	33.4831	33.4425	33.4454	33.3805	33.3507	33.2083	33.2773	33.2547	33.1907	33.0991	33.1106	33.1511	32.9533	32.9952	32.9429	32.9414	33.0042	32.9032	32.8301	32.7749	32.7941	32.8198	32.6838	32.6091	32.6407	32.6126	32.542	32.5508	32.5113	32.4422	32.4701	32.4562	32.41	32.4111	32.3259	32.2524	32.3416	32.2412	32.2598	32.3197	32.1627	32.1529	32.2133	32.1889	32.1269	32.0025	32.0205	31.9089	31.9367	31.9379	31.8567	31.7499	31.6681	31.7054	31.622	31.5769	31.5854	31.6906	31.7947	31.5324	31.5755	31.94	32.1199	32.7361	35.373
Tzo-AMvi_037_Ex1_L4_clmp.r1r2_fastp	35.7694	35.8661	36.0119	36.0445	36.1095	36.1208	36.0998	36.0669	36.0358	36.0758	36.0367	35.9994	35.9859	35.986	35.973	35.9569	35.96	35.9327	35.8982	35.8505	35.8718	35.8602	35.7955	35.8103	35.7511	35.6556	35.6141	35.582	35.5517	35.539	35.478	35.4702	35.4843	35.4248	35.3885	35.318	35.307	35.3132	35.2548	35.258	35.1864	35.1899	35.1129	35.1037	35.0516	35.0265	35.0053	35.011	34.9366	34.9239	34.8693	34.8752	34.8011	34.754	34.7322	34.7071	34.6521	34.6359	34.613	34.5803	34.4883	34.4735	34.3967	34.4023	34.365	34.3214	34.2839	34.2229	34.1846	34.1194	34.0583	34.0875	33.9942	33.9639	33.9603	33.9146	33.818	33.8376	33.751	33.6933	33.6818	33.6613	33.5837	33.6087	33.5701	33.452	33.3999	33.429	33.3579	33.3551	33.2123	33.2681	33.2595	33.1499	33.0864	33.0957	33.1021	32.9474	32.9703	32.9205	32.9144	32.9789	32.8724	32.7737	32.7355	32.7572	32.7694	32.6478	32.5932	32.6085	32.5816	32.5311	32.5057	32.4778	32.3889	32.398	32.3719	32.3399	32.3242	32.2734	32.1993	32.2806	32.1811	32.1969	32.2251	32.114	32.0582	32.1132	32.0837	32.0445	31.9043	31.952	31.8447	31.8549	31.8263	31.7479	31.593	31.5198	31.5123	31.4745	31.4078	31.4075	31.5382	31.6042	31.333	31.3796	31.7105	31.8734	32.5696	35.3196
Tzo-AMvi_038_Ex1_L4_clmp.r1r2_fastp	35.716	35.8365	36.0001	36.0367	36.0953	36.1122	36.0927	36.0562	36.0224	36.0676	36.0184	35.9875	35.9772	35.971	35.9576	35.9338	35.9439	35.9163	35.8901	35.8228	35.8568	35.843	35.7827	35.7953	35.7257	35.6243	35.5874	35.5587	35.5242	35.5108	35.447	35.4398	35.445	35.3904	35.3491	35.2724	35.2696	35.2824	35.2247	35.2203	35.1588	35.1749	35.089	35.0846	35.0116	34.992	34.983	34.9712	34.9106	34.8981	34.8383	34.8292	34.7809	34.7361	34.7084	34.6896	34.6204	34.6041	34.5857	34.5354	34.4599	34.4475	34.3857	34.3674	34.3317	34.3035	34.2569	34.1874	34.1556	34.0869	34.0421	34.0695	33.9946	33.9521	33.9465	33.895	33.8072	33.8204	33.7209	33.6602	33.6505	33.6431	33.5733	33.5982	33.5591	33.4403	33.3906	33.4129	33.3566	33.3431	33.2063	33.2495	33.2479	33.1719	33.081	33.0764	33.1108	32.9614	32.956	32.9051	32.9009	32.967	32.8756	32.7713	32.7497	32.7871	32.7792	32.652	32.5855	32.607	32.5706	32.5068	32.4947	32.4839	32.4053	32.391	32.4134	32.3683	32.3406	32.2807	32.2341	32.3103	32.2187	32.2196	32.2557	32.1377	32.0911	32.1385	32.1277	32.0966	31.9523	31.9913	31.8904	31.8884	31.8813	31.8029	31.6476	31.5687	31.5691	31.535	31.4669	31.5329	31.6397	31.7145	31.4538	31.4888	31.8381	31.9827	32.6703	35.344
Tzo-AMvi_039_Ex1_L4_clmp.r1r2_fastp	35.7383	35.8443	35.9962	36.0353	36.0932	36.1064	36.0856	36.0628	36.0341	36.0733	36.0281	35.9905	35.9791	35.9805	35.9691	35.9499	35.9584	35.9304	35.895	35.8375	35.8638	35.8509	35.7971	35.8039	35.7507	35.6419	35.6063	35.5733	35.5475	35.5254	35.4633	35.4543	35.4696	35.41	35.3899	35.3145	35.3049	35.306	35.2448	35.2495	35.1762	35.1851	35.1056	35.1052	35.0486	35.0184	35.0102	35.0031	34.9358	34.9309	34.8798	34.8654	34.8081	34.7461	34.7371	34.7035	34.6497	34.6506	34.606	34.5858	34.4758	34.4729	34.4077	34.4	34.3615	34.3217	34.2736	34.2108	34.1762	34.1231	34.0418	34.0926	34.0051	33.9681	33.9492	33.9194	33.8129	33.8385	33.7511	33.6912	33.6894	33.6746	33.5921	33.6171	33.5816	33.4449	33.4218	33.4315	33.3695	33.3654	33.229	33.2894	33.2472	33.1752	33.0804	33.1032	33.125	32.9881	32.9805	32.9268	32.8968	32.9935	32.8873	32.7863	32.7576	32.7795	32.7887	32.687	32.607	32.6212	32.6147	32.5302	32.5287	32.5104	32.4187	32.4082	32.3806	32.3678	32.3486	32.2868	32.2016	32.2912	32.1976	32.2304	32.2569	32.1348	32.079	32.1358	32.1084	32.0699	31.9207	31.9816	31.858	31.8766	31.8374	31.7504	31.6033	31.5303	31.5267	31.4974	31.4139	31.4695	31.5857	31.6206	31.3728	31.4145	31.7483	31.9211	32.6288	35.341
Tzo-AMvi_040_Ex1_L4_clmp.r1r2_fastp	35.7783	35.8694	36.0202	36.0588	36.1133	36.126	36.1063	36.0797	36.0413	36.0873	36.0393	36.0033	35.9953	35.9939	35.9799	35.9568	35.9693	35.9428	35.9068	35.8513	35.8729	35.8615	35.7989	35.8202	35.7507	35.6501	35.6104	35.5734	35.5528	35.5337	35.4733	35.4661	35.475	35.412	35.3755	35.3026	35.298	35.3023	35.2439	35.2484	35.1733	35.1919	35.1079	35.1008	35.0433	35.0242	35.0038	34.9933	34.9354	34.9181	34.8675	34.864	34.8095	34.7567	34.735	34.705	34.6399	34.6306	34.6118	34.5726	34.4728	34.4622	34.3883	34.3942	34.352	34.3136	34.2505	34.191	34.1604	34.1125	34.0354	34.0791	33.9917	33.9604	33.9546	33.884	33.8004	33.8277	33.7292	33.6649	33.6551	33.6497	33.5778	33.6199	33.5534	33.4528	33.3906	33.4066	33.3417	33.3403	33.2022	33.2612	33.239	33.1459	33.0495	33.0648	33.0797	32.9146	32.9209	32.8831	32.8664	32.9553	32.8443	32.7283	32.6981	32.7272	32.7437	32.6137	32.5334	32.5608	32.5128	32.4647	32.4449	32.4483	32.3501	32.3482	32.3331	32.2736	32.2802	32.193	32.1098	32.2152	32.0957	32.1321	32.1605	32.0444	31.9987	32.0634	32.0209	31.9989	31.8289	31.8791	31.7455	31.7618	31.7445	31.6638	31.5116	31.4232	31.4312	31.3726	31.3042	31.3496	31.447	31.4881	31.2365	31.2728	31.627	31.8262	32.498	35.3024
Tzo-AMvi_041_Ex1_L4_clmp.r1r2_fastp	35.7743	35.8242	35.9704	36.004	36.059	36.0724	36.0557	36.019	35.9865	36.0292	35.9841	35.9473	35.9343	35.9342	35.9226	35.9021	35.9157	35.8809	35.8474	35.7925	35.8213	35.8078	35.7442	35.7721	35.7032	35.5967	35.5564	35.5271	35.5017	35.4806	35.4178	35.4079	35.4179	35.3604	35.3307	35.2572	35.2525	35.2673	35.2018	35.2143	35.1368	35.162	35.0689	35.0616	35.0199	34.996	34.9787	34.9767	34.9047	34.8893	34.856	34.8311	34.7667	34.7271	34.6966	34.6839	34.6254	34.6153	34.5826	34.5524	34.4431	34.4579	34.3942	34.3931	34.3603	34.3217	34.2574	34.2177	34.1924	34.1276	34.0628	34.1182	34.0165	33.9981	33.9831	33.946	33.8466	33.8656	33.7825	33.7323	33.7259	33.721	33.6356	33.6879	33.6207	33.51	33.4704	33.4835	33.4249	33.3984	33.2994	33.3511	33.3376	33.275	33.1568	33.1818	33.2083	33.0358	33.0672	33.0136	32.9919	33.0821	32.9945	32.8809	32.8458	32.8781	32.8864	32.7785	32.7173	32.7382	32.7081	32.6796	32.6361	32.6502	32.5397	32.5483	32.5575	32.5095	32.4979	32.4242	32.3417	32.4262	32.3417	32.3606	32.3971	32.2835	32.2716	32.3024	32.2896	32.253	32.1152	32.1787	32.0636	32.048	32.0469	31.9616	31.785	31.7399	31.7598	31.7032	31.6272	31.6644	31.7758	31.8592	31.5673	31.599	31.9488	32.1439	32.7689	35.395
Tzo-AMvi_042_Ex1_L4_clmp.r1r2_fastp	35.793	35.8696	36.0087	36.0433	36.0874	36.1128	36.0894	36.061	36.0225	36.0743	36.0231	35.9914	35.9813	35.9641	35.9559	35.9434	35.9437	35.9165	35.8835	35.8389	35.8558	35.8502	35.7893	35.7967	35.7381	35.6409	35.594	35.5638	35.5356	35.5253	35.4621	35.4583	35.4726	35.4059	35.3686	35.2984	35.2856	35.2959	35.2458	35.254	35.1726	35.1804	35.0932	35.0971	35.0443	35.0066	35.0016	34.9934	34.9277	34.9224	34.8762	34.854	34.7937	34.7442	34.7196	34.6928	34.6336	34.6288	34.5832	34.5534	34.457	34.4633	34.377	34.3895	34.3467	34.3174	34.2397	34.1994	34.1649	34.122	34.0382	34.0914	34.0027	33.9697	33.9677	33.9109	33.7953	33.8562	33.7401	33.7005	33.704	33.6699	33.6118	33.6554	33.5899	33.4932	33.4461	33.4727	33.3935	33.4079	33.2575	33.3415	33.3212	33.2303	33.1433	33.1759	33.1747	33.0336	33.0557	32.9825	32.9702	33.0782	32.9776	32.8697	32.8263	32.847	32.8701	32.7406	32.6762	32.7183	32.6988	32.6336	32.6177	32.6086	32.5151	32.5545	32.5191	32.4716	32.4866	32.4109	32.34	32.416	32.3363	32.3971	32.3902	32.2853	32.2666	32.2936	32.2696	32.2159	32.12	32.1845	32.059	32.0385	32.0497	31.964	31.8262	31.7603	31.7471	31.7324	31.6386	31.6969	31.8402	31.9079	31.6202	31.6918	32.0493	32.1763	32.8426	35.4071
Tzo-AMvi_043_Ex1_L4_clmp.r1r2_fastp	35.8556	35.9099	36.047	36.0735	36.1288	36.1375	36.1202	36.0861	36.0559	36.0977	36.05	36.0113	36.0096	35.9989	35.9884	35.9783	35.9798	35.9544	35.9236	35.8607	35.8934	35.878	35.8216	35.8407	35.7683	35.6743	35.6425	35.6072	35.5752	35.5581	35.5051	35.498	35.5084	35.4575	35.4179	35.3369	35.3301	35.3454	35.2859	35.285	35.2099	35.23	35.155	35.1409	35.1038	35.0757	35.0648	35.0649	34.9859	34.978	34.9179	34.9092	34.8445	34.807	34.7785	34.7581	34.6979	34.6852	34.6651	34.6211	34.5258	34.5213	34.4515	34.4535	34.4143	34.3805	34.3235	34.2698	34.2501	34.1906	34.1053	34.1634	34.0677	34.032	34.0228	33.9739	33.8949	33.9264	33.8282	33.7755	33.7618	33.7561	33.6669	33.706	33.6429	33.5346	33.5003	33.5141	33.4532	33.435	33.3119	33.3736	33.364	33.2548	33.1739	33.1696	33.2112	33.0674	33.0859	33.0178	32.989	33.0781	32.9772	32.8689	32.8406	32.8437	32.8798	32.7472	32.6705	32.6844	32.6762	32.6058	32.5895	32.5678	32.4812	32.4757	32.4772	32.4447	32.4133	32.359	32.2751	32.3696	32.2635	32.2782	32.3298	32.1735	32.138	32.1765	32.1806	32.1166	32.0023	32.047	31.9233	31.9346	31.8919	31.757	31.6539	31.592	31.5893	31.5335	31.4511	31.5038	31.6251	31.6662	31.4294	31.4472	31.7988	31.9717	32.6383	35.3472
Tzo-AMvi_044_Ex1_L4_clmp.r1r2_fastp	35.8285	35.8949	36.0381	36.0634	36.1203	36.1354	36.1191	36.0855	36.0467	36.092	36.0537	36.023	36.0039	35.9934	35.9901	35.9707	35.9755	35.9465	35.9132	35.8638	35.887	35.8735	35.8149	35.8266	35.7612	35.6659	35.624	35.5971	35.5646	35.5656	35.4962	35.4874	35.4973	35.4399	35.401	35.3283	35.3166	35.329	35.2659	35.2782	35.2065	35.2277	35.1471	35.1415	35.0853	35.0575	35.0542	35.0389	34.9829	34.9802	34.9317	34.9118	34.8683	34.8114	34.7861	34.7519	34.6952	34.6897	34.6789	34.6327	34.547	34.5442	34.47	34.4748	34.436	34.3937	34.3435	34.2843	34.2478	34.2103	34.1368	34.1908	34.091	34.0641	34.0623	34.0007	33.9197	33.9563	33.8526	33.7949	33.787	33.7755	33.6898	33.7401	33.7117	33.5778	33.5269	33.5248	33.4718	33.4508	33.3442	33.4	33.3868	33.2894	33.2177	33.2225	33.2407	33.0842	33.0903	33.0326	33.0227	33.0932	32.9875	32.8986	32.8763	32.883	32.9079	32.7797	32.7272	32.7432	32.7169	32.6383	32.6334	32.6198	32.5504	32.5382	32.5387	32.5086	32.4802	32.3971	32.3282	32.3999	32.3059	32.3187	32.3229	32.1883	32.1658	32.1996	32.1708	32.1555	32.0126	32.0911	31.9567	31.9844	31.9439	31.8426	31.7349	31.6407	31.6155	31.6086	31.5345	31.5753	31.7067	31.7287	31.4667	31.5128	31.8487	32.0116	32.6994	35.3728
Tzo-AMvi_045_Ex1_L4_clmp.r1r2_fastp	35.862	35.9165	36.053	36.0882	36.1434	36.1517	36.1351	36.0984	36.0662	36.1104	36.0627	36.0276	36.0139	36.0119	36.0034	35.9837	35.9926	35.9609	35.9251	35.8768	35.8961	35.8941	35.8339	35.8506	35.7784	35.6802	35.6469	35.6132	35.5879	35.5703	35.5069	35.4965	35.5085	35.4581	35.4183	35.3561	35.3348	35.3526	35.286	35.2837	35.2162	35.2295	35.1583	35.1505	35.1057	35.0759	35.0579	35.0494	34.9783	34.9633	34.9457	34.9131	34.8495	34.8112	34.7878	34.7592	34.716	34.6894	34.6638	34.6211	34.5335	34.5263	34.4618	34.4517	34.4106	34.375	34.3242	34.2408	34.2318	34.1701	34.1014	34.1429	34.0567	34.0357	34.0126	33.9596	33.8863	33.9152	33.7835	33.7602	33.747	33.7149	33.6449	33.6696	33.628	33.5114	33.4712	33.4792	33.4313	33.4075	33.2705	33.3231	33.312	33.2517	33.1381	33.1459	33.1858	33.0279	33.021	32.9764	32.9578	33.048	32.9442	32.8279	32.8142	32.8161	32.8431	32.7055	32.674	32.6605	32.6185	32.5609	32.5515	32.5473	32.4501	32.4503	32.4403	32.3954	32.3532	32.3023	32.2549	32.3255	32.2062	32.2605	32.2851	32.1648	32.121	32.1456	32.1328	32.0957	31.9508	32.0148	31.8834	31.8845	31.8579	31.7335	31.6112	31.5634	31.5552	31.5036	31.4201	31.485	31.5959	31.6495	31.379	31.4297	31.7414	31.8987	32.633	35.3401
Tzo-AMvi_046_Ex1_L4_clmp.r1r2_fastp	35.8476	35.9184	36.0525	36.0907	36.1402	36.1551	36.135	36.106	36.071	36.1109	36.0721	36.0421	36.0245	36.0128	36.0072	35.9812	36.0018	35.9623	35.9329	35.8867	35.9058	35.8912	35.8286	35.8495	35.7728	35.6838	35.6379	35.6151	35.5934	35.5739	35.5123	35.5105	35.517	35.4644	35.4334	35.3522	35.3493	35.3636	35.3176	35.3069	35.2413	35.2605	35.1615	35.1707	35.1276	35.0908	35.0781	35.0696	35.0045	34.9929	34.9285	34.9396	34.8748	34.8273	34.8065	34.7729	34.7249	34.7128	34.6821	34.6554	34.5386	34.5549	34.4835	34.4851	34.432	34.4057	34.3469	34.2934	34.2698	34.2102	34.1535	34.2046	34.1013	34.0824	34.0578	34.0063	33.928	33.9449	33.8422	33.7917	33.7687	33.7756	33.6755	33.7329	33.6598	33.5316	33.5195	33.5226	33.4365	33.4391	33.3021	33.3643	33.3669	33.2725	33.1747	33.2108	33.2131	33.0636	33.0679	33.0204	32.9634	33.0908	32.9746	32.8958	32.8658	32.8554	32.8854	32.7778	32.7066	32.7056	32.6773	32.6082	32.6002	32.6028	32.5071	32.4905	32.509	32.4286	32.4011	32.368	32.2829	32.3741	32.2937	32.2683	32.309	32.19	32.1703	32.2181	32.193	32.1507	32.0497	32.0433	31.9554	31.9564	31.9482	31.8646	31.7586	31.7015	31.6551	31.6293	31.5996	31.6127	31.7287	31.7842	31.5253	31.5614	31.9001	32.0981	32.7344	35.3978
Tzo-AMvi_047_Ex1_L4_clmp.r1r2_fastp	35.8216	35.8945	36.0253	36.0599	36.1091	36.1217	36.0981	36.0652	36.0376	36.0845	36.0359	36.0012	35.9899	35.9799	35.9737	35.9596	35.968	35.9395	35.9054	35.8521	35.8762	35.8656	35.8071	35.8213	35.7609	35.6579	35.6161	35.5907	35.5607	35.5466	35.4871	35.4869	35.4836	35.4368	35.3975	35.3269	35.3195	35.3338	35.2672	35.2833	35.2061	35.2184	35.1311	35.1185	35.081	35.043	35.0324	35.0209	34.9577	34.9513	34.8977	34.8859	34.8334	34.7813	34.7679	34.7382	34.6865	34.6601	34.6417	34.593	34.5111	34.4976	34.4246	34.4155	34.3941	34.3462	34.3011	34.2396	34.1988	34.1434	34.0919	34.1242	34.0364	34.0152	34.0087	33.9461	33.8754	33.8951	33.7933	33.754	33.7286	33.7165	33.628	33.6754	33.6148	33.5017	33.4574	33.4927	33.4152	33.3806	33.2673	33.321	33.3003	33.1977	33.1242	33.1295	33.1395	32.9931	33.0175	32.9161	32.9081	32.9927	32.8993	32.795	32.7461	32.753	32.7841	32.6552	32.6082	32.616	32.5745	32.515	32.5037	32.4814	32.389	32.3927	32.3918	32.3542	32.3141	32.2552	32.1822	32.2692	32.1609	32.1867	32.2066	32.0646	32.035	32.0669	32.0516	32.0199	31.86	31.941	31.818	31.8264	31.7799	31.7186	31.5989	31.4966	31.4981	31.4431	31.393	31.4321	31.5524	31.5722	31.339	31.376	31.7403	31.8743	32.5662	35.3239
Tzo-AMvi_048_Ex1_L4_clmp.r1r2_fastp	35.737	35.8257	35.9719	36.0069	36.0631	36.0824	36.0597	36.0257	35.9834	36.0302	35.9873	35.9511	35.9353	35.9274	35.9151	35.8964	35.9049	35.8858	35.8431	35.791	35.8094	35.8118	35.7463	35.7568	35.6967	35.5987	35.5518	35.5201	35.4967	35.4815	35.4251	35.4222	35.4193	35.3654	35.3174	35.2388	35.2246	35.2548	35.18	35.1979	35.1147	35.1465	35.0579	35.057	34.9899	34.9635	34.9445	34.9518	34.8758	34.8899	34.8051	34.8128	34.7406	34.7004	34.663	34.6495	34.5717	34.5859	34.5466	34.5178	34.3875	34.4181	34.3237	34.3579	34.299	34.2711	34.2074	34.1578	34.1152	34.083	34.0041	34.0582	33.954	33.9439	33.9332	33.8805	33.7777	33.8269	33.7141	33.6762	33.6621	33.6419	33.5492	33.6244	33.5675	33.4423	33.3807	33.4263	33.3478	33.3526	33.1989	33.2856	33.2534	33.172	33.0943	33.1127	33.1099	32.9771	32.9774	32.9485	32.8877	32.9548	32.8915	32.7912	32.7465	32.7604	32.7684	32.7021	32.6164	32.6362	32.6091	32.5767	32.5099	32.5109	32.4289	32.4312	32.4295	32.3828	32.3639	32.3123	32.2389	32.3253	32.2462	32.2444	32.3167	32.1671	32.1592	32.1735	32.1709	32.1606	32.006	32.072	31.9365	31.9487	31.9368	31.8213	31.715	31.6489	31.6572	31.6204	31.5427	31.633	31.7256	31.7396	31.4974	31.518	31.8492	32.0252	32.7152	35.3741
Tzo-CMvi_006-Ex1_L4_clmp.r1r2_fastp	36.0896	36.2097	36.3236	36.3562	36.4162	36.4303	36.4119	36.3918	36.3717	36.3981	36.3824	36.3585	36.3421	36.3472	36.3348	36.3248	36.3366	36.3228	36.2977	36.2665	36.2888	36.2734	36.2416	36.2505	36.2099	36.1648	36.144	36.1279	36.1135	36.1082	36.0748	36.0749	36.0781	36.0422	36.0253	35.9744	35.9723	35.9838	35.9404	35.9613	35.9156	35.9227	35.8734	35.8752	35.8423	35.8389	35.835	35.8255	35.7897	35.7854	35.7686	35.7671	35.7296	35.6911	35.699	35.6778	35.648	35.6417	35.6359	35.6186	35.5588	35.5516	35.521	35.5248	35.5137	35.4936	35.4717	35.4348	35.4251	35.3651	35.3618	35.3859	35.337	35.3338	35.3483	35.3109	35.2557	35.2746	35.2227	35.1918	35.201	35.1879	35.1572	35.1801	35.1575	35.0838	35.0618	35.0745	35.0477	35.0324	34.9577	34.9985	34.9916	34.9405	34.8751	34.8968	34.9261	34.8156	34.8289	34.7888	34.8017	34.8611	34.7934	34.7094	34.6839	34.7042	34.7195	34.6275	34.5955	34.6164	34.5884	34.5385	34.5406	34.5307	34.4659	34.4795	34.4579	34.4389	34.4249	34.3532	34.327	34.3912	34.3263	34.3587	34.3764	34.2764	34.2551	34.2908	34.29	34.2461	34.1597	34.2037	34.1205	34.1214	34.1216	34.0537	33.972	33.9349	33.9434	33.9024	33.846	33.8893	33.9953	34.0301	33.807	33.8629	34.0881	34.1444	34.4794	35.9494
Tzo-CMvi_007-Ex1_L4_clmp.r1r2_fastp	36.0574	36.2013	36.3072	36.3523	36.4072	36.4213	36.4101	36.3854	36.3645	36.399	36.3767	36.3592	36.3391	36.3388	36.3383	36.3241	36.3332	36.3122	36.2947	36.2594	36.2803	36.2695	36.234	36.2453	36.2067	36.1532	36.1455	36.1283	36.1127	36.1007	36.0727	36.0618	36.075	36.0404	36.0272	35.9671	35.9693	35.9793	35.9523	35.956	35.9176	35.924	35.8672	35.8649	35.8367	35.8295	35.8268	35.8209	35.7808	35.7926	35.7624	35.7622	35.7176	35.6929	35.6813	35.6725	35.6479	35.6342	35.6333	35.6073	35.5522	35.5566	35.5166	35.5213	35.4975	35.4837	35.4563	35.422	35.4236	35.3583	35.3505	35.3796	35.3273	35.3173	35.3288	35.2831	35.2559	35.2704	35.2168	35.1928	35.1944	35.186	35.1534	35.1824	35.1548	35.0732	35.0615	35.0655	35.0443	35.0372	34.9654	34.9976	34.9939	34.9366	34.8726	34.8981	34.9139	34.8052	34.8362	34.8006	34.8011	34.8512	34.7859	34.699	34.6865	34.7077	34.7315	34.6286	34.5929	34.6109	34.5935	34.5458	34.5439	34.5266	34.4534	34.4841	34.4648	34.4395	34.4135	34.3646	34.3216	34.3897	34.3244	34.356	34.3858	34.2852	34.2709	34.2884	34.2756	34.2471	34.1588	34.2092	34.1167	34.132	34.1334	34.0616	33.9651	33.9177	33.9445	33.9019	33.8524	33.8909	34.0093	34.0344	33.8	33.8571	34.0777	34.1582	34.5004	35.9512
Tzo-CMvi_011-Ex1_L4_clmp.r1r2_fastp	36.0476	36.1948	36.3101	36.3555	36.4071	36.4211	36.4106	36.3958	36.3753	36.4091	36.3866	36.3598	36.3472	36.3486	36.3442	36.3413	36.3386	36.3248	36.3039	36.2675	36.2903	36.2809	36.2475	36.2528	36.215	36.171	36.1494	36.1365	36.1166	36.1085	36.0734	36.0798	36.0849	36.0439	36.0337	35.981	35.9807	35.9856	35.9535	35.964	35.9141	35.9394	35.866	35.8718	35.8441	35.8282	35.8378	35.8298	35.7946	35.787	35.7633	35.7493	35.7134	35.6869	35.6869	35.6716	35.6314	35.6326	35.6273	35.5951	35.5493	35.5389	35.5028	35.4959	35.4754	35.4669	35.4366	35.4063	35.3904	35.3385	35.322	35.3551	35.2972	35.2913	35.3043	35.2567	35.224	35.2374	35.1871	35.1609	35.1654	35.1517	35.1196	35.1522	35.1088	35.0371	35.0086	35.0309	34.9989	34.9988	34.9193	34.9551	34.9455	34.8807	34.8292	34.8412	34.8578	34.7468	34.7607	34.7331	34.7374	34.7951	34.7241	34.6432	34.6308	34.6403	34.6682	34.5612	34.537	34.5463	34.537	34.4836	34.4756	34.4726	34.4022	34.4093	34.4027	34.3632	34.3533	34.3009	34.253	34.3177	34.2593	34.278	34.2966	34.2155	34.1923	34.212	34.1971	34.1681	34.0883	34.1467	34.0554	34.0614	34.0532	33.9867	33.9037	33.8647	33.8792	33.8131	33.7847	33.8402	33.9351	33.9861	33.7394	33.8013	34.0432	34.0947	34.4472	35.9475
Tzo-CMvi_012-Ex1_L4_clmp.r1r2_fastp	36.2252	36.3007	36.385	36.4113	36.4592	36.469	36.4551	36.4378	36.4127	36.4437	36.4227	36.4003	36.3905	36.387	36.3819	36.3721	36.3776	36.365	36.3485	36.3138	36.3329	36.3246	36.2892	36.2982	36.265	36.2207	36.2041	36.1862	36.1672	36.1618	36.131	36.1328	36.1396	36.1025	36.0923	36.044	36.0358	36.0524	36.0204	36.0253	35.9819	35.9962	35.9505	35.9479	35.9236	35.9125	35.906	35.9027	35.8736	35.8692	35.8511	35.8428	35.8146	35.7864	35.7704	35.7645	35.7396	35.7284	35.7218	35.7113	35.6562	35.6461	35.6225	35.6179	35.6101	35.5909	35.57	35.5408	35.5348	35.4819	35.4659	35.5054	35.4456	35.4309	35.4514	35.4044	35.3699	35.3905	35.3328	35.3198	35.3068	35.3065	35.2783	35.2967	35.2742	35.2006	35.1896	35.2044	35.1748	35.1575	35.1004	35.1421	35.1186	35.0689	35.0059	35.0315	35.0452	34.9434	34.9598	34.927	34.9362	34.9955	34.9291	34.8429	34.8264	34.8544	34.861	34.7654	34.7383	34.7584	34.7349	34.6978	34.6863	34.6749	34.617	34.6249	34.6174	34.5986	34.5802	34.5241	34.4791	34.5436	34.4966	34.5168	34.5357	34.4433	34.4238	34.4556	34.4434	34.4137	34.327	34.3748	34.2881	34.2955	34.2853	34.2336	34.1425	34.0928	34.1068	34.0691	34.0133	34.06	34.1578	34.2046	33.98	34.0178	34.2322	34.2961	34.6189	36.0035
Tzo-CMvi_013-Ex1_L4_clmp.r1r2_fastp	36.0651	36.2243	36.3408	36.3763	36.4375	36.4457	36.4329	36.4162	36.3945	36.4276	36.4054	36.3872	36.371	36.3678	36.367	36.3603	36.3595	36.3474	36.3319	36.2989	36.314	36.3074	36.2777	36.2843	36.2416	36.2013	36.189	36.1648	36.1476	36.1428	36.1158	36.1164	36.117	36.0832	36.0718	36.018	36.0197	36.0287	35.9994	36.005	35.9626	35.9793	35.9242	35.9236	35.896	35.886	35.8809	35.8779	35.8374	35.8401	35.8153	35.814	35.7861	35.7544	35.7515	35.7354	35.7039	35.7001	35.6945	35.6742	35.6219	35.6136	35.5807	35.5899	35.5705	35.546	35.5312	35.4926	35.4804	35.4311	35.4127	35.4522	35.394	35.3866	35.4056	35.3735	35.3207	35.3453	35.288	35.2533	35.2648	35.2537	35.2225	35.2448	35.2162	35.1427	35.13	35.1361	35.1031	35.0996	35.0215	35.0643	35.0586	34.9962	34.9426	34.9647	34.9723	34.881	34.8906	34.8661	34.8685	34.9219	34.8467	34.7675	34.7541	34.7804	34.7911	34.6907	34.6584	34.6725	34.6635	34.6141	34.606	34.5941	34.5319	34.5481	34.5345	34.5115	34.4943	34.4385	34.3963	34.4697	34.3973	34.4232	34.4576	34.3646	34.3434	34.3656	34.3466	34.3256	34.2441	34.2966	34.2039	34.2104	34.2139	34.1468	34.0519	34.0121	34.022	33.9783	33.9294	33.9816	34.0759	34.1182	33.8855	33.9413	34.1709	34.2271	34.547	35.9674
Tzo-CMvi_015-Ex1_L4_clmp.r1r2_fastp	35.9783	36.1773	36.3176	36.3658	36.4261	36.4388	36.4244	36.4168	36.3963	36.4239	36.4033	36.3848	36.3767	36.3773	36.3733	36.3639	36.3676	36.3546	36.3342	36.3041	36.325	36.3055	36.2818	36.2892	36.2454	36.2092	36.1937	36.1753	36.1555	36.1509	36.1237	36.1201	36.125	36.0904	36.0747	36.0238	36.0252	36.0351	36.0037	36.0094	35.9686	35.9841	35.9337	35.9349	35.9097	35.8906	35.8842	35.8813	35.8468	35.8452	35.8322	35.8234	35.7957	35.7672	35.7567	35.7389	35.707	35.7008	35.696	35.6755	35.6238	35.6106	35.5875	35.5957	35.5679	35.5547	35.5255	35.4958	35.4832	35.4213	35.4155	35.4611	35.3955	35.3949	35.4125	35.3685	35.3285	35.3542	35.2804	35.2631	35.255	35.2551	35.2204	35.2483	35.2215	35.1505	35.1362	35.1376	35.1131	35.094	35.017	35.0679	35.059	35.0066	34.9486	34.978	34.986	34.8851	34.9024	34.8682	34.8742	34.9314	34.8564	34.7801	34.761	34.7807	34.797	34.6983	34.6693	34.692	34.6681	34.6198	34.6108	34.6092	34.5467	34.5522	34.5421	34.5199	34.5006	34.4443	34.4066	34.4751	34.4264	34.4451	34.4647	34.3726	34.3745	34.396	34.3884	34.3528	34.2659	34.3082	34.221	34.2345	34.2317	34.1767	34.0916	34.0336	34.0522	34.002	33.9468	34.0114	34.1207	34.1391	33.9153	33.9645	34.1869	34.249	34.5745	35.9641
Tzo-CMvi_016-Ex1_L4_clmp.r1r2_fastp	36.2024	36.2881	36.3793	36.4073	36.4539	36.4617	36.4449	36.4314	36.408	36.4355	36.4112	36.3952	36.3828	36.3815	36.3732	36.3625	36.3708	36.3583	36.3336	36.306	36.325	36.3162	36.2857	36.2932	36.2587	36.2128	36.1989	36.177	36.163	36.1533	36.1288	36.125	36.1352	36.0999	36.0854	36.038	36.0391	36.0492	36.0147	36.0231	35.9839	35.9927	35.9424	35.9527	35.9282	35.91	35.9028	35.9022	35.8769	35.8703	35.8497	35.8473	35.8168	35.7856	35.7775	35.7665	35.741	35.7335	35.7317	35.71	35.6639	35.654	35.6246	35.6238	35.6019	35.5912	35.5651	35.5413	35.5307	35.4858	35.475	35.5095	35.4462	35.4406	35.4534	35.4198	35.3711	35.3932	35.346	35.3177	35.3144	35.3119	35.2826	35.3043	35.2829	35.2067	35.1948	35.2039	35.1833	35.1734	35.1048	35.1455	35.1373	35.0772	35.0151	35.0413	35.05	34.964	34.9794	34.9493	34.9514	35.0113	34.9446	34.8686	34.8448	34.8681	34.8833	34.7945	34.7567	34.7755	34.7577	34.7178	34.7102	34.7112	34.6513	34.6567	34.6458	34.6236	34.6044	34.5605	34.5145	34.5787	34.5296	34.5413	34.5697	34.4799	34.4671	34.4965	34.4737	34.4468	34.3702	34.4171	34.3341	34.3505	34.3482	34.2817	34.197	34.1438	34.1667	34.1175	34.0831	34.1238	34.2233	34.2576	34.0363	34.0787	34.2879	34.3413	34.6537	36.0126
Tzo-CMvi_018-Ex1_L4_clmp.r1r2_fastp	35.9312	36.1277	36.2829	36.3311	36.4001	36.4164	36.4068	36.3913	36.373	36.4077	36.3838	36.365	36.3455	36.3506	36.352	36.3387	36.345	36.3304	36.3063	36.2771	36.2973	36.2897	36.2566	36.2703	36.2153	36.1811	36.1639	36.1397	36.1194	36.119	36.0974	36.1001	36.103	36.0632	36.0585	36.0015	36.0001	36.0067	35.9735	35.9816	35.9423	35.9532	35.8968	35.902	35.8746	35.862	35.8582	35.8651	35.8155	35.8243	35.783	35.7928	35.7572	35.7247	35.7174	35.7044	35.6841	35.6771	35.6676	35.6483	35.5753	35.5659	35.5358	35.5378	35.5196	35.5076	35.4866	35.4544	35.4267	35.3878	35.3707	35.3973	35.3455	35.3462	35.3426	35.3231	35.2718	35.2835	35.2331	35.1981	35.217	35.2013	35.1634	35.1868	35.1499	35.0884	35.0739	35.0717	35.0456	35.0506	34.9743	35.0151	35.0136	34.9401	34.8895	34.8983	34.9197	34.8203	34.8178	34.8062	34.8007	34.8519	34.7811	34.712	34.6987	34.7111	34.7257	34.637	34.5965	34.6165	34.5916	34.5457	34.5442	34.528	34.4706	34.4778	34.4766	34.4663	34.4392	34.3823	34.3307	34.408	34.3447	34.3737	34.3948	34.2923	34.2693	34.3234	34.2972	34.284	34.1859	34.2329	34.1393	34.155	34.1325	34.0885	33.9983	33.947	33.9465	33.905	33.8591	33.9209	34.0445	34.0755	33.8201	33.8716	34.1202	34.1646	34.4907	35.9388
Tzo-CMvi_020-Ex1_L4_clmp.r1r2_fastp	36.078	36.2119	36.3298	36.367	36.4218	36.4302	36.416	36.4009	36.3809	36.4133	36.3858	36.3674	36.357	36.3601	36.3492	36.3405	36.3514	36.3326	36.3127	36.2813	36.2981	36.2925	36.2573	36.2668	36.2293	36.1861	36.173	36.1532	36.1313	36.1298	36.0984	36.0948	36.1059	36.0709	36.055	36.0068	36.0025	36.0188	35.9798	35.9879	35.9403	35.958	35.9093	35.9135	35.8859	35.8716	35.864	35.87	35.8333	35.8225	35.8006	35.7969	35.7733	35.7434	35.7289	35.7198	35.6896	35.6901	35.6811	35.6587	35.6072	35.6037	35.5697	35.5707	35.5489	35.5391	35.5134	35.4865	35.4735	35.4226	35.411	35.4535	35.3909	35.3828	35.3932	35.3615	35.3124	35.34	35.2761	35.254	35.2499	35.2544	35.2164	35.2368	35.2143	35.1418	35.116	35.134	35.104	35.0964	35.0152	35.0731	35.0576	34.9971	34.9365	34.9598	34.9796	34.8699	34.8873	34.8678	34.8592	34.9199	34.8547	34.7741	34.7599	34.7675	34.8061	34.6995	34.6643	34.6885	34.6651	34.6252	34.616	34.6192	34.5529	34.5614	34.5437	34.5307	34.5137	34.4522	34.4067	34.4786	34.4184	34.4486	34.4722	34.3771	34.3682	34.3963	34.3772	34.3497	34.2658	34.3199	34.2344	34.2533	34.233	34.1771	34.0695	34.0384	34.0394	34.0215	33.957	34.0147	34.1076	34.1487	33.9295	33.9711	34.198	34.2538	34.5719	35.9754
Tzo-CMvi_027-Ex1_L4_clmp.r1r2_fastp	35.9568	36.1275	36.2615	36.3073	36.373	36.3879	36.3727	36.3567	36.3334	36.3709	36.3437	36.3233	36.3061	36.3042	36.2998	36.2904	36.3008	36.2818	36.2609	36.2267	36.2435	36.235	36.2022	36.2022	36.1703	36.1182	36.1091	36.0849	36.0704	36.0565	36.024	36.0238	36.022	35.9895	35.9774	35.9239	35.914	35.934	35.8948	35.9045	35.8584	35.8779	35.8191	35.8146	35.7803	35.7776	35.7617	35.7678	35.7241	35.7153	35.7036	35.6947	35.6519	35.6216	35.6191	35.6066	35.567	35.5663	35.5575	35.5281	35.4794	35.4666	35.4217	35.4324	35.4026	35.3983	35.3767	35.3432	35.3242	35.2686	35.2484	35.2878	35.2275	35.2122	35.2223	35.1743	35.1567	35.1613	35.1049	35.0781	35.0692	35.0704	35.0401	35.059	35.0315	34.95	34.9261	34.9398	34.902	34.9023	34.8339	34.867	34.8501	34.7823	34.7301	34.7439	34.754	34.66	34.6874	34.6417	34.6389	34.7092	34.6184	34.5604	34.5258	34.5465	34.5469	34.4507	34.4203	34.4431	34.4128	34.3615	34.3486	34.34	34.2853	34.2743	34.2657	34.2499	34.2522	34.174	34.1337	34.2019	34.1329	34.1858	34.1808	34.0618	34.072	34.1038	34.0857	34.0665	33.9476	34.0135	33.9054	33.9077	33.9239	33.849	33.7781	33.7089	33.7268	33.6882	33.639	33.6825	33.7949	33.8216	33.5832	33.6344	33.9045	33.9665	34.3488	35.9014
Tzo-CMvi_029-Ex1_L4_clmp.r1r2_fastp	36.0258	36.1885	36.3132	36.3594	36.4189	36.4317	36.4136	36.3975	36.3794	36.4118	36.3956	36.3743	36.3605	36.358	36.3573	36.3467	36.3572	36.3423	36.3226	36.2889	36.3067	36.297	36.2689	36.2764	36.2364	36.196	36.1795	36.1655	36.1442	36.141	36.109	36.1135	36.1156	36.0787	36.0691	36.023	36.0166	36.0367	35.9967	36.0055	35.9676	35.9809	35.9301	35.9288	35.9019	35.8865	35.8888	35.8891	35.843	35.8467	35.8228	35.8173	35.7796	35.7538	35.7496	35.7438	35.7072	35.6999	35.6942	35.6808	35.6208	35.6131	35.5869	35.5952	35.571	35.5635	35.5404	35.5054	35.4898	35.4493	35.4283	35.4741	35.4056	35.3991	35.4034	35.378	35.3328	35.3583	35.3035	35.2695	35.2742	35.2779	35.2365	35.2583	35.2306	35.17	35.144	35.146	35.1143	35.1187	35.0512	35.0935	35.0772	35.0338	34.9588	34.9825	35.0017	34.8992	34.9122	34.8815	34.8966	34.9538	34.8841	34.8074	34.7837	34.8066	34.8247	34.7335	34.7019	34.7195	34.6972	34.6423	34.6459	34.6367	34.5782	34.5805	34.5756	34.5536	34.5466	34.4954	34.442	34.5153	34.4536	34.4892	34.5085	34.4046	34.3987	34.4239	34.4229	34.3904	34.306	34.3532	34.2619	34.2717	34.2663	34.1949	34.1124	34.0589	34.0789	34.0428	33.9819	34.0387	34.1502	34.1845	33.9428	33.9955	34.2302	34.2758	34.5882	35.9713
Tzo-CMvi_030-Ex1_L4_clmp.r1r2_fastp	35.9514	36.1437	36.2902	36.3351	36.4079	36.4243	36.4066	36.3939	36.3762	36.4062	36.3856	36.3674	36.3502	36.35	36.3449	36.3379	36.3448	36.3338	36.3101	36.276	36.2996	36.2896	36.2538	36.2584	36.2244	36.1786	36.1604	36.152	36.1284	36.1246	36.0963	36.0936	36.0895	36.0604	36.0402	35.991	35.9966	36.0056	35.9801	35.9812	35.9435	35.9525	35.8988	35.9015	35.8762	35.853	35.8511	35.8473	35.8135	35.8019	35.7962	35.7864	35.7462	35.7146	35.7068	35.6943	35.6663	35.6621	35.6617	35.6397	35.5832	35.5793	35.5572	35.548	35.5226	35.5062	35.4935	35.4472	35.4501	35.3954	35.3844	35.4081	35.3606	35.3523	35.3658	35.3358	35.2866	35.3038	35.2396	35.2236	35.2239	35.2185	35.1839	35.2032	35.2008	35.1033	35.0854	35.0893	35.0723	35.0659	34.9808	35.0291	35.0169	34.948	34.9101	34.9252	34.9455	34.8457	34.8466	34.8209	34.8312	34.8909	34.8186	34.7217	34.7202	34.7356	34.7619	34.6605	34.6154	34.6438	34.6241	34.574	34.5725	34.5743	34.5096	34.5082	34.506	34.4892	34.47	34.3834	34.3609	34.4263	34.3883	34.4023	34.436	34.3103	34.2945	34.322	34.3249	34.2896	34.2194	34.2688	34.1715	34.1791	34.1781	34.1092	34.02	33.9645	33.9872	33.9301	33.8931	33.9394	34.0592	34.0832	33.8583	33.9025	34.1391	34.1995	34.5141	35.9515
Tzo-CMvi_031-Ex1_L4_clmp.r1r2_fastp	35.9615	36.1361	36.2808	36.3164	36.3933	36.4172	36.3949	36.383	36.3648	36.4009	36.3746	36.3556	36.3366	36.344	36.3366	36.324	36.33	36.3184	36.2922	36.2599	36.2805	36.2693	36.2383	36.2534	36.2087	36.1671	36.1519	36.1394	36.1146	36.106	36.0708	36.0793	36.0867	36.051	36.041	35.9808	35.9858	35.9924	35.9667	35.984	35.9363	35.9541	35.8774	35.897	35.8534	35.8504	35.845	35.8512	35.8019	35.8099	35.7825	35.7764	35.7535	35.7047	35.7163	35.7208	35.6634	35.658	35.6697	35.6345	35.5664	35.5653	35.5317	35.533	35.5161	35.4991	35.4938	35.4584	35.4518	35.3974	35.3964	35.4212	35.3556	35.354	35.3706	35.3114	35.2935	35.3056	35.2392	35.2284	35.2116	35.2106	35.187	35.1972	35.1687	35.1217	35.0881	35.0879	35.0715	35.0703	35.0008	35.0409	35.0243	34.9493	34.9172	34.9181	34.9256	34.853	34.8786	34.8442	34.8374	34.8638	34.8225	34.7433	34.7469	34.7497	34.7824	34.6774	34.6264	34.671	34.6384	34.6088	34.6027	34.6004	34.544	34.5181	34.5204	34.5126	34.499	34.4421	34.3896	34.4539	34.3969	34.3868	34.4373	34.3419	34.3392	34.3494	34.3518	34.3087	34.2228	34.2864	34.207	34.2251	34.2154	34.1588	34.0574	34.0033	34.0111	33.9733	33.9047	33.9583	34.0729	34.119	33.8748	33.9403	34.1646	34.2401	34.5472	35.953
Tzo-CMvi_033-Ex1_L4_clmp.r1r2_fastp	35.8903	36.1118	36.2375	36.2964	36.3671	36.3842	36.3728	36.359	36.3462	36.3716	36.356	36.34	36.3215	36.3199	36.3184	36.3066	36.311	36.294	36.2712	36.2435	36.2576	36.2494	36.2223	36.2245	36.1875	36.1412	36.1222	36.1056	36.0865	36.0807	36.0458	36.0503	36.051	36.0155	36.0024	35.9505	35.9527	35.9735	35.922	35.9305	35.8957	35.8986	35.8541	35.8613	35.8258	35.8068	35.8069	35.8129	35.7622	35.7607	35.7556	35.7338	35.7064	35.6647	35.6672	35.6431	35.6223	35.6181	35.6084	35.582	35.5304	35.5169	35.4916	35.4953	35.4674	35.447	35.4193	35.3818	35.3799	35.3244	35.3143	35.3556	35.2864	35.2796	35.2883	35.2574	35.2196	35.2289	35.1758	35.1489	35.143	35.144	35.1058	35.1284	35.1006	35.029	35.0017	35.0204	34.9871	34.9859	34.9114	34.9584	34.9479	34.8782	34.8241	34.8412	34.86	34.7584	34.7647	34.7301	34.7492	34.8139	34.7477	34.6603	34.6243	34.6631	34.6789	34.5659	34.5439	34.5553	34.5483	34.4938	34.4847	34.478	34.4216	34.4173	34.4208	34.3843	34.3885	34.3241	34.2796	34.3518	34.2914	34.3204	34.34	34.2435	34.2296	34.2505	34.2423	34.2222	34.1484	34.1707	34.0941	34.1022	34.0862	34.0259	33.931	33.8886	33.9066	33.8455	33.8067	33.8648	33.9871	34.0022	33.7713	33.8155	34.0701	34.1264	34.4758	35.9334
Tzo-CMvi_035-Ex1_L4_clmp.r1r2_fastp	36.1144	36.2208	36.3243	36.3549	36.4082	36.4224	36.4034	36.3846	36.3623	36.3938	36.3719	36.3514	36.3376	36.3381	36.3266	36.3236	36.3343	36.3161	36.2937	36.2606	36.281	36.2725	36.2386	36.248	36.2074	36.1634	36.1514	36.1309	36.1112	36.1102	36.0774	36.0806	36.0799	36.0473	36.0354	35.9862	35.9868	35.9961	35.9586	35.971	35.9316	35.9429	35.8954	35.8913	35.8681	35.858	35.8499	35.8484	35.8128	35.8101	35.7928	35.7915	35.7498	35.7204	35.7156	35.7098	35.6768	35.6681	35.6652	35.6452	35.5938	35.591	35.5605	35.5653	35.5421	35.5279	35.4988	35.4741	35.461	35.4168	35.3954	35.4314	35.3747	35.3719	35.391	35.3517	35.3019	35.3285	35.2776	35.2458	35.26	35.2431	35.2097	35.2317	35.2097	35.1419	35.1255	35.1304	35.1114	35.1089	35.0272	35.0691	35.0663	35.0018	34.953	34.9586	34.9814	34.8871	34.9034	34.8699	34.8662	34.9266	34.8562	34.7947	34.773	34.7912	34.8121	34.7189	34.6842	34.7002	34.6806	34.6305	34.625	34.621	34.5622	34.5635	34.573	34.5432	34.5265	34.4663	34.4274	34.4904	34.4408	34.4609	34.4837	34.3843	34.3847	34.4135	34.3862	34.3642	34.2879	34.3365	34.2462	34.2592	34.256	34.1917	34.1017	34.0575	34.0685	34.0253	33.9782	34.0266	34.1219	34.1733	33.9428	33.9894	34.2136	34.2619	34.5794	35.9866
Tzo-CMvi_038-Ex1_L4_clmp.r1r2_fastp	36.0837	36.1995	36.3091	36.3426	36.3998	36.4132	36.3945	36.3727	36.3523	36.3817	36.3594	36.3354	36.3219	36.3226	36.3119	36.3067	36.3092	36.2952	36.2753	36.2355	36.2593	36.2513	36.2114	36.2242	36.1865	36.1358	36.1137	36.0977	36.0758	36.0665	36.0427	36.0418	36.0435	36.0079	36.0004	35.9377	35.9407	35.9504	35.9178	35.9269	35.8785	35.8953	35.8457	35.8447	35.8157	35.7996	35.7947	35.7968	35.7543	35.7556	35.731	35.7265	35.6949	35.6616	35.6509	35.6448	35.6124	35.6033	35.595	35.5783	35.5172	35.5096	35.4788	35.4832	35.4645	35.45	35.4212	35.3907	35.3811	35.3246	35.3119	35.3515	35.2839	35.2785	35.2949	35.2483	35.2009	35.2311	35.1695	35.1451	35.1363	35.137	35.104	35.133	35.1003	35.0335	35.0027	35.0136	34.9833	34.9861	34.8978	34.9321	34.9315	34.8747	34.8145	34.84	34.8513	34.7404	34.748	34.7221	34.7258	34.7839	34.7064	34.6396	34.6065	34.6258	34.6478	34.5536	34.5064	34.5239	34.4945	34.4525	34.4407	34.432	34.3684	34.3725	34.3665	34.3388	34.3179	34.2607	34.2187	34.2769	34.2185	34.2386	34.273	34.1652	34.1625	34.1918	34.176	34.1549	34.0595	34.1	33.9973	34.0254	34.0146	33.9512	33.8697	33.7964	33.8156	33.7871	33.7356	33.7851	33.8915	33.9247	33.6878	33.7273	33.9773	34.0442	34.3854	35.9142
Tzo-CMvi_040-Ex1_L4_clmp.r1r2_fastp	36.0236	36.2023	36.3297	36.3673	36.4294	36.445	36.4263	36.4121	36.3921	36.4271	36.4074	36.3885	36.3686	36.3677	36.3667	36.356	36.3644	36.3503	36.3333	36.3023	36.324	36.3082	36.2821	36.283	36.2472	36.2046	36.193	36.1746	36.1597	36.1602	36.1263	36.1268	36.1274	36.0974	36.0832	36.0364	36.0358	36.0477	36.0191	36.0252	35.9829	35.9899	35.9413	35.9523	35.9228	35.9006	35.9075	35.9028	35.8701	35.8721	35.849	35.848	35.8207	35.7827	35.7755	35.7656	35.736	35.7313	35.7309	35.7162	35.6665	35.6581	35.6246	35.6191	35.6116	35.5934	35.5768	35.5354	35.5255	35.4807	35.4774	35.512	35.457	35.438	35.4557	35.4211	35.3692	35.397	35.3482	35.3212	35.3179	35.3209	35.284	35.3141	35.2905	35.2143	35.2052	35.2024	35.1818	35.1839	35.1036	35.1415	35.1341	35.0805	35.0279	35.0471	35.0524	34.973	34.9846	34.9615	34.9558	35.0179	34.9565	34.8843	34.8605	34.8781	34.9003	34.8075	34.7819	34.7926	34.7686	34.7327	34.7301	34.7257	34.6709	34.6815	34.6666	34.6342	34.6278	34.5721	34.5306	34.6015	34.545	34.5743	34.6033	34.5012	34.4895	34.5226	34.5038	34.4918	34.4066	34.449	34.3715	34.3772	34.3771	34.3173	34.2345	34.1783	34.1875	34.1554	34.1058	34.1456	34.2474	34.2883	34.0573	34.1026	34.3334	34.383	34.6903	36.0183
Tzo-CMvi_041-Ex1_L4_clmp.r1r2_fastp	36.1457	36.2723	36.3783	36.406	36.4593	36.4703	36.4551	36.4401	36.4224	36.4491	36.4263	36.4072	36.3961	36.3963	36.3898	36.3822	36.3877	36.3722	36.3503	36.3207	36.3407	36.3342	36.3035	36.3044	36.2699	36.23	36.21	36.1946	36.1767	36.1741	36.145	36.1503	36.152	36.1193	36.1003	36.0605	36.0561	36.0648	36.034	36.0424	35.9992	36.0146	35.9595	35.9632	35.9421	35.923	35.923	35.919	35.8839	35.8847	35.8656	35.8554	35.8301	35.8017	35.7927	35.7815	35.7479	35.7497	35.7436	35.7179	35.6706	35.6652	35.6347	35.6383	35.6223	35.5992	35.5741	35.5565	35.5413	35.4871	35.4724	35.5107	35.4459	35.4481	35.4564	35.4184	35.3796	35.4041	35.3438	35.3244	35.319	35.3163	35.2772	35.3065	35.2857	35.2106	35.196	35.1938	35.1734	35.1665	35.1056	35.1484	35.1301	35.072	35.0102	35.0296	35.0468	34.9539	34.9726	34.9424	34.9446	35.0041	34.9332	34.8588	34.8394	34.8599	34.88	34.7849	34.7605	34.7712	34.7603	34.7162	34.7076	34.7053	34.6393	34.6437	34.635	34.6117	34.6033	34.5487	34.5001	34.565	34.5165	34.5402	34.5552	34.4652	34.4574	34.4845	34.4616	34.4433	34.3548	34.4091	34.3218	34.3274	34.3205	34.2651	34.1728	34.1366	34.1443	34.1007	34.0542	34.1002	34.1903	34.2377	34.0005	34.0621	34.2777	34.3269	34.6466	36.0103
Tzo-CMvi_042-Ex1_L4_clmp.r1r2_fastp	35.9856	36.1495	36.2824	36.3196	36.3882	36.396	36.382	36.3628	36.3398	36.3699	36.3447	36.3227	36.3115	36.3123	36.3044	36.2929	36.2975	36.2853	36.2605	36.2294	36.2439	36.2372	36.2009	36.2001	36.1693	36.1191	36.1053	36.0733	36.0664	36.0614	36.0209	36.0227	36.0286	35.9911	35.9707	35.9099	35.9125	35.9298	35.8895	35.8933	35.8495	35.8596	35.8179	35.8239	35.777	35.7603	35.753	35.7574	35.7124	35.7285	35.683	35.6781	35.6465	35.6208	35.6135	35.5907	35.5643	35.5662	35.5403	35.5181	35.4726	35.4659	35.4243	35.4371	35.4125	35.3963	35.3656	35.3408	35.3261	35.263	35.2475	35.2976	35.2417	35.2223	35.25	35.2055	35.149	35.166	35.1177	35.0727	35.0874	35.0872	35.0436	35.0846	35.0514	34.9841	34.9605	34.957	34.9277	34.9156	34.8375	34.8892	34.8623	34.8186	34.7582	34.775	34.7708	34.6726	34.689	34.6506	34.6658	34.7107	34.6456	34.5593	34.5545	34.5776	34.5911	34.5054	34.4458	34.4766	34.449	34.3873	34.3747	34.3793	34.3042	34.3109	34.3198	34.2945	34.2632	34.1902	34.1634	34.2276	34.1644	34.1749	34.218	34.1275	34.1117	34.1217	34.1043	34.0743	33.9898	34.0408	33.9396	33.9471	33.9514	33.8637	33.7873	33.7496	33.7601	33.7244	33.669	33.7094	33.8323	33.8607	33.6289	33.6768	33.9382	33.9882	34.3586	35.9095
Tzo-CMvi_044-Ex1_L4_clmp.r1r2_fastp	35.9874	36.1738	36.3029	36.349	36.4107	36.4233	36.4124	36.3954	36.3729	36.4087	36.39	36.365	36.35	36.3538	36.347	36.3407	36.3469	36.3289	36.3042	36.2783	36.2911	36.2891	36.2563	36.2659	36.2262	36.1816	36.1573	36.1369	36.1232	36.1237	36.0783	36.0853	36.0884	36.0467	36.0368	35.98	35.981	36.0043	35.9614	35.9566	35.9197	35.9404	35.8816	35.8779	35.8559	35.8391	35.8365	35.8249	35.7989	35.7872	35.7616	35.7675	35.7229	35.6973	35.6937	35.6699	35.6567	35.6407	35.6322	35.6176	35.5576	35.5633	35.5192	35.5208	35.5038	35.4825	35.4652	35.434	35.4057	35.3532	35.3418	35.3602	35.3135	35.3075	35.3203	35.2803	35.2297	35.2645	35.2019	35.1821	35.1747	35.1826	35.1245	35.1625	35.1343	35.0578	35.0417	35.0493	35.0298	35.0121	34.9411	34.993	34.9811	34.9073	34.8575	34.8739	34.894	34.7975	34.7886	34.7752	34.7697	34.823	34.7426	34.6642	34.6562	34.6765	34.6922	34.6024	34.5575	34.5956	34.5662	34.5133	34.5013	34.4877	34.4323	34.4546	34.4436	34.4036	34.4058	34.3306	34.2907	34.3527	34.275	34.3101	34.3299	34.2473	34.2161	34.2649	34.2246	34.2066	34.1252	34.1658	34.0853	34.079	34.0853	34.0192	33.9234	33.8868	33.8961	33.8627	33.8014	33.859	33.9526	33.9978	33.7481	33.817	34.064	34.0985	34.4547	35.9463
Tzo-CMvi_045-Ex1_L4_clmp.r1r2_fastp	35.9398	36.1546	36.2787	36.3277	36.3979	36.42	36.4131	36.3953	36.3843	36.4065	36.3851	36.3711	36.3593	36.36	36.3586	36.3461	36.3516	36.3415	36.3144	36.2818	36.3039	36.2921	36.2583	36.2639	36.233	36.1886	36.1756	36.1514	36.1386	36.1356	36.1026	36.103	36.1108	36.0732	36.0571	36.0076	36.0116	36.0142	35.9907	35.9905	35.9535	35.9695	35.9075	35.9107	35.8907	35.8713	35.8686	35.8802	35.8227	35.8294	35.803	35.7946	35.7601	35.732	35.7265	35.7208	35.6915	35.6814	35.679	35.6507	35.602	35.5965	35.5686	35.5686	35.5517	35.5362	35.5083	35.4916	35.4729	35.4286	35.4151	35.4417	35.3889	35.374	35.3915	35.3513	35.314	35.3278	35.2715	35.2331	35.2488	35.238	35.1977	35.2345	35.202	35.1299	35.1077	35.1187	35.0986	35.0903	35.0071	35.0532	35.0555	34.9772	34.9371	34.9608	34.9653	34.8642	34.8805	34.8626	34.8546	34.9234	34.8516	34.7561	34.7503	34.7616	34.7854	34.7	34.6567	34.6782	34.6533	34.607	34.6005	34.6073	34.5338	34.5522	34.5369	34.5224	34.5276	34.4539	34.3935	34.469	34.4015	34.4392	34.4584	34.3802	34.3455	34.3834	34.3721	34.3464	34.2621	34.3071	34.2041	34.232	34.2262	34.1785	34.0587	34.0273	34.0349	33.9989	33.9343	33.9885	34.0959	34.1442	33.8974	33.9429	34.1861	34.2458	34.5597	35.9714
Tzo-CMvi_046-Ex1_L4_clmp.r1r2_fastp	36.0878	36.2037	36.3128	36.3495	36.4098	36.4232	36.406	36.3892	36.3602	36.3925	36.3739	36.3496	36.3397	36.3335	36.3322	36.3217	36.3264	36.3094	36.2882	36.2537	36.2726	36.2622	36.2271	36.2361	36.1983	36.1468	36.1317	36.112	36.0939	36.0907	36.0581	36.0577	36.0604	36.0251	36.0072	35.9586	35.9538	35.9647	35.9297	35.943	35.8945	35.9031	35.8589	35.8538	35.8293	35.811	35.8108	35.8107	35.7724	35.7649	35.7396	35.7394	35.7029	35.6713	35.6594	35.6516	35.6168	35.6151	35.6098	35.5881	35.5252	35.5252	35.4944	35.4986	35.4758	35.4584	35.4403	35.4038	35.3881	35.3457	35.3207	35.3587	35.2973	35.2819	35.3021	35.2685	35.2213	35.2393	35.1912	35.1611	35.1541	35.1416	35.1226	35.1366	35.1202	35.0405	35.0325	35.0325	35.0047	35.0032	34.9276	34.9659	34.9536	34.8959	34.8307	34.8524	34.869	34.7551	34.7793	34.7425	34.7371	34.7989	34.7335	34.6452	34.6286	34.6444	34.6712	34.5638	34.5291	34.5426	34.5284	34.4763	34.4819	34.4759	34.3981	34.4092	34.4026	34.3761	34.3556	34.2962	34.2474	34.3193	34.254	34.2873	34.3038	34.1983	34.1814	34.222	34.1906	34.1783	34.075	34.1325	34.0542	34.0687	34.0608	33.9972	33.901	33.8584	33.8551	33.8141	33.7618	33.81	33.9168	33.9628	33.7321	33.7872	34.0154	34.0765	34.4228	35.9374
Tzo-CMvi_047-Ex1_L4_clmp.r1r2_fastp	36.213	36.2826	36.3792	36.4056	36.4542	36.4638	36.4416	36.4264	36.4014	36.4273	36.4044	36.394	36.3742	36.3749	36.3715	36.3621	36.366	36.3529	36.331	36.2979	36.322	36.3073	36.2741	36.2821	36.2472	36.2046	36.1879	36.1639	36.1522	36.1443	36.1142	36.1173	36.1216	36.0849	36.0637	36.0201	36.0163	36.0282	35.9938	36.0064	35.9638	35.9788	35.9282	35.9331	35.9072	35.8876	35.8822	35.8753	35.8431	35.8434	35.8305	35.8232	35.7951	35.7624	35.7645	35.7407	35.7003	35.7039	35.6943	35.6832	35.6318	35.6232	35.6003	35.5978	35.5772	35.5591	35.5337	35.5044	35.4958	35.4418	35.4328	35.4725	35.4064	35.4126	35.4229	35.387	35.3502	35.3693	35.3062	35.2747	35.2756	35.2764	35.2402	35.2772	35.2425	35.1792	35.1613	35.1679	35.1419	35.1294	35.0628	35.0955	35.0883	35.0305	34.9846	34.9987	35.0169	34.9224	34.9413	34.9069	34.8979	34.9583	34.8921	34.8205	34.8065	34.8217	34.8428	34.7493	34.7104	34.7206	34.7047	34.6643	34.6442	34.6459	34.5913	34.5943	34.584	34.5613	34.5442	34.4928	34.4373	34.5134	34.4529	34.4854	34.5086	34.4088	34.3957	34.4171	34.4073	34.3891	34.3018	34.3427	34.2575	34.2628	34.2679	34.2103	34.1206	34.0677	34.0926	34.0506	33.9932	34.0422	34.1397	34.1693	33.9569	33.9989	34.2253	34.2758	34.6088	35.9976
Tzo-CMvi_048-Ex1_L4_clmp.r1r2_fastp	36.0666	36.2093	36.3247	36.3599	36.4198	36.4282	36.4112	36.3936	36.3754	36.407	36.3851	36.364	36.3473	36.3511	36.3482	36.335	36.3429	36.3277	36.3017	36.2733	36.2924	36.2789	36.251	36.2591	36.2232	36.174	36.1578	36.139	36.1194	36.1221	36.089	36.0893	36.094	36.0522	36.0389	35.9926	35.993	35.9991	35.9691	35.9732	35.9346	35.9442	35.8962	35.8906	35.8621	35.8491	35.85	35.8536	35.8129	35.8163	35.7854	35.7824	35.7542	35.7166	35.7143	35.7003	35.6721	35.6594	35.6559	35.6411	35.5868	35.5781	35.5506	35.5504	35.5348	35.5125	35.4947	35.4603	35.444	35.396	35.3839	35.4237	35.3622	35.3574	35.3696	35.3346	35.2926	35.3082	35.2573	35.2292	35.2265	35.2238	35.1909	35.2163	35.1927	35.111	35.0982	35.11	35.0764	35.0707	34.991	35.0407	35.0294	34.963	34.9127	34.9297	34.9474	34.8499	34.8594	34.8303	34.8226	34.8957	34.8156	34.7331	34.7201	34.7445	34.7566	34.6665	34.6339	34.6532	34.6311	34.5794	34.5731	34.5721	34.5034	34.5131	34.5038	34.4795	34.4709	34.418	34.365	34.4354	34.3759	34.4061	34.4286	34.326	34.3171	34.3498	34.3305	34.3099	34.2326	34.2729	34.1922	34.1962	34.19	34.1303	34.0401	33.9958	34.0024	33.9615	33.9165	33.9646	34.0628	34.1043	33.8767	33.9245	34.1512	34.2171	34.5373	35.9628
Tzo-CMvi_049-Ex1_L4_clmp.r1r2_fastp	36.037	36.1992	36.3229	36.3675	36.4276	36.4347	36.4159	36.4053	36.3899	36.4192	36.3969	36.379	36.3566	36.3626	36.3538	36.3546	36.3582	36.3406	36.3178	36.2893	36.3094	36.3002	36.2652	36.2763	36.2342	36.1885	36.1721	36.1501	36.1371	36.1314	36.0935	36.1026	36.1112	36.0682	36.0529	36.0074	36.0028	36.0262	35.9831	35.9877	35.9434	35.9576	35.9056	35.9104	35.8803	35.8636	35.8613	35.8594	35.8302	35.8226	35.7978	35.7922	35.764	35.7345	35.7267	35.7091	35.6777	35.6698	35.6708	35.6442	35.5852	35.5795	35.561	35.5634	35.5435	35.5208	35.498	35.4609	35.4518	35.4006	35.3877	35.4203	35.3702	35.3665	35.3647	35.3329	35.2895	35.3123	35.2364	35.2184	35.2161	35.2095	35.1741	35.2018	35.166	35.1003	35.0888	35.0904	35.0677	35.0596	34.9745	35.02	35.0153	34.9549	34.9005	34.9192	34.9329	34.8375	34.8523	34.818	34.8118	34.8724	34.8097	34.7239	34.6974	34.7273	34.7507	34.6454	34.6132	34.6261	34.6114	34.5579	34.5566	34.5448	34.4812	34.4989	34.4839	34.4612	34.4443	34.3804	34.3441	34.3995	34.3448	34.3767	34.3902	34.3019	34.2912	34.3046	34.3106	34.2659	34.1895	34.2316	34.1422	34.1599	34.1638	34.0868	33.9901	33.9469	33.9653	33.919	33.8727	33.9148	34.0201	34.0568	33.845	33.8827	34.115	34.1723	34.5376	35.9628
Tzo-CMvi_050-Ex1_L4_clmp.r1r2_fastp	36.0462	36.2067	36.3235	36.3619	36.4252	36.4376	36.4247	36.4074	36.3923	36.4208	36.3894	36.3749	36.3628	36.3588	36.3528	36.3451	36.3579	36.3405	36.3241	36.2825	36.3022	36.2975	36.2649	36.2699	36.2327	36.1904	36.1789	36.1553	36.1335	36.1275	36.103	36.097	36.1017	36.0662	36.0514	35.9993	35.9949	36.0079	35.9649	35.9712	35.9337	35.9519	35.8864	35.8978	35.87	35.8519	35.8476	35.8519	35.805	35.8019	35.787	35.7843	35.7414	35.7216	35.7179	35.6967	35.6618	35.6564	35.6512	35.6364	35.5837	35.572	35.5346	35.5509	35.5324	35.5065	35.485	35.4611	35.4532	35.3931	35.3761	35.4083	35.3596	35.3603	35.3625	35.333	35.2703	35.3055	35.2547	35.2181	35.2162	35.2204	35.1795	35.2116	35.1846	35.1067	35.0853	35.0925	35.0751	35.0616	34.9836	35.0362	35.0234	34.9661	34.9013	34.9293	34.9441	34.8376	34.8536	34.8431	34.8341	34.8941	34.8133	34.7415	34.721	34.7342	34.763	34.6708	34.6302	34.6506	34.6284	34.5821	34.5883	34.591	34.5142	34.5292	34.5203	34.4969	34.4712	34.4217	34.3743	34.4398	34.3734	34.4155	34.4249	34.3507	34.3199	34.3521	34.3286	34.3245	34.2226	34.2661	34.1671	34.186	34.1808	34.129	34.0337	33.9942	34.003	33.9672	33.908	33.9592	34.0615	34.0955	33.8562	33.9116	34.1443	34.2125	34.5383	35.9716
Tzo-CMvi_051-Ex1_L4_clmp.r1r2_fastp	36.0612	36.2008	36.3139	36.3519	36.4081	36.4174	36.4005	36.3885	36.3655	36.3977	36.3764	36.3512	36.3334	36.3328	36.3257	36.3167	36.3258	36.3132	36.2915	36.2585	36.2763	36.2638	36.2304	36.2342	36.1948	36.1493	36.1374	36.114	36.0952	36.0908	36.059	36.0603	36.0619	36.0273	35.9992	35.9513	35.9559	35.9651	35.936	35.9382	35.897	35.9081	35.851	35.8522	35.8309	35.8088	35.8044	35.8083	35.7696	35.7587	35.7473	35.7318	35.7001	35.663	35.6581	35.6477	35.6152	35.6096	35.6089	35.5871	35.5298	35.5274	35.4936	35.4836	35.4688	35.45	35.4254	35.3905	35.3853	35.3292	35.319	35.3477	35.2945	35.2799	35.2946	35.2571	35.2071	35.2263	35.1747	35.141	35.1449	35.1436	35.1062	35.1319	35.1026	35.0293	35.0114	35.0121	34.9906	34.9808	34.9136	34.9457	34.9427	34.8797	34.8232	34.8401	34.8601	34.7454	34.764	34.7264	34.7412	34.7884	34.7223	34.6442	34.6194	34.6413	34.669	34.5674	34.5287	34.5398	34.5217	34.4743	34.4728	34.4629	34.4068	34.4067	34.3884	34.3714	34.3647	34.2983	34.2537	34.3265	34.2721	34.2915	34.312	34.2132	34.1984	34.227	34.2119	34.1849	34.1075	34.1613	34.0645	34.0714	34.0782	33.9997	33.9101	33.8687	33.8714	33.822	33.7839	33.8384	33.9397	33.9716	33.7447	33.7893	34.028	34.095	34.4474	35.9359
Tzo-CMvi_052-Ex1_L4_clmp.r1r2_fastp	36.1655	36.2611	36.3508	36.383	36.4373	36.4502	36.4364	36.4198	36.3969	36.4246	36.4056	36.3849	36.3733	36.3705	36.3656	36.3561	36.3619	36.3459	36.3277	36.2928	36.3143	36.3063	36.2707	36.2798	36.2484	36.1943	36.1809	36.1649	36.1501	36.1444	36.1163	36.1172	36.1141	36.0851	36.0696	36.0209	36.0213	36.0292	35.9909	36.0033	35.9594	35.9755	35.924	35.9206	35.8991	35.8843	35.8793	35.8778	35.8392	35.8432	35.8149	35.8121	35.7809	35.7502	35.7476	35.7341	35.705	35.7018	35.6976	35.6754	35.6221	35.6186	35.5867	35.5876	35.5757	35.5567	35.5342	35.4951	35.4856	35.4367	35.4234	35.4676	35.4017	35.395	35.4097	35.3807	35.3273	35.3508	35.2947	35.2728	35.2657	35.2635	35.2302	35.2533	35.2279	35.1593	35.1381	35.1517	35.1246	35.1098	35.0507	35.081	35.0734	35.0176	34.9519	34.9821	35.0005	34.9049	34.9092	34.8871	34.8761	34.9444	34.866	34.8008	34.7831	34.7943	34.8166	34.7201	34.6901	34.7033	34.6855	34.6402	34.6318	34.6302	34.5732	34.5693	34.5606	34.5358	34.5217	34.4668	34.4277	34.4989	34.4327	34.4606	34.4768	34.3873	34.3792	34.3962	34.3863	34.3632	34.2807	34.3208	34.243	34.2549	34.2444	34.1838	34.0963	34.0475	34.0547	34.0168	33.9703	34.0254	34.1154	34.1652	33.9206	33.9876	34.1952	34.2489	34.572	35.9848
Tzo-CMvi_053-Ex1_L4_clmp.r1r2_fastp	35.912	36.1302	36.2724	36.3275	36.4014	36.4104	36.3988	36.3886	36.369	36.4057	36.3802	36.3614	36.343	36.3412	36.3357	36.3293	36.3424	36.324	36.3047	36.2716	36.2911	36.2689	36.249	36.2498	36.2215	36.1705	36.159	36.1306	36.1262	36.1225	36.0919	36.0875	36.0979	36.049	36.0386	36.0006	35.9917	35.9983	35.9787	35.9758	35.9304	35.9397	35.8877	35.8716	35.8538	35.8388	35.8346	35.8428	35.8189	35.8127	35.7793	35.7839	35.75	35.7193	35.6967	35.6987	35.6617	35.6366	35.6397	35.6221	35.5876	35.574	35.5369	35.5563	35.5411	35.4984	35.4841	35.4574	35.4411	35.3756	35.3718	35.4104	35.3349	35.3285	35.339	35.3044	35.2496	35.2915	35.235	35.212	35.2003	35.1926	35.1629	35.1804	35.1478	35.0846	35.0608	35.0569	35.0372	35.0327	34.959	35.0037	34.9971	34.934	34.8881	34.887	34.9113	34.8184	34.8394	34.8003	34.7982	34.864	34.7853	34.7334	34.6951	34.7373	34.7482	34.6507	34.5971	34.632	34.6002	34.5746	34.5422	34.5723	34.4982	34.4921	34.4727	34.4576	34.4545	34.3977	34.3166	34.4086	34.3399	34.3792	34.3838	34.3256	34.3096	34.3197	34.2924	34.2963	34.1939	34.2565	34.1567	34.1541	34.1693	34.106	34.0231	33.9737	33.9882	33.9186	33.8712	33.9368	34.0488	34.0819	33.8301	33.9102	34.1385	34.1732	34.5346	35.9536
Tzo-CMvi_054-Ex1_L4_clmp.r1r2_fastp	36.1061	36.2216	36.3234	36.3664	36.4148	36.4323	36.414	36.3957	36.3768	36.3996	36.3838	36.3626	36.3538	36.359	36.3445	36.3369	36.3403	36.3248	36.3076	36.2702	36.2912	36.2799	36.2463	36.2564	36.2168	36.1725	36.1553	36.1321	36.1186	36.1124	36.0801	36.079	36.0847	36.0499	36.0369	35.9911	35.9797	35.9957	35.9567	35.9714	35.9276	35.944	35.8886	35.8903	35.8667	35.8567	35.8407	35.8398	35.8044	35.8147	35.7867	35.7828	35.7543	35.7169	35.7146	35.6948	35.6668	35.6692	35.6508	35.6328	35.585	35.5764	35.5479	35.5494	35.5351	35.5152	35.489	35.4574	35.4454	35.3982	35.3823	35.423	35.3629	35.3537	35.3693	35.3305	35.2893	35.303	35.239	35.2155	35.2253	35.2126	35.1864	35.2146	35.1929	35.1136	35.1029	35.1043	35.0845	35.0719	35.0021	35.0392	35.0283	34.9751	34.9287	34.9475	34.9583	34.8564	34.878	34.8434	34.8375	34.8907	34.8277	34.7576	34.7356	34.7586	34.772	34.6834	34.6656	34.6701	34.6512	34.6034	34.5991	34.5902	34.5301	34.5353	34.5348	34.5036	34.5006	34.4336	34.385	34.4593	34.3986	34.4239	34.4395	34.3433	34.3555	34.3666	34.3677	34.3259	34.2469	34.2864	34.2052	34.2107	34.1998	34.1439	34.0582	34.0082	34.0289	33.985	33.9529	33.983	34.0878	34.1178	33.8882	33.9495	34.1718	34.2282	34.5674	35.9769
Tzo-CMvi_057-Ex1_L4_clmp.r1r2_fastp	36.1455	36.2472	36.3544	36.3841	36.4394	36.4509	36.4306	36.4172	36.3967	36.4258	36.4049	36.3866	36.3682	36.3661	36.3613	36.3549	36.363	36.3494	36.3311	36.2986	36.3133	36.3003	36.2761	36.2781	36.247	36.1969	36.1876	36.1705	36.1548	36.149	36.1158	36.1155	36.1213	36.0885	36.075	36.0257	36.0264	36.0322	36.0047	36.0149	35.9781	35.9908	35.9345	35.9448	35.9196	35.8994	35.8908	35.8962	35.8581	35.8599	35.8423	35.8296	35.7997	35.7702	35.7652	35.7524	35.7228	35.7149	35.7144	35.6959	35.6457	35.6406	35.604	35.6069	35.5864	35.5804	35.555	35.5261	35.5179	35.4624	35.4557	35.4913	35.4299	35.4348	35.4377	35.3988	35.3561	35.3864	35.3314	35.2991	35.3075	35.2974	35.269	35.2881	35.2642	35.191	35.1691	35.1771	35.1616	35.1497	35.0819	35.1287	35.1226	35.0668	35.0067	35.025	35.0458	34.945	34.9631	34.9354	34.9407	34.9913	34.924	34.8506	34.8389	34.8525	34.8653	34.7732	34.7409	34.7514	34.7525	34.7021	34.6976	34.6878	34.6404	34.644	34.6328	34.6063	34.5868	34.537	34.4934	34.5682	34.5206	34.5313	34.5622	34.4655	34.4622	34.4772	34.47	34.451	34.3635	34.4115	34.3285	34.3324	34.3316	34.2701	34.1822	34.1379	34.1513	34.1007	34.0559	34.1068	34.2034	34.2484	34.0248	34.0574	34.2735	34.3295	34.6462	36.0033
Tzo-CMvi_058-Ex1_L4_clmp.r1r2_fastp	35.9669	36.14	36.264	36.3131	36.3777	36.3913	36.3812	36.3609	36.3476	36.3765	36.3577	36.3462	36.3278	36.3312	36.3287	36.3111	36.3202	36.3068	36.2849	36.2508	36.2686	36.2591	36.2289	36.2384	36.2002	36.15	36.1365	36.1231	36.1083	36.101	36.0702	36.0694	36.0804	36.0473	36.0252	35.9737	35.9775	35.9855	35.9509	35.9616	35.9185	35.9267	35.8789	35.8759	35.8525	35.8326	35.8301	35.8373	35.7947	35.7932	35.7691	35.7657	35.7417	35.7112	35.6955	35.6913	35.6583	35.6593	35.6373	35.6274	35.5634	35.5626	35.5368	35.5284	35.5292	35.5068	35.4613	35.4487	35.4296	35.3818	35.3748	35.4092	35.3516	35.346	35.3636	35.3208	35.2785	35.3166	35.2521	35.2184	35.2316	35.2275	35.1833	35.2152	35.2052	35.1102	35.0866	35.0976	35.0732	35.0819	35.0086	35.0395	35.0295	34.9698	34.9169	34.9482	34.955	34.8498	34.8677	34.8353	34.8481	34.8902	34.8202	34.7427	34.7326	34.7513	34.7729	34.6828	34.6414	34.6655	34.6384	34.6045	34.5861	34.5888	34.5204	34.531	34.5219	34.5046	34.4775	34.4218	34.3772	34.4606	34.3857	34.422	34.4486	34.36	34.3353	34.3586	34.3471	34.3326	34.2418	34.2819	34.1862	34.2217	34.1932	34.1465	34.0382	33.9946	34.0152	33.9686	33.9188	33.9889	34.0904	34.1228	33.8823	33.9393	34.1613	34.1989	34.5543	35.9678
Tzo-CMvi_061-Ex1_L4_clmp.r1r2_fastp	36.103	36.2363	36.3493	36.3896	36.4432	36.4525	36.4383	36.4279	36.3979	36.4248	36.4082	36.3896	36.3837	36.3838	36.3754	36.3626	36.3756	36.3536	36.3414	36.3052	36.3267	36.3128	36.2831	36.2841	36.2551	36.2079	36.2	36.1781	36.1534	36.1553	36.1246	36.1253	36.1297	36.0949	36.0815	36.0362	36.0333	36.0411	36.0172	36.019	35.9764	35.9877	35.9418	35.9442	35.9175	35.8958	35.8827	35.8905	35.8537	35.8603	35.839	35.8352	35.7989	35.7698	35.7658	35.7558	35.7084	35.7077	35.699	35.6913	35.6272	35.6235	35.5935	35.6006	35.5786	35.5615	35.5336	35.5127	35.4982	35.4425	35.4298	35.4727	35.4133	35.4143	35.4228	35.3946	35.3288	35.3613	35.307	35.2918	35.2676	35.2687	35.2405	35.281	35.2445	35.1639	35.1508	35.1547	35.129	35.1147	35.0537	35.0983	35.0877	35.0273	34.9839	34.9981	35.006	34.9128	34.9259	34.8883	34.888	34.9515	34.8921	34.819	34.7941	34.8185	34.824	34.7393	34.6952	34.7207	34.687	34.6343	34.6352	34.6422	34.5774	34.5709	34.5697	34.5491	34.5329	34.4697	34.4336	34.4928	34.433	34.4595	34.4914	34.3946	34.3901	34.4181	34.3982	34.3824	34.3008	34.3359	34.2476	34.2675	34.246	34.1912	34.1006	34.0656	34.0635	34.0332	33.9713	34.0322	34.123	34.1575	33.9326	33.9872	34.1982	34.2675	34.5953	35.9937
Tzo-CMvi_063-Ex1_L4_clmp.r1r2_fastp	36.1224	36.2384	36.3446	36.377	36.4311	36.4388	36.4229	36.3998	36.3843	36.4165	36.3926	36.3727	36.3589	36.3586	36.3515	36.3431	36.3484	36.3348	36.3131	36.2837	36.3024	36.2926	36.2588	36.2677	36.2335	36.1866	36.169	36.1521	36.1354	36.1319	36.1028	36.1017	36.1095	36.073	36.0558	36.0073	36.0099	36.0239	35.984	35.9982	35.9565	35.9667	35.9161	35.9159	35.8857	35.8722	35.8734	35.8708	35.8372	35.833	35.8156	35.8116	35.7834	35.7473	35.7513	35.7347	35.7045	35.6981	35.6948	35.6734	35.6265	35.6179	35.5897	35.5869	35.5717	35.556	35.5305	35.5052	35.495	35.4442	35.4315	35.465	35.3975	35.3999	35.4187	35.3841	35.3382	35.3586	35.3036	35.2853	35.279	35.2776	35.2522	35.2717	35.2483	35.1792	35.1594	35.1665	35.1359	35.1375	35.0592	35.1105	35.1007	35.0414	34.9899	35.0059	35.021	34.9232	34.9454	34.9092	34.9115	34.9668	34.9099	34.836	34.8159	34.8319	34.8561	34.755	34.7223	34.74	34.7264	34.6742	34.6694	34.6675	34.6119	34.6158	34.6133	34.5744	34.5735	34.5123	34.4689	34.5511	34.494	34.5161	34.5416	34.4394	34.4337	34.4562	34.4446	34.4124	34.3363	34.3857	34.303	34.3125	34.3085	34.2521	34.161	34.1103	34.1311	34.0918	34.0467	34.0948	34.1962	34.2297	33.9965	34.0543	34.2783	34.3313	34.6359	36.0024
Tzo-CMvi_064-Ex1_L4_clmp.r1r2_fastp	35.9981	36.1745	36.3121	36.3487	36.4159	36.4183	36.4035	36.387	36.3767	36.4066	36.3856	36.3706	36.3557	36.3561	36.3521	36.3428	36.3516	36.3346	36.3174	36.2832	36.3078	36.2944	36.2697	36.2742	36.2345	36.1946	36.1771	36.1596	36.1457	36.1461	36.116	36.1165	36.1169	36.0885	36.0775	36.0243	36.0153	36.0333	36.0034	36.012	35.9716	35.9795	35.9332	35.9345	35.9044	35.8918	35.8868	35.8964	35.8618	35.8522	35.8421	35.8395	35.8056	35.767	35.7695	35.7474	35.7239	35.7194	35.7178	35.6955	35.6443	35.644	35.6134	35.6141	35.5969	35.5821	35.5619	35.5316	35.5156	35.4581	35.4544	35.4907	35.4328	35.429	35.4361	35.4046	35.3608	35.3799	35.3197	35.299	35.2972	35.3024	35.2531	35.2931	35.2552	35.1898	35.1711	35.1855	35.1615	35.1577	35.0763	35.1288	35.1308	35.0737	35.01	35.03	35.0453	34.9441	34.9586	34.9354	34.9399	34.9934	34.9259	34.8422	34.829	34.8555	34.8772	34.7756	34.7435	34.7644	34.7353	34.6949	34.6773	34.6874	34.6266	34.635	34.624	34.6061	34.589	34.533	34.4937	34.5659	34.499	34.5323	34.5551	34.4566	34.455	34.4776	34.4648	34.4308	34.3481	34.4024	34.3176	34.3249	34.3237	34.2535	34.1605	34.1182	34.1238	34.0825	34.0358	34.0818	34.2028	34.2413	33.9875	34.0513	34.271	34.3208	34.6188	35.9805
Tzo-CMvi_065-Ex1_L4_clmp.r1r2_fastp	36.1924	36.2736	36.3673	36.3973	36.449	36.4553	36.4398	36.4226	36.4037	36.4348	36.409	36.3885	36.3704	36.3764	36.3698	36.365	36.3686	36.3517	36.3308	36.3018	36.3188	36.308	36.2763	36.281	36.2511	36.1995	36.1886	36.1693	36.1533	36.1473	36.1158	36.121	36.1241	36.0906	36.0746	36.027	36.028	36.0368	36.0052	36.0152	35.9753	35.9854	35.9371	35.9385	35.9126	35.9037	35.8975	35.8912	35.8565	35.8618	35.838	35.8331	35.7992	35.773	35.7634	35.7556	35.7277	35.7216	35.7152	35.7009	35.6456	35.6381	35.6143	35.6078	35.5945	35.5773	35.563	35.5346	35.5256	35.4669	35.4525	35.4891	35.4293	35.4285	35.4413	35.4068	35.3562	35.3803	35.3208	35.3048	35.3067	35.2997	35.2615	35.2949	35.2706	35.1948	35.1839	35.1889	35.1652	35.1572	35.0864	35.1261	35.1206	35.0589	35.0004	35.0213	35.0409	34.9471	34.9612	34.9268	34.929	34.9901	34.9185	34.8503	34.8299	34.8472	34.8655	34.7689	34.7468	34.7542	34.7452	34.6927	34.6929	34.6807	34.6236	34.6293	34.62	34.601	34.5857	34.5277	34.4802	34.55	34.4942	34.5219	34.5487	34.4493	34.4444	34.4634	34.4537	34.4135	34.3366	34.3933	34.3044	34.3185	34.3082	34.2485	34.1582	34.1116	34.1219	34.083	34.0366	34.0798	34.1742	34.2182	33.9917	34.0334	34.26	34.3084	34.6276	36.0011
Tzo-CMvi_066-Ex1_L4_clmp.r1r2_fastp	36.0222	36.1993	36.327	36.3632	36.4243	36.4322	36.4161	36.4049	36.3841	36.412	36.3844	36.371	36.3641	36.3597	36.3599	36.3395	36.3544	36.3367	36.3131	36.2845	36.2998	36.2869	36.2594	36.2638	36.2249	36.1777	36.1572	36.1364	36.1221	36.1128	36.076	36.0873	36.0844	36.0527	36.0354	35.987	35.9912	35.9973	35.9631	35.9737	35.9303	35.9396	35.8855	35.891	35.8609	35.8451	35.835	35.8249	35.7973	35.7934	35.771	35.7661	35.7344	35.6897	35.6933	35.6837	35.646	35.6361	35.6283	35.6101	35.5584	35.5456	35.5123	35.5249	35.4965	35.4892	35.464	35.4323	35.4199	35.3586	35.3336	35.3816	35.3149	35.3169	35.3378	35.2974	35.2428	35.2708	35.2078	35.1675	35.1663	35.1573	35.125	35.162	35.1475	35.0584	35.0485	35.047	35.0176	35.0108	34.9344	34.971	34.9624	34.9126	34.8511	34.8672	34.8814	34.7857	34.7935	34.7605	34.7618	34.8162	34.7431	34.6628	34.6536	34.6659	34.6974	34.5859	34.5587	34.5757	34.5549	34.5066	34.4961	34.4931	34.4378	34.4256	34.4261	34.405	34.3952	34.3336	34.2861	34.3497	34.2984	34.3244	34.3439	34.2382	34.2266	34.252	34.2464	34.2185	34.1327	34.1857	34.0877	34.1082	34.1056	34.0526	33.9453	33.9026	33.9208	33.8802	33.8345	33.8876	33.9888	34.0117	33.795	33.8474	34.0675	34.1317	34.4921	35.9622
Tzo-CMvi_067-Ex1_L4_clmp.r1r2_fastp	36.0441	36.1641	36.2795	36.3165	36.3732	36.3809	36.3654	36.3461	36.3257	36.3569	36.335	36.3107	36.2952	36.2938	36.2883	36.2746	36.2828	36.2708	36.2428	36.2096	36.2307	36.2216	36.1897	36.1983	36.1571	36.0999	36.0848	36.0666	36.0418	36.0388	36.0043	35.9978	36.0098	35.9672	35.9561	35.8993	35.9	35.9108	35.8765	35.8843	35.8362	35.8524	35.7993	35.7925	35.7671	35.7514	35.7521	35.749	35.7119	35.7078	35.6854	35.6837	35.6467	35.6183	35.6042	35.5895	35.5628	35.5531	35.5499	35.5284	35.4614	35.4641	35.4326	35.4358	35.4038	35.3837	35.3649	35.3369	35.3178	35.2619	35.2539	35.2922	35.2258	35.221	35.2297	35.191	35.1421	35.1706	35.1076	35.0794	35.0777	35.0697	35.0333	35.0702	35.0338	34.9556	34.9345	34.9468	34.9226	34.9212	34.8448	34.8835	34.8725	34.8122	34.749	34.7644	34.7894	34.679	34.7031	34.6615	34.662	34.7312	34.6527	34.5785	34.5421	34.5686	34.5861	34.4808	34.4478	34.4561	34.4463	34.3892	34.3912	34.3795	34.3104	34.3123	34.3104	34.2693	34.2568	34.2133	34.1612	34.2239	34.1586	34.183	34.2144	34.1197	34.0949	34.1181	34.1131	34.0758	33.9877	34.0514	33.9522	33.9629	33.9575	33.8716	33.7852	33.7402	33.7407	33.7027	33.656	33.7032	33.8159	33.8595	33.6214	33.68	33.9164	33.9791	34.3519	35.9077
Tzo-CMvi_068-Ex1_L4_clmp.r1r2_fastp	36.0968	36.2153	36.3268	36.3631	36.4163	36.4266	36.4111	36.3905	36.3673	36.3954	36.3747	36.3545	36.3445	36.3433	36.3398	36.3326	36.3355	36.3128	36.2951	36.2604	36.2798	36.2671	36.2357	36.2463	36.206	36.1552	36.1376	36.1194	36.1022	36.0925	36.0685	36.0622	36.0665	36.0296	36.0153	35.9625	35.9566	35.9693	35.9291	35.936	35.8928	35.911	35.8571	35.8563	35.8303	35.8132	35.8098	35.8061	35.766	35.7595	35.746	35.7452	35.7044	35.6805	35.6684	35.6458	35.6163	35.6068	35.601	35.585	35.5184	35.5282	35.4844	35.4937	35.4713	35.4531	35.4296	35.3967	35.3763	35.329	35.3146	35.3527	35.2871	35.2855	35.2964	35.2645	35.2053	35.2305	35.1746	35.1371	35.1371	35.142	35.1023	35.1377	35.1039	35.0359	35.0114	35.0237	34.9907	34.9759	34.905	34.9418	34.9327	34.8778	34.8185	34.8384	34.8508	34.7468	34.7559	34.729	34.7257	34.7833	34.7123	34.6271	34.6129	34.6393	34.6573	34.5626	34.5273	34.5431	34.5152	34.4623	34.4524	34.4485	34.3926	34.3942	34.3944	34.3615	34.3416	34.2836	34.2403	34.3018	34.2451	34.2632	34.2987	34.1998	34.1881	34.2196	34.201	34.1752	34.0856	34.1321	34.0474	34.0535	34.0514	33.9867	33.8959	33.8489	33.8514	33.8095	33.7584	33.8078	33.9106	33.946	33.7201	33.7668	34.0069	34.0784	34.4264	35.9308
Tzo-CMvi_069-Ex1_L4_clmp.r1r2_fastp	36.1475	36.2581	36.3471	36.3823	36.4342	36.4493	36.4364	36.4176	36.3938	36.4273	36.4065	36.3853	36.3744	36.3716	36.3662	36.3609	36.3644	36.3523	36.3279	36.3022	36.3208	36.306	36.2774	36.2855	36.2551	36.2035	36.1909	36.1707	36.1522	36.1546	36.1219	36.1258	36.1293	36.0955	36.0824	36.0353	36.0303	36.0455	36.0131	36.0152	35.9799	35.9903	35.9401	35.9391	35.9192	35.8991	35.8977	35.9043	35.8668	35.8609	35.8434	35.8424	35.8111	35.7754	35.7761	35.7586	35.73	35.7247	35.7248	35.7054	35.6529	35.6477	35.6172	35.6235	35.6027	35.587	35.5638	35.5377	35.5241	35.4753	35.4655	35.4956	35.4367	35.4284	35.4493	35.4073	35.3634	35.3918	35.3414	35.3055	35.314	35.3101	35.268	35.2971	35.2727	35.1988	35.1953	35.1922	35.1664	35.1663	35.0966	35.1322	35.1245	35.0671	35.0065	35.0262	35.0494	34.9497	34.9621	34.9326	34.9404	34.9945	34.9265	34.8546	34.839	34.8537	34.8768	34.7801	34.7425	34.7553	34.7457	34.6969	34.6941	34.6902	34.6268	34.6298	34.6301	34.5985	34.5944	34.5332	34.4884	34.5699	34.5004	34.5261	34.5502	34.4601	34.448	34.4708	34.4557	34.4391	34.3608	34.4007	34.3139	34.3298	34.3188	34.2608	34.1742	34.1211	34.1362	34.098	34.0485	34.0932	34.1882	34.2278	34.003	34.0557	34.264	34.3152	34.6313	36.0062
Tzo-CMvi_070-Ex1_L4_clmp.r1r2_fastp	36.0677	36.1807	36.2908	36.3283	36.3858	36.3961	36.383	36.3619	36.3387	36.3747	36.3498	36.328	36.3069	36.3095	36.3059	36.297	36.298	36.2847	36.2626	36.2253	36.2505	36.2379	36.2061	36.2083	36.1755	36.1171	36.1024	36.0778	36.0655	36.0636	36.0317	36.0288	36.0299	36.0011	35.9791	35.9308	35.9297	35.9315	35.9094	35.9046	35.8576	35.8783	35.8253	35.8282	35.794	35.784	35.7711	35.7701	35.7328	35.7365	35.7121	35.7024	35.6669	35.639	35.6243	35.6138	35.5799	35.5776	35.5685	35.5579	35.498	35.4968	35.455	35.4494	35.439	35.4189	35.39	35.3617	35.3485	35.2946	35.2847	35.3226	35.2549	35.244	35.2521	35.2116	35.1739	35.1968	35.1347	35.1051	35.1064	35.0956	35.0621	35.082	35.0573	34.9823	34.9642	34.9763	34.934	34.9299	34.8544	34.8959	34.8943	34.8205	34.7648	34.7751	34.797	34.6898	34.7037	34.6774	34.673	34.7377	34.6633	34.5709	34.5657	34.5729	34.5915	34.4986	34.46	34.4783	34.4573	34.3973	34.3903	34.389	34.3225	34.3245	34.31	34.2936	34.2675	34.2091	34.1746	34.2286	34.1739	34.1846	34.2142	34.1112	34.1128	34.1323	34.1067	34.0823	33.9848	34.0395	33.949	33.9486	33.9369	33.887	33.8125	33.7408	33.7581	33.7199	33.6663	33.7115	33.8208	33.8526	33.6257	33.6829	33.924	33.985	34.3481	35.9163
Tzo-CMvi_075-Ex1_L4_clmp.r1r2_fastp	35.9933	36.1786	36.3084	36.3514	36.4128	36.4271	36.4096	36.3994	36.3842	36.4073	36.3882	36.3636	36.3548	36.3555	36.3474	36.3374	36.3474	36.3293	36.315	36.2821	36.2992	36.2915	36.2573	36.2632	36.232	36.187	36.1726	36.1558	36.1347	36.1268	36.0969	36.1003	36.1024	36.07	36.0569	36.0075	36.011	36.0149	35.9784	35.9867	35.9441	35.9558	35.9059	35.9118	35.8878	35.8661	35.8559	35.8567	35.8253	35.8246	35.8014	35.8037	35.7611	35.7208	35.7358	35.7125	35.6833	35.6767	35.6747	35.6468	35.6063	35.5975	35.553	35.5667	35.5424	35.5228	35.5092	35.4755	35.461	35.4125	35.4059	35.4419	35.3715	35.3745	35.3807	35.3492	35.2972	35.3225	35.2745	35.2414	35.2534	35.2455	35.2004	35.2325	35.2115	35.1288	35.1145	35.1269	35.1098	35.105	35.0339	35.0623	35.052	35.0018	34.9409	34.9616	34.9722	34.879	34.8881	34.8696	34.8573	34.935	34.8569	34.7801	34.7689	34.7847	34.8039	34.7057	34.6681	34.7028	34.6688	34.6246	34.6144	34.6144	34.5501	34.5496	34.5454	34.5323	34.5152	34.4666	34.4105	34.4826	34.4266	34.4376	34.4679	34.3569	34.3586	34.3809	34.3748	34.3429	34.2724	34.3227	34.222	34.2466	34.2351	34.1625	34.0725	34.0473	34.0417	33.9969	33.9538	34.0043	34.1117	34.1425	33.8915	33.9687	34.1918	34.2406	34.5601	35.9589
Tzo-CMvi_076-Ex1_L4_clmp.r1r2_fastp	36.0202	36.1738	36.2953	36.3416	36.4043	36.4201	36.3978	36.3842	36.3651	36.3957	36.3735	36.35	36.3378	36.3404	36.3416	36.3284	36.3369	36.3147	36.2996	36.2681	36.2863	36.2797	36.246	36.253	36.219	36.1664	36.1457	36.133	36.1165	36.1119	36.0798	36.0793	36.0804	36.0432	36.036	35.9824	35.9831	35.9874	35.955	35.967	35.9182	35.9331	35.8844	35.878	35.8578	35.8373	35.8389	35.8365	35.7915	35.8011	35.7777	35.7645	35.738	35.7129	35.6989	35.6913	35.652	35.6492	35.6473	35.6282	35.574	35.5608	35.5333	35.535	35.5184	35.493	35.4633	35.4352	35.431	35.3748	35.3587	35.3894	35.3262	35.327	35.3353	35.2936	35.2561	35.2803	35.2131	35.2047	35.1946	35.1911	35.1428	35.1898	35.1536	35.0765	35.0604	35.0687	35.0499	35.0357	34.9703	35.021	35.0045	34.9384	34.8766	34.8829	34.9058	34.8072	34.8178	34.7953	34.7912	34.8504	34.7839	34.7039	34.6787	34.6999	34.7158	34.6164	34.5798	34.603	34.5764	34.5288	34.5232	34.5257	34.4691	34.4648	34.4548	34.4439	34.4291	34.35	34.3072	34.392	34.3229	34.3424	34.3724	34.2803	34.2634	34.2963	34.2825	34.2453	34.168	34.221	34.1249	34.1405	34.1381	34.0717	33.9713	33.9261	33.9424	33.904	33.8603	33.9085	34.0215	34.0477	33.8225	33.871	34.1087	34.1525	34.5028	35.9586
Tzo-CMvi_077-Ex1_L4_clmp.r1r2_fastp	36.0846	36.1877	36.2999	36.3359	36.3888	36.4021	36.3822	36.3633	36.339	36.3712	36.3429	36.3232	36.3106	36.3118	36.3012	36.2908	36.3043	36.2793	36.2654	36.2229	36.2429	36.2386	36.1981	36.2097	36.1712	36.116	36.1019	36.0746	36.062	36.0527	36.02	36.0174	36.028	35.9877	35.9693	35.9234	35.9162	35.9294	35.9014	35.9049	35.8599	35.8739	35.809	35.8109	35.7878	35.7749	35.7651	35.7617	35.727	35.7235	35.6985	35.6958	35.662	35.6238	35.6228	35.6033	35.565	35.5715	35.5612	35.538	35.4922	35.4756	35.4339	35.4459	35.4217	35.4071	35.3772	35.3495	35.3409	35.2906	35.2723	35.3039	35.2403	35.2284	35.2432	35.2009	35.145	35.1717	35.1203	35.0886	35.0931	35.0891	35.0527	35.0727	35.0483	34.9723	34.9505	34.9494	34.9252	34.9182	34.8331	34.8813	34.8746	34.811	34.7586	34.7653	34.782	34.6823	34.6961	34.6629	34.6636	34.7161	34.6474	34.559	34.5443	34.5617	34.5907	34.4897	34.4394	34.4649	34.4368	34.3862	34.3705	34.3652	34.3121	34.3114	34.3045	34.2845	34.2606	34.2006	34.1468	34.2267	34.1565	34.1802	34.2073	34.1003	34.1058	34.1236	34.1117	34.0782	33.983	34.0406	33.9417	33.9538	33.9588	33.8868	33.7877	33.7361	33.7496	33.7073	33.6556	33.7107	33.818	33.8587	33.6337	33.6818	33.9084	33.9948	34.36	35.9107
Tzo-CMvi_078-Ex1_L4_clmp.r1r2_fastp	35.9512	36.1414	36.2804	36.3285	36.3951	36.4094	36.4003	36.3831	36.3632	36.4008	36.3806	36.3588	36.3356	36.3428	36.3334	36.3248	36.3345	36.3245	36.2974	36.2728	36.2929	36.2853	36.2379	36.2486	36.2103	36.1686	36.1546	36.1262	36.1229	36.1135	36.0862	36.0787	36.0986	36.0581	36.0436	35.9855	35.9993	36.0017	35.9803	35.97	35.9233	35.9502	35.8803	35.9006	35.8864	35.8463	35.8523	35.8521	35.8242	35.8019	35.7997	35.7853	35.7527	35.7191	35.7222	35.7045	35.6729	35.6623	35.6589	35.6443	35.5911	35.5954	35.5738	35.5632	35.5263	35.524	35.4952	35.4625	35.4505	35.4053	35.4116	35.43	35.385	35.3856	35.3831	35.3429	35.3132	35.3342	35.2777	35.2494	35.2481	35.2418	35.2019	35.2379	35.2072	35.1231	35.1065	35.1415	35.0954	35.0766	34.9924	35.0659	35.0624	34.9812	34.9278	34.9407	34.9641	34.8565	34.8978	34.855	34.8722	34.9339	34.8687	34.7875	34.781	34.7799	34.8146	34.7148	34.6697	34.704	34.6727	34.6349	34.6134	34.6151	34.5525	34.5428	34.5275	34.5192	34.5008	34.4607	34.4344	34.4813	34.4148	34.4504	34.4871	34.3675	34.3967	34.3783	34.3747	34.3623	34.2684	34.3032	34.2254	34.241	34.2567	34.1838	34.0775	34.0491	34.0415	34.0105	33.9498	33.9972	34.1135	34.1419	33.9121	33.9708	34.2037	34.2461	34.5727	35.9558
Tzo-CMvi_079-Ex1_L4_clmp.r1r2_fastp	36.0784	36.2086	36.3299	36.3673	36.424	36.4374	36.4223	36.4017	36.3806	36.4157	36.3936	36.3754	36.3574	36.3591	36.3576	36.3464	36.3527	36.3409	36.3174	36.2915	36.3081	36.296	36.2663	36.27	36.2381	36.1893	36.1769	36.1507	36.1392	36.131	36.1078	36.1024	36.1097	36.0762	36.0623	36.0156	36.0109	36.023	35.9878	36.0062	35.9577	35.9666	35.9145	35.9166	35.8891	35.88	35.8744	35.8708	35.8327	35.8359	35.8131	35.8073	35.7736	35.7436	35.7473	35.7289	35.7021	35.6898	35.687	35.6668	35.6105	35.6052	35.5727	35.5789	35.5591	35.5325	35.5178	35.4913	35.4876	35.4241	35.415	35.4535	35.3922	35.3752	35.3924	35.3676	35.3185	35.3329	35.2832	35.2598	35.2597	35.254	35.2069	35.2421	35.2164	35.1356	35.1168	35.136	35.1172	35.1006	35.0242	35.074	35.071	34.9969	34.9453	34.9565	34.976	34.8911	34.9005	34.8694	34.8782	34.9251	34.8603	34.7798	34.7609	34.7741	34.7984	34.7025	34.6665	34.6907	34.6613	34.6144	34.6072	34.6115	34.5514	34.5484	34.5478	34.5234	34.5055	34.4369	34.3989	34.4746	34.4156	34.4372	34.4613	34.3715	34.3552	34.3848	34.3753	34.3425	34.2592	34.3047	34.2187	34.2284	34.2289	34.1448	34.064	34.0324	34.0476	33.9808	33.9618	33.991	34.091	34.1335	33.9057	33.9494	34.181	34.2411	34.5632	35.9729
Tzo-CMvi_081-Ex1_L4_clmp.r1r2_fastp	36.0503	36.2044	36.3235	36.3683	36.4435	36.459	36.4351	36.4174	36.4003	36.4391	36.4042	36.3886	36.3657	36.3641	36.3709	36.3519	36.3669	36.3488	36.3374	36.3014	36.3182	36.3142	36.2781	36.2801	36.2493	36.2017	36.1819	36.1642	36.1565	36.1556	36.1264	36.1061	36.1135	36.0879	36.0587	36.0159	36.0382	36.0428	36.0132	36.0028	35.9719	35.9634	35.9135	35.917	35.9007	35.897	35.8887	35.889	35.8526	35.8738	35.8147	35.8221	35.8167	35.7723	35.7817	35.7594	35.7261	35.7305	35.7251	35.7172	35.6613	35.6235	35.5827	35.608	35.5876	35.5569	35.5142	35.5055	35.4884	35.4348	35.4568	35.4705	35.4136	35.426	35.4242	35.397	35.3401	35.357	35.3086	35.2804	35.2662	35.3024	35.2397	35.2513	35.2511	35.1669	35.1661	35.1373	35.1578	35.1295	35.0565	35.1004	35.0958	35.0191	34.9691	34.9972	34.9899	34.9042	34.9206	34.8873	34.9007	34.9825	34.8846	34.793	34.7894	34.8	34.8182	34.7122	34.7092	34.7227	34.693	34.6696	34.659	34.6274	34.5724	34.5587	34.5867	34.5446	34.5306	34.4816	34.4548	34.5139	34.4701	34.5156	34.5229	34.379	34.4107	34.3993	34.3872	34.3522	34.3187	34.334	34.2641	34.2335	34.25	34.2313	34.124	34.0421	34.0703	34.0357	33.9788	34.0541	34.1458	34.2044	33.9682	34.0103	34.2252	34.3427	34.6333	36.0007
Tzo-CMvi_082-Ex1_L4_clmp.r1r2_fastp	36.0587	36.1822	36.2926	36.3317	36.3943	36.4041	36.3893	36.3664	36.3454	36.3802	36.3557	36.3328	36.3167	36.3205	36.3115	36.2978	36.3108	36.2955	36.2696	36.2377	36.2523	36.2456	36.2091	36.221	36.1809	36.13	36.1136	36.0912	36.072	36.0646	36.0319	36.0341	36.0362	36.0006	35.9857	35.9277	35.9357	35.9454	35.9055	35.9134	35.8708	35.8813	35.8327	35.8397	35.8011	35.7879	35.7866	35.7819	35.7322	35.7406	35.7159	35.7101	35.6755	35.6436	35.6416	35.6273	35.5919	35.5885	35.5775	35.5573	35.495	35.5001	35.4609	35.47	35.4406	35.4167	35.3931	35.368	35.3564	35.2989	35.286	35.3249	35.2546	35.2504	35.2493	35.2179	35.1728	35.199	35.1342	35.0996	35.0998	35.0997	35.0662	35.0877	35.0529	34.9832	34.9695	34.9702	34.9458	34.9346	34.8495	34.8949	34.8873	34.829	34.7634	34.7912	34.7904	34.6929	34.7004	34.6584	34.6651	34.7214	34.6627	34.5756	34.5551	34.5759	34.5946	34.4936	34.4662	34.4746	34.4489	34.3948	34.3926	34.3875	34.3157	34.318	34.3201	34.2855	34.2728	34.2067	34.1627	34.2404	34.1674	34.2022	34.2174	34.1232	34.1065	34.1303	34.1097	34.0838	33.9933	34.0463	33.9568	33.9661	33.954	33.9042	33.7883	33.7539	33.7459	33.7106	33.6705	33.7124	33.8179	33.871	33.6225	33.6712	33.9231	33.994	34.3478	35.9044
Tzo-CMvi_083-Ex1_L4_clmp.r1r2_fastp	36.2305	36.2984	36.3889	36.4141	36.4658	36.4713	36.4536	36.4333	36.4111	36.4429	36.423	36.4037	36.3869	36.3849	36.3823	36.3741	36.382	36.3687	36.346	36.3145	36.3364	36.3231	36.2932	36.2983	36.2642	36.2204	36.209	36.1895	36.1734	36.1682	36.143	36.1401	36.1419	36.1128	36.0985	36.0558	36.0513	36.0579	36.0296	36.0359	35.9993	36.0088	35.9598	35.9605	35.9365	35.9273	35.9212	35.9207	35.8864	35.8886	35.8651	35.8572	35.8327	35.799	35.7913	35.7861	35.7569	35.7467	35.7452	35.7251	35.6725	35.6707	35.6418	35.6431	35.628	35.6126	35.5875	35.5579	35.5497	35.5035	35.4896	35.5253	35.469	35.4596	35.4728	35.4423	35.3995	35.4231	35.3697	35.3419	35.3432	35.3375	35.3013	35.333	35.3059	35.2395	35.2266	35.2357	35.2154	35.2043	35.1318	35.1773	35.1663	35.1117	35.0504	35.0724	35.0901	34.9914	35.0159	34.9814	34.9828	35.0349	34.9763	34.9048	34.8855	34.9	34.9215	34.8244	34.7959	34.8157	34.7964	34.7496	34.7471	34.7434	34.6753	34.6891	34.6802	34.6526	34.6385	34.5875	34.547	34.6121	34.5621	34.5782	34.6043	34.5193	34.5092	34.5296	34.5154	34.4933	34.4144	34.4523	34.3853	34.3803	34.3854	34.3144	34.2368	34.1913	34.1977	34.157	34.1217	34.1605	34.2539	34.2919	34.0673	34.1156	34.3325	34.3779	34.6897	36.0274
Tzo-CMvi_087-Ex1_L4_clmp.r1r2_fastp	36.015	36.205	36.324	36.3694	36.4294	36.4333	36.4233	36.4059	36.3938	36.4251	36.4014	36.3835	36.3714	36.3726	36.3662	36.3549	36.3648	36.347	36.3262	36.3036	36.3111	36.3051	36.271	36.2758	36.2401	36.2011	36.1865	36.1705	36.1455	36.15	36.1173	36.1196	36.1205	36.0904	36.0698	36.0266	36.0198	36.0292	35.9949	36.0008	35.9575	35.9731	35.919	35.9174	35.8916	35.881	35.875	35.8789	35.8344	35.8392	35.8185	35.8035	35.7821	35.7454	35.7449	35.7265	35.6988	35.6957	35.6951	35.6663	35.6117	35.5994	35.5702	35.5759	35.5542	35.551	35.5237	35.4853	35.4708	35.4308	35.4071	35.4462	35.3893	35.3796	35.395	35.349	35.2943	35.3208	35.2684	35.245	35.2458	35.2384	35.2098	35.2446	35.2068	35.1447	35.1253	35.129	35.1124	35.1147	35.028	35.0776	35.0515	34.9995	34.9364	34.9644	34.971	34.877	34.8828	34.8592	34.8803	34.9279	34.8617	34.7825	34.7686	34.7625	34.7986	34.7014	34.6655	34.699	34.6696	34.6246	34.6186	34.6234	34.5528	34.5648	34.5435	34.5251	34.5036	34.4462	34.4228	34.4765	34.4153	34.4485	34.4682	34.3736	34.3592	34.3803	34.3675	34.352	34.2686	34.3307	34.2242	34.237	34.2302	34.1707	34.0825	34.0461	34.0565	34.0105	33.9709	34.0099	34.1248	34.1516	33.9203	33.9733	34.1952	34.2579	34.5839	35.9704
Tzo-CMvi_088-Ex1_L4_clmp.r1r2_fastp	36.1573	36.2622	36.3647	36.3983	36.4512	36.4594	36.4457	36.4269	36.4088	36.4416	36.4172	36.3993	36.3863	36.3824	36.3812	36.3725	36.3763	36.3608	36.342	36.3151	36.3341	36.3235	36.2928	36.292	36.2604	36.2192	36.1999	36.1894	36.1737	36.1644	36.135	36.1345	36.1352	36.1148	36.0904	36.0429	36.0464	36.0555	36.0192	36.0226	35.9886	35.9962	35.9516	35.9427	35.9205	35.9071	35.907	35.9008	35.8737	35.8674	35.8415	35.8435	35.8173	35.7851	35.7752	35.7624	35.7348	35.7238	35.7253	35.7132	35.6501	35.6418	35.6273	35.6288	35.6088	35.5866	35.5705	35.5395	35.5314	35.4711	35.4697	35.5013	35.4297	35.429	35.4518	35.4145	35.3733	35.3899	35.3293	35.313	35.3146	35.3044	35.2709	35.2973	35.2632	35.1989	35.1859	35.1984	35.1636	35.1606	35.0873	35.1234	35.1139	35.059	35.0139	35.0318	35.0372	34.9489	34.9593	34.9303	34.9385	34.9858	34.9221	34.8519	34.826	34.8491	34.8643	34.7658	34.736	34.7493	34.7333	34.6813	34.6851	34.6784	34.6181	34.6224	34.6139	34.5922	34.5783	34.5165	34.4762	34.5438	34.4915	34.5133	34.5421	34.4308	34.4187	34.4462	34.4293	34.4052	34.3213	34.3657	34.2835	34.2898	34.3045	34.2401	34.1484	34.1007	34.1078	34.0626	34.018	34.0674	34.1647	34.1927	33.977	34.03	34.2376	34.2857	34.6161	36.0002
Tzo-CMvi_089-Ex1_L4_clmp.r1r2_fastp	36.0238	36.1855	36.2978	36.3456	36.3973	36.4162	36.4089	36.3915	36.3674	36.3986	36.3744	36.3565	36.3485	36.3466	36.333	36.3227	36.3311	36.32	36.2985	36.2708	36.2798	36.2718	36.2485	36.2386	36.2185	36.1683	36.1499	36.1349	36.101	36.103	36.0738	36.0711	36.0762	36.0377	36.0229	35.9697	35.9834	35.9875	35.9451	35.9559	35.9124	35.9142	35.8685	35.8748	35.8552	35.8407	35.8351	35.8281	35.787	35.7867	35.7619	35.7487	35.7122	35.6791	35.6814	35.6721	35.6458	35.6297	35.6393	35.618	35.5521	35.5515	35.5236	35.5121	35.4985	35.4769	35.4499	35.4344	35.4062	35.3563	35.3402	35.3819	35.3223	35.3112	35.3149	35.2753	35.238	35.259	35.1927	35.1806	35.163	35.166	35.1268	35.1584	35.1281	35.065	35.0431	35.0525	35.0287	35.0147	34.9469	34.9784	34.9698	34.9199	34.8409	34.8738	34.8939	34.7793	34.8029	34.7613	34.7635	34.8064	34.7609	34.6693	34.6502	34.6584	34.6907	34.6	34.5669	34.5644	34.553	34.5167	34.496	34.5185	34.4248	34.4277	34.4241	34.3962	34.3947	34.3288	34.2888	34.3515	34.2913	34.3136	34.3323	34.2399	34.2041	34.2401	34.2222	34.2005	34.1237	34.1646	34.0686	34.0808	34.079	34.0164	33.9233	33.8655	33.897	33.8597	33.8112	33.8404	33.9561	33.9833	33.7531	33.8316	34.0456	34.1071	34.4567	35.9461
Tzo-CMvi_090-Ex1_L4_clmp.r1r2_fastp	36.1736	36.2654	36.3658	36.3958	36.4477	36.4574	36.4367	36.4206	36.401	36.4232	36.4019	36.3865	36.3727	36.3749	36.3722	36.3563	36.3616	36.3484	36.328	36.2932	36.3087	36.3031	36.2665	36.2796	36.2426	36.1934	36.1766	36.1574	36.1387	36.1363	36.1049	36.1043	36.1104	36.0742	36.0578	36.008	36.0109	36.0181	35.9805	35.9944	35.9507	35.9679	35.9178	35.9159	35.8909	35.8745	35.8706	35.8622	35.8298	35.8238	35.8044	35.7978	35.7732	35.7386	35.7284	35.7177	35.6871	35.6828	35.6743	35.6572	35.6027	35.6	35.5662	35.5725	35.5565	35.533	35.5194	35.4841	35.4594	35.408	35.4024	35.4342	35.3825	35.3774	35.3881	35.3577	35.3086	35.3246	35.2702	35.2407	35.2437	35.2385	35.1985	35.2392	35.2137	35.1434	35.1235	35.1258	35.0935	35.0935	35.0096	35.0542	35.0486	34.9968	34.9263	34.9599	34.9686	34.872	34.884	34.856	34.8528	34.9079	34.8325	34.7712	34.7467	34.7585	34.7784	34.6851	34.6503	34.6695	34.6406	34.599	34.5932	34.5892	34.5204	34.5259	34.5281	34.5011	34.4711	34.4258	34.3831	34.4419	34.3713	34.4015	34.4306	34.3395	34.3252	34.3467	34.3269	34.3093	34.2259	34.2708	34.1797	34.1923	34.1833	34.1203	34.024	33.9785	33.9912	33.9533	33.9023	33.9529	34.0423	34.0824	33.8601	33.9029	34.1353	34.1934	34.5363	35.9735
Tzo-CMvi_091-Ex1_L4_clmp.r1r2_fastp	36.0363	36.1917	36.3199	36.3605	36.4248	36.4333	36.4199	36.4044	36.3888	36.4173	36.3959	36.372	36.3576	36.3548	36.3544	36.3474	36.3523	36.339	36.3197	36.285	36.3084	36.2998	36.2638	36.272	36.2345	36.1888	36.1722	36.1574	36.1364	36.1292	36.0958	36.103	36.1015	36.0701	36.0536	36.0098	36.0084	36.0154	35.9778	35.9848	35.9447	35.957	35.9054	35.9009	35.8789	35.8655	35.8597	35.8604	35.8193	35.8241	35.8	35.7974	35.7635	35.73	35.7228	35.7128	35.6787	35.6673	35.6663	35.6555	35.5988	35.5771	35.5614	35.5565	35.5337	35.5185	35.4987	35.4672	35.4556	35.4068	35.3886	35.4249	35.3627	35.3565	35.3665	35.3369	35.2745	35.3139	35.2537	35.2265	35.2208	35.2221	35.1695	35.2108	35.1827	35.1092	35.0924	35.1087	35.0739	35.0616	34.9937	35.0303	35.031	34.9626	34.9065	34.9252	34.9375	34.8358	34.8562	34.8258	34.8235	34.8806	34.8135	34.7332	34.7125	34.7288	34.7568	34.6604	34.6131	34.648	34.6189	34.573	34.5567	34.5544	34.4962	34.5083	34.5036	34.4733	34.4526	34.395	34.3395	34.4243	34.3617	34.3873	34.402	34.3005	34.2978	34.3194	34.3008	34.2803	34.1892	34.2409	34.1636	34.166	34.1599	34.1073	34.0057	33.9635	33.974	33.9366	33.8822	33.9395	34.0379	34.073	33.8492	33.8935	34.1183	34.1913	34.5209	35.9485
Tzo-CMvi_094-Ex1_L4_clmp.r1r2_fastp	36.0157	36.1836	36.2993	36.3472	36.4055	36.4251	36.4128	36.3893	36.3668	36.4044	36.3847	36.3669	36.3452	36.3441	36.3436	36.3339	36.3449	36.3265	36.3034	36.2739	36.2903	36.2778	36.2541	36.2584	36.2179	36.1714	36.1556	36.1367	36.1219	36.1115	36.0891	36.0866	36.0887	36.0549	36.0415	35.9903	35.9897	36.0042	35.9709	35.9808	35.9341	35.9445	35.887	35.8811	35.8583	35.8508	35.8463	35.8421	35.8118	35.8061	35.7854	35.7862	35.7497	35.7136	35.7147	35.7036	35.6738	35.6685	35.66	35.6394	35.5821	35.5667	35.5366	35.5581	35.532	35.5209	35.489	35.4638	35.448	35.3949	35.3659	35.4143	35.3457	35.3419	35.3641	35.3251	35.279	35.3039	35.2443	35.2131	35.2234	35.2142	35.174	35.2069	35.1738	35.1085	35.0935	35.1063	35.0795	35.0725	34.9899	35.0352	35.0306	34.9724	34.9111	34.9259	34.9489	34.8558	34.8637	34.8295	34.8309	34.8756	34.8161	34.7328	34.7174	34.7436	34.7529	34.6678	34.6183	34.6371	34.6138	34.5647	34.5718	34.5565	34.4891	34.5098	34.4976	34.4808	34.4633	34.4067	34.3578	34.4265	34.3772	34.3889	34.4133	34.3125	34.3025	34.3379	34.3107	34.2829	34.2131	34.2583	34.1734	34.1783	34.1748	34.0972	34.0154	33.9613	33.9836	33.9345	33.8857	33.9217	34.0444	34.0735	33.835	33.8846	34.1228	34.1871	34.5236	35.9543
