all	0	268263	886578	0.3025825
all	1	56719	886578	0.0639752
all	2	136011	886578	0.1534112
all	3	58998	886578	0.0665458
all	4	77393	886578	0.0872941
all	5	44919	886578	0.0506656
all	6	47564	886578	0.0536490
all	7	29804	886578	0.0336169
all	8	28797	886578	0.0324811
all	9	18205	886578	0.0205340
all	10	17577	886578	0.0198257
all	11	10886	886578	0.0122787
all	12	9843	886578	0.0111022
all	13	8566	886578	0.0096619
all	14	6625	886578	0.0074726
all	15	5515	886578	0.0062205
all	16	3930	886578	0.0044328
all	17	4092	886578	0.0046155
all	18	3244	886578	0.0036590
all	19	2577	886578	0.0029067
all	20	1866	886578	0.0021047
all	21	1467	886578	0.0016547
all	22	1466	886578	0.0016535
all	23	1429	886578	0.0016118
all	24	1291	886578	0.0014562
all	25	1028	886578	0.0011595
all	26	1186	886578	0.0013377
all	27	829	886578	0.0009351
all	28	701	886578	0.0007907
all	29	522	886578	0.0005888
all	30	899	886578	0.0010140
all	31	496	886578	0.0005595
all	32	591	886578	0.0006666
all	33	534	886578	0.0006023
all	34	457	886578	0.0005155
all	35	282	886578	0.0003181
all	36	474	886578	0.0005346
all	37	246	886578	0.0002775
all	38	508	886578	0.0005730
all	39	275	886578	0.0003102
all	40	316	886578	0.0003564
all	41	382	886578	0.0004309
all	42	323	886578	0.0003643
all	43	384	886578	0.0004331
all	44	409	886578	0.0004613
all	45	286	886578	0.0003226
all	46	214	886578	0.0002414
all	47	250	886578	0.0002820
all	48	242	886578	0.0002730
all	49	200	886578	0.0002256
all	50	284	886578	0.0003203
all	51	246	886578	0.0002775
all	52	305	886578	0.0003440
all	53	189	886578	0.0002132
all	54	296	886578	0.0003339
all	55	200	886578	0.0002256
all	56	220	886578	0.0002481
all	57	175	886578	0.0001974
all	58	228	886578	0.0002572
all	59	216	886578	0.0002436
all	60	129	886578	0.0001455
all	61	169	886578	0.0001906
all	62	215	886578	0.0002425
all	63	207	886578	0.0002335
all	64	136	886578	0.0001534
all	65	190	886578	0.0002143
all	66	158	886578	0.0001782
all	67	181	886578	0.0002042
all	68	134	886578	0.0001511
all	69	100	886578	0.0001128
all	70	122	886578	0.0001376
all	71	96	886578	0.0001083
all	72	114	886578	0.0001286
all	73	86	886578	0.0000970
all	74	141	886578	0.0001590
all	75	106	886578	0.0001196
all	76	116	886578	0.0001308
all	77	88	886578	0.0000993
all	78	117	886578	0.0001320
all	79	139	886578	0.0001568
all	80	100	886578	0.0001128
all	81	67	886578	0.0000756
all	82	89	886578	0.0001004
all	83	166	886578	0.0001872
all	84	151	886578	0.0001703
all	85	161	886578	0.0001816
all	86	110	886578	0.0001241
all	87	158	886578	0.0001782
all	88	125	886578	0.0001410
all	89	108	886578	0.0001218
all	90	108	886578	0.0001218
all	91	170	886578	0.0001917
all	92	106	886578	0.0001196
all	93	105	886578	0.0001184
all	94	83	886578	0.0000936
all	95	114	886578	0.0001286
all	96	136	886578	0.0001534
all	97	88	886578	0.0000993
all	98	112	886578	0.0001263
all	99	104	886578	0.0001173
all	100	76	886578	0.0000857
all	101	95	886578	0.0001072
all	102	61	886578	0.0000688
all	103	71	886578	0.0000801
all	104	103	886578	0.0001162
all	105	99	886578	0.0001117
all	106	74	886578	0.0000835
all	107	56	886578	0.0000632
all	108	99	886578	0.0001117
all	109	105	886578	0.0001184
all	110	83	886578	0.0000936
all	111	98	886578	0.0001105
all	112	56	886578	0.0000632
all	113	88	886578	0.0000993
all	114	76	886578	0.0000857
all	115	34	886578	0.0000383
all	116	39	886578	0.0000440
all	117	32	886578	0.0000361
all	118	86	886578	0.0000970
all	119	60	886578	0.0000677
all	120	53	886578	0.0000598
all	121	41	886578	0.0000462
all	122	59	886578	0.0000665
all	123	50	886578	0.0000564
all	124	65	886578	0.0000733
all	125	50	886578	0.0000564
all	126	53	886578	0.0000598
all	127	58	886578	0.0000654
all	128	43	886578	0.0000485
all	129	44	886578	0.0000496
all	130	34	886578	0.0000383
all	131	67	886578	0.0000756
all	132	65	886578	0.0000733
all	133	36	886578	0.0000406
all	134	48	886578	0.0000541
all	135	39	886578	0.0000440
all	136	43	886578	0.0000485
all	137	70	886578	0.0000790
all	138	33	886578	0.0000372
all	139	52	886578	0.0000587
all	140	69	886578	0.0000778
all	141	47	886578	0.0000530
all	142	82	886578	0.0000925
all	143	54	886578	0.0000609
all	144	33	886578	0.0000372
all	145	32	886578	0.0000361
all	146	42	886578	0.0000474
all	147	41	886578	0.0000462
all	148	39	886578	0.0000440
all	149	49	886578	0.0000553
all	150	46	886578	0.0000519
all	151	77	886578	0.0000869
all	152	53	886578	0.0000598
all	153	74	886578	0.0000835
all	154	87	886578	0.0000981
all	155	30	886578	0.0000338
all	156	55	886578	0.0000620
all	157	41	886578	0.0000462
all	158	58	886578	0.0000654
all	159	51	886578	0.0000575
all	160	50	886578	0.0000564
all	161	30	886578	0.0000338
all	162	56	886578	0.0000632
all	163	51	886578	0.0000575
all	164	43	886578	0.0000485
all	165	57	886578	0.0000643
all	166	59	886578	0.0000665
all	167	60	886578	0.0000677
all	168	54	886578	0.0000609
all	169	62	886578	0.0000699
all	170	27	886578	0.0000305
all	171	65	886578	0.0000733
all	172	40	886578	0.0000451
all	173	46	886578	0.0000519
all	174	52	886578	0.0000587
all	175	48	886578	0.0000541
all	176	48	886578	0.0000541
all	177	58	886578	0.0000654
all	178	27	886578	0.0000305
all	179	28	886578	0.0000316
all	180	51	886578	0.0000575
all	181	32	886578	0.0000361
all	182	34	886578	0.0000383
all	183	38	886578	0.0000429
all	184	27	886578	0.0000305
all	185	80	886578	0.0000902
all	186	38	886578	0.0000429
all	187	53	886578	0.0000598
all	188	46	886578	0.0000519
all	189	64	886578	0.0000722
all	190	27	886578	0.0000305
all	191	40	886578	0.0000451
all	192	48	886578	0.0000541
all	193	78	886578	0.0000880
all	194	40	886578	0.0000451
all	195	46	886578	0.0000519
all	196	56	886578	0.0000632
all	197	48	886578	0.0000541
all	198	41	886578	0.0000462
all	199	39	886578	0.0000440
all	200	36	886578	0.0000406
all	201	41	886578	0.0000462
all	202	50	886578	0.0000564
all	203	35	886578	0.0000395
all	204	48	886578	0.0000541
all	205	35	886578	0.0000395
all	206	44	886578	0.0000496
all	207	39	886578	0.0000440
all	208	42	886578	0.0000474
all	209	41	886578	0.0000462
all	210	29	886578	0.0000327
all	211	44	886578	0.0000496
all	212	35	886578	0.0000395
all	213	27	886578	0.0000305
all	214	38	886578	0.0000429
all	215	31	886578	0.0000350
all	216	24	886578	0.0000271
all	217	44	886578	0.0000496
all	218	41	886578	0.0000462
all	219	31	886578	0.0000350
all	220	29	886578	0.0000327
all	221	39	886578	0.0000440
all	222	39	886578	0.0000440
all	223	30	886578	0.0000338
all	224	36	886578	0.0000406
all	225	64	886578	0.0000722
all	226	28	886578	0.0000316
all	227	29	886578	0.0000327
all	228	21	886578	0.0000237
all	229	27	886578	0.0000305
all	230	29	886578	0.0000327
all	231	41	886578	0.0000462
all	232	36	886578	0.0000406
all	233	38	886578	0.0000429
all	234	23	886578	0.0000259
all	235	19	886578	0.0000214
all	236	37	886578	0.0000417
all	237	21	886578	0.0000237
all	238	22	886578	0.0000248
all	239	26	886578	0.0000293
all	240	20	886578	0.0000226
all	241	35	886578	0.0000395
all	242	40	886578	0.0000451
all	243	27	886578	0.0000305
all	244	18	886578	0.0000203
all	245	36	886578	0.0000406
all	246	22	886578	0.0000248
all	247	23	886578	0.0000259
all	248	20	886578	0.0000226
all	249	17	886578	0.0000192
all	250	16	886578	0.0000180
all	251	24	886578	0.0000271
all	252	17	886578	0.0000192
all	253	18	886578	0.0000203
all	254	15	886578	0.0000169
all	255	15	886578	0.0000169
all	256	11	886578	0.0000124
all	257	11	886578	0.0000124
all	258	35	886578	0.0000395
all	259	27	886578	0.0000305
all	260	29	886578	0.0000327
all	261	27	886578	0.0000305
all	262	40	886578	0.0000451
all	263	44	886578	0.0000496
all	264	28	886578	0.0000316
all	265	16	886578	0.0000180
all	266	24	886578	0.0000271
all	267	15	886578	0.0000169
all	268	28	886578	0.0000316
all	269	24	886578	0.0000271
all	270	32	886578	0.0000361
all	271	33	886578	0.0000372
all	272	44	886578	0.0000496
all	273	35	886578	0.0000395
all	274	28	886578	0.0000316
all	275	12	886578	0.0000135
all	276	11	886578	0.0000124
all	277	11	886578	0.0000124
all	278	17	886578	0.0000192
all	279	10	886578	0.0000113
all	280	22	886578	0.0000248
all	281	19	886578	0.0000214
all	282	17	886578	0.0000192
all	283	15	886578	0.0000169
all	284	21	886578	0.0000237
all	285	17	886578	0.0000192
all	286	13	886578	0.0000147
all	287	24	886578	0.0000271
all	288	16	886578	0.0000180
all	289	24	886578	0.0000271
all	290	23	886578	0.0000259
all	291	11	886578	0.0000124
all	292	17	886578	0.0000192
all	293	13	886578	0.0000147
all	294	14	886578	0.0000158
all	295	17	886578	0.0000192
all	296	11	886578	0.0000124
all	297	17	886578	0.0000192
all	298	18	886578	0.0000203
all	299	16	886578	0.0000180
all	300	11	886578	0.0000124
all	301	10	886578	0.0000113
all	302	12	886578	0.0000135
all	303	20	886578	0.0000226
all	304	12	886578	0.0000135
all	305	19	886578	0.0000214
all	306	13	886578	0.0000147
all	307	19	886578	0.0000214
all	308	26	886578	0.0000293
all	309	23	886578	0.0000259
all	310	12	886578	0.0000135
all	311	19	886578	0.0000214
all	312	22	886578	0.0000248
all	313	24	886578	0.0000271
all	314	24	886578	0.0000271
all	315	18	886578	0.0000203
all	316	21	886578	0.0000237
all	317	21	886578	0.0000237
all	318	29	886578	0.0000327
all	319	24	886578	0.0000271
all	320	28	886578	0.0000316
all	321	23	886578	0.0000259
all	322	33	886578	0.0000372
all	323	17	886578	0.0000192
all	324	30	886578	0.0000338
all	325	32	886578	0.0000361
all	326	17	886578	0.0000192
all	327	17	886578	0.0000192
all	328	27	886578	0.0000305
all	329	24	886578	0.0000271
all	330	28	886578	0.0000316
all	331	13	886578	0.0000147
all	332	16	886578	0.0000180
all	333	19	886578	0.0000214
all	334	22	886578	0.0000248
all	335	17	886578	0.0000192
all	336	24	886578	0.0000271
all	337	21	886578	0.0000237
all	338	15	886578	0.0000169
all	339	31	886578	0.0000350
all	340	13	886578	0.0000147
all	341	15	886578	0.0000169
all	342	18	886578	0.0000203
all	343	14	886578	0.0000158
all	344	23	886578	0.0000259
all	345	21	886578	0.0000237
all	346	23	886578	0.0000259
all	347	16	886578	0.0000180
all	348	20	886578	0.0000226
all	349	27	886578	0.0000305
all	350	23	886578	0.0000259
all	351	16	886578	0.0000180
all	352	18	886578	0.0000203
all	353	18	886578	0.0000203
all	354	18	886578	0.0000203
all	355	9	886578	0.0000102
all	356	20	886578	0.0000226
all	357	11	886578	0.0000124
all	358	16	886578	0.0000180
all	359	16	886578	0.0000180
all	360	17	886578	0.0000192
all	361	13	886578	0.0000147
all	362	16	886578	0.0000180
all	363	14	886578	0.0000158
all	364	18	886578	0.0000203
all	365	17	886578	0.0000192
all	366	24	886578	0.0000271
all	367	30	886578	0.0000338
all	368	29	886578	0.0000327
all	369	32	886578	0.0000361
all	370	31	886578	0.0000350
all	371	25	886578	0.0000282
all	372	11	886578	0.0000124
all	373	14	886578	0.0000158
all	374	20	886578	0.0000226
all	375	31	886578	0.0000350
all	376	22	886578	0.0000248
all	377	33	886578	0.0000372
all	378	17	886578	0.0000192
all	379	21	886578	0.0000237
all	380	20	886578	0.0000226
all	381	17	886578	0.0000192
all	382	26	886578	0.0000293
all	383	24	886578	0.0000271
all	384	16	886578	0.0000180
all	385	22	886578	0.0000248
all	386	10	886578	0.0000113
all	387	19	886578	0.0000214
all	388	8	886578	0.0000090
all	389	23	886578	0.0000259
all	390	15	886578	0.0000169
all	391	15	886578	0.0000169
all	392	20	886578	0.0000226
all	393	20	886578	0.0000226
all	394	23	886578	0.0000259
all	395	28	886578	0.0000316
all	396	24	886578	0.0000271
all	397	22	886578	0.0000248
all	398	17	886578	0.0000192
all	399	9	886578	0.0000102
all	400	12	886578	0.0000135
all	401	16	886578	0.0000180
all	402	23	886578	0.0000259
all	403	17	886578	0.0000192
all	404	23	886578	0.0000259
all	405	21	886578	0.0000237
all	406	18	886578	0.0000203
all	407	12	886578	0.0000135
all	408	16	886578	0.0000180
all	409	12	886578	0.0000135
all	410	10	886578	0.0000113
all	411	11	886578	0.0000124
all	412	11	886578	0.0000124
all	413	20	886578	0.0000226
all	414	19	886578	0.0000214
all	415	15	886578	0.0000169
all	416	15	886578	0.0000169
all	417	11	886578	0.0000124
all	418	15	886578	0.0000169
all	419	14	886578	0.0000158
all	420	11	886578	0.0000124
all	421	13	886578	0.0000147
all	422	17	886578	0.0000192
all	423	21	886578	0.0000237
all	424	6	886578	0.0000068
all	425	15	886578	0.0000169
all	426	14	886578	0.0000158
all	427	22	886578	0.0000248
all	428	10	886578	0.0000113
all	429	13	886578	0.0000147
all	430	12	886578	0.0000135
all	431	15	886578	0.0000169
all	432	32	886578	0.0000361
all	433	17	886578	0.0000192
all	434	11	886578	0.0000124
all	435	9	886578	0.0000102
all	436	17	886578	0.0000192
all	437	14	886578	0.0000158
all	438	8	886578	0.0000090
all	439	13	886578	0.0000147
all	440	18	886578	0.0000203
all	441	10	886578	0.0000113
all	442	16	886578	0.0000180
all	443	11	886578	0.0000124
all	444	21	886578	0.0000237
all	445	13	886578	0.0000147
all	446	14	886578	0.0000158
all	447	14	886578	0.0000158
all	448	6	886578	0.0000068
all	449	10	886578	0.0000113
all	450	16	886578	0.0000180
all	451	10	886578	0.0000113
all	452	7	886578	0.0000079
all	453	6	886578	0.0000068
all	454	11	886578	0.0000124
all	455	11	886578	0.0000124
all	456	17	886578	0.0000192
all	457	15	886578	0.0000169
all	458	4	886578	0.0000045
all	459	5	886578	0.0000056
all	460	14	886578	0.0000158
all	461	9	886578	0.0000102
all	462	17	886578	0.0000192
all	463	12	886578	0.0000135
all	464	14	886578	0.0000158
all	465	22	886578	0.0000248
all	466	19	886578	0.0000214
all	467	10	886578	0.0000113
all	468	7	886578	0.0000079
all	469	8	886578	0.0000090
all	470	8	886578	0.0000090
all	471	10	886578	0.0000113
all	472	9	886578	0.0000102
all	473	5	886578	0.0000056
all	474	11	886578	0.0000124
all	475	5	886578	0.0000056
all	476	9	886578	0.0000102
all	477	7	886578	0.0000079
all	478	16	886578	0.0000180
all	479	13	886578	0.0000147
all	480	15	886578	0.0000169
all	481	18	886578	0.0000203
all	482	11	886578	0.0000124
all	483	5	886578	0.0000056
all	484	12	886578	0.0000135
all	485	7	886578	0.0000079
all	486	10	886578	0.0000113
all	487	13	886578	0.0000147
all	488	6	886578	0.0000068
all	489	8	886578	0.0000090
all	490	6	886578	0.0000068
all	491	12	886578	0.0000135
all	492	8	886578	0.0000090
all	493	7	886578	0.0000079
all	494	12	886578	0.0000135
all	495	19	886578	0.0000214
all	496	2	886578	0.0000023
all	497	6	886578	0.0000068
all	498	10	886578	0.0000113
all	499	11	886578	0.0000124
all	500	8	886578	0.0000090
all	501	6	886578	0.0000068
all	502	5	886578	0.0000056
all	503	7	886578	0.0000079
all	504	4	886578	0.0000045
all	505	10	886578	0.0000113
all	506	8	886578	0.0000090
all	507	9	886578	0.0000102
all	508	6	886578	0.0000068
all	509	5	886578	0.0000056
all	510	3	886578	0.0000034
all	511	6	886578	0.0000068
all	512	5	886578	0.0000056
all	513	8	886578	0.0000090
all	514	7	886578	0.0000079
all	515	7	886578	0.0000079
all	516	11	886578	0.0000124
all	517	11	886578	0.0000124
all	518	5	886578	0.0000056
all	519	11	886578	0.0000124
all	520	4	886578	0.0000045
all	521	3	886578	0.0000034
all	522	6	886578	0.0000068
all	523	5	886578	0.0000056
all	524	4	886578	0.0000045
all	525	4	886578	0.0000045
all	526	9	886578	0.0000102
all	527	13	886578	0.0000147
all	528	10	886578	0.0000113
all	529	9	886578	0.0000102
all	530	12	886578	0.0000135
all	531	8	886578	0.0000090
all	532	9	886578	0.0000102
all	533	7	886578	0.0000079
all	534	9	886578	0.0000102
all	535	6	886578	0.0000068
all	536	7	886578	0.0000079
all	537	6	886578	0.0000068
all	538	9	886578	0.0000102
all	539	13	886578	0.0000147
all	540	8	886578	0.0000090
all	541	5	886578	0.0000056
all	542	6	886578	0.0000068
all	543	12	886578	0.0000135
all	544	9	886578	0.0000102
all	545	6	886578	0.0000068
all	546	13	886578	0.0000147
all	547	14	886578	0.0000158
all	548	10	886578	0.0000113
all	549	10	886578	0.0000113
all	550	10	886578	0.0000113
all	551	8	886578	0.0000090
all	552	2	886578	0.0000023
all	553	14	886578	0.0000158
all	554	3	886578	0.0000034
all	555	10	886578	0.0000113
all	556	4	886578	0.0000045
all	557	5	886578	0.0000056
all	558	6	886578	0.0000068
all	559	15	886578	0.0000169
all	560	6	886578	0.0000068
all	561	9	886578	0.0000102
all	562	8	886578	0.0000090
all	563	10	886578	0.0000113
all	564	14	886578	0.0000158
all	565	7	886578	0.0000079
all	566	11	886578	0.0000124
all	567	9	886578	0.0000102
all	568	7	886578	0.0000079
all	569	5	886578	0.0000056
all	570	13	886578	0.0000147
all	571	5	886578	0.0000056
all	572	7	886578	0.0000079
all	573	10	886578	0.0000113
all	574	6	886578	0.0000068
all	575	4	886578	0.0000045
all	576	13	886578	0.0000147
all	577	11	886578	0.0000124
all	578	11	886578	0.0000124
all	579	12	886578	0.0000135
all	580	12	886578	0.0000135
all	581	11	886578	0.0000124
all	582	6	886578	0.0000068
all	583	7	886578	0.0000079
all	584	20	886578	0.0000226
all	585	13	886578	0.0000147
all	586	15	886578	0.0000169
all	587	37	886578	0.0000417
all	588	12	886578	0.0000135
all	589	11	886578	0.0000124
all	590	10	886578	0.0000113
all	591	15	886578	0.0000169
all	592	13	886578	0.0000147
all	593	17	886578	0.0000192
all	594	22	886578	0.0000248
all	595	10	886578	0.0000113
all	596	11	886578	0.0000124
all	597	8	886578	0.0000090
all	598	5	886578	0.0000056
all	599	10	886578	0.0000113
all	600	11	886578	0.0000124
all	601	8	886578	0.0000090
all	602	11	886578	0.0000124
all	603	16	886578	0.0000180
all	604	13	886578	0.0000147
all	605	13	886578	0.0000147
all	606	4	886578	0.0000045
all	607	10	886578	0.0000113
all	608	8	886578	0.0000090
all	609	11	886578	0.0000124
all	610	5	886578	0.0000056
all	611	10	886578	0.0000113
all	612	4	886578	0.0000045
all	613	10	886578	0.0000113
all	614	13	886578	0.0000147
all	615	6	886578	0.0000068
all	616	6	886578	0.0000068
all	617	12	886578	0.0000135
all	618	13	886578	0.0000147
all	619	10	886578	0.0000113
all	620	5	886578	0.0000056
all	621	3	886578	0.0000034
all	622	12	886578	0.0000135
all	623	9	886578	0.0000102
all	624	16	886578	0.0000180
all	625	9	886578	0.0000102
all	626	10	886578	0.0000113
all	627	9	886578	0.0000102
all	628	5	886578	0.0000056
all	629	7	886578	0.0000079
all	630	5	886578	0.0000056
all	631	2	886578	0.0000023
all	632	5	886578	0.0000056
all	633	8	886578	0.0000090
all	634	12	886578	0.0000135
all	635	11	886578	0.0000124
all	636	9	886578	0.0000102
all	637	6	886578	0.0000068
all	638	5	886578	0.0000056
all	639	5	886578	0.0000056
all	640	6	886578	0.0000068
all	641	7	886578	0.0000079
all	642	9	886578	0.0000102
all	643	7	886578	0.0000079
all	644	9	886578	0.0000102
all	645	7	886578	0.0000079
all	646	6	886578	0.0000068
all	647	3	886578	0.0000034
all	648	8	886578	0.0000090
all	649	6	886578	0.0000068
all	650	9	886578	0.0000102
all	651	10	886578	0.0000113
all	652	4	886578	0.0000045
all	653	5	886578	0.0000056
all	654	16	886578	0.0000180
all	655	5	886578	0.0000056
all	656	6	886578	0.0000068
all	657	5	886578	0.0000056
all	658	3	886578	0.0000034
all	659	7	886578	0.0000079
all	660	7	886578	0.0000079
all	661	2	886578	0.0000023
all	662	6	886578	0.0000068
all	663	7	886578	0.0000079
all	664	5	886578	0.0000056
all	665	2	886578	0.0000023
all	666	2	886578	0.0000023
all	667	6	886578	0.0000068
all	668	3	886578	0.0000034
all	669	6	886578	0.0000068
all	670	5	886578	0.0000056
all	671	6	886578	0.0000068
all	672	6	886578	0.0000068
all	673	1	886578	0.0000011
all	674	3	886578	0.0000034
all	675	5	886578	0.0000056
all	676	4	886578	0.0000045
all	677	2	886578	0.0000023
all	678	5	886578	0.0000056
all	679	8	886578	0.0000090
all	680	3	886578	0.0000034
all	681	7	886578	0.0000079
all	682	4	886578	0.0000045
all	683	2	886578	0.0000023
all	684	6	886578	0.0000068
all	685	2	886578	0.0000023
all	686	6	886578	0.0000068
all	687	4	886578	0.0000045
all	688	6	886578	0.0000068
all	689	3	886578	0.0000034
all	690	9	886578	0.0000102
all	691	8	886578	0.0000090
all	692	6	886578	0.0000068
all	693	2	886578	0.0000023
all	694	9	886578	0.0000102
all	695	5	886578	0.0000056
all	696	7	886578	0.0000079
all	697	3	886578	0.0000034
all	698	4	886578	0.0000045
all	699	5	886578	0.0000056
all	700	4	886578	0.0000045
all	702	4	886578	0.0000045
all	703	4	886578	0.0000045
all	704	8	886578	0.0000090
all	705	9	886578	0.0000102
all	706	6	886578	0.0000068
all	707	4	886578	0.0000045
all	708	3	886578	0.0000034
all	709	1	886578	0.0000011
all	710	4	886578	0.0000045
all	711	4	886578	0.0000045
all	712	6	886578	0.0000068
all	713	6	886578	0.0000068
all	714	7	886578	0.0000079
all	715	10	886578	0.0000113
all	716	5	886578	0.0000056
all	717	10	886578	0.0000113
all	718	4	886578	0.0000045
all	719	6	886578	0.0000068
all	720	6	886578	0.0000068
all	721	3	886578	0.0000034
all	722	7	886578	0.0000079
all	723	8	886578	0.0000090
all	724	5	886578	0.0000056
all	725	1	886578	0.0000011
all	726	10	886578	0.0000113
all	727	3	886578	0.0000034
all	728	6	886578	0.0000068
all	729	6	886578	0.0000068
all	730	3	886578	0.0000034
all	731	2	886578	0.0000023
all	732	5	886578	0.0000056
all	733	5	886578	0.0000056
all	734	4	886578	0.0000045
all	735	4	886578	0.0000045
all	736	4	886578	0.0000045
all	737	7	886578	0.0000079
all	738	7	886578	0.0000079
all	739	3	886578	0.0000034
all	740	6	886578	0.0000068
all	741	8	886578	0.0000090
all	742	2	886578	0.0000023
all	743	2	886578	0.0000023
all	744	4	886578	0.0000045
all	745	10	886578	0.0000113
all	746	5	886578	0.0000056
all	747	4	886578	0.0000045
all	748	5	886578	0.0000056
all	749	4	886578	0.0000045
all	750	4	886578	0.0000045
all	751	2	886578	0.0000023
all	752	2	886578	0.0000023
all	753	4	886578	0.0000045
all	754	8	886578	0.0000090
all	755	3	886578	0.0000034
all	756	6	886578	0.0000068
all	757	10	886578	0.0000113
all	758	11	886578	0.0000124
all	759	7	886578	0.0000079
all	760	9	886578	0.0000102
all	761	5	886578	0.0000056
all	762	2	886578	0.0000023
all	763	5	886578	0.0000056
all	764	11	886578	0.0000124
all	765	1	886578	0.0000011
all	766	3	886578	0.0000034
all	767	5	886578	0.0000056
all	768	4	886578	0.0000045
all	769	5	886578	0.0000056
all	770	7	886578	0.0000079
all	771	7	886578	0.0000079
all	772	13	886578	0.0000147
all	773	5	886578	0.0000056
all	774	6	886578	0.0000068
all	775	5	886578	0.0000056
all	776	3	886578	0.0000034
all	777	3	886578	0.0000034
all	778	7	886578	0.0000079
all	779	7	886578	0.0000079
all	780	10	886578	0.0000113
all	781	7	886578	0.0000079
all	782	5	886578	0.0000056
all	783	8	886578	0.0000090
all	784	6	886578	0.0000068
all	785	7	886578	0.0000079
all	786	1	886578	0.0000011
all	787	11	886578	0.0000124
all	788	4	886578	0.0000045
all	789	5	886578	0.0000056
all	790	6	886578	0.0000068
all	791	6	886578	0.0000068
all	792	2	886578	0.0000023
all	793	2	886578	0.0000023
all	794	4	886578	0.0000045
all	795	2	886578	0.0000023
all	796	2	886578	0.0000023
all	797	8	886578	0.0000090
all	798	3	886578	0.0000034
all	799	6	886578	0.0000068
all	800	9	886578	0.0000102
all	801	4	886578	0.0000045
all	802	5	886578	0.0000056
all	803	6	886578	0.0000068
all	804	12	886578	0.0000135
all	805	1	886578	0.0000011
all	806	4	886578	0.0000045
all	807	10	886578	0.0000113
all	808	11	886578	0.0000124
all	809	13	886578	0.0000147
all	810	16	886578	0.0000180
all	811	3	886578	0.0000034
all	812	6	886578	0.0000068
all	813	6	886578	0.0000068
all	814	6	886578	0.0000068
all	815	3	886578	0.0000034
all	816	4	886578	0.0000045
all	817	5	886578	0.0000056
all	818	4	886578	0.0000045
all	819	6	886578	0.0000068
all	820	4	886578	0.0000045
all	821	6	886578	0.0000068
all	822	5	886578	0.0000056
all	823	5	886578	0.0000056
all	824	1	886578	0.0000011
all	825	4	886578	0.0000045
all	826	7	886578	0.0000079
all	827	11	886578	0.0000124
all	828	3	886578	0.0000034
all	829	5	886578	0.0000056
all	830	1	886578	0.0000011
all	831	6	886578	0.0000068
all	832	4	886578	0.0000045
all	833	9	886578	0.0000102
all	834	5	886578	0.0000056
all	835	4	886578	0.0000045
all	836	8	886578	0.0000090
all	837	4	886578	0.0000045
all	838	8	886578	0.0000090
all	839	6	886578	0.0000068
all	840	8	886578	0.0000090
all	841	7	886578	0.0000079
all	842	3	886578	0.0000034
all	843	7	886578	0.0000079
all	844	1	886578	0.0000011
all	845	4	886578	0.0000045
all	846	3	886578	0.0000034
all	847	8	886578	0.0000090
all	848	2	886578	0.0000023
all	849	4	886578	0.0000045
all	850	4	886578	0.0000045
all	851	8	886578	0.0000090
all	852	9	886578	0.0000102
all	853	6	886578	0.0000068
all	854	4	886578	0.0000045
all	855	11	886578	0.0000124
all	856	6	886578	0.0000068
all	857	13	886578	0.0000147
all	858	8	886578	0.0000090
all	859	12	886578	0.0000135
all	860	13	886578	0.0000147
all	861	10	886578	0.0000113
all	862	8	886578	0.0000090
all	863	6	886578	0.0000068
all	864	8	886578	0.0000090
all	865	4	886578	0.0000045
all	866	3	886578	0.0000034
all	867	9	886578	0.0000102
all	868	5	886578	0.0000056
all	869	9	886578	0.0000102
all	870	2	886578	0.0000023
all	871	8	886578	0.0000090
all	872	11	886578	0.0000124
all	873	10	886578	0.0000113
all	874	15	886578	0.0000169
all	875	6	886578	0.0000068
all	876	10	886578	0.0000113
all	877	4	886578	0.0000045
all	878	7	886578	0.0000079
all	879	9	886578	0.0000102
all	880	8	886578	0.0000090
all	881	8	886578	0.0000090
all	882	4	886578	0.0000045
all	883	2	886578	0.0000023
all	884	6	886578	0.0000068
all	885	1	886578	0.0000011
all	886	4	886578	0.0000045
all	887	9	886578	0.0000102
all	888	6	886578	0.0000068
all	889	7	886578	0.0000079
all	890	1	886578	0.0000011
all	891	8	886578	0.0000090
all	892	7	886578	0.0000079
all	893	6	886578	0.0000068
all	894	6	886578	0.0000068
all	895	10	886578	0.0000113
all	896	6	886578	0.0000068
all	897	11	886578	0.0000124
all	898	7	886578	0.0000079
all	899	11	886578	0.0000124
all	900	4	886578	0.0000045
all	901	3	886578	0.0000034
all	902	7	886578	0.0000079
all	903	14	886578	0.0000158
all	904	8	886578	0.0000090
all	905	7	886578	0.0000079
all	906	9	886578	0.0000102
all	907	5	886578	0.0000056
all	908	3	886578	0.0000034
all	909	3	886578	0.0000034
all	910	8	886578	0.0000090
all	911	8	886578	0.0000090
all	912	7	886578	0.0000079
all	913	1	886578	0.0000011
all	914	4	886578	0.0000045
all	915	4	886578	0.0000045
all	916	2	886578	0.0000023
all	917	3	886578	0.0000034
all	918	8	886578	0.0000090
all	919	2	886578	0.0000023
all	920	3	886578	0.0000034
all	921	4	886578	0.0000045
all	922	11	886578	0.0000124
all	923	4	886578	0.0000045
all	924	7	886578	0.0000079
all	925	7	886578	0.0000079
all	926	6	886578	0.0000068
all	927	7	886578	0.0000079
all	928	5	886578	0.0000056
all	929	6	886578	0.0000068
all	930	6	886578	0.0000068
all	931	5	886578	0.0000056
all	932	3	886578	0.0000034
all	933	8	886578	0.0000090
all	934	5	886578	0.0000056
all	935	2	886578	0.0000023
all	936	5	886578	0.0000056
all	937	4	886578	0.0000045
all	938	7	886578	0.0000079
all	939	5	886578	0.0000056
all	940	2	886578	0.0000023
all	941	8	886578	0.0000090
all	942	9	886578	0.0000102
all	943	3	886578	0.0000034
all	944	3	886578	0.0000034
all	945	5	886578	0.0000056
all	946	6	886578	0.0000068
all	947	4	886578	0.0000045
all	948	3	886578	0.0000034
all	949	3	886578	0.0000034
all	950	7	886578	0.0000079
all	951	10	886578	0.0000113
all	952	8	886578	0.0000090
all	953	6	886578	0.0000068
all	954	8	886578	0.0000090
all	955	7	886578	0.0000079
all	956	7	886578	0.0000079
all	957	7	886578	0.0000079
all	958	10	886578	0.0000113
all	959	5	886578	0.0000056
all	960	3	886578	0.0000034
all	961	5	886578	0.0000056
all	962	12	886578	0.0000135
all	963	4	886578	0.0000045
all	964	3	886578	0.0000034
all	965	5	886578	0.0000056
all	966	7	886578	0.0000079
all	967	6	886578	0.0000068
all	968	8	886578	0.0000090
all	969	6	886578	0.0000068
all	970	6	886578	0.0000068
all	971	5	886578	0.0000056
all	972	7	886578	0.0000079
all	973	7	886578	0.0000079
all	974	9	886578	0.0000102
all	975	3	886578	0.0000034
all	976	12	886578	0.0000135
all	977	7	886578	0.0000079
all	978	7	886578	0.0000079
all	979	3	886578	0.0000034
all	980	3	886578	0.0000034
all	981	5	886578	0.0000056
all	982	2	886578	0.0000023
all	983	5	886578	0.0000056
all	984	7	886578	0.0000079
all	985	3	886578	0.0000034
all	986	5	886578	0.0000056
all	987	2	886578	0.0000023
all	988	3	886578	0.0000034
all	989	6	886578	0.0000068
all	990	4	886578	0.0000045
all	991	11	886578	0.0000124
all	992	5	886578	0.0000056
all	993	4	886578	0.0000045
all	994	6	886578	0.0000068
all	995	2	886578	0.0000023
all	996	4	886578	0.0000045
all	997	4	886578	0.0000045
all	998	5	886578	0.0000056
all	999	3	886578	0.0000034
all	1000	4	886578	0.0000045
all	1001	4	886578	0.0000045
all	1002	7	886578	0.0000079
all	1003	5	886578	0.0000056
all	1004	4	886578	0.0000045
all	1005	10	886578	0.0000113
all	1006	11	886578	0.0000124
all	1007	2	886578	0.0000023
all	1008	7	886578	0.0000079
all	1009	5	886578	0.0000056
all	1010	8	886578	0.0000090
all	1011	9	886578	0.0000102
all	1012	7	886578	0.0000079
all	1013	4	886578	0.0000045
all	1014	6	886578	0.0000068
all	1015	4	886578	0.0000045
all	1016	6	886578	0.0000068
all	1017	10	886578	0.0000113
all	1018	6	886578	0.0000068
all	1019	5	886578	0.0000056
all	1020	9	886578	0.0000102
all	1021	3	886578	0.0000034
all	1022	6	886578	0.0000068
all	1023	5	886578	0.0000056
all	1024	8	886578	0.0000090
all	1025	12	886578	0.0000135
all	1026	6	886578	0.0000068
all	1027	5	886578	0.0000056
all	1028	4	886578	0.0000045
all	1029	5	886578	0.0000056
all	1030	10	886578	0.0000113
all	1031	8	886578	0.0000090
all	1032	4	886578	0.0000045
all	1033	6	886578	0.0000068
all	1034	8	886578	0.0000090
all	1035	2	886578	0.0000023
all	1036	10	886578	0.0000113
all	1037	3	886578	0.0000034
all	1038	4	886578	0.0000045
all	1039	4	886578	0.0000045
all	1040	6	886578	0.0000068
all	1041	8	886578	0.0000090
all	1042	9	886578	0.0000102
all	1043	1	886578	0.0000011
all	1044	3	886578	0.0000034
all	1045	1	886578	0.0000011
all	1046	3	886578	0.0000034
all	1047	5	886578	0.0000056
all	1048	8	886578	0.0000090
all	1049	7	886578	0.0000079
all	1050	2	886578	0.0000023
all	1051	4	886578	0.0000045
all	1052	7	886578	0.0000079
all	1053	4	886578	0.0000045
all	1054	5	886578	0.0000056
all	1056	10	886578	0.0000113
all	1057	2	886578	0.0000023
all	1058	5	886578	0.0000056
all	1059	6	886578	0.0000068
all	1060	4	886578	0.0000045
all	1061	5	886578	0.0000056
all	1062	3	886578	0.0000034
all	1063	6	886578	0.0000068
all	1064	4	886578	0.0000045
all	1065	3	886578	0.0000034
all	1066	4	886578	0.0000045
all	1067	3	886578	0.0000034
all	1068	1	886578	0.0000011
all	1069	3	886578	0.0000034
all	1070	2	886578	0.0000023
all	1071	1	886578	0.0000011
all	1072	1	886578	0.0000011
all	1073	5	886578	0.0000056
all	1074	5	886578	0.0000056
all	1075	5	886578	0.0000056
all	1076	7	886578	0.0000079
all	1077	3	886578	0.0000034
all	1078	4	886578	0.0000045
all	1079	3	886578	0.0000034
all	1081	1	886578	0.0000011
all	1082	3	886578	0.0000034
all	1083	1	886578	0.0000011
all	1084	2	886578	0.0000023
all	1085	2	886578	0.0000023
all	1086	2	886578	0.0000023
all	1087	1	886578	0.0000011
all	1088	4	886578	0.0000045
all	1089	2	886578	0.0000023
all	1090	2	886578	0.0000023
all	1091	7	886578	0.0000079
all	1092	3	886578	0.0000034
all	1093	5	886578	0.0000056
all	1094	2	886578	0.0000023
all	1095	3	886578	0.0000034
all	1096	2	886578	0.0000023
all	1097	1	886578	0.0000011
all	1098	3	886578	0.0000034
all	1099	1	886578	0.0000011
all	1100	6	886578	0.0000068
all	1101	3	886578	0.0000034
all	1102	4	886578	0.0000045
all	1103	3	886578	0.0000034
all	1104	2	886578	0.0000023
all	1105	5	886578	0.0000056
all	1106	2	886578	0.0000023
all	1107	4	886578	0.0000045
all	1108	2	886578	0.0000023
all	1109	5	886578	0.0000056
all	1110	5	886578	0.0000056
all	1111	3	886578	0.0000034
all	1112	1	886578	0.0000011
all	1113	5	886578	0.0000056
all	1114	7	886578	0.0000079
all	1115	5	886578	0.0000056
all	1116	2	886578	0.0000023
all	1117	2	886578	0.0000023
all	1118	3	886578	0.0000034
all	1119	4	886578	0.0000045
all	1120	4	886578	0.0000045
all	1121	5	886578	0.0000056
all	1122	2	886578	0.0000023
all	1123	5	886578	0.0000056
all	1124	2	886578	0.0000023
all	1125	8	886578	0.0000090
all	1126	3	886578	0.0000034
all	1127	1	886578	0.0000011
all	1128	2	886578	0.0000023
all	1129	1	886578	0.0000011
all	1130	1	886578	0.0000011
all	1131	3	886578	0.0000034
all	1132	3	886578	0.0000034
all	1133	5	886578	0.0000056
all	1134	2	886578	0.0000023
all	1135	5	886578	0.0000056
all	1136	4	886578	0.0000045
all	1137	3	886578	0.0000034
all	1138	5	886578	0.0000056
all	1139	3	886578	0.0000034
all	1140	7	886578	0.0000079
all	1141	3	886578	0.0000034
all	1142	3	886578	0.0000034
all	1143	1	886578	0.0000011
all	1144	3	886578	0.0000034
all	1145	3	886578	0.0000034
all	1146	3	886578	0.0000034
all	1147	4	886578	0.0000045
all	1148	4	886578	0.0000045
all	1149	6	886578	0.0000068
all	1150	1	886578	0.0000011
all	1151	4	886578	0.0000045
all	1152	2	886578	0.0000023
all	1153	2	886578	0.0000023
all	1155	5	886578	0.0000056
all	1156	6	886578	0.0000068
all	1157	3	886578	0.0000034
all	1159	5	886578	0.0000056
all	1160	6	886578	0.0000068
all	1161	7	886578	0.0000079
all	1162	1	886578	0.0000011
all	1163	4	886578	0.0000045
all	1164	3	886578	0.0000034
all	1165	2	886578	0.0000023
all	1166	6	886578	0.0000068
all	1168	6	886578	0.0000068
all	1169	2	886578	0.0000023
all	1170	3	886578	0.0000034
all	1171	5	886578	0.0000056
all	1172	1	886578	0.0000011
all	1173	5	886578	0.0000056
all	1174	2	886578	0.0000023
all	1175	1	886578	0.0000011
all	1176	6	886578	0.0000068
all	1177	7	886578	0.0000079
all	1178	2	886578	0.0000023
all	1179	5	886578	0.0000056
all	1180	1	886578	0.0000011
all	1181	3	886578	0.0000034
all	1182	3	886578	0.0000034
all	1183	2	886578	0.0000023
all	1184	2	886578	0.0000023
all	1185	1	886578	0.0000011
all	1186	1	886578	0.0000011
all	1187	3	886578	0.0000034
all	1188	1	886578	0.0000011
all	1189	3	886578	0.0000034
all	1190	4	886578	0.0000045
all	1191	2	886578	0.0000023
all	1192	1	886578	0.0000011
all	1193	4	886578	0.0000045
all	1194	1	886578	0.0000011
all	1195	5	886578	0.0000056
all	1196	3	886578	0.0000034
all	1198	5	886578	0.0000056
all	1199	1	886578	0.0000011
all	1200	1	886578	0.0000011
all	1201	3	886578	0.0000034
all	1202	5	886578	0.0000056
all	1203	5	886578	0.0000056
all	1205	4	886578	0.0000045
all	1206	4	886578	0.0000045
all	1207	1	886578	0.0000011
all	1208	4	886578	0.0000045
all	1209	2	886578	0.0000023
all	1210	3	886578	0.0000034
all	1211	4	886578	0.0000045
all	1212	3	886578	0.0000034
all	1213	3	886578	0.0000034
all	1214	5	886578	0.0000056
all	1215	2	886578	0.0000023
all	1217	5	886578	0.0000056
all	1218	1	886578	0.0000011
all	1219	1	886578	0.0000011
all	1220	2	886578	0.0000023
all	1221	1	886578	0.0000011
all	1222	5	886578	0.0000056
all	1223	1	886578	0.0000011
all	1226	3	886578	0.0000034
all	1227	4	886578	0.0000045
all	1228	5	886578	0.0000056
all	1230	3	886578	0.0000034
all	1231	3	886578	0.0000034
all	1233	2	886578	0.0000023
all	1234	1	886578	0.0000011
all	1235	1	886578	0.0000011
all	1236	1	886578	0.0000011
all	1237	6	886578	0.0000068
all	1238	1	886578	0.0000011
all	1239	1	886578	0.0000011
all	1240	9	886578	0.0000102
all	1242	4	886578	0.0000045
all	1243	4	886578	0.0000045
all	1244	3	886578	0.0000034
all	1245	6	886578	0.0000068
all	1246	3	886578	0.0000034
all	1247	7	886578	0.0000079
all	1249	2	886578	0.0000023
all	1250	5	886578	0.0000056
all	1251	1	886578	0.0000011
all	1252	2	886578	0.0000023
all	1253	3	886578	0.0000034
all	1254	2	886578	0.0000023
all	1255	3	886578	0.0000034
all	1256	5	886578	0.0000056
all	1257	2	886578	0.0000023
all	1258	3	886578	0.0000034
all	1259	1	886578	0.0000011
all	1260	4	886578	0.0000045
all	1261	6	886578	0.0000068
all	1262	5	886578	0.0000056
all	1263	1	886578	0.0000011
all	1264	3	886578	0.0000034
all	1265	1	886578	0.0000011
all	1266	3	886578	0.0000034
all	1267	4	886578	0.0000045
all	1268	1	886578	0.0000011
all	1269	5	886578	0.0000056
all	1270	2	886578	0.0000023
all	1271	4	886578	0.0000045
all	1273	1	886578	0.0000011
all	1274	2	886578	0.0000023
all	1275	5	886578	0.0000056
all	1276	3	886578	0.0000034
all	1277	2	886578	0.0000023
all	1278	4	886578	0.0000045
all	1279	2	886578	0.0000023
all	1280	4	886578	0.0000045
all	1281	2	886578	0.0000023
all	1282	5	886578	0.0000056
all	1283	6	886578	0.0000068
all	1284	1	886578	0.0000011
all	1285	6	886578	0.0000068
all	1286	1	886578	0.0000011
all	1287	3	886578	0.0000034
all	1288	3	886578	0.0000034
all	1289	14	886578	0.0000158
all	1290	1	886578	0.0000011
all	1291	3	886578	0.0000034
all	1292	3	886578	0.0000034
all	1293	4	886578	0.0000045
all	1295	4	886578	0.0000045
all	1297	3	886578	0.0000034
all	1298	2	886578	0.0000023
all	1299	2	886578	0.0000023
all	1300	1	886578	0.0000011
all	1301	3	886578	0.0000034
all	1302	1	886578	0.0000011
all	1303	2	886578	0.0000023
all	1304	2	886578	0.0000023
all	1305	2	886578	0.0000023
all	1306	2	886578	0.0000023
all	1307	2	886578	0.0000023
all	1308	5	886578	0.0000056
all	1309	5	886578	0.0000056
all	1310	3	886578	0.0000034
all	1311	4	886578	0.0000045
all	1312	5	886578	0.0000056
all	1313	1	886578	0.0000011
all	1314	1	886578	0.0000011
all	1315	4	886578	0.0000045
all	1316	6	886578	0.0000068
all	1317	1	886578	0.0000011
all	1318	3	886578	0.0000034
all	1319	4	886578	0.0000045
all	1320	2	886578	0.0000023
all	1321	4	886578	0.0000045
all	1322	4	886578	0.0000045
all	1323	8	886578	0.0000090
all	1324	11	886578	0.0000124
all	1325	4	886578	0.0000045
all	1326	3	886578	0.0000034
all	1327	3	886578	0.0000034
all	1328	3	886578	0.0000034
all	1329	2	886578	0.0000023
all	1330	5	886578	0.0000056
all	1331	1	886578	0.0000011
all	1332	1	886578	0.0000011
all	1333	5	886578	0.0000056
all	1334	1	886578	0.0000011
all	1335	4	886578	0.0000045
all	1336	1	886578	0.0000011
all	1337	2	886578	0.0000023
all	1338	2	886578	0.0000023
all	1339	1	886578	0.0000011
all	1340	3	886578	0.0000034
all	1342	4	886578	0.0000045
all	1343	6	886578	0.0000068
all	1344	1	886578	0.0000011
all	1346	2	886578	0.0000023
all	1347	1	886578	0.0000011
all	1348	1	886578	0.0000011
all	1349	2	886578	0.0000023
all	1350	4	886578	0.0000045
all	1351	2	886578	0.0000023
all	1352	4	886578	0.0000045
all	1353	1	886578	0.0000011
all	1354	2	886578	0.0000023
all	1355	2	886578	0.0000023
all	1358	2	886578	0.0000023
all	1359	3	886578	0.0000034
all	1360	2	886578	0.0000023
all	1361	2	886578	0.0000023
all	1362	1	886578	0.0000011
all	1363	3	886578	0.0000034
all	1364	5	886578	0.0000056
all	1365	2	886578	0.0000023
all	1366	3	886578	0.0000034
all	1367	2	886578	0.0000023
all	1368	1	886578	0.0000011
all	1369	2	886578	0.0000023
all	1371	3	886578	0.0000034
all	1373	3	886578	0.0000034
all	1374	2	886578	0.0000023
all	1375	3	886578	0.0000034
all	1377	2	886578	0.0000023
all	1378	1	886578	0.0000011
all	1379	1	886578	0.0000011
all	1380	2	886578	0.0000023
all	1381	5	886578	0.0000056
all	1382	3	886578	0.0000034
all	1383	4	886578	0.0000045
all	1384	4	886578	0.0000045
all	1385	2	886578	0.0000023
all	1386	2	886578	0.0000023
all	1387	6	886578	0.0000068
all	1388	2	886578	0.0000023
all	1389	3	886578	0.0000034
all	1390	5	886578	0.0000056
all	1391	1	886578	0.0000011
all	1392	2	886578	0.0000023
all	1393	5	886578	0.0000056
all	1394	2	886578	0.0000023
all	1395	5	886578	0.0000056
all	1397	2	886578	0.0000023
all	1398	1	886578	0.0000011
all	1399	4	886578	0.0000045
all	1400	3	886578	0.0000034
all	1401	4	886578	0.0000045
all	1402	2	886578	0.0000023
all	1404	1	886578	0.0000011
all	1405	1	886578	0.0000011
all	1406	2	886578	0.0000023
all	1407	3	886578	0.0000034
all	1408	3	886578	0.0000034
all	1409	1	886578	0.0000011
all	1410	7	886578	0.0000079
all	1411	1	886578	0.0000011
all	1412	4	886578	0.0000045
all	1413	2	886578	0.0000023
all	1414	3	886578	0.0000034
all	1415	2	886578	0.0000023
all	1416	4	886578	0.0000045
all	1418	4	886578	0.0000045
all	1419	3	886578	0.0000034
all	1420	1	886578	0.0000011
all	1421	2	886578	0.0000023
all	1422	3	886578	0.0000034
all	1423	1	886578	0.0000011
all	1424	7	886578	0.0000079
all	1425	4	886578	0.0000045
all	1426	11	886578	0.0000124
all	1427	3	886578	0.0000034
all	1428	2	886578	0.0000023
all	1429	5	886578	0.0000056
all	1430	5	886578	0.0000056
all	1431	1	886578	0.0000011
all	1432	9	886578	0.0000102
all	1433	3	886578	0.0000034
all	1434	4	886578	0.0000045
all	1435	7	886578	0.0000079
all	1436	5	886578	0.0000056
all	1437	4	886578	0.0000045
all	1438	2	886578	0.0000023
all	1441	4	886578	0.0000045
all	1442	1	886578	0.0000011
all	1443	1	886578	0.0000011
all	1444	4	886578	0.0000045
all	1445	1	886578	0.0000011
all	1446	3	886578	0.0000034
all	1447	3	886578	0.0000034
all	1448	1	886578	0.0000011
all	1449	3	886578	0.0000034
all	1450	2	886578	0.0000023
all	1451	4	886578	0.0000045
all	1452	1	886578	0.0000011
all	1453	2	886578	0.0000023
all	1454	3	886578	0.0000034
all	1455	1	886578	0.0000011
all	1456	2	886578	0.0000023
all	1458	2	886578	0.0000023
all	1459	1	886578	0.0000011
all	1460	1	886578	0.0000011
all	1461	4	886578	0.0000045
all	1462	3	886578	0.0000034
all	1463	3	886578	0.0000034
all	1464	2	886578	0.0000023
all	1465	1	886578	0.0000011
all	1466	2	886578	0.0000023
all	1467	1	886578	0.0000011
all	1468	4	886578	0.0000045
all	1469	1	886578	0.0000011
all	1470	1	886578	0.0000011
all	1471	1	886578	0.0000011
all	1472	1	886578	0.0000011
all	1473	2	886578	0.0000023
all	1474	3	886578	0.0000034
all	1475	2	886578	0.0000023
all	1476	2	886578	0.0000023
all	1477	1	886578	0.0000011
all	1478	2	886578	0.0000023
all	1480	2	886578	0.0000023
all	1481	1	886578	0.0000011
all	1482	3	886578	0.0000034
all	1483	3	886578	0.0000034
all	1484	5	886578	0.0000056
all	1486	2	886578	0.0000023
all	1487	4	886578	0.0000045
all	1488	2	886578	0.0000023
all	1489	1	886578	0.0000011
all	1491	3	886578	0.0000034
all	1492	2	886578	0.0000023
all	1493	5	886578	0.0000056
all	1494	4	886578	0.0000045
all	1495	2	886578	0.0000023
all	1496	5	886578	0.0000056
all	1497	5	886578	0.0000056
all	1498	2	886578	0.0000023
all	1499	2	886578	0.0000023
all	1500	4	886578	0.0000045
all	1501	3	886578	0.0000034
all	1502	4	886578	0.0000045
all	1504	3	886578	0.0000034
all	1505	5	886578	0.0000056
all	1506	3	886578	0.0000034
all	1507	8	886578	0.0000090
all	1508	1	886578	0.0000011
all	1509	2	886578	0.0000023
all	1510	5	886578	0.0000056
all	1511	5	886578	0.0000056
all	1512	6	886578	0.0000068
all	1513	4	886578	0.0000045
all	1514	3	886578	0.0000034
all	1515	3	886578	0.0000034
all	1516	4	886578	0.0000045
all	1517	5	886578	0.0000056
all	1518	3	886578	0.0000034
all	1519	3	886578	0.0000034
all	1520	4	886578	0.0000045
all	1521	2	886578	0.0000023
all	1522	4	886578	0.0000045
all	1523	3	886578	0.0000034
all	1524	5	886578	0.0000056
all	1525	5	886578	0.0000056
all	1526	2	886578	0.0000023
all	1527	3	886578	0.0000034
all	1528	9	886578	0.0000102
all	1530	2	886578	0.0000023
all	1532	4	886578	0.0000045
all	1533	6	886578	0.0000068
all	1534	9	886578	0.0000102
all	1535	2	886578	0.0000023
all	1536	5	886578	0.0000056
all	1537	5	886578	0.0000056
all	1538	1	886578	0.0000011
all	1539	1	886578	0.0000011
all	1540	3	886578	0.0000034
all	1541	2	886578	0.0000023
all	1542	5	886578	0.0000056
all	1543	1	886578	0.0000011
all	1544	3	886578	0.0000034
all	1545	2	886578	0.0000023
all	1546	6	886578	0.0000068
all	1547	6	886578	0.0000068
all	1548	7	886578	0.0000079
all	1549	2	886578	0.0000023
all	1550	5	886578	0.0000056
all	1551	3	886578	0.0000034
all	1552	4	886578	0.0000045
all	1553	1	886578	0.0000011
all	1554	7	886578	0.0000079
all	1555	3	886578	0.0000034
all	1556	1	886578	0.0000011
all	1557	2	886578	0.0000023
all	1558	6	886578	0.0000068
all	1559	2	886578	0.0000023
all	1560	2	886578	0.0000023
all	1561	1	886578	0.0000011
all	1562	2	886578	0.0000023
all	1563	1	886578	0.0000011
all	1564	3	886578	0.0000034
all	1565	3	886578	0.0000034
all	1566	6	886578	0.0000068
all	1567	2	886578	0.0000023
all	1568	3	886578	0.0000034
all	1569	1	886578	0.0000011
all	1570	2	886578	0.0000023
all	1571	2	886578	0.0000023
all	1572	3	886578	0.0000034
all	1573	5	886578	0.0000056
all	1574	3	886578	0.0000034
all	1575	2	886578	0.0000023
all	1576	5	886578	0.0000056
all	1577	2	886578	0.0000023
all	1578	1	886578	0.0000011
all	1579	4	886578	0.0000045
all	1580	1	886578	0.0000011
all	1581	2	886578	0.0000023
all	1582	5	886578	0.0000056
all	1583	2	886578	0.0000023
all	1584	1	886578	0.0000011
all	1585	1	886578	0.0000011
all	1586	2	886578	0.0000023
all	1587	3	886578	0.0000034
all	1588	3	886578	0.0000034
all	1589	2	886578	0.0000023
all	1590	1	886578	0.0000011
all	1591	3	886578	0.0000034
all	1592	1	886578	0.0000011
all	1593	4	886578	0.0000045
all	1594	3	886578	0.0000034
all	1595	2	886578	0.0000023
all	1596	4	886578	0.0000045
all	1598	2	886578	0.0000023
all	1599	1	886578	0.0000011
all	1600	3	886578	0.0000034
all	1601	2	886578	0.0000023
all	1602	3	886578	0.0000034
all	1603	5	886578	0.0000056
all	1605	3	886578	0.0000034
all	1606	2	886578	0.0000023
all	1607	1	886578	0.0000011
all	1608	4	886578	0.0000045
all	1609	6	886578	0.0000068
all	1610	4	886578	0.0000045
all	1611	1	886578	0.0000011
all	1612	1	886578	0.0000011
all	1614	1	886578	0.0000011
all	1615	1	886578	0.0000011
all	1616	5	886578	0.0000056
all	1617	1	886578	0.0000011
all	1618	3	886578	0.0000034
all	1620	2	886578	0.0000023
all	1621	1	886578	0.0000011
all	1622	2	886578	0.0000023
all	1623	1	886578	0.0000011
all	1624	1	886578	0.0000011
all	1625	3	886578	0.0000034
all	1626	3	886578	0.0000034
all	1627	2	886578	0.0000023
all	1628	5	886578	0.0000056
all	1629	1	886578	0.0000011
all	1630	3	886578	0.0000034
all	1631	5	886578	0.0000056
all	1632	3	886578	0.0000034
all	1633	1	886578	0.0000011
all	1634	1	886578	0.0000011
all	1635	1	886578	0.0000011
all	1636	1	886578	0.0000011
all	1637	7	886578	0.0000079
all	1638	1	886578	0.0000011
all	1639	3	886578	0.0000034
all	1640	4	886578	0.0000045
all	1641	1	886578	0.0000011
all	1642	4	886578	0.0000045
all	1643	6	886578	0.0000068
all	1644	2	886578	0.0000023
all	1645	5	886578	0.0000056
all	1646	6	886578	0.0000068
all	1647	6	886578	0.0000068
all	1648	5	886578	0.0000056
all	1649	4	886578	0.0000045
all	1650	7	886578	0.0000079
all	1651	3	886578	0.0000034
all	1652	4	886578	0.0000045
all	1654	2	886578	0.0000023
all	1655	3	886578	0.0000034
all	1656	3	886578	0.0000034
all	1657	1	886578	0.0000011
all	1658	2	886578	0.0000023
all	1660	2	886578	0.0000023
all	1661	1	886578	0.0000011
all	1662	6	886578	0.0000068
all	1663	4	886578	0.0000045
all	1664	7	886578	0.0000079
all	1665	6	886578	0.0000068
all	1667	1	886578	0.0000011
all	1668	7	886578	0.0000079
all	1669	1	886578	0.0000011
all	1670	6	886578	0.0000068
all	1672	6	886578	0.0000068
all	1673	4	886578	0.0000045
all	1674	3	886578	0.0000034
all	1675	4	886578	0.0000045
all	1676	4	886578	0.0000045
all	1677	2	886578	0.0000023
all	1678	3	886578	0.0000034
all	1679	4	886578	0.0000045
all	1680	3	886578	0.0000034
all	1681	5	886578	0.0000056
all	1682	2	886578	0.0000023
all	1683	6	886578	0.0000068
all	1684	4	886578	0.0000045
all	1685	4	886578	0.0000045
all	1686	2	886578	0.0000023
all	1687	5	886578	0.0000056
all	1688	3	886578	0.0000034
all	1689	1	886578	0.0000011
all	1690	5	886578	0.0000056
all	1691	1	886578	0.0000011
all	1692	4	886578	0.0000045
all	1694	1	886578	0.0000011
all	1695	1	886578	0.0000011
all	1696	2	886578	0.0000023
all	1697	5	886578	0.0000056
all	1698	2	886578	0.0000023
all	1699	6	886578	0.0000068
all	1700	2	886578	0.0000023
all	1701	5	886578	0.0000056
all	1702	4	886578	0.0000045
all	1703	2	886578	0.0000023
all	1704	3	886578	0.0000034
all	1705	2	886578	0.0000023
all	1706	1	886578	0.0000011
all	1707	6	886578	0.0000068
all	1708	6	886578	0.0000068
all	1710	3	886578	0.0000034
all	1711	3	886578	0.0000034
all	1712	3	886578	0.0000034
all	1713	3	886578	0.0000034
all	1715	4	886578	0.0000045
all	1716	2	886578	0.0000023
all	1717	6	886578	0.0000068
all	1718	2	886578	0.0000023
all	1719	1	886578	0.0000011
all	1720	4	886578	0.0000045
all	1721	1	886578	0.0000011
all	1722	1	886578	0.0000011
all	1723	5	886578	0.0000056
all	1724	6	886578	0.0000068
all	1725	2	886578	0.0000023
all	1726	4	886578	0.0000045
all	1727	2	886578	0.0000023
all	1728	5	886578	0.0000056
all	1729	3	886578	0.0000034
all	1730	5	886578	0.0000056
all	1731	2	886578	0.0000023
all	1732	5	886578	0.0000056
all	1733	1	886578	0.0000011
all	1734	2	886578	0.0000023
all	1735	2	886578	0.0000023
all	1736	6	886578	0.0000068
all	1737	1	886578	0.0000011
all	1738	4	886578	0.0000045
all	1739	1	886578	0.0000011
all	1741	1	886578	0.0000011
all	1742	5	886578	0.0000056
all	1743	1	886578	0.0000011
all	1744	3	886578	0.0000034
all	1745	3	886578	0.0000034
all	1746	2	886578	0.0000023
all	1747	3	886578	0.0000034
all	1749	4	886578	0.0000045
all	1750	1	886578	0.0000011
all	1751	2	886578	0.0000023
all	1752	6	886578	0.0000068
all	1753	7	886578	0.0000079
all	1755	3	886578	0.0000034
all	1757	2	886578	0.0000023
all	1759	3	886578	0.0000034
all	1760	2	886578	0.0000023
all	1761	2	886578	0.0000023
all	1762	3	886578	0.0000034
all	1763	1	886578	0.0000011
all	1764	3	886578	0.0000034
all	1765	2	886578	0.0000023
all	1767	1	886578	0.0000011
all	1769	1	886578	0.0000011
all	1770	1	886578	0.0000011
all	1772	1	886578	0.0000011
all	1773	2	886578	0.0000023
all	1775	1	886578	0.0000011
all	1776	2	886578	0.0000023
all	1777	1	886578	0.0000011
all	1779	1	886578	0.0000011
all	1783	1	886578	0.0000011
all	1784	2	886578	0.0000023
all	1785	2	886578	0.0000023
all	1788	2	886578	0.0000023
all	1789	1	886578	0.0000011
all	1790	2	886578	0.0000023
all	1792	1	886578	0.0000011
all	1793	1	886578	0.0000011
all	1794	1	886578	0.0000011
all	1796	1	886578	0.0000011
all	1798	1	886578	0.0000011
all	1799	2	886578	0.0000023
all	1800	1	886578	0.0000011
all	1801	2	886578	0.0000023
all	1802	1	886578	0.0000011
all	1804	3	886578	0.0000034
all	1805	1	886578	0.0000011
all	1807	1	886578	0.0000011
all	1809	3	886578	0.0000034
all	1810	1	886578	0.0000011
all	1811	2	886578	0.0000023
all	1812	3	886578	0.0000034
all	1813	2	886578	0.0000023
all	1816	2	886578	0.0000023
all	1819	1	886578	0.0000011
all	1822	2	886578	0.0000023
all	1823	1	886578	0.0000011
all	1824	1	886578	0.0000011
all	1825	1	886578	0.0000011
all	1827	2	886578	0.0000023
all	1830	2	886578	0.0000023
all	1831	3	886578	0.0000034
all	1832	1	886578	0.0000011
all	1834	2	886578	0.0000023
all	1836	1	886578	0.0000011
all	1837	4	886578	0.0000045
all	1838	1	886578	0.0000011
all	1839	3	886578	0.0000034
all	1840	1	886578	0.0000011
all	1841	1	886578	0.0000011
all	1842	1	886578	0.0000011
all	1846	1	886578	0.0000011
all	1847	2	886578	0.0000023
all	1848	1	886578	0.0000011
all	1849	1	886578	0.0000011
all	1850	1	886578	0.0000011
all	1851	1	886578	0.0000011
all	1852	1	886578	0.0000011
all	1853	1	886578	0.0000011
all	1854	2	886578	0.0000023
all	1855	1	886578	0.0000011
all	1856	2	886578	0.0000023
all	1857	1	886578	0.0000011
all	1859	3	886578	0.0000034
all	1860	1	886578	0.0000011
all	1861	3	886578	0.0000034
all	1862	1	886578	0.0000011
all	1863	1	886578	0.0000011
all	1864	2	886578	0.0000023
all	1866	1	886578	0.0000011
all	1867	1	886578	0.0000011
all	1869	1	886578	0.0000011
all	1871	3	886578	0.0000034
all	1872	1	886578	0.0000011
all	1873	1	886578	0.0000011
all	1875	1	886578	0.0000011
all	1877	1	886578	0.0000011
all	1878	1	886578	0.0000011
all	1879	6	886578	0.0000068
all	1880	3	886578	0.0000034
all	1883	1	886578	0.0000011
all	1884	2	886578	0.0000023
all	1885	1	886578	0.0000011
all	1886	4	886578	0.0000045
all	1888	2	886578	0.0000023
all	1889	1	886578	0.0000011
all	1890	1	886578	0.0000011
all	1891	2	886578	0.0000023
all	1893	3	886578	0.0000034
all	1894	1	886578	0.0000011
all	1895	2	886578	0.0000023
all	1896	1	886578	0.0000011
all	1897	2	886578	0.0000023
all	1898	2	886578	0.0000023
all	1900	3	886578	0.0000034
all	1901	1	886578	0.0000011
all	1902	2	886578	0.0000023
all	1903	2	886578	0.0000023
all	1904	2	886578	0.0000023
all	1906	2	886578	0.0000023
all	1907	1	886578	0.0000011
all	1908	1	886578	0.0000011
all	1909	1	886578	0.0000011
all	1910	1	886578	0.0000011
all	1911	3	886578	0.0000034
all	1912	1	886578	0.0000011
all	1913	2	886578	0.0000023
all	1914	3	886578	0.0000034
all	1915	1	886578	0.0000011
all	1916	1	886578	0.0000011
all	1917	2	886578	0.0000023
all	1919	2	886578	0.0000023
all	1920	3	886578	0.0000034
all	1921	1	886578	0.0000011
all	1922	2	886578	0.0000023
all	1923	2	886578	0.0000023
all	1924	1	886578	0.0000011
all	1926	2	886578	0.0000023
all	1927	2	886578	0.0000023
all	1930	2	886578	0.0000023
all	1931	2	886578	0.0000023
all	1934	2	886578	0.0000023
all	1935	2	886578	0.0000023
all	1936	1	886578	0.0000011
all	1937	1	886578	0.0000011
all	1938	2	886578	0.0000023
all	1939	2	886578	0.0000023
all	1940	1	886578	0.0000011
all	1941	4	886578	0.0000045
all	1942	3	886578	0.0000034
all	1943	2	886578	0.0000023
all	1945	2	886578	0.0000023
all	1946	3	886578	0.0000034
all	1947	2	886578	0.0000023
all	1949	1	886578	0.0000011
all	1951	2	886578	0.0000023
all	1952	1	886578	0.0000011
all	1954	3	886578	0.0000034
all	1955	2	886578	0.0000023
all	1956	1	886578	0.0000011
all	1957	3	886578	0.0000034
all	1958	2	886578	0.0000023
all	1959	4	886578	0.0000045
all	1960	1	886578	0.0000011
all	1961	2	886578	0.0000023
all	1962	1	886578	0.0000011
all	1963	6	886578	0.0000068
all	1964	2	886578	0.0000023
all	1965	2	886578	0.0000023
all	1966	1	886578	0.0000011
all	1970	3	886578	0.0000034
all	1972	2	886578	0.0000023
all	1973	1	886578	0.0000011
all	1974	4	886578	0.0000045
all	1975	1	886578	0.0000011
all	1976	1	886578	0.0000011
all	1978	1	886578	0.0000011
all	1979	1	886578	0.0000011
all	1981	2	886578	0.0000023
all	1983	2	886578	0.0000023
all	1985	1	886578	0.0000011
all	1988	1	886578	0.0000011
all	1989	3	886578	0.0000034
all	1990	1	886578	0.0000011
all	1991	3	886578	0.0000034
all	1993	2	886578	0.0000023
all	1994	1	886578	0.0000011
all	1995	3	886578	0.0000034
all	1996	1	886578	0.0000011
all	1997	2	886578	0.0000023
all	1998	2	886578	0.0000023
all	1999	1	886578	0.0000011
all	2002	2	886578	0.0000023
all	2003	1	886578	0.0000011
all	2005	1	886578	0.0000011
all	2007	1	886578	0.0000011
all	2008	1	886578	0.0000011
all	2010	2	886578	0.0000023
all	2011	3	886578	0.0000034
all	2012	3	886578	0.0000034
all	2013	1	886578	0.0000011
all	2014	2	886578	0.0000023
all	2017	2	886578	0.0000023
all	2018	2	886578	0.0000023
all	2019	1	886578	0.0000011
all	2021	2	886578	0.0000023
all	2022	4	886578	0.0000045
all	2023	3	886578	0.0000034
all	2025	2	886578	0.0000023
all	2026	4	886578	0.0000045
all	2027	2	886578	0.0000023
all	2028	1	886578	0.0000011
all	2029	3	886578	0.0000034
all	2030	2	886578	0.0000023
all	2032	6	886578	0.0000068
all	2034	1	886578	0.0000011
all	2036	1	886578	0.0000011
all	2040	1	886578	0.0000011
all	2041	2	886578	0.0000023
all	2042	1	886578	0.0000011
all	2043	2	886578	0.0000023
all	2044	1	886578	0.0000011
all	2045	1	886578	0.0000011
all	2046	1	886578	0.0000011
all	2047	3	886578	0.0000034
all	2048	2	886578	0.0000023
all	2049	2	886578	0.0000023
all	2051	2	886578	0.0000023
all	2052	1	886578	0.0000011
all	2053	1	886578	0.0000011
all	2055	1	886578	0.0000011
all	2056	1	886578	0.0000011
all	2057	1	886578	0.0000011
all	2058	1	886578	0.0000011
all	2059	1	886578	0.0000011
all	2060	1	886578	0.0000011
all	2061	2	886578	0.0000023
all	2062	3	886578	0.0000034
all	2063	3	886578	0.0000034
all	2064	2	886578	0.0000023
all	2065	2	886578	0.0000023
all	2067	2	886578	0.0000023
all	2068	2	886578	0.0000023
all	2069	2	886578	0.0000023
all	2070	5	886578	0.0000056
all	2071	3	886578	0.0000034
all	2072	3	886578	0.0000034
all	2073	1	886578	0.0000011
all	2074	2	886578	0.0000023
all	2076	2	886578	0.0000023
all	2077	1	886578	0.0000011
all	2079	4	886578	0.0000045
all	2080	1	886578	0.0000011
all	2082	2	886578	0.0000023
all	2083	3	886578	0.0000034
all	2084	1	886578	0.0000011
all	2085	5	886578	0.0000056
all	2086	3	886578	0.0000034
all	2087	1	886578	0.0000011
all	2088	1	886578	0.0000011
all	2089	1	886578	0.0000011
all	2091	4	886578	0.0000045
all	2092	3	886578	0.0000034
all	2093	3	886578	0.0000034
all	2094	1	886578	0.0000011
all	2095	1	886578	0.0000011
all	2096	2	886578	0.0000023
all	2097	1	886578	0.0000011
all	2098	1	886578	0.0000011
all	2099	1	886578	0.0000011
all	2100	1	886578	0.0000011
all	2101	4	886578	0.0000045
all	2102	1	886578	0.0000011
all	2104	1	886578	0.0000011
all	2105	4	886578	0.0000045
all	2106	2	886578	0.0000023
all	2107	4	886578	0.0000045
all	2108	1	886578	0.0000011
all	2109	4	886578	0.0000045
all	2110	2	886578	0.0000023
all	2111	7	886578	0.0000079
all	2112	2	886578	0.0000023
all	2114	1	886578	0.0000011
all	2115	4	886578	0.0000045
all	2116	3	886578	0.0000034
all	2117	1	886578	0.0000011
all	2118	3	886578	0.0000034
all	2119	4	886578	0.0000045
all	2120	1	886578	0.0000011
all	2121	1	886578	0.0000011
all	2122	3	886578	0.0000034
all	2123	3	886578	0.0000034
all	2124	2	886578	0.0000023
all	2125	3	886578	0.0000034
all	2127	1	886578	0.0000011
all	2128	1	886578	0.0000011
all	2131	3	886578	0.0000034
all	2132	2	886578	0.0000023
all	2133	1	886578	0.0000011
all	2134	1	886578	0.0000011
all	2135	1	886578	0.0000011
all	2136	1	886578	0.0000011
all	2137	1	886578	0.0000011
all	2138	1	886578	0.0000011
all	2139	2	886578	0.0000023
all	2141	1	886578	0.0000011
all	2142	4	886578	0.0000045
all	2143	1	886578	0.0000011
all	2145	2	886578	0.0000023
all	2146	5	886578	0.0000056
all	2147	2	886578	0.0000023
all	2149	2	886578	0.0000023
all	2150	3	886578	0.0000034
all	2151	1	886578	0.0000011
all	2152	9	886578	0.0000102
all	2153	3	886578	0.0000034
all	2154	1	886578	0.0000011
all	2155	1	886578	0.0000011
all	2156	3	886578	0.0000034
all	2157	2	886578	0.0000023
all	2158	2	886578	0.0000023
all	2159	2	886578	0.0000023
all	2160	3	886578	0.0000034
all	2162	3	886578	0.0000034
all	2163	3	886578	0.0000034
all	2164	2	886578	0.0000023
all	2165	3	886578	0.0000034
all	2167	2	886578	0.0000023
all	2169	1	886578	0.0000011
all	2170	2	886578	0.0000023
all	2171	1	886578	0.0000011
all	2172	5	886578	0.0000056
all	2174	2	886578	0.0000023
all	2177	2	886578	0.0000023
all	2178	1	886578	0.0000011
all	2179	1	886578	0.0000011
all	2180	3	886578	0.0000034
all	2181	1	886578	0.0000011
all	2182	3	886578	0.0000034
all	2183	2	886578	0.0000023
all	2184	2	886578	0.0000023
all	2185	4	886578	0.0000045
all	2186	3	886578	0.0000034
all	2187	4	886578	0.0000045
all	2188	3	886578	0.0000034
all	2189	4	886578	0.0000045
all	2190	1	886578	0.0000011
all	2191	2	886578	0.0000023
all	2192	2	886578	0.0000023
all	2193	3	886578	0.0000034
all	2195	3	886578	0.0000034
all	2196	1	886578	0.0000011
all	2197	3	886578	0.0000034
all	2198	4	886578	0.0000045
all	2199	4	886578	0.0000045
all	2200	2	886578	0.0000023
all	2201	2	886578	0.0000023
all	2202	3	886578	0.0000034
all	2203	3	886578	0.0000034
all	2204	2	886578	0.0000023
all	2205	3	886578	0.0000034
all	2206	5	886578	0.0000056
all	2208	3	886578	0.0000034
all	2209	2	886578	0.0000023
all	2210	3	886578	0.0000034
all	2211	2	886578	0.0000023
all	2212	4	886578	0.0000045
all	2213	3	886578	0.0000034
all	2215	1	886578	0.0000011
all	2217	3	886578	0.0000034
all	2218	3	886578	0.0000034
all	2219	2	886578	0.0000023
all	2220	1	886578	0.0000011
all	2221	4	886578	0.0000045
all	2222	8	886578	0.0000090
all	2223	1	886578	0.0000011
all	2224	6	886578	0.0000068
all	2225	3	886578	0.0000034
all	2226	3	886578	0.0000034
all	2227	1	886578	0.0000011
all	2228	4	886578	0.0000045
all	2230	1	886578	0.0000011
all	2231	1	886578	0.0000011
all	2232	1	886578	0.0000011
all	2233	3	886578	0.0000034
all	2234	2	886578	0.0000023
all	2235	3	886578	0.0000034
all	2237	2	886578	0.0000023
all	2238	2	886578	0.0000023
all	2239	1	886578	0.0000011
all	2240	1	886578	0.0000011
all	2242	3	886578	0.0000034
all	2243	3	886578	0.0000034
all	2244	1	886578	0.0000011
all	2245	1	886578	0.0000011
all	2247	1	886578	0.0000011
all	2248	1	886578	0.0000011
all	2249	1	886578	0.0000011
all	2250	1	886578	0.0000011
all	2252	3	886578	0.0000034
all	2253	1	886578	0.0000011
all	2255	1	886578	0.0000011
all	2258	2	886578	0.0000023
all	2259	3	886578	0.0000034
all	2260	3	886578	0.0000034
all	2261	2	886578	0.0000023
all	2262	2	886578	0.0000023
all	2263	3	886578	0.0000034
all	2265	1	886578	0.0000011
all	2266	2	886578	0.0000023
all	2268	1	886578	0.0000011
all	2269	1	886578	0.0000011
all	2271	1	886578	0.0000011
all	2272	1	886578	0.0000011
all	2273	3	886578	0.0000034
all	2274	1	886578	0.0000011
all	2276	1	886578	0.0000011
all	2277	1	886578	0.0000011
all	2278	3	886578	0.0000034
all	2279	2	886578	0.0000023
all	2280	1	886578	0.0000011
all	2281	1	886578	0.0000011
all	2282	1	886578	0.0000011
all	2283	1	886578	0.0000011
all	2284	1	886578	0.0000011
all	2285	2	886578	0.0000023
all	2287	3	886578	0.0000034
all	2288	2	886578	0.0000023
all	2289	1	886578	0.0000011
all	2290	1	886578	0.0000011
all	2291	1	886578	0.0000011
all	2293	1	886578	0.0000011
all	2294	1	886578	0.0000011
all	2296	2	886578	0.0000023
all	2297	2	886578	0.0000023
all	2298	2	886578	0.0000023
all	2300	1	886578	0.0000011
all	2301	1	886578	0.0000011
all	2305	1	886578	0.0000011
all	2309	3	886578	0.0000034
all	2310	1	886578	0.0000011
all	2311	1	886578	0.0000011
all	2312	1	886578	0.0000011
all	2313	2	886578	0.0000023
all	2314	1	886578	0.0000011
all	2315	1	886578	0.0000011
all	2316	2	886578	0.0000023
all	2317	2	886578	0.0000023
all	2318	1	886578	0.0000011
all	2319	2	886578	0.0000023
all	2320	1	886578	0.0000011
all	2321	1	886578	0.0000011
all	2323	2	886578	0.0000023
all	2324	2	886578	0.0000023
all	2327	3	886578	0.0000034
all	2328	1	886578	0.0000011
all	2330	2	886578	0.0000023
all	2331	1	886578	0.0000011
all	2333	1	886578	0.0000011
all	2334	1	886578	0.0000011
all	2335	1	886578	0.0000011
all	2336	1	886578	0.0000011
all	2337	2	886578	0.0000023
all	2338	1	886578	0.0000011
all	2339	3	886578	0.0000034
all	2340	2	886578	0.0000023
all	2341	1	886578	0.0000011
all	2343	2	886578	0.0000023
all	2344	2	886578	0.0000023
all	2345	2	886578	0.0000023
all	2347	2	886578	0.0000023
all	2348	2	886578	0.0000023
all	2349	1	886578	0.0000011
all	2350	2	886578	0.0000023
all	2351	1	886578	0.0000011
all	2352	2	886578	0.0000023
all	2353	2	886578	0.0000023
all	2354	4	886578	0.0000045
all	2355	3	886578	0.0000034
all	2357	1	886578	0.0000011
all	2358	2	886578	0.0000023
all	2359	1	886578	0.0000011
all	2360	6	886578	0.0000068
all	2362	4	886578	0.0000045
all	2363	2	886578	0.0000023
all	2364	1	886578	0.0000011
all	2365	1	886578	0.0000011
all	2366	1	886578	0.0000011
all	2367	1	886578	0.0000011
all	2368	1	886578	0.0000011
all	2369	1	886578	0.0000011
all	2370	3	886578	0.0000034
all	2371	2	886578	0.0000023
all	2372	1	886578	0.0000011
all	2374	1	886578	0.0000011
all	2375	1	886578	0.0000011
all	2377	2	886578	0.0000023
all	2378	2	886578	0.0000023
all	2381	3	886578	0.0000034
all	2382	3	886578	0.0000034
all	2383	1	886578	0.0000011
all	2384	3	886578	0.0000034
all	2385	2	886578	0.0000023
all	2386	2	886578	0.0000023
all	2387	2	886578	0.0000023
all	2390	1	886578	0.0000011
all	2391	2	886578	0.0000023
all	2392	1	886578	0.0000011
all	2393	2	886578	0.0000023
all	2394	2	886578	0.0000023
all	2396	1	886578	0.0000011
all	2397	1	886578	0.0000011
all	2398	2	886578	0.0000023
all	2399	3	886578	0.0000034
all	2404	1	886578	0.0000011
all	2405	2	886578	0.0000023
all	2407	2	886578	0.0000023
all	2408	3	886578	0.0000034
all	2409	2	886578	0.0000023
all	2410	2	886578	0.0000023
all	2411	2	886578	0.0000023
all	2412	1	886578	0.0000011
all	2414	1	886578	0.0000011
all	2415	1	886578	0.0000011
all	2417	3	886578	0.0000034
all	2420	2	886578	0.0000023
all	2421	1	886578	0.0000011
all	2422	1	886578	0.0000011
all	2423	2	886578	0.0000023
all	2424	2	886578	0.0000023
all	2425	2	886578	0.0000023
all	2426	1	886578	0.0000011
all	2427	1	886578	0.0000011
all	2428	4	886578	0.0000045
all	2430	3	886578	0.0000034
all	2431	1	886578	0.0000011
all	2432	2	886578	0.0000023
all	2434	1	886578	0.0000011
all	2435	2	886578	0.0000023
all	2436	2	886578	0.0000023
all	2437	1	886578	0.0000011
all	2440	3	886578	0.0000034
all	2445	1	886578	0.0000011
all	2447	1	886578	0.0000011
all	2450	1	886578	0.0000011
all	2452	2	886578	0.0000023
all	2453	1	886578	0.0000011
all	2455	1	886578	0.0000011
all	2456	2	886578	0.0000023
all	2457	1	886578	0.0000011
all	2462	1	886578	0.0000011
all	2463	2	886578	0.0000023
all	2464	3	886578	0.0000034
all	2465	2	886578	0.0000023
all	2468	1	886578	0.0000011
all	2470	1	886578	0.0000011
all	2472	3	886578	0.0000034
all	2473	1	886578	0.0000011
all	2474	1	886578	0.0000011
all	2475	1	886578	0.0000011
all	2476	1	886578	0.0000011
all	2477	2	886578	0.0000023
all	2478	5	886578	0.0000056
all	2479	2	886578	0.0000023
all	2480	3	886578	0.0000034
all	2481	1	886578	0.0000011
all	2483	1	886578	0.0000011
all	2484	2	886578	0.0000023
all	2486	1	886578	0.0000011
all	2489	2	886578	0.0000023
all	2490	1	886578	0.0000011
all	2492	1	886578	0.0000011
all	2496	3	886578	0.0000034
all	2501	2	886578	0.0000023
all	2502	1	886578	0.0000011
all	2503	1	886578	0.0000011
all	2504	1	886578	0.0000011
all	2509	1	886578	0.0000011
all	2510	1	886578	0.0000011
all	2511	2	886578	0.0000023
all	2512	1	886578	0.0000011
all	2514	2	886578	0.0000023
all	2516	2	886578	0.0000023
all	2517	1	886578	0.0000011
all	2518	1	886578	0.0000011
all	2520	1	886578	0.0000011
all	2526	1	886578	0.0000011
all	2527	4	886578	0.0000045
all	2528	1	886578	0.0000011
all	2530	1	886578	0.0000011
all	2531	1	886578	0.0000011
all	2537	3	886578	0.0000034
all	2538	1	886578	0.0000011
all	2539	1	886578	0.0000011
all	2541	1	886578	0.0000011
all	2542	1	886578	0.0000011
all	2544	2	886578	0.0000023
all	2545	1	886578	0.0000011
all	2546	1	886578	0.0000011
all	2547	2	886578	0.0000023
all	2548	3	886578	0.0000034
all	2549	1	886578	0.0000011
all	2550	2	886578	0.0000023
all	2551	3	886578	0.0000034
all	2552	1	886578	0.0000011
all	2553	1	886578	0.0000011
all	2554	1	886578	0.0000011
all	2557	2	886578	0.0000023
all	2558	1	886578	0.0000011
all	2560	3	886578	0.0000034
all	2561	3	886578	0.0000034
all	2566	5	886578	0.0000056
all	2568	1	886578	0.0000011
all	2569	1	886578	0.0000011
all	2570	1	886578	0.0000011
all	2571	1	886578	0.0000011
all	2572	2	886578	0.0000023
all	2573	1	886578	0.0000011
all	2574	1	886578	0.0000011
all	2575	2	886578	0.0000023
all	2576	4	886578	0.0000045
all	2577	5	886578	0.0000056
all	2579	1	886578	0.0000011
all	2580	3	886578	0.0000034
all	2582	4	886578	0.0000045
all	2583	10	886578	0.0000113
all	2584	5	886578	0.0000056
all	2585	1	886578	0.0000011
all	2588	1	886578	0.0000011
all	2589	1	886578	0.0000011
all	2590	2	886578	0.0000023
all	2592	2	886578	0.0000023
all	2593	2	886578	0.0000023
all	2597	1	886578	0.0000011
all	2598	3	886578	0.0000034
all	2600	1	886578	0.0000011
all	2601	1	886578	0.0000011
all	2602	2	886578	0.0000023
all	2604	2	886578	0.0000023
all	2605	1	886578	0.0000011
all	2607	2	886578	0.0000023
all	2609	2	886578	0.0000023
all	2610	1	886578	0.0000011
all	2611	2	886578	0.0000023
all	2612	2	886578	0.0000023
all	2614	5	886578	0.0000056
all	2615	2	886578	0.0000023
all	2616	1	886578	0.0000011
all	2618	3	886578	0.0000034
all	2619	3	886578	0.0000034
all	2620	3	886578	0.0000034
all	2623	3	886578	0.0000034
all	2624	2	886578	0.0000023
all	2625	1	886578	0.0000011
all	2627	3	886578	0.0000034
all	2628	4	886578	0.0000045
all	2629	2	886578	0.0000023
all	2630	2	886578	0.0000023
all	2633	1	886578	0.0000011
all	2634	1	886578	0.0000011
all	2636	1	886578	0.0000011
all	2637	2	886578	0.0000023
all	2638	2	886578	0.0000023
all	2639	1	886578	0.0000011
all	2642	2	886578	0.0000023
all	2645	2	886578	0.0000023
all	2646	2	886578	0.0000023
all	2647	1	886578	0.0000011
all	2648	1	886578	0.0000011
all	2651	1	886578	0.0000011
all	2653	4	886578	0.0000045
all	2654	1	886578	0.0000011
all	2655	1	886578	0.0000011
all	2656	1	886578	0.0000011
all	2657	1	886578	0.0000011
all	2658	1	886578	0.0000011
all	2660	2	886578	0.0000023
all	2664	3	886578	0.0000034
all	2666	2	886578	0.0000023
all	2668	2	886578	0.0000023
all	2670	1	886578	0.0000011
all	2672	1	886578	0.0000011
all	2673	1	886578	0.0000011
all	2674	1	886578	0.0000011
all	2675	2	886578	0.0000023
all	2677	1	886578	0.0000011
all	2678	1	886578	0.0000011
all	2679	1	886578	0.0000011
all	2680	2	886578	0.0000023
all	2681	2	886578	0.0000023
all	2683	1	886578	0.0000011
all	2684	1	886578	0.0000011
all	2685	1	886578	0.0000011
all	2686	2	886578	0.0000023
all	2687	3	886578	0.0000034
all	2688	2	886578	0.0000023
all	2689	1	886578	0.0000011
all	2691	2	886578	0.0000023
all	2692	1	886578	0.0000011
all	2693	1	886578	0.0000011
all	2695	2	886578	0.0000023
all	2696	1	886578	0.0000011
all	2700	1	886578	0.0000011
all	2701	3	886578	0.0000034
all	2703	5	886578	0.0000056
all	2705	2	886578	0.0000023
all	2706	2	886578	0.0000023
all	2707	4	886578	0.0000045
all	2708	1	886578	0.0000011
all	2709	2	886578	0.0000023
all	2710	2	886578	0.0000023
all	2711	7	886578	0.0000079
all	2712	4	886578	0.0000045
all	2718	1	886578	0.0000011
all	2722	1	886578	0.0000011
all	2723	1	886578	0.0000011
all	2725	1	886578	0.0000011
all	2726	1	886578	0.0000011
all	2727	1	886578	0.0000011
all	2733	1	886578	0.0000011
all	2734	1	886578	0.0000011
all	2735	2	886578	0.0000023
all	2736	2	886578	0.0000023
all	2737	2	886578	0.0000023
all	2743	2	886578	0.0000023
all	2744	1	886578	0.0000011
all	2745	1	886578	0.0000011
all	2749	1	886578	0.0000011
all	2750	1	886578	0.0000011
all	2751	2	886578	0.0000023
all	2752	1	886578	0.0000011
all	2759	2	886578	0.0000023
all	2761	1	886578	0.0000011
all	2762	1	886578	0.0000011
all	2763	1	886578	0.0000011
all	2764	1	886578	0.0000011
all	2766	1	886578	0.0000011
all	2767	3	886578	0.0000034
all	2768	2	886578	0.0000023
all	2769	1	886578	0.0000011
all	2771	2	886578	0.0000023
all	2772	2	886578	0.0000023
all	2774	3	886578	0.0000034
all	2775	2	886578	0.0000023
all	2776	1	886578	0.0000011
all	2781	1	886578	0.0000011
all	2782	1	886578	0.0000011
all	2783	2	886578	0.0000023
all	2786	2	886578	0.0000023
all	2792	1	886578	0.0000011
all	2794	1	886578	0.0000011
all	2795	2	886578	0.0000023
all	2796	1	886578	0.0000011
all	2797	1	886578	0.0000011
all	2799	1	886578	0.0000011
all	2800	2	886578	0.0000023
all	2803	1	886578	0.0000011
all	2807	2	886578	0.0000023
all	2808	2	886578	0.0000023
all	2809	2	886578	0.0000023
all	2810	1	886578	0.0000011
all	2812	2	886578	0.0000023
all	2813	1	886578	0.0000011
all	2815	3	886578	0.0000034
all	2816	1	886578	0.0000011
all	2819	1	886578	0.0000011
all	2821	2	886578	0.0000023
all	2822	2	886578	0.0000023
all	2824	3	886578	0.0000034
all	2828	1	886578	0.0000011
all	2829	2	886578	0.0000023
all	2831	5	886578	0.0000056
all	2832	1	886578	0.0000011
all	2833	1	886578	0.0000011
all	2834	1	886578	0.0000011
all	2837	1	886578	0.0000011
all	2840	2	886578	0.0000023
all	2841	4	886578	0.0000045
all	2842	1	886578	0.0000011
all	2847	1	886578	0.0000011
all	2848	1	886578	0.0000011
all	2849	1	886578	0.0000011
all	2850	3	886578	0.0000034
all	2853	2	886578	0.0000023
all	2856	2	886578	0.0000023
all	2857	1	886578	0.0000011
all	2858	3	886578	0.0000034
all	2859	1	886578	0.0000011
all	2860	1	886578	0.0000011
all	2861	1	886578	0.0000011
all	2862	2	886578	0.0000023
all	2864	2	886578	0.0000023
all	2865	2	886578	0.0000023
all	2867	2	886578	0.0000023
all	2868	2	886578	0.0000023
all	2871	1	886578	0.0000011
all	2874	2	886578	0.0000023
all	2875	2	886578	0.0000023
all	2876	2	886578	0.0000023
all	2878	1	886578	0.0000011
all	2882	1	886578	0.0000011
all	2885	1	886578	0.0000011
all	2889	1	886578	0.0000011
all	2891	1	886578	0.0000011
all	2892	1	886578	0.0000011
all	2893	1	886578	0.0000011
all	2894	1	886578	0.0000011
all	2895	2	886578	0.0000023
all	2896	2	886578	0.0000023
all	2897	1	886578	0.0000011
all	2898	1	886578	0.0000011
all	2899	4	886578	0.0000045
all	2902	2	886578	0.0000023
all	2905	1	886578	0.0000011
all	2906	1	886578	0.0000011
all	2907	3	886578	0.0000034
all	2908	1	886578	0.0000011
all	2910	1	886578	0.0000011
all	2911	1	886578	0.0000011
all	2912	2	886578	0.0000023
all	2913	1	886578	0.0000011
all	2918	1	886578	0.0000011
all	2920	1	886578	0.0000011
all	2921	2	886578	0.0000023
all	2922	3	886578	0.0000034
all	2923	1	886578	0.0000011
all	2925	1	886578	0.0000011
all	2926	2	886578	0.0000023
all	2927	1	886578	0.0000011
all	2928	2	886578	0.0000023
all	2929	2	886578	0.0000023
all	2932	1	886578	0.0000011
all	2934	1	886578	0.0000011
all	2935	1	886578	0.0000011
all	2938	1	886578	0.0000011
all	2940	1	886578	0.0000011
all	2942	2	886578	0.0000023
all	2943	1	886578	0.0000011
all	2945	2	886578	0.0000023
all	2946	1	886578	0.0000011
all	2948	2	886578	0.0000023
all	2949	1	886578	0.0000011
all	2950	1	886578	0.0000011
all	2951	2	886578	0.0000023
all	2953	4	886578	0.0000045
all	2954	2	886578	0.0000023
all	2956	1	886578	0.0000011
all	2958	1	886578	0.0000011
all	2959	2	886578	0.0000023
all	2961	1	886578	0.0000011
all	2962	2	886578	0.0000023
all	2963	1	886578	0.0000011
all	2964	1	886578	0.0000011
all	2965	1	886578	0.0000011
all	2966	3	886578	0.0000034
all	2967	1	886578	0.0000011
all	2969	2	886578	0.0000023
all	2970	1	886578	0.0000011
all	2973	1	886578	0.0000011
all	2974	4	886578	0.0000045
all	2975	1	886578	0.0000011
all	2976	1	886578	0.0000011
all	2978	1	886578	0.0000011
all	2979	1	886578	0.0000011
all	2980	2	886578	0.0000023
all	2981	2	886578	0.0000023
all	2983	1	886578	0.0000011
all	2984	1	886578	0.0000011
all	2985	3	886578	0.0000034
all	2986	1	886578	0.0000011
all	2987	1	886578	0.0000011
all	2989	2	886578	0.0000023
all	2991	2	886578	0.0000023
all	2992	1	886578	0.0000011
all	2993	1	886578	0.0000011
all	2994	2	886578	0.0000023
all	2995	2	886578	0.0000023
all	2997	1	886578	0.0000011
all	2999	2	886578	0.0000023
all	3001	1	886578	0.0000011
all	3003	2	886578	0.0000023
all	3004	3	886578	0.0000034
all	3005	2	886578	0.0000023
all	3006	1	886578	0.0000011
all	3008	1	886578	0.0000011
all	3009	1	886578	0.0000011
all	3010	2	886578	0.0000023
all	3012	1	886578	0.0000011
all	3013	1	886578	0.0000011
all	3014	3	886578	0.0000034
all	3015	1	886578	0.0000011
all	3017	1	886578	0.0000011
all	3018	1	886578	0.0000011
all	3019	2	886578	0.0000023
all	3020	2	886578	0.0000023
all	3023	1	886578	0.0000011
all	3025	2	886578	0.0000023
all	3026	1	886578	0.0000011
all	3027	1	886578	0.0000011
all	3029	1	886578	0.0000011
all	3030	1	886578	0.0000011
all	3034	2	886578	0.0000023
all	3035	1	886578	0.0000011
all	3036	1	886578	0.0000011
all	3038	1	886578	0.0000011
all	3039	1	886578	0.0000011
all	3040	1	886578	0.0000011
all	3041	1	886578	0.0000011
all	3043	1	886578	0.0000011
all	3045	3	886578	0.0000034
all	3048	1	886578	0.0000011
all	3051	1	886578	0.0000011
all	3052	1	886578	0.0000011
all	3054	1	886578	0.0000011
all	3055	1	886578	0.0000011
all	3056	1	886578	0.0000011
all	3057	2	886578	0.0000023
all	3059	1	886578	0.0000011
all	3060	4	886578	0.0000045
all	3061	1	886578	0.0000011
all	3062	3	886578	0.0000034
all	3063	1	886578	0.0000011
all	3071	1	886578	0.0000011
all	3073	2	886578	0.0000023
all	3074	2	886578	0.0000023
all	3075	1	886578	0.0000011
all	3079	1	886578	0.0000011
all	3080	1	886578	0.0000011
all	3082	1	886578	0.0000011
all	3083	1	886578	0.0000011
all	3084	3	886578	0.0000034
all	3085	1	886578	0.0000011
all	3086	1	886578	0.0000011
all	3087	1	886578	0.0000011
all	3088	1	886578	0.0000011
all	3090	1	886578	0.0000011
all	3091	1	886578	0.0000011
all	3092	3	886578	0.0000034
all	3093	4	886578	0.0000045
all	3094	1	886578	0.0000011
all	3098	1	886578	0.0000011
all	3100	1	886578	0.0000011
all	3101	1	886578	0.0000011
all	3102	1	886578	0.0000011
all	3103	2	886578	0.0000023
all	3104	1	886578	0.0000011
all	3106	2	886578	0.0000023
all	3107	2	886578	0.0000023
all	3109	2	886578	0.0000023
all	3110	1	886578	0.0000011
all	3112	1	886578	0.0000011
all	3115	1	886578	0.0000011
all	3119	1	886578	0.0000011
all	3122	1	886578	0.0000011
all	3123	2	886578	0.0000023
all	3125	1	886578	0.0000011
all	3127	1	886578	0.0000011
all	3130	2	886578	0.0000023
all	3134	2	886578	0.0000023
all	3135	2	886578	0.0000023
all	3138	1	886578	0.0000011
all	3139	2	886578	0.0000023
all	3141	1	886578	0.0000011
all	3142	1	886578	0.0000011
all	3143	1	886578	0.0000011
all	3145	1	886578	0.0000011
all	3146	2	886578	0.0000023
all	3147	1	886578	0.0000011
all	3148	2	886578	0.0000023
all	3150	2	886578	0.0000023
all	3154	1	886578	0.0000011
all	3156	3	886578	0.0000034
all	3157	1	886578	0.0000011
all	3161	2	886578	0.0000023
all	3162	2	886578	0.0000023
all	3163	1	886578	0.0000011
all	3164	1	886578	0.0000011
all	3165	1	886578	0.0000011
all	3166	2	886578	0.0000023
all	3167	1	886578	0.0000011
all	3169	1	886578	0.0000011
all	3170	2	886578	0.0000023
all	3171	1	886578	0.0000011
all	3172	2	886578	0.0000023
all	3175	1	886578	0.0000011
all	3177	1	886578	0.0000011
all	3178	2	886578	0.0000023
all	3179	2	886578	0.0000023
all	3180	1	886578	0.0000011
all	3181	1	886578	0.0000011
all	3182	2	886578	0.0000023
all	3184	1	886578	0.0000011
all	3187	1	886578	0.0000011
all	3188	2	886578	0.0000023
all	3189	1	886578	0.0000011
all	3192	1	886578	0.0000011
all	3195	1	886578	0.0000011
all	3197	2	886578	0.0000023
all	3198	1	886578	0.0000011
all	3206	1	886578	0.0000011
all	3207	1	886578	0.0000011
all	3208	1	886578	0.0000011
all	3209	1	886578	0.0000011
all	3210	1	886578	0.0000011
all	3212	1	886578	0.0000011
all	3214	1	886578	0.0000011
all	3215	1	886578	0.0000011
all	3216	2	886578	0.0000023
all	3220	1	886578	0.0000011
all	3225	1	886578	0.0000011
all	3227	1	886578	0.0000011
all	3228	3	886578	0.0000034
all	3230	1	886578	0.0000011
all	3231	1	886578	0.0000011
all	3232	1	886578	0.0000011
all	3234	1	886578	0.0000011
all	3235	1	886578	0.0000011
all	3237	1	886578	0.0000011
all	3238	1	886578	0.0000011
all	3240	1	886578	0.0000011
all	3241	2	886578	0.0000023
all	3244	1	886578	0.0000011
all	3245	1	886578	0.0000011
all	3249	1	886578	0.0000011
all	3250	1	886578	0.0000011
all	3253	1	886578	0.0000011
all	3255	1	886578	0.0000011
all	3257	1	886578	0.0000011
all	3258	1	886578	0.0000011
all	3260	2	886578	0.0000023
all	3261	1	886578	0.0000011
all	3265	1	886578	0.0000011
all	3267	3	886578	0.0000034
all	3273	3	886578	0.0000034
all	3276	2	886578	0.0000023
all	3277	2	886578	0.0000023
all	3280	1	886578	0.0000011
all	3281	1	886578	0.0000011
all	3284	1	886578	0.0000011
all	3285	1	886578	0.0000011
all	3286	1	886578	0.0000011
all	3287	1	886578	0.0000011
all	3293	2	886578	0.0000023
all	3294	1	886578	0.0000011
all	3296	4	886578	0.0000045
all	3297	1	886578	0.0000011
all	3299	1	886578	0.0000011
all	3300	3	886578	0.0000034
all	3301	2	886578	0.0000023
all	3305	1	886578	0.0000011
all	3308	3	886578	0.0000034
all	3309	1	886578	0.0000011
all	3316	2	886578	0.0000023
all	3319	1	886578	0.0000011
all	3321	2	886578	0.0000023
all	3322	3	886578	0.0000034
all	3323	1	886578	0.0000011
all	3324	1	886578	0.0000011
all	3325	1	886578	0.0000011
all	3327	3	886578	0.0000034
all	3329	2	886578	0.0000023
all	3330	1	886578	0.0000011
all	3331	2	886578	0.0000023
all	3332	1	886578	0.0000011
all	3334	1	886578	0.0000011
all	3335	1	886578	0.0000011
all	3336	2	886578	0.0000023
all	3338	1	886578	0.0000011
all	3339	3	886578	0.0000034
all	3340	2	886578	0.0000023
all	3341	2	886578	0.0000023
all	3342	2	886578	0.0000023
all	3343	2	886578	0.0000023
all	3344	1	886578	0.0000011
all	3345	2	886578	0.0000023
all	3346	3	886578	0.0000034
all	3347	1	886578	0.0000011
all	3348	1	886578	0.0000011
all	3350	1	886578	0.0000011
all	3351	1	886578	0.0000011
all	3353	1	886578	0.0000011
all	3354	1	886578	0.0000011
all	3355	2	886578	0.0000023
all	3358	2	886578	0.0000023
all	3359	1	886578	0.0000011
all	3360	1	886578	0.0000011
all	3361	2	886578	0.0000023
all	3363	1	886578	0.0000011
all	3366	1	886578	0.0000011
all	3370	1	886578	0.0000011
all	3372	1	886578	0.0000011
all	3374	1	886578	0.0000011
all	3376	1	886578	0.0000011
all	3377	1	886578	0.0000011
all	3379	1	886578	0.0000011
all	3381	1	886578	0.0000011
all	3382	1	886578	0.0000011
all	3386	1	886578	0.0000011
all	3387	1	886578	0.0000011
all	3388	2	886578	0.0000023
all	3389	2	886578	0.0000023
all	3391	2	886578	0.0000023
all	3392	1	886578	0.0000011
all	3394	1	886578	0.0000011
all	3395	1	886578	0.0000011
all	3396	1	886578	0.0000011
all	3397	1	886578	0.0000011
all	3398	2	886578	0.0000023
all	3399	3	886578	0.0000034
all	3400	2	886578	0.0000023
all	3401	3	886578	0.0000034
all	3402	1	886578	0.0000011
all	3404	1	886578	0.0000011
all	3408	1	886578	0.0000011
all	3409	2	886578	0.0000023
all	3413	1	886578	0.0000011
all	3417	1	886578	0.0000011
all	3418	1	886578	0.0000011
all	3419	1	886578	0.0000011
all	3423	1	886578	0.0000011
all	3427	1	886578	0.0000011
all	3428	1	886578	0.0000011
all	3433	1	886578	0.0000011
all	3434	1	886578	0.0000011
all	3435	1	886578	0.0000011
all	3439	1	886578	0.0000011
all	3444	1	886578	0.0000011
all	3445	2	886578	0.0000023
all	3447	1	886578	0.0000011
all	3448	1	886578	0.0000011
all	3450	1	886578	0.0000011
all	3453	1	886578	0.0000011
all	3454	1	886578	0.0000011
all	3457	1	886578	0.0000011
all	3459	3	886578	0.0000034
all	3461	3	886578	0.0000034
all	3462	1	886578	0.0000011
all	3465	1	886578	0.0000011
all	3466	2	886578	0.0000023
all	3468	2	886578	0.0000023
all	3469	2	886578	0.0000023
all	3472	2	886578	0.0000023
all	3474	3	886578	0.0000034
all	3475	2	886578	0.0000023
all	3476	3	886578	0.0000034
all	3477	2	886578	0.0000023
all	3478	1	886578	0.0000011
all	3479	1	886578	0.0000011
all	3480	1	886578	0.0000011
all	3481	2	886578	0.0000023
all	3482	2	886578	0.0000023
all	3483	2	886578	0.0000023
all	3485	1	886578	0.0000011
all	3492	1	886578	0.0000011
all	3493	1	886578	0.0000011
all	3494	1	886578	0.0000011
all	3496	1	886578	0.0000011
all	3501	1	886578	0.0000011
all	3507	1	886578	0.0000011
all	3508	1	886578	0.0000011
all	3509	1	886578	0.0000011
all	3516	1	886578	0.0000011
all	3517	1	886578	0.0000011
all	3520	1	886578	0.0000011
all	3524	1	886578	0.0000011
all	3532	1	886578	0.0000011
all	3537	1	886578	0.0000011
all	3539	1	886578	0.0000011
all	3551	1	886578	0.0000011
all	3552	1	886578	0.0000011
all	3558	1	886578	0.0000011
all	3562	1	886578	0.0000011
all	3569	1	886578	0.0000011
all	3584	1	886578	0.0000011
all	3587	1	886578	0.0000011
all	3590	1	886578	0.0000011
all	3592	1	886578	0.0000011
all	3598	1	886578	0.0000011
all	3603	1	886578	0.0000011
all	3606	2	886578	0.0000023
all	3612	1	886578	0.0000011
all	3616	2	886578	0.0000023
all	3623	1	886578	0.0000011
all	3631	1	886578	0.0000011
all	3632	1	886578	0.0000011
all	3634	1	886578	0.0000011
all	3636	1	886578	0.0000011
all	3641	1	886578	0.0000011
all	3644	1	886578	0.0000011
all	3647	2	886578	0.0000023
all	3655	1	886578	0.0000011
all	3656	1	886578	0.0000011
all	3658	1	886578	0.0000011
all	3660	1	886578	0.0000011
all	3663	1	886578	0.0000011
all	3665	1	886578	0.0000011
all	3667	1	886578	0.0000011
all	3669	2	886578	0.0000023
all	3671	1	886578	0.0000011
all	3677	1	886578	0.0000011
all	3678	1	886578	0.0000011
all	3679	1	886578	0.0000011
all	3680	1	886578	0.0000011
all	3682	2	886578	0.0000023
all	3684	1	886578	0.0000011
all	3687	3	886578	0.0000034
all	3688	1	886578	0.0000011
all	3694	1	886578	0.0000011
all	3695	1	886578	0.0000011
all	3698	1	886578	0.0000011
all	3700	2	886578	0.0000023
all	3704	1	886578	0.0000011
all	3705	1	886578	0.0000011
all	3707	1	886578	0.0000011
all	3709	1	886578	0.0000011
all	3714	1	886578	0.0000011
all	3716	1	886578	0.0000011
all	3718	1	886578	0.0000011
all	3721	1	886578	0.0000011
all	3724	1	886578	0.0000011
all	3725	2	886578	0.0000023
all	3726	1	886578	0.0000011
all	3730	1	886578	0.0000011
all	3733	1	886578	0.0000011
all	3734	1	886578	0.0000011
all	3738	3	886578	0.0000034
all	3741	1	886578	0.0000011
all	3745	1	886578	0.0000011
all	3746	1	886578	0.0000011
all	3747	1	886578	0.0000011
all	3748	1	886578	0.0000011
all	3752	2	886578	0.0000023
all	3753	1	886578	0.0000011
all	3755	2	886578	0.0000023
all	3756	1	886578	0.0000011
all	3757	1	886578	0.0000011
all	3758	1	886578	0.0000011
all	3760	3	886578	0.0000034
all	3762	3	886578	0.0000034
all	3765	2	886578	0.0000023
all	3767	2	886578	0.0000023
all	3769	1	886578	0.0000011
all	3771	2	886578	0.0000023
all	3773	1	886578	0.0000011
all	3776	1	886578	0.0000011
all	3778	1	886578	0.0000011
all	3779	2	886578	0.0000023
all	3780	2	886578	0.0000023
all	3783	1	886578	0.0000011
all	3784	1	886578	0.0000011
all	3785	1	886578	0.0000011
all	3786	1	886578	0.0000011
all	3791	1	886578	0.0000011
all	3796	1	886578	0.0000011
all	3798	1	886578	0.0000011
all	3801	1	886578	0.0000011
all	3802	1	886578	0.0000011
all	3811	1	886578	0.0000011
all	3812	1	886578	0.0000011
all	3816	1	886578	0.0000011
all	3819	1	886578	0.0000011
all	3822	1	886578	0.0000011
all	3823	1	886578	0.0000011
all	3824	2	886578	0.0000023
all	3826	1	886578	0.0000011
all	3827	2	886578	0.0000023
all	3828	3	886578	0.0000034
all	3834	1	886578	0.0000011
all	3853	1	886578	0.0000011
all	3856	2	886578	0.0000023
all	3859	1	886578	0.0000011
all	3863	1	886578	0.0000011
all	3873	1	886578	0.0000011
all	3876	1	886578	0.0000011
all	3879	1	886578	0.0000011
all	3880	1	886578	0.0000011
all	3881	1	886578	0.0000011
all	3891	1	886578	0.0000011
all	3894	2	886578	0.0000023
all	3898	1	886578	0.0000011
all	3901	1	886578	0.0000011
all	3905	1	886578	0.0000011
all	3906	1	886578	0.0000011
all	3914	1	886578	0.0000011
all	3918	1	886578	0.0000011
all	3925	1	886578	0.0000011
all	3941	1	886578	0.0000011
all	3948	1	886578	0.0000011
all	3950	1	886578	0.0000011
all	3965	1	886578	0.0000011
all	3968	1	886578	0.0000011
all	3986	1	886578	0.0000011
all	3987	1	886578	0.0000011
all	3992	1	886578	0.0000011
all	3997	1	886578	0.0000011
all	3998	1	886578	0.0000011
all	4001	1	886578	0.0000011
all	4002	2	886578	0.0000023
all	4006	2	886578	0.0000023
all	4013	1	886578	0.0000011
all	4017	2	886578	0.0000023
all	4018	1	886578	0.0000011
all	4021	1	886578	0.0000011
all	4022	1	886578	0.0000011
all	4025	1	886578	0.0000011
all	4034	1	886578	0.0000011
all	4037	1	886578	0.0000011
all	4040	1	886578	0.0000011
all	4044	1	886578	0.0000011
all	4047	1	886578	0.0000011
all	4052	1	886578	0.0000011
all	4054	1	886578	0.0000011
all	4056	1	886578	0.0000011
all	4062	1	886578	0.0000011
all	4063	1	886578	0.0000011
all	4067	1	886578	0.0000011
all	4069	1	886578	0.0000011
all	4073	2	886578	0.0000023
all	4083	1	886578	0.0000011
all	4087	1	886578	0.0000011
all	4088	1	886578	0.0000011
all	4100	1	886578	0.0000011
all	4103	1	886578	0.0000011
all	4107	2	886578	0.0000023
all	4114	1	886578	0.0000011
all	4116	1	886578	0.0000011
all	4120	2	886578	0.0000023
all	4121	2	886578	0.0000023
all	4126	1	886578	0.0000011
all	4127	1	886578	0.0000011
all	4134	1	886578	0.0000011
all	4135	2	886578	0.0000023
all	4136	1	886578	0.0000011
all	4137	1	886578	0.0000011
all	4144	1	886578	0.0000011
all	4148	2	886578	0.0000023
all	4149	1	886578	0.0000011
all	4151	2	886578	0.0000023
all	4152	1	886578	0.0000011
all	4153	2	886578	0.0000023
all	4156	1	886578	0.0000011
all	4159	1	886578	0.0000011
all	4163	1	886578	0.0000011
all	4165	1	886578	0.0000011
all	4166	1	886578	0.0000011
all	4168	2	886578	0.0000023
all	4171	1	886578	0.0000011
all	4174	2	886578	0.0000023
all	4176	2	886578	0.0000023
all	4183	1	886578	0.0000011
all	4188	1	886578	0.0000011
all	4189	2	886578	0.0000023
all	4200	1	886578	0.0000011
all	4201	1	886578	0.0000011
all	4202	1	886578	0.0000011
all	4208	1	886578	0.0000011
all	4209	1	886578	0.0000011
all	4214	1	886578	0.0000011
all	4215	1	886578	0.0000011
all	4218	1	886578	0.0000011
all	4220	1	886578	0.0000011
all	4221	1	886578	0.0000011
all	4223	1	886578	0.0000011
all	4232	1	886578	0.0000011
all	4233	1	886578	0.0000011
all	4236	3	886578	0.0000034
all	4237	1	886578	0.0000011
all	4240	1	886578	0.0000011
all	4242	1	886578	0.0000011
all	4243	1	886578	0.0000011
all	4246	1	886578	0.0000011
all	4248	1	886578	0.0000011
all	4250	2	886578	0.0000023
all	4252	2	886578	0.0000023
all	4253	1	886578	0.0000011
all	4255	1	886578	0.0000011
all	4259	1	886578	0.0000011
all	4260	2	886578	0.0000023
all	4266	1	886578	0.0000011
all	4271	1	886578	0.0000011
all	4272	4	886578	0.0000045
all	4275	1	886578	0.0000011
all	4276	1	886578	0.0000011
all	4277	3	886578	0.0000034
all	4278	1	886578	0.0000011
all	4279	3	886578	0.0000034
all	4283	2	886578	0.0000023
all	4285	2	886578	0.0000023
all	4287	1	886578	0.0000011
all	4288	2	886578	0.0000023
all	4292	2	886578	0.0000023
all	4296	1	886578	0.0000011
all	4297	2	886578	0.0000023
all	4298	1	886578	0.0000011
all	4304	1	886578	0.0000011
all	4307	1	886578	0.0000011
all	4311	1	886578	0.0000011
all	4322	1	886578	0.0000011
all	4323	1	886578	0.0000011
all	4327	1	886578	0.0000011
all	4335	1	886578	0.0000011
all	4338	1	886578	0.0000011
all	4340	2	886578	0.0000023
all	4342	1	886578	0.0000011
all	4344	1	886578	0.0000011
all	4357	1	886578	0.0000011
all	4359	1	886578	0.0000011
all	4366	1	886578	0.0000011
all	4367	1	886578	0.0000011
all	4368	1	886578	0.0000011
all	4369	2	886578	0.0000023
all	4372	1	886578	0.0000011
all	4373	1	886578	0.0000011
all	4374	3	886578	0.0000034
all	4375	1	886578	0.0000011
all	4377	1	886578	0.0000011
all	4385	1	886578	0.0000011
all	4387	1	886578	0.0000011
all	4393	1	886578	0.0000011
all	4397	1	886578	0.0000011
all	4399	2	886578	0.0000023
all	4401	1	886578	0.0000011
all	4402	1	886578	0.0000011
all	4405	1	886578	0.0000011
all	4408	1	886578	0.0000011
all	4412	2	886578	0.0000023
all	4414	1	886578	0.0000011
all	4415	2	886578	0.0000023
all	4419	1	886578	0.0000011
all	4421	1	886578	0.0000011
all	4427	2	886578	0.0000023
all	4430	2	886578	0.0000023
all	4432	1	886578	0.0000011
all	4439	1	886578	0.0000011
all	4441	1	886578	0.0000011
all	4443	1	886578	0.0000011
all	4444	1	886578	0.0000011
all	4449	1	886578	0.0000011
all	4452	2	886578	0.0000023
all	4453	1	886578	0.0000011
all	4454	2	886578	0.0000023
all	4455	2	886578	0.0000023
all	4459	1	886578	0.0000011
all	4462	1	886578	0.0000011
all	4463	1	886578	0.0000011
all	4467	1	886578	0.0000011
all	4468	2	886578	0.0000023
all	4471	2	886578	0.0000023
all	4473	2	886578	0.0000023
all	4474	3	886578	0.0000034
all	4475	3	886578	0.0000034
all	4476	1	886578	0.0000011
all	4477	1	886578	0.0000011
all	4478	2	886578	0.0000023
all	4479	1	886578	0.0000011
all	4480	1	886578	0.0000011
all	4484	1	886578	0.0000011
all	4489	1	886578	0.0000011
all	4491	1	886578	0.0000011
all	4498	1	886578	0.0000011
all	4499	2	886578	0.0000023
all	4500	2	886578	0.0000023
all	4501	2	886578	0.0000023
all	4506	2	886578	0.0000023
all	4509	2	886578	0.0000023
all	4512	1	886578	0.0000011
all	4513	1	886578	0.0000011
all	4514	1	886578	0.0000011
all	4515	1	886578	0.0000011
all	4518	1	886578	0.0000011
all	4519	1	886578	0.0000011
all	4521	1	886578	0.0000011
all	4522	1	886578	0.0000011
all	4523	1	886578	0.0000011
all	4524	1	886578	0.0000011
all	4525	1	886578	0.0000011
all	4526	1	886578	0.0000011
all	4535	1	886578	0.0000011
all	4537	1	886578	0.0000011
all	4541	1	886578	0.0000011
all	4549	1	886578	0.0000011
all	4550	1	886578	0.0000011
all	4552	1	886578	0.0000011
all	4560	1	886578	0.0000011
all	4565	2	886578	0.0000023
all	4569	1	886578	0.0000011
all	4582	1	886578	0.0000011
all	4588	2	886578	0.0000023
all	4593	1	886578	0.0000011
all	4599	1	886578	0.0000011
all	4602	1	886578	0.0000011
all	4606	1	886578	0.0000011
all	4613	1	886578	0.0000011
all	4618	1	886578	0.0000011
all	4619	1	886578	0.0000011
all	4631	1	886578	0.0000011
all	4638	1	886578	0.0000011
all	4640	2	886578	0.0000023
all	4643	1	886578	0.0000011
all	4654	1	886578	0.0000011
all	4659	1	886578	0.0000011
all	4672	1	886578	0.0000011
all	4688	1	886578	0.0000011
all	4691	1	886578	0.0000011
all	4700	1	886578	0.0000011
all	4709	1	886578	0.0000011
all	4715	1	886578	0.0000011
all	4716	1	886578	0.0000011
all	4724	1	886578	0.0000011
all	4728	1	886578	0.0000011
all	4733	1	886578	0.0000011
all	4738	1	886578	0.0000011
all	4740	1	886578	0.0000011
all	4747	1	886578	0.0000011
all	4748	1	886578	0.0000011
all	4750	1	886578	0.0000011
all	4751	1	886578	0.0000011
all	4757	1	886578	0.0000011
all	4759	1	886578	0.0000011
all	4761	1	886578	0.0000011
all	4766	1	886578	0.0000011
all	4778	1	886578	0.0000011
all	4779	4	886578	0.0000045
all	4794	1	886578	0.0000011
all	4798	1	886578	0.0000011
all	4799	1	886578	0.0000011
all	4801	1	886578	0.0000011
all	4806	1	886578	0.0000011
all	4808	1	886578	0.0000011
all	4811	1	886578	0.0000011
all	4812	2	886578	0.0000023
all	4815	1	886578	0.0000011
all	4821	1	886578	0.0000011
all	4822	1	886578	0.0000011
all	4827	3	886578	0.0000034
all	4828	1	886578	0.0000011
all	4829	2	886578	0.0000023
all	4830	1	886578	0.0000011
all	4832	1	886578	0.0000011
all	4833	1	886578	0.0000011
all	4834	2	886578	0.0000023
all	4835	2	886578	0.0000023
all	4837	3	886578	0.0000034
all	4839	2	886578	0.0000023
all	4840	2	886578	0.0000023
all	4843	1	886578	0.0000011
all	4853	1	886578	0.0000011
all	4857	1	886578	0.0000011
all	4872	1	886578	0.0000011
all	4878	1	886578	0.0000011
all	4888	1	886578	0.0000011
all	4903	1	886578	0.0000011
all	4922	1	886578	0.0000011
all	4934	1	886578	0.0000011
all	4977	1	886578	0.0000011
all	4978	1	886578	0.0000011
all	4981	1	886578	0.0000011
all	4988	1	886578	0.0000011
all	4999	1	886578	0.0000011
all	5012	1	886578	0.0000011
all	5048	1	886578	0.0000011
all	5067	1	886578	0.0000011
all	5072	1	886578	0.0000011
all	5086	1	886578	0.0000011
all	5097	1	886578	0.0000011
all	5099	1	886578	0.0000011
all	5105	1	886578	0.0000011
all	5117	1	886578	0.0000011
all	5135	1	886578	0.0000011
all	5138	1	886578	0.0000011
all	5144	1	886578	0.0000011
all	5155	1	886578	0.0000011
all	5181	1	886578	0.0000011
all	5182	1	886578	0.0000011
all	5192	1	886578	0.0000011
all	5210	1	886578	0.0000011
all	5223	1	886578	0.0000011
all	5274	1	886578	0.0000011
all	5295	1	886578	0.0000011
all	5299	1	886578	0.0000011
all	5339	1	886578	0.0000011
all	5346	1	886578	0.0000011
all	5351	1	886578	0.0000011
all	5359	1	886578	0.0000011
all	5377	1	886578	0.0000011
all	5405	1	886578	0.0000011
all	5418	1	886578	0.0000011
all	5441	1	886578	0.0000011
all	5467	1	886578	0.0000011
all	5517	1	886578	0.0000011
all	5533	2	886578	0.0000023
all	5550	1	886578	0.0000011
all	5580	1	886578	0.0000011
all	5607	1	886578	0.0000011
all	5623	1	886578	0.0000011
all	5661	1	886578	0.0000011
all	5668	1	886578	0.0000011
all	5692	1	886578	0.0000011
all	5696	1	886578	0.0000011
all	5699	1	886578	0.0000011
all	5709	1	886578	0.0000011
all	5723	1	886578	0.0000011
all	5736	1	886578	0.0000011
all	5738	1	886578	0.0000011
all	5745	1	886578	0.0000011
all	5750	1	886578	0.0000011
all	5755	1	886578	0.0000011
all	5760	1	886578	0.0000011
all	5799	2	886578	0.0000023
all	5800	1	886578	0.0000011
all	5815	1	886578	0.0000011
all	5836	1	886578	0.0000011
all	5837	1	886578	0.0000011
all	5848	1	886578	0.0000011
all	5850	1	886578	0.0000011
all	5862	1	886578	0.0000011
all	5873	1	886578	0.0000011
all	5925	1	886578	0.0000011
all	5931	1	886578	0.0000011
all	5933	1	886578	0.0000011
all	5945	1	886578	0.0000011
all	5950	1	886578	0.0000011
all	5968	1	886578	0.0000011
all	5973	1	886578	0.0000011
all	5977	1	886578	0.0000011
all	5978	1	886578	0.0000011
all	5981	1	886578	0.0000011
all	5987	1	886578	0.0000011
all	5992	1	886578	0.0000011
all	5994	1	886578	0.0000011
all	6008	1	886578	0.0000011
all	6017	1	886578	0.0000011
all	6021	1	886578	0.0000011
all	6022	1	886578	0.0000011
all	6029	1	886578	0.0000011
all	6033	1	886578	0.0000011
all	6045	1	886578	0.0000011
all	6052	1	886578	0.0000011
all	6058	1	886578	0.0000011
all	6062	1	886578	0.0000011
all	6071	1	886578	0.0000011
all	6081	1	886578	0.0000011
all	6088	3	886578	0.0000034
all	6090	1	886578	0.0000011
all	6091	1	886578	0.0000011
all	6100	1	886578	0.0000011
all	6104	1	886578	0.0000011
all	6106	1	886578	0.0000011
all	6125	1	886578	0.0000011
all	6143	3	886578	0.0000034
all	6145	2	886578	0.0000023
all	6152	2	886578	0.0000023
all	6172	1	886578	0.0000011
all	6174	1	886578	0.0000011
all	6176	1	886578	0.0000011
all	6184	1	886578	0.0000011
all	6200	1	886578	0.0000011
all	6208	1	886578	0.0000011
all	6225	1	886578	0.0000011
all	6232	1	886578	0.0000011
all	6235	1	886578	0.0000011
all	6249	1	886578	0.0000011
all	6273	1	886578	0.0000011
all	6283	1	886578	0.0000011
all	6289	1	886578	0.0000011
all	6302	1	886578	0.0000011
all	6308	1	886578	0.0000011
all	6310	1	886578	0.0000011
all	6312	1	886578	0.0000011
all	6319	2	886578	0.0000023
all	6323	1	886578	0.0000011
all	6337	1	886578	0.0000011
all	6338	1	886578	0.0000011
all	6348	1	886578	0.0000011
all	6354	1	886578	0.0000011
all	6355	1	886578	0.0000011
all	6356	1	886578	0.0000011
all	6357	1	886578	0.0000011
all	6361	1	886578	0.0000011
all	6364	1	886578	0.0000011
all	6365	1	886578	0.0000011
all	6366	1	886578	0.0000011
all	6367	1	886578	0.0000011
all	6368	1	886578	0.0000011
all	6379	1	886578	0.0000011
all	6394	1	886578	0.0000011
all	6397	2	886578	0.0000023
all	6399	1	886578	0.0000011
all	6402	1	886578	0.0000011
all	6404	1	886578	0.0000011
all	6406	1	886578	0.0000011
all	6407	1	886578	0.0000011
all	6410	1	886578	0.0000011
all	6413	1	886578	0.0000011
all	6414	1	886578	0.0000011
all	6415	1	886578	0.0000011
all	6416	4	886578	0.0000045
all	6417	1	886578	0.0000011
all	6419	2	886578	0.0000023
all	6459	1	886578	0.0000011
all	6460	1	886578	0.0000011
all	6465	1	886578	0.0000011
all	6495	1	886578	0.0000011
all	6496	1	886578	0.0000011
all	6518	1	886578	0.0000011
all	6590	1	886578	0.0000011
all	6617	1	886578	0.0000011
all	6621	1	886578	0.0000011
all	6656	1	886578	0.0000011
all	6674	3	886578	0.0000034
all	6675	1	886578	0.0000011
all	6676	1	886578	0.0000011
all	6677	2	886578	0.0000023
all	6678	3	886578	0.0000034
all	6685	1	886578	0.0000011
all	6692	1	886578	0.0000011
all	6694	1	886578	0.0000011
all	6696	3	886578	0.0000034
all	6701	1	886578	0.0000011
all	6704	1	886578	0.0000011
all	6705	1	886578	0.0000011
all	6707	1	886578	0.0000011
all	6710	1	886578	0.0000011
all	6711	1	886578	0.0000011
all	6712	1	886578	0.0000011
all	6730	1	886578	0.0000011
all	6731	1	886578	0.0000011
all	6746	1	886578	0.0000011
all	6757	1	886578	0.0000011
all	6769	1	886578	0.0000011
all	6776	1	886578	0.0000011
all	6786	1	886578	0.0000011
all	6790	1	886578	0.0000011
all	6792	1	886578	0.0000011
all	6811	1	886578	0.0000011
all	6817	1	886578	0.0000011
all	6822	2	886578	0.0000023
all	6825	1	886578	0.0000011
all	6831	1	886578	0.0000011
all	6836	1	886578	0.0000011
all	6837	1	886578	0.0000011
all	6851	1	886578	0.0000011
all	6869	1	886578	0.0000011
all	6877	1	886578	0.0000011
all	6888	2	886578	0.0000023
all	6901	1	886578	0.0000011
all	6911	1	886578	0.0000011
all	6913	1	886578	0.0000011
all	6914	1	886578	0.0000011
all	6928	1	886578	0.0000011
all	6932	1	886578	0.0000011
all	6939	1	886578	0.0000011
all	6977	1	886578	0.0000011
all	6991	1	886578	0.0000011
all	7017	1	886578	0.0000011
all	7028	1	886578	0.0000011
all	7054	1	886578	0.0000011
all	7055	1	886578	0.0000011
all	7071	1	886578	0.0000011
all	7083	1	886578	0.0000011
all	7105	1	886578	0.0000011
all	7110	1	886578	0.0000011
all	7138	1	886578	0.0000011
all	7152	1	886578	0.0000011
all	7153	1	886578	0.0000011
all	7178	1	886578	0.0000011
all	7180	1	886578	0.0000011
all	7184	1	886578	0.0000011
all	7189	1	886578	0.0000011
all	7191	1	886578	0.0000011
all	7195	1	886578	0.0000011
all	7202	1	886578	0.0000011
all	7215	1	886578	0.0000011
all	7220	1	886578	0.0000011
all	7228	2	886578	0.0000023
all	7234	1	886578	0.0000011
all	7260	1	886578	0.0000011
all	7263	1	886578	0.0000011
all	7268	1	886578	0.0000011
all	7289	1	886578	0.0000011
all	7291	1	886578	0.0000011
all	7305	1	886578	0.0000011
all	7309	1	886578	0.0000011
all	7318	1	886578	0.0000011
all	7327	1	886578	0.0000011
all	7341	1	886578	0.0000011
all	7347	1	886578	0.0000011
all	7351	1	886578	0.0000011
all	7354	2	886578	0.0000023
all	7360	1	886578	0.0000011
all	7369	1	886578	0.0000011
all	7372	1	886578	0.0000011
all	7373	1	886578	0.0000011
all	7377	1	886578	0.0000011
all	7381	1	886578	0.0000011
all	7383	1	886578	0.0000011
all	7386	2	886578	0.0000023
all	7387	1	886578	0.0000011
all	7390	1	886578	0.0000011
all	7391	1	886578	0.0000011
all	7393	1	886578	0.0000011
all	7394	1	886578	0.0000011
all	7395	1	886578	0.0000011
all	7396	1	886578	0.0000011
all	7398	2	886578	0.0000023
all	7399	1	886578	0.0000011
all	7402	1	886578	0.0000011
all	7404	1	886578	0.0000011
all	7405	1	886578	0.0000011
all	7428	1	886578	0.0000011
all	7434	1	886578	0.0000011
all	7446	1	886578	0.0000011
all	7465	1	886578	0.0000011
all	7475	1	886578	0.0000011
all	7485	1	886578	0.0000011
all	7501	1	886578	0.0000011
all	7503	2	886578	0.0000023
all	7510	1	886578	0.0000011
all	7515	1	886578	0.0000011
all	7516	1	886578	0.0000011
all	7518	1	886578	0.0000011
all	7519	1	886578	0.0000011
all	7520	3	886578	0.0000034
all	7521	1	886578	0.0000011
all	7522	1	886578	0.0000011
all	7557	1	886578	0.0000011
all	7579	1	886578	0.0000011
all	7600	1	886578	0.0000011
all	7605	1	886578	0.0000011
all	7663	2	886578	0.0000023
all	7735	1	886578	0.0000011
all	7766	1	886578	0.0000011
all	7788	2	886578	0.0000023
all	7795	1	886578	0.0000011
all	7798	1	886578	0.0000011
all	7817	1	886578	0.0000011
all	7929	1	886578	0.0000011
all	8067	1	886578	0.0000011
all	8117	1	886578	0.0000011
all	8215	1	886578	0.0000011
all	8308	1	886578	0.0000011
all	8381	1	886578	0.0000011
all	8387	1	886578	0.0000011
all	8474	1	886578	0.0000011
all	8494	1	886578	0.0000011
all	8556	1	886578	0.0000011
all	8667	1	886578	0.0000011
all	8709	1	886578	0.0000011
all	8846	1	886578	0.0000011
all	8863	1	886578	0.0000011
all	8971	1	886578	0.0000011
all	9136	1	886578	0.0000011
all	9175	1	886578	0.0000011
all	9232	1	886578	0.0000011
all	9252	1	886578	0.0000011
all	9285	1	886578	0.0000011
all	9340	1	886578	0.0000011
all	9426	1	886578	0.0000011
all	9459	1	886578	0.0000011
all	9611	1	886578	0.0000011
all	9675	1	886578	0.0000011
all	9762	1	886578	0.0000011
all	9776	1	886578	0.0000011
all	9799	1	886578	0.0000011
all	9835	1	886578	0.0000011
all	9896	1	886578	0.0000011
all	9921	1	886578	0.0000011
all	9945	1	886578	0.0000011
all	10011	1	886578	0.0000011
all	10051	1	886578	0.0000011
all	10112	1	886578	0.0000011
all	10127	1	886578	0.0000011
all	10129	1	886578	0.0000011
all	10152	1	886578	0.0000011
all	10215	1	886578	0.0000011
all	10218	1	886578	0.0000011
all	10275	1	886578	0.0000011
all	10448	1	886578	0.0000011
all	10462	1	886578	0.0000011
all	10521	1	886578	0.0000011
all	10531	1	886578	0.0000011
all	10546	1	886578	0.0000011
all	10555	1	886578	0.0000011
all	10632	1	886578	0.0000011
all	10637	1	886578	0.0000011
all	10639	1	886578	0.0000011
all	10705	1	886578	0.0000011
all	10728	1	886578	0.0000011
all	10820	2	886578	0.0000023
all	10853	1	886578	0.0000011
all	10872	1	886578	0.0000011
all	10930	1	886578	0.0000011
all	10995	1	886578	0.0000011
all	10999	1	886578	0.0000011
all	11016	1	886578	0.0000011
all	11070	1	886578	0.0000011
all	11100	1	886578	0.0000011
all	11117	1	886578	0.0000011
all	11162	1	886578	0.0000011
all	11173	1	886578	0.0000011
all	11190	1	886578	0.0000011
all	11219	1	886578	0.0000011
all	11223	1	886578	0.0000011
all	11275	1	886578	0.0000011
all	11283	1	886578	0.0000011
all	11306	1	886578	0.0000011
all	11339	1	886578	0.0000011
all	11355	1	886578	0.0000011
all	11404	1	886578	0.0000011
all	11437	1	886578	0.0000011
all	11440	1	886578	0.0000011
all	11452	1	886578	0.0000011
all	11479	1	886578	0.0000011
all	11488	1	886578	0.0000011
all	11494	1	886578	0.0000011
all	11511	1	886578	0.0000011
all	11522	1	886578	0.0000011
all	11558	1	886578	0.0000011
all	11593	1	886578	0.0000011
all	11617	1	886578	0.0000011
all	11654	1	886578	0.0000011
all	11679	1	886578	0.0000011
all	11724	1	886578	0.0000011
all	11729	1	886578	0.0000011
all	11746	1	886578	0.0000011
all	11802	1	886578	0.0000011
all	11803	1	886578	0.0000011
all	11857	1	886578	0.0000011
all	11858	1	886578	0.0000011
all	11890	1	886578	0.0000011
all	11892	1	886578	0.0000011
all	11903	1	886578	0.0000011
all	11920	1	886578	0.0000011
all	11923	1	886578	0.0000011
all	11965	1	886578	0.0000011
all	11968	1	886578	0.0000011
all	11997	1	886578	0.0000011
all	12000	1	886578	0.0000011
all	12019	1	886578	0.0000011
all	12036	1	886578	0.0000011
all	12051	1	886578	0.0000011
all	12064	1	886578	0.0000011
all	12068	1	886578	0.0000011
all	12075	1	886578	0.0000011
all	12102	1	886578	0.0000011
all	12107	2	886578	0.0000023
all	12127	1	886578	0.0000011
all	12139	1	886578	0.0000011
all	12169	1	886578	0.0000011
all	12173	1	886578	0.0000011
all	12191	1	886578	0.0000011
all	12215	2	886578	0.0000023
all	12228	1	886578	0.0000011
all	12250	1	886578	0.0000011
all	12252	1	886578	0.0000011
all	12259	1	886578	0.0000011
all	12277	1	886578	0.0000011
all	12291	1	886578	0.0000011
all	12299	1	886578	0.0000011
all	12300	1	886578	0.0000011
all	12310	1	886578	0.0000011
all	12315	1	886578	0.0000011
all	12317	1	886578	0.0000011
all	12322	1	886578	0.0000011
all	12327	1	886578	0.0000011
all	12328	1	886578	0.0000011
all	12329	2	886578	0.0000023
all	12332	2	886578	0.0000023
all	12340	1	886578	0.0000011
all	12360	1	886578	0.0000011
all	12426	1	886578	0.0000011
all	12486	1	886578	0.0000011
all	12544	1	886578	0.0000011
all	12590	1	886578	0.0000011
all	12622	1	886578	0.0000011
all	12650	1	886578	0.0000011
all	12735	1	886578	0.0000011
all	12830	1	886578	0.0000011
all	12907	1	886578	0.0000011
