all	0	6019	886578	0.0067890
all	1	2111	886578	0.0023811
all	2	1775	886578	0.0020021
all	3	2305	886578	0.0025999
all	4	2308	886578	0.0026033
all	5	3140	886578	0.0035417
all	6	3409	886578	0.0038451
all	7	3602	886578	0.0040628
all	8	4292	886578	0.0048411
all	9	4126	886578	0.0046538
all	10	4365	886578	0.0049234
all	11	4735	886578	0.0053408
all	12	4662	886578	0.0052584
all	13	5430	886578	0.0061247
all	14	5411	886578	0.0061032
all	15	5430	886578	0.0061247
all	16	5507	886578	0.0062115
all	17	5983	886578	0.0067484
all	18	5804	886578	0.0065465
all	19	6605	886578	0.0074500
all	20	6483	886578	0.0073124
all	21	6223	886578	0.0070191
all	22	7261	886578	0.0081899
all	23	7165	886578	0.0080816
all	24	6985	886578	0.0078786
all	25	7093	886578	0.0080004
all	26	7056	886578	0.0079587
all	27	6600	886578	0.0074444
all	28	6741	886578	0.0076034
all	29	7132	886578	0.0080444
all	30	6839	886578	0.0077139
all	31	7098	886578	0.0080061
all	32	6977	886578	0.0078696
all	33	6957	886578	0.0078470
all	34	7448	886578	0.0084008
all	35	7073	886578	0.0079779
all	36	7176	886578	0.0080940
all	37	7195	886578	0.0081155
all	38	7253	886578	0.0081809
all	39	7160	886578	0.0080760
all	40	7432	886578	0.0083828
all	41	7606	886578	0.0085791
all	42	7588	886578	0.0085588
all	43	7227	886578	0.0081516
all	44	6871	886578	0.0077500
all	45	7207	886578	0.0081290
all	46	7146	886578	0.0080602
all	47	7387	886578	0.0083320
all	48	6895	886578	0.0077771
all	49	6749	886578	0.0076124
all	50	7081	886578	0.0079869
all	51	6835	886578	0.0077094
all	52	6480	886578	0.0073090
all	53	6700	886578	0.0075571
all	54	6551	886578	0.0073891
all	55	6591	886578	0.0074342
all	56	6493	886578	0.0073237
all	57	6482	886578	0.0073113
all	58	6137	886578	0.0069221
all	59	6252	886578	0.0070518
all	60	6212	886578	0.0070067
all	61	6480	886578	0.0073090
all	62	6504	886578	0.0073361
all	63	6191	886578	0.0069830
all	64	6265	886578	0.0070665
all	65	6050	886578	0.0068240
all	66	6071	886578	0.0068477
all	67	6013	886578	0.0067823
all	68	6016	886578	0.0067856
all	69	6065	886578	0.0068409
all	70	5880	886578	0.0066322
all	71	6039	886578	0.0068116
all	72	6129	886578	0.0069131
all	73	5589	886578	0.0063040
all	74	5630	886578	0.0063503
all	75	5645	886578	0.0063672
all	76	5746	886578	0.0064811
all	77	5482	886578	0.0061833
all	78	5526	886578	0.0062330
all	79	5110	886578	0.0057637
all	80	5115	886578	0.0057694
all	81	5136	886578	0.0057931
all	82	4898	886578	0.0055246
all	83	5062	886578	0.0057096
all	84	4946	886578	0.0055788
all	85	4964	886578	0.0055991
all	86	5018	886578	0.0056600
all	87	4758	886578	0.0053667
all	88	4682	886578	0.0052810
all	89	4856	886578	0.0054772
all	90	4445	886578	0.0050137
all	91	4536	886578	0.0051163
all	92	4589	886578	0.0051761
all	93	4515	886578	0.0050926
all	94	4396	886578	0.0049584
all	95	4293	886578	0.0048422
all	96	4396	886578	0.0049584
all	97	4146	886578	0.0046764
all	98	4022	886578	0.0045365
all	99	3989	886578	0.0044993
all	100	3720	886578	0.0041959
all	101	4140	886578	0.0046696
all	102	3881	886578	0.0043775
all	103	4045	886578	0.0045625
all	104	3793	886578	0.0042782
all	105	3910	886578	0.0044102
all	106	3901	886578	0.0044001
all	107	3534	886578	0.0039861
all	108	3766	886578	0.0042478
all	109	3661	886578	0.0041294
all	110	3622	886578	0.0040854
all	111	3517	886578	0.0039669
all	112	3580	886578	0.0040380
all	113	3444	886578	0.0038846
all	114	3290	886578	0.0037109
all	115	3265	886578	0.0036827
all	116	3300	886578	0.0037222
all	117	3308	886578	0.0037312
all	118	3260	886578	0.0036771
all	119	3269	886578	0.0036872
all	120	3052	886578	0.0034424
all	121	3099	886578	0.0034955
all	122	3052	886578	0.0034424
all	123	2896	886578	0.0032665
all	124	2986	886578	0.0033680
all	125	2909	886578	0.0032812
all	126	2817	886578	0.0031774
all	127	2723	886578	0.0030714
all	128	2729	886578	0.0030781
all	129	2685	886578	0.0030285
all	130	2796	886578	0.0031537
all	131	2566	886578	0.0028943
all	132	2477	886578	0.0027939
all	133	2404	886578	0.0027115
all	134	2460	886578	0.0027747
all	135	2310	886578	0.0026055
all	136	2171	886578	0.0024487
all	137	2322	886578	0.0026191
all	138	2343	886578	0.0026427
all	139	2137	886578	0.0024104
all	140	2307	886578	0.0026021
all	141	2175	886578	0.0024533
all	142	2317	886578	0.0026134
all	143	2206	886578	0.0024882
all	144	2001	886578	0.0022570
all	145	1964	886578	0.0022153
all	146	2033	886578	0.0022931
all	147	1934	886578	0.0021814
all	148	1971	886578	0.0022232
all	149	1838	886578	0.0020731
all	150	1752	886578	0.0019761
all	151	1847	886578	0.0020833
all	152	1908	886578	0.0021521
all	153	1836	886578	0.0020709
all	154	1908	886578	0.0021521
all	155	1790	886578	0.0020190
all	156	1768	886578	0.0019942
all	157	1923	886578	0.0021690
all	158	1825	886578	0.0020585
all	159	1634	886578	0.0018430
all	160	1715	886578	0.0019344
all	161	1538	886578	0.0017348
all	162	1573	886578	0.0017742
all	163	1726	886578	0.0019468
all	164	1582	886578	0.0017844
all	165	1554	886578	0.0017528
all	166	1489	886578	0.0016795
all	167	1698	886578	0.0019152
all	168	1642	886578	0.0018521
all	169	1485	886578	0.0016750
all	170	1601	886578	0.0018058
all	171	1487	886578	0.0016772
all	172	1454	886578	0.0016400
all	173	1416	886578	0.0015972
all	174	1274	886578	0.0014370
all	175	1246	886578	0.0014054
all	176	1271	886578	0.0014336
all	177	1287	886578	0.0014516
all	178	1378	886578	0.0015543
all	179	1345	886578	0.0015171
all	180	1294	886578	0.0014595
all	181	1068	886578	0.0012046
all	182	1360	886578	0.0015340
all	183	1134	886578	0.0012791
all	184	1180	886578	0.0013310
all	185	1156	886578	0.0013039
all	186	1178	886578	0.0013287
all	187	1101	886578	0.0012419
all	188	1173	886578	0.0013231
all	189	1154	886578	0.0013016
all	190	1144	886578	0.0012904
all	191	1181	886578	0.0013321
all	192	1181	886578	0.0013321
all	193	1142	886578	0.0012881
all	194	1022	886578	0.0011527
all	195	1129	886578	0.0012734
all	196	1067	886578	0.0012035
all	197	1121	886578	0.0012644
all	198	1114	886578	0.0012565
all	199	993	886578	0.0011200
all	200	1024	886578	0.0011550
all	201	1100	886578	0.0012407
all	202	1004	886578	0.0011324
all	203	903	886578	0.0010185
all	204	872	886578	0.0009836
all	205	948	886578	0.0010693
all	206	957	886578	0.0010794
all	207	945	886578	0.0010659
all	208	889	886578	0.0010027
all	209	822	886578	0.0009272
all	210	896	886578	0.0010106
all	211	902	886578	0.0010174
all	212	860	886578	0.0009700
all	213	800	886578	0.0009023
all	214	715	886578	0.0008065
all	215	819	886578	0.0009238
all	216	737	886578	0.0008313
all	217	841	886578	0.0009486
all	218	730	886578	0.0008234
all	219	783	886578	0.0008832
all	220	710	886578	0.0008008
all	221	754	886578	0.0008505
all	222	761	886578	0.0008584
all	223	785	886578	0.0008854
all	224	706	886578	0.0007963
all	225	748	886578	0.0008437
all	226	705	886578	0.0007952
all	227	719	886578	0.0008110
all	228	709	886578	0.0007997
all	229	722	886578	0.0008144
all	230	676	886578	0.0007625
all	231	695	886578	0.0007839
all	232	569	886578	0.0006418
all	233	552	886578	0.0006226
all	234	528	886578	0.0005955
all	235	577	886578	0.0006508
all	236	621	886578	0.0007004
all	237	557	886578	0.0006283
all	238	510	886578	0.0005752
all	239	521	886578	0.0005877
all	240	588	886578	0.0006632
all	241	582	886578	0.0006565
all	242	538	886578	0.0006068
all	243	574	886578	0.0006474
all	244	504	886578	0.0005685
all	245	575	886578	0.0006486
all	246	491	886578	0.0005538
all	247	475	886578	0.0005358
all	248	538	886578	0.0006068
all	249	541	886578	0.0006102
all	250	506	886578	0.0005707
all	251	435	886578	0.0004907
all	252	493	886578	0.0005561
all	253	441	886578	0.0004974
all	254	433	886578	0.0004884
all	255	461	886578	0.0005200
all	256	395	886578	0.0004455
all	257	406	886578	0.0004579
all	258	391	886578	0.0004410
all	259	464	886578	0.0005234
all	260	428	886578	0.0004828
all	261	417	886578	0.0004703
all	262	346	886578	0.0003903
all	263	369	886578	0.0004162
all	264	409	886578	0.0004613
all	265	428	886578	0.0004828
all	266	407	886578	0.0004591
all	267	388	886578	0.0004376
all	268	366	886578	0.0004128
all	269	308	886578	0.0003474
all	270	368	886578	0.0004151
all	271	360	886578	0.0004061
all	272	340	886578	0.0003835
all	273	413	886578	0.0004658
all	274	315	886578	0.0003553
all	275	341	886578	0.0003846
all	276	376	886578	0.0004241
all	277	361	886578	0.0004072
all	278	324	886578	0.0003655
all	279	339	886578	0.0003824
all	280	294	886578	0.0003316
all	281	332	886578	0.0003745
all	282	341	886578	0.0003846
all	283	361	886578	0.0004072
all	284	311	886578	0.0003508
all	285	279	886578	0.0003147
all	286	268	886578	0.0003023
all	287	309	886578	0.0003485
all	288	314	886578	0.0003542
all	289	343	886578	0.0003869
all	290	337	886578	0.0003801
all	291	287	886578	0.0003237
all	292	324	886578	0.0003655
all	293	316	886578	0.0003564
all	294	282	886578	0.0003181
all	295	290	886578	0.0003271
all	296	270	886578	0.0003045
all	297	330	886578	0.0003722
all	298	282	886578	0.0003181
all	299	265	886578	0.0002989
all	300	283	886578	0.0003192
all	301	312	886578	0.0003519
all	302	237	886578	0.0002673
all	303	283	886578	0.0003192
all	304	269	886578	0.0003034
all	305	258	886578	0.0002910
all	306	252	886578	0.0002842
all	307	210	886578	0.0002369
all	308	281	886578	0.0003169
all	309	259	886578	0.0002921
all	310	207	886578	0.0002335
all	311	247	886578	0.0002786
all	312	292	886578	0.0003294
all	313	257	886578	0.0002899
all	314	223	886578	0.0002515
all	315	275	886578	0.0003102
all	316	234	886578	0.0002639
all	317	239	886578	0.0002696
all	318	184	886578	0.0002075
all	319	206	886578	0.0002324
all	320	229	886578	0.0002583
all	321	221	886578	0.0002493
all	322	237	886578	0.0002673
all	323	226	886578	0.0002549
all	324	206	886578	0.0002324
all	325	238	886578	0.0002684
all	326	222	886578	0.0002504
all	327	200	886578	0.0002256
all	328	171	886578	0.0001929
all	329	189	886578	0.0002132
all	330	194	886578	0.0002188
all	331	206	886578	0.0002324
all	332	188	886578	0.0002121
all	333	201	886578	0.0002267
all	334	191	886578	0.0002154
all	335	174	886578	0.0001963
all	336	183	886578	0.0002064
all	337	186	886578	0.0002098
all	338	169	886578	0.0001906
all	339	210	886578	0.0002369
all	340	186	886578	0.0002098
all	341	197	886578	0.0002222
all	342	201	886578	0.0002267
all	343	183	886578	0.0002064
all	344	168	886578	0.0001895
all	345	195	886578	0.0002199
all	346	144	886578	0.0001624
all	347	130	886578	0.0001466
all	348	130	886578	0.0001466
all	349	177	886578	0.0001996
all	350	123	886578	0.0001387
all	351	140	886578	0.0001579
all	352	165	886578	0.0001861
all	353	122	886578	0.0001376
all	354	149	886578	0.0001681
all	355	187	886578	0.0002109
all	356	156	886578	0.0001760
all	357	158	886578	0.0001782
all	358	158	886578	0.0001782
all	359	129	886578	0.0001455
all	360	148	886578	0.0001669
all	361	163	886578	0.0001839
all	362	173	886578	0.0001951
all	363	128	886578	0.0001444
all	364	158	886578	0.0001782
all	365	154	886578	0.0001737
all	366	117	886578	0.0001320
all	367	96	886578	0.0001083
all	368	113	886578	0.0001275
all	369	132	886578	0.0001489
all	370	121	886578	0.0001365
all	371	130	886578	0.0001466
all	372	136	886578	0.0001534
all	373	131	886578	0.0001478
all	374	109	886578	0.0001229
all	375	93	886578	0.0001049
all	376	129	886578	0.0001455
all	377	137	886578	0.0001545
all	378	138	886578	0.0001557
all	379	115	886578	0.0001297
all	380	108	886578	0.0001218
all	381	120	886578	0.0001354
all	382	136	886578	0.0001534
all	383	123	886578	0.0001387
all	384	108	886578	0.0001218
all	385	108	886578	0.0001218
all	386	101	886578	0.0001139
all	387	117	886578	0.0001320
all	388	96	886578	0.0001083
all	389	110	886578	0.0001241
all	390	88	886578	0.0000993
all	391	97	886578	0.0001094
all	392	99	886578	0.0001117
all	393	101	886578	0.0001139
all	394	87	886578	0.0000981
all	395	113	886578	0.0001275
all	396	99	886578	0.0001117
all	397	79	886578	0.0000891
all	398	92	886578	0.0001038
all	399	118	886578	0.0001331
all	400	123	886578	0.0001387
all	401	105	886578	0.0001184
all	402	108	886578	0.0001218
all	403	110	886578	0.0001241
all	404	87	886578	0.0000981
all	405	74	886578	0.0000835
all	406	96	886578	0.0001083
all	407	95	886578	0.0001072
all	408	68	886578	0.0000767
all	409	67	886578	0.0000756
all	410	84	886578	0.0000947
all	411	70	886578	0.0000790
all	412	72	886578	0.0000812
all	413	83	886578	0.0000936
all	414	90	886578	0.0001015
all	415	115	886578	0.0001297
all	416	81	886578	0.0000914
all	417	86	886578	0.0000970
all	418	65	886578	0.0000733
all	419	80	886578	0.0000902
all	420	84	886578	0.0000947
all	421	78	886578	0.0000880
all	422	70	886578	0.0000790
all	423	67	886578	0.0000756
all	424	86	886578	0.0000970
all	425	61	886578	0.0000688
all	426	62	886578	0.0000699
all	427	84	886578	0.0000947
all	428	62	886578	0.0000699
all	429	86	886578	0.0000970
all	430	67	886578	0.0000756
all	431	55	886578	0.0000620
all	432	53	886578	0.0000598
all	433	77	886578	0.0000869
all	434	53	886578	0.0000598
all	435	54	886578	0.0000609
all	436	64	886578	0.0000722
all	437	70	886578	0.0000790
all	438	66	886578	0.0000744
all	439	53	886578	0.0000598
all	440	61	886578	0.0000688
all	441	52	886578	0.0000587
all	442	60	886578	0.0000677
all	443	63	886578	0.0000711
all	444	57	886578	0.0000643
all	445	54	886578	0.0000609
all	446	58	886578	0.0000654
all	447	40	886578	0.0000451
all	448	80	886578	0.0000902
all	449	53	886578	0.0000598
all	450	57	886578	0.0000643
all	451	64	886578	0.0000722
all	452	65	886578	0.0000733
all	453	52	886578	0.0000587
all	454	68	886578	0.0000767
all	455	55	886578	0.0000620
all	456	47	886578	0.0000530
all	457	52	886578	0.0000587
all	458	57	886578	0.0000643
all	459	51	886578	0.0000575
all	460	57	886578	0.0000643
all	461	70	886578	0.0000790
all	462	71	886578	0.0000801
all	463	42	886578	0.0000474
all	464	39	886578	0.0000440
all	465	40	886578	0.0000451
all	466	54	886578	0.0000609
all	467	58	886578	0.0000654
all	468	37	886578	0.0000417
all	469	41	886578	0.0000462
all	470	53	886578	0.0000598
all	471	37	886578	0.0000417
all	472	33	886578	0.0000372
all	473	39	886578	0.0000440
all	474	33	886578	0.0000372
all	475	43	886578	0.0000485
all	476	46	886578	0.0000519
all	477	50	886578	0.0000564
all	478	52	886578	0.0000587
all	479	45	886578	0.0000508
all	480	51	886578	0.0000575
all	481	47	886578	0.0000530
all	482	33	886578	0.0000372
all	483	46	886578	0.0000519
all	484	44	886578	0.0000496
all	485	31	886578	0.0000350
all	486	49	886578	0.0000553
all	487	51	886578	0.0000575
all	488	53	886578	0.0000598
all	489	53	886578	0.0000598
all	490	50	886578	0.0000564
all	491	43	886578	0.0000485
all	492	52	886578	0.0000587
all	493	44	886578	0.0000496
all	494	53	886578	0.0000598
all	495	42	886578	0.0000474
all	496	42	886578	0.0000474
all	497	50	886578	0.0000564
all	498	40	886578	0.0000451
all	499	45	886578	0.0000508
all	500	34	886578	0.0000383
all	501	36	886578	0.0000406
all	502	42	886578	0.0000474
all	503	39	886578	0.0000440
all	504	32	886578	0.0000361
all	505	34	886578	0.0000383
all	506	36	886578	0.0000406
all	507	37	886578	0.0000417
all	508	29	886578	0.0000327
all	509	30	886578	0.0000338
all	510	26	886578	0.0000293
all	511	35	886578	0.0000395
all	512	44	886578	0.0000496
all	513	23	886578	0.0000259
all	514	46	886578	0.0000519
all	515	32	886578	0.0000361
all	516	32	886578	0.0000361
all	517	31	886578	0.0000350
all	518	25	886578	0.0000282
all	519	43	886578	0.0000485
all	520	45	886578	0.0000508
all	521	21	886578	0.0000237
all	522	33	886578	0.0000372
all	523	24	886578	0.0000271
all	524	35	886578	0.0000395
all	525	28	886578	0.0000316
all	526	57	886578	0.0000643
all	527	31	886578	0.0000350
all	528	32	886578	0.0000361
all	529	15	886578	0.0000169
all	530	40	886578	0.0000451
all	531	32	886578	0.0000361
all	532	28	886578	0.0000316
all	533	30	886578	0.0000338
all	534	31	886578	0.0000350
all	535	33	886578	0.0000372
all	536	36	886578	0.0000406
all	537	37	886578	0.0000417
all	538	28	886578	0.0000316
all	539	41	886578	0.0000462
all	540	38	886578	0.0000429
all	541	33	886578	0.0000372
all	542	49	886578	0.0000553
all	543	28	886578	0.0000316
all	544	50	886578	0.0000564
all	545	39	886578	0.0000440
all	546	31	886578	0.0000350
all	547	29	886578	0.0000327
all	548	28	886578	0.0000316
all	549	34	886578	0.0000383
all	550	36	886578	0.0000406
all	551	24	886578	0.0000271
all	552	45	886578	0.0000508
all	553	33	886578	0.0000372
all	554	31	886578	0.0000350
all	555	22	886578	0.0000248
all	556	47	886578	0.0000530
all	557	22	886578	0.0000248
all	558	33	886578	0.0000372
all	559	24	886578	0.0000271
all	560	29	886578	0.0000327
all	561	32	886578	0.0000361
all	562	28	886578	0.0000316
all	563	43	886578	0.0000485
all	564	44	886578	0.0000496
all	565	28	886578	0.0000316
all	566	42	886578	0.0000474
all	567	34	886578	0.0000383
all	568	39	886578	0.0000440
all	569	24	886578	0.0000271
all	570	27	886578	0.0000305
all	571	29	886578	0.0000327
all	572	35	886578	0.0000395
all	573	34	886578	0.0000383
all	574	26	886578	0.0000293
all	575	23	886578	0.0000259
all	576	15	886578	0.0000169
all	577	25	886578	0.0000282
all	578	36	886578	0.0000406
all	579	39	886578	0.0000440
all	580	10	886578	0.0000113
all	581	26	886578	0.0000293
all	582	20	886578	0.0000226
all	583	29	886578	0.0000327
all	584	31	886578	0.0000350
all	585	23	886578	0.0000259
all	586	23	886578	0.0000259
all	587	32	886578	0.0000361
all	588	18	886578	0.0000203
all	589	17	886578	0.0000192
all	590	17	886578	0.0000192
all	591	25	886578	0.0000282
all	592	30	886578	0.0000338
all	593	19	886578	0.0000214
all	594	29	886578	0.0000327
all	595	27	886578	0.0000305
all	596	15	886578	0.0000169
all	597	21	886578	0.0000237
all	598	27	886578	0.0000305
all	599	15	886578	0.0000169
all	600	20	886578	0.0000226
all	601	23	886578	0.0000259
all	602	21	886578	0.0000237
all	603	15	886578	0.0000169
all	604	23	886578	0.0000259
all	605	25	886578	0.0000282
all	606	15	886578	0.0000169
all	607	18	886578	0.0000203
all	608	26	886578	0.0000293
all	609	24	886578	0.0000271
all	610	20	886578	0.0000226
all	611	47	886578	0.0000530
all	612	31	886578	0.0000350
all	613	29	886578	0.0000327
all	614	32	886578	0.0000361
all	615	20	886578	0.0000226
all	616	35	886578	0.0000395
all	617	27	886578	0.0000305
all	618	31	886578	0.0000350
all	619	20	886578	0.0000226
all	620	25	886578	0.0000282
all	621	24	886578	0.0000271
all	622	24	886578	0.0000271
all	623	27	886578	0.0000305
all	624	38	886578	0.0000429
all	625	20	886578	0.0000226
all	626	23	886578	0.0000259
all	627	19	886578	0.0000214
all	628	20	886578	0.0000226
all	629	24	886578	0.0000271
all	630	29	886578	0.0000327
all	631	26	886578	0.0000293
all	632	20	886578	0.0000226
all	633	23	886578	0.0000259
all	634	22	886578	0.0000248
all	635	21	886578	0.0000237
all	636	16	886578	0.0000180
all	637	16	886578	0.0000180
all	638	15	886578	0.0000169
all	639	15	886578	0.0000169
all	640	15	886578	0.0000169
all	641	18	886578	0.0000203
all	642	20	886578	0.0000226
all	643	31	886578	0.0000350
all	644	23	886578	0.0000259
all	645	19	886578	0.0000214
all	646	19	886578	0.0000214
all	647	24	886578	0.0000271
all	648	25	886578	0.0000282
all	649	21	886578	0.0000237
all	650	22	886578	0.0000248
all	651	13	886578	0.0000147
all	652	20	886578	0.0000226
all	653	19	886578	0.0000214
all	654	23	886578	0.0000259
all	655	15	886578	0.0000169
all	656	12	886578	0.0000135
all	657	18	886578	0.0000203
all	658	21	886578	0.0000237
all	659	17	886578	0.0000192
all	660	22	886578	0.0000248
all	661	10	886578	0.0000113
all	662	10	886578	0.0000113
all	663	21	886578	0.0000237
all	664	20	886578	0.0000226
all	665	19	886578	0.0000214
all	666	17	886578	0.0000192
all	667	14	886578	0.0000158
all	668	15	886578	0.0000169
all	669	16	886578	0.0000180
all	670	19	886578	0.0000214
all	671	23	886578	0.0000259
all	672	19	886578	0.0000214
all	673	12	886578	0.0000135
all	674	19	886578	0.0000214
all	675	19	886578	0.0000214
all	676	24	886578	0.0000271
all	677	12	886578	0.0000135
all	678	20	886578	0.0000226
all	679	15	886578	0.0000169
all	680	16	886578	0.0000180
all	681	15	886578	0.0000169
all	682	18	886578	0.0000203
all	683	23	886578	0.0000259
all	684	17	886578	0.0000192
all	685	17	886578	0.0000192
all	686	16	886578	0.0000180
all	687	9	886578	0.0000102
all	688	24	886578	0.0000271
all	689	18	886578	0.0000203
all	690	14	886578	0.0000158
all	691	16	886578	0.0000180
all	692	9	886578	0.0000102
all	693	20	886578	0.0000226
all	694	22	886578	0.0000248
all	695	18	886578	0.0000203
all	696	21	886578	0.0000237
all	697	27	886578	0.0000305
all	698	17	886578	0.0000192
all	699	12	886578	0.0000135
all	700	13	886578	0.0000147
all	701	20	886578	0.0000226
all	702	16	886578	0.0000180
all	703	17	886578	0.0000192
all	704	14	886578	0.0000158
all	705	22	886578	0.0000248
all	706	21	886578	0.0000237
all	707	14	886578	0.0000158
all	708	14	886578	0.0000158
all	709	19	886578	0.0000214
all	710	20	886578	0.0000226
all	711	21	886578	0.0000237
all	712	24	886578	0.0000271
all	713	16	886578	0.0000180
all	714	19	886578	0.0000214
all	715	10	886578	0.0000113
all	716	17	886578	0.0000192
all	717	18	886578	0.0000203
all	718	17	886578	0.0000192
all	719	13	886578	0.0000147
all	720	17	886578	0.0000192
all	721	18	886578	0.0000203
all	722	15	886578	0.0000169
all	723	15	886578	0.0000169
all	724	16	886578	0.0000180
all	725	14	886578	0.0000158
all	726	28	886578	0.0000316
all	727	15	886578	0.0000169
all	728	13	886578	0.0000147
all	729	16	886578	0.0000180
all	730	18	886578	0.0000203
all	731	17	886578	0.0000192
all	732	19	886578	0.0000214
all	733	11	886578	0.0000124
all	734	13	886578	0.0000147
all	735	12	886578	0.0000135
all	736	15	886578	0.0000169
all	737	20	886578	0.0000226
all	738	20	886578	0.0000226
all	739	15	886578	0.0000169
all	740	22	886578	0.0000248
all	741	13	886578	0.0000147
all	742	22	886578	0.0000248
all	743	8	886578	0.0000090
all	744	11	886578	0.0000124
all	745	12	886578	0.0000135
all	746	20	886578	0.0000226
all	747	10	886578	0.0000113
all	748	16	886578	0.0000180
all	749	15	886578	0.0000169
all	750	21	886578	0.0000237
all	751	12	886578	0.0000135
all	752	16	886578	0.0000180
all	753	12	886578	0.0000135
all	754	18	886578	0.0000203
all	755	11	886578	0.0000124
all	756	18	886578	0.0000203
all	757	8	886578	0.0000090
all	758	17	886578	0.0000192
all	759	11	886578	0.0000124
all	760	9	886578	0.0000102
all	761	18	886578	0.0000203
all	762	14	886578	0.0000158
all	763	19	886578	0.0000214
all	764	10	886578	0.0000113
all	765	24	886578	0.0000271
all	766	18	886578	0.0000203
all	767	12	886578	0.0000135
all	768	19	886578	0.0000214
all	769	16	886578	0.0000180
all	770	18	886578	0.0000203
all	771	11	886578	0.0000124
all	772	18	886578	0.0000203
all	773	20	886578	0.0000226
all	774	21	886578	0.0000237
all	775	17	886578	0.0000192
all	776	11	886578	0.0000124
all	777	17	886578	0.0000192
all	778	17	886578	0.0000192
all	779	15	886578	0.0000169
all	780	7	886578	0.0000079
all	781	18	886578	0.0000203
all	782	16	886578	0.0000180
all	783	12	886578	0.0000135
all	784	14	886578	0.0000158
all	785	10	886578	0.0000113
all	786	24	886578	0.0000271
all	787	17	886578	0.0000192
all	788	17	886578	0.0000192
all	789	14	886578	0.0000158
all	790	16	886578	0.0000180
all	791	16	886578	0.0000180
all	792	16	886578	0.0000180
all	793	11	886578	0.0000124
all	794	17	886578	0.0000192
all	795	13	886578	0.0000147
all	796	9	886578	0.0000102
all	797	12	886578	0.0000135
all	798	17	886578	0.0000192
all	799	10	886578	0.0000113
all	800	23	886578	0.0000259
all	801	25	886578	0.0000282
all	802	15	886578	0.0000169
all	803	16	886578	0.0000180
all	804	13	886578	0.0000147
all	805	16	886578	0.0000180
all	806	17	886578	0.0000192
all	807	13	886578	0.0000147
all	808	7	886578	0.0000079
all	809	9	886578	0.0000102
all	810	15	886578	0.0000169
all	811	7	886578	0.0000079
all	812	12	886578	0.0000135
all	813	15	886578	0.0000169
all	814	17	886578	0.0000192
all	815	11	886578	0.0000124
all	816	15	886578	0.0000169
all	817	10	886578	0.0000113
all	818	20	886578	0.0000226
all	819	15	886578	0.0000169
all	820	9	886578	0.0000102
all	821	13	886578	0.0000147
all	822	12	886578	0.0000135
all	823	13	886578	0.0000147
all	824	14	886578	0.0000158
all	825	22	886578	0.0000248
all	826	13	886578	0.0000147
all	827	14	886578	0.0000158
all	828	19	886578	0.0000214
all	829	18	886578	0.0000203
all	830	18	886578	0.0000203
all	831	9	886578	0.0000102
all	832	27	886578	0.0000305
all	833	8	886578	0.0000090
all	834	12	886578	0.0000135
all	835	16	886578	0.0000180
all	836	12	886578	0.0000135
all	837	16	886578	0.0000180
all	838	6	886578	0.0000068
all	839	14	886578	0.0000158
all	840	19	886578	0.0000214
all	841	11	886578	0.0000124
all	842	14	886578	0.0000158
all	843	14	886578	0.0000158
all	844	10	886578	0.0000113
all	845	14	886578	0.0000158
all	846	6	886578	0.0000068
all	847	22	886578	0.0000248
all	848	24	886578	0.0000271
all	849	17	886578	0.0000192
all	850	14	886578	0.0000158
all	851	13	886578	0.0000147
all	852	20	886578	0.0000226
all	853	14	886578	0.0000158
all	854	19	886578	0.0000214
all	855	18	886578	0.0000203
all	856	15	886578	0.0000169
all	857	6	886578	0.0000068
all	858	15	886578	0.0000169
all	859	9	886578	0.0000102
all	860	18	886578	0.0000203
all	861	12	886578	0.0000135
all	862	25	886578	0.0000282
all	863	10	886578	0.0000113
all	864	13	886578	0.0000147
all	865	11	886578	0.0000124
all	866	9	886578	0.0000102
all	867	18	886578	0.0000203
all	868	9	886578	0.0000102
all	869	9	886578	0.0000102
all	870	10	886578	0.0000113
all	871	14	886578	0.0000158
all	872	10	886578	0.0000113
all	873	5	886578	0.0000056
all	874	12	886578	0.0000135
all	875	15	886578	0.0000169
all	876	14	886578	0.0000158
all	877	12	886578	0.0000135
all	878	15	886578	0.0000169
all	879	10	886578	0.0000113
all	880	4	886578	0.0000045
all	881	7	886578	0.0000079
all	882	11	886578	0.0000124
all	883	8	886578	0.0000090
all	884	18	886578	0.0000203
all	885	14	886578	0.0000158
all	886	15	886578	0.0000169
all	887	13	886578	0.0000147
all	888	10	886578	0.0000113
all	889	6	886578	0.0000068
all	890	9	886578	0.0000102
all	891	8	886578	0.0000090
all	892	10	886578	0.0000113
all	893	11	886578	0.0000124
all	894	12	886578	0.0000135
all	895	10	886578	0.0000113
all	896	12	886578	0.0000135
all	897	18	886578	0.0000203
all	898	13	886578	0.0000147
all	899	13	886578	0.0000147
all	900	11	886578	0.0000124
all	901	14	886578	0.0000158
all	902	9	886578	0.0000102
all	903	11	886578	0.0000124
all	904	14	886578	0.0000158
all	905	9	886578	0.0000102
all	906	11	886578	0.0000124
all	907	9	886578	0.0000102
all	908	12	886578	0.0000135
all	909	13	886578	0.0000147
all	910	13	886578	0.0000147
all	911	15	886578	0.0000169
all	912	8	886578	0.0000090
all	913	7	886578	0.0000079
all	914	8	886578	0.0000090
all	915	16	886578	0.0000180
all	916	9	886578	0.0000102
all	917	7	886578	0.0000079
all	918	9	886578	0.0000102
all	919	14	886578	0.0000158
all	920	15	886578	0.0000169
all	921	20	886578	0.0000226
all	922	8	886578	0.0000090
all	923	14	886578	0.0000158
all	924	9	886578	0.0000102
all	925	11	886578	0.0000124
all	926	11	886578	0.0000124
all	927	7	886578	0.0000079
all	928	7	886578	0.0000079
all	929	13	886578	0.0000147
all	930	11	886578	0.0000124
all	931	16	886578	0.0000180
all	932	7	886578	0.0000079
all	933	11	886578	0.0000124
all	934	10	886578	0.0000113
all	935	12	886578	0.0000135
all	936	16	886578	0.0000180
all	937	16	886578	0.0000180
all	938	10	886578	0.0000113
all	939	9	886578	0.0000102
all	940	11	886578	0.0000124
all	941	9	886578	0.0000102
all	942	7	886578	0.0000079
all	943	15	886578	0.0000169
all	944	7	886578	0.0000079
all	945	17	886578	0.0000192
all	946	10	886578	0.0000113
all	947	8	886578	0.0000090
all	948	12	886578	0.0000135
all	949	12	886578	0.0000135
all	950	13	886578	0.0000147
all	951	10	886578	0.0000113
all	952	9	886578	0.0000102
all	953	12	886578	0.0000135
all	954	7	886578	0.0000079
all	955	6	886578	0.0000068
all	956	9	886578	0.0000102
all	957	20	886578	0.0000226
all	958	18	886578	0.0000203
all	959	9	886578	0.0000102
all	960	8	886578	0.0000090
all	961	13	886578	0.0000147
all	962	15	886578	0.0000169
all	963	14	886578	0.0000158
all	964	11	886578	0.0000124
all	965	18	886578	0.0000203
all	966	12	886578	0.0000135
all	967	10	886578	0.0000113
all	968	9	886578	0.0000102
all	969	14	886578	0.0000158
all	970	9	886578	0.0000102
all	971	12	886578	0.0000135
all	972	6	886578	0.0000068
all	973	8	886578	0.0000090
all	974	3	886578	0.0000034
all	975	8	886578	0.0000090
all	976	15	886578	0.0000169
all	977	5	886578	0.0000056
all	978	8	886578	0.0000090
all	979	13	886578	0.0000147
all	980	7	886578	0.0000079
all	981	8	886578	0.0000090
all	982	14	886578	0.0000158
all	983	7	886578	0.0000079
all	984	5	886578	0.0000056
all	985	8	886578	0.0000090
all	986	12	886578	0.0000135
all	987	15	886578	0.0000169
all	988	6	886578	0.0000068
all	989	4	886578	0.0000045
all	990	12	886578	0.0000135
all	991	6	886578	0.0000068
all	992	4	886578	0.0000045
all	993	5	886578	0.0000056
all	994	7	886578	0.0000079
all	995	12	886578	0.0000135
all	996	15	886578	0.0000169
all	997	11	886578	0.0000124
all	998	9	886578	0.0000102
all	999	9	886578	0.0000102
all	1000	8	886578	0.0000090
all	1001	10	886578	0.0000113
all	1002	9	886578	0.0000102
all	1003	20	886578	0.0000226
all	1004	10	886578	0.0000113
all	1005	9	886578	0.0000102
all	1006	16	886578	0.0000180
all	1007	14	886578	0.0000158
all	1008	22	886578	0.0000248
all	1009	17	886578	0.0000192
all	1010	4	886578	0.0000045
all	1011	11	886578	0.0000124
all	1012	11	886578	0.0000124
all	1013	11	886578	0.0000124
all	1014	9	886578	0.0000102
all	1015	4	886578	0.0000045
all	1016	13	886578	0.0000147
all	1017	6	886578	0.0000068
all	1018	12	886578	0.0000135
all	1019	12	886578	0.0000135
all	1020	7	886578	0.0000079
all	1021	13	886578	0.0000147
all	1022	15	886578	0.0000169
all	1023	14	886578	0.0000158
all	1024	10	886578	0.0000113
all	1025	14	886578	0.0000158
all	1026	12	886578	0.0000135
all	1027	15	886578	0.0000169
all	1028	10	886578	0.0000113
all	1029	18	886578	0.0000203
all	1030	21	886578	0.0000237
all	1031	7	886578	0.0000079
all	1032	11	886578	0.0000124
all	1033	4	886578	0.0000045
all	1034	13	886578	0.0000147
all	1035	7	886578	0.0000079
all	1036	11	886578	0.0000124
all	1037	7	886578	0.0000079
all	1038	9	886578	0.0000102
all	1039	3	886578	0.0000034
all	1040	10	886578	0.0000113
all	1041	7	886578	0.0000079
all	1042	9	886578	0.0000102
all	1043	8	886578	0.0000090
all	1044	6	886578	0.0000068
all	1045	9	886578	0.0000102
all	1046	7	886578	0.0000079
all	1047	10	886578	0.0000113
all	1048	14	886578	0.0000158
all	1049	12	886578	0.0000135
all	1050	12	886578	0.0000135
all	1051	7	886578	0.0000079
all	1052	5	886578	0.0000056
all	1053	4	886578	0.0000045
all	1054	4	886578	0.0000045
all	1055	7	886578	0.0000079
all	1056	8	886578	0.0000090
all	1057	9	886578	0.0000102
all	1058	5	886578	0.0000056
all	1059	5	886578	0.0000056
all	1060	10	886578	0.0000113
all	1061	13	886578	0.0000147
all	1062	11	886578	0.0000124
all	1063	5	886578	0.0000056
all	1064	11	886578	0.0000124
all	1065	6	886578	0.0000068
all	1066	10	886578	0.0000113
all	1067	7	886578	0.0000079
all	1068	6	886578	0.0000068
all	1069	6	886578	0.0000068
all	1070	8	886578	0.0000090
all	1071	2	886578	0.0000023
all	1072	6	886578	0.0000068
all	1073	1	886578	0.0000011
all	1074	6	886578	0.0000068
all	1075	7	886578	0.0000079
all	1076	9	886578	0.0000102
all	1077	5	886578	0.0000056
all	1078	2	886578	0.0000023
all	1079	9	886578	0.0000102
all	1080	7	886578	0.0000079
all	1081	11	886578	0.0000124
all	1082	6	886578	0.0000068
all	1083	6	886578	0.0000068
all	1084	10	886578	0.0000113
all	1085	8	886578	0.0000090
all	1086	5	886578	0.0000056
all	1087	7	886578	0.0000079
all	1088	12	886578	0.0000135
all	1089	12	886578	0.0000135
all	1090	12	886578	0.0000135
all	1091	9	886578	0.0000102
all	1092	11	886578	0.0000124
all	1093	7	886578	0.0000079
all	1094	9	886578	0.0000102
all	1095	4	886578	0.0000045
all	1096	11	886578	0.0000124
all	1097	7	886578	0.0000079
all	1098	7	886578	0.0000079
all	1099	5	886578	0.0000056
all	1100	5	886578	0.0000056
all	1101	5	886578	0.0000056
all	1102	7	886578	0.0000079
all	1103	2	886578	0.0000023
all	1104	2	886578	0.0000023
all	1105	5	886578	0.0000056
all	1106	4	886578	0.0000045
all	1107	17	886578	0.0000192
all	1108	9	886578	0.0000102
all	1109	10	886578	0.0000113
all	1110	1	886578	0.0000011
all	1111	11	886578	0.0000124
all	1112	11	886578	0.0000124
all	1113	5	886578	0.0000056
all	1114	7	886578	0.0000079
all	1115	7	886578	0.0000079
all	1116	8	886578	0.0000090
all	1117	6	886578	0.0000068
all	1118	8	886578	0.0000090
all	1119	7	886578	0.0000079
all	1120	9	886578	0.0000102
all	1121	6	886578	0.0000068
all	1122	17	886578	0.0000192
all	1123	6	886578	0.0000068
all	1124	6	886578	0.0000068
all	1125	7	886578	0.0000079
all	1126	8	886578	0.0000090
all	1127	6	886578	0.0000068
all	1128	9	886578	0.0000102
all	1129	4	886578	0.0000045
all	1130	10	886578	0.0000113
all	1131	5	886578	0.0000056
all	1132	5	886578	0.0000056
all	1133	13	886578	0.0000147
all	1134	8	886578	0.0000090
all	1135	7	886578	0.0000079
all	1136	11	886578	0.0000124
all	1137	8	886578	0.0000090
all	1138	9	886578	0.0000102
all	1139	6	886578	0.0000068
all	1140	6	886578	0.0000068
all	1141	9	886578	0.0000102
all	1142	11	886578	0.0000124
all	1143	10	886578	0.0000113
all	1144	8	886578	0.0000090
all	1145	6	886578	0.0000068
all	1146	6	886578	0.0000068
all	1147	7	886578	0.0000079
all	1148	7	886578	0.0000079
all	1149	8	886578	0.0000090
all	1150	9	886578	0.0000102
all	1152	5	886578	0.0000056
all	1153	4	886578	0.0000045
all	1154	6	886578	0.0000068
all	1155	9	886578	0.0000102
all	1156	6	886578	0.0000068
all	1157	4	886578	0.0000045
all	1158	13	886578	0.0000147
all	1159	12	886578	0.0000135
all	1160	10	886578	0.0000113
all	1161	5	886578	0.0000056
all	1162	5	886578	0.0000056
all	1163	10	886578	0.0000113
all	1164	3	886578	0.0000034
all	1165	7	886578	0.0000079
all	1166	8	886578	0.0000090
all	1167	5	886578	0.0000056
all	1168	8	886578	0.0000090
all	1169	8	886578	0.0000090
all	1170	8	886578	0.0000090
all	1171	8	886578	0.0000090
all	1172	10	886578	0.0000113
all	1173	6	886578	0.0000068
all	1174	4	886578	0.0000045
all	1175	5	886578	0.0000056
all	1176	4	886578	0.0000045
all	1177	4	886578	0.0000045
all	1178	10	886578	0.0000113
all	1179	9	886578	0.0000102
all	1180	9	886578	0.0000102
all	1181	5	886578	0.0000056
all	1182	7	886578	0.0000079
all	1183	7	886578	0.0000079
all	1184	10	886578	0.0000113
all	1185	6	886578	0.0000068
all	1186	13	886578	0.0000147
all	1187	14	886578	0.0000158
all	1188	4	886578	0.0000045
all	1189	6	886578	0.0000068
all	1190	7	886578	0.0000079
all	1191	7	886578	0.0000079
all	1192	4	886578	0.0000045
all	1193	7	886578	0.0000079
all	1194	16	886578	0.0000180
all	1195	7	886578	0.0000079
all	1196	9	886578	0.0000102
all	1197	5	886578	0.0000056
all	1198	6	886578	0.0000068
all	1199	5	886578	0.0000056
all	1200	8	886578	0.0000090
all	1201	5	886578	0.0000056
all	1202	7	886578	0.0000079
all	1203	7	886578	0.0000079
all	1204	4	886578	0.0000045
all	1205	6	886578	0.0000068
all	1206	5	886578	0.0000056
all	1207	3	886578	0.0000034
all	1208	10	886578	0.0000113
all	1209	10	886578	0.0000113
all	1210	7	886578	0.0000079
all	1211	9	886578	0.0000102
all	1212	4	886578	0.0000045
all	1213	2	886578	0.0000023
all	1214	10	886578	0.0000113
all	1215	5	886578	0.0000056
all	1216	10	886578	0.0000113
all	1217	12	886578	0.0000135
all	1218	8	886578	0.0000090
all	1219	8	886578	0.0000090
all	1220	4	886578	0.0000045
all	1221	9	886578	0.0000102
all	1222	11	886578	0.0000124
all	1223	9	886578	0.0000102
all	1224	9	886578	0.0000102
all	1225	4	886578	0.0000045
all	1226	9	886578	0.0000102
all	1227	12	886578	0.0000135
all	1228	12	886578	0.0000135
all	1229	11	886578	0.0000124
all	1230	12	886578	0.0000135
all	1231	3	886578	0.0000034
all	1232	6	886578	0.0000068
all	1233	5	886578	0.0000056
all	1234	9	886578	0.0000102
all	1235	5	886578	0.0000056
all	1236	8	886578	0.0000090
all	1237	14	886578	0.0000158
all	1238	10	886578	0.0000113
all	1239	5	886578	0.0000056
all	1240	4	886578	0.0000045
all	1241	10	886578	0.0000113
all	1242	5	886578	0.0000056
all	1243	4	886578	0.0000045
all	1244	5	886578	0.0000056
all	1245	4	886578	0.0000045
all	1246	5	886578	0.0000056
all	1247	3	886578	0.0000034
all	1248	6	886578	0.0000068
all	1249	3	886578	0.0000034
all	1250	6	886578	0.0000068
all	1251	2	886578	0.0000023
all	1252	10	886578	0.0000113
all	1253	8	886578	0.0000090
all	1254	5	886578	0.0000056
all	1255	5	886578	0.0000056
all	1256	3	886578	0.0000034
all	1257	8	886578	0.0000090
all	1258	6	886578	0.0000068
all	1259	3	886578	0.0000034
all	1260	6	886578	0.0000068
all	1261	10	886578	0.0000113
all	1262	7	886578	0.0000079
all	1263	10	886578	0.0000113
all	1264	5	886578	0.0000056
all	1265	5	886578	0.0000056
all	1266	1	886578	0.0000011
all	1267	5	886578	0.0000056
all	1268	4	886578	0.0000045
all	1269	7	886578	0.0000079
all	1270	5	886578	0.0000056
all	1271	6	886578	0.0000068
all	1272	6	886578	0.0000068
all	1273	4	886578	0.0000045
all	1274	6	886578	0.0000068
all	1275	6	886578	0.0000068
all	1276	15	886578	0.0000169
all	1277	12	886578	0.0000135
all	1278	5	886578	0.0000056
all	1279	4	886578	0.0000045
all	1280	7	886578	0.0000079
all	1281	4	886578	0.0000045
all	1282	7	886578	0.0000079
all	1283	7	886578	0.0000079
all	1284	9	886578	0.0000102
all	1285	6	886578	0.0000068
all	1286	5	886578	0.0000056
all	1287	7	886578	0.0000079
all	1288	3	886578	0.0000034
all	1289	8	886578	0.0000090
all	1290	6	886578	0.0000068
all	1291	12	886578	0.0000135
all	1292	4	886578	0.0000045
all	1293	5	886578	0.0000056
all	1294	6	886578	0.0000068
all	1295	11	886578	0.0000124
all	1296	7	886578	0.0000079
all	1297	14	886578	0.0000158
all	1298	3	886578	0.0000034
all	1299	10	886578	0.0000113
all	1300	9	886578	0.0000102
all	1301	4	886578	0.0000045
all	1302	7	886578	0.0000079
all	1303	4	886578	0.0000045
all	1304	10	886578	0.0000113
all	1305	8	886578	0.0000090
all	1306	5	886578	0.0000056
all	1307	11	886578	0.0000124
all	1308	12	886578	0.0000135
all	1309	10	886578	0.0000113
all	1310	13	886578	0.0000147
all	1311	2	886578	0.0000023
all	1312	6	886578	0.0000068
all	1313	9	886578	0.0000102
all	1314	13	886578	0.0000147
all	1315	6	886578	0.0000068
all	1316	7	886578	0.0000079
all	1317	2	886578	0.0000023
all	1318	5	886578	0.0000056
all	1319	9	886578	0.0000102
all	1320	5	886578	0.0000056
all	1321	10	886578	0.0000113
all	1322	5	886578	0.0000056
all	1323	6	886578	0.0000068
all	1324	7	886578	0.0000079
all	1325	22	886578	0.0000248
all	1326	8	886578	0.0000090
all	1327	11	886578	0.0000124
all	1328	11	886578	0.0000124
all	1329	9	886578	0.0000102
all	1330	8	886578	0.0000090
all	1331	5	886578	0.0000056
all	1332	5	886578	0.0000056
all	1333	7	886578	0.0000079
all	1334	3	886578	0.0000034
all	1335	6	886578	0.0000068
all	1336	7	886578	0.0000079
all	1337	3	886578	0.0000034
all	1338	9	886578	0.0000102
all	1339	6	886578	0.0000068
all	1340	18	886578	0.0000203
all	1341	11	886578	0.0000124
all	1342	6	886578	0.0000068
all	1343	8	886578	0.0000090
all	1344	11	886578	0.0000124
all	1345	6	886578	0.0000068
all	1346	5	886578	0.0000056
all	1347	6	886578	0.0000068
all	1348	4	886578	0.0000045
all	1349	5	886578	0.0000056
all	1350	10	886578	0.0000113
all	1351	8	886578	0.0000090
all	1352	9	886578	0.0000102
all	1353	3	886578	0.0000034
all	1354	6	886578	0.0000068
all	1355	9	886578	0.0000102
all	1356	2	886578	0.0000023
all	1357	8	886578	0.0000090
all	1358	3	886578	0.0000034
all	1359	3	886578	0.0000034
all	1360	9	886578	0.0000102
all	1361	5	886578	0.0000056
all	1362	9	886578	0.0000102
all	1363	8	886578	0.0000090
all	1364	5	886578	0.0000056
all	1365	6	886578	0.0000068
all	1366	5	886578	0.0000056
all	1367	5	886578	0.0000056
all	1368	11	886578	0.0000124
all	1369	9	886578	0.0000102
all	1370	6	886578	0.0000068
all	1371	9	886578	0.0000102
all	1372	6	886578	0.0000068
all	1373	18	886578	0.0000203
all	1374	5	886578	0.0000056
all	1375	10	886578	0.0000113
all	1376	6	886578	0.0000068
all	1377	8	886578	0.0000090
all	1378	7	886578	0.0000079
all	1379	14	886578	0.0000158
all	1380	13	886578	0.0000147
all	1381	2	886578	0.0000023
all	1382	8	886578	0.0000090
all	1383	6	886578	0.0000068
all	1384	9	886578	0.0000102
all	1385	6	886578	0.0000068
all	1386	5	886578	0.0000056
all	1387	5	886578	0.0000056
all	1388	6	886578	0.0000068
all	1389	8	886578	0.0000090
all	1390	8	886578	0.0000090
all	1391	7	886578	0.0000079
all	1392	9	886578	0.0000102
all	1393	6	886578	0.0000068
all	1394	10	886578	0.0000113
all	1395	10	886578	0.0000113
all	1396	6	886578	0.0000068
all	1397	6	886578	0.0000068
all	1398	6	886578	0.0000068
all	1399	6	886578	0.0000068
all	1400	10	886578	0.0000113
all	1401	8	886578	0.0000090
all	1402	10	886578	0.0000113
all	1403	9	886578	0.0000102
all	1404	10	886578	0.0000113
all	1405	10	886578	0.0000113
all	1406	8	886578	0.0000090
all	1407	7	886578	0.0000079
all	1408	10	886578	0.0000113
all	1409	8	886578	0.0000090
all	1410	12	886578	0.0000135
all	1411	5	886578	0.0000056
all	1412	7	886578	0.0000079
all	1413	6	886578	0.0000068
all	1414	6	886578	0.0000068
all	1415	9	886578	0.0000102
all	1416	6	886578	0.0000068
all	1417	6	886578	0.0000068
all	1418	5	886578	0.0000056
all	1419	5	886578	0.0000056
all	1420	10	886578	0.0000113
all	1421	10	886578	0.0000113
all	1422	10	886578	0.0000113
all	1423	8	886578	0.0000090
all	1424	7	886578	0.0000079
all	1425	11	886578	0.0000124
all	1426	3	886578	0.0000034
all	1427	7	886578	0.0000079
all	1428	5	886578	0.0000056
all	1429	5	886578	0.0000056
all	1430	4	886578	0.0000045
all	1431	7	886578	0.0000079
all	1432	3	886578	0.0000034
all	1433	10	886578	0.0000113
all	1434	8	886578	0.0000090
all	1435	9	886578	0.0000102
all	1436	3	886578	0.0000034
all	1437	7	886578	0.0000079
all	1438	3	886578	0.0000034
all	1439	5	886578	0.0000056
all	1440	2	886578	0.0000023
all	1441	9	886578	0.0000102
all	1442	4	886578	0.0000045
all	1443	3	886578	0.0000034
all	1444	1	886578	0.0000011
all	1445	5	886578	0.0000056
all	1446	8	886578	0.0000090
all	1447	3	886578	0.0000034
all	1448	5	886578	0.0000056
all	1449	8	886578	0.0000090
all	1450	8	886578	0.0000090
all	1451	5	886578	0.0000056
all	1452	3	886578	0.0000034
all	1453	3	886578	0.0000034
all	1454	1	886578	0.0000011
all	1455	7	886578	0.0000079
all	1456	3	886578	0.0000034
all	1457	3	886578	0.0000034
all	1458	4	886578	0.0000045
all	1459	2	886578	0.0000023
all	1460	7	886578	0.0000079
all	1461	1	886578	0.0000011
all	1462	4	886578	0.0000045
all	1463	2	886578	0.0000023
all	1464	5	886578	0.0000056
all	1465	6	886578	0.0000068
all	1466	6	886578	0.0000068
all	1467	5	886578	0.0000056
all	1468	3	886578	0.0000034
all	1469	2	886578	0.0000023
all	1470	5	886578	0.0000056
all	1471	3	886578	0.0000034
all	1472	3	886578	0.0000034
all	1473	3	886578	0.0000034
all	1474	4	886578	0.0000045
all	1475	5	886578	0.0000056
all	1476	8	886578	0.0000090
all	1477	10	886578	0.0000113
all	1478	4	886578	0.0000045
all	1479	6	886578	0.0000068
all	1480	4	886578	0.0000045
all	1481	5	886578	0.0000056
all	1482	6	886578	0.0000068
all	1483	1	886578	0.0000011
all	1484	6	886578	0.0000068
all	1485	7	886578	0.0000079
all	1486	8	886578	0.0000090
all	1487	4	886578	0.0000045
all	1488	5	886578	0.0000056
all	1489	4	886578	0.0000045
all	1490	3	886578	0.0000034
all	1491	4	886578	0.0000045
all	1493	4	886578	0.0000045
all	1494	4	886578	0.0000045
all	1495	5	886578	0.0000056
all	1496	4	886578	0.0000045
all	1497	6	886578	0.0000068
all	1498	3	886578	0.0000034
all	1499	6	886578	0.0000068
all	1500	9	886578	0.0000102
all	1501	7	886578	0.0000079
all	1502	2	886578	0.0000023
all	1503	7	886578	0.0000079
all	1504	10	886578	0.0000113
all	1505	4	886578	0.0000045
all	1506	2	886578	0.0000023
all	1507	6	886578	0.0000068
all	1508	4	886578	0.0000045
all	1509	4	886578	0.0000045
all	1510	5	886578	0.0000056
all	1511	8	886578	0.0000090
all	1512	2	886578	0.0000023
all	1513	3	886578	0.0000034
all	1514	3	886578	0.0000034
all	1515	4	886578	0.0000045
all	1516	2	886578	0.0000023
all	1517	1	886578	0.0000011
all	1518	4	886578	0.0000045
all	1519	4	886578	0.0000045
all	1520	1	886578	0.0000011
all	1521	6	886578	0.0000068
all	1522	3	886578	0.0000034
all	1523	2	886578	0.0000023
all	1524	4	886578	0.0000045
all	1525	4	886578	0.0000045
all	1526	5	886578	0.0000056
all	1527	2	886578	0.0000023
all	1528	4	886578	0.0000045
all	1529	4	886578	0.0000045
all	1531	2	886578	0.0000023
all	1532	4	886578	0.0000045
all	1533	2	886578	0.0000023
all	1534	5	886578	0.0000056
all	1535	2	886578	0.0000023
all	1536	3	886578	0.0000034
all	1537	2	886578	0.0000023
all	1538	2	886578	0.0000023
all	1539	5	886578	0.0000056
all	1540	1	886578	0.0000011
all	1541	5	886578	0.0000056
all	1542	2	886578	0.0000023
all	1543	1	886578	0.0000011
all	1544	4	886578	0.0000045
all	1546	4	886578	0.0000045
all	1547	6	886578	0.0000068
all	1548	2	886578	0.0000023
all	1549	5	886578	0.0000056
all	1550	4	886578	0.0000045
all	1551	4	886578	0.0000045
all	1552	2	886578	0.0000023
all	1553	6	886578	0.0000068
all	1554	7	886578	0.0000079
all	1555	5	886578	0.0000056
all	1556	8	886578	0.0000090
all	1557	6	886578	0.0000068
all	1558	4	886578	0.0000045
all	1559	1	886578	0.0000011
all	1560	3	886578	0.0000034
all	1561	2	886578	0.0000023
all	1562	2	886578	0.0000023
all	1563	8	886578	0.0000090
all	1564	4	886578	0.0000045
all	1565	3	886578	0.0000034
all	1566	8	886578	0.0000090
all	1567	2	886578	0.0000023
all	1568	3	886578	0.0000034
all	1569	2	886578	0.0000023
all	1570	1	886578	0.0000011
all	1571	10	886578	0.0000113
all	1572	4	886578	0.0000045
all	1573	2	886578	0.0000023
all	1574	1	886578	0.0000011
all	1575	1	886578	0.0000011
all	1576	2	886578	0.0000023
all	1577	7	886578	0.0000079
all	1578	4	886578	0.0000045
all	1579	8	886578	0.0000090
all	1580	5	886578	0.0000056
all	1581	9	886578	0.0000102
all	1582	4	886578	0.0000045
all	1583	3	886578	0.0000034
all	1584	11	886578	0.0000124
all	1585	8	886578	0.0000090
all	1586	7	886578	0.0000079
all	1587	5	886578	0.0000056
all	1588	5	886578	0.0000056
all	1589	7	886578	0.0000079
all	1590	3	886578	0.0000034
all	1591	5	886578	0.0000056
all	1592	2	886578	0.0000023
all	1593	6	886578	0.0000068
all	1594	4	886578	0.0000045
all	1595	3	886578	0.0000034
all	1596	5	886578	0.0000056
all	1597	3	886578	0.0000034
all	1598	6	886578	0.0000068
all	1599	5	886578	0.0000056
all	1600	1	886578	0.0000011
all	1602	3	886578	0.0000034
all	1603	2	886578	0.0000023
all	1604	2	886578	0.0000023
all	1605	3	886578	0.0000034
all	1606	4	886578	0.0000045
all	1607	2	886578	0.0000023
all	1608	6	886578	0.0000068
all	1609	6	886578	0.0000068
all	1610	4	886578	0.0000045
all	1611	3	886578	0.0000034
all	1612	2	886578	0.0000023
all	1613	2	886578	0.0000023
all	1614	4	886578	0.0000045
all	1615	4	886578	0.0000045
all	1616	2	886578	0.0000023
all	1617	10	886578	0.0000113
all	1618	3	886578	0.0000034
all	1619	3	886578	0.0000034
all	1620	2	886578	0.0000023
all	1621	4	886578	0.0000045
all	1622	8	886578	0.0000090
all	1623	3	886578	0.0000034
all	1624	6	886578	0.0000068
all	1625	3	886578	0.0000034
all	1626	3	886578	0.0000034
all	1627	4	886578	0.0000045
all	1628	1	886578	0.0000011
all	1629	5	886578	0.0000056
all	1630	2	886578	0.0000023
all	1631	1	886578	0.0000011
all	1632	5	886578	0.0000056
all	1633	4	886578	0.0000045
all	1634	4	886578	0.0000045
all	1635	3	886578	0.0000034
all	1636	9	886578	0.0000102
all	1637	6	886578	0.0000068
all	1638	2	886578	0.0000023
all	1639	1	886578	0.0000011
all	1640	3	886578	0.0000034
all	1641	6	886578	0.0000068
all	1642	4	886578	0.0000045
all	1643	1	886578	0.0000011
all	1644	1	886578	0.0000011
all	1645	5	886578	0.0000056
all	1647	6	886578	0.0000068
all	1648	4	886578	0.0000045
all	1649	5	886578	0.0000056
all	1650	1	886578	0.0000011
all	1651	2	886578	0.0000023
all	1652	5	886578	0.0000056
all	1653	3	886578	0.0000034
all	1654	1	886578	0.0000011
all	1655	8	886578	0.0000090
all	1656	2	886578	0.0000023
all	1657	1	886578	0.0000011
all	1658	3	886578	0.0000034
all	1659	2	886578	0.0000023
all	1660	3	886578	0.0000034
all	1661	5	886578	0.0000056
all	1662	4	886578	0.0000045
all	1663	6	886578	0.0000068
all	1664	2	886578	0.0000023
all	1665	1	886578	0.0000011
all	1666	2	886578	0.0000023
all	1667	8	886578	0.0000090
all	1668	8	886578	0.0000090
all	1669	4	886578	0.0000045
all	1670	3	886578	0.0000034
all	1671	4	886578	0.0000045
all	1672	5	886578	0.0000056
all	1673	7	886578	0.0000079
all	1674	1	886578	0.0000011
all	1675	1	886578	0.0000011
all	1676	4	886578	0.0000045
all	1677	2	886578	0.0000023
all	1678	5	886578	0.0000056
all	1679	3	886578	0.0000034
all	1680	4	886578	0.0000045
all	1681	2	886578	0.0000023
all	1682	4	886578	0.0000045
all	1683	6	886578	0.0000068
all	1684	6	886578	0.0000068
all	1685	6	886578	0.0000068
all	1686	3	886578	0.0000034
all	1687	6	886578	0.0000068
all	1688	1	886578	0.0000011
all	1689	2	886578	0.0000023
all	1690	2	886578	0.0000023
all	1691	2	886578	0.0000023
all	1692	5	886578	0.0000056
all	1693	5	886578	0.0000056
all	1694	2	886578	0.0000023
all	1695	4	886578	0.0000045
all	1696	5	886578	0.0000056
all	1697	1	886578	0.0000011
all	1698	2	886578	0.0000023
all	1699	3	886578	0.0000034
all	1700	2	886578	0.0000023
all	1701	2	886578	0.0000023
all	1702	4	886578	0.0000045
all	1703	1	886578	0.0000011
all	1704	2	886578	0.0000023
all	1705	1	886578	0.0000011
all	1706	4	886578	0.0000045
all	1707	4	886578	0.0000045
all	1708	1	886578	0.0000011
all	1709	4	886578	0.0000045
all	1710	4	886578	0.0000045
all	1711	1	886578	0.0000011
all	1712	2	886578	0.0000023
all	1714	4	886578	0.0000045
all	1715	5	886578	0.0000056
all	1716	1	886578	0.0000011
all	1717	3	886578	0.0000034
all	1718	4	886578	0.0000045
all	1719	5	886578	0.0000056
all	1720	2	886578	0.0000023
all	1721	4	886578	0.0000045
all	1722	7	886578	0.0000079
all	1723	3	886578	0.0000034
all	1724	4	886578	0.0000045
all	1725	4	886578	0.0000045
all	1726	3	886578	0.0000034
all	1727	3	886578	0.0000034
all	1728	4	886578	0.0000045
all	1729	3	886578	0.0000034
all	1730	2	886578	0.0000023
all	1731	4	886578	0.0000045
all	1732	4	886578	0.0000045
all	1734	4	886578	0.0000045
all	1735	4	886578	0.0000045
all	1736	4	886578	0.0000045
all	1737	4	886578	0.0000045
all	1738	2	886578	0.0000023
all	1739	4	886578	0.0000045
all	1740	4	886578	0.0000045
all	1741	5	886578	0.0000056
all	1742	4	886578	0.0000045
all	1743	1	886578	0.0000011
all	1744	3	886578	0.0000034
all	1745	3	886578	0.0000034
all	1746	6	886578	0.0000068
all	1747	4	886578	0.0000045
all	1748	2	886578	0.0000023
all	1749	2	886578	0.0000023
all	1750	3	886578	0.0000034
all	1751	6	886578	0.0000068
all	1752	2	886578	0.0000023
all	1753	5	886578	0.0000056
all	1754	2	886578	0.0000023
all	1756	3	886578	0.0000034
all	1757	2	886578	0.0000023
all	1758	1	886578	0.0000011
all	1759	2	886578	0.0000023
all	1760	6	886578	0.0000068
all	1761	1	886578	0.0000011
all	1762	2	886578	0.0000023
all	1763	1	886578	0.0000011
all	1764	2	886578	0.0000023
all	1765	4	886578	0.0000045
all	1766	2	886578	0.0000023
all	1767	3	886578	0.0000034
all	1769	6	886578	0.0000068
all	1770	2	886578	0.0000023
all	1771	3	886578	0.0000034
all	1772	3	886578	0.0000034
all	1773	1	886578	0.0000011
all	1774	4	886578	0.0000045
all	1775	2	886578	0.0000023
all	1776	6	886578	0.0000068
all	1778	3	886578	0.0000034
all	1779	6	886578	0.0000068
all	1780	1	886578	0.0000011
all	1781	1	886578	0.0000011
all	1782	6	886578	0.0000068
all	1783	2	886578	0.0000023
all	1784	1	886578	0.0000011
all	1785	3	886578	0.0000034
all	1786	2	886578	0.0000023
all	1787	3	886578	0.0000034
all	1788	7	886578	0.0000079
all	1790	3	886578	0.0000034
all	1791	1	886578	0.0000011
all	1792	3	886578	0.0000034
all	1793	4	886578	0.0000045
all	1794	1	886578	0.0000011
all	1795	1	886578	0.0000011
all	1796	4	886578	0.0000045
all	1797	3	886578	0.0000034
all	1798	3	886578	0.0000034
all	1799	2	886578	0.0000023
all	1800	1	886578	0.0000011
all	1801	2	886578	0.0000023
all	1802	5	886578	0.0000056
all	1803	1	886578	0.0000011
all	1804	3	886578	0.0000034
all	1805	3	886578	0.0000034
all	1806	1	886578	0.0000011
all	1807	2	886578	0.0000023
all	1808	4	886578	0.0000045
all	1809	3	886578	0.0000034
all	1810	8	886578	0.0000090
all	1811	2	886578	0.0000023
all	1812	2	886578	0.0000023
all	1814	2	886578	0.0000023
all	1815	2	886578	0.0000023
all	1817	10	886578	0.0000113
all	1818	2	886578	0.0000023
all	1819	3	886578	0.0000034
all	1820	2	886578	0.0000023
all	1821	4	886578	0.0000045
all	1822	3	886578	0.0000034
all	1823	4	886578	0.0000045
all	1824	2	886578	0.0000023
all	1825	2	886578	0.0000023
all	1826	3	886578	0.0000034
all	1827	1	886578	0.0000011
all	1828	7	886578	0.0000079
all	1829	6	886578	0.0000068
all	1830	6	886578	0.0000068
all	1831	2	886578	0.0000023
all	1832	11	886578	0.0000124
all	1833	12	886578	0.0000135
all	1834	8	886578	0.0000090
all	1835	6	886578	0.0000068
all	1836	11	886578	0.0000124
all	1837	6	886578	0.0000068
all	1838	10	886578	0.0000113
all	1839	8	886578	0.0000090
all	1840	7	886578	0.0000079
all	1841	12	886578	0.0000135
all	1842	5	886578	0.0000056
all	1843	5	886578	0.0000056
all	1844	3	886578	0.0000034
all	1845	3	886578	0.0000034
all	1846	4	886578	0.0000045
all	1847	6	886578	0.0000068
all	1848	8	886578	0.0000090
all	1849	4	886578	0.0000045
all	1850	1	886578	0.0000011
all	1851	4	886578	0.0000045
all	1852	5	886578	0.0000056
all	1853	4	886578	0.0000045
all	1854	6	886578	0.0000068
all	1855	9	886578	0.0000102
all	1856	7	886578	0.0000079
all	1857	9	886578	0.0000102
all	1858	2	886578	0.0000023
all	1859	2	886578	0.0000023
all	1860	4	886578	0.0000045
all	1861	2	886578	0.0000023
all	1862	1	886578	0.0000011
all	1863	6	886578	0.0000068
all	1864	1	886578	0.0000011
all	1865	1	886578	0.0000011
all	1866	3	886578	0.0000034
all	1867	2	886578	0.0000023
all	1869	2	886578	0.0000023
all	1870	4	886578	0.0000045
all	1871	2	886578	0.0000023
all	1872	4	886578	0.0000045
all	1873	4	886578	0.0000045
all	1874	3	886578	0.0000034
all	1875	2	886578	0.0000023
all	1876	1	886578	0.0000011
all	1877	4	886578	0.0000045
all	1878	3	886578	0.0000034
all	1879	3	886578	0.0000034
all	1880	2	886578	0.0000023
all	1881	2	886578	0.0000023
all	1882	3	886578	0.0000034
all	1883	2	886578	0.0000023
all	1884	2	886578	0.0000023
all	1885	6	886578	0.0000068
all	1886	4	886578	0.0000045
all	1887	3	886578	0.0000034
all	1888	5	886578	0.0000056
all	1889	3	886578	0.0000034
all	1890	2	886578	0.0000023
all	1891	3	886578	0.0000034
all	1893	1	886578	0.0000011
all	1897	2	886578	0.0000023
all	1898	2	886578	0.0000023
all	1899	2	886578	0.0000023
all	1900	1	886578	0.0000011
all	1901	3	886578	0.0000034
all	1903	5	886578	0.0000056
all	1904	2	886578	0.0000023
all	1905	4	886578	0.0000045
all	1906	2	886578	0.0000023
all	1907	3	886578	0.0000034
all	1908	1	886578	0.0000011
all	1909	1	886578	0.0000011
all	1910	2	886578	0.0000023
all	1911	4	886578	0.0000045
all	1912	1	886578	0.0000011
all	1913	1	886578	0.0000011
all	1914	3	886578	0.0000034
all	1917	3	886578	0.0000034
all	1918	2	886578	0.0000023
all	1919	1	886578	0.0000011
all	1920	1	886578	0.0000011
all	1921	3	886578	0.0000034
all	1922	1	886578	0.0000011
all	1923	2	886578	0.0000023
all	1924	1	886578	0.0000011
all	1925	1	886578	0.0000011
all	1926	4	886578	0.0000045
all	1927	1	886578	0.0000011
all	1928	2	886578	0.0000023
all	1929	3	886578	0.0000034
all	1930	3	886578	0.0000034
all	1931	2	886578	0.0000023
all	1932	1	886578	0.0000011
all	1933	2	886578	0.0000023
all	1935	1	886578	0.0000011
all	1936	2	886578	0.0000023
all	1937	2	886578	0.0000023
all	1938	3	886578	0.0000034
all	1939	2	886578	0.0000023
all	1940	3	886578	0.0000034
all	1941	4	886578	0.0000045
all	1943	3	886578	0.0000034
all	1945	3	886578	0.0000034
all	1946	1	886578	0.0000011
all	1947	2	886578	0.0000023
all	1948	1	886578	0.0000011
all	1949	1	886578	0.0000011
all	1950	1	886578	0.0000011
all	1951	6	886578	0.0000068
all	1952	2	886578	0.0000023
all	1953	1	886578	0.0000011
all	1954	3	886578	0.0000034
all	1955	2	886578	0.0000023
all	1956	2	886578	0.0000023
all	1957	2	886578	0.0000023
all	1959	4	886578	0.0000045
all	1961	4	886578	0.0000045
all	1963	1	886578	0.0000011
all	1964	1	886578	0.0000011
all	1965	4	886578	0.0000045
all	1966	2	886578	0.0000023
all	1967	1	886578	0.0000011
all	1968	3	886578	0.0000034
all	1970	1	886578	0.0000011
all	1971	2	886578	0.0000023
all	1972	3	886578	0.0000034
all	1973	1	886578	0.0000011
all	1974	3	886578	0.0000034
all	1975	2	886578	0.0000023
all	1976	3	886578	0.0000034
all	1977	1	886578	0.0000011
all	1978	1	886578	0.0000011
all	1979	2	886578	0.0000023
all	1980	1	886578	0.0000011
all	1981	3	886578	0.0000034
all	1983	3	886578	0.0000034
all	1985	3	886578	0.0000034
all	1986	2	886578	0.0000023
all	1987	2	886578	0.0000023
all	1988	1	886578	0.0000011
all	1989	2	886578	0.0000023
all	1990	3	886578	0.0000034
all	1991	2	886578	0.0000023
all	1992	1	886578	0.0000011
all	1993	2	886578	0.0000023
all	1994	2	886578	0.0000023
all	1995	1	886578	0.0000011
all	1996	6	886578	0.0000068
all	1998	4	886578	0.0000045
all	1999	2	886578	0.0000023
all	2001	2	886578	0.0000023
all	2002	1	886578	0.0000011
all	2003	11	886578	0.0000124
all	2004	7	886578	0.0000079
all	2005	5	886578	0.0000056
all	2006	6	886578	0.0000068
all	2007	1	886578	0.0000011
all	2008	4	886578	0.0000045
all	2010	1	886578	0.0000011
all	2011	2	886578	0.0000023
all	2012	1	886578	0.0000011
all	2013	4	886578	0.0000045
all	2014	7	886578	0.0000079
all	2015	4	886578	0.0000045
all	2016	1	886578	0.0000011
all	2017	2	886578	0.0000023
all	2018	4	886578	0.0000045
all	2019	1	886578	0.0000011
all	2020	6	886578	0.0000068
all	2021	8	886578	0.0000090
all	2022	1	886578	0.0000011
all	2023	7	886578	0.0000079
all	2024	5	886578	0.0000056
all	2025	9	886578	0.0000102
all	2026	1	886578	0.0000011
all	2027	1	886578	0.0000011
all	2028	1	886578	0.0000011
all	2033	3	886578	0.0000034
all	2034	2	886578	0.0000023
all	2035	4	886578	0.0000045
all	2036	1	886578	0.0000011
all	2038	3	886578	0.0000034
all	2039	1	886578	0.0000011
all	2040	2	886578	0.0000023
all	2041	2	886578	0.0000023
all	2043	2	886578	0.0000023
all	2044	1	886578	0.0000011
all	2045	1	886578	0.0000011
all	2047	3	886578	0.0000034
all	2048	1	886578	0.0000011
all	2049	3	886578	0.0000034
all	2050	3	886578	0.0000034
all	2053	1	886578	0.0000011
all	2055	1	886578	0.0000011
all	2056	3	886578	0.0000034
all	2057	2	886578	0.0000023
all	2058	2	886578	0.0000023
all	2059	2	886578	0.0000023
all	2062	1	886578	0.0000011
all	2063	3	886578	0.0000034
all	2064	2	886578	0.0000023
all	2066	1	886578	0.0000011
all	2067	4	886578	0.0000045
all	2068	1	886578	0.0000011
all	2069	1	886578	0.0000011
all	2070	2	886578	0.0000023
all	2071	2	886578	0.0000023
all	2072	3	886578	0.0000034
all	2073	1	886578	0.0000011
all	2075	3	886578	0.0000034
all	2078	2	886578	0.0000023
all	2080	3	886578	0.0000034
all	2081	1	886578	0.0000011
all	2082	1	886578	0.0000011
all	2083	1	886578	0.0000011
all	2085	3	886578	0.0000034
all	2087	4	886578	0.0000045
all	2089	4	886578	0.0000045
all	2090	1	886578	0.0000011
all	2092	2	886578	0.0000023
all	2093	1	886578	0.0000011
all	2094	3	886578	0.0000034
all	2095	1	886578	0.0000011
all	2096	1	886578	0.0000011
all	2098	4	886578	0.0000045
all	2101	2	886578	0.0000023
all	2102	2	886578	0.0000023
all	2103	2	886578	0.0000023
all	2105	3	886578	0.0000034
all	2106	1	886578	0.0000011
all	2107	5	886578	0.0000056
all	2109	1	886578	0.0000011
all	2110	3	886578	0.0000034
all	2111	1	886578	0.0000011
all	2114	1	886578	0.0000011
all	2116	3	886578	0.0000034
all	2117	1	886578	0.0000011
all	2118	4	886578	0.0000045
all	2119	2	886578	0.0000023
all	2120	1	886578	0.0000011
all	2121	1	886578	0.0000011
all	2122	2	886578	0.0000023
all	2124	1	886578	0.0000011
all	2126	2	886578	0.0000023
all	2127	2	886578	0.0000023
all	2129	5	886578	0.0000056
all	2130	1	886578	0.0000011
all	2131	1	886578	0.0000011
all	2132	1	886578	0.0000011
all	2133	2	886578	0.0000023
all	2136	1	886578	0.0000011
all	2137	2	886578	0.0000023
all	2138	1	886578	0.0000011
all	2139	3	886578	0.0000034
all	2140	5	886578	0.0000056
all	2141	5	886578	0.0000056
all	2142	1	886578	0.0000011
all	2143	2	886578	0.0000023
all	2144	4	886578	0.0000045
all	2145	5	886578	0.0000056
all	2146	3	886578	0.0000034
all	2147	1	886578	0.0000011
all	2149	2	886578	0.0000023
all	2150	3	886578	0.0000034
all	2151	1	886578	0.0000011
all	2152	1	886578	0.0000011
all	2154	1	886578	0.0000011
all	2155	1	886578	0.0000011
all	2156	2	886578	0.0000023
all	2157	2	886578	0.0000023
all	2158	4	886578	0.0000045
all	2159	1	886578	0.0000011
all	2160	1	886578	0.0000011
all	2161	1	886578	0.0000011
all	2162	3	886578	0.0000034
all	2163	2	886578	0.0000023
all	2164	3	886578	0.0000034
all	2166	4	886578	0.0000045
all	2167	1	886578	0.0000011
all	2168	2	886578	0.0000023
all	2170	1	886578	0.0000011
all	2171	2	886578	0.0000023
all	2173	2	886578	0.0000023
all	2174	1	886578	0.0000011
all	2175	1	886578	0.0000011
all	2176	2	886578	0.0000023
all	2178	2	886578	0.0000023
all	2179	3	886578	0.0000034
all	2180	1	886578	0.0000011
all	2181	3	886578	0.0000034
all	2182	2	886578	0.0000023
all	2183	2	886578	0.0000023
all	2185	1	886578	0.0000011
all	2186	2	886578	0.0000023
all	2187	1	886578	0.0000011
all	2188	2	886578	0.0000023
all	2189	3	886578	0.0000034
all	2190	1	886578	0.0000011
all	2191	2	886578	0.0000023
all	2192	1	886578	0.0000011
all	2193	3	886578	0.0000034
all	2196	1	886578	0.0000011
all	2197	1	886578	0.0000011
all	2198	3	886578	0.0000034
all	2200	2	886578	0.0000023
all	2202	1	886578	0.0000011
all	2204	1	886578	0.0000011
all	2205	1	886578	0.0000011
all	2206	3	886578	0.0000034
all	2209	2	886578	0.0000023
all	2210	3	886578	0.0000034
all	2211	1	886578	0.0000011
all	2212	5	886578	0.0000056
all	2213	1	886578	0.0000011
all	2214	1	886578	0.0000011
all	2219	2	886578	0.0000023
all	2220	1	886578	0.0000011
all	2222	2	886578	0.0000023
all	2223	1	886578	0.0000011
all	2224	1	886578	0.0000011
all	2225	2	886578	0.0000023
all	2226	2	886578	0.0000023
all	2227	2	886578	0.0000023
all	2228	2	886578	0.0000023
all	2230	1	886578	0.0000011
all	2233	2	886578	0.0000023
all	2234	1	886578	0.0000011
all	2236	1	886578	0.0000011
all	2237	1	886578	0.0000011
all	2238	1	886578	0.0000011
all	2241	3	886578	0.0000034
all	2242	2	886578	0.0000023
all	2244	1	886578	0.0000011
all	2246	5	886578	0.0000056
all	2247	1	886578	0.0000011
all	2248	2	886578	0.0000023
all	2250	1	886578	0.0000011
all	2253	1	886578	0.0000011
all	2257	2	886578	0.0000023
all	2259	1	886578	0.0000011
all	2260	1	886578	0.0000011
all	2261	1	886578	0.0000011
all	2262	2	886578	0.0000023
all	2263	1	886578	0.0000011
all	2264	3	886578	0.0000034
all	2267	2	886578	0.0000023
all	2268	1	886578	0.0000011
all	2269	4	886578	0.0000045
all	2271	1	886578	0.0000011
all	2272	2	886578	0.0000023
all	2273	4	886578	0.0000045
all	2274	2	886578	0.0000023
all	2277	1	886578	0.0000011
all	2278	1	886578	0.0000011
all	2279	1	886578	0.0000011
all	2280	2	886578	0.0000023
all	2283	5	886578	0.0000056
all	2286	1	886578	0.0000011
all	2287	1	886578	0.0000011
all	2288	1	886578	0.0000011
all	2289	1	886578	0.0000011
all	2290	1	886578	0.0000011
all	2291	1	886578	0.0000011
all	2293	1	886578	0.0000011
all	2294	1	886578	0.0000011
all	2296	1	886578	0.0000011
all	2297	2	886578	0.0000023
all	2298	4	886578	0.0000045
all	2299	2	886578	0.0000023
all	2307	2	886578	0.0000023
all	2308	1	886578	0.0000011
all	2310	1	886578	0.0000011
all	2311	2	886578	0.0000023
all	2312	1	886578	0.0000011
all	2313	1	886578	0.0000011
all	2314	1	886578	0.0000011
all	2315	1	886578	0.0000011
all	2316	2	886578	0.0000023
all	2318	3	886578	0.0000034
all	2320	1	886578	0.0000011
all	2322	1	886578	0.0000011
all	2324	1	886578	0.0000011
all	2325	1	886578	0.0000011
all	2327	2	886578	0.0000023
all	2328	1	886578	0.0000011
all	2329	1	886578	0.0000011
all	2330	2	886578	0.0000023
all	2332	2	886578	0.0000023
all	2333	3	886578	0.0000034
all	2338	1	886578	0.0000011
all	2339	1	886578	0.0000011
all	2342	1	886578	0.0000011
all	2343	1	886578	0.0000011
all	2345	1	886578	0.0000011
all	2347	3	886578	0.0000034
all	2348	1	886578	0.0000011
all	2349	1	886578	0.0000011
all	2350	4	886578	0.0000045
all	2351	1	886578	0.0000011
all	2352	1	886578	0.0000011
all	2354	2	886578	0.0000023
all	2358	4	886578	0.0000045
all	2361	1	886578	0.0000011
all	2362	2	886578	0.0000023
all	2363	1	886578	0.0000011
all	2364	3	886578	0.0000034
all	2365	2	886578	0.0000023
all	2369	2	886578	0.0000023
all	2372	1	886578	0.0000011
all	2373	1	886578	0.0000011
all	2375	2	886578	0.0000023
all	2376	1	886578	0.0000011
all	2377	1	886578	0.0000011
all	2380	1	886578	0.0000011
all	2381	1	886578	0.0000011
all	2382	3	886578	0.0000034
all	2383	1	886578	0.0000011
all	2385	3	886578	0.0000034
all	2387	1	886578	0.0000011
all	2389	3	886578	0.0000034
all	2390	3	886578	0.0000034
all	2391	1	886578	0.0000011
all	2393	1	886578	0.0000011
all	2394	2	886578	0.0000023
all	2395	4	886578	0.0000045
all	2396	1	886578	0.0000011
all	2397	3	886578	0.0000034
all	2398	1	886578	0.0000011
all	2399	3	886578	0.0000034
all	2401	1	886578	0.0000011
all	2402	2	886578	0.0000023
all	2404	1	886578	0.0000011
all	2406	1	886578	0.0000011
all	2408	1	886578	0.0000011
all	2409	2	886578	0.0000023
all	2410	2	886578	0.0000023
all	2411	1	886578	0.0000011
all	2412	1	886578	0.0000011
all	2413	2	886578	0.0000023
all	2414	2	886578	0.0000023
all	2415	1	886578	0.0000011
all	2416	2	886578	0.0000023
all	2417	1	886578	0.0000011
all	2418	2	886578	0.0000023
all	2419	1	886578	0.0000011
all	2420	4	886578	0.0000045
all	2421	4	886578	0.0000045
all	2425	2	886578	0.0000023
all	2427	2	886578	0.0000023
all	2428	3	886578	0.0000034
all	2429	2	886578	0.0000023
all	2430	1	886578	0.0000011
all	2431	4	886578	0.0000045
all	2432	4	886578	0.0000045
all	2433	2	886578	0.0000023
all	2435	4	886578	0.0000045
all	2436	3	886578	0.0000034
all	2437	1	886578	0.0000011
all	2438	1	886578	0.0000011
all	2439	3	886578	0.0000034
all	2440	2	886578	0.0000023
all	2441	1	886578	0.0000011
all	2442	3	886578	0.0000034
all	2443	3	886578	0.0000034
all	2444	1	886578	0.0000011
all	2445	2	886578	0.0000023
all	2446	2	886578	0.0000023
all	2447	1	886578	0.0000011
all	2448	1	886578	0.0000011
all	2449	1	886578	0.0000011
all	2450	1	886578	0.0000011
all	2452	2	886578	0.0000023
all	2454	1	886578	0.0000011
all	2456	1	886578	0.0000011
all	2459	1	886578	0.0000011
all	2461	1	886578	0.0000011
all	2462	2	886578	0.0000023
all	2464	2	886578	0.0000023
all	2465	1	886578	0.0000011
all	2467	2	886578	0.0000023
all	2469	2	886578	0.0000023
all	2470	1	886578	0.0000011
all	2472	1	886578	0.0000011
all	2474	2	886578	0.0000023
all	2475	1	886578	0.0000011
all	2476	2	886578	0.0000023
all	2479	2	886578	0.0000023
all	2483	2	886578	0.0000023
all	2484	1	886578	0.0000011
all	2486	2	886578	0.0000023
all	2488	2	886578	0.0000023
all	2493	1	886578	0.0000011
all	2495	2	886578	0.0000023
all	2496	1	886578	0.0000011
all	2497	1	886578	0.0000011
all	2501	1	886578	0.0000011
all	2503	2	886578	0.0000023
all	2504	1	886578	0.0000011
all	2505	1	886578	0.0000011
all	2506	1	886578	0.0000011
all	2507	1	886578	0.0000011
all	2509	2	886578	0.0000023
all	2510	1	886578	0.0000011
all	2511	1	886578	0.0000011
all	2512	1	886578	0.0000011
all	2513	1	886578	0.0000011
all	2517	1	886578	0.0000011
all	2518	1	886578	0.0000011
all	2519	2	886578	0.0000023
all	2523	1	886578	0.0000011
all	2525	1	886578	0.0000011
all	2526	3	886578	0.0000034
all	2530	1	886578	0.0000011
all	2532	1	886578	0.0000011
all	2533	2	886578	0.0000023
all	2534	1	886578	0.0000011
all	2536	1	886578	0.0000011
all	2539	1	886578	0.0000011
all	2540	2	886578	0.0000023
all	2544	4	886578	0.0000045
all	2545	1	886578	0.0000011
all	2548	1	886578	0.0000011
all	2549	2	886578	0.0000023
all	2550	2	886578	0.0000023
all	2551	2	886578	0.0000023
all	2552	1	886578	0.0000011
all	2553	1	886578	0.0000011
all	2555	1	886578	0.0000011
all	2557	1	886578	0.0000011
all	2558	2	886578	0.0000023
all	2559	2	886578	0.0000023
all	2560	1	886578	0.0000011
all	2561	1	886578	0.0000011
all	2562	1	886578	0.0000011
all	2563	1	886578	0.0000011
all	2564	1	886578	0.0000011
all	2565	2	886578	0.0000023
all	2566	1	886578	0.0000011
all	2568	2	886578	0.0000023
all	2570	1	886578	0.0000011
all	2573	2	886578	0.0000023
all	2574	1	886578	0.0000011
all	2577	2	886578	0.0000023
all	2579	3	886578	0.0000034
all	2580	1	886578	0.0000011
all	2581	1	886578	0.0000011
all	2582	1	886578	0.0000011
all	2583	2	886578	0.0000023
all	2585	3	886578	0.0000034
all	2586	2	886578	0.0000023
all	2588	1	886578	0.0000011
all	2589	2	886578	0.0000023
all	2590	1	886578	0.0000011
all	2592	2	886578	0.0000023
all	2593	2	886578	0.0000023
all	2594	1	886578	0.0000011
all	2595	1	886578	0.0000011
all	2596	1	886578	0.0000011
all	2597	3	886578	0.0000034
all	2598	1	886578	0.0000011
all	2600	2	886578	0.0000023
all	2605	1	886578	0.0000011
all	2608	1	886578	0.0000011
all	2609	1	886578	0.0000011
all	2611	2	886578	0.0000023
all	2612	2	886578	0.0000023
all	2613	2	886578	0.0000023
all	2615	1	886578	0.0000011
all	2616	1	886578	0.0000011
all	2617	2	886578	0.0000023
all	2619	1	886578	0.0000011
all	2620	1	886578	0.0000011
all	2622	3	886578	0.0000034
all	2629	1	886578	0.0000011
all	2631	1	886578	0.0000011
all	2632	2	886578	0.0000023
all	2633	2	886578	0.0000023
all	2636	1	886578	0.0000011
all	2637	1	886578	0.0000011
all	2638	1	886578	0.0000011
all	2639	2	886578	0.0000023
all	2642	2	886578	0.0000023
all	2645	2	886578	0.0000023
all	2647	1	886578	0.0000011
all	2653	2	886578	0.0000023
all	2655	1	886578	0.0000011
all	2657	1	886578	0.0000011
all	2660	1	886578	0.0000011
all	2663	2	886578	0.0000023
all	2664	2	886578	0.0000023
all	2665	2	886578	0.0000023
all	2667	3	886578	0.0000034
all	2671	1	886578	0.0000011
all	2672	2	886578	0.0000023
all	2673	2	886578	0.0000023
all	2674	1	886578	0.0000011
all	2679	1	886578	0.0000011
all	2680	3	886578	0.0000034
all	2682	2	886578	0.0000023
all	2683	1	886578	0.0000011
all	2684	1	886578	0.0000011
all	2686	2	886578	0.0000023
all	2687	1	886578	0.0000011
all	2688	2	886578	0.0000023
all	2691	1	886578	0.0000011
all	2693	1	886578	0.0000011
all	2695	1	886578	0.0000011
all	2696	1	886578	0.0000011
all	2697	1	886578	0.0000011
all	2698	1	886578	0.0000011
all	2699	2	886578	0.0000023
all	2703	1	886578	0.0000011
all	2705	2	886578	0.0000023
all	2706	2	886578	0.0000023
all	2707	2	886578	0.0000023
all	2709	1	886578	0.0000011
all	2713	1	886578	0.0000011
all	2714	2	886578	0.0000023
all	2715	2	886578	0.0000023
all	2722	2	886578	0.0000023
all	2723	1	886578	0.0000011
all	2724	1	886578	0.0000011
all	2726	1	886578	0.0000011
all	2727	2	886578	0.0000023
all	2728	1	886578	0.0000011
all	2730	3	886578	0.0000034
all	2731	1	886578	0.0000011
all	2732	3	886578	0.0000034
all	2733	1	886578	0.0000011
all	2734	1	886578	0.0000011
all	2735	1	886578	0.0000011
all	2737	2	886578	0.0000023
all	2741	3	886578	0.0000034
all	2744	1	886578	0.0000011
all	2745	1	886578	0.0000011
all	2748	2	886578	0.0000023
all	2749	2	886578	0.0000023
all	2750	2	886578	0.0000023
all	2751	1	886578	0.0000011
all	2752	2	886578	0.0000023
all	2753	1	886578	0.0000011
all	2754	1	886578	0.0000011
all	2755	1	886578	0.0000011
all	2758	4	886578	0.0000045
all	2761	1	886578	0.0000011
all	2763	1	886578	0.0000011
all	2764	1	886578	0.0000011
all	2767	2	886578	0.0000023
all	2770	1	886578	0.0000011
all	2773	3	886578	0.0000034
all	2774	1	886578	0.0000011
all	2775	1	886578	0.0000011
all	2776	2	886578	0.0000023
all	2777	1	886578	0.0000011
all	2781	1	886578	0.0000011
all	2782	1	886578	0.0000011
all	2784	1	886578	0.0000011
all	2786	1	886578	0.0000011
all	2787	2	886578	0.0000023
all	2789	1	886578	0.0000011
all	2792	1	886578	0.0000011
all	2797	2	886578	0.0000023
all	2799	1	886578	0.0000011
all	2800	1	886578	0.0000011
all	2801	1	886578	0.0000011
all	2802	1	886578	0.0000011
all	2803	1	886578	0.0000011
all	2804	1	886578	0.0000011
all	2805	1	886578	0.0000011
all	2806	1	886578	0.0000011
all	2809	1	886578	0.0000011
all	2811	1	886578	0.0000011
all	2813	1	886578	0.0000011
all	2814	2	886578	0.0000023
all	2816	1	886578	0.0000011
all	2822	1	886578	0.0000011
all	2823	1	886578	0.0000011
all	2824	1	886578	0.0000011
all	2825	1	886578	0.0000011
all	2828	4	886578	0.0000045
all	2830	1	886578	0.0000011
all	2831	1	886578	0.0000011
all	2833	2	886578	0.0000023
all	2834	1	886578	0.0000011
all	2839	1	886578	0.0000011
all	2840	2	886578	0.0000023
all	2841	2	886578	0.0000023
all	2842	1	886578	0.0000011
all	2845	1	886578	0.0000011
all	2846	2	886578	0.0000023
all	2848	1	886578	0.0000011
all	2853	1	886578	0.0000011
all	2854	1	886578	0.0000011
all	2855	1	886578	0.0000011
all	2858	2	886578	0.0000023
all	2860	1	886578	0.0000011
all	2861	2	886578	0.0000023
all	2865	2	886578	0.0000023
all	2866	1	886578	0.0000011
all	2867	2	886578	0.0000023
all	2870	1	886578	0.0000011
all	2875	3	886578	0.0000034
all	2877	1	886578	0.0000011
all	2878	1	886578	0.0000011
all	2879	1	886578	0.0000011
all	2880	2	886578	0.0000023
all	2882	1	886578	0.0000011
all	2883	1	886578	0.0000011
all	2885	2	886578	0.0000023
all	2887	2	886578	0.0000023
all	2888	1	886578	0.0000011
all	2893	2	886578	0.0000023
all	2894	2	886578	0.0000023
all	2899	2	886578	0.0000023
all	2900	3	886578	0.0000034
all	2904	2	886578	0.0000023
all	2905	1	886578	0.0000011
all	2906	1	886578	0.0000011
all	2907	1	886578	0.0000011
all	2908	1	886578	0.0000011
all	2911	2	886578	0.0000023
all	2912	2	886578	0.0000023
all	2914	2	886578	0.0000023
all	2916	1	886578	0.0000011
all	2917	1	886578	0.0000011
all	2918	1	886578	0.0000011
all	2919	1	886578	0.0000011
all	2921	1	886578	0.0000011
all	2926	2	886578	0.0000023
all	2927	2	886578	0.0000023
all	2928	2	886578	0.0000023
all	2930	1	886578	0.0000011
all	2931	1	886578	0.0000011
all	2932	2	886578	0.0000023
all	2933	1	886578	0.0000011
all	2935	1	886578	0.0000011
all	2936	1	886578	0.0000011
all	2938	2	886578	0.0000023
all	2939	2	886578	0.0000023
all	2940	3	886578	0.0000034
all	2941	1	886578	0.0000011
all	2942	1	886578	0.0000011
all	2944	2	886578	0.0000023
all	2945	1	886578	0.0000011
all	2946	2	886578	0.0000023
all	2947	2	886578	0.0000023
all	2949	2	886578	0.0000023
all	2950	2	886578	0.0000023
all	2952	1	886578	0.0000011
all	2953	1	886578	0.0000011
all	2955	1	886578	0.0000011
all	2956	2	886578	0.0000023
all	2957	2	886578	0.0000023
all	2958	1	886578	0.0000011
all	2963	2	886578	0.0000023
all	2964	1	886578	0.0000011
all	2966	3	886578	0.0000034
all	2967	2	886578	0.0000023
all	2969	1	886578	0.0000011
all	2970	2	886578	0.0000023
all	2972	1	886578	0.0000011
all	2973	1	886578	0.0000011
all	2976	2	886578	0.0000023
all	2978	1	886578	0.0000011
all	2979	3	886578	0.0000034
all	2980	1	886578	0.0000011
all	2982	1	886578	0.0000011
all	2983	2	886578	0.0000023
all	2985	2	886578	0.0000023
all	2990	2	886578	0.0000023
all	2991	1	886578	0.0000011
all	2994	1	886578	0.0000011
all	2995	2	886578	0.0000023
all	2996	1	886578	0.0000011
all	2999	1	886578	0.0000011
all	3002	1	886578	0.0000011
all	3004	1	886578	0.0000011
all	3005	1	886578	0.0000011
all	3007	1	886578	0.0000011
all	3011	1	886578	0.0000011
all	3013	1	886578	0.0000011
all	3014	1	886578	0.0000011
all	3015	1	886578	0.0000011
all	3016	1	886578	0.0000011
all	3018	1	886578	0.0000011
all	3019	1	886578	0.0000011
all	3020	1	886578	0.0000011
all	3021	2	886578	0.0000023
all	3026	1	886578	0.0000011
all	3028	1	886578	0.0000011
all	3033	2	886578	0.0000023
all	3035	1	886578	0.0000011
all	3036	1	886578	0.0000011
all	3037	1	886578	0.0000011
all	3039	1	886578	0.0000011
all	3042	1	886578	0.0000011
all	3043	1	886578	0.0000011
all	3044	1	886578	0.0000011
all	3045	1	886578	0.0000011
all	3048	1	886578	0.0000011
all	3049	2	886578	0.0000023
all	3050	1	886578	0.0000011
all	3053	1	886578	0.0000011
all	3054	1	886578	0.0000011
all	3055	2	886578	0.0000023
all	3059	1	886578	0.0000011
all	3064	1	886578	0.0000011
all	3066	1	886578	0.0000011
all	3067	2	886578	0.0000023
all	3069	2	886578	0.0000023
all	3070	1	886578	0.0000011
all	3071	1	886578	0.0000011
all	3075	1	886578	0.0000011
all	3078	1	886578	0.0000011
all	3079	1	886578	0.0000011
all	3085	1	886578	0.0000011
all	3089	1	886578	0.0000011
all	3091	1	886578	0.0000011
all	3093	1	886578	0.0000011
all	3095	1	886578	0.0000011
all	3096	1	886578	0.0000011
all	3098	2	886578	0.0000023
all	3099	1	886578	0.0000011
all	3104	1	886578	0.0000011
all	3105	1	886578	0.0000011
all	3106	1	886578	0.0000011
all	3107	2	886578	0.0000023
all	3109	1	886578	0.0000011
all	3110	1	886578	0.0000011
all	3111	2	886578	0.0000023
all	3112	1	886578	0.0000011
all	3113	1	886578	0.0000011
all	3118	1	886578	0.0000011
all	3119	1	886578	0.0000011
all	3123	2	886578	0.0000023
all	3128	1	886578	0.0000011
all	3130	1	886578	0.0000011
all	3131	1	886578	0.0000011
all	3133	1	886578	0.0000011
all	3134	2	886578	0.0000023
all	3139	1	886578	0.0000011
all	3140	1	886578	0.0000011
all	3142	1	886578	0.0000011
all	3143	2	886578	0.0000023
all	3146	1	886578	0.0000011
all	3147	1	886578	0.0000011
all	3148	1	886578	0.0000011
all	3151	2	886578	0.0000023
all	3154	1	886578	0.0000011
all	3158	1	886578	0.0000011
all	3161	2	886578	0.0000023
all	3162	1	886578	0.0000011
all	3163	1	886578	0.0000011
all	3169	1	886578	0.0000011
all	3170	2	886578	0.0000023
all	3173	1	886578	0.0000011
all	3174	1	886578	0.0000011
all	3177	1	886578	0.0000011
all	3178	1	886578	0.0000011
all	3184	1	886578	0.0000011
all	3187	1	886578	0.0000011
all	3192	1	886578	0.0000011
all	3195	2	886578	0.0000023
all	3198	1	886578	0.0000011
all	3199	2	886578	0.0000023
all	3203	1	886578	0.0000011
all	3204	2	886578	0.0000023
all	3209	1	886578	0.0000011
all	3214	1	886578	0.0000011
all	3215	2	886578	0.0000023
all	3216	1	886578	0.0000011
all	3218	1	886578	0.0000011
all	3223	1	886578	0.0000011
all	3224	2	886578	0.0000023
all	3226	1	886578	0.0000011
all	3228	1	886578	0.0000011
all	3231	1	886578	0.0000011
all	3235	1	886578	0.0000011
all	3236	1	886578	0.0000011
all	3238	1	886578	0.0000011
all	3241	1	886578	0.0000011
all	3244	1	886578	0.0000011
all	3247	1	886578	0.0000011
all	3248	1	886578	0.0000011
all	3250	2	886578	0.0000023
all	3251	1	886578	0.0000011
all	3253	1	886578	0.0000011
all	3254	1	886578	0.0000011
all	3257	1	886578	0.0000011
all	3258	1	886578	0.0000011
all	3259	1	886578	0.0000011
all	3262	1	886578	0.0000011
all	3263	1	886578	0.0000011
all	3265	1	886578	0.0000011
all	3266	1	886578	0.0000011
all	3269	1	886578	0.0000011
all	3270	1	886578	0.0000011
all	3273	1	886578	0.0000011
all	3276	2	886578	0.0000023
all	3277	1	886578	0.0000011
all	3278	1	886578	0.0000011
all	3279	2	886578	0.0000023
all	3281	2	886578	0.0000023
all	3285	2	886578	0.0000023
all	3287	1	886578	0.0000011
all	3291	1	886578	0.0000011
all	3293	2	886578	0.0000023
all	3296	3	886578	0.0000034
all	3297	1	886578	0.0000011
all	3300	1	886578	0.0000011
all	3301	1	886578	0.0000011
all	3302	1	886578	0.0000011
all	3303	1	886578	0.0000011
all	3308	1	886578	0.0000011
all	3310	2	886578	0.0000023
all	3312	1	886578	0.0000011
all	3313	1	886578	0.0000011
all	3317	1	886578	0.0000011
all	3318	2	886578	0.0000023
all	3319	2	886578	0.0000023
all	3321	2	886578	0.0000023
all	3322	1	886578	0.0000011
all	3324	1	886578	0.0000011
all	3325	3	886578	0.0000034
all	3327	1	886578	0.0000011
all	3333	1	886578	0.0000011
all	3335	1	886578	0.0000011
all	3337	2	886578	0.0000023
all	3339	1	886578	0.0000011
all	3341	1	886578	0.0000011
all	3342	1	886578	0.0000011
all	3344	1	886578	0.0000011
all	3347	2	886578	0.0000023
all	3349	1	886578	0.0000011
all	3350	1	886578	0.0000011
all	3351	1	886578	0.0000011
all	3352	1	886578	0.0000011
all	3353	1	886578	0.0000011
all	3355	1	886578	0.0000011
all	3356	1	886578	0.0000011
all	3361	2	886578	0.0000023
all	3364	1	886578	0.0000011
all	3365	1	886578	0.0000011
all	3366	2	886578	0.0000023
all	3372	1	886578	0.0000011
all	3373	1	886578	0.0000011
all	3376	2	886578	0.0000023
all	3377	1	886578	0.0000011
all	3379	1	886578	0.0000011
all	3382	1	886578	0.0000011
all	3386	1	886578	0.0000011
all	3388	1	886578	0.0000011
all	3390	1	886578	0.0000011
all	3391	1	886578	0.0000011
all	3392	1	886578	0.0000011
all	3393	1	886578	0.0000011
all	3396	1	886578	0.0000011
all	3397	1	886578	0.0000011
all	3402	1	886578	0.0000011
all	3403	1	886578	0.0000011
all	3407	1	886578	0.0000011
all	3408	2	886578	0.0000023
all	3411	1	886578	0.0000011
all	3413	1	886578	0.0000011
all	3414	1	886578	0.0000011
all	3416	1	886578	0.0000011
all	3417	1	886578	0.0000011
all	3419	1	886578	0.0000011
all	3421	1	886578	0.0000011
all	3423	1	886578	0.0000011
all	3424	1	886578	0.0000011
all	3431	1	886578	0.0000011
all	3432	2	886578	0.0000023
all	3433	2	886578	0.0000023
all	3435	2	886578	0.0000023
all	3441	1	886578	0.0000011
all	3444	2	886578	0.0000023
all	3445	1	886578	0.0000011
all	3447	1	886578	0.0000011
all	3450	1	886578	0.0000011
all	3455	1	886578	0.0000011
all	3458	1	886578	0.0000011
all	3462	1	886578	0.0000011
all	3464	2	886578	0.0000023
all	3466	1	886578	0.0000011
all	3467	1	886578	0.0000011
all	3468	1	886578	0.0000011
all	3470	1	886578	0.0000011
all	3471	1	886578	0.0000011
all	3475	1	886578	0.0000011
all	3480	1	886578	0.0000011
all	3483	3	886578	0.0000034
all	3488	1	886578	0.0000011
all	3492	1	886578	0.0000011
all	3495	1	886578	0.0000011
all	3497	1	886578	0.0000011
all	3498	1	886578	0.0000011
all	3501	1	886578	0.0000011
all	3502	1	886578	0.0000011
all	3506	2	886578	0.0000023
all	3508	1	886578	0.0000011
all	3509	1	886578	0.0000011
all	3511	1	886578	0.0000011
all	3514	1	886578	0.0000011
all	3515	1	886578	0.0000011
all	3517	1	886578	0.0000011
all	3518	2	886578	0.0000023
all	3519	2	886578	0.0000023
all	3520	2	886578	0.0000023
all	3521	2	886578	0.0000023
all	3523	1	886578	0.0000011
all	3524	1	886578	0.0000011
all	3526	2	886578	0.0000023
all	3527	1	886578	0.0000011
all	3531	1	886578	0.0000011
all	3533	1	886578	0.0000011
all	3535	1	886578	0.0000011
all	3537	1	886578	0.0000011
all	3539	2	886578	0.0000023
all	3541	1	886578	0.0000011
all	3543	1	886578	0.0000011
all	3545	1	886578	0.0000011
all	3546	1	886578	0.0000011
all	3552	1	886578	0.0000011
all	3554	1	886578	0.0000011
all	3555	1	886578	0.0000011
all	3556	2	886578	0.0000023
all	3558	1	886578	0.0000011
all	3559	2	886578	0.0000023
all	3561	1	886578	0.0000011
all	3563	2	886578	0.0000023
all	3567	1	886578	0.0000011
all	3568	1	886578	0.0000011
all	3569	2	886578	0.0000023
all	3572	1	886578	0.0000011
all	3573	1	886578	0.0000011
all	3574	2	886578	0.0000023
all	3579	1	886578	0.0000011
all	3581	2	886578	0.0000023
all	3582	2	886578	0.0000023
all	3583	1	886578	0.0000011
all	3586	1	886578	0.0000011
all	3588	1	886578	0.0000011
all	3590	3	886578	0.0000034
all	3592	3	886578	0.0000034
all	3593	1	886578	0.0000011
all	3597	2	886578	0.0000023
all	3600	1	886578	0.0000011
all	3601	1	886578	0.0000011
all	3602	1	886578	0.0000011
all	3603	2	886578	0.0000023
all	3605	1	886578	0.0000011
all	3607	2	886578	0.0000023
all	3608	2	886578	0.0000023
all	3609	1	886578	0.0000011
all	3611	1	886578	0.0000011
all	3612	1	886578	0.0000011
all	3613	1	886578	0.0000011
all	3616	1	886578	0.0000011
all	3617	2	886578	0.0000023
all	3618	1	886578	0.0000011
all	3622	1	886578	0.0000011
all	3626	3	886578	0.0000034
all	3628	2	886578	0.0000023
all	3629	2	886578	0.0000023
all	3630	1	886578	0.0000011
all	3632	1	886578	0.0000011
all	3635	1	886578	0.0000011
all	3636	3	886578	0.0000034
all	3639	2	886578	0.0000023
all	3640	3	886578	0.0000034
all	3646	1	886578	0.0000011
all	3650	2	886578	0.0000023
all	3652	1	886578	0.0000011
all	3655	1	886578	0.0000011
all	3656	1	886578	0.0000011
all	3657	2	886578	0.0000023
all	3658	1	886578	0.0000011
all	3659	2	886578	0.0000023
all	3660	2	886578	0.0000023
all	3661	1	886578	0.0000011
all	3664	1	886578	0.0000011
all	3667	2	886578	0.0000023
all	3668	2	886578	0.0000023
all	3669	2	886578	0.0000023
all	3672	1	886578	0.0000011
all	3674	1	886578	0.0000011
all	3676	1	886578	0.0000011
all	3677	2	886578	0.0000023
all	3678	5	886578	0.0000056
all	3679	2	886578	0.0000023
all	3680	2	886578	0.0000023
all	3681	2	886578	0.0000023
all	3683	2	886578	0.0000023
all	3684	1	886578	0.0000011
all	3685	2	886578	0.0000023
all	3686	1	886578	0.0000011
all	3687	2	886578	0.0000023
all	3688	1	886578	0.0000011
all	3689	1	886578	0.0000011
all	3690	1	886578	0.0000011
all	3692	2	886578	0.0000023
all	3693	1	886578	0.0000011
all	3695	1	886578	0.0000011
all	3696	2	886578	0.0000023
all	3698	2	886578	0.0000023
all	3699	1	886578	0.0000011
all	3700	1	886578	0.0000011
all	3701	1	886578	0.0000011
all	3703	1	886578	0.0000011
all	3704	2	886578	0.0000023
all	3705	1	886578	0.0000011
all	3706	5	886578	0.0000056
all	3708	3	886578	0.0000034
all	3709	4	886578	0.0000045
all	3710	1	886578	0.0000011
all	3711	4	886578	0.0000045
all	3712	1	886578	0.0000011
all	3713	1	886578	0.0000011
all	3715	4	886578	0.0000045
all	3718	2	886578	0.0000023
all	3719	2	886578	0.0000023
all	3720	1	886578	0.0000011
all	3722	3	886578	0.0000034
all	3723	1	886578	0.0000011
all	3724	3	886578	0.0000034
all	3726	1	886578	0.0000011
all	3727	1	886578	0.0000011
all	3730	2	886578	0.0000023
all	3732	2	886578	0.0000023
all	3733	3	886578	0.0000034
all	3734	2	886578	0.0000023
all	3736	3	886578	0.0000034
all	3737	5	886578	0.0000056
all	3738	1	886578	0.0000011
all	3739	3	886578	0.0000034
all	3740	4	886578	0.0000045
all	3741	2	886578	0.0000023
all	3742	1	886578	0.0000011
all	3744	2	886578	0.0000023
all	3745	3	886578	0.0000034
all	3747	3	886578	0.0000034
all	3748	1	886578	0.0000011
all	3749	2	886578	0.0000023
all	3752	2	886578	0.0000023
all	3754	1	886578	0.0000011
all	3756	1	886578	0.0000011
all	3762	1	886578	0.0000011
all	3767	2	886578	0.0000023
all	3771	1	886578	0.0000011
all	3776	1	886578	0.0000011
all	3780	1	886578	0.0000011
all	3783	2	886578	0.0000023
all	3784	1	886578	0.0000011
all	3786	2	886578	0.0000023
all	3790	1	886578	0.0000011
all	3799	1	886578	0.0000011
all	3800	1	886578	0.0000011
all	3805	1	886578	0.0000011
all	3808	1	886578	0.0000011
all	3815	1	886578	0.0000011
all	3818	1	886578	0.0000011
all	3819	2	886578	0.0000023
all	3829	1	886578	0.0000011
all	3832	1	886578	0.0000011
all	3833	1	886578	0.0000011
all	3838	1	886578	0.0000011
all	3842	1	886578	0.0000011
all	3845	1	886578	0.0000011
all	3852	2	886578	0.0000023
all	3860	1	886578	0.0000011
all	3864	1	886578	0.0000011
all	3867	1	886578	0.0000011
all	3870	1	886578	0.0000011
all	3871	1	886578	0.0000011
all	3874	1	886578	0.0000011
all	3875	2	886578	0.0000023
all	3877	1	886578	0.0000011
all	3888	1	886578	0.0000011
all	3889	1	886578	0.0000011
all	3906	1	886578	0.0000011
all	3910	1	886578	0.0000011
all	3911	1	886578	0.0000011
all	3916	1	886578	0.0000011
all	3917	1	886578	0.0000011
all	3919	1	886578	0.0000011
all	3921	1	886578	0.0000011
all	3923	1	886578	0.0000011
all	3926	1	886578	0.0000011
all	3937	1	886578	0.0000011
all	3940	1	886578	0.0000011
all	3942	1	886578	0.0000011
all	3946	1	886578	0.0000011
all	3947	1	886578	0.0000011
all	3948	1	886578	0.0000011
all	3949	1	886578	0.0000011
all	3950	1	886578	0.0000011
all	3959	1	886578	0.0000011
all	3960	1	886578	0.0000011
all	3961	2	886578	0.0000023
all	3962	1	886578	0.0000011
all	3964	1	886578	0.0000011
all	3970	2	886578	0.0000023
all	3974	1	886578	0.0000011
all	3975	1	886578	0.0000011
all	3977	1	886578	0.0000011
all	3982	1	886578	0.0000011
all	3993	1	886578	0.0000011
all	3994	1	886578	0.0000011
all	3999	2	886578	0.0000023
all	4001	1	886578	0.0000011
all	4004	1	886578	0.0000011
all	4009	1	886578	0.0000011
all	4015	1	886578	0.0000011
all	4016	1	886578	0.0000011
all	4020	1	886578	0.0000011
all	4021	1	886578	0.0000011
all	4032	1	886578	0.0000011
all	4035	2	886578	0.0000023
all	4039	1	886578	0.0000011
all	4047	1	886578	0.0000011
all	4050	1	886578	0.0000011
all	4054	2	886578	0.0000023
all	4063	1	886578	0.0000011
all	4065	1	886578	0.0000011
all	4068	1	886578	0.0000011
all	4070	1	886578	0.0000011
all	4072	1	886578	0.0000011
all	4076	1	886578	0.0000011
all	4077	1	886578	0.0000011
all	4078	1	886578	0.0000011
all	4079	1	886578	0.0000011
all	4085	1	886578	0.0000011
all	4094	2	886578	0.0000023
all	4099	1	886578	0.0000011
all	4100	1	886578	0.0000011
all	4103	1	886578	0.0000011
all	4104	1	886578	0.0000011
all	4108	1	886578	0.0000011
all	4110	1	886578	0.0000011
all	4112	1	886578	0.0000011
all	4115	1	886578	0.0000011
all	4117	1	886578	0.0000011
all	4126	1	886578	0.0000011
all	4127	1	886578	0.0000011
all	4141	1	886578	0.0000011
all	4143	1	886578	0.0000011
all	4146	1	886578	0.0000011
all	4159	3	886578	0.0000034
all	4171	1	886578	0.0000011
all	4173	1	886578	0.0000011
all	4177	1	886578	0.0000011
all	4192	1	886578	0.0000011
all	4199	2	886578	0.0000023
all	4200	1	886578	0.0000011
all	4206	1	886578	0.0000011
all	4208	1	886578	0.0000011
all	4211	1	886578	0.0000011
all	4220	1	886578	0.0000011
all	4223	1	886578	0.0000011
all	4224	1	886578	0.0000011
all	4226	1	886578	0.0000011
all	4227	1	886578	0.0000011
all	4230	1	886578	0.0000011
all	4235	1	886578	0.0000011
all	4246	1	886578	0.0000011
all	4267	1	886578	0.0000011
all	4274	1	886578	0.0000011
all	4281	1	886578	0.0000011
all	4283	1	886578	0.0000011
all	4288	1	886578	0.0000011
all	4299	1	886578	0.0000011
all	4305	1	886578	0.0000011
all	4322	1	886578	0.0000011
all	4325	1	886578	0.0000011
all	4330	1	886578	0.0000011
all	4335	1	886578	0.0000011
all	4350	1	886578	0.0000011
all	4352	1	886578	0.0000011
all	4362	1	886578	0.0000011
all	4363	1	886578	0.0000011
all	4370	1	886578	0.0000011
all	4373	1	886578	0.0000011
all	4382	1	886578	0.0000011
all	4394	1	886578	0.0000011
all	4401	1	886578	0.0000011
all	4406	1	886578	0.0000011
all	4410	1	886578	0.0000011
all	4413	1	886578	0.0000011
all	4424	2	886578	0.0000023
all	4429	1	886578	0.0000011
all	4433	1	886578	0.0000011
all	4439	1	886578	0.0000011
all	4441	1	886578	0.0000011
all	4444	2	886578	0.0000023
all	4447	1	886578	0.0000011
all	4452	2	886578	0.0000023
all	4456	2	886578	0.0000023
all	4473	1	886578	0.0000011
all	4488	1	886578	0.0000011
all	4493	1	886578	0.0000011
all	4497	1	886578	0.0000011
all	4512	1	886578	0.0000011
all	4513	1	886578	0.0000011
all	4516	1	886578	0.0000011
all	4532	1	886578	0.0000011
all	4535	1	886578	0.0000011
all	4539	1	886578	0.0000011
all	4543	1	886578	0.0000011
all	4546	1	886578	0.0000011
all	4562	1	886578	0.0000011
all	4564	1	886578	0.0000011
all	4573	1	886578	0.0000011
all	4576	1	886578	0.0000011
all	4577	1	886578	0.0000011
all	4581	1	886578	0.0000011
all	4583	1	886578	0.0000011
all	4584	2	886578	0.0000023
all	4592	1	886578	0.0000011
all	4594	1	886578	0.0000011
all	4595	1	886578	0.0000011
all	4610	1	886578	0.0000011
all	4612	1	886578	0.0000011
all	4617	1	886578	0.0000011
all	4618	1	886578	0.0000011
all	4631	1	886578	0.0000011
all	4646	1	886578	0.0000011
all	4647	2	886578	0.0000023
all	4652	1	886578	0.0000011
all	4654	1	886578	0.0000011
all	4655	1	886578	0.0000011
all	4663	1	886578	0.0000011
all	4671	1	886578	0.0000011
all	4672	1	886578	0.0000011
all	4675	2	886578	0.0000023
all	4690	1	886578	0.0000011
all	4698	1	886578	0.0000011
all	4701	1	886578	0.0000011
all	4704	1	886578	0.0000011
all	4715	1	886578	0.0000011
all	4716	1	886578	0.0000011
all	4718	1	886578	0.0000011
all	4721	1	886578	0.0000011
all	4724	1	886578	0.0000011
all	4725	1	886578	0.0000011
all	4738	1	886578	0.0000011
all	4742	1	886578	0.0000011
all	4752	2	886578	0.0000023
all	4756	1	886578	0.0000011
all	4764	1	886578	0.0000011
all	4771	1	886578	0.0000011
all	4775	1	886578	0.0000011
all	4782	1	886578	0.0000011
all	4787	1	886578	0.0000011
all	4793	1	886578	0.0000011
all	4804	1	886578	0.0000011
all	4807	1	886578	0.0000011
all	4810	1	886578	0.0000011
all	4811	1	886578	0.0000011
all	4819	1	886578	0.0000011
all	4821	1	886578	0.0000011
all	4826	1	886578	0.0000011
all	4828	1	886578	0.0000011
all	4831	1	886578	0.0000011
all	4832	1	886578	0.0000011
all	4837	1	886578	0.0000011
all	4838	1	886578	0.0000011
all	4840	1	886578	0.0000011
all	4845	2	886578	0.0000023
all	4851	1	886578	0.0000011
all	4852	1	886578	0.0000011
all	4859	1	886578	0.0000011
all	4860	1	886578	0.0000011
all	4862	1	886578	0.0000011
all	4868	1	886578	0.0000011
all	4876	1	886578	0.0000011
all	4878	1	886578	0.0000011
all	4882	1	886578	0.0000011
all	4887	1	886578	0.0000011
all	4891	1	886578	0.0000011
all	4894	1	886578	0.0000011
all	4897	1	886578	0.0000011
all	4899	1	886578	0.0000011
all	4903	2	886578	0.0000023
all	4907	1	886578	0.0000011
all	4910	1	886578	0.0000011
all	4911	1	886578	0.0000011
all	4912	1	886578	0.0000011
all	4914	1	886578	0.0000011
all	4919	1	886578	0.0000011
all	4927	1	886578	0.0000011
all	4930	1	886578	0.0000011
all	4933	1	886578	0.0000011
all	4937	1	886578	0.0000011
all	4938	1	886578	0.0000011
all	4942	1	886578	0.0000011
all	4945	2	886578	0.0000023
all	4947	1	886578	0.0000011
all	4950	1	886578	0.0000011
all	4951	1	886578	0.0000011
all	4952	1	886578	0.0000011
all	4975	2	886578	0.0000023
all	4977	1	886578	0.0000011
all	4995	1	886578	0.0000011
all	4996	1	886578	0.0000011
all	5010	1	886578	0.0000011
all	5016	1	886578	0.0000011
all	5032	1	886578	0.0000011
all	5040	1	886578	0.0000011
all	5045	1	886578	0.0000011
all	5048	1	886578	0.0000011
all	5052	1	886578	0.0000011
all	5053	1	886578	0.0000011
all	5075	1	886578	0.0000011
all	5079	1	886578	0.0000011
all	5084	1	886578	0.0000011
all	5105	1	886578	0.0000011
all	5111	1	886578	0.0000011
all	5115	1	886578	0.0000011
all	5126	1	886578	0.0000011
all	5129	2	886578	0.0000023
all	5138	1	886578	0.0000011
all	5146	1	886578	0.0000011
all	5149	1	886578	0.0000011
all	5154	1	886578	0.0000011
all	5158	1	886578	0.0000011
all	5163	1	886578	0.0000011
all	5165	1	886578	0.0000011
all	5173	1	886578	0.0000011
all	5183	1	886578	0.0000011
all	5184	1	886578	0.0000011
all	5200	1	886578	0.0000011
all	5219	2	886578	0.0000023
all	5225	2	886578	0.0000023
all	5228	1	886578	0.0000011
all	5241	2	886578	0.0000023
all	5247	1	886578	0.0000011
all	5248	1	886578	0.0000011
all	5258	1	886578	0.0000011
all	5260	1	886578	0.0000011
all	5278	1	886578	0.0000011
all	5285	1	886578	0.0000011
all	5288	1	886578	0.0000011
all	5295	1	886578	0.0000011
all	5307	1	886578	0.0000011
all	5322	1	886578	0.0000011
all	5324	1	886578	0.0000011
all	5325	1	886578	0.0000011
all	5326	1	886578	0.0000011
all	5360	1	886578	0.0000011
all	5379	1	886578	0.0000011
all	5383	1	886578	0.0000011
all	5393	1	886578	0.0000011
all	5399	1	886578	0.0000011
all	5403	1	886578	0.0000011
all	5408	1	886578	0.0000011
all	5417	1	886578	0.0000011
all	5425	1	886578	0.0000011
all	5451	1	886578	0.0000011
all	5460	1	886578	0.0000011
all	5470	1	886578	0.0000011
all	5493	1	886578	0.0000011
all	5513	1	886578	0.0000011
all	5515	1	886578	0.0000011
all	5516	1	886578	0.0000011
all	5535	1	886578	0.0000011
all	5558	1	886578	0.0000011
all	5571	1	886578	0.0000011
all	5576	1	886578	0.0000011
all	5588	1	886578	0.0000011
all	5599	1	886578	0.0000011
all	5611	1	886578	0.0000011
all	5622	1	886578	0.0000011
all	5637	1	886578	0.0000011
all	5641	1	886578	0.0000011
all	5645	1	886578	0.0000011
all	5671	1	886578	0.0000011
all	5687	1	886578	0.0000011
all	5693	1	886578	0.0000011
all	5716	1	886578	0.0000011
all	5750	1	886578	0.0000011
all	5764	1	886578	0.0000011
all	5771	1	886578	0.0000011
all	5774	1	886578	0.0000011
all	5792	1	886578	0.0000011
all	5807	1	886578	0.0000011
all	5816	1	886578	0.0000011
all	5834	1	886578	0.0000011
all	5837	1	886578	0.0000011
all	5849	1	886578	0.0000011
all	5877	1	886578	0.0000011
all	5882	1	886578	0.0000011
all	5885	1	886578	0.0000011
all	5899	1	886578	0.0000011
all	5910	1	886578	0.0000011
all	5931	1	886578	0.0000011
all	5950	1	886578	0.0000011
all	5957	1	886578	0.0000011
all	5970	1	886578	0.0000011
all	5980	1	886578	0.0000011
all	6006	1	886578	0.0000011
all	6017	1	886578	0.0000011
all	6050	1	886578	0.0000011
all	6056	1	886578	0.0000011
all	6068	1	886578	0.0000011
all	6087	1	886578	0.0000011
all	6093	1	886578	0.0000011
all	6094	1	886578	0.0000011
all	6141	1	886578	0.0000011
all	6144	1	886578	0.0000011
all	6173	1	886578	0.0000011
all	6175	1	886578	0.0000011
all	6176	1	886578	0.0000011
all	6208	1	886578	0.0000011
all	6211	1	886578	0.0000011
all	6214	1	886578	0.0000011
all	6230	1	886578	0.0000011
all	6231	1	886578	0.0000011
all	6242	1	886578	0.0000011
all	6243	1	886578	0.0000011
all	6256	1	886578	0.0000011
all	6268	2	886578	0.0000023
all	6299	1	886578	0.0000011
all	6311	1	886578	0.0000011
all	6313	1	886578	0.0000011
all	6319	1	886578	0.0000011
all	6324	1	886578	0.0000011
all	6358	1	886578	0.0000011
all	6367	1	886578	0.0000011
all	6368	2	886578	0.0000023
all	6372	1	886578	0.0000011
all	6391	1	886578	0.0000011
all	6398	1	886578	0.0000011
all	6403	1	886578	0.0000011
all	6406	1	886578	0.0000011
all	6432	1	886578	0.0000011
all	6435	1	886578	0.0000011
all	6446	1	886578	0.0000011
all	6455	1	886578	0.0000011
all	6465	1	886578	0.0000011
all	6471	1	886578	0.0000011
all	6485	1	886578	0.0000011
all	6491	1	886578	0.0000011
all	6495	1	886578	0.0000011
all	6504	1	886578	0.0000011
all	6505	1	886578	0.0000011
all	6513	1	886578	0.0000011
all	6531	1	886578	0.0000011
all	6532	1	886578	0.0000011
all	6551	1	886578	0.0000011
all	6559	1	886578	0.0000011
all	6579	1	886578	0.0000011
all	6592	1	886578	0.0000011
all	6600	1	886578	0.0000011
all	6601	1	886578	0.0000011
all	6613	1	886578	0.0000011
all	6615	1	886578	0.0000011
all	6624	1	886578	0.0000011
all	6634	1	886578	0.0000011
all	6646	1	886578	0.0000011
all	6647	1	886578	0.0000011
all	6663	1	886578	0.0000011
all	6667	1	886578	0.0000011
all	6669	1	886578	0.0000011
all	6692	1	886578	0.0000011
all	6697	1	886578	0.0000011
all	6729	1	886578	0.0000011
all	6737	1	886578	0.0000011
all	6750	1	886578	0.0000011
all	6755	1	886578	0.0000011
all	6768	2	886578	0.0000023
all	6780	1	886578	0.0000011
all	6793	1	886578	0.0000011
all	6803	1	886578	0.0000011
all	6806	1	886578	0.0000011
all	6808	1	886578	0.0000011
all	6828	1	886578	0.0000011
all	6838	1	886578	0.0000011
all	6839	1	886578	0.0000011
all	6842	1	886578	0.0000011
all	6849	1	886578	0.0000011
all	6856	1	886578	0.0000011
all	6857	1	886578	0.0000011
all	6867	1	886578	0.0000011
all	6871	1	886578	0.0000011
all	6876	1	886578	0.0000011
all	6878	1	886578	0.0000011
all	6887	1	886578	0.0000011
all	6891	1	886578	0.0000011
all	6905	1	886578	0.0000011
all	6909	1	886578	0.0000011
all	6923	1	886578	0.0000011
all	6925	1	886578	0.0000011
all	6932	1	886578	0.0000011
all	6938	1	886578	0.0000011
all	6952	1	886578	0.0000011
all	6954	1	886578	0.0000011
all	6980	1	886578	0.0000011
all	6984	1	886578	0.0000011
all	6990	1	886578	0.0000011
all	6994	1	886578	0.0000011
all	6996	1	886578	0.0000011
all	6999	1	886578	0.0000011
all	7026	1	886578	0.0000011
all	7028	1	886578	0.0000011
all	7034	1	886578	0.0000011
all	7045	1	886578	0.0000011
all	7046	1	886578	0.0000011
all	7049	1	886578	0.0000011
all	7054	1	886578	0.0000011
all	7056	1	886578	0.0000011
all	7059	1	886578	0.0000011
all	7060	1	886578	0.0000011
all	7072	1	886578	0.0000011
all	7083	2	886578	0.0000023
all	7113	1	886578	0.0000011
all	7122	1	886578	0.0000011
all	7129	1	886578	0.0000011
all	7134	1	886578	0.0000011
all	7167	1	886578	0.0000011
all	7172	1	886578	0.0000011
all	7177	1	886578	0.0000011
all	7180	1	886578	0.0000011
all	7192	1	886578	0.0000011
all	7196	1	886578	0.0000011
all	7217	1	886578	0.0000011
all	7220	1	886578	0.0000011
all	7225	1	886578	0.0000011
all	7227	1	886578	0.0000011
all	7260	1	886578	0.0000011
all	7262	1	886578	0.0000011
all	7273	1	886578	0.0000011
all	7290	1	886578	0.0000011
all	7299	1	886578	0.0000011
all	7303	1	886578	0.0000011
all	7308	1	886578	0.0000011
all	7311	1	886578	0.0000011
all	7316	1	886578	0.0000011
all	7325	1	886578	0.0000011
all	7339	1	886578	0.0000011
all	7341	1	886578	0.0000011
all	7354	1	886578	0.0000011
all	7357	1	886578	0.0000011
all	7364	1	886578	0.0000011
all	7372	1	886578	0.0000011
all	7380	1	886578	0.0000011
all	7394	1	886578	0.0000011
all	7399	1	886578	0.0000011
all	7416	1	886578	0.0000011
all	7419	1	886578	0.0000011
all	7420	1	886578	0.0000011
all	7426	1	886578	0.0000011
all	7437	1	886578	0.0000011
all	7449	1	886578	0.0000011
all	7460	1	886578	0.0000011
all	7495	1	886578	0.0000011
all	7502	1	886578	0.0000011
all	7515	1	886578	0.0000011
all	7523	1	886578	0.0000011
all	7527	1	886578	0.0000011
all	7551	1	886578	0.0000011
all	7581	1	886578	0.0000011
all	7628	1	886578	0.0000011
all	7658	1	886578	0.0000011
all	7709	1	886578	0.0000011
all	7772	1	886578	0.0000011
all	7804	1	886578	0.0000011
all	7841	1	886578	0.0000011
all	7869	1	886578	0.0000011
all	7940	1	886578	0.0000011
all	7974	1	886578	0.0000011
all	7977	1	886578	0.0000011
all	7993	1	886578	0.0000011
all	8019	1	886578	0.0000011
all	8039	1	886578	0.0000011
all	8059	1	886578	0.0000011
all	8060	1	886578	0.0000011
all	8113	1	886578	0.0000011
all	8170	1	886578	0.0000011
all	8172	1	886578	0.0000011
all	8186	1	886578	0.0000011
all	8210	1	886578	0.0000011
all	8216	1	886578	0.0000011
all	8231	1	886578	0.0000011
all	8246	2	886578	0.0000023
all	8278	1	886578	0.0000011
all	8293	1	886578	0.0000011
all	8294	1	886578	0.0000011
all	8309	1	886578	0.0000011
all	8313	1	886578	0.0000011
all	8324	1	886578	0.0000011
all	8325	1	886578	0.0000011
all	8326	1	886578	0.0000011
all	8329	1	886578	0.0000011
all	8330	1	886578	0.0000011
all	8336	1	886578	0.0000011
all	8337	1	886578	0.0000011
all	8340	1	886578	0.0000011
all	8356	1	886578	0.0000011
all	8357	1	886578	0.0000011
all	8369	1	886578	0.0000011
all	8380	1	886578	0.0000011
all	8384	1	886578	0.0000011
all	8385	1	886578	0.0000011
all	8401	2	886578	0.0000023
all	8407	1	886578	0.0000011
all	8422	1	886578	0.0000011
all	8434	1	886578	0.0000011
all	8442	2	886578	0.0000023
all	8444	1	886578	0.0000011
all	8448	1	886578	0.0000011
all	8450	1	886578	0.0000011
all	8464	1	886578	0.0000011
all	8487	1	886578	0.0000011
all	8490	1	886578	0.0000011
all	8507	1	886578	0.0000011
all	8519	1	886578	0.0000011
all	8522	1	886578	0.0000011
all	8537	1	886578	0.0000011
all	8539	1	886578	0.0000011
all	8540	1	886578	0.0000011
all	8541	1	886578	0.0000011
all	8544	1	886578	0.0000011
all	8546	1	886578	0.0000011
all	8553	1	886578	0.0000011
all	8558	1	886578	0.0000011
all	8560	1	886578	0.0000011
all	8563	1	886578	0.0000011
all	8564	1	886578	0.0000011
all	8598	1	886578	0.0000011
all	8693	1	886578	0.0000011
all	8783	1	886578	0.0000011
all	8803	1	886578	0.0000011
all	8870	1	886578	0.0000011
all	8895	1	886578	0.0000011
all	8973	1	886578	0.0000011
all	9014	1	886578	0.0000011
all	9092	1	886578	0.0000011
all	9115	1	886578	0.0000011
all	9136	1	886578	0.0000011
all	9175	1	886578	0.0000011
all	9237	1	886578	0.0000011
all	9252	1	886578	0.0000011
all	9260	1	886578	0.0000011
all	9278	1	886578	0.0000011
all	9316	1	886578	0.0000011
all	9389	1	886578	0.0000011
all	9417	1	886578	0.0000011
all	9498	1	886578	0.0000011
all	9514	1	886578	0.0000011
all	9527	1	886578	0.0000011
all	9543	1	886578	0.0000011
all	9583	1	886578	0.0000011
all	9604	1	886578	0.0000011
all	9615	1	886578	0.0000011
all	9638	1	886578	0.0000011
all	9717	1	886578	0.0000011
all	9756	1	886578	0.0000011
all	9779	1	886578	0.0000011
all	9780	1	886578	0.0000011
all	9783	1	886578	0.0000011
all	9804	1	886578	0.0000011
all	9865	1	886578	0.0000011
all	9894	1	886578	0.0000011
all	9917	1	886578	0.0000011
all	9937	1	886578	0.0000011
all	10019	1	886578	0.0000011
all	10025	1	886578	0.0000011
all	10038	1	886578	0.0000011
all	10104	1	886578	0.0000011
all	10109	1	886578	0.0000011
all	10112	1	886578	0.0000011
all	10118	1	886578	0.0000011
