Sample	1	2	3	4	5	6	7	8	9	10	11	12	13	14	15	16	17	18	19	20	21	22	23	24	25	26	27	28	29	30	31	32	33	34	35	36	37	38	39	40	41	42	43	44	45	46	47	48	49	50	51	52	53	54	55	56	57	58	59	60	61	62	63	64	65	66	67	68	69	70	71	72	73	74	75	76	77	78	79	80	81	82	83	84	85	86	87	88	89	90	91	92	93	94	95	96	97	98	99	100	101	102	103	104	105	106	107	108	109	110	111	112	113	114	115	116	117	118	119	120	121	122	123	124	125	126	127	128	129	130	131	132	133	134	135	136	137	138	139	140	141	142	143	144	145	146	147	148	149	150
Hmi-ABas_001-Ex1-01A.clmp.r1r2_fastp	0.000167722	0.054565600000000006	0.011013799999999999	0.0	0.00184494	0.0	0.0	0.0	0.0	0.0	0.0	0.00022363	0.0	0.0	0.0	0.0	0.0	5.59074e-05	0.0	0.0	0.0	0.0	0.0	0.0	0.0	0.0	0.0	0.0	0.0	0.0	0.0	0.0	0.0	0.008444360000000001	0.0	0.000335763	0.0	0.0	0.0	0.0	0.0	0.0	0.0	0.0	0.0	0.0	0.0	0.0	0.0	0.0	0.0	0.0	0.05290689999999999	0.0	0.0	0.000683319	0.0	0.0	0.0019454000000000001	0.0	5.7428899999999995e-05	0.0	0.0	0.00936329	0.0	0.0	0.0	0.0	0.0	0.0	0.0	0.0	0.0	0.0	0.0	0.0	0.0356709	0.0	0.0	0.0	0.0	0.0	0.0	0.0	0.0	0.0	0.0	0.0	0.0	0.0	0.0	0.00872301	0.0	0.0	0.0	0.0	0.0	0.0	0.0	0.0	0.0	0.0	0.0	0.0	0.0	0.00104923	0.0	0.0	0.009886269999999999	0.0	0.0	0.0	0.0	0.0	0.0	0.0	0.0	0.0	0.0	0.0	0.0	0.0012568100000000001	0.000908769	0.000460102	9.31874e-05	0.0	0.00047829100000000005	0.0018410199999999999	0.0	0.000298756	0.00070639	0.0	0.0007260179999999999	0.000630927	0.000852708	0.0	0.0014275	0.00044632699999999994	0.0	0.00011561799999999999	0.00011796900000000001	0.0	0.00317664	0.00310275	0.00252591	0.0	0.0032910799999999996	0.00230228	0.00583017	0.0
Hmi-ABas_002-Ex1-02A.clmp.r1r2_fastp	0.00016340900000000002	0.057095	0.011242499999999999	0.0	0.00192822	0.0	0.0	0.0	0.0	0.0	0.0	0.000522908	9.804519999999999e-05	0.0	0.0	0.0	0.0	3.2681699999999996e-05	0.0	0.0	0.0	0.0	0.0	0.0	0.0	0.0	0.0	0.0	0.0	0.0	0.0	0.0	0.0	0.00957774	0.0	0.00039244199999999995	0.0	0.0	0.0	0.0	0.0	0.0	0.0	0.0	0.0	0.0	0.0	0.0	0.0	0.0	0.0	0.0	0.0577693	0.0	0.0	0.000432812	0.0	0.0	0.00214384	0.0	3.36556e-05	0.0	0.0	0.011065199999999999	0.0	0.0	0.0	0.0	0.0	0.0	0.0	0.0	0.0	0.0	0.0	0.0	0.0395633	0.0	0.0	0.0	0.0	0.0	0.0	0.0	0.0	0.0	0.0	0.0	0.0	0.0	0.0	0.00867166	0.0	0.0	0.0	0.0	0.0	0.0	0.0	0.0	0.0	0.0	0.0	0.0	0.0	0.00160344	0.0	0.0	0.0105121	0.0	0.0	0.0	0.0	0.0	0.0	0.0	0.0	0.0	0.0	0.0	0.0	0.0009718070000000001	0.00123408	0.00025053200000000003	0.000318123	0.0	0.00039369000000000003	0.00180007	0.0	0.0008255889999999999	0.000629344	0.0	0.000360588	0.00029310699999999997	0.0008184110000000001	0.0	0.0008465670000000001	0.000391619	0.0	0.0	8.31489e-05	0.0	0.00423771	0.0021100100000000003	0.0026877100000000003	0.00027441	0.0033713500000000004	0.00135488	0.00683935	0.0
Hmi-ABas_003-Ex1-03A.clmp.r1r2_fastp	0.000265555	0.051119200000000004	0.0115516	0.0	0.0015933299999999998	0.0	0.0	0.0	0.0	0.0	0.0	0.000663886	0.0	0.0	0.0	0.0	0.0	0.000132777	0.0	0.0	0.0	0.0	0.0	0.0	0.0	0.0	0.0	0.0	0.0	0.0	0.0	0.0	0.0	0.008367069999999999	0.0	0.000265776	0.0	0.0	0.0	0.0	0.0	0.0	0.0	0.0	0.0	0.0	0.0	0.0	0.0	0.0	0.0	0.0	0.05006770000000001	0.0	0.0	0.000271432	0.0	0.0	0.00163939	0.0	0.0	0.0	0.0	0.008867680000000001	0.0	0.0	0.0	0.0	0.0	0.0	0.0	0.0	0.0	0.0	0.0	0.0	0.0350679	0.0	0.0	0.0	0.0	0.0	0.0	0.0	0.0	0.0	0.0	0.0	0.0	0.0	0.0	0.00966496	0.0	0.0	0.0	0.0	0.0	0.0	0.0	0.0	0.0	0.0	0.0	0.0	0.0	0.0014183400000000001	0.0	0.0	0.010365599999999999	0.0	0.0	0.0	0.0	0.0	0.0	0.0	0.0	0.0	0.0	0.0	0.0	0.00103079	0.000261805	0.0	0.000540805	0.0	0.00027941	0.00142018	0.0	0.0011733	0.00059692	0.0	0.000309463	0.0	0.0009612369999999999	0.0	0.000998004	0.0	0.0	0.0	0.0	0.0	0.00188897	0.0007710519999999999	0.00118159	0.0	0.00165562	0.000428458	0.00769614	0.0
Hmi-ABas_004-Ex1-04A.clmp.r1r2_fastp	0.00010878299999999999	0.0621512	0.0134528	0.0	0.0017405200000000002	0.0	0.0	0.0	0.0	0.0	0.0	0.000906523	0.00010878299999999999	0.0	0.0	0.0	0.0	7.252180000000001e-05	0.0	0.0	0.0	0.0	0.0	0.0	0.0	0.0	0.0	0.0	0.0	0.0	0.0	0.0	0.0	0.011644999999999999	0.0	0.000581009	0.0	0.0	0.0	0.0	0.0	0.0	0.0	0.0	0.0	0.0	0.0	0.0	0.0	0.0	0.0	0.0	0.061485399999999996	0.0	0.0	0.000600039	0.0	0.0	0.00246102	0.0	0.00011442800000000001	0.0	0.0	0.0125155	0.0	0.0	0.0	0.0	0.0	0.0	0.0	0.0	0.0	0.0	0.0	0.0	0.0428808	0.0	0.0	0.0	0.0	0.0	0.0	0.0	0.0	0.0	0.0	0.0	0.0	0.0	0.0	0.0103461	0.0	0.0	0.0	0.0	0.0	0.0	0.0	0.0	0.0	0.0	0.0	0.0	0.0	0.00182214	0.0	0.0	0.0116904	0.0	0.0	0.0	0.0	0.0	0.0	0.0	0.0	0.0	0.0	0.0	0.0	0.000732074	0.00133646	0.000376456	0.000152901	0.0	0.000629644	0.00223569	0.0	0.000575152	0.00041724400000000005	0.0	0.000515636	0.00043605900000000003	0.00159401	0.0	0.00063902	0.0005568179999999999	0.000188563	0.0	0.0	0.0	0.005767690000000001	0.00256959	0.00375885	0.0	0.00358333	0.00234259	0.0103868	0.0
Hmi-ABas_005-Ex1-05A.clmp.r1r2_fastp	5.83821e-05	0.06191429999999999	0.0113261	0.0	0.0021893299999999997	0.0	0.0	0.0	0.0	0.0	0.0	0.000583821	0.0	0.0	2.91911e-05	0.0	0.0	5.83821e-05	0.0	0.0	0.0	0.0	0.0	0.0	0.0	0.0	0.0	0.0	0.0	0.0	0.0	0.0	0.0	0.00902273	0.0	0.000496742	0.0	0.0	0.0	0.0	0.0	0.0	0.0	0.0	0.0	0.0	0.0	0.0	0.0	0.0	0.0	0.0	0.060727899999999994	0.0	0.0	0.000356449	0.0	0.0	0.0025375700000000003	0.0	2.99716e-05	0.0	0.0	0.0111971	0.0	0.0	0.0	0.0	0.0	0.0	0.0	0.0	0.0	0.0	0.0	0.0	0.041454399999999995	0.0	0.0	0.0	0.0	0.0	0.0	0.0	0.0	0.0	0.0	0.0	0.0	0.0	0.0	0.00967634	0.0	0.0	0.0	0.0	0.0	0.0	0.0	0.0	0.0	0.0	0.0	0.0	0.0	0.0015061900000000001	0.0	0.0	0.0112905	0.0	0.0	0.0	0.0	0.0	0.0	0.0	0.0	0.0	0.0	0.0	4.879279999999999e-05	0.0017297400000000002	0.000751011	0.0007611629999999999	0.00010280900000000001	0.0	0.000792295	0.00165938	0.0	0.000825432	0.0005581290000000001	0.0	0.000631586	0.000757474	0.00159648	0.0	0.00109693	0.00049473	0.0	0.0	6.51574e-05	0.0	0.004249	0.00308449	0.0030700700000000003	0.000355892	0.00327388	0.00224992	0.0082082	0.0
Hmi-ABas_006-Ex1-06A.clmp.r1r2_fastp	0.000146559	0.0578175	0.0109919	0.0	0.0019419099999999998	0.0	0.0	0.0	0.0	0.0	0.0	0.000476316	7.32795e-05	0.0	0.0	0.0	0.0	3.66397e-05	0.0	0.0	0.0	0.0	0.0	0.0	0.0	0.0	0.0	0.0	0.0	0.0	0.0	0.0	0.0	0.008430149999999999	0.0	0.00033009399999999996	0.0	0.0	0.0	0.0	0.0	0.0	0.0	0.0	0.0	0.0	0.0	0.0	0.0	0.0	0.0	0.0	0.056216199999999994	0.0	0.0	0.000298559	0.0	0.0	0.0024378	0.0	0.00011295	0.0	0.0	0.010121100000000001	0.0	0.0	0.0	0.0	0.0	0.0	0.0	0.0	0.0	0.0	0.0	0.0	0.0395673	0.0	0.0	0.0	0.0	0.0	0.0	0.0	0.0	0.0	0.0	0.0	0.0	0.0	0.0	0.00807621	0.0	0.0	0.0	0.0	0.0	0.0	0.0	0.0	0.0	0.0	0.0	0.0	0.0	0.00104943	0.0	0.0	0.010357700000000001	0.0	0.0	0.0	0.0	0.0	0.0	0.0	0.0	0.0	0.0	0.0	0.0	0.000716197	0.00120763	0.000427799	0.000309445	0.0	0.00038073	0.00147839	0.0	0.000594259	0.0006020040000000001	0.0	0.00041228099999999996	0.000348226	0.00035319699999999997	0.0	0.0010178	0.00022153300000000002	0.00030038	0.0	7.78061e-05	0.0	0.00354499	0.0021278399999999998	0.00232972	8.48288e-05	0.00277556	0.0018763800000000002	0.00806928	0.0
Hmi-ABas_007-Ex1-07A.clmp.r1r2_fastp	0.00010994	0.0529176	0.00956475	0.0	0.0019056199999999998	0.0	0.0	0.0	0.0	0.0	0.0	0.000513051	0.0	0.0	0.0	0.0	0.0	7.32931e-05	0.0	0.0	0.0	0.0	0.0	0.0	0.0	0.0	0.0	0.0	0.0	0.0	0.0	0.0	0.0	0.007001180000000001	0.0	0.000293397	0.0	0.0	0.0	0.0	0.0	0.0	0.0	0.0	0.0	0.0	0.0	0.0	0.0	0.0	0.0	0.0	0.0527236	0.0	0.0	0.000259487	0.0	0.0	0.00178501	0.0	0.0	0.0	0.0	0.00887627	0.0	0.0	0.0	0.0	0.0	0.0	0.0	0.0	0.0	0.0	0.0	0.0	0.0358066	0.0	0.0	0.0	0.0	0.0	0.0	0.0	0.0	0.0	0.0	0.0	0.0	0.0	0.0	0.00838077	0.0	0.0	0.0	0.0	0.0	0.0	0.0	0.0	0.0	0.0	0.0	0.0	0.0	0.00126581	0.0	0.0	0.00979094	0.0	0.0	0.0	0.0	0.0	0.0	0.0	0.0	0.0	0.0	0.0	0.0	0.00104707	0.00111468	0.000451165	0.000342343	0.0	0.000642122	0.0017125800000000002	0.0	0.0006655929999999999	0.0004901560000000001	0.0	0.0005654470000000001	0.000572662	0.0007736859999999999	0.0	0.0007285109999999999	0.000335841	0.000272759	0.0	0.0	0.0	0.0043787800000000005	0.00229546	0.00270967	0.000153265	0.0032056	0.00176831	0.0077424500000000005	0.0
Hmi-ABas_008-Ex1-08A.clmp.r1r2_fastp	0.000248243	0.0509962	0.0101425	0.0	0.00191502	0.0	0.0	0.0	0.0	0.0	0.0	0.000673803	3.54633e-05	0.0	0.0	0.0	0.0	0.0	0.0	0.0	0.0	0.0	0.0	0.0	0.0	0.0	0.0	0.0	0.0	0.0	0.0	0.0	0.0	0.00812426	0.0	0.000284068	0.0	0.0	0.0	0.0	0.0	0.0	0.0	0.0	0.0	0.0	0.0	0.0	0.0	0.0	0.0	0.0	0.050221800000000004	0.0	0.0	0.000399137	0.0	0.0	0.00222609	0.0	3.66479e-05	0.0	0.0	0.00849146	0.0	0.0	0.0	0.0	0.0	0.0	0.0	0.0	0.0	0.0	0.0	0.0	0.0344966	0.0	0.0	0.0	0.0	0.0	0.0	0.0	0.0	0.0	0.0	0.0	0.0	0.0	0.0	0.00742743	0.0	0.0	0.0	0.0	0.0	0.0	0.0	0.0	0.0	0.0	0.0	0.0	0.0	0.0013798299999999999	0.0	0.0	0.0107068	0.0	0.0	0.0	0.0	0.0	0.0	5.22892e-05	0.0	0.0	0.0	0.0	5.5022099999999996e-05	0.00127901	0.0007871479999999999	0.0006250860000000001	0.000287263	0.0	0.000587228	0.00195975	0.0	0.000851508	0.000615423	0.0	0.000630988	0.0006387879999999999	0.0010995	0.0	0.000862266	0.000336314	0.000204744	6.93127e-05	0.0	0.0	0.00422049	0.00295368	0.0024732900000000004	0.000228865	0.00420215	0.0021596799999999998	0.0077172	0.0
Hmi-ABas_009-Ex1-09A.clmp.r1r2_fastp	0.000145786	0.0563777	0.0107882	0.0	0.0022492799999999998	0.0	0.0	0.0	0.0	0.0	0.0	0.000479013	2.0826599999999998e-05	0.0	0.0	0.0	0.0	2.0826599999999998e-05	0.0	0.0	0.0	0.0	0.0	0.0	0.0	0.0	0.0	0.0	0.0	0.0	0.0	0.0	0.0	0.00787451	0.0	0.00025013199999999997	0.0	0.0	0.0	0.0	0.0	0.0	0.0	0.0	0.0	0.0	0.0	0.0	0.0	0.0	0.0	0.0	0.054903099999999996	0.0	0.0	0.000422896	0.0	0.0	0.00203913	0.0	2.13169e-05	0.0	0.0	0.0103182	0.0	0.0	0.0	0.0	0.0	0.0	0.0	0.0	0.0	0.0	0.0	0.0	0.0383204	0.0	0.0	0.0	0.0	0.0	0.0	0.0	0.0	0.0	0.0	0.0	0.0	0.0	0.0	0.00864055	0.0	0.0	0.0	0.0	0.0	0.0	0.0	0.0	0.0	0.0	0.0	0.0	0.0	0.00161372	0.0	0.0	0.0101594	0.0	0.0	0.0	0.0	0.0	0.0	0.0	0.0	0.0	0.0	0.0	0.000161703	0.0009487609999999999	0.00095925	0.000434782	0.00016916700000000002	0.0	0.0005886330000000001	0.00150652	0.0	0.000502053	0.000580745	0.0	0.00018593399999999999	0.000602247	0.0008383240000000001	0.0	0.00109529	0.000436263	8.04734e-05	0.0	0.0	0.0	0.00377098	0.002477	0.00238218	0.000134623	0.00329524	0.0021169799999999996	0.00798801	0.0
Hmi-ABas_010-Ex1-10A.clmp.r1r2_fastp	0.000400983	0.0574207	0.012310199999999999	0.0	0.00204501	0.0	0.0	0.0	0.0	0.0	0.0	0.00048117900000000004	4.00983e-05	0.0	0.0	0.0	0.0	0.0	0.0	0.0	0.0	0.0	0.0	0.0	0.0	0.0	0.0	0.0	0.0	0.0	0.0	0.0	0.0	0.00966635	0.0	0.00024079100000000002	0.0	0.0	0.0	0.0	0.0	0.0	0.0	0.0	0.0	0.0	0.0	0.0	0.0	0.0	0.0	0.0	0.0583769	0.0	0.0	0.00065436	0.0	0.0	0.00267569	0.0	0.00012413099999999998	0.0	0.0	0.0106914	0.0	0.0	0.0	0.0	0.0	0.0	0.0	0.0	0.0	0.0	0.0	0.0	0.0411772	0.0	0.0	0.0	0.0	0.0	0.0	0.0	0.0	0.0	0.0	0.0	0.0	0.0	0.0	0.010085499999999999	0.0	0.0	0.0	0.0	0.0	0.0	0.0	0.0	0.0	0.0	0.0	0.0	0.0	0.00198212	0.0	0.0	0.0111445	0.0	0.0	0.0	0.0	0.0	0.0	7.57158e-05	0.0	0.0	0.0	0.0	8.28617e-05	0.0016880399999999998	0.0006023749999999999	0.000701775	0.000268303	0.0	0.000928781	0.0014202000000000002	0.0	0.0006903430000000001	0.000301755	0.0	0.000104853	0.000535903	0.000547594	0.0	0.0006858669999999999	0.000700946	0.000239077	0.0	0.0	0.000129063	0.0034369100000000005	0.00284256	0.00111006	0.0	0.0036680700000000003	0.00213029	0.007249719999999999	0.0
Hmi-ABas_011-Ex1-11A.clmp.r1r2_fastp	0.000175936	0.06056600000000001	0.013635000000000001	0.0	0.00206725	0.0	0.0	0.0	0.0	0.0	0.0	0.000703744	8.7968e-05	0.0	0.0	0.0	0.0	0.000175936	0.0	0.0	0.0	0.0	0.0	0.0	0.0	0.0	0.0	0.0	0.0	0.0	0.0	0.0	0.0	0.0103827	0.0	0.000484207	0.0	0.0	0.0	0.0	0.0	0.0	0.0	0.0	0.0	0.0	0.0	0.0	0.0	0.0	0.0	0.0	0.059031299999999995	0.0	0.0	0.000584393	0.0	0.0	0.0023095000000000004	0.0	0.0	0.0	0.0	0.011091199999999999	0.0	0.0	0.0	0.0	0.0	0.0	0.0	0.0	0.0	0.0	0.0	0.0	0.0399801	0.0	0.0	0.0	0.0	0.0	0.0	0.0	0.0	0.0	0.0	0.0	0.0	0.0	0.0	0.0101876	0.0	0.0	0.0	0.0	0.0	0.0	0.0	0.0	0.0	0.0	0.0	0.0	0.0	0.00178997	0.0	0.0	0.012570600000000001	0.0	0.0	0.0	0.0	0.0	0.0	0.0	0.0	0.0	0.0	0.0	0.0	0.00151326	0.00125303	0.0005894919999999999	0.0006005299999999999	0.0	0.0010388600000000002	0.00158924	0.0	0.000550824	0.000561557	0.0	0.000233639	0.00059552	0.000728852	0.0	0.0005059439999999999	0.0009041469999999999	0.00013213899999999998	0.00013535499999999998	0.0	0.0	0.00363951	0.0020831	0.00182539	0.0	0.0033639100000000003	0.000997614	0.006174140000000001	0.0
Hmi-ABas_012-Ex1-12A.clmp.r1r2_fastp	0.0	0.0634083	0.0124409	0.0	0.00217381	0.0	0.0	0.0	0.0	0.0	0.0	0.0005016479999999999	3.34432e-05	0.0	0.0	0.0	0.0	3.34432e-05	0.0	0.0	0.0	0.0	0.0	0.0	0.0	0.0	0.0	0.0	0.0	0.0	0.0	0.0	0.0	0.011574599999999999	0.0	0.00046868200000000005	0.0	0.0	0.0	0.0	0.0	0.0	0.0	0.0	0.0	0.0	0.0	0.0	0.0	0.0	0.0	0.0	0.063214	0.0	0.0	0.000622264	0.0	0.0	0.00268817	0.0	3.5170200000000004e-05	0.0	0.0	0.0114692	0.0	0.0	0.0	0.0	0.0	0.0	0.0	0.0	0.0	0.0	0.0	0.0	0.0449032	0.0	0.0	0.0	0.0	0.0	0.0	0.0	0.0	0.0	0.0	0.0	0.0	0.0	0.0	0.0119457	0.0	0.0	0.0	0.0	0.0	0.0	0.0	0.0	0.0	0.0	0.0	0.0	0.0	0.00170527	0.0	0.0	0.0120889	0.0	0.0	0.0	0.0	0.0	0.0	0.0	0.0	0.0	0.0	0.0	7.975050000000001e-05	0.000977547	0.000748996	0.000340222	0.000347642	0.0	0.00036323	0.000928017	0.0	0.0007757369999999999	0.00039643500000000005	0.0	0.000207045	0.000211748	0.0007588440000000001	0.0	0.000454071	0.00023309	0.00011954899999999999	0.0	0.0	0.0	0.00306099	0.00108937	0.000836758	0.000142983	0.00250361	0.00199088	0.0107093	0.0
Hmi-ABas_013-Ex1-01B.clmp.r1r2_fastp	0.000159138	0.0528655	0.0113624	0.0	0.00175051	0.0	0.0	0.0	0.0	0.0	0.0	0.000541068	3.18275e-05	0.0	0.0	0.0	0.0	6.3655e-05	0.0	0.0	0.0	0.0	0.0	0.0	0.0	0.0	0.0	0.0	0.0	0.0	0.0	0.0	0.0	0.00706732	0.0	0.000382227	0.0	0.0	0.0	0.0	0.0	0.0	0.0	0.0	0.0	0.0	0.0	0.0	0.0	0.0	0.0	0.0	0.0523388	0.0	0.0	0.00012919600000000001	0.0	0.0	0.0014593000000000002	0.0	0.0	0.0	0.0	0.00928699	0.0	0.0	0.0	0.0	0.0	0.0	0.0	0.0	0.0	0.0	0.0	0.0	0.0368555	0.0	0.0	0.0	0.0	0.0	0.0	0.0	0.0	0.0	0.0	0.0	0.0	0.0	0.0	0.00790742	0.0	0.0	0.0	0.0	0.0	0.0	0.0	0.0	0.0	0.0	0.0	0.0	0.0	0.00105273	0.0	0.0	0.010542000000000001	0.0	0.0	0.0	0.0	0.0	0.0	0.0	0.0	0.0	0.0	0.0	4.62879e-05	0.0013095099999999998	0.000519739	0.000190888	0.000144712	0.0	0.000542057	0.0014945100000000001	0.0	0.000712688	0.000617768	0.0	0.00047353999999999994	0.000266219	0.0008075379999999999	0.0	0.000827004	0.000279258	0.000113253	5.74568e-05	0.0	0.0	0.00343095	0.00243843	0.00179182	0.000125581	0.00345441	0.0018387	0.0070133	0.0
Hmi-ABas_014-Ex1-02B.clmp.r1r2_fastp	0.000103864	0.0489821	0.00835064	0.0	0.00176568	0.0	0.0	0.0	0.0	0.0	0.0	0.000290818	4.1545500000000004e-05	0.0	2.07727e-05	0.0	0.0	8.309100000000001e-05	0.0	0.0	0.0	0.0	0.0	0.0	0.0	0.0	0.0	0.0	0.0	0.0	0.0	0.0	0.0	0.00673218	0.0	0.000249476	0.0	0.0	0.0	0.0	0.0	0.0	0.0	0.0	0.0	0.0	0.0	0.0	0.0	0.0	0.0	0.0	0.0484768	0.0	0.0	0.00027331	0.0	0.0	0.00187721	0.0	0.0	0.0	0.0	0.00817726	0.0	0.0	0.0	0.0	0.0	0.0	0.0	0.0	0.0	0.0	0.0	0.0	0.0345001	0.0	0.0	0.0	0.0	0.0	0.0	0.0	0.0	0.0	0.0	0.0	0.0	0.0	0.0	0.00744488	0.0	0.0	0.0	0.0	0.0	0.0	0.0	0.0	0.0	0.0	0.0	0.0	0.0	0.00096857	0.0	0.0	0.0102556	0.0	0.0	0.0	0.0	0.0	0.0	0.0	0.0	0.0	0.0	0.0	2.85285e-05	0.00143849	0.0007255380000000001	0.000644109	0.000325016	0.0	0.000812527	0.0012147899999999999	3.06777e-05	0.0008363169999999999	0.000719435	0.0	0.00038307200000000003	0.000741827	0.000488794	0.0	0.000866438	0.000505599	0.000238989	3.46041e-05	0.0	0.0	0.00357344	0.0027043099999999997	0.00237045	0.00015045599999999998	0.00310336	0.00169086	0.008075849999999999	0.0
Hmi-ABas_015-Ex1-03B.clmp.r1r2_fastp	0.000185118	0.0532214	0.0111071	0.0	0.0015426499999999998	0.0	0.0	0.0	0.0	0.0	0.0	0.000678766	6.170600000000001e-05	0.0	0.0	0.0	0.0	0.0	0.0	0.0	0.0	0.0	0.0	0.0	0.0	0.0	0.0	0.0	0.0	0.0	0.0	0.0	0.0	0.00839399	0.0	0.000432306	0.0	0.0	0.0	0.0	0.0	0.0	0.0	0.0	0.0	0.0	0.0	0.0	0.0	0.0	0.0	0.0	0.0516354	0.0	0.0	0.000439759	0.0	0.0	0.00189434	0.0	3.16975e-05	0.0	0.0	0.00935041	0.0	0.0	0.0	0.0	0.0	0.0	0.0	0.0	0.0	0.0	0.0	0.0	0.0346323	0.0	0.0	0.0	0.0	0.0	0.0	0.0	0.0	0.0	0.0	0.0	0.0	0.0	0.0	0.007271669999999999	0.0	0.0	0.0	0.0	0.0	0.0	0.0	0.0	0.0	0.0	0.0	0.0	0.0	0.00118305	0.0	0.0	0.0101712	0.0	0.0	0.0	0.0	0.0	0.0	0.0	0.0	0.0	0.0	0.0	0.0	0.00056591	0.000761502	0.0005766920000000001	0.000291228	0.0	0.00054442	0.0013999400000000001	0.0	0.000765133	0.00036069	0.0	0.00026321499999999997	0.000851105	0.0007525139999999999	0.0	0.00055003	0.00022260700000000002	0.00011274	0.0	0.0	0.0	0.0035747500000000002	0.00187019	0.00220126	6.2098e-05	0.00309874	0.0019476399999999998	0.007418419999999999	0.0
Hmi-ABas_016-Ex1-04B.clmp.r1r2_fastp	8.01711e-05	0.055278	0.010943399999999999	0.0	0.0018439300000000001	0.0	0.0	0.0	0.0	0.0	0.0	0.000521112	4.00855e-05	0.0	0.0	0.0	0.0	0.0	0.0	0.0	0.0	0.0	0.0	0.0	0.0	0.0	0.0	0.0	0.0	0.0	0.0	0.0	0.0	0.0075382	0.0	0.000361085	0.0	0.0	0.0	0.0	0.0	0.0	0.0	0.0	0.0	0.0	0.0	0.0	0.0	0.0	0.0	0.0	0.0555231	0.0	0.0	0.00024422800000000003	0.0	0.0	0.00237119	0.0	0.0	0.0	0.0	0.00903882	0.0	0.0	0.0	0.0	0.0	0.0	0.0	0.0	0.0	0.0	0.0	0.0	0.0375804	0.0	0.0	0.0	0.0	0.0	0.0	0.0	0.0	0.0	0.0	0.0	0.0	0.0	0.0	0.0088833	0.0	0.0	0.0	0.0	0.0	0.0	0.0	0.0	0.0	0.0	0.0	0.0	0.0	0.0018617299999999998	0.0	0.0	0.011323900000000001	0.0	0.0	0.0	0.0	0.0	0.0	0.0	0.0	0.0	0.0	0.0	0.0	0.00168688	0.00107332	0.00057489	0.000322796	0.0	0.0007922960000000001	0.00200387	0.0	0.000888587	0.000276573	0.0	0.000283585	0.000646432	0.00116337	0.0	0.000970719	0.000681705	0.000307428	0.000156183	0.0	0.0	0.00434785	0.00282969	0.00261833	0.00042964899999999994	0.00324202	0.00216049	0.00847628	0.0
Hmi-ABas_017-Ex1-05B.clmp.r1r2_fastp	0.00024782	0.0598072	0.0107389	0.0	0.00198256	0.0	0.0	0.0	0.0	0.0	0.0	0.000523176	5.5071099999999995e-05	0.0	0.0	0.0	0.0	5.5071099999999995e-05	0.0	0.0	0.0	0.0	0.0	0.0	0.0	0.0	0.0	0.0	0.0	0.0	0.0	0.0	0.0	0.00851106	0.0	0.000303173	0.0	0.0	0.0	0.0	0.0	0.0	0.0	0.0	0.0	0.0	0.0	0.0	0.0	0.0	0.0	0.0	0.05808	0.0	0.0	0.000223446	0.0	0.0	0.00249553	0.0	0.0	0.0	0.0	0.0108291	0.0	0.0	0.0	0.0	0.0	0.0	0.0	0.0	0.0	0.0	0.0	0.0	0.0408376	0.0	0.0	0.0	0.0	0.0	0.0	0.0	0.0	0.0	0.0	0.0	0.0	0.0	0.0	0.009331240000000001	0.0	0.0	0.0	0.0	0.0	0.0	0.0	0.0	0.0	0.0	0.0	0.0	0.0	0.0014662	0.0	0.0	0.0119435	0.0	0.0	0.0	0.0	0.0	0.0	0.0	0.0	0.0	0.0	0.0	0.0	0.00134434	0.00123167	0.000257752	0.00043455400000000003	0.0	0.0008446180000000001	0.00198025	9.11069e-05	0.000461184	0.000747169	0.0	0.000526537	0.000290987	0.0012287600000000002	0.0	0.0012133900000000002	0.000564023	0.000208077	0.0	0.000268555	0.0	0.00533094	0.00293144	0.00349517	0.00023348200000000003	0.00506849	0.00227078	0.00864252	0.0
Hmi-ABas_018-Ex1-06B.clmp.r1r2_fastp	0.00017054899999999998	0.04949340000000001	0.00907322	0.0	0.00180782	0.0	0.0	0.0	0.0	0.0	0.0	0.000579868	3.41099e-05	0.0	0.0	0.0	0.0	6.82197e-05	0.0	0.0	0.0	0.0	0.0	0.0	0.0	0.0	0.0	0.0	0.0	0.0	0.0	0.0	0.0	0.0065847	0.0	0.00040964	0.0	0.0	0.0	0.0	0.0	0.0	0.0	0.0	0.0	0.0	0.0	0.0	0.0	0.0	0.0	0.0	0.0489976	0.0	0.0	6.8846e-05	0.0	0.0	0.0020356	0.0	0.0	0.0	0.0	0.00866801	0.0	0.0	0.0	0.0	0.0	0.0	0.0	0.0	0.0	0.0	0.0	0.0	0.033844	0.0	0.0	0.0	0.0	0.0	0.0	0.0	0.0	0.0	0.0	0.0	0.0	0.0	0.0	0.00762138	0.0	0.0	0.0	0.0	0.0	0.0	0.0	0.0	0.0	0.0	0.0	0.0	0.0	0.00116637	0.0	0.0	0.009673000000000001	0.0	0.0	0.0	0.0	0.0	0.0	0.0	0.0	0.0	0.0	0.0	8.91183e-05	0.00193071	0.000950133	0.000501462	0.000229708	0.0	0.000793508	0.002023	0.0	0.0009093290000000001	0.0006277850000000001	0.0	0.000344165	0.000694647	0.0010514699999999999	0.0	0.0006130469999999999	0.000309785	0.00026116800000000004	0.0	5.35558e-05	0.0	0.00428588	0.00216593	0.00258472	0.000398897	0.0039406400000000005	0.0018974000000000003	0.0066171400000000005	0.0
Hmi-ABas_019-Ex1-07B.clmp.r1r2_fastp	0.000125783	0.0481747	0.00920728	0.0	0.0017357999999999998	0.0	0.0	0.0	0.0	0.0	0.0	0.000628913	7.54695e-05	0.0	0.0	0.0	0.0	5.0313e-05	0.0	0.0	0.0	0.0	0.0	0.0	0.0	0.0	0.0	0.0	0.0	0.0	0.0	0.0	0.0	0.00666832	0.0	0.00035246699999999997	0.0	0.0	0.0	0.0	0.0	0.0	0.0	0.0	0.0	0.0	0.0	0.0	0.0	0.0	0.0	0.0	0.0478017	0.0	0.0	0.000126866	0.0	0.0	0.00165262	0.0	0.0	0.0	0.0	0.00804251	0.0	0.0	0.0	0.0	0.0	0.0	0.0	0.0	0.0	0.0	0.0	0.0	0.032052699999999996	0.0	0.0	0.0	0.0	0.0	0.0	0.0	0.0	0.0	0.0	0.0	0.0	0.0	0.0	0.0075967100000000004	0.0	0.0	0.0	0.0	0.0	0.0	0.0	0.0	0.0	0.0	0.0	0.0	0.0	0.00114925	0.0	0.0	0.010385100000000001	0.0	0.0	0.0	0.0	0.0	0.0	0.0	0.0	0.0	0.0	0.0	0.000130338	0.00114903	0.000529215	0.000633491	0.000201627	0.0	0.000887679	0.00123894	0.00010412699999999999	0.000770103	0.0007416430000000001	0.0	0.000359648	0.000689621	0.000952699	0.0	0.000709699	0.000490756	0.00011447599999999999	0.000115883	0.0	0.0	0.0032889599999999996	0.0031618500000000003	0.00180478	0.000166314	0.00392992	0.00233489	0.0070878700000000005	0.0
Hmi-ABas_020-Ex1-08B.clmp.r1r2_fastp	9.5128e-05	0.049466600000000006	0.00995673	0.0	0.00193427	0.0	0.0	0.0	0.0	0.0	0.0	0.000570768	0.0	0.0	0.0	0.0	0.0	3.1709300000000005e-05	0.0	0.0	0.0	0.0	0.0	0.0	0.0	0.0	0.0	0.0	0.0	0.0	0.0	0.0	0.0	0.00669249	0.0	0.00022215299999999997	0.0	0.0	0.0	0.0	0.0	0.0	0.0	0.0	0.0	0.0	0.0	0.0	0.0	0.0	0.0	0.0	0.048340299999999996	0.0	0.0	0.000192587	0.0	0.0	0.00177077	0.0	0.0	0.0	0.0	0.00787527	0.0	0.0	0.0	0.0	0.0	0.0	0.0	0.0	0.0	0.0	0.0	0.0	0.0321841	0.0	0.0	0.0	0.0	0.0	0.0	0.0	0.0	0.0	0.0	0.0	0.0	0.0	0.0	0.00780666	0.0	0.0	0.0	0.0	0.0	0.0	0.0	0.0	0.0	0.0	0.0	0.0	0.0	0.00181307	0.0	0.0	0.010161400000000001	0.0	0.0	0.0	0.0	0.0	0.0	4.1510699999999995e-05	0.0	0.0	0.0	0.0	4.33172e-05	0.00104838	0.00083735	0.000444561	0.000134571	0.0	0.000502526	0.00179877	0.0	0.000470284	0.000712295	0.0	0.000484487	0.000587432	0.0007911260000000001	0.0	0.00096085	0.00035827200000000003	0.0	0.0	5.3299300000000007e-05	5.40892e-05	0.00389093	0.0019973400000000002	0.00236241	0.00017139800000000001	0.00395664	0.00185233	0.00795146	0.0
Hmi-ABas_021-Ex1-09B.clmp.r1r2_fastp	9.63255e-05	0.0522084	0.0104032	0.0	0.0018301800000000003	0.0	0.0	0.0	0.0	0.0	0.0	0.000240814	0.0	0.0	0.0	0.0	0.0	0.000192651	0.0	0.0	0.0	0.0	0.0	0.0	0.0	0.0	0.0	0.0	0.0	0.0	0.0	0.0	0.0	0.006986920000000001	0.0	0.000289407	0.0	0.0	0.0	0.0	0.0	0.0	0.0	0.0	0.0	0.0	0.0	0.0	0.0	0.0	0.0	0.0	0.0529625	0.0	0.0	0.000195864	0.0	0.0	0.00226087	0.0	0.0	0.0	0.0	0.00906357	0.0	0.0	0.0	0.0	0.0	0.0	0.0	0.0	0.0	0.0	0.0	0.0	0.037022599999999996	0.0	0.0	0.0	0.0	0.0	0.0	0.0	0.0	0.0	0.0	0.0	0.0	0.0	0.0	0.00766958	0.0	0.0	0.0	0.0	0.0	0.0	0.0	0.0	0.0	0.0	0.0	0.0	0.0	0.00154419	0.0	0.0	0.0108386	0.0	0.0	0.0	0.0	0.0	0.0	0.0	0.0	0.0	0.0	0.0	0.0	0.000934299	0.0008716020000000001	0.00051377	0.000148407	0.0	0.0007583500000000001	0.0015333999999999999	7.757659999999999e-05	0.00039224400000000003	0.00031757700000000004	0.0	0.000243884	0.000575325	0.0009155470000000001	0.0	0.0007687890000000001	0.000606227	8.794550000000001e-05	8.92871e-05	0.0	0.0	0.00327641	0.0018037799999999998	0.00202331	0.0	0.0031019599999999995	0.00164558	0.00677848	0.0
Hmi-ABas_022-Ex1-10B.clmp.r1r2_fastp	0.000280183	0.0464544	0.00818135	0.0	0.0013448800000000001	0.0	0.0	0.0	0.0	0.0	0.0	0.0007284769999999999	0.0	0.0	0.0	0.0	0.0	0.0	0.0	0.0	0.0	0.0	0.0	0.0	0.0	0.0	0.0	0.0	0.0	0.0	0.0	0.0	0.0	0.005941340000000001	0.0	0.00022434699999999999	0.0	0.0	0.0	0.0	0.0	0.0	0.0	0.0	0.0	0.0	0.0	0.0	0.0	0.0	0.0	0.0	0.0447849	0.0	0.0	0.000170637	0.0	0.0	0.00125609	0.0	5.72667e-05	0.0	0.0	0.00777121	0.0	0.0	0.0	0.0	0.0	0.0	0.0	0.0	0.0	0.0	0.0	0.0	0.0299775	0.0	0.0	0.0	0.0	0.0	0.0	0.0	0.0	0.0	0.0	0.0	0.0	0.0	0.0	0.00689422	0.0	0.0	0.0	0.0	0.0	0.0	0.0	0.0	0.0	0.0	0.0	0.0	0.0	0.0013493	0.0	0.0	0.00959902	0.0	0.0	0.0	0.0	0.0	0.0	0.0	0.0	0.0	0.0	0.0	0.0	0.0008937260000000001	0.0009018940000000001	0.0005794390000000001	0.000167145	0.0	0.0005108780000000001	0.00180587	0.0	0.00043898	8.87318e-05	0.0	0.000361886	0.0006398290000000001	0.000646433	0.0	0.000283376	0.000477857	0.0	0.0	0.0	0.0	0.0032673	0.00134317	0.00188492	0.000106306	0.00292188	0.00133395	0.00593355	0.0
Hmi-ABas_023-Ex1-11B.clmp.r1r2_fastp	0.00022305500000000003	0.0526728	0.00968696	0.0	0.00188003	0.0	0.0	0.0	0.0	0.0	0.0	0.00041424499999999993	0.0	0.0	0.0	0.0	0.0	0.0	0.0	0.0	0.0	0.0	0.0	0.0	0.0	0.0	0.0	0.0	0.0	0.0	0.0	0.0	0.0	0.00713957	0.0	0.000159438	0.0	0.0	0.0	0.0	0.0	0.0	0.0	0.0	0.0	0.0	0.0	0.0	0.0	0.0	0.0	0.0	0.052773200000000006	0.0	0.0	0.00025756099999999996	0.0	0.0	0.00209841	0.0	6.4708e-05	0.0	0.0	0.009712150000000001	0.0	0.0	0.0	0.0	0.0	0.0	0.0	0.0	0.0	0.0	0.0	0.0	0.0358179	0.0	0.0	0.0	0.0	0.0	0.0	0.0	0.0	0.0	0.0	0.0	0.0	0.0	0.0	0.00835616	0.0	0.0	0.0	0.0	0.0	0.0	0.0	0.0	0.0	0.0	0.0	0.0	0.0	0.00170002	0.0	0.0	0.009720620000000001	0.0	0.0	0.0	0.0	0.0	0.0	0.0	0.0	0.0	0.0	0.0	0.00013558599999999999	0.00104933	0.000691018	0.00046523999999999996	0.000375877	0.0	0.000623744	0.00126009	4.8963899999999994e-05	0.0004455	0.00050046	0.0	0.000460506	0.000310617	0.000994853	0.0	0.000589751	0.00043439400000000006	0.00011007300000000001	0.0	0.0	0.0	0.00361658	0.00200951	0.00221714	6.088710000000001e-05	0.0034116399999999996	0.00209887	0.007770000000000001	0.0
Hmi-ABas_024-Ex1-12B.clmp.r1r2_fastp	7.84028e-05	0.0514322	0.0108588	0.0	0.00199927	0.0	0.0	0.0	0.0	0.0	0.0	0.0006272220000000001	0.00011760400000000001	0.0	0.0	0.0	0.0	0.000156806	0.0	0.0	0.0	0.0	0.0	0.0	0.0	0.0	0.0	0.0	0.0	0.0	0.0	0.0	0.0	0.00772477	0.0	0.00039231700000000005	0.0	0.0	0.0	0.0	0.0	0.0	0.0	0.0	0.0	0.0	0.0	0.0	0.0	0.0	0.0	0.0	0.0513777	0.0	0.0	0.000279085	0.0	0.0	0.00200291	0.0	4.02086e-05	0.0	0.0	0.00943008	0.0	0.0	0.0	0.0	0.0	0.0	0.0	0.0	0.0	0.0	0.0	0.0	0.035912900000000005	0.0	0.0	0.0	0.0	0.0	0.0	0.0	0.0	0.0	0.0	0.0	0.0	0.0	0.0	0.00802592	0.0	0.0	0.0	0.0	0.0	0.0	0.0	0.0	0.0	0.0	0.0	0.0	0.0	0.00137553	0.0	0.0	0.010036699999999999	0.0	0.0	0.0	0.0	0.0	0.0	5.86791e-05	0.0	0.0	0.0	0.0	0.0	0.00131817	0.000634811	0.0007062679999999999	0.000389699	0.0	0.0007312660000000001	0.00161332	0.0	0.000619587	0.00048781	0.0	0.0004999770000000001	0.0007229760000000001	0.00117125	0.0	0.000600726	0.000685279	7.72186e-05	0.0	0.0	0.0	0.004441929999999999	0.0025858499999999998	0.00228456	0.000258212	0.00482174	0.0014393700000000001	0.00931072	0.0
Hmi-ABas_026-Ex1-02C.clmp.r1r2_fastp	0.0	0.013575300000000002	0.0	0.0	0.00301673	0.0	0.0	0.0	0.0	0.0	0.0	0.0	0.0	0.0	0.0	0.0	0.0	0.0	0.0	0.0	0.0	0.0	0.0	0.0	0.0	0.0	0.0	0.0	0.0	0.0	0.0	0.0	0.0	0.0	0.0	0.0	0.0	0.0	0.0	0.0	0.0	0.0	0.0	0.0	0.0	0.0	0.0	0.0	0.0	0.0	0.0	0.0	0.0136486	0.0	0.0	0.00151906	0.0	0.0	0.00152151	0.0	0.0	0.0	0.0	0.0015276499999999998	0.0	0.0	0.0	0.0	0.0	0.0	0.0	0.0	0.0	0.0	0.0	0.0	0.004737020000000001	0.0	0.0	0.0	0.0	0.0	0.0	0.0	0.0	0.0	0.0	0.0	0.0	0.0	0.0	0.0	0.0	0.0	0.0	0.0	0.0	0.0	0.0	0.0	0.0	0.0	0.0	0.0	0.0	0.0	0.0	0.0	0.0021349299999999997	0.0	0.0	0.0	0.0	0.0	0.0	0.0	0.0	0.0	0.0	0.0	0.0	0.0	0.0	0.0	0.0	0.0	0.0	0.0	0.0	0.0	0.0	0.0	0.0	0.0	0.0	0.0	0.0	0.0	0.0	0.0	0.0	0.0	0.00362608	0.0	0.0	0.0	0.00389696	0.0	0.00408263	0.0
Hmi-ABas_028-Ex1-04C.clmp.r1r2_fastp	0.000283917	0.0555767	0.0104694	0.0	0.00159703	0.0	0.0	0.0	0.0	0.0	0.0	0.0008162600000000001	0.0	0.0	0.0	0.0	0.0	3.54896e-05	0.0	0.0	0.0	0.0	0.0	0.0	0.0	0.0	0.0	0.0	0.0	0.0	0.0	0.0	0.0	0.007419	0.0	0.000142067	0.0	0.0	0.0	0.0	0.0	0.0	0.0	0.0	0.0	0.0	0.0	0.0	0.0	0.0	0.0	0.0	0.0561815	0.0	0.0	0.000251546	0.0	0.0	0.00227215	0.0	7.23412e-05	0.0	0.0	0.00868985	0.0	0.0	0.0	0.0	0.0	0.0	0.0	0.0	0.0	0.0	0.0	0.0	0.0383847	0.0	0.0	0.0	0.0	0.0	0.0	0.0	0.0	0.0	0.0	0.0	0.0	0.0	0.0	0.00892509	0.0	0.0	0.0	0.0	0.0	0.0	0.0	0.0	0.0	0.0	0.0	0.0	0.0	0.0016164600000000001	0.0	0.0	0.0111587	0.0	0.0	0.0	0.0	0.0	0.0	0.0	0.0	0.0	0.0	0.0	0.000161812	0.00103691	0.00104934	0.00039129999999999997	5.6613399999999996e-05	0.0	0.0005805750000000001	0.00164561	5.95291e-05	0.0005430669999999999	0.00042789499999999997	0.0	0.00018842999999999998	0.000573162	0.00103276	0.0	0.000465163	0.000472454	0.000205792	0.0	0.0	0.0	0.00463368	0.00201856	0.00296821	0.0	0.00333401	0.00212499	0.008406199999999999	0.0
Hmi-ABas_030-Ex1-06C.clmp.r1r2_fastp	0.000178976	0.0524912	0.010073799999999999	0.0	0.00189204	0.0	0.0	0.0	0.0	0.0	0.0	0.0006903370000000001	7.67042e-05	0.0	0.0	0.0	0.0	5.11361e-05	0.0	0.0	0.0	0.0	0.0	0.0	0.0	0.0	0.0	0.0	0.0	0.0	0.0	0.0	0.0	0.007263240000000001	0.0	0.0002559	0.0	0.0	0.0	0.0	0.0	0.0	0.0	0.0	0.0	0.0	0.0	0.0	0.0	0.0	0.0	0.0	0.0521337	0.0	0.0	0.000284223	0.0	0.0	0.0020982799999999997	0.0	5.19122e-05	0.0	0.0	0.00820392	0.0	0.0	0.0	0.0	0.0	0.0	0.0	0.0	0.0	0.0	0.0	0.0	0.0352689	0.0	0.0	0.0	0.0	0.0	0.0	0.0	0.0	0.0	0.0	0.0	0.0	0.0	0.0	0.007554180000000001	0.0	0.0	0.0	0.0	0.0	0.0	0.0	0.0	0.0	0.0	0.0	0.0	0.0	0.0015019500000000002	0.0	0.0	0.00975396	0.0	0.0	0.0	0.0	0.0	0.0	0.0	0.0	0.0	0.0	0.0	0.0	0.0011371	0.00107697	0.000455249	0.00021188200000000002	0.0	0.000718813	0.00174069	0.0	0.000775752	0.00044762100000000004	0.0	0.000380092	0.000384038	0.000620683	0.0	0.0008719410000000001	0.000521122	0.000202791	0.0	0.0	0.0	0.0037644600000000003	0.00229428	0.00241168	0.000311389	0.00407296	0.00199262	0.00779307	0.0
Hmi-ABas_031-Ex1-07C.clmp.r1r2_fastp	0.000161051	0.0487019	0.00914771	0.0	0.00177156	0.0	0.0	0.0	0.0	0.0	0.0	0.000418733	0.0	0.0	0.0	0.0	0.0	0.0	0.0	0.0	0.0	0.0	0.0	0.0	0.0	0.0	0.0	0.0	0.0	0.0	0.0	0.0	0.0	0.0060900799999999995	0.0	0.000290206	0.0	0.0	0.0	0.0	0.0	0.0	0.0	0.0	0.0	0.0	0.0	0.0	0.0	0.0	0.0	0.0	0.0477827	0.0	0.0	0.000261359	0.0	0.0	0.00193424	0.0	0.0	0.0	0.0	0.00835786	0.0	0.0	0.0	0.0	0.0	0.0	0.0	0.0	0.0	0.0	0.0	0.0	0.032877699999999996	0.0	0.0	0.0	0.0	0.0	0.0	0.0	0.0	0.0	0.0	0.0	0.0	0.0	0.0	0.00684874	0.0	0.0	0.0	0.0	0.0	0.0	0.0	0.0	0.0	0.0	0.0	0.0	0.0	0.00124432	0.0	0.0	0.00931297	0.0	0.0	0.0	0.0	0.0	0.0	0.0	0.0	0.0	0.0	0.0	0.0	0.0011367	0.000458674	0.000555203	0.000279977	0.0	0.000570075	0.0011496	4.83557e-05	0.0006829690000000001	0.000246295	0.0	0.00025109	0.000507057	0.00107528	0.0	0.0006275089999999999	0.000211468	5.3499e-05	5.41987e-05	5.4952500000000006e-05	0.0	0.0032724900000000003	0.00188289	0.0017909	0.000117187	0.00303827	0.00213467	0.00764452	0.0
Hmi-ABas_032-Ex1-08C.clmp.r1r2_fastp	9.17039e-05	0.0547167	0.0104237	0.0	0.00134499	0.0	0.0	0.0	0.0	0.0	0.0	0.000458519	0.0	0.0	0.0	0.0	0.0	3.0568e-05	0.0	0.0	0.0	0.0	0.0	0.0	0.0	0.0	0.0	0.0	0.0	0.0	0.0	0.0	0.0	0.00822508	0.0	0.00036711	0.0	0.0	0.0	0.0	0.0	0.0	0.0	0.0	0.0	0.0	0.0	0.0	0.0	0.0	0.0	0.0	0.054248000000000005	0.0	0.0	0.000247176	0.0	0.0	0.0024482	0.0	0.0	0.0	0.0	0.009172920000000001	0.0	0.0	0.0	0.0	0.0	0.0	0.0	0.0	0.0	0.0	0.0	0.0	0.037292	0.0	0.0	0.0	0.0	0.0	0.0	0.0	0.0	0.0	0.0	0.0	0.0	0.0	0.0	0.008317739999999999	0.0	0.0	0.0	0.0	0.0	0.0	0.0	0.0	0.0	0.0	0.0	0.0	0.0	0.00143917	0.0	0.0	0.010310999999999999	0.0	0.0	0.0	0.0	0.0	0.0	0.0	0.0	0.0	0.0	0.0	9.01051e-05	0.00113886	0.000783342	0.000512842	0.00023573899999999997	0.0	0.00101406	0.00141712	4.949779999999999e-05	0.000751561	0.0005077009999999999	0.0	0.000260651	0.000686635	0.00107073	0.0	0.00099146	0.000559296	0.000227632	5.79157e-05	0.0	0.0	0.00347852	0.00186024	0.00264953	0.000257147	0.00361256	0.00203192	0.00947516	0.0
Hmi-ABas_033-Ex1-09C.clmp.r1r2_fastp	0.000212582	0.0550232	0.011018799999999999	0.0	0.0019841	0.0	0.0	0.0	0.0	0.0	0.0	0.00042516299999999994	0.0	0.0	0.0	0.0	0.0	7.08605e-05	0.0	0.0	0.0	0.0	0.0	0.0	0.0	0.0	0.0	0.0	0.0	0.0	0.0	0.0	0.0	0.00836417	0.0	0.000354636	0.0	0.0	0.0	0.0	0.0	0.0	0.0	0.0	0.0	0.0	0.0	0.0	0.0	0.0	0.0	0.0	0.054067000000000004	0.0	0.0	0.000431344	0.0	0.0	0.00223775	0.0	3.62012e-05	0.0	0.0	0.009683790000000001	0.0	0.0	0.0	0.0	0.0	0.0	0.0	0.0	0.0	0.0	0.0	0.0	0.0388985	0.0	0.0	0.0	0.0	0.0	0.0	0.0	0.0	0.0	0.0	0.0	0.0	0.0	0.0	0.0086386	0.0	0.0	0.0	0.0	0.0	0.0	0.0	0.0	0.0	0.0	0.0	0.0	0.0	0.00100966	0.0	0.0	0.0108452	0.0	0.0	0.0	0.0	0.0	0.0	0.0	0.0	0.0	0.0	0.0	0.00015924	0.00101955	0.0008677010000000001	0.000493453	0.000221752	0.0	0.00062364	0.00171921	5.79599e-05	0.0005274359999999999	0.00041512399999999995	0.0	0.000182427	0.000615485	0.000872026	0.0	0.00044814199999999995	0.000454326	6.58362e-05	0.0	0.000136094	0.0	0.00274237	0.00235621	0.0012327	0.000369053	0.00271091	0.0016254899999999998	0.00754493	0.0
Hmi-ABas_034-Ex1-10C.clmp.r1r2_fastp	0.000131321	0.05134640000000001	0.00919246	0.0	0.0019698100000000002	0.0	0.0	0.0	0.0	0.0	0.0	0.000295472	3.28302e-05	0.0	0.0	0.0	0.0	0.0	0.0	0.0	0.0	0.0	0.0	0.0	0.0	0.0	0.0	0.0	0.0	0.0	0.0	0.0	0.0	0.006436689999999999	0.0	0.00019716299999999998	0.0	0.0	0.0	0.0	0.0	0.0	0.0	0.0	0.0	0.0	0.0	0.0	0.0	0.0	0.0	0.0	0.05072260000000001	0.0	0.0	0.00023355700000000001	0.0	0.0	0.00180964	0.0	0.0	0.0	0.0	0.00839116	0.0	0.0	0.0	0.0	0.0	0.0	0.0	0.0	0.0	0.0	0.0	0.0	0.0348785	0.0	0.0	0.0	0.0	0.0	0.0	0.0	0.0	0.0	0.0	0.0	0.0	0.0	0.0	0.00823949	0.0	0.0	0.0	0.0	0.0	0.0	0.0	0.0	0.0	0.0	0.0	0.0	0.0	0.0014342299999999999	0.0	0.0	0.00956753	0.0	0.0	0.0	0.0	0.0	0.0	0.0	0.0	0.0	0.0	0.0	0.00020233000000000002	0.000818502	0.000983048	0.000575367	0.000105823	0.0	0.000324769	0.00164325	0.0	0.0008408830000000001	0.0006808680000000001	0.0	0.000465314	0.000588942	0.0008354860000000001	0.0	0.0011037	0.000186566	0.000189351	0.0	0.0	0.0	0.00424116	0.0028002699999999997	0.0027733799999999998	0.00028221999999999996	0.00373755	0.0029504	0.008342220000000001	0.0
Hmi-ABas_036-Ex1-12C.clmp.r1r2_fastp	0.000324654	0.06035310000000001	0.0115252	0.0	0.00198039	0.0	0.0	0.0	0.0	0.0	0.0	0.000681773	0.0	0.0	3.2465399999999996e-05	0.0	0.0	3.2465399999999996e-05	0.0	0.0	0.0	0.0	0.0	0.0	0.0	0.0	0.0	0.0	0.0	0.0	0.0	0.0	0.0	0.0103285	0.0	0.00045516200000000006	0.0	0.0	0.0	0.0	0.0	0.0	0.0	0.0	0.0	0.0	0.0	0.0	0.0	0.0	0.0	0.0	0.0602311	0.0	0.0	0.000634174	0.0	0.0	0.0030263399999999998	0.0	3.38172e-05	0.0	0.0	0.0113044	0.0	0.0	0.0	0.0	0.0	0.0	0.0	0.0	0.0	0.0	0.0	0.0	0.0424099	0.0	0.0	0.0	0.0	0.0	0.0	0.0	0.0	0.0	0.0	0.0	0.0	0.0	0.0	0.0107916	0.0	0.0	0.0	0.0	0.0	0.0	0.0	0.0	0.0	0.0	0.0	0.0	0.0	0.0018610500000000002	0.0	0.0	0.0103327	0.0	0.0	0.0	0.0	0.0	0.0	0.000111871	0.0	0.0	0.0	0.0	0.00011970999999999999	0.00121467	0.00110947	0.000563097	6.34701e-05	0.0	0.000784523	0.00192415	0.0	0.000341615	0.000832509	0.0	0.00042922399999999997	0.000653773	0.0010327	0.0	0.000838759	0.00046506900000000003	0.000315493	0.0	0.0	0.0	0.00357061	0.00250687	0.00272601	8.969e-05	0.0035737800000000004	0.0019809999999999997	0.00811679	0.0
Hmi-ABas_037-Ex1-01D.clmp.r1r2_fastp	0.000254023	0.054578600000000005	0.0116488	0.0	0.00159671	0.0	0.0	0.0	0.0	0.0	0.0	0.0005080449999999999	7.25779e-05	0.0	3.6288900000000004e-05	0.0	0.0	0.0	0.0	0.0	0.0	0.0	0.0	0.0	0.0	0.0	0.0	0.0	0.0	0.0	0.0	0.0	0.0	0.007948970000000001	0.0	0.000217872	0.0	0.0	0.0	0.0	0.0	0.0	0.0	0.0	0.0	0.0	0.0	0.0	0.0	0.0	0.0	0.0	0.0540921	0.0	0.0	0.000183856	0.0	0.0	0.0022892	0.0	0.000148186	0.0	0.0	0.00901897	0.0	0.0	0.0	0.0	0.0	0.0	0.0	0.0	0.0	0.0	0.0	0.0	0.0370882	0.0	0.0	0.0	0.0	0.0	0.0	0.0	0.0	0.0	0.0	0.0	0.0	0.0	0.0	0.00906463	0.0	0.0	0.0	0.0	0.0	0.0	0.0	0.0	0.0	0.0	0.0	0.0	0.0	0.00136758	0.0	0.0	0.0110843	0.0	0.0	0.0	0.0	0.0	0.0	0.0	0.0	0.0	0.0	0.0	0.00011562499999999999	0.00111225	0.0006521189999999999	0.000900661	0.000608173	0.0	0.000436812	0.0013275700000000001	6.40597e-05	0.000714519	0.0008559249999999999	0.0	0.00047414	0.00109954	0.000977177	0.0	0.000647639	0.000292644	0.000148825	7.57705e-05	7.729159999999999e-05	0.0	0.00328948	0.00269279	0.00215952	0.00025420099999999996	0.0032944500000000004	0.0016089000000000001	0.00929894	0.0
Hmi-ABas_038-Ex1-02D.clmp.r1r2_fastp	0.000121625	0.051349900000000004	0.010338100000000001	0.0	0.0019703200000000002	0.0	0.0	0.0	0.0	0.0	0.0	0.000510823	2.4324899999999998e-05	0.0	0.0	0.0	0.0	4.8649799999999996e-05	0.0	0.0	0.0	0.0	0.0	0.0	0.0	0.0	0.0	0.0	0.0	0.0	0.0	0.0	0.0	0.0067888900000000005	0.0	0.000316513	0.0	0.0	0.0	0.0	0.0	0.0	0.0	0.0	0.0	0.0	0.0	0.0	0.0	0.0	0.0	0.0	0.050698	0.0	0.0	0.000345511	0.0	0.0	0.00151119	0.0	2.48484e-05	0.0	0.0	0.00856778	0.0	0.0	0.0	0.0	0.0	0.0	0.0	0.0	0.0	0.0	0.0	0.0	0.034797400000000006	0.0	0.0	0.0	0.0	0.0	0.0	0.0	0.0	0.0	0.0	0.0	0.0	0.0	0.0	0.00798651	0.0	0.0	0.0	0.0	0.0	0.0	0.0	0.0	0.0	0.0	0.0	0.0	0.0	0.00111016	0.0	0.0	0.0104895	0.0	0.0	0.0	0.0	0.0	0.0	0.0	0.0	0.0	0.0	0.0	7.04858e-05	0.00135198	0.0011497	0.00043554	0.000256594	0.0	0.000598761	0.00200456	3.82384e-05	0.000734561	0.00046919199999999995	0.0	0.000479865	0.000525878	0.0009005940000000001	0.0	0.000671288	0.000510521	0.0	4.37682e-05	4.44479e-05	0.0	0.00384997	0.0025093900000000002	0.0025469	0.000287663	0.00415443	0.0014061599999999998	0.0068359	0.0
Hmi-ABas_039-Ex1-03D.clmp.r1r2_fastp	0.000155333	0.0552984	0.0113393	0.0	0.0016309900000000001	0.0	0.0	0.0	0.0	0.0	0.0	0.00046599799999999997	0.0	0.0	0.000116499	0.0	0.0	0.0	0.0	0.0	0.0	0.0	0.0	0.0	0.0	0.0	0.0	0.0	0.0	0.0	0.0	0.0	0.0	0.00796246	0.0	0.000194302	0.0	0.0	0.0	0.0	0.0	0.0	0.0	0.0	0.0	0.0	0.0	0.0	0.0	0.0	0.0	0.0	0.0553418	0.0	0.0	0.000314458	0.0	0.0	0.00205077	0.0	0.0	0.0	0.0	0.009058120000000001	0.0	0.0	0.0	0.0	0.0	0.0	0.0	0.0	0.0	0.0	0.0	0.0	0.0373252	0.0	0.0	0.0	0.0	0.0	0.0	0.0	0.0	0.0	0.0	0.0	0.0	0.0	0.0	0.00924666	0.0	0.0	0.0	0.0	0.0	0.0	0.0	0.0	0.0	0.0	0.0	0.0	0.0	0.00195993	0.0	0.0	0.011563	0.0	0.0	0.0	0.0	0.0	0.0	0.0	0.0	0.0	0.0	0.0	0.000112985	0.00119915	0.000981665	0.000291941	0.000236116	0.0	0.000603763	0.00177122	0.00018553	0.000438151	0.00114101	0.0	0.000649955	0.00019758799999999998	0.00140141	0.0	0.0013032599999999999	0.000347965	7.07074e-05	7.18865e-05	7.31642e-05	0.0	0.004162180000000001	0.00253747	0.00312524	0.0	0.00405699	0.00283495	0.00750879	0.0
Hmi-ABas_040-Ex1-04D.clmp.r1r2_fastp	9.29928e-05	0.053966799999999995	0.0105392	0.0	0.0017048700000000003	0.0	0.0	0.0	0.0	0.0	0.0	0.00043396699999999995	6.19952e-05	0.0	0.0	0.0	0.0	0.0	0.0	0.0	0.0	0.0	0.0	0.0	0.0	0.0	0.0	0.0	0.0	0.0	0.0	0.0	0.0	0.0071312300000000006	0.0	0.000279198	0.0	0.0	0.0	0.0	0.0	0.0	0.0	0.0	0.0	0.0	0.0	0.0	0.0	0.0	0.0	0.0	0.0532166	0.0	0.0	0.00028260000000000004	0.0	0.0	0.0018593700000000002	0.0	0.0	0.0	0.0	0.00854531	0.0	0.0	0.0	0.0	0.0	0.0	0.0	0.0	0.0	0.0	0.0	0.0	0.0361304	0.0	0.0	0.0	0.0	0.0	0.0	0.0	0.0	0.0	0.0	0.0	0.0	0.0	0.0	0.00872176	0.0	0.0	0.0	0.0	0.0	0.0	0.0	0.0	0.0	0.0	0.0	0.0	0.0	0.00139212	0.0	0.0	0.011435200000000001	0.0	0.0	0.0	0.0	0.0	0.0	0.0	0.0	0.0	0.0	0.0	9.19421e-05	0.00134757	0.000610875	0.000427642	0.00048049000000000003	0.0	0.000590181	0.00129388	0.0	0.00107041	0.000516209	0.0	0.000582242	0.00048255699999999994	0.0012500100000000002	0.0	0.00122976	0.00051042	0.00011521599999999999	5.85409e-05	0.00011924400000000001	0.0	0.0033278599999999998	0.0027540999999999998	0.00235437	0.000388907	0.00364048	0.00211258	0.00873598	0.0
Hmi-ABas_041-Ex1-05D.clmp.r1r2_fastp	0.000151597	0.0511894	0.009803300000000001	0.0	0.00169284	0.0	0.0	0.0	0.0	0.0	0.0	0.0006316560000000001	0.0	0.0	0.0	0.0	0.0	5.05325e-05	0.0	0.0	0.0	0.0	0.0	0.0	0.0	0.0	0.0	0.0	0.0	0.0	0.0	0.0	0.0	0.00664708	0.0	0.00020232899999999998	0.0	0.0	0.0	0.0	0.0	0.0	0.0	0.0	0.0	0.0	0.0	0.0	0.0	0.0	0.0	0.0	0.04968550000000001	0.0	0.0	0.000178946	0.0	0.0	0.0018712	0.0	2.5683600000000003e-05	0.0	0.0	0.00773202	0.0	0.0	0.0	0.0	0.0	0.0	0.0	0.0	0.0	0.0	0.0	0.0	0.0340911	0.0	0.0	0.0	0.0	0.0	0.0	0.0	0.0	0.0	0.0	0.0	0.0	0.0	0.0	0.00848874	0.0	0.0	0.0	0.0	0.0	0.0	0.0	0.0	0.0	0.0	0.0	0.0	0.0	0.00169216	0.0	0.0	0.0105654	0.0	0.0	0.0	0.0	0.0	0.0	0.0	0.0	0.0	0.0	0.0	0.000134576	0.00122079	0.00143571	0.000344762	0.000312999	0.0	0.000672258	0.00189166	3.6023100000000004e-05	0.000691023	0.0007709220000000001	0.0	0.00048614099999999994	0.000566266	0.000648127	0.0	0.0011675799999999999	0.0005115899999999999	7.96123e-05	4.02995e-05	0.000245106	4.1449099999999996e-05	0.00352082	0.00233118	0.0024017	8.69762e-05	0.00353747	0.0018558000000000001	0.0072215	0.0
Hmi-ABas_042-Ex1-06D.clmp.r1r2_fastp	0.000305422	0.0537925	0.010651599999999999	0.0	0.00221431	0.0	0.0	0.0	0.0	0.0	0.0	0.000419955	7.63555e-05	0.0	0.0	0.0	0.0	0.0	0.0	0.0	0.0	0.0	0.0	0.0	0.0	0.0	0.0	0.0	0.0	0.0	0.0	0.0	0.0	0.007102659999999999	0.0	0.000267435	0.0	0.0	0.0	0.0	0.0	0.0	0.0	0.0	0.0	0.0	0.0	0.0	0.0	0.0	0.0	0.0	0.0547483	0.0	0.0	0.000193354	0.0	0.0	0.0019014499999999998	0.0	7.78233e-05	0.0	0.0	0.00852493	0.0	0.0	0.0	0.0	0.0	0.0	0.0	0.0	0.0	0.0	0.0	0.0	0.0376262	0.0	0.0	0.0	0.0	0.0	0.0	0.0	0.0	0.0	0.0	0.0	0.0	0.0	0.0	0.00873494	0.0	0.0	0.0	0.0	0.0	0.0	0.0	0.0	0.0	0.0	0.0	0.0	0.0	0.00123999	0.0	0.0	0.0115599	0.0	0.0	0.0	0.0	0.0	0.0	0.0	0.0	0.0	0.0	0.0	5.36797e-05	0.00129991	0.00103838	0.0006616710000000001	0.000111241	0.0	0.000736119	0.00205818	0.0	0.0007573489999999999	0.000529333	0.0	0.000179954	0.0008486590000000001	0.00128658	6.191089999999999e-05	0.000751411	0.0005071899999999999	0.000128279	0.0	0.0	0.0	0.00465714	0.00266255	0.0031136700000000002	0.00021049800000000002	0.00442365	0.0024092099999999997	0.00904575	0.0
Hmi-ABas_043-Ex1-07D.clmp.r1r2_fastp	0.000221908	0.0544942	0.00966884	0.0	0.00174356	0.0	0.0	0.0	0.0	0.0	0.0	0.000412115	0.0	0.0	0.0	0.0	0.0	0.0	0.0	0.0	0.0	0.0	0.0	0.0	0.0	0.0	0.0	0.0	0.0	0.0	0.0	0.0	0.0	0.00726075	0.0	9.515310000000001e-05	0.0	0.0	0.0	0.0	0.0	0.0	0.0	0.0	0.0	0.0	0.0	0.0	0.0	0.0	0.0	0.0	0.053157699999999995	0.0	0.0	0.00022344900000000002	0.0	0.0	0.0022711700000000003	0.0	9.6126e-05	0.0	0.0	0.00874269	0.0	0.0	0.0	0.0	0.0	0.0	0.0	0.0	0.0	0.0	0.0	0.0	0.0370268	0.0	0.0	0.0	0.0	0.0	0.0	0.0	0.0	0.0	0.0	0.0	0.0	0.0	0.0	0.00789857	0.0	0.0	0.0	0.0	0.0	0.0	0.0	0.0	0.0	0.0	0.0	0.0	0.0	0.00103614	0.0	0.0	0.010625500000000001	0.0	0.0	0.0	0.0	0.0	0.0	0.0	0.0	0.0	0.0	0.0	9.355029999999999e-05	0.0012309200000000001	0.00114986	0.0009214830000000001	0.000490996	0.0	0.000352189	0.00198709	0.0	0.00078459	0.000795508	0.0	0.00032676199999999997	0.000993945	0.000839689	0.0	0.000980255	0.000175772	5.95855e-05	0.0	0.0	0.0	0.004038320000000001	0.00319258	0.0021208999999999998	0.000270266	0.0031773699999999997	0.0023475	0.006870950000000001	0.0
Hmi-ABas_044-Ex1-08D.clmp.r1r2_fastp	0.000144724	0.0521007	0.0105649	0.0	0.00202614	0.0	0.0	0.0	0.0	0.0	0.0	0.0	0.0	0.0	0.0	0.0	0.0	0.000144724	0.0	0.0	0.0	0.0	0.0	0.0	0.0	0.0	0.0	0.0	0.0	0.0	0.0	0.0	0.0	0.00796199	0.0	0.000434522	0.0	0.0	0.0	0.0	0.0	0.0	0.0	0.0	0.0	0.0	0.0	0.0	0.0	0.0	0.0	0.0	0.0509419	0.0	0.0	0.000146318	0.0	0.0	0.00190731	0.0	0.0	0.0	0.0	0.0107721	0.0	0.0	0.0	0.0	0.0	0.0	0.0	0.0	0.0	0.0	0.0	0.0	0.0379913	0.0	0.0	0.0	0.0	0.0	0.0	0.0	0.0	0.0	0.0	0.0	0.0	0.0	0.0	0.0100952	0.0	0.0	0.0	0.0	0.0	0.0	0.0	0.0	0.0	0.0	0.0	0.0	0.0	0.0012596	0.0	0.0	0.00959116	0.0	0.0	0.0	0.0	0.0	0.0	0.0	0.0	0.0	0.0	0.0	0.00020642000000000002	0.0008348950000000001	0.000842991	0.0008520860000000001	0.00021530399999999998	0.0	0.000440035	0.00155695	0.00022503899999999998	0.0	0.0016120499999999999	0.0	0.000944523	0.000956174	0.000726318	0.0	0.00124317	0.00025245000000000004	0.0	0.000260162	0.0	0.0	0.00327156	0.00359716	0.0030929200000000003	0.0	0.00321905	0.00210991	0.0069538199999999994	0.0
Hmi-ABas_045-Ex1-09D.clmp.r1r2_fastp	0.00010448900000000001	0.051861599999999994	0.010239999999999999	0.0	0.00170666	0.0	0.0	0.0	0.0	0.0	0.0	0.000626937	3.48298e-05	0.0	0.0	0.0	0.0	0.0	0.0	0.0	0.0	0.0	0.0	0.0	0.0	0.0	0.0	0.0	0.0	0.0	0.0	0.0	0.0	0.00797872	0.0	0.000522974	0.0	0.0	0.0	0.0	0.0	0.0	0.0	0.0	0.0	0.0	0.0	0.0	0.0	0.0	0.0	0.0	0.051199600000000005	0.0	0.0	0.000353807	0.0	0.0	0.00181156	0.0	0.00010688400000000002	0.0	0.0	0.009419700000000001	0.0	0.0	0.0	0.0	0.0	0.0	0.0	0.0	0.0	0.0	0.0	0.0	0.0350981	0.0	0.0	0.0	0.0	0.0	0.0	0.0	0.0	0.0	0.0	0.0	0.0	0.0	0.0	0.00792085	0.0	0.0	0.0	0.0	0.0	0.0	0.0	0.0	0.0	0.0	0.0	0.0	0.0	0.00113577	0.0	0.0	0.009160680000000001	0.0	0.0	0.0	0.0	0.0	0.0	0.0	0.0	0.0	0.0	0.0	0.000147744	0.00114256	0.00125297	0.000707974	0.000255139	0.0	0.000727877	0.00178451	0.0	0.000696057	0.000703063	0.0	0.000275753	0.0008358660000000001	0.0005627820000000001	0.0	0.000690257	0.000523734	0.000176767	0.0	6.0612800000000004e-05	0.0	0.003988279999999999	0.00290003	0.00229789	6.480860000000001e-05	0.0040214199999999995	0.00236472	0.00826288	0.0
Hmi-ABas_046-Ex1-10D.clmp.r1r2_fastp	0.00010265300000000001	0.0525583	0.011086500000000001	0.0	0.0019504000000000001	0.0	0.0	0.0	0.0	0.0	0.0	0.00047904699999999997	3.42176e-05	0.0	0.0	0.0	0.0	0.0	0.0	0.0	0.0	0.0	0.0	0.0	0.0	0.0	0.0	0.0	0.0	0.0	0.0	0.0	0.0	0.0072216	0.0	0.000171214	0.0	0.0	0.0	0.0	0.0	0.0	0.0	0.0	0.0	0.0	0.0	0.0	0.0	0.0	0.0	0.0	0.0525974	0.0	0.0	0.00020836799999999998	0.0	0.0	0.0017439699999999999	0.0	3.49978e-05	0.0	0.0	0.00926081	0.0	0.0	0.0	0.0	0.0	0.0	0.0	0.0	0.0	0.0	0.0	0.0	0.0364752	0.0	0.0	0.0	0.0	0.0	0.0	0.0	0.0	0.0	0.0	0.0	0.0	0.0	0.0	0.008441	0.0	0.0	0.0	0.0	0.0	0.0	0.0	0.0	0.0	0.0	0.0	0.0	0.0	0.00115482	0.0	0.0	0.0100667	0.0	0.0	0.0	0.0	0.0	0.0	0.0	0.0	0.0	0.0	0.0	0.0	0.000721471	0.00039348	0.00039851899999999996	0.000346182	0.0	0.000355137	0.0013189299999999998	0.0	0.000738872	0.000249688	0.0	0.000192505	0.000521292	0.00158628	0.0	0.00047728	0.000277194	7.04654e-05	0.0	0.0	0.0	0.00333347	0.00223229	0.00156667	0.000159787	0.0035930299999999997	0.00193315	0.00829624	0.0
Hmi-ABas_047-Ex1-11D.clmp.r1r2_fastp	0.00038306399999999996	0.0552378	0.00949999	0.0	0.0019919300000000003	0.0	0.0	0.0	0.0	0.0	0.0	0.00038306399999999996	0.0	0.0	0.0	0.0	0.0	3.8306399999999996e-05	0.0	0.0	0.0	0.0	0.0	0.0	0.0	0.0	0.0	0.0	0.0	0.0	0.0	0.0	0.0	0.00785472	0.0	0.000306696	0.0	0.0	0.0	0.0	0.0	0.0	0.0	0.0	0.0	0.0	0.0	0.0	0.0	0.0	0.0	0.0	0.0557691	0.0	0.0	0.00011636599999999999	0.0	0.0	0.00210211	0.0	0.0	0.0	0.0	0.00996597	0.0	0.0	0.0	0.0	0.0	0.0	0.0	0.0	0.0	0.0	0.0	0.0	0.0381944	0.0	0.0	0.0	0.0	0.0	0.0	0.0	0.0	0.0	0.0	0.0	0.0	0.0	0.0	0.00832389	0.0	0.0	0.0	0.0	0.0	0.0	0.0	0.0	0.0	0.0	0.0	0.0	0.0	0.0013051199999999999	0.0	0.0	0.010386399999999999	0.0	0.0	0.0	0.0	0.0	0.0	0.0	0.0	0.0	0.0	0.0	5.87448e-05	0.00118845	0.00120316	0.00042608900000000005	0.000554578	0.0	0.000694527	0.0019175800000000001	0.0	0.000458848	0.000597519	0.0	0.000544985	0.0008981729999999999	0.00112047	0.0	0.000936125	0.0005115709999999999	0.00022279599999999999	0.0	7.681369999999999e-05	7.82637e-05	0.00413231	0.0029070000000000003	0.0027927	8.37138e-05	0.00444698	0.00220081	0.007760410000000001	0.0
Hmi-AMac_001-Ex1-12D.clmp.r1r2_fastp	0.000173732	0.0561502	0.0108409	0.0	0.00211953	0.0	0.0	0.0	0.0	0.0	0.0	0.000694928	6.94928e-05	0.0	0.0	0.0	0.0	6.94928e-05	0.0	0.0	0.0	0.0	0.0	0.0	0.0	0.0	0.0	0.0	0.0	0.0	0.0	0.0	0.0	0.00834234	0.0	0.000347905	0.0	0.0	0.0	0.0	0.0	0.0	0.0	0.0	0.0	0.0	0.0	0.0	0.0	0.0	0.0	0.0	0.0556562	0.0	0.0	0.000393199	0.0	0.0	0.0022329	0.0	0.000181063	0.0	0.0	0.0108594	0.0	0.0	0.0	0.0	0.0	0.0	0.0	0.0	0.0	0.0	0.0	0.0	0.0389073	0.0	0.0	0.0	0.0	0.0	0.0	0.0	0.0	0.0	0.0	0.0	0.0	0.0	0.0	0.00917485	0.0	0.0	0.0	0.0	0.0	0.0	0.0	0.0	0.0	0.0	0.0	0.0	0.0	0.0010696199999999999	0.0	0.0	0.0106082	0.0	0.0	0.0	0.0	0.0	0.0	0.0	0.0	0.0	0.0	0.0	6.141520000000001e-05	0.00155553	0.00132459	0.000767348	0.00019445799999999997	0.0	0.000799468	0.0018233700000000002	0.0	0.00055538	0.000774368	0.0	0.00043490999999999994	0.000515089	0.000971009	0.0	0.0013876399999999999	0.000548913	7.979510000000001e-05	0.0	8.28364e-05	0.0	0.0036981199999999996	0.00279679	0.00284494	0.00018134099999999998	0.00398115	0.0019078600000000002	0.008120810000000001	0.0
Hmi-AMac_002-Ex1-01G.clmp.r1r2_fastp	4.55616e-05	0.0544916	0.0104792	0.0	0.0015946600000000001	0.0	0.0	0.0	0.0	0.0	0.0	0.00041005400000000003	0.0	0.0	0.0	0.0	0.0	0.0	0.0	0.0	0.0	0.0	0.0	0.0	0.0	0.0	0.0	0.0	0.0	0.0	0.0	0.0	0.0	0.00893423	0.0	0.000456363	0.0	0.0	0.0	0.0	0.0	0.0	0.0	0.0	0.0	0.0	0.0	0.0	0.0	0.0	0.0	0.0	0.0548869	0.0	0.0	0.000424643	0.0	0.0	0.00209387	0.0	4.7892299999999995e-05	0.0	0.0	0.0092473	0.0	0.0	0.0	0.0	0.0	0.0	0.0	0.0	0.0	0.0	0.0	0.0	0.038117899999999996	0.0	0.0	0.0	0.0	0.0	0.0	0.0	0.0	0.0	0.0	0.0	0.0	0.0	0.0	0.00851469	0.0	0.0	0.0	0.0	0.0	0.0	0.0	0.0	0.0	0.0	0.0	0.0	0.0	0.0015998499999999999	0.0	0.0	0.0112013	0.0	0.0	0.0	0.0	0.0	0.0	0.0	0.0	0.0	0.0	0.0	8.481330000000001e-05	0.000688267	0.0008726700000000001	0.000620242	0.000179821	0.0	0.00018538299999999998	0.00197437	0.0	0.0	0.00029537000000000004	0.0	0.000304803	0.0008261140000000001	0.000734596	0.0	0.00021721100000000003	0.00022099300000000003	0.0	0.0	0.0	0.0	0.00255264	0.00210225	0.00100803	0.0	0.0023757500000000003	0.0028585299999999998	0.00660282	0.0
Hmi-AMac_003-Ex1-02G.clmp.r1r2_fastp	0.000284754	0.042357099999999995	0.00882737	0.0	0.00138818	0.0	0.0	0.0	0.0	0.0	0.0	0.000355942	0.0	0.0	0.0	0.0	0.0	3.55942e-05	0.0	0.0	0.0	0.0	0.0	0.0	0.0	0.0	0.0	0.0	0.0	0.0	0.0	0.0	0.0	0.00519851	0.0	0.000249399	0.0	0.0	0.0	0.0	0.0	0.0	0.0	0.0	0.0	0.0	0.0	0.0	0.0	0.0	0.0	0.0	0.041000299999999996	0.0	0.0	0.000144067	0.0	0.0	0.00130025	0.0	0.0	0.0	0.0	0.006284550000000001	0.0	0.0	0.0	0.0	0.0	0.0	0.0	0.0	0.0	0.0	0.0	0.0	0.027149999999999997	0.0	0.0	0.0	0.0	0.0	0.0	0.0	0.0	0.0	0.0	0.0	0.0	0.0	0.0	0.00586702	0.0	0.0	0.0	0.0	0.0	0.0	0.0	0.0	0.0	0.0	0.0	0.0	0.0	0.00141873	0.0	0.0	0.007505400000000001	0.0	0.0	0.0	0.0	0.0	0.0	0.0	0.0	0.0	0.0	0.0	4.55116e-05	0.000824246	0.00101385	0.000417471	0.000280127	0.0	0.000425954	0.00181045	0.0	0.00043485400000000003	0.000389333	0.0	0.000246939	0.00044778499999999997	0.0008024429999999999	0.0	0.0005607009999999999	0.00025726300000000003	5.19399e-05	0.0	5.30967e-05	0.0	0.00336134	0.00175113	0.00254287	0.000111976	0.00295665	0.0018629	0.00603391	0.0
Hmi-AMac_004-Ex1-03G.clmp.r1r2_fastp	0.00022100699999999998	0.0510526	0.0095475	0.0	0.0018564599999999999	0.0	0.0	0.0	0.0	0.0	0.0	0.000530417	4.42014e-05	0.0	4.42014e-05	0.0	0.0	0.0	0.0	0.0	0.0	0.0	0.0	0.0	0.0	0.0	0.0	0.0	0.0	0.0	0.0	0.0	0.0	0.0074278700000000005	0.0	0.000309709	0.0	0.0	0.0	0.0	0.0	0.0	0.0	0.0	0.0	0.0	0.0	0.0	0.0	0.0	0.0	0.0	0.05016349999999999	0.0	0.0	8.97039e-05	0.0	0.0	0.00202607	0.0	9.030710000000001e-05	0.0	0.0	0.00921276	0.0	0.0	0.0	0.0	0.0	0.0	0.0	0.0	0.0	0.0	0.0	0.0	0.0338762	0.0	0.0	0.0	0.0	0.0	0.0	0.0	0.0	0.0	0.0	0.0	0.0	0.0	0.0	0.00755508	0.0	0.0	0.0	0.0	0.0	0.0	0.0	0.0	0.0	0.0	0.0	0.0	0.0	0.0017073400000000001	0.0	0.0	0.010195	0.0	0.0	0.0	0.0	0.0	0.0	0.0	0.0	0.0	0.0	0.0	6.20429e-05	0.00112622	0.0012622999999999998	0.000636701	0.000321243	0.0	0.000588097	0.00171484	6.65549e-05	0.000671713	0.000339012	0.0	0.00013823699999999998	0.0008376369999999999	0.000634608	0.0	0.0008639780000000001	0.000436629	0.000441614	7.44868e-05	7.54411e-05	0.0	0.00340469	0.00289691	0.0026145599999999997	0.00016074400000000002	0.0040861000000000005	0.0019244000000000002	0.007165159999999999	0.0
Hmi-AMac_005-Ex1-04G.clmp.r1r2_fastp	0.00011373000000000001	0.0553868	0.00966709	0.0	0.00181969	0.0	0.0	0.0	0.0	0.0	0.0	0.0004928319999999999	3.79102e-05	0.0	0.0	0.0	0.0	0.0	0.0	0.0	0.0	0.0	0.0	0.0	0.0	0.0	0.0	0.0	0.0	0.0	0.0	0.0	0.0	0.00735701	0.0	0.000303603	0.0	0.0	0.0	0.0	0.0	0.0	0.0	0.0	0.0	0.0	0.0	0.0	0.0	0.0	0.0	0.0	0.0547052	0.0	0.0	0.00038598800000000003	0.0	0.0	0.00263675	0.0	3.89103e-05	0.0	0.0	0.009671260000000001	0.0	0.0	0.0	0.0	0.0	0.0	0.0	0.0	0.0	0.0	0.0	0.0	0.0393048	0.0	0.0	0.0	0.0	0.0	0.0	0.0	0.0	0.0	0.0	0.0	0.0	0.0	0.0	0.009640909999999999	0.0	0.0	0.0	0.0	0.0	0.0	0.0	0.0	0.0	0.0	0.0	0.0	0.0	0.00131188	0.0	0.0	0.0113174	0.0	0.0	0.0	0.0	0.0	0.0	0.0	0.0	0.0	0.0	0.0	0.00017658099999999998	0.00101179	0.0010228799999999999	0.000365263	0.00043115899999999997	0.0	0.000693504	0.0018501799999999999	0.0	0.000850199	0.000596066	0.0	0.000407558	0.000275201	0.00153338	0.0	0.0007889370000000001	0.000582029	7.38234e-05	0.0	0.0	0.0	0.00402686	0.00208403	0.0029349800000000002	8.30423e-05	0.00406372	0.0019129	0.00864563	0.0
Hmi-AMac_006-Ex1-05G.clmp.r1r2_fastp	0.00013847300000000001	0.0480156	0.00958926	0.0	0.0015924399999999999	0.0	0.0	0.0	0.0	0.0	0.0	0.000657747	3.46183e-05	0.0	0.0	0.0	0.0	3.46183e-05	0.0	0.0	0.0	0.0	0.0	0.0	0.0	0.0	0.0	0.0	0.0	0.0	0.0	0.0	0.0	0.00574857	0.0	0.000138606	0.0	0.0	0.0	0.0	0.0	0.0	0.0	0.0	0.0	0.0	0.0	0.0	0.0	0.0	0.0	0.0	0.0467378	0.0	0.0	0.000139879	0.0	0.0	0.0014019500000000001	0.0	0.0	0.0	0.0	0.00728943	0.0	0.0	0.0	0.0	0.0	0.0	0.0	0.0	0.0	0.0	0.0	0.0	0.031526599999999995	0.0	0.0	0.0	0.0	0.0	0.0	0.0	0.0	0.0	0.0	0.0	0.0	0.0	0.0	0.00783613	0.0	0.0	0.0	0.0	0.0	0.0	0.0	0.0	0.0	0.0	0.0	0.0	0.0	0.0014266399999999999	0.0	0.0	0.00921963	0.0	0.0	0.0	0.0	0.0	0.0	0.0	0.0	0.0	0.0	0.0	9.04097e-05	0.0016397	0.000964025	0.000323953	0.00037326	0.0	0.0007590920000000001	0.00167448	0.0	0.000779046	0.000639004	0.0	0.000450403	0.000404192	0.0009687510000000001	0.0	0.000884523	0.000473294	0.000212928	5.3909800000000003e-05	0.0	0.0	0.0035883200000000003	0.0022657	0.0021778699999999997	0.000174318	0.00354583	0.00169479	0.00821903	0.0
Hmi-AMac_007-Ex1-06G.clmp.r1r2_fastp	0.00014387000000000002	0.0478511	0.00874728	0.0	0.00195663	0.0	0.0	0.0	0.0	0.0	0.0	0.000460383	0.0	0.0	0.0	0.0	0.0	8.632190000000001e-05	0.0	0.0	0.0	0.0	0.0	0.0	0.0	0.0	0.0	0.0	0.0	0.0	0.0	0.0	0.0	0.006389379999999999	0.0	0.000403168	0.0	0.0	0.0	0.0	0.0	0.0	0.0	0.0	0.0	0.0	0.0	0.0	0.0	0.0	0.0	0.0	0.046388	0.0	0.0	0.000232369	0.0	0.0	0.0018629400000000002	0.0	0.0	0.0	0.0	0.00730999	0.0	0.0	0.0	0.0	0.0	0.0	0.0	0.0	0.0	0.0	0.0	0.0	0.0310909	0.0	0.0	0.0	0.0	0.0	0.0	0.0	0.0	0.0	0.0	0.0	0.0	0.0	0.0	0.00680498	0.0	0.0	0.0	0.0	0.0	0.0	0.0	0.0	0.0	0.0	0.0	0.0	0.0	0.00107624	0.0	0.0	0.009483749999999999	0.0	0.0	0.0	0.0	0.0	0.0	0.0	0.0	0.0	0.0	0.0	3.70538e-05	0.000895781	0.000940324	0.000530636	0.000458273	0.0	0.000387981	0.00160368	3.94435e-05	0.000596594	0.000361103	0.0	0.000285789	0.0008234310000000001	0.00062307	0.0	0.000720056	0.000342402	4.32683e-05	0.0	0.0	0.0	0.0031352600000000004	0.0024335700000000004	0.00241457	0.00023534499999999998	0.00281991	0.00200663	0.00735802	0.0
Hmi-AMac_008-Ex1-07G.clmp.r1r2_fastp	3.64143e-05	0.0503974	0.009904689999999999	0.0	0.0015294	0.0	0.0	0.0	0.0	0.0	0.0	0.0005098	3.64143e-05	0.0	0.0	0.0	0.0	3.64143e-05	0.0	0.0	0.0	0.0	0.0	0.0	0.0	0.0	0.0	0.0	0.0	0.0	0.0	0.0	0.0	0.006920399999999999	0.0	0.000364467	0.0	0.0	0.0	0.0	0.0	0.0	0.0	0.0	0.0	0.0	0.0	0.0	0.0	0.0	0.0	0.0	0.0488353	0.0	0.0	0.000295586	0.0	0.0	0.00170625	0.0	7.440700000000001e-05	0.0	0.0	0.00804062	0.0	0.0	0.0	0.0	0.0	0.0	0.0	0.0	0.0	0.0	0.0	0.0	0.0345228	0.0	0.0	0.0	0.0	0.0	0.0	0.0	0.0	0.0	0.0	0.0	0.0	0.0	0.0	0.00822581	0.0	0.0	0.0	0.0	0.0	0.0	0.0	0.0	0.0	0.0	0.0	0.0	0.0	0.00134685	0.0	0.0	0.0101345	0.0	0.0	0.0	0.0	0.0	0.0	5.04908e-05	0.0	0.0	0.0	0.0	0.0	0.000852964	0.000968586	0.000217308	0.000383913	0.0	0.00044743399999999997	0.0011864299999999998	5.70604e-05	0.00074946	0.000349463	0.0	0.00035699	0.00042143499999999995	0.000608737	0.0	0.000684681	0.00037811999999999996	0.000127646	6.46897e-05	6.57034e-05	0.0	0.0031116299999999998	0.0021925300000000003	0.00229121	0.000281878	0.00322664	0.0018382499999999998	0.00730254	0.0
Hmi-AMac_009-Ex1-08G.clmp.r1r2_fastp	0.000130688	0.054540399999999996	0.00997584	0.0	0.00200388	0.0	0.0	0.0	0.0	0.0	0.0	0.000609876	4.35626e-05	0.0	0.0	0.0	0.0	0.0	0.0	0.0	0.0	0.0	0.0	0.0	0.0	0.0	0.0	0.0	0.0	0.0	0.0	0.0	0.0	0.0071031	0.0	0.000436113	0.0	0.0	0.0	0.0	0.0	0.0	0.0	0.0	0.0	0.0	0.0	0.0	0.0	0.0	0.0	0.0	0.054151899999999996	0.0	0.0	0.000353928	0.0	0.0	0.00230912	0.0	0.000133608	0.0	0.0	0.00819029	0.0	0.0	0.0	0.0	0.0	0.0	0.0	0.0	0.0	0.0	0.0	0.0	0.036718299999999995	0.0	0.0	0.0	0.0	0.0	0.0	0.0	0.0	0.0	0.0	0.0	0.0	0.0	0.0	0.00793346	0.0	0.0	0.0	0.0	0.0	0.0	0.0	0.0	0.0	0.0	0.0	0.0	0.0	0.0015480300000000002	0.0	0.0	0.0113455	0.0	0.0	0.0	0.0	0.0	0.0	0.0	0.0	0.0	0.0	0.0	0.000254318	0.00115635	0.0009733230000000001	0.000655813	0.00046394199999999996	0.0	0.00067736	0.00171178	6.92306e-05	0.0009097600000000001	0.00021235200000000002	0.0	7.24821e-05	0.000880433	0.0007432750000000001	0.0	0.000533442	0.0005407659999999999	0.00023513299999999997	0.0	8.08258e-05	0.0	0.0033339900000000002	0.00245175	0.00248779	8.72207e-05	0.00337789	0.0019132900000000002	0.00694796	0.0
Hmi-AMac_010-Ex1-09G.clmp.r1r2_fastp	0.000142339	0.0651203	0.012774999999999998	0.0	0.0017792399999999999	0.0	0.0	0.0	0.0	0.0	0.0	0.000320264	0.0	0.0	0.0	0.0	0.0	0.0	0.0	0.0	0.0	0.0	0.0	0.0	0.0	0.0	0.0	0.0	0.0	0.0	0.0	0.0	0.0	0.00896923	0.0	0.00014244300000000002	0.0	0.0	0.0	0.0	0.0	0.0	0.0	0.0	0.0	0.0	0.0	0.0	0.0	0.0	0.0	0.0	0.0650746	0.0	0.0	0.000362017	0.0	0.0	0.002874	0.0	0.000109551	0.0	0.0	0.0117643	0.0	0.0	0.0	0.0	0.0	0.0	0.0	0.0	0.0	0.0	0.0	0.0	0.045119700000000006	0.0	0.0	0.0	0.0	0.0	0.0	0.0	0.0	0.0	0.0	0.0	0.0	0.0	0.0	0.0101534	0.0	0.0	0.0	0.0	0.0	0.0	0.0	0.0	0.0	0.0	0.0	0.0	0.0	0.0014804199999999999	0.0	0.0	0.0134691	0.0	0.0	0.0	0.0	0.0	0.0	0.0	0.0	0.0	0.0	0.0	0.00018180100000000002	0.000985003	0.00125096	0.0005720570000000001	0.000710568	0.0	0.0006677590000000001	0.00162879	0.0	0.000632989	0.00035794	0.0	0.0005199180000000001	0.000907795	0.000924255	0.0	0.000800305	0.000734384	0.00016654200000000002	0.0	0.000174036	0.0	0.00491794	0.0026033999999999996	0.00303944	9.737600000000001e-05	0.0042014999999999995	0.00217186	0.008055070000000001	0.0
Hmi-AMac_011-Ex1-10G.clmp.r1r2_fastp	0.000295384	0.0484007	0.0089881	0.0	0.00202549	0.0	0.0	0.0	0.0	0.0	0.0	0.000632965	0.0	0.0	0.0	0.0	0.0	4.21977e-05	0.0	0.0	0.0	0.0	0.0	0.0	0.0	0.0	0.0	0.0	0.0	0.0	0.0	0.0	0.0	0.00793532	0.0	0.00021117699999999997	0.0	0.0	0.0	0.0	0.0	0.0	0.0	0.0	0.0	0.0	0.0	0.0	0.0	0.0	0.0	0.0	0.0473153	0.0	0.0	0.00021479300000000002	0.0	0.0	0.0019425299999999998	0.0	0.0	0.0	0.0	0.007938830000000001	0.0	0.0	0.0	0.0	0.0	0.0	0.0	0.0	0.0	0.0	0.0	0.0	0.0333811	0.0	0.0	0.0	0.0	0.0	0.0	0.0	0.0	0.0	0.0	0.0	0.0	0.0	0.0	0.006877830000000001	0.0	0.0	0.0	0.0	0.0	0.0	0.0	0.0	0.0	0.0	0.0	0.0	0.0	0.00118955	0.0	0.0	0.00915969	0.0	0.0	0.0	0.0	0.0	0.0	0.0	0.0	0.0	0.0	0.0	6.64199e-05	0.0008736369999999999	0.00102027	0.00048174599999999996	0.00020896100000000002	0.0	0.000285361	0.00180546	0.0	0.00059225	0.00105043	0.0	0.000308151	0.00046841	0.0008706310000000001	0.0	0.0009773779999999999	0.000247905	8.39057e-05	0.0	8.695609999999999e-05	0.0	0.0036891199999999997	0.00319555	0.00241123	0.000283484	0.0027987000000000003	0.0023827400000000004	0.006958540000000001	0.0
Hmi-AMac_012-Ex1-11G.clmp.r1r2_fastp	0.000239333	0.0530977	0.0102913	0.0	0.00170952	0.0	0.0	0.0	0.0	0.0	0.0	0.000444475	0.000102571	0.0	0.0	0.0	0.0	6.838080000000001e-05	0.0	0.0	0.0	0.0	0.0	0.0	0.0	0.0	0.0	0.0	0.0	0.0	0.0	0.0	0.0	0.00745596	0.0	0.000205352	0.0	0.0	0.0	0.0	0.0	0.0	0.0	0.0	0.0	0.0	0.0	0.0	0.0	0.0	0.0	0.0	0.0520211	0.0	0.0	0.000278343	0.0	0.0	0.0020273500000000002	0.0	0.0	0.0	0.0	0.0103097	0.0	0.0	0.0	0.0	0.0	0.0	0.0	0.0	0.0	0.0	0.0	0.0	0.035257000000000004	0.0	0.0	0.0	0.0	0.0	0.0	0.0	0.0	0.0	0.0	0.0	0.0	0.0	0.0	0.00957911	0.0	0.0	0.0	0.0	0.0	0.0	0.0	0.0	0.0	0.0	0.0	0.0	0.0	0.0015332000000000002	0.0	0.0	0.00996742	0.0	0.0	0.0	0.0	0.0	0.0	4.96736e-05	0.0	0.0	0.0	0.0	5.23616e-05	0.0015349299999999999	0.000374567	0.000270614	0.000218846	0.0	0.00061535	0.00118736	5.722170000000001e-05	0.00109994	0.0006445730000000001	0.0	0.0005400720000000001	0.00024318	0.000985075	0.0	0.00120021	0.000384325	0.00019503900000000001	6.60472e-05	6.71625e-05	6.83147e-05	0.00332578	0.00253002	0.0021414900000000002	0.000581031	0.0028133800000000003	0.0019757100000000003	0.00812348	0.0
Hmi-AMac_013-Ex1-12G.clmp.r1r2_fastp	0.000164223	0.05903800000000001	0.012850399999999998	0.0	0.00201173	0.0	0.0	0.0	0.0	0.0	0.0	0.0005747790000000001	0.0	0.0	4.10556e-05	0.0	0.0	8.21113e-05	0.0	0.0	0.0	0.0	0.0	0.0	0.0	0.0	0.0	0.0	0.0	0.0	0.0	0.0	0.0	0.00989757	0.0	0.000369854	0.0	0.0	0.0	0.0	0.0	0.0	0.0	0.0	0.0	0.0	0.0	0.0	0.0	0.0	0.0	0.0	0.0588729	0.0	0.0	0.000294799	0.0	0.0	0.00199513	0.0	0.0	0.0	0.0	0.0116562	0.0	0.0	0.0	0.0	0.0	0.0	0.0	0.0	0.0	0.0	0.0	0.0	0.041047099999999996	0.0	0.0	0.0	0.0	0.0	0.0	0.0	0.0	0.0	0.0	0.0	0.0	0.0	0.0	0.00959801	0.0	0.0	0.0	0.0	0.0	0.0	0.0	0.0	0.0	0.0	0.0	0.0	0.0	0.0016684000000000002	0.0	0.0	0.0117766	0.0	0.0	0.0	0.0	0.0	0.0	0.0	0.0	0.0	0.0	0.0	0.0	0.0017940599999999999	0.00115978	0.000757855	8.56539e-05	0.0	0.00123934	0.00216077	0.0	0.00027948700000000003	0.000379131	0.0	9.81554e-05	0.00089937	0.000814817	0.0	0.000528538	0.000646759	0.00011007600000000001	0.0	0.0	0.0	0.00455548	0.0030546999999999996	0.00287198	0.000255476	0.0047144100000000005	0.0020352499999999997	0.00815842	0.0
Hmi-AMac_014-Ex1-01H.clmp.r1r2_fastp	0.00022357399999999998	0.06819019999999999	0.014711199999999999	0.0	0.00236989	0.0	0.0	0.0	0.0	0.0	0.0	0.000894298	0.0	0.0	0.0	0.0	0.0	0.0	0.0	0.0	0.0	0.0	0.0	0.0	0.0	0.0	0.0	0.0	0.0	0.0	0.0	0.0	0.0	0.0114973	0.0	0.000492633	0.0	0.0	0.0	0.0	0.0	0.0	0.0	0.0	0.0	0.0	0.0	0.0	0.0	0.0	0.0	0.0	0.0684162	0.0	0.0	0.00060263	0.0	0.0	0.00252727	0.0	0.000141405	0.0	0.0	0.0122628	0.0	0.0	0.0	0.0	0.0	0.0	0.0	0.0	0.0	0.0	0.0	0.0	0.047776	0.0	0.0	0.0	0.0	0.0	0.0	0.0	0.0	0.0	0.0	0.0	0.0	0.0	0.0	0.0108225	0.0	0.0	0.0	0.0	0.0	0.0	0.0	0.0	0.0	0.0	0.0	0.0	0.0	0.0014246999999999999	0.0	0.0	0.012372	0.0	0.0	0.0	0.0	0.0	0.0	0.0	0.0	0.0	0.0	0.0	0.0	0.00119588	0.00183028	0.000517966	0.000422565	0.0	0.000549359	0.00246515	0.0	0.0005838940000000001	0.000714895	0.0	0.0004971909999999999	0.00088924	0.00116807	0.0	0.00081353	0.000416223	0.00014206	0.0	0.000149191	0.0	0.003924919999999999	0.0028932999999999997	0.0031303799999999994	0.0	0.00330574	0.00288633	0.00837715	0.0
Hmi-AMac_015-Ex1-02H.clmp.r1r2_fastp	0.00011290900000000001	0.054308999999999996	0.0111027	0.0	0.00154308	0.0	0.0	0.0	0.0	0.0	0.0	0.00026345299999999997	3.7636200000000004e-05	0.0	0.0	0.0	0.0	0.0	0.0	0.0	0.0	0.0	0.0	0.0	0.0	0.0	0.0	0.0	0.0	0.0	0.0	0.0	0.0	0.00828216	0.0	0.000452041	0.0	0.0	0.0	0.0	0.0	0.0	0.0	0.0	0.0	0.0	0.0	0.0	0.0	0.0	0.0	0.0	0.054736900000000005	0.0	0.0	0.000344675	0.0	0.0	0.00211624	0.0	0.0	0.0	0.0	0.00921194	0.0	0.0	0.0	0.0	0.0	0.0	0.0	0.0	0.0	0.0	0.0	0.0	0.0375709	0.0	0.0	0.0	0.0	0.0	0.0	0.0	0.0	0.0	0.0	0.0	0.0	0.0	0.0	0.00907312	0.0	0.0	0.0	0.0	0.0	0.0	0.0	0.0	0.0	0.0	0.0	0.0	0.0	0.0015736	0.0	0.0	0.00989693	0.0	0.0	0.0	0.0	0.0	0.0	0.0	0.0	0.0	0.0	0.0	0.000180662	0.00115868	0.00104928	0.000312652	0.00044339199999999997	0.0	0.000715417	0.00171367	0.0	0.000474417	0.000481064	0.0	0.000495274	0.00043061400000000006	0.0007279840000000001	0.0	0.0011260999999999999	0.000533919	0.000155125	0.0	8.0419e-05	0.0	0.00300596	0.00254685	0.00181376	8.81227e-05	0.0025236300000000002	0.00241542	0.00791356	0.0
Hmi-AMac_016-Ex1-03H.clmp.r1r2_fastp	7.864740000000001e-05	0.055721700000000006	0.0108533	0.0	0.00224145	0.0	0.0	0.0	0.0	0.0	0.0	0.000629179	0.0	0.0	0.0	0.0	0.0	7.864740000000001e-05	0.0	0.0	0.0	0.0	0.0	0.0	0.0	0.0	0.0	0.0	0.0	0.0	0.0	0.0	0.0	0.00829953	0.0	0.000551039	0.0	0.0	0.0	0.0	0.0	0.0	0.0	0.0	0.0	0.0	0.0	0.0	0.0	0.0	0.0	0.0	0.056446199999999995	0.0	0.0	0.000322511	0.0	0.0	0.00223357	0.0	4.0834e-05	0.0	0.0	0.009524069999999999	0.0	0.0	0.0	0.0	0.0	0.0	0.0	0.0	0.0	0.0	0.0	0.0	0.0387206	0.0	0.0	0.0	0.0	0.0	0.0	0.0	0.0	0.0	0.0	0.0	0.0	0.0	0.0	0.00987717	0.0	0.0	0.0	0.0	0.0	0.0	0.0	0.0	0.0	0.0	0.0	0.0	0.0	0.00140253	0.0	0.0	0.010504300000000001	0.0	0.0	0.0	0.0	0.0	0.0	0.000133482	0.0	0.0	0.0	0.0	0.0	0.00225644	0.00103412	0.000375032	0.00045698099999999997	0.0	0.0008634539999999999	0.00167328	0.0	0.0008216100000000001	0.0008350930000000001	0.0	0.0007750560000000001	0.00043780299999999996	0.000978327	0.0	0.000920043	0.0005621199999999999	0.00019099	0.0	0.0	0.0	0.00342099	0.0021126400000000003	0.00161458	0.000329765	0.00348788	0.0022063	0.00770194	0.0
Hmi-AMac_017-Ex1-04H.clmp.r1r2_fastp	0.00020324700000000001	0.0543077	0.0102437	0.0	0.00276416	0.0	0.0	0.0	0.0	0.0	0.0	0.0006503910000000001	4.06494e-05	0.0	0.0	0.0	0.0	4.06494e-05	0.0	0.0	0.0	0.0	0.0	0.0	0.0	0.0	0.0	0.0	0.0	0.0	0.0	0.0	0.0	0.00866158	0.0	0.00036626599999999997	0.0	0.0	0.0	0.0	0.0	0.0	0.0	0.0	0.0	0.0	0.0	0.0	0.0	0.0	0.0	0.0	0.054657800000000006	0.0	0.0	0.00041419899999999997	0.0	0.0	0.00162317	0.0	4.17716e-05	0.0	0.0	0.008871170000000001	0.0	0.0	0.0	0.0	0.0	0.0	0.0	0.0	0.0	0.0	0.0	0.0	0.0383486	0.0	0.0	0.0	0.0	0.0	0.0	0.0	0.0	0.0	0.0	0.0	0.0	0.0	0.0	0.00751956	0.0	0.0	0.0	0.0	0.0	0.0	0.0	0.0	0.0	0.0	0.0	0.0	0.0	0.00139507	0.0	0.0	0.00921072	0.0	0.0	0.0	0.0	0.0	0.0	0.0	0.0	0.0	0.0	0.0	0.000124693	0.00138681	0.00114761	0.000645074	0.000652858	0.0	0.000734952	0.00189314	6.847799999999999e-05	0.000901334	0.000631807	0.0	0.0005034799999999999	0.000729078	0.000738156	0.0	0.0008345100000000001	0.00046189699999999996	0.00039064700000000004	7.93057e-05	8.06573e-05	0.0	0.00425149	0.00313198	0.00275122	0.000262722	0.00357387	0.00174357	0.00758843	0.0
Hmi-AMac_018-Ex1-05H.clmp.r1r2_fastp	0.000167793	0.0461431	0.0089266	0.0	0.0015437	0.0	0.0	0.0	0.0	0.0	0.0	0.000369145	3.35586e-05	0.0	0.0	0.0	0.0	6.711730000000001e-05	0.0	0.0	0.0	0.0	0.0	0.0	0.0	0.0	0.0	0.0	0.0	0.0	0.0	0.0	0.0	0.00607623	0.0	0.000201558	0.0	0.0	0.0	0.0	0.0	0.0	0.0	0.0	0.0	0.0	0.0	0.0	0.0	0.0	0.0	0.0	0.0456805	0.0	0.0	0.000237519	0.0	0.0	0.00207486	0.0	3.40782e-05	0.0	0.0	0.0065999299999999995	0.0	0.0	0.0	0.0	0.0	0.0	0.0	0.0	0.0	0.0	0.0	0.0	0.0324495	0.0	0.0	0.0	0.0	0.0	0.0	0.0	0.0	0.0	0.0	0.0	0.0	0.0	0.0	0.00755634	0.0	0.0	0.0	0.0	0.0	0.0	0.0	0.0	0.0	0.0	0.0	0.0	0.0	0.0014427700000000001	0.0	0.0	0.00870759	0.0	0.0	0.0	0.0	0.0	0.0	0.0	0.0	0.0	0.0	0.0	4.47733e-05	0.000948227	0.0007742119999999999	0.000505309	9.26823e-05	0.0	0.000660426	0.00128517	0.0	0.00072762	0.000195846	0.0	0.000249832	0.0008583929999999999	0.000867222	0.0	0.000469385	0.000211195	0.000214	0.0	5.50855e-05	5.59669e-05	0.0034564100000000005	0.00217966	0.0020352300000000003	0.00017732799999999998	0.0031309500000000004	0.00228823	0.00784411	0.0
Hmi-AMac_019-Ex1-06H.clmp.r1r2_fastp	0.000159102	0.051049199999999996	0.00897792	0.0	0.00143192	0.0	0.0	0.0	0.0	0.0	0.0	0.0007045970000000001	2.27289e-05	0.0	0.0	0.0	0.0	6.818679999999999e-05	0.0	0.0	0.0	0.0	0.0	0.0	0.0	0.0	0.0	0.0	0.0	0.0	0.0	0.0	0.0	0.006820629999999999	0.0	0.000363982	0.0	0.0	0.0	0.0	0.0	0.0	0.0	0.0	0.0	0.0	0.0	0.0	0.0	0.0	0.0	0.0	0.04935029999999999	0.0	0.0	0.00022998399999999997	0.0	0.0	0.0022833800000000002	0.0	6.93439e-05	0.0	0.0	0.008445870000000001	0.0	0.0	0.0	0.0	0.0	0.0	0.0	0.0	0.0	0.0	0.0	0.0	0.0348821	0.0	0.0	0.0	0.0	0.0	0.0	0.0	0.0	0.0	0.0	0.0	0.0	0.0	0.0	0.0072375700000000005	0.0	0.0	0.0	0.0	0.0	0.0	0.0	0.0	0.0	0.0	0.0	0.0	0.0	0.00126524	0.0	0.0	0.00971238	0.0	0.0	0.0	0.0	0.0	0.0	0.0	0.0	0.0	0.0	0.0	3.08393e-05	0.00111962	0.000658954	0.000189915	0.000351355	0.0	0.000553214	0.00144512	3.31612e-05	0.000669647	0.000541044	0.0	0.000518087	0.000244312	0.000952273	3.56736e-05	0.000794011	0.000182809	0.00029625999999999996	0.0	7.626989999999999e-05	0.0	0.00424757	0.00179209	0.00238215	0.000205114	0.00330158	0.00188854	0.007835739999999999	0.0
Hmi-AMac_020-Ex1-07H.clmp.r1r2_fastp	0.00012571499999999998	0.058332	0.0109792	0.0	0.0017600200000000002	0.0	0.0	0.0	0.0	0.0	0.0	0.000460957	0.0	0.0	0.0	0.0	0.0	4.19052e-05	0.0	0.0	0.0	0.0	0.0	0.0	0.0	0.0	0.0	0.0	0.0	0.0	0.0	0.0	0.0	0.00775426	0.0	0.000167742	0.0	0.0	0.0	0.0	0.0	0.0	0.0	0.0	0.0	0.0	0.0	0.0	0.0	0.0	0.0	0.0	0.0569715	0.0	0.0	0.000169483	0.0	0.0	0.00220982	0.0	4.25986e-05	0.0	0.0	0.00975399	0.0	0.0	0.0	0.0	0.0	0.0	0.0	0.0	0.0	0.0	0.0	0.0	0.0394582	0.0	0.0	0.0	0.0	0.0	0.0	0.0	0.0	0.0	0.0	0.0	0.0	0.0	0.0	0.009323999999999999	0.0	0.0	0.0	0.0	0.0	0.0	0.0	0.0	0.0	0.0	0.0	0.0	0.0	0.00138811	0.0	0.0	0.0114079	0.0	0.0	0.0	0.0	0.0	0.0	0.0	0.0	0.0	0.0	0.0	0.00012374199999999998	0.0008754890000000001	0.000695378	0.000255835	0.000323486	0.0	0.000529634	0.00167427	0.0	0.0006166720000000001	0.000624078	0.0	0.000284114	0.000647298	0.000947469	0.0	0.000673615	0.000303504	0.000231048	0.0	0.0	0.0	0.0041109499999999995	0.00258672	0.0029680500000000003	0.000259059	0.004403590000000001	0.00244372	0.00833009	0.0
Hmi-AMac_021-Ex1-08H.clmp.r1r2_fastp	0.000139939	0.0511129	0.00927098	0.0	0.00202912	0.0	0.0	0.0	0.0	0.0	0.0	0.000349848	6.99697e-05	0.0	0.0	0.0	0.0	0.0	0.0	0.0	0.0	0.0	0.0	0.0	0.0	0.0	0.0	0.0	0.0	0.0	0.0	0.0	0.0	0.00626407	0.0	0.000210096	0.0	0.0	0.0	0.0	0.0	0.0	0.0	0.0	0.0	0.0	0.0	0.0	0.0	0.0	0.0	0.0	0.0494299	0.0	0.0	0.00014154100000000002	0.0	0.0	0.00188052	0.0	3.5555799999999996e-05	0.0	0.0	0.00870706	0.0	0.0	0.0	0.0	0.0	0.0	0.0	0.0	0.0	0.0	0.0	0.0	0.0347356	0.0	0.0	0.0	0.0	0.0	0.0	0.0	0.0	0.0	0.0	0.0	0.0	0.0	0.0	0.00810366	0.0	0.0	0.0	0.0	0.0	0.0	0.0	0.0	0.0	0.0	0.0	0.0	0.0	0.00135907	0.0	0.0	0.0107197	0.0	0.0	0.0	0.0	0.0	0.0	4.58416e-05	0.0	0.0	0.0	0.0	0.0	0.00106237	0.00112066	0.000442654	0.000297798	0.0	0.00055635	0.00178655	5.15561e-05	0.00072888	0.000368264	0.0	0.00026868599999999997	0.0004889100000000001	0.0009337340000000001	0.0	0.00101213	0.000284629	0.000230599	5.84486e-05	5.9337800000000006e-05	0.0	0.0037889300000000002	0.0022279599999999997	0.00238424	0.00025492099999999997	0.00305232	0.00259844	0.00753264	0.0
Hmi-AMac_022-Ex1-09H.clmp.r1r2_fastp	0.000245764	0.0655208	0.012878100000000002	0.0	0.00191696	0.0	0.0	0.0	0.0	0.0	0.0	0.000540682	0.0	0.0	0.0	0.0	0.0	0.0	0.0	0.0	0.0	0.0	0.0	0.0	0.0	0.0	0.0	0.0	0.0	0.0	0.0	0.0	0.0	0.010079600000000001	0.0	0.000442826	0.0	0.0	0.0	0.0	0.0	0.0	0.0	0.0	0.0	0.0	0.0	0.0	0.0	0.0	0.0	0.0	0.06707189999999999	0.0	0.0	0.000756086	0.0	0.0	0.00330075	0.0	5.107389999999999e-05	0.0	0.0	0.0118663	0.0	0.0	0.0	0.0	0.0	0.0	0.0	0.0	0.0	0.0	0.0	0.0	0.0480849	0.0	0.0	0.0	0.0	0.0	0.0	0.0	0.0	0.0	0.0	0.0	0.0	0.0	0.0	0.0111585	0.0	0.0	0.0	0.0	0.0	0.0	0.0	0.0	0.0	0.0	0.0	0.0	0.0	0.00140181	0.0	0.0	0.013478500000000001	0.0	0.0	0.0	0.0	0.0	0.0	0.0	0.0	0.0	0.0	0.0	0.0	0.000717698	0.00104553	0.00031976199999999997	0.000108704	0.0	0.000678891	0.00196299	0.0	0.000721325	0.000245678	0.0	0.000384418	0.000392525	0.00133707	0.0	0.000699462	0.000430047	0.000293791	0.0	0.0	0.0	0.0062017800000000005	0.00234308	0.0034412999999999996	0.000354783	0.00421642	0.0034319100000000003	0.008296739999999999	0.0
Hmi-AMac_023-Ex1-10H.clmp.r1r2_fastp	0.000327665	0.0517711	0.00968953	0.0	0.00159152	0.0	0.0	0.0	0.0	0.0	0.0	0.000468093	0.0	0.0	0.0	0.0	0.0	9.36186e-05	0.0	0.0	0.0	0.0	0.0	0.0	0.0	0.0	0.0	0.0	0.0	0.0	0.0	0.0	0.0	0.007491459999999999	0.0	0.00037480200000000003	0.0	0.0	0.0	0.0	0.0	0.0	0.0	0.0	0.0	0.0	0.0	0.0	0.0	0.0	0.0	0.0	0.051030900000000004	0.0	0.0	0.000333802	0.0	0.0	0.0015343199999999998	0.0	4.81448e-05	0.0	0.0	0.009505389999999999	0.0	0.0	0.0	0.0	0.0	0.0	0.0	0.0	0.0	0.0	0.0	0.0	0.035976	0.0	0.0	0.0	0.0	0.0	0.0	0.0	0.0	0.0	0.0	0.0	0.0	0.0	0.0	0.00797537	0.0	0.0	0.0	0.0	0.0	0.0	0.0	0.0	0.0	0.0	0.0	0.0	0.0	0.0014426	0.0	0.0	0.010039600000000001	0.0	0.0	0.0	0.0	0.0	0.0	0.0	0.0	0.0	0.0	0.0	0.000157651	0.00111825	0.0012142499999999998	0.000738456	0.0001664	0.0	0.000684507	0.001996	8.80466e-05	0.000625193	0.0008162190000000001	0.0	0.00046766600000000005	0.000760029	0.000868237	0.0	0.00129699	0.000304447	0.000206637	0.0	0.000107411	0.0	0.00324001	0.0030722999999999996	0.00278431	0.0	0.00364027	0.00200256	0.00776888	0.0
Hmi-AMac_024-Ex1-11H.clmp.r1r2_fastp	3.92162e-05	0.055569400000000005	0.0109021	0.0	0.00215689	0.0	0.0	0.0	0.0	0.0	0.0	0.000588243	3.92162e-05	0.0	0.0	0.0	0.0	7.84324e-05	0.0	0.0	0.0	0.0	0.0	0.0	0.0	0.0	0.0	0.0	0.0	0.0	0.0	0.0	0.0	0.009651429999999999	0.0	0.000432024	0.0	0.0	0.0	0.0	0.0	0.0	0.0	0.0	0.0	0.0	0.0	0.0	0.0	0.0	0.0	0.0	0.0549622	0.0	0.0	0.000607653	0.0	0.0	0.0026945100000000002	0.0	4.10559e-05	0.0	0.0	0.00990691	0.0	0.0	0.0	0.0	0.0	0.0	0.0	0.0	0.0	0.0	0.0	0.0	0.0397033	0.0	0.0	0.0	0.0	0.0	0.0	0.0	0.0	0.0	0.0	0.0	0.0	0.0	0.0	0.0102265	0.0	0.0	0.0	0.0	0.0	0.0	0.0	0.0	0.0	0.0	0.0	0.0	0.0	0.00143053	0.0	0.0	0.011262600000000001	0.0	0.0	0.0	0.0	0.0	0.0	6.49392e-05	0.0	0.0	0.0	0.0	0.000278141	0.000846401	0.00042926	0.000290535	0.000295107	0.0	0.0006843569999999999	0.0010035699999999999	0.0	0.00039824399999999996	0.000647449	0.0	0.000584475	0.000339638	0.0006904280000000001	0.0	0.000892878	0.000363484	0.00018518700000000001	0.0	0.0	0.0	0.00281206	0.00276414	0.00177421	0.0	0.0033894899999999998	0.00259536	0.00641087	0.0
Hmi-AMac_025-Ex1-12H.clmp.r1r2_fastp	0.0	0.0587217	0.0112122	0.0	0.00133026	0.0	0.0	0.0	0.0	0.0	0.0	0.000760151	0.00019003799999999999	0.0	0.0	0.0	0.0	0.0	0.0	0.0	0.0	0.0	0.0	0.0	0.0	0.0	0.0	0.0	0.0	0.0	0.0	0.0	0.0	0.007857069999999999	0.0	0.000190213	0.0	0.0	0.0	0.0	0.0	0.0	0.0	0.0	0.0	0.0	0.0	0.0	0.0	0.0	0.0	0.0	0.059282499999999995	0.0	0.0	0.000258696	0.0	0.0	0.00273144	0.0	0.0	0.0	0.0	0.010592	0.0	0.0	0.0	0.0	0.0	0.0	0.0	0.0	0.0	0.0	0.0	0.0	0.039093199999999995	0.0	0.0	0.0	0.0	0.0	0.0	0.0	0.0	0.0	0.0	0.0	0.0	0.0	0.0	0.008868109999999998	0.0	0.0	0.0	0.0	0.0	0.0	0.0	0.0	0.0	0.0	0.0	0.0	0.0	0.00147985	0.0	0.0	0.0121308	0.0	0.0	0.0	0.0	0.0	0.0	9.728269999999999e-05	0.0	0.0	0.0	0.0	0.00010351300000000001	0.000734211	0.00116806	0.000215208	0.000327083	0.0	0.00011200099999999999	0.00226957	0.000115085	0.0008168089999999999	0.000473498	0.0	0.00024392100000000002	0.00024755400000000004	0.000753862	0.0	0.0009076870000000001	0.000131817	0.0	0.000136267	0.0	0.0	0.0040361500000000005	0.00219833	0.00268459	0.0	0.0037354000000000003	0.00272224	0.00788197	0.0
Hmi-AMac_026-Ex1-01E.clmp.r1r2_fastp	0.000108891	0.0588558	0.0121414	0.0	0.00217783	0.0	0.0	0.0	0.0	0.0	0.0	0.0004900109999999999	0.0	0.0	0.0	0.0	0.0	0.000108891	0.0	0.0	0.0	0.0	0.0	0.0	0.0	0.0	0.0	0.0	0.0	0.0	0.0	0.0	0.0	0.0109484	0.0	0.000927013	0.0	0.0	0.0	0.0	0.0	0.0	0.0	0.0	0.0	0.0	0.0	0.0	0.0	0.0	0.0	0.0	0.0599676	0.0	0.0	0.000394665	0.0	0.0	0.00244596	0.0	0.000229001	0.0	0.0	0.00984257	0.0	0.0	0.0	0.0	0.0	0.0	0.0	0.0	0.0	0.0	0.0	0.0	0.0413391	0.0	0.0	0.0	0.0	0.0	0.0	0.0	0.0	0.0	0.0	0.0	0.0	0.0	0.0	0.00903128	0.0	0.0	0.0	0.0	0.0	0.0	0.0	0.0	0.0	0.0	0.0	0.0	0.0	0.00131566	0.0	0.0	0.0115971	0.0	0.0	0.0	0.0	0.0	0.0	9.29428e-05	0.0	0.0	0.0	0.0	9.91987e-05	0.00130734	0.000509937	0.0006206569999999999	0.000209952	0.0	0.0005400790000000001	0.00153295	0.0	0.000789283	0.0009145339999999999	0.0	0.000353221	0.0008369750000000001	0.000971319	0.0	0.00112735	0.000254883	0.000129671	0.0	0.0	0.0	0.0037743900000000003	0.0032697100000000003	0.00217189	0.000147839	0.00317566	0.0024939800000000002	0.00836066	0.0
Hmi-AMac_027-Ex1-02E.clmp.r1r2_fastp	0.000166894	0.052655	0.010556	0.0	0.0014186	0.0	0.0	0.0	0.0	0.0	0.0	0.000584128	0.0	0.0	0.0	0.0	0.0	0.0	0.0	0.0	0.0	0.0	0.0	0.0	0.0	0.0	0.0	0.0	0.0	0.0	0.0	0.0	0.0	0.00755407	0.0	0.00037587499999999996	0.0	0.0	0.0	0.0	0.0	0.0	0.0	0.0	0.0	0.0	0.0	0.0	0.0	0.0	0.0	0.0	0.0528863	0.0	0.0	0.0005543029999999999	0.0	0.0	0.00291735	0.0	4.31079e-05	0.0	0.0	0.010129800000000001	0.0	0.0	0.0	0.0	0.0	0.0	0.0	0.0	0.0	0.0	0.0	0.0	0.0380372	0.0	0.0	0.0	0.0	0.0	0.0	0.0	0.0	0.0	0.0	0.0	0.0	0.0	0.0	0.00791035	0.0	0.0	0.0	0.0	0.0	0.0	0.0	0.0	0.0	0.0	0.0	0.0	0.0	0.0011970899999999998	0.0	0.0	0.0116592	0.0	0.0	0.0	0.0	0.0	0.0	0.0	0.0	0.0	0.0	0.0	7.221199999999999e-05	0.000585469	0.000963991	0.000300544	0.00022856799999999998	0.0	0.00023493800000000002	0.0019057599999999998	8.05829e-05	0.00057215	0.000663318	0.0	0.0007687919999999999	0.000346953	0.00123313	0.0	0.0012733	9.25268e-05	0.000188245	0.0	0.0	0.0	0.004260460000000001	0.00216744	0.00315242	0.0	0.00230502	0.0019227699999999999	0.00844896	0.0
Hmi-AMac_028-Ex1-03E.clmp.r1r2_fastp	0.00010492499999999999	0.0556453	0.0105625	0.0	0.0019586	0.0	0.0	0.0	0.0	0.0	0.0	0.000769451	3.4975099999999997e-05	0.0	0.0	0.0	0.0	0.0	0.0	0.0	0.0	0.0	0.0	0.0	0.0	0.0	0.0	0.0	0.0	0.0	0.0	0.0	0.0	0.0079063	0.0	0.00028	0.0	0.0	0.0	0.0	0.0	0.0	0.0	0.0	0.0	0.0	0.0	0.0	0.0	0.0	0.0	0.0	0.05511920000000001	0.0	0.0	0.000319054	0.0	0.0	0.00238475	0.0	3.57099e-05	0.0	0.0	0.008762250000000001	0.0	0.0	0.0	0.0	0.0	0.0	0.0	0.0	0.0	0.0	0.0	0.0	0.0382699	0.0	0.0	0.0	0.0	0.0	0.0	0.0	0.0	0.0	0.0	0.0	0.0	0.0	0.0	0.00897822	0.0	0.0	0.0	0.0	0.0	0.0	0.0	0.0	0.0	0.0	0.0	0.0	0.0	0.00120293	0.0	0.0	0.0108672	0.0	0.0	0.0	0.0	0.0	0.0	0.0	0.0	0.0	0.0	0.0	0.00021770999999999997	0.00126757	0.00128339	0.00067804	0.00040035200000000003	0.0	0.0005868010000000001	0.0018434	6.02734e-05	0.000732758	0.000804978	0.0	0.00044568600000000004	0.0007103190000000001	0.000721147	0.0	0.000675856	0.000412112	0.00013968999999999999	0.0	0.000144943	0.0	0.0037610200000000003	0.00290847	0.0027287	7.94971e-05	0.00333264	0.0018429800000000001	0.00765977	0.0
Hmi-AMac_029-Ex1-04E.clmp.r1r2_fastp	0.000125641	0.0568314	0.010386300000000001	0.0	0.00138205	0.0	0.0	0.0	0.0	0.0	0.0	0.000502562	0.0	0.0	0.0	0.0	0.0	0.0	0.0	0.0	0.0	0.0	0.0	0.0	0.0	0.0	0.0	0.0	0.0	0.0	0.0	0.0	0.0	0.00754032	0.0	0.000293372	0.0	0.0	0.0	0.0	0.0	0.0	0.0	0.0	0.0	0.0	0.0	0.0	0.0	0.0	0.0	0.0	0.0560366	0.0	0.0	0.000296978	0.0	0.0	0.00251318	0.0	0.0	0.0	0.0	0.009368969999999999	0.0	0.0	0.0	0.0	0.0	0.0	0.0	0.0	0.0	0.0	0.0	0.0	0.0383157	0.0	0.0	0.0	0.0	0.0	0.0	0.0	0.0	0.0	0.0	0.0	0.0	0.0	0.0	0.00956133	0.0	0.0	0.0	0.0	0.0	0.0	0.0	0.0	0.0	0.0	0.0	0.0	0.0	0.0017176	0.0	0.0	0.0117365	0.0	0.0	0.0	0.0	0.0	0.0	6.46415e-05	0.0	0.0	0.0	0.0	0.000207199	0.00105117	0.0017059699999999998	0.00036046799999999996	0.000365882	0.0	0.0007530179999999999	0.00267468	0.0	0.00047250499999999996	0.00039988099999999993	0.0	0.000247686	0.000587167	0.000852153	0.0	0.000617373	0.000538502	0.000182783	0.0	0.0	0.0	0.00446325	0.00242712	0.00299191	0.000105591	0.00389946	0.00201661	0.0066158	0.0
Hmi-AMac_030-Ex1-05E.clmp.r1r2_fastp	0.000189032	0.058167699999999996	0.0115309	0.0	0.00210635	0.0	0.0	0.0	0.0	0.0	0.0	0.00054009	0.0	0.0	0.0	0.0	0.0	0.0	0.0	0.0	0.0	0.0	0.0	0.0	0.0	0.0	0.0	0.0	0.0	0.0	0.0	0.0	0.0	0.00788805	0.0	0.000459614	0.0	0.0	0.0	0.0	0.0	0.0	0.0	0.0	0.0	0.0	0.0	0.0	0.0	0.0	0.0	0.0	0.0566544	0.0	0.0	0.000302826	0.0	0.0	0.0022124799999999997	0.0	2.77498e-05	0.0	0.0	0.00912741	0.0	0.0	0.0	0.0	0.0	0.0	0.0	0.0	0.0	0.0	0.0	0.0	0.0383208	0.0	0.0	0.0	0.0	0.0	0.0	0.0	0.0	0.0	0.0	0.0	0.0	0.0	0.0	0.009715979999999999	0.0	0.0	0.0	0.0	0.0	0.0	0.0	0.0	0.0	0.0	0.0	0.0	0.0	0.00164733	0.0	0.0	0.011343	0.0	0.0	0.0	0.0	0.0	0.0	3.8463e-05	0.0	0.0	0.0	0.0	0.000121447	0.00126848	0.0007029919999999999	0.000501721	0.000338233	0.0	0.000993796	0.00179165	0.0	0.0007152619999999999	0.000633198	0.0	0.000509625	0.0008441260000000001	0.00080702	0.0	0.000974457	0.0005931140000000001	0.000150553	0.0	5.1808099999999996e-05	0.0	0.0036896	0.0035802	0.00236773	0.000168046	0.00399604	0.00269549	0.007956669999999999	0.0
Hmi-AMac_031-Ex1-06E.clmp.r1r2_fastp	0.000200341	0.054158899999999996	0.0106849	0.0	0.0019366300000000002	0.0	0.0	0.0	0.0	0.0	0.0	0.0006678039999999999	6.67804e-05	0.0	0.0	0.0	0.0	3.33902e-05	0.0	0.0	0.0	0.0	0.0	0.0	0.0	0.0	0.0	0.0	0.0	0.0	0.0	0.0	0.0	0.00824939	0.0	0.000334156	0.0	0.0	0.0	0.0	0.0	0.0	0.0	0.0	0.0	0.0	0.0	0.0	0.0	0.0	0.0	0.0	0.055395599999999996	0.0	0.0	0.000168943	0.0	0.0	0.00176261	0.0	0.000135919	0.0	0.0	0.00849889	0.0	0.0	0.0	0.0	0.0	0.0	0.0	0.0	0.0	0.0	0.0	0.0	0.0369123	0.0	0.0	0.0	0.0	0.0	0.0	0.0	0.0	0.0	0.0	0.0	0.0	0.0	0.0	0.00894522	0.0	0.0	0.0	0.0	0.0	0.0	0.0	0.0	0.0	0.0	0.0	0.0	0.0	0.001781	0.0	0.0	0.010450000000000001	0.0	0.0	0.0	0.0	0.0	0.0	0.0	0.0	0.0	0.0	0.0	4.90877e-05	0.00158736	0.000952842	0.0006594709999999999	0.00020509600000000002	0.0	0.0008910430000000001	0.00233287	0.0	0.000814122	0.00027461	0.0	0.000112556	0.000969397	0.00103958	0.0	0.00041470399999999995	0.00054061	0.000182797	6.18618e-05	0.0	0.0	0.00370595	0.00329988	0.00301513	0.00020468	0.00424565	0.0016462900000000001	0.00720388	0.0
Hmi-AMac_032-Ex1-07E.clmp.r1r2_fastp	0.000180609	0.0562297	0.0101743	0.0	0.0018060899999999998	0.0	0.0	0.0	0.0	0.0	0.0	0.00048162499999999996	0.0	0.0	0.0	0.0	0.0	0.0	0.0	0.0	0.0	0.0	0.0	0.0	0.0	0.0	0.0	0.0	0.0	0.0	0.0	0.0	0.0	0.00704588	0.0	0.000331399	0.0	0.0	0.0	0.0	0.0	0.0	0.0	0.0	0.0	0.0	0.0	0.0	0.0	0.0	0.0	0.0	0.0542857	0.0	0.0	0.000121997	0.0	0.0	0.0022645499999999997	0.0	3.06847e-05	0.0	0.0	0.00964845	0.0	0.0	0.0	0.0	0.0	0.0	0.0	0.0	0.0	0.0	0.0	0.0	0.0374359	0.0	0.0	0.0	0.0	0.0	0.0	0.0	0.0	0.0	0.0	0.0	0.0	0.0	0.0	0.00898923	0.0	0.0	0.0	0.0	0.0	0.0	0.0	0.0	0.0	0.0	0.0	0.0	0.0	0.00140379	0.0	0.0	0.0100713	0.0	0.0	0.0	0.0	0.0	0.0	8.27603e-05	0.0	0.0	0.0	0.0	0.0	0.00135852	0.000974	0.000760697	0.000497169	0.0	0.000553867	0.00186596	0.0	0.00076331	0.000723553	0.0	0.000543124	0.000999524	0.0012644400000000001	0.0	0.000933382	0.000367624	0.000106495	0.0	5.49299e-05	0.0	0.00424325	0.00252432	0.00267677	0.000118334	0.0037971	0.00191609	0.00806329	0.0
Hmi-AMac_033-Ex1-08E.clmp.r1r2_fastp	0.000173353	0.0531846	0.0106439	0.0	0.0018028699999999998	0.0	0.0	0.0	0.0	0.0	0.0	0.000381376	3.46706e-05	0.0	0.0	0.0	0.0	0.0	0.0	0.0	0.0	0.0	0.0	0.0	0.0	0.0	0.0	0.0	0.0	0.0	0.0	0.0	0.0	0.00721366	0.0	0.000416431	0.0	0.0	0.0	0.0	0.0	0.0	0.0	0.0	0.0	0.0	0.0	0.0	0.0	0.0	0.0	0.0	0.0529802	0.0	0.0	3.50764e-05	0.0	0.0	0.00158277	0.0	3.52487e-05	0.0	0.0	0.00888023	0.0	0.0	0.0	0.0	0.0	0.0	0.0	0.0	0.0	0.0	0.0	0.0	0.0358569	0.0	0.0	0.0	0.0	0.0	0.0	0.0	0.0	0.0	0.0	0.0	0.0	0.0	0.0	0.00829285	0.0	0.0	0.0	0.0	0.0	0.0	0.0	0.0	0.0	0.0	0.0	0.0	0.0	0.00143829	0.0	0.0	0.011459200000000001	0.0	0.0	0.0	0.0	0.0	0.0	0.0	0.0	0.0	0.0	0.0	9.53775e-05	0.0010584700000000002	0.000776772	0.000391884	0.00029670499999999997	0.0	0.00045328199999999995	0.00177912	5.1347399999999996e-05	0.000518458	0.0007850480000000001	0.0	0.00048080999999999997	0.000486099	0.00065495	0.0	0.0012859	0.00039636200000000004	5.7371300000000004e-05	0.00011622600000000001	0.0	0.0	0.00297401	0.00276553	0.00205585	0.00012653599999999998	0.0036033	0.00276821	0.008181899999999999	0.0
Hmi-AMac_034-Ex1-09E.clmp.r1r2_fastp	0.000267584	0.051075199999999994	0.010067900000000001	0.0	0.0021072300000000003	0.0	0.0	0.0	0.0	0.0	0.0	0.00046827299999999995	6.68961e-05	0.0	0.0	0.0	0.0	0.0	0.0	0.0	0.0	0.0	0.0	0.0	0.0	0.0	0.0	0.0	0.0	0.0	0.0	0.0	0.0	0.007661939999999999	0.0	0.000368303	0.0	0.0	0.0	0.0	0.0	0.0	0.0	0.0	0.0	0.0	0.0	0.0	0.0	0.0	0.0	0.0	0.05103100000000001	0.0	0.0	0.000340996	0.0	0.0	0.00236515	0.0	3.4408899999999995e-05	0.0	0.0	0.00851992	0.0	0.0	0.0	0.0	0.0	0.0	0.0	0.0	0.0	0.0	0.0	0.0	0.035953200000000005	0.0	0.0	0.0	0.0	0.0	0.0	0.0	0.0	0.0	0.0	0.0	0.0	0.0	0.0	0.00757954	0.0	0.0	0.0	0.0	0.0	0.0	0.0	0.0	0.0	0.0	0.0	0.0	0.0	0.000914139	0.0	0.0	0.010617099999999999	0.0	0.0	0.0	0.0	0.0	0.0	0.0	0.0	0.0	0.0	0.0	0.000148611	0.00125036	0.00121165	0.000509762	0.000308984	0.0	0.000577987	0.00212268	0.000107192	0.0009747569999999999	0.000382985	0.0	0.000334945	0.000620734	0.00108413	0.0	0.0006418460000000001	0.00041357	0.000179651	0.00012140500000000001	0.0	0.0	0.00399387	0.00275846	0.0029243100000000003	0.000263996	0.00409377	0.00233733	0.008535899999999999	0.0
Hmi-AMac_035-Ex1-10E.clmp.r1r2_fastp	0.000191925	0.0516663	0.0105559	0.0	0.00172733	0.0	0.0	0.0	0.0	0.0	0.0	0.000614161	0.0	0.0	0.0	0.0	0.0	0.0	0.0	0.0	0.0	0.0	0.0	0.0	0.0	0.0	0.0	0.0	0.0	0.0	0.0	0.0	0.0	0.00829348	0.0	0.000345775	0.0	0.0	0.0	0.0	0.0	0.0	0.0	0.0	0.0	0.0	0.0	0.0	0.0	0.0	0.0	0.0	0.0530354	0.0	0.0	0.000234687	0.0	0.0	0.00224172	0.0	3.94935e-05	0.0	0.0	0.00907157	0.0	0.0	0.0	0.0	0.0	0.0	0.0	0.0	0.0	0.0	0.0	0.0	0.0351877	0.0	0.0	0.0	0.0	0.0	0.0	0.0	0.0	0.0	0.0	0.0	0.0	0.0	0.0	0.00857257	0.0	0.0	0.0	0.0	0.0	0.0	0.0	0.0	0.0	0.0	0.0	0.0	0.0	0.00143971	0.0	0.0	0.00996969	0.0	0.0	0.0	0.0	0.0	0.0	0.0	0.0	0.0	0.0	0.0	0.0	0.00134555	0.000972859	0.000722522	0.00033269100000000003	0.0	0.0006145149999999999	0.00193672	0.0	0.00106563	0.000792334	0.0	0.00044456500000000006	0.000902173	0.00114336	0.0	0.00102148	0.000399445	0.000243817	0.0	8.43447e-05	0.0	0.00411289	0.00240201	0.0029861	9.22223e-05	0.0035770199999999998	0.00193245	0.00687511	0.0
Hmi-AMac_036-Ex1-11E.clmp.r1r2_fastp	0.000117336	0.0540137	0.0109514	0.0	0.00136892	0.0	0.0	0.0	0.0	0.0	0.0	0.000352008	0.0	0.0	0.0	0.0	0.0	0.0	0.0	0.0	0.0	0.0	0.0	0.0	0.0	0.0	0.0	0.0	0.0	0.0	0.0	0.0	0.0	0.007355189999999999	0.0	0.000195738	0.0	0.0	0.0	0.0	0.0	0.0	0.0	0.0	0.0	0.0	0.0	0.0	0.0	0.0	0.0	0.0	0.052918	0.0	0.0	0.000398822	0.0	0.0	0.00220578	0.0	4.0274799999999996e-05	0.0	0.0	0.008926710000000001	0.0	0.0	0.0	0.0	0.0	0.0	0.0	0.0	0.0	0.0	0.0	0.0	0.0375507	0.0	0.0	0.0	0.0	0.0	0.0	0.0	0.0	0.0	0.0	0.0	0.0	0.0	0.0	0.00817278	0.0	0.0	0.0	0.0	0.0	0.0	0.0	0.0	0.0	0.0	0.0	0.0	0.0	0.00150856	0.0	0.0	0.0114511	0.0	0.0	0.0	0.0	0.0	0.0	0.0	0.0	0.0	0.0	0.0	0.00019167900000000002	0.000970763	0.000982981	0.00039836999999999994	0.000269025	0.0	0.00096621	0.0013290300000000001	0.000141796	0.0008628119999999999	0.00065566	0.0	0.000224768	0.0005322949999999999	0.00069377	0.0	0.0007149810000000001	0.000645167	8.19632e-05	0.0	0.000169908	0.0	0.0023772199999999998	0.0025964499999999997	0.0016379	9.26958e-05	0.00369633	0.00185158	0.00766578	0.0
Hmi-AMac_037-Ex1-12E.clmp.r1r2_fastp	0.000120412	0.0573464	0.0115295	0.0	0.00141485	0.0	0.0	0.0	0.0	0.0	0.0	0.000692371	6.0206200000000006e-05	0.0	0.0	0.0	0.0	0.0	0.0	0.0	0.0	0.0	0.0	0.0	0.0	0.0	0.0	0.0	0.0	0.0	0.0	0.0	0.0	0.008431860000000001	0.0	0.000391817	0.0	0.0	0.0	0.0	0.0	0.0	0.0	0.0	0.0	0.0	0.0	0.0	0.0	0.0	0.0	0.0	0.057849	0.0	0.0	0.000278325	0.0	0.0	0.00199319	0.0	9.39262e-05	0.0	0.0	0.0105528	0.0	0.0	0.0	0.0	0.0	0.0	0.0	0.0	0.0	0.0	0.0	0.0	0.0398925	0.0	0.0	0.0	0.0	0.0	0.0	0.0	0.0	0.0	0.0	0.0	0.0	0.0	0.0	0.00877854	0.0	0.0	0.0	0.0	0.0	0.0	0.0	0.0	0.0	0.0	0.0	0.0	0.0	0.00103993	0.0	0.0	0.0106243	0.0	0.0	0.0	0.0	0.0	0.0	0.0	0.0	0.0	0.0	0.0	0.0	0.0013687500000000002	0.00101395	0.0005407330000000001	0.000109613	0.0	0.000844806	0.00165614	0.0	0.000587059	0.000595617	0.0	0.00036780799999999996	0.000621947	0.00101044	0.0	0.000716599	0.0006623660000000001	0.00020225499999999998	0.0	7.00362e-05	0.0	0.003993849999999999	0.00265867	0.00240628	0.000153333	0.0036087899999999997	0.00258705	0.00823369	0.0
Hmi-AMac_038-Ex1-01F.clmp.r1r2_fastp	0.000249288	0.0475205	0.008319980000000001	0.0	0.0017138499999999998	0.0	0.0	0.0	0.0	0.0	0.0	0.000405092	3.1161e-05	0.0	0.0	0.0	0.0	3.1161e-05	0.0	0.0	0.0	0.0	0.0	0.0	0.0	0.0	0.0	0.0	0.0	0.0	0.0	0.0	0.0	0.00657649	0.0	0.000218305	0.0	0.0	0.0	0.0	0.0	0.0	0.0	0.0	0.0	0.0	0.0	0.0	0.0	0.0	0.0	0.0	0.0474565	0.0	0.0	0.000252909	0.0	0.0	0.00184051	0.0	0.0	0.0	0.0	0.00703467	0.0	0.0	0.0	0.0	0.0	0.0	0.0	0.0	0.0	0.0	0.0	0.0	0.031729600000000004	0.0	0.0	0.0	0.0	0.0	0.0	0.0	0.0	0.0	0.0	0.0	0.0	0.0	0.0	0.00638297	0.0	0.0	0.0	0.0	0.0	0.0	0.0	0.0	0.0	0.0	0.0	0.0	0.0	0.000998089	0.0	0.0	0.00830829	0.0	0.0	0.0	0.0	0.0	0.0	0.0	0.0	0.0	0.0	0.0	4.30036e-05	0.000997494	0.0010935300000000001	0.000661617	0.00022241	0.0	0.00076916	0.00159785	4.60765e-05	0.000557979	0.000563498	0.0	0.000335076	0.0009671160000000001	0.000537071	0.0	0.0006984329999999999	0.000454216	5.1061200000000005e-05	0.0	0.0	0.0	0.00345201	0.00273001	0.0020456199999999997	0.000224504	0.00382677	0.00187278	0.006863800000000001	0.0
Hmi-AMac_039-Ex1-02F.clmp.r1r2_fastp	0.000151362	0.0484358	0.00950552	0.0	0.00187689	0.0	0.0	0.0	0.0	0.0	0.0	0.0005751749999999999	3.0272400000000002e-05	0.0	0.0	0.0	0.0	9.08171e-05	0.0	0.0	0.0	0.0	0.0	0.0	0.0	0.0	0.0	0.0	0.0	0.0	0.0	0.0	0.0	0.007176569999999999	0.0	0.0002424	0.0	0.0	0.0	0.0	0.0	0.0	0.0	0.0	0.0	0.0	0.0	0.0	0.0	0.0	0.0	0.0	0.047332599999999996	0.0	0.0	0.000338137	0.0	0.0	0.0018516899999999998	0.0	3.0955400000000005e-05	0.0	0.0	0.00802928	0.0	0.0	0.0	0.0	0.0	0.0	0.0	0.0	0.0	0.0	0.0	0.0	0.0325702	0.0	0.0	0.0	0.0	0.0	0.0	0.0	0.0	0.0	0.0	0.0	0.0	0.0	0.0	0.0073641900000000005	0.0	0.0	0.0	0.0	0.0	0.0	0.0	0.0	0.0	0.0	0.0	0.0	0.0	0.00122517	0.0	0.0	0.0089748	0.0	0.0	0.0	0.0	0.0	0.0	0.0	0.0	0.0	0.0	0.0	4.3483100000000004e-05	0.0007901960000000001	0.0010636	0.00031329000000000003	0.00031632300000000003	0.0	0.0006915189999999999	0.00204861	0.0	0.000380086	0.0005281239999999999	0.0	0.000343303	0.000247775	0.000851964	0.0	0.0006666850000000001	0.000519253	0.00010524300000000001	0.0	0.00010833799999999999	0.0	0.00412437	0.0018613800000000002	0.0032026900000000002	0.000174341	0.00313572	0.0020034099999999997	0.00641959	0.0
Hmi-AMac_040-Ex1-03F.clmp.r1r2_fastp	0.00018503900000000002	0.0481411	0.00882021	0.0	0.00166535	0.0	0.0	0.0	0.0	0.0	0.0	0.000215879	3.08399e-05	0.0	0.0	0.0	0.0	0.0	0.0	0.0	0.0	0.0	0.0	0.0	0.0	0.0	0.0	0.0	0.0	0.0	0.0	0.0	0.0	0.0065091	0.0	0.00018520199999999998	0.0	0.0	0.0	0.0	0.0	0.0	0.0	0.0	0.0	0.0	0.0	0.0	0.0	0.0	0.0	0.0	0.048080200000000003	0.0	0.0	0.000187178	0.0	0.0	0.00165823	0.0	0.0	0.0	0.0	0.007116279999999999	0.0	0.0	0.0	0.0	0.0	0.0	0.0	0.0	0.0	0.0	0.0	0.0	0.0313566	0.0	0.0	0.0	0.0	0.0	0.0	0.0	0.0	0.0	0.0	0.0	0.0	0.0	0.0	0.007328370000000001	0.0	0.0	0.0	0.0	0.0	0.0	0.0	0.0	0.0	0.0	0.0	0.0	0.0	0.0010921400000000001	0.0	0.0	0.00880841	0.0	0.0	0.0	0.0	0.0	0.0	0.0	0.0	0.0	0.0	0.0	0.0	0.000894578	0.000816458	0.0005202350000000001	0.000174952	0.0	0.0007121380000000001	0.0016172600000000001	0.0	0.000503853	0.000555019	0.0	0.0006605609999999999	0.000571998	0.00115535	0.0	0.000738056	0.00044822199999999997	0.000100835	0.0	0.0	0.0	0.00319667	0.00285964	0.00207831	5.5541399999999996e-05	0.0030537000000000003	0.00173987	0.006255950000000001	0.0
Hmi-AMac_041-Ex1-04F.clmp.r1r2_fastp	0.00021735200000000003	0.0501151	0.00875617	0.0	0.0022045700000000003	0.0	0.0	0.0	0.0	0.0	0.0	0.000465754	3.1050199999999996e-05	0.0	3.1050199999999996e-05	0.0	0.0	3.1050199999999996e-05	0.0	0.0	0.0	0.0	0.0	0.0	0.0	0.0	0.0	0.0	0.0	0.0	0.0	0.0	0.0	0.00711276	0.0	0.00021759600000000002	0.0	0.0	0.0	0.0	0.0	0.0	0.0	0.0	0.0	0.0	0.0	0.0	0.0	0.0	0.0	0.0	0.0490731	0.0	0.0	0.000253218	0.0	0.0	0.00139955	0.0	6.38468e-05	0.0	0.0	0.0082254	0.0	0.0	0.0	0.0	0.0	0.0	0.0	0.0	0.0	0.0	0.0	0.0	0.0321246	0.0	0.0	0.0	0.0	0.0	0.0	0.0	0.0	0.0	0.0	0.0	0.0	0.0	0.0	0.0070813000000000004	0.0	0.0	0.0	0.0	0.0	0.0	0.0	0.0	0.0	0.0	0.0	0.0	0.0	0.0010051700000000001	0.0	0.0	0.00898259	0.0	0.0	0.0	0.0	0.0	0.0	0.0	0.0	0.0	0.0	0.0	0.000137348	0.000970607	0.000933651	0.00047139699999999997	0.000190438	0.0	0.00053426	0.0017173	4.95868e-05	0.000501035	0.00025311400000000003	0.0	0.00031033899999999997	0.00052269	0.0010043399999999998	0.0	0.0006493170000000001	0.000219142	0.00016649999999999998	5.63125e-05	0.0	0.0	0.0034686400000000003	0.0024417799999999997	0.00241635	0.000122732	0.0036264099999999996	0.002054	0.00752711	0.0
Hmi-AMac_042-Ex1-05F.clmp.r1r2_fastp	0.000109767	0.0687142	0.0139404	0.0	0.00226852	0.0	0.0	0.0	0.0	0.0	0.0	0.000548835	3.6589e-05	0.0	0.0	0.0	0.0	0.0	0.0	0.0	0.0	0.0	0.0	0.0	0.0	0.0	0.0	0.0	0.0	0.0	0.0	0.0	0.0	0.0106136	0.0	0.000329578	0.0	0.0	0.0	0.0	0.0	0.0	0.0	0.0	0.0	0.0	0.0	0.0	0.0	0.0	0.0	0.0	0.0697858	0.0	0.0	0.000446221	0.0	0.0	0.00269021	0.0	0.00011251400000000001	0.0	0.0	0.0135954	0.0	0.0	0.0	0.0	0.0	0.0	0.0	0.0	0.0	0.0	0.0	0.0	0.0494052	0.0	0.0	0.0	0.0	0.0	0.0	0.0	0.0	0.0	0.0	0.0	0.0	0.0	0.0	0.0120695	0.0	0.0	0.0	0.0	0.0	0.0	0.0	0.0	0.0	0.0	0.0	0.0	0.0	0.0019045499999999999	0.0	0.0	0.0144542	0.0	0.0	0.0	0.0	0.0	0.0	0.0	0.0	0.0	0.0	0.0	0.000223854	0.00228785	0.00109107	0.000637354	0.000244468	0.0	0.00162056	0.00226671	0.0	0.00100589	0.000843399	0.0	0.000492198	0.000706943	0.00124342	0.000106295	0.0007640139999999999	0.00123256	0.000230384	0.0	0.0	0.0	0.00557317	0.00414357	0.0030380999999999997	0.00042833	0.005923	0.00139369	0.0112683	0.0
Hmi-AMac_043-Ex1-06F.clmp.r1r2_fastp	0.000153732	0.0475031	0.00901893	0.0	0.0017935400000000002	0.0	0.0	0.0	0.0	0.0	0.0	0.0005380609999999999	2.5621900000000003e-05	0.0	0.0	0.0	0.0	0.0	0.0	0.0	0.0	0.0	0.0	0.0	0.0	0.0	0.0	0.0	0.0	0.0	0.0	0.0	0.0	0.006638010000000001	0.0	0.000359008	0.0	0.0	0.0	0.0	0.0	0.0	0.0	0.0	0.0	0.0	0.0	0.0	0.0	0.0	0.0	0.0	0.047296200000000004	0.0	0.0	0.000233462	0.0	0.0	0.00189938	0.0	2.60794e-05	0.0	0.0	0.00814324	0.0	0.0	0.0	0.0	0.0	0.0	0.0	0.0	0.0	0.0	0.0	0.0	0.0321349	0.0	0.0	0.0	0.0	0.0	0.0	0.0	0.0	0.0	0.0	0.0	0.0	0.0	0.0	0.00727086	0.0	0.0	0.0	0.0	0.0	0.0	0.0	0.0	0.0	0.0	0.0	0.0	0.0	0.0009236450000000001	0.0	0.0	0.00809209	0.0	0.0	0.0	0.0	0.0	0.0	0.0	0.0	0.0	0.0	0.0	0.00010231199999999999	0.00106547	0.000865867	0.000279249	0.000246206	0.0	0.000393049	0.00183721	0.0	0.00073261	0.000628166	0.0	0.000488699	0.00041726700000000003	0.00107136	0.0	0.0008581889999999999	0.00019714599999999999	0.00019936499999999999	0.0	0.0	0.0	0.00385697	0.0019915	0.00244283	0.000217265	0.00326868	0.00208194	0.00766489	0.0
Hmi-AMac_044-Ex1-07F.clmp.r1r2_fastp	0.000153656	0.0537029	0.00980839	0.0	0.00186948	0.0	0.0	0.0	0.0	0.0	0.0	0.000358531	2.5609400000000003e-05	0.0	0.0	0.0	0.0	5.1218800000000005e-05	0.0	0.0	0.0	0.0	0.0	0.0	0.0	0.0	0.0	0.0	0.0	0.0	0.0	0.0	0.0	0.007428820000000001	0.0	0.000256341	0.0	0.0	0.0	0.0	0.0	0.0	0.0	0.0	0.0	0.0	0.0	0.0	0.0	0.0	0.0	0.0	0.052801400000000005	0.0	0.0	0.000389783	0.0	0.0	0.00237309	0.0	5.22937e-05	0.0	0.0	0.00845894	0.0	0.0	0.0	0.0	0.0	0.0	0.0	0.0	0.0	0.0	0.0	0.0	0.0365154	0.0	0.0	0.0	0.0	0.0	0.0	0.0	0.0	0.0	0.0	0.0	0.0	0.0	0.0	0.00841398	0.0	0.0	0.0	0.0	0.0	0.0	0.0	0.0	0.0	0.0	0.0	0.0	0.0	0.00151714	0.0	0.0	0.010291100000000001	0.0	0.0	0.0	0.0	0.0	0.0	3.51699e-05	0.0	0.0	0.0	0.0	7.3728e-05	0.00107954	0.000864595	0.000265806	7.66939e-05	0.0	0.0007043609999999999	0.00134415	7.9951e-05	0.000727453	0.0006946270000000001	0.0	0.000501647	0.000295934	0.00106908	0.0	0.000744986	0.000488427	0.000315077	0.0	0.0	0.0	0.00397109	0.00242634	0.00231388	0.000200078	0.00376618	0.00177253	0.00837658	0.0
Hmi-AMac_045-Ex1-08F.clmp.r1r2_fastp	8.400439999999999e-05	0.049086599999999994	0.00996853	0.0	0.00137207	0.0	0.0	0.0	0.0	0.0	0.0	0.000280015	2.80015e-05	0.0	0.0	0.0	0.0	0.0	0.0	0.0	0.0	0.0	0.0	0.0	0.0	0.0	0.0	0.0	0.0	0.0	0.0	0.0	0.0	0.00703116	0.0	0.000280351	0.0	0.0	0.0	0.0	0.0	0.0	0.0	0.0	0.0	0.0	0.0	0.0	0.0	0.0	0.0	0.0	0.0481862	0.0	0.0	0.00036903399999999996	0.0	0.0	0.00210709	0.0	0.0	0.0	0.0	0.00851096	0.0	0.0	0.0	0.0	0.0	0.0	0.0	0.0	0.0	0.0	0.0	0.0	0.0320024	0.0	0.0	0.0	0.0	0.0	0.0	0.0	0.0	0.0	0.0	0.0	0.0	0.0	0.0	0.00783284	0.0	0.0	0.0	0.0	0.0	0.0	0.0	0.0	0.0	0.0	0.0	0.0	0.0	0.00116042	0.0	0.0	0.00948273	0.0	0.0	0.0	0.0	0.0	0.0	0.0	0.0	0.0	0.0	0.0	0.0	0.0009680349999999999	0.000742173	0.00055167	0.00039757199999999995	0.0	0.000324012	0.0018811799999999999	0.0	0.000834311	0.000547758	0.0	0.00034398999999999996	0.0007385650000000001	0.00096547	0.0	0.0008082400000000001	0.000318157	9.2044e-05	0.0	0.0	0.0	0.0034601799999999998	0.0020721999999999997	0.00204925	0.0	0.00294299	0.00132285	0.0066368899999999995	0.0
Hmi-AMac_046-Ex1-09F.clmp.r1r2_fastp	7.64099e-05	0.0515003	0.010086099999999999	0.0	0.00183384	0.0	0.0	0.0	0.0	0.0	0.0	0.0004966640000000001	3.82049e-05	0.0	0.0	0.0	0.0	3.82049e-05	0.0	0.0	0.0	0.0	0.0	0.0	0.0	0.0	0.0	0.0	0.0	0.0	0.0	0.0	0.0	0.007146329999999999	0.0	0.000305905	0.0	0.0	0.0	0.0	0.0	0.0	0.0	0.0	0.0	0.0	0.0	0.0	0.0	0.0	0.0	0.0	0.050442900000000006	0.0	0.0	0.00023224200000000002	0.0	0.0	0.00194184	0.0	7.7875e-05	0.0	0.0	0.00782313	0.0	0.0	0.0	0.0	0.0	0.0	0.0	0.0	0.0	0.0	0.0	0.0	0.034732900000000004	0.0	0.0	0.0	0.0	0.0	0.0	0.0	0.0	0.0	0.0	0.0	0.0	0.0	0.0	0.00684686	0.0	0.0	0.0	0.0	0.0	0.0	0.0	0.0	0.0	0.0	0.0	0.0	0.0	0.000795945	0.0	0.0	0.0109903	0.0	0.0	0.0	0.0	0.0	0.0	0.0	0.0	0.0	0.0	0.0	0.000156888	0.00110721	0.000850652	0.000321725	0.000162236	0.0	0.000660163	0.00138776	5.60094e-05	0.000508608	0.000627567	0.0	0.000580966	0.000352048	0.0010659299999999999	0.0	0.00108791	0.00048895	0.0	0.0	0.0	0.0	0.00359222	0.00244408	0.00200588	0.0	0.00324085	0.00148423	0.008495589999999999	0.0
Hmi-AMac_047-Ex1-10F.clmp.r1r2_fastp	0.000141975	0.051735699999999996	0.009824659999999999	0.0	0.00159012	0.0	0.0	0.0	0.0	0.0	0.0	0.0005679	2.8395e-05	0.0	0.0	0.0	0.0	2.8395e-05	0.0	0.0	0.0	0.0	0.0	0.0	0.0	0.0	0.0	0.0	0.0	0.0	0.0	0.0	0.0	0.00801004	0.0	0.000397937	0.0	0.0	0.0	0.0	0.0	0.0	0.0	0.0	0.0	0.0	0.0	0.0	0.0	0.0	0.0	0.0	0.0508049	0.0	0.0	0.00026072000000000004	0.0	0.0	0.00168933	0.0	5.8491799999999995e-05	0.0	0.0	0.00933679	0.0	0.0	0.0	0.0	0.0	0.0	0.0	0.0	0.0	0.0	0.0	0.0	0.0342865	0.0	0.0	0.0	0.0	0.0	0.0	0.0	0.0	0.0	0.0	0.0	0.0	0.0	0.0	0.00821332	0.0	0.0	0.0	0.0	0.0	0.0	0.0	0.0	0.0	0.0	0.0	0.0	0.0	0.00145155	0.0	0.0	0.00911639	0.0	0.0	0.0	0.0	0.0	0.0	0.0	0.0	0.0	0.0	0.0	0.000133087	0.00112118	0.000725465	0.000458477	0.000278141	0.0	0.000521574	0.0016314	9.709399999999999e-05	0.000638707	0.000298483	0.0	0.000152962	0.000567663	0.00125413	0.0	0.0008583040000000001	0.00021759300000000003	0.00011034300000000001	0.0	0.0	0.0	0.0032947000000000002	0.00268496	0.00193889	0.00030825000000000004	0.00433581	0.00212859	0.0070846799999999995	0.0
Hmi-AMac_048-Ex1-11F.clmp.r1r2_fastp	0.00014404	0.052646599999999995	0.009842730000000001	0.0	0.00189653	0.0	0.0	0.0	0.0	0.0	0.0	0.00064818	0.0	0.0	0.0	0.0	0.0	4.80133e-05	0.0	0.0	0.0	0.0	0.0	0.0	0.0	0.0	0.0	0.0	0.0	0.0	0.0	0.0	0.0	0.00742018	0.0	0.000288334	0.0	0.0	0.0	0.0	0.0	0.0	0.0	0.0	0.0	0.0	0.0	0.0	0.0	0.0	0.0	0.0	0.0519034	0.0	0.0	0.000340954	0.0	0.0	0.00190684	0.0	4.90372e-05	0.0	0.0	0.00929033	0.0	0.0	0.0	0.0	0.0	0.0	0.0	0.0	0.0	0.0	0.0	0.0	0.0361915	0.0	0.0	0.0	0.0	0.0	0.0	0.0	0.0	0.0	0.0	0.0	0.0	0.0	0.0	0.00788882	0.0	0.0	0.0	0.0	0.0	0.0	0.0	0.0	0.0	0.0	0.0	0.0	0.0	0.00114298	0.0	0.0	0.00960267	0.0	0.0	0.0	0.0	0.0	0.0	0.0	0.0	0.0	0.0	0.0	0.00010242000000000001	0.00120604	0.000869649	0.000316183	0.000248261	0.0	0.000651501	0.00186528	0.0	0.00063497	0.000717251	0.0	0.000424159	0.000467796	0.00130098	0.0	0.000565162	0.00049067	0.000124378	0.0	0.0	0.0	0.00452389	0.00244735	0.00248109	0.000274957	0.00378009	0.00186744	0.008927899999999999	0.0
Hmi-AMac_049-Ex1-12F.clmp.r1r2_fastp	0.00024109	0.051653500000000005	0.010025300000000001	0.0	0.0021899000000000003	0.0	0.0	0.0	0.0	0.0	0.0	0.000562543	0.0	0.0	0.0	0.0	0.0	4.01817e-05	0.0	0.0	0.0	0.0	0.0	0.0	0.0	0.0	0.0	0.0	0.0	0.0	0.0	0.0	0.0	0.007556510000000001	0.0	0.000341907	0.0	0.0	0.0	0.0	0.0	0.0	0.0	0.0	0.0	0.0	0.0	0.0	0.0	0.0	0.0	0.0	0.0521485	0.0	0.0	0.000204129	0.0	0.0	0.00209035	0.0	2.05533e-05	0.0	0.0	0.00873872	0.0	0.0	0.0	0.0	0.0	0.0	0.0	0.0	0.0	0.0	0.0	0.0	0.0362902	0.0	0.0	0.0	0.0	0.0	0.0	0.0	0.0	0.0	0.0	0.0	0.0	0.0	0.0	0.007656860000000001	0.0	0.0	0.0	0.0	0.0	0.0	0.0	0.0	0.0	0.0	0.0	0.0	0.0	0.00104342	0.0	0.0	0.0103514	0.0	0.0	0.0	0.0	0.0	0.0	0.0	0.0	0.0	0.0	0.0	5.7861199999999994e-05	0.00108056	0.000884583	0.000416705	0.00048073800000000003	0.0	0.0007661780000000001	0.00148628	3.13006e-05	0.0007590850000000001	0.00051154	0.0	0.000294106	0.00042950499999999995	0.000935222	0.0	0.0007177220000000001	0.000380731	0.000175444	0.0	0.000108399	0.0	0.00413216	0.00275252	0.00252391	0.00019447100000000002	0.00439992	0.00264408	0.00801295	0.0
Hmi-CBas_001-Ex1-01A.clmp.r1r2_fastp	0.0	0.0485092	0.0113188	0.0	0.00242546	0.0	0.0	0.0	0.0	0.0	0.0	0.0	0.0	0.0	0.0	0.0	0.0	0.0	0.0	0.0	0.0	0.0	0.0	0.0	0.0	0.0	0.0	0.0	0.0	0.0	0.0	0.0	0.0	0.00485135	0.0	0.000808787	0.0	0.0	0.0	0.0	0.0	0.0	0.0	0.0	0.0	0.0	0.0	0.0	0.0	0.0	0.0	0.0	0.0423129	0.0	0.0	0.0	0.0	0.0	0.0	0.0	0.0	0.0	0.0	0.007371010000000001	0.0	0.0	0.0	0.0	0.0	0.0	0.0	0.0	0.0	0.0	0.0	0.0	0.0331397	0.0	0.0	0.0	0.0	0.0	0.0	0.0	0.0	0.0	0.0	0.0	0.0	0.0	0.0	0.00423822	0.0	0.0	0.0	0.0	0.0	0.0	0.0	0.0	0.0	0.0	0.0	0.0	0.0	0.0	0.0	0.0	0.0151347	0.0	0.0	0.0	0.0	0.0	0.0	0.0	0.0	0.0	0.0	0.0	0.0	0.000946226	0.000951022	0.0	0.0009620099999999999	0.0	0.0009732269999999999	0.00195419	0.0	0.0	0.0	0.0	0.0	0.0	0.00101313	0.0	0.0	0.00103279	0.0	0.0	0.0	0.0	0.00323925	0.0010872	0.00219884	0.0	0.0022535	0.00115091	0.007226219999999999	0.0
Hmi-CBas_002-Ex1-09C.clmp.r1r2_fastp	0.00403877	0.0605816	0.0121163	0.0	0.00403877	0.0	0.0	0.0	0.0	0.0	0.0	0.0	0.0	0.0	0.0	0.0	0.0	0.0	0.0	0.0	0.0	0.0	0.0	0.0	0.0	0.0	0.0	0.0	0.0	0.0	0.0	0.0	0.0	0.0	0.0	0.0	0.0	0.0	0.0	0.0	0.0	0.0	0.0	0.0	0.0	0.0	0.0	0.0	0.0	0.0	0.0	0.0	0.0535134	0.0	0.0	0.0	0.0	0.0	0.0041625	0.0	0.0	0.0	0.0	0.00421745	0.0	0.0	0.0	0.0	0.0	0.0	0.0	0.0	0.0	0.0	0.0	0.0	0.0442478	0.0	0.0	0.0	0.0	0.0	0.0	0.0	0.0	0.0	0.0	0.0	0.0	0.0	0.0	0.00970403	0.0	0.0	0.0	0.0	0.0	0.0	0.0	0.0	0.0	0.0	0.0	0.0	0.0	0.0	0.0	0.0	0.00560758	0.0	0.0	0.0	0.0	0.0	0.0	0.0	0.0	0.0	0.0	0.0	0.0	0.00657765	0.0	0.0	0.0	0.0	0.0070141000000000005	0.0	0.0	0.00730247	0.0	0.0	0.0	0.0	0.0	0.0	0.0	0.00806452	0.0	0.0	0.0	0.0	0.0	0.00894935	0.0	0.0	0.00940734	0.0	0.010014	0.0
Hmi-CBas_003-Ex1-09F.clmp.r1r2_fastp	0.0	0.0595327	0.00744158	0.0	0.0	0.0	0.0	0.0	0.0	0.0	0.0	0.0	0.0	0.0	0.0	0.0	0.0	0.0	0.0	0.0	0.0	0.0	0.0	0.0	0.0	0.0	0.0	0.0	0.0	0.0	0.0	0.0	0.0	0.0223347	0.0	0.0	0.0	0.0	0.0	0.0	0.0	0.0	0.0	0.0	0.0	0.0	0.0	0.0	0.0	0.0	0.0	0.0	0.0751823	0.0	0.0	0.0	0.0	0.0	0.0	0.0	0.0	0.0	0.0	0.0	0.0	0.0	0.0	0.0	0.0	0.0	0.0	0.0	0.0	0.0	0.0	0.0	0.0392742	0.0	0.0	0.0	0.0	0.0	0.0	0.0	0.0	0.0	0.0	0.0	0.0	0.0	0.0	0.0	0.0	0.0	0.0	0.0	0.0	0.0	0.0	0.0	0.0	0.0	0.0	0.0	0.0	0.0	0.0	0.0	0.0284064	0.0	0.0	0.0	0.0	0.0	0.0	0.0	0.0	0.0	0.0	0.0	0.0	0.0105652	0.0	0.0	0.0108684	0.0	0.0	0.0	0.0	0.0	0.0	0.0	0.0	0.0	0.0	0.0	0.0	0.0	0.0	0.0	0.0	0.0	0.013392300000000001	0.0	0.0	0.0	0.0139276	0.0	0.0148588	0.0
Hmi-CBas_004-Ex1-10B.clmp.r1r2_fastp	0.0	0.040708299999999996	0.00678472	0.0	0.00678472	0.0	0.0	0.0	0.0	0.0	0.0	0.0	0.0	0.0	0.0	0.0	0.0	0.0	0.0	0.0	0.0	0.0	0.0	0.0	0.0	0.0	0.0	0.0	0.0	0.0	0.0	0.0	0.0	0.0	0.0	0.0	0.0	0.0	0.0	0.0	0.0	0.0	0.0	0.0	0.0	0.0	0.0	0.0	0.0	0.0	0.0	0.0	0.0342936	0.0	0.0	0.0	0.0	0.0	0.0	0.0	0.0	0.0	0.0	0.0	0.0	0.0	0.0	0.0	0.0	0.0	0.0	0.0	0.0	0.0	0.0	0.0	0.028455599999999998	0.0	0.0	0.0	0.0	0.0	0.0	0.0	0.0	0.0	0.0	0.0	0.0	0.0	0.0	0.0	0.0	0.0	0.0	0.0	0.0	0.0	0.0	0.0	0.0	0.0	0.0	0.0	0.0	0.0	0.0	0.0	0.0179147	0.0	0.0	0.0	0.0	0.0	0.0	0.0	0.0	0.0	0.0	0.0	0.0	0.010389599999999999	0.0	0.0	0.0	0.0	0.0	0.0	0.0	0.0	0.0117619	0.0	0.0120758	0.0	0.0	0.0	0.012840299999999999	0.0	0.0	0.0	0.0	0.0	0.0	0.0144509	0.0	0.0	0.0	0.0	0.0	0.0
Hmi-CBas_005-Ex1-10G.clmp.r1r2_fastp	0.0	0.0212525	0.0	0.0	0.0	0.0	0.0	0.0	0.0	0.0	0.0	0.0	0.0	0.0	0.0	0.0	0.0	0.0	0.0	0.0	0.0	0.0	0.0	0.0	0.0	0.0	0.0	0.0	0.0	0.0	0.0	0.0	0.0	0.0	0.0	0.0	0.0	0.0	0.0	0.0	0.0	0.0	0.0	0.0	0.0	0.0	0.0	0.0	0.0	0.0	0.0	0.0	0.0289477	0.0	0.0	0.0	0.0	0.0	0.0	0.0	0.0	0.0	0.0	0.007388799999999999	0.0	0.0	0.0	0.0	0.0	0.0	0.0	0.0	0.0	0.0	0.0	0.0	0.023203699999999997	0.0	0.0	0.0	0.0	0.0	0.0	0.0	0.0	0.0	0.0	0.0	0.0	0.0	0.0	0.0	0.0	0.0	0.0	0.0	0.0	0.0	0.0	0.0	0.0	0.0	0.0	0.0	0.0	0.0	0.0	0.0	0.0	0.0	0.0	0.0	0.0	0.0	0.0	0.0	0.0	0.0	0.0	0.0	0.0	0.0	0.0	0.0	0.0	0.0	0.0	0.0	0.0	0.0	0.0	0.0	0.0	0.0	0.0	0.0	0.0	0.0	0.0	0.0	0.0	0.0	0.0	0.0	0.0	0.0	0.0	0.0	0.0	0.0
Hmi-CBas_006-Ex1-03H.clmp.r1r2_fastp	0.0	0.0417595	0.006959910000000001	0.0	0.0	0.0	0.0	0.0	0.0	0.0	0.0	0.0	0.0	0.0	0.0	0.0	0.0	0.0	0.0	0.0	0.0	0.0	0.0	0.0	0.0	0.0	0.0	0.0	0.0	0.0	0.0	0.0	0.0	0.006963790000000001	0.0	0.0	0.0	0.0	0.0	0.0	0.0	0.0	0.0	0.0	0.0	0.0	0.0	0.0	0.0	0.0	0.0	0.0	0.0494595	0.0	0.0	0.0	0.0	0.0	0.00713572	0.0	0.0	0.0	0.0	0.0	0.0	0.0	0.0	0.0	0.0	0.0	0.0	0.0	0.0	0.0	0.0	0.0	0.0376053	0.0	0.0	0.0	0.0	0.0	0.0	0.0	0.0	0.0	0.0	0.0	0.0	0.0	0.0	0.008039230000000001	0.0	0.0	0.0	0.0	0.0	0.0	0.0	0.0	0.0	0.0	0.0	0.0	0.0	0.0	0.0	0.0	0.0180701	0.0	0.0	0.0	0.0	0.0	0.0	0.0	0.0	0.0	0.0	0.0	0.0	0.0	0.0	0.0	0.0	0.0	0.0	0.0110534	0.0	0.0	0.0	0.0	0.0	0.0	0.0118106	0.0	0.0	0.0	0.0	0.0	0.0	0.0	0.0	0.0	0.0	0.0	0.0	0.0	0.0	0.0
Hmi-CBas_007-Ex1-04F.clmp.r1r2_fastp	0.0	0.0470649	0.021393099999999998	0.0	0.0	0.0	0.0	0.0	0.0	0.0	0.0	0.0	0.0	0.0	0.0	0.0	0.0	0.0	0.0	0.0	0.0	0.0	0.0	0.0	0.0	0.0	0.0	0.0	0.0	0.0	0.0	0.0	0.0	0.0213959	0.0	0.0	0.0	0.0	0.0	0.0	0.0	0.0	0.0	0.0	0.0	0.0	0.0	0.0	0.0	0.0	0.0	0.0	0.0475964	0.0	0.0	0.0	0.0	0.0	0.0	0.0	0.0	0.0	0.0	0.00876539	0.0	0.0	0.0	0.0	0.0	0.0	0.0	0.0	0.0	0.0	0.0	0.0	0.027042899999999998	0.0	0.0	0.0	0.0	0.0	0.0	0.0	0.0	0.0	0.0	0.0	0.0	0.0	0.0	0.00471609	0.0	0.0	0.0	0.0	0.0	0.0	0.0	0.0	0.0	0.0	0.0	0.0	0.0	0.0	0.0	0.0	0.015364099999999999	0.0	0.0	0.0	0.0	0.0	0.0	0.0	0.0	0.0	0.0	0.0	0.0	0.0	0.0	0.0057402	0.0	0.0	0.0	0.005910169999999999	0.0	0.0	0.0	0.0	0.0	0.00625939	0.0	0.0	0.0	0.0	0.0	0.0	0.0	0.0	0.00679209	0.00684229	0.0	0.0	0.014249099999999999	0.0	0.00761267	0.0
Hmi-CBas_008-Ex1-05C.clmp.r1r2_fastp	0.031796500000000005	0.031796500000000005	0.0	0.0	0.0	0.0	0.0	0.0	0.0	0.0	0.0	0.0	0.0	0.0	0.0	0.0	0.0	0.0	0.0	0.0	0.0	0.0	0.0	0.0	0.0	0.0	0.0	0.0	0.0	0.0	0.0	0.0	0.0	0.0	0.0	0.0	0.0	0.0	0.0	0.0	0.0	0.0	0.0	0.0	0.0	0.0	0.0	0.0	0.0	0.0	0.0	0.0	0.0636537	0.0	0.0	0.0	0.0	0.0	0.0	0.0	0.0	0.0	0.0	0.0	0.0	0.0	0.0	0.0	0.0	0.0	0.0	0.0	0.0	0.0	0.0	0.0	0.032195800000000004	0.0	0.0	0.0	0.0	0.0	0.0	0.0	0.0	0.0	0.0	0.0	0.0	0.0	0.0	0.0	0.0	0.0	0.0	0.0	0.0	0.0	0.0	0.0	0.0	0.0	0.0	0.0	0.0	0.0	0.0	0.0	0.0	0.0	0.0	0.0	0.0	0.0	0.0	0.0	0.0	0.0	0.0	0.0	0.0	0.0	0.0	0.0	0.0	0.0	0.0	0.0	0.0	0.0	0.0	0.0	0.0	0.0	0.0	0.0	0.0	0.0	0.0	0.0	0.0	0.0	0.0	0.0	0.0	0.0	0.0	0.0	0.0	0.0
Hmi-CBas_009-Ex1-05G.clmp.r1r2_fastp	0.0	0.0650558	0.0185874	0.0	0.0	0.0	0.0	0.0	0.0	0.0	0.0	0.0	0.0	0.0	0.0	0.0	0.0	0.0	0.0	0.0	0.0	0.0	0.0	0.0	0.0	0.0	0.0	0.0	0.0	0.0	0.0	0.0	0.0	0.0	0.0	0.0	0.0	0.0	0.0	0.0	0.0	0.0	0.0	0.0	0.0	0.0	0.0	0.0	0.0	0.0	0.0	0.0	0.0655922	0.0	0.0	0.0	0.0	0.0	0.0	0.0	0.0	0.0	0.0	0.018875	0.0	0.0	0.0	0.0	0.0	0.0	0.0	0.0	0.0	0.0	0.0	0.0	0.0386175	0.0	0.0	0.0	0.0	0.0	0.0	0.0	0.0	0.0	0.0	0.0	0.0	0.0	0.0	0.0202881	0.0	0.0	0.0	0.0	0.0	0.0	0.0	0.0	0.0	0.0	0.0	0.0	0.0	0.0	0.0	0.0	0.0113714	0.0	0.0	0.0	0.0	0.0	0.0	0.0	0.0	0.0	0.0	0.0	0.0	0.0	0.0	0.0	0.0	0.0	0.0	0.0	0.0	0.0	0.0	0.0	0.0	0.0	0.0	0.0	0.0	0.0	0.0	0.0	0.0	0.0	0.0152161	0.0	0.0	0.0	0.0	0.0	0.0168322	0.0
Hmi-CBas_010-Ex1-06E.clmp.r1r2_fastp	0.0	0.034906	0.0058176700000000005	0.0	0.0	0.0	0.0	0.0	0.0	0.0	0.0	0.0058176700000000005	0.0	0.0	0.0	0.0	0.0	0.0	0.0	0.0	0.0	0.0	0.0	0.0	0.0	0.0	0.0	0.0	0.0	0.0	0.0	0.0	0.0	0.005821740000000001	0.0	0.0	0.0	0.0	0.0	0.0	0.0	0.0	0.0	0.0	0.0	0.0	0.0	0.0	0.0	0.0	0.0	0.0	0.0235253	0.0	0.0	0.0	0.0	0.0	0.0	0.0	0.0	0.0	0.0	0.0	0.0	0.0	0.0	0.0	0.0	0.0	0.0	0.0	0.0	0.0	0.0	0.0	0.018566700000000002	0.0	0.0	0.0	0.0	0.0	0.0	0.0	0.0	0.0	0.0	0.0	0.0	0.0	0.0	0.0	0.0	0.0	0.0	0.0	0.0	0.0	0.0	0.0	0.0	0.0	0.0	0.0	0.0	0.0	0.0	0.0	0.014657400000000001	0.0	0.0	0.0	0.0	0.0	0.0	0.0	0.0	0.0	0.0	0.0	0.0	0.0	0.0	0.0	0.0	0.0	0.0	0.0	0.0	0.0	0.0	0.0	0.0	0.0	0.00944465	0.0	0.0	0.0	0.0	0.0	0.0	0.0	0.021631	0.0	0.0	0.0	0.0	0.0	0.025740000000000002	0.0
Hmi-CBas_011-Ex1-12E.clmp.r1r2_fastp	0.0	0.0465178	0.0066454	0.0	0.0	0.0	0.0	0.0	0.0	0.0	0.0	0.0	0.0	0.0	0.0	0.0	0.0	0.0	0.0	0.0	0.0	0.0	0.0	0.0	0.0	0.0	0.0	0.0	0.0	0.0	0.0	0.0	0.0	0.0	0.0	0.0	0.0	0.0	0.0	0.0	0.0	0.0	0.0	0.0	0.0	0.0	0.0	0.0	0.0	0.0	0.0	0.0	0.034053	0.0	0.0	0.0	0.0	0.0	0.0	0.0	0.0	0.0	0.0	0.006976909999999999	0.0	0.0	0.0	0.0	0.0	0.0	0.0	0.0	0.0	0.0	0.0	0.0	0.029146000000000002	0.0	0.0	0.0	0.0	0.0	0.0	0.0	0.0	0.0	0.0	0.0	0.0	0.0	0.0	0.0	0.0	0.0	0.0	0.0	0.0	0.0	0.0	0.0	0.0	0.0	0.0	0.0	0.0	0.0	0.0	0.0	0.0180489	0.0	0.0	0.0	0.0	0.0	0.0	0.0	0.0	0.0	0.0	0.0	0.0	0.0	0.0	0.0	0.0	0.0	0.0	0.0	0.0	0.0	0.0	0.0	0.0	0.0	0.0	0.0	0.0	0.0	0.0	0.0	0.0	0.0	0.0	0.0	0.0	0.0	0.0	0.0	0.0155836	0.0
Hmi-CBas_012-Ex1-12G.clmp.r1r2_fastp	0.0	0.048911699999999995	0.0244559	0.0	0.012227900000000002	0.0	0.0	0.0	0.0	0.0	0.0	0.0	0.0	0.0	0.0	0.0	0.0	0.0	0.0	0.0	0.0	0.0	0.0	0.0	0.0	0.0	0.0	0.0	0.0	0.0	0.0	0.0	0.0	0.012238400000000002	0.0	0.0	0.0	0.0	0.0	0.0	0.0	0.0	0.0	0.0	0.0	0.0	0.0	0.0	0.0	0.0	0.0	0.0	0.050244899999999995	0.0	0.0	0.0	0.0	0.0	0.0	0.0	0.0	0.0	0.0	0.0129216	0.0	0.0	0.0	0.0	0.0	0.0	0.0	0.0	0.0	0.0	0.0	0.0	0.0414536	0.0	0.0	0.0	0.0	0.0	0.0	0.0	0.0	0.0	0.0	0.0	0.0	0.0	0.0	0.0157604	0.0	0.0	0.0	0.0	0.0	0.0	0.0	0.0	0.0	0.0	0.0	0.0	0.0	0.0188005	0.0	0.0	0.0	0.0	0.0	0.0	0.0	0.0	0.0	0.0	0.0	0.0	0.0	0.0	0.0	0.0	0.0	0.0	0.0	0.0	0.0	0.0	0.0	0.0	0.0	0.0	0.0	0.0	0.0	0.0	0.0	0.0	0.0	0.0	0.0	0.0	0.0	0.0	0.0	0.0	0.0	0.0	0.0	0.0
Hmi-CBas_013-Ex1-01B.clmp.r1r2_fastp	0.0	0.0635324	0.00453803	0.0	0.0	0.0	0.0	0.0	0.0	0.0	0.0	0.0	0.0	0.0	0.0	0.0	0.0	0.0	0.0	0.0	0.0	0.0	0.0	0.0	0.0	0.0	0.0	0.0	0.0	0.0	0.0	0.0	0.0	0.0	0.0	0.0	0.0	0.0	0.0	0.0	0.0	0.0	0.0	0.0	0.0	0.0	0.0	0.0	0.0	0.0	0.0	0.0	0.0690322	0.0	0.0	0.0	0.0	0.0	0.0	0.0	0.0	0.0	0.0	0.0046805499999999995	0.0	0.0	0.0	0.0	0.0	0.0	0.0	0.0	0.0	0.0	0.0	0.0	0.0289338	0.0	0.0	0.0	0.0	0.0	0.0	0.0	0.0	0.0	0.0	0.0	0.0	0.0	0.0	0.010178099999999999	0.0	0.0	0.0	0.0	0.0	0.0	0.0	0.0	0.0	0.0	0.0	0.0	0.0	0.0	0.0	0.0	0.0112689	0.0	0.0	0.0	0.0	0.0	0.0	0.0	0.0	0.0	0.0	0.0	0.0	0.0	0.0	0.0	0.0	0.0	0.0	0.0	0.0	0.0	0.0	0.0	0.0	0.0	0.0	0.0	0.0	0.0	0.0	0.0	0.0	0.0	0.0	0.0	0.0	0.0	0.0	0.0	0.017447400000000002	0.0
Hmi-CBas_014-Ex1-09D.clmp.r1r2_fastp	0.0	0.0673401	0.008417510000000001	0.0	0.0	0.0	0.0	0.0	0.0	0.0	0.0	0.0	0.0	0.0	0.0	0.0	0.0	0.0	0.0	0.0	0.0	0.0	0.0	0.0	0.0	0.0	0.0	0.0	0.0	0.0	0.0	0.0	0.0	0.0	0.0	0.0	0.0	0.0	0.0	0.0	0.0	0.0	0.0	0.0	0.0	0.0	0.0	0.0	0.0	0.0	0.0	0.0	0.0685342	0.0	0.0	0.008599190000000001	0.0	0.0	0.00864603	0.0	0.0	0.0	0.0	0.0	0.0	0.0	0.0	0.0	0.0	0.0	0.0	0.0	0.0	0.0	0.0	0.0	0.0448833	0.0	0.0	0.0	0.0	0.0	0.0	0.0	0.0	0.0	0.0	0.0	0.0	0.0	0.0	0.0191223	0.0	0.0	0.0	0.0	0.0	0.0	0.0	0.0	0.0	0.0	0.0	0.0	0.0	0.0104778	0.0	0.0	0.0	0.0	0.0	0.0	0.0	0.0	0.0	0.0	0.0	0.0	0.0	0.0	0.0	0.0117357	0.0	0.0	0.0	0.0	0.0	0.0	0.0	0.012558099999999999	0.0	0.0	0.0	0.0	0.0	0.0	0.0	0.0	0.0	0.0	0.0	0.0	0.0	0.0150399	0.0	0.0	0.0	0.0	0.0	0.0
Hmi-CBas_015-Ex1-09G.clmp.r1r2_fastp	0.0	0.06787330000000001	0.0	0.0	0.0	0.0	0.0	0.0	0.0	0.0	0.0	0.0	0.0	0.0	0.0	0.0	0.0	0.0	0.0	0.0	0.0	0.0	0.0	0.0	0.0	0.0	0.0	0.0	0.0	0.0	0.0	0.0	0.0	0.0	0.0	0.0	0.0	0.0	0.0	0.0	0.0	0.0	0.0	0.0	0.0	0.0	0.0	0.0	0.0	0.0	0.0	0.0	0.0925497	0.0	0.0	0.0	0.0	0.0	0.0	0.0	0.0	0.0	0.0	0.0234357	0.0	0.0	0.0	0.0	0.0	0.0	0.0	0.0	0.0	0.0	0.0	0.0	0.07239380000000001	0.0	0.0	0.0	0.0	0.0	0.0	0.0	0.0	0.0	0.0	0.0	0.0	0.0	0.0	0.025265299999999997	0.0	0.0	0.0	0.0	0.0	0.0	0.0	0.0	0.0	0.0	0.0	0.0	0.0	0.0	0.0	0.0	0.0	0.0	0.0	0.0	0.0	0.0	0.0	0.0	0.0	0.0	0.0	0.0	0.0	0.0	0.0	0.0	0.0	0.0	0.0	0.0	0.0	0.0	0.0	0.0	0.0	0.0	0.0	0.0	0.0	0.0	0.0	0.0	0.0	0.0	0.0419111	0.0	0.0427716	0.0	0.0447828	0.0	0.047892699999999996	0.0
Hmi-CBas_016-Ex1-10C.clmp.r1r2_fastp	0.00489476	0.0391581	0.00489476	0.0	0.00489476	0.0	0.0	0.0	0.0	0.0	0.0	0.0	0.0	0.0	0.0	0.0	0.0	0.0	0.0	0.0	0.0	0.0	0.0	0.0	0.0	0.0	0.0	0.0	0.0	0.0	0.0	0.0	0.0	0.0048959599999999995	0.0	0.0	0.0	0.0	0.0	0.0	0.0	0.0	0.0	0.0	0.0	0.0	0.0	0.0	0.0	0.0	0.0	0.0	0.0497413	0.0	0.0	0.0	0.0	0.0	0.005017059999999999	0.0	0.0	0.0	0.0	0.00507949	0.0	0.0	0.0	0.0	0.0	0.0	0.0	0.0	0.0	0.0	0.0	0.0	0.026462000000000003	0.0	0.0	0.0	0.0	0.0	0.0	0.0	0.0	0.0	0.0	0.0	0.0	0.0	0.0	0.00574878	0.0	0.0	0.0	0.0	0.0	0.0	0.0	0.0	0.0	0.0	0.0	0.0	0.0	0.0	0.0	0.0	0.0	0.0	0.0	0.0	0.0	0.0	0.0	0.0	0.0	0.0	0.0	0.0	0.0	0.00764234	0.0	0.0	0.0	0.0	0.0	0.0	0.0	0.0	0.0	0.0	0.0	0.0	0.0	0.0	0.0	0.0	0.0	0.0	0.0	0.0	0.0	0.0	0.0	0.0	0.0	0.0	0.0116877	0.0
Hmi-CBas_017-Ex1-10H.clmp.r1r2_fastp	0.0	0.06915149999999999	0.0276606	0.0	0.0	0.0	0.0	0.0	0.0	0.0	0.0	0.0	0.0	0.0	0.0	0.0	0.0	0.0	0.0	0.0	0.0	0.0	0.0	0.0	0.0	0.0	0.0	0.0	0.0	0.0	0.0	0.0	0.0	0.0207526	0.0	0.0	0.0	0.0	0.0	0.0	0.0	0.0	0.0	0.0	0.0	0.0	0.0	0.0	0.0	0.0	0.0	0.0	0.070082	0.0	0.0	0.0	0.0	0.0	0.00706115	0.0	0.0	0.0	0.0	0.0	0.0	0.0	0.0	0.0	0.0	0.0	0.0	0.0	0.0	0.0	0.0	0.0	0.0742776	0.0	0.0	0.0	0.0	0.0	0.0	0.0	0.0	0.0	0.0	0.0	0.0	0.0	0.0	0.016241699999999998	0.0	0.0	0.0	0.0	0.0	0.0	0.0	0.0	0.0	0.0	0.0	0.0	0.0	0.0	0.0	0.0	0.00970968	0.0	0.0	0.0	0.0	0.0	0.0	0.0	0.0	0.0	0.0	0.0	0.0	0.0	0.0	0.0	0.0	0.0	0.0	0.0	0.0	0.0	0.0	0.0	0.0	0.0	0.0	0.0	0.0	0.0	0.0	0.0	0.0	0.0	0.0	0.0	0.0	0.0	0.0	0.0	0.0	0.0
Hmi-CBas_018-Ex1-11B.clmp.r1r2_fastp	0.0	0.077511	0.0180258	0.0	0.00180258	0.0	0.0	0.0	0.0	0.0	0.0	0.00180258	0.0	0.0	0.0	0.0	0.0	0.0	0.0	0.0	0.0	0.0	0.0	0.0	0.0	0.0	0.0	0.0	0.0	0.0	0.0	0.0	0.0	0.0144305	0.0	0.0	0.0	0.0	0.0	0.0	0.0	0.0	0.0	0.0	0.0	0.0	0.0	0.0	0.0	0.0	0.0	0.0	0.0875321	0.0	0.0	0.0	0.0	0.0	0.0018357699999999998	0.0	0.0	0.0	0.0	0.0221701	0.0	0.0	0.0	0.0	0.0	0.0	0.0	0.0	0.0	0.0	0.0	0.0	0.0625628	0.0	0.0	0.0	0.0	0.0	0.0	0.0	0.0	0.0	0.0	0.0	0.0	0.0	0.0	0.0240693	0.0	0.0	0.0	0.0	0.0	0.0	0.0	0.0	0.0	0.0	0.0	0.0	0.0	0.00218751	0.0	0.0	0.0156975	0.0	0.0	0.0	0.0	0.0	0.0	0.0	0.0	0.0	0.0	0.0	0.0	0.0	0.0	0.0	0.0	0.0	0.0	0.0	0.0	0.0	0.00275179	0.0	0.0	0.0	0.0028549400000000003	0.0	0.00291469	0.0	0.0	0.0	0.0	0.0	0.00630676	0.00319826	0.0032426499999999997	0.0	0.00338261	0.0034733100000000003	0.0072505799999999995	0.0
Hmi-CBas_019-Ex1-04G.clmp.r1r2_fastp	0.0	0.00978569	0.00978569	0.0	0.0	0.0	0.0	0.0	0.0	0.0	0.0	0.0	0.0	0.0	0.0	0.0	0.0	0.0	0.0	0.0	0.0	0.0	0.0	0.0	0.0	0.0	0.0	0.0	0.0	0.0	0.0	0.0	0.0	0.0	0.0	0.0	0.0	0.0	0.0	0.0	0.0	0.0	0.0	0.0	0.0	0.0	0.0	0.0	0.0	0.0	0.0	0.0	0.0396314	0.0	0.0	0.0	0.0	0.0	0.0	0.0	0.0	0.0	0.0	0.0	0.0	0.0	0.0	0.0	0.0	0.0	0.0	0.0	0.0	0.0	0.0	0.0	0.0104373	0.0	0.0	0.0	0.0	0.0	0.0	0.0	0.0	0.0	0.0	0.0	0.0	0.0	0.0	0.0	0.0	0.0	0.0	0.0	0.0	0.0	0.0	0.0	0.0	0.0	0.0	0.0	0.0	0.0	0.0	0.0	0.012411599999999998	0.0	0.0	0.0	0.0	0.0	0.0	0.0	0.0	0.0	0.0	0.0	0.0	0.0	0.0	0.0	0.0	0.0	0.0	0.0	0.0	0.0	0.0	0.0	0.0	0.0	0.0	0.0	0.0	0.0	0.0	0.0	0.0	0.0	0.0	0.0	0.0	0.0	0.0	0.0	0.0205592	0.0
Hmi-CBas_020-Ex1-11G.clmp.r1r2_fastp	0.0	0.0309945	0.00774863	0.0	0.0	0.0	0.0	0.0	0.0	0.0	0.0	0.0	0.0	0.0	0.0	0.0	0.0	0.0	0.0	0.0	0.0	0.0	0.0	0.0	0.0	0.0	0.0	0.0	0.0	0.0	0.0	0.0	0.0	0.007756150000000001	0.0	0.0	0.0	0.0	0.0	0.0	0.0	0.0	0.0	0.0	0.0	0.0	0.0	0.0	0.0	0.0	0.0	0.0	0.051278000000000004	0.0	0.0	0.0	0.0	0.0	0.0	0.0	0.0	0.0	0.0	0.00402139	0.0	0.0	0.0	0.0	0.0	0.0	0.0	0.0	0.0	0.0	0.0	0.0	0.021122	0.0	0.0	0.0	0.0	0.0	0.0	0.0	0.0	0.0	0.0	0.0	0.0	0.0	0.0	0.004613819999999999	0.0	0.0	0.0	0.0	0.0	0.0	0.0	0.0	0.0	0.0	0.0	0.0	0.0	0.0	0.0	0.0	0.010475	0.0	0.0	0.0	0.0	0.0	0.0	0.0	0.0	0.0	0.0	0.0	0.0	0.0117904	0.0	0.0	0.0	0.0	0.00623169	0.0	0.0	0.0	0.0	0.0	0.0	0.0	0.0	0.0	0.0	0.0	0.0	0.0	0.0	0.0	0.00817327	0.0	0.00850991	0.0	0.0	0.00902935	0.009548359999999999	0.0
Hmi-CBas_021-Ex1-12C.clmp.r1r2_fastp	0.0	0.027866799999999997	0.00928893	0.0	0.0	0.0	0.0	0.0	0.0	0.0	0.0	0.0	0.0	0.0	0.0	0.0	0.0	0.0	0.0	0.0	0.0	0.0	0.0	0.0	0.0	0.0	0.0	0.0	0.0	0.0	0.0	0.0	0.0	0.013945099999999998	0.0	0.0	0.0	0.0	0.0	0.0	0.0	0.0	0.0	0.0	0.0	0.0	0.0	0.0	0.0	0.0	0.0	0.0	0.028641000000000003	0.0	0.0	0.0	0.0	0.0	0.0048538999999999995	0.0	0.0	0.0	0.0	0.0	0.0	0.0	0.0	0.0	0.0	0.0	0.0	0.0	0.0	0.0	0.0	0.0	0.020869199999999997	0.0	0.0	0.0	0.0	0.0	0.0	0.0	0.0	0.0	0.0	0.0	0.0	0.0	0.0	0.0172951	0.0	0.0	0.0	0.0	0.0	0.0	0.0	0.0	0.0	0.0	0.0	0.0	0.0	0.0	0.0	0.0	0.0	0.0	0.0	0.0	0.0	0.0	0.0	0.0	0.0	0.0	0.0	0.0	0.0	0.0	0.0	0.0	0.0	0.0	0.0	0.0	0.0	0.0	0.0	0.0	0.0	0.0	0.0	0.0	0.0	0.0	0.0	0.0	0.0	0.0	0.0105843	0.0	0.0	0.0	0.0113934	0.0	0.0121669	0.0
Hmi-CBas_022-Ex1-06F.clmp.r1r2_fastp	0.0	0.0355006	0.0	0.0	0.0	0.0	0.0	0.0	0.0	0.0	0.0	0.0	0.0	0.0	0.0	0.0	0.0	0.0	0.0	0.0	0.0	0.0	0.0	0.0	0.0	0.0	0.0	0.0	0.0	0.0	0.0	0.0	0.0	0.00507408	0.0	0.0	0.0	0.0	0.0	0.0	0.0	0.0	0.0	0.0	0.0	0.0	0.0	0.0	0.0	0.0	0.0	0.0	0.0463201	0.0	0.0	0.0	0.0	0.0	0.00518054	0.0	0.0	0.0	0.0	0.010439	0.0	0.0	0.0	0.0	0.0	0.0	0.0	0.0	0.0	0.0	0.0	0.0	0.0374813	0.0	0.0	0.0	0.0	0.0	0.0	0.0	0.0	0.0	0.0	0.0	0.0	0.0	0.0	0.0113682	0.0	0.0	0.0	0.0	0.0	0.0	0.0	0.0	0.0	0.0	0.0	0.0	0.0	0.0	0.0	0.0	0.00623053	0.0	0.0	0.0	0.0	0.0	0.0	0.0	0.0	0.0	0.0	0.0	0.0	0.0	0.0069180199999999996	0.0	0.0	0.0	0.0	0.00716743	0.0	0.0	0.0	0.0	0.0	0.0	0.0	0.0	0.0	0.0	0.0	0.0	0.0	0.0	0.0	0.0	0.0	0.0	0.0	0.0	0.0	0.0
Hmi-CBas_023-Ex1-12F.clmp.r1r2_fastp	0.0	0.0709052	0.0196959	0.0	0.00393918	0.0	0.0	0.0	0.0	0.0	0.0	0.0	0.0	0.0	0.0	0.0	0.0	0.0	0.0	0.0	0.0	0.0	0.0	0.0	0.0	0.0	0.0	0.0	0.0	0.0	0.0	0.0	0.0	0.0197114	0.0	0.0	0.0	0.0	0.0	0.0	0.0	0.0	0.0	0.0	0.0	0.0	0.0	0.0	0.0	0.0	0.0	0.0	0.0683197	0.0	0.0	0.00404269	0.0	0.0	0.00406372	0.0	0.0	0.0	0.0	0.024626500000000003	0.0	0.0	0.0	0.0	0.0	0.0	0.0	0.0	0.0	0.0	0.0	0.0	0.047263	0.0	0.0	0.0	0.0	0.0	0.0	0.0	0.0	0.0	0.0	0.0	0.0	0.0	0.0	0.009280739999999999	0.0	0.0	0.0	0.0	0.0	0.0	0.0	0.0	0.0	0.0	0.0	0.0	0.0	0.0	0.0	0.0	0.0107308	0.0	0.0	0.0	0.0	0.0	0.0	0.0	0.0	0.0	0.0	0.0	0.0	0.0	0.0	0.0	0.0	0.0	0.0	0.0	0.0	0.0	0.0	0.0	0.0	0.0	0.0	0.0	0.0	0.0	0.0	0.0	0.0	0.0	0.0	0.0	0.0	0.0	0.0	0.0	0.00877347	0.0
Hmi-CBas_024-Ex1-12H.clmp.r1r2_fastp	0.0	0.05209420000000001	0.0104188	0.0	0.0	0.0	0.0	0.0	0.0	0.0	0.0	0.0	0.0	0.0	0.0	0.0	0.0	0.0	0.0	0.0	0.0	0.0	0.0	0.0	0.0	0.0	0.0	0.0	0.0	0.0	0.0	0.0	0.0	0.0208442	0.0	0.0	0.0	0.0	0.0	0.0	0.0	0.0	0.0	0.0	0.0	0.0	0.0	0.0	0.0	0.0	0.0	0.0	0.0742548	0.0	0.0	0.0	0.0	0.0	0.0107308	0.0	0.0	0.0	0.0	0.0	0.0	0.0	0.0	0.0	0.0	0.0	0.0	0.0	0.0	0.0	0.0	0.0	0.0230044	0.0	0.0	0.0	0.0	0.0	0.0	0.0	0.0	0.0	0.0	0.0	0.0	0.0	0.0	0.0126167	0.0	0.0	0.0	0.0	0.0	0.0	0.0	0.0	0.0	0.0	0.0	0.0	0.0	0.0	0.0	0.0	0.0	0.0	0.0	0.0	0.0	0.0	0.0	0.0	0.0	0.0	0.0	0.0	0.0	0.0	0.0	0.0	0.0	0.0	0.0	0.0182782	0.0	0.0	0.0	0.0	0.0	0.0	0.0198255	0.0	0.0	0.0	0.0	0.0	0.0	0.0	0.0223164	0.0	0.0229832	0.0	0.0241721	0.0	0.0	0.0
Hmi-CBas_025-Ex1-01C.clmp.r1r2_fastp	0.0	0.0851117	0.007737419999999999	0.0	0.00154748	0.0	0.0	0.0	0.0	0.0	0.0	0.00154748	0.0	0.0	0.0	0.0	0.0	0.0	0.0	0.0	0.0	0.0	0.0	0.0	0.0	0.0	0.0	0.0	0.0	0.0	0.0	0.0	0.0	0.00928548	0.0	0.0	0.0	0.0	0.0	0.0	0.0	0.0	0.0	0.0	0.0	0.0	0.0	0.0	0.0	0.0	0.0	0.0	0.0715263	0.0	0.0	0.0	0.0	0.0	0.0015589199999999999	0.0	0.0	0.0	0.0	0.0125086	0.0	0.0	0.0	0.0	0.0	0.0	0.0	0.0	0.0	0.0	0.0	0.0	0.0521929	0.0	0.0	0.0	0.0	0.0	0.0	0.0	0.0	0.0	0.0	0.0	0.0	0.0	0.0	0.0128355	0.0	0.0	0.0	0.0	0.0	0.0	0.0	0.0	0.0	0.0	0.0	0.0	0.0	0.0	0.0	0.0	0.013540700000000001	0.0	0.0	0.0	0.0	0.0	0.0	0.0	0.0	0.0	0.0	0.0	0.0	0.0	0.00182672	0.0	0.0	0.0	0.0	0.00188111	0.0	0.00190143	0.0	0.0	0.0	0.0	0.0	0.0	0.0019929099999999996	0.0	0.0	0.0	0.0	0.0	0.00637891	0.0021401799999999998	0.00215787	0.0	0.00221312	0.00226984	0.021326499999999998	0.0
Hmi-CBas_026-Ex1-01G.clmp.r1r2_fastp	0.0	0.030463	0.0	0.0	0.00507717	0.0	0.0	0.0	0.0	0.0	0.0	0.0	0.0	0.0	0.0	0.0	0.0	0.0	0.0	0.0	0.0	0.0	0.0	0.0	0.0	0.0	0.0	0.0	0.0	0.0	0.0	0.0	0.0	0.0	0.0	0.0	0.0	0.0	0.0	0.0	0.0	0.0	0.0	0.0	0.0	0.0	0.0	0.0	0.0	0.0	0.0	0.0	0.0359675	0.0	0.0	0.0	0.0	0.0	0.0	0.0	0.0	0.0	0.0	0.010388	0.0	0.0	0.0	0.0	0.0	0.0	0.0	0.0	0.0	0.0	0.0	0.0	0.0213004	0.0	0.0	0.0	0.0	0.0	0.0	0.0	0.0	0.0	0.0	0.0	0.0	0.0	0.0	0.00555062	0.0	0.0	0.0	0.0	0.0	0.0	0.0	0.0	0.0	0.0	0.0	0.0	0.0	0.0	0.0	0.0	0.0	0.0	0.0	0.0	0.0	0.0	0.0	0.0	0.0	0.0	0.0	0.0	0.0	0.0	0.0	0.006527839999999999	0.0	0.0	0.0	0.0	0.0	0.0	0.0	0.0	0.0	0.00712809	0.0	0.0	0.0	0.0	0.0	0.0	0.0	0.0	0.0	0.00781067	0.0	0.0	0.0	0.0	0.0	0.0
Hmi-CBas_027-Ex1-02D.clmp.r1r2_fastp	0.0	0.035705	0.0041198	0.0	0.0	0.0	0.0	0.0	0.0	0.0	0.0	0.00137327	0.0	0.0	0.0	0.0	0.0	0.0	0.0	0.0	0.0	0.0	0.0	0.0	0.0	0.0	0.0	0.0	0.0	0.0	0.0	0.0	0.0	0.004120820000000001	0.0	0.0	0.0	0.0	0.0	0.0	0.0	0.0	0.0	0.0	0.0	0.0	0.0	0.0	0.0	0.0	0.0	0.0	0.040006599999999996	0.0	0.0	0.0	0.0	0.0	0.00138257	0.0	0.0	0.0	0.0	0.00693241	0.0	0.0	0.0	0.0	0.0	0.0	0.0	0.0	0.0	0.0	0.0	0.0	0.028110800000000002	0.0	0.0	0.0	0.0	0.0	0.0	0.0	0.0	0.0	0.0	0.0	0.0	0.0	0.0	0.00144421	0.0	0.0	0.0	0.0	0.0	0.0	0.0	0.0	0.0	0.0	0.0	0.0	0.0	0.0	0.0	0.0	0.00459883	0.0	0.0	0.0	0.0	0.0	0.0	0.0	0.0	0.0	0.0	0.0	0.0	0.0	0.0	0.00332508	0.0	0.0	0.0	0.00341239	0.0	0.0	0.0	0.0	0.0	0.00178285	0.0017907700000000001	0.0	0.0	0.0	0.0	0.0	0.0	0.0	0.0037999	0.0019137700000000002	0.0019266	0.0	0.00392334	0.0	0.0102925	0.0
Hmi-CBas_028-Ex1-02H.clmp.r1r2_fastp	0.0	0.0387297	0.0	0.0	0.0	0.0	0.0	0.0	0.0	0.0	0.0	0.0	0.0	0.0	0.0	0.0	0.0	0.0	0.0	0.0	0.0	0.0	0.0	0.0	0.0	0.0	0.0	0.0	0.0	0.0	0.0	0.0	0.0	0.00387342	0.0	0.0	0.0	0.0	0.0	0.0	0.0	0.0	0.0	0.0	0.0	0.0	0.0	0.0	0.0	0.0	0.0	0.0	0.0392542	0.0	0.0	0.0	0.0	0.0	0.0	0.0	0.0	0.0	0.0	0.0120216	0.0	0.0	0.0	0.0	0.0	0.0	0.0	0.0	0.0	0.0	0.0	0.0	0.0250209	0.0	0.0	0.0	0.0	0.0	0.0	0.0	0.0	0.0	0.0	0.0	0.0	0.0	0.0	0.00451998	0.0	0.0	0.0	0.0	0.0	0.0	0.0	0.0	0.0	0.0	0.0	0.0	0.0	0.0	0.0	0.0	0.00542182	0.0	0.0	0.0	0.0	0.0	0.0	0.0	0.0	0.0	0.0	0.0	0.0	0.0	0.0	0.0	0.0	0.0	0.0	0.0	0.0	0.0	0.0	0.0	0.0	0.0	0.0	0.0	0.0	0.0	0.0	0.0	0.0	0.0	0.0	0.0	0.0	0.0	0.0	0.0	0.0	0.0
Hmi-CBas_029-Ex1-03C.clmp.r1r2_fastp	0.0	0.0	0.0	0.0	0.0	0.0	0.0	0.0	0.0	0.0	0.0	0.0	0.0	0.0	0.0	0.0	0.0	0.0	0.0	0.0	0.0	0.0	0.0	0.0	0.0	0.0	0.0	0.0	0.0	0.0	0.0	0.0	0.0	0.0	0.0	0.0	0.0	0.0	0.0	0.0	0.0	0.0	0.0	0.0	0.0	0.0	0.0	0.0	0.0	0.0	0.0	0.0	0.0	0.0	0.0	0.0	0.0	0.0	0.0	0.0	0.0	0.0	0.0	0.0	0.0	0.0	0.0	0.0	0.0	0.0	0.0	0.0	0.0	0.0	0.0	0.0	0.0	0.0	0.0	0.0	0.0	0.0	0.0	0.0	0.0	0.0	0.0	0.0	0.0	0.0	0.0	0.0	0.0	0.0	0.0	0.0	0.0	0.0	0.0	0.0	0.0	0.0	0.0	0.0	0.0	0.0	0.0	0.0	0.0	0.0	0.0	0.0	0.0	0.0	0.0	0.0	0.0	0.0	0.0	0.0	0.0	0.0	0.0	0.0	0.0	0.0	0.0	0.0	0.0	0.0	0.0	0.0	0.0	0.0	0.0	0.0	0.0	0.0	0.0	0.0	0.0	0.0	0.0	0.0	0.0	0.0	0.0	0.0	0.0	0.0
Hmi-CBas_030-Ex1-04A.clmp.r1r2_fastp	0.0	0.0538189	0.0120818	0.0	0.0	0.0	0.0	0.0	0.0	0.0	0.0	0.0	0.0	0.0	0.0	0.0	0.0	0.0	0.0	0.0	0.0	0.0	0.0	0.0	0.0	0.0	0.0	0.0	0.0	0.0	0.0	0.0	0.0	0.00988826	0.0	0.0	0.0	0.0	0.0	0.0	0.0	0.0	0.0	0.0	0.0	0.0	0.0	0.0	0.0	0.0	0.0	0.0	0.050861899999999995	0.0	0.0	0.0	0.0	0.0	0.00110876	0.0	0.0	0.0	0.0	0.0100077	0.0	0.0	0.0	0.0	0.0	0.0	0.0	0.0	0.0	0.0	0.0	0.0	0.0314773	0.0	0.0	0.0	0.0	0.0	0.0	0.0	0.0	0.0	0.0	0.0	0.0	0.0	0.0	0.0092446	0.0	0.0	0.0	0.0	0.0	0.0	0.0	0.0	0.0	0.0	0.0	0.0	0.0	0.0012233300000000001	0.0	0.0	0.00619479	0.0	0.0	0.0	0.0	0.0	0.0	0.0	0.0	0.0	0.0	0.0	0.0	0.0	0.0026885	0.00135523	0.0	0.0	0.0	0.00279369	0.0	0.00141852	0.0	0.0	0.0	0.00291907	0.00147145	0.0	0.00150485	0.0	0.0	0.0	0.0	0.0	0.00481325	0.0032518200000000003	0.00494161	0.0	0.00170497	0.0	0.0036915999999999997	0.0
Hmi-CBas_031-Ex1-04H.clmp.r1r2_fastp	0.0	0.0218309	0.0	0.0	0.0	0.0	0.0	0.0	0.0	0.0	0.0	0.0	0.0	0.0	0.0	0.0	0.0	0.0	0.0	0.0	0.0	0.0	0.0	0.0	0.0	0.0	0.0	0.0	0.0	0.0	0.0	0.0	0.0	0.0	0.0	0.0	0.0	0.0	0.0	0.0	0.0	0.0	0.0	0.0	0.0	0.0	0.0	0.0	0.0	0.0	0.0	0.0	0.0148379	0.0	0.0	0.0	0.0	0.0	0.0	0.0	0.0	0.0	0.0	0.0	0.0	0.0	0.0	0.0	0.0	0.0	0.0	0.0	0.0	0.0	0.0	0.0	0.0158103	0.0	0.0	0.0	0.0	0.0	0.0	0.0	0.0	0.0	0.0	0.0	0.0	0.0	0.0	0.0	0.0	0.0	0.0	0.0	0.0	0.0	0.0	0.0	0.0	0.0	0.0	0.0	0.0	0.0	0.0	0.0	0.0	0.0	0.0	0.0	0.0	0.0	0.0	0.0	0.0	0.0	0.0	0.0	0.0	0.0	0.0124673	0.0	0.0	0.0	0.0	0.0132433	0.0	0.0	0.0	0.0	0.0	0.0	0.0	0.0	0.0	0.0	0.0	0.0	0.0	0.0	0.0165618	0.0	0.0172801	0.0	0.017869899999999998	0.0	0.0193349	0.0
Hmi-CBas_032-Ex1-05D.clmp.r1r2_fastp	0.0	0.0919709	0.0183942	0.0	0.0	0.0	0.0	0.0	0.0	0.0	0.0	0.0	0.0	0.0	0.0	0.0	0.0	0.0	0.0	0.0	0.0	0.0	0.0	0.0	0.0	0.0	0.0	0.0	0.0	0.0	0.0	0.0	0.0	0.00919879	0.0	0.0	0.0	0.0	0.0	0.0	0.0	0.0	0.0	0.0	0.0	0.0	0.0	0.0	0.0	0.0	0.0	0.0	0.0934317	0.0	0.0	0.0	0.0	0.0	0.0	0.0	0.0	0.0	0.0	0.0189251	0.0	0.0	0.0	0.0	0.0	0.0	0.0	0.0	0.0	0.0	0.0	0.0	0.068047	0.0	0.0	0.0	0.0	0.0	0.0	0.0	0.0	0.0	0.0	0.0	0.0	0.0	0.0	0.0	0.0	0.0	0.0	0.0	0.0	0.0	0.0	0.0	0.0	0.0	0.0	0.0	0.0	0.0	0.0	0.0	0.0228102	0.0	0.0	0.0	0.0	0.0	0.0	0.0	0.0	0.0	0.0	0.0	0.0	0.0	0.0	0.0	0.0	0.0	0.0	0.013137199999999998	0.0	0.0	0.0	0.0	0.0	0.0	0.0	0.0	0.0	0.0	0.0	0.0	0.0	0.0	0.0154895	0.0	0.0	0.0	0.0164231	0.0	0.0174611	0.0
Hmi-CBas_033-Ex1-05H.clmp.r1r2_fastp	0.0	0.0140213	0.0	0.0	0.0	0.0	0.0	0.0	0.0	0.0	0.0	0.0	0.0	0.0	0.0	0.0	0.0	0.0	0.0	0.0	0.0	0.0	0.0	0.0	0.0	0.0	0.0	0.0	0.0	0.0	0.0	0.0	0.0	0.014031100000000001	0.0	0.0	0.0	0.0	0.0	0.0	0.0	0.0	0.0	0.0	0.0	0.0	0.0	0.0	0.0	0.0	0.0	0.0	0.0141924	0.0	0.0	0.0	0.0	0.0	0.0	0.0	0.0	0.0	0.0	0.0143616	0.0	0.0	0.0	0.0	0.0	0.0	0.0	0.0	0.0	0.0	0.0	0.0	0.0147754	0.0	0.0	0.0	0.0	0.0	0.0	0.0	0.0	0.0	0.0	0.0	0.0	0.0	0.0	0.0	0.0	0.0	0.0	0.0	0.0	0.0	0.0	0.0	0.0	0.0	0.0	0.0	0.0	0.0	0.0	0.0	0.0	0.0	0.0	0.0	0.0	0.0	0.0	0.0	0.0	0.0	0.0	0.0	0.0	0.0	0.0	0.0	0.0	0.0	0.0	0.0	0.0	0.0	0.0	0.0	0.0	0.0	0.0	0.0	0.0	0.0	0.0	0.0	0.0	0.0	0.0	0.0	0.024606299999999998	0.0	0.0	0.0	0.0	0.0
Hmi-CBas_034-Ex1-06G.clmp.r1r2_fastp	0.0	0.038975	0.0	0.0	0.0	0.0	0.0	0.0	0.0	0.0	0.0	0.0	0.0	0.0	0.0	0.0	0.0	0.0	0.0	0.0	0.0	0.0	0.0	0.0	0.0	0.0	0.0	0.0	0.0	0.0	0.0	0.0	0.0	0.00974944	0.0	0.0	0.0	0.0	0.0	0.0	0.0	0.0	0.0	0.0	0.0	0.0	0.0	0.0	0.0	0.0	0.0	0.0	0.049144900000000005	0.0	0.0	0.0	0.0	0.0	0.00986777	0.0	0.0	0.0	0.0	0.0	0.0	0.0	0.0	0.0	0.0	0.0	0.0	0.0	0.0	0.0	0.0	0.0	0.0305002	0.0	0.0	0.0	0.0	0.0	0.0	0.0	0.0	0.0	0.0	0.0	0.0	0.0	0.0	0.0108707	0.0	0.0	0.0	0.0	0.0	0.0	0.0	0.0	0.0	0.0	0.0	0.0	0.0	0.0	0.0	0.0	0.0	0.0	0.0	0.0	0.0	0.0	0.0	0.0	0.0	0.0	0.0	0.0	0.0	0.0	0.0	0.0	0.0	0.0	0.0	0.0	0.0	0.0	0.0	0.0	0.0	0.0	0.0	0.0	0.0	0.0	0.0	0.0	0.0	0.0	0.0	0.0	0.0	0.0	0.0	0.0	0.0	0.0
Hmi-CBas_035-Ex1-07E.clmp.r1r2_fastp	0.0	0.0644792	0.00716435	0.0	0.0	0.0	0.0	0.0	0.0	0.0	0.0	0.0	0.0	0.0	0.0	0.0	0.0	0.0	0.0	0.0	0.0	0.0	0.0	0.0	0.0	0.0	0.0	0.0	0.0	0.0	0.0	0.0	0.0	0.0215316	0.0	0.0	0.0	0.0	0.0	0.0	0.0	0.0	0.0	0.0	0.0	0.0	0.0	0.0	0.0	0.0	0.0	0.0	0.0439207	0.0	0.0	0.0	0.0	0.0	0.0	0.0	0.0	0.0	0.0	0.022368	0.0	0.0	0.0	0.0	0.0	0.0	0.0	0.0	0.0	0.0	0.0	0.0	0.0232739	0.0	0.0	0.0	0.0	0.0	0.0	0.0	0.0	0.0	0.0	0.0	0.0	0.0	0.0	0.0	0.0	0.0	0.0	0.0	0.0	0.0	0.0	0.0	0.0	0.0	0.0	0.0	0.0	0.0	0.0	0.0	0.0	0.0	0.0	0.0	0.0	0.0	0.0	0.0	0.0	0.0	0.0	0.0	0.0	0.0111957	0.0	0.0	0.0	0.0	0.0	0.0120395	0.0	0.0	0.0	0.0	0.0	0.0	0.0131614	0.0	0.0	0.0	0.0	0.0	0.0	0.0	0.0149209	0.0	0.0156274	0.0	0.0	0.0	0.0	0.0
Hmi-CBas_036-Ex1-08C.clmp.r1r2_fastp	0.0	0.0496019	0.0111604	0.0	0.00496019	0.0	0.0	0.0	0.0	0.0	0.0	0.0	0.0	0.0	0.0	0.0	0.0	0.0	0.0	0.0	0.0	0.0	0.0	0.0	0.0	0.0	0.0	0.0	0.0	0.0	0.0	0.0	0.0	0.00496309	0.0	0.0	0.0	0.0	0.0	0.0	0.0	0.0	0.0	0.0	0.0	0.0	0.0	0.0	0.0	0.0	0.0	0.0	0.048641199999999996	0.0	0.0	0.0	0.0	0.0	0.00125091	0.0	0.0	0.0	0.0	0.00878459	0.0	0.0	0.0	0.0	0.0	0.0	0.0	0.0	0.0	0.0	0.0	0.0	0.042092399999999995	0.0	0.0	0.0	0.0	0.0	0.0	0.0	0.0	0.0	0.0	0.0	0.0	0.0	0.0	0.0119052	0.0	0.0	0.0	0.0	0.0	0.0	0.0	0.0	0.0	0.0	0.0	0.0	0.0	0.0028183699999999997	0.0	0.0	0.0143456	0.0	0.0	0.0	0.0	0.0	0.0	0.0	0.0	0.0	0.0	0.0	0.0	0.0	0.00157597	0.0	0.0	0.0	0.0	0.00164166	0.0	0.0	0.0	0.0	0.0	0.0	0.0	0.0	0.00181251	0.0	0.0	0.0	0.0	0.0	0.0	0.0019456000000000002	0.00196336	0.0	0.0	0.0	0.00658357	0.0
Hmi-CBas_037-Ex1-09A.clmp.r1r2_fastp	0.0	0.0531519	0.00531519	0.0	0.00531519	0.0	0.0	0.0	0.0	0.0	0.0	0.0	0.0	0.0	0.0	0.0	0.0	0.0	0.0	0.0	0.0	0.0	0.0	0.0	0.0	0.0	0.0	0.0	0.0	0.0	0.0	0.0	0.0	0.0	0.0	0.0	0.0	0.0	0.0	0.0	0.0	0.0	0.0	0.0	0.0	0.0	0.0	0.0	0.0	0.0	0.0	0.0	0.0434688	0.0	0.0	0.0	0.0	0.0	0.0	0.0	0.0	0.0	0.0	0.0	0.0	0.0	0.0	0.0	0.0	0.0	0.0	0.0	0.0	0.0	0.0	0.0	0.0233127	0.0	0.0	0.0	0.0	0.0	0.0	0.0	0.0	0.0	0.0	0.0	0.0	0.0	0.0	0.012815600000000002	0.0	0.0	0.0	0.0	0.0	0.0	0.0	0.0	0.0	0.0	0.0	0.0	0.0	0.0	0.0	0.0	0.007408500000000001	0.0	0.0	0.0	0.0	0.0	0.0	0.0	0.0	0.0	0.0	0.0	0.0	0.0	0.0	0.0180424	0.0	0.0	0.0	0.0	0.0	0.009649719999999999	0.0	0.0	0.0	0.010204099999999999	0.0	0.0	0.0	0.0	0.0	0.0	0.0	0.0	0.0	0.0	0.0	0.0	0.0	0.0	0.013132000000000001	0.0
Hmi-CBas_038-Ex1-01H.clmp.r1r2_fastp	0.0	0.0860503	0.0286834	0.0	0.0	0.0	0.0	0.0	0.0	0.0	0.0	0.0	0.0	0.0	0.0	0.0	0.0	0.0	0.0	0.0	0.0	0.0	0.0	0.0	0.0	0.0	0.0	0.0	0.0	0.0	0.0	0.0	0.0	0.0191296	0.0	0.0	0.0	0.0	0.0	0.0	0.0	0.0	0.0	0.0	0.0	0.0	0.0	0.0	0.0	0.0	0.0	0.0	0.0878906	0.0	0.0	0.0	0.0	0.0	0.0	0.0	0.0	0.0	0.0	0.009987020000000001	0.0	0.0	0.0	0.0	0.0	0.0	0.0	0.0	0.0	0.0	0.0	0.0	0.052521000000000005	0.0	0.0	0.0	0.0	0.0	0.0	0.0	0.0	0.0	0.0	0.0	0.0	0.0	0.0	0.022758300000000002	0.0	0.0	0.0	0.0	0.0	0.0	0.0	0.0	0.0	0.0	0.0	0.0	0.0	0.0	0.0	0.0	0.0250815	0.0	0.0	0.0	0.0	0.0	0.0	0.0	0.0	0.0	0.0	0.0	0.0	0.0	0.0	0.0	0.0	0.0	0.0	0.0	0.0	0.0	0.0	0.0	0.0	0.0	0.0	0.0	0.0	0.0	0.0	0.0	0.0	0.0	0.0	0.0	0.0188929	0.0	0.0	0.0	0.0206441	0.0
Hmi-CBas_039-Ex1-09H.clmp.r1r2_fastp	0.0	0.049965800000000005	0.0120288	0.0	0.0037011699999999997	0.0	0.0	0.0	0.0	0.0	0.0	0.0009252920000000001	0.0009252920000000001	0.0	0.0	0.0	0.0	0.0	0.0	0.0	0.0	0.0	0.0	0.0	0.0	0.0	0.0	0.0	0.0	0.0	0.0	0.0	0.0	0.0037019600000000002	0.0	0.0	0.0	0.0	0.0	0.0	0.0	0.0	0.0	0.0	0.0	0.0	0.0	0.0	0.0	0.0	0.0	0.0	0.0483752	0.0	0.0	0.0	0.0	0.0	0.000932644	0.0	0.0	0.0	0.0	0.0102931	0.0	0.0	0.0	0.0	0.0	0.0	0.0	0.0	0.0	0.0	0.0	0.0	0.0396279	0.0	0.0	0.0	0.0	0.0	0.0	0.0	0.0	0.0	0.0	0.0	0.0	0.0	0.0	0.0124957	0.0	0.0	0.0	0.0	0.0	0.0	0.0	0.0	0.0	0.0	0.0	0.0	0.0	0.00200361	0.0	0.0	0.0162455	0.0	0.0	0.0	0.0	0.0	0.0	0.0	0.0	0.0	0.0	0.0	0.0	0.00217972	0.0	0.00221474	0.0	0.0	0.00112919	0.00113589	0.0	0.00114923	0.0011552	0.0	0.0	0.00234882	0.0	0.0	0.0	0.0	0.0	0.0	0.0	0.0	0.0	0.00130247	0.0	0.0	0.00135892	0.00138762	0.0058223300000000006	0.0
Hmi-CBas_040-Ex1-03A.clmp.r1r2_fastp	0.0	0.057888199999999994	0.0192961	0.0	0.00385922	0.0	0.0	0.0	0.0	0.0	0.0	0.0	0.0	0.0	0.0	0.0	0.0	0.0	0.0	0.0	0.0	0.0	0.0	0.0	0.0	0.0	0.0	0.0	0.0	0.0	0.0	0.0	0.0	0.00771873	0.0	0.0	0.0	0.0	0.0	0.0	0.0	0.0	0.0	0.0	0.0	0.0	0.0	0.0	0.0	0.0	0.0	0.0	0.0621263	0.0	0.0	0.0	0.0	0.0	0.0	0.0	0.0	0.0	0.0	0.011726499999999999	0.0	0.0	0.0	0.0	0.0	0.0	0.0	0.0	0.0	0.0	0.0	0.0	0.043573	0.0	0.0	0.0	0.0	0.0	0.0	0.0	0.0	0.0	0.0	0.0	0.0	0.0	0.0	0.016429100000000002	0.0	0.0	0.0	0.0	0.0	0.0	0.0	0.0	0.0	0.0	0.0	0.0	0.0	0.0044191099999999995	0.0	0.0	0.013423999999999998	0.0	0.0	0.0	0.0	0.0	0.0	0.0	0.0	0.0	0.0	0.0	0.0	0.0	0.0	0.0	0.0	0.0	0.0	0.0	0.0	0.0	0.0	0.0	0.0	0.0	0.0	0.0	0.0	0.0	0.0	0.0	0.0	0.0	0.0	0.0	0.0	0.0	0.0	0.0	0.0	0.0
Hmi-CBas_041-Ex1-03D.clmp.r1r2_fastp	0.0	0.0349559	0.008738969999999999	0.0	0.0	0.0	0.0	0.0	0.0	0.0	0.0	0.0	0.0	0.0	0.0	0.0	0.0	0.0	0.0	0.0	0.0	0.0	0.0	0.0	0.0	0.0	0.0	0.0	0.0	0.0	0.0	0.0	0.0	0.0	0.0	0.0	0.0	0.0	0.0	0.0	0.0	0.0	0.0	0.0	0.0	0.0	0.0	0.0	0.0	0.0	0.0	0.0	0.035574499999999995	0.0	0.0	0.0	0.0	0.0	0.0	0.0	0.0	0.0	0.0	0.0	0.0	0.0	0.0	0.0	0.0	0.0	0.0	0.0	0.0	0.0	0.0	0.0	0.019011399999999998	0.0	0.0	0.0	0.0	0.0	0.0	0.0	0.0	0.0	0.0	0.0	0.0	0.0	0.0	0.0	0.0	0.0	0.0	0.0	0.0	0.0	0.0	0.0	0.0	0.0	0.0	0.0	0.0	0.0	0.0	0.0	0.0121655	0.0	0.0	0.0	0.0	0.0	0.0	0.0	0.0	0.0	0.0	0.0	0.0	0.0	0.0	0.0	0.0	0.0	0.0	0.0	0.0	0.0	0.0	0.0	0.0	0.0	0.0	0.0	0.0	0.0	0.0	0.0	0.0	0.0	0.0	0.0	0.0202511	0.0	0.0	0.0217912	0.0	0.0
Hmi-CBas_043-Ex1-05A.clmp.r1r2_fastp	0.0	0.0623671	0.0198441	0.0	0.0	0.0	0.0	0.0	0.0	0.0	0.0	0.0	0.0	0.0	0.0	0.0	0.0	0.0	0.0	0.0	0.0	0.0	0.0	0.0	0.0	0.0	0.0	0.0	0.0	0.0	0.0	0.0	0.0	0.0141792	0.0	0.0	0.0	0.0	0.0	0.0	0.0	0.0	0.0	0.0	0.0	0.0	0.0	0.0	0.0	0.0	0.0	0.0	0.0572639	0.0	0.0	0.0	0.0	0.0	0.0	0.0	0.0	0.0	0.0	0.0144325	0.0	0.0	0.0	0.0	0.0	0.0	0.0	0.0	0.0	0.0	0.0	0.0	0.0500987	0.0	0.0	0.0	0.0	0.0	0.0	0.0	0.0	0.0	0.0	0.0	0.0	0.0	0.0	0.015214199999999999	0.0	0.0	0.0	0.0	0.0	0.0	0.0	0.0	0.0	0.0	0.0	0.0	0.0	0.00328224	0.0	0.0	0.0234758	0.0	0.0	0.0	0.0	0.0	0.0	0.0	0.0	0.0	0.0	0.0	0.0	0.0	0.0073833399999999995	0.0	0.0	0.0	0.0	0.0077582499999999995	0.0	0.0	0.0	0.0	0.0	0.0	0.0	0.0	0.004340279999999999	0.0	0.0	0.0	0.0	0.0	0.009714869999999999	0.0	0.00497958	0.0	0.00514403	0.0	0.00555926	0.0
Hmi-CBas_044-Ex1-05E.clmp.r1r2_fastp	0.0	0.0535414	0.007648769999999999	0.0	0.0	0.0	0.0	0.0	0.0	0.0	0.0	0.0	0.0	0.0	0.0	0.0	0.0	0.0	0.0	0.0	0.0	0.0	0.0	0.0	0.0	0.0	0.0	0.0	0.0	0.0	0.0	0.0	0.0	0.015311599999999998	0.0	0.0	0.0	0.0	0.0	0.0	0.0	0.0	0.0	0.0	0.0	0.0	0.0	0.0	0.0	0.0	0.0	0.0	0.0544239	0.0	0.0	0.0	0.0	0.0	0.0	0.0	0.0	0.0	0.0	0.0	0.0	0.0	0.0	0.0	0.0	0.0	0.0	0.0	0.0	0.0	0.0	0.0	0.0406141	0.0	0.0	0.0	0.0	0.0	0.0	0.0	0.0	0.0	0.0	0.0	0.0	0.0	0.0	0.017304	0.0	0.0	0.0	0.0	0.0	0.0	0.0	0.0	0.0	0.0	0.0	0.0	0.0	0.0	0.0	0.0	0.0	0.0	0.0	0.0	0.0	0.0	0.0	0.0	0.0	0.0	0.0	0.0	0.0	0.0	0.0	0.0	0.0	0.0	0.0	0.0	0.0	0.0	0.0	0.0	0.0	0.0	0.0	0.0	0.0	0.0	0.0	0.0	0.0	0.0	0.0	0.0	0.0	0.0	0.0	0.0	0.035057000000000005	0.0
Hmi-CBas_045-Ex1-06A.clmp.r1r2_fastp	0.0	0.0380331	0.0108666	0.0	0.0108666	0.0	0.0	0.0	0.0	0.0	0.0	0.0	0.0	0.0	0.0	0.0	0.0	0.0	0.0	0.0	0.0	0.0	0.0	0.0	0.0	0.0	0.0	0.0	0.0	0.0	0.0	0.0	0.0	0.0108725	0.0	0.0	0.0	0.0	0.0	0.0	0.0	0.0	0.0	0.0	0.0	0.0	0.0	0.0	0.0	0.0	0.0	0.0	0.0332428	0.0	0.0	0.0	0.0	0.0	0.0	0.0	0.0	0.0	0.0	0.0168634	0.0	0.0	0.0	0.0	0.0	0.0	0.0	0.0	0.0	0.0	0.0	0.0	0.017506	0.0	0.0	0.0	0.0	0.0	0.0	0.0	0.0	0.0	0.0	0.0	0.0	0.0	0.0	0.0	0.0	0.0	0.0	0.0	0.0	0.0	0.0	0.0	0.0	0.0	0.0	0.0	0.0	0.0	0.0	0.0	0.0	0.0	0.0	0.0	0.0	0.0	0.0	0.0	0.0	0.0	0.0	0.0	0.0	0.0	0.0	0.00805412	0.0	0.0	0.0	0.0	0.0	0.0	0.0	0.0	0.0	0.00890234	0.0	0.0	0.00915667	0.0	0.0	0.0	0.0	0.0	0.0	0.0	0.0	0.0	0.0	0.0	0.0	0.0
Hmi-CBas_046-Ex1-06H.clmp.r1r2_fastp	0.0	0.049412700000000004	0.0038009800000000002	0.0	0.0	0.0	0.0	0.0	0.0	0.0	0.0	0.0	0.0	0.0	0.0	0.0	0.0	0.0	0.0	0.0	0.0	0.0	0.0	0.0	0.0	0.0	0.0	0.0	0.0	0.0	0.0	0.0	0.0	0.00380358	0.0	0.0	0.0	0.0	0.0	0.0	0.0	0.0	0.0	0.0	0.0	0.0	0.0	0.0	0.0	0.0	0.0	0.0	0.06949810000000001	0.0	0.0	0.0	0.0	0.0	0.0	0.0	0.0	0.0	0.0	0.0117495	0.0	0.0	0.0	0.0	0.0	0.0	0.0	0.0	0.0	0.0	0.0	0.0	0.0405992	0.0	0.0	0.0	0.0	0.0	0.0	0.0	0.0	0.0	0.0	0.0	0.0	0.0	0.0	0.013197299999999999	0.0	0.0	0.0	0.0	0.0	0.0	0.0	0.0	0.0	0.0	0.0	0.0	0.0	0.0	0.0	0.0	0.020003999999999997	0.0	0.0	0.0	0.0	0.0	0.0	0.0	0.0	0.0	0.0	0.0	0.0	0.0	0.0	0.0	0.0	0.0	0.0	0.0	0.0	0.0	0.0	0.0	0.0	0.0	0.0	0.0	0.0	0.0	0.0	0.0	0.0	0.0	0.0	0.0	0.0	0.0	0.0	0.0	0.0	0.0
Hmi-CBas_047-Ex1-07F.clmp.r1r2_fastp	0.0	0.0513637	0.0154091	0.0	0.0051363699999999995	0.0	0.0	0.0	0.0	0.0	0.0	0.0	0.0	0.0	0.0	0.0	0.0	0.0	0.0	0.0	0.0	0.0	0.0	0.0	0.0	0.0	0.0	0.0	0.0	0.0	0.0	0.0	0.0	0.00513769	0.0	0.0	0.0	0.0	0.0	0.0	0.0	0.0	0.0	0.0	0.0	0.0	0.0	0.0	0.0	0.0	0.0	0.0	0.057255900000000005	0.0	0.0	0.0	0.0	0.0	0.0	0.0	0.0	0.0	0.0	0.010577	0.0	0.0	0.0	0.0	0.0	0.0	0.0	0.0	0.0	0.0	0.0	0.0	0.0384742	0.0	0.0	0.0	0.0	0.0	0.0	0.0	0.0	0.0	0.0	0.0	0.0	0.0	0.0	0.0177431	0.0	0.0	0.0	0.0	0.0	0.0	0.0	0.0	0.0	0.0	0.0	0.0	0.0	0.006717269999999999	0.0	0.0	0.00694107	0.0	0.0	0.0	0.0	0.0	0.0	0.0	0.0	0.0	0.0	0.0	0.0	0.0	0.0	0.0	0.0	0.0	0.0	0.0	0.0	0.0	0.0	0.0	0.0	0.0	0.0	0.0	0.00941442	0.0	0.0	0.0	0.0	0.0	0.0	0.010507500000000001	0.0	0.0	0.0	0.0113058	0.0	0.0
Hmi-CBas_048-Ex1-08D.clmp.r1r2_fastp	0.0	0.007286239999999999	0.0	0.0	0.0	0.0	0.0	0.0	0.0	0.0	0.0	0.0	0.0	0.0	0.0	0.0	0.0	0.0	0.0	0.0	0.0	0.0	0.0	0.0	0.0	0.0	0.0	0.0	0.0	0.0	0.0	0.0	0.0	0.0	0.0	0.0	0.0	0.0	0.0	0.0	0.0	0.0	0.0	0.0	0.0	0.0	0.0	0.0	0.0	0.0	0.0	0.0	0.010964900000000001	0.0	0.0	0.0	0.0	0.0	0.0	0.0	0.0	0.0	0.0	0.0	0.0	0.0	0.0	0.0	0.0	0.0	0.0	0.0	0.0	0.0	0.0	0.0	0.007442969999999999	0.0	0.0	0.0	0.0	0.0	0.0	0.0	0.0	0.0	0.0	0.0	0.0	0.0	0.0	0.0039053300000000003	0.0	0.0	0.0	0.0	0.0	0.0	0.0	0.0	0.0	0.0	0.0	0.0	0.0	0.0	0.0	0.0	0.0	0.0	0.0	0.0	0.0	0.0	0.0	0.0	0.0	0.0	0.0	0.0	0.0	0.0	0.0	0.0	0.0	0.0	0.0	0.0	0.0	0.00553526	0.0	0.0	0.0	0.0	0.0	0.0	0.0	0.0	0.0	0.0	0.0	0.0	0.0	0.0	0.0	0.0	0.0	0.0	0.0	0.0
Hmi-CPar_001-Ex1-01D.clmp.r1r2_fastp	0.0	0.028486	0.014243	0.0	0.0	0.0	0.0	0.0	0.0	0.0	0.0	0.0	0.0	0.0	0.0	0.0	0.0	0.0	0.0	0.0	0.0	0.0	0.0	0.0	0.0	0.0	0.0	0.0	0.0	0.0	0.0	0.0	0.0	0.0	0.0	0.0	0.0	0.0	0.0	0.0	0.0	0.0	0.0	0.0	0.0	0.0	0.0	0.0	0.0	0.0	0.0	0.0	0.029163	0.0	0.0	0.0	0.0	0.0	0.0	0.0	0.0	0.0	0.0	0.00750019	0.0	0.0	0.0	0.0	0.0	0.0	0.0	0.0	0.0	0.0	0.0	0.0	0.0238247	0.0	0.0	0.0	0.0	0.0	0.0	0.0	0.0	0.0	0.0	0.0	0.0	0.0	0.0	0.0	0.0	0.0	0.0	0.0	0.0	0.0	0.0	0.0	0.0	0.0	0.0	0.0	0.0	0.0	0.0	0.0	0.0105053	0.0	0.0	0.0	0.0	0.0	0.0	0.0	0.0	0.0	0.0	0.0	0.0	0.0	0.0	0.0	0.0	0.0	0.0	0.0	0.0	0.0	0.0	0.0	0.0	0.0	0.0	0.0	0.0	0.0	0.0	0.0	0.0	0.0	0.0	0.0	0.0	0.0	0.0	0.0	0.0216216	0.0
Hmi-CPar_002-Ex1-02A.clmp.r1r2_fastp	8.65683e-05	0.0782144	0.0151927	0.0	0.00216421	0.0	0.0	0.0	0.0	0.0	0.0	0.0006925459999999999	4.3284099999999994e-05	0.0	4.3284099999999994e-05	0.0	0.0	0.0	0.0	0.0	0.0	0.0	0.0	0.0	0.0	0.0	0.0	0.0	0.0	0.0	0.0	0.0	0.0	0.0118613	0.0	0.00034641500000000004	0.0	0.0	0.0	0.0	0.0	0.0	0.0	0.0	0.0	0.0	0.0	0.0	0.0	0.0	0.0	0.0	0.08253730000000001	0.0	0.0	0.000262247	0.0	0.0	0.0028931399999999998	0.0	0.0	0.0	0.0	0.0142405	0.0	0.0	0.0	0.0	0.0	0.0	0.0	0.0	0.0	0.0	0.0	0.0	0.0583323	0.0	0.0	0.0	0.0	0.0	0.0	0.0	0.0	0.0	0.0	0.0	0.0	0.0	0.0	0.013966	0.0	0.0	0.0	0.0	0.0	0.0	0.0	0.0	0.0	0.0	0.0	0.0	0.0	0.0014150599999999999	0.0	0.0	0.0181049	0.0	0.0	0.0	0.0	0.0	0.0	0.0	0.0	0.0	0.0	0.0	6.3631e-05	0.0013573399999999998	0.0016404399999999997	0.000799856	0.000609109	0.0	0.000628114	0.00212414	0.0	0.000512732	0.000968837	0.0	0.0006953889999999999	0.00102321	0.0012024100000000001	0.0	0.00133008	0.000339354	0.000345976	0.0	9.02814e-05	0.0	0.0038639900000000003	0.00307736	0.00344409	0.000101085	0.00457074	0.00226657	0.00837741	0.0
Hmi-CPar_003-Ex1-02E.clmp.r1r2_fastp	0.0	0.05235939999999999	0.0196348	0.0	0.0	0.0	0.0	0.0	0.0	0.0	0.0	0.0	0.0	0.0	0.0	0.0	0.0	0.0	0.0	0.0	0.0	0.0	0.0	0.0	0.0	0.0	0.0	0.0	0.0	0.0	0.0	0.0	0.0	0.02619	0.0	0.0	0.0	0.0	0.0	0.0	0.0	0.0	0.0	0.0	0.0	0.0	0.0	0.0	0.0	0.0	0.0	0.0	0.05312789999999999	0.0	0.0	0.0066564599999999995	0.0	0.0	0.0	0.0	0.0	0.0	0.0	0.0	0.0	0.0	0.0	0.0	0.0	0.0	0.0	0.0	0.0	0.0	0.0	0.0	0.0280112	0.0	0.0	0.0	0.0	0.0	0.0	0.0	0.0	0.0	0.0	0.0	0.0	0.0	0.0	0.0	0.0	0.0	0.0	0.0	0.0	0.0	0.0	0.0	0.0	0.0	0.0	0.0	0.0	0.0	0.0	0.0	0.0	0.0	0.0	0.0	0.0	0.0	0.0	0.0	0.0	0.0	0.0	0.0	0.0	0.0	0.0	0.0	0.0	0.0	0.0	0.0	0.0	0.0	0.0	0.0	0.0	0.0	0.0	0.0	0.0149054	0.0	0.0	0.0	0.0	0.0	0.0	0.0172176	0.0	0.0	0.0	0.0	0.0	0.0
Hmi-CPar_004-Ex1-10D.clmp.r1r2_fastp	0.0	0.0773694	0.0241779	0.0	0.0	0.0	0.0	0.0	0.0	0.0	0.0	0.0	0.0	0.0	0.0	0.0	0.0	0.0	0.0	0.0	0.0	0.0	0.0	0.0	0.0	0.0	0.0	0.0	0.0	0.0	0.0	0.0	0.0	0.0217712	0.0	0.0	0.0	0.0	0.0	0.0	0.0	0.0	0.0	0.0	0.0	0.0	0.0	0.0	0.0	0.0	0.0	0.0	0.0666462	0.0	0.0	0.0	0.0	0.0	0.0	0.0	0.0	0.0	0.0	0.0109194	0.0	0.0	0.0	0.0	0.0	0.0	0.0	0.0	0.0	0.0	0.0	0.0	0.0352734	0.0	0.0	0.0	0.0	0.0	0.0	0.0	0.0	0.0	0.0	0.0	0.0	0.0	0.0	0.00330098	0.0	0.0	0.0	0.0	0.0	0.0	0.0	0.0	0.0	0.0	0.0	0.0	0.0	0.0	0.0	0.0	0.004283390000000001	0.0	0.0	0.0	0.0	0.0	0.0	0.0	0.0	0.0	0.0	0.0	0.0	0.0	0.0	0.0	0.0	0.0	0.0	0.0060562	0.0	0.0	0.0	0.0	0.0	0.0	0.006972529999999999	0.0	0.0	0.0	0.0	0.0	0.0	0.0	0.008236549999999999	0.0	0.0171043	0.0	0.0	0.0	0.0191333	0.0
Hmi-CPar_005-Ex1-03E.clmp.r1r2_fastp	0.006557380000000001	0.0262295	0.006557380000000001	0.0	0.0	0.0	0.0	0.0	0.0	0.0	0.0	0.0	0.0	0.0	0.0	0.0	0.0	0.0	0.0	0.0	0.0	0.0	0.0	0.0	0.0	0.0	0.0	0.0	0.0	0.0	0.0	0.0	0.0	0.00656125	0.0	0.0	0.0	0.0	0.0	0.0	0.0	0.0	0.0	0.0	0.0	0.0	0.0	0.0	0.0	0.0	0.0	0.0	0.0266702	0.0	0.0	0.0	0.0	0.0	0.00671637	0.0	0.0	0.0	0.0	0.00677415	0.0	0.0	0.0	0.0	0.0	0.0	0.0	0.0	0.0	0.0	0.0	0.0	0.014139299999999999	0.0	0.0	0.0	0.0	0.0	0.0	0.0	0.0	0.0	0.0	0.0	0.0	0.0	0.0	0.007773029999999999	0.0	0.0	0.0	0.0	0.0	0.0	0.0	0.0	0.0	0.0	0.0	0.0	0.0	0.0	0.0	0.0	0.0	0.0	0.0	0.0	0.0	0.0	0.0	0.0	0.0	0.0	0.0	0.0	0.0	0.0	0.0	0.0	0.0	0.0	0.0	0.0	0.0	0.0	0.0	0.0	0.0	0.0	0.0	0.0	0.0	0.0	0.0	0.0	0.0	0.0	0.0	0.0	0.0	0.0	0.0	0.0	0.0	0.0
Hmi-CPar_006-Ex1-04C.clmp.r1r2_fastp	0.0	0.0601679	0.008595410000000001	0.0	0.000955046	0.0	0.0	0.0	0.0	0.0	0.0	0.000955046	0.0	0.0	0.0	0.0	0.0	0.0	0.0	0.0	0.0	0.0	0.0	0.0	0.0	0.0	0.0	0.0	0.0	0.0	0.0	0.0	0.0	0.00859566	0.0	0.0	0.0	0.0	0.0	0.0	0.0	0.0	0.0	0.0	0.0	0.0	0.0	0.0	0.0	0.0	0.0	0.0	0.0527735	0.0	0.0	0.000961003	0.0	0.0	0.0038492599999999997	0.0	0.0	0.0	0.0	0.010615699999999999	0.0	0.0	0.0	0.0	0.0	0.0	0.0	0.0	0.0	0.0	0.0	0.0	0.0410397	0.0	0.0	0.0	0.0	0.0	0.0	0.0	0.0	0.0	0.0	0.0	0.0	0.0	0.0	0.0110475	0.0	0.0	0.0	0.0	0.0	0.0	0.0	0.0	0.0	0.0	0.0	0.0	0.0	0.0010693	0.0	0.0	0.01198	0.0	0.0	0.0	0.0	0.0	0.0	0.0	0.0	0.0	0.0	0.0	0.0	0.0	0.0	0.0	0.0	0.0	0.0	0.0	0.0	0.0012615299999999999	0.0	0.0	0.0	0.0013091399999999999	0.0013227	0.0	0.0	0.0	0.0	0.0	0.0	0.0	0.0029259900000000003	0.0	0.00149752	0.0015309199999999999	0.00310612	0.00159854	0.006772429999999999	0.0
Hmi-CPar_007-Ex1-11D.clmp.r1r2_fastp	0.0	0.0373622	0.00622704	0.0	0.0	0.0	0.0	0.0	0.0	0.0	0.0	0.0	0.0	0.0	0.0	0.0	0.0	0.0	0.0	0.0	0.0	0.0	0.0	0.0	0.0	0.0	0.0	0.0	0.0	0.0	0.0	0.0	0.0	0.0	0.0	0.0	0.0	0.0	0.0	0.0	0.0	0.0	0.0	0.0	0.0	0.0	0.0	0.0	0.0	0.0	0.0	0.0	0.0444501	0.0	0.0	0.0	0.0	0.0	0.0	0.0	0.0	0.0	0.0	0.0	0.0	0.0	0.0	0.0	0.0	0.0	0.0	0.0	0.0	0.0	0.0	0.0	0.0338707	0.0	0.0	0.0	0.0	0.0	0.0	0.0	0.0	0.0	0.0	0.0	0.0	0.0	0.0	0.0	0.0	0.0	0.0	0.0	0.0	0.0	0.0	0.0	0.0	0.0	0.0	0.0	0.0	0.0	0.0	0.0	0.025606	0.0	0.0	0.0	0.0	0.0	0.0	0.0	0.0	0.0	0.0	0.0	0.0	0.0	0.0	0.0	0.0	0.0	0.0	0.0	0.0	0.0	0.0	0.0	0.0	0.0	0.0	0.0	0.0	0.0	0.0	0.0	0.0	0.0	0.0	0.0	0.0	0.0	0.0	0.0	0.0	0.0
Hmi-CPar_008-Ex1-11H.clmp.r1r2_fastp	0.0	0.052656800000000004	0.00957396	0.0	0.00478698	0.0	0.0	0.0	0.0	0.0	0.0	0.00478698	0.0	0.0	0.0	0.0	0.0	0.0	0.0	0.0	0.0	0.0	0.0	0.0	0.0	0.0	0.0	0.0	0.0	0.0	0.0	0.0	0.0	0.00479111	0.0	0.0	0.0	0.0	0.0	0.0	0.0	0.0	0.0	0.0	0.0	0.0	0.0	0.0	0.0	0.0	0.0	0.0	0.06973850000000001	0.0	0.0	0.0	0.0	0.0	0.0	0.0	0.0	0.0	0.0	0.0104663	0.0	0.0	0.0	0.0	0.0	0.0	0.0	0.0	0.0	0.0	0.0	0.0	0.027897099999999998	0.0	0.0	0.0	0.0	0.0	0.0	0.0	0.0	0.0	0.0	0.0	0.0	0.0	0.0	0.0	0.0	0.0	0.0	0.0	0.0	0.0	0.0	0.0	0.0	0.0	0.0	0.0	0.0	0.0	0.0	0.0	0.015105699999999998	0.0	0.0	0.0	0.0	0.0	0.0	0.0	0.0	0.0	0.0	0.0	0.0	0.0	0.0	0.0	0.0	0.0	0.0	0.0	0.0	0.0	0.0	0.0	0.0	0.0	0.0	0.0	0.0	0.0	0.0	0.0	0.0	0.0	0.0125219	0.0	0.013071900000000001	0.0	0.0	0.0	0.0	0.0
Hmi-CPar_009-Ex1-06B.clmp.r1r2_fastp	0.0	0.0438808	0.00658212	0.0	0.0	0.0	0.0	0.0	0.0	0.0	0.0	0.0	0.0	0.0	0.0	0.0	0.0	0.0	0.0	0.0	0.0	0.0	0.0	0.0	0.0	0.0	0.0	0.0	0.0	0.0	0.0	0.0	0.0	0.00438876	0.0	0.0	0.0	0.0	0.0	0.0	0.0	0.0	0.0	0.0	0.0	0.0	0.0	0.0	0.0	0.0	0.0	0.0	0.050748	0.0	0.0	0.0	0.0	0.0	0.0	0.0	0.0	0.0	0.0	0.00444277	0.0	0.0	0.0	0.0	0.0	0.0	0.0	0.0	0.0	0.0	0.0	0.0	0.0293295	0.0	0.0	0.0	0.0	0.0	0.0	0.0	0.0	0.0	0.0	0.0	0.0	0.0	0.0	0.009297999999999999	0.0	0.0	0.0	0.0	0.0	0.0	0.0	0.0	0.0	0.0	0.0	0.0	0.0	0.0	0.0	0.0	0.00993443	0.0	0.0	0.0	0.0	0.0	0.0	0.0	0.0	0.0	0.0	0.0	0.0	0.0	0.0	0.0	0.0	0.0	0.0	0.0	0.0	0.0	0.0	0.0	0.0	0.0	0.0	0.0	0.00298249	0.0	0.0	0.0	0.0	0.0	0.00652252	0.0032867699999999996	0.0	0.0	0.0034104099999999996	0.0034915	0.00735132	0.0
Hmi-CPar_010-Ex1-07A.clmp.r1r2_fastp	0.0	0.060276500000000004	0.0121907	0.0	0.00270905	0.0	0.0	0.0	0.0	0.0	0.0	0.0006772639999999999	0.0	0.0	0.0	0.0	0.0	0.0	0.0	0.0	0.0	0.0	0.0	0.0	0.0	0.0	0.0	0.0	0.0	0.0	0.0	0.0	0.0	0.0081276	0.0	0.000677543	0.0	0.0	0.0	0.0	0.0	0.0	0.0	0.0	0.0	0.0	0.0	0.0	0.0	0.0	0.0	0.0	0.0679597	0.0	0.0	0.000679985	0.0	0.0	0.00272229	0.0	0.0	0.0	0.0	0.007503719999999999	0.0	0.0	0.0	0.0	0.0	0.0	0.0	0.0	0.0	0.0	0.0	0.0	0.047571100000000005	0.0	0.0	0.0	0.0	0.0	0.0	0.0	0.0	0.0	0.0	0.0	0.0	0.0	0.0	0.00985423	0.0	0.0	0.0	0.0	0.0	0.0	0.0	0.0	0.0	0.0	0.0	0.0	0.0	0.0007438480000000001	0.0	0.0	0.014376499999999999	0.0	0.0	0.0	0.0	0.0	0.0	0.0	0.0	0.0	0.0	0.0	0.0	0.00164425	0.00248476	0.0	0.00167932	0.0	0.00256003	0.00344086	0.0	0.0	0.0	0.0	0.0	0.0	0.0	0.0	0.000929895	0.00282236	0.0	0.0	0.0	0.0	0.00203448	0.004134410000000001	0.0	0.0	0.0054378	0.0	0.00942019	0.0
Hmi-CPar_011-Ex1-07G.clmp.r1r2_fastp	0.0	0.0386071	0.0	0.0	0.007721410000000001	0.0	0.0	0.0	0.0	0.0	0.0	0.0	0.0	0.0	0.0	0.0	0.0	0.0	0.0	0.0	0.0	0.0	0.0	0.0	0.0	0.0	0.0	0.0	0.0	0.0	0.0	0.0	0.0	0.0077226	0.0	0.0	0.0	0.0	0.0	0.0	0.0	0.0	0.0	0.0	0.0	0.0	0.0	0.0	0.0	0.0	0.0	0.0	0.0391512	0.0	0.0	0.0	0.0	0.0	0.0	0.0	0.0	0.0	0.0	0.0237135	0.0	0.0	0.0	0.0	0.0	0.0	0.0	0.0	0.0	0.0	0.0	0.0	0.0325919	0.0	0.0	0.0	0.0	0.0	0.0	0.0	0.0	0.0	0.0	0.0	0.0	0.0	0.0	0.0	0.0	0.0	0.0	0.0	0.0	0.0	0.0	0.0	0.0	0.0	0.0	0.0	0.0	0.0	0.0	0.0	0.00968804	0.0	0.0	0.0	0.0	0.0	0.0	0.0	0.0	0.0	0.0	0.0	0.0	0.0	0.0	0.0	0.0	0.0	0.0	0.0	0.0	0.0	0.0	0.0	0.0	0.0	0.0	0.0	0.0	0.0	0.0	0.0	0.0	0.0	0.0	0.0	0.0	0.0	0.0149858	0.0	0.0	0.0
Hmi-CPar_012-Ex1-08E.clmp.r1r2_fastp	0.0	0.0285968	0.00285968	0.0	0.0	0.0	0.0	0.0	0.0	0.0	0.0	0.0	0.0	0.0	0.0	0.0	0.0	0.0	0.0	0.0	0.0	0.0	0.0	0.0	0.0	0.0	0.0	0.0	0.0	0.0	0.0	0.0	0.0	0.0057223	0.0	0.0	0.0	0.0	0.0	0.0	0.0	0.0	0.0	0.0	0.0	0.0	0.0	0.0	0.0	0.0	0.0	0.0	0.0260379	0.0	0.0	0.0	0.0	0.0	0.0	0.0	0.0	0.0	0.0	0.00584061	0.0	0.0	0.0	0.0	0.0	0.0	0.0	0.0	0.0	0.0	0.0	0.0	0.0180543	0.0	0.0	0.0	0.0	0.0	0.0	0.0	0.0	0.0	0.0	0.0	0.0	0.0	0.0	0.0	0.0	0.0	0.0	0.0	0.0	0.0	0.0	0.0	0.0	0.0	0.0	0.0	0.0	0.0	0.0	0.0	0.0037159500000000004	0.0	0.0	0.0	0.0	0.0	0.0	0.0	0.0	0.0	0.0	0.0	0.0	0.00420451	0.0	0.0	0.0	0.0	0.0	0.0	0.0	0.0	0.0	0.0	0.00481116	0.0	0.00497463	0.0	0.0	0.0	0.0	0.0	0.0	0.0	0.00569346	0.0	0.00589553	0.0	0.0061252	0.0	0.0	0.0
Hmi-CPar_013-Ex1-09B.clmp.r1r2_fastp	0.0	0.0350165	0.0070032900000000006	0.0	0.0	0.0	0.0	0.0	0.0	0.0	0.0	0.0	0.0	0.0	0.0	0.0	0.0	0.0	0.0	0.0	0.0	0.0	0.0	0.0	0.0	0.0	0.0	0.0	0.0	0.0	0.0	0.0	0.0	0.00701262	0.0	0.0	0.0	0.0	0.0	0.0	0.0	0.0	0.0	0.0	0.0	0.0	0.0	0.0	0.0	0.0	0.0	0.0	0.0215223	0.0	0.0	0.0	0.0	0.0	0.0	0.0	0.0	0.0	0.0	0.0	0.0	0.0	0.0	0.0	0.0	0.0	0.0	0.0	0.0	0.0	0.0	0.0	0.00754831	0.0	0.0	0.0	0.0	0.0	0.0	0.0	0.0	0.0	0.0	0.0	0.0	0.0	0.0	0.0	0.0	0.0	0.0	0.0	0.0	0.0	0.0	0.0	0.0	0.0	0.0	0.0	0.0	0.0	0.0	0.0	0.0	0.0	0.0	0.0	0.0	0.0	0.0	0.0	0.0	0.0	0.0	0.0	0.0	0.0	0.0	0.0	0.0106056	0.0	0.0	0.0110668	0.0	0.0	0.0	0.0	0.011742599999999999	0.0	0.023955	0.0	0.0	0.0	0.0	0.0	0.0	0.0	0.0136799	0.0	0.014130300000000002	0.0	0.0145921	0.0	0.0	0.0
Hmi-CPar_014-Ex1-02B.clmp.r1r2_fastp	0.0	0.0244439	0.00698397	0.0	0.00698397	0.0	0.0	0.0	0.0	0.0	0.0	0.0	0.0	0.0	0.0	0.0	0.0	0.0	0.0	0.0	0.0	0.0	0.0	0.0	0.0	0.0	0.0	0.0	0.0	0.0	0.0	0.0	0.0	0.00349199	0.0	0.0	0.0	0.0	0.0	0.0	0.0	0.0	0.0	0.0	0.0	0.0	0.0	0.0	0.0	0.0	0.0	0.0	0.024602	0.0	0.0	0.0	0.0	0.0	0.00353369	0.0	0.0	0.0	0.0	0.0035560599999999998	0.0	0.0	0.0	0.0	0.0	0.0	0.0	0.0	0.0	0.0	0.0	0.0	0.0182468	0.0	0.0	0.0	0.0	0.0	0.0	0.0	0.0	0.0	0.0	0.0	0.0	0.0	0.0	0.0077235	0.0	0.0	0.0	0.0	0.0	0.0	0.0	0.0	0.0	0.0	0.0	0.0	0.0	0.0043748400000000005	0.0	0.0	0.0135833	0.0	0.0	0.0	0.0	0.0	0.0	0.0	0.0	0.0	0.0	0.0	0.0	0.0	0.0	0.0	0.0	0.0	0.0	0.0	0.0	0.0	0.0	0.0	0.0	0.0	0.0	0.0	0.0	0.0	0.0	0.0	0.0	0.0	0.0075654400000000005	0.007674009999999999	0.0	0.0	0.016353200000000002	0.0	0.0	0.0
Hmi-CPar_015-Ex1-02F.clmp.r1r2_fastp	0.0	0.0614484	0.00903653	0.0	0.0	0.0	0.0	0.0	0.0	0.0	0.0	0.0	0.0	0.0	0.0	0.0	0.0	0.0	0.0	0.0	0.0	0.0	0.0	0.0	0.0	0.0	0.0	0.0	0.0	0.0	0.0	0.0	0.0	0.00723027	0.0	0.0	0.0	0.0	0.0	0.0	0.0	0.0	0.0	0.0	0.0	0.0	0.0	0.0	0.0	0.0	0.0	0.0	0.0490249	0.0	0.0	0.0	0.0	0.0	0.00363987	0.0	0.0	0.0	0.0	0.0109439	0.0	0.0	0.0	0.0	0.0	0.0	0.0	0.0	0.0	0.0	0.0	0.0	0.0203166	0.0	0.0	0.0	0.0	0.0	0.0	0.0	0.0	0.0	0.0	0.0	0.0	0.0	0.0	0.00758323	0.0	0.0	0.0	0.0	0.0	0.0	0.0	0.0	0.0	0.0	0.0	0.0	0.0	0.0	0.0	0.0	0.004044	0.0	0.0	0.0	0.0	0.0	0.0	0.0	0.0	0.0	0.0	0.0	0.0	0.00215346	0.00216986	0.0021781699999999997	0.0	0.0	0.00221504	0.00222583	0.0	0.0	0.0	0.0	0.0	0.00232656	0.0	0.0	0.0	0.00244804	0.0024708399999999998	0.0	0.0	0.0	0.0025656800000000003	0.0025835800000000003	0.00260749	0.0	0.00537432	0.0	0.008710299999999999	0.0
Hmi-CPar_016-Ex1-10E.clmp.r1r2_fastp	0.0	0.0454074	0.012973499999999999	0.0	0.0	0.0	0.0	0.0	0.0	0.0	0.0	0.0	0.0	0.0	0.0	0.0	0.0	0.0	0.0	0.0	0.0	0.0	0.0	0.0	0.0	0.0	0.0	0.0	0.0	0.0	0.0	0.0	0.0	0.0064914	0.0	0.0	0.0	0.0	0.0	0.0	0.0	0.0	0.0	0.0	0.0	0.0	0.0	0.0	0.0	0.0	0.0	0.0	0.0396144	0.0	0.0	0.0	0.0	0.0	0.0067046599999999994	0.0	0.0	0.0	0.0	0.00680596	0.0	0.0	0.0	0.0	0.0	0.0	0.0	0.0	0.0	0.0	0.0	0.0	0.028777	0.0	0.0	0.0	0.0	0.0	0.0	0.0	0.0	0.0	0.0	0.0	0.0	0.0	0.0	0.00802826	0.0	0.0	0.0	0.0	0.0	0.0	0.0	0.0	0.0	0.0	0.0	0.0	0.0	0.0	0.0	0.0	0.00954381	0.0	0.0	0.0	0.0	0.0	0.0	0.0	0.0	0.0	0.0	0.0	0.0	0.0	0.0	0.0	0.0	0.0	0.0	0.0	0.0	0.0	0.0	0.0	0.0	0.0	0.0	0.0	0.0	0.0	0.0	0.0	0.0	0.0	0.0	0.0	0.0	0.0	0.0	0.0	0.0186637	0.0
Hmi-CPar_017-Ex1-03F.clmp.r1r2_fastp	0.0	0.051510900000000005	0.0074027699999999995	0.0	0.000925346	0.0	0.0	0.0	0.0	0.0	0.0	0.00185069	0.0	0.0	0.0	0.0	0.0	0.0	0.0	0.0	0.0	0.0	0.0	0.0	0.0	0.0	0.0	0.0	0.0	0.0	0.0	0.0	0.0	0.00678623	0.0	0.0	0.0	0.0	0.0	0.0	0.0	0.0	0.0	0.0	0.0	0.0	0.0	0.0	0.0	0.0	0.0	0.0	0.0476001	0.0	0.0	0.00030923800000000004	0.0	0.0	0.00278483	0.0	0.0	0.0	0.0	0.00588738	0.0	0.0	0.0	0.0	0.0	0.0	0.0	0.0	0.0	0.0	0.0	0.0	0.033040599999999996	0.0	0.0	0.0	0.0	0.0	0.0	0.0	0.0	0.0	0.0	0.0	0.0	0.0	0.0	0.00821643	0.0	0.0	0.0	0.0	0.0	0.0	0.0	0.0	0.0	0.0	0.0	0.0	0.0	0.000981354	0.0	0.0	0.0115716	0.0	0.0	0.0	0.0	0.0	0.0	0.0	0.0	0.0	0.0	0.0	0.0	0.00069828	0.000700739	0.0007045679999999999	0.000707872	0.0	0.0	0.00107869	0.0	0.00109382	0.0	0.0	0.0	0.00111645	0.000374756	0.0	0.0	0.0	0.0	0.0	0.0	0.0	0.0032012399999999997	0.00201651	0.0008153379999999999	0.00041313099999999996	0.00126081	0.00129378	0.00817647	0.0
Hmi-CPar_018-Ex1-04D.clmp.r1r2_fastp	0.0	0.0616686	0.0264294	0.0	0.0088098	0.0	0.0	0.0	0.0	0.0	0.0	0.0	0.0	0.0	0.0	0.0	0.0	0.0	0.0	0.0	0.0	0.0	0.0	0.0	0.0	0.0	0.0	0.0	0.0	0.0	0.0	0.0	0.0	0.00881756	0.0	0.0	0.0	0.0	0.0	0.0	0.0	0.0	0.0	0.0	0.0	0.0	0.0	0.0	0.0	0.0	0.0	0.0	0.0536385	0.0	0.0	0.0	0.0	0.0	0.0	0.0	0.0	0.0	0.0	0.009076879999999999	0.0	0.0	0.0	0.0	0.0	0.0	0.0	0.0	0.0	0.0	0.0	0.0	0.028347300000000002	0.0	0.0	0.0	0.0	0.0	0.0	0.0	0.0	0.0	0.0	0.0	0.0	0.0	0.0	0.030469200000000002	0.0	0.0	0.0	0.0	0.0	0.0	0.0	0.0	0.0	0.0	0.0	0.0	0.0	0.0	0.0	0.0	0.0	0.0	0.0	0.0	0.0	0.0	0.0	0.0	0.0	0.0	0.0	0.0	0.0	0.0	0.013475299999999999	0.0	0.0	0.0	0.0	0.0141764	0.0	0.0	0.0	0.0	0.0	0.0	0.0	0.0	0.0	0.0	0.0	0.0	0.0	0.0	0.0179372	0.0	0.0187441	0.0	0.0	0.0	0.0	0.0
Hmi-CPar_019-Ex1-11E.clmp.r1r2_fastp	0.0	0.0555247	0.0158642	0.0	0.0	0.0	0.0	0.0	0.0	0.0	0.0	0.0	0.0	0.0	0.0	0.0	0.0	0.0	0.0	0.0	0.0	0.0	0.0	0.0	0.0	0.0	0.0	0.0	0.0	0.0	0.0	0.0	0.0	0.00793714	0.0	0.0	0.0	0.0	0.0	0.0	0.0	0.0	0.0	0.0	0.0	0.0	0.0	0.0	0.0	0.0	0.0	0.0	0.0651625	0.0	0.0	0.0	0.0	0.0	0.00825559	0.0	0.0	0.0	0.0	0.0	0.0	0.0	0.0	0.0	0.0	0.0	0.0	0.0	0.0	0.0	0.0	0.0	0.0538455	0.0	0.0	0.0	0.0	0.0	0.0	0.0	0.0	0.0	0.0	0.0	0.0	0.0	0.0	0.020132900000000002	0.0	0.0	0.0	0.0	0.0	0.0	0.0	0.0	0.0	0.0	0.0	0.0	0.0	0.0	0.0	0.0	0.0	0.0	0.0	0.0	0.0	0.0	0.0	0.0	0.0	0.0	0.0	0.0	0.0	0.014341000000000001	0.0	0.0	0.0	0.0	0.0152323	0.0	0.0	0.0	0.0	0.0	0.0	0.0	0.0	0.0	0.0	0.0	0.0	0.0	0.0	0.0	0.0	0.0207297	0.0	0.0	0.0217675	0.0	0.023358999999999998	0.0
Hmi-CPar_020-Ex1-12A.clmp.r1r2_fastp	0.0	0.0670785	0.0111797	0.0	0.0	0.0	0.0	0.0	0.0	0.0	0.0	0.00139747	0.0	0.0	0.0	0.0	0.0	0.0	0.0	0.0	0.0	0.0	0.0	0.0	0.0	0.0	0.0	0.0	0.0	0.0	0.0	0.0	0.0	0.006990270000000001	0.0	0.00139942	0.0	0.0	0.0	0.0	0.0	0.0	0.0	0.0	0.0	0.0	0.0	0.0	0.0	0.0	0.0	0.0	0.053909900000000004	0.0	0.0	0.0	0.0	0.0	0.00142812	0.0	0.0	0.0	0.0	0.0115033	0.0	0.0	0.0	0.0	0.0	0.0	0.0	0.0	0.0	0.0	0.0	0.0	0.044197600000000004	0.0	0.0	0.0	0.0	0.0	0.0	0.0	0.0	0.0	0.0	0.0	0.0	0.0	0.0	0.0046061	0.0	0.0	0.0	0.0	0.0	0.0	0.0	0.0	0.0	0.0	0.0	0.0	0.0	0.0	0.0	0.0	0.0118914	0.0	0.0	0.0	0.0	0.0	0.0	0.0	0.0	0.0	0.0	0.0	0.0	0.00574735	0.0	0.0	0.0	0.0	0.00203707	0.00205406	0.0	0.0	0.00213179	0.0	0.00217476	0.0	0.00446678	0.0	0.00227977	0.0	0.0	0.0	0.0	0.0	0.00496944	0.00755325	0.00255447	0.0	0.0026763	0.0	0.014638300000000002	0.0
Hmi-CPar_021-Ex1-12D.clmp.r1r2_fastp	0.0	0.0401163	0.0	0.0	0.0	0.0	0.0	0.0	0.0	0.0	0.0	0.0	0.0	0.0	0.0	0.0	0.0	0.0	0.0	0.0	0.0	0.0	0.0	0.0	0.0	0.0	0.0	0.0	0.0	0.0	0.0	0.0	0.0	0.0150542	0.0	0.0	0.0	0.0	0.0	0.0	0.0	0.0	0.0	0.0	0.0	0.0	0.0	0.0	0.0	0.0	0.0	0.0	0.0411332	0.0	0.0	0.0	0.0	0.0	0.0052086	0.0	0.0	0.0	0.0	0.0211227	0.0	0.0	0.0	0.0	0.0	0.0	0.0	0.0	0.0	0.0	0.0	0.0	0.0444988	0.0	0.0	0.0	0.0	0.0	0.0	0.0	0.0	0.0	0.0	0.0	0.0	0.0	0.0	0.00619963	0.0	0.0	0.0	0.0	0.0	0.0	0.0	0.0	0.0	0.0	0.0	0.0	0.0	0.0	0.0	0.0	0.0216201	0.0	0.0	0.0	0.0	0.0	0.0	0.0	0.0	0.0	0.0	0.0	0.0	0.0	0.0	0.0	0.0	0.0	0.0	0.0	0.0	0.0	0.0	0.0	0.0	0.0	0.0	0.0	0.0	0.0	0.0	0.0	0.0	0.0	0.0115835	0.011943200000000001	0.0121507	0.0	0.0126678	0.0129216	0.0135501	0.0
Hmi-CPar_022-Ex1-07B.clmp.r1r2_fastp	0.0	0.0442155	0.0088431	0.0	0.00221078	0.0	0.0	0.0	0.0	0.0	0.0	0.0	0.0	0.0	0.0	0.0	0.0	0.0	0.0	0.0	0.0	0.0	0.0	0.0	0.0	0.0	0.0	0.0	0.0	0.0	0.0	0.0	0.0	0.0110644	0.0	0.0	0.0	0.0	0.0	0.0	0.0	0.0	0.0	0.0	0.0	0.0	0.0	0.0	0.0	0.0	0.0	0.0	0.0467633	0.0	0.0	0.0	0.0	0.0	0.00223294	0.0	0.0	0.0	0.0	0.0	0.0	0.0	0.0	0.0	0.0	0.0	0.0	0.0	0.0	0.0	0.0	0.0	0.0294738	0.0	0.0	0.0	0.0	0.0	0.0	0.0	0.0	0.0	0.0	0.0	0.0	0.0	0.0	0.009371190000000001	0.0	0.0	0.0	0.0	0.0	0.0	0.0	0.0	0.0	0.0	0.0	0.0	0.0	0.0	0.0	0.0	0.00997581	0.0	0.0	0.0	0.0	0.0	0.0	0.0	0.0	0.0	0.0	0.0	0.0	0.0	0.0	0.0	0.0	0.0	0.0	0.0	0.0	0.0	0.0	0.0	0.0	0.0	0.0	0.0	0.0	0.0	0.0	0.0	0.0	0.0	0.0	0.0	0.0	0.0	0.0	0.0	0.0034922300000000002	0.0
Hmi-CPar_023-Ex1-07H.clmp.r1r2_fastp	0.0	0.0457875	0.0041625	0.0	0.0041625	0.0	0.0	0.0	0.0	0.0	0.0	0.0	0.0	0.0	0.0	0.0	0.0	0.0	0.0	0.0	0.0	0.0	0.0	0.0	0.0	0.0	0.0	0.0	0.0	0.0	0.0	0.0	0.0	0.0166708	0.0	0.0	0.0	0.0	0.0	0.0	0.0	0.0	0.0	0.0	0.0	0.0	0.0	0.0	0.0	0.0	0.0	0.0	0.0469885	0.0	0.0	0.0	0.0	0.0	0.00432489	0.0	0.0	0.0	0.0	0.0087604	0.0	0.0	0.0	0.0	0.0	0.0	0.0	0.0	0.0	0.0	0.0	0.0	0.0411165	0.0	0.0	0.0	0.0	0.0	0.0	0.0	0.0	0.0	0.0	0.0	0.0	0.0	0.0	0.0	0.0	0.0	0.0	0.0	0.0	0.0	0.0	0.0	0.0	0.0	0.0	0.0	0.0	0.0	0.0	0.0	0.0179437	0.0	0.0	0.0	0.0	0.0	0.0	0.0	0.0	0.0	0.0	0.0	0.0	0.0	0.0	0.0	0.0	0.0	0.0	0.0	0.0	0.0	0.0	0.0	0.0	0.0	0.0	0.0	0.0	0.0	0.0	0.0	0.0	0.0	0.0	0.0	0.0	0.0	0.0	0.0	0.0	0.0
Hmi-CPar_024-Ex1-08F.clmp.r1r2_fastp	0.0	0.031267	0.00658252	0.0	0.00164563	0.0	0.0	0.0	0.0	0.0	0.0	0.0	0.0	0.0	0.0	0.0	0.0	0.0	0.0	0.0	0.0	0.0	0.0	0.0	0.0	0.0	0.0	0.0	0.0	0.0	0.0	0.0	0.0	0.00164647	0.0	0.0	0.0	0.0	0.0	0.0	0.0	0.0	0.0	0.0	0.0	0.0	0.0	0.0	0.0	0.0	0.0	0.0	0.029985500000000002	0.0	0.0	0.0	0.0	0.0	0.00167328	0.0	0.0	0.0	0.0	0.011770000000000001	0.0	0.0	0.0	0.0	0.0	0.0	0.0	0.0	0.0	0.0	0.0	0.0	0.0206665	0.0	0.0	0.0	0.0	0.0	0.0	0.0	0.0	0.0	0.0	0.0	0.0	0.0	0.0	0.00365657	0.0	0.0	0.0	0.0	0.0	0.0	0.0	0.0	0.0	0.0	0.0	0.0	0.0	0.0	0.0	0.0	0.00831514	0.0	0.0	0.0	0.0	0.0	0.0	0.0	0.0	0.0	0.0	0.0	0.0	0.0023581	0.0023897099999999998	0.00241231	0.00243487	0.0	0.0	0.00251092	0.0	0.0	0.0	0.0	0.0	0.00270175	0.0027267299999999997	0.0	0.00279213	0.0	0.0	0.0	0.0	0.0	0.00306382	0.0	0.0	0.0	0.0032469599999999997	0.0	0.0	0.0
Hmi-CPar_025-Ex1-01E.clmp.r1r2_fastp	0.0	0.0621075	0.013801699999999998	0.0	0.00230028	0.0	0.0	0.0	0.0	0.0	0.0	0.00230028	0.0	0.0	0.0	0.0	0.0	0.0	0.0	0.0	0.0	0.0	0.0	0.0	0.0	0.0	0.0	0.0	0.0	0.0	0.0	0.0	0.0	0.006901310000000001	0.0	0.0	0.0	0.0	0.0	0.0	0.0	0.0	0.0	0.0	0.0	0.0	0.0	0.0	0.0	0.0	0.0	0.0	0.057812800000000004	0.0	0.0	0.0	0.0	0.0	0.0	0.0	0.0	0.0	0.0	0.00232791	0.0	0.0	0.0	0.0	0.0	0.0	0.0	0.0	0.0	0.0	0.0	0.0	0.0306235	0.0	0.0	0.0	0.0	0.0	0.0	0.0	0.0	0.0	0.0	0.0	0.0	0.0	0.0	0.0048927300000000005	0.0	0.0	0.0	0.0	0.0	0.0	0.0	0.0	0.0	0.0	0.0	0.0	0.0	0.0025468	0.0	0.0	0.010282	0.0	0.0	0.0	0.0	0.0	0.0	0.0	0.0	0.0	0.0	0.0	0.0	0.00273127	0.00549254	0.0	0.0	0.0	0.00281223	0.00564732	0.0	0.0	0.0	0.0	0.0	0.0	0.0	0.0	0.0	0.0	0.0	0.0	0.0032112	0.0	0.00329218	0.0	0.00337007	0.0	0.00346129	0.0	0.0111099	0.0
Hmi-CPar_026-Ex1-02C.clmp.r1r2_fastp	0.0	0.0135943	0.0	0.0	0.0	0.0	0.0	0.0	0.0	0.0	0.0	0.0	0.0	0.0	0.0	0.0	0.0	0.0	0.0	0.0	0.0	0.0	0.0	0.0	0.0	0.0	0.0	0.0	0.0	0.0	0.0	0.0	0.0	0.0	0.0	0.0	0.0	0.0	0.0	0.0	0.0	0.0	0.0	0.0	0.0	0.0	0.0	0.0	0.0	0.0	0.0	0.0	0.0272889	0.0	0.0	0.0	0.0	0.0	0.0	0.0	0.0	0.0	0.0	0.0	0.0	0.0	0.0	0.0	0.0	0.0	0.0	0.0	0.0	0.0	0.0	0.0	0.014011500000000001	0.0	0.0	0.0	0.0	0.0	0.0	0.0	0.0	0.0	0.0	0.0	0.0	0.0	0.0	0.0	0.0	0.0	0.0	0.0	0.0	0.0	0.0	0.0	0.0	0.0	0.0	0.0	0.0	0.0	0.0	0.0	0.0	0.0	0.0	0.0	0.0	0.0	0.0	0.0	0.0	0.0	0.0	0.0	0.0	0.0	0.0	0.0	0.0	0.0	0.0	0.0	0.0	0.0	0.0	0.0	0.0	0.0	0.0	0.0	0.0	0.0	0.0	0.0	0.0	0.0	0.0	0.0	0.0	0.0	0.0	0.0	0.0	0.0
Hmi-CPar_027-Ex1-10A.clmp.r1r2_fastp	6.27726e-05	0.0593201	0.012428999999999999	0.0	0.000878816	0.0	0.0	0.0	0.0	0.0	0.0	0.000878816	0.0	0.0	0.0	0.0	0.0	6.27726e-05	0.0	0.0	0.0	0.0	0.0	0.0	0.0	0.0	0.0	0.0	0.0	0.0	0.0	0.0	0.0	0.008412550000000001	0.0	0.000251183	0.0	0.0	0.0	0.0	0.0	0.0	0.0	0.0	0.0	0.0	0.0	0.0	0.0	0.0	0.0	0.0	0.0623868	0.0	0.0	0.000189549	0.0	0.0	0.0018992899999999999	0.0	0.0	0.0	0.0	0.00966245	0.0	0.0	0.0	0.0	0.0	0.0	0.0	0.0	0.0	0.0	0.0	0.0	0.040484400000000004	0.0	0.0	0.0	0.0	0.0	0.0	0.0	0.0	0.0	0.0	0.0	0.0	0.0	0.0	0.0102449	0.0	0.0	0.0	0.0	0.0	0.0	0.0	0.0	0.0	0.0	0.0	0.0	0.0	0.00222174	0.0	0.0	0.0141108	0.0	0.0	0.0	0.0	0.0	0.0	0.0	0.0	0.0	0.0	0.0	8.7228e-05	0.0016764699999999998	0.000267432	0.000542161	0.000183048	0.0	0.000846626	0.0015268	0.0	0.0004914380000000001	0.0004984719999999999	0.0	0.000410611	0.000728912	0.0011629	0.0	0.000545625	0.0008868750000000001	0.000226025	0.000115066	0.0	0.0	0.00440307	0.00261913	0.0015262500000000003	0.000130363	0.00360774	0.0019357299999999999	0.00735638	0.0
Hmi-CPar_028-Ex1-03B.clmp.r1r2_fastp	0.0	0.0454511	0.0	0.0	0.00757518	0.0	0.0	0.0	0.0	0.0	0.0	0.0	0.0	0.0	0.0	0.0	0.0	0.0	0.0	0.0	0.0	0.0	0.0	0.0	0.0	0.0	0.0	0.0	0.0	0.0	0.0	0.0	0.0	0.0	0.0	0.0	0.0	0.0	0.0	0.0	0.0	0.0	0.0	0.0	0.0	0.0	0.0	0.0	0.0	0.0	0.0	0.0	0.0230929	0.0	0.0	0.0	0.0	0.0	0.0	0.0	0.0	0.0	0.0	0.0156384	0.0	0.0	0.0	0.0	0.0	0.0	0.0	0.0	0.0	0.0	0.0	0.0	0.0243625	0.0	0.0	0.0	0.0	0.0	0.0	0.0	0.0	0.0	0.0	0.0	0.0	0.0	0.0	0.00861698	0.0	0.0	0.0	0.0	0.0	0.0	0.0	0.0	0.0	0.0	0.0	0.0	0.0	0.0	0.0	0.0	0.0	0.0	0.0	0.0	0.0	0.0	0.0	0.0	0.0	0.0	0.0	0.0	0.0	0.0	0.0	0.0	0.0	0.0	0.0	0.0	0.0	0.0	0.0	0.0	0.0	0.0	0.0	0.0	0.0	0.0	0.0	0.0	0.0	0.0	0.0	0.0	0.0	0.0	0.0	0.0	0.0157704	0.0
Hmi-CPar_029-Ex1-03G.clmp.r1r2_fastp	0.0	0.0674641	0.014055	0.0	0.002811	0.0	0.0	0.0	0.0	0.0	0.0	0.0	0.0	0.0	0.0	0.0	0.0	0.0	0.0	0.0	0.0	0.0	0.0	0.0	0.0	0.0	0.0	0.0	0.0	0.0	0.0	0.0	0.0	0.005623980000000001	0.0	0.0	0.0	0.0	0.0	0.0	0.0	0.0	0.0	0.0	0.0	0.0	0.0	0.0	0.0	0.0	0.0	0.0	0.0657641	0.0	0.0	0.00143575	0.0	0.0	0.00288371	0.0	0.0	0.0	0.0	0.0101771	0.0	0.0	0.0	0.0	0.0	0.0	0.0	0.0	0.0	0.0	0.0	0.0	0.0343509	0.0	0.0	0.0	0.0	0.0	0.0	0.0	0.0	0.0	0.0	0.0	0.0	0.0	0.0	0.0140958	0.0	0.0	0.0	0.0	0.0	0.0	0.0	0.0	0.0	0.0	0.0	0.0	0.0	0.0	0.0	0.0	0.012596999999999999	0.0	0.0	0.0	0.0	0.0	0.0	0.0	0.0	0.0	0.0	0.0	0.0	0.0	0.0	0.0	0.0	0.0	0.0	0.004444640000000001	0.0	0.0	0.0	0.0	0.0	0.0	0.00481313	0.0	0.0	0.0	0.0	0.0	0.0	0.0	0.00538387	0.0	0.00559675	0.0	0.0058283499999999995	0.00299464	0.00314209	0.0
Hmi-CPar_030-Ex1-11C.clmp.r1r2_fastp	0.0	0.0	0.0	0.0	0.0	0.0	0.0	0.0	0.0	0.0	0.0	0.0	0.0	0.0	0.0	0.0	0.0	0.0	0.0	0.0	0.0	0.0	0.0	0.0	0.0	0.0	0.0	0.0	0.0	0.0	0.0	0.0	0.0	0.0	0.0	0.0	0.0	0.0	0.0	0.0	0.0	0.0	0.0	0.0	0.0	0.0	0.0	0.0	0.0	0.0	0.0	0.0	0.0	0.0	0.0	0.0	0.0	0.0	0.0	0.0	0.0	0.0	0.0	0.0	0.0	0.0	0.0	0.0	0.0	0.0	0.0	0.0	0.0	0.0	0.0	0.0	0.0	0.0	0.0	0.0	0.0	0.0	0.0	0.0	0.0	0.0	0.0	0.0	0.0	0.0	0.0	0.0	0.0	0.0	0.0	0.0	0.0	0.0	0.0	0.0	0.0	0.0	0.0	0.0	0.0	0.0	0.0	0.0	0.0	0.0	0.0	0.0	0.0	0.0	0.0	0.0	0.0	0.0	0.0	0.0	0.0	0.0	0.0	0.0	0.0	0.0	0.0	0.0	0.0	0.0	0.0	0.0	0.0	0.0	0.0	0.0	0.0	0.0	0.0	0.0	0.0	0.0	0.0	0.0	0.0	0.0	0.0	0.0	0.0	0.0
Hmi-CPar_031-Ex1-05B.clmp.r1r2_fastp	0.0	0.0932024	0.024854	0.0	0.0	0.0	0.0	0.0	0.0	0.0	0.0	0.0	0.0	0.0	0.0	0.0	0.0	0.0	0.0	0.0	0.0	0.0	0.0	0.0	0.0	0.0	0.0	0.0	0.0	0.0	0.0	0.0	0.0	0.0	0.0	0.0	0.0	0.0	0.0	0.0	0.0	0.0	0.0	0.0	0.0	0.0	0.0	0.0	0.0	0.0	0.0	0.0	0.0690478	0.0	0.0	0.0	0.0	0.0	0.0	0.0	0.0	0.0	0.0	0.0	0.0	0.0	0.0	0.0	0.0	0.0	0.0	0.0	0.0	0.0	0.0	0.0	0.0393391	0.0	0.0	0.0	0.0	0.0	0.0	0.0	0.0	0.0	0.0	0.0	0.0	0.0	0.0	0.007035319999999999	0.0	0.0	0.0	0.0	0.0	0.0	0.0	0.0	0.0	0.0	0.0	0.0	0.0	0.0	0.0	0.0	0.0235054	0.0	0.0	0.0	0.0	0.0	0.0	0.0	0.0	0.0	0.0	0.0	0.0	0.00869868	0.0	0.0	0.0	0.0	0.0	0.0	0.0	0.009293679999999999	0.0	0.0	0.0	0.0	0.0	0.0	0.0	0.0	0.0	0.0	0.0	0.0	0.0113585	0.0114824	0.0	0.0118287	0.0	0.0	0.0389257	0.0
Hmi-CPar_032-Ex1-12B.clmp.r1r2_fastp	0.0	0.0483221	0.008331390000000001	0.0	0.00166628	0.0	0.0	0.0	0.0	0.0	0.0	0.00166628	0.0	0.0	0.0	0.0	0.0	0.0	0.0	0.0	0.0	0.0	0.0	0.0	0.0	0.0	0.0	0.0	0.0	0.0	0.0	0.0	0.0	0.006666780000000001	0.0	0.0	0.0	0.0	0.0	0.0	0.0	0.0	0.0	0.0	0.0	0.0	0.0	0.0	0.0	0.0	0.0	0.0	0.057490700000000006	0.0	0.0	0.0	0.0	0.0	0.00681814	0.0	0.0	0.0	0.0	0.00515331	0.0	0.0	0.0	0.0	0.0	0.0	0.0	0.0	0.0	0.0	0.0	0.0	0.0424704	0.0	0.0	0.0	0.0	0.0	0.0	0.0	0.0	0.0	0.0	0.0	0.0	0.0	0.0	0.011226700000000001	0.0	0.0	0.0	0.0	0.0	0.0	0.0	0.0	0.0	0.0	0.0	0.0	0.0	0.0020504	0.0	0.0	0.010468400000000001	0.0	0.0	0.0	0.0	0.0	0.0	0.0	0.0	0.0	0.0	0.0	0.0	0.0	0.0	0.0	0.0	0.0	0.0	0.0	0.0	0.0	0.00264522	0.0	0.0	0.00274363	0.0	0.0	0.0	0.0	0.0	0.0	0.0	0.0	0.0	0.00315617	0.0	0.0	0.0032987	0.0	0.00356684	0.0
Hmi-CPar_033-Ex1-06C.clmp.r1r2_fastp	0.0	0.054676699999999995	0.0	0.0	0.00364511	0.0	0.0	0.0	0.0	0.0	0.0	0.0	0.0	0.0	0.0	0.0	0.0	0.0	0.0	0.0	0.0	0.0	0.0	0.0	0.0	0.0	0.0	0.0	0.0	0.0	0.0	0.0	0.0	0.0036459099999999996	0.0	0.0	0.0	0.0	0.0	0.0	0.0	0.0	0.0	0.0	0.0	0.0	0.0	0.0	0.0	0.0	0.0	0.0	0.059141	0.0	0.0	0.0	0.0	0.0	0.0	0.0	0.0	0.0	0.0	0.0037468600000000003	0.0	0.0	0.0	0.0	0.0	0.0	0.0	0.0	0.0	0.0	0.0	0.0	0.0502318	0.0	0.0	0.0	0.0	0.0	0.0	0.0	0.0	0.0	0.0	0.0	0.0	0.0	0.0	0.012591300000000001	0.0	0.0	0.0	0.0	0.0	0.0	0.0	0.0	0.0	0.0	0.0	0.0	0.0	0.0	0.0	0.0	0.00962186	0.0	0.0	0.0	0.0	0.0	0.0	0.0	0.0	0.0	0.0	0.0	0.0	0.0	0.0055325	0.0	0.0	0.0	0.0	0.0	0.0	0.0	0.0	0.0	0.0	0.0	0.0	0.0	0.006485930000000001	0.0	0.0	0.0	0.0	0.0	0.00712708	0.0	0.00736594	0.0	0.0	0.0	0.008099130000000001	0.0
Hmi-CPar_034-Ex1-07C.clmp.r1r2_fastp	0.0	0.0639236	0.0134576	0.0	0.0	0.0	0.0	0.0	0.0	0.0	0.0	0.0	0.0	0.0	0.0	0.0	0.0	0.0	0.0	0.0	0.0	0.0	0.0	0.0	0.0	0.0	0.0	0.0	0.0	0.0	0.0	0.0	0.0	0.0033655300000000003	0.0	0.0	0.0	0.0	0.0	0.0	0.0	0.0	0.0	0.0	0.0	0.0	0.0	0.0	0.0	0.0	0.0	0.0	0.0682128	0.0	0.0	0.0034239500000000003	0.0	0.0	0.00343371	0.0	0.0	0.0	0.0	0.013826	0.0	0.0	0.0	0.0	0.0	0.0	0.0	0.0	0.0	0.0	0.0	0.0	0.0492767	0.0	0.0	0.0	0.0	0.0	0.0	0.0	0.0	0.0	0.0	0.0	0.0	0.0	0.0	0.0036850100000000003	0.0	0.0	0.0	0.0	0.0	0.0	0.0	0.0	0.0	0.0	0.0	0.0	0.0	0.0	0.0	0.0	0.016166800000000002	0.0	0.0	0.0	0.0	0.0	0.0	0.0	0.0	0.0	0.0	0.0	0.0	0.0	0.0	0.0	0.0	0.0	0.0	0.0	0.0	0.0	0.0	0.0	0.0	0.0	0.0	0.0	0.0	0.0	0.0	0.0	0.0	0.0	0.0	0.0	0.0	0.0	0.0	0.0	0.006087540000000001	0.0
Hmi-CPar_035-Ex1-08A.clmp.r1r2_fastp	0.000162384	0.05042030000000001	0.009418280000000001	0.0	0.0016779700000000002	0.0	0.0	0.0	0.0	0.0	0.0	0.000636005	2.7064e-05	0.0	1.3532e-05	0.0	0.0	0.0	0.0	0.0	0.0	0.0	0.0	0.0	0.0	0.0	0.0	0.0	0.0	0.0	0.0	0.0	0.0	0.0063205299999999996	0.0	9.47576e-05	0.0	0.0	0.0	0.0	0.0	0.0	0.0	0.0	0.0	0.0	0.0	0.0	0.0	0.0	0.0	0.0	0.050367100000000005	0.0	0.0	0.00020375399999999997	0.0	0.0	0.00201213	0.0	0.0	0.0	0.0	0.00740975	0.0	0.0	0.0	0.0	0.0	0.0	0.0	0.0	0.0	0.0	0.0	0.0	0.035370900000000004	0.0	0.0	0.0	0.0	0.0	0.0	0.0	0.0	0.0	0.0	0.0	0.0	0.0	0.0	0.00774398	0.0	0.0	0.0	0.0	0.0	0.0	0.0	0.0	0.0	0.0	0.0	0.0	0.0	0.0012064200000000001	0.0	0.0	0.011059	0.0	0.0	0.0	0.0	0.0	0.0	0.0	0.0	0.0	0.0	0.0	9.41238e-05	0.00102626	0.000921369	0.00044754399999999997	0.000305615	0.0	0.0006189710000000001	0.00147582	0.0	0.00056511	0.000619359	0.0	0.000339862	0.00053082	0.000914828	0.0	0.0006844139999999999	0.00049594	0.00016118100000000001	1.81064e-05	5.49894e-05	0.0	0.0034490399999999996	0.00230812	0.0023138399999999997	0.00017429499999999998	0.00322768	0.00157468	0.00708803	0.0
Hmi-CPar_036-Ex1-08G.clmp.r1r2_fastp	0.0	0.0387297	0.00553281	0.0	0.0	0.0	0.0	0.0	0.0	0.0	0.0	0.0	0.0	0.0	0.0	0.0	0.0	0.0	0.0	0.0	0.0	0.0	0.0	0.0	0.0	0.0	0.0	0.0	0.0	0.0	0.0	0.0	0.0	0.00184529	0.0	0.0	0.0	0.0	0.0	0.0	0.0	0.0	0.0	0.0	0.0	0.0	0.0	0.0	0.0	0.0	0.0	0.0	0.0336744	0.0	0.0	0.0	0.0	0.0	0.0037592600000000004	0.0	0.0	0.0	0.0	0.00945483	0.0	0.0	0.0	0.0	0.0	0.0	0.0	0.0	0.0	0.0	0.0	0.0	0.0213092	0.0	0.0	0.0	0.0	0.0	0.0	0.0	0.0	0.0	0.0	0.0	0.0	0.0	0.0	0.00823893	0.0	0.0	0.0	0.0	0.0	0.0	0.0	0.0	0.0	0.0	0.0	0.0	0.0	0.0	0.0	0.0	0.0163931	0.0	0.0	0.0	0.0	0.0	0.0	0.0	0.0	0.0	0.0	0.0	0.0	0.0	0.0	0.0	0.0	0.0	0.0	0.0	0.0	0.00289737	0.0	0.0	0.0	0.0	0.0	0.0	0.0	0.0	0.0	0.0	0.0	0.0	0.0	0.0	0.0	0.0	0.0	0.0	0.007809139999999999	0.0
Hmi-CPar_037-Ex1-01F.clmp.r1r2_fastp	0.0	0.0460384	0.013811499999999999	0.0	0.0	0.0	0.0	0.0	0.0	0.0	0.0	0.0	0.0	0.0	0.0	0.0	0.0	0.0	0.0	0.0	0.0	0.0	0.0	0.0	0.0	0.0	0.0	0.0	0.0	0.0	0.0	0.0	0.0	0.0	0.0	0.0	0.0	0.0	0.0	0.0	0.0	0.0	0.0	0.0	0.0	0.0	0.0	0.0	0.0	0.0	0.0	0.0	0.0464242	0.0	0.0	0.0	0.0	0.0	0.0	0.0	0.0	0.0	0.0	0.009355849999999999	0.0	0.0	0.0	0.0	0.0	0.0	0.0	0.0	0.0	0.0	0.0	0.0	0.0238061	0.0	0.0	0.0	0.0	0.0	0.0	0.0	0.0	0.0	0.0	0.0	0.0	0.0	0.0	0.007376809999999999	0.0	0.0	0.0	0.0	0.0	0.0	0.0	0.0	0.0	0.0	0.0	0.0	0.0	0.00518054	0.0	0.0	0.013106200000000002	0.0	0.0	0.0	0.0	0.0	0.0	0.0	0.0	0.0	0.0	0.0	0.0	0.0	0.0	0.0	0.0	0.0	0.0	0.00288709	0.0	0.0	0.0	0.0	0.0	0.0	0.00300689	0.0	0.0	0.0	0.0	0.0	0.0	0.0	0.0	0.0	0.0	0.0	0.0	0.00343466	0.0071958000000000005	0.0
Hmi-CPar_038-Ex1-09E.clmp.r1r2_fastp	0.0	0.051706300000000004	0.00861772	0.0	0.0	0.0	0.0	0.0	0.0	0.0	0.0	0.0	0.0	0.0	0.0	0.0	0.0	0.0	0.0	0.0	0.0	0.0	0.0	0.0	0.0	0.0	0.0	0.0	0.0	0.0	0.0	0.0	0.0	0.0	0.0	0.0	0.0	0.0	0.0	0.0	0.0	0.0	0.0	0.0	0.0	0.0	0.0	0.0	0.0	0.0	0.0	0.0	0.035137	0.0	0.0	0.0	0.0	0.0	0.0	0.0	0.0	0.0	0.0	0.0	0.0	0.0	0.0	0.0	0.0	0.0	0.0	0.0	0.0	0.0	0.0	0.0	0.0186133	0.0	0.0	0.0	0.0	0.0	0.0	0.0	0.0	0.0	0.0	0.0	0.0	0.0	0.0	0.0	0.0	0.0	0.0	0.0	0.0	0.0	0.0	0.0	0.0	0.0	0.0	0.0	0.0	0.0	0.0	0.0	0.0113007	0.0	0.0	0.0	0.0	0.0	0.0	0.0	0.0	0.0	0.0	0.0	0.0	0.0	0.0	0.0	0.0	0.0	0.0	0.0	0.0	0.0	0.0	0.0	0.0	0.0	0.0	0.0	0.0	0.0	0.0	0.0	0.0	0.0	0.0	0.0	0.0	0.0	0.0	0.0	0.0447427	0.0
Hmi-CPar_039-Ex1-02G.clmp.r1r2_fastp	0.0	0.0440599	0.00400545	0.0	0.0	0.0	0.0	0.0	0.0	0.0	0.0	0.0	0.0	0.0	0.0	0.0	0.0	0.0	0.0	0.0	0.0	0.0	0.0	0.0	0.0	0.0	0.0	0.0	0.0	0.0	0.0	0.0	0.0	0.0	0.0	0.0	0.0	0.0	0.0	0.0	0.0	0.0	0.0	0.0	0.0	0.0	0.0	0.0	0.0	0.0	0.0	0.0	0.0402512	0.0	0.0	0.0	0.0	0.0	0.0040361600000000004	0.0	0.0	0.0	0.0	0.00405121	0.0	0.0	0.0	0.0	0.0	0.0	0.0	0.0	0.0	0.0	0.0	0.0	0.028786399999999997	0.0	0.0	0.0	0.0	0.0	0.0	0.0	0.0	0.0	0.0	0.0	0.0	0.0	0.0	0.0	0.0	0.0	0.0	0.0	0.0	0.0	0.0	0.0	0.0	0.0	0.0	0.0	0.0	0.0	0.0	0.0	0.0141216	0.0	0.0	0.0	0.0	0.0	0.0	0.0	0.0	0.0	0.0	0.0	0.0	0.0	0.0	0.0	0.0	0.0	0.0	0.0	0.0	0.00558503	0.0	0.0	0.0	0.0	0.0	0.0	0.0	0.0	0.0	0.0	0.0	0.0	0.0	0.0	0.0	0.0066024000000000005	0.0	0.0068861	0.0223981	0.0
Hmi-CPar_040-Ex1-10F.clmp.r1r2_fastp	0.0	0.032345	0.0	0.0	0.0	0.0	0.0	0.0	0.0	0.0	0.0	0.0	0.0	0.0	0.0	0.0	0.0	0.0	0.0	0.0	0.0	0.0	0.0	0.0	0.0	0.0	0.0	0.0	0.0	0.0	0.0	0.0	0.0	0.005392	0.0	0.0	0.0	0.0	0.0	0.0	0.0	0.0	0.0	0.0	0.0	0.0	0.0	0.0	0.0	0.0	0.0	0.0	0.033129	0.0	0.0	0.0	0.0	0.0	0.0	0.0	0.0	0.0	0.0	0.011396	0.0	0.0	0.0	0.0	0.0	0.0	0.0	0.0	0.0	0.0	0.0	0.0	0.029958099999999998	0.0	0.0	0.0	0.0	0.0	0.0	0.0	0.0	0.0	0.0	0.0	0.0	0.0	0.0	0.006560389999999999	0.0	0.0	0.0	0.0	0.0	0.0	0.0	0.0	0.0	0.0	0.0	0.0	0.0	0.0	0.0	0.0	0.00785793	0.0	0.0	0.0	0.0	0.0	0.0	0.0	0.0	0.0	0.0	0.0	0.0	0.0	0.0	0.0	0.0	0.0	0.0	0.0	0.0	0.0	0.0	0.0	0.0	0.0	0.0	0.0	0.0	0.0	0.0	0.0	0.0	0.0	0.0	0.0	0.0	0.0	0.0	0.0	0.0	0.0
Hmi-CPar_041-Ex1-11A.clmp.r1r2_fastp	0.0	0.047609200000000004	0.006209889999999999	0.0	0.00206996	0.0	0.0	0.0	0.0	0.0	0.0	0.00103498	0.0	0.0	0.0	0.0	0.0	0.0	0.0	0.0	0.0	0.0	0.0	0.0	0.0	0.0	0.0	0.0	0.0	0.0	0.0	0.0	0.0	0.00517577	0.0	0.0	0.0	0.0	0.0	0.0	0.0	0.0	0.0	0.0	0.0	0.0	0.0	0.0	0.0	0.0	0.0	0.0	0.0521687	0.0	0.0	0.0	0.0	0.0	0.00418835	0.0	0.0	0.0	0.0	0.00840601	0.0	0.0	0.0	0.0	0.0	0.0	0.0	0.0	0.0	0.0	0.0	0.0	0.0372725	0.0	0.0	0.0	0.0	0.0	0.0	0.0	0.0	0.0	0.0	0.0	0.0	0.0	0.0	0.00983209	0.0	0.0	0.0	0.0	0.0	0.0	0.0	0.0	0.0	0.0	0.0	0.0	0.0	0.0023222299999999998	0.0	0.0	0.00591226	0.0	0.0	0.0	0.0	0.0	0.0	0.0	0.0	0.0	0.0	0.0	0.00127478	0.00128444	0.0	0.0	0.0	0.0	0.00132989	0.0	0.0	0.0	0.00273168	0.0	0.0	0.0	0.0	0.0	0.00141501	0.0	0.0	0.00144766	0.0	0.0	0.00150632	0.0030359099999999997	0.0	0.0	0.0015772400000000002	0.0016088600000000002	0.00846067	0.0
Hmi-CPar_042-Ex1-04E.clmp.r1r2_fastp	0.0	0.043472	0.0	0.0	0.0	0.0	0.0	0.0	0.0	0.0	0.0	0.0	0.0	0.0	0.0	0.0	0.0	0.0	0.0	0.0	0.0	0.0	0.0	0.0	0.0	0.0	0.0	0.0	0.0	0.0	0.0	0.0	0.0	0.0	0.0	0.0	0.0	0.0	0.0	0.0	0.0	0.0	0.0	0.0	0.0	0.0	0.0	0.0	0.0	0.0	0.0	0.0	0.043956	0.0	0.0	0.0	0.0	0.0	0.0	0.0	0.0	0.0	0.0	0.0	0.0	0.0	0.0	0.0	0.0	0.0	0.0	0.0	0.0	0.0	0.0	0.0	0.0	0.0	0.0	0.0	0.0	0.0	0.0	0.0	0.0	0.0	0.0	0.0	0.0	0.0	0.0	0.0165481	0.0	0.0	0.0	0.0	0.0	0.0	0.0	0.0	0.0	0.0	0.0	0.0	0.0	0.0	0.0	0.0	0.0	0.0	0.0	0.0	0.0	0.0	0.0	0.0	0.0	0.0	0.0	0.0	0.0	0.0	0.0	0.0	0.0	0.0	0.0	0.0	0.0	0.0	0.0	0.0	0.0	0.0	0.0	0.0	0.0	0.0	0.0	0.0	0.0	0.0	0.0	0.0	0.0	0.0	0.0	0.0	0.0	0.0
Hmi-CPar_043-Ex1-11F.clmp.r1r2_fastp	0.0	0.0335704	0.00305185	0.0	0.0	0.0	0.0	0.0	0.0	0.0	0.0	0.0	0.0	0.0	0.0	0.0	0.0	0.0	0.0	0.0	0.0	0.0	0.0	0.0	0.0	0.0	0.0	0.0	0.0	0.0	0.0	0.0	0.0	0.0030525000000000005	0.0	0.0	0.0	0.0	0.0	0.0	0.0	0.0	0.0	0.0	0.0	0.0	0.0	0.0	0.0	0.0	0.0	0.0	0.030940600000000002	0.0	0.0	0.0	0.0	0.0	0.0	0.0	0.0	0.0	0.0	0.009424179999999999	0.0	0.0	0.0	0.0	0.0	0.0	0.0	0.0	0.0	0.0	0.0	0.0	0.0194742	0.0	0.0	0.0	0.0	0.0	0.0	0.0	0.0	0.0	0.0	0.0	0.0	0.0	0.0	0.00345758	0.0	0.0	0.0	0.0	0.0	0.0	0.0	0.0	0.0	0.0	0.0	0.0	0.0	0.0	0.0	0.0	0.0076860999999999995	0.0	0.0	0.0	0.0	0.0	0.0	0.0	0.0	0.0	0.0	0.0	0.0	0.0	0.0	0.0	0.0	0.0	0.0	0.0	0.0	0.0	0.0	0.0	0.0	0.0	0.0	0.0	0.0	0.0	0.0	0.0	0.0	0.0	0.0	0.00541565	0.0	0.0	0.0	0.005861320000000001	0.00621234	0.0
Hmi-CPar_044-Ex1-05F.clmp.r1r2_fastp	0.0	0.0387477	0.00774954	0.0	0.0154991	0.0	0.0	0.0	0.0	0.0	0.0	0.0	0.0	0.0	0.0	0.0	0.0	0.0	0.0	0.0	0.0	0.0	0.0	0.0	0.0	0.0	0.0	0.0	0.0	0.0	0.0	0.0	0.0	0.0	0.0	0.0	0.0	0.0	0.0	0.0	0.0	0.0	0.0	0.0	0.0	0.0	0.0	0.0	0.0	0.0	0.0	0.0	0.0390564	0.0	0.0	0.0	0.0	0.0	0.0	0.0	0.0	0.0	0.0	0.007879599999999999	0.0	0.0	0.0	0.0	0.0	0.0	0.0	0.0	0.0	0.0	0.0	0.0	0.024267900000000002	0.0	0.0	0.0	0.0	0.0	0.0	0.0	0.0	0.0	0.0	0.0	0.0	0.0	0.0	0.00857486	0.0	0.0	0.0	0.0	0.0	0.0	0.0	0.0	0.0	0.0	0.0	0.0	0.0	0.0	0.0	0.0	0.0	0.0	0.0	0.0	0.0	0.0	0.0	0.0	0.0	0.0	0.0	0.0	0.0	0.0	0.0	0.0	0.0	0.0	0.0	0.0	0.0	0.0	0.0	0.0	0.0	0.0	0.0	0.0	0.0	0.0	0.0	0.0	0.0	0.0	0.0	0.0	0.0	0.0	0.0	0.0	0.0	0.0
Hmi-CPar_045-Ex1-06D.clmp.r1r2_fastp	0.0	0.064704	0.0184869	0.0	0.0	0.0	0.0	0.0	0.0	0.0	0.0	0.0	0.0	0.0	0.0	0.0	0.0	0.0	0.0	0.0	0.0	0.0	0.0	0.0	0.0	0.0	0.0	0.0	0.0	0.0	0.0	0.0	0.0	0.00924642	0.0	0.0	0.0	0.0	0.0	0.0	0.0	0.0	0.0	0.0	0.0	0.0	0.0	0.0	0.0	0.0	0.0	0.0	0.0583022	0.0	0.0	0.0	0.0	0.0	0.0	0.0	0.0	0.0	0.0	0.00938284	0.0	0.0	0.0	0.0	0.0	0.0	0.0	0.0	0.0	0.0	0.0	0.0	0.0355863	0.0	0.0	0.0	0.0	0.0	0.0	0.0	0.0	0.0	0.0	0.0	0.0	0.0	0.0	0.00975443	0.0	0.0	0.0	0.0	0.0	0.0	0.0	0.0	0.0	0.0	0.0	0.0	0.0	0.0025599	0.0	0.0	0.010394200000000001	0.0	0.0	0.0	0.0	0.0	0.0	0.0	0.0	0.0	0.0	0.0	0.0	0.0	0.0028081200000000003	0.00281825	0.0	0.0	0.0	0.00286928	0.0	0.0	0.00289654	0.0	0.0	0.00296991	0.00298036	0.0	0.0	0.0	0.0	0.0	0.0	0.0	0.006706459999999999	0.0033816899999999997	0.0034672899999999996	0.0	0.00354711	0.0	0.014963899999999999	0.0
Hmi-CPar_046-Ex1-07D.clmp.r1r2_fastp	0.0	0.0619147	0.015478700000000001	0.0	0.0	0.0	0.0	0.0	0.0	0.0	0.0	0.0	0.0	0.0	0.0	0.0	0.0	0.0	0.0	0.0	0.0	0.0	0.0	0.0	0.0	0.0	0.0	0.0	0.0	0.0	0.0	0.0	0.0	0.0	0.0	0.0	0.0	0.0	0.0	0.0	0.0	0.0	0.0	0.0	0.0	0.0	0.0	0.0	0.0	0.0	0.0	0.0	0.101175	0.0	0.0	0.0	0.0	0.0	0.0	0.0	0.0	0.0	0.0	0.0313553	0.0	0.0	0.0	0.0	0.0	0.0	0.0	0.0	0.0	0.0	0.0	0.0	0.0799616	0.0	0.0	0.0	0.0	0.0	0.0	0.0	0.0	0.0	0.0	0.0	0.0	0.0	0.0	0.00840689	0.0	0.0	0.0	0.0	0.0	0.0	0.0	0.0	0.0	0.0	0.0	0.0	0.0	0.0	0.0	0.0	0.0286999	0.0	0.0	0.0	0.0	0.0	0.0	0.0	0.0	0.0	0.0	0.0	0.0	0.0	0.0	0.0	0.0	0.0	0.0	0.0	0.0	0.0112969	0.0	0.0	0.0	0.0	0.0119789	0.0	0.0	0.0	0.0	0.0	0.0	0.0	0.0133618	0.0	0.013708000000000001	0.0	0.0	0.0	0.0455927	0.0
Hmi-CPar_047-Ex1-08B.clmp.r1r2_fastp	0.0	0.0144742	0.0020677399999999998	0.0	0.0	0.0	0.0	0.0	0.0	0.0	0.0	0.0	0.0	0.0	0.0	0.0	0.0	0.0	0.0	0.0	0.0	0.0	0.0	0.0	0.0	0.0	0.0	0.0	0.0	0.0	0.0	0.0	0.0	0.0	0.0	0.0	0.0	0.0	0.0	0.0	0.0	0.0	0.0	0.0	0.0	0.0	0.0	0.0	0.0	0.0	0.0	0.0	0.012496100000000001	0.0	0.0	0.0	0.0	0.0	0.0	0.0	0.0	0.0	0.0	0.00420195	0.0	0.0	0.0	0.0	0.0	0.0	0.0	0.0	0.0	0.0	0.0	0.0	0.00857394	0.0	0.0	0.0	0.0	0.0	0.0	0.0	0.0	0.0	0.0	0.0	0.0	0.0	0.0	0.00450735	0.0	0.0	0.0	0.0	0.0	0.0	0.0	0.0	0.0	0.0	0.0	0.0	0.0	0.00246999	0.0	0.0	0.0	0.0	0.0	0.0	0.0	0.0	0.0	0.0	0.0	0.0	0.0	0.0	0.0	0.0	0.0	0.0	0.0	0.0	0.0	0.0	0.0	0.0	0.0	0.0	0.0	0.0	0.0	0.0	0.0	0.0	0.0	0.0	0.0	0.0	0.0	0.0	0.0	0.0	0.0	0.0	0.0	0.0
Hmi-CPar_048-Ex1-08H.clmp.r1r2_fastp	0.0	0.0459047	0.00721017	0.0	0.00192271	0.0	0.0	0.0	0.0	0.0	0.0	0.0009613559999999999	0.0	0.0	0.0	0.0	0.0	0.0	0.0	0.0	0.0	0.0	0.0	0.0	0.0	0.0	0.0	0.0	0.0	0.0	0.0	0.0	0.0	0.00673019	0.0	0.0	0.0	0.0	0.0	0.0	0.0	0.0	0.0	0.0	0.0	0.0	0.0	0.0	0.0	0.0	0.0	0.0	0.048942	0.0	0.0	0.0	0.0	0.0	0.000965911	0.0	0.0	0.0	0.0	0.00532128	0.0	0.0	0.0	0.0	0.0	0.0	0.0	0.0	0.0	0.0	0.0	0.0	0.0358441	0.0	0.0	0.0	0.0	0.0	0.0	0.0	0.0	0.0	0.0	0.0	0.0	0.0	0.0	0.008683960000000001	0.0	0.0	0.0	0.0	0.0	0.0	0.0	0.0	0.0	0.0	0.0	0.0	0.0	0.0015538	0.0	0.0	0.0110434	0.0	0.0	0.0	0.0	0.0	0.0	0.0	0.0	0.0	0.0	0.0	0.0	0.00112457	0.0008491970000000001	0.000569134	0.0005729229999999999	0.0	0.000871698	0.0017559099999999998	0.0	0.00148319	0.0	0.0	0.00030309200000000003	0.0006106109999999999	0.0015370600000000002	0.0	0.000937359	0.000314922	0.000634995	0.0	0.0	0.0	0.0046028	0.00265439	0.00334657	0.00033847099999999997	0.0037791099999999996	0.00280955	0.006619549999999999	0.0
