Sample	1	2	3	4	5	6	7	8	9	10	11	12	13	14	15	16	17	18	19	20	21	22	23	24	25	26	27	28	29	30	31	32	33	34	35	36	37	38	39	40	41	42	43	44	45	46	47	48	49	50	51	52	53	54	55	56	57	58	59	60	61	62	63	64	65	66	67	68	69	70	71	72	73	74	75	76	77	78	79	80	81	82	83	84	85	86	87	88	89	90	91	92	93	94	95	96	97	98	99	100	101	102	103	104	105	106	107	108	109	110	111	112	113	114	115	116	117	118	119	120	121	122	123	124	125	126	127	128	129	130	131	132	133	134	135	136	137	138	139	140	141	142	143	144	145	146	147	148	149	150
Hmi-ABas_001-Ex1-01A.clmp.r1r2_fastp	0.29916	0.0968316	0.10622400000000001	0.000167722	5.59074e-05	0.0	0.0	0.0	0.0	0.0	0.0	0.0	0.00117406	0.00670889	0.0281214	0.00547893	0.00117406	0.0	0.0	0.0	0.0	0.0	0.00273946	0.0	0.00117406	0.0	0.0	0.0	0.000167722	0.0	0.000335444	0.0	0.0	0.00234874	0.000223769	0.0049248700000000005	0.0	0.0	5.60347e-05	0.0006166699999999999	0.0	0.0	0.0	0.0	0.0	0.0	0.0	0.0	0.0	0.0	0.0	0.0	0.0	0.0	0.0	0.0	0.0	0.0	0.0	0.0	0.0	0.0	0.0	0.0	0.0	0.0	0.0	0.0	0.0	0.0	0.0	0.0	0.0	0.0	0.0	0.0	6.0355099999999994e-05	0.0	0.0	0.0	0.0	0.0	0.0	0.0	0.0	0.0	0.0	0.0	0.0	0.0	0.0	0.0	0.0	0.0	0.0	0.0	0.0	0.0	0.0	0.0	0.0	0.0	0.0	0.0	0.0	0.031235600000000002	0.00015165599999999999	0.0	0.00123916	0.0	0.0	0.00144002	0.0	0.00376526	0.0	0.0	0.0117818	0.0	0.0	0.00228728	0.0	0.0011729899999999998	9.13684e-05	0.0013884799999999999	0.0	0.00199625	0.0	0.0	0.000197861	0.0	0.0	0.0	0.0	0.0	0.0	0.0	0.0	0.000112806	0.0	0.0	0.0	0.0	0.0	0.0	0.0	0.0	0.0	0.0	0.0	0.0
Hmi-ABas_002-Ex1-02A.clmp.r1r2_fastp	0.313091	0.10536600000000002	0.10651000000000001	0.00019609	3.2681699999999996e-05	0.0	0.0	0.0	0.0	0.0	0.0	0.0	0.00150336	0.00686316	0.0278121	0.00437935	0.000882407	0.0	0.0	0.0	0.0	0.0	0.00245113	0.0	0.0008497250000000001	0.0	0.0	0.0	3.2681699999999996e-05	0.0	0.000294136	0.0	0.0	0.00277852	6.538940000000001e-05	0.00654057	0.0	0.0	0.000130934	0.00042570400000000006	0.0	0.0	0.0	0.0	0.0	0.0	0.0	0.0	0.0	0.0	0.0	0.0	0.0	0.0	0.0	0.0	0.0	0.0	0.0	0.0	0.0	0.0	0.0	0.0	0.0	0.0	0.0	0.0	0.0	0.0	0.0	0.0	0.0	0.0	0.0	0.0	0.0	0.0	0.0	0.0	0.0	0.0	0.0	0.0	0.0	0.0	0.0	0.0	0.0	0.0	0.0	0.0	0.0	0.0	0.0	0.0	0.0	0.0	0.0	0.0	0.0	0.0	0.0	0.0	0.0	0.033714999999999995	0.0	0.0	0.0014707	0.0	0.0	0.00148011	0.0	0.0035886799999999995	0.0	0.0	0.011461899999999999	0.0	0.0	0.0022522700000000002	0.0	0.0014056399999999999	0.0	0.00170236	0.0	0.0016262100000000001	0.0	0.0	0.000614607	0.0	0.0	0.0	0.0	0.0	0.0	0.0	0.0	0.00023806699999999998	0.0	0.0	0.0	0.0	0.0	0.0	0.0	0.0	0.0	0.0	0.0	0.0
Hmi-ABas_003-Ex1-03A.clmp.r1r2_fastp	0.276177	0.0930769	0.104097	0.000265555	0.000265555	0.0	0.0	0.0	0.0	0.0	0.0	0.0	0.0009294409999999999	0.00557665	0.026821	0.00331943	0.0009294409999999999	0.0	0.0	0.0	0.0	0.0	0.0019916599999999997	0.0	0.001195	0.0	0.0	0.0	0.000132777	0.0	0.000398332	0.0	0.0	0.00225777	0.0002657	0.00491691	0.0	0.0	0.000532207	0.000266227	0.0	0.0	0.0	0.0	0.0	0.0	0.0	0.0	0.0	0.0	0.0	0.0	0.0	0.0	0.0	0.0	0.0	0.0	0.0	0.0	0.0	0.0	0.0	0.0	0.0	0.0	0.0	0.0	0.0	0.0	0.0	0.0	0.0	0.0	0.0	0.0	0.0	0.0	0.0	0.0	0.0	0.0	0.0	0.0	0.0	0.0	0.0	0.0	0.0	0.0	0.0	0.0	0.0	0.0	0.0	0.0	0.0	0.0	0.0	0.0	0.0	0.0	0.0	0.0	0.0	0.031220599999999998	0.0	0.0	0.00169316	0.0	0.0	0.00110492	0.0	0.0029597499999999997	0.0	0.0	0.0119356	0.0	0.0	0.0015021000000000001	0.0	0.00180973	0.00026269300000000004	0.0005343279999999999	0.0	0.00165696	0.0	0.0	0.000871943	0.0	0.0	0.0	0.0	0.0	0.0	0.0	0.0	0.0	0.0	0.0	0.0	0.0	0.0	0.0	0.0	0.0	0.0	0.0	0.0	0.0
Hmi-ABas_004-Ex1-04A.clmp.r1r2_fastp	0.303613	0.0935894	0.103053	3.6260900000000004e-05	7.252180000000001e-05	0.0	0.0	0.0	0.0	0.0	0.0	0.0	0.00137791	0.00623688	0.028211000000000003	0.00456887	0.00126913	0.0	0.0	0.0	0.0	0.0	0.00275583	0.0	0.00105157	0.0	0.0	0.0	0.0	0.0	0.000507653	0.0	0.0	0.00250303	0.00010887700000000001	0.0067900700000000005	0.0	0.0	0.000145529	0.000582562	0.0	0.0	0.0	0.0	0.0	0.0	0.0	0.0	0.0	0.0	0.0	0.0	0.0	0.0	0.0	0.0	0.0	0.0	0.0	0.0	0.0	0.0	0.0	0.0	0.0	0.0	0.0	0.0	0.0	0.0	0.0	0.0	0.0	0.0	0.0	0.0	4.20221e-05	0.0	0.0	0.0	0.0	0.0	0.0	0.0	0.0	0.0	0.0	4.67963e-05	0.0	0.0	0.0	0.0	0.0	0.0	0.0	0.0	0.0	0.0	0.0	0.0	0.0	0.0	0.0	0.0	0.0	0.035814	0.0	0.0	0.00116589	0.0	0.0	0.00166123	0.0	0.0037435000000000003	0.0	0.0	0.014391	0.0	0.0	0.00235994	0.0	0.00206133	0.0	0.00204669	0.0	0.0020315299999999997	0.0	0.0	0.00040835	0.0	0.0	0.0	0.0	0.0	0.0	0.0	0.0	9.37219e-05	0.0	0.0	0.0	0.0	0.0	0.0	0.0	0.0	0.0	0.0	0.0	0.0
Hmi-ABas_005-Ex1-05A.clmp.r1r2_fastp	0.326677	0.10599299999999999	0.116531	0.000175146	2.91911e-05	0.0	0.0	0.0	0.0	0.0	0.0	0.0	0.0013135999999999998	0.00793997	0.0288408	0.00493329	0.00128441	0.0	0.0	0.0	0.0	0.0	0.0023352900000000003	0.0	0.00102169	0.0	0.0	0.0	0.0	0.0	0.00026272	0.0	0.0	0.00224839	0.00023367800000000002	0.0062238300000000005	0.0	0.0	8.77677e-05	0.0005853950000000001	0.0	0.0	0.0	0.0	0.0	0.0	0.0	0.0	0.0	0.0	0.0	0.0	0.0	0.0	0.0	0.0	0.0	0.0	0.0	0.0	0.0	0.0	0.0	0.0	0.0	0.0	0.0	0.0	0.0	0.0	0.0	0.0	0.0	0.0	0.0	0.0	3.17439e-05	0.0	0.0	0.0	0.0	0.0	0.0	0.0	0.0	0.0	0.0	0.0	0.0	3.4732e-05	0.0	0.0	0.0	0.0	3.6332e-05	0.0	0.0	0.0	0.0	0.0	0.0	0.0	0.0	0.0	0.0	0.034631499999999996	8.2526e-05	0.0	0.00181558	0.0	0.0	0.00170636	0.0	0.0038977699999999996	0.0	4.59665e-05	0.0138315	0.0	0.0	0.0026616400000000003	0.0	0.00144085	0.000100689	0.0017865700000000001	0.0	0.0019935499999999997	0.0	0.0	0.000710733	0.0	0.0	0.0	0.0	0.0	0.0	0.0	0.0	0.00012495	0.0	0.0	0.0	0.0	0.0	0.0	0.0	0.0	0.0	0.0	0.0	0.0
Hmi-ABas_006-Ex1-06A.clmp.r1r2_fastp	0.31590799999999997	0.102665	0.11409600000000002	0.000146559	0.0	0.0	0.0	0.0	0.0	0.0	0.0	0.0	0.0012457500000000001	0.006778350000000001	0.027589699999999998	0.00512956	0.00113583	0.0	0.0	0.0	0.0	0.0	0.0030777400000000002	0.0	0.00106255	0.0	0.0	0.0	0.000146559	0.0	0.000329758	0.0	0.0	0.00263888	0.000329962	0.00561117	0.0	0.0	0.00022030299999999998	0.0005142790000000001	0.0	0.0	0.0	0.0	0.0	0.0	0.0	0.0	0.0	0.0	0.0	0.0	0.0	0.0	0.0	0.0	0.0	0.0	0.0	0.0	0.0	0.0	0.0	0.0	0.0	0.0	0.0	0.0	0.0	0.0	0.0	0.0	0.0	0.0	0.0	0.0	0.000119296	0.0	0.0	0.0	0.0	0.0	0.0	0.0	0.0	0.0	0.0	0.0	0.0	0.0	0.0	0.0	0.0	0.0	0.0	0.0	0.0	0.0	0.0	0.0	0.0	0.0	0.0	0.0	0.0	0.0308657	0.00010125600000000001	0.0	0.00129195	0.0	0.0	0.0013350600000000001	5.40068e-05	0.0037678800000000004	0.0	0.0	0.012157000000000001	0.0	0.0	0.0018171700000000001	0.0	0.0009008530000000001	6.07826e-05	0.00147729	0.0	0.0009472470000000001	0.0	0.0	0.000328622	0.0	0.0	0.0	0.0	0.0	0.0	0.0	0.0	0.000149489	0.0	0.0	0.0	0.0	0.0	0.0	0.0	0.0	0.0	0.0	0.0	0.0
Hmi-ABas_007-Ex1-07A.clmp.r1r2_fastp	0.30068500000000004	0.100302	0.111149	0.00021987900000000003	3.66465e-05	0.0	0.0	0.0	0.0	0.0	0.0	0.0	0.0017223899999999999	0.006742959999999999	0.0301235	0.00491064	0.000769577	0.0	0.0	0.0	0.0	0.0	0.00263855	0.0	0.00124598	0.0	0.0	0.0	0.0	0.0	0.000549698	0.0	0.0	0.0024559	0.000109992	0.00513426	0.0	0.0	0.000367068	0.000624216	0.0	0.0	0.0	0.0	0.0	0.0	0.0	0.0	0.0	0.0	0.0	0.0	0.0	0.0	0.0	0.0	0.0	0.0	0.0	0.0	0.0	0.0	0.0	0.0	0.0	0.0	0.0	0.0	0.0	0.0	0.0	0.0	0.0	0.0	0.0	0.0	0.0	0.0	0.0	0.0	0.0	0.0	0.0	0.0	0.0	0.0	0.0	0.0	0.0	0.0	0.0	0.0	0.0	0.0	0.0	0.0	0.0	0.0	0.0	0.0	0.0	0.0	0.0	0.0	0.0	0.030098499999999997	4.74029e-05	0.0	0.00164296	0.0	0.0	0.00109533	0.0	0.00299904	0.0	0.0	0.0110714	0.0	0.0	0.00173369	0.0	0.0014948	5.5998199999999995e-05	0.00124697	0.0	0.0016248599999999999	0.0	0.0	0.000360896	0.0	0.0	0.0	0.0	0.0	0.0	0.0	0.0	0.000203316	0.0	0.0	0.0	0.0	0.0	0.0	0.0	0.0	0.0	0.0	0.0	0.0
Hmi-ABas_008-Ex1-08A.clmp.r1r2_fastp	0.281685	0.0958218	0.110823	0.00021278000000000003	0.0	0.0	0.0	0.0	0.0	0.0	0.0	0.0	0.0013121399999999998	0.00648978	0.0279096	0.004574760000000001	0.000815656	0.0	0.0	0.0	0.0	0.0	0.00180863	0.0	0.0011348299999999999	0.0	0.0	3.54633e-05	3.54633e-05	0.0	0.00046102299999999997	0.0	0.0	0.00202222	7.09846e-05	0.0055393199999999995	0.0	0.0	0.000248961	0.00046266	0.0	0.0	0.0	0.0	0.0	0.0	0.0	0.0	0.0	0.0	0.0	0.0	0.0	0.0	0.0	0.0	0.0	0.0	0.0	0.0	0.0	0.0	0.0	0.0	0.0	0.0	0.0	0.0	0.0	0.0	0.0	0.0	0.0	0.0	0.0	0.0	0.0	0.0	0.0	0.0	0.0	0.0	0.0	0.0	0.0	0.0	0.0	4.12853e-05	0.0	0.0	0.0	0.0	0.0	0.0	0.0	0.0	0.0	0.0	0.0	0.0	0.0	0.0	4.64356e-05	0.0	0.0	0.0316077	0.0	0.0	0.00161718	0.0	0.0	0.00136188	5.09422e-05	0.0036011899999999998	0.0	5.2524999999999996e-05	0.0112516	0.0	0.0	0.00197226	0.0	0.00145484	0.0	0.00143021	0.0	0.0014628500000000001	0.0	0.0	0.000727662	0.0	0.0	0.0	0.0	0.0	0.0	0.0	0.0	0.000272757	0.0	0.0	0.0	0.0	0.0	0.0	0.0	0.0	0.0	0.0	0.0	0.0
Hmi-ABas_009-Ex1-09A.clmp.r1r2_fastp	0.318398	0.10100899999999999	0.108548	0.000166613	6.24799e-05	0.0	0.0	0.0	0.0	0.0	0.0	0.0	0.00118712	0.00697692	0.0281576	0.00531079	0.00110381	0.0	0.0	0.0	0.0	0.0	0.00293656	0.0	0.00118712	0.0	0.0	0.0	0.00010413300000000001	0.0	0.000395706	0.0	0.0	0.00210402	0.00018753499999999999	0.00541932	0.0	0.0	0.000229523	0.00041748299999999996	0.0	0.0	0.0	0.0	0.0	0.0	0.0	4.19373e-05	0.0	0.0	0.0	0.0	0.0	0.0	0.0	0.0	0.0	0.0	0.0	0.0	0.0	0.0	0.0	0.0	0.0	0.0	0.0	0.0	0.0	0.0	0.0	0.0	0.0	0.0	0.0	0.0	4.4916199999999995e-05	0.0	0.0	0.0	0.0	0.0	0.0	0.0	0.0	0.0	0.0	0.0	0.0	2.4321200000000004e-05	0.0	0.0	0.0	0.0	0.0	0.0	0.0	0.0	0.0	0.0	0.0	0.0	0.0	0.0	0.0	0.0327524	5.62901e-05	0.0	0.00114744	0.0	0.0	0.0012117500000000002	2.9855300000000002e-05	0.00352927	0.0	3.0809400000000004e-05	0.011392	0.0	0.0	0.00186558	0.0	0.0014153400000000002	9.9868e-05	0.00114485	0.0	0.00137961	0.0	0.0	0.000357443	0.0	0.0	0.0	0.0	0.0	0.0	0.0	0.0	0.00016048	0.0	0.0	0.0	0.0	0.0	0.0	0.0	0.0	0.0	0.0	0.0	0.0
Hmi-ABas_010-Ex1-10A.clmp.r1r2_fastp	0.28012699999999996	0.09563440000000001	0.109709	0.000160393	4.00983e-05	0.0	0.0	0.0	0.0	0.0	0.0	0.0	0.0010024600000000002	0.00689691	0.0284297	0.00537317	0.00128315	0.0	0.0	0.0	0.0	0.0	0.0024860900000000003	0.0	0.00132324	0.0	0.0	0.0	4.00983e-05	0.0	0.000441081	0.0	0.0	0.0023263	0.000160474	0.0056181	0.0	0.0	0.00028117800000000004	0.000602774	0.0	0.0	0.0	0.0	0.0	0.0	0.0	4.04071e-05	0.0	0.0	0.0	0.0	0.0	0.0	0.0	0.0	0.0	0.0	0.0	0.0	0.0	0.0	0.0	0.0	0.0	0.0	0.0	0.0	0.0	0.0	0.0	0.0	0.0	0.0	0.0	0.0	0.0	0.0	0.0	0.0	0.0	0.0	0.0	0.0	0.0	0.000146162	0.0	0.0	0.0	0.0	0.0	0.0	0.0	0.0	0.0	0.0	0.0	0.0	0.0	0.0	0.0	0.0	6.11602e-05	0.0	0.0	0.0322616	0.0	0.0	0.00148279	6.85803e-05	0.0	0.00149164	0.0	0.00360919	0.0	0.0	0.0107229	0.0	0.0	0.0015622799999999999	0.0	0.00153667	8.71362e-05	0.00124489	0.0	0.00185052	0.0	0.0	0.000393195	0.0	0.0	0.0	0.0	0.0	0.0	0.0	0.0	0.0	0.0	0.0	0.0	0.0	0.0	0.0	0.0	0.0	0.0	0.0	0.0	0.0
Hmi-ABas_011-Ex1-11A.clmp.r1r2_fastp	0.30195	0.105694	0.11158699999999999	0.00013195199999999999	8.7968e-05	0.0	0.0	0.0	0.0	0.0	0.0	0.0	0.0012315499999999999	0.00725736	0.0270942	0.00541003	0.0013635000000000001	0.0	0.0	0.0	0.0	0.0	0.00255107	0.0	0.00145147	0.0	0.0	0.0	0.00013195199999999999	0.0	0.00039585600000000004	0.0	0.0	0.00211167	0.000220017	0.006778350000000001	0.0	0.0	8.81237e-05	0.000793461	0.0	0.0	0.0	0.0	0.0	0.0	0.0	0.0	0.0	0.0	0.0	0.0	0.0	0.0	0.0	0.0	0.0	0.0	0.0	0.0	0.0	0.0	0.0	0.0	0.0	0.0	0.0	0.0	0.0	0.0	0.0	0.0	0.0	0.0	0.0	0.0	4.963430000000001e-05	0.0	0.0	0.0	0.0	0.0	0.0	0.0	0.0	5.40948e-05	0.0	0.0	0.0	0.0	0.0	0.0	0.0	0.0	0.0	0.0	0.0	0.0	0.0	0.0	0.0	0.0	0.0	0.0	0.0	0.0356469	0.0	0.0	0.0018114999999999997	0.0	0.0	0.0010329100000000002	0.0	0.00362402	0.0	0.0	0.0161789	0.0	0.0	0.0020214	0.0	0.0015252	0.0	0.0018824299999999998	0.0	0.0012357800000000001	0.0	0.0	0.000218513	0.0	0.0	0.0	0.0	0.0	0.0	0.0	0.0	0.000131482	0.0	0.0	0.0	0.0	0.0	0.0	0.0	0.0	0.0	0.0	0.0	0.0
Hmi-ABas_012-Ex1-12A.clmp.r1r2_fastp	0.264636	0.11578000000000001	0.116683	0.000167216	0.00013377299999999998	0.0	0.0	0.0	0.0	0.0	0.0	0.0	0.00143806	0.00799292	0.029496900000000003	0.00568534	0.0012374	0.0	0.0	0.0	0.0	0.0	0.00264201	0.0	0.000969852	0.0	0.0	0.0	6.68864e-05	0.0	0.000200659	0.0	0.0	0.00254234	0.000334621	0.0062599299999999995	0.0	0.0	0.00020117199999999998	0.000570394	0.0	0.0	0.0	0.0	0.0	0.0	0.0	0.0	0.0	0.0	0.0	0.0	0.0	0.0	0.0	0.0	0.0	0.0	0.0	0.0	0.0	0.0	0.0	0.0	0.0	0.0	0.0	0.0	0.0	0.0	0.0	0.0	0.0	0.0	0.0	0.0	3.88402e-05	0.0	0.0	0.0	0.0	0.0	0.0	0.0	0.0	0.0	0.0	4.3816e-05	0.0	0.0	0.0	0.0	0.0	0.0	0.0	0.0	0.0	0.0	0.0	0.0	0.0	0.0	0.0	0.0	0.0	0.0379701	5.99835e-05	0.0	0.0015602	0.0	0.0	0.00152328	0.0	0.0035179099999999995	0.0	0.0	0.014199300000000002	0.0	0.0	0.00211657	0.0	0.00139135	0.0	0.0012824099999999999	0.0	0.00160784	0.0	0.0	0.000859553	0.0	0.0	0.0	0.0	0.0	0.0	0.0	0.0	0.000117981	0.0	0.0	0.0	0.0	0.0	0.0	0.0	0.0	0.0	0.0	0.0	0.0
Hmi-ABas_013-Ex1-01B.clmp.r1r2_fastp	0.298574	0.0982516	0.107482	0.000159138	6.3655e-05	0.0	0.0	0.0	0.0	0.0	0.0	0.0	0.0010821399999999999	0.00709754	0.0281992	0.00490144	0.0011457899999999998	0.0	0.0	0.0	0.0	0.0	0.00270534	0.0	0.000986653	0.0	0.0	3.18275e-05	0.0	0.0	0.000222793	0.0	0.0	0.0021010599999999996	0.000191054	0.0053509099999999995	0.0	0.0	9.56455e-05	0.000765497	0.0	0.0	0.0	0.0	0.0	0.0	0.0	6.40822e-05	0.0	0.0	0.0	0.0	0.0	0.0	0.0	0.0	0.0	0.0	0.0	0.0	0.0	0.0	0.0	0.0	3.2758799999999995e-05	0.0	0.0	0.0	0.0	0.0	0.0	0.0	0.0	0.0	0.0	0.0	0.0	0.0	0.0	0.0	0.0	0.0	0.0	0.0	0.0	0.0	0.0	0.0	0.0	7.233209999999999e-05	0.0	0.0	0.0	0.0	0.0	0.0	0.0	0.0	0.0	0.0	0.0	0.0	0.0	0.0	0.0	0.032307100000000005	0.0	0.0	0.0017873899999999998	0.0	0.0	0.00145061	0.0	0.00317198	0.0	0.0	0.0124198	0.0	0.0	0.0021609800000000003	0.0	0.00140828	0.0	0.0008627050000000001	0.0	0.0020082	0.0	0.0	0.00055691	0.0	0.0	0.0	0.0	0.0	0.0	0.0	0.0	5.6298e-05	0.0	0.0	0.0	0.0	0.0	0.0	0.0	0.0	0.0	0.0	0.0	0.0
Hmi-ABas_014-Ex1-02B.clmp.r1r2_fastp	0.29707100000000003	0.0937058	0.105318	0.000249273	4.1545500000000004e-05	0.0	0.0	0.0	0.0	0.0	0.0	0.0	0.00132946	0.00635646	0.025280399999999998	0.00419609	0.000955546	0.0	0.0	0.0	0.0	0.0	0.00218114	0.0	0.00110096	0.0	0.0	0.0	4.1545500000000004e-05	0.0	0.000415455	0.0	0.0	0.0022648	0.000290963	0.00480223	0.0	0.0	0.00033292	0.000353847	0.0	0.0	0.0	0.0	0.0	0.0	0.0	2.08939e-05	0.0	0.0	0.0	0.0	0.0	0.0	0.0	0.0	0.0	0.0	0.0	0.0	0.0	0.0	0.0	0.0	0.0	0.0	0.0	0.0	0.0	0.0	0.0	0.0	0.0	0.0	0.0	0.0	6.58471e-05	0.0	0.0	0.0	0.0	0.0	0.0	0.0	0.0	0.0	0.0	0.0	0.0	2.32032e-05	0.0	0.0	0.0	0.0	0.0	0.0	0.0	0.0	0.0	0.0	0.0	0.0	0.0	0.0	0.0	0.029393399999999997	0.0	0.0	0.00159449	0.0	0.0	0.00155028	0.0	0.00330956	0.0	0.0	0.0118608	0.0	0.0	0.00196559	0.0	0.000898292	5.8477900000000005e-05	0.00126861	0.0	0.00126241	0.0	0.0	0.00065024	0.0	0.0	0.0	0.0	0.0	0.0	0.0	0.0	0.00023893000000000002	0.0	0.0	0.0	0.0	0.0	0.0	0.0	0.0	0.0	0.0	0.0	0.0
Hmi-ABas_015-Ex1-03B.clmp.r1r2_fastp	0.302699	0.0980508	0.108633	9.2559e-05	9.2559e-05	0.0	0.0	0.0	0.0	0.0	0.0	0.0	0.0014809399999999998	0.00666425	0.0263485	0.00481307	0.000647913	0.0	0.0	0.0	0.0	0.0	0.00197459	0.0	0.001049	0.0	0.0	3.0853000000000004e-05	0.00012341200000000002	0.0	0.000370236	0.0	0.0	0.00163558	0.000339549	0.00472442	0.0	0.0	0.000154575	0.00046394400000000004	0.0	0.0	0.0	0.0	0.0	0.0	0.0	3.11024e-05	0.0	0.0	0.0	0.0	0.0	0.0	0.0	0.0	0.0	0.0	0.0	0.0	0.0	0.0	0.0	0.0	0.0	0.0	0.0	0.0	0.0	0.0	0.0	0.0	0.0	0.0	0.0	0.0	6.6882e-05	0.0	0.0	0.0	0.0	0.0	0.0	0.0	0.0	0.0	0.0	0.0	0.0	3.60648e-05	0.0	0.0	0.0	0.0	0.0	0.0	0.0	0.0	0.0	0.0	0.0	0.0	3.9848299999999996e-05	0.0	0.0	0.0289565	0.0	0.0	0.00134375	0.0	0.0	0.000992646	0.0	0.00219836	0.0	0.0	0.0115716	0.0	0.0	0.00116391	0.0	0.00132818	4.7882599999999995e-05	0.0009187970000000001	0.0	0.00143015	0.0	0.0	0.0005088110000000001	0.0	0.0	0.0	0.0	0.0	0.0	0.0	0.0	0.0	0.0	0.0	0.0	0.0	0.0	0.0	0.0	0.0	0.0	0.0	0.0	0.0
Hmi-ABas_016-Ex1-04B.clmp.r1r2_fastp	0.316876	0.0971674	0.10734900000000001	8.01711e-05	0.000120257	0.0	0.0	0.0	0.0	0.0	0.0	0.0	0.00140299	0.00649386	0.0291422	0.00521112	0.00100214	0.0	0.0	0.0	0.0	0.0	0.0024853	0.0	0.00116248	0.0	0.0	4.00855e-05	0.000120257	0.0	0.000521112	0.0	0.0	0.00304738	0.000360982	0.006178540000000001	0.0	0.0	0.000321307	0.000602681	0.0	0.0	0.0	0.0	0.0	0.0	0.0	4.03654e-05	0.0	0.0	0.0	0.0	0.0	0.0	0.0	0.0	0.0	0.0	0.0	0.0	0.0	0.0	0.0	0.0	0.0	0.0	0.0	0.0	0.0	0.0	0.0	0.0	0.0	0.0	0.0	0.0	0.0	0.0	0.0	0.0	0.0	0.0	0.0	0.0	0.0	0.0	0.0	4.5939900000000004e-05	0.0	9.31687e-05	0.0	0.0	0.0	0.0	0.0	0.0	0.0	0.0	0.0	0.0	0.0	0.0	5.18624e-05	0.0	0.0	0.0338964	5.37953e-05	0.0	0.0017001800000000001	0.0	0.0	0.0014685	5.70574e-05	0.00374643	0.0	5.88462e-05	0.013621799999999998	0.0	0.0	0.00233427	0.0	0.00131876	6.347810000000001e-05	0.00186281	0.0	0.0014447899999999998	0.0	0.0	0.000612247	0.0	0.0	0.0	0.0	0.0	0.0	0.0	0.0	0.000153017	0.0	0.0	0.0	0.0	0.0	0.0	0.0	0.0	0.0	0.0	0.0	0.0
Hmi-ABas_017-Ex1-05B.clmp.r1r2_fastp	0.320982	0.10488299999999999	0.114961	0.000137678	8.26067e-05	0.0	0.0	0.0	0.0	0.0	0.0	0.0	0.0010463500000000001	0.00693896	0.028802199999999997	0.00391005	0.000963745	0.0	0.0	0.0	0.0	0.0	0.00308398	0.0	0.00137678	0.0	0.0	0.0	0.000137678	0.0	0.000330427	0.0	0.0	0.0025340199999999997	0.000247962	0.0067522500000000004	0.0	0.0	0.000110365	0.000634866	0.0	0.0	0.0	0.0	0.0	0.0	0.0	2.7725599999999998e-05	0.0	0.0	0.0	0.0	0.0	0.0	0.0	0.0	0.0	0.0	0.0	0.0	0.0	0.0	0.0	0.0	0.0	0.0	0.0	0.0	0.0	0.0	0.0	0.0	0.0	0.0	0.0	0.0	0.0	0.0	0.0	0.0	0.0	0.0	0.0	0.0	0.0	6.149049999999999e-05	0.0	9.3368e-05	0.0	9.45482e-05	0.0	0.0	0.0	0.0	0.0	0.0	0.0	0.0	0.0	0.0	0.0	0.0	0.0	0.0	0.0	0.0350957	0.0	0.0	0.00132542	0.0	0.0	0.00151635	0.00011489900000000001	0.00386921	0.0	0.0	0.0127407	0.0	4.0834800000000004e-05	0.00222845	0.0	0.00194225	4.26933e-05	0.0015550499999999999	0.0	0.00225515	0.0	0.0	0.00022934	0.0	0.0	0.0	0.0	0.0	0.0	0.0	0.0	0.000103618	0.0	0.0	0.0	0.0	0.0	0.0	0.0	0.0	0.0	0.0	0.0	0.0
Hmi-ABas_018-Ex1-06B.clmp.r1r2_fastp	0.294334	0.09694019999999999	0.110789	0.00017054899999999998	0.000136439	0.0	0.0	0.0	0.0	0.0	0.0	0.0	0.00105741	0.006412660000000001	0.0265375	0.00480949	0.000989186	0.0	0.0	0.0	0.0	0.0	0.00228536	0.0	0.00129617	0.0	0.0	0.0	0.0	0.0	0.000545758	0.0	0.0	0.00221761	0.00020475	0.0058712799999999996	0.0	0.0	0.00027332	0.000649368	0.0	0.0	0.0	0.0	0.0	0.0	0.0	0.000102826	0.0	0.0	0.0	0.0	0.0	0.0	0.0	0.0	0.0	0.0	0.0	0.0	0.0	0.0	0.0	0.0	0.0	0.0	0.0	0.0	0.0	0.0	0.0	0.0	0.0	0.0	0.0	0.0	0.0	0.0	0.0	0.0	0.0	0.0	0.0	0.0	0.0	0.0	0.0	0.0	0.0	0.000111135	0.0	0.0	0.0	0.0	0.0	0.0	0.0	0.0	0.0	0.0	0.0	0.0	3.9554699999999996e-05	0.0	0.0	0.0302695	0.0	0.0	0.0020511	0.0	0.0	0.0012972	0.0	0.0035639799999999996	0.0	0.0	0.0116198	0.0	0.0	0.00195028	0.0	0.00166552	9.07487e-05	0.00128026	0.0	0.00157976	0.0	0.0	0.0005243099999999999	0.0	0.0	0.0	0.0	0.0	0.0	0.0	0.0	0.000155893	0.0	0.0	0.0	0.0	0.0	0.0	0.0	0.0	0.0	0.0	0.0	0.0
Hmi-ABas_019-Ex1-07B.clmp.r1r2_fastp	0.31345	0.10100300000000001	0.108752	0.000125783	0.000100626	0.0	0.0	0.0	0.0	0.0	0.0	0.0	0.00125783	0.00603756	0.0271187	0.0047545800000000004	0.000930791	0.0	0.0	0.0	0.0	0.0	0.00236471	0.0	0.0013333	0.0	0.0	0.0	0.000100626	0.0	0.00047797400000000004	0.0	0.0	0.00191243	0.000251704	0.004707960000000001	0.0	0.0	0.00015119300000000001	0.000378095	0.0	0.0	0.0	0.0	0.0	0.0	0.0	0.0	0.0	0.0	0.0	0.0	0.0	0.0	0.0	0.0	0.0	0.0	0.0	0.0	0.0	0.0	0.0	0.0	0.0	0.0	0.0	0.0	0.0	0.0	0.0	0.0	0.0	0.0	0.0	0.0	0.0	0.0	0.0	0.0	0.0	0.0	0.0	0.0	0.0	0.0	0.0	5.39918e-05	0.0	2.7214e-05	0.0	0.0	0.0	0.0	2.7825e-05	0.0	0.0	0.0	0.0	0.0	0.0	0.0	0.0	0.0	0.0	0.0285229	0.0	0.0	0.00162432	0.0	0.0	0.00171735	6.17469e-05	0.00351198	0.0	3.15284e-05	0.0110212	0.0	6.44669e-05	0.0020784999999999996	0.0	0.00145083	6.645650000000001e-05	0.00100519	0.0	0.0016011900000000002	0.0	0.0	0.0005939539999999999	0.0	0.0	0.0	0.0	0.0	0.0	0.0	0.0	7.6168e-05	0.0	0.0	0.0	0.0	0.0	0.0	0.0	0.0	0.0	0.0	0.0	0.0
Hmi-ABas_020-Ex1-08B.clmp.r1r2_fastp	0.280437	0.09791839999999999	0.10920700000000001	0.000221965	0.00015854699999999998	0.0	0.0	0.0	0.0	0.0	0.0	0.0	0.00104641	0.0057076800000000006	0.026001699999999996	0.00507349	0.0010146999999999999	0.0	0.0	0.0	0.0	0.0	0.0021879399999999998	0.0	0.00098299	0.0	0.0	0.0	3.1709300000000005e-05	0.0	0.000317093	0.0	0.0	0.00202993	9.51803e-05	0.00529979	0.0	0.0	0.000158836	0.000603819	0.0	0.0	0.0	0.0	0.0	0.0	0.0	3.19027e-05	0.0	0.0	0.0	0.0	0.0	0.0	0.0	0.0	0.0	0.0	0.0	0.0	0.0	0.0	0.0	0.0	0.0	0.0	0.0	0.0	0.0	0.0	0.0	0.0	0.0	0.0	0.0	0.0	3.33821e-05	0.0	0.0	0.0	0.0	0.0	0.0	0.0	0.0	0.0	0.0	3.4808700000000004e-05	0.0	3.51427e-05	0.0	0.0	0.0	0.0	0.0	0.0	0.0	0.0	0.0	0.0	0.0	0.0	0.0	0.0	0.0	0.029894200000000003	0.0	0.0	0.00142006	0.0	0.0	0.0013714999999999999	0.0	0.00282729	0.0	0.0	0.0117911	0.0	0.0	0.0019817	0.0	0.00192934	4.42531e-05	0.00102698	0.0	0.00168297	0.0	0.0	0.00023417500000000001	0.0	0.0	0.0	0.0	0.0	0.0	0.0	0.0	0.0	0.0	0.0	0.0	0.0	0.0	0.0	0.0	0.0	0.0	0.0	0.0	0.0
Hmi-ABas_021-Ex1-09B.clmp.r1r2_fastp	0.296682	0.092328	0.100467	9.63255e-05	4.81627e-05	0.0	0.0	0.0	0.0	0.0	0.0	0.0	0.00101142	0.006646459999999999	0.026778499999999997	0.004142	0.0010595799999999999	0.0	0.0	0.0	0.0	0.0	0.00226365	0.0	0.00101142	0.0	0.0	0.0	4.81627e-05	0.0	0.000288976	0.0	0.0	0.0015419099999999999	0.000241055	0.0038587400000000003	0.0	0.0	0.000144937	0.000338362	0.0	0.0	0.0	0.0	0.0	0.0	0.0	0.0	0.0	0.0	0.0	0.0	0.0	0.0	0.0	0.0	0.0	0.0	0.0	0.0	0.0	0.0	0.0	0.0	0.0	0.0	0.0	0.0	0.0	0.0	0.0	0.0	0.0	0.0	0.0	0.0	5.1347499999999996e-05	0.0	0.0	0.0	0.0	0.0	0.0	0.0	0.0	0.0	0.0	0.0	0.0	0.0	0.0	0.0	0.0	0.0	0.0	0.0	0.0	0.0	0.0	0.0	0.0	0.0	0.0	0.0	0.0	0.0309142	0.00012493499999999998	0.0	0.0015901099999999998	0.0	0.0	0.000654418	0.000132134	0.00240022	0.0	0.0	0.011966899999999999	0.0	0.0	0.0012055100000000001	0.0	0.00101417	0.0	0.000814685	0.0	0.0013641900000000002	0.0	0.0	0.000235405	0.0	0.0	0.0	0.0	0.0	0.0	0.0	0.0	8.793310000000001e-05	0.0	0.0	0.0	0.0	0.0	0.0	0.0	0.0	0.0	0.0	0.0	0.0
Hmi-ABas_022-Ex1-10B.clmp.r1r2_fastp	0.27217	0.090107	0.0989607	0.00016811000000000002	0.00016811000000000002	0.0	0.0	0.0	0.0	0.0	0.0	0.0	0.0008965869999999999	0.00661233	0.0257769	0.0043148200000000005	0.00117677	0.0	0.0	0.0	0.0	0.0	0.00145695	0.0	0.0008405499999999999	0.0	0.0	0.0	0.0	0.0	0.00044829300000000005	0.0	0.0	0.00201782	0.000168197	0.00476733	0.0	0.0	0.000224585	0.000112334	0.0	0.0	0.0	0.0	0.0	0.0	0.0	0.0	0.0	0.0	0.0	0.0	0.0	0.0	0.0	0.0	0.0	0.0	0.0	0.0	0.0	0.0	0.0	0.0	0.0	0.0	0.0	0.0	0.0	0.0	0.0	0.0	0.0	0.0	0.0	0.0	0.0	0.0	0.0	0.0	0.0	0.0	0.0	0.0	0.0	0.0	0.0	6.2939e-05	0.0	0.0	0.0	0.0	0.0	0.0	0.0	0.0	0.0	0.0	0.0	0.0	0.0	0.0	0.0	0.0	0.0	0.026896500000000004	7.17278e-05	0.0	0.00116643	0.0	0.0	0.0009711120000000001	0.0	0.00212754	0.0	0.0	0.0110785	0.0	0.0	0.00112217	0.0	0.000980175	0.0	0.0011656499999999998	0.0	0.0010190800000000001	0.0	0.0	0.000350196	0.0	0.0	0.0	0.0	0.0	0.0	0.0	0.0	0.0	0.0	0.0	0.0	0.0	0.0	0.0	0.0	0.0	0.0	0.0	0.0	0.0
Hmi-ABas_023-Ex1-11B.clmp.r1r2_fastp	0.299435	0.10094800000000001	0.108214	0.00012746	9.5595e-05	0.0	0.0	0.0	0.0	0.0	0.0	0.0	0.00130646	0.0065004600000000004	0.028359799999999998	0.00519399	0.00101968	0.0	0.0	0.0	0.0	0.0	0.0021030899999999997	0.0	0.00124273	0.0	0.0	0.0	6.373e-05	0.0	0.00038238	0.0	0.0	0.00175301	0.000255036	0.005165680000000001	0.0	0.0	0.000127655	0.00060655	0.0	0.0	0.0	0.0	0.0	0.0	0.0	0.0	0.0	0.0	0.0	0.0	0.0	0.0	0.0	0.0	0.0	0.0	0.0	0.0	0.0	0.0	0.0	0.0	0.0	0.0	0.0	0.0	0.0	0.0	0.0	0.0	0.0	0.0	0.0	0.0	0.000100405	0.0	0.0	0.0	0.0	0.0	0.0	0.0	0.0	3.4714999999999995e-05	0.0	3.50725e-05	0.0	3.5466199999999996e-05	0.0	0.0	0.0	0.0	3.65519e-05	0.0	0.0	0.0	0.0	0.0	0.0	0.0	0.0	0.0	0.0	0.0318942	3.98908e-05	0.0	0.00125713	0.0	0.0	0.00145736	8.40018e-05	0.0036032599999999996	0.0	0.0	0.012208799999999999	0.0	4.447e-05	0.00220039	0.0	0.00141949	0.0	0.0010277	0.0	0.0016219099999999998	0.0	0.0	0.000147763	0.0	0.0	0.0	0.0	0.0	5.2811499999999994e-05	0.0	0.0	5.4812500000000004e-05	0.0	0.0	0.0	5.81835e-05	0.0	0.0	0.0	0.0	0.0	0.0	0.0	0.0
Hmi-ABas_024-Ex1-12B.clmp.r1r2_fastp	0.268412	0.105177	0.110078	0.00031361100000000004	7.84028e-05	0.0	0.0	0.0	0.0	0.0	0.0	0.0	0.00121524	0.0068210400000000004	0.0274018	0.0048217699999999995	0.00133285	0.0	0.0	0.0	0.0	0.0	0.00246969	0.0	0.0014112500000000002	0.0	0.0	0.0	3.92014e-05	0.0	0.000588021	0.0	0.0	0.0019213400000000001	7.84394e-05	0.00482526	0.0	0.0	0.000274894	0.000432167	0.0	0.0	0.0	0.0	0.0	0.0	0.0	0.0	0.0	0.0	0.0	0.0	0.0	0.0	0.0	0.0	0.0	0.0	0.0	0.0	0.0	0.0	0.0	0.0	0.0	0.0	0.0	0.0	0.0	0.0	0.0	0.0	0.0	0.0	0.0	0.0	4.23618e-05	0.0	0.0	0.0	0.0	0.0	0.0	0.0	0.0	4.46358e-05	0.0	4.52576e-05	0.0	0.0	0.0	0.0	0.0	0.0	0.0	0.0	0.0	0.0	0.0	0.0	0.0	0.0	0.0	0.0	0.0	0.030396	0.0	0.0	0.0015834599999999999	0.0	0.0	0.00180264	5.69228e-05	0.00350997	0.0	0.0	0.011172	0.0	6.0764700000000005e-05	0.00258223	0.0	0.00188773	0.0	0.00103014	0.0	0.00197744	0.0	0.0	0.000341645	0.0	0.0	0.0	0.0	0.0	0.0	0.0	0.0	0.000306526	0.0	0.0	0.0	0.0	0.0	0.0	0.0	0.0	0.0	0.0	0.0	0.0
Hmi-ABas_026-Ex1-02C.clmp.r1r2_fastp	0.116144	0.0286589	0.0377091	0.0	0.0	0.0	0.0	0.0	0.0	0.0	0.0	0.0	0.0	0.00603346	0.00905018	0.00150836	0.0	0.0	0.0	0.0	0.0	0.0	0.0	0.0	0.0	0.0	0.0	0.0	0.0	0.0	0.0	0.0	0.0	0.0015086099999999999	0.0	0.0030178699999999998	0.0	0.0	0.0	0.0	0.0	0.0	0.0	0.0	0.0	0.0	0.0	0.0	0.0	0.0	0.0	0.0	0.0	0.0	0.0	0.0	0.0	0.0	0.0	0.0	0.0	0.0	0.0	0.0	0.0	0.0	0.0	0.0	0.0	0.0	0.0	0.0	0.0	0.0	0.0	0.0	0.0	0.0	0.0	0.0	0.0	0.0	0.0	0.0	0.0	0.0	0.0	0.0	0.0	0.0	0.0	0.0	0.0	0.0	0.0	0.0	0.0	0.0	0.0	0.0	0.0	0.0	0.0	0.0	0.0	0.006172459999999999	0.0	0.0	0.0	0.0	0.0	0.0	0.0	0.00228238	0.0	0.0	0.00238152	0.0	0.0	0.00249116	0.0	0.00256746	0.0	0.00264438	0.0	0.0	0.0	0.0	0.0	0.0	0.0	0.0	0.0	0.0	0.0	0.0	0.0	0.0	0.0	0.0	0.0	0.0	0.0	0.0	0.0	0.0	0.0	0.0	0.0	0.0
Hmi-ABas_028-Ex1-04C.clmp.r1r2_fastp	0.320968	0.103097	0.11495100000000001	0.000177448	0.0	0.0	0.0	0.0	0.0	0.0	0.0	0.0	0.00138409	0.00713341	0.0292789	0.00532344	0.0007807710000000001	0.0	0.0	0.0	0.0	0.0	0.0021648600000000002	0.0	0.0012421399999999999	0.0	0.0	0.0	3.54896e-05	0.0	0.000354896	0.0	0.0	0.00227178	0.00010652	0.00568266	0.0	0.0	0.00010665099999999999	0.000533443	0.0	0.0	0.0	0.0	0.0	0.0	0.0	0.0	0.0	0.0	0.0	0.0	0.0	0.0	0.0	0.0	0.0	0.0	0.0	0.0	0.0	0.0	0.0	0.0	0.0	0.0	0.0	0.0	0.0	0.0	0.0	0.0	0.0	0.0	0.0	0.0	3.78264e-05	0.0	0.0	0.0	0.0	0.0	0.0	0.0	0.0	0.0	0.0	0.0	0.0	0.0	0.0	0.0	0.0	0.0	0.0	0.0	0.0	0.0	0.0	0.0	0.0	0.0	0.0	0.0	0.0	0.0344343	0.0	0.0	0.0011902	0.0	0.0	0.00122675	4.96084e-05	0.0030587699999999997	0.0	0.0	0.0117103	0.0	0.0	0.00214452	0.0	0.00126248	5.55613e-05	0.001575	0.0	0.0014428499999999999	0.0	0.0	0.000419999	0.0	0.0	0.0	0.0	0.0	0.0	0.0	0.0	0.000136614	0.0	0.0	0.0	0.0	0.0	0.0	0.0	0.0	0.0	0.0	0.0	0.0
Hmi-ABas_030-Ex1-06C.clmp.r1r2_fastp	0.308351	0.099383	0.108332	0.00012784	5.11361e-05	0.0	0.0	0.0	0.0	0.0	0.0	0.0	0.00102272	0.00715905	0.0285084	0.0049602	0.000946018	0.0	0.0	0.0	0.0	0.0	0.00235226	0.0	0.00109943	0.0	0.0	0.0	5.11361e-05	0.0	0.000485793	0.0	0.0	0.00227619	0.00017907	0.00568084	0.0	0.0	0.000179293	0.0003587	0.0	0.0	0.0	0.0	0.0	0.0	0.0	2.57054e-05	0.0	0.0	0.0	0.0	0.0	0.0	0.0	0.0	0.0	0.0	0.0	0.0	0.0	0.0	0.0	0.0	0.0	0.0	0.0	0.0	0.0	0.0	0.0	0.0	0.0	0.0	0.0	0.0	2.67083e-05	0.0	0.0	0.0	0.0	0.0	0.0	0.0	0.0	2.7525300000000002e-05	0.0	2.7755699999999996e-05	0.0	2.80104e-05	0.0	0.0	0.0	0.0	0.0	0.0	0.0	0.0	0.0	0.0	0.0	0.0	0.0	0.0	0.0	0.0305771	0.0	0.0	0.00187773	0.0	0.0	0.00121551	3.2212500000000004e-05	0.00295255	0.0	0.0	0.0118479	0.0	0.0	0.0015966700000000001	0.0	0.00158908	6.968460000000001e-05	0.00154515	0.0	0.00132228	0.0	0.0	0.000514327	0.0	0.0	0.0	0.0	0.0	0.0	0.0	0.0	8.059e-05	0.0	0.0	0.0	0.0	0.0	0.0	0.0	0.0	0.0	0.0	0.0	0.0
Hmi-ABas_031-Ex1-07C.clmp.r1r2_fastp	0.294917	0.100979	0.106229	6.44205e-05	6.44205e-05	0.0	0.0	0.0	0.0	0.0	0.0	0.0	0.00119178	0.00666752	0.0260903	0.00463827	0.000966307	0.0	0.0	0.0	0.0	0.0	0.00196482	0.0	0.000934097	0.0	0.0	0.0	3.22102e-05	0.0	0.00038652300000000005	0.0	0.0	0.00170775	0.00025785399999999996	0.00493321	0.0	0.0	0.000161411	0.0007751160000000001	0.0	0.0	0.0	0.0	0.0	0.0	0.0	0.0	0.0	0.0	0.0	0.0	0.0	0.0	0.0	0.0	0.0	0.0	0.0	0.0	0.0	0.0	0.0	0.0	0.0	0.0	0.0	0.0	0.0	0.0	0.0	0.0	0.0	0.0	0.0	0.0	3.41559e-05	0.0	0.0	0.0	0.0	0.0	0.0	0.0	0.0	0.0	0.0	0.0	0.0	0.0	0.0	0.0	0.0	0.0	3.72822e-05	0.0	0.0	0.0	0.0	0.0	0.0	0.0	0.0	0.0	0.0	0.0281591	4.04503e-05	0.0	0.0013549599999999999	0.0	0.0	0.00109276	4.23542e-05	0.00268864	0.0	0.0	0.0110618	0.0	0.0	0.00152344	0.0	0.0012302	4.59617e-05	0.0010665	0.0	0.0014636900000000001	0.0	0.0	0.000582168	0.0	0.0	0.0	0.0	0.0	0.0	0.0	0.0	0.00010618599999999999	0.0	0.0	0.0	0.0	0.0	0.0	0.0	0.0	0.0	0.0	0.0	0.0
Hmi-ABas_032-Ex1-08C.clmp.r1r2_fastp	0.324143	0.0950969	0.111267	0.00015284	0.000244544	0.0	0.0	0.0	0.0	0.0	0.0	0.0	0.00125329	0.006633249999999999	0.0272361	0.004065539999999999	0.00113101	0.0	0.0	0.0	0.0	0.0	0.00287339	0.0	0.00128385	0.0	0.0	0.0	3.0568e-05	0.0	0.00039738400000000003	0.0	0.0	0.00220145	0.00015291300000000002	0.00513931	0.0	0.0	0.000367393	0.0005818829999999999	0.0	0.0	0.0	0.0	0.0	0.0	0.0	0.0	0.0	0.0	0.0	0.0	0.0	0.0	0.0	0.0	0.0	0.0	0.0	0.0	0.0	0.0	0.0	0.0	0.0	0.0	0.0	0.0	0.0	0.0	0.0	0.0	0.0	0.0	0.0	0.0	0.0	0.0	0.0	0.0	0.0	0.0	0.0	0.0	0.0	0.0	0.0	6.81883e-05	0.0	0.0	0.0	0.0	0.0	0.0	3.57118e-05	0.0	0.0	0.0	0.0	0.0	0.0	0.0	0.0	0.0	0.0	0.032028100000000004	7.87305e-05	0.0	0.0017649700000000003	0.0	0.0	0.00103265	0.0	0.00328822	0.0	4.3047200000000004e-05	0.0130968	0.0	4.4446899999999996e-05	0.00152833	0.0	0.00114995	0.0	0.0012725500000000001	0.0	0.00193192	0.0	0.0	0.000351411	0.0	0.0	0.0	0.0	0.0	0.0	0.0	0.0	0.0	0.0	0.0	0.0	0.0	0.0	0.0	0.0	0.0	0.0	0.0	0.0	0.0
Hmi-ABas_033-Ex1-09C.clmp.r1r2_fastp	0.305905	0.10345599999999999	0.11638799999999999	0.000106291	3.54303e-05	0.0	0.0	0.0	0.0	0.0	0.0	0.0	0.00113377	0.0065546	0.029938600000000003	0.00442878	0.0012400599999999999	0.0	0.0	0.0	0.0	0.0	0.0026927	0.0	0.0008857569999999999	0.0	0.0	3.54303e-05	0.0	0.0	0.000389733	0.0	0.0	0.0025872	0.000106353	0.005390079999999999	0.0	0.0	0.00024847300000000003	0.000461625	0.0	0.0	0.0	0.0	0.0	0.0	0.0	3.56669e-05	0.0	0.0	0.0	0.0	0.0	0.0	0.0	0.0	0.0	0.0	0.0	0.0	0.0	0.0	0.0	0.0	0.0	0.0	0.0	0.0	0.0	0.0	0.0	0.0	0.0	0.0	0.0	0.0	0.0	0.0	0.0	0.0	0.0	0.0	0.0	0.0	0.0	0.0	0.0	0.0	0.0	4.0572400000000005e-05	0.0	0.0	0.0	0.0	0.0	0.0	0.0	0.0	0.0	0.0	0.0	0.0	0.0	0.0	0.0	0.0318568	0.0	0.0	0.00146243	0.0	0.0	0.0016014900000000001	0.0	0.0034635399999999998	0.0	5.04688e-05	0.0114217	0.0	0.0	0.00231348	0.0	0.00123586	0.0	0.0014824999999999999	0.0	0.00117925	0.0	0.0	0.000406489	0.0	0.0	0.0	0.0	0.0	0.0	0.0	0.0	6.51417e-05	0.0	0.0	0.0	0.0	0.0	0.0	0.0	0.0	0.0	0.0	0.0	0.0
Hmi-ABas_034-Ex1-10C.clmp.r1r2_fastp	0.293732	0.0932378	0.105615	9.84906e-05	0.000164151	0.0	0.0	0.0	0.0	0.0	0.0	0.0	0.00144453	0.00666453	0.0282668	0.005121509999999999	0.0007879250000000001	0.0	0.0	0.0	0.0	0.0	0.0028234	0.0	0.000722265	0.0	0.0	0.0	3.28302e-05	0.0	0.000295472	0.0	0.0	0.0023973099999999997	0.00019709200000000003	0.0047974	0.0	0.0	0.00019737499999999999	0.000296192	0.0	0.0	0.0	0.0	0.0	0.0	0.0	0.0	0.0	0.0	0.0	0.0	0.0	0.0	0.0	0.0	0.0	0.0	0.0	0.0	0.0	0.0	0.0	0.0	0.0	0.0	0.0	0.0	0.0	0.0	0.0	0.0	0.0	0.0	0.0	0.0	0.0	0.0	0.0	0.0	0.0	0.0	0.0	0.0	0.0	3.7128199999999995e-05	0.0	3.76076e-05	0.0	0.0	0.0	0.0	0.0	0.0	0.0	0.0	0.0	0.0	0.0	0.0	0.0	0.0	0.0	0.0	0.0	0.0321057	0.0	0.0	0.0017456300000000002	0.0	0.0	0.00152168	0.0	0.00362465	0.0	0.0	0.0116108	0.0	0.0	0.0024078199999999998	0.0	0.00128272	0.0	0.00125935	0.0	0.00150438	0.0	0.0	0.000668606	0.0	0.0	0.0	0.0	0.0	0.0	0.0	0.0	0.000187852	0.0	0.0	0.0	0.0	0.0	0.0	0.0	0.0	0.0	0.0	0.0	0.0
Hmi-ABas_036-Ex1-12C.clmp.r1r2_fastp	0.279397	0.106584	0.11456999999999999	6.49307e-05	0.0	0.0	0.0	0.0	0.0	0.0	0.0	0.0	0.00136355	0.006720329999999999	0.028114999999999998	0.00551911	0.0011362899999999999	0.0	0.0	0.0	0.0	0.0	0.00308421	0.0	0.000973961	0.0	0.0	0.0	3.2465399999999996e-05	0.0	0.000259723	0.0	0.0	0.0025658400000000002	0.000194959	0.00598172	0.0	0.0	0.000227964	0.000749566	0.0	0.0	0.0	0.0	0.0	0.0	0.0	3.28712e-05	0.0	0.0	0.0	0.0	0.0	0.0	0.0	0.0	0.0	0.0	0.0	0.0	0.0	0.0	0.0	0.0	0.0	0.0	0.0	0.0	0.0	0.0	0.0	0.0	0.0	0.0	0.0	0.0	3.64052e-05	0.0	0.0	0.0	0.0	0.0	0.0	0.0	0.0	0.0	0.0	3.98351e-05	0.0	4.0626e-05	0.0	0.0	0.0	0.0	0.0	0.0	0.0	0.0	0.0	0.0	0.0	0.0	0.0	0.0	0.0	0.0332688	0.0	0.0	0.00081407	0.0	0.0	0.00116517	5.36666e-05	0.0034825900000000003	0.0	0.0	0.0132161	0.0	0.0	0.0022459900000000002	0.0	0.00145914	0.000185127	0.00119012	0.0	0.00219413	0.0	0.0	0.00020249599999999998	0.0	0.0	0.0	0.0	0.0	0.0	0.0	0.0	0.000233053	0.0	0.0	0.0	0.0	0.0	0.0	0.0	0.0	0.0	0.0	0.0	0.0
Hmi-ABas_037-Ex1-01D.clmp.r1r2_fastp	0.312484	0.0944964	0.11100800000000001	0.00021773400000000003	7.25779e-05	0.0	0.0	0.0	0.0	0.0	0.0	0.0	0.00159671	0.00765697	0.0292852	0.00464499	0.0010523800000000001	0.0	0.0	0.0	0.0	0.0	0.0019596	0.0	0.0009435129999999999	0.0	0.0	0.0	0.00010886700000000001	0.0	0.000399178	0.0	0.0	0.00221409	0.00021782199999999998	0.00541071	0.0	0.0	0.000145371	0.000327174	0.0	0.0	0.0	0.0	0.0	0.0	0.0	0.0	0.0	0.0	0.0	0.0	0.0	0.0	0.0	0.0	0.0	0.0	0.0	0.0	0.0	0.0	0.0	0.0	0.0	0.0	0.0	0.0	0.0	0.0	0.0	0.0	0.0	0.0	0.0	0.0	3.8973e-05	0.0	0.0	0.0	0.0	0.0	0.0	0.0	0.0	4.10561e-05	0.0	4.16352e-05	0.0	0.0	0.0	0.0	0.0	0.0	0.0	0.0	0.0	0.0	0.0	0.0	0.0	0.0	0.0	0.0	0.0	0.0337926	4.9397799999999997e-05	0.0	0.0015141	0.0	0.0	0.0015647100000000002	0.000105541	0.00347086	0.0	0.0	0.0133283	0.0	0.0	0.00212305	0.0	0.0013541	5.96369e-05	0.00126895	0.0	0.00204793	0.0	0.0	0.000646216	0.0	0.0	0.0	0.0	0.0	0.0	0.0	0.0	0.00022213600000000003	0.0	0.0	0.0	0.0	0.0	0.0	0.0	0.0	0.0	0.0	0.0	0.0
Hmi-ABas_038-Ex1-02D.clmp.r1r2_fastp	0.304913	0.0997808	0.11002200000000001	0.000121625	4.8649799999999996e-05	0.0	0.0	0.0	0.0	0.0	0.0	0.0	0.0010703000000000002	0.00659205	0.0263925	0.00484066	0.00124057	0.0	0.0	0.0	0.0	0.0	0.00189734	0.0	0.00114327	0.0	0.0	0.0	9.729959999999999e-05	0.0	0.00038919799999999994	0.0	0.0	0.00221424	0.00019470900000000002	0.0055022299999999994	0.0	0.0	0.000243716	0.0006582749999999999	0.0	0.0	0.0	0.0	0.0	0.0	0.0	2.44912e-05	0.0	0.0	0.0	0.0	0.0	0.0	0.0	0.0	0.0	0.0	0.0	0.0	0.0	0.0	0.0	0.0	0.0	0.0	0.0	0.0	0.0	0.0	0.0	0.0	0.0	0.0	0.0	0.0	2.59174e-05	0.0	0.0	0.0	0.0	0.0	0.0	0.0	0.0	0.0	0.0	2.7295000000000002e-05	0.0	2.7611e-05	0.0	0.0	0.0	0.0	0.0	0.0	0.0	0.0	0.0	0.0	0.0	0.0	0.0	0.0	0.0	0.030309100000000002	3.11458e-05	0.0	0.00152005	0.0	0.0	0.00100792	3.28053e-05	0.00271515	0.0	0.0	0.0108997	0.0	0.0	0.0015424400000000002	0.0	0.0016097099999999999	7.226799999999999e-05	0.0016065900000000002	0.0	0.00178941	0.0	0.0	0.000462307	0.0	0.0	0.0	0.0	0.0	0.0	0.0	0.0	0.00021540999999999997	0.0	0.0	0.0	0.0	0.0	0.0	0.0	0.0	0.0	0.0	0.0	0.0
Hmi-ABas_039-Ex1-03D.clmp.r1r2_fastp	0.31874199999999997	0.0952577	0.110713	0.000116499	3.88331e-05	0.0	0.0	0.0	0.0	0.0	0.0	0.0	0.0017474900000000002	0.00648513	0.029318999999999998	0.00473764	0.000970828	0.0	0.0	0.0	0.0	0.0	0.00260182	0.0	0.00100966	0.0	0.0	0.0	0.0	0.0	0.000349498	0.0	0.0	0.00240816	0.000116549	0.0052463200000000005	0.0	0.0	0.00015558100000000001	0.000505809	0.0	0.0	0.0	0.0	0.0	0.0	0.0	0.0	0.0	0.0	0.0	0.0	0.0	0.0	0.0	0.0	0.0	0.0	0.0	0.0	0.0	0.0	0.0	0.0	0.0	0.0	0.0	0.0	0.0	0.0	0.0	0.0	0.0	0.0	0.0	0.0	0.0	0.0	0.0	0.0	0.0	0.0	0.0	0.0	0.0	4.27647e-05	0.0	0.0	0.0	0.0	0.0	0.0	0.0	0.0	0.0	0.0	0.0	0.0	0.0	0.0	0.0	0.0	0.0	0.0	0.0	0.033417800000000004	4.9495e-05	0.0	0.00115866	0.0	0.0	0.00191697	0.0	0.00374801	0.0	0.0	0.011749	0.0	0.0	0.00252505	0.0	0.0018357699999999998	0.0	0.00123252	0.0	0.0024016199999999997	0.0	0.0	0.000311347	0.0	0.0	0.0	0.0	0.0	0.0	0.0	0.0	0.00014054600000000002	0.0	0.0	0.0	0.0	0.0	0.0	0.0	0.0	0.0	0.0	0.0	0.0
Hmi-ABas_040-Ex1-04D.clmp.r1r2_fastp	0.31812799999999997	0.0974255	0.111188	9.29928e-05	0.000154988	0.0	0.0	0.0	0.0	0.0	0.0	0.0	0.00114691	0.006447499999999999	0.0272159	0.00458765	0.000991924	0.0	0.0	0.0	0.0	0.0	0.0026038	0.0	0.000960926	0.0	0.0	0.0	9.29928e-05	0.0	0.000309976	0.0	0.0	0.0017983300000000001	0.000155067	0.00502552	0.0	0.0	0.00027946899999999996	0.0005280630000000001	0.0	0.0	0.0	0.0	0.0	0.0	0.0	0.0	0.0	0.0	0.0	0.0	0.0	0.0	0.0	0.0	0.0	0.0	0.0	0.0	0.0	0.0	0.0	0.0	0.0	0.0	0.0	0.0	0.0	0.0	0.0	0.0	0.0	0.0	0.0	0.0	3.29898e-05	0.0	0.0	0.0	0.0	0.0	0.0	0.0	0.0	0.0	0.0	6.97153e-05	0.0	0.0	0.0	0.0	0.0	0.0	7.3011e-05	0.0	0.0	0.0	0.0	0.0	0.0	0.0	0.0	0.0	0.0	0.033462	4.01953e-05	0.0	0.0018004800000000001	0.0	0.0	0.001052	0.0	0.00330415	0.0	4.37809e-05	0.0127391	0.0	0.0	0.0016438599999999998	0.0	0.00149383	4.72046e-05	0.0010025799999999999	0.0	0.0020527099999999997	0.0	0.0	0.000709173	0.0	0.0	0.0	0.0	0.0	0.0	0.0	0.0	0.00022888399999999997	0.0	0.0	0.0	0.0	0.0	0.0	0.0	0.0	0.0	0.0	0.0	0.0
Hmi-ABas_041-Ex1-05D.clmp.r1r2_fastp	0.314994	0.0967697	0.10968099999999999	0.00012633099999999998	2.52662e-05	0.0	0.0	0.0	0.0	0.0	0.0	0.0	0.0010611800000000001	0.00697348	0.025417799999999997	0.00426999	0.000960117	0.0	0.0	0.0	0.0	0.0	0.00247609	0.0	0.00108645	0.0	0.0	0.0	2.52662e-05	0.0	0.000353727	0.0	0.0	0.00224939	0.00012640900000000002	0.00533636	0.0	0.0	0.000126589	0.000531872	0.0	0.0	0.0	0.0	0.0	0.0	0.0	2.5422e-05	0.0	0.0	0.0	0.0	0.0	0.0	0.0	0.0	0.0	0.0	0.0	0.0	0.0	0.0	0.0	0.0	0.0	0.0	0.0	0.0	0.0	0.0	0.0	0.0	0.0	0.0	0.0	0.0	2.64304e-05	0.0	0.0	0.0	0.0	0.0	0.0	0.0	0.0	2.72142e-05	0.0	0.0	0.0	2.76752e-05	0.0	0.0	0.0	0.0	0.0	0.0	0.0	0.0	0.0	0.0	0.0	0.0	0.0	0.0	0.0	0.0311807	3.04374e-05	0.0	0.00160392	0.0	0.0	0.00129127	3.17067e-05	0.0031942800000000003	0.0	0.0	0.0119913	0.0	0.0	0.00194119	0.0	0.00156514	3.43034e-05	0.00179905	0.0	0.0013028599999999999	0.0	0.0	0.000289453	0.0	0.0	0.0	0.0	0.0	0.0	0.0	0.0	0.000118811	0.0	0.0	0.0	0.0	0.0	0.0	0.0	0.0	0.0	0.0	0.0	0.0
Hmi-ABas_042-Ex1-06D.clmp.r1r2_fastp	0.301642	0.099873	0.108081	0.000152711	7.63555e-05	0.0	0.0	0.0	0.0	0.0	0.0	0.0	0.0011071599999999998	0.00561213	0.0286333	0.004772220000000001	0.000954444	0.0	0.0	0.0	0.0	0.0	0.0024433799999999998	0.0	0.00114533	0.0	0.0	0.0	0.00011453300000000001	0.0	0.000419955	0.0	0.0	0.00240573	0.000267359	0.00641827	0.0	0.0	0.0	0.000459036	0.0	0.0	0.0	0.0	0.0	0.0	0.0	3.8399199999999997e-05	0.0	0.0	0.0	0.0	0.0	0.0	0.0	0.0	0.0	0.0	0.0	0.0	0.0	0.0	0.0	0.0	0.0	0.0	0.0	0.0	0.0	0.0	0.0	0.0	0.0	0.0	0.0	0.0	8.09094e-05	0.0	0.0	0.0	0.0	0.0	0.0	0.0	0.0	8.412879999999999e-05	0.0	0.0	0.0	4.2978999999999996e-05	0.0	0.0	0.0	0.0	0.0	0.0	0.0	0.0	0.0	0.0	0.0	0.0	0.0	0.0	0.0	0.0324819	0.0	0.0	0.00156398	0.0	0.0	0.00175111	0.000151307	0.00335703	0.0	0.0	0.0124554	0.0	0.0	0.00240344	0.0	0.0018481399999999999	0.0	0.0014949499999999999	0.0	0.0020859299999999997	0.0	0.0	0.00058011	0.0	0.0	0.0	0.0	0.0	0.0	0.0	0.0	0.000255026	0.0	0.0	0.0	0.0	0.0	0.0	0.0	0.0	0.0	0.0	0.0	0.0
Hmi-ABas_043-Ex1-07D.clmp.r1r2_fastp	0.319959	0.103187	0.11536	9.51034e-05	0.000126804	0.0	0.0	0.0	0.0	0.0	0.0	0.0	0.00107784	0.00770337	0.028023799999999998	0.00485027	0.00120464	0.0	0.0	0.0	0.0	0.0	0.00256779	0.0	0.000729126	0.0	0.0	0.0	0.000190207	0.0	0.000348712	0.0	0.0	0.00212429	0.000539092	0.00602617	0.0	0.0	0.000126939	0.000603077	0.0	0.0	0.0	0.0	0.0	0.0	0.0	0.0	0.0	0.0	0.0	0.0	0.0	0.0	0.0	0.0	0.0	0.0	0.0	0.0	0.0	0.0	0.0	0.0	0.0	0.0	0.0	0.0	0.0	0.0	0.0	0.0	0.0	0.0	0.0	0.0	0.00013214500000000002	0.0	0.0	0.0	0.0	0.0	0.0	0.0	0.0	3.43184e-05	0.0	6.94236e-05	0.0	0.0	0.0	0.0	0.0	0.0	0.0	0.0	0.0	0.0	0.0	0.0	0.0	0.0	0.0	0.0	0.0	0.0315795	8.06192e-05	0.0	0.00148012	0.0	0.0	0.00203528	0.000171505	0.00398773	0.0	4.43259e-05	0.011118600000000001	0.0	4.58871e-05	0.00236762	0.0	0.00142693	0.0	0.00146261	0.0	0.00149971	0.0	0.0	0.000415803	0.0	0.0	0.0	0.0	0.0	0.0	0.0	0.0	0.00029591999999999997	0.0	0.0	0.0	0.0	0.0	0.0	0.0	0.0	0.0	0.0	0.0	0.0
Hmi-ABas_044-Ex1-08D.clmp.r1r2_fastp	0.271068	0.0926234	0.10347799999999999	0.000289448	0.000144724	0.0	0.0	0.0	0.0	0.0	0.0	0.0	0.00130252	0.00535479	0.0254714	0.00274976	0.00115779	0.0	0.0	0.0	0.0	0.0	0.00303921	0.0	0.0008683450000000001	0.0	0.0	0.0	0.0	0.0	0.000434172	0.0	0.0	0.00217143	0.000289611	0.00405551	0.0	0.0	0.00014499	0.000290074	0.0	0.0	0.0	0.0	0.0	0.0	0.0	0.0	0.0	0.0	0.0	0.0	0.0	0.0	0.0	0.0	0.0	0.0	0.0	0.0	0.0	0.0	0.0	0.0	0.0	0.0	0.0	0.0	0.0	0.0	0.0	0.0	0.0	0.0	0.0	0.0	0.0	0.0	0.0	0.0	0.0	0.0	0.0	0.0	0.0	0.0	0.0	0.0	0.0	0.0	0.0	0.0	0.0	0.0	0.0	0.0	0.0	0.0	0.0	0.0	0.0	0.0	0.0	0.0	0.0	0.031015900000000002	0.0	0.0	0.0005548150000000001	0.0	0.0	0.00133033	0.00019178	0.00290277	0.0	0.0	0.0131511	0.0	0.0	0.00185063	0.0	0.0008399970000000001	0.0	0.00107221	0.0	0.00109653	0.0	0.0	0.0	0.0	0.0	0.0	0.0	0.0	0.0	0.0	0.0	0.0	0.0	0.0	0.0	0.0	0.0	0.0	0.0	0.0	0.0	0.0	0.0	0.0
Hmi-ABas_045-Ex1-09D.clmp.r1r2_fastp	0.292884	0.09480680000000001	0.107206	0.00024380900000000002	0.0	0.0	0.0	0.0	0.0	0.0	0.0	0.0	0.0013931899999999999	0.00623454	0.0265403	0.00424924	0.0010797200000000002	0.0	0.0	0.0	0.0	0.0	0.0023336000000000003	0.0	0.00121904	0.0	0.0	0.0	0.000174149	0.0	0.000452788	0.0	0.0	0.0027525	0.000348519	0.00550864	0.0	0.0	0.00020945200000000003	0.000314331	0.0	0.0	0.0	0.0	0.0	0.0	0.0	7.02053e-05	0.0	0.0	0.0	0.0	0.0	0.0	0.0	0.0	0.0	0.0	0.0	0.0	0.0	0.0	0.0	0.0	0.0	0.0	0.0	0.0	0.0	0.0	0.0	0.0	0.0	0.0	0.0	0.0	0.0	0.0	0.0	0.0	0.0	0.0	0.0	0.0	0.0	0.0	0.0	3.89493e-05	0.0	7.87484e-05	0.0	0.0	0.0	0.0	0.0	0.0	0.0	0.0	0.0	0.0	0.0	0.0	0.0	0.0	0.0	0.0305772	4.40749e-05	0.0	0.00156667	0.0	0.0	0.0014214499999999999	4.62293e-05	0.0032156500000000005	0.0	0.0	0.0100775	0.0	0.0	0.0018621999999999998	0.0	0.00104748	0.0	0.00137163	0.0	0.000983644	0.0	0.0	0.00042675600000000003	0.0	0.0	0.0	0.0	0.0	0.0	0.0	0.0	5.87129e-05	0.0	0.0	0.0	0.0	0.0	0.0	0.0	0.0	0.0	0.0	0.0	0.0
Hmi-ABas_046-Ex1-10D.clmp.r1r2_fastp	0.306077	0.10172899999999999	0.108607	0.00010265300000000001	0.00020530600000000002	0.0	0.0	0.0	0.0	0.0	0.0	0.0	0.00150558	0.006535569999999999	0.0279558	0.0060223	0.0010265299999999999	0.0	0.0	0.0	0.0	0.0	0.00256632	0.0	0.0008896580000000001	0.0	0.0	0.0	0.000136871	0.0	0.00020530600000000002	0.0	0.0	0.0018139400000000002	0.000273863	0.00458834	0.0	0.0	0.000171371	0.000342863	0.0	0.0	0.0	0.0	0.0	0.0	0.0	0.0	0.0	0.0	0.0	0.0	0.0	0.0	0.0	0.0	0.0	0.0	0.0	0.0	0.0	0.0	0.0	0.0	0.0	0.0	0.0	0.0	0.0	0.0	0.0	0.0	0.0	0.0	0.0	0.0	3.68104e-05	0.0	0.0	0.0	0.0	0.0	0.0	0.0	0.0	3.87868e-05	0.0	0.000118	0.0	0.0	0.0	0.0	0.0	0.0	0.0	0.0	0.0	0.0	0.0	0.0	0.0	0.0	0.0	0.0	0.0	0.0302126	4.66932e-05	0.0	0.0012887299999999999	0.0	0.0	0.00113611	0.0	0.0028306900000000003	0.0	0.0	0.0123058	0.0	5.36211e-05	0.0017373100000000002	0.0	0.0016148299999999998	0.0	0.00114335	0.0	0.00211391	0.0	0.0	0.000549907	0.0	0.0	0.0	0.0	0.0	0.0	0.0	0.0	0.000139895	0.0	0.0	0.0	0.0	0.0	0.0	0.0	0.0	0.0	0.0	0.0	0.0
Hmi-ABas_047-Ex1-11D.clmp.r1r2_fastp	0.306145	0.104347	0.110552	7.661279999999999e-05	3.8306399999999996e-05	0.0	0.0	0.0	0.0	0.0	0.0	0.0	0.00141734	0.0075080599999999996	0.0288447	0.00482661	0.00114919	0.0	0.0	0.0	0.0	0.0	0.00256653	0.0	0.0010342700000000001	0.0	0.0	0.0	0.000153226	0.0	0.00038306399999999996	0.0	0.0	0.00268209	0.000268274	0.00594217	0.0	0.0	0.000230229	0.000690931	0.0	0.0	0.0	0.0	0.0	0.0	0.0	0.0	0.0	0.0	0.0	0.0	0.0	0.0	0.0	0.0	0.0	0.0	0.0	0.0	0.0	0.0	0.0	0.0	0.0	0.0	0.0	0.0	0.0	0.0	0.0	0.0	0.0	0.0	0.0	0.0	0.0	0.0	0.0	0.0	0.0	0.0	0.0	0.0	0.0	0.0	0.0	0.0	0.0	0.0	0.0	0.0	0.0	0.0	0.0	0.0	0.0	0.0	0.0	0.0	0.0	0.0	0.0	0.0	0.0	0.0324814	0.0	0.0	0.00134611	0.0	0.0	0.00186905	5.39701e-05	0.0036535200000000004	0.0	0.0	0.0123977	0.0	0.0	0.0024496599999999998	0.0	0.00179102	0.0	0.00140807	0.0	0.00194569	0.0	0.0	0.000326157	0.0	0.0	0.0	0.0	0.0	0.0	0.0	0.0	7.38298e-05	0.0	0.0	7.7764e-05	0.0	0.0	0.0	0.0	0.0	0.0	0.0	0.0	0.0
Hmi-AMac_001-Ex1-12D.clmp.r1r2_fastp	0.296873	0.09909680000000001	0.10896499999999999	0.000138986	0.00010423899999999999	0.0	0.0	0.0	0.0	0.0	0.0	0.0	0.0012508699999999998	0.00701878	0.026893700000000003	0.00517722	0.0014246	0.0	0.0	0.0	0.0	0.0	0.00232801	0.0	0.00132036	0.0	0.0	0.0	3.47464e-05	0.0	0.00045170400000000004	0.0	0.0	0.00274596	0.00038251699999999997	0.00605337	0.0	0.0	0.00013942500000000001	0.0005232199999999999	0.0	0.0	0.0	0.0	0.0	0.0	0.0	0.0	0.0	0.0	0.0	0.0	0.0	0.0	0.0	0.0	0.0	0.0	0.0	0.0	0.0	0.0	0.0	0.0	0.0	0.0	0.0	0.0	0.0	0.0	0.0	0.0	0.0	0.0	0.0	0.0	0.0	0.0	0.0	0.0	0.0	0.0	0.0	0.0	0.0	0.0	0.0	4.22701e-05	0.0	0.0	0.0	0.0	0.0	0.0	4.5192500000000005e-05	0.0	0.0	0.0	0.0	0.0	0.0	0.0	0.0	0.0	0.0	0.0310791	0.000154641	0.0	0.00132013	0.0	0.0	0.00175259	0.00016633499999999999	0.00336998	0.0	5.76449e-05	0.012322900000000001	0.0	0.0	0.00176207	0.0	0.00168528	0.000189845	0.00166854	0.0	0.00204582	0.0	0.0	0.000481835	0.0	0.0	0.0	0.0	0.0	0.0	0.0	0.0	0.000157842	0.0	0.0	0.0	0.0	0.0	0.0	0.0	0.0	0.0	0.0	0.0	0.0
Hmi-AMac_002-Ex1-01G.clmp.r1r2_fastp	0.298702	0.0933557	0.105338	0.000136685	9.11231e-05	0.0	0.0	0.0	0.0	0.0	0.0	0.0	0.0015035299999999999	0.007699910000000001	0.0280659	0.00455616	0.00100235	0.0	0.0	0.0	0.0	0.0	0.00291594	0.0	0.0008656699999999999	0.0	0.0	0.0	9.11231e-05	0.0	0.000364493	0.0	0.0	0.00223353	0.000273635	0.00543046	0.0	0.0	4.57426e-05	0.0005036600000000001	0.0	0.0	0.0	0.0	0.0	0.0	0.0	0.0	0.0	0.0	0.0	0.0	0.0	0.0	0.0	0.0	0.0	0.0	0.0	0.0	0.0	0.0	0.0	0.0	0.0	0.0	0.0	0.0	0.0	0.0	0.0	0.0	0.0	0.0	0.0	0.0	0.0	0.0	0.0	0.0	0.0	0.0	0.0	0.0	0.0	0.0	0.0	0.0	0.0	0.0	0.0	0.0	0.0	0.0	0.0	0.0	0.0	0.0	0.0	0.0	0.0	0.0	0.0	0.0	0.0	0.032609099999999995	0.0	0.0	0.000434562	0.0	0.0	0.00195901	0.0	0.0032496699999999996	0.0	7.95243e-05	0.013378399999999999	0.0	0.0	0.00218433	0.0	0.00112434	8.77768e-05	0.00151536	0.0	0.00119484	0.0	0.0	0.0	0.0	0.0	0.0	0.0	0.0	0.0	0.0	0.0	0.0	0.0	0.0	0.0	0.0	0.0	0.0	0.0	0.0	0.0	0.0	0.0	0.0
Hmi-AMac_003-Ex1-02G.clmp.r1r2_fastp	0.282903	0.08510580000000001	0.0958553	7.11885e-05	7.11885e-05	0.0	0.0	0.0	0.0	0.0	0.0	0.0	0.00135258	0.0055527	0.023421	0.00391537	0.000783073	0.0	0.0	0.0	0.0	0.0	0.00206447	0.0	0.000569508	0.0	0.0	0.0	7.11885e-05	0.0	0.000213565	0.0	0.0	0.00202964	0.00010685799999999999	0.0048813300000000006	0.0	0.0	7.133939999999999e-05	0.000570939	0.0	0.0	0.0	0.0	0.0	0.0	0.0	0.0	0.0	0.0	0.0	0.0	0.0	0.0	0.0	0.0	0.0	0.0	0.0	0.0	0.0	0.0	0.0	0.0	0.0	0.0	0.0	0.0	0.0	0.0	0.0	0.0	0.0	0.0	0.0	0.0	3.72529e-05	0.0	0.0	0.0	0.0	0.0	0.0	0.0	0.0	3.8257800000000005e-05	0.0	7.70754e-05	0.0	0.0	0.0	0.0	0.0	0.0	3.96328e-05	0.0	0.0	0.0	0.0	0.0	0.0	0.0	0.0	0.0	0.0	0.024578799999999998	0.0	0.0	0.00110487	0.0	0.0	0.0010377700000000001	0.0	0.00280015	0.0	4.42664e-05	0.00970946	0.0	4.51072e-05	0.00172512	0.0	0.00124129	0.0	0.0011182199999999998	0.0	0.00108646	0.0	0.0	0.000337764	0.0	0.0	0.0	0.0	0.0	0.0	0.0	0.0	5.1809100000000005e-05	0.0	0.0	0.0	0.0	0.0	0.0	0.0	0.0	0.0	0.0	0.0	0.0
Hmi-AMac_004-Ex1-03G.clmp.r1r2_fastp	0.294823	0.0973315	0.107675	0.00013260399999999998	4.42014e-05	0.0	0.0	0.0	0.0	0.0	0.0	0.0	0.00106083	0.00685122	0.0267418	0.00455274	0.000928229	0.0	0.0	0.0	0.0	0.0	0.00269629	0.0	0.00114924	0.0	0.0	0.0	8.84028e-05	0.0	0.00026520799999999996	0.0	0.0	0.00212225	0.000176911	0.00513241	0.0	0.0	0.00026577	0.000487454	0.0	0.0	0.0	0.0	0.0	0.0	0.0	0.0	0.0	0.0	0.0	0.0	0.0	0.0	0.0	0.0	0.0	0.0	0.0	0.0	0.0	0.0	0.0	0.0	0.0	0.0	0.0	0.0	0.0	0.0	0.0	0.0	0.0	0.0	0.0	0.0	0.0	0.0	0.0	0.0	0.0	0.0	0.0	0.0	0.0	4.88047e-05	0.0	0.0	0.0	0.0	0.0	0.0	0.0	0.0	0.0	0.0	0.0	0.0	0.0	0.0	0.0	0.0	0.0	0.0	0.0	0.0309857	0.0	0.0	0.0018049900000000002	0.0	0.0	0.000519564	0.0	0.0028730599999999998	0.0	0.0	0.0117836	0.0	0.0	0.00135699	0.0	0.00113004	0.0	0.0013420399999999999	0.0	0.00123617	0.0	0.0	0.00046819300000000005	0.0	0.0	0.0	0.0	0.0	0.0	0.0	0.0	0.000146411	0.0	0.0	0.0	0.0	0.0	0.0	0.0	0.0	0.0	0.0	0.0	0.0
Hmi-AMac_005-Ex1-04G.clmp.r1r2_fastp	0.30089299999999997	0.0940551	0.107437	0.00011373000000000001	3.79102e-05	0.0	0.0	0.0	0.0	0.0	0.0	0.0	0.0012889499999999999	0.006520550000000001	0.027447000000000003	0.0040942999999999995	0.000909844	0.0	0.0	0.0	0.0	0.0	0.00227461	0.0	0.00109939	0.0	0.0	0.0	0.0	0.0	0.000379102	0.0	0.0	0.00204782	7.58721e-05	0.00565455	0.0	0.0	0.000114005	0.000608322	0.0	0.0	0.0	0.0	0.0	0.0	0.0	0.0	0.0	0.0	0.0	0.0	0.0	0.0	0.0	0.0	0.0	0.0	0.0	0.0	0.0	0.0	0.0	0.0	0.0	0.0	0.0	0.0	0.0	0.0	0.0	0.0	0.0	0.0	0.0	0.0	0.0	0.0	0.0	0.0	0.0	0.0	0.0	0.0	0.0	0.0	0.0	0.0	0.0	0.0	0.0	0.0	0.0	0.0	9.1854e-05	0.0	0.0	0.0	0.0	0.0	0.0	0.0	0.0	0.0	0.0	0.0343442	0.0	0.0	0.00161443	0.0	0.0	0.00144868	5.4218499999999996e-05	0.00257521	0.0	0.0	0.0122782	0.0	0.0	0.0019324799999999999	0.0	0.00149834	0.00012123	0.00116595	0.0	0.0016345	0.0	0.0	0.0005870420000000001	0.0	0.0	0.0	0.0	0.0	0.0	0.0	0.0	0.000147644	0.0	0.0	0.0	0.0	0.0	0.0	0.0	0.0	0.0	0.0	0.0	0.0
Hmi-AMac_006-Ex1-05G.clmp.r1r2_fastp	0.303568	0.096585	0.10437400000000001	0.000103855	3.46183e-05	0.0	0.0	0.0	0.0	0.0	0.0	0.0	0.00110779	0.0056774	0.024301999999999997	0.00508889	0.000657747	0.0	0.0	0.0	0.0	0.0	0.0021809499999999996	0.0	0.00117702	0.0	0.0	0.0	0.0	0.0	0.000415419	0.0	0.0	0.0020431299999999998	6.92774e-05	0.00498968	0.0	0.0	6.93621e-05	0.000485688	0.0	0.0	0.0	0.0	0.0	0.0	0.0	0.0	0.0	0.0	0.0	0.0	0.0	0.0	0.0	0.0	0.0	0.0	0.0	0.0	0.0	0.0	0.0	0.0	0.0	0.0	0.0	0.0	0.0	0.0	0.0	0.0	0.0	0.0	0.0	0.0	7.19569e-05	0.0	0.0	0.0	0.0	0.0	0.0	0.0	0.0	0.0	0.0	0.0	0.0	0.0	0.0	0.0	0.0	0.0	0.0	0.0	0.0	0.0	0.0	0.0	0.0	0.0	0.0	0.0	0.0	0.027516900000000004	0.0	0.0	0.00170583	0.0	0.0	0.00110341	4.27319e-05	0.00301304	0.0	0.0	0.0105536	0.0	0.0	0.00152957	0.0	0.00141661	0.0	0.00106796	0.0	0.00146376	0.0	0.0	0.000533591	0.0	0.0	0.0	0.0	0.0	0.0	0.0	0.0	0.000158853	0.0	0.0	0.0	0.0	0.0	0.0	0.0	0.0	0.0	0.0	0.0	0.0
Hmi-AMac_007-Ex1-06G.clmp.r1r2_fastp	0.313118	0.10033500000000001	0.108564	0.000115096	0.0	0.0	0.0	0.0	0.0	0.0	0.0	0.0	0.00112218	0.00598498	0.0256376	0.00466138	0.000978315	0.0	0.0	0.0	0.0	0.0	0.00238824	0.0	0.00109341	0.0	0.0	0.0	8.632190000000001e-05	0.0	0.000345287	0.0	0.0	0.0021874399999999997	0.000259118	0.00478071	0.0	0.0	0.000144126	0.000346016	0.0	0.0	0.0	0.0	0.0	0.0	0.0	0.0	0.0	0.0	0.0	0.0	0.0	0.0	0.0	0.0	0.0	0.0	0.0	0.0	0.0	0.0	0.0	0.0	0.0	0.0	0.0	0.0	0.0	0.0	0.0	0.0	0.0	0.0	0.0	0.0	0.0	0.0	0.0	0.0	0.0	0.0	0.0	0.0	0.0	0.0	0.0	3.08906e-05	0.0	6.2254e-05	0.0	0.0	0.0	0.0	3.18147e-05	0.0	0.0	0.0	0.0	0.0	0.0	0.0	0.0	0.0	0.0	0.028303099999999998	0.0	0.0	0.0012696399999999998	0.0	0.0	0.00118907	0.0	0.00340149	0.0	0.0	0.0108427	0.0	0.0	0.0018834999999999998	0.0	0.0008243850000000001	0.0	0.00144623	0.0	0.00116043	0.0	0.0	0.000436237	0.0	0.0	0.0	0.0	0.0	0.0	0.0	0.0	8.62532e-05	0.0	0.0	0.0	0.0	0.0	0.0	0.0	0.0	0.0	0.0	0.0	0.0
Hmi-AMac_008-Ex1-07G.clmp.r1r2_fastp	0.29197	0.0951505	0.10724	0.000291314	0.000182071	0.0	0.0	0.0	0.0	0.0	0.0	0.0	0.00131091	0.00651816	0.024834500000000002	0.00473386	0.00123809	0.0	0.0	0.0	0.0	0.0	0.00233051	0.0	0.000983186	0.0	0.0	0.0	0.0	0.0	0.000400557	0.0	0.0	0.00225823	0.0	0.0051389	0.0	0.0	0.000109462	0.000474531	0.0	0.0	0.0	0.0	0.0	0.0	0.0	0.0	0.0	0.0	0.0	0.0	0.0	0.0	0.0	0.0	0.0	0.0	0.0	0.0	0.0	0.0	0.0	0.0	0.0	0.0	0.0	0.0	0.0	0.0	0.0	0.0	0.0	0.0	0.0	0.0	0.0	0.0	0.0	0.0	0.0	0.0	0.0	0.0	0.0	0.0	0.0	4.0955000000000003e-05	0.0	0.0	0.0	0.0	0.0	0.0	4.28192e-05	0.0	0.0	0.0	0.0	0.0	0.0	0.0	4.5365e-05	0.0	0.0	0.0288131	0.0	0.0	0.00147631	0.0	0.0	0.00083009	0.0	0.00263241	0.0	0.0	0.010661	0.0	0.0	0.00146772	0.0	0.00106855	0.0	0.00130699	0.0	0.00149908	0.0	0.0	0.000629436	0.0	0.0	0.0	0.0	0.0	0.0	0.0	0.0	0.000189985	0.0	0.0	0.0	0.0	0.0	0.0	0.0	0.0	0.0	0.0	0.0	0.0
Hmi-AMac_009-Ex1-08G.clmp.r1r2_fastp	0.306463	0.0958377	0.10877599999999998	8.71252e-05	8.71252e-05	0.0	0.0	0.0	0.0	0.0	0.0	0.0	0.00117619	0.00670864	0.0272266	0.0046612	0.000914815	0.0	0.0	0.0	0.0	0.0	0.0028315700000000003	0.0	0.000958377	0.0	0.0	0.0	8.71252e-05	0.0	0.00017425	0.0	0.0	0.00274536	0.00017437	0.00553832	0.0	0.0	0.000218304	0.00056784	0.0	0.0	0.0	0.0	0.0	0.0	0.0	0.0	0.0	0.0	0.0	0.0	0.0	0.0	0.0	0.0	0.0	0.0	0.0	0.0	0.0	0.0	0.0	0.0	0.0	0.0	0.0	0.0	0.0	0.0	0.0	0.0	0.0	0.0	0.0	0.0	0.0	0.0	0.0	0.0	0.0	0.0	0.0	0.0	0.0	0.0	0.0	0.0	0.0	4.92243e-05	0.0	0.0	0.0	0.0	0.0	0.0	0.0	0.0	0.0	0.0	0.0	0.0	0.0	0.0	0.0	0.0320597	0.0	0.0	0.00141818	0.0	0.0	0.0014579600000000001	0.0	0.0032657999999999997	0.0	0.0	0.0114868	0.0	0.0	0.0020789	0.0	0.00128754	0.0	0.00131506	0.0	0.00134485	0.0	0.0	0.000556236	0.0	0.0	0.0	0.0	0.0	0.0	0.0	0.0	0.000155454	0.0	0.0	0.0	0.0	0.0	0.0	0.0	0.0	0.0	0.0	0.0	0.0
Hmi-AMac_010-Ex1-09G.clmp.r1r2_fastp	0.356311	0.11038400000000001	0.11743	0.000213509	7.11697e-05	0.0	0.0	0.0	0.0	0.0	0.0	0.0	0.00131664	0.00718814	0.0325246	0.00537331	0.00103196	0.0	0.0	0.0	0.0	0.0	0.0025621100000000003	0.0	0.0014589800000000001	0.0	0.0	0.0	7.11697e-05	0.0	0.000498188	0.0	0.0	0.00281178	0.00021360399999999997	0.00673029	0.0	0.0	0.00010694900000000001	0.0006063	0.0	0.0	0.0	0.0	0.0	0.0	0.0	0.0	0.0	0.0	0.0	0.0	0.0	0.0	0.0	0.0	0.0	0.0	0.0	0.0	0.0	0.0	0.0	0.0	0.0	0.0	0.0	0.0	0.0	0.0	0.0	0.0	0.0	0.0	0.0	0.0	0.0	0.0	0.0	0.0	0.0	0.0	0.0	0.0	0.0	0.0	0.0	8.260139999999999e-05	0.0	0.0	0.0	0.0	0.0	0.0	0.0	0.0	0.0	0.0	0.0	0.0	0.0	0.0	0.0	0.0	0.0	0.0384963	0.0	0.0	0.00174481	0.0	0.0	0.00160143	5.4108600000000006e-05	0.00383857	0.0	0.0	0.0155677	0.0	0.0	0.00239617	0.0	0.00117511	0.0	0.00204427	0.0	0.0016517100000000002	0.0	0.0	0.000278222	0.0	0.0	0.0	0.0	0.0	0.0	0.0	0.0	0.000247196	0.0	0.0	0.0	0.0	0.0	0.0	0.0	0.0	0.0	0.0	0.0	0.0
Hmi-AMac_011-Ex1-10G.clmp.r1r2_fastp	0.288505	0.094354	0.10684500000000001	0.000126593	0.000126593	0.0	0.0	0.0	0.0	0.0	0.0	0.0	0.00147692	0.00692042	0.026922099999999997	0.00430416	0.000928349	0.0	0.0	0.0	0.0	0.0	0.0021098799999999997	0.0	0.0008439529999999999	0.0	0.0	0.0	8.43953e-05	0.0	0.000295384	0.0	0.0	0.0023637000000000003	0.000253329	0.0052371299999999996	0.0	0.0	0.00012685	0.00042302700000000003	0.0	0.0	0.0	0.0	0.0	0.0	0.0	0.0	0.0	0.0	0.0	0.0	0.0	0.0	0.0	0.0	0.0	0.0	0.0	0.0	0.0	0.0	0.0	0.0	0.0	0.0	0.0	0.0	0.0	0.0	0.0	0.0	0.0	0.0	0.0	0.0	9.14427e-05	0.0	0.0	0.0	0.0	0.0	0.0	0.0	0.0	0.0	0.0	0.0	0.0	0.0	0.0	0.0	0.0	0.0	0.0	0.0	0.0	0.0	0.0	0.0	0.0	0.0	0.0	0.0	0.0	0.028357900000000002	0.0	0.0	0.0015193399999999999	0.0	0.0	0.00198979	0.0	0.00406147	0.0	0.0	0.0094863	0.0	0.0	0.00250494	0.0	0.00141753	0.0	0.00152173	0.0	0.00198359	0.0	0.0	0.00036804299999999997	0.0	0.0	0.0	0.0	0.0	0.0	0.0	0.0	0.000250397	0.0	0.0	0.0	0.0	0.0	0.0	0.0	0.0	0.0	0.0	0.0	0.0
Hmi-AMac_012-Ex1-11G.clmp.r1r2_fastp	0.2952	0.0961775	0.10787100000000001	6.838080000000001e-05	3.4190400000000004e-05	0.0	0.0	0.0	0.0	0.0	0.0	0.0	0.00136762	0.00776122	0.0262924	0.00495761	0.00112828	0.0	0.0	0.0	0.0	0.0	0.00229076	0.0	0.000991521	0.0	0.0	0.0	3.4190400000000004e-05	0.0	0.00030771300000000004	0.0	0.0	0.0015390799999999997	3.4211799999999997e-05	0.00410688	0.0	0.0	0.00027414999999999997	0.000479995	0.0	0.0	0.0	0.0	0.0	0.0	0.0	3.4474299999999996e-05	0.0	0.0	0.0	0.0	0.0	0.0	0.0	0.0	0.0	0.0	0.0	0.0	0.0	0.0	0.0	0.0	0.0	0.0	0.0	0.0	0.0	0.0	0.0	0.0	0.0	0.0	0.0	0.0	0.0	0.0	0.0	0.0	0.0	0.0	0.0	0.0	0.0	0.0	0.0	3.91652e-05	0.0	7.93784e-05	0.0	0.0	0.0	0.0	0.0	0.0	0.0	0.0	0.0	0.0	0.0	0.0	0.0	0.0	0.0	0.0318692	0.0	0.0	0.0019960299999999998	0.0	0.0	0.0008130930000000001	0.0	0.00263431	0.0	0.0	0.0118248	0.0	0.0	0.0015069600000000001	0.0	0.00159323	0.000107427	0.000652034	0.0	0.0018345000000000002	0.0	0.0	0.0008627820000000001	0.0	0.0	0.0	0.0	0.0	0.0	0.0	0.0	0.000322818	0.0	0.0	0.0	0.0	0.0	0.0	0.0	0.0	0.0	0.0	0.0	0.0
Hmi-AMac_013-Ex1-12G.clmp.r1r2_fastp	0.312228	0.100299	0.113478	8.21113e-05	4.10556e-05	0.0	0.0	0.0	0.0	0.0	0.0	0.0	0.00106745	0.006486789999999999	0.029601099999999998	0.00521407	0.000615835	0.0	0.0	0.0	0.0	0.0	0.00270967	0.0	0.0014780000000000001	0.0	0.0	0.0	0.000123167	0.0	0.00065689	0.0	0.0	0.00258729	0.000287563	0.00612301	0.0	0.0	8.229529999999999e-05	0.000658734	0.0	0.0	0.0	0.0	0.0	0.0	0.0	0.0	0.0	0.0	0.0	0.0	0.0	0.0	0.0	0.0	0.0	0.0	0.0	0.0	0.0	0.0	0.0	0.0	0.0	0.0	0.0	0.0	0.0	0.0	0.0	0.0	0.0	0.0	0.0	0.0	4.64541e-05	0.0	0.0	0.0	0.0	0.0	0.0	0.0	0.0	0.0	0.0	0.0	0.0	0.0	0.0	0.0	0.0	0.0	0.0	0.0	0.0	0.0	0.0	0.0	0.0	0.0	0.0	0.0	0.0	0.036033	0.0	0.0	0.0017427100000000002	0.0	0.0	0.000910258	7.10979e-05	0.0036105900000000003	0.0	0.0	0.013397300000000001	0.0	0.0	0.00158599	0.0	0.00139389	0.0	0.00152559	0.0	0.0015801	0.0	0.0	0.00027745	0.0	0.0	0.0	0.0	0.0	0.0	0.0	0.0	0.0	0.0	0.0	0.0	0.0	0.0	0.0	0.0	0.0	0.0	0.0	0.0	0.0
Hmi-AMac_014-Ex1-01H.clmp.r1r2_fastp	0.309695	0.104543	0.108299	4.47149e-05	0.000134145	0.0	0.0	0.0	0.0	0.0	0.0	0.0	0.00138616	0.00755681	0.028751699999999998	0.00496335	0.00134145	0.0	0.0	4.47149e-05	0.0	0.0	0.00313004	0.0	0.0014308799999999998	0.0	0.0	0.0	4.47149e-05	0.0	0.000357719	0.0	0.0	0.0028631	0.000268546	0.00676218	0.0	0.0	0.000314195	0.000494197	0.0	0.0	0.0	0.0	0.0	0.0	0.0	0.0	0.0	0.0	0.0	0.0	0.0	0.0	0.0	0.0	0.0	0.0	0.0	0.0	0.0	0.0	0.0	0.0	0.0	0.0	0.0	0.0	0.0	0.0	0.0	0.0	0.0	0.0	0.0	0.0	0.0	0.0	0.0	0.0	0.0	0.0	0.0	0.0	0.0	5.64771e-05	0.0	0.000115609	0.0	0.0	0.0	0.0	0.0	0.0	0.0	0.0	0.0	0.0	0.0	0.0	0.0	0.0	0.0	0.0	0.0	0.037752	0.00015264300000000002	0.0	0.002052	0.0	0.0	0.00249474	0.00016938400000000002	0.00499956	0.0	0.0	0.0134716	0.0	9.44518e-05	0.0033689400000000004	0.0	0.0016026600000000001	0.000102214	0.002188	0.0	0.00140866	0.0	0.0	0.0008077609999999999	0.0	0.0	0.0	0.0	0.0	0.0	0.0	0.0	0.0	0.0	0.0	0.0	0.0	0.0	0.0	0.0	0.0	0.0	0.0	0.0	0.0
Hmi-AMac_015-Ex1-02H.clmp.r1r2_fastp	0.297138	0.108731	0.115807	3.7636200000000004e-05	0.00011290900000000001	0.0	0.0	0.0	0.0	0.0	0.0	0.0	0.0014301700000000001	0.0074896	0.0293939	0.00493034	0.000978541	0.0	0.0	0.0	0.0	0.0	0.0030485300000000003	0.0	0.00105381	0.0	0.0	0.0	3.7636200000000004e-05	0.0	0.000301089	0.0	0.0	0.0024093599999999997	0.000301266	0.00504789	0.0	0.0	0.00041485299999999997	0.000452792	0.0	0.0	0.0	0.0	0.0	0.0	0.0	3.79455e-05	0.0	0.0	0.0	0.0	0.0	0.0	0.0	0.0	0.0	0.0	0.0	0.0	0.0	0.0	0.0	0.0	0.0	0.0	0.0	0.0	0.0	0.0	0.0	0.0	0.0	0.0	0.0	0.0	0.0	0.0	0.0	0.0	0.0	0.0	0.0	0.0	0.0	4.2861599999999996e-05	0.0	8.68684e-05	0.0	4.4065999999999994e-05	0.0	0.0	0.0	0.0	0.0	0.0	0.0	0.0	0.0	0.0	0.0	0.0	0.0	0.0	0.0	0.0321896	0.0	0.0	0.00141733	0.0	0.0	0.00103101	5.4903499999999994e-05	0.00322171	0.0	0.0	0.0122023	0.0	0.0	0.00125467	0.0	0.00104251	6.20891e-05	0.00138412	0.0	0.00142192	0.0	0.0	0.000336851	0.0	0.0	0.0	0.0	0.0	0.0	0.0	0.0	0.000308629	0.0	0.0	0.0	8.30824e-05	0.0	0.0	0.0	0.0	0.0	0.0	0.0	0.0
Hmi-AMac_016-Ex1-03H.clmp.r1r2_fastp	0.294574	0.10294900000000001	0.112859	0.00019661800000000002	0.000117971	0.0	0.0	0.0	0.0	0.0	0.0	0.0	0.00133701	0.006685030000000001	0.027959099999999997	0.00554464	0.00141565	0.0	0.0	0.0	0.0	0.0	0.00279198	0.0	0.00114039	0.0	0.0	0.0	3.9323700000000004e-05	0.0	0.000511208	0.0	0.0	0.00243875	0.000236087	0.00602237	0.0	0.0	0.000118248	0.000670461	0.0	0.0	0.0	0.0	0.0	0.0	0.0	3.97418e-05	0.0	0.0	0.0	0.0	0.0	0.0	0.0	0.0	0.0	0.0	0.0	0.0	0.0	0.0	0.0	0.0	0.0	0.0	0.0	0.0	0.0	0.0	0.0	0.0	0.0	0.0	0.0	0.0	0.0	0.0	0.0	0.0	0.0	0.0	0.0	0.0	0.0	0.0	0.0	4.8010300000000003e-05	0.0	0.0	0.0	0.0	0.0	0.0	0.0	0.0	0.0	0.0	0.0	0.0	0.0	0.0	5.63835e-05	0.0	0.0	0.0316535	0.0	0.0	0.0018850899999999999	0.0	0.0	0.00177173	6.41913e-05	0.0038414	0.0	0.0	0.0116174	0.0	0.0	0.0022007000000000003	0.0	0.00168292	0.000148553	0.00105613	0.0	0.0015570199999999999	0.0	0.0	0.000570674	0.0	0.0	0.0	0.0	0.0	0.0	0.0	0.0	9.46903e-05	0.0	0.0	0.0	0.0	0.0	0.0	0.0	0.0	0.0	0.0	0.0	0.0
Hmi-AMac_017-Ex1-04H.clmp.r1r2_fastp	0.29166000000000003	0.0981684	0.10581099999999999	8.12989e-05	8.12989e-05	0.0	0.0	0.0	0.0	0.0	0.0	0.0	0.00105689	0.0058128699999999995	0.0265441	0.00426819	0.000691041	0.0	0.0	0.0	0.0	0.0	0.00288611	0.0	0.000894288	0.0	0.0	0.0	8.12989e-05	0.0	0.000284546	0.0	0.0	0.00260245	0.000244066	0.00577836	0.0	0.0	0.000285249	0.0006931099999999999	0.0	0.0	0.0	0.0	0.0	0.0	0.0	0.0	0.0	0.0	0.0	0.0	0.0	0.0	0.0	0.0	0.0	0.0	0.0	0.0	0.0	0.0	0.0	0.0	0.0	0.0	0.0	0.0	0.0	0.0	0.0	0.0	0.0	0.0	0.0	0.0	0.0	0.0	0.0	0.0	0.0	0.0	0.0	0.0	0.0	4.59909e-05	0.0	9.31067e-05	0.0	4.71808e-05	0.0	0.0	0.0	0.0	0.0	0.0	0.0	0.0	0.0	0.0	0.0	0.0	0.0	0.0	0.0	0.0320265	0.0	0.0	0.00165488	0.0	0.0	0.00125011	0.0	0.00371183	0.0	0.0	0.013280900000000002	0.0	6.1157e-05	0.00191661	0.0	0.000948284	0.0	0.00174713	0.0	0.0017892300000000002	0.0	0.0	0.0006880209999999999	0.0	0.0	0.0	0.0	0.0	0.0	0.0	0.0	0.00015543099999999998	0.0	0.0	0.0	0.0	0.0	0.0	0.0	0.0	0.0	0.0	0.0	0.0
Hmi-AMac_018-Ex1-05H.clmp.r1r2_fastp	0.298471	0.09383	0.104502	0.000134235	3.35586e-05	0.0	0.0	0.0	0.0	0.0	0.0	0.0	0.0011409900000000001	0.005704969999999999	0.0246656	0.00466465	0.00100676	0.0	0.0	0.0	0.0	0.0	0.0019463999999999998	0.0	0.00120811	0.0	0.0	0.0	3.35586e-05	0.0	0.000536938	0.0	0.0	0.0017791999999999999	0.000235074	0.00473639	0.0	0.0	0.00010088500000000001	0.00023547500000000002	0.0	0.0	0.0	0.0	0.0	0.0	0.0	3.3756e-05	0.0	0.0	0.0	0.0	0.0	0.0	0.0	0.0	0.0	0.0	0.0	0.0	0.0	0.0	0.0	0.0	0.0	0.0	0.0	0.0	0.0	0.0	0.0	0.0	0.0	0.0	0.0	0.0	3.50518e-05	0.0	0.0	0.0	0.0	0.0	0.0	0.0	0.0	0.0	0.0	3.6395e-05	0.0	3.67101e-05	0.0	0.0	0.0	0.0	0.0	0.0	0.0	0.0	0.0	0.0	0.0	0.0	0.0	0.0	0.0	0.0279324	0.0	0.0	0.00163803	0.0	0.0	0.00104623	0.0	0.00284523	0.0	4.31416e-05	0.0102624	0.0	0.0	0.00169317	0.0	0.00104211	4.57008e-05	0.00101447	0.0	0.0008920260000000001	0.0	0.0	0.0005314219999999999	0.0	0.0	0.0	0.0	0.0	0.0	0.0	0.0	0.00015969999999999998	0.0	0.0	0.0	0.0	0.0	0.0	0.0	0.0	0.0	0.0	0.0	0.0
Hmi-AMac_019-Ex1-06H.clmp.r1r2_fastp	0.306931	0.10100700000000001	0.107599	0.000136374	6.818679999999999e-05	0.0	0.0	0.0	0.0	0.0	0.0	0.0	0.00106826	0.00656866	0.026547400000000002	0.0050458199999999995	0.0011137200000000001	0.0	0.0	0.0	0.0	0.0	0.00234108	0.0	0.00129555	0.0	0.0	0.0	2.27289e-05	0.0	0.000295476	0.0	0.0	0.00206901	0.00011371600000000001	0.00511874	0.0	0.0	0.000159434	0.00038733599999999995	0.0	0.0	0.0	0.0	0.0	0.0	0.0	0.0	0.0	0.0	0.0	0.0	0.0	0.0	0.0	0.0	0.0	0.0	0.0	0.0	0.0	0.0	0.0	0.0	0.0	0.0	0.0	0.0	0.0	0.0	0.0	0.0	0.0	0.0	0.0	0.0	4.76915e-05	0.0	0.0	0.0	0.0	0.0	0.0	0.0	0.0	7.3845e-05	0.0	0.0	0.0	0.0	0.0	0.0	0.0	0.0	0.0	0.0	0.0	0.0	0.0	0.0	0.0	0.0	0.0	0.0	0.0	0.0296015	2.77216e-05	0.0	0.00151808	0.0	0.0	0.0012651	0.0	0.00332928	0.0	2.9677399999999998e-05	0.0106817	0.0	0.0	0.0018411400000000002	0.0	0.00149877	3.15136e-05	0.0010496099999999999	0.0	0.0015888200000000001	0.0	0.0	0.000467563	0.0	0.0	0.0	0.0	0.0	0.0	0.0	0.0	0.00018482699999999998	0.0	0.0	0.0	0.0	0.0	0.0	0.0	0.0	0.0	0.0	0.0	0.0
Hmi-AMac_020-Ex1-07H.clmp.r1r2_fastp	0.321413	0.10698400000000001	0.11716700000000001	0.00037714599999999997	8.38103e-05	0.0	0.0	0.0	0.0	0.0	0.0	0.0	0.00117334	0.007584830000000001	0.029166	0.00427433	0.00117334	0.0	0.0	0.0	0.0	0.0	0.00305908	0.0	0.000921914	0.0	0.0	0.0	4.19052e-05	0.0	0.00020952599999999997	0.0	0.0	0.00238915	0.000251549	0.005619369999999999	0.0	0.0	0.000167878	0.0005457810000000001	0.0	0.0	0.0	0.0	0.0	0.0	0.0	0.0	0.0	0.0	0.0	0.0	0.0	0.0	0.0	0.0	0.0	0.0	0.0	0.0	0.0	0.0	0.0	0.0	0.0	0.0	0.0	0.0	0.0	0.0	0.0	0.0	0.0	0.0	0.0	0.0	0.00017698199999999998	0.0	0.0	0.0	0.0	0.0	0.0	0.0	0.0	0.0	0.0	4.6635100000000003e-05	0.0	0.0	0.0	0.0	0.0	0.0	0.0	0.0	0.0	0.0	0.0	0.0	0.0	0.0	0.0	0.0	0.0	0.0357328	5.39718e-05	0.0	0.00148406	0.0	0.0	0.00118837	0.0	0.00340582	0.0	5.8899499999999994e-05	0.013155	0.0	6.0828099999999994e-05	0.0017822800000000002	0.0	0.00207179	0.0	0.0012204499999999999	0.0	0.00184198	0.0	0.0	0.000477117	0.0	0.0	0.0	0.0	0.0	0.0	0.0	0.0	0.00038303100000000004	0.0	0.0	0.0	0.0	0.0	0.0	0.0	0.0	0.0	0.0	0.0	0.0
Hmi-AMac_021-Ex1-08H.clmp.r1r2_fastp	0.303214	0.10603900000000001	0.115345	0.000139939	3.4984800000000004e-05	0.0	0.0	0.0	0.0	0.0	0.0	0.0	0.0012594499999999998	0.00706694	0.0255039	0.00503782	0.00129444	0.0	0.0	0.0	0.0	0.0	0.00297371	0.0	0.000839636	0.0	0.0	0.0	0.000104955	0.0	0.000314864	0.0	0.0	0.0025196	0.000140015	0.00476207	0.0	0.0	0.00024537100000000003	0.00042077000000000005	0.0	0.0	0.0	0.0	0.0	0.0	0.0	0.0	0.0	0.0	0.0	0.0	0.0	0.0	0.0	0.0	0.0	0.0	0.0	0.0	0.0	0.0	0.0	0.0	0.0	0.0	0.0	0.0	0.0	0.0	0.0	0.0	0.0	0.0	0.0	0.0	3.66809e-05	0.0	0.0	0.0	0.0	0.0	0.0	0.0	0.0	0.0	0.0	0.0	0.0	0.0	0.0	0.0	0.0	0.0	0.0	0.0	0.0	0.0	0.0	0.0	0.0	0.0	0.0	0.0	0.0	0.0319399	8.55527e-05	0.0	0.0013459799999999999	0.0	0.0	0.00137684	4.47597e-05	0.00397062	0.0	0.0	0.012352000000000002	0.0	0.0	0.00208924	0.0	0.0008222059999999999	0.0	0.0015273799999999998	0.0	0.0014561	0.0	0.0	0.0005170519999999999	0.0	0.0	0.0	0.0	0.0	0.0	0.0	0.0	0.00017157900000000002	0.0	0.0	0.0	0.0	0.0	0.0	0.0	0.0	0.0	0.0	0.0	0.0
Hmi-AMac_022-Ex1-09H.clmp.r1r2_fastp	0.319739	0.117525	0.128191	0.000245764	0.000196611	0.0	0.0	0.0	0.0	0.0	0.0	0.0	0.0017203499999999998	0.006881399999999999	0.0296883	0.00550512	0.00127797	0.0	0.0	0.0	0.0	0.0	0.00275256	0.0	0.00122882	0.0	0.0	0.0	0.0	0.0	0.000491529	0.0	0.0	0.0026551	0.000245924	0.00644557	0.0	0.0	0.00024637	0.00044373200000000007	0.0	0.0	0.0	0.0	0.0	0.0	0.0	0.0	0.0	0.0	0.0	0.0	0.0	0.0	0.0	0.0	0.0	0.0	0.0	0.0	0.0	0.0	0.0	0.0	0.0	0.0	0.0	0.0	0.0	0.0	0.0	0.0	0.0	0.0	0.0	0.0	0.0	0.0	0.0	0.0	0.0	0.0	0.0	0.0	0.0	0.0	0.0	6.13329e-05	0.0	0.0	0.0	0.0	0.0	0.0	0.0	0.0	0.0	0.0	0.0	0.0	0.0	0.0	0.0	0.0	0.0	0.040779800000000005	0.0	0.0	0.0016433799999999998	0.0	0.0	0.0012973	0.0	0.0031343900000000004	0.0	0.0	0.0162421	0.0	0.0	0.0018984	0.0	0.0020776099999999997	0.0	0.0015133800000000002	0.0	0.0024765200000000003	0.0	0.0	0.00047935799999999993	0.0	0.0	0.0	0.0	0.0	0.0	0.0	0.0	0.000146556	0.0	0.0	0.0	0.0	0.0	0.0	0.0	0.0	0.0	0.0	0.0	0.0
Hmi-AMac_023-Ex1-10H.clmp.r1r2_fastp	0.283898	0.09605269999999999	0.10639799999999999	0.00023404699999999998	0.0	0.0	0.0	0.0	0.0	0.0	0.0	0.0	0.00145109	0.00734906	0.025557899999999998	0.00411922	0.00112342	0.0	0.0	0.0	0.0	0.0	0.00196599	0.0	0.00131066	0.0	0.0	0.0	4.68093e-05	0.0	0.000421284	0.0	0.0	0.00210695	0.000140502	0.005059709999999999	0.0	0.0	0.000140704	0.000469234	0.0	0.0	0.0	0.0	0.0	0.0	0.0	0.0	0.0	0.0	0.0	0.0	0.0	0.0	0.0	0.0	0.0	0.0	0.0	0.0	0.0	0.0	0.0	0.0	0.0	0.0	0.0	0.0	0.0	0.0	0.0	0.0	0.0	0.0	0.0	0.0	0.0	0.0	0.0	0.0	0.0	0.0	0.0	0.0	0.0	0.0	0.0	5.50428e-05	0.0	0.0	0.0	0.0	0.0	0.0	5.8490500000000005e-05	0.0	0.0	0.0	0.0	0.0	0.0	0.0	0.0	0.0	0.0	0.0327105	0.0	0.0	0.00149277	0.0	0.0	0.0012664500000000001	0.0	0.00302921	0.0	0.0	0.011911399999999999	0.0	0.0	0.00163705	0.0	0.00112129	0.0	0.0013992	0.0	0.00186355	0.0	0.0	0.00044247899999999996	0.0	0.0	0.0	0.0	0.0	0.0	0.0	0.0	0.0	0.0	0.0	0.0	0.0	0.0	0.0	0.0	0.0	0.0	0.0	0.0	0.0
Hmi-AMac_024-Ex1-11H.clmp.r1r2_fastp	0.298632	0.0982759	0.11647199999999999	0.000235297	3.92162e-05	0.0	0.0	0.0	0.0	0.0	0.0	0.0	0.0016470800000000002	0.00737265	0.028353299999999998	0.00486281	0.0010196200000000002	0.0	0.0	0.0	0.0	0.0	0.00250984	0.0	0.00149022	0.0	0.0	7.84324e-05	7.84324e-05	0.0	0.000666676	0.0	0.0	0.0023539900000000002	0.000196258	0.00518405	0.0	0.0	0.000314939	0.000315234	0.0	0.0	0.0	0.0	0.0	0.0	0.0	3.98373e-05	0.0	0.0	0.0	0.0	0.0	0.0	0.0	0.0	0.0	0.0	0.0	0.0	0.0	0.0	0.0	0.0	0.0	0.0	0.0	0.0	0.0	0.0	0.0	0.0	0.0	0.0	0.0	0.0	8.81224e-05	0.0	0.0	0.0	0.0	0.0	0.0	0.0	0.0	0.0	0.0	4.7684699999999994e-05	0.0	0.000145586	0.0	0.0	0.0	0.0	0.0	0.0	0.0	0.0	0.0	0.0	0.0	0.0	0.0	0.0	0.0	0.0324565	0.0	0.0	0.00154543	0.0	0.0	0.0016066499999999998	6.26071e-05	0.00329963	0.0	0.0	0.013550699999999999	0.0	6.799579999999999e-05	0.00206881	0.0	0.00106463	0.00014405899999999998	0.00117038	0.0	0.00135931	0.0	0.0	0.000316555	0.0	0.0	0.0	0.0	0.0	0.0	0.0	0.0	9.212180000000001e-05	0.0	0.0	0.0	0.0	0.0	0.0	0.0	0.0	0.0	0.0	0.0	0.0
Hmi-AMac_025-Ex1-12H.clmp.r1r2_fastp	0.300196	0.11003199999999999	0.114466	0.000253384	0.0	0.0	0.0	0.0	0.0	0.0	0.0	0.0	0.0011402299999999999	0.00646128	0.0284423	0.00519436	0.000950189	0.0	0.0	0.0	0.0	0.0	0.00247049	0.0	0.00101353	0.0	0.0	0.0	0.0	0.0	0.00031673000000000004	0.0	0.0	0.002091	0.000126764	0.00627693	0.0	0.0	0.00019046999999999998	0.00044463500000000003	0.0	0.0	0.0	0.0	0.0	0.0	0.0	0.0	0.0	0.0	0.0	0.0	0.0	0.0	0.0	0.0	0.0	0.0	0.0	0.0	0.0	0.0	0.0	0.0	0.0	0.0	0.0	0.0	0.0	0.0	0.0	0.0	0.0	0.0	0.0	0.0	0.0	0.0	0.0	0.0	0.0	0.0	0.0	0.0	0.0	7.30119e-05	0.0	7.40706e-05	0.0	0.0	0.0	0.0	0.0	0.0	0.0	0.0	0.0	0.0	0.0	0.0	0.0	0.0	0.0	0.0	0.0	0.0349278	8.80243e-05	0.0	0.0015294800000000002	0.0	0.0	0.00111583	0.0	0.00333353	0.0	0.0	0.0134402	0.0	0.00010133600000000001	0.0017450699999999998	0.0	0.0015804	0.000106704	0.0006490059999999999	0.0	0.00111105	0.0	0.0	0.00023176999999999998	0.0	0.0	0.0	0.0	0.0	0.0	0.0	0.0	0.000133089	0.0	0.0	0.0	0.0	0.0	0.0	0.0	0.0	0.0	0.0	0.0	0.0
Hmi-AMac_026-Ex1-01E.clmp.r1r2_fastp	0.291992	0.0934288	0.108347	0.000272228	0.000108891	0.0	0.0	0.0	0.0	0.0	0.0	0.0	0.00114336	0.006642370000000001	0.0270051	0.00451899	0.00108891	0.0	0.0	0.0	0.0	0.0	0.0031578500000000002	0.0	0.000707794	0.0	0.0	0.0	5.44457e-05	0.0	0.00038112	0.0	0.0	0.00196085	0.000163482	0.00605245	0.0	0.0	0.000273264	0.000711104	0.0	0.0	0.0	0.0	0.0	0.0	0.0	5.53223e-05	0.0	0.0	0.0	0.0	0.0	0.0	0.0	0.0	0.0	0.0	0.0	0.0	0.0	0.0	0.0	0.0	0.0	0.0	0.0	0.0	0.0	0.0	0.0	0.0	0.0	0.0	0.0	0.0	0.000124169	0.0	0.0	0.0	0.0	0.0	0.0	0.0	0.0	0.0	0.0	0.0	0.0	6.91263e-05	0.0	0.0	0.0	0.0	0.0	0.0	0.0	0.0	0.0	0.0	0.0	0.0	7.94416e-05	0.0	0.0	0.033047099999999996	0.0	0.0	0.00196151	0.0	0.0	0.00159367	0.0	0.00381538	0.0	0.0	0.012648999999999999	0.0	0.0	0.00157143	0.0	0.00151454	0.0	0.00103878	0.0	0.0017116400000000002	0.0	0.0	0.000670774	0.0	0.0	0.0	0.0	0.0	0.0	0.0	0.0	0.000256694	0.0	0.0	0.0	0.0	0.0	0.0	0.0	0.0	0.0	0.0	0.0	0.0
Hmi-AMac_027-Ex1-02E.clmp.r1r2_fastp	0.299199	0.0972573	0.107229	0.000166894	8.34469e-05	0.0	0.0	0.0	0.0	0.0	0.0	0.0	0.0012517000000000001	0.00625851	0.026244	0.00509026	0.00100136	0.0	0.0	0.0	0.0	0.0	0.00254513	0.0	0.000709298	0.0	0.0	0.0	4.17234e-05	0.0	0.00012517	0.0	0.0	0.0025041	0.000208742	0.006013940000000001	0.0	0.0	0.000376356	0.000627597	0.0	0.0	0.0	0.0	0.0	0.0	0.0	8.42509e-05	0.0	0.0	0.0	0.0	0.0	0.0	0.0	0.0	0.0	0.0	0.0	0.0	0.0	0.0	0.0	0.0	0.0	0.0	0.0	0.0	0.0	0.0	0.0	0.0	0.0	0.0	0.0	0.0	0.0	0.0	0.0	0.0	0.0	0.0	0.0	0.0	0.0	0.0	0.0	0.0	0.0	0.000101535	0.0	0.0	0.0	0.0	0.0	0.0	0.0	0.0	0.0	0.0	0.0	0.0	0.0	0.0	0.0	0.0330778	0.0	0.0	0.00111841	0.0	0.0	0.00135374	6.526669999999999e-05	0.00317324	0.0	0.0	0.0122387	0.0	0.0	0.00214788	0.0	0.00139825	0.0002238	0.00143658	0.0	0.0014773	0.0	0.0	0.000405863	0.0	0.0	0.0	0.0	0.0	0.0	0.0	0.0	9.3562e-05	0.0	0.0	0.0	0.0	0.0	0.0	0.0	0.0	0.0	0.0	0.0	0.0
Hmi-AMac_028-Ex1-03E.clmp.r1r2_fastp	0.319427	0.0942927	0.116467	0.000174875	6.99501e-05	0.0	0.0	0.0	0.0	0.0	0.0	0.0	0.001399	0.00720486	0.0285396	0.00479158	0.0012591	0.0	0.0	0.0	0.0	0.0	0.0023783	0.0	0.00118915	0.0	0.0	0.0	3.4975099999999997e-05	0.0	0.000384726	0.0	0.0	0.00255375	0.000209944	0.00528481	0.0	0.0	7.00591e-05	0.000315361	0.0	0.0	0.0	0.0	0.0	0.0	0.0	0.0	0.0	0.0	0.0	0.0	0.0	0.0	0.0	0.0	0.0	0.0	0.0	0.0	0.0	0.0	0.0	0.0	0.0	0.0	0.0	0.0	0.0	0.0	0.0	0.0	0.0	0.0	0.0	0.0	0.0	0.0	0.0	0.0	0.0	0.0	0.0	0.0	0.0	0.0	0.0	0.0	0.0	0.0	0.0	0.0	0.0	0.0	0.0	0.0	0.0	0.0	0.0	0.0	0.0	0.0	0.0	0.0	0.0	0.033837	9.34966e-05	0.0	0.00133585	0.0	0.0	0.00132942	0.0	0.00316922	0.0	5.148890000000001e-05	0.0127603	0.0	0.0	0.0017813699999999998	0.0	0.00110697	0.0	0.00164689	0.0	0.00122362	0.0	0.0	0.000546129	0.0	0.0	0.0	0.0	0.0	0.0	0.0	0.0	0.00027749599999999996	0.0	0.0	0.0	0.0	0.0	0.0	0.0	0.0	0.0	0.0	0.0	0.0
Hmi-AMac_029-Ex1-04E.clmp.r1r2_fastp	0.321807	0.101308	0.112993	0.00016752099999999998	4.18802e-05	0.0	0.0	0.0	0.0	0.0	0.0	0.0	0.00150769	0.00716151	0.029023	0.00489998	0.0012145300000000001	0.0	0.0	0.0	0.0	0.0	0.00230341	0.0	0.00138205	0.0	0.0	0.0	0.0	0.0	0.000460682	0.0	0.0	0.00259721	0.000125697	0.006412279999999999	0.0	0.0	0.000167801	0.00046161	0.0	0.0	0.0	0.0	0.0	0.0	0.0	0.0	0.0	0.0	0.0	0.0	0.0	0.0	0.0	0.0	0.0	0.0	0.0	0.0	0.0	0.0	0.0	0.0	0.0	0.0	0.0	0.0	0.0	0.0	0.0	0.0	0.0	0.0	0.0	0.0	0.0	0.0	0.0	0.0	0.0	0.0	0.0	0.0	0.0	0.0	0.0	4.821280000000001e-05	0.0	4.89901e-05	0.0	0.0	0.0	0.0	0.0	0.0	0.0	0.0	0.0	0.0	0.0	0.0	0.0	0.0	0.0	0.0342636	0.0	0.0	0.0016051099999999999	0.0	0.0	0.0010485100000000001	0.0	0.00335413	0.0	0.0	0.013296200000000001	0.0	0.0	0.0018501000000000001	0.0	0.0011990100000000001	0.0	0.00145225	0.0	0.00232101	0.0	0.0	0.000313318	0.0	0.0	0.0	0.0	0.0	0.0	0.0	0.0	0.000182132	0.0	0.0	0.0	0.0	0.0	0.0	0.0	0.0	0.0	0.0	0.0	0.0
Hmi-AMac_030-Ex1-05E.clmp.r1r2_fastp	0.321786	0.103616	0.112825	0.000162027	2.70045e-05	0.0	0.0	0.0	0.0	0.0	0.0	0.0	0.00156626	0.0062920499999999996	0.0280307	0.00467178	0.0011882000000000002	0.0	0.0	0.0	0.0	0.0	0.00243041	0.0	0.00145824	0.0	0.0	2.70045e-05	5.4009e-05	0.0	0.000513086	0.0	0.0	0.00232314	0.000270233	0.005542109999999999	0.0	0.0	0.000162453	0.000487634	0.0	0.0	0.0	0.0	0.0	0.0	0.0	0.0	0.0	0.0	0.0	0.0	0.0	0.0	0.0	0.0	0.0	0.0	0.0	0.0	0.0	0.0	0.0	0.0	0.0	0.0	0.0	0.0	0.0	0.0	0.0	0.0	0.0	0.0	0.0	0.0	0.0	0.0	0.0	0.0	0.0	0.0	0.0	0.0	0.0	0.0	0.0	0.0	0.0	3.10399e-05	0.0	0.0	0.0	0.0	0.0	0.0	0.0	0.0	0.0	0.0	0.0	0.0	0.0	0.0	0.0	0.0347239	3.5429900000000004e-05	0.0	0.0016960699999999998	0.0	0.0	0.00192955	7.49531e-05	0.00340586	0.0	0.0	0.013172	0.0	0.0	0.00217088	0.0	0.00147895	4.1535399999999995e-05	0.00113431	0.0	0.00150402	0.0	0.0	0.000400315	0.0	0.0	0.0	0.0	0.0	0.0	0.0	0.0	9.96963e-05	0.0	0.0	0.0	0.0	0.0	0.0	0.0	0.0	0.0	0.0	0.0	0.0
Hmi-AMac_031-Ex1-06E.clmp.r1r2_fastp	0.323017	0.108084	0.117901	0.00016695099999999998	0.0	0.0	0.0	0.0	0.0	0.0	0.0	0.0	0.00110188	0.00617719	0.029349999999999998	0.00500853	0.00106849	0.0	0.0	0.0	0.0	0.0	0.00223714	0.0	0.00126883	0.0	0.0	0.0	3.33902e-05	0.0	0.00043407300000000004	0.0	0.0	0.00267179	0.000267236	0.006348619999999999	0.0	0.0	0.000167219	0.0005352699999999999	0.0	0.0	0.0	0.0	0.0	0.0	0.0	0.0	0.0	0.0	0.0	0.0	0.0	0.0	0.0	0.0	0.0	0.0	0.0	0.0	0.0	0.0	0.0	0.0	0.0	0.0	0.0	0.0	0.0	0.0	0.0	0.0	0.0	0.0	0.0	0.0	0.0	0.0	0.0	0.0	0.0	0.0	0.0	0.0	0.0	3.66946e-05	0.0	0.0	0.0	0.0	0.0	0.0	0.0	0.0	0.0	0.0	0.0	0.0	0.0	0.0	0.0	0.0	4.13401e-05	0.0	0.0	0.0325975	8.56558e-05	0.0	0.00156933	0.0	0.0	0.0012109900000000001	9.05651e-05	0.00306536	0.0	0.0	0.0117892	0.0	0.0	0.00184973	0.0	0.00179051	0.000100589	0.0015772000000000002	0.0	0.0020808199999999997	0.0	0.0	0.000646534	0.0	0.0	0.0	0.0	0.0	0.0	0.0	0.0	0.00018207	0.0	0.0	0.0	6.471230000000001e-05	0.0	0.0	0.0	0.0	0.0	0.0	0.0	0.0
Hmi-AMac_032-Ex1-07E.clmp.r1r2_fastp	0.318986	0.0992147	0.111195	9.03046e-05	0.0	0.0	0.0	0.0	0.0	0.0	0.0	0.0	0.00135457	0.007284570000000001	0.028747	0.00442493	0.0009632490000000001	0.0	0.0	0.0	0.0	0.0	0.00258873	0.0	0.00123416	0.0	0.0	0.0	6.02031e-05	0.0	0.000451523	0.0	0.0	0.00210772	0.00021082500000000002	0.00545291	0.0	0.0	0.000211095	0.00057319	0.0	0.0	0.0	0.0	0.0	0.0	0.0	0.0	0.0	0.0	0.0	0.0	0.0	0.0	0.0	0.0	0.0	0.0	0.0	0.0	0.0	0.0	0.0	0.0	0.0	0.0	0.0	0.0	0.0	0.0	0.0	0.0	0.0	0.0	0.0	0.0	3.1882e-05	0.0	0.0	0.0	0.0	0.0	0.0	0.0	0.0	0.0	0.0	3.3512e-05	0.0	3.3894100000000005e-05	0.0	0.0	0.0	0.0	0.0	0.0	0.0	0.0	0.0	0.0	0.0	0.0	0.0	0.0	0.0	0.032609099999999995	3.82584e-05	0.0	0.0017512	0.0	0.0	0.0011985	0.0	0.00280757	0.0	0.0	0.0122599	0.0	0.0	0.0014640900000000001	0.0	0.00149368	0.0	0.00130132	0.0	0.00137419	0.0	0.0	0.000378761	0.0	0.0	0.0	0.0	0.0	0.0	0.0	0.0	0.00015847	0.0	0.0	0.0	0.0	0.0	0.0	0.0	0.0	0.0	0.0	0.0	0.0
Hmi-AMac_033-Ex1-08E.clmp.r1r2_fastp	0.30621	0.101827	0.11430900000000001	0.000277364	3.46706e-05	0.0	0.0	0.0	0.0	0.0	0.0	0.0	0.0011788	0.0063793800000000005	0.025621500000000002	0.00464585	0.00110946	0.0	0.0	0.0	0.0	0.0	0.0025309499999999997	0.0	0.0011788	0.0	0.0	0.0	3.46706e-05	0.0	0.000381376	0.0	0.0	0.00260104	0.00017345000000000001	0.00513573	0.0	0.0	0.000277871	0.000555948	0.0	0.0	0.0	0.0	0.0	0.0	0.0	6.97421e-05	0.0	0.0	0.0	0.0	0.0	0.0	0.0	0.0	0.0	0.0	0.0	0.0	0.0	0.0	0.0	0.0	0.0	0.0	0.0	0.0	0.0	0.0	0.0	0.0	0.0	0.0	0.0	0.0	0.0	0.0	0.0	0.0	0.0	0.0	0.0	0.0	0.0	0.0	0.0	0.0	0.0	7.66767e-05	0.0	0.0	0.0	0.0	0.0	0.0	0.0	0.0	0.0	0.0	0.0	0.0	0.0	0.0	0.0	0.033977299999999995	8.523069999999999e-05	0.0	0.00142775	0.0	0.0	0.00159497	0.0	0.0034663299999999997	0.0	0.0	0.0125658	0.0	0.0	0.00208473	0.0	0.0012536	4.86603e-05	0.00142427	0.0	0.00150215	0.0	0.0	0.000360783	0.0	0.0	0.0	0.0	0.0	0.0	0.0	0.0	5.69414e-05	0.0	0.0	0.0	0.0	0.0	0.0	0.0	0.0	0.0	0.0	0.0	0.0
Hmi-AMac_034-Ex1-09E.clmp.r1r2_fastp	0.293005	0.0950259	0.10773600000000001	0.000100344	3.3448e-05	0.0	0.0	0.0	0.0	0.0	0.0	0.0	0.00113723	0.00685685	0.027661500000000002	0.0043148	0.0012375799999999998	0.0	0.0	0.0	0.0	0.0	0.00237481	0.0	0.00113723	0.0	0.0	0.0	6.68961e-05	0.0	0.000401376	0.0	0.0	0.0026766100000000003	0.000234276	0.00646167	0.0	0.0	0.00010057299999999999	0.000570212	0.0	0.0	0.0	0.0	0.0	0.0	0.0	0.0	0.0	0.0	0.0	0.0	0.0	0.0	0.0	0.0	0.0	0.0	0.0	0.0	0.0	0.0	0.0	0.0	0.0	0.0	0.0	0.0	0.0	0.0	0.0	0.0	0.0	0.0	0.0	0.0	0.0	0.0	0.0	0.0	0.0	0.0	0.0	0.0	0.0	3.78102e-05	0.0	3.82622e-05	0.0	3.87399e-05	0.0	0.0	0.0	0.0	0.0	0.0	0.0	0.0	0.0	0.0	0.0	0.0	0.0	0.0	0.0	0.0326942	4.39002e-05	0.0	0.00165119	4.49958e-05	0.0	0.00109854	0.0	0.0033074400000000005	0.0	9.48529e-05	0.012348099999999999	0.0	0.0	0.00191877	0.0	0.00145323	0.0	0.00178809	0.0	0.00140764	0.0	0.0	0.0008603949999999999	0.0	0.0	0.0	0.0	0.0	0.0	0.0	0.0	5.9411100000000004e-05	0.0	0.0	0.0	0.0	0.0	0.0	0.0	0.0	0.0	0.0	0.0	0.0
Hmi-AMac_035-Ex1-10E.clmp.r1r2_fastp	0.281439	0.0953868	0.103947	7.67701e-05	7.67701e-05	0.0	0.0	0.0	0.0	0.0	0.0	0.0	0.000921241	0.00679415	0.0259867	0.00491329	0.000806086	0.0	0.0	0.0	0.0	0.0	0.00253341	0.0	0.00142025	0.0	0.0	0.0	0.000115155	0.0	0.000268695	0.0	0.0	0.0027644699999999998	0.00023043300000000002	0.00587793	0.0	0.0	0.000153853	0.000654196	0.0	0.0	0.0	0.0	0.0	0.0	0.0	3.87005e-05	0.0	0.0	0.0	0.0	0.0	0.0	0.0	0.0	0.0	0.0	0.0	0.0	0.0	0.0	0.0	0.0	0.0	0.0	0.0	0.0	0.0	0.0	0.0	0.0	0.0	0.0	0.0	0.0	0.0	0.0	0.0	0.0	0.0	0.0	0.0	0.0	0.0	0.0	0.0	4.50427e-05	0.0	4.57645e-05	0.0	0.0	0.0	0.0	0.0	0.0	0.0	0.0	0.0	0.0	0.0	0.0	0.0	0.0	0.0	0.0308681	5.3884799999999996e-05	0.0	0.0018177900000000001	0.0	0.0	0.00148074	5.7634400000000005e-05	0.00338237	0.0	0.0	0.0118949	0.0	0.0	0.0020664100000000003	0.0	0.00179849	0.000130117	0.0016478799999999998	0.0	0.0024351399999999997	0.0	0.0	0.000704145	0.0	0.0	0.0	0.0	0.0	0.0	0.0	0.0	0.000241513	0.0	0.0	0.0	0.0	0.0	0.0	0.0	0.0	0.0	0.0	0.0	0.0
Hmi-AMac_036-Ex1-11E.clmp.r1r2_fastp	0.270577	0.09695870000000001	0.107128	0.000273784	0.000117336	0.0	0.0	0.0	0.0	0.0	0.0	0.0	0.00140803	0.00649259	0.025852999999999998	0.00445877	0.00117336	0.0	0.0	0.0	0.0	0.0	0.00242495	0.0	0.0009778	0.0	0.0	0.0	7.8224e-05	0.0	0.000430232	0.0	0.0	0.00195611	0.000156532	0.00465829	0.0	0.0	0.00039194	0.000352917	0.0	0.0	0.0	0.0	0.0	0.0	0.0	3.945e-05	0.0	0.0	0.0	0.0	0.0	0.0	0.0	0.0	0.0	0.0	0.0	0.0	0.0	0.0	0.0	0.0	4.0670499999999996e-05	0.0	0.0	0.0	0.0	0.0	0.0	0.0	0.0	0.0	0.0	0.0	0.0	0.0	0.0	0.0	0.0	0.0	0.0	0.0	0.0	0.0	0.0	4.5764400000000005e-05	0.0	0.0	0.0	0.0	0.0	0.0	0.0	0.0	0.0	0.0	0.0	0.0	0.0	0.0	0.0	0.0	0.0	0.031862	5.44663e-05	0.0	0.00155838	0.0	0.0	0.0008630220000000001	0.0	0.002885	0.0	0.0	0.0122686	0.0	6.25899e-05	0.0015219300000000001	0.0	0.00104091	6.59e-05	0.0017364099999999999	0.0	0.00116645	0.0	0.0	0.0005718170000000001	7.24988e-05	0.0	0.0	0.0	0.0	0.0	0.0	0.0	8.15811e-05	0.0	0.0	0.0	0.0	0.0	0.0	0.0	0.0	0.0	0.0	0.0	0.0
Hmi-AMac_037-Ex1-12E.clmp.r1r2_fastp	0.303921	0.10217	0.11312699999999999	0.000180619	9.03093e-05	0.0	0.0	0.0	0.0	0.0	0.0	0.0	0.00150515	0.00707423	0.0291398	0.00478639	0.000963299	0.0	0.0	0.0	0.0	0.0	0.0027995900000000002	0.0	0.00120412	0.0	0.0	3.0103100000000003e-05	0.0	0.0	0.000361237	0.0	0.0	0.00228864	0.00021087799999999998	0.00599786	0.0	0.0	0.00024155399999999997	0.000634522	0.0	0.0	0.0	0.0	0.0	0.0	0.0	0.0	0.0	0.0	0.0	0.0	0.0	0.0	0.0	0.0	0.0	0.0	0.0	0.0	0.0	0.0	0.0	0.0	0.0	0.0	0.0	0.0	0.0	0.0	0.0	0.0	0.0	0.0	0.0	0.0	0.0	0.0	0.0	0.0	0.0	0.0	0.0	0.0	0.0	0.0	0.0	3.62398e-05	0.0	0.0	0.0	0.0	0.0	0.0	0.0	0.0	0.0	0.0	0.0	0.0	0.0	0.0	4.19719e-05	0.0	0.0	0.0331115	8.77772e-05	0.0	0.00148204	0.0	0.0	0.0012566699999999999	0.0	0.0034811499999999997	0.0	0.0	0.0118379	0.0	5.08169e-05	0.00195667	0.0	0.0016920799999999999	5.3624699999999995e-05	0.00125005	0.0	0.00150823	0.0	0.0	0.000407797	0.0	0.0	0.0	0.0	0.0	0.0	0.0	0.0	0.000266985	0.0	0.0	0.0	0.0	0.0	0.0	0.0	0.0	0.0	0.0	0.0	0.0
Hmi-AMac_038-Ex1-01F.clmp.r1r2_fastp	0.29783600000000005	0.09248569999999999	0.104919	0.00021812700000000003	9.348289999999999e-05	0.0	0.0	0.0	0.0	0.0	0.0	0.0	0.00133992	0.00585826	0.027826700000000003	0.00476763	0.0008101849999999999	0.0	0.0	0.0	0.0	0.0	0.00236823	0.0	0.00130876	0.0	0.0	0.0	6.23219e-05	0.0	0.00046741400000000003	0.0	0.0	0.00196358	0.0002806	0.0048338899999999995	0.0	0.0	0.000187316	0.000374779	0.0	0.0	0.0	0.0	0.0	0.0	0.0	0.0	0.0	0.0	0.0	0.0	0.0	0.0	0.0	0.0	0.0	0.0	0.0	0.0	0.0	0.0	0.0	0.0	0.0	0.0	0.0	0.0	0.0	0.0	0.0	0.0	0.0	0.0	0.0	0.0	0.0	0.0	0.0	0.0	0.0	0.0	0.0	0.0	0.0	0.0	0.0	3.45679e-05	0.0	0.0	0.0	0.0	0.0	0.0	0.0	0.0	0.0	0.0	0.0	0.0	0.0	0.0	3.76636e-05	0.0	0.0	0.0294	0.0	0.0	0.00133439	0.0	0.0	0.00120379	4.04324e-05	0.0033003699999999995	0.0	8.27635e-05	0.00975949	0.0	4.2388e-05	0.00179521	0.0	0.00126115	0.0	0.00168129	0.0	0.000990397	0.0	0.0	0.00046289599999999997	0.0	0.0	0.0	0.0	0.0	0.0	0.0	0.0	0.0	0.0	0.0	0.0	0.0	0.0	0.0	0.0	0.0	0.0	0.0	0.0	0.0
Hmi-AMac_039-Ex1-02F.clmp.r1r2_fastp	0.295367	0.0932389	0.10350100000000001	0.000151362	0.0	0.0	0.0	0.0	0.0	0.0	0.0	0.0	0.0014228	0.00638747	0.025247099999999998	0.00463167	0.00102926	0.0	0.0	0.0	0.0	0.0	0.00236124	0.0	0.000877898	0.0	0.0	0.0	3.0272400000000002e-05	0.0	0.000332996	0.0	0.0	0.0023921999999999997	0.00015145099999999998	0.005423809999999999	0.0	0.0	0.000121342	0.000424881	0.0	0.0	0.0	0.0	0.0	0.0	0.0	3.05004e-05	0.0	0.0	0.0	0.0	0.0	0.0	0.0	0.0	0.0	0.0	0.0	0.0	0.0	0.0	0.0	0.0	0.0	0.0	0.0	0.0	0.0	0.0	0.0	0.0	0.0	0.0	0.0	0.0	3.228e-05	0.0	0.0	0.0	0.0	0.0	0.0	0.0	0.0	0.0	0.0	0.0	0.0	6.86988e-05	0.0	0.0	0.0	0.0	0.0	0.0	0.0	0.0	0.0	0.0	0.0	0.0	0.0	0.0	0.0	0.0273481	0.0	0.0	0.00109953	0.0	0.0	0.00108732	0.0	0.00331946	0.0	0.0	0.0109807	0.0	0.0	0.00177355	0.0	0.00149961	4.4536800000000004e-05	0.0015745	0.0	0.0018815	0.0	0.0	0.00023673799999999998	0.0	0.0	0.0	0.0	0.0	0.0	0.0	0.0	5.23808e-05	0.0	0.0	0.0	0.0	0.0	0.0	0.0	0.0	0.0	0.0	0.0	0.0
Hmi-AMac_040-Ex1-03F.clmp.r1r2_fastp	0.285177	0.0956962	0.102543	9.25197e-05	9.25197e-05	0.0	0.0	0.0	0.0	0.0	0.0	0.0	0.0012644400000000001	0.00693898	0.0257513	0.00373163	0.0012336	0.0	0.0	0.0	0.0	0.0	0.00237467	0.0	0.0009560370000000001	0.0	0.0	0.0	3.08399e-05	0.0	0.000246719	0.0	0.0	0.00191261	0.00012343100000000002	0.00503129	0.0	0.0	9.26879e-05	0.00046361499999999996	0.0	0.0	0.0	0.0	0.0	0.0	0.0	0.0	0.0	0.0	0.0	0.0	0.0	0.0	0.0	0.0	0.0	0.0	0.0	0.0	0.0	0.0	0.0	0.0	0.0	0.0	0.0	0.0	0.0	0.0	0.0	0.0	0.0	0.0	0.0	0.0	3.24312e-05	0.0	0.0	0.0	0.0	0.0	0.0	0.0	0.0	0.0	0.0	3.38904e-05	0.0	0.0	0.0	0.0	0.0	0.0	3.5169e-05	0.0	0.0	0.0	0.0	0.0	0.0	0.0	0.0	0.0	0.0	0.0285887	3.79827e-05	0.0	0.00134879	0.0	0.0	0.00157684	7.947149999999999e-05	0.0030834499999999997	0.0	8.13759e-05	0.010626100000000001	0.0	4.17079e-05	0.0021871399999999997	0.0	0.00111346	4.3216e-05	0.00109045	0.0	0.0016432100000000002	0.0	0.0	0.000365566	0.0	0.0	0.0	0.0	0.0	0.0	0.0	0.0	5.0276800000000006e-05	0.0	0.0	0.0	0.0	0.0	0.0	0.0	0.0	0.0	0.0	0.0	0.0
Hmi-AMac_041-Ex1-04F.clmp.r1r2_fastp	0.299542	0.09280920000000001	0.10762000000000001	0.000124201	3.1050199999999996e-05	0.0	0.0	0.0	0.0	0.0	0.0	0.0	0.0011178100000000001	0.0052474900000000005	0.0254301	0.00462649	0.000714156	0.0	0.0	0.0	0.0	0.0	0.00245297	0.0	0.000900457	0.0	0.0	0.0	6.21005e-05	0.0	0.00021735200000000003	0.0	0.0	0.00232948	9.32158e-05	0.00522214	0.0	0.0	0.000186783	0.000436068	0.0	0.0	0.0	0.0	0.0	0.0	0.0	3.13358e-05	0.0	0.0	0.0	0.0	0.0	0.0	0.0	0.0	0.0	0.0	0.0	0.0	0.0	0.0	0.0	0.0	3.2199799999999996e-05	0.0	0.0	0.0	0.0	0.0	0.0	0.0	0.0	0.0	0.0	0.0	0.0	0.0	0.0	0.0	0.0	0.0	0.0	0.0	0.0	3.5027199999999996e-05	0.0	7.086419999999999e-05	0.0	0.0	0.0	0.0	0.0	0.0	0.0	0.0	0.0	0.0	0.0	0.0	0.0	0.0	0.0	0.0	0.0	0.0293804	0.0	0.0	0.00111236	0.0	0.0	0.00135216	4.26371e-05	0.0033118199999999996	0.0	0.0	0.00932271	0.0	4.50161e-05	0.00218053	0.0	0.00134282	4.67751e-05	0.0011809499999999998	0.0	0.00154261	0.0	0.0	0.000397937	0.0	0.0	0.0	0.0	0.0	0.0	0.0	0.0	0.000275443	0.0	0.0	0.0	0.0	0.0	0.0	0.0	0.0	0.0	0.0	0.0	0.0
Hmi-AMac_042-Ex1-05F.clmp.r1r2_fastp	0.351511	0.115036	0.12681800000000001	0.000292712	0.0	0.0	0.0	0.0	0.0	0.0	0.0	0.0	0.00157333	0.00793982	0.0311373	0.00556153	0.00124403	0.0	0.0	0.0	0.0	0.0	0.00321983	0.0	0.00179286	0.0	0.0	0.0	3.6589e-05	0.0	0.000548835	0.0	0.0	0.00219588	0.000109822	0.00629822	0.0	0.0	0.000293252	0.0006967669999999999	0.0	0.0	0.0	0.0	0.0	0.0	0.0	0.0	0.0	0.0	0.0	0.0	0.0	0.0	0.0	0.0	0.0	0.0	0.0	0.0	0.0	0.0	0.0	0.0	0.0	0.0	0.0	0.0	0.0	0.0	0.0	0.0	0.0	0.0	0.0	0.0	0.0	0.0	0.0	0.0	0.0	0.0	0.0	0.0	0.0	4.2797e-05	0.0	0.0	0.0	4.4643e-05	0.0	0.0	0.0	0.0	4.74656e-05	0.0	0.0	0.0	0.0	0.0	0.0	0.0	5.34147e-05	0.0	0.0	0.0420825	5.70875e-05	0.0	0.00254293	0.0	0.0	0.00193833	0.0	0.00422164	0.0	0.0	0.015666899999999997	0.0	0.0	0.00220615	0.0	0.00169102	0.0	0.00128612	0.0	0.00227378	0.0	0.0	0.000904434	0.0	0.0	0.0	0.0	0.0	0.0	0.0	0.0	0.000228555	0.0	0.0	0.0	0.0	0.0	0.0	0.0	0.0	0.0	0.0	0.0	0.0
Hmi-AMac_043-Ex1-06F.clmp.r1r2_fastp	0.300725	0.0986189	0.10341	7.68658e-05	5.12439e-05	0.0	0.0	0.0	0.0	0.0	0.0	0.0	0.00120423	0.00635424	0.026057499999999997	0.004688820000000001	0.0009736339999999999	0.0	0.0	0.0	0.0	0.0	0.00266468	0.0	0.000871146	0.0	0.0	0.0	2.5621900000000003e-05	0.0	0.000307463	0.0	0.0	0.00166591	7.690670000000001e-05	0.00523128	0.0	0.0	0.00020535899999999998	0.00043654200000000005	0.0	0.0	0.0	0.0	0.0	0.0	0.0	0.0	0.0	0.0	0.0	0.0	0.0	0.0	0.0	0.0	0.0	0.0	0.0	0.0	0.0	0.0	0.0	0.0	0.0	0.0	0.0	0.0	0.0	0.0	0.0	0.0	0.0	0.0	0.0	0.0	0.0	0.0	0.0	0.0	0.0	0.0	0.0	0.0	0.0	2.77788e-05	0.0	2.8010199999999998e-05	0.0	0.0	0.0	0.0	0.0	0.0	0.0	0.0	0.0	0.0	0.0	0.0	0.0	0.0	0.0	0.0	0.0	0.028025400000000002	0.0	0.0	0.00125662	0.0	0.0	0.00141058	0.0	0.00318581	0.0	6.597000000000001e-05	0.00936881	0.0	0.0	0.00183409	0.0	0.00155243	0.00010431199999999999	0.00108646	0.0	0.00160237	0.0	0.0	0.000474633	0.0	0.0	0.0	0.0	0.0	0.0	0.0	0.0	0.00023806199999999998	0.0	0.0	0.0	0.0	0.0	0.0	0.0	0.0	0.0	0.0	0.0	0.0
Hmi-AMac_044-Ex1-07F.clmp.r1r2_fastp	0.31479	0.103974	0.110556	5.1218800000000005e-05	7.68281e-05	0.0	0.0	0.0	0.0	0.0	0.0	0.0	0.00133169	0.00637673	0.0276069	0.00471213	0.0009219380000000001	0.0	0.0	0.0	0.0	0.0	0.0016133900000000001	0.0	0.00112681	0.0	0.0	0.0	5.1218800000000005e-05	0.0	0.000435359	0.0	0.0	0.0024592	0.000153747	0.00515224	0.0	0.0	0.000256629	0.000436463	0.0	0.0	0.0	0.0	0.0	0.0	0.0	0.0	0.0	0.0	0.0	0.0	0.0	0.0	0.0	0.0	0.0	0.0	0.0	0.0	0.0	0.0	0.0	0.0	0.0	0.0	0.0	0.0	0.0	0.0	0.0	0.0	0.0	0.0	0.0	0.0	0.0	0.0	0.0	0.0	0.0	0.0	0.0	0.0	0.0	0.0	0.0	5.7068600000000004e-05	0.0	0.0	0.0	0.0	0.0	0.0	0.0	0.0	0.0	0.0	0.0	0.0	0.0	0.0	0.0	0.0	0.0	0.032097099999999996	0.0	0.0	0.00148986	0.0	0.0	0.00132527	3.42845e-05	0.00280108	0.0	0.0	0.0123657	0.0	0.0	0.0019013900000000002	0.0	0.0014174399999999998	3.76743e-05	0.000989552	0.0	0.0015917899999999998	0.0	0.0	0.0006014400000000001	0.0	0.0	0.0	0.0	0.0	0.0	0.0	0.0	0.000178536	0.0	0.0	0.0	4.74427e-05	0.0	0.0	0.0	0.0	0.0	0.0	0.0	0.0
Hmi-AMac_045-Ex1-08F.clmp.r1r2_fastp	0.301492	0.09036079999999999	0.10593	0.000224012	0.000112006	0.0	0.0	0.0	0.0	0.0	0.0	0.0	0.00103605	0.00652434	0.0260694	0.00436823	0.00112006	0.0	0.0	2.80015e-05	0.0	0.0	0.0020161099999999998	0.0	0.00100805	0.0	0.0	0.0	8.400439999999999e-05	0.0	0.000392021	0.0	0.0	0.0019888700000000002	0.000252199	0.0045974399999999995	0.0	0.0	0.000140337	0.000617748	0.0	0.0	0.0	0.0	0.0	0.0	0.0	0.0	0.0	0.0	0.0	0.0	0.0	0.0	0.0	0.0	0.0	0.0	0.0	0.0	0.0	0.0	0.0	0.0	0.0	0.0	0.0	0.0	0.0	0.0	0.0	0.0	0.0	0.0	0.0	0.0	0.0	0.0	0.0	0.0	0.0	0.0	0.0	0.0	0.0	0.0	0.0	6.139419999999999e-05	0.0	0.0	0.0	0.0	0.0	0.0	0.0	0.0	0.0	0.0	0.0	0.0	0.0	0.0	0.0	0.0	0.0	0.029981099999999997	3.43884e-05	0.0	0.0014307999999999999	0.0	0.0	0.00157216	3.59956e-05	0.00264891	0.0	0.0	0.0116777	0.0	3.78293e-05	0.001488	0.0	0.00155444	0.0	0.00126577	0.0	0.0019329300000000002	0.0	0.0	0.00037332	0.0	0.0	0.0	0.0	0.0	0.0	0.0	0.0	0.000274479	0.0	0.0	0.0	0.0	0.0	0.0	0.0	0.0	0.0	0.0	0.0	0.0
Hmi-AMac_046-Ex1-09F.clmp.r1r2_fastp	0.288333	0.0952067	0.110298	0.000114615	3.82049e-05	0.0	0.0	0.0	0.0	0.0	0.0	0.0	0.00110794	0.00702971	0.027775	0.00446998	0.000955123	0.0	0.0	0.0	0.0	0.0	0.00194845	0.0	0.00118435	0.0	0.0	0.0	7.64099e-05	0.0	0.000420254	0.0	0.0	0.00233109	0.00022934899999999998	0.00531475	0.0	0.0	0.000153085	0.000459431	0.0	0.0	0.0	0.0	0.0	0.0	0.0	0.0	0.0	0.0	0.0	0.0	0.0	0.0	0.0	0.0	0.0	0.0	0.0	0.0	0.0	0.0	0.0	0.0	0.0	0.0	0.0	0.0	0.0	0.0	0.0	0.0	0.0	0.0	0.0	0.0	0.0	0.0	0.0	0.0	0.0	0.0	0.0	0.0	0.0	0.0	0.0	0.0	0.0	0.0	0.0	0.0	0.0	0.0	0.0	0.0	0.0	0.0	0.0	0.0	0.0	0.0	0.0	0.0	0.0	0.0312856	0.0	0.0	0.0012429099999999998	0.0	0.0	0.00122143	4.92252e-05	0.0031251399999999998	0.0	0.0	0.0111677	0.0	0.0	0.00166417	0.0	0.0013745300000000001	0.000106628	0.00123684	0.0	0.0015864	0.0	0.0	0.00022494399999999998	0.0	0.0	0.0	0.0	0.0	0.0	0.0	0.0	0.0	0.0	0.0	0.0	0.0	0.0	0.0	0.0	0.0	0.0	0.0	0.0	0.0
Hmi-AMac_047-Ex1-10F.clmp.r1r2_fastp	0.284433	0.0913183	0.105828	0.000198765	5.679e-05	0.0	0.0	0.0	0.0	0.0	0.0	0.0	0.0011074	0.00661603	0.0255555	0.00437283	0.0010222200000000001	0.0	0.0	0.0	0.0	0.0	0.0022432000000000003	0.0	0.00127777	0.0	0.0	0.0	2.8395e-05	0.0	0.00025555500000000003	0.0	0.0	0.00161904	0.000142067	0.00503086	0.0	0.0	8.53835e-05	0.000597996	0.0	0.0	0.0	0.0	0.0	0.0	0.0	2.8653e-05	0.0	0.0	0.0	0.0	0.0	0.0	0.0	0.0	0.0	0.0	0.0	0.0	0.0	0.0	0.0	0.0	0.0	0.0	0.0	0.0	0.0	0.0	0.0	0.0	0.0	0.0	0.0	0.0	0.0	0.0	0.0	0.0	0.0	0.0	0.0	0.0	0.0	0.0	0.0	0.0	0.0	3.3434e-05	0.0	0.0	0.0	0.0	0.0	0.0	0.0	0.0	0.0	0.0	0.0	0.0	3.71572e-05	0.0	0.0	0.028887	0.000115706	0.0	0.0010223	0.0	0.0	0.00121449	4.08858e-05	0.00342722	0.0	0.0	0.0113684	0.0	0.0	0.00193535	0.0	0.0016186500000000001	0.0	0.0010576399999999999	0.0	0.00150528	0.0	0.0	0.000487477	0.0	0.0	0.0	0.0	0.0	0.0	0.0	0.0	0.000273905	0.0	0.0	0.0	0.0	0.0	0.0	0.0	0.0	0.0	0.0	0.0	0.0
Hmi-AMac_048-Ex1-11F.clmp.r1r2_fastp	0.311054	0.10094800000000001	0.112327	0.000120033	7.202e-05	0.0	0.0	0.0	0.0	0.0	0.0	0.0	0.00136838	0.0061457099999999995	0.0277757	0.0043212	0.0010082799999999999	0.0	0.0	0.0	0.0	0.0	0.00235265	0.0	0.0011043099999999998	0.0	0.0	2.40067e-05	4.80133e-05	0.0	0.000336093	0.0	0.0	0.00201714	0.00012010100000000001	0.00540623	0.0	0.0	9.62147e-05	0.00057752	0.0	0.0	0.0	0.0	0.0	0.0	0.0	2.41748e-05	0.0	0.0	0.0	0.0	0.0	0.0	0.0	0.0	0.0	0.0	0.0	0.0	0.0	0.0	0.0	0.0	0.0	0.0	0.0	0.0	0.0	0.0	0.0	0.0	0.0	0.0	0.0	0.0	2.5518700000000004e-05	0.0	0.0	0.0	0.0	0.0	0.0	0.0	0.0	0.0	0.0	8.036089999999999e-05	0.0	2.70796e-05	0.0	0.0	0.0	0.0	0.0	0.0	0.0	0.0	0.0	0.0	0.0	0.0	0.0	0.0	0.0	0.031154099999999997	3.03376e-05	0.0	0.00138635	0.0	0.0	0.00126295	3.18402e-05	0.00289068	0.0	0.0	0.012072300000000001	0.0	0.0	0.00169551	0.0	0.0018315999999999999	3.48996e-05	0.0009517449999999999	0.0	0.00201361	0.0	0.0	0.00033401	0.0	0.0	0.0	0.0	0.0	0.0	0.0	0.0	0.000123477	0.0	0.0	0.0	0.0	0.0	0.0	0.0	0.0	0.0	0.0	0.0	0.0
Hmi-AMac_049-Ex1-12F.clmp.r1r2_fastp	0.312071	0.100052	0.11094200000000001	0.00024109	6.02725e-05	0.0	0.0	0.0	0.0	0.0	0.0	0.0	0.0011049999999999999	0.00749388	0.0266203	0.00500262	0.000803633	0.0	0.0	0.0	0.0	0.0	0.00245108	0.0	0.00114518	0.0	0.0	0.0	6.02725e-05	0.0	0.000381726	0.0	0.0	0.00223076	0.000160832	0.00609389	0.0	0.0	0.000181256	0.00054402	0.0	0.0	0.0	0.0	0.0	0.0	0.0	0.0	0.0	0.0	0.0	0.0	0.0	0.0	0.0	0.0	0.0	0.0	0.0	0.0	0.0	0.0	0.0	0.0	0.0	0.0	0.0	0.0	0.0	0.0	0.0	0.0	0.0	0.0	0.0	0.0	4.27996e-05	0.0	0.0	0.0	0.0	0.0	0.0	0.0	0.0	0.0	0.0	4.50424e-05	0.0	2.27784e-05	0.0	0.0	0.0	0.0	0.0	0.0	0.0	0.0	0.0	0.0	0.0	0.0	2.4872999999999997e-05	0.0	0.0	0.0314215	0.0	0.0	0.0015656300000000001	0.0	0.0	0.0010432899999999999	0.0	0.0031841799999999996	0.0	0.0	0.0114048	0.0	0.0	0.0016374199999999999	0.0	0.00137546	0.0	0.00131287	0.0	0.00152145	0.0	0.0	0.0005651979999999999	0.0	0.0	0.0	0.0	0.0	0.0	0.0	0.0	0.00020857799999999998	0.0	0.0	0.0	0.0	0.0	0.0	0.0	0.0	0.0	0.0	0.0	0.0
Hmi-CBas_001-Ex1-01A.clmp.r1r2_fastp	0.28297	0.07842310000000001	0.10106099999999998	0.0	0.0	0.0	0.0	0.0	0.0	0.0	0.0	0.0	0.00242546	0.00808486	0.0274885	0.0064678900000000004	0.000808486	0.0	0.0	0.0	0.0	0.0	0.00323394	0.0	0.00242546	0.0	0.0	0.0	0.0	0.0	0.0	0.0	0.0	0.000808564	0.0	0.00242636	0.0	0.0	0.0	0.0	0.0	0.0	0.0	0.0	0.0	0.0	0.0	0.0	0.0	0.0	0.0	0.0	0.0	0.0	0.0	0.0	0.0	0.0	0.0	0.0	0.0	0.0	0.0	0.0	0.0	0.0	0.0	0.0	0.0	0.0	0.0	0.0	0.0	0.0	0.0	0.0	0.0	0.0	0.0	0.0	0.0	0.0	0.0	0.0	0.0	0.0	0.0	0.0	0.0	0.0	0.0	0.0	0.0	0.0	0.0	0.0	0.0	0.0	0.0	0.0	0.0	0.0	0.0	0.0	0.0	0.032634500000000004	0.0	0.0	0.0017850600000000002	0.0	0.0	0.000901697	0.0	0.00363392	0.0	0.0	0.0119662	0.0	0.0	0.0009348679999999999	0.0	0.000948542	0.0	0.000958029	0.0	0.00290915	0.0	0.0	0.0	0.0	0.0	0.0	0.0	0.0	0.0	0.0	0.0	0.00104464	0.0	0.0	0.0	0.0	0.0	0.0	0.0	0.0	0.0	0.0	0.0	0.0
Hmi-CBas_002-Ex1-09C.clmp.r1r2_fastp	0.250404	0.117124	0.08077540000000001	0.0	0.0	0.0	0.0	0.0	0.0	0.0	0.0	0.0	0.00403877	0.00403877	0.0282714	0.00403877	0.00403877	0.0	0.0	0.0	0.0	0.0	0.0	0.0	0.00403877	0.0	0.0	0.0	0.0	0.0	0.00403877	0.0	0.0	0.0	0.0	0.0	0.0	0.0	0.0	0.0	0.0	0.0	0.0	0.0	0.0	0.0	0.0	0.0	0.0	0.0	0.0	0.0	0.0	0.0	0.0	0.0	0.0	0.0	0.0	0.0	0.0	0.0	0.0	0.0	0.0	0.0	0.0	0.0	0.0	0.0	0.0	0.0	0.0	0.0	0.0	0.0	0.0	0.0	0.0	0.0	0.0	0.0	0.0	0.0	0.0	0.0	0.0	0.0	0.0	0.0	0.0	0.0	0.0	0.0	0.0	0.0	0.0	0.0	0.0	0.0	0.0	0.0	0.0	0.0	0.0	0.0437445	0.0	0.0	0.011278999999999999	0.0	0.0	0.0	0.0	0.0	0.0	0.0	0.0243013	0.0	0.0	0.0	0.0	0.0	0.0	0.0	0.0	0.0	0.0	0.0	0.007021980000000001	0.0	0.0	0.0	0.0	0.0	0.0	0.0	0.0	0.0	0.0	0.0	0.0	0.0	0.0	0.0	0.0	0.0	0.0	0.0	0.0	0.0
Hmi-CBas_003-Ex1-09F.clmp.r1r2_fastp	0.267897	0.0744158	0.0967406	0.0	0.0	0.0	0.0	0.0	0.0	0.0	0.0	0.0	0.0	0.0148832	0.0148832	0.00744158	0.00744158	0.0	0.0	0.0	0.0	0.0	0.0	0.0	0.0	0.0	0.0	0.0	0.0	0.0	0.0	0.0	0.0	0.0	0.0	0.014892	0.0	0.0	0.0	0.0	0.0	0.0	0.0	0.0	0.0	0.0	0.0	0.0	0.0	0.0	0.0	0.0	0.0	0.0	0.0	0.0	0.0	0.0	0.0	0.0	0.0	0.0	0.0	0.0	0.0	0.0	0.0	0.0	0.0	0.0	0.0	0.0	0.0	0.0	0.0	0.0	0.0	0.0	0.0	0.0	0.0	0.0	0.0	0.0	0.0	0.0	0.0	0.0	0.0	0.0	0.0	0.0	0.0	0.0	0.0	0.0	0.0	0.0	0.0	0.0	0.0	0.0	0.0	0.0	0.0	0.046189400000000005	0.0	0.0	0.00940115	0.0	0.0	0.009695559999999999	0.0	0.00983478	0.0	0.0	0.0201898	0.0	0.0	0.0104286	0.0	0.0105798	0.0	0.0	0.0	0.0	0.0	0.0	0.0	0.0	0.0	0.0	0.0	0.0	0.0	0.0	0.0	0.0	0.0	0.0	0.0	0.0	0.0	0.0	0.0	0.0	0.0	0.0	0.0	0.0
Hmi-CBas_004-Ex1-10B.clmp.r1r2_fastp	0.264604	0.05427780000000001	0.0339236	0.0	0.0	0.0	0.0	0.0	0.0	0.0	0.0	0.0	0.00678472	0.00678472	0.0	0.0	0.0	0.0	0.0	0.0	0.0	0.0	0.0135694	0.0	0.0	0.0	0.0	0.0	0.0	0.0	0.0	0.0	0.0	0.0	0.0	0.0	0.0	0.0	0.00680041	0.0	0.0	0.0	0.0	0.0	0.0	0.0	0.0	0.0	0.0	0.0	0.0	0.0	0.0	0.0	0.0	0.0	0.0	0.0	0.0	0.0	0.0	0.0	0.0	0.0	0.0	0.0	0.0	0.0	0.0	0.0	0.0	0.0	0.0	0.0	0.0	0.0	0.0	0.0	0.0	0.0	0.0	0.0	0.0	0.0	0.0	0.0	0.0	0.0	0.0	0.0	0.0	0.0	0.0	0.0	0.0	0.0	0.0	0.0	0.0	0.0	0.0	0.0	0.0	0.0	0.0	0.0260892	0.0	0.0	0.0	0.0	0.0	0.009330970000000001	0.0	0.009538340000000001	0.0	0.0	0.0196754	0.0	0.0	0.0101636	0.0	0.0	0.0	0.0	0.0	0.0	0.0	0.0	0.0	0.0	0.0	0.0	0.0	0.0	0.0	0.0	0.0	0.0	0.0	0.0	0.0	0.0	0.0	0.0	0.0	0.0	0.0	0.0	0.0	0.0
Hmi-CBas_005-Ex1-10G.clmp.r1r2_fastp	0.240861	0.09917820000000001	0.0637574	0.0	0.0	0.0	0.0	0.0	0.0	0.0	0.0	0.0	0.00708416	0.00708416	0.00708416	0.0	0.00708416	0.0	0.0	0.0	0.0	0.0	0.0	0.0	0.0	0.0	0.0	0.0	0.0	0.0	0.0	0.0	0.0	0.0	0.0	0.0	0.0	0.0	0.0	0.0	0.0	0.0	0.0	0.0	0.0	0.0	0.0	0.0	0.0	0.0	0.0	0.0	0.0	0.0	0.0	0.0	0.0	0.0	0.0	0.0	0.0	0.0	0.0	0.0	0.0	0.0	0.0	0.0	0.0	0.0	0.0	0.0	0.0	0.0	0.0	0.0	0.0	0.0	0.0	0.0	0.0	0.0	0.0	0.0	0.0	0.0	0.0	0.0	0.0	0.0	0.0	0.0	0.0	0.0	0.0	0.0	0.0	0.0	0.0	0.0	0.0	0.0	0.0	0.0	0.0	0.0	0.0	0.0	0.0	0.0	0.0	0.0	0.0	0.010908699999999999	0.0	0.0	0.0	0.0	0.0	0.011827299999999999	0.0	0.0	0.0	0.0	0.0	0.0	0.0	0.0	0.0	0.0	0.0	0.0	0.0	0.0	0.0	0.0	0.0	0.0	0.0	0.0	0.0	0.0	0.0	0.0	0.0	0.0	0.0	0.0	0.0	0.0
Hmi-CBas_006-Ex1-03H.clmp.r1r2_fastp	0.285356	0.0904788	0.153118	0.0	0.0	0.0	0.0	0.0	0.0	0.0	0.0	0.0	0.0	0.0	0.0417595	0.0	0.0	0.0	0.0	0.0	0.0	0.0	0.0	0.0	0.0	0.0	0.0	0.0	0.0	0.0	0.0	0.0	0.0	0.0	0.0	0.0069701	0.0	0.0	0.0	0.0	0.0	0.0	0.0	0.0	0.0	0.0	0.0	0.0	0.0	0.0	0.0	0.0	0.0	0.0	0.0	0.0	0.0	0.0	0.0	0.0	0.0	0.0	0.0	0.0	0.0	0.0	0.0	0.0	0.0	0.0	0.0	0.0	0.0	0.0	0.0	0.0	0.0	0.0	0.0	0.0	0.0	0.0	0.0	0.0	0.0	0.0	0.0	0.0	0.0	0.0	0.0	0.0	0.0	0.0	0.0	0.0	0.0	0.0	0.0	0.0	0.0	0.0	0.0	0.0	0.0	0.0261051	0.0	0.0	0.0	0.0	0.0	0.0	0.0	0.0	0.0	0.0	0.0	0.0	0.0	0.0	0.0	0.0103778	0.0	0.0	0.0	0.0	0.0	0.0	0.0	0.0	0.0	0.0	0.0	0.0	0.0	0.0	0.0	0.0	0.0	0.0	0.0	0.0	0.0	0.0	0.0	0.0	0.0	0.0	0.0	0.0
Hmi-CBas_007-Ex1-04F.clmp.r1r2_fastp	0.299504	0.11552299999999999	0.102687	0.0	0.0	0.0	0.0	0.0	0.0	0.0	0.0	0.0	0.0	0.0	0.0256717	0.008557249999999999	0.00427862	0.0	0.0	0.0	0.0	0.0	0.0	0.0	0.00427862	0.0	0.0	0.0	0.0	0.0	0.0	0.0	0.0	0.00427917	0.00428009	0.00856201	0.0	0.0	0.0	0.0	0.0	0.0	0.0	0.0	0.0	0.0	0.0	0.0	0.0	0.0	0.0	0.0	0.0	0.0	0.0	0.0	0.0	0.0	0.0	0.0	0.0	0.0	0.0	0.0	0.0	0.0	0.0	0.0	0.0	0.0	0.0	0.0	0.0	0.0	0.0	0.0	0.0	0.0	0.0	0.0	0.0	0.0	0.0	0.0	0.0	0.0	0.0	0.0	0.0	0.0	0.0	0.0	0.0	0.0	0.0	0.0	0.0	0.0	0.0	0.0	0.0	0.0	0.0	0.0	0.0	0.035177599999999996	0.0	0.0	0.0	0.0	0.0	0.00521241	0.0	0.0105848	0.0	0.0	0.00546956	0.0	0.0	0.0112385	0.0	0.00566572	0.0	0.0	0.0	0.00581463	0.0	0.0	0.0	0.0	0.0	0.0	0.0	0.0	0.0	0.0	0.0	0.0	0.0	0.0	0.0	0.0	0.0	0.0	0.0	0.0	0.0	0.0	0.0	0.0
Hmi-CBas_008-Ex1-05C.clmp.r1r2_fastp	0.25437200000000004	0.12718600000000002	0.0953895	0.0	0.0	0.0	0.0	0.0	0.0	0.0	0.0	0.0	0.0	0.0	0.0	0.0	0.0	0.0	0.0	0.0	0.0	0.0	0.0	0.0	0.0	0.0	0.0	0.0	0.0	0.0	0.0	0.0	0.0	0.0	0.0	0.0	0.0	0.0	0.0	0.0	0.0	0.0	0.0	0.0	0.0	0.0	0.0	0.0	0.0	0.0	0.0	0.0	0.0	0.0	0.0	0.0	0.0	0.0	0.0	0.0	0.0	0.0	0.0	0.0	0.0	0.0	0.0	0.0	0.0	0.0	0.0	0.0	0.0	0.0	0.0	0.0	0.0	0.0	0.0	0.0	0.0	0.0	0.0	0.0	0.0	0.0	0.0	0.0	0.0	0.0	0.0	0.0	0.0	0.0	0.0	0.0	0.0	0.0	0.0	0.0	0.0	0.0	0.0	0.0	0.0	0.0	0.0	0.0	0.0	0.0	0.0	0.0	0.0	0.0	0.0	0.0	0.0	0.0	0.0	0.0	0.0	0.0	0.0	0.0	0.0	0.0	0.0	0.0	0.0	0.0	0.0	0.0	0.0	0.0	0.0	0.0	0.0	0.0	0.0	0.0	0.0	0.0	0.0	0.0	0.0	0.0	0.0	0.0	0.0	0.0
Hmi-CBas_009-Ex1-05G.clmp.r1r2_fastp	0.269517	0.0929368	0.130112	0.0	0.0	0.0	0.0	0.0	0.0	0.0	0.0	0.0	0.0	0.009293679999999999	0.027881	0.009293679999999999	0.0	0.0	0.0	0.0	0.0	0.0	0.0	0.0	0.0	0.0	0.0	0.0	0.0	0.0	0.0	0.0	0.0	0.0	0.0	0.0	0.0	0.0	0.0	0.0	0.0	0.0	0.0	0.0	0.0	0.0	0.0	0.0	0.0	0.0	0.0	0.0	0.0	0.0	0.0	0.0	0.0	0.0	0.0	0.0	0.0	0.0	0.0	0.0	0.0	0.0	0.0	0.0	0.0	0.0	0.0	0.0	0.0	0.0	0.0	0.0	0.0	0.0	0.0	0.0	0.0	0.0	0.0	0.0	0.0	0.0	0.0	0.0	0.0	0.0	0.0	0.0	0.0	0.0	0.0	0.0	0.0	0.0	0.0	0.0	0.0	0.0	0.0	0.0	0.0	0.033087	0.0	0.0	0.0	0.0	0.0	0.0116212	0.0	0.0117911	0.0	0.0	0.0121507	0.0	0.0	0.0124549	0.0	0.0	0.0	0.0	0.0	0.0	0.0	0.0	0.0	0.0	0.0	0.0	0.0	0.0	0.0	0.0	0.0	0.0	0.0	0.0	0.0	0.0	0.0	0.0	0.0	0.0	0.0	0.0	0.0	0.0
Hmi-CBas_010-Ex1-06E.clmp.r1r2_fastp	0.168713	0.0872651	0.133807	0.0	0.0	0.0	0.0	0.0	0.0	0.0	0.0	0.0	0.0	0.017453	0.0116353	0.0	0.0	0.0	0.0	0.0	0.0	0.0	0.0058176700000000005	0.0	0.0	0.0	0.0	0.0	0.0	0.0	0.0	0.0	0.0	0.0	0.0	0.0174835	0.0	0.0	0.0	0.0	0.0	0.0	0.0	0.0	0.0	0.0	0.0	0.0	0.0	0.0	0.0	0.0	0.0	0.0	0.0	0.0	0.0	0.0	0.0	0.0	0.0	0.0	0.0	0.0	0.0	0.0	0.0	0.0	0.0	0.0	0.0	0.0	0.0	0.0	0.0	0.0	0.0	0.0	0.0	0.0	0.0	0.0	0.0	0.0	0.0	0.0	0.0	0.0	0.0	0.0	0.0	0.0	0.0	0.0	0.0	0.0	0.0	0.0	0.0	0.0	0.0	0.0	0.0	0.0	0.0	0.007228039999999999	0.0	0.0	0.0	0.0	0.0	0.0	0.0	0.00766284	0.0	0.0	0.00789702	0.0	0.0	0.0	0.0	0.0	0.0	0.0	0.0	0.0	0.0	0.0	0.0	0.0	0.0	0.0	0.0	0.0	0.0	0.0	0.0	0.0	0.0	0.0	0.0	0.0	0.0	0.0	0.0	0.0	0.0	0.0	0.0	0.0
Hmi-CBas_011-Ex1-12E.clmp.r1r2_fastp	0.179426	0.059808599999999996	0.112972	0.0	0.0	0.0	0.0	0.0	0.0	0.0	0.0	0.0	0.0	0.0066454	0.0132908	0.0	0.0	0.0	0.0	0.0	0.0	0.0	0.0	0.0	0.0	0.0	0.0	0.0	0.0	0.0	0.0	0.0	0.0	0.0	0.0	0.0	0.0	0.0	0.0	0.0	0.0	0.0	0.0	0.0	0.0	0.0	0.0	0.0	0.0	0.0	0.0	0.0	0.0	0.0	0.0	0.0	0.0	0.0	0.0	0.0	0.0	0.0	0.0	0.0	0.0	0.0	0.0	0.0	0.0	0.0	0.0	0.0	0.0	0.0	0.0	0.0	0.0	0.0	0.0	0.0	0.0	0.0	0.0	0.0	0.0	0.0	0.0	0.0	0.0	0.0	0.0	0.0	0.0	0.0	0.0	0.0	0.0	0.0	0.0	0.0	0.0	0.0	0.0	0.0	0.0	0.0259516	0.0	0.0	0.0	0.0	0.0	0.0	0.0	0.0	0.0	0.0	0.0	0.0	0.0	0.0	0.0	0.0	0.0	0.0	0.0	0.0	0.0	0.0	0.0	0.0	0.0	0.0	0.0	0.0	0.0	0.0	0.0	0.0	0.0	0.0	0.0	0.0	0.0	0.0	0.0	0.0	0.0	0.0	0.0	0.0
Hmi-CBas_012-Ex1-12G.clmp.r1r2_fastp	0.26901400000000003	0.15896300000000002	0.12227900000000001	0.0	0.0	0.0	0.0	0.0	0.0	0.0	0.0	0.0	0.0	0.0	0.012227900000000002	0.012227900000000002	0.0	0.0	0.0	0.0	0.0	0.0	0.0	0.0	0.0	0.0	0.0	0.0	0.0	0.0	0.0	0.0	0.0	0.0	0.0	0.0	0.0	0.0	0.0	0.0	0.0	0.0	0.0	0.0	0.0	0.0	0.0	0.0	0.0	0.0	0.0	0.0	0.0	0.0	0.0	0.0	0.0	0.0	0.0	0.0	0.0	0.0	0.0	0.0	0.0	0.0	0.0	0.0	0.0	0.0	0.0	0.0	0.0	0.0	0.0	0.0	0.0	0.0	0.0	0.0	0.0	0.0	0.0	0.0	0.0	0.0	0.0	0.0	0.0	0.0	0.0	0.0	0.0	0.0	0.0	0.0	0.0	0.0	0.0	0.0	0.0	0.0	0.0	0.0	0.0	0.037679	0.0	0.0	0.0	0.0	0.0	0.0211954	0.0	0.0434028	0.0	0.0	0.0457875	0.0	0.0	0.0477213	0.0	0.0	0.0	0.0	0.0	0.0	0.0	0.0	0.0	0.0	0.0	0.0	0.0	0.0	0.0	0.0	0.0	0.0	0.0	0.0	0.0	0.0	0.0	0.0	0.0	0.0	0.0	0.0	0.0	0.0
Hmi-CBas_013-Ex1-01B.clmp.r1r2_fastp	0.331276	0.09983660000000001	0.131603	0.0	0.0	0.0	0.0	0.0	0.0	0.0	0.0	0.0	0.0	0.00453803	0.0226901	0.00453803	0.0	0.0	0.0	0.0	0.0	0.0	0.0	0.0	0.0	0.0	0.0	0.0	0.0	0.0	0.0	0.0	0.0	0.0	0.0	0.0	0.0	0.0	0.0	0.0	0.0	0.0	0.0	0.0	0.0	0.0	0.0	0.0	0.0	0.0	0.0	0.0	0.0	0.0	0.0	0.0	0.0	0.0	0.0	0.0	0.0	0.0	0.0	0.0	0.0	0.0	0.0	0.0	0.0	0.0	0.0	0.0	0.0	0.0	0.0	0.0	0.0	0.0	0.0	0.0	0.0	0.0	0.0	0.0	0.0	0.0	0.0	0.0	0.0	0.0	0.0	0.0	0.0	0.0	0.0	0.0	0.0	0.0	0.0	0.0	0.0	0.0	0.0	0.0	0.0	0.0554047	0.0	0.0	0.0	0.0	0.0	0.0	0.0	0.0	0.0	0.0	0.0237798	0.0	0.0	0.0	0.0	0.0	0.0	0.0	0.0	0.0	0.0	0.0	0.0	0.0	0.0	0.0	0.0	0.0	0.0	0.0	0.0	0.0	0.0	0.0	0.0	0.0	0.0	0.0	0.0	0.0	0.0	0.0	0.0	0.0
Hmi-CBas_014-Ex1-09D.clmp.r1r2_fastp	0.26936	0.0841751	0.0925926	0.0	0.0	0.0	0.0	0.0	0.0	0.0	0.0	0.0	0.0	0.0	0.03367	0.0	0.0	0.0	0.0	0.0	0.0	0.0	0.0	0.0	0.0	0.0	0.0	0.0	0.0	0.0	0.0	0.0	0.0	0.0	0.0	0.0	0.0	0.0	0.0	0.0	0.0	0.0	0.0	0.0	0.0	0.0	0.0	0.0	0.0	0.0	0.0	0.0	0.0	0.0	0.0	0.0	0.0	0.0	0.0	0.0	0.0	0.0	0.0	0.0	0.0	0.0	0.0	0.0	0.0	0.0	0.0	0.0	0.0	0.0	0.0	0.0	0.0	0.0	0.0	0.0	0.0	0.0	0.0	0.0	0.0	0.0	0.0	0.0	0.0	0.0	0.0	0.0	0.0	0.0	0.0	0.0	0.0	0.0	0.0	0.0	0.0	0.0	0.0	0.0	0.0	0.0211416	0.0	0.0	0.0108637	0.0	0.0	0.0	0.0	0.0	0.0	0.0	0.011414200000000001	0.0	0.0	0.0116104	0.0	0.0	0.0	0.0	0.0	0.0	0.0	0.0	0.012578599999999999	0.0	0.0	0.0	0.0	0.0	0.0	0.0	0.0	0.0137024	0.0	0.0	0.0	0.0	0.0	0.0	0.0	0.0	0.0	0.0	0.0	0.0
Hmi-CBas_015-Ex1-09G.clmp.r1r2_fastp	0.226244	0.0904977	0.135747	0.0	0.0	0.0	0.0	0.0	0.0	0.0	0.0	0.0	0.0	0.0	0.022624400000000003	0.0	0.0	0.0	0.0	0.0	0.0	0.0	0.0	0.0	0.0	0.0	0.0	0.0	0.0	0.0	0.0	0.0	0.0	0.0	0.0	0.022624400000000003	0.0	0.0	0.0	0.0	0.0	0.0	0.0	0.0	0.0	0.0	0.0	0.0	0.0	0.0	0.0	0.0	0.0	0.0	0.0	0.0	0.0	0.0	0.0	0.0	0.0	0.0	0.0	0.0	0.0	0.0	0.0	0.0	0.0	0.0	0.0	0.0	0.0	0.0	0.0	0.0	0.0	0.0	0.0	0.0	0.0	0.0	0.0	0.0	0.0	0.0	0.0	0.0	0.0	0.0	0.0	0.0	0.0	0.0	0.0	0.0	0.0	0.0	0.0	0.0	0.0	0.0	0.0	0.0	0.0	0.0278009	0.0	0.0	0.0	0.0	0.0	0.0	0.0	0.0	0.0	0.0	0.0	0.0	0.0	0.0	0.0	0.0313972	0.0	0.0	0.0	0.0	0.0	0.0	0.0	0.0	0.0	0.0	0.0	0.0	0.0	0.0	0.0	0.0	0.0	0.0	0.0	0.0	0.0	0.0	0.0	0.0	0.0	0.0	0.0	0.0
Hmi-CBas_016-Ex1-10C.clmp.r1r2_fastp	0.259422	0.10278999999999999	0.0636319	0.0	0.0	0.0	0.0	0.0	0.0	0.0	0.0	0.0	0.00489476	0.00489476	0.024473799999999997	0.0	0.0	0.0	0.0	0.0	0.0	0.0	0.00489476	0.0	0.0	0.0	0.0	0.0	0.0	0.0	0.0	0.0	0.0	0.0	0.0	0.0	0.0	0.0	0.0	0.0	0.0	0.0	0.0	0.0	0.0	0.0	0.0	0.0	0.0	0.0	0.0	0.0	0.0	0.0	0.0	0.0	0.0	0.0	0.0	0.0	0.0	0.0	0.0	0.0	0.0	0.0	0.0	0.0	0.0	0.0	0.0	0.0	0.0	0.0	0.0	0.0	0.0	0.0	0.0	0.0	0.0	0.0	0.0	0.0	0.0	0.0	0.0	0.0	0.0	0.0	0.0	0.0	0.0	0.0	0.0	0.0	0.0	0.0	0.0	0.0	0.0	0.0	0.0	0.0	0.0	0.012897399999999998	0.0	0.0	0.0	0.0	0.0	0.013795	0.0	0.0141323	0.0	0.0	0.0	0.0	0.0	0.0151435	0.0	0.0	0.0	0.0	0.0	0.0	0.0	0.0	0.0	0.0	0.0	0.0	0.0	0.0	0.0	0.0	0.0	0.0	0.0	0.0	0.0	0.0	0.0	0.0	0.0	0.0	0.0	0.0	0.0	0.0
Hmi-CBas_017-Ex1-10H.clmp.r1r2_fastp	0.186709	0.0414909	0.11755800000000001	0.0	0.0	0.0	0.0	0.0	0.0	0.0	0.0	0.0	0.0	0.00691515	0.0207455	0.00691515	0.0	0.0	0.0	0.0	0.0	0.0	0.0	0.0	0.0	0.0	0.0	0.0	0.0	0.0	0.0	0.0	0.0	0.0	0.0	0.006921849999999999	0.0	0.0	0.0	0.00693433	0.0	0.0	0.0	0.0	0.0	0.0	0.0	0.0	0.0	0.0	0.0	0.0	0.0	0.0	0.0	0.0	0.0	0.0	0.0	0.0	0.0	0.0	0.0	0.0	0.0	0.0	0.0	0.0	0.0	0.0	0.0	0.0	0.0	0.0	0.0	0.0	0.0	0.0	0.0	0.0	0.0	0.0	0.0	0.0	0.0	0.0	0.0	0.0	0.0	0.0	0.0	0.0	0.0	0.0	0.0	0.0	0.0	0.0	0.0	0.0	0.0	0.0	0.0	0.0	0.0	0.0376471	0.0	0.0	0.0	0.0	0.0	0.0	0.0	0.0	0.0	0.0	0.0108436	0.0	0.0	0.0	0.0	0.0	0.0	0.0	0.0	0.0	0.0	0.0	0.0	0.0	0.0	0.0	0.0	0.0	0.0	0.0	0.0	0.0	0.0	0.0	0.0	0.0	0.0	0.0	0.0	0.0	0.0	0.0	0.0	0.0
Hmi-CBas_018-Ex1-11B.clmp.r1r2_fastp	0.355109	0.109957	0.077511	0.0	0.0	0.0	0.0	0.0	0.0	0.0	0.0	0.0	0.0	0.009012909999999999	0.025236099999999997	0.005407739999999999	0.0	0.0	0.0	0.0	0.0	0.0	0.00180258	0.0	0.0	0.0	0.0	0.0	0.0	0.0	0.0	0.0	0.0	0.0	0.0	0.00360789	0.0	0.0	0.0	0.0	0.0	0.0	0.0	0.0	0.0	0.0	0.0	0.0	0.0	0.0	0.0	0.0	0.0	0.0	0.0	0.0	0.0	0.0	0.0	0.0	0.0	0.0	0.0	0.0	0.0	0.0	0.0	0.0	0.0	0.0	0.0	0.0	0.0	0.0	0.0	0.0	0.0	0.0	0.0	0.0	0.0	0.0	0.0	0.0	0.0	0.0	0.0	0.0	0.0	0.0	0.0	0.0	0.0	0.0	0.0	0.0	0.0	0.0	0.0	0.0	0.0	0.0	0.0	0.0	0.0	0.043573	0.0	0.0	0.0	0.0	0.0	0.00228985	0.0	0.00465593	0.0	0.0	0.019175	0.0	0.0	0.00246658	0.0	0.0	0.0	0.0	0.0	0.00260423	0.0	0.0	0.0	0.0	0.0	0.0	0.0	0.0	0.0	0.0	0.0	0.0	0.0	0.0	0.0	0.0	0.0	0.0	0.0	0.0	0.0	0.0	0.0	0.0
Hmi-CBas_019-Ex1-04G.clmp.r1r2_fastp	0.254428	0.13699999999999998	0.07828550000000001	0.0	0.0	0.0	0.0	0.0	0.0	0.0	0.0	0.0	0.0	0.0195714	0.00978569	0.00978569	0.0	0.0	0.0	0.0	0.0	0.0	0.0	0.0	0.0	0.0	0.0	0.0	0.0	0.0	0.0	0.0	0.0	0.0	0.0	0.0	0.0	0.0	0.0	0.0	0.0	0.0	0.0	0.0	0.0	0.0	0.0	0.0	0.0	0.0	0.0	0.0	0.0	0.0	0.0	0.0	0.0	0.0	0.0	0.0	0.0	0.0	0.0	0.0	0.0	0.0	0.0	0.0	0.0	0.0	0.0	0.0	0.0	0.0	0.0	0.0	0.0	0.0	0.0	0.0	0.0	0.0	0.0	0.0	0.0	0.0	0.0	0.0	0.0	0.0	0.0	0.0	0.0	0.0	0.0	0.0	0.0	0.0	0.0	0.0	0.0	0.0	0.0	0.0	0.0	0.0121433	0.0	0.0	0.0	0.0	0.0	0.0	0.0	0.0	0.0	0.0	0.013331599999999999	0.0	0.0	0.0	0.0	0.0	0.0	0.0	0.0	0.014723199999999999	0.0	0.0	0.0	0.0	0.0	0.0	0.0	0.0	0.0	0.0	0.0	0.0	0.0	0.0	0.0	0.0	0.0	0.0	0.0	0.0	0.0	0.0	0.0	0.0
Hmi-CBas_020-Ex1-11G.clmp.r1r2_fastp	0.26345399999999997	0.0929836	0.08136070000000001	0.0	0.0	0.0	0.0	0.0	0.0	0.0	0.0	0.0	0.0	0.0154973	0.0232459	0.0	0.0	0.0	0.0	0.0	0.0	0.0	0.0	0.0	0.00774863	0.0	0.0	0.0	0.0	0.0	0.0038743199999999997	0.0	0.0	0.0038779200000000004	0.0	0.007763979999999999	0.0	0.0	0.0	0.0	0.0	0.0	0.0	0.0	0.0	0.0	0.0	0.0	0.0	0.0	0.0	0.0	0.0	0.0	0.0	0.0	0.0	0.0	0.0	0.0	0.0	0.0	0.0	0.0	0.0	0.0	0.0	0.0	0.0	0.0	0.0	0.0	0.0	0.0	0.0	0.0	0.0	0.0	0.0	0.0	0.0	0.0	0.0	0.0	0.0	0.0	0.0	0.0	0.0	0.0	0.0	0.0	0.0	0.0	0.0	0.0	0.0	0.0	0.0	0.0	0.0	0.0	0.0	0.0	0.0	0.030582599999999998	0.0	0.0	0.0052061600000000005	0.0	0.0	0.0	0.0	0.0	0.0	0.0	0.0111932	0.0	0.0	0.0	0.0	0.0	0.0	0.0060430300000000004	0.0	0.0	0.0	0.0	0.0	0.0	0.0	0.0	0.0	0.0	0.0	0.0	0.0	0.0	0.0	0.0	0.0	0.0	0.0	0.0	0.0	0.0	0.0	0.0	0.0	0.0
Hmi-CBas_021-Ex1-12C.clmp.r1r2_fastp	0.195068	0.10682300000000002	0.055733599999999994	0.0	0.0	0.0	0.0	0.0	0.0	0.0	0.0	0.0	0.0	0.0046444699999999995	0.0325113	0.00928893	0.0046444699999999995	0.0	0.0	0.0	0.0	0.0	0.0	0.0	0.0	0.0	0.0	0.0	0.0	0.0	0.0	0.0	0.0	0.0	0.0	0.00931359	0.0	0.0	0.0	0.0	0.0	0.0	0.0	0.0	0.0	0.0	0.0	0.0	0.0	0.0	0.0	0.0	0.0	0.0	0.0	0.0	0.0	0.0	0.0	0.0	0.0	0.0	0.0	0.0	0.0	0.0	0.0	0.0	0.0	0.0	0.0	0.0	0.0	0.0	0.0	0.0	0.0	0.0	0.0	0.0	0.0	0.0	0.0	0.0	0.0	0.0	0.0	0.0	0.0	0.0	0.0	0.0	0.0	0.0	0.0	0.0	0.0	0.0	0.0	0.0	0.0	0.0	0.0	0.0	0.0	0.019800699999999997	0.0	0.0	0.0	0.0	0.0	0.0069964300000000005	0.0	0.00717309	0.0	0.0	0.0	0.0	0.0	0.00760398	0.0	0.0	0.0	0.008112929999999999	0.0	0.0	0.0	0.0	0.0	0.0	0.0	0.0	0.0	0.0	0.0	0.0	0.0	0.0	0.0	0.0	0.0	0.0	0.0	0.0	0.0	0.0	0.0	0.0	0.0	0.0
Hmi-CBas_022-Ex1-06F.clmp.r1r2_fastp	0.299219	0.0760726	0.0811441	0.0	0.0	0.0	0.0	0.0	0.0	0.0	0.0	0.0	0.0	0.0	0.0253575	0.0	0.0	0.0	0.0	0.0	0.0	0.0	0.0	0.0	0.0	0.0	0.0	0.0	0.0	0.0	0.0	0.0	0.0	0.0101487	0.0	0.00507872	0.0	0.0	0.0	0.0	0.0	0.0	0.0	0.0	0.0	0.0	0.0	0.0	0.0	0.0	0.0	0.0	0.0	0.0	0.0	0.0	0.0	0.0	0.0	0.0	0.0	0.0	0.0	0.0	0.0	0.0	0.0	0.0	0.0	0.0	0.0	0.0	0.0	0.0	0.0	0.0	0.0	0.0	0.0	0.0	0.0	0.0	0.0	0.0	0.0	0.0	0.0	0.0	0.0	0.0	0.0	0.0	0.0	0.0	0.0	0.0	0.0	0.0	0.0	0.0	0.0	0.0	0.0	0.0	0.0	0.0306542	0.0	0.0	0.0	0.0	0.0	0.00636254	0.0	0.006481300000000001	0.0	0.0	0.0133191	0.0	0.0	0.006787479999999999	0.0	0.0	0.0	0.00697107	0.0	0.0	0.0	0.0	0.0	0.0	0.0	0.0	0.0	0.0	0.0	0.0	0.0	0.0	0.0	0.0	0.0	0.0	0.0	0.0	0.0	0.0	0.0	0.0	0.0	0.0
Hmi-CBas_023-Ex1-12F.clmp.r1r2_fastp	0.311195	0.0866619	0.09060109999999999	0.0	0.0	0.0	0.0	0.0	0.0	0.0	0.0	0.0	0.0	0.00787836	0.0275743	0.00787836	0.00393918	0.0	0.0	0.0	0.0	0.0	0.00393918	0.0	0.0	0.0	0.0	0.0	0.0	0.0	0.0	0.0	0.0	0.0	0.0	0.0	0.0	0.0	0.0	0.0	0.0	0.0	0.0	0.0	0.0	0.0	0.0	0.0	0.0	0.0	0.0	0.0	0.0	0.0	0.0	0.0	0.0	0.0	0.0	0.0	0.0	0.0	0.0	0.0	0.0	0.0	0.0	0.0	0.0	0.0	0.0	0.0	0.0	0.0	0.0	0.0	0.0	0.0	0.0	0.0	0.0	0.0	0.0	0.0	0.0	0.0	0.0	0.0	0.0	0.0	0.0	0.0	0.0	0.0	0.0	0.0	0.0	0.0	0.0	0.0	0.0	0.0	0.0	0.0	0.0	0.036116	0.0	0.0	0.0	0.0	0.0	0.0	0.0	0.0	0.0	0.0	0.00571657	0.0	0.0	0.0	0.0	0.0	0.0	0.0	0.0	0.00614515	0.0	0.0	0.0	0.0	0.0	0.0	0.0	0.0	0.0	0.0	0.0	0.0	0.0	0.0	0.0	0.0	0.0	0.0	0.0	0.0	0.0	0.0	0.0	0.0
Hmi-CBas_024-Ex1-12H.clmp.r1r2_fastp	0.302146	0.020837699999999997	0.166701	0.0	0.0	0.0	0.0	0.0	0.0	0.0	0.0	0.0	0.0	0.0	0.020837699999999997	0.0104188	0.0	0.0	0.0	0.0	0.0	0.0	0.0	0.0	0.0	0.0	0.0	0.0	0.0	0.0	0.0	0.0	0.0	0.0104221	0.0	0.0208659	0.0	0.0	0.0	0.0104581	0.0	0.0	0.0	0.0	0.0	0.0	0.0	0.0	0.0	0.0	0.0	0.0	0.0	0.0	0.0	0.0	0.0	0.0	0.0	0.0	0.0	0.0	0.0	0.0	0.0	0.0	0.0	0.0	0.0	0.0	0.0	0.0	0.0	0.0	0.0	0.0	0.0	0.0	0.0	0.0	0.0	0.0	0.0	0.0	0.0	0.0	0.0	0.0	0.0	0.0	0.0	0.0	0.0	0.0	0.0	0.0	0.0	0.0	0.0	0.0	0.0	0.0	0.0	0.0	0.0	0.028324600000000002	0.0	0.0	0.0	0.0	0.0	0.0	0.0	0.0	0.0	0.0	0.0	0.0	0.0	0.0	0.0	0.0172058	0.0	0.0	0.0	0.0178412	0.0	0.0	0.0	0.0	0.0	0.0	0.0	0.0	0.0	0.0	0.0	0.0	0.0	0.0	0.0	0.0	0.0	0.0	0.0	0.0	0.0	0.0	0.0	0.0
Hmi-CBas_025-Ex1-01C.clmp.r1r2_fastp	0.304854	0.0913016	0.11141899999999999	0.0	0.0	0.0	0.0	0.0	0.0	0.0	0.0	0.0	0.00154748	0.0139274	0.023212299999999998	0.00618994	0.0	0.0	0.0	0.0	0.0	0.0	0.00154748	0.0	0.00309497	0.0	0.0	0.0	0.0	0.0	0.00154748	0.0	0.0	0.00154751	0.0	0.00774018	0.0	0.0	0.0	0.0015483200000000002	0.0	0.0	0.0	0.0	0.0	0.0	0.0	0.0	0.0	0.0	0.0	0.0	0.0	0.0	0.0	0.0	0.0	0.0	0.0	0.0	0.0	0.0	0.0	0.0	0.0	0.0	0.0	0.0	0.0	0.0	0.0	0.0	0.0	0.0	0.0	0.0	0.0	0.0	0.0	0.0	0.0	0.0	0.0	0.0	0.0	0.0	0.0	0.0	0.0	0.0	0.0	0.0	0.0	0.0	0.0	0.0	0.0	0.0	0.0	0.0	0.0	0.0	0.0	0.0	0.0	0.0315777	0.0	0.0	0.005061840000000001	0.0	0.0	0.0	0.0	0.00173871	0.0	0.0	0.010616800000000001	0.0	0.0	0.0	0.0	0.0	0.0	0.0018461099999999998	0.0	0.0	0.0	0.0	0.00377522	0.0	0.0	0.0	0.0	0.0	0.0	0.0	0.0	0.0	0.0	0.0	0.0	0.0	0.0	0.0	0.0	0.0	0.0	0.0	0.0	0.0
Hmi-CBas_026-Ex1-01G.clmp.r1r2_fastp	0.335093	0.0761576	0.101543	0.0	0.0	0.0	0.0	0.0	0.0	0.0	0.0	0.0	0.0	0.0203087	0.0456946	0.0	0.0	0.0	0.0	0.0	0.0	0.0	0.00507717	0.0	0.00507717	0.0	0.0	0.0	0.0	0.0	0.00507717	0.0	0.0	0.0	0.0	0.0	0.0	0.0	0.0	0.0	0.0	0.0	0.0	0.0	0.0	0.0	0.0	0.0	0.0	0.0	0.0	0.0	0.0	0.0	0.0	0.0	0.0	0.0	0.0	0.0	0.0	0.0	0.0	0.0	0.0	0.0	0.0	0.0	0.0	0.0	0.0	0.0	0.0	0.0	0.0	0.0	0.0	0.0	0.0	0.0	0.0	0.0	0.0	0.0	0.0	0.0	0.0	0.0	0.0	0.0	0.0	0.0	0.0	0.0	0.0	0.0	0.0	0.0	0.0	0.0	0.0	0.0	0.0	0.0	0.0	0.017604599999999998	0.0	0.0	0.00598372	0.0	0.0	0.0	0.0	0.006177800000000001	0.0	0.0	0.0	0.0	0.0	0.0	0.0	0.0	0.0	0.0	0.0	0.0	0.0	0.0	0.0	0.0	0.0	0.0	0.0	0.0	0.0	0.0	0.0	0.0	0.0	0.0	0.0	0.0	0.0	0.0	0.0	0.0	0.0	0.0	0.0	0.0
Hmi-CBas_027-Ex1-02D.clmp.r1r2_fastp	0.255428	0.10986100000000001	0.0823961	0.0	0.0	0.0	0.0	0.0	0.0	0.0	0.0	0.0	0.00274654	0.00274654	0.0315852	0.012359400000000001	0.0	0.0	0.0	0.0	0.0	0.0	0.0	0.0	0.00274654	0.0	0.0	0.0	0.00137327	0.0	0.00137327	0.0	0.0	0.0	0.00137387	0.00412246	0.0	0.0	0.0	0.0013747199999999998	0.0	0.0	0.0	0.0	0.0	0.0	0.0	0.0	0.0	0.0	0.0	0.0	0.0	0.0	0.0	0.0	0.0	0.0	0.0	0.0	0.0	0.0	0.0	0.0	0.0	0.0	0.0	0.0	0.0	0.0	0.0	0.0	0.0	0.0	0.0	0.0	0.0	0.0	0.0	0.0	0.0	0.0	0.0	0.0	0.0	0.0	0.0	0.0	0.0	0.0	0.0	0.0	0.0	0.0	0.0	0.0	0.0	0.0	0.0	0.0	0.0	0.0	0.0	0.0	0.0	0.0286853	0.0	0.0	0.0	0.0	0.0	0.0	0.0	0.00157201	0.0	0.0	0.00958727	0.0	0.0	0.0	0.0	0.004907979999999999	0.0	0.0	0.0	0.00335126	0.0	0.0	0.0	0.0	0.0	0.0	0.0	0.0	0.0	0.0	0.0	0.00180141	0.0	0.0	0.0	0.0	0.0	0.0	0.0	0.0	0.0	0.0	0.0	0.0
Hmi-CBas_028-Ex1-02H.clmp.r1r2_fastp	0.22850499999999999	0.108443	0.0735864	0.0	0.0	0.0	0.0	0.0	0.0	0.0	0.0	0.0	0.0	0.0	0.0154919	0.0154919	0.0	0.0	0.0	0.0	0.0	0.0	0.0	0.0	0.0038729700000000003	0.0	0.0	0.0	0.0	0.0	0.0	0.0	0.0	0.0	0.0	0.00387687	0.0	0.0	0.0	0.0	0.0	0.0	0.0	0.0	0.0	0.0	0.0	0.0	0.0	0.0	0.0	0.0	0.0	0.0	0.0	0.0	0.0	0.0	0.0	0.0	0.0	0.0	0.0	0.0	0.0	0.0	0.0	0.0	0.0	0.0	0.0	0.0	0.0	0.0	0.0	0.0	0.0	0.0	0.0	0.0	0.0	0.0	0.0	0.0	0.0	0.0	0.0	0.0	0.0	0.0	0.0	0.0	0.0	0.0	0.0	0.0	0.0	0.0	0.0	0.0	0.0	0.0	0.0	0.0	0.0	0.0261083	0.0	0.0	0.0	0.0	0.0	0.0	0.0	0.0	0.0	0.0	0.00604011	0.0	0.0	0.0	0.0	0.0	0.0	0.0	0.0	0.0	0.0	0.0	0.0	0.0	0.0	0.0	0.0	0.0	0.0	0.0	0.0	0.0	0.0	0.0	0.0	0.0	0.0	0.0	0.0	0.0	0.0	0.0	0.0	0.0
Hmi-CBas_029-Ex1-03C.clmp.r1r2_fastp	0.25188900000000003	0.0839631	0.0839631	0.0	0.0	0.0	0.0	0.0	0.0	0.0	0.0	0.0	0.0	0.0	0.0	0.0	0.0	0.0	0.0	0.0	0.0	0.0	0.0	0.0	0.0	0.0	0.0	0.0	0.0	0.0	0.0	0.0	0.0	0.0	0.0	0.0	0.0	0.0	0.0	0.0	0.0	0.0	0.0	0.0	0.0	0.0	0.0	0.0	0.0	0.0	0.0	0.0	0.0	0.0	0.0	0.0	0.0	0.0	0.0	0.0	0.0	0.0	0.0	0.0	0.0	0.0	0.0	0.0	0.0	0.0	0.0	0.0	0.0	0.0	0.0	0.0	0.0	0.0	0.0	0.0	0.0	0.0	0.0	0.0	0.0	0.0	0.0	0.0	0.0	0.0	0.0	0.0	0.0	0.0	0.0	0.0	0.0	0.0	0.0	0.0	0.0	0.0	0.0	0.0	0.0	0.0	0.0	0.0	0.0	0.0	0.0	0.0	0.0	0.0	0.0	0.0	0.0	0.0	0.0	0.0	0.0	0.0	0.0	0.0	0.0	0.0	0.0	0.0	0.0	0.0	0.0	0.0	0.0	0.0	0.0	0.0	0.0	0.0	0.0	0.0	0.0	0.0	0.0	0.0	0.0	0.0	0.0	0.0	0.0	0.0
Hmi-CBas_030-Ex1-04A.clmp.r1r2_fastp	0.309734	0.0977528	0.0977528	0.0	0.0	0.0	0.0	0.0	0.0	0.0	0.0	0.0	0.0043933800000000005	0.0120818	0.0186719	0.0043933800000000005	0.00109835	0.0	0.0	0.0	0.0	0.0	0.00109835	0.0	0.00109835	0.0	0.0	0.0	0.0	0.0	0.0	0.0	0.0	0.00439483	0.0	0.007694759999999999	0.0	0.0	0.0	0.00110033	0.0	0.0	0.0	0.0	0.0	0.0	0.0	0.0	0.0	0.0	0.0	0.0	0.0	0.0	0.0	0.0	0.0	0.0	0.0	0.0	0.0	0.0	0.0	0.0	0.0	0.0	0.0	0.0	0.0	0.0	0.0	0.0	0.0	0.0	0.0	0.0	0.0	0.0	0.0	0.0	0.0	0.0	0.0	0.0	0.0	0.0	0.0	0.0	0.0	0.0	0.0	0.0	0.0	0.0	0.0	0.0	0.0	0.0	0.0	0.0	0.0	0.0	0.0	0.0	0.0	0.026918200000000003	0.0	0.0	0.00123937	0.0	0.0	0.0	0.0	0.00254709	0.0	0.0	0.012923700000000002	0.0	0.0	0.0013208500000000001	0.0	0.00269629	0.0	0.00273403	0.0	0.00277882	0.0	0.0	0.00142157	0.0	0.0	0.0	0.0	0.0	0.0	0.0	0.0	0.0015548499999999998	0.0	0.0	0.0	0.0	0.0	0.0	0.0	0.0	0.0	0.0	0.0	0.0
Hmi-CBas_031-Ex1-04H.clmp.r1r2_fastp	0.269248	0.0582157	0.0727696	0.0	0.0	0.0	0.0	0.0	0.0	0.0	0.0	0.0	0.0	0.0145539	0.0218309	0.0	0.0	0.0	0.0	0.0	0.0	0.0	0.0	0.0	0.0	0.0	0.0	0.0	0.0	0.0	0.0	0.0	0.0	0.007283850000000001	0.0	0.007292880000000001	0.0	0.0	0.0	0.0	0.0	0.0	0.0	0.0	0.0	0.0	0.0	0.0	0.0	0.0	0.0	0.0	0.0	0.0	0.0	0.0	0.0	0.0	0.0	0.0	0.0	0.0	0.0	0.0	0.0	0.0	0.0	0.0	0.0	0.0	0.0	0.0	0.0	0.0	0.0	0.0	0.0	0.0	0.0	0.0	0.0	0.0	0.0	0.0	0.0	0.0	0.0	0.0	0.0	0.0	0.0	0.0	0.0	0.0	0.0	0.0	0.0	0.0	0.0	0.0	0.0	0.0	0.0	0.0	0.0	0.009747539999999999	0.0	0.0	0.0	0.0	0.0	0.0	0.0	0.0	0.0	0.0	0.0	0.0	0.0	0.0	0.0	0.0	0.0	0.0124177	0.0	0.0	0.0	0.0	0.0	0.0	0.0	0.0	0.0	0.0	0.0	0.0	0.0	0.0	0.0	0.0	0.0	0.0	0.0	0.0	0.0	0.0	0.0	0.0	0.0	0.0
Hmi-CBas_032-Ex1-05D.clmp.r1r2_fastp	0.28511000000000003	0.0735767	0.0643797	0.0	0.0	0.0	0.0	0.0	0.0	0.0	0.0	0.0	0.0	0.00919709	0.027591300000000003	0.0	0.0	0.0	0.0	0.0	0.0	0.0	0.0	0.0	0.0	0.0	0.0	0.0	0.0	0.0	0.0	0.0	0.0	0.0	0.0	0.0092081	0.0	0.0	0.0	0.0	0.0	0.0	0.0	0.0	0.0	0.0	0.0	0.0	0.0	0.0	0.0	0.0	0.0	0.0	0.0	0.0	0.0	0.0	0.0	0.0	0.0	0.0	0.0	0.0	0.0	0.0	0.0	0.0	0.0	0.0	0.0	0.0	0.0	0.0	0.0	0.0	0.0	0.0	0.0	0.0	0.0	0.0	0.0	0.0	0.0	0.0	0.0	0.0	0.0	0.0	0.0	0.0	0.0	0.0	0.0	0.0	0.0	0.0	0.0	0.0	0.0	0.0	0.0	0.0	0.0	0.0561672	0.0	0.0	0.0	0.0	0.0	0.0	0.0	0.0	0.0	0.0	0.0120135	0.0	0.0	0.0	0.0	0.012526599999999999	0.0	0.0	0.0	0.012943300000000001	0.0	0.0	0.0	0.0	0.0	0.0	0.0	0.0	0.0	0.0	0.0	0.0	0.0	0.0	0.0	0.0	0.0	0.0	0.0	0.0	0.0	0.0	0.0	0.0
Hmi-CBas_033-Ex1-05H.clmp.r1r2_fastp	0.308469	0.07010659999999999	0.11217	0.0	0.0	0.0	0.0	0.0	0.0	0.0	0.0	0.0	0.0	0.0	0.0140213	0.0	0.0	0.0	0.0	0.0	0.0	0.0	0.0140213	0.0	0.0	0.0	0.0	0.0	0.0	0.0	0.0	0.0	0.0	0.0	0.0	0.0	0.0	0.0	0.0	0.0	0.0	0.0	0.0	0.0	0.0	0.0	0.0	0.0	0.0	0.0	0.0	0.0	0.0	0.0	0.0	0.0	0.0	0.0	0.0	0.0	0.0	0.0	0.0	0.0	0.0	0.0	0.0	0.0	0.0	0.0	0.0	0.0	0.0	0.0	0.0	0.0	0.0	0.0	0.0	0.0	0.0	0.0	0.0	0.0	0.0	0.0	0.0	0.0	0.0	0.0	0.0	0.0	0.0	0.0	0.0	0.0	0.0	0.0	0.0	0.0	0.0	0.0	0.0	0.0	0.0	0.0	0.0	0.0	0.0	0.0	0.0	0.0	0.0	0.0	0.0	0.0	0.0	0.0	0.0	0.0	0.0	0.0	0.0	0.0	0.0	0.0	0.0	0.0	0.0	0.0	0.0	0.0	0.0	0.0	0.0	0.0	0.0	0.0	0.0	0.0	0.0	0.0	0.0	0.0	0.0	0.0	0.0	0.0	0.0	0.0
Hmi-CBas_034-Ex1-06G.clmp.r1r2_fastp	0.25333700000000003	0.0876937	0.0876937	0.0	0.0	0.0	0.0	0.0	0.0	0.0	0.0	0.0	0.009743739999999999	0.0	0.0584624	0.0	0.0	0.0	0.0	0.0	0.0	0.0	0.0	0.0	0.0	0.0	0.0	0.0	0.0	0.0	0.0	0.0	0.0	0.0	0.0	0.00975324	0.0	0.0	0.0	0.00976658	0.0	0.0	0.0	0.0	0.0	0.0	0.0	0.0	0.0	0.0	0.0	0.0	0.0	0.0	0.0	0.0	0.0	0.0	0.0	0.0	0.0	0.0	0.0	0.0	0.0	0.0	0.0	0.0	0.0	0.0	0.0	0.0	0.0	0.0	0.0	0.0	0.0	0.0	0.0	0.0	0.0	0.0	0.0	0.0	0.0	0.0	0.0	0.0	0.0	0.0	0.0	0.0	0.0	0.0	0.0	0.0	0.0	0.0	0.0	0.0	0.0	0.0	0.0	0.0	0.0	0.0358337	0.0	0.0	0.0	0.0	0.0	0.0	0.0	0.0	0.0	0.0	0.025611500000000002	0.0	0.0	0.0	0.0	0.013345800000000001	0.0	0.0	0.0	0.0137024	0.0	0.0	0.0	0.0	0.0	0.0	0.0	0.0	0.0	0.0	0.0	0.0	0.0	0.0	0.0	0.0	0.0	0.0	0.0	0.0	0.0	0.0	0.0	0.0
Hmi-CBas_035-Ex1-07E.clmp.r1r2_fastp	0.272245	0.0573148	0.0859722	0.0	0.0	0.0	0.0	0.0	0.0	0.0	0.0	0.0	0.0	0.0	0.021493099999999998	0.0	0.00716435	0.0	0.0	0.0	0.0	0.0	0.0	0.0	0.0	0.0	0.0	0.0	0.0	0.0	0.0	0.0	0.0	0.0	0.0	0.00718752	0.0	0.0	0.0	0.00720773	0.0	0.0	0.0	0.0	0.0	0.0	0.0	0.0	0.0	0.0	0.0	0.0	0.0	0.0	0.0	0.0	0.0	0.0	0.0	0.0	0.0	0.0	0.0	0.0	0.0	0.0	0.0	0.0	0.0	0.0	0.0	0.0	0.0	0.0	0.0	0.0	0.0	0.0	0.0	0.0	0.0	0.0	0.0	0.0	0.0	0.0	0.0	0.0	0.0	0.0	0.0	0.0	0.0	0.0	0.0	0.0	0.0	0.0	0.0	0.0	0.0	0.0	0.0	0.0	0.0	0.0187758	0.0	0.0	0.0	0.0	0.0	0.0	0.0	0.0	0.0	0.0	0.0	0.0	0.0	0.0	0.0	0.0110852	0.0	0.0	0.0	0.011685	0.0	0.0	0.0	0.0	0.0	0.0	0.0	0.0	0.0	0.0	0.0	0.0	0.0	0.0	0.0	0.0	0.0	0.0	0.0	0.0	0.0	0.0	0.0	0.0
Hmi-CBas_036-Ex1-08C.clmp.r1r2_fastp	0.31125200000000003	0.0855634	0.11036399999999999	0.0	0.0	0.0	0.0	0.0	0.0	0.0	0.0	0.0	0.0	0.00124005	0.0223209	0.00496019	0.00124005	0.0	0.0	0.0	0.0	0.0	0.0024801	0.0	0.0	0.0	0.0	0.0	0.0	0.0	0.0	0.0	0.0	0.0062037	0.0	0.00496438	0.0	0.0	0.0	0.0	0.0	0.0	0.0	0.0	0.0	0.0	0.0	0.0	0.0	0.0	0.0	0.0	0.0	0.0	0.0	0.0	0.0	0.0	0.0	0.0	0.0	0.0	0.0	0.0	0.0	0.0	0.0	0.0	0.0	0.0	0.0	0.0	0.0	0.0	0.0	0.0	0.0	0.0	0.0	0.0	0.0	0.0	0.0	0.0	0.0	0.0	0.0	0.0	0.0	0.0	0.0	0.0	0.0	0.0	0.0	0.0	0.0	0.0	0.0	0.0	0.0	0.0	0.0	0.0	0.0	0.038296800000000006	0.0	0.0	0.0	0.0	0.0	0.0	0.0	0.00298436	0.0	0.0	0.015188300000000002	0.0	0.0	0.0015494699999999998	0.0	0.0	0.0	0.0031913199999999997	0.0	0.0	0.0	0.0	0.0	0.0	0.0	0.0	0.0	0.0	0.0	0.0	0.0	0.0	0.0	0.0	0.0	0.0	0.0	0.0	0.0	0.0	0.0	0.0	0.0	0.0
Hmi-CBas_037-Ex1-09A.clmp.r1r2_fastp	0.24981399999999998	0.0744127	0.0850431	0.0	0.0	0.0	0.0	0.0	0.0	0.0	0.0	0.0	0.0	0.0106304	0.0318911	0.0	0.0	0.0	0.0	0.0	0.0	0.0	0.00531519	0.0	0.0	0.0	0.0	0.0	0.0	0.0	0.0	0.0	0.0	0.0	0.0	0.0106485	0.0	0.0	0.0	0.00534702	0.0	0.0	0.0	0.0	0.0	0.0	0.0	0.0	0.0	0.0	0.0	0.0	0.0	0.0	0.0	0.0	0.0	0.0	0.0	0.0	0.0	0.0	0.0	0.0	0.0	0.0	0.0	0.0	0.0	0.0	0.0	0.0	0.0	0.0	0.0	0.0	0.0	0.0	0.0	0.0	0.0	0.0	0.0	0.0	0.0	0.0	0.0	0.0	0.0	0.0	0.0	0.0	0.0	0.0	0.0	0.0	0.0	0.0	0.0	0.0	0.0	0.0	0.0	0.0	0.0	0.0144928	0.0	0.0	0.00749963	0.0	0.0	0.0	0.0	0.0	0.0	0.0	0.0165522	0.0	0.0	0.0	0.0	0.0088739	0.0	0.0	0.0	0.0	0.0	0.0	0.00964692	0.0	0.0	0.0	0.0	0.0	0.0	0.0	0.0	0.0	0.0	0.0	0.0	0.0	0.0	0.0	0.0	0.0	0.0	0.0	0.0	0.0
Hmi-CBas_038-Ex1-01H.clmp.r1r2_fastp	0.372885	0.066928	0.07648909999999999	0.0	0.0	0.0	0.0	0.0	0.0	0.0	0.0	0.0	0.0	0.0	0.009561140000000001	0.0	0.009561140000000001	0.0	0.0	0.0	0.0	0.0	0.009561140000000001	0.0	0.0	0.0	0.0	0.0	0.0	0.0	0.0	0.0	0.0	0.0	0.0	0.0	0.0	0.0	0.0	0.0	0.0	0.0	0.0	0.0	0.0	0.0	0.0	0.0	0.0	0.0	0.0	0.0	0.0	0.0	0.0	0.0	0.0	0.0	0.0	0.0	0.0	0.0	0.0	0.0	0.0	0.0	0.0	0.0	0.0	0.0	0.0	0.0	0.0	0.0	0.0	0.0	0.0	0.0	0.0	0.0	0.0	0.0	0.0	0.0	0.0	0.0	0.0	0.0	0.0	0.0	0.0	0.0	0.0	0.0	0.0	0.0	0.0	0.0	0.0	0.0	0.0	0.0	0.0	0.0	0.0	0.04884000000000001	0.0	0.0	0.0	0.0	0.0	0.0	0.0	0.0	0.0	0.0	0.0133227	0.0	0.0	0.0	0.0	0.0	0.0	0.0	0.0	0.0	0.0	0.0	0.0	0.0	0.0	0.0	0.0	0.0	0.0	0.0	0.0	0.0	0.0	0.0	0.0	0.0	0.0	0.0	0.0	0.0	0.0	0.0	0.0	0.0
Hmi-CBas_039-Ex1-09H.clmp.r1r2_fastp	0.315525	0.11011	0.111035	0.0	0.0	0.0	0.0	0.0	0.0	0.0	0.0	0.0	0.0009252920000000001	0.00277588	0.036086400000000005	0.00462646	0.00277588	0.0	0.0	0.0	0.0	0.0	0.00277588	0.0	0.00185058	0.0	0.0	0.0	0.0	0.0	0.0009252920000000001	0.0	0.0	0.000925429	0.0	0.000925746	0.0	0.0	0.0	0.0009268789999999999	0.0	0.0	0.0	0.0	0.0	0.0	0.0	0.0	0.0	0.0	0.0	0.0	0.0	0.0	0.0	0.0	0.0	0.0	0.0	0.0	0.0	0.0	0.0	0.0	0.0	0.0	0.0	0.0	0.0	0.0	0.0	0.0	0.0	0.0	0.0	0.0	0.0	0.0	0.0	0.0	0.0	0.0	0.0	0.0	0.0	0.0	0.0	0.0	0.0	0.0	0.0	0.0	0.0	0.0	0.0	0.0	0.0	0.0	0.0	0.0	0.0	0.0	0.0	0.0	0.0	0.037079	0.0	0.0	0.00304825	0.0	0.0	0.00103451	0.0	0.00208821	0.0	0.00105281	0.019010000000000003	0.0	0.0	0.0	0.0	0.00108827	0.0	0.0	0.0	0.00111728	0.0	0.0	0.0011368	0.0	0.0	0.0	0.0	0.0	0.0	0.0	0.0	0.0	0.0	0.0	0.0	0.0	0.0	0.0	0.0	0.0	0.0	0.0	0.0	0.0
Hmi-CBas_040-Ex1-03A.clmp.r1r2_fastp	0.258567	0.111917	0.10034	0.0	0.0	0.0	0.0	0.0	0.0	0.0	0.0	0.0	0.0	0.007718430000000001	0.0231553	0.00385922	0.0	0.0	0.0	0.0	0.0	0.0	0.0	0.0	0.0	0.0	0.0	0.0	0.0	0.0	0.0	0.0	0.0	0.0	0.0	0.00386145	0.0	0.0	0.0	0.0	0.0	0.0	0.0	0.0	0.0	0.0	0.0	0.0	0.0	0.0	0.0	0.0	0.0	0.0	0.0	0.0	0.0	0.0	0.0	0.0	0.0	0.0	0.0	0.0	0.0	0.0	0.0	0.0	0.0	0.0	0.0	0.0	0.0	0.0	0.0	0.0	0.0	0.0	0.0	0.0	0.0	0.0	0.0	0.0	0.0	0.0	0.0	0.0	0.0	0.0	0.0	0.0	0.0	0.0	0.0	0.0	0.0	0.0	0.0	0.0	0.0	0.0	0.0	0.0	0.0	0.0395066	0.0	0.0	0.0	0.0	0.0	0.0	0.0	0.004592420000000001	0.0	0.0	0.009344920000000001	0.0	0.0	0.0	0.0	0.0	0.0	0.0	0.0	0.0	0.0	0.0	0.0	0.0	0.0	0.0	0.0	0.0	0.0	0.0	0.0	0.0	0.0	0.0	0.0	0.0	0.0	0.0	0.0	0.0	0.0	0.0	0.0	0.0
Hmi-CBas_041-Ex1-03D.clmp.r1r2_fastp	0.32334199999999996	0.0699117	0.0873897	0.0	0.0	0.0	0.0	0.0	0.0	0.0	0.0	0.0	0.0	0.0	0.026216899999999998	0.008738969999999999	0.0	0.0	0.0	0.0	0.0	0.0	0.0	0.0	0.008738969999999999	0.0	0.0	0.0	0.0	0.0	0.0	0.0	0.0	0.0	0.0	0.0	0.0	0.0	0.0	0.0	0.0	0.0	0.0	0.0	0.0	0.0	0.0	0.0	0.0	0.0	0.0	0.0	0.0	0.0	0.0	0.0	0.0	0.0	0.0	0.0	0.0	0.0	0.0	0.0	0.0	0.0	0.0	0.0	0.0	0.0	0.0	0.0	0.0	0.0	0.0	0.0	0.0	0.0	0.0	0.0	0.0	0.0	0.0	0.0	0.0	0.0	0.0	0.0	0.0	0.0	0.0	0.0	0.0	0.0	0.0	0.0	0.0	0.0	0.0	0.0	0.0	0.0	0.0	0.0	0.0	0.024003800000000002	0.0	0.0	0.0	0.0	0.0	0.0	0.0	0.0	0.0	0.0	0.026695100000000003	0.0	0.0	0.0	0.0	0.0	0.0	0.0	0.0	0.0	0.0	0.0	0.0	0.0	0.0	0.0	0.0	0.0	0.0	0.0	0.0	0.0	0.0	0.0	0.0	0.0	0.0	0.0	0.0	0.0	0.0	0.0	0.0	0.0
Hmi-CBas_043-Ex1-05A.clmp.r1r2_fastp	0.362863	0.136074	0.138909	0.0	0.0	0.0	0.0	0.0	0.0	0.0	0.0	0.0	0.0	0.008504610000000001	0.065202	0.008504610000000001	0.0056697399999999995	0.0	0.0	0.0	0.0	0.0	0.0	0.0	0.0	0.0	0.0	0.0	0.0	0.0	0.0	0.0	0.0	0.00850726	0.0	0.0141908	0.0	0.0	0.0	0.0	0.0	0.0	0.0	0.0	0.0	0.0	0.0	0.0	0.0	0.0	0.0	0.0	0.0	0.0	0.0	0.0	0.0	0.0	0.0	0.0	0.0	0.0	0.0	0.0	0.0	0.0	0.0	0.0	0.0	0.0	0.0	0.0	0.0	0.0	0.0	0.0	0.0	0.0	0.0	0.0	0.0	0.0	0.0	0.0	0.0	0.0	0.0	0.0	0.0	0.0	0.0	0.0	0.0	0.0	0.0	0.0	0.0	0.0	0.0	0.0	0.0	0.0	0.0	0.0	0.0	0.045807	0.0	0.0	0.0	0.0	0.0	0.0	0.0	0.0	0.0	0.0	0.0176454	0.0	0.0	0.0	0.0	0.0	0.0	0.00370028	0.0	0.0	0.0	0.0	0.0	0.0	0.0	0.0	0.0	0.0	0.0	0.0	0.0	0.0	0.0	0.0	0.0	0.0	0.0	0.0	0.0	0.0	0.0	0.0	0.0	0.0
Hmi-CBas_044-Ex1-05E.clmp.r1r2_fastp	0.3136	0.0917852	0.137678	0.0	0.0	0.0	0.0	0.0	0.0	0.0	0.0	0.0	0.0	0.007648769999999999	0.0382438	0.0	0.0	0.0	0.0	0.0	0.0	0.0	0.0	0.0	0.0	0.0	0.0	0.0	0.0	0.0	0.0	0.0	0.0	0.0	0.0	0.0	0.0	0.0	0.0	0.0	0.0	0.0	0.0	0.0	0.0	0.0	0.0	0.0	0.0	0.0	0.0	0.0	0.0	0.0	0.0	0.0	0.0	0.0	0.0	0.0	0.0	0.0	0.0	0.0	0.0	0.0	0.0	0.0	0.0	0.0	0.0	0.0	0.0	0.0	0.0	0.0	0.0	0.0	0.0	0.0	0.0	0.0	0.0	0.0	0.0	0.0	0.0	0.0	0.0	0.0	0.0	0.0	0.0	0.0	0.0	0.0	0.0	0.0	0.0	0.0	0.0	0.0	0.0	0.0	0.0	0.0292028	0.0	0.0	0.0	0.0	0.0	0.0	0.0	0.0104756	0.0	0.0	0.0	0.0	0.0	0.0109733	0.0	0.0	0.0	0.0	0.0	0.0	0.0	0.0	0.0	0.0	0.0	0.0	0.0	0.0	0.0	0.0	0.0	0.0	0.0	0.0	0.0	0.0	0.0	0.0	0.0	0.0	0.0	0.0	0.0	0.0
Hmi-CBas_045-Ex1-06A.clmp.r1r2_fastp	0.23906499999999997	0.10323299999999999	0.0651997	0.0	0.0	0.0	0.0	0.0	0.0	0.0	0.0	0.0	0.0	0.0108666	0.0162999	0.00543331	0.0	0.0	0.0	0.0	0.0	0.0	0.00543331	0.0	0.0	0.0	0.0	0.0	0.0	0.0	0.0	0.0	0.0	0.0108725	0.0	0.0108879	0.0	0.0	0.0	0.0	0.0	0.0	0.0	0.0	0.0	0.0	0.0	0.0	0.0	0.0	0.0	0.0	0.0	0.0	0.0	0.0	0.0	0.0	0.0	0.0	0.0	0.0	0.0	0.0	0.0	0.0	0.0	0.0	0.0	0.0	0.0	0.0	0.0	0.0	0.0	0.0	0.0	0.0	0.0	0.0	0.0	0.0	0.0	0.0	0.0	0.0	0.0	0.0	0.0	0.0	0.0	0.0	0.0	0.0	0.0	0.0	0.0	0.0	0.0	0.0	0.0	0.0	0.0	0.0	0.0	0.0139266	0.0	0.0	0.0	0.0	0.0	0.0	0.0	0.007412899999999999	0.0	0.0	0.0	0.0	0.0	0.0	0.0	0.0	0.0	0.0	0.0	0.0	0.0	0.0	0.0	0.0	0.0	0.0	0.0	0.0	0.0	0.0	0.0	0.0	0.0	0.0	0.0	0.0	0.0	0.0	0.0	0.0	0.0	0.0	0.0	0.0
Hmi-CBas_046-Ex1-06H.clmp.r1r2_fastp	0.30407799999999996	0.0988255	0.102626	0.0	0.0	0.0	0.0	0.0	0.0	0.0	0.0	0.0	0.0038009800000000002	0.0038009800000000002	0.019004899999999998	0.0038009800000000002	0.0038009800000000002	0.0	0.0	0.0	0.0	0.0	0.0	0.0	0.0	0.0	0.0	0.0	0.0	0.0	0.0	0.0	0.0	0.0	0.0	0.0	0.0	0.0	0.0	0.0	0.0	0.0	0.0	0.0	0.0	0.0	0.0	0.0	0.0	0.0	0.0	0.0	0.0	0.0	0.0	0.0	0.0	0.0	0.0	0.0	0.0	0.0	0.0	0.0	0.0	0.0	0.0	0.0	0.0	0.0	0.0	0.0	0.0	0.0	0.0	0.0	0.0	0.0	0.0	0.0	0.0	0.0	0.0	0.0	0.0	0.0	0.0	0.0	0.0	0.0	0.0	0.0	0.0	0.0	0.0	0.0	0.0	0.0	0.0	0.0	0.0	0.0	0.0	0.0	0.0	0.029351300000000004	0.0	0.0	0.0	0.0	0.0	0.0	0.0	0.0	0.0	0.0	0.00537259	0.0	0.0	0.0	0.0	0.0	0.0	0.0	0.0	0.0	0.0	0.0	0.0	0.0	0.0	0.0	0.0	0.0	0.0	0.0	0.0	0.0	0.0	0.0	0.0	0.0	0.0	0.0	0.0	0.0	0.0	0.0	0.0	0.0
Hmi-CBas_047-Ex1-07F.clmp.r1r2_fastp	0.359546	0.102727	0.102727	0.0	0.0	0.0	0.0	0.0	0.0	0.0	0.0	0.0	0.0051363699999999995	0.0	0.0205455	0.0	0.0	0.0	0.0	0.0	0.0	0.0	0.0102727	0.0	0.0	0.0	0.0	0.0	0.0	0.0	0.0	0.0	0.0	0.0	0.0	0.00514271	0.0	0.0	0.00515119	0.0	0.0	0.0	0.0	0.0	0.0	0.0	0.0	0.0	0.0	0.0	0.0	0.0	0.0	0.0	0.0	0.0	0.0	0.0	0.0	0.0	0.0	0.0	0.0	0.0	0.0	0.0	0.0	0.0	0.0	0.0	0.0	0.0	0.0	0.0	0.0	0.0	0.0	0.0	0.0	0.0	0.0	0.0	0.0	0.0	0.0	0.0	0.0	0.0	0.0	0.0	0.0	0.0	0.0	0.0	0.0	0.0	0.0	0.0	0.0	0.0	0.0	0.0	0.0	0.0	0.0	0.0333289	0.0	0.0	0.0	0.0	0.0	0.0	0.0	0.0071766899999999995	0.0	0.0	0.014868800000000001	0.0	0.0	0.0	0.0	0.0	0.0	0.0	0.0	0.0	0.0	0.0	0.0	0.0	0.0	0.0	0.0	0.0	0.0	0.0	0.0	0.0	0.0	0.0	0.0	0.0	0.0	0.0	0.0	0.0	0.0	0.0	0.0	0.0
Hmi-CBas_048-Ex1-08D.clmp.r1r2_fastp	0.131152	0.0364312	0.029145	0.0	0.0	0.0	0.0	0.0	0.0	0.0	0.0	0.0	0.0	0.0	0.0036431199999999997	0.0	0.0	0.0	0.0	0.0	0.0	0.0	0.0	0.0	0.0	0.0	0.0	0.0	0.0	0.0	0.0	0.0	0.0	0.0	0.0	0.0	0.0	0.0	0.0	0.0	0.0	0.0	0.0	0.0	0.0	0.0	0.0	0.0	0.0	0.0	0.0	0.0	0.0	0.0	0.0	0.0	0.0	0.0	0.0	0.0	0.0	0.0	0.0	0.0	0.0	0.0	0.0	0.0	0.0	0.0	0.0	0.0	0.0	0.0	0.0	0.0	0.0	0.0	0.0	0.0	0.0	0.0	0.0	0.0	0.0	0.0	0.0	0.0	0.0	0.0	0.0	0.0	0.0	0.0	0.0	0.0	0.0	0.0	0.0	0.0	0.0	0.0	0.0	0.0	0.0	0.00863297	0.0	0.0	0.00443656	0.0	0.0	0.0	0.0	0.0	0.0	0.0	0.0	0.0	0.0	0.0	0.0	0.0	0.0	0.0	0.0	0.0	0.0	0.0	0.0	0.0	0.0	0.0	0.0	0.0	0.0	0.0	0.0	0.0	0.0	0.0	0.0	0.0	0.0	0.0	0.0	0.0	0.0	0.0	0.0	0.0
Hmi-CPar_001-Ex1-01D.clmp.r1r2_fastp	0.291981	0.042728999999999996	0.049850399999999996	0.0	0.0	0.0	0.0	0.0	0.0	0.0	0.0	0.0	0.0	0.0	0.014243	0.0	0.0	0.0	0.0	0.0	0.0	0.0	0.0	0.0	0.0	0.0	0.0	0.0	0.0	0.0	0.0	0.0	0.0	0.0071423500000000004	0.0	0.0071505200000000005	0.0	0.0	0.0	0.0	0.0	0.0	0.0	0.0	0.0	0.0	0.0	0.0	0.0	0.0	0.0	0.0	0.0	0.0	0.0	0.0	0.0	0.0	0.0	0.0	0.0	0.0	0.0	0.0	0.0	0.0	0.0	0.0	0.0	0.0	0.0	0.0	0.0	0.0	0.0	0.0	0.0	0.0	0.0	0.0	0.0	0.0	0.0	0.0	0.0	0.0	0.0	0.0	0.0	0.0	0.0	0.0	0.0	0.0	0.0	0.0	0.0	0.0	0.0	0.0	0.0	0.0	0.0	0.0	0.0	0.030665400000000002	0.0	0.0	0.0105463	0.0	0.0	0.0	0.0	0.0	0.0	0.0	0.023296400000000002	0.0	0.0	0.0	0.0	0.0	0.0	0.0	0.0	0.0	0.0	0.0	0.0	0.0	0.0	0.0	0.0	0.0	0.0	0.0	0.0	0.0	0.0	0.0	0.0	0.0	0.0	0.0	0.0	0.0	0.0	0.0	0.0	0.0
Hmi-CPar_002-Ex1-02A.clmp.r1r2_fastp	0.402716	0.10106799999999999	0.126909	0.00021642099999999998	8.65683e-05	0.0	0.0	0.0	0.0	0.0	0.0	0.0	0.00177465	0.008180699999999999	0.0343676	0.00597321	0.00138509	0.0	0.0	0.0	0.0	0.0	0.00285675	0.0	0.0016015099999999998	0.0	0.0	4.3284099999999994e-05	0.00012985200000000002	0.0	0.000562694	0.0	0.0	0.00376614	0.00043299800000000003	0.007579270000000001	0.0	0.0	0.000129996	0.000476746	0.0	0.0	0.0	0.0	0.0	0.0	0.0	0.0	0.0	0.0	0.0	0.0	0.0	0.0	0.0	0.0	0.0	0.0	0.0	0.0	0.0	0.0	0.0	0.0	0.0	0.0	0.0	0.0	0.0	0.0	0.0	0.0	0.0	0.0	0.0	0.0	4.49921e-05	0.0	0.0	0.0	0.0	0.0	0.0	0.0	0.0	0.0	0.0	0.0	0.0	0.0	0.0	0.0	0.0	0.0	0.0	0.0	0.0	0.0	0.0	0.0	0.0	0.0	0.0	0.0	0.0	0.048151	0.000159366	0.0	0.0014133	0.0	0.0	0.00157886	5.70822e-05	0.0034142	0.0	0.0	0.0175641	0.0	0.0	0.00176954	0.0	0.0014338600000000001	6.619260000000001e-05	0.00208542	0.0	0.0021525100000000003	0.0	0.0	0.000364491	0.0	0.0	0.0	0.0	0.0	0.0	0.0	0.0	0.000344345	0.0	0.0	0.0	0.0	0.0	0.0	0.0	0.0	0.0	0.0	0.0	0.0
Hmi-CPar_003-Ex1-02E.clmp.r1r2_fastp	0.222528	0.0654493	0.0719942	0.0	0.0	0.0	0.0	0.0	0.0	0.0	0.0	0.0	0.0	0.0	0.0196348	0.00654493	0.0	0.0	0.0	0.0	0.0	0.0	0.00654493	0.0	0.0	0.0	0.0	0.0	0.0	0.0	0.0	0.0	0.0	0.0065475	0.0	0.006556950000000001	0.0	0.0	0.0	0.0	0.0	0.0	0.0	0.0	0.0	0.0	0.0	0.0	0.0	0.0	0.0	0.0	0.0	0.0	0.0	0.0	0.0	0.0	0.0	0.0	0.0	0.0	0.0	0.0	0.0	0.0	0.0	0.0	0.0	0.0	0.0	0.0	0.0	0.0	0.0	0.0	0.0	0.0	0.0	0.0	0.0	0.0	0.0	0.0	0.0	0.0	0.0	0.0	0.0	0.0	0.0	0.0	0.0	0.0	0.0	0.0	0.0	0.0	0.0	0.0	0.0	0.0	0.0	0.0	0.0	0.0272851	0.0	0.0	0.0	0.0	0.0	0.0	0.0	0.0101678	0.0	0.0	0.0107619	0.0	0.0	0.0	0.0	0.0	0.0	0.0	0.0	0.0	0.0	0.0	0.0	0.0	0.0	0.0	0.0	0.0	0.0	0.0	0.0	0.0	0.0	0.0	0.0	0.0	0.0	0.0	0.0	0.0	0.0	0.0	0.0	0.0
Hmi-CPar_004-Ex1-10D.clmp.r1r2_fastp	0.27804599999999996	0.10154700000000001	0.0991296	0.0	0.0	0.0	0.0	0.0	0.0	0.0	0.0	0.0	0.0	0.00725338	0.0338491	0.00241779	0.0	0.0	0.0	0.0	0.0	0.0	0.00241779	0.0	0.0	0.0	0.0	0.0	0.0	0.0	0.0	0.0	0.0	0.00483781	0.0	0.0072685	0.0	0.0	0.0	0.0	0.0	0.0	0.0	0.0	0.0	0.0	0.0	0.0	0.0	0.0	0.0	0.0	0.0	0.0	0.0	0.0	0.0	0.0	0.0	0.0	0.0	0.0	0.0	0.0	0.0	0.0	0.0	0.0	0.0	0.0	0.0	0.0	0.0	0.0	0.0	0.0	0.0	0.0	0.0	0.0	0.0	0.0	0.0	0.0	0.0	0.0	0.0	0.0	0.0	0.0	0.0	0.0	0.0	0.0	0.0	0.0	0.0	0.0	0.0	0.0	0.0	0.0	0.0	0.0	0.0	0.020813400000000003	0.0	0.0	0.0	0.0	0.0	0.0	0.0	0.0	0.0	0.0	0.00498828	0.0	0.0	0.0	0.0	0.00554816	0.0	0.0	0.0	0.00604741	0.0	0.0	0.0	0.0	0.0	0.0	0.0	0.0	0.0	0.0	0.0	0.0	0.0	0.0	0.0	0.0	0.0	0.0	0.0	0.0	0.0	0.0	0.0	0.0
Hmi-CPar_005-Ex1-03E.clmp.r1r2_fastp	0.347541	0.09180329999999999	0.09180329999999999	0.0	0.0	0.0	0.0	0.0	0.0	0.0	0.0	0.0	0.006557380000000001	0.006557380000000001	0.052459	0.006557380000000001	0.0	0.0	0.0	0.0	0.0	0.0	0.0	0.0	0.0	0.0	0.0	0.0	0.0	0.0	0.0	0.0	0.0	0.0	0.0	0.0	0.0	0.0	0.0	0.0	0.0	0.0	0.0	0.0	0.0	0.0	0.0	0.0	0.0	0.0	0.0	0.0	0.0	0.0	0.0	0.0	0.0	0.0	0.0	0.0	0.0	0.0	0.0	0.0	0.0	0.0	0.0	0.0	0.0	0.0	0.0	0.0	0.0	0.0	0.0	0.0	0.0	0.0	0.0	0.0	0.0	0.0	0.0	0.0	0.0	0.0	0.0	0.0	0.0	0.0	0.0	0.0	0.0	0.0	0.0	0.0	0.0	0.0	0.0	0.0	0.0	0.0	0.0	0.0	0.0	0.0	0.0	0.0	0.0	0.0	0.0	0.0	0.0	0.0	0.0	0.0	0.0	0.0	0.0	0.0	0.0	0.0	0.0	0.0	0.0	0.0	0.0	0.0	0.0	0.0	0.0	0.0	0.0	0.0	0.0	0.0	0.0	0.0	0.0	0.0	0.0	0.0	0.0	0.0	0.0	0.0	0.0	0.0	0.0	0.0
Hmi-CPar_006-Ex1-04C.clmp.r1r2_fastp	0.29797399999999996	0.11556100000000001	0.09836969999999999	0.0	0.0	0.0	0.0	0.0	0.0	0.0	0.0	0.0	0.000955046	0.00477523	0.0334266	0.00955046	0.0	0.0	0.0	0.0	0.0	0.0	0.00286514	0.0	0.00191009	0.0	0.0	0.0	0.0	0.0	0.000955046	0.0	0.0	0.00477537	0.0	0.00859796	0.0	0.0	0.0	0.000955758	0.0	0.0	0.0	0.0	0.0	0.0	0.0	0.0	0.0	0.0	0.0	0.0	0.0	0.0	0.0	0.0	0.0	0.0	0.0	0.0	0.0	0.0	0.0	0.0	0.0	0.0	0.0	0.0	0.0	0.0	0.0	0.0	0.0	0.0	0.0	0.0	0.0	0.0	0.0	0.0	0.0	0.0	0.0	0.0	0.0	0.0	0.0	0.0	0.0	0.0	0.0	0.0	0.0	0.0	0.0	0.0	0.0	0.0	0.0	0.0	0.0	0.0	0.0	0.0	0.0	0.0278704	0.0	0.0	0.00109225	0.0	0.0	0.0	0.0	0.00112959	0.0	0.0	0.0103701	0.0	0.0	0.0	0.0	0.00479352	0.0	0.0	0.0	0.0	0.0	0.0	0.0	0.0	0.0	0.0	0.0	0.0	0.0	0.0	0.0	0.0	0.0	0.0	0.0	0.0	0.0	0.0	0.0	0.0	0.0	0.0	0.0	0.0
Hmi-CPar_007-Ex1-11D.clmp.r1r2_fastp	0.292671	0.10586000000000001	0.15567599999999998	0.0	0.0	0.0	0.0	0.0	0.0	0.0	0.0	0.0	0.00622704	0.0	0.024908200000000002	0.0	0.0	0.0	0.0	0.0	0.0	0.0	0.0	0.0	0.0	0.0	0.0	0.0	0.0	0.0	0.0	0.0	0.0	0.0	0.0	0.0062406399999999996	0.0	0.0	0.0	0.00626331	0.0	0.0	0.0	0.0	0.0	0.0	0.0	0.0	0.0	0.0	0.0	0.0	0.0	0.0	0.0	0.0	0.0	0.0	0.0	0.0	0.0	0.0	0.0	0.0	0.0	0.0	0.0	0.0	0.0	0.0	0.0	0.0	0.0	0.0	0.0	0.0	0.0	0.0	0.0	0.0	0.0	0.0	0.0	0.0	0.0	0.0	0.0	0.0	0.0	0.0	0.0	0.0	0.0	0.0	0.0	0.0	0.0	0.0	0.0	0.0	0.0	0.0	0.0	0.0	0.0	0.033170200000000004	0.0	0.0	0.0	0.0	0.0	0.0	0.0	0.0	0.0	0.0	0.00924044	0.0	0.0	0.0	0.0	0.0	0.0	0.0	0.0	0.0	0.0	0.0	0.0	0.0	0.0	0.0	0.0	0.0	0.0	0.0	0.0	0.0	0.0	0.0	0.0	0.0	0.0	0.0	0.0	0.0	0.0	0.0	0.0	0.0
Hmi-CPar_008-Ex1-11H.clmp.r1r2_fastp	0.24892299999999998	0.10531399999999999	0.119674	0.0	0.0	0.0	0.0	0.0	0.0	0.0	0.0	0.0	0.0	0.00478698	0.0143609	0.0	0.00478698	0.0	0.0	0.0	0.0	0.0	0.0	0.0	0.0	0.0	0.0	0.0	0.0	0.0	0.0	0.0	0.0	0.00958313	0.0	0.014403699999999998	0.0	0.0	0.0	0.0	0.0	0.0	0.0	0.0	0.0	0.0	0.0	0.0	0.0	0.0	0.0	0.0	0.0	0.0	0.0	0.0	0.0	0.0	0.0	0.0	0.0	0.0	0.0	0.0	0.0	0.0	0.0	0.0	0.0	0.0	0.0	0.0	0.0	0.0	0.0	0.0	0.0	0.0	0.0	0.0	0.0	0.0	0.0	0.0	0.0	0.0	0.0	0.0	0.0	0.0	0.0	0.0	0.0	0.0	0.0	0.0	0.0	0.0	0.0	0.0	0.0	0.0	0.0	0.0	0.0	0.021408700000000003	0.0	0.0	0.0	0.0	0.0	0.0	0.0	0.0	0.0	0.0	0.0	0.0	0.0	0.0	0.0	0.008786569999999999	0.0	0.00901713	0.0	0.0	0.0	0.0	0.0	0.0	0.0	0.0	0.0	0.0	0.0	0.0	0.0	0.0	0.0	0.0	0.0	0.0	0.0	0.0	0.0	0.0	0.0	0.0	0.0	0.0
Hmi-CPar_009-Ex1-06B.clmp.r1r2_fastp	0.283031	0.10750799999999999	0.10531399999999999	0.0	0.0	0.0	0.0	0.0	0.0	0.0	0.0	0.0	0.00219404	0.00877616	0.0394927	0.00438808	0.00219404	0.0	0.0	0.0	0.0	0.0	0.00438808	0.0	0.0	0.0	0.0	0.0	0.0	0.0	0.0	0.0	0.0	0.0	0.0	0.00219525	0.0	0.0	0.0	0.0	0.0	0.0	0.0	0.0	0.0	0.0	0.0	0.0	0.0	0.0	0.0	0.0	0.0	0.0	0.0	0.0	0.0	0.0	0.0	0.0	0.0	0.0	0.0	0.0	0.0	0.0	0.0	0.0	0.0	0.0	0.0	0.0	0.0	0.0	0.0	0.0	0.0	0.0	0.0	0.0	0.0	0.0	0.0	0.0	0.0	0.0	0.0	0.0	0.0	0.0	0.0	0.0	0.0	0.0	0.0	0.0	0.0	0.0	0.0	0.0	0.0	0.0	0.0	0.0	0.0	0.0246664	0.0	0.0	0.00250088	0.0	0.0	0.0	0.0	0.005158889999999999	0.0	0.0	0.010538800000000001	0.0	0.0	0.0026752300000000002	0.0	0.0027015299999999997	0.0	0.0	0.0	0.0027776999999999997	0.0	0.0	0.0	0.0	0.0	0.0	0.0	0.0	0.0	0.0	0.0	0.0	0.0	0.0	0.0	0.0	0.0	0.0	0.0	0.0	0.0	0.0	0.0	0.0
Hmi-CPar_010-Ex1-07A.clmp.r1r2_fastp	0.3068	0.11648900000000001	0.111071	0.0	0.0	0.0	0.0	0.0	0.0	0.0	0.0	0.0	0.00135453	0.00812716	0.0291223	0.00203179	0.0	0.0	0.0	0.0	0.0	0.0	0.00203179	0.0	0.00270905	0.0	0.0	0.0	0.0	0.0	0.0	0.0	0.0	0.0020318899999999997	0.0	0.004742639999999999	0.0	0.0	0.0	0.0	0.0	0.0	0.0	0.0	0.0	0.0	0.0	0.0	0.0	0.0	0.0	0.0	0.0	0.0	0.0	0.0	0.0	0.0	0.0	0.0	0.0	0.0	0.0	0.0	0.0	0.0	0.0	0.0	0.0	0.0	0.0	0.0	0.0	0.0	0.0	0.0	0.0	0.0	0.0	0.0	0.0	0.0	0.0	0.0	0.0	0.0	0.0	0.0	0.0	0.0	0.0	0.0	0.0	0.0	0.0	0.0	0.0	0.0	0.0	0.0	0.0	0.0	0.0	0.0	0.0	0.0381899	0.0	0.0	0.00228547	0.0	0.0	0.0	0.0	0.0031421100000000005	0.0	0.0	0.015225800000000001	0.0	0.0	0.0016305100000000002	0.0	0.000828995	0.0	0.00168052	0.0	0.0	0.0	0.0	0.0	0.0	0.0	0.0	0.0	0.0	0.0	0.0	0.0	0.0	0.0	0.0	0.0	0.0	0.0	0.0	0.0	0.0	0.0	0.0	0.0	0.0
Hmi-CPar_011-Ex1-07G.clmp.r1r2_fastp	0.270249	0.0694927	0.10809999999999999	0.0	0.0	0.0	0.0	0.0	0.0	0.0	0.0	0.0	0.0	0.0	0.0154428	0.007721410000000001	0.0	0.0	0.0	0.0	0.0	0.0	0.0	0.0	0.0	0.0	0.0	0.0	0.0	0.0	0.0	0.0	0.0	0.0	0.0	0.0	0.0	0.0	0.0	0.0	0.0	0.0	0.0	0.0	0.0	0.0	0.0	0.0	0.0	0.0	0.0	0.0	0.0	0.0	0.0	0.0	0.0	0.0	0.0	0.0	0.0	0.0	0.0	0.0	0.0	0.0	0.0	0.0	0.0	0.0	0.0	0.0	0.0	0.0	0.0	0.0	0.0	0.0	0.0	0.0	0.0	0.0	0.0	0.0	0.0	0.0	0.0	0.0	0.0	0.0	0.0	0.0	0.0	0.0	0.0	0.0	0.0	0.0	0.0	0.0	0.0	0.0	0.0	0.0	0.0	0.0	0.0	0.0	0.0	0.0	0.0	0.0	0.0	0.010294399999999999	0.0	0.0	0.0	0.0	0.0	0.0108589	0.0	0.0	0.0	0.0	0.0	0.0	0.0	0.0	0.0	0.0	0.0	0.0	0.0	0.0	0.0	0.0	0.0	0.0	0.0	0.0	0.0	0.0	0.0	0.0	0.0	0.0	0.0	0.0	0.0	0.0
Hmi-CPar_012-Ex1-08E.clmp.r1r2_fastp	0.185879	0.0714919	0.057193499999999994	0.0	0.0	0.0	0.0	0.0	0.0	0.0	0.0	0.0	0.00285968	0.00285968	0.0171581	0.00285968	0.0	0.0	0.0	0.0	0.0	0.0	0.0	0.0	0.0	0.0	0.0	0.0	0.0	0.0	0.0	0.0	0.0	0.0	0.0	0.0028651699999999998	0.0	0.0	0.00286854	0.0	0.0	0.0	0.0	0.0	0.0	0.0	0.0	0.0	0.0	0.0	0.0	0.0	0.0	0.0	0.0	0.0	0.0	0.0	0.0	0.0	0.0	0.0	0.0	0.0	0.0	0.0	0.0	0.0	0.0	0.0	0.0	0.0	0.0	0.0	0.0	0.0	0.0	0.0	0.0	0.0	0.0	0.0	0.0	0.0	0.0	0.0	0.0	0.0	0.0	0.0	0.0	0.0	0.0	0.0	0.0	0.0	0.0	0.0	0.0	0.0	0.0	0.0	0.0	0.0	0.0	0.021606	0.0	0.0	0.0	0.0	0.0	0.00382132	0.0	0.0038995500000000003	0.0	0.0	0.00400641	0.0	0.0	0.00411997	0.0	0.0	0.0	0.0	0.0	0.00439329	0.0	0.0	0.0	0.0	0.0	0.0	0.0	0.0	0.0	0.0	0.0	0.0	0.0	0.0	0.0	0.0	0.0	0.0	0.0	0.0	0.0	0.0	0.0	0.0
Hmi-CPar_013-Ex1-09B.clmp.r1r2_fastp	0.231109	0.0420197	0.105049	0.0	0.0	0.0	0.0	0.0	0.0	0.0	0.0	0.0	0.0	0.0	0.0070032900000000006	0.0	0.0	0.0	0.0	0.0	0.0	0.0	0.0070032900000000006	0.0	0.0	0.0	0.0	0.0	0.0	0.0	0.0	0.0	0.0	0.0	0.0	0.0210719	0.0	0.0	0.0	0.00705965	0.0	0.0	0.0	0.0	0.0	0.0	0.0	0.0	0.0	0.0	0.0	0.0	0.0	0.0	0.0	0.0	0.0	0.0	0.0	0.0	0.0	0.0	0.0	0.0	0.0	0.0	0.0	0.0	0.0	0.0	0.0	0.0	0.0	0.0	0.0	0.0	0.0	0.0	0.0	0.0	0.0	0.0	0.0	0.0	0.0	0.0	0.0	0.0	0.0	0.0	0.0	0.0	0.0	0.0	0.0	0.0	0.0	0.0	0.0	0.0	0.0	0.0	0.0	0.0	0.0	0.00904568	0.0	0.0	0.0	0.0	0.0	0.0	0.0	0.00959785	0.0	0.0	0.009835739999999999	0.0	0.0	0.0	0.0	0.0103252	0.0	0.0	0.0	0.021692	0.0	0.0	0.0	0.0	0.0	0.0	0.0	0.0	0.0	0.0	0.0	0.0	0.0	0.0	0.0	0.0	0.0	0.0	0.0	0.0	0.0	0.0	0.0	0.0
Hmi-CPar_014-Ex1-02B.clmp.r1r2_fastp	0.185075	0.0628557	0.0942836	0.0	0.0	0.0	0.0	0.0	0.0	0.0	0.0	0.0	0.0	0.00698397	0.0209519	0.00349199	0.0	0.0	0.0	0.0	0.0	0.0	0.00349199	0.0	0.0	0.0	0.0	0.0	0.0	0.0	0.0	0.0	0.0	0.0	0.0	0.00349272	0.0	0.0	0.0	0.0	0.0	0.0	0.0	0.0	0.0	0.0	0.0	0.0	0.0	0.0	0.0	0.0	0.0	0.0	0.0	0.0	0.0	0.0	0.0	0.0	0.0	0.0	0.0	0.0	0.0	0.0	0.0	0.0	0.0	0.0	0.0	0.0	0.0	0.0	0.0	0.0	0.0	0.0	0.0	0.0	0.0	0.0	0.0	0.0	0.0	0.0	0.0	0.0	0.0	0.0	0.0	0.0	0.0	0.0	0.0	0.0	0.0	0.0	0.0	0.0	0.0	0.0	0.0	0.0	0.0	0.026240999999999997	0.0	0.0	0.0	0.0	0.0	0.0	0.0	0.00477578	0.0	0.0	0.014861000000000001	0.0	0.0	0.00513426	0.0	0.0	0.0	0.0	0.0	0.0	0.0	0.0	0.0	0.0	0.0	0.0	0.0	0.0	0.0	0.0	0.0	0.0	0.0	0.0	0.0	0.0	0.0	0.0	0.0	0.0	0.0	0.0	0.0	0.0
Hmi-CPar_015-Ex1-02F.clmp.r1r2_fastp	0.267481	0.103016	0.0686776	0.0	0.0	0.0	0.0	0.0	0.0	0.0	0.0	0.0	0.0	0.014458400000000001	0.0307242	0.0036146100000000003	0.0036146100000000003	0.0	0.0	0.0	0.0	0.0	0.0018073100000000001	0.0	0.0018073100000000001	0.0	0.0	0.0	0.0	0.0	0.0018073100000000001	0.0	0.0	0.0036151300000000003	0.0	0.00542427	0.0	0.0	0.0	0.0	0.0	0.0	0.0	0.0	0.0	0.0	0.0	0.0	0.0	0.0	0.0	0.0	0.0	0.0	0.0	0.0	0.0	0.0	0.0	0.0	0.0	0.0	0.0	0.0	0.0	0.0	0.0	0.0	0.0	0.0	0.0	0.0	0.0	0.0	0.0	0.0	0.0	0.0	0.0	0.0	0.0	0.0	0.0	0.0	0.0	0.0	0.0	0.0	0.0	0.0	0.0	0.0	0.0	0.0	0.0	0.0	0.0	0.0	0.0	0.0	0.0	0.0	0.0	0.0	0.0	0.029995800000000003	0.0	0.0	0.00202725	0.0	0.0	0.0	0.0	0.00208173	0.0	0.0	0.00845863	0.0	0.0	0.0	0.0	0.00216863	0.0	0.0	0.0	0.0	0.0	0.0	0.0	0.0	0.0	0.0	0.0	0.0	0.0	0.0	0.0	0.0	0.0	0.0	0.0	0.0	0.0	0.0	0.0	0.0	0.0	0.0	0.0	0.0
Hmi-CPar_016-Ex1-10E.clmp.r1r2_fastp	0.259471	0.110275	0.110275	0.0	0.0	0.0	0.0	0.0	0.0	0.0	0.0	0.0	0.0	0.0	0.0518941	0.0	0.0	0.0	0.0	0.0	0.0	0.0	0.0	0.0	0.0	0.0	0.0	0.0	0.0	0.0	0.0	0.0	0.0	0.0	0.0	0.0064947699999999995	0.0	0.0	0.0	0.0	0.0	0.0	0.0	0.0	0.0	0.0	0.0	0.0	0.0	0.0	0.0	0.0	0.0	0.0	0.0	0.0	0.0	0.0	0.0	0.0	0.0	0.0	0.0	0.0	0.0	0.0	0.0	0.0	0.0	0.0	0.0	0.0	0.0	0.0	0.0	0.0	0.0	0.0	0.0	0.0	0.0	0.0	0.0	0.0	0.0	0.0	0.0	0.0	0.0	0.0	0.0	0.0	0.0	0.0	0.0	0.0	0.0	0.0	0.0	0.0	0.0	0.0	0.0	0.0	0.0	0.0454587	0.0	0.0	0.0	0.0	0.0	0.0	0.0	0.0	0.0	0.0	0.0	0.0	0.0	0.0	0.0	0.0	0.0	0.0	0.0	0.0	0.0	0.0	0.0	0.0	0.0	0.0	0.0	0.0	0.0	0.0	0.0	0.0	0.0	0.0	0.0	0.0	0.0	0.0	0.0	0.0	0.0	0.0	0.0	0.0
Hmi-CPar_017-Ex1-03F.clmp.r1r2_fastp	0.295802	0.10148	0.0925346	0.0	0.0	0.0	0.0	0.0	0.0	0.0	0.0	0.0	0.00246759	0.00709432	0.0323871	0.00431828	0.000616897	0.0	0.0	0.0	0.0	0.0	0.00154224	0.0	0.00030844900000000003	0.0	0.0	0.0	0.0	0.0	0.0	0.0	0.0	0.0006169260000000001	0.000616996	0.00586224	0.0	0.0	0.0	0.000308656	0.0	0.0	0.0	0.0	0.0	0.0	0.0	0.0	0.0	0.0	0.0	0.0	0.0	0.0	0.0	0.0	0.0	0.0	0.0	0.0	0.0	0.0	0.0	0.0	0.0	0.0	0.0	0.0	0.0	0.0	0.0	0.0	0.0	0.0	0.0	0.0	0.0	0.0	0.0	0.0	0.0	0.0	0.0	0.0	0.0	0.0	0.0	0.0	0.0	0.0	0.0	0.0	0.0	0.0	0.0	0.0	0.0	0.0	0.0	0.0	0.0	0.0	0.0	0.0	0.0	0.030492300000000003	0.0	0.0	0.0009945829999999998	0.0	0.0	0.00134337	0.0	0.0020293999999999998	0.0	0.0	0.0113036	0.0	0.0	0.0006959140000000001	0.0	0.0028098399999999996	0.0	0.000354718	0.0	0.00107567	0.0	0.0	0.00073038	0.0	0.0	0.0	0.0	0.0	0.0	0.0	0.0	0.0	0.0	0.0	0.0	0.0	0.0	0.0	0.0	0.0	0.0	0.0	0.0	0.0
Hmi-CPar_018-Ex1-04D.clmp.r1r2_fastp	0.193816	0.0616686	0.12333699999999999	0.0	0.0	0.0	0.0	0.0	0.0	0.0	0.0	0.0	0.0088098	0.0	0.0264294	0.0	0.0	0.0	0.0	0.0	0.0	0.0	0.0	0.0	0.0088098	0.0	0.0	0.0	0.0	0.0	0.0088098	0.0	0.0	0.00881756	0.0	0.0176476	0.0	0.0	0.0	0.0	0.0	0.0	0.0	0.0	0.0	0.0	0.0	0.0	0.0	0.0	0.0	0.0	0.0	0.0	0.0	0.0	0.0	0.0	0.0	0.0	0.0	0.0	0.0	0.0	0.0	0.0	0.0	0.0	0.0	0.0	0.0	0.0	0.0	0.0	0.0	0.0	0.0	0.0	0.0	0.0	0.0	0.0	0.0	0.0	0.0	0.0	0.0	0.0	0.0	0.0	0.0	0.0	0.0	0.0	0.0	0.0	0.0	0.0	0.0	0.0	0.0	0.0	0.0	0.0	0.0	0.0447277	0.0	0.0	0.0	0.0	0.0	0.0	0.0	0.0	0.0	0.0	0.0126871	0.0	0.0	0.0	0.0	0.0	0.0	0.0135833	0.0	0.0	0.0	0.0	0.0	0.0	0.0	0.0	0.0	0.0	0.0	0.0	0.0	0.0	0.0	0.0	0.0	0.0	0.0	0.0	0.0	0.0	0.0	0.0	0.0	0.0
Hmi-CPar_019-Ex1-11E.clmp.r1r2_fastp	0.27762400000000004	0.079321	0.166574	0.0	0.0	0.0	0.0	0.0	0.0	0.0	0.0	0.0	0.0	0.0158642	0.0158642	0.0	0.0	0.0	0.0	0.0	0.0	0.0	0.0	0.0	0.0	0.0	0.0	0.0	0.0	0.0	0.0	0.0	0.0	0.0	0.0	0.0	0.0	0.0	0.0	0.0	0.0	0.0	0.0	0.0	0.0	0.0	0.0	0.0	0.0	0.0	0.0	0.0	0.0	0.0	0.0	0.0	0.0	0.0	0.0	0.0	0.0	0.0	0.0	0.0	0.0	0.0	0.0	0.0	0.0	0.0	0.0	0.0	0.0	0.0	0.0	0.0	0.0	0.0	0.0	0.0	0.0	0.0	0.0	0.0	0.0	0.0	0.0	0.0	0.0	0.0	0.0	0.0	0.0	0.0	0.0	0.0	0.0	0.0	0.0	0.0	0.0	0.0	0.0	0.0	0.0	0.0345344	0.0	0.0	0.0	0.0	0.0	0.0	0.0	0.0	0.0	0.0	0.0268168	0.0	0.0	0.0	0.0	0.0	0.0	0.0	0.0	0.0	0.0	0.0	0.0	0.0	0.0	0.0	0.0	0.0	0.0	0.0	0.0	0.0	0.0	0.0	0.0	0.0	0.0	0.0	0.0	0.0	0.0	0.0	0.0	0.0
Hmi-CPar_020-Ex1-12A.clmp.r1r2_fastp	0.354957	0.10201500000000001	0.118785	0.0	0.0	0.0	0.0	0.0	0.0	0.0	0.0	0.0	0.0	0.0041924	0.032141800000000005	0.0041924	0.00139747	0.0	0.0	0.0	0.0	0.0	0.00279494	0.0	0.00139747	0.0	0.0	0.0	0.0	0.0	0.0	0.0	0.0	0.00279611	0.0	0.00839619	0.0	0.0	0.0	0.00280442	0.0	0.0	0.0	0.0	0.0	0.0	0.0	0.0	0.0	0.0	0.0	0.0	0.0	0.0	0.0	0.0	0.0	0.0	0.0	0.0	0.0	0.0	0.0	0.0	0.0	0.0	0.0	0.0	0.0	0.0	0.0	0.0	0.0	0.0	0.0	0.0	0.0	0.0	0.0	0.0	0.0	0.0	0.0	0.0	0.0	0.0	0.0	0.0	0.0	0.0	0.0	0.0	0.0	0.0	0.0	0.0	0.0	0.0	0.0	0.0	0.0	0.0	0.0	0.0	0.0	0.0283192	0.0	0.0	0.0017058199999999998	0.0	0.0	0.00174825	0.0	0.003561	0.0	0.0	0.00910332	0.0	0.0	0.00188306	0.0	0.00385245	0.0	0.0	0.0	0.00405104	0.0	0.0	0.0	0.0	0.0	0.0	0.0	0.0	0.0	0.0	0.0	0.0	0.0	0.0	0.0	0.0	0.0	0.0	0.0	0.0	0.0	0.0	0.0	0.0
Hmi-CPar_021-Ex1-12D.clmp.r1r2_fastp	0.26577100000000003	0.09527630000000001	0.0802327	0.0	0.0	0.0	0.0	0.0	0.0	0.0	0.0	0.0	0.0	0.0100291	0.0200582	0.0	0.0	0.0	0.0	0.0	0.0	0.0	0.0	0.0	0.0	0.0	0.0	0.0	0.0	0.0	0.0	0.0	0.0	0.0050180699999999995	0.0	0.00502614	0.0	0.0	0.0	0.0	0.0	0.0	0.0	0.0	0.0	0.0	0.0	0.0	0.0	0.0	0.0	0.0	0.0	0.0	0.0	0.0	0.0	0.0	0.0	0.0	0.0	0.0	0.0	0.0	0.0	0.0	0.0	0.0	0.0	0.0	0.0	0.0	0.0	0.0	0.0	0.0	0.0	0.0	0.0	0.0	0.0	0.0	0.0	0.0	0.0	0.0	0.0	0.0	0.0	0.0	0.0	0.0	0.0	0.0	0.0	0.0	0.0	0.0	0.0	0.0	0.0	0.0	0.0	0.0	0.0	0.0416609	0.0	0.0	0.00717103	0.0	0.0	0.00735727	0.0	0.00749288	0.0	0.0	0.007763979999999999	0.0	0.0	0.00806777	0.0	0.0	0.0	0.0	0.0	0.0	0.0	0.0	0.0	0.0	0.0	0.0	0.0	0.0	0.0	0.0	0.0	0.0	0.0	0.0	0.0	0.0	0.0	0.0	0.0	0.0	0.0	0.0	0.0	0.0
Hmi-CPar_022-Ex1-07B.clmp.r1r2_fastp	0.336038	0.088431	0.0773771	0.0	0.0	0.0	0.0	0.0	0.0	0.0	0.0	0.0	0.0	0.0088431	0.030950900000000003	0.0066323300000000005	0.0	0.0	0.0	0.0	0.0	0.0	0.0	0.0	0.0	0.0	0.0	0.0	0.0	0.0	0.0	0.0	0.0	0.004425859999999999	0.00221371	0.008857	0.0	0.0	0.0	0.0	0.0	0.0	0.0	0.0	0.0	0.0	0.0	0.0	0.0	0.0	0.0	0.0	0.0	0.0	0.0	0.0	0.0	0.0	0.0	0.0	0.0	0.0	0.0	0.0	0.0	0.0	0.0	0.0	0.0	0.0	0.0	0.0	0.0	0.0	0.0	0.0	0.0	0.0	0.0	0.0	0.0	0.0	0.0	0.0	0.0	0.0	0.0	0.0	0.0	0.0	0.0	0.0	0.0	0.0	0.0	0.0	0.0	0.0	0.0	0.0	0.0	0.0	0.0	0.0	0.0	0.0247366	0.0	0.0	0.0	0.0	0.0	0.0	0.0	0.0	0.0	0.0	0.0104093	0.0	0.0	0.0	0.0	0.00266333	0.0	0.0	0.0	0.0	0.0	0.0	0.0	0.0	0.0	0.0	0.0	0.0	0.0	0.0	0.0	0.0	0.0	0.0	0.0	0.0	0.0	0.0	0.0	0.0	0.0	0.0	0.0	0.0
Hmi-CPar_023-Ex1-07H.clmp.r1r2_fastp	0.308025	0.08741260000000001	0.129038	0.0	0.0	0.0	0.0	0.0	0.0	0.0	0.0	0.0	0.0	0.01665	0.0333	0.0	0.0	0.0	0.0	0.0	0.0	0.0	0.0	0.0	0.0	0.0	0.0	0.0	0.0	0.0	0.0	0.0	0.0	0.0	0.0	0.00417171	0.0	0.0	0.0	0.0	0.0	0.0	0.0	0.0	0.0	0.0	0.0	0.0	0.0	0.0	0.0	0.0	0.0	0.0	0.0	0.0	0.0	0.0	0.0	0.0	0.0	0.0	0.0	0.0	0.0	0.0	0.0	0.0	0.0	0.0	0.0	0.0	0.0	0.0	0.0	0.0	0.0	0.0	0.0	0.0	0.0	0.0	0.0	0.0	0.0	0.0	0.0	0.0	0.0	0.0	0.0	0.0	0.0	0.0	0.0	0.0	0.0	0.0	0.0	0.0	0.0	0.0	0.0	0.0	0.0	0.0348392	0.0	0.0	0.0	0.0	0.0	0.0	0.0	0.00662252	0.0	0.0	0.006878049999999999	0.0	0.0	0.00711997	0.0	0.0	0.0	0.0	0.0	0.0	0.0	0.0	0.0	0.0	0.0	0.0	0.0	0.0	0.0	0.0	0.0	0.0	0.0	0.0	0.0	0.0	0.0	0.0	0.0	0.0	0.0	0.0	0.0	0.0
Hmi-CPar_024-Ex1-08F.clmp.r1r2_fastp	0.25178100000000003	0.0559514	0.0789902	0.0	0.0	0.0	0.0	0.0	0.0	0.0	0.0	0.0	0.0	0.00329126	0.0213932	0.00164563	0.0	0.0	0.0	0.0	0.0	0.0	0.00164563	0.0	0.00164563	0.0	0.0	0.0	0.0	0.0	0.0	0.0	0.0	0.00164647	0.0	0.00164851	0.0	0.0	0.0	0.0	0.0	0.0	0.0	0.0	0.0	0.0	0.0	0.0	0.0	0.0	0.0	0.0	0.0	0.0	0.0	0.0	0.0	0.0	0.0	0.0	0.0	0.0	0.0	0.0	0.0	0.0	0.0	0.0	0.0	0.0	0.0	0.0	0.0	0.0	0.0	0.0	0.0	0.0	0.0	0.0	0.0	0.0	0.0	0.0	0.0	0.0	0.0	0.0	0.0	0.0	0.0	0.0	0.0	0.0	0.0	0.0	0.0	0.0	0.0	0.0	0.0	0.0	0.0	0.0	0.0	0.0140771	0.0	0.0	0.0	0.0	0.0	0.0021278399999999998	0.0	0.00217746	0.0	0.0	0.00223944	0.0	0.0	0.0	0.0	0.0	0.0	0.00241237	0.0	0.0	0.0	0.0	0.0	0.0	0.0	0.0	0.0	0.0	0.0	0.0	0.0	0.0	0.0	0.0	0.0	0.0	0.0	0.0	0.0	0.0	0.0	0.0	0.0	0.0
Hmi-CPar_025-Ex1-01E.clmp.r1r2_fastp	0.363444	0.0943114	0.0851103	0.00230028	0.0	0.0	0.0	0.0	0.0	0.0	0.0	0.0	0.0	0.00230028	0.0322039	0.00690084	0.0	0.0	0.0	0.0	0.0	0.0	0.00230028	0.0	0.00230028	0.0	0.0	0.0	0.0	0.0	0.00230028	0.0	0.0	0.006901310000000001	0.0	0.00920514	0.0	0.0	0.0	0.0	0.0	0.0	0.0	0.0	0.0	0.0	0.0	0.0	0.0	0.0	0.0	0.0	0.0	0.0	0.0	0.0	0.0	0.0	0.0	0.0	0.0	0.0	0.0	0.0	0.0	0.0	0.0	0.0	0.0	0.0	0.0	0.0	0.0	0.0	0.0	0.0	0.0	0.0	0.0	0.0	0.0	0.0	0.0	0.0	0.0	0.0	0.0	0.0	0.0	0.0	0.0	0.0	0.0	0.0	0.0	0.0	0.0	0.0	0.0	0.0	0.0	0.0	0.0	0.0	0.0	0.0451751	0.0	0.0	0.0025337000000000003	0.0	0.0	0.0	0.0	0.00257911	0.0	0.0	0.00786782	0.0	0.0	0.0	0.0	0.0027072399999999996	0.0	0.0027326900000000003	0.0	0.0	0.0	0.0	0.0	0.0	0.0	0.0	0.0	0.0	0.0	0.0	0.0	0.0	0.0	0.0	0.0	0.0	0.0	0.0	0.0	0.0	0.0	0.0	0.0	0.0
Hmi-CPar_026-Ex1-02C.clmp.r1r2_fastp	0.135943	0.0543774	0.0543774	0.0	0.0	0.0	0.0	0.0	0.0	0.0	0.0	0.0	0.0	0.0135943	0.0135943	0.0	0.0	0.0	0.0	0.0	0.0	0.0	0.0	0.0	0.0135943	0.0	0.0	0.0	0.0	0.0	0.0	0.0	0.0	0.0	0.0	0.0135943	0.0	0.0	0.0	0.0	0.0	0.0	0.0	0.0	0.0	0.0	0.0	0.0	0.0	0.0	0.0	0.0	0.0	0.0	0.0	0.0	0.0	0.0	0.0	0.0	0.0	0.0	0.0	0.0	0.0	0.0	0.0	0.0	0.0	0.0	0.0	0.0	0.0	0.0	0.0	0.0	0.0	0.0	0.0	0.0	0.0	0.0	0.0	0.0	0.0	0.0	0.0	0.0	0.0	0.0	0.0	0.0	0.0	0.0	0.0	0.0	0.0	0.0	0.0	0.0	0.0	0.0	0.0	0.0	0.0	0.0	0.0	0.0	0.0	0.0	0.0	0.0	0.0	0.0	0.0	0.0	0.0	0.0	0.0	0.0	0.0	0.0	0.0	0.0	0.0	0.0	0.0	0.0	0.0	0.0	0.0	0.0	0.0	0.0	0.0	0.0	0.0	0.0	0.0	0.0	0.0	0.0	0.0	0.0	0.0	0.0	0.0	0.0	0.0	0.0
Hmi-CPar_027-Ex1-10A.clmp.r1r2_fastp	0.310913	0.112865	0.11751	0.00018831799999999998	0.00018831799999999998	0.0	0.0	0.0	0.0	0.0	0.0	0.0	0.00119268	0.00841153	0.032579000000000004	0.0059634	0.0013182200000000002	0.0	0.0	0.0	0.0	0.0	0.00213427	0.0	0.00125545	0.0	0.0	0.0	6.27726e-05	0.0	0.000564953	0.0	0.0	0.00169506	0.000313934	0.00521194	0.0	0.0	0.000314098	0.000376983	0.0	0.0	0.0	0.0	0.0	0.0	0.0	0.0	0.0	0.0	0.0	0.0	0.0	0.0	0.0	0.0	0.0	0.0	0.0	0.0	0.0	0.0	0.0	0.0	0.0	0.0	0.0	0.0	0.0	0.0	0.0	0.0	0.0	0.0	0.0	0.0	0.0	0.0	0.0	0.0	0.0	0.0	0.0	0.0	0.0	0.0	0.0	6.60498e-05	0.0	0.0	0.0	0.0	0.0	0.0	0.0	0.0	0.0	0.0	0.0	0.0	0.0	0.0	0.0	0.0	0.0	0.0371989	0.0	0.0	0.0016062	0.0	0.0	0.0012648499999999999	0.0	0.00258802	0.0	0.0	0.0131462	0.0	0.0	0.00147776	0.0	0.00222552	0.0	0.0010953900000000001	0.0	0.00206519	0.0	0.0	0.0004914	0.0	0.0	0.0	0.0	0.0	0.0	0.0	0.0	0.000113231	0.0	0.0	0.0	0.0	0.0	0.0	0.0	0.0	0.0	0.0	0.0	0.0
Hmi-CPar_028-Ex1-03B.clmp.r1r2_fastp	0.265131	0.181804	0.0909022	0.0	0.0	0.0	0.0	0.0	0.0	0.0	0.0	0.0	0.0	0.0	0.0	0.00757518	0.0	0.0	0.0	0.0	0.0	0.0	0.00757518	0.0	0.0	0.0	0.0	0.0	0.0	0.0	0.0	0.0	0.0	0.0	0.0	0.0075815000000000006	0.0	0.0	0.0	0.0	0.0	0.0	0.0	0.0	0.0	0.0	0.0	0.0	0.0	0.0	0.0	0.0	0.0	0.0	0.0	0.0	0.0	0.0	0.0	0.0	0.0	0.0	0.0	0.0	0.0	0.0	0.0	0.0	0.0	0.0	0.0	0.0	0.0	0.0	0.0	0.0	0.0	0.0	0.0	0.0	0.0	0.0	0.0	0.0	0.0	0.0	0.0	0.0	0.0	0.0	0.0	0.0	0.0	0.0	0.0	0.0	0.0	0.0	0.0	0.0	0.0	0.0	0.0	0.0	0.0	0.0280925	0.0	0.0	0.0	0.0	0.0	0.0	0.0	0.0	0.0	0.0	0.020026000000000002	0.0	0.0	0.0	0.0	0.0	0.0	0.0	0.0	0.0	0.0	0.0	0.0	0.0	0.0	0.0	0.0	0.0	0.0	0.0	0.0	0.0	0.0	0.0	0.0	0.0	0.0	0.0	0.0	0.0	0.0	0.0	0.0	0.0
Hmi-CPar_029-Ex1-03G.clmp.r1r2_fastp	0.306399	0.129306	0.14757800000000001	0.0	0.0	0.0	0.0	0.0	0.0	0.0	0.0	0.0	0.0	0.011244	0.02811	0.0042165	0.0014055	0.0	0.0	0.0	0.0	0.0	0.0042165	0.0	0.0042165	0.0	0.0	0.0	0.0	0.0	0.0	0.0	0.0	0.0056239	0.0	0.00703829	0.0	0.0	0.0	0.0	0.0	0.0	0.0	0.0	0.0	0.0	0.0	0.0	0.0	0.0	0.0	0.0	0.0	0.0	0.0	0.0	0.0	0.0	0.0	0.0	0.0	0.0	0.0	0.0	0.0	0.0	0.0	0.0	0.0	0.0	0.0	0.0	0.0	0.0	0.0	0.0	0.0	0.0	0.0	0.0	0.0	0.0	0.0	0.0	0.0	0.0	0.0	0.0	0.0	0.0	0.0	0.0	0.0	0.0	0.0	0.0	0.0	0.0	0.0	0.0	0.0	0.0	0.0	0.0	0.0	0.0348967	0.0	0.0	0.0035976999999999997	0.0	0.0	0.0018474700000000001	0.0	0.00377579	0.0	0.0	0.00777424	0.0	0.0	0.00404555	0.0	0.00413582	0.0	0.0	0.0	0.00434047	0.0	0.0	0.0	0.0	0.0	0.0	0.0	0.0	0.0	0.0	0.0	0.0	0.0	0.0	0.0	0.0	0.0	0.0	0.0	0.0	0.0	0.0	0.0	0.0
Hmi-CPar_030-Ex1-11C.clmp.r1r2_fastp	0.537057	0.21482300000000001	0.107411	0.0	0.0	0.0	0.0	0.0	0.0	0.0	0.0	0.0	0.0	0.0	0.0	0.0	0.0	0.0	0.0	0.0	0.0	0.0	0.0	0.0	0.0	0.0	0.0	0.0	0.0	0.0	0.0	0.0	0.0	0.0	0.0	0.0	0.0	0.0	0.0	0.0	0.0	0.0	0.0	0.0	0.0	0.0	0.0	0.0	0.0	0.0	0.0	0.0	0.0	0.0	0.0	0.0	0.0	0.0	0.0	0.0	0.0	0.0	0.0	0.0	0.0	0.0	0.0	0.0	0.0	0.0	0.0	0.0	0.0	0.0	0.0	0.0	0.0	0.0	0.0	0.0	0.0	0.0	0.0	0.0	0.0	0.0	0.0	0.0	0.0	0.0	0.0	0.0	0.0	0.0	0.0	0.0	0.0	0.0	0.0	0.0	0.0	0.0	0.0	0.0	0.0	0.0	0.0	0.0	0.0	0.0	0.0	0.0	0.0	0.0	0.0	0.0	0.0	0.0	0.0	0.0	0.0	0.0	0.0	0.0	0.0	0.0	0.0	0.0	0.0	0.0	0.0	0.0	0.0	0.0	0.0	0.0	0.0	0.0	0.0	0.0	0.0	0.0	0.0	0.0	0.0	0.0	0.0	0.0	0.0	0.0
Hmi-CPar_031-Ex1-05B.clmp.r1r2_fastp	0.37281	0.08077540000000001	0.13048300000000002	0.0	0.0	0.0	0.0	0.0	0.0	0.0	0.0	0.0	0.0062135	0.0062135	0.037281	0.0	0.0	0.0	0.0	0.0	0.0	0.0	0.0	0.0	0.0	0.0	0.0	0.0	0.0	0.0	0.0	0.0	0.0	0.0062135	0.0	0.0	0.0	0.0	0.0	0.0	0.0	0.0	0.0	0.0	0.0	0.0	0.0	0.0	0.0	0.0	0.0	0.0	0.0	0.0	0.0	0.0	0.0	0.0	0.0	0.0	0.0	0.0	0.0	0.0	0.0	0.0	0.0	0.0	0.0	0.0	0.0	0.0	0.0	0.0	0.0	0.0	0.0	0.0	0.0	0.0	0.0	0.0	0.0	0.0	0.0	0.0	0.0	0.0	0.0	0.0	0.0	0.0	0.0	0.0	0.0	0.0	0.0	0.0	0.0	0.0	0.0	0.0	0.0	0.0	0.0	0.0461858	0.0	0.0	0.00784929	0.0	0.0	0.0	0.0	0.0	0.0	0.0	0.0166514	0.0	0.0	0.0	0.0	0.0	0.0	0.0	0.0	0.0	0.0	0.0	0.00928764	0.0	0.0	0.0	0.0	0.0	0.0	0.0	0.0	0.0107216	0.0	0.0	0.0	0.0	0.0	0.0	0.0	0.0	0.0	0.0	0.0	0.0
Hmi-CPar_032-Ex1-12B.clmp.r1r2_fastp	0.284934	0.11330699999999999	0.141634	0.0	0.0	0.0	0.0	0.0	0.0	0.0	0.0	0.0	0.00166628	0.008331390000000001	0.028326700000000003	0.00333256	0.0	0.0	0.0	0.0	0.0	0.0	0.00166628	0.0	0.0	0.0	0.0	0.0	0.0	0.0	0.0	0.0	0.0	0.0	0.00166753	0.0033375099999999997	0.0	0.0	0.0	0.0	0.0	0.0	0.0	0.0	0.0	0.0	0.0	0.0	0.0	0.0	0.0	0.0	0.0	0.0	0.0	0.0	0.0	0.0	0.0	0.0	0.0	0.0	0.0	0.0	0.0	0.0	0.0	0.0	0.0	0.0	0.0	0.0	0.0	0.0	0.0	0.0	0.0	0.0	0.0	0.0	0.0	0.0	0.0	0.0	0.0	0.0	0.0	0.0	0.0	0.0	0.0	0.0	0.0	0.0	0.0	0.0	0.0	0.0	0.0	0.0	0.0	0.0	0.0	0.0	0.0	0.0346698	0.0	0.0	0.0	0.0	0.0	0.0	0.0	0.00436148	0.0	0.0	0.0180237	0.0	0.0	0.0023177099999999997	0.0	0.0	0.0	0.0	0.0	0.0	0.0	0.0	0.0	0.0	0.0	0.0	0.0	0.0	0.0	0.0	0.0	0.0	0.0	0.0	0.0	0.0	0.0	0.0	0.0	0.0	0.0	0.0	0.0	0.0
Hmi-CPar_033-Ex1-06C.clmp.r1r2_fastp	0.295254	0.0510316	0.0874827	0.0	0.0	0.0	0.0	0.0	0.0	0.0	0.0	0.0	0.0	0.00364511	0.0218707	0.0	0.00364511	0.0	0.0	0.0	0.0	0.0	0.00364511	0.0	0.0	0.0	0.0	0.0	0.0	0.0	0.0	0.0	0.0	0.0036459099999999996	0.0	0.0036503	0.0	0.0	0.0	0.0	0.0	0.0	0.0	0.0	0.0	0.0	0.0	0.0	0.0	0.0	0.0	0.0	0.0	0.0	0.0	0.0	0.0	0.0	0.0	0.0	0.0	0.0	0.0	0.0	0.0	0.0	0.0	0.0	0.0	0.0	0.0	0.0	0.0	0.0	0.0	0.0	0.0	0.0	0.0	0.0	0.0	0.0	0.0	0.0	0.0	0.0	0.0	0.0	0.0	0.0	0.0	0.0	0.0	0.0	0.0	0.0	0.0	0.0	0.0	0.0	0.0	0.0	0.0	0.0	0.0	0.0381243	0.0	0.0	0.0	0.0	0.0	0.0	0.0	0.00513716	0.0	0.0	0.0106298	0.0	0.0	0.0	0.0	0.0	0.0	0.00571853	0.0	0.0	0.0	0.0	0.0	0.0	0.0	0.0	0.0	0.0	0.0	0.0	0.0	0.0	0.0	0.0	0.0	0.0	0.0	0.0	0.0	0.0	0.0	0.0	0.0	0.0
Hmi-CPar_034-Ex1-07C.clmp.r1r2_fastp	0.289338	0.10766099999999999	0.124483	0.0	0.0	0.0	0.0	0.0	0.0	0.0	0.0	0.0	0.0	0.0100932	0.030279599999999997	0.0067288	0.0	0.0	0.0	0.0	0.0	0.0	0.0033644	0.0	0.0	0.0	0.0	0.0	0.0	0.0	0.0	0.0	0.0	0.00336542	0.0	0.00336916	0.0	0.0	0.0	0.0	0.0	0.0	0.0	0.0	0.0	0.0	0.0	0.0	0.0	0.0	0.0	0.0	0.0	0.0	0.0	0.0	0.0	0.0	0.0	0.0	0.0	0.0	0.0	0.0	0.0	0.0	0.0	0.0	0.0	0.0	0.0	0.0	0.0	0.0	0.0	0.0	0.0	0.0	0.0	0.0	0.0	0.0	0.0	0.0	0.0	0.0	0.0	0.0	0.0	0.0	0.0	0.0	0.0	0.0	0.0	0.0	0.0	0.0	0.0	0.0	0.0	0.0	0.0	0.0	0.0	0.0395664	0.0	0.0	0.0	0.0	0.0	0.0	0.0	0.00415939	0.0	0.0	0.0169571	0.0	0.0	0.0043176	0.0	0.0	0.0	0.00446748	0.0	0.0	0.0	0.0	0.0	0.0	0.0	0.0	0.0	0.0	0.0	0.0	0.0	0.0	0.0	0.0	0.0	0.0	0.0	0.0	0.0	0.0	0.0	0.0	0.0	0.0
Hmi-CPar_035-Ex1-08A.clmp.r1r2_fastp	0.27548500000000004	0.110705	0.103858	0.000148852	6.76601e-05	0.0	0.0	0.0	0.0	0.0	0.0	0.0	0.00132614	0.00761852	0.0307989	0.00592702	0.00102843	0.0	0.0	0.0	0.0	0.0	0.00185389	0.0	0.000974305	0.0	0.0	0.0	6.76601e-05	0.0	0.000216512	0.0	0.0	0.00204363	0.00023009299999999998	0.00498147	0.0	0.0	0.000121871	0.00048756200000000003	0.0	0.0	0.0	0.0	0.0	0.0	0.0	0.0	0.0	0.0	0.0	0.0	0.0	0.0	0.0	0.0	0.0	0.0	0.0	0.0	0.0	0.0	0.0	0.0	0.0	0.0	0.0	0.0	0.0	0.0	0.0	0.0	0.0	0.0	0.0	0.0	2.7442e-05	0.0	0.0	0.0	0.0	0.0	0.0	0.0	0.0	2.7647900000000003e-05	0.0	1.3855699999999998e-05	0.0	1.38929e-05	0.0	0.0	0.0	0.0	0.0	0.0	0.0	0.0	0.0	0.0	0.0	0.0	1.4388199999999999e-05	0.0	0.0	0.0316094	1.4630200000000001e-05	0.0	0.00128414	0.0	0.0	0.0012579099999999999	4.5156e-05	0.00283017	0.0	0.0	0.0124461	0.0	0.0	0.0015335199999999998	0.0	0.00131463	6.37516e-05	0.00133106	0.0	0.0013321399999999999	0.0	0.0	0.000347977	0.0	0.0	0.0	0.0	0.0	0.0	0.0	0.0	0.000107152	0.0	0.0	0.0	0.0	0.0	0.0	0.0	0.0	0.0	0.0	0.0	0.0
Hmi-CPar_036-Ex1-08G.clmp.r1r2_fastp	0.23791099999999998	0.0737708	0.0793036	0.0	0.0	0.0	0.0	0.0	0.0	0.0	0.0	0.0	0.0018442699999999999	0.00553281	0.0184427	0.0	0.0018442699999999999	0.0	0.0	0.0	0.0	0.0	0.0018442699999999999	0.0	0.0	0.0	0.0	0.0	0.0	0.0	0.0	0.0	0.0	0.0	0.0	0.0	0.0	0.0	0.0	0.0	0.0	0.0	0.0	0.0	0.0	0.0	0.0	0.0	0.0	0.0	0.0	0.0	0.0	0.0	0.0	0.0	0.0	0.0	0.0	0.0	0.0	0.0	0.0	0.0	0.0	0.0	0.0	0.0	0.0	0.0	0.0	0.0	0.0	0.0	0.0	0.0	0.0	0.0	0.0	0.0	0.0	0.0	0.0	0.0	0.0	0.0	0.0	0.0	0.0	0.0	0.0	0.0	0.0	0.0	0.0	0.0	0.0	0.0	0.0	0.0	0.0	0.0	0.0	0.0	0.0	0.0275255	0.0	0.0	0.00234681	0.0	0.0	0.0	0.0	0.0024541100000000002	0.0	0.0	0.0151741	0.0	0.0	0.00259639	0.0	0.0	0.0	0.0	0.0	0.00274763	0.0	0.0	0.0	0.0	0.0	0.0	0.0	0.0	0.0	0.0	0.0	0.0	0.0	0.0	0.0	0.0	0.0	0.0	0.0	0.0	0.0	0.0	0.0	0.0
Hmi-CPar_037-Ex1-01F.clmp.r1r2_fastp	0.257815	0.0943787	0.087473	0.0	0.0	0.0	0.0	0.0	0.0	0.0	0.0	0.0	0.0	0.0115096	0.0253211	0.0046038400000000005	0.0	0.0	0.0	0.0	0.0	0.0	0.0046038400000000005	0.0	0.0	0.0	0.0	0.0	0.0	0.0	0.0	0.0	0.0	0.0	0.0	0.00230388	0.0	0.0	0.0	0.0023067499999999998	0.0	0.0	0.0	0.0	0.0	0.0	0.0	0.0	0.0	0.0	0.0	0.0	0.0	0.0	0.0	0.0	0.0	0.0	0.0	0.0	0.0	0.0	0.0	0.0	0.0	0.0	0.0	0.0	0.0	0.0	0.0	0.0	0.0	0.0	0.0	0.0	0.0	0.0	0.0	0.0	0.0	0.0	0.0	0.0	0.0	0.0	0.0	0.0	0.0	0.0	0.0	0.0	0.0	0.0	0.0	0.0	0.0	0.0	0.0	0.0	0.0	0.0	0.0	0.0	0.0	0.0314853	0.0	0.0	0.0	0.0	0.0	0.0	0.0	0.0	0.0	0.0	0.016650500000000002	0.0	0.0	0.0	0.0	0.00283046	0.0	0.0	0.0	0.00290994	0.0	0.0	0.0	0.0	0.0	0.0	0.0	0.0	0.0	0.0	0.0	0.0	0.0	0.0	0.0	0.0	0.0	0.0	0.0	0.0	0.0	0.0	0.0	0.0
Hmi-CPar_038-Ex1-09E.clmp.r1r2_fastp	0.249914	0.103413	0.0861772	0.0	0.0	0.0	0.0	0.0	0.0	0.0	0.0	0.0	0.0	0.0258532	0.017235399999999998	0.00861772	0.0	0.0	0.0	0.0	0.0	0.0	0.0	0.0	0.0	0.0	0.0	0.0	0.0	0.0	0.0	0.0	0.0	0.0	0.0	0.0	0.0	0.0	0.0	0.0	0.0	0.0	0.0	0.0	0.0	0.0	0.0	0.0	0.0	0.0	0.0	0.0	0.0	0.0	0.0	0.0	0.0	0.0	0.0	0.0	0.0	0.0	0.0	0.0	0.0	0.0	0.0	0.0	0.0	0.0	0.0	0.0	0.0	0.0	0.0	0.0	0.0	0.0	0.0	0.0	0.0	0.0	0.0	0.0	0.0	0.0	0.0	0.0	0.0	0.0	0.0	0.0	0.0	0.0	0.0	0.0	0.0	0.0	0.0	0.0	0.0	0.0	0.0	0.0	0.0	0.032967	0.0	0.0	0.0	0.0	0.0	0.0	0.0	0.0	0.0	0.0	0.0244888	0.0	0.0	0.0	0.0	0.0	0.0	0.0	0.0	0.0	0.0	0.0	0.0	0.0	0.0	0.0	0.0	0.0	0.0	0.0	0.0	0.0	0.0	0.0	0.0	0.0	0.0	0.0	0.0	0.0	0.0	0.0	0.0	0.0
Hmi-CPar_039-Ex1-02G.clmp.r1r2_fastp	0.24032699999999999	0.05207080000000001	0.11215299999999999	0.0	0.0	0.0	0.0	0.0	0.0	0.0	0.0	0.0	0.00400545	0.012016299999999999	0.0160218	0.00400545	0.0	0.0	0.0	0.0	0.0	0.0	0.0	0.0	0.0	0.0	0.0	0.0	0.0	0.0	0.0	0.0	0.0	0.0	0.0	0.0	0.0	0.0	0.0	0.0	0.0	0.0	0.0	0.0	0.0	0.0	0.0	0.0	0.0	0.0	0.0	0.0	0.0	0.0	0.0	0.0	0.0	0.0	0.0	0.0	0.0	0.0	0.0	0.0	0.0	0.0	0.0	0.0	0.0	0.0	0.0	0.0	0.0	0.0	0.0	0.0	0.0	0.0	0.0	0.0	0.0	0.0	0.0	0.0	0.0	0.0	0.0	0.0	0.0	0.0	0.0	0.0	0.0	0.0	0.0	0.0	0.0	0.0	0.0	0.0	0.0	0.0	0.0	0.0	0.0	0.032284799999999995	0.0	0.0	0.00469836	0.0	0.0	0.0	0.0	0.0	0.0	0.0	0.0149298	0.0	0.0	0.0	0.0	0.0	0.0	0.0	0.0	0.0	0.0	0.0	0.0	0.0	0.0	0.0	0.0	0.0	0.0	0.0	0.0	0.0	0.0	0.0	0.0	0.0	0.0	0.0	0.0	0.0	0.0	0.0	0.0	0.0
Hmi-CPar_040-Ex1-10F.clmp.r1r2_fastp	0.242588	0.0862534	0.0916442	0.0	0.0	0.0	0.0	0.0	0.0	0.0	0.0	0.0	0.0	0.0	0.0377358	0.0	0.00539084	0.0	0.0	0.0	0.0	0.0	0.0	0.0	0.0	0.0	0.0	0.0	0.0	0.0	0.0	0.0	0.0	0.0	0.0	0.00539869	0.0	0.0	0.0	0.0	0.0	0.0	0.0	0.0	0.0	0.0	0.0	0.0	0.0	0.0	0.0	0.0	0.0	0.0	0.0	0.0	0.0	0.0	0.0	0.0	0.0	0.0	0.0	0.0	0.0	0.0	0.0	0.0	0.0	0.0	0.0	0.0	0.0	0.0	0.0	0.0	0.0	0.0	0.0	0.0	0.0	0.0	0.0	0.0	0.0	0.0	0.0	0.0	0.0	0.0	0.0	0.0	0.0	0.0	0.0	0.0	0.0	0.0	0.0	0.0	0.0	0.0	0.0	0.0	0.0	0.0452659	0.0	0.0	0.0	0.0	0.0	0.0	0.0	0.0	0.0	0.0	0.00855213	0.0	0.0	0.0	0.0	0.0	0.0	0.0	0.0	0.0	0.0	0.0	0.0	0.0	0.0	0.0	0.0	0.0	0.0	0.0	0.0	0.0	0.0	0.0	0.0	0.0	0.0	0.0	0.0	0.0	0.0	0.0	0.0	0.0
Hmi-CPar_041-Ex1-11A.clmp.r1r2_fastp	0.26806	0.112813	0.101428	0.0	0.0	0.0	0.0	0.0	0.0	0.0	0.0	0.0	0.0	0.0124198	0.036224400000000004	0.006209889999999999	0.0	0.0	0.0	0.0	0.0	0.0	0.00206996	0.0	0.00103498	0.0	0.0	0.0	0.0	0.0	0.00103498	0.0	0.0	0.0	0.0	0.00414254	0.0	0.0	0.0	0.0	0.0	0.0	0.0	0.0	0.0	0.0	0.0	0.0	0.0	0.0	0.0	0.0	0.0	0.0	0.0	0.0	0.0	0.0	0.0	0.0	0.0	0.0	0.0	0.0	0.0	0.0	0.0	0.0	0.0	0.0	0.0	0.0	0.0	0.0	0.0	0.0	0.0	0.0	0.0	0.0	0.0	0.0	0.0	0.0	0.0	0.0	0.0	0.0	0.0	0.0	0.0	0.0	0.0	0.0	0.0	0.0	0.0	0.0	0.0	0.0	0.0	0.0	0.0	0.0	0.0	0.025636199999999998	0.0	0.0	0.00118665	0.0	0.0	0.00241712	0.0	0.004884	0.0	0.0	0.007445739999999999	0.0	0.0	0.00380464	0.0	0.0012872	0.0	0.0	0.0	0.0	0.0	0.0	0.0	0.0	0.0	0.0	0.0	0.0	0.0	0.0	0.0	0.0	0.0	0.0	0.0	0.0	0.0	0.0	0.0	0.0	0.0	0.0	0.0	0.0
Hmi-CPar_042-Ex1-04E.clmp.r1r2_fastp	0.347776	0.11592499999999999	0.08694389999999999	0.0	0.0	0.0	0.0	0.0	0.0	0.0	0.0	0.0	0.0	0.0	0.0144907	0.0	0.0	0.0	0.0	0.0	0.0	0.0	0.0	0.0	0.0	0.0	0.0	0.0	0.0	0.0	0.0	0.0	0.0	0.0	0.0	0.014505400000000002	0.0	0.0	0.0	0.0	0.0	0.0	0.0	0.0	0.0	0.0	0.0	0.0	0.0	0.0	0.0	0.0	0.0	0.0	0.0	0.0	0.0	0.0	0.0	0.0	0.0	0.0	0.0	0.0	0.0	0.0	0.0	0.0	0.0	0.0	0.0	0.0	0.0	0.0	0.0	0.0	0.0	0.0	0.0	0.0	0.0	0.0	0.0	0.0	0.0	0.0	0.0	0.0	0.0	0.0	0.0	0.0	0.0	0.0	0.0	0.0	0.0	0.0	0.0	0.0	0.0	0.0	0.0	0.0	0.0	0.018368799999999998	0.0	0.0	0.0	0.0	0.0	0.0	0.0	0.0	0.0	0.0	0.0	0.0	0.0	0.0	0.0	0.0	0.0	0.0	0.0	0.0	0.0	0.0	0.0	0.0	0.0	0.0	0.0	0.0	0.0	0.0	0.0	0.0	0.0	0.0	0.0	0.0	0.0	0.0	0.0	0.0	0.0	0.0	0.0	0.0
Hmi-CPar_043-Ex1-11F.clmp.r1r2_fastp	0.262459	0.10071100000000001	0.128178	0.0	0.0	0.0	0.0	0.0	0.0	0.0	0.0	0.0	0.0	0.0	0.027466699999999997	0.0	0.0	0.0	0.0	0.0	0.0	0.0	0.00305185	0.0	0.00305185	0.0	0.0	0.0	0.0	0.0	0.0	0.0	0.0	0.00610501	0.0	0.012220100000000001	0.0	0.0	0.0	0.0	0.0	0.0	0.0	0.0	0.0	0.0	0.0	0.0	0.0	0.0	0.0	0.0	0.0	0.0	0.0	0.0	0.0	0.0	0.0	0.0	0.0	0.0	0.0	0.0	0.0	0.0	0.0	0.0	0.0	0.0	0.0	0.0	0.0	0.0	0.0	0.0	0.0	0.0	0.0	0.0	0.0	0.0	0.0	0.0	0.0	0.0	0.0	0.0	0.0	0.0	0.0	0.0	0.0	0.0	0.0	0.0	0.0	0.0	0.0	0.0	0.0	0.0	0.0	0.0	0.0	0.011194	0.0	0.0	0.0	0.0	0.0	0.00392557	0.0	0.0	0.0	0.0	0.00814233	0.0	0.0	0.0	0.0	0.0	0.0	0.00874585	0.0	0.0	0.0	0.0	0.0	0.0	0.0	0.0	0.0	0.0	0.0	0.0	0.0	0.0	0.0	0.0	0.0	0.0	0.0	0.0	0.0	0.0	0.0	0.0	0.0	0.0
Hmi-CPar_044-Ex1-05F.clmp.r1r2_fastp	0.37972700000000004	0.0619963	0.15499100000000002	0.0	0.0	0.0	0.0	0.0	0.0	0.0	0.0	0.0	0.0	0.0154991	0.0232486	0.0154991	0.0	0.0	0.0	0.0	0.0	0.0	0.0154991	0.0	0.0	0.0	0.0	0.0	0.0	0.0	0.0	0.0	0.0	0.0	0.0	0.0	0.0	0.0	0.0	0.0	0.0	0.0	0.0	0.0	0.0	0.0	0.0	0.0	0.0	0.0	0.0	0.0	0.0	0.0	0.0	0.0	0.0	0.0	0.0	0.0	0.0	0.0	0.0	0.0	0.0	0.0	0.0	0.0	0.0	0.0	0.0	0.0	0.0	0.0	0.0	0.0	0.0	0.0	0.0	0.0	0.0	0.0	0.0	0.0	0.0	0.0	0.0	0.0	0.0	0.0	0.0	0.0	0.0	0.0	0.0	0.0	0.0	0.0	0.0	0.0	0.0	0.0	0.0	0.0	0.0	0.018952	0.0	0.0	0.0	0.0	0.0	0.0	0.0	0.0101256	0.0	0.0	0.0	0.0	0.0	0.0	0.0	0.0	0.0	0.0	0.0	0.0	0.0	0.0	0.0	0.0	0.0	0.0	0.0	0.0	0.0	0.0	0.0	0.0	0.0	0.0	0.0	0.0	0.0	0.0	0.0	0.0	0.0	0.0	0.0	0.0
Hmi-CPar_045-Ex1-06D.clmp.r1r2_fastp	0.268059	0.0947451	0.0901234	0.0	0.0	0.0	0.0	0.0	0.0	0.0	0.0	0.0	0.00231086	0.0	0.0346628	0.0	0.0	0.0	0.0	0.0	0.0	0.0	0.0	0.0	0.0	0.0	0.0	0.0	0.0	0.0	0.0	0.0	0.0	0.0023116	0.0	0.006941709999999999	0.0	0.0	0.0	0.0	0.0	0.0	0.0	0.0	0.0	0.0	0.0	0.0	0.0	0.0	0.0	0.0	0.0	0.0	0.0	0.0	0.0	0.0	0.0	0.0	0.0	0.0	0.0	0.0	0.0	0.0	0.0	0.0	0.0	0.0	0.0	0.0	0.0	0.0	0.0	0.0	0.0	0.0	0.0	0.0	0.0	0.0	0.0	0.0	0.0	0.0	0.0	0.0	0.0	0.0	0.0	0.0	0.0	0.0	0.0	0.0	0.0	0.0	0.0	0.0	0.0	0.0	0.0	0.0	0.0	0.0333838	0.0	0.0	0.0	0.0	0.0	0.0	0.0	0.0	0.0	0.0	0.0135358	0.0	0.0	0.0	0.0	0.00277693	0.0	0.0	0.0	0.00283054	0.0	0.0	0.0	0.0	0.0	0.0	0.0	0.0	0.0	0.0	0.0	0.0	0.0	0.0	0.0	0.0	0.0	0.0	0.0	0.0	0.0	0.0	0.0	0.0
Hmi-CPar_046-Ex1-07D.clmp.r1r2_fastp	0.35601	0.13930800000000002	0.0619147	0.0	0.0	0.0	0.0	0.0	0.0	0.0	0.0	0.0	0.0	0.015478700000000001	0.0386967	0.0	0.0	0.0	0.0	0.0	0.0	0.0	0.0	0.0	0.0	0.0	0.0	0.0	0.0	0.0	0.0	0.0	0.0	0.0	0.0	0.0154931	0.0	0.0	0.0	0.0	0.0	0.0	0.0	0.0	0.0	0.0	0.0	0.0	0.0	0.0	0.0	0.0	0.0	0.0	0.0	0.0	0.0	0.0	0.0	0.0	0.0	0.0	0.0	0.0	0.0	0.0	0.0	0.0	0.0	0.0	0.0	0.0	0.0	0.0	0.0	0.0	0.0	0.0	0.0	0.0	0.0	0.0	0.0	0.0	0.0	0.0	0.0	0.0	0.0	0.0	0.0	0.0	0.0	0.0	0.0	0.0	0.0	0.0	0.0	0.0	0.0	0.0	0.0	0.0	0.0	0.0464554	0.0	0.0	0.009536520000000001	0.0	0.0	0.0	0.0	0.0	0.0	0.0	0.0	0.0	0.0	0.0	0.0	0.0	0.0	0.0	0.0	0.010920599999999999	0.0	0.0	0.0	0.0	0.0	0.0	0.0	0.0	0.0	0.0	0.0	0.0	0.0	0.0	0.0	0.0	0.0	0.0	0.0	0.0	0.0	0.0	0.0	0.0
Hmi-CPar_047-Ex1-08B.clmp.r1r2_fastp	0.177826	0.0537612	0.0537612	0.0	0.0	0.0	0.0	0.0	0.0	0.0	0.0	0.0	0.0	0.0020677399999999998	0.010338700000000001	0.0	0.0	0.0	0.0	0.0	0.0	0.0	0.0020677399999999998	0.0	0.0	0.0	0.0	0.0	0.0	0.0	0.0	0.0	0.0	0.0	0.0	0.0	0.0	0.0	0.0	0.0	0.0	0.0	0.0	0.0	0.0	0.0	0.0	0.0	0.0	0.0	0.0	0.0	0.0	0.0	0.0	0.0	0.0	0.0	0.0	0.0	0.0	0.0	0.0	0.0	0.0	0.0	0.0	0.0	0.0	0.0	0.0	0.0	0.0	0.0	0.0	0.0	0.0	0.0	0.0	0.0	0.0	0.0	0.0	0.0	0.0	0.0	0.0	0.0	0.0	0.0	0.0	0.0	0.0	0.0	0.0	0.0	0.0	0.0	0.0	0.0	0.0	0.0	0.0	0.0	0.0	0.007388250000000001	0.0	0.0	0.0	0.0	0.0	0.0	0.0	0.00264578	0.0	0.0	0.00816038	0.0	0.0	0.0	0.0	0.0	0.0	0.0	0.0	0.0	0.0	0.0	0.0	0.0	0.0	0.0	0.0	0.0	0.0	0.0	0.0	0.0	0.0	0.0	0.0	0.0	0.0	0.0	0.0	0.0	0.0	0.0	0.0	0.0
Hmi-CPar_048-Ex1-08H.clmp.r1r2_fastp	0.286484	0.11247900000000001	0.103826	0.0	0.0	0.0	0.0	0.0	0.0	0.0	0.0	0.0	0.0016823699999999999	0.008652199999999999	0.0317247	0.00528746	0.00048067799999999995	0.0	0.0	0.0	0.0	0.0	0.00240339	0.0	0.0009613559999999999	0.0	0.0	0.0	0.0	0.0	0.0	0.0	0.0	0.00144218	0.0	0.00432763	0.0	0.0	0.0	0.00048110899999999996	0.0	0.0	0.0	0.0	0.0	0.0	0.0	0.0	0.0	0.0	0.0	0.0	0.0	0.0	0.0	0.0	0.0	0.0	0.0	0.0	0.0	0.0	0.0	0.0	0.0	0.0	0.0	0.0	0.0	0.0	0.0	0.0	0.0	0.0	0.0	0.0	0.0	0.0	0.0	0.0	0.0	0.0	0.0	0.0	0.0	0.0	0.0	0.0	0.0	0.0	0.0	0.0	0.0	0.0	0.0	0.0	0.0	0.0	0.0	0.0	0.0	0.0	0.0	0.0	0.0	0.0326151	0.0	0.0	0.00183913	0.0	0.0	0.00106396	0.0	0.0032292400000000004	0.0	0.0	0.0103755	0.0	0.0	0.00139145	0.0	0.00168808	0.0	0.000854603	0.0	0.00231018	0.0	0.0	0.000294897	0.0	0.0	0.0	0.0	0.0	0.0	0.0	0.0	0.0	0.0	0.0	0.0	0.0	0.0	0.0	0.0	0.0	0.0	0.0	0.0	0.0
