Sample	1	2	3	4	5	6	7	8	9	10	11	12	13	14	15	16	17	18	19	20	21	22	23	24	25	26	27	28	29	30	31	32	33	34	35	36	37	38	39	40	41	42	43	44	45	46	47	48	49	50	51	52	53	54	55	56	57	58	59	60	61	62	63	64	65	66	67	68	69	70	71	72	73	74	75	76	77	78	79	80	81	82	83	84	85	86	87	88	89	90	91	92	93	94	95	96	97	98	99	100	101	102	103	104	105	106	107	108	109	110	111	112	113	114	115	116	117	118	119	120	121	122	123	124	125	126	127	128	129	130	131	132	133	134	135	136	137	138	139	140	141	142	143	144	145	146	147	148	149	150
Hmi-ABas_001-Ex1-01A.clmp.r1r2_fastp	35.457	35.3563	35.4552	35.4414	35.5149	35.5364	35.4644	35.4858	35.4445	35.4694	35.4796	35.4657	35.4598	35.4051	35.4055	35.4116	35.4032	35.3738	35.3806	35.3655	35.3379	35.3306	35.3101	35.2583	35.2523	35.2082	35.195	35.1675	35.1425	35.106	35.1106	35.0859	35.0495	35.0071	34.9894	34.9923	34.9503	34.9296	34.8823	34.8645	34.8304	34.8191	34.7696	34.7581	34.6999	34.6914	34.687	34.6593	34.6004	34.5689	34.5746	34.5372	34.4711	34.4463	34.4586	34.4109	34.3673	34.319	34.2933	34.2717	34.2764	34.1847	34.1319	34.1116	34.0953	34.0622	33.9861	33.975	33.9061	33.8967	33.8435	33.8246	33.7775	33.7099	33.6786	33.6669	33.5928	33.5403	33.4955	33.4807	33.397	33.4259	33.3673	33.3862	33.2475	33.2367	33.1933	33.1937	33.1376	33.1285	33.0507	33.0029	32.9841	33.0187	32.9951	32.9538	32.8048	32.8326	32.7456	32.71	32.6576	32.7031	32.625	32.6567	32.5474	32.557	32.4856	32.5295	32.4065	32.3441	32.2816	32.2976	32.2543	32.2929	32.1934	32.1283	32.1091	32.1359	32.0063	31.9598	31.9136	31.9001	31.8353	31.8018	31.8284	31.7788	31.7189	31.7586	31.6345	31.577	31.4715	31.5034	31.4395	31.5452	31.308	31.3532	31.2947	31.2838	31.323	31.2174	31.1841	31.2679	31.1501	31.1739	31.097	31.1822	31.3492	31.6278	32.3159	35.2754
Hmi-ABas_002-Ex1-02A.clmp.r1r2_fastp	35.5195	35.3826	35.505	35.4891	35.5691	35.5865	35.5198	35.5305	35.5098	35.5255	35.5374	35.5138	35.5118	35.4797	35.483	35.4753	35.463	35.4389	35.4344	35.4294	35.4233	35.3816	35.3358	35.3128	35.3029	35.2592	35.2297	35.1984	35.1864	35.1577	35.1365	35.1227	35.0711	35.0369	35.0084	35.0004	34.9718	34.9479	34.9106	34.8921	34.831	34.8447	34.8006	34.7884	34.7288	34.6534	34.6755	34.6355	34.5941	34.5595	34.5579	34.515	34.4385	34.441	34.4273	34.3601	34.3118	34.2753	34.2039	34.2333	34.2236	34.1659	34.0773	34.0665	34.0347	33.9976	33.9509	33.8968	33.8624	33.837	33.8086	33.7563	33.7167	33.6759	33.6219	33.5857	33.5401	33.4919	33.4777	33.4274	33.3819	33.3526	33.3399	33.2804	33.2061	33.186	33.1344	33.0865	33.0612	33.0187	32.9495	32.9126	32.9067	32.8694	32.8729	32.807	32.6991	32.6612	32.5661	32.5199	32.4712	32.4996	32.4755	32.4533	32.3898	32.3276	32.3298	32.2844	32.1998	32.0962	32.0964	32.0678	31.995	31.9923	31.9831	31.9582	31.8406	31.8224	31.7358	31.7109	31.6676	31.6283	31.6166	31.5099	31.4551	31.4717	31.3947	31.3715	31.304	31.2131	31.1178	31.1205	31.1035	31.0933	31.0595	30.9599	30.9197	30.8848	30.9102	30.9301	30.8543	30.825	30.8148	30.798	30.7864	30.842	31.0655	31.3331	32.1102	35.1934
Hmi-ABas_003-Ex1-03A.clmp.r1r2_fastp	35.5686	35.459	35.5639	35.5389	35.6162	35.6431	35.572	35.5862	35.5487	35.58	35.5972	35.5851	35.5705	35.5229	35.55	35.5262	35.5248	35.5271	35.4974	35.4939	35.4881	35.454	35.421	35.3908	35.3682	35.3335	35.3218	35.2772	35.2684	35.2346	35.2478	35.2135	35.2032	35.1422	35.1504	35.1521	35.1102	35.0951	35.044	35.0497	34.9892	34.9897	34.9193	34.9364	34.8821	34.8361	34.855	34.8101	34.7572	34.7868	34.7597	34.7057	34.6468	34.6413	34.6033	34.5472	34.5158	34.4705	34.4399	34.4345	34.4088	34.3565	34.3073	34.3069	34.2753	34.2252	34.1799	34.1132	34.1181	34.0619	34.0557	34.0021	33.9882	33.9154	33.8971	33.8207	33.7745	33.735	33.682	33.6643	33.5899	33.5804	33.5888	33.5167	33.4369	33.3829	33.3494	33.2917	33.3016	33.2187	33.2045	33.1501	33.1966	33.1688	33.1507	33.0671	32.9292	32.9436	32.8491	32.8253	32.7601	32.7962	32.6848	32.6794	32.5569	32.5924	32.5416	32.5323	32.377	32.3385	32.3232	32.2856	32.2262	32.1792	32.1245	32.0273	32.0149	32.0587	32.0395	31.8833	31.7964	31.8354	31.7561	31.8058	31.7647	31.7489	31.7375	31.6982	31.5635	31.5628	31.2834	31.4247	31.3751	31.3532	31.3708	31.2379	31.1789	31.1598	31.0775	31.0854	31.0051	31.0774	30.9195	31.0529	30.8988	30.9923	31.1023	31.5158	32.2241	35.2407
Hmi-ABas_004-Ex1-04A.clmp.r1r2_fastp	35.6109	35.4981	35.567	35.5907	35.6604	35.6841	35.6254	35.647	35.5957	35.6034	35.6391	35.6031	35.5815	35.5674	35.5631	35.5818	35.5632	35.5418	35.5415	35.5074	35.5119	35.4647	35.4407	35.4006	35.3804	35.3634	35.3336	35.2919	35.2908	35.2479	35.2557	35.2241	35.2054	35.1588	35.1605	35.1553	35.1201	35.0872	35.061	35.0563	35.0138	35.0193	34.9654	34.9412	34.8957	34.8772	34.8751	34.8512	34.7831	34.7861	34.7808	34.7303	34.6717	34.6382	34.649	34.6013	34.5662	34.5351	34.4832	34.4865	34.486	34.4128	34.3358	34.3072	34.3169	34.2683	34.2336	34.177	34.1342	34.0985	34.109	34.054	34.0035	33.9412	33.9121	33.8555	33.8258	33.7666	33.7916	33.7434	33.681	33.6547	33.6349	33.5893	33.5382	33.4914	33.453	33.4144	33.4062	33.3381	33.3359	33.2757	33.2692	33.2665	33.2569	33.1918	33.0975	33.0517	33.02	32.988	32.9675	32.9185	32.9365	32.8638	32.8492	32.7326	32.7676	32.7849	32.636	32.651	32.5928	32.5459	32.4997	32.5317	32.5156	32.45	32.3965	32.3695	32.3537	32.2639	32.2492	32.2242	32.1885	32.1592	32.1597	32.0903	32.0577	32.0294	32.0055	31.9787	31.8316	31.8679	31.7931	31.8791	31.8221	31.7562	31.7439	31.6865	31.7855	31.7295	31.6779	31.7079	31.7108	31.6401	31.6732	31.7443	31.8923	32.1377	32.8333	35.4209
Hmi-ABas_005-Ex1-05A.clmp.r1r2_fastp	35.683	35.5737	35.6124	35.619	35.6914	35.719	35.6539	35.663	35.6431	35.6463	35.688	35.655	35.6314	35.608	35.6066	35.6247	35.6146	35.588	35.5863	35.5563	35.5643	35.5241	35.5048	35.4697	35.4337	35.4291	35.4074	35.3488	35.3497	35.3169	35.3212	35.2821	35.2366	35.2154	35.1917	35.1818	35.1821	35.1307	35.1094	35.0878	35.0527	35.0392	35.0151	34.9819	34.9435	34.8943	34.9163	34.8684	34.823	34.7867	34.7948	34.7486	34.6775	34.656	34.6499	34.5892	34.5606	34.5278	34.4927	34.4624	34.4671	34.3853	34.3097	34.3245	34.2774	34.2404	34.2002	34.1662	34.113	34.1049	34.0321	34.0131	33.9512	33.9295	33.8864	33.8377	33.7604	33.7415	33.6975	33.6316	33.6035	33.5887	33.5477	33.5358	33.4506	33.4204	33.37	33.3326	33.325	33.2745	33.2149	33.1901	33.1661	33.1261	33.0802	33.0504	32.974	32.9688	32.8628	32.8569	32.7927	32.7909	32.7522	32.712	32.6519	32.6083	32.5921	32.5562	32.5011	32.3992	32.3596	32.3492	32.2974	32.2528	32.2159	32.2367	32.1165	32.115	32.0595	31.9844	31.9501	31.8942	31.8697	31.8192	31.838	31.8032	31.6853	31.6888	31.6677	31.5626	31.4944	31.4882	31.4212	31.4589	31.392	31.3231	31.2829	31.2574	31.3011	31.2939	31.222	31.2281	31.1802	31.1492	31.1428	31.1922	31.44	31.6993	32.4582	35.3209
Hmi-ABas_006-Ex1-06A.clmp.r1r2_fastp	35.4806	35.3577	35.4355	35.4617	35.5397	35.5577	35.4837	35.5026	35.4743	35.4936	35.5118	35.4833	35.4508	35.4443	35.4486	35.454	35.4357	35.4067	35.4067	35.3916	35.3738	35.3252	35.3223	35.2741	35.266	35.226	35.2033	35.169	35.159	35.0997	35.1046	35.0806	35.0507	34.9962	35.0045	34.9714	34.9654	34.9	34.8625	34.8858	34.8323	34.8263	34.7866	34.7632	34.709	34.6662	34.6641	34.6415	34.6177	34.5665	34.5551	34.5131	34.4367	34.4178	34.4023	34.3476	34.3358	34.2839	34.2456	34.2059	34.225	34.1302	34.0645	34.0789	34.0383	34.0054	33.9683	33.9043	33.8668	33.8386	33.8122	33.7573	33.7193	33.6525	33.6135	33.5892	33.5474	33.4794	33.4573	33.4292	33.383	33.3774	33.3276	33.2929	33.2478	33.2121	33.13	33.1623	33.1198	33.0494	32.9969	32.989	32.9623	32.898	32.9198	32.8272	32.7832	32.7525	32.6683	32.6439	32.5929	32.5967	32.5279	32.5368	32.4873	32.4249	32.4073	32.4198	32.3323	32.2415	32.1724	32.2065	32.1489	32.1147	32.1158	32.0693	32.0422	31.931	31.9086	31.8756	31.8185	31.8287	31.8188	31.7683	31.6925	31.6918	31.6311	31.5857	31.5632	31.5239	31.4516	31.4365	31.423	31.403	31.3319	31.3055	31.2557	31.2181	31.2294	31.3324	31.2227	31.21	31.2023	31.1546	31.1528	31.1981	31.3146	31.6902	32.3866	35.2732
Hmi-ABas_007-Ex1-07A.clmp.r1r2_fastp	35.4886	35.4104	35.4566	35.4681	35.547	35.5608	35.5026	35.4992	35.4675	35.4814	35.5188	35.493	35.4575	35.4468	35.4404	35.4603	35.4371	35.4249	35.3968	35.3877	35.3539	35.3364	35.322	35.2844	35.2498	35.2159	35.1932	35.1547	35.1426	35.1051	35.1032	35.0774	35.041	35.0131	35.0064	34.9777	34.9609	34.9208	34.8853	34.8998	34.8353	34.834	34.7927	34.7779	34.7243	34.6704	34.6873	34.6612	34.626	34.6082	34.5807	34.5178	34.4764	34.451	34.4592	34.4226	34.4006	34.3512	34.2845	34.3066	34.2933	34.2129	34.1578	34.1476	34.1151	34.0822	34.0485	33.9973	33.9615	33.9333	33.8808	33.8501	33.8319	33.7591	33.7376	33.7165	33.6816	33.6192	33.6222	33.5839	33.5219	33.4965	33.4825	33.4362	33.3852	33.3414	33.3083	33.2605	33.2688	33.2095	33.159	33.1333	33.16	33.1063	33.1463	33.0328	32.9602	32.9587	32.8658	32.8158	32.7686	32.8036	32.752	32.7222	32.6608	32.604	32.615	32.6034	32.5034	32.451	32.4243	32.3961	32.3824	32.3499	32.2913	32.2881	32.2071	32.2148	32.1385	32.1082	32.0496	32.0613	32.0472	32.0458	31.9392	31.949	31.9101	31.9313	31.8531	31.7488	31.6635	31.697	31.6332	31.6708	31.5411	31.514	31.4799	31.5205	31.4938	31.5262	31.4408	31.4314	31.4118	31.3703	31.3478	31.4253	31.5926	31.8408	32.5513	35.3321
Hmi-ABas_008-Ex1-08A.clmp.r1r2_fastp	35.5614	35.3856	35.4303	35.4317	35.4883	35.5282	35.4672	35.4619	35.4475	35.4616	35.5015	35.4384	35.4508	35.4044	35.3993	35.4315	35.4095	35.3881	35.3734	35.3629	35.3499	35.3424	35.3047	35.2684	35.2454	35.2214	35.1787	35.1499	35.1397	35.0896	35.1007	35.072	35.0542	35.0231	35.012	34.9957	34.9614	34.9221	34.8662	34.8884	34.8299	34.8188	34.8015	34.7683	34.7143	34.6848	34.6813	34.6261	34.617	34.5638	34.5749	34.5166	34.4392	34.4287	34.416	34.3855	34.3266	34.3075	34.268	34.2252	34.2444	34.1859	34.0917	34.1007	34.0683	34.0337	33.9937	33.9094	33.8848	33.8544	33.799	33.7737	33.7028	33.6698	33.6094	33.5712	33.5153	33.4674	33.4567	33.4458	33.3287	33.3575	33.2791	33.2653	33.1838	33.1675	33.1227	33.082	33.1098	33.0199	33.0023	32.9696	32.9247	32.9339	32.9056	32.8594	32.7606	32.7892	32.6754	32.6352	32.5773	32.536	32.5036	32.4875	32.4221	32.4098	32.3931	32.3785	32.2796	32.1982	32.199	32.2381	32.119	32.1096	32.0751	32.0561	31.9542	31.9406	31.8477	31.8262	31.7954	31.7517	31.7379	31.729	31.7098	31.6662	31.6054	31.5798	31.5206	31.4994	31.3973	31.398	31.3918	31.3808	31.3271	31.238	31.243	31.2156	31.2296	31.2226	31.2109	31.2186	31.1889	31.124	31.1206	31.1451	31.3443	31.6775	32.3956	35.2924
Hmi-ABas_009-Ex1-09A.clmp.r1r2_fastp	35.4917	35.382	35.4363	35.4123	35.4958	35.5145	35.4583	35.4671	35.4324	35.438	35.4678	35.4515	35.4079	35.3966	35.393	35.3891	35.3928	35.3628	35.3445	35.3383	35.309	35.2901	35.2503	35.2177	35.1815	35.1676	35.1394	35.0911	35.0861	35.0463	35.0319	35.0105	34.9654	34.9535	34.935	34.9044	34.8983	34.8704	34.8144	34.7963	34.7336	34.7448	34.6788	34.6806	34.6215	34.5837	34.597	34.5545	34.5198	34.4888	34.4664	34.4218	34.3673	34.344	34.3231	34.2797	34.2327	34.2011	34.1604	34.1426	34.1286	34.0662	33.9744	33.9871	33.9484	33.8903	33.861	33.8238	33.786	33.7461	33.6977	33.6664	33.5966	33.5449	33.5077	33.4706	33.4289	33.3881	33.3691	33.3226	33.2312	33.2199	33.1818	33.1674	33.0886	33.0283	33.0197	32.9748	32.9695	32.9099	32.8636	32.825	32.849	32.8173	32.8273	32.7227	32.654	32.6182	32.546	32.4877	32.4353	32.4245	32.4122	32.3974	32.3294	32.2765	32.2576	32.2977	32.183	32.1071	32.0435	32.0343	31.9726	31.9766	31.9502	31.9021	31.8458	31.7961	31.8079	31.7293	31.6304	31.6408	31.6255	31.5993	31.583	31.5365	31.4689	31.5133	31.4193	31.3604	31.272	31.2932	31.2788	31.2959	31.2275	31.1199	31.1002	31.1241	31.114	31.1401	31.0977	31.1032	31.1275	31.0944	30.9848	31.0871	31.2599	31.5588	32.3106	35.253
Hmi-ABas_010-Ex1-10A.clmp.r1r2_fastp	35.3998	35.195	35.2482	35.2707	35.3543	35.3864	35.3181	35.2989	35.2655	35.2826	35.3366	35.2769	35.2771	35.2627	35.233	35.2725	35.2524	35.2455	35.2221	35.1861	35.1893	35.1519	35.1356	35.0967	35.0623	35.0462	35.0077	34.9885	34.9757	34.9274	34.9548	34.9118	34.9023	34.8652	34.855	34.8483	34.8344	34.7853	34.7553	34.7491	34.7234	34.7094	34.6813	34.6738	34.6055	34.5691	34.6048	34.5681	34.4983	34.4936	34.5083	34.4623	34.3908	34.3677	34.3753	34.309	34.3109	34.2294	34.2375	34.2146	34.2279	34.139	34.0941	34.0754	34.0645	33.9882	33.9789	33.9302	33.9018	33.8569	33.854	33.8236	33.7631	33.7375	33.6814	33.6009	33.5966	33.5515	33.5629	33.5239	33.4594	33.4587	33.443	33.3999	33.3077	33.2705	33.2289	33.1792	33.1956	33.1308	33.1256	33.0629	33.0799	33.0309	33.0337	32.9095	32.8431	32.8475	32.7804	32.7371	32.6894	32.6881	32.6552	32.6356	32.56	32.5038	32.4656	32.4847	32.3944	32.3249	32.2591	32.2595	32.2336	32.2561	32.1837	32.1464	32.0713	32.0302	31.9579	31.8874	31.8456	31.8131	31.8055	31.7508	31.71	31.6577	31.6118	31.6053	31.5543	31.4798	31.3639	31.3508	31.2731	31.3096	31.2668	31.1853	31.138	31.0291	31.1092	31.0464	31.0343	31.0613	31.0835	30.9922	30.9193	30.9744	31.2238	31.4876	32.2744	35.2638
Hmi-ABas_011-Ex1-11A.clmp.r1r2_fastp	35.475	35.3193	35.3819	35.3947	35.4566	35.4855	35.4269	35.441	35.4011	35.4077	35.4474	35.425	35.4042	35.3697	35.3679	35.3873	35.3722	35.3515	35.3429	35.333	35.3132	35.2616	35.2543	35.2199	35.1788	35.1791	35.1333	35.1172	35.1131	35.0473	35.0447	35.008	34.9882	34.9585	34.936	34.9132	34.9193	34.8866	34.8456	34.8121	34.7725	34.773	34.7461	34.7189	34.6773	34.6058	34.6374	34.5857	34.5478	34.5295	34.5265	34.4598	34.3986	34.4035	34.3963	34.3136	34.2729	34.2436	34.2176	34.2008	34.2197	34.1287	34.057	34.0644	34.0284	33.9822	33.9438	33.8617	33.8573	33.8162	33.7787	33.7459	33.7296	33.6466	33.6326	33.5765	33.5476	33.4875	33.5012	33.4111	33.3982	33.367	33.3253	33.2916	33.242	33.1621	33.1207	33.105	33.1118	33.0577	33.0008	32.9594	32.9448	32.9341	32.9403	32.8122	32.7554	32.7485	32.6869	32.6519	32.5767	32.5567	32.5382	32.4885	32.4693	32.3997	32.4313	32.383	32.2726	32.191	32.1974	32.1077	32.1133	32.089	31.9966	31.966	31.9078	31.9588	31.7829	31.8317	31.717	31.7271	31.6557	31.6308	31.6135	31.5409	31.5023	31.542	31.4367	31.3144	31.2241	31.2043	31.1045	31.1393	31.0608	30.9735	30.9899	30.8961	30.9328	30.8019	30.8574	30.8182	30.7694	30.787	30.7729	30.7972	31.0553	31.3662	32.146	35.1983
Hmi-ABas_012-Ex1-12A.clmp.r1r2_fastp	35.5461	35.4312	35.5202	35.5031	35.5945	35.6111	35.5427	35.5543	35.5222	35.5426	35.5584	35.504	35.5033	35.482	35.4798	35.494	35.4749	35.463	35.4441	35.425	35.4126	35.3703	35.3368	35.3042	35.2691	35.2586	35.2242	35.1783	35.1828	35.1314	35.1264	35.098	35.0621	35.0255	35.0062	34.9945	34.9799	34.9347	34.9037	34.9134	34.8447	34.8502	34.8065	34.7973	34.7393	34.6896	34.708	34.6689	34.6228	34.6102	34.6052	34.5478	34.4786	34.4694	34.4652	34.4077	34.3765	34.3507	34.3118	34.2822	34.2701	34.2076	34.1555	34.143	34.1156	34.0799	34.0441	33.9877	33.935	33.9226	33.8768	33.8484	33.7736	33.7459	33.689	33.6827	33.6317	33.5594	33.5866	33.5224	33.4988	33.4789	33.4312	33.4059	33.3405	33.3009	33.241	33.2486	33.2273	33.1502	33.1103	33.0828	33.0492	33.0459	33.0741	32.9841	32.8953	32.8471	32.8049	32.7517	32.7399	32.7269	32.6875	32.6566	32.5618	32.4951	32.575	32.5463	32.4246	32.3477	32.3246	32.3171	32.2442	32.252	32.213	32.1571	32.0433	32.0856	31.9842	31.9899	31.9026	31.9024	31.8794	31.8094	31.776	31.7269	31.6441	31.6178	31.5753	31.5042	31.3856	31.4286	31.2833	31.3737	31.2272	31.1879	31.129	31.1343	31.1103	31.1133	30.9877	30.9854	30.9177	30.9051	30.8725	30.9617	31.1357	31.3986	32.239	35.23
Hmi-ABas_013-Ex1-01B.clmp.r1r2_fastp	35.4454	35.2635	35.3539	35.3509	35.426	35.4541	35.3684	35.3893	35.3635	35.3826	35.4038	35.3686	35.3488	35.3188	35.3238	35.3207	35.3283	35.3055	35.2831	35.2723	35.2644	35.2288	35.1976	35.1603	35.1364	35.1095	35.0811	35.0393	35.0465	34.9842	34.9952	34.9737	34.936	34.8794	34.8854	34.8781	34.8539	34.803	34.7907	34.7662	34.731	34.7089	34.665	34.6431	34.5973	34.5568	34.5666	34.5126	34.4843	34.459	34.4655	34.407	34.3177	34.294	34.3267	34.2536	34.2123	34.1826	34.1379	34.1011	34.1312	34.0398	33.9723	33.9494	33.9441	33.884	33.8515	33.8231	33.7837	33.7591	33.7114	33.6575	33.621	33.5483	33.5532	33.5169	33.4638	33.3976	33.398	33.3721	33.2658	33.2727	33.2472	33.2025	33.1557	33.1593	33.0798	33.0486	33.0537	32.9916	32.97	32.889	32.8986	32.8725	32.8506	32.7711	32.7272	32.7182	32.647	32.5824	32.5811	32.544	32.5459	32.5195	32.4408	32.3869	32.4194	32.3632	32.2893	32.2657	32.224	32.1685	32.1448	32.1703	32.1357	32.1397	32.0579	32.0197	31.9896	31.956	31.8856	31.8651	31.8532	31.8072	31.7651	31.754	31.6923	31.6857	31.6389	31.5651	31.4587	31.5188	31.4856	31.5327	31.4401	31.3754	31.331	31.3827	31.353	31.3365	31.2449	31.2853	31.2637	31.238	31.1585	31.262	31.4217	31.711	32.4384	35.2751
Hmi-ABas_014-Ex1-02B.clmp.r1r2_fastp	35.5279	35.3599	35.4461	35.4319	35.5118	35.5353	35.4721	35.4791	35.4592	35.4624	35.4982	35.4591	35.4516	35.4105	35.4238	35.4362	35.4178	35.397	35.3924	35.3621	35.3449	35.3212	35.2784	35.2531	35.2174	35.1948	35.1716	35.1303	35.1288	35.0811	35.0758	35.0457	35.0144	34.9708	34.9605	34.9344	34.9118	34.8733	34.8369	34.829	34.7792	34.7666	34.7157	34.7013	34.6378	34.5818	34.5964	34.5379	34.5222	34.4865	34.4785	34.4207	34.3612	34.3506	34.3309	34.2667	34.2412	34.1885	34.1412	34.1344	34.1128	34.028	33.9701	33.9472	33.9132	33.873	33.8235	33.7638	33.7393	33.6965	33.6713	33.6286	33.5569	33.5093	33.5015	33.4761	33.4146	33.3366	33.3162	33.2636	33.2249	33.221	33.1648	33.1301	33.0554	33.0089	32.9572	32.909	32.9097	32.8526	32.8016	32.7483	32.7863	32.7134	32.739	32.6706	32.5724	32.5562	32.4716	32.4697	32.3726	32.3991	32.3485	32.3312	32.2817	32.2455	32.2417	32.2679	32.1456	32.0652	32.027	32.0575	31.9708	31.9773	31.9269	31.8861	31.8177	31.8117	31.7331	31.6738	31.6338	31.6452	31.6101	31.5696	31.5612	31.5207	31.4736	31.4889	31.422	31.3513	31.2302	31.2821	31.2579	31.2761	31.2049	31.1414	31.1346	31.1121	31.13	31.1328	31.1021	31.1027	31.0885	31.0481	31.0627	31.1002	31.2632	31.6134	32.3229	35.2577
Hmi-ABas_015-Ex1-03B.clmp.r1r2_fastp	35.4561	35.3064	35.4027	35.3831	35.4718	35.4968	35.4242	35.4429	35.417	35.4155	35.4605	35.4212	35.4022	35.3693	35.3738	35.3834	35.3718	35.3522	35.3475	35.3166	35.3145	35.2676	35.2533	35.2045	35.1737	35.16	35.1312	35.0742	35.0737	35.0361	35.0325	35.013	34.9462	34.9031	34.8884	34.9008	34.8721	34.8271	34.798	34.7706	34.7355	34.723	34.6507	34.6549	34.5818	34.5271	34.5726	34.5423	34.4614	34.4225	34.4118	34.3655	34.311	34.2669	34.255	34.2167	34.1692	34.1124	34.0632	34.072	34.0573	33.9943	33.8921	33.8973	33.851	33.8252	33.7869	33.7189	33.6478	33.6565	33.5952	33.5719	33.5051	33.4604	33.4423	33.3607	33.3318	33.2588	33.2523	33.1892	33.1491	33.1284	33.1345	33.0384	33.0107	32.9739	32.9362	32.896	32.8882	32.7708	32.7623	32.7559	32.7626	32.7043	32.6992	32.6229	32.5298	32.495	32.3964	32.3936	32.3551	32.37	32.3529	32.3008	32.2114	32.199	32.1579	32.2118	32.0785	32.0106	31.9623	31.9907	31.9416	31.9185	31.8849	31.8569	31.7996	31.7529	31.6775	31.6194	31.6011	31.5879	31.5691	31.5389	31.5316	31.4771	31.3554	31.3896	31.3826	31.3052	31.2075	31.2334	31.2151	31.2175	31.1075	31.0651	31.1045	31.0421	31.0406	31.0779	31.0412	31.0423	31.0291	30.9485	30.9194	31.0358	31.2289	31.5737	32.2619	35.2156
Hmi-ABas_016-Ex1-04B.clmp.r1r2_fastp	35.6855	35.5498	35.6154	35.6099	35.6924	35.7046	35.6481	35.6686	35.6293	35.6283	35.6664	35.6397	35.6119	35.5886	35.5945	35.607	35.5872	35.5673	35.5593	35.5288	35.51	35.4796	35.4563	35.4251	35.3885	35.3775	35.3464	35.3112	35.3036	35.2639	35.2777	35.2242	35.1831	35.1651	35.1415	35.132	35.1276	35.0779	35.0362	35.021	35.0004	35.001	34.9458	34.9313	34.878	34.8279	34.8334	34.7896	34.76	34.7418	34.735	34.6487	34.5815	34.5829	34.5759	34.5156	34.483	34.4282	34.4034	34.3973	34.3627	34.3287	34.2264	34.2225	34.1927	34.1953	34.1298	34.0801	34.0499	34.0382	33.9942	33.9285	33.9186	33.8442	33.822	33.7811	33.7352	33.6874	33.6774	33.6518	33.6231	33.5755	33.5364	33.5306	33.4349	33.3896	33.3835	33.3378	33.3422	33.2862	33.2328	33.2276	33.2041	33.1958	33.1776	33.0798	33.0289	32.9758	32.9141	32.8511	32.8354	32.8844	32.8226	32.7886	32.7126	32.6447	32.6655	32.6875	32.569	32.5022	32.5107	32.5068	32.4744	32.4281	32.4573	32.3887	32.3408	32.3108	32.2426	32.1858	32.175	32.2212	32.1601	32.0252	32.036	32.0192	31.9699	32.0079	31.9072	31.8518	31.7195	31.7618	31.7562	31.749	31.6896	31.6453	31.5799	31.6252	31.5837	31.5763	31.565	31.5558	31.5362	31.4995	31.4984	31.4876	31.6786	31.9787	32.6455	35.3744
Hmi-ABas_017-Ex1-05B.clmp.r1r2_fastp	35.7919	35.6522	35.6987	35.6872	35.7553	35.7754	35.7024	35.7122	35.7044	35.7056	35.7371	35.7121	35.6859	35.6645	35.6573	35.6654	35.6652	35.6366	35.6344	35.6169	35.6107	35.5744	35.5509	35.5291	35.4883	35.4754	35.4404	35.4084	35.3989	35.3647	35.3655	35.3247	35.3006	35.2678	35.2492	35.2317	35.2095	35.1784	35.166	35.1395	35.0819	35.0917	35.0301	35.0181	34.962	34.9056	34.9086	34.8917	34.8557	34.8217	34.7943	34.753	34.6656	34.6817	34.6641	34.5993	34.5783	34.5393	34.5119	34.4865	34.4718	34.4263	34.3136	34.3342	34.2965	34.2269	34.2224	34.1431	34.117	34.0762	34.043	34.0223	33.9656	33.917	33.8771	33.7922	33.7649	33.7169	33.7145	33.6898	33.5761	33.5789	33.5123	33.4868	33.4089	33.3483	33.3221	33.2987	33.3024	33.2344	33.1661	33.1492	33.1371	33.1177	33.1071	33.0444	32.9812	32.8949	32.8504	32.8395	32.7411	32.7443	32.7229	32.697	32.6258	32.5436	32.5484	32.5624	32.4485	32.4169	32.369	32.3744	32.2886	32.2989	32.2427	32.2303	32.1647	32.1374	32.0646	32.0535	31.9284	31.9891	31.9981	31.9089	31.862	31.8736	31.7624	31.7982	31.6903	31.6767	31.5362	31.5713	31.5174	31.5769	31.4854	31.4285	31.415	31.3615	31.4172	31.3642	31.3142	31.3059	31.354	31.281	31.2202	31.2772	31.5224	31.8314	32.55	35.3455
Hmi-ABas_018-Ex1-06B.clmp.r1r2_fastp	35.4068	35.2096	35.2909	35.3184	35.4025	35.4338	35.3401	35.3603	35.3337	35.353	35.3949	35.3432	35.3202	35.3035	35.3071	35.3209	35.3064	35.2814	35.2672	35.23	35.2366	35.1734	35.1674	35.1159	35.09	35.0757	35.0246	35.0086	34.9974	34.9486	34.9525	34.9233	34.8762	34.8634	34.833	34.8179	34.8031	34.7562	34.7125	34.7035	34.6773	34.6626	34.6332	34.5856	34.5538	34.4919	34.5172	34.472	34.4529	34.4074	34.3936	34.3173	34.2715	34.2726	34.2383	34.185	34.1798	34.1534	34.0913	34.089	34.0851	34.0086	33.9293	33.9168	33.8917	33.838	33.8487	33.7531	33.7113	33.6951	33.6701	33.6304	33.5887	33.5107	33.4805	33.4581	33.4258	33.3712	33.3807	33.3204	33.2777	33.2753	33.2475	33.1914	33.1907	33.1114	33.0738	33.0297	33.0439	32.9665	32.9333	32.8909	32.8827	32.8566	32.8777	32.7864	32.7132	32.7019	32.6591	32.5896	32.5783	32.5581	32.5262	32.4975	32.4337	32.4046	32.4235	32.4262	32.3076	32.281	32.2285	32.2419	32.1923	32.1971	32.1302	32.1292	32.0207	32.0194	31.9826	31.9433	31.8386	31.9051	31.8636	31.8263	31.8538	31.7269	31.7371	31.7217	31.6658	31.6146	31.5214	31.5757	31.5589	31.5447	31.4936	31.4389	31.4088	31.3757	31.4631	31.4138	31.3913	31.3596	31.3906	31.3639	31.3242	31.3574	31.554	31.8623	32.4858	35.3222
Hmi-ABas_019-Ex1-07B.clmp.r1r2_fastp	35.5094	35.3677	35.4172	35.4245	35.4919	35.5214	35.4384	35.459	35.4141	35.428	35.472	35.4368	35.4059	35.4006	35.3742	35.406	35.3791	35.3683	35.3581	35.3185	35.3059	35.2633	35.2481	35.211	35.176	35.1549	35.1151	35.0875	35.0612	35.0351	35.0215	34.9955	34.9453	34.9224	34.8976	34.8975	34.8576	34.8424	34.7907	34.7842	34.7303	34.7294	34.6861	34.6648	34.6013	34.5515	34.5704	34.5241	34.5007	34.4652	34.4345	34.3667	34.3185	34.2689	34.3051	34.2333	34.1796	34.1288	34.1164	34.0859	34.0873	33.999	33.9217	33.9462	33.918	33.8732	33.8131	33.7496	33.7336	33.7015	33.6639	33.6233	33.5799	33.5406	33.4873	33.4501	33.4251	33.371	33.3406	33.283	33.1995	33.1791	33.1933	33.1572	33.1111	33.0542	33.0126	32.9972	33.0026	32.9448	32.8881	32.865	32.8529	32.8675	32.8441	32.7643	32.7055	32.6951	32.6115	32.5784	32.5264	32.5264	32.5165	32.4623	32.426	32.384	32.3586	32.3862	32.3231	32.2342	32.2239	32.1872	32.1568	32.1282	32.1166	32.0852	32.0437	32.0361	31.9766	31.958	31.879	31.8724	31.8739	31.8397	31.7867	31.7916	31.7569	31.7562	31.6987	31.6001	31.5685	31.5846	31.5261	31.524	31.4708	31.4278	31.4326	31.4056	31.4389	31.452	31.399	31.3468	31.3709	31.352	31.2857	31.3496	31.5285	31.8344	32.4753	35.2983
Hmi-ABas_020-Ex1-08B.clmp.r1r2_fastp	35.606	35.2788	35.3348	35.3338	35.4292	35.4443	35.373	35.3766	35.3616	35.3348	35.4104	35.359	35.3259	35.3251	35.2934	35.3429	35.3237	35.2953	35.2823	35.2623	35.258	35.2136	35.216	35.1619	35.1321	35.1064	35.0688	35.0258	35.019	34.9691	34.9697	34.9677	34.9002	34.9138	34.8862	34.8736	34.8449	34.8156	34.7797	34.7422	34.7234	34.7132	34.6774	34.6419	34.602	34.5462	34.554	34.5061	34.4651	34.4372	34.4424	34.3584	34.296	34.2757	34.2645	34.2172	34.1784	34.146	34.1109	34.0632	34.0827	33.9891	33.9253	33.9221	33.8996	33.8548	33.8119	33.7628	33.7133	33.6663	33.6149	33.6006	33.5627	33.4997	33.463	33.4076	33.3681	33.3014	33.2889	33.2138	33.228	33.1945	33.1577	33.1213	33.052	33.0294	32.9778	32.9658	32.9183	32.8535	32.7946	32.7903	32.8183	32.765	32.7916	32.686	32.622	32.592	32.506	32.4291	32.4474	32.4358	32.4007	32.3948	32.3254	32.3005	32.2974	32.2784	32.1845	32.107	32.1108	32.0806	32.0346	32.0505	32.0213	31.964	31.9732	31.9463	31.8376	31.801	31.7363	31.7338	31.7284	31.7263	31.6365	31.6605	31.6309	31.5523	31.5635	31.4648	31.4002	31.413	31.3949	31.4033	31.3403	31.2475	31.2749	31.2156	31.2481	31.1876	31.1557	31.1468	31.1597	31.1192	31.1503	31.1706	31.3679	31.7045	32.4105	35.2888
Hmi-ABas_021-Ex1-09B.clmp.r1r2_fastp	35.5709	35.3723	35.4436	35.4441	35.5352	35.5288	35.4588	35.491	35.4519	35.4582	35.4948	35.4722	35.4233	35.4071	35.3942	35.3981	35.3832	35.381	35.3604	35.3603	35.2987	35.2884	35.2536	35.2328	35.2008	35.1468	35.1348	35.0936	35.1022	35.0292	35.0437	35.0476	34.9671	34.959	34.9503	34.9454	34.9223	34.8824	34.8309	34.8237	34.783	34.7618	34.723	34.7256	34.6377	34.634	34.6027	34.5914	34.534	34.499	34.526	34.4278	34.3847	34.3616	34.3465	34.3467	34.2815	34.246	34.2163	34.1817	34.1648	34.0705	33.9834	33.9994	33.9698	33.9521	33.8678	33.8307	33.801	33.7709	33.7489	33.696	33.6307	33.6033	33.5507	33.5135	33.4939	33.4026	33.3674	33.3794	33.3163	33.2715	33.2403	33.1918	33.1278	33.1193	33.0596	33.0258	32.9949	32.9733	32.9615	32.9172	32.9038	32.8932	32.8057	32.7999	32.7402	32.6661	32.6327	32.5323	32.5324	32.5365	32.5106	32.4863	32.3446	32.3392	32.3244	32.3022	32.2347	32.2127	32.1604	32.1508	32.1159	32.1103	32.0186	32.0333	31.929	31.9137	31.8813	31.8495	31.7571	31.7153	31.7802	31.7035	31.697	31.714	31.6039	31.5814	31.6182	31.5232	31.3704	31.4713	31.3947	31.4574	31.4017	31.3498	31.3016	31.2806	31.3988	31.3375	31.2545	31.3159	31.2356	31.2573	31.2651	31.3211	31.5067	31.7532	32.5567	35.3152
Hmi-ABas_022-Ex1-10B.clmp.r1r2_fastp	35.5176	35.3724	35.4292	35.4313	35.5203	35.5277	35.4418	35.4707	35.4364	35.4474	35.4917	35.4708	35.44	35.4232	35.417	35.412	35.4035	35.4025	35.3735	35.352	35.3376	35.2988	35.2902	35.2624	35.2134	35.2064	35.1683	35.1508	35.1286	35.0896	35.0826	35.0655	35.0251	34.9897	34.979	34.9594	34.9481	34.8894	34.8594	34.868	34.8293	34.7827	34.7492	34.7392	34.691	34.6092	34.6452	34.6212	34.5673	34.4992	34.5346	34.4622	34.3797	34.3693	34.3795	34.3256	34.2748	34.2313	34.205	34.1814	34.213	34.0881	34.0355	34.0158	34.0018	33.9423	33.9261	33.8646	33.8207	33.7454	33.6956	33.7129	33.6459	33.6222	33.5408	33.5113	33.4915	33.4537	33.3849	33.337	33.2825	33.286	33.2561	33.1789	33.1132	33.0808	33.0323	32.9797	33.0327	32.9536	32.9164	32.8788	32.8983	32.854	32.8562	32.7907	32.7022	32.6903	32.5796	32.5787	32.5309	32.5427	32.4947	32.4348	32.375	32.342	32.3902	32.3965	32.2469	32.1839	32.2222	32.1377	32.1003	32.1204	32.0625	32.0059	31.9807	31.954	31.8749	31.8386	31.7833	31.8267	31.759	31.7133	31.7507	31.644	31.6398	31.6373	31.5481	31.4718	31.3755	31.4393	31.4019	31.3963	31.3762	31.2722	31.2664	31.2325	31.3018	31.3789	31.2114	31.2068	31.217	31.2307	31.1441	31.2326	31.4047	31.6748	32.3905	35.2709
Hmi-ABas_023-Ex1-11B.clmp.r1r2_fastp	35.3991	35.1993	35.2704	35.2735	35.3423	35.3666	35.3097	35.3061	35.273	35.2905	35.3129	35.2815	35.2796	35.2533	35.2378	35.2648	35.2314	35.2378	35.1956	35.174	35.1691	35.1258	35.1127	35.0841	35.0397	35.0321	35.0045	34.9677	34.9656	34.9152	34.9183	34.8834	34.8401	34.8265	34.7878	34.787	34.7658	34.7343	34.6819	34.7046	34.6437	34.629	34.5738	34.5569	34.5112	34.4672	34.4881	34.4224	34.4211	34.3861	34.367	34.3304	34.277	34.2196	34.2379	34.1971	34.1188	34.1063	34.0737	34.0585	34.0487	33.9783	33.9151	33.8847	33.8916	33.8583	33.8138	33.7378	33.7059	33.6966	33.6639	33.6232	33.5897	33.5259	33.478	33.4555	33.4335	33.3401	33.3262	33.2834	33.2469	33.2477	33.2015	33.1725	33.1031	33.0618	33.0427	32.9944	33.0378	32.9337	32.8938	32.8568	32.8837	32.8426	32.8666	32.7522	32.6967	32.6585	32.6198	32.5672	32.5564	32.5613	32.5049	32.5085	32.4088	32.3746	32.3728	32.3843	32.2886	32.2642	32.1963	32.2228	32.1454	32.116	32.1333	32.0536	31.9985	31.985	31.964	31.8851	31.8357	31.8405	31.8012	31.8316	31.7839	31.7601	31.7161	31.6902	31.6718	31.5657	31.4855	31.525	31.4765	31.5513	31.4268	31.3602	31.3389	31.3191	31.333	31.3481	31.2864	31.3097	31.3065	31.2495	31.1948	31.2909	31.463	31.796	32.4338	35.2794
Hmi-ABas_024-Ex1-12B.clmp.r1r2_fastp	35.4136	35.1913	35.2299	35.2627	35.3536	35.3744	35.286	35.3081	35.278	35.2786	35.3491	35.2549	35.2665	35.2584	35.2471	35.2768	35.2635	35.2403	35.2293	35.1867	35.196	35.1142	35.1347	35.0614	35.0714	35.0374	34.9842	34.9589	34.9733	34.9169	34.9049	34.8824	34.8499	34.8233	34.812	34.7793	34.7718	34.7575	34.7336	34.7046	34.6752	34.6679	34.6356	34.6384	34.5633	34.5073	34.5419	34.4965	34.447	34.433	34.4183	34.3591	34.3122	34.289	34.2879	34.271	34.2103	34.1365	34.129	34.1173	34.1291	34.0496	33.9793	33.9855	33.9532	33.9177	33.882	33.8288	33.806	33.7662	33.7359	33.7024	33.6373	33.5976	33.5557	33.5114	33.4973	33.4472	33.4076	33.396	33.313	33.3338	33.2804	33.256	33.1729	33.1492	33.1464	33.1179	33.0984	33.0281	32.999	32.9607	32.9621	32.9375	32.9214	32.8472	32.7728	32.7598	32.6993	32.6685	32.5956	32.619	32.5447	32.5685	32.5165	32.422	32.4758	32.4227	32.3422	32.2344	32.2436	32.2641	32.1904	32.1973	32.1511	32.1544	32.0917	32.0864	31.9758	31.9592	31.8947	31.8971	31.8832	31.8771	31.8602	31.8068	31.6977	31.7451	31.6951	31.6332	31.5361	31.5848	31.5044	31.5721	31.4837	31.3888	31.3722	31.4117	31.3931	31.3614	31.3326	31.3518	31.309	31.3121	31.2442	31.2931	31.5275	31.7271	32.4805	35.3029
Hmi-ABas_026-Ex1-02C.clmp.r1r2_fastp	36.2426	36.2	36.2257	36.2606	36.2763	36.2839	36.263	36.2559	36.2572	36.2739	36.2874	36.2926	36.2907	36.2699	36.2575	36.2772	36.2453	36.2463	36.2384	36.2395	36.2108	36.2264	36.207	36.1923	36.1805	36.167	36.1555	36.1458	36.1402	36.152	36.1285	36.1391	36.1418	36.0981	36.0891	36.0943	36.1173	36.0522	36.0754	36.0597	36.0137	36.0624	36.0544	36.0068	35.9807	35.955	35.98	35.9905	35.9631	35.9446	35.9479	35.9516	35.9221	35.9112	35.9201	35.9305	35.8675	35.8436	35.8473	35.8505	35.8633	35.8588	35.8497	35.8079	35.7777	35.7756	35.7534	35.7735	35.7311	35.7527	35.7581	35.7182	35.7423	35.6978	35.6743	35.6836	35.7065	35.6537	35.6908	35.6013	35.5717	35.6108	35.6015	35.5662	35.5593	35.5824	35.5485	35.5296	35.5706	35.5187	35.5133	35.5341	35.5075	35.4907	35.4908	35.4744	35.4129	35.4544	35.4003	35.3635	35.3612	35.3677	35.3454	35.3429	35.2834	35.3167	35.3169	35.3167	35.2437	35.2798	35.2282	35.2527	35.1556	35.176	35.1526	35.1574	35.1317	35.0577	35.0703	35.0901	35.0847	35.0058	35.0406	35.0006	34.9737	35.0287	34.9458	34.9478	35.0267	34.8871	34.8098	34.8696	34.8483	34.8308	34.7908	34.7081	34.7752	34.6313	34.7584	34.6878	34.7145	34.6303	34.631	34.6549	34.5633	34.4833	34.5772	34.7119	34.9023	36.0123
Hmi-ABas_028-Ex1-04C.clmp.r1r2_fastp	35.6326	35.5482	35.6196	35.6045	35.6835	35.708	35.6519	35.6512	35.626	35.6127	35.6563	35.6382	35.6165	35.6031	35.5927	35.5983	35.5828	35.5654	35.5616	35.534	35.5293	35.4904	35.4727	35.4372	35.3988	35.3799	35.3699	35.3285	35.3244	35.2885	35.2708	35.2572	35.2156	35.1775	35.1474	35.1571	35.1311	35.0965	35.0586	35.0612	34.9933	34.9853	34.9672	34.9381	34.8848	34.8688	34.8683	34.8082	34.7966	34.7515	34.764	34.7033	34.6484	34.6176	34.6305	34.5753	34.529	34.5002	34.4513	34.4578	34.4483	34.3863	34.3234	34.2762	34.276	34.2351	34.1609	34.1527	34.0836	34.0888	34.0291	34.0066	33.9579	33.8858	33.8898	33.8227	33.8032	33.719	33.7476	33.6911	33.6369	33.6389	33.602	33.5617	33.5041	33.4593	33.3988	33.3726	33.3985	33.3044	33.2821	33.2404	33.2391	33.1708	33.1697	33.1267	33.0369	32.9791	32.9546	32.8921	32.8533	32.9024	32.8323	32.8135	32.7402	32.7076	32.7134	32.7083	32.6011	32.562	32.5454	32.5289	32.4675	32.4302	32.417	32.3572	32.3429	32.2991	32.2415	32.1994	32.1308	32.171	32.1	32.0583	32.0402	32.0129	31.943	31.9623	31.896	31.851	31.7414	31.7033	31.7208	31.7347	31.6198	31.6074	31.5479	31.4842	31.537	31.503	31.4641	31.4895	31.4761	31.4746	31.4135	31.497	31.6114	31.8833	32.5811	35.3577
Hmi-ABas_030-Ex1-06C.clmp.r1r2_fastp	35.3524	35.2284	35.3333	35.3512	35.4496	35.4706	35.3853	35.4063	35.3853	35.4038	35.4268	35.4009	35.3703	35.3445	35.3405	35.3685	35.327	35.3431	35.3031	35.2768	35.259	35.2145	35.2003	35.1405	35.1361	35.1069	35.0592	35.041	35.0146	34.987	34.9828	34.9333	34.9091	34.866	34.8513	34.8343	34.807	34.7807	34.7388	34.7302	34.6683	34.6684	34.625	34.6188	34.5668	34.4945	34.5213	34.4955	34.4533	34.4098	34.4049	34.3617	34.293	34.2537	34.2507	34.1893	34.1527	34.1343	34.0881	34.0543	34.0473	33.9352	33.9028	33.9081	33.856	33.8124	33.798	33.7201	33.7002	33.6586	33.6564	33.5884	33.5242	33.4566	33.4215	33.3933	33.3779	33.2915	33.2974	33.2426	33.2028	33.1535	33.1653	33.0932	33.0563	32.9941	32.9741	32.938	32.9648	32.8852	32.8616	32.7996	32.8345	32.7706	32.8034	32.6902	32.6546	32.5904	32.5458	32.4886	32.4589	32.4569	32.4345	32.3967	32.3475	32.2753	32.3221	32.3551	32.2175	32.143	32.1457	32.0699	32.0465	32.0371	32.0278	32.0278	31.9311	31.8767	31.8662	31.8196	31.7652	31.7695	31.7129	31.7078	31.6696	31.6421	31.6005	31.6077	31.6039	31.5004	31.3994	31.3912	31.4393	31.3988	31.3962	31.2939	31.3154	31.2587	31.2763	31.304	31.2696	31.3047	31.2456	31.2304	31.2025	31.2684	31.4133	31.7399	32.4579	35.2796
Hmi-ABas_031-Ex1-07C.clmp.r1r2_fastp	35.4948	35.3919	35.4406	35.4663	35.5409	35.5675	35.4887	35.4934	35.4666	35.4734	35.5174	35.466	35.4615	35.4299	35.4142	35.4581	35.4223	35.4342	35.3944	35.3589	35.3522	35.3115	35.2964	35.2411	35.2184	35.1967	35.1556	35.128	35.1063	35.0703	35.0685	35.0339	34.9954	34.9826	34.9524	34.9398	34.9223	34.8715	34.8376	34.8119	34.776	34.7685	34.7275	34.7109	34.6646	34.6124	34.6217	34.5794	34.5474	34.518	34.5121	34.4393	34.3761	34.3447	34.3504	34.2834	34.2491	34.2027	34.184	34.1517	34.1508	34.0573	33.9981	33.9888	33.9584	33.9004	33.8717	33.8323	33.7781	33.7409	33.7267	33.6661	33.6143	33.5564	33.5171	33.4927	33.4464	33.4243	33.3935	33.3594	33.2909	33.2703	33.2453	33.173	33.135	33.113	33.0667	33.0054	32.9901	32.965	32.8994	32.8556	32.8917	32.8407	32.8548	32.7489	32.7263	32.694	32.5979	32.5484	32.5286	32.5118	32.4548	32.4794	32.4347	32.3694	32.3628	32.3711	32.2434	32.1577	32.1814	32.155	32.1194	32.089	32.0961	32.0341	31.9865	31.9485	31.9161	31.8405	31.7563	31.8331	31.7925	31.7581	31.7181	31.6741	31.6743	31.6207	31.5998	31.503	31.3929	31.4368	31.3845	31.3998	31.3269	31.333	31.2858	31.263	31.2986	31.2392	31.2622	31.2248	31.2171	31.2053	31.1502	31.2195	31.3973	31.7289	32.3872	35.2644
Hmi-ABas_032-Ex1-08C.clmp.r1r2_fastp	35.5793	35.4816	35.5356	35.5518	35.5938	35.6268	35.5474	35.5624	35.5429	35.5234	35.581	35.5247	35.5252	35.5041	35.483	35.5227	35.476	35.4558	35.4476	35.4177	35.4228	35.365	35.3559	35.3127	35.2697	35.2478	35.2342	35.1812	35.1662	35.1365	35.1304	35.1021	35.0555	35.0387	35.0315	35.0197	34.9866	34.9568	34.9422	34.9245	34.8773	34.8483	34.8153	34.7989	34.732	34.7025	34.7089	34.6737	34.6274	34.6043	34.6192	34.5567	34.4789	34.4798	34.47	34.393	34.374	34.3595	34.3136	34.2774	34.265	34.2166	34.1583	34.1072	34.1141	34.0346	34.0109	33.944	33.9452	33.8957	33.8782	33.8635	33.7797	33.722	33.7132	33.6644	33.5843	33.5874	33.5321	33.5227	33.4501	33.4189	33.4328	33.3901	33.3166	33.2462	33.1887	33.1779	33.1539	33.0721	33.0658	33.0605	33.0382	32.9559	32.9376	32.9102	32.8274	32.8188	32.7	32.6905	32.6735	32.6634	32.6536	32.608	32.5023	32.4874	32.4882	32.485	32.3266	32.2978	32.2603	32.246	32.203	32.2003	32.1746	32.1079	32.0177	32.0626	31.9535	31.9508	31.8609	31.8655	31.8274	31.7711	31.7216	31.6494	31.608	31.6415	31.5798	31.5247	31.3548	31.4634	31.3924	31.417	31.3164	31.284	31.2954	31.2491	31.2651	31.2968	31.2425	31.2148	31.2659	31.1368	31.1801	31.2709	31.4848	31.7747	32.4799	35.3324
Hmi-ABas_033-Ex1-09C.clmp.r1r2_fastp	35.4581	35.3216	35.4022	35.4013	35.4891	35.4831	35.42	35.4515	35.4135	35.4168	35.4316	35.4131	35.3993	35.3641	35.3619	35.3757	35.3682	35.3434	35.3199	35.3341	35.2861	35.277	35.2456	35.2287	35.165	35.1448	35.104	35.0703	35.0677	35.0262	35.008	34.995	34.9562	34.9289	34.9244	34.9043	34.8976	34.8681	34.8406	34.8423	34.7703	34.7758	34.7265	34.6985	34.6589	34.6158	34.6418	34.5977	34.5319	34.5227	34.5174	34.4705	34.3982	34.4124	34.3855	34.3309	34.2881	34.2849	34.2219	34.1991	34.2097	34.1159	34.064	34.0512	34.0247	33.9921	33.9651	33.8977	33.8727	33.8367	33.7982	33.7581	33.7141	33.6649	33.6044	33.5936	33.5533	33.5075	33.4864	33.4548	33.4001	33.3709	33.3413	33.3241	33.2587	33.2078	33.1532	33.1495	33.1427	33.0686	33.032	33.0099	32.9752	32.9797	32.9564	32.8879	32.8059	32.77	32.7157	32.6615	32.6204	32.643	32.5861	32.5448	32.4715	32.4336	32.4461	32.4178	32.3606	32.2409	32.2362	32.2131	32.2027	32.1709	32.1234	32.0871	32.0036	31.9901	31.9564	31.8926	31.8647	31.894	31.8389	31.7948	31.7494	31.6974	31.6952	31.6531	31.6161	31.527	31.4176	31.4852	31.4565	31.4337	31.3361	31.2348	31.2912	31.2445	31.2848	31.2521	31.144	31.1776	31.1768	31.0585	31.0348	31.1099	31.2858	31.616	32.3336	35.2624
Hmi-ABas_034-Ex1-10C.clmp.r1r2_fastp	35.2774	35.1685	35.2185	35.249	35.3278	35.378	35.2908	35.2997	35.2623	35.2602	35.3324	35.2603	35.2579	35.2654	35.2323	35.2805	35.2335	35.2325	35.1832	35.1722	35.1909	35.1402	35.1315	35.0813	35.0539	35.0414	34.9951	34.9761	34.9347	34.9345	34.9199	34.9008	34.8714	34.8408	34.8184	34.809	34.7958	34.7579	34.739	34.7337	34.715	34.6927	34.634	34.6439	34.5838	34.5409	34.5642	34.5277	34.4763	34.4737	34.4838	34.4295	34.3665	34.3381	34.3322	34.2809	34.2362	34.2229	34.1759	34.172	34.177	34.1216	34.027	34.011	34.005	33.971	33.9417	33.8936	33.8498	33.7986	33.7906	33.7605	33.7285	33.6654	33.6355	33.6066	33.5527	33.5112	33.5165	33.4414	33.4337	33.3919	33.3767	33.3508	33.272	33.2542	33.2024	33.1934	33.1819	33.115	33.0795	33.0512	33.0699	33.0226	33.0309	32.9467	32.8488	32.8543	32.8052	32.7191	32.6965	32.7175	32.6677	32.6509	32.5932	32.5763	32.5652	32.5639	32.4643	32.4085	32.3808	32.3151	32.3218	32.314	32.2708	32.226	32.1765	32.1633	32.1141	32.064	32.0141	32.0419	31.9817	31.957	31.9185	31.947	31.8676	31.8505	31.8114	31.7069	31.6004	31.6538	31.6302	31.6915	31.5555	31.5147	31.4566	31.5147	31.5286	31.4888	31.3902	31.4123	31.4074	31.3762	31.3802	31.4225	31.5482	31.8398	32.503	35.3043
Hmi-ABas_036-Ex1-12C.clmp.r1r2_fastp	35.4149	35.2377	35.2698	35.3007	35.3551	35.4062	35.319	35.3194	35.2837	35.2867	35.3603	35.2583	35.2888	35.2811	35.2702	35.3237	35.2751	35.2894	35.2531	35.2158	35.2121	35.1438	35.1623	35.073	35.086	35.0798	35.0069	34.9906	34.971	34.918	34.9303	34.915	34.8791	34.8492	34.8428	34.8425	34.8185	34.7883	34.7719	34.7667	34.7005	34.7078	34.684	34.6675	34.6129	34.546	34.5862	34.545	34.5034	34.4925	34.4744	34.4262	34.3878	34.3717	34.3695	34.2987	34.2843	34.273	34.2269	34.1858	34.2118	34.1368	34.0456	34.065	34.0335	34.0055	33.9616	33.911	33.8656	33.8729	33.8403	33.8078	33.7347	33.6733	33.654	33.6186	33.5802	33.5206	33.4993	33.4769	33.4233	33.399	33.3747	33.3448	33.2933	33.2592	33.2127	33.1962	33.1638	33.1176	33.0313	33.0405	33.0197	33.0069	32.967	32.9206	32.8556	32.8533	32.7568	32.7176	32.6888	32.7101	32.6158	32.6181	32.5412	32.5125	32.5053	32.5175	32.4158	32.339	32.3166	32.3412	32.2571	32.2448	32.2048	32.152	32.116	32.0795	32.0375	31.9968	31.9323	31.8924	31.9049	31.881	31.7895	31.7912	31.7116	31.7646	31.6843	31.6252	31.491	31.5279	31.4908	31.4958	31.4076	31.3295	31.317	31.329	31.367	31.2974	31.2369	31.2748	31.2582	31.1766	31.1592	31.259	31.451	31.7096	32.451	35.3032
Hmi-ABas_037-Ex1-01D.clmp.r1r2_fastp	35.4634	35.3102	35.3769	35.3728	35.4648	35.4876	35.4212	35.4179	35.3881	35.3873	35.4268	35.3925	35.3707	35.3483	35.3568	35.3676	35.3415	35.3393	35.309	35.3136	35.2819	35.2526	35.2326	35.2146	35.1697	35.1625	35.1212	35.0942	35.0771	35.0503	35.042	35.0112	34.9718	34.9525	34.9313	34.9036	34.8959	34.9046	34.8451	34.84	34.7821	34.7859	34.7436	34.7356	34.6589	34.6128	34.6336	34.5945	34.5735	34.5341	34.5476	34.4793	34.4192	34.407	34.3898	34.3505	34.3157	34.2842	34.2447	34.2174	34.243	34.1831	34.1058	34.1067	34.0735	34.0319	33.9891	33.94	33.9022	33.8818	33.8515	33.7813	33.7968	33.718	33.7024	33.6296	33.6136	33.5324	33.5572	33.5216	33.4675	33.4315	33.4205	33.3666	33.3182	33.266	33.2119	33.1906	33.2026	33.0986	33.0695	33.0301	33.0357	33.0126	33.0145	32.9252	32.8472	32.8111	32.7577	32.7298	32.6705	32.6689	32.6142	32.5944	32.5166	32.4672	32.5138	32.5005	32.4014	32.3306	32.2913	32.2974	32.2754	32.2118	32.1712	32.1372	32.0722	32.0614	32.0053	31.9625	31.9107	31.8665	31.8622	31.7984	31.8084	31.778	31.6804	31.7418	31.6506	31.5828	31.4739	31.4839	31.4762	31.4497	31.3741	31.3368	31.3161	31.2686	31.3231	31.2434	31.2266	31.1721	31.1948	31.1588	31.165	31.1795	31.3825	31.6478	32.3955	35.2997
Hmi-ABas_038-Ex1-02D.clmp.r1r2_fastp	35.4854	35.3615	35.4552	35.4359	35.5261	35.5388	35.4743	35.4816	35.4527	35.473	35.5029	35.4657	35.4517	35.4179	35.4256	35.4196	35.4234	35.3891	35.3886	35.375	35.3488	35.3232	35.2957	35.2697	35.2327	35.2169	35.1837	35.1318	35.1351	35.0814	35.0918	35.0639	35.0405	35.004	34.9997	34.9642	34.9432	34.9061	34.8865	34.8729	34.8168	34.8094	34.7836	34.7455	34.6726	34.6315	34.6608	34.6062	34.5758	34.5658	34.5469	34.4945	34.4262	34.3974	34.4178	34.3328	34.3383	34.2914	34.2612	34.2346	34.2327	34.1476	34.0779	34.0654	34.0581	34.01	34.0021	33.9218	33.8744	33.8596	33.8033	33.7923	33.7204	33.6707	33.6509	33.6021	33.5776	33.5143	33.4947	33.4548	33.3993	33.3714	33.3311	33.327	33.2483	33.1986	33.1993	33.1382	33.1483	33.0688	32.9847	32.9804	32.9821	32.9612	32.9628	32.8918	32.7986	32.7702	32.6868	32.6677	32.627	32.6848	32.5561	32.5806	32.5055	32.4731	32.4502	32.4606	32.3553	32.3062	32.2638	32.2795	32.1978	32.1937	32.2094	32.144	32.0984	32.0576	32.0005	31.9746	31.898	31.9084	31.8607	31.8438	31.8236	31.8166	31.7331	31.6692	31.6732	31.6001	31.4831	31.5232	31.5234	31.5365	31.467	31.3386	31.3783	31.3871	31.344	31.3634	31.3012	31.3009	31.2823	31.238	31.1621	31.3006	31.4386	31.7386	32.4529	35.2979
Hmi-ABas_039-Ex1-03D.clmp.r1r2_fastp	35.4229	35.3252	35.4212	35.3929	35.4758	35.4958	35.4393	35.4378	35.4092	35.4242	35.4497	35.4246	35.4061	35.3719	35.3698	35.3881	35.3733	35.3549	35.3536	35.3406	35.308	35.283	35.2627	35.2336	35.1839	35.1711	35.1487	35.11	35.1056	35.0709	35.0775	35.0317	34.9911	34.967	34.9488	34.9464	34.9277	34.8826	34.8377	34.8342	34.7728	34.7577	34.7338	34.7226	34.662	34.6155	34.6323	34.5973	34.559	34.5076	34.5209	34.493	34.4012	34.3905	34.394	34.3241	34.2836	34.2507	34.2414	34.2197	34.227	34.1457	34.0542	34.0744	34.0322	34.008	33.973	33.9218	33.8688	33.8242	33.8058	33.7738	33.7373	33.6628	33.6418	33.6074	33.5522	33.4761	33.4896	33.4221	33.3711	33.3738	33.3146	33.3051	33.2426	33.2015	33.1506	33.1318	33.1523	33.0615	33.0185	33.0272	33.0274	33.0003	33.0025	32.9199	32.8424	32.8079	32.7376	32.6742	32.6738	32.6503	32.5855	32.5971	32.5223	32.4859	32.5057	32.4793	32.4067	32.3377	32.3359	32.3102	32.2628	32.2131	32.1937	32.2089	32.1528	32.0789	32.0786	31.9927	31.9398	31.9449	31.9311	31.8849	31.8324	31.8619	31.802	31.7893	31.74	31.6832	31.5645	31.6071	31.5458	31.6209	31.4637	31.4368	31.4019	31.3819	31.421	31.4303	31.3764	31.3279	31.3404	31.284	31.2165	31.2906	31.4491	31.7701	32.4639	35.3132
Hmi-ABas_040-Ex1-04D.clmp.r1r2_fastp	35.6671	35.5916	35.6509	35.6236	35.7111	35.7308	35.6738	35.6888	35.6455	35.6462	35.668	35.6643	35.6433	35.6143	35.6137	35.6121	35.6085	35.5831	35.5924	35.5649	35.5403	35.5138	35.4858	35.4575	35.4295	35.4053	35.3793	35.3411	35.3363	35.2947	35.275	35.2699	35.2169	35.2132	35.1828	35.1642	35.1573	35.1111	35.0725	35.0768	35.0189	35.0181	34.9641	34.932	34.8882	34.8317	34.854	34.7983	34.764	34.7463	34.7511	34.6643	34.6211	34.5987	34.5707	34.5437	34.4977	34.4739	34.4335	34.4252	34.3792	34.3236	34.2568	34.2366	34.2066	34.1906	34.1345	34.0865	34.0353	34.0025	33.974	33.9562	33.9174	33.8207	33.784	33.7667	33.7017	33.646	33.6401	33.595	33.5057	33.505	33.485	33.4584	33.3905	33.3452	33.2833	33.2362	33.2087	33.1608	33.1321	33.1002	33.1015	33.0455	33.0561	32.9748	32.8637	32.8436	32.7642	32.7207	32.6763	32.6856	32.6472	32.6579	32.5655	32.5205	32.5095	32.5171	32.3678	32.3183	32.2752	32.2559	32.2291	32.2204	32.1648	32.1164	32.0359	32.0628	31.9916	31.9685	31.8305	31.8801	31.8316	31.8012	31.7693	31.7955	31.6786	31.6907	31.5856	31.5429	31.4341	31.4866	31.4186	31.4464	31.3404	31.3015	31.2479	31.2615	31.2385	31.3007	31.1882	31.1964	31.1643	31.1484	31.0969	31.1888	31.3719	31.6945	32.4186	35.3224
Hmi-ABas_041-Ex1-05D.clmp.r1r2_fastp	35.6688	35.5662	35.606	35.5976	35.6879	35.6979	35.6243	35.6432	35.6056	35.6164	35.6628	35.6234	35.5993	35.5677	35.5788	35.5768	35.5632	35.5516	35.5291	35.517	35.5048	35.4627	35.4393	35.4048	35.3679	35.3592	35.3161	35.2969	35.2729	35.2395	35.2434	35.2175	35.1653	35.1291	35.0933	35.0931	35.0656	35.03	34.9995	34.9797	34.9224	34.9204	34.8721	34.8842	34.8108	34.7675	34.7763	34.7551	34.6914	34.66	34.644	34.5792	34.5249	34.508	34.5091	34.4436	34.4335	34.3783	34.371	34.3192	34.3282	34.2537	34.1876	34.1737	34.1291	34.0798	34.0764	33.9973	33.9563	33.9227	33.8981	33.8683	33.8027	33.7526	33.7302	33.6627	33.6234	33.6029	33.5876	33.5243	33.4814	33.4739	33.4347	33.4156	33.3533	33.2685	33.2417	33.2523	33.2374	33.1488	33.1184	33.1075	33.1089	33.0865	33.0738	32.9992	32.9176	32.875	32.866	32.8214	32.7571	32.7652	32.744	32.6608	32.6561	32.5953	32.6381	32.6247	32.5315	32.4799	32.4438	32.4378	32.4009	32.3624	32.3252	32.299	32.2456	32.2288	32.2046	32.1408	32.0586	32.1083	32.1101	32.0425	32.0332	32.0238	31.9693	31.9945	31.9301	31.8496	31.7332	31.7941	31.7556	31.7521	31.6996	31.6548	31.6299	31.6324	31.6196	31.6854	31.6192	31.5762	31.6202	31.5842	31.5628	31.6315	31.7832	32.0359	32.7091	35.3801
Hmi-ABas_042-Ex1-06D.clmp.r1r2_fastp	35.4307	35.3025	35.3719	35.3983	35.4867	35.5059	35.4308	35.4462	35.4216	35.4328	35.4792	35.4473	35.4291	35.3965	35.4026	35.4077	35.3859	35.3767	35.3672	35.3475	35.3261	35.3058	35.2753	35.2383	35.2061	35.1856	35.1476	35.1343	35.114	35.0863	35.0724	35.0348	34.9967	34.9734	34.9845	34.9579	34.9464	34.8804	34.8746	34.8694	34.8223	34.8192	34.7698	34.779	34.7124	34.6608	34.6706	34.6446	34.6187	34.5844	34.588	34.5391	34.4635	34.4525	34.4412	34.423	34.3616	34.2899	34.283	34.2715	34.3012	34.235	34.1456	34.1432	34.1165	34.0963	34.0484	34.0064	33.9582	33.9798	33.9221	33.8887	33.841	33.7887	33.7596	33.6928	33.6998	33.633	33.6187	33.5934	33.5231	33.508	33.4961	33.4899	33.4006	33.3644	33.342	33.3269	33.2909	33.2397	33.2067	33.2012	33.1911	33.1439	33.1798	33.1048	33.0175	32.9958	32.9137	32.9113	32.8571	32.864	32.8206	32.8321	32.7672	32.7257	32.7398	32.7985	32.6057	32.5724	32.5707	32.5682	32.5165	32.4861	32.4645	32.4268	32.3481	32.3578	32.2995	32.3089	32.2536	32.235	32.2341	32.1947	32.1814	32.1494	32.0902	32.0556	32.0859	31.985	31.874	31.9423	31.926	31.9124	31.8158	31.7275	31.7742	31.7611	31.7866	31.7522	31.7	31.6981	31.6845	31.6376	31.5997	31.6559	31.8461	32.117	32.8271	35.4011
Hmi-ABas_043-Ex1-07D.clmp.r1r2_fastp	35.5823	35.486	35.5408	35.5321	35.6188	35.6418	35.5734	35.5837	35.543	35.5622	35.5804	35.5609	35.531	35.4959	35.4884	35.5017	35.4948	35.4771	35.4688	35.4411	35.4382	35.4028	35.3802	35.3503	35.3235	35.2906	35.2706	35.2355	35.2227	35.1786	35.1871	35.1591	35.1112	35.0885	35.0683	35.0482	35.0259	34.9843	34.9594	34.9489	34.9019	34.8973	34.8545	34.8361	34.7914	34.7472	34.7557	34.7142	34.664	34.6482	34.6365	34.5905	34.5182	34.4899	34.4881	34.4343	34.4017	34.3926	34.3478	34.3323	34.3261	34.2408	34.198	34.182	34.1563	34.0991	34.0779	34.0301	33.9841	33.9404	33.924	33.8839	33.8623	33.7899	33.7825	33.7241	33.7044	33.6345	33.6256	33.6028	33.5547	33.5314	33.505	33.4567	33.4134	33.3383	33.3366	33.2874	33.2945	33.2103	33.1868	33.1561	33.1535	33.1335	33.1001	33.0407	32.9436	32.921	32.8507	32.8107	32.7582	32.7708	32.7371	32.7232	32.6529	32.6068	32.5756	32.5712	32.5005	32.451	32.4278	32.3649	32.3736	32.3038	32.2793	32.2371	32.1671	32.1567	32.1317	32.05	32.0039	32.0057	31.9797	31.9162	31.8902	31.8645	31.8012	31.792	31.7418	31.629	31.481	31.5432	31.5506	31.5665	31.4848	31.3721	31.3938	31.3535	31.3769	31.3239	31.2691	31.2722	31.274	31.2125	31.2068	31.2301	31.4388	31.7106	32.4647	35.3088
Hmi-ABas_044-Ex1-08D.clmp.r1r2_fastp	35.7607	35.6639	35.7154	35.6871	35.762	35.8021	35.7115	35.7292	35.6941	35.7164	35.7512	35.7413	35.7127	35.6718	35.6782	35.6617	35.6845	35.6527	35.6485	35.6316	35.6306	35.5706	35.5462	35.5389	35.498	35.5106	35.473	35.4071	35.4074	35.3643	35.3848	35.3518	35.2887	35.3109	35.2869	35.2715	35.1995	35.2324	35.1946	35.1406	35.1319	35.1129	35.0563	35.0288	34.9652	34.9176	34.9456	34.9222	34.8894	34.8653	34.817	34.7977	34.7282	34.6618	34.678	34.6296	34.605	34.599	34.5121	34.4692	34.5021	34.4259	34.3835	34.3346	34.2602	34.2243	34.2419	34.1752	34.1633	34.099	34.1052	34.0266	33.9873	33.9638	33.9087	33.8586	33.8461	33.8161	33.8743	33.702	33.7069	33.6337	33.6238	33.5621	33.5216	33.4726	33.4001	33.4349	33.3712	33.312	33.2787	33.296	33.2814	33.2535	33.1678	33.1414	33.0782	33.0515	32.9399	32.9267	32.7923	32.9247	32.843	32.7805	32.6865	32.6889	32.5746	32.6687	32.5495	32.5333	32.4611	32.5016	32.3356	32.3207	32.2916	32.339	32.1745	32.19	32.1935	32.082	32.0845	32.0213	31.9924	32.015	31.977	31.9306	31.8687	31.9146	31.8369	31.739	31.6833	31.6294	31.7921	31.6543	31.615	31.5358	31.4858	31.4557	31.5058	31.5004	31.4418	31.4332	31.3894	31.4659	31.414	31.3824	31.7369	31.8671	32.6887	35.3814
Hmi-ABas_045-Ex1-09D.clmp.r1r2_fastp	35.5323	35.4481	35.4842	35.48	35.5568	35.5646	35.5133	35.5331	35.483	35.4958	35.5318	35.5071	35.4746	35.4411	35.4338	35.4468	35.4216	35.4055	35.3948	35.3734	35.365	35.3284	35.2989	35.2706	35.242	35.1943	35.1679	35.1357	35.1142	35.0598	35.0645	35.0247	34.9931	34.9712	34.9471	34.9368	34.9182	34.8791	34.816	34.8138	34.7529	34.7476	34.7042	34.7062	34.6456	34.5762	34.5981	34.5602	34.5316	34.4869	34.4873	34.3952	34.3706	34.3226	34.3166	34.3034	34.2684	34.2202	34.1686	34.1378	34.1479	34.0598	33.9567	33.9912	33.9425	33.8989	33.8561	33.7652	33.7502	33.7508	33.6877	33.64	33.6041	33.5399	33.4889	33.4656	33.4265	33.3439	33.3906	33.2858	33.2842	33.2567	33.1989	33.1702	33.1109	33.0529	33.0383	32.9707	33.0046	32.9095	32.8726	32.8131	32.8391	32.8233	32.8477	32.7458	32.6952	32.6297	32.5644	32.5156	32.4821	32.481	32.4437	32.4272	32.3523	32.3107	32.3225	32.3	32.2579	32.1714	32.1553	32.15	32.1159	32.1153	32.0869	32.0329	31.9518	31.9303	31.9055	31.7791	31.7925	31.804	31.7695	31.7205	31.7218	31.7063	31.5984	31.5873	31.5516	31.5108	31.4084	31.4433	31.3902	31.4177	31.3357	31.3087	31.2011	31.2179	31.285	31.2865	31.2555	31.2033	31.2082	31.2461	31.1641	31.2648	31.409	31.666	32.4111	35.2822
Hmi-ABas_046-Ex1-10D.clmp.r1r2_fastp	35.4047	35.2401	35.2977	35.3091	35.397	35.4281	35.3503	35.3605	35.3107	35.3422	35.3806	35.3295	35.3266	35.3065	35.3034	35.3176	35.3151	35.2936	35.2794	35.2516	35.2464	35.1993	35.2041	35.15	35.1421	35.1112	35.0864	35.0375	35.0387	35.0119	34.9914	34.9787	34.9325	34.9113	34.8944	34.8868	34.8589	34.8374	34.8263	34.7798	34.7303	34.7315	34.7097	34.7089	34.6624	34.5908	34.6519	34.5807	34.541	34.5352	34.5164	34.4674	34.4127	34.4113	34.4226	34.348	34.3269	34.2643	34.2542	34.2252	34.2565	34.1581	34.0902	34.0968	34.0611	34.0175	34.0016	33.9375	33.9471	33.909	33.8647	33.817	33.7883	33.7231	33.7137	33.6486	33.6187	33.5605	33.5577	33.4983	33.4707	33.4487	33.4224	33.3882	33.3458	33.2737	33.2772	33.1817	33.2537	33.1645	33.1294	33.0666	33.0864	33.0447	33.0679	32.9713	32.9368	32.8645	32.8113	32.7628	32.7407	32.7287	32.6587	32.6719	32.5883	32.5318	32.5755	32.5747	32.4582	32.3949	32.404	32.3631	32.333	32.3279	32.2982	32.2465	32.1612	32.1775	32.11	32.0717	32.0204	31.9963	32.0004	31.9061	31.8855	31.8849	31.8058	31.8213	31.7643	31.6678	31.5503	31.6213	31.5392	31.5665	31.4854	31.4143	31.4323	31.4228	31.4218	31.3297	31.3272	31.3095	31.2544	31.2661	31.2396	31.2192	31.4437	31.7235	32.445	35.3037
Hmi-ABas_047-Ex1-11D.clmp.r1r2_fastp	35.4186	35.2629	35.3192	35.337	35.3876	35.4268	35.3501	35.3442	35.2931	35.3021	35.3598	35.307	35.3007	35.2931	35.2818	35.3104	35.2839	35.2787	35.2437	35.2199	35.2043	35.1583	35.1564	35.1223	35.1031	35.0784	35.0316	35.0128	35.002	34.9673	34.9489	34.9396	34.8958	34.9044	34.8684	34.8796	34.8511	34.8239	34.7756	34.7855	34.7239	34.7499	34.6745	34.6868	34.6352	34.5932	34.6148	34.6025	34.5186	34.4989	34.5127	34.4533	34.396	34.3669	34.3821	34.3303	34.3057	34.2656	34.2375	34.2118	34.2089	34.124	34.0529	34.051	34.0406	33.9903	33.9788	33.9145	33.8763	33.8775	33.8291	33.7869	33.7503	33.6825	33.6425	33.6303	33.5854	33.5383	33.563	33.4905	33.4353	33.4238	33.4016	33.3558	33.28	33.2313	33.1953	33.1515	33.191	33.1473	33.0844	33.01	33.0574	33.0328	33.0209	32.9064	32.87	32.8023	32.7403	32.7238	32.6821	32.6584	32.6754	32.6368	32.6065	32.5067	32.56	32.5258	32.4272	32.3745	32.3272	32.333	32.232	32.2579	32.2061	32.1752	32.0771	32.1005	32.0476	31.9753	31.9325	31.9521	31.9001	31.8707	31.8358	31.7834	31.7873	31.703	31.7089	31.6422	31.5472	31.5302	31.5129	31.4951	31.4051	31.3722	31.3159	31.2941	31.3394	31.3224	31.2926	31.2605	31.2816	31.249	31.211	31.2391	31.4014	31.7323	32.4857	35.307
Hmi-AMac_001-Ex1-12D.clmp.r1r2_fastp	35.5098	35.3678	35.4123	35.423	35.5022	35.522	35.4531	35.4434	35.434	35.4212	35.4682	35.4034	35.3917	35.3965	35.3795	35.4049	35.3775	35.3697	35.3373	35.3236	35.3162	35.2532	35.2536	35.2077	35.1877	35.171	35.1208	35.1006	35.0994	35.03	35.0579	35.0213	34.98	34.9464	34.9331	34.9064	34.9073	34.859	34.8406	34.8413	34.784	34.7785	34.7379	34.743	34.6829	34.6079	34.6451	34.6184	34.5667	34.5443	34.542	34.5158	34.416	34.4062	34.4294	34.3539	34.3144	34.2917	34.2592	34.2273	34.2342	34.1597	34.0689	34.0611	34.025	34.0156	33.9331	33.9198	33.8585	33.8585	33.8162	33.7661	33.7304	33.6671	33.6306	33.6127	33.564	33.4855	33.4804	33.4245	33.3522	33.3586	33.3218	33.2747	33.2123	33.1636	33.1011	33.1219	33.1191	33.05	32.9976	32.9305	32.9626	32.9207	32.9152	32.8542	32.7499	32.7027	32.638	32.6293	32.5958	32.5277	32.5464	32.4917	32.4725	32.4299	32.4127	32.4358	32.2957	32.24	32.1676	32.2171	32.1542	32.1051	32.0775	32.0603	31.996	31.9622	31.9215	31.8449	31.8	31.7829	31.7813	31.7294	31.6386	31.646	31.5796	31.5985	31.5139	31.4784	31.3555	31.3415	31.313	31.3596	31.3006	31.2363	31.2316	31.226	31.225	31.1743	31.1415	31.125	31.1284	31.0963	31.0459	31.1532	31.3265	31.6336	32.3316	35.276
Hmi-AMac_002-Ex1-01G.clmp.r1r2_fastp	35.5492	35.35	35.4272	35.435	35.513	35.5358	35.4588	35.4841	35.4572	35.446	35.4865	35.4685	35.4355	35.41	35.4139	35.4293	35.4024	35.404	35.389	35.3506	35.3671	35.3023	35.2938	35.2501	35.2308	35.2021	35.1748	35.1501	35.1233	35.1059	35.0857	35.0584	35.0445	35.0003	34.9922	34.9712	34.9702	34.9124	34.878	34.8906	34.8557	34.8177	34.806	34.7709	34.7276	34.6682	34.7126	34.6591	34.6225	34.5652	34.5476	34.5154	34.4616	34.4257	34.4386	34.3808	34.3187	34.2912	34.2346	34.2149	34.2221	34.1624	34.0818	34.0654	34.0526	33.9918	33.976	33.9146	33.8727	33.8383	33.8232	33.7296	33.7259	33.6501	33.6475	33.596	33.5288	33.4876	33.4982	33.4409	33.3805	33.3712	33.3585	33.2947	33.2416	33.1905	33.1476	33.1207	33.1195	33.0538	33.0188	32.9567	32.9833	32.9274	32.9199	32.8303	32.7888	32.7526	32.6771	32.6534	32.554	32.5479	32.5359	32.5333	32.4524	32.4061	32.3916	32.4205	32.3035	32.2117	32.2085	32.1839	32.1125	32.0952	32.0685	32.0247	31.9253	31.8951	31.8835	31.8291	31.8645	31.826	31.7984	31.7399	31.7116	31.6538	31.5956	31.6237	31.5546	31.4594	31.3183	31.3605	31.2905	31.3092	31.1794	31.0882	31.1289	31.0935	31.1194	31.1626	31.0657	31.0288	31.0055	31.0697	31.0456	31.0438	31.2246	31.5631	32.338	35.2478
Hmi-AMac_003-Ex1-02G.clmp.r1r2_fastp	35.4829	35.3625	35.4638	35.4309	35.5201	35.5354	35.4683	35.4673	35.4367	35.4692	35.4872	35.4674	35.4289	35.4158	35.3999	35.4083	35.3896	35.3502	35.3464	35.3379	35.3292	35.289	35.2594	35.2345	35.2008	35.167	35.112	35.0787	35.0685	35.0341	35.015	34.9899	34.9424	34.9089	34.8765	34.8757	34.8341	34.8035	34.7435	34.7144	34.7022	34.6729	34.6162	34.6159	34.5325	34.4842	34.4817	34.4276	34.3667	34.3662	34.3183	34.2893	34.2171	34.1798	34.1763	34.1224	34.0792	34.0231	33.9765	33.9318	33.9811	33.8661	33.774	33.7686	33.7434	33.7042	33.6633	33.6372	33.5601	33.5085	33.466	33.4751	33.3905	33.3556	33.2824	33.239	33.2232	33.1517	33.1369	33.0672	33.0117	32.9893	32.9532	32.9356	32.8381	32.8298	32.7883	32.7282	32.7542	32.6592	32.6385	32.5577	32.5631	32.5724	32.5728	32.464	32.4206	32.3538	32.3039	32.2183	32.182	32.1969	32.1731	32.1546	32.0704	32.0112	32.0265	32.0476	31.9626	31.8599	31.8068	31.7969	31.7423	31.7687	31.7175	31.7014	31.6267	31.6243	31.5427	31.5107	31.4485	31.4515	31.4525	31.372	31.3541	31.3243	31.2337	31.3127	31.233	31.1417	31.068	31.0285	31.097	31.1056	31.0069	30.9053	30.9458	30.9121	30.9586	30.9464	30.8728	30.8744	30.8954	30.8543	30.7997	30.8203	31.0862	31.3912	32.139	35.1767
Hmi-AMac_004-Ex1-03G.clmp.r1r2_fastp	35.3773	35.2209	35.3252	35.324	35.4161	35.4313	35.3639	35.3915	35.3412	35.3553	35.4038	35.3777	35.346	35.323	35.3258	35.3337	35.3356	35.3011	35.2856	35.2755	35.2589	35.2203	35.1932	35.169	35.1426	35.118	35.0954	35.0644	35.0454	35.0169	35.0109	34.9686	34.9456	34.9216	34.885	34.8684	34.845	34.8107	34.7986	34.7846	34.7239	34.705	34.6503	34.672	34.5951	34.5547	34.5917	34.5355	34.5008	34.4391	34.4505	34.3905	34.3347	34.3027	34.3317	34.2568	34.1992	34.1617	34.1383	34.1133	34.1176	34.0438	33.9527	33.9446	33.934	33.8656	33.8711	33.7836	33.7578	33.7388	33.6827	33.6269	33.6044	33.5375	33.485	33.4291	33.4372	33.3709	33.3628	33.3045	33.2598	33.2283	33.2035	33.1644	33.0932	33.0894	33.0376	32.9929	33.0257	32.9349	32.8965	32.8926	32.8912	32.8328	32.8504	32.759	32.7013	32.6413	32.6005	32.5018	32.5247	32.5052	32.4637	32.4292	32.3833	32.3505	32.3353	32.3253	32.2452	32.1481	32.1294	32.111	32.0844	32.0737	32.0995	32.0086	31.9754	31.9068	31.9065	31.8579	31.8486	31.8172	31.7855	31.7244	31.6767	31.6376	31.6138	31.6047	31.5501	31.4957	31.398	31.4501	31.3937	31.4262	31.3246	31.2748	31.2626	31.2267	31.303	31.219	31.2241	31.2188	31.2184	31.1885	31.1064	31.2267	31.3594	31.7037	32.4124	35.2583
Hmi-AMac_005-Ex1-04G.clmp.r1r2_fastp	35.6747	35.4973	35.5447	35.5476	35.6185	35.6435	35.5945	35.5949	35.5664	35.5651	35.5998	35.6033	35.5555	35.5357	35.5425	35.5469	35.532	35.5011	35.4951	35.4677	35.4668	35.4402	35.4184	35.3884	35.3396	35.3273	35.2977	35.2872	35.2549	35.2188	35.2203	35.1853	35.1529	35.1284	35.1243	35.102	35.1097	35.0861	35.0185	34.9957	34.957	34.9623	34.9189	34.9136	34.8408	34.8085	34.8407	34.7952	34.751	34.7063	34.7153	34.676	34.5909	34.5691	34.5758	34.5379	34.5031	34.444	34.4081	34.4069	34.3932	34.3268	34.2657	34.2686	34.2242	34.1796	34.154	34.0944	34.0265	34.0194	33.9915	33.9571	33.9121	33.8578	33.8308	33.7722	33.75	33.677	33.6915	33.635	33.5852	33.5895	33.5299	33.4817	33.4343	33.406	33.3583	33.3191	33.3537	33.2812	33.2279	33.2022	33.1908	33.1837	33.1779	33.1181	33.0255	33.0031	32.9407	32.899	32.8395	32.893	32.8077	32.8206	32.7415	32.7263	32.6788	32.6772	32.6231	32.5962	32.5399	32.5086	32.4437	32.4418	32.4084	32.3867	32.3732	32.2868	32.2951	32.1957	32.1845	32.2087	32.1512	32.0682	32.0925	32.0974	32.0082	31.9602	31.9102	31.9015	31.7558	31.8516	31.7784	31.84	31.7027	31.6424	31.6482	31.683	31.6634	31.7226	31.608	31.67	31.6716	31.572	31.5301	31.6067	31.7806	32.0898	32.7591	35.406
Hmi-AMac_006-Ex1-05G.clmp.r1r2_fastp	35.7503	35.6251	35.6684	35.6546	35.7383	35.7466	35.6749	35.6943	35.6841	35.6914	35.7184	35.6912	35.6559	35.6276	35.6491	35.6331	35.6205	35.6108	35.5964	35.5725	35.5658	35.5245	35.494	35.4571	35.4205	35.3839	35.3759	35.3282	35.3124	35.2779	35.2584	35.256	35.2114	35.1839	35.1561	35.1464	35.1048	35.0684	35.0382	35.0107	34.9698	34.9478	34.8977	34.8886	34.8004	34.79	34.8087	34.7603	34.7055	34.674	34.6363	34.6207	34.5396	34.5045	34.4923	34.438	34.4476	34.3853	34.3359	34.2957	34.3262	34.21	34.1495	34.1518	34.0845	34.0547	34.0201	33.9872	33.9305	33.9003	33.8477	33.8226	33.757	33.7144	33.6872	33.6582	33.5674	33.5579	33.5427	33.4701	33.4326	33.3782	33.3377	33.3255	33.2374	33.2737	33.1831	33.1555	33.1515	33.1151	33.022	33.0137	32.9711	32.9645	32.9281	32.8903	32.8255	32.7533	32.7162	32.677	32.655	32.6498	32.5724	32.5718	32.504	32.4516	32.4577	32.4563	32.3368	32.2847	32.307	32.2785	32.2132	32.1624	32.1713	32.154	32.1101	32.0668	31.9707	31.9719	31.9036	31.9167	31.8849	31.8432	31.7923	31.875	31.7534	31.7241	31.6393	31.5991	31.5144	31.5485	31.5772	31.5584	31.4819	31.4427	31.4445	31.3894	31.4157	31.4028	31.3628	31.3558	31.3461	31.3398	31.2854	31.3694	31.5487	31.8455	32.5571	35.3327
Hmi-AMac_007-Ex1-06G.clmp.r1r2_fastp	35.5011	35.3441	35.4395	35.434	35.5241	35.5442	35.4702	35.4875	35.4564	35.4716	35.5163	35.4797	35.4575	35.4184	35.4275	35.4278	35.4168	35.3991	35.376	35.3476	35.3488	35.3118	35.2866	35.2508	35.1991	35.1768	35.1439	35.1097	35.1025	35.0728	35.0492	35.0326	34.9888	34.9596	34.9293	34.899	34.8868	34.8637	34.816	34.7912	34.7264	34.7271	34.6645	34.6634	34.5929	34.5653	34.5737	34.5301	34.4848	34.4477	34.4137	34.3519	34.2679	34.2701	34.2351	34.1978	34.165	34.153	34.0498	34.0668	34.0493	33.9709	33.8998	33.8772	33.8539	33.8101	33.7988	33.7114	33.6759	33.6564	33.5816	33.5815	33.5322	33.467	33.4038	33.3532	33.3207	33.2722	33.277	33.2341	33.152	33.161	33.1331	33.0719	33.0414	33.0059	32.9133	32.8681	32.8574	32.8259	32.778	32.7135	32.7326	32.7218	32.6992	32.6388	32.5536	32.5144	32.4607	32.4299	32.4082	32.3784	32.363	32.3222	32.2308	32.2095	32.2266	32.2216	32.1728	32.0907	32.0441	31.9971	31.9889	31.9583	31.936	31.908	31.8841	31.857	31.8133	31.7274	31.6989	31.7247	31.6709	31.6217	31.5729	31.5645	31.5442	31.5303	31.5334	31.4226	31.36	31.3823	31.3295	31.3132	31.2318	31.1779	31.2133	31.1732	31.1653	31.2275	31.195	31.188	31.164	31.127	31.0993	31.184	31.3375	31.6628	32.3565	35.2573
Hmi-AMac_008-Ex1-07G.clmp.r1r2_fastp	35.5987	35.4609	35.5383	35.5389	35.6039	35.6141	35.5552	35.564	35.5496	35.5544	35.5876	35.5676	35.5331	35.5078	35.5064	35.5068	35.4967	35.4872	35.4684	35.4379	35.4357	35.3965	35.367	35.3354	35.2944	35.2749	35.2613	35.2181	35.2016	35.1804	35.1617	35.1222	35.0891	35.0516	35.0441	35.0048	35.0022	34.9754	34.92	34.9229	34.8635	34.841	34.8187	34.8053	34.7276	34.7007	34.6987	34.6636	34.6136	34.5842	34.5775	34.5378	34.4739	34.4374	34.4365	34.3786	34.342	34.2775	34.2403	34.2296	34.2163	34.127	34.0775	34.0807	34.0568	34.0333	33.9886	33.8867	33.8471	33.8178	33.7872	33.7743	33.7419	33.6544	33.5965	33.5484	33.4995	33.47	33.4456	33.4136	33.3544	33.3379	33.2907	33.2897	33.212	33.1643	33.0966	33.1016	33.1187	33.0606	33.007	32.9738	32.9902	32.9619	32.9263	32.841	32.8009	32.7421	32.654	32.6505	32.592	32.538	32.5423	32.4839	32.4845	32.416	32.4383	32.4003	32.3212	32.239	32.1913	32.1626	32.1911	32.1509	32.1538	32.1021	32.0458	31.9852	31.9587	31.9352	31.8512	31.8747	31.8483	31.739	31.7253	31.743	31.6685	31.7127	31.6405	31.6044	31.4665	31.4793	31.3994	31.5136	31.3915	31.2614	31.2775	31.3089	31.3343	31.317	31.2837	31.2496	31.2259	31.1989	31.1843	31.2321	31.4466	31.7166	32.4418	35.2821
Hmi-AMac_009-Ex1-08G.clmp.r1r2_fastp	35.5108	35.3177	35.3135	35.3836	35.4094	35.4516	35.3796	35.3683	35.3708	35.3184	35.4106	35.3516	35.3595	35.3587	35.3031	35.3955	35.3193	35.3228	35.2892	35.2586	35.2704	35.1964	35.2042	35.1738	35.1132	35.1393	35.0562	35.0093	35.0286	34.9765	34.9961	34.9648	34.9321	34.9353	34.9037	34.8809	34.8667	34.8297	34.821	34.7748	34.7764	34.7604	34.7108	34.7169	34.6517	34.6296	34.6248	34.5819	34.5444	34.5361	34.5346	34.5229	34.4408	34.4245	34.3874	34.3533	34.3278	34.3366	34.2882	34.281	34.2832	34.2047	34.1435	34.1081	34.0854	34.0641	34.0308	33.9615	33.9388	33.9367	33.9001	33.8646	33.8018	33.7492	33.741	33.7062	33.6765	33.6207	33.6422	33.5707	33.5312	33.4834	33.4935	33.4546	33.3955	33.3566	33.3266	33.3291	33.2947	33.2511	33.1832	33.1525	33.1538	33.1292	33.1467	33.0308	33.0398	32.9814	32.9414	32.9026	32.8682	32.8882	32.7946	32.7872	32.749	32.6905	32.6872	32.7561	32.5987	32.5298	32.5604	32.4829	32.4999	32.4948	32.4545	32.4245	32.3629	32.3126	32.2742	32.2334	32.1582	32.2246	32.1598	32.0795	32.1012	32.0774	32.0039	31.9838	31.984	31.9042	31.7844	31.8272	31.7748	31.8017	31.6599	31.6565	31.6178	31.6074	31.6464	31.6754	31.5884	31.6134	31.5706	31.5346	31.4944	31.4856	31.7034	31.9428	32.6483	35.3718
Hmi-AMac_010-Ex1-09G.clmp.r1r2_fastp	35.5213	35.3447	35.4262	35.4114	35.4995	35.5146	35.465	35.4717	35.4484	35.4604	35.4825	35.4689	35.429	35.4045	35.4097	35.4015	35.4153	35.4003	35.3958	35.3663	35.3652	35.3398	35.3028	35.2851	35.2631	35.226	35.2268	35.1818	35.1898	35.145	35.1254	35.0959	35.066	35.0369	35.0299	35.025	34.9796	34.9817	34.9222	34.9391	34.8885	34.8752	34.843	34.8226	34.7721	34.7318	34.7588	34.714	34.6447	34.6391	34.6261	34.5643	34.5234	34.5009	34.5089	34.4662	34.4292	34.4098	34.3578	34.359	34.3678	34.2774	34.2117	34.214	34.1843	34.1738	34.1216	34.0798	34.0185	33.9913	33.9755	33.9405	33.9151	33.8742	33.8341	33.7942	33.7467	33.7063	33.7001	33.6405	33.6162	33.6263	33.5773	33.5546	33.4825	33.4383	33.4205	33.3757	33.3811	33.3161	33.288	33.2547	33.2757	33.2227	33.2107	33.1768	33.0952	33.0706	33.0243	32.9998	32.949	32.932	32.9	32.8558	32.8268	32.7508	32.811	32.7923	32.664	32.6016	32.6136	32.5634	32.5432	32.5201	32.4674	32.4963	32.3972	32.4065	32.3452	32.2873	32.2453	32.2873	32.2674	32.1296	32.172	32.1055	32.05	32.0173	31.9764	31.8799	31.77	31.7999	31.7788	31.7858	31.7067	31.6769	31.5859	31.5587	31.5949	31.4901	31.5007	31.4987	31.4747	31.4197	31.4551	31.4386	31.6234	31.8994	32.584	35.3628
Hmi-AMac_011-Ex1-10G.clmp.r1r2_fastp	35.4233	35.208	35.2541	35.2588	35.3621	35.361	35.3162	35.3056	35.2814	35.2819	35.34	35.3049	35.2764	35.2852	35.2652	35.2852	35.2645	35.2377	35.2299	35.2094	35.1984	35.1537	35.1544	35.1139	35.0855	35.0666	35.0393	35.0031	34.994	34.9549	34.9658	34.928	34.9054	34.8898	34.8515	34.8522	34.8183	34.81	34.7749	34.7767	34.7432	34.712	34.6785	34.6711	34.6209	34.5686	34.603	34.5482	34.5118	34.4844	34.4685	34.4446	34.3922	34.3554	34.3727	34.3155	34.2715	34.2486	34.1989	34.2084	34.226	34.1273	34.0664	34.0571	34.023	33.9884	33.9833	33.9174	33.8677	33.8483	33.7971	33.7784	33.7561	33.6876	33.6689	33.6132	33.5602	33.5207	33.5192	33.475	33.4012	33.4004	33.3703	33.35	33.2599	33.2629	33.2245	33.1702	33.1706	33.1286	33.0694	33.0242	33.0384	33.0133	33.024	32.9485	32.8565	32.8213	32.7729	32.7551	32.6987	32.6944	32.6324	32.6703	32.5987	32.5226	32.5561	32.5667	32.421	32.3273	32.3325	32.3609	32.2729	32.2706	32.2699	32.2603	32.1664	32.1448	32.0839	32.0398	32.0369	32.0038	31.97	31.9517	31.9062	31.8616	31.8402	31.8063	31.7805	31.7306	31.6356	31.631	31.5992	31.6374	31.5483	31.4877	31.4049	31.4642	31.4475	31.4297	31.3496	31.3428	31.3129	31.3158	31.2786	31.3932	31.5047	31.7875	32.4446	35.313
Hmi-AMac_012-Ex1-11G.clmp.r1r2_fastp	35.3808	35.163	35.1997	35.2462	35.2999	35.3411	35.2477	35.2568	35.2275	35.2046	35.2768	35.2086	35.2159	35.2031	35.1891	35.2521	35.1726	35.1884	35.1419	35.1253	35.1237	35.0665	35.0607	35.0254	34.9868	34.97	34.9313	34.9019	34.8879	34.8342	34.8444	34.8059	34.7648	34.772	34.761	34.7444	34.7216	34.6954	34.6664	34.6707	34.6107	34.6156	34.578	34.5957	34.5356	34.4907	34.4804	34.44	34.4143	34.4008	34.4045	34.3253	34.2956	34.269	34.2665	34.2011	34.1703	34.1595	34.1192	34.0681	34.1137	34.0085	33.9328	33.9542	33.932	33.9102	33.8359	33.8166	33.7375	33.7035	33.7186	33.6762	33.622	33.5488	33.5354	33.5009	33.4616	33.4242	33.4221	33.3552	33.3037	33.299	33.273	33.2228	33.1527	33.1118	33.0544	33.0197	33.0494	32.9777	32.9414	32.9014	32.9214	32.8727	32.8887	32.8145	32.7529	32.7218	32.6392	32.6218	32.5621	32.5824	32.5298	32.5231	32.4807	32.4352	32.431	32.4245	32.3127	32.2847	32.2467	32.1991	32.1301	32.1808	32.1147	32.1267	32.0155	32.0259	31.9566	31.9307	31.8516	31.8692	31.8415	31.8268	31.7177	31.7459	31.6486	31.6875	31.6286	31.5282	31.453	31.4911	31.5045	31.4722	31.4009	31.2795	31.3105	31.2572	31.2959	31.3084	31.2484	31.2311	31.2433	31.2147	31.1386	31.2037	31.3188	31.6903	32.3769	35.2728
Hmi-AMac_013-Ex1-12G.clmp.r1r2_fastp	35.6196	35.4384	35.5039	35.493	35.5831	35.6003	35.522	35.5286	35.5011	35.5083	35.5451	35.5066	35.4804	35.4725	35.4644	35.4848	35.4537	35.4404	35.4407	35.4219	35.4101	35.3634	35.3598	35.3191	35.2926	35.2723	35.2354	35.1946	35.1973	35.1672	35.1562	35.1183	35.0821	35.0709	35.0329	35.0385	35.0342	34.9975	34.9532	34.9712	34.8992	34.9202	34.8892	34.8754	34.805	34.7579	34.8035	34.7494	34.6894	34.6893	34.6601	34.6216	34.5594	34.5348	34.5451	34.5083	34.4512	34.4383	34.4042	34.3808	34.3834	34.3289	34.2427	34.2243	34.2001	34.1711	34.1515	34.0758	34.0162	34.0103	33.9434	33.9028	33.9029	33.835	33.7802	33.7705	33.6975	33.6624	33.6548	33.609	33.5211	33.5715	33.4923	33.4552	33.4218	33.3784	33.3388	33.2819	33.2633	33.2289	33.2077	33.119	33.1213	33.1482	33.1492	33.025	32.9707	32.9322	32.8471	32.8244	32.782	32.7798	32.7391	32.7142	32.5785	32.5679	32.5668	32.5988	32.509	32.3912	32.3906	32.3578	32.3175	32.2552	32.2689	32.2199	32.1141	32.1648	32.0317	31.9866	32.0084	31.9475	31.8708	31.8403	31.8476	31.8686	31.7262	31.7198	31.6709	31.5685	31.4911	31.4435	31.4575	31.4518	31.3646	31.2801	31.2374	31.2174	31.2011	31.1716	31.1491	31.1424	31.1507	31.0779	31.0398	31.1631	31.2627	31.644	32.3766	35.2968
Hmi-AMac_014-Ex1-01H.clmp.r1r2_fastp	35.5136	35.308	35.4086	35.4165	35.4898	35.508	35.4391	35.4699	35.4234	35.4396	35.4624	35.4368	35.425	35.4024	35.3942	35.4266	35.415	35.3862	35.399	35.3816	35.3608	35.32	35.3026	35.2664	35.2548	35.236	35.2113	35.1726	35.1633	35.124	35.1414	35.11	35.0588	35.043	35.0348	35.006	35.0001	34.9638	34.9369	34.9233	34.9018	34.8721	34.845	34.834	34.7869	34.7379	34.7504	34.7075	34.6831	34.6176	34.642	34.5934	34.524	34.4988	34.4947	34.4503	34.4379	34.3743	34.3352	34.3024	34.3441	34.2303	34.1928	34.1881	34.1727	34.1259	34.0999	34.0268	34.0026	33.9691	33.9708	33.9117	33.8883	33.8332	33.7984	33.7497	33.7298	33.6694	33.6853	33.6042	33.5907	33.5424	33.5553	33.5005	33.4337	33.3968	33.3791	33.3419	33.3461	33.2492	33.1896	33.142	33.1758	33.1318	33.1496	33.0683	33.0059	32.9759	32.9214	32.8681	32.8158	32.8263	32.7827	32.7698	32.698	32.6348	32.6852	32.6723	32.556	32.4809	32.4735	32.4505	32.4055	32.398	32.3678	32.3621	32.2203	32.1988	32.2206	32.1259	32.1071	32.0614	32.0581	31.9885	31.9751	31.9234	31.9279	31.8341	31.8142	31.7538	31.6585	31.629	31.6015	31.6113	31.5639	31.4188	31.4378	31.4016	31.413	31.421	31.3885	31.3726	31.4115	31.2986	31.4024	31.3499	31.52	31.7897	32.5604	35.3348
Hmi-AMac_015-Ex1-02H.clmp.r1r2_fastp	35.5311	35.3919	35.4881	35.4864	35.5565	35.5725	35.5199	35.5115	35.4867	35.5202	35.5233	35.5021	35.4965	35.4836	35.4595	35.4724	35.4719	35.4441	35.4411	35.4469	35.4092	35.4143	35.3656	35.3496	35.2943	35.2869	35.2714	35.2359	35.2269	35.1833	35.1969	35.1671	35.1203	35.1022	35.0739	35.0579	35.0336	35.0093	34.983	34.9507	34.916	34.897	34.8562	34.8534	34.7766	34.7408	34.7607	34.7016	34.6698	34.6457	34.6563	34.5991	34.5278	34.5252	34.4847	34.4561	34.4257	34.4146	34.347	34.3321	34.3379	34.2841	34.1803	34.1935	34.1353	34.1271	34.0812	34.0408	33.9596	33.933	33.9214	33.8897	33.8555	33.8171	33.7651	33.7343	33.688	33.6416	33.6199	33.5906	33.5494	33.5507	33.4617	33.4538	33.3796	33.3663	33.2904	33.2908	33.2452	33.1916	33.1739	33.1145	33.1198	33.0924	33.0874	33.0101	32.9326	32.9164	32.8182	32.7883	32.7581	32.7496	32.7285	32.6948	32.6077	32.5961	32.6057	32.5631	32.4564	32.4162	32.3909	32.3735	32.2857	32.3374	32.2538	32.1912	32.1453	32.0998	32.085	32.0242	31.9608	31.9575	31.9104	31.9267	31.8407	31.8274	31.773	31.738	31.7332	31.6592	31.5384	31.54	31.4835	31.4991	31.417	31.3654	31.3103	31.2923	31.3319	31.2914	31.2555	31.2699	31.2265	31.1848	31.1541	31.2029	31.4091	31.7142	32.3891	35.2836
Hmi-AMac_016-Ex1-03H.clmp.r1r2_fastp	35.5616	35.4389	35.5329	35.5124	35.5981	35.61	35.5579	35.5633	35.5356	35.5567	35.5866	35.5469	35.5242	35.505	35.5014	35.5201	35.4981	35.4774	35.473	35.454	35.4517	35.4092	35.3883	35.3554	35.3284	35.305	35.2785	35.2363	35.2344	35.1944	35.1772	35.1611	35.1405	35.095	35.0781	35.0716	35.0535	35.018	34.9751	34.9711	34.9177	34.9162	34.8627	34.8654	34.8193	34.7419	34.7628	34.7268	34.6769	34.6383	34.6605	34.614	34.5406	34.5147	34.5071	34.4478	34.4228	34.4059	34.3292	34.2972	34.3306	34.2734	34.1975	34.1636	34.1257	34.102	34.0669	34.0038	33.9671	33.9235	33.9075	33.8701	33.8049	33.7526	33.7267	33.7058	33.6604	33.5972	33.5425	33.5207	33.4576	33.4954	33.4721	33.3798	33.3286	33.2422	33.2261	33.216	33.1906	33.1221	33.1042	33.0672	33.0477	33.0305	33.0104	32.9092	32.8931	32.8699	32.7362	32.7226	32.6549	32.675	32.6168	32.5776	32.4839	32.4894	32.4734	32.457	32.3634	32.2821	32.2635	32.244	32.2378	32.1953	32.1111	32.1189	32.0299	31.9669	31.9739	31.9269	31.8129	31.8419	31.7722	31.8084	31.7231	31.6711	31.5941	31.6407	31.593	31.4935	31.4291	31.4553	31.4031	31.4135	31.2617	31.2307	31.182	31.152	31.2108	31.1292	31.0888	31.1704	31.0479	31.0741	31.0391	31.0938	31.2319	31.6239	32.3919	35.2593
Hmi-AMac_017-Ex1-04H.clmp.r1r2_fastp	35.6368	35.4615	35.5144	35.5169	35.6124	35.6349	35.5684	35.5856	35.5418	35.5354	35.5885	35.5427	35.5403	35.5283	35.5147	35.5525	35.5242	35.508	35.4909	35.4665	35.4602	35.4164	35.3966	35.3698	35.342	35.3084	35.2879	35.2641	35.2272	35.2122	35.216	35.1619	35.1513	35.1339	35.1109	35.095	35.0899	35.0353	35.0288	34.9809	34.9715	34.9658	34.9496	34.9039	34.8642	34.8166	34.8392	34.7977	34.7454	34.7193	34.7322	34.681	34.6071	34.5862	34.5785	34.5344	34.4975	34.4758	34.4233	34.403	34.4201	34.3409	34.2677	34.2563	34.2039	34.1923	34.1466	34.1133	34.0681	34.0485	33.9735	33.9586	33.8795	33.8648	33.8122	33.7568	33.7378	33.6873	33.6289	33.6334	33.5551	33.5491	33.5043	33.4663	33.3886	33.3969	33.3278	33.3116	33.2866	33.2476	33.2168	33.1549	33.1739	33.143	33.1357	33.1192	32.9926	32.9636	32.8663	32.8722	32.7821	32.8508	32.7693	32.7763	32.727	32.6829	32.6714	32.708	32.5564	32.487	32.4711	32.4504	32.3698	32.361	32.3599	32.3565	32.2754	32.2988	32.1732	32.1529	32.049	32.0961	32.0639	31.9975	31.9856	31.9772	31.8854	31.959	31.8428	31.8218	31.6647	31.7675	31.6969	31.7018	31.5865	31.5813	31.5286	31.5467	31.4911	31.5017	31.4719	31.5179	31.4908	31.475	31.4015	31.4648	31.6251	31.9149	32.6195	35.3734
Hmi-AMac_018-Ex1-05H.clmp.r1r2_fastp	35.8163	35.7337	35.7714	35.7581	35.8278	35.8385	35.8003	35.7885	35.7793	35.781	35.8111	35.7871	35.7553	35.732	35.7386	35.7272	35.7279	35.6929	35.6738	35.6635	35.6447	35.6235	35.583	35.5623	35.5042	35.4957	35.4666	35.4093	35.4003	35.3558	35.3509	35.3167	35.2621	35.2502	35.2061	35.2207	35.1743	35.1189	35.0919	35.0704	35.0133	34.9934	34.9658	34.9375	34.8752	34.8127	34.8259	34.7815	34.727	34.6848	34.6931	34.6252	34.5495	34.5205	34.5254	34.4384	34.4088	34.3785	34.3191	34.2835	34.2892	34.2142	34.1093	34.0814	34.0719	34.0375	33.9759	33.954	33.8959	33.8543	33.809	33.7801	33.715	33.6442	33.6201	33.5519	33.5219	33.4236	33.4353	33.3461	33.2982	33.245	33.2309	33.1898	33.0991	33.0739	33.0523	32.987	33.025	32.9224	32.8777	32.8516	32.8598	32.8344	32.7958	32.7193	32.6046	32.5889	32.5236	32.4992	32.4188	32.4536	32.4043	32.3511	32.3411	32.289	32.2859	32.2507	32.1426	32.1532	32.0879	32.0433	31.956	31.986	31.9733	31.9222	31.8792	31.8586	31.7918	31.7436	31.6624	31.7003	31.6713	31.5909	31.5992	31.5723	31.5331	31.5209	31.4537	31.4002	31.2826	31.3462	31.287	31.3294	31.2084	31.1863	31.1275	31.1395	31.1596	31.2009	31.1045	31.0863	31.1074	31.1109	31.0747	31.1532	31.2803	31.679	32.4305	35.2851
Hmi-AMac_019-Ex1-06H.clmp.r1r2_fastp	35.5582	35.4378	35.5234	35.5268	35.6	35.623	35.5475	35.5706	35.5392	35.5407	35.5831	35.5443	35.5237	35.5001	35.4898	35.5004	35.4901	35.4721	35.4393	35.4298	35.4115	35.3693	35.3528	35.308	35.2666	35.2316	35.2155	35.1638	35.1567	35.112	35.1008	35.054	35.0321	35.0007	34.9749	34.9677	34.9492	34.8779	34.8626	34.8489	34.7819	34.7651	34.7263	34.7163	34.6422	34.5902	34.6077	34.5462	34.5268	34.453	34.4674	34.4151	34.324	34.2854	34.2791	34.2407	34.2203	34.1614	34.0848	34.0999	34.0594	33.9666	33.8993	33.9186	33.8789	33.8258	33.7709	33.7289	33.6896	33.636	33.6131	33.569	33.5269	33.4537	33.4127	33.3376	33.3313	33.2532	33.2286	33.2056	33.127	33.0833	33.1001	33.0355	32.9511	32.9871	32.9266	32.8342	32.8705	32.774	32.7777	32.71	32.7227	32.6469	32.6573	32.58	32.5154	32.4948	32.4321	32.3877	32.3646	32.3868	32.3063	32.2775	32.263	32.1525	32.1851	32.1694	32.1274	32.0144	31.9816	31.9095	31.8912	31.9098	31.8628	31.834	31.783	31.737	31.7214	31.6377	31.5829	31.5992	31.5817	31.5613	31.4983	31.4459	31.4327	31.4406	31.4312	31.3627	31.235	31.2367	31.1928	31.2451	31.1413	31.084	31.06	31.0862	31.0781	31.0928	31.0748	31.0259	31.0534	31.0074	30.947	31.0428	31.2045	31.5293	32.2617	35.2354
Hmi-AMac_020-Ex1-07H.clmp.r1r2_fastp	35.5983	35.4891	35.5663	35.5606	35.6234	35.6495	35.581	35.5901	35.5591	35.5816	35.5996	35.5805	35.5503	35.528	35.528	35.5402	35.5364	35.5123	35.5096	35.4852	35.4618	35.433	35.3982	35.3872	35.3556	35.3333	35.3086	35.2712	35.2619	35.2172	35.2105	35.1936	35.1492	35.1298	35.1129	35.0974	35.0733	35.0161	34.9887	34.9954	34.9371	34.9281	34.8998	34.906	34.8331	34.7862	34.8077	34.7825	34.7322	34.6887	34.7035	34.6466	34.5864	34.556	34.5715	34.5206	34.4864	34.452	34.4086	34.3853	34.3895	34.3101	34.2423	34.2413	34.2075	34.1596	34.1365	34.114	34.0428	34.0341	34.0167	33.9679	33.9072	33.8757	33.8374	33.796	33.7341	33.7106	33.6805	33.6433	33.6167	33.5833	33.5364	33.511	33.4409	33.4485	33.3925	33.3225	33.327	33.3046	33.2279	33.2177	33.1918	33.1777	33.1417	33.1196	33.0425	33.011	32.9289	32.9258	32.8545	32.9038	32.8451	32.8444	32.7659	32.7013	32.6973	32.6848	32.6004	32.5403	32.4902	32.474	32.4746	32.4262	32.4378	32.3564	32.3306	32.2869	32.2632	32.2162	32.1632	32.1763	32.1909	32.121	32.0811	32.0557	31.9531	32.0136	31.9779	31.877	31.7369	31.7896	31.7356	31.8005	31.6687	31.6486	31.6134	31.61	31.6198	31.6012	31.5547	31.5716	31.5116	31.5511	31.4302	31.5569	31.6831	31.9361	32.6837	35.3666
Hmi-AMac_021-Ex1-08H.clmp.r1r2_fastp	35.6221	35.4955	35.5487	35.5723	35.617	35.631	35.56	35.5708	35.5601	35.5474	35.5941	35.5489	35.5316	35.499	35.4987	35.519	35.4875	35.4729	35.4623	35.4416	35.4366	35.401	35.3956	35.3605	35.3129	35.2976	35.2319	35.2019	35.2025	35.1696	35.1674	35.1169	35.0878	35.0395	35.0287	35.0486	34.999	34.9622	34.9508	34.9173	34.8859	34.8577	34.8313	34.809	34.7288	34.704	34.7316	34.6719	34.6491	34.5912	34.6042	34.552	34.4858	34.4647	34.4496	34.4134	34.3665	34.3347	34.3044	34.2881	34.2799	34.2233	34.1339	34.1125	34.0881	34.0389	34.005	33.9625	33.9207	33.879	33.8414	33.8119	33.7786	33.7217	33.6684	33.667	33.5726	33.5669	33.54	33.5135	33.4328	33.398	33.3939	33.3724	33.2593	33.2527	33.2182	33.1671	33.1237	33.132	33.0612	33.0204	33.0263	33.0177	32.9995	32.9132	32.8338	32.8152	32.7456	32.664	32.6693	32.6948	32.6288	32.5874	32.5254	32.517	32.4759	32.4843	32.4133	32.3095	32.2795	32.2558	32.2341	32.2036	32.1665	32.1449	32.119	32.1086	32.0364	31.991	31.9096	31.9256	31.9397	31.8797	31.8371	31.8286	31.7409	31.7443	31.7486	31.6337	31.6043	31.4991	31.5547	31.5568	31.5161	31.3769	31.4005	31.4005	31.4336	31.3513	31.3495	31.3202	31.3086	31.2907	31.2101	31.3727	31.4661	31.791	32.4823	35.313
Hmi-AMac_022-Ex1-09H.clmp.r1r2_fastp	35.6676	35.56	35.614	35.5879	35.673	35.6877	35.6158	35.6323	35.6049	35.6318	35.6447	35.6308	35.6089	35.5806	35.5783	35.5819	35.5907	35.5672	35.5728	35.5647	35.5476	35.5352	35.5037	35.4656	35.4569	35.4224	35.4288	35.3883	35.3909	35.3504	35.3561	35.3284	35.2903	35.2606	35.2726	35.2568	35.2224	35.1898	35.1824	35.1878	35.122	35.1379	35.0852	35.0799	35.0243	34.9899	35.0242	34.9952	34.948	34.9121	34.9251	34.8673	34.8191	34.7828	34.7834	34.7619	34.6878	34.6868	34.6417	34.6342	34.6186	34.5474	34.5043	34.4853	34.4728	34.4349	34.3791	34.3317	34.2927	34.2652	34.2472	34.1855	34.1755	34.1351	34.0799	34.0608	34.0306	33.998	33.9438	33.9217	33.867	33.8653	33.8252	33.7465	33.7115	33.6545	33.6054	33.5872	33.5846	33.5059	33.4813	33.4387	33.4185	33.3786	33.3546	33.2832	33.2025	33.1437	33.0941	33.0624	32.9939	32.9986	32.938	32.9161	32.8196	32.7995	32.7984	32.7949	32.6692	32.6171	32.5822	32.6029	32.4952	32.5333	32.4252	32.4277	32.3359	32.3312	32.2688	32.2338	32.0853	32.164	32.0643	32.0396	31.9781	31.9385	31.8707	31.8635	31.8387	31.7271	31.6351	31.6231	31.5804	31.6335	31.4737	31.4601	31.3869	31.4175	31.4162	31.3774	31.2947	31.3028	31.3343	31.3178	31.2422	31.3227	31.4647	31.7817	32.5441	35.3646
Hmi-AMac_023-Ex1-10H.clmp.r1r2_fastp	35.5536	35.3964	35.4581	35.4513	35.5517	35.5576	35.5011	35.5058	35.471	35.4813	35.5166	35.4665	35.4813	35.4521	35.4651	35.4547	35.4552	35.4316	35.4271	35.4026	35.3945	35.3645	35.3304	35.3147	35.2737	35.2648	35.24	35.2084	35.201	35.1521	35.1479	35.0964	35.0899	35.0713	35.0624	35.0382	35.0081	34.9852	34.9733	34.9328	34.8952	34.8844	34.8421	34.8565	34.7898	34.7274	34.7594	34.7254	34.6689	34.6647	34.6496	34.5913	34.5232	34.5348	34.4943	34.4801	34.416	34.392	34.3429	34.3199	34.3445	34.2614	34.2002	34.1908	34.1496	34.1154	34.0636	34.0385	33.9716	33.9672	33.8786	33.87	33.8111	33.7924	33.7351	33.6843	33.6406	33.5959	33.5786	33.5378	33.4676	33.4706	33.4324	33.4368	33.3181	33.2918	33.2548	33.2339	33.2473	33.1831	33.1014	33.0688	33.0633	33.0711	33.0085	32.963	32.8987	32.8746	32.8454	32.7661	32.7354	32.7156	32.6991	32.6321	32.5939	32.5543	32.5079	32.5372	32.4111	32.3631	32.3064	32.2891	32.2216	32.2301	32.1879	32.1681	32.0943	32.0706	32.0348	31.9293	31.9204	31.9004	31.8636	31.813	31.7824	31.7712	31.7105	31.6916	31.6155	31.5201	31.4168	31.4716	31.435	31.4257	31.3487	31.2747	31.2159	31.2021	31.256	31.2144	31.1189	31.1753	31.0957	31.0972	31.053	31.1296	31.2561	31.6178	32.327	35.2738
Hmi-AMac_024-Ex1-11H.clmp.r1r2_fastp	35.4966	35.3629	35.4261	35.43	35.5033	35.5244	35.4591	35.4576	35.4306	35.4395	35.4645	35.4425	35.4243	35.3952	35.41	35.4151	35.4019	35.3902	35.3795	35.3655	35.3594	35.3207	35.3079	35.2741	35.2512	35.2199	35.1951	35.1737	35.1599	35.1291	35.1429	35.1025	35.0748	35.0325	35.0368	35.0259	35.0024	34.9654	34.9275	34.939	34.8801	34.861	34.8475	34.828	34.7503	34.7198	34.7369	34.7038	34.6571	34.6224	34.6171	34.5765	34.506	34.5074	34.4864	34.4642	34.4042	34.3722	34.3226	34.3354	34.328	34.2706	34.1741	34.191	34.159	34.1328	34.0601	34.0239	33.9705	33.9538	33.9235	33.8811	33.8547	33.8189	33.7773	33.7278	33.6957	33.625	33.6291	33.5903	33.5294	33.5342	33.501	33.425	33.3949	33.3683	33.3141	33.302	33.2956	33.2306	33.1901	33.1549	33.1552	33.1105	33.1091	33.0722	32.9826	32.9575	32.9	32.8389	32.7781	32.7726	32.7555	32.7423	32.6568	32.6477	32.625	32.6371	32.5265	32.457	32.4688	32.4296	32.3838	32.3265	32.3073	32.3073	32.2156	32.2289	32.1915	32.0858	32.0272	32.0678	32.013	32.0028	31.9394	31.8909	31.8231	31.8428	31.8293	31.7063	31.5928	31.6524	31.6036	31.6168	31.5084	31.4571	31.4564	31.4475	31.3976	31.3464	31.355	31.3352	31.3202	31.3443	31.2591	31.3047	31.5138	31.7592	32.4466	35.3077
Hmi-AMac_025-Ex1-12H.clmp.r1r2_fastp	35.5414	35.4195	35.4797	35.4824	35.5478	35.5795	35.49	35.519	35.4879	35.511	35.5457	35.4926	35.4754	35.4534	35.4495	35.4818	35.4535	35.45	35.4162	35.4109	35.3902	35.3818	35.3553	35.3193	35.3115	35.2884	35.2597	35.2258	35.2272	35.1838	35.1679	35.1211	35.1021	35.0879	35.0621	35.0583	35.0346	35.0103	34.9827	34.9819	34.9254	34.9455	34.8932	34.8881	34.8454	34.7897	34.8019	34.7858	34.7334	34.7206	34.7043	34.652	34.5845	34.577	34.5663	34.5298	34.488	34.4731	34.4566	34.4106	34.4293	34.3428	34.2755	34.3222	34.2511	34.2461	34.1921	34.1762	34.1167	34.0881	34.0545	34.0243	33.9882	33.9254	33.892	33.8637	33.8214	33.7465	33.7764	33.6854	33.6425	33.6897	33.6218	33.5998	33.505	33.4994	33.4551	33.4406	33.4024	33.3671	33.3115	33.3103	33.3204	33.278	33.2552	33.1958	33.146	33.0708	32.9817	32.9992	32.9747	32.9441	32.9002	32.9255	32.9001	32.821	32.7823	32.8244	32.7084	32.6175	32.6412	32.6121	32.5833	32.566	32.5447	32.4982	32.4347	32.3974	32.3441	32.3072	32.2576	32.266	32.2761	32.1851	32.1715	32.1373	32.1187	32.1062	32.0429	31.9236	31.9256	31.8978	31.9	31.9386	31.8412	31.7159	31.7233	31.6826	31.7168	31.7325	31.6094	31.6601	31.6466	31.5946	31.5582	31.6063	31.8395	32.056	32.7368	35.3712
Hmi-AMac_026-Ex1-01E.clmp.r1r2_fastp	35.6164	35.4408	35.5113	35.52	35.6002	35.6137	35.5529	35.561	35.5419	35.527	35.5769	35.5438	35.5266	35.5035	35.5002	35.5125	35.4983	35.4944	35.475	35.4572	35.4547	35.4038	35.3971	35.3549	35.3331	35.3038	35.2784	35.2445	35.2376	35.1831	35.1882	35.1768	35.1377	35.128	35.0885	35.0877	35.0457	35.0163	34.966	34.9787	34.9416	34.9364	34.8956	34.894	34.8242	34.7875	34.7895	34.7382	34.6919	34.6921	34.6695	34.6376	34.5327	34.5485	34.5142	34.4586	34.4361	34.3751	34.3354	34.3373	34.2969	34.2377	34.172	34.1822	34.125	34.086	34.0622	34.0085	33.9538	33.9447	33.8941	33.8558	33.8238	33.7596	33.7146	33.6977	33.6373	33.5978	33.5759	33.5181	33.4379	33.4686	33.4342	33.4136	33.3356	33.2978	33.2447	33.2129	33.2177	33.1695	33.0685	33.0854	33.069	33.0325	33.0306	32.9503	32.895	32.8205	32.7742	32.7725	32.6747	32.7022	32.6146	32.6489	32.5511	32.5341	32.5527	32.4763	32.4042	32.3589	32.3357	32.2754	32.2524	32.2322	32.224	32.1812	32.0911	32.0559	32.0124	31.9325	31.8893	31.8809	31.8526	31.7978	31.7777	31.7223	31.6894	31.6455	31.5968	31.5644	31.448	31.4689	31.4605	31.3761	31.3857	31.2788	31.2015	31.2412	31.2497	31.2114	31.1397	31.1336	31.2224	31.1341	31.1307	31.2042	31.3558	31.7032	32.4153	35.3034
Hmi-AMac_027-Ex1-02E.clmp.r1r2_fastp	35.5978	35.4126	35.467	35.4801	35.545	35.5798	35.5059	35.5077	35.4958	35.5133	35.5296	35.4897	35.4887	35.4857	35.4771	35.4968	35.4715	35.455	35.458	35.4323	35.424	35.3976	35.3668	35.3627	35.316	35.3051	35.29	35.2352	35.2341	35.1738	35.1877	35.177	35.1526	35.1118	35.0799	35.0622	35.0454	35.0216	35.0053	34.9781	34.9624	34.9446	34.8879	34.8834	34.8209	34.7627	34.7863	34.7717	34.7263	34.7137	34.6813	34.6463	34.5954	34.5459	34.5518	34.5077	34.4729	34.4472	34.4078	34.3978	34.3923	34.3482	34.2709	34.283	34.2418	34.1915	34.1533	34.0968	34.082	34.0166	33.9822	33.9718	33.9058	33.8799	33.8114	33.8236	33.7609	33.695	33.6781	33.6355	33.6039	33.5926	33.5755	33.5156	33.4583	33.4296	33.366	33.3704	33.353	33.272	33.211	33.2055	33.1819	33.1706	33.144	33.0743	32.9883	32.9808	32.8869	32.8542	32.7994	32.8401	32.805	32.814	32.6996	32.6688	32.6838	32.6435	32.5552	32.451	32.4433	32.4147	32.4071	32.3912	32.2963	32.3238	32.2008	32.2027	32.1593	32.1111	32.0658	32.0526	32.0151	31.9362	31.9558	31.8911	31.8323	31.8426	31.7718	31.7252	31.6338	31.5877	31.5775	31.5537	31.4708	31.3951	31.3947	31.3204	31.4018	31.3497	31.3364	31.3136	31.2858	31.321	31.1905	31.2887	31.4793	31.8021	32.4675	35.3348
Hmi-AMac_028-Ex1-03E.clmp.r1r2_fastp	35.4732	35.3139	35.4107	35.4149	35.4897	35.5313	35.4426	35.4495	35.4245	35.4244	35.4797	35.427	35.4381	35.4104	35.4017	35.4236	35.3948	35.3909	35.3683	35.3614	35.3423	35.3066	35.2954	35.2457	35.2374	35.2252	35.1716	35.1414	35.132	35.099	35.1044	35.079	35.0395	35.0253	35.0114	34.997	34.9658	34.944	34.8907	34.9099	34.8468	34.8616	34.8223	34.8146	34.7461	34.7046	34.7281	34.6911	34.637	34.624	34.616	34.5799	34.489	34.4909	34.4915	34.4481	34.4116	34.3736	34.3525	34.3466	34.3413	34.2802	34.1904	34.1856	34.1589	34.117	34.0744	34.0257	34.0222	33.9791	33.9357	33.9385	33.8784	33.8199	33.7942	33.7425	33.73	33.6709	33.6616	33.6255	33.5671	33.5653	33.5337	33.4951	33.4288	33.3655	33.3461	33.3306	33.3125	33.2489	33.2086	33.1873	33.1547	33.129	33.1174	33.0505	32.9982	33.0117	32.9282	32.8692	32.8291	32.842	32.7869	32.7622	32.711	32.6274	32.6978	32.7047	32.5604	32.4833	32.5051	32.4802	32.4363	32.4395	32.3812	32.3637	32.2964	32.2533	32.2232	32.1369	32.046	32.0808	32.0753	32.0258	31.9919	31.9804	31.9064	31.8894	31.8183	31.7827	31.6352	31.668	31.6815	31.6642	31.5629	31.5446	31.5105	31.4974	31.4675	31.4303	31.4562	31.3933	31.37	31.3517	31.305	31.3532	31.5738	31.7935	32.5209	35.3306
Hmi-AMac_029-Ex1-04E.clmp.r1r2_fastp	35.7319	35.6311	35.6894	35.6658	35.7526	35.7738	35.707	35.7277	35.6869	35.7002	35.7209	35.7097	35.6869	35.6509	35.6579	35.6708	35.6765	35.6333	35.649	35.6306	35.599	35.5675	35.5635	35.5357	35.5039	35.4809	35.4715	35.4282	35.4194	35.3872	35.3833	35.368	35.3105	35.2949	35.2834	35.275	35.2629	35.2123	35.1847	35.1766	35.1336	35.1417	35.0894	35.0942	35.0089	34.9795	35.0186	34.9497	34.9116	34.898	34.9025	34.8512	34.7967	34.7726	34.7639	34.729	34.6669	34.6321	34.6045	34.5951	34.6023	34.5158	34.4517	34.4318	34.4128	34.3932	34.3338	34.2835	34.2501	34.2431	34.1887	34.145	34.1125	34.0733	34.036	33.9819	33.9282	33.8787	33.8934	33.824	33.7603	33.7381	33.7096	33.691	33.5928	33.536	33.5045	33.4794	33.4686	33.3614	33.3652	33.3264	33.3166	33.2606	33.2725	33.1848	33.1145	33.0707	32.9956	32.9533	32.9097	32.9282	32.8887	32.854	32.7454	32.7339	32.7472	32.719	32.6151	32.5662	32.4968	32.4914	32.4349	32.4236	32.3839	32.3802	32.2513	32.229	32.1994	32.1782	32.0854	32.0758	32.0167	31.9872	31.9679	31.9527	31.8438	31.8148	31.7795	31.727	31.6164	31.6188	31.5688	31.5276	31.5209	31.4193	31.3925	31.3682	31.397	31.3943	31.3711	31.3717	31.2821	31.3357	31.344	31.3191	31.5111	31.8623	32.6073	35.3707
Hmi-AMac_030-Ex1-05E.clmp.r1r2_fastp	35.6904	35.5239	35.5635	35.5816	35.6611	35.6787	35.609	35.6206	35.5938	35.5919	35.638	35.6004	35.5834	35.5714	35.56	35.583	35.5685	35.5499	35.5338	35.5098	35.5006	35.4634	35.4493	35.4138	35.3748	35.3621	35.3412	35.2909	35.3019	35.2503	35.2442	35.2138	35.1753	35.1701	35.1499	35.1353	35.1185	35.0869	35.0547	35.0425	35.0095	34.9989	34.974	34.9397	34.8882	34.872	34.8722	34.8182	34.8014	34.7581	34.7665	34.713	34.6614	34.628	34.641	34.5941	34.5501	34.5342	34.4803	34.4859	34.47	34.3889	34.3313	34.3068	34.287	34.2683	34.2152	34.1508	34.1311	34.0898	34.0845	34.0452	34.0021	33.9404	33.8998	33.8684	33.819	33.7996	33.8135	33.7447	33.696	33.6854	33.6674	33.5904	33.553	33.5204	33.4838	33.4662	33.4839	33.4138	33.3766	33.3256	33.3496	33.3202	33.2963	33.2502	33.1706	33.1706	33.0662	33.0733	32.981	33.0137	32.959	32.9561	32.8864	32.8693	32.8766	32.8663	32.7875	32.6823	32.7127	32.6846	32.6711	32.6342	32.597	32.5603	32.5497	32.5175	32.4395	32.3776	32.3514	32.3425	32.3081	32.2498	32.2519	32.2695	32.1795	32.2064	32.1623	32.0723	31.9905	32.0325	31.9819	31.9814	31.9146	31.8608	31.8667	31.8327	31.8295	31.8315	31.8028	31.8107	31.806	31.7618	31.7382	31.8155	31.9976	32.2568	32.9155	35.4539
Hmi-AMac_031-Ex1-06E.clmp.r1r2_fastp	35.5159	35.3438	35.4217	35.4191	35.519	35.5361	35.4542	35.462	35.4415	35.4554	35.493	35.4639	35.4438	35.4217	35.4148	35.4454	35.4366	35.4062	35.3909	35.3753	35.3524	35.323	35.2937	35.2666	35.2405	35.2102	35.1884	35.1652	35.1451	35.0945	35.0767	35.0628	35.0373	35.0102	35.0011	34.9794	34.976	34.9209	34.8999	34.8923	34.8345	34.8382	34.8111	34.8	34.751	34.6953	34.7194	34.6871	34.651	34.6115	34.6288	34.5787	34.5121	34.4847	34.4815	34.4477	34.4131	34.4039	34.3364	34.3194	34.3035	34.2361	34.1855	34.1532	34.1513	34.1138	34.051	34.0215	33.9652	33.9671	33.9254	33.8861	33.8504	33.7775	33.7548	33.7348	33.6577	33.6671	33.621	33.5747	33.5359	33.5069	33.4698	33.4751	33.3745	33.3299	33.2683	33.2536	33.2552	33.2234	33.1774	33.1307	33.1109	33.0777	33.084	33.0217	32.9416	32.911	32.8432	32.8035	32.7633	32.7705	32.7206	32.7196	32.6261	32.6087	32.598	32.632	32.5326	32.4557	32.4759	32.4228	32.3443	32.3439	32.318	32.2672	32.2213	32.2109	32.1346	32.0867	32.0754	32.072	32.0607	32.0153	31.9929	31.9828	31.854	31.8942	31.8009	31.7655	31.6746	31.7068	31.6804	31.6291	31.6219	31.492	31.5023	31.4951	31.5237	31.4904	31.4603	31.4078	31.3972	31.3771	31.3543	31.4065	31.5791	31.8766	32.5647	35.3587
Hmi-AMac_032-Ex1-07E.clmp.r1r2_fastp	35.5372	35.37	35.4315	35.4411	35.5249	35.5488	35.479	35.4771	35.454	35.4524	35.4939	35.4582	35.4383	35.4389	35.4174	35.4456	35.4264	35.4164	35.398	35.3723	35.3573	35.2958	35.2919	35.2676	35.2424	35.2193	35.169	35.1598	35.1501	35.0967	35.1202	35.0692	35.0681	35.0448	35.02	34.9976	34.9772	34.9673	34.9396	34.9354	34.8784	34.8759	34.8395	34.8343	34.7772	34.7286	34.7537	34.7236	34.6915	34.654	34.6553	34.5926	34.5357	34.5245	34.5201	34.4763	34.434	34.4111	34.361	34.3645	34.3798	34.2993	34.2401	34.2364	34.1842	34.165	34.1237	34.0481	34.0345	34.0183	33.9953	33.9429	33.8895	33.8525	33.8094	33.7706	33.7333	33.6857	33.6835	33.6371	33.6027	33.5786	33.5702	33.5294	33.4987	33.4377	33.3909	33.3774	33.3644	33.3048	33.2944	33.2413	33.2602	33.2465	33.2224	33.1504	33.0883	33.0624	32.9967	32.9624	32.918	32.8889	32.8797	32.851	32.7764	32.7279	32.7502	32.7641	32.6702	32.5951	32.6058	32.557	32.493	32.503	32.4824	32.5166	32.4328	32.4	32.365	32.3447	32.2557	32.2563	32.1991	32.1949	32.1666	32.1741	32.0929	32.108	32.0458	31.9548	31.8633	31.9139	31.842	31.8463	31.7966	31.7716	31.7402	31.722	31.7166	31.6608	31.6772	31.6634	31.6793	31.6538	31.5752	31.6457	31.7763	32.0527	32.7321	35.3999
Hmi-AMac_033-Ex1-08E.clmp.r1r2_fastp	35.5703	35.4175	35.434	35.4811	35.5218	35.5443	35.4646	35.4831	35.4683	35.434	35.5087	35.4566	35.4435	35.4446	35.4138	35.4546	35.4158	35.4017	35.3988	35.3435	35.3518	35.3025	35.297	35.2634	35.2288	35.217	35.1797	35.1443	35.1444	35.0821	35.0977	35.0526	35.0331	35.0139	34.9919	34.9865	34.9779	34.9154	34.9108	34.896	34.8522	34.8607	34.8207	34.764	34.726	34.6954	34.7183	34.6843	34.6502	34.6212	34.6185	34.5528	34.5077	34.497	34.4817	34.4468	34.3983	34.387	34.3244	34.3222	34.3132	34.2573	34.1782	34.1527	34.1405	34.1083	34.087	34.0527	34.0146	33.953	33.9427	33.9213	33.8607	33.8011	33.8168	33.7432	33.7167	33.6715	33.6855	33.5999	33.5712	33.5684	33.5037	33.5138	33.4663	33.4497	33.3786	33.3775	33.378	33.301	33.2683	33.2421	33.2444	33.2052	33.1747	33.1253	33.0872	33.066	33.0018	32.986	32.8908	32.8883	32.8645	32.8582	32.8162	32.7452	32.7726	32.7767	32.6708	32.6276	32.6022	32.6018	32.525	32.537	32.5248	32.4892	32.3774	32.4015	32.3274	32.3346	32.2679	32.2296	32.2437	32.1854	32.1454	32.1682	32.0942	32.1376	32.0592	32.0232	31.8846	31.8736	31.8367	31.9231	31.8056	31.7248	31.74	31.7039	31.7295	31.7069	31.7323	31.6591	31.7045	31.6601	31.6045	31.6169	31.8187	32.0876	32.7373	35.403
Hmi-AMac_034-Ex1-09E.clmp.r1r2_fastp	35.4896	35.3359	35.3772	35.3978	35.4793	35.4917	35.4351	35.4497	35.4015	35.4136	35.438	35.4199	35.3885	35.3665	35.3671	35.3801	35.3665	35.3418	35.3346	35.3291	35.2882	35.2714	35.2474	35.2135	35.1861	35.1606	35.1302	35.1062	35.0781	35.0561	35.0323	35.0239	34.976	34.9587	34.9525	34.9345	34.9188	34.8991	34.8548	34.8649	34.7906	34.8114	34.7676	34.7612	34.712	34.6629	34.6777	34.6349	34.5853	34.5763	34.5619	34.5076	34.4456	34.4538	34.439	34.3889	34.3424	34.3209	34.2473	34.2729	34.2405	34.2035	34.1279	34.1286	34.0942	34.0536	34.0289	33.9798	33.9508	33.9208	33.8849	33.8424	33.8151	33.7467	33.7608	33.7131	33.6515	33.5997	33.6065	33.555	33.5047	33.5072	33.4634	33.4333	33.3599	33.3375	33.3352	33.2631	33.2838	33.2349	33.1783	33.1453	33.1413	33.1199	33.1079	33.094	32.9828	32.9602	32.9058	32.8958	32.8593	32.8609	32.7856	32.8035	32.7735	32.6789	32.694	32.6984	32.6533	32.5071	32.519	32.5212	32.4608	32.424	32.4475	32.4365	32.3391	32.3119	32.2952	32.2531	32.2034	32.2325	32.1854	32.1853	32.1648	32.1485	32.0521	32.0636	32.0217	31.9558	31.8798	31.9114	31.9077	31.8929	31.8297	31.7864	31.7534	31.7535	31.784	31.7463	31.7404	31.677	31.6769	31.6544	31.6351	31.7389	31.813	32.1341	32.7556	35.3998
Hmi-AMac_035-Ex1-10E.clmp.r1r2_fastp	35.4256	35.257	35.316	35.3436	35.4263	35.445	35.3758	35.3824	35.3534	35.3377	35.4195	35.3567	35.3495	35.3524	35.3187	35.3639	35.3423	35.3187	35.3048	35.2812	35.2753	35.2212	35.2283	35.1769	35.1562	35.1372	35.0896	35.0648	35.0602	35.0234	35.0494	34.9958	34.9954	34.9385	34.937	34.9271	34.9232	34.8836	34.8692	34.8642	34.8091	34.8052	34.7682	34.7445	34.7311	34.6672	34.6964	34.6396	34.6031	34.5997	34.624	34.5581	34.4885	34.486	34.5003	34.4339	34.3996	34.3545	34.3489	34.3094	34.3374	34.2755	34.2196	34.2207	34.1799	34.148	34.1027	34.04	34.022	34.0192	33.9773	33.9403	33.9182	33.8595	33.8394	33.813	33.7689	33.7221	33.7082	33.6593	33.6075	33.6226	33.6018	33.5685	33.4775	33.4701	33.4123	33.4104	33.3698	33.345	33.2722	33.2626	33.2819	33.2545	33.2538	33.1796	33.1197	33.1031	33.023	32.9998	32.9533	32.96	32.9406	32.9187	32.8557	32.8202	32.8204	32.8257	32.7195	32.6744	32.6023	32.6523	32.5794	32.5825	32.5341	32.5384	32.4184	32.4265	32.3482	32.2874	32.2459	32.2821	32.249	32.1943	32.2	32.1787	32.1345	32.1205	32.0505	32.0013	31.9254	31.8776	31.8543	31.8883	31.8225	31.7431	31.7478	31.7311	31.7561	31.7492	31.6539	31.7139	31.6889	31.6068	31.6151	31.6499	31.7905	32.0959	32.7464	35.3901
Hmi-AMac_036-Ex1-11E.clmp.r1r2_fastp	35.4784	35.1408	35.219	35.22	35.3199	35.3305	35.2937	35.2915	35.26	35.2639	35.3038	35.2585	35.2606	35.2178	35.2381	35.2542	35.2392	35.2441	35.1892	35.1941	35.1659	35.1406	35.1407	35.0942	35.0597	35.05	35.025	35.0015	34.9914	34.9673	34.9443	34.9102	34.8906	34.8807	34.8717	34.8321	34.8139	34.8197	34.7801	34.7532	34.7143	34.7131	34.6586	34.6686	34.6253	34.5498	34.5905	34.5464	34.5118	34.4757	34.477	34.4357	34.3875	34.362	34.3546	34.3167	34.2451	34.2558	34.2097	34.193	34.2116	34.1088	34.0395	34.0325	34.0122	33.9785	33.9581	33.9226	33.8379	33.8295	33.8173	33.7811	33.7492	33.7247	33.6585	33.6013	33.5756	33.4803	33.5219	33.4865	33.4246	33.4108	33.3885	33.3534	33.2868	33.2318	33.2061	33.1821	33.1708	33.1109	33.0707	33.0487	33.068	33.0668	33.0346	32.9755	32.9148	32.8718	32.8355	32.7865	32.7374	32.7457	32.6953	32.6538	32.5809	32.5639	32.5558	32.5389	32.4572	32.4091	32.3712	32.3993	32.3067	32.3288	32.2975	32.2688	32.2223	32.2	32.167	32.0934	32.033	32.0242	32.0411	32.0053	31.9645	31.8794	31.8671	31.8197	31.7997	31.7405	31.6421	31.6845	31.6991	31.7378	31.6447	31.5394	31.5483	31.5075	31.5649	31.4854	31.4355	31.4376	31.448	31.4158	31.3827	31.4359	31.6284	31.9033	32.5813	35.3586
Hmi-AMac_037-Ex1-12E.clmp.r1r2_fastp	35.5249	35.3547	35.4144	35.4211	35.4939	35.517	35.4539	35.4539	35.4311	35.4398	35.4804	35.4285	35.4231	35.4152	35.3953	35.4125	35.4065	35.3961	35.3907	35.3414	35.361	35.297	35.2824	35.2547	35.2377	35.209	35.1644	35.1535	35.1328	35.0915	35.0737	35.0521	35.0404	34.9989	34.9829	34.9583	34.9364	34.9139	34.9023	34.8888	34.8183	34.8033	34.7899	34.7749	34.7206	34.6792	34.7191	34.6334	34.6016	34.5708	34.559	34.5235	34.4699	34.4501	34.4524	34.3985	34.3659	34.3304	34.2906	34.2714	34.2753	34.1909	34.1278	34.126	34.108	34.0598	34.0475	33.996	33.9664	33.9299	33.8824	33.8423	33.8047	33.7431	33.7495	33.6893	33.6387	33.6215	33.5765	33.5457	33.4904	33.4918	33.4582	33.3961	33.3516	33.3039	33.2523	33.2534	33.2718	33.1864	33.142	33.116	33.1178	33.0925	33.0723	32.9964	32.9099	32.8961	32.8562	32.8255	32.7223	32.7454	32.7562	32.7034	32.5985	32.5896	32.5996	32.5866	32.4779	32.4099	32.4039	32.391	32.3725	32.3299	32.3207	32.2642	32.2169	32.1978	32.1215	32.0732	32.0712	32.0324	31.9912	31.9931	31.938	31.9229	31.851	31.82	31.7686	31.7022	31.5939	31.6198	31.5842	31.6371	31.573	31.4473	31.4642	31.4152	31.4601	31.3828	31.375	31.353	31.3764	31.3659	31.3235	31.4287	31.4884	31.8533	32.4913	35.3433
Hmi-AMac_038-Ex1-01F.clmp.r1r2_fastp	35.4279	35.2786	35.3636	35.347	35.4342	35.4439	35.3845	35.4021	35.3614	35.3881	35.4064	35.373	35.3593	35.312	35.3184	35.339	35.3235	35.3181	35.2966	35.2752	35.244	35.2373	35.2	35.1667	35.1467	35.1174	35.0802	35.0453	35.0384	34.9909	34.9836	34.9592	34.9267	34.8811	34.8799	34.8628	34.8489	34.8155	34.778	34.7643	34.7312	34.6949	34.6569	34.6318	34.587	34.5563	34.555	34.5032	34.4606	34.4034	34.4043	34.3803	34.3062	34.2522	34.2786	34.2456	34.1871	34.1588	34.1049	34.0949	34.0845	34.019	33.9218	33.9332	33.8861	33.8558	33.8075	33.7356	33.7152	33.6951	33.646	33.5793	33.5526	33.5242	33.4943	33.4377	33.3938	33.3351	33.3356	33.2669	33.2198	33.213	33.1954	33.1315	33.0608	32.9929	32.9993	32.9892	32.98	32.9202	32.8682	32.8452	32.8113	32.8209	32.8001	32.7087	32.6703	32.6414	32.5725	32.5095	32.4948	32.4964	32.455	32.4058	32.3469	32.3046	32.3543	32.3553	32.229	32.1747	32.1448	32.1493	32.085	32.0359	32.0569	31.9842	31.9269	31.9091	31.8498	31.8171	31.7739	31.7877	31.7807	31.7088	31.674	31.6847	31.6156	31.5825	31.534	31.4322	31.3749	31.366	31.3817	31.411	31.3531	31.2729	31.2201	31.1994	31.2147	31.1947	31.1668	31.1409	31.1029	31.0893	31.0532	31.109	31.293	31.6182	32.3137	35.2528
Hmi-AMac_039-Ex1-02F.clmp.r1r2_fastp	35.4974	35.3381	35.4069	35.41	35.4852	35.5096	35.4341	35.4315	35.4252	35.4415	35.4734	35.4217	35.4179	35.3921	35.3981	35.3995	35.3845	35.3648	35.3557	35.3114	35.2966	35.278	35.2634	35.2236	35.1866	35.1831	35.131	35.0898	35.0772	35.0437	35.043	35.022	34.9675	34.9341	34.9467	34.9226	34.8822	34.8471	34.8111	34.7921	34.742	34.75	34.694	34.6779	34.5942	34.5691	34.56	34.5394	34.49	34.473	34.4551	34.4086	34.3638	34.3368	34.3056	34.2634	34.1943	34.1683	34.113	34.0938	34.1157	34.0448	33.9751	33.9767	33.9138	33.8782	33.8359	33.7984	33.7419	33.6999	33.7041	33.625	33.5734	33.5256	33.5073	33.4513	33.4211	33.3475	33.3372	33.2921	33.2373	33.1962	33.1765	33.137	33.0917	33.0242	32.9796	32.9757	32.9704	32.9011	32.8418	32.7706	32.8267	32.7586	32.7732	32.7119	32.5998	32.5603	32.5206	32.4967	32.4168	32.4897	32.4408	32.4153	32.3133	32.281	32.3014	32.2806	32.1812	32.1311	32.0982	32.0906	32.0794	32.0307	32.0103	31.9716	31.9394	31.9031	31.9004	31.8183	31.7023	31.7578	31.682	31.7086	31.6489	31.6588	31.5364	31.5711	31.5094	31.449	31.3119	31.3649	31.3389	31.3751	31.2304	31.1805	31.1477	31.1512	31.1319	31.1618	31.1089	31.157	31.1302	31.0987	31.0459	31.0889	31.2727	31.6032	32.3149	35.2565
Hmi-AMac_040-Ex1-03F.clmp.r1r2_fastp	35.4427	35.3071	35.4096	35.3885	35.4717	35.5008	35.4322	35.4373	35.4112	35.4284	35.4637	35.4376	35.3981	35.385	35.3822	35.3779	35.3704	35.3513	35.3454	35.3301	35.306	35.2752	35.2431	35.211	35.1882	35.1655	35.1152	35.081	35.0619	35.0139	35.0118	34.9959	34.949	34.909	34.8978	34.8663	34.8435	34.8129	34.7764	34.7606	34.7123	34.6929	34.6596	34.6494	34.5714	34.5245	34.543	34.4877	34.4726	34.4391	34.4131	34.3637	34.2921	34.2886	34.2479	34.1874	34.1586	34.1131	34.0963	34.0427	34.0519	33.9756	33.8865	33.873	33.8394	33.7991	33.7509	33.6976	33.6368	33.6243	33.5904	33.5351	33.4768	33.4433	33.4189	33.3695	33.332	33.2569	33.2376	33.2028	33.1459	33.1475	33.1076	33.0331	32.9925	32.9304	32.9093	32.8417	32.8493	32.7879	32.7575	32.7025	32.7218	32.6579	32.6564	32.5696	32.5394	32.4649	32.4391	32.3799	32.3385	32.345	32.3216	32.3039	32.2003	32.176	32.1519	32.2093	32.0904	31.9899	32.013	31.948	31.9317	31.8592	31.8487	31.8279	31.7391	31.7336	31.6415	31.6181	31.6191	31.5955	31.547	31.5637	31.4598	31.4591	31.39	31.3948	31.3566	31.2775	31.1372	31.2253	31.1917	31.196	31.0881	31.0387	31.0456	31.0196	31.0637	31.039	30.9622	30.9951	31.0379	30.9568	30.9201	31.0024	31.1717	31.5161	32.2214	35.2193
Hmi-AMac_041-Ex1-04F.clmp.r1r2_fastp	35.6641	35.5557	35.6138	35.6082	35.6797	35.7064	35.6514	35.6632	35.6294	35.6219	35.6647	35.6354	35.6259	35.6004	35.5978	35.6035	35.6008	35.5607	35.5615	35.533	35.5257	35.4888	35.4751	35.4424	35.4057	35.3838	35.3513	35.3189	35.2911	35.2555	35.2659	35.2325	35.1876	35.1577	35.1487	35.1398	35.1208	35.0828	35.0537	35.0391	34.9981	34.9805	34.9283	34.9154	34.8519	34.8126	34.8179	34.777	34.7522	34.7242	34.7373	34.6421	34.5706	34.5687	34.5492	34.5011	34.4503	34.4015	34.3826	34.3569	34.3554	34.2793	34.2068	34.1674	34.1499	34.1064	34.0676	34.0221	33.98	33.9531	33.9148	33.8658	33.8089	33.7615	33.7306	33.6549	33.6266	33.5494	33.5534	33.4962	33.4382	33.4044	33.4047	33.3252	33.2696	33.2287	33.1727	33.159	33.1669	33.0683	33.036	32.9858	32.9997	32.9376	32.9606	32.9012	32.8107	32.8055	32.746	32.6917	32.6392	32.6138	32.6017	32.5902	32.4934	32.4609	32.4627	32.4735	32.3484	32.2995	32.2434	32.2586	32.1899	32.1778	32.1315	32.1504	32.0603	32.0247	31.9402	31.9282	31.8932	31.8552	31.8139	31.8097	31.8158	31.7663	31.6681	31.7102	31.6368	31.5743	31.4908	31.4988	31.481	31.4962	31.3923	31.3367	31.3687	31.2965	31.3041	31.3165	31.3242	31.2959	31.281	31.2398	31.1692	31.2698	31.4533	31.7592	32.4396	35.3185
Hmi-AMac_042-Ex1-05F.clmp.r1r2_fastp	35.7621	35.6302	35.6882	35.6616	35.7486	35.7583	35.6972	35.7007	35.6937	35.7158	35.7351	35.718	35.6954	35.6762	35.6715	35.6778	35.6846	35.6661	35.6722	35.6565	35.6427	35.63	35.5913	35.5829	35.5517	35.5301	35.5267	35.4798	35.4878	35.4583	35.4546	35.4404	35.399	35.3756	35.3762	35.3614	35.3642	35.3359	35.307	35.3072	35.2596	35.2628	35.2225	35.1986	35.1685	35.1487	35.1597	35.1256	35.0931	35.0764	35.0791	35.05	34.9739	34.9572	34.9773	34.9462	34.9078	34.8721	34.8512	34.8313	34.8226	34.7572	34.6976	34.6979	34.6903	34.6614	34.6429	34.581	34.5535	34.5458	34.5012	34.473	34.4348	34.386	34.3537	34.3408	34.3109	34.2538	34.2333	34.2068	34.1304	34.1365	34.0912	34.0644	34.0066	33.9488	33.9242	33.8933	33.8953	33.8429	33.7798	33.777	33.7689	33.7061	33.6893	33.6571	33.5783	33.5459	33.4449	33.4278	33.3581	33.3664	33.3016	33.2853	33.2038	33.1838	33.1699	33.1659	33.0476	32.9716	32.9487	32.9528	32.8638	32.837	32.8072	32.7179	32.6326	32.6156	32.5175	32.4937	32.433	32.3895	32.339	32.2974	32.1949	32.2142	32.1389	32.1312	32.0203	31.9594	31.8077	31.8013	31.7163	31.788	31.6642	31.581	31.51	31.5056	31.4937	31.4308	31.3346	31.3355	31.3691	31.337	31.254	31.279	31.5518	31.8709	32.6404	35.4061
Hmi-AMac_043-Ex1-06F.clmp.r1r2_fastp	35.503	35.3483	35.4292	35.438	35.52	35.5416	35.4716	35.4849	35.4663	35.4717	35.5226	35.4739	35.4432	35.4274	35.4216	35.4363	35.4298	35.3955	35.3783	35.3433	35.3416	35.3045	35.2733	35.2427	35.2193	35.1814	35.1384	35.09	35.0855	35.0367	35.0475	35.0226	34.9729	34.9287	34.9279	34.9074	34.8805	34.8245	34.802	34.7927	34.7342	34.7292	34.681	34.657	34.5897	34.5503	34.5671	34.4946	34.4661	34.4289	34.4546	34.3751	34.3048	34.242	34.2754	34.2253	34.1506	34.1482	34.0893	34.0748	34.0373	33.9841	33.8742	33.8853	33.8541	33.8043	33.7374	33.7119	33.66	33.6175	33.5776	33.5865	33.491	33.4338	33.4176	33.3736	33.3016	33.2457	33.212	33.2114	33.1442	33.0988	33.0561	33.0335	32.9611	32.9296	32.8976	32.8257	32.8495	32.8005	32.7334	32.7146	32.7243	32.6787	32.6817	32.5971	32.5241	32.4583	32.4366	32.3751	32.3484	32.3417	32.327	32.276	32.2367	32.1805	32.1523	32.2025	32.0917	32.011	31.9864	31.9662	31.8991	31.9132	31.8562	31.8304	31.7598	31.7425	31.7438	31.6509	31.5834	31.6145	31.5726	31.5344	31.5129	31.4697	31.4681	31.4233	31.359	31.3011	31.2078	31.253	31.2426	31.2006	31.1703	31.0877	31.0568	31.0627	31.0763	31.1282	31.0599	31.0007	31.0216	30.9816	30.9663	31.0312	31.2101	31.5321	32.2574	35.209
Hmi-AMac_044-Ex1-07F.clmp.r1r2_fastp	35.4707	35.3424	35.3963	35.3978	35.4929	35.499	35.4367	35.4485	35.4115	35.4272	35.4677	35.4206	35.4045	35.3882	35.377	35.3936	35.3892	35.3742	35.3627	35.3281	35.3236	35.2802	35.271	35.2275	35.2	35.185	35.1333	35.1136	35.1032	35.0521	35.078	35.0147	35.0128	34.978	34.9527	34.9517	34.9193	34.8866	34.8616	34.8419	34.8052	34.7944	34.7678	34.733	34.6808	34.6444	34.6665	34.6154	34.587	34.5744	34.5488	34.4922	34.4443	34.4323	34.4266	34.3724	34.3233	34.2978	34.2771	34.2506	34.2562	34.1882	34.1333	34.1305	34.1074	34.0555	34.0225	33.9739	33.9527	33.9182	33.8738	33.8392	33.8276	33.7587	33.719	33.6975	33.6567	33.6306	33.6115	33.5661	33.5091	33.5091	33.5126	33.4205	33.3883	33.346	33.3077	33.3082	33.2876	33.2276	33.1876	33.1467	33.1752	33.1398	33.1433	33.0752	33.0125	32.9686	32.9218	32.8979	32.8616	32.8799	32.8276	32.8379	32.7285	32.7198	32.7167	32.7246	32.6039	32.5882	32.5521	32.5636	32.5243	32.4886	32.5091	32.4407	32.3929	32.3347	32.3285	32.2709	32.2052	32.239	32.2156	32.1979	32.1812	32.1581	32.0911	32.0957	32.0481	31.9804	31.8746	31.9102	31.8982	31.9536	31.8099	31.7861	31.7741	31.7595	31.7695	31.793	31.7272	31.7296	31.7175	31.6475	31.666	31.7036	31.8634	32.166	32.7617	35.3908
Hmi-AMac_045-Ex1-08F.clmp.r1r2_fastp	35.5688	35.4112	35.429	35.4618	35.4892	35.5476	35.4796	35.4762	35.4414	35.3934	35.5055	35.4221	35.4273	35.4328	35.3956	35.4475	35.3787	35.3933	35.332	35.3384	35.3238	35.2379	35.2637	35.2124	35.189	35.1647	35.1258	35.0939	35.0663	35.034	35.0194	34.9854	34.9565	34.9239	34.9172	34.9254	34.8834	34.8485	34.8096	34.803	34.7525	34.741	34.7153	34.6961	34.6319	34.5965	34.6028	34.5291	34.5018	34.4707	34.4778	34.4285	34.3538	34.3311	34.2985	34.2709	34.2262	34.1724	34.1395	34.1382	34.1315	34.0633	33.9813	33.9688	33.9428	33.9084	33.8886	33.822	33.7839	33.7499	33.7575	33.6935	33.6296	33.5858	33.5618	33.5326	33.4954	33.4255	33.4043	33.3386	33.3117	33.2995	33.2461	33.1952	33.1116	33.0847	33.0484	33.0421	33.0728	32.9883	32.9419	32.9539	32.8858	32.8614	32.8731	32.8168	32.7465	32.7003	32.6444	32.6665	32.5733	32.5829	32.5433	32.5036	32.4594	32.3837	32.3945	32.3779	32.3125	32.2551	32.2536	32.2186	32.1697	32.1462	32.1484	32.0649	32.0191	31.9738	31.9323	31.8944	31.8626	31.8923	31.839	31.7975	31.7521	31.6886	31.6694	31.6953	31.6157	31.5932	31.4702	31.5219	31.4769	31.4964	31.4209	31.3838	31.3595	31.3255	31.3531	31.3424	31.3157	31.3022	31.3322	31.2663	31.2438	31.2833	31.496	31.7488	32.4882	35.324
Hmi-AMac_046-Ex1-09F.clmp.r1r2_fastp	35.5451	35.4254	35.474	35.4632	35.5387	35.5601	35.4997	35.5122	35.4754	35.4901	35.5167	35.4852	35.4525	35.4238	35.4308	35.4296	35.4268	35.4044	35.4045	35.3859	35.3668	35.3359	35.3068	35.2727	35.2446	35.2138	35.1997	35.1463	35.144	35.1339	35.0876	35.0689	35.0251	34.9963	34.9908	34.9709	34.9363	34.9156	34.852	34.8481	34.7827	34.7827	34.7445	34.734	34.6813	34.6304	34.6333	34.5829	34.5197	34.4868	34.4976	34.4457	34.3765	34.3629	34.3477	34.2933	34.266	34.2443	34.173	34.1633	34.1504	34.1009	34.0121	34.0044	33.9558	33.9568	33.9202	33.8462	33.752	33.7301	33.684	33.6793	33.5772	33.5524	33.5148	33.497	33.4182	33.4165	33.3875	33.3668	33.278	33.2661	33.1788	33.1915	33.0907	33.0961	33.0612	33.0222	33.007	32.9693	32.8932	32.8618	32.8923	32.871	32.8213	32.7843	32.6715	32.6779	32.5881	32.5143	32.5133	32.5477	32.5002	32.4838	32.414	32.354	32.3515	32.3534	32.2463	32.2389	32.1748	32.1718	32.104	32.1292	32.0662	32.0773	31.9761	32.0172	31.9502	31.8688	31.7956	31.8256	31.7513	31.7523	31.7236	31.6808	31.6776	31.6794	31.6212	31.5241	31.4552	31.4521	31.4334	31.4336	31.3546	31.3013	31.2462	31.2348	31.3485	31.2818	31.2742	31.2111	31.2308	31.1533	31.1582	31.2427	31.4373	31.6491	32.4273	35.2899
Hmi-AMac_047-Ex1-10F.clmp.r1r2_fastp	35.4003	35.2179	35.2777	35.2855	35.3854	35.4122	35.336	35.3425	35.3202	35.3179	35.3775	35.3279	35.3135	35.2996	35.2806	35.3123	35.2812	35.2676	35.2626	35.237	35.2276	35.1852	35.1665	35.1259	35.1057	35.0773	35.04	35.0223	35.0092	34.9526	34.9707	34.9338	34.9081	34.874	34.8552	34.8544	34.8367	34.81	34.775	34.7477	34.7177	34.7028	34.6628	34.637	34.6006	34.5501	34.5717	34.5119	34.4866	34.4551	34.459	34.4196	34.3618	34.3111	34.314	34.2449	34.2286	34.1975	34.1644	34.1323	34.1502	34.0763	33.982	33.9777	33.9619	33.9403	33.8911	33.8288	33.7596	33.7784	33.7172	33.6776	33.6502	33.5991	33.5652	33.5424	33.4975	33.4374	33.4582	33.4051	33.371	33.3233	33.3152	33.28	33.2102	33.1497	33.1252	33.1081	33.1078	33.0598	33.0225	33.0012	32.9984	32.955	32.9445	32.8694	32.8118	32.7759	32.7089	32.7029	32.655	32.6253	32.6094	32.619	32.5256	32.4737	32.4766	32.4749	32.402	32.3291	32.311	32.3136	32.2387	32.2456	32.1922	32.1883	32.1115	32.1352	32.0696	32.0162	31.9128	31.9762	31.9203	31.861	31.8553	31.8174	31.7655	31.7965	31.7168	31.6481	31.5542	31.5598	31.581	31.595	31.501	31.4396	31.4447	31.4142	31.4694	31.4318	31.3985	31.3415	31.3702	31.2794	31.3179	31.3347	31.5355	31.7945	32.5322	35.2999
Hmi-AMac_048-Ex1-11F.clmp.r1r2_fastp	35.4077	35.2399	35.3042	35.3142	35.3901	35.4142	35.333	35.3449	35.3026	35.3263	35.3607	35.3224	35.309	35.2794	35.2859	35.2926	35.2809	35.2705	35.2586	35.2232	35.2159	35.1786	35.162	35.145	35.1008	35.0812	35.0473	35.017	35.0035	34.9594	34.9794	34.9353	34.8959	34.8799	34.8575	34.8471	34.8272	34.7829	34.7431	34.7427	34.689	34.692	34.6387	34.6357	34.5657	34.5079	34.5209	34.5048	34.4552	34.4212	34.4129	34.3727	34.2931	34.2813	34.268	34.2284	34.1847	34.1547	34.1237	34.0985	34.1177	34.0186	33.9316	33.9468	33.8784	33.852	33.828	33.7729	33.7507	33.7186	33.6713	33.6154	33.5754	33.5245	33.4723	33.447	33.4082	33.3609	33.3348	33.2927	33.2457	33.2569	33.2043	33.1549	33.0925	33.074	33.0315	32.9903	33.0006	32.9392	32.8912	32.8382	32.8672	32.828	32.8414	32.7566	32.6952	32.6662	32.6063	32.5404	32.4893	32.548	32.4675	32.4467	32.3871	32.3301	32.3725	32.3728	32.2562	32.169	32.149	32.1539	32.1313	32.1071	32.0487	32.0253	31.9476	31.9731	31.8944	31.8519	31.7746	31.8013	31.7576	31.7377	31.6757	31.7056	31.5969	31.6153	31.5373	31.505	31.3985	31.4389	31.3587	31.4232	31.3173	31.2661	31.2305	31.2395	31.2337	31.2436	31.1619	31.1802	31.1181	31.1008	31.0736	31.1385	31.3287	31.6422	32.317	35.2443
Hmi-AMac_049-Ex1-12F.clmp.r1r2_fastp	35.4729	35.3176	35.3558	35.3674	35.4431	35.4766	35.3902	35.4034	35.3694	35.3841	35.424	35.3747	35.3645	35.3448	35.3398	35.3509	35.3353	35.3159	35.3072	35.2787	35.2758	35.2342	35.206	35.1741	35.1421	35.1262	35.0848	35.0615	35.0526	35.0178	35.0134	34.973	34.9282	34.9038	34.8847	34.8715	34.8595	34.7887	34.7946	34.7807	34.7195	34.6973	34.6601	34.6472	34.5872	34.5439	34.5515	34.4939	34.4763	34.4471	34.4326	34.3658	34.3034	34.2649	34.2781	34.2345	34.1692	34.1636	34.0986	34.0682	34.0601	34.0111	33.9137	33.9171	33.8806	33.8495	33.7833	33.7503	33.6845	33.6659	33.6153	33.5979	33.54	33.4822	33.469	33.4119	33.3615	33.3119	33.291	33.2502	33.1822	33.1906	33.1327	33.1003	33.0549	32.9996	32.9674	32.9152	32.9178	32.8548	32.8298	32.7759	32.7981	32.7733	32.7623	32.675	32.6223	32.5779	32.5205	32.4478	32.4354	32.482	32.4001	32.3617	32.316	32.2574	32.2414	32.2487	32.1354	32.0958	32.0556	32.0521	32.013	31.9893	31.949	31.9353	31.8513	31.8435	31.7773	31.7423	31.6886	31.706	31.6557	31.639	31.5872	31.5438	31.5146	31.5319	31.477	31.3813	31.2812	31.3586	31.2867	31.2921	31.2171	31.1695	31.1447	31.1652	31.1597	31.1279	31.1159	31.0614	31.1146	31.0736	30.9847	31.0904	31.2645	31.584	32.32	35.249
Hmi-CBas_001-Ex1-01A.clmp.r1r2_fastp	34.9028	34.7931	34.9439	34.973	35.0045	34.9665	34.99	34.971	34.9126	34.8881	34.8869	35.0179	34.7417	34.8507	34.8674	34.7444	34.7847	34.7775	34.7717	34.7668	34.845	34.8862	34.6415	34.7964	34.6332	34.7764	34.761	34.6861	34.6626	34.6249	34.6686	34.6285	34.4269	34.5378	34.4348	34.6573	34.351	34.396	34.4508	34.5063	34.1746	34.5491	34.0466	34.3562	34.2695	34.114	34.0962	34.2158	34.1918	34.063	33.8533	33.9265	33.8243	33.8464	33.7494	33.9182	33.5329	33.7714	33.7272	33.8029	33.6304	33.6495	33.6373	33.6498	33.3519	33.7373	33.3533	33.287	33.4393	33.1734	33.2667	33.22	33.1605	33.0495	33.0043	32.7437	32.8504	33.1303	32.9104	32.7787	32.8067	32.8607	32.4994	32.6585	32.6967	32.5724	32.3364	32.4947	32.4442	32.4823	32.1428	32.2294	32.2068	32.287	32.0947	32.2337	31.864	32.2938	32.0458	31.9115	32.0185	32.0886	31.8995	31.9835	31.6844	31.7924	31.7096	31.8955	31.3275	31.3933	31.2512	31.4424	31.0475	31.5387	31.3594	31.3603	31.0059	31.0877	30.9837	31.2711	30.9781	31.1189	30.9932	31.0895	30.7603	30.9123	30.7375	31.1268	30.8121	30.9869	30.5207	30.5164	30.5664	30.759	30.4186	30.6615	30.2759	30.5516	30.4836	30.4842	30.0848	30.7256	30.6671	30.7392	30.2439	30.531	30.7716	31.3699	31.9599	35.1938
Hmi-CBas_002-Ex1-09C.clmp.r1r2_fastp	35.1076	34.7496	35.3018	35.2502	35.1372	35.4116	35.3811	35.2681	35.2197	35.4448	35.3805	35.1733	35.3505	35.4012	35.3922	35.2616	35.1502	35.2143	35.1825	35.3075	35.1216	35.172	35.0763	35.3108	35.2338	35.2464	35.1639	35.1179	34.9954	34.9515	35.1303	34.8568	35.1046	34.8005	35.1379	35.0443	35.0446	34.9207	34.9592	34.6338	34.6418	34.8802	34.8835	34.783	34.7709	34.2769	34.4881	34.4392	34.5614	34.6445	34.5296	34.5455	34.6295	34.5698	34.49	34.5265	34.2896	34.4276	34.4061	34.2839	34.3843	34.269	34.1784	34.2729	34.2557	33.8431	33.8864	33.8814	33.8668	34.1312	33.8554	33.7774	33.5465	33.8246	33.6949	33.5874	33.7272	33.527	33.6877	33.7793	33.4328	33.7878	33.6565	33.4729	33.4576	33.5649	33.3235	33.2584	33.285	33.0975	32.9611	33.1717	32.8025	33.0029	33.071	32.8568	32.7034	32.8337	32.5462	32.5819	32.4245	32.465	32.366	32.4934	32.7235	32.4815	32.4252	32.3361	31.9528	32.4892	31.7801	32.2772	31.8472	32.4458	32.0012	32.4568	31.8256	32.003	31.8713	31.7949	31.7531	31.8239	31.574	31.5564	31.3648	32.1663	31.275	31.7969	31.2605	31.9853	32.0208	31.3597	31.3008	31.4236	31.1376	31.4495	31.444	31.2312	31.0584	31.2066	30.9565	30.9831	31.0383	31.6393	31.3552	31.7725	31.1643	31.4676	32.5226	35.3075
Hmi-CBas_003-Ex1-09F.clmp.r1r2_fastp	35.3748	35.1846	35.19	35.3496	35.2547	35.4587	35.348	35.426	35.21	35.3986	35.2442	35.4204	35.4941	35.2785	35.1848	35.2259	35.3825	35.2097	35.1414	35.2628	35.241	35.2834	35.0323	35.0188	35.0372	35.1896	35.1079	35.1025	35.0856	34.8571	35.0131	34.9089	35.0671	34.8833	34.7789	34.8536	35.0021	34.941	35.0541	34.9654	34.8778	35.0778	34.7697	34.6028	34.7336	34.6389	34.5225	34.4598	34.4928	34.9163	34.6783	34.6051	34.4907	34.7476	34.492	34.3533	34.2337	34.5142	34.4913	34.4201	34.3729	33.9081	34.2374	34.379	33.8758	33.8501	33.958	34.1454	33.9609	33.7301	33.5794	33.7025	33.5932	34.0986	33.7102	33.3317	33.6365	33.6427	33.785	33.4889	33.4709	33.0427	33.2864	33.3644	33.2425	33.0083	33.3343	33.3352	33.6201	32.7853	32.6768	33.0789	33.204	33.4401	33.0843	32.9674	33.0837	33.1458	32.631	33.071	33.1089	32.8047	33.0879	32.3019	32.8527	32.7081	32.6776	32.6895	32.4687	32.5047	32.1837	32.4868	32.425	32.7229	32.4112	32.7271	32.21	32.8159	32.6218	32.1039	31.7352	31.6987	32.0888	31.623	32.0989	32.3536	31.5352	31.9241	31.5575	31.5925	31.5276	31.8965	31.3318	31.7959	31.2521	30.5482	32.0736	31.8556	31.3523	31.7264	32.0833	31.0961	31.2147	31.7481	30.8946	31.5866	31.8606	32.617	31.9267	35.3286
Hmi-CBas_004-Ex1-10B.clmp.r1r2_fastp	35.4923	35.4683	35.5499	35.5203	35.6199	35.5943	35.5584	35.577	35.5512	35.6539	35.5055	35.5774	35.6105	35.5597	35.5243	35.481	35.4899	35.4289	35.4867	35.5089	35.5816	35.4565	35.4675	35.5292	35.4707	35.382	35.4291	35.3958	35.3783	35.3634	35.4751	35.4007	35.3847	35.3834	35.3206	35.3026	35.2055	35.1713	35.1072	35.0591	34.9645	35.134	35.0384	34.9932	35.1763	35.0433	34.9025	34.9306	34.9576	35.0257	35.1364	35.0858	34.9831	34.9823	35.0547	35.0485	34.9396	34.9328	34.8943	34.8506	34.8324	34.8582	34.8603	34.8693	34.7344	34.5388	34.6102	34.6184	34.5752	34.6193	34.6145	34.4786	34.51	34.5195	34.4983	34.4685	34.4781	34.4022	34.3234	34.3341	34.4195	34.5062	34.2965	34.2577	34.254	34.2746	34.1995	34.2957	34.3925	34.3374	34.2965	34.3339	34.2592	34.2175	34.1687	34.0977	33.9983	33.7584	34.0311	34.0251	33.9202	33.839	33.8281	33.7441	33.8929	33.9211	33.7595	33.9431	33.5717	33.4064	33.4555	33.5327	33.6034	33.2827	33.6368	33.429	33.4076	32.9843	33.3598	33.3401	33.4205	33.3982	33.1089	33.3618	33.6089	32.7405	32.9926	33.0292	33.0158	32.6914	32.5715	33.3296	33.3392	32.4613	32.3822	32.8351	32.514	33.1789	32.5718	32.9171	32.7855	32.5718	32.3213	32.5079	32.1012	32.0795	32.2464	32.9191	33.3652	35.5466
Hmi-CBas_005-Ex1-10G.clmp.r1r2_fastp	35.3562	35.4002	35.3944	35.5948	35.6209	35.7161	35.4809	35.6957	35.5945	35.5116	35.6206	35.6186	35.6403	35.4725	35.704	35.4592	35.5133	35.5545	35.6257	35.5596	35.6428	35.4156	35.5619	35.4415	35.4157	35.5183	35.5677	35.3298	35.3033	35.3317	35.3052	35.3978	35.4956	35.4848	35.5036	35.1908	35.4126	35.3227	35.3748	35.3624	35.2177	35.2863	35.2671	35.2085	35.0436	35.114	35.3149	35.0642	35.0428	34.9325	35.0216	35.0766	35.112	35.0982	34.8189	34.8589	34.9658	34.9277	34.794	34.8492	34.8417	34.6759	34.8428	34.7589	34.7884	34.7516	34.8715	34.6783	34.5199	34.7409	34.5839	34.324	34.6562	34.3611	34.4856	34.3062	34.5225	34.4203	34.6487	34.3744	34.3924	34.4208	34.4909	34.2977	34.4183	34.2743	34.3235	34.1738	34.3502	34.1875	34.2689	33.9497	34.3553	34.2257	34.3965	33.8668	34.0019	34.2172	33.8397	33.8504	34.0077	33.8477	33.9086	33.8742	34.0499	34.0813	33.7819	33.3979	33.7805	33.5831	33.556	33.6036	33.3147	33.8329	33.8597	33.7162	33.3477	33.7438	33.6353	33.4408	33.502	33.3643	33.3313	33.2543	33.3544	32.995	33.227	33.6302	33.1421	32.8428	32.9959	32.8545	33.0956	33.0166	32.4885	32.4481	32.6634	33.0298	33.4131	32.4761	32.3146	33.0272	33.0575	33.1234	32.8394	32.3602	32.3851	32.3833	33.0937	35.7136
Hmi-CBas_006-Ex1-03H.clmp.r1r2_fastp	35.3941	34.993	35.2566	35.3302	35.4568	35.5614	35.5427	35.4046	35.2788	35.5234	35.4879	35.3705	35.3789	35.2043	35.4953	35.4645	35.4552	35.2677	35.2798	35.5199	35.5058	35.4311	35.4058	35.4202	35.4527	35.1534	35.0853	35.2693	35.1257	34.933	34.9755	34.8866	35.1361	35.0473	35.0687	34.746	34.9188	35.0509	35.0032	34.6768	34.5811	34.786	34.8853	34.9435	34.7331	34.9201	34.6436	34.6622	34.6394	34.4869	34.4806	34.1936	34.2925	34.2726	34.56	34.4183	34.5667	34.3143	34.1992	34.3151	33.8955	33.7043	33.3234	33.5017	33.5462	33.879	33.7125	33.6232	33.7834	33.7419	33.625	33.4434	33.4059	33.3994	33.2313	33.1537	33.3814	33.4287	33.3399	33.0553	33.0217	33.2135	32.5609	32.9279	32.0775	32.5186	32.5281	32.8254	32.5741	32.6991	32.3067	32.5795	32.3296	32.9204	32.5152	32.6046	32.5017	32.2297	32.2746	32.2267	32.1585	32.1137	32.1205	32.2189	31.9983	32.409	31.5724	31.7955	31.3701	32.0059	31.1972	31.2572	30.7454	31.5126	31.5228	31.6212	31.17	31.7491	31.8298	31.9459	31.3978	31.4182	31.6503	31.7105	31.0571	31.2743	31.4285	31.3176	31.2055	31.1552	30.7713	31.0612	30.2941	30.5277	30.7212	30.9018	30.6075	30.4273	30.8528	30.5311	30.4104	30.8592	30.8719	31.0613	30.7443	30.7101	30.8923	30.4484	31.9379	35.142
Hmi-CBas_007-Ex1-04F.clmp.r1r2_fastp	35.2939	35.1867	35.1876	35.1926	35.2949	35.3444	35.3622	35.2191	35.1967	35.3113	35.3154	35.2581	35.2473	35.2412	35.1972	34.968	35.253	35.3164	34.5754	35.0306	34.6824	35.0361	34.6681	35.1199	34.5371	34.8279	34.8305	34.9703	34.938	34.569	34.8718	34.5565	34.7105	34.3925	34.5405	34.5544	34.3626	34.505	34.7716	34.4572	34.292	34.366	34.4337	34.4765	34.2241	34.4118	34.4856	34.5827	33.8592	34.2128	33.8957	34.3074	33.7891	33.9141	34.4986	33.9141	34.2923	33.7182	34.1134	33.3746	33.8446	33.5107	33.7218	33.9827	33.8851	33.6525	33.6497	33.3667	33.3174	33.4435	33.1468	33.1351	33.3818	33.7029	33.2954	33.5295	33.5577	33.3636	33.4388	33.5884	33.7767	33.1858	33.3886	33.7121	33.3653	33.1855	33.5139	32.9914	33.2009	33.1189	33.4581	32.8024	33.1185	32.7628	32.4604	32.9077	31.7988	32.4919	32.6216	32.992	32.8203	32.5107	32.3018	32.827	31.9645	32.4176	32.1856	32.0386	32.3031	32.183	31.6931	32.0876	32.3998	31.4525	32.2175	32.26	31.8911	31.8803	31.3846	32.516	32.4504	31.5278	32.0957	32.3319	31.6891	31.3295	31.874	32.5577	31.6272	32.2396	32.3402	31.6813	31.7091	31.7292	31.1065	31.8365	31.0096	31.4124	31.9103	32.1338	31.8746	31.3873	30.4824	30.4727	30.726	30.3526	31.6616	31.413	31.8547	35.1167
Hmi-CBas_008-Ex1-05C.clmp.r1r2_fastp	34.7383	34.3262	34.5955	34.724	34.5936	34.9192	34.862	34.7176	34.8493	34.7901	34.5657	34.7959	34.4188	34.4213	34.6655	34.8665	34.7017	34.8957	34.4506	34.5345	34.6496	34.7921	34.4734	35.0426	34.8582	34.3323	34.5949	34.5994	34.3157	34.3062	34.4747	34.3463	34.282	34.4105	34.2146	34.5173	34.5396	34.4366	34.5243	34.1657	34.5191	34.5954	34.673	34.1298	34.5293	34.2506	34.3486	34.3791	34.5732	34.3225	34.458	34.6965	34.5576	33.3304	34.2712	34.4367	34.276	33.8074	33.8474	34.1418	34.3788	34.2189	33.2252	33.5395	33.0915	33.7446	34.2309	34.1205	34.347	33.9217	33.7412	32.4653	32.8116	32.6172	32.7311	32.944	33.8387	32.9826	33.7591	33.4759	32.7526	33.1332	33.923	34.1238	33.7221	32.7036	32.645	31.9931	33.7102	32.3776	32.804	32.5799	32.7804	32.4146	32.8839	32.6265	33.2054	32.1862	34.0972	32.5315	32.9316	32.6127	32.7458	33.5043	32.7395	32.8841	32.1774	32.5648	32.7228	32.613	31.7725	31.5559	31.9613	32.6194	32.5271	31.7915	32.2785	31.6791	32.8355	31.7939	33.1539	32.3143	31.8942	31.3622	32.8499	33.1621	31.5372	31.8535	33.5666	31.2727	32.6019	32.2188	31.7446	31.7952	32.5021	32.2123	32.2911	32.0917	32.6058	32.4033	31.8862	32.1967	33.6608	31.3876	31.2815	30.3569	32.8558	31.5985	33.5776	35.2755
Hmi-CBas_009-Ex1-05G.clmp.r1r2_fastp	35.4411	35.2754	35.4783	35.5243	35.4582	35.4651	35.4102	35.3193	35.4297	35.5433	35.56	35.5783	35.4468	35.3353	35.5491	35.2855	35.3942	35.5426	35.4857	35.4898	35.4478	35.4028	35.3284	35.2933	35.0833	35.3632	35.2626	35.3338	35.3084	34.9968	35.121	35.0972	34.8972	34.9625	34.9636	35.2025	34.9115	34.8223	35.0063	34.781	34.865	34.9754	34.8502	34.9888	34.7513	34.7631	34.9022	34.7012	34.7129	34.7384	34.6706	34.728	34.4191	34.5205	34.7015	34.4711	34.6124	34.4248	34.4301	34.4042	34.2009	34.2112	34.3558	34.2199	34.2498	34.0335	34.4576	34.0027	33.9785	33.9778	33.9874	33.6586	34.1596	33.9593	33.7288	33.7775	33.9272	33.9627	33.5226	33.5911	33.4214	33.226	33.6727	33.5042	33.4939	33.3902	33.406	33.7555	33.3243	33.3523	33.1331	33.3557	33.244	32.8022	33.033	33.144	32.909	32.9695	33.3951	32.3724	32.6958	32.4813	32.609	32.39	32.4476	32.6939	32.1231	32.4356	32.1377	32.5302	32.8338	32.0291	32.5019	32.6298	32.1862	32.3229	31.8686	32.173	32.1745	32.1737	32.098	32.5776	32.1937	31.9385	32.1998	32.6908	32.1088	32.6235	31.9672	32.0513	31.751	31.9124	31.0506	31.5784	31.3779	31.3585	30.8909	31.2047	31.7613	31.4105	31.3775	31.7295	30.9149	31.5971	31.5309	31.6986	32.2963	31.65	32.9729	35.2578
Hmi-CBas_010-Ex1-06E.clmp.r1r2_fastp	35.607	35.1494	35.1599	35.2874	35.4076	35.3749	35.4253	35.1791	35.3098	35.3432	35.3779	35.3532	35.3581	35.4106	35.2602	35.2752	35.2929	35.2153	35.2065	35.3869	35.2737	35.3756	35.1986	35.4314	35.1731	35.2891	35.2851	35.1859	35.1394	35.3157	35.1272	35.2162	35.2493	35.1936	35.0831	35.0479	34.8568	35.2005	35.2341	35.2018	34.9289	35.2194	34.9488	34.8723	34.8514	34.8655	34.9658	34.9512	34.704	34.7416	34.7349	35.0457	34.6224	34.7609	34.5121	34.6767	34.6062	34.5667	34.4321	34.6654	34.582	34.5874	34.4374	34.549	34.36	34.2754	34.3554	34.2518	34.4577	34.3581	34.1336	34.4899	34.1502	34.0607	34.0313	34.0863	34.1608	34.2024	33.8766	33.9166	33.8967	34.0488	34.0027	33.7633	33.4901	33.8634	33.4756	33.7462	33.3953	33.339	33.0301	33.0984	32.8611	33.2683	32.6015	32.3378	32.6475	32.4473	32.846	32.54	33.0018	31.9736	32.9695	32.3007	32.7322	31.831	32.7136	31.3455	32.533	31.0052	31.8253	31.0596	31.8596	30.8133	31.314	30.4122	31.28	30.7151	31.2474	30.4916	31.2346	30.332	31.4832	30.5737	30.7462	30.3421	30.6293	30.8362	30.8569	30.7325	30.9614	30.243	30.775	30.4009	30.39	30.4081	30.4887	30.3284	30.4287	30.2327	29.9379	30.3937	30.6602	30.5533	30.3094	30.5819	30.6058	31.2294	31.9318	35.0337
Hmi-CBas_011-Ex1-12E.clmp.r1r2_fastp	35.7012	35.4634	35.8345	35.693	35.8353	35.8488	35.7992	35.8133	35.7247	35.8935	35.8749	35.9316	35.7897	35.7682	35.7188	35.7713	35.6649	35.7822	35.7109	35.7181	35.8196	35.7795	35.5647	35.7079	35.6563	35.6182	35.7283	35.5973	35.5238	35.6736	35.6244	35.5966	35.577	35.5831	35.406	35.3266	35.3946	35.3112	35.4226	35.4362	35.4684	35.1643	35.1321	35.0555	34.9742	34.9805	34.9146	35.1891	35.1056	35.0076	35.104	34.9226	34.8145	34.7471	35.0303	34.5319	34.4937	34.9352	34.823	34.9875	34.9529	34.8547	34.6636	34.3472	34.305	34.5619	34.0495	34.3177	34.0185	34.2967	34.4075	34.0997	33.9495	33.7721	33.8818	33.9478	33.8209	34.0302	33.5114	33.5494	33.9016	33.6739	33.4533	33.2779	33.0793	33.2535	32.5628	33.2693	32.9551	32.7566	32.9592	32.7252	33.2782	33.1525	32.73	32.6622	33.0033	32.8453	32.7713	32.8855	33.2974	32.4082	32.2661	32.854	33.3411	32.3678	32.5011	32.1884	32.7114	32.4947	31.8033	31.7036	31.8362	32.0435	31.7378	31.557	31.4494	31.6874	32.0547	31.3187	31.6644	31.2626	31.3702	30.6631	30.7146	30.4801	31.3873	31.5231	30.8255	30.7309	30.9864	30.211	29.9198	30.5932	30.7169	31.079	30.9286	30.5103	30.3419	30.2048	30.6879	30.6987	31.031	30.744	30.7779	31.515	31.5717	31.0006	31.4409	35.3112
Hmi-CBas_012-Ex1-12G.clmp.r1r2_fastp	35.5314	35.5468	35.526	35.5891	35.7512	35.7535	35.7369	35.6676	35.6185	35.6104	35.7684	35.7278	35.5957	35.652	35.563	35.7775	35.7195	35.7606	35.7562	35.6809	35.8097	35.6097	35.6239	35.7449	35.5309	35.6097	35.6334	35.631	35.3857	35.4302	35.3972	35.3739	35.3903	35.4079	35.3664	35.3753	35.4258	35.2069	35.2529	35.2086	35.3275	35.1267	35.4533	35.2577	35.1158	35.1157	35.1024	35.1771	34.7484	35.0425	35.1277	35.1555	34.9874	35.0038	35.056	35.0933	35.1183	34.9431	34.8848	34.9494	34.8857	34.7598	34.5214	34.4225	34.5163	34.5884	34.3769	34.7311	34.485	34.5765	34.3553	34.3433	34.2684	34.5275	34.6431	34.3966	34.3797	34.1529	34.4985	34.2901	34.1297	34.0971	34.2038	34.2077	34.1876	34.1282	34.0711	34.0844	34.1341	33.8787	33.7978	33.5511	33.911	33.7652	33.7188	33.2388	33.6189	33.4856	33.5564	33.817	33.7401	33.1942	33.2264	33.155	33.5021	33.2066	33.397	33.3081	33.0044	32.9315	33.1128	33.1537	33.1642	33.5546	33.5599	33.1311	33.4811	33.2506	33.1594	32.443	33.2616	32.2896	33.0703	32.7901	32.6194	32.2656	32.9407	33.0516	32.7774	33.262	33.2036	33.2448	32.7206	33.0141	32.5087	31.9081	32.5721	32.6628	31.9515	32.2439	32.2813	32.0193	32.0531	32.6585	32.1059	32.4022	32.0796	32.4707	32.6142	35.4518
Hmi-CBas_013-Ex1-01B.clmp.r1r2_fastp	35.4146	35.1917	35.2436	35.4324	35.4098	35.4187	35.4011	35.4539	35.2176	35.4598	35.4057	35.329	35.3423	35.4585	35.3712	35.4303	35.3357	35.2824	35.251	35.1795	35.2764	35.1938	35.1016	35.1644	35.058	35.0586	35.0568	34.9984	34.9797	35.0963	35.0476	34.9931	35.1648	34.9989	35.1174	34.9061	34.8399	34.7569	34.6777	34.7356	34.5701	34.6281	34.6865	34.8027	34.4621	34.2096	34.4821	34.3654	34.4179	34.2734	34.5554	34.4553	34.3721	34.2698	34.1284	34.127	34.3717	34.2659	34.2662	34.3178	34.2796	34.1844	33.9422	34.157	34.1039	33.8358	34.0645	33.8662	33.9388	33.8071	34.0811	33.7437	33.812	33.4857	33.6149	33.4851	33.4837	33.4577	33.2829	33.5098	33.1527	33.3752	33.4021	33.3307	33.3042	33.1086	33.0599	33.2877	32.9862	33.1674	32.937	33.0057	33.114	32.7324	32.7767	32.717	32.7252	32.6678	32.9003	32.3751	32.5114	32.6928	32.6364	32.6107	32.5839	32.2865	32.3876	32.3791	32.5141	32.0015	32.2549	32.2384	32.2257	31.9483	31.7728	31.8881	31.7449	32.0943	31.7908	32.066	31.8363	31.7403	32.0139	31.7517	31.5775	31.4849	31.8366	31.429	31.768	31.6478	31.9198	31.4019	31.8071	31.7079	30.9589	31.3015	31.3081	31.014	31.0356	31.2318	31.2033	31.1839	31.0452	31.2072	31.7377	31.4327	31.634	31.5193	32.5964	35.2073
Hmi-CBas_014-Ex1-09D.clmp.r1r2_fastp	35.4936	35.4739	35.5292	35.579	35.6232	35.6311	35.7574	35.634	35.5884	35.547	35.5244	35.6354	35.5776	35.5182	35.6182	35.5896	35.5695	35.4941	35.5978	35.6303	35.4928	35.4948	35.5337	35.4978	35.2904	35.3285	34.5327	35.1946	35.3601	34.7131	35.0631	35.134	34.485	35.0684	35.1686	35.0892	34.9897	34.9676	35.1025	35.0107	35.029	34.9671	34.9795	34.8918	34.7	34.9052	34.9086	34.7866	34.7312	34.5527	34.6349	34.7232	34.6753	34.7442	34.6235	34.7069	34.6693	34.54	34.5356	34.5631	34.5507	34.6351	34.7833	34.4699	34.4122	34.5804	34.4047	34.4405	33.9942	34.0758	34.3375	34.2726	34.2246	34.0273	34.0426	34.3112	33.8803	34.0528	34.177	34.1073	33.8867	33.737	33.4218	33.6388	33.7132	33.8519	33.5053	33.4611	33.5005	33.3484	33.1538	33.3704	32.7137	32.5142	32.6308	32.6853	32.3545	32.9209	32.734	32.9668	32.3883	33.2244	32.7166	33.4646	32.7981	33.3668	32.1721	32.6059	31.93	32.4584	32.0862	32.5134	31.8291	31.8271	31.901	32.3365	32.1774	32.3579	32.2245	32.1023	31.6715	31.9394	31.4958	31.4951	31.9451	32.2034	32.0229	31.9354	32.1015	31.7976	31.7354	31.493	31.3519	31.0198	30.9012	31.2879	31.0478	31.2953	30.9218	30.7307	31.4193	31.3228	30.8714	30.6584	31.0229	31.0625	31.1729	31.756	32.7031	35.1664
Hmi-CBas_015-Ex1-09G.clmp.r1r2_fastp	35.2724	35.093	35.2665	35.2534	35.3131	35.071	35.2118	35.1507	35.2276	35.3176	35.2054	35.2326	35.1312	35.2819	35.2633	35.0036	35.3493	34.967	35.1602	35.219	35.1258	35.0783	34.9805	35.1534	35.0344	35.1204	34.9851	34.6213	34.9421	34.8109	34.7493	34.6204	34.438	34.5887	34.6308	34.5615	34.611	34.6019	34.5387	34.4128	34.3061	34.4199	34.6243	34.4708	34.1248	34.3591	34.4802	34.0857	34.3884	33.9663	34.4045	34.278	34.2434	34.4726	34.0016	34.4023	33.9029	33.8752	33.5269	33.4689	33.7743	33.0653	33.2247	33.3194	33.5221	33.4502	33.6085	32.9632	33.4167	33.4724	33.0528	33.1751	33.3022	32.9779	33.442	33.1634	33.3371	32.6968	33.308	32.7078	33.6238	32.9799	32.5566	32.9337	33.3624	32.7799	32.7245	33.3264	33.2537	32.8335	32.8448	32.8785	32.9507	32.5765	32.8536	32.4213	33.3166	32.8769	33.0868	32.5354	33.3509	32.5373	33.0781	32.7115	32.4941	33.0712	33.0956	32.5761	32.6569	32.1147	32.758	32.1309	32.6894	32.5082	32.0904	32.2407	32.0893	32.5606	32.5776	31.6846	31.4975	31.962	31.6997	31.4426	31.6289	31.5826	31.5957	31.2735	32.1494	31.8174	30.6958	31.9061	31.5576	31.0908	32.1616	31.7987	31.9682	31.5628	31.5101	32.0475	30.7908	31.9497	31.4179	31.9065	31.6078	31.2378	30.7864	30.8435	32.9296	35.1826
Hmi-CBas_016-Ex1-10C.clmp.r1r2_fastp	35.1311	35.1308	35.2143	35.2596	35.3033	35.4013	35.2975	35.2723	35.2835	35.4034	35.3258	35.4341	35.403	35.269	35.2906	35.283	35.2721	35.2923	35.3426	35.252	35.2447	35.4123	35.1244	35.3212	35.0724	34.9571	35.1183	34.9507	34.9983	35.0335	35.0695	35.1422	35.0587	35.1751	35.0248	35.0215	34.8104	34.9687	34.7922	34.7967	34.6312	34.8548	34.9602	34.525	34.5861	34.7308	34.7076	34.6569	34.6961	34.4953	34.638	34.5734	34.4543	34.3288	34.4282	34.4109	34.3844	34.3908	34.3768	34.4039	34.473	34.2554	33.9871	34.2042	34.1735	34.0228	34.1593	33.8874	34.1297	34.0803	33.8401	34.0021	34.171	33.8112	34.0326	33.8168	33.6737	33.8196	33.9289	33.8895	33.8451	33.6605	33.8748	33.8848	33.6606	33.5033	33.7675	33.6341	33.6616	33.4074	33.5635	33.4528	33.3053	33.2956	33.3649	33.2049	33.4343	33.4156	33.4588	33.3844	33.1779	33.2703	33.4494	33.2537	32.8135	33.0648	33.0975	32.8767	32.5727	32.6591	32.8634	32.6782	32.6409	32.6756	32.9196	32.7211	32.6291	32.5511	32.5951	32.4303	32.3807	32.3402	32.334	32.7348	32.6111	32.2964	32.1975	32.3766	32.0809	32.0534	32.3211	31.9834	32.0329	32.3683	31.8844	31.9399	31.9571	31.2212	31.7604	31.8662	31.4556	31.7644	31.5986	31.4777	31.8794	30.9884	31.6627	31.8905	32.1149	35.214
Hmi-CBas_017-Ex1-10H.clmp.r1r2_fastp	35.5073	35.172	35.4861	35.4303	35.6157	35.5563	35.5914	35.5666	35.6326	35.4973	35.7128	35.4755	35.5605	35.6237	35.6272	35.4864	35.5973	35.5058	35.6117	35.8247	35.5789	35.5398	35.398	35.5971	35.3747	35.2967	35.3612	35.3221	35.5363	35.2517	35.3695	35.2458	35.187	35.44	35.1773	35.0666	35.1716	35.157	35.3493	35.1653	35.2477	35.0334	35.0372	35.0295	34.9168	34.9872	34.9259	34.824	34.6377	34.6083	34.6878	34.9	34.9082	34.5462	34.4933	34.6618	34.7445	34.3649	34.4326	34.3942	34.5751	34.3627	34.5387	34.2033	34.2491	34.3146	34.4452	34.0142	34.3185	33.959	34.1386	33.9209	34.3239	34.2763	34.3941	33.8908	34.308	33.9525	33.8721	33.9516	34.0676	33.876	34.1957	34.0849	34.1443	33.8587	34.1899	33.8972	33.8815	34.0759	34.0546	33.9203	34.276	34.0691	33.9671	33.9261	33.7732	33.9429	33.5636	33.601	33.5934	33.7639	33.3888	33.2445	33.7239	32.9021	33.5787	33.4714	33.1753	33.2304	33.7041	33.1283	33.4028	33.4455	33.0794	33.3454	33.4821	32.9442	33.4902	32.8348	33.2163	32.6203	32.6027	33.074	32.8471	32.6944	33.0089	33.0331	33.1705	32.9211	33.2821	32.4682	32.9924	32.718	32.7929	31.6366	32.9283	32.4227	31.6109	32.324	32.1972	32.0407	32.3063	32.1029	31.7405	32.2651	32.9087	32.5615	33.3494	35.5646
Hmi-CBas_018-Ex1-11B.clmp.r1r2_fastp	35.4877	35.2162	35.3859	35.4557	35.4824	35.4682	35.3337	35.3793	35.3884	35.3994	35.4492	35.4758	35.36	35.413	35.4323	35.4181	35.3896	35.3084	35.3605	35.3259	35.3421	35.341	35.3595	35.1916	35.2547	35.1944	35.0631	35.1894	35.201	35.1195	35.1268	35.1245	35.1205	35.1228	35.0529	35.0196	35.0186	35.044	34.9413	34.8952	34.7443	34.9228	34.7904	34.8728	34.7162	34.7336	34.7814	34.5792	34.662	34.4425	34.5806	34.3692	34.512	34.4323	34.5924	34.2851	34.2041	34.1103	34.0269	34.1365	33.9155	33.7582	33.7309	33.7065	33.8658	33.796	33.9425	33.8978	33.3136	33.5605	33.433	33.3124	33.5864	33.3301	33.4678	33.2747	33.529	33.177	33.3833	33.2954	33.2208	33.4713	33.2849	33.2308	33.2298	33.3006	33.1876	33.127	33.1789	33.2005	33.2675	33.3449	33.25	33.0954	33.01	33.1445	32.7458	32.8188	32.8828	32.9625	32.3462	32.5998	32.28	32.6987	32.5456	32.6617	32.2982	32.805	32.5808	32.3571	32.3999	32.3746	32.352	32.1054	31.8281	31.7821	31.921	31.9438	32.2198	31.9453	31.7632	31.8332	32.0752	31.787	31.8979	31.4036	31.9172	32.1489	31.4408	31.7848	31.1679	31.6535	31.4732	31.7151	31.5757	31.1185	30.999	31.0562	30.9826	30.9284	30.8321	31.138	30.5791	31.1081	30.3459	31.5179	31.3942	31.0237	31.9567	35.2581
Hmi-CBas_019-Ex1-04G.clmp.r1r2_fastp	35.4063	35.3262	35.3015	35.4738	35.3629	35.6067	35.0575	35.2167	35.4934	35.2214	35.0372	35.2149	35.3486	35.1857	35.0859	35.2331	35.3627	34.9509	35.3789	35.0415	35.2169	35.3204	35.3936	35.3141	34.6706	35.0869	35.4509	34.5945	34.6943	34.943	35.0434	34.4872	34.98	34.862	35.1636	34.8795	34.7628	35.0437	34.9888	35.2843	34.9839	34.9735	34.8644	35.0092	34.6599	34.8702	34.6734	34.7008	34.2068	34.5301	34.5815	34.2624	34.1434	34.1726	34.0825	33.6672	34.3698	34.3792	34.2864	34.5714	34.6265	34.4198	34.2699	34.4064	34.5832	34.0017	34.2467	34.3065	34.2356	34.1204	33.6017	33.6074	33.4901	33.6943	33.0415	32.7688	33.0521	33.4103	33.43	33.7226	33.6404	32.8068	32.4249	32.8312	33.0545	33.149	32.5359	33.1531	33.6385	32.9267	32.8923	32.9067	32.6281	32.9344	32.7796	32.193	32.1188	32.5422	32.4006	32.8821	32.9214	31.9594	32.5184	31.8856	32.1547	31.938	32.0715	31.9604	31.8682	32.5464	32.8018	32.8501	31.7304	32.032	32.2978	32.3746	32.1667	32.1146	30.7809	31.6518	31.4674	31.439	31.7113	31.394	31.6574	32.3441	31.8998	31.8602	32.0272	31.6677	32.1005	32.1009	31.8345	31.3786	31.7145	31.9222	30.6704	31.2133	30.8234	31.2499	31.7338	30.8308	32.0651	31.859	31.4958	31.7576	30.9439	31.4374	32.816	35.3326
Hmi-CBas_020-Ex1-11G.clmp.r1r2_fastp	35.5051	35.2146	35.5199	35.5355	35.4846	35.6285	35.6735	35.5196	35.73	35.5587	35.7016	35.5717	35.7056	35.6064	35.631	35.5571	35.6232	35.5892	35.5652	35.5978	35.4834	35.7737	35.6083	35.5398	35.5904	35.4965	35.5324	35.4752	35.5133	35.27	35.5094	35.3187	35.3092	35.1941	35.1748	35.2324	35.2618	35.2687	35.1001	35.1549	35.2278	35.1678	35.0053	34.872	34.9039	34.8683	35.0211	34.854	34.8027	34.8001	34.8514	34.8486	34.6426	34.6805	34.4036	34.7332	34.5696	34.5371	34.6436	34.498	34.4249	34.5375	34.4604	34.6293	34.2003	34.265	34.533	34.1341	34.0764	33.8508	33.8804	34.2632	34.1014	33.9733	33.95	34.0346	33.7269	33.8952	33.5427	33.5843	33.5115	33.5469	33.887	33.7058	33.5756	33.3388	33.2933	32.9503	33.0001	32.8992	33.2412	33.3994	33.3799	33.3321	32.9042	33.1486	32.9075	32.552	32.5993	32.6103	32.4914	32.5174	32.5507	32.6274	32.3	32.2694	32.25	32.2479	31.8505	32.4391	31.9239	31.7192	31.9773	31.5446	31.4412	31.4031	31.9941	31.7674	31.8119	31.9868	31.1742	31.4124	31.0657	31.5704	31.1315	31.4746	31.2724	31.5044	31.2063	31.0367	31.0333	31.1181	31.3761	31.5132	31.4741	31.2137	30.7396	31.2976	30.949	31.2962	31.2416	31.0677	31.2861	31.154	31.3718	31.2553	31.5865	31.6796	32.9155	35.3791
Hmi-CBas_021-Ex1-12C.clmp.r1r2_fastp	35.3914	35.4263	35.3371	35.5381	35.5222	35.6381	35.7191	35.6303	35.7408	35.4888	35.7101	35.5126	35.5994	35.507	35.6877	35.5512	35.5654	35.6999	35.7123	35.387	35.3325	35.5194	35.3247	35.4318	35.4075	35.2998	35.3477	35.3323	35.2867	35.0754	35.2175	35.2877	35.1039	35.2453	35.1614	35.1912	35.1603	35.0042	35.0143	35.0465	35.0746	35.1674	34.8624	35.0618	35.0751	34.6638	34.898	34.7181	34.8873	34.6999	34.8271	34.9545	34.6194	34.8499	34.778	34.7487	34.7738	34.6255	34.4794	34.7805	34.5679	34.5132	34.2334	34.3947	34.375	34.3378	34.4386	34.2707	34.5121	34.328	34.3391	34.1494	34.2286	33.9553	33.8892	34.4417	34.0474	33.8103	33.9639	33.9249	34.2318	33.8439	33.8713	34.001	33.8702	33.8014	33.823	33.6661	33.5998	33.4942	33.7901	33.3988	33.5846	33.5771	33.5918	33.6101	33.0745	33.2149	33.2089	33.6162	33.2456	33.2972	33.1817	32.8902	33.3107	33.154	33.2887	33.2859	33.2571	32.9055	33.231	32.9516	32.6581	32.8546	32.7911	32.8562	32.7165	32.7051	32.7429	32.7716	32.599	32.0428	32.5673	32.6983	32.4993	32.3703	31.9704	31.5072	31.9194	31.8983	31.9809	31.7912	32.0173	31.5757	31.7561	31.6369	31.506	31.5866	31.4207	31.6244	31.9812	31.8157	31.3964	31.6184	31.6609	32.0191	31.7803	32.2702	33.0909	35.5049
Hmi-CBas_022-Ex1-06F.clmp.r1r2_fastp	35.4224	35.3367	35.4147	35.6025	35.4999	35.481	35.5708	35.6069	35.5358	35.6021	35.6754	35.663	35.5875	35.5876	35.5233	35.5875	35.4882	35.4629	35.5537	35.459	35.382	35.5104	35.2813	35.2956	35.0778	35.1513	35.2207	35.2203	35.2274	35.3529	35.1808	35.2839	35.2825	35.0024	35.289	35.1279	35.1882	35.072	35.0779	35.0261	34.844	35.0093	34.957	34.9539	34.9604	34.7853	35.0382	34.7635	34.859	34.8359	34.7154	34.8032	34.5148	34.6434	34.7215	34.583	34.3783	34.5515	34.5648	34.53	34.5012	34.3449	34.303	34.2856	34.3825	34.2562	34.0577	34.1976	34.0099	33.9305	33.948	33.9511	33.7715	34.0363	33.4253	33.4066	33.1228	33.0846	33.276	33.5101	33.2691	33.0949	32.8724	32.7884	32.5294	32.5048	32.4836	32.6596	32.6455	33.1222	32.5761	32.5549	32.5694	32.7139	32.7099	32.3391	32.0894	32.5261	32.3276	32.4571	32.2087	32.1445	32.0815	32.6151	32.4233	32.3906	32.3751	32.3495	31.8665	31.6734	31.7375	31.958	31.7634	32.0486	32.1838	32.2895	32.3215	32.1135	31.9323	31.9371	31.5804	31.523	31.896	32.0862	31.7818	31.8749	31.6884	31.2925	31.4844	31.4875	31.4302	31.2788	31.4114	30.6939	30.9881	30.9458	30.5262	30.8468	30.484	30.8366	30.6666	30.9388	31.2467	31.5843	31.6433	31.0891	31.0443	31.7004	32.0331	35.4413
Hmi-CBas_023-Ex1-12F.clmp.r1r2_fastp	35.6303	35.3165	35.4116	35.4963	35.5435	35.6066	35.5364	35.6311	35.4752	35.5398	35.5493	35.5316	35.5434	35.492	35.3887	35.4566	35.5287	35.476	35.6011	35.3339	35.5583	35.5065	35.3429	35.3845	35.3205	35.3781	35.274	35.2851	35.2631	35.3897	35.4274	35.4027	35.2439	35.1401	35.0941	35.2709	35.106	35.1547	35.2138	35.2128	34.8339	35.0062	35.0191	34.8436	34.7218	34.8408	34.4802	34.7061	34.4232	34.9049	34.6583	34.3671	34.3589	34.5006	34.3086	34.6424	34.4118	34.4841	34.473	34.4453	34.326	34.0967	33.9152	34.2917	33.9081	34.2056	33.8909	33.7886	34.1535	33.7744	33.9492	33.5918	33.9015	33.5743	33.6629	33.5714	33.3155	33.5086	33.3184	33.5738	33.8026	33.6745	33.599	33.1332	33.3279	32.9981	33.1034	33.2382	33.4743	33.2483	33.4127	32.5626	33.1187	32.7906	32.8635	32.8022	32.6293	32.7183	32.9587	32.7932	32.8811	32.0368	32.6438	32.3658	32.4297	32.4735	32.276	31.9665	32.5953	32.1493	31.8437	31.6522	31.6957	31.8874	32.1826	31.6275	31.6586	31.8828	32.0392	31.9278	31.6129	31.2871	31.7778	31.3232	31.8239	31.2474	31.6331	31.6031	31.5028	31.2067	31.1156	30.822	31.1588	30.9168	31.5135	31.3619	31.2562	30.7782	30.9099	30.7215	31.6694	31.1037	30.629	31.0953	32.0967	31.0589	31.104	31.7114	32.0647	35.3876
Hmi-CBas_024-Ex1-12H.clmp.r1r2_fastp	35.8537	35.8213	35.8017	35.7697	35.7831	35.8877	35.6724	35.8248	35.8527	35.7364	35.8318	35.6954	35.815	35.8731	35.6328	35.8558	35.7785	35.8316	35.8944	35.8291	35.608	35.7793	35.7218	35.7137	35.4791	35.8216	35.6416	35.7349	35.7652	35.7443	35.6656	35.5226	35.5416	35.598	35.6619	35.4843	35.6248	35.4054	35.0667	35.3453	35.2385	35.3162	35.2758	35.3926	35.1062	35.0587	35.4783	35.2869	35.452	35.3624	35.1722	35.2834	35.0054	35.2357	35.0906	34.8945	35.0342	34.9994	34.8892	34.8112	34.9481	34.4158	34.6282	34.65	34.4632	34.5602	34.5347	34.3132	34.4295	34.3591	34.5903	34.2913	34.2353	34.3915	34.1357	33.81	34.0304	33.7912	33.7956	34.2405	33.8479	34.1127	33.6935	33.4405	33.3344	33.5528	33.5931	33.4839	33.8458	33.4907	33.7839	33.4649	33.511	33.6094	33.3645	33.6396	33.6119	33.4694	33.1337	33.4375	33.5717	33.3352	33.1751	33.1228	32.9622	32.7158	33.557	33.1212	32.8766	33.2465	33.2377	32.7372	33.5306	33.3991	33.431	32.5619	32.9467	32.4091	32.5514	32.3743	32.5358	32.8491	33.1434	32.3648	33.1534	32.9136	32.4762	32.3506	32.0534	31.7838	31.5718	32.184	32.2119	32.9737	32.0589	31.3407	32.3376	32.0419	32.7866	32.5848	32.2574	32.3825	31.8965	32.6499	31.4323	31.1719	31.8791	32.6797	32.8052	35.6982
Hmi-CBas_025-Ex1-01C.clmp.r1r2_fastp	34.8061	34.6369	34.7365	34.7885	34.7778	34.9027	34.8486	34.7726	34.7783	34.8571	34.8257	34.7157	34.6289	34.764	34.8154	34.7719	34.7622	34.723	34.7563	34.8027	34.6903	34.5915	34.5441	34.6046	34.5386	34.4428	34.3513	34.4305	34.4436	34.4208	34.4454	34.2455	34.2226	34.4719	34.0591	34.276	34.3418	34.392	33.9125	34.0313	34.1033	34.0377	33.9086	33.8097	33.8318	34.0314	34.1687	34.0948	33.9501	34.007	34.0704	33.7928	34.032	34.0179	33.5738	33.6242	33.6711	33.6268	33.4497	33.6826	33.4917	33.2664	33.2264	33.1855	33.2433	33.511	33.1707	33.4392	33.2138	33.5377	33.3935	33.4419	33.4402	33.3005	32.91	33.0193	32.7558	32.9989	33.1759	32.9207	32.8139	32.8084	32.9662	32.9438	32.8762	32.6558	32.7223	32.6231	32.4664	32.4064	32.4076	32.7074	32.2465	32.4434	32.9153	32.592	32.6302	31.9796	32.224	31.9814	32.2647	32.168	31.6912	32.0998	31.7196	32.0514	32.0095	32.0656	32.0384	31.4837	31.8289	31.6359	31.489	31.4333	31.7569	31.9415	31.444	32.0746	31.5292	31.7309	31.7537	31.3911	31.3221	31.1102	31.2432	31.7785	31.5015	31.4496	31.5588	31.2302	31.3142	31.2041	31.0782	31.2491	30.9047	30.8704	30.9531	30.7103	31.1929	31.2434	31.157	30.5215	31.1287	30.5573	30.7916	30.3732	31.553	31.1379	31.9246	35.2032
Hmi-CBas_026-Ex1-01G.clmp.r1r2_fastp	35.1108	34.7799	35.2178	34.8916	34.7588	35.0234	35.008	34.943	34.7932	34.9272	34.9849	35.0382	35.1486	34.8705	35.3346	35.2678	34.9009	35.2596	34.7079	34.6541	34.8163	35.2159	35.1202	34.9104	34.983	34.8474	35.0135	35.0346	35.0454	34.8209	34.9883	34.9851	34.4122	34.4439	34.9031	34.9556	34.6608	34.0421	34.3878	34.3167	34.2719	34.6089	34.1616	34.5755	34.3472	34.195	34.2789	34.5181	34.6415	34.1774	34.7428	34.3877	33.9361	33.844	34.189	33.9341	34.2726	34.0264	34.4808	34.2462	33.6053	33.908	34.1939	33.8828	33.452	33.7393	33.5469	33.7464	33.517	33.9889	33.9171	33.222	33.6714	33.3522	33.296	32.8033	32.8109	33.3205	32.7561	33.4448	33.7591	33.8611	32.8134	32.9625	33.0542	33.0535	32.5216	33.1889	32.8715	32.889	32.5194	32.2445	32.6856	33.4564	32.6548	33.0379	32.2327	32.2573	32.5679	32.2465	32.6311	32.6424	32.076	32.6853	32.5599	32.2177	32.0359	32.4534	32.6431	31.986	31.9361	31.7128	31.9216	32.2871	32.4864	32.01	31.7264	32.2268	31.7844	31.6336	30.7511	31.4204	30.7339	31.4282	30.6691	30.5054	30.8133	31.4565	30.4389	31.3046	30.1026	30.7187	30.9393	30.9748	30.8832	30.7534	30.5494	30.4659	30.5087	30.7489	30.7712	30.7353	30.629	30.4652	31.0818	30.7054	31.194	31.8719	32.4654	35.2515
Hmi-CBas_027-Ex1-02D.clmp.r1r2_fastp	34.9669	34.9424	34.9308	34.948	35.1239	35.186	35.0808	35.0452	34.9865	35.1474	35.2207	35.0646	35.0863	35.0201	35.116	35.0323	35.0014	34.9282	35.016	35.0174	35.0297	34.9436	34.9096	34.8512	34.9466	34.8847	34.9078	34.8211	34.7577	34.8439	34.9087	34.5962	34.7658	34.7167	34.7957	34.6207	34.6522	34.6852	34.5819	34.5857	34.4585	34.4084	34.5932	34.5764	34.5129	34.46	34.5568	34.2812	34.5279	34.2732	34.128	34.2568	34.231	34.1246	34.0082	34.1781	34.114	34.0985	33.9575	34.1327	34.0478	33.8172	33.8021	33.9552	33.9733	33.7781	33.6854	33.7029	33.8633	33.4569	33.3612	33.2206	33.3722	33.1849	33.4091	33.4404	33.3477	33.238	33.116	33.0918	33.3127	32.877	33.3392	33.0991	33.0634	33.0501	32.9813	33.0692	32.8398	32.8996	33.1501	32.9658	33.3552	32.9539	33.2468	32.9392	33.1232	32.6988	33.0129	32.4084	32.8133	32.4673	32.7339	32.5469	32.7536	32.5074	32.6564	32.6392	32.6209	32.6673	32.5131	32.4162	32.5421	32.6161	32.3482	32.6895	32.8407	32.3715	32.5032	32.5096	32.2754	32.4605	32.3947	32.29	32.3717	32.0252	31.8981	31.7858	31.6998	31.9898	31.7041	32.1799	31.8823	32.0795	32.388	31.8585	31.9189	31.9827	31.6862	32.0478	31.6193	31.9088	31.6128	31.3228	31.4034	31.4376	31.5999	31.9864	32.6262	35.3148
Hmi-CBas_028-Ex1-02H.clmp.r1r2_fastp	35.6242	35.469	35.64	35.6607	35.7696	35.8053	35.7987	35.7273	35.632	35.7429	35.7592	35.6806	35.7631	35.7232	35.6813	35.7359	35.8122	35.6447	35.7137	35.7391	35.751	35.7856	35.6547	35.6145	35.5938	35.6202	35.5577	35.5755	35.5489	35.5772	35.5118	35.529	35.5002	35.4782	35.5339	35.4436	35.477	35.4659	35.4216	35.3995	35.3598	35.4236	35.3276	35.4116	35.3152	35.334	35.4177	35.277	35.314	35.2469	35.3141	35.271	35.1664	35.1882	35.1693	35.2035	35.167	35.1793	35.1037	35.1531	35.1828	35.0282	34.9616	34.9863	34.9651	34.8767	34.8642	34.7291	34.8734	34.7585	34.4966	34.6936	34.7756	34.4076	34.6353	34.7041	34.2847	34.6145	34.4737	34.6056	34.2219	34.503	34.4921	34.272	34.4948	34.2348	34.0312	34.2408	34.3033	34.1223	34.1218	34.1205	34.266	34.3782	34.1415	33.9607	33.9735	34.2165	33.9235	34.091	33.7296	33.6998	33.928	33.6846	33.7825	33.7085	33.8092	33.9496	33.5625	33.736	33.3261	33.5779	33.7302	33.85	33.8272	33.5522	33.4172	33.4432	33.432	33.3104	33.1331	33.4118	33.1151	32.9682	33.4526	33.6024	33.6077	33.0202	33.4222	33.3865	32.5547	33.0708	32.776	32.9397	33.0996	32.7014	32.9026	32.9538	32.6491	32.4825	32.4775	32.2935	32.703	32.7481	32.5885	32.9142	32.9627	33.1404	33.5621	35.5572
Hmi-CBas_029-Ex1-03C.clmp.r1r2_fastp	35.6851	35.5105	35.5172	35.9589	35.8044	35.9437	35.8128	35.7305	35.7842	35.9118	35.9102	35.8547	35.796	35.6885	35.8984	35.9253	35.7053	35.843	35.7238	35.9521	35.8212	35.8228	35.7238	35.7741	35.6566	35.8396	35.7238	35.7406	35.7473	35.9924	35.7053	35.6264	35.7355	35.8816	35.6986	35.7842	35.5256	35.6314	35.7338	35.7254	35.5626	35.895	35.7557	35.7322	35.3409	35.6599	35.4736	35.6331	35.5743	35.6784	35.9169	35.2744	35.4229	35.492	35.4465	35.4297	35.396	35.4165	35.6728	35.4709	35.5418	35.6058	35.5482	35.4382	35.6689	35.5734	35.4037	35.514	35.469	35.3949	35.2455	35.2747	35.3723	35.4439	35.4567	35.422	35.4114	34.9913	35.1097	35.3927	35.4724	35.4268	35.1982	35.5562	35.2549	34.9803	35.1838	35.3204	35.1936	35.068	35.1667	35.1963	35.3917	35.5777	35.4065	35.4722	35.027	35.2144	35.1097	34.9052	35.0477	34.9661	34.8594	35.4438	35.0903	35.194	35.1537	35.2386	35.0128	34.9523	35.0779	34.9186	35.0433	35.2215	35.1856	35.216	34.8627	34.9881	35.4565	34.9098	34.6782	34.8929	34.3745	34.9085	34.3402	34.5306	34.9263	35.1039	34.8622	34.5225	34.7981	34.423	34.8275	34.7526	34.6937	34.1945	34.3117	34.6275	34.6842	34.5024	34.6667	34.6832	34.766	34.0469	34.1487	34.4157	34.2453	34.7203	35.0858	36.052
Hmi-CBas_030-Ex1-04A.clmp.r1r2_fastp	34.8656	34.8759	34.9563	35.0044	34.9871	35.0846	34.9973	35.028	34.9371	35.0279	34.9262	34.8823	35.0192	34.8658	34.879	34.9177	34.9303	34.9173	34.9397	34.9547	34.8472	34.9145	34.8383	34.8368	34.9005	34.7973	34.7062	34.6637	34.6723	34.5321	34.4806	34.5248	34.4446	34.4343	34.5512	34.528	34.3692	34.403	34.4911	34.371	34.2094	34.2774	34.2173	34.2308	34.0353	34.0729	34.0937	34.0385	33.8581	33.8632	33.9372	33.9158	33.9255	33.9496	33.9974	33.7084	33.9694	33.8184	33.6566	33.7	33.7358	33.7121	33.4563	33.4115	33.7299	33.256	33.4634	33.5588	33.2647	33.2909	33.2564	33.308	33.1432	33.1634	32.9748	33.116	33.2244	33.237	33.1172	32.8127	32.4855	32.6524	32.9304	32.7971	32.933	32.7886	33.0733	32.7199	32.8586	32.7982	32.8407	32.7	32.4434	32.5037	32.8317	32.5584	32.5447	32.2414	32.7159	32.4435	31.865	32.2537	32.4911	31.9785	32.279	32.0639	32.4211	31.7175	31.8691	31.6409	31.7796	31.5814	31.3229	31.5953	31.3275	31.0921	30.8552	31.1002	31.1356	30.8521	31.1458	31.314	31.3529	31.2746	31.1433	30.8988	31.0445	31.1939	31.175	30.7297	30.5343	31.1526	30.5924	31.0892	30.5017	30.1761	30.498	30.1806	29.6956	30.7735	30.0446	30.5381	29.9012	30.3773	30.1287	30.3441	30.7809	31.0331	31.5961	35.1112
Hmi-CBas_031-Ex1-04H.clmp.r1r2_fastp	35.6177	35.0597	35.4328	35.4318	35.5974	35.5987	35.6552	35.5071	35.5862	35.5257	35.651	35.5845	35.7037	35.6108	35.5788	35.6056	35.6418	35.5098	35.509	35.7574	35.588	35.6018	35.5909	35.6213	35.4999	35.397	35.4777	35.5143	35.4324	35.1931	35.4145	35.4797	35.511	35.4316	35.3089	35.211	35.3403	35.2627	35.2416	35.12	35.1532	35.3902	35.2741	35.1992	35.1733	34.9506	35.0534	34.9944	35.0538	34.9922	34.8791	35.064	34.8567	34.8451	34.9091	34.7237	34.8071	34.6681	34.6554	34.6334	34.7206	34.4991	34.5402	34.5783	34.5057	34.3538	34.5062	34.2928	34.452	34.245	34.4747	34.3766	34.3785	34.1832	34.2087	34.3017	34.2175	34.1945	34.0901	34.0812	34.356	34.0865	34.2481	33.921	33.9167	33.993	33.7557	33.5614	33.8371	33.7534	33.7249	33.6816	33.499	33.6071	33.4449	33.5779	33.2068	33.4585	33.2878	33.2631	33.1485	33.0377	33.2099	33.0774	33.1351	33.019	32.9602	32.9806	32.8288	32.8051	32.6447	32.805	33.0022	32.4145	32.6505	32.4691	32.6225	32.6173	32.5242	32.315	32.0797	32.3799	32.6568	32.3306	32.5077	32.5558	32.1143	32.3642	32.6991	32.749	32.5875	32.2288	32.6461	32.5535	32.1326	32.246	31.6615	31.8549	32.0363	32.0263	31.8771	31.7694	32.0886	31.6997	31.8307	31.8641	31.7339	32.3854	33.2949	35.5274
Hmi-CBas_032-Ex1-05D.clmp.r1r2_fastp	35.376	35.3064	35.5489	35.5941	35.6576	35.6236	35.6394	35.6219	35.5905	35.5095	35.6063	35.6546	35.4334	35.6195	35.5202	35.5956	35.509	35.4593	35.5616	35.6699	35.4278	35.5047	35.4931	35.3629	35.4256	35.4196	35.3191	35.3144	35.2079	35.4602	35.3087	35.4459	35.1394	35.1226	35.288	35.2531	35.3156	35.2428	35.3709	34.8748	34.978	34.9804	34.8257	34.6655	34.5819	34.7861	34.5837	34.442	34.4291	34.3281	34.2088	34.3877	34.0606	34.0279	34.3834	34.3583	33.7888	34.1195	33.9921	34.2861	34.3083	34.0251	33.8407	34.1417	34.298	33.903	33.9554	34.0308	34.2022	33.854	33.3783	33.7927	33.5069	33.8556	33.8588	33.3633	33.5869	33.9196	33.4202	33.2626	32.8374	33.0688	33.1986	33.5969	32.9738	33.3019	33.2	33.3161	32.5077	33.1719	33.4658	33.3243	32.2652	32.4214	32.8304	32.0851	32.8015	32.462	32.0787	32.2308	32.5557	32.2594	32.5477	32.7053	32.0359	31.8171	32.3799	32.0042	31.9145	32.228	31.7686	31.8422	32.2731	31.6401	31.2945	31.8086	31.775	32.8196	32.6104	32.1358	31.3162	31.8786	31.5902	31.537	31.5198	31.1786	31.4913	31.5466	32.4303	31.1778	31.7823	31.1009	31.8434	32.3079	31.9935	31.4826	31.8825	30.8401	31.2547	31.028	30.9086	29.8974	29.8917	29.3968	29.3247	30.4059	30.069	31.0712	32.6398	35.3502
Hmi-CBas_033-Ex1-05H.clmp.r1r2_fastp	35.7757	35.6746	35.3082	35.5903	35.6725	35.7849	35.7501	35.7159	35.7417	35.629	35.6312	35.7611	35.6691	35.6119	35.7269	35.5746	35.7266	35.7695	35.6876	35.6397	35.6419	35.7311	35.5637	35.7168	35.4871	35.56	35.5348	35.3707	35.4675	35.3904	35.3769	35.2154	35.3068	35.368	35.2299	35.2702	35.2138	35.2543	35.4394	35.3108	35.4855	35.2319	35.2818	34.9591	35.0697	34.9438	35.156	35.1227	34.7671	34.6838	35.0939	34.8057	34.8755	34.5156	34.5079	34.3596	34.6287	34.2639	34.0892	33.9848	34.8092	34.1588	34.1229	34.3415	34.1344	33.9886	34.1418	33.9949	34.2582	34.0461	33.704	33.4304	33.7405	34.0029	33.9658	34.2832	33.91	34.0099	33.4886	33.733	33.1797	33.7551	33.0106	33.3947	33.0705	33.561	32.8295	32.794	32.5797	32.9517	32.8529	32.4429	32.9167	33.3961	32.977	32.3242	32.6387	33.1605	33.1497	32.8605	33.2573	33.1544	32.9649	32.9062	33.1202	32.4649	32.327	32.3911	32.6713	33.3385	33.0558	32.1775	32.2622	32.8923	32.6352	32.4977	32.7399	32.7196	32.1352	32.153	31.7862	33.1713	32.431	32.145	31.8348	32.2111	31.7098	33.1771	31.0279	31.9751	31.5967	31.9599	32.1152	31.6542	32.2465	32.0411	31.2958	31.0767	32.2843	31.3583	31.0117	32.0964	31.1446	31.184	30.7675	31.7229	31.2288	31.2982	32.452	35.3236
Hmi-CBas_034-Ex1-06G.clmp.r1r2_fastp	35.5367	35.3671	35.3648	35.4157	35.424	35.6439	35.5505	35.5322	35.3629	35.4932	35.4603	35.3697	35.3759	35.562	35.396	35.3512	35.2814	35.3383	35.5332	35.4342	35.4921	35.0959	35.2598	35.29	34.9562	35.3436	35.2068	35.1773	35.1738	35.2405	35.0197	35.1134	35.0598	34.8398	34.8631	34.9056	34.9108	34.9857	34.8154	35.035	34.6313	34.6704	34.9571	34.7059	34.6644	34.507	34.5679	34.6723	34.8109	34.705	34.2737	34.6544	34.5012	34.6336	34.5051	34.505	34.3831	34.3382	34.5655	34.0296	34.196	34.3507	34.2815	34.0466	33.6795	33.66	34.0295	33.725	33.748	33.854	34.153	33.9389	34.0283	33.6712	33.5753	33.9249	33.4564	33.7684	33.6586	33.2754	33.6227	33.2828	33.1547	32.9685	32.8583	33.2802	33.0366	32.7597	32.8807	32.93	32.468	32.5257	32.278	32.7888	32.8503	32.0709	32.422	32.5942	32.4757	32.1475	32.2591	32.4783	32.0734	32.3744	32.6138	32.388	32.5404	32.7915	32.4539	31.9956	32.1665	32.2389	32.6944	32.3569	32.127	31.9609	32.2214	31.8045	32.187	31.6783	31.822	31.837	31.925	31.9295	31.6983	31.657	31.77	31.3036	31.3502	31.3074	31.6921	31.9638	31.5178	31.3224	31.0734	31.3331	30.5951	31.0805	31.1138	31.2678	31.0397	30.8055	31.3356	30.5859	30.9823	31.2457	31.4978	31.3637	32.0283	35.2099
Hmi-CBas_035-Ex1-07E.clmp.r1r2_fastp	35.414	35.0678	35.1303	35.4528	35.2745	35.4016	35.366	35.1649	35.2288	35.3225	35.2721	35.4046	35.4724	35.2235	35.4432	35.2641	35.2555	35.5057	35.4843	35.2834	35.2475	35.431	35.1407	35.3499	35.1102	34.9655	35.1267	35.2912	35.1248	35.179	34.8742	35.1942	34.8944	34.8307	35.0072	35.0539	34.9276	34.7062	34.7003	34.6933	34.6496	34.8109	34.4772	34.7267	34.6333	34.5987	34.8347	34.5099	34.2182	34.3261	34.3698	34.7782	34.1156	34.4315	34.4526	34.3705	34.4685	34.0935	33.8695	33.9922	33.8668	34.0097	34.0102	33.9358	33.5477	33.9785	34.0693	33.8768	34.0491	33.7861	33.7421	33.9145	33.5736	33.3453	33.2208	33.4169	33.2693	33.3117	33.5381	33.9776	33.5294	33.7308	33.5816	33.6136	33.4138	33.5299	33.4786	33.483	33.8456	33.576	33.1004	33.4459	33.0976	33.2748	33.1143	33.3582	32.9695	33.0358	32.7428	32.7986	33.1338	33.2768	32.8413	32.9845	32.8928	32.9144	32.6834	32.7559	32.3779	32.2725	32.3602	32.6957	32.2595	32.8099	31.7883	32.7624	32.2043	32.5453	32.0448	32.5016	31.7993	32.7941	32.0124	32.1935	31.9053	31.8046	31.4423	31.9096	31.4099	31.436	31.3157	32.0367	31.2325	31.5949	31.2449	32.3205	31.6814	31.7323	31.6726	31.7887	31.3497	31.6455	31.4326	31.9271	31.5877	31.943	32.2321	32.1474	32.8424	35.382
Hmi-CBas_036-Ex1-08C.clmp.r1r2_fastp	34.9266	34.8191	34.9821	34.9436	35.0544	35.1174	34.9889	35.0601	35.0588	35.0859	35.1037	35.0151	35.0458	34.9592	34.9877	35.0551	34.9895	35.0075	34.8649	34.859	34.8395	34.8048	34.8836	34.6584	34.7511	34.4998	34.6554	34.5408	34.5687	34.6662	34.6547	34.55	34.4518	34.5244	34.3986	34.418	34.4128	34.4873	34.4138	34.3884	34.1962	34.224	34.2962	34.4417	34.2539	34.35	34.2296	34.066	34.0747	34.0887	34.0139	33.869	33.9883	33.5829	33.8389	33.676	33.8616	33.7832	33.7087	33.6361	33.9052	34.0183	33.7135	33.5693	33.6152	33.5318	33.333	33.1013	33.3542	33.3704	32.9523	33.2476	33.362	33.3041	33.5249	33.1583	33.1331	33.1356	33.0168	32.7484	33.0426	33.1559	33.2075	32.9669	32.8965	32.8904	32.8283	32.8379	33.0362	33.0698	33.0367	32.5077	32.834	32.7924	32.5048	32.4854	32.8894	32.8712	32.8899	32.5172	32.8233	32.8135	32.7501	32.5588	32.3025	32.5148	32.2312	32.5018	32.4082	32.3214	32.2317	32.2991	32.5464	32.3891	32.2492	32.0577	32.2427	32.561	32.1677	31.8847	31.7717	31.8517	31.6189	31.4336	31.6205	31.7467	31.8539	31.9542	31.4944	31.8289	31.3744	31.2722	31.3302	31.643	31.4172	31.3854	31.5143	31.1864	31.525	30.8951	31.4071	31.514	31.4045	31.2611	30.9304	30.9031	31.1879	31.795	32.3575	35.23
Hmi-CBas_037-Ex1-09A.clmp.r1r2_fastp	35.2384	35.173	35.2638	35.3779	35.4937	35.4148	35.4416	35.4857	35.4222	35.5386	35.3975	35.3442	35.4428	35.4984	35.3508	35.3761	35.4221	35.404	35.3766	35.4003	35.3686	35.2843	35.2607	35.2985	35.28	35.0967	35.2635	35.1807	35.2647	35.1518	35.0357	34.9159	34.9623	34.8615	34.8928	35.0397	34.9756	34.9448	34.8761	34.8839	34.6153	34.8794	34.699	34.7056	34.7955	34.6826	34.8269	34.4515	34.4603	34.5108	34.5074	34.4216	34.3976	34.4703	34.386	34.3865	34.2056	34.288	34.4518	34.2782	34.2248	34.2779	34.172	34.3218	34.2159	34.0759	34.1911	34.0914	33.6286	34.0402	33.8478	33.8257	33.8196	33.933	33.5131	33.6102	33.4843	33.7229	33.389	33.6881	33.6347	33.7698	33.2253	33.4126	33.2578	33.3787	33.3541	33.1964	33.3201	33.4743	33.2877	33.1993	33.2814	33.3619	33.2199	33.2207	33.0325	33.1036	33.2967	32.8464	32.8526	33.1508	33.1141	33.1106	32.6009	32.8916	32.6873	32.6013	32.4295	32.401	32.4882	32.4809	32.2397	31.8633	32.0442	32.0179	32.3785	32.547	32.0445	31.8803	31.8724	31.724	31.93	32.2386	32.3856	32.3585	31.6178	32.0536	31.7994	32.0147	31.7384	31.609	31.3493	31.5011	31.395	31.6027	31.6065	31.1438	31.7612	31.9904	31.4969	31.5217	31.7965	31.4342	30.9401	31.1194	31.2431	31.3822	32.5846	35.3372
Hmi-CBas_038-Ex1-01H.clmp.r1r2_fastp	35.3151	34.9986	35.15	35.2582	35.1614	35.4222	35.2388	35.252	35.157	34.9901	35.3044	35.1725	34.9032	34.9969	35.2725	35.0989	35.13	35.1	35.1994	34.886	35.012	35.3802	35.0514	34.9711	35.0314	34.9987	34.9698	35.0285	35.0191	34.7568	34.7677	34.8675	34.8166	34.8125	34.7237	34.7738	34.6892	34.659	34.7176	34.8638	34.8923	34.6252	34.7956	34.5562	34.6776	34.4425	34.8022	34.9105	34.4171	34.2904	34.5199	34.8391	34.5341	34.4811	34.4204	34.3652	34.5472	33.9425	34.4382	34.278	34.5184	34.396	34.2101	34.4177	34.3409	34.4059	34.386	34.3347	34.3033	33.9163	34.0676	34.2083	34.1076	33.8351	34.2419	33.7642	33.9759	33.334	33.9817	33.878	33.6359	33.6737	33.2056	32.9183	33.6448	33.4789	33.0117	33.321	33.6098	33.1337	32.8118	33.4898	33.0659	33.8613	33.7727	33.6174	33.7474	33.7089	33.5563	32.7005	33.2896	32.8123	33.3091	33.8183	33.3706	33.6433	33.854	33.5128	33.3241	33.4933	32.7808	32.9514	32.6028	32.9107	33.2164	33.5037	32.8136	32.5223	33.1795	33.5087	33.5532	32.9841	33.0241	32.8808	33.035	32.9245	32.5539	31.8241	32.0612	31.9672	31.881	32.7161	32.8351	32.5988	32.5652	31.7923	32.3204	33.0999	32.8418	31.5598	30.9947	31.3513	31.2435	31.9444	31.5401	31.7356	31.807	31.9157	32.7339	35.4349
Hmi-CBas_039-Ex1-09H.clmp.r1r2_fastp	35.0255	34.8354	35.0007	35.0315	35.0598	35.0914	35.007	35.0638	35.0088	35.0139	34.9965	35.0785	35.0055	34.9919	35.0442	34.9518	35.0359	34.9105	34.9028	34.9193	34.9808	34.905	34.9222	34.8002	34.9317	34.7399	34.8312	34.7922	34.8528	34.7249	34.6982	34.661	34.6553	34.6983	34.581	34.5695	34.6302	34.5492	34.4921	34.3835	34.2717	34.1945	34.1647	34.1553	34.0696	34.1185	34.1948	34.1273	34.1416	34.0209	34.0861	33.9951	33.98	33.9973	33.9352	33.9666	33.8245	33.917	33.955	33.7891	33.7606	33.7147	33.4613	33.3524	33.2576	33.3572	33.146	33.2587	32.9096	32.9927	32.8795	33.071	32.9834	32.7889	32.5731	32.5643	32.7517	32.6147	32.7307	32.2378	32.5724	32.3071	32.4945	32.2152	32.3885	32.0223	32.2683	31.837	32.075	32.0419	31.9759	31.6676	31.8243	31.6497	31.9051	31.6751	31.9139	31.7439	31.9781	31.4832	31.8533	31.7019	31.875	31.567	31.7637	31.6475	31.6125	31.6511	31.7197	31.5879	31.3757	31.0612	31.527	30.8872	31.5961	31.4603	31.2643	31.465	31.0901	30.6259	30.9154	30.7466	30.8669	30.8177	30.8972	30.9102	30.3831	30.8037	30.6793	31.0063	30.4522	30.8223	30.922	30.8219	30.2183	30.1983	30.0469	30.2891	30.1929	30.2089	30.2035	30.5156	30.2871	30.2419	30.2769	30.5401	30.4979	30.8662	31.9855	35.0374
Hmi-CBas_040-Ex1-03A.clmp.r1r2_fastp	35.0391	35.025	34.9968	35.187	34.9861	35.2776	34.872	35.2296	35.1148	35.2397	35.2011	35.0098	35.0889	35.1331	35.1129	35.1043	35.096	34.9811	34.654	34.9636	35.0932	34.7801	35.0079	35.0458	34.9154	34.5795	34.4542	34.7463	34.5157	34.2431	34.4264	34.5377	34.2972	34.3752	34.3706	34.209	34.629	34.4339	34.4424	34.5112	33.7027	34.5379	34.3726	34.4647	34.1249	33.9013	34.1408	34.0134	34.2059	34.2089	34.3779	34.0213	33.982	34.1289	34.3223	33.8304	34.1082	34.142	34.0371	33.6755	33.5871	33.8899	34.1426	33.8414	33.6965	33.4244	34.1247	34.1404	33.6253	32.951	33.0591	32.978	32.8425	33.463	32.9751	33.6634	33.242	33.5038	33.8393	33.4879	33.0042	33.4725	33.1784	33.3481	33.5178	33.3745	33.1427	32.5043	32.9757	32.4061	32.9055	32.2163	32.4763	32.319	32.7136	32.5207	32.471	32.2437	31.1036	31.4803	31.8441	31.9634	31.557	30.884	30.8451	30.9391	29.8867	29.5366	29.8239	30.4298	31.2541	30.6524	30.0306	30.4477	31.3469	30.6387	30.3916	30.8115	30.9795	30.1416	30.6255	30.3355	30.2332	29.7698	30.2241	30.3717	30.5295	29.6967	29.2468	29.4265	30.0831	29.4191	30.4745	29.8069	30.2378	29.3334	29.1143	30.8229	30.1405	29.5489	30.2098	30.4841	30.3569	29.7602	29.7146	29.3657	30.2124	30.901	31.3739	34.9805
Hmi-CBas_041-Ex1-03D.clmp.r1r2_fastp	35.338	35.4244	35.3865	35.3464	35.4172	35.5486	35.5324	35.5252	35.484	35.4621	35.5766	35.5654	35.5846	35.3707	35.3861	35.5345	35.4172	35.3763	35.4516	35.484	35.4785	35.4436	35.4322	35.4342	35.3531	35.2898	35.4625	35.3344	35.3522	35.3448	35.3032	35.1622	35.0129	35.0883	34.9696	35.0163	34.9876	35.0992	35.0659	35.1145	34.9022	34.9216	34.8291	34.8411	34.7481	34.8292	34.8871	34.7495	34.7334	34.6573	34.5807	34.5524	34.495	34.4028	34.3736	34.5239	34.266	34.4472	34.5409	34.5716	34.6434	34.5836	34.251	34.3209	34.446	34.3055	34.2814	34.2659	34.0022	34.1006	33.9012	34.185	33.9141	34.0101	33.9373	34.0192	33.9049	33.907	33.7449	33.954	33.4316	33.9356	33.82	33.7498	33.9579	33.6708	33.7147	33.8238	33.4787	33.6854	33.5385	33.5541	33.1428	33.3537	33.4728	32.761	33.1875	33.2529	32.8279	32.9073	32.8971	32.8815	32.5527	33.0587	33.111	32.4653	32.4516	32.749	32.5816	32.6842	32.4769	32.7068	32.6117	32.7441	32.8983	32.8551	32.5969	32.8013	32.9484	32.9352	32.8123	32.2048	32.2636	32.6305	32.4575	32.765	32.3305	32.3374	32.0784	31.5437	31.364	31.9696	32.0314	31.9605	32.3715	31.6398	31.26	31.7797	31.4688	31.4451	31.4752	32.0109	32.479	31.7668	31.7155	31.8464	31.5693	31.6073	32.387	35.3564
Hmi-CBas_043-Ex1-05A.clmp.r1r2_fastp	35.2239	34.9633	35.1061	35.1268	35.2051	35.2098	35.102	35.2123	35.2481	35.2096	35.1716	35.1825	35.1473	35.1221	35.0721	35.1371	35.1588	35.1127	35.0539	35.1097	35.063	35.0151	35.0237	35.0529	34.9184	34.8674	34.7848	34.7511	34.9095	34.8772	34.8707	34.5849	34.6397	34.5665	34.5447	34.5646	34.6615	34.4866	34.3998	34.2597	34.3581	34.2165	34.4276	34.0735	34.3266	33.994	34.2144	33.8428	34.137	33.2755	34.0873	33.4284	33.8332	33.8247	33.9221	33.9343	33.9729	33.697	33.6412	33.4545	33.7495	33.5246	33.8261	33.7262	33.9127	33.2387	33.6843	33.2196	33.5105	33.0993	33.6193	33.3292	33.315	32.8616	32.9717	32.6373	33.3626	32.722	32.9539	32.7416	32.9386	32.8607	32.8135	32.7921	32.7601	32.4528	33.0825	32.6777	32.9467	32.5479	32.4805	32.1784	32.7089	32.1	32.4239	31.8994	32.4126	32.0319	32.4363	32.6146	32.2762	32.4051	31.9101	31.6284	31.4006	31.4859	31.1215	30.8501	31.4938	31.3172	31.2999	30.8725	30.9432	30.702	30.8921	31.5324	31.1991	30.7437	30.5954	30.8319	31.0531	30.9213	30.5828	30.5768	30.7026	30.8978	31.1555	30.5971	31.1879	30.776	30.807	31.0314	29.7823	30.2711	30.2239	30.6067	30.4442	30.3138	30.1984	30.8024	30.3754	29.8155	29.6009	29.6312	30.1894	30.2663	31.0779	30.9891	32.0138	34.9775
Hmi-CBas_044-Ex1-05E.clmp.r1r2_fastp	35.6755	35.2913	35.6156	35.6641	35.7741	35.7534	35.6465	35.6786	35.655	35.6963	35.687	35.6993	35.8253	35.8059	35.7052	35.7373	35.6269	35.682	35.7032	35.7338	35.6391	35.5587	35.5178	35.5316	35.5238	35.6104	35.4173	35.4051	35.3957	35.4571	35.414	35.3665	35.2402	35.277	35.2856	35.3963	35.4378	35.4612	35.2259	35.241	35.17	35.1891	35.0354	35.0774	34.9531	35.1684	35.1049	34.9485	34.6106	34.8043	35.0102	34.6997	34.5599	34.8305	34.7997	34.7563	34.7366	34.6735	34.5997	34.4694	34.5432	34.4925	34.1365	34.3102	34.1814	34.433	34.4145	34.1697	34.0526	34.4624	34.1913	33.9885	34.0827	34.2387	34.4403	33.9031	33.9802	33.8842	34.0931	34.0475	33.895	34.0971	33.8622	33.7873	33.9415	33.9259	33.797	33.5715	33.5715	33.5693	33.8193	33.588	33.6075	33.173	33.5574	33.4522	33.2475	33.0747	33.1751	32.8886	33.0772	33.3591	33.0732	32.8815	32.661	32.7212	32.7598	32.4382	32.5323	32.2669	32.5721	32.5783	32.3853	32.352	32.8572	32.8578	32.7071	32.2373	32.0477	32.5217	31.7285	32.7004	31.8767	31.7856	31.4322	32.3405	31.5142	32.2409	31.9145	32.1902	31.5571	31.3629	31.5789	31.964	31.631	31.2045	31.0885	31.3781	31.4111	31.2789	31.2362	31.4479	30.5297	31.2217	30.9257	31.2896	31.1577	31.4011	32.1474	35.2274
Hmi-CBas_045-Ex1-06A.clmp.r1r2_fastp	35.3572	35.3803	35.286	35.4041	35.3911	35.3146	35.4903	35.2443	35.423	35.2977	35.2695	35.37	35.4142	35.2394	35.3449	35.4074	35.3115	35.2688	35.3498	35.39	35.395	35.3022	35.2804	35.1776	35.1751	35.0155	35.0951	35.1667	35.1392	35.0822	35.0767	35.0792	35.016	35.0683	35.0881	35.0711	34.7915	35.1327	34.7931	34.8361	34.6228	34.8918	34.7487	34.8551	34.6376	34.7074	34.6166	34.5589	34.5772	34.561	34.6119	34.6161	34.4565	34.4121	34.6312	34.8407	34.5681	34.7026	34.3633	34.0301	34.248	34.375	34.0868	34.3769	34.0297	33.7772	34.0617	33.8428	33.7842	34.2705	33.954	34.2258	33.9488	34.1515	34.0592	34.1617	34.0644	34.0106	34.1537	34.0346	33.5242	34.143	33.8625	33.994	32.9363	32.6054	32.4776	32.806	33.1984	33.2566	33.4764	33.5386	33.7205	33.7717	32.4738	32.1314	32.4369	33.1107	33.0431	33.5269	33.3641	33.5922	32.8462	32.1197	32.9892	31.8378	31.4893	32.0808	31.9287	32.6701	31.7944	32.5532	31.7574	32.4523	32.155	32.45	32.4333	31.9649	31.4464	32.3667	32.5238	31.1512	31.959	32.0465	30.9679	32.5928	31.178	31.7471	31.3881	32.5181	32.526	31.9013	32.4636	31.5362	31.2017	31.3463	31.286	32.2539	31.2404	31.3598	31.9439	32.7148	31.9548	31.0241	31.1845	31.6425	31.7797	32.7086	31.9956	35.6385
Hmi-CBas_046-Ex1-06H.clmp.r1r2_fastp	35.4726	35.2743	35.4327	35.4128	35.4907	35.5395	35.4845	35.4944	35.5741	35.5647	35.5819	35.4735	35.5469	35.489	35.5288	35.5098	35.4373	35.373	35.2952	35.5737	35.4829	35.4942	35.2649	35.3844	35.2386	35.4023	35.1865	35.4074	35.2239	35.1431	35.1784	34.8534	34.934	34.9854	34.8534	35.0159	34.4619	34.8528	34.7617	34.5825	34.9157	34.9573	34.7885	34.5376	34.6699	34.4349	34.4885	34.6944	34.5329	34.4737	34.2339	34.4399	34.172	34.3044	34.1334	34.1593	34.2927	34.1696	34.0798	33.4607	33.8173	34.0971	33.7839	34.0425	33.8955	34.1499	33.4935	33.6396	33.4979	33.9874	33.572	33.5489	33.5966	33.6405	33.4628	33.7017	33.5007	33.3522	33.3291	33.4265	33.4596	33.5367	33.0779	33.5401	33.0976	33.479	33.1142	33.3676	32.8429	33.1008	33.1249	33.0161	32.6965	32.9531	32.9532	32.7677	33.0339	32.4274	32.8485	32.6349	32.1943	32.4173	32.2617	32.2355	31.8208	31.7435	32.0686	31.7505	31.8517	31.8287	32.3058	32.1142	31.856	31.3975	31.8895	32.047	31.9066	31.8094	31.6856	30.6933	31.2756	31.061	31.5521	31.6256	31.505	31.0557	30.9898	31.266	31.3982	31.4381	31.0811	30.7821	31.1346	30.9341	30.4376	31.0222	31.0817	30.9213	31.1367	30.9782	31.3004	31.0144	31.2403	29.993	30.2116	30.5621	31.1969	31.2741	32.3181	35.172
Hmi-CBas_047-Ex1-07F.clmp.r1r2_fastp	35.1204	34.9787	35.197	35.35	35.4902	35.5069	35.4987	35.4701	35.517	35.5026	35.4618	35.3993	35.3755	35.4154	35.4648	35.338	35.4448	35.3395	35.4443	35.2908	35.3595	35.4678	35.3267	35.4326	35.2221	35.3264	35.2614	35.1419	35.4076	35.1978	35.2575	35.3339	35.2264	35.2142	35.2579	35.0525	34.9893	35.034	35.2374	35.0493	35.1095	35.0658	34.8994	34.8454	34.9145	34.9672	35.0004	34.8808	34.8715	34.9258	34.6535	34.7199	34.718	34.7347	34.5559	34.628	34.5167	34.7642	34.7667	34.5025	34.3913	34.3741	34.3302	34.3751	34.2424	34.0999	34.3236	34.4155	34.202	34.287	34.3189	34.0206	34.0872	34.0819	33.9609	34.1675	34.1007	33.966	33.9192	33.9582	33.8015	33.9061	33.6761	33.6675	33.6027	33.4902	33.5718	33.4694	33.3494	33.5559	33.4121	33.3973	33.4084	33.4476	33.5032	33.3914	33.3379	33.1291	33.0775	33.4133	33.0698	32.9776	33.2636	33.169	32.92	33.0054	33.1677	33.1399	33.0049	32.8555	33.1759	32.8862	33.058	33.2371	32.8828	32.711	32.8704	32.8616	32.7543	32.8256	32.5345	32.7644	32.7161	32.8579	33.0238	32.4236	32.7082	32.4773	33.0012	32.3872	32.3678	32.2219	32.2965	32.4448	31.7512	32.1857	32.0283	32.0812	32.1159	32.1374	32.2529	32.1021	31.8677	32.0729	32.0644	32.1738	32.1929	32.7971	33.1535	35.4185
Hmi-CBas_048-Ex1-08D.clmp.r1r2_fastp	35.9455	35.9176	36.0764	35.9855	36.087	36.1039	36.0859	36.0885	36.0554	36.0411	35.9941	35.8711	35.9863	36.058	35.9431	36.0082	36.0695	35.9996	36.0129	35.9966	36.0443	36.0305	36.0242	35.9604	35.8726	35.8977	35.8983	35.9872	35.9916	35.8907	35.935	35.9246	35.8965	35.8638	35.8935	35.8052	35.9015	35.8906	35.8584	35.9174	35.9002	35.9247	35.8212	35.884	35.843	35.8391	35.7757	35.7964	35.7461	35.7704	35.7649	35.7799	35.7271	35.7271	35.7377	35.7464	35.7673	35.7016	35.7435	35.7012	35.6913	35.6709	35.6328	35.6159	35.5674	35.6299	35.59	35.5488	35.5796	35.6069	35.5635	35.4716	35.5964	35.4885	35.5177	35.5429	35.5084	35.3415	35.4764	35.4467	35.3832	35.3207	35.3826	35.4289	35.4221	35.3291	35.1071	35.2329	35.2759	35.3609	35.3268	35.3433	35.4618	35.2668	35.167	35.2197	35.2907	35.0615	35.08	35.0826	35.3411	35.1129	35.2621	35.1632	34.8017	35.0689	35.0894	34.9986	35.0699	35.0907	34.9501	34.8517	34.8717	34.5465	34.7042	34.7276	34.7683	35.1144	34.9626	34.8018	34.9221	34.5934	34.5543	34.627	34.7113	34.9208	34.5312	34.4621	34.7176	33.8328	33.8005	34.1885	34.6869	34.3589	34.563	34.4263	34.7478	34.1384	34.6049	33.5683	33.6527	33.8111	34.1172	34.2324	34.0803	34.2385	34.2769	34.4765	34.7149	35.8753
Hmi-CPar_001-Ex1-01D.clmp.r1r2_fastp	35.4112	35.4957	35.4457	35.4197	35.5432	35.5015	35.5623	35.4592	35.5249	35.6352	35.4677	35.4857	35.5372	35.5616	35.4524	35.4914	35.5355	35.4871	35.3908	35.5703	35.52	35.5706	35.4804	35.4334	35.4163	35.3878	35.286	35.2534	35.2769	35.1692	35.2305	35.1165	35.0659	35.1182	34.9977	35.1141	35.0294	35.007	35.0306	35.0613	34.7697	34.9178	34.9648	34.8558	34.8227	34.7305	34.6977	34.8547	34.9293	34.5986	34.8011	34.5856	34.4797	34.7316	34.6545	34.4943	34.5	34.6289	34.6505	34.5655	34.5979	34.4133	34.4628	34.4322	34.32	34.3423	34.3068	34.2711	34.1794	34.2355	34.2445	34.1379	34.246	33.9029	33.9174	34.0245	34.0644	33.7029	33.9538	33.7631	33.9444	33.8933	34.0087	33.9205	33.9263	33.9403	33.8708	33.6541	33.8868	33.8513	33.6535	33.6201	33.4882	33.6907	33.7225	33.5689	33.674	33.7906	33.5944	33.3061	33.2748	33.3357	33.3876	33.4496	33.2284	33.4406	33.3118	33.1714	33.2932	33.0553	33.3047	33.5285	33.1335	32.895	33.0167	33.0892	33.3239	32.9683	33.1104	33.076	32.7885	32.9574	32.8439	33.1531	32.9995	32.9473	32.8059	32.8794	32.6449	32.4579	32.602	32.4192	32.828	32.736	32.2268	32.235	32.513	32.2628	32.4069	32.0713	32.0518	31.756	31.8071	31.629	31.9887	32.2766	32.2171	32.0588	32.4264	35.4535
Hmi-CPar_002-Ex1-02A.clmp.r1r2_fastp	35.0545	34.829	34.9982	34.939	35.0288	35.0455	35.0019	35.0181	34.9493	35.0195	35.0528	35.0038	34.9787	34.934	34.9134	34.9423	34.9592	34.9737	34.9711	34.9774	34.9444	34.8425	34.8636	34.8805	34.8502	34.7666	34.8074	34.744	34.762	34.7169	34.7264	34.7232	34.6167	34.6155	34.6247	34.6033	34.5937	34.5296	34.5737	34.5204	34.4708	34.474	34.4707	34.4117	34.3611	34.2872	34.3536	34.3063	34.2636	34.229	34.2387	34.2094	34.1187	34.1561	34.2066	34.0789	34.0303	34.0183	33.9693	33.9569	33.9416	33.8521	33.7773	33.8327	33.8026	33.7257	33.7597	33.6904	33.6254	33.5536	33.5846	33.5061	33.5062	33.4091	33.4228	33.3075	33.363	33.251	33.2769	33.1454	33.1619	33.0729	33.1182	33.054	32.9649	32.9001	32.9238	32.9169	32.8497	32.8697	32.7981	32.7377	32.7412	32.7652	32.7381	32.6665	32.5611	32.4748	32.4765	32.3427	32.3461	32.3078	32.3148	32.282	32.19	32.1074	32.1409	32.1072	32.0575	31.9313	31.9262	31.8589	31.9062	31.8673	31.7967	31.8011	31.692	31.6009	31.577	31.5347	31.4895	31.4862	31.365	31.3152	31.2652	31.2744	31.3015	31.201	31.1849	31.1031	30.9337	30.9291	30.931	30.9736	30.878	30.6891	30.7881	30.6536	30.7109	30.5005	30.5348	30.5953	30.5783	30.5478	30.5921	30.6553	30.8955	31.311	32.0218	35.2225
Hmi-CPar_003-Ex1-02E.clmp.r1r2_fastp	35.838	35.6171	35.8012	35.8007	35.8406	35.9626	35.8101	35.9029	35.8503	35.9222	35.916	35.9143	35.8461	35.9117	35.8757	35.9025	35.7999	35.8643	35.9049	35.9302	35.8692	35.8595	35.8173	35.8713	35.8626	35.7964	35.7836	35.8046	35.7464	35.771	35.7647	35.7091	35.7464	35.7837	35.704	35.7262	35.6075	35.6358	35.7013	35.6386	35.5089	35.5811	35.4848	35.5336	35.4363	35.6158	35.5213	35.5286	35.5065	35.4844	35.5356	35.399	35.4449	35.4103	35.473	35.4924	35.448	35.4387	35.3191	35.4769	35.3928	35.4961	35.2721	35.3373	35.1941	35.2875	35.2047	35.2077	35.2056	35.3231	34.9305	35.0925	35.1122	34.8789	34.8568	35.0728	35.008	34.8256	34.8851	35.0273	35.0344	34.894	34.6532	34.9758	34.8934	34.7045	34.5249	34.8175	34.6846	34.5772	34.743	34.4798	34.6178	34.644	34.5854	34.6982	34.5609	34.5074	34.4833	34.5849	34.5542	34.3056	34.6312	34.2967	34.6248	34.382	34.5992	34.4891	34.3984	34.3262	34.3789	34.4013	34.2106	34.1337	34.333	34.2707	34.1377	34.2783	33.9524	33.9467	33.9258	34.1699	34.1026	33.8352	33.9858	33.7666	33.8841	33.9757	33.7236	33.6224	33.4692	33.3583	33.5905	33.3591	33.7392	33.512	33.4312	33.6983	33.8817	33.7564	33.7879	33.5246	33.6364	33.3142	33.2503	33.535	33.5377	33.8645	34.0623	35.915
Hmi-CPar_004-Ex1-10D.clmp.r1r2_fastp	35.4919	35.3837	35.4686	35.4603	35.5664	35.6017	35.5132	35.562	35.5275	35.5811	35.4974	35.4774	35.5489	35.5691	35.5302	35.4579	35.526	35.5311	35.4829	35.4515	35.4809	35.4848	35.3933	35.4407	35.3709	35.318	35.317	35.2528	35.3142	35.292	35.3215	35.2277	35.2622	35.2256	35.1967	35.2639	35.1503	35.0699	35.1089	35.1911	35.0736	35.1373	35.0419	35.07	34.9651	34.9518	34.9465	34.9862	34.9888	34.9874	34.8864	34.7684	34.7005	34.6266	34.6575	34.6221	34.7344	34.5105	34.2982	34.643	34.4004	34.2438	34.2981	34.4526	34.3902	34.3188	34.4148	34.1692	34.2058	34.0502	34.2453	34.1574	34.1434	34.0252	34.2352	33.8954	33.867	33.7199	33.6193	33.5279	33.376	33.2817	33.586	33.3865	33.2704	33.2865	33.4435	33.5366	33.2374	33.0944	33.3751	32.8955	33.0524	33.05	33.2787	33.4096	32.6299	32.8916	32.441	32.7297	32.4149	32.7681	32.6914	33.2013	32.8222	32.8711	33.3002	32.9426	32.6053	32.5992	32.7884	32.9986	32.2644	32.5733	32.623	32.1011	32.504	32.3171	32.3628	31.8643	32.4023	32.5034	32.5508	32.5532	32.113	31.977	31.9224	32.1266	31.8322	31.9652	31.4667	31.7525	31.9972	31.9014	32.0666	32.0449	31.6706	31.7538	31.3407	31.6482	31.7657	31.5754	31.6801	31.5928	31.093	31.9335	31.9471	32.058	33.292	35.4605
Hmi-CPar_005-Ex1-03E.clmp.r1r2_fastp	35.4296	35.2784	35.2182	35.3033	35.3415	35.7419	35.6319	35.7014	35.5528	35.4762	35.6632	35.6639	35.546	35.477	35.4615	35.5239	35.7402	35.408	35.7066	35.5604	35.5883	35.4164	35.413	35.6022	35.1182	35.5133	35.3862	35.4298	35.4542	35.3119	35.232	35.4038	35.2876	35.1026	35.413	34.9627	34.9978	35.2971	35.1156	35.3498	35.0096	35.0782	35.2315	34.6273	34.6981	35.0036	34.3774	34.8116	34.6689	34.4649	34.803	34.4444	34.7202	34.7159	34.3167	34.7588	34.5174	34.4707	34.3143	34.4185	34.4846	34.2237	34.6601	34.5835	34.5042	34.5523	34.0918	34.0488	33.7859	34.0852	33.7303	34.0804	33.8704	33.8761	33.8218	33.9408	33.644	33.5872	33.2671	33.6663	33.4355	33.7773	33.8834	33.5994	33.7104	33.6092	33.3429	33.5897	33.7612	33.7809	33.2293	33.5293	33.2949	33.3906	33.0551	33.3871	33.4413	33.3461	32.9191	33.5002	33.3611	33.3204	33.043	33.2219	33.0749	32.7584	33.1599	33.0051	33.0336	33.3338	32.8279	33.4567	32.9737	32.9059	33.2671	32.1197	32.9955	32.3685	32.5983	32.9756	32.3257	32.6208	32.8174	32.1077	32.3087	32.1358	32.5805	32.3575	32.0912	32.3292	31.6319	32.1767	32.2677	32.0382	32.6237	31.7665	32.2715	32.3927	32.3411	32.526	32.3976	31.5513	31.9656	31.8189	32.3325	32.2365	31.7035	32.2656	32.7839	35.4582
Hmi-CPar_006-Ex1-04C.clmp.r1r2_fastp	35.1001	34.9506	35.027	35.049	35.1534	35.2278	35.1089	35.085	35.0073	35.0377	35.0337	35.0592	35.1122	34.973	35.0999	35.0975	35.0158	35.0855	35.083	34.9799	34.8755	34.8521	34.7723	34.9421	34.9396	34.774	34.746	34.8166	34.6601	34.6936	34.6335	34.5151	34.5498	34.5725	34.5789	34.557	34.5473	34.326	34.3782	34.3764	34.5026	34.4682	34.382	34.2823	34.3092	34.2368	34.0699	34.2592	34.1823	33.9099	33.9929	34.0635	33.7027	34.0786	33.9228	33.8915	33.8915	33.6679	33.7951	33.8162	33.8842	33.7804	33.7065	33.5673	33.5319	33.4582	33.557	33.4243	33.4582	33.3836	33.241	33.2543	33.324	33.2986	33.104	33.1362	33.2041	33.3601	32.8544	33.1022	32.8878	32.8166	32.7758	32.7689	32.7391	32.6639	32.7105	32.6063	32.6443	32.8517	32.4622	32.35	32.6504	32.1987	32.4917	32.2647	31.9937	31.9897	32.361	31.9848	32.0723	31.972	31.9617	31.4568	31.6903	31.5816	31.7837	31.717	31.4107	31.2989	31.1281	31.3428	31.2936	31.129	31.3757	31.1172	30.656	30.8218	30.6441	30.442	30.6527	30.9112	30.6202	30.6677	30.4266	30.7251	30.9003	30.5897	30.4847	30.1975	30.2432	30.5188	30.0307	30.23	30.1355	30.6975	30.5746	30.0153	30.1644	29.8226	30.3141	30.1467	29.7999	29.9696	29.8945	30.2051	30.2629	30.9996	31.6304	35.0684
Hmi-CPar_007-Ex1-11D.clmp.r1r2_fastp	35.6045	35.5288	35.5728	35.6334	35.6966	35.7697	35.7781	35.7749	35.708	35.7901	35.7056	35.8049	35.7727	35.7201	35.7049	35.6912	35.7235	35.6066	35.7172	35.675	35.6596	35.7045	35.5855	35.5908	35.5213	35.6464	35.515	35.4508	35.5205	35.5061	35.518	35.4861	35.4637	35.5119	35.5172	35.4978	35.4413	35.5427	35.2464	35.3657	35.3083	35.4245	35.2362	35.3557	35.2033	35.2537	35.304	35.2456	35.2225	35.2678	35.136	35.2447	35.1868	35.0275	35.2054	35.0894	35.1362	35.142	34.9288	35.0391	35.1438	35.0277	34.957	34.9221	34.9265	34.8103	34.9424	34.8615	34.7292	34.7696	34.7457	34.6468	34.5451	34.3807	34.5436	34.5728	34.4328	34.456	34.4874	34.3524	34.5967	34.4263	34.3286	34.2968	34.1783	34.1758	34.1856	33.9309	34.1782	34.0431	34.1962	34.1182	34.0082	34.0251	34.1005	33.9744	33.8253	33.751	33.6505	33.6608	33.2177	33.5121	33.3376	33.4099	33.2931	33.4384	33.3565	32.7695	33.0675	32.6106	32.2901	32.6735	32.9616	32.7418	32.5283	32.3496	31.325	30.7665	32.3868	32.3835	32.5135	32.7199	30.4302	30.9489	31.6826	30.8892	30.3206	31.5468	30.6069	31.5793	30.5714	30.7553	31.0734	31.2833	31.8658	31.8928	30.0908	30.306	30.7777	31.439	31.2603	31.3562	29.8485	29.6395	29.8834	29.7639	29.6112	29.9509	31.3839	35.122
Hmi-CPar_008-Ex1-11H.clmp.r1r2_fastp	35.4818	35.3758	35.6857	35.5214	35.7386	35.7489	35.7034	35.5736	35.6686	35.816	35.7563	35.6995	35.8052	35.7725	35.7043	35.7116	35.6689	35.7129	35.6558	35.6622	35.6167	35.6233	35.5731	35.6161	35.6945	35.4974	35.5202	35.5292	35.5586	35.4106	35.4678	35.3899	35.4432	35.3211	35.3655	35.1967	35.3293	35.3808	35.3488	35.3948	35.3175	35.2235	35.2955	35.3327	35.3646	35.2602	35.3469	35.0892	35.2113	35.0206	34.754	34.9799	35.1266	34.4085	34.525	34.793	35.0004	34.7186	34.7841	34.2294	34.4394	34.6602	33.9081	33.6391	33.7719	34.2727	33.7118	34.2732	33.5783	33.1564	33.5108	34.0967	33.1145	33.7496	33.4001	33.5156	34.1783	34.199	33.0814	33.567	33.9365	33.8264	33.027	33.912	33.5706	32.5723	33.3757	32.8652	33.2233	33.7443	33.3134	33.8731	32.8578	33.6404	32.9327	33.4922	33.7478	32.8407	32.2814	32.4836	32.3544	33.4582	32.5363	32.6454	32.5731	33.384	33.2703	32.114	33.2066	32.2064	32.0419	31.867	32.0266	32.9426	32.887	32.6334	31.7269	33.0879	33.0629	32.559	32.9547	31.9128	32.3309	31.1851	33.3802	33.0647	31.4756	31.1702	31.2279	32.4521	32.1281	32.7518	30.6878	32.2255	31.2549	32.73	30.7273	31.9605	30.4169	30.7329	31.6371	30.0299	30.2874	31.6952	29.4124	31.6083	30.4111	30.3904	32.7108	35.2671
Hmi-CPar_009-Ex1-06B.clmp.r1r2_fastp	35.2435	35.0799	35.2626	35.2566	35.2094	35.3671	35.1879	35.2456	35.157	35.1531	35.1598	35.2279	35.151	35.1266	35.1034	35.1957	35.2079	35.1497	35.0496	35.2097	35.135	34.921	35.0974	34.9797	34.9572	34.9939	34.7931	34.8179	34.8526	34.9627	34.9322	34.82	34.6475	34.8695	34.899	34.9051	34.7873	34.6389	34.629	34.5652	34.5181	34.4292	34.5011	34.5552	34.3641	34.3907	34.4494	34.3222	34.2742	34.5453	34.2138	34.3102	34.1873	34.2164	34.483	34.1499	33.6086	33.8607	33.137	33.7094	33.4883	33.4577	33.7257	33.1631	33.741	33.5209	33.4415	33.0425	33.5549	33.6255	33.2298	33.3975	33.3967	33.0777	33.047	33.2505	32.9885	32.9542	32.7451	32.602	32.5779	32.6141	32.2403	32.5114	32.9432	32.2216	32.4927	32.8745	33.0576	32.6438	32.3605	32.0862	32.8688	32.6755	32.6905	32.6048	32.278	32.7777	31.7574	32.2263	31.9771	32.4041	31.8436	32.2747	32.2115	32.0085	32.334	31.8781	31.6513	31.8398	31.6876	32.1462	31.6497	31.5	31.0665	31.5111	31.7609	31.8509	31.47	32.1451	31.5335	31.4318	31.0997	31.4925	31.3794	30.3935	31.4999	30.8421	31.4219	30.4885	31.4256	31.1044	31.3487	30.4225	30.9281	30.34	31.0997	30.5263	31.0009	30.6319	30.9353	29.8698	30.4822	30.5538	29.9779	30.0285	30.3574	31.3818	32.1527	35.2606
Hmi-CPar_010-Ex1-07A.clmp.r1r2_fastp	34.9713	34.8726	34.9363	34.871	34.9566	35.1635	34.851	34.9611	34.8907	35.0528	35.0267	34.9911	34.8805	34.6613	34.8211	34.7491	35.0348	34.9475	34.8206	34.664	34.6799	34.6761	34.7563	34.6239	34.565	34.6443	34.7969	34.7048	34.5106	34.6132	34.6521	34.7147	34.4609	34.5648	34.4215	34.2936	34.4268	34.5139	34.202	34.2884	34.2374	34.4441	34.154	34.2756	34.2528	34.1901	34.1102	33.9814	33.9858	33.9078	34.0826	33.951	33.7398	33.8286	33.965	34.0081	33.86	33.5433	33.8281	33.809	33.5557	33.3818	33.5296	33.5962	33.3546	33.2623	33.231	33.1886	33.4406	33.3631	33.0943	33.188	32.9634	32.8089	32.7918	32.8876	32.7301	32.9705	32.9164	32.6556	32.6633	32.739	32.5674	32.5662	32.23	32.4553	32.1666	32.2138	32.1353	32.143	32.2389	31.9384	32.4643	32.0833	32.0795	31.7231	31.8256	31.9649	31.8275	31.884	31.6939	31.5374	31.8156	31.5847	31.6539	31.4339	31.637	31.2219	31.2647	30.9571	31.3544	31.2726	31.5046	31.3456	31.2733	31.0152	30.9048	30.8534	31.1465	31.0259	30.958	30.9484	31.0302	31.095	31.2621	30.9103	31.1756	30.8223	30.743	30.7022	30.6973	30.5415	30.917	30.5601	30.6477	30.374	30.2821	30.4865	30.6908	30.097	30.1745	29.9172	30.0898	30.3987	30.3611	30.4347	30.7006	30.9194	31.8802	34.9799
Hmi-CPar_011-Ex1-07G.clmp.r1r2_fastp	35.6366	35.2086	35.4026	35.29	35.7358	35.45	35.5269	35.5743	35.6438	35.6543	35.6867	35.3946	35.5487	35.5373	35.5434	35.6792	35.5339	35.6137	35.2933	35.6932	35.2902	35.1635	35.3966	35.2539	34.996	35.2689	35.2025	35.0888	35.3553	35.2849	35.1062	35.2865	35.0621	34.8399	34.7983	34.916	34.7613	34.8032	34.7932	35.0076	34.8524	34.6889	34.4796	34.6284	34.7772	34.596	34.4621	34.6884	34.7274	34.3081	34.6695	34.5453	34.7981	34.394	34.3741	34.3107	34.4508	34.5593	34.4061	34.5662	34.6339	34.4198	34.1306	33.7396	34.1962	34.019	34.0744	33.999	33.9541	34.1286	33.7781	33.8715	33.6354	33.7243	33.7631	33.9079	33.6794	34.1242	33.9815	33.9016	33.6719	33.7376	33.6323	33.891	33.6971	33.822	33.0068	32.8873	33.2785	33.2261	33.1872	33.2977	32.823	33.2833	33.0092	33.275	33.2153	33.242	33.0734	33.224	33.32	33.599	33.3914	33.2008	33.0514	32.9549	33.0073	33.1745	32.9817	32.9116	32.9709	32.5946	31.8134	32.5567	31.7129	32.1964	32.3845	32.5127	32.2178	32.6857	32.3247	31.7768	31.9926	31.5561	31.6018	31.8188	31.9159	32.1238	32.0225	31.8618	31.6582	31.8534	31.6265	31.3387	31.3937	31.7692	31.2582	31.9942	31.1324	31.7237	30.1564	30.6762	30.7911	31.4565	31.8097	31.1303	30.7601	31.8961	32.3262	35.0022
Hmi-CPar_012-Ex1-08E.clmp.r1r2_fastp	35.5972	35.552	35.5385	35.6236	35.688	35.6896	35.701	35.7793	35.7961	35.7746	35.6611	35.7138	35.804	35.744	35.6905	35.7369	35.7409	35.7401	35.7411	35.7252	35.6681	35.7806	35.6438	35.6605	35.6373	35.5225	35.5429	35.5277	35.5288	35.466	35.4624	35.5414	35.4699	35.4652	35.3417	35.3775	35.4348	35.2278	35.4106	35.308	35.3872	35.2741	35.4374	35.3394	35.3178	35.1914	35.3625	35.3431	35.182	35.2917	35.1842	35.2167	35.1451	35.0283	35.1935	35.1734	35.0911	35.1193	35.0468	34.9836	35.1754	34.9511	35.0571	34.9527	35.0411	34.9011	34.969	34.9404	35.0345	35.0247	34.8706	34.8912	34.759	34.5379	34.8213	34.6493	34.883	34.7842	34.8636	34.7941	34.6953	34.548	34.6927	34.8042	34.6122	34.4882	34.5644	34.6913	34.6596	34.5808	34.4266	34.4312	34.4489	34.4269	34.5735	34.2582	34.2221	34.373	34.2702	34.2172	34.1566	34.18	34.1662	34.2758	34.1725	34.1288	34.333	34.1135	33.9087	33.8948	33.8639	33.9614	33.9499	33.9883	33.9857	33.8645	33.9144	34.1251	33.9393	33.9842	33.6097	33.5975	33.4584	33.572	33.5401	33.5639	33.7283	33.574	33.3737	33.3901	33.4022	33.3311	33.1533	33.3294	33.3617	33.2688	33.1541	33.3866	33.4183	33.4166	33.2835	33.262	33.3447	33.4047	33.1932	33.2762	33.4071	33.476	33.9224	35.7596
Hmi-CPar_013-Ex1-09B.clmp.r1r2_fastp	35.5607	35.0379	35.2208	35.3995	35.4427	35.26	35.399	35.3787	35.5132	35.2975	35.3632	35.3364	35.5131	35.2296	35.4356	35.2763	35.3251	35.4339	35.5293	35.4289	35.0214	35.3109	35.1906	35.1036	35.4513	35.3988	35.0822	35.1874	35.0398	35.1314	35.0668	34.8316	34.9609	34.9807	34.9453	34.948	34.6752	34.5926	34.6765	34.7173	34.5877	34.2535	34.5554	34.1683	34.8444	34.3797	34.4662	34.1083	34.5939	34.4074	34.3534	34.1565	34.3825	34.008	34.3683	34.0598	34.284	33.8631	34.0929	33.9704	34.0817	33.5024	33.9163	33.9329	33.9909	33.9242	33.5611	33.1512	33.95	33.554	33.8857	33.4427	33.1264	33.1169	32.7934	33.0609	33.429	32.4298	32.7918	32.6702	33.1296	32.4801	32.2681	32.5275	32.6691	32.2396	32.4364	32.7379	33.2971	32.0927	32.1633	31.6569	32.1718	32.0063	31.6763	32.4961	32.1765	32.1087	32.3562	32.642	32.6448	31.889	32.3202	32.0846	32.0785	32.419	32.0528	31.7366	31.8465	32.0533	32.1451	32.1162	31.7068	30.9545	31.91	31.394	31.5806	31.2509	31.8936	31.0846	31.5689	31.527	31.5921	31.1416	31.3393	31.1156	30.8961	30.6112	29.9802	29.7958	29.9819	30.5269	30.7523	31.0246	31.3009	30.8822	30.757	29.4923	30.2757	29.9519	29.4765	29.9327	30.0023	30.4659	29.8502	30.2683	30.6534	31.6517	31.3141	35.1123
Hmi-CPar_014-Ex1-02B.clmp.r1r2_fastp	35.7385	35.5044	35.5537	35.63	35.7862	35.7027	35.7337	35.7159	35.6927	35.7115	35.818	35.7203	35.6663	35.7815	35.6941	35.7314	35.7031	35.7103	35.6333	35.7926	35.7194	35.7427	35.601	35.6728	35.6056	35.5575	35.6018	35.5327	35.5705	35.5084	35.4495	35.3027	35.5283	35.3937	35.3814	35.3553	35.4315	35.35	35.2316	35.3918	35.3064	35.1108	35.1305	35.155	35.1032	34.9596	34.9361	35.2001	34.9729	35.1024	34.8093	34.9937	34.9148	34.9183	34.8986	34.8342	34.7869	34.7313	34.7262	34.4484	34.3722	34.3766	34.2876	34.2412	34.0166	34.0617	33.7747	34.1605	34.0824	33.7425	33.808	34.1817	34.1464	34.4173	34.2952	33.9313	33.7482	33.9682	33.9321	33.7181	33.7393	33.9813	34.1208	34.2271	33.7473	33.6806	33.7055	33.6368	33.8026	33.8651	33.7146	33.8277	33.8531	33.8469	33.6208	33.5172	33.5575	33.7492	33.5158	33.3443	33.2956	33.3303	33.3849	33.8685	33.2036	33.5766	33.4573	33.3128	33.2212	33.3889	32.9148	33.5337	32.9202	32.9762	33.0731	33.2624	32.9099	33.3065	33.0045	32.4726	32.5929	32.8417	32.6276	33.0267	33.0586	33.029	32.8039	32.2969	32.2607	31.8909	31.9207	32.0814	32.1067	32.389	32.1542	32.2556	32.2519	32.3965	32.4164	31.8958	32.1194	32.1219	32.4405	32.2189	32.0555	32.0771	32.2633	32.5602	33.3187	35.6452
Hmi-CPar_015-Ex1-02F.clmp.r1r2_fastp	35.1808	35.12	35.1887	35.1233	35.3444	35.3407	35.255	35.2269	35.334	35.3435	35.412	35.3932	35.3749	35.244	35.2269	35.3081	35.2896	35.2556	35.3374	35.2947	35.2565	35.2628	35.2034	35.1909	35.2346	35.1603	35.1612	35.1516	35.2357	35.1771	35.1142	35.0461	35.1449	34.9902	35.0791	35.0007	34.9026	35.0052	34.9348	34.8127	34.7802	34.7606	34.5469	34.6324	34.5095	34.5054	34.5067	34.445	34.6789	34.3548	34.3234	34.3292	34.2442	34.401	34.1884	34.1754	34.2169	34.2382	34.2893	34.174	34.1675	34.086	34.0134	33.9222	34.1875	34.1888	33.9837	33.9432	33.935	33.9841	34.0092	34.0401	34.1033	33.9446	33.6872	33.6223	33.6361	33.3424	33.2509	33.1916	32.6391	32.9487	32.5806	33.0311	32.8824	32.9425	32.6767	33.0427	32.8641	33.0014	32.5106	32.6752	32.6368	32.2999	32.6186	32.1752	32.1367	31.9557	32.0867	31.9146	32.1564	31.841	32.3863	31.8154	31.9959	31.7326	32.0592	31.7459	31.8895	31.4652	31.3403	31.6393	31.7271	31.1903	31.6071	30.6565	31.4937	31.3737	32.0721	31.1511	31.6404	31.1471	31.396	31.0631	30.9842	31.1153	31.1193	31.1179	30.9944	30.9637	30.6123	30.9342	30.9396	30.8058	31.0353	30.7517	30.7392	30.1734	30.4547	30.323	30.1292	30.4989	30.2209	30.1364	30.2656	29.7798	30.517	30.8894	31.5996	35.0788
Hmi-CPar_016-Ex1-10E.clmp.r1r2_fastp	35.3465	35.2781	35.4032	35.4111	35.4475	35.4421	35.6173	35.4187	35.5601	35.5324	35.5889	35.5433	35.4843	35.3755	35.5043	35.4093	35.4887	35.4366	35.4533	35.4903	35.5293	35.5585	35.2855	35.4207	35.4786	35.2892	35.5298	35.3507	35.2279	35.2047	35.3281	35.2717	35.2283	35.2377	35.3089	35.2941	35.2425	35.1726	35.0952	35.0381	35.1175	35.2513	34.998	35.2115	35.1458	34.9359	34.9499	34.9969	34.7667	34.9641	35.0644	34.9101	34.9502	34.8856	34.7327	34.9948	34.9277	34.962	34.6722	34.8232	34.7562	34.637	34.7281	34.6335	34.7208	34.474	34.4198	34.2896	34.4975	34.4543	34.5371	34.3998	34.35	34.3655	34.2437	34.1134	34.3486	34.0385	34.1048	34.0358	34.0308	34.0533	33.9345	33.99	33.8901	33.9217	33.8641	33.8462	33.959	33.9549	34.0618	33.8925	33.8887	33.9234	34.1031	33.905	34.0416	34.0096	33.9311	33.737	33.4981	33.7682	33.659	33.6747	33.796	33.4716	33.7664	33.2389	33.522	33.0778	33.6729	33.3437	33.4283	32.9569	33.1412	33.5567	33.3407	33.5402	33.3923	33.2638	33.1942	33.3535	33.063	33.4243	33.2472	33.1411	33.0677	32.9913	32.7253	32.7209	32.9946	32.8896	33.0642	33.2665	32.9891	32.6267	32.8784	33.0594	32.9415	32.918	33.0114	32.5036	33.2357	32.902	32.5659	32.4483	32.2726	32.6347	33.5045	35.6732
Hmi-CPar_017-Ex1-03F.clmp.r1r2_fastp	34.9765	34.7888	34.8624	34.9015	35.0214	34.9873	34.9136	34.9731	34.8465	34.922	34.9084	34.9391	34.7861	34.7789	34.785	34.8858	34.8233	34.9058	34.8177	34.7743	34.8236	34.8326	34.8026	34.6636	34.7211	34.6292	34.551	34.5436	34.5873	34.5983	34.6188	34.5591	34.463	34.4578	34.4568	34.4865	34.4707	34.4108	34.5273	34.3469	34.4091	34.3663	34.3722	34.3723	34.1347	34.0393	34.1371	34.0635	33.9549	33.858	34.0593	33.8473	33.8067	33.8237	33.8951	33.7925	33.6841	33.5637	33.4293	33.4408	33.5353	33.4997	33.3444	33.3285	33.3808	33.2493	33.2893	33.3147	33.1644	33.0154	32.9674	32.9875	32.9072	32.8507	32.895	32.6996	32.8251	32.8215	32.866	32.6556	32.5047	32.501	32.4468	32.3831	32.2973	32.2507	32.1409	32.1258	32.1149	31.9902	32.0727	32.0117	32.0213	32.074	32.163	31.971	32.0157	31.6591	31.6291	31.5556	31.8058	31.5985	31.5057	31.427	31.2429	31.3632	31.1787	31.3073	31.1544	31.1674	31.0377	30.7888	31.0497	30.8775	30.97	30.7816	30.8679	30.785	30.857	30.965	30.958	30.7592	30.9761	30.57	30.791	30.354	30.4139	30.4608	30.7133	30.4232	30.7178	30.3036	30.489	30.2744	30.1465	30.1304	30.2647	30.2889	30.2135	30.2721	29.8622	30.1336	29.6175	30.1343	29.9876	30.0656	30.3082	30.7885	31.5474	35.0287
Hmi-CPar_018-Ex1-04D.clmp.r1r2_fastp	35.4347	35.3682	35.6695	35.5575	35.7805	35.6824	35.7085	35.6662	35.668	35.745	35.7051	35.6873	35.7007	35.6237	35.6852	35.6826	35.6304	35.5728	35.7215	35.6865	35.5663	35.4204	35.4445	35.3131	34.9549	34.8952	34.9327	34.8945	35.0099	34.9692	34.9137	35.1943	34.9264	35.1024	35.0938	35.1001	34.901	35.018	34.657	34.8408	34.8134	34.7575	34.7059	34.6945	34.4969	34.607	34.681	34.6184	34.7428	34.7863	34.7545	34.5882	34.1137	34.3145	34.2131	34.3503	34.0902	34.1671	34.5433	34.2874	34.2437	34.4791	33.9818	33.7134	34.1783	34.0979	34.1551	34.2167	33.6155	33.8203	33.2295	33.6906	33.1535	33.4008	33.3864	33.2259	33.255	33.2556	32.9728	33.7817	33.2243	33.0795	32.9908	33.1013	33.1571	33.5258	33.0685	33.2622	33.05	33.4576	32.8818	32.6426	32.5502	32.9534	32.7515	32.2527	32.6251	32.3355	32.7326	32.8377	32.7597	32.905	32.3575	32.5672	32.6717	32.1128	32.7608	32.2768	32.1725	32.326	32.0581	32.1557	31.8218	31.8067	32.4966	31.7926	31.8119	32.0878	32.0135	31.7279	31.5603	31.5275	32.1162	30.755	31.5362	31.1149	31.7692	31.0384	31.7903	32.1061	32.3945	31.1234	30.7807	31.4769	31.176	31.821	31.684	30.7244	31.0937	30.9561	30.4038	30.2346	30.4366	29.9861	30.3869	30.2895	32.0212	31.7733	32.2005	35.0477
Hmi-CPar_019-Ex1-11E.clmp.r1r2_fastp	35.4924	35.2374	35.2272	35.3979	35.3603	35.5859	35.3002	35.281	34.964	35.5157	35.4927	35.3707	35.1329	35.1782	35.4339	34.8193	35.2911	34.9042	34.727	35.1237	35.2437	34.7289	35.172	34.7903	35.2405	35.1409	34.7365	35.1096	34.999	35.1242	35.0673	34.854	34.9892	34.5754	35.1631	34.6474	35.0442	34.5097	34.4542	34.6591	34.9071	34.5613	35.0093	34.4683	35.0704	34.5826	35.0654	34.5097	34.5596	34.2908	34.9421	34.1904	34.9459	34.7469	34.5499	34.2182	34.2886	34.8509	34.6015	34.2065	34.2712	34.5379	34.2793	33.9816	34.7003	34.0936	34.2295	34.5235	33.7561	34.1094	34.3601	34.5429	34.5287	34.1524	33.9114	33.9808	33.5862	33.8031	34.1024	34.1553	33.8595	33.901	34.0753	34.197	33.8173	33.9255	33.9409	33.2533	33.6607	33.2879	33.1698	33.7502	33.1459	33.8121	33.1717	33.6386	32.8618	33.423	33.0602	32.8633	33.6966	33.8011	33.4896	32.8013	33.2701	32.7242	33.4711	33.0318	32.4491	32.2498	33.3025	32.1985	33.0458	33.1589	32.8709	32.3657	32.7861	31.878	32.3564	31.7835	32.9617	32.1721	32.1189	33.1434	32.5374	32.6263	31.5235	31.7213	32.5798	31.7128	31.6161	31.875	32.1163	31.9783	31.7242	31.8862	31.2947	32.4848	30.7716	32.151	31.6729	30.572	31.5282	30.6188	31.5318	31.6299	32.8108	30.5434	33.1665	35.3309
Hmi-CPar_020-Ex1-12A.clmp.r1r2_fastp	35.3436	35.2574	35.4285	35.3921	35.4445	35.4326	35.3748	35.3863	35.3555	35.4124	35.4228	35.4168	35.4298	35.3631	35.3799	35.297	35.3738	35.31	35.3317	35.2878	35.3161	35.3075	35.2424	35.2764	35.0941	35.2392	35.1499	35.1861	35.117	35.1703	35.1255	35.0914	35.0519	35.1368	34.9104	35.0149	34.8877	34.9384	34.9588	34.9166	34.8745	34.9047	34.7381	34.7385	34.5771	34.7156	34.5385	34.4713	34.312	34.3311	34.2615	34.524	34.2237	34.2264	33.9945	34.0502	33.9937	34.0476	33.7638	33.8782	33.5392	33.6311	33.6587	33.8969	33.7904	33.9449	33.736	33.8902	33.4892	33.7425	33.3437	33.3618	33.0052	33.406	32.9152	33.1376	32.7175	32.9229	32.8492	32.9655	32.7469	32.9348	32.6034	32.6414	32.4397	32.8411	32.6884	32.4831	32.8982	32.6717	32.3841	32.1207	31.953	32.1014	31.9379	32.2346	31.8615	32.027	31.891	31.7748	31.5958	31.6446	31.728	31.6755	31.5881	31.5744	31.4734	31.6124	32.0262	31.6326	31.8955	31.5437	31.5859	31.8011	31.5693	31.257	30.8728	31.0178	31.0148	31.1067	31.0446	31.2575	30.3804	31.0342	31.1481	31.3899	30.9342	31.3759	30.4269	30.9893	30.3939	30.7721	30.6334	30.0357	29.7496	29.48	29.8608	29.7122	30.214	29.4878	29.6357	29.5857	29.5637	29.5789	29.6597	29.6104	29.4933	30.5565	31.0143	35.0396
Hmi-CPar_021-Ex1-12D.clmp.r1r2_fastp	35.7043	35.3805	35.455	35.6957	35.663	35.5852	35.6897	35.6193	35.5054	35.7691	35.5354	35.5149	35.7139	35.6454	35.6662	35.6883	35.5186	35.665	35.7032	35.6813	35.7067	35.5595	35.4518	35.5408	35.3608	35.6198	35.3826	35.3817	35.6314	35.4578	35.2662	35.2363	35.4077	35.261	35.471	35.3861	35.2233	35.3265	35.3792	35.1767	35.1361	35.4078	35.1819	35.2816	35.2189	35.0558	35.2183	35.1002	35.0553	35.0152	34.8788	34.9244	35.0432	35.094	35.0959	34.8343	34.9004	34.6648	34.7184	34.8393	34.6564	34.4121	34.8114	34.7864	34.302	34.4336	34.6957	34.6536	34.352	34.1109	34.3789	34.1296	34.1109	34.5428	34.2127	34.1469	34.1633	33.9814	33.9554	33.4158	34.0025	33.8187	33.6515	33.9115	33.8229	33.8607	33.6434	33.8383	33.6878	33.5033	33.9749	33.2994	33.8243	33.3049	33.5016	33.3719	33.7712	33.133	33.3485	32.7416	32.9536	33.2373	32.8801	33.1231	32.4561	32.7628	33.2609	32.8789	32.5952	32.7506	32.6015	32.2189	32.5092	32.5962	32.1755	31.8112	31.8431	31.9197	31.8253	31.7467	32.0394	32.7272	32.0523	31.2821	31.7771	31.7572	31.8129	31.761	31.7928	31.3729	31.536	31.4251	31.8775	31.1603	31.7455	31.4002	31.3541	31.4665	31.4246	31.1738	31.1972	31.2033	30.8164	31.1482	31.4453	31.1915	31.3315	31.9692	32.8963	35.2341
Hmi-CPar_022-Ex1-07B.clmp.r1r2_fastp	35.1605	35.0847	35.0622	35.1458	35.1601	35.2361	35.2188	35.2442	35.2187	35.2414	35.252	35.159	35.1666	35.1427	35.1755	35.104	35.1559	35.0857	35.1658	35.046	35.0938	35.1642	34.9696	34.9785	34.9071	34.838	34.8973	35.0434	34.9095	34.9826	34.867	34.9654	34.7812	34.6529	34.6545	34.6685	34.7592	34.6238	34.7308	34.7008	34.6045	34.726	34.6769	34.5319	34.5659	34.4682	34.5462	34.4665	34.5214	34.5281	34.5435	34.4621	34.2777	34.1566	34.2774	34.0448	34.2165	34.1094	34.1363	33.9564	33.9051	33.7508	34.0729	33.9939	33.8087	33.7999	33.8175	33.7587	33.8494	33.7631	33.6509	33.6872	33.8316	33.6202	33.6855	33.7774	33.629	33.3106	33.4366	33.3065	33.1051	33.1254	33.0866	32.9342	32.9946	33.0437	32.946	33.0534	33.1586	32.6197	32.9058	32.6929	32.8387	32.7547	32.6065	32.734	32.558	32.579	32.7029	32.4415	32.4927	32.6502	32.4005	32.5998	32.3195	31.9909	32.0859	32.3239	32.5052	31.6152	31.9745	31.6415	31.8689	32.034	32.2798	31.9667	32.1275	32.0788	31.9276	31.717	31.7744	31.6846	32.0605	31.5753	31.3972	31.5464	31.3458	31.3019	31.519	31.3862	31.4034	30.9417	31.0825	31.4127	31.3282	31.0572	30.9771	31.0264	30.8467	30.8212	30.7489	30.6629	31.0647	31.3432	30.7611	31.4128	31.6394	31.4519	31.8648	35.2457
Hmi-CPar_023-Ex1-07H.clmp.r1r2_fastp	35.652	35.5797	35.6992	35.6513	35.684	35.6455	35.7313	35.6527	35.6154	35.7507	35.6427	35.6614	35.6489	35.5604	35.6604	35.624	35.6578	35.5889	35.5762	35.6661	35.6049	35.5186	35.4026	35.5559	35.4627	35.3585	35.1981	35.109	35.3989	35.1368	35.3975	35.1053	35.1096	35.1829	35.1036	35.177	35.0988	35.1416	34.8211	34.8052	34.9206	34.6397	34.6408	34.9971	34.9192	34.8465	34.795	34.6727	34.1771	34.5693	34.4139	34.4413	34.5004	34.7152	34.4706	34.3617	33.2758	33.7288	33.6954	33.8931	34.0823	33.2536	33.0709	33.4323	33.1975	32.9561	33.5571	32.4065	33.6079	32.9298	33.4436	33.2956	32.8732	33.0647	33.0754	33.1263	32.4075	32.8993	33.2038	32.8439	32.4876	32.3992	32.8911	32.2521	32.4821	32.048	31.8561	32.4672	31.8532	31.5581	31.9796	31.9928	31.7584	31.3299	32.0971	32.487	32.0971	31.596	32.3237	31.6399	31.5281	31.0378	31.6064	31.6152	31.1181	31.1336	31.7298	30.1297	31.148	30.1989	30.2975	30.0468	29.598	29.8778	29.5897	29.358	29.355	29.2823	29.8279	28.6138	29.2231	29.6563	29.496	29.0026	29.8413	29.1532	29.6919	29.4298	29.1069	29.1047	29.4122	28.5096	29.0456	29.3046	28.5357	28.8232	28.9131	29.4452	28.9102	28.5525	29.7767	28.3655	29.8134	29.9449	30.1933	29.2294	29.9308	30.4016	31.4768	34.8429
Hmi-CPar_024-Ex1-08F.clmp.r1r2_fastp	35.5557	35.5293	35.5791	35.6903	35.7378	35.7787	35.6975	35.7442	35.7004	35.6726	35.7419	35.7123	35.6963	35.6896	35.6101	35.7145	35.609	35.6176	35.6253	35.7116	35.6743	35.6156	35.5067	35.5776	35.5241	35.5594	35.578	35.4665	35.4026	35.5078	35.4147	35.4709	35.2872	35.394	35.4129	35.2969	35.3449	35.2973	35.3067	35.3052	35.2392	35.2819	35.1682	35.2322	35.1283	35.0661	35.3092	35.1014	35.0225	34.9694	34.9333	34.9119	34.9901	34.8896	35.145	34.7562	34.7936	34.7446	34.6796	34.8047	34.6736	34.7532	34.5646	34.5784	34.651	34.4909	34.6025	34.5009	34.4858	34.5317	34.6095	34.5492	34.4048	34.5199	34.4509	34.2914	34.2409	34.2163	34.2013	34.1136	34.2353	34.0679	34.1716	34.1857	34.1648	33.9472	33.9691	33.9465	33.8951	33.8835	33.9204	34.009	34.1042	34.079	34.0201	33.8606	33.8994	34.0727	33.854	33.693	33.7984	33.6631	33.7565	33.7505	33.7834	33.6042	33.6827	33.6217	33.7419	33.549	33.3888	33.4246	33.3989	33.6927	33.3935	33.4608	33.3267	33.3204	33.1718	33.114	33.2187	33.1293	32.9902	33.1876	33.0917	33.0694	32.762	32.91	32.9821	33.0388	32.6069	32.5127	32.6398	32.8947	32.5137	32.325	32.4363	32.3654	32.428	32.448	32.6516	32.3289	32.1297	32.6506	32.347	32.4166	32.5566	32.9674	33.4994	35.5128
Hmi-CPar_025-Ex1-01E.clmp.r1r2_fastp	35.2593	35.1831	35.212	35.2828	35.4285	35.2459	35.285	35.344	35.1767	35.3496	35.2581	35.275	35.1923	35.2066	35.3412	35.105	35.1728	35.3061	35.1119	35.1354	35.2226	35.2905	35.1093	35.1655	34.9838	34.9597	35.1246	35.0769	34.9024	35.1555	34.8639	35.0387	34.8551	34.7337	34.6648	34.8411	34.7063	34.9011	34.5824	34.6528	34.423	34.6872	34.5126	34.8602	34.3551	34.4538	34.4755	34.3161	34.3524	34.2616	34.2146	34.2265	34.4311	34.1401	34.1174	34.3312	34.3246	34.311	34.1409	34.3091	34.2602	34.109	34.1134	34.1831	34.1	34.1028	33.7369	33.9504	33.9162	33.9367	33.8471	33.5116	33.5351	33.1013	33.1559	33.0452	33.1731	32.7962	32.9634	32.8429	33.2495	32.7763	33.298	32.5963	32.9292	32.4761	33.081	32.5913	32.8159	32.6392	32.6512	33.001	33.2464	32.7896	33.1536	32.8142	33.2051	32.9005	32.9595	32.9952	32.596	33.0122	32.4362	32.9856	32.9694	32.982	32.6982	32.7747	32.5688	32.5739	31.5812	32.4849	32.0481	32.2722	31.941	32.0724	31.6512	31.9041	31.654	31.9038	31.3671	31.848	31.2389	31.4088	31.3425	31.2121	31.3493	31.6738	31.6247	31.5121	31.1992	31.3844	31.499	31.4623	31.3859	31.2181	31.3392	30.6711	30.4715	30.692	30.712	30.6105	30.7856	30.6726	30.5631	30.651	31.2679	31.3505	32.234	35.2371
Hmi-CPar_026-Ex1-02C.clmp.r1r2_fastp	35.8997	35.8669	35.9899	35.7896	35.935	35.9899	35.9182	36.015	36.0054	36.0198	36.0519	36.0514	35.9856	35.9222	36.0155	35.9614	36.0	36.0527	35.87	36.037	35.9192	35.8374	35.9769	35.8864	36.04	35.8551	35.801	35.9125	35.9073	35.925	35.957	35.898	35.8543	35.916	35.8651	36.0291	35.8915	35.7656	35.9434	35.9971	35.9	35.87	35.8075	35.9015	35.7606	35.5729	35.8349	35.7075	35.5709	35.8253	35.7623	35.774	35.5564	35.7659	35.8039	35.794	35.7395	35.6399	35.5979	35.5922	35.7122	35.5207	35.4626	35.6374	35.6187	35.5731	35.4406	35.5951	35.4597	35.3107	35.3121	35.5816	35.1067	35.3556	35.471	35.1432	35.319	35.4362	35.1537	35.3438	35.3744	35.0534	35.1947	35.4701	35.0887	35.0337	35.2744	34.8121	34.8868	35.083	34.9711	35.0373	35.0996	34.7456	34.9821	35.166	34.8503	34.842	34.9307	34.6943	35.1006	35.0529	34.8623	34.8932	34.9461	34.5126	34.798	34.9607	34.5684	34.7458	34.8262	34.3342	34.628	34.7062	34.2188	34.5026	34.6938	34.1927	34.4453	34.7351	34.486	34.4395	34.7306	34.0455	34.5038	34.408	34.181	34.4996	34.5975	34.4304	34.4037	34.5219	34.1533	34.1374	34.2374	34.1087	34.0977	33.9219	33.9795	34.3224	33.8967	34.4127	34.0838	34.411	34.6179	33.773	34.1997	34.1665	34.3548	35.8418
Hmi-CPar_027-Ex1-10A.clmp.r1r2_fastp	34.9383	34.7018	34.7834	34.7083	34.9055	34.9316	34.8487	34.8168	34.787	34.8477	34.8508	34.7816	34.7936	34.7233	34.7472	34.7334	34.7635	34.7058	34.7311	34.7118	34.6965	34.6788	34.6248	34.6281	34.5261	34.526	34.5085	34.431	34.4191	34.4118	34.3627	34.3467	34.3394	34.2635	34.3	34.2816	34.2191	34.2191	34.1352	34.1435	34.0698	34.1342	34.017	34.0223	33.9346	33.9178	33.9357	33.8153	33.8682	33.8208	33.8222	33.7702	33.7042	33.6573	33.6761	33.6284	33.5504	33.5251	33.4421	33.4772	33.437	33.3851	33.3695	33.2781	33.2775	33.2061	33.1949	33.1694	33.1168	33.1008	33.0272	33.0619	32.9249	32.9305	32.8236	32.8427	32.8027	32.7632	32.7218	32.7603	32.6288	32.6358	32.548	32.5074	32.4932	32.4035	32.2931	32.3165	32.2632	32.1892	32.1558	32.186	32.1399	32.163	32.1289	32.0324	31.8967	31.8274	31.7654	31.7273	31.6594	31.7338	31.6874	31.6583	31.4899	31.507	31.5067	31.4861	31.4225	31.3105	31.3225	31.306	31.292	31.1839	31.196	31.0735	31.0883	31.1094	31.0347	31.0269	30.9415	30.8049	30.8301	30.7511	30.7236	30.7592	30.7002	30.5327	30.5572	30.5131	30.4248	30.3531	30.3409	30.3715	30.2777	30.1454	30.2322	30.1518	30.2419	29.9852	29.8944	29.9325	29.8978	29.9186	29.7312	30.0264	30.2085	30.6343	31.4766	35.0107
Hmi-CPar_028-Ex1-03B.clmp.r1r2_fastp	35.4963	35.4581	35.6171	35.2635	35.2569	35.6068	35.2633	35.3815	35.6962	35.3951	35.7113	35.7115	35.6218	35.2335	35.3053	35.2259	35.4988	35.2973	35.4324	35.4951	35.3113	35.7301	35.4168	35.7098	35.0823	35.3712	35.2933	35.2957	35.4253	35.1533	35.5036	35.5819	35.2394	35.4337	35.0055	35.3304	35.3609	34.9052	35.2085	35.2083	35.1618	34.8551	35.0788	34.9702	35.1605	34.7119	34.4685	34.7413	34.8996	34.8816	34.957	34.6286	34.7254	34.3979	34.7674	34.563	34.4592	34.3458	34.5839	34.7774	34.5578	34.3086	34.3743	34.4272	34.342	34.1826	34.169	33.9115	33.9191	33.8792	33.8045	33.414	33.4364	33.9263	33.5587	33.7718	33.5997	33.4826	33.2498	33.4162	33.2428	33.4932	33.8511	33.5011	33.3623	33.547	33.2241	33.801	33.7009	33.5356	33.3291	33.1783	33.3591	33.1281	32.7452	33.4422	33.2376	32.4556	32.6256	33.3698	32.9173	32.8123	32.2488	32.5878	32.3086	32.9981	32.338	32.9513	32.1744	32.464	31.9213	32.3928	32.0272	31.7912	32.0782	32.8123	32.8578	32.576	32.526	32.2445	32.2169	31.7341	31.5195	31.5788	32.0819	32.2061	32.201	32.1616	31.9382	31.9885	31.9007	31.8769	31.7449	31.2387	31.4449	31.8965	31.6928	31.0738	31.302	31.6034	31.3656	31.2469	31.888	31.6689	31.7531	31.3142	31.2538	32.5064	33.0052	35.3415
Hmi-CPar_029-Ex1-03G.clmp.r1r2_fastp	35.3287	35.1193	35.2035	35.179	35.3326	35.34	35.2847	35.2401	35.2753	35.2944	35.3359	35.3259	35.2897	35.333	35.315	35.3229	35.2746	35.2789	35.252	35.2672	35.2345	35.2376	35.2039	35.1725	35.198	35.1122	35.1014	35.0421	35.0643	34.97	34.9575	34.9601	34.9267	34.9261	34.8191	34.9471	35.0085	34.8674	34.9218	34.7986	34.8124	34.8505	34.833	34.7721	34.8126	34.7103	34.6533	34.6099	34.7038	34.6474	34.4852	34.5847	34.531	34.352	34.3867	34.491	34.3986	34.4526	34.3276	34.3352	34.267	34.1992	34.0999	34.2221	34.1183	34.0731	34.1113	33.9839	33.9047	33.6786	33.783	33.7838	33.6429	33.7597	33.6287	33.6115	33.5965	33.5249	33.3851	33.5773	33.249	33.4283	33.5665	33.402	33.0972	33.2507	33.2329	33.2103	32.8656	33.0253	33.0756	33.3667	33.2779	33.2393	33.0153	33.348	32.8067	33.1617	32.9698	32.5956	32.5727	32.7459	32.3857	32.3978	32.6134	32.1773	32.2471	32.3027	32.0291	32.1504	32.1147	31.9303	31.8342	32.3585	31.5727	32.3157	31.9532	31.9523	31.569	31.633	31.3257	31.7358	31.1264	31.5029	31.1822	31.604	31.1392	31.3114	30.8385	31.2697	31.2072	31.1487	31.1428	30.7874	30.5429	30.825	30.4347	30.4747	30.4352	30.2233	30.064	30.3599	30.1846	30.3829	30.4762	30.2225	30.7519	30.9347	32.4455	35.1209
Hmi-CPar_030-Ex1-11C.clmp.r1r2_fastp	35.8593	36.0634	35.8894	36.1128	35.7175	36.0934	36.1106	35.9538	35.986	35.9989	36.0892	36.044	35.9731	36.0462	36.13	35.8314	35.9237	36.0977	35.9646	35.8786	36.2223	36.1321	35.8937	36.0397	35.8443	35.9108	35.7068	36.0634	35.8271	35.8593	35.7841	35.7261	35.6359	35.7841	35.9216	36.1892	35.8452	35.9398	35.886	35.8667	35.5634	35.6717	36.0991	35.9289	35.7745	35.7754	35.9838	35.7568	35.9038	36.0011	35.3719	35.7719	35.4043	35.8052	35.8429	35.6306	35.8039	35.7432	35.507	35.7579	35.8534	35.8891	35.7835	35.8603	35.709	35.552	35.8882	35.7297	35.8436	35.6542	35.755	35.4062	35.6113	35.634	35.7135	35.7197	35.4036	35.6074	35.5966	35.5459	35.6318	35.3716	35.5873	35.3357	35.655	35.4316	35.5077	35.2129	35.0844	35.3645	34.9829	35.3665	35.6077	35.5772	35.2532	35.2151	35.4238	35.0522	35.4855	34.867	35.0777	35.2969	35.3197	34.669	35.0083	34.7865	35.2003	35.0882	35.6542	34.858	34.9853	35.0238	35.4763	35.0464	35.2402	35.1781	35.2169	34.8003	34.9869	34.9258	34.7143	35.0686	35.1246	35.1566	35.2796	35.1125	34.1402	35.4411	35.3365	35.2764	34.4497	34.7375	35.2695	34.9537	34.8771	34.4675	34.5487	34.8304	34.9458	34.554	34.3853	34.2688	34.3594	33.18	34.2589	34.7726	34.7128	35.5175	34.4278	36.2982
Hmi-CPar_031-Ex1-05B.clmp.r1r2_fastp	35.4088	35.1651	35.388	35.4894	35.6381	35.6985	35.4561	35.5281	35.3743	35.5156	35.4576	35.488	35.6182	35.5652	35.4765	35.5119	35.379	35.5648	35.4381	35.4984	35.4149	35.5295	35.2912	35.2934	35.441	35.2659	35.2306	35.3197	35.2712	35.195	35.2676	35.1402	35.2351	35.1245	34.9922	35.0174	35.1342	34.9613	35.0665	34.9069	35.0435	34.9779	35.0812	35.0572	34.9119	34.8785	34.9441	34.8734	34.8003	34.768	34.9418	34.5948	34.688	34.7284	34.632	34.4048	34.636	34.1481	34.6176	34.5881	34.7624	34.4144	34.4774	34.5719	34.3428	34.1742	34.3203	34.2691	34.4145	34.2056	34.0389	33.8894	33.919	33.8444	34.0123	33.8476	33.6692	33.7119	33.8097	33.7596	33.542	33.5426	33.4414	33.4234	33.4979	33.6537	33.355	33.5051	33.5258	33.0228	33.3598	33.0908	33.2065	33.3123	33.6589	33.5086	33.5524	33.0299	32.9678	32.8556	33.3342	33.3286	33.3911	32.7873	33.2826	32.8975	33.4783	33.2529	32.7277	32.9267	32.7743	32.4908	33.3427	32.6375	32.2719	32.3892	31.8919	32.3345	31.9801	31.5815	32.0441	31.4465	31.8213	31.1232	31.54	31.4919	32.0225	31.6562	31.7161	31.6388	31.248	31.3401	31.2563	31.5099	31.7993	31.5143	31.2008	31.2486	31.083	31.1497	30.744	31.2036	30.842	31.472	31.1004	30.8662	31.3026	31.7922	32.6981	35.1801
Hmi-CPar_032-Ex1-12B.clmp.r1r2_fastp	35.3849	35.2282	35.3068	35.3	35.3788	35.4141	35.3356	35.4146	35.3237	35.3529	35.3861	35.3588	35.3064	35.3379	35.2299	35.3198	35.3591	35.2901	35.3049	35.3402	35.2734	35.2476	35.1185	35.2594	35.1591	35.1619	35.1091	35.1103	35.1592	35.0725	35.0848	34.9308	35.0828	34.9447	34.9906	34.9569	34.9183	34.9439	34.9447	34.9164	34.7821	34.8489	34.8447	34.7948	34.7062	34.6803	34.7906	34.6925	34.6117	34.587	34.4699	34.483	34.3053	34.3296	34.3677	34.4132	34.2525	34.3737	34.3337	34.1117	34.1594	33.8811	33.9786	33.7622	33.9933	34.0509	33.8378	33.9394	33.6553	34.0773	33.8351	34.0133	33.7041	33.8233	33.4497	33.5856	33.6249	33.2539	33.4691	33.3096	33.2584	33.4479	33.1079	33.2714	32.9692	33.028	33.2214	33.2951	33.019	32.901	32.8304	32.877	32.8189	32.8516	33.0591	33.035	33.0237	32.8482	32.7132	32.393	32.539	32.4538	32.5172	32.1456	32.322	32.3929	32.7112	32.3547	32.5631	32.32	32.3513	32.4183	32.6787	32.2943	32.4063	32.157	32.12	32.2895	32.4978	32.0991	32.1953	32.3469	31.9654	31.7898	31.9508	31.9189	32.392	32.0331	31.9024	31.6326	31.7722	31.7868	31.9332	31.8183	31.878	31.6963	32.1003	31.8415	31.8036	31.7212	31.6381	31.6909	31.7557	31.8345	31.4789	31.5153	31.5268	32.3355	32.7572	35.3239
Hmi-CPar_033-Ex1-06C.clmp.r1r2_fastp	35.1187	34.7544	34.8304	35.1127	34.859	35.1174	35.105	35.0951	35.0249	35.1449	35.1365	35.0679	35.1433	35.2476	35.1252	34.9985	35.1043	34.9598	35.2311	35.0295	34.8847	35.2705	34.718	34.9603	34.6718	34.918	34.8947	34.7672	34.8932	34.4315	34.7159	34.6547	34.6538	34.5746	34.4984	34.6282	34.4991	34.555	34.5543	34.541	34.4089	34.48	33.8984	34.2638	34.2001	33.9941	34.4438	33.8371	33.9343	33.8848	34.1959	33.7531	34.1677	33.7542	33.7411	33.7605	33.6039	33.7892	33.8082	33.628	33.6035	33.6503	33.5839	33.5355	33.5951	33.7943	33.7025	33.8931	33.3914	33.4606	33.7962	33.4668	33.5461	33.4913	33.2108	33.3409	33.3097	33.249	33.2763	33.1224	33.0437	32.9682	33.1293	33.1232	33.0669	32.9853	32.9903	33.0954	33.2964	33.1281	33.109	32.8165	32.8907	33.0534	33.1761	32.8697	32.7936	32.5074	32.7539	32.6813	32.599	32.573	32.689	32.5943	32.7323	32.7269	32.7006	32.3925	32.3422	32.4984	32.5005	32.2046	32.3782	32.425	32.0711	32.1875	32.1663	32.0742	32.249	31.8939	31.9404	32.055	31.7267	32.0554	32.3816	32.1186	31.9202	31.9116	31.7559	31.5272	31.592	31.3228	31.6477	31.8082	31.626	31.4555	31.6234	30.8885	31.0812	31.261	31.0199	31.298	31.0658	31.3712	31.3594	31.495	31.4363	31.9028	32.2422	35.3789
Hmi-CPar_034-Ex1-07C.clmp.r1r2_fastp	35.0101	35.1025	35.1283	35.2871	35.282	35.4549	35.2105	35.3543	35.14	35.1932	35.2845	35.1137	35.2662	35.1254	35.249	35.233	35.0916	35.1819	35.1219	35.1789	35.0593	35.3628	35.1805	35.1482	35.1017	35.0933	35.0191	34.8942	35.1873	34.8225	34.984	34.8218	34.7092	34.6311	34.5339	34.5824	34.4742	34.6366	34.5982	34.7255	34.3903	34.529	34.549	34.6383	34.2444	34.2731	34.1592	34.3572	34.0496	34.4475	34.2773	34.1143	34.2158	34.1083	34.1709	33.939	33.5568	33.9577	34.051	34.3098	33.5805	33.4319	33.8111	33.7873	33.8258	33.7406	33.7974	33.7761	33.4226	33.6327	33.2825	33.3783	33.4212	33.3177	33.4912	33.9255	33.3204	33.0601	33.1947	33.2129	33.211	33.0894	32.9445	32.9786	33.1231	32.895	33.0602	33.1803	33.1424	33.2836	33.0916	33.0714	33.3981	33.3441	32.9964	32.9958	32.5784	32.5549	32.8838	32.7272	32.5269	32.3848	32.8992	32.5214	32.2603	32.3244	32.8712	32.5711	32.2418	32.4987	32.9589	32.8539	32.4756	32.5777	32.7432	32.5246	31.7956	32.3401	32.326	32.3967	32.2932	32.0042	32.0537	32.0604	32.0625	32.1132	32.1388	32.2647	32.0587	32.0823	31.557	31.634	31.584	31.8227	31.6917	31.6045	31.4243	31.6812	31.4626	31.8978	31.5474	31.397	30.7237	31.0871	30.8264	31.4732	31.4531	31.8225	32.5176	35.2954
Hmi-CPar_035-Ex1-08A.clmp.r1r2_fastp	34.6544	34.5222	34.6659	34.5873	34.7315	34.7573	34.6404	34.6274	34.5776	34.6599	34.6453	34.5992	34.5805	34.5553	34.5768	34.5807	34.5706	34.5457	34.5307	34.5471	34.5097	34.4667	34.4267	34.4109	34.3968	34.3243	34.3356	34.3071	34.2767	34.2445	34.2176	34.1845	34.152	34.1138	34.1141	34.0908	34.0646	34.0334	33.9851	33.9843	33.895	33.9112	33.8648	33.845	33.7787	33.699	33.7319	33.7108	33.6255	33.6332	33.6081	33.5868	33.5298	33.4403	33.4374	33.432	33.3386	33.3267	33.2614	33.2484	33.2304	33.1895	33.0836	33.1277	33.0604	33.0174	32.9858	32.9303	32.8765	32.8032	32.7903	32.7713	32.7393	32.6603	32.6347	32.6085	32.5785	32.4816	32.4648	32.412	32.4227	32.3783	32.3384	32.3149	32.2276	32.172	32.1464	32.0944	32.1137	32.0447	32.0264	32.0051	32.0049	31.9791	31.9093	31.8794	31.7627	31.7798	31.6841	31.687	31.5949	31.6515	31.5397	31.5261	31.4865	31.419	31.4465	31.4704	31.3275	31.2321	31.1928	31.2241	31.1286	31.1936	31.1755	31.1156	31.0245	30.9769	30.907	30.9018	30.8293	30.8122	30.855	30.7813	30.7213	30.7381	30.6596	30.6502	30.6476	30.5448	30.4099	30.4899	30.4337	30.4079	30.4056	30.2945	30.3354	30.3274	30.3417	30.2462	30.2186	30.2407	30.2165	30.2039	30.1363	30.2148	30.4433	30.7394	31.5088	35.0141
Hmi-CPar_036-Ex1-08G.clmp.r1r2_fastp	35.2537	35.3442	35.4351	35.3841	35.4782	35.446	35.559	35.483	35.4752	35.594	35.4133	35.6316	35.408	35.5797	35.6335	35.4756	35.5202	35.3111	35.4717	35.4739	35.4661	35.4954	35.2969	35.3289	35.2751	35.275	35.2305	35.0583	35.2957	35.025	34.9713	35.2136	35.0604	35.2137	35.2902	34.9162	34.9946	34.891	34.8342	34.8234	34.8906	34.8594	34.872	34.9396	34.7848	34.7025	34.6771	34.7339	34.5871	34.9067	34.8708	34.9243	34.8479	34.6896	34.6153	34.5476	34.398	34.4521	34.607	34.6902	34.3806	34.6416	34.6566	34.5431	34.3215	34.469	34.6045	34.3941	34.4339	34.3512	34.3981	34.2389	34.3114	34.391	34.1677	34.3179	34.4729	34.3426	34.2378	34.3254	34.3758	34.2478	34.0632	34.1723	33.9969	33.9685	33.9796	34.0945	34.0468	33.8998	33.6879	33.8939	33.8267	33.7723	33.782	33.5901	33.7901	33.6721	33.6678	33.4915	33.5044	33.5195	33.5784	33.3602	33.3121	33.4175	33.6098	33.5505	33.4833	33.3196	33.1931	33.2223	33.5158	33.1805	33.2216	33.0603	33.2667	33.1069	33.2641	32.9233	32.8783	32.7926	32.65	32.919	32.7903	32.7835	32.7148	32.5804	32.7516	32.6216	32.5551	32.4725	32.43	32.6977	32.6255	32.418	32.2657	32.1536	32.2651	32.4959	32.315	32.3275	32.2842	32.289	32.1639	32.4464	32.1267	32.7391	33.1831	35.5033
Hmi-CPar_037-Ex1-01F.clmp.r1r2_fastp	35.1198	34.4505	35.0045	35.0836	35.1282	35.198	35.1953	34.9409	34.8484	35.2356	34.9846	35.1094	35.1047	34.9162	35.0867	34.6188	34.9304	34.8679	34.8261	34.6047	34.5074	34.8718	34.8772	34.7223	34.9322	34.6588	34.3395	34.7114	34.6177	34.603	34.8899	34.0704	34.1298	33.9705	34.1028	34.3703	34.7038	34.1766	34.4776	34.6299	34.3973	34.5556	34.0022	33.9595	34.0276	34.1857	33.8302	34.0691	34.0545	33.9488	34.0905	33.68	34.0011	34.0091	33.9453	33.6298	33.7471	33.7451	33.4036	33.7191	33.639	33.8555	33.8609	33.6353	33.5728	33.8057	33.7892	33.7529	33.0473	33.1873	33.208	33.0881	33.3794	33.1155	33.0257	33.2421	32.8928	32.8014	32.8167	32.776	32.652	32.6261	32.3757	32.6434	33.1373	32.7342	32.7497	32.6365	32.3347	32.8214	32.5956	32.1535	32.4503	32.6728	32.8279	32.3928	32.1945	31.6145	31.7307	31.3954	31.9288	31.4618	31.6647	31.7077	31.1798	31.3613	32.1337	31.3947	31.4072	31.6807	31.278	31.2575	30.8273	31.0618	31.2086	31.2588	31.3385	30.8305	30.6936	31.3078	30.6606	31.3589	30.2432	30.3919	30.9709	31.1053	30.9083	31.0497	31.2224	30.8753	31.4147	30.6201	31.3729	30.5701	30.7719	30.7265	30.5221	30.5373	30.6858	30.2997	29.769	30.7696	30.3	30.6932	30.169	30.5012	30.9185	31.4628	31.471	35.1488
Hmi-CPar_038-Ex1-09E.clmp.r1r2_fastp	35.1632	35.2013	35.255	35.4155	35.4726	35.3768	35.4461	35.2263	35.4805	35.4338	35.3068	35.4797	35.3859	35.3333	35.3552	35.4669	35.206	35.3488	35.2835	35.278	35.328	35.3275	35.3528	35.2958	35.3973	35.3673	34.8035	35.1425	35.1536	34.9836	35.1332	34.9909	35.145	35.0776	35.1486	35.2815	34.4748	35.1251	34.9952	35.0383	34.8791	34.6412	34.5865	35.0516	34.4393	34.839	34.6452	34.5049	34.8967	34.9013	34.5857	34.5305	34.2542	34.7262	34.271	34.6208	34.3813	34.7884	34.6313	33.6954	34.1945	34.3264	33.3598	34.0652	34.1493	34.3306	32.4508	33.4085	34.2148	34.2127	34.4847	31.8209	33.4631	34.3353	32.2939	33.6267	33.9928	31.9424	33.5802	34.028	34.1544	32.0147	32.8892	33.6858	32.8942	33.3354	31.5845	32.6822	31.7799	32.8157	31.9884	33.0451	33.2473	31.3581	32.1803	32.8481	33.3319	30.8024	31.6828	32.7591	33.1562	31.0034	32.3306	32.8178	30.3843	32.5372	30.8949	31.667	32.751	30.2875	31.5932	30.8464	32.3874	30.1991	32.1369	31.8362	30.5653	31.0565	29.7154	30.8162	31.1289	31.2732	31.4831	31.1694	31.9182	31.8083	30.93	29.5452	29.949	29.8604	29.7347	30.127	30.2199	31.5858	29.2963	30.8129	28.8821	30.6403	29.3394	28.5655	29.8833	31.6327	31.8348	32.1917	32.0973	31.8215	32.6909	32.8725	33.1181	35.5956
Hmi-CPar_039-Ex1-02G.clmp.r1r2_fastp	35.6138	35.4712	35.6245	35.577	35.7296	35.7246	35.6086	35.653	35.7006	35.6297	35.7517	35.632	35.731	35.6736	35.6617	35.6875	35.6974	35.6478	35.7648	35.6739	35.6357	35.6624	35.6551	35.5897	35.6498	35.0585	35.5363	35.5621	35.3905	35.4312	35.3844	35.3718	35.444	35.3436	35.2947	35.4452	35.4068	35.2773	35.2268	35.1491	35.1233	35.0321	35.0789	35.2879	35.273	35.0602	35.0864	35.2085	35.0435	35.0692	34.9142	34.957	34.9628	34.9768	34.9566	34.9628	34.8889	34.988	34.9319	34.7525	34.4282	34.9631	34.733	34.5698	34.7516	34.5831	34.601	34.5231	34.3877	34.3644	34.5124	34.445	34.4089	34.4508	34.3504	34.4053	34.3016	34.0975	33.9626	34.1695	34.0799	34.276	34.1524	33.9025	33.9292	34.0257	34.0868	33.888	33.8857	33.6515	33.7757	33.2648	33.4879	33.8307	33.6975	33.5516	33.6079	33.3228	33.6671	33.4241	33.727	33.6016	34.0139	33.6477	33.9493	33.377	33.352	33.7406	33.3927	33.4803	33.4163	33.365	33.3193	33.0912	33.1016	33.2411	33.1872	32.6867	32.8601	32.8145	32.8209	32.5812	32.5501	32.8339	32.7303	32.9958	32.7035	32.3617	32.1206	32.0349	31.9059	31.9479	31.99	32.0918	31.3516	31.8991	31.508	32.1485	31.767	32.1376	31.7044	31.6158	31.2741	30.9226	31.3736	31.4912	31.6366	32.1502	32.8821	35.2744
Hmi-CPar_040-Ex1-10F.clmp.r1r2_fastp	35.418	35.3298	35.5694	35.3981	35.5652	35.5953	35.6272	35.5368	35.6287	35.6174	35.6279	35.7297	35.6119	35.6962	35.5971	35.5543	35.5799	35.4889	35.5796	35.5602	35.5145	35.5873	35.4665	35.4295	35.4509	35.3811	35.4782	35.3595	35.3299	35.2881	35.3287	35.2571	35.3808	35.183	35.1355	35.257	35.2377	35.2165	35.0993	35.0605	35.112	35.0404	35.2201	35.1582	35.014	34.9512	35.0686	34.8649	34.866	34.9992	34.7981	34.8991	34.7573	34.7487	34.8049	34.8181	34.767	34.6886	34.567	34.718	34.5878	34.4305	34.5574	34.471	34.3648	34.5216	34.5195	34.4651	34.2602	34.2992	34.1867	34.2232	34.1668	34.288	34.1868	34.3145	34.0908	34.0564	34.1699	34.1304	33.877	34.0209	33.628	34.0998	33.7984	34.0079	33.7053	34.0207	33.5958	33.8277	33.6678	33.9309	33.8232	33.6435	33.465	33.7201	33.457	33.5552	33.5633	33.5477	33.4094	33.3419	33.3015	33.3793	33.2627	33.2535	33.3861	33.5984	33.2897	33.2381	33.4833	32.939	33.0283	32.8777	33.317	32.9204	32.8588	32.693	32.5336	32.9111	33.0588	32.9224	32.937	33.1938	32.9676	33.3043	33.0485	32.7887	32.439	32.3748	32.4368	32.3163	32.8072	32.5031	32.8612	32.1545	31.8926	32.095	32.4431	32.2051	32.2538	32.238	31.989	32.1909	32.2332	31.527	32.4421	32.3647	33.3764	35.4619
Hmi-CPar_041-Ex1-11A.clmp.r1r2_fastp	35.1511	34.8391	35.0354	35.0491	35.0733	35.1934	35.0888	35.1185	35.0581	35.0988	35.1767	35.055	34.9899	35.068	34.9874	35.0984	35.0413	35.0523	35.1047	35.1036	34.9759	35.0942	34.8728	34.9884	34.931	34.8976	35.0099	34.7952	34.8886	34.8282	34.7529	34.7229	34.8188	34.7697	34.6307	34.7323	34.5764	34.5845	34.6256	34.6642	34.5134	34.6084	34.3187	34.5389	34.3022	34.4169	34.2684	34.5522	34.1484	34.3557	34.1438	34.0825	33.944	33.9978	34.0066	34.042	33.8162	33.7677	33.8551	34.0759	33.5699	33.8976	33.4782	33.8302	33.5251	33.7499	33.5946	33.8802	33.4325	33.6819	33.3797	33.5012	33.1131	33.4771	33.3195	33.2808	32.9917	33.1394	33.165	33.1622	32.6131	33.147	32.7411	32.9846	32.3747	32.8452	32.3804	32.7952	32.4796	32.5575	32.5013	32.4438	32.1342	32.4872	32.351	32.5857	31.9399	32.4699	32.1348	32.2771	31.906	31.9299	32.1493	32.0822	32.2625	31.8787	32.1715	31.9876	31.6731	31.6496	31.8178	31.7329	31.6608	31.664	31.283	31.6126	31.2792	31.5482	31.277	31.4698	31.1483	31.4658	31.087	31.6789	31.3429	31.3719	31.137	31.5738	31.2158	31.2196	31.1551	31.4095	31.0626	31.3154	30.9495	31.2487	30.9882	31.3026	31.0061	31.238	30.8655	31.2307	31.0738	30.9432	30.7764	30.9461	30.942	31.6276	31.9692	35.2177
Hmi-CPar_042-Ex1-04E.clmp.r1r2_fastp	35.6631	35.6427	35.586	35.6596	35.6924	35.8263	35.6341	35.7086	35.6448	35.5964	35.5498	35.5257	35.6306	35.626	35.595	35.6057	35.6219	35.7312	35.815	35.7283	35.5979	35.5704	35.4759	35.5837	35.4721	35.357	35.3768	35.4649	35.508	35.5341	35.4292	35.4483	35.3855	35.2012	35.5558	35.3432	35.2826	35.2708	35.208	35.2429	35.1212	35.1934	35.2813	35.3033	35.0955	35.2001	35.1995	34.9046	34.9641	34.9643	35.0547	35.0586	35.081	34.9469	35.0992	34.7383	34.9691	35.144	34.8774	34.89	34.7986	34.9456	34.8	34.782	34.5153	34.4721	34.3444	34.4796	34.2689	34.7069	34.5317	34.6656	34.5393	34.2819	34.4106	34.4513	34.1191	34.1235	34.2474	34.2397	34.1721	33.9679	34.1208	33.4746	33.6042	34.2029	33.8731	34.0669	34.0726	33.9244	33.9596	34.1251	33.8673	33.7141	34.0047	33.8971	34.2922	33.5204	33.3264	34.0479	33.9851	34.0423	33.7709	33.9421	33.4476	33.6082	33.9019	33.7624	33.8929	33.5152	33.6447	33.8638	33.6139	33.1716	33.7976	33.2801	33.5787	33.6321	33.6022	33.5434	33.6034	33.8294	33.2428	33.3756	33.2639	33.8239	33.1118	33.6185	33.0847	33.1083	32.9873	32.6313	32.9398	32.934	32.8797	31.8559	32.4722	31.5832	31.8319	30.6793	31.9455	30.9902	32.1149	30.7872	31.9397	31.3498	32.4021	31.6026	32.8724	35.2068
Hmi-CPar_043-Ex1-11F.clmp.r1r2_fastp	35.605	35.4867	35.3867	35.494	35.602	35.5485	35.5329	35.4432	35.4935	35.4651	35.5846	35.5081	35.5206	35.3673	35.5615	35.2687	35.4956	35.4841	35.4588	35.3876	35.4748	35.3707	35.4818	35.4113	35.3236	35.4147	35.2735	35.1882	35.3626	35.4486	35.3145	35.2855	35.3386	35.1517	35.0606	35.095	34.998	35.097	34.8592	34.8146	34.9412	34.8529	34.9062	34.7877	34.8769	34.6331	34.7864	34.7271	34.7553	34.7067	34.6667	34.4308	34.4993	34.6797	34.3991	34.5434	34.1684	34.3795	34.2977	34.3169	34.1869	34.2311	34.0599	34.0116	34.0012	34.0931	34.2658	34.2145	34.0756	34.0156	34.1018	33.9909	34.0357	34.0142	33.8411	33.8282	33.6588	33.7291	33.4964	33.6492	33.5253	33.5616	33.4827	33.7613	33.6478	33.3604	33.2968	33.4256	33.3513	33.1156	32.9593	33.1114	33.2692	33.1161	32.8649	33.1271	32.9666	32.8984	33.127	32.8158	33.0865	32.5681	32.7335	32.8432	32.585	32.6714	32.6222	32.3282	32.4532	32.5115	31.7686	32.3896	31.9734	32.0158	31.7212	32.1197	31.9939	32.1277	31.8889	32.1885	32.2288	32.4169	31.6951	31.9616	31.4046	31.6038	31.5479	30.9621	31.4942	31.5998	31.3419	31.2844	31.2875	31.1031	31.6108	31.0315	31.3623	30.9426	31.0675	30.8661	31.2945	30.7602	31.3137	31.0592	30.5143	31.1584	30.9783	31.4674	32.2679	35.1859
Hmi-CPar_044-Ex1-05F.clmp.r1r2_fastp	35.4806	35.3961	35.4773	35.4264	35.526	35.5445	35.427	35.4633	35.2801	35.5933	35.5279	35.5389	35.484	35.3131	35.418	35.3495	35.3785	35.4619	35.3236	35.4203	35.3475	35.3845	35.3833	35.2794	35.2994	35.3137	35.1998	35.1595	35.1882	35.275	35.2264	35.0645	35.1015	34.9746	35.0135	34.8481	34.959	34.8578	34.9153	34.8503	34.9431	34.9412	34.8198	34.8377	34.8757	34.7206	34.7745	34.7161	34.8437	34.6648	34.7658	34.8512	34.5536	34.6705	34.6945	34.7098	34.569	34.712	34.487	34.6833	34.5699	34.4187	34.4225	34.2747	34.3263	34.1473	34.3229	34.2895	34.2832	33.9293	34.3091	33.9696	33.8895	33.8562	33.6355	33.9591	33.7702	33.9669	33.8983	33.6861	33.6263	33.6858	33.6785	33.6352	33.3019	33.5405	33.763	33.3459	33.6301	33.2419	33.0246	33.223	33.1988	32.8397	33.0056	33.2639	33.632	32.8018	32.9211	32.4963	32.8591	32.9638	33.206	32.9957	33.2921	32.4149	33.0122	32.8592	32.6088	32.4458	32.8325	32.6899	32.8785	32.8796	32.8125	32.1986	32.5674	32.6676	32.2681	32.369	32.0266	32.0761	32.4283	32.0801	32.3634	32.6984	32.1051	31.9704	31.7482	32.2985	32.1571	31.9321	32.2761	31.8559	31.6444	31.7455	31.9279	32.3868	32.1934	31.8317	31.4684	31.9833	31.486	32.029	31.798	31.708	32.0408	32.5319	33.1308	35.5102
Hmi-CPar_045-Ex1-06D.clmp.r1r2_fastp	35.409	35.1588	35.0724	35.2829	35.265	35.1784	35.1605	35.2078	35.2184	35.1809	35.1436	35.2681	35.2298	35.1753	35.2064	35.1294	35.1049	35.061	35.1235	35.0365	35.1735	35.0755	35.1382	35.0915	35.1234	35.1169	35.172	34.9933	34.8314	34.9371	34.8441	35.0231	34.8852	35.0922	34.9773	34.8543	34.9775	34.9546	34.7387	34.8117	34.7351	34.6508	34.7838	34.8212	34.6197	34.6378	34.6771	34.7239	34.6516	34.4857	34.6031	34.3696	34.3396	34.1023	34.3993	34.3601	34.1431	33.8131	33.4728	33.7554	33.505	33.3129	33.6979	33.4182	33.4553	33.5987	33.678	33.7941	33.5343	33.3748	33.362	33.3614	33.2229	33.0005	33.1054	32.8218	32.8736	32.7868	33.178	33.1432	33.1004	32.9733	32.5456	32.8079	32.4599	32.4704	32.5977	32.4215	32.5886	32.1164	32.2248	32.6049	32.5908	32.7398	32.0451	32.4057	32.0742	32.207	32.2391	32.3589	32.2377	32.0958	31.6954	32.2363	31.7593	31.7102	31.9304	31.9817	31.5819	31.0652	31.7634	31.2125	31.6227	30.9927	31.4094	31.5907	30.791	31.0112	31.7889	31.4351	31.8444	31.2589	31.2181	31.5114	31.4237	31.1753	31.2087	31.538	31.2372	31.5288	31.6161	31.7777	31.9379	31.7682	31.8196	30.7716	31.3256	30.7046	30.9596	30.4904	30.5793	31.0966	31.0715	30.6141	31.2268	31.5422	32.0396	32.1351	32.3964	35.2518
Hmi-CPar_046-Ex1-07D.clmp.r1r2_fastp	35.391	35.2029	35.3243	35.2913	35.4825	35.4625	35.3645	35.2713	35.3857	35.4116	35.4761	35.3916	35.3836	35.2433	35.2918	35.419	35.3311	35.2443	35.3726	35.3495	35.3413	35.4093	35.0046	35.2323	35.3425	35.2634	35.3456	35.25	35.2724	35.2667	35.2145	35.1929	35.2087	34.9717	34.9777	35.103	34.9572	35.0398	35.0933	34.9442	34.789	34.9504	34.7568	34.937	34.9533	34.7228	34.9064	34.9554	34.6778	34.6704	34.8883	34.8718	34.4674	34.2765	34.3077	34.5067	34.1309	34.409	34.3961	34.3174	34.2484	34.2177	34.282	34.4188	33.9551	34.0866	33.8163	33.9747	34.0922	33.9992	33.741	34.0419	33.728	33.8364	33.9658	33.7176	33.3007	33.6756	33.369	33.7744	33.368	33.8472	33.522	33.9531	33.9631	33.6878	33.5236	33.747	33.6053	33.6682	33.5912	33.6106	33.2513	33.7283	33.3094	33.1763	33.4416	33.1416	33.0619	33.2407	32.9873	33.4806	33.6713	33.5173	33.15	32.88	33.3226	33.3344	33.059	32.9104	32.7032	32.3507	33.2421	32.5736	33.5432	32.9012	33.5001	32.371	32.8413	32.7411	33.0854	32.6538	32.8332	32.7933	32.9769	32.6765	32.7201	32.5385	33.0825	32.9287	32.8655	32.8499	33.2201	32.6441	32.5782	32.0734	33.0078	32.1389	33.1182	32.7682	32.8233	31.3188	32.2941	32.4081	32.5755	32.5135	32.1366	32.6753	33.4147	35.793
Hmi-CPar_047-Ex1-08B.clmp.r1r2_fastp	35.4418	35.1526	35.3692	34.8869	35.4353	34.9413	35.4636	35.1219	35.1784	35.2659	35.1298	35.2033	35.2129	34.9302	35.139	35.2875	35.409	35.3713	34.8578	35.1605	35.1496	35.4008	35.2158	35.1009	35.1088	35.2825	35.3588	35.0336	34.8526	34.9961	35.307	35.1863	35.1662	35.0235	35.061	35.1163	34.8949	34.745	34.7883	35.1724	34.9042	34.6219	34.6395	35.0276	35.0521	35.0208	34.7486	34.9004	34.757	35.1775	35.0577	34.8609	34.7544	34.6562	34.7799	34.7453	34.764	34.517	34.6501	34.6447	34.4136	34.6645	34.5188	34.5947	34.307	34.5808	34.5832	34.4563	34.6142	34.5022	34.708	34.612	34.623	34.3104	34.2526	34.3302	34.0204	34.478	34.2602	34.3478	34.2005	34.3228	34.4434	34.2182	34.3386	34.0111	34.0927	34.0708	34.3105	33.9881	33.812	34.2011	33.7401	34.0797	34.1319	34.1098	33.9962	33.5687	33.7124	33.9061	33.5407	34.032	33.9116	33.4401	33.9659	33.6938	33.8066	34.1228	33.0933	33.9753	33.2052	33.5353	33.13	33.8463	33.6947	33.3985	33.0742	33.7017	33.1258	33.425	33.768	33.1472	33.3519	33.5052	33.2639	32.9491	33.0862	33.0882	33.5198	33.0939	32.5767	33.3234	32.7489	33.1245	33.011	32.6518	32.8364	33.1639	32.2246	32.7569	32.4188	32.2664	32.5587	32.4365	32.7144	32.7725	32.9681	32.8269	33.7668	35.501
Hmi-CPar_048-Ex1-08H.clmp.r1r2_fastp	34.8795	34.7413	34.8862	34.8686	34.9588	35.0238	34.8944	34.8688	34.8314	34.8959	34.9022	34.8625	34.8656	34.8317	34.8301	34.8155	34.844	34.7761	34.7849	34.8497	34.8097	34.7497	34.8126	34.691	34.6655	34.6426	34.6969	34.6917	34.6318	34.5551	34.6315	34.4815	34.4824	34.4095	34.4227	34.4077	34.3916	34.2924	34.3113	34.2782	34.1554	34.1831	34.0151	34.0971	33.9766	34.0327	34.02	33.9409	33.9911	33.9129	33.928	33.7158	33.7676	33.6803	33.7461	33.6997	33.7638	33.6301	33.5941	33.4899	33.5048	33.5305	33.5191	33.3565	33.3772	33.3386	33.3702	33.1862	33.1508	33.1165	33.1976	33.1717	33.1998	32.9829	32.9594	32.9574	32.874	32.863	32.8462	32.7996	32.682	32.7974	32.7395	32.7821	32.5841	32.4882	32.507	32.5127	32.4377	32.4003	32.2062	32.3879	32.3535	32.4558	32.2281	32.2641	32.0181	32.1571	32.0423	31.9783	31.9517	31.9896	31.9837	31.9118	32.0003	31.9332	31.9122	31.9043	31.6515	31.8662	31.5574	31.8094	31.5752	31.6116	31.384	31.3988	31.2531	31.5241	31.4482	31.207	31.2518	31.1062	31.3008	31.0711	31.1644	31.0971	30.9417	31.1443	30.9333	30.9218	30.7549	30.8764	30.809	30.9955	30.7171	30.5336	30.6876	30.5871	30.6352	30.5319	30.6629	30.5369	30.4285	30.4297	30.6903	30.5589	30.5764	30.9676	31.7789	35.0844
