
java -ea -Xmx156914m -cp /opt/conda/opt/bbmap-38.90-3/current/ jgi.SplitPairsAndSingles rp in1=fq_fp1_clmp_fp2_fqscrn/Leq-ABas_007_Ex1_L3_clmp.fp2_r1.tagged_filter.fastq.gz in2=fq_fp1_clmp_fp2_fqscrn/Leq-ABas_007_Ex1_L3_clmp.fp2_r2.tagged_filter.fastq.gz out1=fq_fp1_clmp_fp2_fqscrn_repaired/Leq-ABas_007_Ex1_L3_clmp.fp2_repr.R1.fq.gz out2=fq_fp1_clmp_fp2_fqscrn_repaired/Leq-ABas_007_Ex1_L3_clmp.fp2_repr.R2.fq.gz outs=fq_fp1_clmp_fp2_fqscrn_repaired/orphans/Leq-ABas_007_Ex1_L3_clmp.fp2_repr.orph.fq repair
Executing jgi.SplitPairsAndSingles [rp, in1=fq_fp1_clmp_fp2_fqscrn/Leq-ABas_007_Ex1_L3_clmp.fp2_r1.tagged_filter.fastq.gz, in2=fq_fp1_clmp_fp2_fqscrn/Leq-ABas_007_Ex1_L3_clmp.fp2_r2.tagged_filter.fastq.gz, out1=fq_fp1_clmp_fp2_fqscrn_repaired/Leq-ABas_007_Ex1_L3_clmp.fp2_repr.R1.fq.gz, out2=fq_fp1_clmp_fp2_fqscrn_repaired/Leq-ABas_007_Ex1_L3_clmp.fp2_repr.R2.fq.gz, outs=fq_fp1_clmp_fp2_fqscrn_repaired/orphans/Leq-ABas_007_Ex1_L3_clmp.fp2_repr.orph.fq, repair]

Set INTERLEAVED to false
Started output stream.

Input:                  	434968 reads 		59674668 bases.
Result:                 	434968 reads (100.00%) 	59674668 bases (100.00%)
Pairs:                  	421064 reads (96.80%) 	57773927 bases (96.81%)
Singletons:             	13904 reads (3.20%) 	1900741 bases (3.19%)

Time:                         	18.371 seconds.
Reads Processed:        434k 	23.68k reads/sec
Bases Processed:      59674k 	3.25m bases/sec
java -ea -Xmx156914m -cp /opt/conda/opt/bbmap-38.90-3/current/ jgi.SplitPairsAndSingles rp in1=fq_fp1_clmp_fp2_fqscrn/Leq-ABas_013_Ex1-1_L3_clmp.fp2_r1.tagged_filter.fastq.gz in2=fq_fp1_clmp_fp2_fqscrn/Leq-ABas_013_Ex1-1_L3_clmp.fp2_r2.tagged_filter.fastq.gz out1=fq_fp1_clmp_fp2_fqscrn_repaired/Leq-ABas_013_Ex1-1_L3_clmp.fp2_repr.R1.fq.gz out2=fq_fp1_clmp_fp2_fqscrn_repaired/Leq-ABas_013_Ex1-1_L3_clmp.fp2_repr.R2.fq.gz outs=fq_fp1_clmp_fp2_fqscrn_repaired/orphans/Leq-ABas_013_Ex1-1_L3_clmp.fp2_repr.orph.fq repair
Executing jgi.SplitPairsAndSingles [rp, in1=fq_fp1_clmp_fp2_fqscrn/Leq-ABas_013_Ex1-1_L3_clmp.fp2_r1.tagged_filter.fastq.gz, in2=fq_fp1_clmp_fp2_fqscrn/Leq-ABas_013_Ex1-1_L3_clmp.fp2_r2.tagged_filter.fastq.gz, out1=fq_fp1_clmp_fp2_fqscrn_repaired/Leq-ABas_013_Ex1-1_L3_clmp.fp2_repr.R1.fq.gz, out2=fq_fp1_clmp_fp2_fqscrn_repaired/Leq-ABas_013_Ex1-1_L3_clmp.fp2_repr.R2.fq.gz, outs=fq_fp1_clmp_fp2_fqscrn_repaired/orphans/Leq-ABas_013_Ex1-1_L3_clmp.fp2_repr.orph.fq, repair]

Set INTERLEAVED to false
Started output stream.

Input:                  	1630127 reads 		220737971 bases.
Result:                 	1630127 reads (100.00%) 	220737971 bases (100.00%)
Pairs:                  	1561194 reads (95.77%) 	211072579 bases (95.62%)
Singletons:             	68933 reads (4.23%) 	9665392 bases (4.38%)

Time:                         	37.120 seconds.
Reads Processed:       1630k 	43.92k reads/sec
Bases Processed:        220m 	5.95m bases/sec
java -ea -Xmx106825m -cp /opt/conda/opt/bbmap-38.90-3/current/ jgi.SplitPairsAndSingles rp in1=fq_fp1_clmp_fp2_fqscrn/Leq-ABas_041_Ex1_L3_clmp.fp2_r1.tagged_filter.fastq.gz in2=fq_fp1_clmp_fp2_fqscrn/Leq-ABas_041_Ex1_L3_clmp.fp2_r2.tagged_filter.fastq.gz out1=fq_fp1_clmp_fp2_fqscrn_repaired/Leq-ABas_041_Ex1_L3_clmp.fp2_repr.R1.fq.gz out2=fq_fp1_clmp_fp2_fqscrn_repaired/Leq-ABas_041_Ex1_L3_clmp.fp2_repr.R2.fq.gz outs=fq_fp1_clmp_fp2_fqscrn_repaired/orphans/Leq-ABas_041_Ex1_L3_clmp.fp2_repr.orph.fq repair
Executing jgi.SplitPairsAndSingles [rp, in1=fq_fp1_clmp_fp2_fqscrn/Leq-ABas_041_Ex1_L3_clmp.fp2_r1.tagged_filter.fastq.gz, in2=fq_fp1_clmp_fp2_fqscrn/Leq-ABas_041_Ex1_L3_clmp.fp2_r2.tagged_filter.fastq.gz, out1=fq_fp1_clmp_fp2_fqscrn_repaired/Leq-ABas_041_Ex1_L3_clmp.fp2_repr.R1.fq.gz, out2=fq_fp1_clmp_fp2_fqscrn_repaired/Leq-ABas_041_Ex1_L3_clmp.fp2_repr.R2.fq.gz, outs=fq_fp1_clmp_fp2_fqscrn_repaired/orphans/Leq-ABas_041_Ex1_L3_clmp.fp2_repr.orph.fq, repair]

Set INTERLEAVED to false
Started output stream.

Input:                  	1058526 reads 		143766167 bases.
Result:                 	1058526 reads (100.00%) 	143766167 bases (100.00%)
Pairs:                  	1026626 reads (96.99%) 	139359622 bases (96.93%)
Singletons:             	31900 reads (3.01%) 	4406545 bases (3.07%)

Time:                         	48.617 seconds.
Reads Processed:       1058k 	21.77k reads/sec
Bases Processed:        143m 	2.96m bases/sec
java -ea -Xmx31627m -cp /opt/conda/opt/bbmap-38.90-3/current/ jgi.SplitPairsAndSingles rp in1=fq_fp1_clmp_fp2_fqscrn/Leq-ABas_045_Ex1_L3_clmp.fp2_r1.tagged_filter.fastq.gz in2=fq_fp1_clmp_fp2_fqscrn/Leq-ABas_045_Ex1_L3_clmp.fp2_r2.tagged_filter.fastq.gz out1=fq_fp1_clmp_fp2_fqscrn_repaired/Leq-ABas_045_Ex1_L3_clmp.fp2_repr.R1.fq.gz out2=fq_fp1_clmp_fp2_fqscrn_repaired/Leq-ABas_045_Ex1_L3_clmp.fp2_repr.R2.fq.gz outs=fq_fp1_clmp_fp2_fqscrn_repaired/orphans/Leq-ABas_045_Ex1_L3_clmp.fp2_repr.orph.fq repair
Executing jgi.SplitPairsAndSingles [rp, in1=fq_fp1_clmp_fp2_fqscrn/Leq-ABas_045_Ex1_L3_clmp.fp2_r1.tagged_filter.fastq.gz, in2=fq_fp1_clmp_fp2_fqscrn/Leq-ABas_045_Ex1_L3_clmp.fp2_r2.tagged_filter.fastq.gz, out1=fq_fp1_clmp_fp2_fqscrn_repaired/Leq-ABas_045_Ex1_L3_clmp.fp2_repr.R1.fq.gz, out2=fq_fp1_clmp_fp2_fqscrn_repaired/Leq-ABas_045_Ex1_L3_clmp.fp2_repr.R2.fq.gz, outs=fq_fp1_clmp_fp2_fqscrn_repaired/orphans/Leq-ABas_045_Ex1_L3_clmp.fp2_repr.orph.fq, repair]

Set INTERLEAVED to false
Started output stream.

Input:                  	848602 reads 		113544675 bases.
Result:                 	848602 reads (100.00%) 	113544675 bases (100.00%)
Pairs:                  	826418 reads (97.39%) 	110521474 bases (97.34%)
Singletons:             	22184 reads (2.61%) 	3023201 bases (2.66%)

Time:                         	25.531 seconds.
Reads Processed:        848k 	33.24k reads/sec
Bases Processed:        113m 	4.45m bases/sec
java -ea -Xmx156914m -cp /opt/conda/opt/bbmap-38.90-3/current/ jgi.SplitPairsAndSingles rp in1=fq_fp1_clmp_fp2_fqscrn/Leq-ABas_002_Ex1_L3_clmp.fp2_r1.tagged_filter.fastq.gz in2=fq_fp1_clmp_fp2_fqscrn/Leq-ABas_002_Ex1_L3_clmp.fp2_r2.tagged_filter.fastq.gz out1=fq_fp1_clmp_fp2_fqscrn_repaired/Leq-ABas_002_Ex1_L3_clmp.fp2_repr.R1.fq.gz out2=fq_fp1_clmp_fp2_fqscrn_repaired/Leq-ABas_002_Ex1_L3_clmp.fp2_repr.R2.fq.gz outs=fq_fp1_clmp_fp2_fqscrn_repaired/orphans/Leq-ABas_002_Ex1_L3_clmp.fp2_repr.orph.fq repair
Executing jgi.SplitPairsAndSingles [rp, in1=fq_fp1_clmp_fp2_fqscrn/Leq-ABas_002_Ex1_L3_clmp.fp2_r1.tagged_filter.fastq.gz, in2=fq_fp1_clmp_fp2_fqscrn/Leq-ABas_002_Ex1_L3_clmp.fp2_r2.tagged_filter.fastq.gz, out1=fq_fp1_clmp_fp2_fqscrn_repaired/Leq-ABas_002_Ex1_L3_clmp.fp2_repr.R1.fq.gz, out2=fq_fp1_clmp_fp2_fqscrn_repaired/Leq-ABas_002_Ex1_L3_clmp.fp2_repr.R2.fq.gz, outs=fq_fp1_clmp_fp2_fqscrn_repaired/orphans/Leq-ABas_002_Ex1_L3_clmp.fp2_repr.orph.fq, repair]

Set INTERLEAVED to false
Started output stream.

Input:                  	3991773 reads 		523112010 bases.
Result:                 	3991773 reads (100.00%) 	523112010 bases (100.00%)
Pairs:                  	3859856 reads (96.70%) 	505267432 bases (96.59%)
Singletons:             	131917 reads (3.30%) 	17844578 bases (3.41%)

Time:                         	96.660 seconds.
Reads Processed:       3991k 	41.30k reads/sec
Bases Processed:        523m 	5.41m bases/sec
java -ea -Xmx15017m -cp /opt/conda/opt/bbmap-38.90-3/current/ jgi.SplitPairsAndSingles rp in1=fq_fp1_clmp_fp2_fqscrn/Leq-ABas_047_Ex1_L3_clmp.fp2_r1.tagged_filter.fastq.gz in2=fq_fp1_clmp_fp2_fqscrn/Leq-ABas_047_Ex1_L3_clmp.fp2_r2.tagged_filter.fastq.gz out1=fq_fp1_clmp_fp2_fqscrn_repaired/Leq-ABas_047_Ex1_L3_clmp.fp2_repr.R1.fq.gz out2=fq_fp1_clmp_fp2_fqscrn_repaired/Leq-ABas_047_Ex1_L3_clmp.fp2_repr.R2.fq.gz outs=fq_fp1_clmp_fp2_fqscrn_repaired/orphans/Leq-ABas_047_Ex1_L3_clmp.fp2_repr.orph.fq repair
Executing jgi.SplitPairsAndSingles [rp, in1=fq_fp1_clmp_fp2_fqscrn/Leq-ABas_047_Ex1_L3_clmp.fp2_r1.tagged_filter.fastq.gz, in2=fq_fp1_clmp_fp2_fqscrn/Leq-ABas_047_Ex1_L3_clmp.fp2_r2.tagged_filter.fastq.gz, out1=fq_fp1_clmp_fp2_fqscrn_repaired/Leq-ABas_047_Ex1_L3_clmp.fp2_repr.R1.fq.gz, out2=fq_fp1_clmp_fp2_fqscrn_repaired/Leq-ABas_047_Ex1_L3_clmp.fp2_repr.R2.fq.gz, outs=fq_fp1_clmp_fp2_fqscrn_repaired/orphans/Leq-ABas_047_Ex1_L3_clmp.fp2_repr.orph.fq, repair]

Set INTERLEAVED to false
Started output stream.

Input:                  	688201 reads 		91786083 bases.
Result:                 	688201 reads (100.00%) 	91786083 bases (100.00%)
Pairs:                  	668918 reads (97.20%) 	89197451 bases (97.18%)
Singletons:             	19283 reads (2.80%) 	2588632 bases (2.82%)

Time:                         	21.363 seconds.
Reads Processed:        688k 	32.21k reads/sec
Bases Processed:      91786k 	4.30m bases/sec
java -ea -Xmx156997m -cp /opt/conda/opt/bbmap-38.90-3/current/ jgi.SplitPairsAndSingles rp in1=fq_fp1_clmp_fp2_fqscrn/Leq-ABas_020_Ex1_L3_clmp.fp2_r1.tagged_filter.fastq.gz in2=fq_fp1_clmp_fp2_fqscrn/Leq-ABas_020_Ex1_L3_clmp.fp2_r2.tagged_filter.fastq.gz out1=fq_fp1_clmp_fp2_fqscrn_repaired/Leq-ABas_020_Ex1_L3_clmp.fp2_repr.R1.fq.gz out2=fq_fp1_clmp_fp2_fqscrn_repaired/Leq-ABas_020_Ex1_L3_clmp.fp2_repr.R2.fq.gz outs=fq_fp1_clmp_fp2_fqscrn_repaired/orphans/Leq-ABas_020_Ex1_L3_clmp.fp2_repr.orph.fq repair
Executing jgi.SplitPairsAndSingles [rp, in1=fq_fp1_clmp_fp2_fqscrn/Leq-ABas_020_Ex1_L3_clmp.fp2_r1.tagged_filter.fastq.gz, in2=fq_fp1_clmp_fp2_fqscrn/Leq-ABas_020_Ex1_L3_clmp.fp2_r2.tagged_filter.fastq.gz, out1=fq_fp1_clmp_fp2_fqscrn_repaired/Leq-ABas_020_Ex1_L3_clmp.fp2_repr.R1.fq.gz, out2=fq_fp1_clmp_fp2_fqscrn_repaired/Leq-ABas_020_Ex1_L3_clmp.fp2_repr.R2.fq.gz, outs=fq_fp1_clmp_fp2_fqscrn_repaired/orphans/Leq-ABas_020_Ex1_L3_clmp.fp2_repr.orph.fq, repair]

Set INTERLEAVED to false
Started output stream.

Input:                  	6399057 reads 		861675113 bases.
Result:                 	6399057 reads (100.00%) 	861675113 bases (100.00%)
Pairs:                  	6232038 reads (97.39%) 	838727576 bases (97.34%)
Singletons:             	167019 reads (2.61%) 	22947537 bases (2.66%)

Time:                         	159.898 seconds.
Reads Processed:       6399k 	40.02k reads/sec
Bases Processed:        861m 	5.39m bases/sec
java -ea -Xmx156914m -cp /opt/conda/opt/bbmap-38.90-3/current/ jgi.SplitPairsAndSingles rp in1=fq_fp1_clmp_fp2_fqscrn/Leq-ABas_008_Ex1_L3_clmp.fp2_r1.tagged_filter.fastq.gz in2=fq_fp1_clmp_fp2_fqscrn/Leq-ABas_008_Ex1_L3_clmp.fp2_r2.tagged_filter.fastq.gz out1=fq_fp1_clmp_fp2_fqscrn_repaired/Leq-ABas_008_Ex1_L3_clmp.fp2_repr.R1.fq.gz out2=fq_fp1_clmp_fp2_fqscrn_repaired/Leq-ABas_008_Ex1_L3_clmp.fp2_repr.R2.fq.gz outs=fq_fp1_clmp_fp2_fqscrn_repaired/orphans/Leq-ABas_008_Ex1_L3_clmp.fp2_repr.orph.fq repair
Executing jgi.SplitPairsAndSingles [rp, in1=fq_fp1_clmp_fp2_fqscrn/Leq-ABas_008_Ex1_L3_clmp.fp2_r1.tagged_filter.fastq.gz, in2=fq_fp1_clmp_fp2_fqscrn/Leq-ABas_008_Ex1_L3_clmp.fp2_r2.tagged_filter.fastq.gz, out1=fq_fp1_clmp_fp2_fqscrn_repaired/Leq-ABas_008_Ex1_L3_clmp.fp2_repr.R1.fq.gz, out2=fq_fp1_clmp_fp2_fqscrn_repaired/Leq-ABas_008_Ex1_L3_clmp.fp2_repr.R2.fq.gz, outs=fq_fp1_clmp_fp2_fqscrn_repaired/orphans/Leq-ABas_008_Ex1_L3_clmp.fp2_repr.orph.fq, repair]

Set INTERLEAVED to false
Started output stream.

Input:                  	8037421 reads 		1077313929 bases.
Result:                 	8037421 reads (100.00%) 	1077313929 bases (100.00%)
Pairs:                  	7822452 reads (97.33%) 	1048182709 bases (97.30%)
Singletons:             	214969 reads (2.67%) 	29131220 bases (2.70%)

Time:                         	204.238 seconds.
Reads Processed:       8037k 	39.35k reads/sec
Bases Processed:       1077m 	5.27m bases/sec
java -ea -Xmx156914m -cp /opt/conda/opt/bbmap-38.90-3/current/ jgi.SplitPairsAndSingles rp in1=fq_fp1_clmp_fp2_fqscrn/Leq-ABas_001_Ex1_L3_clmp.fp2_r1.tagged_filter.fastq.gz in2=fq_fp1_clmp_fp2_fqscrn/Leq-ABas_001_Ex1_L3_clmp.fp2_r2.tagged_filter.fastq.gz out1=fq_fp1_clmp_fp2_fqscrn_repaired/Leq-ABas_001_Ex1_L3_clmp.fp2_repr.R1.fq.gz out2=fq_fp1_clmp_fp2_fqscrn_repaired/Leq-ABas_001_Ex1_L3_clmp.fp2_repr.R2.fq.gz outs=fq_fp1_clmp_fp2_fqscrn_repaired/orphans/Leq-ABas_001_Ex1_L3_clmp.fp2_repr.orph.fq repair
Executing jgi.SplitPairsAndSingles [rp, in1=fq_fp1_clmp_fp2_fqscrn/Leq-ABas_001_Ex1_L3_clmp.fp2_r1.tagged_filter.fastq.gz, in2=fq_fp1_clmp_fp2_fqscrn/Leq-ABas_001_Ex1_L3_clmp.fp2_r2.tagged_filter.fastq.gz, out1=fq_fp1_clmp_fp2_fqscrn_repaired/Leq-ABas_001_Ex1_L3_clmp.fp2_repr.R1.fq.gz, out2=fq_fp1_clmp_fp2_fqscrn_repaired/Leq-ABas_001_Ex1_L3_clmp.fp2_repr.R2.fq.gz, outs=fq_fp1_clmp_fp2_fqscrn_repaired/orphans/Leq-ABas_001_Ex1_L3_clmp.fp2_repr.orph.fq, repair]

Set INTERLEAVED to false
Started output stream.

Input:                  	8879567 reads 		1116948807 bases.
Result:                 	8879567 reads (100.00%) 	1116948807 bases (100.00%)
Pairs:                  	8647388 reads (97.39%) 	1086856395 bases (97.31%)
Singletons:             	232179 reads (2.61%) 	30092412 bases (2.69%)

Time:                         	207.638 seconds.
Reads Processed:       8879k 	42.76k reads/sec
Bases Processed:       1116m 	5.38m bases/sec
java -ea -Xmx103048m -cp /opt/conda/opt/bbmap-38.90-3/current/ jgi.SplitPairsAndSingles rp in1=fq_fp1_clmp_fp2_fqscrn/Leq-ABas_039_Ex1_L3_clmp.fp2_r1.tagged_filter.fastq.gz in2=fq_fp1_clmp_fp2_fqscrn/Leq-ABas_039_Ex1_L3_clmp.fp2_r2.tagged_filter.fastq.gz out1=fq_fp1_clmp_fp2_fqscrn_repaired/Leq-ABas_039_Ex1_L3_clmp.fp2_repr.R1.fq.gz out2=fq_fp1_clmp_fp2_fqscrn_repaired/Leq-ABas_039_Ex1_L3_clmp.fp2_repr.R2.fq.gz outs=fq_fp1_clmp_fp2_fqscrn_repaired/orphans/Leq-ABas_039_Ex1_L3_clmp.fp2_repr.orph.fq repair
Executing jgi.SplitPairsAndSingles [rp, in1=fq_fp1_clmp_fp2_fqscrn/Leq-ABas_039_Ex1_L3_clmp.fp2_r1.tagged_filter.fastq.gz, in2=fq_fp1_clmp_fp2_fqscrn/Leq-ABas_039_Ex1_L3_clmp.fp2_r2.tagged_filter.fastq.gz, out1=fq_fp1_clmp_fp2_fqscrn_repaired/Leq-ABas_039_Ex1_L3_clmp.fp2_repr.R1.fq.gz, out2=fq_fp1_clmp_fp2_fqscrn_repaired/Leq-ABas_039_Ex1_L3_clmp.fp2_repr.R2.fq.gz, outs=fq_fp1_clmp_fp2_fqscrn_repaired/orphans/Leq-ABas_039_Ex1_L3_clmp.fp2_repr.orph.fq, repair]

Set INTERLEAVED to false
Started output stream.

Input:                  	8156842 reads 		1110826155 bases.
Result:                 	8156842 reads (100.00%) 	1110826155 bases (100.00%)
Pairs:                  	7761636 reads (95.15%) 	1055635040 bases (95.03%)
Singletons:             	395206 reads (4.85%) 	55191115 bases (4.97%)

Time:                         	214.241 seconds.
Reads Processed:       8156k 	38.07k reads/sec
Bases Processed:       1110m 	5.18m bases/sec
java -ea -Xmx157005m -cp /opt/conda/opt/bbmap-38.90-3/current/ jgi.SplitPairsAndSingles rp in1=fq_fp1_clmp_fp2_fqscrn/Leq-ABas_027_Ex1_L3_clmp.fp2_r1.tagged_filter.fastq.gz in2=fq_fp1_clmp_fp2_fqscrn/Leq-ABas_027_Ex1_L3_clmp.fp2_r2.tagged_filter.fastq.gz out1=fq_fp1_clmp_fp2_fqscrn_repaired/Leq-ABas_027_Ex1_L3_clmp.fp2_repr.R1.fq.gz out2=fq_fp1_clmp_fp2_fqscrn_repaired/Leq-ABas_027_Ex1_L3_clmp.fp2_repr.R2.fq.gz outs=fq_fp1_clmp_fp2_fqscrn_repaired/orphans/Leq-ABas_027_Ex1_L3_clmp.fp2_repr.orph.fq repair
Executing jgi.SplitPairsAndSingles [rp, in1=fq_fp1_clmp_fp2_fqscrn/Leq-ABas_027_Ex1_L3_clmp.fp2_r1.tagged_filter.fastq.gz, in2=fq_fp1_clmp_fp2_fqscrn/Leq-ABas_027_Ex1_L3_clmp.fp2_r2.tagged_filter.fastq.gz, out1=fq_fp1_clmp_fp2_fqscrn_repaired/Leq-ABas_027_Ex1_L3_clmp.fp2_repr.R1.fq.gz, out2=fq_fp1_clmp_fp2_fqscrn_repaired/Leq-ABas_027_Ex1_L3_clmp.fp2_repr.R2.fq.gz, outs=fq_fp1_clmp_fp2_fqscrn_repaired/orphans/Leq-ABas_027_Ex1_L3_clmp.fp2_repr.orph.fq, repair]

Set INTERLEAVED to false
Started output stream.

Input:                  	8004596 reads 		1072497593 bases.
Result:                 	8004596 reads (100.00%) 	1072497593 bases (100.00%)
Pairs:                  	7638860 reads (95.43%) 	1021844562 bases (95.28%)
Singletons:             	365736 reads (4.57%) 	50653031 bases (4.72%)

Time:                         	215.120 seconds.
Reads Processed:       8004k 	37.21k reads/sec
Bases Processed:       1072m 	4.99m bases/sec
java -ea -Xmx10365m -cp /opt/conda/opt/bbmap-38.90-3/current/ jgi.SplitPairsAndSingles rp in1=fq_fp1_clmp_fp2_fqscrn/Leq-ABas_054_Ex1_L3_clmp.fp2_r1.tagged_filter.fastq.gz in2=fq_fp1_clmp_fp2_fqscrn/Leq-ABas_054_Ex1_L3_clmp.fp2_r2.tagged_filter.fastq.gz out1=fq_fp1_clmp_fp2_fqscrn_repaired/Leq-ABas_054_Ex1_L3_clmp.fp2_repr.R1.fq.gz out2=fq_fp1_clmp_fp2_fqscrn_repaired/Leq-ABas_054_Ex1_L3_clmp.fp2_repr.R2.fq.gz outs=fq_fp1_clmp_fp2_fqscrn_repaired/orphans/Leq-ABas_054_Ex1_L3_clmp.fp2_repr.orph.fq repair
Executing jgi.SplitPairsAndSingles [rp, in1=fq_fp1_clmp_fp2_fqscrn/Leq-ABas_054_Ex1_L3_clmp.fp2_r1.tagged_filter.fastq.gz, in2=fq_fp1_clmp_fp2_fqscrn/Leq-ABas_054_Ex1_L3_clmp.fp2_r2.tagged_filter.fastq.gz, out1=fq_fp1_clmp_fp2_fqscrn_repaired/Leq-ABas_054_Ex1_L3_clmp.fp2_repr.R1.fq.gz, out2=fq_fp1_clmp_fp2_fqscrn_repaired/Leq-ABas_054_Ex1_L3_clmp.fp2_repr.R2.fq.gz, outs=fq_fp1_clmp_fp2_fqscrn_repaired/orphans/Leq-ABas_054_Ex1_L3_clmp.fp2_repr.orph.fq, repair]

Set INTERLEAVED to false
Started output stream.

Input:                  	571412 reads 		77909590 bases.
Result:                 	571412 reads (100.00%) 	77909590 bases (100.00%)
Pairs:                  	554290 reads (97.00%) 	75536516 bases (96.95%)
Singletons:             	17122 reads (3.00%) 	2373074 bases (3.05%)

Time:                         	14.626 seconds.
Reads Processed:        571k 	39.07k reads/sec
Bases Processed:      77909k 	5.33m bases/sec
java -ea -Xmx11835m -cp /opt/conda/opt/bbmap-38.90-3/current/ jgi.SplitPairsAndSingles rp in1=fq_fp1_clmp_fp2_fqscrn/Leq-ABas_055_Ex1_L3_clmp.fp2_r1.tagged_filter.fastq.gz in2=fq_fp1_clmp_fp2_fqscrn/Leq-ABas_055_Ex1_L3_clmp.fp2_r2.tagged_filter.fastq.gz out1=fq_fp1_clmp_fp2_fqscrn_repaired/Leq-ABas_055_Ex1_L3_clmp.fp2_repr.R1.fq.gz out2=fq_fp1_clmp_fp2_fqscrn_repaired/Leq-ABas_055_Ex1_L3_clmp.fp2_repr.R2.fq.gz outs=fq_fp1_clmp_fp2_fqscrn_repaired/orphans/Leq-ABas_055_Ex1_L3_clmp.fp2_repr.orph.fq repair
Executing jgi.SplitPairsAndSingles [rp, in1=fq_fp1_clmp_fp2_fqscrn/Leq-ABas_055_Ex1_L3_clmp.fp2_r1.tagged_filter.fastq.gz, in2=fq_fp1_clmp_fp2_fqscrn/Leq-ABas_055_Ex1_L3_clmp.fp2_r2.tagged_filter.fastq.gz, out1=fq_fp1_clmp_fp2_fqscrn_repaired/Leq-ABas_055_Ex1_L3_clmp.fp2_repr.R1.fq.gz, out2=fq_fp1_clmp_fp2_fqscrn_repaired/Leq-ABas_055_Ex1_L3_clmp.fp2_repr.R2.fq.gz, outs=fq_fp1_clmp_fp2_fqscrn_repaired/orphans/Leq-ABas_055_Ex1_L3_clmp.fp2_repr.orph.fq, repair]

Set INTERLEAVED to false
Started output stream.

Input:                  	438631 reads 		59779077 bases.
Result:                 	438631 reads (100.00%) 	59779077 bases (100.00%)
Pairs:                  	425926 reads (97.10%) 	58016504 bases (97.05%)
Singletons:             	12705 reads (2.90%) 	1762573 bases (2.95%)

Time:                         	13.044 seconds.
Reads Processed:        438k 	33.63k reads/sec
Bases Processed:      59779k 	4.58m bases/sec
java -ea -Xmx156914m -cp /opt/conda/opt/bbmap-38.90-3/current/ jgi.SplitPairsAndSingles rp in1=fq_fp1_clmp_fp2_fqscrn/Leq-ABas_005_Ex1_L3_clmp.fp2_r1.tagged_filter.fastq.gz in2=fq_fp1_clmp_fp2_fqscrn/Leq-ABas_005_Ex1_L3_clmp.fp2_r2.tagged_filter.fastq.gz out1=fq_fp1_clmp_fp2_fqscrn_repaired/Leq-ABas_005_Ex1_L3_clmp.fp2_repr.R1.fq.gz out2=fq_fp1_clmp_fp2_fqscrn_repaired/Leq-ABas_005_Ex1_L3_clmp.fp2_repr.R2.fq.gz outs=fq_fp1_clmp_fp2_fqscrn_repaired/orphans/Leq-ABas_005_Ex1_L3_clmp.fp2_repr.orph.fq repair
Executing jgi.SplitPairsAndSingles [rp, in1=fq_fp1_clmp_fp2_fqscrn/Leq-ABas_005_Ex1_L3_clmp.fp2_r1.tagged_filter.fastq.gz, in2=fq_fp1_clmp_fp2_fqscrn/Leq-ABas_005_Ex1_L3_clmp.fp2_r2.tagged_filter.fastq.gz, out1=fq_fp1_clmp_fp2_fqscrn_repaired/Leq-ABas_005_Ex1_L3_clmp.fp2_repr.R1.fq.gz, out2=fq_fp1_clmp_fp2_fqscrn_repaired/Leq-ABas_005_Ex1_L3_clmp.fp2_repr.R2.fq.gz, outs=fq_fp1_clmp_fp2_fqscrn_repaired/orphans/Leq-ABas_005_Ex1_L3_clmp.fp2_repr.orph.fq, repair]

Set INTERLEAVED to false
Started output stream.

Input:                  	9570561 reads 		1214007453 bases.
Result:                 	9570561 reads (100.00%) 	1214007453 bases (100.00%)
Pairs:                  	9314908 reads (97.33%) 	1180647434 bases (97.25%)
Singletons:             	255653 reads (2.67%) 	33360019 bases (2.75%)

Time:                         	230.455 seconds.
Reads Processed:       9570k 	41.53k reads/sec
Bases Processed:       1214m 	5.27m bases/sec
java -ea -Xmx156914m -cp /opt/conda/opt/bbmap-38.90-3/current/ jgi.SplitPairsAndSingles rp in1=fq_fp1_clmp_fp2_fqscrn/Leq-ABas_010_Ex1_L3_clmp.fp2_r1.tagged_filter.fastq.gz in2=fq_fp1_clmp_fp2_fqscrn/Leq-ABas_010_Ex1_L3_clmp.fp2_r2.tagged_filter.fastq.gz out1=fq_fp1_clmp_fp2_fqscrn_repaired/Leq-ABas_010_Ex1_L3_clmp.fp2_repr.R1.fq.gz out2=fq_fp1_clmp_fp2_fqscrn_repaired/Leq-ABas_010_Ex1_L3_clmp.fp2_repr.R2.fq.gz outs=fq_fp1_clmp_fp2_fqscrn_repaired/orphans/Leq-ABas_010_Ex1_L3_clmp.fp2_repr.orph.fq repair
Executing jgi.SplitPairsAndSingles [rp, in1=fq_fp1_clmp_fp2_fqscrn/Leq-ABas_010_Ex1_L3_clmp.fp2_r1.tagged_filter.fastq.gz, in2=fq_fp1_clmp_fp2_fqscrn/Leq-ABas_010_Ex1_L3_clmp.fp2_r2.tagged_filter.fastq.gz, out1=fq_fp1_clmp_fp2_fqscrn_repaired/Leq-ABas_010_Ex1_L3_clmp.fp2_repr.R1.fq.gz, out2=fq_fp1_clmp_fp2_fqscrn_repaired/Leq-ABas_010_Ex1_L3_clmp.fp2_repr.R2.fq.gz, outs=fq_fp1_clmp_fp2_fqscrn_repaired/orphans/Leq-ABas_010_Ex1_L3_clmp.fp2_repr.orph.fq, repair]

Set INTERLEAVED to false
Started output stream.

Input:                  	10052821 reads 		1257391971 bases.
Result:                 	10052821 reads (100.00%) 	1257391971 bases (100.00%)
Pairs:                  	9832958 reads (97.81%) 	1229711065 bases (97.80%)
Singletons:             	219863 reads (2.19%) 	27680906 bases (2.20%)

Time:                         	237.720 seconds.
Reads Processed:      10052k 	42.29k reads/sec
Bases Processed:       1257m 	5.29m bases/sec
java -ea -Xmx156914m -cp /opt/conda/opt/bbmap-38.90-3/current/ jgi.SplitPairsAndSingles rp in1=fq_fp1_clmp_fp2_fqscrn/Leq-ABas_004_Ex1_L3_clmp.fp2_r1.tagged_filter.fastq.gz in2=fq_fp1_clmp_fp2_fqscrn/Leq-ABas_004_Ex1_L3_clmp.fp2_r2.tagged_filter.fastq.gz out1=fq_fp1_clmp_fp2_fqscrn_repaired/Leq-ABas_004_Ex1_L3_clmp.fp2_repr.R1.fq.gz out2=fq_fp1_clmp_fp2_fqscrn_repaired/Leq-ABas_004_Ex1_L3_clmp.fp2_repr.R2.fq.gz outs=fq_fp1_clmp_fp2_fqscrn_repaired/orphans/Leq-ABas_004_Ex1_L3_clmp.fp2_repr.orph.fq repair
Executing jgi.SplitPairsAndSingles [rp, in1=fq_fp1_clmp_fp2_fqscrn/Leq-ABas_004_Ex1_L3_clmp.fp2_r1.tagged_filter.fastq.gz, in2=fq_fp1_clmp_fp2_fqscrn/Leq-ABas_004_Ex1_L3_clmp.fp2_r2.tagged_filter.fastq.gz, out1=fq_fp1_clmp_fp2_fqscrn_repaired/Leq-ABas_004_Ex1_L3_clmp.fp2_repr.R1.fq.gz, out2=fq_fp1_clmp_fp2_fqscrn_repaired/Leq-ABas_004_Ex1_L3_clmp.fp2_repr.R2.fq.gz, outs=fq_fp1_clmp_fp2_fqscrn_repaired/orphans/Leq-ABas_004_Ex1_L3_clmp.fp2_repr.orph.fq, repair]

Set INTERLEAVED to false
Started output stream.

Input:                  	11854611 reads 		1495603621 bases.
Result:                 	11854611 reads (100.00%) 	1495603621 bases (100.00%)
Pairs:                  	11558492 reads (97.50%) 	1457416252 bases (97.45%)
Singletons:             	296119 reads (2.50%) 	38187369 bases (2.55%)

Time:                         	256.663 seconds.
Reads Processed:      11854k 	46.19k reads/sec
Bases Processed:       1495m 	5.83m bases/sec
java -ea -Xmx157005m -cp /opt/conda/opt/bbmap-38.90-3/current/ jgi.SplitPairsAndSingles rp in1=fq_fp1_clmp_fp2_fqscrn/Leq-ABas_028_Ex1_L3_clmp.fp2_r1.tagged_filter.fastq.gz in2=fq_fp1_clmp_fp2_fqscrn/Leq-ABas_028_Ex1_L3_clmp.fp2_r2.tagged_filter.fastq.gz out1=fq_fp1_clmp_fp2_fqscrn_repaired/Leq-ABas_028_Ex1_L3_clmp.fp2_repr.R1.fq.gz out2=fq_fp1_clmp_fp2_fqscrn_repaired/Leq-ABas_028_Ex1_L3_clmp.fp2_repr.R2.fq.gz outs=fq_fp1_clmp_fp2_fqscrn_repaired/orphans/Leq-ABas_028_Ex1_L3_clmp.fp2_repr.orph.fq repair
Executing jgi.SplitPairsAndSingles [rp, in1=fq_fp1_clmp_fp2_fqscrn/Leq-ABas_028_Ex1_L3_clmp.fp2_r1.tagged_filter.fastq.gz, in2=fq_fp1_clmp_fp2_fqscrn/Leq-ABas_028_Ex1_L3_clmp.fp2_r2.tagged_filter.fastq.gz, out1=fq_fp1_clmp_fp2_fqscrn_repaired/Leq-ABas_028_Ex1_L3_clmp.fp2_repr.R1.fq.gz, out2=fq_fp1_clmp_fp2_fqscrn_repaired/Leq-ABas_028_Ex1_L3_clmp.fp2_repr.R2.fq.gz, outs=fq_fp1_clmp_fp2_fqscrn_repaired/orphans/Leq-ABas_028_Ex1_L3_clmp.fp2_repr.orph.fq, repair]

Set INTERLEAVED to false
Started output stream.

Input:                  	10427819 reads 		1332444159 bases.
Result:                 	10427819 reads (100.00%) 	1332444159 bases (100.00%)
Pairs:                  	10147586 reads (97.31%) 	1295577128 bases (97.23%)
Singletons:             	280233 reads (2.69%) 	36867031 bases (2.77%)

Time:                         	282.845 seconds.
Reads Processed:      10427k 	36.87k reads/sec
Bases Processed:       1332m 	4.71m bases/sec
java -ea -Xmx156914m -cp /opt/conda/opt/bbmap-38.90-3/current/ jgi.SplitPairsAndSingles rp in1=fq_fp1_clmp_fp2_fqscrn/Leq-ABas_015_Ex1_L3_clmp.fp2_r1.tagged_filter.fastq.gz in2=fq_fp1_clmp_fp2_fqscrn/Leq-ABas_015_Ex1_L3_clmp.fp2_r2.tagged_filter.fastq.gz out1=fq_fp1_clmp_fp2_fqscrn_repaired/Leq-ABas_015_Ex1_L3_clmp.fp2_repr.R1.fq.gz out2=fq_fp1_clmp_fp2_fqscrn_repaired/Leq-ABas_015_Ex1_L3_clmp.fp2_repr.R2.fq.gz outs=fq_fp1_clmp_fp2_fqscrn_repaired/orphans/Leq-ABas_015_Ex1_L3_clmp.fp2_repr.orph.fq repair
Executing jgi.SplitPairsAndSingles [rp, in1=fq_fp1_clmp_fp2_fqscrn/Leq-ABas_015_Ex1_L3_clmp.fp2_r1.tagged_filter.fastq.gz, in2=fq_fp1_clmp_fp2_fqscrn/Leq-ABas_015_Ex1_L3_clmp.fp2_r2.tagged_filter.fastq.gz, out1=fq_fp1_clmp_fp2_fqscrn_repaired/Leq-ABas_015_Ex1_L3_clmp.fp2_repr.R1.fq.gz, out2=fq_fp1_clmp_fp2_fqscrn_repaired/Leq-ABas_015_Ex1_L3_clmp.fp2_repr.R2.fq.gz, outs=fq_fp1_clmp_fp2_fqscrn_repaired/orphans/Leq-ABas_015_Ex1_L3_clmp.fp2_repr.orph.fq, repair]

Set INTERLEAVED to false
Started output stream.

Input:                  	11196413 reads 		1484102273 bases.
Result:                 	11196413 reads (100.00%) 	1484102273 bases (100.00%)
Pairs:                  	10891596 reads (97.28%) 	1443850809 bases (97.29%)
Singletons:             	304817 reads (2.72%) 	40251464 bases (2.71%)

Time:                         	296.510 seconds.
Reads Processed:      11196k 	37.76k reads/sec
Bases Processed:       1484m 	5.01m bases/sec
java -ea -Xmx156962m -cp /opt/conda/opt/bbmap-38.90-3/current/ jgi.SplitPairsAndSingles rp in1=fq_fp1_clmp_fp2_fqscrn/Leq-ABas_017_Ex1_L3_clmp.fp2_r1.tagged_filter.fastq.gz in2=fq_fp1_clmp_fp2_fqscrn/Leq-ABas_017_Ex1_L3_clmp.fp2_r2.tagged_filter.fastq.gz out1=fq_fp1_clmp_fp2_fqscrn_repaired/Leq-ABas_017_Ex1_L3_clmp.fp2_repr.R1.fq.gz out2=fq_fp1_clmp_fp2_fqscrn_repaired/Leq-ABas_017_Ex1_L3_clmp.fp2_repr.R2.fq.gz outs=fq_fp1_clmp_fp2_fqscrn_repaired/orphans/Leq-ABas_017_Ex1_L3_clmp.fp2_repr.orph.fq repair
Executing jgi.SplitPairsAndSingles [rp, in1=fq_fp1_clmp_fp2_fqscrn/Leq-ABas_017_Ex1_L3_clmp.fp2_r1.tagged_filter.fastq.gz, in2=fq_fp1_clmp_fp2_fqscrn/Leq-ABas_017_Ex1_L3_clmp.fp2_r2.tagged_filter.fastq.gz, out1=fq_fp1_clmp_fp2_fqscrn_repaired/Leq-ABas_017_Ex1_L3_clmp.fp2_repr.R1.fq.gz, out2=fq_fp1_clmp_fp2_fqscrn_repaired/Leq-ABas_017_Ex1_L3_clmp.fp2_repr.R2.fq.gz, outs=fq_fp1_clmp_fp2_fqscrn_repaired/orphans/Leq-ABas_017_Ex1_L3_clmp.fp2_repr.orph.fq, repair]

Set INTERLEAVED to false
Started output stream.

Input:                  	11095886 reads 		1500880863 bases.
Result:                 	11095886 reads (100.00%) 	1500880863 bases (100.00%)
Pairs:                  	10681086 reads (96.26%) 	1443654277 bases (96.19%)
Singletons:             	414800 reads (3.74%) 	57226586 bases (3.81%)

Time:                         	312.285 seconds.
Reads Processed:      11095k 	35.53k reads/sec
Bases Processed:       1500m 	4.81m bases/sec
java -ea -Xmx36862m -cp /opt/conda/opt/bbmap-38.90-3/current/ jgi.SplitPairsAndSingles rp in1=fq_fp1_clmp_fp2_fqscrn/Leq-ABas_043_Ex1_L3_clmp.fp2_r1.tagged_filter.fastq.gz in2=fq_fp1_clmp_fp2_fqscrn/Leq-ABas_043_Ex1_L3_clmp.fp2_r2.tagged_filter.fastq.gz out1=fq_fp1_clmp_fp2_fqscrn_repaired/Leq-ABas_043_Ex1_L3_clmp.fp2_repr.R1.fq.gz out2=fq_fp1_clmp_fp2_fqscrn_repaired/Leq-ABas_043_Ex1_L3_clmp.fp2_repr.R2.fq.gz outs=fq_fp1_clmp_fp2_fqscrn_repaired/orphans/Leq-ABas_043_Ex1_L3_clmp.fp2_repr.orph.fq repair
Executing jgi.SplitPairsAndSingles [rp, in1=fq_fp1_clmp_fp2_fqscrn/Leq-ABas_043_Ex1_L3_clmp.fp2_r1.tagged_filter.fastq.gz, in2=fq_fp1_clmp_fp2_fqscrn/Leq-ABas_043_Ex1_L3_clmp.fp2_r2.tagged_filter.fastq.gz, out1=fq_fp1_clmp_fp2_fqscrn_repaired/Leq-ABas_043_Ex1_L3_clmp.fp2_repr.R1.fq.gz, out2=fq_fp1_clmp_fp2_fqscrn_repaired/Leq-ABas_043_Ex1_L3_clmp.fp2_repr.R2.fq.gz, outs=fq_fp1_clmp_fp2_fqscrn_repaired/orphans/Leq-ABas_043_Ex1_L3_clmp.fp2_repr.orph.fq, repair]

Set INTERLEAVED to false
Started output stream.

Input:                  	12361315 reads 		1684865951 bases.
Result:                 	12361315 reads (100.00%) 	1684865951 bases (100.00%)
Pairs:                  	11996760 reads (97.05%) 	1634798842 bases (97.03%)
Singletons:             	364555 reads (2.95%) 	50067109 bases (2.97%)

Time:                         	295.903 seconds.
Reads Processed:      12361k 	41.77k reads/sec
Bases Processed:       1684m 	5.69m bases/sec
java -ea -Xmx20980m -cp /opt/conda/opt/bbmap-38.90-3/current/ jgi.SplitPairsAndSingles rp in1=fq_fp1_clmp_fp2_fqscrn/Leq-CMig_006-Ex1_L3_clmp.fp2_r1.tagged_filter.fastq.gz in2=fq_fp1_clmp_fp2_fqscrn/Leq-CMig_006-Ex1_L3_clmp.fp2_r2.tagged_filter.fastq.gz out1=fq_fp1_clmp_fp2_fqscrn_repaired/Leq-CMig_006-Ex1_L3_clmp.fp2_repr.R1.fq.gz out2=fq_fp1_clmp_fp2_fqscrn_repaired/Leq-CMig_006-Ex1_L3_clmp.fp2_repr.R2.fq.gz outs=fq_fp1_clmp_fp2_fqscrn_repaired/orphans/Leq-CMig_006-Ex1_L3_clmp.fp2_repr.orph.fq repair
Executing jgi.SplitPairsAndSingles [rp, in1=fq_fp1_clmp_fp2_fqscrn/Leq-CMig_006-Ex1_L3_clmp.fp2_r1.tagged_filter.fastq.gz, in2=fq_fp1_clmp_fp2_fqscrn/Leq-CMig_006-Ex1_L3_clmp.fp2_r2.tagged_filter.fastq.gz, out1=fq_fp1_clmp_fp2_fqscrn_repaired/Leq-CMig_006-Ex1_L3_clmp.fp2_repr.R1.fq.gz, out2=fq_fp1_clmp_fp2_fqscrn_repaired/Leq-CMig_006-Ex1_L3_clmp.fp2_repr.R2.fq.gz, outs=fq_fp1_clmp_fp2_fqscrn_repaired/orphans/Leq-CMig_006-Ex1_L3_clmp.fp2_repr.orph.fq, repair]

Set INTERLEAVED to false
Started output stream.

Input:                  	3814899 reads 		533800160 bases.
Result:                 	3814899 reads (100.00%) 	533800160 bases (100.00%)
Pairs:                  	3714358 reads (97.36%) 	519716422 bases (97.36%)
Singletons:             	100541 reads (2.64%) 	14083738 bases (2.64%)

Time:                         	92.894 seconds.
Reads Processed:       3814k 	41.07k reads/sec
Bases Processed:        533m 	5.75m bases/sec
java -ea -Xmx14770m -cp /opt/conda/opt/bbmap-38.90-3/current/ jgi.SplitPairsAndSingles rp in1=fq_fp1_clmp_fp2_fqscrn/Leq-CMig_004-Ex1_L3_clmp.fp2_r1.tagged_filter.fastq.gz in2=fq_fp1_clmp_fp2_fqscrn/Leq-CMig_004-Ex1_L3_clmp.fp2_r2.tagged_filter.fastq.gz out1=fq_fp1_clmp_fp2_fqscrn_repaired/Leq-CMig_004-Ex1_L3_clmp.fp2_repr.R1.fq.gz out2=fq_fp1_clmp_fp2_fqscrn_repaired/Leq-CMig_004-Ex1_L3_clmp.fp2_repr.R2.fq.gz outs=fq_fp1_clmp_fp2_fqscrn_repaired/orphans/Leq-CMig_004-Ex1_L3_clmp.fp2_repr.orph.fq repair
Executing jgi.SplitPairsAndSingles [rp, in1=fq_fp1_clmp_fp2_fqscrn/Leq-CMig_004-Ex1_L3_clmp.fp2_r1.tagged_filter.fastq.gz, in2=fq_fp1_clmp_fp2_fqscrn/Leq-CMig_004-Ex1_L3_clmp.fp2_r2.tagged_filter.fastq.gz, out1=fq_fp1_clmp_fp2_fqscrn_repaired/Leq-CMig_004-Ex1_L3_clmp.fp2_repr.R1.fq.gz, out2=fq_fp1_clmp_fp2_fqscrn_repaired/Leq-CMig_004-Ex1_L3_clmp.fp2_repr.R2.fq.gz, outs=fq_fp1_clmp_fp2_fqscrn_repaired/orphans/Leq-CMig_004-Ex1_L3_clmp.fp2_repr.orph.fq, repair]

Set INTERLEAVED to false
Started output stream.

Input:                  	4688244 reads 		655241175 bases.
Result:                 	4688244 reads (100.00%) 	655241175 bases (100.00%)
Pairs:                  	4569328 reads (97.46%) 	638589872 bases (97.46%)
Singletons:             	118916 reads (2.54%) 	16651303 bases (2.54%)

Time:                         	108.133 seconds.
Reads Processed:       4688k 	43.36k reads/sec
Bases Processed:        655m 	6.06m bases/sec
java -ea -Xmx156914m -cp /opt/conda/opt/bbmap-38.90-3/current/ jgi.SplitPairsAndSingles rp in1=fq_fp1_clmp_fp2_fqscrn/Leq-ABas_003_Ex1_L3_clmp.fp2_r1.tagged_filter.fastq.gz in2=fq_fp1_clmp_fp2_fqscrn/Leq-ABas_003_Ex1_L3_clmp.fp2_r2.tagged_filter.fastq.gz out1=fq_fp1_clmp_fp2_fqscrn_repaired/Leq-ABas_003_Ex1_L3_clmp.fp2_repr.R1.fq.gz out2=fq_fp1_clmp_fp2_fqscrn_repaired/Leq-ABas_003_Ex1_L3_clmp.fp2_repr.R2.fq.gz outs=fq_fp1_clmp_fp2_fqscrn_repaired/orphans/Leq-ABas_003_Ex1_L3_clmp.fp2_repr.orph.fq repair
Executing jgi.SplitPairsAndSingles [rp, in1=fq_fp1_clmp_fp2_fqscrn/Leq-ABas_003_Ex1_L3_clmp.fp2_r1.tagged_filter.fastq.gz, in2=fq_fp1_clmp_fp2_fqscrn/Leq-ABas_003_Ex1_L3_clmp.fp2_r2.tagged_filter.fastq.gz, out1=fq_fp1_clmp_fp2_fqscrn_repaired/Leq-ABas_003_Ex1_L3_clmp.fp2_repr.R1.fq.gz, out2=fq_fp1_clmp_fp2_fqscrn_repaired/Leq-ABas_003_Ex1_L3_clmp.fp2_repr.R2.fq.gz, outs=fq_fp1_clmp_fp2_fqscrn_repaired/orphans/Leq-ABas_003_Ex1_L3_clmp.fp2_repr.orph.fq, repair]

Set INTERLEAVED to false
Started output stream.

Input:                  	14567043 reads 		1879409412 bases.
Result:                 	14567043 reads (100.00%) 	1879409412 bases (100.00%)
Pairs:                  	14278668 reads (98.02%) 	1842321901 bases (98.03%)
Singletons:             	288375 reads (1.98%) 	37087511 bases (1.97%)

Time:                         	368.295 seconds.
Reads Processed:      14567k 	39.55k reads/sec
Bases Processed:       1879m 	5.10m bases/sec
java -ea -Xmx132692m -cp /opt/conda/opt/bbmap-38.90-3/current/ jgi.SplitPairsAndSingles rp in1=fq_fp1_clmp_fp2_fqscrn/Leq-ABas_033_Ex1_L3_clmp.fp2_r1.tagged_filter.fastq.gz in2=fq_fp1_clmp_fp2_fqscrn/Leq-ABas_033_Ex1_L3_clmp.fp2_r2.tagged_filter.fastq.gz out1=fq_fp1_clmp_fp2_fqscrn_repaired/Leq-ABas_033_Ex1_L3_clmp.fp2_repr.R1.fq.gz out2=fq_fp1_clmp_fp2_fqscrn_repaired/Leq-ABas_033_Ex1_L3_clmp.fp2_repr.R2.fq.gz outs=fq_fp1_clmp_fp2_fqscrn_repaired/orphans/Leq-ABas_033_Ex1_L3_clmp.fp2_repr.orph.fq repair
Executing jgi.SplitPairsAndSingles [rp, in1=fq_fp1_clmp_fp2_fqscrn/Leq-ABas_033_Ex1_L3_clmp.fp2_r1.tagged_filter.fastq.gz, in2=fq_fp1_clmp_fp2_fqscrn/Leq-ABas_033_Ex1_L3_clmp.fp2_r2.tagged_filter.fastq.gz, out1=fq_fp1_clmp_fp2_fqscrn_repaired/Leq-ABas_033_Ex1_L3_clmp.fp2_repr.R1.fq.gz, out2=fq_fp1_clmp_fp2_fqscrn_repaired/Leq-ABas_033_Ex1_L3_clmp.fp2_repr.R2.fq.gz, outs=fq_fp1_clmp_fp2_fqscrn_repaired/orphans/Leq-ABas_033_Ex1_L3_clmp.fp2_repr.orph.fq, repair]

Set INTERLEAVED to false
Started output stream.

Input:                  	14239675 reads 		1875267473 bases.
Result:                 	14239675 reads (100.00%) 	1875267473 bases (100.00%)
Pairs:                  	13803380 reads (96.94%) 	1816806787 bases (96.88%)
Singletons:             	436295 reads (3.06%) 	58460686 bases (3.12%)

Time:                         	370.325 seconds.
Reads Processed:      14239k 	38.45k reads/sec
Bases Processed:       1875m 	5.06m bases/sec
java -ea -Xmx156914m -cp /opt/conda/opt/bbmap-38.90-3/current/ jgi.SplitPairsAndSingles rp in1=fq_fp1_clmp_fp2_fqscrn/Leq-ABas_016_Ex1_L3_clmp.fp2_r1.tagged_filter.fastq.gz in2=fq_fp1_clmp_fp2_fqscrn/Leq-ABas_016_Ex1_L3_clmp.fp2_r2.tagged_filter.fastq.gz out1=fq_fp1_clmp_fp2_fqscrn_repaired/Leq-ABas_016_Ex1_L3_clmp.fp2_repr.R1.fq.gz out2=fq_fp1_clmp_fp2_fqscrn_repaired/Leq-ABas_016_Ex1_L3_clmp.fp2_repr.R2.fq.gz outs=fq_fp1_clmp_fp2_fqscrn_repaired/orphans/Leq-ABas_016_Ex1_L3_clmp.fp2_repr.orph.fq repair
Executing jgi.SplitPairsAndSingles [rp, in1=fq_fp1_clmp_fp2_fqscrn/Leq-ABas_016_Ex1_L3_clmp.fp2_r1.tagged_filter.fastq.gz, in2=fq_fp1_clmp_fp2_fqscrn/Leq-ABas_016_Ex1_L3_clmp.fp2_r2.tagged_filter.fastq.gz, out1=fq_fp1_clmp_fp2_fqscrn_repaired/Leq-ABas_016_Ex1_L3_clmp.fp2_repr.R1.fq.gz, out2=fq_fp1_clmp_fp2_fqscrn_repaired/Leq-ABas_016_Ex1_L3_clmp.fp2_repr.R2.fq.gz, outs=fq_fp1_clmp_fp2_fqscrn_repaired/orphans/Leq-ABas_016_Ex1_L3_clmp.fp2_repr.orph.fq, repair]

Set INTERLEAVED to false
Started output stream.

Input:                  	14643616 reads 		1912516931 bases.
Result:                 	14643616 reads (100.00%) 	1912516931 bases (100.00%)
Pairs:                  	14149362 reads (96.62%) 	1845435149 bases (96.49%)
Singletons:             	494254 reads (3.38%) 	67081782 bases (3.51%)

Time:                         	379.273 seconds.
Reads Processed:      14643k 	38.61k reads/sec
Bases Processed:       1912m 	5.04m bases/sec
java -ea -Xmx28026m -cp /opt/conda/opt/bbmap-38.90-3/current/ jgi.SplitPairsAndSingles rp in1=fq_fp1_clmp_fp2_fqscrn/Leq-CMig_016-Ex1_L3_clmp.fp2_r1.tagged_filter.fastq.gz in2=fq_fp1_clmp_fp2_fqscrn/Leq-CMig_016-Ex1_L3_clmp.fp2_r2.tagged_filter.fastq.gz out1=fq_fp1_clmp_fp2_fqscrn_repaired/Leq-CMig_016-Ex1_L3_clmp.fp2_repr.R1.fq.gz out2=fq_fp1_clmp_fp2_fqscrn_repaired/Leq-CMig_016-Ex1_L3_clmp.fp2_repr.R2.fq.gz outs=fq_fp1_clmp_fp2_fqscrn_repaired/orphans/Leq-CMig_016-Ex1_L3_clmp.fp2_repr.orph.fq repair
Executing jgi.SplitPairsAndSingles [rp, in1=fq_fp1_clmp_fp2_fqscrn/Leq-CMig_016-Ex1_L3_clmp.fp2_r1.tagged_filter.fastq.gz, in2=fq_fp1_clmp_fp2_fqscrn/Leq-CMig_016-Ex1_L3_clmp.fp2_r2.tagged_filter.fastq.gz, out1=fq_fp1_clmp_fp2_fqscrn_repaired/Leq-CMig_016-Ex1_L3_clmp.fp2_repr.R1.fq.gz, out2=fq_fp1_clmp_fp2_fqscrn_repaired/Leq-CMig_016-Ex1_L3_clmp.fp2_repr.R2.fq.gz, outs=fq_fp1_clmp_fp2_fqscrn_repaired/orphans/Leq-CMig_016-Ex1_L3_clmp.fp2_repr.orph.fq, repair]

Set INTERLEAVED to false
Started output stream.

Input:                  	2143314 reads 		299419173 bases.
Result:                 	2143314 reads (100.00%) 	299419173 bases (100.00%)
Pairs:                  	2092130 reads (97.61%) 	292229387 bases (97.60%)
Singletons:             	51184 reads (2.39%) 	7189786 bases (2.40%)

Time:                         	51.908 seconds.
Reads Processed:       2143k 	41.29k reads/sec
Bases Processed:        299m 	5.77m bases/sec
java -ea -Xmx140231m -cp /opt/conda/opt/bbmap-38.90-3/current/ jgi.SplitPairsAndSingles rp in1=fq_fp1_clmp_fp2_fqscrn/Leq-ABas_030_Ex1_L3_clmp.fp2_r1.tagged_filter.fastq.gz in2=fq_fp1_clmp_fp2_fqscrn/Leq-ABas_030_Ex1_L3_clmp.fp2_r2.tagged_filter.fastq.gz out1=fq_fp1_clmp_fp2_fqscrn_repaired/Leq-ABas_030_Ex1_L3_clmp.fp2_repr.R1.fq.gz out2=fq_fp1_clmp_fp2_fqscrn_repaired/Leq-ABas_030_Ex1_L3_clmp.fp2_repr.R2.fq.gz outs=fq_fp1_clmp_fp2_fqscrn_repaired/orphans/Leq-ABas_030_Ex1_L3_clmp.fp2_repr.orph.fq repair
Executing jgi.SplitPairsAndSingles [rp, in1=fq_fp1_clmp_fp2_fqscrn/Leq-ABas_030_Ex1_L3_clmp.fp2_r1.tagged_filter.fastq.gz, in2=fq_fp1_clmp_fp2_fqscrn/Leq-ABas_030_Ex1_L3_clmp.fp2_r2.tagged_filter.fastq.gz, out1=fq_fp1_clmp_fp2_fqscrn_repaired/Leq-ABas_030_Ex1_L3_clmp.fp2_repr.R1.fq.gz, out2=fq_fp1_clmp_fp2_fqscrn_repaired/Leq-ABas_030_Ex1_L3_clmp.fp2_repr.R2.fq.gz, outs=fq_fp1_clmp_fp2_fqscrn_repaired/orphans/Leq-ABas_030_Ex1_L3_clmp.fp2_repr.orph.fq, repair]

Set INTERLEAVED to false
Started output stream.

Input:                  	14933885 reads 		1950654190 bases.
Result:                 	14933885 reads (100.00%) 	1950654190 bases (100.00%)
Pairs:                  	14519142 reads (97.22%) 	1895654251 bases (97.18%)
Singletons:             	414743 reads (2.78%) 	54999939 bases (2.82%)

Time:                         	407.368 seconds.
Reads Processed:      14933k 	36.66k reads/sec
Bases Processed:       1950m 	4.79m bases/sec
java -ea -Xmx24560m -cp /opt/conda/opt/bbmap-38.90-3/current/ jgi.SplitPairsAndSingles rp in1=fq_fp1_clmp_fp2_fqscrn/Leq-CMig_009-Ex1_L3_clmp.fp2_r1.tagged_filter.fastq.gz in2=fq_fp1_clmp_fp2_fqscrn/Leq-CMig_009-Ex1_L3_clmp.fp2_r2.tagged_filter.fastq.gz out1=fq_fp1_clmp_fp2_fqscrn_repaired/Leq-CMig_009-Ex1_L3_clmp.fp2_repr.R1.fq.gz out2=fq_fp1_clmp_fp2_fqscrn_repaired/Leq-CMig_009-Ex1_L3_clmp.fp2_repr.R2.fq.gz outs=fq_fp1_clmp_fp2_fqscrn_repaired/orphans/Leq-CMig_009-Ex1_L3_clmp.fp2_repr.orph.fq repair
Executing jgi.SplitPairsAndSingles [rp, in1=fq_fp1_clmp_fp2_fqscrn/Leq-CMig_009-Ex1_L3_clmp.fp2_r1.tagged_filter.fastq.gz, in2=fq_fp1_clmp_fp2_fqscrn/Leq-CMig_009-Ex1_L3_clmp.fp2_r2.tagged_filter.fastq.gz, out1=fq_fp1_clmp_fp2_fqscrn_repaired/Leq-CMig_009-Ex1_L3_clmp.fp2_repr.R1.fq.gz, out2=fq_fp1_clmp_fp2_fqscrn_repaired/Leq-CMig_009-Ex1_L3_clmp.fp2_repr.R2.fq.gz, outs=fq_fp1_clmp_fp2_fqscrn_repaired/orphans/Leq-CMig_009-Ex1_L3_clmp.fp2_repr.orph.fq, repair]

Set INTERLEAVED to false
Started output stream.

Input:                  	5198887 reads 		729463317 bases.
Result:                 	5198887 reads (100.00%) 	729463317 bases (100.00%)
Pairs:                  	5056124 reads (97.25%) 	709376306 bases (97.25%)
Singletons:             	142763 reads (2.75%) 	20087011 bases (2.75%)

Time:                         	117.709 seconds.
Reads Processed:       5198k 	44.17k reads/sec
Bases Processed:        729m 	6.20m bases/sec
java -ea -Xmx23677m -cp /opt/conda/opt/bbmap-38.90-3/current/ jgi.SplitPairsAndSingles rp in1=fq_fp1_clmp_fp2_fqscrn/Leq-CMig_008-Ex1_L3_clmp.fp2_r1.tagged_filter.fastq.gz in2=fq_fp1_clmp_fp2_fqscrn/Leq-CMig_008-Ex1_L3_clmp.fp2_r2.tagged_filter.fastq.gz out1=fq_fp1_clmp_fp2_fqscrn_repaired/Leq-CMig_008-Ex1_L3_clmp.fp2_repr.R1.fq.gz out2=fq_fp1_clmp_fp2_fqscrn_repaired/Leq-CMig_008-Ex1_L3_clmp.fp2_repr.R2.fq.gz outs=fq_fp1_clmp_fp2_fqscrn_repaired/orphans/Leq-CMig_008-Ex1_L3_clmp.fp2_repr.orph.fq repair
Executing jgi.SplitPairsAndSingles [rp, in1=fq_fp1_clmp_fp2_fqscrn/Leq-CMig_008-Ex1_L3_clmp.fp2_r1.tagged_filter.fastq.gz, in2=fq_fp1_clmp_fp2_fqscrn/Leq-CMig_008-Ex1_L3_clmp.fp2_r2.tagged_filter.fastq.gz, out1=fq_fp1_clmp_fp2_fqscrn_repaired/Leq-CMig_008-Ex1_L3_clmp.fp2_repr.R1.fq.gz, out2=fq_fp1_clmp_fp2_fqscrn_repaired/Leq-CMig_008-Ex1_L3_clmp.fp2_repr.R2.fq.gz, outs=fq_fp1_clmp_fp2_fqscrn_repaired/orphans/Leq-CMig_008-Ex1_L3_clmp.fp2_repr.orph.fq, repair]

Set INTERLEAVED to false
Started output stream.

Input:                  	5548098 reads 		773993682 bases.
Result:                 	5548098 reads (100.00%) 	773993682 bases (100.00%)
Pairs:                  	5405994 reads (97.44%) 	754118721 bases (97.43%)
Singletons:             	142104 reads (2.56%) 	19874961 bases (2.57%)

Time:                         	129.513 seconds.
Reads Processed:       5548k 	42.84k reads/sec
Bases Processed:        773m 	5.98m bases/sec
java -ea -Xmx17716m -cp /opt/conda/opt/bbmap-38.90-3/current/ jgi.SplitPairsAndSingles rp in1=fq_fp1_clmp_fp2_fqscrn/Leq-CMig_005-Ex1_L3_clmp.fp2_r1.tagged_filter.fastq.gz in2=fq_fp1_clmp_fp2_fqscrn/Leq-CMig_005-Ex1_L3_clmp.fp2_r2.tagged_filter.fastq.gz out1=fq_fp1_clmp_fp2_fqscrn_repaired/Leq-CMig_005-Ex1_L3_clmp.fp2_repr.R1.fq.gz out2=fq_fp1_clmp_fp2_fqscrn_repaired/Leq-CMig_005-Ex1_L3_clmp.fp2_repr.R2.fq.gz outs=fq_fp1_clmp_fp2_fqscrn_repaired/orphans/Leq-CMig_005-Ex1_L3_clmp.fp2_repr.orph.fq repair
Executing jgi.SplitPairsAndSingles [rp, in1=fq_fp1_clmp_fp2_fqscrn/Leq-CMig_005-Ex1_L3_clmp.fp2_r1.tagged_filter.fastq.gz, in2=fq_fp1_clmp_fp2_fqscrn/Leq-CMig_005-Ex1_L3_clmp.fp2_r2.tagged_filter.fastq.gz, out1=fq_fp1_clmp_fp2_fqscrn_repaired/Leq-CMig_005-Ex1_L3_clmp.fp2_repr.R1.fq.gz, out2=fq_fp1_clmp_fp2_fqscrn_repaired/Leq-CMig_005-Ex1_L3_clmp.fp2_repr.R2.fq.gz, outs=fq_fp1_clmp_fp2_fqscrn_repaired/orphans/Leq-CMig_005-Ex1_L3_clmp.fp2_repr.orph.fq, repair]

Set INTERLEAVED to false
Started output stream.

Input:                  	8683323 reads 		1237984536 bases.
Result:                 	8683323 reads (100.00%) 	1237984536 bases (100.00%)
Pairs:                  	8411786 reads (96.87%) 	1199084662 bases (96.86%)
Singletons:             	271537 reads (3.13%) 	38899874 bases (3.14%)

Time:                         	196.085 seconds.
Reads Processed:       8683k 	44.28k reads/sec
Bases Processed:       1237m 	6.31m bases/sec
java -ea -Xmx22606m -cp /opt/conda/opt/bbmap-38.90-3/current/ jgi.SplitPairsAndSingles rp in1=fq_fp1_clmp_fp2_fqscrn/Leq-CMig_007-Ex1_L3_clmp.fp2_r1.tagged_filter.fastq.gz in2=fq_fp1_clmp_fp2_fqscrn/Leq-CMig_007-Ex1_L3_clmp.fp2_r2.tagged_filter.fastq.gz out1=fq_fp1_clmp_fp2_fqscrn_repaired/Leq-CMig_007-Ex1_L3_clmp.fp2_repr.R1.fq.gz out2=fq_fp1_clmp_fp2_fqscrn_repaired/Leq-CMig_007-Ex1_L3_clmp.fp2_repr.R2.fq.gz outs=fq_fp1_clmp_fp2_fqscrn_repaired/orphans/Leq-CMig_007-Ex1_L3_clmp.fp2_repr.orph.fq repair
Executing jgi.SplitPairsAndSingles [rp, in1=fq_fp1_clmp_fp2_fqscrn/Leq-CMig_007-Ex1_L3_clmp.fp2_r1.tagged_filter.fastq.gz, in2=fq_fp1_clmp_fp2_fqscrn/Leq-CMig_007-Ex1_L3_clmp.fp2_r2.tagged_filter.fastq.gz, out1=fq_fp1_clmp_fp2_fqscrn_repaired/Leq-CMig_007-Ex1_L3_clmp.fp2_repr.R1.fq.gz, out2=fq_fp1_clmp_fp2_fqscrn_repaired/Leq-CMig_007-Ex1_L3_clmp.fp2_repr.R2.fq.gz, outs=fq_fp1_clmp_fp2_fqscrn_repaired/orphans/Leq-CMig_007-Ex1_L3_clmp.fp2_repr.orph.fq, repair]

Set INTERLEAVED to false
Started output stream.

Input:                  	7977894 reads 		1107164535 bases.
Result:                 	7977894 reads (100.00%) 	1107164535 bases (100.00%)
Pairs:                  	7794514 reads (97.70%) 	1081679633 bases (97.70%)
Singletons:             	183380 reads (2.30%) 	25484902 bases (2.30%)

Time:                         	173.627 seconds.
Reads Processed:       7977k 	45.95k reads/sec
Bases Processed:       1107m 	6.38m bases/sec
java -ea -Xmx32331m -cp /opt/conda/opt/bbmap-38.90-3/current/ jgi.SplitPairsAndSingles rp in1=fq_fp1_clmp_fp2_fqscrn/Leq-CMig_020-Ex1_L3_clmp.fp2_r1.tagged_filter.fastq.gz in2=fq_fp1_clmp_fp2_fqscrn/Leq-CMig_020-Ex1_L3_clmp.fp2_r2.tagged_filter.fastq.gz out1=fq_fp1_clmp_fp2_fqscrn_repaired/Leq-CMig_020-Ex1_L3_clmp.fp2_repr.R1.fq.gz out2=fq_fp1_clmp_fp2_fqscrn_repaired/Leq-CMig_020-Ex1_L3_clmp.fp2_repr.R2.fq.gz outs=fq_fp1_clmp_fp2_fqscrn_repaired/orphans/Leq-CMig_020-Ex1_L3_clmp.fp2_repr.orph.fq repair
Executing jgi.SplitPairsAndSingles [rp, in1=fq_fp1_clmp_fp2_fqscrn/Leq-CMig_020-Ex1_L3_clmp.fp2_r1.tagged_filter.fastq.gz, in2=fq_fp1_clmp_fp2_fqscrn/Leq-CMig_020-Ex1_L3_clmp.fp2_r2.tagged_filter.fastq.gz, out1=fq_fp1_clmp_fp2_fqscrn_repaired/Leq-CMig_020-Ex1_L3_clmp.fp2_repr.R1.fq.gz, out2=fq_fp1_clmp_fp2_fqscrn_repaired/Leq-CMig_020-Ex1_L3_clmp.fp2_repr.R2.fq.gz, outs=fq_fp1_clmp_fp2_fqscrn_repaired/orphans/Leq-CMig_020-Ex1_L3_clmp.fp2_repr.orph.fq, repair]

Set INTERLEAVED to false
Started output stream.

Input:                  	2222767 reads 		308700349 bases.
Result:                 	2222767 reads (100.00%) 	308700349 bases (100.00%)
Pairs:                  	2168870 reads (97.58%) 	301172128 bases (97.56%)
Singletons:             	53897 reads (2.42%) 	7528221 bases (2.44%)

Time:                         	55.944 seconds.
Reads Processed:       2222k 	39.73k reads/sec
Bases Processed:        308m 	5.52m bases/sec
java -ea -Xmx156997m -cp /opt/conda/opt/bbmap-38.90-3/current/ jgi.SplitPairsAndSingles rp in1=fq_fp1_clmp_fp2_fqscrn/Leq-ABas_019_Ex1_L3_clmp.fp2_r1.tagged_filter.fastq.gz in2=fq_fp1_clmp_fp2_fqscrn/Leq-ABas_019_Ex1_L3_clmp.fp2_r2.tagged_filter.fastq.gz out1=fq_fp1_clmp_fp2_fqscrn_repaired/Leq-ABas_019_Ex1_L3_clmp.fp2_repr.R1.fq.gz out2=fq_fp1_clmp_fp2_fqscrn_repaired/Leq-ABas_019_Ex1_L3_clmp.fp2_repr.R2.fq.gz outs=fq_fp1_clmp_fp2_fqscrn_repaired/orphans/Leq-ABas_019_Ex1_L3_clmp.fp2_repr.orph.fq repair
Executing jgi.SplitPairsAndSingles [rp, in1=fq_fp1_clmp_fp2_fqscrn/Leq-ABas_019_Ex1_L3_clmp.fp2_r1.tagged_filter.fastq.gz, in2=fq_fp1_clmp_fp2_fqscrn/Leq-ABas_019_Ex1_L3_clmp.fp2_r2.tagged_filter.fastq.gz, out1=fq_fp1_clmp_fp2_fqscrn_repaired/Leq-ABas_019_Ex1_L3_clmp.fp2_repr.R1.fq.gz, out2=fq_fp1_clmp_fp2_fqscrn_repaired/Leq-ABas_019_Ex1_L3_clmp.fp2_repr.R2.fq.gz, outs=fq_fp1_clmp_fp2_fqscrn_repaired/orphans/Leq-ABas_019_Ex1_L3_clmp.fp2_repr.orph.fq, repair]

Set INTERLEAVED to false
Started output stream.

Input:                  	16208605 reads 		2197225971 bases.
Result:                 	16208605 reads (100.00%) 	2197225971 bases (100.00%)
Pairs:                  	15741190 reads (97.12%) 	2132992379 bases (97.08%)
Singletons:             	467415 reads (2.88%) 	64233592 bases (2.92%)

Time:                         	435.791 seconds.
Reads Processed:      16208k 	37.19k reads/sec
Bases Processed:       2197m 	5.04m bases/sec
java -ea -Xmx156974m -cp /opt/conda/opt/bbmap-38.90-3/current/ jgi.SplitPairsAndSingles rp in1=fq_fp1_clmp_fp2_fqscrn/Leq-ABas_029_Ex1_L3_clmp.fp2_r1.tagged_filter.fastq.gz in2=fq_fp1_clmp_fp2_fqscrn/Leq-ABas_029_Ex1_L3_clmp.fp2_r2.tagged_filter.fastq.gz out1=fq_fp1_clmp_fp2_fqscrn_repaired/Leq-ABas_029_Ex1_L3_clmp.fp2_repr.R1.fq.gz out2=fq_fp1_clmp_fp2_fqscrn_repaired/Leq-ABas_029_Ex1_L3_clmp.fp2_repr.R2.fq.gz outs=fq_fp1_clmp_fp2_fqscrn_repaired/orphans/Leq-ABas_029_Ex1_L3_clmp.fp2_repr.orph.fq repair
Executing jgi.SplitPairsAndSingles [rp, in1=fq_fp1_clmp_fp2_fqscrn/Leq-ABas_029_Ex1_L3_clmp.fp2_r1.tagged_filter.fastq.gz, in2=fq_fp1_clmp_fp2_fqscrn/Leq-ABas_029_Ex1_L3_clmp.fp2_r2.tagged_filter.fastq.gz, out1=fq_fp1_clmp_fp2_fqscrn_repaired/Leq-ABas_029_Ex1_L3_clmp.fp2_repr.R1.fq.gz, out2=fq_fp1_clmp_fp2_fqscrn_repaired/Leq-ABas_029_Ex1_L3_clmp.fp2_repr.R2.fq.gz, outs=fq_fp1_clmp_fp2_fqscrn_repaired/orphans/Leq-ABas_029_Ex1_L3_clmp.fp2_repr.orph.fq, repair]

Set INTERLEAVED to false
Started output stream.

Input:                  	16320771 reads 		2146948445 bases.
Result:                 	16320771 reads (100.00%) 	2146948445 bases (100.00%)
Pairs:                  	15831702 reads (97.00%) 	2081050189 bases (96.93%)
Singletons:             	489069 reads (3.00%) 	65898256 bases (3.07%)

Time:                         	446.200 seconds.
Reads Processed:      16320k 	36.58k reads/sec
Bases Processed:       2146m 	4.81m bases/sec
java -ea -Xmx103145m -cp /opt/conda/opt/bbmap-38.90-3/current/ jgi.SplitPairsAndSingles rp in1=fq_fp1_clmp_fp2_fqscrn/Leq-ABas_040_Ex1_L3_clmp.fp2_r1.tagged_filter.fastq.gz in2=fq_fp1_clmp_fp2_fqscrn/Leq-ABas_040_Ex1_L3_clmp.fp2_r2.tagged_filter.fastq.gz out1=fq_fp1_clmp_fp2_fqscrn_repaired/Leq-ABas_040_Ex1_L3_clmp.fp2_repr.R1.fq.gz out2=fq_fp1_clmp_fp2_fqscrn_repaired/Leq-ABas_040_Ex1_L3_clmp.fp2_repr.R2.fq.gz outs=fq_fp1_clmp_fp2_fqscrn_repaired/orphans/Leq-ABas_040_Ex1_L3_clmp.fp2_repr.orph.fq repair
Executing jgi.SplitPairsAndSingles [rp, in1=fq_fp1_clmp_fp2_fqscrn/Leq-ABas_040_Ex1_L3_clmp.fp2_r1.tagged_filter.fastq.gz, in2=fq_fp1_clmp_fp2_fqscrn/Leq-ABas_040_Ex1_L3_clmp.fp2_r2.tagged_filter.fastq.gz, out1=fq_fp1_clmp_fp2_fqscrn_repaired/Leq-ABas_040_Ex1_L3_clmp.fp2_repr.R1.fq.gz, out2=fq_fp1_clmp_fp2_fqscrn_repaired/Leq-ABas_040_Ex1_L3_clmp.fp2_repr.R2.fq.gz, outs=fq_fp1_clmp_fp2_fqscrn_repaired/orphans/Leq-ABas_040_Ex1_L3_clmp.fp2_repr.orph.fq, repair]

Set INTERLEAVED to false
Started output stream.

Input:                  	18164883 reads 		2364715034 bases.
Result:                 	18164883 reads (100.00%) 	2364715034 bases (100.00%)
Pairs:                  	17695306 reads (97.41%) 	2302444813 bases (97.37%)
Singletons:             	469577 reads (2.59%) 	62270221 bases (2.63%)

Time:                         	463.013 seconds.
Reads Processed:      18164k 	39.23k reads/sec
Bases Processed:       2364m 	5.11m bases/sec
java -ea -Xmx103145m -cp /opt/conda/opt/bbmap-38.90-3/current/ jgi.SplitPairsAndSingles rp in1=fq_fp1_clmp_fp2_fqscrn/Leq-ABas_036_Ex1_L3_clmp.fp2_r1.tagged_filter.fastq.gz in2=fq_fp1_clmp_fp2_fqscrn/Leq-ABas_036_Ex1_L3_clmp.fp2_r2.tagged_filter.fastq.gz out1=fq_fp1_clmp_fp2_fqscrn_repaired/Leq-ABas_036_Ex1_L3_clmp.fp2_repr.R1.fq.gz out2=fq_fp1_clmp_fp2_fqscrn_repaired/Leq-ABas_036_Ex1_L3_clmp.fp2_repr.R2.fq.gz outs=fq_fp1_clmp_fp2_fqscrn_repaired/orphans/Leq-ABas_036_Ex1_L3_clmp.fp2_repr.orph.fq repair
Executing jgi.SplitPairsAndSingles [rp, in1=fq_fp1_clmp_fp2_fqscrn/Leq-ABas_036_Ex1_L3_clmp.fp2_r1.tagged_filter.fastq.gz, in2=fq_fp1_clmp_fp2_fqscrn/Leq-ABas_036_Ex1_L3_clmp.fp2_r2.tagged_filter.fastq.gz, out1=fq_fp1_clmp_fp2_fqscrn_repaired/Leq-ABas_036_Ex1_L3_clmp.fp2_repr.R1.fq.gz, out2=fq_fp1_clmp_fp2_fqscrn_repaired/Leq-ABas_036_Ex1_L3_clmp.fp2_repr.R2.fq.gz, outs=fq_fp1_clmp_fp2_fqscrn_repaired/orphans/Leq-ABas_036_Ex1_L3_clmp.fp2_repr.orph.fq, repair]

Set INTERLEAVED to false
Started output stream.

Input:                  	18227513 reads 		2417346110 bases.
Result:                 	18227513 reads (100.00%) 	2417346110 bases (100.00%)
Pairs:                  	17713758 reads (97.18%) 	2347922739 bases (97.13%)
Singletons:             	513755 reads (2.82%) 	69423371 bases (2.87%)

Time:                         	466.029 seconds.
Reads Processed:      18227k 	39.11k reads/sec
Bases Processed:       2417m 	5.19m bases/sec
java -ea -Xmx156914m -cp /opt/conda/opt/bbmap-38.90-3/current/ jgi.SplitPairsAndSingles rp in1=fq_fp1_clmp_fp2_fqscrn/Leq-ABas_011_Ex1_L3_clmp.fp2_r1.tagged_filter.fastq.gz in2=fq_fp1_clmp_fp2_fqscrn/Leq-ABas_011_Ex1_L3_clmp.fp2_r2.tagged_filter.fastq.gz out1=fq_fp1_clmp_fp2_fqscrn_repaired/Leq-ABas_011_Ex1_L3_clmp.fp2_repr.R1.fq.gz out2=fq_fp1_clmp_fp2_fqscrn_repaired/Leq-ABas_011_Ex1_L3_clmp.fp2_repr.R2.fq.gz outs=fq_fp1_clmp_fp2_fqscrn_repaired/orphans/Leq-ABas_011_Ex1_L3_clmp.fp2_repr.orph.fq repair
Executing jgi.SplitPairsAndSingles [rp, in1=fq_fp1_clmp_fp2_fqscrn/Leq-ABas_011_Ex1_L3_clmp.fp2_r1.tagged_filter.fastq.gz, in2=fq_fp1_clmp_fp2_fqscrn/Leq-ABas_011_Ex1_L3_clmp.fp2_r2.tagged_filter.fastq.gz, out1=fq_fp1_clmp_fp2_fqscrn_repaired/Leq-ABas_011_Ex1_L3_clmp.fp2_repr.R1.fq.gz, out2=fq_fp1_clmp_fp2_fqscrn_repaired/Leq-ABas_011_Ex1_L3_clmp.fp2_repr.R2.fq.gz, outs=fq_fp1_clmp_fp2_fqscrn_repaired/orphans/Leq-ABas_011_Ex1_L3_clmp.fp2_repr.orph.fq, repair]

Set INTERLEAVED to false
Started output stream.

Input:                  	20008145 reads 		2659171073 bases.
Result:                 	20008145 reads (100.00%) 	2659171073 bases (100.00%)
Pairs:                  	19456216 reads (97.24%) 	2584937051 bases (97.21%)
Singletons:             	551929 reads (2.76%) 	74234022 bases (2.79%)

Time:                         	470.304 seconds.
Reads Processed:      20008k 	42.54k reads/sec
Bases Processed:       2659m 	5.65m bases/sec
java -ea -Xmx36196m -cp /opt/conda/opt/bbmap-38.90-3/current/ jgi.SplitPairsAndSingles rp in1=fq_fp1_clmp_fp2_fqscrn/Leq-CMig_030-Ex1_L3_clmp.fp2_r1.tagged_filter.fastq.gz in2=fq_fp1_clmp_fp2_fqscrn/Leq-CMig_030-Ex1_L3_clmp.fp2_r2.tagged_filter.fastq.gz out1=fq_fp1_clmp_fp2_fqscrn_repaired/Leq-CMig_030-Ex1_L3_clmp.fp2_repr.R1.fq.gz out2=fq_fp1_clmp_fp2_fqscrn_repaired/Leq-CMig_030-Ex1_L3_clmp.fp2_repr.R2.fq.gz outs=fq_fp1_clmp_fp2_fqscrn_repaired/orphans/Leq-CMig_030-Ex1_L3_clmp.fp2_repr.orph.fq repair
Executing jgi.SplitPairsAndSingles [rp, in1=fq_fp1_clmp_fp2_fqscrn/Leq-CMig_030-Ex1_L3_clmp.fp2_r1.tagged_filter.fastq.gz, in2=fq_fp1_clmp_fp2_fqscrn/Leq-CMig_030-Ex1_L3_clmp.fp2_r2.tagged_filter.fastq.gz, out1=fq_fp1_clmp_fp2_fqscrn_repaired/Leq-CMig_030-Ex1_L3_clmp.fp2_repr.R1.fq.gz, out2=fq_fp1_clmp_fp2_fqscrn_repaired/Leq-CMig_030-Ex1_L3_clmp.fp2_repr.R2.fq.gz, outs=fq_fp1_clmp_fp2_fqscrn_repaired/orphans/Leq-CMig_030-Ex1_L3_clmp.fp2_repr.orph.fq, repair]

Set INTERLEAVED to false
Started output stream.

Input:                  	1404704 reads 		199311588 bases.
Result:                 	1404704 reads (100.00%) 	199311588 bases (100.00%)
Pairs:                  	1358858 reads (96.74%) 	192748542 bases (96.71%)
Singletons:             	45846 reads (3.26%) 	6563046 bases (3.29%)

Time:                         	41.169 seconds.
Reads Processed:       1404k 	34.12k reads/sec
Bases Processed:        199m 	4.84m bases/sec
java -ea -Xmx156914m -cp /opt/conda/opt/bbmap-38.90-3/current/ jgi.SplitPairsAndSingles rp in1=fq_fp1_clmp_fp2_fqscrn/Leq-ABas_014_Ex1_L3_clmp.fp2_r1.tagged_filter.fastq.gz in2=fq_fp1_clmp_fp2_fqscrn/Leq-ABas_014_Ex1_L3_clmp.fp2_r2.tagged_filter.fastq.gz out1=fq_fp1_clmp_fp2_fqscrn_repaired/Leq-ABas_014_Ex1_L3_clmp.fp2_repr.R1.fq.gz out2=fq_fp1_clmp_fp2_fqscrn_repaired/Leq-ABas_014_Ex1_L3_clmp.fp2_repr.R2.fq.gz outs=fq_fp1_clmp_fp2_fqscrn_repaired/orphans/Leq-ABas_014_Ex1_L3_clmp.fp2_repr.orph.fq repair
Executing jgi.SplitPairsAndSingles [rp, in1=fq_fp1_clmp_fp2_fqscrn/Leq-ABas_014_Ex1_L3_clmp.fp2_r1.tagged_filter.fastq.gz, in2=fq_fp1_clmp_fp2_fqscrn/Leq-ABas_014_Ex1_L3_clmp.fp2_r2.tagged_filter.fastq.gz, out1=fq_fp1_clmp_fp2_fqscrn_repaired/Leq-ABas_014_Ex1_L3_clmp.fp2_repr.R1.fq.gz, out2=fq_fp1_clmp_fp2_fqscrn_repaired/Leq-ABas_014_Ex1_L3_clmp.fp2_repr.R2.fq.gz, outs=fq_fp1_clmp_fp2_fqscrn_repaired/orphans/Leq-ABas_014_Ex1_L3_clmp.fp2_repr.orph.fq, repair]

Set INTERLEAVED to false
Started output stream.

Input:                  	17952867 reads 		2394034526 bases.
Result:                 	17952867 reads (100.00%) 	2394034526 bases (100.00%)
Pairs:                  	17464212 reads (97.28%) 	2328528703 bases (97.26%)
Singletons:             	488655 reads (2.72%) 	65505823 bases (2.74%)

Time:                         	476.479 seconds.
Reads Processed:      17952k 	37.68k reads/sec
Bases Processed:       2394m 	5.02m bases/sec
java -ea -Xmx157005m -cp /opt/conda/opt/bbmap-38.90-3/current/ jgi.SplitPairsAndSingles rp in1=fq_fp1_clmp_fp2_fqscrn/Leq-ABas_026_Ex1_L3_clmp.fp2_r1.tagged_filter.fastq.gz in2=fq_fp1_clmp_fp2_fqscrn/Leq-ABas_026_Ex1_L3_clmp.fp2_r2.tagged_filter.fastq.gz out1=fq_fp1_clmp_fp2_fqscrn_repaired/Leq-ABas_026_Ex1_L3_clmp.fp2_repr.R1.fq.gz out2=fq_fp1_clmp_fp2_fqscrn_repaired/Leq-ABas_026_Ex1_L3_clmp.fp2_repr.R2.fq.gz outs=fq_fp1_clmp_fp2_fqscrn_repaired/orphans/Leq-ABas_026_Ex1_L3_clmp.fp2_repr.orph.fq repair
Executing jgi.SplitPairsAndSingles [rp, in1=fq_fp1_clmp_fp2_fqscrn/Leq-ABas_026_Ex1_L3_clmp.fp2_r1.tagged_filter.fastq.gz, in2=fq_fp1_clmp_fp2_fqscrn/Leq-ABas_026_Ex1_L3_clmp.fp2_r2.tagged_filter.fastq.gz, out1=fq_fp1_clmp_fp2_fqscrn_repaired/Leq-ABas_026_Ex1_L3_clmp.fp2_repr.R1.fq.gz, out2=fq_fp1_clmp_fp2_fqscrn_repaired/Leq-ABas_026_Ex1_L3_clmp.fp2_repr.R2.fq.gz, outs=fq_fp1_clmp_fp2_fqscrn_repaired/orphans/Leq-ABas_026_Ex1_L3_clmp.fp2_repr.orph.fq, repair]

Set INTERLEAVED to false
Started output stream.

Input:                  	18208253 reads 		2406451445 bases.
Result:                 	18208253 reads (100.00%) 	2406451445 bases (100.00%)
Pairs:                  	17707564 reads (97.25%) 	2338567253 bases (97.18%)
Singletons:             	500689 reads (2.75%) 	67884192 bases (2.82%)

Time:                         	482.775 seconds.
Reads Processed:      18208k 	37.72k reads/sec
Bases Processed:       2406m 	4.98m bases/sec
java -ea -Xmx156914m -cp /opt/conda/opt/bbmap-38.90-3/current/ jgi.SplitPairsAndSingles rp in1=fq_fp1_clmp_fp2_fqscrn/Leq-ABas_006_Ex1_L3_clmp.fp2_r1.tagged_filter.fastq.gz in2=fq_fp1_clmp_fp2_fqscrn/Leq-ABas_006_Ex1_L3_clmp.fp2_r2.tagged_filter.fastq.gz out1=fq_fp1_clmp_fp2_fqscrn_repaired/Leq-ABas_006_Ex1_L3_clmp.fp2_repr.R1.fq.gz out2=fq_fp1_clmp_fp2_fqscrn_repaired/Leq-ABas_006_Ex1_L3_clmp.fp2_repr.R2.fq.gz outs=fq_fp1_clmp_fp2_fqscrn_repaired/orphans/Leq-ABas_006_Ex1_L3_clmp.fp2_repr.orph.fq repair
Executing jgi.SplitPairsAndSingles [rp, in1=fq_fp1_clmp_fp2_fqscrn/Leq-ABas_006_Ex1_L3_clmp.fp2_r1.tagged_filter.fastq.gz, in2=fq_fp1_clmp_fp2_fqscrn/Leq-ABas_006_Ex1_L3_clmp.fp2_r2.tagged_filter.fastq.gz, out1=fq_fp1_clmp_fp2_fqscrn_repaired/Leq-ABas_006_Ex1_L3_clmp.fp2_repr.R1.fq.gz, out2=fq_fp1_clmp_fp2_fqscrn_repaired/Leq-ABas_006_Ex1_L3_clmp.fp2_repr.R2.fq.gz, outs=fq_fp1_clmp_fp2_fqscrn_repaired/orphans/Leq-ABas_006_Ex1_L3_clmp.fp2_repr.orph.fq, repair]

Set INTERLEAVED to false
Started output stream.

Input:                  	17729736 reads 		2376354248 bases.
Result:                 	17729736 reads (100.00%) 	2376354248 bases (100.00%)
Pairs:                  	17168088 reads (96.83%) 	2301081066 bases (96.83%)
Singletons:             	561648 reads (3.17%) 	75273182 bases (3.17%)

Time:                         	483.210 seconds.
Reads Processed:      17729k 	36.69k reads/sec
Bases Processed:       2376m 	4.92m bases/sec
java -ea -Xmx32331m -cp /opt/conda/opt/bbmap-38.90-3/current/ jgi.SplitPairsAndSingles rp in1=fq_fp1_clmp_fp2_fqscrn/Leq-CMig_017-Ex1_L3_clmp.fp2_r1.tagged_filter.fastq.gz in2=fq_fp1_clmp_fp2_fqscrn/Leq-CMig_017-Ex1_L3_clmp.fp2_r2.tagged_filter.fastq.gz out1=fq_fp1_clmp_fp2_fqscrn_repaired/Leq-CMig_017-Ex1_L3_clmp.fp2_repr.R1.fq.gz out2=fq_fp1_clmp_fp2_fqscrn_repaired/Leq-CMig_017-Ex1_L3_clmp.fp2_repr.R2.fq.gz outs=fq_fp1_clmp_fp2_fqscrn_repaired/orphans/Leq-CMig_017-Ex1_L3_clmp.fp2_repr.orph.fq repair
Executing jgi.SplitPairsAndSingles [rp, in1=fq_fp1_clmp_fp2_fqscrn/Leq-CMig_017-Ex1_L3_clmp.fp2_r1.tagged_filter.fastq.gz, in2=fq_fp1_clmp_fp2_fqscrn/Leq-CMig_017-Ex1_L3_clmp.fp2_r2.tagged_filter.fastq.gz, out1=fq_fp1_clmp_fp2_fqscrn_repaired/Leq-CMig_017-Ex1_L3_clmp.fp2_repr.R1.fq.gz, out2=fq_fp1_clmp_fp2_fqscrn_repaired/Leq-CMig_017-Ex1_L3_clmp.fp2_repr.R2.fq.gz, outs=fq_fp1_clmp_fp2_fqscrn_repaired/orphans/Leq-CMig_017-Ex1_L3_clmp.fp2_repr.orph.fq, repair]

Set INTERLEAVED to false
Started output stream.

Input:                  	4366226 reads 		619383473 bases.
Result:                 	4366226 reads (100.00%) 	619383473 bases (100.00%)
Pairs:                  	4233410 reads (96.96%) 	600459522 bases (96.94%)
Singletons:             	132816 reads (3.04%) 	18923951 bases (3.06%)

Time:                         	107.630 seconds.
Reads Processed:       4366k 	40.57k reads/sec
Bases Processed:        619m 	5.75m bases/sec
java -ea -Xmx156999m -cp /opt/conda/opt/bbmap-38.90-3/current/ jgi.SplitPairsAndSingles rp in1=fq_fp1_clmp_fp2_fqscrn/Leq-ABas_022_Ex1_L3_clmp.fp2_r1.tagged_filter.fastq.gz in2=fq_fp1_clmp_fp2_fqscrn/Leq-ABas_022_Ex1_L3_clmp.fp2_r2.tagged_filter.fastq.gz out1=fq_fp1_clmp_fp2_fqscrn_repaired/Leq-ABas_022_Ex1_L3_clmp.fp2_repr.R1.fq.gz out2=fq_fp1_clmp_fp2_fqscrn_repaired/Leq-ABas_022_Ex1_L3_clmp.fp2_repr.R2.fq.gz outs=fq_fp1_clmp_fp2_fqscrn_repaired/orphans/Leq-ABas_022_Ex1_L3_clmp.fp2_repr.orph.fq repair
Executing jgi.SplitPairsAndSingles [rp, in1=fq_fp1_clmp_fp2_fqscrn/Leq-ABas_022_Ex1_L3_clmp.fp2_r1.tagged_filter.fastq.gz, in2=fq_fp1_clmp_fp2_fqscrn/Leq-ABas_022_Ex1_L3_clmp.fp2_r2.tagged_filter.fastq.gz, out1=fq_fp1_clmp_fp2_fqscrn_repaired/Leq-ABas_022_Ex1_L3_clmp.fp2_repr.R1.fq.gz, out2=fq_fp1_clmp_fp2_fqscrn_repaired/Leq-ABas_022_Ex1_L3_clmp.fp2_repr.R2.fq.gz, outs=fq_fp1_clmp_fp2_fqscrn_repaired/orphans/Leq-ABas_022_Ex1_L3_clmp.fp2_repr.orph.fq, repair]

Set INTERLEAVED to false
Started output stream.

Input:                  	18014279 reads 		2375022960 bases.
Result:                 	18014279 reads (100.00%) 	2375022960 bases (100.00%)
Pairs:                  	17472904 reads (96.99%) 	2303000313 bases (96.97%)
Singletons:             	541375 reads (3.01%) 	72022647 bases (3.03%)

Time:                         	486.700 seconds.
Reads Processed:      18014k 	37.01k reads/sec
Bases Processed:       2375m 	4.88m bases/sec
java -ea -Xmx27633m -cp /opt/conda/opt/bbmap-38.90-3/current/ jgi.SplitPairsAndSingles rp in1=fq_fp1_clmp_fp2_fqscrn/Leq-CMig_015-Ex1_L3_clmp.fp2_r1.tagged_filter.fastq.gz in2=fq_fp1_clmp_fp2_fqscrn/Leq-CMig_015-Ex1_L3_clmp.fp2_r2.tagged_filter.fastq.gz out1=fq_fp1_clmp_fp2_fqscrn_repaired/Leq-CMig_015-Ex1_L3_clmp.fp2_repr.R1.fq.gz out2=fq_fp1_clmp_fp2_fqscrn_repaired/Leq-CMig_015-Ex1_L3_clmp.fp2_repr.R2.fq.gz outs=fq_fp1_clmp_fp2_fqscrn_repaired/orphans/Leq-CMig_015-Ex1_L3_clmp.fp2_repr.orph.fq repair
Executing jgi.SplitPairsAndSingles [rp, in1=fq_fp1_clmp_fp2_fqscrn/Leq-CMig_015-Ex1_L3_clmp.fp2_r1.tagged_filter.fastq.gz, in2=fq_fp1_clmp_fp2_fqscrn/Leq-CMig_015-Ex1_L3_clmp.fp2_r2.tagged_filter.fastq.gz, out1=fq_fp1_clmp_fp2_fqscrn_repaired/Leq-CMig_015-Ex1_L3_clmp.fp2_repr.R1.fq.gz, out2=fq_fp1_clmp_fp2_fqscrn_repaired/Leq-CMig_015-Ex1_L3_clmp.fp2_repr.R2.fq.gz, outs=fq_fp1_clmp_fp2_fqscrn_repaired/orphans/Leq-CMig_015-Ex1_L3_clmp.fp2_repr.orph.fq, repair]

Set INTERLEAVED to false
Started output stream.

Input:                  	5999679 reads 		849755895 bases.
Result:                 	5999679 reads (100.00%) 	849755895 bases (100.00%)
Pairs:                  	5825608 reads (97.10%) 	824992379 bases (97.09%)
Singletons:             	174071 reads (2.90%) 	24763516 bases (2.91%)

Time:                         	150.496 seconds.
Reads Processed:       5999k 	39.87k reads/sec
Bases Processed:        849m 	5.65m bases/sec
java -ea -Xmx32761m -cp /opt/conda/opt/bbmap-38.90-3/current/ jgi.SplitPairsAndSingles rp in1=fq_fp1_clmp_fp2_fqscrn/Leq-CMig_021-Ex1_L3_clmp.fp2_r1.tagged_filter.fastq.gz in2=fq_fp1_clmp_fp2_fqscrn/Leq-CMig_021-Ex1_L3_clmp.fp2_r2.tagged_filter.fastq.gz out1=fq_fp1_clmp_fp2_fqscrn_repaired/Leq-CMig_021-Ex1_L3_clmp.fp2_repr.R1.fq.gz out2=fq_fp1_clmp_fp2_fqscrn_repaired/Leq-CMig_021-Ex1_L3_clmp.fp2_repr.R2.fq.gz outs=fq_fp1_clmp_fp2_fqscrn_repaired/orphans/Leq-CMig_021-Ex1_L3_clmp.fp2_repr.orph.fq repair
Executing jgi.SplitPairsAndSingles [rp, in1=fq_fp1_clmp_fp2_fqscrn/Leq-CMig_021-Ex1_L3_clmp.fp2_r1.tagged_filter.fastq.gz, in2=fq_fp1_clmp_fp2_fqscrn/Leq-CMig_021-Ex1_L3_clmp.fp2_r2.tagged_filter.fastq.gz, out1=fq_fp1_clmp_fp2_fqscrn_repaired/Leq-CMig_021-Ex1_L3_clmp.fp2_repr.R1.fq.gz, out2=fq_fp1_clmp_fp2_fqscrn_repaired/Leq-CMig_021-Ex1_L3_clmp.fp2_repr.R2.fq.gz, outs=fq_fp1_clmp_fp2_fqscrn_repaired/orphans/Leq-CMig_021-Ex1_L3_clmp.fp2_repr.orph.fq, repair]

Set INTERLEAVED to false
Started output stream.

Input:                  	4029582 reads 		565759107 bases.
Result:                 	4029582 reads (100.00%) 	565759107 bases (100.00%)
Pairs:                  	3922412 reads (97.34%) 	550672746 bases (97.33%)
Singletons:             	107170 reads (2.66%) 	15086361 bases (2.67%)

Time:                         	109.841 seconds.
Reads Processed:       4029k 	36.69k reads/sec
Bases Processed:        565m 	5.15m bases/sec
java -ea -Xmx7687m -cp /opt/conda/opt/bbmap-38.90-3/current/ jgi.SplitPairsAndSingles rp in1=fq_fp1_clmp_fp2_fqscrn/Leq-ABas_052_Ex1_L3_clmp.fp2_r1.tagged_filter.fastq.gz in2=fq_fp1_clmp_fp2_fqscrn/Leq-ABas_052_Ex1_L3_clmp.fp2_r2.tagged_filter.fastq.gz out1=fq_fp1_clmp_fp2_fqscrn_repaired/Leq-ABas_052_Ex1_L3_clmp.fp2_repr.R1.fq.gz out2=fq_fp1_clmp_fp2_fqscrn_repaired/Leq-ABas_052_Ex1_L3_clmp.fp2_repr.R2.fq.gz outs=fq_fp1_clmp_fp2_fqscrn_repaired/orphans/Leq-ABas_052_Ex1_L3_clmp.fp2_repr.orph.fq repair
Executing jgi.SplitPairsAndSingles [rp, in1=fq_fp1_clmp_fp2_fqscrn/Leq-ABas_052_Ex1_L3_clmp.fp2_r1.tagged_filter.fastq.gz, in2=fq_fp1_clmp_fp2_fqscrn/Leq-ABas_052_Ex1_L3_clmp.fp2_r2.tagged_filter.fastq.gz, out1=fq_fp1_clmp_fp2_fqscrn_repaired/Leq-ABas_052_Ex1_L3_clmp.fp2_repr.R1.fq.gz, out2=fq_fp1_clmp_fp2_fqscrn_repaired/Leq-ABas_052_Ex1_L3_clmp.fp2_repr.R2.fq.gz, outs=fq_fp1_clmp_fp2_fqscrn_repaired/orphans/Leq-ABas_052_Ex1_L3_clmp.fp2_repr.orph.fq, repair]

Set INTERLEAVED to false
Started output stream.

Input:                  	14292737 reads 		1849939335 bases.
Result:                 	14292737 reads (100.00%) 	1849939335 bases (100.00%)
Pairs:                  	13953774 reads (97.63%) 	1805494068 bases (97.60%)
Singletons:             	338963 reads (2.37%) 	44445267 bases (2.40%)

Time:                         	356.986 seconds.
Reads Processed:      14292k 	40.04k reads/sec
Bases Processed:       1849m 	5.18m bases/sec
java -ea -Xmx27482m -cp /opt/conda/opt/bbmap-38.90-3/current/ jgi.SplitPairsAndSingles rp in1=fq_fp1_clmp_fp2_fqscrn/Leq-CMig_014-Ex1_L3_clmp.fp2_r1.tagged_filter.fastq.gz in2=fq_fp1_clmp_fp2_fqscrn/Leq-CMig_014-Ex1_L3_clmp.fp2_r2.tagged_filter.fastq.gz out1=fq_fp1_clmp_fp2_fqscrn_repaired/Leq-CMig_014-Ex1_L3_clmp.fp2_repr.R1.fq.gz out2=fq_fp1_clmp_fp2_fqscrn_repaired/Leq-CMig_014-Ex1_L3_clmp.fp2_repr.R2.fq.gz outs=fq_fp1_clmp_fp2_fqscrn_repaired/orphans/Leq-CMig_014-Ex1_L3_clmp.fp2_repr.orph.fq repair
Executing jgi.SplitPairsAndSingles [rp, in1=fq_fp1_clmp_fp2_fqscrn/Leq-CMig_014-Ex1_L3_clmp.fp2_r1.tagged_filter.fastq.gz, in2=fq_fp1_clmp_fp2_fqscrn/Leq-CMig_014-Ex1_L3_clmp.fp2_r2.tagged_filter.fastq.gz, out1=fq_fp1_clmp_fp2_fqscrn_repaired/Leq-CMig_014-Ex1_L3_clmp.fp2_repr.R1.fq.gz, out2=fq_fp1_clmp_fp2_fqscrn_repaired/Leq-CMig_014-Ex1_L3_clmp.fp2_repr.R2.fq.gz, outs=fq_fp1_clmp_fp2_fqscrn_repaired/orphans/Leq-CMig_014-Ex1_L3_clmp.fp2_repr.orph.fq, repair]

Set INTERLEAVED to false
Started output stream.

Input:                  	8576064 reads 		1215506195 bases.
Result:                 	8576064 reads (100.00%) 	1215506195 bases (100.00%)
Pairs:                  	8340750 reads (97.26%) 	1182163055 bases (97.26%)
Singletons:             	235314 reads (2.74%) 	33343140 bases (2.74%)

Time:                         	208.882 seconds.
Reads Processed:       8576k 	41.06k reads/sec
Bases Processed:       1215m 	5.82m bases/sec
java -ea -Xmx26803m -cp /opt/conda/opt/bbmap-38.90-3/current/ jgi.SplitPairsAndSingles rp in1=fq_fp1_clmp_fp2_fqscrn/Leq-CMig_012-Ex1_L3_clmp.fp2_r1.tagged_filter.fastq.gz in2=fq_fp1_clmp_fp2_fqscrn/Leq-CMig_012-Ex1_L3_clmp.fp2_r2.tagged_filter.fastq.gz out1=fq_fp1_clmp_fp2_fqscrn_repaired/Leq-CMig_012-Ex1_L3_clmp.fp2_repr.R1.fq.gz out2=fq_fp1_clmp_fp2_fqscrn_repaired/Leq-CMig_012-Ex1_L3_clmp.fp2_repr.R2.fq.gz outs=fq_fp1_clmp_fp2_fqscrn_repaired/orphans/Leq-CMig_012-Ex1_L3_clmp.fp2_repr.orph.fq repair
Executing jgi.SplitPairsAndSingles [rp, in1=fq_fp1_clmp_fp2_fqscrn/Leq-CMig_012-Ex1_L3_clmp.fp2_r1.tagged_filter.fastq.gz, in2=fq_fp1_clmp_fp2_fqscrn/Leq-CMig_012-Ex1_L3_clmp.fp2_r2.tagged_filter.fastq.gz, out1=fq_fp1_clmp_fp2_fqscrn_repaired/Leq-CMig_012-Ex1_L3_clmp.fp2_repr.R1.fq.gz, out2=fq_fp1_clmp_fp2_fqscrn_repaired/Leq-CMig_012-Ex1_L3_clmp.fp2_repr.R2.fq.gz, outs=fq_fp1_clmp_fp2_fqscrn_repaired/orphans/Leq-CMig_012-Ex1_L3_clmp.fp2_repr.orph.fq, repair]

Set INTERLEAVED to false
Started output stream.

Input:                  	8965934 reads 		1269969727 bases.
Result:                 	8965934 reads (100.00%) 	1269969727 bases (100.00%)
Pairs:                  	8704394 reads (97.08%) 	1232826774 bases (97.08%)
Singletons:             	261540 reads (2.92%) 	37142953 bases (2.92%)

Time:                         	218.694 seconds.
Reads Processed:       8965k 	41.00k reads/sec
Bases Processed:       1269m 	5.81m bases/sec
java -ea -Xmx156962m -cp /opt/conda/opt/bbmap-38.90-3/current/ jgi.SplitPairsAndSingles rp in1=fq_fp1_clmp_fp2_fqscrn/Leq-ABas_018_Ex1_L3_clmp.fp2_r1.tagged_filter.fastq.gz in2=fq_fp1_clmp_fp2_fqscrn/Leq-ABas_018_Ex1_L3_clmp.fp2_r2.tagged_filter.fastq.gz out1=fq_fp1_clmp_fp2_fqscrn_repaired/Leq-ABas_018_Ex1_L3_clmp.fp2_repr.R1.fq.gz out2=fq_fp1_clmp_fp2_fqscrn_repaired/Leq-ABas_018_Ex1_L3_clmp.fp2_repr.R2.fq.gz outs=fq_fp1_clmp_fp2_fqscrn_repaired/orphans/Leq-ABas_018_Ex1_L3_clmp.fp2_repr.orph.fq repair
Executing jgi.SplitPairsAndSingles [rp, in1=fq_fp1_clmp_fp2_fqscrn/Leq-ABas_018_Ex1_L3_clmp.fp2_r1.tagged_filter.fastq.gz, in2=fq_fp1_clmp_fp2_fqscrn/Leq-ABas_018_Ex1_L3_clmp.fp2_r2.tagged_filter.fastq.gz, out1=fq_fp1_clmp_fp2_fqscrn_repaired/Leq-ABas_018_Ex1_L3_clmp.fp2_repr.R1.fq.gz, out2=fq_fp1_clmp_fp2_fqscrn_repaired/Leq-ABas_018_Ex1_L3_clmp.fp2_repr.R2.fq.gz, outs=fq_fp1_clmp_fp2_fqscrn_repaired/orphans/Leq-ABas_018_Ex1_L3_clmp.fp2_repr.orph.fq, repair]

Set INTERLEAVED to false
Started output stream.

Input:                  	20659159 reads 		2766912514 bases.
Result:                 	20659159 reads (100.00%) 	2766912514 bases (100.00%)
Pairs:                  	20026416 reads (96.94%) 	2681369818 bases (96.91%)
Singletons:             	632743 reads (3.06%) 	85542696 bases (3.09%)

Time:                         	543.528 seconds.
Reads Processed:      20659k 	38.01k reads/sec
Bases Processed:       2766m 	5.09m bases/sec
java -ea -Xmx103080m -cp /opt/conda/opt/bbmap-38.90-3/current/ jgi.SplitPairsAndSingles rp in1=fq_fp1_clmp_fp2_fqscrn/Leq-ABas_042_Ex1_L3_clmp.fp2_r1.tagged_filter.fastq.gz in2=fq_fp1_clmp_fp2_fqscrn/Leq-ABas_042_Ex1_L3_clmp.fp2_r2.tagged_filter.fastq.gz out1=fq_fp1_clmp_fp2_fqscrn_repaired/Leq-ABas_042_Ex1_L3_clmp.fp2_repr.R1.fq.gz out2=fq_fp1_clmp_fp2_fqscrn_repaired/Leq-ABas_042_Ex1_L3_clmp.fp2_repr.R2.fq.gz outs=fq_fp1_clmp_fp2_fqscrn_repaired/orphans/Leq-ABas_042_Ex1_L3_clmp.fp2_repr.orph.fq repair
Executing jgi.SplitPairsAndSingles [rp, in1=fq_fp1_clmp_fp2_fqscrn/Leq-ABas_042_Ex1_L3_clmp.fp2_r1.tagged_filter.fastq.gz, in2=fq_fp1_clmp_fp2_fqscrn/Leq-ABas_042_Ex1_L3_clmp.fp2_r2.tagged_filter.fastq.gz, out1=fq_fp1_clmp_fp2_fqscrn_repaired/Leq-ABas_042_Ex1_L3_clmp.fp2_repr.R1.fq.gz, out2=fq_fp1_clmp_fp2_fqscrn_repaired/Leq-ABas_042_Ex1_L3_clmp.fp2_repr.R2.fq.gz, outs=fq_fp1_clmp_fp2_fqscrn_repaired/orphans/Leq-ABas_042_Ex1_L3_clmp.fp2_repr.orph.fq, repair]

Set INTERLEAVED to false
Started output stream.

Input:                  	20814347 reads 		2678194996 bases.
Result:                 	20814347 reads (100.00%) 	2678194996 bases (100.00%)
Pairs:                  	20261000 reads (97.34%) 	2605004138 bases (97.27%)
Singletons:             	553347 reads (2.66%) 	73190858 bases (2.73%)

Time:                         	553.878 seconds.
Reads Processed:      20814k 	37.58k reads/sec
Bases Processed:       2678m 	4.84m bases/sec
java -ea -Xmx35682m -cp /opt/conda/opt/bbmap-38.90-3/current/ jgi.SplitPairsAndSingles rp in1=fq_fp1_clmp_fp2_fqscrn/Leq-CMig_028-Ex1_L3_clmp.fp2_r1.tagged_filter.fastq.gz in2=fq_fp1_clmp_fp2_fqscrn/Leq-CMig_028-Ex1_L3_clmp.fp2_r2.tagged_filter.fastq.gz out1=fq_fp1_clmp_fp2_fqscrn_repaired/Leq-CMig_028-Ex1_L3_clmp.fp2_repr.R1.fq.gz out2=fq_fp1_clmp_fp2_fqscrn_repaired/Leq-CMig_028-Ex1_L3_clmp.fp2_repr.R2.fq.gz outs=fq_fp1_clmp_fp2_fqscrn_repaired/orphans/Leq-CMig_028-Ex1_L3_clmp.fp2_repr.orph.fq repair
Executing jgi.SplitPairsAndSingles [rp, in1=fq_fp1_clmp_fp2_fqscrn/Leq-CMig_028-Ex1_L3_clmp.fp2_r1.tagged_filter.fastq.gz, in2=fq_fp1_clmp_fp2_fqscrn/Leq-CMig_028-Ex1_L3_clmp.fp2_r2.tagged_filter.fastq.gz, out1=fq_fp1_clmp_fp2_fqscrn_repaired/Leq-CMig_028-Ex1_L3_clmp.fp2_repr.R1.fq.gz, out2=fq_fp1_clmp_fp2_fqscrn_repaired/Leq-CMig_028-Ex1_L3_clmp.fp2_repr.R2.fq.gz, outs=fq_fp1_clmp_fp2_fqscrn_repaired/orphans/Leq-CMig_028-Ex1_L3_clmp.fp2_repr.orph.fq, repair]

Set INTERLEAVED to false
Started output stream.

Input:                  	5393171 reads 		764688008 bases.
Result:                 	5393171 reads (100.00%) 	764688008 bases (100.00%)
Pairs:                  	5232812 reads (97.03%) 	741941145 bases (97.03%)
Singletons:             	160359 reads (2.97%) 	22746863 bases (2.97%)

Time:                         	141.400 seconds.
Reads Processed:       5393k 	38.14k reads/sec
Bases Processed:        764m 	5.41m bases/sec
java -ea -Xmx36569m -cp /opt/conda/opt/bbmap-38.90-3/current/ jgi.SplitPairsAndSingles rp in1=fq_fp1_clmp_fp2_fqscrn/Leq-CMig_033-Ex1_L3_clmp.fp2_r1.tagged_filter.fastq.gz in2=fq_fp1_clmp_fp2_fqscrn/Leq-CMig_033-Ex1_L3_clmp.fp2_r2.tagged_filter.fastq.gz out1=fq_fp1_clmp_fp2_fqscrn_repaired/Leq-CMig_033-Ex1_L3_clmp.fp2_repr.R1.fq.gz out2=fq_fp1_clmp_fp2_fqscrn_repaired/Leq-CMig_033-Ex1_L3_clmp.fp2_repr.R2.fq.gz outs=fq_fp1_clmp_fp2_fqscrn_repaired/orphans/Leq-CMig_033-Ex1_L3_clmp.fp2_repr.orph.fq repair
Executing jgi.SplitPairsAndSingles [rp, in1=fq_fp1_clmp_fp2_fqscrn/Leq-CMig_033-Ex1_L3_clmp.fp2_r1.tagged_filter.fastq.gz, in2=fq_fp1_clmp_fp2_fqscrn/Leq-CMig_033-Ex1_L3_clmp.fp2_r2.tagged_filter.fastq.gz, out1=fq_fp1_clmp_fp2_fqscrn_repaired/Leq-CMig_033-Ex1_L3_clmp.fp2_repr.R1.fq.gz, out2=fq_fp1_clmp_fp2_fqscrn_repaired/Leq-CMig_033-Ex1_L3_clmp.fp2_repr.R2.fq.gz, outs=fq_fp1_clmp_fp2_fqscrn_repaired/orphans/Leq-CMig_033-Ex1_L3_clmp.fp2_repr.orph.fq, repair]

Set INTERLEAVED to false
Started output stream.

Input:                  	4913047 reads 		697882346 bases.
Result:                 	4913047 reads (100.00%) 	697882346 bases (100.00%)
Pairs:                  	4763126 reads (96.95%) 	676526193 bases (96.94%)
Singletons:             	149921 reads (3.05%) 	21356153 bases (3.06%)

Time:                         	126.203 seconds.
Reads Processed:       4913k 	38.93k reads/sec
Bases Processed:        697m 	5.53m bases/sec
java -ea -Xmx43273m -cp /opt/conda/opt/bbmap-38.90-3/current/ jgi.SplitPairsAndSingles rp in1=fq_fp1_clmp_fp2_fqscrn/Leq-CMig_042-Ex1_L3_clmp.fp2_r1.tagged_filter.fastq.gz in2=fq_fp1_clmp_fp2_fqscrn/Leq-CMig_042-Ex1_L3_clmp.fp2_r2.tagged_filter.fastq.gz out1=fq_fp1_clmp_fp2_fqscrn_repaired/Leq-CMig_042-Ex1_L3_clmp.fp2_repr.R1.fq.gz out2=fq_fp1_clmp_fp2_fqscrn_repaired/Leq-CMig_042-Ex1_L3_clmp.fp2_repr.R2.fq.gz outs=fq_fp1_clmp_fp2_fqscrn_repaired/orphans/Leq-CMig_042-Ex1_L3_clmp.fp2_repr.orph.fq repair
Executing jgi.SplitPairsAndSingles [rp, in1=fq_fp1_clmp_fp2_fqscrn/Leq-CMig_042-Ex1_L3_clmp.fp2_r1.tagged_filter.fastq.gz, in2=fq_fp1_clmp_fp2_fqscrn/Leq-CMig_042-Ex1_L3_clmp.fp2_r2.tagged_filter.fastq.gz, out1=fq_fp1_clmp_fp2_fqscrn_repaired/Leq-CMig_042-Ex1_L3_clmp.fp2_repr.R1.fq.gz, out2=fq_fp1_clmp_fp2_fqscrn_repaired/Leq-CMig_042-Ex1_L3_clmp.fp2_repr.R2.fq.gz, outs=fq_fp1_clmp_fp2_fqscrn_repaired/orphans/Leq-CMig_042-Ex1_L3_clmp.fp2_repr.orph.fq, repair]

Set INTERLEAVED to false
Started output stream.

Input:                  	3802276 reads 		526575574 bases.
Result:                 	3802276 reads (100.00%) 	526575574 bases (100.00%)
Pairs:                  	3705194 reads (97.45%) 	513104794 bases (97.44%)
Singletons:             	97082 reads (2.55%) 	13470780 bases (2.56%)

Time:                         	92.772 seconds.
Reads Processed:       3802k 	40.98k reads/sec
Bases Processed:        526m 	5.68m bases/sec
java -ea -Xmx32600m -cp /opt/conda/opt/bbmap-38.90-3/current/ jgi.SplitPairsAndSingles rp in1=fq_fp1_clmp_fp2_fqscrn/Leq-CMig_022-Ex1_L3_clmp.fp2_r1.tagged_filter.fastq.gz in2=fq_fp1_clmp_fp2_fqscrn/Leq-CMig_022-Ex1_L3_clmp.fp2_r2.tagged_filter.fastq.gz out1=fq_fp1_clmp_fp2_fqscrn_repaired/Leq-CMig_022-Ex1_L3_clmp.fp2_repr.R1.fq.gz out2=fq_fp1_clmp_fp2_fqscrn_repaired/Leq-CMig_022-Ex1_L3_clmp.fp2_repr.R2.fq.gz outs=fq_fp1_clmp_fp2_fqscrn_repaired/orphans/Leq-CMig_022-Ex1_L3_clmp.fp2_repr.orph.fq repair
Executing jgi.SplitPairsAndSingles [rp, in1=fq_fp1_clmp_fp2_fqscrn/Leq-CMig_022-Ex1_L3_clmp.fp2_r1.tagged_filter.fastq.gz, in2=fq_fp1_clmp_fp2_fqscrn/Leq-CMig_022-Ex1_L3_clmp.fp2_r2.tagged_filter.fastq.gz, out1=fq_fp1_clmp_fp2_fqscrn_repaired/Leq-CMig_022-Ex1_L3_clmp.fp2_repr.R1.fq.gz, out2=fq_fp1_clmp_fp2_fqscrn_repaired/Leq-CMig_022-Ex1_L3_clmp.fp2_repr.R2.fq.gz, outs=fq_fp1_clmp_fp2_fqscrn_repaired/orphans/Leq-CMig_022-Ex1_L3_clmp.fp2_repr.orph.fq, repair]

Set INTERLEAVED to false
Started output stream.

Input:                  	7863460 reads 		1112917855 bases.
Result:                 	7863460 reads (100.00%) 	1112917855 bases (100.00%)
Pairs:                  	7630110 reads (97.03%) 	1079668824 bases (97.01%)
Singletons:             	233350 reads (2.97%) 	33249031 bases (2.99%)

Time:                         	193.944 seconds.
Reads Processed:       7863k 	40.54k reads/sec
Bases Processed:       1112m 	5.74m bases/sec
java -ea -Xmx156999m -cp /opt/conda/opt/bbmap-38.90-3/current/ jgi.SplitPairsAndSingles rp in1=fq_fp1_clmp_fp2_fqscrn/Leq-ABas_021_Ex1_L3_clmp.fp2_r1.tagged_filter.fastq.gz in2=fq_fp1_clmp_fp2_fqscrn/Leq-ABas_021_Ex1_L3_clmp.fp2_r2.tagged_filter.fastq.gz out1=fq_fp1_clmp_fp2_fqscrn_repaired/Leq-ABas_021_Ex1_L3_clmp.fp2_repr.R1.fq.gz out2=fq_fp1_clmp_fp2_fqscrn_repaired/Leq-ABas_021_Ex1_L3_clmp.fp2_repr.R2.fq.gz outs=fq_fp1_clmp_fp2_fqscrn_repaired/orphans/Leq-ABas_021_Ex1_L3_clmp.fp2_repr.orph.fq repair
Executing jgi.SplitPairsAndSingles [rp, in1=fq_fp1_clmp_fp2_fqscrn/Leq-ABas_021_Ex1_L3_clmp.fp2_r1.tagged_filter.fastq.gz, in2=fq_fp1_clmp_fp2_fqscrn/Leq-ABas_021_Ex1_L3_clmp.fp2_r2.tagged_filter.fastq.gz, out1=fq_fp1_clmp_fp2_fqscrn_repaired/Leq-ABas_021_Ex1_L3_clmp.fp2_repr.R1.fq.gz, out2=fq_fp1_clmp_fp2_fqscrn_repaired/Leq-ABas_021_Ex1_L3_clmp.fp2_repr.R2.fq.gz, outs=fq_fp1_clmp_fp2_fqscrn_repaired/orphans/Leq-ABas_021_Ex1_L3_clmp.fp2_repr.orph.fq, repair]

Set INTERLEAVED to false
Started output stream.

Input:                  	23297370 reads 		3132989283 bases.
Result:                 	23297370 reads (100.00%) 	3132989283 bases (100.00%)
Pairs:                  	22647852 reads (97.21%) 	3045157997 bases (97.20%)
Singletons:             	649518 reads (2.79%) 	87831286 bases (2.80%)

Time:                         	593.423 seconds.
Reads Processed:      23297k 	39.26k reads/sec
Bases Processed:       3132m 	5.28m bases/sec
java -ea -Xmx46904m -cp /opt/conda/opt/bbmap-38.90-3/current/ jgi.SplitPairsAndSingles rp in1=fq_fp1_clmp_fp2_fqscrn/Leq-CMig_045-Ex1_L3_clmp.fp2_r1.tagged_filter.fastq.gz in2=fq_fp1_clmp_fp2_fqscrn/Leq-CMig_045-Ex1_L3_clmp.fp2_r2.tagged_filter.fastq.gz out1=fq_fp1_clmp_fp2_fqscrn_repaired/Leq-CMig_045-Ex1_L3_clmp.fp2_repr.R1.fq.gz out2=fq_fp1_clmp_fp2_fqscrn_repaired/Leq-CMig_045-Ex1_L3_clmp.fp2_repr.R2.fq.gz outs=fq_fp1_clmp_fp2_fqscrn_repaired/orphans/Leq-CMig_045-Ex1_L3_clmp.fp2_repr.orph.fq repair
Executing jgi.SplitPairsAndSingles [rp, in1=fq_fp1_clmp_fp2_fqscrn/Leq-CMig_045-Ex1_L3_clmp.fp2_r1.tagged_filter.fastq.gz, in2=fq_fp1_clmp_fp2_fqscrn/Leq-CMig_045-Ex1_L3_clmp.fp2_r2.tagged_filter.fastq.gz, out1=fq_fp1_clmp_fp2_fqscrn_repaired/Leq-CMig_045-Ex1_L3_clmp.fp2_repr.R1.fq.gz, out2=fq_fp1_clmp_fp2_fqscrn_repaired/Leq-CMig_045-Ex1_L3_clmp.fp2_repr.R2.fq.gz, outs=fq_fp1_clmp_fp2_fqscrn_repaired/orphans/Leq-CMig_045-Ex1_L3_clmp.fp2_repr.orph.fq, repair]

Set INTERLEAVED to false
Started output stream.

Input:                  	4748031 reads 		665123561 bases.
Result:                 	4748031 reads (100.00%) 	665123561 bases (100.00%)
Pairs:                  	4630494 reads (97.52%) 	648639911 bases (97.52%)
Singletons:             	117537 reads (2.48%) 	16483650 bases (2.48%)

Time:                         	117.448 seconds.
Reads Processed:       4748k 	40.43k reads/sec
Bases Processed:        665m 	5.66m bases/sec
java -ea -Xmx33462m -cp /opt/conda/opt/bbmap-38.90-3/current/ jgi.SplitPairsAndSingles rp in1=fq_fp1_clmp_fp2_fqscrn/Leq-CMig_029-Ex1_L3_clmp.fp2_r1.tagged_filter.fastq.gz in2=fq_fp1_clmp_fp2_fqscrn/Leq-CMig_029-Ex1_L3_clmp.fp2_r2.tagged_filter.fastq.gz out1=fq_fp1_clmp_fp2_fqscrn_repaired/Leq-CMig_029-Ex1_L3_clmp.fp2_repr.R1.fq.gz out2=fq_fp1_clmp_fp2_fqscrn_repaired/Leq-CMig_029-Ex1_L3_clmp.fp2_repr.R2.fq.gz outs=fq_fp1_clmp_fp2_fqscrn_repaired/orphans/Leq-CMig_029-Ex1_L3_clmp.fp2_repr.orph.fq repair
Executing jgi.SplitPairsAndSingles [rp, in1=fq_fp1_clmp_fp2_fqscrn/Leq-CMig_029-Ex1_L3_clmp.fp2_r1.tagged_filter.fastq.gz, in2=fq_fp1_clmp_fp2_fqscrn/Leq-CMig_029-Ex1_L3_clmp.fp2_r2.tagged_filter.fastq.gz, out1=fq_fp1_clmp_fp2_fqscrn_repaired/Leq-CMig_029-Ex1_L3_clmp.fp2_repr.R1.fq.gz, out2=fq_fp1_clmp_fp2_fqscrn_repaired/Leq-CMig_029-Ex1_L3_clmp.fp2_repr.R2.fq.gz, outs=fq_fp1_clmp_fp2_fqscrn_repaired/orphans/Leq-CMig_029-Ex1_L3_clmp.fp2_repr.orph.fq, repair]

Set INTERLEAVED to false
Started output stream.

Input:                  	7716319 reads 		1086877155 bases.
Result:                 	7716319 reads (100.00%) 	1086877155 bases (100.00%)
Pairs:                  	7510238 reads (97.33%) 	1057841350 bases (97.33%)
Singletons:             	206081 reads (2.67%) 	29035805 bases (2.67%)

Time:                         	195.364 seconds.
Reads Processed:       7716k 	39.50k reads/sec
Bases Processed:       1086m 	5.56m bases/sec
java -ea -Xmx125247m -cp /opt/conda/opt/bbmap-38.90-3/current/ jgi.SplitPairsAndSingles rp in1=fq_fp1_clmp_fp2_fqscrn/Leq-ABas_031_Ex1_L3_clmp.fp2_r1.tagged_filter.fastq.gz in2=fq_fp1_clmp_fp2_fqscrn/Leq-ABas_031_Ex1_L3_clmp.fp2_r2.tagged_filter.fastq.gz out1=fq_fp1_clmp_fp2_fqscrn_repaired/Leq-ABas_031_Ex1_L3_clmp.fp2_repr.R1.fq.gz out2=fq_fp1_clmp_fp2_fqscrn_repaired/Leq-ABas_031_Ex1_L3_clmp.fp2_repr.R2.fq.gz outs=fq_fp1_clmp_fp2_fqscrn_repaired/orphans/Leq-ABas_031_Ex1_L3_clmp.fp2_repr.orph.fq repair
Executing jgi.SplitPairsAndSingles [rp, in1=fq_fp1_clmp_fp2_fqscrn/Leq-ABas_031_Ex1_L3_clmp.fp2_r1.tagged_filter.fastq.gz, in2=fq_fp1_clmp_fp2_fqscrn/Leq-ABas_031_Ex1_L3_clmp.fp2_r2.tagged_filter.fastq.gz, out1=fq_fp1_clmp_fp2_fqscrn_repaired/Leq-ABas_031_Ex1_L3_clmp.fp2_repr.R1.fq.gz, out2=fq_fp1_clmp_fp2_fqscrn_repaired/Leq-ABas_031_Ex1_L3_clmp.fp2_repr.R2.fq.gz, outs=fq_fp1_clmp_fp2_fqscrn_repaired/orphans/Leq-ABas_031_Ex1_L3_clmp.fp2_repr.orph.fq, repair]

Set INTERLEAVED to false
Started output stream.

Input:                  	23992358 reads 		3362917059 bases.
Result:                 	23992358 reads (100.00%) 	3362917059 bases (100.00%)
Pairs:                  	23126194 reads (96.39%) 	3241143756 bases (96.38%)
Singletons:             	866164 reads (3.61%) 	121773303 bases (3.62%)

Time:                         	633.245 seconds.
Reads Processed:      23992k 	37.89k reads/sec
Bases Processed:       3362m 	5.31m bases/sec
java -ea -Xmx43965m -cp /opt/conda/opt/bbmap-38.90-3/current/ jgi.SplitPairsAndSingles rp in1=fq_fp1_clmp_fp2_fqscrn/Leq-CMig_058-Ex1_L3_clmp.fp2_r1.tagged_filter.fastq.gz in2=fq_fp1_clmp_fp2_fqscrn/Leq-CMig_058-Ex1_L3_clmp.fp2_r2.tagged_filter.fastq.gz out1=fq_fp1_clmp_fp2_fqscrn_repaired/Leq-CMig_058-Ex1_L3_clmp.fp2_repr.R1.fq.gz out2=fq_fp1_clmp_fp2_fqscrn_repaired/Leq-CMig_058-Ex1_L3_clmp.fp2_repr.R2.fq.gz outs=fq_fp1_clmp_fp2_fqscrn_repaired/orphans/Leq-CMig_058-Ex1_L3_clmp.fp2_repr.orph.fq repair
Executing jgi.SplitPairsAndSingles [rp, in1=fq_fp1_clmp_fp2_fqscrn/Leq-CMig_058-Ex1_L3_clmp.fp2_r1.tagged_filter.fastq.gz, in2=fq_fp1_clmp_fp2_fqscrn/Leq-CMig_058-Ex1_L3_clmp.fp2_r2.tagged_filter.fastq.gz, out1=fq_fp1_clmp_fp2_fqscrn_repaired/Leq-CMig_058-Ex1_L3_clmp.fp2_repr.R1.fq.gz, out2=fq_fp1_clmp_fp2_fqscrn_repaired/Leq-CMig_058-Ex1_L3_clmp.fp2_repr.R2.fq.gz, outs=fq_fp1_clmp_fp2_fqscrn_repaired/orphans/Leq-CMig_058-Ex1_L3_clmp.fp2_repr.orph.fq, repair]

Set INTERLEAVED to false
Started output stream.

Input:                  	4102860 reads 		575813015 bases.
Result:                 	4102860 reads (100.00%) 	575813015 bases (100.00%)
Pairs:                  	3991396 reads (97.28%) 	560141395 bases (97.28%)
Singletons:             	111464 reads (2.72%) 	15671620 bases (2.72%)

Time:                         	100.472 seconds.
Reads Processed:       4102k 	40.84k reads/sec
Bases Processed:        575m 	5.73m bases/sec
java -ea -Xmx43823m -cp /opt/conda/opt/bbmap-38.90-3/current/ jgi.SplitPairsAndSingles rp in1=fq_fp1_clmp_fp2_fqscrn/Leq-CMig_054-Ex1_L3_clmp.fp2_r1.tagged_filter.fastq.gz in2=fq_fp1_clmp_fp2_fqscrn/Leq-CMig_054-Ex1_L3_clmp.fp2_r2.tagged_filter.fastq.gz out1=fq_fp1_clmp_fp2_fqscrn_repaired/Leq-CMig_054-Ex1_L3_clmp.fp2_repr.R1.fq.gz out2=fq_fp1_clmp_fp2_fqscrn_repaired/Leq-CMig_054-Ex1_L3_clmp.fp2_repr.R2.fq.gz outs=fq_fp1_clmp_fp2_fqscrn_repaired/orphans/Leq-CMig_054-Ex1_L3_clmp.fp2_repr.orph.fq repair
Executing jgi.SplitPairsAndSingles [rp, in1=fq_fp1_clmp_fp2_fqscrn/Leq-CMig_054-Ex1_L3_clmp.fp2_r1.tagged_filter.fastq.gz, in2=fq_fp1_clmp_fp2_fqscrn/Leq-CMig_054-Ex1_L3_clmp.fp2_r2.tagged_filter.fastq.gz, out1=fq_fp1_clmp_fp2_fqscrn_repaired/Leq-CMig_054-Ex1_L3_clmp.fp2_repr.R1.fq.gz, out2=fq_fp1_clmp_fp2_fqscrn_repaired/Leq-CMig_054-Ex1_L3_clmp.fp2_repr.R2.fq.gz, outs=fq_fp1_clmp_fp2_fqscrn_repaired/orphans/Leq-CMig_054-Ex1_L3_clmp.fp2_repr.orph.fq, repair]

Set INTERLEAVED to false
Started output stream.

Input:                  	4566609 reads 		637144435 bases.
Result:                 	4566609 reads (100.00%) 	637144435 bases (100.00%)
Pairs:                  	4463644 reads (97.75%) 	622812513 bases (97.75%)
Singletons:             	102965 reads (2.25%) 	14331922 bases (2.25%)

Time:                         	107.852 seconds.
Reads Processed:       4566k 	42.34k reads/sec
Bases Processed:        637m 	5.91m bases/sec
java -ea -Xmx46904m -cp /opt/conda/opt/bbmap-38.90-3/current/ jgi.SplitPairsAndSingles rp in1=fq_fp1_clmp_fp2_fqscrn/Leq-CMig_046-Ex1_L3_clmp.fp2_r1.tagged_filter.fastq.gz in2=fq_fp1_clmp_fp2_fqscrn/Leq-CMig_046-Ex1_L3_clmp.fp2_r2.tagged_filter.fastq.gz out1=fq_fp1_clmp_fp2_fqscrn_repaired/Leq-CMig_046-Ex1_L3_clmp.fp2_repr.R1.fq.gz out2=fq_fp1_clmp_fp2_fqscrn_repaired/Leq-CMig_046-Ex1_L3_clmp.fp2_repr.R2.fq.gz outs=fq_fp1_clmp_fp2_fqscrn_repaired/orphans/Leq-CMig_046-Ex1_L3_clmp.fp2_repr.orph.fq repair
Executing jgi.SplitPairsAndSingles [rp, in1=fq_fp1_clmp_fp2_fqscrn/Leq-CMig_046-Ex1_L3_clmp.fp2_r1.tagged_filter.fastq.gz, in2=fq_fp1_clmp_fp2_fqscrn/Leq-CMig_046-Ex1_L3_clmp.fp2_r2.tagged_filter.fastq.gz, out1=fq_fp1_clmp_fp2_fqscrn_repaired/Leq-CMig_046-Ex1_L3_clmp.fp2_repr.R1.fq.gz, out2=fq_fp1_clmp_fp2_fqscrn_repaired/Leq-CMig_046-Ex1_L3_clmp.fp2_repr.R2.fq.gz, outs=fq_fp1_clmp_fp2_fqscrn_repaired/orphans/Leq-CMig_046-Ex1_L3_clmp.fp2_repr.orph.fq, repair]

Set INTERLEAVED to false
Started output stream.

Input:                  	6653374 reads 		940857787 bases.
Result:                 	6653374 reads (100.00%) 	940857787 bases (100.00%)
Pairs:                  	6459470 reads (97.09%) 	913400476 bases (97.08%)
Singletons:             	193904 reads (2.91%) 	27457311 bases (2.92%)

Time:                         	164.927 seconds.
Reads Processed:       6653k 	40.34k reads/sec
Bases Processed:        940m 	5.70m bases/sec
java -ea -Xmx11491m -cp /opt/conda/opt/bbmap-38.90-3/current/ jgi.SplitPairsAndSingles rp in1=fq_fp1_clmp_fp2_fqscrn/Leq-ABas_048_Ex1_L3_clmp.fp2_r1.tagged_filter.fastq.gz in2=fq_fp1_clmp_fp2_fqscrn/Leq-ABas_048_Ex1_L3_clmp.fp2_r2.tagged_filter.fastq.gz out1=fq_fp1_clmp_fp2_fqscrn_repaired/Leq-ABas_048_Ex1_L3_clmp.fp2_repr.R1.fq.gz out2=fq_fp1_clmp_fp2_fqscrn_repaired/Leq-ABas_048_Ex1_L3_clmp.fp2_repr.R2.fq.gz outs=fq_fp1_clmp_fp2_fqscrn_repaired/orphans/Leq-ABas_048_Ex1_L3_clmp.fp2_repr.orph.fq repair
Executing jgi.SplitPairsAndSingles [rp, in1=fq_fp1_clmp_fp2_fqscrn/Leq-ABas_048_Ex1_L3_clmp.fp2_r1.tagged_filter.fastq.gz, in2=fq_fp1_clmp_fp2_fqscrn/Leq-ABas_048_Ex1_L3_clmp.fp2_r2.tagged_filter.fastq.gz, out1=fq_fp1_clmp_fp2_fqscrn_repaired/Leq-ABas_048_Ex1_L3_clmp.fp2_repr.R1.fq.gz, out2=fq_fp1_clmp_fp2_fqscrn_repaired/Leq-ABas_048_Ex1_L3_clmp.fp2_repr.R2.fq.gz, outs=fq_fp1_clmp_fp2_fqscrn_repaired/orphans/Leq-ABas_048_Ex1_L3_clmp.fp2_repr.orph.fq, repair]

Set INTERLEAVED to false
Started output stream.

Input:                  	19559026 reads 		2653959472 bases.
Result:                 	19559026 reads (100.00%) 	2653959472 bases (100.00%)
Pairs:                  	18978320 reads (97.03%) 	2574202019 bases (96.99%)
Singletons:             	580706 reads (2.97%) 	79757453 bases (3.01%)

Time:                         	524.877 seconds.
Reads Processed:      19559k 	37.26k reads/sec
Bases Processed:       2653m 	5.06m bases/sec
java -ea -Xmx41340m -cp /opt/conda/opt/bbmap-38.90-3/current/ jgi.SplitPairsAndSingles rp in1=fq_fp1_clmp_fp2_fqscrn/Leq-CMig_041-Ex1_L3_clmp.fp2_r1.tagged_filter.fastq.gz in2=fq_fp1_clmp_fp2_fqscrn/Leq-CMig_041-Ex1_L3_clmp.fp2_r2.tagged_filter.fastq.gz out1=fq_fp1_clmp_fp2_fqscrn_repaired/Leq-CMig_041-Ex1_L3_clmp.fp2_repr.R1.fq.gz out2=fq_fp1_clmp_fp2_fqscrn_repaired/Leq-CMig_041-Ex1_L3_clmp.fp2_repr.R2.fq.gz outs=fq_fp1_clmp_fp2_fqscrn_repaired/orphans/Leq-CMig_041-Ex1_L3_clmp.fp2_repr.orph.fq repair
Executing jgi.SplitPairsAndSingles [rp, in1=fq_fp1_clmp_fp2_fqscrn/Leq-CMig_041-Ex1_L3_clmp.fp2_r1.tagged_filter.fastq.gz, in2=fq_fp1_clmp_fp2_fqscrn/Leq-CMig_041-Ex1_L3_clmp.fp2_r2.tagged_filter.fastq.gz, out1=fq_fp1_clmp_fp2_fqscrn_repaired/Leq-CMig_041-Ex1_L3_clmp.fp2_repr.R1.fq.gz, out2=fq_fp1_clmp_fp2_fqscrn_repaired/Leq-CMig_041-Ex1_L3_clmp.fp2_repr.R2.fq.gz, outs=fq_fp1_clmp_fp2_fqscrn_repaired/orphans/Leq-CMig_041-Ex1_L3_clmp.fp2_repr.orph.fq, repair]

Set INTERLEAVED to false
Started output stream.

Input:                  	7328588 reads 		1038905621 bases.
Result:                 	7328588 reads (100.00%) 	1038905621 bases (100.00%)
Pairs:                  	7112008 reads (97.04%) 	1008070254 bases (97.03%)
Singletons:             	216580 reads (2.96%) 	30835367 bases (2.97%)

Time:                         	177.108 seconds.
Reads Processed:       7328k 	41.38k reads/sec
Bases Processed:       1038m 	5.87m bases/sec
java -ea -Xmx45316m -cp /opt/conda/opt/bbmap-38.90-3/current/ jgi.SplitPairsAndSingles rp in1=fq_fp1_clmp_fp2_fqscrn/Leq-CMig_051-Ex1_L3_clmp.fp2_r1.tagged_filter.fastq.gz in2=fq_fp1_clmp_fp2_fqscrn/Leq-CMig_051-Ex1_L3_clmp.fp2_r2.tagged_filter.fastq.gz out1=fq_fp1_clmp_fp2_fqscrn_repaired/Leq-CMig_051-Ex1_L3_clmp.fp2_repr.R1.fq.gz out2=fq_fp1_clmp_fp2_fqscrn_repaired/Leq-CMig_051-Ex1_L3_clmp.fp2_repr.R2.fq.gz outs=fq_fp1_clmp_fp2_fqscrn_repaired/orphans/Leq-CMig_051-Ex1_L3_clmp.fp2_repr.orph.fq repair
Executing jgi.SplitPairsAndSingles [rp, in1=fq_fp1_clmp_fp2_fqscrn/Leq-CMig_051-Ex1_L3_clmp.fp2_r1.tagged_filter.fastq.gz, in2=fq_fp1_clmp_fp2_fqscrn/Leq-CMig_051-Ex1_L3_clmp.fp2_r2.tagged_filter.fastq.gz, out1=fq_fp1_clmp_fp2_fqscrn_repaired/Leq-CMig_051-Ex1_L3_clmp.fp2_repr.R1.fq.gz, out2=fq_fp1_clmp_fp2_fqscrn_repaired/Leq-CMig_051-Ex1_L3_clmp.fp2_repr.R2.fq.gz, outs=fq_fp1_clmp_fp2_fqscrn_repaired/orphans/Leq-CMig_051-Ex1_L3_clmp.fp2_repr.orph.fq, repair]

Set INTERLEAVED to false
Started output stream.

Input:                  	6104385 reads 		854282309 bases.
Result:                 	6104385 reads (100.00%) 	854282309 bases (100.00%)
Pairs:                  	5949430 reads (97.46%) 	832563161 bases (97.46%)
Singletons:             	154955 reads (2.54%) 	21719148 bases (2.54%)

Time:                         	154.333 seconds.
Reads Processed:       6104k 	39.55k reads/sec
Bases Processed:        854m 	5.54m bases/sec
java -ea -Xmx43836m -cp /opt/conda/opt/bbmap-38.90-3/current/ jgi.SplitPairsAndSingles rp in1=fq_fp1_clmp_fp2_fqscrn/Leq-CMig_059-Ex1_L3_clmp.fp2_r1.tagged_filter.fastq.gz in2=fq_fp1_clmp_fp2_fqscrn/Leq-CMig_059-Ex1_L3_clmp.fp2_r2.tagged_filter.fastq.gz out1=fq_fp1_clmp_fp2_fqscrn_repaired/Leq-CMig_059-Ex1_L3_clmp.fp2_repr.R1.fq.gz out2=fq_fp1_clmp_fp2_fqscrn_repaired/Leq-CMig_059-Ex1_L3_clmp.fp2_repr.R2.fq.gz outs=fq_fp1_clmp_fp2_fqscrn_repaired/orphans/Leq-CMig_059-Ex1_L3_clmp.fp2_repr.orph.fq repair
Executing jgi.SplitPairsAndSingles [rp, in1=fq_fp1_clmp_fp2_fqscrn/Leq-CMig_059-Ex1_L3_clmp.fp2_r1.tagged_filter.fastq.gz, in2=fq_fp1_clmp_fp2_fqscrn/Leq-CMig_059-Ex1_L3_clmp.fp2_r2.tagged_filter.fastq.gz, out1=fq_fp1_clmp_fp2_fqscrn_repaired/Leq-CMig_059-Ex1_L3_clmp.fp2_repr.R1.fq.gz, out2=fq_fp1_clmp_fp2_fqscrn_repaired/Leq-CMig_059-Ex1_L3_clmp.fp2_repr.R2.fq.gz, outs=fq_fp1_clmp_fp2_fqscrn_repaired/orphans/Leq-CMig_059-Ex1_L3_clmp.fp2_repr.orph.fq, repair]

Set INTERLEAVED to false
Started output stream.

Input:                  	4687122 reads 		654367036 bases.
Result:                 	4687122 reads (100.00%) 	654367036 bases (100.00%)
Pairs:                  	4571886 reads (97.54%) 	638213874 bases (97.53%)
Singletons:             	115236 reads (2.46%) 	16153162 bases (2.47%)

Time:                         	114.563 seconds.
Reads Processed:       4687k 	40.91k reads/sec
Bases Processed:        654m 	5.71m bases/sec
java -ea -Xmx45562m -cp /opt/conda/opt/bbmap-38.90-3/current/ jgi.SplitPairsAndSingles rp in1=fq_fp1_clmp_fp2_fqscrn/Leq-CMig_047-Ex1_L3_clmp.fp2_r1.tagged_filter.fastq.gz in2=fq_fp1_clmp_fp2_fqscrn/Leq-CMig_047-Ex1_L3_clmp.fp2_r2.tagged_filter.fastq.gz out1=fq_fp1_clmp_fp2_fqscrn_repaired/Leq-CMig_047-Ex1_L3_clmp.fp2_repr.R1.fq.gz out2=fq_fp1_clmp_fp2_fqscrn_repaired/Leq-CMig_047-Ex1_L3_clmp.fp2_repr.R2.fq.gz outs=fq_fp1_clmp_fp2_fqscrn_repaired/orphans/Leq-CMig_047-Ex1_L3_clmp.fp2_repr.orph.fq repair
Executing jgi.SplitPairsAndSingles [rp, in1=fq_fp1_clmp_fp2_fqscrn/Leq-CMig_047-Ex1_L3_clmp.fp2_r1.tagged_filter.fastq.gz, in2=fq_fp1_clmp_fp2_fqscrn/Leq-CMig_047-Ex1_L3_clmp.fp2_r2.tagged_filter.fastq.gz, out1=fq_fp1_clmp_fp2_fqscrn_repaired/Leq-CMig_047-Ex1_L3_clmp.fp2_repr.R1.fq.gz, out2=fq_fp1_clmp_fp2_fqscrn_repaired/Leq-CMig_047-Ex1_L3_clmp.fp2_repr.R2.fq.gz, outs=fq_fp1_clmp_fp2_fqscrn_repaired/orphans/Leq-CMig_047-Ex1_L3_clmp.fp2_repr.orph.fq, repair]

Set INTERLEAVED to false
Started output stream.

Input:                  	7214167 reads 		1024497937 bases.
Result:                 	7214167 reads (100.00%) 	1024497937 bases (100.00%)
Pairs:                  	6997548 reads (97.00%) 	993677695 bases (96.99%)
Singletons:             	216619 reads (3.00%) 	30820242 bases (3.01%)

Time:                         	181.181 seconds.
Reads Processed:       7214k 	39.82k reads/sec
Bases Processed:       1024m 	5.65m bases/sec
java -ea -Xmx44899m -cp /opt/conda/opt/bbmap-38.90-3/current/ jgi.SplitPairsAndSingles rp in1=fq_fp1_clmp_fp2_fqscrn/Leq-CMig_063-Ex1_L3_clmp.fp2_r1.tagged_filter.fastq.gz in2=fq_fp1_clmp_fp2_fqscrn/Leq-CMig_063-Ex1_L3_clmp.fp2_r2.tagged_filter.fastq.gz out1=fq_fp1_clmp_fp2_fqscrn_repaired/Leq-CMig_063-Ex1_L3_clmp.fp2_repr.R1.fq.gz out2=fq_fp1_clmp_fp2_fqscrn_repaired/Leq-CMig_063-Ex1_L3_clmp.fp2_repr.R2.fq.gz outs=fq_fp1_clmp_fp2_fqscrn_repaired/orphans/Leq-CMig_063-Ex1_L3_clmp.fp2_repr.orph.fq repair
Executing jgi.SplitPairsAndSingles [rp, in1=fq_fp1_clmp_fp2_fqscrn/Leq-CMig_063-Ex1_L3_clmp.fp2_r1.tagged_filter.fastq.gz, in2=fq_fp1_clmp_fp2_fqscrn/Leq-CMig_063-Ex1_L3_clmp.fp2_r2.tagged_filter.fastq.gz, out1=fq_fp1_clmp_fp2_fqscrn_repaired/Leq-CMig_063-Ex1_L3_clmp.fp2_repr.R1.fq.gz, out2=fq_fp1_clmp_fp2_fqscrn_repaired/Leq-CMig_063-Ex1_L3_clmp.fp2_repr.R2.fq.gz, outs=fq_fp1_clmp_fp2_fqscrn_repaired/orphans/Leq-CMig_063-Ex1_L3_clmp.fp2_repr.orph.fq, repair]

Set INTERLEAVED to false
Started output stream.

Input:                  	4417118 reads 		622799873 bases.
Result:                 	4417118 reads (100.00%) 	622799873 bases (100.00%)
Pairs:                  	4300308 reads (97.36%) 	606380840 bases (97.36%)
Singletons:             	116810 reads (2.64%) 	16419033 bases (2.64%)

Time:                         	109.452 seconds.
Reads Processed:       4417k 	40.36k reads/sec
Bases Processed:        622m 	5.69m bases/sec
java -ea -Xmx47207m -cp /opt/conda/opt/bbmap-38.90-3/current/ jgi.SplitPairsAndSingles rp in1=fq_fp1_clmp_fp2_fqscrn/Leq-CMig_050-Ex1_L3_clmp.fp2_r1.tagged_filter.fastq.gz in2=fq_fp1_clmp_fp2_fqscrn/Leq-CMig_050-Ex1_L3_clmp.fp2_r2.tagged_filter.fastq.gz out1=fq_fp1_clmp_fp2_fqscrn_repaired/Leq-CMig_050-Ex1_L3_clmp.fp2_repr.R1.fq.gz out2=fq_fp1_clmp_fp2_fqscrn_repaired/Leq-CMig_050-Ex1_L3_clmp.fp2_repr.R2.fq.gz outs=fq_fp1_clmp_fp2_fqscrn_repaired/orphans/Leq-CMig_050-Ex1_L3_clmp.fp2_repr.orph.fq repair
Executing jgi.SplitPairsAndSingles [rp, in1=fq_fp1_clmp_fp2_fqscrn/Leq-CMig_050-Ex1_L3_clmp.fp2_r1.tagged_filter.fastq.gz, in2=fq_fp1_clmp_fp2_fqscrn/Leq-CMig_050-Ex1_L3_clmp.fp2_r2.tagged_filter.fastq.gz, out1=fq_fp1_clmp_fp2_fqscrn_repaired/Leq-CMig_050-Ex1_L3_clmp.fp2_repr.R1.fq.gz, out2=fq_fp1_clmp_fp2_fqscrn_repaired/Leq-CMig_050-Ex1_L3_clmp.fp2_repr.R2.fq.gz, outs=fq_fp1_clmp_fp2_fqscrn_repaired/orphans/Leq-CMig_050-Ex1_L3_clmp.fp2_repr.orph.fq, repair]

Set INTERLEAVED to false
Started output stream.

Input:                  	7514805 reads 		1058001687 bases.
Result:                 	7514805 reads (100.00%) 	1058001687 bases (100.00%)
Pairs:                  	7308218 reads (97.25%) 	1028840752 bases (97.24%)
Singletons:             	206587 reads (2.75%) 	29160935 bases (2.76%)

Time:                         	186.101 seconds.
Reads Processed:       7514k 	40.38k reads/sec
Bases Processed:       1058m 	5.69m bases/sec
java -ea -Xmx41434m -cp /opt/conda/opt/bbmap-38.90-3/current/ jgi.SplitPairsAndSingles rp in1=fq_fp1_clmp_fp2_fqscrn/Leq-CMig_040-Ex1_L3_clmp.fp2_r1.tagged_filter.fastq.gz in2=fq_fp1_clmp_fp2_fqscrn/Leq-CMig_040-Ex1_L3_clmp.fp2_r2.tagged_filter.fastq.gz out1=fq_fp1_clmp_fp2_fqscrn_repaired/Leq-CMig_040-Ex1_L3_clmp.fp2_repr.R1.fq.gz out2=fq_fp1_clmp_fp2_fqscrn_repaired/Leq-CMig_040-Ex1_L3_clmp.fp2_repr.R2.fq.gz outs=fq_fp1_clmp_fp2_fqscrn_repaired/orphans/Leq-CMig_040-Ex1_L3_clmp.fp2_repr.orph.fq repair
Executing jgi.SplitPairsAndSingles [rp, in1=fq_fp1_clmp_fp2_fqscrn/Leq-CMig_040-Ex1_L3_clmp.fp2_r1.tagged_filter.fastq.gz, in2=fq_fp1_clmp_fp2_fqscrn/Leq-CMig_040-Ex1_L3_clmp.fp2_r2.tagged_filter.fastq.gz, out1=fq_fp1_clmp_fp2_fqscrn_repaired/Leq-CMig_040-Ex1_L3_clmp.fp2_repr.R1.fq.gz, out2=fq_fp1_clmp_fp2_fqscrn_repaired/Leq-CMig_040-Ex1_L3_clmp.fp2_repr.R2.fq.gz, outs=fq_fp1_clmp_fp2_fqscrn_repaired/orphans/Leq-CMig_040-Ex1_L3_clmp.fp2_repr.orph.fq, repair]

Set INTERLEAVED to false
Started output stream.

Input:                  	8486369 reads 		1197848047 bases.
Result:                 	8486369 reads (100.00%) 	1197848047 bases (100.00%)
Pairs:                  	8233816 reads (97.02%) 	1162035939 bases (97.01%)
Singletons:             	252553 reads (2.98%) 	35812108 bases (2.99%)

Time:                         	206.288 seconds.
Reads Processed:       8486k 	41.14k reads/sec
Bases Processed:       1197m 	5.81m bases/sec
java -ea -Xmx35682m -cp /opt/conda/opt/bbmap-38.90-3/current/ jgi.SplitPairsAndSingles rp in1=fq_fp1_clmp_fp2_fqscrn/Leq-CMig_026-Ex1_L3_clmp.fp2_r1.tagged_filter.fastq.gz in2=fq_fp1_clmp_fp2_fqscrn/Leq-CMig_026-Ex1_L3_clmp.fp2_r2.tagged_filter.fastq.gz out1=fq_fp1_clmp_fp2_fqscrn_repaired/Leq-CMig_026-Ex1_L3_clmp.fp2_repr.R1.fq.gz out2=fq_fp1_clmp_fp2_fqscrn_repaired/Leq-CMig_026-Ex1_L3_clmp.fp2_repr.R2.fq.gz outs=fq_fp1_clmp_fp2_fqscrn_repaired/orphans/Leq-CMig_026-Ex1_L3_clmp.fp2_repr.orph.fq repair
Executing jgi.SplitPairsAndSingles [rp, in1=fq_fp1_clmp_fp2_fqscrn/Leq-CMig_026-Ex1_L3_clmp.fp2_r1.tagged_filter.fastq.gz, in2=fq_fp1_clmp_fp2_fqscrn/Leq-CMig_026-Ex1_L3_clmp.fp2_r2.tagged_filter.fastq.gz, out1=fq_fp1_clmp_fp2_fqscrn_repaired/Leq-CMig_026-Ex1_L3_clmp.fp2_repr.R1.fq.gz, out2=fq_fp1_clmp_fp2_fqscrn_repaired/Leq-CMig_026-Ex1_L3_clmp.fp2_repr.R2.fq.gz, outs=fq_fp1_clmp_fp2_fqscrn_repaired/orphans/Leq-CMig_026-Ex1_L3_clmp.fp2_repr.orph.fq, repair]

Set INTERLEAVED to false
Started output stream.

Input:                  	11017566 reads 		1552495170 bases.
Result:                 	11017566 reads (100.00%) 	1552495170 bases (100.00%)
Pairs:                  	10715474 reads (97.26%) 	1509817052 bases (97.25%)
Singletons:             	302092 reads (2.74%) 	42678118 bases (2.75%)

Time:                         	268.873 seconds.
Reads Processed:      11017k 	40.98k reads/sec
Bases Processed:       1552m 	5.77m bases/sec
java -ea -Xmx132692m -cp /opt/conda/opt/bbmap-38.90-3/current/ jgi.SplitPairsAndSingles rp in1=fq_fp1_clmp_fp2_fqscrn/Leq-ABas_032_Ex1_L3_clmp.fp2_r1.tagged_filter.fastq.gz in2=fq_fp1_clmp_fp2_fqscrn/Leq-ABas_032_Ex1_L3_clmp.fp2_r2.tagged_filter.fastq.gz out1=fq_fp1_clmp_fp2_fqscrn_repaired/Leq-ABas_032_Ex1_L3_clmp.fp2_repr.R1.fq.gz out2=fq_fp1_clmp_fp2_fqscrn_repaired/Leq-ABas_032_Ex1_L3_clmp.fp2_repr.R2.fq.gz outs=fq_fp1_clmp_fp2_fqscrn_repaired/orphans/Leq-ABas_032_Ex1_L3_clmp.fp2_repr.orph.fq repair
Executing jgi.SplitPairsAndSingles [rp, in1=fq_fp1_clmp_fp2_fqscrn/Leq-ABas_032_Ex1_L3_clmp.fp2_r1.tagged_filter.fastq.gz, in2=fq_fp1_clmp_fp2_fqscrn/Leq-ABas_032_Ex1_L3_clmp.fp2_r2.tagged_filter.fastq.gz, out1=fq_fp1_clmp_fp2_fqscrn_repaired/Leq-ABas_032_Ex1_L3_clmp.fp2_repr.R1.fq.gz, out2=fq_fp1_clmp_fp2_fqscrn_repaired/Leq-ABas_032_Ex1_L3_clmp.fp2_repr.R2.fq.gz, outs=fq_fp1_clmp_fp2_fqscrn_repaired/orphans/Leq-ABas_032_Ex1_L3_clmp.fp2_repr.orph.fq, repair]

Set INTERLEAVED to false
Started output stream.

Input:                  	25346513 reads 		3375279997 bases.
Result:                 	25346513 reads (100.00%) 	3375279997 bases (100.00%)
Pairs:                  	24624984 reads (97.15%) 	3277886812 bases (97.11%)
Singletons:             	721529 reads (2.85%) 	97393185 bases (2.89%)

Time:                         	692.018 seconds.
Reads Processed:      25346k 	36.63k reads/sec
Bases Processed:       3375m 	4.88m bases/sec
java -ea -Xmx37384m -cp /opt/conda/opt/bbmap-38.90-3/current/ jgi.SplitPairsAndSingles rp in1=fq_fp1_clmp_fp2_fqscrn/Leq-CMig_037-Ex1_L3_clmp.fp2_r1.tagged_filter.fastq.gz in2=fq_fp1_clmp_fp2_fqscrn/Leq-CMig_037-Ex1_L3_clmp.fp2_r2.tagged_filter.fastq.gz out1=fq_fp1_clmp_fp2_fqscrn_repaired/Leq-CMig_037-Ex1_L3_clmp.fp2_repr.R1.fq.gz out2=fq_fp1_clmp_fp2_fqscrn_repaired/Leq-CMig_037-Ex1_L3_clmp.fp2_repr.R2.fq.gz outs=fq_fp1_clmp_fp2_fqscrn_repaired/orphans/Leq-CMig_037-Ex1_L3_clmp.fp2_repr.orph.fq repair
Executing jgi.SplitPairsAndSingles [rp, in1=fq_fp1_clmp_fp2_fqscrn/Leq-CMig_037-Ex1_L3_clmp.fp2_r1.tagged_filter.fastq.gz, in2=fq_fp1_clmp_fp2_fqscrn/Leq-CMig_037-Ex1_L3_clmp.fp2_r2.tagged_filter.fastq.gz, out1=fq_fp1_clmp_fp2_fqscrn_repaired/Leq-CMig_037-Ex1_L3_clmp.fp2_repr.R1.fq.gz, out2=fq_fp1_clmp_fp2_fqscrn_repaired/Leq-CMig_037-Ex1_L3_clmp.fp2_repr.R2.fq.gz, outs=fq_fp1_clmp_fp2_fqscrn_repaired/orphans/Leq-CMig_037-Ex1_L3_clmp.fp2_repr.orph.fq, repair]

Set INTERLEAVED to false
Started output stream.

Input:                  	9497028 reads 		1336405821 bases.
Result:                 	9497028 reads (100.00%) 	1336405821 bases (100.00%)
Pairs:                  	9236600 reads (97.26%) 	1299763832 bases (97.26%)
Singletons:             	260428 reads (2.74%) 	36641989 bases (2.74%)

Time:                         	235.155 seconds.
Reads Processed:       9497k 	40.39k reads/sec
Bases Processed:       1336m 	5.68m bases/sec
java -ea -Xmx35386m -cp /opt/conda/opt/bbmap-38.90-3/current/ jgi.SplitPairsAndSingles rp in1=fq_fp1_clmp_fp2_fqscrn/Leq-CMig_036-Ex1_L3_clmp.fp2_r1.tagged_filter.fastq.gz in2=fq_fp1_clmp_fp2_fqscrn/Leq-CMig_036-Ex1_L3_clmp.fp2_r2.tagged_filter.fastq.gz out1=fq_fp1_clmp_fp2_fqscrn_repaired/Leq-CMig_036-Ex1_L3_clmp.fp2_repr.R1.fq.gz out2=fq_fp1_clmp_fp2_fqscrn_repaired/Leq-CMig_036-Ex1_L3_clmp.fp2_repr.R2.fq.gz outs=fq_fp1_clmp_fp2_fqscrn_repaired/orphans/Leq-CMig_036-Ex1_L3_clmp.fp2_repr.orph.fq repair
Executing jgi.SplitPairsAndSingles [rp, in1=fq_fp1_clmp_fp2_fqscrn/Leq-CMig_036-Ex1_L3_clmp.fp2_r1.tagged_filter.fastq.gz, in2=fq_fp1_clmp_fp2_fqscrn/Leq-CMig_036-Ex1_L3_clmp.fp2_r2.tagged_filter.fastq.gz, out1=fq_fp1_clmp_fp2_fqscrn_repaired/Leq-CMig_036-Ex1_L3_clmp.fp2_repr.R1.fq.gz, out2=fq_fp1_clmp_fp2_fqscrn_repaired/Leq-CMig_036-Ex1_L3_clmp.fp2_repr.R2.fq.gz, outs=fq_fp1_clmp_fp2_fqscrn_repaired/orphans/Leq-CMig_036-Ex1_L3_clmp.fp2_repr.orph.fq, repair]

Set INTERLEAVED to false
Started output stream.

Input:                  	10741016 reads 		1507633826 bases.
Result:                 	10741016 reads (100.00%) 	1507633826 bases (100.00%)
Pairs:                  	10468680 reads (97.46%) 	1469263906 bases (97.45%)
Singletons:             	272336 reads (2.54%) 	38369920 bases (2.55%)

Time:                         	251.933 seconds.
Reads Processed:      10741k 	42.63k reads/sec
Bases Processed:       1507m 	5.98m bases/sec
java -ea -Xmx44013m -cp /opt/conda/opt/bbmap-38.90-3/current/ jgi.SplitPairsAndSingles rp in1=fq_fp1_clmp_fp2_fqscrn/Leq-CMig_055-Ex1_L3_clmp.fp2_r1.tagged_filter.fastq.gz in2=fq_fp1_clmp_fp2_fqscrn/Leq-CMig_055-Ex1_L3_clmp.fp2_r2.tagged_filter.fastq.gz out1=fq_fp1_clmp_fp2_fqscrn_repaired/Leq-CMig_055-Ex1_L3_clmp.fp2_repr.R1.fq.gz out2=fq_fp1_clmp_fp2_fqscrn_repaired/Leq-CMig_055-Ex1_L3_clmp.fp2_repr.R2.fq.gz outs=fq_fp1_clmp_fp2_fqscrn_repaired/orphans/Leq-CMig_055-Ex1_L3_clmp.fp2_repr.orph.fq repair
Executing jgi.SplitPairsAndSingles [rp, in1=fq_fp1_clmp_fp2_fqscrn/Leq-CMig_055-Ex1_L3_clmp.fp2_r1.tagged_filter.fastq.gz, in2=fq_fp1_clmp_fp2_fqscrn/Leq-CMig_055-Ex1_L3_clmp.fp2_r2.tagged_filter.fastq.gz, out1=fq_fp1_clmp_fp2_fqscrn_repaired/Leq-CMig_055-Ex1_L3_clmp.fp2_repr.R1.fq.gz, out2=fq_fp1_clmp_fp2_fqscrn_repaired/Leq-CMig_055-Ex1_L3_clmp.fp2_repr.R2.fq.gz, outs=fq_fp1_clmp_fp2_fqscrn_repaired/orphans/Leq-CMig_055-Ex1_L3_clmp.fp2_repr.orph.fq, repair]

Set INTERLEAVED to false
Started output stream.

Input:                  	6372789 reads 		903226582 bases.
Result:                 	6372789 reads (100.00%) 	903226582 bases (100.00%)
Pairs:                  	6180534 reads (96.98%) 	875914172 bases (96.98%)
Singletons:             	192255 reads (3.02%) 	27312410 bases (3.02%)

Time:                         	171.630 seconds.
Reads Processed:       6372k 	37.13k reads/sec
Bases Processed:        903m 	5.26m bases/sec
java -ea -Xmx45447m -cp /opt/conda/opt/bbmap-38.90-3/current/ jgi.SplitPairsAndSingles rp in1=fq_fp1_clmp_fp2_fqscrn/Leq-CMig_064-Ex1_L3_clmp.fp2_r1.tagged_filter.fastq.gz in2=fq_fp1_clmp_fp2_fqscrn/Leq-CMig_064-Ex1_L3_clmp.fp2_r2.tagged_filter.fastq.gz out1=fq_fp1_clmp_fp2_fqscrn_repaired/Leq-CMig_064-Ex1_L3_clmp.fp2_repr.R1.fq.gz out2=fq_fp1_clmp_fp2_fqscrn_repaired/Leq-CMig_064-Ex1_L3_clmp.fp2_repr.R2.fq.gz outs=fq_fp1_clmp_fp2_fqscrn_repaired/orphans/Leq-CMig_064-Ex1_L3_clmp.fp2_repr.orph.fq repair
Executing jgi.SplitPairsAndSingles [rp, in1=fq_fp1_clmp_fp2_fqscrn/Leq-CMig_064-Ex1_L3_clmp.fp2_r1.tagged_filter.fastq.gz, in2=fq_fp1_clmp_fp2_fqscrn/Leq-CMig_064-Ex1_L3_clmp.fp2_r2.tagged_filter.fastq.gz, out1=fq_fp1_clmp_fp2_fqscrn_repaired/Leq-CMig_064-Ex1_L3_clmp.fp2_repr.R1.fq.gz, out2=fq_fp1_clmp_fp2_fqscrn_repaired/Leq-CMig_064-Ex1_L3_clmp.fp2_repr.R2.fq.gz, outs=fq_fp1_clmp_fp2_fqscrn_repaired/orphans/Leq-CMig_064-Ex1_L3_clmp.fp2_repr.orph.fq, repair]

Set INTERLEAVED to false
Started output stream.

Input:                  	5492368 reads 		774288370 bases.
Result:                 	5492368 reads (100.00%) 	774288370 bases (100.00%)
Pairs:                  	5334236 reads (97.12%) 	751932607 bases (97.11%)
Singletons:             	158132 reads (2.88%) 	22355763 bases (2.89%)

Time:                         	152.436 seconds.
Reads Processed:       5492k 	36.03k reads/sec
Bases Processed:        774m 	5.08m bases/sec
java -ea -Xmx33130m -cp /opt/conda/opt/bbmap-38.90-3/current/ jgi.SplitPairsAndSingles rp in1=fq_fp1_clmp_fp2_fqscrn/Leq-CMig_025-Ex1_L3_clmp.fp2_r1.tagged_filter.fastq.gz in2=fq_fp1_clmp_fp2_fqscrn/Leq-CMig_025-Ex1_L3_clmp.fp2_r2.tagged_filter.fastq.gz out1=fq_fp1_clmp_fp2_fqscrn_repaired/Leq-CMig_025-Ex1_L3_clmp.fp2_repr.R1.fq.gz out2=fq_fp1_clmp_fp2_fqscrn_repaired/Leq-CMig_025-Ex1_L3_clmp.fp2_repr.R2.fq.gz outs=fq_fp1_clmp_fp2_fqscrn_repaired/orphans/Leq-CMig_025-Ex1_L3_clmp.fp2_repr.orph.fq repair
Executing jgi.SplitPairsAndSingles [rp, in1=fq_fp1_clmp_fp2_fqscrn/Leq-CMig_025-Ex1_L3_clmp.fp2_r1.tagged_filter.fastq.gz, in2=fq_fp1_clmp_fp2_fqscrn/Leq-CMig_025-Ex1_L3_clmp.fp2_r2.tagged_filter.fastq.gz, out1=fq_fp1_clmp_fp2_fqscrn_repaired/Leq-CMig_025-Ex1_L3_clmp.fp2_repr.R1.fq.gz, out2=fq_fp1_clmp_fp2_fqscrn_repaired/Leq-CMig_025-Ex1_L3_clmp.fp2_repr.R2.fq.gz, outs=fq_fp1_clmp_fp2_fqscrn_repaired/orphans/Leq-CMig_025-Ex1_L3_clmp.fp2_repr.orph.fq, repair]

Set INTERLEAVED to false
Started output stream.

Input:                  	11922669 reads 		1689291536 bases.
Result:                 	11922669 reads (100.00%) 	1689291536 bases (100.00%)
Pairs:                  	11580820 reads (97.13%) 	1640809116 bases (97.13%)
Singletons:             	341849 reads (2.87%) 	48482420 bases (2.87%)

Time:                         	313.514 seconds.
Reads Processed:      11922k 	38.03k reads/sec
Bases Processed:       1689m 	5.39m bases/sec
java -ea -Xmx17042m -cp /opt/conda/opt/bbmap-38.90-3/current/ jgi.SplitPairsAndSingles rp in1=fq_fp1_clmp_fp2_fqscrn/Leq-ABas_046_Ex1_L3_clmp.fp2_r1.tagged_filter.fastq.gz in2=fq_fp1_clmp_fp2_fqscrn/Leq-ABas_046_Ex1_L3_clmp.fp2_r2.tagged_filter.fastq.gz out1=fq_fp1_clmp_fp2_fqscrn_repaired/Leq-ABas_046_Ex1_L3_clmp.fp2_repr.R1.fq.gz out2=fq_fp1_clmp_fp2_fqscrn_repaired/Leq-ABas_046_Ex1_L3_clmp.fp2_repr.R2.fq.gz outs=fq_fp1_clmp_fp2_fqscrn_repaired/orphans/Leq-ABas_046_Ex1_L3_clmp.fp2_repr.orph.fq repair
Executing jgi.SplitPairsAndSingles [rp, in1=fq_fp1_clmp_fp2_fqscrn/Leq-ABas_046_Ex1_L3_clmp.fp2_r1.tagged_filter.fastq.gz, in2=fq_fp1_clmp_fp2_fqscrn/Leq-ABas_046_Ex1_L3_clmp.fp2_r2.tagged_filter.fastq.gz, out1=fq_fp1_clmp_fp2_fqscrn_repaired/Leq-ABas_046_Ex1_L3_clmp.fp2_repr.R1.fq.gz, out2=fq_fp1_clmp_fp2_fqscrn_repaired/Leq-ABas_046_Ex1_L3_clmp.fp2_repr.R2.fq.gz, outs=fq_fp1_clmp_fp2_fqscrn_repaired/orphans/Leq-ABas_046_Ex1_L3_clmp.fp2_repr.orph.fq, repair]

Set INTERLEAVED to false
Started output stream.

Input:                  	24339394 reads 		3339534184 bases.
Result:                 	24339394 reads (100.00%) 	3339534184 bases (100.00%)
Pairs:                  	23616398 reads (97.03%) 	3239719375 bases (97.01%)
Singletons:             	722996 reads (2.97%) 	99814809 bases (2.99%)

Time:                         	642.959 seconds.
Reads Processed:      24339k 	37.86k reads/sec
Bases Processed:       3339m 	5.19m bases/sec
java -ea -Xmx106825m -cp /opt/conda/opt/bbmap-38.90-3/current/ jgi.SplitPairsAndSingles rp in1=fq_fp1_clmp_fp2_fqscrn/Leq-ABas_035_Ex1_L3_clmp.fp2_r1.tagged_filter.fastq.gz in2=fq_fp1_clmp_fp2_fqscrn/Leq-ABas_035_Ex1_L3_clmp.fp2_r2.tagged_filter.fastq.gz out1=fq_fp1_clmp_fp2_fqscrn_repaired/Leq-ABas_035_Ex1_L3_clmp.fp2_repr.R1.fq.gz out2=fq_fp1_clmp_fp2_fqscrn_repaired/Leq-ABas_035_Ex1_L3_clmp.fp2_repr.R2.fq.gz outs=fq_fp1_clmp_fp2_fqscrn_repaired/orphans/Leq-ABas_035_Ex1_L3_clmp.fp2_repr.orph.fq repair
Executing jgi.SplitPairsAndSingles [rp, in1=fq_fp1_clmp_fp2_fqscrn/Leq-ABas_035_Ex1_L3_clmp.fp2_r1.tagged_filter.fastq.gz, in2=fq_fp1_clmp_fp2_fqscrn/Leq-ABas_035_Ex1_L3_clmp.fp2_r2.tagged_filter.fastq.gz, out1=fq_fp1_clmp_fp2_fqscrn_repaired/Leq-ABas_035_Ex1_L3_clmp.fp2_repr.R1.fq.gz, out2=fq_fp1_clmp_fp2_fqscrn_repaired/Leq-ABas_035_Ex1_L3_clmp.fp2_repr.R2.fq.gz, outs=fq_fp1_clmp_fp2_fqscrn_repaired/orphans/Leq-ABas_035_Ex1_L3_clmp.fp2_repr.orph.fq, repair]

Set INTERLEAVED to false
Started output stream.

Input:                  	26513552 reads 		3597617668 bases.
Result:                 	26513552 reads (100.00%) 	3597617668 bases (100.00%)
Pairs:                  	25751832 reads (97.13%) 	3493410505 bases (97.10%)
Singletons:             	761720 reads (2.87%) 	104207163 bases (2.90%)

Time:                         	726.682 seconds.
Reads Processed:      26513k 	36.49k reads/sec
Bases Processed:       3597m 	4.95m bases/sec
java -ea -Xmx36092m -cp /opt/conda/opt/bbmap-38.90-3/current/ jgi.SplitPairsAndSingles rp in1=fq_fp1_clmp_fp2_fqscrn/Leq-CMig_032-Ex1_L3_clmp.fp2_r1.tagged_filter.fastq.gz in2=fq_fp1_clmp_fp2_fqscrn/Leq-CMig_032-Ex1_L3_clmp.fp2_r2.tagged_filter.fastq.gz out1=fq_fp1_clmp_fp2_fqscrn_repaired/Leq-CMig_032-Ex1_L3_clmp.fp2_repr.R1.fq.gz out2=fq_fp1_clmp_fp2_fqscrn_repaired/Leq-CMig_032-Ex1_L3_clmp.fp2_repr.R2.fq.gz outs=fq_fp1_clmp_fp2_fqscrn_repaired/orphans/Leq-CMig_032-Ex1_L3_clmp.fp2_repr.orph.fq repair
Executing jgi.SplitPairsAndSingles [rp, in1=fq_fp1_clmp_fp2_fqscrn/Leq-CMig_032-Ex1_L3_clmp.fp2_r1.tagged_filter.fastq.gz, in2=fq_fp1_clmp_fp2_fqscrn/Leq-CMig_032-Ex1_L3_clmp.fp2_r2.tagged_filter.fastq.gz, out1=fq_fp1_clmp_fp2_fqscrn_repaired/Leq-CMig_032-Ex1_L3_clmp.fp2_repr.R1.fq.gz, out2=fq_fp1_clmp_fp2_fqscrn_repaired/Leq-CMig_032-Ex1_L3_clmp.fp2_repr.R2.fq.gz, outs=fq_fp1_clmp_fp2_fqscrn_repaired/orphans/Leq-CMig_032-Ex1_L3_clmp.fp2_repr.orph.fq, repair]

Set INTERLEAVED to false
Started output stream.

Input:                  	12109311 reads 		1705767282 bases.
Result:                 	12109311 reads (100.00%) 	1705767282 bases (100.00%)
Pairs:                  	11758260 reads (97.10%) 	1656037035 bases (97.08%)
Singletons:             	351051 reads (2.90%) 	49730247 bases (2.92%)

Time:                         	293.291 seconds.
Reads Processed:      12109k 	41.29k reads/sec
Bases Processed:       1705m 	5.82m bases/sec
java -ea -Xmx46977m -cp /opt/conda/opt/bbmap-38.90-3/current/ jgi.SplitPairsAndSingles rp in1=fq_fp1_clmp_fp2_fqscrn/Leq-CMig_049-Ex1_L3_clmp.fp2_r1.tagged_filter.fastq.gz in2=fq_fp1_clmp_fp2_fqscrn/Leq-CMig_049-Ex1_L3_clmp.fp2_r2.tagged_filter.fastq.gz out1=fq_fp1_clmp_fp2_fqscrn_repaired/Leq-CMig_049-Ex1_L3_clmp.fp2_repr.R1.fq.gz out2=fq_fp1_clmp_fp2_fqscrn_repaired/Leq-CMig_049-Ex1_L3_clmp.fp2_repr.R2.fq.gz outs=fq_fp1_clmp_fp2_fqscrn_repaired/orphans/Leq-CMig_049-Ex1_L3_clmp.fp2_repr.orph.fq repair
Executing jgi.SplitPairsAndSingles [rp, in1=fq_fp1_clmp_fp2_fqscrn/Leq-CMig_049-Ex1_L3_clmp.fp2_r1.tagged_filter.fastq.gz, in2=fq_fp1_clmp_fp2_fqscrn/Leq-CMig_049-Ex1_L3_clmp.fp2_r2.tagged_filter.fastq.gz, out1=fq_fp1_clmp_fp2_fqscrn_repaired/Leq-CMig_049-Ex1_L3_clmp.fp2_repr.R1.fq.gz, out2=fq_fp1_clmp_fp2_fqscrn_repaired/Leq-CMig_049-Ex1_L3_clmp.fp2_repr.R2.fq.gz, outs=fq_fp1_clmp_fp2_fqscrn_repaired/orphans/Leq-CMig_049-Ex1_L3_clmp.fp2_repr.orph.fq, repair]

Set INTERLEAVED to false
Started output stream.

Input:                  	9664211 reads 		1363347711 bases.
Result:                 	9664211 reads (100.00%) 	1363347711 bases (100.00%)
Pairs:                  	9397446 reads (97.24%) 	1325451489 bases (97.22%)
Singletons:             	266765 reads (2.76%) 	37896222 bases (2.78%)

Time:                         	240.802 seconds.
Reads Processed:       9664k 	40.13k reads/sec
Bases Processed:       1363m 	5.66m bases/sec
java -ea -Xmx156965m -cp /opt/conda/opt/bbmap-38.90-3/current/ jgi.SplitPairsAndSingles rp in1=fq_fp1_clmp_fp2_fqscrn/Leq-ABas_025_Ex1_L3_clmp.fp2_r1.tagged_filter.fastq.gz in2=fq_fp1_clmp_fp2_fqscrn/Leq-ABas_025_Ex1_L3_clmp.fp2_r2.tagged_filter.fastq.gz out1=fq_fp1_clmp_fp2_fqscrn_repaired/Leq-ABas_025_Ex1_L3_clmp.fp2_repr.R1.fq.gz out2=fq_fp1_clmp_fp2_fqscrn_repaired/Leq-ABas_025_Ex1_L3_clmp.fp2_repr.R2.fq.gz outs=fq_fp1_clmp_fp2_fqscrn_repaired/orphans/Leq-ABas_025_Ex1_L3_clmp.fp2_repr.orph.fq repair
Executing jgi.SplitPairsAndSingles [rp, in1=fq_fp1_clmp_fp2_fqscrn/Leq-ABas_025_Ex1_L3_clmp.fp2_r1.tagged_filter.fastq.gz, in2=fq_fp1_clmp_fp2_fqscrn/Leq-ABas_025_Ex1_L3_clmp.fp2_r2.tagged_filter.fastq.gz, out1=fq_fp1_clmp_fp2_fqscrn_repaired/Leq-ABas_025_Ex1_L3_clmp.fp2_repr.R1.fq.gz, out2=fq_fp1_clmp_fp2_fqscrn_repaired/Leq-ABas_025_Ex1_L3_clmp.fp2_repr.R2.fq.gz, outs=fq_fp1_clmp_fp2_fqscrn_repaired/orphans/Leq-ABas_025_Ex1_L3_clmp.fp2_repr.orph.fq, repair]

Set INTERLEAVED to false
Started output stream.

Input:                  	27899974 reads 		3812138763 bases.
Result:                 	27899974 reads (100.00%) 	3812138763 bases (100.00%)
Pairs:                  	27144642 reads (97.29%) 	3708627331 bases (97.28%)
Singletons:             	755332 reads (2.71%) 	103511432 bases (2.72%)

Time:                         	730.994 seconds.
Reads Processed:      27899k 	38.17k reads/sec
Bases Processed:       3812m 	5.22m bases/sec
java -ea -Xmx38808m -cp /opt/conda/opt/bbmap-38.90-3/current/ jgi.SplitPairsAndSingles rp in1=fq_fp1_clmp_fp2_fqscrn/Leq-CMig_038-Ex1_L3_clmp.fp2_r1.tagged_filter.fastq.gz in2=fq_fp1_clmp_fp2_fqscrn/Leq-CMig_038-Ex1_L3_clmp.fp2_r2.tagged_filter.fastq.gz out1=fq_fp1_clmp_fp2_fqscrn_repaired/Leq-CMig_038-Ex1_L3_clmp.fp2_repr.R1.fq.gz out2=fq_fp1_clmp_fp2_fqscrn_repaired/Leq-CMig_038-Ex1_L3_clmp.fp2_repr.R2.fq.gz outs=fq_fp1_clmp_fp2_fqscrn_repaired/orphans/Leq-CMig_038-Ex1_L3_clmp.fp2_repr.orph.fq repair
Executing jgi.SplitPairsAndSingles [rp, in1=fq_fp1_clmp_fp2_fqscrn/Leq-CMig_038-Ex1_L3_clmp.fp2_r1.tagged_filter.fastq.gz, in2=fq_fp1_clmp_fp2_fqscrn/Leq-CMig_038-Ex1_L3_clmp.fp2_r2.tagged_filter.fastq.gz, out1=fq_fp1_clmp_fp2_fqscrn_repaired/Leq-CMig_038-Ex1_L3_clmp.fp2_repr.R1.fq.gz, out2=fq_fp1_clmp_fp2_fqscrn_repaired/Leq-CMig_038-Ex1_L3_clmp.fp2_repr.R2.fq.gz, outs=fq_fp1_clmp_fp2_fqscrn_repaired/orphans/Leq-CMig_038-Ex1_L3_clmp.fp2_repr.orph.fq, repair]

Set INTERLEAVED to false
Started output stream.

Input:                  	11046719 reads 		1564330287 bases.
Result:                 	11046719 reads (100.00%) 	1564330287 bases (100.00%)
Pairs:                  	10720700 reads (97.05%) 	1518033493 bases (97.04%)
Singletons:             	326019 reads (2.95%) 	46296794 bases (2.96%)

Time:                         	276.658 seconds.
Reads Processed:      11046k 	39.93k reads/sec
Bases Processed:       1564m 	5.65m bases/sec
java -ea -Xmx44943m -cp /opt/conda/opt/bbmap-38.90-3/current/ jgi.SplitPairsAndSingles rp in1=fq_fp1_clmp_fp2_fqscrn/Leq-CMig_062-Ex1_L3_clmp.fp2_r1.tagged_filter.fastq.gz in2=fq_fp1_clmp_fp2_fqscrn/Leq-CMig_062-Ex1_L3_clmp.fp2_r2.tagged_filter.fastq.gz out1=fq_fp1_clmp_fp2_fqscrn_repaired/Leq-CMig_062-Ex1_L3_clmp.fp2_repr.R1.fq.gz out2=fq_fp1_clmp_fp2_fqscrn_repaired/Leq-CMig_062-Ex1_L3_clmp.fp2_repr.R2.fq.gz outs=fq_fp1_clmp_fp2_fqscrn_repaired/orphans/Leq-CMig_062-Ex1_L3_clmp.fp2_repr.orph.fq repair
Executing jgi.SplitPairsAndSingles [rp, in1=fq_fp1_clmp_fp2_fqscrn/Leq-CMig_062-Ex1_L3_clmp.fp2_r1.tagged_filter.fastq.gz, in2=fq_fp1_clmp_fp2_fqscrn/Leq-CMig_062-Ex1_L3_clmp.fp2_r2.tagged_filter.fastq.gz, out1=fq_fp1_clmp_fp2_fqscrn_repaired/Leq-CMig_062-Ex1_L3_clmp.fp2_repr.R1.fq.gz, out2=fq_fp1_clmp_fp2_fqscrn_repaired/Leq-CMig_062-Ex1_L3_clmp.fp2_repr.R2.fq.gz, outs=fq_fp1_clmp_fp2_fqscrn_repaired/orphans/Leq-CMig_062-Ex1_L3_clmp.fp2_repr.orph.fq, repair]

Set INTERLEAVED to false
Started output stream.

Input:                  	7451822 reads 		1046603179 bases.
Result:                 	7451822 reads (100.00%) 	1046603179 bases (100.00%)
Pairs:                  	7259256 reads (97.42%) 	1019531376 bases (97.41%)
Singletons:             	192566 reads (2.58%) 	27071803 bases (2.59%)

Time:                         	184.703 seconds.
Reads Processed:       7451k 	40.34k reads/sec
Bases Processed:       1046m 	5.67m bases/sec
java -ea -Xmx45049m -cp /opt/conda/opt/bbmap-38.90-3/current/ jgi.SplitPairsAndSingles rp in1=fq_fp1_clmp_fp2_fqscrn/Leq-CMig_076-Ex1_L3_clmp.fp2_r1.tagged_filter.fastq.gz in2=fq_fp1_clmp_fp2_fqscrn/Leq-CMig_076-Ex1_L3_clmp.fp2_r2.tagged_filter.fastq.gz out1=fq_fp1_clmp_fp2_fqscrn_repaired/Leq-CMig_076-Ex1_L3_clmp.fp2_repr.R1.fq.gz out2=fq_fp1_clmp_fp2_fqscrn_repaired/Leq-CMig_076-Ex1_L3_clmp.fp2_repr.R2.fq.gz outs=fq_fp1_clmp_fp2_fqscrn_repaired/orphans/Leq-CMig_076-Ex1_L3_clmp.fp2_repr.orph.fq repair
Executing jgi.SplitPairsAndSingles [rp, in1=fq_fp1_clmp_fp2_fqscrn/Leq-CMig_076-Ex1_L3_clmp.fp2_r1.tagged_filter.fastq.gz, in2=fq_fp1_clmp_fp2_fqscrn/Leq-CMig_076-Ex1_L3_clmp.fp2_r2.tagged_filter.fastq.gz, out1=fq_fp1_clmp_fp2_fqscrn_repaired/Leq-CMig_076-Ex1_L3_clmp.fp2_repr.R1.fq.gz, out2=fq_fp1_clmp_fp2_fqscrn_repaired/Leq-CMig_076-Ex1_L3_clmp.fp2_repr.R2.fq.gz, outs=fq_fp1_clmp_fp2_fqscrn_repaired/orphans/Leq-CMig_076-Ex1_L3_clmp.fp2_repr.orph.fq, repair]

Set INTERLEAVED to false
Started output stream.

Input:                  	4019606 reads 		567501524 bases.
Result:                 	4019606 reads (100.00%) 	567501524 bases (100.00%)
Pairs:                  	3905396 reads (97.16%) 	551307980 bases (97.15%)
Singletons:             	114210 reads (2.84%) 	16193544 bases (2.85%)

Time:                         	97.038 seconds.
Reads Processed:       4019k 	41.42k reads/sec
Bases Processed:        567m 	5.85m bases/sec
java -ea -Xmx156914m -cp /opt/conda/opt/bbmap-38.90-3/current/ jgi.SplitPairsAndSingles rp in1=fq_fp1_clmp_fp2_fqscrn/Leq-ABas_013_Ex1-2_L3_clmp.fp2_r1.tagged_filter.fastq.gz in2=fq_fp1_clmp_fp2_fqscrn/Leq-ABas_013_Ex1-2_L3_clmp.fp2_r2.tagged_filter.fastq.gz out1=fq_fp1_clmp_fp2_fqscrn_repaired/Leq-ABas_013_Ex1-2_L3_clmp.fp2_repr.R1.fq.gz out2=fq_fp1_clmp_fp2_fqscrn_repaired/Leq-ABas_013_Ex1-2_L3_clmp.fp2_repr.R2.fq.gz outs=fq_fp1_clmp_fp2_fqscrn_repaired/orphans/Leq-ABas_013_Ex1-2_L3_clmp.fp2_repr.orph.fq repair
Executing jgi.SplitPairsAndSingles [rp, in1=fq_fp1_clmp_fp2_fqscrn/Leq-ABas_013_Ex1-2_L3_clmp.fp2_r1.tagged_filter.fastq.gz, in2=fq_fp1_clmp_fp2_fqscrn/Leq-ABas_013_Ex1-2_L3_clmp.fp2_r2.tagged_filter.fastq.gz, out1=fq_fp1_clmp_fp2_fqscrn_repaired/Leq-ABas_013_Ex1-2_L3_clmp.fp2_repr.R1.fq.gz, out2=fq_fp1_clmp_fp2_fqscrn_repaired/Leq-ABas_013_Ex1-2_L3_clmp.fp2_repr.R2.fq.gz, outs=fq_fp1_clmp_fp2_fqscrn_repaired/orphans/Leq-ABas_013_Ex1-2_L3_clmp.fp2_repr.orph.fq, repair]

Set INTERLEAVED to false
Started output stream.

Input:                  	28805135 reads 		4031546988 bases.
Result:                 	28805135 reads (100.00%) 	4031546988 bases (100.00%)
Pairs:                  	27833092 reads (96.63%) 	3894955688 bases (96.61%)
Singletons:             	972043 reads (3.37%) 	136591300 bases (3.39%)

Time:                         	752.768 seconds.
Reads Processed:      28805k 	38.27k reads/sec
Bases Processed:       4031m 	5.36m bases/sec
java -ea -Xmx44205m -cp /opt/conda/opt/bbmap-38.90-3/current/ jgi.SplitPairsAndSingles rp in1=fq_fp1_clmp_fp2_fqscrn/Leq-CMig_070-Ex1_L3_clmp.fp2_r1.tagged_filter.fastq.gz in2=fq_fp1_clmp_fp2_fqscrn/Leq-CMig_070-Ex1_L3_clmp.fp2_r2.tagged_filter.fastq.gz out1=fq_fp1_clmp_fp2_fqscrn_repaired/Leq-CMig_070-Ex1_L3_clmp.fp2_repr.R1.fq.gz out2=fq_fp1_clmp_fp2_fqscrn_repaired/Leq-CMig_070-Ex1_L3_clmp.fp2_repr.R2.fq.gz outs=fq_fp1_clmp_fp2_fqscrn_repaired/orphans/Leq-CMig_070-Ex1_L3_clmp.fp2_repr.orph.fq repair
Executing jgi.SplitPairsAndSingles [rp, in1=fq_fp1_clmp_fp2_fqscrn/Leq-CMig_070-Ex1_L3_clmp.fp2_r1.tagged_filter.fastq.gz, in2=fq_fp1_clmp_fp2_fqscrn/Leq-CMig_070-Ex1_L3_clmp.fp2_r2.tagged_filter.fastq.gz, out1=fq_fp1_clmp_fp2_fqscrn_repaired/Leq-CMig_070-Ex1_L3_clmp.fp2_repr.R1.fq.gz, out2=fq_fp1_clmp_fp2_fqscrn_repaired/Leq-CMig_070-Ex1_L3_clmp.fp2_repr.R2.fq.gz, outs=fq_fp1_clmp_fp2_fqscrn_repaired/orphans/Leq-CMig_070-Ex1_L3_clmp.fp2_repr.orph.fq, repair]

Set INTERLEAVED to false
Started output stream.

Input:                  	5467012 reads 		771544900 bases.
Result:                 	5467012 reads (100.00%) 	771544900 bases (100.00%)
Pairs:                  	5322554 reads (97.36%) 	751116205 bases (97.35%)
Singletons:             	144458 reads (2.64%) 	20428695 bases (2.65%)

Time:                         	131.984 seconds.
Reads Processed:       5467k 	41.42k reads/sec
Bases Processed:        771m 	5.85m bases/sec
java -ea -Xmx34558m -cp /opt/conda/opt/bbmap-38.90-3/current/ jgi.SplitPairsAndSingles rp in1=fq_fp1_clmp_fp2_fqscrn/Leq-ABas_044_Ex1_L3_clmp.fp2_r1.tagged_filter.fastq.gz in2=fq_fp1_clmp_fp2_fqscrn/Leq-ABas_044_Ex1_L3_clmp.fp2_r2.tagged_filter.fastq.gz out1=fq_fp1_clmp_fp2_fqscrn_repaired/Leq-ABas_044_Ex1_L3_clmp.fp2_repr.R1.fq.gz out2=fq_fp1_clmp_fp2_fqscrn_repaired/Leq-ABas_044_Ex1_L3_clmp.fp2_repr.R2.fq.gz outs=fq_fp1_clmp_fp2_fqscrn_repaired/orphans/Leq-ABas_044_Ex1_L3_clmp.fp2_repr.orph.fq repair
Executing jgi.SplitPairsAndSingles [rp, in1=fq_fp1_clmp_fp2_fqscrn/Leq-ABas_044_Ex1_L3_clmp.fp2_r1.tagged_filter.fastq.gz, in2=fq_fp1_clmp_fp2_fqscrn/Leq-ABas_044_Ex1_L3_clmp.fp2_r2.tagged_filter.fastq.gz, out1=fq_fp1_clmp_fp2_fqscrn_repaired/Leq-ABas_044_Ex1_L3_clmp.fp2_repr.R1.fq.gz, out2=fq_fp1_clmp_fp2_fqscrn_repaired/Leq-ABas_044_Ex1_L3_clmp.fp2_repr.R2.fq.gz, outs=fq_fp1_clmp_fp2_fqscrn_repaired/orphans/Leq-ABas_044_Ex1_L3_clmp.fp2_repr.orph.fq, repair]

Set INTERLEAVED to false
Started output stream.

Input:                  	28241072 reads 		3827794653 bases.
Result:                 	28241072 reads (100.00%) 	3827794653 bases (100.00%)
Pairs:                  	27422414 reads (97.10%) 	3716406590 bases (97.09%)
Singletons:             	818658 reads (2.90%) 	111388063 bases (2.91%)

Time:                         	729.667 seconds.
Reads Processed:      28241k 	38.70k reads/sec
Bases Processed:       3827m 	5.25m bases/sec
java -ea -Xmx48060m -cp /opt/conda/opt/bbmap-38.90-3/current/ jgi.SplitPairsAndSingles rp in1=fq_fp1_clmp_fp2_fqscrn/Leq-CMig_069-Ex1_L3_clmp.fp2_r1.tagged_filter.fastq.gz in2=fq_fp1_clmp_fp2_fqscrn/Leq-CMig_069-Ex1_L3_clmp.fp2_r2.tagged_filter.fastq.gz out1=fq_fp1_clmp_fp2_fqscrn_repaired/Leq-CMig_069-Ex1_L3_clmp.fp2_repr.R1.fq.gz out2=fq_fp1_clmp_fp2_fqscrn_repaired/Leq-CMig_069-Ex1_L3_clmp.fp2_repr.R2.fq.gz outs=fq_fp1_clmp_fp2_fqscrn_repaired/orphans/Leq-CMig_069-Ex1_L3_clmp.fp2_repr.orph.fq repair
Executing jgi.SplitPairsAndSingles [rp, in1=fq_fp1_clmp_fp2_fqscrn/Leq-CMig_069-Ex1_L3_clmp.fp2_r1.tagged_filter.fastq.gz, in2=fq_fp1_clmp_fp2_fqscrn/Leq-CMig_069-Ex1_L3_clmp.fp2_r2.tagged_filter.fastq.gz, out1=fq_fp1_clmp_fp2_fqscrn_repaired/Leq-CMig_069-Ex1_L3_clmp.fp2_repr.R1.fq.gz, out2=fq_fp1_clmp_fp2_fqscrn_repaired/Leq-CMig_069-Ex1_L3_clmp.fp2_repr.R2.fq.gz, outs=fq_fp1_clmp_fp2_fqscrn_repaired/orphans/Leq-CMig_069-Ex1_L3_clmp.fp2_repr.orph.fq, repair]

Set INTERLEAVED to false
Started output stream.

Input:                  	7495374 reads 		1058463269 bases.
Result:                 	7495374 reads (100.00%) 	1058463269 bases (100.00%)
Pairs:                  	7285336 reads (97.20%) 	1028684168 bases (97.19%)
Singletons:             	210038 reads (2.80%) 	29779101 bases (2.81%)

Time:                         	180.107 seconds.
Reads Processed:       7495k 	41.62k reads/sec
Bases Processed:       1058m 	5.88m bases/sec
java -ea -Xmx45839m -cp /opt/conda/opt/bbmap-38.90-3/current/ jgi.SplitPairsAndSingles rp in1=fq_fp1_clmp_fp2_fqscrn/Leq-CMig_075-Ex1_L3_clmp.fp2_r1.tagged_filter.fastq.gz in2=fq_fp1_clmp_fp2_fqscrn/Leq-CMig_075-Ex1_L3_clmp.fp2_r2.tagged_filter.fastq.gz out1=fq_fp1_clmp_fp2_fqscrn_repaired/Leq-CMig_075-Ex1_L3_clmp.fp2_repr.R1.fq.gz out2=fq_fp1_clmp_fp2_fqscrn_repaired/Leq-CMig_075-Ex1_L3_clmp.fp2_repr.R2.fq.gz outs=fq_fp1_clmp_fp2_fqscrn_repaired/orphans/Leq-CMig_075-Ex1_L3_clmp.fp2_repr.orph.fq repair
Executing jgi.SplitPairsAndSingles [rp, in1=fq_fp1_clmp_fp2_fqscrn/Leq-CMig_075-Ex1_L3_clmp.fp2_r1.tagged_filter.fastq.gz, in2=fq_fp1_clmp_fp2_fqscrn/Leq-CMig_075-Ex1_L3_clmp.fp2_r2.tagged_filter.fastq.gz, out1=fq_fp1_clmp_fp2_fqscrn_repaired/Leq-CMig_075-Ex1_L3_clmp.fp2_repr.R1.fq.gz, out2=fq_fp1_clmp_fp2_fqscrn_repaired/Leq-CMig_075-Ex1_L3_clmp.fp2_repr.R2.fq.gz, outs=fq_fp1_clmp_fp2_fqscrn_repaired/orphans/Leq-CMig_075-Ex1_L3_clmp.fp2_repr.orph.fq, repair]

Set INTERLEAVED to false
Started output stream.

Input:                  	6351321 reads 		893334712 bases.
Result:                 	6351321 reads (100.00%) 	893334712 bases (100.00%)
Pairs:                  	6195448 reads (97.55%) 	871442621 bases (97.55%)
Singletons:             	155873 reads (2.45%) 	21892091 bases (2.45%)

Time:                         	146.717 seconds.
Reads Processed:       6351k 	43.29k reads/sec
Bases Processed:        893m 	6.09m bases/sec
java -ea -Xmx46869m -cp /opt/conda/opt/bbmap-38.90-3/current/ jgi.SplitPairsAndSingles rp in1=fq_fp1_clmp_fp2_fqscrn/Leq-CMig_084-Ex1_L3_clmp.fp2_r1.tagged_filter.fastq.gz in2=fq_fp1_clmp_fp2_fqscrn/Leq-CMig_084-Ex1_L3_clmp.fp2_r2.tagged_filter.fastq.gz out1=fq_fp1_clmp_fp2_fqscrn_repaired/Leq-CMig_084-Ex1_L3_clmp.fp2_repr.R1.fq.gz out2=fq_fp1_clmp_fp2_fqscrn_repaired/Leq-CMig_084-Ex1_L3_clmp.fp2_repr.R2.fq.gz outs=fq_fp1_clmp_fp2_fqscrn_repaired/orphans/Leq-CMig_084-Ex1_L3_clmp.fp2_repr.orph.fq repair
Executing jgi.SplitPairsAndSingles [rp, in1=fq_fp1_clmp_fp2_fqscrn/Leq-CMig_084-Ex1_L3_clmp.fp2_r1.tagged_filter.fastq.gz, in2=fq_fp1_clmp_fp2_fqscrn/Leq-CMig_084-Ex1_L3_clmp.fp2_r2.tagged_filter.fastq.gz, out1=fq_fp1_clmp_fp2_fqscrn_repaired/Leq-CMig_084-Ex1_L3_clmp.fp2_repr.R1.fq.gz, out2=fq_fp1_clmp_fp2_fqscrn_repaired/Leq-CMig_084-Ex1_L3_clmp.fp2_repr.R2.fq.gz, outs=fq_fp1_clmp_fp2_fqscrn_repaired/orphans/Leq-CMig_084-Ex1_L3_clmp.fp2_repr.orph.fq, repair]

Set INTERLEAVED to false
Started output stream.

Input:                  	5376658 reads 		752314389 bases.
Result:                 	5376658 reads (100.00%) 	752314389 bases (100.00%)
Pairs:                  	5234930 reads (97.36%) 	732464150 bases (97.36%)
Singletons:             	141728 reads (2.64%) 	19850239 bases (2.64%)

Time:                         	125.689 seconds.
Reads Processed:       5376k 	42.78k reads/sec
Bases Processed:        752m 	5.99m bases/sec
java -ea -Xmx14281m -cp /opt/conda/opt/bbmap-38.90-3/current/ jgi.SplitPairsAndSingles rp in1=fq_fp1_clmp_fp2_fqscrn/Leq-ABas_058_Ex1_L3_clmp.fp2_r1.tagged_filter.fastq.gz in2=fq_fp1_clmp_fp2_fqscrn/Leq-ABas_058_Ex1_L3_clmp.fp2_r2.tagged_filter.fastq.gz out1=fq_fp1_clmp_fp2_fqscrn_repaired/Leq-ABas_058_Ex1_L3_clmp.fp2_repr.R1.fq.gz out2=fq_fp1_clmp_fp2_fqscrn_repaired/Leq-ABas_058_Ex1_L3_clmp.fp2_repr.R2.fq.gz outs=fq_fp1_clmp_fp2_fqscrn_repaired/orphans/Leq-ABas_058_Ex1_L3_clmp.fp2_repr.orph.fq repair
Executing jgi.SplitPairsAndSingles [rp, in1=fq_fp1_clmp_fp2_fqscrn/Leq-ABas_058_Ex1_L3_clmp.fp2_r1.tagged_filter.fastq.gz, in2=fq_fp1_clmp_fp2_fqscrn/Leq-ABas_058_Ex1_L3_clmp.fp2_r2.tagged_filter.fastq.gz, out1=fq_fp1_clmp_fp2_fqscrn_repaired/Leq-ABas_058_Ex1_L3_clmp.fp2_repr.R1.fq.gz, out2=fq_fp1_clmp_fp2_fqscrn_repaired/Leq-ABas_058_Ex1_L3_clmp.fp2_repr.R2.fq.gz, outs=fq_fp1_clmp_fp2_fqscrn_repaired/orphans/Leq-ABas_058_Ex1_L3_clmp.fp2_repr.orph.fq, repair]

Set INTERLEAVED to false
Started output stream.

Input:                  	23300586 reads 		3125763816 bases.
Result:                 	23300586 reads (100.00%) 	3125763816 bases (100.00%)
Pairs:                  	22626932 reads (97.11%) 	3034540000 bases (97.08%)
Singletons:             	673654 reads (2.89%) 	91223816 bases (2.92%)

Time:                         	571.380 seconds.
Reads Processed:      23300k 	40.78k reads/sec
Bases Processed:       3125m 	5.47m bases/sec
java -ea -Xmx47258m -cp /opt/conda/opt/bbmap-38.90-3/current/ jgi.SplitPairsAndSingles rp in1=fq_fp1_clmp_fp2_fqscrn/Leq-CMig_085-Ex1_L3_clmp.fp2_r1.tagged_filter.fastq.gz in2=fq_fp1_clmp_fp2_fqscrn/Leq-CMig_085-Ex1_L3_clmp.fp2_r2.tagged_filter.fastq.gz out1=fq_fp1_clmp_fp2_fqscrn_repaired/Leq-CMig_085-Ex1_L3_clmp.fp2_repr.R1.fq.gz out2=fq_fp1_clmp_fp2_fqscrn_repaired/Leq-CMig_085-Ex1_L3_clmp.fp2_repr.R2.fq.gz outs=fq_fp1_clmp_fp2_fqscrn_repaired/orphans/Leq-CMig_085-Ex1_L3_clmp.fp2_repr.orph.fq repair
Executing jgi.SplitPairsAndSingles [rp, in1=fq_fp1_clmp_fp2_fqscrn/Leq-CMig_085-Ex1_L3_clmp.fp2_r1.tagged_filter.fastq.gz, in2=fq_fp1_clmp_fp2_fqscrn/Leq-CMig_085-Ex1_L3_clmp.fp2_r2.tagged_filter.fastq.gz, out1=fq_fp1_clmp_fp2_fqscrn_repaired/Leq-CMig_085-Ex1_L3_clmp.fp2_repr.R1.fq.gz, out2=fq_fp1_clmp_fp2_fqscrn_repaired/Leq-CMig_085-Ex1_L3_clmp.fp2_repr.R2.fq.gz, outs=fq_fp1_clmp_fp2_fqscrn_repaired/orphans/Leq-CMig_085-Ex1_L3_clmp.fp2_repr.orph.fq, repair]

Set INTERLEAVED to false
Started output stream.

Input:                  	6775529 reads 		956763811 bases.
Result:                 	6775529 reads (100.00%) 	956763811 bases (100.00%)
Pairs:                  	6588266 reads (97.24%) 	930261085 bases (97.23%)
Singletons:             	187263 reads (2.76%) 	26502726 bases (2.77%)

Time:                         	141.400 seconds.
Reads Processed:       6775k 	47.92k reads/sec
Bases Processed:        956m 	6.77m bases/sec
java -ea -Xmx50298m -cp /opt/conda/opt/bbmap-38.90-3/current/ jgi.SplitPairsAndSingles rp in1=fq_fp1_clmp_fp2_fqscrn/Leq-CMig_096-Ex1_L3_clmp.fp2_r1.tagged_filter.fastq.gz in2=fq_fp1_clmp_fp2_fqscrn/Leq-CMig_096-Ex1_L3_clmp.fp2_r2.tagged_filter.fastq.gz out1=fq_fp1_clmp_fp2_fqscrn_repaired/Leq-CMig_096-Ex1_L3_clmp.fp2_repr.R1.fq.gz out2=fq_fp1_clmp_fp2_fqscrn_repaired/Leq-CMig_096-Ex1_L3_clmp.fp2_repr.R2.fq.gz outs=fq_fp1_clmp_fp2_fqscrn_repaired/orphans/Leq-CMig_096-Ex1_L3_clmp.fp2_repr.orph.fq repair
Executing jgi.SplitPairsAndSingles [rp, in1=fq_fp1_clmp_fp2_fqscrn/Leq-CMig_096-Ex1_L3_clmp.fp2_r1.tagged_filter.fastq.gz, in2=fq_fp1_clmp_fp2_fqscrn/Leq-CMig_096-Ex1_L3_clmp.fp2_r2.tagged_filter.fastq.gz, out1=fq_fp1_clmp_fp2_fqscrn_repaired/Leq-CMig_096-Ex1_L3_clmp.fp2_repr.R1.fq.gz, out2=fq_fp1_clmp_fp2_fqscrn_repaired/Leq-CMig_096-Ex1_L3_clmp.fp2_repr.R2.fq.gz, outs=fq_fp1_clmp_fp2_fqscrn_repaired/orphans/Leq-CMig_096-Ex1_L3_clmp.fp2_repr.orph.fq, repair]

Set INTERLEAVED to false
Started output stream.

Input:                  	5862536 reads 		816463571 bases.
Result:                 	5862536 reads (100.00%) 	816463571 bases (100.00%)
Pairs:                  	5709968 reads (97.40%) 	795162598 bases (97.39%)
Singletons:             	152568 reads (2.60%) 	21300973 bases (2.61%)

Time:                         	111.272 seconds.
Reads Processed:       5862k 	52.69k reads/sec
Bases Processed:        816m 	7.34m bases/sec
java -ea -Xmx48426m -cp /opt/conda/opt/bbmap-38.90-3/current/ jgi.SplitPairsAndSingles rp in1=fq_fp1_clmp_fp2_fqscrn/Leq-CMig_079-Ex1_L3_clmp.fp2_r1.tagged_filter.fastq.gz in2=fq_fp1_clmp_fp2_fqscrn/Leq-CMig_079-Ex1_L3_clmp.fp2_r2.tagged_filter.fastq.gz out1=fq_fp1_clmp_fp2_fqscrn_repaired/Leq-CMig_079-Ex1_L3_clmp.fp2_repr.R1.fq.gz out2=fq_fp1_clmp_fp2_fqscrn_repaired/Leq-CMig_079-Ex1_L3_clmp.fp2_repr.R2.fq.gz outs=fq_fp1_clmp_fp2_fqscrn_repaired/orphans/Leq-CMig_079-Ex1_L3_clmp.fp2_repr.orph.fq repair
Executing jgi.SplitPairsAndSingles [rp, in1=fq_fp1_clmp_fp2_fqscrn/Leq-CMig_079-Ex1_L3_clmp.fp2_r1.tagged_filter.fastq.gz, in2=fq_fp1_clmp_fp2_fqscrn/Leq-CMig_079-Ex1_L3_clmp.fp2_r2.tagged_filter.fastq.gz, out1=fq_fp1_clmp_fp2_fqscrn_repaired/Leq-CMig_079-Ex1_L3_clmp.fp2_repr.R1.fq.gz, out2=fq_fp1_clmp_fp2_fqscrn_repaired/Leq-CMig_079-Ex1_L3_clmp.fp2_repr.R2.fq.gz, outs=fq_fp1_clmp_fp2_fqscrn_repaired/orphans/Leq-CMig_079-Ex1_L3_clmp.fp2_repr.orph.fq, repair]

Set INTERLEAVED to false
Started output stream.

Input:                  	7777976 reads 		1098129990 bases.
Result:                 	7777976 reads (100.00%) 	1098129990 bases (100.00%)
Pairs:                  	7559390 reads (97.19%) 	1067233913 bases (97.19%)
Singletons:             	218586 reads (2.81%) 	30896077 bases (2.81%)

Time:                         	157.622 seconds.
Reads Processed:       7777k 	49.35k reads/sec
Bases Processed:       1098m 	6.97m bases/sec
java -ea -Xmx51643m -cp /opt/conda/opt/bbmap-38.90-3/current/ jgi.SplitPairsAndSingles rp in1=fq_fp1_clmp_fp2_fqscrn/Leq-CMig_093-Ex1_L3_clmp.fp2_r1.tagged_filter.fastq.gz in2=fq_fp1_clmp_fp2_fqscrn/Leq-CMig_093-Ex1_L3_clmp.fp2_r2.tagged_filter.fastq.gz out1=fq_fp1_clmp_fp2_fqscrn_repaired/Leq-CMig_093-Ex1_L3_clmp.fp2_repr.R1.fq.gz out2=fq_fp1_clmp_fp2_fqscrn_repaired/Leq-CMig_093-Ex1_L3_clmp.fp2_repr.R2.fq.gz outs=fq_fp1_clmp_fp2_fqscrn_repaired/orphans/Leq-CMig_093-Ex1_L3_clmp.fp2_repr.orph.fq repair
Executing jgi.SplitPairsAndSingles [rp, in1=fq_fp1_clmp_fp2_fqscrn/Leq-CMig_093-Ex1_L3_clmp.fp2_r1.tagged_filter.fastq.gz, in2=fq_fp1_clmp_fp2_fqscrn/Leq-CMig_093-Ex1_L3_clmp.fp2_r2.tagged_filter.fastq.gz, out1=fq_fp1_clmp_fp2_fqscrn_repaired/Leq-CMig_093-Ex1_L3_clmp.fp2_repr.R1.fq.gz, out2=fq_fp1_clmp_fp2_fqscrn_repaired/Leq-CMig_093-Ex1_L3_clmp.fp2_repr.R2.fq.gz, outs=fq_fp1_clmp_fp2_fqscrn_repaired/orphans/Leq-CMig_093-Ex1_L3_clmp.fp2_repr.orph.fq, repair]

Set INTERLEAVED to false
Started output stream.

Input:                  	6553489 reads 		926512833 bases.
Result:                 	6553489 reads (100.00%) 	926512833 bases (100.00%)
Pairs:                  	6362648 reads (97.09%) 	899442066 bases (97.08%)
Singletons:             	190841 reads (2.91%) 	27070767 bases (2.92%)

Time:                         	121.911 seconds.
Reads Processed:       6553k 	53.76k reads/sec
Bases Processed:        926m 	7.60m bases/sec
java -ea -Xmx43202m -cp /opt/conda/opt/bbmap-38.90-3/current/ jgi.SplitPairsAndSingles rp in1=fq_fp1_clmp_fp2_fqscrn/Leq-CMig_065-Ex1_L3_clmp.fp2_r1.tagged_filter.fastq.gz in2=fq_fp1_clmp_fp2_fqscrn/Leq-CMig_065-Ex1_L3_clmp.fp2_r2.tagged_filter.fastq.gz out1=fq_fp1_clmp_fp2_fqscrn_repaired/Leq-CMig_065-Ex1_L3_clmp.fp2_repr.R1.fq.gz out2=fq_fp1_clmp_fp2_fqscrn_repaired/Leq-CMig_065-Ex1_L3_clmp.fp2_repr.R2.fq.gz outs=fq_fp1_clmp_fp2_fqscrn_repaired/orphans/Leq-CMig_065-Ex1_L3_clmp.fp2_repr.orph.fq repair
Executing jgi.SplitPairsAndSingles [rp, in1=fq_fp1_clmp_fp2_fqscrn/Leq-CMig_065-Ex1_L3_clmp.fp2_r1.tagged_filter.fastq.gz, in2=fq_fp1_clmp_fp2_fqscrn/Leq-CMig_065-Ex1_L3_clmp.fp2_r2.tagged_filter.fastq.gz, out1=fq_fp1_clmp_fp2_fqscrn_repaired/Leq-CMig_065-Ex1_L3_clmp.fp2_repr.R1.fq.gz, out2=fq_fp1_clmp_fp2_fqscrn_repaired/Leq-CMig_065-Ex1_L3_clmp.fp2_repr.R2.fq.gz, outs=fq_fp1_clmp_fp2_fqscrn_repaired/orphans/Leq-CMig_065-Ex1_L3_clmp.fp2_repr.orph.fq, repair]

Set INTERLEAVED to false
Started output stream.

Input:                  	11441105 reads 		1608331804 bases.
Result:                 	11441105 reads (100.00%) 	1608331804 bases (100.00%)
Pairs:                  	11134446 reads (97.32%) 	1565079645 bases (97.31%)
Singletons:             	306659 reads (2.68%) 	43252159 bases (2.69%)

Time:                         	253.482 seconds.
Reads Processed:      11441k 	45.14k reads/sec
Bases Processed:       1608m 	6.34m bases/sec
java -ea -Xmx51756m -cp /opt/conda/opt/bbmap-38.90-3/current/ jgi.SplitPairsAndSingles rp in1=fq_fp1_clmp_fp2_fqscrn/Leq-CMig_095-Ex1_L3_clmp.fp2_r1.tagged_filter.fastq.gz in2=fq_fp1_clmp_fp2_fqscrn/Leq-CMig_095-Ex1_L3_clmp.fp2_r2.tagged_filter.fastq.gz out1=fq_fp1_clmp_fp2_fqscrn_repaired/Leq-CMig_095-Ex1_L3_clmp.fp2_repr.R1.fq.gz out2=fq_fp1_clmp_fp2_fqscrn_repaired/Leq-CMig_095-Ex1_L3_clmp.fp2_repr.R2.fq.gz outs=fq_fp1_clmp_fp2_fqscrn_repaired/orphans/Leq-CMig_095-Ex1_L3_clmp.fp2_repr.orph.fq repair
Executing jgi.SplitPairsAndSingles [rp, in1=fq_fp1_clmp_fp2_fqscrn/Leq-CMig_095-Ex1_L3_clmp.fp2_r1.tagged_filter.fastq.gz, in2=fq_fp1_clmp_fp2_fqscrn/Leq-CMig_095-Ex1_L3_clmp.fp2_r2.tagged_filter.fastq.gz, out1=fq_fp1_clmp_fp2_fqscrn_repaired/Leq-CMig_095-Ex1_L3_clmp.fp2_repr.R1.fq.gz, out2=fq_fp1_clmp_fp2_fqscrn_repaired/Leq-CMig_095-Ex1_L3_clmp.fp2_repr.R2.fq.gz, outs=fq_fp1_clmp_fp2_fqscrn_repaired/orphans/Leq-CMig_095-Ex1_L3_clmp.fp2_repr.orph.fq, repair]

Set INTERLEAVED to false
Started output stream.

Input:                  	6865326 reads 		968481912 bases.
Result:                 	6865326 reads (100.00%) 	968481912 bases (100.00%)
Pairs:                  	6671314 reads (97.17%) 	941088994 bases (97.17%)
Singletons:             	194012 reads (2.83%) 	27392918 bases (2.83%)

Time:                         	127.943 seconds.
Reads Processed:       6865k 	53.66k reads/sec
Bases Processed:        968m 	7.57m bases/sec
java -ea -Xmx48025m -cp /opt/conda/opt/bbmap-38.90-3/current/ jgi.SplitPairsAndSingles rp in1=fq_fp1_clmp_fp2_fqscrn/Leq-CMig_068-Ex1_L3_clmp.fp2_r1.tagged_filter.fastq.gz in2=fq_fp1_clmp_fp2_fqscrn/Leq-CMig_068-Ex1_L3_clmp.fp2_r2.tagged_filter.fastq.gz out1=fq_fp1_clmp_fp2_fqscrn_repaired/Leq-CMig_068-Ex1_L3_clmp.fp2_repr.R1.fq.gz out2=fq_fp1_clmp_fp2_fqscrn_repaired/Leq-CMig_068-Ex1_L3_clmp.fp2_repr.R2.fq.gz outs=fq_fp1_clmp_fp2_fqscrn_repaired/orphans/Leq-CMig_068-Ex1_L3_clmp.fp2_repr.orph.fq repair
Executing jgi.SplitPairsAndSingles [rp, in1=fq_fp1_clmp_fp2_fqscrn/Leq-CMig_068-Ex1_L3_clmp.fp2_r1.tagged_filter.fastq.gz, in2=fq_fp1_clmp_fp2_fqscrn/Leq-CMig_068-Ex1_L3_clmp.fp2_r2.tagged_filter.fastq.gz, out1=fq_fp1_clmp_fp2_fqscrn_repaired/Leq-CMig_068-Ex1_L3_clmp.fp2_repr.R1.fq.gz, out2=fq_fp1_clmp_fp2_fqscrn_repaired/Leq-CMig_068-Ex1_L3_clmp.fp2_repr.R2.fq.gz, outs=fq_fp1_clmp_fp2_fqscrn_repaired/orphans/Leq-CMig_068-Ex1_L3_clmp.fp2_repr.orph.fq, repair]

Set INTERLEAVED to false
Started output stream.

Input:                  	10084704 reads 		1424164197 bases.
Result:                 	10084704 reads (100.00%) 	1424164197 bases (100.00%)
Pairs:                  	9815968 reads (97.34%) 	1386086476 bases (97.33%)
Singletons:             	268736 reads (2.66%) 	38077721 bases (2.67%)

Time:                         	225.696 seconds.
Reads Processed:      10084k 	44.68k reads/sec
Bases Processed:       1424m 	6.31m bases/sec
java -ea -Xmx48110m -cp /opt/conda/opt/bbmap-38.90-3/current/ jgi.SplitPairsAndSingles rp in1=fq_fp1_clmp_fp2_fqscrn/Leq-CMig_086-Ex1_L3_clmp.fp2_r1.tagged_filter.fastq.gz in2=fq_fp1_clmp_fp2_fqscrn/Leq-CMig_086-Ex1_L3_clmp.fp2_r2.tagged_filter.fastq.gz out1=fq_fp1_clmp_fp2_fqscrn_repaired/Leq-CMig_086-Ex1_L3_clmp.fp2_repr.R1.fq.gz out2=fq_fp1_clmp_fp2_fqscrn_repaired/Leq-CMig_086-Ex1_L3_clmp.fp2_repr.R2.fq.gz outs=fq_fp1_clmp_fp2_fqscrn_repaired/orphans/Leq-CMig_086-Ex1_L3_clmp.fp2_repr.orph.fq repair
Executing jgi.SplitPairsAndSingles [rp, in1=fq_fp1_clmp_fp2_fqscrn/Leq-CMig_086-Ex1_L3_clmp.fp2_r1.tagged_filter.fastq.gz, in2=fq_fp1_clmp_fp2_fqscrn/Leq-CMig_086-Ex1_L3_clmp.fp2_r2.tagged_filter.fastq.gz, out1=fq_fp1_clmp_fp2_fqscrn_repaired/Leq-CMig_086-Ex1_L3_clmp.fp2_repr.R1.fq.gz, out2=fq_fp1_clmp_fp2_fqscrn_repaired/Leq-CMig_086-Ex1_L3_clmp.fp2_repr.R2.fq.gz, outs=fq_fp1_clmp_fp2_fqscrn_repaired/orphans/Leq-CMig_086-Ex1_L3_clmp.fp2_repr.orph.fq, repair]

Set INTERLEAVED to false
Started output stream.

Input:                  	8004290 reads 		1127199806 bases.
Result:                 	8004290 reads (100.00%) 	1127199806 bases (100.00%)
Pairs:                  	7783180 reads (97.24%) 	1095957364 bases (97.23%)
Singletons:             	221110 reads (2.76%) 	31242442 bases (2.77%)

Time:                         	157.867 seconds.
Reads Processed:       8004k 	50.70k reads/sec
Bases Processed:       1127m 	7.14m bases/sec
java -ea -Xmx48025m -cp /opt/conda/opt/bbmap-38.90-3/current/ jgi.SplitPairsAndSingles rp in1=fq_fp1_clmp_fp2_fqscrn/Leq-CMig_066-Ex1_L3_clmp.fp2_r1.tagged_filter.fastq.gz in2=fq_fp1_clmp_fp2_fqscrn/Leq-CMig_066-Ex1_L3_clmp.fp2_r2.tagged_filter.fastq.gz out1=fq_fp1_clmp_fp2_fqscrn_repaired/Leq-CMig_066-Ex1_L3_clmp.fp2_repr.R1.fq.gz out2=fq_fp1_clmp_fp2_fqscrn_repaired/Leq-CMig_066-Ex1_L3_clmp.fp2_repr.R2.fq.gz outs=fq_fp1_clmp_fp2_fqscrn_repaired/orphans/Leq-CMig_066-Ex1_L3_clmp.fp2_repr.orph.fq repair
Executing jgi.SplitPairsAndSingles [rp, in1=fq_fp1_clmp_fp2_fqscrn/Leq-CMig_066-Ex1_L3_clmp.fp2_r1.tagged_filter.fastq.gz, in2=fq_fp1_clmp_fp2_fqscrn/Leq-CMig_066-Ex1_L3_clmp.fp2_r2.tagged_filter.fastq.gz, out1=fq_fp1_clmp_fp2_fqscrn_repaired/Leq-CMig_066-Ex1_L3_clmp.fp2_repr.R1.fq.gz, out2=fq_fp1_clmp_fp2_fqscrn_repaired/Leq-CMig_066-Ex1_L3_clmp.fp2_repr.R2.fq.gz, outs=fq_fp1_clmp_fp2_fqscrn_repaired/orphans/Leq-CMig_066-Ex1_L3_clmp.fp2_repr.orph.fq, repair]

Set INTERLEAVED to false
Started output stream.

Input:                  	10346640 reads 		1472420936 bases.
Result:                 	10346640 reads (100.00%) 	1472420936 bases (100.00%)
Pairs:                  	10017992 reads (96.82%) 	1425598821 bases (96.82%)
Singletons:             	328648 reads (3.18%) 	46822115 bases (3.18%)

Time:                         	227.283 seconds.
Reads Processed:      10346k 	45.52k reads/sec
Bases Processed:       1472m 	6.48m bases/sec
java -ea -Xmx156999m -cp /opt/conda/opt/bbmap-38.90-3/current/ jgi.SplitPairsAndSingles rp in1=fq_fp1_clmp_fp2_fqscrn/Leq-ABas_023_Ex1_L3_clmp.fp2_r1.tagged_filter.fastq.gz in2=fq_fp1_clmp_fp2_fqscrn/Leq-ABas_023_Ex1_L3_clmp.fp2_r2.tagged_filter.fastq.gz out1=fq_fp1_clmp_fp2_fqscrn_repaired/Leq-ABas_023_Ex1_L3_clmp.fp2_repr.R1.fq.gz out2=fq_fp1_clmp_fp2_fqscrn_repaired/Leq-ABas_023_Ex1_L3_clmp.fp2_repr.R2.fq.gz outs=fq_fp1_clmp_fp2_fqscrn_repaired/orphans/Leq-ABas_023_Ex1_L3_clmp.fp2_repr.orph.fq repair
Executing jgi.SplitPairsAndSingles [rp, in1=fq_fp1_clmp_fp2_fqscrn/Leq-ABas_023_Ex1_L3_clmp.fp2_r1.tagged_filter.fastq.gz, in2=fq_fp1_clmp_fp2_fqscrn/Leq-ABas_023_Ex1_L3_clmp.fp2_r2.tagged_filter.fastq.gz, out1=fq_fp1_clmp_fp2_fqscrn_repaired/Leq-ABas_023_Ex1_L3_clmp.fp2_repr.R1.fq.gz, out2=fq_fp1_clmp_fp2_fqscrn_repaired/Leq-ABas_023_Ex1_L3_clmp.fp2_repr.R2.fq.gz, outs=fq_fp1_clmp_fp2_fqscrn_repaired/orphans/Leq-ABas_023_Ex1_L3_clmp.fp2_repr.orph.fq, repair]

Set INTERLEAVED to false
Started output stream.

Input:                  	32521842 reads 		4442179999 bases.
Result:                 	32521842 reads (100.00%) 	4442179999 bases (100.00%)
Pairs:                  	31569032 reads (97.07%) 	4310955211 bases (97.05%)
Singletons:             	952810 reads (2.93%) 	131224788 bases (2.95%)

Time:                         	835.934 seconds.
Reads Processed:      32521k 	38.90k reads/sec
Bases Processed:       4442m 	5.31m bases/sec
java -ea -Xmx156914m -cp /opt/conda/opt/bbmap-38.90-3/current/ jgi.SplitPairsAndSingles rp in1=fq_fp1_clmp_fp2_fqscrn/Leq-ABas_009_Ex1_L3_clmp.fp2_r1.tagged_filter.fastq.gz in2=fq_fp1_clmp_fp2_fqscrn/Leq-ABas_009_Ex1_L3_clmp.fp2_r2.tagged_filter.fastq.gz out1=fq_fp1_clmp_fp2_fqscrn_repaired/Leq-ABas_009_Ex1_L3_clmp.fp2_repr.R1.fq.gz out2=fq_fp1_clmp_fp2_fqscrn_repaired/Leq-ABas_009_Ex1_L3_clmp.fp2_repr.R2.fq.gz outs=fq_fp1_clmp_fp2_fqscrn_repaired/orphans/Leq-ABas_009_Ex1_L3_clmp.fp2_repr.orph.fq repair
Executing jgi.SplitPairsAndSingles [rp, in1=fq_fp1_clmp_fp2_fqscrn/Leq-ABas_009_Ex1_L3_clmp.fp2_r1.tagged_filter.fastq.gz, in2=fq_fp1_clmp_fp2_fqscrn/Leq-ABas_009_Ex1_L3_clmp.fp2_r2.tagged_filter.fastq.gz, out1=fq_fp1_clmp_fp2_fqscrn_repaired/Leq-ABas_009_Ex1_L3_clmp.fp2_repr.R1.fq.gz, out2=fq_fp1_clmp_fp2_fqscrn_repaired/Leq-ABas_009_Ex1_L3_clmp.fp2_repr.R2.fq.gz, outs=fq_fp1_clmp_fp2_fqscrn_repaired/orphans/Leq-ABas_009_Ex1_L3_clmp.fp2_repr.orph.fq, repair]

Set INTERLEAVED to false
Started output stream.

Input:                  	34843819 reads 		4693616615 bases.
Result:                 	34843819 reads (100.00%) 	4693616615 bases (100.00%)
Pairs:                  	33958718 reads (97.46%) 	4573809857 bases (97.45%)
Singletons:             	885101 reads (2.54%) 	119806758 bases (2.55%)

Time:                         	836.761 seconds.
Reads Processed:      34843k 	41.64k reads/sec
Bases Processed:       4693m 	5.61m bases/sec
java -ea -Xmx45474m -cp /opt/conda/opt/bbmap-38.90-3/current/ jgi.SplitPairsAndSingles rp in1=fq_fp1_clmp_fp2_fqscrn/Leq-CMig_074-Ex1_L3_clmp.fp2_r1.tagged_filter.fastq.gz in2=fq_fp1_clmp_fp2_fqscrn/Leq-CMig_074-Ex1_L3_clmp.fp2_r2.tagged_filter.fastq.gz out1=fq_fp1_clmp_fp2_fqscrn_repaired/Leq-CMig_074-Ex1_L3_clmp.fp2_repr.R1.fq.gz out2=fq_fp1_clmp_fp2_fqscrn_repaired/Leq-CMig_074-Ex1_L3_clmp.fp2_repr.R2.fq.gz outs=fq_fp1_clmp_fp2_fqscrn_repaired/orphans/Leq-CMig_074-Ex1_L3_clmp.fp2_repr.orph.fq repair
Executing jgi.SplitPairsAndSingles [rp, in1=fq_fp1_clmp_fp2_fqscrn/Leq-CMig_074-Ex1_L3_clmp.fp2_r1.tagged_filter.fastq.gz, in2=fq_fp1_clmp_fp2_fqscrn/Leq-CMig_074-Ex1_L3_clmp.fp2_r2.tagged_filter.fastq.gz, out1=fq_fp1_clmp_fp2_fqscrn_repaired/Leq-CMig_074-Ex1_L3_clmp.fp2_repr.R1.fq.gz, out2=fq_fp1_clmp_fp2_fqscrn_repaired/Leq-CMig_074-Ex1_L3_clmp.fp2_repr.R2.fq.gz, outs=fq_fp1_clmp_fp2_fqscrn_repaired/orphans/Leq-CMig_074-Ex1_L3_clmp.fp2_repr.orph.fq, repair]

Set INTERLEAVED to false
Started output stream.

Input:                  	10300240 reads 		1458168110 bases.
Result:                 	10300240 reads (100.00%) 	1458168110 bases (100.00%)
Pairs:                  	10010296 reads (97.19%) 	1416936460 bases (97.17%)
Singletons:             	289944 reads (2.81%) 	41231650 bases (2.83%)

Time:                         	201.930 seconds.
Reads Processed:      10300k 	51.01k reads/sec
Bases Processed:       1458m 	7.22m bases/sec
java -ea -Xmx48730m -cp /opt/conda/opt/bbmap-38.90-3/current/ jgi.SplitPairsAndSingles rp in1=fq_fp1_clmp_fp2_fqscrn/Leq-CMig_089-Ex1_L3_clmp.fp2_r1.tagged_filter.fastq.gz in2=fq_fp1_clmp_fp2_fqscrn/Leq-CMig_089-Ex1_L3_clmp.fp2_r2.tagged_filter.fastq.gz out1=fq_fp1_clmp_fp2_fqscrn_repaired/Leq-CMig_089-Ex1_L3_clmp.fp2_repr.R1.fq.gz out2=fq_fp1_clmp_fp2_fqscrn_repaired/Leq-CMig_089-Ex1_L3_clmp.fp2_repr.R2.fq.gz outs=fq_fp1_clmp_fp2_fqscrn_repaired/orphans/Leq-CMig_089-Ex1_L3_clmp.fp2_repr.orph.fq repair
Executing jgi.SplitPairsAndSingles [rp, in1=fq_fp1_clmp_fp2_fqscrn/Leq-CMig_089-Ex1_L3_clmp.fp2_r1.tagged_filter.fastq.gz, in2=fq_fp1_clmp_fp2_fqscrn/Leq-CMig_089-Ex1_L3_clmp.fp2_r2.tagged_filter.fastq.gz, out1=fq_fp1_clmp_fp2_fqscrn_repaired/Leq-CMig_089-Ex1_L3_clmp.fp2_repr.R1.fq.gz, out2=fq_fp1_clmp_fp2_fqscrn_repaired/Leq-CMig_089-Ex1_L3_clmp.fp2_repr.R2.fq.gz, outs=fq_fp1_clmp_fp2_fqscrn_repaired/orphans/Leq-CMig_089-Ex1_L3_clmp.fp2_repr.orph.fq, repair]

Set INTERLEAVED to false
Started output stream.

Input:                  	8793582 reads 		1242851480 bases.
Result:                 	8793582 reads (100.00%) 	1242851480 bases (100.00%)
Pairs:                  	8551938 reads (97.25%) 	1208592137 bases (97.24%)
Singletons:             	241644 reads (2.75%) 	34259343 bases (2.76%)

Time:                         	161.622 seconds.
Reads Processed:       8793k 	54.41k reads/sec
Bases Processed:       1242m 	7.69m bases/sec
java -ea -Xmx45432m -cp /opt/conda/opt/bbmap-38.90-3/current/ jgi.SplitPairsAndSingles rp in1=fq_fp1_clmp_fp2_fqscrn/Leq-CMig_073-Ex1_L3_clmp.fp2_r1.tagged_filter.fastq.gz in2=fq_fp1_clmp_fp2_fqscrn/Leq-CMig_073-Ex1_L3_clmp.fp2_r2.tagged_filter.fastq.gz out1=fq_fp1_clmp_fp2_fqscrn_repaired/Leq-CMig_073-Ex1_L3_clmp.fp2_repr.R1.fq.gz out2=fq_fp1_clmp_fp2_fqscrn_repaired/Leq-CMig_073-Ex1_L3_clmp.fp2_repr.R2.fq.gz outs=fq_fp1_clmp_fp2_fqscrn_repaired/orphans/Leq-CMig_073-Ex1_L3_clmp.fp2_repr.orph.fq repair
Executing jgi.SplitPairsAndSingles [rp, in1=fq_fp1_clmp_fp2_fqscrn/Leq-CMig_073-Ex1_L3_clmp.fp2_r1.tagged_filter.fastq.gz, in2=fq_fp1_clmp_fp2_fqscrn/Leq-CMig_073-Ex1_L3_clmp.fp2_r2.tagged_filter.fastq.gz, out1=fq_fp1_clmp_fp2_fqscrn_repaired/Leq-CMig_073-Ex1_L3_clmp.fp2_repr.R1.fq.gz, out2=fq_fp1_clmp_fp2_fqscrn_repaired/Leq-CMig_073-Ex1_L3_clmp.fp2_repr.R2.fq.gz, outs=fq_fp1_clmp_fp2_fqscrn_repaired/orphans/Leq-CMig_073-Ex1_L3_clmp.fp2_repr.orph.fq, repair]

Set INTERLEAVED to false
Started output stream.

Input:                  	11204148 reads 		1592172446 bases.
Result:                 	11204148 reads (100.00%) 	1592172446 bases (100.00%)
Pairs:                  	10858194 reads (96.91%) 	1542835226 bases (96.90%)
Singletons:             	345954 reads (3.09%) 	49337220 bases (3.10%)

Time:                         	209.849 seconds.
Reads Processed:      11204k 	53.39k reads/sec
Bases Processed:       1592m 	7.59m bases/sec
java -ea -Xmx49528m -cp /opt/conda/opt/bbmap-38.90-3/current/ jgi.SplitPairsAndSingles rp in1=fq_fp1_clmp_fp2_fqscrn/Leq-CMig_092-Ex1_L3_clmp.fp2_r1.tagged_filter.fastq.gz in2=fq_fp1_clmp_fp2_fqscrn/Leq-CMig_092-Ex1_L3_clmp.fp2_r2.tagged_filter.fastq.gz out1=fq_fp1_clmp_fp2_fqscrn_repaired/Leq-CMig_092-Ex1_L3_clmp.fp2_repr.R1.fq.gz out2=fq_fp1_clmp_fp2_fqscrn_repaired/Leq-CMig_092-Ex1_L3_clmp.fp2_repr.R2.fq.gz outs=fq_fp1_clmp_fp2_fqscrn_repaired/orphans/Leq-CMig_092-Ex1_L3_clmp.fp2_repr.orph.fq repair
Executing jgi.SplitPairsAndSingles [rp, in1=fq_fp1_clmp_fp2_fqscrn/Leq-CMig_092-Ex1_L3_clmp.fp2_r1.tagged_filter.fastq.gz, in2=fq_fp1_clmp_fp2_fqscrn/Leq-CMig_092-Ex1_L3_clmp.fp2_r2.tagged_filter.fastq.gz, out1=fq_fp1_clmp_fp2_fqscrn_repaired/Leq-CMig_092-Ex1_L3_clmp.fp2_repr.R1.fq.gz, out2=fq_fp1_clmp_fp2_fqscrn_repaired/Leq-CMig_092-Ex1_L3_clmp.fp2_repr.R2.fq.gz, outs=fq_fp1_clmp_fp2_fqscrn_repaired/orphans/Leq-CMig_092-Ex1_L3_clmp.fp2_repr.orph.fq, repair]

Set INTERLEAVED to false
Started output stream.

Input:                  	9062609 reads 		1277893217 bases.
Result:                 	9062609 reads (100.00%) 	1277893217 bases (100.00%)
Pairs:                  	8804532 reads (97.15%) 	1241318319 bases (97.14%)
Singletons:             	258077 reads (2.85%) 	36574898 bases (2.86%)

Time:                         	151.986 seconds.
Reads Processed:       9062k 	59.63k reads/sec
Bases Processed:       1277m 	8.41m bases/sec
java -ea -Xmx47807m -cp /opt/conda/opt/bbmap-38.90-3/current/ jgi.SplitPairsAndSingles rp in1=fq_fp1_clmp_fp2_fqscrn/Leq-CMig_091-Ex1_L3_clmp.fp2_r1.tagged_filter.fastq.gz in2=fq_fp1_clmp_fp2_fqscrn/Leq-CMig_091-Ex1_L3_clmp.fp2_r2.tagged_filter.fastq.gz out1=fq_fp1_clmp_fp2_fqscrn_repaired/Leq-CMig_091-Ex1_L3_clmp.fp2_repr.R1.fq.gz out2=fq_fp1_clmp_fp2_fqscrn_repaired/Leq-CMig_091-Ex1_L3_clmp.fp2_repr.R2.fq.gz outs=fq_fp1_clmp_fp2_fqscrn_repaired/orphans/Leq-CMig_091-Ex1_L3_clmp.fp2_repr.orph.fq repair
Executing jgi.SplitPairsAndSingles [rp, in1=fq_fp1_clmp_fp2_fqscrn/Leq-CMig_091-Ex1_L3_clmp.fp2_r1.tagged_filter.fastq.gz, in2=fq_fp1_clmp_fp2_fqscrn/Leq-CMig_091-Ex1_L3_clmp.fp2_r2.tagged_filter.fastq.gz, out1=fq_fp1_clmp_fp2_fqscrn_repaired/Leq-CMig_091-Ex1_L3_clmp.fp2_repr.R1.fq.gz, out2=fq_fp1_clmp_fp2_fqscrn_repaired/Leq-CMig_091-Ex1_L3_clmp.fp2_repr.R2.fq.gz, outs=fq_fp1_clmp_fp2_fqscrn_repaired/orphans/Leq-CMig_091-Ex1_L3_clmp.fp2_repr.orph.fq, repair]

Set INTERLEAVED to false
Started output stream.

Input:                  	8994457 reads 		1281645614 bases.
Result:                 	8994457 reads (100.00%) 	1281645614 bases (100.00%)
Pairs:                  	8700394 reads (96.73%) 	1239604013 bases (96.72%)
Singletons:             	294063 reads (3.27%) 	42041601 bases (3.28%)

Time:                         	157.018 seconds.
Reads Processed:       8994k 	57.28k reads/sec
Bases Processed:       1281m 	8.16m bases/sec
java -ea -Xmx48426m -cp /opt/conda/opt/bbmap-38.90-3/current/ jgi.SplitPairsAndSingles rp in1=fq_fp1_clmp_fp2_fqscrn/Leq-CMig_081-Ex1_L3_clmp.fp2_r1.tagged_filter.fastq.gz in2=fq_fp1_clmp_fp2_fqscrn/Leq-CMig_081-Ex1_L3_clmp.fp2_r2.tagged_filter.fastq.gz out1=fq_fp1_clmp_fp2_fqscrn_repaired/Leq-CMig_081-Ex1_L3_clmp.fp2_repr.R1.fq.gz out2=fq_fp1_clmp_fp2_fqscrn_repaired/Leq-CMig_081-Ex1_L3_clmp.fp2_repr.R2.fq.gz outs=fq_fp1_clmp_fp2_fqscrn_repaired/orphans/Leq-CMig_081-Ex1_L3_clmp.fp2_repr.orph.fq repair
Executing jgi.SplitPairsAndSingles [rp, in1=fq_fp1_clmp_fp2_fqscrn/Leq-CMig_081-Ex1_L3_clmp.fp2_r1.tagged_filter.fastq.gz, in2=fq_fp1_clmp_fp2_fqscrn/Leq-CMig_081-Ex1_L3_clmp.fp2_r2.tagged_filter.fastq.gz, out1=fq_fp1_clmp_fp2_fqscrn_repaired/Leq-CMig_081-Ex1_L3_clmp.fp2_repr.R1.fq.gz, out2=fq_fp1_clmp_fp2_fqscrn_repaired/Leq-CMig_081-Ex1_L3_clmp.fp2_repr.R2.fq.gz, outs=fq_fp1_clmp_fp2_fqscrn_repaired/orphans/Leq-CMig_081-Ex1_L3_clmp.fp2_repr.orph.fq, repair]

Set INTERLEAVED to false
Started output stream.

Input:                  	10793006 reads 		1533647287 bases.
Result:                 	10793006 reads (100.00%) 	1533647287 bases (100.00%)
Pairs:                  	10428006 reads (96.62%) 	1481648000 bases (96.61%)
Singletons:             	365000 reads (3.38%) 	51999287 bases (3.39%)

Time:                         	191.076 seconds.
Reads Processed:      10793k 	56.49k reads/sec
Bases Processed:       1533m 	8.03m bases/sec
java -ea -Xmx14313m -cp /opt/conda/opt/bbmap-38.90-3/current/ jgi.SplitPairsAndSingles rp in1=fq_fp1_clmp_fp2_fqscrn/Leq-ABas_056_Ex1_L3_clmp.fp2_r1.tagged_filter.fastq.gz in2=fq_fp1_clmp_fp2_fqscrn/Leq-ABas_056_Ex1_L3_clmp.fp2_r2.tagged_filter.fastq.gz out1=fq_fp1_clmp_fp2_fqscrn_repaired/Leq-ABas_056_Ex1_L3_clmp.fp2_repr.R1.fq.gz out2=fq_fp1_clmp_fp2_fqscrn_repaired/Leq-ABas_056_Ex1_L3_clmp.fp2_repr.R2.fq.gz outs=fq_fp1_clmp_fp2_fqscrn_repaired/orphans/Leq-ABas_056_Ex1_L3_clmp.fp2_repr.orph.fq repair
Executing jgi.SplitPairsAndSingles [rp, in1=fq_fp1_clmp_fp2_fqscrn/Leq-ABas_056_Ex1_L3_clmp.fp2_r1.tagged_filter.fastq.gz, in2=fq_fp1_clmp_fp2_fqscrn/Leq-ABas_056_Ex1_L3_clmp.fp2_r2.tagged_filter.fastq.gz, out1=fq_fp1_clmp_fp2_fqscrn_repaired/Leq-ABas_056_Ex1_L3_clmp.fp2_repr.R1.fq.gz, out2=fq_fp1_clmp_fp2_fqscrn_repaired/Leq-ABas_056_Ex1_L3_clmp.fp2_repr.R2.fq.gz, outs=fq_fp1_clmp_fp2_fqscrn_repaired/orphans/Leq-ABas_056_Ex1_L3_clmp.fp2_repr.orph.fq, repair]

Set INTERLEAVED to false
Started output stream.

Input:                  	27641708 reads 		3779917969 bases.
Result:                 	27641708 reads (100.00%) 	3779917969 bases (100.00%)
Pairs:                  	26788186 reads (96.91%) 	3662341765 bases (96.89%)
Singletons:             	853522 reads (3.09%) 	117576204 bases (3.11%)

Time:                         	634.479 seconds.
Reads Processed:      27641k 	43.57k reads/sec
Bases Processed:       3779m 	5.96m bases/sec
java -ea -Xmx48074m -cp /opt/conda/opt/bbmap-38.90-3/current/ jgi.SplitPairsAndSingles rp in1=fq_fp1_clmp_fp2_fqscrn/Leq-CMig_087-Ex1_L3_clmp.fp2_r1.tagged_filter.fastq.gz in2=fq_fp1_clmp_fp2_fqscrn/Leq-CMig_087-Ex1_L3_clmp.fp2_r2.tagged_filter.fastq.gz out1=fq_fp1_clmp_fp2_fqscrn_repaired/Leq-CMig_087-Ex1_L3_clmp.fp2_repr.R1.fq.gz out2=fq_fp1_clmp_fp2_fqscrn_repaired/Leq-CMig_087-Ex1_L3_clmp.fp2_repr.R2.fq.gz outs=fq_fp1_clmp_fp2_fqscrn_repaired/orphans/Leq-CMig_087-Ex1_L3_clmp.fp2_repr.orph.fq repair
Executing jgi.SplitPairsAndSingles [rp, in1=fq_fp1_clmp_fp2_fqscrn/Leq-CMig_087-Ex1_L3_clmp.fp2_r1.tagged_filter.fastq.gz, in2=fq_fp1_clmp_fp2_fqscrn/Leq-CMig_087-Ex1_L3_clmp.fp2_r2.tagged_filter.fastq.gz, out1=fq_fp1_clmp_fp2_fqscrn_repaired/Leq-CMig_087-Ex1_L3_clmp.fp2_repr.R1.fq.gz, out2=fq_fp1_clmp_fp2_fqscrn_repaired/Leq-CMig_087-Ex1_L3_clmp.fp2_repr.R2.fq.gz, outs=fq_fp1_clmp_fp2_fqscrn_repaired/orphans/Leq-CMig_087-Ex1_L3_clmp.fp2_repr.orph.fq, repair]

Set INTERLEAVED to false
Started output stream.

Input:                  	11272554 reads 		1593145743 bases.
Result:                 	11272554 reads (100.00%) 	1593145743 bases (100.00%)
Pairs:                  	10949498 reads (97.13%) 	1547369867 bases (97.13%)
Singletons:             	323056 reads (2.87%) 	45775876 bases (2.87%)

Time:                         	178.567 seconds.
Reads Processed:      11272k 	63.13k reads/sec
Bases Processed:       1593m 	8.92m bases/sec
java -ea -Xmx106889m -cp /opt/conda/opt/bbmap-38.90-3/current/ jgi.SplitPairsAndSingles rp in1=fq_fp1_clmp_fp2_fqscrn/Leq-ABas_034_Ex1_L3_clmp.fp2_r1.tagged_filter.fastq.gz in2=fq_fp1_clmp_fp2_fqscrn/Leq-ABas_034_Ex1_L3_clmp.fp2_r2.tagged_filter.fastq.gz out1=fq_fp1_clmp_fp2_fqscrn_repaired/Leq-ABas_034_Ex1_L3_clmp.fp2_repr.R1.fq.gz out2=fq_fp1_clmp_fp2_fqscrn_repaired/Leq-ABas_034_Ex1_L3_clmp.fp2_repr.R2.fq.gz outs=fq_fp1_clmp_fp2_fqscrn_repaired/orphans/Leq-ABas_034_Ex1_L3_clmp.fp2_repr.orph.fq repair
Executing jgi.SplitPairsAndSingles [rp, in1=fq_fp1_clmp_fp2_fqscrn/Leq-ABas_034_Ex1_L3_clmp.fp2_r1.tagged_filter.fastq.gz, in2=fq_fp1_clmp_fp2_fqscrn/Leq-ABas_034_Ex1_L3_clmp.fp2_r2.tagged_filter.fastq.gz, out1=fq_fp1_clmp_fp2_fqscrn_repaired/Leq-ABas_034_Ex1_L3_clmp.fp2_repr.R1.fq.gz, out2=fq_fp1_clmp_fp2_fqscrn_repaired/Leq-ABas_034_Ex1_L3_clmp.fp2_repr.R2.fq.gz, outs=fq_fp1_clmp_fp2_fqscrn_repaired/orphans/Leq-ABas_034_Ex1_L3_clmp.fp2_repr.orph.fq, repair]

Set INTERLEAVED to false
Started output stream.

Input:                  	37439834 reads 		5221392941 bases.
Result:                 	37439834 reads (100.00%) 	5221392941 bases (100.00%)
Pairs:                  	36096580 reads (96.41%) 	5032634594 bases (96.38%)
Singletons:             	1343254 reads (3.59%) 	188758347 bases (3.62%)

Time:                         	856.465 seconds.
Reads Processed:      37439k 	43.71k reads/sec
Bases Processed:       5221m 	6.10m bases/sec
java -ea -Xmx45250m -cp /opt/conda/opt/bbmap-38.90-3/current/ jgi.SplitPairsAndSingles rp in1=fq_fp1_clmp_fp2_fqscrn/Leq-CMig_077-Ex1_L3_clmp.fp2_r1.tagged_filter.fastq.gz in2=fq_fp1_clmp_fp2_fqscrn/Leq-CMig_077-Ex1_L3_clmp.fp2_r2.tagged_filter.fastq.gz out1=fq_fp1_clmp_fp2_fqscrn_repaired/Leq-CMig_077-Ex1_L3_clmp.fp2_repr.R1.fq.gz out2=fq_fp1_clmp_fp2_fqscrn_repaired/Leq-CMig_077-Ex1_L3_clmp.fp2_repr.R2.fq.gz outs=fq_fp1_clmp_fp2_fqscrn_repaired/orphans/Leq-CMig_077-Ex1_L3_clmp.fp2_repr.orph.fq repair
Executing jgi.SplitPairsAndSingles [rp, in1=fq_fp1_clmp_fp2_fqscrn/Leq-CMig_077-Ex1_L3_clmp.fp2_r1.tagged_filter.fastq.gz, in2=fq_fp1_clmp_fp2_fqscrn/Leq-CMig_077-Ex1_L3_clmp.fp2_r2.tagged_filter.fastq.gz, out1=fq_fp1_clmp_fp2_fqscrn_repaired/Leq-CMig_077-Ex1_L3_clmp.fp2_repr.R1.fq.gz, out2=fq_fp1_clmp_fp2_fqscrn_repaired/Leq-CMig_077-Ex1_L3_clmp.fp2_repr.R2.fq.gz, outs=fq_fp1_clmp_fp2_fqscrn_repaired/orphans/Leq-CMig_077-Ex1_L3_clmp.fp2_repr.orph.fq, repair]

Set INTERLEAVED to false
Started output stream.

Input:                  	14578130 reads 		2061027314 bases.
Result:                 	14578130 reads (100.00%) 	2061027314 bases (100.00%)
Pairs:                  	14147098 reads (97.04%) 	1999758914 bases (97.03%)
Singletons:             	431032 reads (2.96%) 	61268400 bases (2.97%)

Time:                         	210.315 seconds.
Reads Processed:      14578k 	69.32k reads/sec
Bases Processed:       2061m 	9.80m bases/sec
java -ea -Xmx156914m -cp /opt/conda/opt/bbmap-38.90-3/current/ jgi.SplitPairsAndSingles rp in1=fq_fp1_clmp_fp2_fqscrn/Leq-ABas_012_Ex1_L3_clmp.fp2_r1.tagged_filter.fastq.gz in2=fq_fp1_clmp_fp2_fqscrn/Leq-ABas_012_Ex1_L3_clmp.fp2_r2.tagged_filter.fastq.gz out1=fq_fp1_clmp_fp2_fqscrn_repaired/Leq-ABas_012_Ex1_L3_clmp.fp2_repr.R1.fq.gz out2=fq_fp1_clmp_fp2_fqscrn_repaired/Leq-ABas_012_Ex1_L3_clmp.fp2_repr.R2.fq.gz outs=fq_fp1_clmp_fp2_fqscrn_repaired/orphans/Leq-ABas_012_Ex1_L3_clmp.fp2_repr.orph.fq repair
Executing jgi.SplitPairsAndSingles [rp, in1=fq_fp1_clmp_fp2_fqscrn/Leq-ABas_012_Ex1_L3_clmp.fp2_r1.tagged_filter.fastq.gz, in2=fq_fp1_clmp_fp2_fqscrn/Leq-ABas_012_Ex1_L3_clmp.fp2_r2.tagged_filter.fastq.gz, out1=fq_fp1_clmp_fp2_fqscrn_repaired/Leq-ABas_012_Ex1_L3_clmp.fp2_repr.R1.fq.gz, out2=fq_fp1_clmp_fp2_fqscrn_repaired/Leq-ABas_012_Ex1_L3_clmp.fp2_repr.R2.fq.gz, outs=fq_fp1_clmp_fp2_fqscrn_repaired/orphans/Leq-ABas_012_Ex1_L3_clmp.fp2_repr.orph.fq, repair]

Set INTERLEAVED to false
Started output stream.

Input:                  	42434341 reads 		5655089436 bases.
Result:                 	42434341 reads (100.00%) 	5655089436 bases (100.00%)
Pairs:                  	41435198 reads (97.65%) 	5523980253 bases (97.68%)
Singletons:             	999143 reads (2.35%) 	131109183 bases (2.32%)

Time:                         	865.426 seconds.
Reads Processed:      42434k 	49.03k reads/sec
Bases Processed:       5655m 	6.53m bases/sec
java -ea -Xmx7664m -cp /opt/conda/opt/bbmap-38.90-3/current/ jgi.SplitPairsAndSingles rp in1=fq_fp1_clmp_fp2_fqscrn/Leq-ABas_053_Ex1_L3_clmp.fp2_r1.tagged_filter.fastq.gz in2=fq_fp1_clmp_fp2_fqscrn/Leq-ABas_053_Ex1_L3_clmp.fp2_r2.tagged_filter.fastq.gz out1=fq_fp1_clmp_fp2_fqscrn_repaired/Leq-ABas_053_Ex1_L3_clmp.fp2_repr.R1.fq.gz out2=fq_fp1_clmp_fp2_fqscrn_repaired/Leq-ABas_053_Ex1_L3_clmp.fp2_repr.R2.fq.gz outs=fq_fp1_clmp_fp2_fqscrn_repaired/orphans/Leq-ABas_053_Ex1_L3_clmp.fp2_repr.orph.fq repair
Executing jgi.SplitPairsAndSingles [rp, in1=fq_fp1_clmp_fp2_fqscrn/Leq-ABas_053_Ex1_L3_clmp.fp2_r1.tagged_filter.fastq.gz, in2=fq_fp1_clmp_fp2_fqscrn/Leq-ABas_053_Ex1_L3_clmp.fp2_r2.tagged_filter.fastq.gz, out1=fq_fp1_clmp_fp2_fqscrn_repaired/Leq-ABas_053_Ex1_L3_clmp.fp2_repr.R1.fq.gz, out2=fq_fp1_clmp_fp2_fqscrn_repaired/Leq-ABas_053_Ex1_L3_clmp.fp2_repr.R2.fq.gz, outs=fq_fp1_clmp_fp2_fqscrn_repaired/orphans/Leq-ABas_053_Ex1_L3_clmp.fp2_repr.orph.fq, repair]

Set INTERLEAVED to false
Started output stream.

Input:                  	33701976 reads 		4733443683 bases.
Result:                 	33701976 reads (100.00%) 	4733443683 bases (100.00%)
Pairs:                  	32360550 reads (96.02%) 	4544425624 bases (96.01%)
Singletons:             	1341426 reads (3.98%) 	189018059 bases (3.99%)

Time:                         	661.417 seconds.
Reads Processed:      33701k 	50.95k reads/sec
Bases Processed:       4733m 	7.16m bases/sec
